TIME,take TIME (seconds)
read results2602/20260209_090134_scanAz_slow.txt,0.0098
results2602/20260209S090135.772958E090135.772958_scanAz_slow.dat,3.0469
results2602/20260209S090136.835942E090136.835942_scanAz_slow.dat,3.0189
results2602/20260209S090137.795450E090137.795450_scanAz_slow.dat,3.0173
results2602/20260209S090138.752705E090138.752705_scanAz_slow.dat,3.0323
results2602/20260209S090139.713082E090139.713082_scanAz_slow.dat,3.0340
results2602/20260209S090140.671920E090140.671920_scanAz_slow.dat,2.9683
results2602/20260209S090141.632061E090141.632061_scanAz_slow.dat,2.9885
results2602/20260209S090142.592118E090142.592118_scanAz_slow.dat,3.0222
results2602/20260209S090143.555119E090143.555119_scanAz_slow.dat,2.9796
results2602/20260209S090144.516520E090144.516520_scanAz_slow.dat,2.9844
results2602/20260209S090145.476377E090145.476377_scanAz_slow.dat,2.9750
results2602/20260209S090146.432966E090146.432966_scanAz_slow.dat,2.9490
results2602/20260209S090147.393791E090147.393791_scanAz_slow.dat,2.9698
results2602/20260209S090148.355180E090148.355180_scanAz_slow.dat,2.9544
results2602/20260209S090149.315818E090149.315818_scanAz_slow.dat,2.9837
results2602/20260209S090150.275177E090150.275177_scanAz_slow.dat,3.0075
results2602/20260209S090151.234347E090151.234347_scanAz_slow.dat,2.9527
results2602/20260209S090152.194844E090152.194844_scanAz_slow.dat,2.9738
results2602/20260209S090153.153583E090153.153583_scanAz_slow.dat,3.0018
results2602/20260209S090154.116740E090154.116740_scanAz_slow.dat,3.0239
results2602/20260209S090155.075217E090155.075217_scanAz_slow.dat,3.0236
results2602/20260209S090156.035973E090156.035973_scanAz_slow.dat,3.0112
results2602/20260209S090156.996207E090156.996207_scanAz_slow.dat,3.0239
results2602/20260209S090157.951039E090157.951039_scanAz_slow.dat,2.9993
results2602/20260209S090158.912294E090158.912294_scanAz_slow.dat,3.0207
results2602/20260209S090159.872142E090159.872142_scanAz_slow.dat,2.9700
results2602/20260209S090200.837325E090200.837325_scanAz_slow.dat,3.0187
results2602/20260209S090201.796845E090201.796845_scanAz_slow.dat,3.0328
results2602/20260209S090202.756097E090202.756097_scanAz_slow.dat,3.0394
results2602/20260209S090203.712366E090203.712366_scanAz_slow.dat,2.9661
results2602/20260209S090204.671538E090204.671538_scanAz_slow.dat,3.0238
results2602/20260209S090205.634674E090205.634674_scanAz_slow.dat,2.9760
results2602/20260209S090206.595499E090206.595499_scanAz_slow.dat,3.0170
results2602/20260209S090207.555217E090207.555217_scanAz_slow.dat,3.0173
results2602/20260209S090208.514374E090208.514374_scanAz_slow.dat,3.0254
results2602/20260209S090209.471127E090209.471127_scanAz_slow.dat,2.9940
results2602/20260209S090210.430912E090210.430912_scanAz_slow.dat,3.0008
results2602/20260209S090211.397401E090211.397401_scanAz_slow.dat,3.0477
results2602/20260209S090212.351429E090212.351429_scanAz_slow.dat,3.0536
results2602/20260209S090213.312247E090213.312247_scanAz_slow.dat,3.0406
results2602/20260209S090214.274109E090214.274109_scanAz_slow.dat,3.0137
results2602/20260209S090215.233869E090215.233869_scanAz_slow.dat,3.0260
results2602/20260209S090216.196022E090216.196022_scanAz_slow.dat,3.0013
results2602/20260209S090217.151041E090217.151041_scanAz_slow.dat,3.0221
results2602/20260209S090218.112205E090218.112205_scanAz_slow.dat,3.0152
results2602/20260209S090219.075164E090219.075164_scanAz_slow.dat,3.0315
results2602/20260209S090220.033773E090220.033773_scanAz_slow.dat,3.0289
results2602/20260209S090220.995401E090220.995401_scanAz_slow.dat,3.0397
results2602/20260209S090221.953947E090221.953947_scanAz_slow.dat,3.0460
results2602/20260209S090222.912557E090222.912557_scanAz_slow.dat,3.0075
results2602/20260209S090223.872067E090223.872067_scanAz_slow.dat,3.0319
results2602/20260209S090224.831615E090224.831615_scanAz_slow.dat,3.0912
results2602/20260209S090225.795367E090225.795367_scanAz_slow.dat,3.0813
results2602/20260209S090226.755334E090226.755334_scanAz_slow.dat,3.0092
results2602/20260209S090227.717010E090227.717010_scanAz_slow.dat,3.1219
results2602/20260209S090228.672828E090228.672828_scanAz_slow.dat,3.1599
results2602/20260209S090229.632538E090229.632538_scanAz_slow.dat,3.0414
results2602/20260209S090230.592050E090230.592050_scanAz_slow.dat,3.1125
results2602/20260209S090231.555200E090231.555200_scanAz_slow.dat,3.1114
results2602/20260209S090232.511384E090232.511384_scanAz_slow.dat,3.1154
results2602/20260209S090233.472713E090233.472713_scanAz_slow.dat,3.2319
results2602/20260209S090234.434057E090234.434057_scanAz_slow.dat,3.0667
results2602/20260209S090235.397196E090235.397196_scanAz_slow.dat,3.0228
results2602/20260209S090236.351807E090236.351807_scanAz_slow.dat,3.1425
results2602/20260209S090237.312475E090237.312475_scanAz_slow.dat,2.9204
results2602/20260209S090238.274681E090238.274681_scanAz_slow.dat,3.0686
results2602/20260209S090239.232595E090239.232595_scanAz_slow.dat,3.0892
results2602/20260209S090240.192334E090240.192334_scanAz_slow.dat,3.0551
results2602/20260209S090241.152404E090241.152404_scanAz_slow.dat,3.0019
results2602/20260209S090242.114443E090242.114443_scanAz_slow.dat,2.9470
results2602/20260209S090243.074310E090243.074310_scanAz_slow.dat,2.9855
results2602/20260209S090244.032809E090244.032809_scanAz_slow.dat,3.1620
results2602/20260209S090244.992663E090244.992663_scanAz_slow.dat,3.0894
results2602/20260209S090245.952048E090245.952048_scanAz_slow.dat,3.0830
results2602/20260209S090246.913720E090246.913720_scanAz_slow.dat,3.0952
results2602/20260209S090247.874028E090247.874028_scanAz_slow.dat,3.1449
results2602/20260209S090248.834376E090248.834376_scanAz_slow.dat,3.0409
results2602/20260209S090249.792534E090249.792534_scanAz_slow.dat,3.0628
results2602/20260209S090250.752915E090250.752915_scanAz_slow.dat,3.0645
results2602/20260209S090251.712043E090251.712043_scanAz_slow.dat,3.0689
results2602/20260209S090252.674685E090252.674685_scanAz_slow.dat,3.0820
results2602/20260209S090253.634669E090253.634669_scanAz_slow.dat,3.2275
results2602/20260209S090254.595469E090254.595469_scanAz_slow.dat,3.2874
results2602/20260209S090255.555547E090255.555547_scanAz_slow.dat,3.5069
results2602/20260209S090256.511121E090256.511121_scanAz_slow.dat,3.7747
results2602/20260209S090257.477134E090257.477134_scanAz_slow.dat,3.6765
results2602/20260209S090258.436045E090258.436045_scanAz_slow.dat,3.6224
results2602/20260209S090259.396538E090259.396538_scanAz_slow.dat,3.8278
results2602/20260209S090300.355814E090300.355814_scanAz_slow.dat,3.7164
results2602/20260209S090301.314691E090301.314691_scanAz_slow.dat,3.3034
results2602/20260209S090302.272642E090302.272642_scanAz_slow.dat,3.6545
results2602/20260209S090303.232942E090303.232942_scanAz_slow.dat,3.4363
results2602/20260209S090304.193485E090304.193485_scanAz_slow.dat,3.7709
results2602/20260209S090305.152289E090305.152289_scanAz_slow.dat,3.3326
results2602/20260209S090306.121866E090306.121866_scanAz_slow.dat,3.6751
results2602/20260209S090307.074632E090307.074632_scanAz_slow.dat,3.9168
results2602/20260209S090308.034460E090308.034460_scanAz_slow.dat,3.6944
results2602/20260209S090308.994187E090308.994187_scanAz_slow.dat,3.6025
results2602/20260209S090309.954099E090309.954099_scanAz_slow.dat,3.6543
results2602/20260209S090310.912797E090310.912797_scanAz_slow.dat,3.7693
results2602/20260209S090311.875632E090311.875632_scanAz_slow.dat,3.5091
results2602/20260209S090312.835042E090312.835042_scanAz_slow.dat,3.7578
results2602/20260209S090313.796399E090313.796399_scanAz_slow.dat,3.7256
results2602/20260209S090314.757021E090314.757021_scanAz_slow.dat,3.8747
results2602/20260209S090315.717544E090315.717544_scanAz_slow.dat,3.8721
results2602/20260209S090316.674992E090316.674992_scanAz_slow.dat,3.7217
results2602/20260209S090317.633722E090317.633722_scanAz_slow.dat,3.4542
results2602/20260209S090318.596527E090318.596527_scanAz_slow.dat,3.5113
results2602/20260209S090319.554869E090319.554869_scanAz_slow.dat,3.7167
results2602/20260209S090320.517637E090320.517637_scanAz_slow.dat,3.6983
results2602/20260209S090321.471916E090321.471916_scanAz_slow.dat,3.7005
results2602/20260209S090322.433462E090322.433462_scanAz_slow.dat,3.4107
results2602/20260209S090323.393444E090323.393444_scanAz_slow.dat,3.6296
results2602/20260209S090324.352202E090324.352202_scanAz_slow.dat,3.5461
results2602/20260209S090325.317564E090325.317564_scanAz_slow.dat,3.6694
results2602/20260209S090326.273115E090326.273115_scanAz_slow.dat,3.6301
results2602/20260209S090327.232667E090327.232667_scanAz_slow.dat,3.6162
results2602/20260209S090328.195107E090328.195107_scanAz_slow.dat,4.0009
results2602/20260209S090329.154543E090329.154543_scanAz_slow.dat,4.2843
results2602/20260209S090330.118100E090330.118100_scanAz_slow.dat,4.1408
results2602/20260209S090331.073856E090331.073856_scanAz_slow.dat,4.1560
results2602/20260209S090332.033457E090332.033457_scanAz_slow.dat,4.2909
results2602/20260209S090332.995063E090332.995063_scanAz_slow.dat,4.3749
results2602/20260209S090333.954380E090333.954380_scanAz_slow.dat,4.4041
results2602/20260209S090334.915118E090334.915118_scanAz_slow.dat,3.9537
results2602/20260209S090335.874650E090335.874650_scanAz_slow.dat,4.1095
results2602/20260209S090336.836523E090336.836523_scanAz_slow.dat,4.0953
results2602/20260209S090337.793736E090337.793736_scanAz_slow.dat,4.0684
results2602/20260209S090338.755934E090338.755934_scanAz_slow.dat,4.0238
results2602/20260209S090339.716040E090339.716040_scanAz_slow.dat,4.1156
results2602/20260209S090340.673750E090340.673750_scanAz_slow.dat,4.0331
results2602/20260209S090341.636242E090341.636242_scanAz_slow.dat,4.3909
results2602/20260209S090342.591987E090342.591987_scanAz_slow.dat,4.3233
results2602/20260209S090343.554293E090343.554293_scanAz_slow.dat,4.2295
results2602/20260209S090344.516867E090344.516867_scanAz_slow.dat,4.1599
results2602/20260209S090345.476637E090345.476637_scanAz_slow.dat,4.1054
results2602/20260209S090346.432057E090346.432057_scanAz_slow.dat,4.0280
results2602/20260209S090347.392201E090347.392201_scanAz_slow.dat,4.1348
results2602/20260209S090348.354611E090348.354611_scanAz_slow.dat,3.9651
results2602/20260209S090349.315748E090349.315748_scanAz_slow.dat,4.1765
results2602/20260209S090350.275235E090350.275235_scanAz_slow.dat,4.1348
results2602/20260209S090351.233040E090351.233040_scanAz_slow.dat,4.1995
results2602/20260209S090352.193305E090352.193305_scanAz_slow.dat,4.0463
results2602/20260209S090353.154438E090353.154438_scanAz_slow.dat,4.3905
results2602/20260209S090354.115077E090354.115077_scanAz_slow.dat,4.3248
results2602/20260209S090355.074352E090355.074352_scanAz_slow.dat,4.3289
results2602/20260209S090356.035368E090356.035368_scanAz_slow.dat,4.0538
results2602/20260209S090356.994197E090356.994197_scanAz_slow.dat,4.1930
results2602/20260209S090357.954372E090357.954372_scanAz_slow.dat,4.1312
results2602/20260209S090358.916754E090358.916754_scanAz_slow.dat,4.0941
results2602/20260209S090359.875903E090359.875903_scanAz_slow.dat,3.9988
results2602/20260209S090400.837340E090400.837340_scanAz_slow.dat,4.0034
results2602/20260209S090401.796507E090401.796507_scanAz_slow.dat,4.2533
results2602/20260209S090402.757839E090402.757839_scanAz_slow.dat,4.0777
results2602/20260209S090403.711759E090403.711759_scanAz_slow.dat,4.1178
results2602/20260209S090404.673205E090404.673205_scanAz_slow.dat,4.2637
results2602/20260209S090405.633967E090405.633967_scanAz_slow.dat,4.2819
results2602/20260209S090406.598605E090406.598605_scanAz_slow.dat,4.1039
results2602/20260209S090407.553164E090407.553164_scanAz_slow.dat,4.2513
results2602/20260209S090408.515598E090408.515598_scanAz_slow.dat,4.1079
results2602/20260209S090409.476086E090409.476086_scanAz_slow.dat,4.0794
results2602/20260209S090410.438099E090410.438099_scanAz_slow.dat,4.1543
results2602/20260209S090411.397286E090411.397286_scanAz_slow.dat,4.1711
results2602/20260209S090412.357904E090412.357904_scanAz_slow.dat,4.1160
results2602/20260209S090413.314658E090413.314658_scanAz_slow.dat,4.0798
results2602/20260209S090414.274367E090414.274367_scanAz_slow.dat,4.1389
results2602/20260209S090415.234826E090415.234826_scanAz_slow.dat,4.2465
results2602/20260209S090416.196118E090416.196118_scanAz_slow.dat,4.1553
results2602/20260209S090417.156815E090417.156815_scanAz_slow.dat,4.1149
results2602/20260209S090418.118406E090418.118406_scanAz_slow.dat,4.1374
results2602/20260209S090419.077956E090419.077956_scanAz_slow.dat,4.1506
results2602/20260209S090420.033869E090420.033869_scanAz_slow.dat,4.0666
results2602/20260209S090420.995929E090420.995929_scanAz_slow.dat,4.1422
results2602/20260209S090421.953726E090421.953726_scanAz_slow.dat,4.0634
results2602/20260209S090422.914868E090422.914868_scanAz_slow.dat,4.1671
results2602/20260209S090423.879197E090423.879197_scanAz_slow.dat,4.2210
results2602/20260209S090424.833426E090424.833426_scanAz_slow.dat,4.2757
results2602/20260209S090425.796126E090425.796126_scanAz_slow.dat,3.9968
results2602/20260209S090426.757930E090426.757930_scanAz_slow.dat,4.1351
results2602/20260209S090427.714306E090427.714306_scanAz_slow.dat,4.0365
results2602/20260209S090428.679120E090428.679120_scanAz_slow.dat,4.1250
results2602/20260209S090429.638328E090429.638328_scanAz_slow.dat,4.1759
results2602/20260209S090430.598459E090430.598459_scanAz_slow.dat,4.1323
results2602/20260209S090431.554598E090431.554598_scanAz_slow.dat,4.1086
results2602/20260209S090432.515592E090432.515592_scanAz_slow.dat,4.0412
results2602/20260209S090433.475998E090433.475998_scanAz_slow.dat,4.2171
results2602/20260209S090434.437009E090434.437009_scanAz_slow.dat,4.0447
results2602/20260209S090435.396633E090435.396633_scanAz_slow.dat,4.0882
results2602/20260209S090436.356785E090436.356785_scanAz_slow.dat,4.1804
results2602/20260209S090437.316512E090437.316512_scanAz_slow.dat,3.9589
results2602/20260209S090438.278069E090438.278069_scanAz_slow.dat,4.0970
results2602/20260209S090439.234119E090439.234119_scanAz_slow.dat,4.2452
results2602/20260209S090440.194231E090440.194231_scanAz_slow.dat,4.2981
results2602/20260209S090441.155342E090441.155342_scanAz_slow.dat,4.2443
results2602/20260209S090442.118379E090442.118379_scanAz_slow.dat,4.2277
results2602/20260209S090443.077384E090443.077384_scanAz_slow.dat,4.2786
results2602/20260209S090444.034072E090444.034072_scanAz_slow.dat,4.2282
results2602/20260209S090444.994151E090444.994151_scanAz_slow.dat,4.1728
results2602/20260209S090445.955190E090445.955190_scanAz_slow.dat,4.0793
results2602/20260209S090446.917808E090446.917808_scanAz_slow.dat,4.1445
results2602/20260209S090447.877581E090447.877581_scanAz_slow.dat,4.0916
results2602/20260209S090448.837576E090448.837576_scanAz_slow.dat,4.0146
results2602/20260209S090449.797618E090449.797618_scanAz_slow.dat,4.2277
results2602/20260209S090450.759045E090450.759045_scanAz_slow.dat,4.2972
results2602/20260209S090451.719089E090451.719089_scanAz_slow.dat,4.2297
results2602/20260209S090452.678472E090452.678472_scanAz_slow.dat,4.2598
results2602/20260209S090453.638806E090453.638806_scanAz_slow.dat,4.1655
results2602/20260209S090454.598726E090454.598726_scanAz_slow.dat,4.4470
results2602/20260209S090455.555398E090455.555398_scanAz_slow.dat,4.0661
results2602/20260209S090456.513993E090456.513993_scanAz_slow.dat,4.2180
results2602/20260209S090457.476157E090457.476157_scanAz_slow.dat,4.1078
results2602/20260209S090458.439060E090458.439060_scanAz_slow.dat,3.9547
results2602/20260209S090459.393845E090459.393845_scanAz_slow.dat,3.9520
results2602/20260209S090500.357896E090500.357896_scanAz_slow.dat,4.1753
results2602/20260209S090501.318731E090501.318731_scanAz_slow.dat,4.3027
results2602/20260209S090502.279246E090502.279246_scanAz_slow.dat,4.2990
results2602/20260209S090503.236443E090503.236443_scanAz_slow.dat,4.1293
results2602/20260209S090504.199297E090504.199297_scanAz_slow.dat,4.1428
results2602/20260209S090505.158809E090505.158809_scanAz_slow.dat,4.1712
results2602/20260209S090506.113783E090506.113783_scanAz_slow.dat,4.2935
results2602/20260209S090507.075800E090507.075800_scanAz_slow.dat,4.1046
results2602/20260209S090508.036875E090508.036875_scanAz_slow.dat,4.1144
results2602/20260209S090508.992747E090508.992747_scanAz_slow.dat,4.0975
results2602/20260209S090509.959000E090509.959000_scanAz_slow.dat,4.1747
results2602/20260209S090510.913066E090510.913066_scanAz_slow.dat,4.1512
results2602/20260209S090511.879283E090511.879283_scanAz_slow.dat,4.3005
results2602/20260209S090512.835383E090512.835383_scanAz_slow.dat,4.1796
results2602/20260209S090513.797856E090513.797856_scanAz_slow.dat,4.1410
results2602/20260209S090514.755570E090514.755570_scanAz_slow.dat,4.2966
results2602/20260209S090515.716527E090515.716527_scanAz_slow.dat,4.1808
results2602/20260209S090516.677554E090516.677554_scanAz_slow.dat,4.2161
results2602/20260209S090517.639545E090517.639545_scanAz_slow.dat,4.1330
results2602/20260209S090518.599132E090518.599132_scanAz_slow.dat,4.1918
results2602/20260209S090519.557745E090519.557745_scanAz_slow.dat,4.0638
results2602/20260209S090520.516644E090520.516644_scanAz_slow.dat,4.2945
results2602/20260209S090521.473398E090521.473398_scanAz_slow.dat,4.3210
results2602/20260209S090522.439153E090522.439153_scanAz_slow.dat,4.0121
results2602/20260209S090523.399496E090523.399496_scanAz_slow.dat,4.1141
results2602/20260209S090524.358033E090524.358033_scanAz_slow.dat,4.1266
results2602/20260209S090525.317141E090525.317141_scanAz_slow.dat,4.2922
results2602/20260209S090526.278084E090526.278084_scanAz_slow.dat,4.2760
results2602/20260209S090527.239741E090527.239741_scanAz_slow.dat,4.2911
results2602/20260209S090528.195028E090528.195028_scanAz_slow.dat,4.2781
results2602/20260209S090529.157991E090529.157991_scanAz_slow.dat,4.2785
results2602/20260209S090530.114892E090530.114892_scanAz_slow.dat,4.3193
results2602/20260209S090531.078127E090531.078127_scanAz_slow.dat,4.2301
results2602/20260209S090532.039794E090532.039794_scanAz_slow.dat,4.1531
results2602/20260209S090532.994750E090532.994750_scanAz_slow.dat,4.2811
results2602/20260209S090533.954023E090533.954023_scanAz_slow.dat,4.0246
results2602/20260209S090534.915154E090534.915154_scanAz_slow.dat,4.3232
results2602/20260209S090535.875116E090535.875116_scanAz_slow.dat,4.1789
results2602/20260209S090536.834318E090536.834318_scanAz_slow.dat,4.2839
results2602/20260209S090537.795109E090537.795109_scanAz_slow.dat,4.0736
results2602/20260209S090538.757497E090538.757497_scanAz_slow.dat,4.2194
results2602/20260209S090539.718218E090539.718218_scanAz_slow.dat,4.2270
results2602/20260209S090540.676376E090540.676376_scanAz_slow.dat,4.2800
results2602/20260209S090541.636525E090541.636525_scanAz_slow.dat,4.2863
results2602/20260209S090542.596463E090542.596463_scanAz_slow.dat,4.0528
results2602/20260209S090543.556443E090543.556443_scanAz_slow.dat,4.3464
results2602/20260209S090544.518052E090544.518052_scanAz_slow.dat,4.2065
results2602/20260209S090545.476706E090545.476706_scanAz_slow.dat,4.1143
results2602/20260209S090546.436718E090546.436718_scanAz_slow.dat,4.2016
results2602/20260209S090547.397476E090547.397476_scanAz_slow.dat,4.2758
results2602/20260209S090548.357437E090548.357437_scanAz_slow.dat,4.1318
results2602/20260209S090549.317971E090549.317971_scanAz_slow.dat,4.1156
results2602/20260209S090550.274203E090550.274203_scanAz_slow.dat,4.1143
results2602/20260209S090551.235075E090551.235075_scanAz_slow.dat,4.0591
results2602/20260209S090552.197143E090552.197143_scanAz_slow.dat,4.2076
results2602/20260209S090553.157264E090553.157264_scanAz_slow.dat,4.1593
results2602/20260209S090554.119345E090554.119345_scanAz_slow.dat,4.1349
results2602/20260209S090555.073774E090555.073774_scanAz_slow.dat,4.1824
results2602/20260209S090556.039108E090556.039108_scanAz_slow.dat,4.2097
results2602/20260209S090556.999116E090556.999116_scanAz_slow.dat,4.2661
results2602/20260209S090557.958153E090557.958153_scanAz_slow.dat,4.4742
results2602/20260209S090558.915790E090558.915790_scanAz_slow.dat,4.1519
results2602/20260209S090559.877467E090559.877467_scanAz_slow.dat,4.0708
results2602/20260209S090600.839886E090600.839886_scanAz_slow.dat,4.1886
results2602/20260209S090601.798644E090601.798644_scanAz_slow.dat,4.3205
results2602/20260209S090602.759131E090602.759131_scanAz_slow.dat,4.2406
results2602/20260209S090603.717597E090603.717597_scanAz_slow.dat,4.3100
results2602/20260209S090604.677335E090604.677335_scanAz_slow.dat,4.2359
results2602/20260209S090605.638055E090605.638055_scanAz_slow.dat,4.1253
results2602/20260209S090606.598545E090606.598545_scanAz_slow.dat,4.0956
results2602/20260209S090607.558577E090607.558577_scanAz_slow.dat,4.3265
results2602/20260209S090608.518679E090608.518679_scanAz_slow.dat,4.3177
results2602/20260209S090609.476704E090609.476704_scanAz_slow.dat,4.0700
results2602/20260209S090610.437329E090610.437329_scanAz_slow.dat,4.1269
results2602/20260209S090611.396611E090611.396611_scanAz_slow.dat,4.1315
results2602/20260209S090612.355360E090612.355360_scanAz_slow.dat,4.1745
results2602/20260209S090613.319283E090613.319283_scanAz_slow.dat,4.1156
results2602/20260209S090614.280119E090614.280119_scanAz_slow.dat,4.0647
results2602/20260209S090615.235675E090615.235675_scanAz_slow.dat,4.1194
results2602/20260209S090616.195911E090616.195911_scanAz_slow.dat,4.0514
results2602/20260209S090617.158341E090617.158341_scanAz_slow.dat,4.2164
results2602/20260209S090618.117591E090618.117591_scanAz_slow.dat,4.2157
results2602/20260209S090619.078682E090619.078682_scanAz_slow.dat,4.0196
results2602/20260209S090620.038813E090620.038813_scanAz_slow.dat,4.3044
results2602/20260209S090620.998734E090620.998734_scanAz_slow.dat,3.9828
results2602/20260209S090621.957481E090621.957481_scanAz_slow.dat,4.1867
results2602/20260209S090622.916453E090622.916453_scanAz_slow.dat,4.2438
results2602/20260209S090623.876800E090623.876800_scanAz_slow.dat,4.3453
results2602/20260209S090624.837074E090624.837074_scanAz_slow.dat,4.0919
results2602/20260209S090625.798226E090625.798226_scanAz_slow.dat,4.1421
results2602/20260209S090626.756160E090626.756160_scanAz_slow.dat,4.1405
results2602/20260209S090627.719221E090627.719221_scanAz_slow.dat,4.0660
results2602/20260209S090628.675117E090628.675117_scanAz_slow.dat,4.2952
results2602/20260209S090629.636293E090629.636293_scanAz_slow.dat,4.3250
results2602/20260209S090630.597985E090630.597985_scanAz_slow.dat,4.2013
results2602/20260209S090631.557752E090631.557752_scanAz_slow.dat,4.3427
results2602/20260209S090632.516704E090632.516704_scanAz_slow.dat,4.2950
results2602/20260209S090633.477355E090633.477355_scanAz_slow.dat,4.0892
results2602/20260209S090634.440097E090634.440097_scanAz_slow.dat,4.3020
results2602/20260209S090635.398856E090635.398856_scanAz_slow.dat,4.0687
results2602/20260209S090636.358683E090636.358683_scanAz_slow.dat,4.0946
results2602/20260209S090637.320488E090637.320488_scanAz_slow.dat,4.1022
results2602/20260209S090638.275351E090638.275351_scanAz_slow.dat,4.0612
results2602/20260209S090639.240682E090639.240682_scanAz_slow.dat,3.9054
results2602/20260209S090640.200971E090640.200971_scanAz_slow.dat,4.0308
results2602/20260209S090641.159962E090641.159962_scanAz_slow.dat,4.2312
results2602/20260209S090642.118717E090642.118717_scanAz_slow.dat,4.2229
results2602/20260209S090643.079247E090643.079247_scanAz_slow.dat,4.2546
results2602/20260209S090644.039037E090644.039037_scanAz_slow.dat,4.2330
results2602/20260209S090644.999026E090644.999026_scanAz_slow.dat,4.2266
results2602/20260209S090645.960406E090645.960406_scanAz_slow.dat,3.9838
results2602/20260209S090646.915232E090646.915232_scanAz_slow.dat,4.0769
results2602/20260209S090647.876416E090647.876416_scanAz_slow.dat,4.3755
results2602/20260209S090648.837833E090648.837833_scanAz_slow.dat,4.1403
results2602/20260209S090649.800256E090649.800256_scanAz_slow.dat,4.0991
results2602/20260209S090650.756167E090650.756167_scanAz_slow.dat,4.1876
results2602/20260209S090651.719279E090651.719279_scanAz_slow.dat,3.9025
results2602/20260209S090652.680771E090652.680771_scanAz_slow.dat,3.8232
results2602/20260209S090653.640324E090653.640324_scanAz_slow.dat,3.9040
results2602/20260209S090654.600033E090654.600033_scanAz_slow.dat,4.0500
results2602/20260209S090655.556057E090655.556057_scanAz_slow.dat,4.3412
results2602/20260209S090656.516436E090656.516436_scanAz_slow.dat,4.3541
results2602/20260209S090657.479119E090657.479119_scanAz_slow.dat,4.1934
results2602/20260209S090658.440364E090658.440364_scanAz_slow.dat,4.1559
results2602/20260209S090659.399874E090659.399874_scanAz_slow.dat,4.2123
results2602/20260209S090700.361169E090700.361169_scanAz_slow.dat,4.2632
results2602/20260209S090701.319965E090701.319965_scanAz_slow.dat,4.2401
results2602/20260209S090702.278504E090702.278504_scanAz_slow.dat,4.1492
results2602/20260209S090703.238139E090703.238139_scanAz_slow.dat,4.0739
results2602/20260209S090704.198487E090704.198487_scanAz_slow.dat,4.3196
results2602/20260209S090705.157999E090705.157999_scanAz_slow.dat,4.1657
results2602/20260209S090706.116529E090706.116529_scanAz_slow.dat,4.0985
results2602/20260209S090707.076450E090707.076450_scanAz_slow.dat,4.0463
results2602/20260209S090708.039384E090708.039384_scanAz_slow.dat,4.2221
results2602/20260209S090709.000883E090709.000883_scanAz_slow.dat,4.2213
results2602/20260209S090709.960353E090709.960353_scanAz_slow.dat,4.1796
results2602/20260209S090710.916111E090710.916111_scanAz_slow.dat,4.1438
results2602/20260209S090711.876428E090711.876428_scanAz_slow.dat,4.2517
results2602/20260209S090712.839348E090712.839348_scanAz_slow.dat,4.0934
results2602/20260209S090713.798581E090713.798581_scanAz_slow.dat,3.9599
results2602/20260209S090714.759206E090714.759206_scanAz_slow.dat,3.9933
results2602/20260209S090715.716676E090715.716676_scanAz_slow.dat,4.2485
results2602/20260209S090716.679146E090716.679146_scanAz_slow.dat,4.1387
results2602/20260209S090717.638950E090717.638950_scanAz_slow.dat,4.1345
results2602/20260209S090718.597986E090718.597986_scanAz_slow.dat,4.2075
results2602/20260209S090719.556570E090719.556570_scanAz_slow.dat,4.2239
results2602/20260209S090720.519880E090720.519880_scanAz_slow.dat,3.8062
results2602/20260209S090721.481266E090721.481266_scanAz_slow.dat,4.1700
results2602/20260209S090722.441016E090722.441016_scanAz_slow.dat,4.1664
results2602/20260209S090723.401021E090723.401021_scanAz_slow.dat,4.1718
results2602/20260209S090724.360167E090724.360167_scanAz_slow.dat,4.2531
results2602/20260209S090725.321019E090725.321019_scanAz_slow.dat,4.2159
results2602/20260209S090726.281089E090726.281089_scanAz_slow.dat,4.2749
results2602/20260209S090727.241012E090727.241012_scanAz_slow.dat,4.1349
results2602/20260209S090728.200353E090728.200353_scanAz_slow.dat,4.2510
results2602/20260209S090729.158725E090729.158725_scanAz_slow.dat,4.2623
results2602/20260209S090730.118109E090730.118109_scanAz_slow.dat,4.2905
results2602/20260209S090731.079306E090731.079306_scanAz_slow.dat,4.1601
results2602/20260209S090732.038453E090732.038453_scanAz_slow.dat,4.2670
results2602/20260209S090733.000930E090733.000930_scanAz_slow.dat,4.1214
results2602/20260209S090733.958929E090733.958929_scanAz_slow.dat,3.9689
results2602/20260209S090734.916531E090734.916531_scanAz_slow.dat,4.3399
results2602/20260209S090735.877077E090735.877077_scanAz_slow.dat,4.4637
results2602/20260209S090736.838274E090736.838274_scanAz_slow.dat,4.2693
results2602/20260209S090737.799973E090737.799973_scanAz_slow.dat,4.3090
results2602/20260209S090738.760574E090738.760574_scanAz_slow.dat,4.2841
results2602/20260209S090739.716560E090739.716560_scanAz_slow.dat,4.3099
results2602/20260209S090740.681033E090740.681033_scanAz_slow.dat,4.2328
results2602/20260209S090741.636527E090741.636527_scanAz_slow.dat,4.1656
results2602/20260209S090742.597184E090742.597184_scanAz_slow.dat,4.1551
results2602/20260209S090743.561467E090743.561467_scanAz_slow.dat,3.9373
results2602/20260209S090744.519819E090744.519819_scanAz_slow.dat,4.2422
results2602/20260209S090745.479411E090745.479411_scanAz_slow.dat,4.1568
results2602/20260209S090746.437142E090746.437142_scanAz_slow.dat,4.1568
results2602/20260209S090747.401050E090747.401050_scanAz_slow.dat,4.1368
results2602/20260209S090748.360533E090748.360533_scanAz_slow.dat,4.0232
results2602/20260209S090749.321346E090749.321346_scanAz_slow.dat,4.0157
results2602/20260209S090750.277409E090750.277409_scanAz_slow.dat,4.1284
results2602/20260209S090751.237011E090751.237011_scanAz_slow.dat,3.9604
results2602/20260209S090752.200900E090752.200900_scanAz_slow.dat,4.2658
results2602/20260209S090753.160297E090753.160297_scanAz_slow.dat,4.4148
results2602/20260209S090754.119979E090754.119979_scanAz_slow.dat,4.2296
results2602/20260209S090755.078991E090755.078991_scanAz_slow.dat,4.2612
results2602/20260209S090756.037017E090756.037017_scanAz_slow.dat,4.2537
results2602/20260209S090756.998526E090756.998526_scanAz_slow.dat,4.3017
results2602/20260209S090757.956958E090757.956958_scanAz_slow.dat,4.1419
results2602/20260209S090758.917283E090758.917283_scanAz_slow.dat,4.3123
results2602/20260209S090759.881293E090759.881293_scanAz_slow.dat,4.0613
results2602/20260209S090800.841481E090800.841481_scanAz_slow.dat,4.2627
results2602/20260209S090801.797143E090801.797143_scanAz_slow.dat,4.4281
results2602/20260209S090802.760822E090802.760822_scanAz_slow.dat,4.0618
results2602/20260209S090803.719871E090803.719871_scanAz_slow.dat,4.1379
results2602/20260209S090804.679027E090804.679027_scanAz_slow.dat,4.0896
results2602/20260209S090805.640130E090805.640130_scanAz_slow.dat,4.1593
results2602/20260209S090806.599173E090806.599173_scanAz_slow.dat,4.0629
results2602/20260209S090807.557642E090807.557642_scanAz_slow.dat,4.2077
results2602/20260209S090808.515837E090808.515837_scanAz_slow.dat,4.2449
results2602/20260209S090809.475678E090809.475678_scanAz_slow.dat,4.0841
results2602/20260209S090810.438651E090810.438651_scanAz_slow.dat,4.2228
results2602/20260209S090811.398770E090811.398770_scanAz_slow.dat,4.0390
results2602/20260209S090812.361304E090812.361304_scanAz_slow.dat,3.9510
results2602/20260209S090813.321140E090813.321140_scanAz_slow.dat,4.1102
results2602/20260209S090814.277189E090814.277189_scanAz_slow.dat,4.1622
results2602/20260209S090815.241525E090815.241525_scanAz_slow.dat,3.9973
results2602/20260209S090816.201048E090816.201048_scanAz_slow.dat,4.2493
results2602/20260209S090817.157549E090817.157549_scanAz_slow.dat,4.3406
results2602/20260209S090818.118711E090818.118711_scanAz_slow.dat,4.0705
results2602/20260209S090819.077531E090819.077531_scanAz_slow.dat,4.1885
results2602/20260209S090820.040359E090820.040359_scanAz_slow.dat,3.8608
results2602/20260209S090821.001774E090821.001774_scanAz_slow.dat,4.2606
results2602/20260209S090821.958471E090821.958471_scanAz_slow.dat,4.0442
results2602/20260209S090822.919371E090822.919371_scanAz_slow.dat,4.0064
results2602/20260209S090823.881009E090823.881009_scanAz_slow.dat,4.2908
results2602/20260209S090824.841532E090824.841532_scanAz_slow.dat,4.0988
results2602/20260209S090825.800862E090825.800862_scanAz_slow.dat,4.1382
results2602/20260209S090826.759122E090826.759122_scanAz_slow.dat,4.1387
results2602/20260209S090827.720009E090827.720009_scanAz_slow.dat,4.1310
results2602/20260209S090828.680496E090828.680496_scanAz_slow.dat,4.2099
results2602/20260209S090829.640109E090829.640109_scanAz_slow.dat,4.1189
results2602/20260209S090830.599468E090830.599468_scanAz_slow.dat,4.2856
results2602/20260209S090831.561051E090831.561051_scanAz_slow.dat,4.2360
results2602/20260209S090832.520560E090832.520560_scanAz_slow.dat,4.0239
results2602/20260209S090833.481171E090833.481171_scanAz_slow.dat,4.0722
results2602/20260209S090834.441248E090834.441248_scanAz_slow.dat,3.9686
results2602/20260209S090835.401888E090835.401888_scanAz_slow.dat,4.1764
results2602/20260209S090836.360608E090836.360608_scanAz_slow.dat,4.4998
results2602/20260209S090837.317780E090837.317780_scanAz_slow.dat,4.2990
results2602/20260209S090838.279665E090838.279665_scanAz_slow.dat,4.0914
results2602/20260209S090839.237912E090839.237912_scanAz_slow.dat,4.2272
results2602/20260209S090840.200924E090840.200924_scanAz_slow.dat,3.9900
results2602/20260209S090841.158104E090841.158104_scanAz_slow.dat,4.1665
results2602/20260209S090842.120728E090842.120728_scanAz_slow.dat,4.1076
results2602/20260209S090843.080973E090843.080973_scanAz_slow.dat,4.1644
results2602/20260209S090844.040305E090844.040305_scanAz_slow.dat,4.3079
results2602/20260209S090845.001102E090845.001102_scanAz_slow.dat,4.1157
results2602/20260209S090845.958765E090845.958765_scanAz_slow.dat,4.4469
results2602/20260209S090846.919335E090846.919335_scanAz_slow.dat,4.2974
results2602/20260209S090847.879314E090847.879314_scanAz_slow.dat,4.2255
results2602/20260209S090848.837781E090848.837781_scanAz_slow.dat,4.2905
results2602/20260209S090849.796800E090849.796800_scanAz_slow.dat,4.2175
results2602/20260209S090850.758027E090850.758027_scanAz_slow.dat,4.2637
results2602/20260209S090851.721365E090851.721365_scanAz_slow.dat,3.9670
results2602/20260209S090852.680091E090852.680091_scanAz_slow.dat,4.4467
results2602/20260209S090853.642128E090853.642128_scanAz_slow.dat,4.2133
results2602/20260209S090854.598426E090854.598426_scanAz_slow.dat,4.2603
results2602/20260209S090855.562378E090855.562378_scanAz_slow.dat,4.2135
results2602/20260209S090856.521871E090856.521871_scanAz_slow.dat,4.1482
results2602/20260209S090857.480789E090857.480789_scanAz_slow.dat,4.0282
results2602/20260209S090858.441659E090858.441659_scanAz_slow.dat,4.1712
results2602/20260209S090859.395756E090859.395756_scanAz_slow.dat,4.1294
results2602/20260209S090900.356374E090900.356374_scanAz_slow.dat,4.1294
results2602/20260209S090901.322732E090901.322732_scanAz_slow.dat,4.1758
results2602/20260209S090902.278527E090902.278527_scanAz_slow.dat,4.1610
results2602/20260209S090903.240196E090903.240196_scanAz_slow.dat,4.2073
results2602/20260209S090904.201952E090904.201952_scanAz_slow.dat,4.3106
results2602/20260209S090905.156024E090905.156024_scanAz_slow.dat,4.2779
results2602/20260209S090906.122242E090906.122242_scanAz_slow.dat,4.2884
results2602/20260209S090907.080769E090907.080769_scanAz_slow.dat,4.2962
results2602/20260209S090908.041315E090908.041315_scanAz_slow.dat,4.0757
results2602/20260209S090909.001892E090909.001892_scanAz_slow.dat,4.2303
results2602/20260209S090909.957748E090909.957748_scanAz_slow.dat,4.1907
results2602/20260209S090910.920586E090910.920586_scanAz_slow.dat,4.0647
results2602/20260209S090911.881790E090911.881790_scanAz_slow.dat,3.9702
results2602/20260209S090912.840790E090912.840790_scanAz_slow.dat,4.0424
results2602/20260209S090913.801277E090913.801277_scanAz_slow.dat,4.1261
results2602/20260209S090914.763774E090914.763774_scanAz_slow.dat,4.2764
results2602/20260209S090915.720334E090915.720334_scanAz_slow.dat,4.2941
results2602/20260209S090916.682403E090916.682403_scanAz_slow.dat,4.1383
results2602/20260209S090917.642866E090917.642866_scanAz_slow.dat,4.1909
results2602/20260209S090918.596614E090918.596614_scanAz_slow.dat,4.1998
results2602/20260209S090919.555916E090919.555916_scanAz_slow.dat,4.3090
results2602/20260209S090920.518251E090920.518251_scanAz_slow.dat,4.0927
results2602/20260209S090921.480017E090921.480017_scanAz_slow.dat,4.1417
results2602/20260209S090922.440835E090922.440835_scanAz_slow.dat,4.1278
results2602/20260209S090923.401228E090923.401228_scanAz_slow.dat,4.2135
results2602/20260209S090924.359953E090924.359953_scanAz_slow.dat,4.0572
results2602/20260209S090925.321140E090925.321140_scanAz_slow.dat,4.1218
results2602/20260209S090926.279923E090926.279923_scanAz_slow.dat,4.2081
results2602/20260209S090927.240976E090927.240976_scanAz_slow.dat,4.1127
results2602/20260209S090928.201497E090928.201497_scanAz_slow.dat,4.2333
results2602/20260209S090929.161319E090929.161319_scanAz_slow.dat,4.1114
results2602/20260209S090930.116077E090930.116077_scanAz_slow.dat,4.2094
results2602/20260209S090931.078212E090931.078212_scanAz_slow.dat,4.1325
results2602/20260209S090932.041736E090932.041736_scanAz_slow.dat,4.4285
results2602/20260209S090933.001251E090933.001251_scanAz_slow.dat,4.3809
results2602/20260209S090933.961605E090933.961605_scanAz_slow.dat,4.3386
results2602/20260209S090934.923187E090934.923187_scanAz_slow.dat,4.1707
results2602/20260209S090935.878620E090935.878620_scanAz_slow.dat,4.1390
results2602/20260209S090936.840510E090936.840510_scanAz_slow.dat,4.2453
results2602/20260209S090937.798319E090937.798319_scanAz_slow.dat,4.3597
results2602/20260209S090938.761528E090938.761528_scanAz_slow.dat,4.3048
results2602/20260209S090939.718921E090939.718921_scanAz_slow.dat,4.1815
results2602/20260209S090940.679980E090940.679980_scanAz_slow.dat,4.1410
results2602/20260209S090941.639585E090941.639585_scanAz_slow.dat,4.0760
results2602/20260209S090942.602067E090942.602067_scanAz_slow.dat,4.2068
results2602/20260209S090943.562117E090943.562117_scanAz_slow.dat,4.0154
results2602/20260209S090944.519156E090944.519156_scanAz_slow.dat,4.2310
results2602/20260209S090945.482638E090945.482638_scanAz_slow.dat,4.1905
results2602/20260209S090946.442073E090946.442073_scanAz_slow.dat,4.0277
results2602/20260209S090947.400751E090947.400751_scanAz_slow.dat,4.1877
results2602/20260209S090948.358472E090948.358472_scanAz_slow.dat,4.0160
results2602/20260209S090949.321751E090949.321751_scanAz_slow.dat,4.2130
results2602/20260209S090950.283779E090950.283779_scanAz_slow.dat,4.1788
results2602/20260209S090951.238731E090951.238731_scanAz_slow.dat,4.1572
results2602/20260209S090952.198278E090952.198278_scanAz_slow.dat,4.1840
results2602/20260209S090953.163175E090953.163175_scanAz_slow.dat,4.1607
results2602/20260209S090954.123087E090954.123087_scanAz_slow.dat,3.9560
results2602/20260209S090955.082138E090955.082138_scanAz_slow.dat,4.0550
results2602/20260209S090956.041544E090956.041544_scanAz_slow.dat,4.1763
results2602/20260209S090957.003736E090957.003736_scanAz_slow.dat,4.1589
results2602/20260209S090957.960434E090957.960434_scanAz_slow.dat,4.1572
results2602/20260209S090958.922463E090958.922463_scanAz_slow.dat,4.2257
results2602/20260209S090959.882115E090959.882115_scanAz_slow.dat,4.3188
results2602/20260209S091000.843157E091000.843157_scanAz_slow.dat,4.3928
results2602/20260209S091001.799702E091001.799702_scanAz_slow.dat,4.1745
results2602/20260209S091002.758746E091002.758746_scanAz_slow.dat,3.9522
results2602/20260209S091003.721859E091003.721859_scanAz_slow.dat,4.2817
results2602/20260209S091004.682219E091004.682219_scanAz_slow.dat,4.2250
results2602/20260209S091005.643474E091005.643474_scanAz_slow.dat,4.3129
results2602/20260209S091006.604152E091006.604152_scanAz_slow.dat,4.2805
results2602/20260209S091007.563208E091007.563208_scanAz_slow.dat,4.0007
results2602/20260209S091008.523061E091008.523061_scanAz_slow.dat,4.1760
results2602/20260209S091009.479213E091009.479213_scanAz_slow.dat,4.1754
results2602/20260209S091010.440888E091010.440888_scanAz_slow.dat,4.0935
results2602/20260209S091011.400369E091011.400369_scanAz_slow.dat,4.2618
results2602/20260209S091012.360705E091012.360705_scanAz_slow.dat,4.2758
results2602/20260209S091013.320022E091013.320022_scanAz_slow.dat,4.2218
results2602/20260209S091014.281930E091014.281930_scanAz_slow.dat,4.2091
results2602/20260209S091015.237733E091015.237733_scanAz_slow.dat,4.2306
results2602/20260209S091016.203320E091016.203320_scanAz_slow.dat,4.2859
results2602/20260209S091017.163585E091017.163585_scanAz_slow.dat,4.1694
results2602/20260209S091018.122364E091018.122364_scanAz_slow.dat,3.9907
results2602/20260209S091019.083729E091019.083729_scanAz_slow.dat,4.1358
results2602/20260209S091020.041857E091020.041857_scanAz_slow.dat,4.0976
results2602/20260209S091021.002486E091021.002486_scanAz_slow.dat,4.1212
results2602/20260209S091021.962562E091021.962562_scanAz_slow.dat,4.2062
results2602/20260209S091022.922098E091022.922098_scanAz_slow.dat,4.2625
results2602/20260209S091023.881421E091023.881421_scanAz_slow.dat,4.1221
results2602/20260209S091024.842024E091024.842024_scanAz_slow.dat,4.0836
results2602/20260209S091025.802658E091025.802658_scanAz_slow.dat,4.3036
results2602/20260209S091026.763157E091026.763157_scanAz_slow.dat,4.3810
results2602/20260209S091027.723866E091027.723866_scanAz_slow.dat,4.3086
results2602/20260209S091028.683814E091028.683814_scanAz_slow.dat,4.2427
results2602/20260209S091029.640529E091029.640529_scanAz_slow.dat,4.2796
results2602/20260209S091030.601891E091030.601891_scanAz_slow.dat,4.0869
results2602/20260209S091031.563962E091031.563962_scanAz_slow.dat,3.9775
results2602/20260209S091032.519769E091032.519769_scanAz_slow.dat,4.2072
results2602/20260209S091033.480605E091033.480605_scanAz_slow.dat,4.0904
results2602/20260209S091034.442231E091034.442231_scanAz_slow.dat,4.1658
results2602/20260209S091035.402358E091035.402358_scanAz_slow.dat,4.1341
results2602/20260209S091036.360974E091036.360974_scanAz_slow.dat,4.2718
results2602/20260209S091037.322261E091037.322261_scanAz_slow.dat,4.1134
results2602/20260209S091038.280246E091038.280246_scanAz_slow.dat,4.1379
results2602/20260209S091039.242308E091039.242308_scanAz_slow.dat,4.2005
results2602/20260209S091040.202076E091040.202076_scanAz_slow.dat,4.1077
results2602/20260209S091041.163327E091041.163327_scanAz_slow.dat,4.1502
results2602/20260209S091042.124122E091042.124122_scanAz_slow.dat,4.1091
results2602/20260209S091043.079042E091043.079042_scanAz_slow.dat,4.1700
results2602/20260209S091044.039677E091044.039677_scanAz_slow.dat,4.2905
results2602/20260209S091045.000324E091045.000324_scanAz_slow.dat,4.1061
results2602/20260209S091045.960714E091045.960714_scanAz_slow.dat,4.2639
results2602/20260209S091046.922010E091046.922010_scanAz_slow.dat,3.9366
results2602/20260209S091047.883962E091047.883962_scanAz_slow.dat,4.2858
results2602/20260209S091048.838819E091048.838819_scanAz_slow.dat,4.1083
results2602/20260209S091049.799848E091049.799848_scanAz_slow.dat,4.0447
results2602/20260209S091050.762161E091050.762161_scanAz_slow.dat,4.2542
results2602/20260209S091051.722315E091051.722315_scanAz_slow.dat,4.1806
results2602/20260209S091052.682141E091052.682141_scanAz_slow.dat,4.2390
results2602/20260209S091053.642231E091053.642231_scanAz_slow.dat,4.2840
results2602/20260209S091054.602642E091054.602642_scanAz_slow.dat,4.1911
results2602/20260209S091055.563617E091055.563617_scanAz_slow.dat,3.9718
results2602/20260209S091056.524339E091056.524339_scanAz_slow.dat,4.1156
results2602/20260209S091057.481811E091057.481811_scanAz_slow.dat,4.3380
results2602/20260209S091058.442006E091058.442006_scanAz_slow.dat,4.1913
results2602/20260209S091059.401659E091059.401659_scanAz_slow.dat,4.2098
results2602/20260209S091100.362043E091100.362043_scanAz_slow.dat,4.4685
results2602/20260209S091101.322904E091101.322904_scanAz_slow.dat,4.3152
results2602/20260209S091102.282476E091102.282476_scanAz_slow.dat,4.1632
results2602/20260209S091103.239776E091103.239776_scanAz_slow.dat,4.3621
results2602/20260209S091104.201477E091104.201477_scanAz_slow.dat,4.1473
results2602/20260209S091105.160826E091105.160826_scanAz_slow.dat,4.2265
results2602/20260209S091106.121370E091106.121370_scanAz_slow.dat,4.3827
results2602/20260209S091107.082181E091107.082181_scanAz_slow.dat,4.2356
results2602/20260209S091108.042115E091108.042115_scanAz_slow.dat,4.2013
results2602/20260209S091109.002896E091109.002896_scanAz_slow.dat,4.3537
results2602/20260209S091109.962438E091109.962438_scanAz_slow.dat,4.3757
results2602/20260209S091110.922964E091110.922964_scanAz_slow.dat,4.0996
results2602/20260209S091111.883295E091111.883295_scanAz_slow.dat,4.2077
results2602/20260209S091112.844269E091112.844269_scanAz_slow.dat,4.2692
results2602/20260209S091113.802069E091113.802069_scanAz_slow.dat,4.0579
results2602/20260209S091114.764226E091114.764226_scanAz_slow.dat,4.2430
results2602/20260209S091115.720756E091115.720756_scanAz_slow.dat,4.1141
results2602/20260209S091116.686513E091116.686513_scanAz_slow.dat,3.9284
results2602/20260209S091117.641111E091117.641111_scanAz_slow.dat,4.2031
results2602/20260209S091118.601413E091118.601413_scanAz_slow.dat,4.1660
results2602/20260209S091119.561823E091119.561823_scanAz_slow.dat,4.1570
results2602/20260209S091120.524464E091120.524464_scanAz_slow.dat,4.0068
results2602/20260209S091121.483985E091121.483985_scanAz_slow.dat,4.2314
results2602/20260209S091122.438270E091122.438270_scanAz_slow.dat,3.9820
results2602/20260209S091123.399032E091123.399032_scanAz_slow.dat,4.1303
results2602/20260209S091124.364083E091124.364083_scanAz_slow.dat,3.9262
results2602/20260209S091125.319715E091125.319715_scanAz_slow.dat,4.2163
results2602/20260209S091126.280747E091126.280747_scanAz_slow.dat,4.1108
results2602/20260209S091127.241759E091127.241759_scanAz_slow.dat,4.1805
results2602/20260209S091128.202983E091128.202983_scanAz_slow.dat,4.0926
results2602/20260209S091129.164718E091129.164718_scanAz_slow.dat,4.2098
results2602/20260209S091130.119524E091130.119524_scanAz_slow.dat,4.3432
results2602/20260209S091131.082741E091131.082741_scanAz_slow.dat,4.2055
results2602/20260209S091132.043128E091132.043128_scanAz_slow.dat,4.2421
results2602/20260209S091133.004684E091133.004684_scanAz_slow.dat,4.0807
results2602/20260209S091133.959710E091133.959710_scanAz_slow.dat,3.9928
results2602/20260209S091134.921414E091134.921414_scanAz_slow.dat,4.3236
results2602/20260209S091135.881230E091135.881230_scanAz_slow.dat,4.1594
results2602/20260209S091136.843748E091136.843748_scanAz_slow.dat,4.1372
results2602/20260209S091137.804277E091137.804277_scanAz_slow.dat,4.2685
results2602/20260209S091138.759788E091138.759788_scanAz_slow.dat,4.5418
results2602/20260209S091139.721500E091139.721500_scanAz_slow.dat,4.2488
results2602/20260209S091140.681834E091140.681834_scanAz_slow.dat,4.3729
results2602/20260209S091141.641366E091141.641366_scanAz_slow.dat,4.1871
results2602/20260209S091142.601812E091142.601812_scanAz_slow.dat,4.2288
results2602/20260209S091143.560690E091143.560690_scanAz_slow.dat,4.1073
results2602/20260209S091144.523575E091144.523575_scanAz_slow.dat,4.1286
results2602/20260209S091145.482033E091145.482033_scanAz_slow.dat,4.3463
results2602/20260209S091146.442027E091146.442027_scanAz_slow.dat,4.0966
results2602/20260209S091147.403267E091147.403267_scanAz_slow.dat,4.2271
results2602/20260209S091148.358696E091148.358696_scanAz_slow.dat,4.1425
results2602/20260209S091149.320201E091149.320201_scanAz_slow.dat,4.0273
results2602/20260209S091150.283063E091150.283063_scanAz_slow.dat,4.2044
results2602/20260209S091151.242081E091151.242081_scanAz_slow.dat,4.2267
results2602/20260209S091152.202881E091152.202881_scanAz_slow.dat,4.1856
results2602/20260209S091153.163116E091153.163116_scanAz_slow.dat,4.2247
results2602/20260209S091154.118440E091154.118440_scanAz_slow.dat,4.1354
results2602/20260209S091155.081748E091155.081748_scanAz_slow.dat,4.3100
results2602/20260209S091156.044548E091156.044548_scanAz_slow.dat,4.1452
results2602/20260209S091157.004084E091157.004084_scanAz_slow.dat,4.1912
results2602/20260209S091157.964783E091157.964783_scanAz_slow.dat,4.0461
results2602/20260209S091158.920392E091158.920392_scanAz_slow.dat,4.2020
results2602/20260209S091159.883935E091159.883935_scanAz_slow.dat,4.0397
results2602/20260209S091200.851257E091200.851257_scanAz_slow.dat,4.3115
results2602/20260209S091201.802405E091201.802405_scanAz_slow.dat,4.1417
results2602/20260209S091202.763360E091202.763360_scanAz_slow.dat,4.0910
results2602/20260209S091203.722846E091203.722846_scanAz_slow.dat,4.0466
results2602/20260209S091204.683307E091204.683307_scanAz_slow.dat,4.2632
results2602/20260209S091205.642005E091205.642005_scanAz_slow.dat,4.1068
results2602/20260209S091206.602170E091206.602170_scanAz_slow.dat,4.3798
results2602/20260209S091207.562867E091207.562867_scanAz_slow.dat,4.0201
results2602/20260209S091208.521360E091208.521360_scanAz_slow.dat,4.1846
results2602/20260209S091209.485334E091209.485334_scanAz_slow.dat,4.2737
results2602/20260209S091210.442882E091210.442882_scanAz_slow.dat,4.0874
results2602/20260209S091211.403776E091211.403776_scanAz_slow.dat,4.0992
results2602/20260209S091212.364074E091212.364074_scanAz_slow.dat,4.0938
results2602/20260209S091213.321009E091213.321009_scanAz_slow.dat,4.0949
results2602/20260209S091214.284211E091214.284211_scanAz_slow.dat,4.2208
results2602/20260209S091215.242892E091215.242892_scanAz_slow.dat,4.1167
results2602/20260209S091216.202730E091216.202730_scanAz_slow.dat,4.1461
results2602/20260209S091217.165219E091217.165219_scanAz_slow.dat,4.2542
results2602/20260209S091218.120788E091218.120788_scanAz_slow.dat,4.1631
results2602/20260209S091219.083944E091219.083944_scanAz_slow.dat,4.1963
results2602/20260209S091220.045354E091220.045354_scanAz_slow.dat,4.1296
results2602/20260209S091220.999696E091220.999696_scanAz_slow.dat,4.2345
results2602/20260209S091221.960463E091221.960463_scanAz_slow.dat,4.2772
results2602/20260209S091222.921327E091222.921327_scanAz_slow.dat,4.2280
results2602/20260209S091223.884627E091223.884627_scanAz_slow.dat,4.2299
results2602/20260209S091224.845024E091224.845024_scanAz_slow.dat,4.2102
results2602/20260209S091225.804763E091225.804763_scanAz_slow.dat,4.3189
results2602/20260209S091226.760460E091226.760460_scanAz_slow.dat,4.2694
results2602/20260209S091227.724868E091227.724868_scanAz_slow.dat,4.1995
results2602/20260209S091228.680831E091228.680831_scanAz_slow.dat,4.2603
results2602/20260209S091229.644591E091229.644591_scanAz_slow.dat,4.1342
results2602/20260209S091230.604192E091230.604192_scanAz_slow.dat,4.2959
results2602/20260209S091231.564947E091231.564947_scanAz_slow.dat,4.0994
results2602/20260209S091232.525263E091232.525263_scanAz_slow.dat,4.0732
results2602/20260209S091233.485073E091233.485073_scanAz_slow.dat,4.0219
results2602/20260209S091234.444510E091234.444510_scanAz_slow.dat,4.2748
results2602/20260209S091235.403953E091235.403953_scanAz_slow.dat,4.1387
results2602/20260209S091236.364144E091236.364144_scanAz_slow.dat,4.1429
results2602/20260209S091237.320833E091237.320833_scanAz_slow.dat,4.3065
results2602/20260209S091238.283959E091238.283959_scanAz_slow.dat,4.1475
results2602/20260209S091239.244189E091239.244189_scanAz_slow.dat,4.1072
results2602/20260209S091240.205647E091240.205647_scanAz_slow.dat,4.1836
results2602/20260209S091241.160744E091241.160744_scanAz_slow.dat,4.0752
results2602/20260209S091242.122596E091242.122596_scanAz_slow.dat,4.1972
results2602/20260209S091243.079104E091243.079104_scanAz_slow.dat,4.3297
results2602/20260209S091244.041262E091244.041262_scanAz_slow.dat,4.2221
results2602/20260209S091245.005381E091245.005381_scanAz_slow.dat,4.1996
results2602/20260209S091245.962932E091245.962932_scanAz_slow.dat,4.2845
results2602/20260209S091246.925332E091246.925332_scanAz_slow.dat,4.0669
results2602/20260209S091247.880940E091247.880940_scanAz_slow.dat,4.2981
results2602/20260209S091248.843099E091248.843099_scanAz_slow.dat,4.3014
results2602/20260209S091249.803656E091249.803656_scanAz_slow.dat,4.1552
results2602/20260209S091250.763868E091250.763868_scanAz_slow.dat,4.2265
results2602/20260209S091251.721496E091251.721496_scanAz_slow.dat,4.1494
results2602/20260209S091252.682478E091252.682478_scanAz_slow.dat,4.2663
results2602/20260209S091253.639759E091253.639759_scanAz_slow.dat,4.1466
results2602/20260209S091254.601064E091254.601064_scanAz_slow.dat,4.3906
results2602/20260209S091255.562354E091255.562354_scanAz_slow.dat,4.2906
results2602/20260209S091256.525990E091256.525990_scanAz_slow.dat,3.9574
results2602/20260209S091257.485853E091257.485853_scanAz_slow.dat,4.3484
results2602/20260209S091258.446411E091258.446411_scanAz_slow.dat,4.4355
results2602/20260209S091259.401957E091259.401957_scanAz_slow.dat,4.2428
results2602/20260209S091300.361127E091300.361127_scanAz_slow.dat,4.3715
results2602/20260209S091301.324846E091301.324846_scanAz_slow.dat,4.2961
results2602/20260209S091302.283231E091302.283231_scanAz_slow.dat,4.1599
results2602/20260209S091303.244505E091303.244505_scanAz_slow.dat,4.1285
results2602/20260209S091304.202884E091304.202884_scanAz_slow.dat,4.0680
results2602/20260209S091305.161455E091305.161455_scanAz_slow.dat,4.2557
results2602/20260209S091306.124928E091306.124928_scanAz_slow.dat,4.2517
results2602/20260209S091307.086097E091307.086097_scanAz_slow.dat,4.1334
results2602/20260209S091308.043085E091308.043085_scanAz_slow.dat,4.0724
results2602/20260209S091309.006002E091309.006002_scanAz_slow.dat,4.1152
results2602/20260209S091309.961427E091309.961427_scanAz_slow.dat,4.0140
results2602/20260209S091310.923204E091310.923204_scanAz_slow.dat,3.9048
results2602/20260209S091311.884374E091311.884374_scanAz_slow.dat,4.0968
results2602/20260209S091312.846006E091312.846006_scanAz_slow.dat,4.1725
results2602/20260209S091313.802678E091313.802678_scanAz_slow.dat,4.0729
results2602/20260209S091314.764957E091314.764957_scanAz_slow.dat,4.0337
results2602/20260209S091315.725821E091315.725821_scanAz_slow.dat,4.2285
results2602/20260209S091316.685979E091316.685979_scanAz_slow.dat,4.0637
results2602/20260209S091317.641664E091317.641664_scanAz_slow.dat,4.3524
results2602/20260209S091318.604835E091318.604835_scanAz_slow.dat,4.1238
results2602/20260209S091319.565610E091319.565610_scanAz_slow.dat,4.1669
results2602/20260209S091320.526118E091320.526118_scanAz_slow.dat,4.1058
results2602/20260209S091321.482703E091321.482703_scanAz_slow.dat,4.2662
results2602/20260209S091322.442578E091322.442578_scanAz_slow.dat,4.0484
results2602/20260209S091323.405132E091323.405132_scanAz_slow.dat,4.3456
results2602/20260209S091324.366031E091324.366031_scanAz_slow.dat,4.3185
results2602/20260209S091325.320523E091325.320523_scanAz_slow.dat,4.0660
results2602/20260209S091326.282741E091326.282741_scanAz_slow.dat,4.4125
results2602/20260209S091327.243250E091327.243250_scanAz_slow.dat,4.2732
results2602/20260209S091328.204133E091328.204133_scanAz_slow.dat,4.1450
results2602/20260209S091329.164320E091329.164320_scanAz_slow.dat,4.2346
results2602/20260209S091330.126080E091330.126080_scanAz_slow.dat,4.0909
results2602/20260209S091331.082118E091331.082118_scanAz_slow.dat,4.4027
results2602/20260209S091332.042680E091332.042680_scanAz_slow.dat,4.2199
results2602/20260209S091333.004016E091333.004016_scanAz_slow.dat,4.1306
results2602/20260209S091333.965329E091333.965329_scanAz_slow.dat,4.1953
results2602/20260209S091334.923138E091334.923138_scanAz_slow.dat,4.2510
results2602/20260209S091335.883548E091335.883548_scanAz_slow.dat,4.1446
results2602/20260209S091336.843257E091336.843257_scanAz_slow.dat,4.1109
results2602/20260209S091337.806017E091337.806017_scanAz_slow.dat,4.1878
results2602/20260209S091338.761927E091338.761927_scanAz_slow.dat,4.0088
results2602/20260209S091339.721533E091339.721533_scanAz_slow.dat,4.2373
results2602/20260209S091340.682718E091340.682718_scanAz_slow.dat,4.0647
results2602/20260209S091341.643699E091341.643699_scanAz_slow.dat,4.1578
results2602/20260209S091342.603838E091342.603838_scanAz_slow.dat,4.1705
results2602/20260209S091343.562036E091343.562036_scanAz_slow.dat,4.1084
results2602/20260209S091344.526665E091344.526665_scanAz_slow.dat,4.0975
results2602/20260209S091345.485247E091345.485247_scanAz_slow.dat,4.0266
results2602/20260209S091346.441973E091346.441973_scanAz_slow.dat,4.1956
results2602/20260209S091347.404093E091347.404093_scanAz_slow.dat,4.2646
results2602/20260209S091348.364074E091348.364074_scanAz_slow.dat,4.2248
results2602/20260209S091349.321891E091349.321891_scanAz_slow.dat,4.0698
results2602/20260209S091350.286748E091350.286748_scanAz_slow.dat,4.3097
results2602/20260209S091351.241502E091351.241502_scanAz_slow.dat,4.4975
results2602/20260209S091352.206274E091352.206274_scanAz_slow.dat,4.3368
results2602/20260209S091353.163170E091353.163170_scanAz_slow.dat,4.2680
results2602/20260209S091354.123078E091354.123078_scanAz_slow.dat,4.2506
results2602/20260209S091355.085363E091355.085363_scanAz_slow.dat,4.1393
results2602/20260209S091356.045794E091356.045794_scanAz_slow.dat,4.3135
results2602/20260209S091357.003705E091357.003705_scanAz_slow.dat,4.2948
results2602/20260209S091357.964528E091357.964528_scanAz_slow.dat,4.3195
results2602/20260209S091358.925046E091358.925046_scanAz_slow.dat,4.2539
results2602/20260209S091359.885751E091359.885751_scanAz_slow.dat,4.1714
results2602/20260209S091400.843576E091400.843576_scanAz_slow.dat,4.1920
results2602/20260209S091401.801909E091401.801909_scanAz_slow.dat,4.2512
results2602/20260209S091402.761533E091402.761533_scanAz_slow.dat,4.1581
results2602/20260209S091403.724757E091403.724757_scanAz_slow.dat,4.0660
results2602/20260209S091404.685396E091404.685396_scanAz_slow.dat,4.2740
results2602/20260209S091405.643896E091405.643896_scanAz_slow.dat,4.2316
results2602/20260209S091406.604671E091406.604671_scanAz_slow.dat,4.1356
results2602/20260209S091407.565568E091407.565568_scanAz_slow.dat,4.1262
results2602/20260209S091408.521805E091408.521805_scanAz_slow.dat,4.1286
results2602/20260209S091409.484752E091409.484752_scanAz_slow.dat,4.1800
results2602/20260209S091410.443724E091410.443724_scanAz_slow.dat,4.3228
results2602/20260209S091411.402192E091411.402192_scanAz_slow.dat,4.2449
results2602/20260209S091412.365567E091412.365567_scanAz_slow.dat,4.1809
results2602/20260209S091413.325179E091413.325179_scanAz_slow.dat,4.3787
results2602/20260209S091414.282063E091414.282063_scanAz_slow.dat,4.2610
results2602/20260209S091415.245250E091415.245250_scanAz_slow.dat,4.2161
results2602/20260209S091416.201525E091416.201525_scanAz_slow.dat,4.2244
results2602/20260209S091417.163951E091417.163951_scanAz_slow.dat,4.1830
results2602/20260209S091418.125817E091418.125817_scanAz_slow.dat,3.9375
results2602/20260209S091419.086588E091419.086588_scanAz_slow.dat,4.3229
results2602/20260209S091420.042690E091420.042690_scanAz_slow.dat,4.2843
results2602/20260209S091421.002171E091421.002171_scanAz_slow.dat,4.1842
results2602/20260209S091421.963380E091421.963380_scanAz_slow.dat,4.2416
results2602/20260209S091422.925046E091422.925046_scanAz_slow.dat,4.2946
results2602/20260209S091423.887084E091423.887084_scanAz_slow.dat,4.2158
results2602/20260209S091424.843718E091424.843718_scanAz_slow.dat,4.0988
results2602/20260209S091425.805396E091425.805396_scanAz_slow.dat,4.1688
results2602/20260209S091426.767338E091426.767338_scanAz_slow.dat,4.1119
results2602/20260209S091427.724499E091427.724499_scanAz_slow.dat,4.3187
results2602/20260209S091428.682095E091428.682095_scanAz_slow.dat,4.2226
results2602/20260209S091429.641515E091429.641515_scanAz_slow.dat,4.0729
results2602/20260209S091430.606666E091430.606666_scanAz_slow.dat,4.2090
results2602/20260209S091431.564103E091431.564103_scanAz_slow.dat,4.1875
results2602/20260209S091432.527151E091432.527151_scanAz_slow.dat,4.3931
results2602/20260209S091433.487785E091433.487785_scanAz_slow.dat,4.3284
results2602/20260209S091434.445807E091434.445807_scanAz_slow.dat,4.2409
results2602/20260209S091435.406558E091435.406558_scanAz_slow.dat,4.2235
results2602/20260209S091436.363044E091436.363044_scanAz_slow.dat,4.3576
results2602/20260209S091437.327262E091437.327262_scanAz_slow.dat,3.8873
results2602/20260209S091438.282311E091438.282311_scanAz_slow.dat,4.0369
results2602/20260209S091439.242312E091439.242312_scanAz_slow.dat,4.0086
results2602/20260209S091440.203145E091440.203145_scanAz_slow.dat,4.2909
results2602/20260209S091441.165058E091441.165058_scanAz_slow.dat,4.1783
results2602/20260209S091442.126416E091442.126416_scanAz_slow.dat,4.0356
results2602/20260209S091443.084002E091443.084002_scanAz_slow.dat,4.1757
results2602/20260209S091444.047317E091444.047317_scanAz_slow.dat,4.2207
results2602/20260209S091445.003853E091445.003853_scanAz_slow.dat,4.1581
results2602/20260209S091445.965203E091445.965203_scanAz_slow.dat,4.1213
results2602/20260209S091446.925808E091446.925808_scanAz_slow.dat,3.9359
results2602/20260209S091447.886049E091447.886049_scanAz_slow.dat,4.2104
results2602/20260209S091448.846417E091448.846417_scanAz_slow.dat,4.1677
results2602/20260209S091449.807547E091449.807547_scanAz_slow.dat,4.2100
results2602/20260209S091450.762995E091450.762995_scanAz_slow.dat,4.1908
results2602/20260209S091451.727406E091451.727406_scanAz_slow.dat,4.1140
results2602/20260209S091452.687958E091452.687958_scanAz_slow.dat,4.2431
results2602/20260209S091453.644763E091453.644763_scanAz_slow.dat,4.1815
results2602/20260209S091454.607540E091454.607540_scanAz_slow.dat,4.3593
results2602/20260209S091455.566328E091455.566328_scanAz_slow.dat,4.0265
results2602/20260209S091456.527209E091456.527209_scanAz_slow.dat,4.1594
results2602/20260209S091457.486908E091457.486908_scanAz_slow.dat,4.1583
results2602/20260209S091458.447800E091458.447800_scanAz_slow.dat,4.3957
results2602/20260209S091459.403673E091459.403673_scanAz_slow.dat,4.3001
results2602/20260209S091500.367293E091500.367293_scanAz_slow.dat,4.4119
results2602/20260209S091501.327821E091501.327821_scanAz_slow.dat,4.1492
results2602/20260209S091502.284428E091502.284428_scanAz_slow.dat,4.1316
results2602/20260209S091503.246406E091503.246406_scanAz_slow.dat,4.2558
results2602/20260209S091504.206005E091504.206005_scanAz_slow.dat,3.8492
results2602/20260209S091505.166692E091505.166692_scanAz_slow.dat,4.1484
results2602/20260209S091506.127551E091506.127551_scanAz_slow.dat,4.0008
results2602/20260209S091507.086612E091507.086612_scanAz_slow.dat,4.0007
results2602/20260209S091508.045734E091508.045734_scanAz_slow.dat,3.9221
results2602/20260209S091509.007220E091509.007220_scanAz_slow.dat,4.0894
results2602/20260209S091509.963092E091509.963092_scanAz_slow.dat,4.1416
results2602/20260209S091510.925917E091510.925917_scanAz_slow.dat,4.2328
results2602/20260209S091511.887745E091511.887745_scanAz_slow.dat,4.3837
results2602/20260209S091512.843378E091512.843378_scanAz_slow.dat,4.3298
results2602/20260209S091513.803231E091513.803231_scanAz_slow.dat,4.2053
results2602/20260209S091514.765224E091514.765224_scanAz_slow.dat,4.1740
results2602/20260209S091515.726015E091515.726015_scanAz_slow.dat,3.9922
results2602/20260209S091516.687706E091516.687706_scanAz_slow.dat,4.2282
results2602/20260209S091517.647347E091517.647347_scanAz_slow.dat,4.1633
results2602/20260209S091518.602460E091518.602460_scanAz_slow.dat,4.3677
results2602/20260209S091519.564723E091519.564723_scanAz_slow.dat,4.1378
results2602/20260209S091520.526477E091520.526477_scanAz_slow.dat,4.0962
results2602/20260209S091521.486069E091521.486069_scanAz_slow.dat,4.0120
results2602/20260209S091522.444347E091522.444347_scanAz_slow.dat,4.1962
results2602/20260209S091523.403336E091523.403336_scanAz_slow.dat,4.0205
results2602/20260209S091524.366883E091524.366883_scanAz_slow.dat,4.0000
results2602/20260209S091525.328144E091525.328144_scanAz_slow.dat,4.1949
results2602/20260209S091526.284810E091526.284810_scanAz_slow.dat,4.1804
results2602/20260209S091527.245433E091527.245433_scanAz_slow.dat,4.2790
results2602/20260209S091528.204650E091528.204650_scanAz_slow.dat,4.1655
results2602/20260209S091529.164624E091529.164624_scanAz_slow.dat,4.1068
results2602/20260209S091530.125281E091530.125281_scanAz_slow.dat,4.3999
results2602/20260209S091531.083314E091531.083314_scanAz_slow.dat,4.2006
results2602/20260209S091532.044127E091532.044127_scanAz_slow.dat,4.1202
results2602/20260209S091533.006850E091533.006850_scanAz_slow.dat,4.2320
results2602/20260209S091533.966203E091533.966203_scanAz_slow.dat,4.1108
results2602/20260209S091534.926829E091534.926829_scanAz_slow.dat,4.1559
results2602/20260209S091535.887408E091535.887408_scanAz_slow.dat,4.1669
results2602/20260209S091536.848319E091536.848319_scanAz_slow.dat,4.2973
results2602/20260209S091537.805970E091537.805970_scanAz_slow.dat,4.2305
results2602/20260209S091538.766635E091538.766635_scanAz_slow.dat,4.1998
results2602/20260209S091539.726590E091539.726590_scanAz_slow.dat,4.3066
results2602/20260209S091540.684889E091540.684889_scanAz_slow.dat,4.1592
results2602/20260209S091541.645184E091541.645184_scanAz_slow.dat,4.1636
results2602/20260209S091542.605101E091542.605101_scanAz_slow.dat,4.2500
results2602/20260209S091543.567443E091543.567443_scanAz_slow.dat,4.0314
results2602/20260209S091544.526679E091544.526679_scanAz_slow.dat,4.2711
results2602/20260209S091545.487251E091545.487251_scanAz_slow.dat,4.0269
results2602/20260209S091546.446647E091546.446647_scanAz_slow.dat,4.1734
results2602/20260209S091547.406572E091547.406572_scanAz_slow.dat,4.0748
results2602/20260209S091548.366334E091548.366334_scanAz_slow.dat,4.0085
results2602/20260209S091549.326416E091549.326416_scanAz_slow.dat,4.2106
results2602/20260209S091550.288304E091550.288304_scanAz_slow.dat,3.9269
results2602/20260209S091551.246029E091551.246029_scanAz_slow.dat,4.1095
results2602/20260209S091552.206154E091552.206154_scanAz_slow.dat,4.2419
results2602/20260209S091553.166662E091553.166662_scanAz_slow.dat,4.4589
results2602/20260209S091554.128028E091554.128028_scanAz_slow.dat,4.0413
results2602/20260209S091555.083944E091555.083944_scanAz_slow.dat,4.2503
results2602/20260209S091556.044049E091556.044049_scanAz_slow.dat,4.1074
results2602/20260209S091557.008840E091557.008840_scanAz_slow.dat,4.0305
results2602/20260209S091557.966072E091557.966072_scanAz_slow.dat,4.1188
results2602/20260209S091558.928414E091558.928414_scanAz_slow.dat,4.0722
results2602/20260209S091559.884110E091559.884110_scanAz_slow.dat,4.1416
results2602/20260209S091600.845343E091600.845343_scanAz_slow.dat,3.9598
results2602/20260209S091601.806904E091601.806904_scanAz_slow.dat,4.0509
results2602/20260209S091602.766910E091602.766910_scanAz_slow.dat,4.1573
results2602/20260209S091603.728153E091603.728153_scanAz_slow.dat,4.1703
results2602/20260209S091604.686165E091604.686165_scanAz_slow.dat,4.3968
results2602/20260209S091605.646689E091605.646689_scanAz_slow.dat,4.1747
results2602/20260209S091606.607288E091606.607288_scanAz_slow.dat,4.1077
results2602/20260209S091607.568823E091607.568823_scanAz_slow.dat,4.3176
results2602/20260209S091608.528803E091608.528803_scanAz_slow.dat,4.2886
results2602/20260209S091609.488346E091609.488346_scanAz_slow.dat,4.1927
results2602/20260209S091610.447534E091610.447534_scanAz_slow.dat,4.1620
results2602/20260209S091611.404760E091611.404760_scanAz_slow.dat,4.0706
results2602/20260209S091612.365843E091612.365843_scanAz_slow.dat,4.1310
results2602/20260209S091613.325362E091613.325362_scanAz_slow.dat,4.1705
results2602/20260209S091614.287067E091614.287067_scanAz_slow.dat,4.0723
results2602/20260209S091615.244401E091615.244401_scanAz_slow.dat,4.0987
results2602/20260209S091616.206107E091616.206107_scanAz_slow.dat,4.2067
results2602/20260209S091617.164448E091617.164448_scanAz_slow.dat,4.0545
results2602/20260209S091618.126602E091618.126602_scanAz_slow.dat,4.1666
results2602/20260209S091619.086661E091619.086661_scanAz_slow.dat,4.0965
results2602/20260209S091620.047764E091620.047764_scanAz_slow.dat,4.1190
results2602/20260209S091621.001623E091621.001623_scanAz_slow.dat,4.1274
results2602/20260209S091621.963366E091621.963366_scanAz_slow.dat,4.2330
results2602/20260209S091622.925877E091622.925877_scanAz_slow.dat,4.0718
results2602/20260209S091623.888912E091623.888912_scanAz_slow.dat,4.1116
results2602/20260209S091624.846981E091624.846981_scanAz_slow.dat,4.1275
results2602/20260209S091625.807105E091625.807105_scanAz_slow.dat,4.2118
results2602/20260209S091626.767111E091626.767111_scanAz_slow.dat,4.1803
results2602/20260209S091627.728605E091627.728605_scanAz_slow.dat,4.3016
results2602/20260209S091628.683942E091628.683942_scanAz_slow.dat,4.2272
results2602/20260209S091629.646649E091629.646649_scanAz_slow.dat,4.1577
results2602/20260209S091630.603602E091630.603602_scanAz_slow.dat,4.1806
results2602/20260209S091631.565737E091631.565737_scanAz_slow.dat,4.3064
results2602/20260209S091632.527103E091632.527103_scanAz_slow.dat,4.3160
results2602/20260209S091633.488261E091633.488261_scanAz_slow.dat,3.9715
results2602/20260209S091634.442069E091634.442069_scanAz_slow.dat,4.0820
results2602/20260209S091635.404158E091635.404158_scanAz_slow.dat,4.1676
results2602/20260209S091636.367607E091636.367607_scanAz_slow.dat,4.2269
results2602/20260209S091637.327993E091637.327993_scanAz_slow.dat,4.0714
results2602/20260209S091638.284595E091638.284595_scanAz_slow.dat,4.1718
results2602/20260209S091639.245799E091639.245799_scanAz_slow.dat,4.0968
results2602/20260209S091640.209195E091640.209195_scanAz_slow.dat,4.2426
results2602/20260209S091641.168792E091641.168792_scanAz_slow.dat,4.3379
results2602/20260209S091642.126203E091642.126203_scanAz_slow.dat,4.4673
results2602/20260209S091643.087674E091643.087674_scanAz_slow.dat,4.1836
results2602/20260209S091644.047574E091644.047574_scanAz_slow.dat,4.1283
results2602/20260209S091645.007952E091645.007952_scanAz_slow.dat,4.0435
results2602/20260209S091645.968701E091645.968701_scanAz_slow.dat,4.1052
results2602/20260209S091646.927741E091646.927741_scanAz_slow.dat,4.2682
results2602/20260209S091647.888579E091647.888579_scanAz_slow.dat,4.0996
results2602/20260209S091648.844632E091648.844632_scanAz_slow.dat,4.3526
results2602/20260209S091649.806488E091649.806488_scanAz_slow.dat,4.3370
results2602/20260209S091650.768015E091650.768015_scanAz_slow.dat,4.0917
results2602/20260209S091651.729123E091651.729123_scanAz_slow.dat,4.2046
results2602/20260209S091652.684406E091652.684406_scanAz_slow.dat,4.0574
results2602/20260209S091653.646277E091653.646277_scanAz_slow.dat,3.8652
results2602/20260209S091654.603014E091654.603014_scanAz_slow.dat,4.1525
results2602/20260209S091655.564383E091655.564383_scanAz_slow.dat,4.3725
results2602/20260209S091656.524301E091656.524301_scanAz_slow.dat,4.2755
results2602/20260209S091657.489260E091657.489260_scanAz_slow.dat,3.7937
results2602/20260209S091658.449046E091658.449046_scanAz_slow.dat,4.2419
results2602/20260209S091659.405122E091659.405122_scanAz_slow.dat,3.8888
results2602/20260209S091700.367980E091700.367980_scanAz_slow.dat,4.2482
results2602/20260209S091701.332961E091701.332961_scanAz_slow.dat,4.1392
results2602/20260209S091702.284919E091702.284919_scanAz_slow.dat,4.1200
results2602/20260209S091703.245926E091703.245926_scanAz_slow.dat,3.9802
results2602/20260209S091704.204701E091704.204701_scanAz_slow.dat,4.2111
results2602/20260209S091705.168695E091705.168695_scanAz_slow.dat,4.2942
results2602/20260209S091706.127940E091706.127940_scanAz_slow.dat,4.1267
results2602/20260209S091707.089105E091707.089105_scanAz_slow.dat,4.0698
results2602/20260209S091708.045578E091708.045578_scanAz_slow.dat,4.0787
results2602/20260209S091709.004993E091709.004993_scanAz_slow.dat,4.0112
results2602/20260209S091709.965736E091709.965736_scanAz_slow.dat,4.2411
results2602/20260209S091710.927199E091710.927199_scanAz_slow.dat,4.1485
results2602/20260209S091711.888572E091711.888572_scanAz_slow.dat,4.2543
results2602/20260209S091712.844662E091712.844662_scanAz_slow.dat,4.1416
results2602/20260209S091713.804317E091713.804317_scanAz_slow.dat,4.0605
results2602/20260209S091714.764572E091714.764572_scanAz_slow.dat,4.3826
results2602/20260209S091715.724968E091715.724968_scanAz_slow.dat,4.0458
results2602/20260209S091716.687934E091716.687934_scanAz_slow.dat,4.2172
results2602/20260209S091717.648345E091717.648345_scanAz_slow.dat,4.1045
results2602/20260209S091718.609620E091718.609620_scanAz_slow.dat,4.1991
results2602/20260209S091719.564719E091719.564719_scanAz_slow.dat,4.2829
results2602/20260209S091720.524863E091720.524863_scanAz_slow.dat,4.2340
results2602/20260209S091721.486144E091721.486144_scanAz_slow.dat,4.2098
results2602/20260209S091722.446082E091722.446082_scanAz_slow.dat,4.2491
results2602/20260209S091723.407308E091723.407308_scanAz_slow.dat,4.1882
results2602/20260209S091724.368385E091724.368385_scanAz_slow.dat,4.2250
results2602/20260209S091725.324655E091725.324655_scanAz_slow.dat,4.1823
results2602/20260209S091726.283468E091726.283468_scanAz_slow.dat,4.0818
results2602/20260209S091727.243185E091727.243185_scanAz_slow.dat,4.0015
results2602/20260209S091728.206805E091728.206805_scanAz_slow.dat,4.1965
results2602/20260209S091729.166201E091729.166201_scanAz_slow.dat,4.1465
results2602/20260209S091730.126911E091730.126911_scanAz_slow.dat,4.0928
results2602/20260209S091731.088629E091731.088629_scanAz_slow.dat,4.2082
results2602/20260209S091732.048851E091732.048851_scanAz_slow.dat,4.2062
results2602/20260209S091733.008105E091733.008105_scanAz_slow.dat,4.1844
results2602/20260209S091733.967585E091733.967585_scanAz_slow.dat,4.0290
results2602/20260209S091734.929615E091734.929615_scanAz_slow.dat,4.0179
results2602/20260209S091735.887193E091735.887193_scanAz_slow.dat,4.1481
results2602/20260209S091736.844633E091736.844633_scanAz_slow.dat,4.2384
results2602/20260209S091737.804723E091737.804723_scanAz_slow.dat,4.1626
results2602/20260209S091738.769446E091738.769446_scanAz_slow.dat,4.1335
results2602/20260209S091739.724871E091739.724871_scanAz_slow.dat,4.0668
results2602/20260209S091740.685333E091740.685333_scanAz_slow.dat,4.1615
results2602/20260209S091741.645303E091741.645303_scanAz_slow.dat,4.2817
results2602/20260209S091742.606028E091742.606028_scanAz_slow.dat,4.0102
results2602/20260209S091743.568310E091743.568310_scanAz_slow.dat,4.1232
results2602/20260209S091744.525124E091744.525124_scanAz_slow.dat,4.2806
results2602/20260209S091745.484910E091745.484910_scanAz_slow.dat,4.1539
results2602/20260209S091746.449762E091746.449762_scanAz_slow.dat,4.0860
results2602/20260209S091747.404843E091747.404843_scanAz_slow.dat,4.0189
results2602/20260209S091748.365469E091748.365469_scanAz_slow.dat,4.1526
results2602/20260209S091749.324978E091749.324978_scanAz_slow.dat,4.0186
results2602/20260209S091750.287011E091750.287011_scanAz_slow.dat,4.2063
results2602/20260209S091751.244971E091751.244971_scanAz_slow.dat,4.1973
results2602/20260209S091752.205081E091752.205081_scanAz_slow.dat,4.1395
results2602/20260209S091753.168778E091753.168778_scanAz_slow.dat,4.2123
results2602/20260209S091754.123525E091754.123525_scanAz_slow.dat,4.2657
results2602/20260209S091755.086955E091755.086955_scanAz_slow.dat,4.1841
results2602/20260209S091756.049196E091756.049196_scanAz_slow.dat,4.3174
results2602/20260209S091757.003731E091757.003731_scanAz_slow.dat,4.1428
results2602/20260209S091757.969967E091757.969967_scanAz_slow.dat,4.0843
results2602/20260209S091758.929769E091758.929769_scanAz_slow.dat,4.0438
results2602/20260209S091759.890547E091759.890547_scanAz_slow.dat,4.1790
results2602/20260209S091800.849742E091800.849742_scanAz_slow.dat,4.0676
results2602/20260209S091801.808968E091801.808968_scanAz_slow.dat,4.1469
results2602/20260209S091802.769656E091802.769656_scanAz_slow.dat,4.2117
results2602/20260209S091803.725275E091803.725275_scanAz_slow.dat,4.0894
results2602/20260209S091804.687443E091804.687443_scanAz_slow.dat,4.3554
results2602/20260209S091805.648271E091805.648271_scanAz_slow.dat,4.2938
results2602/20260209S091806.606491E091806.606491_scanAz_slow.dat,4.2014
results2602/20260209S091807.568610E091807.568610_scanAz_slow.dat,4.2208
results2602/20260209S091808.530273E091808.530273_scanAz_slow.dat,4.1296
results2602/20260209S091809.485583E091809.485583_scanAz_slow.dat,4.1236
results2602/20260209S091810.448584E091810.448584_scanAz_slow.dat,4.0555
results2602/20260209S091811.408949E091811.408949_scanAz_slow.dat,4.2157
results2602/20260209S091812.368280E091812.368280_scanAz_slow.dat,4.4701
results2602/20260209S091813.325727E091813.325727_scanAz_slow.dat,4.0673
results2602/20260209S091814.286702E091814.286702_scanAz_slow.dat,4.1193
results2602/20260209S091815.248312E091815.248312_scanAz_slow.dat,4.2249
results2602/20260209S091816.204076E091816.204076_scanAz_slow.dat,4.2227
results2602/20260209S091817.165803E091817.165803_scanAz_slow.dat,4.1805
results2602/20260209S091818.129094E091818.129094_scanAz_slow.dat,4.2771
results2602/20260209S091819.088500E091819.088500_scanAz_slow.dat,3.9300
results2602/20260209S091820.049231E091820.049231_scanAz_slow.dat,3.9074
results2602/20260209S091821.004674E091821.004674_scanAz_slow.dat,3.9717
results2602/20260209S091821.970173E091821.970173_scanAz_slow.dat,4.0891
results2602/20260209S091822.926928E091822.926928_scanAz_slow.dat,4.3042
results2602/20260209S091823.888739E091823.888739_scanAz_slow.dat,3.9543
results2602/20260209S091824.850004E091824.850004_scanAz_slow.dat,4.0723
results2602/20260209S091825.809846E091825.809846_scanAz_slow.dat,4.1937
results2602/20260209S091826.765314E091826.765314_scanAz_slow.dat,4.2465
results2602/20260209S091827.728286E091827.728286_scanAz_slow.dat,4.0520
results2602/20260209S091828.686981E091828.686981_scanAz_slow.dat,4.1382
results2602/20260209S091829.650395E091829.650395_scanAz_slow.dat,4.1033
results2602/20260209S091830.608823E091830.608823_scanAz_slow.dat,4.1259
results2602/20260209S091831.570921E091831.570921_scanAz_slow.dat,4.0910
results2602/20260209S091832.529523E091832.529523_scanAz_slow.dat,4.2179
results2602/20260209S091833.491298E091833.491298_scanAz_slow.dat,4.3548
results2602/20260209S091834.451027E091834.451027_scanAz_slow.dat,4.3504
results2602/20260209S091835.409133E091835.409133_scanAz_slow.dat,4.0681
results2602/20260209S091836.364492E091836.364492_scanAz_slow.dat,4.0671
results2602/20260209S091837.325316E091837.325316_scanAz_slow.dat,4.2541
results2602/20260209S091838.285753E091838.285753_scanAz_slow.dat,4.3326
results2602/20260209S091839.247244E091839.247244_scanAz_slow.dat,4.3138
results2602/20260209S091840.208379E091840.208379_scanAz_slow.dat,4.2485
results2602/20260209S091841.170574E091841.170574_scanAz_slow.dat,4.1586
results2602/20260209S091842.126151E091842.126151_scanAz_slow.dat,4.2189
results2602/20260209S091843.087505E091843.087505_scanAz_slow.dat,4.2357
results2602/20260209S091844.050312E091844.050312_scanAz_slow.dat,4.0081
results2602/20260209S091845.007058E091845.007058_scanAz_slow.dat,4.0228
results2602/20260209S091845.970949E091845.970949_scanAz_slow.dat,4.3756
results2602/20260209S091846.926094E091846.926094_scanAz_slow.dat,4.0533
results2602/20260209S091847.885642E091847.885642_scanAz_slow.dat,4.0307
results2602/20260209S091848.845204E091848.845204_scanAz_slow.dat,4.2568
results2602/20260209S091849.807067E091849.807067_scanAz_slow.dat,3.8386
results2602/20260209S091850.765992E091850.765992_scanAz_slow.dat,4.0473
results2602/20260209S091851.726047E091851.726047_scanAz_slow.dat,3.9519
results2602/20260209S091852.687960E091852.687960_scanAz_slow.dat,4.2083
results2602/20260209S091853.650614E091853.650614_scanAz_slow.dat,4.2925
results2602/20260209S091854.606795E091854.606795_scanAz_slow.dat,4.3207
results2602/20260209S091855.567684E091855.567684_scanAz_slow.dat,4.0486
results2602/20260209S091856.529336E091856.529336_scanAz_slow.dat,4.0262
results2602/20260209S091857.489519E091857.489519_scanAz_slow.dat,4.2452
results2602/20260209S091858.450904E091858.450904_scanAz_slow.dat,4.1221
results2602/20260209S091859.405229E091859.405229_scanAz_slow.dat,4.1801
results2602/20260209S091900.369271E091900.369271_scanAz_slow.dat,4.2117
results2602/20260209S091901.325892E091901.325892_scanAz_slow.dat,4.2106
results2602/20260209S091902.289754E091902.289754_scanAz_slow.dat,4.1438
results2602/20260209S091903.247067E091903.247067_scanAz_slow.dat,3.9751
results2602/20260209S091904.204672E091904.204672_scanAz_slow.dat,4.1920
results2602/20260209S091905.169357E091905.169357_scanAz_slow.dat,4.3320
results2602/20260209S091906.126011E091906.126011_scanAz_slow.dat,4.4577
results2602/20260209S091907.088457E091907.088457_scanAz_slow.dat,4.2337
results2602/20260209S091908.045922E091908.045922_scanAz_slow.dat,4.0669
results2602/20260209S091909.006844E091909.006844_scanAz_slow.dat,4.2155
results2602/20260209S091909.967754E091909.967754_scanAz_slow.dat,4.3223
results2602/20260209S091910.929178E091910.929178_scanAz_slow.dat,4.2650
results2602/20260209S091911.889738E091911.889738_scanAz_slow.dat,4.2134
results2602/20260209S091912.851649E091912.851649_scanAz_slow.dat,4.1571
results2602/20260209S091913.807665E091913.807665_scanAz_slow.dat,4.2005
results2602/20260209S091914.769942E091914.769942_scanAz_slow.dat,4.2192
results2602/20260209S091915.727365E091915.727365_scanAz_slow.dat,4.0019
results2602/20260209S091916.687962E091916.687962_scanAz_slow.dat,4.0692
results2602/20260209S091917.649710E091917.649710_scanAz_slow.dat,4.4369
results2602/20260209S091918.605841E091918.605841_scanAz_slow.dat,4.1654
results2602/20260209S091919.567663E091919.567663_scanAz_slow.dat,4.2526
results2602/20260209S091920.529329E091920.529329_scanAz_slow.dat,4.0201
results2602/20260209S091921.491002E091921.491002_scanAz_slow.dat,4.2599
results2602/20260209S091922.446016E091922.446016_scanAz_slow.dat,4.1961
results2602/20260209S091923.407384E091923.407384_scanAz_slow.dat,4.1488
results2602/20260209S091924.369745E091924.369745_scanAz_slow.dat,4.3297
results2602/20260209S091925.330480E091925.330480_scanAz_slow.dat,4.1849
results2602/20260209S091926.285996E091926.285996_scanAz_slow.dat,4.1783
results2602/20260209S091927.248778E091927.248778_scanAz_slow.dat,4.3739
results2602/20260209S091928.206125E091928.206125_scanAz_slow.dat,4.3758
results2602/20260209S091929.169547E091929.169547_scanAz_slow.dat,4.2072
results2602/20260209S091930.131323E091930.131323_scanAz_slow.dat,4.1644
results2602/20260209S091931.087946E091931.087946_scanAz_slow.dat,4.3444
results2602/20260209S091932.047908E091932.047908_scanAz_slow.dat,4.0981
results2602/20260209S091933.010232E091933.010232_scanAz_slow.dat,3.8520
results2602/20260209S091933.966017E091933.966017_scanAz_slow.dat,4.1167
results2602/20260209S091934.927945E091934.927945_scanAz_slow.dat,4.2825
results2602/20260209S091935.889532E091935.889532_scanAz_slow.dat,4.1251
results2602/20260209S091936.849713E091936.849713_scanAz_slow.dat,4.2824
results2602/20260209S091937.810497E091937.810497_scanAz_slow.dat,4.1088
results2602/20260209S091938.766922E091938.766922_scanAz_slow.dat,3.9517
results2602/20260209S091939.729560E091939.729560_scanAz_slow.dat,4.3734
results2602/20260209S091940.690224E091940.690224_scanAz_slow.dat,4.0599
results2602/20260209S091941.646202E091941.646202_scanAz_slow.dat,4.1686
results2602/20260209S091942.607392E091942.607392_scanAz_slow.dat,4.1981
results2602/20260209S091943.569469E091943.569469_scanAz_slow.dat,3.9672
results2602/20260209S091944.529624E091944.529624_scanAz_slow.dat,4.1001
results2602/20260209S091945.488744E091945.488744_scanAz_slow.dat,4.2170
results2602/20260209S091946.450680E091946.450680_scanAz_slow.dat,4.0685
results2602/20260209S091947.407925E091947.407925_scanAz_slow.dat,4.2375
results2602/20260209S091948.371203E091948.371203_scanAz_slow.dat,4.0455
results2602/20260209S091949.327623E091949.327623_scanAz_slow.dat,4.0697
results2602/20260209S091950.286639E091950.286639_scanAz_slow.dat,4.1717
results2602/20260209S091951.249963E091951.249963_scanAz_slow.dat,4.1912
results2602/20260209S091952.211243E091952.211243_scanAz_slow.dat,4.0758
results2602/20260209S091953.171457E091953.171457_scanAz_slow.dat,4.0566
results2602/20260209S091954.131455E091954.131455_scanAz_slow.dat,4.0391
results2602/20260209S091955.091923E091955.091923_scanAz_slow.dat,4.1235
results2602/20260209S091956.051631E091956.051631_scanAz_slow.dat,4.1851
results2602/20260209S091957.007527E091957.007527_scanAz_slow.dat,4.0798
results2602/20260209S091957.970714E091957.970714_scanAz_slow.dat,4.1081
results2602/20260209S091958.925703E091958.925703_scanAz_slow.dat,4.1838
results2602/20260209S091959.889658E091959.889658_scanAz_slow.dat,4.2560
results2602/20260209S092000.850448E092000.850448_scanAz_slow.dat,4.2159
results2602/20260209S092001.808367E092001.808367_scanAz_slow.dat,4.1767
results2602/20260209S092002.768058E092002.768058_scanAz_slow.dat,4.3784
results2602/20260209S092003.727176E092003.727176_scanAz_slow.dat,4.2775
results2602/20260209S092004.690820E092004.690820_scanAz_slow.dat,4.3113
results2602/20260209S092005.652222E092005.652222_scanAz_slow.dat,4.2211
results2602/20260209S092006.607838E092006.607838_scanAz_slow.dat,4.0729
results2602/20260209S092007.569965E092007.569965_scanAz_slow.dat,4.1201
results2602/20260209S092008.532152E092008.532152_scanAz_slow.dat,4.1714
results2602/20260209S092009.488287E092009.488287_scanAz_slow.dat,4.1828
results2602/20260209S092010.450427E092010.450427_scanAz_slow.dat,4.1045
results2602/20260209S092011.406802E092011.406802_scanAz_slow.dat,4.1949
results2602/20260209S092012.369922E092012.369922_scanAz_slow.dat,4.2440
results2602/20260209S092013.325634E092013.325634_scanAz_slow.dat,4.2203
results2602/20260209S092014.285360E092014.285360_scanAz_slow.dat,4.2177
results2602/20260209S092015.248439E092015.248439_scanAz_slow.dat,4.2205
results2602/20260209S092016.210105E092016.210105_scanAz_slow.dat,4.2790
results2602/20260209S092017.172268E092017.172268_scanAz_slow.dat,4.0819
results2602/20260209S092018.131406E092018.131406_scanAz_slow.dat,4.2813
results2602/20260209S092019.087547E092019.087547_scanAz_slow.dat,4.0745
results2602/20260209S092020.048661E092020.048661_scanAz_slow.dat,4.2981
results2602/20260209S092021.008228E092021.008228_scanAz_slow.dat,4.2482
results2602/20260209S092021.969459E092021.969459_scanAz_slow.dat,4.1427
results2602/20260209S092022.929579E092022.929579_scanAz_slow.dat,4.0976
results2602/20260209S092023.889103E092023.889103_scanAz_slow.dat,4.1139
results2602/20260209S092024.850983E092024.850983_scanAz_slow.dat,4.0521
results2602/20260209S092025.811671E092025.811671_scanAz_slow.dat,4.2755
results2602/20260209S092026.772061E092026.772061_scanAz_slow.dat,4.0285
results2602/20260209S092027.730889E092027.730889_scanAz_slow.dat,3.9538
results2602/20260209S092028.685752E092028.685752_scanAz_slow.dat,4.1327
results2602/20260209S092029.648860E092029.648860_scanAz_slow.dat,4.2572
results2602/20260209S092030.610416E092030.610416_scanAz_slow.dat,4.0972
results2602/20260209S092031.567481E092031.567481_scanAz_slow.dat,4.2709
results2602/20260209S092032.529965E092032.529965_scanAz_slow.dat,4.2365
results2602/20260209S092033.490000E092033.490000_scanAz_slow.dat,3.9892
results2602/20260209S092034.445023E092034.445023_scanAz_slow.dat,4.1332
results2602/20260209S092035.411660E092035.411660_scanAz_slow.dat,4.0930
results2602/20260209S092036.368937E092036.368937_scanAz_slow.dat,4.0908
results2602/20260209S092037.330238E092037.330238_scanAz_slow.dat,4.0543
results2602/20260209S092038.286804E092038.286804_scanAz_slow.dat,3.9212
results2602/20260209S092039.249038E092039.249038_scanAz_slow.dat,4.0102
results2602/20260209S092040.208921E092040.208921_scanAz_slow.dat,4.1846
results2602/20260209S092041.170259E092041.170259_scanAz_slow.dat,3.9461
results2602/20260209S092042.132320E092042.132320_scanAz_slow.dat,4.3786
results2602/20260209S092043.088087E092043.088087_scanAz_slow.dat,4.2626
results2602/20260209S092044.050024E092044.050024_scanAz_slow.dat,4.0863
results2602/20260209S092045.009389E092045.009389_scanAz_slow.dat,4.0632
results2602/20260209S092045.967577E092045.967577_scanAz_slow.dat,4.0335
results2602/20260209S092046.928047E092046.928047_scanAz_slow.dat,4.0365
results2602/20260209S092047.889657E092047.889657_scanAz_slow.dat,4.2170
results2602/20260209S092048.845490E092048.845490_scanAz_slow.dat,4.1506
results2602/20260209S092049.807655E092049.807655_scanAz_slow.dat,4.1766
results2602/20260209S092050.770437E092050.770437_scanAz_slow.dat,4.3110
results2602/20260209S092051.726674E092051.726674_scanAz_slow.dat,4.0469
results2602/20260209S092052.690670E092052.690670_scanAz_slow.dat,4.2286
results2602/20260209S092053.652114E092053.652114_scanAz_slow.dat,4.3566
results2602/20260209S092054.610727E092054.610727_scanAz_slow.dat,4.1547
results2602/20260209S092055.567948E092055.567948_scanAz_slow.dat,4.2937
results2602/20260209S092056.530621E092056.530621_scanAz_slow.dat,4.0556
results2602/20260209S092057.490599E092057.490599_scanAz_slow.dat,4.2849
results2602/20260209S092058.446150E092058.446150_scanAz_slow.dat,4.1356
results2602/20260209S092059.410367E092059.410367_scanAz_slow.dat,4.1384
results2602/20260209S092100.371090E092100.371090_scanAz_slow.dat,4.2731
results2602/20260209S092101.330540E092101.330540_scanAz_slow.dat,4.1999
results2602/20260209S092102.290893E092102.290893_scanAz_slow.dat,4.1716
results2602/20260209S092103.252056E092103.252056_scanAz_slow.dat,4.1751
results2602/20260209S092104.208174E092104.208174_scanAz_slow.dat,4.1088
results2602/20260209S092105.170938E092105.170938_scanAz_slow.dat,4.1551
results2602/20260209S092106.132660E092106.132660_scanAz_slow.dat,4.0991
results2602/20260209S092107.092297E092107.092297_scanAz_slow.dat,4.0722
results2602/20260209S092108.049360E092108.049360_scanAz_slow.dat,4.1689
results2602/20260209S092109.010669E092109.010669_scanAz_slow.dat,3.8866
results2602/20260209S092109.971973E092109.971973_scanAz_slow.dat,4.3047
results2602/20260209S092110.929467E092110.929467_scanAz_slow.dat,4.0426
results2602/20260209S092111.891751E092111.891751_scanAz_slow.dat,4.1541
results2602/20260209S092112.851702E092112.851702_scanAz_slow.dat,3.9377
results2602/20260209S092113.812364E092113.812364_scanAz_slow.dat,4.0588
results2602/20260209S092114.772094E092114.772094_scanAz_slow.dat,3.9894
results2602/20260209S092115.732276E092115.732276_scanAz_slow.dat,4.1747
results2602/20260209S092116.688237E092116.688237_scanAz_slow.dat,4.0899
results2602/20260209S092117.649758E092117.649758_scanAz_slow.dat,4.1162
results2602/20260209S092118.608195E092118.608195_scanAz_slow.dat,4.2579
results2602/20260209S092119.569194E092119.569194_scanAz_slow.dat,4.1982
results2602/20260209S092120.531737E092120.531737_scanAz_slow.dat,4.2372
results2602/20260209S092121.492586E092121.492586_scanAz_slow.dat,4.0288
results2602/20260209S092122.449033E092122.449033_scanAz_slow.dat,3.9694
results2602/20260209S092123.410514E092123.410514_scanAz_slow.dat,4.2694
results2602/20260209S092124.372526E092124.372526_scanAz_slow.dat,4.2609
results2602/20260209S092125.333145E092125.333145_scanAz_slow.dat,4.0002
results2602/20260209S092126.289380E092126.289380_scanAz_slow.dat,4.3470
results2602/20260209S092127.249773E092127.249773_scanAz_slow.dat,4.0823
results2602/20260209S092128.209261E092128.209261_scanAz_slow.dat,4.0525
results2602/20260209S092129.170014E092129.170014_scanAz_slow.dat,4.4399
results2602/20260209S092130.132033E092130.132033_scanAz_slow.dat,4.1719
results2602/20260209S092131.091514E092131.091514_scanAz_slow.dat,4.0286
results2602/20260209S092132.051250E092132.051250_scanAz_slow.dat,4.3367
results2602/20260209S092133.012447E092133.012447_scanAz_slow.dat,4.3151
results2602/20260209S092133.969189E092133.969189_scanAz_slow.dat,4.1367
results2602/20260209S092134.932235E092134.932235_scanAz_slow.dat,4.2401
results2602/20260209S092135.892378E092135.892378_scanAz_slow.dat,4.0611
results2602/20260209S092136.853639E092136.853639_scanAz_slow.dat,3.9354
results2602/20260209S092137.812874E092137.812874_scanAz_slow.dat,4.2510
results2602/20260209S092138.769324E092138.769324_scanAz_slow.dat,4.1666
results2602/20260209S092139.731079E092139.731079_scanAz_slow.dat,4.2431
results2602/20260209S092140.688427E092140.688427_scanAz_slow.dat,4.0862
results2602/20260209S092141.651726E092141.651726_scanAz_slow.dat,4.3250
results2602/20260209S092142.610941E092142.610941_scanAz_slow.dat,4.2585
results2602/20260209S092143.572952E092143.572952_scanAz_slow.dat,4.0801
results2602/20260209S092144.533074E092144.533074_scanAz_slow.dat,4.3096
results2602/20260209S092145.488309E092145.488309_scanAz_slow.dat,4.0054
results2602/20260209S092146.450167E092146.450167_scanAz_slow.dat,4.1689
results2602/20260209S092147.410215E092147.410215_scanAz_slow.dat,4.2942
results2602/20260209S092148.369885E092148.369885_scanAz_slow.dat,4.2141
results2602/20260209S092149.330058E092149.330058_scanAz_slow.dat,4.2161
results2602/20260209S092150.292066E092150.292066_scanAz_slow.dat,4.0855
results2602/20260209S092151.246829E092151.246829_scanAz_slow.dat,3.8466
results2602/20260209S092152.207119E092152.207119_scanAz_slow.dat,4.0181
results2602/20260209S092153.170029E092153.170029_scanAz_slow.dat,4.0468
results2602/20260209S092154.132206E092154.132206_scanAz_slow.dat,3.9177
results2602/20260209S092155.093448E092155.093448_scanAz_slow.dat,4.2605
results2602/20260209S092156.054242E092156.054242_scanAz_slow.dat,4.3336
results2602/20260209S092157.012752E092157.012752_scanAz_slow.dat,4.1390
results2602/20260209S092157.968892E092157.968892_scanAz_slow.dat,4.0857
results2602/20260209S092158.929995E092158.929995_scanAz_slow.dat,3.9899
results2602/20260209S092159.889376E092159.889376_scanAz_slow.dat,4.3025
results2602/20260209S092200.852876E092200.852876_scanAz_slow.dat,4.3955
results2602/20260209S092201.807396E092201.807396_scanAz_slow.dat,4.0464
results2602/20260209S092202.767228E092202.767228_scanAz_slow.dat,4.1617
results2602/20260209S092203.730022E092203.730022_scanAz_slow.dat,4.2151
results2602/20260209S092204.691564E092204.691564_scanAz_slow.dat,4.2502
results2602/20260209S092205.653160E092205.653160_scanAz_slow.dat,4.1839
results2602/20260209S092206.609030E092206.609030_scanAz_slow.dat,4.3035
results2602/20260209S092207.570423E092207.570423_scanAz_slow.dat,4.0669
results2602/20260209S092208.530156E092208.530156_scanAz_slow.dat,4.0682
results2602/20260209S092209.490933E092209.490933_scanAz_slow.dat,4.2119
results2602/20260209S092210.447264E092210.447264_scanAz_slow.dat,4.2730
results2602/20260209S092211.410508E092211.410508_scanAz_slow.dat,4.3515
results2602/20260209S092212.370335E092212.370335_scanAz_slow.dat,4.1497
results2602/20260209S092213.333084E092213.333084_scanAz_slow.dat,4.2163
results2602/20260209S092214.292252E092214.292252_scanAz_slow.dat,4.2937
results2602/20260209S092215.248601E092215.248601_scanAz_slow.dat,4.1783
results2602/20260209S092216.208302E092216.208302_scanAz_slow.dat,4.1435
results2602/20260209S092217.173159E092217.173159_scanAz_slow.dat,4.1233
results2602/20260209S092218.133126E092218.133126_scanAz_slow.dat,4.3538
results2602/20260209S092219.092602E092219.092602_scanAz_slow.dat,4.1255
results2602/20260209S092220.052592E092220.052592_scanAz_slow.dat,4.2802
results2602/20260209S092221.012308E092221.012308_scanAz_slow.dat,4.0301
results2602/20260209S092221.969421E092221.969421_scanAz_slow.dat,4.1219
results2602/20260209S092222.928830E092222.928830_scanAz_slow.dat,4.0563
results2602/20260209S092223.890661E092223.890661_scanAz_slow.dat,4.1766
results2602/20260209S092224.850575E092224.850575_scanAz_slow.dat,4.2945
results2602/20260209S092225.810467E092225.810467_scanAz_slow.dat,4.1188
results2602/20260209S092226.770864E092226.770864_scanAz_slow.dat,4.0922
results2602/20260209S092227.732084E092227.732084_scanAz_slow.dat,4.3015
results2602/20260209S092228.693403E092228.693403_scanAz_slow.dat,4.2464
results2602/20260209S092229.650950E092229.650950_scanAz_slow.dat,4.2377
results2602/20260209S092230.610959E092230.610959_scanAz_slow.dat,4.2892
results2602/20260209S092231.572100E092231.572100_scanAz_slow.dat,4.3608
results2602/20260209S092232.533343E092232.533343_scanAz_slow.dat,4.2032
results2602/20260209S092233.492837E092233.492837_scanAz_slow.dat,4.2485
results2602/20260209S092234.449385E092234.449385_scanAz_slow.dat,3.9489
results2602/20260209S092235.412597E092235.412597_scanAz_slow.dat,4.0533
results2602/20260209S092236.372918E092236.372918_scanAz_slow.dat,4.1435
results2602/20260209S092237.329120E092237.329120_scanAz_slow.dat,4.2093
results2602/20260209S092238.293520E092238.293520_scanAz_slow.dat,4.1331
results2602/20260209S092239.253210E092239.253210_scanAz_slow.dat,4.0674
results2602/20260209S092240.209281E092240.209281_scanAz_slow.dat,4.1134
results2602/20260209S092241.173073E092241.173073_scanAz_slow.dat,4.1520
results2602/20260209S092242.133831E092242.133831_scanAz_slow.dat,4.2340
results2602/20260209S092243.092282E092243.092282_scanAz_slow.dat,4.3435
results2602/20260209S092244.052986E092244.052986_scanAz_slow.dat,4.1268
results2602/20260209S092245.013012E092245.013012_scanAz_slow.dat,4.2510
results2602/20260209S092245.972359E092245.972359_scanAz_slow.dat,4.1394
results2602/20260209S092246.930841E092246.930841_scanAz_slow.dat,4.2841
results2602/20260209S092247.891052E092247.891052_scanAz_slow.dat,4.3706
results2602/20260209S092248.852014E092248.852014_scanAz_slow.dat,4.0843
results2602/20260209S092249.810875E092249.810875_scanAz_slow.dat,4.2500
results2602/20260209S092250.769035E092250.769035_scanAz_slow.dat,4.3351
results2602/20260209S092251.730697E092251.730697_scanAz_slow.dat,4.0566
results2602/20260209S092252.693524E092252.693524_scanAz_slow.dat,4.0785
results2602/20260209S092253.652611E092253.652611_scanAz_slow.dat,4.1607
results2602/20260209S092254.612668E092254.612668_scanAz_slow.dat,3.9471
results2602/20260209S092255.572044E092255.572044_scanAz_slow.dat,4.2553
results2602/20260209S092256.533528E092256.533528_scanAz_slow.dat,4.2515
results2602/20260209S092257.490806E092257.490806_scanAz_slow.dat,4.0033
results2602/20260209S092258.450638E092258.450638_scanAz_slow.dat,4.3448
results2602/20260209S092259.413907E092259.413907_scanAz_slow.dat,4.1423
results2602/20260209S092300.371399E092300.371399_scanAz_slow.dat,4.1899
results2602/20260209S092301.331080E092301.331080_scanAz_slow.dat,3.9373
results2602/20260209S092302.292806E092302.292806_scanAz_slow.dat,4.0992
results2602/20260209S092303.249630E092303.249630_scanAz_slow.dat,4.1522
results2602/20260209S092304.209730E092304.209730_scanAz_slow.dat,4.2956
results2602/20260209S092305.170704E092305.170704_scanAz_slow.dat,4.1200
results2602/20260209S092306.133853E092306.133853_scanAz_slow.dat,4.0340
results2602/20260209S092307.089463E092307.089463_scanAz_slow.dat,4.0986
results2602/20260209S092308.050283E092308.050283_scanAz_slow.dat,4.0268
results2602/20260209S092309.012400E092309.012400_scanAz_slow.dat,4.0448
results2602/20260209S092309.969782E092309.969782_scanAz_slow.dat,3.9703
results2602/20260209S092310.932838E092310.932838_scanAz_slow.dat,4.2499
results2602/20260209S092311.892239E092311.892239_scanAz_slow.dat,4.1992
results2602/20260209S092312.852345E092312.852345_scanAz_slow.dat,4.1196
results2602/20260209S092313.812260E092313.812260_scanAz_slow.dat,4.2788
results2602/20260209S092314.772407E092314.772407_scanAz_slow.dat,4.2297
results2602/20260209S092315.731354E092315.731354_scanAz_slow.dat,4.1442
results2602/20260209S092316.693969E092316.693969_scanAz_slow.dat,4.2079
results2602/20260209S092317.650056E092317.650056_scanAz_slow.dat,4.5407
results2602/20260209S092318.610344E092318.610344_scanAz_slow.dat,4.3854
results2602/20260209S092319.571470E092319.571470_scanAz_slow.dat,4.1622
results2602/20260209S092320.531030E092320.531030_scanAz_slow.dat,4.2120
results2602/20260209S092321.492226E092321.492226_scanAz_slow.dat,4.2257
results2602/20260209S092322.450828E092322.450828_scanAz_slow.dat,4.1249
results2602/20260209S092323.413903E092323.413903_scanAz_slow.dat,4.1765
results2602/20260209S092324.369775E092324.369775_scanAz_slow.dat,4.3449
results2602/20260209S092325.331243E092325.331243_scanAz_slow.dat,4.1471
results2602/20260209S092326.290731E092326.290731_scanAz_slow.dat,4.2220
results2602/20260209S092327.249594E092327.249594_scanAz_slow.dat,4.1057
results2602/20260209S092328.210566E092328.210566_scanAz_slow.dat,4.1330
results2602/20260209S092329.170917E092329.170917_scanAz_slow.dat,4.1987
results2602/20260209S092330.132633E092330.132633_scanAz_slow.dat,4.1995
results2602/20260209S092331.090760E092331.090760_scanAz_slow.dat,4.2601
results2602/20260209S092332.050611E092332.050611_scanAz_slow.dat,4.1845
results2602/20260209S092333.009577E092333.009577_scanAz_slow.dat,4.3683
results2602/20260209S092333.971718E092333.971718_scanAz_slow.dat,4.1794
results2602/20260209S092334.932164E092334.932164_scanAz_slow.dat,4.3339
results2602/20260209S092335.892472E092335.892472_scanAz_slow.dat,4.2187
results2602/20260209S092336.852719E092336.852719_scanAz_slow.dat,3.8804
results2602/20260209S092337.813262E092337.813262_scanAz_slow.dat,4.4150
results2602/20260209S092338.769749E092338.769749_scanAz_slow.dat,4.3117
results2602/20260209S092339.730022E092339.730022_scanAz_slow.dat,3.8662
results2602/20260209S092340.692717E092340.692717_scanAz_slow.dat,4.1147
results2602/20260209S092341.653712E092341.653712_scanAz_slow.dat,4.3272
results2602/20260209S092342.610337E092342.610337_scanAz_slow.dat,4.2468
results2602/20260209S092343.568168E092343.568168_scanAz_slow.dat,4.1674
results2602/20260209S092344.531830E092344.531830_scanAz_slow.dat,4.1386
results2602/20260209S092345.492538E092345.492538_scanAz_slow.dat,4.2389
results2602/20260209S092346.452012E092346.452012_scanAz_slow.dat,4.3027
results2602/20260209S092347.414388E092347.414388_scanAz_slow.dat,4.2080
results2602/20260209S092348.369784E092348.369784_scanAz_slow.dat,4.2928
results2602/20260209S092349.333329E092349.333329_scanAz_slow.dat,4.2119
results2602/20260209S092350.288438E092350.288438_scanAz_slow.dat,4.1277
results2602/20260209S092351.249207E092351.249207_scanAz_slow.dat,4.2941
results2602/20260209S092352.211130E092352.211130_scanAz_slow.dat,4.2391
results2602/20260209S092353.172239E092353.172239_scanAz_slow.dat,4.1841
results2602/20260209S092354.134137E092354.134137_scanAz_slow.dat,4.1313
results2602/20260209S092355.090323E092355.090323_scanAz_slow.dat,4.1548
results2602/20260209S092356.053073E092356.053073_scanAz_slow.dat,4.1365
results2602/20260209S092357.010229E092357.010229_scanAz_slow.dat,4.1292
results2602/20260209S092357.973832E092357.973832_scanAz_slow.dat,4.0853
results2602/20260209S092358.930005E092358.930005_scanAz_slow.dat,4.1789
results2602/20260209S092359.892938E092359.892938_scanAz_slow.dat,4.3124
results2602/20260209S092400.851955E092400.851955_scanAz_slow.dat,4.2964
results2602/20260209S092401.810057E092401.810057_scanAz_slow.dat,4.1639
results2602/20260209S092402.772057E092402.772057_scanAz_slow.dat,4.0377
results2602/20260209S092403.733651E092403.733651_scanAz_slow.dat,4.2380
results2602/20260209S092404.694938E092404.694938_scanAz_slow.dat,4.1963
results2602/20260209S092405.651431E092405.651431_scanAz_slow.dat,3.9912
results2602/20260209S092406.614673E092406.614673_scanAz_slow.dat,4.2491
results2602/20260209S092407.571761E092407.571761_scanAz_slow.dat,4.1051
results2602/20260209S092408.527931E092408.527931_scanAz_slow.dat,4.3099
results2602/20260209S092409.489869E092409.489869_scanAz_slow.dat,4.1004
results2602/20260209S092410.451963E092410.451963_scanAz_slow.dat,4.3181
results2602/20260209S092411.410462E092411.410462_scanAz_slow.dat,4.2275
results2602/20260209S092412.373851E092412.373851_scanAz_slow.dat,4.4611
results2602/20260209S092413.330303E092413.330303_scanAz_slow.dat,3.9657
results2602/20260209S092414.292395E092414.292395_scanAz_slow.dat,4.1009
results2602/20260209S092415.254311E092415.254311_scanAz_slow.dat,4.1526
results2602/20260209S092416.215315E092416.215315_scanAz_slow.dat,4.1955
results2602/20260209S092417.171721E092417.171721_scanAz_slow.dat,4.4072
results2602/20260209S092418.134252E092418.134252_scanAz_slow.dat,4.2425
results2602/20260209S092419.095578E092419.095578_scanAz_slow.dat,4.1457
results2602/20260209S092420.050195E092420.050195_scanAz_slow.dat,4.2276
results2602/20260209S092421.011102E092421.011102_scanAz_slow.dat,4.3375
results2602/20260209S092421.970642E092421.970642_scanAz_slow.dat,4.1129
results2602/20260209S092422.934834E092422.934834_scanAz_slow.dat,4.0104
results2602/20260209S092423.893855E092423.893855_scanAz_slow.dat,4.1191
results2602/20260209S092424.852352E092424.852352_scanAz_slow.dat,4.1853
results2602/20260209S092425.815098E092425.815098_scanAz_slow.dat,4.1298
results2602/20260209S092426.772016E092426.772016_scanAz_slow.dat,4.1290
results2602/20260209S092427.732057E092427.732057_scanAz_slow.dat,4.3121
results2602/20260209S092428.693034E092428.693034_scanAz_slow.dat,4.2451
results2602/20260209S092429.655016E092429.655016_scanAz_slow.dat,4.2183
results2602/20260209S092430.609851E092430.609851_scanAz_slow.dat,4.0652
results2602/20260209S092431.576418E092431.576418_scanAz_slow.dat,4.4453
results2602/20260209S092432.535091E092432.535091_scanAz_slow.dat,4.2934
results2602/20260209S092433.494968E092433.494968_scanAz_slow.dat,4.2489
results2602/20260209S092434.450181E092434.450181_scanAz_slow.dat,4.0224
results2602/20260209S092435.412315E092435.412315_scanAz_slow.dat,4.1610
results2602/20260209S092436.369888E092436.369888_scanAz_slow.dat,4.1329
results2602/20260209S092437.332893E092437.332893_scanAz_slow.dat,4.2215
results2602/20260209S092438.294301E092438.294301_scanAz_slow.dat,4.2292
results2602/20260209S092439.249986E092439.249986_scanAz_slow.dat,4.0758
results2602/20260209S092440.212284E092440.212284_scanAz_slow.dat,4.1046
results2602/20260209S092441.172882E092441.172882_scanAz_slow.dat,4.0725
results2602/20260209S092442.133630E092442.133630_scanAz_slow.dat,4.1332
results2602/20260209S092443.093512E092443.093512_scanAz_slow.dat,4.2734
results2602/20260209S092444.053139E092444.053139_scanAz_slow.dat,4.1594
results2602/20260209S092445.009739E092445.009739_scanAz_slow.dat,4.1358
results2602/20260209S092445.969865E092445.969865_scanAz_slow.dat,4.2074
results2602/20260209S092446.933980E092446.933980_scanAz_slow.dat,4.2712
results2602/20260209S092447.893524E092447.893524_scanAz_slow.dat,4.2348
results2602/20260209S092448.850910E092448.850910_scanAz_slow.dat,4.1798
results2602/20260209S092449.812353E092449.812353_scanAz_slow.dat,3.8426
results2602/20260209S092450.773980E092450.773980_scanAz_slow.dat,4.1232
results2602/20260209S092451.733428E092451.733428_scanAz_slow.dat,4.0942
results2602/20260209S092452.695119E092452.695119_scanAz_slow.dat,3.9229
results2602/20260209S092453.656019E092453.656019_scanAz_slow.dat,4.3478
results2602/20260209S092454.610890E092454.610890_scanAz_slow.dat,4.1262
results2602/20260209S092455.574681E092455.574681_scanAz_slow.dat,4.3190
results2602/20260209S092456.533811E092456.533811_scanAz_slow.dat,4.3224
results2602/20260209S092457.493867E092457.493867_scanAz_slow.dat,4.1706
results2602/20260209S092458.454337E092458.454337_scanAz_slow.dat,4.1570
results2602/20260209S092459.415711E092459.415711_scanAz_slow.dat,4.2509
results2602/20260209S092500.372501E092500.372501_scanAz_slow.dat,4.0721
results2602/20260209S092501.335810E092501.335810_scanAz_slow.dat,4.0552
results2602/20260209S092502.294915E092502.294915_scanAz_slow.dat,4.0032
results2602/20260209S092503.252809E092503.252809_scanAz_slow.dat,4.3987
results2602/20260209S092504.212785E092504.212785_scanAz_slow.dat,4.3490
results2602/20260209S092505.174401E092505.174401_scanAz_slow.dat,4.2436
results2602/20260209S092506.130756E092506.130756_scanAz_slow.dat,4.2146
results2602/20260209S092507.090899E092507.090899_scanAz_slow.dat,4.2106
results2602/20260209S092508.053017E092508.053017_scanAz_slow.dat,4.0079
results2602/20260209S092509.013208E092509.013208_scanAz_slow.dat,4.0681
results2602/20260209S092509.973793E092509.973793_scanAz_slow.dat,4.3490
results2602/20260209S092510.934129E092510.934129_scanAz_slow.dat,4.4359
results2602/20260209S092511.896184E092511.896184_scanAz_slow.dat,4.4257
results2602/20260209S092512.852180E092512.852180_scanAz_slow.dat,4.0566
results2602/20260209S092513.814176E092513.814176_scanAz_slow.dat,4.0744
results2602/20260209S092514.775834E092514.775834_scanAz_slow.dat,4.2221
results2602/20260209S092515.735738E092515.735738_scanAz_slow.dat,4.2596
results2602/20260209S092516.696047E092516.696047_scanAz_slow.dat,4.2349
results2602/20260209S092517.652381E092517.652381_scanAz_slow.dat,4.3332
results2602/20260209S092518.613998E092518.613998_scanAz_slow.dat,4.2292
results2602/20260209S092519.574944E092519.574944_scanAz_slow.dat,4.1257
results2602/20260209S092520.535955E092520.535955_scanAz_slow.dat,4.0577
results2602/20260209S092521.495236E092521.495236_scanAz_slow.dat,4.1751
results2602/20260209S092522.454305E092522.454305_scanAz_slow.dat,4.0271
results2602/20260209S092523.415831E092523.415831_scanAz_slow.dat,4.3008
results2602/20260209S092524.372519E092524.372519_scanAz_slow.dat,4.2488
results2602/20260209S092525.332853E092525.332853_scanAz_slow.dat,3.9518
results2602/20260209S092526.293848E092526.293848_scanAz_slow.dat,4.0653
results2602/20260209S092527.253907E092527.253907_scanAz_slow.dat,4.1101
results2602/20260209S092528.216170E092528.216170_scanAz_slow.dat,4.2110
results2602/20260209S092529.171661E092529.171661_scanAz_slow.dat,4.1282
results2602/20260209S092530.133181E092530.133181_scanAz_slow.dat,3.9399
results2602/20260209S092531.095915E092531.095915_scanAz_slow.dat,4.2308
results2602/20260209S092532.055781E092532.055781_scanAz_slow.dat,4.2356
results2602/20260209S092533.016054E092533.016054_scanAz_slow.dat,4.3628
results2602/20260209S092533.971401E092533.971401_scanAz_slow.dat,4.2030
results2602/20260209S092534.934488E092534.934488_scanAz_slow.dat,4.0595
results2602/20260209S092535.896201E092535.896201_scanAz_slow.dat,4.0875
results2602/20260209S092536.851560E092536.851560_scanAz_slow.dat,4.2993
results2602/20260209S092537.812311E092537.812311_scanAz_slow.dat,4.0890
results2602/20260209S092538.774256E092538.774256_scanAz_slow.dat,4.2061
results2602/20260209S092539.735654E092539.735654_scanAz_slow.dat,4.0615
results2602/20260209S092540.696078E092540.696078_scanAz_slow.dat,4.1447
results2602/20260209S092541.656177E092541.656177_scanAz_slow.dat,4.3204
results2602/20260209S092542.614257E092542.614257_scanAz_slow.dat,3.9759
results2602/20260209S092543.571907E092543.571907_scanAz_slow.dat,4.1325
results2602/20260209S092544.535888E092544.535888_scanAz_slow.dat,4.1787
results2602/20260209S092545.495602E092545.495602_scanAz_slow.dat,3.9916
results2602/20260209S092546.451699E092546.451699_scanAz_slow.dat,4.0184
results2602/20260209S092547.416212E092547.416212_scanAz_slow.dat,4.0866
results2602/20260209S092548.372686E092548.372686_scanAz_slow.dat,4.2959
results2602/20260209S092549.336262E092549.336262_scanAz_slow.dat,4.1284
results2602/20260209S092550.293163E092550.293163_scanAz_slow.dat,4.1769
results2602/20260209S092551.253221E092551.253221_scanAz_slow.dat,4.0299
results2602/20260209S092552.214263E092552.214263_scanAz_slow.dat,4.3410
results2602/20260209S092553.171886E092553.171886_scanAz_slow.dat,4.1914
results2602/20260209S092554.136515E092554.136515_scanAz_slow.dat,4.0696
results2602/20260209S092555.092928E092555.092928_scanAz_slow.dat,4.2329
results2602/20260209S092556.053916E092556.053916_scanAz_slow.dat,4.1726
results2602/20260209S092557.015618E092557.015618_scanAz_slow.dat,4.1001
results2602/20260209S092557.976518E092557.976518_scanAz_slow.dat,4.1654
results2602/20260209S092558.933105E092558.933105_scanAz_slow.dat,4.1971
results2602/20260209S092559.891450E092559.891450_scanAz_slow.dat,4.1928
results2602/20260209S092600.856224E092600.856224_scanAz_slow.dat,4.2372
results2602/20260209S092601.811231E092601.811231_scanAz_slow.dat,4.0947
results2602/20260209S092602.770833E092602.770833_scanAz_slow.dat,4.2913
results2602/20260209S092603.733888E092603.733888_scanAz_slow.dat,4.2272
results2602/20260209S092604.694595E092604.694595_scanAz_slow.dat,4.2412
results2602/20260209S092605.656711E092605.656711_scanAz_slow.dat,4.1032
results2602/20260209S092606.612201E092606.612201_scanAz_slow.dat,4.1776
results2602/20260209S092607.574993E092607.574993_scanAz_slow.dat,4.1927
results2602/20260209S092608.533631E092608.533631_scanAz_slow.dat,4.3466
results2602/20260209S092609.493638E092609.493638_scanAz_slow.dat,4.2385
results2602/20260209S092610.455555E092610.455555_scanAz_slow.dat,4.1578
results2602/20260209S092611.414990E092611.414990_scanAz_slow.dat,4.0600
results2602/20260209S092612.371085E092612.371085_scanAz_slow.dat,4.2904
results2602/20260209S092613.336711E092613.336711_scanAz_slow.dat,4.3011
results2602/20260209S092614.290171E092614.290171_scanAz_slow.dat,4.1898
results2602/20260209S092615.252324E092615.252324_scanAz_slow.dat,4.0420
results2602/20260209S092616.216508E092616.216508_scanAz_slow.dat,4.2195
results2602/20260209S092617.174654E092617.174654_scanAz_slow.dat,4.2211
results2602/20260209S092618.136283E092618.136283_scanAz_slow.dat,4.1829
results2602/20260209S092619.092010E092619.092010_scanAz_slow.dat,4.3969
results2602/20260209S092620.055753E092620.055753_scanAz_slow.dat,4.0934
results2602/20260209S092621.016678E092621.016678_scanAz_slow.dat,4.1171
results2602/20260209S092621.971679E092621.971679_scanAz_slow.dat,4.3051
results2602/20260209S092622.936802E092622.936802_scanAz_slow.dat,4.2329
results2602/20260209S092623.896873E092623.896873_scanAz_slow.dat,4.2018
results2602/20260209S092624.852270E092624.852270_scanAz_slow.dat,4.1251
results2602/20260209S092625.810095E092625.810095_scanAz_slow.dat,4.3168
results2602/20260209S092626.773932E092626.773932_scanAz_slow.dat,4.3837
results2602/20260209S092627.733847E092627.733847_scanAz_slow.dat,4.3271
results2602/20260209S092628.694835E092628.694835_scanAz_slow.dat,4.2078
results2602/20260209S092629.653076E092629.653076_scanAz_slow.dat,4.1367
results2602/20260209S092630.615115E092630.615115_scanAz_slow.dat,4.3297
results2602/20260209S092631.575646E092631.575646_scanAz_slow.dat,4.2054
results2602/20260209S092632.532096E092632.532096_scanAz_slow.dat,3.8716
results2602/20260209S092633.495299E092633.495299_scanAz_slow.dat,4.3114
results2602/20260209S092634.452073E092634.452073_scanAz_slow.dat,4.3047
results2602/20260209S092635.412171E092635.412171_scanAz_slow.dat,4.1339
results2602/20260209S092636.375035E092636.375035_scanAz_slow.dat,4.1911
results2602/20260209S092637.337062E092637.337062_scanAz_slow.dat,4.0501
results2602/20260209S092638.292463E092638.292463_scanAz_slow.dat,4.1915
results2602/20260209S092639.255713E092639.255713_scanAz_slow.dat,4.3683
results2602/20260209S092640.212131E092640.212131_scanAz_slow.dat,4.3555
results2602/20260209S092641.172143E092641.172143_scanAz_slow.dat,3.9565
results2602/20260209S092642.136317E092642.136317_scanAz_slow.dat,4.0308
results2602/20260209S092643.092523E092643.092523_scanAz_slow.dat,4.2531
results2602/20260209S092644.054142E092644.054142_scanAz_slow.dat,4.3122
results2602/20260209S092645.014722E092645.014722_scanAz_slow.dat,4.3088
results2602/20260209S092645.972301E092645.972301_scanAz_slow.dat,4.0566
results2602/20260209S092646.932364E092646.932364_scanAz_slow.dat,4.2643
results2602/20260209S092647.892535E092647.892535_scanAz_slow.dat,4.1290
results2602/20260209S092648.853049E092648.853049_scanAz_slow.dat,4.4332
results2602/20260209S092649.814143E092649.814143_scanAz_slow.dat,4.0650
results2602/20260209S092650.776793E092650.776793_scanAz_slow.dat,4.3753
results2602/20260209S092651.733412E092651.733412_scanAz_slow.dat,4.3992
results2602/20260209S092652.692424E092652.692424_scanAz_slow.dat,4.3685
results2602/20260209S092653.655715E092653.655715_scanAz_slow.dat,4.0816
results2602/20260209S092654.616193E092654.616193_scanAz_slow.dat,4.1832
results2602/20260209S092655.572072E092655.572072_scanAz_slow.dat,4.2005
results2602/20260209S092656.535764E092656.535764_scanAz_slow.dat,4.0839
results2602/20260209S092657.496011E092657.496011_scanAz_slow.dat,4.0709
results2602/20260209S092658.454000E092658.454000_scanAz_slow.dat,4.1203
results2602/20260209S092659.414078E092659.414078_scanAz_slow.dat,4.2771
results2602/20260209S092700.374990E092700.374990_scanAz_slow.dat,4.1858
results2602/20260209S092701.335462E092701.335462_scanAz_slow.dat,4.1933
results2602/20260209S092702.296016E092702.296016_scanAz_slow.dat,4.2842
results2602/20260209S092703.256993E092703.256993_scanAz_slow.dat,4.4043
results2602/20260209S092704.217377E092704.217377_scanAz_slow.dat,4.1997
results2602/20260209S092705.174080E092705.174080_scanAz_slow.dat,4.2688
results2602/20260209S092706.136810E092706.136810_scanAz_slow.dat,4.0334
results2602/20260209S092707.091354E092707.091354_scanAz_slow.dat,4.1323
results2602/20260209S092708.054004E092708.054004_scanAz_slow.dat,4.0783
results2602/20260209S092709.017160E092709.017160_scanAz_slow.dat,4.3323
results2602/20260209S092709.972539E092709.972539_scanAz_slow.dat,4.2579
results2602/20260209S092710.934167E092710.934167_scanAz_slow.dat,4.1851
results2602/20260209S092711.894620E092711.894620_scanAz_slow.dat,4.1194
results2602/20260209S092712.852229E092712.852229_scanAz_slow.dat,4.3456
results2602/20260209S092713.814786E092713.814786_scanAz_slow.dat,4.3154
results2602/20260209S092714.776887E092714.776887_scanAz_slow.dat,4.2158
results2602/20260209S092715.737790E092715.737790_scanAz_slow.dat,4.2532
results2602/20260209S092716.692823E092716.692823_scanAz_slow.dat,4.2390
results2602/20260209S092717.656746E092717.656746_scanAz_slow.dat,4.1625
results2602/20260209S092718.612990E092718.612990_scanAz_slow.dat,3.9961
results2602/20260209S092719.575533E092719.575533_scanAz_slow.dat,4.1011
results2602/20260209S092720.534962E092720.534962_scanAz_slow.dat,4.2797
results2602/20260209S092721.494351E092721.494351_scanAz_slow.dat,4.1853
results2602/20260209S092722.455847E092722.455847_scanAz_slow.dat,4.2455
results2602/20260209S092723.414241E092723.414241_scanAz_slow.dat,4.1141
results2602/20260209S092724.375374E092724.375374_scanAz_slow.dat,4.0488
results2602/20260209S092725.337516E092725.337516_scanAz_slow.dat,4.2690
results2602/20260209S092726.299208E092726.299208_scanAz_slow.dat,4.2339
results2602/20260209S092727.256513E092727.256513_scanAz_slow.dat,4.4214
results2602/20260209S092728.212707E092728.212707_scanAz_slow.dat,4.3916
results2602/20260209S092729.174600E092729.174600_scanAz_slow.dat,4.2504
results2602/20260209S092730.134465E092730.134465_scanAz_slow.dat,4.3858
results2602/20260209S092731.092908E092731.092908_scanAz_slow.dat,4.3539
results2602/20260209S092732.056568E092732.056568_scanAz_slow.dat,4.1268
results2602/20260209S092733.013048E092733.013048_scanAz_slow.dat,3.9296
results2602/20260209S092733.977009E092733.977009_scanAz_slow.dat,4.3277
results2602/20260209S092734.936214E092734.936214_scanAz_slow.dat,4.0216
results2602/20260209S092735.894970E092735.894970_scanAz_slow.dat,4.2669
results2602/20260209S092736.855996E092736.855996_scanAz_slow.dat,4.0151
results2602/20260209S092737.816095E092737.816095_scanAz_slow.dat,4.1422
results2602/20260209S092738.773494E092738.773494_scanAz_slow.dat,4.3054
results2602/20260209S092739.734809E092739.734809_scanAz_slow.dat,4.2419
results2602/20260209S092740.696023E092740.696023_scanAz_slow.dat,4.1398
results2602/20260209S092741.656157E092741.656157_scanAz_slow.dat,4.1860
results2602/20260209S092742.616692E092742.616692_scanAz_slow.dat,4.2231
results2602/20260209S092743.572300E092743.572300_scanAz_slow.dat,4.2981
results2602/20260209S092744.535112E092744.535112_scanAz_slow.dat,4.3176
results2602/20260209S092745.495912E092745.495912_scanAz_slow.dat,4.1227
results2602/20260209S092746.452351E092746.452351_scanAz_slow.dat,4.1600
results2602/20260209S092747.413344E092747.413344_scanAz_slow.dat,4.3259
results2602/20260209S092748.376288E092748.376288_scanAz_slow.dat,4.2487
results2602/20260209S092749.332927E092749.332927_scanAz_slow.dat,4.2896
results2602/20260209S092750.293485E092750.293485_scanAz_slow.dat,4.0875
results2602/20260209S092751.255058E092751.255058_scanAz_slow.dat,4.3488
results2602/20260209S092752.213830E092752.213830_scanAz_slow.dat,4.0945
results2602/20260209S092753.176222E092753.176222_scanAz_slow.dat,4.3282
results2602/20260209S092754.133801E092754.133801_scanAz_slow.dat,4.2638
results2602/20260209S092755.096140E092755.096140_scanAz_slow.dat,4.2444
results2602/20260209S092756.055043E092756.055043_scanAz_slow.dat,3.9948
results2602/20260209S092757.017943E092757.017943_scanAz_slow.dat,4.2482
results2602/20260209S092757.978129E092757.978129_scanAz_slow.dat,4.1203
results2602/20260209S092758.935263E092758.935263_scanAz_slow.dat,4.1964
results2602/20260209S092759.898048E092759.898048_scanAz_slow.dat,4.2444
results2602/20260209S092800.854601E092800.854601_scanAz_slow.dat,4.1027
results2602/20260209S092801.814450E092801.814450_scanAz_slow.dat,4.0745
results2602/20260209S092802.780276E092802.780276_scanAz_slow.dat,4.1714
results2602/20260209S092803.736303E092803.736303_scanAz_slow.dat,4.2304
results2602/20260209S092804.696722E092804.696722_scanAz_slow.dat,4.3968
results2602/20260209S092805.656849E092805.656849_scanAz_slow.dat,4.2352
results2602/20260209S092806.616105E092806.616105_scanAz_slow.dat,4.1344
results2602/20260209S092807.576654E092807.576654_scanAz_slow.dat,4.3010
results2602/20260209S092808.536853E092808.536853_scanAz_slow.dat,4.5060
results2602/20260209S092809.496578E092809.496578_scanAz_slow.dat,4.3159
results2602/20260209S092810.452906E092810.452906_scanAz_slow.dat,4.2129
results2602/20260209S092811.413859E092811.413859_scanAz_slow.dat,4.3214
results2602/20260209S092812.375830E092812.375830_scanAz_slow.dat,4.3211
results2602/20260209S092813.331622E092813.331622_scanAz_slow.dat,4.0115
results2602/20260209S092814.295100E092814.295100_scanAz_slow.dat,4.0819
results2602/20260209S092815.256165E092815.256165_scanAz_slow.dat,4.2373
results2602/20260209S092816.218194E092816.218194_scanAz_slow.dat,4.0240
results2602/20260209S092817.175717E092817.175717_scanAz_slow.dat,4.2119
results2602/20260209S092818.134977E092818.134977_scanAz_slow.dat,4.2145
results2602/20260209S092819.097121E092819.097121_scanAz_slow.dat,4.3280
results2602/20260209S092820.052088E092820.052088_scanAz_slow.dat,4.4155
results2602/20260209S092821.015767E092821.015767_scanAz_slow.dat,4.2243
results2602/20260209S092821.974940E092821.974940_scanAz_slow.dat,4.1418
results2602/20260209S092822.936086E092822.936086_scanAz_slow.dat,4.2507
results2602/20260209S092823.896345E092823.896345_scanAz_slow.dat,4.1441
results2602/20260209S092824.855311E092824.855311_scanAz_slow.dat,4.0906
results2602/20260209S092825.818634E092825.818634_scanAz_slow.dat,4.0774
results2602/20260209S092826.773882E092826.773882_scanAz_slow.dat,4.0922
results2602/20260209S092827.734262E092827.734262_scanAz_slow.dat,4.3011
results2602/20260209S092828.695046E092828.695046_scanAz_slow.dat,4.0804
results2602/20260209S092829.655323E092829.655323_scanAz_slow.dat,4.1562
results2602/20260209S092830.617927E092830.617927_scanAz_slow.dat,4.2454
results2602/20260209S092831.578264E092831.578264_scanAz_slow.dat,4.1748
results2602/20260209S092832.532792E092832.532792_scanAz_slow.dat,4.2119
results2602/20260209S092833.495399E092833.495399_scanAz_slow.dat,4.2895
results2602/20260209S092834.456784E092834.456784_scanAz_slow.dat,4.2967
results2602/20260209S092835.413222E092835.413222_scanAz_slow.dat,4.0094
results2602/20260209S092836.377539E092836.377539_scanAz_slow.dat,4.0378
results2602/20260209S092837.332553E092837.332553_scanAz_slow.dat,4.1620
results2602/20260209S092838.295169E092838.295169_scanAz_slow.dat,4.2501
results2602/20260209S092839.257047E092839.257047_scanAz_slow.dat,4.0635
results2602/20260209S092840.218662E092840.218662_scanAz_slow.dat,4.2359
results2602/20260209S092841.176214E092841.176214_scanAz_slow.dat,4.1090
results2602/20260209S092842.135599E092842.135599_scanAz_slow.dat,4.0258
results2602/20260209S092843.097358E092843.097358_scanAz_slow.dat,4.2764
results2602/20260209S092844.054299E092844.054299_scanAz_slow.dat,4.4622
results2602/20260209S092845.015930E092845.015930_scanAz_slow.dat,4.1668
results2602/20260209S092845.972199E092845.972199_scanAz_slow.dat,4.1567
results2602/20260209S092846.936883E092846.936883_scanAz_slow.dat,4.0511
results2602/20260209S092847.892196E092847.892196_scanAz_slow.dat,4.1326
results2602/20260209S092848.857625E092848.857625_scanAz_slow.dat,4.1465
results2602/20260209S092849.853005E092849.853005_scanAz_slow.dat,4.1286
results2602/20260209S092850.824953E092850.824953_scanAz_slow.dat,4.1835
results2602/20260209S092851.786590E092851.786590_scanAz_slow.dat,4.0830
results2602/20260209S092852.743643E092852.743643_scanAz_slow.dat,4.0743
results2602/20260209S092853.705987E092853.705987_scanAz_slow.dat,4.1483
results2602/20260209S092854.662146E092854.662146_scanAz_slow.dat,4.1705
results2602/20260209S092855.626601E092855.626601_scanAz_slow.dat,4.3264
results2602/20260209S092856.582112E092856.582112_scanAz_slow.dat,4.1215
results2602/20260209S092857.541059E092857.541059_scanAz_slow.dat,4.1496
results2602/20260209S092858.504086E092858.504086_scanAz_slow.dat,4.3633
results2602/20260209S092859.466080E092859.466080_scanAz_slow.dat,4.2279
results2602/20260209S092900.424113E092900.424113_scanAz_slow.dat,4.2671
results2602/20260209S092901.386099E092901.386099_scanAz_slow.dat,4.1427
results2602/20260209S092902.342382E092902.342382_scanAz_slow.dat,4.0998
results2602/20260209S092903.302666E092903.302666_scanAz_slow.dat,3.9315
results2602/20260209S092904.260906E092904.260906_scanAz_slow.dat,4.1461
results2602/20260209S092905.226649E092905.226649_scanAz_slow.dat,4.1702
results2602/20260209S092906.183170E092906.183170_scanAz_slow.dat,4.1130
results2602/20260209S092907.146160E092907.146160_scanAz_slow.dat,4.2199
results2602/20260209S092908.104896E092908.104896_scanAz_slow.dat,4.3120
results2602/20260209S092909.060839E092909.060839_scanAz_slow.dat,4.2982
results2602/20260209S092910.025866E092910.025866_scanAz_slow.dat,4.1068
results2602/20260209S092910.980598E092910.980598_scanAz_slow.dat,4.0230
results2602/20260209S092911.944191E092911.944191_scanAz_slow.dat,4.1980
results2602/20260209S092912.902237E092912.902237_scanAz_slow.dat,4.1733
results2602/20260209S092913.864951E092913.864951_scanAz_slow.dat,4.1580
results2602/20260209S092914.825762E092914.825762_scanAz_slow.dat,4.1619
results2602/20260209S092915.781889E092915.781889_scanAz_slow.dat,3.9961
results2602/20260209S092916.743933E092916.743933_scanAz_slow.dat,4.1666
results2602/20260209S092917.705275E092917.705275_scanAz_slow.dat,4.1245
results2602/20260209S092918.666426E092918.666426_scanAz_slow.dat,4.3009
results2602/20260209S092919.624201E092919.624201_scanAz_slow.dat,4.3173
results2602/20260209S092920.586459E092920.586459_scanAz_slow.dat,4.2213
results2602/20260209S092921.545252E092921.545252_scanAz_slow.dat,4.2294
results2602/20260209S092922.507058E092922.507058_scanAz_slow.dat,4.1797
results2602/20260209S092923.464222E092923.464222_scanAz_slow.dat,4.1978
results2602/20260209S092924.423072E092924.423072_scanAz_slow.dat,4.3105
results2602/20260209S092925.384645E092925.384645_scanAz_slow.dat,4.1847
results2602/20260209S092926.345186E092926.345186_scanAz_slow.dat,4.1601
results2602/20260209S092927.306400E092927.306400_scanAz_slow.dat,4.0352
results2602/20260209S092928.265206E092928.265206_scanAz_slow.dat,4.0853
results2602/20260209S092929.222552E092929.222552_scanAz_slow.dat,4.3942
results2602/20260209S092930.187576E092930.187576_scanAz_slow.dat,4.2317
results2602/20260209S092931.144225E092931.144225_scanAz_slow.dat,4.0776
results2602/20260209S092932.103953E092932.103953_scanAz_slow.dat,4.1276
results2602/20260209S092933.064253E092933.064253_scanAz_slow.dat,4.1714
results2602/20260209S092934.026732E092934.026732_scanAz_slow.dat,4.1056
results2602/20260209S092934.986989E092934.986989_scanAz_slow.dat,4.1517
results2602/20260209S092935.946933E092935.946933_scanAz_slow.dat,4.2460
results2602/20260209S092936.906321E092936.906321_scanAz_slow.dat,4.2525
results2602/20260209S092937.864166E092937.864166_scanAz_slow.dat,4.1577
results2602/20260209S092938.827099E092938.827099_scanAz_slow.dat,4.2730
results2602/20260209S092939.786965E092939.786965_scanAz_slow.dat,4.1300
results2602/20260209S092940.746739E092940.746739_scanAz_slow.dat,4.0794
results2602/20260209S092941.706557E092941.706557_scanAz_slow.dat,4.2037
results2602/20260209S092942.663225E092942.663225_scanAz_slow.dat,4.2466
results2602/20260209S092943.625218E092943.625218_scanAz_slow.dat,4.2941
results2602/20260209S092944.586869E092944.586869_scanAz_slow.dat,4.3332
results2602/20260209S092945.542911E092945.542911_scanAz_slow.dat,4.1363
results2602/20260209S092946.504074E092946.504074_scanAz_slow.dat,4.1995
results2602/20260209S092947.464907E092947.464907_scanAz_slow.dat,4.2117
results2602/20260209S092948.425855E092948.425855_scanAz_slow.dat,4.0788
results2602/20260209S092949.385718E092949.385718_scanAz_slow.dat,4.3030
results2602/20260209S092950.344584E092950.344584_scanAz_slow.dat,4.2235
results2602/20260209S092951.304084E092951.304084_scanAz_slow.dat,4.0698
results2602/20260209S092952.266681E092952.266681_scanAz_slow.dat,4.1216
results2602/20260209S092953.227696E092953.227696_scanAz_slow.dat,4.3143
results2602/20260209S092954.187555E092954.187555_scanAz_slow.dat,4.2016
results2602/20260209S092955.143068E092955.143068_scanAz_slow.dat,4.2936
results2602/20260209S092956.105989E092956.105989_scanAz_slow.dat,4.3005
results2602/20260209S092957.062677E092957.062677_scanAz_slow.dat,3.8922
results2602/20260209S092958.025634E092958.025634_scanAz_slow.dat,3.8754
results2602/20260209S092958.986973E092958.986973_scanAz_slow.dat,4.0784
results2602/20260209S092959.944733E092959.944733_scanAz_slow.dat,4.1171
results2602/20260209S093000.906833E093000.906833_scanAz_slow.dat,4.2064
results2602/20260209S093001.867832E093001.867832_scanAz_slow.dat,4.0511
results2602/20260209S093002.826888E093002.826888_scanAz_slow.dat,4.1356
results2602/20260209S093003.785979E093003.785979_scanAz_slow.dat,4.1190
results2602/20260209S093004.747052E093004.747052_scanAz_slow.dat,4.1317
results2602/20260209S093005.707282E093005.707282_scanAz_slow.dat,4.3289
results2602/20260209S093006.667834E093006.667834_scanAz_slow.dat,4.4327
results2602/20260209S093007.627341E093007.627341_scanAz_slow.dat,4.0987
results2602/20260209S093008.581612E093008.581612_scanAz_slow.dat,4.0323
results2602/20260209S093009.544278E093009.544278_scanAz_slow.dat,4.0352
results2602/20260209S093010.505552E093010.505552_scanAz_slow.dat,4.2162
results2602/20260209S093011.467253E093011.467253_scanAz_slow.dat,4.1529
results2602/20260209S093012.422733E093012.422733_scanAz_slow.dat,4.1880
results2602/20260209S093013.385763E093013.385763_scanAz_slow.dat,4.1820
results2602/20260209S093014.347000E093014.347000_scanAz_slow.dat,4.1224
results2602/20260209S093015.307174E093015.307174_scanAz_slow.dat,4.1748
results2602/20260209S093016.262723E093016.262723_scanAz_slow.dat,4.1762
results2602/20260209S093017.224431E093017.224431_scanAz_slow.dat,4.1160
results2602/20260209S093018.185201E093018.185201_scanAz_slow.dat,4.1108
results2602/20260209S093019.142982E093019.142982_scanAz_slow.dat,4.1934
results2602/20260209S093020.104776E093020.104776_scanAz_slow.dat,4.3308
results2602/20260209S093021.063125E093021.063125_scanAz_slow.dat,4.2556
results2602/20260209S093022.026864E093022.026864_scanAz_slow.dat,4.2011
results2602/20260209S093022.983459E093022.983459_scanAz_slow.dat,3.9491
results2602/20260209S093023.944672E093023.944672_scanAz_slow.dat,4.4620
results2602/20260209S093024.905505E093024.905505_scanAz_slow.dat,4.3285
results2602/20260209S093025.867228E093025.867228_scanAz_slow.dat,4.1162
results2602/20260209S093026.827307E093026.827307_scanAz_slow.dat,4.0037
results2602/20260209S093027.784937E093027.784937_scanAz_slow.dat,4.2495
results2602/20260209S093028.746931E093028.746931_scanAz_slow.dat,4.1781
results2602/20260209S093029.703145E093029.703145_scanAz_slow.dat,4.2792
results2602/20260209S093030.664216E093030.664216_scanAz_slow.dat,4.1226
results2602/20260209S093031.626028E093031.626028_scanAz_slow.dat,4.1401
results2602/20260209S093032.585840E093032.585840_scanAz_slow.dat,4.3614
results2602/20260209S093033.547576E093033.547576_scanAz_slow.dat,4.2772
results2602/20260209S093034.505097E093034.505097_scanAz_slow.dat,4.1979
results2602/20260209S093035.467377E093035.467377_scanAz_slow.dat,4.3704
results2602/20260209S093036.427452E093036.427452_scanAz_slow.dat,4.2338
results2602/20260209S093037.388019E093037.388019_scanAz_slow.dat,4.2181
results2602/20260209S093038.347576E093038.347576_scanAz_slow.dat,4.2534
results2602/20260209S093039.305827E093039.305827_scanAz_slow.dat,4.1103
results2602/20260209S093040.267682E093040.267682_scanAz_slow.dat,3.8966
results2602/20260209S093041.228228E093041.228228_scanAz_slow.dat,4.1919
results2602/20260209S093042.183726E093042.183726_scanAz_slow.dat,4.2785
results2602/20260209S093043.147813E093043.147813_scanAz_slow.dat,4.3579
results2602/20260209S093044.105303E093044.105303_scanAz_slow.dat,4.2581
results2602/20260209S093045.065082E093045.065082_scanAz_slow.dat,4.3895
results2602/20260209S093046.026185E093046.026185_scanAz_slow.dat,4.1206
results2602/20260209S093046.992040E093046.992040_scanAz_slow.dat,4.3121
results2602/20260209S093047.946172E093047.946172_scanAz_slow.dat,4.0697
results2602/20260209S093048.905956E093048.905956_scanAz_slow.dat,4.1301
results2602/20260209S093049.866711E093049.866711_scanAz_slow.dat,4.1920
results2602/20260209S093050.826437E093050.826437_scanAz_slow.dat,4.2158
results2602/20260209S093051.787906E093051.787906_scanAz_slow.dat,4.1544
results2602/20260209S093052.746241E093052.746241_scanAz_slow.dat,4.1806
results2602/20260209S093053.705086E093053.705086_scanAz_slow.dat,4.2730
results2602/20260209S093054.664571E093054.664571_scanAz_slow.dat,3.9853
results2602/20260209S093055.626310E093055.626310_scanAz_slow.dat,4.3078
results2602/20260209S093056.588130E093056.588130_scanAz_slow.dat,4.2038
results2602/20260209S093057.544410E093057.544410_scanAz_slow.dat,3.9810
results2602/20260209S093058.507645E093058.507645_scanAz_slow.dat,4.2459
results2602/20260209S093059.461824E093059.461824_scanAz_slow.dat,4.1216
results2602/20260209S093100.427808E093100.427808_scanAz_slow.dat,4.2817
results2602/20260209S093101.386572E093101.386572_scanAz_slow.dat,4.2392
results2602/20260209S093102.342349E093102.342349_scanAz_slow.dat,4.1106
results2602/20260209S093103.306401E093103.306401_scanAz_slow.dat,4.0419
results2602/20260209S093104.268070E093104.268070_scanAz_slow.dat,4.1682
results2602/20260209S093105.224147E093105.224147_scanAz_slow.dat,4.0869
results2602/20260209S093106.186939E093106.186939_scanAz_slow.dat,4.2331
results2602/20260209S093107.148280E093107.148280_scanAz_slow.dat,4.3478
results2602/20260209S093108.105736E093108.105736_scanAz_slow.dat,4.1242
results2602/20260209S093109.064090E093109.064090_scanAz_slow.dat,4.1178
results2602/20260209S093110.026572E093110.026572_scanAz_slow.dat,4.0278
results2602/20260209S093110.983615E093110.983615_scanAz_slow.dat,3.9763
results2602/20260209S093111.945722E093111.945722_scanAz_slow.dat,4.0414
results2602/20260209S093112.907887E093112.907887_scanAz_slow.dat,3.9768
results2602/20260209S093113.869090E093113.869090_scanAz_slow.dat,4.1385
results2602/20260209S093114.826172E093114.826172_scanAz_slow.dat,4.3487
results2602/20260209S093115.786525E093115.786525_scanAz_slow.dat,4.1706
results2602/20260209S093116.743770E093116.743770_scanAz_slow.dat,4.1055
results2602/20260209S093117.707284E093117.707284_scanAz_slow.dat,4.2854
results2602/20260209S093118.664443E093118.664443_scanAz_slow.dat,4.1757
results2602/20260209S093119.625320E093119.625320_scanAz_slow.dat,4.2182
results2602/20260209S093120.586529E093120.586529_scanAz_slow.dat,4.2637
results2602/20260209S093121.547086E093121.547086_scanAz_slow.dat,4.1617
results2602/20260209S093122.507806E093122.507806_scanAz_slow.dat,4.1187
results2602/20260209S093123.464467E093123.464467_scanAz_slow.dat,4.1239
results2602/20260209S093124.426192E093124.426192_scanAz_slow.dat,4.2462
results2602/20260209S093125.386202E093125.386202_scanAz_slow.dat,4.1360
results2602/20260209S093126.346669E093126.346669_scanAz_slow.dat,4.2056
results2602/20260209S093127.303641E093127.303641_scanAz_slow.dat,4.0500
results2602/20260209S093128.267312E093128.267312_scanAz_slow.dat,4.2637
results2602/20260209S093129.226197E093129.226197_scanAz_slow.dat,4.0248
results2602/20260209S093130.188405E093130.188405_scanAz_slow.dat,3.9580
results2602/20260209S093131.144439E093131.144439_scanAz_slow.dat,4.0790
results2602/20260209S093132.108554E093132.108554_scanAz_slow.dat,4.2951
results2602/20260209S093133.068662E093133.068662_scanAz_slow.dat,4.2439
results2602/20260209S093134.023090E093134.023090_scanAz_slow.dat,4.2031
results2602/20260209S093134.986656E093134.986656_scanAz_slow.dat,3.9967
results2602/20260209S093135.942488E093135.942488_scanAz_slow.dat,4.1822
results2602/20260209S093136.904988E093136.904988_scanAz_slow.dat,4.2473
results2602/20260209S093137.864516E093137.864516_scanAz_slow.dat,3.9854
results2602/20260209S093138.825230E093138.825230_scanAz_slow.dat,4.2140
results2602/20260209S093139.786713E093139.786713_scanAz_slow.dat,4.2447
results2602/20260209S093140.748438E093140.748438_scanAz_slow.dat,4.0938
results2602/20260209S093141.709427E093141.709427_scanAz_slow.dat,4.0973
results2602/20260209S093142.666245E093142.666245_scanAz_slow.dat,3.9769
results2602/20260209S093143.625945E093143.625945_scanAz_slow.dat,4.3992
results2602/20260209S093144.586185E093144.586185_scanAz_slow.dat,4.1520
results2602/20260209S093145.546177E093145.546177_scanAz_slow.dat,4.4034
results2602/20260209S093146.504735E093146.504735_scanAz_slow.dat,4.2963
results2602/20260209S093147.464307E093147.464307_scanAz_slow.dat,4.0638
results2602/20260209S093148.423806E093148.423806_scanAz_slow.dat,4.1950
results2602/20260209S093149.386162E093149.386162_scanAz_slow.dat,4.1724
results2602/20260209S093150.347253E093150.347253_scanAz_slow.dat,4.1477
results2602/20260209S093151.307121E093151.307121_scanAz_slow.dat,4.1562
results2602/20260209S093152.268323E093152.268323_scanAz_slow.dat,4.2044
results2602/20260209S093153.225477E093153.225477_scanAz_slow.dat,4.2630
results2602/20260209S093154.186704E093154.186704_scanAz_slow.dat,4.2006
results2602/20260209S093155.146112E093155.146112_scanAz_slow.dat,4.2511
results2602/20260209S093156.104475E093156.104475_scanAz_slow.dat,4.3559
results2602/20260209S093157.066336E093157.066336_scanAz_slow.dat,4.2530
results2602/20260209S093158.030006E093158.030006_scanAz_slow.dat,4.0356
results2602/20260209S093158.985430E093158.985430_scanAz_slow.dat,4.3026
results2602/20260209S093159.944911E093159.944911_scanAz_slow.dat,4.2003
results2602/20260209S093200.905621E093200.905621_scanAz_slow.dat,4.1768
results2602/20260209S093201.865311E093201.865311_scanAz_slow.dat,4.1715
results2602/20260209S093202.825661E093202.825661_scanAz_slow.dat,4.1694
results2602/20260209S093203.789059E093203.789059_scanAz_slow.dat,4.1758
results2602/20260209S093204.746164E093204.746164_scanAz_slow.dat,4.3250
results2602/20260209S093205.704456E093205.704456_scanAz_slow.dat,4.1042
results2602/20260209S093206.666401E093206.666401_scanAz_slow.dat,4.3555
results2602/20260209S093207.625500E093207.625500_scanAz_slow.dat,4.1326
results2602/20260209S093208.589040E093208.589040_scanAz_slow.dat,4.1950
results2602/20260209S093209.548813E093209.548813_scanAz_slow.dat,4.1662
results2602/20260209S093210.505341E093210.505341_scanAz_slow.dat,4.2117
results2602/20260209S093211.464483E093211.464483_scanAz_slow.dat,4.1656
results2602/20260209S093212.426106E093212.426106_scanAz_slow.dat,4.2331
results2602/20260209S093213.386224E093213.386224_scanAz_slow.dat,4.1456
results2602/20260209S093214.346541E093214.346541_scanAz_slow.dat,4.1214
results2602/20260209S093215.308369E093215.308369_scanAz_slow.dat,3.9467
results2602/20260209S093216.264758E093216.264758_scanAz_slow.dat,4.0044
results2602/20260209S093217.226296E093217.226296_scanAz_slow.dat,4.0665
results2602/20260209S093218.189142E093218.189142_scanAz_slow.dat,4.1834
results2602/20260209S093219.146182E093219.146182_scanAz_slow.dat,4.2172
results2602/20260209S093220.102679E093220.102679_scanAz_slow.dat,4.1534
results2602/20260209S093221.063416E093221.063416_scanAz_slow.dat,4.2402
results2602/20260209S093222.026361E093222.026361_scanAz_slow.dat,4.2145
results2602/20260209S093222.987215E093222.987215_scanAz_slow.dat,4.1413
results2602/20260209S093223.949310E093223.949310_scanAz_slow.dat,4.2335
results2602/20260209S093224.908181E093224.908181_scanAz_slow.dat,4.2571
results2602/20260209S093225.865959E093225.865959_scanAz_slow.dat,3.7933
results2602/20260209S093226.828944E093226.828944_scanAz_slow.dat,4.0776
results2602/20260209S093227.787494E093227.787494_scanAz_slow.dat,4.2938
results2602/20260209S093228.749317E093228.749317_scanAz_slow.dat,4.2514
results2602/20260209S093229.705225E093229.705225_scanAz_slow.dat,4.2287
results2602/20260209S093230.667060E093230.667060_scanAz_slow.dat,4.0871
results2602/20260209S093231.629255E093231.629255_scanAz_slow.dat,4.0995
results2602/20260209S093232.589804E093232.589804_scanAz_slow.dat,4.1453
results2602/20260209S093233.545573E093233.545573_scanAz_slow.dat,4.2129
results2602/20260209S093234.506696E093234.506696_scanAz_slow.dat,4.3142
results2602/20260209S093235.465236E093235.465236_scanAz_slow.dat,4.2215
results2602/20260209S093236.426868E093236.426868_scanAz_slow.dat,4.0330
results2602/20260209S093237.385298E093237.385298_scanAz_slow.dat,4.3540
results2602/20260209S093238.347684E093238.347684_scanAz_slow.dat,4.1863
results2602/20260209S093239.307937E093239.307937_scanAz_slow.dat,4.1230
results2602/20260209S093240.265272E093240.265272_scanAz_slow.dat,4.2745
results2602/20260209S093241.229908E093241.229908_scanAz_slow.dat,3.9928
results2602/20260209S093242.184987E093242.184987_scanAz_slow.dat,4.0350
results2602/20260209S093243.146400E093243.146400_scanAz_slow.dat,4.0044
results2602/20260209S093244.107121E093244.107121_scanAz_slow.dat,4.1225
results2602/20260209S093245.069552E093245.069552_scanAz_slow.dat,3.9986
results2602/20260209S093246.027431E093246.027431_scanAz_slow.dat,4.1081
results2602/20260209S093246.988128E093246.988128_scanAz_slow.dat,4.1980
results2602/20260209S093247.946140E093247.946140_scanAz_slow.dat,4.1309
results2602/20260209S093248.906647E093248.906647_scanAz_slow.dat,3.9967
results2602/20260209S093249.867943E093249.867943_scanAz_slow.dat,3.9975
results2602/20260209S093250.828675E093250.828675_scanAz_slow.dat,4.3436
results2602/20260209S093251.784074E093251.784074_scanAz_slow.dat,4.1793
results2602/20260209S093252.748461E093252.748461_scanAz_slow.dat,4.3484
results2602/20260209S093253.706056E093253.706056_scanAz_slow.dat,4.1993
results2602/20260209S093254.668184E093254.668184_scanAz_slow.dat,4.1937
results2602/20260209S093255.625498E093255.625498_scanAz_slow.dat,4.1415
results2602/20260209S093256.593088E093256.593088_scanAz_slow.dat,4.0943
results2602/20260209S093257.548277E093257.548277_scanAz_slow.dat,4.0621
results2602/20260209S093258.507701E093258.507701_scanAz_slow.dat,4.1800
results2602/20260209S093259.469785E093259.469785_scanAz_slow.dat,4.1961
results2602/20260209S093300.425155E093300.425155_scanAz_slow.dat,4.2015
results2602/20260209S093301.385781E093301.385781_scanAz_slow.dat,4.1687
results2602/20260209S093302.347988E093302.347988_scanAz_slow.dat,3.9042
results2602/20260209S093303.307918E093303.307918_scanAz_slow.dat,4.1330
results2602/20260209S093304.269099E093304.269099_scanAz_slow.dat,4.2970
results2602/20260209S093305.225786E093305.225786_scanAz_slow.dat,4.2039
results2602/20260209S093306.185575E093306.185575_scanAz_slow.dat,4.1381
results2602/20260209S093307.146101E093307.146101_scanAz_slow.dat,4.0520
results2602/20260209S093308.109119E093308.109119_scanAz_slow.dat,4.2959
results2602/20260209S093309.066832E093309.066832_scanAz_slow.dat,3.9649
results2602/20260209S093310.027125E093310.027125_scanAz_slow.dat,4.1903
results2602/20260209S093310.988266E093310.988266_scanAz_slow.dat,4.3448
results2602/20260209S093311.948630E093311.948630_scanAz_slow.dat,4.2208
results2602/20260209S093312.909579E093312.909579_scanAz_slow.dat,4.0080
results2602/20260209S093313.867200E093313.867200_scanAz_slow.dat,4.4163
results2602/20260209S093314.828420E093314.828420_scanAz_slow.dat,4.1347
results2602/20260209S093315.789938E093315.789938_scanAz_slow.dat,4.0808
results2602/20260209S093316.747414E093316.747414_scanAz_slow.dat,4.2517
results2602/20260209S093317.709425E093317.709425_scanAz_slow.dat,4.2962
results2602/20260209S093318.665762E093318.665762_scanAz_slow.dat,4.0739
results2602/20260209S093319.628328E093319.628328_scanAz_slow.dat,4.1525
results2602/20260209S093320.585591E093320.585591_scanAz_slow.dat,4.2007
results2602/20260209S093321.547299E093321.547299_scanAz_slow.dat,3.9753
results2602/20260209S093322.505842E093322.505842_scanAz_slow.dat,4.0301
results2602/20260209S093323.467306E093323.467306_scanAz_slow.dat,4.2467
results2602/20260209S093324.428600E093324.428600_scanAz_slow.dat,3.9155
results2602/20260209S093325.389271E093325.389271_scanAz_slow.dat,3.9803
results2602/20260209S093326.347979E093326.347979_scanAz_slow.dat,4.1188
results2602/20260209S093327.303847E093327.303847_scanAz_slow.dat,4.1220
results2602/20260209S093328.265873E093328.265873_scanAz_slow.dat,4.1236
results2602/20260209S093329.229537E093329.229537_scanAz_slow.dat,4.0977
results2602/20260209S093330.188536E093330.188536_scanAz_slow.dat,4.0022
results2602/20260209S093331.146471E093331.146471_scanAz_slow.dat,4.1392
results2602/20260209S093332.105756E093332.105756_scanAz_slow.dat,3.7994
results2602/20260209S093333.065759E093333.065759_scanAz_slow.dat,4.3530
results2602/20260209S093334.029005E093334.029005_scanAz_slow.dat,4.0715
results2602/20260209S093334.984498E093334.984498_scanAz_slow.dat,4.0044
results2602/20260209S093335.948280E093335.948280_scanAz_slow.dat,4.2212
results2602/20260209S093336.906883E093336.906883_scanAz_slow.dat,4.1960
results2602/20260209S093337.867972E093337.867972_scanAz_slow.dat,4.0752
results2602/20260209S093338.830181E093338.830181_scanAz_slow.dat,4.1409
results2602/20260209S093339.788858E093339.788858_scanAz_slow.dat,3.9530
results2602/20260209S093340.745206E093340.745206_scanAz_slow.dat,4.4067
results2602/20260209S093341.706443E093341.706443_scanAz_slow.dat,4.3458
results2602/20260209S093342.669443E093342.669443_scanAz_slow.dat,4.3493
results2602/20260209S093343.623736E093343.623736_scanAz_slow.dat,4.0472
results2602/20260209S093344.588037E093344.588037_scanAz_slow.dat,4.0409
results2602/20260209S093345.548001E093345.548001_scanAz_slow.dat,4.3009
results2602/20260209S093346.507260E093346.507260_scanAz_slow.dat,4.1405
results2602/20260209S093347.469830E093347.469830_scanAz_slow.dat,4.1969
results2602/20260209S093348.430035E093348.430035_scanAz_slow.dat,4.0159
results2602/20260209S093349.388230E093349.388230_scanAz_slow.dat,3.9200
results2602/20260209S093350.347975E093350.347975_scanAz_slow.dat,4.0855
results2602/20260209S093351.306330E093351.306330_scanAz_slow.dat,4.3436
results2602/20260209S093352.267279E093352.267279_scanAz_slow.dat,4.2983
results2602/20260209S093353.228589E093353.228589_scanAz_slow.dat,4.1292
results2602/20260209S093354.185876E093354.185876_scanAz_slow.dat,4.3317
results2602/20260209S093355.148439E093355.148439_scanAz_slow.dat,4.3166
results2602/20260209S093356.108743E093356.108743_scanAz_slow.dat,4.2240
results2602/20260209S093357.068990E093357.068990_scanAz_slow.dat,4.4001
results2602/20260209S093358.030030E093358.030030_scanAz_slow.dat,4.2277
results2602/20260209S093358.990078E093358.990078_scanAz_slow.dat,4.0642
results2602/20260209S093359.945219E093359.945219_scanAz_slow.dat,3.9805
results2602/20260209S093400.908279E093400.908279_scanAz_slow.dat,4.1286
results2602/20260209S093401.870054E093401.870054_scanAz_slow.dat,4.0647
results2602/20260209S093402.826104E093402.826104_scanAz_slow.dat,4.2367
results2602/20260209S093403.788834E093403.788834_scanAz_slow.dat,3.8805
results2602/20260209S093404.747933E093404.747933_scanAz_slow.dat,4.2164
results2602/20260209S093405.705443E093405.705443_scanAz_slow.dat,4.4192
results2602/20260209S093406.668209E093406.668209_scanAz_slow.dat,4.3188
results2602/20260209S093407.626186E093407.626186_scanAz_slow.dat,4.2473
results2602/20260209S093408.586113E093408.586113_scanAz_slow.dat,4.2707
results2602/20260209S093409.548677E093409.548677_scanAz_slow.dat,4.0844
results2602/20260209S093410.505042E093410.505042_scanAz_slow.dat,4.2654
results2602/20260209S093411.468869E093411.468869_scanAz_slow.dat,4.1074
results2602/20260209S093412.428821E093412.428821_scanAz_slow.dat,4.0318
results2602/20260209S093413.388890E093413.388890_scanAz_slow.dat,4.1546
results2602/20260209S093414.351074E093414.351074_scanAz_slow.dat,4.0498
results2602/20260209S093415.312147E093415.312147_scanAz_slow.dat,4.1919
results2602/20260209S093416.270665E093416.270665_scanAz_slow.dat,4.2345
results2602/20260209S093417.227139E093417.227139_scanAz_slow.dat,4.1323
results2602/20260209S093418.188060E093418.188060_scanAz_slow.dat,4.0901
results2602/20260209S093419.154718E093419.154718_scanAz_slow.dat,4.0524
results2602/20260209S093420.106326E093420.106326_scanAz_slow.dat,4.1316
results2602/20260209S093421.065914E093421.065914_scanAz_slow.dat,4.3337
results2602/20260209S093422.027590E093422.027590_scanAz_slow.dat,4.2884
results2602/20260209S093422.988249E093422.988249_scanAz_slow.dat,4.1183
results2602/20260209S093423.948544E093423.948544_scanAz_slow.dat,4.2202
results2602/20260209S093424.909227E093424.909227_scanAz_slow.dat,3.8838
results2602/20260209S093425.867760E093425.867760_scanAz_slow.dat,4.2231
results2602/20260209S093426.830907E093426.830907_scanAz_slow.dat,4.2999
results2602/20260209S093427.787199E093427.787199_scanAz_slow.dat,4.1606
results2602/20260209S093428.749511E093428.749511_scanAz_slow.dat,3.9281
results2602/20260209S093429.710716E093429.710716_scanAz_slow.dat,4.1976
results2602/20260209S093430.669266E093430.669266_scanAz_slow.dat,4.2732
results2602/20260209S093431.629186E093431.629186_scanAz_slow.dat,4.1001
results2602/20260209S093432.589965E093432.589965_scanAz_slow.dat,4.1497
results2602/20260209S093433.548950E093433.548950_scanAz_slow.dat,4.0099
results2602/20260209S093434.511186E093434.511186_scanAz_slow.dat,3.9382
results2602/20260209S093435.471989E093435.471989_scanAz_slow.dat,4.0564
results2602/20260209S093436.426675E093436.426675_scanAz_slow.dat,4.0575
results2602/20260209S093437.390211E093437.390211_scanAz_slow.dat,4.1163
results2602/20260209S093438.349392E093438.349392_scanAz_slow.dat,4.0454
results2602/20260209S093439.308432E093439.308432_scanAz_slow.dat,4.0689
results2602/20260209S093440.268453E093440.268453_scanAz_slow.dat,4.1118
results2602/20260209S093441.228420E093441.228420_scanAz_slow.dat,4.1155
results2602/20260209S093442.189928E093442.189928_scanAz_slow.dat,4.2246
results2602/20260209S093443.148718E093443.148718_scanAz_slow.dat,3.9749
results2602/20260209S093444.110865E093444.110865_scanAz_slow.dat,4.1814
results2602/20260209S093445.068287E093445.068287_scanAz_slow.dat,4.2467
results2602/20260209S093446.029624E093446.029624_scanAz_slow.dat,3.9647
results2602/20260209S093446.990711E093446.990711_scanAz_slow.dat,4.3373
results2602/20260209S093447.945236E093447.945236_scanAz_slow.dat,4.3498
results2602/20260209S093448.907097E093448.907097_scanAz_slow.dat,4.1944
results2602/20260209S093449.869926E093449.869926_scanAz_slow.dat,4.2825
results2602/20260209S093450.828627E093450.828627_scanAz_slow.dat,4.2418
results2602/20260209S093451.789563E093451.789563_scanAz_slow.dat,4.0863
results2602/20260209S093452.749331E093452.749331_scanAz_slow.dat,4.1627
results2602/20260209S093453.711162E093453.711162_scanAz_slow.dat,4.1750
results2602/20260209S093454.667110E093454.667110_scanAz_slow.dat,4.1269
results2602/20260209S093455.629817E093455.629817_scanAz_slow.dat,4.0673
results2602/20260209S093456.588314E093456.588314_scanAz_slow.dat,4.2254
results2602/20260209S093457.550634E093457.550634_scanAz_slow.dat,4.1741
results2602/20260209S093458.511660E093458.511660_scanAz_slow.dat,3.9890
results2602/20260209S093459.468944E093459.468944_scanAz_slow.dat,4.1725
results2602/20260209S093500.429244E093500.429244_scanAz_slow.dat,4.2013
results2602/20260209S093501.387663E093501.387663_scanAz_slow.dat,4.1484
results2602/20260209S093502.347726E093502.347726_scanAz_slow.dat,3.9548
results2602/20260209S093503.308922E093503.308922_scanAz_slow.dat,4.0391
results2602/20260209S093504.271366E093504.271366_scanAz_slow.dat,4.1280
results2602/20260209S093505.232993E093505.232993_scanAz_slow.dat,4.2227
results2602/20260209S093506.187744E093506.187744_scanAz_slow.dat,4.2073
results2602/20260209S093507.150347E093507.150347_scanAz_slow.dat,4.2052
results2602/20260209S093508.109727E093508.109727_scanAz_slow.dat,4.2426
results2602/20260209S093509.071325E093509.071325_scanAz_slow.dat,4.0243
results2602/20260209S093510.030977E093510.030977_scanAz_slow.dat,3.9577
results2602/20260209S093510.987331E093510.987331_scanAz_slow.dat,3.9251
results2602/20260209S093511.949982E093511.949982_scanAz_slow.dat,4.0261
results2602/20260209S093512.907012E093512.907012_scanAz_slow.dat,4.2270
results2602/20260209S093513.868897E093513.868897_scanAz_slow.dat,4.3372
results2602/20260209S093514.831563E093514.831563_scanAz_slow.dat,4.3948
results2602/20260209S093515.787800E093515.787800_scanAz_slow.dat,4.0923
results2602/20260209S093516.751267E093516.751267_scanAz_slow.dat,4.2909
results2602/20260209S093517.712776E093517.712776_scanAz_slow.dat,4.3856
results2602/20260209S093518.670687E093518.670687_scanAz_slow.dat,3.9808
results2602/20260209S093519.631525E093519.631525_scanAz_slow.dat,4.2349
results2602/20260209S093520.590535E093520.590535_scanAz_slow.dat,4.2238
results2602/20260209S093521.545639E093521.545639_scanAz_slow.dat,4.1859
results2602/20260209S093522.507781E093522.507781_scanAz_slow.dat,4.2299
results2602/20260209S093523.469758E093523.469758_scanAz_slow.dat,3.9961
results2602/20260209S093524.430078E093524.430078_scanAz_slow.dat,4.1977
results2602/20260209S093525.391069E093525.391069_scanAz_slow.dat,4.0967
results2602/20260209S093526.346896E093526.346896_scanAz_slow.dat,4.1560
results2602/20260209S093527.308190E093527.308190_scanAz_slow.dat,4.2373
results2602/20260209S093528.268852E093528.268852_scanAz_slow.dat,4.2999
results2602/20260209S093529.230262E093529.230262_scanAz_slow.dat,4.1299
results2602/20260209S093530.191606E093530.191606_scanAz_slow.dat,4.0680
results2602/20260209S093531.147319E093531.147319_scanAz_slow.dat,4.2218
results2602/20260209S093532.112349E093532.112349_scanAz_slow.dat,4.2946
results2602/20260209S093533.069163E093533.069163_scanAz_slow.dat,4.1573
results2602/20260209S093534.029749E093534.029749_scanAz_slow.dat,4.2262
results2602/20260209S093534.991686E093534.991686_scanAz_slow.dat,4.3117
results2602/20260209S093535.948698E093535.948698_scanAz_slow.dat,4.1552
results2602/20260209S093536.910080E093536.910080_scanAz_slow.dat,4.1185
results2602/20260209S093537.871835E093537.871835_scanAz_slow.dat,3.9357
results2602/20260209S093538.829044E093538.829044_scanAz_slow.dat,4.0887
results2602/20260209S093539.789316E093539.789316_scanAz_slow.dat,4.1750
results2602/20260209S093540.749887E093540.749887_scanAz_slow.dat,4.2235
results2602/20260209S093541.710654E093541.710654_scanAz_slow.dat,4.1675
results2602/20260209S093542.668126E093542.668126_scanAz_slow.dat,4.1811
results2602/20260209S093543.630963E093543.630963_scanAz_slow.dat,4.1988
results2602/20260209S093544.587980E093544.587980_scanAz_slow.dat,4.4397
results2602/20260209S093545.551620E093545.551620_scanAz_slow.dat,4.1682
results2602/20260209S093546.507900E093546.507900_scanAz_slow.dat,4.1737
results2602/20260209S093547.471747E093547.471747_scanAz_slow.dat,4.2369
results2602/20260209S093548.428244E093548.428244_scanAz_slow.dat,4.2551
results2602/20260209S093549.392190E093549.392190_scanAz_slow.dat,4.3325
results2602/20260209S093550.352512E093550.352512_scanAz_slow.dat,4.1182
results2602/20260209S093551.307630E093551.307630_scanAz_slow.dat,3.9801
results2602/20260209S093552.271234E093552.271234_scanAz_slow.dat,4.0963
results2602/20260209S093553.232175E093553.232175_scanAz_slow.dat,4.1986
results2602/20260209S093554.188170E093554.188170_scanAz_slow.dat,4.0045
results2602/20260209S093555.147548E093555.147548_scanAz_slow.dat,4.2148
results2602/20260209S093556.107397E093556.107397_scanAz_slow.dat,4.0200
results2602/20260209S093557.069963E093557.069963_scanAz_slow.dat,4.2241
results2602/20260209S093558.029471E093558.029471_scanAz_slow.dat,4.0803
results2602/20260209S093558.989765E093558.989765_scanAz_slow.dat,4.1107
results2602/20260209S093559.946055E093559.946055_scanAz_slow.dat,4.2624
results2602/20260209S093600.908951E093600.908951_scanAz_slow.dat,4.2403
results2602/20260209S093601.872003E093601.872003_scanAz_slow.dat,3.9630
results2602/20260209S093602.831796E093602.831796_scanAz_slow.dat,4.1741
results2602/20260209S093603.788790E093603.788790_scanAz_slow.dat,4.2197
results2602/20260209S093604.748167E093604.748167_scanAz_slow.dat,4.2029
results2602/20260209S093605.709025E093605.709025_scanAz_slow.dat,4.1449
results2602/20260209S093606.671802E093606.671802_scanAz_slow.dat,4.0386
results2602/20260209S093607.629202E093607.629202_scanAz_slow.dat,4.2043
results2602/20260209S093608.588237E093608.588237_scanAz_slow.dat,4.1417
results2602/20260209S093609.551351E093609.551351_scanAz_slow.dat,4.3469
results2602/20260209S093610.507467E093610.507467_scanAz_slow.dat,4.2566
results2602/20260209S093611.470171E093611.470171_scanAz_slow.dat,4.1526
results2602/20260209S093612.431116E093612.431116_scanAz_slow.dat,4.1665
results2602/20260209S093613.392319E093613.392319_scanAz_slow.dat,4.2101
results2602/20260209S093614.350689E093614.350689_scanAz_slow.dat,4.3868
results2602/20260209S093615.307134E093615.307134_scanAz_slow.dat,3.9919
results2602/20260209S093616.269487E093616.269487_scanAz_slow.dat,4.3987
results2602/20260209S093617.229060E093617.229060_scanAz_slow.dat,4.1843
results2602/20260209S093618.190854E093618.190854_scanAz_slow.dat,4.2814
results2602/20260209S093619.146424E093619.146424_scanAz_slow.dat,4.2821
results2602/20260209S093620.111233E093620.111233_scanAz_slow.dat,4.3793
results2602/20260209S093621.066039E093621.066039_scanAz_slow.dat,4.1436
results2602/20260209S093622.026346E093622.026346_scanAz_slow.dat,4.2669
results2602/20260209S093622.989270E093622.989270_scanAz_slow.dat,4.1612
results2602/20260209S093623.946656E093623.946656_scanAz_slow.dat,4.2653
results2602/20260209S093624.908858E093624.908858_scanAz_slow.dat,4.1861
results2602/20260209S093625.869212E093625.869212_scanAz_slow.dat,4.3372
results2602/20260209S093626.831108E093626.831108_scanAz_slow.dat,4.1439
results2602/20260209S093627.792467E093627.792467_scanAz_slow.dat,4.1899
results2602/20260209S093628.747220E093628.747220_scanAz_slow.dat,4.1052
results2602/20260209S093629.710328E093629.710328_scanAz_slow.dat,4.1500
results2602/20260209S093630.671097E093630.671097_scanAz_slow.dat,3.9470
results2602/20260209S093631.632376E093631.632376_scanAz_slow.dat,4.1491
results2602/20260209S093632.588848E093632.588848_scanAz_slow.dat,4.1699
results2602/20260209S093633.549761E093633.549761_scanAz_slow.dat,4.0318
results2602/20260209S093634.506602E093634.506602_scanAz_slow.dat,4.2801
results2602/20260209S093635.469748E093635.469748_scanAz_slow.dat,4.1551
results2602/20260209S093636.429974E093636.429974_scanAz_slow.dat,4.1178
results2602/20260209S093637.392118E093637.392118_scanAz_slow.dat,4.1471
results2602/20260209S093638.347049E093638.347049_scanAz_slow.dat,4.2080
results2602/20260209S093639.308745E093639.308745_scanAz_slow.dat,4.1516
results2602/20260209S093640.271470E093640.271470_scanAz_slow.dat,4.2086
results2602/20260209S093641.226600E093641.226600_scanAz_slow.dat,4.0936
results2602/20260209S093642.192408E093642.192408_scanAz_slow.dat,4.2962
results2602/20260209S093643.152832E093643.152832_scanAz_slow.dat,3.9716
results2602/20260209S093644.107060E093644.107060_scanAz_slow.dat,4.2262
results2602/20260209S093645.067997E093645.067997_scanAz_slow.dat,3.9842
results2602/20260209S093646.028473E093646.028473_scanAz_slow.dat,4.1228
results2602/20260209S093646.990238E093646.990238_scanAz_slow.dat,4.1272
results2602/20260209S093647.950622E093647.950622_scanAz_slow.dat,4.1912
results2602/20260209S093648.909406E093648.909406_scanAz_slow.dat,4.2488
results2602/20260209S093649.871293E093649.871293_scanAz_slow.dat,4.1245
results2602/20260209S093650.831187E093650.831187_scanAz_slow.dat,4.1045
results2602/20260209S093651.792292E093651.792292_scanAz_slow.dat,3.9942
results2602/20260209S093652.750230E093652.750230_scanAz_slow.dat,4.0159
results2602/20260209S093653.707585E093653.707585_scanAz_slow.dat,3.9725
results2602/20260209S093654.670970E093654.670970_scanAz_slow.dat,4.0922
results2602/20260209S093655.626852E093655.626852_scanAz_slow.dat,3.7362
results2602/20260209S093656.590297E093656.590297_scanAz_slow.dat,4.2186
results2602/20260209S093657.548462E093657.548462_scanAz_slow.dat,4.0731
results2602/20260209S093658.507972E093658.507972_scanAz_slow.dat,4.3563
results2602/20260209S093659.471093E093659.471093_scanAz_slow.dat,4.3113
results2602/20260209S093700.427647E093700.427647_scanAz_slow.dat,4.2615
results2602/20260209S093701.390331E093701.390331_scanAz_slow.dat,4.0303
results2602/20260209S093702.350098E093702.350098_scanAz_slow.dat,4.3288
results2602/20260209S093703.308410E093703.308410_scanAz_slow.dat,4.3690
results2602/20260209S093704.270513E093704.270513_scanAz_slow.dat,4.3490
results2602/20260209S093705.228942E093705.228942_scanAz_slow.dat,4.2725
results2602/20260209S093706.188672E093706.188672_scanAz_slow.dat,4.2165
results2602/20260209S093707.150159E093707.150159_scanAz_slow.dat,4.2464
results2602/20260209S093708.110371E093708.110371_scanAz_slow.dat,4.2119
results2602/20260209S093709.071576E093709.071576_scanAz_slow.dat,4.4003
results2602/20260209S093710.028476E093710.028476_scanAz_slow.dat,4.2529
results2602/20260209S093710.991246E093710.991246_scanAz_slow.dat,4.1067
results2602/20260209S093711.949510E093711.949510_scanAz_slow.dat,4.1351
results2602/20260209S093712.908431E093712.908431_scanAz_slow.dat,4.1540
results2602/20260209S093713.868796E093713.868796_scanAz_slow.dat,4.1415
results2602/20260209S093714.831564E093714.831564_scanAz_slow.dat,4.2387
results2602/20260209S093715.790267E093715.790267_scanAz_slow.dat,4.1027
results2602/20260209S093716.751223E093716.751223_scanAz_slow.dat,4.1270
results2602/20260209S093717.709037E093717.709037_scanAz_slow.dat,4.1173
results2602/20260209S093718.668189E093718.668189_scanAz_slow.dat,4.2946
results2602/20260209S093719.627158E093719.627158_scanAz_slow.dat,4.1229
results2602/20260209S093720.592175E093720.592175_scanAz_slow.dat,4.1536
results2602/20260209S093721.550233E093721.550233_scanAz_slow.dat,4.1984
results2602/20260209S093722.510738E093722.510738_scanAz_slow.dat,4.1620
results2602/20260209S093723.471637E093723.471637_scanAz_slow.dat,4.2033
results2602/20260209S093724.433699E093724.433699_scanAz_slow.dat,4.0803
results2602/20260209S093725.390183E093725.390183_scanAz_slow.dat,4.0354
results2602/20260209S093726.352310E093726.352310_scanAz_slow.dat,4.0539
results2602/20260209S093727.308741E093727.308741_scanAz_slow.dat,4.0585
results2602/20260209S093728.270647E093728.270647_scanAz_slow.dat,4.1907
results2602/20260209S093729.229514E093729.229514_scanAz_slow.dat,3.9413
results2602/20260209S093730.193423E093730.193423_scanAz_slow.dat,4.2414
results2602/20260209S093731.151925E093731.151925_scanAz_slow.dat,4.3734
results2602/20260209S093732.111670E093732.111670_scanAz_slow.dat,4.3232
results2602/20260209S093733.071726E093733.071726_scanAz_slow.dat,4.1484
results2602/20260209S093734.029751E093734.029751_scanAz_slow.dat,3.8416
results2602/20260209S093734.990921E093734.990921_scanAz_slow.dat,4.1115
results2602/20260209S093735.949941E093735.949941_scanAz_slow.dat,4.0557
results2602/20260209S093736.909951E093736.909951_scanAz_slow.dat,4.2930
results2602/20260209S093737.872260E093737.872260_scanAz_slow.dat,4.2322
results2602/20260209S093738.830933E093738.830933_scanAz_slow.dat,4.2574
results2602/20260209S093739.791174E093739.791174_scanAz_slow.dat,4.2740
results2602/20260209S093740.751782E093740.751782_scanAz_slow.dat,4.1323
results2602/20260209S093741.712957E093741.712957_scanAz_slow.dat,4.1369
results2602/20260209S093742.671020E093742.671020_scanAz_slow.dat,4.1007
results2602/20260209S093743.632349E093743.632349_scanAz_slow.dat,4.2987
results2602/20260209S093744.589735E093744.589735_scanAz_slow.dat,4.2185
results2602/20260209S093745.551344E093745.551344_scanAz_slow.dat,4.1359
results2602/20260209S093746.510202E093746.510202_scanAz_slow.dat,4.0973
results2602/20260209S093747.472996E093747.472996_scanAz_slow.dat,4.0761
results2602/20260209S093748.429316E093748.429316_scanAz_slow.dat,4.1038
results2602/20260209S093749.389576E093749.389576_scanAz_slow.dat,4.3928
results2602/20260209S093750.350676E093750.350676_scanAz_slow.dat,4.1476
results2602/20260209S093751.312265E093751.312265_scanAz_slow.dat,4.0213
results2602/20260209S093752.269517E093752.269517_scanAz_slow.dat,3.9277
results2602/20260209S093753.230765E093753.230765_scanAz_slow.dat,4.3648
results2602/20260209S093754.190890E093754.190890_scanAz_slow.dat,4.2000
results2602/20260209S093755.152784E093755.152784_scanAz_slow.dat,4.0075
results2602/20260209S093756.109998E093756.109998_scanAz_slow.dat,4.3028
results2602/20260209S093757.072036E093757.072036_scanAz_slow.dat,4.2756
results2602/20260209S093758.028342E093758.028342_scanAz_slow.dat,4.0195
results2602/20260209S093758.990736E093758.990736_scanAz_slow.dat,4.0939
results2602/20260209S093759.954095E093759.954095_scanAz_slow.dat,4.2347
results2602/20260209S093800.912612E093800.912612_scanAz_slow.dat,4.3633
results2602/20260209S093801.867818E093801.867818_scanAz_slow.dat,4.1283
results2602/20260209S093802.831502E093802.831502_scanAz_slow.dat,4.2661
results2602/20260209S093803.790519E093803.790519_scanAz_slow.dat,4.1541
results2602/20260209S093804.748106E093804.748106_scanAz_slow.dat,4.1754
results2602/20260209S093805.708123E093805.708123_scanAz_slow.dat,4.1346
results2602/20260209S093806.672360E093806.672360_scanAz_slow.dat,4.3608
results2602/20260209S093807.634404E093807.634404_scanAz_slow.dat,4.0144
results2602/20260209S093808.590903E093808.590903_scanAz_slow.dat,3.9489
results2602/20260209S093809.551038E093809.551038_scanAz_slow.dat,4.0505
results2602/20260209S093810.510704E093810.510704_scanAz_slow.dat,4.1327
results2602/20260209S093811.473059E093811.473059_scanAz_slow.dat,4.1892
results2602/20260209S093812.432620E093812.432620_scanAz_slow.dat,4.1163
results2602/20260209S093813.393717E093813.393717_scanAz_slow.dat,4.0779
results2602/20260209S093814.351457E093814.351457_scanAz_slow.dat,4.2265
results2602/20260209S093815.312696E093815.312696_scanAz_slow.dat,4.0602
results2602/20260209S093816.268132E093816.268132_scanAz_slow.dat,4.0482
results2602/20260209S093817.232173E093817.232173_scanAz_slow.dat,3.9611
results2602/20260209S093818.190597E093818.190597_scanAz_slow.dat,4.2720
results2602/20260209S093819.151046E093819.151046_scanAz_slow.dat,4.2390
results2602/20260209S093820.112685E093820.112685_scanAz_slow.dat,4.0909
results2602/20260209S093821.074083E093821.074083_scanAz_slow.dat,4.2446
results2602/20260209S093822.030216E093822.030216_scanAz_slow.dat,4.0428
results2602/20260209S093822.992570E093822.992570_scanAz_slow.dat,4.1786
results2602/20260209S093823.949133E093823.949133_scanAz_slow.dat,4.1557
results2602/20260209S093824.915126E093824.915126_scanAz_slow.dat,4.1649
results2602/20260209S093825.871206E093825.871206_scanAz_slow.dat,4.2172
results2602/20260209S093826.832825E093826.832825_scanAz_slow.dat,4.1952
results2602/20260209S093827.794174E093827.794174_scanAz_slow.dat,4.1403
results2602/20260209S093828.751632E093828.751632_scanAz_slow.dat,4.1722
results2602/20260209S093829.710310E093829.710310_scanAz_slow.dat,4.0095
results2602/20260209S093830.672160E093830.672160_scanAz_slow.dat,3.9826
results2602/20260209S093831.634061E093831.634061_scanAz_slow.dat,4.2607
results2602/20260209S093832.587895E093832.587895_scanAz_slow.dat,4.1985
results2602/20260209S093833.551472E093833.551472_scanAz_slow.dat,4.2149
results2602/20260209S093834.509486E093834.509486_scanAz_slow.dat,4.1574
results2602/20260209S093835.469998E093835.469998_scanAz_slow.dat,4.1032
results2602/20260209S093836.431942E093836.431942_scanAz_slow.dat,4.0055
results2602/20260209S093837.394299E093837.394299_scanAz_slow.dat,4.2677
results2602/20260209S093838.351963E093838.351963_scanAz_slow.dat,4.0443
results2602/20260209S093839.308224E093839.308224_scanAz_slow.dat,3.9265
results2602/20260209S093840.271979E093840.271979_scanAz_slow.dat,4.1920
results2602/20260209S093841.233838E093841.233838_scanAz_slow.dat,4.0375
results2602/20260209S093842.190825E093842.190825_scanAz_slow.dat,4.1913
results2602/20260209S093843.150869E093843.150869_scanAz_slow.dat,4.0433
results2602/20260209S093844.112106E093844.112106_scanAz_slow.dat,4.0255
results2602/20260209S093845.073034E093845.073034_scanAz_slow.dat,4.2697
results2602/20260209S093846.032587E093846.032587_scanAz_slow.dat,4.1583
results2602/20260209S093846.990540E093846.990540_scanAz_slow.dat,4.1121
results2602/20260209S093847.951671E093847.951671_scanAz_slow.dat,4.0601
results2602/20260209S093848.913786E093848.913786_scanAz_slow.dat,4.1534
results2602/20260209S093849.873967E093849.873967_scanAz_slow.dat,4.2491
results2602/20260209S093850.833082E093850.833082_scanAz_slow.dat,4.1789
results2602/20260209S093851.790210E093851.790210_scanAz_slow.dat,4.1873
results2602/20260209S093852.752707E093852.752707_scanAz_slow.dat,4.1398
results2602/20260209S093853.708437E093853.708437_scanAz_slow.dat,4.1984
results2602/20260209S093854.673891E093854.673891_scanAz_slow.dat,4.1108
results2602/20260209S093855.632046E093855.632046_scanAz_slow.dat,4.2726
results2602/20260209S093856.594260E093856.594260_scanAz_slow.dat,4.2536
results2602/20260209S093857.551131E093857.551131_scanAz_slow.dat,3.9479
results2602/20260209S093858.508618E093858.508618_scanAz_slow.dat,4.1571
results2602/20260209S093859.471963E093859.471963_scanAz_slow.dat,4.2708
results2602/20260209S093900.430929E093900.430929_scanAz_slow.dat,4.2207
results2602/20260209S093901.390970E093901.390970_scanAz_slow.dat,4.1550
results2602/20260209S093902.355308E093902.355308_scanAz_slow.dat,4.0345
results2602/20260209S093903.312706E093903.312706_scanAz_slow.dat,4.1420
results2602/20260209S093904.271426E093904.271426_scanAz_slow.dat,4.2317
results2602/20260209S093905.232054E093905.232054_scanAz_slow.dat,4.1300
results2602/20260209S093906.195010E093906.195010_scanAz_slow.dat,4.1765
results2602/20260209S093907.150437E093907.150437_scanAz_slow.dat,4.3476
results2602/20260209S093908.113504E093908.113504_scanAz_slow.dat,4.1000
results2602/20260209S093909.068366E093909.068366_scanAz_slow.dat,4.1392
results2602/20260209S093910.035753E093910.035753_scanAz_slow.dat,4.1733
results2602/20260209S093910.990125E093910.990125_scanAz_slow.dat,3.7721
results2602/20260209S093911.950538E093911.950538_scanAz_slow.dat,4.1812
results2602/20260209S093912.913571E093912.913571_scanAz_slow.dat,4.1972
results2602/20260209S093913.873809E093913.873809_scanAz_slow.dat,4.2366
results2602/20260209S093914.832310E093914.832310_scanAz_slow.dat,4.2380
results2602/20260209S093915.791060E093915.791060_scanAz_slow.dat,4.0447
results2602/20260209S093916.752203E093916.752203_scanAz_slow.dat,4.2679
results2602/20260209S093917.710710E093917.710710_scanAz_slow.dat,4.2787
results2602/20260209S093918.672157E093918.672157_scanAz_slow.dat,4.2128
results2602/20260209S093919.635334E093919.635334_scanAz_slow.dat,4.2661
results2602/20260209S093920.590583E093920.590583_scanAz_slow.dat,4.2228
results2602/20260209S093921.555578E093921.555578_scanAz_slow.dat,4.2573
results2602/20260209S093922.513531E093922.513531_scanAz_slow.dat,4.3033
results2602/20260209S093923.469647E093923.469647_scanAz_slow.dat,4.3484
results2602/20260209S093924.430389E093924.430389_scanAz_slow.dat,4.1255
results2602/20260209S093925.394732E093925.394732_scanAz_slow.dat,4.3496
results2602/20260209S093926.352450E093926.352450_scanAz_slow.dat,4.2754
results2602/20260209S093927.314633E093927.314633_scanAz_slow.dat,4.2295
results2602/20260209S093928.271057E093928.271057_scanAz_slow.dat,4.2029
results2602/20260209S093929.233378E093929.233378_scanAz_slow.dat,4.1068
results2602/20260209S093930.194488E093930.194488_scanAz_slow.dat,4.1673
results2602/20260209S093931.153719E093931.153719_scanAz_slow.dat,4.2448
results2602/20260209S093932.114905E093932.114905_scanAz_slow.dat,4.0120
results2602/20260209S093933.075107E093933.075107_scanAz_slow.dat,4.3220
results2602/20260209S093934.035214E093934.035214_scanAz_slow.dat,4.2198
results2602/20260209S093934.990758E093934.990758_scanAz_slow.dat,4.0733
results2602/20260209S093935.952055E093935.952055_scanAz_slow.dat,4.1466
results2602/20260209S093936.912308E093936.912308_scanAz_slow.dat,4.3029
results2602/20260209S093937.874097E093937.874097_scanAz_slow.dat,4.1397
results2602/20260209S093938.831126E093938.831126_scanAz_slow.dat,3.9186
results2602/20260209S093939.789954E093939.789954_scanAz_slow.dat,4.1192
results2602/20260209S093940.749709E093940.749709_scanAz_slow.dat,4.1466
results2602/20260209S093941.713932E093941.713932_scanAz_slow.dat,4.0288
results2602/20260209S093942.672829E093942.672829_scanAz_slow.dat,4.1441
results2602/20260209S093943.630770E093943.630770_scanAz_slow.dat,4.2968
results2602/20260209S093944.594408E093944.594408_scanAz_slow.dat,4.1128
results2602/20260209S093945.554939E093945.554939_scanAz_slow.dat,4.1857
results2602/20260209S093946.510688E093946.510688_scanAz_slow.dat,4.4518
results2602/20260209S093947.472145E093947.472145_scanAz_slow.dat,4.3315
results2602/20260209S093948.434646E093948.434646_scanAz_slow.dat,4.0586
results2602/20260209S093949.395180E093949.395180_scanAz_slow.dat,4.0088
results2602/20260209S093950.353652E093950.353652_scanAz_slow.dat,4.1686
results2602/20260209S093951.313857E093951.313857_scanAz_slow.dat,4.3309
results2602/20260209S093952.271435E093952.271435_scanAz_slow.dat,4.2639
results2602/20260209S093953.235283E093953.235283_scanAz_slow.dat,4.2052
results2602/20260209S093954.191211E093954.191211_scanAz_slow.dat,4.2030
results2602/20260209S093955.153744E093955.153744_scanAz_slow.dat,4.2070
results2602/20260209S093956.110559E093956.110559_scanAz_slow.dat,4.2614
results2602/20260209S093957.073474E093957.073474_scanAz_slow.dat,4.0716
results2602/20260209S093958.035251E093958.035251_scanAz_slow.dat,4.2574
results2602/20260209S093958.991343E093958.991343_scanAz_slow.dat,4.1386
results2602/20260209S093959.954902E093959.954902_scanAz_slow.dat,4.2653
results2602/20260209S094000.911655E094000.911655_scanAz_slow.dat,4.0658
results2602/20260209S094001.876877E094001.876877_scanAz_slow.dat,4.2184
results2602/20260209S094002.832443E094002.832443_scanAz_slow.dat,4.1571
results2602/20260209S094003.794005E094003.794005_scanAz_slow.dat,4.1743
results2602/20260209S094004.755050E094004.755050_scanAz_slow.dat,4.3050
results2602/20260209S094005.716275E094005.716275_scanAz_slow.dat,4.2458
results2602/20260209S094006.671252E094006.671252_scanAz_slow.dat,4.2813
results2602/20260209S094007.633944E094007.633944_scanAz_slow.dat,4.2606
results2602/20260209S094008.594171E094008.594171_scanAz_slow.dat,3.9760
results2602/20260209S094009.554317E094009.554317_scanAz_slow.dat,4.1832
results2602/20260209S094010.515765E094010.515765_scanAz_slow.dat,4.2440
results2602/20260209S094011.475709E094011.475709_scanAz_slow.dat,4.2419
results2602/20260209S094012.435035E094012.435035_scanAz_slow.dat,4.4338
results2602/20260209S094013.396293E094013.396293_scanAz_slow.dat,4.2440
results2602/20260209S094014.352677E094014.352677_scanAz_slow.dat,4.2342
results2602/20260209S094015.315222E094015.315222_scanAz_slow.dat,4.1331
results2602/20260209S094016.270882E094016.270882_scanAz_slow.dat,4.3053
results2602/20260209S094017.234542E094017.234542_scanAz_slow.dat,4.0877
results2602/20260209S094018.195083E094018.195083_scanAz_slow.dat,4.2456
results2602/20260209S094019.155756E094019.155756_scanAz_slow.dat,4.2160
results2602/20260209S094020.112744E094020.112744_scanAz_slow.dat,4.4214
results2602/20260209S094021.072553E094021.072553_scanAz_slow.dat,4.0659
results2602/20260209S094022.031860E094022.031860_scanAz_slow.dat,4.0929
results2602/20260209S094022.990741E094022.990741_scanAz_slow.dat,4.3514
results2602/20260209S094023.953980E094023.953980_scanAz_slow.dat,4.2971
results2602/20260209S094024.914194E094024.914194_scanAz_slow.dat,4.2839
results2602/20260209S094025.873486E094025.873486_scanAz_slow.dat,4.4429
results2602/20260209S094026.835959E094026.835959_scanAz_slow.dat,4.2674
results2602/20260209S094027.791804E094027.791804_scanAz_slow.dat,4.3252
results2602/20260209S094028.752725E094028.752725_scanAz_slow.dat,4.1547
results2602/20260209S094029.709954E094029.709954_scanAz_slow.dat,4.2225
results2602/20260209S094030.676624E094030.676624_scanAz_slow.dat,4.2205
results2602/20260209S094031.631796E094031.631796_scanAz_slow.dat,4.2706
results2602/20260209S094032.593925E094032.593925_scanAz_slow.dat,4.3040
results2602/20260209S094033.554800E094033.554800_scanAz_slow.dat,4.2470
results2602/20260209S094034.514621E094034.514621_scanAz_slow.dat,4.1515
results2602/20260209S094035.472630E094035.472630_scanAz_slow.dat,3.9963
results2602/20260209S094036.434096E094036.434096_scanAz_slow.dat,4.0876
results2602/20260209S094037.395820E094037.395820_scanAz_slow.dat,4.3401
results2602/20260209S094038.354919E094038.354919_scanAz_slow.dat,4.4155
results2602/20260209S094039.310182E094039.310182_scanAz_slow.dat,4.3981
results2602/20260209S094040.271312E094040.271312_scanAz_slow.dat,4.2710
results2602/20260209S094041.229948E094041.229948_scanAz_slow.dat,4.2773
results2602/20260209S094042.190499E094042.190499_scanAz_slow.dat,4.1173
results2602/20260209S094043.156277E094043.156277_scanAz_slow.dat,4.1000
results2602/20260209S094044.115812E094044.115812_scanAz_slow.dat,4.2613
results2602/20260209S094045.074707E094045.074707_scanAz_slow.dat,4.1430
results2602/20260209S094046.034820E094046.034820_scanAz_slow.dat,4.1231
results2602/20260209S094046.995970E094046.995970_scanAz_slow.dat,4.1410
results2602/20260209S094047.956108E094047.956108_scanAz_slow.dat,4.1861
results2602/20260209S094048.916543E094048.916543_scanAz_slow.dat,4.0682
results2602/20260209S094049.874582E094049.874582_scanAz_slow.dat,4.4842
results2602/20260209S094050.833358E094050.833358_scanAz_slow.dat,4.5118
results2602/20260209S094051.792244E094051.792244_scanAz_slow.dat,4.1437
results2602/20260209S094052.750419E094052.750419_scanAz_slow.dat,4.2830
results2602/20260209S094053.711517E094053.711517_scanAz_slow.dat,4.0531
results2602/20260209S094054.674397E094054.674397_scanAz_slow.dat,4.1102
results2602/20260209S094055.634919E094055.634919_scanAz_slow.dat,4.2104
results2602/20260209S094056.592259E094056.592259_scanAz_slow.dat,4.2849
results2602/20260209S094057.554224E094057.554224_scanAz_slow.dat,4.3755
results2602/20260209S094058.512175E094058.512175_scanAz_slow.dat,4.1634
results2602/20260209S094059.472892E094059.472892_scanAz_slow.dat,4.0557
results2602/20260209S094100.436689E094100.436689_scanAz_slow.dat,4.1830
results2602/20260209S094101.393028E094101.393028_scanAz_slow.dat,4.2898
results2602/20260209S094102.354881E094102.354881_scanAz_slow.dat,4.1731
results2602/20260209S094103.313786E094103.313786_scanAz_slow.dat,4.3312
results2602/20260209S094104.272365E094104.272365_scanAz_slow.dat,4.3174
results2602/20260209S094105.231790E094105.231790_scanAz_slow.dat,4.3110
results2602/20260209S094106.194560E094106.194560_scanAz_slow.dat,4.2431
results2602/20260209S094107.152389E094107.152389_scanAz_slow.dat,4.2153
results2602/20260209S094108.112756E094108.112756_scanAz_slow.dat,4.3792
results2602/20260209S094109.070326E094109.070326_scanAz_slow.dat,4.2628
results2602/20260209S094110.036072E094110.036072_scanAz_slow.dat,4.3517
results2602/20260209S094110.992118E094110.992118_scanAz_slow.dat,4.2800
results2602/20260209S094111.955575E094111.955575_scanAz_slow.dat,4.3015
results2602/20260209S094112.916267E094112.916267_scanAz_slow.dat,4.4009
results2602/20260209S094113.874671E094113.874671_scanAz_slow.dat,4.1301
results2602/20260209S094114.832299E094114.832299_scanAz_slow.dat,4.2187
results2602/20260209S094115.792540E094115.792540_scanAz_slow.dat,4.4505
results2602/20260209S094116.756337E094116.756337_scanAz_slow.dat,4.4752
results2602/20260209S094117.714255E094117.714255_scanAz_slow.dat,3.9907
results2602/20260209S094118.672183E094118.672183_scanAz_slow.dat,4.2706
results2602/20260209S094119.632543E094119.632543_scanAz_slow.dat,4.0977
results2602/20260209S094120.594599E094120.594599_scanAz_slow.dat,4.4126
results2602/20260209S094121.555341E094121.555341_scanAz_slow.dat,4.1903
results2602/20260209S094122.513286E094122.513286_scanAz_slow.dat,4.3061
results2602/20260209S094123.472356E094123.472356_scanAz_slow.dat,4.3787
results2602/20260209S094124.434913E094124.434913_scanAz_slow.dat,4.0130
results2602/20260209S094125.396133E094125.396133_scanAz_slow.dat,4.0840
results2602/20260209S094126.352669E094126.352669_scanAz_slow.dat,4.4865
results2602/20260209S094127.316523E094127.316523_scanAz_slow.dat,4.3137
results2602/20260209S094128.272586E094128.272586_scanAz_slow.dat,4.1070
results2602/20260209S094129.235089E094129.235089_scanAz_slow.dat,4.1202
results2602/20260209S094130.194075E094130.194075_scanAz_slow.dat,4.2706
results2602/20260209S094131.155370E094131.155370_scanAz_slow.dat,4.2590
results2602/20260209S094132.114253E094132.114253_scanAz_slow.dat,4.0605
results2602/20260209S094133.075089E094133.075089_scanAz_slow.dat,4.1488
results2602/20260209S094134.034102E094134.034102_scanAz_slow.dat,4.3567
results2602/20260209S094134.994578E094134.994578_scanAz_slow.dat,4.3511
results2602/20260209S094135.956469E094135.956469_scanAz_slow.dat,4.4621
results2602/20260209S094136.913348E094136.913348_scanAz_slow.dat,4.3574
results2602/20260209S094137.872706E094137.872706_scanAz_slow.dat,4.0702
results2602/20260209S094138.833279E094138.833279_scanAz_slow.dat,4.1759
results2602/20260209S094139.796614E094139.796614_scanAz_slow.dat,4.2030
results2602/20260209S094140.752701E094140.752701_scanAz_slow.dat,4.2016
results2602/20260209S094141.713923E094141.713923_scanAz_slow.dat,4.2912
results2602/20260209S094142.674090E094142.674090_scanAz_slow.dat,4.1804
results2602/20260209S094143.632729E094143.632729_scanAz_slow.dat,4.2379
results2602/20260209S094144.595663E094144.595663_scanAz_slow.dat,4.4636
results2602/20260209S094145.550501E094145.550501_scanAz_slow.dat,4.1477
results2602/20260209S094146.513973E094146.513973_scanAz_slow.dat,4.1080
results2602/20260209S094147.475059E094147.475059_scanAz_slow.dat,4.1375
results2602/20260209S094148.435375E094148.435375_scanAz_slow.dat,4.3048
results2602/20260209S094149.396731E094149.396731_scanAz_slow.dat,4.1897
results2602/20260209S094150.354669E094150.354669_scanAz_slow.dat,4.2086
results2602/20260209S094151.310985E094151.310985_scanAz_slow.dat,4.2266
results2602/20260209S094152.273528E094152.273528_scanAz_slow.dat,4.2480
results2602/20260209S094153.236223E094153.236223_scanAz_slow.dat,4.3309
results2602/20260209S094154.191065E094154.191065_scanAz_slow.dat,4.1385
results2602/20260209S094155.151534E094155.151534_scanAz_slow.dat,4.1495
results2602/20260209S094156.112990E094156.112990_scanAz_slow.dat,4.1882
results2602/20260209S094157.079881E094157.079881_scanAz_slow.dat,4.1615
results2602/20260209S094158.034890E094158.034890_scanAz_slow.dat,4.3084
results2602/20260209S094158.997731E094158.997731_scanAz_slow.dat,4.3427
results2602/20260209S094159.950985E094159.950985_scanAz_slow.dat,4.2650
results2602/20260209S094200.913039E094200.913039_scanAz_slow.dat,4.3173
results2602/20260209S094201.873312E094201.873312_scanAz_slow.dat,4.4109
results2602/20260209S094202.833981E094202.833981_scanAz_slow.dat,4.3273
results2602/20260209S094203.793064E094203.793064_scanAz_slow.dat,4.3563
results2602/20260209S094204.757191E094204.757191_scanAz_slow.dat,4.3906
results2602/20260209S094205.714147E094205.714147_scanAz_slow.dat,4.1631
results2602/20260209S094206.673179E094206.673179_scanAz_slow.dat,4.1101
results2602/20260209S094207.634290E094207.634290_scanAz_slow.dat,4.0656
results2602/20260209S094208.595018E094208.595018_scanAz_slow.dat,3.9817
results2602/20260209S094209.557858E094209.557858_scanAz_slow.dat,4.1636
results2602/20260209S094210.513155E094210.513155_scanAz_slow.dat,4.1062
results2602/20260209S094211.475813E094211.475813_scanAz_slow.dat,4.4060
results2602/20260209S094212.437751E094212.437751_scanAz_slow.dat,4.2420
results2602/20260209S094213.393368E094213.393368_scanAz_slow.dat,4.3753
results2602/20260209S094214.355356E094214.355356_scanAz_slow.dat,4.3694
results2602/20260209S094215.316142E094215.316142_scanAz_slow.dat,4.1775
results2602/20260209S094216.272687E094216.272687_scanAz_slow.dat,4.3329
results2602/20260209S094217.235663E094217.235663_scanAz_slow.dat,4.0199
results2602/20260209S094218.195572E094218.195572_scanAz_slow.dat,4.2808
results2602/20260209S094219.156112E094219.156112_scanAz_slow.dat,4.2421
results2602/20260209S094220.116784E094220.116784_scanAz_slow.dat,4.2162
results2602/20260209S094221.072902E094221.072902_scanAz_slow.dat,3.9873
results2602/20260209S094222.035253E094222.035253_scanAz_slow.dat,3.9915
results2602/20260209S094222.994384E094222.994384_scanAz_slow.dat,4.1945
results2602/20260209S094223.955093E094223.955093_scanAz_slow.dat,4.2758
results2602/20260209S094224.914437E094224.914437_scanAz_slow.dat,4.2228
results2602/20260209S094225.874524E094225.874524_scanAz_slow.dat,4.0506
results2602/20260209S094226.835879E094226.835879_scanAz_slow.dat,4.1931
results2602/20260209S094227.791856E094227.791856_scanAz_slow.dat,4.4389
results2602/20260209S094228.756797E094228.756797_scanAz_slow.dat,4.0537
results2602/20260209S094229.712290E094229.712290_scanAz_slow.dat,4.2577
results2602/20260209S094230.674510E094230.674510_scanAz_slow.dat,4.1966
results2602/20260209S094231.636018E094231.636018_scanAz_slow.dat,4.2254
results2602/20260209S094232.597469E094232.597469_scanAz_slow.dat,4.0979
results2602/20260209S094233.553155E094233.553155_scanAz_slow.dat,3.9945
results2602/20260209S094234.516367E094234.516367_scanAz_slow.dat,4.0157
results2602/20260209S094235.471472E094235.471472_scanAz_slow.dat,4.2356
results2602/20260209S094236.435813E094236.435813_scanAz_slow.dat,3.8090
results2602/20260209S094237.395960E094237.395960_scanAz_slow.dat,4.2596
results2602/20260209S094238.356656E094238.356656_scanAz_slow.dat,4.1688
results2602/20260209S094239.313016E094239.313016_scanAz_slow.dat,3.9242
results2602/20260209S094240.275635E094240.275635_scanAz_slow.dat,3.9978
results2602/20260209S094241.235739E094241.235739_scanAz_slow.dat,4.2322
results2602/20260209S094242.196738E094242.196738_scanAz_slow.dat,4.3222
results2602/20260209S094243.157348E094243.157348_scanAz_slow.dat,4.1609
results2602/20260209S094244.113462E094244.113462_scanAz_slow.dat,4.0561
results2602/20260209S094245.075641E094245.075641_scanAz_slow.dat,4.1741
results2602/20260209S094246.037478E094246.037478_scanAz_slow.dat,4.2284
results2602/20260209S094246.997801E094246.997801_scanAz_slow.dat,4.3351
results2602/20260209S094247.954400E094247.954400_scanAz_slow.dat,3.9584
results2602/20260209S094248.914195E094248.914195_scanAz_slow.dat,4.2681
results2602/20260209S094249.874664E094249.874664_scanAz_slow.dat,4.2679
results2602/20260209S094250.835729E094250.835729_scanAz_slow.dat,4.2698
results2602/20260209S094251.793238E094251.793238_scanAz_slow.dat,4.1215
results2602/20260209S094252.754090E094252.754090_scanAz_slow.dat,4.2242
results2602/20260209S094253.715877E094253.715877_scanAz_slow.dat,4.1328
results2602/20260209S094254.677868E094254.677868_scanAz_slow.dat,4.1579
results2602/20260209S094255.633606E094255.633606_scanAz_slow.dat,4.1478
results2602/20260209S094256.597039E094256.597039_scanAz_slow.dat,4.0156
results2602/20260209S094257.556534E094257.556534_scanAz_slow.dat,4.0671
results2602/20260209S094258.515863E094258.515863_scanAz_slow.dat,4.1372
results2602/20260209S094259.478064E094259.478064_scanAz_slow.dat,4.1432
results2602/20260209S094300.437955E094300.437955_scanAz_slow.dat,4.2200
results2602/20260209S094301.396779E094301.396779_scanAz_slow.dat,4.1808
results2602/20260209S094302.355101E094302.355101_scanAz_slow.dat,4.2861
results2602/20260209S094303.315764E094303.315764_scanAz_slow.dat,4.0961
results2602/20260209S094304.276049E094304.276049_scanAz_slow.dat,4.2909
results2602/20260209S094305.236400E094305.236400_scanAz_slow.dat,4.0817
results2602/20260209S094306.197317E094306.197317_scanAz_slow.dat,4.2610
results2602/20260209S094307.156633E094307.156633_scanAz_slow.dat,4.2110
results2602/20260209S094308.113995E094308.113995_scanAz_slow.dat,4.2113
results2602/20260209S094309.075332E094309.075332_scanAz_slow.dat,4.0511
results2602/20260209S094310.035949E094310.035949_scanAz_slow.dat,4.0146
results2602/20260209S094310.999059E094310.999059_scanAz_slow.dat,4.0438
results2602/20260209S094311.955996E094311.955996_scanAz_slow.dat,3.9365
results2602/20260209S094312.911939E094312.911939_scanAz_slow.dat,4.0903
results2602/20260209S094313.874080E094313.874080_scanAz_slow.dat,4.0773
results2602/20260209S094314.836487E094314.836487_scanAz_slow.dat,4.4307
results2602/20260209S094315.798125E094315.798125_scanAz_slow.dat,4.1687
results2602/20260209S094316.758276E094316.758276_scanAz_slow.dat,4.1855
results2602/20260209S094317.717252E094317.717252_scanAz_slow.dat,4.2711
results2602/20260209S094318.674709E094318.674709_scanAz_slow.dat,4.1147
results2602/20260209S094319.637464E094319.637464_scanAz_slow.dat,4.3014
results2602/20260209S094320.598209E094320.598209_scanAz_slow.dat,4.2104
results2602/20260209S094321.553931E094321.553931_scanAz_slow.dat,4.3343
results2602/20260209S094322.518966E094322.518966_scanAz_slow.dat,4.0107
results2602/20260209S094323.476113E094323.476113_scanAz_slow.dat,4.2321
results2602/20260209S094324.437765E094324.437765_scanAz_slow.dat,3.9775
results2602/20260209S094325.396287E094325.396287_scanAz_slow.dat,4.3844
results2602/20260209S094326.357241E094326.357241_scanAz_slow.dat,4.1983
results2602/20260209S094327.318589E094327.318589_scanAz_slow.dat,4.2635
results2602/20260209S094328.276377E094328.276377_scanAz_slow.dat,4.1035
results2602/20260209S094329.238507E094329.238507_scanAz_slow.dat,4.0444
results2602/20260209S094330.195449E094330.195449_scanAz_slow.dat,4.0839
results2602/20260209S094331.156811E094331.156811_scanAz_slow.dat,3.9959
results2602/20260209S094332.118531E094332.118531_scanAz_slow.dat,4.1338
results2602/20260209S094333.074366E094333.074366_scanAz_slow.dat,4.0537
results2602/20260209S094334.033933E094334.033933_scanAz_slow.dat,4.3122
results2602/20260209S094334.996691E094334.996691_scanAz_slow.dat,4.2243
results2602/20260209S094335.954546E094335.954546_scanAz_slow.dat,4.2327
results2602/20260209S094336.915351E094336.915351_scanAz_slow.dat,4.3414
results2602/20260209S094337.876229E094337.876229_scanAz_slow.dat,4.0427
results2602/20260209S094338.838425E094338.838425_scanAz_slow.dat,4.1890
results2602/20260209S094339.794063E094339.794063_scanAz_slow.dat,4.1791
results2602/20260209S094340.756777E094340.756777_scanAz_slow.dat,4.1906
results2602/20260209S094341.717294E094341.717294_scanAz_slow.dat,4.2985
results2602/20260209S094342.675538E094342.675538_scanAz_slow.dat,4.1006
results2602/20260209S094343.636261E094343.636261_scanAz_slow.dat,4.2882
results2602/20260209S094344.597810E094344.597810_scanAz_slow.dat,4.2184
results2602/20260209S094345.559877E094345.559877_scanAz_slow.dat,4.2269
results2602/20260209S094346.512956E094346.512956_scanAz_slow.dat,4.1702
results2602/20260209S094347.475929E094347.475929_scanAz_slow.dat,3.8942
results2602/20260209S094348.438861E094348.438861_scanAz_slow.dat,4.1747
results2602/20260209S094349.396358E094349.396358_scanAz_slow.dat,3.9225
results2602/20260209S094350.359167E094350.359167_scanAz_slow.dat,4.0406
results2602/20260209S094351.315491E094351.315491_scanAz_slow.dat,4.1203
results2602/20260209S094352.276977E094352.276977_scanAz_slow.dat,4.4613
results2602/20260209S094353.239538E094353.239538_scanAz_slow.dat,4.1860
results2602/20260209S094354.194284E094354.194284_scanAz_slow.dat,3.9954
results2602/20260209S094355.156881E094355.156881_scanAz_slow.dat,4.1912
results2602/20260209S094356.114291E094356.114291_scanAz_slow.dat,4.3378
results2602/20260209S094357.075599E094357.075599_scanAz_slow.dat,4.0950
results2602/20260209S094358.037885E094358.037885_scanAz_slow.dat,3.7917
results2602/20260209S094358.995142E094358.995142_scanAz_slow.dat,4.3697
results2602/20260209S094359.956935E094359.956935_scanAz_slow.dat,4.2623
results2602/20260209S094400.916884E094400.916884_scanAz_slow.dat,4.0810
results2602/20260209S094401.874656E094401.874656_scanAz_slow.dat,4.0837
results2602/20260209S094402.832534E094402.832534_scanAz_slow.dat,4.3193
results2602/20260209S094403.796367E094403.796367_scanAz_slow.dat,4.1190
results2602/20260209S094404.755727E094404.755727_scanAz_slow.dat,4.1737
results2602/20260209S094405.717237E094405.717237_scanAz_slow.dat,4.2960
results2602/20260209S094406.677282E094406.677282_scanAz_slow.dat,4.1661
results2602/20260209S094407.632615E094407.632615_scanAz_slow.dat,4.2185
results2602/20260209S094408.595653E094408.595653_scanAz_slow.dat,4.0421
results2602/20260209S094409.557861E094409.557861_scanAz_slow.dat,4.1663
results2602/20260209S094410.518318E094410.518318_scanAz_slow.dat,4.2635
results2602/20260209S094411.475560E094411.475560_scanAz_slow.dat,4.1879
results2602/20260209S094412.436889E094412.436889_scanAz_slow.dat,4.2511
results2602/20260209S094413.393083E094413.393083_scanAz_slow.dat,4.2294
results2602/20260209S094414.352814E094414.352814_scanAz_slow.dat,4.2746
results2602/20260209S094415.316500E094415.316500_scanAz_slow.dat,4.3312
results2602/20260209S094416.279002E094416.279002_scanAz_slow.dat,4.2018
results2602/20260209S094417.234596E094417.234596_scanAz_slow.dat,3.8800
results2602/20260209S094418.197455E094418.197455_scanAz_slow.dat,4.3008
results2602/20260209S094419.158764E094419.158764_scanAz_slow.dat,4.1696
results2602/20260209S094420.114348E094420.114348_scanAz_slow.dat,4.1057
results2602/20260209S094421.074040E094421.074040_scanAz_slow.dat,4.3195
results2602/20260209S094422.036508E094422.036508_scanAz_slow.dat,4.1400
results2602/20260209S094422.998827E094422.998827_scanAz_slow.dat,4.0613
results2602/20260209S094423.955573E094423.955573_scanAz_slow.dat,4.0686
results2602/20260209S094424.917749E094424.917749_scanAz_slow.dat,4.2113
results2602/20260209S094425.874560E094425.874560_scanAz_slow.dat,4.1829
results2602/20260209S094426.837647E094426.837647_scanAz_slow.dat,4.0786
results2602/20260209S094427.798702E094427.798702_scanAz_slow.dat,4.2898
results2602/20260209S094428.756020E094428.756020_scanAz_slow.dat,4.0439
results2602/20260209S094429.716230E094429.716230_scanAz_slow.dat,4.3523
results2602/20260209S094430.674925E094430.674925_scanAz_slow.dat,4.3509
results2602/20260209S094431.637563E094431.637563_scanAz_slow.dat,4.3357
results2602/20260209S094432.597530E094432.597530_scanAz_slow.dat,4.1783
results2602/20260209S094433.556196E094433.556196_scanAz_slow.dat,4.1439
results2602/20260209S094434.518946E094434.518946_scanAz_slow.dat,4.3602
results2602/20260209S094435.475160E094435.475160_scanAz_slow.dat,3.9657
results2602/20260209S094436.435148E094436.435148_scanAz_slow.dat,4.2919
results2602/20260209S094437.397224E094437.397224_scanAz_slow.dat,4.2145
results2602/20260209S094438.358368E094438.358368_scanAz_slow.dat,4.2940
results2602/20260209S094439.315232E094439.315232_scanAz_slow.dat,4.2701
results2602/20260209S094440.277931E094440.277931_scanAz_slow.dat,4.3194
results2602/20260209S094441.237720E094441.237720_scanAz_slow.dat,3.9907
results2602/20260209S094442.199007E094442.199007_scanAz_slow.dat,3.9368
results2602/20260209S094443.157622E094443.157622_scanAz_slow.dat,4.3775
results2602/20260209S094444.118920E094444.118920_scanAz_slow.dat,4.2394
results2602/20260209S094445.075450E094445.075450_scanAz_slow.dat,4.2300
results2602/20260209S094446.037804E094446.037804_scanAz_slow.dat,4.1594
results2602/20260209S094446.999111E094446.999111_scanAz_slow.dat,4.3927
results2602/20260209S094447.956541E094447.956541_scanAz_slow.dat,4.2028
results2602/20260209S094448.917929E094448.917929_scanAz_slow.dat,4.2734
results2602/20260209S094449.878129E094449.878129_scanAz_slow.dat,4.3485
results2602/20260209S094450.838994E094450.838994_scanAz_slow.dat,4.2728
results2602/20260209S094451.795192E094451.795192_scanAz_slow.dat,4.1826
results2602/20260209S094452.757158E094452.757158_scanAz_slow.dat,4.1755
results2602/20260209S094453.719473E094453.719473_scanAz_slow.dat,3.9687
results2602/20260209S094454.679158E094454.679158_scanAz_slow.dat,4.1452
results2602/20260209S094455.638703E094455.638703_scanAz_slow.dat,4.1125
results2602/20260209S094456.598929E094456.598929_scanAz_slow.dat,4.1108
results2602/20260209S094457.558501E094457.558501_scanAz_slow.dat,4.3135
results2602/20260209S094458.515113E094458.515113_scanAz_slow.dat,4.2153
results2602/20260209S094459.479915E094459.479915_scanAz_slow.dat,3.9406
results2602/20260209S094500.435401E094500.435401_scanAz_slow.dat,4.2995
results2602/20260209S094501.395036E094501.395036_scanAz_slow.dat,4.3978
results2602/20260209S094502.357739E094502.357739_scanAz_slow.dat,4.2906
results2602/20260209S094503.317028E094503.317028_scanAz_slow.dat,3.8419
results2602/20260209S094504.279288E094504.279288_scanAz_slow.dat,4.2275
results2602/20260209S094505.236430E094505.236430_scanAz_slow.dat,4.1285
results2602/20260209S094506.199340E094506.199340_scanAz_slow.dat,4.0323
results2602/20260209S094507.156276E094507.156276_scanAz_slow.dat,4.1362
results2602/20260209S094508.119299E094508.119299_scanAz_slow.dat,4.0598
results2602/20260209S094509.079779E094509.079779_scanAz_slow.dat,4.2254
results2602/20260209S094510.038973E094510.038973_scanAz_slow.dat,4.3886
results2602/20260209S094510.999092E094510.999092_scanAz_slow.dat,4.0549
results2602/20260209S094511.960310E094511.960310_scanAz_slow.dat,3.9480
results2602/20260209S094512.915616E094512.915616_scanAz_slow.dat,4.1296
results2602/20260209S094513.878919E094513.878919_scanAz_slow.dat,4.2183
results2602/20260209S094514.835811E094514.835811_scanAz_slow.dat,4.3060
results2602/20260209S094515.795117E094515.795117_scanAz_slow.dat,4.3108
results2602/20260209S094516.759087E094516.759087_scanAz_slow.dat,4.4082
results2602/20260209S094517.720127E094517.720127_scanAz_slow.dat,4.2464
results2602/20260209S094518.678356E094518.678356_scanAz_slow.dat,4.2509
results2602/20260209S094519.639672E094519.639672_scanAz_slow.dat,3.9480
results2602/20260209S094520.598134E094520.598134_scanAz_slow.dat,4.2434
results2602/20260209S094521.555419E094521.555419_scanAz_slow.dat,4.2424
results2602/20260209S094522.515965E094522.515965_scanAz_slow.dat,4.2287
results2602/20260209S094523.479909E094523.479909_scanAz_slow.dat,4.2503
results2602/20260209S094524.435797E094524.435797_scanAz_slow.dat,4.2853
results2602/20260209S094525.398674E094525.398674_scanAz_slow.dat,3.9163
results2602/20260209S094526.355829E094526.355829_scanAz_slow.dat,4.2097
results2602/20260209S094527.316132E094527.316132_scanAz_slow.dat,4.0772
results2602/20260209S094528.276144E094528.276144_scanAz_slow.dat,4.2957
results2602/20260209S094529.237701E094529.237701_scanAz_slow.dat,4.0391
results2602/20260209S094530.199473E094530.199473_scanAz_slow.dat,4.0847
results2602/20260209S094531.159563E094531.159563_scanAz_slow.dat,4.3545
results2602/20260209S094532.118623E094532.118623_scanAz_slow.dat,4.0699
results2602/20260209S094533.079522E094533.079522_scanAz_slow.dat,4.1249
results2602/20260209S094534.035438E094534.035438_scanAz_slow.dat,4.1010
results2602/20260209S094534.997762E094534.997762_scanAz_slow.dat,4.2313
results2602/20260209S094535.960092E094535.960092_scanAz_slow.dat,4.3652
results2602/20260209S094536.915951E094536.915951_scanAz_slow.dat,4.3311
results2602/20260209S094537.875834E094537.875834_scanAz_slow.dat,4.0750
results2602/20260209S094538.837952E094538.837952_scanAz_slow.dat,3.9923
results2602/20260209S094539.794446E094539.794446_scanAz_slow.dat,4.2149
results2602/20260209S094540.758134E094540.758134_scanAz_slow.dat,4.2383
results2602/20260209S094541.720132E094541.720132_scanAz_slow.dat,4.0340
results2602/20260209S094542.680302E094542.680302_scanAz_slow.dat,4.2762
results2602/20260209S094543.638591E094543.638591_scanAz_slow.dat,4.3150
results2602/20260209S094544.599749E094544.599749_scanAz_slow.dat,4.1780
results2602/20260209S094545.558935E094545.558935_scanAz_slow.dat,4.1459
results2602/20260209S094546.518737E094546.518737_scanAz_slow.dat,4.0852
results2602/20260209S094547.476088E094547.476088_scanAz_slow.dat,4.1952
results2602/20260209S094548.434241E094548.434241_scanAz_slow.dat,4.0691
results2602/20260209S094549.396320E094549.396320_scanAz_slow.dat,4.2430
results2602/20260209S094550.357471E094550.357471_scanAz_slow.dat,4.1170
results2602/20260209S094551.320245E094551.320245_scanAz_slow.dat,4.1969
results2602/20260209S094552.275771E094552.275771_scanAz_slow.dat,4.2770
results2602/20260209S094553.239124E094553.239124_scanAz_slow.dat,4.1325
results2602/20260209S094554.200074E094554.200074_scanAz_slow.dat,4.3793
results2602/20260209S094555.157542E094555.157542_scanAz_slow.dat,4.2758
results2602/20260209S094556.118842E094556.118842_scanAz_slow.dat,4.1539
results2602/20260209S094557.080350E094557.080350_scanAz_slow.dat,4.0029
results2602/20260209S094558.036695E094558.036695_scanAz_slow.dat,4.2000
results2602/20260209S094558.998843E094558.998843_scanAz_slow.dat,4.1762
results2602/20260209S094559.960448E094559.960448_scanAz_slow.dat,4.2515
results2602/20260209S094600.915036E094600.915036_scanAz_slow.dat,4.0233
results2602/20260209S094601.878414E094601.878414_scanAz_slow.dat,3.9838
results2602/20260209S094602.839918E094602.839918_scanAz_slow.dat,4.1069
results2602/20260209S094603.797023E094603.797023_scanAz_slow.dat,4.1975
results2602/20260209S094604.759489E094604.759489_scanAz_slow.dat,4.1414
results2602/20260209S094605.717381E094605.717381_scanAz_slow.dat,4.1904
results2602/20260209S094606.680500E094606.680500_scanAz_slow.dat,4.1481
results2602/20260209S094607.637608E094607.637608_scanAz_slow.dat,4.0646
results2602/20260209S094608.598065E094608.598065_scanAz_slow.dat,4.0725
results2602/20260209S094609.557411E094609.557411_scanAz_slow.dat,4.1242
results2602/20260209S094610.517802E094610.517802_scanAz_slow.dat,4.4350
results2602/20260209S094611.476715E094611.476715_scanAz_slow.dat,4.0372
results2602/20260209S094612.440563E094612.440563_scanAz_slow.dat,3.9721
results2602/20260209S094613.399065E094613.399065_scanAz_slow.dat,4.2374
results2602/20260209S094614.360594E094614.360594_scanAz_slow.dat,4.0927
results2602/20260209S094615.317439E094615.317439_scanAz_slow.dat,4.1245
results2602/20260209S094616.276533E094616.276533_scanAz_slow.dat,4.1967
results2602/20260209S094617.240314E094617.240314_scanAz_slow.dat,4.2730
results2602/20260209S094618.199729E094618.199729_scanAz_slow.dat,4.2889
results2602/20260209S094619.157754E094619.157754_scanAz_slow.dat,4.2541
results2602/20260209S094620.120475E094620.120475_scanAz_slow.dat,4.1449
results2602/20260209S094621.074532E094621.074532_scanAz_slow.dat,4.0166
results2602/20260209S094622.038397E094622.038397_scanAz_slow.dat,4.0996
results2602/20260209S094623.000214E094623.000214_scanAz_slow.dat,4.2607
results2602/20260209S094623.959568E094623.959568_scanAz_slow.dat,4.0569
results2602/20260209S094624.918377E094624.918377_scanAz_slow.dat,4.2946
results2602/20260209S094625.879733E094625.879733_scanAz_slow.dat,4.0671
results2602/20260209S094626.839024E094626.839024_scanAz_slow.dat,4.1661
results2602/20260209S094627.800011E094627.800011_scanAz_slow.dat,4.1402
results2602/20260209S094628.760152E094628.760152_scanAz_slow.dat,4.0999
results2602/20260209S094629.720311E094629.720311_scanAz_slow.dat,4.1767
results2602/20260209S094630.678333E094630.678333_scanAz_slow.dat,4.0680
results2602/20260209S094631.637995E094631.637995_scanAz_slow.dat,4.0708
results2602/20260209S094632.600169E094632.600169_scanAz_slow.dat,4.4369
results2602/20260209S094633.559532E094633.559532_scanAz_slow.dat,4.1889
results2602/20260209S094634.514491E094634.514491_scanAz_slow.dat,3.9945
results2602/20260209S094635.475043E094635.475043_scanAz_slow.dat,4.2216
results2602/20260209S094636.439217E094636.439217_scanAz_slow.dat,4.1938
results2602/20260209S094637.396810E094637.396810_scanAz_slow.dat,4.1789
results2602/20260209S094638.358485E094638.358485_scanAz_slow.dat,4.1085
results2602/20260209S094639.321183E094639.321183_scanAz_slow.dat,4.1093
results2602/20260209S094640.276274E094640.276274_scanAz_slow.dat,4.0971
results2602/20260209S094641.241765E094641.241765_scanAz_slow.dat,4.3047
results2602/20260209S094642.196533E094642.196533_scanAz_slow.dat,4.0241
results2602/20260209S094643.156605E094643.156605_scanAz_slow.dat,4.1539
results2602/20260209S094644.119489E094644.119489_scanAz_slow.dat,4.1032
results2602/20260209S094645.080025E094645.080025_scanAz_slow.dat,4.1847
results2602/20260209S094646.039574E094646.039574_scanAz_slow.dat,4.1415
results2602/20260209S094646.999336E094646.999336_scanAz_slow.dat,4.4008
results2602/20260209S094647.958677E094647.958677_scanAz_slow.dat,4.2635
results2602/20260209S094648.916784E094648.916784_scanAz_slow.dat,4.1390
results2602/20260209S094649.878657E094649.878657_scanAz_slow.dat,4.1488
results2602/20260209S094650.836677E094650.836677_scanAz_slow.dat,4.1790
results2602/20260209S094651.796102E094651.796102_scanAz_slow.dat,4.0594
results2602/20260209S094652.759085E094652.759085_scanAz_slow.dat,4.0769
results2602/20260209S094653.720183E094653.720183_scanAz_slow.dat,4.0637
results2602/20260209S094654.678155E094654.678155_scanAz_slow.dat,4.1613
results2602/20260209S094655.638567E094655.638567_scanAz_slow.dat,4.4094
results2602/20260209S094656.599768E094656.599768_scanAz_slow.dat,4.1876
results2602/20260209S094657.561030E094657.561030_scanAz_slow.dat,4.2266
results2602/20260209S094658.518114E094658.518114_scanAz_slow.dat,4.0634
results2602/20260209S094659.478252E094659.478252_scanAz_slow.dat,4.2707
results2602/20260209S094700.438600E094700.438600_scanAz_slow.dat,4.2153
results2602/20260209S094701.401012E094701.401012_scanAz_slow.dat,4.1971
results2602/20260209S094702.359827E094702.359827_scanAz_slow.dat,4.2880
results2602/20260209S094703.314988E094703.314988_scanAz_slow.dat,4.3381
results2602/20260209S094704.275128E094704.275128_scanAz_slow.dat,4.2106
results2602/20260209S094705.240426E094705.240426_scanAz_slow.dat,4.1996
results2602/20260209S094706.199434E094706.199434_scanAz_slow.dat,4.1279
results2602/20260209S094707.156970E094707.156970_scanAz_slow.dat,4.0245
results2602/20260209S094708.119100E094708.119100_scanAz_slow.dat,4.3181
results2602/20260209S094709.078175E094709.078175_scanAz_slow.dat,4.0769
results2602/20260209S094710.038866E094710.038866_scanAz_slow.dat,4.1128
results2602/20260209S094711.000066E094711.000066_scanAz_slow.dat,4.2210
results2602/20260209S094711.955992E094711.955992_scanAz_slow.dat,4.1485
results2602/20260209S094712.918642E094712.918642_scanAz_slow.dat,4.2641
results2602/20260209S094713.877784E094713.877784_scanAz_slow.dat,3.9763
results2602/20260209S094714.839220E094714.839220_scanAz_slow.dat,4.0846
results2602/20260209S094715.801207E094715.801207_scanAz_slow.dat,4.0603
results2602/20260209S094716.757153E094716.757153_scanAz_slow.dat,4.1883
results2602/20260209S094717.717109E094717.717109_scanAz_slow.dat,4.0848
results2602/20260209S094718.679769E094718.679769_scanAz_slow.dat,4.1346
results2602/20260209S094719.639973E094719.639973_scanAz_slow.dat,4.0433
results2602/20260209S094720.598952E094720.598952_scanAz_slow.dat,4.2936
results2602/20260209S094721.559578E094721.559578_scanAz_slow.dat,4.1612
results2602/20260209S094722.521371E094722.521371_scanAz_slow.dat,4.1023
results2602/20260209S094723.481519E094723.481519_scanAz_slow.dat,4.1575
results2602/20260209S094724.438272E094724.438272_scanAz_slow.dat,4.1650
results2602/20260209S094725.401987E094725.401987_scanAz_slow.dat,4.1268
results2602/20260209S094726.359729E094726.359729_scanAz_slow.dat,4.2067
results2602/20260209S094727.319653E094727.319653_scanAz_slow.dat,4.1467
results2602/20260209S094728.278824E094728.278824_scanAz_slow.dat,4.0061
results2602/20260209S094729.239829E094729.239829_scanAz_slow.dat,4.2978
results2602/20260209S094730.195862E094730.195862_scanAz_slow.dat,4.1950
results2602/20260209S094731.161021E094731.161021_scanAz_slow.dat,4.2611
results2602/20260209S094732.121752E094732.121752_scanAz_slow.dat,4.2337
results2602/20260209S094733.078072E094733.078072_scanAz_slow.dat,4.2282
results2602/20260209S094734.039736E094734.039736_scanAz_slow.dat,4.2113
results2602/20260209S094734.998753E094734.998753_scanAz_slow.dat,4.1632
results2602/20260209S094735.958610E094735.958610_scanAz_slow.dat,4.2399
results2602/20260209S094736.917733E094736.917733_scanAz_slow.dat,4.1317
results2602/20260209S094737.878450E094737.878450_scanAz_slow.dat,4.1542
results2602/20260209S094738.840081E094738.840081_scanAz_slow.dat,4.2256
results2602/20260209S094739.797066E094739.797066_scanAz_slow.dat,4.2188
results2602/20260209S094740.757330E094740.757330_scanAz_slow.dat,4.1516
results2602/20260209S094741.719929E094741.719929_scanAz_slow.dat,4.1357
results2602/20260209S094742.679961E094742.679961_scanAz_slow.dat,4.2811
results2602/20260209S094743.637836E094743.637836_scanAz_slow.dat,4.1567
results2602/20260209S094744.598391E094744.598391_scanAz_slow.dat,4.2064
results2602/20260209S094745.559362E094745.559362_scanAz_slow.dat,4.3117
results2602/20260209S094746.519947E094746.519947_scanAz_slow.dat,4.1812
results2602/20260209S094747.481948E094747.481948_scanAz_slow.dat,4.0081
results2602/20260209S094748.439212E094748.439212_scanAz_slow.dat,4.1008
results2602/20260209S094749.401181E094749.401181_scanAz_slow.dat,4.1080
results2602/20260209S094750.357458E094750.357458_scanAz_slow.dat,4.0931
results2602/20260209S094751.321836E094751.321836_scanAz_slow.dat,4.0398
results2602/20260209S094752.277919E094752.277919_scanAz_slow.dat,4.2404
results2602/20260209S094753.239435E094753.239435_scanAz_slow.dat,4.4200
results2602/20260209S094754.198950E094754.198950_scanAz_slow.dat,4.0822
results2602/20260209S094755.158771E094755.158771_scanAz_slow.dat,4.2249
results2602/20260209S094756.119764E094756.119764_scanAz_slow.dat,4.1393
results2602/20260209S094757.081936E094757.081936_scanAz_slow.dat,4.0686
results2602/20260209S094758.037964E094758.037964_scanAz_slow.dat,4.1463
results2602/20260209S094759.001388E094759.001388_scanAz_slow.dat,4.0533
results2602/20260209S094759.958704E094759.958704_scanAz_slow.dat,4.2042
results2602/20260209S094800.918585E094800.918585_scanAz_slow.dat,4.3385
results2602/20260209S094801.880741E094801.880741_scanAz_slow.dat,4.1176
results2602/20260209S094802.838572E094802.838572_scanAz_slow.dat,4.0216
results2602/20260209S094803.800047E094803.800047_scanAz_slow.dat,4.4831
results2602/20260209S094804.755806E094804.755806_scanAz_slow.dat,4.0935
results2602/20260209S094805.716248E094805.716248_scanAz_slow.dat,4.3950
results2602/20260209S094806.682409E094806.682409_scanAz_slow.dat,4.2189
results2602/20260209S094807.638158E094807.638158_scanAz_slow.dat,4.1069
results2602/20260209S094808.599464E094808.599464_scanAz_slow.dat,4.1495
results2602/20260209S094809.560667E094809.560667_scanAz_slow.dat,4.2934
results2602/20260209S094810.516359E094810.516359_scanAz_slow.dat,4.2183
results2602/20260209S094811.476841E094811.476841_scanAz_slow.dat,4.1315
results2602/20260209S094812.439095E094812.439095_scanAz_slow.dat,4.1261
results2602/20260209S094813.401545E094813.401545_scanAz_slow.dat,3.8888
results2602/20260209S094814.357847E094814.357847_scanAz_slow.dat,4.2051
results2602/20260209S094815.320017E094815.320017_scanAz_slow.dat,4.3045
results2602/20260209S094816.278594E094816.278594_scanAz_slow.dat,4.1786
results2602/20260209S094817.239619E094817.239619_scanAz_slow.dat,4.2969
results2602/20260209S094818.201608E094818.201608_scanAz_slow.dat,4.1005
results2602/20260209S094819.158161E094819.158161_scanAz_slow.dat,4.4098
results2602/20260209S094820.120779E094820.120779_scanAz_slow.dat,4.3345
results2602/20260209S094821.078184E094821.078184_scanAz_slow.dat,4.3539
results2602/20260209S094822.039758E094822.039758_scanAz_slow.dat,4.1386
results2602/20260209S094822.998276E094822.998276_scanAz_slow.dat,4.1885
results2602/20260209S094823.959913E094823.959913_scanAz_slow.dat,4.2026
results2602/20260209S094824.917897E094824.917897_scanAz_slow.dat,4.2024
results2602/20260209S094825.881260E094825.881260_scanAz_slow.dat,4.2557
results2602/20260209S094826.840852E094826.840852_scanAz_slow.dat,4.3022
results2602/20260209S094827.800008E094827.800008_scanAz_slow.dat,4.3529
results2602/20260209S094828.762073E094828.762073_scanAz_slow.dat,4.2910
results2602/20260209S094829.718679E094829.718679_scanAz_slow.dat,4.0817
results2602/20260209S094830.678566E094830.678566_scanAz_slow.dat,3.9685
results2602/20260209S094831.637594E094831.637594_scanAz_slow.dat,4.0603
results2602/20260209S094832.600489E094832.600489_scanAz_slow.dat,4.2776
results2602/20260209S094833.559000E094833.559000_scanAz_slow.dat,4.1017
results2602/20260209S094834.520552E094834.520552_scanAz_slow.dat,3.9299
results2602/20260209S094835.482928E094835.482928_scanAz_slow.dat,4.1936
results2602/20260209S094836.442206E094836.442206_scanAz_slow.dat,4.3032
results2602/20260209S094837.402627E094837.402627_scanAz_slow.dat,4.2653
results2602/20260209S094838.358682E094838.358682_scanAz_slow.dat,4.1955
results2602/20260209S094839.318852E094839.318852_scanAz_slow.dat,4.1588
results2602/20260209S094840.277972E094840.277972_scanAz_slow.dat,4.1735
results2602/20260209S094841.242410E094841.242410_scanAz_slow.dat,4.2511
results2602/20260209S094842.203507E094842.203507_scanAz_slow.dat,4.2953
results2602/20260209S094843.160006E094843.160006_scanAz_slow.dat,3.9614
results2602/20260209S094844.118876E094844.118876_scanAz_slow.dat,4.1353
results2602/20260209S094845.080897E094845.080897_scanAz_slow.dat,4.4067
results2602/20260209S094846.041922E094846.041922_scanAz_slow.dat,4.1900
results2602/20260209S094846.998080E094846.998080_scanAz_slow.dat,4.1495
results2602/20260209S094847.962226E094847.962226_scanAz_slow.dat,4.2566
results2602/20260209S094848.918337E094848.918337_scanAz_slow.dat,4.0645
results2602/20260209S094849.881060E094849.881060_scanAz_slow.dat,4.0654
results2602/20260209S094850.837307E094850.837307_scanAz_slow.dat,4.0567
results2602/20260209S094851.801095E094851.801095_scanAz_slow.dat,4.0293
results2602/20260209S094852.758852E094852.758852_scanAz_slow.dat,4.0679
results2602/20260209S094853.723028E094853.723028_scanAz_slow.dat,4.2287
results2602/20260209S094854.678907E094854.678907_scanAz_slow.dat,4.2346
results2602/20260209S094855.643538E094855.643538_scanAz_slow.dat,4.3972
results2602/20260209S094856.603475E094856.603475_scanAz_slow.dat,4.2708
results2602/20260209S094857.559020E094857.559020_scanAz_slow.dat,4.1462
results2602/20260209S094858.519260E094858.519260_scanAz_slow.dat,3.8633
results2602/20260209S094859.481263E094859.481263_scanAz_slow.dat,3.8840
results2602/20260209S094900.438439E094900.438439_scanAz_slow.dat,4.3545
results2602/20260209S094901.399438E094901.399438_scanAz_slow.dat,4.1833
results2602/20260209S094902.362415E094902.362415_scanAz_slow.dat,3.9807
results2602/20260209S094903.318749E094903.318749_scanAz_slow.dat,4.0647
results2602/20260209S094904.281016E094904.281016_scanAz_slow.dat,4.1935
results2602/20260209S094905.238205E094905.238205_scanAz_slow.dat,4.2702
results2602/20260209S094906.203825E094906.203825_scanAz_slow.dat,4.2453
results2602/20260209S094907.161973E094907.161973_scanAz_slow.dat,4.1943
results2602/20260209S094908.119063E094908.119063_scanAz_slow.dat,4.1966
results2602/20260209S094909.080895E094909.080895_scanAz_slow.dat,3.9406
results2602/20260209S094910.042953E094910.042953_scanAz_slow.dat,4.1404
results2602/20260209S094911.000007E094911.000007_scanAz_slow.dat,4.1874
results2602/20260209S094911.961154E094911.961154_scanAz_slow.dat,3.9470
results2602/20260209S094912.922686E094912.922686_scanAz_slow.dat,3.9340
results2602/20260209S094913.877037E094913.877037_scanAz_slow.dat,3.9149
results2602/20260209S094914.838541E094914.838541_scanAz_slow.dat,3.9186
results2602/20260209S094915.800370E094915.800370_scanAz_slow.dat,4.4588
results2602/20260209S094916.762437E094916.762437_scanAz_slow.dat,4.1943
results2602/20260209S094917.717744E094917.717744_scanAz_slow.dat,4.1312
results2602/20260209S094918.679029E094918.679029_scanAz_slow.dat,4.2062
results2602/20260209S094919.640732E094919.640732_scanAz_slow.dat,4.2838
results2602/20260209S094920.600674E094920.600674_scanAz_slow.dat,4.3403
results2602/20260209S094921.562403E094921.562403_scanAz_slow.dat,4.2443
results2602/20260209S094922.522672E094922.522672_scanAz_slow.dat,4.3000
results2602/20260209S094923.477277E094923.477277_scanAz_slow.dat,4.1894
results2602/20260209S094924.440673E094924.440673_scanAz_slow.dat,4.3286
results2602/20260209S094925.398951E094925.398951_scanAz_slow.dat,4.3846
results2602/20260209S094926.360464E094926.360464_scanAz_slow.dat,4.3213
results2602/20260209S094927.323090E094927.323090_scanAz_slow.dat,4.1199
results2602/20260209S094928.283058E094928.283058_scanAz_slow.dat,4.2085
results2602/20260209S094929.240006E094929.240006_scanAz_slow.dat,4.2205
results2602/20260209S094930.201190E094930.201190_scanAz_slow.dat,4.0564
results2602/20260209S094931.160146E094931.160146_scanAz_slow.dat,4.0949
results2602/20260209S094932.121959E094932.121959_scanAz_slow.dat,4.1319
results2602/20260209S094933.079576E094933.079576_scanAz_slow.dat,4.2126
results2602/20260209S094934.041650E094934.041650_scanAz_slow.dat,4.0850
results2602/20260209S094935.003951E094935.003951_scanAz_slow.dat,4.3820
results2602/20260209S094935.961084E094935.961084_scanAz_slow.dat,4.2513
results2602/20260209S094936.921605E094936.921605_scanAz_slow.dat,4.1736
results2602/20260209S094937.882622E094937.882622_scanAz_slow.dat,4.2077
results2602/20260209S094938.842398E094938.842398_scanAz_slow.dat,4.0219
results2602/20260209S094939.801909E094939.801909_scanAz_slow.dat,4.2148
results2602/20260209S094940.763177E094940.763177_scanAz_slow.dat,4.0687
results2602/20260209S094941.723289E094941.723289_scanAz_slow.dat,4.2508
results2602/20260209S094942.680459E094942.680459_scanAz_slow.dat,3.9970
results2602/20260209S094943.643361E094943.643361_scanAz_slow.dat,4.1299
results2602/20260209S094944.601349E094944.601349_scanAz_slow.dat,4.1665
results2602/20260209S094945.563657E094945.563657_scanAz_slow.dat,3.9928
results2602/20260209S094946.521871E094946.521871_scanAz_slow.dat,4.2091
results2602/20260209S094947.478657E094947.478657_scanAz_slow.dat,4.2609
results2602/20260209S094948.439510E094948.439510_scanAz_slow.dat,4.1243
results2602/20260209S094949.400819E094949.400819_scanAz_slow.dat,4.2011
results2602/20260209S094950.358687E094950.358687_scanAz_slow.dat,4.1350
results2602/20260209S094951.321674E094951.321674_scanAz_slow.dat,4.0965
results2602/20260209S094952.282018E094952.282018_scanAz_slow.dat,4.1471
results2602/20260209S094953.243369E094953.243369_scanAz_slow.dat,4.2943
results2602/20260209S094954.199390E094954.199390_scanAz_slow.dat,4.1366
results2602/20260209S094955.159652E094955.159652_scanAz_slow.dat,4.0567
results2602/20260209S094956.121893E094956.121893_scanAz_slow.dat,4.1284
results2602/20260209S094957.083977E094957.083977_scanAz_slow.dat,4.0747
results2602/20260209S094958.042268E094958.042268_scanAz_slow.dat,3.8792
results2602/20260209S094958.997779E094958.997779_scanAz_slow.dat,4.0645
results2602/20260209S094959.960315E094959.960315_scanAz_slow.dat,4.1957
results2602/20260209S095000.921421E095000.921421_scanAz_slow.dat,4.2535
results2602/20260209S095001.881794E095001.881794_scanAz_slow.dat,4.2234
results2602/20260209S095002.837804E095002.837804_scanAz_slow.dat,4.2969
results2602/20260209S095003.799750E095003.799750_scanAz_slow.dat,4.0549
results2602/20260209S095004.761891E095004.761891_scanAz_slow.dat,4.1760
results2602/20260209S095005.719873E095005.719873_scanAz_slow.dat,4.1756
results2602/20260209S095006.683475E095006.683475_scanAz_slow.dat,4.2306
results2602/20260209S095007.642743E095007.642743_scanAz_slow.dat,4.0933
results2602/20260209S095008.600019E095008.600019_scanAz_slow.dat,4.2513
results2602/20260209S095009.557573E095009.557573_scanAz_slow.dat,4.0902
results2602/20260209S095010.517135E095010.517135_scanAz_slow.dat,4.1111
results2602/20260209S095011.479365E095011.479365_scanAz_slow.dat,4.2179
results2602/20260209S095012.440096E095012.440096_scanAz_slow.dat,4.0942
results2602/20260209S095013.402670E095013.402670_scanAz_slow.dat,4.2171
results2602/20260209S095014.359313E095014.359313_scanAz_slow.dat,4.0759
results2602/20260209S095015.321781E095015.321781_scanAz_slow.dat,4.1091
results2602/20260209S095016.281074E095016.281074_scanAz_slow.dat,4.0456
results2602/20260209S095017.239635E095017.239635_scanAz_slow.dat,4.3403
results2602/20260209S095018.202162E095018.202162_scanAz_slow.dat,4.3355
results2602/20260209S095019.158605E095019.158605_scanAz_slow.dat,4.0340
results2602/20260209S095020.120837E095020.120837_scanAz_slow.dat,4.0146
results2602/20260209S095021.077985E095021.077985_scanAz_slow.dat,4.1403
results2602/20260209S095022.037969E095022.037969_scanAz_slow.dat,4.2651
results2602/20260209S095023.004520E095023.004520_scanAz_slow.dat,4.1634
results2602/20260209S095023.962189E095023.962189_scanAz_slow.dat,4.3502
results2602/20260209S095024.923975E095024.923975_scanAz_slow.dat,4.1730
results2602/20260209S095025.881749E095025.881749_scanAz_slow.dat,4.1854
results2602/20260209S095026.842431E095026.842431_scanAz_slow.dat,4.0102
results2602/20260209S095027.797908E095027.797908_scanAz_slow.dat,4.1491
results2602/20260209S095028.758469E095028.758469_scanAz_slow.dat,4.1596
results2602/20260209S095029.718043E095029.718043_scanAz_slow.dat,4.2242
results2602/20260209S095030.680203E095030.680203_scanAz_slow.dat,4.2822
results2602/20260209S095031.643814E095031.643814_scanAz_slow.dat,4.0925
results2602/20260209S095032.599651E095032.599651_scanAz_slow.dat,4.1840
results2602/20260209S095033.560613E095033.560613_scanAz_slow.dat,4.1820
results2602/20260209S095034.522185E095034.522185_scanAz_slow.dat,4.2092
results2602/20260209S095035.483957E095035.483957_scanAz_slow.dat,4.4230
results2602/20260209S095036.440796E095036.440796_scanAz_slow.dat,4.4019
results2602/20260209S095037.398404E095037.398404_scanAz_slow.dat,4.2332
results2602/20260209S095038.359093E095038.359093_scanAz_slow.dat,4.3042
results2602/20260209S095039.321159E095039.321159_scanAz_slow.dat,4.2224
results2602/20260209S095040.282538E095040.282538_scanAz_slow.dat,4.2052
results2602/20260209S095041.242309E095041.242309_scanAz_slow.dat,4.2643
results2602/20260209S095042.202599E095042.202599_scanAz_slow.dat,4.0864
results2602/20260209S095043.159475E095043.159475_scanAz_slow.dat,4.1544
results2602/20260209S095044.118615E095044.118615_scanAz_slow.dat,4.0741
results2602/20260209S095045.082190E095045.082190_scanAz_slow.dat,4.2691
results2602/20260209S095046.044133E095046.044133_scanAz_slow.dat,4.2629
results2602/20260209S095047.000405E095047.000405_scanAz_slow.dat,4.1882
results2602/20260209S095047.962641E095047.962641_scanAz_slow.dat,4.2182
results2602/20260209S095048.923877E095048.923877_scanAz_slow.dat,4.1452
results2602/20260209S095049.884364E095049.884364_scanAz_slow.dat,4.1810
results2602/20260209S095050.840059E095050.840059_scanAz_slow.dat,4.2791
results2602/20260209S095051.801645E095051.801645_scanAz_slow.dat,4.3041
results2602/20260209S095052.762679E095052.762679_scanAz_slow.dat,3.9763
results2602/20260209S095053.723169E095053.723169_scanAz_slow.dat,4.2812
results2602/20260209S095054.684030E095054.684030_scanAz_slow.dat,4.0445
results2602/20260209S095055.640268E095055.640268_scanAz_slow.dat,3.9998
results2602/20260209S095056.601500E095056.601500_scanAz_slow.dat,4.2033
results2602/20260209S095057.565840E095057.565840_scanAz_slow.dat,4.0996
results2602/20260209S095058.522716E095058.522716_scanAz_slow.dat,4.1038
results2602/20260209S095059.484309E095059.484309_scanAz_slow.dat,4.2196
results2602/20260209S095100.441128E095100.441128_scanAz_slow.dat,4.2547
results2602/20260209S095101.403253E095101.403253_scanAz_slow.dat,4.2839
results2602/20260209S095102.362742E095102.362742_scanAz_slow.dat,4.1855
results2602/20260209S095103.323654E095103.323654_scanAz_slow.dat,4.2894
results2602/20260209S095104.281619E095104.281619_scanAz_slow.dat,4.2022
results2602/20260209S095105.243178E095105.243178_scanAz_slow.dat,4.0872
results2602/20260209S095106.203473E095106.203473_scanAz_slow.dat,4.0976
results2602/20260209S095107.159445E095107.159445_scanAz_slow.dat,4.3139
results2602/20260209S095108.123075E095108.123075_scanAz_slow.dat,4.2145
results2602/20260209S095109.084611E095109.084611_scanAz_slow.dat,4.3169
results2602/20260209S095110.040713E095110.040713_scanAz_slow.dat,4.1623
results2602/20260209S095111.002264E095111.002264_scanAz_slow.dat,4.2243
results2602/20260209S095111.963613E095111.963613_scanAz_slow.dat,4.0443
results2602/20260209S095112.920451E095112.920451_scanAz_slow.dat,3.9800
results2602/20260209S095113.880088E095113.880088_scanAz_slow.dat,4.0715
results2602/20260209S095114.841867E095114.841867_scanAz_slow.dat,4.2714
results2602/20260209S095115.802406E095115.802406_scanAz_slow.dat,4.1391
results2602/20260209S095116.762165E095116.762165_scanAz_slow.dat,4.1698
results2602/20260209S095117.723224E095117.723224_scanAz_slow.dat,4.1016
results2602/20260209S095118.680496E095118.680496_scanAz_slow.dat,4.1984
results2602/20260209S095119.642801E095119.642801_scanAz_slow.dat,4.2740
results2602/20260209S095120.599283E095120.599283_scanAz_slow.dat,4.1204
results2602/20260209S095121.561130E095121.561130_scanAz_slow.dat,4.2247
results2602/20260209S095122.524239E095122.524239_scanAz_slow.dat,4.1730
results2602/20260209S095123.480496E095123.480496_scanAz_slow.dat,4.1412
results2602/20260209S095124.440577E095124.440577_scanAz_slow.dat,4.1990
results2602/20260209S095125.400183E095125.400183_scanAz_slow.dat,4.0676
results2602/20260209S095126.359635E095126.359635_scanAz_slow.dat,4.3321
results2602/20260209S095127.320550E095127.320550_scanAz_slow.dat,4.2355
results2602/20260209S095128.283029E095128.283029_scanAz_slow.dat,4.2573
results2602/20260209S095129.244609E095129.244609_scanAz_slow.dat,4.3357
results2602/20260209S095130.200382E095130.200382_scanAz_slow.dat,4.1658
results2602/20260209S095131.159246E095131.159246_scanAz_slow.dat,4.3777
results2602/20260209S095132.123648E095132.123648_scanAz_slow.dat,4.2046
results2602/20260209S095133.084737E095133.084737_scanAz_slow.dat,3.9889
results2602/20260209S095134.042346E095134.042346_scanAz_slow.dat,4.0637
results2602/20260209S095135.001954E095135.001954_scanAz_slow.dat,4.1764
results2602/20260209S095135.959024E095135.959024_scanAz_slow.dat,4.0268
results2602/20260209S095136.921030E095136.921030_scanAz_slow.dat,4.2532
results2602/20260209S095137.880371E095137.880371_scanAz_slow.dat,4.1618
results2602/20260209S095138.844532E095138.844532_scanAz_slow.dat,4.2313
results2602/20260209S095139.803791E095139.803791_scanAz_slow.dat,4.1121
results2602/20260209S095140.760449E095140.760449_scanAz_slow.dat,4.2247
results2602/20260209S095141.720729E095141.720729_scanAz_slow.dat,4.2339
results2602/20260209S095142.681203E095142.681203_scanAz_slow.dat,4.1499
results2602/20260209S095143.643762E095143.643762_scanAz_slow.dat,4.1655
results2602/20260209S095144.600636E095144.600636_scanAz_slow.dat,4.1700
results2602/20260209S095145.560157E095145.560157_scanAz_slow.dat,4.2679
results2602/20260209S095146.522115E095146.522115_scanAz_slow.dat,4.0975
results2602/20260209S095147.481881E095147.481881_scanAz_slow.dat,4.1969
results2602/20260209S095148.444678E095148.444678_scanAz_slow.dat,4.2388
results2602/20260209S095149.400860E095149.400860_scanAz_slow.dat,4.1133
results2602/20260209S095150.363192E095150.363192_scanAz_slow.dat,4.1048
results2602/20260209S095151.323098E095151.323098_scanAz_slow.dat,4.2563
results2602/20260209S095152.283993E095152.283993_scanAz_slow.dat,4.2055
results2602/20260209S095153.240095E095153.240095_scanAz_slow.dat,4.1118
results2602/20260209S095154.202436E095154.202436_scanAz_slow.dat,4.2704
results2602/20260209S095155.163474E095155.163474_scanAz_slow.dat,4.1792
results2602/20260209S095156.125830E095156.125830_scanAz_slow.dat,4.1130
results2602/20260209S095157.082397E095157.082397_scanAz_slow.dat,4.3560
results2602/20260209S095158.045308E095158.045308_scanAz_slow.dat,4.1035
results2602/20260209S095159.003447E095159.003447_scanAz_slow.dat,4.1977
results2602/20260209S095159.959790E095159.959790_scanAz_slow.dat,4.2160
results2602/20260209S095200.922234E095200.922234_scanAz_slow.dat,4.1280
results2602/20260209S095201.882932E095201.882932_scanAz_slow.dat,4.1859
results2602/20260209S095202.842363E095202.842363_scanAz_slow.dat,4.2677
results2602/20260209S095203.803754E095203.803754_scanAz_slow.dat,4.3125
results2602/20260209S095204.761642E095204.761642_scanAz_slow.dat,4.1181
results2602/20260209S095205.721288E095205.721288_scanAz_slow.dat,4.0689
results2602/20260209S095206.682409E095206.682409_scanAz_slow.dat,4.2241
results2602/20260209S095207.641771E095207.641771_scanAz_slow.dat,4.3062
results2602/20260209S095208.601116E095208.601116_scanAz_slow.dat,4.1818
results2602/20260209S095209.562865E095209.562865_scanAz_slow.dat,4.0986
results2602/20260209S095210.524549E095210.524549_scanAz_slow.dat,4.3156
results2602/20260209S095211.484959E095211.484959_scanAz_slow.dat,4.3301
results2602/20260209S095212.444161E095212.444161_scanAz_slow.dat,4.1819
results2602/20260209S095213.399795E095213.399795_scanAz_slow.dat,4.2835
results2602/20260209S095214.360419E095214.360419_scanAz_slow.dat,4.2553
results2602/20260209S095215.323633E095215.323633_scanAz_slow.dat,4.1237
results2602/20260209S095216.280917E095216.280917_scanAz_slow.dat,4.0751
results2602/20260209S095217.242325E095217.242325_scanAz_slow.dat,4.1399
results2602/20260209S095218.201782E095218.201782_scanAz_slow.dat,4.3492
results2602/20260209S095219.159841E095219.159841_scanAz_slow.dat,4.1455
results2602/20260209S095220.123601E095220.123601_scanAz_slow.dat,4.2944
results2602/20260209S095221.081327E095221.081327_scanAz_slow.dat,4.3207
results2602/20260209S095222.043171E095222.043171_scanAz_slow.dat,4.3623
results2602/20260209S095223.005460E095223.005460_scanAz_slow.dat,4.2744
results2602/20260209S095223.961209E095223.961209_scanAz_slow.dat,3.9853
results2602/20260209S095224.923237E095224.923237_scanAz_slow.dat,4.3085
results2602/20260209S095225.885191E095225.885191_scanAz_slow.dat,3.8649
results2602/20260209S095226.841627E095226.841627_scanAz_slow.dat,4.4065
results2602/20260209S095227.801348E095227.801348_scanAz_slow.dat,4.1839
results2602/20260209S095228.763238E095228.763238_scanAz_slow.dat,4.1895
results2602/20260209S095229.725586E095229.725586_scanAz_slow.dat,3.9974
results2602/20260209S095230.686235E095230.686235_scanAz_slow.dat,4.1769
results2602/20260209S095231.642920E095231.642920_scanAz_slow.dat,4.2056
results2602/20260209S095232.602917E095232.602917_scanAz_slow.dat,4.2240
results2602/20260209S095233.563845E095233.563845_scanAz_slow.dat,4.1827
results2602/20260209S095234.525873E095234.525873_scanAz_slow.dat,4.0726
results2602/20260209S095235.482685E095235.482685_scanAz_slow.dat,4.2226
results2602/20260209S095236.444834E095236.444834_scanAz_slow.dat,4.1797
results2602/20260209S095237.399577E095237.399577_scanAz_slow.dat,4.1869
results2602/20260209S095238.361419E095238.361419_scanAz_slow.dat,4.2501
results2602/20260209S095239.322367E095239.322367_scanAz_slow.dat,3.9905
results2602/20260209S095240.283769E095240.283769_scanAz_slow.dat,4.2474
results2602/20260209S095241.242295E095241.242295_scanAz_slow.dat,4.2641
results2602/20260209S095242.206775E095242.206775_scanAz_slow.dat,4.0886
results2602/20260209S095243.162807E095243.162807_scanAz_slow.dat,4.3258
results2602/20260209S095244.125516E095244.125516_scanAz_slow.dat,4.1755
results2602/20260209S095245.083426E095245.083426_scanAz_slow.dat,4.0407
results2602/20260209S095246.043123E095246.043123_scanAz_slow.dat,3.9685
results2602/20260209S095247.006020E095247.006020_scanAz_slow.dat,4.2514
results2602/20260209S095247.965942E095247.965942_scanAz_slow.dat,4.0669
results2602/20260209S095248.923667E095248.923667_scanAz_slow.dat,4.2293
results2602/20260209S095249.886428E095249.886428_scanAz_slow.dat,3.9026
results2602/20260209S095250.842528E095250.842528_scanAz_slow.dat,3.9944
results2602/20260209S095251.804697E095251.804697_scanAz_slow.dat,4.3055
results2602/20260209S095252.759523E095252.759523_scanAz_slow.dat,4.1569
results2602/20260209S095253.723787E095253.723787_scanAz_slow.dat,4.0909
results2602/20260209S095254.684499E095254.684499_scanAz_slow.dat,4.1598
results2602/20260209S095255.645818E095255.645818_scanAz_slow.dat,4.0948
results2602/20260209S095256.606559E095256.606559_scanAz_slow.dat,4.2237
results2602/20260209S095257.561378E095257.561378_scanAz_slow.dat,4.2717
results2602/20260209S095258.525429E095258.525429_scanAz_slow.dat,4.1135
results2602/20260209S095259.482563E095259.482563_scanAz_slow.dat,4.0164
results2602/20260209S095300.440119E095300.440119_scanAz_slow.dat,4.1762
results2602/20260209S095301.400407E095301.400407_scanAz_slow.dat,4.3333
results2602/20260209S095302.362241E095302.362241_scanAz_slow.dat,4.0611
results2602/20260209S095303.325926E095303.325926_scanAz_slow.dat,4.1081
results2602/20260209S095304.285568E095304.285568_scanAz_slow.dat,4.2035
results2602/20260209S095305.245023E095305.245023_scanAz_slow.dat,3.8443
results2602/20260209S095306.203200E095306.203200_scanAz_slow.dat,4.4510
results2602/20260209S095307.162589E095307.162589_scanAz_slow.dat,4.1480
results2602/20260209S095308.124868E095308.124868_scanAz_slow.dat,4.2289
results2602/20260209S095309.085821E095309.085821_scanAz_slow.dat,4.0438
results2602/20260209S095310.041907E095310.041907_scanAz_slow.dat,4.4162
results2602/20260209S095311.004787E095311.004787_scanAz_slow.dat,4.2653
results2602/20260209S095311.964637E095311.964637_scanAz_slow.dat,4.1784
results2602/20260209S095312.923290E095312.923290_scanAz_slow.dat,4.3761
results2602/20260209S095313.885887E095313.885887_scanAz_slow.dat,4.3372
results2602/20260209S095314.842727E095314.842727_scanAz_slow.dat,4.3253
results2602/20260209S095315.805447E095315.805447_scanAz_slow.dat,4.1059
results2602/20260209S095316.761717E095316.761717_scanAz_slow.dat,4.0197
results2602/20260209S095317.723968E095317.723968_scanAz_slow.dat,4.1540
results2602/20260209S095318.682608E095318.682608_scanAz_slow.dat,4.1732
results2602/20260209S095319.645327E095319.645327_scanAz_slow.dat,3.9482
results2602/20260209S095320.606575E095320.606575_scanAz_slow.dat,4.3467
results2602/20260209S095321.561606E095321.561606_scanAz_slow.dat,4.0744
results2602/20260209S095322.526101E095322.526101_scanAz_slow.dat,4.2114
results2602/20260209S095323.484167E095323.484167_scanAz_slow.dat,4.0950
results2602/20260209S095324.446740E095324.446740_scanAz_slow.dat,4.2470
results2602/20260209S095325.402361E095325.402361_scanAz_slow.dat,4.0631
results2602/20260209S095326.360574E095326.360574_scanAz_slow.dat,4.1571
results2602/20260209S095327.324646E095327.324646_scanAz_slow.dat,4.1384
results2602/20260209S095328.286930E095328.286930_scanAz_slow.dat,4.2554
results2602/20260209S095329.243987E095329.243987_scanAz_slow.dat,4.1980
results2602/20260209S095330.206135E095330.206135_scanAz_slow.dat,4.1235
results2602/20260209S095331.161331E095331.161331_scanAz_slow.dat,4.2643
results2602/20260209S095332.124009E095332.124009_scanAz_slow.dat,4.4674
results2602/20260209S095333.087409E095333.087409_scanAz_slow.dat,4.0236
results2602/20260209S095334.043965E095334.043965_scanAz_slow.dat,4.1806
results2602/20260209S095335.002553E095335.002553_scanAz_slow.dat,4.2332
results2602/20260209S095335.964565E095335.964565_scanAz_slow.dat,4.0485
results2602/20260209S095336.926343E095336.926343_scanAz_slow.dat,4.1814
results2602/20260209S095337.884762E095337.884762_scanAz_slow.dat,4.0848
results2602/20260209S095338.841713E095338.841713_scanAz_slow.dat,4.4178
results2602/20260209S095339.802202E095339.802202_scanAz_slow.dat,4.1887
results2602/20260209S095340.765326E095340.765326_scanAz_slow.dat,4.2326
results2602/20260209S095341.725213E095341.725213_scanAz_slow.dat,4.0630
results2602/20260209S095342.682340E095342.682340_scanAz_slow.dat,4.0700
results2602/20260209S095343.644090E095343.644090_scanAz_slow.dat,4.0131
results2602/20260209S095344.607007E095344.607007_scanAz_slow.dat,3.9730
results2602/20260209S095345.562838E095345.562838_scanAz_slow.dat,4.2497
results2602/20260209S095346.524009E095346.524009_scanAz_slow.dat,4.0755
results2602/20260209S095347.486003E095347.486003_scanAz_slow.dat,4.0957
results2602/20260209S095348.443485E095348.443485_scanAz_slow.dat,4.3335
results2602/20260209S095349.406416E095349.406416_scanAz_slow.dat,4.3685
results2602/20260209S095350.364146E095350.364146_scanAz_slow.dat,4.3677
results2602/20260209S095351.324977E095351.324977_scanAz_slow.dat,4.3244
results2602/20260209S095352.281853E095352.281853_scanAz_slow.dat,4.2240
results2602/20260209S095353.242697E095353.242697_scanAz_slow.dat,4.4835
results2602/20260209S095354.204183E095354.204183_scanAz_slow.dat,4.3085
results2602/20260209S095355.164977E095355.164977_scanAz_slow.dat,4.3608
results2602/20260209S095356.126170E095356.126170_scanAz_slow.dat,4.2674
results2602/20260209S095357.082683E095357.082683_scanAz_slow.dat,4.1148
results2602/20260209S095358.046285E095358.046285_scanAz_slow.dat,4.2466
results2602/20260209S095359.007339E095359.007339_scanAz_slow.dat,4.1017
results2602/20260209S095359.966475E095359.966475_scanAz_slow.dat,4.2722
results2602/20260209S095400.922322E095400.922322_scanAz_slow.dat,4.0065
results2602/20260209S095401.882602E095401.882602_scanAz_slow.dat,4.2587
results2602/20260209S095402.845971E095402.845971_scanAz_slow.dat,4.1374
results2602/20260209S095403.806500E095403.806500_scanAz_slow.dat,4.1635
results2602/20260209S095404.762570E095404.762570_scanAz_slow.dat,4.3465
results2602/20260209S095405.725878E095405.725878_scanAz_slow.dat,4.1865
results2602/20260209S095406.682551E095406.682551_scanAz_slow.dat,4.2232
results2602/20260209S095407.644963E095407.644963_scanAz_slow.dat,4.3306
results2602/20260209S095408.607311E095408.607311_scanAz_slow.dat,4.1807
results2602/20260209S095409.567859E095409.567859_scanAz_slow.dat,4.2432
results2602/20260209S095410.524667E095410.524667_scanAz_slow.dat,4.1967
results2602/20260209S095411.485391E095411.485391_scanAz_slow.dat,4.1761
results2602/20260209S095412.446344E095412.446344_scanAz_slow.dat,3.9430
results2602/20260209S095413.404136E095413.404136_scanAz_slow.dat,3.9308
results2602/20260209S095414.365835E095414.365835_scanAz_slow.dat,4.1777
results2602/20260209S095415.322928E095415.322928_scanAz_slow.dat,4.1946
results2602/20260209S095416.284306E095416.284306_scanAz_slow.dat,4.1610
results2602/20260209S095417.244977E095417.244977_scanAz_slow.dat,4.0933
results2602/20260209S095418.207632E095418.207632_scanAz_slow.dat,4.0877
results2602/20260209S095419.164148E095419.164148_scanAz_slow.dat,4.3482
results2602/20260209S095420.126736E095420.126736_scanAz_slow.dat,4.3808
results2602/20260209S095421.083869E095421.083869_scanAz_slow.dat,4.0984
results2602/20260209S095422.045562E095422.045562_scanAz_slow.dat,4.2459
results2602/20260209S095423.005642E095423.005642_scanAz_slow.dat,4.1906
results2602/20260209S095423.962986E095423.962986_scanAz_slow.dat,4.4992
results2602/20260209S095424.925504E095424.925504_scanAz_slow.dat,4.3189
results2602/20260209S095425.887019E095425.887019_scanAz_slow.dat,4.2925
results2602/20260209S095426.843444E095426.843444_scanAz_slow.dat,4.3785
results2602/20260209S095427.806899E095427.806899_scanAz_slow.dat,4.0652
results2602/20260209S095428.767470E095428.767470_scanAz_slow.dat,4.2293
results2602/20260209S095429.723270E095429.723270_scanAz_slow.dat,4.1538
results2602/20260209S095430.683313E095430.683313_scanAz_slow.dat,4.3163
results2602/20260209S095431.643011E095431.643011_scanAz_slow.dat,4.1505
results2602/20260209S095432.605496E095432.605496_scanAz_slow.dat,4.2093
results2602/20260209S095433.565515E095433.565515_scanAz_slow.dat,4.3155
results2602/20260209S095434.527692E095434.527692_scanAz_slow.dat,4.3065
results2602/20260209S095435.483029E095435.483029_scanAz_slow.dat,4.2367
results2602/20260209S095436.447657E095436.447657_scanAz_slow.dat,4.2357
results2602/20260209S095437.405587E095437.405587_scanAz_slow.dat,4.2178
results2602/20260209S095438.367045E095438.367045_scanAz_slow.dat,4.1046
results2602/20260209S095439.326904E095439.326904_scanAz_slow.dat,4.2551
results2602/20260209S095440.282828E095440.282828_scanAz_slow.dat,3.9609
results2602/20260209S095441.243879E095441.243879_scanAz_slow.dat,4.0596
results2602/20260209S095442.204280E095442.204280_scanAz_slow.dat,4.3755
results2602/20260209S095443.167602E095443.167602_scanAz_slow.dat,4.2675
results2602/20260209S095444.125839E095444.125839_scanAz_slow.dat,4.2794
results2602/20260209S095445.085873E095445.085873_scanAz_slow.dat,4.2454
results2602/20260209S095446.047816E095446.047816_scanAz_slow.dat,4.1935
results2602/20260209S095447.005567E095447.005567_scanAz_slow.dat,4.3119
results2602/20260209S095447.965835E095447.965835_scanAz_slow.dat,4.3502
results2602/20260209S095448.923698E095448.923698_scanAz_slow.dat,4.3277
results2602/20260209S095449.884601E095449.884601_scanAz_slow.dat,4.2527
results2602/20260209S095450.844542E095450.844542_scanAz_slow.dat,4.4679
results2602/20260209S095451.805076E095451.805076_scanAz_slow.dat,4.2860
results2602/20260209S095452.766352E095452.766352_scanAz_slow.dat,4.3346
results2602/20260209S095453.727341E095453.727341_scanAz_slow.dat,4.1873
results2602/20260209S095454.682092E095454.682092_scanAz_slow.dat,4.1912
results2602/20260209S095455.644678E095455.644678_scanAz_slow.dat,4.2312
results2602/20260209S095456.603489E095456.603489_scanAz_slow.dat,4.1540
results2602/20260209S095457.562962E095457.562962_scanAz_slow.dat,4.1177
results2602/20260209S095458.526311E095458.526311_scanAz_slow.dat,4.3653
results2602/20260209S095459.487840E095459.487840_scanAz_slow.dat,4.1158
results2602/20260209S095500.443510E095500.443510_scanAz_slow.dat,4.3298
results2602/20260209S095501.401879E095501.401879_scanAz_slow.dat,4.0038
results2602/20260209S095502.365148E095502.365148_scanAz_slow.dat,4.2355
results2602/20260209S095503.325994E095503.325994_scanAz_slow.dat,4.0961
results2602/20260209S095504.286756E095504.286756_scanAz_slow.dat,4.1275
results2602/20260209S095505.246334E095505.246334_scanAz_slow.dat,4.2323
results2602/20260209S095506.201856E095506.201856_scanAz_slow.dat,4.1311
results2602/20260209S095507.164276E095507.164276_scanAz_slow.dat,4.2110
results2602/20260209S095508.127005E095508.127005_scanAz_slow.dat,4.4245
results2602/20260209S095509.085934E095509.085934_scanAz_slow.dat,4.1577
results2602/20260209S095510.046044E095510.046044_scanAz_slow.dat,4.5069
results2602/20260209S095511.007761E095511.007761_scanAz_slow.dat,4.0998
results2602/20260209S095511.963426E095511.963426_scanAz_slow.dat,4.1059
results2602/20260209S095512.922661E095512.922661_scanAz_slow.dat,4.2122
results2602/20260209S095513.888246E095513.888246_scanAz_slow.dat,4.1888
results2602/20260209S095514.843708E095514.843708_scanAz_slow.dat,4.3143
results2602/20260209S095515.807911E095515.807911_scanAz_slow.dat,4.2262
results2602/20260209S095516.764200E095516.764200_scanAz_slow.dat,4.2578
results2602/20260209S095517.726408E095517.726408_scanAz_slow.dat,4.2181
results2602/20260209S095518.687651E095518.687651_scanAz_slow.dat,4.2418
results2602/20260209S095519.648230E095519.648230_scanAz_slow.dat,4.1806
results2602/20260209S095520.605290E095520.605290_scanAz_slow.dat,4.3122
results2602/20260209S095521.566135E095521.566135_scanAz_slow.dat,4.1486
results2602/20260209S095522.524944E095522.524944_scanAz_slow.dat,4.3640
results2602/20260209S095523.483894E095523.483894_scanAz_slow.dat,4.1554
results2602/20260209S095524.454040E095524.454040_scanAz_slow.dat,4.1429
results2602/20260209S095525.405906E095525.405906_scanAz_slow.dat,4.2007
results2602/20260209S095526.368887E095526.368887_scanAz_slow.dat,4.2013
results2602/20260209S095527.325450E095527.325450_scanAz_slow.dat,4.1723
results2602/20260209S095528.287792E095528.287792_scanAz_slow.dat,4.1521
results2602/20260209S095529.244203E095529.244203_scanAz_slow.dat,4.1718
results2602/20260209S095530.208182E095530.208182_scanAz_slow.dat,4.3023
results2602/20260209S095531.163805E095531.163805_scanAz_slow.dat,4.1043
results2602/20260209S095532.128114E095532.128114_scanAz_slow.dat,4.1267
results2602/20260209S095533.086018E095533.086018_scanAz_slow.dat,4.0545
results2602/20260209S095534.048266E095534.048266_scanAz_slow.dat,4.0207
results2602/20260209S095535.004204E095535.004204_scanAz_slow.dat,4.2806
results2602/20260209S095535.965175E095535.965175_scanAz_slow.dat,4.0691
results2602/20260209S095536.926653E095536.926653_scanAz_slow.dat,4.1567
results2602/20260209S095537.885264E095537.885264_scanAz_slow.dat,4.2361
results2602/20260209S095538.846476E095538.846476_scanAz_slow.dat,4.2853
results2602/20260209S095539.807788E095539.807788_scanAz_slow.dat,4.1022
results2602/20260209S095540.764088E095540.764088_scanAz_slow.dat,4.0548
results2602/20260209S095541.722555E095541.722555_scanAz_slow.dat,4.2424
results2602/20260209S095542.689029E095542.689029_scanAz_slow.dat,4.0539
results2602/20260209S095543.648150E095543.648150_scanAz_slow.dat,4.1196
results2602/20260209S095544.603967E095544.603967_scanAz_slow.dat,4.3511
results2602/20260209S095545.568222E095545.568222_scanAz_slow.dat,4.0460
results2602/20260209S095546.524469E095546.524469_scanAz_slow.dat,4.0730
results2602/20260209S095547.486684E095547.486684_scanAz_slow.dat,4.2345
results2602/20260209S095548.446313E095548.446313_scanAz_slow.dat,4.2771
results2602/20260209S095549.408238E095549.408238_scanAz_slow.dat,4.2455
results2602/20260209S095550.363920E095550.363920_scanAz_slow.dat,4.0872
results2602/20260209S095551.322697E095551.322697_scanAz_slow.dat,4.1591
results2602/20260209S095552.284484E095552.284484_scanAz_slow.dat,4.4748
results2602/20260209S095553.244292E095553.244292_scanAz_slow.dat,4.2130
results2602/20260209S095554.205013E095554.205013_scanAz_slow.dat,3.9817
results2602/20260209S095555.164725E095555.164725_scanAz_slow.dat,4.2218
results2602/20260209S095556.126047E095556.126047_scanAz_slow.dat,4.0910
results2602/20260209S095557.085492E095557.085492_scanAz_slow.dat,4.1875
results2602/20260209S095558.045025E095558.045025_scanAz_slow.dat,4.1008
results2602/20260209S095559.004434E095559.004434_scanAz_slow.dat,4.3799
results2602/20260209S095559.964235E095559.964235_scanAz_slow.dat,4.3259
results2602/20260209S095600.922317E095600.922317_scanAz_slow.dat,4.0830
results2602/20260209S095601.883152E095601.883152_scanAz_slow.dat,4.1321
results2602/20260209S095602.843221E095602.843221_scanAz_slow.dat,4.1573
results2602/20260209S095603.802590E095603.802590_scanAz_slow.dat,4.0912
results2602/20260209S095604.762442E095604.762442_scanAz_slow.dat,4.1489
results2602/20260209S095605.723251E095605.723251_scanAz_slow.dat,4.1207
results2602/20260209S095606.684593E095606.684593_scanAz_slow.dat,4.2505
results2602/20260209S095607.645130E095607.645130_scanAz_slow.dat,4.1541
results2602/20260209S095608.606223E095608.606223_scanAz_slow.dat,4.1502
results2602/20260209S095609.564557E095609.564557_scanAz_slow.dat,4.4445
results2602/20260209S095610.524722E095610.524722_scanAz_slow.dat,4.1804
results2602/20260209S095611.483571E095611.483571_scanAz_slow.dat,4.0263
results2602/20260209S095612.443848E095612.443848_scanAz_slow.dat,4.1389
results2602/20260209S095613.403908E095613.403908_scanAz_slow.dat,4.0344
results2602/20260209S095614.364144E095614.364144_scanAz_slow.dat,4.1385
results2602/20260209S095615.326059E095615.326059_scanAz_slow.dat,4.2939
results2602/20260209S095616.284018E095616.284018_scanAz_slow.dat,4.3442
results2602/20260209S095617.243986E095617.243986_scanAz_slow.dat,4.1147
results2602/20260209S095618.203298E095618.203298_scanAz_slow.dat,4.0323
results2602/20260209S095619.165006E095619.165006_scanAz_slow.dat,4.2320
results2602/20260209S095620.125006E095620.125006_scanAz_slow.dat,4.2098
results2602/20260209S095621.086139E095621.086139_scanAz_slow.dat,4.2049
results2602/20260209S095622.043759E095622.043759_scanAz_slow.dat,4.2631
results2602/20260209S095623.003580E095623.003580_scanAz_slow.dat,4.2597
results2602/20260209S095623.964836E095623.964836_scanAz_slow.dat,4.2818
results2602/20260209S095624.926325E095624.926325_scanAz_slow.dat,4.3390
results2602/20260209S095625.883798E095625.883798_scanAz_slow.dat,4.2017
results2602/20260209S095626.844289E095626.844289_scanAz_slow.dat,3.9310
results2602/20260209S095627.804652E095627.804652_scanAz_slow.dat,4.1628
results2602/20260209S095628.764747E095628.764747_scanAz_slow.dat,4.1740
results2602/20260209S095629.723539E095629.723539_scanAz_slow.dat,4.1309
results2602/20260209S095630.682837E095630.682837_scanAz_slow.dat,4.1617
results2602/20260209S095631.644901E095631.644901_scanAz_slow.dat,4.2350
results2602/20260209S095632.603226E095632.603226_scanAz_slow.dat,4.0818
results2602/20260209S095633.563498E095633.563498_scanAz_slow.dat,4.0740
results2602/20260209S095634.526311E095634.526311_scanAz_slow.dat,4.1644
results2602/20260209S095635.483904E095635.483904_scanAz_slow.dat,4.0053
read results2602/20260209_100135_scanAz_slow.txt,0.0103
results2602/20260209S100136.160983E100136.160983_scanAz_slow.dat,4.2555
results2602/20260209S100137.221098E100137.221098_scanAz_slow.dat,4.1108
results2602/20260209S100138.181074E100138.181074_scanAz_slow.dat,4.1165
results2602/20260209S100139.139090E100139.139090_scanAz_slow.dat,4.1081
results2602/20260209S100140.101169E100140.101169_scanAz_slow.dat,4.2137
results2602/20260209S100141.059742E100141.059742_scanAz_slow.dat,4.0549
results2602/20260209S100142.017408E100142.017408_scanAz_slow.dat,4.1611
results2602/20260209S100142.977394E100142.977394_scanAz_slow.dat,4.1776
results2602/20260209S100143.940440E100143.940440_scanAz_slow.dat,4.2521
results2602/20260209S100144.901033E100144.901033_scanAz_slow.dat,4.1482
results2602/20260209S100145.858067E100145.858067_scanAz_slow.dat,4.0037
results2602/20260209S100146.818228E100146.818228_scanAz_slow.dat,3.9950
results2602/20260209S100147.779881E100147.779881_scanAz_slow.dat,4.1308
results2602/20260209S100148.737798E100148.737798_scanAz_slow.dat,4.3221
results2602/20260209S100149.697406E100149.697406_scanAz_slow.dat,4.1529
results2602/20260209S100150.656809E100150.656809_scanAz_slow.dat,4.1078
results2602/20260209S100151.615854E100151.615854_scanAz_slow.dat,4.3318
results2602/20260209S100152.577839E100152.577839_scanAz_slow.dat,4.4721
results2602/20260209S100153.540892E100153.540892_scanAz_slow.dat,4.2693
results2602/20260209S100154.498577E100154.498577_scanAz_slow.dat,4.2050
results2602/20260209S100155.457185E100155.457185_scanAz_slow.dat,4.1323
results2602/20260209S100156.416875E100156.416875_scanAz_slow.dat,3.8426
results2602/20260209S100157.377251E100157.377251_scanAz_slow.dat,4.0844
results2602/20260209S100158.338703E100158.338703_scanAz_slow.dat,4.4138
results2602/20260209S100159.297126E100159.297126_scanAz_slow.dat,4.0944
results2602/20260209S100200.259688E100200.259688_scanAz_slow.dat,4.1043
results2602/20260209S100201.219548E100201.219548_scanAz_slow.dat,4.1949
results2602/20260209S100202.179386E100202.179386_scanAz_slow.dat,4.2186
results2602/20260209S100203.139195E100203.139195_scanAz_slow.dat,4.2441
results2602/20260209S100204.099915E100204.099915_scanAz_slow.dat,4.1819
results2602/20260209S100205.059164E100205.059164_scanAz_slow.dat,4.1057
results2602/20260209S100206.019432E100206.019432_scanAz_slow.dat,4.1646
results2602/20260209S100206.980119E100206.980119_scanAz_slow.dat,4.1736
results2602/20260209S100207.940010E100207.940010_scanAz_slow.dat,4.2856
results2602/20260209S100208.900562E100208.900562_scanAz_slow.dat,4.3789
results2602/20260209S100209.859551E100209.859551_scanAz_slow.dat,4.1759
results2602/20260209S100210.817817E100210.817817_scanAz_slow.dat,4.2487
results2602/20260209S100211.777423E100211.777423_scanAz_slow.dat,4.0637
results2602/20260209S100212.740192E100212.740192_scanAz_slow.dat,4.0464
results2602/20260209S100213.699976E100213.699976_scanAz_slow.dat,4.1354
results2602/20260209S100214.657348E100214.657348_scanAz_slow.dat,4.2183
results2602/20260209S100215.620113E100215.620113_scanAz_slow.dat,4.1300
results2602/20260209S100216.580261E100216.580261_scanAz_slow.dat,4.2607
results2602/20260209S100217.539820E100217.539820_scanAz_slow.dat,4.1438
results2602/20260209S100218.501595E100218.501595_scanAz_slow.dat,4.2654
results2602/20260209S100219.456961E100219.456961_scanAz_slow.dat,4.0800
results2602/20260209S100220.420991E100220.420991_scanAz_slow.dat,4.0941
results2602/20260209S100221.379453E100221.379453_scanAz_slow.dat,4.0734
results2602/20260209S100222.340142E100222.340142_scanAz_slow.dat,3.8890
results2602/20260209S100223.300651E100223.300651_scanAz_slow.dat,4.4981
results2602/20260209S100224.259612E100224.259612_scanAz_slow.dat,4.2017
results2602/20260209S100225.219563E100225.219563_scanAz_slow.dat,4.1547
results2602/20260209S100226.180129E100226.180129_scanAz_slow.dat,4.2328
results2602/20260209S100227.140077E100227.140077_scanAz_slow.dat,4.1999
results2602/20260209S100228.099771E100228.099771_scanAz_slow.dat,4.1078
results2602/20260209S100229.059022E100229.059022_scanAz_slow.dat,4.0972
results2602/20260209S100230.021189E100230.021189_scanAz_slow.dat,4.1182
results2602/20260209S100230.985815E100230.985815_scanAz_slow.dat,4.0739
results2602/20260209S100231.941501E100231.941501_scanAz_slow.dat,4.1415
results2602/20260209S100232.899786E100232.899786_scanAz_slow.dat,4.1575
results2602/20260209S100233.857876E100233.857876_scanAz_slow.dat,4.0255
results2602/20260209S100234.817650E100234.817650_scanAz_slow.dat,4.1295
results2602/20260209S100235.779124E100235.779124_scanAz_slow.dat,3.8232
results2602/20260209S100236.744101E100236.744101_scanAz_slow.dat,4.1926
results2602/20260209S100237.701602E100237.701602_scanAz_slow.dat,4.2697
results2602/20260209S100238.657759E100238.657759_scanAz_slow.dat,3.9463
results2602/20260209S100239.620064E100239.620064_scanAz_slow.dat,4.2958
results2602/20260209S100240.581156E100240.581156_scanAz_slow.dat,4.1625
results2602/20260209S100241.539817E100241.539817_scanAz_slow.dat,4.1676
results2602/20260209S100242.499698E100242.499698_scanAz_slow.dat,4.2029
results2602/20260209S100243.457728E100243.457728_scanAz_slow.dat,4.2021
results2602/20260209S100244.421467E100244.421467_scanAz_slow.dat,4.2283
results2602/20260209S100245.382502E100245.382502_scanAz_slow.dat,4.1665
results2602/20260209S100246.337863E100246.337863_scanAz_slow.dat,4.1143
results2602/20260209S100247.301011E100247.301011_scanAz_slow.dat,4.2090
results2602/20260209S100248.257845E100248.257845_scanAz_slow.dat,4.0817
results2602/20260209S100249.220020E100249.220020_scanAz_slow.dat,3.9721
results2602/20260209S100250.180736E100250.180736_scanAz_slow.dat,4.0180
results2602/20260209S100251.139983E100251.139983_scanAz_slow.dat,4.1319
results2602/20260209S100252.101534E100252.101534_scanAz_slow.dat,4.1573
results2602/20260209S100253.057824E100253.057824_scanAz_slow.dat,4.2158
results2602/20260209S100254.018952E100254.018952_scanAz_slow.dat,4.4213
results2602/20260209S100254.981560E100254.981560_scanAz_slow.dat,4.2294
results2602/20260209S100255.939611E100255.939611_scanAz_slow.dat,4.1893
results2602/20260209S100256.896118E100256.896118_scanAz_slow.dat,4.1316
results2602/20260209S100257.858632E100257.858632_scanAz_slow.dat,4.0952
results2602/20260209S100258.819723E100258.819723_scanAz_slow.dat,4.0920
results2602/20260209S100259.779449E100259.779449_scanAz_slow.dat,4.0792
results2602/20260209S100300.740934E100300.740934_scanAz_slow.dat,4.3016
results2602/20260209S100301.698123E100301.698123_scanAz_slow.dat,4.0276
results2602/20260209S100302.661031E100302.661031_scanAz_slow.dat,4.2044
results2602/20260209S100303.617223E100303.617223_scanAz_slow.dat,4.2685
results2602/20260209S100304.578587E100304.578587_scanAz_slow.dat,4.3219
results2602/20260209S100305.538375E100305.538375_scanAz_slow.dat,4.2906
results2602/20260209S100306.498363E100306.498363_scanAz_slow.dat,4.1683
results2602/20260209S100307.459032E100307.459032_scanAz_slow.dat,4.1519
results2602/20260209S100308.415625E100308.415625_scanAz_slow.dat,4.2576
results2602/20260209S100309.379989E100309.379989_scanAz_slow.dat,4.1183
results2602/20260209S100310.341945E100310.341945_scanAz_slow.dat,4.0234
results2602/20260209S100311.301083E100311.301083_scanAz_slow.dat,4.0178
results2602/20260209S100312.258119E100312.258119_scanAz_slow.dat,4.3235
results2602/20260209S100313.222006E100313.222006_scanAz_slow.dat,4.1293
results2602/20260209S100314.178012E100314.178012_scanAz_slow.dat,4.0180
results2602/20260209S100315.138528E100315.138528_scanAz_slow.dat,4.3834
results2602/20260209S100316.101074E100316.101074_scanAz_slow.dat,4.1940
results2602/20260209S100317.057896E100317.057896_scanAz_slow.dat,4.1069
results2602/20260209S100318.019097E100318.019097_scanAz_slow.dat,4.3713
results2602/20260209S100318.980716E100318.980716_scanAz_slow.dat,4.1758
results2602/20260209S100319.941124E100319.941124_scanAz_slow.dat,4.1501
results2602/20260209S100320.897324E100320.897324_scanAz_slow.dat,4.3134
results2602/20260209S100321.861334E100321.861334_scanAz_slow.dat,4.0516
results2602/20260209S100322.818861E100322.818861_scanAz_slow.dat,4.1779
results2602/20260209S100323.778312E100323.778312_scanAz_slow.dat,4.4686
results2602/20260209S100324.741120E100324.741120_scanAz_slow.dat,4.2436
results2602/20260209S100325.698357E100325.698357_scanAz_slow.dat,4.0215
results2602/20260209S100326.659030E100326.659030_scanAz_slow.dat,4.0721
results2602/20260209S100327.621237E100327.621237_scanAz_slow.dat,4.1130
results2602/20260209S100328.581414E100328.581414_scanAz_slow.dat,4.1957
results2602/20260209S100329.541967E100329.541967_scanAz_slow.dat,4.1127
results2602/20260209S100330.500217E100330.500217_scanAz_slow.dat,4.0932
results2602/20260209S100331.461007E100331.461007_scanAz_slow.dat,4.2324
results2602/20260209S100332.421751E100332.421751_scanAz_slow.dat,4.4351
results2602/20260209S100333.379057E100333.379057_scanAz_slow.dat,4.3379
results2602/20260209S100334.339011E100334.339011_scanAz_slow.dat,4.2644
results2602/20260209S100335.297807E100335.297807_scanAz_slow.dat,4.0792
results2602/20260209S100336.259408E100336.259408_scanAz_slow.dat,4.0196
results2602/20260209S100337.221875E100337.221875_scanAz_slow.dat,4.0927
results2602/20260209S100338.177967E100338.177967_scanAz_slow.dat,4.1979
results2602/20260209S100339.140327E100339.140327_scanAz_slow.dat,4.2317
results2602/20260209S100340.100234E100340.100234_scanAz_slow.dat,4.0652
results2602/20260209S100341.057711E100341.057711_scanAz_slow.dat,4.2668
results2602/20260209S100342.019676E100342.019676_scanAz_slow.dat,4.2924
results2602/20260209S100342.982196E100342.982196_scanAz_slow.dat,4.0643
results2602/20260209S100343.943499E100343.943499_scanAz_slow.dat,3.9666
results2602/20260209S100344.900893E100344.900893_scanAz_slow.dat,4.2589
results2602/20260209S100345.862215E100345.862215_scanAz_slow.dat,4.1209
results2602/20260209S100346.821290E100346.821290_scanAz_slow.dat,4.1891
results2602/20260209S100347.782407E100347.782407_scanAz_slow.dat,4.1048
results2602/20260209S100348.738363E100348.738363_scanAz_slow.dat,4.1891
results2602/20260209S100349.702393E100349.702393_scanAz_slow.dat,4.3451
results2602/20260209S100350.661618E100350.661618_scanAz_slow.dat,4.3404
results2602/20260209S100351.621485E100351.621485_scanAz_slow.dat,3.9339
results2602/20260209S100352.581377E100352.581377_scanAz_slow.dat,4.0212
results2602/20260209S100353.541818E100353.541818_scanAz_slow.dat,3.9510
results2602/20260209S100354.501824E100354.501824_scanAz_slow.dat,4.2502
results2602/20260209S100355.462485E100355.462485_scanAz_slow.dat,4.1916
results2602/20260209S100356.421454E100356.421454_scanAz_slow.dat,4.0471
results2602/20260209S100357.383014E100357.383014_scanAz_slow.dat,4.3165
results2602/20260209S100358.341722E100358.341722_scanAz_slow.dat,4.2065
results2602/20260209S100359.300874E100359.300874_scanAz_slow.dat,3.9989
results2602/20260209S100400.259882E100400.259882_scanAz_slow.dat,4.0405
results2602/20260209S100401.219816E100401.219816_scanAz_slow.dat,3.9618
results2602/20260209S100402.180825E100402.180825_scanAz_slow.dat,4.0003
results2602/20260209S100403.140680E100403.140680_scanAz_slow.dat,4.0383
results2602/20260209S100404.102432E100404.102432_scanAz_slow.dat,4.1642
results2602/20260209S100405.062092E100405.062092_scanAz_slow.dat,4.2716
results2602/20260209S100406.018238E100406.018238_scanAz_slow.dat,4.3021
results2602/20260209S100406.980216E100406.980216_scanAz_slow.dat,4.0771
results2602/20260209S100407.940301E100407.940301_scanAz_slow.dat,4.3305
results2602/20260209S100408.901334E100408.901334_scanAz_slow.dat,4.1944
results2602/20260209S100409.861413E100409.861413_scanAz_slow.dat,3.8624
results2602/20260209S100410.821860E100410.821860_scanAz_slow.dat,4.0184
results2602/20260209S100411.781849E100411.781849_scanAz_slow.dat,4.2107
results2602/20260209S100412.741003E100412.741003_scanAz_slow.dat,4.3309
results2602/20260209S100413.701464E100413.701464_scanAz_slow.dat,4.4262
results2602/20260209S100414.661924E100414.661924_scanAz_slow.dat,4.0754
results2602/20260209S100415.621819E100415.621819_scanAz_slow.dat,4.2169
results2602/20260209S100416.578971E100416.578971_scanAz_slow.dat,4.2471
results2602/20260209S100417.539076E100417.539076_scanAz_slow.dat,3.9853
results2602/20260209S100418.499679E100418.499679_scanAz_slow.dat,4.1590
results2602/20260209S100419.458836E100419.458836_scanAz_slow.dat,4.3064
results2602/20260209S100420.423267E100420.423267_scanAz_slow.dat,4.2894
results2602/20260209S100421.379238E100421.379238_scanAz_slow.dat,4.1351
results2602/20260209S100422.339248E100422.339248_scanAz_slow.dat,4.3907
results2602/20260209S100423.301387E100423.301387_scanAz_slow.dat,4.1549
results2602/20260209S100424.261623E100424.261623_scanAz_slow.dat,4.1269
results2602/20260209S100425.221800E100425.221800_scanAz_slow.dat,4.0920
results2602/20260209S100426.182315E100426.182315_scanAz_slow.dat,3.9728
results2602/20260209S100427.140325E100427.140325_scanAz_slow.dat,4.2035
results2602/20260209S100428.099574E100428.099574_scanAz_slow.dat,4.2131
results2602/20260209S100429.061812E100429.061812_scanAz_slow.dat,3.9785
results2602/20260209S100430.021025E100430.021025_scanAz_slow.dat,4.1322
results2602/20260209S100430.980738E100430.980738_scanAz_slow.dat,4.4626
results2602/20260209S100431.941028E100431.941028_scanAz_slow.dat,3.9978
results2602/20260209S100432.903377E100432.903377_scanAz_slow.dat,4.1936
results2602/20260209S100433.858399E100433.858399_scanAz_slow.dat,3.9527
results2602/20260209S100434.819145E100434.819145_scanAz_slow.dat,4.1202
results2602/20260209S100435.781566E100435.781566_scanAz_slow.dat,4.2609
results2602/20260209S100436.741382E100436.741382_scanAz_slow.dat,4.0999
results2602/20260209S100437.698558E100437.698558_scanAz_slow.dat,4.3991
results2602/20260209S100438.661296E100438.661296_scanAz_slow.dat,4.2763
results2602/20260209S100439.621638E100439.621638_scanAz_slow.dat,4.1639
results2602/20260209S100440.585531E100440.585531_scanAz_slow.dat,4.1321
results2602/20260209S100441.541605E100441.541605_scanAz_slow.dat,4.1271
results2602/20260209S100442.498630E100442.498630_scanAz_slow.dat,4.1627
results2602/20260209S100443.458663E100443.458663_scanAz_slow.dat,4.1519
results2602/20260209S100444.421610E100444.421610_scanAz_slow.dat,4.1292
results2602/20260209S100445.381820E100445.381820_scanAz_slow.dat,4.3713
results2602/20260209S100446.341606E100446.341606_scanAz_slow.dat,4.1517
results2602/20260209S100447.299647E100447.299647_scanAz_slow.dat,4.0321
results2602/20260209S100448.259441E100448.259441_scanAz_slow.dat,4.1590
results2602/20260209S100449.223432E100449.223432_scanAz_slow.dat,4.2931
results2602/20260209S100450.179175E100450.179175_scanAz_slow.dat,4.1736
results2602/20260209S100451.138731E100451.138731_scanAz_slow.dat,4.1632
results2602/20260209S100452.098097E100452.098097_scanAz_slow.dat,4.2910
results2602/20260209S100453.061141E100453.061141_scanAz_slow.dat,4.0064
results2602/20260209S100454.023882E100454.023882_scanAz_slow.dat,3.9615
results2602/20260209S100454.979718E100454.979718_scanAz_slow.dat,4.0089
results2602/20260209S100455.941225E100455.941225_scanAz_slow.dat,4.0009
results2602/20260209S100456.903618E100456.903618_scanAz_slow.dat,4.1993
results2602/20260209S100457.859842E100457.859842_scanAz_slow.dat,4.1002
results2602/20260209S100458.819958E100458.819958_scanAz_slow.dat,4.0737
results2602/20260209S100459.781456E100459.781456_scanAz_slow.dat,4.1306
results2602/20260209S100500.741351E100500.741351_scanAz_slow.dat,4.0885
results2602/20260209S100501.702100E100501.702100_scanAz_slow.dat,3.9285
results2602/20260209S100502.663292E100502.663292_scanAz_slow.dat,4.3058
results2602/20260209S100503.621715E100503.621715_scanAz_slow.dat,4.2470
results2602/20260209S100504.582207E100504.582207_scanAz_slow.dat,4.5071
results2602/20260209S100505.543821E100505.543821_scanAz_slow.dat,4.1782
results2602/20260209S100506.500966E100506.500966_scanAz_slow.dat,4.2302
results2602/20260209S100507.464264E100507.464264_scanAz_slow.dat,3.9935
results2602/20260209S100508.419910E100508.419910_scanAz_slow.dat,4.1115
results2602/20260209S100509.386191E100509.386191_scanAz_slow.dat,4.0331
results2602/20260209S100510.339683E100510.339683_scanAz_slow.dat,4.0474
results2602/20260209S100511.301179E100511.301179_scanAz_slow.dat,4.1535
results2602/20260209S100512.263756E100512.263756_scanAz_slow.dat,4.1575
results2602/20260209S100513.220274E100513.220274_scanAz_slow.dat,4.1390
results2602/20260209S100514.180149E100514.180149_scanAz_slow.dat,4.2615
results2602/20260209S100515.143588E100515.143588_scanAz_slow.dat,4.3124
results2602/20260209S100516.101544E100516.101544_scanAz_slow.dat,4.3144
results2602/20260209S100517.062600E100517.062600_scanAz_slow.dat,4.3287
results2602/20260209S100518.022491E100518.022491_scanAz_slow.dat,4.3263
results2602/20260209S100518.981611E100518.981611_scanAz_slow.dat,4.3517
results2602/20260209S100519.942844E100519.942844_scanAz_slow.dat,4.0893
results2602/20260209S100520.899248E100520.899248_scanAz_slow.dat,4.1571
results2602/20260209S100521.858764E100521.858764_scanAz_slow.dat,4.2207
results2602/20260209S100522.820231E100522.820231_scanAz_slow.dat,4.0899
results2602/20260209S100523.779598E100523.779598_scanAz_slow.dat,4.1839
results2602/20260209S100524.742090E100524.742090_scanAz_slow.dat,4.0427
results2602/20260209S100525.701861E100525.701861_scanAz_slow.dat,4.3364
results2602/20260209S100526.660472E100526.660472_scanAz_slow.dat,4.2239
results2602/20260209S100527.620917E100527.620917_scanAz_slow.dat,4.0861
results2602/20260209S100528.579911E100528.579911_scanAz_slow.dat,4.2104
results2602/20260209S100529.540139E100529.540139_scanAz_slow.dat,4.1499
results2602/20260209S100530.500438E100530.500438_scanAz_slow.dat,4.1363
results2602/20260209S100531.464221E100531.464221_scanAz_slow.dat,4.1507
results2602/20260209S100532.422083E100532.422083_scanAz_slow.dat,4.1475
results2602/20260209S100533.382621E100533.382621_scanAz_slow.dat,4.1869
results2602/20260209S100534.339127E100534.339127_scanAz_slow.dat,4.2338
results2602/20260209S100535.300331E100535.300331_scanAz_slow.dat,4.3636
results2602/20260209S100536.262527E100536.262527_scanAz_slow.dat,3.8684
results2602/20260209S100537.222971E100537.222971_scanAz_slow.dat,4.1149
results2602/20260209S100538.180097E100538.180097_scanAz_slow.dat,4.0847
results2602/20260209S100539.139383E100539.139383_scanAz_slow.dat,4.0523
results2602/20260209S100540.098620E100540.098620_scanAz_slow.dat,4.0981
results2602/20260209S100541.062146E100541.062146_scanAz_slow.dat,4.1589
results2602/20260209S100542.019595E100542.019595_scanAz_slow.dat,4.2132
results2602/20260209S100542.980532E100542.980532_scanAz_slow.dat,4.0862
results2602/20260209S100543.941446E100543.941446_scanAz_slow.dat,4.1067
results2602/20260209S100544.901901E100544.901901_scanAz_slow.dat,4.3136
results2602/20260209S100545.859643E100545.859643_scanAz_slow.dat,4.1208
results2602/20260209S100546.819712E100546.819712_scanAz_slow.dat,4.1815
results2602/20260209S100547.779661E100547.779661_scanAz_slow.dat,4.3235
results2602/20260209S100548.745008E100548.745008_scanAz_slow.dat,4.1996
results2602/20260209S100549.701281E100549.701281_scanAz_slow.dat,4.2245
results2602/20260209S100550.660839E100550.660839_scanAz_slow.dat,4.2744
results2602/20260209S100551.625037E100551.625037_scanAz_slow.dat,3.9669
results2602/20260209S100552.582314E100552.582314_scanAz_slow.dat,3.8995
results2602/20260209S100553.544252E100553.544252_scanAz_slow.dat,4.0003
results2602/20260209S100554.502609E100554.502609_scanAz_slow.dat,4.1231
results2602/20260209S100555.463262E100555.463262_scanAz_slow.dat,4.1555
results2602/20260209S100556.424348E100556.424348_scanAz_slow.dat,4.3151
results2602/20260209S100557.384652E100557.384652_scanAz_slow.dat,4.3386
results2602/20260209S100558.340529E100558.340529_scanAz_slow.dat,4.2465
results2602/20260209S100559.302098E100559.302098_scanAz_slow.dat,4.0100
results2602/20260209S100600.261171E100600.261171_scanAz_slow.dat,4.2704
results2602/20260209S100601.224127E100601.224127_scanAz_slow.dat,4.1374
results2602/20260209S100602.183819E100602.183819_scanAz_slow.dat,4.3239
results2602/20260209S100603.140799E100603.140799_scanAz_slow.dat,4.1966
results2602/20260209S100604.101517E100604.101517_scanAz_slow.dat,4.0184
results2602/20260209S100605.061851E100605.061851_scanAz_slow.dat,4.0726
results2602/20260209S100606.023485E100606.023485_scanAz_slow.dat,4.4347
results2602/20260209S100606.980530E100606.980530_scanAz_slow.dat,4.1559
results2602/20260209S100607.940082E100607.940082_scanAz_slow.dat,4.2239
results2602/20260209S100608.900367E100608.900367_scanAz_slow.dat,4.1223
results2602/20260209S100609.863942E100609.863942_scanAz_slow.dat,4.1091
results2602/20260209S100610.824556E100610.824556_scanAz_slow.dat,4.0941
results2602/20260209S100611.783003E100611.783003_scanAz_slow.dat,4.1031
results2602/20260209S100612.744412E100612.744412_scanAz_slow.dat,4.2706
results2602/20260209S100613.705998E100613.705998_scanAz_slow.dat,4.0734
results2602/20260209S100614.662869E100614.662869_scanAz_slow.dat,3.9519
results2602/20260209S100615.623092E100615.623092_scanAz_slow.dat,4.2369
results2602/20260209S100616.584461E100616.584461_scanAz_slow.dat,4.2076
results2602/20260209S100617.544924E100617.544924_scanAz_slow.dat,4.2155
results2602/20260209S100618.501291E100618.501291_scanAz_slow.dat,3.9650
results2602/20260209S100619.460951E100619.460951_scanAz_slow.dat,3.8293
results2602/20260209S100620.421932E100620.421932_scanAz_slow.dat,3.9816
results2602/20260209S100621.382234E100621.382234_scanAz_slow.dat,4.2008
results2602/20260209S100622.343146E100622.343146_scanAz_slow.dat,3.9032
results2602/20260209S100623.301153E100623.301153_scanAz_slow.dat,4.3230
results2602/20260209S100624.265883E100624.265883_scanAz_slow.dat,3.9826
results2602/20260209S100625.224400E100625.224400_scanAz_slow.dat,4.2328
results2602/20260209S100626.184298E100626.184298_scanAz_slow.dat,4.1823
results2602/20260209S100627.143948E100627.143948_scanAz_slow.dat,4.1478
results2602/20260209S100628.101310E100628.101310_scanAz_slow.dat,4.0573
results2602/20260209S100629.063210E100629.063210_scanAz_slow.dat,4.1906
results2602/20260209S100630.022048E100630.022048_scanAz_slow.dat,4.1373
results2602/20260209S100630.984157E100630.984157_scanAz_slow.dat,4.2120
results2602/20260209S100631.941572E100631.941572_scanAz_slow.dat,4.1498
results2602/20260209S100632.900053E100632.900053_scanAz_slow.dat,4.0275
results2602/20260209S100633.862424E100633.862424_scanAz_slow.dat,3.8695
results2602/20260209S100634.820777E100634.820777_scanAz_slow.dat,4.0579
results2602/20260209S100635.781816E100635.781816_scanAz_slow.dat,4.4054
results2602/20260209S100636.743184E100636.743184_scanAz_slow.dat,4.0515
results2602/20260209S100637.703418E100637.703418_scanAz_slow.dat,4.0011
results2602/20260209S100638.662820E100638.662820_scanAz_slow.dat,4.1018
results2602/20260209S100639.620893E100639.620893_scanAz_slow.dat,3.9953
results2602/20260209S100640.586151E100640.586151_scanAz_slow.dat,4.1522
results2602/20260209S100641.539160E100641.539160_scanAz_slow.dat,4.0116
results2602/20260209S100642.499986E100642.499986_scanAz_slow.dat,4.1389
results2602/20260209S100643.460619E100643.460619_scanAz_slow.dat,4.1283
results2602/20260209S100644.421945E100644.421945_scanAz_slow.dat,4.0517
results2602/20260209S100645.380648E100645.380648_scanAz_slow.dat,4.1946
results2602/20260209S100646.341528E100646.341528_scanAz_slow.dat,4.1559
results2602/20260209S100647.302017E100647.302017_scanAz_slow.dat,4.0370
results2602/20260209S100648.261245E100648.261245_scanAz_slow.dat,4.0011
results2602/20260209S100649.222527E100649.222527_scanAz_slow.dat,4.0886
results2602/20260209S100650.183239E100650.183239_scanAz_slow.dat,4.2130
results2602/20260209S100651.144708E100651.144708_scanAz_slow.dat,4.2083
results2602/20260209S100652.103331E100652.103331_scanAz_slow.dat,4.1478
results2602/20260209S100653.064182E100653.064182_scanAz_slow.dat,4.0557
results2602/20260209S100654.019258E100654.019258_scanAz_slow.dat,4.2934
results2602/20260209S100654.983755E100654.983755_scanAz_slow.dat,4.3507
results2602/20260209S100655.941253E100655.941253_scanAz_slow.dat,4.4293
results2602/20260209S100656.900097E100656.900097_scanAz_slow.dat,4.3245
results2602/20260209S100657.865761E100657.865761_scanAz_slow.dat,4.1706
results2602/20260209S100658.821934E100658.821934_scanAz_slow.dat,4.1442
results2602/20260209S100659.783691E100659.783691_scanAz_slow.dat,3.9495
results2602/20260209S100700.740042E100700.740042_scanAz_slow.dat,4.0966
results2602/20260209S100701.700889E100701.700889_scanAz_slow.dat,4.3261
results2602/20260209S100702.662120E100702.662120_scanAz_slow.dat,4.2515
results2602/20260209S100703.622230E100703.622230_scanAz_slow.dat,4.1323
results2602/20260209S100704.581273E100704.581273_scanAz_slow.dat,4.1453
results2602/20260209S100705.541465E100705.541465_scanAz_slow.dat,4.0924
results2602/20260209S100706.500869E100706.500869_scanAz_slow.dat,4.1710
results2602/20260209S100707.466047E100707.466047_scanAz_slow.dat,4.3139
results2602/20260209S100708.425546E100708.425546_scanAz_slow.dat,3.9732
results2602/20260209S100709.381593E100709.381593_scanAz_slow.dat,3.9053
results2602/20260209S100710.341338E100710.341338_scanAz_slow.dat,4.2120
results2602/20260209S100711.300249E100711.300249_scanAz_slow.dat,4.3173
results2602/20260209S100712.263273E100712.263273_scanAz_slow.dat,4.1454
results2602/20260209S100713.221931E100713.221931_scanAz_slow.dat,4.1189
results2602/20260209S100714.181646E100714.181646_scanAz_slow.dat,4.0439
results2602/20260209S100715.141844E100715.141844_scanAz_slow.dat,4.1925
results2602/20260209S100716.102284E100716.102284_scanAz_slow.dat,4.0637
results2602/20260209S100717.062520E100717.062520_scanAz_slow.dat,4.1891
results2602/20260209S100718.022226E100718.022226_scanAz_slow.dat,4.0960
results2602/20260209S100718.985956E100718.985956_scanAz_slow.dat,3.9644
results2602/20260209S100719.941758E100719.941758_scanAz_slow.dat,3.9736
results2602/20260209S100720.902865E100720.902865_scanAz_slow.dat,4.1260
results2602/20260209S100721.863306E100721.863306_scanAz_slow.dat,4.3067
results2602/20260209S100722.822284E100722.822284_scanAz_slow.dat,4.0336
results2602/20260209S100723.783701E100723.783701_scanAz_slow.dat,4.2785
results2602/20260209S100724.743514E100724.743514_scanAz_slow.dat,4.2036
results2602/20260209S100725.703913E100725.703913_scanAz_slow.dat,4.1472
results2602/20260209S100726.665465E100726.665465_scanAz_slow.dat,4.3079
results2602/20260209S100727.623721E100727.623721_scanAz_slow.dat,3.9878
results2602/20260209S100728.584713E100728.584713_scanAz_slow.dat,4.2416
results2602/20260209S100729.545172E100729.545172_scanAz_slow.dat,4.1294
results2602/20260209S100730.500491E100730.500491_scanAz_slow.dat,4.1847
results2602/20260209S100731.465420E100731.465420_scanAz_slow.dat,4.1446
results2602/20260209S100732.422993E100732.422993_scanAz_slow.dat,4.1635
results2602/20260209S100733.382293E100733.382293_scanAz_slow.dat,4.2479
results2602/20260209S100734.341809E100734.341809_scanAz_slow.dat,4.1686
results2602/20260209S100735.302454E100735.302454_scanAz_slow.dat,4.0338
results2602/20260209S100736.263907E100736.263907_scanAz_slow.dat,4.1467
results2602/20260209S100737.224664E100737.224664_scanAz_slow.dat,4.1602
results2602/20260209S100738.186354E100738.186354_scanAz_slow.dat,4.0839
results2602/20260209S100739.145825E100739.145825_scanAz_slow.dat,4.0674
results2602/20260209S100740.100952E100740.100952_scanAz_slow.dat,4.0590
results2602/20260209S100741.066993E100741.066993_scanAz_slow.dat,4.1750
results2602/20260209S100742.022913E100742.022913_scanAz_slow.dat,4.2369
results2602/20260209S100742.984010E100742.984010_scanAz_slow.dat,4.0504
results2602/20260209S100743.942166E100743.942166_scanAz_slow.dat,4.0545
results2602/20260209S100744.902145E100744.902145_scanAz_slow.dat,4.4181
results2602/20260209S100745.864061E100745.864061_scanAz_slow.dat,4.2589
results2602/20260209S100746.826031E100746.826031_scanAz_slow.dat,4.1980
results2602/20260209S100747.782132E100747.782132_scanAz_slow.dat,4.0492
results2602/20260209S100748.744556E100748.744556_scanAz_slow.dat,4.1512
results2602/20260209S100749.703577E100749.703577_scanAz_slow.dat,3.9664
results2602/20260209S100750.664041E100750.664041_scanAz_slow.dat,4.3153
results2602/20260209S100751.620408E100751.620408_scanAz_slow.dat,4.0605
results2602/20260209S100752.585869E100752.585869_scanAz_slow.dat,4.2619
results2602/20260209S100753.544835E100753.544835_scanAz_slow.dat,4.2295
results2602/20260209S100754.504173E100754.504173_scanAz_slow.dat,4.0591
results2602/20260209S100755.465534E100755.465534_scanAz_slow.dat,4.2899
results2602/20260209S100756.422529E100756.422529_scanAz_slow.dat,4.3386
results2602/20260209S100757.383627E100757.383627_scanAz_slow.dat,4.2572
results2602/20260209S100758.342101E100758.342101_scanAz_slow.dat,4.2413
results2602/20260209S100759.302604E100759.302604_scanAz_slow.dat,4.2325
results2602/20260209S100800.263971E100800.263971_scanAz_slow.dat,4.1782
results2602/20260209S100801.224668E100801.224668_scanAz_slow.dat,4.0837
results2602/20260209S100802.186264E100802.186264_scanAz_slow.dat,4.1605
results2602/20260209S100803.143736E100803.143736_scanAz_slow.dat,4.0769
results2602/20260209S100804.101843E100804.101843_scanAz_slow.dat,4.0588
results2602/20260209S100805.061937E100805.061937_scanAz_slow.dat,4.1295
results2602/20260209S100806.024498E100806.024498_scanAz_slow.dat,4.1991
results2602/20260209S100806.982630E100806.982630_scanAz_slow.dat,4.0500
results2602/20260209S100807.940258E100807.940258_scanAz_slow.dat,4.2367
results2602/20260209S100808.902917E100808.902917_scanAz_slow.dat,3.9052
results2602/20260209S100809.866264E100809.866264_scanAz_slow.dat,4.0093
results2602/20260209S100810.824492E100810.824492_scanAz_slow.dat,4.2899
results2602/20260209S100811.785848E100811.785848_scanAz_slow.dat,4.1944
results2602/20260209S100812.743135E100812.743135_scanAz_slow.dat,4.1958
results2602/20260209S100813.704660E100813.704660_scanAz_slow.dat,4.1315
results2602/20260209S100814.663156E100814.663156_scanAz_slow.dat,4.1166
results2602/20260209S100815.625288E100815.625288_scanAz_slow.dat,4.1304
results2602/20260209S100816.586137E100816.586137_scanAz_slow.dat,4.0727
results2602/20260209S100817.545227E100817.545227_scanAz_slow.dat,4.3129
results2602/20260209S100818.506837E100818.506837_scanAz_slow.dat,4.1435
results2602/20260209S100819.461427E100819.461427_scanAz_slow.dat,4.1150
results2602/20260209S100820.424008E100820.424008_scanAz_slow.dat,4.0895
results2602/20260209S100821.385096E100821.385096_scanAz_slow.dat,4.1190
results2602/20260209S100822.342188E100822.342188_scanAz_slow.dat,4.2316
results2602/20260209S100823.304753E100823.304753_scanAz_slow.dat,4.0375
results2602/20260209S100824.267144E100824.267144_scanAz_slow.dat,4.1633
results2602/20260209S100825.223579E100825.223579_scanAz_slow.dat,4.0987
results2602/20260209S100826.183693E100826.183693_scanAz_slow.dat,4.1002
results2602/20260209S100827.144270E100827.144270_scanAz_slow.dat,4.1158
results2602/20260209S100828.105218E100828.105218_scanAz_slow.dat,3.9839
results2602/20260209S100829.066739E100829.066739_scanAz_slow.dat,4.2257
results2602/20260209S100830.023041E100830.023041_scanAz_slow.dat,4.3099
results2602/20260209S100830.982190E100830.982190_scanAz_slow.dat,4.2834
results2602/20260209S100831.945359E100831.945359_scanAz_slow.dat,4.3631
results2602/20260209S100832.906622E100832.906622_scanAz_slow.dat,4.1148
results2602/20260209S100833.865803E100833.865803_scanAz_slow.dat,4.3286
results2602/20260209S100834.825146E100834.825146_scanAz_slow.dat,4.1859
results2602/20260209S100835.784204E100835.784204_scanAz_slow.dat,3.9958
results2602/20260209S100836.743594E100836.743594_scanAz_slow.dat,4.0757
results2602/20260209S100837.705273E100837.705273_scanAz_slow.dat,4.1288
results2602/20260209S100838.667554E100838.667554_scanAz_slow.dat,4.1044
results2602/20260209S100839.621821E100839.621821_scanAz_slow.dat,4.1606
results2602/20260209S100840.584329E100840.584329_scanAz_slow.dat,4.4389
results2602/20260209S100841.547940E100841.547940_scanAz_slow.dat,4.1283
results2602/20260209S100842.501966E100842.501966_scanAz_slow.dat,4.2583
results2602/20260209S100843.462587E100843.462587_scanAz_slow.dat,4.1466
results2602/20260209S100844.425753E100844.425753_scanAz_slow.dat,4.2097
results2602/20260209S100845.382649E100845.382649_scanAz_slow.dat,3.9626
results2602/20260209S100846.344464E100846.344464_scanAz_slow.dat,4.2768
results2602/20260209S100847.306406E100847.306406_scanAz_slow.dat,4.1139
results2602/20260209S100848.260891E100848.260891_scanAz_slow.dat,4.0760
results2602/20260209S100849.226061E100849.226061_scanAz_slow.dat,4.2931
results2602/20260209S100850.186554E100850.186554_scanAz_slow.dat,4.2100
results2602/20260209S100851.147199E100851.147199_scanAz_slow.dat,4.2081
results2602/20260209S100852.102576E100852.102576_scanAz_slow.dat,4.2599
results2602/20260209S100853.063111E100853.063111_scanAz_slow.dat,4.4482
results2602/20260209S100854.025817E100854.025817_scanAz_slow.dat,4.0255
results2602/20260209S100854.986334E100854.986334_scanAz_slow.dat,4.0915
results2602/20260209S100855.947606E100855.947606_scanAz_slow.dat,4.2894
results2602/20260209S100856.902475E100856.902475_scanAz_slow.dat,4.1883
results2602/20260209S100857.862930E100857.862930_scanAz_slow.dat,4.3735
results2602/20260209S100858.823491E100858.823491_scanAz_slow.dat,3.9877
results2602/20260209S100859.781907E100859.781907_scanAz_slow.dat,3.9921
results2602/20260209S100900.746459E100900.746459_scanAz_slow.dat,4.3772
results2602/20260209S100901.704130E100901.704130_scanAz_slow.dat,4.1881
results2602/20260209S100902.666021E100902.666021_scanAz_slow.dat,4.3592
results2602/20260209S100903.623600E100903.623600_scanAz_slow.dat,4.4113
results2602/20260209S100904.585124E100904.585124_scanAz_slow.dat,4.3013
results2602/20260209S100905.547575E100905.547575_scanAz_slow.dat,4.1689
results2602/20260209S100906.502725E100906.502725_scanAz_slow.dat,4.2146
results2602/20260209S100907.465883E100907.465883_scanAz_slow.dat,4.0477
results2602/20260209S100908.425821E100908.425821_scanAz_slow.dat,4.0390
results2602/20260209S100909.384025E100909.384025_scanAz_slow.dat,4.2487
results2602/20260209S100910.343790E100910.343790_scanAz_slow.dat,4.3965
results2602/20260209S100911.302442E100911.302442_scanAz_slow.dat,4.2340
results2602/20260209S100912.263206E100912.263206_scanAz_slow.dat,4.2238
results2602/20260209S100913.225670E100913.225670_scanAz_slow.dat,4.1507
results2602/20260209S100914.183619E100914.183619_scanAz_slow.dat,4.0569
results2602/20260209S100915.145303E100915.145303_scanAz_slow.dat,4.0481
results2602/20260209S100916.106144E100916.106144_scanAz_slow.dat,4.0298
results2602/20260209S100917.065251E100917.065251_scanAz_slow.dat,4.1626
results2602/20260209S100918.022982E100918.022982_scanAz_slow.dat,4.0816
results2602/20260209S100918.986993E100918.986993_scanAz_slow.dat,4.1833
results2602/20260209S100919.947751E100919.947751_scanAz_slow.dat,4.2119
results2602/20260209S100920.904518E100920.904518_scanAz_slow.dat,4.2360
results2602/20260209S100921.864246E100921.864246_scanAz_slow.dat,4.2290
results2602/20260209S100922.824956E100922.824956_scanAz_slow.dat,4.1324
results2602/20260209S100923.783704E100923.783704_scanAz_slow.dat,4.1672
results2602/20260209S100924.743024E100924.743024_scanAz_slow.dat,4.2162
results2602/20260209S100925.708182E100925.708182_scanAz_slow.dat,4.1165
results2602/20260209S100926.667368E100926.667368_scanAz_slow.dat,4.0394
results2602/20260209S100927.623696E100927.623696_scanAz_slow.dat,4.1083
results2602/20260209S100928.583230E100928.583230_scanAz_slow.dat,4.0854
results2602/20260209S100929.545495E100929.545495_scanAz_slow.dat,4.2121
results2602/20260209S100930.505969E100930.505969_scanAz_slow.dat,4.0345
results2602/20260209S100931.465980E100931.465980_scanAz_slow.dat,4.2251
results2602/20260209S100932.428686E100932.428686_scanAz_slow.dat,4.2226
results2602/20260209S100933.388060E100933.388060_scanAz_slow.dat,4.1197
results2602/20260209S100934.346951E100934.346951_scanAz_slow.dat,4.2582
results2602/20260209S100935.303840E100935.303840_scanAz_slow.dat,4.0009
results2602/20260209S100936.265141E100936.265141_scanAz_slow.dat,4.0542
results2602/20260209S100937.222933E100937.222933_scanAz_slow.dat,3.9525
results2602/20260209S100938.184216E100938.184216_scanAz_slow.dat,4.0144
results2602/20260209S100939.145072E100939.145072_scanAz_slow.dat,3.9474
results2602/20260209S100940.107090E100940.107090_scanAz_slow.dat,4.2188
results2602/20260209S100941.067238E100941.067238_scanAz_slow.dat,4.2865
results2602/20260209S100942.027721E100942.027721_scanAz_slow.dat,4.3939
results2602/20260209S100942.983726E100942.983726_scanAz_slow.dat,4.2681
results2602/20260209S100943.948296E100943.948296_scanAz_slow.dat,4.4533
results2602/20260209S100944.907535E100944.907535_scanAz_slow.dat,4.2377
results2602/20260209S100945.869582E100945.869582_scanAz_slow.dat,4.3203
results2602/20260209S100946.826132E100946.826132_scanAz_slow.dat,3.9055
results2602/20260209S100947.787952E100947.787952_scanAz_slow.dat,4.1597
results2602/20260209S100948.743272E100948.743272_scanAz_slow.dat,3.9331
results2602/20260209S100949.707303E100949.707303_scanAz_slow.dat,4.3214
results2602/20260209S100950.666082E100950.666082_scanAz_slow.dat,4.3603
results2602/20260209S100951.627338E100951.627338_scanAz_slow.dat,4.3543
results2602/20260209S100952.584366E100952.584366_scanAz_slow.dat,4.4425
results2602/20260209S100953.548097E100953.548097_scanAz_slow.dat,4.0538
results2602/20260209S100954.507569E100954.507569_scanAz_slow.dat,4.1558
results2602/20260209S100955.463793E100955.463793_scanAz_slow.dat,4.1839
results2602/20260209S100956.426736E100956.426736_scanAz_slow.dat,4.3675
results2602/20260209S100957.384108E100957.384108_scanAz_slow.dat,4.1840
results2602/20260209S100958.348015E100958.348015_scanAz_slow.dat,4.1088
results2602/20260209S100959.308155E100959.308155_scanAz_slow.dat,4.1125
results2602/20260209S101000.263387E101000.263387_scanAz_slow.dat,4.1770
results2602/20260209S101001.226323E101001.226323_scanAz_slow.dat,4.2690
results2602/20260209S101002.182023E101002.182023_scanAz_slow.dat,4.0789
results2602/20260209S101003.146233E101003.146233_scanAz_slow.dat,4.1190
results2602/20260209S101004.105414E101004.105414_scanAz_slow.dat,3.9789
results2602/20260209S101005.064128E101005.064128_scanAz_slow.dat,4.1381
results2602/20260209S101006.024574E101006.024574_scanAz_slow.dat,4.1213
results2602/20260209S101006.981922E101006.981922_scanAz_slow.dat,4.1366
results2602/20260209S101007.946292E101007.946292_scanAz_slow.dat,4.1225
results2602/20260209S101008.907646E101008.907646_scanAz_slow.dat,3.9063
results2602/20260209S101009.868166E101009.868166_scanAz_slow.dat,4.2185
results2602/20260209S101010.826591E101010.826591_scanAz_slow.dat,4.1603
results2602/20260209S101011.786474E101011.786474_scanAz_slow.dat,4.2162
results2602/20260209S101012.746403E101012.746403_scanAz_slow.dat,4.1641
results2602/20260209S101013.703986E101013.703986_scanAz_slow.dat,4.2379
results2602/20260209S101014.666256E101014.666256_scanAz_slow.dat,4.0884
results2602/20260209S101015.625096E101015.625096_scanAz_slow.dat,4.1745
results2602/20260209S101016.588333E101016.588333_scanAz_slow.dat,4.4147
results2602/20260209S101017.547668E101017.547668_scanAz_slow.dat,4.3931
results2602/20260209S101018.506839E101018.506839_scanAz_slow.dat,4.1353
results2602/20260209S101019.464286E101019.464286_scanAz_slow.dat,4.3546
results2602/20260209S101020.428203E101020.428203_scanAz_slow.dat,4.2155
results2602/20260209S101021.384445E101021.384445_scanAz_slow.dat,4.4882
results2602/20260209S101022.343848E101022.343848_scanAz_slow.dat,4.1857
results2602/20260209S101023.306354E101023.306354_scanAz_slow.dat,4.1949
results2602/20260209S101024.264024E101024.264024_scanAz_slow.dat,4.2370
results2602/20260209S101025.225965E101025.225965_scanAz_slow.dat,4.0829
results2602/20260209S101026.184203E101026.184203_scanAz_slow.dat,4.1122
results2602/20260209S101027.146189E101027.146189_scanAz_slow.dat,4.2327
results2602/20260209S101028.109170E101028.109170_scanAz_slow.dat,4.1614
results2602/20260209S101029.068208E101029.068208_scanAz_slow.dat,4.2655
results2602/20260209S101030.027412E101030.027412_scanAz_slow.dat,4.1158
results2602/20260209S101030.987024E101030.987024_scanAz_slow.dat,4.2561
results2602/20260209S101031.946522E101031.946522_scanAz_slow.dat,4.2168
results2602/20260209S101032.908543E101032.908543_scanAz_slow.dat,4.2153
results2602/20260209S101033.868202E101033.868202_scanAz_slow.dat,4.2406
results2602/20260209S101034.824139E101034.824139_scanAz_slow.dat,4.3202
results2602/20260209S101035.786382E101035.786382_scanAz_slow.dat,4.1164
results2602/20260209S101036.748801E101036.748801_scanAz_slow.dat,4.1394
results2602/20260209S101037.708268E101037.708268_scanAz_slow.dat,4.3454
results2602/20260209S101038.664409E101038.664409_scanAz_slow.dat,4.1737
results2602/20260209S101039.624270E101039.624270_scanAz_slow.dat,4.3203
results2602/20260209S101040.587050E101040.587050_scanAz_slow.dat,4.1183
results2602/20260209S101041.548518E101041.548518_scanAz_slow.dat,4.0892
results2602/20260209S101042.504160E101042.504160_scanAz_slow.dat,4.0705
results2602/20260209S101043.468546E101043.468546_scanAz_slow.dat,4.2829
results2602/20260209S101044.423963E101044.423963_scanAz_slow.dat,3.9615
results2602/20260209S101045.386027E101045.386027_scanAz_slow.dat,3.9816
results2602/20260209S101046.345350E101046.345350_scanAz_slow.dat,4.0442
results2602/20260209S101047.307983E101047.307983_scanAz_slow.dat,4.0702
results2602/20260209S101048.265393E101048.265393_scanAz_slow.dat,4.1858
results2602/20260209S101049.226805E101049.226805_scanAz_slow.dat,4.1261
results2602/20260209S101050.189091E101050.189091_scanAz_slow.dat,4.1874
results2602/20260209S101051.148209E101051.148209_scanAz_slow.dat,4.2115
results2602/20260209S101052.104335E101052.104335_scanAz_slow.dat,4.1164
results2602/20260209S101053.068267E101053.068267_scanAz_slow.dat,4.2736
results2602/20260209S101054.022800E101054.022800_scanAz_slow.dat,4.3516
results2602/20260209S101054.988198E101054.988198_scanAz_slow.dat,4.3070
results2602/20260209S101055.948407E101055.948407_scanAz_slow.dat,4.1592
results2602/20260209S101056.904381E101056.904381_scanAz_slow.dat,4.2618
results2602/20260209S101057.866974E101057.866974_scanAz_slow.dat,4.3147
results2602/20260209S101058.822861E101058.822861_scanAz_slow.dat,4.1213
results2602/20260209S101059.787234E101059.787234_scanAz_slow.dat,4.1291
results2602/20260209S101100.746984E101100.746984_scanAz_slow.dat,4.1521
results2602/20260209S101101.707656E101101.707656_scanAz_slow.dat,4.1929
results2602/20260209S101102.665742E101102.665742_scanAz_slow.dat,4.2712
results2602/20260209S101103.625536E101103.625536_scanAz_slow.dat,4.2920
results2602/20260209S101104.587818E101104.587818_scanAz_slow.dat,4.0835
results2602/20260209S101105.544611E101105.544611_scanAz_slow.dat,3.9876
results2602/20260209S101106.507768E101106.507768_scanAz_slow.dat,4.0974
results2602/20260209S101107.464204E101107.464204_scanAz_slow.dat,4.3200
results2602/20260209S101108.426104E101108.426104_scanAz_slow.dat,4.2016
results2602/20260209S101109.387412E101109.387412_scanAz_slow.dat,4.1278
results2602/20260209S101110.349575E101110.349575_scanAz_slow.dat,4.2363
results2602/20260209S101111.307141E101111.307141_scanAz_slow.dat,4.0054
results2602/20260209S101112.267749E101112.267749_scanAz_slow.dat,4.2966
results2602/20260209S101113.226425E101113.226425_scanAz_slow.dat,4.2800
results2602/20260209S101114.187060E101114.187060_scanAz_slow.dat,4.2041
results2602/20260209S101115.144639E101115.144639_scanAz_slow.dat,4.1866
results2602/20260209S101116.107212E101116.107212_scanAz_slow.dat,4.0851
results2602/20260209S101117.067581E101117.067581_scanAz_slow.dat,4.0548
results2602/20260209S101118.025996E101118.025996_scanAz_slow.dat,4.2199
results2602/20260209S101118.987835E101118.987835_scanAz_slow.dat,4.2554
results2602/20260209S101119.948153E101119.948153_scanAz_slow.dat,4.1802
results2602/20260209S101120.904822E101120.904822_scanAz_slow.dat,3.9618
results2602/20260209S101121.869104E101121.869104_scanAz_slow.dat,4.3140
results2602/20260209S101122.828466E101122.828466_scanAz_slow.dat,4.1158
results2602/20260209S101123.785356E101123.785356_scanAz_slow.dat,3.9445
results2602/20260209S101124.752091E101124.752091_scanAz_slow.dat,4.1830
results2602/20260209S101125.705477E101125.705477_scanAz_slow.dat,4.0376
results2602/20260209S101126.665398E101126.665398_scanAz_slow.dat,4.0828
results2602/20260209S101127.627529E101127.627529_scanAz_slow.dat,4.2554
results2602/20260209S101128.589370E101128.589370_scanAz_slow.dat,4.2403
results2602/20260209S101129.546521E101129.546521_scanAz_slow.dat,4.3248
results2602/20260209S101130.504223E101130.504223_scanAz_slow.dat,4.2752
results2602/20260209S101131.470837E101131.470837_scanAz_slow.dat,4.0770
results2602/20260209S101132.426008E101132.426008_scanAz_slow.dat,4.3572
results2602/20260209S101133.385853E101133.385853_scanAz_slow.dat,4.1818
results2602/20260209S101134.345834E101134.345834_scanAz_slow.dat,4.1602
results2602/20260209S101135.307363E101135.307363_scanAz_slow.dat,4.4076
results2602/20260209S101136.265228E101136.265228_scanAz_slow.dat,4.1556
results2602/20260209S101137.227413E101137.227413_scanAz_slow.dat,4.2505
results2602/20260209S101138.187822E101138.187822_scanAz_slow.dat,4.1022
results2602/20260209S101139.144988E101139.144988_scanAz_slow.dat,4.3265
results2602/20260209S101140.104881E101140.104881_scanAz_slow.dat,4.1826
results2602/20260209S101141.064389E101141.064389_scanAz_slow.dat,3.9092
results2602/20260209S101142.025930E101142.025930_scanAz_slow.dat,4.1716
results2602/20260209S101142.988559E101142.988559_scanAz_slow.dat,4.0120
results2602/20260209S101143.949671E101143.949671_scanAz_slow.dat,4.1189
results2602/20260209S101144.905712E101144.905712_scanAz_slow.dat,4.2946
results2602/20260209S101145.868285E101145.868285_scanAz_slow.dat,4.3064
results2602/20260209S101146.828108E101146.828108_scanAz_slow.dat,3.9891
results2602/20260209S101147.787789E101147.787789_scanAz_slow.dat,4.2553
results2602/20260209S101148.749518E101148.749518_scanAz_slow.dat,4.3503
results2602/20260209S101149.709025E101149.709025_scanAz_slow.dat,4.3310
results2602/20260209S101150.665097E101150.665097_scanAz_slow.dat,4.2894
results2602/20260209S101151.626468E101151.626468_scanAz_slow.dat,4.0444
results2602/20260209S101152.589288E101152.589288_scanAz_slow.dat,4.0590
results2602/20260209S101153.549755E101153.549755_scanAz_slow.dat,4.0179
results2602/20260209S101154.507992E101154.507992_scanAz_slow.dat,4.1718
results2602/20260209S101155.469338E101155.469338_scanAz_slow.dat,4.3274
results2602/20260209S101156.429933E101156.429933_scanAz_slow.dat,4.2892
results2602/20260209S101157.385719E101157.385719_scanAz_slow.dat,4.2425
results2602/20260209S101158.346397E101158.346397_scanAz_slow.dat,3.9467
results2602/20260209S101159.310001E101159.310001_scanAz_slow.dat,4.0869
results2602/20260209S101200.265503E101200.265503_scanAz_slow.dat,4.2992
results2602/20260209S101201.224939E101201.224939_scanAz_slow.dat,4.2568
results2602/20260209S101202.188478E101202.188478_scanAz_slow.dat,4.3287
results2602/20260209S101203.149728E101203.149728_scanAz_slow.dat,4.2345
results2602/20260209S101204.106180E101204.106180_scanAz_slow.dat,4.0567
results2602/20260209S101205.068058E101205.068058_scanAz_slow.dat,4.2223
results2602/20260209S101206.023869E101206.023869_scanAz_slow.dat,4.0588
results2602/20260209S101206.988520E101206.988520_scanAz_slow.dat,4.0803
results2602/20260209S101207.943995E101207.943995_scanAz_slow.dat,3.9819
results2602/20260209S101208.906394E101208.906394_scanAz_slow.dat,4.2220
results2602/20260209S101209.869016E101209.869016_scanAz_slow.dat,4.2699
results2602/20260209S101210.825619E101210.825619_scanAz_slow.dat,4.3505
results2602/20260209S101211.788052E101211.788052_scanAz_slow.dat,4.1659
results2602/20260209S101212.748866E101212.748866_scanAz_slow.dat,4.0217
results2602/20260209S101213.705800E101213.705800_scanAz_slow.dat,4.3347
results2602/20260209S101214.669992E101214.669992_scanAz_slow.dat,4.1312
results2602/20260209S101215.629047E101215.629047_scanAz_slow.dat,4.3272
results2602/20260209S101216.585207E101216.585207_scanAz_slow.dat,4.1378
results2602/20260209S101217.546815E101217.546815_scanAz_slow.dat,3.9223
results2602/20260209S101218.508228E101218.508228_scanAz_slow.dat,4.1545
results2602/20260209S101219.468569E101219.468569_scanAz_slow.dat,4.2404
results2602/20260209S101220.428372E101220.428372_scanAz_slow.dat,4.4724
results2602/20260209S101221.383738E101221.383738_scanAz_slow.dat,4.0296
results2602/20260209S101222.346970E101222.346970_scanAz_slow.dat,4.3502
results2602/20260209S101223.308778E101223.308778_scanAz_slow.dat,3.9089
results2602/20260209S101224.268598E101224.268598_scanAz_slow.dat,4.1494
results2602/20260209S101225.226945E101225.226945_scanAz_slow.dat,4.1775
results2602/20260209S101226.188175E101226.188175_scanAz_slow.dat,4.2877
results2602/20260209S101227.146364E101227.146364_scanAz_slow.dat,4.3128
results2602/20260209S101228.108496E101228.108496_scanAz_slow.dat,4.2118
results2602/20260209S101229.068007E101229.068007_scanAz_slow.dat,3.8889
results2602/20260209S101230.025769E101230.025769_scanAz_slow.dat,4.2116
results2602/20260209S101230.989648E101230.989648_scanAz_slow.dat,4.4208
results2602/20260209S101231.947616E101231.947616_scanAz_slow.dat,4.3726
results2602/20260209S101232.909716E101232.909716_scanAz_slow.dat,4.2411
results2602/20260209S101233.870339E101233.870339_scanAz_slow.dat,3.9859
results2602/20260209S101234.827343E101234.827343_scanAz_slow.dat,4.2892
results2602/20260209S101235.783804E101235.783804_scanAz_slow.dat,4.0476
results2602/20260209S101236.743895E101236.743895_scanAz_slow.dat,4.1860
results2602/20260209S101237.705530E101237.705530_scanAz_slow.dat,4.1828
results2602/20260209S101238.667377E101238.667377_scanAz_slow.dat,4.3213
results2602/20260209S101239.628226E101239.628226_scanAz_slow.dat,4.0087
results2602/20260209S101240.588171E101240.588171_scanAz_slow.dat,4.0954
results2602/20260209S101241.549177E101241.549177_scanAz_slow.dat,4.0876
results2602/20260209S101242.504244E101242.504244_scanAz_slow.dat,4.1179
results2602/20260209S101243.469387E101243.469387_scanAz_slow.dat,4.0829
results2602/20260209S101244.423916E101244.423916_scanAz_slow.dat,4.3177
results2602/20260209S101245.383762E101245.383762_scanAz_slow.dat,4.2780
results2602/20260209S101246.348969E101246.348969_scanAz_slow.dat,4.2135
results2602/20260209S101247.310315E101247.310315_scanAz_slow.dat,4.2543
results2602/20260209S101248.264022E101248.264022_scanAz_slow.dat,4.2162
results2602/20260209S101249.230344E101249.230344_scanAz_slow.dat,4.0008
results2602/20260209S101250.189612E101250.189612_scanAz_slow.dat,4.2667
results2602/20260209S101251.145321E101251.145321_scanAz_slow.dat,4.1854
results2602/20260209S101252.108594E101252.108594_scanAz_slow.dat,4.1338
results2602/20260209S101253.068738E101253.068738_scanAz_slow.dat,4.2354
results2602/20260209S101254.028724E101254.028724_scanAz_slow.dat,4.2944
results2602/20260209S101254.985779E101254.985779_scanAz_slow.dat,4.2073
results2602/20260209S101255.949227E101255.949227_scanAz_slow.dat,4.3096
results2602/20260209S101256.910327E101256.910327_scanAz_slow.dat,4.2597
results2602/20260209S101257.865186E101257.865186_scanAz_slow.dat,4.1966
results2602/20260209S101258.827960E101258.827960_scanAz_slow.dat,4.0261
results2602/20260209S101259.786445E101259.786445_scanAz_slow.dat,4.2046
results2602/20260209S101300.747828E101300.747828_scanAz_slow.dat,4.1530
results2602/20260209S101301.709202E101301.709202_scanAz_slow.dat,4.3330
results2602/20260209S101302.668700E101302.668700_scanAz_slow.dat,4.3730
results2602/20260209S101303.631012E101303.631012_scanAz_slow.dat,4.0818
results2602/20260209S101304.590483E101304.590483_scanAz_slow.dat,4.2939
results2602/20260209S101305.546306E101305.546306_scanAz_slow.dat,4.0107
results2602/20260209S101306.508813E101306.508813_scanAz_slow.dat,4.2995
results2602/20260209S101307.468096E101307.468096_scanAz_slow.dat,4.1802
results2602/20260209S101308.430888E101308.430888_scanAz_slow.dat,4.1786
results2602/20260209S101309.386121E101309.386121_scanAz_slow.dat,4.2356
results2602/20260209S101310.347796E101310.347796_scanAz_slow.dat,4.2593
results2602/20260209S101311.307954E101311.307954_scanAz_slow.dat,4.1653
results2602/20260209S101312.268964E101312.268964_scanAz_slow.dat,4.3745
results2602/20260209S101313.230221E101313.230221_scanAz_slow.dat,4.0038
results2602/20260209S101314.190925E101314.190925_scanAz_slow.dat,4.1416
results2602/20260209S101315.148015E101315.148015_scanAz_slow.dat,4.1169
results2602/20260209S101316.109337E101316.109337_scanAz_slow.dat,4.2266
results2602/20260209S101317.070930E101317.070930_scanAz_slow.dat,4.5018
results2602/20260209S101318.028088E101318.028088_scanAz_slow.dat,4.2555
results2602/20260209S101318.985224E101318.985224_scanAz_slow.dat,4.0939
results2602/20260209S101319.949446E101319.949446_scanAz_slow.dat,3.9647
results2602/20260209S101320.911725E101320.911725_scanAz_slow.dat,4.1468
results2602/20260209S101321.867959E101321.867959_scanAz_slow.dat,4.4182
results2602/20260209S101322.828995E101322.828995_scanAz_slow.dat,4.2719
results2602/20260209S101323.787008E101323.787008_scanAz_slow.dat,4.2645
results2602/20260209S101324.749205E101324.749205_scanAz_slow.dat,4.1772
results2602/20260209S101325.709386E101325.709386_scanAz_slow.dat,4.2701
results2602/20260209S101326.670092E101326.670092_scanAz_slow.dat,4.1569
results2602/20260209S101327.631731E101327.631731_scanAz_slow.dat,4.1438
results2602/20260209S101328.588611E101328.588611_scanAz_slow.dat,4.0003
results2602/20260209S101329.551270E101329.551270_scanAz_slow.dat,4.0973
results2602/20260209S101330.508721E101330.508721_scanAz_slow.dat,4.3320
results2602/20260209S101331.469251E101331.469251_scanAz_slow.dat,4.1374
results2602/20260209S101332.430002E101332.430002_scanAz_slow.dat,4.1963
results2602/20260209S101333.390236E101333.390236_scanAz_slow.dat,4.1886
results2602/20260209S101334.350469E101334.350469_scanAz_slow.dat,4.1763
results2602/20260209S101335.305019E101335.305019_scanAz_slow.dat,4.2211
results2602/20260209S101336.269003E101336.269003_scanAz_slow.dat,4.1441
results2602/20260209S101337.229356E101337.229356_scanAz_slow.dat,4.1426
results2602/20260209S101338.191183E101338.191183_scanAz_slow.dat,4.3133
results2602/20260209S101339.147237E101339.147237_scanAz_slow.dat,4.2863
results2602/20260209S101340.109737E101340.109737_scanAz_slow.dat,4.3005
results2602/20260209S101341.070603E101341.070603_scanAz_slow.dat,4.2159
results2602/20260209S101342.030862E101342.030862_scanAz_slow.dat,4.1595
results2602/20260209S101342.986977E101342.986977_scanAz_slow.dat,4.0123
results2602/20260209S101343.949658E101343.949658_scanAz_slow.dat,4.3012
results2602/20260209S101344.910649E101344.910649_scanAz_slow.dat,4.1629
results2602/20260209S101345.870540E101345.870540_scanAz_slow.dat,4.2649
results2602/20260209S101346.830936E101346.830936_scanAz_slow.dat,4.2093
results2602/20260209S101347.786878E101347.786878_scanAz_slow.dat,4.2186
results2602/20260209S101348.750495E101348.750495_scanAz_slow.dat,4.2956
results2602/20260209S101349.708327E101349.708327_scanAz_slow.dat,4.2984
results2602/20260209S101350.671121E101350.671121_scanAz_slow.dat,4.2014
results2602/20260209S101351.630353E101351.630353_scanAz_slow.dat,4.4061
results2602/20260209S101352.591265E101352.591265_scanAz_slow.dat,4.1896
results2602/20260209S101353.546573E101353.546573_scanAz_slow.dat,4.0780
results2602/20260209S101354.505559E101354.505559_scanAz_slow.dat,4.0342
results2602/20260209S101355.467502E101355.467502_scanAz_slow.dat,4.3518
results2602/20260209S101356.429433E101356.429433_scanAz_slow.dat,4.2841
results2602/20260209S101357.388498E101357.388498_scanAz_slow.dat,4.2400
results2602/20260209S101358.350315E101358.350315_scanAz_slow.dat,4.0875
results2602/20260209S101359.306459E101359.306459_scanAz_slow.dat,4.2090
results2602/20260209S101400.269246E101400.269246_scanAz_slow.dat,4.2471
results2602/20260209S101401.229415E101401.229415_scanAz_slow.dat,4.2004
results2602/20260209S101402.191174E101402.191174_scanAz_slow.dat,4.1467
results2602/20260209S101403.152132E101403.152132_scanAz_slow.dat,4.0913
results2602/20260209S101404.109024E101404.109024_scanAz_slow.dat,4.2929
results2602/20260209S101405.064927E101405.064927_scanAz_slow.dat,4.2362
results2602/20260209S101406.030731E101406.030731_scanAz_slow.dat,4.1780
results2602/20260209S101406.989931E101406.989931_scanAz_slow.dat,4.1063
results2602/20260209S101407.951116E101407.951116_scanAz_slow.dat,4.3691
results2602/20260209S101408.905248E101408.905248_scanAz_slow.dat,4.2189
results2602/20260209S101409.866696E101409.866696_scanAz_slow.dat,4.0745
results2602/20260209S101410.829241E101410.829241_scanAz_slow.dat,4.0846
results2602/20260209S101411.789734E101411.789734_scanAz_slow.dat,4.1518
results2602/20260209S101412.748631E101412.748631_scanAz_slow.dat,4.2560
results2602/20260209S101413.705261E101413.705261_scanAz_slow.dat,4.1970
results2602/20260209S101414.665502E101414.665502_scanAz_slow.dat,4.0561
results2602/20260209S101415.630645E101415.630645_scanAz_slow.dat,4.0090
results2602/20260209S101416.587521E101416.587521_scanAz_slow.dat,4.2114
results2602/20260209S101417.549707E101417.549707_scanAz_slow.dat,4.2190
results2602/20260209S101418.509759E101418.509759_scanAz_slow.dat,4.0923
results2602/20260209S101419.470997E101419.470997_scanAz_slow.dat,4.2747
results2602/20260209S101420.426885E101420.426885_scanAz_slow.dat,4.0098
results2602/20260209S101421.388724E101421.388724_scanAz_slow.dat,4.1808
results2602/20260209S101422.350221E101422.350221_scanAz_slow.dat,4.0697
results2602/20260209S101423.311706E101423.311706_scanAz_slow.dat,4.4313
results2602/20260209S101424.269745E101424.269745_scanAz_slow.dat,4.2558
results2602/20260209S101425.231215E101425.231215_scanAz_slow.dat,4.2291
results2602/20260209S101426.192133E101426.192133_scanAz_slow.dat,4.1949
results2602/20260209S101427.149633E101427.149633_scanAz_slow.dat,4.2571
results2602/20260209S101428.111370E101428.111370_scanAz_slow.dat,4.0951
results2602/20260209S101429.068213E101429.068213_scanAz_slow.dat,4.3195
results2602/20260209S101430.029821E101430.029821_scanAz_slow.dat,4.1814
results2602/20260209S101430.989516E101430.989516_scanAz_slow.dat,4.1394
results2602/20260209S101431.949938E101431.949938_scanAz_slow.dat,4.3845
results2602/20260209S101432.909961E101432.909961_scanAz_slow.dat,4.3387
results2602/20260209S101433.871386E101433.871386_scanAz_slow.dat,4.2825
results2602/20260209S101434.826029E101434.826029_scanAz_slow.dat,4.0816
results2602/20260209S101435.789162E101435.789162_scanAz_slow.dat,4.1116
results2602/20260209S101436.748594E101436.748594_scanAz_slow.dat,4.0023
results2602/20260209S101437.711462E101437.711462_scanAz_slow.dat,4.2729
results2602/20260209S101438.667718E101438.667718_scanAz_slow.dat,4.1912
results2602/20260209S101439.631806E101439.631806_scanAz_slow.dat,4.0229
results2602/20260209S101440.592181E101440.592181_scanAz_slow.dat,4.1586
results2602/20260209S101441.548266E101441.548266_scanAz_slow.dat,4.1134
results2602/20260209S101442.510394E101442.510394_scanAz_slow.dat,4.1461
results2602/20260209S101443.469420E101443.469420_scanAz_slow.dat,4.1742
results2602/20260209S101444.430028E101444.430028_scanAz_slow.dat,4.2847
results2602/20260209S101445.389789E101445.389789_scanAz_slow.dat,4.3682
results2602/20260209S101446.348152E101446.348152_scanAz_slow.dat,4.2725
results2602/20260209S101447.312129E101447.312129_scanAz_slow.dat,4.4529
results2602/20260209S101448.267791E101448.267791_scanAz_slow.dat,4.0856
results2602/20260209S101449.227950E101449.227950_scanAz_slow.dat,4.2444
results2602/20260209S101450.189672E101450.189672_scanAz_slow.dat,4.0993
results2602/20260209S101451.149896E101451.149896_scanAz_slow.dat,4.1241
results2602/20260209S101452.111977E101452.111977_scanAz_slow.dat,4.0583
results2602/20260209S101453.067362E101453.067362_scanAz_slow.dat,4.1164
results2602/20260209S101454.029466E101454.029466_scanAz_slow.dat,4.4021
results2602/20260209S101454.995183E101454.995183_scanAz_slow.dat,4.3200
results2602/20260209S101455.949906E101455.949906_scanAz_slow.dat,4.4182
results2602/20260209S101456.911385E101456.911385_scanAz_slow.dat,4.3310
results2602/20260209S101457.870198E101457.870198_scanAz_slow.dat,4.3502
results2602/20260209S101458.830765E101458.830765_scanAz_slow.dat,4.2393
results2602/20260209S101459.791696E101459.791696_scanAz_slow.dat,4.1417
results2602/20260209S101500.749288E101500.749288_scanAz_slow.dat,4.1860
results2602/20260209S101501.709775E101501.709775_scanAz_slow.dat,4.0680
results2602/20260209S101502.668313E101502.668313_scanAz_slow.dat,4.1556
results2602/20260209S101503.634248E101503.634248_scanAz_slow.dat,4.1554
results2602/20260209S101504.591780E101504.591780_scanAz_slow.dat,4.2328
results2602/20260209S101505.552368E101505.552368_scanAz_slow.dat,4.2272
results2602/20260209S101506.512195E101506.512195_scanAz_slow.dat,4.0471
results2602/20260209S101507.469719E101507.469719_scanAz_slow.dat,4.2255
results2602/20260209S101508.432169E101508.432169_scanAz_slow.dat,4.1831
results2602/20260209S101509.390808E101509.390808_scanAz_slow.dat,4.0163
results2602/20260209S101510.350465E101510.350465_scanAz_slow.dat,4.1326
results2602/20260209S101511.312567E101511.312567_scanAz_slow.dat,4.2108
results2602/20260209S101512.269634E101512.269634_scanAz_slow.dat,4.1709
results2602/20260209S101513.230052E101513.230052_scanAz_slow.dat,3.9109
results2602/20260209S101514.188062E101514.188062_scanAz_slow.dat,4.2105
results2602/20260209S101515.149951E101515.149951_scanAz_slow.dat,4.3641
results2602/20260209S101516.110487E101516.110487_scanAz_slow.dat,4.1408
results2602/20260209S101517.068424E101517.068424_scanAz_slow.dat,4.1240
results2602/20260209S101518.036848E101518.036848_scanAz_slow.dat,4.0356
results2602/20260209S101518.988464E101518.988464_scanAz_slow.dat,3.9743
results2602/20260209S101519.949531E101519.949531_scanAz_slow.dat,4.1238
results2602/20260209S101520.911741E101520.911741_scanAz_slow.dat,4.2976
results2602/20260209S101521.868305E101521.868305_scanAz_slow.dat,4.2856
results2602/20260209S101522.832327E101522.832327_scanAz_slow.dat,4.1985
results2602/20260209S101523.788457E101523.788457_scanAz_slow.dat,4.1189
results2602/20260209S101524.748538E101524.748538_scanAz_slow.dat,4.1803
results2602/20260209S101525.710729E101525.710729_scanAz_slow.dat,4.1508
results2602/20260209S101526.672512E101526.672512_scanAz_slow.dat,4.1850
results2602/20260209S101527.632192E101527.632192_scanAz_slow.dat,4.1587
results2602/20260209S101528.589463E101528.589463_scanAz_slow.dat,4.0954
results2602/20260209S101529.549717E101529.549717_scanAz_slow.dat,4.0644
results2602/20260209S101530.509344E101530.509344_scanAz_slow.dat,4.2430
results2602/20260209S101531.469886E101531.469886_scanAz_slow.dat,4.1648
results2602/20260209S101532.427853E101532.427853_scanAz_slow.dat,4.2033
results2602/20260209S101533.390134E101533.390134_scanAz_slow.dat,4.3240
results2602/20260209S101534.349849E101534.349849_scanAz_slow.dat,3.9770
results2602/20260209S101535.308449E101535.308449_scanAz_slow.dat,4.1735
results2602/20260209S101536.268259E101536.268259_scanAz_slow.dat,4.2988
results2602/20260209S101537.229259E101537.229259_scanAz_slow.dat,3.9669
results2602/20260209S101538.190515E101538.190515_scanAz_slow.dat,4.2005
results2602/20260209S101539.150163E101539.150163_scanAz_slow.dat,4.3626
results2602/20260209S101540.109072E101540.109072_scanAz_slow.dat,4.1935
results2602/20260209S101541.071134E101541.071134_scanAz_slow.dat,4.1717
results2602/20260209S101542.030490E101542.030490_scanAz_slow.dat,4.1056
results2602/20260209S101542.992721E101542.992721_scanAz_slow.dat,3.9395
results2602/20260209S101543.948652E101543.948652_scanAz_slow.dat,4.0783
results2602/20260209S101544.908943E101544.908943_scanAz_slow.dat,4.1626
results2602/20260209S101545.869749E101545.869749_scanAz_slow.dat,4.2581
results2602/20260209S101546.828554E101546.828554_scanAz_slow.dat,4.0494
results2602/20260209S101547.791129E101547.791129_scanAz_slow.dat,4.3693
results2602/20260209S101548.748836E101548.748836_scanAz_slow.dat,4.1132
results2602/20260209S101549.709864E101549.709864_scanAz_slow.dat,4.3083
results2602/20260209S101550.672722E101550.672722_scanAz_slow.dat,4.4194
results2602/20260209S101551.628090E101551.628090_scanAz_slow.dat,4.1762
results2602/20260209S101552.592545E101552.592545_scanAz_slow.dat,4.1122
results2602/20260209S101553.550193E101553.550193_scanAz_slow.dat,4.2866
results2602/20260209S101554.512569E101554.512569_scanAz_slow.dat,4.3680
results2602/20260209S101555.473000E101555.473000_scanAz_slow.dat,4.1589
results2602/20260209S101556.428956E101556.428956_scanAz_slow.dat,4.1060
results2602/20260209S101557.391146E101557.391146_scanAz_slow.dat,4.2460
results2602/20260209S101558.351701E101558.351701_scanAz_slow.dat,4.3418
results2602/20260209S101559.312378E101559.312378_scanAz_slow.dat,4.1624
results2602/20260209S101600.268790E101600.268790_scanAz_slow.dat,4.1526
results2602/20260209S101601.229881E101601.229881_scanAz_slow.dat,4.0877
results2602/20260209S101602.191080E101602.191080_scanAz_slow.dat,4.1939
results2602/20260209S101603.152427E101603.152427_scanAz_slow.dat,4.2487
results2602/20260209S101604.112812E101604.112812_scanAz_slow.dat,4.0201
results2602/20260209S101605.073180E101605.073180_scanAz_slow.dat,4.2165
results2602/20260209S101606.031436E101606.031436_scanAz_slow.dat,4.1355
results2602/20260209S101606.991078E101606.991078_scanAz_slow.dat,4.0430
results2602/20260209S101607.953573E101607.953573_scanAz_slow.dat,4.1787
results2602/20260209S101608.911321E101608.911321_scanAz_slow.dat,4.1398
results2602/20260209S101609.870527E101609.870527_scanAz_slow.dat,4.0511
results2602/20260209S101610.829709E101610.829709_scanAz_slow.dat,4.2722
results2602/20260209S101611.793014E101611.793014_scanAz_slow.dat,4.1764
results2602/20260209S101612.750283E101612.750283_scanAz_slow.dat,4.2664
results2602/20260209S101613.709743E101613.709743_scanAz_slow.dat,4.1901
results2602/20260209S101614.673324E101614.673324_scanAz_slow.dat,4.1244
results2602/20260209S101615.633383E101615.633383_scanAz_slow.dat,4.2463
results2602/20260209S101616.588412E101616.588412_scanAz_slow.dat,4.1387
results2602/20260209S101617.549743E101617.549743_scanAz_slow.dat,4.2315
results2602/20260209S101618.521522E101618.521522_scanAz_slow.dat,4.1195
results2602/20260209S101619.471522E101619.471522_scanAz_slow.dat,4.0453
results2602/20260209S101620.432362E101620.432362_scanAz_slow.dat,4.0498
results2602/20260209S101621.391682E101621.391682_scanAz_slow.dat,4.1569
results2602/20260209S101622.349227E101622.349227_scanAz_slow.dat,4.2273
results2602/20260209S101623.311817E101623.311817_scanAz_slow.dat,4.1552
results2602/20260209S101624.269320E101624.269320_scanAz_slow.dat,4.2016
results2602/20260209S101625.229179E101625.229179_scanAz_slow.dat,4.0867
results2602/20260209S101626.190550E101626.190550_scanAz_slow.dat,4.1909
results2602/20260209S101627.148562E101627.148562_scanAz_slow.dat,4.1394
results2602/20260209S101628.111182E101628.111182_scanAz_slow.dat,4.3072
results2602/20260209S101629.069163E101629.069163_scanAz_slow.dat,4.0529
results2602/20260209S101630.029086E101630.029086_scanAz_slow.dat,4.2690
results2602/20260209S101630.990319E101630.990319_scanAz_slow.dat,4.1445
results2602/20260209S101631.951320E101631.951320_scanAz_slow.dat,4.0871
results2602/20260209S101632.909472E101632.909472_scanAz_slow.dat,4.2403
results2602/20260209S101633.869498E101633.869498_scanAz_slow.dat,4.3298
results2602/20260209S101634.829663E101634.829663_scanAz_slow.dat,4.2024
results2602/20260209S101635.791268E101635.791268_scanAz_slow.dat,4.2681
results2602/20260209S101636.752006E101636.752006_scanAz_slow.dat,4.3167
results2602/20260209S101637.713332E101637.713332_scanAz_slow.dat,3.9397
results2602/20260209S101638.669459E101638.669459_scanAz_slow.dat,4.1803
results2602/20260209S101639.633323E101639.633323_scanAz_slow.dat,4.2566
results2602/20260209S101640.593308E101640.593308_scanAz_slow.dat,4.1657
results2602/20260209S101641.551235E101641.551235_scanAz_slow.dat,4.3355
results2602/20260209S101642.512466E101642.512466_scanAz_slow.dat,4.2575
results2602/20260209S101643.474880E101643.474880_scanAz_slow.dat,4.1112
results2602/20260209S101644.429244E101644.429244_scanAz_slow.dat,4.3260
results2602/20260209S101645.388030E101645.388030_scanAz_slow.dat,4.0027
results2602/20260209S101646.349207E101646.349207_scanAz_slow.dat,4.2627
results2602/20260209S101647.311683E101647.311683_scanAz_slow.dat,4.0849
results2602/20260209S101648.271613E101648.271613_scanAz_slow.dat,4.0259
results2602/20260209S101649.233180E101649.233180_scanAz_slow.dat,4.2188
results2602/20260209S101650.191386E101650.191386_scanAz_slow.dat,4.2748
results2602/20260209S101651.151976E101651.151976_scanAz_slow.dat,4.1209
results2602/20260209S101652.112118E101652.112118_scanAz_slow.dat,4.0998
results2602/20260209S101653.073125E101653.073125_scanAz_slow.dat,4.1748
results2602/20260209S101654.030944E101654.030944_scanAz_slow.dat,3.9771
results2602/20260209S101654.992233E101654.992233_scanAz_slow.dat,3.9931
results2602/20260209S101655.949479E101655.949479_scanAz_slow.dat,4.2495
results2602/20260209S101656.912763E101656.912763_scanAz_slow.dat,4.2658
results2602/20260209S101657.870448E101657.870448_scanAz_slow.dat,4.3553
results2602/20260209S101658.832225E101658.832225_scanAz_slow.dat,4.3517
results2602/20260209S101659.792046E101659.792046_scanAz_slow.dat,4.1614
results2602/20260209S101700.752125E101700.752125_scanAz_slow.dat,4.0730
results2602/20260209S101701.712329E101701.712329_scanAz_slow.dat,3.9579
results2602/20260209S101702.672956E101702.672956_scanAz_slow.dat,4.0860
results2602/20260209S101703.629783E101703.629783_scanAz_slow.dat,4.1748
results2602/20260209S101704.593156E101704.593156_scanAz_slow.dat,4.1878
results2602/20260209S101705.549717E101705.549717_scanAz_slow.dat,4.1275
results2602/20260209S101706.509377E101706.509377_scanAz_slow.dat,4.2670
results2602/20260209S101707.469549E101707.469549_scanAz_slow.dat,4.4294
results2602/20260209S101708.431947E101708.431947_scanAz_slow.dat,4.2909
results2602/20260209S101709.394169E101709.394169_scanAz_slow.dat,4.2437
results2602/20260209S101710.350198E101710.350198_scanAz_slow.dat,4.2315
results2602/20260209S101711.311896E101711.311896_scanAz_slow.dat,4.4024
results2602/20260209S101712.269456E101712.269456_scanAz_slow.dat,4.1834
results2602/20260209S101713.232009E101713.232009_scanAz_slow.dat,4.0475
results2602/20260209S101714.192897E101714.192897_scanAz_slow.dat,4.0464
results2602/20260209S101715.151168E101715.151168_scanAz_slow.dat,4.3995
results2602/20260209S101716.112718E101716.112718_scanAz_slow.dat,4.2924
results2602/20260209S101717.070521E101717.070521_scanAz_slow.dat,4.3541
results2602/20260209S101718.030680E101718.030680_scanAz_slow.dat,4.0632
results2602/20260209S101718.992280E101718.992280_scanAz_slow.dat,4.3674
results2602/20260209S101719.953623E101719.953623_scanAz_slow.dat,4.2243
results2602/20260209S101720.911804E101720.911804_scanAz_slow.dat,4.1906
results2602/20260209S101721.873392E101721.873392_scanAz_slow.dat,4.1621
results2602/20260209S101722.831314E101722.831314_scanAz_slow.dat,4.1583
results2602/20260209S101723.791754E101723.791754_scanAz_slow.dat,4.2880
results2602/20260209S101724.750078E101724.750078_scanAz_slow.dat,4.1597
results2602/20260209S101725.711106E101725.711106_scanAz_slow.dat,4.3030
results2602/20260209S101726.673956E101726.673956_scanAz_slow.dat,3.9824
results2602/20260209S101727.629859E101727.629859_scanAz_slow.dat,4.0297
results2602/20260209S101728.594536E101728.594536_scanAz_slow.dat,4.1818
results2602/20260209S101729.550326E101729.550326_scanAz_slow.dat,4.2682
results2602/20260209S101730.513820E101730.513820_scanAz_slow.dat,4.2618
results2602/20260209S101731.471706E101731.471706_scanAz_slow.dat,4.1470
results2602/20260209S101732.431787E101732.431787_scanAz_slow.dat,4.2875
results2602/20260209S101733.394552E101733.394552_scanAz_slow.dat,4.1334
results2602/20260209S101734.351603E101734.351603_scanAz_slow.dat,4.0716
results2602/20260209S101735.311437E101735.311437_scanAz_slow.dat,4.1773
results2602/20260209S101736.270121E101736.270121_scanAz_slow.dat,4.1313
results2602/20260209S101737.231406E101737.231406_scanAz_slow.dat,4.2723
results2602/20260209S101738.192088E101738.192088_scanAz_slow.dat,4.2148
results2602/20260209S101739.152405E101739.152405_scanAz_slow.dat,4.0833
results2602/20260209S101740.113947E101740.113947_scanAz_slow.dat,4.0054
results2602/20260209S101741.073064E101741.073064_scanAz_slow.dat,4.1245
results2602/20260209S101742.027947E101742.027947_scanAz_slow.dat,4.1514
results2602/20260209S101742.992301E101742.992301_scanAz_slow.dat,4.2418
results2602/20260209S101743.951948E101743.951948_scanAz_slow.dat,4.2640
results2602/20260209S101744.910040E101744.910040_scanAz_slow.dat,4.1441
results2602/20260209S101745.871859E101745.871859_scanAz_slow.dat,4.3090
results2602/20260209S101746.835141E101746.835141_scanAz_slow.dat,4.3404
results2602/20260209S101747.792854E101747.792854_scanAz_slow.dat,4.2470
results2602/20260209S101748.751977E101748.751977_scanAz_slow.dat,4.2769
results2602/20260209S101749.710355E101749.710355_scanAz_slow.dat,4.1071
results2602/20260209S101750.670089E101750.670089_scanAz_slow.dat,4.1274
results2602/20260209S101751.634638E101751.634638_scanAz_slow.dat,4.2704
results2602/20260209S101752.593363E101752.593363_scanAz_slow.dat,4.0475
results2602/20260209S101753.550825E101753.550825_scanAz_slow.dat,4.2574
results2602/20260209S101754.509215E101754.509215_scanAz_slow.dat,4.1246
results2602/20260209S101755.473079E101755.473079_scanAz_slow.dat,4.0495
results2602/20260209S101756.433970E101756.433970_scanAz_slow.dat,4.1197
results2602/20260209S101757.391979E101757.391979_scanAz_slow.dat,4.0863
results2602/20260209S101758.354274E101758.354274_scanAz_slow.dat,3.8926
results2602/20260209S101759.314928E101759.314928_scanAz_slow.dat,4.0827
results2602/20260209S101800.270762E101800.270762_scanAz_slow.dat,4.1544
results2602/20260209S101801.231520E101801.231520_scanAz_slow.dat,3.8719
results2602/20260209S101802.191370E101802.191370_scanAz_slow.dat,4.0652
results2602/20260209S101803.152507E101803.152507_scanAz_slow.dat,4.2130
results2602/20260209S101804.111702E101804.111702_scanAz_slow.dat,4.2157
results2602/20260209S101805.073171E101805.073171_scanAz_slow.dat,4.2167
results2602/20260209S101806.034969E101806.034969_scanAz_slow.dat,4.1365
results2602/20260209S101806.995288E101806.995288_scanAz_slow.dat,4.1928
results2602/20260209S101807.950847E101807.950847_scanAz_slow.dat,4.2815
results2602/20260209S101808.912822E101808.912822_scanAz_slow.dat,4.2781
results2602/20260209S101809.873149E101809.873149_scanAz_slow.dat,4.2119
results2602/20260209S101810.834651E101810.834651_scanAz_slow.dat,4.2095
results2602/20260209S101811.791176E101811.791176_scanAz_slow.dat,4.0138
results2602/20260209S101812.750286E101812.750286_scanAz_slow.dat,4.1606
results2602/20260209S101813.710510E101813.710510_scanAz_slow.dat,4.1615
results2602/20260209S101814.671608E101814.671608_scanAz_slow.dat,4.0521
results2602/20260209S101815.631507E101815.631507_scanAz_slow.dat,4.0466
results2602/20260209S101816.590404E101816.590404_scanAz_slow.dat,4.1380
results2602/20260209S101817.551912E101817.551912_scanAz_slow.dat,4.1891
results2602/20260209S101818.514612E101818.514612_scanAz_slow.dat,4.3013
results2602/20260209S101819.471039E101819.471039_scanAz_slow.dat,4.1670
results2602/20260209S101820.436185E101820.436185_scanAz_slow.dat,4.2658
results2602/20260209S101821.392039E101821.392039_scanAz_slow.dat,4.2619
results2602/20260209S101822.350255E101822.350255_scanAz_slow.dat,4.2340
results2602/20260209S101823.315889E101823.315889_scanAz_slow.dat,4.2506
results2602/20260209S101824.270395E101824.270395_scanAz_slow.dat,4.3492
results2602/20260209S101825.228956E101825.228956_scanAz_slow.dat,4.1289
results2602/20260209S101826.190242E101826.190242_scanAz_slow.dat,4.0562
results2602/20260209S101827.151082E101827.151082_scanAz_slow.dat,4.1853
results2602/20260209S101828.113269E101828.113269_scanAz_slow.dat,4.1886
results2602/20260209S101829.070456E101829.070456_scanAz_slow.dat,3.8881
results2602/20260209S101830.033310E101830.033310_scanAz_slow.dat,4.0710
results2602/20260209S101830.994706E101830.994706_scanAz_slow.dat,4.2754
results2602/20260209S101831.953868E101831.953868_scanAz_slow.dat,4.0036
results2602/20260209S101832.913607E101832.913607_scanAz_slow.dat,4.2084
results2602/20260209S101833.870727E101833.870727_scanAz_slow.dat,4.3465
results2602/20260209S101834.834971E101834.834971_scanAz_slow.dat,4.1329
results2602/20260209S101835.791148E101835.791148_scanAz_slow.dat,4.2301
results2602/20260209S101836.750547E101836.750547_scanAz_slow.dat,4.1064
results2602/20260209S101837.713728E101837.713728_scanAz_slow.dat,4.0929
results2602/20260209S101838.673533E101838.673533_scanAz_slow.dat,4.3350
results2602/20260209S101839.635151E101839.635151_scanAz_slow.dat,3.9827
results2602/20260209S101840.591213E101840.591213_scanAz_slow.dat,4.1688
results2602/20260209S101841.552908E101841.552908_scanAz_slow.dat,4.0665
results2602/20260209S101842.515214E101842.515214_scanAz_slow.dat,4.2594
results2602/20260209S101843.473908E101843.473908_scanAz_slow.dat,4.2099
results2602/20260209S101844.435117E101844.435117_scanAz_slow.dat,4.0145
results2602/20260209S101845.390779E101845.390779_scanAz_slow.dat,4.1252
results2602/20260209S101846.353280E101846.353280_scanAz_slow.dat,4.2709
results2602/20260209S101847.309433E101847.309433_scanAz_slow.dat,4.1943
results2602/20260209S101848.272245E101848.272245_scanAz_slow.dat,4.0772
results2602/20260209S101849.231027E101849.231027_scanAz_slow.dat,4.2139
results2602/20260209S101850.192101E101850.192101_scanAz_slow.dat,4.2536
results2602/20260209S101851.155404E101851.155404_scanAz_slow.dat,3.9891
results2602/20260209S101852.111028E101852.111028_scanAz_slow.dat,4.3021
results2602/20260209S101853.070949E101853.070949_scanAz_slow.dat,4.2617
results2602/20260209S101854.033996E101854.033996_scanAz_slow.dat,4.4089
results2602/20260209S101854.995288E101854.995288_scanAz_slow.dat,4.1346
results2602/20260209S101855.952795E101855.952795_scanAz_slow.dat,4.3107
results2602/20260209S101856.912733E101856.912733_scanAz_slow.dat,4.0723
results2602/20260209S101857.873852E101857.873852_scanAz_slow.dat,4.0844
results2602/20260209S101858.834543E101858.834543_scanAz_slow.dat,4.0713
results2602/20260209S101859.794874E101859.794874_scanAz_slow.dat,3.9558
results2602/20260209S101900.752987E101900.752987_scanAz_slow.dat,4.2911
results2602/20260209S101901.711713E101901.711713_scanAz_slow.dat,4.1944
results2602/20260209S101902.674657E101902.674657_scanAz_slow.dat,4.3392
results2602/20260209S101903.631081E101903.631081_scanAz_slow.dat,4.0524
results2602/20260209S101904.594427E101904.594427_scanAz_slow.dat,4.1954
results2602/20260209S101905.554680E101905.554680_scanAz_slow.dat,4.2325
results2602/20260209S101906.510841E101906.510841_scanAz_slow.dat,4.0682
results2602/20260209S101907.471158E101907.471158_scanAz_slow.dat,4.2092
results2602/20260209S101908.434699E101908.434699_scanAz_slow.dat,4.0651
results2602/20260209S101909.395083E101909.395083_scanAz_slow.dat,4.1638
results2602/20260209S101910.353474E101910.353474_scanAz_slow.dat,4.0098
results2602/20260209S101911.316241E101911.316241_scanAz_slow.dat,4.3071
results2602/20260209S101912.273629E101912.273629_scanAz_slow.dat,4.2115
results2602/20260209S101913.231452E101913.231452_scanAz_slow.dat,4.2761
results2602/20260209S101914.192556E101914.192556_scanAz_slow.dat,4.3209
results2602/20260209S101915.152725E101915.152725_scanAz_slow.dat,4.1371
results2602/20260209S101916.113594E101916.113594_scanAz_slow.dat,4.2554
results2602/20260209S101917.074718E101917.074718_scanAz_slow.dat,4.1898
results2602/20260209S101918.035139E101918.035139_scanAz_slow.dat,4.0676
results2602/20260209S101918.991327E101918.991327_scanAz_slow.dat,4.0299
results2602/20260209S101919.954033E101919.954033_scanAz_slow.dat,4.1699
results2602/20260209S101920.915343E101920.915343_scanAz_slow.dat,4.3186
results2602/20260209S101921.875978E101921.875978_scanAz_slow.dat,4.1013
results2602/20260209S101922.832888E101922.832888_scanAz_slow.dat,4.1229
results2602/20260209S101923.794270E101923.794270_scanAz_slow.dat,4.1138
results2602/20260209S101924.753297E101924.753297_scanAz_slow.dat,4.1839
results2602/20260209S101925.713310E101925.713310_scanAz_slow.dat,4.0704
results2602/20260209S101926.675773E101926.675773_scanAz_slow.dat,4.2369
results2602/20260209S101927.633819E101927.633819_scanAz_slow.dat,4.2891
results2602/20260209S101928.595803E101928.595803_scanAz_slow.dat,4.1440
results2602/20260209S101929.552460E101929.552460_scanAz_slow.dat,4.0044
results2602/20260209S101930.516157E101930.516157_scanAz_slow.dat,4.0617
results2602/20260209S101931.471348E101931.471348_scanAz_slow.dat,4.2068
results2602/20260209S101932.434409E101932.434409_scanAz_slow.dat,4.2385
results2602/20260209S101933.395057E101933.395057_scanAz_slow.dat,3.9843
results2602/20260209S101934.351156E101934.351156_scanAz_slow.dat,4.1100
results2602/20260209S101935.314214E101935.314214_scanAz_slow.dat,4.3198
results2602/20260209S101936.275749E101936.275749_scanAz_slow.dat,4.1337
results2602/20260209S101937.231476E101937.231476_scanAz_slow.dat,4.3106
results2602/20260209S101938.193599E101938.193599_scanAz_slow.dat,4.0784
results2602/20260209S101939.161117E101939.161117_scanAz_slow.dat,4.1105
results2602/20260209S101940.112039E101940.112039_scanAz_slow.dat,4.2410
results2602/20260209S101941.073055E101941.073055_scanAz_slow.dat,3.9879
results2602/20260209S101942.036379E101942.036379_scanAz_slow.dat,4.2379
results2602/20260209S101942.993225E101942.993225_scanAz_slow.dat,4.0929
results2602/20260209S101943.953077E101943.953077_scanAz_slow.dat,4.0506
results2602/20260209S101944.916263E101944.916263_scanAz_slow.dat,4.1007
results2602/20260209S101945.871916E101945.871916_scanAz_slow.dat,4.2433
results2602/20260209S101946.836006E101946.836006_scanAz_slow.dat,4.1693
results2602/20260209S101947.791700E101947.791700_scanAz_slow.dat,4.1130
results2602/20260209S101948.753975E101948.753975_scanAz_slow.dat,4.3135
results2602/20260209S101949.714705E101949.714705_scanAz_slow.dat,4.0346
results2602/20260209S101950.671181E101950.671181_scanAz_slow.dat,4.1857
results2602/20260209S101951.632940E101951.632940_scanAz_slow.dat,4.2128
results2602/20260209S101952.595808E101952.595808_scanAz_slow.dat,4.0949
results2602/20260209S101953.551906E101953.551906_scanAz_slow.dat,4.1122
results2602/20260209S101954.513245E101954.513245_scanAz_slow.dat,4.1577
results2602/20260209S101955.475699E101955.475699_scanAz_slow.dat,4.1697
results2602/20260209S101956.430097E101956.430097_scanAz_slow.dat,4.1107
results2602/20260209S101957.394135E101957.394135_scanAz_slow.dat,4.2640
results2602/20260209S101958.352261E101958.352261_scanAz_slow.dat,4.0955
results2602/20260209S101959.314754E101959.314754_scanAz_slow.dat,4.0497
results2602/20260209S102000.274748E102000.274748_scanAz_slow.dat,4.0674
results2602/20260209S102001.235821E102001.235821_scanAz_slow.dat,4.3279
results2602/20260209S102002.192748E102002.192748_scanAz_slow.dat,4.1743
results2602/20260209S102003.155862E102003.155862_scanAz_slow.dat,4.1924
results2602/20260209S102004.113857E102004.113857_scanAz_slow.dat,4.2231
results2602/20260209S102005.075850E102005.075850_scanAz_slow.dat,4.3619
results2602/20260209S102006.037137E102006.037137_scanAz_slow.dat,4.1420
results2602/20260209S102006.993351E102006.993351_scanAz_slow.dat,4.1862
results2602/20260209S102007.952614E102007.952614_scanAz_slow.dat,4.1344
results2602/20260209S102008.915130E102008.915130_scanAz_slow.dat,4.1039
results2602/20260209S102009.872160E102009.872160_scanAz_slow.dat,4.3729
results2602/20260209S102010.833875E102010.833875_scanAz_slow.dat,4.4200
results2602/20260209S102011.794725E102011.794725_scanAz_slow.dat,4.2773
results2602/20260209S102012.755986E102012.755986_scanAz_slow.dat,4.2731
results2602/20260209S102013.712174E102013.712174_scanAz_slow.dat,4.2833
results2602/20260209S102014.672175E102014.672175_scanAz_slow.dat,4.2832
results2602/20260209S102015.633438E102015.633438_scanAz_slow.dat,4.2962
results2602/20260209S102016.596233E102016.596233_scanAz_slow.dat,4.3072
results2602/20260209S102017.557866E102017.557866_scanAz_slow.dat,4.2958
results2602/20260209S102018.512402E102018.512402_scanAz_slow.dat,4.1474
results2602/20260209S102019.476236E102019.476236_scanAz_slow.dat,4.1442
results2602/20260209S102020.431316E102020.431316_scanAz_slow.dat,4.2028
results2602/20260209S102021.394260E102021.394260_scanAz_slow.dat,4.1322
results2602/20260209S102022.351630E102022.351630_scanAz_slow.dat,4.4922
results2602/20260209S102023.314607E102023.314607_scanAz_slow.dat,4.1157
results2602/20260209S102024.275863E102024.275863_scanAz_slow.dat,4.0494
results2602/20260209S102025.236577E102025.236577_scanAz_slow.dat,4.0096
results2602/20260209S102026.194101E102026.194101_scanAz_slow.dat,4.2039
results2602/20260209S102027.154943E102027.154943_scanAz_slow.dat,4.1750
results2602/20260209S102028.112592E102028.112592_scanAz_slow.dat,4.1222
results2602/20260209S102029.074199E102029.074199_scanAz_slow.dat,4.2378
results2602/20260209S102030.034041E102030.034041_scanAz_slow.dat,4.2715
results2602/20260209S102030.993121E102030.993121_scanAz_slow.dat,4.1297
results2602/20260209S102031.962417E102031.962417_scanAz_slow.dat,4.3048
results2602/20260209S102032.912876E102032.912876_scanAz_slow.dat,4.3011
results2602/20260209S102033.873821E102033.873821_scanAz_slow.dat,4.1382
results2602/20260209S102034.832887E102034.832887_scanAz_slow.dat,4.2873
results2602/20260209S102035.793475E102035.793475_scanAz_slow.dat,4.2790
results2602/20260209S102036.751623E102036.751623_scanAz_slow.dat,4.0862
results2602/20260209S102037.714231E102037.714231_scanAz_slow.dat,4.1119
results2602/20260209S102038.674206E102038.674206_scanAz_slow.dat,4.0599
results2602/20260209S102039.634162E102039.634162_scanAz_slow.dat,4.0188
results2602/20260209S102040.596401E102040.596401_scanAz_slow.dat,4.3017
results2602/20260209S102041.558171E102041.558171_scanAz_slow.dat,4.3507
results2602/20260209S102042.514405E102042.514405_scanAz_slow.dat,4.0295
results2602/20260209S102043.472891E102043.472891_scanAz_slow.dat,3.8888
results2602/20260209S102044.434548E102044.434548_scanAz_slow.dat,4.1642
results2602/20260209S102045.392639E102045.392639_scanAz_slow.dat,4.0436
results2602/20260209S102046.357040E102046.357040_scanAz_slow.dat,4.3932
results2602/20260209S102047.314482E102047.314482_scanAz_slow.dat,4.3400
results2602/20260209S102048.277275E102048.277275_scanAz_slow.dat,4.1912
results2602/20260209S102049.237994E102049.237994_scanAz_slow.dat,4.2762
results2602/20260209S102050.192523E102050.192523_scanAz_slow.dat,4.2462
results2602/20260209S102051.153866E102051.153866_scanAz_slow.dat,4.3402
results2602/20260209S102052.113853E102052.113853_scanAz_slow.dat,4.3188
results2602/20260209S102053.073427E102053.073427_scanAz_slow.dat,4.0888
results2602/20260209S102054.035278E102054.035278_scanAz_slow.dat,4.0043
results2602/20260209S102054.992702E102054.992702_scanAz_slow.dat,4.3010
results2602/20260209S102055.951549E102055.951549_scanAz_slow.dat,4.0624
results2602/20260209S102056.913841E102056.913841_scanAz_slow.dat,4.2030
results2602/20260209S102057.874231E102057.874231_scanAz_slow.dat,4.1256
results2602/20260209S102058.835147E102058.835147_scanAz_slow.dat,4.5182
results2602/20260209S102059.794019E102059.794019_scanAz_slow.dat,4.0820
results2602/20260209S102100.755368E102100.755368_scanAz_slow.dat,3.9740
results2602/20260209S102101.716471E102101.716471_scanAz_slow.dat,3.9553
results2602/20260209S102102.676121E102102.676121_scanAz_slow.dat,4.1837
results2602/20260209S102103.632628E102103.632628_scanAz_slow.dat,4.1888
results2602/20260209S102104.595446E102104.595446_scanAz_slow.dat,4.1405
results2602/20260209S102105.552550E102105.552550_scanAz_slow.dat,4.1120
results2602/20260209S102106.514137E102106.514137_scanAz_slow.dat,4.2226
results2602/20260209S102107.473495E102107.473495_scanAz_slow.dat,4.2115
results2602/20260209S102108.434158E102108.434158_scanAz_slow.dat,4.0350
results2602/20260209S102109.395960E102109.395960_scanAz_slow.dat,4.2265
results2602/20260209S102110.357152E102110.357152_scanAz_slow.dat,4.0924
results2602/20260209S102111.313261E102111.313261_scanAz_slow.dat,4.2137
results2602/20260209S102112.276947E102112.276947_scanAz_slow.dat,4.0957
results2602/20260209S102113.232973E102113.232973_scanAz_slow.dat,4.2960
results2602/20260209S102114.195792E102114.195792_scanAz_slow.dat,4.0351
results2602/20260209S102115.152244E102115.152244_scanAz_slow.dat,4.0755
results2602/20260209S102116.118338E102116.118338_scanAz_slow.dat,4.0769
results2602/20260209S102117.073067E102117.073067_scanAz_slow.dat,4.0639
results2602/20260209S102118.035064E102118.035064_scanAz_slow.dat,4.3507
results2602/20260209S102118.997736E102118.997736_scanAz_slow.dat,4.1909
results2602/20260209S102119.953326E102119.953326_scanAz_slow.dat,4.3694
results2602/20260209S102120.914703E102120.914703_scanAz_slow.dat,4.2209
results2602/20260209S102121.876241E102121.876241_scanAz_slow.dat,4.0065
results2602/20260209S102122.835467E102122.835467_scanAz_slow.dat,4.2345
results2602/20260209S102123.794472E102123.794472_scanAz_slow.dat,3.9620
results2602/20260209S102124.755212E102124.755212_scanAz_slow.dat,4.2041
results2602/20260209S102125.715927E102125.715927_scanAz_slow.dat,4.0965
results2602/20260209S102126.677287E102126.677287_scanAz_slow.dat,4.1112
results2602/20260209S102127.634865E102127.634865_scanAz_slow.dat,4.3017
results2602/20260209S102128.594362E102128.594362_scanAz_slow.dat,4.1024
results2602/20260209S102129.556310E102129.556310_scanAz_slow.dat,4.1421
results2602/20260209S102130.516938E102130.516938_scanAz_slow.dat,4.2083
results2602/20260209S102131.474175E102131.474175_scanAz_slow.dat,4.3546
results2602/20260209S102132.436626E102132.436626_scanAz_slow.dat,4.0600
results2602/20260209S102133.394637E102133.394637_scanAz_slow.dat,4.0841
results2602/20260209S102134.355310E102134.355310_scanAz_slow.dat,4.3126
results2602/20260209S102135.313215E102135.313215_scanAz_slow.dat,4.0391
results2602/20260209S102136.277170E102136.277170_scanAz_slow.dat,4.4020
results2602/20260209S102137.234563E102137.234563_scanAz_slow.dat,4.2318
results2602/20260209S102138.198190E102138.198190_scanAz_slow.dat,4.0063
results2602/20260209S102139.153260E102139.153260_scanAz_slow.dat,4.2234
results2602/20260209S102140.114813E102140.114813_scanAz_slow.dat,4.1645
results2602/20260209S102141.073278E102141.073278_scanAz_slow.dat,4.2550
results2602/20260209S102142.035450E102142.035450_scanAz_slow.dat,4.1859
results2602/20260209S102142.997463E102142.997463_scanAz_slow.dat,4.1049
results2602/20260209S102143.952315E102143.952315_scanAz_slow.dat,4.1552
results2602/20260209S102144.914420E102144.914420_scanAz_slow.dat,4.1546
results2602/20260209S102145.875761E102145.875761_scanAz_slow.dat,4.2822
results2602/20260209S102146.833502E102146.833502_scanAz_slow.dat,4.2393
results2602/20260209S102147.794298E102147.794298_scanAz_slow.dat,4.1117
results2602/20260209S102148.751962E102148.751962_scanAz_slow.dat,4.0885
results2602/20260209S102149.715980E102149.715980_scanAz_slow.dat,4.1054
results2602/20260209S102150.677988E102150.677988_scanAz_slow.dat,4.2365
results2602/20260209S102151.638966E102151.638966_scanAz_slow.dat,4.3483
results2602/20260209S102152.598389E102152.598389_scanAz_slow.dat,4.1716
results2602/20260209S102153.555521E102153.555521_scanAz_slow.dat,4.1980
results2602/20260209S102154.515816E102154.515816_scanAz_slow.dat,4.1368
results2602/20260209S102155.475005E102155.475005_scanAz_slow.dat,3.9581
results2602/20260209S102156.434722E102156.434722_scanAz_slow.dat,4.2632
results2602/20260209S102157.396162E102157.396162_scanAz_slow.dat,4.1102
results2602/20260209S102158.351826E102158.351826_scanAz_slow.dat,4.3740
results2602/20260209S102159.313875E102159.313875_scanAz_slow.dat,4.1633
results2602/20260209S102200.276010E102200.276010_scanAz_slow.dat,4.3323
results2602/20260209S102201.234346E102201.234346_scanAz_slow.dat,4.0312
results2602/20260209S102202.193391E102202.193391_scanAz_slow.dat,3.9951
results2602/20260209S102203.153295E102203.153295_scanAz_slow.dat,4.0013
results2602/20260209S102204.115005E102204.115005_scanAz_slow.dat,4.1187
results2602/20260209S102205.077468E102205.077468_scanAz_slow.dat,4.1291
results2602/20260209S102206.038234E102206.038234_scanAz_slow.dat,4.1509
results2602/20260209S102206.996772E102206.996772_scanAz_slow.dat,4.0993
results2602/20260209S102207.954184E102207.954184_scanAz_slow.dat,4.1807
results2602/20260209S102208.916566E102208.916566_scanAz_slow.dat,4.3564
results2602/20260209S102209.874134E102209.874134_scanAz_slow.dat,4.3965
results2602/20260209S102210.836513E102210.836513_scanAz_slow.dat,4.3597
results2602/20260209S102211.792548E102211.792548_scanAz_slow.dat,4.1385
results2602/20260209S102212.754560E102212.754560_scanAz_slow.dat,4.1983
results2602/20260209S102213.716297E102213.716297_scanAz_slow.dat,4.2149
results2602/20260209S102214.673631E102214.673631_scanAz_slow.dat,4.2409
results2602/20260209S102215.633747E102215.633747_scanAz_slow.dat,4.1845
results2602/20260209S102216.594570E102216.594570_scanAz_slow.dat,4.1099
results2602/20260209S102217.553890E102217.553890_scanAz_slow.dat,4.2431
results2602/20260209S102218.515389E102218.515389_scanAz_slow.dat,4.1981
results2602/20260209S102219.475341E102219.475341_scanAz_slow.dat,4.4940
results2602/20260209S102220.436972E102220.436972_scanAz_slow.dat,4.1734
results2602/20260209S102221.394677E102221.394677_scanAz_slow.dat,4.1600
results2602/20260209S102222.353785E102222.353785_scanAz_slow.dat,4.0120
results2602/20260209S102223.315670E102223.315670_scanAz_slow.dat,4.1862
results2602/20260209S102224.275728E102224.275728_scanAz_slow.dat,4.2973
results2602/20260209S102225.235406E102225.235406_scanAz_slow.dat,4.2968
results2602/20260209S102226.196902E102226.196902_scanAz_slow.dat,4.3343
results2602/20260209S102227.153509E102227.153509_scanAz_slow.dat,4.1003
results2602/20260209S102228.116091E102228.116091_scanAz_slow.dat,4.2421
results2602/20260209S102229.076703E102229.076703_scanAz_slow.dat,4.3468
results2602/20260209S102230.035422E102230.035422_scanAz_slow.dat,4.1767
results2602/20260209S102230.995722E102230.995722_scanAz_slow.dat,3.9057
results2602/20260209S102231.953542E102231.953542_scanAz_slow.dat,4.0305
results2602/20260209S102232.917515E102232.917515_scanAz_slow.dat,4.1171
results2602/20260209S102233.878671E102233.878671_scanAz_slow.dat,4.1087
results2602/20260209S102234.832617E102234.832617_scanAz_slow.dat,4.1022
results2602/20260209S102235.792099E102235.792099_scanAz_slow.dat,3.9728
results2602/20260209S102236.754687E102236.754687_scanAz_slow.dat,3.9763
results2602/20260209S102237.717135E102237.717135_scanAz_slow.dat,4.3116
results2602/20260209S102238.674005E102238.674005_scanAz_slow.dat,4.1848
results2602/20260209S102239.636484E102239.636484_scanAz_slow.dat,4.2868
results2602/20260209S102240.594102E102240.594102_scanAz_slow.dat,4.1021
results2602/20260209S102241.557522E102241.557522_scanAz_slow.dat,4.2760
results2602/20260209S102242.514091E102242.514091_scanAz_slow.dat,4.3191
results2602/20260209S102243.480041E102243.480041_scanAz_slow.dat,4.2099
results2602/20260209S102244.435727E102244.435727_scanAz_slow.dat,4.1783
results2602/20260209S102245.393792E102245.393792_scanAz_slow.dat,4.1525
results2602/20260209S102246.357156E102246.357156_scanAz_slow.dat,4.2456
results2602/20260209S102247.312892E102247.312892_scanAz_slow.dat,4.1062
results2602/20260209S102248.275258E102248.275258_scanAz_slow.dat,4.1552
results2602/20260209S102249.237079E102249.237079_scanAz_slow.dat,4.2369
results2602/20260209S102250.194093E102250.194093_scanAz_slow.dat,4.1286
results2602/20260209S102251.154172E102251.154172_scanAz_slow.dat,4.1741
results2602/20260209S102252.117761E102252.117761_scanAz_slow.dat,4.1254
results2602/20260209S102253.077438E102253.077438_scanAz_slow.dat,3.9959
results2602/20260209S102254.038979E102254.038979_scanAz_slow.dat,4.1419
results2602/20260209S102254.997070E102254.997070_scanAz_slow.dat,4.1769
results2602/20260209S102255.953951E102255.953951_scanAz_slow.dat,4.2416
results2602/20260209S102256.917285E102256.917285_scanAz_slow.dat,4.2986
results2602/20260209S102257.878897E102257.878897_scanAz_slow.dat,4.0378
results2602/20260209S102258.835956E102258.835956_scanAz_slow.dat,4.1486
results2602/20260209S102259.796642E102259.796642_scanAz_slow.dat,4.1332
results2602/20260209S102300.755276E102300.755276_scanAz_slow.dat,3.9029
results2602/20260209S102301.716079E102301.716079_scanAz_slow.dat,4.1416
results2602/20260209S102302.679296E102302.679296_scanAz_slow.dat,4.1520
results2602/20260209S102303.636760E102303.636760_scanAz_slow.dat,4.0242
results2602/20260209S102304.595233E102304.595233_scanAz_slow.dat,4.1274
results2602/20260209S102305.557420E102305.557420_scanAz_slow.dat,4.1254
results2602/20260209S102306.518636E102306.518636_scanAz_slow.dat,4.2739
results2602/20260209S102307.472716E102307.472716_scanAz_slow.dat,4.0755
results2602/20260209S102308.435393E102308.435393_scanAz_slow.dat,3.9936
results2602/20260209S102309.398011E102309.398011_scanAz_slow.dat,4.2744
results2602/20260209S102310.352051E102310.352051_scanAz_slow.dat,4.2949
results2602/20260209S102311.314160E102311.314160_scanAz_slow.dat,4.2308
results2602/20260209S102312.275587E102312.275587_scanAz_slow.dat,4.1363
results2602/20260209S102313.236590E102313.236590_scanAz_slow.dat,4.1948
results2602/20260209S102314.198468E102314.198468_scanAz_slow.dat,4.2361
results2602/20260209S102315.158110E102315.158110_scanAz_slow.dat,4.2219
results2602/20260209S102316.114427E102316.114427_scanAz_slow.dat,4.0931
results2602/20260209S102317.078758E102317.078758_scanAz_slow.dat,4.1110
results2602/20260209S102318.039023E102318.039023_scanAz_slow.dat,4.1430
results2602/20260209S102318.995993E102318.995993_scanAz_slow.dat,4.2734
results2602/20260209S102319.958618E102319.958618_scanAz_slow.dat,4.1364
results2602/20260209S102320.914379E102320.914379_scanAz_slow.dat,4.1159
results2602/20260209S102321.876066E102321.876066_scanAz_slow.dat,4.2641
results2602/20260209S102322.838603E102322.838603_scanAz_slow.dat,4.2359
results2602/20260209S102323.798484E102323.798484_scanAz_slow.dat,4.2352
results2602/20260209S102324.756335E102324.756335_scanAz_slow.dat,4.2047
results2602/20260209S102325.713646E102325.713646_scanAz_slow.dat,4.1266
results2602/20260209S102326.677430E102326.677430_scanAz_slow.dat,4.1209
results2602/20260209S102327.638656E102327.638656_scanAz_slow.dat,4.1467
results2602/20260209S102328.595071E102328.595071_scanAz_slow.dat,4.2721
results2602/20260209S102329.556366E102329.556366_scanAz_slow.dat,4.1281
results2602/20260209S102330.518853E102330.518853_scanAz_slow.dat,4.1771
results2602/20260209S102331.474511E102331.474511_scanAz_slow.dat,4.1967
results2602/20260209S102332.436311E102332.436311_scanAz_slow.dat,4.2430
results2602/20260209S102333.394480E102333.394480_scanAz_slow.dat,4.0716
results2602/20260209S102334.355938E102334.355938_scanAz_slow.dat,3.9383
results2602/20260209S102335.319486E102335.319486_scanAz_slow.dat,4.2132
results2602/20260209S102336.276276E102336.276276_scanAz_slow.dat,4.0861
results2602/20260209S102337.239974E102337.239974_scanAz_slow.dat,4.1492
results2602/20260209S102338.197771E102338.197771_scanAz_slow.dat,4.1536
results2602/20260209S102339.155147E102339.155147_scanAz_slow.dat,4.2369
results2602/20260209S102340.115311E102340.115311_scanAz_slow.dat,4.2116
results2602/20260209S102341.076508E102341.076508_scanAz_slow.dat,4.0994
results2602/20260209S102342.038018E102342.038018_scanAz_slow.dat,4.1652
results2602/20260209S102342.997728E102342.997728_scanAz_slow.dat,4.3309
results2602/20260209S102343.956076E102343.956076_scanAz_slow.dat,4.0713
results2602/20260209S102344.918010E102344.918010_scanAz_slow.dat,4.3457
results2602/20260209S102345.873187E102345.873187_scanAz_slow.dat,4.2581
results2602/20260209S102346.836347E102346.836347_scanAz_slow.dat,4.2295
results2602/20260209S102347.799334E102347.799334_scanAz_slow.dat,4.2045
results2602/20260209S102348.759163E102348.759163_scanAz_slow.dat,4.0977
results2602/20260209S102349.715607E102349.715607_scanAz_slow.dat,4.2773
results2602/20260209S102350.676535E102350.676535_scanAz_slow.dat,4.3416
results2602/20260209S102351.639430E102351.639430_scanAz_slow.dat,4.3300
results2602/20260209S102352.597866E102352.597866_scanAz_slow.dat,4.0033
results2602/20260209S102353.558988E102353.558988_scanAz_slow.dat,4.0809
results2602/20260209S102354.516705E102354.516705_scanAz_slow.dat,4.1456
results2602/20260209S102355.479388E102355.479388_scanAz_slow.dat,4.0654
results2602/20260209S102356.435446E102356.435446_scanAz_slow.dat,4.0137
results2602/20260209S102357.400240E102357.400240_scanAz_slow.dat,4.1341
results2602/20260209S102358.355042E102358.355042_scanAz_slow.dat,4.3995
results2602/20260209S102359.315609E102359.315609_scanAz_slow.dat,4.3169
results2602/20260209S102400.279628E102400.279628_scanAz_slow.dat,4.1842
results2602/20260209S102401.238027E102401.238027_scanAz_slow.dat,4.4091
results2602/20260209S102402.198127E102402.198127_scanAz_slow.dat,4.3185
results2602/20260209S102403.155195E102403.155195_scanAz_slow.dat,4.2374
results2602/20260209S102404.117350E102404.117350_scanAz_slow.dat,4.0617
results2602/20260209S102405.079021E102405.079021_scanAz_slow.dat,4.0899
results2602/20260209S102406.038117E102406.038117_scanAz_slow.dat,4.3246
results2602/20260209S102406.998420E102406.998420_scanAz_slow.dat,4.1676
results2602/20260209S102407.959747E102407.959747_scanAz_slow.dat,4.2141
results2602/20260209S102408.915002E102408.915002_scanAz_slow.dat,4.1903
results2602/20260209S102409.879018E102409.879018_scanAz_slow.dat,4.0284
results2602/20260209S102410.840220E102410.840220_scanAz_slow.dat,4.1498
results2602/20260209S102411.795812E102411.795812_scanAz_slow.dat,4.3119
results2602/20260209S102412.758106E102412.758106_scanAz_slow.dat,4.2231
results2602/20260209S102413.716733E102413.716733_scanAz_slow.dat,4.2604
results2602/20260209S102414.678432E102414.678432_scanAz_slow.dat,4.2664
results2602/20260209S102415.638140E102415.638140_scanAz_slow.dat,4.1757
results2602/20260209S102416.597971E102416.597971_scanAz_slow.dat,4.1896
results2602/20260209S102417.559497E102417.559497_scanAz_slow.dat,4.4779
results2602/20260209S102418.515254E102418.515254_scanAz_slow.dat,4.4262
results2602/20260209S102419.478988E102419.478988_scanAz_slow.dat,4.0947
results2602/20260209S102420.434031E102420.434031_scanAz_slow.dat,4.0206
results2602/20260209S102421.395838E102421.395838_scanAz_slow.dat,3.8930
results2602/20260209S102422.358641E102422.358641_scanAz_slow.dat,4.0689
results2602/20260209S102423.319882E102423.319882_scanAz_slow.dat,3.9657
results2602/20260209S102424.276096E102424.276096_scanAz_slow.dat,4.0105
results2602/20260209S102425.237642E102425.237642_scanAz_slow.dat,3.9949
results2602/20260209S102426.199868E102426.199868_scanAz_slow.dat,4.0620
results2602/20260209S102427.156441E102427.156441_scanAz_slow.dat,4.1588
results2602/20260209S102428.115697E102428.115697_scanAz_slow.dat,4.1815
results2602/20260209S102429.077855E102429.077855_scanAz_slow.dat,4.2829
results2602/20260209S102430.038606E102430.038606_scanAz_slow.dat,4.3583
results2602/20260209S102430.998694E102430.998694_scanAz_slow.dat,4.2575
results2602/20260209S102431.955786E102431.955786_scanAz_slow.dat,4.2556
results2602/20260209S102432.914307E102432.914307_scanAz_slow.dat,4.0913
results2602/20260209S102433.874000E102433.874000_scanAz_slow.dat,4.0296
results2602/20260209S102434.834301E102434.834301_scanAz_slow.dat,4.1750
results2602/20260209S102435.797861E102435.797861_scanAz_slow.dat,4.3182
results2602/20260209S102436.760224E102436.760224_scanAz_slow.dat,4.2477
results2602/20260209S102437.720469E102437.720469_scanAz_slow.dat,4.1545
results2602/20260209S102438.676096E102438.676096_scanAz_slow.dat,4.2488
results2602/20260209S102439.639421E102439.639421_scanAz_slow.dat,4.0867
results2602/20260209S102440.600171E102440.600171_scanAz_slow.dat,4.1950
results2602/20260209S102441.557078E102441.557078_scanAz_slow.dat,4.3071
results2602/20260209S102442.514388E102442.514388_scanAz_slow.dat,4.1472
results2602/20260209S102443.474145E102443.474145_scanAz_slow.dat,4.0820
results2602/20260209S102444.437427E102444.437427_scanAz_slow.dat,4.4387
results2602/20260209S102445.398072E102445.398072_scanAz_slow.dat,4.1786
results2602/20260209S102446.355288E102446.355288_scanAz_slow.dat,4.1049
results2602/20260209S102447.318712E102447.318712_scanAz_slow.dat,4.1228
results2602/20260209S102448.274272E102448.274272_scanAz_slow.dat,4.1114
results2602/20260209S102449.236339E102449.236339_scanAz_slow.dat,4.1671
results2602/20260209S102450.199162E102450.199162_scanAz_slow.dat,4.0183
results2602/20260209S102451.154305E102451.154305_scanAz_slow.dat,4.1145
results2602/20260209S102452.119179E102452.119179_scanAz_slow.dat,4.1239
results2602/20260209S102453.075878E102453.075878_scanAz_slow.dat,4.2346
results2602/20260209S102454.038846E102454.038846_scanAz_slow.dat,4.2111
results2602/20260209S102454.994332E102454.994332_scanAz_slow.dat,4.0881
results2602/20260209S102455.958818E102455.958818_scanAz_slow.dat,3.9941
results2602/20260209S102456.915250E102456.915250_scanAz_slow.dat,4.0956
results2602/20260209S102457.874232E102457.874232_scanAz_slow.dat,3.9872
results2602/20260209S102458.840082E102458.840082_scanAz_slow.dat,3.8801
results2602/20260209S102459.798909E102459.798909_scanAz_slow.dat,4.2097
results2602/20260209S102500.758440E102500.758440_scanAz_slow.dat,4.1973
results2602/20260209S102501.719974E102501.719974_scanAz_slow.dat,4.1654
results2602/20260209S102502.677514E102502.677514_scanAz_slow.dat,4.3646
results2602/20260209S102503.640799E102503.640799_scanAz_slow.dat,4.2408
results2602/20260209S102504.595763E102504.595763_scanAz_slow.dat,4.2605
results2602/20260209S102505.558681E102505.558681_scanAz_slow.dat,4.1601
results2602/20260209S102506.517731E102506.517731_scanAz_slow.dat,4.2178
results2602/20260209S102507.478248E102507.478248_scanAz_slow.dat,4.2227
results2602/20260209S102508.440051E102508.440051_scanAz_slow.dat,4.1822
results2602/20260209S102509.394585E102509.394585_scanAz_slow.dat,4.0424
results2602/20260209S102510.357208E102510.357208_scanAz_slow.dat,4.0227
results2602/20260209S102511.315960E102511.315960_scanAz_slow.dat,3.9727
results2602/20260209S102512.279938E102512.279938_scanAz_slow.dat,4.0579
results2602/20260209S102513.234465E102513.234465_scanAz_slow.dat,4.2422
results2602/20260209S102514.199878E102514.199878_scanAz_slow.dat,4.1267
results2602/20260209S102515.156091E102515.156091_scanAz_slow.dat,3.9649
results2602/20260209S102516.117391E102516.117391_scanAz_slow.dat,4.1376
results2602/20260209S102517.079083E102517.079083_scanAz_slow.dat,4.0214
results2602/20260209S102518.036263E102518.036263_scanAz_slow.dat,4.1651
results2602/20260209S102518.996313E102518.996313_scanAz_slow.dat,4.0958
results2602/20260209S102519.957221E102519.957221_scanAz_slow.dat,4.4051
results2602/20260209S102520.916657E102520.916657_scanAz_slow.dat,4.3075
results2602/20260209S102521.877049E102521.877049_scanAz_slow.dat,4.1170
results2602/20260209S102522.836366E102522.836366_scanAz_slow.dat,4.1813
results2602/20260209S102523.797801E102523.797801_scanAz_slow.dat,4.2175
results2602/20260209S102524.756230E102524.756230_scanAz_slow.dat,4.1395
results2602/20260209S102525.718933E102525.718933_scanAz_slow.dat,4.3305
results2602/20260209S102526.676274E102526.676274_scanAz_slow.dat,4.0656
results2602/20260209S102527.638609E102527.638609_scanAz_slow.dat,4.0681
results2602/20260209S102528.599561E102528.599561_scanAz_slow.dat,4.2590
results2602/20260209S102529.558830E102529.558830_scanAz_slow.dat,4.4172
results2602/20260209S102530.516590E102530.516590_scanAz_slow.dat,4.2852
results2602/20260209S102531.480411E102531.480411_scanAz_slow.dat,3.9621
results2602/20260209S102532.438924E102532.438924_scanAz_slow.dat,4.2317
results2602/20260209S102533.400715E102533.400715_scanAz_slow.dat,4.1348
results2602/20260209S102534.358174E102534.358174_scanAz_slow.dat,4.3476
results2602/20260209S102535.320014E102535.320014_scanAz_slow.dat,4.4146
results2602/20260209S102536.276854E102536.276854_scanAz_slow.dat,4.0140
results2602/20260209S102537.239918E102537.239918_scanAz_slow.dat,3.9684
results2602/20260209S102538.201161E102538.201161_scanAz_slow.dat,4.2343
results2602/20260209S102539.156338E102539.156338_scanAz_slow.dat,4.2100
results2602/20260209S102540.116679E102540.116679_scanAz_slow.dat,4.3924
results2602/20260209S102541.075104E102541.075104_scanAz_slow.dat,4.2221
results2602/20260209S102542.036397E102542.036397_scanAz_slow.dat,4.2087
results2602/20260209S102542.998980E102542.998980_scanAz_slow.dat,3.9071
results2602/20260209S102543.958451E102543.958451_scanAz_slow.dat,3.9110
results2602/20260209S102544.921661E102544.921661_scanAz_slow.dat,4.0412
results2602/20260209S102545.876834E102545.876834_scanAz_slow.dat,4.1050
results2602/20260209S102546.839185E102546.839185_scanAz_slow.dat,4.4082
results2602/20260209S102547.796996E102547.796996_scanAz_slow.dat,4.2903
results2602/20260209S102548.759172E102548.759172_scanAz_slow.dat,4.0163
results2602/20260209S102549.718141E102549.718141_scanAz_slow.dat,3.9100
results2602/20260209S102550.680033E102550.680033_scanAz_slow.dat,4.0480
results2602/20260209S102551.636562E102551.636562_scanAz_slow.dat,4.2456
results2602/20260209S102552.598178E102552.598178_scanAz_slow.dat,4.3015
results2602/20260209S102553.558196E102553.558196_scanAz_slow.dat,4.2294
results2602/20260209S102554.518280E102554.518280_scanAz_slow.dat,4.0132
results2602/20260209S102555.481016E102555.481016_scanAz_slow.dat,4.3090
results2602/20260209S102556.436733E102556.436733_scanAz_slow.dat,4.1752
results2602/20260209S102557.394698E102557.394698_scanAz_slow.dat,4.1090
results2602/20260209S102558.354993E102558.354993_scanAz_slow.dat,4.2210
results2602/20260209S102559.316401E102559.316401_scanAz_slow.dat,4.2894
results2602/20260209S102600.280860E102600.280860_scanAz_slow.dat,4.4044
results2602/20260209S102601.235883E102601.235883_scanAz_slow.dat,4.1980
results2602/20260209S102602.200266E102602.200266_scanAz_slow.dat,4.2238
results2602/20260209S102603.156580E102603.156580_scanAz_slow.dat,4.2641
results2602/20260209S102604.119181E102604.119181_scanAz_slow.dat,4.1455
results2602/20260209S102605.078296E102605.078296_scanAz_slow.dat,4.2622
results2602/20260209S102606.035905E102606.035905_scanAz_slow.dat,4.2424
results2602/20260209S102606.999765E102606.999765_scanAz_slow.dat,4.2999
results2602/20260209S102607.958704E102607.958704_scanAz_slow.dat,4.2196
results2602/20260209S102608.917007E102608.917007_scanAz_slow.dat,4.3594
results2602/20260209S102609.878292E102609.878292_scanAz_slow.dat,4.1640
results2602/20260209S102610.836060E102610.836060_scanAz_slow.dat,4.0832
results2602/20260209S102611.801234E102611.801234_scanAz_slow.dat,4.1877
results2602/20260209S102612.757335E102612.757335_scanAz_slow.dat,4.2641
results2602/20260209S102613.719539E102613.719539_scanAz_slow.dat,4.2648
results2602/20260209S102614.677735E102614.677735_scanAz_slow.dat,4.1151
results2602/20260209S102615.639725E102615.639725_scanAz_slow.dat,4.3777
results2602/20260209S102616.601167E102616.601167_scanAz_slow.dat,4.2305
results2602/20260209S102617.564534E102617.564534_scanAz_slow.dat,4.3013
results2602/20260209S102618.517021E102618.517021_scanAz_slow.dat,4.3129
results2602/20260209S102619.479476E102619.479476_scanAz_slow.dat,4.2339
results2602/20260209S102620.441018E102620.441018_scanAz_slow.dat,4.4290
results2602/20260209S102621.396421E102621.396421_scanAz_slow.dat,4.3523
results2602/20260209S102622.358384E102622.358384_scanAz_slow.dat,4.2891
results2602/20260209S102623.318224E102623.318224_scanAz_slow.dat,3.9591
results2602/20260209S102624.277460E102624.277460_scanAz_slow.dat,4.2402
results2602/20260209S102625.239917E102625.239917_scanAz_slow.dat,4.1874
results2602/20260209S102626.200552E102626.200552_scanAz_slow.dat,4.2382
results2602/20260209S102627.160704E102627.160704_scanAz_slow.dat,4.2683
results2602/20260209S102628.117411E102628.117411_scanAz_slow.dat,3.9602
results2602/20260209S102629.079715E102629.079715_scanAz_slow.dat,4.2035
results2602/20260209S102630.037980E102630.037980_scanAz_slow.dat,4.2389
results2602/20260209S102630.997289E102630.997289_scanAz_slow.dat,4.0857
results2602/20260209S102631.956943E102631.956943_scanAz_slow.dat,4.3060
results2602/20260209S102632.918642E102632.918642_scanAz_slow.dat,4.0177
results2602/20260209S102633.878389E102633.878389_scanAz_slow.dat,4.3331
results2602/20260209S102634.837335E102634.837335_scanAz_slow.dat,4.2429
results2602/20260209S102635.797017E102635.797017_scanAz_slow.dat,4.0174
results2602/20260209S102636.756014E102636.756014_scanAz_slow.dat,4.0578
results2602/20260209S102637.721725E102637.721725_scanAz_slow.dat,4.3648
results2602/20260209S102638.677596E102638.677596_scanAz_slow.dat,4.0402
results2602/20260209S102639.639377E102639.639377_scanAz_slow.dat,4.0195
results2602/20260209S102640.602035E102640.602035_scanAz_slow.dat,4.3373
results2602/20260209S102641.559091E102641.559091_scanAz_slow.dat,4.2219
results2602/20260209S102642.521348E102642.521348_scanAz_slow.dat,4.4128
results2602/20260209S102643.482218E102643.482218_scanAz_slow.dat,4.2882
results2602/20260209S102644.439416E102644.439416_scanAz_slow.dat,4.3358
results2602/20260209S102645.398170E102645.398170_scanAz_slow.dat,3.8429
results2602/20260209S102646.359665E102646.359665_scanAz_slow.dat,4.0707
results2602/20260209S102647.318444E102647.318444_scanAz_slow.dat,4.1924
results2602/20260209S102648.278702E102648.278702_scanAz_slow.dat,4.1276
results2602/20260209S102649.240099E102649.240099_scanAz_slow.dat,4.1397
results2602/20260209S102650.199502E102650.199502_scanAz_slow.dat,4.4208
results2602/20260209S102651.161089E102651.161089_scanAz_slow.dat,4.2690
results2602/20260209S102652.121137E102652.121137_scanAz_slow.dat,4.2470
results2602/20260209S102653.078674E102653.078674_scanAz_slow.dat,4.1154
results2602/20260209S102654.040417E102654.040417_scanAz_slow.dat,4.3601
results2602/20260209S102654.999001E102654.999001_scanAz_slow.dat,4.3264
results2602/20260209S102655.959481E102655.959481_scanAz_slow.dat,4.2951
results2602/20260209S102656.920178E102656.920178_scanAz_slow.dat,4.2401
results2602/20260209S102657.880034E102657.880034_scanAz_slow.dat,4.2937
results2602/20260209S102658.837749E102658.837749_scanAz_slow.dat,4.0536
results2602/20260209S102659.801517E102659.801517_scanAz_slow.dat,4.3078
results2602/20260209S102700.760528E102700.760528_scanAz_slow.dat,4.1031
results2602/20260209S102701.721409E102701.721409_scanAz_slow.dat,4.0926
results2602/20260209S102702.681545E102702.681545_scanAz_slow.dat,4.2215
results2602/20260209S102703.640961E102703.640961_scanAz_slow.dat,4.0918
results2602/20260209S102704.601794E102704.601794_scanAz_slow.dat,4.2428
results2602/20260209S102705.558122E102705.558122_scanAz_slow.dat,3.9955
results2602/20260209S102706.517744E102706.517744_scanAz_slow.dat,4.0427
results2602/20260209S102707.478976E102707.478976_scanAz_slow.dat,4.1338
results2602/20260209S102708.440440E102708.440440_scanAz_slow.dat,4.1774
results2602/20260209S102709.398168E102709.398168_scanAz_slow.dat,4.2352
results2602/20260209S102710.361159E102710.361159_scanAz_slow.dat,4.1854
results2602/20260209S102711.318719E102711.318719_scanAz_slow.dat,4.2603
results2602/20260209S102712.277768E102712.277768_scanAz_slow.dat,4.3040
results2602/20260209S102713.240040E102713.240040_scanAz_slow.dat,3.9983
results2602/20260209S102714.195897E102714.195897_scanAz_slow.dat,4.0899
results2602/20260209S102715.160483E102715.160483_scanAz_slow.dat,4.2831
results2602/20260209S102716.116134E102716.116134_scanAz_slow.dat,4.1137
results2602/20260209S102717.076010E102717.076010_scanAz_slow.dat,3.9601
results2602/20260209S102718.037674E102718.037674_scanAz_slow.dat,4.1550
results2602/20260209S102718.999850E102718.999850_scanAz_slow.dat,4.1324
results2602/20260209S102719.956849E102719.956849_scanAz_slow.dat,4.4063
results2602/20260209S102720.917893E102720.917893_scanAz_slow.dat,4.0884
results2602/20260209S102721.875943E102721.875943_scanAz_slow.dat,4.2871
results2602/20260209S102722.840684E102722.840684_scanAz_slow.dat,4.3052
results2602/20260209S102723.801181E102723.801181_scanAz_slow.dat,4.2100
results2602/20260209S102724.756160E102724.756160_scanAz_slow.dat,4.1769
results2602/20260209S102725.716544E102725.716544_scanAz_slow.dat,4.4265
results2602/20260209S102726.676847E102726.676847_scanAz_slow.dat,4.4750
results2602/20260209S102727.642648E102727.642648_scanAz_slow.dat,4.3350
results2602/20260209S102728.600070E102728.600070_scanAz_slow.dat,4.1948
results2602/20260209S102729.560057E102729.560057_scanAz_slow.dat,4.1834
results2602/20260209S102730.522659E102730.522659_scanAz_slow.dat,4.1986
results2602/20260209S102731.480514E102731.480514_scanAz_slow.dat,4.1700
results2602/20260209S102732.442154E102732.442154_scanAz_slow.dat,4.3987
results2602/20260209S102733.398241E102733.398241_scanAz_slow.dat,4.1550
results2602/20260209S102734.360032E102734.360032_scanAz_slow.dat,4.0782
results2602/20260209S102735.316489E102735.316489_scanAz_slow.dat,4.1884
results2602/20260209S102736.279292E102736.279292_scanAz_slow.dat,4.2927
results2602/20260209S102737.241182E102737.241182_scanAz_slow.dat,4.3537
results2602/20260209S102738.202087E102738.202087_scanAz_slow.dat,4.3110
results2602/20260209S102739.156529E102739.156529_scanAz_slow.dat,4.1437
results2602/20260209S102740.121569E102740.121569_scanAz_slow.dat,4.1747
results2602/20260209S102741.076736E102741.076736_scanAz_slow.dat,4.2137
results2602/20260209S102742.040674E102742.040674_scanAz_slow.dat,4.2035
results2602/20260209S102743.000791E102743.000791_scanAz_slow.dat,4.2198
results2602/20260209S102743.960060E102743.960060_scanAz_slow.dat,4.3308
results2602/20260209S102744.921618E102744.921618_scanAz_slow.dat,4.0259
results2602/20260209S102745.878035E102745.878035_scanAz_slow.dat,4.4196
results2602/20260209S102746.842538E102746.842538_scanAz_slow.dat,4.2346
results2602/20260209S102747.798690E102747.798690_scanAz_slow.dat,4.0969
results2602/20260209S102748.758373E102748.758373_scanAz_slow.dat,4.2640
results2602/20260209S102749.723150E102749.723150_scanAz_slow.dat,4.1927
results2602/20260209S102750.680732E102750.680732_scanAz_slow.dat,4.1027
results2602/20260209S102751.641576E102751.641576_scanAz_slow.dat,4.0254
results2602/20260209S102752.597922E102752.597922_scanAz_slow.dat,4.5333
results2602/20260209S102753.561999E102753.561999_scanAz_slow.dat,4.2370
results2602/20260209S102754.523133E102754.523133_scanAz_slow.dat,4.3225
results2602/20260209S102755.483082E102755.483082_scanAz_slow.dat,3.9684
results2602/20260209S102756.441109E102756.441109_scanAz_slow.dat,4.1065
results2602/20260209S102757.402900E102757.402900_scanAz_slow.dat,4.3182
results2602/20260209S102758.360243E102758.360243_scanAz_slow.dat,4.1885
results2602/20260209S102759.322880E102759.322880_scanAz_slow.dat,4.2366
results2602/20260209S102800.280463E102800.280463_scanAz_slow.dat,4.0129
results2602/20260209S102801.239999E102801.239999_scanAz_slow.dat,4.0522
results2602/20260209S102802.201856E102802.201856_scanAz_slow.dat,4.1266
results2602/20260209S102803.160684E102803.160684_scanAz_slow.dat,4.2192
results2602/20260209S102804.121602E102804.121602_scanAz_slow.dat,4.2377
results2602/20260209S102805.081457E102805.081457_scanAz_slow.dat,4.0417
results2602/20260209S102806.041624E102806.041624_scanAz_slow.dat,4.1473
results2602/20260209S102807.001760E102807.001760_scanAz_slow.dat,4.2010
results2602/20260209S102807.962192E102807.962192_scanAz_slow.dat,4.3578
results2602/20260209S102808.922138E102808.922138_scanAz_slow.dat,4.2321
results2602/20260209S102809.888692E102809.888692_scanAz_slow.dat,4.3445
results2602/20260209S102810.838513E102810.838513_scanAz_slow.dat,4.2864
results2602/20260209S102811.801185E102811.801185_scanAz_slow.dat,4.1954
results2602/20260209S102812.761550E102812.761550_scanAz_slow.dat,4.0189
results2602/20260209S102813.721895E102813.721895_scanAz_slow.dat,4.3173
results2602/20260209S102814.678823E102814.678823_scanAz_slow.dat,4.2552
results2602/20260209S102815.640307E102815.640307_scanAz_slow.dat,4.2174
results2602/20260209S102816.599897E102816.599897_scanAz_slow.dat,4.2530
results2602/20260209S102817.559841E102817.559841_scanAz_slow.dat,4.2600
results2602/20260209S102818.522968E102818.522968_scanAz_slow.dat,4.2877
results2602/20260209S102819.483733E102819.483733_scanAz_slow.dat,4.2446
results2602/20260209S102820.439245E102820.439245_scanAz_slow.dat,4.1214
results2602/20260209S102821.401973E102821.401973_scanAz_slow.dat,4.2717
results2602/20260209S102822.361962E102822.361962_scanAz_slow.dat,3.9717
results2602/20260209S102823.323577E102823.323577_scanAz_slow.dat,3.9827
results2602/20260209S102824.282659E102824.282659_scanAz_slow.dat,4.0528
results2602/20260209S102825.241428E102825.241428_scanAz_slow.dat,4.3034
results2602/20260209S102826.200483E102826.200483_scanAz_slow.dat,4.1113
results2602/20260209S102827.158828E102827.158828_scanAz_slow.dat,4.2928
results2602/20260209S102828.119220E102828.119220_scanAz_slow.dat,4.2109
results2602/20260209S102829.082011E102829.082011_scanAz_slow.dat,4.1736
results2602/20260209S102830.037550E102830.037550_scanAz_slow.dat,4.1963
results2602/20260209S102830.997936E102830.997936_scanAz_slow.dat,4.1732
results2602/20260209S102831.959045E102831.959045_scanAz_slow.dat,3.9889
results2602/20260209S102832.919222E102832.919222_scanAz_slow.dat,4.3276
results2602/20260209S102833.881857E102833.881857_scanAz_slow.dat,4.2753
results2602/20260209S102834.841736E102834.841736_scanAz_slow.dat,4.0969
results2602/20260209S102835.803107E102835.803107_scanAz_slow.dat,4.0750
results2602/20260209S102836.763415E102836.763415_scanAz_slow.dat,4.1477
results2602/20260209S102837.718622E102837.718622_scanAz_slow.dat,4.1220
results2602/20260209S102838.678870E102838.678870_scanAz_slow.dat,4.3601
results2602/20260209S102839.641323E102839.641323_scanAz_slow.dat,4.2510
results2602/20260209S102840.601962E102840.601962_scanAz_slow.dat,4.3698
results2602/20260209S102841.563793E102841.563793_scanAz_slow.dat,4.0457
results2602/20260209S102842.521837E102842.521837_scanAz_slow.dat,4.0957
results2602/20260209S102843.478593E102843.478593_scanAz_slow.dat,4.2968
results2602/20260209S102844.441377E102844.441377_scanAz_slow.dat,4.3100
results2602/20260209S102845.403000E102845.403000_scanAz_slow.dat,4.2163
results2602/20260209S102846.363307E102846.363307_scanAz_slow.dat,4.1114
results2602/20260209S102847.323764E102847.323764_scanAz_slow.dat,4.0628
results2602/20260209S102848.281797E102848.281797_scanAz_slow.dat,4.0426
results2602/20260209S102849.242564E102849.242564_scanAz_slow.dat,4.1804
results2602/20260209S102850.198356E102850.198356_scanAz_slow.dat,3.9565
results2602/20260209S102851.161127E102851.161127_scanAz_slow.dat,4.2314
results2602/20260209S102852.121516E102852.121516_scanAz_slow.dat,4.1532
results2602/20260209S102853.080782E102853.080782_scanAz_slow.dat,4.0676
results2602/20260209S102854.040464E102854.040464_scanAz_slow.dat,3.8831
results2602/20260209S102855.001612E102855.001612_scanAz_slow.dat,4.0121
results2602/20260209S102855.961812E102855.961812_scanAz_slow.dat,4.0790
results2602/20260209S102856.922228E102856.922228_scanAz_slow.dat,4.0552
results2602/20260209S102857.883600E102857.883600_scanAz_slow.dat,4.2093
results2602/20260209S102858.838698E102858.838698_scanAz_slow.dat,4.2647
results2602/20260209S102859.801113E102859.801113_scanAz_slow.dat,4.1219
results2602/20260209S102900.764426E102900.764426_scanAz_slow.dat,4.3072
results2602/20260209S102901.721744E102901.721744_scanAz_slow.dat,4.3170
results2602/20260209S102902.682061E102902.682061_scanAz_slow.dat,4.0473
results2602/20260209S102903.637922E102903.637922_scanAz_slow.dat,4.0599
results2602/20260209S102904.598072E102904.598072_scanAz_slow.dat,4.0737
results2602/20260209S102905.561134E102905.561134_scanAz_slow.dat,4.4245
results2602/20260209S102906.523156E102906.523156_scanAz_slow.dat,4.0573
results2602/20260209S102907.483484E102907.483484_scanAz_slow.dat,4.1278
results2602/20260209S102908.439929E102908.439929_scanAz_slow.dat,4.2461
results2602/20260209S102909.403181E102909.403181_scanAz_slow.dat,4.1074
results2602/20260209S102910.364187E102910.364187_scanAz_slow.dat,4.2478
results2602/20260209S102911.317743E102911.317743_scanAz_slow.dat,4.3348
results2602/20260209S102912.281283E102912.281283_scanAz_slow.dat,4.0990
results2602/20260209S102913.242721E102913.242721_scanAz_slow.dat,4.1853
results2602/20260209S102914.201711E102914.201711_scanAz_slow.dat,4.2443
results2602/20260209S102915.163815E102915.163815_scanAz_slow.dat,4.0129
results2602/20260209S102916.119561E102916.119561_scanAz_slow.dat,4.3010
results2602/20260209S102917.080161E102917.080161_scanAz_slow.dat,4.3803
results2602/20260209S102918.039897E102918.039897_scanAz_slow.dat,4.1052
results2602/20260209S102919.003009E102919.003009_scanAz_slow.dat,4.0749
results2602/20260209S102919.962905E102919.962905_scanAz_slow.dat,4.0441
results2602/20260209S102920.917948E102920.917948_scanAz_slow.dat,3.9911
results2602/20260209S102921.880587E102921.880587_scanAz_slow.dat,4.1526
results2602/20260209S102922.839976E102922.839976_scanAz_slow.dat,4.0908
results2602/20260209S102923.800409E102923.800409_scanAz_slow.dat,4.1116
results2602/20260209S102924.760591E102924.760591_scanAz_slow.dat,4.0780
results2602/20260209S102925.719721E102925.719721_scanAz_slow.dat,4.1683
results2602/20260209S102926.682619E102926.682619_scanAz_slow.dat,4.1179
results2602/20260209S102927.643957E102927.643957_scanAz_slow.dat,4.1533
results2602/20260209S102928.600137E102928.600137_scanAz_slow.dat,4.0741
results2602/20260209S102929.562755E102929.562755_scanAz_slow.dat,4.2028
results2602/20260209S102930.518297E102930.518297_scanAz_slow.dat,4.2088
results2602/20260209S102931.482824E102931.482824_scanAz_slow.dat,4.1607
results2602/20260209S102932.439454E102932.439454_scanAz_slow.dat,4.1430
results2602/20260209S102933.401857E102933.401857_scanAz_slow.dat,4.1379
results2602/20260209S102934.362677E102934.362677_scanAz_slow.dat,4.0347
results2602/20260209S102935.322469E102935.322469_scanAz_slow.dat,4.1957
results2602/20260209S102936.283495E102936.283495_scanAz_slow.dat,4.1737
results2602/20260209S102937.240631E102937.240631_scanAz_slow.dat,4.1914
results2602/20260209S102938.202877E102938.202877_scanAz_slow.dat,4.0968
results2602/20260209S102939.164279E102939.164279_scanAz_slow.dat,4.0709
results2602/20260209S102940.122959E102940.122959_scanAz_slow.dat,4.1514
results2602/20260209S102941.082645E102941.082645_scanAz_slow.dat,4.2048
results2602/20260209S102942.042459E102942.042459_scanAz_slow.dat,4.2349
results2602/20260209S102943.003761E102943.003761_scanAz_slow.dat,4.1376
results2602/20260209S102943.964154E102943.964154_scanAz_slow.dat,4.1671
results2602/20260209S102944.919913E102944.919913_scanAz_slow.dat,4.2030
results2602/20260209S102945.881957E102945.881957_scanAz_slow.dat,4.2231
results2602/20260209S102946.842860E102946.842860_scanAz_slow.dat,4.2187
results2602/20260209S102947.799103E102947.799103_scanAz_slow.dat,4.1618
results2602/20260209S102948.759293E102948.759293_scanAz_slow.dat,4.2533
results2602/20260209S102949.720087E102949.720087_scanAz_slow.dat,4.3100
results2602/20260209S102950.682190E102950.682190_scanAz_slow.dat,4.1038
results2602/20260209S102951.639687E102951.639687_scanAz_slow.dat,4.1689
results2602/20260209S102952.601525E102952.601525_scanAz_slow.dat,4.0838
results2602/20260209S102953.564117E102953.564117_scanAz_slow.dat,4.0535
results2602/20260209S102954.520073E102954.520073_scanAz_slow.dat,4.0022
results2602/20260209S102955.480353E102955.480353_scanAz_slow.dat,4.0217
results2602/20260209S102956.443156E102956.443156_scanAz_slow.dat,4.3163
results2602/20260209S102957.402189E102957.402189_scanAz_slow.dat,4.1759
results2602/20260209S102958.363254E102958.363254_scanAz_slow.dat,4.3181
results2602/20260209S102959.323542E102959.323542_scanAz_slow.dat,4.2254
results2602/20260209S103000.279645E103000.279645_scanAz_slow.dat,4.3397
results2602/20260209S103001.242601E103001.242601_scanAz_slow.dat,4.0477
results2602/20260209S103002.199569E103002.199569_scanAz_slow.dat,4.1571
results2602/20260209S103003.172310E103003.172310_scanAz_slow.dat,4.1517
results2602/20260209S103004.122442E103004.122442_scanAz_slow.dat,4.2288
results2602/20260209S103005.083023E103005.083023_scanAz_slow.dat,4.2041
results2602/20260209S103006.041350E103006.041350_scanAz_slow.dat,4.0983
results2602/20260209S103007.000300E103007.000300_scanAz_slow.dat,4.2220
results2602/20260209S103007.964215E103007.964215_scanAz_slow.dat,4.2805
results2602/20260209S103008.921909E103008.921909_scanAz_slow.dat,4.2274
results2602/20260209S103009.880265E103009.880265_scanAz_slow.dat,4.1252
results2602/20260209S103010.842304E103010.842304_scanAz_slow.dat,4.2598
results2602/20260209S103011.804175E103011.804175_scanAz_slow.dat,4.0791
results2602/20260209S103012.760764E103012.760764_scanAz_slow.dat,4.0259
results2602/20260209S103013.723153E103013.723153_scanAz_slow.dat,4.2500
results2602/20260209S103014.684181E103014.684181_scanAz_slow.dat,4.0813
results2602/20260209S103015.639608E103015.639608_scanAz_slow.dat,4.1321
results2602/20260209S103016.601757E103016.601757_scanAz_slow.dat,4.0519
results2602/20260209S103017.564671E103017.564671_scanAz_slow.dat,4.3926
results2602/20260209S103018.520675E103018.520675_scanAz_slow.dat,4.2559
results2602/20260209S103019.482824E103019.482824_scanAz_slow.dat,4.1031
results2602/20260209S103020.444160E103020.444160_scanAz_slow.dat,4.1528
results2602/20260209S103021.399934E103021.399934_scanAz_slow.dat,3.9557
results2602/20260209S103022.361468E103022.361468_scanAz_slow.dat,4.1718
results2602/20260209S103023.321764E103023.321764_scanAz_slow.dat,4.0855
results2602/20260209S103024.282096E103024.282096_scanAz_slow.dat,4.1748
results2602/20260209S103025.244690E103025.244690_scanAz_slow.dat,4.1704
results2602/20260209S103026.201262E103026.201262_scanAz_slow.dat,4.1795
results2602/20260209S103027.163311E103027.163311_scanAz_slow.dat,4.1535
results2602/20260209S103028.123953E103028.123953_scanAz_slow.dat,4.1013
results2602/20260209S103029.080463E103029.080463_scanAz_slow.dat,4.1947
results2602/20260209S103030.040722E103030.040722_scanAz_slow.dat,4.3571
results2602/20260209S103031.004278E103031.004278_scanAz_slow.dat,4.3516
results2602/20260209S103031.960531E103031.960531_scanAz_slow.dat,3.9492
results2602/20260209S103032.921031E103032.921031_scanAz_slow.dat,3.9900
results2602/20260209S103033.882195E103033.882195_scanAz_slow.dat,4.0305
results2602/20260209S103034.843416E103034.843416_scanAz_slow.dat,4.3071
results2602/20260209S103035.806170E103035.806170_scanAz_slow.dat,4.2036
results2602/20260209S103036.760740E103036.760740_scanAz_slow.dat,4.1701
results2602/20260209S103037.721627E103037.721627_scanAz_slow.dat,4.3998
results2602/20260209S103038.683151E103038.683151_scanAz_slow.dat,4.1975
results2602/20260209S103039.640561E103039.640561_scanAz_slow.dat,4.1652
results2602/20260209S103040.600760E103040.600760_scanAz_slow.dat,4.0691
results2602/20260209S103041.560483E103041.560483_scanAz_slow.dat,4.1076
results2602/20260209S103042.523235E103042.523235_scanAz_slow.dat,4.3875
results2602/20260209S103043.483373E103043.483373_scanAz_slow.dat,4.1675
results2602/20260209S103044.440426E103044.440426_scanAz_slow.dat,4.1068
results2602/20260209S103045.400669E103045.400669_scanAz_slow.dat,4.1223
results2602/20260209S103046.363196E103046.363196_scanAz_slow.dat,4.3319
results2602/20260209S103047.322500E103047.322500_scanAz_slow.dat,4.1688
results2602/20260209S103048.283310E103048.283310_scanAz_slow.dat,4.2537
results2602/20260209S103049.243796E103049.243796_scanAz_slow.dat,4.1411
results2602/20260209S103050.204577E103050.204577_scanAz_slow.dat,4.1615
results2602/20260209S103051.165742E103051.165742_scanAz_slow.dat,4.2573
results2602/20260209S103052.120608E103052.120608_scanAz_slow.dat,4.2064
results2602/20260209S103053.082328E103053.082328_scanAz_slow.dat,4.1438
results2602/20260209S103054.042499E103054.042499_scanAz_slow.dat,4.2434
results2602/20260209S103055.001293E103055.001293_scanAz_slow.dat,4.0649
results2602/20260209S103055.962275E103055.962275_scanAz_slow.dat,4.2733
results2602/20260209S103056.921416E103056.921416_scanAz_slow.dat,3.9709
results2602/20260209S103057.883606E103057.883606_scanAz_slow.dat,4.1315
results2602/20260209S103058.843033E103058.843033_scanAz_slow.dat,4.1450
results2602/20260209S103059.803059E103059.803059_scanAz_slow.dat,4.0941
results2602/20260209S103100.760646E103100.760646_scanAz_slow.dat,4.1167
results2602/20260209S103101.722549E103101.722549_scanAz_slow.dat,4.2046
results2602/20260209S103102.683886E103102.683886_scanAz_slow.dat,4.3484
results2602/20260209S103103.644732E103103.644732_scanAz_slow.dat,4.0852
results2602/20260209S103104.602162E103104.602162_scanAz_slow.dat,4.3712
results2602/20260209S103105.562511E103105.562511_scanAz_slow.dat,4.3172
results2602/20260209S103106.526232E103106.526232_scanAz_slow.dat,4.0982
results2602/20260209S103107.481005E103107.481005_scanAz_slow.dat,4.2964
results2602/20260209S103108.449056E103108.449056_scanAz_slow.dat,4.1730
results2602/20260209S103109.405268E103109.405268_scanAz_slow.dat,4.2817
results2602/20260209S103110.360890E103110.360890_scanAz_slow.dat,4.3167
results2602/20260209S103111.323952E103111.323952_scanAz_slow.dat,4.2213
results2602/20260209S103112.283146E103112.283146_scanAz_slow.dat,4.1538
results2602/20260209S103113.244176E103113.244176_scanAz_slow.dat,4.0590
results2602/20260209S103114.202629E103114.202629_scanAz_slow.dat,4.1807
results2602/20260209S103115.164102E103115.164102_scanAz_slow.dat,4.0773
results2602/20260209S103116.123743E103116.123743_scanAz_slow.dat,4.0899
results2602/20260209S103117.079471E103117.079471_scanAz_slow.dat,4.2907
results2602/20260209S103118.042096E103118.042096_scanAz_slow.dat,4.1047
results2602/20260209S103119.000906E103119.000906_scanAz_slow.dat,4.1583
results2602/20260209S103119.963857E103119.963857_scanAz_slow.dat,4.2555
results2602/20260209S103120.924100E103120.924100_scanAz_slow.dat,4.1189
results2602/20260209S103121.882523E103121.882523_scanAz_slow.dat,4.1296
results2602/20260209S103122.843369E103122.843369_scanAz_slow.dat,4.0255
results2602/20260209S103123.803948E103123.803948_scanAz_slow.dat,4.0055
results2602/20260209S103124.763062E103124.763062_scanAz_slow.dat,4.2520
results2602/20260209S103125.725764E103125.725764_scanAz_slow.dat,4.1685
results2602/20260209S103126.682443E103126.682443_scanAz_slow.dat,4.1330
results2602/20260209S103127.643286E103127.643286_scanAz_slow.dat,4.3060
results2602/20260209S103128.603829E103128.603829_scanAz_slow.dat,4.3488
results2602/20260209S103129.559952E103129.559952_scanAz_slow.dat,4.2658
results2602/20260209S103130.522538E103130.522538_scanAz_slow.dat,4.0759
results2602/20260209S103131.480673E103131.480673_scanAz_slow.dat,3.9658
results2602/20260209S103132.442122E103132.442122_scanAz_slow.dat,4.1101
results2602/20260209S103133.403451E103133.403451_scanAz_slow.dat,4.3566
results2602/20260209S103134.360028E103134.360028_scanAz_slow.dat,4.1636
results2602/20260209S103135.326579E103135.326579_scanAz_slow.dat,4.1424
results2602/20260209S103136.280205E103136.280205_scanAz_slow.dat,4.2606
results2602/20260209S103137.242144E103137.242144_scanAz_slow.dat,4.2612
results2602/20260209S103138.207079E103138.207079_scanAz_slow.dat,4.0444
results2602/20260209S103139.163040E103139.163040_scanAz_slow.dat,4.2682
results2602/20260209S103140.121277E103140.121277_scanAz_slow.dat,4.1694
results2602/20260209S103141.082615E103141.082615_scanAz_slow.dat,4.1765
results2602/20260209S103142.042150E103142.042150_scanAz_slow.dat,4.2958
results2602/20260209S103143.003654E103143.003654_scanAz_slow.dat,4.2067
results2602/20260209S103143.965868E103143.965868_scanAz_slow.dat,3.8918
results2602/20260209S103144.922487E103144.922487_scanAz_slow.dat,4.1254
results2602/20260209S103145.885366E103145.885366_scanAz_slow.dat,4.2288
results2602/20260209S103146.841529E103146.841529_scanAz_slow.dat,4.4466
results2602/20260209S103147.802953E103147.802953_scanAz_slow.dat,4.0375
results2602/20260209S103148.763095E103148.763095_scanAz_slow.dat,3.9781
results2602/20260209S103149.723954E103149.723954_scanAz_slow.dat,4.2158
results2602/20260209S103150.684369E103150.684369_scanAz_slow.dat,4.3464
results2602/20260209S103151.646378E103151.646378_scanAz_slow.dat,4.2825
results2602/20260209S103152.601509E103152.601509_scanAz_slow.dat,4.0993
results2602/20260209S103153.561752E103153.561752_scanAz_slow.dat,4.1805
results2602/20260209S103154.524464E103154.524464_scanAz_slow.dat,4.0389
results2602/20260209S103155.480033E103155.480033_scanAz_slow.dat,3.9842
results2602/20260209S103156.444369E103156.444369_scanAz_slow.dat,4.2607
results2602/20260209S103157.401829E103157.401829_scanAz_slow.dat,4.1834
results2602/20260209S103158.363575E103158.363575_scanAz_slow.dat,4.1048
results2602/20260209S103159.319631E103159.319631_scanAz_slow.dat,4.1667
results2602/20260209S103200.281171E103200.281171_scanAz_slow.dat,4.1083
results2602/20260209S103201.244644E103201.244644_scanAz_slow.dat,3.9512
results2602/20260209S103202.201968E103202.201968_scanAz_slow.dat,4.0503
results2602/20260209S103203.165212E103203.165212_scanAz_slow.dat,4.0201
results2602/20260209S103204.126221E103204.126221_scanAz_slow.dat,4.3301
results2602/20260209S103205.081955E103205.081955_scanAz_slow.dat,4.2275
results2602/20260209S103206.043694E103206.043694_scanAz_slow.dat,4.4011
results2602/20260209S103207.004112E103207.004112_scanAz_slow.dat,4.1435
results2602/20260209S103207.961492E103207.961492_scanAz_slow.dat,4.0757
results2602/20260209S103208.923996E103208.923996_scanAz_slow.dat,4.1577
results2602/20260209S103209.885299E103209.885299_scanAz_slow.dat,4.2409
results2602/20260209S103210.845910E103210.845910_scanAz_slow.dat,4.0810
results2602/20260209S103211.803193E103211.803193_scanAz_slow.dat,4.0092
results2602/20260209S103212.762144E103212.762144_scanAz_slow.dat,3.9615
results2602/20260209S103213.725195E103213.725195_scanAz_slow.dat,4.1959
results2602/20260209S103214.682200E103214.682200_scanAz_slow.dat,4.2610
results2602/20260209S103215.644259E103215.644259_scanAz_slow.dat,4.0993
results2602/20260209S103216.600307E103216.600307_scanAz_slow.dat,4.1985
results2602/20260209S103217.560755E103217.560755_scanAz_slow.dat,4.4042
results2602/20260209S103218.524622E103218.524622_scanAz_slow.dat,4.2119
results2602/20260209S103219.481442E103219.481442_scanAz_slow.dat,4.1623
results2602/20260209S103220.443270E103220.443270_scanAz_slow.dat,4.2472
results2602/20260209S103221.402431E103221.402431_scanAz_slow.dat,4.1320
results2602/20260209S103222.363709E103222.363709_scanAz_slow.dat,4.0218
results2602/20260209S103223.326244E103223.326244_scanAz_slow.dat,4.0241
results2602/20260209S103224.285209E103224.285209_scanAz_slow.dat,4.0634
results2602/20260209S103225.242228E103225.242228_scanAz_slow.dat,4.1270
results2602/20260209S103226.203656E103226.203656_scanAz_slow.dat,4.1473
results2602/20260209S103227.165750E103227.165750_scanAz_slow.dat,4.1823
results2602/20260209S103228.122269E103228.122269_scanAz_slow.dat,4.0776
results2602/20260209S103229.086551E103229.086551_scanAz_slow.dat,4.3836
results2602/20260209S103230.045123E103230.045123_scanAz_slow.dat,4.2259
results2602/20260209S103231.006023E103231.006023_scanAz_slow.dat,4.2163
results2602/20260209S103231.965224E103231.965224_scanAz_slow.dat,4.2731
results2602/20260209S103232.927078E103232.927078_scanAz_slow.dat,4.2120
results2602/20260209S103233.884500E103233.884500_scanAz_slow.dat,4.1010
results2602/20260209S103234.841458E103234.841458_scanAz_slow.dat,4.1835
results2602/20260209S103235.804419E103235.804419_scanAz_slow.dat,4.2054
results2602/20260209S103236.765901E103236.765901_scanAz_slow.dat,4.1123
results2602/20260209S103237.723758E103237.723758_scanAz_slow.dat,4.2669
results2602/20260209S103238.685446E103238.685446_scanAz_slow.dat,4.1422
results2602/20260209S103239.645866E103239.645866_scanAz_slow.dat,4.0551
results2602/20260209S103240.603348E103240.603348_scanAz_slow.dat,4.1495
results2602/20260209S103241.565381E103241.565381_scanAz_slow.dat,4.1534
results2602/20260209S103242.524126E103242.524126_scanAz_slow.dat,4.2793
results2602/20260209S103243.486979E103243.486979_scanAz_slow.dat,4.4313
results2602/20260209S103244.443844E103244.443844_scanAz_slow.dat,4.1353
results2602/20260209S103245.403446E103245.403446_scanAz_slow.dat,4.0155
results2602/20260209S103246.365767E103246.365767_scanAz_slow.dat,4.0848
results2602/20260209S103247.326219E103247.326219_scanAz_slow.dat,4.0511
results2602/20260209S103248.283018E103248.283018_scanAz_slow.dat,4.1918
results2602/20260209S103249.242057E103249.242057_scanAz_slow.dat,4.3832
results2602/20260209S103250.205307E103250.205307_scanAz_slow.dat,4.1877
results2602/20260209S103251.165328E103251.165328_scanAz_slow.dat,4.2241
results2602/20260209S103252.122915E103252.122915_scanAz_slow.dat,4.1870
results2602/20260209S103253.086467E103253.086467_scanAz_slow.dat,3.9043
results2602/20260209S103254.046265E103254.046265_scanAz_slow.dat,4.2134
results2602/20260209S103255.004704E103255.004704_scanAz_slow.dat,4.2005
results2602/20260209S103255.965320E103255.965320_scanAz_slow.dat,4.2984
results2602/20260209S103256.922154E103256.922154_scanAz_slow.dat,4.2049
results2602/20260209S103257.884227E103257.884227_scanAz_slow.dat,4.3839
results2602/20260209S103258.843763E103258.843763_scanAz_slow.dat,4.2209
results2602/20260209S103259.800477E103259.800477_scanAz_slow.dat,4.1850
results2602/20260209S103300.767049E103300.767049_scanAz_slow.dat,4.0694
results2602/20260209S103301.724097E103301.724097_scanAz_slow.dat,4.1714
results2602/20260209S103302.686905E103302.686905_scanAz_slow.dat,4.0471
results2602/20260209S103303.641994E103303.641994_scanAz_slow.dat,4.1445
results2602/20260209S103304.604901E103304.604901_scanAz_slow.dat,3.9795
results2602/20260209S103305.565405E103305.565405_scanAz_slow.dat,4.2423
results2602/20260209S103306.526663E103306.526663_scanAz_slow.dat,4.1646
results2602/20260209S103307.484161E103307.484161_scanAz_slow.dat,4.0868
results2602/20260209S103308.445359E103308.445359_scanAz_slow.dat,4.0149
results2602/20260209S103309.401015E103309.401015_scanAz_slow.dat,3.9144
results2602/20260209S103310.366817E103310.366817_scanAz_slow.dat,3.8889
results2602/20260209S103311.324017E103311.324017_scanAz_slow.dat,4.2192
results2602/20260209S103312.286486E103312.286486_scanAz_slow.dat,4.0345
results2602/20260209S103313.242759E103313.242759_scanAz_slow.dat,4.4014
results2602/20260209S103314.205514E103314.205514_scanAz_slow.dat,4.3061
results2602/20260209S103315.164014E103315.164014_scanAz_slow.dat,4.2114
results2602/20260209S103316.124833E103316.124833_scanAz_slow.dat,4.1084
results2602/20260209S103317.086674E103317.086674_scanAz_slow.dat,4.0197
results2602/20260209S103318.046192E103318.046192_scanAz_slow.dat,4.2303
results2602/20260209S103319.003000E103319.003000_scanAz_slow.dat,4.0628
results2602/20260209S103319.965590E103319.965590_scanAz_slow.dat,4.1824
results2602/20260209S103320.925202E103320.925202_scanAz_slow.dat,3.9798
results2602/20260209S103321.885418E103321.885418_scanAz_slow.dat,4.2668
results2602/20260209S103322.848023E103322.848023_scanAz_slow.dat,4.2081
results2602/20260209S103323.802889E103323.802889_scanAz_slow.dat,4.1988
results2602/20260209S103324.765406E103324.765406_scanAz_slow.dat,4.0306
results2602/20260209S103325.726949E103325.726949_scanAz_slow.dat,4.0007
results2602/20260209S103326.687169E103326.687169_scanAz_slow.dat,4.1324
results2602/20260209S103327.645663E103327.645663_scanAz_slow.dat,4.1095
results2602/20260209S103328.607230E103328.607230_scanAz_slow.dat,4.0298
results2602/20260209S103329.564684E103329.564684_scanAz_slow.dat,4.0343
results2602/20260209S103330.527260E103330.527260_scanAz_slow.dat,4.1997
results2602/20260209S103331.485044E103331.485044_scanAz_slow.dat,4.1665
results2602/20260209S103332.442671E103332.442671_scanAz_slow.dat,4.1832
results2602/20260209S103333.404315E103333.404315_scanAz_slow.dat,4.1283
results2602/20260209S103334.362742E103334.362742_scanAz_slow.dat,4.0018
results2602/20260209S103335.325214E103335.325214_scanAz_slow.dat,4.0518
results2602/20260209S103336.286990E103336.286990_scanAz_slow.dat,4.2972
results2602/20260209S103337.243318E103337.243318_scanAz_slow.dat,4.2770
results2602/20260209S103338.203110E103338.203110_scanAz_slow.dat,4.0469
results2602/20260209S103339.162864E103339.162864_scanAz_slow.dat,4.0647
results2602/20260209S103340.123776E103340.123776_scanAz_slow.dat,4.1388
results2602/20260209S103341.083592E103341.083592_scanAz_slow.dat,4.3214
results2602/20260209S103342.044770E103342.044770_scanAz_slow.dat,4.3458
results2602/20260209S103343.008038E103343.008038_scanAz_slow.dat,4.2911
results2602/20260209S103343.966556E103343.966556_scanAz_slow.dat,4.1299
results2602/20260209S103344.924410E103344.924410_scanAz_slow.dat,4.1247
results2602/20260209S103345.887215E103345.887215_scanAz_slow.dat,4.1449
results2602/20260209S103346.841372E103346.841372_scanAz_slow.dat,4.2052
results2602/20260209S103347.801224E103347.801224_scanAz_slow.dat,4.1595
results2602/20260209S103348.761723E103348.761723_scanAz_slow.dat,4.1357
results2602/20260209S103349.724576E103349.724576_scanAz_slow.dat,4.2505
results2602/20260209S103350.686820E103350.686820_scanAz_slow.dat,3.9733
results2602/20260209S103351.643546E103351.643546_scanAz_slow.dat,4.2101
results2602/20260209S103352.605091E103352.605091_scanAz_slow.dat,4.0719
results2602/20260209S103353.563423E103353.563423_scanAz_slow.dat,4.2420
results2602/20260209S103354.523536E103354.523536_scanAz_slow.dat,4.2080
results2602/20260209S103355.486956E103355.486956_scanAz_slow.dat,4.1890
results2602/20260209S103356.445097E103356.445097_scanAz_slow.dat,3.9241
results2602/20260209S103357.403621E103357.403621_scanAz_slow.dat,4.1855
results2602/20260209S103358.364366E103358.364366_scanAz_slow.dat,4.1969
results2602/20260209S103359.327251E103359.327251_scanAz_slow.dat,4.1530
results2602/20260209S103400.284690E103400.284690_scanAz_slow.dat,4.1997
results2602/20260209S103401.246126E103401.246126_scanAz_slow.dat,4.1939
results2602/20260209S103402.202394E103402.202394_scanAz_slow.dat,4.1804
results2602/20260209S103403.162042E103403.162042_scanAz_slow.dat,4.2061
results2602/20260209S103404.124712E103404.124712_scanAz_slow.dat,4.0708
results2602/20260209S103405.086477E103405.086477_scanAz_slow.dat,4.1019
results2602/20260209S103406.046741E103406.046741_scanAz_slow.dat,4.1894
results2602/20260209S103407.003648E103407.003648_scanAz_slow.dat,4.2246
results2602/20260209S103407.966609E103407.966609_scanAz_slow.dat,4.2458
results2602/20260209S103408.921645E103408.921645_scanAz_slow.dat,4.4303
results2602/20260209S103409.882702E103409.882702_scanAz_slow.dat,4.1202
results2602/20260209S103410.841844E103410.841844_scanAz_slow.dat,4.2290
results2602/20260209S103411.802728E103411.802728_scanAz_slow.dat,4.1772
results2602/20260209S103412.762926E103412.762926_scanAz_slow.dat,4.2328
results2602/20260209S103413.724307E103413.724307_scanAz_slow.dat,4.2269
results2602/20260209S103414.684012E103414.684012_scanAz_slow.dat,4.0117
results2602/20260209S103415.645459E103415.645459_scanAz_slow.dat,4.0839
results2602/20260209S103416.605096E103416.605096_scanAz_slow.dat,4.1271
results2602/20260209S103417.567712E103417.567712_scanAz_slow.dat,4.2048
results2602/20260209S103418.521738E103418.521738_scanAz_slow.dat,4.2120
results2602/20260209S103419.483573E103419.483573_scanAz_slow.dat,4.4021
results2602/20260209S103420.441717E103420.441717_scanAz_slow.dat,4.2156
results2602/20260209S103421.404307E103421.404307_scanAz_slow.dat,4.0629
results2602/20260209S103422.366296E103422.366296_scanAz_slow.dat,4.1511
results2602/20260209S103423.327659E103423.327659_scanAz_slow.dat,4.1784
results2602/20260209S103424.283570E103424.283570_scanAz_slow.dat,4.2155
results2602/20260209S103425.245125E103425.245125_scanAz_slow.dat,4.1807
results2602/20260209S103426.208314E103426.208314_scanAz_slow.dat,4.1401
results2602/20260209S103427.166282E103427.166282_scanAz_slow.dat,3.8434
results2602/20260209S103428.127772E103428.127772_scanAz_slow.dat,4.3590
results2602/20260209S103429.082297E103429.082297_scanAz_slow.dat,4.0961
results2602/20260209S103430.043784E103430.043784_scanAz_slow.dat,4.2109
results2602/20260209S103431.002898E103431.002898_scanAz_slow.dat,4.0920
results2602/20260209S103431.966995E103431.966995_scanAz_slow.dat,4.1877
results2602/20260209S103432.924198E103432.924198_scanAz_slow.dat,4.1950
results2602/20260209S103433.885156E103433.885156_scanAz_slow.dat,4.1386
results2602/20260209S103434.848574E103434.848574_scanAz_slow.dat,3.9000
results2602/20260209S103435.806600E103435.806600_scanAz_slow.dat,4.1305
results2602/20260209S103436.762233E103436.762233_scanAz_slow.dat,4.2437
results2602/20260209S103437.722131E103437.722131_scanAz_slow.dat,4.2263
results2602/20260209S103438.688127E103438.688127_scanAz_slow.dat,4.0009
results2602/20260209S103439.643879E103439.643879_scanAz_slow.dat,4.3019
results2602/20260209S103440.606166E103440.606166_scanAz_slow.dat,4.0907
results2602/20260209S103441.567773E103441.567773_scanAz_slow.dat,4.0392
results2602/20260209S103442.524257E103442.524257_scanAz_slow.dat,4.3450
results2602/20260209S103443.484847E103443.484847_scanAz_slow.dat,4.1362
results2602/20260209S103444.448359E103444.448359_scanAz_slow.dat,4.1990
results2602/20260209S103445.405945E103445.405945_scanAz_slow.dat,4.0304
results2602/20260209S103446.364909E103446.364909_scanAz_slow.dat,4.1649
results2602/20260209S103447.328042E103447.328042_scanAz_slow.dat,4.2728
results2602/20260209S103448.288112E103448.288112_scanAz_slow.dat,4.1755
results2602/20260209S103449.244393E103449.244393_scanAz_slow.dat,4.1859
results2602/20260209S103450.202922E103450.202922_scanAz_slow.dat,4.2847
results2602/20260209S103451.164538E103451.164538_scanAz_slow.dat,4.2645
results2602/20260209S103452.126680E103452.126680_scanAz_slow.dat,4.0443
results2602/20260209S103453.084074E103453.084074_scanAz_slow.dat,4.3196
results2602/20260209S103454.042374E103454.042374_scanAz_slow.dat,4.3637
results2602/20260209S103455.007110E103455.007110_scanAz_slow.dat,4.0807
results2602/20260209S103455.964325E103455.964325_scanAz_slow.dat,4.3170
results2602/20260209S103456.927418E103456.927418_scanAz_slow.dat,4.2915
results2602/20260209S103457.884320E103457.884320_scanAz_slow.dat,4.1685
results2602/20260209S103458.846562E103458.846562_scanAz_slow.dat,4.1422
results2602/20260209S103459.803557E103459.803557_scanAz_slow.dat,4.3343
results2602/20260209S103500.765657E103500.765657_scanAz_slow.dat,4.1933
results2602/20260209S103501.727188E103501.727188_scanAz_slow.dat,4.0697
results2602/20260209S103502.685747E103502.685747_scanAz_slow.dat,4.0168
results2602/20260209S103503.645445E103503.645445_scanAz_slow.dat,4.1323
results2602/20260209S103504.604132E103504.604132_scanAz_slow.dat,4.0815
results2602/20260209S103505.564614E103505.564614_scanAz_slow.dat,4.2558
results2602/20260209S103506.526176E103506.526176_scanAz_slow.dat,4.0097
results2602/20260209S103507.484334E103507.484334_scanAz_slow.dat,4.2795
results2602/20260209S103508.442675E103508.442675_scanAz_slow.dat,4.1383
results2602/20260209S103509.402680E103509.402680_scanAz_slow.dat,4.1247
results2602/20260209S103510.365433E103510.365433_scanAz_slow.dat,4.1627
results2602/20260209S103511.326638E103511.326638_scanAz_slow.dat,4.1276
results2602/20260209S103512.287529E103512.287529_scanAz_slow.dat,4.2744
results2602/20260209S103513.245103E103513.245103_scanAz_slow.dat,4.1819
results2602/20260209S103514.205682E103514.205682_scanAz_slow.dat,4.0163
results2602/20260209S103515.166358E103515.166358_scanAz_slow.dat,4.2970
results2602/20260209S103516.127841E103516.127841_scanAz_slow.dat,4.0796
results2602/20260209S103517.089279E103517.089279_scanAz_slow.dat,4.0728
results2602/20260209S103518.045751E103518.045751_scanAz_slow.dat,4.1694
results2602/20260209S103519.003470E103519.003470_scanAz_slow.dat,4.2089
results2602/20260209S103519.964473E103519.964473_scanAz_slow.dat,4.1702
results2602/20260209S103520.926463E103520.926463_scanAz_slow.dat,4.2487
results2602/20260209S103521.886956E103521.886956_scanAz_slow.dat,4.1264
results2602/20260209S103522.848489E103522.848489_scanAz_slow.dat,4.2400
results2602/20260209S103523.805043E103523.805043_scanAz_slow.dat,4.2892
results2602/20260209S103524.767060E103524.767060_scanAz_slow.dat,4.2113
results2602/20260209S103525.726963E103525.726963_scanAz_slow.dat,4.0926
results2602/20260209S103526.686056E103526.686056_scanAz_slow.dat,4.1710
results2602/20260209S103527.645609E103527.645609_scanAz_slow.dat,4.1446
results2602/20260209S103528.605415E103528.605415_scanAz_slow.dat,4.1013
results2602/20260209S103529.565754E103529.565754_scanAz_slow.dat,4.1181
results2602/20260209S103530.527366E103530.527366_scanAz_slow.dat,3.9120
results2602/20260209S103531.488652E103531.488652_scanAz_slow.dat,3.9244
results2602/20260209S103532.442446E103532.442446_scanAz_slow.dat,4.2430
results2602/20260209S103533.405300E103533.405300_scanAz_slow.dat,4.3152
results2602/20260209S103534.367672E103534.367672_scanAz_slow.dat,4.3469
results2602/20260209S103535.327285E103535.327285_scanAz_slow.dat,4.3375
results2602/20260209S103536.284707E103536.284707_scanAz_slow.dat,4.1367
results2602/20260209S103537.248969E103537.248969_scanAz_slow.dat,4.1677
results2602/20260209S103538.205237E103538.205237_scanAz_slow.dat,4.4627
results2602/20260209S103539.169756E103539.169756_scanAz_slow.dat,4.1800
results2602/20260209S103540.124109E103540.124109_scanAz_slow.dat,4.3070
results2602/20260209S103541.082945E103541.082945_scanAz_slow.dat,4.1617
results2602/20260209S103542.043832E103542.043832_scanAz_slow.dat,4.1630
results2602/20260209S103543.006094E103543.006094_scanAz_slow.dat,4.0143
results2602/20260209S103543.966911E103543.966911_scanAz_slow.dat,4.1373
results2602/20260209S103544.928492E103544.928492_scanAz_slow.dat,4.1866
results2602/20260209S103545.884040E103545.884040_scanAz_slow.dat,4.2145
results2602/20260209S103546.848005E103546.848005_scanAz_slow.dat,4.3263
results2602/20260209S103547.807178E103547.807178_scanAz_slow.dat,4.3202
results2602/20260209S103548.767554E103548.767554_scanAz_slow.dat,4.2614
results2602/20260209S103549.728082E103549.728082_scanAz_slow.dat,4.1073
results2602/20260209S103550.689365E103550.689365_scanAz_slow.dat,4.1401
results2602/20260209S103551.644816E103551.644816_scanAz_slow.dat,4.2307
results2602/20260209S103552.604139E103552.604139_scanAz_slow.dat,4.4375
results2602/20260209S103553.566300E103553.566300_scanAz_slow.dat,4.3350
results2602/20260209S103554.526536E103554.526536_scanAz_slow.dat,4.2214
results2602/20260209S103555.488031E103555.488031_scanAz_slow.dat,4.2074
results2602/20260209S103556.448024E103556.448024_scanAz_slow.dat,4.2001
results2602/20260209S103557.406814E103557.406814_scanAz_slow.dat,4.0825
results2602/20260209S103558.366060E103558.366060_scanAz_slow.dat,4.2184
results2602/20260209S103559.328211E103559.328211_scanAz_slow.dat,4.1244
results2602/20260209S103600.287062E103600.287062_scanAz_slow.dat,4.3615
results2602/20260209S103601.248816E103601.248816_scanAz_slow.dat,4.2396
results2602/20260209S103602.208564E103602.208564_scanAz_slow.dat,4.2805
results2602/20260209S103603.164579E103603.164579_scanAz_slow.dat,4.4661
results2602/20260209S103604.124749E103604.124749_scanAz_slow.dat,4.1087
results2602/20260209S103605.086499E103605.086499_scanAz_slow.dat,4.0648
results2602/20260209S103606.049743E103606.049743_scanAz_slow.dat,4.5075
results2602/20260209S103607.005019E103607.005019_scanAz_slow.dat,4.2910
results2602/20260209S103607.966708E103607.966708_scanAz_slow.dat,4.4197
results2602/20260209S103608.928201E103608.928201_scanAz_slow.dat,4.2495
results2602/20260209S103609.884774E103609.884774_scanAz_slow.dat,4.2569
results2602/20260209S103610.845164E103610.845164_scanAz_slow.dat,4.1560
results2602/20260209S103611.805847E103611.805847_scanAz_slow.dat,4.3592
results2602/20260209S103612.765883E103612.765883_scanAz_slow.dat,4.1993
results2602/20260209S103613.724067E103613.724067_scanAz_slow.dat,4.1998
results2602/20260209S103614.685759E103614.685759_scanAz_slow.dat,4.0525
results2602/20260209S103615.644490E103615.644490_scanAz_slow.dat,4.1616
results2602/20260209S103616.608125E103616.608125_scanAz_slow.dat,4.1192
results2602/20260209S103617.568581E103617.568581_scanAz_slow.dat,4.2345
results2602/20260209S103618.524240E103618.524240_scanAz_slow.dat,4.1056
results2602/20260209S103619.487568E103619.487568_scanAz_slow.dat,4.0616
results2602/20260209S103620.449745E103620.449745_scanAz_slow.dat,4.4249
results2602/20260209S103621.408837E103621.408837_scanAz_slow.dat,4.3130
results2602/20260209S103622.365585E103622.365585_scanAz_slow.dat,4.1988
results2602/20260209S103623.329368E103623.329368_scanAz_slow.dat,4.2279
results2602/20260209S103624.286681E103624.286681_scanAz_slow.dat,4.0908
results2602/20260209S103625.249909E103625.249909_scanAz_slow.dat,4.2269
results2602/20260209S103626.207737E103626.207737_scanAz_slow.dat,4.1317
results2602/20260209S103627.167717E103627.167717_scanAz_slow.dat,3.9391
results2602/20260209S103628.130184E103628.130184_scanAz_slow.dat,4.2320
results2602/20260209S103629.087100E103629.087100_scanAz_slow.dat,4.0899
results2602/20260209S103630.049656E103630.049656_scanAz_slow.dat,4.2096
results2602/20260209S103631.008159E103631.008159_scanAz_slow.dat,3.8828
results2602/20260209S103631.965347E103631.965347_scanAz_slow.dat,3.9099
results2602/20260209S103632.927294E103632.927294_scanAz_slow.dat,4.1928
results2602/20260209S103633.889266E103633.889266_scanAz_slow.dat,4.1856
results2602/20260209S103634.845744E103634.845744_scanAz_slow.dat,4.3257
results2602/20260209S103635.806754E103635.806754_scanAz_slow.dat,4.0724
results2602/20260209S103636.769344E103636.769344_scanAz_slow.dat,4.2012
results2602/20260209S103637.725528E103637.725528_scanAz_slow.dat,4.0208
results2602/20260209S103638.687995E103638.687995_scanAz_slow.dat,4.1361
results2602/20260209S103639.649754E103639.649754_scanAz_slow.dat,4.1343
results2602/20260209S103640.603919E103640.603919_scanAz_slow.dat,4.3994
results2602/20260209S103641.569544E103641.569544_scanAz_slow.dat,4.1571
results2602/20260209S103642.525458E103642.525458_scanAz_slow.dat,4.1901
results2602/20260209S103643.487684E103643.487684_scanAz_slow.dat,4.2866
results2602/20260209S103644.445735E103644.445735_scanAz_slow.dat,4.1773
results2602/20260209S103645.407074E103645.407074_scanAz_slow.dat,4.2067
results2602/20260209S103646.368023E103646.368023_scanAz_slow.dat,4.2616
results2602/20260209S103647.324638E103647.324638_scanAz_slow.dat,4.0772
results2602/20260209S103648.287480E103648.287480_scanAz_slow.dat,4.2190
results2602/20260209S103649.249851E103649.249851_scanAz_slow.dat,4.1747
results2602/20260209S103650.205936E103650.205936_scanAz_slow.dat,4.1211
results2602/20260209S103651.166033E103651.166033_scanAz_slow.dat,4.2779
results2602/20260209S103652.127706E103652.127706_scanAz_slow.dat,4.1762
results2602/20260209S103653.084406E103653.084406_scanAz_slow.dat,4.0858
results2602/20260209S103654.049956E103654.049956_scanAz_slow.dat,4.1034
results2602/20260209S103655.005499E103655.005499_scanAz_slow.dat,4.2859
results2602/20260209S103655.965749E103655.965749_scanAz_slow.dat,4.1224
results2602/20260209S103656.929035E103656.929035_scanAz_slow.dat,4.1803
results2602/20260209S103657.889203E103657.889203_scanAz_slow.dat,4.2009
results2602/20260209S103658.845449E103658.845449_scanAz_slow.dat,4.2533
results2602/20260209S103659.807329E103659.807329_scanAz_slow.dat,4.0321
results2602/20260209S103700.770222E103700.770222_scanAz_slow.dat,4.2300
results2602/20260209S103701.724870E103701.724870_scanAz_slow.dat,4.1168
results2602/20260209S103702.687080E103702.687080_scanAz_slow.dat,4.0969
results2602/20260209S103703.649843E103703.649843_scanAz_slow.dat,4.2128
results2602/20260209S103704.605764E103704.605764_scanAz_slow.dat,3.9731
results2602/20260209S103705.567263E103705.567263_scanAz_slow.dat,4.1706
results2602/20260209S103706.526574E103706.526574_scanAz_slow.dat,4.1472
results2602/20260209S103707.487939E103707.487939_scanAz_slow.dat,4.3146
results2602/20260209S103708.450162E103708.450162_scanAz_slow.dat,4.2352
results2602/20260209S103709.408111E103709.408111_scanAz_slow.dat,4.4073
results2602/20260209S103710.366058E103710.366058_scanAz_slow.dat,4.0697
results2602/20260209S103711.328776E103711.328776_scanAz_slow.dat,4.1301
results2602/20260209S103712.290069E103712.290069_scanAz_slow.dat,4.0015
results2602/20260209S103713.250299E103713.250299_scanAz_slow.dat,4.3271
results2602/20260209S103714.207002E103714.207002_scanAz_slow.dat,4.0919
results2602/20260209S103715.164825E103715.164825_scanAz_slow.dat,4.1060
results2602/20260209S103716.128437E103716.128437_scanAz_slow.dat,4.0941
results2602/20260209S103717.089635E103717.089635_scanAz_slow.dat,4.3585
results2602/20260209S103718.049861E103718.049861_scanAz_slow.dat,4.2691
results2602/20260209S103719.007860E103719.007860_scanAz_slow.dat,4.1289
results2602/20260209S103719.970585E103719.970585_scanAz_slow.dat,4.1497
results2602/20260209S103720.927313E103720.927313_scanAz_slow.dat,4.1995
results2602/20260209S103721.883728E103721.883728_scanAz_slow.dat,4.3646
results2602/20260209S103722.844724E103722.844724_scanAz_slow.dat,4.3217
results2602/20260209S103723.808766E103723.808766_scanAz_slow.dat,4.1130
results2602/20260209S103724.768942E103724.768942_scanAz_slow.dat,4.2030
results2602/20260209S103725.727119E103725.727119_scanAz_slow.dat,4.2110
results2602/20260209S103726.690862E103726.690862_scanAz_slow.dat,4.0515
results2602/20260209S103727.647619E103727.647619_scanAz_slow.dat,3.9984
results2602/20260209S103728.609119E103728.609119_scanAz_slow.dat,4.2979
results2602/20260209S103729.571732E103729.571732_scanAz_slow.dat,4.0792
results2602/20260209S103730.531797E103730.531797_scanAz_slow.dat,4.2397
results2602/20260209S103731.490690E103731.490690_scanAz_slow.dat,4.0469
results2602/20260209S103732.449093E103732.449093_scanAz_slow.dat,4.2365
results2602/20260209S103733.410045E103733.410045_scanAz_slow.dat,4.1343
results2602/20260209S103734.367066E103734.367066_scanAz_slow.dat,4.1678
results2602/20260209S103735.329348E103735.329348_scanAz_slow.dat,4.0358
results2602/20260209S103736.290037E103736.290037_scanAz_slow.dat,4.0722
results2602/20260209S103737.249054E103737.249054_scanAz_slow.dat,4.2170
results2602/20260209S103738.207546E103738.207546_scanAz_slow.dat,4.1441
results2602/20260209S103739.169188E103739.169188_scanAz_slow.dat,4.3785
results2602/20260209S103740.129568E103740.129568_scanAz_slow.dat,4.1611
results2602/20260209S103741.090963E103741.090963_scanAz_slow.dat,4.4526
results2602/20260209S103742.045237E103742.045237_scanAz_slow.dat,4.1174
results2602/20260209S103743.008844E103743.008844_scanAz_slow.dat,4.4178
results2602/20260209S103743.964726E103743.964726_scanAz_slow.dat,4.0003
results2602/20260209S103744.930199E103744.930199_scanAz_slow.dat,4.0556
results2602/20260209S103745.887663E103745.887663_scanAz_slow.dat,3.9355
results2602/20260209S103746.850187E103746.850187_scanAz_slow.dat,4.0674
results2602/20260209S103747.811086E103747.811086_scanAz_slow.dat,3.9932
results2602/20260209S103748.768826E103748.768826_scanAz_slow.dat,4.1864
results2602/20260209S103749.728419E103749.728419_scanAz_slow.dat,4.1015
results2602/20260209S103750.686423E103750.686423_scanAz_slow.dat,3.8839
results2602/20260209S103751.650818E103751.650818_scanAz_slow.dat,4.0839
results2602/20260209S103752.608188E103752.608188_scanAz_slow.dat,4.2032
results2602/20260209S103753.571095E103753.571095_scanAz_slow.dat,4.2384
results2602/20260209S103754.526322E103754.526322_scanAz_slow.dat,4.1849
results2602/20260209S103755.486662E103755.486662_scanAz_slow.dat,4.0511
results2602/20260209S103756.450607E103756.450607_scanAz_slow.dat,3.9500
results2602/20260209S103757.407268E103757.407268_scanAz_slow.dat,4.1412
results2602/20260209S103758.370050E103758.370050_scanAz_slow.dat,3.9196
results2602/20260209S103759.327161E103759.327161_scanAz_slow.dat,4.1617
results2602/20260209S103800.286440E103800.286440_scanAz_slow.dat,4.0222
results2602/20260209S103801.250453E103801.250453_scanAz_slow.dat,4.1734
results2602/20260209S103802.208884E103802.208884_scanAz_slow.dat,4.1354
results2602/20260209S103803.166257E103803.166257_scanAz_slow.dat,4.2727
results2602/20260209S103804.128057E103804.128057_scanAz_slow.dat,4.1933
results2602/20260209S103805.086698E103805.086698_scanAz_slow.dat,4.3319
results2602/20260209S103806.046896E103806.046896_scanAz_slow.dat,4.0247
results2602/20260209S103807.008684E103807.008684_scanAz_slow.dat,4.2787
results2602/20260209S103807.966101E103807.966101_scanAz_slow.dat,4.1786
results2602/20260209S103808.929585E103808.929585_scanAz_slow.dat,4.0525
results2602/20260209S103809.891546E103809.891546_scanAz_slow.dat,3.9142
results2602/20260209S103810.848935E103810.848935_scanAz_slow.dat,4.1680
results2602/20260209S103811.810896E103811.810896_scanAz_slow.dat,4.0543
results2602/20260209S103812.771494E103812.771494_scanAz_slow.dat,4.1758
results2602/20260209S103813.729554E103813.729554_scanAz_slow.dat,4.2951
results2602/20260209S103814.687204E103814.687204_scanAz_slow.dat,4.0371
results2602/20260209S103815.649707E103815.649707_scanAz_slow.dat,4.2936
results2602/20260209S103816.607275E103816.607275_scanAz_slow.dat,4.3550
results2602/20260209S103817.567117E103817.567117_scanAz_slow.dat,3.9225
results2602/20260209S103818.526660E103818.526660_scanAz_slow.dat,4.2445
results2602/20260209S103819.488671E103819.488671_scanAz_slow.dat,4.2973
results2602/20260209S103820.451756E103820.451756_scanAz_slow.dat,4.2041
results2602/20260209S103821.407222E103821.407222_scanAz_slow.dat,4.2743
results2602/20260209S103822.371431E103822.371431_scanAz_slow.dat,4.2203
results2602/20260209S103823.329715E103823.329715_scanAz_slow.dat,4.2330
results2602/20260209S103824.285790E103824.285790_scanAz_slow.dat,4.1785
results2602/20260209S103825.250722E103825.250722_scanAz_slow.dat,4.1018
results2602/20260209S103826.211612E103826.211612_scanAz_slow.dat,4.1034
results2602/20260209S103827.166214E103827.166214_scanAz_slow.dat,4.0101
results2602/20260209S103828.127197E103828.127197_scanAz_slow.dat,4.1106
results2602/20260209S103829.085567E103829.085567_scanAz_slow.dat,4.2286
results2602/20260209S103830.046751E103830.046751_scanAz_slow.dat,4.5619
results2602/20260209S103831.011038E103831.011038_scanAz_slow.dat,4.0136
results2602/20260209S103831.968264E103831.968264_scanAz_slow.dat,4.2645
results2602/20260209S103832.929149E103832.929149_scanAz_slow.dat,4.2592
results2602/20260209S103833.890893E103833.890893_scanAz_slow.dat,4.1289
results2602/20260209S103834.851805E103834.851805_scanAz_slow.dat,3.9644
results2602/20260209S103835.812063E103835.812063_scanAz_slow.dat,4.1339
results2602/20260209S103836.769806E103836.769806_scanAz_slow.dat,4.2588
results2602/20260209S103837.731751E103837.731751_scanAz_slow.dat,4.1800
results2602/20260209S103838.687353E103838.687353_scanAz_slow.dat,4.0688
results2602/20260209S103839.650895E103839.650895_scanAz_slow.dat,4.0705
results2602/20260209S103840.611339E103840.611339_scanAz_slow.dat,4.1101
results2602/20260209S103841.568719E103841.568719_scanAz_slow.dat,4.1963
results2602/20260209S103842.531356E103842.531356_scanAz_slow.dat,4.1063
results2602/20260209S103843.487644E103843.487644_scanAz_slow.dat,4.1694
results2602/20260209S103844.448243E103844.448243_scanAz_slow.dat,4.0364
results2602/20260209S103845.409724E103845.409724_scanAz_slow.dat,4.1965
results2602/20260209S103846.370387E103846.370387_scanAz_slow.dat,4.1192
results2602/20260209S103847.327655E103847.327655_scanAz_slow.dat,4.1775
results2602/20260209S103848.291369E103848.291369_scanAz_slow.dat,4.1834
results2602/20260209S103849.251283E103849.251283_scanAz_slow.dat,4.2752
results2602/20260209S103850.210344E103850.210344_scanAz_slow.dat,3.9781
results2602/20260209S103851.171364E103851.171364_scanAz_slow.dat,4.1576
results2602/20260209S103852.132086E103852.132086_scanAz_slow.dat,4.0280
results2602/20260209S103853.091428E103853.091428_scanAz_slow.dat,4.0187
results2602/20260209S103854.051608E103854.051608_scanAz_slow.dat,4.1212
results2602/20260209S103855.009177E103855.009177_scanAz_slow.dat,4.2226
results2602/20260209S103855.971488E103855.971488_scanAz_slow.dat,4.1805
results2602/20260209S103856.928255E103856.928255_scanAz_slow.dat,4.1505
results2602/20260209S103857.891499E103857.891499_scanAz_slow.dat,4.0164
results2602/20260209S103858.851260E103858.851260_scanAz_slow.dat,4.2331
results2602/20260209S103859.807308E103859.807308_scanAz_slow.dat,4.2356
results2602/20260209S103900.770293E103900.770293_scanAz_slow.dat,4.2367
results2602/20260209S103901.732230E103901.732230_scanAz_slow.dat,3.9525
results2602/20260209S103902.688784E103902.688784_scanAz_slow.dat,4.0852
results2602/20260209S103903.650646E103903.650646_scanAz_slow.dat,4.3552
results2602/20260209S103904.607382E103904.607382_scanAz_slow.dat,4.1681
results2602/20260209S103905.571577E103905.571577_scanAz_slow.dat,4.2779
results2602/20260209S103906.527202E103906.527202_scanAz_slow.dat,4.2527
results2602/20260209S103907.491808E103907.491808_scanAz_slow.dat,3.9302
results2602/20260209S103908.452185E103908.452185_scanAz_slow.dat,4.3047
results2602/20260209S103909.409456E103909.409456_scanAz_slow.dat,4.1677
results2602/20260209S103910.371379E103910.371379_scanAz_slow.dat,4.2858
results2602/20260209S103911.327274E103911.327274_scanAz_slow.dat,4.3205
results2602/20260209S103912.290275E103912.290275_scanAz_slow.dat,4.0604
results2602/20260209S103913.250252E103913.250252_scanAz_slow.dat,4.3036
results2602/20260209S103914.210289E103914.210289_scanAz_slow.dat,4.1080
results2602/20260209S103915.171824E103915.171824_scanAz_slow.dat,4.1733
results2602/20260209S103916.129185E103916.129185_scanAz_slow.dat,4.4279
results2602/20260209S103917.091721E103917.091721_scanAz_slow.dat,4.0000
results2602/20260209S103918.058920E103918.058920_scanAz_slow.dat,4.0709
results2602/20260209S103919.008411E103919.008411_scanAz_slow.dat,4.0132
results2602/20260209S103919.967484E103919.967484_scanAz_slow.dat,4.0143
results2602/20260209S103920.931750E103920.931750_scanAz_slow.dat,3.9960
results2602/20260209S103921.889873E103921.889873_scanAz_slow.dat,4.2424
results2602/20260209S103922.850420E103922.850420_scanAz_slow.dat,4.0399
results2602/20260209S103923.812540E103923.812540_scanAz_slow.dat,4.0043
results2602/20260209S103924.770034E103924.770034_scanAz_slow.dat,4.0888
results2602/20260209S103925.725966E103925.725966_scanAz_slow.dat,4.2985
results2602/20260209S103926.689539E103926.689539_scanAz_slow.dat,4.1481
results2602/20260209S103927.650635E103927.650635_scanAz_slow.dat,4.0084
results2602/20260209S103928.608139E103928.608139_scanAz_slow.dat,4.2826
results2602/20260209S103929.567342E103929.567342_scanAz_slow.dat,4.2626
results2602/20260209S103930.528570E103930.528570_scanAz_slow.dat,4.3396
results2602/20260209S103931.491169E103931.491169_scanAz_slow.dat,3.9732
results2602/20260209S103932.451248E103932.451248_scanAz_slow.dat,4.0442
results2602/20260209S103933.411639E103933.411639_scanAz_slow.dat,4.4157
results2602/20260209S103934.369246E103934.369246_scanAz_slow.dat,4.3796
results2602/20260209S103935.325818E103935.325818_scanAz_slow.dat,4.3049
results2602/20260209S103936.288354E103936.288354_scanAz_slow.dat,4.5324
results2602/20260209S103937.249820E103937.249820_scanAz_slow.dat,4.3558
results2602/20260209S103938.208033E103938.208033_scanAz_slow.dat,4.5005
results2602/20260209S103939.167721E103939.167721_scanAz_slow.dat,4.1413
results2602/20260209S103940.128456E103940.128456_scanAz_slow.dat,4.1910
results2602/20260209S103941.089841E103941.089841_scanAz_slow.dat,4.1264
results2602/20260209S103942.052410E103942.052410_scanAz_slow.dat,4.1968
results2602/20260209S103943.009759E103943.009759_scanAz_slow.dat,4.2848
results2602/20260209S103943.972136E103943.972136_scanAz_slow.dat,4.1731
results2602/20260209S103944.928001E103944.928001_scanAz_slow.dat,3.9816
results2602/20260209S103945.891061E103945.891061_scanAz_slow.dat,4.0622
results2602/20260209S103946.850669E103946.850669_scanAz_slow.dat,3.9123
results2602/20260209S103947.810693E103947.810693_scanAz_slow.dat,4.4406
results2602/20260209S103948.771771E103948.771771_scanAz_slow.dat,4.1184
results2602/20260209S103949.728081E103949.728081_scanAz_slow.dat,4.2962
results2602/20260209S103950.688386E103950.688386_scanAz_slow.dat,4.1942
results2602/20260209S103951.649946E103951.649946_scanAz_slow.dat,4.1490
results2602/20260209S103952.608126E103952.608126_scanAz_slow.dat,4.0865
results2602/20260209S103953.570512E103953.570512_scanAz_slow.dat,4.1246
results2602/20260209S103954.527861E103954.527861_scanAz_slow.dat,4.0686
results2602/20260209S103955.489892E103955.489892_scanAz_slow.dat,4.1237
results2602/20260209S103956.452746E103956.452746_scanAz_slow.dat,4.1984
results2602/20260209S103957.408595E103957.408595_scanAz_slow.dat,4.2625
results2602/20260209S103958.369872E103958.369872_scanAz_slow.dat,4.2220
results2602/20260209S103959.330677E103959.330677_scanAz_slow.dat,4.2065
results2602/20260209S104000.292579E104000.292579_scanAz_slow.dat,4.1372
results2602/20260209S104001.249638E104001.249638_scanAz_slow.dat,4.0871
results2602/20260209S104002.210686E104002.210686_scanAz_slow.dat,4.1130
results2602/20260209S104003.168763E104003.168763_scanAz_slow.dat,3.9811
results2602/20260209S104004.130262E104004.130262_scanAz_slow.dat,4.1085
results2602/20260209S104005.090340E104005.090340_scanAz_slow.dat,4.3567
results2602/20260209S104006.050929E104006.050929_scanAz_slow.dat,4.0649
results2602/20260209S104007.012160E104007.012160_scanAz_slow.dat,4.1428
results2602/20260209S104007.970044E104007.970044_scanAz_slow.dat,4.0253
results2602/20260209S104008.928668E104008.928668_scanAz_slow.dat,4.1630
results2602/20260209S104009.891216E104009.891216_scanAz_slow.dat,4.3427
results2602/20260209S104010.852759E104010.852759_scanAz_slow.dat,4.2835
results2602/20260209S104011.810268E104011.810268_scanAz_slow.dat,4.2283
results2602/20260209S104012.772697E104012.772697_scanAz_slow.dat,4.4098
results2602/20260209S104013.728506E104013.728506_scanAz_slow.dat,3.9401
results2602/20260209S104014.692596E104014.692596_scanAz_slow.dat,3.9152
results2602/20260209S104015.651393E104015.651393_scanAz_slow.dat,4.1848
results2602/20260209S104016.611278E104016.611278_scanAz_slow.dat,4.0553
results2602/20260209S104017.569939E104017.569939_scanAz_slow.dat,4.3445
results2602/20260209S104018.529340E104018.529340_scanAz_slow.dat,4.2084
results2602/20260209S104019.490069E104019.490069_scanAz_slow.dat,4.2933
results2602/20260209S104020.451371E104020.451371_scanAz_slow.dat,4.1695
results2602/20260209S104021.408443E104021.408443_scanAz_slow.dat,4.2986
results2602/20260209S104022.370098E104022.370098_scanAz_slow.dat,4.3549
results2602/20260209S104023.331648E104023.331648_scanAz_slow.dat,4.1172
results2602/20260209S104024.291498E104024.291498_scanAz_slow.dat,4.3222
results2602/20260209S104025.250233E104025.250233_scanAz_slow.dat,4.1487
results2602/20260209S104026.208542E104026.208542_scanAz_slow.dat,4.1842
results2602/20260209S104027.171197E104027.171197_scanAz_slow.dat,4.2519
results2602/20260209S104028.131195E104028.131195_scanAz_slow.dat,4.1900
results2602/20260209S104029.088799E104029.088799_scanAz_slow.dat,4.3183
results2602/20260209S104030.051229E104030.051229_scanAz_slow.dat,4.2485
results2602/20260209S104031.009071E104031.009071_scanAz_slow.dat,4.1158
results2602/20260209S104031.970661E104031.970661_scanAz_slow.dat,4.3502
results2602/20260209S104032.928533E104032.928533_scanAz_slow.dat,4.3894
results2602/20260209S104033.890511E104033.890511_scanAz_slow.dat,4.3173
results2602/20260209S104034.854194E104034.854194_scanAz_slow.dat,3.9658
results2602/20260209S104035.808653E104035.808653_scanAz_slow.dat,4.0243
results2602/20260209S104036.767098E104036.767098_scanAz_slow.dat,4.2395
results2602/20260209S104037.730101E104037.730101_scanAz_slow.dat,4.4734
results2602/20260209S104038.690492E104038.690492_scanAz_slow.dat,4.2773
results2602/20260209S104039.648500E104039.648500_scanAz_slow.dat,4.1712
results2602/20260209S104040.609027E104040.609027_scanAz_slow.dat,4.2761
results2602/20260209S104041.571358E104041.571358_scanAz_slow.dat,4.2129
results2602/20260209S104042.531078E104042.531078_scanAz_slow.dat,4.3367
results2602/20260209S104043.491463E104043.491463_scanAz_slow.dat,4.2388
results2602/20260209S104044.453140E104044.453140_scanAz_slow.dat,4.2480
results2602/20260209S104045.413635E104045.413635_scanAz_slow.dat,4.2138
results2602/20260209S104046.368857E104046.368857_scanAz_slow.dat,4.1830
results2602/20260209S104047.330585E104047.330585_scanAz_slow.dat,4.1612
results2602/20260209S104048.296512E104048.296512_scanAz_slow.dat,4.1704
results2602/20260209S104049.248600E104049.248600_scanAz_slow.dat,4.2058
results2602/20260209S104050.209034E104050.209034_scanAz_slow.dat,4.1811
results2602/20260209S104051.174564E104051.174564_scanAz_slow.dat,4.6023
results2602/20260209S104052.131252E104052.131252_scanAz_slow.dat,4.2245
results2602/20260209S104053.092240E104053.092240_scanAz_slow.dat,4.2931
results2602/20260209S104054.046827E104054.046827_scanAz_slow.dat,4.2514
results2602/20260209S104055.008584E104055.008584_scanAz_slow.dat,4.2201
results2602/20260209S104055.970135E104055.970135_scanAz_slow.dat,4.2253
results2602/20260209S104056.932063E104056.932063_scanAz_slow.dat,4.0294
results2602/20260209S104057.887275E104057.887275_scanAz_slow.dat,4.2901
results2602/20260209S104058.850386E104058.850386_scanAz_slow.dat,4.3802
results2602/20260209S104059.811293E104059.811293_scanAz_slow.dat,4.1043
results2602/20260209S104100.773711E104100.773711_scanAz_slow.dat,4.3329
results2602/20260209S104101.729653E104101.729653_scanAz_slow.dat,4.2228
results2602/20260209S104102.692747E104102.692747_scanAz_slow.dat,4.2682
results2602/20260209S104103.649454E104103.649454_scanAz_slow.dat,4.2360
results2602/20260209S104104.610064E104104.610064_scanAz_slow.dat,4.1082
results2602/20260209S104105.567049E104105.567049_scanAz_slow.dat,4.0056
results2602/20260209S104106.528176E104106.528176_scanAz_slow.dat,4.0085
results2602/20260209S104107.490114E104107.490114_scanAz_slow.dat,4.0901
results2602/20260209S104108.450334E104108.450334_scanAz_slow.dat,4.0248
results2602/20260209S104109.412472E104109.412472_scanAz_slow.dat,4.1779
results2602/20260209S104110.372138E104110.372138_scanAz_slow.dat,4.1369
results2602/20260209S104111.329504E104111.329504_scanAz_slow.dat,4.1657
results2602/20260209S104112.289077E104112.289077_scanAz_slow.dat,4.2412
results2602/20260209S104113.251369E104113.251369_scanAz_slow.dat,4.1130
results2602/20260209S104114.211865E104114.211865_scanAz_slow.dat,4.2410
results2602/20260209S104115.169467E104115.169467_scanAz_slow.dat,4.2999
results2602/20260209S104116.131997E104116.131997_scanAz_slow.dat,4.1498
results2602/20260209S104117.092133E104117.092133_scanAz_slow.dat,4.4311
results2602/20260209S104118.049185E104118.049185_scanAz_slow.dat,4.3075
results2602/20260209S104119.007865E104119.007865_scanAz_slow.dat,4.1101
results2602/20260209S104119.969178E104119.969178_scanAz_slow.dat,3.9009
results2602/20260209S104120.930734E104120.930734_scanAz_slow.dat,4.0762
results2602/20260209S104121.893333E104121.893333_scanAz_slow.dat,4.3789
results2602/20260209S104122.852923E104122.852923_scanAz_slow.dat,4.2509
results2602/20260209S104123.810834E104123.810834_scanAz_slow.dat,4.1171
results2602/20260209S104124.770904E104124.770904_scanAz_slow.dat,4.2412
results2602/20260209S104125.731617E104125.731617_scanAz_slow.dat,4.1650
results2602/20260209S104126.693303E104126.693303_scanAz_slow.dat,4.1506
results2602/20260209S104127.651255E104127.651255_scanAz_slow.dat,4.2408
results2602/20260209S104128.612059E104128.612059_scanAz_slow.dat,4.3125
results2602/20260209S104129.569401E104129.569401_scanAz_slow.dat,4.3106
results2602/20260209S104130.529773E104130.529773_scanAz_slow.dat,4.1203
results2602/20260209S104131.490671E104131.490671_scanAz_slow.dat,4.2001
results2602/20260209S104132.452606E104132.452606_scanAz_slow.dat,4.2936
results2602/20260209S104133.414438E104133.414438_scanAz_slow.dat,4.2693
results2602/20260209S104134.373055E104134.373055_scanAz_slow.dat,4.1771
results2602/20260209S104135.333729E104135.333729_scanAz_slow.dat,4.2156
results2602/20260209S104136.293968E104136.293968_scanAz_slow.dat,4.2537
results2602/20260209S104137.254072E104137.254072_scanAz_slow.dat,4.2811
results2602/20260209S104138.209256E104138.209256_scanAz_slow.dat,4.1536
results2602/20260209S104139.171849E104139.171849_scanAz_slow.dat,3.9460
results2602/20260209S104140.129497E104140.129497_scanAz_slow.dat,3.9816
results2602/20260209S104141.091979E104141.091979_scanAz_slow.dat,4.0008
results2602/20260209S104142.051893E104142.051893_scanAz_slow.dat,4.2156
results2602/20260209S104143.009738E104143.009738_scanAz_slow.dat,4.1805
results2602/20260209S104143.972544E104143.972544_scanAz_slow.dat,4.1550
results2602/20260209S104144.933797E104144.933797_scanAz_slow.dat,4.2338
results2602/20260209S104145.889780E104145.889780_scanAz_slow.dat,4.1335
results2602/20260209S104146.852787E104146.852787_scanAz_slow.dat,4.2656
results2602/20260209S104147.809968E104147.809968_scanAz_slow.dat,4.0302
results2602/20260209S104148.772235E104148.772235_scanAz_slow.dat,4.1833
results2602/20260209S104149.732390E104149.732390_scanAz_slow.dat,4.2992
results2602/20260209S104150.693180E104150.693180_scanAz_slow.dat,4.2126
results2602/20260209S104151.649331E104151.649331_scanAz_slow.dat,4.1031
results2602/20260209S104152.610469E104152.610469_scanAz_slow.dat,4.1871
results2602/20260209S104153.572279E104153.572279_scanAz_slow.dat,4.1551
results2602/20260209S104154.528966E104154.528966_scanAz_slow.dat,4.2949
results2602/20260209S104155.490055E104155.490055_scanAz_slow.dat,4.2826
results2602/20260209S104156.451671E104156.451671_scanAz_slow.dat,4.3475
results2602/20260209S104157.413715E104157.413715_scanAz_slow.dat,4.2659
results2602/20260209S104158.372465E104158.372465_scanAz_slow.dat,4.1370
results2602/20260209S104159.333999E104159.333999_scanAz_slow.dat,4.1203
results2602/20260209S104200.290013E104200.290013_scanAz_slow.dat,4.3454
results2602/20260209S104201.251463E104201.251463_scanAz_slow.dat,4.2700
results2602/20260209S104202.214049E104202.214049_scanAz_slow.dat,4.1311
results2602/20260209S104203.175002E104203.175002_scanAz_slow.dat,4.1362
results2602/20260209S104204.131948E104204.131948_scanAz_slow.dat,4.2427
results2602/20260209S104205.091058E104205.091058_scanAz_slow.dat,4.1799
results2602/20260209S104206.050177E104206.050177_scanAz_slow.dat,4.1842
results2602/20260209S104207.012769E104207.012769_scanAz_slow.dat,4.4713
results2602/20260209S104207.971873E104207.971873_scanAz_slow.dat,4.2475
results2602/20260209S104208.933933E104208.933933_scanAz_slow.dat,4.4632
results2602/20260209S104209.890180E104209.890180_scanAz_slow.dat,4.3422
results2602/20260209S104210.852002E104210.852002_scanAz_slow.dat,4.1753
results2602/20260209S104211.810238E104211.810238_scanAz_slow.dat,4.2455
results2602/20260209S104212.771700E104212.771700_scanAz_slow.dat,4.2823
results2602/20260209S104213.732656E104213.732656_scanAz_slow.dat,4.3275
results2602/20260209S104214.690196E104214.690196_scanAz_slow.dat,4.3826
results2602/20260209S104215.651823E104215.651823_scanAz_slow.dat,4.1769
results2602/20260209S104216.613923E104216.613923_scanAz_slow.dat,4.3008
results2602/20260209S104217.570712E104217.570712_scanAz_slow.dat,4.3916
results2602/20260209S104218.531432E104218.531432_scanAz_slow.dat,4.1242
results2602/20260209S104219.492429E104219.492429_scanAz_slow.dat,4.1051
results2602/20260209S104220.449670E104220.449670_scanAz_slow.dat,4.1868
results2602/20260209S104221.412192E104221.412192_scanAz_slow.dat,4.2543
results2602/20260209S104222.373630E104222.373630_scanAz_slow.dat,4.2579
results2602/20260209S104223.333998E104223.333998_scanAz_slow.dat,4.2989
results2602/20260209S104224.289905E104224.289905_scanAz_slow.dat,4.2820
results2602/20260209S104225.253848E104225.253848_scanAz_slow.dat,4.1073
results2602/20260209S104226.210031E104226.210031_scanAz_slow.dat,4.0725
results2602/20260209S104227.172795E104227.172795_scanAz_slow.dat,4.1404
results2602/20260209S104228.132834E104228.132834_scanAz_slow.dat,4.1317
results2602/20260209S104229.090542E104229.090542_scanAz_slow.dat,4.2424
results2602/20260209S104230.050685E104230.050685_scanAz_slow.dat,4.3631
results2602/20260209S104231.013057E104231.013057_scanAz_slow.dat,4.1436
results2602/20260209S104231.972395E104231.972395_scanAz_slow.dat,4.2021
results2602/20260209S104232.934110E104232.934110_scanAz_slow.dat,4.1584
results2602/20260209S104233.892633E104233.892633_scanAz_slow.dat,4.3088
results2602/20260209S104234.854297E104234.854297_scanAz_slow.dat,4.1492
results2602/20260209S104235.813414E104235.813414_scanAz_slow.dat,4.1823
results2602/20260209S104236.772043E104236.772043_scanAz_slow.dat,4.2177
results2602/20260209S104237.734002E104237.734002_scanAz_slow.dat,4.3882
results2602/20260209S104238.694622E104238.694622_scanAz_slow.dat,4.5164
results2602/20260209S104239.651997E104239.651997_scanAz_slow.dat,4.2841
results2602/20260209S104240.613309E104240.613309_scanAz_slow.dat,4.2993
results2602/20260209S104241.575214E104241.575214_scanAz_slow.dat,4.3080
results2602/20260209S104242.533095E104242.533095_scanAz_slow.dat,4.2254
results2602/20260209S104243.495272E104243.495272_scanAz_slow.dat,4.1193
results2602/20260209S104244.452104E104244.452104_scanAz_slow.dat,4.1069
results2602/20260209S104245.411957E104245.411957_scanAz_slow.dat,4.2218
results2602/20260209S104246.373549E104246.373549_scanAz_slow.dat,4.0263
results2602/20260209S104247.329947E104247.329947_scanAz_slow.dat,4.2440
results2602/20260209S104248.293528E104248.293528_scanAz_slow.dat,4.2420
results2602/20260209S104249.254415E104249.254415_scanAz_slow.dat,4.0171
results2602/20260209S104250.210730E104250.210730_scanAz_slow.dat,4.3520
results2602/20260209S104251.173591E104251.173591_scanAz_slow.dat,4.2194
results2602/20260209S104252.133279E104252.133279_scanAz_slow.dat,4.0869
results2602/20260209S104253.094909E104253.094909_scanAz_slow.dat,4.0108
results2602/20260209S104254.052443E104254.052443_scanAz_slow.dat,4.1958
results2602/20260209S104255.009882E104255.009882_scanAz_slow.dat,4.1365
results2602/20260209S104255.970768E104255.970768_scanAz_slow.dat,4.3995
results2602/20260209S104256.929994E104256.929994_scanAz_slow.dat,4.0395
results2602/20260209S104257.893746E104257.893746_scanAz_slow.dat,4.4322
results2602/20260209S104258.850364E104258.850364_scanAz_slow.dat,3.9453
results2602/20260209S104259.814282E104259.814282_scanAz_slow.dat,4.0154
results2602/20260209S104300.769318E104300.769318_scanAz_slow.dat,4.1797
results2602/20260209S104301.735269E104301.735269_scanAz_slow.dat,4.3842
results2602/20260209S104302.689773E104302.689773_scanAz_slow.dat,4.3899
results2602/20260209S104303.652768E104303.652768_scanAz_slow.dat,4.3434
results2602/20260209S104304.613849E104304.613849_scanAz_slow.dat,4.4062
results2602/20260209S104305.574654E104305.574654_scanAz_slow.dat,4.2874
results2602/20260209S104306.533814E104306.533814_scanAz_slow.dat,4.1075
results2602/20260209S104307.493791E104307.493791_scanAz_slow.dat,4.2150
results2602/20260209S104308.454850E104308.454850_scanAz_slow.dat,4.1291
results2602/20260209S104309.413547E104309.413547_scanAz_slow.dat,3.8916
results2602/20260209S104310.375032E104310.375032_scanAz_slow.dat,4.0923
results2602/20260209S104311.331744E104311.331744_scanAz_slow.dat,3.8799
results2602/20260209S104312.292369E104312.292369_scanAz_slow.dat,4.1099
results2602/20260209S104313.255233E104313.255233_scanAz_slow.dat,4.0588
results2602/20260209S104314.211409E104314.211409_scanAz_slow.dat,4.1355
results2602/20260209S104315.171084E104315.171084_scanAz_slow.dat,4.2499
results2602/20260209S104316.131179E104316.131179_scanAz_slow.dat,4.1093
results2602/20260209S104317.095157E104317.095157_scanAz_slow.dat,4.2318
results2602/20260209S104318.055290E104318.055290_scanAz_slow.dat,4.1647
results2602/20260209S104319.016388E104319.016388_scanAz_slow.dat,4.2049
results2602/20260209S104319.973850E104319.973850_scanAz_slow.dat,4.3814
results2602/20260209S104320.933604E104320.933604_scanAz_slow.dat,4.3068
results2602/20260209S104321.891378E104321.891378_scanAz_slow.dat,4.1157
results2602/20260209S104322.850576E104322.850576_scanAz_slow.dat,4.0484
results2602/20260209S104323.814857E104323.814857_scanAz_slow.dat,3.9829
results2602/20260209S104324.772352E104324.772352_scanAz_slow.dat,4.2057
results2602/20260209S104325.731381E104325.731381_scanAz_slow.dat,4.2123
results2602/20260209S104326.693899E104326.693899_scanAz_slow.dat,4.0771
results2602/20260209S104327.655232E104327.655232_scanAz_slow.dat,3.9933
results2602/20260209S104328.613989E104328.613989_scanAz_slow.dat,4.2500
results2602/20260209S104329.575339E104329.575339_scanAz_slow.dat,4.2497
results2602/20260209S104330.531242E104330.531242_scanAz_slow.dat,4.1040
results2602/20260209S104331.489725E104331.489725_scanAz_slow.dat,4.1771
results2602/20260209S104332.452042E104332.452042_scanAz_slow.dat,3.9595
results2602/20260209S104333.414685E104333.414685_scanAz_slow.dat,4.0686
results2602/20260209S104334.369496E104334.369496_scanAz_slow.dat,4.1528
results2602/20260209S104335.330853E104335.330853_scanAz_slow.dat,4.3419
results2602/20260209S104336.293787E104336.293787_scanAz_slow.dat,4.2353
results2602/20260209S104337.253994E104337.253994_scanAz_slow.dat,4.0774
results2602/20260209S104338.211364E104338.211364_scanAz_slow.dat,4.2047
results2602/20260209S104339.174306E104339.174306_scanAz_slow.dat,4.2855
results2602/20260209S104340.131771E104340.131771_scanAz_slow.dat,4.0424
results2602/20260209S104341.093906E104341.093906_scanAz_slow.dat,4.2119
results2602/20260209S104342.056056E104342.056056_scanAz_slow.dat,3.9408
results2602/20260209S104343.013347E104343.013347_scanAz_slow.dat,4.1529
results2602/20260209S104343.975499E104343.975499_scanAz_slow.dat,4.2103
results2602/20260209S104344.931503E104344.931503_scanAz_slow.dat,4.2569
results2602/20260209S104345.893524E104345.893524_scanAz_slow.dat,4.1793
results2602/20260209S104346.855788E104346.855788_scanAz_slow.dat,4.2202
results2602/20260209S104347.812819E104347.812819_scanAz_slow.dat,4.0485
results2602/20260209S104348.772486E104348.772486_scanAz_slow.dat,4.1109
results2602/20260209S104349.736513E104349.736513_scanAz_slow.dat,4.2300
results2602/20260209S104350.695230E104350.695230_scanAz_slow.dat,4.1199
results2602/20260209S104351.655742E104351.655742_scanAz_slow.dat,4.2114
results2602/20260209S104352.613211E104352.613211_scanAz_slow.dat,4.1621
results2602/20260209S104353.575569E104353.575569_scanAz_slow.dat,4.1442
results2602/20260209S104354.532144E104354.532144_scanAz_slow.dat,4.3733
results2602/20260209S104355.495262E104355.495262_scanAz_slow.dat,3.9635
results2602/20260209S104356.452053E104356.452053_scanAz_slow.dat,4.1226
results2602/20260209S104357.414367E104357.414367_scanAz_slow.dat,4.4341
results2602/20260209S104358.375843E104358.375843_scanAz_slow.dat,4.2010
results2602/20260209S104359.331413E104359.331413_scanAz_slow.dat,4.3077
results2602/20260209S104400.295739E104400.295739_scanAz_slow.dat,4.2792
results2602/20260209S104401.251280E104401.251280_scanAz_slow.dat,4.4439
results2602/20260209S104402.213302E104402.213302_scanAz_slow.dat,4.0442
results2602/20260209S104403.174341E104403.174341_scanAz_slow.dat,4.1149
results2602/20260209S104404.131583E104404.131583_scanAz_slow.dat,4.2193
results2602/20260209S104405.093349E104405.093349_scanAz_slow.dat,4.2601
results2602/20260209S104406.055301E104406.055301_scanAz_slow.dat,4.2348
results2602/20260209S104407.011950E104407.011950_scanAz_slow.dat,4.1904
results2602/20260209S104407.974091E104407.974091_scanAz_slow.dat,4.0721
results2602/20260209S104408.935780E104408.935780_scanAz_slow.dat,4.0524
results2602/20260209S104409.895629E104409.895629_scanAz_slow.dat,3.9749
results2602/20260209S104410.853756E104410.853756_scanAz_slow.dat,4.1098
results2602/20260209S104411.814277E104411.814277_scanAz_slow.dat,4.2656
results2602/20260209S104412.775870E104412.775870_scanAz_slow.dat,4.1206
results2602/20260209S104413.732270E104413.732270_scanAz_slow.dat,3.9449
results2602/20260209S104414.694149E104414.694149_scanAz_slow.dat,4.2188
results2602/20260209S104415.652121E104415.652121_scanAz_slow.dat,4.2185
results2602/20260209S104416.612203E104416.612203_scanAz_slow.dat,4.1947
results2602/20260209S104417.575693E104417.575693_scanAz_slow.dat,4.1142
results2602/20260209S104418.531864E104418.531864_scanAz_slow.dat,4.4428
results2602/20260209S104419.494759E104419.494759_scanAz_slow.dat,4.1833
results2602/20260209S104420.453292E104420.453292_scanAz_slow.dat,4.1326
results2602/20260209S104421.414353E104421.414353_scanAz_slow.dat,4.2814
results2602/20260209S104422.372028E104422.372028_scanAz_slow.dat,4.2329
results2602/20260209S104423.333802E104423.333802_scanAz_slow.dat,4.1198
results2602/20260209S104424.296077E104424.296077_scanAz_slow.dat,4.1408
results2602/20260209S104425.256354E104425.256354_scanAz_slow.dat,4.2057
results2602/20260209S104426.212218E104426.212218_scanAz_slow.dat,4.0590
results2602/20260209S104427.173430E104427.173430_scanAz_slow.dat,4.2578
results2602/20260209S104428.135207E104428.135207_scanAz_slow.dat,4.1904
results2602/20260209S104429.092230E104429.092230_scanAz_slow.dat,4.0992
results2602/20260209S104430.055997E104430.055997_scanAz_slow.dat,4.0342
results2602/20260209S104431.016463E104431.016463_scanAz_slow.dat,4.0808
results2602/20260209S104431.974514E104431.974514_scanAz_slow.dat,3.9713
results2602/20260209S104432.933762E104432.933762_scanAz_slow.dat,4.0896
results2602/20260209S104433.892204E104433.892204_scanAz_slow.dat,4.1628
results2602/20260209S104434.853604E104434.853604_scanAz_slow.dat,4.2314
results2602/20260209S104435.814649E104435.814649_scanAz_slow.dat,4.1096
results2602/20260209S104436.772573E104436.772573_scanAz_slow.dat,4.1818
results2602/20260209S104437.734813E104437.734813_scanAz_slow.dat,4.1600
results2602/20260209S104438.695791E104438.695791_scanAz_slow.dat,4.1424
results2602/20260209S104439.656667E104439.656667_scanAz_slow.dat,4.1875
results2602/20260209S104440.611735E104440.611735_scanAz_slow.dat,4.3284
results2602/20260209S104441.573057E104441.573057_scanAz_slow.dat,4.3392
results2602/20260209S104442.532098E104442.532098_scanAz_slow.dat,4.2333
results2602/20260209S104443.494745E104443.494745_scanAz_slow.dat,4.3030
results2602/20260209S104444.452386E104444.452386_scanAz_slow.dat,4.2973
results2602/20260209S104445.413650E104445.413650_scanAz_slow.dat,4.0418
results2602/20260209S104446.374603E104446.374603_scanAz_slow.dat,4.2999
results2602/20260209S104447.332203E104447.332203_scanAz_slow.dat,4.2256
results2602/20260209S104448.297473E104448.297473_scanAz_slow.dat,4.3916
results2602/20260209S104449.256421E104449.256421_scanAz_slow.dat,3.9879
results2602/20260209S104450.216603E104450.216603_scanAz_slow.dat,4.2945
results2602/20260209S104451.174042E104451.174042_scanAz_slow.dat,4.3771
results2602/20260209S104452.132495E104452.132495_scanAz_slow.dat,4.2261
results2602/20260209S104453.093225E104453.093225_scanAz_slow.dat,4.2210
results2602/20260209S104454.053623E104454.053623_scanAz_slow.dat,4.2508
results2602/20260209S104455.014023E104455.014023_scanAz_slow.dat,4.2327
results2602/20260209S104455.971479E104455.971479_scanAz_slow.dat,3.9627
results2602/20260209S104456.931733E104456.931733_scanAz_slow.dat,4.2576
results2602/20260209S104457.895142E104457.895142_scanAz_slow.dat,4.2128
results2602/20260209S104458.854320E104458.854320_scanAz_slow.dat,3.8889
results2602/20260209S104459.813548E104459.813548_scanAz_slow.dat,4.0308
results2602/20260209S104500.775193E104500.775193_scanAz_slow.dat,4.1304
results2602/20260209S104501.735830E104501.735830_scanAz_slow.dat,4.3610
results2602/20260209S104502.694953E104502.694953_scanAz_slow.dat,4.4538
results2602/20260209S104503.654203E104503.654203_scanAz_slow.dat,4.3938
results2602/20260209S104504.616137E104504.616137_scanAz_slow.dat,4.0108
results2602/20260209S104505.570827E104505.570827_scanAz_slow.dat,4.2046
results2602/20260209S104506.534216E104506.534216_scanAz_slow.dat,4.0245
results2602/20260209S104507.493977E104507.493977_scanAz_slow.dat,4.1713
results2602/20260209S104508.453960E104508.453960_scanAz_slow.dat,4.2274
results2602/20260209S104509.416756E104509.416756_scanAz_slow.dat,4.1205
results2602/20260209S104510.373471E104510.373471_scanAz_slow.dat,4.0284
results2602/20260209S104511.334451E104511.334451_scanAz_slow.dat,4.0983
results2602/20260209S104512.293003E104512.293003_scanAz_slow.dat,4.2370
results2602/20260209S104513.252811E104513.252811_scanAz_slow.dat,4.1868
results2602/20260209S104514.212454E104514.212454_scanAz_slow.dat,4.2475
results2602/20260209S104515.171825E104515.171825_scanAz_slow.dat,4.1109
results2602/20260209S104516.135839E104516.135839_scanAz_slow.dat,4.1188
results2602/20260209S104517.091090E104517.091090_scanAz_slow.dat,3.9559
results2602/20260209S104518.053990E104518.053990_scanAz_slow.dat,4.2218
results2602/20260209S104519.015228E104519.015228_scanAz_slow.dat,4.1300
results2602/20260209S104519.973879E104519.973879_scanAz_slow.dat,4.1788
results2602/20260209S104520.934371E104520.934371_scanAz_slow.dat,4.3175
results2602/20260209S104521.894513E104521.894513_scanAz_slow.dat,4.1093
results2602/20260209S104522.854661E104522.854661_scanAz_slow.dat,4.1189
results2602/20260209S104523.814007E104523.814007_scanAz_slow.dat,4.0145
results2602/20260209S104524.774009E104524.774009_scanAz_slow.dat,4.4582
results2602/20260209S104525.734939E104525.734939_scanAz_slow.dat,4.1819
results2602/20260209S104526.695321E104526.695321_scanAz_slow.dat,4.0580
results2602/20260209S104527.654718E104527.654718_scanAz_slow.dat,4.2268
results2602/20260209S104528.612671E104528.612671_scanAz_slow.dat,4.1410
results2602/20260209S104529.575308E104529.575308_scanAz_slow.dat,4.0804
results2602/20260209S104530.535843E104530.535843_scanAz_slow.dat,4.2527
results2602/20260209S104531.495754E104531.495754_scanAz_slow.dat,4.0327
results2602/20260209S104532.456019E104532.456019_scanAz_slow.dat,4.0818
results2602/20260209S104533.412365E104533.412365_scanAz_slow.dat,4.1393
results2602/20260209S104534.373053E104534.373053_scanAz_slow.dat,4.2856
results2602/20260209S104535.334000E104535.334000_scanAz_slow.dat,4.0203
results2602/20260209S104536.297542E104536.297542_scanAz_slow.dat,4.2495
results2602/20260209S104537.253022E104537.253022_scanAz_slow.dat,4.3017
results2602/20260209S104538.217045E104538.217045_scanAz_slow.dat,4.0395
results2602/20260209S104539.173146E104539.173146_scanAz_slow.dat,4.1037
results2602/20260209S104540.133542E104540.133542_scanAz_slow.dat,4.1244
results2602/20260209S104541.092542E104541.092542_scanAz_slow.dat,4.1483
results2602/20260209S104542.051134E104542.051134_scanAz_slow.dat,4.2578
results2602/20260209S104543.013065E104543.013065_scanAz_slow.dat,4.1538
results2602/20260209S104543.977424E104543.977424_scanAz_slow.dat,3.9061
results2602/20260209S104544.932985E104544.932985_scanAz_slow.dat,4.0039
results2602/20260209S104545.894814E104545.894814_scanAz_slow.dat,4.0264
results2602/20260209S104546.853393E104546.853393_scanAz_slow.dat,4.3645
results2602/20260209S104547.816210E104547.816210_scanAz_slow.dat,4.1428
results2602/20260209S104548.773466E104548.773466_scanAz_slow.dat,4.1374
results2602/20260209S104549.735754E104549.735754_scanAz_slow.dat,4.2130
results2602/20260209S104550.692793E104550.692793_scanAz_slow.dat,4.1008
results2602/20260209S104551.658168E104551.658168_scanAz_slow.dat,4.0970
results2602/20260209S104552.611118E104552.611118_scanAz_slow.dat,4.1090
results2602/20260209S104553.572594E104553.572594_scanAz_slow.dat,4.3137
results2602/20260209S104554.533742E104554.533742_scanAz_slow.dat,4.1110
results2602/20260209S104555.495721E104555.495721_scanAz_slow.dat,4.1478
results2602/20260209S104556.454428E104556.454428_scanAz_slow.dat,4.1204
results2602/20260209S104557.416777E104557.416777_scanAz_slow.dat,4.1224
results2602/20260209S104558.377705E104558.377705_scanAz_slow.dat,4.0625
results2602/20260209S104559.333412E104559.333412_scanAz_slow.dat,4.3584
results2602/20260209S104600.294719E104600.294719_scanAz_slow.dat,4.3064
results2602/20260209S104601.252115E104601.252115_scanAz_slow.dat,3.9523
results2602/20260209S104602.214619E104602.214619_scanAz_slow.dat,4.3958
results2602/20260209S104603.176000E104603.176000_scanAz_slow.dat,4.1940
results2602/20260209S104604.135870E104604.135870_scanAz_slow.dat,4.2641
results2602/20260209S104605.097954E104605.097954_scanAz_slow.dat,4.1787
results2602/20260209S104606.053871E104606.053871_scanAz_slow.dat,4.0180
results2602/20260209S104607.016026E104607.016026_scanAz_slow.dat,4.2305
results2602/20260209S104607.976121E104607.976121_scanAz_slow.dat,4.2782
results2602/20260209S104608.935364E104608.935364_scanAz_slow.dat,4.2312
results2602/20260209S104609.895835E104609.895835_scanAz_slow.dat,4.2024
results2602/20260209S104610.854082E104610.854082_scanAz_slow.dat,4.1693
results2602/20260209S104611.814600E104611.814600_scanAz_slow.dat,4.0385
results2602/20260209S104612.774629E104612.774629_scanAz_slow.dat,4.3002
results2602/20260209S104613.734794E104613.734794_scanAz_slow.dat,4.3296
results2602/20260209S104614.694565E104614.694565_scanAz_slow.dat,4.3657
results2602/20260209S104615.655622E104615.655622_scanAz_slow.dat,4.2029
results2602/20260209S104616.617345E104616.617345_scanAz_slow.dat,4.1377
results2602/20260209S104617.577538E104617.577538_scanAz_slow.dat,4.3978
results2602/20260209S104618.534474E104618.534474_scanAz_slow.dat,4.2454
results2602/20260209S104619.495118E104619.495118_scanAz_slow.dat,4.3389
results2602/20260209S104620.456612E104620.456612_scanAz_slow.dat,4.1763
results2602/20260209S104621.414734E104621.414734_scanAz_slow.dat,4.0436
results2602/20260209S104622.374670E104622.374670_scanAz_slow.dat,4.1412
results2602/20260209S104623.335485E104623.335485_scanAz_slow.dat,4.2899
results2602/20260209S104624.297480E104624.297480_scanAz_slow.dat,4.0881
results2602/20260209S104625.252967E104625.252967_scanAz_slow.dat,4.1814
results2602/20260209S104626.215535E104626.215535_scanAz_slow.dat,4.2589
results2602/20260209S104627.176333E104627.176333_scanAz_slow.dat,4.2490
results2602/20260209S104628.136144E104628.136144_scanAz_slow.dat,4.1383
results2602/20260209S104629.096440E104629.096440_scanAz_slow.dat,4.1460
results2602/20260209S104630.054354E104630.054354_scanAz_slow.dat,4.2757
results2602/20260209S104631.015202E104631.015202_scanAz_slow.dat,4.1420
results2602/20260209S104631.976757E104631.976757_scanAz_slow.dat,4.2422
results2602/20260209S104632.937387E104632.937387_scanAz_slow.dat,4.1407
results2602/20260209S104633.893896E104633.893896_scanAz_slow.dat,4.2499
results2602/20260209S104634.854228E104634.854228_scanAz_slow.dat,4.1455
results2602/20260209S104635.816406E104635.816406_scanAz_slow.dat,4.1985
results2602/20260209S104636.776619E104636.776619_scanAz_slow.dat,4.3533
results2602/20260209S104637.732930E104637.732930_scanAz_slow.dat,3.9022
results2602/20260209S104638.692740E104638.692740_scanAz_slow.dat,3.9153
results2602/20260209S104639.654530E104639.654530_scanAz_slow.dat,4.0154
results2602/20260209S104640.618169E104640.618169_scanAz_slow.dat,4.0889
results2602/20260209S104641.574151E104641.574151_scanAz_slow.dat,4.2568
results2602/20260209S104642.535712E104642.535712_scanAz_slow.dat,4.0071
results2602/20260209S104643.498141E104643.498141_scanAz_slow.dat,4.1918
results2602/20260209S104644.454746E104644.454746_scanAz_slow.dat,4.2289
results2602/20260209S104645.416706E104645.416706_scanAz_slow.dat,3.9766
results2602/20260209S104646.377103E104646.377103_scanAz_slow.dat,4.0000
results2602/20260209S104647.335829E104647.335829_scanAz_slow.dat,4.1262
results2602/20260209S104648.296632E104648.296632_scanAz_slow.dat,4.2165
results2602/20260209S104649.252600E104649.252600_scanAz_slow.dat,4.0948
results2602/20260209S104650.214225E104650.214225_scanAz_slow.dat,4.2968
results2602/20260209S104651.175488E104651.175488_scanAz_slow.dat,3.9707
results2602/20260209S104652.137746E104652.137746_scanAz_slow.dat,4.0402
results2602/20260209S104653.095528E104653.095528_scanAz_slow.dat,4.4015
results2602/20260209S104654.052672E104654.052672_scanAz_slow.dat,4.1265
results2602/20260209S104655.016704E104655.016704_scanAz_slow.dat,4.2797
results2602/20260209S104655.977163E104655.977163_scanAz_slow.dat,4.3001
results2602/20260209S104656.932008E104656.932008_scanAz_slow.dat,4.2258
results2602/20260209S104657.894564E104657.894564_scanAz_slow.dat,4.0143
results2602/20260209S104658.854893E104658.854893_scanAz_slow.dat,4.3967
results2602/20260209S104659.816526E104659.816526_scanAz_slow.dat,4.1477
results2602/20260209S104700.776546E104700.776546_scanAz_slow.dat,4.1573
results2602/20260209S104701.737908E104701.737908_scanAz_slow.dat,4.2057
results2602/20260209S104702.694162E104702.694162_scanAz_slow.dat,4.2325
results2602/20260209S104703.655568E104703.655568_scanAz_slow.dat,4.1498
results2602/20260209S104704.618818E104704.618818_scanAz_slow.dat,4.3026
results2602/20260209S104705.575872E104705.575872_scanAz_slow.dat,4.1769
results2602/20260209S104706.537091E104706.537091_scanAz_slow.dat,4.1102
results2602/20260209S104707.492216E104707.492216_scanAz_slow.dat,4.1010
results2602/20260209S104708.452068E104708.452068_scanAz_slow.dat,4.1629
results2602/20260209S104709.414920E104709.414920_scanAz_slow.dat,3.7774
results2602/20260209S104710.376969E104710.376969_scanAz_slow.dat,4.2450
results2602/20260209S104711.334307E104711.334307_scanAz_slow.dat,4.3539
results2602/20260209S104712.295452E104712.295452_scanAz_slow.dat,4.0103
results2602/20260209S104713.252002E104713.252002_scanAz_slow.dat,3.9463
results2602/20260209S104714.213524E104714.213524_scanAz_slow.dat,4.2790
results2602/20260209S104715.177614E104715.177614_scanAz_slow.dat,4.2804
results2602/20260209S104716.136569E104716.136569_scanAz_slow.dat,4.0469
results2602/20260209S104717.097292E104717.097292_scanAz_slow.dat,4.1340
results2602/20260209S104718.058053E104718.058053_scanAz_slow.dat,4.2233
results2602/20260209S104719.018670E104719.018670_scanAz_slow.dat,4.4322
results2602/20260209S104719.977062E104719.977062_scanAz_slow.dat,4.3089
results2602/20260209S104720.938903E104720.938903_scanAz_slow.dat,4.1442
results2602/20260209S104721.894641E104721.894641_scanAz_slow.dat,4.1449
results2602/20260209S104722.856627E104722.856627_scanAz_slow.dat,4.1549
results2602/20260209S104723.817638E104723.817638_scanAz_slow.dat,4.0988
results2602/20260209S104724.777728E104724.777728_scanAz_slow.dat,4.0636
results2602/20260209S104725.732657E104725.732657_scanAz_slow.dat,4.1620
results2602/20260209S104726.695301E104726.695301_scanAz_slow.dat,4.2005
results2602/20260209S104727.658547E104727.658547_scanAz_slow.dat,4.1788
results2602/20260209S104728.615763E104728.615763_scanAz_slow.dat,4.2055
results2602/20260209S104729.575676E104729.575676_scanAz_slow.dat,4.3347
results2602/20260209S104730.537221E104730.537221_scanAz_slow.dat,4.2974
results2602/20260209S104731.495447E104731.495447_scanAz_slow.dat,4.2749
results2602/20260209S104732.456805E104732.456805_scanAz_slow.dat,4.1312
results2602/20260209S104733.414989E104733.414989_scanAz_slow.dat,3.9998
results2602/20260209S104734.376819E104734.376819_scanAz_slow.dat,4.0257
results2602/20260209S104735.336281E104735.336281_scanAz_slow.dat,3.9747
results2602/20260209S104736.294252E104736.294252_scanAz_slow.dat,4.2547
results2602/20260209S104737.254846E104737.254846_scanAz_slow.dat,4.0696
results2602/20260209S104738.217290E104738.217290_scanAz_slow.dat,4.3019
results2602/20260209S104739.179294E104739.179294_scanAz_slow.dat,3.9524
results2602/20260209S104740.136631E104740.136631_scanAz_slow.dat,4.0160
results2602/20260209S104741.095381E104741.095381_scanAz_slow.dat,4.1778
results2602/20260209S104742.058255E104742.058255_scanAz_slow.dat,4.1871
results2602/20260209S104743.018942E104743.018942_scanAz_slow.dat,4.1601
results2602/20260209S104743.976383E104743.976383_scanAz_slow.dat,3.9735
results2602/20260209S104744.934538E104744.934538_scanAz_slow.dat,4.2057
results2602/20260209S104745.896837E104745.896837_scanAz_slow.dat,4.3366
results2602/20260209S104746.853840E104746.853840_scanAz_slow.dat,4.0150
results2602/20260209S104747.819008E104747.819008_scanAz_slow.dat,4.1315
results2602/20260209S104748.777771E104748.777771_scanAz_slow.dat,4.3161
results2602/20260209S104749.733141E104749.733141_scanAz_slow.dat,4.2038
results2602/20260209S104750.695128E104750.695128_scanAz_slow.dat,4.1387
results2602/20260209S104751.658630E104751.658630_scanAz_slow.dat,4.2603
results2602/20260209S104752.619084E104752.619084_scanAz_slow.dat,3.9754
results2602/20260209S104753.574749E104753.574749_scanAz_slow.dat,4.0305
results2602/20260209S104754.538766E104754.538766_scanAz_slow.dat,4.1977
results2602/20260209S104755.495087E104755.495087_scanAz_slow.dat,4.2196
results2602/20260209S104756.455439E104756.455439_scanAz_slow.dat,4.3118
results2602/20260209S104757.417832E104757.417832_scanAz_slow.dat,4.1858
results2602/20260209S104758.377865E104758.377865_scanAz_slow.dat,4.3544
results2602/20260209S104759.337586E104759.337586_scanAz_slow.dat,4.1587
results2602/20260209S104800.293242E104800.293242_scanAz_slow.dat,4.3236
results2602/20260209S104801.256568E104801.256568_scanAz_slow.dat,4.1707
results2602/20260209S104802.213848E104802.213848_scanAz_slow.dat,4.0869
results2602/20260209S104803.177598E104803.177598_scanAz_slow.dat,4.1829
results2602/20260209S104804.134941E104804.134941_scanAz_slow.dat,3.9810
results2602/20260209S104805.095018E104805.095018_scanAz_slow.dat,4.0427
results2602/20260209S104806.056786E104806.056786_scanAz_slow.dat,4.2749
results2602/20260209S104807.016725E104807.016725_scanAz_slow.dat,4.0754
results2602/20260209S104807.976191E104807.976191_scanAz_slow.dat,3.8424
results2602/20260209S104808.938463E104808.938463_scanAz_slow.dat,4.2652
results2602/20260209S104809.896473E104809.896473_scanAz_slow.dat,4.2049
results2602/20260209S104810.855445E104810.855445_scanAz_slow.dat,4.1032
results2602/20260209S104811.815463E104811.815463_scanAz_slow.dat,4.1167
results2602/20260209S104812.777906E104812.777906_scanAz_slow.dat,4.1394
results2602/20260209S104813.735039E104813.735039_scanAz_slow.dat,4.0965
results2602/20260209S104814.695108E104814.695108_scanAz_slow.dat,4.3721
results2602/20260209S104815.658962E104815.658962_scanAz_slow.dat,4.1473
results2602/20260209S104816.615193E104816.615193_scanAz_slow.dat,4.1957
results2602/20260209S104817.577949E104817.577949_scanAz_slow.dat,4.3051
results2602/20260209S104818.544623E104818.544623_scanAz_slow.dat,4.1165
results2602/20260209S104819.497753E104819.497753_scanAz_slow.dat,4.1482
results2602/20260209S104820.459349E104820.459349_scanAz_slow.dat,4.2012
results2602/20260209S104821.419112E104821.419112_scanAz_slow.dat,4.0857
results2602/20260209S104822.375577E104822.375577_scanAz_slow.dat,4.1604
results2602/20260209S104823.335243E104823.335243_scanAz_slow.dat,4.2196
results2602/20260209S104824.294872E104824.294872_scanAz_slow.dat,4.1576
results2602/20260209S104825.259591E104825.259591_scanAz_slow.dat,4.1915
results2602/20260209S104826.214586E104826.214586_scanAz_slow.dat,4.2495
results2602/20260209S104827.177106E104827.177106_scanAz_slow.dat,3.9396
results2602/20260209S104828.138146E104828.138146_scanAz_slow.dat,4.1028
results2602/20260209S104829.100727E104829.100727_scanAz_slow.dat,4.2974
results2602/20260209S104830.055161E104830.055161_scanAz_slow.dat,4.0949
results2602/20260209S104831.015714E104831.015714_scanAz_slow.dat,4.0656
results2602/20260209S104831.977327E104831.977327_scanAz_slow.dat,4.1620
results2602/20260209S104832.938068E104832.938068_scanAz_slow.dat,4.3333
results2602/20260209S104833.909563E104833.909563_scanAz_slow.dat,4.1055
results2602/20260209S104834.856250E104834.856250_scanAz_slow.dat,4.0926
results2602/20260209S104835.817903E104835.817903_scanAz_slow.dat,4.1923
results2602/20260209S104836.779310E104836.779310_scanAz_slow.dat,4.3128
results2602/20260209S104837.735190E104837.735190_scanAz_slow.dat,4.2755
results2602/20260209S104838.695197E104838.695197_scanAz_slow.dat,4.0582
results2602/20260209S104839.653436E104839.653436_scanAz_slow.dat,4.1409
results2602/20260209S104840.615272E104840.615272_scanAz_slow.dat,4.1975
results2602/20260209S104841.577341E104841.577341_scanAz_slow.dat,4.2295
results2602/20260209S104842.539275E104842.539275_scanAz_slow.dat,4.2108
results2602/20260209S104843.495367E104843.495367_scanAz_slow.dat,4.1475
results2602/20260209S104844.456133E104844.456133_scanAz_slow.dat,4.1194
results2602/20260209S104845.419723E104845.419723_scanAz_slow.dat,4.1083
results2602/20260209S104846.380491E104846.380491_scanAz_slow.dat,4.2080
results2602/20260209S104847.336490E104847.336490_scanAz_slow.dat,3.9064
results2602/20260209S104848.294208E104848.294208_scanAz_slow.dat,4.2869
results2602/20260209S104849.255844E104849.255844_scanAz_slow.dat,4.1355
results2602/20260209S104850.218252E104850.218252_scanAz_slow.dat,3.9466
results2602/20260209S104851.179715E104851.179715_scanAz_slow.dat,4.2273
results2602/20260209S104852.136346E104852.136346_scanAz_slow.dat,4.2574
results2602/20260209S104853.096442E104853.096442_scanAz_slow.dat,4.2585
results2602/20260209S104854.054623E104854.054623_scanAz_slow.dat,4.1596
results2602/20260209S104855.019141E104855.019141_scanAz_slow.dat,4.1923
results2602/20260209S104855.980149E104855.980149_scanAz_slow.dat,4.0706
results2602/20260209S104856.936187E104856.936187_scanAz_slow.dat,4.1041
results2602/20260209S104857.900420E104857.900420_scanAz_slow.dat,4.3573
results2602/20260209S104858.856913E104858.856913_scanAz_slow.dat,3.9779
results2602/20260209S104859.820356E104859.820356_scanAz_slow.dat,4.2770
results2602/20260209S104900.777468E104900.777468_scanAz_slow.dat,4.2834
results2602/20260209S104901.739058E104901.739058_scanAz_slow.dat,4.1872
results2602/20260209S104902.700413E104902.700413_scanAz_slow.dat,4.2629
results2602/20260209S104903.657099E104903.657099_scanAz_slow.dat,4.2912
results2602/20260209S104904.620121E104904.620121_scanAz_slow.dat,4.2107
results2602/20260209S104905.577477E104905.577477_scanAz_slow.dat,4.1668
results2602/20260209S104906.536063E104906.536063_scanAz_slow.dat,4.2414
results2602/20260209S104907.498215E104907.498215_scanAz_slow.dat,4.1629
results2602/20260209S104908.456658E104908.456658_scanAz_slow.dat,4.3522
results2602/20260209S104909.418711E104909.418711_scanAz_slow.dat,4.2392
results2602/20260209S104910.378336E104910.378336_scanAz_slow.dat,4.3242
results2602/20260209S104911.340428E104911.340428_scanAz_slow.dat,4.3146
results2602/20260209S104912.297454E104912.297454_scanAz_slow.dat,4.1553
results2602/20260209S104913.253626E104913.253626_scanAz_slow.dat,4.1226
results2602/20260209S104914.221141E104914.221141_scanAz_slow.dat,4.0722
results2602/20260209S104915.175353E104915.175353_scanAz_slow.dat,4.0276
results2602/20260209S104916.138484E104916.138484_scanAz_slow.dat,4.0570
results2602/20260209S104917.096079E104917.096079_scanAz_slow.dat,4.1586
results2602/20260209S104918.057209E104918.057209_scanAz_slow.dat,4.2379
results2602/20260209S104919.020480E104919.020480_scanAz_slow.dat,4.2652
results2602/20260209S104919.977746E104919.977746_scanAz_slow.dat,4.0088
results2602/20260209S104920.939836E104920.939836_scanAz_slow.dat,3.9747
results2602/20260209S104921.896151E104921.896151_scanAz_slow.dat,4.1254
results2602/20260209S104922.858071E104922.858071_scanAz_slow.dat,4.2500
results2602/20260209S104923.814134E104923.814134_scanAz_slow.dat,3.8893
results2602/20260209S104924.777709E104924.777709_scanAz_slow.dat,4.1485
results2602/20260209S104925.739856E104925.739856_scanAz_slow.dat,4.0733
results2602/20260209S104926.696186E104926.696186_scanAz_slow.dat,4.2287
results2602/20260209S104927.656902E104927.656902_scanAz_slow.dat,3.9755
results2602/20260209S104928.615822E104928.615822_scanAz_slow.dat,4.0378
results2602/20260209S104929.576236E104929.576236_scanAz_slow.dat,4.2612
results2602/20260209S104930.536134E104930.536134_scanAz_slow.dat,4.1949
results2602/20260209S104931.498536E104931.498536_scanAz_slow.dat,4.2120
results2602/20260209S104932.455904E104932.455904_scanAz_slow.dat,4.1753
results2602/20260209S104933.420710E104933.420710_scanAz_slow.dat,4.1783
results2602/20260209S104934.376350E104934.376350_scanAz_slow.dat,4.0988
results2602/20260209S104935.340087E104935.340087_scanAz_slow.dat,4.0094
results2602/20260209S104936.301199E104936.301199_scanAz_slow.dat,4.4348
results2602/20260209S104937.258198E104937.258198_scanAz_slow.dat,4.2080
results2602/20260209S104938.216354E104938.216354_scanAz_slow.dat,4.0865
results2602/20260209S104939.178287E104939.178287_scanAz_slow.dat,4.0816
results2602/20260209S104940.134933E104940.134933_scanAz_slow.dat,4.1034
results2602/20260209S104941.098334E104941.098334_scanAz_slow.dat,3.9913
results2602/20260209S104942.055455E104942.055455_scanAz_slow.dat,4.2582
results2602/20260209S104943.016778E104943.016778_scanAz_slow.dat,4.1780
results2602/20260209S104943.979078E104943.979078_scanAz_slow.dat,4.1484
results2602/20260209S104944.938791E104944.938791_scanAz_slow.dat,4.0141
results2602/20260209S104945.900008E104945.900008_scanAz_slow.dat,4.1672
results2602/20260209S104946.857279E104946.857279_scanAz_slow.dat,4.1733
results2602/20260209S104947.820636E104947.820636_scanAz_slow.dat,4.0829
results2602/20260209S104948.781020E104948.781020_scanAz_slow.dat,4.3979
results2602/20260209S104949.738799E104949.738799_scanAz_slow.dat,4.2854
results2602/20260209S104950.696836E104950.696836_scanAz_slow.dat,4.2727
results2602/20260209S104951.658290E104951.658290_scanAz_slow.dat,4.2814
results2602/20260209S104952.619253E104952.619253_scanAz_slow.dat,4.2104
results2602/20260209S104953.578311E104953.578311_scanAz_slow.dat,4.2806
results2602/20260209S104954.540325E104954.540325_scanAz_slow.dat,4.2785
results2602/20260209S104955.496171E104955.496171_scanAz_slow.dat,4.1499
results2602/20260209S104956.456303E104956.456303_scanAz_slow.dat,4.2401
results2602/20260209S104957.416357E104957.416357_scanAz_slow.dat,4.2907
results2602/20260209S104958.378144E104958.378144_scanAz_slow.dat,4.1582
results2602/20260209S104959.336308E104959.336308_scanAz_slow.dat,4.1753
results2602/20260209S105000.297787E105000.297787_scanAz_slow.dat,4.1349
results2602/20260209S105001.256708E105001.256708_scanAz_slow.dat,4.3496
results2602/20260209S105002.215799E105002.215799_scanAz_slow.dat,4.1287
results2602/20260209S105003.179875E105003.179875_scanAz_slow.dat,4.1721
results2602/20260209S105004.139333E105004.139333_scanAz_slow.dat,3.9767
results2602/20260209S105005.099412E105005.099412_scanAz_slow.dat,4.0209
results2602/20260209S105006.055914E105006.055914_scanAz_slow.dat,4.1003
results2602/20260209S105007.016480E105007.016480_scanAz_slow.dat,4.1990
results2602/20260209S105007.976955E105007.976955_scanAz_slow.dat,4.1301
results2602/20260209S105008.936315E105008.936315_scanAz_slow.dat,4.1645
results2602/20260209S105009.895000E105009.895000_scanAz_slow.dat,4.1603
results2602/20260209S105010.858314E105010.858314_scanAz_slow.dat,4.2037
results2602/20260209S105011.820777E105011.820777_scanAz_slow.dat,4.2266
results2602/20260209S105012.777402E105012.777402_scanAz_slow.dat,4.2549
results2602/20260209S105013.737555E105013.737555_scanAz_slow.dat,4.3195
results2602/20260209S105014.699213E105014.699213_scanAz_slow.dat,4.2187
results2602/20260209S105015.659077E105015.659077_scanAz_slow.dat,4.2652
results2602/20260209S105016.618086E105016.618086_scanAz_slow.dat,4.3095
results2602/20260209S105017.576792E105017.576792_scanAz_slow.dat,4.1643
results2602/20260209S105018.534998E105018.534998_scanAz_slow.dat,3.9110
results2602/20260209S105019.499168E105019.499168_scanAz_slow.dat,4.0839
results2602/20260209S105020.468048E105020.468048_scanAz_slow.dat,4.4686
results2602/20260209S105021.415958E105021.415958_scanAz_slow.dat,4.1347
results2602/20260209S105022.377714E105022.377714_scanAz_slow.dat,4.0831
results2602/20260209S105023.340181E105023.340181_scanAz_slow.dat,4.1206
results2602/20260209S105024.295445E105024.295445_scanAz_slow.dat,4.0352
results2602/20260209S105025.257287E105025.257287_scanAz_slow.dat,3.9931
results2602/20260209S105026.218075E105026.218075_scanAz_slow.dat,4.0236
results2602/20260209S105027.177131E105027.177131_scanAz_slow.dat,4.1996
results2602/20260209S105028.137750E105028.137750_scanAz_slow.dat,4.2796
results2602/20260209S105029.100818E105029.100818_scanAz_slow.dat,4.2443
results2602/20260209S105030.057448E105030.057448_scanAz_slow.dat,4.1615
results2602/20260209S105031.019430E105031.019430_scanAz_slow.dat,4.2050
results2602/20260209S105031.977216E105031.977216_scanAz_slow.dat,3.9254
results2602/20260209S105032.936943E105032.936943_scanAz_slow.dat,4.0586
results2602/20260209S105033.901776E105033.901776_scanAz_slow.dat,4.0346
results2602/20260209S105034.857193E105034.857193_scanAz_slow.dat,3.9196
results2602/20260209S105035.816778E105035.816778_scanAz_slow.dat,4.2697
results2602/20260209S105036.776482E105036.776482_scanAz_slow.dat,4.0908
results2602/20260209S105037.737080E105037.737080_scanAz_slow.dat,4.2434
results2602/20260209S105038.698656E105038.698656_scanAz_slow.dat,4.4361
results2602/20260209S105039.659885E105039.659885_scanAz_slow.dat,4.2795
results2602/20260209S105040.617467E105040.617467_scanAz_slow.dat,4.1643
results2602/20260209S105041.579980E105041.579980_scanAz_slow.dat,3.9035
results2602/20260209S105042.537461E105042.537461_scanAz_slow.dat,4.0270
results2602/20260209S105043.499919E105043.499919_scanAz_slow.dat,4.0212
results2602/20260209S105044.455919E105044.455919_scanAz_slow.dat,4.0684
results2602/20260209S105045.419113E105045.419113_scanAz_slow.dat,4.1643
results2602/20260209S105046.377425E105046.377425_scanAz_slow.dat,4.0887
results2602/20260209S105047.336889E105047.336889_scanAz_slow.dat,4.3221
results2602/20260209S105048.300480E105048.300480_scanAz_slow.dat,4.0650
results2602/20260209S105049.261307E105049.261307_scanAz_slow.dat,4.1260
results2602/20260209S105050.215810E105050.215810_scanAz_slow.dat,4.2447
results2602/20260209S105051.177127E105051.177127_scanAz_slow.dat,4.2541
results2602/20260209S105052.138352E105052.138352_scanAz_slow.dat,4.2197
results2602/20260209S105053.101217E105053.101217_scanAz_slow.dat,4.2438
results2602/20260209S105054.058158E105054.058158_scanAz_slow.dat,4.3825
results2602/20260209S105055.018765E105055.018765_scanAz_slow.dat,4.0903
results2602/20260209S105055.978367E105055.978367_scanAz_slow.dat,4.1620
results2602/20260209S105056.937730E105056.937730_scanAz_slow.dat,4.2513
results2602/20260209S105057.897407E105057.897407_scanAz_slow.dat,4.1554
results2602/20260209S105058.856969E105058.856969_scanAz_slow.dat,3.9934
results2602/20260209S105059.817252E105059.817252_scanAz_slow.dat,4.0457
results2602/20260209S105100.778291E105100.778291_scanAz_slow.dat,4.1658
results2602/20260209S105101.740089E105101.740089_scanAz_slow.dat,4.3578
results2602/20260209S105102.696884E105102.696884_scanAz_slow.dat,4.1737
results2602/20260209S105103.659175E105103.659175_scanAz_slow.dat,4.2647
results2602/20260209S105104.618692E105104.618692_scanAz_slow.dat,3.9817
results2602/20260209S105105.578562E105105.578562_scanAz_slow.dat,4.3004
results2602/20260209S105106.536587E105106.536587_scanAz_slow.dat,4.2271
results2602/20260209S105107.496053E105107.496053_scanAz_slow.dat,4.3292
results2602/20260209S105108.459960E105108.459960_scanAz_slow.dat,4.1307
results2602/20260209S105109.419303E105109.419303_scanAz_slow.dat,4.2411
results2602/20260209S105110.379393E105110.379393_scanAz_slow.dat,4.1070
results2602/20260209S105111.335297E105111.335297_scanAz_slow.dat,4.1957
results2602/20260209S105112.300687E105112.300687_scanAz_slow.dat,4.2130
results2602/20260209S105113.257075E105113.257075_scanAz_slow.dat,4.1383
results2602/20260209S105114.217853E105114.217853_scanAz_slow.dat,4.1305
results2602/20260209S105115.179274E105115.179274_scanAz_slow.dat,4.3431
results2602/20260209S105116.141900E105116.141900_scanAz_slow.dat,4.0635
results2602/20260209S105117.098111E105117.098111_scanAz_slow.dat,4.0817
results2602/20260209S105118.059985E105118.059985_scanAz_slow.dat,4.3077
results2602/20260209S105119.017739E105119.017739_scanAz_slow.dat,4.1092
results2602/20260209S105119.979396E105119.979396_scanAz_slow.dat,4.2495
results2602/20260209S105120.935880E105120.935880_scanAz_slow.dat,4.2520
results2602/20260209S105121.901192E105121.901192_scanAz_slow.dat,4.0270
results2602/20260209S105122.862161E105122.862161_scanAz_slow.dat,4.0808
results2602/20260209S105123.819404E105123.819404_scanAz_slow.dat,4.3339
results2602/20260209S105124.779850E105124.779850_scanAz_slow.dat,3.8993
results2602/20260209S105125.740348E105125.740348_scanAz_slow.dat,4.0980
results2602/20260209S105126.698579E105126.698579_scanAz_slow.dat,4.3759
results2602/20260209S105127.661064E105127.661064_scanAz_slow.dat,4.1633
results2602/20260209S105128.620519E105128.620519_scanAz_slow.dat,4.3465
results2602/20260209S105129.581937E105129.581937_scanAz_slow.dat,4.3036
results2602/20260209S105130.539540E105130.539540_scanAz_slow.dat,4.0960
results2602/20260209S105131.499763E105131.499763_scanAz_slow.dat,4.1447
results2602/20260209S105132.456937E105132.456937_scanAz_slow.dat,4.1348
results2602/20260209S105133.417395E105133.417395_scanAz_slow.dat,4.0690
results2602/20260209S105134.378568E105134.378568_scanAz_slow.dat,4.3025
results2602/20260209S105135.341378E105135.341378_scanAz_slow.dat,4.1457
results2602/20260209S105136.298061E105136.298061_scanAz_slow.dat,4.1958
results2602/20260209S105137.256184E105137.256184_scanAz_slow.dat,4.0518
results2602/20260209S105138.219958E105138.219958_scanAz_slow.dat,4.0041
results2602/20260209S105139.178060E105139.178060_scanAz_slow.dat,4.1403
results2602/20260209S105140.139852E105140.139852_scanAz_slow.dat,3.9378
results2602/20260209S105141.100368E105141.100368_scanAz_slow.dat,4.1678
results2602/20260209S105142.057303E105142.057303_scanAz_slow.dat,4.2450
results2602/20260209S105143.019029E105143.019029_scanAz_slow.dat,4.1898
results2602/20260209S105143.976589E105143.976589_scanAz_slow.dat,4.3154
results2602/20260209S105144.937931E105144.937931_scanAz_slow.dat,4.3041
results2602/20260209S105145.899429E105145.899429_scanAz_slow.dat,4.3086
results2602/20260209S105146.860381E105146.860381_scanAz_slow.dat,4.3586
results2602/20260209S105147.822287E105147.822287_scanAz_slow.dat,4.0529
results2602/20260209S105148.782043E105148.782043_scanAz_slow.dat,4.1215
results2602/20260209S105149.740036E105149.740036_scanAz_slow.dat,4.3722
results2602/20260209S105150.700929E105150.700929_scanAz_slow.dat,4.1325
results2602/20260209S105151.657998E105151.657998_scanAz_slow.dat,4.0230
results2602/20260209S105152.619974E105152.619974_scanAz_slow.dat,4.0932
results2602/20260209S105153.582475E105153.582475_scanAz_slow.dat,4.1563
results2602/20260209S105154.540026E105154.540026_scanAz_slow.dat,4.0386
results2602/20260209S105155.499018E105155.499018_scanAz_slow.dat,4.2935
results2602/20260209S105156.460651E105156.460651_scanAz_slow.dat,4.0633
results2602/20260209S105157.420002E105157.420002_scanAz_slow.dat,4.0501
results2602/20260209S105158.382254E105158.382254_scanAz_slow.dat,4.0483
results2602/20260209S105159.338403E105159.338403_scanAz_slow.dat,4.1865
results2602/20260209S105200.300657E105200.300657_scanAz_slow.dat,4.4633
results2602/20260209S105201.257915E105201.257915_scanAz_slow.dat,4.2960
results2602/20260209S105202.217998E105202.217998_scanAz_slow.dat,4.3039
results2602/20260209S105203.179008E105203.179008_scanAz_slow.dat,4.0955
results2602/20260209S105204.138113E105204.138113_scanAz_slow.dat,4.1923
results2602/20260209S105205.097893E105205.097893_scanAz_slow.dat,4.2544
results2602/20260209S105206.060715E105206.060715_scanAz_slow.dat,4.1123
results2602/20260209S105207.016135E105207.016135_scanAz_slow.dat,4.2212
results2602/20260209S105207.977150E105207.977150_scanAz_slow.dat,4.3343
results2602/20260209S105208.938187E105208.938187_scanAz_slow.dat,3.9521
results2602/20260209S105209.899352E105209.899352_scanAz_slow.dat,4.0559
results2602/20260209S105210.861742E105210.861742_scanAz_slow.dat,4.1595
results2602/20260209S105211.822918E105211.822918_scanAz_slow.dat,4.0860
results2602/20260209S105212.781286E105212.781286_scanAz_slow.dat,4.1660
results2602/20260209S105213.742605E105213.742605_scanAz_slow.dat,3.8771
results2602/20260209S105214.698084E105214.698084_scanAz_slow.dat,3.9864
results2602/20260209S105215.661218E105215.661218_scanAz_slow.dat,4.3236
results2602/20260209S105216.622462E105216.622462_scanAz_slow.dat,4.1515
results2602/20260209S105217.579133E105217.579133_scanAz_slow.dat,4.3206
results2602/20260209S105218.542703E105218.542703_scanAz_slow.dat,4.1737
results2602/20260209S105219.501278E105219.501278_scanAz_slow.dat,4.1092
results2602/20260209S105220.462002E105220.462002_scanAz_slow.dat,3.9587
results2602/20260209S105221.416867E105221.416867_scanAz_slow.dat,4.2972
results2602/20260209S105222.377071E105222.377071_scanAz_slow.dat,4.2179
results2602/20260209S105223.339608E105223.339608_scanAz_slow.dat,4.1902
results2602/20260209S105224.298523E105224.298523_scanAz_slow.dat,4.3159
results2602/20260209S105225.258682E105225.258682_scanAz_slow.dat,4.0189
results2602/20260209S105226.222187E105226.222187_scanAz_slow.dat,4.1039
results2602/20260209S105227.179009E105227.179009_scanAz_slow.dat,4.1482
results2602/20260209S105228.144498E105228.144498_scanAz_slow.dat,4.1390
results2602/20260209S105229.099069E105229.099069_scanAz_slow.dat,4.1682
results2602/20260209S105230.056643E105230.056643_scanAz_slow.dat,4.3026
results2602/20260209S105231.022584E105231.022584_scanAz_slow.dat,4.0840
results2602/20260209S105231.978264E105231.978264_scanAz_slow.dat,4.1318
results2602/20260209S105232.940957E105232.940957_scanAz_slow.dat,4.0866
results2602/20260209S105233.900101E105233.900101_scanAz_slow.dat,3.9976
results2602/20260209S105234.858690E105234.858690_scanAz_slow.dat,4.3331
results2602/20260209S105235.821553E105235.821553_scanAz_slow.dat,4.1437
results2602/20260209S105236.782143E105236.782143_scanAz_slow.dat,4.1150
results2602/20260209S105237.738473E105237.738473_scanAz_slow.dat,4.0801
results2602/20260209S105238.697202E105238.697202_scanAz_slow.dat,4.1138
results2602/20260209S105239.660277E105239.660277_scanAz_slow.dat,4.3051
results2602/20260209S105240.622954E105240.622954_scanAz_slow.dat,4.3034
results2602/20260209S105241.579147E105241.579147_scanAz_slow.dat,4.2459
results2602/20260209S105242.543053E105242.543053_scanAz_slow.dat,4.1877
results2602/20260209S105243.501383E105243.501383_scanAz_slow.dat,4.0928
results2602/20260209S105244.457545E105244.457545_scanAz_slow.dat,4.0528
results2602/20260209S105245.417553E105245.417553_scanAz_slow.dat,3.9263
results2602/20260209S105246.379674E105246.379674_scanAz_slow.dat,4.2632
results2602/20260209S105247.341354E105247.341354_scanAz_slow.dat,4.2553
results2602/20260209S105248.300212E105248.300212_scanAz_slow.dat,4.1615
results2602/20260209S105249.263005E105249.263005_scanAz_slow.dat,3.9686
results2602/20260209S105250.218690E105250.218690_scanAz_slow.dat,4.1995
results2602/20260209S105251.182835E105251.182835_scanAz_slow.dat,4.1551
results2602/20260209S105252.138400E105252.138400_scanAz_slow.dat,4.1173
results2602/20260209S105253.103028E105253.103028_scanAz_slow.dat,4.3164
results2602/20260209S105254.060033E105254.060033_scanAz_slow.dat,4.2422
results2602/20260209S105255.021755E105255.021755_scanAz_slow.dat,4.1908
results2602/20260209S105255.977157E105255.977157_scanAz_slow.dat,4.1447
results2602/20260209S105256.937017E105256.937017_scanAz_slow.dat,4.2166
results2602/20260209S105257.903344E105257.903344_scanAz_slow.dat,4.0151
results2602/20260209S105258.860043E105258.860043_scanAz_slow.dat,4.0106
results2602/20260209S105259.821607E105259.821607_scanAz_slow.dat,4.0679
results2602/20260209S105300.783456E105300.783456_scanAz_slow.dat,4.0846
results2602/20260209S105301.740430E105301.740430_scanAz_slow.dat,4.1912
results2602/20260209S105302.701628E105302.701628_scanAz_slow.dat,4.2759
results2602/20260209S105303.664784E105303.664784_scanAz_slow.dat,4.1323
results2602/20260209S105304.622870E105304.622870_scanAz_slow.dat,4.1519
results2602/20260209S105305.579174E105305.579174_scanAz_slow.dat,4.1528
results2602/20260209S105306.543456E105306.543456_scanAz_slow.dat,4.2989
results2602/20260209S105307.503462E105307.503462_scanAz_slow.dat,4.2870
results2602/20260209S105308.459011E105308.459011_scanAz_slow.dat,4.0897
results2602/20260209S105309.424080E105309.424080_scanAz_slow.dat,3.9648
results2602/20260209S105310.377845E105310.377845_scanAz_slow.dat,3.9652
results2602/20260209S105311.339980E105311.339980_scanAz_slow.dat,4.0768
results2602/20260209S105312.302163E105312.302163_scanAz_slow.dat,3.8237
results2602/20260209S105313.263619E105313.263619_scanAz_slow.dat,4.1661
results2602/20260209S105314.219085E105314.219085_scanAz_slow.dat,4.2479
results2602/20260209S105315.181270E105315.181270_scanAz_slow.dat,4.0473
results2602/20260209S105316.138534E105316.138534_scanAz_slow.dat,4.1612
results2602/20260209S105317.100839E105317.100839_scanAz_slow.dat,4.0993
results2602/20260209S105318.063432E105318.063432_scanAz_slow.dat,4.1436
results2602/20260209S105319.023647E105319.023647_scanAz_slow.dat,4.3452
results2602/20260209S105319.978914E105319.978914_scanAz_slow.dat,4.1341
results2602/20260209S105320.942187E105320.942187_scanAz_slow.dat,4.2573
results2602/20260209S105321.903761E105321.903761_scanAz_slow.dat,4.2831
results2602/20260209S105322.863795E105322.863795_scanAz_slow.dat,4.0905
results2602/20260209S105323.819684E105323.819684_scanAz_slow.dat,3.9424
results2602/20260209S105324.781649E105324.781649_scanAz_slow.dat,4.0996
results2602/20260209S105325.743099E105325.743099_scanAz_slow.dat,4.1490
results2602/20260209S105326.703789E105326.703789_scanAz_slow.dat,4.1472
results2602/20260209S105327.661214E105327.661214_scanAz_slow.dat,4.2816
results2602/20260209S105328.623777E105328.623777_scanAz_slow.dat,4.2629
results2602/20260209S105329.584140E105329.584140_scanAz_slow.dat,4.2139
results2602/20260209S105330.541790E105330.541790_scanAz_slow.dat,4.0709
results2602/20260209S105331.497416E105331.497416_scanAz_slow.dat,4.2887
results2602/20260209S105332.458116E105332.458116_scanAz_slow.dat,4.1335
results2602/20260209S105333.419090E105333.419090_scanAz_slow.dat,4.1887
results2602/20260209S105334.382695E105334.382695_scanAz_slow.dat,4.4192
results2602/20260209S105335.338811E105335.338811_scanAz_slow.dat,3.9955
results2602/20260209S105336.304138E105336.304138_scanAz_slow.dat,4.3025
results2602/20260209S105337.262437E105337.262437_scanAz_slow.dat,4.1889
results2602/20260209S105338.223380E105338.223380_scanAz_slow.dat,4.0583
results2602/20260209S105339.179771E105339.179771_scanAz_slow.dat,4.1858
results2602/20260209S105340.144314E105340.144314_scanAz_slow.dat,3.9968
results2602/20260209S105341.104148E105341.104148_scanAz_slow.dat,3.9684
results2602/20260209S105342.060856E105342.060856_scanAz_slow.dat,4.2730
results2602/20260209S105343.021616E105343.021616_scanAz_slow.dat,4.1903
results2602/20260209S105343.980159E105343.980159_scanAz_slow.dat,4.1716
results2602/20260209S105344.939291E105344.939291_scanAz_slow.dat,4.1760
results2602/20260209S105345.899258E105345.899258_scanAz_slow.dat,4.2388
results2602/20260209S105346.863259E105346.863259_scanAz_slow.dat,4.2545
results2602/20260209S105347.824585E105347.824585_scanAz_slow.dat,4.2251
results2602/20260209S105348.780627E105348.780627_scanAz_slow.dat,4.1622
results2602/20260209S105349.743102E105349.743102_scanAz_slow.dat,4.2680
results2602/20260209S105350.704349E105350.704349_scanAz_slow.dat,4.2427
results2602/20260209S105351.659954E105351.659954_scanAz_slow.dat,4.0749
results2602/20260209S105352.621352E105352.621352_scanAz_slow.dat,3.9910
results2602/20260209S105353.582713E105353.582713_scanAz_slow.dat,4.3205
results2602/20260209S105354.543630E105354.543630_scanAz_slow.dat,4.0658
results2602/20260209S105355.504675E105355.504675_scanAz_slow.dat,4.3214
results2602/20260209S105356.464312E105356.464312_scanAz_slow.dat,4.2526
results2602/20260209S105357.421373E105357.421373_scanAz_slow.dat,4.2721
results2602/20260209S105358.384196E105358.384196_scanAz_slow.dat,4.0513
results2602/20260209S105359.341427E105359.341427_scanAz_slow.dat,4.2120
results2602/20260209S105400.303317E105400.303317_scanAz_slow.dat,4.2892
results2602/20260209S105401.262224E105401.262224_scanAz_slow.dat,4.2109
results2602/20260209S105402.224198E105402.224198_scanAz_slow.dat,4.1041
results2602/20260209S105403.182197E105403.182197_scanAz_slow.dat,3.9727
results2602/20260209S105404.140456E105404.140456_scanAz_slow.dat,4.0937
results2602/20260209S105405.100101E105405.100101_scanAz_slow.dat,4.0407
results2602/20260209S105406.060697E105406.060697_scanAz_slow.dat,4.2270
results2602/20260209S105407.023572E105407.023572_scanAz_slow.dat,4.2327
results2602/20260209S105407.985462E105407.985462_scanAz_slow.dat,4.4456
results2602/20260209S105408.940691E105408.940691_scanAz_slow.dat,4.3371
results2602/20260209S105409.904072E105409.904072_scanAz_slow.dat,3.9875
results2602/20260209S105410.860335E105410.860335_scanAz_slow.dat,4.2561
results2602/20260209S105411.822030E105411.822030_scanAz_slow.dat,4.1312
results2602/20260209S105412.782652E105412.782652_scanAz_slow.dat,4.2792
results2602/20260209S105413.744412E105413.744412_scanAz_slow.dat,4.2207
results2602/20260209S105414.703794E105414.703794_scanAz_slow.dat,4.1342
results2602/20260209S105415.658014E105415.658014_scanAz_slow.dat,4.1228
results2602/20260209S105416.618824E105416.618824_scanAz_slow.dat,4.1977
results2602/20260209S105417.581671E105417.581671_scanAz_slow.dat,4.1593
results2602/20260209S105418.543452E105418.543452_scanAz_slow.dat,4.0103
results2602/20260209S105419.503901E105419.503901_scanAz_slow.dat,4.1237
results2602/20260209S105420.460602E105420.460602_scanAz_slow.dat,4.2098
results2602/20260209S105421.423937E105421.423937_scanAz_slow.dat,4.2229
results2602/20260209S105422.383116E105422.383116_scanAz_slow.dat,4.2605
results2602/20260209S105423.342755E105423.342755_scanAz_slow.dat,4.3060
results2602/20260209S105424.300688E105424.300688_scanAz_slow.dat,4.2938
results2602/20260209S105425.264337E105425.264337_scanAz_slow.dat,4.2570
results2602/20260209S105426.221024E105426.221024_scanAz_slow.dat,4.1331
results2602/20260209S105427.180456E105427.180456_scanAz_slow.dat,4.2254
results2602/20260209S105428.142689E105428.142689_scanAz_slow.dat,4.2236
results2602/20260209S105429.104602E105429.104602_scanAz_slow.dat,4.2122
results2602/20260209S105430.063654E105430.063654_scanAz_slow.dat,4.0564
results2602/20260209S105431.021854E105431.021854_scanAz_slow.dat,4.2048
results2602/20260209S105431.982134E105431.982134_scanAz_slow.dat,4.2212
results2602/20260209S105432.942492E105432.942492_scanAz_slow.dat,4.1052
results2602/20260209S105433.904398E105433.904398_scanAz_slow.dat,3.9891
results2602/20260209S105434.860148E105434.860148_scanAz_slow.dat,4.4036
results2602/20260209S105435.819772E105435.819772_scanAz_slow.dat,4.0252
results2602/20260209S105436.784270E105436.784270_scanAz_slow.dat,4.2974
results2602/20260209S105437.744731E105437.744731_scanAz_slow.dat,4.2622
results2602/20260209S105438.703161E105438.703161_scanAz_slow.dat,4.1643
results2602/20260209S105439.664276E105439.664276_scanAz_slow.dat,4.0991
results2602/20260209S105440.618931E105440.618931_scanAz_slow.dat,4.0841
results2602/20260209S105441.584246E105441.584246_scanAz_slow.dat,4.3624
results2602/20260209S105442.541213E105442.541213_scanAz_slow.dat,4.2687
results2602/20260209S105443.502994E105443.502994_scanAz_slow.dat,4.1976
results2602/20260209S105444.460704E105444.460704_scanAz_slow.dat,4.2091
results2602/20260209S105445.423913E105445.423913_scanAz_slow.dat,4.1851
results2602/20260209S105446.383774E105446.383774_scanAz_slow.dat,4.4066
results2602/20260209S105447.344376E105447.344376_scanAz_slow.dat,4.4152
results2602/20260209S105448.303995E105448.303995_scanAz_slow.dat,3.9608
results2602/20260209S105449.263416E105449.263416_scanAz_slow.dat,4.3135
results2602/20260209S105450.220692E105450.220692_scanAz_slow.dat,4.2572
results2602/20260209S105451.183308E105451.183308_scanAz_slow.dat,4.0300
results2602/20260209S105452.144417E105452.144417_scanAz_slow.dat,4.1142
results2602/20260209S105453.104200E105453.104200_scanAz_slow.dat,4.3210
results2602/20260209S105454.060662E105454.060662_scanAz_slow.dat,4.2779
results2602/20260209S105455.020914E105455.020914_scanAz_slow.dat,4.2107
results2602/20260209S105455.983397E105455.983397_scanAz_slow.dat,4.0702
results2602/20260209S105456.944580E105456.944580_scanAz_slow.dat,4.1230
results2602/20260209S105457.900684E105457.900684_scanAz_slow.dat,4.4060
results2602/20260209S105458.862175E105458.862175_scanAz_slow.dat,4.2596
results2602/20260209S105459.823369E105459.823369_scanAz_slow.dat,4.4482
results2602/20260209S105500.781807E105500.781807_scanAz_slow.dat,4.2690
results2602/20260209S105501.743102E105501.743102_scanAz_slow.dat,4.2278
results2602/20260209S105502.702599E105502.702599_scanAz_slow.dat,4.2521
results2602/20260209S105503.662021E105503.662021_scanAz_slow.dat,4.4661
results2602/20260209S105504.623097E105504.623097_scanAz_slow.dat,4.3223
results2602/20260209S105505.583049E105505.583049_scanAz_slow.dat,3.9813
results2602/20260209S105506.540878E105506.540878_scanAz_slow.dat,4.1135
results2602/20260209S105507.500374E105507.500374_scanAz_slow.dat,4.1599
results2602/20260209S105508.463766E105508.463766_scanAz_slow.dat,4.2081
results2602/20260209S105509.420787E105509.420787_scanAz_slow.dat,4.0186
results2602/20260209S105510.382044E105510.382044_scanAz_slow.dat,4.1682
results2602/20260209S105511.344101E105511.344101_scanAz_slow.dat,4.2905
results2602/20260209S105512.299781E105512.299781_scanAz_slow.dat,4.1910
results2602/20260209S105513.261024E105513.261024_scanAz_slow.dat,4.3128
results2602/20260209S105514.220504E105514.220504_scanAz_slow.dat,4.1958
results2602/20260209S105515.183037E105515.183037_scanAz_slow.dat,4.2391
results2602/20260209S105516.139226E105516.139226_scanAz_slow.dat,4.1465
results2602/20260209S105517.105018E105517.105018_scanAz_slow.dat,4.1739
results2602/20260209S105518.064951E105518.064951_scanAz_slow.dat,4.1196
results2602/20260209S105519.023327E105519.023327_scanAz_slow.dat,4.0996
results2602/20260209S105519.984164E105519.984164_scanAz_slow.dat,4.2028
results2602/20260209S105520.942215E105520.942215_scanAz_slow.dat,4.4455
results2602/20260209S105521.902159E105521.902159_scanAz_slow.dat,3.9681
results2602/20260209S105522.862489E105522.862489_scanAz_slow.dat,4.1781
results2602/20260209S105523.823220E105523.823220_scanAz_slow.dat,4.3191
results2602/20260209S105524.783309E105524.783309_scanAz_slow.dat,4.1983
results2602/20260209S105525.744735E105525.744735_scanAz_slow.dat,4.1941
results2602/20260209S105526.705126E105526.705126_scanAz_slow.dat,4.1409
results2602/20260209S105527.664260E105527.664260_scanAz_slow.dat,4.2658
results2602/20260209S105528.623716E105528.623716_scanAz_slow.dat,4.2356
results2602/20260209S105529.584198E105529.584198_scanAz_slow.dat,4.1273
results2602/20260209S105530.542453E105530.542453_scanAz_slow.dat,4.3147
results2602/20260209S105531.502394E105531.502394_scanAz_slow.dat,4.2758
results2602/20260209S105532.463942E105532.463942_scanAz_slow.dat,4.3286
results2602/20260209S105533.419694E105533.419694_scanAz_slow.dat,4.0960
results2602/20260209S105534.380105E105534.380105_scanAz_slow.dat,4.3392
results2602/20260209S105535.341924E105535.341924_scanAz_slow.dat,4.1280
results2602/20260209S105536.301990E105536.301990_scanAz_slow.dat,4.2407
results2602/20260209S105537.264003E105537.264003_scanAz_slow.dat,4.0063
results2602/20260209S105538.223975E105538.223975_scanAz_slow.dat,4.0826
results2602/20260209S105539.179397E105539.179397_scanAz_slow.dat,4.3674
results2602/20260209S105540.139820E105540.139820_scanAz_slow.dat,4.3300
results2602/20260209S105541.102369E105541.102369_scanAz_slow.dat,4.3654
results2602/20260209S105542.063880E105542.063880_scanAz_slow.dat,4.3103
results2602/20260209S105543.023182E105543.023182_scanAz_slow.dat,4.1473
results2602/20260209S105543.981508E105543.981508_scanAz_slow.dat,4.3256
results2602/20260209S105544.941585E105544.941585_scanAz_slow.dat,3.9450
results2602/20260209S105545.901527E105545.901527_scanAz_slow.dat,4.2996
results2602/20260209S105546.861719E105546.861719_scanAz_slow.dat,4.3550
results2602/20260209S105547.825241E105547.825241_scanAz_slow.dat,4.5741
results2602/20260209S105548.783901E105548.783901_scanAz_slow.dat,4.1312
results2602/20260209S105549.743781E105549.743781_scanAz_slow.dat,4.1694
results2602/20260209S105550.705625E105550.705625_scanAz_slow.dat,4.0458
results2602/20260209S105551.659250E105551.659250_scanAz_slow.dat,4.2225
results2602/20260209S105552.623404E105552.623404_scanAz_slow.dat,4.3041
results2602/20260209S105553.581333E105553.581333_scanAz_slow.dat,4.1827
results2602/20260209S105554.540743E105554.540743_scanAz_slow.dat,4.3069
results2602/20260209S105555.502341E105555.502341_scanAz_slow.dat,4.0599
results2602/20260209S105556.462355E105556.462355_scanAz_slow.dat,4.2631
results2602/20260209S105557.421473E105557.421473_scanAz_slow.dat,4.0817
results2602/20260209S105558.382585E105558.382585_scanAz_slow.dat,4.3967
results2602/20260209S105559.343426E105559.343426_scanAz_slow.dat,4.3025
results2602/20260209S105600.301644E105600.301644_scanAz_slow.dat,4.1188
results2602/20260209S105601.261488E105601.261488_scanAz_slow.dat,4.1642
results2602/20260209S105602.222343E105602.222343_scanAz_slow.dat,4.2215
results2602/20260209S105603.182679E105603.182679_scanAz_slow.dat,4.3094
results2602/20260209S105604.141660E105604.141660_scanAz_slow.dat,4.3780
results2602/20260209S105605.102422E105605.102422_scanAz_slow.dat,4.3271
results2602/20260209S105606.061775E105606.061775_scanAz_slow.dat,4.0404
results2602/20260209S105607.022625E105607.022625_scanAz_slow.dat,4.1814
results2602/20260209S105607.980284E105607.980284_scanAz_slow.dat,4.2564
results2602/20260209S105608.940877E105608.940877_scanAz_slow.dat,4.2280
results2602/20260209S105609.899923E105609.899923_scanAz_slow.dat,4.1482
results2602/20260209S105610.860081E105610.860081_scanAz_slow.dat,4.1559
results2602/20260209S105611.823606E105611.823606_scanAz_slow.dat,4.2162
results2602/20260209S105612.781295E105612.781295_scanAz_slow.dat,4.1362
results2602/20260209S105613.742498E105613.742498_scanAz_slow.dat,4.1739
results2602/20260209S105614.703558E105614.703558_scanAz_slow.dat,4.0785
results2602/20260209S105615.661483E105615.661483_scanAz_slow.dat,4.2514
results2602/20260209S105616.621739E105616.621739_scanAz_slow.dat,4.2248
results2602/20260209S105617.582170E105617.582170_scanAz_slow.dat,4.2234
results2602/20260209S105618.543791E105618.543791_scanAz_slow.dat,4.1978
results2602/20260209S105619.503624E105619.503624_scanAz_slow.dat,4.2109
results2602/20260209S105620.463100E105620.463100_scanAz_slow.dat,4.2891
results2602/20260209S105621.420009E105621.420009_scanAz_slow.dat,4.1704
results2602/20260209S105622.384095E105622.384095_scanAz_slow.dat,4.1057
results2602/20260209S105623.341077E105623.341077_scanAz_slow.dat,4.2697
results2602/20260209S105624.301597E105624.301597_scanAz_slow.dat,4.1812
results2602/20260209S105625.262292E105625.262292_scanAz_slow.dat,3.9792
results2602/20260209S105626.220622E105626.220622_scanAz_slow.dat,3.9475
results2602/20260209S105627.182098E105627.182098_scanAz_slow.dat,3.9966
results2602/20260209S105628.141248E105628.141248_scanAz_slow.dat,4.2434
results2602/20260209S105629.099611E105629.099611_scanAz_slow.dat,4.2426
results2602/20260209S105630.060977E105630.060977_scanAz_slow.dat,4.2464
results2602/20260209S105631.021283E105631.021283_scanAz_slow.dat,4.2201
results2602/20260209S105631.984135E105631.984135_scanAz_slow.dat,4.3761
results2602/20260209S105632.944104E105632.944104_scanAz_slow.dat,4.1594
results2602/20260209S105633.902446E105633.902446_scanAz_slow.dat,4.1304
results2602/20260209S105634.862237E105634.862237_scanAz_slow.dat,4.1118
results2602/20260209S105635.823590E105635.823590_scanAz_slow.dat,4.0062
read results2602/20260209_110134_scanAz_slow.txt,0.0073
results2602/20260209S110135.544208E110135.544208_scanAz_slow.dat,4.2086
results2602/20260209S110136.631450E110136.631450_scanAz_slow.dat,4.1439
results2602/20260209S110137.603634E110137.603634_scanAz_slow.dat,4.1065
results2602/20260209S110138.565983E110138.565983_scanAz_slow.dat,4.1564
results2602/20260209S110139.525983E110139.525983_scanAz_slow.dat,4.0963
results2602/20260209S110140.481501E110140.481501_scanAz_slow.dat,4.2808
results2602/20260209S110141.439793E110141.439793_scanAz_slow.dat,4.2862
results2602/20260209S110142.405807E110142.405807_scanAz_slow.dat,4.3769
results2602/20260209S110143.366092E110143.366092_scanAz_slow.dat,4.2025
results2602/20260209S110144.325466E110144.325466_scanAz_slow.dat,4.2718
results2602/20260209S110145.282117E110145.282117_scanAz_slow.dat,4.0957
results2602/20260209S110146.244665E110146.244665_scanAz_slow.dat,3.9608
results2602/20260209S110147.203782E110147.203782_scanAz_slow.dat,4.0545
results2602/20260209S110148.166088E110148.166088_scanAz_slow.dat,4.1188
results2602/20260209S110149.121712E110149.121712_scanAz_slow.dat,4.0786
results2602/20260209S110150.082058E110150.082058_scanAz_slow.dat,4.1566
results2602/20260209S110151.045440E110151.045440_scanAz_slow.dat,4.1246
results2602/20260209S110152.002377E110152.002377_scanAz_slow.dat,4.1212
results2602/20260209S110152.961769E110152.961769_scanAz_slow.dat,4.2026
results2602/20260209S110153.926381E110153.926381_scanAz_slow.dat,4.2644
results2602/20260209S110154.886199E110154.886199_scanAz_slow.dat,4.1352
results2602/20260209S110155.845182E110155.845182_scanAz_slow.dat,4.1173
results2602/20260209S110156.802569E110156.802569_scanAz_slow.dat,4.1694
results2602/20260209S110157.765974E110157.765974_scanAz_slow.dat,4.0024
results2602/20260209S110158.724720E110158.724720_scanAz_slow.dat,4.1094
results2602/20260209S110159.684855E110159.684855_scanAz_slow.dat,4.0877
results2602/20260209S110200.645789E110200.645789_scanAz_slow.dat,4.1774
results2602/20260209S110201.606525E110201.606525_scanAz_slow.dat,4.2374
results2602/20260209S110202.566201E110202.566201_scanAz_slow.dat,4.1518
results2602/20260209S110203.527144E110203.527144_scanAz_slow.dat,4.1666
results2602/20260209S110204.487135E110204.487135_scanAz_slow.dat,4.1538
results2602/20260209S110205.443994E110205.443994_scanAz_slow.dat,4.3351
results2602/20260209S110206.402857E110206.402857_scanAz_slow.dat,4.3907
results2602/20260209S110207.362602E110207.362602_scanAz_slow.dat,4.1395
results2602/20260209S110208.325314E110208.325314_scanAz_slow.dat,4.3652
results2602/20260209S110209.285747E110209.285747_scanAz_slow.dat,4.1330
results2602/20260209S110210.244685E110210.244685_scanAz_slow.dat,4.1230
results2602/20260209S110211.204724E110211.204724_scanAz_slow.dat,4.0312
results2602/20260209S110212.162698E110212.162698_scanAz_slow.dat,4.0285
results2602/20260209S110213.125405E110213.125405_scanAz_slow.dat,4.0751
results2602/20260209S110214.086579E110214.086579_scanAz_slow.dat,4.1007
results2602/20260209S110215.043047E110215.043047_scanAz_slow.dat,4.2844
results2602/20260209S110216.001874E110216.001874_scanAz_slow.dat,4.1545
results2602/20260209S110216.964304E110216.964304_scanAz_slow.dat,4.0767
results2602/20260209S110217.922990E110217.922990_scanAz_slow.dat,4.2098
results2602/20260209S110218.885443E110218.885443_scanAz_slow.dat,4.0717
results2602/20260209S110219.845269E110219.845269_scanAz_slow.dat,4.1380
results2602/20260209S110220.805945E110220.805945_scanAz_slow.dat,4.2367
results2602/20260209S110221.766048E110221.766048_scanAz_slow.dat,4.0330
results2602/20260209S110222.727527E110222.727527_scanAz_slow.dat,4.2598
results2602/20260209S110223.686287E110223.686287_scanAz_slow.dat,4.1044
results2602/20260209S110224.647709E110224.647709_scanAz_slow.dat,4.1202
results2602/20260209S110225.606953E110225.606953_scanAz_slow.dat,4.1645
results2602/20260209S110226.564553E110226.564553_scanAz_slow.dat,3.9805
results2602/20260209S110227.522576E110227.522576_scanAz_slow.dat,4.2396
results2602/20260209S110228.484051E110228.484051_scanAz_slow.dat,4.2198
results2602/20260209S110229.442813E110229.442813_scanAz_slow.dat,4.0434
results2602/20260209S110230.405746E110230.405746_scanAz_slow.dat,4.2869
results2602/20260209S110231.367041E110231.367041_scanAz_slow.dat,4.2327
results2602/20260209S110232.325506E110232.325506_scanAz_slow.dat,4.2120
results2602/20260209S110233.285738E110233.285738_scanAz_slow.dat,4.0972
results2602/20260209S110234.247027E110234.247027_scanAz_slow.dat,4.1587
results2602/20260209S110235.207906E110235.207906_scanAz_slow.dat,4.1743
results2602/20260209S110236.166558E110236.166558_scanAz_slow.dat,4.1139
results2602/20260209S110237.125809E110237.125809_scanAz_slow.dat,3.9991
results2602/20260209S110238.085560E110238.085560_scanAz_slow.dat,4.1367
results2602/20260209S110239.046738E110239.046738_scanAz_slow.dat,4.1780
results2602/20260209S110240.006436E110240.006436_scanAz_slow.dat,3.9549
results2602/20260209S110240.965410E110240.965410_scanAz_slow.dat,4.0190
results2602/20260209S110241.922321E110241.922321_scanAz_slow.dat,3.9228
results2602/20260209S110242.883549E110242.883549_scanAz_slow.dat,4.2323
results2602/20260209S110243.844708E110243.844708_scanAz_slow.dat,4.3151
results2602/20260209S110244.806400E110244.806400_scanAz_slow.dat,4.0387
results2602/20260209S110245.766951E110245.766951_scanAz_slow.dat,4.0364
results2602/20260209S110246.727009E110246.727009_scanAz_slow.dat,3.9337
results2602/20260209S110247.686395E110247.686395_scanAz_slow.dat,4.2150
results2602/20260209S110248.645832E110248.645832_scanAz_slow.dat,4.1378
results2602/20260209S110249.607676E110249.607676_scanAz_slow.dat,4.2658
results2602/20260209S110250.568164E110250.568164_scanAz_slow.dat,4.2586
results2602/20260209S110251.522544E110251.522544_scanAz_slow.dat,4.1679
results2602/20260209S110252.483040E110252.483040_scanAz_slow.dat,4.1291
results2602/20260209S110253.443625E110253.443625_scanAz_slow.dat,4.0551
results2602/20260209S110254.405005E110254.405005_scanAz_slow.dat,4.2577
results2602/20260209S110255.367254E110255.367254_scanAz_slow.dat,4.1247
results2602/20260209S110256.326037E110256.326037_scanAz_slow.dat,4.2090
results2602/20260209S110257.284069E110257.284069_scanAz_slow.dat,4.3061
results2602/20260209S110258.246821E110258.246821_scanAz_slow.dat,4.0152
results2602/20260209S110259.206083E110259.206083_scanAz_slow.dat,4.0695
results2602/20260209S110300.167061E110300.167061_scanAz_slow.dat,4.1893
results2602/20260209S110301.127780E110301.127780_scanAz_slow.dat,4.2119
results2602/20260209S110302.087343E110302.087343_scanAz_slow.dat,4.0867
results2602/20260209S110303.043185E110303.043185_scanAz_slow.dat,4.3202
results2602/20260209S110304.005448E110304.005448_scanAz_slow.dat,4.3239
results2602/20260209S110304.966962E110304.966962_scanAz_slow.dat,4.1778
results2602/20260209S110305.927013E110305.927013_scanAz_slow.dat,4.3295
results2602/20260209S110306.885908E110306.885908_scanAz_slow.dat,4.3866
results2602/20260209S110307.847396E110307.847396_scanAz_slow.dat,4.3508
results2602/20260209S110308.808162E110308.808162_scanAz_slow.dat,4.2469
results2602/20260209S110309.767442E110309.767442_scanAz_slow.dat,4.1784
results2602/20260209S110310.723381E110310.723381_scanAz_slow.dat,4.0272
results2602/20260209S110311.683461E110311.683461_scanAz_slow.dat,4.0434
results2602/20260209S110312.647743E110312.647743_scanAz_slow.dat,4.0845
results2602/20260209S110313.608789E110313.608789_scanAz_slow.dat,4.2758
results2602/20260209S110314.563253E110314.563253_scanAz_slow.dat,4.2122
results2602/20260209S110315.523564E110315.523564_scanAz_slow.dat,4.1803
results2602/20260209S110316.486142E110316.486142_scanAz_slow.dat,4.2165
results2602/20260209S110317.446132E110317.446132_scanAz_slow.dat,4.2073
results2602/20260209S110318.407711E110318.407711_scanAz_slow.dat,4.2284
results2602/20260209S110319.364043E110319.364043_scanAz_slow.dat,4.3760
results2602/20260209S110320.326912E110320.326912_scanAz_slow.dat,4.1927
results2602/20260209S110321.287451E110321.287451_scanAz_slow.dat,4.1555
results2602/20260209S110322.243775E110322.243775_scanAz_slow.dat,4.0644
results2602/20260209S110323.203975E110323.203975_scanAz_slow.dat,4.1467
results2602/20260209S110324.165454E110324.165454_scanAz_slow.dat,4.0716
results2602/20260209S110325.124753E110325.124753_scanAz_slow.dat,4.1105
results2602/20260209S110326.082444E110326.082444_scanAz_slow.dat,4.0350
results2602/20260209S110327.045016E110327.045016_scanAz_slow.dat,3.9636
results2602/20260209S110328.004158E110328.004158_scanAz_slow.dat,4.1877
results2602/20260209S110328.963940E110328.963940_scanAz_slow.dat,4.0690
results2602/20260209S110329.925340E110329.925340_scanAz_slow.dat,4.2060
results2602/20260209S110330.883346E110330.883346_scanAz_slow.dat,4.0344
results2602/20260209S110331.845392E110331.845392_scanAz_slow.dat,4.1564
results2602/20260209S110332.807696E110332.807696_scanAz_slow.dat,4.1535
results2602/20260209S110333.767618E110333.767618_scanAz_slow.dat,4.0682
results2602/20260209S110334.723763E110334.723763_scanAz_slow.dat,4.2766
results2602/20260209S110335.685626E110335.685626_scanAz_slow.dat,4.3184
results2602/20260209S110336.647801E110336.647801_scanAz_slow.dat,4.0528
results2602/20260209S110337.607616E110337.607616_scanAz_slow.dat,4.1457
results2602/20260209S110338.565649E110338.565649_scanAz_slow.dat,4.3104
results2602/20260209S110339.525302E110339.525302_scanAz_slow.dat,4.0452
results2602/20260209S110340.486449E110340.486449_scanAz_slow.dat,4.1335
results2602/20260209S110341.447699E110341.447699_scanAz_slow.dat,4.2619
results2602/20260209S110342.408107E110342.408107_scanAz_slow.dat,4.3532
results2602/20260209S110343.362982E110343.362982_scanAz_slow.dat,4.0415
results2602/20260209S110344.325515E110344.325515_scanAz_slow.dat,4.0049
results2602/20260209S110345.287588E110345.287588_scanAz_slow.dat,4.2063
results2602/20260209S110346.243964E110346.243964_scanAz_slow.dat,4.2892
results2602/20260209S110347.208086E110347.208086_scanAz_slow.dat,4.1445
results2602/20260209S110348.165572E110348.165572_scanAz_slow.dat,4.2054
results2602/20260209S110349.127522E110349.127522_scanAz_slow.dat,4.1011
results2602/20260209S110350.084253E110350.084253_scanAz_slow.dat,4.0867
results2602/20260209S110351.046029E110351.046029_scanAz_slow.dat,4.0160
results2602/20260209S110352.005496E110352.005496_scanAz_slow.dat,4.0130
results2602/20260209S110352.967737E110352.967737_scanAz_slow.dat,4.1505
results2602/20260209S110353.923987E110353.923987_scanAz_slow.dat,4.2077
results2602/20260209S110354.886664E110354.886664_scanAz_slow.dat,4.4130
results2602/20260209S110355.844018E110355.844018_scanAz_slow.dat,4.2228
results2602/20260209S110356.807008E110356.807008_scanAz_slow.dat,4.0752
results2602/20260209S110357.767955E110357.767955_scanAz_slow.dat,4.0758
results2602/20260209S110358.725980E110358.725980_scanAz_slow.dat,4.3297
results2602/20260209S110359.684285E110359.684285_scanAz_slow.dat,4.3158
results2602/20260209S110400.645883E110400.645883_scanAz_slow.dat,4.2561
results2602/20260209S110401.604127E110401.604127_scanAz_slow.dat,4.1688
results2602/20260209S110402.566926E110402.566926_scanAz_slow.dat,4.2420
results2602/20260209S110403.528085E110403.528085_scanAz_slow.dat,4.0171
results2602/20260209S110404.483540E110404.483540_scanAz_slow.dat,4.2589
results2602/20260209S110405.443599E110405.443599_scanAz_slow.dat,4.1462
results2602/20260209S110406.408161E110406.408161_scanAz_slow.dat,4.0295
results2602/20260209S110407.364290E110407.364290_scanAz_slow.dat,4.1686
results2602/20260209S110408.324792E110408.324792_scanAz_slow.dat,4.2444
results2602/20260209S110409.284688E110409.284688_scanAz_slow.dat,4.1861
results2602/20260209S110410.245973E110410.245973_scanAz_slow.dat,4.2868
results2602/20260209S110411.207728E110411.207728_scanAz_slow.dat,4.2167
results2602/20260209S110412.166697E110412.166697_scanAz_slow.dat,4.1974
results2602/20260209S110413.128523E110413.128523_scanAz_slow.dat,3.9792
results2602/20260209S110414.083606E110414.083606_scanAz_slow.dat,3.9430
results2602/20260209S110415.044478E110415.044478_scanAz_slow.dat,4.0138
results2602/20260209S110416.008452E110416.008452_scanAz_slow.dat,3.9331
results2602/20260209S110416.964096E110416.964096_scanAz_slow.dat,4.3153
results2602/20260209S110417.926136E110417.926136_scanAz_slow.dat,4.1381
results2602/20260209S110418.885817E110418.885817_scanAz_slow.dat,3.9847
results2602/20260209S110419.843834E110419.843834_scanAz_slow.dat,4.1176
results2602/20260209S110420.803448E110420.803448_scanAz_slow.dat,4.3098
results2602/20260209S110421.764148E110421.764148_scanAz_slow.dat,4.1496
results2602/20260209S110422.724536E110422.724536_scanAz_slow.dat,4.3491
results2602/20260209S110423.683621E110423.683621_scanAz_slow.dat,4.3931
results2602/20260209S110424.645758E110424.645758_scanAz_slow.dat,4.2747
results2602/20260209S110425.607141E110425.607141_scanAz_slow.dat,4.2979
results2602/20260209S110426.566754E110426.566754_scanAz_slow.dat,4.2449
results2602/20260209S110427.526057E110427.526057_scanAz_slow.dat,4.2033
results2602/20260209S110428.486928E110428.486928_scanAz_slow.dat,4.2052
results2602/20260209S110429.446080E110429.446080_scanAz_slow.dat,4.0038
results2602/20260209S110430.406976E110430.406976_scanAz_slow.dat,4.2471
results2602/20260209S110431.365711E110431.365711_scanAz_slow.dat,4.0509
results2602/20260209S110432.324464E110432.324464_scanAz_slow.dat,4.0636
results2602/20260209S110433.283349E110433.283349_scanAz_slow.dat,4.2317
results2602/20260209S110434.243878E110434.243878_scanAz_slow.dat,3.9898
results2602/20260209S110435.202437E110435.202437_scanAz_slow.dat,4.2067
results2602/20260209S110436.168124E110436.168124_scanAz_slow.dat,4.1617
results2602/20260209S110437.127470E110437.127470_scanAz_slow.dat,4.1610
results2602/20260209S110438.085119E110438.085119_scanAz_slow.dat,4.1728
results2602/20260209S110439.051916E110439.051916_scanAz_slow.dat,4.3454
results2602/20260209S110440.007203E110440.007203_scanAz_slow.dat,4.1511
results2602/20260209S110440.967349E110440.967349_scanAz_slow.dat,4.1962
results2602/20260209S110441.925958E110441.925958_scanAz_slow.dat,4.3124
results2602/20260209S110442.886500E110442.886500_scanAz_slow.dat,4.1470
results2602/20260209S110443.845616E110443.845616_scanAz_slow.dat,4.0876
results2602/20260209S110444.805649E110444.805649_scanAz_slow.dat,4.1979
results2602/20260209S110445.765464E110445.765464_scanAz_slow.dat,4.0695
results2602/20260209S110446.726115E110446.726115_scanAz_slow.dat,4.0876
results2602/20260209S110447.684525E110447.684525_scanAz_slow.dat,4.1943
results2602/20260209S110448.645718E110448.645718_scanAz_slow.dat,4.1326
results2602/20260209S110449.604562E110449.604562_scanAz_slow.dat,4.0264
results2602/20260209S110450.563859E110450.563859_scanAz_slow.dat,3.9971
results2602/20260209S110451.529508E110451.529508_scanAz_slow.dat,4.1667
results2602/20260209S110452.485100E110452.485100_scanAz_slow.dat,4.1764
results2602/20260209S110453.445015E110453.445015_scanAz_slow.dat,4.3233
results2602/20260209S110454.407278E110454.407278_scanAz_slow.dat,4.3142
results2602/20260209S110455.367908E110455.367908_scanAz_slow.dat,4.2436
results2602/20260209S110456.328275E110456.328275_scanAz_slow.dat,4.0036
results2602/20260209S110457.285615E110457.285615_scanAz_slow.dat,4.0305
results2602/20260209S110458.246445E110458.246445_scanAz_slow.dat,4.1074
results2602/20260209S110459.207063E110459.207063_scanAz_slow.dat,4.3417
results2602/20260209S110500.166013E110500.166013_scanAz_slow.dat,4.2004
results2602/20260209S110501.129135E110501.129135_scanAz_slow.dat,4.1286
results2602/20260209S110502.085190E110502.085190_scanAz_slow.dat,4.0879
results2602/20260209S110503.045926E110503.045926_scanAz_slow.dat,4.2161
results2602/20260209S110504.006209E110504.006209_scanAz_slow.dat,3.9974
results2602/20260209S110504.964920E110504.964920_scanAz_slow.dat,3.9579
results2602/20260209S110505.926533E110505.926533_scanAz_slow.dat,4.2025
results2602/20260209S110506.886230E110506.886230_scanAz_slow.dat,4.2411
results2602/20260209S110507.847224E110507.847224_scanAz_slow.dat,4.4164
results2602/20260209S110508.807756E110508.807756_scanAz_slow.dat,4.4259
results2602/20260209S110509.767229E110509.767229_scanAz_slow.dat,4.2597
results2602/20260209S110510.729012E110510.729012_scanAz_slow.dat,3.9747
results2602/20260209S110511.688064E110511.688064_scanAz_slow.dat,4.3401
results2602/20260209S110512.645118E110512.645118_scanAz_slow.dat,4.0935
results2602/20260209S110513.603767E110513.603767_scanAz_slow.dat,4.4846
results2602/20260209S110514.563601E110514.563601_scanAz_slow.dat,4.3844
results2602/20260209S110515.523947E110515.523947_scanAz_slow.dat,4.1266
results2602/20260209S110516.488840E110516.488840_scanAz_slow.dat,4.2987
results2602/20260209S110517.444960E110517.444960_scanAz_slow.dat,4.0991
results2602/20260209S110518.403791E110518.403791_scanAz_slow.dat,3.7969
results2602/20260209S110519.369213E110519.369213_scanAz_slow.dat,4.1985
results2602/20260209S110520.327195E110520.327195_scanAz_slow.dat,4.0423
results2602/20260209S110521.286359E110521.286359_scanAz_slow.dat,4.1314
results2602/20260209S110522.245540E110522.245540_scanAz_slow.dat,4.1416
results2602/20260209S110523.208384E110523.208384_scanAz_slow.dat,4.0365
results2602/20260209S110524.167760E110524.167760_scanAz_slow.dat,4.0262
results2602/20260209S110525.126704E110525.126704_scanAz_slow.dat,4.2220
results2602/20260209S110526.086869E110526.086869_scanAz_slow.dat,4.2059
results2602/20260209S110527.045790E110527.045790_scanAz_slow.dat,4.3661
results2602/20260209S110528.006587E110528.006587_scanAz_slow.dat,4.3570
results2602/20260209S110528.967010E110528.967010_scanAz_slow.dat,4.3252
results2602/20260209S110529.927115E110529.927115_scanAz_slow.dat,4.1486
results2602/20260209S110530.886266E110530.886266_scanAz_slow.dat,4.2330
results2602/20260209S110531.846441E110531.846441_scanAz_slow.dat,3.9125
results2602/20260209S110532.807238E110532.807238_scanAz_slow.dat,3.9818
results2602/20260209S110533.765452E110533.765452_scanAz_slow.dat,4.0501
results2602/20260209S110534.725758E110534.725758_scanAz_slow.dat,3.9228
results2602/20260209S110535.685432E110535.685432_scanAz_slow.dat,4.1072
results2602/20260209S110536.650031E110536.650031_scanAz_slow.dat,4.2084
results2602/20260209S110537.605335E110537.605335_scanAz_slow.dat,4.0669
results2602/20260209S110538.567037E110538.567037_scanAz_slow.dat,4.1135
results2602/20260209S110539.524062E110539.524062_scanAz_slow.dat,4.0756
results2602/20260209S110540.483961E110540.483961_scanAz_slow.dat,4.2360
results2602/20260209S110541.446236E110541.446236_scanAz_slow.dat,4.2539
results2602/20260209S110542.409376E110542.409376_scanAz_slow.dat,4.1209
results2602/20260209S110543.367929E110543.367929_scanAz_slow.dat,4.1370
results2602/20260209S110544.325613E110544.325613_scanAz_slow.dat,4.3352
results2602/20260209S110545.287053E110545.287053_scanAz_slow.dat,4.2098
results2602/20260209S110546.249903E110546.249903_scanAz_slow.dat,4.0995
results2602/20260209S110547.210073E110547.210073_scanAz_slow.dat,4.1367
results2602/20260209S110548.165377E110548.165377_scanAz_slow.dat,4.0575
results2602/20260209S110549.130982E110549.130982_scanAz_slow.dat,4.2452
results2602/20260209S110550.085810E110550.085810_scanAz_slow.dat,4.1728
results2602/20260209S110551.046399E110551.046399_scanAz_slow.dat,4.0719
results2602/20260209S110552.006836E110552.006836_scanAz_slow.dat,4.2327
results2602/20260209S110552.968310E110552.968310_scanAz_slow.dat,4.3335
results2602/20260209S110553.928028E110553.928028_scanAz_slow.dat,4.1453
results2602/20260209S110554.889253E110554.889253_scanAz_slow.dat,4.3549
results2602/20260209S110555.849389E110555.849389_scanAz_slow.dat,4.2503
results2602/20260209S110556.809572E110556.809572_scanAz_slow.dat,4.1189
results2602/20260209S110557.768702E110557.768702_scanAz_slow.dat,3.8117
results2602/20260209S110558.723936E110558.723936_scanAz_slow.dat,4.3146
results2602/20260209S110559.687142E110559.687142_scanAz_slow.dat,4.3670
results2602/20260209S110600.645602E110600.645602_scanAz_slow.dat,4.1867
results2602/20260209S110601.605376E110601.605376_scanAz_slow.dat,4.1008
results2602/20260209S110602.565606E110602.565606_scanAz_slow.dat,4.1546
results2602/20260209S110603.525916E110603.525916_scanAz_slow.dat,4.3101
results2602/20260209S110604.485783E110604.485783_scanAz_slow.dat,4.1489
results2602/20260209S110605.446597E110605.446597_scanAz_slow.dat,4.1572
results2602/20260209S110606.408459E110606.408459_scanAz_slow.dat,4.3161
results2602/20260209S110607.368447E110607.368447_scanAz_slow.dat,4.2553
results2602/20260209S110608.328146E110608.328146_scanAz_slow.dat,4.0886
results2602/20260209S110609.288805E110609.288805_scanAz_slow.dat,4.1333
results2602/20260209S110610.245284E110610.245284_scanAz_slow.dat,4.2311
results2602/20260209S110611.207779E110611.207779_scanAz_slow.dat,4.1815
results2602/20260209S110612.167322E110612.167322_scanAz_slow.dat,4.3258
results2602/20260209S110613.126901E110613.126901_scanAz_slow.dat,4.1109
results2602/20260209S110614.087262E110614.087262_scanAz_slow.dat,4.2520
results2602/20260209S110615.048078E110615.048078_scanAz_slow.dat,4.2742
results2602/20260209S110616.005945E110616.005945_scanAz_slow.dat,4.0608
results2602/20260209S110616.966837E110616.966837_scanAz_slow.dat,4.0534
results2602/20260209S110617.925759E110617.925759_scanAz_slow.dat,4.0828
results2602/20260209S110618.889194E110618.889194_scanAz_slow.dat,4.0845
results2602/20260209S110619.849930E110619.849930_scanAz_slow.dat,4.0513
results2602/20260209S110620.804976E110620.804976_scanAz_slow.dat,4.1441
results2602/20260209S110621.770365E110621.770365_scanAz_slow.dat,4.1646
results2602/20260209S110622.728055E110622.728055_scanAz_slow.dat,4.0714
results2602/20260209S110623.689449E110623.689449_scanAz_slow.dat,4.2097
results2602/20260209S110624.648572E110624.648572_scanAz_slow.dat,3.9419
results2602/20260209S110625.608641E110625.608641_scanAz_slow.dat,4.3274
results2602/20260209S110626.569134E110626.569134_scanAz_slow.dat,4.0844
results2602/20260209S110627.526135E110627.526135_scanAz_slow.dat,4.0160
results2602/20260209S110628.486043E110628.486043_scanAz_slow.dat,3.8057
results2602/20260209S110629.445390E110629.445390_scanAz_slow.dat,4.2039
results2602/20260209S110630.410222E110630.410222_scanAz_slow.dat,4.2564
results2602/20260209S110631.372212E110631.372212_scanAz_slow.dat,4.0587
results2602/20260209S110632.328777E110632.328777_scanAz_slow.dat,4.1818
results2602/20260209S110633.285757E110633.285757_scanAz_slow.dat,4.2980
results2602/20260209S110634.249878E110634.249878_scanAz_slow.dat,4.0468
results2602/20260209S110635.210122E110635.210122_scanAz_slow.dat,4.1266
results2602/20260209S110636.165067E110636.165067_scanAz_slow.dat,4.3342
results2602/20260209S110637.127758E110637.127758_scanAz_slow.dat,3.9619
results2602/20260209S110638.087640E110638.087640_scanAz_slow.dat,4.1867
results2602/20260209S110639.048645E110639.048645_scanAz_slow.dat,4.2166
results2602/20260209S110640.010001E110640.010001_scanAz_slow.dat,4.3401
results2602/20260209S110640.970387E110640.970387_scanAz_slow.dat,4.2681
results2602/20260209S110641.926573E110641.926573_scanAz_slow.dat,4.1834
results2602/20260209S110642.891203E110642.891203_scanAz_slow.dat,4.1321
results2602/20260209S110643.847103E110643.847103_scanAz_slow.dat,4.2319
results2602/20260209S110644.808389E110644.808389_scanAz_slow.dat,4.0737
results2602/20260209S110645.766071E110645.766071_scanAz_slow.dat,4.2838
results2602/20260209S110646.726952E110646.726952_scanAz_slow.dat,4.0520
results2602/20260209S110647.685901E110647.685901_scanAz_slow.dat,4.1538
results2602/20260209S110648.645697E110648.645697_scanAz_slow.dat,4.1640
results2602/20260209S110649.608414E110649.608414_scanAz_slow.dat,4.1346
results2602/20260209S110650.568573E110650.568573_scanAz_slow.dat,4.3004
results2602/20260209S110651.529397E110651.529397_scanAz_slow.dat,4.0690
results2602/20260209S110652.490631E110652.490631_scanAz_slow.dat,4.1473
results2602/20260209S110653.445530E110653.445530_scanAz_slow.dat,4.3596
results2602/20260209S110654.409111E110654.409111_scanAz_slow.dat,4.2085
results2602/20260209S110655.366059E110655.366059_scanAz_slow.dat,4.2455
results2602/20260209S110656.328227E110656.328227_scanAz_slow.dat,4.2042
results2602/20260209S110657.286261E110657.286261_scanAz_slow.dat,4.2922
results2602/20260209S110658.245130E110658.245130_scanAz_slow.dat,4.2671
results2602/20260209S110659.209400E110659.209400_scanAz_slow.dat,4.1473
results2602/20260209S110700.166327E110700.166327_scanAz_slow.dat,4.1224
results2602/20260209S110701.130876E110701.130876_scanAz_slow.dat,4.0513
results2602/20260209S110702.085157E110702.085157_scanAz_slow.dat,4.2052
results2602/20260209S110703.047515E110703.047515_scanAz_slow.dat,4.3089
results2602/20260209S110704.009074E110704.009074_scanAz_slow.dat,4.0054
results2602/20260209S110704.971089E110704.971089_scanAz_slow.dat,4.0990
results2602/20260209S110705.925729E110705.925729_scanAz_slow.dat,4.0766
results2602/20260209S110706.886265E110706.886265_scanAz_slow.dat,4.3178
results2602/20260209S110707.845725E110707.845725_scanAz_slow.dat,4.0563
results2602/20260209S110708.807123E110708.807123_scanAz_slow.dat,4.1320
results2602/20260209S110709.769473E110709.769473_scanAz_slow.dat,4.1009
results2602/20260209S110710.730282E110710.730282_scanAz_slow.dat,4.0393
results2602/20260209S110711.690110E110711.690110_scanAz_slow.dat,4.1929
results2602/20260209S110712.648846E110712.648846_scanAz_slow.dat,4.2645
results2602/20260209S110713.609313E110713.609313_scanAz_slow.dat,3.9208
results2602/20260209S110714.570297E110714.570297_scanAz_slow.dat,4.2180
results2602/20260209S110715.526439E110715.526439_scanAz_slow.dat,4.0739
results2602/20260209S110716.488046E110716.488046_scanAz_slow.dat,4.2803
results2602/20260209S110717.448067E110717.448067_scanAz_slow.dat,4.3068
results2602/20260209S110718.409529E110718.409529_scanAz_slow.dat,4.2401
results2602/20260209S110719.369832E110719.369832_scanAz_slow.dat,4.1273
results2602/20260209S110720.329838E110720.329838_scanAz_slow.dat,4.1388
results2602/20260209S110721.289005E110721.289005_scanAz_slow.dat,4.0903
results2602/20260209S110722.247755E110722.247755_scanAz_slow.dat,4.3228
results2602/20260209S110723.209409E110723.209409_scanAz_slow.dat,4.2528
results2602/20260209S110724.170817E110724.170817_scanAz_slow.dat,4.2589
results2602/20260209S110725.129959E110725.129959_scanAz_slow.dat,4.2269
results2602/20260209S110726.089314E110726.089314_scanAz_slow.dat,4.1675
results2602/20260209S110727.045912E110727.045912_scanAz_slow.dat,4.3438
results2602/20260209S110728.010049E110728.010049_scanAz_slow.dat,4.3400
results2602/20260209S110728.969572E110728.969572_scanAz_slow.dat,4.2251
results2602/20260209S110729.925894E110729.925894_scanAz_slow.dat,4.2516
results2602/20260209S110730.888401E110730.888401_scanAz_slow.dat,3.9905
results2602/20260209S110731.845380E110731.845380_scanAz_slow.dat,4.0869
results2602/20260209S110732.809392E110732.809392_scanAz_slow.dat,4.0272
results2602/20260209S110733.769477E110733.769477_scanAz_slow.dat,4.1517
results2602/20260209S110734.731069E110734.731069_scanAz_slow.dat,4.0737
results2602/20260209S110735.685010E110735.685010_scanAz_slow.dat,4.3232
results2602/20260209S110736.647770E110736.647770_scanAz_slow.dat,4.4750
results2602/20260209S110737.610964E110737.610964_scanAz_slow.dat,4.2352
results2602/20260209S110738.569792E110738.569792_scanAz_slow.dat,4.0256
results2602/20260209S110739.530396E110739.530396_scanAz_slow.dat,4.2066
results2602/20260209S110740.485278E110740.485278_scanAz_slow.dat,4.3150
results2602/20260209S110741.450039E110741.450039_scanAz_slow.dat,4.0769
results2602/20260209S110742.409247E110742.409247_scanAz_slow.dat,4.1179
results2602/20260209S110743.369850E110743.369850_scanAz_slow.dat,4.2705
results2602/20260209S110744.331368E110744.331368_scanAz_slow.dat,4.0599
results2602/20260209S110745.286111E110745.286111_scanAz_slow.dat,4.1512
results2602/20260209S110746.247341E110746.247341_scanAz_slow.dat,4.0993
results2602/20260209S110747.207105E110747.207105_scanAz_slow.dat,4.2303
results2602/20260209S110748.167108E110748.167108_scanAz_slow.dat,4.2566
results2602/20260209S110749.129096E110749.129096_scanAz_slow.dat,4.0052
results2602/20260209S110750.087286E110750.087286_scanAz_slow.dat,3.9464
results2602/20260209S110751.047686E110751.047686_scanAz_slow.dat,4.1383
results2602/20260209S110752.008888E110752.008888_scanAz_slow.dat,4.0998
results2602/20260209S110752.968438E110752.968438_scanAz_slow.dat,4.3358
results2602/20260209S110753.927534E110753.927534_scanAz_slow.dat,4.1430
results2602/20260209S110754.887237E110754.887237_scanAz_slow.dat,4.1214
results2602/20260209S110755.848676E110755.848676_scanAz_slow.dat,4.4135
results2602/20260209S110756.810956E110756.810956_scanAz_slow.dat,4.3073
results2602/20260209S110757.771009E110757.771009_scanAz_slow.dat,4.1732
results2602/20260209S110758.727653E110758.727653_scanAz_slow.dat,4.0157
results2602/20260209S110759.692229E110759.692229_scanAz_slow.dat,4.1530
results2602/20260209S110800.647691E110800.647691_scanAz_slow.dat,4.2436
results2602/20260209S110801.608927E110801.608927_scanAz_slow.dat,4.1611
results2602/20260209S110802.568917E110802.568917_scanAz_slow.dat,4.1040
results2602/20260209S110803.529555E110803.529555_scanAz_slow.dat,4.1183
results2602/20260209S110804.488553E110804.488553_scanAz_slow.dat,4.2345
results2602/20260209S110805.449918E110805.449918_scanAz_slow.dat,4.0557
results2602/20260209S110806.411239E110806.411239_scanAz_slow.dat,4.2377
results2602/20260209S110807.366114E110807.366114_scanAz_slow.dat,4.1453
results2602/20260209S110808.328785E110808.328785_scanAz_slow.dat,4.1868
results2602/20260209S110809.290517E110809.290517_scanAz_slow.dat,4.2369
results2602/20260209S110810.251060E110810.251060_scanAz_slow.dat,4.3464
results2602/20260209S110811.211467E110811.211467_scanAz_slow.dat,4.1930
results2602/20260209S110812.171633E110812.171633_scanAz_slow.dat,4.2242
results2602/20260209S110813.126374E110813.126374_scanAz_slow.dat,4.1625
results2602/20260209S110814.087651E110814.087651_scanAz_slow.dat,3.9304
results2602/20260209S110815.050488E110815.050488_scanAz_slow.dat,4.1540
results2602/20260209S110816.009629E110816.009629_scanAz_slow.dat,4.1724
results2602/20260209S110816.970699E110816.970699_scanAz_slow.dat,4.0663
results2602/20260209S110817.925879E110817.925879_scanAz_slow.dat,4.0504
results2602/20260209S110818.887705E110818.887705_scanAz_slow.dat,4.4455
results2602/20260209S110819.848527E110819.848527_scanAz_slow.dat,4.2670
results2602/20260209S110820.809822E110820.809822_scanAz_slow.dat,4.2736
results2602/20260209S110821.765934E110821.765934_scanAz_slow.dat,4.3428
results2602/20260209S110822.728096E110822.728096_scanAz_slow.dat,4.2946
results2602/20260209S110823.689892E110823.689892_scanAz_slow.dat,4.4146
results2602/20260209S110824.649751E110824.649751_scanAz_slow.dat,4.2526
results2602/20260209S110825.606028E110825.606028_scanAz_slow.dat,4.2112
results2602/20260209S110826.568283E110826.568283_scanAz_slow.dat,4.3582
results2602/20260209S110827.531741E110827.531741_scanAz_slow.dat,4.2793
results2602/20260209S110828.487165E110828.487165_scanAz_slow.dat,4.2291
results2602/20260209S110829.447637E110829.447637_scanAz_slow.dat,4.4295
results2602/20260209S110830.408091E110830.408091_scanAz_slow.dat,4.3125
results2602/20260209S110831.369321E110831.369321_scanAz_slow.dat,4.1593
results2602/20260209S110832.331762E110832.331762_scanAz_slow.dat,4.2047
results2602/20260209S110833.292875E110833.292875_scanAz_slow.dat,4.0115
results2602/20260209S110834.248384E110834.248384_scanAz_slow.dat,4.2178
results2602/20260209S110835.210342E110835.210342_scanAz_slow.dat,4.1990
results2602/20260209S110836.170825E110836.170825_scanAz_slow.dat,4.1200
results2602/20260209S110837.130074E110837.130074_scanAz_slow.dat,4.2104
results2602/20260209S110838.091135E110838.091135_scanAz_slow.dat,4.2603
results2602/20260209S110839.047804E110839.047804_scanAz_slow.dat,4.1436
results2602/20260209S110840.011360E110840.011360_scanAz_slow.dat,4.2793
results2602/20260209S110840.970673E110840.970673_scanAz_slow.dat,4.1777
results2602/20260209S110841.932598E110841.932598_scanAz_slow.dat,4.2800
results2602/20260209S110842.888118E110842.888118_scanAz_slow.dat,4.2059
results2602/20260209S110843.848045E110843.848045_scanAz_slow.dat,4.2723
results2602/20260209S110844.810601E110844.810601_scanAz_slow.dat,4.2715
results2602/20260209S110845.769179E110845.769179_scanAz_slow.dat,4.3869
results2602/20260209S110846.730461E110846.730461_scanAz_slow.dat,4.1892
results2602/20260209S110847.691942E110847.691942_scanAz_slow.dat,4.0647
results2602/20260209S110848.649175E110848.649175_scanAz_slow.dat,4.2192
results2602/20260209S110849.609765E110849.609765_scanAz_slow.dat,4.2500
results2602/20260209S110850.569239E110850.569239_scanAz_slow.dat,4.2592
results2602/20260209S110851.529768E110851.529768_scanAz_slow.dat,4.0752
results2602/20260209S110852.488658E110852.488658_scanAz_slow.dat,4.3221
results2602/20260209S110853.448927E110853.448927_scanAz_slow.dat,4.0847
results2602/20260209S110854.410329E110854.410329_scanAz_slow.dat,4.1027
results2602/20260209S110855.370207E110855.370207_scanAz_slow.dat,3.8782
results2602/20260209S110856.330131E110856.330131_scanAz_slow.dat,4.3241
results2602/20260209S110857.288186E110857.288186_scanAz_slow.dat,4.2127
results2602/20260209S110858.248398E110858.248398_scanAz_slow.dat,3.9437
results2602/20260209S110859.209567E110859.209567_scanAz_slow.dat,4.1925
results2602/20260209S110900.169462E110900.169462_scanAz_slow.dat,4.2339
results2602/20260209S110901.129348E110901.129348_scanAz_slow.dat,4.1321
results2602/20260209S110902.090955E110902.090955_scanAz_slow.dat,3.9698
results2602/20260209S110903.049128E110903.049128_scanAz_slow.dat,4.1796
results2602/20260209S110904.008503E110904.008503_scanAz_slow.dat,4.1533
results2602/20260209S110904.968647E110904.968647_scanAz_slow.dat,4.1809
results2602/20260209S110905.927938E110905.927938_scanAz_slow.dat,4.2409
results2602/20260209S110906.888676E110906.888676_scanAz_slow.dat,4.0706
results2602/20260209S110907.847395E110907.847395_scanAz_slow.dat,4.0889
results2602/20260209S110908.810731E110908.810731_scanAz_slow.dat,4.1928
results2602/20260209S110909.772416E110909.772416_scanAz_slow.dat,4.1561
results2602/20260209S110910.730198E110910.730198_scanAz_slow.dat,4.2218
results2602/20260209S110911.690251E110911.690251_scanAz_slow.dat,4.3649
results2602/20260209S110912.650843E110912.650843_scanAz_slow.dat,4.2180
results2602/20260209S110913.608309E110913.608309_scanAz_slow.dat,4.1903
results2602/20260209S110914.571210E110914.571210_scanAz_slow.dat,3.9893
results2602/20260209S110915.531283E110915.531283_scanAz_slow.dat,3.8667
results2602/20260209S110916.491206E110916.491206_scanAz_slow.dat,4.1622
results2602/20260209S110917.450312E110917.450312_scanAz_slow.dat,4.0383
results2602/20260209S110918.408664E110918.408664_scanAz_slow.dat,4.2795
results2602/20260209S110919.370085E110919.370085_scanAz_slow.dat,3.9794
results2602/20260209S110920.332745E110920.332745_scanAz_slow.dat,3.9445
results2602/20260209S110921.288193E110921.288193_scanAz_slow.dat,3.9698
results2602/20260209S110922.249067E110922.249067_scanAz_slow.dat,4.2248
results2602/20260209S110923.212548E110923.212548_scanAz_slow.dat,4.0285
results2602/20260209S110924.172778E110924.172778_scanAz_slow.dat,4.2372
results2602/20260209S110925.129728E110925.129728_scanAz_slow.dat,4.1157
results2602/20260209S110926.091376E110926.091376_scanAz_slow.dat,4.2134
results2602/20260209S110927.049970E110927.049970_scanAz_slow.dat,3.9141
results2602/20260209S110928.009293E110928.009293_scanAz_slow.dat,4.2146
results2602/20260209S110928.968076E110928.968076_scanAz_slow.dat,4.2528
results2602/20260209S110929.932285E110929.932285_scanAz_slow.dat,4.0726
results2602/20260209S110930.892859E110930.892859_scanAz_slow.dat,4.2985
results2602/20260209S110931.850306E110931.850306_scanAz_slow.dat,4.1988
results2602/20260209S110932.810968E110932.810968_scanAz_slow.dat,4.0492
results2602/20260209S110933.770086E110933.770086_scanAz_slow.dat,4.3125
results2602/20260209S110934.730641E110934.730641_scanAz_slow.dat,4.1689
results2602/20260209S110935.692524E110935.692524_scanAz_slow.dat,4.0678
results2602/20260209S110936.652026E110936.652026_scanAz_slow.dat,4.0873
results2602/20260209S110937.611236E110937.611236_scanAz_slow.dat,4.1595
results2602/20260209S110938.570801E110938.570801_scanAz_slow.dat,4.2848
results2602/20260209S110939.531071E110939.531071_scanAz_slow.dat,4.2424
results2602/20260209S110940.487645E110940.487645_scanAz_slow.dat,4.2430
results2602/20260209S110941.450409E110941.450409_scanAz_slow.dat,4.3773
results2602/20260209S110942.411842E110942.411842_scanAz_slow.dat,4.1640
results2602/20260209S110943.368605E110943.368605_scanAz_slow.dat,4.1894
results2602/20260209S110944.331464E110944.331464_scanAz_slow.dat,4.1520
results2602/20260209S110945.291289E110945.291289_scanAz_slow.dat,4.1420
results2602/20260209S110946.252247E110946.252247_scanAz_slow.dat,4.3762
results2602/20260209S110947.208629E110947.208629_scanAz_slow.dat,4.1206
results2602/20260209S110948.170134E110948.170134_scanAz_slow.dat,4.1054
results2602/20260209S110949.131852E110949.131852_scanAz_slow.dat,4.3141
results2602/20260209S110950.086996E110950.086996_scanAz_slow.dat,4.0245
results2602/20260209S110951.049263E110951.049263_scanAz_slow.dat,4.2716
results2602/20260209S110952.009459E110952.009459_scanAz_slow.dat,4.0969
results2602/20260209S110952.970168E110952.970168_scanAz_slow.dat,4.2083
results2602/20260209S110953.928468E110953.928468_scanAz_slow.dat,3.9741
results2602/20260209S110954.888276E110954.888276_scanAz_slow.dat,4.3180
results2602/20260209S110955.848730E110955.848730_scanAz_slow.dat,3.9969
results2602/20260209S110956.810457E110956.810457_scanAz_slow.dat,4.3363
results2602/20260209S110957.770463E110957.770463_scanAz_slow.dat,4.1922
results2602/20260209S110958.728547E110958.728547_scanAz_slow.dat,4.1471
results2602/20260209S110959.693279E110959.693279_scanAz_slow.dat,4.0526
results2602/20260209S111000.646842E111000.646842_scanAz_slow.dat,4.2372
results2602/20260209S111001.613276E111001.613276_scanAz_slow.dat,4.1883
results2602/20260209S111002.573271E111002.573271_scanAz_slow.dat,4.0767
results2602/20260209S111003.527250E111003.527250_scanAz_slow.dat,4.1659
results2602/20260209S111004.492279E111004.492279_scanAz_slow.dat,4.1770
results2602/20260209S111005.451666E111005.451666_scanAz_slow.dat,4.1426
results2602/20260209S111006.411853E111006.411853_scanAz_slow.dat,3.9636
results2602/20260209S111007.370299E111007.370299_scanAz_slow.dat,4.1784
results2602/20260209S111008.328935E111008.328935_scanAz_slow.dat,4.1204
results2602/20260209S111009.290742E111009.290742_scanAz_slow.dat,4.0056
results2602/20260209S111010.253199E111010.253199_scanAz_slow.dat,4.1760
results2602/20260209S111011.213319E111011.213319_scanAz_slow.dat,4.2339
results2602/20260209S111012.169447E111012.169447_scanAz_slow.dat,4.2166
results2602/20260209S111013.131012E111013.131012_scanAz_slow.dat,4.0065
results2602/20260209S111014.089909E111014.089909_scanAz_slow.dat,4.1212
results2602/20260209S111015.050406E111015.050406_scanAz_slow.dat,4.2793
results2602/20260209S111016.013907E111016.013907_scanAz_slow.dat,4.2460
results2602/20260209S111016.969469E111016.969469_scanAz_slow.dat,4.2019
results2602/20260209S111017.929400E111017.929400_scanAz_slow.dat,3.9950
results2602/20260209S111018.890461E111018.890461_scanAz_slow.dat,4.3793
results2602/20260209S111019.851236E111019.851236_scanAz_slow.dat,4.0959
results2602/20260209S111020.809466E111020.809466_scanAz_slow.dat,4.2696
results2602/20260209S111021.767578E111021.767578_scanAz_slow.dat,4.1210
results2602/20260209S111022.732095E111022.732095_scanAz_slow.dat,4.1809
results2602/20260209S111023.692461E111023.692461_scanAz_slow.dat,4.3793
results2602/20260209S111024.652865E111024.652865_scanAz_slow.dat,4.4358
results2602/20260209S111025.607501E111025.607501_scanAz_slow.dat,4.1275
results2602/20260209S111026.571520E111026.571520_scanAz_slow.dat,4.1840
results2602/20260209S111027.531645E111027.531645_scanAz_slow.dat,4.0206
results2602/20260209S111028.492311E111028.492311_scanAz_slow.dat,4.2346
results2602/20260209S111029.450792E111029.450792_scanAz_slow.dat,4.4217
results2602/20260209S111030.409990E111030.409990_scanAz_slow.dat,4.2643
results2602/20260209S111031.367607E111031.367607_scanAz_slow.dat,4.1435
results2602/20260209S111032.328487E111032.328487_scanAz_slow.dat,4.1902
results2602/20260209S111033.288061E111033.288061_scanAz_slow.dat,4.2211
results2602/20260209S111034.249745E111034.249745_scanAz_slow.dat,4.2002
results2602/20260209S111035.210744E111035.210744_scanAz_slow.dat,4.1258
results2602/20260209S111036.170193E111036.170193_scanAz_slow.dat,4.1686
results2602/20260209S111037.132774E111037.132774_scanAz_slow.dat,4.1482
results2602/20260209S111038.090569E111038.090569_scanAz_slow.dat,4.0797
results2602/20260209S111039.051448E111039.051448_scanAz_slow.dat,4.1055
results2602/20260209S111040.010697E111040.010697_scanAz_slow.dat,4.0695
results2602/20260209S111040.972489E111040.972489_scanAz_slow.dat,4.0545
results2602/20260209S111041.933298E111041.933298_scanAz_slow.dat,4.2275
results2602/20260209S111042.892362E111042.892362_scanAz_slow.dat,4.1096
results2602/20260209S111043.849816E111043.849816_scanAz_slow.dat,4.2274
results2602/20260209S111044.810368E111044.810368_scanAz_slow.dat,4.2512
results2602/20260209S111045.771464E111045.771464_scanAz_slow.dat,4.3174
results2602/20260209S111046.733469E111046.733469_scanAz_slow.dat,4.0796
results2602/20260209S111047.689792E111047.689792_scanAz_slow.dat,4.2190
results2602/20260209S111048.652513E111048.652513_scanAz_slow.dat,4.2020
results2602/20260209S111049.609748E111049.609748_scanAz_slow.dat,4.0473
results2602/20260209S111050.572631E111050.572631_scanAz_slow.dat,4.2346
results2602/20260209S111051.527989E111051.527989_scanAz_slow.dat,4.1559
results2602/20260209S111052.489559E111052.489559_scanAz_slow.dat,4.0763
results2602/20260209S111053.451218E111053.451218_scanAz_slow.dat,4.0601
results2602/20260209S111054.412231E111054.412231_scanAz_slow.dat,4.1328
results2602/20260209S111055.373767E111055.373767_scanAz_slow.dat,4.1125
results2602/20260209S111056.329878E111056.329878_scanAz_slow.dat,4.2104
results2602/20260209S111057.292778E111057.292778_scanAz_slow.dat,4.0923
results2602/20260209S111058.254121E111058.254121_scanAz_slow.dat,4.1271
results2602/20260209S111059.211685E111059.211685_scanAz_slow.dat,4.2954
results2602/20260209S111100.173080E111100.173080_scanAz_slow.dat,4.1862
results2602/20260209S111101.134157E111101.134157_scanAz_slow.dat,4.0957
results2602/20260209S111102.094573E111102.094573_scanAz_slow.dat,4.0037
results2602/20260209S111103.053471E111103.053471_scanAz_slow.dat,4.0994
results2602/20260209S111104.014352E111104.014352_scanAz_slow.dat,4.0329
results2602/20260209S111104.974148E111104.974148_scanAz_slow.dat,4.1242
results2602/20260209S111105.932149E111105.932149_scanAz_slow.dat,4.1167
results2602/20260209S111106.889846E111106.889846_scanAz_slow.dat,4.1585
results2602/20260209S111107.852001E111107.852001_scanAz_slow.dat,4.2547
results2602/20260209S111108.814134E111108.814134_scanAz_slow.dat,4.1863
results2602/20260209S111109.770008E111109.770008_scanAz_slow.dat,4.0773
results2602/20260209S111110.731608E111110.731608_scanAz_slow.dat,4.2533
results2602/20260209S111111.693649E111111.693649_scanAz_slow.dat,4.0200
results2602/20260209S111112.654882E111112.654882_scanAz_slow.dat,4.2580
results2602/20260209S111113.610672E111113.610672_scanAz_slow.dat,4.2979
results2602/20260209S111114.573015E111114.573015_scanAz_slow.dat,4.2423
results2602/20260209S111115.529445E111115.529445_scanAz_slow.dat,3.9474
results2602/20260209S111116.492053E111116.492053_scanAz_slow.dat,4.1940
results2602/20260209S111117.451036E111117.451036_scanAz_slow.dat,4.2175
results2602/20260209S111118.411480E111118.411480_scanAz_slow.dat,4.0932
results2602/20260209S111119.369836E111119.369836_scanAz_slow.dat,4.0557
results2602/20260209S111120.330095E111120.330095_scanAz_slow.dat,3.9817
results2602/20260209S111121.294336E111121.294336_scanAz_slow.dat,4.1037
results2602/20260209S111122.251838E111122.251838_scanAz_slow.dat,4.2875
results2602/20260209S111123.212095E111123.212095_scanAz_slow.dat,4.2310
results2602/20260209S111124.173860E111124.173860_scanAz_slow.dat,4.2847
results2602/20260209S111125.133265E111125.133265_scanAz_slow.dat,4.2896
results2602/20260209S111126.094438E111126.094438_scanAz_slow.dat,4.2035
results2602/20260209S111127.049839E111127.049839_scanAz_slow.dat,4.1402
results2602/20260209S111128.014652E111128.014652_scanAz_slow.dat,4.4078
results2602/20260209S111128.969874E111128.969874_scanAz_slow.dat,4.2314
results2602/20260209S111129.933267E111129.933267_scanAz_slow.dat,4.2144
results2602/20260209S111130.893462E111130.893462_scanAz_slow.dat,4.2316
results2602/20260209S111131.849875E111131.849875_scanAz_slow.dat,4.1838
results2602/20260209S111132.813598E111132.813598_scanAz_slow.dat,4.4374
results2602/20260209S111133.770430E111133.770430_scanAz_slow.dat,4.0510
results2602/20260209S111134.730557E111134.730557_scanAz_slow.dat,4.3578
results2602/20260209S111135.694278E111135.694278_scanAz_slow.dat,4.0699
results2602/20260209S111136.650076E111136.650076_scanAz_slow.dat,4.2011
results2602/20260209S111137.611406E111137.611406_scanAz_slow.dat,4.1480
results2602/20260209S111138.572859E111138.572859_scanAz_slow.dat,4.0203
results2602/20260209S111139.534518E111139.534518_scanAz_slow.dat,4.2010
results2602/20260209S111140.494278E111140.494278_scanAz_slow.dat,4.3248
results2602/20260209S111141.449932E111141.449932_scanAz_slow.dat,4.2445
results2602/20260209S111142.412154E111142.412154_scanAz_slow.dat,4.1734
results2602/20260209S111143.374344E111143.374344_scanAz_slow.dat,4.4464
results2602/20260209S111144.334364E111144.334364_scanAz_slow.dat,4.3288
results2602/20260209S111145.295632E111145.295632_scanAz_slow.dat,4.2972
results2602/20260209S111146.252876E111146.252876_scanAz_slow.dat,4.2687
results2602/20260209S111147.214186E111147.214186_scanAz_slow.dat,4.2711
results2602/20260209S111148.168458E111148.168458_scanAz_slow.dat,4.2877
results2602/20260209S111149.131128E111149.131128_scanAz_slow.dat,4.0734
results2602/20260209S111150.094640E111150.094640_scanAz_slow.dat,4.2443
results2602/20260209S111151.051664E111151.051664_scanAz_slow.dat,4.1038
results2602/20260209S111152.013113E111152.013113_scanAz_slow.dat,3.9362
results2602/20260209S111152.969626E111152.969626_scanAz_slow.dat,3.8840
results2602/20260209S111153.933357E111153.933357_scanAz_slow.dat,4.1521
results2602/20260209S111154.891649E111154.891649_scanAz_slow.dat,4.0694
results2602/20260209S111155.850306E111155.850306_scanAz_slow.dat,4.3557
results2602/20260209S111156.814829E111156.814829_scanAz_slow.dat,4.0777
results2602/20260209S111157.775711E111157.775711_scanAz_slow.dat,4.1254
results2602/20260209S111158.732646E111158.732646_scanAz_slow.dat,4.1347
results2602/20260209S111159.694039E111159.694039_scanAz_slow.dat,4.0542
results2602/20260209S111200.654225E111200.654225_scanAz_slow.dat,4.2199
results2602/20260209S111201.612368E111201.612368_scanAz_slow.dat,4.1106
results2602/20260209S111202.572015E111202.572015_scanAz_slow.dat,3.9725
results2602/20260209S111203.534719E111203.534719_scanAz_slow.dat,4.3187
results2602/20260209S111204.490119E111204.490119_scanAz_slow.dat,4.1857
results2602/20260209S111205.451106E111205.451106_scanAz_slow.dat,4.2434
results2602/20260209S111206.413707E111206.413707_scanAz_slow.dat,4.3422
results2602/20260209S111207.374245E111207.374245_scanAz_slow.dat,4.1797
results2602/20260209S111208.328949E111208.328949_scanAz_slow.dat,4.1576
results2602/20260209S111209.294571E111209.294571_scanAz_slow.dat,4.4167
results2602/20260209S111210.252022E111210.252022_scanAz_slow.dat,4.0472
results2602/20260209S111211.214346E111211.214346_scanAz_slow.dat,4.1021
results2602/20260209S111212.172190E111212.172190_scanAz_slow.dat,4.0419
results2602/20260209S111213.134848E111213.134848_scanAz_slow.dat,4.0317
results2602/20260209S111214.094160E111214.094160_scanAz_slow.dat,4.2954
results2602/20260209S111215.055546E111215.055546_scanAz_slow.dat,4.1388
results2602/20260209S111216.010682E111216.010682_scanAz_slow.dat,4.2062
results2602/20260209S111216.971066E111216.971066_scanAz_slow.dat,4.2180
results2602/20260209S111217.932940E111217.932940_scanAz_slow.dat,4.1484
results2602/20260209S111218.894980E111218.894980_scanAz_slow.dat,4.2932
results2602/20260209S111219.849756E111219.849756_scanAz_slow.dat,4.0166
results2602/20260209S111220.809907E111220.809907_scanAz_slow.dat,4.2156
results2602/20260209S111221.772652E111221.772652_scanAz_slow.dat,4.2808
results2602/20260209S111222.734825E111222.734825_scanAz_slow.dat,4.1547
results2602/20260209S111223.695152E111223.695152_scanAz_slow.dat,4.0747
results2602/20260209S111224.653954E111224.653954_scanAz_slow.dat,4.1648
results2602/20260209S111225.610739E111225.610739_scanAz_slow.dat,4.1895
results2602/20260209S111226.570628E111226.570628_scanAz_slow.dat,4.1451
results2602/20260209S111227.534939E111227.534939_scanAz_slow.dat,4.2537
results2602/20260209S111228.495101E111228.495101_scanAz_slow.dat,4.0634
results2602/20260209S111229.451172E111229.451172_scanAz_slow.dat,4.2603
results2602/20260209S111230.413660E111230.413660_scanAz_slow.dat,4.3566
results2602/20260209S111231.370840E111231.370840_scanAz_slow.dat,4.2962
results2602/20260209S111232.332236E111232.332236_scanAz_slow.dat,4.0401
results2602/20260209S111233.294320E111233.294320_scanAz_slow.dat,4.3645
results2602/20260209S111234.254593E111234.254593_scanAz_slow.dat,4.2939
results2602/20260209S111235.213146E111235.213146_scanAz_slow.dat,3.9629
results2602/20260209S111236.175741E111236.175741_scanAz_slow.dat,4.2327
results2602/20260209S111237.130905E111237.130905_scanAz_slow.dat,4.2011
results2602/20260209S111238.093877E111238.093877_scanAz_slow.dat,4.2810
results2602/20260209S111239.055256E111239.055256_scanAz_slow.dat,4.4583
results2602/20260209S111240.012373E111240.012373_scanAz_slow.dat,4.1249
results2602/20260209S111240.975260E111240.975260_scanAz_slow.dat,4.1920
results2602/20260209S111241.931416E111241.931416_scanAz_slow.dat,4.2163
results2602/20260209S111242.894449E111242.894449_scanAz_slow.dat,4.2327
results2602/20260209S111243.856139E111243.856139_scanAz_slow.dat,4.2829
results2602/20260209S111244.812999E111244.812999_scanAz_slow.dat,4.1164
results2602/20260209S111245.775078E111245.775078_scanAz_slow.dat,3.9400
results2602/20260209S111246.730477E111246.730477_scanAz_slow.dat,4.3559
results2602/20260209S111247.691506E111247.691506_scanAz_slow.dat,4.0788
results2602/20260209S111248.652616E111248.652616_scanAz_slow.dat,4.1523
results2602/20260209S111249.615642E111249.615642_scanAz_slow.dat,4.2361
results2602/20260209S111250.576199E111250.576199_scanAz_slow.dat,4.2732
results2602/20260209S111251.532286E111251.532286_scanAz_slow.dat,4.2810
results2602/20260209S111252.493195E111252.493195_scanAz_slow.dat,4.0611
results2602/20260209S111253.455382E111253.455382_scanAz_slow.dat,4.0813
results2602/20260209S111254.411217E111254.411217_scanAz_slow.dat,4.1062
results2602/20260209S111255.372619E111255.372619_scanAz_slow.dat,4.2877
results2602/20260209S111256.331344E111256.331344_scanAz_slow.dat,4.2837
results2602/20260209S111257.292666E111257.292666_scanAz_slow.dat,4.2100
results2602/20260209S111258.255287E111258.255287_scanAz_slow.dat,4.1860
results2602/20260209S111259.215421E111259.215421_scanAz_slow.dat,4.3118
results2602/20260209S111300.170926E111300.170926_scanAz_slow.dat,4.2326
results2602/20260209S111301.131855E111301.131855_scanAz_slow.dat,4.2717
results2602/20260209S111302.092780E111302.092780_scanAz_slow.dat,4.4029
results2602/20260209S111303.053939E111303.053939_scanAz_slow.dat,4.3818
results2602/20260209S111304.014283E111304.014283_scanAz_slow.dat,4.3034
results2602/20260209S111304.975891E111304.975891_scanAz_slow.dat,4.2305
results2602/20260209S111305.932037E111305.932037_scanAz_slow.dat,4.1952
results2602/20260209S111306.894455E111306.894455_scanAz_slow.dat,4.1918
results2602/20260209S111307.856367E111307.856367_scanAz_slow.dat,4.1726
results2602/20260209S111308.815721E111308.815721_scanAz_slow.dat,4.0490
results2602/20260209S111309.771611E111309.771611_scanAz_slow.dat,4.1371
results2602/20260209S111310.734084E111310.734084_scanAz_slow.dat,4.1032
results2602/20260209S111311.692940E111311.692940_scanAz_slow.dat,4.0329
results2602/20260209S111312.653630E111312.653630_scanAz_slow.dat,4.3431
results2602/20260209S111313.615723E111313.615723_scanAz_slow.dat,4.2559
results2602/20260209S111314.576412E111314.576412_scanAz_slow.dat,4.1397
results2602/20260209S111315.533914E111315.533914_scanAz_slow.dat,4.0519
results2602/20260209S111316.496136E111316.496136_scanAz_slow.dat,3.9325
results2602/20260209S111317.454949E111317.454949_scanAz_slow.dat,4.0912
results2602/20260209S111318.415747E111318.415747_scanAz_slow.dat,4.2567
results2602/20260209S111319.374494E111319.374494_scanAz_slow.dat,4.2584
results2602/20260209S111320.334711E111320.334711_scanAz_slow.dat,4.1330
results2602/20260209S111321.295565E111321.295565_scanAz_slow.dat,4.2884
results2602/20260209S111322.252109E111322.252109_scanAz_slow.dat,4.1851
results2602/20260209S111323.211562E111323.211562_scanAz_slow.dat,4.2980
results2602/20260209S111324.172002E111324.172002_scanAz_slow.dat,4.0974
results2602/20260209S111325.133896E111325.133896_scanAz_slow.dat,4.1916
results2602/20260209S111326.094898E111326.094898_scanAz_slow.dat,4.1365
results2602/20260209S111327.055991E111327.055991_scanAz_slow.dat,4.2075
results2602/20260209S111328.012200E111328.012200_scanAz_slow.dat,4.4153
results2602/20260209S111328.975220E111328.975220_scanAz_slow.dat,4.4600
results2602/20260209S111329.932140E111329.932140_scanAz_slow.dat,4.2987
results2602/20260209S111330.893465E111330.893465_scanAz_slow.dat,4.4438
results2602/20260209S111331.855804E111331.855804_scanAz_slow.dat,4.2512
results2602/20260209S111332.816337E111332.816337_scanAz_slow.dat,3.9906
results2602/20260209S111333.775857E111333.775857_scanAz_slow.dat,4.2584
results2602/20260209S111334.735299E111334.735299_scanAz_slow.dat,4.2897
results2602/20260209S111335.692107E111335.692107_scanAz_slow.dat,4.4508
results2602/20260209S111336.656335E111336.656335_scanAz_slow.dat,4.3560
results2602/20260209S111337.612386E111337.612386_scanAz_slow.dat,4.1930
results2602/20260209S111338.573952E111338.573952_scanAz_slow.dat,4.2974
results2602/20260209S111339.541089E111339.541089_scanAz_slow.dat,4.0651
results2602/20260209S111340.491718E111340.491718_scanAz_slow.dat,4.2526
results2602/20260209S111341.454727E111341.454727_scanAz_slow.dat,4.1608
results2602/20260209S111342.411775E111342.411775_scanAz_slow.dat,4.3616
results2602/20260209S111343.375050E111343.375050_scanAz_slow.dat,4.1810
results2602/20260209S111344.332566E111344.332566_scanAz_slow.dat,4.1749
results2602/20260209S111345.293822E111345.293822_scanAz_slow.dat,4.1837
results2602/20260209S111346.252200E111346.252200_scanAz_slow.dat,4.2491
results2602/20260209S111347.211994E111347.211994_scanAz_slow.dat,4.0803
results2602/20260209S111348.174624E111348.174624_scanAz_slow.dat,4.2775
results2602/20260209S111349.134204E111349.134204_scanAz_slow.dat,4.2850
results2602/20260209S111350.094354E111350.094354_scanAz_slow.dat,4.2996
results2602/20260209S111351.054585E111351.054585_scanAz_slow.dat,4.2796
results2602/20260209S111352.014281E111352.014281_scanAz_slow.dat,4.3790
results2602/20260209S111352.976284E111352.976284_scanAz_slow.dat,4.2259
results2602/20260209S111353.934003E111353.934003_scanAz_slow.dat,4.1469
results2602/20260209S111354.893659E111354.893659_scanAz_slow.dat,4.0643
results2602/20260209S111355.850321E111355.850321_scanAz_slow.dat,3.9822
results2602/20260209S111356.811323E111356.811323_scanAz_slow.dat,4.1994
results2602/20260209S111357.772896E111357.772896_scanAz_slow.dat,4.2009
results2602/20260209S111358.734527E111358.734527_scanAz_slow.dat,4.1198
results2602/20260209S111359.694133E111359.694133_scanAz_slow.dat,4.1446
results2602/20260209S111400.654958E111400.654958_scanAz_slow.dat,3.9920
results2602/20260209S111401.615109E111401.615109_scanAz_slow.dat,4.2234
results2602/20260209S111402.575175E111402.575175_scanAz_slow.dat,4.2002
results2602/20260209S111403.536468E111403.536468_scanAz_slow.dat,4.2137
results2602/20260209S111404.496920E111404.496920_scanAz_slow.dat,4.3792
results2602/20260209S111405.456557E111405.456557_scanAz_slow.dat,4.1787
results2602/20260209S111406.413377E111406.413377_scanAz_slow.dat,4.0819
results2602/20260209S111407.374021E111407.374021_scanAz_slow.dat,4.2649
results2602/20260209S111408.334163E111408.334163_scanAz_slow.dat,4.4784
results2602/20260209S111409.295554E111409.295554_scanAz_slow.dat,4.1475
results2602/20260209S111410.256301E111410.256301_scanAz_slow.dat,4.2245
results2602/20260209S111411.216197E111411.216197_scanAz_slow.dat,4.2078
results2602/20260209S111412.172449E111412.172449_scanAz_slow.dat,4.1783
results2602/20260209S111413.135169E111413.135169_scanAz_slow.dat,4.2491
results2602/20260209S111414.095467E111414.095467_scanAz_slow.dat,4.3478
results2602/20260209S111415.056503E111415.056503_scanAz_slow.dat,4.2900
results2602/20260209S111416.014392E111416.014392_scanAz_slow.dat,4.3917
results2602/20260209S111416.973876E111416.973876_scanAz_slow.dat,4.1672
results2602/20260209S111417.936759E111417.936759_scanAz_slow.dat,4.2060
results2602/20260209S111418.897069E111418.897069_scanAz_slow.dat,4.2404
results2602/20260209S111419.852489E111419.852489_scanAz_slow.dat,4.2673
results2602/20260209S111420.814291E111420.814291_scanAz_slow.dat,4.2994
results2602/20260209S111421.773873E111421.773873_scanAz_slow.dat,4.1090
results2602/20260209S111422.732440E111422.732440_scanAz_slow.dat,4.4464
results2602/20260209S111423.696939E111423.696939_scanAz_slow.dat,4.1831
results2602/20260209S111424.652758E111424.652758_scanAz_slow.dat,3.9485
results2602/20260209S111425.617038E111425.617038_scanAz_slow.dat,4.1609
results2602/20260209S111426.573906E111426.573906_scanAz_slow.dat,4.2154
results2602/20260209S111427.536752E111427.536752_scanAz_slow.dat,4.0341
results2602/20260209S111428.496515E111428.496515_scanAz_slow.dat,4.2388
results2602/20260209S111429.454319E111429.454319_scanAz_slow.dat,4.2326
results2602/20260209S111430.414290E111430.414290_scanAz_slow.dat,4.1724
results2602/20260209S111431.374732E111431.374732_scanAz_slow.dat,4.2063
results2602/20260209S111432.335380E111432.335380_scanAz_slow.dat,4.0750
results2602/20260209S111433.294719E111433.294719_scanAz_slow.dat,4.2983
results2602/20260209S111434.252781E111434.252781_scanAz_slow.dat,4.2429
results2602/20260209S111435.213988E111435.213988_scanAz_slow.dat,4.1343
results2602/20260209S111436.175088E111436.175088_scanAz_slow.dat,4.2188
results2602/20260209S111437.135013E111437.135013_scanAz_slow.dat,4.1305
results2602/20260209S111438.092500E111438.092500_scanAz_slow.dat,4.0627
results2602/20260209S111439.053860E111439.053860_scanAz_slow.dat,4.1999
results2602/20260209S111440.014350E111440.014350_scanAz_slow.dat,4.3320
results2602/20260209S111440.972541E111440.972541_scanAz_slow.dat,4.3959
results2602/20260209S111441.932763E111441.932763_scanAz_slow.dat,4.2347
results2602/20260209S111442.894350E111442.894350_scanAz_slow.dat,4.0591
results2602/20260209S111443.855201E111443.855201_scanAz_slow.dat,4.1305
results2602/20260209S111444.816944E111444.816944_scanAz_slow.dat,4.2841
results2602/20260209S111445.774181E111445.774181_scanAz_slow.dat,4.1191
results2602/20260209S111446.735602E111446.735602_scanAz_slow.dat,4.2517
results2602/20260209S111447.698046E111447.698046_scanAz_slow.dat,4.1473
results2602/20260209S111448.652893E111448.652893_scanAz_slow.dat,4.2861
results2602/20260209S111449.613391E111449.613391_scanAz_slow.dat,4.3828
results2602/20260209S111450.576018E111450.576018_scanAz_slow.dat,4.2098
results2602/20260209S111451.531446E111451.531446_scanAz_slow.dat,4.3005
results2602/20260209S111452.493424E111452.493424_scanAz_slow.dat,4.2092
results2602/20260209S111453.451467E111453.451467_scanAz_slow.dat,4.3644
results2602/20260209S111454.416792E111454.416792_scanAz_slow.dat,4.1481
results2602/20260209S111455.375529E111455.375529_scanAz_slow.dat,4.0811
results2602/20260209S111456.333125E111456.333125_scanAz_slow.dat,4.1570
results2602/20260209S111457.294205E111457.294205_scanAz_slow.dat,4.2991
results2602/20260209S111458.254394E111458.254394_scanAz_slow.dat,4.4342
results2602/20260209S111459.214209E111459.214209_scanAz_slow.dat,4.4655
results2602/20260209S111500.175281E111500.175281_scanAz_slow.dat,4.1493
results2602/20260209S111501.135689E111501.135689_scanAz_slow.dat,4.2721
results2602/20260209S111502.096119E111502.096119_scanAz_slow.dat,4.2517
results2602/20260209S111503.057545E111503.057545_scanAz_slow.dat,4.3282
results2602/20260209S111504.014537E111504.014537_scanAz_slow.dat,4.1187
results2602/20260209S111504.973111E111504.973111_scanAz_slow.dat,4.2995
results2602/20260209S111505.934540E111505.934540_scanAz_slow.dat,4.0968
results2602/20260209S111506.894880E111506.894880_scanAz_slow.dat,4.1446
results2602/20260209S111507.853950E111507.853950_scanAz_slow.dat,4.2880
results2602/20260209S111508.813385E111508.813385_scanAz_slow.dat,4.3323
results2602/20260209S111509.776043E111509.776043_scanAz_slow.dat,4.0584
results2602/20260209S111510.735735E111510.735735_scanAz_slow.dat,4.3414
results2602/20260209S111511.696262E111511.696262_scanAz_slow.dat,4.3762
results2602/20260209S111512.653362E111512.653362_scanAz_slow.dat,4.2024
results2602/20260209S111513.616308E111513.616308_scanAz_slow.dat,4.3737
results2602/20260209S111514.573097E111514.573097_scanAz_slow.dat,4.2147
results2602/20260209S111515.531669E111515.531669_scanAz_slow.dat,4.2592
results2602/20260209S111516.497736E111516.497736_scanAz_slow.dat,4.0425
results2602/20260209S111517.457366E111517.457366_scanAz_slow.dat,4.0496
results2602/20260209S111518.415063E111518.415063_scanAz_slow.dat,4.1345
results2602/20260209S111519.375163E111519.375163_scanAz_slow.dat,4.0796
results2602/20260209S111520.336248E111520.336248_scanAz_slow.dat,4.2955
results2602/20260209S111521.297587E111521.297587_scanAz_slow.dat,4.2279
results2602/20260209S111522.253644E111522.253644_scanAz_slow.dat,3.9951
results2602/20260209S111523.218645E111523.218645_scanAz_slow.dat,4.2065
results2602/20260209S111524.176570E111524.176570_scanAz_slow.dat,4.2795
results2602/20260209S111525.133615E111525.133615_scanAz_slow.dat,4.2410
results2602/20260209S111526.093652E111526.093652_scanAz_slow.dat,4.0162
results2602/20260209S111527.053096E111527.053096_scanAz_slow.dat,4.0332
results2602/20260209S111528.015646E111528.015646_scanAz_slow.dat,4.2262
results2602/20260209S111528.975769E111528.975769_scanAz_slow.dat,4.2996
results2602/20260209S111529.934980E111529.934980_scanAz_slow.dat,4.1873
results2602/20260209S111530.897759E111530.897759_scanAz_slow.dat,4.2028
results2602/20260209S111531.855448E111531.855448_scanAz_slow.dat,4.2057
results2602/20260209S111532.815788E111532.815788_scanAz_slow.dat,4.0679
results2602/20260209S111533.777488E111533.777488_scanAz_slow.dat,4.3300
results2602/20260209S111534.737156E111534.737156_scanAz_slow.dat,4.3200
results2602/20260209S111535.693471E111535.693471_scanAz_slow.dat,4.2232
results2602/20260209S111536.657753E111536.657753_scanAz_slow.dat,4.2456
results2602/20260209S111537.614637E111537.614637_scanAz_slow.dat,4.2817
results2602/20260209S111538.574426E111538.574426_scanAz_slow.dat,4.1296
results2602/20260209S111539.533815E111539.533815_scanAz_slow.dat,4.0509
results2602/20260209S111540.493746E111540.493746_scanAz_slow.dat,4.1754
results2602/20260209S111541.453502E111541.453502_scanAz_slow.dat,4.3836
results2602/20260209S111542.413751E111542.413751_scanAz_slow.dat,4.3058
results2602/20260209S111543.376307E111543.376307_scanAz_slow.dat,4.0818
results2602/20260209S111544.333760E111544.333760_scanAz_slow.dat,4.3245
results2602/20260209S111545.295982E111545.295982_scanAz_slow.dat,4.0872
results2602/20260209S111546.257844E111546.257844_scanAz_slow.dat,4.3469
results2602/20260209S111547.213336E111547.213336_scanAz_slow.dat,4.0717
results2602/20260209S111548.177504E111548.177504_scanAz_slow.dat,4.2467
results2602/20260209S111549.138164E111549.138164_scanAz_slow.dat,3.9337
results2602/20260209S111550.095681E111550.095681_scanAz_slow.dat,4.0179
results2602/20260209S111551.051984E111551.051984_scanAz_slow.dat,4.1922
results2602/20260209S111552.013948E111552.013948_scanAz_slow.dat,4.0930
results2602/20260209S111552.976380E111552.976380_scanAz_slow.dat,4.1900
results2602/20260209S111553.937068E111553.937068_scanAz_slow.dat,4.1728
results2602/20260209S111554.896533E111554.896533_scanAz_slow.dat,4.2365
results2602/20260209S111555.855213E111555.855213_scanAz_slow.dat,4.1630
results2602/20260209S111556.814866E111556.814866_scanAz_slow.dat,4.1674
results2602/20260209S111557.777176E111557.777176_scanAz_slow.dat,4.0687
results2602/20260209S111558.732612E111558.732612_scanAz_slow.dat,4.0740
results2602/20260209S111559.694871E111559.694871_scanAz_slow.dat,4.0688
results2602/20260209S111600.656932E111600.656932_scanAz_slow.dat,4.3026
results2602/20260209S111601.613811E111601.613811_scanAz_slow.dat,4.1405
results2602/20260209S111602.577583E111602.577583_scanAz_slow.dat,4.0931
results2602/20260209S111603.538050E111603.538050_scanAz_slow.dat,4.0414
results2602/20260209S111604.496169E111604.496169_scanAz_slow.dat,4.0946
results2602/20260209S111605.456559E111605.456559_scanAz_slow.dat,4.1756
results2602/20260209S111606.412825E111606.412825_scanAz_slow.dat,4.2743
results2602/20260209S111607.376793E111607.376793_scanAz_slow.dat,4.3230
results2602/20260209S111608.336828E111608.336828_scanAz_slow.dat,4.1777
results2602/20260209S111609.298128E111609.298128_scanAz_slow.dat,3.9561
results2602/20260209S111610.257738E111610.257738_scanAz_slow.dat,4.1027
results2602/20260209S111611.213860E111611.213860_scanAz_slow.dat,4.0459
results2602/20260209S111612.177244E111612.177244_scanAz_slow.dat,4.0289
results2602/20260209S111613.132700E111613.132700_scanAz_slow.dat,4.0572
results2602/20260209S111614.093538E111614.093538_scanAz_slow.dat,4.0535
results2602/20260209S111615.056996E111615.056996_scanAz_slow.dat,4.0357
results2602/20260209S111616.014344E111616.014344_scanAz_slow.dat,4.1599
results2602/20260209S111616.976319E111616.976319_scanAz_slow.dat,4.2429
results2602/20260209S111617.937623E111617.937623_scanAz_slow.dat,4.2054
results2602/20260209S111618.896917E111618.896917_scanAz_slow.dat,4.2340
results2602/20260209S111619.857861E111619.857861_scanAz_slow.dat,4.0436
results2602/20260209S111620.814803E111620.814803_scanAz_slow.dat,4.2170
results2602/20260209S111621.777592E111621.777592_scanAz_slow.dat,4.3849
results2602/20260209S111622.737094E111622.737094_scanAz_slow.dat,4.0489
results2602/20260209S111623.693765E111623.693765_scanAz_slow.dat,3.9533
results2602/20260209S111624.658395E111624.658395_scanAz_slow.dat,4.1351
results2602/20260209S111625.614866E111625.614866_scanAz_slow.dat,3.9853
results2602/20260209S111626.577281E111626.577281_scanAz_slow.dat,4.2948
results2602/20260209S111627.537968E111627.537968_scanAz_slow.dat,4.2247
results2602/20260209S111628.495671E111628.495671_scanAz_slow.dat,4.1827
results2602/20260209S111629.452430E111629.452430_scanAz_slow.dat,4.1644
results2602/20260209S111630.416343E111630.416343_scanAz_slow.dat,4.3122
results2602/20260209S111631.378445E111631.378445_scanAz_slow.dat,4.1956
results2602/20260209S111632.336526E111632.336526_scanAz_slow.dat,4.2336
results2602/20260209S111633.298126E111633.298126_scanAz_slow.dat,4.2424
results2602/20260209S111634.255651E111634.255651_scanAz_slow.dat,4.2844
results2602/20260209S111635.218594E111635.218594_scanAz_slow.dat,4.1168
results2602/20260209S111636.177243E111636.177243_scanAz_slow.dat,4.2227
results2602/20260209S111637.137035E111637.137035_scanAz_slow.dat,4.0795
results2602/20260209S111638.096773E111638.096773_scanAz_slow.dat,4.2905
results2602/20260209S111639.053784E111639.053784_scanAz_slow.dat,3.9615
results2602/20260209S111640.016977E111640.016977_scanAz_slow.dat,3.8961
results2602/20260209S111640.976852E111640.976852_scanAz_slow.dat,4.1634
results2602/20260209S111641.933441E111641.933441_scanAz_slow.dat,4.2758
results2602/20260209S111642.896015E111642.896015_scanAz_slow.dat,4.3025
results2602/20260209S111643.858958E111643.858958_scanAz_slow.dat,4.2692
results2602/20260209S111644.816698E111644.816698_scanAz_slow.dat,4.1824
results2602/20260209S111645.778910E111645.778910_scanAz_slow.dat,4.1933
results2602/20260209S111646.734370E111646.734370_scanAz_slow.dat,4.0800
results2602/20260209S111647.695888E111647.695888_scanAz_slow.dat,4.0836
results2602/20260209S111648.656907E111648.656907_scanAz_slow.dat,4.2891
results2602/20260209S111649.616889E111649.616889_scanAz_slow.dat,4.0077
results2602/20260209S111650.575228E111650.575228_scanAz_slow.dat,4.1790
results2602/20260209S111651.534409E111651.534409_scanAz_slow.dat,4.3023
results2602/20260209S111652.496168E111652.496168_scanAz_slow.dat,4.3180
results2602/20260209S111653.458760E111653.458760_scanAz_slow.dat,4.2020
results2602/20260209S111654.415055E111654.415055_scanAz_slow.dat,4.1566
results2602/20260209S111655.377118E111655.377118_scanAz_slow.dat,4.3417
results2602/20260209S111656.337757E111656.337757_scanAz_slow.dat,4.1574
results2602/20260209S111657.296800E111657.296800_scanAz_slow.dat,4.1291
results2602/20260209S111658.258056E111658.258056_scanAz_slow.dat,4.2849
results2602/20260209S111659.215151E111659.215151_scanAz_slow.dat,4.2090
results2602/20260209S111700.178351E111700.178351_scanAz_slow.dat,4.2372
results2602/20260209S111701.138877E111701.138877_scanAz_slow.dat,4.3077
results2602/20260209S111702.096488E111702.096488_scanAz_slow.dat,4.1497
results2602/20260209S111703.059305E111703.059305_scanAz_slow.dat,4.5034
results2602/20260209S111704.019564E111704.019564_scanAz_slow.dat,4.1886
results2602/20260209S111704.975329E111704.975329_scanAz_slow.dat,4.1677
results2602/20260209S111705.937547E111705.937547_scanAz_slow.dat,4.3238
results2602/20260209S111706.898758E111706.898758_scanAz_slow.dat,4.1734
results2602/20260209S111707.855056E111707.855056_scanAz_slow.dat,4.1677
results2602/20260209S111708.817390E111708.817390_scanAz_slow.dat,4.2393
results2602/20260209S111709.775346E111709.775346_scanAz_slow.dat,4.2652
results2602/20260209S111710.736259E111710.736259_scanAz_slow.dat,4.2585
results2602/20260209S111711.695743E111711.695743_scanAz_slow.dat,4.1769
results2602/20260209S111712.657745E111712.657745_scanAz_slow.dat,4.2844
results2602/20260209S111713.617581E111713.617581_scanAz_slow.dat,4.1257
results2602/20260209S111714.578537E111714.578537_scanAz_slow.dat,4.2540
results2602/20260209S111715.539328E111715.539328_scanAz_slow.dat,4.1814
results2602/20260209S111716.495969E111716.495969_scanAz_slow.dat,4.2237
results2602/20260209S111717.457122E111717.457122_scanAz_slow.dat,4.0742
results2602/20260209S111718.417361E111718.417361_scanAz_slow.dat,4.2319
results2602/20260209S111719.375866E111719.375866_scanAz_slow.dat,4.3247
results2602/20260209S111720.338627E111720.338627_scanAz_slow.dat,4.1816
results2602/20260209S111721.293911E111721.293911_scanAz_slow.dat,4.1807
results2602/20260209S111722.256125E111722.256125_scanAz_slow.dat,4.0502
results2602/20260209S111723.217416E111723.217416_scanAz_slow.dat,4.2474
results2602/20260209S111724.174920E111724.174920_scanAz_slow.dat,4.2652
results2602/20260209S111725.137182E111725.137182_scanAz_slow.dat,4.3285
results2602/20260209S111726.095365E111726.095365_scanAz_slow.dat,4.3382
results2602/20260209S111727.056107E111727.056107_scanAz_slow.dat,4.2166
results2602/20260209S111728.017836E111728.017836_scanAz_slow.dat,3.8926
results2602/20260209S111728.977849E111728.977849_scanAz_slow.dat,4.1249
results2602/20260209S111729.938039E111729.938039_scanAz_slow.dat,4.3743
results2602/20260209S111730.895603E111730.895603_scanAz_slow.dat,4.0722
results2602/20260209S111731.855238E111731.855238_scanAz_slow.dat,4.2808
results2602/20260209S111732.817209E111732.817209_scanAz_slow.dat,4.1298
results2602/20260209S111733.778525E111733.778525_scanAz_slow.dat,4.1881
results2602/20260209S111734.734120E111734.734120_scanAz_slow.dat,4.3395
results2602/20260209S111735.694088E111735.694088_scanAz_slow.dat,4.2186
results2602/20260209S111736.656725E111736.656725_scanAz_slow.dat,4.1349
results2602/20260209S111737.613464E111737.613464_scanAz_slow.dat,4.2917
results2602/20260209S111738.576580E111738.576580_scanAz_slow.dat,4.1663
results2602/20260209S111739.537894E111739.537894_scanAz_slow.dat,4.2162
results2602/20260209S111740.499139E111740.499139_scanAz_slow.dat,4.2114
results2602/20260209S111741.459998E111741.459998_scanAz_slow.dat,4.0808
results2602/20260209S111742.417242E111742.417242_scanAz_slow.dat,4.1403
results2602/20260209S111743.374720E111743.374720_scanAz_slow.dat,3.9422
results2602/20260209S111744.335436E111744.335436_scanAz_slow.dat,4.4402
results2602/20260209S111745.296113E111745.296113_scanAz_slow.dat,4.1723
results2602/20260209S111746.259004E111746.259004_scanAz_slow.dat,3.9751
results2602/20260209S111747.220202E111747.220202_scanAz_slow.dat,4.1987
results2602/20260209S111748.175060E111748.175060_scanAz_slow.dat,3.9791
results2602/20260209S111749.139348E111749.139348_scanAz_slow.dat,4.0077
results2602/20260209S111750.099467E111750.099467_scanAz_slow.dat,4.3294
results2602/20260209S111751.054743E111751.054743_scanAz_slow.dat,4.3921
results2602/20260209S111752.019699E111752.019699_scanAz_slow.dat,4.2337
results2602/20260209S111752.975238E111752.975238_scanAz_slow.dat,4.1177
results2602/20260209S111753.935160E111753.935160_scanAz_slow.dat,4.1911
results2602/20260209S111754.899046E111754.899046_scanAz_slow.dat,4.2723
results2602/20260209S111755.859753E111755.859753_scanAz_slow.dat,4.1181
results2602/20260209S111756.816470E111756.816470_scanAz_slow.dat,4.2226
results2602/20260209S111757.776683E111757.776683_scanAz_slow.dat,4.0952
results2602/20260209S111758.737205E111758.737205_scanAz_slow.dat,4.1012
results2602/20260209S111759.699723E111759.699723_scanAz_slow.dat,4.0989
results2602/20260209S111800.660232E111800.660232_scanAz_slow.dat,4.4061
results2602/20260209S111801.617759E111801.617759_scanAz_slow.dat,4.2615
results2602/20260209S111802.580213E111802.580213_scanAz_slow.dat,4.2263
results2602/20260209S111803.535284E111803.535284_scanAz_slow.dat,4.1852
results2602/20260209S111804.496128E111804.496128_scanAz_slow.dat,4.1969
results2602/20260209S111805.459260E111805.459260_scanAz_slow.dat,4.1658
results2602/20260209S111806.419769E111806.419769_scanAz_slow.dat,4.2067
results2602/20260209S111807.375994E111807.375994_scanAz_slow.dat,4.3429
results2602/20260209S111808.340080E111808.340080_scanAz_slow.dat,3.9067
results2602/20260209S111809.296104E111809.296104_scanAz_slow.dat,4.3814
results2602/20260209S111810.255129E111810.255129_scanAz_slow.dat,4.2955
results2602/20260209S111811.217717E111811.217717_scanAz_slow.dat,4.0708
results2602/20260209S111812.179585E111812.179585_scanAz_slow.dat,4.1147
results2602/20260209S111813.137086E111813.137086_scanAz_slow.dat,4.2541
results2602/20260209S111814.100432E111814.100432_scanAz_slow.dat,4.2431
results2602/20260209S111815.061020E111815.061020_scanAz_slow.dat,4.0570
results2602/20260209S111816.018043E111816.018043_scanAz_slow.dat,4.2864
results2602/20260209S111816.977455E111816.977455_scanAz_slow.dat,4.0701
results2602/20260209S111817.937662E111817.937662_scanAz_slow.dat,4.0995
results2602/20260209S111818.900376E111818.900376_scanAz_slow.dat,4.1393
results2602/20260209S111819.857742E111819.857742_scanAz_slow.dat,4.1902
results2602/20260209S111820.820510E111820.820510_scanAz_slow.dat,4.0853
results2602/20260209S111821.777960E111821.777960_scanAz_slow.dat,4.0330
results2602/20260209S111822.738856E111822.738856_scanAz_slow.dat,4.0655
results2602/20260209S111823.696581E111823.696581_scanAz_slow.dat,4.3609
results2602/20260209S111824.658444E111824.658444_scanAz_slow.dat,4.3549
results2602/20260209S111825.620573E111825.620573_scanAz_slow.dat,4.1917
results2602/20260209S111826.575871E111826.575871_scanAz_slow.dat,4.2629
results2602/20260209S111827.540526E111827.540526_scanAz_slow.dat,4.1103
results2602/20260209S111828.497963E111828.497963_scanAz_slow.dat,4.0486
results2602/20260209S111829.456067E111829.456067_scanAz_slow.dat,3.9578
results2602/20260209S111830.417925E111830.417925_scanAz_slow.dat,4.0156
results2602/20260209S111831.377756E111831.377756_scanAz_slow.dat,4.0495
results2602/20260209S111832.336520E111832.336520_scanAz_slow.dat,4.0613
results2602/20260209S111833.299753E111833.299753_scanAz_slow.dat,4.1258
results2602/20260209S111834.261359E111834.261359_scanAz_slow.dat,3.9854
results2602/20260209S111835.218099E111835.218099_scanAz_slow.dat,4.1743
results2602/20260209S111836.179643E111836.179643_scanAz_slow.dat,4.1220
results2602/20260209S111837.136273E111837.136273_scanAz_slow.dat,4.2594
results2602/20260209S111838.094140E111838.094140_scanAz_slow.dat,4.1340
results2602/20260209S111839.055432E111839.055432_scanAz_slow.dat,3.8926
results2602/20260209S111840.019074E111840.019074_scanAz_slow.dat,4.1900
results2602/20260209S111840.980090E111840.980090_scanAz_slow.dat,4.1120
results2602/20260209S111841.937754E111841.937754_scanAz_slow.dat,4.2268
results2602/20260209S111842.898414E111842.898414_scanAz_slow.dat,4.2218
results2602/20260209S111843.855361E111843.855361_scanAz_slow.dat,4.3144
results2602/20260209S111844.818625E111844.818625_scanAz_slow.dat,4.2046
results2602/20260209S111845.780141E111845.780141_scanAz_slow.dat,4.1495
results2602/20260209S111846.735482E111846.735482_scanAz_slow.dat,3.8384
results2602/20260209S111847.698815E111847.698815_scanAz_slow.dat,4.0344
results2602/20260209S111848.657378E111848.657378_scanAz_slow.dat,4.1461
results2602/20260209S111849.619013E111849.619013_scanAz_slow.dat,4.2122
results2602/20260209S111850.577632E111850.577632_scanAz_slow.dat,4.2757
results2602/20260209S111851.538310E111851.538310_scanAz_slow.dat,4.0539
results2602/20260209S111852.500555E111852.500555_scanAz_slow.dat,4.0971
results2602/20260209S111853.456864E111853.456864_scanAz_slow.dat,4.0040
results2602/20260209S111854.420066E111854.420066_scanAz_slow.dat,3.9425
results2602/20260209S111855.381556E111855.381556_scanAz_slow.dat,4.3402
results2602/20260209S111856.338188E111856.338188_scanAz_slow.dat,4.2877
results2602/20260209S111857.300574E111857.300574_scanAz_slow.dat,4.1174
results2602/20260209S111858.256266E111858.256266_scanAz_slow.dat,4.0730
results2602/20260209S111859.218881E111859.218881_scanAz_slow.dat,4.1804
results2602/20260209S111900.176512E111900.176512_scanAz_slow.dat,4.0789
results2602/20260209S111901.141527E111901.141527_scanAz_slow.dat,4.1330
results2602/20260209S111902.096647E111902.096647_scanAz_slow.dat,3.9356
results2602/20260209S111903.059180E111903.059180_scanAz_slow.dat,4.1153
results2602/20260209S111904.019850E111904.019850_scanAz_slow.dat,4.2460
results2602/20260209S111904.977239E111904.977239_scanAz_slow.dat,4.1884
results2602/20260209S111905.940864E111905.940864_scanAz_slow.dat,3.9568
results2602/20260209S111906.898242E111906.898242_scanAz_slow.dat,4.1095
results2602/20260209S111907.857803E111907.857803_scanAz_slow.dat,4.1627
results2602/20260209S111908.817632E111908.817632_scanAz_slow.dat,4.3211
results2602/20260209S111909.780573E111909.780573_scanAz_slow.dat,4.1993
results2602/20260209S111910.737443E111910.737443_scanAz_slow.dat,4.2467
results2602/20260209S111911.700399E111911.700399_scanAz_slow.dat,4.0828
results2602/20260209S111912.660006E111912.660006_scanAz_slow.dat,4.1957
results2602/20260209S111913.617759E111913.617759_scanAz_slow.dat,4.2562
results2602/20260209S111914.574715E111914.574715_scanAz_slow.dat,4.3741
results2602/20260209S111915.535906E111915.535906_scanAz_slow.dat,4.1228
results2602/20260209S111916.498355E111916.498355_scanAz_slow.dat,4.1024
results2602/20260209S111917.460837E111917.460837_scanAz_slow.dat,4.1389
results2602/20260209S111918.417836E111918.417836_scanAz_slow.dat,4.1332
results2602/20260209S111919.381235E111919.381235_scanAz_slow.dat,3.9847
results2602/20260209S111920.337772E111920.337772_scanAz_slow.dat,4.0888
results2602/20260209S111921.297434E111921.297434_scanAz_slow.dat,4.0812
results2602/20260209S111922.259295E111922.259295_scanAz_slow.dat,4.1059
results2602/20260209S111923.217938E111923.217938_scanAz_slow.dat,4.2689
results2602/20260209S111924.176656E111924.176656_scanAz_slow.dat,4.3035
results2602/20260209S111925.137044E111925.137044_scanAz_slow.dat,4.1448
results2602/20260209S111926.100096E111926.100096_scanAz_slow.dat,4.0702
results2602/20260209S111927.060382E111927.060382_scanAz_slow.dat,4.2066
results2602/20260209S111928.020794E111928.020794_scanAz_slow.dat,4.3533
results2602/20260209S111928.976687E111928.976687_scanAz_slow.dat,4.0957
results2602/20260209S111929.941120E111929.941120_scanAz_slow.dat,4.2586
results2602/20260209S111930.898132E111930.898132_scanAz_slow.dat,4.2224
results2602/20260209S111931.859316E111931.859316_scanAz_slow.dat,4.1278
results2602/20260209S111932.816670E111932.816670_scanAz_slow.dat,4.1684
results2602/20260209S111933.776888E111933.776888_scanAz_slow.dat,4.1713
results2602/20260209S111934.740971E111934.740971_scanAz_slow.dat,3.9324
results2602/20260209S111935.698063E111935.698063_scanAz_slow.dat,4.2495
results2602/20260209S111936.659782E111936.659782_scanAz_slow.dat,4.1237
results2602/20260209S111937.618190E111937.618190_scanAz_slow.dat,4.1065
results2602/20260209S111938.578253E111938.578253_scanAz_slow.dat,4.2145
results2602/20260209S111939.539810E111939.539810_scanAz_slow.dat,4.0055
results2602/20260209S111940.499248E111940.499248_scanAz_slow.dat,4.2250
results2602/20260209S111941.461592E111941.461592_scanAz_slow.dat,4.2294
results2602/20260209S111942.418500E111942.418500_scanAz_slow.dat,4.1693
results2602/20260209S111943.376758E111943.376758_scanAz_slow.dat,4.2697
results2602/20260209S111944.339955E111944.339955_scanAz_slow.dat,3.9823
results2602/20260209S111945.298342E111945.298342_scanAz_slow.dat,4.0472
results2602/20260209S111946.257460E111946.257460_scanAz_slow.dat,3.9924
results2602/20260209S111947.216833E111947.216833_scanAz_slow.dat,3.9114
results2602/20260209S111948.177155E111948.177155_scanAz_slow.dat,4.1393
results2602/20260209S111949.137176E111949.137176_scanAz_slow.dat,4.2719
results2602/20260209S111950.098018E111950.098018_scanAz_slow.dat,4.1246
results2602/20260209S111951.058177E111951.058177_scanAz_slow.dat,4.3269
results2602/20260209S111952.017115E111952.017115_scanAz_slow.dat,4.1612
results2602/20260209S111952.978247E111952.978247_scanAz_slow.dat,4.0369
results2602/20260209S111953.938484E111953.938484_scanAz_slow.dat,4.0761
results2602/20260209S111954.898461E111954.898461_scanAz_slow.dat,3.9400
results2602/20260209S111955.859964E111955.859964_scanAz_slow.dat,4.4313
results2602/20260209S111956.817054E111956.817054_scanAz_slow.dat,4.3602
results2602/20260209S111957.780921E111957.780921_scanAz_slow.dat,4.1826
results2602/20260209S111958.738136E111958.738136_scanAz_slow.dat,4.1204
results2602/20260209S111959.701258E111959.701258_scanAz_slow.dat,4.1186
results2602/20260209S112000.661171E112000.661171_scanAz_slow.dat,4.1597
results2602/20260209S112001.618748E112001.618748_scanAz_slow.dat,4.1105
results2602/20260209S112002.575648E112002.575648_scanAz_slow.dat,4.1976
results2602/20260209S112003.536023E112003.536023_scanAz_slow.dat,4.1754
results2602/20260209S112004.499415E112004.499415_scanAz_slow.dat,4.3953
results2602/20260209S112005.460417E112005.460417_scanAz_slow.dat,4.5035
results2602/20260209S112006.419899E112006.419899_scanAz_slow.dat,4.3034
results2602/20260209S112007.379117E112007.379117_scanAz_slow.dat,4.1518
results2602/20260209S112008.341576E112008.341576_scanAz_slow.dat,4.0993
results2602/20260209S112009.299944E112009.299944_scanAz_slow.dat,3.8793
results2602/20260209S112010.261635E112010.261635_scanAz_slow.dat,3.9176
results2602/20260209S112011.217159E112011.217159_scanAz_slow.dat,4.1696
results2602/20260209S112012.178680E112012.178680_scanAz_slow.dat,4.0889
results2602/20260209S112013.140797E112013.140797_scanAz_slow.dat,4.0811
results2602/20260209S112014.097226E112014.097226_scanAz_slow.dat,3.9743
results2602/20260209S112015.056923E112015.056923_scanAz_slow.dat,4.0496
results2602/20260209S112016.019635E112016.019635_scanAz_slow.dat,4.0135
results2602/20260209S112016.980286E112016.980286_scanAz_slow.dat,4.0118
results2602/20260209S112017.936903E112017.936903_scanAz_slow.dat,4.2438
results2602/20260209S112018.900064E112018.900064_scanAz_slow.dat,4.1384
results2602/20260209S112019.860809E112019.860809_scanAz_slow.dat,3.9638
results2602/20260209S112020.820594E112020.820594_scanAz_slow.dat,4.2128
results2602/20260209S112021.778031E112021.778031_scanAz_slow.dat,4.3801
results2602/20260209S112022.737369E112022.737369_scanAz_slow.dat,4.1828
results2602/20260209S112023.701461E112023.701461_scanAz_slow.dat,4.2031
results2602/20260209S112024.657461E112024.657461_scanAz_slow.dat,4.2742
results2602/20260209S112025.616080E112025.616080_scanAz_slow.dat,4.1391
results2602/20260209S112026.580569E112026.580569_scanAz_slow.dat,4.1270
results2602/20260209S112027.542033E112027.542033_scanAz_slow.dat,3.9955
results2602/20260209S112028.498057E112028.498057_scanAz_slow.dat,4.1356
results2602/20260209S112029.462054E112029.462054_scanAz_slow.dat,4.2245
results2602/20260209S112030.422300E112030.422300_scanAz_slow.dat,4.3524
results2602/20260209S112031.379209E112031.379209_scanAz_slow.dat,4.2364
results2602/20260209S112032.339316E112032.339316_scanAz_slow.dat,4.1392
results2602/20260209S112033.297469E112033.297469_scanAz_slow.dat,4.0038
results2602/20260209S112034.262837E112034.262837_scanAz_slow.dat,4.0306
results2602/20260209S112035.219686E112035.219686_scanAz_slow.dat,4.3199
results2602/20260209S112036.177714E112036.177714_scanAz_slow.dat,4.3437
results2602/20260209S112037.139022E112037.139022_scanAz_slow.dat,4.0867
results2602/20260209S112038.098030E112038.098030_scanAz_slow.dat,4.1207
results2602/20260209S112039.059703E112039.059703_scanAz_slow.dat,4.1476
results2602/20260209S112040.021227E112040.021227_scanAz_slow.dat,4.1174
results2602/20260209S112040.979802E112040.979802_scanAz_slow.dat,4.1229
results2602/20260209S112041.940834E112041.940834_scanAz_slow.dat,4.1843
results2602/20260209S112042.901504E112042.901504_scanAz_slow.dat,4.2520
results2602/20260209S112043.857783E112043.857783_scanAz_slow.dat,4.2561
results2602/20260209S112044.820134E112044.820134_scanAz_slow.dat,4.3794
results2602/20260209S112045.782369E112045.782369_scanAz_slow.dat,4.2885
results2602/20260209S112046.738827E112046.738827_scanAz_slow.dat,4.1918
results2602/20260209S112047.699296E112047.699296_scanAz_slow.dat,4.1865
results2602/20260209S112048.661028E112048.661028_scanAz_slow.dat,4.0414
results2602/20260209S112049.621819E112049.621819_scanAz_slow.dat,4.1015
results2602/20260209S112050.579316E112050.579316_scanAz_slow.dat,4.2313
results2602/20260209S112051.540605E112051.540605_scanAz_slow.dat,4.2542
results2602/20260209S112052.500934E112052.500934_scanAz_slow.dat,4.1699
results2602/20260209S112053.459370E112053.459370_scanAz_slow.dat,4.2692
results2602/20260209S112054.419248E112054.419248_scanAz_slow.dat,4.2446
results2602/20260209S112055.380689E112055.380689_scanAz_slow.dat,4.1199
results2602/20260209S112056.338152E112056.338152_scanAz_slow.dat,4.2453
results2602/20260209S112057.295796E112057.295796_scanAz_slow.dat,4.2102
results2602/20260209S112058.262044E112058.262044_scanAz_slow.dat,4.0755
results2602/20260209S112059.217737E112059.217737_scanAz_slow.dat,3.9793
results2602/20260209S112100.180449E112100.180449_scanAz_slow.dat,4.2073
results2602/20260209S112101.141595E112101.141595_scanAz_slow.dat,4.2161
results2602/20260209S112102.100186E112102.100186_scanAz_slow.dat,4.2454
results2602/20260209S112103.060611E112103.060611_scanAz_slow.dat,4.1807
results2602/20260209S112104.017838E112104.017838_scanAz_slow.dat,4.0409
results2602/20260209S112104.978063E112104.978063_scanAz_slow.dat,4.0974
results2602/20260209S112105.941074E112105.941074_scanAz_slow.dat,4.1911
results2602/20260209S112106.898284E112106.898284_scanAz_slow.dat,4.2088
results2602/20260209S112107.862289E112107.862289_scanAz_slow.dat,4.1979
results2602/20260209S112108.818889E112108.818889_scanAz_slow.dat,4.1750
results2602/20260209S112109.780420E112109.780420_scanAz_slow.dat,4.0363
results2602/20260209S112110.736649E112110.736649_scanAz_slow.dat,4.1285
results2602/20260209S112111.699959E112111.699959_scanAz_slow.dat,4.3309
results2602/20260209S112112.660995E112112.660995_scanAz_slow.dat,4.2788
results2602/20260209S112113.620667E112113.620667_scanAz_slow.dat,4.2375
results2602/20260209S112114.580785E112114.580785_scanAz_slow.dat,4.2141
results2602/20260209S112115.535885E112115.535885_scanAz_slow.dat,4.0635
results2602/20260209S112116.497525E112116.497525_scanAz_slow.dat,4.3201
results2602/20260209S112117.459732E112117.459732_scanAz_slow.dat,4.3670
results2602/20260209S112118.420329E112118.420329_scanAz_slow.dat,4.1874
results2602/20260209S112119.380049E112119.380049_scanAz_slow.dat,4.2684
results2602/20260209S112120.342364E112120.342364_scanAz_slow.dat,3.9531
results2602/20260209S112121.297582E112121.297582_scanAz_slow.dat,4.2227
results2602/20260209S112122.261516E112122.261516_scanAz_slow.dat,4.3779
results2602/20260209S112123.223212E112123.223212_scanAz_slow.dat,4.0488
results2602/20260209S112124.181147E112124.181147_scanAz_slow.dat,4.0815
results2602/20260209S112125.143130E112125.143130_scanAz_slow.dat,4.0491
results2602/20260209S112126.096060E112126.096060_scanAz_slow.dat,4.2896
results2602/20260209S112127.060220E112127.060220_scanAz_slow.dat,4.3283
results2602/20260209S112128.018914E112128.018914_scanAz_slow.dat,4.1841
results2602/20260209S112128.980990E112128.980990_scanAz_slow.dat,4.3802
results2602/20260209S112129.939440E112129.939440_scanAz_slow.dat,3.9759
results2602/20260209S112130.896792E112130.896792_scanAz_slow.dat,4.3926
results2602/20260209S112131.860448E112131.860448_scanAz_slow.dat,4.0580
results2602/20260209S112132.821755E112132.821755_scanAz_slow.dat,3.9982
results2602/20260209S112133.781046E112133.781046_scanAz_slow.dat,4.2858
results2602/20260209S112134.736725E112134.736725_scanAz_slow.dat,4.0621
results2602/20260209S112135.698628E112135.698628_scanAz_slow.dat,4.3712
results2602/20260209S112136.661803E112136.661803_scanAz_slow.dat,4.2354
results2602/20260209S112137.621190E112137.621190_scanAz_slow.dat,4.3056
results2602/20260209S112138.579129E112138.579129_scanAz_slow.dat,4.1914
results2602/20260209S112139.539042E112139.539042_scanAz_slow.dat,4.1082
results2602/20260209S112140.498365E112140.498365_scanAz_slow.dat,4.0505
results2602/20260209S112141.456096E112141.456096_scanAz_slow.dat,4.0976
results2602/20260209S112142.421080E112142.421080_scanAz_slow.dat,3.9327
results2602/20260209S112143.378453E112143.378453_scanAz_slow.dat,4.2130
results2602/20260209S112144.341422E112144.341422_scanAz_slow.dat,4.3167
results2602/20260209S112145.301235E112145.301235_scanAz_slow.dat,4.2347
results2602/20260209S112146.258206E112146.258206_scanAz_slow.dat,4.1264
results2602/20260209S112147.221153E112147.221153_scanAz_slow.dat,4.2776
results2602/20260209S112148.181180E112148.181180_scanAz_slow.dat,4.2734
results2602/20260209S112149.139184E112149.139184_scanAz_slow.dat,4.2659
results2602/20260209S112150.098398E112150.098398_scanAz_slow.dat,4.2013
results2602/20260209S112151.062143E112151.062143_scanAz_slow.dat,4.1456
results2602/20260209S112152.018642E112152.018642_scanAz_slow.dat,4.3081
results2602/20260209S112152.981723E112152.981723_scanAz_slow.dat,4.2035
results2602/20260209S112153.941204E112153.941204_scanAz_slow.dat,4.0551
results2602/20260209S112154.902685E112154.902685_scanAz_slow.dat,4.2083
results2602/20260209S112155.858639E112155.858639_scanAz_slow.dat,4.0219
results2602/20260209S112156.819333E112156.819333_scanAz_slow.dat,3.9008
results2602/20260209S112157.781590E112157.781590_scanAz_slow.dat,4.1468
results2602/20260209S112158.743191E112158.743191_scanAz_slow.dat,4.1022
results2602/20260209S112159.699511E112159.699511_scanAz_slow.dat,4.1846
results2602/20260209S112200.662291E112200.662291_scanAz_slow.dat,4.0481
results2602/20260209S112201.618363E112201.618363_scanAz_slow.dat,4.3822
results2602/20260209S112202.580228E112202.580228_scanAz_slow.dat,4.2993
results2602/20260209S112203.542044E112203.542044_scanAz_slow.dat,4.3051
results2602/20260209S112204.502534E112204.502534_scanAz_slow.dat,4.0827
results2602/20260209S112205.463392E112205.463392_scanAz_slow.dat,4.1497
results2602/20260209S112206.421384E112206.421384_scanAz_slow.dat,3.8923
results2602/20260209S112207.381541E112207.381541_scanAz_slow.dat,4.1344
results2602/20260209S112208.343203E112208.343203_scanAz_slow.dat,4.1278
results2602/20260209S112209.300433E112209.300433_scanAz_slow.dat,4.2294
results2602/20260209S112210.259236E112210.259236_scanAz_slow.dat,4.2659
results2602/20260209S112211.221741E112211.221741_scanAz_slow.dat,4.1758
results2602/20260209S112212.179141E112212.179141_scanAz_slow.dat,4.2066
results2602/20260209S112213.139095E112213.139095_scanAz_slow.dat,4.2969
results2602/20260209S112214.098445E112214.098445_scanAz_slow.dat,4.2220
results2602/20260209S112215.058574E112215.058574_scanAz_slow.dat,3.9704
results2602/20260209S112216.018599E112216.018599_scanAz_slow.dat,3.8563
results2602/20260209S112216.981796E112216.981796_scanAz_slow.dat,3.9080
results2602/20260209S112217.940235E112217.940235_scanAz_slow.dat,4.1128
results2602/20260209S112218.897205E112218.897205_scanAz_slow.dat,4.2457
results2602/20260209S112219.863849E112219.863849_scanAz_slow.dat,4.4106
results2602/20260209S112220.819286E112220.819286_scanAz_slow.dat,4.2391
results2602/20260209S112221.784067E112221.784067_scanAz_slow.dat,4.2822
results2602/20260209S112222.742100E112222.742100_scanAz_slow.dat,4.2690
results2602/20260209S112223.697972E112223.697972_scanAz_slow.dat,4.1240
results2602/20260209S112224.661053E112224.661053_scanAz_slow.dat,4.0857
results2602/20260209S112225.617857E112225.617857_scanAz_slow.dat,4.1027
results2602/20260209S112226.581529E112226.581529_scanAz_slow.dat,4.1654
results2602/20260209S112227.537669E112227.537669_scanAz_slow.dat,4.2739
results2602/20260209S112228.498312E112228.498312_scanAz_slow.dat,4.2878
results2602/20260209S112229.462075E112229.462075_scanAz_slow.dat,4.2392
results2602/20260209S112230.417420E112230.417420_scanAz_slow.dat,4.3468
results2602/20260209S112231.379015E112231.379015_scanAz_slow.dat,4.2273
results2602/20260209S112232.342055E112232.342055_scanAz_slow.dat,4.0404
results2602/20260209S112233.301735E112233.301735_scanAz_slow.dat,4.2134
results2602/20260209S112234.261563E112234.261563_scanAz_slow.dat,4.0782
results2602/20260209S112235.216958E112235.216958_scanAz_slow.dat,4.0759
results2602/20260209S112236.180001E112236.180001_scanAz_slow.dat,4.3119
results2602/20260209S112237.138650E112237.138650_scanAz_slow.dat,4.2983
results2602/20260209S112238.100053E112238.100053_scanAz_slow.dat,4.1090
results2602/20260209S112239.061965E112239.061965_scanAz_slow.dat,4.1294
results2602/20260209S112240.022313E112240.022313_scanAz_slow.dat,4.0545
results2602/20260209S112240.980668E112240.980668_scanAz_slow.dat,3.9175
results2602/20260209S112241.941400E112241.941400_scanAz_slow.dat,4.1991
results2602/20260209S112242.902432E112242.902432_scanAz_slow.dat,4.2461
results2602/20260209S112243.857725E112243.857725_scanAz_slow.dat,4.1264
results2602/20260209S112244.820047E112244.820047_scanAz_slow.dat,4.1148
results2602/20260209S112245.781010E112245.781010_scanAz_slow.dat,3.9951
results2602/20260209S112246.739082E112246.739082_scanAz_slow.dat,4.3428
results2602/20260209S112247.697249E112247.697249_scanAz_slow.dat,4.1833
results2602/20260209S112248.659719E112248.659719_scanAz_slow.dat,4.1516
results2602/20260209S112249.621074E112249.621074_scanAz_slow.dat,4.1288
results2602/20260209S112250.582664E112250.582664_scanAz_slow.dat,4.2520
results2602/20260209S112251.543661E112251.543661_scanAz_slow.dat,4.2322
results2602/20260209S112252.500236E112252.500236_scanAz_slow.dat,4.4820
results2602/20260209S112253.462085E112253.462085_scanAz_slow.dat,4.1821
results2602/20260209S112254.423902E112254.423902_scanAz_slow.dat,4.1703
results2602/20260209S112255.381140E112255.381140_scanAz_slow.dat,4.3069
results2602/20260209S112256.338505E112256.338505_scanAz_slow.dat,3.9815
results2602/20260209S112257.298984E112257.298984_scanAz_slow.dat,4.0182
results2602/20260209S112258.263725E112258.263725_scanAz_slow.dat,4.1654
results2602/20260209S112259.224391E112259.224391_scanAz_slow.dat,4.0975
results2602/20260209S112300.180710E112300.180710_scanAz_slow.dat,4.3196
results2602/20260209S112301.139863E112301.139863_scanAz_slow.dat,4.0190
results2602/20260209S112302.098503E112302.098503_scanAz_slow.dat,4.1552
results2602/20260209S112303.059158E112303.059158_scanAz_slow.dat,4.0537
results2602/20260209S112304.020454E112304.020454_scanAz_slow.dat,4.2030
results2602/20260209S112304.982574E112304.982574_scanAz_slow.dat,4.2140
results2602/20260209S112305.938563E112305.938563_scanAz_slow.dat,4.1574
results2602/20260209S112306.900568E112306.900568_scanAz_slow.dat,3.9940
results2602/20260209S112307.864095E112307.864095_scanAz_slow.dat,3.9904
results2602/20260209S112308.822434E112308.822434_scanAz_slow.dat,3.8559
results2602/20260209S112309.783480E112309.783480_scanAz_slow.dat,3.9969
results2602/20260209S112310.738493E112310.738493_scanAz_slow.dat,4.1162
results2602/20260209S112311.698698E112311.698698_scanAz_slow.dat,4.0834
results2602/20260209S112312.661596E112312.661596_scanAz_slow.dat,4.2229
results2602/20260209S112313.623778E112313.623778_scanAz_slow.dat,4.3366
results2602/20260209S112314.583941E112314.583941_scanAz_slow.dat,4.4684
results2602/20260209S112315.539428E112315.539428_scanAz_slow.dat,3.9627
results2602/20260209S112316.500790E112316.500790_scanAz_slow.dat,3.9771
results2602/20260209S112317.463760E112317.463760_scanAz_slow.dat,4.1780
results2602/20260209S112318.424281E112318.424281_scanAz_slow.dat,4.1117
results2602/20260209S112319.380814E112319.380814_scanAz_slow.dat,4.0139
results2602/20260209S112320.341930E112320.341930_scanAz_slow.dat,4.2071
results2602/20260209S112321.300204E112321.300204_scanAz_slow.dat,4.1761
results2602/20260209S112322.260605E112322.260605_scanAz_slow.dat,4.1547
results2602/20260209S112323.220093E112323.220093_scanAz_slow.dat,4.1174
results2602/20260209S112324.183852E112324.183852_scanAz_slow.dat,4.2006
results2602/20260209S112325.140618E112325.140618_scanAz_slow.dat,4.3206
results2602/20260209S112326.100912E112326.100912_scanAz_slow.dat,4.3197
results2602/20260209S112327.062411E112327.062411_scanAz_slow.dat,4.2306
results2602/20260209S112328.020165E112328.020165_scanAz_slow.dat,4.1549
results2602/20260209S112328.984679E112328.984679_scanAz_slow.dat,4.1968
results2602/20260209S112329.940474E112329.940474_scanAz_slow.dat,4.2864
results2602/20260209S112330.901906E112330.901906_scanAz_slow.dat,4.1976
results2602/20260209S112331.862511E112331.862511_scanAz_slow.dat,4.0787
results2602/20260209S112332.822130E112332.822130_scanAz_slow.dat,3.8820
results2602/20260209S112333.778333E112333.778333_scanAz_slow.dat,4.0649
results2602/20260209S112334.738697E112334.738697_scanAz_slow.dat,4.2986
results2602/20260209S112335.700143E112335.700143_scanAz_slow.dat,4.2055
results2602/20260209S112336.660182E112336.660182_scanAz_slow.dat,4.2464
results2602/20260209S112337.622227E112337.622227_scanAz_slow.dat,4.1133
results2602/20260209S112338.580357E112338.580357_scanAz_slow.dat,4.2944
results2602/20260209S112339.545247E112339.545247_scanAz_slow.dat,4.1253
results2602/20260209S112340.502407E112340.502407_scanAz_slow.dat,3.9814
results2602/20260209S112341.462715E112341.462715_scanAz_slow.dat,4.1106
results2602/20260209S112342.422588E112342.422588_scanAz_slow.dat,3.9936
results2602/20260209S112343.382374E112343.382374_scanAz_slow.dat,4.1046
results2602/20260209S112344.344577E112344.344577_scanAz_slow.dat,4.2897
results2602/20260209S112345.299258E112345.299258_scanAz_slow.dat,4.3507
results2602/20260209S112346.260105E112346.260105_scanAz_slow.dat,4.2545
results2602/20260209S112347.220467E112347.220467_scanAz_slow.dat,4.2296
results2602/20260209S112348.184622E112348.184622_scanAz_slow.dat,4.1417
results2602/20260209S112349.142809E112349.142809_scanAz_slow.dat,4.2631
results2602/20260209S112350.101085E112350.101085_scanAz_slow.dat,4.1159
results2602/20260209S112351.059722E112351.059722_scanAz_slow.dat,4.1422
results2602/20260209S112352.022903E112352.022903_scanAz_slow.dat,4.0791
results2602/20260209S112352.980569E112352.980569_scanAz_slow.dat,4.2865
results2602/20260209S112353.942543E112353.942543_scanAz_slow.dat,4.2887
results2602/20260209S112354.902581E112354.902581_scanAz_slow.dat,4.0375
results2602/20260209S112355.864455E112355.864455_scanAz_slow.dat,3.8967
results2602/20260209S112356.821731E112356.821731_scanAz_slow.dat,4.2251
results2602/20260209S112357.780526E112357.780526_scanAz_slow.dat,4.1846
results2602/20260209S112358.744825E112358.744825_scanAz_slow.dat,4.0940
results2602/20260209S112359.703271E112359.703271_scanAz_slow.dat,4.2298
results2602/20260209S112400.664487E112400.664487_scanAz_slow.dat,4.2050
results2602/20260209S112401.624452E112401.624452_scanAz_slow.dat,4.3161
results2602/20260209S112402.580906E112402.580906_scanAz_slow.dat,4.2109
results2602/20260209S112403.544788E112403.544788_scanAz_slow.dat,4.1633
results2602/20260209S112404.500400E112404.500400_scanAz_slow.dat,4.2288
results2602/20260209S112405.462281E112405.462281_scanAz_slow.dat,4.1498
results2602/20260209S112406.422856E112406.422856_scanAz_slow.dat,4.0145
results2602/20260209S112407.380749E112407.380749_scanAz_slow.dat,4.1317
results2602/20260209S112408.342143E112408.342143_scanAz_slow.dat,4.1441
results2602/20260209S112409.302243E112409.302243_scanAz_slow.dat,4.1669
results2602/20260209S112410.262838E112410.262838_scanAz_slow.dat,4.1828
results2602/20260209S112411.220697E112411.220697_scanAz_slow.dat,4.4184
results2602/20260209S112412.180617E112412.180617_scanAz_slow.dat,4.1412
results2602/20260209S112413.142310E112413.142310_scanAz_slow.dat,4.1124
results2602/20260209S112414.102440E112414.102440_scanAz_slow.dat,4.1839
results2602/20260209S112415.065057E112415.065057_scanAz_slow.dat,4.1120
results2602/20260209S112416.022163E112416.022163_scanAz_slow.dat,4.1843
results2602/20260209S112416.983433E112416.983433_scanAz_slow.dat,4.1259
results2602/20260209S112417.944522E112417.944522_scanAz_slow.dat,4.3047
results2602/20260209S112418.901655E112418.901655_scanAz_slow.dat,4.4165
results2602/20260209S112419.863462E112419.863462_scanAz_slow.dat,4.1051
results2602/20260209S112420.820425E112420.820425_scanAz_slow.dat,4.3570
results2602/20260209S112421.781354E112421.781354_scanAz_slow.dat,4.3078
results2602/20260209S112422.740287E112422.740287_scanAz_slow.dat,4.1014
results2602/20260209S112423.702727E112423.702727_scanAz_slow.dat,4.1311
results2602/20260209S112424.660585E112424.660585_scanAz_slow.dat,4.2927
results2602/20260209S112425.624551E112425.624551_scanAz_slow.dat,4.0607
results2602/20260209S112426.583763E112426.583763_scanAz_slow.dat,3.9720
results2602/20260209S112427.543115E112427.543115_scanAz_slow.dat,4.1457
results2602/20260209S112428.503507E112428.503507_scanAz_slow.dat,3.9979
results2602/20260209S112429.462865E112429.462865_scanAz_slow.dat,4.2367
results2602/20260209S112430.422520E112430.422520_scanAz_slow.dat,4.2941
results2602/20260209S112431.385003E112431.385003_scanAz_slow.dat,4.3161
results2602/20260209S112432.340635E112432.340635_scanAz_slow.dat,4.1606
results2602/20260209S112433.301986E112433.301986_scanAz_slow.dat,4.2068
results2602/20260209S112434.262400E112434.262400_scanAz_slow.dat,4.1735
results2602/20260209S112435.223123E112435.223123_scanAz_slow.dat,4.1456
results2602/20260209S112436.185640E112436.185640_scanAz_slow.dat,4.1150
results2602/20260209S112437.141006E112437.141006_scanAz_slow.dat,4.0865
results2602/20260209S112438.103556E112438.103556_scanAz_slow.dat,3.9908
results2602/20260209S112439.062286E112439.062286_scanAz_slow.dat,4.2190
results2602/20260209S112440.023294E112440.023294_scanAz_slow.dat,4.2820
results2602/20260209S112440.980184E112440.980184_scanAz_slow.dat,4.1831
results2602/20260209S112441.940916E112441.940916_scanAz_slow.dat,4.2577
results2602/20260209S112442.903318E112442.903318_scanAz_slow.dat,4.2117
results2602/20260209S112443.864109E112443.864109_scanAz_slow.dat,4.1554
results2602/20260209S112444.822957E112444.822957_scanAz_slow.dat,4.1983
results2602/20260209S112445.783589E112445.783589_scanAz_slow.dat,4.2674
results2602/20260209S112446.745396E112446.745396_scanAz_slow.dat,4.3495
results2602/20260209S112447.702055E112447.702055_scanAz_slow.dat,4.2211
results2602/20260209S112448.665597E112448.665597_scanAz_slow.dat,4.2883
results2602/20260209S112449.624417E112449.624417_scanAz_slow.dat,3.9476
results2602/20260209S112450.585669E112450.585669_scanAz_slow.dat,4.1321
results2602/20260209S112451.544088E112451.544088_scanAz_slow.dat,4.1445
results2602/20260209S112452.503889E112452.503889_scanAz_slow.dat,4.0331
results2602/20260209S112453.459347E112453.459347_scanAz_slow.dat,4.0823
results2602/20260209S112454.419463E112454.419463_scanAz_slow.dat,4.1572
results2602/20260209S112455.386191E112455.386191_scanAz_slow.dat,4.2226
results2602/20260209S112456.345869E112456.345869_scanAz_slow.dat,4.0629
results2602/20260209S112457.303105E112457.303105_scanAz_slow.dat,4.0722
results2602/20260209S112458.265506E112458.265506_scanAz_slow.dat,4.1937
results2602/20260209S112459.221137E112459.221137_scanAz_slow.dat,4.0831
results2602/20260209S112500.181903E112500.181903_scanAz_slow.dat,3.9823
results2602/20260209S112501.142833E112501.142833_scanAz_slow.dat,4.0500
results2602/20260209S112502.103844E112502.103844_scanAz_slow.dat,4.3075
results2602/20260209S112503.063832E112503.063832_scanAz_slow.dat,4.4175
results2602/20260209S112504.021575E112504.021575_scanAz_slow.dat,4.0423
results2602/20260209S112504.986309E112504.986309_scanAz_slow.dat,4.1518
results2602/20260209S112505.943203E112505.943203_scanAz_slow.dat,4.2092
results2602/20260209S112506.904018E112506.904018_scanAz_slow.dat,3.8858
results2602/20260209S112507.862881E112507.862881_scanAz_slow.dat,4.1258
results2602/20260209S112508.821476E112508.821476_scanAz_slow.dat,4.0882
results2602/20260209S112509.785637E112509.785637_scanAz_slow.dat,4.2460
results2602/20260209S112510.743142E112510.743142_scanAz_slow.dat,4.1713
results2602/20260209S112511.703763E112511.703763_scanAz_slow.dat,4.3259
results2602/20260209S112512.663400E112512.663400_scanAz_slow.dat,4.0632
results2602/20260209S112513.625330E112513.625330_scanAz_slow.dat,4.2842
results2602/20260209S112514.581290E112514.581290_scanAz_slow.dat,4.0951
results2602/20260209S112515.544850E112515.544850_scanAz_slow.dat,4.1987
results2602/20260209S112516.499259E112516.499259_scanAz_slow.dat,4.2896
results2602/20260209S112517.459682E112517.459682_scanAz_slow.dat,4.1441
results2602/20260209S112518.423930E112518.423930_scanAz_slow.dat,4.0714
results2602/20260209S112519.384190E112519.384190_scanAz_slow.dat,4.2261
results2602/20260209S112520.345542E112520.345542_scanAz_slow.dat,4.1938
results2602/20260209S112521.305847E112521.305847_scanAz_slow.dat,4.0160
results2602/20260209S112522.260914E112522.260914_scanAz_slow.dat,4.2386
results2602/20260209S112523.222725E112523.222725_scanAz_slow.dat,4.1334
results2602/20260209S112524.182481E112524.182481_scanAz_slow.dat,4.1925
results2602/20260209S112525.142437E112525.142437_scanAz_slow.dat,4.1767
results2602/20260209S112526.105889E112526.105889_scanAz_slow.dat,4.0846
results2602/20260209S112527.063455E112527.063455_scanAz_slow.dat,4.1423
results2602/20260209S112528.026254E112528.026254_scanAz_slow.dat,4.2102
results2602/20260209S112528.986391E112528.986391_scanAz_slow.dat,3.9580
results2602/20260209S112529.945997E112529.945997_scanAz_slow.dat,4.2091
results2602/20260209S112530.902628E112530.902628_scanAz_slow.dat,4.1651
results2602/20260209S112531.865473E112531.865473_scanAz_slow.dat,4.2658
results2602/20260209S112532.820949E112532.820949_scanAz_slow.dat,4.2871
results2602/20260209S112533.783182E112533.783182_scanAz_slow.dat,4.2929
results2602/20260209S112534.745561E112534.745561_scanAz_slow.dat,4.3098
results2602/20260209S112535.701812E112535.701812_scanAz_slow.dat,4.2930
results2602/20260209S112536.664277E112536.664277_scanAz_slow.dat,4.4396
results2602/20260209S112537.625987E112537.625987_scanAz_slow.dat,4.1669
results2602/20260209S112538.581541E112538.581541_scanAz_slow.dat,4.1622
results2602/20260209S112539.542167E112539.542167_scanAz_slow.dat,4.1201
results2602/20260209S112540.503609E112540.503609_scanAz_slow.dat,4.2442
results2602/20260209S112541.465284E112541.465284_scanAz_slow.dat,4.1907
results2602/20260209S112542.426020E112542.426020_scanAz_slow.dat,4.2180
results2602/20260209S112543.381778E112543.381778_scanAz_slow.dat,4.4405
results2602/20260209S112544.346673E112544.346673_scanAz_slow.dat,4.1505
results2602/20260209S112545.303625E112545.303625_scanAz_slow.dat,3.9334
results2602/20260209S112546.261460E112546.261460_scanAz_slow.dat,4.2849
results2602/20260209S112547.221492E112547.221492_scanAz_slow.dat,4.2692
results2602/20260209S112548.183938E112548.183938_scanAz_slow.dat,4.1118
results2602/20260209S112549.144115E112549.144115_scanAz_slow.dat,4.1472
results2602/20260209S112550.102125E112550.102125_scanAz_slow.dat,4.2212
results2602/20260209S112551.063383E112551.063383_scanAz_slow.dat,4.2403
results2602/20260209S112552.025182E112552.025182_scanAz_slow.dat,4.3759
results2602/20260209S112552.986055E112552.986055_scanAz_slow.dat,4.1038
results2602/20260209S112553.942170E112553.942170_scanAz_slow.dat,3.9598
results2602/20260209S112554.906694E112554.906694_scanAz_slow.dat,4.0716
results2602/20260209S112555.861288E112555.861288_scanAz_slow.dat,4.1988
results2602/20260209S112556.820109E112556.820109_scanAz_slow.dat,4.2744
results2602/20260209S112557.782103E112557.782103_scanAz_slow.dat,4.0570
results2602/20260209S112558.743935E112558.743935_scanAz_slow.dat,3.9711
results2602/20260209S112559.701816E112559.701816_scanAz_slow.dat,4.1102
results2602/20260209S112600.663281E112600.663281_scanAz_slow.dat,4.2331
results2602/20260209S112601.624876E112601.624876_scanAz_slow.dat,4.1301
results2602/20260209S112602.583941E112602.583941_scanAz_slow.dat,4.2825
results2602/20260209S112603.546049E112603.546049_scanAz_slow.dat,4.3505
results2602/20260209S112604.501871E112604.501871_scanAz_slow.dat,4.2953
results2602/20260209S112605.463573E112605.463573_scanAz_slow.dat,4.1470
results2602/20260209S112606.423556E112606.423556_scanAz_slow.dat,4.3177
results2602/20260209S112607.383988E112607.383988_scanAz_slow.dat,4.0286
results2602/20260209S112608.344461E112608.344461_scanAz_slow.dat,3.9949
results2602/20260209S112609.306259E112609.306259_scanAz_slow.dat,4.2345
results2602/20260209S112610.266668E112610.266668_scanAz_slow.dat,4.1684
results2602/20260209S112611.224050E112611.224050_scanAz_slow.dat,4.2897
results2602/20260209S112612.186872E112612.186872_scanAz_slow.dat,4.1051
results2602/20260209S112613.142016E112613.142016_scanAz_slow.dat,4.1009
results2602/20260209S112614.104074E112614.104074_scanAz_slow.dat,4.1728
results2602/20260209S112615.066330E112615.066330_scanAz_slow.dat,4.1240
results2602/20260209S112616.023910E112616.023910_scanAz_slow.dat,4.0145
results2602/20260209S112616.986525E112616.986525_scanAz_slow.dat,4.3236
results2602/20260209S112617.947244E112617.947244_scanAz_slow.dat,4.1652
results2602/20260209S112618.906681E112618.906681_scanAz_slow.dat,4.2218
results2602/20260209S112619.863521E112619.863521_scanAz_slow.dat,4.1958
results2602/20260209S112620.822653E112620.822653_scanAz_slow.dat,4.2542
results2602/20260209S112621.781039E112621.781039_scanAz_slow.dat,4.2466
results2602/20260209S112622.743760E112622.743760_scanAz_slow.dat,4.3684
results2602/20260209S112623.704892E112623.704892_scanAz_slow.dat,4.4409
results2602/20260209S112624.663921E112624.663921_scanAz_slow.dat,4.4033
results2602/20260209S112625.627225E112625.627225_scanAz_slow.dat,4.3360
results2602/20260209S112626.587126E112626.587126_scanAz_slow.dat,4.3911
results2602/20260209S112627.542357E112627.542357_scanAz_slow.dat,3.9872
results2602/20260209S112628.505437E112628.505437_scanAz_slow.dat,4.0548
results2602/20260209S112629.464758E112629.464758_scanAz_slow.dat,4.0622
results2602/20260209S112630.424059E112630.424059_scanAz_slow.dat,4.2003
results2602/20260209S112631.386037E112631.386037_scanAz_slow.dat,4.3336
results2602/20260209S112632.342317E112632.342317_scanAz_slow.dat,4.2314
results2602/20260209S112633.306621E112633.306621_scanAz_slow.dat,4.0800
results2602/20260209S112634.264509E112634.264509_scanAz_slow.dat,4.2838
results2602/20260209S112635.222396E112635.222396_scanAz_slow.dat,4.1971
results2602/20260209S112636.182270E112636.182270_scanAz_slow.dat,4.1511
results2602/20260209S112637.142448E112637.142448_scanAz_slow.dat,4.1568
results2602/20260209S112638.102362E112638.102362_scanAz_slow.dat,4.4090
results2602/20260209S112639.065094E112639.065094_scanAz_slow.dat,4.2005
results2602/20260209S112640.022953E112640.022953_scanAz_slow.dat,4.3848
results2602/20260209S112640.984333E112640.984333_scanAz_slow.dat,4.1688
results2602/20260209S112641.947394E112641.947394_scanAz_slow.dat,4.0346
results2602/20260209S112642.901981E112642.901981_scanAz_slow.dat,4.2937
results2602/20260209S112643.862130E112643.862130_scanAz_slow.dat,4.2793
results2602/20260209S112644.825450E112644.825450_scanAz_slow.dat,3.9395
results2602/20260209S112645.787645E112645.787645_scanAz_slow.dat,4.1889
results2602/20260209S112646.747189E112646.747189_scanAz_slow.dat,4.0910
results2602/20260209S112647.703333E112647.703333_scanAz_slow.dat,4.3127
results2602/20260209S112648.663211E112648.663211_scanAz_slow.dat,4.2165
results2602/20260209S112649.626446E112649.626446_scanAz_slow.dat,4.2639
results2602/20260209S112650.585391E112650.585391_scanAz_slow.dat,4.4079
results2602/20260209S112651.542525E112651.542525_scanAz_slow.dat,4.1347
results2602/20260209S112652.503574E112652.503574_scanAz_slow.dat,4.1853
results2602/20260209S112653.465330E112653.465330_scanAz_slow.dat,4.1766
results2602/20260209S112654.428087E112654.428087_scanAz_slow.dat,4.2010
results2602/20260209S112655.384253E112655.384253_scanAz_slow.dat,4.1572
results2602/20260209S112656.345079E112656.345079_scanAz_slow.dat,4.2446
results2602/20260209S112657.306929E112657.306929_scanAz_slow.dat,4.1398
results2602/20260209S112658.263844E112658.263844_scanAz_slow.dat,4.3693
results2602/20260209S112659.225636E112659.225636_scanAz_slow.dat,4.2159
results2602/20260209S112700.185672E112700.185672_scanAz_slow.dat,4.0475
results2602/20260209S112701.146067E112701.146067_scanAz_slow.dat,3.9214
results2602/20260209S112702.102968E112702.102968_scanAz_slow.dat,4.3598
results2602/20260209S112703.065648E112703.065648_scanAz_slow.dat,4.0183
results2602/20260209S112704.026953E112704.026953_scanAz_slow.dat,4.3917
results2602/20260209S112704.983078E112704.983078_scanAz_slow.dat,4.1526
results2602/20260209S112705.945942E112705.945942_scanAz_slow.dat,4.1134
results2602/20260209S112706.907075E112706.907075_scanAz_slow.dat,4.1548
results2602/20260209S112707.863439E112707.863439_scanAz_slow.dat,4.2744
results2602/20260209S112708.824951E112708.824951_scanAz_slow.dat,4.0788
results2602/20260209S112709.786015E112709.786015_scanAz_slow.dat,4.1903
results2602/20260209S112710.745481E112710.745481_scanAz_slow.dat,4.1761
results2602/20260209S112711.707616E112711.707616_scanAz_slow.dat,4.2128
results2602/20260209S112712.664369E112712.664369_scanAz_slow.dat,4.3329
results2602/20260209S112713.625662E112713.625662_scanAz_slow.dat,4.2484
results2602/20260209S112714.585775E112714.585775_scanAz_slow.dat,4.3419
results2602/20260209S112715.543777E112715.543777_scanAz_slow.dat,4.2466
results2602/20260209S112716.504129E112716.504129_scanAz_slow.dat,4.1778
results2602/20260209S112717.467880E112717.467880_scanAz_slow.dat,4.3596
results2602/20260209S112718.425244E112718.425244_scanAz_slow.dat,4.1626
results2602/20260209S112719.386589E112719.386589_scanAz_slow.dat,4.4259
results2602/20260209S112720.347549E112720.347549_scanAz_slow.dat,4.1677
results2602/20260209S112721.303319E112721.303319_scanAz_slow.dat,4.1357
results2602/20260209S112722.267124E112722.267124_scanAz_slow.dat,4.2304
results2602/20260209S112723.227214E112723.227214_scanAz_slow.dat,4.2360
results2602/20260209S112724.182850E112724.182850_scanAz_slow.dat,4.4311
results2602/20260209S112725.144497E112725.144497_scanAz_slow.dat,4.3839
results2602/20260209S112726.106375E112726.106375_scanAz_slow.dat,4.3940
results2602/20260209S112727.061516E112727.061516_scanAz_slow.dat,4.2356
results2602/20260209S112728.023147E112728.023147_scanAz_slow.dat,4.1762
results2602/20260209S112728.985822E112728.985822_scanAz_slow.dat,4.2786
results2602/20260209S112729.947364E112729.947364_scanAz_slow.dat,4.2864
results2602/20260209S112730.905248E112730.905248_scanAz_slow.dat,4.0132
results2602/20260209S112731.862935E112731.862935_scanAz_slow.dat,4.2269
results2602/20260209S112732.823049E112732.823049_scanAz_slow.dat,4.1944
results2602/20260209S112733.785752E112733.785752_scanAz_slow.dat,4.1587
results2602/20260209S112734.746738E112734.746738_scanAz_slow.dat,4.3533
results2602/20260209S112735.703625E112735.703625_scanAz_slow.dat,4.4876
results2602/20260209S112736.667149E112736.667149_scanAz_slow.dat,4.1869
results2602/20260209S112737.628176E112737.628176_scanAz_slow.dat,4.3315
results2602/20260209S112738.586299E112738.586299_scanAz_slow.dat,4.0986
results2602/20260209S112739.546853E112739.546853_scanAz_slow.dat,4.0565
results2602/20260209S112740.503172E112740.503172_scanAz_slow.dat,4.3510
results2602/20260209S112741.463834E112741.463834_scanAz_slow.dat,4.2099
results2602/20260209S112742.428563E112742.428563_scanAz_slow.dat,4.1137
results2602/20260209S112743.385284E112743.385284_scanAz_slow.dat,4.0818
results2602/20260209S112744.346094E112744.346094_scanAz_slow.dat,4.2199
results2602/20260209S112745.307491E112745.307491_scanAz_slow.dat,4.0564
results2602/20260209S112746.263985E112746.263985_scanAz_slow.dat,4.3108
results2602/20260209S112747.226303E112747.226303_scanAz_slow.dat,4.2401
results2602/20260209S112748.186953E112748.186953_scanAz_slow.dat,4.2014
results2602/20260209S112749.143029E112749.143029_scanAz_slow.dat,4.1728
results2602/20260209S112750.103545E112750.103545_scanAz_slow.dat,4.1504
results2602/20260209S112751.064670E112751.064670_scanAz_slow.dat,4.1046
results2602/20260209S112752.023111E112752.023111_scanAz_slow.dat,4.1216
results2602/20260209S112752.987574E112752.987574_scanAz_slow.dat,4.2012
results2602/20260209S112753.947825E112753.947825_scanAz_slow.dat,4.3142
results2602/20260209S112754.907734E112754.907734_scanAz_slow.dat,4.3007
results2602/20260209S112755.864932E112755.864932_scanAz_slow.dat,4.2138
results2602/20260209S112756.826019E112756.826019_scanAz_slow.dat,4.2452
results2602/20260209S112757.787751E112757.787751_scanAz_slow.dat,4.3564
results2602/20260209S112758.748211E112758.748211_scanAz_slow.dat,4.3954
results2602/20260209S112759.703767E112759.703767_scanAz_slow.dat,4.3099
results2602/20260209S112800.665899E112800.665899_scanAz_slow.dat,4.1324
results2602/20260209S112801.627241E112801.627241_scanAz_slow.dat,4.1487
results2602/20260209S112802.586695E112802.586695_scanAz_slow.dat,4.1851
results2602/20260209S112803.546699E112803.546699_scanAz_slow.dat,4.1430
results2602/20260209S112804.507632E112804.507632_scanAz_slow.dat,4.3604
results2602/20260209S112805.464166E112805.464166_scanAz_slow.dat,3.9858
results2602/20260209S112806.427222E112806.427222_scanAz_slow.dat,4.1952
results2602/20260209S112807.383752E112807.383752_scanAz_slow.dat,4.1521
results2602/20260209S112808.346455E112808.346455_scanAz_slow.dat,4.1815
results2602/20260209S112809.301841E112809.301841_scanAz_slow.dat,4.2676
results2602/20260209S112810.263315E112810.263315_scanAz_slow.dat,4.1393
results2602/20260209S112811.227813E112811.227813_scanAz_slow.dat,4.3967
results2602/20260209S112812.184482E112812.184482_scanAz_slow.dat,4.2385
results2602/20260209S112813.141911E112813.141911_scanAz_slow.dat,4.1882
results2602/20260209S112814.103734E112814.103734_scanAz_slow.dat,4.2878
results2602/20260209S112815.063839E112815.063839_scanAz_slow.dat,4.2621
results2602/20260209S112816.027782E112816.027782_scanAz_slow.dat,4.1446
results2602/20260209S112816.983263E112816.983263_scanAz_slow.dat,4.1873
results2602/20260209S112817.949475E112817.949475_scanAz_slow.dat,4.2592
results2602/20260209S112818.905756E112818.905756_scanAz_slow.dat,4.0557
results2602/20260209S112819.863696E112819.863696_scanAz_slow.dat,4.4606
results2602/20260209S112820.828332E112820.828332_scanAz_slow.dat,4.2690
results2602/20260209S112821.788673E112821.788673_scanAz_slow.dat,4.1376
results2602/20260209S112822.745925E112822.745925_scanAz_slow.dat,4.2203
results2602/20260209S112823.707283E112823.707283_scanAz_slow.dat,4.2161
results2602/20260209S112824.665814E112824.665814_scanAz_slow.dat,4.1609
results2602/20260209S112825.627965E112825.627965_scanAz_slow.dat,4.2738
results2602/20260209S112826.585582E112826.585582_scanAz_slow.dat,4.2725
results2602/20260209S112827.546618E112827.546618_scanAz_slow.dat,4.2596
results2602/20260209S112828.506929E112828.506929_scanAz_slow.dat,4.2706
results2602/20260209S112829.464264E112829.464264_scanAz_slow.dat,4.2633
results2602/20260209S112830.425730E112830.425730_scanAz_slow.dat,4.2582
results2602/20260209S112831.384269E112831.384269_scanAz_slow.dat,4.3929
results2602/20260209S112832.348305E112832.348305_scanAz_slow.dat,4.3173
results2602/20260209S112833.305094E112833.305094_scanAz_slow.dat,4.3560
results2602/20260209S112834.266150E112834.266150_scanAz_slow.dat,4.3768
results2602/20260209S112835.227782E112835.227782_scanAz_slow.dat,4.3807
results2602/20260209S112836.184166E112836.184166_scanAz_slow.dat,4.3607
results2602/20260209S112837.147456E112837.147456_scanAz_slow.dat,4.0678
results2602/20260209S112838.108184E112838.108184_scanAz_slow.dat,4.1854
results2602/20260209S112839.063546E112839.063546_scanAz_slow.dat,4.1583
results2602/20260209S112840.026502E112840.026502_scanAz_slow.dat,4.1110
results2602/20260209S112840.981888E112840.981888_scanAz_slow.dat,4.0622
results2602/20260209S112841.948645E112841.948645_scanAz_slow.dat,4.2458
results2602/20260209S112842.906047E112842.906047_scanAz_slow.dat,4.1386
results2602/20260209S112843.868530E112843.868530_scanAz_slow.dat,4.0805
results2602/20260209S112844.826074E112844.826074_scanAz_slow.dat,4.1600
results2602/20260209S112845.788345E112845.788345_scanAz_slow.dat,4.1994
results2602/20260209S112846.744509E112846.744509_scanAz_slow.dat,4.1558
results2602/20260209S112847.706493E112847.706493_scanAz_slow.dat,4.0762
results2602/20260209S112848.668561E112848.668561_scanAz_slow.dat,4.1461
results2602/20260209S112849.628341E112849.628341_scanAz_slow.dat,3.8811
results2602/20260209S112850.588531E112850.588531_scanAz_slow.dat,4.1979
results2602/20260209S112851.545162E112851.545162_scanAz_slow.dat,4.4990
results2602/20260209S112852.506046E112852.506046_scanAz_slow.dat,4.3022
results2602/20260209S112853.464319E112853.464319_scanAz_slow.dat,4.2209
results2602/20260209S112854.427162E112854.427162_scanAz_slow.dat,4.3198
results2602/20260209S112855.388401E112855.388401_scanAz_slow.dat,4.0879
results2602/20260209S112856.342910E112856.342910_scanAz_slow.dat,4.0811
results2602/20260209S112857.303197E112857.303197_scanAz_slow.dat,4.3117
results2602/20260209S112858.265793E112858.265793_scanAz_slow.dat,4.0768
results2602/20260209S112859.228102E112859.228102_scanAz_slow.dat,4.3855
results2602/20260209S112900.182739E112900.182739_scanAz_slow.dat,4.0410
results2602/20260209S112901.148167E112901.148167_scanAz_slow.dat,4.2426
results2602/20260209S112902.104455E112902.104455_scanAz_slow.dat,4.1098
results2602/20260209S112903.067217E112903.067217_scanAz_slow.dat,4.1275
results2602/20260209S112904.027347E112904.027347_scanAz_slow.dat,4.2843
results2602/20260209S112904.986466E112904.986466_scanAz_slow.dat,3.9244
results2602/20260209S112905.945903E112905.945903_scanAz_slow.dat,4.1736
results2602/20260209S112906.908780E112906.908780_scanAz_slow.dat,4.0683
results2602/20260209S112907.864608E112907.864608_scanAz_slow.dat,4.4304
results2602/20260209S112908.826144E112908.826144_scanAz_slow.dat,4.1425
results2602/20260209S112909.784424E112909.784424_scanAz_slow.dat,4.2777
results2602/20260209S112910.745598E112910.745598_scanAz_slow.dat,4.3289
results2602/20260209S112911.706287E112911.706287_scanAz_slow.dat,4.0940
results2602/20260209S112912.667943E112912.667943_scanAz_slow.dat,4.2490
results2602/20260209S112913.623343E112913.623343_scanAz_slow.dat,4.1943
results2602/20260209S112914.585786E112914.585786_scanAz_slow.dat,4.2002
results2602/20260209S112915.544734E112915.544734_scanAz_slow.dat,4.0171
results2602/20260209S112916.505397E112916.505397_scanAz_slow.dat,4.2897
results2602/20260209S112917.467352E112917.467352_scanAz_slow.dat,4.3119
results2602/20260209S112918.427841E112918.427841_scanAz_slow.dat,4.1372
results2602/20260209S112919.387829E112919.387829_scanAz_slow.dat,4.0189
results2602/20260209S112920.347063E112920.347063_scanAz_slow.dat,4.2636
results2602/20260209S112921.305734E112921.305734_scanAz_slow.dat,4.0955
results2602/20260209S112922.266171E112922.266171_scanAz_slow.dat,4.1991
results2602/20260209S112923.228551E112923.228551_scanAz_slow.dat,4.2701
results2602/20260209S112924.188266E112924.188266_scanAz_slow.dat,4.0079
results2602/20260209S112925.144393E112925.144393_scanAz_slow.dat,4.0096
results2602/20260209S112926.104744E112926.104744_scanAz_slow.dat,3.8502
results2602/20260209S112927.066387E112927.066387_scanAz_slow.dat,4.0640
results2602/20260209S112928.028565E112928.028565_scanAz_slow.dat,4.2763
results2602/20260209S112928.985639E112928.985639_scanAz_slow.dat,4.0025
results2602/20260209S112929.946886E112929.946886_scanAz_slow.dat,4.4012
results2602/20260209S112930.907775E112930.907775_scanAz_slow.dat,4.1185
results2602/20260209S112931.866265E112931.866265_scanAz_slow.dat,4.1165
results2602/20260209S112932.824985E112932.824985_scanAz_slow.dat,4.3891
results2602/20260209S112933.788690E112933.788690_scanAz_slow.dat,4.2007
results2602/20260209S112934.744734E112934.744734_scanAz_slow.dat,4.2387
results2602/20260209S112935.704856E112935.704856_scanAz_slow.dat,4.0930
results2602/20260209S112936.667724E112936.667724_scanAz_slow.dat,4.1569
results2602/20260209S112937.627471E112937.627471_scanAz_slow.dat,4.2234
results2602/20260209S112938.587399E112938.587399_scanAz_slow.dat,3.8070
results2602/20260209S112939.545760E112939.545760_scanAz_slow.dat,4.0840
results2602/20260209S112940.505202E112940.505202_scanAz_slow.dat,4.2085
results2602/20260209S112941.466763E112941.466763_scanAz_slow.dat,4.4069
results2602/20260209S112942.427337E112942.427337_scanAz_slow.dat,4.2408
results2602/20260209S112943.386555E112943.386555_scanAz_slow.dat,4.0623
results2602/20260209S112944.349326E112944.349326_scanAz_slow.dat,4.2084
results2602/20260209S112945.309103E112945.309103_scanAz_slow.dat,4.0200
results2602/20260209S112946.264850E112946.264850_scanAz_slow.dat,4.1751
results2602/20260209S112947.226447E112947.226447_scanAz_slow.dat,4.2144
results2602/20260209S112948.187832E112948.187832_scanAz_slow.dat,4.0034
results2602/20260209S112949.147735E112949.147735_scanAz_slow.dat,4.2439
results2602/20260209S112950.108871E112950.108871_scanAz_slow.dat,4.2685
results2602/20260209S112951.065938E112951.065938_scanAz_slow.dat,4.0873
results2602/20260209S112952.027949E112952.027949_scanAz_slow.dat,3.9833
results2602/20260209S112952.987463E112952.987463_scanAz_slow.dat,4.0578
results2602/20260209S112953.947737E112953.947737_scanAz_slow.dat,4.2517
results2602/20260209S112954.905165E112954.905165_scanAz_slow.dat,4.3105
results2602/20260209S112955.869244E112955.869244_scanAz_slow.dat,4.0114
results2602/20260209S112956.825940E112956.825940_scanAz_slow.dat,4.0981
results2602/20260209S112957.786867E112957.786867_scanAz_slow.dat,4.1940
results2602/20260209S112958.745763E112958.745763_scanAz_slow.dat,4.0785
results2602/20260209S112959.707405E112959.707405_scanAz_slow.dat,4.0747
results2602/20260209S113000.668237E113000.668237_scanAz_slow.dat,4.2837
results2602/20260209S113001.625510E113001.625510_scanAz_slow.dat,4.2766
results2602/20260209S113002.585106E113002.585106_scanAz_slow.dat,4.2279
results2602/20260209S113003.548228E113003.548228_scanAz_slow.dat,4.0843
results2602/20260209S113004.505762E113004.505762_scanAz_slow.dat,4.1646
results2602/20260209S113005.467306E113005.467306_scanAz_slow.dat,4.0446
results2602/20260209S113006.425389E113006.425389_scanAz_slow.dat,4.2910
results2602/20260209S113007.388079E113007.388079_scanAz_slow.dat,4.0281
results2602/20260209S113008.346614E113008.346614_scanAz_slow.dat,4.2630
results2602/20260209S113009.306652E113009.306652_scanAz_slow.dat,4.0966
results2602/20260209S113010.265497E113010.265497_scanAz_slow.dat,4.4020
results2602/20260209S113011.225180E113011.225180_scanAz_slow.dat,4.0447
results2602/20260209S113012.184551E113012.184551_scanAz_slow.dat,4.2506
results2602/20260209S113013.147478E113013.147478_scanAz_slow.dat,4.1249
results2602/20260209S113014.107564E113014.107564_scanAz_slow.dat,4.1968
results2602/20260209S113015.066763E113015.066763_scanAz_slow.dat,4.1562
results2602/20260209S113016.025774E113016.025774_scanAz_slow.dat,4.2519
results2602/20260209S113016.989158E113016.989158_scanAz_slow.dat,3.9910
results2602/20260209S113017.949248E113017.949248_scanAz_slow.dat,4.1660
results2602/20260209S113018.904816E113018.904816_scanAz_slow.dat,4.1145
results2602/20260209S113019.869375E113019.869375_scanAz_slow.dat,4.2598
results2602/20260209S113020.831064E113020.831064_scanAz_slow.dat,4.2507
results2602/20260209S113021.784864E113021.784864_scanAz_slow.dat,4.1425
results2602/20260209S113022.747828E113022.747828_scanAz_slow.dat,4.2619
results2602/20260209S113023.704272E113023.704272_scanAz_slow.dat,4.1024
results2602/20260209S113024.667746E113024.667746_scanAz_slow.dat,4.2945
results2602/20260209S113025.628831E113025.628831_scanAz_slow.dat,4.2082
results2602/20260209S113026.587671E113026.587671_scanAz_slow.dat,4.1526
results2602/20260209S113027.548396E113027.548396_scanAz_slow.dat,4.0706
results2602/20260209S113028.511525E113028.511525_scanAz_slow.dat,4.2123
results2602/20260209S113029.468197E113029.468197_scanAz_slow.dat,4.1935
results2602/20260209S113030.425658E113030.425658_scanAz_slow.dat,4.3536
results2602/20260209S113031.389513E113031.389513_scanAz_slow.dat,4.1639
results2602/20260209S113032.345766E113032.345766_scanAz_slow.dat,4.1800
results2602/20260209S113033.310628E113033.310628_scanAz_slow.dat,4.3611
results2602/20260209S113034.267476E113034.267476_scanAz_slow.dat,4.0411
results2602/20260209S113035.229309E113035.229309_scanAz_slow.dat,4.1582
results2602/20260209S113036.190006E113036.190006_scanAz_slow.dat,4.2392
results2602/20260209S113037.148145E113037.148145_scanAz_slow.dat,4.1318
results2602/20260209S113038.109513E113038.109513_scanAz_slow.dat,4.0549
results2602/20260209S113039.070126E113039.070126_scanAz_slow.dat,4.2911
results2602/20260209S113040.028049E113040.028049_scanAz_slow.dat,4.3724
results2602/20260209S113040.989085E113040.989085_scanAz_slow.dat,4.1202
results2602/20260209S113041.946031E113041.946031_scanAz_slow.dat,4.1108
results2602/20260209S113042.906628E113042.906628_scanAz_slow.dat,3.8967
results2602/20260209S113043.867678E113043.867678_scanAz_slow.dat,4.3564
results2602/20260209S113044.826109E113044.826109_scanAz_slow.dat,4.4544
results2602/20260209S113045.787130E113045.787130_scanAz_slow.dat,4.2701
results2602/20260209S113046.744173E113046.744173_scanAz_slow.dat,4.1574
results2602/20260209S113047.706836E113047.706836_scanAz_slow.dat,4.1882
results2602/20260209S113048.669140E113048.669140_scanAz_slow.dat,4.1967
results2602/20260209S113049.625728E113049.625728_scanAz_slow.dat,3.9429
results2602/20260209S113050.589879E113050.589879_scanAz_slow.dat,4.2184
results2602/20260209S113051.544470E113051.544470_scanAz_slow.dat,4.4401
results2602/20260209S113052.504579E113052.504579_scanAz_slow.dat,4.1442
results2602/20260209S113053.465808E113053.465808_scanAz_slow.dat,3.9616
results2602/20260209S113054.424215E113054.424215_scanAz_slow.dat,4.0341
results2602/20260209S113055.386166E113055.386166_scanAz_slow.dat,4.2335
results2602/20260209S113056.347784E113056.347784_scanAz_slow.dat,4.0845
results2602/20260209S113057.309573E113057.309573_scanAz_slow.dat,4.1351
results2602/20260209S113058.265747E113058.265747_scanAz_slow.dat,4.1188
results2602/20260209S113059.228978E113059.228978_scanAz_slow.dat,4.1512
results2602/20260209S113100.187720E113100.187720_scanAz_slow.dat,4.0473
results2602/20260209S113101.149799E113101.149799_scanAz_slow.dat,4.0915
results2602/20260209S113102.110039E113102.110039_scanAz_slow.dat,4.0330
results2602/20260209S113103.070185E113103.070185_scanAz_slow.dat,4.1119
results2602/20260209S113104.028374E113104.028374_scanAz_slow.dat,3.9641
results2602/20260209S113104.989306E113104.989306_scanAz_slow.dat,4.0884
results2602/20260209S113105.950728E113105.950728_scanAz_slow.dat,4.1619
results2602/20260209S113106.909939E113106.909939_scanAz_slow.dat,4.2081
results2602/20260209S113107.869062E113107.869062_scanAz_slow.dat,4.2171
results2602/20260209S113108.828588E113108.828588_scanAz_slow.dat,4.2865
results2602/20260209S113109.789642E113109.789642_scanAz_slow.dat,4.0863
results2602/20260209S113110.745775E113110.745775_scanAz_slow.dat,4.1229
results2602/20260209S113111.705934E113111.705934_scanAz_slow.dat,4.0556
results2602/20260209S113112.666153E113112.666153_scanAz_slow.dat,4.2566
results2602/20260209S113113.626186E113113.626186_scanAz_slow.dat,4.2337
results2602/20260209S113114.589447E113114.589447_scanAz_slow.dat,4.0592
results2602/20260209S113115.546191E113115.546191_scanAz_slow.dat,4.3106
results2602/20260209S113116.510978E113116.510978_scanAz_slow.dat,4.3816
results2602/20260209S113117.466866E113117.466866_scanAz_slow.dat,4.2257
results2602/20260209S113118.426012E113118.426012_scanAz_slow.dat,4.1283
results2602/20260209S113119.386864E113119.386864_scanAz_slow.dat,4.2570
results2602/20260209S113120.347890E113120.347890_scanAz_slow.dat,4.1795
results2602/20260209S113121.309271E113121.309271_scanAz_slow.dat,3.9103
results2602/20260209S113122.267647E113122.267647_scanAz_slow.dat,4.0485
results2602/20260209S113123.226969E113123.226969_scanAz_slow.dat,4.2036
results2602/20260209S113124.190551E113124.190551_scanAz_slow.dat,4.1509
results2602/20260209S113125.150387E113125.150387_scanAz_slow.dat,4.1595
results2602/20260209S113126.111002E113126.111002_scanAz_slow.dat,4.2980
results2602/20260209S113127.070900E113127.070900_scanAz_slow.dat,4.1120
results2602/20260209S113128.031187E113128.031187_scanAz_slow.dat,4.1458
results2602/20260209S113128.986897E113128.986897_scanAz_slow.dat,4.0488
results2602/20260209S113129.946171E113129.946171_scanAz_slow.dat,4.1336
results2602/20260209S113130.909081E113130.909081_scanAz_slow.dat,4.2902
results2602/20260209S113131.870030E113131.870030_scanAz_slow.dat,4.2599
results2602/20260209S113132.825881E113132.825881_scanAz_slow.dat,4.2470
results2602/20260209S113133.787805E113133.787805_scanAz_slow.dat,3.9830
results2602/20260209S113134.745214E113134.745214_scanAz_slow.dat,4.0522
results2602/20260209S113135.707385E113135.707385_scanAz_slow.dat,4.1873
results2602/20260209S113136.664730E113136.664730_scanAz_slow.dat,4.2116
results2602/20260209S113137.626411E113137.626411_scanAz_slow.dat,4.1918
results2602/20260209S113138.588953E113138.588953_scanAz_slow.dat,4.1604
results2602/20260209S113139.549881E113139.549881_scanAz_slow.dat,4.2379
results2602/20260209S113140.509944E113140.509944_scanAz_slow.dat,4.1683
results2602/20260209S113141.466416E113141.466416_scanAz_slow.dat,4.1650
results2602/20260209S113142.428366E113142.428366_scanAz_slow.dat,4.1334
results2602/20260209S113143.391068E113143.391068_scanAz_slow.dat,4.2741
results2602/20260209S113144.348558E113144.348558_scanAz_slow.dat,4.1914
results2602/20260209S113145.310220E113145.310220_scanAz_slow.dat,4.1150
results2602/20260209S113146.270684E113146.270684_scanAz_slow.dat,4.1897
results2602/20260209S113147.226433E113147.226433_scanAz_slow.dat,4.0142
results2602/20260209S113148.189235E113148.189235_scanAz_slow.dat,4.1348
results2602/20260209S113149.148223E113149.148223_scanAz_slow.dat,4.2362
results2602/20260209S113150.106370E113150.106370_scanAz_slow.dat,4.1409
results2602/20260209S113151.068172E113151.068172_scanAz_slow.dat,4.1489
results2602/20260209S113152.029719E113152.029719_scanAz_slow.dat,4.1636
results2602/20260209S113152.987220E113152.987220_scanAz_slow.dat,4.4046
results2602/20260209S113153.945996E113153.945996_scanAz_slow.dat,4.2104
results2602/20260209S113154.907524E113154.907524_scanAz_slow.dat,4.1303
results2602/20260209S113155.869460E113155.869460_scanAz_slow.dat,4.1482
results2602/20260209S113156.827100E113156.827100_scanAz_slow.dat,4.2553
results2602/20260209S113157.789372E113157.789372_scanAz_slow.dat,4.2563
results2602/20260209S113158.749024E113158.749024_scanAz_slow.dat,4.2947
results2602/20260209S113159.710770E113159.710770_scanAz_slow.dat,4.1829
results2602/20260209S113200.669938E113200.669938_scanAz_slow.dat,4.2964
results2602/20260209S113201.626609E113201.626609_scanAz_slow.dat,4.1584
results2602/20260209S113202.591741E113202.591741_scanAz_slow.dat,4.0159
results2602/20260209S113203.548322E113203.548322_scanAz_slow.dat,4.1459
results2602/20260209S113204.509924E113204.509924_scanAz_slow.dat,4.1482
results2602/20260209S113205.470843E113205.470843_scanAz_slow.dat,4.3069
results2602/20260209S113206.427188E113206.427188_scanAz_slow.dat,4.1892
results2602/20260209S113207.388114E113207.388114_scanAz_slow.dat,4.3494
results2602/20260209S113208.350944E113208.350944_scanAz_slow.dat,4.1950
results2602/20260209S113209.308401E113209.308401_scanAz_slow.dat,3.9754
results2602/20260209S113210.271079E113210.271079_scanAz_slow.dat,4.2774
results2602/20260209S113211.229613E113211.229613_scanAz_slow.dat,4.2207
results2602/20260209S113212.191475E113212.191475_scanAz_slow.dat,4.1683
results2602/20260209S113213.147212E113213.147212_scanAz_slow.dat,4.1010
results2602/20260209S113214.111202E113214.111202_scanAz_slow.dat,4.0758
results2602/20260209S113215.069893E113215.069893_scanAz_slow.dat,4.1802
results2602/20260209S113216.030882E113216.030882_scanAz_slow.dat,3.9957
results2602/20260209S113216.987323E113216.987323_scanAz_slow.dat,4.0765
results2602/20260209S113217.950347E113217.950347_scanAz_slow.dat,3.9696
results2602/20260209S113218.911081E113218.911081_scanAz_slow.dat,4.0546
results2602/20260209S113219.871785E113219.871785_scanAz_slow.dat,4.0149
results2602/20260209S113220.829926E113220.829926_scanAz_slow.dat,4.2562
results2602/20260209S113221.790185E113221.790185_scanAz_slow.dat,4.1287
results2602/20260209S113222.750697E113222.750697_scanAz_slow.dat,3.9868
results2602/20260209S113223.705644E113223.705644_scanAz_slow.dat,4.0771
results2602/20260209S113224.670435E113224.670435_scanAz_slow.dat,4.3100
results2602/20260209S113225.626802E113225.626802_scanAz_slow.dat,4.1888
results2602/20260209S113226.586855E113226.586855_scanAz_slow.dat,4.0814
results2602/20260209S113227.549591E113227.549591_scanAz_slow.dat,4.0722
results2602/20260209S113228.510306E113228.510306_scanAz_slow.dat,4.1165
results2602/20260209S113229.465302E113229.465302_scanAz_slow.dat,4.1922
results2602/20260209S113230.427276E113230.427276_scanAz_slow.dat,4.1476
results2602/20260209S113231.388144E113231.388144_scanAz_slow.dat,4.0177
results2602/20260209S113232.349788E113232.349788_scanAz_slow.dat,4.3746
results2602/20260209S113233.309454E113233.309454_scanAz_slow.dat,4.1777
results2602/20260209S113234.271624E113234.271624_scanAz_slow.dat,4.0930
results2602/20260209S113235.232242E113235.232242_scanAz_slow.dat,4.1685
results2602/20260209S113236.187033E113236.187033_scanAz_slow.dat,4.2389
results2602/20260209S113237.150009E113237.150009_scanAz_slow.dat,4.1089
results2602/20260209S113238.107253E113238.107253_scanAz_slow.dat,3.9572
results2602/20260209S113239.071661E113239.071661_scanAz_slow.dat,3.9921
results2602/20260209S113240.027915E113240.027915_scanAz_slow.dat,4.1934
results2602/20260209S113240.991973E113240.991973_scanAz_slow.dat,4.1463
results2602/20260209S113241.948094E113241.948094_scanAz_slow.dat,4.0678
results2602/20260209S113242.911628E113242.911628_scanAz_slow.dat,3.9662
results2602/20260209S113243.868948E113243.868948_scanAz_slow.dat,4.3620
results2602/20260209S113244.827914E113244.827914_scanAz_slow.dat,4.0586
results2602/20260209S113245.791507E113245.791507_scanAz_slow.dat,4.3015
results2602/20260209S113246.751886E113246.751886_scanAz_slow.dat,4.0671
results2602/20260209S113247.707790E113247.707790_scanAz_slow.dat,4.1392
results2602/20260209S113248.670232E113248.670232_scanAz_slow.dat,4.1160
results2602/20260209S113249.631989E113249.631989_scanAz_slow.dat,4.1474
results2602/20260209S113250.589503E113250.589503_scanAz_slow.dat,3.9351
results2602/20260209S113251.547106E113251.547106_scanAz_slow.dat,4.0382
results2602/20260209S113252.508895E113252.508895_scanAz_slow.dat,4.2459
results2602/20260209S113253.470292E113253.470292_scanAz_slow.dat,4.1464
results2602/20260209S113254.431972E113254.431972_scanAz_slow.dat,4.2337
results2602/20260209S113255.389258E113255.389258_scanAz_slow.dat,4.2207
results2602/20260209S113256.349609E113256.349609_scanAz_slow.dat,4.2597
results2602/20260209S113257.310468E113257.310468_scanAz_slow.dat,4.2456
results2602/20260209S113258.270633E113258.270633_scanAz_slow.dat,3.9240
results2602/20260209S113259.231267E113259.231267_scanAz_slow.dat,4.0567
results2602/20260209S113300.190559E113300.190559_scanAz_slow.dat,3.9819
results2602/20260209S113301.150466E113301.150466_scanAz_slow.dat,3.9086
results2602/20260209S113302.111524E113302.111524_scanAz_slow.dat,4.2215
results2602/20260209S113303.072886E113303.072886_scanAz_slow.dat,4.0274
results2602/20260209S113304.029093E113304.029093_scanAz_slow.dat,3.9774
results2602/20260209S113304.988918E113304.988918_scanAz_slow.dat,4.1976
results2602/20260209S113305.948366E113305.948366_scanAz_slow.dat,4.2363
results2602/20260209S113306.912098E113306.912098_scanAz_slow.dat,4.0726
results2602/20260209S113307.870328E113307.870328_scanAz_slow.dat,4.3737
results2602/20260209S113308.830354E113308.830354_scanAz_slow.dat,4.0848
results2602/20260209S113309.791108E113309.791108_scanAz_slow.dat,4.1119
results2602/20260209S113310.748210E113310.748210_scanAz_slow.dat,4.0419
results2602/20260209S113311.711226E113311.711226_scanAz_slow.dat,3.9841
results2602/20260209S113312.669494E113312.669494_scanAz_slow.dat,4.1690
results2602/20260209S113313.632150E113313.632150_scanAz_slow.dat,4.1009
results2602/20260209S113314.589749E113314.589749_scanAz_slow.dat,4.2288
results2602/20260209S113315.551799E113315.551799_scanAz_slow.dat,4.0247
results2602/20260209S113316.508734E113316.508734_scanAz_slow.dat,4.2519
results2602/20260209S113317.466544E113317.466544_scanAz_slow.dat,3.9813
results2602/20260209S113318.428440E113318.428440_scanAz_slow.dat,3.9726
results2602/20260209S113319.390905E113319.390905_scanAz_slow.dat,4.0871
results2602/20260209S113320.352538E113320.352538_scanAz_slow.dat,4.2141
results2602/20260209S113321.308146E113321.308146_scanAz_slow.dat,4.0413
results2602/20260209S113322.269809E113322.269809_scanAz_slow.dat,4.4021
results2602/20260209S113323.229186E113323.229186_scanAz_slow.dat,4.3006
results2602/20260209S113324.192157E113324.192157_scanAz_slow.dat,4.1604
results2602/20260209S113325.149832E113325.149832_scanAz_slow.dat,4.4232
results2602/20260209S113326.110190E113326.110190_scanAz_slow.dat,4.3017
results2602/20260209S113327.066320E113327.066320_scanAz_slow.dat,4.0881
results2602/20260209S113328.028499E113328.028499_scanAz_slow.dat,4.2256
results2602/20260209S113328.992187E113328.992187_scanAz_slow.dat,4.1438
results2602/20260209S113329.950045E113329.950045_scanAz_slow.dat,4.1053
results2602/20260209S113330.908312E113330.908312_scanAz_slow.dat,4.3209
results2602/20260209S113331.869275E113331.869275_scanAz_slow.dat,4.2270
results2602/20260209S113332.829589E113332.829589_scanAz_slow.dat,4.1560
results2602/20260209S113333.788893E113333.788893_scanAz_slow.dat,4.0676
results2602/20260209S113334.750726E113334.750726_scanAz_slow.dat,4.0863
results2602/20260209S113335.708401E113335.708401_scanAz_slow.dat,4.0384
results2602/20260209S113336.670706E113336.670706_scanAz_slow.dat,3.7660
results2602/20260209S113337.630996E113337.630996_scanAz_slow.dat,3.9554
results2602/20260209S113338.588531E113338.588531_scanAz_slow.dat,4.2495
results2602/20260209S113339.550080E113339.550080_scanAz_slow.dat,4.3783
results2602/20260209S113340.507507E113340.507507_scanAz_slow.dat,4.2084
results2602/20260209S113341.468445E113341.468445_scanAz_slow.dat,4.2325
results2602/20260209S113342.431355E113342.431355_scanAz_slow.dat,4.0297
results2602/20260209S113343.392397E113343.392397_scanAz_slow.dat,4.2115
results2602/20260209S113344.349742E113344.349742_scanAz_slow.dat,4.1846
results2602/20260209S113345.308600E113345.308600_scanAz_slow.dat,4.1156
results2602/20260209S113346.269643E113346.269643_scanAz_slow.dat,4.3141
results2602/20260209S113347.230255E113347.230255_scanAz_slow.dat,4.1199
results2602/20260209S113348.189338E113348.189338_scanAz_slow.dat,3.9997
results2602/20260209S113349.150385E113349.150385_scanAz_slow.dat,4.2181
results2602/20260209S113350.108533E113350.108533_scanAz_slow.dat,4.2958
results2602/20260209S113351.070230E113351.070230_scanAz_slow.dat,4.3314
results2602/20260209S113352.031120E113352.031120_scanAz_slow.dat,4.1276
results2602/20260209S113352.989438E113352.989438_scanAz_slow.dat,4.0886
results2602/20260209S113353.954007E113353.954007_scanAz_slow.dat,4.1647
results2602/20260209S113354.908658E113354.908658_scanAz_slow.dat,4.3424
results2602/20260209S113355.870889E113355.870889_scanAz_slow.dat,4.2646
results2602/20260209S113356.827930E113356.827930_scanAz_slow.dat,4.1538
results2602/20260209S113357.787445E113357.787445_scanAz_slow.dat,4.3375
results2602/20260209S113358.748560E113358.748560_scanAz_slow.dat,4.1048
results2602/20260209S113359.710798E113359.710798_scanAz_slow.dat,4.2196
results2602/20260209S113400.668944E113400.668944_scanAz_slow.dat,4.1217
results2602/20260209S113401.631354E113401.631354_scanAz_slow.dat,4.2606
results2602/20260209S113402.591171E113402.591171_scanAz_slow.dat,4.1209
results2602/20260209S113403.550696E113403.550696_scanAz_slow.dat,4.0937
results2602/20260209S113404.510530E113404.510530_scanAz_slow.dat,4.1719
results2602/20260209S113405.468690E113405.468690_scanAz_slow.dat,4.0952
results2602/20260209S113406.429999E113406.429999_scanAz_slow.dat,4.0207
results2602/20260209S113407.391088E113407.391088_scanAz_slow.dat,4.2350
results2602/20260209S113408.350078E113408.350078_scanAz_slow.dat,4.2823
results2602/20260209S113409.311232E113409.311232_scanAz_slow.dat,4.4194
results2602/20260209S113410.272254E113410.272254_scanAz_slow.dat,4.2200
results2602/20260209S113411.228469E113411.228469_scanAz_slow.dat,4.2622
results2602/20260209S113412.190801E113412.190801_scanAz_slow.dat,4.0932
results2602/20260209S113413.149436E113413.149436_scanAz_slow.dat,4.1489
results2602/20260209S113414.113523E113414.113523_scanAz_slow.dat,4.0705
results2602/20260209S113415.070673E113415.070673_scanAz_slow.dat,4.0517
results2602/20260209S113416.033086E113416.033086_scanAz_slow.dat,4.1516
results2602/20260209S113416.989461E113416.989461_scanAz_slow.dat,4.0666
results2602/20260209S113417.950199E113417.950199_scanAz_slow.dat,4.2475
results2602/20260209S113418.911810E113418.911810_scanAz_slow.dat,4.2148
results2602/20260209S113419.868669E113419.868669_scanAz_slow.dat,4.0926
results2602/20260209S113420.830424E113420.830424_scanAz_slow.dat,4.0084
results2602/20260209S113421.789852E113421.789852_scanAz_slow.dat,4.2560
results2602/20260209S113422.750151E113422.750151_scanAz_slow.dat,4.3129
results2602/20260209S113423.713058E113423.713058_scanAz_slow.dat,4.1557
results2602/20260209S113424.667677E113424.667677_scanAz_slow.dat,4.1972
results2602/20260209S113425.629236E113425.629236_scanAz_slow.dat,4.2636
results2602/20260209S113426.591246E113426.591246_scanAz_slow.dat,4.2972
results2602/20260209S113427.549526E113427.549526_scanAz_slow.dat,3.9923
results2602/20260209S113428.513199E113428.513199_scanAz_slow.dat,4.1119
results2602/20260209S113429.469058E113429.469058_scanAz_slow.dat,4.1228
results2602/20260209S113430.430855E113430.430855_scanAz_slow.dat,4.2480
results2602/20260209S113431.391618E113431.391618_scanAz_slow.dat,4.0029
results2602/20260209S113432.350113E113432.350113_scanAz_slow.dat,3.8884
results2602/20260209S113433.310129E113433.310129_scanAz_slow.dat,3.9119
results2602/20260209S113434.271655E113434.271655_scanAz_slow.dat,4.2235
results2602/20260209S113435.234050E113435.234050_scanAz_slow.dat,4.2225
results2602/20260209S113436.188127E113436.188127_scanAz_slow.dat,4.2461
results2602/20260209S113437.149735E113437.149735_scanAz_slow.dat,4.3185
results2602/20260209S113438.111449E113438.111449_scanAz_slow.dat,4.1884
results2602/20260209S113439.072133E113439.072133_scanAz_slow.dat,4.1680
results2602/20260209S113440.029022E113440.029022_scanAz_slow.dat,4.0872
results2602/20260209S113440.989255E113440.989255_scanAz_slow.dat,4.1222
results2602/20260209S113441.950997E113441.950997_scanAz_slow.dat,4.0088
results2602/20260209S113442.909257E113442.909257_scanAz_slow.dat,4.3668
results2602/20260209S113443.867585E113443.867585_scanAz_slow.dat,3.9934
results2602/20260209S113444.829088E113444.829088_scanAz_slow.dat,4.2841
results2602/20260209S113445.790723E113445.790723_scanAz_slow.dat,4.2678
results2602/20260209S113446.747630E113446.747630_scanAz_slow.dat,4.1886
results2602/20260209S113447.708715E113447.708715_scanAz_slow.dat,4.3055
results2602/20260209S113448.672628E113448.672628_scanAz_slow.dat,4.4302
results2602/20260209S113449.627945E113449.627945_scanAz_slow.dat,4.1925
results2602/20260209S113450.590491E113450.590491_scanAz_slow.dat,4.0823
results2602/20260209S113451.553101E113451.553101_scanAz_slow.dat,3.9973
results2602/20260209S113452.509229E113452.509229_scanAz_slow.dat,4.0692
results2602/20260209S113453.471150E113453.471150_scanAz_slow.dat,4.1567
results2602/20260209S113454.433113E113454.433113_scanAz_slow.dat,4.1864
results2602/20260209S113455.392644E113455.392644_scanAz_slow.dat,4.2649
results2602/20260209S113456.348766E113456.348766_scanAz_slow.dat,3.9205
results2602/20260209S113457.308923E113457.308923_scanAz_slow.dat,4.2032
results2602/20260209S113458.270646E113458.270646_scanAz_slow.dat,4.1842
results2602/20260209S113459.231194E113459.231194_scanAz_slow.dat,3.9662
results2602/20260209S113500.189472E113500.189472_scanAz_slow.dat,4.2339
results2602/20260209S113501.149384E113501.149384_scanAz_slow.dat,4.2346
results2602/20260209S113502.112004E113502.112004_scanAz_slow.dat,4.0227
results2602/20260209S113503.073322E113503.073322_scanAz_slow.dat,4.1198
results2602/20260209S113504.029667E113504.029667_scanAz_slow.dat,4.0086
results2602/20260209S113504.991643E113504.991643_scanAz_slow.dat,4.2188
results2602/20260209S113505.950095E113505.950095_scanAz_slow.dat,4.2220
results2602/20260209S113506.911398E113506.911398_scanAz_slow.dat,4.2389
results2602/20260209S113507.867659E113507.867659_scanAz_slow.dat,3.9676
results2602/20260209S113508.834921E113508.834921_scanAz_slow.dat,3.8834
results2602/20260209S113509.793846E113509.793846_scanAz_slow.dat,4.1221
results2602/20260209S113510.749490E113510.749490_scanAz_slow.dat,4.2433
results2602/20260209S113511.710861E113511.710861_scanAz_slow.dat,4.1814
results2602/20260209S113512.670835E113512.670835_scanAz_slow.dat,4.2213
results2602/20260209S113513.632446E113513.632446_scanAz_slow.dat,4.2332
results2602/20260209S113514.587523E113514.587523_scanAz_slow.dat,4.0997
results2602/20260209S113515.547580E113515.547580_scanAz_slow.dat,3.9986
results2602/20260209S113516.509405E113516.509405_scanAz_slow.dat,4.1180
results2602/20260209S113517.471865E113517.471865_scanAz_slow.dat,4.0942
results2602/20260209S113518.432048E113518.432048_scanAz_slow.dat,4.2202
results2602/20260209S113519.391785E113519.391785_scanAz_slow.dat,4.2892
results2602/20260209S113520.352574E113520.352574_scanAz_slow.dat,4.3075
results2602/20260209S113521.313592E113521.313592_scanAz_slow.dat,4.3757
results2602/20260209S113522.273980E113522.273980_scanAz_slow.dat,4.1658
results2602/20260209S113523.230080E113523.230080_scanAz_slow.dat,4.4267
results2602/20260209S113524.189749E113524.189749_scanAz_slow.dat,4.2374
results2602/20260209S113525.150758E113525.150758_scanAz_slow.dat,4.4310
results2602/20260209S113526.112374E113526.112374_scanAz_slow.dat,4.0703
results2602/20260209S113527.069921E113527.069921_scanAz_slow.dat,4.0920
results2602/20260209S113528.030805E113528.030805_scanAz_slow.dat,4.1432
results2602/20260209S113528.990936E113528.990936_scanAz_slow.dat,4.3347
results2602/20260209S113529.947585E113529.947585_scanAz_slow.dat,4.1980
results2602/20260209S113530.909088E113530.909088_scanAz_slow.dat,4.0874
results2602/20260209S113531.871770E113531.871770_scanAz_slow.dat,4.1724
results2602/20260209S113532.832407E113532.832407_scanAz_slow.dat,4.2422
results2602/20260209S113533.792657E113533.792657_scanAz_slow.dat,4.3270
results2602/20260209S113534.749528E113534.749528_scanAz_slow.dat,4.2113
results2602/20260209S113535.711007E113535.711007_scanAz_slow.dat,3.9666
results2602/20260209S113536.673042E113536.673042_scanAz_slow.dat,4.0568
results2602/20260209S113537.631067E113537.631067_scanAz_slow.dat,4.2809
results2602/20260209S113538.590283E113538.590283_scanAz_slow.dat,3.9487
results2602/20260209S113539.552217E113539.552217_scanAz_slow.dat,4.1113
results2602/20260209S113540.513224E113540.513224_scanAz_slow.dat,4.1716
results2602/20260209S113541.473490E113541.473490_scanAz_slow.dat,4.2024
results2602/20260209S113542.429575E113542.429575_scanAz_slow.dat,4.1959
results2602/20260209S113543.392083E113543.392083_scanAz_slow.dat,4.2557
results2602/20260209S113544.351623E113544.351623_scanAz_slow.dat,4.1443
results2602/20260209S113545.311157E113545.311157_scanAz_slow.dat,4.1482
results2602/20260209S113546.271201E113546.271201_scanAz_slow.dat,4.2842
results2602/20260209S113547.230228E113547.230228_scanAz_slow.dat,4.2644
results2602/20260209S113548.192439E113548.192439_scanAz_slow.dat,4.1017
results2602/20260209S113549.153000E113549.153000_scanAz_slow.dat,4.1277
results2602/20260209S113550.113114E113550.113114_scanAz_slow.dat,4.1312
results2602/20260209S113551.073627E113551.073627_scanAz_slow.dat,4.1779
results2602/20260209S113552.028711E113552.028711_scanAz_slow.dat,3.9381
results2602/20260209S113552.991522E113552.991522_scanAz_slow.dat,4.1436
results2602/20260209S113553.952491E113553.952491_scanAz_slow.dat,4.2722
results2602/20260209S113554.913755E113554.913755_scanAz_slow.dat,4.1570
results2602/20260209S113555.868739E113555.868739_scanAz_slow.dat,4.1170
results2602/20260209S113556.832160E113556.832160_scanAz_slow.dat,4.1155
results2602/20260209S113557.790620E113557.790620_scanAz_slow.dat,4.2771
results2602/20260209S113558.748309E113558.748309_scanAz_slow.dat,4.1486
results2602/20260209S113559.712187E113559.712187_scanAz_slow.dat,4.0174
results2602/20260209S113600.668381E113600.668381_scanAz_slow.dat,4.2156
results2602/20260209S113601.631234E113601.631234_scanAz_slow.dat,4.1360
results2602/20260209S113602.593241E113602.593241_scanAz_slow.dat,4.2212
results2602/20260209S113603.548707E113603.548707_scanAz_slow.dat,4.1299
results2602/20260209S113604.513601E113604.513601_scanAz_slow.dat,4.0788
results2602/20260209S113605.474511E113605.474511_scanAz_slow.dat,4.0865
results2602/20260209S113606.430892E113606.430892_scanAz_slow.dat,4.1800
results2602/20260209S113607.390114E113607.390114_scanAz_slow.dat,4.0217
results2602/20260209S113608.353344E113608.353344_scanAz_slow.dat,4.2019
results2602/20260209S113609.310138E113609.310138_scanAz_slow.dat,4.1979
results2602/20260209S113610.273184E113610.273184_scanAz_slow.dat,4.0531
results2602/20260209S113611.234321E113611.234321_scanAz_slow.dat,4.3941
results2602/20260209S113612.193162E113612.193162_scanAz_slow.dat,4.2207
results2602/20260209S113613.155279E113613.155279_scanAz_slow.dat,4.1830
results2602/20260209S113614.112741E113614.112741_scanAz_slow.dat,4.2397
results2602/20260209S113615.070410E113615.070410_scanAz_slow.dat,4.2558
results2602/20260209S113616.033225E113616.033225_scanAz_slow.dat,4.2433
results2602/20260209S113616.990128E113616.990128_scanAz_slow.dat,4.1239
results2602/20260209S113617.954363E113617.954363_scanAz_slow.dat,4.1698
results2602/20260209S113618.910002E113618.910002_scanAz_slow.dat,3.7833
results2602/20260209S113619.873738E113619.873738_scanAz_slow.dat,4.0664
results2602/20260209S113620.828077E113620.828077_scanAz_slow.dat,4.1946
results2602/20260209S113621.789621E113621.789621_scanAz_slow.dat,3.9571
results2602/20260209S113622.751246E113622.751246_scanAz_slow.dat,4.2858
results2602/20260209S113623.711512E113623.711512_scanAz_slow.dat,4.2861
results2602/20260209S113624.672813E113624.672813_scanAz_slow.dat,4.3646
results2602/20260209S113625.629611E113625.629611_scanAz_slow.dat,3.9419
results2602/20260209S113626.593379E113626.593379_scanAz_slow.dat,4.1198
results2602/20260209S113627.554128E113627.554128_scanAz_slow.dat,4.0924
results2602/20260209S113628.515147E113628.515147_scanAz_slow.dat,4.1026
results2602/20260209S113629.472323E113629.472323_scanAz_slow.dat,4.0030
results2602/20260209S113630.434764E113630.434764_scanAz_slow.dat,3.9623
results2602/20260209S113631.389917E113631.389917_scanAz_slow.dat,4.1380
results2602/20260209S113632.351287E113632.351287_scanAz_slow.dat,4.1400
results2602/20260209S113633.313516E113633.313516_scanAz_slow.dat,4.1339
results2602/20260209S113634.270860E113634.270860_scanAz_slow.dat,4.1917
results2602/20260209S113635.233028E113635.233028_scanAz_slow.dat,4.2525
results2602/20260209S113636.189260E113636.189260_scanAz_slow.dat,4.1477
results2602/20260209S113637.151493E113637.151493_scanAz_slow.dat,4.1910
results2602/20260209S113638.113027E113638.113027_scanAz_slow.dat,4.1423
results2602/20260209S113639.069002E113639.069002_scanAz_slow.dat,4.1921
results2602/20260209S113640.030139E113640.030139_scanAz_slow.dat,4.1679
results2602/20260209S113640.993228E113640.993228_scanAz_slow.dat,4.0941
results2602/20260209S113641.953047E113641.953047_scanAz_slow.dat,4.2708
results2602/20260209S113642.914927E113642.914927_scanAz_slow.dat,4.1691
results2602/20260209S113643.872719E113643.872719_scanAz_slow.dat,4.2473
results2602/20260209S113644.830902E113644.830902_scanAz_slow.dat,4.2759
results2602/20260209S113645.794708E113645.794708_scanAz_slow.dat,4.1754
results2602/20260209S113646.750416E113646.750416_scanAz_slow.dat,4.1359
results2602/20260209S113647.713378E113647.713378_scanAz_slow.dat,4.0827
results2602/20260209S113648.675131E113648.675131_scanAz_slow.dat,4.0229
results2602/20260209S113649.631228E113649.631228_scanAz_slow.dat,4.3829
results2602/20260209S113650.591124E113650.591124_scanAz_slow.dat,4.1245
results2602/20260209S113651.552423E113651.552423_scanAz_slow.dat,3.9486
results2602/20260209S113652.514098E113652.514098_scanAz_slow.dat,4.1060
results2602/20260209S113653.471185E113653.471185_scanAz_slow.dat,4.1461
results2602/20260209S113654.433193E113654.433193_scanAz_slow.dat,4.0482
results2602/20260209S113655.394502E113655.394502_scanAz_slow.dat,4.2274
results2602/20260209S113656.350036E113656.350036_scanAz_slow.dat,4.3286
results2602/20260209S113657.315632E113657.315632_scanAz_slow.dat,4.2622
results2602/20260209S113658.273055E113658.273055_scanAz_slow.dat,4.0016
results2602/20260209S113659.233791E113659.233791_scanAz_slow.dat,4.2716
results2602/20260209S113700.193631E113700.193631_scanAz_slow.dat,4.1248
results2602/20260209S113701.153490E113701.153490_scanAz_slow.dat,4.2052
results2602/20260209S113702.115724E113702.115724_scanAz_slow.dat,4.1983
results2602/20260209S113703.072198E113703.072198_scanAz_slow.dat,4.1204
results2602/20260209S113704.033815E113704.033815_scanAz_slow.dat,4.0600
results2602/20260209S113704.990674E113704.990674_scanAz_slow.dat,3.9824
results2602/20260209S113705.951522E113705.951522_scanAz_slow.dat,4.0578
results2602/20260209S113706.913556E113706.913556_scanAz_slow.dat,4.0353
results2602/20260209S113707.874367E113707.874367_scanAz_slow.dat,4.2910
results2602/20260209S113708.835412E113708.835412_scanAz_slow.dat,4.1642
results2602/20260209S113709.791055E113709.791055_scanAz_slow.dat,3.9170
results2602/20260209S113710.753560E113710.753560_scanAz_slow.dat,4.2876
results2602/20260209S113711.716571E113711.716571_scanAz_slow.dat,4.1529
results2602/20260209S113712.674892E113712.674892_scanAz_slow.dat,4.1257
results2602/20260209S113713.630402E113713.630402_scanAz_slow.dat,4.0062
results2602/20260209S113714.594977E113714.594977_scanAz_slow.dat,4.3083
results2602/20260209S113715.550466E113715.550466_scanAz_slow.dat,4.2983
results2602/20260209S113716.512155E113716.512155_scanAz_slow.dat,4.3117
results2602/20260209S113717.470945E113717.470945_scanAz_slow.dat,4.1907
results2602/20260209S113718.436162E113718.436162_scanAz_slow.dat,4.2110
results2602/20260209S113719.391274E113719.391274_scanAz_slow.dat,4.1507
results2602/20260209S113720.351742E113720.351742_scanAz_slow.dat,4.0764
results2602/20260209S113721.310994E113721.310994_scanAz_slow.dat,4.2027
results2602/20260209S113722.272467E113722.272467_scanAz_slow.dat,4.2657
results2602/20260209S113723.235273E113723.235273_scanAz_slow.dat,4.0751
results2602/20260209S113724.191293E113724.191293_scanAz_slow.dat,4.1297
results2602/20260209S113725.153557E113725.153557_scanAz_slow.dat,3.9366
results2602/20260209S113726.115284E113726.115284_scanAz_slow.dat,4.1724
results2602/20260209S113727.075401E113727.075401_scanAz_slow.dat,4.2147
results2602/20260209S113728.031231E113728.031231_scanAz_slow.dat,4.3825
results2602/20260209S113728.995455E113728.995455_scanAz_slow.dat,4.4015
results2602/20260209S113729.951149E113729.951149_scanAz_slow.dat,4.1984
results2602/20260209S113730.912133E113730.912133_scanAz_slow.dat,4.2277
results2602/20260209S113731.873722E113731.873722_scanAz_slow.dat,4.2708
results2602/20260209S113732.831576E113732.831576_scanAz_slow.dat,4.0546
results2602/20260209S113733.795304E113733.795304_scanAz_slow.dat,4.1990
results2602/20260209S113734.751488E113734.751488_scanAz_slow.dat,4.1801
results2602/20260209S113735.715565E113735.715565_scanAz_slow.dat,4.1208
results2602/20260209S113736.673670E113736.673670_scanAz_slow.dat,4.3839
results2602/20260209S113737.632025E113737.632025_scanAz_slow.dat,4.3537
results2602/20260209S113738.595681E113738.595681_scanAz_slow.dat,4.4677
results2602/20260209S113739.550414E113739.550414_scanAz_slow.dat,4.0792
results2602/20260209S113740.513418E113740.513418_scanAz_slow.dat,4.2818
results2602/20260209S113741.475294E113741.475294_scanAz_slow.dat,4.3016
results2602/20260209S113742.435204E113742.435204_scanAz_slow.dat,4.2160
results2602/20260209S113743.391847E113743.391847_scanAz_slow.dat,4.3105
results2602/20260209S113744.349478E113744.349478_scanAz_slow.dat,4.1911
results2602/20260209S113745.311884E113745.311884_scanAz_slow.dat,4.0417
results2602/20260209S113746.275703E113746.275703_scanAz_slow.dat,4.2869
results2602/20260209S113747.233515E113747.233515_scanAz_slow.dat,4.0109
results2602/20260209S113748.191018E113748.191018_scanAz_slow.dat,4.3527
results2602/20260209S113749.151013E113749.151013_scanAz_slow.dat,4.0460
results2602/20260209S113750.111248E113750.111248_scanAz_slow.dat,4.1393
results2602/20260209S113751.073847E113751.073847_scanAz_slow.dat,4.1143
results2602/20260209S113752.032165E113752.032165_scanAz_slow.dat,4.2131
results2602/20260209S113752.995740E113752.995740_scanAz_slow.dat,4.3230
results2602/20260209S113753.951158E113753.951158_scanAz_slow.dat,4.1989
results2602/20260209S113754.914830E113754.914830_scanAz_slow.dat,4.1234
results2602/20260209S113755.875703E113755.875703_scanAz_slow.dat,3.8810
results2602/20260209S113756.831838E113756.831838_scanAz_slow.dat,4.3405
results2602/20260209S113757.793305E113757.793305_scanAz_slow.dat,4.3256
results2602/20260209S113758.751515E113758.751515_scanAz_slow.dat,4.3638
results2602/20260209S113759.714742E113759.714742_scanAz_slow.dat,3.9444
results2602/20260209S113800.672127E113800.672127_scanAz_slow.dat,4.1154
results2602/20260209S113801.632222E113801.632222_scanAz_slow.dat,4.1219
results2602/20260209S113802.591815E113802.591815_scanAz_slow.dat,4.0218
results2602/20260209S113803.549735E113803.549735_scanAz_slow.dat,4.2593
results2602/20260209S113804.510637E113804.510637_scanAz_slow.dat,4.0678
results2602/20260209S113805.474075E113805.474075_scanAz_slow.dat,4.0983
results2602/20260209S113806.432148E113806.432148_scanAz_slow.dat,4.1605
results2602/20260209S113807.390446E113807.390446_scanAz_slow.dat,3.9902
results2602/20260209S113808.352176E113808.352176_scanAz_slow.dat,4.0874
results2602/20260209S113809.316354E113809.316354_scanAz_slow.dat,4.2377
results2602/20260209S113810.273588E113810.273588_scanAz_slow.dat,4.2030
results2602/20260209S113811.235228E113811.235228_scanAz_slow.dat,4.1641
results2602/20260209S113812.192225E113812.192225_scanAz_slow.dat,4.2831
results2602/20260209S113813.154287E113813.154287_scanAz_slow.dat,4.0041
results2602/20260209S113814.112123E113814.112123_scanAz_slow.dat,4.2228
results2602/20260209S113815.073650E113815.073650_scanAz_slow.dat,4.0546
results2602/20260209S113816.034295E113816.034295_scanAz_slow.dat,4.1427
results2602/20260209S113816.995979E113816.995979_scanAz_slow.dat,4.2397
results2602/20260209S113817.951580E113817.951580_scanAz_slow.dat,4.0600
results2602/20260209S113818.916109E113818.916109_scanAz_slow.dat,4.1950
results2602/20260209S113819.876141E113819.876141_scanAz_slow.dat,4.1803
results2602/20260209S113820.833798E113820.833798_scanAz_slow.dat,4.2354
results2602/20260209S113821.794833E113821.794833_scanAz_slow.dat,4.1957
results2602/20260209S113822.755941E113822.755941_scanAz_slow.dat,4.2144
results2602/20260209S113823.712177E113823.712177_scanAz_slow.dat,4.3956
results2602/20260209S113824.676142E113824.676142_scanAz_slow.dat,4.3047
results2602/20260209S113825.635136E113825.635136_scanAz_slow.dat,3.9732
results2602/20260209S113826.596227E113826.596227_scanAz_slow.dat,4.2402
results2602/20260209S113827.552554E113827.552554_scanAz_slow.dat,4.0136
results2602/20260209S113828.515565E113828.515565_scanAz_slow.dat,4.2683
results2602/20260209S113829.474877E113829.474877_scanAz_slow.dat,4.1194
results2602/20260209S113830.434868E113830.434868_scanAz_slow.dat,4.2743
results2602/20260209S113831.393438E113831.393438_scanAz_slow.dat,4.3166
results2602/20260209S113832.354799E113832.354799_scanAz_slow.dat,4.2481
results2602/20260209S113833.312622E113833.312622_scanAz_slow.dat,4.1704
results2602/20260209S113834.276439E113834.276439_scanAz_slow.dat,4.0160
results2602/20260209S113835.233580E113835.233580_scanAz_slow.dat,3.9186
results2602/20260209S113836.196637E113836.196637_scanAz_slow.dat,4.2432
results2602/20260209S113837.153211E113837.153211_scanAz_slow.dat,4.0651
results2602/20260209S113838.117111E113838.117111_scanAz_slow.dat,4.2454
results2602/20260209S113839.071951E113839.071951_scanAz_slow.dat,4.1771
results2602/20260209S113840.034215E113840.034215_scanAz_slow.dat,4.1145
results2602/20260209S113840.994217E113840.994217_scanAz_slow.dat,4.1638
results2602/20260209S113841.953602E113841.953602_scanAz_slow.dat,4.1206
results2602/20260209S113842.916486E113842.916486_scanAz_slow.dat,4.2020
results2602/20260209S113843.876360E113843.876360_scanAz_slow.dat,4.2331
results2602/20260209S113844.836603E113844.836603_scanAz_slow.dat,4.3426
results2602/20260209S113845.792715E113845.792715_scanAz_slow.dat,4.0326
results2602/20260209S113846.754504E113846.754504_scanAz_slow.dat,3.9590
results2602/20260209S113847.714135E113847.714135_scanAz_slow.dat,4.0675
results2602/20260209S113848.674958E113848.674958_scanAz_slow.dat,4.2506
results2602/20260209S113849.636595E113849.636595_scanAz_slow.dat,4.1521
results2602/20260209S113850.592419E113850.592419_scanAz_slow.dat,4.0702
results2602/20260209S113851.553494E113851.553494_scanAz_slow.dat,4.2150
results2602/20260209S113852.517100E113852.517100_scanAz_slow.dat,4.2326
results2602/20260209S113853.475712E113853.475712_scanAz_slow.dat,4.1820
results2602/20260209S113854.437106E113854.437106_scanAz_slow.dat,4.1713
results2602/20260209S113855.396418E113855.396418_scanAz_slow.dat,4.2189
results2602/20260209S113856.352054E113856.352054_scanAz_slow.dat,4.0766
results2602/20260209S113857.314180E113857.314180_scanAz_slow.dat,4.1850
results2602/20260209S113858.276280E113858.276280_scanAz_slow.dat,4.0678
results2602/20260209S113859.237207E113859.237207_scanAz_slow.dat,4.0458
results2602/20260209S113900.196760E113900.196760_scanAz_slow.dat,4.1826
results2602/20260209S113901.150664E113901.150664_scanAz_slow.dat,4.2827
results2602/20260209S113902.114636E113902.114636_scanAz_slow.dat,4.2323
results2602/20260209S113903.076634E113903.076634_scanAz_slow.dat,3.9757
results2602/20260209S113904.033775E113904.033775_scanAz_slow.dat,4.1197
results2602/20260209S113904.991933E113904.991933_scanAz_slow.dat,4.0768
results2602/20260209S113905.955162E113905.955162_scanAz_slow.dat,4.1441
results2602/20260209S113906.915891E113906.915891_scanAz_slow.dat,4.2591
results2602/20260209S113907.872456E113907.872456_scanAz_slow.dat,4.0794
results2602/20260209S113908.834327E113908.834327_scanAz_slow.dat,4.1368
results2602/20260209S113909.795433E113909.795433_scanAz_slow.dat,4.1024
results2602/20260209S113910.753365E113910.753365_scanAz_slow.dat,4.0877
results2602/20260209S113911.715205E113911.715205_scanAz_slow.dat,4.2283
results2602/20260209S113912.674183E113912.674183_scanAz_slow.dat,4.1121
results2602/20260209S113913.635462E113913.635462_scanAz_slow.dat,4.3196
results2602/20260209S113914.591666E113914.591666_scanAz_slow.dat,4.2746
results2602/20260209S113915.554059E113915.554059_scanAz_slow.dat,3.9759
results2602/20260209S113916.514178E113916.514178_scanAz_slow.dat,4.2612
results2602/20260209S113917.472366E113917.472366_scanAz_slow.dat,4.0321
results2602/20260209S113918.435518E113918.435518_scanAz_slow.dat,4.2212
results2602/20260209S113919.394761E113919.394761_scanAz_slow.dat,4.2059
results2602/20260209S113920.353525E113920.353525_scanAz_slow.dat,4.2755
results2602/20260209S113921.315860E113921.315860_scanAz_slow.dat,4.1382
results2602/20260209S113922.276429E113922.276429_scanAz_slow.dat,4.2144
results2602/20260209S113923.232834E113923.232834_scanAz_slow.dat,4.2561
results2602/20260209S113924.194587E113924.194587_scanAz_slow.dat,4.0446
results2602/20260209S113925.155345E113925.155345_scanAz_slow.dat,3.9945
results2602/20260209S113926.115675E113926.115675_scanAz_slow.dat,4.1999
results2602/20260209S113927.074710E113927.074710_scanAz_slow.dat,4.0387
results2602/20260209S113928.037870E113928.037870_scanAz_slow.dat,4.0820
results2602/20260209S113928.994582E113928.994582_scanAz_slow.dat,4.0551
results2602/20260209S113929.955410E113929.955410_scanAz_slow.dat,4.0103
results2602/20260209S113930.914970E113930.914970_scanAz_slow.dat,4.2683
results2602/20260209S113931.872905E113931.872905_scanAz_slow.dat,4.3453
results2602/20260209S113932.838017E113932.838017_scanAz_slow.dat,4.3424
results2602/20260209S113933.798061E113933.798061_scanAz_slow.dat,4.2064
results2602/20260209S113934.753253E113934.753253_scanAz_slow.dat,4.0886
results2602/20260209S113935.714397E113935.714397_scanAz_slow.dat,4.2671
results2602/20260209S113936.674481E113936.674481_scanAz_slow.dat,4.2378
results2602/20260209S113937.634499E113937.634499_scanAz_slow.dat,4.2542
results2602/20260209S113938.594544E113938.594544_scanAz_slow.dat,4.0346
results2602/20260209S113939.557255E113939.557255_scanAz_slow.dat,4.2779
results2602/20260209S113940.514468E113940.514468_scanAz_slow.dat,4.2550
results2602/20260209S113941.477852E113941.477852_scanAz_slow.dat,4.0092
results2602/20260209S113942.437569E113942.437569_scanAz_slow.dat,4.2105
results2602/20260209S113943.397473E113943.397473_scanAz_slow.dat,4.1146
results2602/20260209S113944.353322E113944.353322_scanAz_slow.dat,4.1817
results2602/20260209S113945.314249E113945.314249_scanAz_slow.dat,4.1886
results2602/20260209S113946.277448E113946.277448_scanAz_slow.dat,4.1857
results2602/20260209S113947.236060E113947.236060_scanAz_slow.dat,4.2154
results2602/20260209S113948.198051E113948.198051_scanAz_slow.dat,4.2265
results2602/20260209S113949.154195E113949.154195_scanAz_slow.dat,4.4121
results2602/20260209S113950.113403E113950.113403_scanAz_slow.dat,4.0974
results2602/20260209S113951.077952E113951.077952_scanAz_slow.dat,4.0939
results2602/20260209S113952.036162E113952.036162_scanAz_slow.dat,4.3777
results2602/20260209S113952.997817E113952.997817_scanAz_slow.dat,4.0973
results2602/20260209S113953.953468E113953.953468_scanAz_slow.dat,4.0757
results2602/20260209S113954.916137E113954.916137_scanAz_slow.dat,4.1422
results2602/20260209S113955.877155E113955.877155_scanAz_slow.dat,4.1867
results2602/20260209S113956.833154E113956.833154_scanAz_slow.dat,4.1598
results2602/20260209S113957.796738E113957.796738_scanAz_slow.dat,4.2119
results2602/20260209S113958.753445E113958.753445_scanAz_slow.dat,4.0837
results2602/20260209S113959.714698E113959.714698_scanAz_slow.dat,4.3087
results2602/20260209S114000.675021E114000.675021_scanAz_slow.dat,4.0569
results2602/20260209S114001.636935E114001.636935_scanAz_slow.dat,4.0444
results2602/20260209S114002.596367E114002.596367_scanAz_slow.dat,4.0083
results2602/20260209S114003.555195E114003.555195_scanAz_slow.dat,4.1433
results2602/20260209S114004.516882E114004.516882_scanAz_slow.dat,4.2358
results2602/20260209S114005.474337E114005.474337_scanAz_slow.dat,4.2871
results2602/20260209S114006.432301E114006.432301_scanAz_slow.dat,4.2701
results2602/20260209S114007.391858E114007.391858_scanAz_slow.dat,4.3129
results2602/20260209S114008.354903E114008.354903_scanAz_slow.dat,4.2673
results2602/20260209S114009.316639E114009.316639_scanAz_slow.dat,4.2699
results2602/20260209S114010.276179E114010.276179_scanAz_slow.dat,4.0284
results2602/20260209S114011.236673E114011.236673_scanAz_slow.dat,4.2045
results2602/20260209S114012.193240E114012.193240_scanAz_slow.dat,4.1524
results2602/20260209S114013.154029E114013.154029_scanAz_slow.dat,4.1122
results2602/20260209S114014.116114E114014.116114_scanAz_slow.dat,4.1039
results2602/20260209S114015.075423E114015.075423_scanAz_slow.dat,4.3331
results2602/20260209S114016.037109E114016.037109_scanAz_slow.dat,4.3815
results2602/20260209S114016.997468E114016.997468_scanAz_slow.dat,4.0872
results2602/20260209S114017.953714E114017.953714_scanAz_slow.dat,4.1420
results2602/20260209S114018.916877E114018.916877_scanAz_slow.dat,4.2637
results2602/20260209S114019.874040E114019.874040_scanAz_slow.dat,4.1484
results2602/20260209S114020.837482E114020.837482_scanAz_slow.dat,4.0806
results2602/20260209S114021.798184E114021.798184_scanAz_slow.dat,4.1111
results2602/20260209S114022.754254E114022.754254_scanAz_slow.dat,4.3998
results2602/20260209S114023.714623E114023.714623_scanAz_slow.dat,4.4203
results2602/20260209S114024.676738E114024.676738_scanAz_slow.dat,4.2856
results2602/20260209S114025.632507E114025.632507_scanAz_slow.dat,4.2696
results2602/20260209S114026.592484E114026.592484_scanAz_slow.dat,4.4228
results2602/20260209S114027.556507E114027.556507_scanAz_slow.dat,4.0484
results2602/20260209S114028.517397E114028.517397_scanAz_slow.dat,4.0694
results2602/20260209S114029.474767E114029.474767_scanAz_slow.dat,4.1570
results2602/20260209S114030.431862E114030.431862_scanAz_slow.dat,4.2984
results2602/20260209S114031.393204E114031.393204_scanAz_slow.dat,4.2636
results2602/20260209S114032.356302E114032.356302_scanAz_slow.dat,4.1681
results2602/20260209S114033.315389E114033.315389_scanAz_slow.dat,4.3382
results2602/20260209S114034.276041E114034.276041_scanAz_slow.dat,4.2713
results2602/20260209S114035.234647E114035.234647_scanAz_slow.dat,4.1709
results2602/20260209S114036.195852E114036.195852_scanAz_slow.dat,4.2372
results2602/20260209S114037.157587E114037.157587_scanAz_slow.dat,4.2935
results2602/20260209S114038.117182E114038.117182_scanAz_slow.dat,4.3193
results2602/20260209S114039.075363E114039.075363_scanAz_slow.dat,4.3020
results2602/20260209S114040.038272E114040.038272_scanAz_slow.dat,4.4088
results2602/20260209S114040.999243E114040.999243_scanAz_slow.dat,4.0628
results2602/20260209S114041.955759E114041.955759_scanAz_slow.dat,4.1065
results2602/20260209S114042.915716E114042.915716_scanAz_slow.dat,4.3110
results2602/20260209S114043.875735E114043.875735_scanAz_slow.dat,4.4081
results2602/20260209S114044.834484E114044.834484_scanAz_slow.dat,4.2626
results2602/20260209S114045.794954E114045.794954_scanAz_slow.dat,4.1237
results2602/20260209S114046.756227E114046.756227_scanAz_slow.dat,4.3732
results2602/20260209S114047.715982E114047.715982_scanAz_slow.dat,4.2876
results2602/20260209S114048.675764E114048.675764_scanAz_slow.dat,4.2585
results2602/20260209S114049.638467E114049.638467_scanAz_slow.dat,4.4248
results2602/20260209S114050.595338E114050.595338_scanAz_slow.dat,4.2786
results2602/20260209S114051.556312E114051.556312_scanAz_slow.dat,4.2900
results2602/20260209S114052.518197E114052.518197_scanAz_slow.dat,4.0448
results2602/20260209S114053.478913E114053.478913_scanAz_slow.dat,4.1110
results2602/20260209S114054.435773E114054.435773_scanAz_slow.dat,4.2179
results2602/20260209S114055.398327E114055.398327_scanAz_slow.dat,4.4099
results2602/20260209S114056.356013E114056.356013_scanAz_slow.dat,3.9846
results2602/20260209S114057.317964E114057.317964_scanAz_slow.dat,4.3220
results2602/20260209S114058.278603E114058.278603_scanAz_slow.dat,4.2871
results2602/20260209S114059.234404E114059.234404_scanAz_slow.dat,4.4517
results2602/20260209S114100.197307E114100.197307_scanAz_slow.dat,4.1567
results2602/20260209S114101.153442E114101.153442_scanAz_slow.dat,4.2544
results2602/20260209S114102.117060E114102.117060_scanAz_slow.dat,4.2750
results2602/20260209S114103.078326E114103.078326_scanAz_slow.dat,4.2839
results2602/20260209S114104.034113E114104.034113_scanAz_slow.dat,4.3339
results2602/20260209S114104.998662E114104.998662_scanAz_slow.dat,4.2783
results2602/20260209S114105.957103E114105.957103_scanAz_slow.dat,4.3075
results2602/20260209S114106.915054E114106.915054_scanAz_slow.dat,4.1479
results2602/20260209S114107.877015E114107.877015_scanAz_slow.dat,4.2352
results2602/20260209S114108.838216E114108.838216_scanAz_slow.dat,4.2560
results2602/20260209S114109.798228E114109.798228_scanAz_slow.dat,4.3423
results2602/20260209S114110.755116E114110.755116_scanAz_slow.dat,4.4306
results2602/20260209S114111.715936E114111.715936_scanAz_slow.dat,4.2861
results2602/20260209S114112.677089E114112.677089_scanAz_slow.dat,4.3354
results2602/20260209S114113.635733E114113.635733_scanAz_slow.dat,4.1823
results2602/20260209S114114.598826E114114.598826_scanAz_slow.dat,4.3159
results2602/20260209S114115.557221E114115.557221_scanAz_slow.dat,3.9876
results2602/20260209S114116.518448E114116.518448_scanAz_slow.dat,4.3004
results2602/20260209S114117.477610E114117.477610_scanAz_slow.dat,4.4639
results2602/20260209S114118.434298E114118.434298_scanAz_slow.dat,4.3261
results2602/20260209S114119.394944E114119.394944_scanAz_slow.dat,4.4268
results2602/20260209S114120.355044E114120.355044_scanAz_slow.dat,4.4198
results2602/20260209S114121.314484E114121.314484_scanAz_slow.dat,4.2643
results2602/20260209S114122.274754E114122.274754_scanAz_slow.dat,4.3266
results2602/20260209S114123.235434E114123.235434_scanAz_slow.dat,4.3637
results2602/20260209S114124.197273E114124.197273_scanAz_slow.dat,4.2190
results2602/20260209S114125.156875E114125.156875_scanAz_slow.dat,4.2454
results2602/20260209S114126.122933E114126.122933_scanAz_slow.dat,4.2267
results2602/20260209S114127.076692E114127.076692_scanAz_slow.dat,4.0255
results2602/20260209S114128.034256E114128.034256_scanAz_slow.dat,3.9430
results2602/20260209S114128.997240E114128.997240_scanAz_slow.dat,4.2674
results2602/20260209S114129.957322E114129.957322_scanAz_slow.dat,4.2706
results2602/20260209S114130.919140E114130.919140_scanAz_slow.dat,4.4179
results2602/20260209S114131.874687E114131.874687_scanAz_slow.dat,4.2688
results2602/20260209S114132.837505E114132.837505_scanAz_slow.dat,4.2081
results2602/20260209S114133.793322E114133.793322_scanAz_slow.dat,4.1097
results2602/20260209S114134.758031E114134.758031_scanAz_slow.dat,4.1030
results2602/20260209S114135.717824E114135.717824_scanAz_slow.dat,4.2494
results2602/20260209S114136.674972E114136.674972_scanAz_slow.dat,4.1088
results2602/20260209S114137.639046E114137.639046_scanAz_slow.dat,4.1039
results2602/20260209S114138.594386E114138.594386_scanAz_slow.dat,4.3060
results2602/20260209S114139.557570E114139.557570_scanAz_slow.dat,4.3167
results2602/20260209S114140.515098E114140.515098_scanAz_slow.dat,4.3797
results2602/20260209S114141.478144E114141.478144_scanAz_slow.dat,4.2701
results2602/20260209S114142.438513E114142.438513_scanAz_slow.dat,4.1063
results2602/20260209S114143.396959E114143.396959_scanAz_slow.dat,4.2941
results2602/20260209S114144.359487E114144.359487_scanAz_slow.dat,4.1512
results2602/20260209S114145.315254E114145.315254_scanAz_slow.dat,4.2480
results2602/20260209S114146.277810E114146.277810_scanAz_slow.dat,4.1536
results2602/20260209S114147.237708E114147.237708_scanAz_slow.dat,4.3412
results2602/20260209S114148.197980E114148.197980_scanAz_slow.dat,4.1753
results2602/20260209S114149.158868E114149.158868_scanAz_slow.dat,4.3458
results2602/20260209S114150.114767E114150.114767_scanAz_slow.dat,4.4148
results2602/20260209S114151.077726E114151.077726_scanAz_slow.dat,4.1932
results2602/20260209S114152.039047E114152.039047_scanAz_slow.dat,4.2060
results2602/20260209S114152.996032E114152.996032_scanAz_slow.dat,4.2267
results2602/20260209S114153.957573E114153.957573_scanAz_slow.dat,4.3342
results2602/20260209S114154.915460E114154.915460_scanAz_slow.dat,4.3700
results2602/20260209S114155.878235E114155.878235_scanAz_slow.dat,4.3547
results2602/20260209S114156.836655E114156.836655_scanAz_slow.dat,4.3094
results2602/20260209S114157.797466E114157.797466_scanAz_slow.dat,4.2089
results2602/20260209S114158.759047E114158.759047_scanAz_slow.dat,4.2239
results2602/20260209S114159.714975E114159.714975_scanAz_slow.dat,4.3627
results2602/20260209S114200.678458E114200.678458_scanAz_slow.dat,4.0060
results2602/20260209S114201.635475E114201.635475_scanAz_slow.dat,4.3753
results2602/20260209S114202.599290E114202.599290_scanAz_slow.dat,4.2844
results2602/20260209S114203.556725E114203.556725_scanAz_slow.dat,4.1734
results2602/20260209S114204.517548E114204.517548_scanAz_slow.dat,4.3698
results2602/20260209S114205.475146E114205.475146_scanAz_slow.dat,4.3711
results2602/20260209S114206.437139E114206.437139_scanAz_slow.dat,4.3721
results2602/20260209S114207.396079E114207.396079_scanAz_slow.dat,4.2704
results2602/20260209S114208.359018E114208.359018_scanAz_slow.dat,4.3309
results2602/20260209S114209.319145E114209.319145_scanAz_slow.dat,4.2175
results2602/20260209S114210.274951E114210.274951_scanAz_slow.dat,4.2329
results2602/20260209S114211.236177E114211.236177_scanAz_slow.dat,4.1554
results2602/20260209S114212.197857E114212.197857_scanAz_slow.dat,4.0969
results2602/20260209S114213.160028E114213.160028_scanAz_slow.dat,4.4193
results2602/20260209S114214.119292E114214.119292_scanAz_slow.dat,4.3360
results2602/20260209S114215.079809E114215.079809_scanAz_slow.dat,4.3951
results2602/20260209S114216.036050E114216.036050_scanAz_slow.dat,4.1506
results2602/20260209S114216.997969E114216.997969_scanAz_slow.dat,4.1610
results2602/20260209S114217.959334E114217.959334_scanAz_slow.dat,4.3476
results2602/20260209S114218.919553E114218.919553_scanAz_slow.dat,4.2212
results2602/20260209S114219.873653E114219.873653_scanAz_slow.dat,4.3968
results2602/20260209S114220.837856E114220.837856_scanAz_slow.dat,4.1871
results2602/20260209S114221.795541E114221.795541_scanAz_slow.dat,4.1638
results2602/20260209S114222.758282E114222.758282_scanAz_slow.dat,4.0557
results2602/20260209S114223.719115E114223.719115_scanAz_slow.dat,4.3756
results2602/20260209S114224.678435E114224.678435_scanAz_slow.dat,4.2597
results2602/20260209S114225.635406E114225.635406_scanAz_slow.dat,4.2890
results2602/20260209S114226.596404E114226.596404_scanAz_slow.dat,4.2595
results2602/20260209S114227.556771E114227.556771_scanAz_slow.dat,4.2087
results2602/20260209S114228.515909E114228.515909_scanAz_slow.dat,4.3906
results2602/20260209S114229.474264E114229.474264_scanAz_slow.dat,4.1856
results2602/20260209S114230.433722E114230.433722_scanAz_slow.dat,4.1909
results2602/20260209S114231.398206E114231.398206_scanAz_slow.dat,4.2589
results2602/20260209S114232.358763E114232.358763_scanAz_slow.dat,4.1415
results2602/20260209S114233.318454E114233.318454_scanAz_slow.dat,4.1160
results2602/20260209S114234.279365E114234.279365_scanAz_slow.dat,4.1092
results2602/20260209S114235.234003E114235.234003_scanAz_slow.dat,4.1782
results2602/20260209S114236.197028E114236.197028_scanAz_slow.dat,4.2029
results2602/20260209S114237.159708E114237.159708_scanAz_slow.dat,4.4726
results2602/20260209S114238.117865E114238.117865_scanAz_slow.dat,4.2328
results2602/20260209S114239.076106E114239.076106_scanAz_slow.dat,4.1432
results2602/20260209S114240.038086E114240.038086_scanAz_slow.dat,4.2402
results2602/20260209S114240.998915E114240.998915_scanAz_slow.dat,4.0080
results2602/20260209S114241.959813E114241.959813_scanAz_slow.dat,4.3811
results2602/20260209S114242.919191E114242.919191_scanAz_slow.dat,4.1034
results2602/20260209S114243.878925E114243.878925_scanAz_slow.dat,4.2029
results2602/20260209S114244.837244E114244.837244_scanAz_slow.dat,3.9556
results2602/20260209S114245.799825E114245.799825_scanAz_slow.dat,4.0309
results2602/20260209S114246.758836E114246.758836_scanAz_slow.dat,4.0055
results2602/20260209S114247.717216E114247.717216_scanAz_slow.dat,4.2956
results2602/20260209S114248.680139E114248.680139_scanAz_slow.dat,4.4029
results2602/20260209S114249.638479E114249.638479_scanAz_slow.dat,4.1924
results2602/20260209S114250.598696E114250.598696_scanAz_slow.dat,4.3492
results2602/20260209S114251.556101E114251.556101_scanAz_slow.dat,4.0522
results2602/20260209S114252.519353E114252.519353_scanAz_slow.dat,4.0091
results2602/20260209S114253.479984E114253.479984_scanAz_slow.dat,4.2170
results2602/20260209S114254.437335E114254.437335_scanAz_slow.dat,4.0460
results2602/20260209S114255.399777E114255.399777_scanAz_slow.dat,4.2680
results2602/20260209S114256.356019E114256.356019_scanAz_slow.dat,4.0982
results2602/20260209S114257.318718E114257.318718_scanAz_slow.dat,4.2195
results2602/20260209S114258.276380E114258.276380_scanAz_slow.dat,4.2934
results2602/20260209S114259.238190E114259.238190_scanAz_slow.dat,4.1882
results2602/20260209S114300.194351E114300.194351_scanAz_slow.dat,4.2120
results2602/20260209S114301.157098E114301.157098_scanAz_slow.dat,4.3351
results2602/20260209S114302.117622E114302.117622_scanAz_slow.dat,4.1655
results2602/20260209S114303.080064E114303.080064_scanAz_slow.dat,4.2475
results2602/20260209S114304.037431E114304.037431_scanAz_slow.dat,4.1734
results2602/20260209S114304.999764E114304.999764_scanAz_slow.dat,4.1921
results2602/20260209S114305.957664E114305.957664_scanAz_slow.dat,4.1355
results2602/20260209S114306.920230E114306.920230_scanAz_slow.dat,4.2070
results2602/20260209S114307.878020E114307.878020_scanAz_slow.dat,4.2768
results2602/20260209S114308.840234E114308.840234_scanAz_slow.dat,3.9686
results2602/20260209S114309.798695E114309.798695_scanAz_slow.dat,4.1779
results2602/20260209S114310.760499E114310.760499_scanAz_slow.dat,4.1700
results2602/20260209S114311.717614E114311.717614_scanAz_slow.dat,4.2970
results2602/20260209S114312.677463E114312.677463_scanAz_slow.dat,4.2665
results2602/20260209S114313.635269E114313.635269_scanAz_slow.dat,4.0637
results2602/20260209S114314.599999E114314.599999_scanAz_slow.dat,4.2173
results2602/20260209S114315.559381E114315.559381_scanAz_slow.dat,3.9376
results2602/20260209S114316.516746E114316.516746_scanAz_slow.dat,4.0481
results2602/20260209S114317.478457E114317.478457_scanAz_slow.dat,4.3655
results2602/20260209S114318.436407E114318.436407_scanAz_slow.dat,4.2931
results2602/20260209S114319.400615E114319.400615_scanAz_slow.dat,4.1574
results2602/20260209S114320.358245E114320.358245_scanAz_slow.dat,4.3249
results2602/20260209S114321.318878E114321.318878_scanAz_slow.dat,4.2301
results2602/20260209S114322.279020E114322.279020_scanAz_slow.dat,4.1752
results2602/20260209S114323.240599E114323.240599_scanAz_slow.dat,4.0285
results2602/20260209S114324.197819E114324.197819_scanAz_slow.dat,4.2994
results2602/20260209S114325.158287E114325.158287_scanAz_slow.dat,4.0418
results2602/20260209S114326.118865E114326.118865_scanAz_slow.dat,4.1346
results2602/20260209S114327.079765E114327.079765_scanAz_slow.dat,4.0546
results2602/20260209S114328.038180E114328.038180_scanAz_slow.dat,4.2675
results2602/20260209S114328.999482E114328.999482_scanAz_slow.dat,4.1561
results2602/20260209S114329.960109E114329.960109_scanAz_slow.dat,4.1512
results2602/20260209S114330.921644E114330.921644_scanAz_slow.dat,4.2457
results2602/20260209S114331.877234E114331.877234_scanAz_slow.dat,4.1701
results2602/20260209S114332.838840E114332.838840_scanAz_slow.dat,4.2673
results2602/20260209S114333.800028E114333.800028_scanAz_slow.dat,4.2138
results2602/20260209S114334.760751E114334.760751_scanAz_slow.dat,4.3304
results2602/20260209S114335.714399E114335.714399_scanAz_slow.dat,4.3432
results2602/20260209S114336.676502E114336.676502_scanAz_slow.dat,4.0659
results2602/20260209S114337.640572E114337.640572_scanAz_slow.dat,4.0357
results2602/20260209S114338.600756E114338.600756_scanAz_slow.dat,4.3174
results2602/20260209S114339.559448E114339.559448_scanAz_slow.dat,4.2351
results2602/20260209S114340.516806E114340.516806_scanAz_slow.dat,4.2789
results2602/20260209S114341.479177E114341.479177_scanAz_slow.dat,4.0156
results2602/20260209S114342.436395E114342.436395_scanAz_slow.dat,4.2571
results2602/20260209S114343.398813E114343.398813_scanAz_slow.dat,4.0905
results2602/20260209S114344.358033E114344.358033_scanAz_slow.dat,4.2302
results2602/20260209S114345.321349E114345.321349_scanAz_slow.dat,4.0361
results2602/20260209S114346.279015E114346.279015_scanAz_slow.dat,4.2573
results2602/20260209S114347.238112E114347.238112_scanAz_slow.dat,4.1558
results2602/20260209S114348.197654E114348.197654_scanAz_slow.dat,4.3455
results2602/20260209S114349.158695E114349.158695_scanAz_slow.dat,4.1125
results2602/20260209S114350.118454E114350.118454_scanAz_slow.dat,4.2217
results2602/20260209S114351.080829E114351.080829_scanAz_slow.dat,4.2824
results2602/20260209S114352.036226E114352.036226_scanAz_slow.dat,4.1307
results2602/20260209S114352.999821E114352.999821_scanAz_slow.dat,4.1964
results2602/20260209S114353.960694E114353.960694_scanAz_slow.dat,4.1410
results2602/20260209S114354.917736E114354.917736_scanAz_slow.dat,4.0103
results2602/20260209S114355.880419E114355.880419_scanAz_slow.dat,3.9867
results2602/20260209S114356.837199E114356.837199_scanAz_slow.dat,4.0776
results2602/20260209S114357.796765E114357.796765_scanAz_slow.dat,4.2499
results2602/20260209S114358.757109E114358.757109_scanAz_slow.dat,4.2184
results2602/20260209S114359.718189E114359.718189_scanAz_slow.dat,4.0754
results2602/20260209S114400.678921E114400.678921_scanAz_slow.dat,4.2759
results2602/20260209S114401.639433E114401.639433_scanAz_slow.dat,4.2152
results2602/20260209S114402.596699E114402.596699_scanAz_slow.dat,4.1750
results2602/20260209S114403.556820E114403.556820_scanAz_slow.dat,4.4173
results2602/20260209S114404.517706E114404.517706_scanAz_slow.dat,4.2530
results2602/20260209S114405.479163E114405.479163_scanAz_slow.dat,4.3580
results2602/20260209S114406.439144E114406.439144_scanAz_slow.dat,4.2497
results2602/20260209S114407.396486E114407.396486_scanAz_slow.dat,4.2432
results2602/20260209S114408.356491E114408.356491_scanAz_slow.dat,3.9518
results2602/20260209S114409.316736E114409.316736_scanAz_slow.dat,3.9616
results2602/20260209S114410.277033E114410.277033_scanAz_slow.dat,4.0920
results2602/20260209S114411.239129E114411.239129_scanAz_slow.dat,4.2386
results2602/20260209S114412.199136E114412.199136_scanAz_slow.dat,4.1284
results2602/20260209S114413.157370E114413.157370_scanAz_slow.dat,4.0781
results2602/20260209S114414.121474E114414.121474_scanAz_slow.dat,4.2052
results2602/20260209S114415.077183E114415.077183_scanAz_slow.dat,4.2840
results2602/20260209S114416.041483E114416.041483_scanAz_slow.dat,4.0396
results2602/20260209S114416.996597E114416.996597_scanAz_slow.dat,4.3701
results2602/20260209S114417.957592E114417.957592_scanAz_slow.dat,3.9743
results2602/20260209S114418.919740E114418.919740_scanAz_slow.dat,4.2239
results2602/20260209S114419.881280E114419.881280_scanAz_slow.dat,4.1517
results2602/20260209S114420.838135E114420.838135_scanAz_slow.dat,4.0753
results2602/20260209S114421.799457E114421.799457_scanAz_slow.dat,4.1168
results2602/20260209S114422.760949E114422.760949_scanAz_slow.dat,4.2413
results2602/20260209S114423.721389E114423.721389_scanAz_slow.dat,4.1298
results2602/20260209S114424.680932E114424.680932_scanAz_slow.dat,4.1422
results2602/20260209S114425.639970E114425.639970_scanAz_slow.dat,4.2372
results2602/20260209S114426.600192E114426.600192_scanAz_slow.dat,4.3213
results2602/20260209S114427.561742E114427.561742_scanAz_slow.dat,4.0630
results2602/20260209S114428.519145E114428.519145_scanAz_slow.dat,4.2356
results2602/20260209S114429.479892E114429.479892_scanAz_slow.dat,4.1861
results2602/20260209S114430.437705E114430.437705_scanAz_slow.dat,4.2733
results2602/20260209S114431.399994E114431.399994_scanAz_slow.dat,4.2373
results2602/20260209S114432.361892E114432.361892_scanAz_slow.dat,4.1421
results2602/20260209S114433.318336E114433.318336_scanAz_slow.dat,4.3253
results2602/20260209S114434.280890E114434.280890_scanAz_slow.dat,4.2719
results2602/20260209S114435.238932E114435.238932_scanAz_slow.dat,3.9706
results2602/20260209S114436.201055E114436.201055_scanAz_slow.dat,4.0764
results2602/20260209S114437.160308E114437.160308_scanAz_slow.dat,4.1036
results2602/20260209S114438.121496E114438.121496_scanAz_slow.dat,4.0484
results2602/20260209S114439.081835E114439.081835_scanAz_slow.dat,4.0626
results2602/20260209S114440.038387E114440.038387_scanAz_slow.dat,4.2652
results2602/20260209S114440.999008E114440.999008_scanAz_slow.dat,4.1307
results2602/20260209S114441.957553E114441.957553_scanAz_slow.dat,4.1317
results2602/20260209S114442.915670E114442.915670_scanAz_slow.dat,4.2850
results2602/20260209S114443.878997E114443.878997_scanAz_slow.dat,4.3961
results2602/20260209S114444.839084E114444.839084_scanAz_slow.dat,4.2532
results2602/20260209S114445.800008E114445.800008_scanAz_slow.dat,4.1154
results2602/20260209S114446.760009E114446.760009_scanAz_slow.dat,4.0236
results2602/20260209S114447.717229E114447.717229_scanAz_slow.dat,3.9969
results2602/20260209S114448.678588E114448.678588_scanAz_slow.dat,4.2400
results2602/20260209S114449.639742E114449.639742_scanAz_slow.dat,4.2911
results2602/20260209S114450.599054E114450.599054_scanAz_slow.dat,4.1419
results2602/20260209S114451.558664E114451.558664_scanAz_slow.dat,4.1491
results2602/20260209S114452.521101E114452.521101_scanAz_slow.dat,4.1586
results2602/20260209S114453.481085E114453.481085_scanAz_slow.dat,4.2096
results2602/20260209S114454.440051E114454.440051_scanAz_slow.dat,4.1051
results2602/20260209S114455.402005E114455.402005_scanAz_slow.dat,4.2359
results2602/20260209S114456.359089E114456.359089_scanAz_slow.dat,4.1301
results2602/20260209S114457.319900E114457.319900_scanAz_slow.dat,4.2497
results2602/20260209S114458.281515E114458.281515_scanAz_slow.dat,4.3295
results2602/20260209S114459.241488E114459.241488_scanAz_slow.dat,4.3049
results2602/20260209S114500.198718E114500.198718_scanAz_slow.dat,4.3101
results2602/20260209S114501.157726E114501.157726_scanAz_slow.dat,4.3620
results2602/20260209S114502.115928E114502.115928_scanAz_slow.dat,4.0781
results2602/20260209S114503.078698E114503.078698_scanAz_slow.dat,4.0358
results2602/20260209S114504.035966E114504.035966_scanAz_slow.dat,4.2605
results2602/20260209S114504.998245E114504.998245_scanAz_slow.dat,4.0700
results2602/20260209S114505.960124E114505.960124_scanAz_slow.dat,3.9877
results2602/20260209S114506.919103E114506.919103_scanAz_slow.dat,4.1441
results2602/20260209S114507.880257E114507.880257_scanAz_slow.dat,4.2260
results2602/20260209S114508.838229E114508.838229_scanAz_slow.dat,4.1116
results2602/20260209S114509.801406E114509.801406_scanAz_slow.dat,4.1962
results2602/20260209S114510.762488E114510.762488_scanAz_slow.dat,4.3756
results2602/20260209S114511.720563E114511.720563_scanAz_slow.dat,4.0129
results2602/20260209S114512.681234E114512.681234_scanAz_slow.dat,3.8622
results2602/20260209S114513.642135E114513.642135_scanAz_slow.dat,4.1765
results2602/20260209S114514.599434E114514.599434_scanAz_slow.dat,4.2596
results2602/20260209S114515.560591E114515.560591_scanAz_slow.dat,4.2926
results2602/20260209S114516.521717E114516.521717_scanAz_slow.dat,4.3641
results2602/20260209S114517.482674E114517.482674_scanAz_slow.dat,4.2873
results2602/20260209S114518.439306E114518.439306_scanAz_slow.dat,4.0469
results2602/20260209S114519.400127E114519.400127_scanAz_slow.dat,4.0508
results2602/20260209S114520.362014E114520.362014_scanAz_slow.dat,4.1230
results2602/20260209S114521.320093E114521.320093_scanAz_slow.dat,4.0478
results2602/20260209S114522.282305E114522.282305_scanAz_slow.dat,4.1947
results2602/20260209S114523.241387E114523.241387_scanAz_slow.dat,4.1367
results2602/20260209S114524.198005E114524.198005_scanAz_slow.dat,4.3293
results2602/20260209S114525.159782E114525.159782_scanAz_slow.dat,4.1452
results2602/20260209S114526.122411E114526.122411_scanAz_slow.dat,4.1407
results2602/20260209S114527.080684E114527.080684_scanAz_slow.dat,4.3031
results2602/20260209S114528.038869E114528.038869_scanAz_slow.dat,4.1309
results2602/20260209S114529.002491E114529.002491_scanAz_slow.dat,4.1523
results2602/20260209S114529.961929E114529.961929_scanAz_slow.dat,4.1098
results2602/20260209S114530.919531E114530.919531_scanAz_slow.dat,4.2772
results2602/20260209S114531.880519E114531.880519_scanAz_slow.dat,4.1429
results2602/20260209S114532.840787E114532.840787_scanAz_slow.dat,4.2856
results2602/20260209S114533.799372E114533.799372_scanAz_slow.dat,4.2294
results2602/20260209S114534.757945E114534.757945_scanAz_slow.dat,4.2211
results2602/20260209S114535.721879E114535.721879_scanAz_slow.dat,4.2782
results2602/20260209S114536.678017E114536.678017_scanAz_slow.dat,4.2810
results2602/20260209S114537.639613E114537.639613_scanAz_slow.dat,4.0666
results2602/20260209S114538.601467E114538.601467_scanAz_slow.dat,4.2578
results2602/20260209S114539.557969E114539.557969_scanAz_slow.dat,4.2015
results2602/20260209S114540.519741E114540.519741_scanAz_slow.dat,4.1292
results2602/20260209S114541.477877E114541.477877_scanAz_slow.dat,4.0977
results2602/20260209S114542.440749E114542.440749_scanAz_slow.dat,4.1687
results2602/20260209S114543.401106E114543.401106_scanAz_slow.dat,4.1246
results2602/20260209S114544.360646E114544.360646_scanAz_slow.dat,4.3506
results2602/20260209S114545.319336E114545.319336_scanAz_slow.dat,4.2866
results2602/20260209S114546.283578E114546.283578_scanAz_slow.dat,4.2051
results2602/20260209S114547.242844E114547.242844_scanAz_slow.dat,4.1397
results2602/20260209S114548.200719E114548.200719_scanAz_slow.dat,4.1749
results2602/20260209S114549.158123E114549.158123_scanAz_slow.dat,4.1377
results2602/20260209S114550.121093E114550.121093_scanAz_slow.dat,4.1975
results2602/20260209S114551.081991E114551.081991_scanAz_slow.dat,3.9245
results2602/20260209S114552.042190E114552.042190_scanAz_slow.dat,3.9594
results2602/20260209S114553.002548E114553.002548_scanAz_slow.dat,4.2945
results2602/20260209S114553.958339E114553.958339_scanAz_slow.dat,4.0790
results2602/20260209S114554.920655E114554.920655_scanAz_slow.dat,4.4086
results2602/20260209S114555.882206E114555.882206_scanAz_slow.dat,4.3045
results2602/20260209S114556.841024E114556.841024_scanAz_slow.dat,4.1450
results2602/20260209S114557.801926E114557.801926_scanAz_slow.dat,4.1010
results2602/20260209S114558.756653E114558.756653_scanAz_slow.dat,4.0997
results2602/20260209S114559.717229E114559.717229_scanAz_slow.dat,4.1447
results2602/20260209S114600.677918E114600.677918_scanAz_slow.dat,4.3092
results2602/20260209S114601.641086E114601.641086_scanAz_slow.dat,4.2776
results2602/20260209S114602.597705E114602.597705_scanAz_slow.dat,4.3297
results2602/20260209S114603.559350E114603.559350_scanAz_slow.dat,3.9649
results2602/20260209S114604.520233E114604.520233_scanAz_slow.dat,4.2315
results2602/20260209S114605.480863E114605.480863_scanAz_slow.dat,4.1613
results2602/20260209S114606.439549E114606.439549_scanAz_slow.dat,4.2669
results2602/20260209S114607.401881E114607.401881_scanAz_slow.dat,4.1386
results2602/20260209S114608.361541E114608.361541_scanAz_slow.dat,4.0992
results2602/20260209S114609.321797E114609.321797_scanAz_slow.dat,4.2723
results2602/20260209S114610.281866E114610.281866_scanAz_slow.dat,4.1742
results2602/20260209S114611.238715E114611.238715_scanAz_slow.dat,4.0300
results2602/20260209S114612.199474E114612.199474_scanAz_slow.dat,4.3158
results2602/20260209S114613.161260E114613.161260_scanAz_slow.dat,4.0560
results2602/20260209S114614.122690E114614.122690_scanAz_slow.dat,4.0831
results2602/20260209S114615.078098E114615.078098_scanAz_slow.dat,4.3060
results2602/20260209S114616.039723E114616.039723_scanAz_slow.dat,4.2261
results2602/20260209S114617.001375E114617.001375_scanAz_slow.dat,4.1278
results2602/20260209S114617.961029E114617.961029_scanAz_slow.dat,4.1110
results2602/20260209S114618.917134E114618.917134_scanAz_slow.dat,4.2126
results2602/20260209S114619.881554E114619.881554_scanAz_slow.dat,4.2591
results2602/20260209S114620.838736E114620.838736_scanAz_slow.dat,3.9390
results2602/20260209S114621.799564E114621.799564_scanAz_slow.dat,4.2425
results2602/20260209S114622.761247E114622.761247_scanAz_slow.dat,4.3318
results2602/20260209S114623.721287E114623.721287_scanAz_slow.dat,3.9828
results2602/20260209S114624.680432E114624.680432_scanAz_slow.dat,4.0958
results2602/20260209S114625.638570E114625.638570_scanAz_slow.dat,4.1426
results2602/20260209S114626.598743E114626.598743_scanAz_slow.dat,4.1756
results2602/20260209S114627.561531E114627.561531_scanAz_slow.dat,4.1317
results2602/20260209S114628.521078E114628.521078_scanAz_slow.dat,4.3032
results2602/20260209S114629.480558E114629.480558_scanAz_slow.dat,4.2000
results2602/20260209S114630.437712E114630.437712_scanAz_slow.dat,3.8891
results2602/20260209S114631.401306E114631.401306_scanAz_slow.dat,4.1715
results2602/20260209S114632.361194E114632.361194_scanAz_slow.dat,4.1177
results2602/20260209S114633.320824E114633.320824_scanAz_slow.dat,4.2305
results2602/20260209S114634.283353E114634.283353_scanAz_slow.dat,4.1380
results2602/20260209S114635.239142E114635.239142_scanAz_slow.dat,4.1249
results2602/20260209S114636.201338E114636.201338_scanAz_slow.dat,4.1452
results2602/20260209S114637.163272E114637.163272_scanAz_slow.dat,4.1195
results2602/20260209S114638.120596E114638.120596_scanAz_slow.dat,3.9778
results2602/20260209S114639.083335E114639.083335_scanAz_slow.dat,4.1153
results2602/20260209S114640.039091E114640.039091_scanAz_slow.dat,4.2662
results2602/20260209S114640.999968E114640.999968_scanAz_slow.dat,4.2598
results2602/20260209S114641.962229E114641.962229_scanAz_slow.dat,4.2020
results2602/20260209S114642.920478E114642.920478_scanAz_slow.dat,3.9222
results2602/20260209S114643.884680E114643.884680_scanAz_slow.dat,4.1760
results2602/20260209S114644.840003E114644.840003_scanAz_slow.dat,4.4013
results2602/20260209S114645.802982E114645.802982_scanAz_slow.dat,4.4326
results2602/20260209S114646.758227E114646.758227_scanAz_slow.dat,4.1893
results2602/20260209S114647.718874E114647.718874_scanAz_slow.dat,4.3520
results2602/20260209S114648.681845E114648.681845_scanAz_slow.dat,4.1639
results2602/20260209S114649.639397E114649.639397_scanAz_slow.dat,4.4409
results2602/20260209S114650.600427E114650.600427_scanAz_slow.dat,4.1693
results2602/20260209S114651.563918E114651.563918_scanAz_slow.dat,4.3052
results2602/20260209S114652.521023E114652.521023_scanAz_slow.dat,4.4682
results2602/20260209S114653.481539E114653.481539_scanAz_slow.dat,3.8050
results2602/20260209S114654.441851E114654.441851_scanAz_slow.dat,4.1551
results2602/20260209S114655.403241E114655.403241_scanAz_slow.dat,4.2173
results2602/20260209S114656.359826E114656.359826_scanAz_slow.dat,4.2036
results2602/20260209S114657.320295E114657.320295_scanAz_slow.dat,4.1131
results2602/20260209S114658.281038E114658.281038_scanAz_slow.dat,4.2791
results2602/20260209S114659.242653E114659.242653_scanAz_slow.dat,4.1964
results2602/20260209S114700.199260E114700.199260_scanAz_slow.dat,4.0417
results2602/20260209S114701.158051E114701.158051_scanAz_slow.dat,4.2917
results2602/20260209S114702.123281E114702.123281_scanAz_slow.dat,4.2407
results2602/20260209S114703.077671E114703.077671_scanAz_slow.dat,4.0963
results2602/20260209S114704.042028E114704.042028_scanAz_slow.dat,4.2976
results2602/20260209S114705.000528E114705.000528_scanAz_slow.dat,4.0995
results2602/20260209S114705.961904E114705.961904_scanAz_slow.dat,4.1300
results2602/20260209S114706.924298E114706.924298_scanAz_slow.dat,4.0745
results2602/20260209S114707.880261E114707.880261_scanAz_slow.dat,4.3318
results2602/20260209S114708.842203E114708.842203_scanAz_slow.dat,4.1960
results2602/20260209S114709.799232E114709.799232_scanAz_slow.dat,4.0890
results2602/20260209S114710.758971E114710.758971_scanAz_slow.dat,4.0841
results2602/20260209S114711.722311E114711.722311_scanAz_slow.dat,3.9046
results2602/20260209S114712.683296E114712.683296_scanAz_slow.dat,4.1338
results2602/20260209S114713.641360E114713.641360_scanAz_slow.dat,4.2316
results2602/20260209S114714.599647E114714.599647_scanAz_slow.dat,4.1594
results2602/20260209S114715.561443E114715.561443_scanAz_slow.dat,4.0813
results2602/20260209S114716.523477E114716.523477_scanAz_slow.dat,4.1055
results2602/20260209S114717.481102E114717.481102_scanAz_slow.dat,4.1217
results2602/20260209S114718.445008E114718.445008_scanAz_slow.dat,4.2602
results2602/20260209S114719.399592E114719.399592_scanAz_slow.dat,4.1408
results2602/20260209S114720.361723E114720.361723_scanAz_slow.dat,4.2045
results2602/20260209S114721.317793E114721.317793_scanAz_slow.dat,4.0172
results2602/20260209S114722.279633E114722.279633_scanAz_slow.dat,4.1298
results2602/20260209S114723.241553E114723.241553_scanAz_slow.dat,4.1990
results2602/20260209S114724.203227E114724.203227_scanAz_slow.dat,4.1733
results2602/20260209S114725.159783E114725.159783_scanAz_slow.dat,4.1570
results2602/20260209S114726.123745E114726.123745_scanAz_slow.dat,3.9443
results2602/20260209S114727.078002E114727.078002_scanAz_slow.dat,4.1826
results2602/20260209S114728.041747E114728.041747_scanAz_slow.dat,4.2572
results2602/20260209S114728.999703E114728.999703_scanAz_slow.dat,4.1773
results2602/20260209S114729.961976E114729.961976_scanAz_slow.dat,3.8735
results2602/20260209S114730.922961E114730.922961_scanAz_slow.dat,3.9759
results2602/20260209S114731.878068E114731.878068_scanAz_slow.dat,4.1707
results2602/20260209S114732.848488E114732.848488_scanAz_slow.dat,4.2059
results2602/20260209S114733.803928E114733.803928_scanAz_slow.dat,4.1474
results2602/20260209S114734.764664E114734.764664_scanAz_slow.dat,4.4099
results2602/20260209S114735.717846E114735.717846_scanAz_slow.dat,4.2101
results2602/20260209S114736.681057E114736.681057_scanAz_slow.dat,4.2365
results2602/20260209S114737.643106E114737.643106_scanAz_slow.dat,4.1201
results2602/20260209S114738.600069E114738.600069_scanAz_slow.dat,4.3732
results2602/20260209S114739.562594E114739.562594_scanAz_slow.dat,4.2233
results2602/20260209S114740.523087E114740.523087_scanAz_slow.dat,4.1005
results2602/20260209S114741.480026E114741.480026_scanAz_slow.dat,4.1463
results2602/20260209S114742.444220E114742.444220_scanAz_slow.dat,4.2667
results2602/20260209S114743.400375E114743.400375_scanAz_slow.dat,4.3194
results2602/20260209S114744.361754E114744.361754_scanAz_slow.dat,4.1626
results2602/20260209S114745.318817E114745.318817_scanAz_slow.dat,4.1670
results2602/20260209S114746.279564E114746.279564_scanAz_slow.dat,4.1610
results2602/20260209S114747.242417E114747.242417_scanAz_slow.dat,4.1823
results2602/20260209S114748.199956E114748.199956_scanAz_slow.dat,4.1838
results2602/20260209S114749.160175E114749.160175_scanAz_slow.dat,4.0392
results2602/20260209S114750.122838E114750.122838_scanAz_slow.dat,4.2205
results2602/20260209S114751.082119E114751.082119_scanAz_slow.dat,4.2171
results2602/20260209S114752.039658E114752.039658_scanAz_slow.dat,3.9075
results2602/20260209S114753.001756E114753.001756_scanAz_slow.dat,4.0752
results2602/20260209S114753.962394E114753.962394_scanAz_slow.dat,4.3001
results2602/20260209S114754.919923E114754.919923_scanAz_slow.dat,4.1284
results2602/20260209S114755.882424E114755.882424_scanAz_slow.dat,4.1399
results2602/20260209S114756.844124E114756.844124_scanAz_slow.dat,4.0961
results2602/20260209S114757.800397E114757.800397_scanAz_slow.dat,4.2612
results2602/20260209S114758.763605E114758.763605_scanAz_slow.dat,4.1203
results2602/20260209S114759.724177E114759.724177_scanAz_slow.dat,4.1716
results2602/20260209S114800.680437E114800.680437_scanAz_slow.dat,4.1434
results2602/20260209S114801.642102E114801.642102_scanAz_slow.dat,4.1382
results2602/20260209S114802.600440E114802.600440_scanAz_slow.dat,4.3239
results2602/20260209S114803.562105E114803.562105_scanAz_slow.dat,4.1556
results2602/20260209S114804.522671E114804.522671_scanAz_slow.dat,4.1915
results2602/20260209S114805.480279E114805.480279_scanAz_slow.dat,4.2016
results2602/20260209S114806.440210E114806.440210_scanAz_slow.dat,4.3054
results2602/20260209S114807.404154E114807.404154_scanAz_slow.dat,4.3829
results2602/20260209S114808.361662E114808.361662_scanAz_slow.dat,4.0607
results2602/20260209S114809.322534E114809.322534_scanAz_slow.dat,4.0153
results2602/20260209S114810.284719E114810.284719_scanAz_slow.dat,4.0397
results2602/20260209S114811.242869E114811.242869_scanAz_slow.dat,4.2680
results2602/20260209S114812.205718E114812.205718_scanAz_slow.dat,4.2222
results2602/20260209S114813.164019E114813.164019_scanAz_slow.dat,4.3690
results2602/20260209S114814.125053E114814.125053_scanAz_slow.dat,4.1783
results2602/20260209S114815.082618E114815.082618_scanAz_slow.dat,4.1532
results2602/20260209S114816.039564E114816.039564_scanAz_slow.dat,4.2746
results2602/20260209S114817.000095E114817.000095_scanAz_slow.dat,4.0828
results2602/20260209S114817.962654E114817.962654_scanAz_slow.dat,4.0946
results2602/20260209S114818.924165E114818.924165_scanAz_slow.dat,4.1067
results2602/20260209S114819.881884E114819.881884_scanAz_slow.dat,4.1545
results2602/20260209S114820.841548E114820.841548_scanAz_slow.dat,4.3801
results2602/20260209S114821.801309E114821.801309_scanAz_slow.dat,4.0897
results2602/20260209S114822.764251E114822.764251_scanAz_slow.dat,4.1367
results2602/20260209S114823.724721E114823.724721_scanAz_slow.dat,4.1378
results2602/20260209S114824.680193E114824.680193_scanAz_slow.dat,4.4400
results2602/20260209S114825.641315E114825.641315_scanAz_slow.dat,4.2823
results2602/20260209S114826.602999E114826.602999_scanAz_slow.dat,4.1684
results2602/20260209S114827.563150E114827.563150_scanAz_slow.dat,4.2644
results2602/20260209S114828.522907E114828.522907_scanAz_slow.dat,4.1227
results2602/20260209S114829.481831E114829.481831_scanAz_slow.dat,4.1840
results2602/20260209S114830.442852E114830.442852_scanAz_slow.dat,4.1276
results2602/20260209S114831.408619E114831.408619_scanAz_slow.dat,4.2926
results2602/20260209S114832.364816E114832.364816_scanAz_slow.dat,4.2153
results2602/20260209S114833.322817E114833.322817_scanAz_slow.dat,4.2528
results2602/20260209S114834.283373E114834.283373_scanAz_slow.dat,3.9739
results2602/20260209S114835.243295E114835.243295_scanAz_slow.dat,3.9737
results2602/20260209S114836.198274E114836.198274_scanAz_slow.dat,4.0215
results2602/20260209S114837.164533E114837.164533_scanAz_slow.dat,4.1605
results2602/20260209S114838.122938E114838.122938_scanAz_slow.dat,4.3859
results2602/20260209S114839.083946E114839.083946_scanAz_slow.dat,4.2465
results2602/20260209S114840.040983E114840.040983_scanAz_slow.dat,4.3186
results2602/20260209S114841.000556E114841.000556_scanAz_slow.dat,4.1878
results2602/20260209S114841.961048E114841.961048_scanAz_slow.dat,4.1950
results2602/20260209S114842.923491E114842.923491_scanAz_slow.dat,4.3496
results2602/20260209S114843.881818E114843.881818_scanAz_slow.dat,4.3294
results2602/20260209S114844.842027E114844.842027_scanAz_slow.dat,4.2619
results2602/20260209S114845.803708E114845.803708_scanAz_slow.dat,4.3503
results2602/20260209S114846.765290E114846.765290_scanAz_slow.dat,3.9967
results2602/20260209S114847.721662E114847.721662_scanAz_slow.dat,4.3033
results2602/20260209S114848.679426E114848.679426_scanAz_slow.dat,4.2690
results2602/20260209S114849.643801E114849.643801_scanAz_slow.dat,4.1091
results2602/20260209S114850.603239E114850.603239_scanAz_slow.dat,4.3458
results2602/20260209S114851.560671E114851.560671_scanAz_slow.dat,4.1606
results2602/20260209S114852.523445E114852.523445_scanAz_slow.dat,3.9829
results2602/20260209S114853.485076E114853.485076_scanAz_slow.dat,4.0124
results2602/20260209S114854.440482E114854.440482_scanAz_slow.dat,4.0455
results2602/20260209S114855.400544E114855.400544_scanAz_slow.dat,4.1464
results2602/20260209S114856.362249E114856.362249_scanAz_slow.dat,4.3452
results2602/20260209S114857.325044E114857.325044_scanAz_slow.dat,3.8937
results2602/20260209S114858.281270E114858.281270_scanAz_slow.dat,3.9795
results2602/20260209S114859.243744E114859.243744_scanAz_slow.dat,4.0388
results2602/20260209S114900.200970E114900.200970_scanAz_slow.dat,4.1558
results2602/20260209S114901.160622E114901.160622_scanAz_slow.dat,4.2069
results2602/20260209S114902.121752E114902.121752_scanAz_slow.dat,4.1233
results2602/20260209S114903.082178E114903.082178_scanAz_slow.dat,4.2173
results2602/20260209S114904.041759E114904.041759_scanAz_slow.dat,4.0677
results2602/20260209S114905.002290E114905.002290_scanAz_slow.dat,4.0388
results2602/20260209S114905.961442E114905.961442_scanAz_slow.dat,4.1924
results2602/20260209S114906.924984E114906.924984_scanAz_slow.dat,4.3094
results2602/20260209S114907.880742E114907.880742_scanAz_slow.dat,4.0879
results2602/20260209S114908.845250E114908.845250_scanAz_slow.dat,4.0819
results2602/20260209S114909.801231E114909.801231_scanAz_slow.dat,4.1873
results2602/20260209S114910.762482E114910.762482_scanAz_slow.dat,4.2095
results2602/20260209S114911.722463E114911.722463_scanAz_slow.dat,4.3390
results2602/20260209S114912.682546E114912.682546_scanAz_slow.dat,4.2130
results2602/20260209S114913.642108E114913.642108_scanAz_slow.dat,4.3518
results2602/20260209S114914.603886E114914.603886_scanAz_slow.dat,4.1670
results2602/20260209S114915.563779E114915.563779_scanAz_slow.dat,4.1975
results2602/20260209S114916.525765E114916.525765_scanAz_slow.dat,4.3351
results2602/20260209S114917.482215E114917.482215_scanAz_slow.dat,4.1839
results2602/20260209S114918.440099E114918.440099_scanAz_slow.dat,4.2398
results2602/20260209S114919.401876E114919.401876_scanAz_slow.dat,4.4261
results2602/20260209S114920.365258E114920.365258_scanAz_slow.dat,4.0968
results2602/20260209S114921.325722E114921.325722_scanAz_slow.dat,3.9610
results2602/20260209S114922.283650E114922.283650_scanAz_slow.dat,4.0824
results2602/20260209S114923.242912E114923.242912_scanAz_slow.dat,4.0971
results2602/20260209S114924.206070E114924.206070_scanAz_slow.dat,3.9803
results2602/20260209S114925.165956E114925.165956_scanAz_slow.dat,4.1299
results2602/20260209S114926.121365E114926.121365_scanAz_slow.dat,3.9424
results2602/20260209S114927.083734E114927.083734_scanAz_slow.dat,4.0025
results2602/20260209S114928.043975E114928.043975_scanAz_slow.dat,4.0833
results2602/20260209S114929.004075E114929.004075_scanAz_slow.dat,4.2158
results2602/20260209S114929.964217E114929.964217_scanAz_slow.dat,4.1546
results2602/20260209S114930.921943E114930.921943_scanAz_slow.dat,4.1869
results2602/20260209S114931.883053E114931.883053_scanAz_slow.dat,4.1505
results2602/20260209S114932.845341E114932.845341_scanAz_slow.dat,4.1020
results2602/20260209S114933.801365E114933.801365_scanAz_slow.dat,3.9062
results2602/20260209S114934.762686E114934.762686_scanAz_slow.dat,4.0784
results2602/20260209S114935.721617E114935.721617_scanAz_slow.dat,4.1733
results2602/20260209S114936.684097E114936.684097_scanAz_slow.dat,4.0889
results2602/20260209S114937.645472E114937.645472_scanAz_slow.dat,3.9948
results2602/20260209S114938.601981E114938.601981_scanAz_slow.dat,4.1251
results2602/20260209S114939.561526E114939.561526_scanAz_slow.dat,3.9826
results2602/20260209S114940.523966E114940.523966_scanAz_slow.dat,4.1504
results2602/20260209S114941.482342E114941.482342_scanAz_slow.dat,4.2541
results2602/20260209S114942.441507E114942.441507_scanAz_slow.dat,4.0828
results2602/20260209S114943.399684E114943.399684_scanAz_slow.dat,4.1230
results2602/20260209S114944.361476E114944.361476_scanAz_slow.dat,4.4262
results2602/20260209S114945.324906E114945.324906_scanAz_slow.dat,4.1857
results2602/20260209S114946.281738E114946.281738_scanAz_slow.dat,4.0860
results2602/20260209S114947.242605E114947.242605_scanAz_slow.dat,4.3279
results2602/20260209S114948.204422E114948.204422_scanAz_slow.dat,4.1694
results2602/20260209S114949.165535E114949.165535_scanAz_slow.dat,4.3259
results2602/20260209S114950.126637E114950.126637_scanAz_slow.dat,4.1388
results2602/20260209S114951.086157E114951.086157_scanAz_slow.dat,4.1311
results2602/20260209S114952.042727E114952.042727_scanAz_slow.dat,4.1424
results2602/20260209S114953.004043E114953.004043_scanAz_slow.dat,4.1472
results2602/20260209S114953.966066E114953.966066_scanAz_slow.dat,4.0885
results2602/20260209S114954.921782E114954.921782_scanAz_slow.dat,4.0739
results2602/20260209S114955.883756E114955.883756_scanAz_slow.dat,4.1213
results2602/20260209S114956.844005E114956.844005_scanAz_slow.dat,4.1416
results2602/20260209S114957.802448E114957.802448_scanAz_slow.dat,4.1319
results2602/20260209S114958.765663E114958.765663_scanAz_slow.dat,3.9711
results2602/20260209S114959.722079E114959.722079_scanAz_slow.dat,4.1618
results2602/20260209S115000.683965E115000.683965_scanAz_slow.dat,3.9580
results2602/20260209S115001.641936E115001.641936_scanAz_slow.dat,4.1957
results2602/20260209S115002.599918E115002.599918_scanAz_slow.dat,4.1048
results2602/20260209S115003.563815E115003.563815_scanAz_slow.dat,4.2106
results2602/20260209S115004.524004E115004.524004_scanAz_slow.dat,4.2151
results2602/20260209S115005.481443E115005.481443_scanAz_slow.dat,3.9804
results2602/20260209S115006.444238E115006.444238_scanAz_slow.dat,4.1271
results2602/20260209S115007.401730E115007.401730_scanAz_slow.dat,3.9922
results2602/20260209S115008.366126E115008.366126_scanAz_slow.dat,4.1975
results2602/20260209S115009.322172E115009.322172_scanAz_slow.dat,4.3444
results2602/20260209S115010.284601E115010.284601_scanAz_slow.dat,4.2870
results2602/20260209S115011.239401E115011.239401_scanAz_slow.dat,4.2793
results2602/20260209S115012.201228E115012.201228_scanAz_slow.dat,4.0300
results2602/20260209S115013.162054E115013.162054_scanAz_slow.dat,4.2069
results2602/20260209S115014.124816E115014.124816_scanAz_slow.dat,3.9410
results2602/20260209S115015.081481E115015.081481_scanAz_slow.dat,4.0439
results2602/20260209S115016.044672E115016.044672_scanAz_slow.dat,4.1057
results2602/20260209S115017.001138E115017.001138_scanAz_slow.dat,4.1648
results2602/20260209S115017.964753E115017.964753_scanAz_slow.dat,4.1640
results2602/20260209S115018.925508E115018.925508_scanAz_slow.dat,4.0491
results2602/20260209S115019.882150E115019.882150_scanAz_slow.dat,4.2078
results2602/20260209S115020.845033E115020.845033_scanAz_slow.dat,3.9983
results2602/20260209S115021.805966E115021.805966_scanAz_slow.dat,4.0039
results2602/20260209S115022.762149E115022.762149_scanAz_slow.dat,4.0895
results2602/20260209S115023.723796E115023.723796_scanAz_slow.dat,4.1923
results2602/20260209S115024.680389E115024.680389_scanAz_slow.dat,4.0397
results2602/20260209S115025.642708E115025.642708_scanAz_slow.dat,4.0448
results2602/20260209S115026.604233E115026.604233_scanAz_slow.dat,4.1738
results2602/20260209S115027.561868E115027.561868_scanAz_slow.dat,4.1904
results2602/20260209S115028.524877E115028.524877_scanAz_slow.dat,4.1302
results2602/20260209S115029.481968E115029.481968_scanAz_slow.dat,4.3208
results2602/20260209S115030.445254E115030.445254_scanAz_slow.dat,4.1017
results2602/20260209S115031.403393E115031.403393_scanAz_slow.dat,4.4066
results2602/20260209S115032.365858E115032.365858_scanAz_slow.dat,4.2521
results2602/20260209S115033.326574E115033.326574_scanAz_slow.dat,4.1645
results2602/20260209S115034.283043E115034.283043_scanAz_slow.dat,3.8761
results2602/20260209S115035.245461E115035.245461_scanAz_slow.dat,4.1748
results2602/20260209S115036.202534E115036.202534_scanAz_slow.dat,4.2622
results2602/20260209S115037.165156E115037.165156_scanAz_slow.dat,4.1235
results2602/20260209S115038.123152E115038.123152_scanAz_slow.dat,4.0439
results2602/20260209S115039.085107E115039.085107_scanAz_slow.dat,4.3992
results2602/20260209S115040.043273E115040.043273_scanAz_slow.dat,4.2072
results2602/20260209S115041.005063E115041.005063_scanAz_slow.dat,3.8956
results2602/20260209S115041.965116E115041.965116_scanAz_slow.dat,4.1647
results2602/20260209S115042.925143E115042.925143_scanAz_slow.dat,4.2981
results2602/20260209S115043.883075E115043.883075_scanAz_slow.dat,4.2836
results2602/20260209S115044.844021E115044.844021_scanAz_slow.dat,4.2233
results2602/20260209S115045.805993E115045.805993_scanAz_slow.dat,4.3401
results2602/20260209S115046.762146E115046.762146_scanAz_slow.dat,4.1100
results2602/20260209S115047.722329E115047.722329_scanAz_slow.dat,4.0730
results2602/20260209S115048.682284E115048.682284_scanAz_slow.dat,4.1532
results2602/20260209S115049.644190E115049.644190_scanAz_slow.dat,4.0824
results2602/20260209S115050.606275E115050.606275_scanAz_slow.dat,4.3271
results2602/20260209S115051.560981E115051.560981_scanAz_slow.dat,4.1257
results2602/20260209S115052.523196E115052.523196_scanAz_slow.dat,4.2101
results2602/20260209S115053.486617E115053.486617_scanAz_slow.dat,4.0042
results2602/20260209S115054.442857E115054.442857_scanAz_slow.dat,4.2034
results2602/20260209S115055.404528E115055.404528_scanAz_slow.dat,4.0789
results2602/20260209S115056.360994E115056.360994_scanAz_slow.dat,3.9390
results2602/20260209S115057.322228E115057.322228_scanAz_slow.dat,4.1081
results2602/20260209S115058.285227E115058.285227_scanAz_slow.dat,4.2851
results2602/20260209S115059.241378E115059.241378_scanAz_slow.dat,4.1320
results2602/20260209S115100.203134E115100.203134_scanAz_slow.dat,4.0354
results2602/20260209S115101.164061E115101.164061_scanAz_slow.dat,4.0294
results2602/20260209S115102.124904E115102.124904_scanAz_slow.dat,4.2274
results2602/20260209S115103.085811E115103.085811_scanAz_slow.dat,4.1757
results2602/20260209S115104.046386E115104.046386_scanAz_slow.dat,4.2780
results2602/20260209S115105.002865E115105.002865_scanAz_slow.dat,4.1133
results2602/20260209S115105.964206E115105.964206_scanAz_slow.dat,4.2427
results2602/20260209S115106.927375E115106.927375_scanAz_slow.dat,4.0309
results2602/20260209S115107.881749E115107.881749_scanAz_slow.dat,4.1389
results2602/20260209S115108.845600E115108.845600_scanAz_slow.dat,4.0045
results2602/20260209S115109.801580E115109.801580_scanAz_slow.dat,4.1655
results2602/20260209S115110.762381E115110.762381_scanAz_slow.dat,4.1090
results2602/20260209S115111.725592E115111.725592_scanAz_slow.dat,4.3327
results2602/20260209S115112.682894E115112.682894_scanAz_slow.dat,4.2495
results2602/20260209S115113.646196E115113.646196_scanAz_slow.dat,4.2383
results2602/20260209S115114.602233E115114.602233_scanAz_slow.dat,4.0139
results2602/20260209S115115.566545E115115.566545_scanAz_slow.dat,4.0088
results2602/20260209S115116.527441E115116.527441_scanAz_slow.dat,4.1797
results2602/20260209S115117.484315E115117.484315_scanAz_slow.dat,4.1702
results2602/20260209S115118.445144E115118.445144_scanAz_slow.dat,4.3599
results2602/20260209S115119.402341E115119.402341_scanAz_slow.dat,3.9685
results2602/20260209S115120.364906E115120.364906_scanAz_slow.dat,4.3726
results2602/20260209S115121.326271E115121.326271_scanAz_slow.dat,4.2940
results2602/20260209S115122.286027E115122.286027_scanAz_slow.dat,4.1223
results2602/20260209S115123.244444E115123.244444_scanAz_slow.dat,4.0987
results2602/20260209S115124.205145E115124.205145_scanAz_slow.dat,4.2127
results2602/20260209S115125.162761E115125.162761_scanAz_slow.dat,4.1296
results2602/20260209S115126.124419E115126.124419_scanAz_slow.dat,3.9662
results2602/20260209S115127.087173E115127.087173_scanAz_slow.dat,3.9456
results2602/20260209S115128.043842E115128.043842_scanAz_slow.dat,4.2804
results2602/20260209S115129.006519E115129.006519_scanAz_slow.dat,4.2536
results2602/20260209S115129.967814E115129.967814_scanAz_slow.dat,4.2186
results2602/20260209S115130.925500E115130.925500_scanAz_slow.dat,4.1023
results2602/20260209S115131.886862E115131.886862_scanAz_slow.dat,4.3245
results2602/20260209S115132.843254E115132.843254_scanAz_slow.dat,4.2977
results2602/20260209S115133.803771E115133.803771_scanAz_slow.dat,4.0784
results2602/20260209S115134.766914E115134.766914_scanAz_slow.dat,4.3360
results2602/20260209S115135.722740E115135.722740_scanAz_slow.dat,4.0509
results2602/20260209S115136.681124E115136.681124_scanAz_slow.dat,4.3047
results2602/20260209S115137.643607E115137.643607_scanAz_slow.dat,4.2466
results2602/20260209S115138.602607E115138.602607_scanAz_slow.dat,4.0583
results2602/20260209S115139.564382E115139.564382_scanAz_slow.dat,4.2006
results2602/20260209S115140.526623E115140.526623_scanAz_slow.dat,4.2578
results2602/20260209S115141.482841E115141.482841_scanAz_slow.dat,4.2205
results2602/20260209S115142.445851E115142.445851_scanAz_slow.dat,4.2805
results2602/20260209S115143.405887E115143.405887_scanAz_slow.dat,4.1042
results2602/20260209S115144.367496E115144.367496_scanAz_slow.dat,4.3024
results2602/20260209S115145.325469E115145.325469_scanAz_slow.dat,4.1336
results2602/20260209S115146.281273E115146.281273_scanAz_slow.dat,4.2869
results2602/20260209S115147.243147E115147.243147_scanAz_slow.dat,4.2626
results2602/20260209S115148.203785E115148.203785_scanAz_slow.dat,4.2692
results2602/20260209S115149.163074E115149.163074_scanAz_slow.dat,4.1135
results2602/20260209S115150.124413E115150.124413_scanAz_slow.dat,4.1385
results2602/20260209S115151.085920E115151.085920_scanAz_slow.dat,4.3012
results2602/20260209S115152.042932E115152.042932_scanAz_slow.dat,4.0968
results2602/20260209S115153.005549E115153.005549_scanAz_slow.dat,4.1435
results2602/20260209S115153.963280E115153.963280_scanAz_slow.dat,3.9767
results2602/20260209S115154.925423E115154.925423_scanAz_slow.dat,4.2164
results2602/20260209S115155.884664E115155.884664_scanAz_slow.dat,4.2312
results2602/20260209S115156.847376E115156.847376_scanAz_slow.dat,4.2998
results2602/20260209S115157.804538E115157.804538_scanAz_slow.dat,4.0708
results2602/20260209S115158.767340E115158.767340_scanAz_slow.dat,4.1174
results2602/20260209S115159.723729E115159.723729_scanAz_slow.dat,4.2857
results2602/20260209S115200.684773E115200.684773_scanAz_slow.dat,4.3083
results2602/20260209S115201.645936E115201.645936_scanAz_slow.dat,4.2430
results2602/20260209S115202.603652E115202.603652_scanAz_slow.dat,4.3806
results2602/20260209S115203.566089E115203.566089_scanAz_slow.dat,4.1631
results2602/20260209S115204.525711E115204.525711_scanAz_slow.dat,4.0565
results2602/20260209S115205.482958E115205.482958_scanAz_slow.dat,4.2445
results2602/20260209S115206.445453E115206.445453_scanAz_slow.dat,3.9205
results2602/20260209S115207.407373E115207.407373_scanAz_slow.dat,3.9894
results2602/20260209S115208.363640E115208.363640_scanAz_slow.dat,4.0435
results2602/20260209S115209.325657E115209.325657_scanAz_slow.dat,4.1504
results2602/20260209S115210.283769E115210.283769_scanAz_slow.dat,4.2455
results2602/20260209S115211.243622E115211.243622_scanAz_slow.dat,4.3699
results2602/20260209S115212.202975E115212.202975_scanAz_slow.dat,4.2430
results2602/20260209S115213.166151E115213.166151_scanAz_slow.dat,4.2636
results2602/20260209S115214.121741E115214.121741_scanAz_slow.dat,4.2627
results2602/20260209S115215.083951E115215.083951_scanAz_slow.dat,4.1851
results2602/20260209S115216.046233E115216.046233_scanAz_slow.dat,4.2152
results2602/20260209S115217.007118E115217.007118_scanAz_slow.dat,4.5795
results2602/20260209S115217.961846E115217.961846_scanAz_slow.dat,4.1995
results2602/20260209S115218.924659E115218.924659_scanAz_slow.dat,4.1746
results2602/20260209S115219.884597E115219.884597_scanAz_slow.dat,4.1798
results2602/20260209S115220.844271E115220.844271_scanAz_slow.dat,4.1171
results2602/20260209S115221.801758E115221.801758_scanAz_slow.dat,4.3124
results2602/20260209S115222.767875E115222.767875_scanAz_slow.dat,4.0268
results2602/20260209S115223.724835E115223.724835_scanAz_slow.dat,4.2253
results2602/20260209S115224.686758E115224.686758_scanAz_slow.dat,4.1052
results2602/20260209S115225.642057E115225.642057_scanAz_slow.dat,4.0998
results2602/20260209S115226.611973E115226.611973_scanAz_slow.dat,4.0886
results2602/20260209S115227.563561E115227.563561_scanAz_slow.dat,4.1072
results2602/20260209S115228.527795E115228.527795_scanAz_slow.dat,4.1913
results2602/20260209S115229.488339E115229.488339_scanAz_slow.dat,4.2453
results2602/20260209S115230.443920E115230.443920_scanAz_slow.dat,4.2120
results2602/20260209S115231.404839E115231.404839_scanAz_slow.dat,4.0624
results2602/20260209S115232.364172E115232.364172_scanAz_slow.dat,4.2593
results2602/20260209S115233.325215E115233.325215_scanAz_slow.dat,3.9503
results2602/20260209S115234.286955E115234.286955_scanAz_slow.dat,4.2464
results2602/20260209S115235.244113E115235.244113_scanAz_slow.dat,3.9860
results2602/20260209S115236.204474E115236.204474_scanAz_slow.dat,4.1289
results2602/20260209S115237.164154E115237.164154_scanAz_slow.dat,4.0184
results2602/20260209S115238.127479E115238.127479_scanAz_slow.dat,3.9041
results2602/20260209S115239.087909E115239.087909_scanAz_slow.dat,4.2769
results2602/20260209S115240.044287E115240.044287_scanAz_slow.dat,4.2213
results2602/20260209S115241.007856E115241.007856_scanAz_slow.dat,4.1898
results2602/20260209S115241.967740E115241.967740_scanAz_slow.dat,4.2190
results2602/20260209S115242.926398E115242.926398_scanAz_slow.dat,4.1773
results2602/20260209S115243.887114E115243.887114_scanAz_slow.dat,4.3852
results2602/20260209S115244.844536E115244.844536_scanAz_slow.dat,4.0965
results2602/20260209S115245.803384E115245.803384_scanAz_slow.dat,4.2213
results2602/20260209S115246.768045E115246.768045_scanAz_slow.dat,4.2243
results2602/20260209S115247.727105E115247.727105_scanAz_slow.dat,4.1955
results2602/20260209S115248.688453E115248.688453_scanAz_slow.dat,4.1832
results2602/20260209S115249.645451E115249.645451_scanAz_slow.dat,3.9818
results2602/20260209S115250.603175E115250.603175_scanAz_slow.dat,4.2740
results2602/20260209S115251.567963E115251.567963_scanAz_slow.dat,4.1443
results2602/20260209S115252.525644E115252.525644_scanAz_slow.dat,4.1621
results2602/20260209S115253.486391E115253.486391_scanAz_slow.dat,4.1599
results2602/20260209S115254.446953E115254.446953_scanAz_slow.dat,4.2285
results2602/20260209S115255.403673E115255.403673_scanAz_slow.dat,4.1148
results2602/20260209S115256.367027E115256.367027_scanAz_slow.dat,4.2641
results2602/20260209S115257.324296E115257.324296_scanAz_slow.dat,4.0968
results2602/20260209S115258.286015E115258.286015_scanAz_slow.dat,4.3466
results2602/20260209S115259.248228E115259.248228_scanAz_slow.dat,4.2893
results2602/20260209S115300.206278E115300.206278_scanAz_slow.dat,4.1775
results2602/20260209S115301.169451E115301.169451_scanAz_slow.dat,4.3226
results2602/20260209S115302.126071E115302.126071_scanAz_slow.dat,4.4040
results2602/20260209S115303.090826E115303.090826_scanAz_slow.dat,4.1035
results2602/20260209S115304.048675E115304.048675_scanAz_slow.dat,4.2302
results2602/20260209S115305.005165E115305.005165_scanAz_slow.dat,4.0346
results2602/20260209S115305.969020E115305.969020_scanAz_slow.dat,4.0909
results2602/20260209S115306.926004E115306.926004_scanAz_slow.dat,4.2127
results2602/20260209S115307.886136E115307.886136_scanAz_slow.dat,4.1593
results2602/20260209S115308.848301E115308.848301_scanAz_slow.dat,4.1140
results2602/20260209S115309.805236E115309.805236_scanAz_slow.dat,4.4288
results2602/20260209S115310.768187E115310.768187_scanAz_slow.dat,4.2890
results2602/20260209S115311.726225E115311.726225_scanAz_slow.dat,4.0874
results2602/20260209S115312.685221E115312.685221_scanAz_slow.dat,4.0121
results2602/20260209S115313.644454E115313.644454_scanAz_slow.dat,4.1328
results2602/20260209S115314.608347E115314.608347_scanAz_slow.dat,4.1358
results2602/20260209S115315.567288E115315.567288_scanAz_slow.dat,4.2804
results2602/20260209S115316.528250E115316.528250_scanAz_slow.dat,4.1338
results2602/20260209S115317.483583E115317.483583_scanAz_slow.dat,4.2512
results2602/20260209S115318.444792E115318.444792_scanAz_slow.dat,4.1228
results2602/20260209S115319.408752E115319.408752_scanAz_slow.dat,4.1140
results2602/20260209S115320.365759E115320.365759_scanAz_slow.dat,4.1677
results2602/20260209S115321.328027E115321.328027_scanAz_slow.dat,4.2258
results2602/20260209S115322.284477E115322.284477_scanAz_slow.dat,4.2448
results2602/20260209S115323.244862E115323.244862_scanAz_slow.dat,4.1829
results2602/20260209S115324.207725E115324.207725_scanAz_slow.dat,4.1245
results2602/20260209S115325.166001E115325.166001_scanAz_slow.dat,3.9668
results2602/20260209S115326.126675E115326.126675_scanAz_slow.dat,4.1571
results2602/20260209S115327.086094E115327.086094_scanAz_slow.dat,4.2188
results2602/20260209S115328.045191E115328.045191_scanAz_slow.dat,4.0245
results2602/20260209S115329.005355E115329.005355_scanAz_slow.dat,4.0362
results2602/20260209S115329.966024E115329.966024_scanAz_slow.dat,4.2035
results2602/20260209S115330.926711E115330.926711_scanAz_slow.dat,4.1631
results2602/20260209S115331.887218E115331.887218_scanAz_slow.dat,4.1346
results2602/20260209S115332.849079E115332.849079_scanAz_slow.dat,4.0788
results2602/20260209S115333.803165E115333.803165_scanAz_slow.dat,4.1832
results2602/20260209S115334.764640E115334.764640_scanAz_slow.dat,4.4103
results2602/20260209S115335.726022E115335.726022_scanAz_slow.dat,4.1396
results2602/20260209S115336.688081E115336.688081_scanAz_slow.dat,4.0188
results2602/20260209S115337.647043E115337.647043_scanAz_slow.dat,3.9694
results2602/20260209S115338.607619E115338.607619_scanAz_slow.dat,4.1350
results2602/20260209S115339.564252E115339.564252_scanAz_slow.dat,4.3872
results2602/20260209S115340.526193E115340.526193_scanAz_slow.dat,4.0629
results2602/20260209S115341.484394E115341.484394_scanAz_slow.dat,4.0832
results2602/20260209S115342.448695E115342.448695_scanAz_slow.dat,4.1247
results2602/20260209S115343.407775E115343.407775_scanAz_slow.dat,4.3995
results2602/20260209S115344.365100E115344.365100_scanAz_slow.dat,4.3455
results2602/20260209S115345.325623E115345.325623_scanAz_slow.dat,4.1405
results2602/20260209S115346.284713E115346.284713_scanAz_slow.dat,4.3935
results2602/20260209S115347.244729E115347.244729_scanAz_slow.dat,4.2672
results2602/20260209S115348.205765E115348.205765_scanAz_slow.dat,4.2110
results2602/20260209S115349.167601E115349.167601_scanAz_slow.dat,4.4202
results2602/20260209S115350.128790E115350.128790_scanAz_slow.dat,4.4015
results2602/20260209S115351.084428E115351.084428_scanAz_slow.dat,4.1944
results2602/20260209S115352.045059E115352.045059_scanAz_slow.dat,4.0604
results2602/20260209S115353.004836E115353.004836_scanAz_slow.dat,4.1550
results2602/20260209S115353.969773E115353.969773_scanAz_slow.dat,4.1851
results2602/20260209S115354.928672E115354.928672_scanAz_slow.dat,4.0855
results2602/20260209S115355.886737E115355.886737_scanAz_slow.dat,4.2196
results2602/20260209S115356.848146E115356.848146_scanAz_slow.dat,4.2156
results2602/20260209S115357.807019E115357.807019_scanAz_slow.dat,4.1547
results2602/20260209S115358.765148E115358.765148_scanAz_slow.dat,4.3424
results2602/20260209S115359.726223E115359.726223_scanAz_slow.dat,4.3140
results2602/20260209S115400.686440E115400.686440_scanAz_slow.dat,4.1668
results2602/20260209S115401.647332E115401.647332_scanAz_slow.dat,4.2111
results2602/20260209S115402.605049E115402.605049_scanAz_slow.dat,4.1198
results2602/20260209S115403.564648E115403.564648_scanAz_slow.dat,4.0047
results2602/20260209S115404.525594E115404.525594_scanAz_slow.dat,4.2015
results2602/20260209S115405.487908E115405.487908_scanAz_slow.dat,4.3089
results2602/20260209S115406.447837E115406.447837_scanAz_slow.dat,4.3448
results2602/20260209S115407.407806E115407.407806_scanAz_slow.dat,4.4134
results2602/20260209S115408.365470E115408.365470_scanAz_slow.dat,4.3101
results2602/20260209S115409.325604E115409.325604_scanAz_slow.dat,4.2527
results2602/20260209S115410.287466E115410.287466_scanAz_slow.dat,4.0925
results2602/20260209S115411.245636E115411.245636_scanAz_slow.dat,4.3842
results2602/20260209S115412.208179E115412.208179_scanAz_slow.dat,4.2942
results2602/20260209S115413.168334E115413.168334_scanAz_slow.dat,4.2540
results2602/20260209S115414.128177E115414.128177_scanAz_slow.dat,4.1067
results2602/20260209S115415.084060E115415.084060_scanAz_slow.dat,4.1456
results2602/20260209S115416.045632E115416.045632_scanAz_slow.dat,4.2558
results2602/20260209S115417.008317E115417.008317_scanAz_slow.dat,4.4249
results2602/20260209S115417.968655E115417.968655_scanAz_slow.dat,4.3064
results2602/20260209S115418.925110E115418.925110_scanAz_slow.dat,4.2282
results2602/20260209S115419.885909E115419.885909_scanAz_slow.dat,4.0982
results2602/20260209S115420.847663E115420.847663_scanAz_slow.dat,4.2117
results2602/20260209S115421.807099E115421.807099_scanAz_slow.dat,4.0809
results2602/20260209S115422.767446E115422.767446_scanAz_slow.dat,4.2705
results2602/20260209S115423.728024E115423.728024_scanAz_slow.dat,4.2840
results2602/20260209S115424.691270E115424.691270_scanAz_slow.dat,4.2577
results2602/20260209S115425.647379E115425.647379_scanAz_slow.dat,3.9615
results2602/20260209S115426.606599E115426.606599_scanAz_slow.dat,4.1731
results2602/20260209S115427.569254E115427.569254_scanAz_slow.dat,4.0869
results2602/20260209S115428.525474E115428.525474_scanAz_slow.dat,4.2032
results2602/20260209S115429.486878E115429.486878_scanAz_slow.dat,4.2159
results2602/20260209S115430.447340E115430.447340_scanAz_slow.dat,4.2077
results2602/20260209S115431.409380E115431.409380_scanAz_slow.dat,4.1304
results2602/20260209S115432.364602E115432.364602_scanAz_slow.dat,4.0348
results2602/20260209S115433.328759E115433.328759_scanAz_slow.dat,4.0588
results2602/20260209S115434.285124E115434.285124_scanAz_slow.dat,4.3551
results2602/20260209S115435.245736E115435.245736_scanAz_slow.dat,4.1532
results2602/20260209S115436.210902E115436.210902_scanAz_slow.dat,4.1508
results2602/20260209S115437.166883E115437.166883_scanAz_slow.dat,4.4143
results2602/20260209S115438.127450E115438.127450_scanAz_slow.dat,4.2672
results2602/20260209S115439.088370E115439.088370_scanAz_slow.dat,4.0071
results2602/20260209S115440.048897E115440.048897_scanAz_slow.dat,4.3100
results2602/20260209S115441.005420E115441.005420_scanAz_slow.dat,3.9784
results2602/20260209S115441.969890E115441.969890_scanAz_slow.dat,4.2435
results2602/20260209S115442.925745E115442.925745_scanAz_slow.dat,4.3203
results2602/20260209S115443.887299E115443.887299_scanAz_slow.dat,4.2335
results2602/20260209S115444.849478E115444.849478_scanAz_slow.dat,4.3726
results2602/20260209S115445.809630E115445.809630_scanAz_slow.dat,4.2796
results2602/20260209S115446.765658E115446.765658_scanAz_slow.dat,4.1778
results2602/20260209S115447.726354E115447.726354_scanAz_slow.dat,4.2454
results2602/20260209S115448.686763E115448.686763_scanAz_slow.dat,4.2964
results2602/20260209S115449.648941E115449.648941_scanAz_slow.dat,4.3069
results2602/20260209S115450.605795E115450.605795_scanAz_slow.dat,4.2825
results2602/20260209S115451.565265E115451.565265_scanAz_slow.dat,4.2541
results2602/20260209S115452.528540E115452.528540_scanAz_slow.dat,4.1664
results2602/20260209S115453.489896E115453.489896_scanAz_slow.dat,4.2683
results2602/20260209S115454.445726E115454.445726_scanAz_slow.dat,4.1395
results2602/20260209S115455.410497E115455.410497_scanAz_slow.dat,4.3015
results2602/20260209S115456.367204E115456.367204_scanAz_slow.dat,4.1856
results2602/20260209S115457.330364E115457.330364_scanAz_slow.dat,4.1696
results2602/20260209S115458.289302E115458.289302_scanAz_slow.dat,4.3442
results2602/20260209S115459.249469E115459.249469_scanAz_slow.dat,4.3373
results2602/20260209S115500.205853E115500.205853_scanAz_slow.dat,4.2603
results2602/20260209S115501.166673E115501.166673_scanAz_slow.dat,4.3650
results2602/20260209S115502.129547E115502.129547_scanAz_slow.dat,4.2703
results2602/20260209S115503.085894E115503.085894_scanAz_slow.dat,4.1786
results2602/20260209S115504.049786E115504.049786_scanAz_slow.dat,4.0899
results2602/20260209S115505.009803E115505.009803_scanAz_slow.dat,4.4003
results2602/20260209S115505.967704E115505.967704_scanAz_slow.dat,4.3572
results2602/20260209S115506.928966E115506.928966_scanAz_slow.dat,4.4053
results2602/20260209S115507.886252E115507.886252_scanAz_slow.dat,4.2011
results2602/20260209S115508.846087E115508.846087_scanAz_slow.dat,4.1717
results2602/20260209S115509.808334E115509.808334_scanAz_slow.dat,4.3148
results2602/20260209S115510.766623E115510.766623_scanAz_slow.dat,4.1076
results2602/20260209S115511.728122E115511.728122_scanAz_slow.dat,4.1660
results2602/20260209S115512.687049E115512.687049_scanAz_slow.dat,4.2961
results2602/20260209S115513.649742E115513.649742_scanAz_slow.dat,4.3812
results2602/20260209S115514.609369E115514.609369_scanAz_slow.dat,4.3868
results2602/20260209S115515.565603E115515.565603_scanAz_slow.dat,4.1004
results2602/20260209S115516.529485E115516.529485_scanAz_slow.dat,4.2282
results2602/20260209S115517.486095E115517.486095_scanAz_slow.dat,4.2417
results2602/20260209S115518.447574E115518.447574_scanAz_slow.dat,4.1178
results2602/20260209S115519.409611E115519.409611_scanAz_slow.dat,4.0506
results2602/20260209S115520.369149E115520.369149_scanAz_slow.dat,4.1854
results2602/20260209S115521.327679E115521.327679_scanAz_slow.dat,4.2252
results2602/20260209S115522.287124E115522.287124_scanAz_slow.dat,4.1655
results2602/20260209S115523.250174E115523.250174_scanAz_slow.dat,4.1029
results2602/20260209S115524.210397E115524.210397_scanAz_slow.dat,4.2540
results2602/20260209S115525.168297E115525.168297_scanAz_slow.dat,4.1796
results2602/20260209S115526.130894E115526.130894_scanAz_slow.dat,4.0829
results2602/20260209S115527.085952E115527.085952_scanAz_slow.dat,3.9574
results2602/20260209S115528.047084E115528.047084_scanAz_slow.dat,3.9390
results2602/20260209S115529.008563E115529.008563_scanAz_slow.dat,4.0387
results2602/20260209S115529.969138E115529.969138_scanAz_slow.dat,3.9294
results2602/20260209S115530.926713E115530.926713_scanAz_slow.dat,3.6574
results2602/20260209S115531.890459E115531.890459_scanAz_slow.dat,3.6478
results2602/20260209S115532.846402E115532.846402_scanAz_slow.dat,3.8175
results2602/20260209S115533.810009E115533.810009_scanAz_slow.dat,4.0658
results2602/20260209S115534.770764E115534.770764_scanAz_slow.dat,3.9338
results2602/20260209S115535.726764E115535.726764_scanAz_slow.dat,3.6819
results2602/20260209S115536.686039E115536.686039_scanAz_slow.dat,3.6153
results2602/20260209S115537.650458E115537.650458_scanAz_slow.dat,3.5970
results2602/20260209S115538.606188E115538.606188_scanAz_slow.dat,3.7684
results2602/20260209S115539.567252E115539.567252_scanAz_slow.dat,3.8433
results2602/20260209S115540.531353E115540.531353_scanAz_slow.dat,3.5716
results2602/20260209S115541.488320E115541.488320_scanAz_slow.dat,3.9052
results2602/20260209S115542.446702E115542.446702_scanAz_slow.dat,3.5787
results2602/20260209S115543.405100E115543.405100_scanAz_slow.dat,3.8622
results2602/20260209S115544.368245E115544.368245_scanAz_slow.dat,3.7784
results2602/20260209S115545.329036E115545.329036_scanAz_slow.dat,3.5665
results2602/20260209S115546.285904E115546.285904_scanAz_slow.dat,3.8414
results2602/20260209S115547.249990E115547.249990_scanAz_slow.dat,3.7562
results2602/20260209S115548.210948E115548.210948_scanAz_slow.dat,3.8513
results2602/20260209S115549.173145E115549.173145_scanAz_slow.dat,3.4241
results2602/20260209S115550.127816E115550.127816_scanAz_slow.dat,3.7785
results2602/20260209S115551.087156E115551.087156_scanAz_slow.dat,3.5453
results2602/20260209S115552.047006E115552.047006_scanAz_slow.dat,3.7310
results2602/20260209S115553.007962E115553.007962_scanAz_slow.dat,3.8141
results2602/20260209S115553.968822E115553.968822_scanAz_slow.dat,3.6907
results2602/20260209S115554.926486E115554.926486_scanAz_slow.dat,3.9024
results2602/20260209S115555.886152E115555.886152_scanAz_slow.dat,3.9947
results2602/20260209S115556.848277E115556.848277_scanAz_slow.dat,3.9093
results2602/20260209S115557.808221E115557.808221_scanAz_slow.dat,3.6285
results2602/20260209S115558.766085E115558.766085_scanAz_slow.dat,3.7545
results2602/20260209S115559.728016E115559.728016_scanAz_slow.dat,3.6820
results2602/20260209S115600.686052E115600.686052_scanAz_slow.dat,3.6830
results2602/20260209S115601.647896E115601.647896_scanAz_slow.dat,3.6371
results2602/20260209S115602.608200E115602.608200_scanAz_slow.dat,3.6235
results2602/20260209S115603.567447E115603.567447_scanAz_slow.dat,3.6375
results2602/20260209S115604.527032E115604.527032_scanAz_slow.dat,3.6413
results2602/20260209S115605.488467E115605.488467_scanAz_slow.dat,3.7117
results2602/20260209S115606.447125E115606.447125_scanAz_slow.dat,3.9380
results2602/20260209S115607.407149E115607.407149_scanAz_slow.dat,3.8081
results2602/20260209S115608.368499E115608.368499_scanAz_slow.dat,3.7176
results2602/20260209S115609.326678E115609.326678_scanAz_slow.dat,3.5254
results2602/20260209S115610.288139E115610.288139_scanAz_slow.dat,3.8976
results2602/20260209S115611.249111E115611.249111_scanAz_slow.dat,3.9490
results2602/20260209S115612.205750E115612.205750_scanAz_slow.dat,3.6112
results2602/20260209S115613.168656E115613.168656_scanAz_slow.dat,3.5866
results2602/20260209S115614.126734E115614.126734_scanAz_slow.dat,3.9603
results2602/20260209S115615.086957E115615.086957_scanAz_slow.dat,3.6916
results2602/20260209S115616.045624E115616.045624_scanAz_slow.dat,3.8181
results2602/20260209S115617.006530E115617.006530_scanAz_slow.dat,3.7455
results2602/20260209S115617.968515E115617.968515_scanAz_slow.dat,3.7166
results2602/20260209S115618.925580E115618.925580_scanAz_slow.dat,3.7305
results2602/20260209S115619.886295E115619.886295_scanAz_slow.dat,4.0496
results2602/20260209S115620.845913E115620.845913_scanAz_slow.dat,3.7350
results2602/20260209S115621.808947E115621.808947_scanAz_slow.dat,3.7760
results2602/20260209S115622.768989E115622.768989_scanAz_slow.dat,3.6127
results2602/20260209S115623.728032E115623.728032_scanAz_slow.dat,3.8064
results2602/20260209S115624.685961E115624.685961_scanAz_slow.dat,3.4948
results2602/20260209S115625.646074E115625.646074_scanAz_slow.dat,3.5521
results2602/20260209S115626.606083E115626.606083_scanAz_slow.dat,3.7726
results2602/20260209S115627.565464E115627.565464_scanAz_slow.dat,3.7483
results2602/20260209S115628.526667E115628.526667_scanAz_slow.dat,3.6607
results2602/20260209S115629.485468E115629.485468_scanAz_slow.dat,3.6935
results2602/20260209S115630.445602E115630.445602_scanAz_slow.dat,3.6656
results2602/20260209S115631.405238E115631.405238_scanAz_slow.dat,3.6378
results2602/20260209S115632.368529E115632.368529_scanAz_slow.dat,3.8686
results2602/20260209S115633.328820E115633.328820_scanAz_slow.dat,3.7223
results2602/20260209S115634.287201E115634.287201_scanAz_slow.dat,3.5623
results2602/20260209S115635.248195E115635.248195_scanAz_slow.dat,3.6897

Total time taken: 42942.5623 seconds
