0.000000e+00 5.967782e-02 1.999799e+01 1.478871e+01
2.000000e-03 5.969653e-02 2.000199e+01 1.479264e+01
4.000000e-03 5.971814e-02 2.000665e+01 1.479721e+01
6.000000e-03 5.974304e-02 2.001206e+01 1.480251e+01
8.000000e-03 5.977176e-02 2.001834e+01 1.480866e+01
1.000000e-02 5.980506e-02 2.002568e+01 1.481584e+01
1.200000e-02 5.984407e-02 2.003436e+01 1.482432e+01
1.400000e-02 5.989051e-02 2.004478e+01 1.483450e+01
1.600000e-02 5.994723e-02 2.005766e+01 1.484707e+01
1.800000e-02 6.001941e-02 2.007426e+01 1.486326e+01
2.000000e-02 6.011823e-02 2.009734e+01 1.488576e+01
2.200000e-02 6.027628e-02 2.013488e+01 1.492233e+01
2.400000e-02 6.078482e-02 2.025237e+01 1.503672e+01
2.600000e-02 6.041767e-02 2.016834e+01 1.495497e+01
2.800000e-02 6.021490e-02 2.011978e+01 1.490775e+01
3.000000e-02 6.011738e-02 2.009664e+01 1.488527e+01
3.200000e-02 6.005999e-02 2.008333e+01 1.487236e+01
3.400000e-02 6.004767e-02 2.008025e+01 1.486940e+01
3.600000e-02 5.995738e-02 2.005978e+01 1.484952e+01
3.800000e-02 5.989751e-02 2.004596e+01 1.483611e+01
4.000000e-02 5.984822e-02 2.003467e+01 1.482517e+01
4.200000e-02 5.980613e-02 2.002511e+01 1.481591e+01
4.400000e-02 5.976960e-02 2.001687e+01 1.480793e+01
4.600000e-02 5.973760e-02 2.000969e+01 1.480098e+01
4.800000e-02 5.970941e-02 2.000338e+01 1.479488e+01
5.000000e-02 5.968450e-02 1.999783e+01 1.478952e+01
5.200000e-02 5.966247e-02 1.999293e+01 1.478479e+01
5.400000e-02 5.964304e-02 1.998862e+01 1.478064e+01
5.600000e-02 5.962597e-02 1.998483e+01 1.477699e+01
5.800000e-02 5.961107e-02 1.998153e+01 1.477382e+01
6.000000e-02 5.959819e-02 1.997868e+01 1.477109e+01
6.200000e-02 5.958724e-02 1.997625e+01 1.476876e+01
6.400000e-02 5.957810e-02 1.997422e+01 1.476683e+01
6.600000e-02 5.957073e-02 1.997258e+01 1.476527e+01
6.800000e-02 5.956505e-02 1.997131e+01 1.476407e+01
7.000000e-02 5.956105e-02 1.997040e+01 1.476323e+01
7.200000e-02 5.955870e-02 1.996986e+01 1.476274e+01
7.400000e-02 5.955798e-02 1.996966e+01 1.476259e+01
7.600000e-02 5.955890e-02 1.996983e+01 1.476279e+01
7.800000e-02 5.956148e-02 1.997035e+01 1.476333e+01
8.000000e-02 5.956574e-02 1.997124e+01 1.476424e+01
8.200000e-02 5.957171e-02 1.997250e+01 1.476550e+01
8.400000e-02 5.957945e-02 1.997414e+01 1.476714e+01
8.600000e-02 5.958901e-02 1.997618e+01 1.476916e+01
8.800000e-02 5.960047e-02 1.997863e+01 1.477158e+01
9.000000e-02 5.961391e-02 1.998152e+01 1.477443e+01
9.200000e-02 5.962944e-02 1.998486e+01 1.477772e+01
9.400000e-02 5.964717e-02 1.998868e+01 1.478148e+01
9.600000e-02 5.966726e-02 1.999302e+01 1.478574e+01
9.800000e-02 5.968987e-02 1.999791e+01 1.479053e+01
1.000000e-01 5.971518e-02 2.000340e+01 1.479591e+01
1.020000e-01 5.974342e-02 2.000954e+01 1.480192e+01
1.040000e-01 5.977487e-02 2.001639e+01 1.480863e+01
1.060000e-01 5.980983e-02 2.002402e+01 1.481609e+01
1.080000e-01 5.984868e-02 2.003252e+01 1.482440e+01
1.100000e-01 5.989187e-02 2.004200e+01 1.483366e+01
1.120000e-01 5.993996e-02 2.005258e+01 1.484400e+01
1.140000e-01 5.999360e-02 2.006442e+01 1.485556e+01
1.160000e-01 6.005363e-02 2.007772e+01 1.486853e+01
1.180000e-01 6.012110e-02 2.009272e+01 1.488316e+01
1.200000e-01 6.019733e-02 2.010973e+01 1.489976e+01
1.220000e-01 6.028403e-02 2.012917e+01 1.491872e+01
1.240000e-01 6.038344e-02 2.015158e+01 1.494057e+01
1.260000e-01 6.049860e-02 2.017770e+01 1.496602e+01
1.280000e-01 6.063370e-02 2.020854e+01 1.499609e+01
1.300000e-01 6.079486e-02 2.024564e+01 1.503224e+01
1.320000e-01 6.099148e-02 2.029134e+01 1.507677e+01
1.340000e-01 6.123929e-02 2.034964e+01 1.513357e+01
1.360000e-01 6.156795e-02 2.042799e+01 1.520991e+01
1.380000e-01 6.208284e-02 2.055007e+01 1.532887e+01
1.400000e-01 6.190378e-02 2.050826e+01 1.528818e+01
1.420000e-01 6.146214e-02 2.040260e+01 1.518530e+01
1.440000e-01 6.115362e-02 2.032925e+01 1.511391e+01
1.460000e-01 6.091593e-02 2.027345e+01 1.505962e+01
1.480000e-01 6.072436e-02 2.022896e+01 1.501635e+01
1.500000e-01 6.056529e-02 2.019233e+01 1.498074e+01
1.520000e-01 6.043040e-02 2.016149e+01 1.495076e+01
1.540000e-01 6.031417e-02 2.013507e+01 1.492508e+01
1.560000e-01 6.021263e-02 2.011209e+01 1.490276e+01
1.580000e-01 6.012311e-02 2.009192e+01 1.488317e+01
1.600000e-01 6.004349e-02 2.007404e+01 1.486580e+01
1.620000e-01 5.997217e-02 2.005806e+01 1.485030e+01
1.640000e-01 5.990790e-02 2.004370e+01 1.483637e+01
1.660000e-01 5.984968e-02 2.003072e+01 1.482377e+01
1.680000e-01 5.979671e-02 2.001892e+01 1.481234e+01
1.700000e-01 5.974836e-02 2.000817e+01 1.480191e+01
1.720000e-01 5.970408e-02 1.999833e+01 1.479238e+01
1.740000e-01 5.966344e-02 1.998931e+01 1.478364e+01
1.760000e-01 5.962606e-02 1.998101e+01 1.477561e+01
1.780000e-01 5.959163e-02 1.997336e+01 1.476821e+01
1.800000e-01 5.955989e-02 1.996631e+01 1.476139e+01
1.820000e-01 5.953059e-02 1.995980e+01 1.475510e+01
1.840000e-01 5.950354e-02 1.995379e+01 1.474928e+01
1.860000e-01 5.947856e-02 1.994822e+01 1.474391e+01
1.880000e-01 5.945549e-02 1.994308e+01 1.473894e+01
1.900000e-01 5.943420e-02 1.993832e+01 1.473436e+01
1.920000e-01 5.941457e-02 1.993393e+01 1.473012e+01
1.940000e-01 5.939649e-02 1.992987e+01 1.472621e+01
1.960000e-01 5.937986e-02 1.992612e+01 1.472260e+01
1.980000e-01 5.936459e-02 1.992267e+01 1.471929e+01
2.000000e-01 5.935062e-02 1.991950e+01 1.471624e+01
2.020000e-01 5.933786e-02 1.991659e+01 1.471345e+01
2.040000e-01 5.932627e-02 1.991393e+01 1.471090e+01
2.060000e-01 5.931578e-02 1.991150e+01 1.470858e+01
2.080000e-01 5.930635e-02 1.990931e+01 1.470648e+01
2.100000e-01 5.929793e-02 1.990733e+01 1.470460e+01
2.120000e-01 5.929050e-02 1.990556e+01 1.470292e+01
2.140000e-01 5.928401e-02 1.990399e+01 1.470143e+01
2.160000e-01 5.927845e-02 1.990263e+01 1.470014e+01
2.180000e-01 5.927381e-02 1.990146e+01 1.469904e+01
2.200000e-01 5.927006e-02 1.990048e+01 1.469813e+01
2.220000e-01 5.926722e-02 1.989969e+01 1.469741e+01
2.240000e-01 5.926529e-02 1.989911e+01 1.469688e+01
2.260000e-01 5.926430e-02 1.989873e+01 1.469654e+01
2.280000e-01 5.926430e-02 1.989856e+01 1.469642e+01
2.300000e-01 5.926539e-02 1.989864e+01 1.469654e+01
2.320000e-01 5.926770e-02 1.989899e+01 1.469692e+01
2.340000e-01 5.927148e-02 1.989967e+01 1.469762e+01
2.360000e-01 5.927716e-02 1.990080e+01 1.469876e+01
2.380000e-01 5.928564e-02 1.990259e+01 1.470054e+01
2.400000e-01 5.929917e-02 1.990560e+01 1.470350e+01
2.420000e-01 5.932739e-02 1.991214e+01 1.470990e+01
2.440000e-01 5.935306e-02 1.991785e+01 1.471549e+01
2.460000e-01 5.930732e-02 1.990688e+01 1.470486e+01
2.480000e-01 5.929188e-02 1.990294e+01 1.470107e+01
2.500000e-01 5.928305e-02 1.990061e+01 1.469884e+01
2.520000e-01 5.927746e-02 1.989906e+01 1.469737e+01
2.540000e-01 5.927390e-02 1.989798e+01 1.469636e+01
2.560000e-01 5.927180e-02 1.989723e+01 1.469567e+01
2.580000e-01 5.927084e-02 1.989675e+01 1.469524e+01
2.600000e-01 5.927082e-02 1.989647e+01 1.469501e+01
2.620000e-01 5.927162e-02 1.989638e+01 1.469496e+01
2.640000e-01 5.927314e-02 1.989644e+01 1.469506e+01
2.660000e-01 5.927532e-02 1.989665e+01 1.469530e+01
2.680000e-01 5.927812e-02 1.989698e+01 1.469566e+01
2.700000e-01 5.928148e-02 1.989744e+01 1.469615e+01
2.720000e-01 5.928539e-02 1.989802e+01 1.469675e+01
2.740000e-01 5.928982e-02 1.989870e+01 1.469745e+01
2.760000e-01 5.929476e-02 1.989949e+01 1.469826e+01
2.780000e-01 5.930018e-02 1.990038e+01 1.469916e+01
2.800000e-01 5.930607e-02 1.990137e+01 1.470016e+01
2.820000e-01 5.931243e-02 1.990246e+01 1.470126e+01
2.840000e-01 5.931925e-02 1.990364e+01 1.470245e+01
2.860000e-01 5.932651e-02 1.990491e+01 1.470372e+01
2.880000e-01 5.933421e-02 1.990628e+01 1.470509e+01
2.900000e-01 5.934236e-02 1.990773e+01 1.470655e+01
2.920000e-01 5.935093e-02 1.990928e+01 1.470809e+01
2.940000e-01 5.935994e-02 1.991091e+01 1.470972e+01
2.960000e-01 5.936938e-02 1.991264e+01 1.471143e+01
2.980000e-01 5.937925e-02 1.991445e+01 1.471323e+01
3.000000e-01 5.938955e-02 1.991635e+01 1.471512e+01
3.020000e-01 5.940027e-02 1.991834e+01 1.471710e+01
3.040000e-01 5.941143e-02 1.992042e+01 1.471916e+01
3.060000e-01 5.942303e-02 1.992259e+01 1.472130e+01
3.080000e-01 5.943506e-02 1.992485e+01 1.472354e+01
3.100000e-01 5.944754e-02 1.992720e+01 1.472586e+01
3.120000e-01 5.946046e-02 1.992964e+01 1.472828e+01
3.140000e-01 5.947384e-02 1.993217e+01 1.473078e+01
3.160000e-01 5.948767e-02 1.993480e+01 1.473338e+01
3.180000e-01 5.950197e-02 1.993753e+01 1.473607e+01
3.200000e-01 5.951675e-02 1.994036e+01 1.473886e+01
3.220000e-01 5.953202e-02 1.994328e+01 1.474175e+01
3.240000e-01 5.954778e-02 1.994631e+01 1.474473e+01
3.260000e-01 5.956405e-02 1.994945e+01 1.474782e+01
3.280000e-01 5.958084e-02 1.995269e+01 1.475101e+01
3.300000e-01 5.959817e-02 1.995605e+01 1.475432e+01
3.320000e-01 5.961605e-02 1.995952e+01 1.475773e+01
3.340000e-01 5.963450e-02 1.996311e+01 1.476127e+01
3.360000e-01 5.965355e-02 1.996683e+01 1.476492e+01
3.380000e-01 5.967322e-02 1.997067e+01 1.476870e+01
3.400000e-01 5.969353e-02 1.997466e+01 1.477261e+01
3.420000e-01 5.971451e-02 1.997878e+01 1.477667e+01
3.440000e-01 5.973621e-02 1.998306e+01 1.478087e+01
3.460000e-01 5.975867e-02 1.998750e+01 1.478522e+01
3.480000e-01 5.978193e-02 1.999211e+01 1.478975e+01
3.500000e-01 5.980605e-02 1.999691e+01 1.479446e+01
3.520000e-01 5.983111e-02 2.000191e+01 1.479936e+01
3.540000e-01 5.985721e-02 2.000714e+01 1.480449e+01
3.560000e-01 5.988447e-02 2.001262e+01 1.480986e+01
3.580000e-01 5.991309e-02 2.001841e+01 1.481554e+01
3.600000e-01 5.994333e-02 2.002458e+01 1.482157e+01
3.620000e-01 5.997571e-02 2.003123e+01 1.482809e+01
3.640000e-01 6.001143e-02 2.003867e+01 1.483536e+01
3.660000e-01 6.003996e-02 2.004436e+01 1.484094e+01
3.680000e-01 6.006530e-02 2.004925e+01 1.484574e+01
3.700000e-01 6.009386e-02 2.005490e+01 1.485127e+01
3.720000e-01 6.012488e-02 2.006111e+01 1.485735e+01
3.740000e-01 6.015813e-02 2.006784e+01 1.486394e+01
3.760000e-01 6.019358e-02 2.007506e+01 1.487100e+01
3.780000e-01 6.023131e-02 2.008279e+01 1.487857e+01
3.800000e-01 6.027151e-02 2.009109e+01 1.488668e+01
3.820000e-01 6.031451e-02 2.010002e+01 1.489541e+01
3.840000e-01 6.036073e-02 2.010969e+01 1.490486e+01
3.860000e-01 6.041082e-02 2.012026e+01 1.491518e+01
3.880000e-01 6.046574e-02 2.013194e+01 1.492659e+01
3.900000e-01 6.052691e-02 2.014509e+01 1.493943e+01
3.920000e-01 6.059667e-02 2.016028e+01 1.495426e+01
3.940000e-01 6.067914e-02 2.017852e+01 1.497205e+01
3.960000e-01 6.078273e-02 2.020188e+01 1.499483e+01
3.980000e-01 6.092938e-02 2.023575e+01 1.502784e+01
4.000000e-01 6.122933e-02 2.030601e+01 1.509628e+01
4.020000e-01 6.128249e-02 2.031752e+01 1.510753e+01
4.040000e-01 6.100890e-02 2.025183e+01 1.504361e+01
4.060000e-01 6.090633e-02 2.022653e+01 1.501902e+01
4.080000e-01 6.084900e-02 2.021227e+01 1.500518e+01
4.100000e-01 6.081371e-02 2.020336e+01 1.499654e+01
4.120000e-01 6.079175e-02 2.019764e+01 1.499101e+01
4.140000e-01 6.077897e-02 2.019409e+01 1.498760e+01
4.160000e-01 6.077307e-02 2.019216e+01 1.498575e+01
4.180000e-01 6.077268e-02 2.019151e+01 1.498515e+01
4.200000e-01 6.077696e-02 2.019193e+01 1.498560e+01
4.220000e-01 6.078539e-02 2.019329e+01 1.498697e+01
4.240000e-01 6.079769e-02 2.019554e+01 1.498920e+01
4.260000e-01 6.081373e-02 2.019864e+01 1.499226e+01
4.280000e-01 6.083355e-02 2.020260e+01 1.499615e+01
4.300000e-01 6.085737e-02 2.020748e+01 1.500093e+01
4.320000e-01 6.088559e-02 2.021335e+01 1.500669e+01
4.340000e-01 6.091887e-02 2.022040e+01 1.501359e+01
4.360000e-01 6.095830e-02 2.022888e+01 1.502189e+01
4.380000e-01 6.100564e-02 2.023922e+01 1.503199e+01
4.400000e-01 6.106398e-02 2.025218e+01 1.504465e+01
4.420000e-01 6.113922e-02 2.026921e+01 1.506127e+01
4.440000e-01 6.124509e-02 2.029370e+01 1.508515e+01
4.460000e-01 6.142792e-02 2.033684e+01 1.512720e+01
4.480000e-01 6.213374e-02 2.049528e+01 1.528156e+01
4.500000e-01 6.142494e-02 2.033517e+01 1.512564e+01
4.520000e-01 6.126412e-02 2.029632e+01 1.508786e+01
4.540000e-01 6.117429e-02 2.027471e+01 1.506686e+01
4.560000e-01 6.111350e-02 2.026018e+01 1.505275e+01
4.580000e-01 6.106881e-02 2.024952e+01 1.504241e+01
4.600000e-01 6.103447e-02 2.024132e+01 1.503447e+01
4.620000e-01 6.100743e-02 2.023485e+01 1.502821e+01
4.640000e-01 6.098588e-02 2.022965e+01 1.502319e+01
4.660000e-01 6.096865e-02 2.022545e+01 1.501914e+01
4.680000e-01 6.095494e-02 2.022206e+01 1.501587e+01
4.700000e-01 6.094420e-02 2.021934e+01 1.501326e+01
4.720000e-01 6.093601e-02 2.021719e+01 1.501121e+01
4.740000e-01 6.093007e-02 2.021554e+01 1.500964e+01
4.760000e-01 6.092615e-02 2.021434e+01 1.500851e+01
4.780000e-01 6.092405e-02 2.021354e+01 1.500777e+01
4.800000e-01 6.092363e-02 2.021311e+01 1.500739e+01
4.820000e-01 6.092476e-02 2.021301e+01 1.500734e+01
4.840000e-01 6.092736e-02 2.021323e+01 1.500759e+01
4.860000e-01 6.093132e-02 2.021375e+01 1.500813e+01
4.880000e-01 6.093658e-02 2.021455e+01 1.500895e+01
4.900000e-01 6.094309e-02 2.021561e+01 1.501002e+01
4.920000e-01 6.095078e-02 2.021692e+01 1.501134e+01
4.940000e-01 6.095961e-02 2.021848e+01 1.501289e+01
4.960000e-01 6.096955e-02 2.022027e+01 1.501468e+01
4.980000e-01 6.098057e-02 2.022229e+01 1.501668e+01
5.000000e-01 6.099263e-02 2.022453e+01 1.501890e+01
5.020000e-01 6.100572e-02 2.022699e+01 1.502133e+01
5.040000e-01 6.101981e-02 2.022965e+01 1.502397e+01
5.060000e-01 6.103490e-02 2.023253e+01 1.502680e+01
5.080000e-01 6.105097e-02 2.023561e+01 1.502984e+01
5.100000e-01 6.106802e-02 2.023890e+01 1.503308e+01
5.120000e-01 6.108605e-02 2.024239e+01 1.503652e+01
5.140000e-01 6.110505e-02 2.024608e+01 1.504016e+01
5.160000e-01 6.112503e-02 2.024999e+01 1.504399e+01
5.180000e-01 6.114601e-02 2.025410e+01 1.504803e+01
5.200000e-01 6.116800e-02 2.025842e+01 1.505228e+01
5.220000e-01 6.119102e-02 2.026296e+01 1.505674e+01
5.240000e-01 6.121511e-02 2.026772e+01 1.506142e+01
5.260000e-01 6.124030e-02 2.027272e+01 1.506633e+01
5.280000e-01 6.126666e-02 2.027798e+01 1.507148e+01
5.300000e-01 6.129427e-02 2.028349e+01 1.507689e+01
5.320000e-01 6.132322e-02 2.028931e+01 1.508259e+01
5.340000e-01 6.135368e-02 2.029546e+01 1.508862e+01
5.360000e-01 6.138590e-02 2.030201e+01 1.509503e+01
5.380000e-01 6.142036e-02 2.030908e+01 1.510196e+01
5.400000e-01 6.145945e-02 2.031721e+01 1.510991e+01
5.420000e-01 6.148636e-02 2.032245e+01 1.511506e+01
5.440000e-01 6.150704e-02 2.032617e+01 1.511872e+01
5.460000e-01 6.153146e-02 2.033076e+01 1.512323e+01
5.480000e-01 6.155806e-02 2.033586e+01 1.512823e+01
5.500000e-01 6.158645e-02 2.034135e+01 1.513362e+01
5.520000e-01 6.161642e-02 2.034720e+01 1.513936e+01
5.540000e-01 6.164784e-02 2.035336e+01 1.514540e+01
5.560000e-01 6.168066e-02 2.035982e+01 1.515173e+01
5.580000e-01 6.171470e-02 2.036655e+01 1.515831e+01
5.600000e-01 6.174994e-02 2.037352e+01 1.516515e+01
5.620000e-01 6.178647e-02 2.038077e+01 1.517224e+01
5.640000e-01 6.182427e-02 2.038828e+01 1.517960e+01
5.660000e-01 6.186334e-02 2.039606e+01 1.518722e+01
5.680000e-01 6.190369e-02 2.040411e+01 1.519510e+01
5.700000e-01 6.194534e-02 2.041243e+01 1.520324e+01
5.720000e-01 6.198832e-02 2.042103e+01 1.521166e+01
5.740000e-01 6.203266e-02 2.042992e+01 1.522035e+01
5.760000e-01 6.207841e-02 2.043911e+01 1.522934e+01
5.780000e-01 6.212563e-02 2.044860e+01 1.523862e+01
5.800000e-01 6.217439e-02 2.045842e+01 1.524823e+01
5.820000e-01 6.222477e-02 2.046859e+01 1.525817e+01
5.840000e-01 6.227690e-02 2.047913e+01 1.526848e+01
5.860000e-01 6.233092e-02 2.049007e+01 1.527918e+01
5.880000e-01 6.238702e-02 2.050147e+01 1.529033e+01
5.900000e-01 6.244545e-02 2.051338e+01 1.530197e+01
5.920000e-01 6.250662e-02 2.052590e+01 1.531421e+01
5.940000e-01 6.257106e-02 2.053916e+01 1.532716e+01
5.960000e-01 6.263966e-02 2.055337e+01 1.534104e+01
5.980000e-01 6.271389e-02 2.056888e+01 1.535620e+01
6.000000e-01 6.279662e-02 2.058642e+01 1.537333e+01
6.020000e-01 6.289467e-02 2.060764e+01 1.539405e+01
6.040000e-01 6.303335e-02 2.063861e+01 1.542427e+01
6.060000e-01 6.328926e-02 2.069515e+01 1.547941e+01
6.080000e-01 6.310430e-02 2.065133e+01 1.543674e+01
6.100000e-01 6.309536e-02 2.064709e+01 1.543264e+01
6.120000e-01 6.311329e-02 2.064933e+01 1.543487e+01
6.140000e-01 6.314348e-02 2.065451e+01 1.543996e+01
6.160000e-01 6.318110e-02 2.066144e+01 1.544675e+01
6.180000e-01 6.322395e-02 2.066956e+01 1.545471e+01
6.200000e-01 6.327086e-02 2.067861e+01 1.546356e+01
6.220000e-01 6.332112e-02 2.068840e+01 1.547315e+01
6.240000e-01 6.337431e-02 2.069883e+01 1.548336e+01
6.260000e-01 6.343013e-02 2.070984e+01 1.549412e+01
6.280000e-01 6.348839e-02 2.072136e+01 1.550539e+01
6.300000e-01 6.354896e-02 2.073338e+01 1.551715e+01
6.320000e-01 6.361174e-02 2.074586e+01 1.552936e+01
6.340000e-01 6.367668e-02 2.075880e+01 1.554201e+01
6.360000e-01 6.374373e-02 2.077218e+01 1.555509e+01
6.380000e-01 6.381288e-02 2.078599e+01 1.556860e+01
6.400000e-01 6.388412e-02 2.080024e+01 1.558253e+01
6.420000e-01 6.395743e-02 2.081492e+01 1.559688e+01
6.440000e-01 6.403284e-02 2.083003e+01 1.561165e+01
6.460000e-01 6.411036e-02 2.084558e+01 1.562685e+01
6.480000e-01 6.419001e-02 2.086157e+01 1.564248e+01
6.500000e-01 6.427181e-02 2.087800e+01 1.565854e+01
6.520000e-01 6.435579e-02 2.089487e+01 1.567504e+01
6.540000e-01 6.444200e-02 2.091221e+01 1.569198e+01
6.560000e-01 6.453048e-02 2.093001e+01 1.570938e+01
6.580000e-01 6.462127e-02 2.094829e+01 1.572725e+01
6.600000e-01 6.471443e-02 2.096705e+01 1.574559e+01
6.620000e-01 6.481000e-02 2.098631e+01 1.576441e+01
6.640000e-01 6.490806e-02 2.100608e+01 1.578373e+01
6.660000e-01 6.500867e-02 2.102638e+01 1.580357e+01
6.680000e-01 6.511190e-02 2.104721e+01 1.582393e+01
6.700000e-01 6.521785e-02 2.106860e+01 1.584484e+01
6.720000e-01 6.532658e-02 2.109057e+01 1.586632e+01
6.740000e-01 6.543821e-02 2.111314e+01 1.588837e+01
6.760000e-01 6.555285e-02 2.113632e+01 1.591103e+01
6.780000e-01 6.567061e-02 2.116016e+01 1.593433e+01
6.800000e-01 6.579164e-02 2.118467e+01 1.595829e+01
6.820000e-01 6.591609e-02 2.120989e+01 1.598294e+01
6.840000e-01 6.604414e-02 2.123586e+01 1.600833e+01
6.860000e-01 6.617601e-02 2.126264e+01 1.603450e+01
6.880000e-01 6.631195e-02 2.129027e+01 1.606151e+01
6.900000e-01 6.645228e-02 2.131883e+01 1.608943e+01
6.920000e-01 6.659737e-02 2.134841e+01 1.611834e+01
6.940000e-01 6.674770e-02 2.137911e+01 1.614836e+01
6.960000e-01 6.690392e-02 2.141110e+01 1.617962e+01
6.980000e-01 6.706690e-02 2.144457e+01 1.621235e+01
7.000000e-01 6.723789e-02 2.147984e+01 1.624683e+01
7.020000e-01 6.741886e-02 2.151739e+01 1.628353e+01
7.040000e-01 6.761316e-02 2.155806e+01 1.632329e+01
7.060000e-01 6.782782e-02 2.160355e+01 1.636776e+01
7.080000e-01 6.807960e-02 2.165679e+01 1.641981e+01
7.100000e-01 6.813350e-02 2.166479e+01 1.642767e+01
7.120000e-01 6.824087e-02 2.168444e+01 1.644691e+01
7.140000e-01 6.836729e-02 2.170860e+01 1.647055e+01
7.160000e-01 6.850699e-02 2.173584e+01 1.649720e+01
7.180000e-01 6.865715e-02 2.176544e+01 1.652617e+01
7.200000e-01 6.881620e-02 2.179701e+01 1.655705e+01
7.220000e-01 6.898319e-02 2.183030e+01 1.658962e+01
7.240000e-01 6.915752e-02 2.186516e+01 1.662373e+01
7.260000e-01 6.933882e-02 2.190150e+01 1.665929e+01
7.280000e-01 6.952685e-02 2.193925e+01 1.669623e+01
7.300000e-01 6.972148e-02 2.197838e+01 1.673452e+01
7.320000e-01 6.992266e-02 2.201887e+01 1.677414e+01
7.340000e-01 7.013039e-02 2.206071e+01 1.681509e+01
7.360000e-01 7.034471e-02 2.210391e+01 1.685736e+01
7.380000e-01 7.056569e-02 2.214848e+01 1.690098e+01
7.400000e-01 7.079345e-02 2.219443e+01 1.694596e+01
7.420000e-01 7.102813e-02 2.224180e+01 1.699233e+01
7.440000e-01 7.126985e-02 2.229061e+01 1.704011e+01
7.460000e-01 7.151880e-02 2.234089e+01 1.708934e+01
7.480000e-01 7.177518e-02 2.239268e+01 1.714005e+01
7.500000e-01 7.203920e-02 2.244603e+01 1.719229e+01
7.520000e-01 7.231110e-02 2.250098e+01 1.724610e+01
7.540000e-01 7.259110e-02 2.255758e+01 1.730153e+01
7.560000e-01 7.287947e-02 2.261589e+01 1.735863e+01
7.580000e-01 7.317650e-02 2.267594e+01 1.741746e+01
7.600000e-01 7.348247e-02 2.273781e+01 1.747807e+01
7.620000e-01 7.379769e-02 2.280156e+01 1.754052e+01
7.640000e-01 7.412250e-02 2.286726e+01 1.760489e+01
7.660000e-01 7.445725e-02 2.293496e+01 1.767124e+01
7.680000e-01 7.480230e-02 2.300476e+01 1.773964e+01
7.700000e-01 7.515805e-02 2.307672e+01 1.781016e+01
7.720000e-01 7.552490e-02 2.315093e+01 1.788291e+01
7.740000e-01 7.590329e-02 2.322747e+01 1.795795e+01
7.760000e-01 7.629368e-02 2.330644e+01 1.803537e+01
7.780000e-01 7.669656e-02 2.338794e+01 1.811529e+01
7.800000e-01 7.711243e-02 2.347206e+01 1.819779e+01
7.820000e-01 7.754184e-02 2.355892e+01 1.828298e+01
7.840000e-01 7.798535e-02 2.364863e+01 1.837098e+01
7.860000e-01 7.844358e-02 2.374131e+01 1.846191e+01
7.880000e-01 7.891715e-02 2.383708e+01 1.855589e+01
7.900000e-01 7.940675e-02 2.393609e+01 1.865306e+01
7.920000e-01 7.991309e-02 2.403848e+01 1.875355e+01
7.940000e-01 8.043693e-02 2.414440e+01 1.885752e+01
7.960000e-01 8.097907e-02 2.425400e+01 1.896514e+01
7.980000e-01 8.154036e-02 2.436746e+01 1.907655e+01
8.000000e-01 8.212172e-02 2.448496e+01 1.919195e+01
8.020000e-01 8.272409e-02 2.460669e+01 1.931153e+01
8.040000e-01 8.334850e-02 2.473285e+01 1.943547e+01
8.060000e-01 8.399603e-02 2.486366e+01 1.956401e+01
8.080000e-01 8.466785e-02 2.499934e+01 1.969737e+01
8.100000e-01 8.536518e-02 2.514015e+01 1.983579e+01
8.120000e-01 8.608933e-02 2.528634e+01 1.997952e+01
8.140000e-01 8.684171e-02 2.543820e+01 2.012885e+01
8.160000e-01 8.762382e-02 2.559601e+01 2.028406e+01
8.180000e-01 8.843724e-02 2.576009e+01 2.044548e+01
8.200000e-01 8.928370e-02 2.593078e+01 2.061344e+01
8.220000e-01 9.016504e-02 2.610845e+01 2.078829e+01
8.240000e-01 9.108320e-02 2.629347e+01 2.097043e+01
8.260000e-01 9.204032e-02 2.648628e+01 2.116026e+01
8.280000e-01 9.303865e-02 2.668730e+01 2.135823e+01
8.300000e-01 9.408064e-02 2.689703e+01 2.156482e+01
8.320000e-01 9.516892e-02 2.711597e+01 2.178053e+01
8.340000e-01 9.630632e-02 2.734468e+01 2.200593e+01
8.360000e-01 9.749591e-02 2.758376e+01 2.224160e+01
8.380000e-01 9.874098e-02 2.783386e+01 2.248820e+01
8.400000e-01 1.000451e-01 2.809567e+01 2.274640e+01
8.420000e-01 1.014123e-01 2.836995e+01 2.301698e+01
8.440000e-01 1.028466e-01 2.865752e+01 2.330074e+01
8.460000e-01 1.043526e-01 2.895927e+01 2.359857e+01
8.480000e-01 1.059355e-01 2.927617e+01 2.391144e+01
8.500000e-01 1.076005e-01 2.960926e+01 2.424039e+01
8.520000e-01 1.093538e-01 2.995971e+01 2.458657e+01
8.540000e-01 1.112018e-01 3.032877e+01 2.495125e+01
8.560000e-01 1.131516e-01 3.071782e+01 2.533579e+01
8.580000e-01 1.152114e-01 3.112838e+01 2.574171e+01
8.600000e-01 1.173897e-01 3.156213e+01 2.617068e+01
8.620000e-01 1.196962e-01 3.202092e+01 2.662457e+01
8.640000e-01 1.221419e-01 3.250682e+01 2.710542e+01
8.660000e-01 1.247388e-01 3.302215e+01 2.761555e+01
8.680000e-01 1.275005e-01 3.356950e+01 2.815756e+01
8.700000e-01 1.304426e-01 3.415181e+01 2.873437e+01
8.720000e-01 1.335826e-01 3.477244e+01 2.934934e+01
8.740000e-01 1.369409e-01 3.543527e+01 3.000634e+01
8.760000e-01 1.405410e-01 3.614477e+01 3.070983e+01
8.780000e-01 1.444108e-01 3.690621e+01 3.146508e+01
8.800000e-01 1.485831e-01 3.772584e+01 3.227833e+01
8.820000e-01 1.530973e-01 3.861115e+01 3.315704e+01
8.840000e-01 1.580013e-01 3.957120e+01 3.411026e+01
8.860000e-01 1.633535e-01 4.061710e+01 3.514910e+01
8.880000e-01 1.692267e-01 4.176263e+01 3.628729e+01
8.900000e-01 1.757121e-01 4.302507e+01 3.754209e+01
8.920000e-01 1.829259e-01 4.442646e+01 3.893550e+01
8.940000e-01 1.910191e-01 4.599544e+01 4.049613e+01
8.960000e-01 2.001928e-01 4.777026e+01 4.226216e+01
8.980000e-01 2.107254e-01 4.980410e+01 4.428669e+01
9.000000e-01 2.230251e-01 5.217538e+01 4.664803e+01
9.020000e-01 2.377523e-01 5.501124e+01 4.947311e+01
9.040000e-01 2.562086e-01 5.855697e+01 5.300683e+01
9.060000e-01 2.856925e-01 6.404400e+01 5.847788e+01
9.080000e-01 2.744228e-01 6.200342e+01 5.644298e+01
9.100000e-01 2.505307e-01 5.746826e+01 5.192180e+01
9.120000e-01 2.333144e-01 5.415709e+01 4.862232e+01
9.140000e-01 2.193434e-01 5.146593e+01 4.594177e+01
9.160000e-01 2.075774e-01 4.919650e+01 4.368220e+01
9.180000e-01 1.974467e-01 4.723910e+01 4.173406e+01
9.200000e-01 1.885870e-01 4.552390e+01 4.002763e+01
9.220000e-01 1.807454e-01 4.400264e+01 3.851471e+01
9.240000e-01 1.737369e-01 4.264015e+01 3.716020e+01
9.260000e-01 1.674214e-01 4.140987e+01 3.593758e+01
9.280000e-01 1.616904e-01 4.029125e+01 3.482633e+01
9.300000e-01 1.564585e-01 3.926809e+01 3.381028e+01
9.320000e-01 1.516572e-01 3.832743e+01 3.287649e+01
9.340000e-01 1.472314e-01 3.745879e+01 3.201451e+01
9.360000e-01 1.431358e-01 3.665359e+01 3.121575e+01
9.380000e-01 1.393329e-01 3.590471e+01 3.047313e+01
9.400000e-01 1.357915e-01 3.520622e+01 2.978070e+01
9.420000e-01 1.324850e-01 3.455306e+01 2.913345e+01
9.440000e-01 1.293908e-01 3.394096e+01 2.852708e+01
9.460000e-01 1.264894e-01 3.336619e+01 2.795788e+01
9.480000e-01 1.237637e-01 3.282551e+01 2.742264e+01
9.500000e-01 1.211990e-01 3.231610e+01 2.691850e+01
9.520000e-01 1.187819e-01 3.183543e+01 2.644297e+01
9.540000e-01 1.165008e-01 3.138127e+01 2.599380e+01
9.560000e-01 1.143452e-01 3.095161e+01 2.556900e+01
9.580000e-01 1.123057e-01 3.054465e+01 2.516678e+01
9.600000e-01 1.103736e-01 3.015876e+01 2.478549e+01
9.620000e-01 1.085414e-01 2.979246e+01 2.442366e+01
9.640000e-01 1.068020e-01 2.944440e+01 2.407996e+01
9.660000e-01 1.051491e-01 2.911335e+01 2.375316e+01
9.680000e-01 1.035769e-01 2.879820e+01 2.344214e+01
9.700000e-01 1.020799e-01 2.849791e+01 2.314588e+01
9.720000e-01 1.006534e-01 2.821154e+01 2.286342e+01
9.740000e-01 9.929286e-02 2.793822e+01 2.259392e+01
9.760000e-01 9.799415e-02 2.767715e+01 2.233656e+01
9.780000e-01 9.675346e-02 2.742759e+01 2.209061e+01
9.800000e-01 9.556725e-02 2.718884e+01 2.185538e+01
9.820000e-01 9.443233e-02 2.696028e+01 2.163025e+01
9.840000e-01 9.334571e-02 2.674133e+01 2.141464e+01
9.860000e-01 9.230460e-02 2.653144e+01 2.120801e+01
9.880000e-01 9.130643e-02 2.633012e+01 2.100986e+01
9.900000e-01 9.034880e-02 2.613688e+01 2.081971e+01
9.920000e-01 8.942948e-02 2.595129e+01 2.063713e+01
9.940000e-01 8.854641e-02 2.577294e+01 2.046172e+01
9.960000e-01 8.769766e-02 2.560146e+01 2.029310e+01
9.980000e-01 8.688141e-02 2.543648e+01 2.013091e+01
1.000000e+00 8.609600e-02 2.527767e+01 1.997483e+01
1.002000e+00 8.533986e-02 2.512474e+01 1.982455e+01
1.004000e+00 8.461151e-02 2.497738e+01 1.967977e+01
1.006000e+00 8.390959e-02 2.483532e+01 1.954024e+01
1.008000e+00 8.323282e-02 2.469831e+01 1.940570e+01
1.010000e+00 8.257989e-02 2.456609e+01 1.927588e+01
1.012000e+00 8.194947e-02 2.443839e+01 1.915052e+01
1.014000e+00 8.134080e-02 2.431506e+01 1.902949e+01
1.016000e+00 8.075285e-02 2.419591e+01 1.891257e+01
1.018000e+00 8.018466e-02 2.408073e+01 1.879957e+01
1.020000e+00 7.963532e-02 2.396935e+01 1.869033e+01
1.022000e+00 7.910400e-02 2.386160e+01 1.858466e+01
1.024000e+00 7.858990e-02 2.375732e+01 1.848241e+01
1.026000e+00 7.809227e-02 2.365636e+01 1.838345e+01
1.028000e+00 7.761041e-02 2.355859e+01 1.828761e+01
1.030000e+00 7.714364e-02 2.346386e+01 1.819478e+01
1.032000e+00 7.669134e-02 2.337206e+01 1.810483e+01
1.034000e+00 7.625292e-02 2.328306e+01 1.801764e+01
1.036000e+00 7.582782e-02 2.319675e+01 1.793310e+01
1.038000e+00 7.541552e-02 2.311303e+01 1.785111e+01
1.040000e+00 7.501553e-02 2.303180e+01 1.777158e+01
1.042000e+00 7.462745e-02 2.295299e+01 1.769442e+01
1.044000e+00 7.425114e-02 2.287657e+01 1.761962e+01
1.046000e+00 7.388364e-02 2.280188e+01 1.754652e+01
1.048000e+00 7.352657e-02 2.272929e+01 1.747549e+01
1.050000e+00 7.317974e-02 2.265879e+01 1.740650e+01
1.052000e+00 7.284267e-02 2.259027e+01 1.733947e+01
1.054000e+00 7.251497e-02 2.252364e+01 1.727430e+01
1.056000e+00 7.219627e-02 2.245884e+01 1.721093e+01
1.058000e+00 7.188622e-02 2.239580e+01 1.714928e+01
1.060000e+00 7.158452e-02 2.233445e+01 1.708929e+01
1.062000e+00 7.129085e-02 2.227472e+01 1.703091e+01
1.064000e+00 7.100492e-02 2.221657e+01 1.697407e+01
1.066000e+00 7.072647e-02 2.215994e+01 1.691871e+01
1.068000e+00 7.045524e-02 2.210476e+01 1.686480e+01
1.070000e+00 7.019098e-02 2.205101e+01 1.681227e+01
1.072000e+00 6.993345e-02 2.199861e+01 1.676109e+01
1.074000e+00 6.968243e-02 2.194755e+01 1.671120e+01
1.076000e+00 6.943772e-02 2.189776e+01 1.666257e+01
1.078000e+00 6.919910e-02 2.184920e+01 1.661516e+01
1.080000e+00 6.896640e-02 2.180185e+01 1.656892e+01
1.082000e+00 6.873942e-02 2.175567e+01 1.652383e+01
1.084000e+00 6.851801e-02 2.171061e+01 1.647984e+01
1.086000e+00 6.830200e-02 2.166666e+01 1.643694e+01
1.088000e+00 6.809126e-02 2.162378e+01 1.639509e+01
1.090000e+00 6.788565e-02 2.158195e+01 1.635426e+01
1.092000e+00 6.768508e-02 2.154114e+01 1.631445e+01
1.094000e+00 6.748946e-02 2.150136e+01 1.627563e+01
1.096000e+00 6.729877e-02 2.146258e+01 1.623780e+01
1.098000e+00 6.711303e-02 2.142484e+01 1.620098e+01
1.100000e+00 6.693241e-02 2.138817e+01 1.616522e+01
1.102000e+00 6.675735e-02 2.135269e+01 1.613061e+01
1.104000e+00 6.658923e-02 2.131871e+01 1.609748e+01
1.106000e+00 6.641301e-02 2.128270e+01 1.606237e+01
1.108000e+00 6.623789e-02 2.124680e+01 1.602736e+01
1.110000e+00 6.606847e-02 2.121213e+01 1.599356e+01
1.112000e+00 6.590376e-02 2.117847e+01 1.596075e+01
1.114000e+00 6.574324e-02 2.114569e+01 1.592880e+01
1.116000e+00 6.558657e-02 2.111371e+01 1.589764e+01
1.118000e+00 6.543351e-02 2.108248e+01 1.586720e+01
1.120000e+00 6.528389e-02 2.105195e+01 1.583746e+01
1.122000e+00 6.513755e-02 2.102210e+01 1.580837e+01
1.124000e+00 6.499437e-02 2.099289e+01 1.577992e+01
1.126000e+00 6.485423e-02 2.096431e+01 1.575207e+01
1.128000e+00 6.471703e-02 2.093633e+01 1.572482e+01
1.130000e+00 6.458268e-02 2.090892e+01 1.569813e+01
1.132000e+00 6.445109e-02 2.088208e+01 1.567199e+01
1.134000e+00 6.432218e-02 2.085579e+01 1.564639e+01
1.136000e+00 6.419588e-02 2.083002e+01 1.562130e+01
1.138000e+00 6.407210e-02 2.080478e+01 1.559672e+01
1.140000e+00 6.395078e-02 2.078003e+01 1.557263e+01
1.142000e+00 6.383186e-02 2.075577e+01 1.554901e+01
1.144000e+00 6.371526e-02 2.073198e+01 1.552586e+01
1.146000e+00 6.360093e-02 2.070865e+01 1.550316e+01
1.148000e+00 6.348882e-02 2.068578e+01 1.548090e+01
1.150000e+00 6.337886e-02 2.066334e+01 1.545907e+01
1.152000e+00 6.327100e-02 2.064133e+01 1.543765e+01
1.154000e+00 6.316519e-02 2.061974e+01 1.541665e+01
1.156000e+00 6.306138e-02 2.059855e+01 1.539604e+01
1.158000e+00 6.295953e-02 2.057776e+01 1.537582e+01
1.160000e+00 6.285957e-02 2.055736e+01 1.535597e+01
1.162000e+00 6.276148e-02 2.053733e+01 1.533650e+01
1.164000e+00 6.266520e-02 2.051768e+01 1.531739e+01
1.166000e+00 6.257070e-02 2.049839e+01 1.529863e+01
1.168000e+00 6.247793e-02 2.047945e+01 1.528021e+01
1.170000e+00 6.238686e-02 2.046085e+01 1.526213e+01
1.172000e+00 6.229744e-02 2.044259e+01 1.524439e+01
1.174000e+00 6.220965e-02 2.042466e+01 1.522696e+01
1.176000e+00 6.212345e-02 2.040706e+01 1.520985e+01
1.178000e+00 6.203880e-02 2.038977e+01 1.519305e+01
1.180000e+00 6.195566e-02 2.037279e+01 1.517655e+01
1.182000e+00 6.187402e-02 2.035611e+01 1.516034e+01
1.184000e+00 6.179384e-02 2.033973e+01 1.514443e+01
1.186000e+00 6.171509e-02 2.032364e+01 1.512880e+01
1.188000e+00 6.163774e-02 2.030784e+01 1.511344e+01
1.190000e+00 6.156176e-02 2.029232e+01 1.509836e+01
1.192000e+00 6.148713e-02 2.027707e+01 1.508355e+01
1.194000e+00 6.141383e-02 2.026209e+01 1.506901e+01
1.196000e+00 6.134182e-02 2.024737e+01 1.505472e+01
1.198000e+00 6.127110e-02 2.023292e+01 1.504068e+01
1.200000e+00 6.120162e-02 2.021872e+01 1.502689e+01
1.202000e+00 6.113339e-02 2.020477e+01 1.501335e+01
1.204000e+00 6.106636e-02 2.019107e+01 1.500005e+01
1.206000e+00 6.100052e-02 2.017761e+01 1.498699e+01
1.208000e+00 6.093587e-02 2.016439e+01 1.497416e+01
1.210000e+00 6.087237e-02 2.015141e+01 1.496156e+01
1.212000e+00 6.081001e-02 2.013866e+01 1.494919e+01
1.214000e+00 6.074879e-02 2.012615e+01 1.493705e+01
1.216000e+00 6.068867e-02 2.011386e+01 1.492512e+01
1.218000e+00 6.062966e-02 2.010180e+01 1.491342e+01
1.220000e+00 6.057174e-02 2.008995e+01 1.490193e+01
1.222000e+00 6.051490e-02 2.007833e+01 1.489066e+01
1.224000e+00 6.045913e-02 2.006693e+01 1.487961e+01
1.226000e+00 6.040442e-02 2.005575e+01 1.486876e+01
1.228000e+00 6.035076e-02 2.004478e+01 1.485813e+01
1.230000e+00 6.029816e-02 2.003403e+01 1.484771e+01
1.232000e+00 6.024659e-02 2.002350e+01 1.483749e+01
1.234000e+00 6.019608e-02 2.001318e+01 1.482749e+01
1.236000e+00 6.014660e-02 2.000307e+01 1.481769e+01
1.238000e+00 6.009818e-02 1.999318e+01 1.480811e+01
1.240000e+00 6.005080e-02 1.998351e+01 1.479874e+01
1.242000e+00 6.000447e-02 1.997406e+01 1.478958e+01
1.244000e+00 5.995921e-02 1.996483e+01 1.478064e+01
1.246000e+00 5.991503e-02 1.995582e+01 1.477191e+01
1.248000e+00 5.987194e-02 1.994705e+01 1.476341e+01
1.250000e+00 5.982997e-02 1.993850e+01 1.475514e+01
1.252000e+00 5.978913e-02 1.993020e+01 1.474710e+01
1.254000e+00 5.974947e-02 1.992214e+01 1.473930e+01
1.256000e+00 5.971103e-02 1.991435e+01 1.473175e+01
1.258000e+00 5.967385e-02 1.990682e+01 1.472447e+01
1.260000e+00 5.963799e-02 1.989958e+01 1.471746e+01
1.262000e+00 5.960355e-02 1.989264e+01 1.471075e+01
1.264000e+00 5.957061e-02 1.988603e+01 1.470437e+01
1.266000e+00 5.953930e-02 1.987979e+01 1.469833e+01
1.268000e+00 5.950979e-02 1.987394e+01 1.469267e+01
1.270000e+00 5.948229e-02 1.986853e+01 1.468746e+01
1.272000e+00 5.945707e-02 1.986365e+01 1.468275e+01
1.274000e+00 5.943450e-02 1.985938e+01 1.467864e+01
1.276000e+00 5.941511e-02 1.985586e+01 1.467525e+01
1.278000e+00 5.939970e-02 1.985328e+01 1.467278e+01
1.280000e+00 5.938957e-02 1.985200e+01 1.467157e+01
1.282000e+00 5.938757e-02 1.985272e+01 1.467231e+01
1.284000e+00 5.942218e-02 1.986154e+01 1.468093e+01
1.286000e+00 5.932928e-02 1.984116e+01 1.466114e+01
1.288000e+00 5.925898e-02 1.982551e+01 1.464596e+01
1.290000e+00 5.919843e-02 1.981225e+01 1.463311e+01
1.292000e+00 5.914375e-02 1.980043e+01 1.462165e+01
1.294000e+00 5.909342e-02 1.978966e+01 1.461121e+01
1.296000e+00 5.904661e-02 1.977971e+01 1.460157e+01
1.298000e+00 5.900276e-02 1.977046e+01 1.459261e+01
1.300000e+00 5.896154e-02 1.976180e+01 1.458423e+01
1.302000e+00 5.892271e-02 1.975369e+01 1.457639e+01
1.304000e+00 5.888616e-02 1.974610e+01 1.456904e+01
1.306000e+00 5.885182e-02 1.973900e+01 1.456218e+01
1.308000e+00 5.881972e-02 1.973241e+01 1.455581e+01
1.310000e+00 5.878997e-02 1.972636e+01 1.454996e+01
1.312000e+00 5.876280e-02 1.972089e+01 1.454469e+01
1.314000e+00 5.873856e-02 1.971611e+01 1.454007e+01
1.316000e+00 5.871785e-02 1.971215e+01 1.453626e+01
1.318000e+00 5.870167e-02 1.970927e+01 1.453350e+01
1.320000e+00 5.869174e-02 1.970791e+01 1.453222e+01
1.322000e+00 5.869137e-02 1.970890e+01 1.453322e+01
1.324000e+00 5.871134e-02 1.971465e+01 1.453884e+01
1.326000e+00 5.865367e-02 1.970195e+01 1.452654e+01
1.328000e+00 5.858098e-02 1.968545e+01 1.451054e+01
1.330000e+00 5.852164e-02 1.967221e+01 1.449770e+01
1.332000e+00 5.847008e-02 1.966088e+01 1.448673e+01
1.334000e+00 5.842371e-02 1.965081e+01 1.447697e+01
1.336000e+00 5.838111e-02 1.964162e+01 1.446808e+01
1.338000e+00 5.834138e-02 1.963311e+01 1.445985e+01
1.340000e+00 5.830396e-02 1.962513e+01 1.445213e+01
1.342000e+00 5.826845e-02 1.961759e+01 1.444484e+01
1.344000e+00 5.823457e-02 1.961042e+01 1.443790e+01
1.346000e+00 5.820209e-02 1.960356e+01 1.443127e+01
1.348000e+00 5.817086e-02 1.959697e+01 1.442491e+01
1.350000e+00 5.814074e-02 1.959063e+01 1.441878e+01
1.352000e+00 5.811164e-02 1.958451e+01 1.441288e+01
1.354000e+00 5.808346e-02 1.957860e+01 1.440716e+01
1.356000e+00 5.805616e-02 1.957287e+01 1.440163e+01
1.358000e+00 5.802966e-02 1.956731e+01 1.439627e+01
1.360000e+00 5.800392e-02 1.956192e+01 1.439107e+01
1.362000e+00 5.797891e-02 1.955668e+01 1.438602e+01
1.364000e+00 5.795459e-02 1.955159e+01 1.438111e+01
1.366000e+00 5.793094e-02 1.954664e+01 1.437634e+01
1.368000e+00 5.790792e-02 1.954182e+01 1.437170e+01
1.370000e+00 5.788551e-02 1.953714e+01 1.436718e+01
1.372000e+00 5.786370e-02 1.953258e+01 1.436279e+01
1.374000e+00 5.784248e-02 1.952814e+01 1.435851e+01
1.376000e+00 5.782182e-02 1.952382e+01 1.435435e+01
1.378000e+00 5.780171e-02 1.951961e+01 1.435031e+01
1.380000e+00 5.778215e-02 1.951552e+01 1.434637e+01
1.382000e+00 5.776312e-02 1.951154e+01 1.434254e+01
1.384000e+00 5.774462e-02 1.950768e+01 1.433882e+01
1.386000e+00 5.772664e-02 1.950391e+01 1.433520e+01
1.388000e+00 5.770918e-02 1.950026e+01 1.433169e+01
1.390000e+00 5.769222e-02 1.949671e+01 1.432828e+01
1.392000e+00 5.767576e-02 1.949327e+01 1.432498e+01
1.394000e+00 5.765981e-02 1.948993e+01 1.432177e+01
1.396000e+00 5.764436e-02 1.948670e+01 1.431867e+01
1.398000e+00 5.762940e-02 1.948357e+01 1.431566e+01
1.400000e+00 5.761495e-02 1.948054e+01 1.431276e+01
1.402000e+00 5.760099e-02 1.947762e+01 1.430996e+01
1.404000e+00 5.758753e-02 1.947479e+01 1.430726e+01
1.406000e+00 5.757456e-02 1.947208e+01 1.430466e+01
1.408000e+00 5.756210e-02 1.946947e+01 1.430216e+01
1.410000e+00 5.755015e-02 1.946696e+01 1.429976e+01
1.412000e+00 5.753870e-02 1.946456e+01 1.429746e+01
1.414000e+00 5.752777e-02 1.946226e+01 1.429527e+01
1.416000e+00 5.751735e-02 1.946007e+01 1.429319e+01
1.418000e+00 5.750746e-02 1.945800e+01 1.429121e+01
1.420000e+00 5.749810e-02 1.945603e+01 1.428933e+01
1.422000e+00 5.748927e-02 1.945417e+01 1.428757e+01
1.424000e+00 5.748099e-02 1.945243e+01 1.428591e+01
1.426000e+00 5.747326e-02 1.945080e+01 1.428437e+01
1.428000e+00 5.746610e-02 1.944929e+01 1.428294e+01
1.430000e+00 5.745951e-02 1.944791e+01 1.428163e+01
1.432000e+00 5.745350e-02 1.944664e+01 1.428044e+01
1.434000e+00 5.744809e-02 1.944550e+01 1.427937e+01
1.436000e+00 5.744329e-02 1.944448e+01 1.427842e+01
1.438000e+00 5.743912e-02 1.944360e+01 1.427760e+01
1.440000e+00 5.743559e-02 1.944285e+01 1.427691e+01
1.442000e+00 5.743272e-02 1.944224e+01 1.427636e+01
1.444000e+00 5.743052e-02 1.944177e+01 1.427594e+01
1.446000e+00 5.742901e-02 1.944145e+01 1.427567e+01
1.448000e+00 5.742822e-02 1.944127e+01 1.427554e+01
1.450000e+00 5.742817e-02 1.944125e+01 1.427556e+01
1.452000e+00 5.742887e-02 1.944139e+01 1.427573e+01
1.454000e+00 5.743036e-02 1.944170e+01 1.427607e+01
1.456000e+00 5.743267e-02 1.944218e+01 1.427657e+01
1.458000e+00 5.743581e-02 1.944284e+01 1.427725e+01
1.460000e+00 5.743982e-02 1.944368e+01 1.427810e+01
1.462000e+00 5.744474e-02 1.944471e+01 1.427914e+01
1.464000e+00 5.745061e-02 1.944594e+01 1.428038e+01
1.466000e+00 5.745744e-02 1.944738e+01 1.428181e+01
1.468000e+00 5.746530e-02 1.944903e+01 1.428346e+01
1.470000e+00 5.747422e-02 1.945091e+01 1.428533e+01
1.472000e+00 5.748425e-02 1.945303e+01 1.428742e+01
1.474000e+00 5.749544e-02 1.945539e+01 1.428975e+01
1.476000e+00 5.750784e-02 1.945801e+01 1.429234e+01
1.478000e+00 5.752152e-02 1.946090e+01 1.429519e+01
1.480000e+00 5.753653e-02 1.946408e+01 1.429831e+01
1.482000e+00 5.755294e-02 1.946755e+01 1.430173e+01
1.484000e+00 5.757082e-02 1.947134e+01 1.430545e+01
1.486000e+00 5.759026e-02 1.947547e+01 1.430950e+01
1.488000e+00 5.761134e-02 1.947994e+01 1.431388e+01
1.490000e+00 5.763414e-02 1.948478e+01 1.431863e+01
1.492000e+00 5.765877e-02 1.949002e+01 1.432376e+01
1.494000e+00 5.768534e-02 1.949568e+01 1.432929e+01
1.496000e+00 5.771396e-02 1.950177e+01 1.433525e+01
1.498000e+00 5.774475e-02 1.950833e+01 1.434167e+01
1.500000e+00 5.777787e-02 1.951540e+01 1.434857e+01
1.502000e+00 5.781344e-02 1.952299e+01 1.435599e+01
1.504000e+00 5.785165e-02 1.953116e+01 1.436396e+01
1.506000e+00 5.789266e-02 1.953993e+01 1.437253e+01
1.508000e+00 5.793668e-02 1.954936e+01 1.438173e+01
1.510000e+00 5.798392e-02 1.955948e+01 1.439161e+01
1.512000e+00 5.803462e-02 1.957036e+01 1.440222e+01
1.514000e+00 5.808903e-02 1.958204e+01 1.441361e+01
1.516000e+00 5.814745e-02 1.959460e+01 1.442586e+01
1.518000e+00 5.821019e-02 1.960810e+01 1.443902e+01
1.520000e+00 5.827760e-02 1.962263e+01 1.445319e+01
1.522000e+00 5.835009e-02 1.963827e+01 1.446843e+01
1.524000e+00 5.842810e-02 1.965512e+01 1.448485e+01
1.526000e+00 5.851211e-02 1.967330e+01 1.450256e+01
1.528000e+00 5.860270e-02 1.969293e+01 1.452169e+01
1.530000e+00 5.870050e-02 1.971415e+01 1.454236e+01
1.532000e+00 5.880625e-02 1.973714e+01 1.456476e+01
1.534000e+00 5.892078e-02 1.976208e+01 1.458905e+01
1.536000e+00 5.904509e-02 1.978921e+01 1.461547e+01
1.538000e+00 5.918033e-02 1.981878e+01 1.464427e+01
1.540000e+00 5.932788e-02 1.985112e+01 1.467577e+01
1.542000e+00 5.948941e-02 1.988662e+01 1.471034e+01
1.544000e+00 5.966673e-02 1.992569e+01 1.474839e+01
1.546000e+00 5.986231e-02 1.996892e+01 1.479049e+01
1.548000e+00 6.007943e-02 2.001707e+01 1.483739e+01
1.550000e+00 6.032199e-02 2.007107e+01 1.488998e+01
1.552000e+00 6.059501e-02 2.013211e+01 1.494944e+01
1.554000e+00 6.090508e-02 2.020178e+01 1.501731e+01
1.556000e+00 6.126105e-02 2.028221e+01 1.509567e+01
1.558000e+00 6.167519e-02 2.037642e+01 1.518747e+01
1.560000e+00 6.216528e-02 2.048880e+01 1.529700e+01
1.562000e+00 6.275891e-02 2.062629e+01 1.543103e+01
1.564000e+00 6.350352e-02 2.080089e+01 1.560130e+01
1.566000e+00 6.449907e-02 2.103740e+01 1.583204e+01
1.568000e+00 6.652049e-02 2.149761e+01 1.628134e+01
1.570000e+00 6.460910e-02 2.106407e+01 1.585814e+01
1.572000e+00 6.355688e-02 2.081437e+01 1.561460e+01
1.574000e+00 6.277395e-02 2.063092e+01 1.543578e+01
1.576000e+00 6.214891e-02 2.048633e+01 1.529490e+01
1.578000e+00 6.163114e-02 2.036778e+01 1.517945e+01
1.580000e+00 6.119163e-02 2.026799e+01 1.508229e+01
1.582000e+00 6.081183e-02 2.018234e+01 1.499893e+01
1.584000e+00 6.047901e-02 2.010772e+01 1.492632e+01
1.586000e+00 6.018404e-02 2.004192e+01 1.486231e+01
1.588000e+00 5.992011e-02 1.998329e+01 1.480530e+01
1.590000e+00 5.968207e-02 1.993062e+01 1.475409e+01
1.592000e+00 5.946590e-02 1.988296e+01 1.470775e+01
1.594000e+00 5.926843e-02 1.983955e+01 1.466556e+01
1.596000e+00 5.908714e-02 1.979980e+01 1.462694e+01
1.598000e+00 5.891998e-02 1.976325e+01 1.459143e+01
1.600000e+00 5.876527e-02 1.972949e+01 1.455864e+01
1.602000e+00 5.862162e-02 1.969822e+01 1.452826e+01
1.604000e+00 5.848785e-02 1.966915e+01 1.450004e+01
1.606000e+00 5.836298e-02 1.964205e+01 1.447374e+01
1.608000e+00 5.824615e-02 1.961675e+01 1.444917e+01
1.610000e+00 5.813661e-02 1.959306e+01 1.442618e+01
1.612000e+00 5.803373e-02 1.957084e+01 1.440462e+01
1.614000e+00 5.793695e-02 1.954996e+01 1.438437e+01
1.616000e+00 5.784576e-02 1.953031e+01 1.436531e+01
1.618000e+00 5.775972e-02 1.951180e+01 1.434736e+01
1.620000e+00 5.767845e-02 1.949433e+01 1.433042e+01
1.622000e+00 5.760159e-02 1.947783e+01 1.431442e+01
1.624000e+00 5.752884e-02 1.946222e+01 1.429930e+01
1.626000e+00 5.745992e-02 1.944745e+01 1.428498e+01
1.628000e+00 5.739458e-02 1.943347e+01 1.427143e+01
1.630000e+00 5.733261e-02 1.942021e+01 1.425860e+01
1.632000e+00 5.727382e-02 1.940766e+01 1.424643e+01
1.634000e+00 5.721805e-02 1.939576e+01 1.423491e+01
1.636000e+00 5.716516e-02 1.938449e+01 1.422400e+01
1.638000e+00 5.711505e-02 1.937383e+01 1.421369e+01
1.640000e+00 5.706766e-02 1.936377e+01 1.420396e+01
1.642000e+00 5.702297e-02 1.935431e+01 1.419481e+01
1.644000e+00 5.698106e-02 1.934548e+01 1.418627e+01
1.646000e+00 5.694217e-02 1.933735e+01 1.417840e+01
1.648000e+00 5.690785e-02 1.933025e+01 1.417155e+01
1.650000e+00 5.686769e-02 1.932172e+01 1.416331e+01
1.652000e+00 5.681781e-02 1.931087e+01 1.415280e+01
1.654000e+00 5.677284e-02 1.930113e+01 1.414338e+01
1.656000e+00 5.673048e-02 1.929200e+01 1.413455e+01
1.658000e+00 5.669026e-02 1.928335e+01 1.412619e+01
1.660000e+00 5.665189e-02 1.927512e+01 1.411824e+01
1.662000e+00 5.661516e-02 1.926726e+01 1.411064e+01
1.664000e+00 5.657994e-02 1.925973e+01 1.410336e+01
1.666000e+00 5.654610e-02 1.925250e+01 1.409638e+01
1.668000e+00 5.651352e-02 1.924554e+01 1.408967e+01
1.670000e+00 5.648214e-02 1.923884e+01 1.408320e+01
1.672000e+00 5.645186e-02 1.923239e+01 1.407697e+01
1.674000e+00 5.642262e-02 1.922615e+01 1.407095e+01
1.676000e+00 5.639435e-02 1.922013e+01 1.406514e+01
1.678000e+00 5.636701e-02 1.921430e+01 1.405953e+01
1.680000e+00 5.634054e-02 1.920867e+01 1.405409e+01
1.682000e+00 5.631490e-02 1.920320e+01 1.404883e+01
1.684000e+00 5.629005e-02 1.919791e+01 1.404372e+01
1.686000e+00 5.626594e-02 1.919278e+01 1.403878e+01
1.688000e+00 5.624255e-02 1.918780e+01 1.403398e+01
1.690000e+00 5.621983e-02 1.918296e+01 1.402932e+01
1.692000e+00 5.619777e-02 1.917826e+01 1.402480e+01
1.694000e+00 5.617632e-02 1.917369e+01 1.402040e+01
1.696000e+00 5.615547e-02 1.916925e+01 1.401613e+01
1.698000e+00 5.613519e-02 1.916493e+01 1.401197e+01
1.700000e+00 5.611545e-02 1.916072e+01 1.400793e+01
1.702000e+00 5.609623e-02 1.915663e+01 1.400399e+01
1.704000e+00 5.607752e-02 1.915264e+01 1.400016e+01
1.706000e+00 5.605928e-02 1.914875e+01 1.399642e+01
1.708000e+00 5.604151e-02 1.914496e+01 1.399278e+01
1.710000e+00 5.602419e-02 1.914127e+01 1.398923e+01
1.712000e+00 5.600729e-02 1.913766e+01 1.398577e+01
1.714000e+00 5.599080e-02 1.913415e+01 1.398240e+01
1.716000e+00 5.597472e-02 1.913071e+01 1.397910e+01
1.718000e+00 5.595901e-02 1.912736e+01 1.397588e+01
1.720000e+00 5.594368e-02 1.912408e+01 1.397274e+01
1.722000e+00 5.592871e-02 1.912088e+01 1.396968e+01
1.724000e+00 5.591408e-02 1.911776e+01 1.396668e+01
1.726000e+00 5.589978e-02 1.911470e+01 1.396375e+01
1.728000e+00 5.588581e-02 1.911171e+01 1.396089e+01
1.730000e+00 5.587214e-02 1.910878e+01 1.395809e+01
1.732000e+00 5.585878e-02 1.910592e+01 1.395535e+01
1.734000e+00 5.584572e-02 1.910312e+01 1.395267e+01
1.736000e+00 5.583293e-02 1.910038e+01 1.395005e+01
1.738000e+00 5.582042e-02 1.909770e+01 1.394748e+01
1.740000e+00 5.580818e-02 1.909507e+01 1.394497e+01
1.742000e+00 5.579619e-02 1.909250e+01 1.394251e+01
1.744000e+00 5.578446e-02 1.908998e+01 1.394010e+01
1.746000e+00 5.577297e-02 1.908751e+01 1.393774e+01
1.748000e+00 5.576172e-02 1.908509e+01 1.393543e+01
1.750000e+00 5.575069e-02 1.908272e+01 1.393317e+01
1.752000e+00 5.573990e-02 1.908039e+01 1.393095e+01
1.754000e+00 5.572931e-02 1.907811e+01 1.392878e+01
1.756000e+00 5.571894e-02 1.907588e+01 1.392665e+01
1.758000e+00 5.570878e-02 1.907369e+01 1.392456e+01
1.760000e+00 5.569882e-02 1.907154e+01 1.392251e+01
1.762000e+00 5.568905e-02 1.906943e+01 1.392050e+01
1.764000e+00 5.567948e-02 1.906736e+01 1.391853e+01
1.766000e+00 5.567008e-02 1.906532e+01 1.391660e+01
1.768000e+00 5.566088e-02 1.906333e+01 1.391470e+01
1.770000e+00 5.565184e-02 1.906137e+01 1.391284e+01
1.772000e+00 5.564299e-02 1.905945e+01 1.391101e+01
1.774000e+00 5.563430e-02 1.905757e+01 1.390922e+01
1.776000e+00 5.562577e-02 1.905572e+01 1.390746e+01
1.778000e+00 5.561741e-02 1.905390e+01 1.390574e+01
1.780000e+00 5.560920e-02 1.905211e+01 1.390404e+01
1.782000e+00 5.560115e-02 1.905036e+01 1.390238e+01
1.784000e+00 5.559324e-02 1.904864e+01 1.390075e+01
1.786000e+00 5.558549e-02 1.904695e+01 1.389915e+01
1.788000e+00 5.557788e-02 1.904529e+01 1.389757e+01
1.790000e+00 5.557041e-02 1.904366e+01 1.389603e+01
1.792000e+00 5.556308e-02 1.904205e+01 1.389451e+01
1.794000e+00 5.555589e-02 1.904048e+01 1.389302e+01
1.796000e+00 5.554882e-02 1.903893e+01 1.389156e+01
1.798000e+00 5.554189e-02 1.903741e+01 1.389012e+01
1.800000e+00 5.553509e-02 1.903591e+01 1.388871e+01
1.802000e+00 5.552841e-02 1.903445e+01 1.388732e+01
1.804000e+00 5.552185e-02 1.903300e+01 1.388596e+01
1.806000e+00 5.551542e-02 1.903159e+01 1.388462e+01
1.808000e+00 5.550910e-02 1.903019e+01 1.388331e+01
1.810000e+00 5.550290e-02 1.902882e+01 1.388202e+01
1.812000e+00 5.549682e-02 1.902748e+01 1.388075e+01
1.814000e+00 5.549084e-02 1.902616e+01 1.387951e+01
1.816000e+00 5.548498e-02 1.902486e+01 1.387829e+01
1.818000e+00 5.547923e-02 1.902358e+01 1.387709e+01
1.820000e+00 5.547358e-02 1.902233e+01 1.387591e+01
1.822000e+00 5.546804e-02 1.902109e+01 1.387475e+01
1.824000e+00 5.546260e-02 1.901988e+01 1.387361e+01
1.826000e+00 5.545727e-02 1.901869e+01 1.387250e+01
1.828000e+00 5.545203e-02 1.901752e+01 1.387140e+01
1.830000e+00 5.544689e-02 1.901637e+01 1.387032e+01
1.832000e+00 5.544185e-02 1.901524e+01 1.386926e+01
1.834000e+00 5.543691e-02 1.901414e+01 1.386823e+01
1.836000e+00 5.543206e-02 1.901305e+01 1.386721e+01
1.838000e+00 5.542731e-02 1.901198e+01 1.386621e+01
1.840000e+00 5.542264e-02 1.901092e+01 1.386523e+01
1.842000e+00 5.541807e-02 1.900989e+01 1.386426e+01
1.844000e+00 5.541358e-02 1.900888e+01 1.386332e+01
1.846000e+00 5.540919e-02 1.900788e+01 1.386239e+01
1.848000e+00 5.540488e-02 1.900690e+01 1.386148e+01
1.850000e+00 5.540066e-02 1.900594e+01 1.386058e+01
1.852000e+00 5.539652e-02 1.900500e+01 1.385971e+01
1.854000e+00 5.539247e-02 1.900407e+01 1.385885e+01
1.856000e+00 5.538850e-02 1.900317e+01 1.385800e+01
1.858000e+00 5.538461e-02 1.900227e+01 1.385718e+01
1.860000e+00 5.538080e-02 1.900140e+01 1.385637e+01
1.862000e+00 5.537707e-02 1.900054e+01 1.385557e+01
1.864000e+00 5.537343e-02 1.899970e+01 1.385479e+01
1.866000e+00 5.536986e-02 1.899887e+01 1.385403e+01
1.868000e+00 5.536637e-02 1.899806e+01 1.385328e+01
1.870000e+00 5.536295e-02 1.899727e+01 1.385255e+01
1.872000e+00 5.535961e-02 1.899649e+01 1.385184e+01
1.874000e+00 5.535635e-02 1.899573e+01 1.385113e+01
1.876000e+00 5.535316e-02 1.899498e+01 1.385045e+01
1.878000e+00 5.535004e-02 1.899425e+01 1.384977e+01
1.880000e+00 5.534700e-02 1.899353e+01 1.384912e+01
1.882000e+00 5.534403e-02 1.899283e+01 1.384847e+01
1.884000e+00 5.534114e-02 1.899214e+01 1.384785e+01
1.886000e+00 5.533831e-02 1.899147e+01 1.384723e+01
1.888000e+00 5.533555e-02 1.899081e+01 1.384663e+01
1.890000e+00 5.533287e-02 1.899017e+01 1.384604e+01
1.892000e+00 5.533025e-02 1.898954e+01 1.384547e+01
1.894000e+00 5.532771e-02 1.898892e+01 1.384491e+01
1.896000e+00 5.532523e-02 1.898832e+01 1.384437e+01
1.898000e+00 5.532282e-02 1.898773e+01 1.384384e+01
1.900000e+00 5.532047e-02 1.898716e+01 1.384332e+01
1.902000e+00 5.531820e-02 1.898660e+01 1.384281e+01
1.904000e+00 5.531599e-02 1.898605e+01 1.384232e+01
1.906000e+00 5.531384e-02 1.898552e+01 1.384185e+01
1.908000e+00 5.531177e-02 1.898500e+01 1.384138e+01
1.910000e+00 5.530976e-02 1.898450e+01 1.384093e+01
1.912000e+00 5.530781e-02 1.898401e+01 1.384049e+01
1.914000e+00 5.530593e-02 1.898353e+01 1.384006e+01
1.916000e+00 5.530411e-02 1.898306e+01 1.383965e+01
1.918000e+00 5.530236e-02 1.898261e+01 1.383925e+01
1.920000e+00 5.530067e-02 1.898217e+01 1.383886e+01
1.922000e+00 5.529904e-02 1.898174e+01 1.383849e+01
1.924000e+00 5.529748e-02 1.898133e+01 1.383813e+01
1.926000e+00 5.529598e-02 1.898093e+01 1.383778e+01
1.928000e+00 5.529454e-02 1.898054e+01 1.383744e+01
1.930000e+00 5.529316e-02 1.898017e+01 1.383711e+01
1.932000e+00 5.529185e-02 1.897981e+01 1.383680e+01
1.934000e+00 5.529060e-02 1.897946e+01 1.383650e+01
1.936000e+00 5.528941e-02 1.897912e+01 1.383621e+01
1.938000e+00 5.528828e-02 1.897880e+01 1.383594e+01
1.940000e+00 5.528722e-02 1.897849e+01 1.383568e+01
1.942000e+00 5.528621e-02 1.897819e+01 1.383543e+01
1.944000e+00 5.528527e-02 1.897791e+01 1.383519e+01
1.946000e+00 5.528439e-02 1.897763e+01 1.383496e+01
1.948000e+00 5.528357e-02 1.897737e+01 1.383475e+01
1.950000e+00 5.528282e-02 1.897713e+01 1.383455e+01
1.952000e+00 5.528212e-02 1.897689e+01 1.383436e+01
1.954000e+00 5.528149e-02 1.897667e+01 1.383418e+01
1.956000e+00 5.528091e-02 1.897646e+01 1.383402e+01
1.958000e+00 5.528040e-02 1.897626e+01 1.383386e+01
1.960000e+00 5.527996e-02 1.897608e+01 1.383372e+01
1.962000e+00 5.527957e-02 1.897591e+01 1.383360e+01
1.964000e+00 5.527925e-02 1.897575e+01 1.383348e+01
1.966000e+00 5.527899e-02 1.897561e+01 1.383338e+01
1.968000e+00 5.527879e-02 1.897548e+01 1.383329e+01
1.970000e+00 5.527866e-02 1.897536e+01 1.383322e+01
1.972000e+00 5.527860e-02 1.897526e+01 1.383315e+01
1.974000e+00 5.527860e-02 1.897517e+01 1.383311e+01
1.976000e+00 5.527867e-02 1.897509e+01 1.383307e+01
1.978000e+00 5.527881e-02 1.897503e+01 1.383305e+01
1.980000e+00 5.527902e-02 1.897498e+01 1.383304e+01
1.982000e+00 5.527931e-02 1.897495e+01 1.383305e+01
1.984000e+00 5.527967e-02 1.897494e+01 1.383308e+01
1.986000e+00 5.528012e-02 1.897494e+01 1.383312e+01
1.988000e+00 5.528065e-02 1.897497e+01 1.383318e+01
1.990000e+00 5.528129e-02 1.897501e+01 1.383326e+01
1.992000e+00 5.528203e-02 1.897508e+01 1.383337e+01
1.994000e+00 5.528290e-02 1.897518e+01 1.383350e+01
1.996000e+00 5.528394e-02 1.897532e+01 1.383367e+01
1.998000e+00 5.528520e-02 1.897551e+01 1.383390e+01
2.000000e+00 5.528690e-02 1.897580e+01 1.383422e+01
2.002000e+00 5.528726e-02 1.897577e+01 1.383423e+01
2.004000e+00 5.528708e-02 1.897561e+01 1.383411e+01
2.006000e+00 5.528724e-02 1.897552e+01 1.383407e+01
2.008000e+00 5.528760e-02 1.897549e+01 1.383407e+01
2.010000e+00 5.528812e-02 1.897549e+01 1.383412e+01
2.012000e+00 5.528876e-02 1.897552e+01 1.383418e+01
2.014000e+00 5.528951e-02 1.897558e+01 1.383427e+01
2.016000e+00 5.529036e-02 1.897565e+01 1.383439e+01
2.018000e+00 5.529130e-02 1.897575e+01 1.383452e+01
2.020000e+00 5.529232e-02 1.897586e+01 1.383467e+01
2.022000e+00 5.529342e-02 1.897599e+01 1.383483e+01
2.024000e+00 5.529460e-02 1.897614e+01 1.383501e+01
2.026000e+00 5.529586e-02 1.897630e+01 1.383521e+01
2.028000e+00 5.529720e-02 1.897648e+01 1.383542e+01
2.030000e+00 5.529858e-02 1.897667e+01 1.383565e+01
2.032000e+00 5.529999e-02 1.897687e+01 1.383587e+01
2.034000e+00 5.530147e-02 1.897707e+01 1.383611e+01
2.036000e+00 5.530302e-02 1.897730e+01 1.383637e+01
2.038000e+00 5.530465e-02 1.897754e+01 1.383664e+01
2.040000e+00 5.530634e-02 1.897779e+01 1.383692e+01
2.042000e+00 5.530810e-02 1.897806e+01 1.383722e+01
2.044000e+00 5.530992e-02 1.897834e+01 1.383753e+01
2.046000e+00 5.531181e-02 1.897863e+01 1.383785e+01
2.048000e+00 5.531376e-02 1.897894e+01 1.383819e+01
2.050000e+00 5.531578e-02 1.897926e+01 1.383854e+01
2.052000e+00 5.531785e-02 1.897959e+01 1.383890e+01
2.054000e+00 5.531999e-02 1.897993e+01 1.383927e+01
2.056000e+00 5.532220e-02 1.898029e+01 1.383966e+01
2.058000e+00 5.532446e-02 1.898066e+01 1.384005e+01
2.060000e+00 5.532679e-02 1.898105e+01 1.384047e+01
2.062000e+00 5.532918e-02 1.898144e+01 1.384089e+01
2.064000e+00 5.533164e-02 1.898185e+01 1.384132e+01
2.066000e+00 5.533415e-02 1.898227e+01 1.384177e+01
2.068000e+00 5.533673e-02 1.898271e+01 1.384223e+01
2.070000e+00 5.533938e-02 1.898316e+01 1.384271e+01
2.072000e+00 5.534208e-02 1.898362e+01 1.384319e+01
2.074000e+00 5.534485e-02 1.898409e+01 1.384369e+01
2.076000e+00 5.534769e-02 1.898458e+01 1.384420e+01
2.078000e+00 5.535059e-02 1.898508e+01 1.384473e+01
2.080000e+00 5.535355e-02 1.898559e+01 1.384526e+01
2.082000e+00 5.535657e-02 1.898612e+01 1.384581e+01
2.084000e+00 5.535967e-02 1.898666e+01 1.384638e+01
2.086000e+00 5.536282e-02 1.898722e+01 1.384695e+01
2.088000e+00 5.536604e-02 1.898778e+01 1.384754e+01
2.090000e+00 5.536933e-02 1.898836e+01 1.384814e+01
2.092000e+00 5.537268e-02 1.898895e+01 1.384876e+01
2.094000e+00 5.537610e-02 1.898956e+01 1.384938e+01
2.096000e+00 5.537958e-02 1.899018e+01 1.385002e+01
2.098000e+00 5.538314e-02 1.899082e+01 1.385068e+01
2.100000e+00 5.538675e-02 1.899146e+01 1.385134e+01
2.102000e+00 5.539044e-02 1.899212e+01 1.385202e+01
2.104000e+00 5.539419e-02 1.899280e+01 1.385272e+01
2.106000e+00 5.539801e-02 1.899349e+01 1.385343e+01
2.108000e+00 5.540190e-02 1.899419e+01 1.385415e+01
2.110000e+00 5.540586e-02 1.899491e+01 1.385488e+01
2.112000e+00 5.540988e-02 1.899564e+01 1.385563e+01
2.114000e+00 5.541398e-02 1.899639e+01 1.385639e+01
2.116000e+00 5.541815e-02 1.899714e+01 1.385717e+01
2.118000e+00 5.542238e-02 1.899792e+01 1.385796e+01
2.120000e+00 5.542669e-02 1.899871e+01 1.385876e+01
2.122000e+00 5.543107e-02 1.899951e+01 1.385958e+01
2.124000e+00 5.543552e-02 1.900033e+01 1.386041e+01
2.126000e+00 5.544005e-02 1.900116e+01 1.386126e+01
2.128000e+00 5.544464e-02 1.900201e+01 1.386212e+01
2.130000e+00 5.544932e-02 1.900287e+01 1.386299e+01
2.132000e+00 5.545406e-02 1.900375e+01 1.386388e+01
2.134000e+00 5.545889e-02 1.900465e+01 1.386479e+01
2.136000e+00 5.546379e-02 1.900556e+01 1.386571e+01
2.138000e+00 5.546877e-02 1.900648e+01 1.386665e+01
2.140000e+00 5.547383e-02 1.900743e+01 1.386760e+01
2.142000e+00 5.547898e-02 1.900839e+01 1.386858e+01
2.144000e+00 5.548422e-02 1.900937e+01 1.386957e+01
2.146000e+00 5.548956e-02 1.901037e+01 1.387058e+01
2.148000e+00 5.549503e-02 1.901140e+01 1.387161e+01
2.150000e+00 5.550038e-02 1.901240e+01 1.387262e+01
2.152000e+00 5.550577e-02 1.901340e+01 1.387364e+01
2.154000e+00 5.551127e-02 1.901443e+01 1.387467e+01
2.156000e+00 5.551687e-02 1.901548e+01 1.387573e+01
2.158000e+00 5.552256e-02 1.901655e+01 1.387681e+01
2.160000e+00 5.552834e-02 1.901764e+01 1.387790e+01
2.162000e+00 5.553421e-02 1.901875e+01 1.387902e+01
2.164000e+00 5.554017e-02 1.901987e+01 1.388014e+01
2.166000e+00 5.554621e-02 1.902101e+01 1.388129e+01
2.168000e+00 5.555234e-02 1.902217e+01 1.388245e+01
2.170000e+00 5.555855e-02 1.902335e+01 1.388364e+01
2.172000e+00 5.556485e-02 1.902454e+01 1.388483e+01
2.174000e+00 5.557124e-02 1.902576e+01 1.388605e+01
2.176000e+00 5.557772e-02 1.902699e+01 1.388728e+01
2.178000e+00 5.558428e-02 1.902823e+01 1.388853e+01
2.180000e+00 5.559093e-02 1.902950e+01 1.388980e+01
2.182000e+00 5.559767e-02 1.903078e+01 1.389108e+01
2.184000e+00 5.560450e-02 1.903209e+01 1.389239e+01
2.186000e+00 5.561143e-02 1.903341e+01 1.389371e+01
2.188000e+00 5.561844e-02 1.903475e+01 1.389505e+01
2.190000e+00 5.562555e-02 1.903611e+01 1.389641e+01
2.192000e+00 5.563275e-02 1.903749e+01 1.389778e+01
2.194000e+00 5.564005e-02 1.903889e+01 1.389918e+01
2.196000e+00 5.564744e-02 1.904030e+01 1.390059e+01
2.198000e+00 5.565493e-02 1.904174e+01 1.390202e+01
2.200000e+00 5.566250e-02 1.904319e+01 1.390347e+01
2.202000e+00 5.567018e-02 1.904467e+01 1.390494e+01
2.204000e+00 5.567795e-02 1.904616e+01 1.390643e+01
2.206000e+00 5.568582e-02 1.904768e+01 1.390794e+01
2.208000e+00 5.569380e-02 1.904921e+01 1.390947e+01
2.210000e+00 5.570188e-02 1.905077e+01 1.391102e+01
2.212000e+00 5.571006e-02 1.905235e+01 1.391259e+01
2.214000e+00 5.571834e-02 1.905395e+01 1.391418e+01
2.216000e+00 5.572673e-02 1.905557e+01 1.391579e+01
2.218000e+00 5.573522e-02 1.905721e+01 1.391742e+01
2.220000e+00 5.574382e-02 1.905887e+01 1.391908e+01
2.222000e+00 5.575253e-02 1.906056e+01 1.392075e+01
2.224000e+00 5.576135e-02 1.906226e+01 1.392245e+01
2.226000e+00 5.577028e-02 1.906400e+01 1.392417e+01
2.228000e+00 5.577932e-02 1.906575e+01 1.392591e+01
2.230000e+00 5.578847e-02 1.906752e+01 1.392767e+01
2.232000e+00 5.579774e-02 1.906932e+01 1.392945e+01
2.234000e+00 5.580712e-02 1.907115e+01 1.393126e+01
2.236000e+00 5.581662e-02 1.907299e+01 1.393309e+01
2.238000e+00 5.582624e-02 1.907486e+01 1.393495e+01
2.240000e+00 5.583597e-02 1.907676e+01 1.393682e+01
2.242000e+00 5.584583e-02 1.907868e+01 1.393873e+01
2.244000e+00 5.585581e-02 1.908062e+01 1.394065e+01
2.246000e+00 5.586591e-02 1.908259e+01 1.394260e+01
2.248000e+00 5.587614e-02 1.908459e+01 1.394458e+01
2.250000e+00 5.588650e-02 1.908661e+01 1.394658e+01
2.252000e+00 5.589698e-02 1.908865e+01 1.394860e+01
2.254000e+00 5.590760e-02 1.909073e+01 1.395066e+01
2.256000e+00 5.591834e-02 1.909283e+01 1.395273e+01
2.258000e+00 5.592922e-02 1.909496e+01 1.395484e+01
2.260000e+00 5.594024e-02 1.909711e+01 1.395697e+01
2.262000e+00 5.595139e-02 1.909930e+01 1.395913e+01
2.264000e+00 5.596268e-02 1.910151e+01 1.396131e+01
2.266000e+00 5.597411e-02 1.910375e+01 1.396353e+01
2.268000e+00 5.598569e-02 1.910602e+01 1.396577e+01
2.270000e+00 5.599741e-02 1.910832e+01 1.396804e+01
2.272000e+00 5.600927e-02 1.911065e+01 1.397034e+01
2.274000e+00 5.602129e-02 1.911301e+01 1.397267e+01
2.276000e+00 5.603345e-02 1.911540e+01 1.397503e+01
2.278000e+00 5.604577e-02 1.911782e+01 1.397742e+01
2.280000e+00 5.605825e-02 1.912027e+01 1.397984e+01
2.282000e+00 5.607088e-02 1.912276e+01 1.398229e+01
2.284000e+00 5.608368e-02 1.912528e+01 1.398477e+01
2.286000e+00 5.609664e-02 1.912783e+01 1.398729e+01
2.288000e+00 5.610977e-02 1.913042e+01 1.398984e+01
2.290000e+00 5.612306e-02 1.913304e+01 1.399243e+01
2.292000e+00 5.613653e-02 1.913570e+01 1.399504e+01
2.294000e+00 5.615018e-02 1.913839e+01 1.399770e+01
2.296000e+00 5.616402e-02 1.914112e+01 1.400039e+01
2.298000e+00 5.617805e-02 1.914390e+01 1.400312e+01
2.300000e+00 5.619232e-02 1.914672e+01 1.400590e+01
2.302000e+00 5.620671e-02 1.914957e+01 1.400870e+01
2.304000e+00 5.622111e-02 1.915241e+01 1.401150e+01
2.306000e+00 5.623579e-02 1.915531e+01 1.401436e+01
2.308000e+00 5.625068e-02 1.915826e+01 1.401726e+01
2.310000e+00 5.626578e-02 1.916125e+01 1.402020e+01
2.312000e+00 5.628109e-02 1.916428e+01 1.402319e+01
2.314000e+00 5.629661e-02 1.916736e+01 1.402621e+01
2.316000e+00 5.631235e-02 1.917048e+01 1.402928e+01
2.318000e+00 5.632830e-02 1.917365e+01 1.403239e+01
2.320000e+00 5.634448e-02 1.917686e+01 1.403555e+01
2.322000e+00 5.636088e-02 1.918012e+01 1.403875e+01
2.324000e+00 5.637752e-02 1.918342e+01 1.404200e+01
2.326000e+00 5.639439e-02 1.918678e+01 1.404530e+01
2.328000e+00 5.641151e-02 1.919018e+01 1.404865e+01
2.330000e+00 5.642887e-02 1.919364e+01 1.405204e+01
2.332000e+00 5.644649e-02 1.919715e+01 1.405549e+01
2.334000e+00 5.646437e-02 1.920071e+01 1.405899e+01
2.336000e+00 5.648252e-02 1.920433e+01 1.406254e+01
2.338000e+00 5.650094e-02 1.920801e+01 1.406615e+01
2.340000e+00 5.651964e-02 1.921174e+01 1.406981e+01
2.342000e+00 5.653864e-02 1.921554e+01 1.407353e+01
2.344000e+00 5.655793e-02 1.921939e+01 1.407732e+01
2.346000e+00 5.657753e-02 1.922331e+01 1.408116e+01
2.348000e+00 5.659745e-02 1.922730e+01 1.408507e+01
2.350000e+00 5.661769e-02 1.923135e+01 1.408905e+01
2.352000e+00 5.663828e-02 1.923548e+01 1.409310e+01
2.354000e+00 5.665921e-02 1.923968e+01 1.409721e+01
2.356000e+00 5.668051e-02 1.924395e+01 1.410140e+01
2.358000e+00 5.670219e-02 1.924831e+01 1.410567e+01
2.360000e+00 5.672426e-02 1.925275e+01 1.411002e+01
2.362000e+00 5.674674e-02 1.925727e+01 1.411445e+01
2.364000e+00 5.676964e-02 1.926188e+01 1.411897e+01
2.366000e+00 5.679299e-02 1.926659e+01 1.412358e+01
2.368000e+00 5.681680e-02 1.927140e+01 1.412829e+01
2.370000e+00 5.684111e-02 1.927631e+01 1.413310e+01
2.372000e+00 5.686593e-02 1.928133e+01 1.413801e+01
2.374000e+00 5.689129e-02 1.928646e+01 1.414304e+01
2.376000e+00 5.691722e-02 1.929172e+01 1.414819e+01
2.378000e+00 5.694377e-02 1.929712e+01 1.415347e+01
2.380000e+00 5.697097e-02 1.930265e+01 1.415888e+01
2.382000e+00 5.699887e-02 1.930834e+01 1.416445e+01
2.384000e+00 5.702753e-02 1.931419e+01 1.417017e+01
2.386000e+00 5.705701e-02 1.932022e+01 1.417607e+01
2.388000e+00 5.708739e-02 1.932646e+01 1.418216e+01
2.390000e+00 5.711876e-02 1.933291e+01 1.418847e+01
2.392000e+00 5.715125e-02 1.933962e+01 1.419503e+01
2.394000e+00 5.718500e-02 1.934661e+01 1.420186e+01
2.396000e+00 5.722017e-02 1.935393e+01 1.420900e+01
2.398000e+00 5.725701e-02 1.936163e+01 1.421653e+01
2.400000e+00 5.729581e-02 1.936979e+01 1.422449e+01
2.402000e+00 5.733696e-02 1.937851e+01 1.423300e+01
2.404000e+00 5.738104e-02 1.938793e+01 1.424220e+01
2.406000e+00 5.742891e-02 1.939828e+01 1.425230e+01
2.408000e+00 5.748213e-02 1.940997e+01 1.426370e+01
2.410000e+00 5.754549e-02 1.942414e+01 1.427750e+01
2.412000e+00 5.760617e-02 1.943732e+01 1.429034e+01
2.414000e+00 5.757467e-02 1.942909e+01 1.428239e+01
2.416000e+00 5.756871e-02 1.942666e+01 1.428006e+01
2.418000e+00 5.756951e-02 1.942590e+01 1.427937e+01
2.420000e+00 5.757473e-02 1.942625e+01 1.427974e+01
2.422000e+00 5.758330e-02 1.942740e+01 1.428090e+01
2.424000e+00 5.759450e-02 1.942919e+01 1.428267e+01
2.426000e+00 5.760789e-02 1.943148e+01 1.428495e+01
2.428000e+00 5.762315e-02 1.943421e+01 1.428764e+01
2.430000e+00 5.764003e-02 1.943731e+01 1.429069e+01
2.432000e+00 5.765832e-02 1.944073e+01 1.429405e+01
2.434000e+00 5.767789e-02 1.944444e+01 1.429769e+01
2.436000e+00 5.769862e-02 1.944840e+01 1.430158e+01
2.438000e+00 5.772040e-02 1.945260e+01 1.430570e+01
2.440000e+00 5.774317e-02 1.945701e+01 1.431002e+01
2.442000e+00 5.776687e-02 1.946162e+01 1.431454e+01
2.444000e+00 5.779143e-02 1.946642e+01 1.431925e+01
2.446000e+00 5.781683e-02 1.947140e+01 1.432413e+01
2.448000e+00 5.784302e-02 1.947655e+01 1.432917e+01
2.450000e+00 5.786998e-02 1.948186e+01 1.433437e+01
2.452000e+00 5.789768e-02 1.948733e+01 1.433973e+01
2.454000e+00 5.792610e-02 1.949295e+01 1.434523e+01
2.456000e+00 5.795523e-02 1.949872e+01 1.435088e+01
2.458000e+00 5.798506e-02 1.950464e+01 1.435667e+01
2.460000e+00 5.801557e-02 1.951070e+01 1.436260e+01
2.462000e+00 5.804675e-02 1.951690e+01 1.436866e+01
2.464000e+00 5.807859e-02 1.952324e+01 1.437486e+01
2.466000e+00 5.811110e-02 1.952971e+01 1.438119e+01
2.468000e+00 5.814426e-02 1.953632e+01 1.438766e+01
2.470000e+00 5.817807e-02 1.954307e+01 1.439425e+01
2.472000e+00 5.821253e-02 1.954995e+01 1.440098e+01
2.474000e+00 5.824763e-02 1.955696e+01 1.440784e+01
2.476000e+00 5.828339e-02 1.956411e+01 1.441482e+01
2.478000e+00 5.831980e-02 1.957139e+01 1.442194e+01
2.480000e+00 5.835686e-02 1.957880e+01 1.442919e+01
2.482000e+00 5.839457e-02 1.958635e+01 1.443657e+01
2.484000e+00 5.843294e-02 1.959403e+01 1.444407e+01
2.486000e+00 5.847197e-02 1.960185e+01 1.445172e+01
2.488000e+00 5.851167e-02 1.960981e+01 1.445949e+01
2.490000e+00 5.855204e-02 1.961790e+01 1.446740e+01
2.492000e+00 5.859308e-02 1.962614e+01 1.447544e+01
2.494000e+00 5.863481e-02 1.963451e+01 1.448362e+01
2.496000e+00 5.867723e-02 1.964302e+01 1.449194e+01
2.498000e+00 5.872035e-02 1.965168e+01 1.450039e+01
2.500000e+00 5.876418e-02 1.966048e+01 1.450899e+01
2.502000e+00 5.880872e-02 1.966942e+01 1.451773e+01
2.504000e+00 5.885399e-02 1.967852e+01 1.452661e+01
2.506000e+00 5.889999e-02 1.968776e+01 1.453564e+01
2.508000e+00 5.894673e-02 1.969715e+01 1.454482e+01
2.510000e+00 5.899423e-02 1.970670e+01 1.455414e+01
2.512000e+00 5.904249e-02 1.971641e+01 1.456362e+01
2.514000e+00 5.909153e-02 1.972627e+01 1.457325e+01
2.516000e+00 5.914136e-02 1.973630e+01 1.458304e+01
2.518000e+00 5.919199e-02 1.974648e+01 1.459299e+01
2.520000e+00 5.924344e-02 1.975684e+01 1.460310e+01
2.522000e+00 5.929572e-02 1.976736e+01 1.461337e+01
2.524000e+00 5.934883e-02 1.977805e+01 1.462381e+01
2.526000e+00 5.940281e-02 1.978892e+01 1.463443e+01
2.528000e+00 5.945765e-02 1.979997e+01 1.464521e+01
2.530000e+00 5.951338e-02 1.981119e+01 1.465617e+01
2.532000e+00 5.957002e-02 1.982260e+01 1.466731e+01
2.534000e+00 5.962757e-02 1.983420e+01 1.467863e+01
2.536000e+00 5.968606e-02 1.984598e+01 1.469014e+01
2.538000e+00 5.974550e-02 1.985797e+01 1.470183e+01
2.540000e+00 5.980591e-02 1.987014e+01 1.471372e+01
2.542000e+00 5.986731e-02 1.988252e+01 1.472581e+01
2.544000e+00 5.992973e-02 1.989511e+01 1.473809e+01
2.546000e+00 5.999317e-02 1.990790e+01 1.475058e+01
2.548000e+00 6.005766e-02 1.992091e+01 1.476328e+01
2.550000e+00 6.012322e-02 1.993414e+01 1.477619e+01
2.552000e+00 6.018987e-02 1.994758e+01 1.478931e+01
2.554000e+00 6.025763e-02 1.996126e+01 1.480266e+01
2.556000e+00 6.032653e-02 1.997516e+01 1.481624e+01
2.558000e+00 6.039659e-02 1.998930e+01 1.483004e+01
2.560000e+00 6.046784e-02 2.000369e+01 1.484408e+01
2.562000e+00 6.054030e-02 2.001832e+01 1.485836e+01
2.564000e+00 6.061399e-02 2.003319e+01 1.487288e+01
2.566000e+00 6.068894e-02 2.004833e+01 1.488765e+01
2.568000e+00 6.076518e-02 2.006373e+01 1.490268e+01
2.570000e+00 6.084274e-02 2.007940e+01 1.491797e+01
2.572000e+00 6.092164e-02 2.009534e+01 1.493353e+01
2.574000e+00 6.100192e-02 2.011156e+01 1.494936e+01
2.576000e+00 6.108361e-02 2.012806e+01 1.496548e+01
2.578000e+00 6.116674e-02 2.014486e+01 1.498187e+01
2.580000e+00 6.125134e-02 2.016196e+01 1.499856e+01
2.582000e+00 6.133744e-02 2.017936e+01 1.501555e+01
2.584000e+00 6.142508e-02 2.019708e+01 1.503284e+01
2.586000e+00 6.151430e-02 2.021512e+01 1.505045e+01
2.588000e+00 6.160513e-02 2.023349e+01 1.506838e+01
2.590000e+00 6.169761e-02 2.025219e+01 1.508663e+01
2.592000e+00 6.179178e-02 2.027124e+01 1.510522e+01
2.594000e+00 6.188768e-02 2.029063e+01 1.512416e+01
2.596000e+00 6.198536e-02 2.031039e+01 1.514345e+01
2.598000e+00 6.208485e-02 2.033052e+01 1.516310e+01
2.600000e+00 6.218620e-02 2.035103e+01 1.518311e+01
2.602000e+00 6.228946e-02 2.037193e+01 1.520351e+01
2.604000e+00 6.239468e-02 2.039322e+01 1.522430e+01
2.606000e+00 6.250190e-02 2.041492e+01 1.524548e+01
2.608000e+00 6.261117e-02 2.043704e+01 1.526708e+01
2.610000e+00 6.272256e-02 2.045959e+01 1.528909e+01
2.612000e+00 6.283610e-02 2.048258e+01 1.531154e+01
2.614000e+00 6.295187e-02 2.050602e+01 1.533442e+01
2.616000e+00 6.306991e-02 2.052992e+01 1.535776e+01
2.618000e+00 6.319030e-02 2.055431e+01 1.538157e+01
2.620000e+00 6.331308e-02 2.057918e+01 1.540585e+01
2.622000e+00 6.343834e-02 2.060455e+01 1.543062e+01
2.624000e+00 6.356613e-02 2.063044e+01 1.545590e+01
2.626000e+00 6.369652e-02 2.065686e+01 1.548170e+01
2.628000e+00 6.382959e-02 2.068382e+01 1.550803e+01
2.630000e+00 6.396542e-02 2.071135e+01 1.553492e+01
2.632000e+00 6.410408e-02 2.073945e+01 1.556236e+01
2.634000e+00 6.424566e-02 2.076815e+01 1.559039e+01
2.636000e+00 6.439024e-02 2.079746e+01 1.561901e+01
2.638000e+00 6.453791e-02 2.082740e+01 1.564826e+01
2.640000e+00 6.468876e-02 2.085799e+01 1.567813e+01
2.642000e+00 6.484290e-02 2.088924e+01 1.570867e+01
2.644000e+00 6.500043e-02 2.092119e+01 1.573988e+01
2.646000e+00 6.516145e-02 2.095385e+01 1.577178e+01
2.648000e+00 6.532607e-02 2.098725e+01 1.580441e+01
2.650000e+00 6.549443e-02 2.102141e+01 1.583778e+01
2.652000e+00 6.566663e-02 2.105636e+01 1.587193e+01
2.654000e+00 6.584283e-02 2.109212e+01 1.590687e+01
2.656000e+00 6.602317e-02 2.112873e+01 1.594264e+01
2.658000e+00 6.620780e-02 2.116621e+01 1.597928e+01
2.660000e+00 6.639690e-02 2.120462e+01 1.601681e+01
2.662000e+00 6.659065e-02 2.124398e+01 1.605527e+01
2.664000e+00 6.678926e-02 2.128433e+01 1.609472e+01
2.666000e+00 6.699297e-02 2.132574e+01 1.613520e+01
2.668000e+00 6.720205e-02 2.136826e+01 1.617676e+01
2.670000e+00 6.741682e-02 2.141196e+01 1.621948e+01
2.672000e+00 6.763767e-02 2.145693e+01 1.626345e+01
2.674000e+00 6.786509e-02 2.150328e+01 1.630877e+01
2.676000e+00 6.809973e-02 2.155116e+01 1.635558e+01
2.678000e+00 6.834250e-02 2.160078e+01 1.640411e+01
2.680000e+00 6.859481e-02 2.165250e+01 1.645468e+01
2.682000e+00 6.885906e-02 2.170689e+01 1.650788e+01
2.684000e+00 6.914003e-02 2.176510e+01 1.656482e+01
2.686000e+00 6.942647e-02 2.182415e+01 1.662259e+01
2.688000e+00 6.963373e-02 2.186465e+01 1.666222e+01
2.690000e+00 6.986800e-02 2.191112e+01 1.670770e+01
2.692000e+00 7.011753e-02 2.196105e+01 1.675656e+01
2.694000e+00 7.037924e-02 2.201366e+01 1.680805e+01
2.696000e+00 7.065166e-02 2.206857e+01 1.686179e+01
2.698000e+00 7.093404e-02 2.212558e+01 1.691759e+01
2.700000e+00 7.122604e-02 2.218460e+01 1.697537e+01
2.702000e+00 7.152753e-02 2.224558e+01 1.703507e+01
2.704000e+00 7.183852e-02 2.230852e+01 1.709670e+01
2.706000e+00 7.215913e-02 2.237343e+01 1.716027e+01
2.708000e+00 7.248951e-02 2.244035e+01 1.722580e+01
2.710000e+00 7.282991e-02 2.250930e+01 1.729333e+01
2.712000e+00 7.318059e-02 2.258035e+01 1.736293e+01
2.714000e+00 7.354185e-02 2.265355e+01 1.743464e+01
2.716000e+00 7.391404e-02 2.272897e+01 1.750854e+01
2.718000e+00 7.429754e-02 2.280669e+01 1.758470e+01
2.720000e+00 7.469274e-02 2.288678e+01 1.766319e+01
2.722000e+00 7.510009e-02 2.296932e+01 1.774410e+01
2.724000e+00 7.552004e-02 2.305443e+01 1.782753e+01
2.726000e+00 7.595311e-02 2.314219e+01 1.791357e+01
2.728000e+00 7.639995e-02 2.323273e+01 1.800236e+01
2.730000e+00 7.686048e-02 2.332604e+01 1.809387e+01
2.732000e+00 7.733591e-02 2.342236e+01 1.818834e+01
2.734000e+00 7.782675e-02 2.352178e+01 1.828589e+01
2.736000e+00 7.833363e-02 2.362445e+01 1.838662e+01
2.738000e+00 7.885723e-02 2.373050e+01 1.849068e+01
2.740000e+00 7.939831e-02 2.384006e+01 1.859822e+01
2.742000e+00 7.995763e-02 2.395331e+01 1.870939e+01
2.744000e+00 8.053604e-02 2.407040e+01 1.882435e+01
2.746000e+00 8.113441e-02 2.419151e+01 1.894328e+01
2.748000e+00 8.175367e-02 2.431682e+01 1.906636e+01
2.750000e+00 8.239482e-02 2.444654e+01 1.919378e+01
2.752000e+00 8.305892e-02 2.458087e+01 1.932576e+01
2.754000e+00 8.374710e-02 2.472003e+01 1.946252e+01
2.756000e+00 8.446053e-02 2.486427e+01 1.960429e+01
2.758000e+00 8.520050e-02 2.501384e+01 1.975132e+01
2.760000e+00 8.596837e-02 2.516899e+01 1.990389e+01
2.762000e+00 8.676559e-02 2.533003e+01 2.006226e+01
2.764000e+00 8.759369e-02 2.549725e+01 2.022676e+01
2.766000e+00 8.845434e-02 2.567099e+01 2.039769e+01
2.768000e+00 8.934930e-02 2.585158e+01 2.057542e+01
2.770000e+00 9.028047e-02 2.603941e+01 2.076030e+01
2.772000e+00 9.124987e-02 2.623487e+01 2.095274e+01
2.774000e+00 9.225969e-02 2.643839e+01 2.115316e+01
2.776000e+00 9.331227e-02 2.665043e+01 2.136202e+01
2.778000e+00 9.441012e-02 2.687148e+01 2.157981e+01
2.780000e+00 9.555596e-02 2.710208e+01 2.180706e+01
2.782000e+00 9.675273e-02 2.734279e+01 2.204434e+01
2.784000e+00 9.800359e-02 2.759424e+01 2.229226e+01
2.786000e+00 9.931198e-02 2.785711e+01 2.255150e+01
2.788000e+00 1.006817e-01 2.813212e+01 2.282280e+01
2.790000e+00 1.021159e-01 2.841987e+01 2.310673e+01
2.792000e+00 1.036182e-01 2.872102e+01 2.340397e+01
2.794000e+00 1.051949e-01 2.903685e+01 2.371579e+01
2.796000e+00 1.068509e-01 2.936833e+01 2.404314e+01
2.798000e+00 1.085918e-01 2.971650e+01 2.438708e+01
2.800000e+00 1.104236e-01 3.008254e+01 2.474877e+01
2.802000e+00 1.123531e-01 3.046771e+01 2.512948e+01
2.804000e+00 1.143874e-01 3.087344e+01 2.553062e+01
2.806000e+00 1.165348e-01 3.130126e+01 2.595373e+01
2.808000e+00 1.188041e-01 3.175288e+01 2.640052e+01
2.810000e+00 1.212053e-01 3.223020e+01 2.687288e+01
2.812000e+00 1.237495e-01 3.273534e+01 2.737292e+01
2.814000e+00 1.264490e-01 3.327066e+01 2.790301e+01
2.816000e+00 1.293179e-01 3.383884e+01 2.846581e+01
2.818000e+00 1.323723e-01 3.444291e+01 2.906436e+01
2.820000e+00 1.356303e-01 3.508635e+01 2.970213e+01
2.822000e+00 1.391132e-01 3.577323e+01 3.038317e+01
2.824000e+00 1.428469e-01 3.650845e+01 3.111239e+01
2.826000e+00 1.468518e-01 3.729569e+01 3.189346e+01
2.828000e+00 1.511589e-01 3.814083e+01 3.273225e+01
2.830000e+00 1.558213e-01 3.905420e+01 3.363907e+01
2.832000e+00 1.608874e-01 4.004494e+01 3.462305e+01
2.834000e+00 1.664186e-01 4.112471e+01 3.569581e+01
2.836000e+00 1.724959e-01 4.230892e+01 3.687274e+01
2.838000e+00 1.791917e-01 4.361102e+01 3.816730e+01
2.840000e+00 1.866434e-01 4.505728e+01 3.960568e+01
2.842000e+00 1.950129e-01 4.667858e+01 4.121873e+01
2.844000e+00 2.045108e-01 4.851518e+01 4.304664e+01
2.846000e+00 2.154358e-01 5.062447e+01 4.514673e+01
2.848000e+00 2.282395e-01 5.309379e+01 4.760620e+01
2.850000e+00 2.436994e-01 5.607289e+01 5.057457e+01
2.852000e+00 2.637604e-01 5.991702e+01 5.440641e+01
2.854000e+00 3.043381e-01 6.707498e+01 6.154523e+01
2.856000e+00 2.610201e-01 5.939599e+01 5.388705e+01
2.858000e+00 2.417210e-01 5.569175e+01 5.019492e+01
2.860000e+00 2.266246e-01 5.278219e+01 4.729606e+01
2.862000e+00 2.140651e-01 5.035960e+01 4.488334e+01
2.864000e+00 2.033199e-01 4.828455e+01 4.281751e+01
2.866000e+00 1.939605e-01 4.647420e+01 4.101589e+01
2.868000e+00 1.857001e-01 4.487348e+01 3.942347e+01
2.870000e+00 1.783334e-01 4.344316e+01 3.800109e+01
2.872000e+00 1.717069e-01 4.215402e+01 3.671957e+01
2.874000e+00 1.657024e-01 4.098364e+01 3.555652e+01
2.876000e+00 1.602273e-01 3.991443e+01 3.449437e+01
2.878000e+00 1.552076e-01 3.893236e+01 3.351914e+01
2.880000e+00 1.505837e-01 3.802613e+01 3.261953e+01
2.882000e+00 1.463069e-01 3.718649e+01 3.178631e+01
2.884000e+00 1.423370e-01 3.640584e+01 3.101189e+01
2.886000e+00 1.386407e-01 3.567781e+01 3.028992e+01
2.888000e+00 1.351898e-01 3.499705e+01 2.961507e+01
2.890000e+00 1.319602e-01 3.435902e+01 2.898277e+01
2.892000e+00 1.289314e-01 3.375980e+01 2.838914e+01
2.894000e+00 1.260855e-01 3.319600e+01 2.783078e+01
2.896000e+00 1.234070e-01 3.266465e+01 2.730473e+01
2.898000e+00 1.208820e-01 3.216313e+01 2.680837e+01
2.900000e+00 1.184984e-01 3.168911e+01 2.633938e+01
2.902000e+00 1.162452e-01 3.124052e+01 2.589569e+01
2.904000e+00 1.141128e-01 3.081549e+01 2.547543e+01
2.906000e+00 1.120921e-01 3.041233e+01 2.507692e+01
2.908000e+00 1.101754e-01 3.002951e+01 2.469864e+01
2.910000e+00 1.083553e-01 2.966565e+01 2.433919e+01
2.912000e+00 1.066252e-01 2.931948e+01 2.399732e+01
2.914000e+00 1.049792e-01 2.898983e+01 2.367187e+01
2.916000e+00 1.034116e-01 2.867564e+01 2.336177e+01
2.918000e+00 1.019175e-01 2.837595e+01 2.306606e+01
2.920000e+00 1.004922e-01 2.808984e+01 2.278384e+01
2.922000e+00 9.913136e-02 2.781649e+01 2.251427e+01
2.924000e+00 9.783113e-02 2.755514e+01 2.225661e+01
2.926000e+00 9.658785e-02 2.730508e+01 2.201014e+01
2.928000e+00 9.539814e-02 2.706565e+01 2.177422e+01
2.930000e+00 9.425890e-02 2.683624e+01 2.154823e+01
2.932000e+00 9.316723e-02 2.661630e+01 2.133162e+01
2.934000e+00 9.212046e-02 2.640530e+01 2.112387e+01
2.936000e+00 9.111609e-02 2.620274e+01 2.092448e+01
2.938000e+00 9.015181e-02 2.600818e+01 2.073301e+01
2.940000e+00 8.922547e-02 2.582119e+01 2.054904e+01
2.942000e+00 8.833505e-02 2.564138e+01 2.037217e+01
2.944000e+00 8.747867e-02 2.546838e+01 2.020204e+01
2.946000e+00 8.665459e-02 2.530183e+01 2.003829e+01
2.948000e+00 8.586115e-02 2.514143e+01 1.988062e+01
2.950000e+00 8.509684e-02 2.498686e+01 1.972872e+01
2.952000e+00 8.436020e-02 2.483784e+01 1.958230e+01
2.954000e+00 8.364990e-02 2.469410e+01 1.944111e+01
2.956000e+00 8.296466e-02 2.455539e+01 1.930488e+01
2.958000e+00 8.230330e-02 2.442148e+01 1.917340e+01
2.960000e+00 8.166469e-02 2.429215e+01 1.904643e+01
2.962000e+00 8.104779e-02 2.416718e+01 1.892377e+01
2.964000e+00 8.045161e-02 2.404638e+01 1.880523e+01
2.966000e+00 7.987520e-02 2.392956e+01 1.869061e+01
2.968000e+00 7.931770e-02 2.381655e+01 1.857976e+01
2.970000e+00 7.877827e-02 2.370718e+01 1.847249e+01
2.972000e+00 7.825612e-02 2.360129e+01 1.836866e+01
2.974000e+00 7.775052e-02 2.349874e+01 1.826812e+01
2.976000e+00 7.726075e-02 2.339939e+01 1.817074e+01
2.978000e+00 7.678616e-02 2.330310e+01 1.807637e+01
2.980000e+00 7.632612e-02 2.320974e+01 1.798489e+01
2.982000e+00 7.588003e-02 2.311921e+01 1.789620e+01
2.984000e+00 7.544733e-02 2.303138e+01 1.781016e+01
2.986000e+00 7.502747e-02 2.294614e+01 1.772669e+01
2.988000e+00 7.461995e-02 2.286340e+01 1.764567e+01
2.990000e+00 7.422429e-02 2.278306e+01 1.756701e+01
2.992000e+00 7.384003e-02 2.270503e+01 1.749062e+01
2.994000e+00 7.346672e-02 2.262921e+01 1.741641e+01
2.996000e+00 7.310396e-02 2.255552e+01 1.734430e+01
2.998000e+00 7.275135e-02 2.248390e+01 1.727422e+01
3.000000e+00 7.240851e-02 2.241424e+01 1.720608e+01
3.002000e+00 7.207507e-02 2.234650e+01 1.713981e+01
3.004000e+00 7.175071e-02 2.228059e+01 1.707536e+01
3.006000e+00 7.143508e-02 2.221646e+01 1.701264e+01
3.008000e+00 7.112789e-02 2.215403e+01 1.695160e+01
3.010000e+00 7.082883e-02 2.209325e+01 1.689219e+01
3.012000e+00 7.053762e-02 2.203407e+01 1.683433e+01
3.014000e+00 7.025398e-02 2.197642e+01 1.677799e+01
3.016000e+00 6.997766e-02 2.192025e+01 1.672310e+01
3.018000e+00 6.970841e-02 2.186552e+01 1.666963e+01
3.020000e+00 6.944599e-02 2.181218e+01 1.661751e+01
3.022000e+00 6.919017e-02 2.176017e+01 1.656671e+01
3.024000e+00 6.894075e-02 2.170946e+01 1.651718e+01
3.026000e+00 6.869750e-02 2.166001e+01 1.646889e+01
3.028000e+00 6.846023e-02 2.161177e+01 1.642178e+01
3.030000e+00 6.822875e-02 2.156471e+01 1.637583e+01
3.032000e+00 6.800287e-02 2.151878e+01 1.633100e+01
3.034000e+00 6.778243e-02 2.147396e+01 1.628725e+01
3.036000e+00 6.756725e-02 2.143021e+01 1.624455e+01
3.038000e+00 6.735717e-02 2.138749e+01 1.620286e+01
3.040000e+00 6.715204e-02 2.134578e+01 1.616216e+01
3.042000e+00 6.695170e-02 2.130504e+01 1.612242e+01
3.044000e+00 6.675603e-02 2.126526e+01 1.608360e+01
3.046000e+00 6.656487e-02 2.122639e+01 1.604568e+01
3.048000e+00 6.637810e-02 2.118841e+01 1.600864e+01
3.050000e+00 6.619559e-02 2.115130e+01 1.597245e+01
3.052000e+00 6.601723e-02 2.111503e+01 1.593708e+01
3.054000e+00 6.584289e-02 2.107958e+01 1.590252e+01
3.056000e+00 6.567247e-02 2.104493e+01 1.586874e+01
3.058000e+00 6.550586e-02 2.101105e+01 1.583571e+01
3.060000e+00 6.534295e-02 2.097793e+01 1.580343e+01
3.062000e+00 6.518366e-02 2.094554e+01 1.577186e+01
3.064000e+00 6.502788e-02 2.091387e+01 1.574100e+01
3.066000e+00 6.487553e-02 2.088290e+01 1.571082e+01
3.068000e+00 6.472652e-02 2.085260e+01 1.568130e+01
3.070000e+00 6.458077e-02 2.082297e+01 1.565244e+01
3.072000e+00 6.443820e-02 2.079400e+01 1.562421e+01
3.074000e+00 6.429874e-02 2.076565e+01 1.559660e+01
3.076000e+00 6.416232e-02 2.073792e+01 1.556960e+01
3.078000e+00 6.402886e-02 2.071080e+01 1.554319e+01
3.080000e+00 6.389832e-02 2.068428e+01 1.551736e+01
3.082000e+00 6.377063e-02 2.065833e+01 1.549210e+01
3.084000e+00 6.364573e-02 2.063296e+01 1.546740e+01
3.086000e+00 6.352357e-02 2.060815e+01 1.544324e+01
3.088000e+00 6.340411e-02 2.058390e+01 1.541963e+01
3.090000e+00 6.328731e-02 2.056018e+01 1.539655e+01
3.092000e+00 6.317312e-02 2.053701e+01 1.537400e+01
3.094000e+00 6.306153e-02 2.051437e+01 1.535197e+01
3.096000e+00 6.295250e-02 2.049226e+01 1.533045e+01
3.098000e+00 6.284603e-02 2.047067e+01 1.530945e+01
3.100000e+00 6.274209e-02 2.044961e+01 1.528897e+01
3.102000e+00 6.264071e-02 2.042909e+01 1.526900e+01
3.104000e+00 6.254190e-02 2.040910e+01 1.524956e+01
3.106000e+00 6.244570e-02 2.038966e+01 1.523066e+01
3.108000e+00 6.235218e-02 2.037078e+01 1.521230e+01
3.110000e+00 6.226141e-02 2.035249e+01 1.519452e+01
3.112000e+00 6.217355e-02 2.033483e+01 1.517735e+01
3.114000e+00 6.208878e-02 2.031784e+01 1.516084e+01
3.116000e+00 6.200738e-02 2.030160e+01 1.514505e+01
3.118000e+00 6.192978e-02 2.028622e+01 1.513011e+01
3.120000e+00 6.185669e-02 2.027188e+01 1.511618e+01
3.122000e+00 6.178948e-02 2.025894e+01 1.510361e+01
3.124000e+00 6.173425e-02 2.024878e+01 1.509375e+01
3.126000e+00 6.164730e-02 2.023108e+01 1.507655e+01
3.128000e+00 6.153043e-02 2.020624e+01 1.505239e+01
3.130000e+00 6.142516e-02 2.018410e+01 1.503086e+01
3.132000e+00 6.132557e-02 2.016331e+01 1.501065e+01
3.134000e+00 6.123022e-02 2.014351e+01 1.499141e+01
3.136000e+00 6.113835e-02 2.012450e+01 1.497294e+01
3.138000e+00 6.104947e-02 2.010616e+01 1.495512e+01
3.140000e+00 6.096323e-02 2.008840e+01 1.493786e+01
3.142000e+00 6.087936e-02 2.007116e+01 1.492111e+01
3.144000e+00 6.079765e-02 2.005438e+01 1.490482e+01
3.146000e+00 6.071795e-02 2.003803e+01 1.488894e+01
3.148000e+00 6.064011e-02 2.002208e+01 1.487345e+01
3.150000e+00 6.056404e-02 2.000650e+01 1.485832e+01
3.152000e+00 6.048962e-02 1.999127e+01 1.484353e+01
3.154000e+00 6.041679e-02 1.997638e+01 1.482907e+01
3.156000e+00 6.034547e-02 1.996180e+01 1.481492e+01
3.158000e+00 6.027561e-02 1.994752e+01 1.480106e+01
3.160000e+00 6.020713e-02 1.993353e+01 1.478748e+01
3.162000e+00 6.014001e-02 1.991982e+01 1.477417e+01
3.164000e+00 6.007419e-02 1.990638e+01 1.476113e+01
3.166000e+00 6.000963e-02 1.989320e+01 1.474834e+01
3.168000e+00 5.994629e-02 1.988028e+01 1.473580e+01
3.170000e+00 5.988415e-02 1.986760e+01 1.472350e+01
3.172000e+00 5.982316e-02 1.985515e+01 1.471144e+01
3.174000e+00 5.976331e-02 1.984295e+01 1.469960e+01
3.176000e+00 5.970456e-02 1.983097e+01 1.468798e+01
3.178000e+00 5.964689e-02 1.981921e+01 1.467657e+01
3.180000e+00 5.959027e-02 1.980767e+01 1.466538e+01
3.182000e+00 5.953468e-02 1.979634e+01 1.465440e+01
3.184000e+00 5.948011e-02 1.978522e+01 1.464362e+01
3.186000e+00 5.942654e-02 1.977430e+01 1.463304e+01
3.188000e+00 5.937394e-02 1.976359e+01 1.462265e+01
3.190000e+00 5.932231e-02 1.975308e+01 1.461246e+01
3.192000e+00 5.927164e-02 1.974276e+01 1.460246e+01
3.194000e+00 5.922190e-02 1.973263e+01 1.459266e+01
3.196000e+00 5.917311e-02 1.972271e+01 1.458304e+01
3.198000e+00 5.912525e-02 1.971297e+01 1.457360e+01
3.200000e+00 5.907832e-02 1.970343e+01 1.456436e+01
3.202000e+00 5.903233e-02 1.969408e+01 1.455531e+01
3.204000e+00 5.898728e-02 1.968494e+01 1.454645e+01
3.206000e+00 5.894321e-02 1.967600e+01 1.453780e+01
3.208000e+00 5.890013e-02 1.966727e+01 1.452934e+01
3.210000e+00 5.885810e-02 1.965876e+01 1.452111e+01
3.212000e+00 5.881717e-02 1.965050e+01 1.451311e+01
3.214000e+00 5.877745e-02 1.964250e+01 1.450537e+01
3.216000e+00 5.873913e-02 1.963482e+01 1.449794e+01
3.218000e+00 5.870254e-02 1.962754e+01 1.449090e+01
3.220000e+00 5.866932e-02 1.962105e+01 1.448462e+01
3.222000e+00 5.862758e-02 1.961251e+01 1.447636e+01
3.224000e+00 5.857972e-02 1.960249e+01 1.446665e+01
3.226000e+00 5.853484e-02 1.959315e+01 1.445761e+01
3.228000e+00 5.849160e-02 1.958420e+01 1.444895e+01
3.230000e+00 5.844964e-02 1.957555e+01 1.444057e+01
3.232000e+00 5.840878e-02 1.956714e+01 1.443243e+01
3.234000e+00 5.836890e-02 1.955894e+01 1.442450e+01
3.236000e+00 5.832990e-02 1.955093e+01 1.441675e+01
3.238000e+00 5.829172e-02 1.954310e+01 1.440918e+01
3.240000e+00 5.825431e-02 1.953543e+01 1.440176e+01
3.242000e+00 5.821763e-02 1.952792e+01 1.439449e+01
3.244000e+00 5.818163e-02 1.952055e+01 1.438737e+01
3.246000e+00 5.814630e-02 1.951332e+01 1.438038e+01
3.248000e+00 5.811160e-02 1.950622e+01 1.437351e+01
3.250000e+00 5.807752e-02 1.949925e+01 1.436677e+01
3.252000e+00 5.804403e-02 1.949240e+01 1.436016e+01
3.254000e+00 5.801113e-02 1.948567e+01 1.435365e+01
3.256000e+00 5.797879e-02 1.947906e+01 1.434727e+01
3.258000e+00 5.794700e-02 1.947256e+01 1.434099e+01
3.260000e+00 5.791575e-02 1.946618e+01 1.433482e+01
3.262000e+00 5.788502e-02 1.945990e+01 1.432876e+01
3.264000e+00 5.785482e-02 1.945373e+01 1.432280e+01
3.266000e+00 5.782512e-02 1.944766e+01 1.431694e+01
3.268000e+00 5.779592e-02 1.944170e+01 1.431118e+01
3.270000e+00 5.776722e-02 1.943583e+01 1.430552e+01
3.272000e+00 5.773900e-02 1.943007e+01 1.429995e+01
3.274000e+00 5.771125e-02 1.942440e+01 1.429449e+01
3.276000e+00 5.768397e-02 1.941883e+01 1.428911e+01
3.278000e+00 5.765716e-02 1.941336e+01 1.428383e+01
3.280000e+00 5.763081e-02 1.940798e+01 1.427864e+01
3.282000e+00 5.760491e-02 1.940269e+01 1.427354e+01
3.284000e+00 5.757946e-02 1.939750e+01 1.426853e+01
3.286000e+00 5.755445e-02 1.939239e+01 1.426360e+01
3.288000e+00 5.752989e-02 1.938738e+01 1.425877e+01
3.290000e+00 5.750576e-02 1.938245e+01 1.425402e+01
3.292000e+00 5.748207e-02 1.937762e+01 1.424936e+01
3.294000e+00 5.745880e-02 1.937287e+01 1.424479e+01
3.296000e+00 5.743597e-02 1.936822e+01 1.424030e+01
3.298000e+00 5.741357e-02 1.936365e+01 1.423590e+01
3.300000e+00 5.739159e-02 1.935916e+01 1.423158e+01
3.302000e+00 5.737004e-02 1.935477e+01 1.422735e+01
3.304000e+00 5.734892e-02 1.935047e+01 1.422321e+01
3.306000e+00 5.732822e-02 1.934625e+01 1.421915e+01
3.308000e+00 5.730796e-02 1.934212e+01 1.421517e+01
3.310000e+00 5.728812e-02 1.933808e+01 1.421129e+01
3.312000e+00 5.726871e-02 1.933413e+01 1.420749e+01
3.314000e+00 5.724974e-02 1.933027e+01 1.420377e+01
3.316000e+00 5.723121e-02 1.932650e+01 1.420015e+01
3.318000e+00 5.721312e-02 1.932282e+01 1.419662e+01
3.320000e+00 5.719548e-02 1.931924e+01 1.419317e+01
3.322000e+00 5.717829e-02 1.931575e+01 1.418982e+01
3.324000e+00 5.716157e-02 1.931236e+01 1.418656e+01
3.326000e+00 5.714532e-02 1.930906e+01 1.418340e+01
3.328000e+00 5.712955e-02 1.930587e+01 1.418034e+01
3.330000e+00 5.711428e-02 1.930278e+01 1.417738e+01
3.332000e+00 5.709951e-02 1.929980e+01 1.417452e+01
3.334000e+00 5.708526e-02 1.929693e+01 1.417177e+01
3.336000e+00 5.707156e-02 1.929418e+01 1.416913e+01
3.338000e+00 5.705841e-02 1.929154e+01 1.416661e+01
3.340000e+00 5.704584e-02 1.928903e+01 1.416421e+01
3.342000e+00 5.703388e-02 1.928664e+01 1.416193e+01
3.344000e+00 5.702256e-02 1.928440e+01 1.415979e+01
3.346000e+00 5.701191e-02 1.928230e+01 1.415778e+01
3.348000e+00 5.700197e-02 1.928035e+01 1.415593e+01
3.350000e+00 5.699280e-02 1.927857e+01 1.415424e+01
3.352000e+00 5.698444e-02 1.927697e+01 1.415273e+01
3.354000e+00 5.697696e-02 1.927557e+01 1.415140e+01
3.356000e+00 5.697045e-02 1.927438e+01 1.415029e+01
3.358000e+00 5.696501e-02 1.927343e+01 1.414940e+01
3.360000e+00 5.696076e-02 1.927275e+01 1.414878e+01
3.362000e+00 5.695786e-02 1.927237e+01 1.414845e+01
3.364000e+00 5.695650e-02 1.927235e+01 1.414847e+01
3.366000e+00 5.695693e-02 1.927274e+01 1.414889e+01
3.368000e+00 5.695949e-02 1.927363e+01 1.414979e+01
3.370000e+00 5.696461e-02 1.927513e+01 1.415129e+01
3.372000e+00 5.697293e-02 1.927740e+01 1.415353e+01
3.374000e+00 5.698540e-02 1.928069e+01 1.415676e+01
3.376000e+00 5.700366e-02 1.928541e+01 1.416139e+01
3.378000e+00 5.703173e-02 1.929257e+01 1.416838e+01
3.380000e+00 5.709148e-02 1.930650e+01 1.418195e+01
3.382000e+00 5.700289e-02 1.928649e+01 1.416256e+01
3.384000e+00 5.695734e-02 1.927600e+01 1.415240e+01
3.386000e+00 5.692101e-02 1.926779e+01 1.414446e+01
3.388000e+00 5.688785e-02 1.926042e+01 1.413734e+01
3.390000e+00 5.686003e-02 1.925434e+01 1.413147e+01
3.392000e+00 5.683672e-02 1.924936e+01 1.412668e+01
3.394000e+00 5.681972e-02 1.924588e+01 1.412333e+01
3.396000e+00 5.679061e-02 1.923953e+01 1.411720e+01
3.398000e+00 5.675672e-02 1.923200e+01 1.410993e+01
3.400000e+00 5.672700e-02 1.922547e+01 1.410362e+01
3.402000e+00 5.669982e-02 1.921955e+01 1.409791e+01
3.404000e+00 5.667458e-02 1.921409e+01 1.409264e+01
3.406000e+00 5.665094e-02 1.920900e+01 1.408773e+01
3.408000e+00 5.662864e-02 1.920422e+01 1.408313e+01
3.410000e+00 5.660751e-02 1.919970e+01 1.407878e+01
3.412000e+00 5.658739e-02 1.919542e+01 1.407466e+01
3.414000e+00 5.656819e-02 1.919134e+01 1.407074e+01
3.416000e+00 5.654980e-02 1.918744e+01 1.406699e+01
3.418000e+00 5.653215e-02 1.918371e+01 1.406340e+01
3.420000e+00 5.651518e-02 1.918012e+01 1.405995e+01
3.422000e+00 5.649884e-02 1.917667e+01 1.405664e+01
3.424000e+00 5.648308e-02 1.917335e+01 1.405346e+01
3.426000e+00 5.646786e-02 1.917015e+01 1.405038e+01
3.428000e+00 5.645314e-02 1.916705e+01 1.404742e+01
3.430000e+00 5.643890e-02 1.916406e+01 1.404455e+01
3.432000e+00 5.642510e-02 1.916116e+01 1.404177e+01
3.434000e+00 5.641173e-02 1.915836e+01 1.403909e+01
3.436000e+00 5.639877e-02 1.915564e+01 1.403649e+01
3.438000e+00 5.638618e-02 1.915300e+01 1.403396e+01
3.440000e+00 5.637397e-02 1.915044e+01 1.403151e+01
3.442000e+00 5.636210e-02 1.914796e+01 1.402914e+01
3.444000e+00 5.635056e-02 1.914554e+01 1.402683e+01
3.446000e+00 5.633935e-02 1.914319e+01 1.402459e+01
3.448000e+00 5.632845e-02 1.914091e+01 1.402241e+01
3.450000e+00 5.631784e-02 1.913869e+01 1.402030e+01
3.452000e+00 5.630752e-02 1.913653e+01 1.401824e+01
3.454000e+00 5.629748e-02 1.913443e+01 1.401624e+01
3.456000e+00 5.628771e-02 1.913239e+01 1.401429e+01
3.458000e+00 5.627819e-02 1.913040e+01 1.401240e+01
3.460000e+00 5.626893e-02 1.912846e+01 1.401055e+01
3.462000e+00 5.625992e-02 1.912658e+01 1.400876e+01
3.464000e+00 5.625114e-02 1.912474e+01 1.400702e+01
3.466000e+00 5.624259e-02 1.912295e+01 1.400532e+01
3.468000e+00 5.623427e-02 1.912121e+01 1.400366e+01
3.470000e+00 5.622617e-02 1.911951e+01 1.400206e+01
3.472000e+00 5.621828e-02 1.911786e+01 1.400049e+01
3.474000e+00 5.621061e-02 1.911625e+01 1.399897e+01
3.476000e+00 5.620314e-02 1.911469e+01 1.399749e+01
3.478000e+00 5.619587e-02 1.911317e+01 1.399605e+01
3.480000e+00 5.618880e-02 1.911168e+01 1.399465e+01
3.482000e+00 5.618193e-02 1.911024e+01 1.399328e+01
3.484000e+00 5.617524e-02 1.910884e+01 1.399196e+01
3.486000e+00 5.616874e-02 1.910747e+01 1.399067e+01
3.488000e+00 5.616243e-02 1.910615e+01 1.398942e+01
3.490000e+00 5.615629e-02 1.910486e+01 1.398821e+01
3.492000e+00 5.615034e-02 1.910361e+01 1.398703e+01
3.494000e+00 5.614456e-02 1.910239e+01 1.398589e+01
3.496000e+00 5.613895e-02 1.910121e+01 1.398478e+01
3.498000e+00 5.613351e-02 1.910006e+01 1.398371e+01
3.500000e+00 5.612824e-02 1.909895e+01 1.398267e+01
3.502000e+00 5.612314e-02 1.909787e+01 1.398166e+01
3.504000e+00 5.611820e-02 1.909683e+01 1.398068e+01
3.506000e+00 5.611342e-02 1.909582e+01 1.397974e+01
3.508000e+00 5.610880e-02 1.909484e+01 1.397883e+01
3.510000e+00 5.610435e-02 1.909390e+01 1.397795e+01
3.512000e+00 5.610004e-02 1.909298e+01 1.397710e+01
3.514000e+00 5.609590e-02 1.909210e+01 1.397629e+01
3.516000e+00 5.609191e-02 1.909125e+01 1.397550e+01
3.518000e+00 5.608807e-02 1.909043e+01 1.397474e+01
3.520000e+00 5.608438e-02 1.908965e+01 1.397402e+01
3.522000e+00 5.608084e-02 1.908889e+01 1.397332e+01
3.524000e+00 5.607745e-02 1.908816e+01 1.397266e+01
3.526000e+00 5.607421e-02 1.908747e+01 1.397202e+01
3.528000e+00 5.607112e-02 1.908680e+01 1.397141e+01
3.530000e+00 5.606817e-02 1.908617e+01 1.397083e+01
3.532000e+00 5.606537e-02 1.908556e+01 1.397028e+01
3.534000e+00 5.606271e-02 1.908499e+01 1.396976e+01
3.536000e+00 5.606020e-02 1.908444e+01 1.396927e+01
3.538000e+00 5.605782e-02 1.908392e+01 1.396881e+01
3.540000e+00 5.605560e-02 1.908343e+01 1.396837e+01
3.542000e+00 5.605351e-02 1.908297e+01 1.396796e+01
3.544000e+00 5.605157e-02 1.908254e+01 1.396759e+01
3.546000e+00 5.604977e-02 1.908214e+01 1.396723e+01
3.548000e+00 5.604811e-02 1.908177e+01 1.396691e+01
3.550000e+00 5.604659e-02 1.908143e+01 1.396662e+01
3.552000e+00 5.604521e-02 1.908111e+01 1.396635e+01
3.554000e+00 5.604398e-02 1.908083e+01 1.396611e+01
3.556000e+00 5.604288e-02 1.908057e+01 1.396590e+01
3.558000e+00 5.604193e-02 1.908035e+01 1.396572e+01
3.560000e+00 5.604113e-02 1.908015e+01 1.396557e+01
3.562000e+00 5.604047e-02 1.907998e+01 1.396545e+01
3.564000e+00 5.603997e-02 1.907985e+01 1.396536e+01
3.566000e+00 5.603962e-02 1.907975e+01 1.396530e+01
3.568000e+00 5.603945e-02 1.907969e+01 1.396527e+01
3.570000e+00 5.603948e-02 1.907967e+01 1.396529e+01
3.572000e+00 5.603942e-02 1.907962e+01 1.396528e+01
3.574000e+00 5.603943e-02 1.907958e+01 1.396529e+01
3.576000e+00 5.603963e-02 1.907959e+01 1.396533e+01
3.578000e+00 5.604000e-02 1.907963e+01 1.396541e+01
3.580000e+00 5.604053e-02 1.907971e+01 1.396552e+01
3.582000e+00 5.604122e-02 1.907981e+01 1.396567e+01
3.584000e+00 5.604207e-02 1.907995e+01 1.396584e+01
3.586000e+00 5.604306e-02 1.908013e+01 1.396605e+01
3.588000e+00 5.604422e-02 1.908033e+01 1.396629e+01
3.590000e+00 5.604553e-02 1.908057e+01 1.396656e+01
3.592000e+00 5.604700e-02 1.908084e+01 1.396686e+01
3.594000e+00 5.604864e-02 1.908115e+01 1.396719e+01
3.596000e+00 5.605045e-02 1.908149e+01 1.396756e+01
3.598000e+00 5.605243e-02 1.908187e+01 1.396797e+01
3.600000e+00 5.605460e-02 1.908228e+01 1.396841e+01
3.602000e+00 5.605697e-02 1.908274e+01 1.396890e+01
3.604000e+00 5.605956e-02 1.908325e+01 1.396943e+01
3.606000e+00 5.606240e-02 1.908382e+01 1.397002e+01
3.608000e+00 5.606556e-02 1.908446e+01 1.397068e+01
3.610000e+00 5.606929e-02 1.908523e+01 1.397147e+01
3.612000e+00 5.607158e-02 1.908565e+01 1.397191e+01
3.614000e+00 5.607364e-02 1.908601e+01 1.397230e+01
3.616000e+00 5.607611e-02 1.908646e+01 1.397278e+01
3.618000e+00 5.607889e-02 1.908698e+01 1.397332e+01
3.620000e+00 5.608192e-02 1.908756e+01 1.397392e+01
3.622000e+00 5.608518e-02 1.908819e+01 1.397457e+01
3.624000e+00 5.608867e-02 1.908887e+01 1.397527e+01
3.626000e+00 5.609236e-02 1.908959e+01 1.397601e+01
3.628000e+00 5.609627e-02 1.909035e+01 1.397679e+01
3.630000e+00 5.610038e-02 1.909116e+01 1.397761e+01
3.632000e+00 5.610469e-02 1.909202e+01 1.397848e+01
3.634000e+00 5.610922e-02 1.909292e+01 1.397939e+01
3.636000e+00 5.611396e-02 1.909386e+01 1.398035e+01
3.638000e+00 5.611892e-02 1.909485e+01 1.398135e+01
3.640000e+00 5.612411e-02 1.909589e+01 1.398240e+01
3.642000e+00 5.612954e-02 1.909698e+01 1.398349e+01
3.644000e+00 5.613521e-02 1.909812e+01 1.398464e+01
3.646000e+00 5.614114e-02 1.909932e+01 1.398584e+01
3.648000e+00 5.614735e-02 1.910058e+01 1.398710e+01
3.650000e+00 5.615385e-02 1.910190e+01 1.398843e+01
3.652000e+00 5.616067e-02 1.910329e+01 1.398982e+01
3.654000e+00 5.616784e-02 1.910476e+01 1.399128e+01
3.656000e+00 5.617540e-02 1.910632e+01 1.399283e+01
3.658000e+00 5.618340e-02 1.910798e+01 1.399448e+01
3.660000e+00 5.619190e-02 1.910975e+01 1.399624e+01
3.662000e+00 5.620100e-02 1.911166e+01 1.399813e+01
3.664000e+00 5.621081e-02 1.911374e+01 1.400019e+01
3.666000e+00 5.622153e-02 1.911603e+01 1.400246e+01
3.668000e+00 5.623348e-02 1.911864e+01 1.400503e+01
3.670000e+00 5.624751e-02 1.912175e+01 1.400809e+01
3.672000e+00 5.626765e-02 1.912616e+01 1.401241e+01
3.674000e+00 5.625805e-02 1.912376e+01 1.401012e+01
3.676000e+00 5.625687e-02 1.912321e+01 1.400962e+01
3.678000e+00 5.625750e-02 1.912311e+01 1.400956e+01
3.680000e+00 5.625928e-02 1.912329e+01 1.400978e+01
3.682000e+00 5.626194e-02 1.912368e+01 1.401020e+01
3.684000e+00 5.626529e-02 1.912424e+01 1.401078e+01
3.686000e+00 5.626922e-02 1.912493e+01 1.401149e+01
3.688000e+00 5.627365e-02 1.912573e+01 1.401231e+01
3.690000e+00 5.627852e-02 1.912663e+01 1.401322e+01
3.692000e+00 5.628378e-02 1.912762e+01 1.401422e+01
3.694000e+00 5.628940e-02 1.912869e+01 1.401530e+01
3.696000e+00 5.629534e-02 1.912983e+01 1.401644e+01
3.698000e+00 5.630159e-02 1.913104e+01 1.401765e+01
3.700000e+00 5.630813e-02 1.913231e+01 1.401892e+01
3.702000e+00 5.631494e-02 1.913364e+01 1.402025e+01
3.704000e+00 5.632202e-02 1.913502e+01 1.402163e+01
3.706000e+00 5.632934e-02 1.913645e+01 1.402307e+01
3.708000e+00 5.633691e-02 1.913794e+01 1.402455e+01
3.710000e+00 5.634472e-02 1.913948e+01 1.402608e+01
3.712000e+00 5.635275e-02 1.914106e+01 1.402766e+01
3.714000e+00 5.636102e-02 1.914270e+01 1.402929e+01
3.716000e+00 5.636950e-02 1.914438e+01 1.403095e+01
3.718000e+00 5.637820e-02 1.914610e+01 1.403267e+01
3.720000e+00 5.638712e-02 1.914787e+01 1.403442e+01
3.722000e+00 5.639626e-02 1.914968e+01 1.403622e+01
3.724000e+00 5.640560e-02 1.915154e+01 1.403807e+01
3.726000e+00 5.641516e-02 1.915344e+01 1.403995e+01
3.728000e+00 5.642492e-02 1.915539e+01 1.404188e+01
3.730000e+00 5.643490e-02 1.915738e+01 1.404385e+01
3.732000e+00 5.644508e-02 1.915941e+01 1.404586e+01
3.734000e+00 5.645547e-02 1.916148e+01 1.404791e+01
3.736000e+00 5.646607e-02 1.916360e+01 1.405001e+01
3.738000e+00 5.647688e-02 1.916576e+01 1.405215e+01
3.740000e+00 5.648790e-02 1.916796e+01 1.405432e+01
3.742000e+00 5.649912e-02 1.917020e+01 1.405654e+01
3.744000e+00 5.651056e-02 1.917249e+01 1.405880e+01
3.746000e+00 5.652221e-02 1.917482e+01 1.406111e+01
3.748000e+00 5.653407e-02 1.917720e+01 1.406345e+01
3.750000e+00 5.654615e-02 1.917962e+01 1.406584e+01
3.752000e+00 5.655845e-02 1.918209e+01 1.406828e+01
3.754000e+00 5.657096e-02 1.918459e+01 1.407075e+01
3.756000e+00 5.658370e-02 1.918715e+01 1.407327e+01
3.758000e+00 5.659666e-02 1.918975e+01 1.407584e+01
3.760000e+00 5.660985e-02 1.919240e+01 1.407845e+01
3.762000e+00 5.662327e-02 1.919510e+01 1.408111e+01
3.764000e+00 5.663693e-02 1.919784e+01 1.408382e+01
3.766000e+00 5.665083e-02 1.920064e+01 1.408657e+01
3.768000e+00 5.666499e-02 1.920349e+01 1.408938e+01
3.770000e+00 5.667940e-02 1.920639e+01 1.409223e+01
3.772000e+00 5.669409e-02 1.920935e+01 1.409515e+01
3.774000e+00 5.670907e-02 1.921237e+01 1.409812e+01
3.776000e+00 5.672435e-02 1.921546e+01 1.410116e+01
3.778000e+00 5.673997e-02 1.921861e+01 1.410427e+01
3.780000e+00 5.675598e-02 1.922186e+01 1.410745e+01
3.782000e+00 5.677244e-02 1.922520e+01 1.411074e+01
3.784000e+00 5.678948e-02 1.922868e+01 1.411416e+01
3.786000e+00 5.680735e-02 1.923235e+01 1.411776e+01
3.788000e+00 5.682663e-02 1.923635e+01 1.412169e+01
3.790000e+00 5.684167e-02 1.923933e+01 1.412462e+01
3.792000e+00 5.685573e-02 1.924205e+01 1.412731e+01
3.794000e+00 5.687092e-02 1.924504e+01 1.413025e+01
3.796000e+00 5.688683e-02 1.924820e+01 1.413336e+01
3.798000e+00 5.690330e-02 1.925149e+01 1.413659e+01
3.800000e+00 5.692021e-02 1.925487e+01 1.413992e+01
3.802000e+00 5.693752e-02 1.925834e+01 1.414333e+01
3.804000e+00 5.695519e-02 1.926189e+01 1.414681e+01
3.806000e+00 5.697320e-02 1.926550e+01 1.415036e+01
3.808000e+00 5.699154e-02 1.926919e+01 1.415398e+01
3.810000e+00 5.701019e-02 1.927294e+01 1.415767e+01
3.812000e+00 5.702916e-02 1.927676e+01 1.416142e+01
3.814000e+00 5.704844e-02 1.928064e+01 1.416523e+01
3.816000e+00 5.706804e-02 1.928459e+01 1.416910e+01
3.818000e+00 5.708794e-02 1.928860e+01 1.417304e+01
3.820000e+00 5.710816e-02 1.929267e+01 1.417703e+01
3.822000e+00 5.712868e-02 1.929681e+01 1.418109e+01
3.824000e+00 5.714953e-02 1.930101e+01 1.418522e+01
3.826000e+00 5.717068e-02 1.930528e+01 1.418940e+01
3.828000e+00 5.719216e-02 1.930961e+01 1.419365e+01
3.830000e+00 5.721397e-02 1.931401e+01 1.419797e+01
3.832000e+00 5.723610e-02 1.931848e+01 1.420234e+01
3.834000e+00 5.725856e-02 1.932301e+01 1.420679e+01
3.836000e+00 5.728136e-02 1.932762e+01 1.421130e+01
3.838000e+00 5.730450e-02 1.933229e+01 1.421588e+01
3.840000e+00 5.732799e-02 1.933703e+01 1.422053e+01
3.842000e+00 5.735183e-02 1.934185e+01 1.422525e+01
3.844000e+00 5.737602e-02 1.934674e+01 1.423004e+01
3.846000e+00 5.740058e-02 1.935170e+01 1.423490e+01
3.848000e+00 5.742551e-02 1.935674e+01 1.423984e+01
3.850000e+00 5.745081e-02 1.936185e+01 1.424485e+01
3.852000e+00 5.747650e-02 1.936705e+01 1.424993e+01
3.854000e+00 5.750257e-02 1.937232e+01 1.425510e+01
3.856000e+00 5.752904e-02 1.937767e+01 1.426034e+01
3.858000e+00 5.755592e-02 1.938311e+01 1.426566e+01
3.860000e+00 5.758321e-02 1.938863e+01 1.427107e+01
3.862000e+00 5.761092e-02 1.939424e+01 1.427656e+01
3.864000e+00 5.763906e-02 1.939994e+01 1.428213e+01
3.866000e+00 5.766764e-02 1.940572e+01 1.428780e+01
3.868000e+00 5.769666e-02 1.941160e+01 1.429355e+01
3.870000e+00 5.772615e-02 1.941757e+01 1.429940e+01
3.872000e+00 5.775611e-02 1.942365e+01 1.430534e+01
3.874000e+00 5.778655e-02 1.942982e+01 1.431137e+01
3.876000e+00 5.781749e-02 1.943609e+01 1.431751e+01
3.878000e+00 5.784894e-02 1.944246e+01 1.432375e+01
3.880000e+00 5.788091e-02 1.944895e+01 1.433009e+01
3.882000e+00 5.791342e-02 1.945555e+01 1.433654e+01
3.884000e+00 5.794649e-02 1.946226e+01 1.434311e+01
3.886000e+00 5.798014e-02 1.946909e+01 1.434979e+01
3.888000e+00 5.801437e-02 1.947605e+01 1.435659e+01
3.890000e+00 5.804923e-02 1.948313e+01 1.436352e+01
3.892000e+00 5.808473e-02 1.949035e+01 1.437057e+01
3.894000e+00 5.812089e-02 1.949771e+01 1.437777e+01
3.896000e+00 5.815775e-02 1.950521e+01 1.438510e+01
3.898000e+00 5.819535e-02 1.951287e+01 1.439259e+01
3.900000e+00 5.823372e-02 1.952069e+01 1.440024e+01
3.902000e+00 5.827291e-02 1.952869e+01 1.440805e+01
3.904000e+00 5.831298e-02 1.953687e+01 1.441605e+01
3.906000e+00 5.835398e-02 1.954526e+01 1.442424e+01
3.908000e+00 5.839600e-02 1.955386e+01 1.443264e+01
3.910000e+00 5.843912e-02 1.956271e+01 1.444128e+01
3.912000e+00 5.848348e-02 1.957182e+01 1.445018e+01
3.914000e+00 5.852921e-02 1.958124e+01 1.445938e+01
3.916000e+00 5.857652e-02 1.959100e+01 1.446892e+01
3.918000e+00 5.862565e-02 1.960118e+01 1.447886e+01
3.920000e+00 5.867697e-02 1.961186e+01 1.448928e+01
3.922000e+00 5.873097e-02 1.962316e+01 1.450031e+01
3.924000e+00 5.878840e-02 1.963526e+01 1.451212e+01
3.926000e+00 5.885046e-02 1.964846e+01 1.452500e+01
3.928000e+00 5.891922e-02 1.966330e+01 1.453948e+01
3.930000e+00 5.899868e-02 1.968077e+01 1.455651e+01
3.932000e+00 5.910534e-02 1.970436e+01 1.457949e+01
3.934000e+00 5.909848e-02 1.970140e+01 1.457665e+01
3.936000e+00 5.910435e-02 1.970106e+01 1.457636e+01
3.938000e+00 5.912254e-02 1.970374e+01 1.457901e+01
3.940000e+00 5.914823e-02 1.970824e+01 1.458343e+01
3.942000e+00 5.917904e-02 1.971398e+01 1.458905e+01
3.944000e+00 5.921364e-02 1.972060e+01 1.459553e+01
3.946000e+00 5.925122e-02 1.972791e+01 1.460268e+01
3.948000e+00 5.929127e-02 1.973578e+01 1.461038e+01
3.950000e+00 5.933343e-02 1.974412e+01 1.461854e+01
3.952000e+00 5.937744e-02 1.975288e+01 1.462709e+01
3.954000e+00 5.942314e-02 1.976200e+01 1.463601e+01
3.956000e+00 5.947038e-02 1.977145e+01 1.464525e+01
3.958000e+00 5.951907e-02 1.978122e+01 1.465479e+01
3.960000e+00 5.956913e-02 1.979128e+01 1.466462e+01
3.962000e+00 5.962053e-02 1.980162e+01 1.467472e+01
3.964000e+00 5.967320e-02 1.981224e+01 1.468509e+01
3.966000e+00 5.972714e-02 1.982311e+01 1.469571e+01
3.968000e+00 5.978232e-02 1.983425e+01 1.470659e+01
3.970000e+00 5.983873e-02 1.984564e+01 1.471772e+01
3.972000e+00 5.989636e-02 1.985729e+01 1.472910e+01
3.974000e+00 5.995522e-02 1.986920e+01 1.474072e+01
3.976000e+00 6.001532e-02 1.988136e+01 1.475260e+01
3.978000e+00 6.007666e-02 1.989377e+01 1.476472e+01
3.980000e+00 6.013925e-02 1.990645e+01 1.477710e+01
3.982000e+00 6.020311e-02 1.991939e+01 1.478974e+01
3.984000e+00 6.026826e-02 1.993259e+01 1.480263e+01
3.986000e+00 6.033472e-02 1.994607e+01 1.481579e+01
3.988000e+00 6.040252e-02 1.995983e+01 1.482922e+01
3.990000e+00 6.047170e-02 1.997386e+01 1.484293e+01
3.992000e+00 6.054227e-02 1.998819e+01 1.485691e+01
3.994000e+00 6.061430e-02 2.000282e+01 1.487120e+01
3.996000e+00 6.068781e-02 2.001776e+01 1.488578e+01
3.998000e+00 6.076287e-02 2.003302e+01 1.490068e+01
4.000000e+00 6.083953e-02 2.004861e+01 1.491590e+01
4.002000e+00 6.091788e-02 2.006456e+01 1.493148e+01
4.004000e+00 6.099801e-02 2.008088e+01 1.494741e+01
4.006000e+00 6.108003e-02 2.009761e+01 1.496374e+01
4.008000e+00 6.116411e-02 2.011478e+01 1.498051e+01
4.010000e+00 6.125047e-02 2.013246e+01 1.499776e+01
4.012000e+00 6.133953e-02 2.015073e+01 1.501560e+01
4.014000e+00 6.143277e-02 2.016996e+01 1.503437e+01
4.016000e+00 6.152147e-02 2.018803e+01 1.505201e+01
4.018000e+00 6.159865e-02 2.020336e+01 1.506699e+01
4.020000e+00 6.168125e-02 2.021990e+01 1.508314e+01
4.022000e+00 6.176684e-02 2.023712e+01 1.509995e+01
4.024000e+00 6.185502e-02 2.025490e+01 1.511731e+01
4.026000e+00 6.194563e-02 2.027319e+01 1.513518e+01
4.028000e+00 6.203855e-02 2.029199e+01 1.515353e+01
4.030000e+00 6.213375e-02 2.031125e+01 1.517235e+01
4.032000e+00 6.223120e-02 2.033099e+01 1.519162e+01
4.034000e+00 6.233090e-02 2.035120e+01 1.521135e+01
4.036000e+00 6.243286e-02 2.037187e+01 1.523154e+01
4.038000e+00 6.253711e-02 2.039302e+01 1.525219e+01
4.040000e+00 6.264367e-02 2.041464e+01 1.527331e+01
4.042000e+00 6.275258e-02 2.043675e+01 1.529490e+01
4.044000e+00 6.286389e-02 2.045935e+01 1.531697e+01
4.046000e+00 6.297765e-02 2.048246e+01 1.533953e+01
4.048000e+00 6.309392e-02 2.050608e+01 1.536260e+01
4.050000e+00 6.321275e-02 2.053022e+01 1.538618e+01
4.052000e+00 6.333421e-02 2.055491e+01 1.541029e+01
4.054000e+00 6.345838e-02 2.058015e+01 1.543494e+01
4.056000e+00 6.358532e-02 2.060596e+01 1.546015e+01
4.058000e+00 6.371511e-02 2.063235e+01 1.548593e+01
4.060000e+00 6.384784e-02 2.065935e+01 1.551230e+01
4.062000e+00 6.398360e-02 2.068697e+01 1.553928e+01
4.064000e+00 6.412248e-02 2.071522e+01 1.556688e+01
4.066000e+00 6.426458e-02 2.074414e+01 1.559513e+01
4.068000e+00 6.441001e-02 2.077375e+01 1.562405e+01
4.070000e+00 6.455888e-02 2.080406e+01 1.565366e+01
4.072000e+00 6.471131e-02 2.083510e+01 1.568399e+01
4.074000e+00 6.486742e-02 2.086690e+01 1.571506e+01
4.076000e+00 6.502735e-02 2.089948e+01 1.574689e+01
4.078000e+00 6.519124e-02 2.093288e+01 1.577953e+01
4.080000e+00 6.535925e-02 2.096713e+01 1.581299e+01
4.082000e+00 6.553153e-02 2.100226e+01 1.584732e+01
4.084000e+00 6.570827e-02 2.103831e+01 1.588255e+01
4.086000e+00 6.588965e-02 2.107531e+01 1.591872e+01
4.088000e+00 6.607587e-02 2.111332e+01 1.595587e+01
4.090000e+00 6.626716e-02 2.115238e+01 1.599405e+01
4.092000e+00 6.646377e-02 2.119254e+01 1.603330e+01
4.094000e+00 6.666594e-02 2.123386e+01 1.607370e+01
4.096000e+00 6.687399e-02 2.127640e+01 1.611528e+01
4.098000e+00 6.708822e-02 2.132024e+01 1.615814e+01
4.100000e+00 6.730901e-02 2.136544e+01 1.620233e+01
4.102000e+00 6.753678e-02 2.141210e+01 1.624797e+01
4.104000e+00 6.777199e-02 2.146034e+01 1.629513e+01
4.106000e+00 6.801520e-02 2.151026e+01 1.634395e+01
4.108000e+00 6.826705e-02 2.156201e+01 1.639457e+01
4.110000e+00 6.852832e-02 2.161578e+01 1.644716e+01
4.112000e+00 6.879993e-02 2.167176e+01 1.650192e+01
4.114000e+00 6.908304e-02 2.173022e+01 1.655912e+01
4.116000e+00 6.937909e-02 2.179150e+01 1.661907e+01
4.118000e+00 6.968993e-02 2.185603e+01 1.668221e+01
4.120000e+00 7.001800e-02 2.192438e+01 1.674910e+01
4.122000e+00 7.036668e-02 2.199736e+01 1.682053e+01
4.124000e+00 7.074078e-02 2.207614e+01 1.689764e+01
4.126000e+00 7.114773e-02 2.216255e+01 1.698223e+01
4.128000e+00 7.160007e-02 2.225970e+01 1.707733e+01
4.130000e+00 7.212212e-02 2.237354e+01 1.718881e+01
4.132000e+00 7.284487e-02 2.253173e+01 1.734373e+01
4.134000e+00 7.280465e-02 2.251545e+01 1.732783e+01
4.136000e+00 7.281943e-02 2.250911e+01 1.732166e+01
4.138000e+00 7.292108e-02 2.252350e+01 1.733579e+01
4.140000e+00 7.307616e-02 2.255060e+01 1.736236e+01
4.142000e+00 7.326976e-02 2.258666e+01 1.739772e+01
4.144000e+00 7.349361e-02 2.262961e+01 1.743983e+01
4.146000e+00 7.374271e-02 2.267821e+01 1.748747e+01
4.148000e+00 7.401382e-02 2.273165e+01 1.753985e+01
4.150000e+00 7.430479e-02 2.278940e+01 1.759646e+01
4.152000e+00 7.461418e-02 2.285109e+01 1.765695e+01
4.154000e+00 7.494100e-02 2.291649e+01 1.772107e+01
4.156000e+00 7.528464e-02 2.298543e+01 1.778867e+01
4.158000e+00 7.564470e-02 2.305780e+01 1.785964e+01
4.160000e+00 7.602101e-02 2.313355e+01 1.793393e+01
4.162000e+00 7.641355e-02 2.321265e+01 1.801152e+01
4.164000e+00 7.682241e-02 2.329512e+01 1.809242e+01
4.166000e+00 7.724781e-02 2.338099e+01 1.817666e+01
4.168000e+00 7.769004e-02 2.347030e+01 1.826430e+01
4.170000e+00 7.814948e-02 2.356312e+01 1.835539e+01
4.172000e+00 7.862659e-02 2.365955e+01 1.845003e+01
4.174000e+00 7.912188e-02 2.375967e+01 1.854832e+01
4.176000e+00 7.963594e-02 2.386361e+01 1.865036e+01
4.178000e+00 8.016942e-02 2.397148e+01 1.875629e+01
4.180000e+00 8.072304e-02 2.408344e+01 1.886623e+01
4.182000e+00 8.129757e-02 2.419962e+01 1.898035e+01
4.184000e+00 8.189385e-02 2.432020e+01 1.909880e+01
4.186000e+00 8.251281e-02 2.444535e+01 1.922178e+01
4.188000e+00 8.315541e-02 2.457527e+01 1.934945e+01
4.190000e+00 8.382271e-02 2.471017e+01 1.948205e+01
4.192000e+00 8.451586e-02 2.485027e+01 1.961978e+01
4.194000e+00 8.523608e-02 2.499581e+01 1.976288e+01
4.196000e+00 8.598466e-02 2.514705e+01 1.991162e+01
4.198000e+00 8.676302e-02 2.530427e+01 2.006627e+01
4.200000e+00 8.757268e-02 2.546777e+01 2.022713e+01
4.202000e+00 8.841523e-02 2.563785e+01 2.039451e+01
4.204000e+00 8.929244e-02 2.581488e+01 2.056875e+01
4.206000e+00 9.020616e-02 2.599921e+01 2.075021e+01
4.208000e+00 9.115840e-02 2.619124e+01 2.093930e+01
4.210000e+00 9.215134e-02 2.639140e+01 2.113644e+01
4.212000e+00 9.318731e-02 2.660014e+01 2.134208e+01
4.214000e+00 9.426883e-02 2.681796e+01 2.155671e+01
4.216000e+00 9.539861e-02 2.704539e+01 2.178086e+01
4.218000e+00 9.657963e-02 2.728301e+01 2.201512e+01
4.220000e+00 9.781510e-02 2.753146e+01 2.226011e+01
4.222000e+00 9.910860e-02 2.779143e+01 2.251653e+01
4.224000e+00 1.004651e-01 2.806392e+01 2.278536e+01
4.226000e+00 1.018812e-01 2.834807e+01 2.306578e+01
4.228000e+00 1.033640e-01 2.864535e+01 2.335922e+01
4.230000e+00 1.049224e-01 2.895755e+01 2.366748e+01
4.232000e+00 1.065605e-01 2.928551e+01 2.399138e+01
4.234000e+00 1.082839e-01 2.963025e+01 2.433195e+01
4.236000e+00 1.100985e-01 2.999293e+01 2.469035e+01
4.238000e+00 1.120111e-01 3.037483e+01 2.506786e+01
4.240000e+00 1.140289e-01 3.077736e+01 2.546586e+01
4.242000e+00 1.161601e-01 3.120206e+01 2.588593e+01
4.244000e+00 1.184136e-01 3.165066e+01 2.632975e+01
4.246000e+00 1.207995e-01 3.212507e+01 2.679925e+01
4.248000e+00 1.233289e-01 3.262740e+01 2.729655e+01
4.250000e+00 1.260143e-01 3.316006e+01 2.782403e+01
4.252000e+00 1.288701e-01 3.372577e+01 2.838441e+01
4.254000e+00 1.319118e-01 3.432745e+01 2.898063e+01
4.256000e+00 1.351539e-01 3.496781e+01 2.961537e+01
4.258000e+00 1.386220e-01 3.565178e+01 3.029356e+01
4.260000e+00 1.423401e-01 3.638392e+01 3.101975e+01
4.262000e+00 1.463368e-01 3.716966e+01 3.179937e+01
4.264000e+00 1.506464e-01 3.801549e+01 3.263888e+01
4.266000e+00 1.553101e-01 3.892921e+01 3.354609e+01
4.268000e+00 1.603777e-01 3.992029e+01 3.453043e+01
4.270000e+00 1.659108e-01 4.100034e+01 3.560352e+01
4.272000e+00 1.719855e-01 4.218382e+01 3.677977e+01
4.274000e+00 1.786977e-01 4.348885e+01 3.807729e+01
4.276000e+00 1.861699e-01 4.493864e+01 3.951923e+01
4.278000e+00 1.945616e-01 4.656346e+01 4.113584e+01
4.280000e+00 2.040868e-01 4.840404e+01 4.296778e+01
4.282000e+00 2.150450e-01 5.051768e+01 4.507227e+01
4.284000e+00 2.278844e-01 5.299063e+01 4.753544e+01
4.286000e+00 2.433598e-01 5.596793e+01 5.050210e+01
4.288000e+00 2.631746e-01 5.976397e+01 5.428610e+01
4.290000e+00 3.069975e-01 6.753331e+01 6.203500e+01
4.292000e+00 2.667015e-01 6.043318e+01 5.495343e+01
4.294000e+00 2.458923e-01 5.645486e+01 5.098756e+01
4.296000e+00 2.299333e-01 5.338522e+01 4.792881e+01
4.298000e+00 2.167664e-01 5.084968e+01 4.540325e+01
4.300000e+00 2.055651e-01 4.868970e+01 4.325260e+01
4.302000e+00 1.958504e-01 4.681305e+01 4.138475e+01
4.304000e+00 1.873062e-01 4.515924e+01 3.973929e+01
4.306000e+00 1.797087e-01 4.368559e+01 3.827363e+01
4.308000e+00 1.728916e-01 4.236057e+01 3.695626e+01
4.310000e+00 1.667278e-01 4.116011e+01 3.576316e+01
4.312000e+00 1.611181e-01 4.006542e+01 3.467556e+01
4.314000e+00 1.559838e-01 3.906158e+01 3.367858e+01
4.316000e+00 1.512615e-01 3.813662e+01 3.276025e+01
4.318000e+00 1.468997e-01 3.728077e+01 3.191083e+01
4.320000e+00 1.428561e-01 3.648600e+01 3.112230e+01
4.322000e+00 1.390955e-01 3.574564e+01 3.038801e+01
4.324000e+00 1.355883e-01 3.505408e+01 2.970235e+01
4.326000e+00 1.323094e-01 3.440656e+01 2.906056e+01
4.328000e+00 1.292372e-01 3.379899e+01 2.845858e+01
4.330000e+00 1.263533e-01 3.322784e+01 2.789286e+01
4.332000e+00 1.236412e-01 3.269002e+01 2.736033e+01
4.334000e+00 1.210867e-01 3.218279e+01 2.685825e+01
4.336000e+00 1.186771e-01 3.170375e+01 2.638423e+01
4.338000e+00 1.164010e-01 3.125074e+01 2.593611e+01
4.340000e+00 1.142485e-01 3.082183e+01 2.551195e+01
4.342000e+00 1.122102e-01 3.041527e+01 2.511002e+01
4.344000e+00 1.102780e-01 3.002948e+01 2.472875e+01
4.346000e+00 1.084444e-01 2.966303e+01 2.436669e+01
4.348000e+00 1.067026e-01 2.931461e+01 2.402255e+01
4.350000e+00 1.050464e-01 2.898302e+01 2.369513e+01
4.352000e+00 1.034700e-01 2.866717e+01 2.338334e+01
4.354000e+00 1.019683e-01 2.836606e+01 2.308619e+01
4.356000e+00 1.005366e-01 2.807875e+01 2.280274e+01
4.358000e+00 9.917039e-02 2.780441e+01 2.253215e+01
4.360000e+00 9.786566e-02 2.754224e+01 2.227365e+01
4.362000e+00 9.661868e-02 2.729153e+01 2.202650e+01
4.364000e+00 9.542601e-02 2.705159e+01 2.179004e+01
4.366000e+00 9.428447e-02 2.682181e+01 2.156364e+01
4.368000e+00 9.319109e-02 2.660161e+01 2.134675e+01
4.370000e+00 9.214314e-02 2.639046e+01 2.113881e+01
4.372000e+00 9.113808e-02 2.618785e+01 2.093934e+01
4.374000e+00 9.017354e-02 2.599333e+01 2.074788e+01
4.376000e+00 8.924733e-02 2.580646e+01 2.056399e+01
4.378000e+00 8.835740e-02 2.562684e+01 2.038727e+01
4.380000e+00 8.750183e-02 2.545409e+01 2.021736e+01
4.382000e+00 8.667883e-02 2.528785e+01 2.005389e+01
4.384000e+00 8.588675e-02 2.512781e+01 1.989655e+01
4.386000e+00 8.512401e-02 2.497365e+01 1.974502e+01
4.388000e+00 8.438917e-02 2.482509e+01 1.959902e+01
4.390000e+00 8.368084e-02 2.468184e+01 1.945828e+01
4.392000e+00 8.299775e-02 2.454366e+01 1.932255e+01
4.394000e+00 8.233868e-02 2.441031e+01 1.919158e+01
4.396000e+00 8.170250e-02 2.428156e+01 1.906517e+01
4.398000e+00 8.108814e-02 2.415720e+01 1.894308e+01
4.400000e+00 8.049461e-02 2.403703e+01 1.882513e+01
4.402000e+00 7.992096e-02 2.392087e+01 1.871113e+01
4.404000e+00 7.936628e-02 2.380852e+01 1.860091e+01
4.406000e+00 7.882975e-02 2.369983e+01 1.849429e+01
4.408000e+00 7.831056e-02 2.359464e+01 1.839112e+01
4.410000e+00 7.780797e-02 2.349280e+01 1.829125e+01
4.412000e+00 7.732127e-02 2.339416e+01 1.819455e+01
4.414000e+00 7.684978e-02 2.329860e+01 1.810087e+01
4.416000e+00 7.639287e-02 2.320598e+01 1.801009e+01
4.418000e+00 7.594994e-02 2.311618e+01 1.792210e+01
4.420000e+00 7.552042e-02 2.302909e+01 1.783677e+01
4.422000e+00 7.510375e-02 2.294460e+01 1.775400e+01
4.424000e+00 7.469944e-02 2.286261e+01 1.767370e+01
4.426000e+00 7.430699e-02 2.278302e+01 1.759575e+01
4.428000e+00 7.392594e-02 2.270573e+01 1.752008e+01
4.430000e+00 7.355584e-02 2.263066e+01 1.744659e+01
4.432000e+00 7.319628e-02 2.255773e+01 1.737519e+01
4.434000e+00 7.284686e-02 2.248684e+01 1.730582e+01
4.436000e+00 7.250719e-02 2.241794e+01 1.723839e+01
4.438000e+00 7.217692e-02 2.235093e+01 1.717283e+01
4.440000e+00 7.185570e-02 2.228577e+01 1.710908e+01
4.442000e+00 7.154320e-02 2.222236e+01 1.704706e+01
4.444000e+00 7.123911e-02 2.216066e+01 1.698672e+01
4.446000e+00 7.094312e-02 2.210061e+01 1.692800e+01
4.448000e+00 7.065495e-02 2.204214e+01 1.687083e+01
4.450000e+00 7.037432e-02 2.198520e+01 1.681516e+01
4.452000e+00 7.010098e-02 2.192974e+01 1.676095e+01
4.454000e+00 6.983467e-02 2.187570e+01 1.670814e+01
4.456000e+00 6.957515e-02 2.182305e+01 1.665668e+01
4.458000e+00 6.932220e-02 2.177172e+01 1.660653e+01
4.460000e+00 6.907559e-02 2.172169e+01 1.655765e+01
4.462000e+00 6.883512e-02 2.167290e+01 1.650999e+01
4.464000e+00 6.860058e-02 2.162531e+01 1.646351e+01
4.466000e+00 6.837178e-02 2.157889e+01 1.641817e+01
4.468000e+00 6.814854e-02 2.153360e+01 1.637394e+01
4.470000e+00 6.793067e-02 2.148940e+01 1.633078e+01
4.472000e+00 6.771801e-02 2.144625e+01 1.628866e+01
4.474000e+00 6.751039e-02 2.140414e+01 1.624755e+01
4.476000e+00 6.730766e-02 2.136301e+01 1.620741e+01
4.478000e+00 6.710966e-02 2.132285e+01 1.616821e+01
4.480000e+00 6.691625e-02 2.128361e+01 1.612992e+01
4.482000e+00 6.672729e-02 2.124529e+01 1.609253e+01
4.484000e+00 6.654265e-02 2.120784e+01 1.605599e+01
4.486000e+00 6.636219e-02 2.117124e+01 1.602029e+01
4.488000e+00 6.618580e-02 2.113547e+01 1.598539e+01
4.490000e+00 6.601334e-02 2.110049e+01 1.595128e+01
4.492000e+00 6.584472e-02 2.106630e+01 1.591793e+01
4.494000e+00 6.567981e-02 2.103286e+01 1.588533e+01
4.496000e+00 6.551851e-02 2.100016e+01 1.585344e+01
4.498000e+00 6.536072e-02 2.096817e+01 1.582225e+01
4.500000e+00 6.520634e-02 2.093687e+01 1.579174e+01
4.502000e+00 6.505526e-02 2.090624e+01 1.576189e+01
4.504000e+00 6.490741e-02 2.087627e+01 1.573268e+01
4.506000e+00 6.476268e-02 2.084694e+01 1.570409e+01
4.508000e+00 6.462101e-02 2.081822e+01 1.567611e+01
4.510000e+00 6.448229e-02 2.079011e+01 1.564872e+01
4.512000e+00 6.434645e-02 2.076258e+01 1.562190e+01
4.514000e+00 6.421342e-02 2.073563e+01 1.559564e+01
4.516000e+00 6.408311e-02 2.070923e+01 1.556992e+01
4.518000e+00 6.395546e-02 2.068337e+01 1.554473e+01
4.520000e+00 6.383040e-02 2.065803e+01 1.552006e+01
4.522000e+00 6.370786e-02 2.063321e+01 1.549589e+01
4.524000e+00 6.358777e-02 2.060889e+01 1.547220e+01
4.526000e+00 6.347008e-02 2.058505e+01 1.544899e+01
4.528000e+00 6.335471e-02 2.056169e+01 1.542625e+01
4.530000e+00 6.324161e-02 2.053879e+01 1.540396e+01
4.532000e+00 6.313073e-02 2.051633e+01 1.538210e+01
4.534000e+00 6.302200e-02 2.049432e+01 1.536068e+01
4.536000e+00 6.291538e-02 2.047274e+01 1.533967e+01
4.538000e+00 6.281081e-02 2.045157e+01 1.531908e+01
4.540000e+00 6.270825e-02 2.043082e+01 1.529888e+01
4.542000e+00 6.260763e-02 2.041045e+01 1.527907e+01
4.544000e+00 6.250893e-02 2.039048e+01 1.525964e+01
4.546000e+00 6.241208e-02 2.037089e+01 1.524058e+01
4.548000e+00 6.231705e-02 2.035166e+01 1.522187e+01
4.550000e+00 6.222379e-02 2.033279e+01 1.520353e+01
4.552000e+00 6.213226e-02 2.031428e+01 1.518552e+01
4.554000e+00 6.204243e-02 2.029611e+01 1.516786e+01
4.556000e+00 6.195424e-02 2.027828e+01 1.515052e+01
4.558000e+00 6.186767e-02 2.026078e+01 1.513350e+01
4.560000e+00 6.178267e-02 2.024359e+01 1.511679e+01
4.562000e+00 6.169921e-02 2.022672e+01 1.510039e+01
4.564000e+00 6.161726e-02 2.021016e+01 1.508429e+01
4.566000e+00 6.153678e-02 2.019389e+01 1.506848e+01
4.568000e+00 6.145774e-02 2.017792e+01 1.505296e+01
4.570000e+00 6.138010e-02 2.016223e+01 1.503771e+01
4.572000e+00 6.130384e-02 2.014683e+01 1.502274e+01
4.574000e+00 6.122893e-02 2.013169e+01 1.500804e+01
4.576000e+00 6.115533e-02 2.011683e+01 1.499360e+01
4.578000e+00 6.108301e-02 2.010222e+01 1.497941e+01
4.580000e+00 6.101196e-02 2.008788e+01 1.496548e+01
4.582000e+00 6.094214e-02 2.007378e+01 1.495179e+01
4.584000e+00 6.087352e-02 2.005993e+01 1.493834e+01
4.586000e+00 6.080609e-02 2.004632e+01 1.492512e+01
4.588000e+00 6.073981e-02 2.003294e+01 1.491213e+01
4.590000e+00 6.067466e-02 2.001980e+01 1.489937e+01
4.592000e+00 6.061063e-02 2.000688e+01 1.488682e+01
4.594000e+00 6.054767e-02 1.999418e+01 1.487450e+01
4.596000e+00 6.048578e-02 1.998170e+01 1.486238e+01
4.598000e+00 6.042493e-02 1.996943e+01 1.485047e+01
4.600000e+00 6.036510e-02 1.995736e+01 1.483876e+01
4.602000e+00 6.030628e-02 1.994551e+01 1.482726e+01
4.604000e+00 6.024843e-02 1.993385e+01 1.481594e+01
4.606000e+00 6.019154e-02 1.992238e+01 1.480482e+01
4.608000e+00 6.013559e-02 1.991111e+01 1.479388e+01
4.610000e+00 6.008056e-02 1.990002e+01 1.478313e+01
4.612000e+00 6.002644e-02 1.988912e+01 1.477255e+01
4.614000e+00 5.997321e-02 1.987840e+01 1.476215e+01
4.616000e+00 5.992084e-02 1.986785e+01 1.475193e+01
4.618000e+00 5.986933e-02 1.985748e+01 1.474187e+01
4.620000e+00 5.981866e-02 1.984728e+01 1.473198e+01
4.622000e+00 5.976880e-02 1.983725e+01 1.472225e+01
4.624000e+00 5.971976e-02 1.982738e+01 1.471269e+01
4.626000e+00 5.967150e-02 1.981767e+01 1.470328e+01
4.628000e+00 5.962402e-02 1.980812e+01 1.469402e+01
4.630000e+00 5.957730e-02 1.979873e+01 1.468491e+01
4.632000e+00 5.953132e-02 1.978948e+01 1.467595e+01
4.634000e+00 5.948608e-02 1.978039e+01 1.466714e+01
4.636000e+00 5.944156e-02 1.977144e+01 1.465847e+01
4.638000e+00 5.939775e-02 1.976264e+01 1.464994e+01
4.640000e+00 5.935463e-02 1.975397e+01 1.464155e+01
4.642000e+00 5.931219e-02 1.974545e+01 1.463330e+01
4.644000e+00 5.927043e-02 1.973706e+01 1.462517e+01
4.646000e+00 5.922932e-02 1.972881e+01 1.461718e+01
4.648000e+00 5.918886e-02 1.972069e+01 1.460932e+01
4.650000e+00 5.914903e-02 1.971270e+01 1.460158e+01
4.652000e+00 5.910983e-02 1.970483e+01 1.459396e+01
4.654000e+00 5.907124e-02 1.969709e+01 1.458647e+01
4.656000e+00 5.903325e-02 1.968947e+01 1.457910e+01
4.658000e+00 5.899586e-02 1.968198e+01 1.457184e+01
4.660000e+00 5.895905e-02 1.967460e+01 1.456470e+01
4.662000e+00 5.892281e-02 1.966734e+01 1.455767e+01
4.664000e+00 5.888713e-02 1.966019e+01 1.455076e+01
4.666000e+00 5.885201e-02 1.965315e+01 1.454395e+01
4.668000e+00 5.881743e-02 1.964623e+01 1.453726e+01
4.670000e+00 5.878339e-02 1.963942e+01 1.453067e+01
4.672000e+00 5.874988e-02 1.963271e+01 1.452418e+01
4.674000e+00 5.871688e-02 1.962611e+01 1.451780e+01
4.676000e+00 5.868440e-02 1.961961e+01 1.451151e+01
4.678000e+00 5.865241e-02 1.961321e+01 1.450533e+01
4.680000e+00 5.862093e-02 1.960692e+01 1.449925e+01
4.682000e+00 5.858992e-02 1.960072e+01 1.449326e+01
4.684000e+00 5.855940e-02 1.959463e+01 1.448737e+01
4.686000e+00 5.852934e-02 1.958862e+01 1.448157e+01
4.688000e+00 5.849975e-02 1.958272e+01 1.447586e+01
4.690000e+00 5.847062e-02 1.957690e+01 1.447024e+01
4.692000e+00 5.844194e-02 1.957118e+01 1.446471e+01
4.694000e+00 5.841370e-02 1.956555e+01 1.445927e+01
4.696000e+00 5.838590e-02 1.956000e+01 1.445392e+01
4.698000e+00 5.835852e-02 1.955455e+01 1.444865e+01
4.700000e+00 5.833157e-02 1.954918e+01 1.444347e+01
4.702000e+00 5.830504e-02 1.954389e+01 1.443837e+01
4.704000e+00 5.827892e-02 1.953869e+01 1.443335e+01
4.706000e+00 5.825320e-02 1.953357e+01 1.442841e+01
4.708000e+00 5.822788e-02 1.952854e+01 1.442355e+01
4.710000e+00 5.820296e-02 1.952358e+01 1.441876e+01
4.712000e+00 5.817842e-02 1.951870e+01 1.441406e+01
4.714000e+00 5.815427e-02 1.951390e+01 1.440943e+01
4.716000e+00 5.813049e-02 1.950918e+01 1.440488e+01
4.718000e+00 5.810709e-02 1.950453e+01 1.440040e+01
4.720000e+00 5.808405e-02 1.949996e+01 1.439599e+01
4.722000e+00 5.806138e-02 1.949546e+01 1.439165e+01
4.724000e+00 5.803906e-02 1.949104e+01 1.438739e+01
4.726000e+00 5.801709e-02 1.948669e+01 1.438319e+01
4.728000e+00 5.799548e-02 1.948240e+01 1.437907e+01
4.730000e+00 5.797420e-02 1.947819e+01 1.437501e+01
4.732000e+00 5.795327e-02 1.947405e+01 1.437102e+01
4.734000e+00 5.793266e-02 1.946997e+01 1.436710e+01
4.736000e+00 5.791239e-02 1.946597e+01 1.436324e+01
4.738000e+00 5.789245e-02 1.946203e+01 1.435945e+01
4.740000e+00 5.787283e-02 1.945815e+01 1.435572e+01
4.742000e+00 5.785352e-02 1.945434e+01 1.435205e+01
4.744000e+00 5.783453e-02 1.945060e+01 1.434845e+01
4.746000e+00 5.781585e-02 1.944691e+01 1.434491e+01
4.748000e+00 5.779748e-02 1.944329e+01 1.434143e+01
4.750000e+00 5.777941e-02 1.943974e+01 1.433801e+01
4.752000e+00 5.776164e-02 1.943624e+01 1.433465e+01
4.754000e+00 5.774417e-02 1.943280e+01 1.433134e+01
4.756000e+00 5.772699e-02 1.942943e+01 1.432810e+01
4.758000e+00 5.771010e-02 1.942611e+01 1.432491e+01
4.760000e+00 5.769350e-02 1.942286e+01 1.432179e+01
4.762000e+00 5.767718e-02 1.941966e+01 1.431871e+01
4.764000e+00 5.766114e-02 1.941651e+01 1.431570e+01
4.766000e+00 5.764538e-02 1.941343e+01 1.431274e+01
4.768000e+00 5.762990e-02 1.941040e+01 1.430983e+01
4.770000e+00 5.761469e-02 1.940743e+01 1.430698e+01
4.772000e+00 5.759975e-02 1.940451e+01 1.430418e+01
4.774000e+00 5.758507e-02 1.940165e+01 1.430144e+01
4.776000e+00 5.757067e-02 1.939884e+01 1.429875e+01
4.778000e+00 5.755652e-02 1.939609e+01 1.429611e+01
4.780000e+00 5.754264e-02 1.939338e+01 1.429352e+01
4.782000e+00 5.752901e-02 1.939074e+01 1.429098e+01
4.784000e+00 5.751564e-02 1.938814e+01 1.428850e+01
4.786000e+00 5.750252e-02 1.938560e+01 1.428607e+01
4.788000e+00 5.748966e-02 1.938311e+01 1.428368e+01
4.790000e+00 5.747705e-02 1.938067e+01 1.428135e+01
4.792000e+00 5.746469e-02 1.937828e+01 1.427907e+01
4.794000e+00 5.745257e-02 1.937594e+01 1.427683e+01
4.796000e+00 5.744071e-02 1.937365e+01 1.427465e+01
4.798000e+00 5.742908e-02 1.937142e+01 1.427251e+01
4.800000e+00 5.741770e-02 1.936923e+01 1.427043e+01
4.802000e+00 5.740657e-02 1.936710e+01 1.426839e+01
4.804000e+00 5.739567e-02 1.936501e+01 1.426640e+01
4.806000e+00 5.738502e-02 1.936297e+01 1.426446e+01
4.808000e+00 5.737460e-02 1.936098e+01 1.426256e+01
4.810000e+00 5.736443e-02 1.935905e+01 1.426072e+01
4.812000e+00 5.735449e-02 1.935716e+01 1.425892e+01
4.814000e+00 5.734480e-02 1.935532e+01 1.425717e+01
4.816000e+00 5.733534e-02 1.935353e+01 1.425547e+01
4.818000e+00 5.732612e-02 1.935179e+01 1.425382e+01
4.820000e+00 5.731713e-02 1.935009e+01 1.425221e+01
4.822000e+00 5.730839e-02 1.934845e+01 1.425065e+01
4.824000e+00 5.729989e-02 1.934686e+01 1.424914e+01
4.826000e+00 5.729162e-02 1.934532e+01 1.424768e+01
4.828000e+00 5.728360e-02 1.934382e+01 1.424627e+01
4.830000e+00 5.727582e-02 1.934238e+01 1.424490e+01
4.832000e+00 5.726828e-02 1.934099e+01 1.424359e+01
4.834000e+00 5.726099e-02 1.933965e+01 1.424232e+01
4.836000e+00 5.725394e-02 1.933836e+01 1.424111e+01
4.838000e+00 5.724715e-02 1.933712e+01 1.423994e+01
4.840000e+00 5.724060e-02 1.933593e+01 1.423883e+01
4.842000e+00 5.723431e-02 1.933480e+01 1.423777e+01
4.844000e+00 5.722828e-02 1.933372e+01 1.423676e+01
4.846000e+00 5.722251e-02 1.933270e+01 1.423580e+01
4.848000e+00 5.721701e-02 1.933173e+01 1.423490e+01
4.850000e+00 5.721178e-02 1.933082e+01 1.423406e+01
4.852000e+00 5.720682e-02 1.932997e+01 1.423327e+01
4.854000e+00 5.720214e-02 1.932918e+01 1.423253e+01
4.856000e+00 5.719776e-02 1.932844e+01 1.423186e+01
4.858000e+00 5.719366e-02 1.932777e+01 1.423125e+01
4.860000e+00 5.718987e-02 1.932717e+01 1.423070e+01
4.862000e+00 5.718640e-02 1.932663e+01 1.423021e+01
4.864000e+00 5.718324e-02 1.932616e+01 1.422979e+01
4.866000e+00 5.718042e-02 1.932576e+01 1.422944e+01
4.868000e+00 5.717794e-02 1.932543e+01 1.422916e+01
4.870000e+00 5.717582e-02 1.932518e+01 1.422896e+01
4.872000e+00 5.717407e-02 1.932501e+01 1.422883e+01
4.874000e+00 5.717271e-02 1.932492e+01 1.422879e+01
4.876000e+00 5.717176e-02 1.932493e+01 1.422883e+01
4.878000e+00 5.717124e-02 1.932502e+01 1.422896e+01
4.880000e+00 5.717118e-02 1.932522e+01 1.422919e+01
4.882000e+00 5.717160e-02 1.932552e+01 1.422952e+01
4.884000e+00 5.717254e-02 1.932593e+01 1.422996e+01
4.886000e+00 5.717402e-02 1.932647e+01 1.423052e+01
4.888000e+00 5.717611e-02 1.932714e+01 1.423121e+01
4.890000e+00 5.717884e-02 1.932795e+01 1.423204e+01
4.892000e+00 5.718228e-02 1.932892e+01 1.423302e+01
4.894000e+00 5.718651e-02 1.933007e+01 1.423418e+01
4.896000e+00 5.719161e-02 1.933141e+01 1.423552e+01
4.898000e+00 5.719769e-02 1.933298e+01 1.423709e+01
4.900000e+00 5.720491e-02 1.933481e+01 1.423891e+01
4.902000e+00 5.721342e-02 1.933695e+01 1.424102e+01
4.904000e+00 5.722346e-02 1.933944e+01 1.424348e+01
4.906000e+00 5.723532e-02 1.934235e+01 1.424635e+01
4.908000e+00 5.724939e-02 1.934580e+01 1.424974e+01
4.910000e+00 5.726623e-02 1.934992e+01 1.425379e+01
4.912000e+00 5.728668e-02 1.935494e+01 1.425870e+01
4.914000e+00 5.731222e-02 1.936122e+01 1.426485e+01
4.916000e+00 5.734677e-02 1.936974e+01 1.427317e+01
4.918000e+00 5.740600e-02 1.938344e+01 1.428653e+01
4.920000e+00 5.733035e-02 1.936630e+01 1.426990e+01
4.922000e+00 5.729348e-02 1.935772e+01 1.426161e+01
4.924000e+00 5.726400e-02 1.935100e+01 1.425510e+01
4.926000e+00 5.723912e-02 1.934542e+01 1.424972e+01
4.928000e+00 5.721760e-02 1.934067e+01 1.424514e+01
4.930000e+00 5.719867e-02 1.933655e+01 1.424118e+01
4.932000e+00 5.718183e-02 1.933293e+01 1.423769e+01
4.934000e+00 5.716671e-02 1.932971e+01 1.423460e+01
4.936000e+00 5.715304e-02 1.932683e+01 1.423185e+01
4.938000e+00 5.714060e-02 1.932424e+01 1.422936e+01
4.940000e+00 5.712924e-02 1.932190e+01 1.422712e+01
4.942000e+00 5.711881e-02 1.931976e+01 1.422509e+01
4.944000e+00 5.710922e-02 1.931782e+01 1.422324e+01
4.946000e+00 5.710036e-02 1.931604e+01 1.422155e+01
4.948000e+00 5.709217e-02 1.931442e+01 1.422001e+01
4.950000e+00 5.708460e-02 1.931293e+01 1.421860e+01
4.952000e+00 5.707757e-02 1.931156e+01 1.421731e+01
4.954000e+00 5.707107e-02 1.931031e+01 1.421613e+01
4.956000e+00 5.706503e-02 1.930916e+01 1.421505e+01
4.958000e+00 5.705944e-02 1.930811e+01 1.421407e+01
4.960000e+00 5.705426e-02 1.930715e+01 1.421318e+01
4.962000e+00 5.704948e-02 1.930627e+01 1.421236e+01
4.964000e+00 5.704505e-02 1.930548e+01 1.421163e+01
4.966000e+00 5.704097e-02 1.930475e+01 1.421097e+01
4.968000e+00 5.703722e-02 1.930410e+01 1.421037e+01
4.970000e+00 5.703379e-02 1.930352e+01 1.420984e+01
4.972000e+00 5.703064e-02 1.930300e+01 1.420938e+01
4.974000e+00 5.702778e-02 1.930254e+01 1.420897e+01
4.976000e+00 5.702519e-02 1.930214e+01 1.420862e+01
4.978000e+00 5.702285e-02 1.930180e+01 1.420832e+01
4.980000e+00 5.702077e-02 1.930150e+01 1.420808e+01
4.982000e+00 5.701892e-02 1.930126e+01 1.420788e+01
4.984000e+00 5.701730e-02 1.930107e+01 1.420773e+01
4.986000e+00 5.701591e-02 1.930092e+01 1.420763e+01
4.988000e+00 5.701472e-02 1.930082e+01 1.420757e+01
4.990000e+00 5.701374e-02 1.930077e+01 1.420756e+01
4.992000e+00 5.701297e-02 1.930076e+01 1.420758e+01
4.994000e+00 5.701238e-02 1.930078e+01 1.420765e+01
4.996000e+00 5.701199e-02 1.930085e+01 1.420775e+01
4.998000e+00 5.701178e-02 1.930096e+01 1.420789e+01
5.000000e+00 5.701174e-02 1.930110e+01 1.420807e+01
5.002000e+00 5.701188e-02 1.930128e+01 1.420829e+01
5.004000e+00 5.701219e-02 1.930150e+01 1.420854e+01
5.006000e+00 5.701267e-02 1.930175e+01 1.420882e+01
5.008000e+00 5.701330e-02 1.930204e+01 1.420914e+01
5.010000e+00 5.701410e-02 1.930236e+01 1.420949e+01
5.012000e+00 5.701505e-02 1.930271e+01 1.420987e+01
5.014000e+00 5.701615e-02 1.930309e+01 1.421028e+01
5.016000e+00 5.701740e-02 1.930351e+01 1.421072e+01
5.018000e+00 5.701880e-02 1.930395e+01 1.421119e+01
5.020000e+00 5.702034e-02 1.930443e+01 1.421169e+01
5.022000e+00 5.702202e-02 1.930493e+01 1.421223e+01
5.024000e+00 5.702384e-02 1.930547e+01 1.421278e+01
5.026000e+00 5.702579e-02 1.930603e+01 1.421337e+01
5.028000e+00 5.702789e-02 1.930663e+01 1.421399e+01
5.030000e+00 5.703011e-02 1.930725e+01 1.421463e+01
5.032000e+00 5.703247e-02 1.930790e+01 1.421530e+01
5.034000e+00 5.703496e-02 1.930857e+01 1.421599e+01
5.036000e+00 5.703757e-02 1.930927e+01 1.421671e+01
5.038000e+00 5.704032e-02 1.931000e+01 1.421746e+01
5.040000e+00 5.704319e-02 1.931076e+01 1.421824e+01
5.042000e+00 5.704619e-02 1.931154e+01 1.421904e+01
5.044000e+00 5.704932e-02 1.931235e+01 1.421986e+01
5.046000e+00 5.705257e-02 1.931319e+01 1.422072e+01
5.048000e+00 5.705596e-02 1.931406e+01 1.422160e+01
5.050000e+00 5.705948e-02 1.931495e+01 1.422250e+01
5.052000e+00 5.706315e-02 1.931588e+01 1.422345e+01
5.054000e+00 5.706701e-02 1.931685e+01 1.422442e+01
5.056000e+00 5.707090e-02 1.931782e+01 1.422541e+01
5.058000e+00 5.707459e-02 1.931874e+01 1.422634e+01
5.060000e+00 5.707848e-02 1.931971e+01 1.422732e+01
5.062000e+00 5.708252e-02 1.932070e+01 1.422833e+01
5.064000e+00 5.708670e-02 1.932173e+01 1.422937e+01
5.066000e+00 5.709100e-02 1.932279e+01 1.423043e+01
5.068000e+00 5.709542e-02 1.932387e+01 1.423152e+01
5.070000e+00 5.709996e-02 1.932497e+01 1.423263e+01
5.072000e+00 5.710461e-02 1.932610e+01 1.423377e+01
5.074000e+00 5.710937e-02 1.932725e+01 1.423493e+01
5.076000e+00 5.711423e-02 1.932843e+01 1.423611e+01
5.078000e+00 5.711921e-02 1.932963e+01 1.423731e+01
5.080000e+00 5.712430e-02 1.933085e+01 1.423854e+01
5.082000e+00 5.712949e-02 1.933209e+01 1.423978e+01
5.084000e+00 5.713478e-02 1.933335e+01 1.424105e+01
5.086000e+00 5.714019e-02 1.933464e+01 1.424234e+01
5.088000e+00 5.714569e-02 1.933595e+01 1.424365e+01
5.090000e+00 5.715130e-02 1.933728e+01 1.424498e+01
5.092000e+00 5.715701e-02 1.933863e+01 1.424634e+01
5.094000e+00 5.716282e-02 1.934000e+01 1.424771e+01
5.096000e+00 5.716874e-02 1.934140e+01 1.424911e+01
5.098000e+00 5.717476e-02 1.934281e+01 1.425052e+01
5.100000e+00 5.718088e-02 1.934425e+01 1.425196e+01
5.102000e+00 5.718710e-02 1.934571e+01 1.425341e+01
5.104000e+00 5.719342e-02 1.934719e+01 1.425489e+01
5.106000e+00 5.719984e-02 1.934869e+01 1.425639e+01
5.108000e+00 5.720636e-02 1.935021e+01 1.425791e+01
5.110000e+00 5.721298e-02 1.935175e+01 1.425944e+01
5.112000e+00 5.721970e-02 1.935332e+01 1.426100e+01
5.114000e+00 5.722652e-02 1.935490e+01 1.426258e+01
5.116000e+00 5.723344e-02 1.935651e+01 1.426418e+01
5.118000e+00 5.724046e-02 1.935813e+01 1.426580e+01
5.120000e+00 5.724757e-02 1.935978e+01 1.426744e+01
5.122000e+00 5.725479e-02 1.936144e+01 1.426910e+01
5.124000e+00 5.726210e-02 1.936313e+01 1.427078e+01
5.126000e+00 5.726951e-02 1.936484e+01 1.427248e+01
5.128000e+00 5.727702e-02 1.936657e+01 1.427420e+01
5.130000e+00 5.728463e-02 1.936832e+01 1.427594e+01
5.132000e+00 5.729233e-02 1.937009e+01 1.427770e+01
5.134000e+00 5.730014e-02 1.937188e+01 1.427948e+01
5.136000e+00 5.730804e-02 1.937369e+01 1.428128e+01
5.138000e+00 5.731604e-02 1.937552e+01 1.428310e+01
5.140000e+00 5.732414e-02 1.937737e+01 1.428494e+01
5.142000e+00 5.733233e-02 1.937925e+01 1.428679e+01
5.144000e+00 5.734063e-02 1.938114e+01 1.428867e+01
5.146000e+00 5.734902e-02 1.938305e+01 1.429057e+01
5.148000e+00 5.735751e-02 1.938499e+01 1.429249e+01
5.150000e+00 5.736609e-02 1.938694e+01 1.429443e+01
5.152000e+00 5.737478e-02 1.938892e+01 1.429639e+01
5.154000e+00 5.738356e-02 1.939091e+01 1.429837e+01
5.156000e+00 5.739244e-02 1.939293e+01 1.430037e+01
5.158000e+00 5.740142e-02 1.939497e+01 1.430239e+01
5.160000e+00 5.741050e-02 1.939702e+01 1.430443e+01
5.162000e+00 5.741968e-02 1.939910e+01 1.430649e+01
5.164000e+00 5.742896e-02 1.940120e+01 1.430857e+01
5.166000e+00 5.743833e-02 1.940332e+01 1.431067e+01
5.168000e+00 5.744781e-02 1.940546e+01 1.431279e+01
5.170000e+00 5.745738e-02 1.940763e+01 1.431493e+01
5.172000e+00 5.746705e-02 1.940981e+01 1.431709e+01
5.174000e+00 5.747683e-02 1.941201e+01 1.431927e+01
5.176000e+00 5.748670e-02 1.941424e+01 1.432148e+01
5.178000e+00 5.749668e-02 1.941648e+01 1.432370e+01
5.180000e+00 5.750675e-02 1.941875e+01 1.432594e+01
5.182000e+00 5.751693e-02 1.942104e+01 1.432821e+01
5.184000e+00 5.752721e-02 1.942335e+01 1.433049e+01
5.186000e+00 5.753759e-02 1.942568e+01 1.433280e+01
5.188000e+00 5.754808e-02 1.942803e+01 1.433512e+01
5.190000e+00 5.755866e-02 1.943040e+01 1.433747e+01
5.192000e+00 5.756935e-02 1.943280e+01 1.433984e+01
5.194000e+00 5.758015e-02 1.943522e+01 1.434223e+01
5.196000e+00 5.759105e-02 1.943766e+01 1.434464e+01
5.198000e+00 5.760205e-02 1.944012e+01 1.434707e+01
5.200000e+00 5.761316e-02 1.944260e+01 1.434953e+01
5.202000e+00 5.762438e-02 1.944511e+01 1.435200e+01
5.204000e+00 5.763570e-02 1.944764e+01 1.435450e+01
5.206000e+00 5.764713e-02 1.945019e+01 1.435702e+01
5.208000e+00 5.765868e-02 1.945276e+01 1.435956e+01
5.210000e+00 5.767033e-02 1.945536e+01 1.436213e+01
5.212000e+00 5.768209e-02 1.945798e+01 1.436471e+01
5.214000e+00 5.769396e-02 1.946062e+01 1.436732e+01
5.216000e+00 5.770595e-02 1.946329e+01 1.436996e+01
5.218000e+00 5.771805e-02 1.946598e+01 1.437261e+01
5.220000e+00 5.773027e-02 1.946870e+01 1.437529e+01
5.222000e+00 5.774261e-02 1.947144e+01 1.437800e+01
5.224000e+00 5.775506e-02 1.947421e+01 1.438073e+01
5.226000e+00 5.776764e-02 1.947700e+01 1.438348e+01
5.228000e+00 5.778034e-02 1.947981e+01 1.438626e+01
5.230000e+00 5.779316e-02 1.948266e+01 1.438906e+01
5.232000e+00 5.780611e-02 1.948553e+01 1.439190e+01
5.234000e+00 5.781919e-02 1.948843e+01 1.439475e+01
5.236000e+00 5.783241e-02 1.949135e+01 1.439764e+01
5.238000e+00 5.784576e-02 1.949431e+01 1.440055e+01
5.240000e+00 5.785925e-02 1.949729e+01 1.440349e+01
5.242000e+00 5.787289e-02 1.950031e+01 1.440647e+01
5.244000e+00 5.788668e-02 1.950336e+01 1.440947e+01
5.246000e+00 5.790063e-02 1.950644e+01 1.441251e+01
5.248000e+00 5.791475e-02 1.950956e+01 1.441558e+01
5.250000e+00 5.792906e-02 1.951272e+01 1.441869e+01
5.252000e+00 5.794358e-02 1.951593e+01 1.442185e+01
5.254000e+00 5.795826e-02 1.951917e+01 1.442504e+01
5.256000e+00 5.797281e-02 1.952238e+01 1.442820e+01
5.258000e+00 5.798764e-02 1.952565e+01 1.443142e+01
5.260000e+00 5.800271e-02 1.952897e+01 1.443469e+01
5.262000e+00 5.801803e-02 1.953234e+01 1.443801e+01
5.264000e+00 5.803361e-02 1.953578e+01 1.444139e+01
5.266000e+00 5.804947e-02 1.953927e+01 1.444483e+01
5.268000e+00 5.806565e-02 1.954284e+01 1.444834e+01
5.270000e+00 5.808218e-02 1.954649e+01 1.445193e+01
5.272000e+00 5.809912e-02 1.955023e+01 1.445560e+01
5.274000e+00 5.811655e-02 1.955408e+01 1.445939e+01
5.276000e+00 5.813456e-02 1.955807e+01 1.446331e+01
5.278000e+00 5.815333e-02 1.956223e+01 1.446740e+01
5.280000e+00 5.817308e-02 1.956663e+01 1.447171e+01
5.282000e+00 5.819421e-02 1.957136e+01 1.447636e+01
5.284000e+00 5.821744e-02 1.957661e+01 1.448150e+01
5.286000e+00 5.824420e-02 1.958272e+01 1.448749e+01
5.288000e+00 5.827388e-02 1.958944e+01 1.449406e+01
5.290000e+00 5.827196e-02 1.958873e+01 1.449341e+01
5.292000e+00 5.827756e-02 1.958973e+01 1.449442e+01
5.294000e+00 5.828618e-02 1.959148e+01 1.449616e+01
5.296000e+00 5.829667e-02 1.959369e+01 1.449835e+01
5.298000e+00 5.830842e-02 1.959620e+01 1.450083e+01
5.300000e+00 5.832109e-02 1.959893e+01 1.450352e+01
5.302000e+00 5.833447e-02 1.960182e+01 1.450638e+01
5.304000e+00 5.834842e-02 1.960484e+01 1.450936e+01
5.306000e+00 5.836284e-02 1.960798e+01 1.451245e+01
5.308000e+00 5.837766e-02 1.961120e+01 1.451562e+01
5.310000e+00 5.839284e-02 1.961450e+01 1.451887e+01
5.312000e+00 5.840834e-02 1.961787e+01 1.452219e+01
5.314000e+00 5.842412e-02 1.962131e+01 1.452558e+01
5.316000e+00 5.844017e-02 1.962480e+01 1.452901e+01
5.318000e+00 5.845646e-02 1.962835e+01 1.453250e+01
5.320000e+00 5.847299e-02 1.963195e+01 1.453604e+01
5.322000e+00 5.848973e-02 1.963559e+01 1.453963e+01
5.324000e+00 5.850669e-02 1.963928e+01 1.454326e+01
5.326000e+00 5.852385e-02 1.964302e+01 1.454693e+01
5.328000e+00 5.854122e-02 1.964679e+01 1.455064e+01
5.330000e+00 5.855877e-02 1.965061e+01 1.455439e+01
5.332000e+00 5.857652e-02 1.965447e+01 1.455819e+01
5.334000e+00 5.859446e-02 1.965836e+01 1.456202e+01
5.336000e+00 5.861258e-02 1.966230e+01 1.456589e+01
5.338000e+00 5.863089e-02 1.966627e+01 1.456980e+01
5.340000e+00 5.864938e-02 1.967029e+01 1.457374e+01
5.342000e+00 5.866806e-02 1.967434e+01 1.457772e+01
5.344000e+00 5.868692e-02 1.967843e+01 1.458174e+01
5.346000e+00 5.870596e-02 1.968256e+01 1.458580e+01
5.348000e+00 5.872519e-02 1.968673e+01 1.458990e+01
5.350000e+00 5.874460e-02 1.969094e+01 1.459403e+01
5.352000e+00 5.876420e-02 1.969518e+01 1.459820e+01
5.354000e+00 5.878399e-02 1.969947e+01 1.460241e+01
5.356000e+00 5.880397e-02 1.970379e+01 1.460666e+01
5.358000e+00 5.882414e-02 1.970816e+01 1.461094e+01
5.360000e+00 5.884451e-02 1.971256e+01 1.461527e+01
5.362000e+00 5.886508e-02 1.971701e+01 1.461964e+01
5.364000e+00 5.888585e-02 1.972150e+01 1.462405e+01
5.366000e+00 5.890683e-02 1.972604e+01 1.462850e+01
5.368000e+00 5.892802e-02 1.973062e+01 1.463300e+01
5.370000e+00 5.894943e-02 1.973524e+01 1.463754e+01
5.372000e+00 5.897105e-02 1.973991e+01 1.464212e+01
5.374000e+00 5.899291e-02 1.974463e+01 1.464675e+01
5.376000e+00 5.901500e-02 1.974939e+01 1.465143e+01
5.378000e+00 5.903732e-02 1.975421e+01 1.465616e+01
5.380000e+00 5.905990e-02 1.975908e+01 1.466094e+01
5.382000e+00 5.908274e-02 1.976400e+01 1.466577e+01
5.384000e+00 5.910584e-02 1.976898e+01 1.467066e+01
5.386000e+00 5.912922e-02 1.977402e+01 1.467560e+01
5.388000e+00 5.915289e-02 1.977912e+01 1.468060e+01
5.390000e+00 5.917686e-02 1.978429e+01 1.468567e+01
5.392000e+00 5.920115e-02 1.978952e+01 1.469080e+01
5.394000e+00 5.922577e-02 1.979482e+01 1.469600e+01
5.396000e+00 5.925073e-02 1.980020e+01 1.470128e+01
5.398000e+00 5.927607e-02 1.980566e+01 1.470663e+01
5.400000e+00 5.930180e-02 1.981120e+01 1.471206e+01
5.402000e+00 5.932796e-02 1.981683e+01 1.471758e+01
5.404000e+00 5.935455e-02 1.982256e+01 1.472320e+01
5.406000e+00 5.938164e-02 1.982839e+01 1.472892e+01
5.408000e+00 5.940924e-02 1.983434e+01 1.473475e+01
5.410000e+00 5.943742e-02 1.984041e+01 1.474070e+01
5.412000e+00 5.946622e-02 1.984662e+01 1.474678e+01
5.414000e+00 5.949571e-02 1.985299e+01 1.475302e+01
5.416000e+00 5.952597e-02 1.985952e+01 1.475942e+01
5.418000e+00 5.955711e-02 1.986625e+01 1.476601e+01
5.420000e+00 5.958925e-02 1.987321e+01 1.477282e+01
5.422000e+00 5.962253e-02 1.988042e+01 1.477989e+01
5.424000e+00 5.965717e-02 1.988795e+01 1.478725e+01
5.426000e+00 5.969341e-02 1.989584e+01 1.479498e+01
5.428000e+00 5.973162e-02 1.990419e+01 1.480314e+01
5.430000e+00 5.977226e-02 1.991310e+01 1.481186e+01
5.432000e+00 5.981600e-02 1.992275e+01 1.482130e+01
5.434000e+00 5.986387e-02 1.993339e+01 1.483170e+01
5.436000e+00 5.991745e-02 1.994541e+01 1.484344e+01
5.438000e+00 5.997950e-02 1.995950e+01 1.485721e+01
5.440000e+00 6.005529e-02 1.997700e+01 1.487429e+01
5.442000e+00 6.016401e-02 2.000210e+01 1.489877e+01
5.444000e+00 6.013818e-02 1.999552e+01 1.489241e+01
5.446000e+00 6.010556e-02 1.998695e+01 1.488410e+01
5.448000e+00 6.009108e-02 1.998284e+01 1.488013e+01
5.450000e+00 6.008709e-02 1.998131e+01 1.487868e+01
5.452000e+00 6.008994e-02 1.998144e+01 1.487885e+01
5.454000e+00 6.009764e-02 1.998275e+01 1.488016e+01
5.456000e+00 6.010899e-02 1.998492e+01 1.488231e+01
5.458000e+00 6.012322e-02 1.998776e+01 1.488512e+01
5.460000e+00 6.013980e-02 1.999115e+01 1.488846e+01
5.462000e+00 6.015838e-02 1.999500e+01 1.489225e+01
5.464000e+00 6.017873e-02 1.999926e+01 1.489644e+01
5.466000e+00 6.020070e-02 2.000389e+01 1.490099e+01
5.468000e+00 6.022420e-02 2.000888e+01 1.490588e+01
5.470000e+00 6.024925e-02 2.001421e+01 1.491112e+01
5.472000e+00 6.027593e-02 2.001994e+01 1.491673e+01
5.474000e+00 6.030452e-02 2.002611e+01 1.492279e+01
5.476000e+00 6.033602e-02 2.003299e+01 1.492952e+01
5.478000e+00 6.036779e-02 2.003984e+01 1.493624e+01
5.480000e+00 6.037909e-02 2.004195e+01 1.493833e+01
5.482000e+00 6.039662e-02 2.004546e+01 1.494179e+01
5.484000e+00 6.041617e-02 2.004946e+01 1.494573e+01
5.486000e+00 6.043717e-02 2.005381e+01 1.495000e+01
5.488000e+00 6.045934e-02 2.005842e+01 1.495453e+01
5.490000e+00 6.048249e-02 2.006326e+01 1.495929e+01
5.492000e+00 6.050651e-02 2.006830e+01 1.496423e+01
5.494000e+00 6.053131e-02 2.007350e+01 1.496935e+01
5.496000e+00 6.055682e-02 2.007887e+01 1.497461e+01
5.498000e+00 6.058300e-02 2.008438e+01 1.498002e+01
5.500000e+00 6.060981e-02 2.009003e+01 1.498557e+01
5.502000e+00 6.063722e-02 2.009581e+01 1.499124e+01
5.504000e+00 6.066521e-02 2.010172e+01 1.499703e+01
5.506000e+00 6.069377e-02 2.010775e+01 1.500294e+01
5.508000e+00 6.072290e-02 2.011390e+01 1.500897e+01
5.510000e+00 6.075260e-02 2.012017e+01 1.501513e+01
5.512000e+00 6.078289e-02 2.012658e+01 1.502140e+01
5.514000e+00 6.081378e-02 2.013311e+01 1.502781e+01
5.516000e+00 6.084530e-02 2.013978e+01 1.503435e+01
5.518000e+00 6.087750e-02 2.014660e+01 1.504104e+01
5.520000e+00 6.091045e-02 2.015359e+01 1.504789e+01
5.522000e+00 6.094423e-02 2.016077e+01 1.505492e+01
5.524000e+00 6.097899e-02 2.016818e+01 1.506218e+01
5.526000e+00 6.101496e-02 2.017587e+01 1.506971e+01
5.528000e+00 6.105262e-02 2.018397e+01 1.507764e+01
5.530000e+00 6.109484e-02 2.019311e+01 1.508659e+01
5.532000e+00 6.112171e-02 2.019866e+01 1.509204e+01
5.534000e+00 6.114474e-02 2.020326e+01 1.509656e+01
5.536000e+00 6.117050e-02 2.020851e+01 1.510171e+01
5.538000e+00 6.119774e-02 2.021411e+01 1.510721e+01
5.540000e+00 6.122609e-02 2.021997e+01 1.511296e+01
5.542000e+00 6.125535e-02 2.022604e+01 1.511892e+01
5.544000e+00 6.128537e-02 2.023229e+01 1.512504e+01
5.546000e+00 6.131609e-02 2.023868e+01 1.513132e+01
5.548000e+00 6.134742e-02 2.024521e+01 1.513772e+01
5.550000e+00 6.137932e-02 2.025187e+01 1.514425e+01
5.552000e+00 6.141176e-02 2.025864e+01 1.515089e+01
5.554000e+00 6.144470e-02 2.026552e+01 1.515763e+01
5.556000e+00 6.147812e-02 2.027249e+01 1.516447e+01
5.558000e+00 6.151200e-02 2.027957e+01 1.517141e+01
5.560000e+00 6.154634e-02 2.028674e+01 1.517843e+01
5.562000e+00 6.158112e-02 2.029400e+01 1.518555e+01
5.564000e+00 6.161634e-02 2.030136e+01 1.519276e+01
5.566000e+00 6.165198e-02 2.030880e+01 1.520005e+01
5.568000e+00 6.168806e-02 2.031633e+01 1.520743e+01
5.570000e+00 6.172456e-02 2.032394e+01 1.521490e+01
5.572000e+00 6.176148e-02 2.033165e+01 1.522245e+01
5.574000e+00 6.179883e-02 2.033944e+01 1.523008e+01
5.576000e+00 6.183662e-02 2.034732e+01 1.523781e+01
5.578000e+00 6.187483e-02 2.035529e+01 1.524562e+01
5.580000e+00 6.191349e-02 2.036335e+01 1.525351e+01
5.582000e+00 6.195260e-02 2.037151e+01 1.526150e+01
5.584000e+00 6.199216e-02 2.037975e+01 1.526958e+01
5.586000e+00 6.203219e-02 2.038809e+01 1.527775e+01
5.588000e+00 6.207269e-02 2.039653e+01 1.528602e+01
5.590000e+00 6.211368e-02 2.040507e+01 1.529438e+01
5.592000e+00 6.215517e-02 2.041372e+01 1.530285e+01
5.594000e+00 6.219717e-02 2.042246e+01 1.531142e+01
5.596000e+00 6.223972e-02 2.043132e+01 1.532010e+01
5.598000e+00 6.228281e-02 2.044030e+01 1.532889e+01
5.600000e+00 6.232649e-02 2.044939e+01 1.533780e+01
5.602000e+00 6.237077e-02 2.045862e+01 1.534683e+01
5.604000e+00 6.241568e-02 2.046797e+01 1.535599e+01
5.606000e+00 6.246125e-02 2.047746e+01 1.536529e+01
5.608000e+00 6.250753e-02 2.048710e+01 1.537473e+01
5.610000e+00 6.255456e-02 2.049690e+01 1.538433e+01
5.612000e+00 6.260239e-02 2.050687e+01 1.539409e+01
5.614000e+00 6.265107e-02 2.051702e+01 1.540403e+01
5.616000e+00 6.270068e-02 2.052738e+01 1.541417e+01
5.618000e+00 6.275131e-02 2.053795e+01 1.542452e+01
5.620000e+00 6.280306e-02 2.054876e+01 1.543510e+01
5.622000e+00 6.285604e-02 2.055985e+01 1.544596e+01
5.624000e+00 6.291042e-02 2.057124e+01 1.545711e+01
5.626000e+00 6.296640e-02 2.058299e+01 1.546861e+01
5.628000e+00 6.302422e-02 2.059515e+01 1.548051e+01
5.630000e+00 6.308422e-02 2.060781e+01 1.549290e+01
5.632000e+00 6.314683e-02 2.062106e+01 1.550587e+01
5.634000e+00 6.321269e-02 2.063507e+01 1.551957e+01
5.636000e+00 6.328267e-02 2.065004e+01 1.553422e+01
5.638000e+00 6.335818e-02 2.066633e+01 1.555015e+01
5.640000e+00 6.344153e-02 2.068452e+01 1.556794e+01
5.642000e+00 6.353701e-02 2.070568e+01 1.558862e+01
5.644000e+00 6.365731e-02 2.073266e+01 1.561499e+01
5.646000e+00 6.368933e-02 2.073876e+01 1.562098e+01
5.648000e+00 6.368640e-02 2.073637e+01 1.561869e+01
5.650000e+00 6.370293e-02 2.073868e+01 1.562098e+01
5.652000e+00 6.373102e-02 2.074382e+01 1.562604e+01
5.654000e+00 6.376751e-02 2.075099e+01 1.563307e+01
5.656000e+00 6.381101e-02 2.075985e+01 1.564176e+01
5.658000e+00 6.386140e-02 2.077038e+01 1.565208e+01
5.660000e+00 6.392208e-02 2.078334e+01 1.566476e+01
5.662000e+00 6.396908e-02 2.079297e+01 1.567420e+01
5.664000e+00 6.397592e-02 2.079327e+01 1.567453e+01
5.666000e+00 6.399621e-02 2.079663e+01 1.567785e+01
5.668000e+00 6.402167e-02 2.080125e+01 1.568240e+01
5.670000e+00 6.405087e-02 2.080675e+01 1.568781e+01
5.672000e+00 6.408305e-02 2.081296e+01 1.569391e+01
5.674000e+00 6.411772e-02 2.081974e+01 1.570056e+01
5.676000e+00 6.415456e-02 2.082701e+01 1.570770e+01
5.678000e+00 6.419331e-02 2.083471e+01 1.571526e+01
5.680000e+00 6.423380e-02 2.084280e+01 1.572319e+01
5.682000e+00 6.427589e-02 2.085124e+01 1.573147e+01
5.684000e+00 6.431949e-02 2.086002e+01 1.574008e+01
5.686000e+00 6.436456e-02 2.086911e+01 1.574900e+01
5.688000e+00 6.441107e-02 2.087853e+01 1.575823e+01
5.690000e+00 6.445906e-02 2.088827e+01 1.576778e+01
5.692000e+00 6.450863e-02 2.089837e+01 1.577768e+01
5.694000e+00 6.456004e-02 2.090890e+01 1.578799e+01
5.696000e+00 6.461498e-02 2.092022e+01 1.579908e+01
5.698000e+00 6.466391e-02 2.093011e+01 1.580878e+01
5.700000e+00 6.470419e-02 2.093796e+01 1.581649e+01
5.702000e+00 6.474835e-02 2.094669e+01 1.582504e+01
5.704000e+00 6.479422e-02 2.095581e+01 1.583399e+01
5.706000e+00 6.484147e-02 2.096524e+01 1.584324e+01
5.708000e+00 6.488989e-02 2.097493e+01 1.585273e+01
5.710000e+00 6.493937e-02 2.098484e+01 1.586245e+01
5.712000e+00 6.498981e-02 2.099496e+01 1.587237e+01
5.714000e+00 6.504116e-02 2.100527e+01 1.588248e+01
5.716000e+00 6.509336e-02 2.101575e+01 1.589276e+01
5.718000e+00 6.514636e-02 2.102641e+01 1.590320e+01
5.720000e+00 6.520014e-02 2.103722e+01 1.591379e+01
5.722000e+00 6.525468e-02 2.104818e+01 1.592454e+01
5.724000e+00 6.530995e-02 2.105929e+01 1.593543e+01
5.726000e+00 6.536593e-02 2.107054e+01 1.594646e+01
5.728000e+00 6.542261e-02 2.108194e+01 1.595762e+01
5.730000e+00 6.547998e-02 2.109347e+01 1.596892e+01
5.732000e+00 6.553803e-02 2.110513e+01 1.598036e+01
5.734000e+00 6.559675e-02 2.111693e+01 1.599192e+01
5.736000e+00 6.565615e-02 2.112887e+01 1.600362e+01
5.738000e+00 6.571620e-02 2.114093e+01 1.601544e+01
5.740000e+00 6.577693e-02 2.115312e+01 1.602739e+01
5.742000e+00 6.583831e-02 2.116545e+01 1.603947e+01
5.744000e+00 6.590036e-02 2.117790e+01 1.605167e+01
5.746000e+00 6.596307e-02 2.119048e+01 1.606400e+01
5.748000e+00 6.602645e-02 2.120320e+01 1.607646e+01
5.750000e+00 6.609051e-02 2.121604e+01 1.608905e+01
5.752000e+00 6.615523e-02 2.122902e+01 1.610177e+01
5.754000e+00 6.622064e-02 2.124213e+01 1.611462e+01
5.756000e+00 6.628673e-02 2.125537e+01 1.612760e+01
5.758000e+00 6.635352e-02 2.126875e+01 1.614071e+01
5.760000e+00 6.642102e-02 2.128227e+01 1.615395e+01
5.762000e+00 6.648922e-02 2.129593e+01 1.616734e+01
5.764000e+00 6.655815e-02 2.130972e+01 1.618086e+01
5.766000e+00 6.662782e-02 2.132367e+01 1.619452e+01
5.768000e+00 6.669823e-02 2.133775e+01 1.620833e+01
5.770000e+00 6.676941e-02 2.135199e+01 1.622228e+01
5.772000e+00 6.684136e-02 2.136638e+01 1.623638e+01
5.774000e+00 6.691412e-02 2.138093e+01 1.625064e+01
5.776000e+00 6.698769e-02 2.139564e+01 1.626505e+01
5.778000e+00 6.706211e-02 2.141051e+01 1.627963e+01
5.780000e+00 6.713739e-02 2.142555e+01 1.629437e+01
5.782000e+00 6.721356e-02 2.144078e+01 1.630929e+01
5.784000e+00 6.729065e-02 2.145618e+01 1.632438e+01
5.786000e+00 6.736871e-02 2.147178e+01 1.633967e+01
5.788000e+00 6.744776e-02 2.148758e+01 1.635515e+01
5.790000e+00 6.752787e-02 2.150359e+01 1.637084e+01
5.792000e+00 6.760908e-02 2.151982e+01 1.638675e+01
5.794000e+00 6.769146e-02 2.153630e+01 1.640290e+01
5.796000e+00 6.777509e-02 2.155303e+01 1.641930e+01
5.798000e+00 6.786008e-02 2.157004e+01 1.643597e+01
5.800000e+00 6.794654e-02 2.158737e+01 1.645295e+01
5.802000e+00 6.803462e-02 2.160504e+01 1.647026e+01
5.804000e+00 6.812451e-02 2.162309e+01 1.648796e+01
5.806000e+00 6.821647e-02 2.164161e+01 1.650610e+01
5.808000e+00 6.831084e-02 2.166066e+01 1.652477e+01
5.810000e+00 6.840812e-02 2.168037e+01 1.654408e+01
5.812000e+00 6.850906e-02 2.170093e+01 1.656423e+01
5.814000e+00 6.861509e-02 2.172271e+01 1.658557e+01
5.816000e+00 6.873158e-02 2.174694e+01 1.660930e+01
5.818000e+00 6.882256e-02 2.176510e+01 1.662711e+01
5.820000e+00 6.887253e-02 2.177369e+01 1.663555e+01
5.822000e+00 6.893534e-02 2.178523e+01 1.664687e+01
5.824000e+00 6.900357e-02 2.179806e+01 1.665946e+01
5.826000e+00 6.907566e-02 2.181180e+01 1.667294e+01
5.828000e+00 6.915083e-02 2.182623e+01 1.668710e+01
5.830000e+00 6.922858e-02 2.184124e+01 1.670182e+01
5.832000e+00 6.930858e-02 2.185674e+01 1.671703e+01
5.834000e+00 6.939059e-02 2.187267e+01 1.673265e+01
5.836000e+00 6.947443e-02 2.188899e+01 1.674866e+01
5.838000e+00 6.955998e-02 2.190566e+01 1.676501e+01
5.840000e+00 6.964712e-02 2.192267e+01 1.678168e+01
5.842000e+00 6.973579e-02 2.193998e+01 1.679866e+01
5.844000e+00 6.982593e-02 2.195759e+01 1.681593e+01
5.846000e+00 6.991748e-02 2.197549e+01 1.683348e+01
5.848000e+00 7.001043e-02 2.199366e+01 1.685131e+01
5.850000e+00 7.010474e-02 2.201211e+01 1.686940e+01
5.852000e+00 7.020040e-02 2.203082e+01 1.688775e+01
5.854000e+00 7.029739e-02 2.204979e+01 1.690636e+01
5.856000e+00 7.039572e-02 2.206903e+01 1.692523e+01
5.858000e+00 7.049534e-02 2.208852e+01 1.694434e+01
5.860000e+00 7.059633e-02 2.210828e+01 1.696372e+01
5.862000e+00 7.069866e-02 2.212831e+01 1.698336e+01
5.864000e+00 7.080232e-02 2.214859e+01 1.700325e+01
5.866000e+00 7.090735e-02 2.216914e+01 1.702340e+01
5.868000e+00 7.101374e-02 2.218995e+01 1.704382e+01
5.870000e+00 7.112152e-02 2.221104e+01 1.706450e+01
5.872000e+00 7.123070e-02 2.223240e+01 1.708545e+01
5.874000e+00 7.134130e-02 2.225403e+01 1.710667e+01
5.876000e+00 7.145334e-02 2.227594e+01 1.712816e+01
5.878000e+00 7.156685e-02 2.229815e+01 1.714994e+01
5.880000e+00 7.168185e-02 2.232064e+01 1.717200e+01
5.882000e+00 7.179838e-02 2.234343e+01 1.719436e+01
5.884000e+00 7.191646e-02 2.236652e+01 1.721701e+01
5.886000e+00 7.203612e-02 2.238992e+01 1.723996e+01
5.888000e+00 7.215740e-02 2.241363e+01 1.726323e+01
5.890000e+00 7.228035e-02 2.243768e+01 1.728681e+01
5.892000e+00 7.240499e-02 2.246205e+01 1.731073e+01
5.894000e+00 7.253138e-02 2.248677e+01 1.733497e+01
5.896000e+00 7.265956e-02 2.251184e+01 1.735957e+01
5.898000e+00 7.278958e-02 2.253727e+01 1.738452e+01
5.900000e+00 7.292151e-02 2.256307e+01 1.740984e+01
5.902000e+00 7.305541e-02 2.258927e+01 1.743554e+01
5.904000e+00 7.319136e-02 2.261587e+01 1.746164e+01
5.906000e+00 7.332919e-02 2.264284e+01 1.748810e+01
5.908000e+00 7.346918e-02 2.267023e+01 1.751498e+01
5.910000e+00 7.361141e-02 2.269808e+01 1.754231e+01
5.912000e+00 7.375598e-02 2.272639e+01 1.757009e+01
5.914000e+00 7.390297e-02 2.275518e+01 1.759834e+01
5.916000e+00 7.405248e-02 2.278449e+01 1.762710e+01
5.918000e+00 7.420464e-02 2.281432e+01 1.765638e+01
5.920000e+00 7.435958e-02 2.284472e+01 1.768621e+01
5.922000e+00 7.451747e-02 2.287572e+01 1.771664e+01
5.924000e+00 7.467848e-02 2.290736e+01 1.774769e+01
5.926000e+00 7.484285e-02 2.293970e+01 1.777942e+01
5.928000e+00 7.501084e-02 2.297278e+01 1.781190e+01
5.930000e+00 7.518278e-02 2.300670e+01 1.784518e+01
5.932000e+00 7.535911e-02 2.304154e+01 1.787939e+01
5.934000e+00 7.554036e-02 2.307745e+01 1.791464e+01
5.936000e+00 7.572732e-02 2.311461e+01 1.795111e+01
5.938000e+00 7.592116e-02 2.315332e+01 1.798911e+01
5.940000e+00 7.612406e-02 2.319412e+01 1.802916e+01
5.942000e+00 7.634439e-02 2.323888e+01 1.807310e+01
5.944000e+00 7.652338e-02 2.327393e+01 1.810752e+01
5.946000e+00 7.665511e-02 2.329796e+01 1.813112e+01
5.948000e+00 7.680551e-02 2.332621e+01 1.815887e+01
5.950000e+00 7.696559e-02 2.335669e+01 1.818881e+01
5.952000e+00 7.713336e-02 2.338889e+01 1.822044e+01
5.954000e+00 7.730785e-02 2.342255e+01 1.825350e+01
5.956000e+00 7.748849e-02 2.345754e+01 1.828787e+01
5.958000e+00 7.767496e-02 2.349375e+01 1.832344e+01
5.960000e+00 7.786706e-02 2.353115e+01 1.836018e+01
5.962000e+00 7.806471e-02 2.356971e+01 1.839805e+01
5.964000e+00 7.826788e-02 2.360941e+01 1.843705e+01
5.966000e+00 7.847662e-02 2.365025e+01 1.847717e+01
5.968000e+00 7.869101e-02 2.369226e+01 1.851845e+01
5.970000e+00 7.891118e-02 2.373546e+01 1.856089e+01
5.972000e+00 7.913728e-02 2.377988e+01 1.860453e+01
5.974000e+00 7.936952e-02 2.382556e+01 1.864941e+01
5.976000e+00 7.960813e-02 2.387255e+01 1.869558e+01
5.978000e+00 7.985336e-02 2.392090e+01 1.874309e+01
5.980000e+00 8.010553e-02 2.397067e+01 1.879200e+01
5.982000e+00 8.036497e-02 2.402195e+01 1.884239e+01
5.984000e+00 8.063206e-02 2.407480e+01 1.889433e+01
5.986000e+00 8.090723e-02 2.412932e+01 1.894792e+01
5.988000e+00 8.119096e-02 2.418562e+01 1.900326e+01
5.990000e+00 8.148381e-02 2.424381e+01 1.906046e+01
5.992000e+00 8.178640e-02 2.430404e+01 1.911966e+01
5.994000e+00 8.209953e-02 2.436647e+01 1.918104e+01
5.996000e+00 8.242418e-02 2.443133e+01 1.924481e+01
5.998000e+00 8.276266e-02 2.449913e+01 1.931146e+01
6.000000e+00 8.310894e-02 2.456846e+01 1.937964e+01
6.002000e+00 8.345944e-02 2.463855e+01 1.944857e+01
6.004000e+00 8.382164e-02 2.471100e+01 1.951982e+01
6.006000e+00 8.419389e-02 2.478547e+01 1.959306e+01
6.008000e+00 8.458411e-02 2.486376e+01 1.967008e+01
6.010000e+00 8.499259e-02 2.494593e+01 1.975091e+01
6.012000e+00 8.542029e-02 2.503218e+01 1.983576e+01
6.014000e+00 8.586860e-02 2.512278e+01 1.992490e+01
6.016000e+00 8.633920e-02 2.521811e+01 2.001871e+01
6.018000e+00 8.683413e-02 2.531860e+01 2.011760e+01
6.020000e+00 8.735579e-02 2.542478e+01 2.022210e+01
6.022000e+00 8.790701e-02 2.553726e+01 2.033283e+01
6.024000e+00 8.849116e-02 2.565679e+01 2.045050e+01
6.026000e+00 8.911231e-02 2.578427e+01 2.057601e+01
6.028000e+00 8.977545e-02 2.592079e+01 2.071045e+01
6.030000e+00 9.048679e-02 2.606774e+01 2.085518e+01
6.032000e+00 9.125424e-02 2.622689e+01 2.101194e+01
6.034000e+00 9.208811e-02 2.640054e+01 2.118302e+01
6.036000e+00 9.300221e-02 2.659181e+01 2.137149e+01
6.038000e+00 9.401558e-02 2.680498e+01 2.158159e+01
6.040000e+00 9.515530e-02 2.704619e+01 2.181938e+01
6.042000e+00 9.646157e-02 2.732460e+01 2.209391e+01
6.044000e+00 9.799736e-02 2.765461e+01 2.241941e+01
6.046000e+00 9.986935e-02 2.806075e+01 2.282014e+01
6.048000e+00 1.022809e-01 2.858995e+01 2.334250e+01
6.050000e+00 1.057012e-01 2.935028e+01 2.409342e+01
6.052000e+00 1.117257e-01 3.070060e+01 2.542815e+01
6.054000e+00 1.348380e-01 3.551475e+01 3.019623e+01
6.056000e+00 1.108944e-01 3.051472e+01 2.524443e+01
6.058000e+00 1.053063e-01 2.926210e+01 2.400648e+01
6.060000e+00 1.020288e-01 2.853442e+01 2.328793e+01
6.062000e+00 9.966733e-02 2.801683e+01 2.277713e+01
6.064000e+00 9.782407e-02 2.761726e+01 2.238298e+01
6.066000e+00 9.630473e-02 2.729099e+01 2.206127e+01
6.068000e+00 9.500793e-02 2.701473e+01 2.178895e+01
6.070000e+00 9.387334e-02 2.677468e+01 2.155239e+01
6.072000e+00 9.286225e-02 2.656202e+01 2.134289e+01
6.074000e+00 9.194842e-02 2.637082e+01 2.115457e+01
6.076000e+00 9.111336e-02 2.619690e+01 2.098331e+01
6.078000e+00 9.034363e-02 2.603724e+01 2.082612e+01
6.080000e+00 8.962912e-02 2.588957e+01 2.068078e+01
6.082000e+00 8.896208e-02 2.575217e+01 2.054557e+01
6.084000e+00 8.833638e-02 2.562368e+01 2.041914e+01
6.086000e+00 8.774711e-02 2.550301e+01 2.030043e+01
6.088000e+00 8.719022e-02 2.538925e+01 2.018854e+01
6.090000e+00 8.666234e-02 2.528168e+01 2.008276e+01
6.092000e+00 8.616062e-02 2.517967e+01 1.998246e+01
6.094000e+00 8.568261e-02 2.508269e+01 1.988711e+01
6.096000e+00 8.522621e-02 2.499028e+01 1.979627e+01
6.098000e+00 8.478958e-02 2.490203e+01 1.970954e+01
6.100000e+00 8.437113e-02 2.481761e+01 1.962658e+01
6.102000e+00 8.396948e-02 2.473673e+01 1.954711e+01
6.104000e+00 8.358344e-02 2.465912e+01 1.947086e+01
6.106000e+00 8.321213e-02 2.458460e+01 1.939766e+01
6.108000e+00 8.285210e-02 2.451239e+01 1.932674e+01
6.110000e+00 8.250400e-02 2.444266e+01 1.925826e+01
6.112000e+00 8.216773e-02 2.437540e+01 1.919221e+01
6.114000e+00 8.184236e-02 2.431040e+01 1.912839e+01
6.116000e+00 8.152716e-02 2.424752e+01 1.906666e+01
6.118000e+00 8.122146e-02 2.418660e+01 1.900686e+01
6.120000e+00 8.092467e-02 2.412752e+01 1.894887e+01
6.122000e+00 8.063626e-02 2.407018e+01 1.889259e+01
6.124000e+00 8.035575e-02 2.401445e+01 1.883791e+01
6.126000e+00 8.008271e-02 2.396027e+01 1.878474e+01
6.128000e+00 7.981672e-02 2.390753e+01 1.873300e+01
6.130000e+00 7.955741e-02 2.385615e+01 1.868260e+01
6.132000e+00 7.930445e-02 2.380608e+01 1.863348e+01
6.134000e+00 7.905751e-02 2.375723e+01 1.858558e+01
6.136000e+00 7.881629e-02 2.370956e+01 1.853882e+01
6.138000e+00 7.858054e-02 2.366299e+01 1.849315e+01
6.140000e+00 7.834999e-02 2.361748e+01 1.844853e+01
6.142000e+00 7.812441e-02 2.357298e+01 1.840490e+01
6.144000e+00 7.790357e-02 2.352943e+01 1.836221e+01
6.146000e+00 7.768728e-02 2.348681e+01 1.832043e+01
6.148000e+00 7.747534e-02 2.344507e+01 1.827951e+01
6.150000e+00 7.726756e-02 2.340416e+01 1.823942e+01
6.152000e+00 7.706379e-02 2.336406e+01 1.820012e+01
6.154000e+00 7.686386e-02 2.332473e+01 1.816158e+01
6.156000e+00 7.666761e-02 2.328614e+01 1.812377e+01
6.158000e+00 7.647492e-02 2.324827e+01 1.808666e+01
6.160000e+00 7.628565e-02 2.321107e+01 1.805022e+01
6.162000e+00 7.609968e-02 2.317454e+01 1.801443e+01
6.164000e+00 7.591688e-02 2.313864e+01 1.797926e+01
6.166000e+00 7.573714e-02 2.310335e+01 1.794470e+01
6.168000e+00 7.556036e-02 2.306864e+01 1.791071e+01
6.170000e+00 7.538644e-02 2.303451e+01 1.787728e+01
6.172000e+00 7.521529e-02 2.300092e+01 1.784439e+01
6.174000e+00 7.504681e-02 2.296786e+01 1.781202e+01
6.176000e+00 7.488092e-02 2.293531e+01 1.778015e+01
6.178000e+00 7.471753e-02 2.290326e+01 1.774878e+01
6.180000e+00 7.455658e-02 2.287169e+01 1.771787e+01
6.182000e+00 7.439798e-02 2.284058e+01 1.768742e+01
6.184000e+00 7.424167e-02 2.280992e+01 1.765741e+01
6.186000e+00 7.408758e-02 2.277970e+01 1.762783e+01
6.188000e+00 7.393565e-02 2.274990e+01 1.759866e+01
6.190000e+00 7.378581e-02 2.272051e+01 1.756990e+01
6.192000e+00 7.363801e-02 2.269152e+01 1.754154e+01
6.194000e+00 7.349219e-02 2.266291e+01 1.751355e+01
6.196000e+00 7.334830e-02 2.263468e+01 1.748593e+01
6.198000e+00 7.320629e-02 2.260682e+01 1.745867e+01
6.200000e+00 7.306611e-02 2.257932e+01 1.743176e+01
6.202000e+00 7.292771e-02 2.255216e+01 1.740520e+01
6.204000e+00 7.279105e-02 2.252533e+01 1.737896e+01
6.206000e+00 7.265608e-02 2.249884e+01 1.735305e+01
6.208000e+00 7.252277e-02 2.247267e+01 1.732746e+01
6.210000e+00 7.239107e-02 2.244681e+01 1.730217e+01
6.212000e+00 7.226095e-02 2.242125e+01 1.727718e+01
6.214000e+00 7.213237e-02 2.239599e+01 1.725248e+01
6.216000e+00 7.200530e-02 2.237103e+01 1.722807e+01
6.218000e+00 7.187969e-02 2.234634e+01 1.720394e+01
6.220000e+00 7.175553e-02 2.232194e+01 1.718008e+01
6.222000e+00 7.163277e-02 2.229780e+01 1.715648e+01
6.224000e+00 7.151140e-02 2.227393e+01 1.713315e+01
6.226000e+00 7.139137e-02 2.225032e+01 1.711007e+01
6.228000e+00 7.127266e-02 2.222696e+01 1.708725e+01
6.230000e+00 7.115525e-02 2.220385e+01 1.706466e+01
6.232000e+00 7.103911e-02 2.218099e+01 1.704232e+01
6.234000e+00 7.092422e-02 2.215836e+01 1.702021e+01
6.236000e+00 7.081055e-02 2.213597e+01 1.699833e+01
6.238000e+00 7.069809e-02 2.211381e+01 1.697668e+01
6.240000e+00 7.058680e-02 2.209187e+01 1.695524e+01
6.242000e+00 7.047667e-02 2.207016e+01 1.693403e+01
6.244000e+00 7.036769e-02 2.204866e+01 1.691303e+01
6.246000e+00 7.025983e-02 2.202738e+01 1.689225e+01
6.248000e+00 7.015309e-02 2.200631e+01 1.687167e+01
6.250000e+00 7.004744e-02 2.198546e+01 1.685130e+01
6.252000e+00 6.994288e-02 2.196481e+01 1.683113e+01
6.254000e+00 6.983941e-02 2.194437e+01 1.681117e+01
6.256000e+00 6.973702e-02 2.192414e+01 1.679142e+01
6.258000e+00 6.963572e-02 2.190413e+01 1.677188e+01
6.260000e+00 6.953554e-02 2.188433e+01 1.675255e+01
6.262000e+00 6.943655e-02 2.186478e+01 1.673346e+01
6.264000e+00 6.933963e-02 2.184565e+01 1.671478e+01
6.266000e+00 6.923957e-02 2.182577e+01 1.669538e+01
6.268000e+00 6.914083e-02 2.180615e+01 1.667622e+01
6.270000e+00 6.904330e-02 2.178678e+01 1.665731e+01
6.272000e+00 6.894683e-02 2.176761e+01 1.663860e+01
6.274000e+00 6.885134e-02 2.174864e+01 1.662008e+01
6.276000e+00 6.875678e-02 2.172984e+01 1.660174e+01
6.278000e+00 6.866313e-02 2.171122e+01 1.658357e+01
6.280000e+00 6.857035e-02 2.169277e+01 1.656556e+01
6.282000e+00 6.847842e-02 2.167448e+01 1.654771e+01
6.284000e+00 6.838732e-02 2.165635e+01 1.653002e+01
6.286000e+00 6.829704e-02 2.163838e+01 1.651248e+01
6.288000e+00 6.820756e-02 2.162055e+01 1.649509e+01
6.290000e+00 6.811885e-02 2.160287e+01 1.647785e+01
6.292000e+00 6.803092e-02 2.158534e+01 1.646074e+01
6.294000e+00 6.794373e-02 2.156795e+01 1.644378e+01
6.296000e+00 6.785729e-02 2.155070e+01 1.642695e+01
6.298000e+00 6.777158e-02 2.153359e+01 1.641026e+01
6.300000e+00 6.768658e-02 2.151661e+01 1.639371e+01
6.302000e+00 6.760229e-02 2.149977e+01 1.637728e+01
6.304000e+00 6.751869e-02 2.148306e+01 1.636098e+01
6.306000e+00 6.743578e-02 2.146647e+01 1.634481e+01
6.308000e+00 6.735354e-02 2.145002e+01 1.632876e+01
6.310000e+00 6.727197e-02 2.143368e+01 1.631283e+01
6.312000e+00 6.719105e-02 2.141747e+01 1.629703e+01
6.314000e+00 6.711077e-02 2.140139e+01 1.628134e+01
6.316000e+00 6.703114e-02 2.138542e+01 1.626578e+01
6.318000e+00 6.695213e-02 2.136957e+01 1.625032e+01
6.320000e+00 6.687374e-02 2.135383e+01 1.623499e+01
6.322000e+00 6.679596e-02 2.133822e+01 1.621976e+01
6.324000e+00 6.671879e-02 2.132271e+01 1.620465e+01
6.326000e+00 6.664221e-02 2.130732e+01 1.618964e+01
6.328000e+00 6.656622e-02 2.129203e+01 1.617475e+01
6.330000e+00 6.649080e-02 2.127686e+01 1.615996e+01
6.332000e+00 6.641596e-02 2.126179e+01 1.614528e+01
6.334000e+00 6.634169e-02 2.124683e+01 1.613070e+01
6.336000e+00 6.626797e-02 2.123198e+01 1.611622e+01
6.338000e+00 6.619481e-02 2.121722e+01 1.610185e+01
6.340000e+00 6.612219e-02 2.120257e+01 1.608757e+01
6.342000e+00 6.605010e-02 2.118802e+01 1.607340e+01
6.344000e+00 6.597855e-02 2.117357e+01 1.605932e+01
6.346000e+00 6.590752e-02 2.115922e+01 1.604534e+01
6.348000e+00 6.583701e-02 2.114497e+01 1.603146e+01
6.350000e+00 6.576702e-02 2.113081e+01 1.601767e+01
6.352000e+00 6.569753e-02 2.111675e+01 1.600397e+01
6.354000e+00 6.562854e-02 2.110278e+01 1.599037e+01
6.356000e+00 6.556005e-02 2.108891e+01 1.597685e+01
6.358000e+00 6.549204e-02 2.107512e+01 1.596343e+01
6.360000e+00 6.542452e-02 2.106143e+01 1.595010e+01
6.362000e+00 6.535748e-02 2.104783e+01 1.593685e+01
6.364000e+00 6.529091e-02 2.103432e+01 1.592369e+01
6.366000e+00 6.522481e-02 2.102089e+01 1.591062e+01
6.368000e+00 6.515918e-02 2.100755e+01 1.589763e+01
6.370000e+00 6.509400e-02 2.099430e+01 1.588473e+01
6.372000e+00 6.502927e-02 2.098114e+01 1.587191e+01
6.374000e+00 6.496499e-02 2.096805e+01 1.585918e+01
6.376000e+00 6.490116e-02 2.095505e+01 1.584652e+01
6.378000e+00 6.483776e-02 2.094214e+01 1.583395e+01
6.380000e+00 6.477480e-02 2.092930e+01 1.582146e+01
6.382000e+00 6.471226e-02 2.091655e+01 1.580904e+01
6.384000e+00 6.465015e-02 2.090388e+01 1.579671e+01
6.386000e+00 6.458847e-02 2.089128e+01 1.578445e+01
6.388000e+00 6.452720e-02 2.087877e+01 1.577227e+01
6.390000e+00 6.446634e-02 2.086633e+01 1.576017e+01
6.392000e+00 6.440589e-02 2.085397e+01 1.574814e+01
6.394000e+00 6.434584e-02 2.084168e+01 1.573619e+01
6.396000e+00 6.428619e-02 2.082947e+01 1.572431e+01
6.398000e+00 6.422694e-02 2.081734e+01 1.571250e+01
6.400000e+00 6.416808e-02 2.080528e+01 1.570077e+01
6.402000e+00 6.410961e-02 2.079329e+01 1.568911e+01
6.404000e+00 6.405153e-02 2.078138e+01 1.567752e+01
6.406000e+00 6.399382e-02 2.076954e+01 1.566600e+01
6.408000e+00 6.393650e-02 2.075776e+01 1.565455e+01
6.410000e+00 6.387954e-02 2.074606e+01 1.564317e+01
6.412000e+00 6.382296e-02 2.073444e+01 1.563186e+01
6.414000e+00 6.376675e-02 2.072287e+01 1.562061e+01
6.416000e+00 6.371090e-02 2.071138e+01 1.560944e+01
6.418000e+00 6.365540e-02 2.069996e+01 1.559833e+01
6.420000e+00 6.360027e-02 2.068860e+01 1.558729e+01
6.422000e+00 6.354549e-02 2.067732e+01 1.557631e+01
6.424000e+00 6.349106e-02 2.066609e+01 1.556540e+01
6.426000e+00 6.343698e-02 2.065494e+01 1.555455e+01
6.428000e+00 6.338324e-02 2.064385e+01 1.554377e+01
6.430000e+00 6.332984e-02 2.063282e+01 1.553305e+01
6.432000e+00 6.327679e-02 2.062186e+01 1.552240e+01
6.434000e+00 6.322407e-02 2.061097e+01 1.551180e+01
6.436000e+00 6.317168e-02 2.060013e+01 1.550127e+01
6.438000e+00 6.311962e-02 2.058936e+01 1.549080e+01
6.440000e+00 6.306789e-02 2.057865e+01 1.548039e+01
6.442000e+00 6.301648e-02 2.056800e+01 1.547004e+01
6.444000e+00 6.296539e-02 2.055742e+01 1.545976e+01
6.446000e+00 6.291463e-02 2.054689e+01 1.544953e+01
6.448000e+00 6.286418e-02 2.053643e+01 1.543936e+01
6.450000e+00 6.281404e-02 2.052603e+01 1.542925e+01
6.452000e+00 6.276422e-02 2.051568e+01 1.541920e+01
6.454000e+00 6.271471e-02 2.050540e+01 1.540920e+01
6.456000e+00 6.266550e-02 2.049517e+01 1.539927e+01
6.458000e+00 6.261660e-02 2.048500e+01 1.538939e+01
6.460000e+00 6.256799e-02 2.047489e+01 1.537957e+01
6.462000e+00 6.251969e-02 2.046484e+01 1.536980e+01
6.464000e+00 6.247169e-02 2.045484e+01 1.536009e+01
6.466000e+00 6.242398e-02 2.044490e+01 1.535043e+01
6.468000e+00 6.237657e-02 2.043502e+01 1.534083e+01
6.470000e+00 6.232945e-02 2.042519e+01 1.533129e+01
6.472000e+00 6.228261e-02 2.041542e+01 1.532180e+01
6.474000e+00 6.223607e-02 2.040570e+01 1.531236e+01
6.476000e+00 6.218981e-02 2.039604e+01 1.530298e+01
6.478000e+00 6.214383e-02 2.038644e+01 1.529365e+01
6.480000e+00 6.209814e-02 2.037688e+01 1.528437e+01
6.482000e+00 6.205272e-02 2.036739e+01 1.527515e+01
6.484000e+00 6.200758e-02 2.035794e+01 1.526598e+01
6.486000e+00 6.196272e-02 2.034855e+01 1.525686e+01
6.488000e+00 6.191813e-02 2.033921e+01 1.524779e+01
6.490000e+00 6.187382e-02 2.032992e+01 1.523878e+01
6.492000e+00 6.182978e-02 2.032069e+01 1.522981e+01
6.494000e+00 6.178601e-02 2.031151e+01 1.522090e+01
6.496000e+00 6.174250e-02 2.030238e+01 1.521204e+01
6.498000e+00 6.169926e-02 2.029330e+01 1.520323e+01
6.500000e+00 6.165629e-02 2.028428e+01 1.519447e+01
6.502000e+00 6.161359e-02 2.027530e+01 1.518576e+01
6.504000e+00 6.157114e-02 2.026638e+01 1.517710e+01
6.506000e+00 6.152896e-02 2.025751e+01 1.516849e+01
6.508000e+00 6.148704e-02 2.024868e+01 1.515993e+01
6.510000e+00 6.144537e-02 2.023991e+01 1.515141e+01
6.512000e+00 6.140397e-02 2.023119e+01 1.514295e+01
6.514000e+00 6.136282e-02 2.022252e+01 1.513454e+01
6.516000e+00 6.132193e-02 2.021390e+01 1.512617e+01
6.518000e+00 6.128130e-02 2.020533e+01 1.511786e+01
6.520000e+00 6.124092e-02 2.019681e+01 1.510959e+01
6.522000e+00 6.120080e-02 2.018834e+01 1.510137e+01
6.524000e+00 6.116093e-02 2.017991e+01 1.509320e+01
6.526000e+00 6.112131e-02 2.017154e+01 1.508508e+01
6.528000e+00 6.108194e-02 2.016322e+01 1.507701e+01
6.530000e+00 6.104283e-02 2.015495e+01 1.506899e+01
6.532000e+00 6.100397e-02 2.014672e+01 1.506101e+01
6.534000e+00 6.096536e-02 2.013855e+01 1.505309e+01
6.536000e+00 6.092701e-02 2.013043e+01 1.504521e+01
6.538000e+00 6.088890e-02 2.012235e+01 1.503738e+01
6.540000e+00 6.085105e-02 2.011433e+01 1.502960e+01
6.542000e+00 6.081345e-02 2.010636e+01 1.502187e+01
6.544000e+00 6.077611e-02 2.009843e+01 1.501418e+01
6.546000e+00 6.073901e-02 2.009056e+01 1.500655e+01
6.548000e+00 6.070217e-02 2.008273e+01 1.499896e+01
6.550000e+00 6.066559e-02 2.007496e+01 1.499143e+01
6.552000e+00 6.062926e-02 2.006724e+01 1.498395e+01
6.554000e+00 6.059319e-02 2.005957e+01 1.497651e+01
6.556000e+00 6.055738e-02 2.005195e+01 1.496913e+01
6.558000e+00 6.052183e-02 2.004439e+01 1.496179e+01
6.560000e+00 6.048655e-02 2.003687e+01 1.495451e+01
6.562000e+00 6.045152e-02 2.002941e+01 1.494728e+01
6.564000e+00 6.041677e-02 2.002200e+01 1.494010e+01
6.566000e+00 6.038228e-02 2.001465e+01 1.493298e+01
6.568000e+00 6.034807e-02 2.000735e+01 1.492591e+01
6.570000e+00 6.031413e-02 2.000011e+01 1.491889e+01
6.572000e+00 6.028048e-02 1.999293e+01 1.491193e+01
6.574000e+00 6.024710e-02 1.998580e+01 1.490503e+01
6.576000e+00 6.021402e-02 1.997873e+01 1.489818e+01
6.578000e+00 6.018123e-02 1.997172e+01 1.489139e+01
6.580000e+00 6.014874e-02 1.996478e+01 1.488466e+01
6.582000e+00 6.011655e-02 1.995789e+01 1.487800e+01
6.584000e+00 6.008468e-02 1.995107e+01 1.487139e+01
6.586000e+00 6.005313e-02 1.994432e+01 1.486485e+01
6.588000e+00 6.002190e-02 1.993763e+01 1.485838e+01
6.590000e+00 5.999102e-02 1.993101e+01 1.485197e+01
6.592000e+00 5.996048e-02 1.992447e+01 1.484563e+01
6.594000e+00 5.993030e-02 1.991800e+01 1.483937e+01
6.596000e+00 5.990049e-02 1.991161e+01 1.483318e+01
6.598000e+00 5.987106e-02 1.990530e+01 1.482707e+01
6.600000e+00 5.984204e-02 1.989907e+01 1.482105e+01
6.602000e+00 5.981343e-02 1.989293e+01 1.481511e+01
6.604000e+00 5.978525e-02 1.988688e+01 1.480926e+01
6.606000e+00 5.975754e-02 1.988093e+01 1.480350e+01
6.608000e+00 5.973031e-02 1.987508e+01 1.479784e+01
6.610000e+00 5.970358e-02 1.986935e+01 1.479229e+01
6.612000e+00 5.967740e-02 1.986372e+01 1.478686e+01
6.614000e+00 5.965179e-02 1.985823e+01 1.478155e+01
6.616000e+00 5.962681e-02 1.985287e+01 1.477636e+01
6.618000e+00 5.960249e-02 1.984766e+01 1.477133e+01
6.620000e+00 5.957891e-02 1.984260e+01 1.476644e+01
6.622000e+00 5.955612e-02 1.983773e+01 1.476174e+01
6.624000e+00 5.953422e-02 1.983305e+01 1.475722e+01
6.626000e+00 5.951331e-02 1.982859e+01 1.475292e+01
6.628000e+00 5.949351e-02 1.982439e+01 1.474886e+01
6.630000e+00 5.947498e-02 1.982047e+01 1.474509e+01
6.632000e+00 5.945792e-02 1.981690e+01 1.474165e+01
6.634000e+00 5.944259e-02 1.981372e+01 1.473860e+01
6.636000e+00 5.942932e-02 1.981104e+01 1.473602e+01
6.638000e+00 5.941855e-02 1.980894e+01 1.473402e+01
6.640000e+00 5.941094e-02 1.980761e+01 1.473276e+01
6.642000e+00 5.940745e-02 1.980729e+01 1.473249e+01
6.644000e+00 5.940981e-02 1.980843e+01 1.473364e+01
6.646000e+00 5.942288e-02 1.981219e+01 1.473734e+01
6.648000e+00 5.944028e-02 1.981657e+01 1.474164e+01
6.650000e+00 5.935273e-02 1.979676e+01 1.472238e+01
6.652000e+00 5.929654e-02 1.978403e+01 1.471003e+01
6.654000e+00 5.924402e-02 1.977223e+01 1.469858e+01
6.656000e+00 5.918384e-02 1.975867e+01 1.468541e+01
6.658000e+00 5.913012e-02 1.974665e+01 1.467375e+01
6.660000e+00 5.908039e-02 1.973560e+01 1.466303e+01
6.662000e+00 5.903364e-02 1.972527e+01 1.465301e+01
6.664000e+00 5.898923e-02 1.971549e+01 1.464353e+01
6.666000e+00 5.894672e-02 1.970615e+01 1.463448e+01
6.668000e+00 5.890579e-02 1.969719e+01 1.462579e+01
6.670000e+00 5.886622e-02 1.968853e+01 1.461740e+01
6.672000e+00 5.882780e-02 1.968014e+01 1.460927e+01
6.674000e+00 5.879040e-02 1.967197e+01 1.460136e+01
6.676000e+00 5.875389e-02 1.966401e+01 1.459365e+01
6.678000e+00 5.871819e-02 1.965623e+01 1.458612e+01
6.680000e+00 5.868322e-02 1.964861e+01 1.457874e+01
6.682000e+00 5.864891e-02 1.964113e+01 1.457150e+01
6.684000e+00 5.861520e-02 1.963379e+01 1.456439e+01
6.686000e+00 5.858204e-02 1.962657e+01 1.455740e+01
6.688000e+00 5.854941e-02 1.961946e+01 1.455052e+01
6.690000e+00 5.851725e-02 1.961246e+01 1.454375e+01
6.692000e+00 5.848555e-02 1.960555e+01 1.453707e+01
6.694000e+00 5.845427e-02 1.959874e+01 1.453047e+01
6.696000e+00 5.842339e-02 1.959201e+01 1.452396e+01
6.698000e+00 5.839288e-02 1.958536e+01 1.451753e+01
6.700000e+00 5.836273e-02 1.957879e+01 1.451117e+01
6.702000e+00 5.833292e-02 1.957229e+01 1.450489e+01
6.704000e+00 5.830344e-02 1.956586e+01 1.449867e+01
6.706000e+00 5.827426e-02 1.955949e+01 1.449251e+01
6.708000e+00 5.824538e-02 1.955319e+01 1.448642e+01
6.710000e+00 5.821678e-02 1.954695e+01 1.448038e+01
6.712000e+00 5.818845e-02 1.954076e+01 1.447440e+01
6.714000e+00 5.816038e-02 1.953463e+01 1.446848e+01
6.716000e+00 5.813257e-02 1.952856e+01 1.446260e+01
6.718000e+00 5.810499e-02 1.952253e+01 1.445678e+01
6.720000e+00 5.807765e-02 1.951655e+01 1.445100e+01
6.722000e+00 5.805054e-02 1.951062e+01 1.444527e+01
6.724000e+00 5.802365e-02 1.950474e+01 1.443958e+01
6.726000e+00 5.799697e-02 1.949890e+01 1.443394e+01
6.728000e+00 5.797049e-02 1.949310e+01 1.442834e+01
6.730000e+00 5.794422e-02 1.948735e+01 1.442278e+01
6.732000e+00 5.791814e-02 1.948164e+01 1.441726e+01
6.734000e+00 5.789226e-02 1.947596e+01 1.441178e+01
6.736000e+00 5.786656e-02 1.947033e+01 1.440634e+01
6.738000e+00 5.784104e-02 1.946473e+01 1.440093e+01
6.740000e+00 5.781569e-02 1.945917e+01 1.439556e+01
6.742000e+00 5.779053e-02 1.945365e+01 1.439023e+01
6.744000e+00 5.776552e-02 1.944816e+01 1.438493e+01
6.746000e+00 5.774068e-02 1.944270e+01 1.437966e+01
6.748000e+00 5.771600e-02 1.943728e+01 1.437442e+01
6.750000e+00 5.769148e-02 1.943189e+01 1.436922e+01
6.752000e+00 5.766712e-02 1.942654e+01 1.436405e+01
6.754000e+00 5.764291e-02 1.942121e+01 1.435891e+01
6.756000e+00 5.761885e-02 1.941592e+01 1.435380e+01
6.758000e+00 5.759494e-02 1.941066e+01 1.434872e+01
6.760000e+00 5.757118e-02 1.940543e+01 1.434367e+01
6.762000e+00 5.754756e-02 1.940022e+01 1.433865e+01
6.764000e+00 5.752408e-02 1.939505e+01 1.433365e+01
6.766000e+00 5.750074e-02 1.938991e+01 1.432869e+01
6.768000e+00 5.747753e-02 1.938479e+01 1.432375e+01
6.770000e+00 5.745446e-02 1.937970e+01 1.431884e+01
6.772000e+00 5.743152e-02 1.937464e+01 1.431396e+01
6.774000e+00 5.740872e-02 1.936961e+01 1.430910e+01
6.776000e+00 5.738604e-02 1.936460e+01 1.430427e+01
6.778000e+00 5.736349e-02 1.935962e+01 1.429947e+01
6.780000e+00 5.734107e-02 1.935467e+01 1.429469e+01
6.782000e+00 5.731877e-02 1.934974e+01 1.428993e+01
6.784000e+00 5.729659e-02 1.934484e+01 1.428520e+01
6.786000e+00 5.727454e-02 1.933996e+01 1.428050e+01
6.788000e+00 5.725261e-02 1.933511e+01 1.427582e+01
6.790000e+00 5.723079e-02 1.933028e+01 1.427116e+01
6.792000e+00 5.720910e-02 1.932548e+01 1.426653e+01
6.794000e+00 5.718752e-02 1.932070e+01 1.426192e+01
6.796000e+00 5.716605e-02 1.931595e+01 1.425734e+01
6.798000e+00 5.714470e-02 1.931122e+01 1.425278e+01
6.800000e+00 5.712347e-02 1.930651e+01 1.424824e+01
6.802000e+00 5.710234e-02 1.930182e+01 1.424372e+01
6.804000e+00 5.708133e-02 1.929716e+01 1.423923e+01
6.806000e+00 5.706043e-02 1.929253e+01 1.423476e+01
6.808000e+00 5.703963e-02 1.928791e+01 1.423031e+01
6.810000e+00 5.701895e-02 1.928332e+01 1.422588e+01
6.812000e+00 5.699837e-02 1.927875e+01 1.422147e+01
6.814000e+00 5.697790e-02 1.927420e+01 1.421709e+01
6.816000e+00 5.695753e-02 1.926967e+01 1.421273e+01
6.818000e+00 5.693727e-02 1.926517e+01 1.420839e+01
6.820000e+00 5.691712e-02 1.926069e+01 1.420407e+01
6.822000e+00 5.689706e-02 1.925622e+01 1.419977e+01
6.824000e+00 5.687711e-02 1.925178e+01 1.419549e+01
6.826000e+00 5.685727e-02 1.924737e+01 1.419123e+01
6.828000e+00 5.683752e-02 1.924297e+01 1.418700e+01
6.830000e+00 5.681787e-02 1.923859e+01 1.418278e+01
6.832000e+00 5.679833e-02 1.923424e+01 1.417858e+01
6.834000e+00 5.677888e-02 1.922990e+01 1.417441e+01
6.836000e+00 5.675953e-02 1.922559e+01 1.417025e+01
6.838000e+00 5.674029e-02 1.922130e+01 1.416612e+01
6.840000e+00 5.672113e-02 1.921702e+01 1.416200e+01
6.842000e+00 5.670208e-02 1.921277e+01 1.415791e+01
6.844000e+00 5.668312e-02 1.920854e+01 1.415383e+01
6.846000e+00 5.666426e-02 1.920433e+01 1.414978e+01
6.848000e+00 5.664550e-02 1.920013e+01 1.414574e+01
6.850000e+00 5.662683e-02 1.919596e+01 1.414172e+01
6.852000e+00 5.660826e-02 1.919181e+01 1.413772e+01
6.854000e+00 5.658978e-02 1.918768e+01 1.413375e+01
6.856000e+00 5.657140e-02 1.918357e+01 1.412979e+01
6.858000e+00 5.655311e-02 1.917947e+01 1.412585e+01
6.860000e+00 5.653491e-02 1.917540e+01 1.412193e+01
6.862000e+00 5.651681e-02 1.917135e+01 1.411803e+01
6.864000e+00 5.649881e-02 1.916731e+01 1.411414e+01
6.866000e+00 5.648089e-02 1.916330e+01 1.411028e+01
6.868000e+00 5.646307e-02 1.915931e+01 1.410644e+01
6.870000e+00 5.644534e-02 1.915533e+01 1.410261e+01
6.872000e+00 5.642771e-02 1.915138e+01 1.409881e+01
6.874000e+00 5.641017e-02 1.914744e+01 1.409502e+01
6.876000e+00 5.639272e-02 1.914353e+01 1.409125e+01
6.878000e+00 5.637537e-02 1.913963e+01 1.408751e+01
6.880000e+00 5.635812e-02 1.913576e+01 1.408378e+01
6.882000e+00 5.634096e-02 1.913190e+01 1.408007e+01
6.884000e+00 5.632386e-02 1.912806e+01 1.407638e+01
6.886000e+00 5.630686e-02 1.912424e+01 1.407270e+01
6.888000e+00 5.628996e-02 1.912044e+01 1.406904e+01
6.890000e+00 5.627315e-02 1.911666e+01 1.406541e+01
6.892000e+00 5.625644e-02 1.911290e+01 1.406179e+01
6.894000e+00 5.623982e-02 1.910915e+01 1.405819e+01
6.896000e+00 5.622330e-02 1.910543e+01 1.405462e+01
6.898000e+00 5.620687e-02 1.910173e+01 1.405106e+01
6.900000e+00 5.619054e-02 1.909805e+01 1.404752e+01
6.902000e+00 5.617430e-02 1.909439e+01 1.404400e+01
6.904000e+00 5.615816e-02 1.909075e+01 1.404050e+01
6.906000e+00 5.614212e-02 1.908713e+01 1.403702e+01
6.908000e+00 5.612617e-02 1.908353e+01 1.403356e+01
6.910000e+00 5.611033e-02 1.907996e+01 1.403013e+01
6.912000e+00 5.609458e-02 1.907640e+01 1.402671e+01
6.914000e+00 5.607894e-02 1.907286e+01 1.402331e+01
6.916000e+00 5.606339e-02 1.906935e+01 1.401994e+01
6.918000e+00 5.604795e-02 1.906586e+01 1.401658e+01
6.920000e+00 5.603261e-02 1.906239e+01 1.401325e+01
6.922000e+00 5.601738e-02 1.905894e+01 1.400994e+01
6.924000e+00 5.600226e-02 1.905552e+01 1.400665e+01
6.926000e+00 5.598725e-02 1.905212e+01 1.400338e+01
6.928000e+00 5.597235e-02 1.904874e+01 1.400014e+01
6.930000e+00 5.595756e-02 1.904539e+01 1.399692e+01
6.932000e+00 5.594289e-02 1.904206e+01 1.399373e+01
6.934000e+00 5.592835e-02 1.903876e+01 1.399056e+01
6.936000e+00 5.591392e-02 1.903549e+01 1.398742e+01
6.938000e+00 5.589962e-02 1.903224e+01 1.398430e+01
6.940000e+00 5.588545e-02 1.902902e+01 1.398121e+01
6.942000e+00 5.587141e-02 1.902583e+01 1.397815e+01
6.944000e+00 5.585751e-02 1.902267e+01 1.397511e+01
6.946000e+00 5.584375e-02 1.901953e+01 1.397211e+01
6.948000e+00 5.583014e-02 1.901644e+01 1.396914e+01
6.950000e+00 5.581669e-02 1.901337e+01 1.396620e+01
6.952000e+00 5.580339e-02 1.901034e+01 1.396329e+01
6.954000e+00 5.579027e-02 1.900734e+01 1.396042e+01
6.956000e+00 5.577732e-02 1.900439e+01 1.395758e+01
6.958000e+00 5.576456e-02 1.900147e+01 1.395479e+01
6.960000e+00 5.575199e-02 1.899860e+01 1.395204e+01
6.962000e+00 5.573963e-02 1.899577e+01 1.394933e+01
6.964000e+00 5.572749e-02 1.899299e+01 1.394666e+01
6.966000e+00 5.571559e-02 1.899026e+01 1.394405e+01
6.968000e+00 5.570393e-02 1.898759e+01 1.394149e+01
6.970000e+00 5.569255e-02 1.898497e+01 1.393899e+01
6.972000e+00 5.568145e-02 1.898242e+01 1.393655e+01
6.974000e+00 5.567067e-02 1.897994e+01 1.393418e+01
6.976000e+00 5.566023e-02 1.897754e+01 1.393188e+01
6.978000e+00 5.565017e-02 1.897521e+01 1.392966e+01
6.980000e+00 5.564052e-02 1.897298e+01 1.392754e+01
6.982000e+00 5.563132e-02 1.897086e+01 1.392551e+01
6.984000e+00 5.562265e-02 1.896885e+01 1.392359e+01
6.986000e+00 5.561455e-02 1.896697e+01 1.392181e+01
6.988000e+00 5.560711e-02 1.896524e+01 1.392016e+01
6.990000e+00 5.560044e-02 1.896368e+01 1.391869e+01
6.992000e+00 5.559466e-02 1.896233e+01 1.391742e+01
6.994000e+00 5.558993e-02 1.896122e+01 1.391638e+01
6.996000e+00 5.558647e-02 1.896041e+01 1.391563e+01
6.998000e+00 5.558457e-02 1.895996e+01 1.391523e+01
7.000000e+00 5.558461e-02 1.895996e+01 1.391527e+01
7.002000e+00 5.558715e-02 1.896056e+01 1.391589e+01
7.004000e+00 5.559299e-02 1.896195e+01 1.391729e+01
7.006000e+00 5.560340e-02 1.896445e+01 1.391975e+01
7.008000e+00 5.562049e-02 1.896860e+01 1.392382e+01
7.010000e+00 5.564824e-02 1.897539e+01 1.393046e+01
7.012000e+00 5.569595e-02 1.898712e+01 1.394189e+01
7.014000e+00 5.570066e-02 1.898837e+01 1.394314e+01
7.016000e+00 5.561914e-02 1.896889e+01 1.392425e+01
7.018000e+00 5.556220e-02 1.895536e+01 1.391115e+01
7.020000e+00 5.551714e-02 1.894479e+01 1.390092e+01
7.022000e+00 5.547937e-02 1.893602e+01 1.389244e+01
7.024000e+00 5.544650e-02 1.892845e+01 1.388512e+01
7.026000e+00 5.541715e-02 1.892172e+01 1.387862e+01
7.028000e+00 5.539042e-02 1.891561e+01 1.387273e+01
7.030000e+00 5.536574e-02 1.890999e+01 1.386730e+01
7.032000e+00 5.534268e-02 1.890474e+01 1.386225e+01
7.034000e+00 5.532094e-02 1.889980e+01 1.385749e+01
7.036000e+00 5.530028e-02 1.889511e+01 1.385297e+01
7.038000e+00 5.528054e-02 1.889064e+01 1.384866e+01
7.040000e+00 5.526159e-02 1.888634e+01 1.384453e+01
7.042000e+00 5.524331e-02 1.888219e+01 1.384054e+01
7.044000e+00 5.522561e-02 1.887818e+01 1.383668e+01
7.046000e+00 5.520844e-02 1.887429e+01 1.383294e+01
7.048000e+00 5.519173e-02 1.887050e+01 1.382929e+01
7.050000e+00 5.517544e-02 1.886680e+01 1.382574e+01
7.052000e+00 5.515952e-02 1.886318e+01 1.382227e+01
7.054000e+00 5.514395e-02 1.885965e+01 1.381887e+01
7.056000e+00 5.512868e-02 1.885618e+01 1.381554e+01
7.058000e+00 5.511371e-02 1.885277e+01 1.381227e+01
7.060000e+00 5.509900e-02 1.884942e+01 1.380906e+01
7.062000e+00 5.508453e-02 1.884613e+01 1.380590e+01
7.064000e+00 5.507029e-02 1.884289e+01 1.380279e+01
7.066000e+00 5.505626e-02 1.883969e+01 1.379973e+01
7.068000e+00 5.504244e-02 1.883654e+01 1.379670e+01
7.070000e+00 5.502880e-02 1.883343e+01 1.379372e+01
7.072000e+00 5.501534e-02 1.883036e+01 1.379077e+01
7.074000e+00 5.500205e-02 1.882732e+01 1.378787e+01
7.076000e+00 5.498891e-02 1.882432e+01 1.378499e+01
7.078000e+00 5.497593e-02 1.882135e+01 1.378214e+01
7.080000e+00 5.496309e-02 1.881841e+01 1.377933e+01
7.082000e+00 5.495039e-02 1.881551e+01 1.377655e+01
7.084000e+00 5.493782e-02 1.881263e+01 1.377379e+01
7.086000e+00 5.492538e-02 1.880978e+01 1.377106e+01
7.088000e+00 5.491305e-02 1.880695e+01 1.376835e+01
7.090000e+00 5.490085e-02 1.880415e+01 1.376567e+01
7.092000e+00 5.488876e-02 1.880138e+01 1.376302e+01
7.094000e+00 5.487677e-02 1.879862e+01 1.376038e+01
7.096000e+00 5.486490e-02 1.879590e+01 1.375777e+01
7.098000e+00 5.485312e-02 1.879319e+01 1.375518e+01
7.100000e+00 5.484145e-02 1.879050e+01 1.375261e+01
7.102000e+00 5.482987e-02 1.878784e+01 1.375007e+01
7.104000e+00 5.481839e-02 1.878520e+01 1.374754e+01
7.106000e+00 5.480700e-02 1.878257e+01 1.374503e+01
7.108000e+00 5.479571e-02 1.877997e+01 1.374254e+01
7.110000e+00 5.478450e-02 1.877739e+01 1.374007e+01
7.112000e+00 5.477338e-02 1.877482e+01 1.373762e+01
7.114000e+00 5.476235e-02 1.877227e+01 1.373518e+01
7.116000e+00 5.475140e-02 1.876974e+01 1.373277e+01
7.118000e+00 5.474054e-02 1.876723e+01 1.373037e+01
7.120000e+00 5.472975e-02 1.876474e+01 1.372798e+01
7.122000e+00 5.471905e-02 1.876227e+01 1.372562e+01
7.124000e+00 5.470843e-02 1.875981e+01 1.372327e+01
7.126000e+00 5.469789e-02 1.875737e+01 1.372094e+01
7.128000e+00 5.468743e-02 1.875494e+01 1.371863e+01
7.130000e+00 5.467705e-02 1.875254e+01 1.371633e+01
7.132000e+00 5.466674e-02 1.875015e+01 1.371404e+01
7.134000e+00 5.465652e-02 1.874777e+01 1.371178e+01
7.136000e+00 5.464637e-02 1.874542e+01 1.370953e+01
7.138000e+00 5.463630e-02 1.874308e+01 1.370730e+01
7.140000e+00 5.462630e-02 1.874075e+01 1.370508e+01
7.142000e+00 5.461638e-02 1.873844e+01 1.370288e+01
7.144000e+00 5.460654e-02 1.873615e+01 1.370069e+01
7.146000e+00 5.459678e-02 1.873388e+01 1.369852e+01
7.148000e+00 5.458709e-02 1.873162e+01 1.369637e+01
7.150000e+00 5.457748e-02 1.872938e+01 1.369423e+01
7.152000e+00 5.456795e-02 1.872716e+01 1.369211e+01
7.154000e+00 5.455850e-02 1.872495e+01 1.369001e+01
7.156000e+00 5.454912e-02 1.872276e+01 1.368792e+01
7.158000e+00 5.453983e-02 1.872059e+01 1.368585e+01
7.160000e+00 5.453061e-02 1.871843e+01 1.368380e+01
7.162000e+00 5.452148e-02 1.871629e+01 1.368176e+01
7.164000e+00 5.451242e-02 1.871417e+01 1.367974e+01
7.166000e+00 5.450345e-02 1.871207e+01 1.367773e+01
7.168000e+00 5.449457e-02 1.870999e+01 1.367575e+01
7.170000e+00 5.448577e-02 1.870792e+01 1.367378e+01
7.172000e+00 5.447705e-02 1.870587e+01 1.367183e+01
7.174000e+00 5.446843e-02 1.870384e+01 1.366990e+01
7.176000e+00 5.445989e-02 1.870183e+01 1.366799e+01
7.178000e+00 5.445144e-02 1.869984e+01 1.366610e+01
7.180000e+00 5.444309e-02 1.869787e+01 1.366422e+01
7.182000e+00 5.443483e-02 1.869592e+01 1.366237e+01
7.184000e+00 5.442667e-02 1.869400e+01 1.366053e+01
7.186000e+00 5.441861e-02 1.869209e+01 1.365872e+01
7.188000e+00 5.441065e-02 1.869020e+01 1.365693e+01
7.190000e+00 5.440280e-02 1.868834e+01 1.365516e+01
7.192000e+00 5.439505e-02 1.868650e+01 1.365342e+01
7.194000e+00 5.438742e-02 1.868469e+01 1.365169e+01
7.196000e+00 5.437990e-02 1.868290e+01 1.364999e+01
7.198000e+00 5.437250e-02 1.868114e+01 1.364832e+01
7.200000e+00 5.436522e-02 1.867940e+01 1.364667e+01
7.202000e+00 5.435807e-02 1.867769e+01 1.364505e+01
7.204000e+00 5.435106e-02 1.867601e+01 1.364346e+01
7.206000e+00 5.434418e-02 1.867436e+01 1.364190e+01
7.208000e+00 5.433744e-02 1.867274e+01 1.364036e+01
7.210000e+00 5.433086e-02 1.867115e+01 1.363886e+01
7.212000e+00 5.432443e-02 1.866960e+01 1.363739e+01
7.214000e+00 5.431816e-02 1.866808e+01 1.363596e+01
7.216000e+00 5.431207e-02 1.866660e+01 1.363456e+01
7.218000e+00 5.430616e-02 1.866516e+01 1.363320e+01
7.220000e+00 5.430044e-02 1.866377e+01 1.363188e+01
7.222000e+00 5.429492e-02 1.866241e+01 1.363061e+01
7.224000e+00 5.428962e-02 1.866111e+01 1.362938e+01
7.226000e+00 5.428454e-02 1.865985e+01 1.362820e+01
7.228000e+00 5.427970e-02 1.865865e+01 1.362707e+01
7.230000e+00 5.427511e-02 1.865750e+01 1.362599e+01
7.232000e+00 5.427080e-02 1.865641e+01 1.362498e+01
7.234000e+00 5.426678e-02 1.865539e+01 1.362402e+01
7.236000e+00 5.426307e-02 1.865443e+01 1.362313e+01
7.238000e+00 5.425970e-02 1.865356e+01 1.362232e+01
7.240000e+00 5.425670e-02 1.865276e+01 1.362159e+01
7.242000e+00 5.425409e-02 1.865205e+01 1.362094e+01
7.244000e+00 5.425191e-02 1.865144e+01 1.362038e+01
7.246000e+00 5.425021e-02 1.865094e+01 1.361993e+01
7.248000e+00 5.424903e-02 1.865055e+01 1.361960e+01
7.250000e+00 5.424843e-02 1.865030e+01 1.361939e+01
7.252000e+00 5.424848e-02 1.865020e+01 1.361933e+01
7.254000e+00 5.424926e-02 1.865026e+01 1.361943e+01
7.256000e+00 5.425088e-02 1.865052e+01 1.361972e+01
7.258000e+00 5.425346e-02 1.865100e+01 1.362022e+01
7.260000e+00 5.425715e-02 1.865174e+01 1.362098e+01
7.262000e+00 5.426217e-02 1.865279e+01 1.362204e+01
7.264000e+00 5.426875e-02 1.865421e+01 1.362346e+01
7.266000e+00 5.427726e-02 1.865610e+01 1.362533e+01
7.268000e+00 5.428815e-02 1.865856e+01 1.362776e+01
7.270000e+00 5.430210e-02 1.866178e+01 1.363092e+01
7.272000e+00 5.432016e-02 1.866603e+01 1.363508e+01
7.274000e+00 5.434433e-02 1.867182e+01 1.364074e+01
7.276000e+00 5.438215e-02 1.868091e+01 1.364961e+01
7.278000e+00 5.438249e-02 1.868097e+01 1.364970e+01
7.280000e+00 5.432557e-02 1.866740e+01 1.363657e+01
7.282000e+00 5.428528e-02 1.865778e+01 1.362727e+01
7.284000e+00 5.425144e-02 1.864979e+01 1.361956e+01
7.286000e+00 5.422188e-02 1.864288e+01 1.361288e+01
7.288000e+00 5.419547e-02 1.863674e+01 1.360696e+01
7.290000e+00 5.417151e-02 1.863120e+01 1.360162e+01
7.292000e+00 5.414951e-02 1.862613e+01 1.359674e+01
7.294000e+00 5.412913e-02 1.862144e+01 1.359223e+01
7.296000e+00 5.411010e-02 1.861707e+01 1.358803e+01
7.298000e+00 5.409221e-02 1.861297e+01 1.358409e+01
7.300000e+00 5.407531e-02 1.860910e+01 1.358037e+01
7.302000e+00 5.405927e-02 1.860543e+01 1.357684e+01
7.304000e+00 5.404399e-02 1.860193e+01 1.357348e+01
7.306000e+00 5.402941e-02 1.859859e+01 1.357028e+01
7.308000e+00 5.401547e-02 1.859540e+01 1.356723e+01
7.310000e+00 5.400219e-02 1.859236e+01 1.356431e+01
7.312000e+00 5.398971e-02 1.858951e+01 1.356159e+01
7.314000e+00 5.397813e-02 1.858686e+01 1.355906e+01
7.316000e+00 5.396468e-02 1.858376e+01 1.355609e+01
7.318000e+00 5.395230e-02 1.858091e+01 1.355336e+01
7.320000e+00 5.394052e-02 1.857820e+01 1.355076e+01
7.322000e+00 5.392915e-02 1.857558e+01 1.354826e+01
7.324000e+00 5.391814e-02 1.857304e+01 1.354583e+01
7.326000e+00 5.390743e-02 1.857057e+01 1.354347e+01
7.328000e+00 5.389701e-02 1.856816e+01 1.354117e+01
7.330000e+00 5.388684e-02 1.856581e+01 1.353893e+01
7.332000e+00 5.387692e-02 1.856351e+01 1.353674e+01
7.334000e+00 5.386723e-02 1.856127e+01 1.353460e+01
7.336000e+00 5.385774e-02 1.855906e+01 1.353250e+01
7.338000e+00 5.384846e-02 1.855691e+01 1.353045e+01
7.340000e+00 5.383938e-02 1.855480e+01 1.352844e+01
7.342000e+00 5.383048e-02 1.855272e+01 1.352646e+01
7.344000e+00 5.382175e-02 1.855069e+01 1.352453e+01
7.346000e+00 5.381319e-02 1.854869e+01 1.352263e+01
7.348000e+00 5.380480e-02 1.854672e+01 1.352076e+01
7.350000e+00 5.379656e-02 1.854480e+01 1.351893e+01
7.352000e+00 5.378847e-02 1.854290e+01 1.351712e+01
7.354000e+00 5.378053e-02 1.854104e+01 1.351535e+01
7.356000e+00 5.377273e-02 1.853920e+01 1.351361e+01
7.358000e+00 5.376507e-02 1.853740e+01 1.351190e+01
7.360000e+00 5.375754e-02 1.853562e+01 1.351022e+01
7.362000e+00 5.375015e-02 1.853388e+01 1.350856e+01
7.364000e+00 5.374289e-02 1.853216e+01 1.350694e+01
7.366000e+00 5.373575e-02 1.853047e+01 1.350533e+01
7.368000e+00 5.372874e-02 1.852881e+01 1.350376e+01
7.370000e+00 5.372186e-02 1.852717e+01 1.350221e+01
7.372000e+00 5.371510e-02 1.852556e+01 1.350069e+01
7.374000e+00 5.370846e-02 1.852398e+01 1.349919e+01
7.376000e+00 5.370194e-02 1.852243e+01 1.349772e+01
7.378000e+00 5.369555e-02 1.852090e+01 1.349627e+01
7.380000e+00 5.368928e-02 1.851939e+01 1.349485e+01
7.382000e+00 5.368313e-02 1.851792e+01 1.349346e+01
7.384000e+00 5.367710e-02 1.851646e+01 1.349209e+01
7.386000e+00 5.367119e-02 1.851504e+01 1.349075e+01
7.388000e+00 5.366541e-02 1.851364e+01 1.348943e+01
7.390000e+00 5.365976e-02 1.851228e+01 1.348814e+01
7.392000e+00 5.365424e-02 1.851093e+01 1.348688e+01
7.394000e+00 5.364885e-02 1.850962e+01 1.348564e+01
7.396000e+00 5.364359e-02 1.850834e+01 1.348444e+01
7.398000e+00 5.363847e-02 1.850708e+01 1.348326e+01
7.400000e+00 5.363348e-02 1.850586e+01 1.348211e+01
7.402000e+00 5.362865e-02 1.850467e+01 1.348099e+01
7.404000e+00 5.362396e-02 1.850351e+01 1.347990e+01
7.406000e+00 5.361942e-02 1.850238e+01 1.347885e+01
7.408000e+00 5.361504e-02 1.850129e+01 1.347783e+01
7.410000e+00 5.361083e-02 1.850023e+01 1.347684e+01
7.412000e+00 5.360679e-02 1.849921e+01 1.347589e+01
7.414000e+00 5.360293e-02 1.849823e+01 1.347498e+01
7.416000e+00 5.359926e-02 1.849729e+01 1.347410e+01
7.418000e+00 5.359578e-02 1.849640e+01 1.347327e+01
7.420000e+00 5.359251e-02 1.849555e+01 1.347249e+01
7.422000e+00 5.358945e-02 1.849474e+01 1.347175e+01
7.424000e+00 5.358663e-02 1.849399e+01 1.347106e+01
7.426000e+00 5.358405e-02 1.849329e+01 1.347042e+01
7.428000e+00 5.358173e-02 1.849265e+01 1.346983e+01
7.430000e+00 5.357968e-02 1.849207e+01 1.346931e+01
7.432000e+00 5.357792e-02 1.849156e+01 1.346885e+01
7.434000e+00 5.357648e-02 1.849111e+01 1.346845e+01
7.436000e+00 5.357539e-02 1.849074e+01 1.346813e+01
7.438000e+00 5.357465e-02 1.849045e+01 1.346789e+01
7.440000e+00 5.357431e-02 1.849025e+01 1.346774e+01
7.442000e+00 5.357441e-02 1.849015e+01 1.346768e+01
7.444000e+00 5.357498e-02 1.849016e+01 1.346772e+01
7.446000e+00 5.357608e-02 1.849028e+01 1.346788e+01
7.448000e+00 5.357775e-02 1.849054e+01 1.346817e+01
7.450000e+00 5.358008e-02 1.849095e+01 1.346860e+01
7.452000e+00 5.358314e-02 1.849152e+01 1.346920e+01
7.454000e+00 5.358703e-02 1.849229e+01 1.346998e+01
7.456000e+00 5.359189e-02 1.849328e+01 1.347098e+01
7.458000e+00 5.359787e-02 1.849454e+01 1.347224e+01
7.460000e+00 5.360518e-02 1.849611e+01 1.347380e+01
7.462000e+00 5.361406e-02 1.849805e+01 1.347573e+01
7.464000e+00 5.362487e-02 1.850046e+01 1.347810e+01
7.466000e+00 5.363808e-02 1.850345e+01 1.348104e+01
7.468000e+00 5.365437e-02 1.850720e+01 1.348472e+01
7.470000e+00 5.367482e-02 1.851200e+01 1.348941e+01
7.472000e+00 5.370150e-02 1.851838e+01 1.349564e+01
7.474000e+00 5.374346e-02 1.852841e+01 1.350541e+01
7.476000e+00 5.373609e-02 1.852665e+01 1.350374e+01
7.478000e+00 5.368401e-02 1.851415e+01 1.349166e+01
7.480000e+00 5.364650e-02 1.850517e+01 1.348298e+01
7.482000e+00 5.361515e-02 1.849774e+01 1.347581e+01
7.484000e+00 5.358792e-02 1.849135e+01 1.346964e+01
7.486000e+00 5.356374e-02 1.848571e+01 1.346421e+01
7.488000e+00 5.354195e-02 1.848065e+01 1.345934e+01
7.490000e+00 5.352206e-02 1.847605e+01 1.345492e+01
7.492000e+00 5.350375e-02 1.847182e+01 1.345085e+01
7.494000e+00 5.348675e-02 1.846791e+01 1.344709e+01
7.496000e+00 5.347086e-02 1.846425e+01 1.344359e+01
7.498000e+00 5.345593e-02 1.846082e+01 1.344029e+01
7.500000e+00 5.344182e-02 1.845757e+01 1.343719e+01
7.502000e+00 5.342844e-02 1.845450e+01 1.343424e+01
7.504000e+00 5.341570e-02 1.845157e+01 1.343144e+01
7.506000e+00 5.340353e-02 1.844877e+01 1.342876e+01
7.508000e+00 5.339188e-02 1.844609e+01 1.342620e+01
7.510000e+00 5.338069e-02 1.844351e+01 1.342374e+01
7.512000e+00 5.336992e-02 1.844103e+01 1.342137e+01
7.514000e+00 5.335953e-02 1.843864e+01 1.341909e+01
7.516000e+00 5.334951e-02 1.843632e+01 1.341688e+01
7.518000e+00 5.333980e-02 1.843408e+01 1.341474e+01
7.520000e+00 5.333041e-02 1.843190e+01 1.341267e+01
7.522000e+00 5.332129e-02 1.842979e+01 1.341066e+01
7.524000e+00 5.331243e-02 1.842774e+01 1.340870e+01
7.526000e+00 5.330381e-02 1.842574e+01 1.340680e+01
7.528000e+00 5.329543e-02 1.842379e+01 1.340495e+01
7.530000e+00 5.328725e-02 1.842188e+01 1.340314e+01
7.532000e+00 5.327928e-02 1.842002e+01 1.340137e+01
7.534000e+00 5.327149e-02 1.841820e+01 1.339965e+01
7.536000e+00 5.326388e-02 1.841642e+01 1.339796e+01
7.538000e+00 5.325644e-02 1.841468e+01 1.339631e+01
7.540000e+00 5.324916e-02 1.841297e+01 1.339469e+01
7.542000e+00 5.324203e-02 1.841130e+01 1.339310e+01
7.544000e+00 5.323503e-02 1.840965e+01 1.339155e+01
7.546000e+00 5.322818e-02 1.840804e+01 1.339002e+01
7.548000e+00 5.322145e-02 1.840645e+01 1.338852e+01
7.550000e+00 5.321484e-02 1.840489e+01 1.338704e+01
7.552000e+00 5.320835e-02 1.840336e+01 1.338559e+01
7.554000e+00 5.320198e-02 1.840185e+01 1.338417e+01
7.556000e+00 5.319571e-02 1.840036e+01 1.338276e+01
7.558000e+00 5.318954e-02 1.839889e+01 1.338138e+01
7.560000e+00 5.318346e-02 1.839745e+01 1.338002e+01
7.562000e+00 5.317748e-02 1.839602e+01 1.337867e+01
7.564000e+00 5.317159e-02 1.839462e+01 1.337735e+01
7.566000e+00 5.316578e-02 1.839323e+01 1.337604e+01
7.568000e+00 5.316006e-02 1.839186e+01 1.337475e+01
7.570000e+00 5.315442e-02 1.839051e+01 1.337348e+01
7.572000e+00 5.314886e-02 1.838918e+01 1.337223e+01
7.574000e+00 5.314337e-02 1.838786e+01 1.337099e+01
7.576000e+00 5.313795e-02 1.838656e+01 1.336976e+01
7.578000e+00 5.313261e-02 1.838527e+01 1.336855e+01
7.580000e+00 5.312733e-02 1.838400e+01 1.336736e+01
7.582000e+00 5.312212e-02 1.838274e+01 1.336617e+01
7.584000e+00 5.311697e-02 1.838149e+01 1.336500e+01
7.586000e+00 5.311189e-02 1.838026e+01 1.336385e+01
7.588000e+00 5.310686e-02 1.837905e+01 1.336271e+01
7.590000e+00 5.310189e-02 1.837784e+01 1.336158e+01
7.592000e+00 5.309698e-02 1.837665e+01 1.336046e+01
7.594000e+00 5.309213e-02 1.837547e+01 1.335935e+01
7.596000e+00 5.308733e-02 1.837430e+01 1.335825e+01
7.598000e+00 5.308258e-02 1.837314e+01 1.335717e+01
7.600000e+00 5.307789e-02 1.837199e+01 1.335609e+01
7.602000e+00 5.307325e-02 1.837086e+01 1.335503e+01
7.604000e+00 5.306865e-02 1.836973e+01 1.335398e+01
7.606000e+00 5.306411e-02 1.836862e+01 1.335294e+01
7.608000e+00 5.305961e-02 1.836751e+01 1.335190e+01
7.610000e+00 5.305516e-02 1.836642e+01 1.335088e+01
7.612000e+00 5.305075e-02 1.836533e+01 1.334987e+01
7.614000e+00 5.304639e-02 1.836426e+01 1.334886e+01
7.616000e+00 5.304208e-02 1.836319e+01 1.334787e+01
7.618000e+00 5.303780e-02 1.836214e+01 1.334688e+01
7.620000e+00 5.303357e-02 1.836109e+01 1.334591e+01
7.622000e+00 5.302938e-02 1.836005e+01 1.334494e+01
7.624000e+00 5.302524e-02 1.835902e+01 1.334398e+01
7.626000e+00 5.302113e-02 1.835800e+01 1.334303e+01
7.628000e+00 5.301706e-02 1.835699e+01 1.334208e+01
7.630000e+00 5.301304e-02 1.835599e+01 1.334115e+01
7.632000e+00 5.300905e-02 1.835499e+01 1.334022e+01
7.634000e+00 5.300510e-02 1.835401e+01 1.333930e+01
7.636000e+00 5.300119e-02 1.835303e+01 1.333839e+01
7.638000e+00 5.299731e-02 1.835206e+01 1.333749e+01
7.640000e+00 5.299348e-02 1.835109e+01 1.333660e+01
7.642000e+00 5.298968e-02 1.835014e+01 1.333571e+01
7.644000e+00 5.298591e-02 1.834919e+01 1.333483e+01
7.646000e+00 5.298218e-02 1.834825e+01 1.333396e+01
7.648000e+00 5.297849e-02 1.834732e+01 1.333309e+01
7.650000e+00 5.297483e-02 1.834640e+01 1.333223e+01
7.652000e+00 5.297121e-02 1.834548e+01 1.333138e+01
7.654000e+00 5.296762e-02 1.834457e+01 1.333054e+01
7.656000e+00 5.296407e-02 1.834367e+01 1.332970e+01
7.658000e+00 5.296055e-02 1.834278e+01 1.332888e+01
7.660000e+00 5.295706e-02 1.834189e+01 1.332805e+01
7.662000e+00 5.295361e-02 1.834101e+01 1.332724e+01
7.664000e+00 5.295019e-02 1.834014e+01 1.332643e+01
7.666000e+00 5.294680e-02 1.833927e+01 1.332563e+01
7.668000e+00 5.294344e-02 1.833841e+01 1.332484e+01
7.670000e+00 5.294012e-02 1.833756e+01 1.332405e+01
7.672000e+00 5.293683e-02 1.833672e+01 1.332327e+01
7.674000e+00 5.293357e-02 1.833588e+01 1.332249e+01
7.676000e+00 5.293035e-02 1.833505e+01 1.332173e+01
7.678000e+00 5.292715e-02 1.833422e+01 1.332096e+01
7.680000e+00 5.292399e-02 1.833341e+01 1.332021e+01
7.682000e+00 5.292086e-02 1.833260e+01 1.331946e+01
7.684000e+00 5.291777e-02 1.833179e+01 1.331872e+01
7.686000e+00 5.291472e-02 1.833100e+01 1.331799e+01
7.688000e+00 5.291168e-02 1.833021e+01 1.331726e+01
7.690000e+00 5.290865e-02 1.832942e+01 1.331654e+01
7.692000e+00 5.290566e-02 1.832864e+01 1.331582e+01
7.694000e+00 5.290270e-02 1.832787e+01 1.331511e+01
7.696000e+00 5.289978e-02 1.832710e+01 1.331440e+01
7.698000e+00 5.289689e-02 1.832634e+01 1.331370e+01
7.700000e+00 5.289403e-02 1.832559e+01 1.331301e+01
7.702000e+00 5.289120e-02 1.832484e+01 1.331233e+01
7.704000e+00 5.288840e-02 1.832410e+01 1.331165e+01
7.706000e+00 5.288563e-02 1.832337e+01 1.331098e+01
7.708000e+00 5.288289e-02 1.832264e+01 1.331031e+01
7.710000e+00 5.288018e-02 1.832192e+01 1.330965e+01
7.712000e+00 5.287750e-02 1.832121e+01 1.330899e+01
7.714000e+00 5.287484e-02 1.832050e+01 1.330835e+01
7.716000e+00 5.287222e-02 1.831980e+01 1.330770e+01
7.718000e+00 5.286963e-02 1.831910e+01 1.330707e+01
7.720000e+00 5.286707e-02 1.831841e+01 1.330644e+01
7.722000e+00 5.286454e-02 1.831773e+01 1.330582e+01
7.724000e+00 5.286204e-02 1.831706e+01 1.330520e+01
7.726000e+00 5.285956e-02 1.831639e+01 1.330459e+01
7.728000e+00 5.285712e-02 1.831572e+01 1.330398e+01
7.730000e+00 5.285470e-02 1.831507e+01 1.330338e+01
7.732000e+00 5.285232e-02 1.831441e+01 1.330279e+01
7.734000e+00 5.284996e-02 1.831377e+01 1.330221e+01
7.736000e+00 5.284764e-02 1.831313e+01 1.330163e+01
7.738000e+00 5.284534e-02 1.831250e+01 1.330105e+01
7.740000e+00 5.284307e-02 1.831187e+01 1.330048e+01
7.742000e+00 5.284084e-02 1.831126e+01 1.329992e+01
7.744000e+00 5.283863e-02 1.831064e+01 1.329936e+01
7.746000e+00 5.283645e-02 1.831004e+01 1.329881e+01
7.748000e+00 5.283430e-02 1.830944e+01 1.329827e+01
7.750000e+00 5.283218e-02 1.830884e+01 1.329773e+01
7.752000e+00 5.283009e-02 1.830825e+01 1.329720e+01
7.754000e+00 5.282803e-02 1.830767e+01 1.329668e+01
7.756000e+00 5.282600e-02 1.830710e+01 1.329616e+01
7.758000e+00 5.282400e-02 1.830653e+01 1.329564e+01
7.760000e+00 5.282203e-02 1.830597e+01 1.329514e+01
7.762000e+00 5.282009e-02 1.830541e+01 1.329464e+01
7.764000e+00 5.281818e-02 1.830486e+01 1.329414e+01
7.766000e+00 5.281630e-02 1.830432e+01 1.329365e+01
7.768000e+00 5.281445e-02 1.830378e+01 1.329317e+01
7.770000e+00 5.281262e-02 1.830325e+01 1.329270e+01
7.772000e+00 5.281083e-02 1.830273e+01 1.329223e+01
7.774000e+00 5.280907e-02 1.830221e+01 1.329176e+01
7.776000e+00 5.280734e-02 1.830170e+01 1.329131e+01
7.778000e+00 5.280565e-02 1.830120e+01 1.329086e+01
7.780000e+00 5.280398e-02 1.830070e+01 1.329041e+01
7.782000e+00 5.280234e-02 1.830021e+01 1.328998e+01
7.784000e+00 5.280073e-02 1.829972e+01 1.328954e+01
7.786000e+00 5.279916e-02 1.829924e+01 1.328912e+01
7.788000e+00 5.279761e-02 1.829877e+01 1.328870e+01
7.790000e+00 5.279610e-02 1.829831e+01 1.328829e+01
7.792000e+00 5.279462e-02 1.829785e+01 1.328788e+01
7.794000e+00 5.279317e-02 1.829740e+01 1.328748e+01
7.796000e+00 5.279175e-02 1.829696e+01 1.328709e+01
7.798000e+00 5.279036e-02 1.829652e+01 1.328670e+01
7.800000e+00 5.278901e-02 1.829609e+01 1.328632e+01
7.802000e+00 5.278768e-02 1.829566e+01 1.328595e+01
7.804000e+00 5.278639e-02 1.829525e+01 1.328559e+01
7.806000e+00 5.278513e-02 1.829484e+01 1.328523e+01
7.808000e+00 5.278391e-02 1.829443e+01 1.328487e+01
7.810000e+00 5.278272e-02 1.829404e+01 1.328453e+01
7.812000e+00 5.278156e-02 1.829365e+01 1.328419e+01
7.814000e+00 5.278043e-02 1.829326e+01 1.328386e+01
7.816000e+00 5.277934e-02 1.829289e+01 1.328353e+01
7.818000e+00 5.277828e-02 1.829252e+01 1.328321e+01
7.820000e+00 5.277726e-02 1.829216e+01 1.328290e+01
7.822000e+00 5.277627e-02 1.829181e+01 1.328260e+01
7.824000e+00 5.277531e-02 1.829146e+01 1.328230e+01
7.826000e+00 5.277439e-02 1.829112e+01 1.328201e+01
7.828000e+00 5.277350e-02 1.829079e+01 1.328173e+01
7.830000e+00 5.277265e-02 1.829047e+01 1.328145e+01
7.832000e+00 5.277184e-02 1.829015e+01 1.328118e+01
7.834000e+00 5.277106e-02 1.828984e+01 1.328092e+01
7.836000e+00 5.277032e-02 1.828954e+01 1.328067e+01
7.838000e+00 5.276961e-02 1.828925e+01 1.328042e+01
7.840000e+00 5.276894e-02 1.828896e+01 1.328018e+01
7.842000e+00 5.276831e-02 1.828869e+01 1.327995e+01
7.844000e+00 5.276771e-02 1.828842e+01 1.327973e+01
7.846000e+00 5.276716e-02 1.828815e+01 1.327952e+01
7.848000e+00 5.276664e-02 1.828790e+01 1.327931e+01
7.850000e+00 5.276616e-02 1.828766e+01 1.327911e+01
7.852000e+00 5.276572e-02 1.828742e+01 1.327892e+01
7.854000e+00 5.276532e-02 1.828719e+01 1.327874e+01
7.856000e+00 5.276496e-02 1.828697e+01 1.327856e+01
7.858000e+00 5.276464e-02 1.828676e+01 1.327839e+01
7.860000e+00 5.276436e-02 1.828656e+01 1.327824e+01
7.862000e+00 5.276412e-02 1.828636e+01 1.327809e+01
7.864000e+00 5.276393e-02 1.828618e+01 1.327795e+01
7.866000e+00 5.276378e-02 1.828600e+01 1.327781e+01
7.868000e+00 5.276367e-02 1.828584e+01 1.327769e+01
7.870000e+00 5.276361e-02 1.828568e+01 1.327758e+01
7.872000e+00 5.276359e-02 1.828553e+01 1.327747e+01
7.874000e+00 5.276361e-02 1.828540e+01 1.327738e+01
7.876000e+00 5.276369e-02 1.828527e+01 1.327729e+01
7.878000e+00 5.276381e-02 1.828515e+01 1.327722e+01
7.880000e+00 5.276397e-02 1.828504e+01 1.327715e+01
7.882000e+00 5.276419e-02 1.828494e+01 1.327709e+01
7.884000e+00 5.276446e-02 1.828486e+01 1.327705e+01
7.886000e+00 5.276477e-02 1.828478e+01 1.327701e+01
7.888000e+00 5.276514e-02 1.828472e+01 1.327699e+01
7.890000e+00 5.276556e-02 1.828466e+01 1.327697e+01
7.892000e+00 5.276603e-02 1.828462e+01 1.327697e+01
7.894000e+00 5.276656e-02 1.828459e+01 1.327698e+01
7.896000e+00 5.276714e-02 1.828457e+01 1.327700e+01
7.898000e+00 5.276778e-02 1.828456e+01 1.327703e+01
7.900000e+00 5.276848e-02 1.828457e+01 1.327707e+01
7.902000e+00 5.276924e-02 1.828458e+01 1.327713e+01
7.904000e+00 5.277006e-02 1.828461e+01 1.327720e+01
7.906000e+00 5.277095e-02 1.828466e+01 1.327728e+01
7.908000e+00 5.277190e-02 1.828472e+01 1.327737e+01
7.910000e+00 5.277291e-02 1.828479e+01 1.327748e+01
7.912000e+00 5.277400e-02 1.828488e+01 1.327760e+01
7.914000e+00 5.277515e-02 1.828498e+01 1.327774e+01
7.916000e+00 5.277638e-02 1.828510e+01 1.327789e+01
7.918000e+00 5.277768e-02 1.828523e+01 1.327806e+01
7.920000e+00 5.277907e-02 1.828538e+01 1.327825e+01
7.922000e+00 5.278053e-02 1.828555e+01 1.327845e+01
7.924000e+00 5.278207e-02 1.828574e+01 1.327867e+01
7.926000e+00 5.278370e-02 1.828594e+01 1.327890e+01
7.928000e+00 5.278543e-02 1.828616e+01 1.327916e+01
7.930000e+00 5.278724e-02 1.828641e+01 1.327943e+01
7.932000e+00 5.278915e-02 1.828667e+01 1.327973e+01
7.934000e+00 5.279117e-02 1.828696e+01 1.328004e+01
7.936000e+00 5.279329e-02 1.828727e+01 1.328038e+01
7.938000e+00 5.279552e-02 1.828760e+01 1.328075e+01
7.940000e+00 5.279787e-02 1.828796e+01 1.328113e+01
7.942000e+00 5.280034e-02 1.828835e+01 1.328154e+01
7.944000e+00 5.280294e-02 1.828876e+01 1.328198e+01
7.946000e+00 5.280568e-02 1.828920e+01 1.328245e+01
7.948000e+00 5.280856e-02 1.828968e+01 1.328295e+01
7.950000e+00 5.281159e-02 1.829019e+01 1.328348e+01
7.952000e+00 5.281478e-02 1.829073e+01 1.328405e+01
7.954000e+00 5.281815e-02 1.829131e+01 1.328465e+01
7.956000e+00 5.282170e-02 1.829193e+01 1.328529e+01
7.958000e+00 5.282544e-02 1.829259e+01 1.328597e+01
7.960000e+00 5.282940e-02 1.829330e+01 1.328669e+01
7.962000e+00 5.283358e-02 1.829406e+01 1.328747e+01
7.964000e+00 5.283800e-02 1.829488e+01 1.328830e+01
7.966000e+00 5.284269e-02 1.829575e+01 1.328918e+01
7.968000e+00 5.284766e-02 1.829668e+01 1.329013e+01
7.970000e+00 5.285295e-02 1.829769e+01 1.329114e+01
7.972000e+00 5.285858e-02 1.829877e+01 1.329223e+01
7.974000e+00 5.286459e-02 1.829994e+01 1.329340e+01
7.976000e+00 5.287103e-02 1.830121e+01 1.329467e+01
7.978000e+00 5.287793e-02 1.830258e+01 1.329603e+01
7.980000e+00 5.288537e-02 1.830407e+01 1.329752e+01
7.982000e+00 5.289341e-02 1.830570e+01 1.329914e+01
7.984000e+00 5.290214e-02 1.830749e+01 1.330091e+01
7.986000e+00 5.291167e-02 1.830946e+01 1.330286e+01
7.988000e+00 5.292214e-02 1.831165e+01 1.330502e+01
7.990000e+00 5.293373e-02 1.831410e+01 1.330744e+01
7.992000e+00 5.294666e-02 1.831686e+01 1.331016e+01
7.994000e+00 5.296124e-02 1.832002e+01 1.331326e+01
7.996000e+00 5.297788e-02 1.832366e+01 1.331683e+01
7.998000e+00 5.299715e-02 1.832794e+01 1.332102e+01
8.000000e+00 5.301991e-02 1.833307e+01 1.332602e+01
8.002000e+00 5.304747e-02 1.833937e+01 1.333217e+01
8.004000e+00 5.308204e-02 1.834741e+01 1.334001e+01
8.006000e+00 5.312764e-02 1.835821e+01 1.335053e+01
8.008000e+00 5.319419e-02 1.837415e+01 1.336602e+01
8.010000e+00 5.320185e-02 1.837576e+01 1.336762e+01
8.012000e+00 5.313757e-02 1.835996e+01 1.335234e+01
8.014000e+00 5.309560e-02 1.834959e+01 1.334232e+01
8.016000e+00 5.306503e-02 1.834207e+01 1.333506e+01
8.018000e+00 5.304164e-02 1.833634e+01 1.332954e+01
8.020000e+00 5.302315e-02 1.833181e+01 1.332519e+01
8.022000e+00 5.300822e-02 1.832815e+01 1.332168e+01
8.024000e+00 5.299598e-02 1.832513e+01 1.331879e+01
8.026000e+00 5.298583e-02 1.832261e+01 1.331638e+01
8.028000e+00 5.297735e-02 1.832048e+01 1.331436e+01
8.030000e+00 5.297025e-02 1.831868e+01 1.331265e+01
8.032000e+00 5.296428e-02 1.831714e+01 1.331119e+01
8.034000e+00 5.295927e-02 1.831582e+01 1.330995e+01
8.036000e+00 5.295508e-02 1.831469e+01 1.330890e+01
8.038000e+00 5.295160e-02 1.831373e+01 1.330800e+01
8.040000e+00 5.294875e-02 1.831290e+01 1.330724e+01
8.042000e+00 5.294644e-02 1.831220e+01 1.330660e+01
8.044000e+00 5.294462e-02 1.831161e+01 1.330606e+01
8.046000e+00 5.294325e-02 1.831113e+01 1.330563e+01
8.048000e+00 5.294229e-02 1.831073e+01 1.330528e+01
8.050000e+00 5.294171e-02 1.831042e+01 1.330502e+01
8.052000e+00 5.294150e-02 1.831019e+01 1.330484e+01
8.054000e+00 5.294140e-02 1.830999e+01 1.330468e+01
8.056000e+00 5.294162e-02 1.830985e+01 1.330458e+01
8.058000e+00 5.294212e-02 1.830978e+01 1.330455e+01
8.060000e+00 5.294287e-02 1.830976e+01 1.330457e+01
8.062000e+00 5.294387e-02 1.830980e+01 1.330465e+01
8.064000e+00 5.294509e-02 1.830988e+01 1.330477e+01
8.066000e+00 5.294652e-02 1.831001e+01 1.330493e+01
8.068000e+00 5.294815e-02 1.831018e+01 1.330514e+01
8.070000e+00 5.294996e-02 1.831040e+01 1.330539e+01
8.072000e+00 5.295196e-02 1.831065e+01 1.330567e+01
8.074000e+00 5.295414e-02 1.831095e+01 1.330599e+01
8.076000e+00 5.295649e-02 1.831128e+01 1.330635e+01
8.078000e+00 5.295897e-02 1.831163e+01 1.330674e+01
8.080000e+00 5.296156e-02 1.831201e+01 1.330714e+01
8.082000e+00 5.296431e-02 1.831243e+01 1.330758e+01
8.084000e+00 5.296721e-02 1.831288e+01 1.330806e+01
8.086000e+00 5.297025e-02 1.831335e+01 1.330856e+01
8.088000e+00 5.297343e-02 1.831386e+01 1.330908e+01
8.090000e+00 5.297673e-02 1.831439e+01 1.330964e+01
8.092000e+00 5.298017e-02 1.831495e+01 1.331022e+01
8.094000e+00 5.298373e-02 1.831554e+01 1.331083e+01
8.096000e+00 5.298741e-02 1.831615e+01 1.331146e+01
8.098000e+00 5.299121e-02 1.831679e+01 1.331212e+01
8.100000e+00 5.299513e-02 1.831745e+01 1.331280e+01
8.102000e+00 5.299917e-02 1.831814e+01 1.331351e+01
8.104000e+00 5.300332e-02 1.831885e+01 1.331423e+01
8.106000e+00 5.300758e-02 1.831959e+01 1.331499e+01
8.108000e+00 5.301195e-02 1.832034e+01 1.331576e+01
8.110000e+00 5.301644e-02 1.832113e+01 1.331655e+01
8.112000e+00 5.302103e-02 1.832193e+01 1.331737e+01
8.114000e+00 5.302573e-02 1.832276e+01 1.331821e+01
8.116000e+00 5.303054e-02 1.832360e+01 1.331907e+01
8.118000e+00 5.303545e-02 1.832448e+01 1.331996e+01
8.120000e+00 5.304047e-02 1.832537e+01 1.332086e+01
8.122000e+00 5.304560e-02 1.832628e+01 1.332179e+01
8.124000e+00 5.305083e-02 1.832722e+01 1.332274e+01
8.126000e+00 5.305617e-02 1.832818e+01 1.332370e+01
8.128000e+00 5.306161e-02 1.832916e+01 1.332469e+01
8.130000e+00 5.306715e-02 1.833016e+01 1.332570e+01
8.132000e+00 5.307281e-02 1.833119e+01 1.332674e+01
8.134000e+00 5.307856e-02 1.833223e+01 1.332779e+01
8.136000e+00 5.308442e-02 1.833330e+01 1.332886e+01
8.138000e+00 5.309039e-02 1.833439e+01 1.332996e+01
8.140000e+00 5.309646e-02 1.833550e+01 1.333107e+01
8.142000e+00 5.310264e-02 1.833664e+01 1.333221e+01
8.144000e+00 5.310892e-02 1.833779e+01 1.333337e+01
8.146000e+00 5.311531e-02 1.833897e+01 1.333455e+01
8.148000e+00 5.312181e-02 1.834017e+01 1.333575e+01
8.150000e+00 5.312841e-02 1.834139e+01 1.333698e+01
8.152000e+00 5.313513e-02 1.834263e+01 1.333822e+01
8.154000e+00 5.314195e-02 1.834390e+01 1.333949e+01
8.156000e+00 5.314888e-02 1.834519e+01 1.334078e+01
8.158000e+00 5.315592e-02 1.834650e+01 1.334209e+01
8.160000e+00 5.316307e-02 1.834783e+01 1.334342e+01
8.162000e+00 5.317033e-02 1.834919e+01 1.334477e+01
8.164000e+00 5.317770e-02 1.835057e+01 1.334615e+01
8.166000e+00 5.318519e-02 1.835197e+01 1.334755e+01
8.168000e+00 5.319279e-02 1.835340e+01 1.334897e+01
8.170000e+00 5.320050e-02 1.835485e+01 1.335041e+01
8.172000e+00 5.320833e-02 1.835632e+01 1.335188e+01
8.174000e+00 5.321627e-02 1.835782e+01 1.335337e+01
8.176000e+00 5.322434e-02 1.835934e+01 1.335489e+01
8.178000e+00 5.323252e-02 1.836089e+01 1.335643e+01
8.180000e+00 5.324082e-02 1.836246e+01 1.335799e+01
8.182000e+00 5.324924e-02 1.836406e+01 1.335957e+01
8.184000e+00 5.325778e-02 1.836568e+01 1.336118e+01
8.186000e+00 5.326645e-02 1.836732e+01 1.336282e+01
8.188000e+00 5.327524e-02 1.836899e+01 1.336448e+01
8.190000e+00 5.328416e-02 1.837069e+01 1.336616e+01
8.192000e+00 5.329320e-02 1.837241e+01 1.336787e+01
8.194000e+00 5.330237e-02 1.837416e+01 1.336961e+01
8.196000e+00 5.331167e-02 1.837594e+01 1.337137e+01
8.198000e+00 5.332110e-02 1.837774e+01 1.337316e+01
8.200000e+00 5.333066e-02 1.837957e+01 1.337497e+01
8.202000e+00 5.334036e-02 1.838143e+01 1.337681e+01
8.204000e+00 5.335019e-02 1.838331e+01 1.337868e+01
8.206000e+00 5.336016e-02 1.838523e+01 1.338057e+01
8.208000e+00 5.337026e-02 1.838717e+01 1.338249e+01
8.210000e+00 5.338051e-02 1.838914e+01 1.338444e+01
8.212000e+00 5.339089e-02 1.839114e+01 1.338642e+01
8.214000e+00 5.340142e-02 1.839316e+01 1.338842e+01
8.216000e+00 5.341210e-02 1.839522e+01 1.339046e+01
8.218000e+00 5.342292e-02 1.839731e+01 1.339252e+01
8.220000e+00 5.343388e-02 1.839943e+01 1.339462e+01
8.222000e+00 5.344500e-02 1.840158e+01 1.339674e+01
8.224000e+00 5.345627e-02 1.840376e+01 1.339889e+01
8.226000e+00 5.346769e-02 1.840597e+01 1.340108e+01
8.228000e+00 5.347927e-02 1.840821e+01 1.340329e+01
8.230000e+00 5.349101e-02 1.841049e+01 1.340554e+01
8.232000e+00 5.350290e-02 1.841279e+01 1.340781e+01
8.234000e+00 5.351496e-02 1.841514e+01 1.341012e+01
8.236000e+00 5.352718e-02 1.841751e+01 1.341247e+01
8.238000e+00 5.353957e-02 1.841992e+01 1.341484e+01
8.240000e+00 5.355212e-02 1.842236e+01 1.341725e+01
8.242000e+00 5.356485e-02 1.842484e+01 1.341969e+01
8.244000e+00 5.357774e-02 1.842735e+01 1.342217e+01
8.246000e+00 5.359081e-02 1.842990e+01 1.342468e+01
8.248000e+00 5.360406e-02 1.843249e+01 1.342723e+01
8.250000e+00 5.361749e-02 1.843511e+01 1.342981e+01
8.252000e+00 5.363110e-02 1.843777e+01 1.343243e+01
8.254000e+00 5.364489e-02 1.844047e+01 1.343508e+01
8.256000e+00 5.365887e-02 1.844320e+01 1.343778e+01
8.258000e+00 5.367304e-02 1.844597e+01 1.344051e+01
8.260000e+00 5.368740e-02 1.844879e+01 1.344327e+01
8.262000e+00 5.370196e-02 1.845164e+01 1.344608e+01
8.264000e+00 5.371671e-02 1.845453e+01 1.344893e+01
8.266000e+00 5.373167e-02 1.845747e+01 1.345181e+01
8.268000e+00 5.374682e-02 1.846044e+01 1.345474e+01
8.270000e+00 5.376219e-02 1.846346e+01 1.345770e+01
8.272000e+00 5.377776e-02 1.846652e+01 1.346071e+01
8.274000e+00 5.379354e-02 1.846963e+01 1.346376e+01
8.276000e+00 5.380954e-02 1.847278e+01 1.346686e+01
8.278000e+00 5.382576e-02 1.847597e+01 1.346999e+01
8.280000e+00 5.384220e-02 1.847921e+01 1.347318e+01
8.282000e+00 5.385886e-02 1.848249e+01 1.347640e+01
8.284000e+00 5.387575e-02 1.848582e+01 1.347967e+01
8.286000e+00 5.389288e-02 1.848920e+01 1.348299e+01
8.288000e+00 5.391023e-02 1.849263e+01 1.348635e+01
8.290000e+00 5.392783e-02 1.849610e+01 1.348976e+01
8.292000e+00 5.394567e-02 1.849963e+01 1.349322e+01
8.294000e+00 5.396376e-02 1.850321e+01 1.349673e+01
8.296000e+00 5.398209e-02 1.850683e+01 1.350029e+01
8.298000e+00 5.400068e-02 1.851051e+01 1.350390e+01
8.300000e+00 5.401953e-02 1.851424e+01 1.350756e+01
8.302000e+00 5.403864e-02 1.851803e+01 1.351127e+01
8.304000e+00 5.405801e-02 1.852187e+01 1.351503e+01
8.306000e+00 5.407765e-02 1.852576e+01 1.351885e+01
8.308000e+00 5.409757e-02 1.852971e+01 1.352272e+01
8.310000e+00 5.411777e-02 1.853372e+01 1.352665e+01
8.312000e+00 5.413825e-02 1.853778e+01 1.353064e+01
8.314000e+00 5.415902e-02 1.854191e+01 1.353468e+01
8.316000e+00 5.418008e-02 1.854609e+01 1.353878e+01
8.318000e+00 5.420143e-02 1.855034e+01 1.354294e+01
8.320000e+00 5.422309e-02 1.855465e+01 1.354716e+01
8.322000e+00 5.424506e-02 1.855902e+01 1.355144e+01
8.324000e+00 5.426734e-02 1.856345e+01 1.355578e+01
8.326000e+00 5.428993e-02 1.856795e+01 1.356018e+01
8.328000e+00 5.431285e-02 1.857251e+01 1.356465e+01
8.330000e+00 5.433610e-02 1.857715e+01 1.356919e+01
8.332000e+00 5.435967e-02 1.858185e+01 1.357379e+01
8.334000e+00 5.438359e-02 1.858661e+01 1.357846e+01
8.336000e+00 5.440786e-02 1.859145e+01 1.358319e+01
8.338000e+00 5.443247e-02 1.859637e+01 1.358800e+01
8.340000e+00 5.445744e-02 1.860135e+01 1.359288e+01
8.342000e+00 5.448278e-02 1.860641e+01 1.359783e+01
8.344000e+00 5.450848e-02 1.861155e+01 1.360285e+01
8.346000e+00 5.453456e-02 1.861676e+01 1.360795e+01
8.348000e+00 5.456102e-02 1.862205e+01 1.361313e+01
8.350000e+00 5.458788e-02 1.862742e+01 1.361838e+01
8.352000e+00 5.461512e-02 1.863287e+01 1.362371e+01
8.354000e+00 5.464277e-02 1.863840e+01 1.362912e+01
8.356000e+00 5.467084e-02 1.864402e+01 1.363461e+01
8.358000e+00 5.469932e-02 1.864973e+01 1.364019e+01
8.360000e+00 5.472822e-02 1.865552e+01 1.364585e+01
8.362000e+00 5.475756e-02 1.866140e+01 1.365160e+01
8.364000e+00 5.478734e-02 1.866737e+01 1.365743e+01
8.366000e+00 5.481757e-02 1.867343e+01 1.366336e+01
8.368000e+00 5.484826e-02 1.867958e+01 1.366937e+01
8.370000e+00 5.487941e-02 1.868584e+01 1.367548e+01
8.372000e+00 5.491104e-02 1.869218e+01 1.368168e+01
8.374000e+00 5.494315e-02 1.869863e+01 1.368798e+01
8.376000e+00 5.497576e-02 1.870518e+01 1.369438e+01
8.378000e+00 5.500887e-02 1.871183e+01 1.370088e+01
8.380000e+00 5.504249e-02 1.871859e+01 1.370748e+01
8.382000e+00 5.507663e-02 1.872545e+01 1.371418e+01
8.384000e+00 5.511131e-02 1.873243e+01 1.372100e+01
8.386000e+00 5.514652e-02 1.873951e+01 1.372791e+01
8.388000e+00 5.518229e-02 1.874671e+01 1.373494e+01
8.390000e+00 5.521863e-02 1.875402e+01 1.374208e+01
8.392000e+00 5.525554e-02 1.876145e+01 1.374934e+01
8.394000e+00 5.529303e-02 1.876900e+01 1.375671e+01
8.396000e+00 5.533113e-02 1.877668e+01 1.376420e+01
8.398000e+00 5.536983e-02 1.878447e+01 1.377182e+01
8.400000e+00 5.540916e-02 1.879240e+01 1.377955e+01
8.402000e+00 5.544912e-02 1.880046e+01 1.378742e+01
8.404000e+00 5.548973e-02 1.880865e+01 1.379541e+01
8.406000e+00 5.553100e-02 1.881697e+01 1.380354e+01
8.408000e+00 5.557295e-02 1.882543e+01 1.381180e+01
8.410000e+00 5.561558e-02 1.883404e+01 1.382020e+01
8.412000e+00 5.565892e-02 1.884279e+01 1.382873e+01
8.414000e+00 5.570298e-02 1.885169e+01 1.383742e+01
8.416000e+00 5.574777e-02 1.886073e+01 1.384624e+01
8.418000e+00 5.579331e-02 1.886993e+01 1.385522e+01
8.420000e+00 5.583962e-02 1.887929e+01 1.386435e+01
8.422000e+00 5.588671e-02 1.888881e+01 1.387364e+01
8.424000e+00 5.593459e-02 1.889849e+01 1.388309e+01
8.426000e+00 5.598329e-02 1.890834e+01 1.389269e+01
8.428000e+00 5.603283e-02 1.891836e+01 1.390247e+01
8.430000e+00 5.608322e-02 1.892856e+01 1.391242e+01
8.432000e+00 5.613448e-02 1.893893e+01 1.392254e+01
8.434000e+00 5.618664e-02 1.894949e+01 1.393284e+01
8.436000e+00 5.623971e-02 1.896023e+01 1.394332e+01
8.438000e+00 5.629370e-02 1.897117e+01 1.395398e+01
8.440000e+00 5.634862e-02 1.898229e+01 1.396484e+01
8.442000e+00 5.640452e-02 1.899362e+01 1.397588e+01
8.444000e+00 5.646143e-02 1.900515e+01 1.398713e+01
8.446000e+00 5.651935e-02 1.901689e+01 1.399858e+01
8.448000e+00 5.657831e-02 1.902885e+01 1.401024e+01
8.450000e+00 5.663835e-02 1.904102e+01 1.402211e+01
8.452000e+00 5.669947e-02 1.905342e+01 1.403421e+01
8.454000e+00 5.676171e-02 1.906605e+01 1.404652e+01
8.456000e+00 5.682510e-02 1.907891e+01 1.405907e+01
8.458000e+00 5.688966e-02 1.909202e+01 1.407185e+01
8.460000e+00 5.695542e-02 1.910537e+01 1.408487e+01
8.462000e+00 5.702241e-02 1.911897e+01 1.409813e+01
8.464000e+00 5.709066e-02 1.913284e+01 1.411165e+01
8.466000e+00 5.716020e-02 1.914696e+01 1.412542e+01
8.468000e+00 5.723106e-02 1.916136e+01 1.413947e+01
8.470000e+00 5.730328e-02 1.917604e+01 1.415378e+01
8.472000e+00 5.737690e-02 1.919101e+01 1.416837e+01
8.474000e+00 5.745193e-02 1.920626e+01 1.418325e+01
8.476000e+00 5.752840e-02 1.922181e+01 1.419841e+01
8.478000e+00 5.760637e-02 1.923767e+01 1.421388e+01
8.480000e+00 5.768589e-02 1.925385e+01 1.422965e+01
8.482000e+00 5.776698e-02 1.927035e+01 1.424574e+01
8.484000e+00 5.784968e-02 1.928718e+01 1.426215e+01
8.486000e+00 5.793405e-02 1.930436e+01 1.427890e+01
8.488000e+00 5.802012e-02 1.932188e+01 1.429599e+01
8.490000e+00 5.810794e-02 1.933977e+01 1.431343e+01
8.492000e+00 5.819756e-02 1.935802e+01 1.433123e+01
8.494000e+00 5.828902e-02 1.937665e+01 1.434939e+01
8.496000e+00 5.838238e-02 1.939568e+01 1.436794e+01
8.498000e+00 5.847768e-02 1.941510e+01 1.438688e+01
8.500000e+00 5.857499e-02 1.943494e+01 1.440623e+01
8.502000e+00 5.867435e-02 1.945519e+01 1.442598e+01
8.504000e+00 5.877582e-02 1.947589e+01 1.444616e+01
8.506000e+00 5.887947e-02 1.949703e+01 1.446678e+01
8.508000e+00 5.898536e-02 1.951863e+01 1.448784e+01
8.510000e+00 5.909354e-02 1.954070e+01 1.450937e+01
8.512000e+00 5.920410e-02 1.956326e+01 1.453137e+01
8.514000e+00 5.931709e-02 1.958632e+01 1.455386e+01
8.516000e+00 5.943258e-02 1.960990e+01 1.457685e+01
8.518000e+00 5.955066e-02 1.963400e+01 1.460037e+01
8.520000e+00 5.967139e-02 1.965866e+01 1.462441e+01
8.522000e+00 5.979487e-02 1.968388e+01 1.464901e+01
8.524000e+00 5.992117e-02 1.970968e+01 1.467418e+01
8.526000e+00 6.005037e-02 1.973608e+01 1.469993e+01
8.528000e+00 6.018257e-02 1.976309e+01 1.472628e+01
8.530000e+00 6.031787e-02 1.979074e+01 1.475326e+01
8.532000e+00 6.045635e-02 1.981905e+01 1.478087e+01
8.534000e+00 6.059812e-02 1.984803e+01 1.480915e+01
8.536000e+00 6.074328e-02 1.987772e+01 1.483811e+01
8.538000e+00 6.089194e-02 1.990812e+01 1.486777e+01
8.540000e+00 6.104423e-02 1.993927e+01 1.489817e+01
8.542000e+00 6.120024e-02 1.997119e+01 1.492931e+01
8.544000e+00 6.136012e-02 2.000390e+01 1.496123e+01
8.546000e+00 6.152398e-02 2.003743e+01 1.499396e+01
8.548000e+00 6.169196e-02 2.007181e+01 1.502751e+01
8.550000e+00 6.186420e-02 2.010706e+01 1.506192e+01
8.552000e+00 6.204085e-02 2.014323e+01 1.509722e+01
8.554000e+00 6.222205e-02 2.018033e+01 1.513344e+01
8.556000e+00 6.240797e-02 2.021840e+01 1.517060e+01
8.558000e+00 6.259878e-02 2.025748e+01 1.520875e+01
8.560000e+00 6.279464e-02 2.029760e+01 1.524793e+01
8.562000e+00 6.299573e-02 2.033880e+01 1.528815e+01
8.564000e+00 6.320226e-02 2.038111e+01 1.532947e+01
8.566000e+00 6.341441e-02 2.042459e+01 1.537193e+01
8.568000e+00 6.363239e-02 2.046926e+01 1.541556e+01
8.570000e+00 6.385643e-02 2.051518e+01 1.546041e+01
8.572000e+00 6.408675e-02 2.056239e+01 1.550653e+01
8.574000e+00 6.432358e-02 2.061095e+01 1.555396e+01
8.576000e+00 6.456718e-02 2.066089e+01 1.560276e+01
8.578000e+00 6.481782e-02 2.071229e+01 1.565297e+01
8.580000e+00 6.507576e-02 2.076519e+01 1.570466e+01
8.582000e+00 6.534130e-02 2.081965e+01 1.575789e+01
8.584000e+00 6.561475e-02 2.087574e+01 1.581271e+01
8.586000e+00 6.589642e-02 2.093352e+01 1.586919e+01
8.588000e+00 6.618665e-02 2.099306e+01 1.592740e+01
8.590000e+00 6.648580e-02 2.105444e+01 1.598741e+01
8.592000e+00 6.679425e-02 2.111773e+01 1.604929e+01
8.594000e+00 6.711238e-02 2.118301e+01 1.611313e+01
8.596000e+00 6.744061e-02 2.125036e+01 1.617902e+01
8.598000e+00 6.777938e-02 2.131989e+01 1.624702e+01
8.600000e+00 6.812915e-02 2.139168e+01 1.631726e+01
8.602000e+00 6.849043e-02 2.146583e+01 1.638981e+01
8.604000e+00 6.886371e-02 2.154245e+01 1.646479e+01
8.606000e+00 6.924955e-02 2.162165e+01 1.654231e+01
8.608000e+00 6.964854e-02 2.170355e+01 1.662248e+01
8.610000e+00 7.006128e-02 2.178828e+01 1.670543e+01
8.612000e+00 7.048843e-02 2.187597e+01 1.679129e+01
8.614000e+00 7.093068e-02 2.196676e+01 1.688020e+01
8.616000e+00 7.138876e-02 2.206079e+01 1.697231e+01
8.618000e+00 7.186346e-02 2.215824e+01 1.706777e+01
8.620000e+00 7.235561e-02 2.225927e+01 1.716676e+01
8.622000e+00 7.286608e-02 2.236406e+01 1.726946e+01
8.624000e+00 7.339583e-02 2.247280e+01 1.737604e+01
8.626000e+00 7.394586e-02 2.258570e+01 1.748672e+01
8.628000e+00 7.451724e-02 2.270298e+01 1.760172e+01
8.630000e+00 7.511112e-02 2.282486e+01 1.772125e+01
8.632000e+00 7.572872e-02 2.295161e+01 1.784558e+01
8.634000e+00 7.637136e-02 2.308348e+01 1.797496e+01
8.636000e+00 7.704045e-02 2.322076e+01 1.810969e+01
8.638000e+00 7.773749e-02 2.336376e+01 1.825005e+01
8.640000e+00 7.846411e-02 2.351281e+01 1.839639e+01
8.642000e+00 7.922205e-02 2.366827e+01 1.854904e+01
8.644000e+00 8.001318e-02 2.383050e+01 1.870839e+01
8.646000e+00 8.083953e-02 2.399993e+01 1.887485e+01
8.648000e+00 8.170329e-02 2.417699e+01 1.904885e+01
8.650000e+00 8.260680e-02 2.436216e+01 1.923086e+01
8.652000e+00 8.355263e-02 2.455596e+01 1.942141e+01
8.654000e+00 8.454353e-02 2.475894e+01 1.962104e+01
8.656000e+00 8.558251e-02 2.497171e+01 1.983035e+01
8.658000e+00 8.667283e-02 2.519493e+01 2.005000e+01
8.660000e+00 8.781803e-02 2.542932e+01 2.028071e+01
8.662000e+00 8.902200e-02 2.567564e+01 2.052324e+01
8.664000e+00 9.028896e-02 2.593477e+01 2.077844e+01
8.666000e+00 9.162354e-02 2.620761e+01 2.104724e+01
8.668000e+00 9.303084e-02 2.649521e+01 2.133066e+01
8.670000e+00 9.451645e-02 2.679868e+01 2.162983e+01
8.672000e+00 9.608659e-02 2.711928e+01 2.194597e+01
8.674000e+00 9.774811e-02 2.745837e+01 2.228046e+01
8.676000e+00 9.950866e-02 2.781750e+01 2.263484e+01
8.678000e+00 1.013768e-01 2.819838e+01 2.301081e+01
8.680000e+00 1.033622e-01 2.860295e+01 2.341032e+01
8.682000e+00 1.054757e-01 2.903341e+01 2.383554e+01
8.684000e+00 1.077300e-01 2.949228e+01 2.428898e+01
8.686000e+00 1.101392e-01 2.998243e+01 2.477352e+01
8.688000e+00 1.127202e-01 3.050725e+01 2.529253e+01
8.690000e+00 1.154926e-01 3.107069e+01 2.584995e+01
8.692000e+00 1.184796e-01 3.167745e+01 2.645046e+01
8.694000e+00 1.217092e-01 3.233318e+01 2.709969e+01
8.696000e+00 1.252151e-01 3.304471e+01 2.780447e+01
8.698000e+00 1.290389e-01 3.382044e+01 2.857315e+01
8.700000e+00 1.332317e-01 3.467079e+01 2.941614e+01
8.702000e+00 1.378579e-01 3.560885e+01 3.034647e+01
8.704000e+00 1.429994e-01 3.665133e+01 3.138084e+01
8.706000e+00 1.487625e-01 3.782002e+01 3.254095e+01
8.708000e+00 1.552888e-01 3.914412e+01 3.385595e+01
8.710000e+00 1.627745e-01 4.066443e+01 3.536653e+01
8.712000e+00 1.715091e-01 4.244164e+01 3.713325e+01
8.714000e+00 1.819673e-01 4.457560e+01 3.925571e+01
8.716000e+00 1.951336e-01 4.726747e+01 4.193455e+01
8.718000e+00 2.189399e-01 5.193972e+01 4.658735e+01
8.720000e+00 2.035470e-01 4.897322e+01 4.363284e+01
8.722000e+00 1.879707e-01 4.580293e+01 4.047706e+01
8.724000e+00 1.763735e-01 4.343296e+01 3.811933e+01
8.726000e+00 1.668722e-01 4.149716e+01 3.619456e+01
8.728000e+00 1.588195e-01 3.986028e+01 3.456785e+01
8.730000e+00 1.518528e-01 3.844610e+01 3.316315e+01
8.732000e+00 1.457371e-01 3.720553e+01 3.193148e+01
8.734000e+00 1.403071e-01 3.610439e+01 3.083877e+01
8.736000e+00 1.354413e-01 3.511767e+01 2.986004e+01
8.738000e+00 1.310468e-01 3.422641e+01 2.897639e+01
8.740000e+00 1.270516e-01 3.341592e+01 2.817318e+01
8.742000e+00 1.233987e-01 3.267460e+01 2.743883e+01
8.744000e+00 1.200422e-01 3.199320e+01 2.676413e+01
8.746000e+00 1.169455e-01 3.136427e+01 2.614163e+01
8.748000e+00 1.140785e-01 3.078177e+01 2.556533e+01
8.750000e+00 1.114171e-01 3.024088e+01 2.503041e+01
8.752000e+00 1.089431e-01 2.973798e+01 2.453326e+01
8.754000e+00 1.066154e-01 2.926422e+01 2.406509e+01
8.756000e+00 1.044123e-01 2.881509e+01 2.362142e+01
8.758000e+00 1.023504e-01 2.839461e+01 2.320622e+01
8.760000e+00 1.004144e-01 2.799968e+01 2.281639e+01
8.762000e+00 9.859285e-02 2.762793e+01 2.244957e+01
8.764000e+00 9.687581e-02 2.727735e+01 2.210377e+01
8.766000e+00 9.525484e-02 2.694624e+01 2.177728e+01
8.768000e+00 9.372243e-02 2.663307e+01 2.146860e+01
8.770000e+00 9.227189e-02 2.633650e+01 2.117637e+01
8.772000e+00 9.089720e-02 2.605531e+01 2.089940e+01
8.774000e+00 8.959296e-02 2.578843e+01 2.063659e+01
8.776000e+00 8.835423e-02 2.553485e+01 2.038697e+01
8.778000e+00 8.717654e-02 2.529368e+01 2.014963e+01
8.780000e+00 8.605582e-02 2.506409e+01 1.992376e+01
8.782000e+00 8.498832e-02 2.484532e+01 1.970861e+01
8.784000e+00 8.397062e-02 2.463670e+01 1.950349e+01
8.786000e+00 8.299958e-02 2.443759e+01 1.930778e+01
8.788000e+00 8.207230e-02 2.424739e+01 1.912088e+01
8.790000e+00 8.118612e-02 2.406558e+01 1.894227e+01
8.792000e+00 8.033857e-02 2.389164e+01 1.877145e+01
8.794000e+00 7.952738e-02 2.372514e+01 1.860797e+01
8.796000e+00 7.875044e-02 2.356562e+01 1.845139e+01
8.798000e+00 7.800580e-02 2.341271e+01 1.830133e+01
8.800000e+00 7.729164e-02 2.326603e+01 1.815742e+01
8.802000e+00 7.660628e-02 2.312524e+01 1.801933e+01
8.804000e+00 7.594815e-02 2.299003e+01 1.788673e+01
8.806000e+00 7.531579e-02 2.286009e+01 1.775934e+01
8.808000e+00 7.470784e-02 2.273515e+01 1.763687e+01
8.810000e+00 7.412304e-02 2.261494e+01 1.751908e+01
8.812000e+00 7.356018e-02 2.249924e+01 1.740573e+01
8.814000e+00 7.301816e-02 2.238781e+01 1.729658e+01
8.816000e+00 7.249595e-02 2.228044e+01 1.719143e+01
8.818000e+00 7.199257e-02 2.217693e+01 1.709008e+01
8.820000e+00 7.150710e-02 2.207710e+01 1.699236e+01
8.822000e+00 7.103868e-02 2.198077e+01 1.689808e+01
8.824000e+00 7.058652e-02 2.188777e+01 1.680708e+01
8.826000e+00 7.014985e-02 2.179796e+01 1.671921e+01
8.828000e+00 6.972797e-02 2.171118e+01 1.663433e+01
8.830000e+00 6.932019e-02 2.162730e+01 1.655230e+01
8.832000e+00 6.892590e-02 2.154619e+01 1.647299e+01
8.834000e+00 6.854448e-02 2.146773e+01 1.639628e+01
8.836000e+00 6.817538e-02 2.139180e+01 1.632207e+01
8.838000e+00 6.781807e-02 2.131829e+01 1.625023e+01
8.840000e+00 6.747205e-02 2.124710e+01 1.618067e+01
8.842000e+00 6.713684e-02 2.117814e+01 1.611330e+01
8.844000e+00 6.681199e-02 2.111131e+01 1.604802e+01
8.846000e+00 6.649707e-02 2.104652e+01 1.598474e+01
8.848000e+00 6.619170e-02 2.098369e+01 1.592340e+01
8.850000e+00 6.589547e-02 2.092275e+01 1.586390e+01
8.852000e+00 6.560804e-02 2.086362e+01 1.580617e+01
8.854000e+00 6.532905e-02 2.080622e+01 1.575015e+01
8.856000e+00 6.505819e-02 2.075050e+01 1.569578e+01
8.858000e+00 6.479515e-02 2.069639e+01 1.564298e+01
8.860000e+00 6.453964e-02 2.064383e+01 1.559170e+01
8.862000e+00 6.429137e-02 2.059276e+01 1.554189e+01
8.864000e+00 6.405010e-02 2.054313e+01 1.549348e+01
8.866000e+00 6.381556e-02 2.049489e+01 1.544644e+01
8.868000e+00 6.358754e-02 2.044799e+01 1.540071e+01
8.870000e+00 6.336580e-02 2.040239e+01 1.535626e+01
8.872000e+00 6.315014e-02 2.035805e+01 1.531303e+01
8.874000e+00 6.294037e-02 2.031492e+01 1.527099e+01
8.876000e+00 6.273631e-02 2.027297e+01 1.523011e+01
8.878000e+00 6.253780e-02 2.023217e+01 1.519035e+01
8.880000e+00 6.234469e-02 2.019248e+01 1.515169e+01
8.882000e+00 6.215686e-02 2.015389e+01 1.511410e+01
8.884000e+00 6.197420e-02 2.011638e+01 1.507756e+01
8.886000e+00 6.179665e-02 2.007994e+01 1.504207e+01
8.888000e+00 6.162418e-02 2.004457e+01 1.500762e+01
8.890000e+00 6.145687e-02 2.001029e+01 1.497425e+01
8.892000e+00 6.129496e-02 1.997718e+01 1.494201e+01
8.894000e+00 6.113981e-02 1.994555e+01 1.491123e+01
8.896000e+00 6.098127e-02 1.991299e+01 1.487953e+01
8.898000e+00 6.081495e-02 1.987848e+01 1.484594e+01
8.900000e+00 6.065564e-02 1.984551e+01 1.481385e+01
8.902000e+00 6.050119e-02 1.981360e+01 1.478280e+01
8.904000e+00 6.035104e-02 1.978261e+01 1.475264e+01
8.906000e+00 6.020486e-02 1.975246e+01 1.472331e+01
8.908000e+00 6.006239e-02 1.972309e+01 1.469474e+01
8.910000e+00 5.992345e-02 1.969445e+01 1.466689e+01
8.912000e+00 5.978787e-02 1.966652e+01 1.463973e+01
8.914000e+00 5.965550e-02 1.963926e+01 1.461321e+01
8.916000e+00 5.952621e-02 1.961263e+01 1.458733e+01
8.918000e+00 5.939989e-02 1.958663e+01 1.456204e+01
8.920000e+00 5.927643e-02 1.956121e+01 1.453733e+01
8.922000e+00 5.915573e-02 1.953636e+01 1.451318e+01
8.924000e+00 5.903770e-02 1.951207e+01 1.448957e+01
8.926000e+00 5.892225e-02 1.948831e+01 1.446648e+01
8.928000e+00 5.880930e-02 1.946506e+01 1.444389e+01
8.930000e+00 5.869877e-02 1.944232e+01 1.442179e+01
8.932000e+00 5.859059e-02 1.942006e+01 1.440016e+01
8.934000e+00 5.848468e-02 1.939826e+01 1.437899e+01
8.936000e+00 5.838099e-02 1.937693e+01 1.435826e+01
8.938000e+00 5.827944e-02 1.935603e+01 1.433797e+01
8.940000e+00 5.817997e-02 1.933557e+01 1.431809e+01
8.942000e+00 5.808253e-02 1.931552e+01 1.429863e+01
8.944000e+00 5.798706e-02 1.929588e+01 1.427955e+01
8.946000e+00 5.789350e-02 1.927663e+01 1.426087e+01
8.948000e+00 5.780180e-02 1.925776e+01 1.424255e+01
8.950000e+00 5.771191e-02 1.923927e+01 1.422460e+01
8.952000e+00 5.762379e-02 1.922114e+01 1.420700e+01
8.954000e+00 5.753738e-02 1.920336e+01 1.418975e+01
8.956000e+00 5.745263e-02 1.918593e+01 1.417283e+01
8.958000e+00 5.736952e-02 1.916883e+01 1.415624e+01
8.960000e+00 5.728798e-02 1.915205e+01 1.413996e+01
8.962000e+00 5.720799e-02 1.913560e+01 1.412400e+01
8.964000e+00 5.712950e-02 1.911945e+01 1.410833e+01
8.966000e+00 5.705248e-02 1.910360e+01 1.409296e+01
8.968000e+00 5.697688e-02 1.908805e+01 1.407788e+01
8.970000e+00 5.690268e-02 1.907278e+01 1.406307e+01
8.972000e+00 5.682983e-02 1.905779e+01 1.404854e+01
8.974000e+00 5.675831e-02 1.904307e+01 1.403427e+01
8.976000e+00 5.668808e-02 1.902862e+01 1.402026e+01
8.978000e+00 5.661911e-02 1.901443e+01 1.400650e+01
8.980000e+00 5.655137e-02 1.900049e+01 1.399299e+01
8.982000e+00 5.648483e-02 1.898680e+01 1.397971e+01
8.984000e+00 5.641946e-02 1.897335e+01 1.396668e+01
8.986000e+00 5.635524e-02 1.896013e+01 1.395387e+01
8.988000e+00 5.629214e-02 1.894714e+01 1.394128e+01
8.990000e+00 5.623012e-02 1.893438e+01 1.392892e+01
8.992000e+00 5.616917e-02 1.892183e+01 1.391676e+01
8.994000e+00 5.610927e-02 1.890950e+01 1.390482e+01
8.996000e+00 5.605038e-02 1.889738e+01 1.389308e+01
8.998000e+00 5.599249e-02 1.888547e+01 1.388154e+01
9.000000e+00 5.593557e-02 1.887375e+01 1.387019e+01
9.002000e+00 5.587960e-02 1.886223e+01 1.385903e+01
9.004000e+00 5.582456e-02 1.885089e+01 1.384806e+01
9.006000e+00 5.577043e-02 1.883975e+01 1.383727e+01
9.008000e+00 5.571719e-02 1.882879e+01 1.382665e+01
9.010000e+00 5.566482e-02 1.881800e+01 1.381621e+01
9.012000e+00 5.561330e-02 1.880739e+01 1.380595e+01
9.014000e+00 5.556261e-02 1.879695e+01 1.379584e+01
9.016000e+00 5.551274e-02 1.878668e+01 1.378590e+01
9.018000e+00 5.546366e-02 1.877657e+01 1.377612e+01
9.020000e+00 5.541537e-02 1.876662e+01 1.376649e+01
9.022000e+00 5.536784e-02 1.875683e+01 1.375702e+01
9.024000e+00 5.532106e-02 1.874719e+01 1.374770e+01
9.026000e+00 5.527501e-02 1.873770e+01 1.373852e+01
9.028000e+00 5.522968e-02 1.872836e+01 1.372949e+01
9.030000e+00 5.518505e-02 1.871917e+01 1.372059e+01
9.032000e+00 5.514111e-02 1.871011e+01 1.371183e+01
9.034000e+00 5.509784e-02 1.870119e+01 1.370321e+01
9.036000e+00 5.505524e-02 1.869241e+01 1.369472e+01
9.038000e+00 5.501328e-02 1.868376e+01 1.368636e+01
9.040000e+00 5.497196e-02 1.867524e+01 1.367812e+01
9.042000e+00 5.493126e-02 1.866685e+01 1.367001e+01
9.044000e+00 5.489117e-02 1.865858e+01 1.366202e+01
9.046000e+00 5.485167e-02 1.865044e+01 1.365415e+01
9.048000e+00 5.481277e-02 1.864241e+01 1.364640e+01
9.050000e+00 5.477444e-02 1.863451e+01 1.363876e+01
9.052000e+00 5.473667e-02 1.862672e+01 1.363123e+01
9.054000e+00 5.469946e-02 1.861904e+01 1.362382e+01
9.056000e+00 5.466278e-02 1.861147e+01 1.361651e+01
9.058000e+00 5.462665e-02 1.860401e+01 1.360930e+01
9.060000e+00 5.459103e-02 1.859666e+01 1.360220e+01
9.062000e+00 5.455592e-02 1.858942e+01 1.359521e+01
9.064000e+00 5.452132e-02 1.858227e+01 1.358831e+01
9.066000e+00 5.448722e-02 1.857523e+01 1.358151e+01
9.068000e+00 5.445359e-02 1.856829e+01 1.357481e+01
9.070000e+00 5.442044e-02 1.856144e+01 1.356820e+01
9.072000e+00 5.438776e-02 1.855469e+01 1.356169e+01
9.074000e+00 5.435554e-02 1.854803e+01 1.355527e+01
9.076000e+00 5.432377e-02 1.854147e+01 1.354893e+01
9.078000e+00 5.429244e-02 1.853500e+01 1.354269e+01
9.080000e+00 5.426155e-02 1.852861e+01 1.353653e+01
9.082000e+00 5.423108e-02 1.852231e+01 1.353045e+01
9.084000e+00 5.420103e-02 1.851610e+01 1.352446e+01
9.086000e+00 5.417139e-02 1.850997e+01 1.351855e+01
9.088000e+00 5.414216e-02 1.850393e+01 1.351272e+01
9.090000e+00 5.411333e-02 1.849796e+01 1.350697e+01
9.092000e+00 5.408488e-02 1.849208e+01 1.350130e+01
9.094000e+00 5.405682e-02 1.848628e+01 1.349570e+01
9.096000e+00 5.402914e-02 1.848055e+01 1.349018e+01
9.098000e+00 5.400183e-02 1.847490e+01 1.348473e+01
9.100000e+00 5.397488e-02 1.846932e+01 1.347936e+01
9.102000e+00 5.394830e-02 1.846381e+01 1.347406e+01
9.104000e+00 5.392206e-02 1.845838e+01 1.346882e+01
9.106000e+00 5.389618e-02 1.845302e+01 1.346366e+01
9.108000e+00 5.387063e-02 1.844773e+01 1.345856e+01
9.110000e+00 5.384542e-02 1.844250e+01 1.345353e+01
9.112000e+00 5.382054e-02 1.843735e+01 1.344857e+01
9.114000e+00 5.379599e-02 1.843226e+01 1.344367e+01
9.116000e+00 5.377175e-02 1.842724e+01 1.343883e+01
9.118000e+00 5.374783e-02 1.842228e+01 1.343405e+01
9.120000e+00 5.372422e-02 1.841738e+01 1.342934e+01
9.122000e+00 5.370091e-02 1.841255e+01 1.342469e+01
9.124000e+00 5.367791e-02 1.840777e+01 1.342010e+01
9.126000e+00 5.365520e-02 1.840306e+01 1.341556e+01
9.128000e+00 5.363278e-02 1.839841e+01 1.341109e+01
9.130000e+00 5.361064e-02 1.839381e+01 1.340667e+01
9.132000e+00 5.358879e-02 1.838928e+01 1.340230e+01
9.134000e+00 5.356722e-02 1.838479e+01 1.339799e+01
9.136000e+00 5.354591e-02 1.838037e+01 1.339374e+01
9.138000e+00 5.352488e-02 1.837600e+01 1.338954e+01
9.140000e+00 5.350412e-02 1.837168e+01 1.338539e+01
9.142000e+00 5.348361e-02 1.836742e+01 1.338129e+01
9.144000e+00 5.346336e-02 1.836321e+01 1.337724e+01
9.146000e+00 5.344337e-02 1.835905e+01 1.337325e+01
9.148000e+00 5.342362e-02 1.835495e+01 1.336930e+01
9.150000e+00 5.340412e-02 1.835089e+01 1.336540e+01
9.152000e+00 5.338487e-02 1.834688e+01 1.336155e+01
9.154000e+00 5.336585e-02 1.834292e+01 1.335775e+01
9.156000e+00 5.334707e-02 1.833901e+01 1.335400e+01
9.158000e+00 5.332852e-02 1.833515e+01 1.335029e+01
9.160000e+00 5.331020e-02 1.833133e+01 1.334662e+01
9.162000e+00 5.329211e-02 1.832756e+01 1.334300e+01
9.164000e+00 5.327423e-02 1.832384e+01 1.333943e+01
9.166000e+00 5.325658e-02 1.832015e+01 1.333590e+01
9.168000e+00 5.323915e-02 1.831652e+01 1.333241e+01
9.170000e+00 5.322193e-02 1.831293e+01 1.332896e+01
9.172000e+00 5.320492e-02 1.830938e+01 1.332556e+01
9.174000e+00 5.318812e-02 1.830587e+01 1.332219e+01
9.176000e+00 5.317152e-02 1.830240e+01 1.331887e+01
9.178000e+00 5.315513e-02 1.829898e+01 1.331559e+01
9.180000e+00 5.313894e-02 1.829560e+01 1.331234e+01
9.182000e+00 5.312294e-02 1.829226e+01 1.330914e+01
9.184000e+00 5.310714e-02 1.828895e+01 1.330597e+01
9.186000e+00 5.309154e-02 1.828569e+01 1.330285e+01
9.188000e+00 5.307612e-02 1.828246e+01 1.329976e+01
9.190000e+00 5.306089e-02 1.827928e+01 1.329670e+01
9.192000e+00 5.304584e-02 1.827613e+01 1.329369e+01
9.194000e+00 5.303098e-02 1.827302e+01 1.329071e+01
9.196000e+00 5.301630e-02 1.826994e+01 1.328776e+01
9.198000e+00 5.300180e-02 1.826690e+01 1.328485e+01
9.200000e+00 5.298747e-02 1.826390e+01 1.328198e+01
9.202000e+00 5.297332e-02 1.826093e+01 1.327914e+01
9.204000e+00 5.295934e-02 1.825800e+01 1.327634e+01
9.206000e+00 5.294553e-02 1.825510e+01 1.327356e+01
9.208000e+00 5.293189e-02 1.825224e+01 1.327083e+01
9.210000e+00 5.291842e-02 1.824941e+01 1.326812e+01
9.212000e+00 5.290511e-02 1.824661e+01 1.326545e+01
9.214000e+00 5.289196e-02 1.824385e+01 1.326281e+01
9.216000e+00 5.287898e-02 1.824112e+01 1.326020e+01
9.218000e+00 5.286615e-02 1.823842e+01 1.325762e+01
9.220000e+00 5.285348e-02 1.823576e+01 1.325507e+01
9.222000e+00 5.284097e-02 1.823313e+01 1.325256e+01
9.224000e+00 5.282861e-02 1.823052e+01 1.325007e+01
9.226000e+00 5.281640e-02 1.822795e+01 1.324762e+01
9.228000e+00 5.280435e-02 1.822541e+01 1.324519e+01
9.230000e+00 5.279244e-02 1.822290e+01 1.324280e+01
9.232000e+00 5.278068e-02 1.822042e+01 1.324043e+01
9.234000e+00 5.276907e-02 1.821797e+01 1.323809e+01
9.236000e+00 5.275761e-02 1.821555e+01 1.323578e+01
9.238000e+00 5.274628e-02 1.821316e+01 1.323350e+01
9.240000e+00 5.273510e-02 1.821080e+01 1.323125e+01
9.242000e+00 5.272407e-02 1.820847e+01 1.322903e+01
9.244000e+00 5.271317e-02 1.820616e+01 1.322683e+01
9.246000e+00 5.270241e-02 1.820389e+01 1.322466e+01
9.248000e+00 5.269178e-02 1.820164e+01 1.322252e+01
9.250000e+00 5.268130e-02 1.819942e+01 1.322041e+01
9.252000e+00 5.267095e-02 1.819722e+01 1.321832e+01
9.254000e+00 5.266073e-02 1.819506e+01 1.321625e+01
9.256000e+00 5.265064e-02 1.819292e+01 1.321422e+01
9.258000e+00 5.264069e-02 1.819081e+01 1.321221e+01
9.260000e+00 5.263087e-02 1.818872e+01 1.321023e+01
9.262000e+00 5.262118e-02 1.818666e+01 1.320827e+01
9.264000e+00 5.261162e-02 1.818463e+01 1.320634e+01
9.266000e+00 5.260218e-02 1.818262e+01 1.320443e+01
9.268000e+00 5.259287e-02 1.818064e+01 1.320255e+01
9.270000e+00 5.258369e-02 1.817869e+01 1.320069e+01
9.272000e+00 5.257464e-02 1.817676e+01 1.319886e+01
9.274000e+00 5.256571e-02 1.817486e+01 1.319705e+01
9.276000e+00 5.255690e-02 1.817298e+01 1.319527e+01
9.278000e+00 5.254822e-02 1.817112e+01 1.319351e+01
9.280000e+00 5.253966e-02 1.816930e+01 1.319178e+01
9.282000e+00 5.253123e-02 1.816749e+01 1.319007e+01
9.284000e+00 5.252291e-02 1.816572e+01 1.318838e+01
9.286000e+00 5.251472e-02 1.816396e+01 1.318672e+01
9.288000e+00 5.250664e-02 1.816223e+01 1.318508e+01
9.290000e+00 5.249869e-02 1.816053e+01 1.318347e+01
9.292000e+00 5.249086e-02 1.815885e+01 1.318188e+01
9.294000e+00 5.248314e-02 1.815720e+01 1.318031e+01
9.296000e+00 5.247555e-02 1.815557e+01 1.317877e+01
9.298000e+00 5.246807e-02 1.815396e+01 1.317725e+01
9.300000e+00 5.246071e-02 1.815238e+01 1.317575e+01
9.302000e+00 5.245348e-02 1.815082e+01 1.317428e+01
9.304000e+00 5.244635e-02 1.814929e+01 1.317283e+01
9.306000e+00 5.243935e-02 1.814778e+01 1.317141e+01
9.308000e+00 5.243247e-02 1.814629e+01 1.317001e+01
9.310000e+00 5.242570e-02 1.814483e+01 1.316863e+01
9.312000e+00 5.241905e-02 1.814339e+01 1.316727e+01
9.314000e+00 5.241252e-02 1.814198e+01 1.316594e+01
9.316000e+00 5.240611e-02 1.814059e+01 1.316463e+01
9.318000e+00 5.239981e-02 1.813923e+01 1.316335e+01
9.320000e+00 5.239364e-02 1.813789e+01 1.316209e+01
9.322000e+00 5.238758e-02 1.813657e+01 1.316085e+01
9.324000e+00 5.238164e-02 1.813528e+01 1.315964e+01
9.326000e+00 5.237582e-02 1.813402e+01 1.315845e+01
9.328000e+00 5.237012e-02 1.813278e+01 1.315729e+01
9.330000e+00 5.236455e-02 1.813156e+01 1.315615e+01
9.332000e+00 5.235909e-02 1.813037e+01 1.315503e+01
9.334000e+00 5.235376e-02 1.812920e+01 1.315394e+01
9.336000e+00 5.234855e-02 1.812806e+01 1.315287e+01
9.338000e+00 5.234346e-02 1.812695e+01 1.315183e+01
9.340000e+00 5.233850e-02 1.812586e+01 1.315081e+01
9.342000e+00 5.233366e-02 1.812480e+01 1.314982e+01
9.344000e+00 5.232895e-02 1.812376e+01 1.314886e+01
9.346000e+00 5.232437e-02 1.812275e+01 1.314792e+01
9.348000e+00 5.231992e-02 1.812177e+01 1.314700e+01
9.350000e+00 5.231560e-02 1.812082e+01 1.314612e+01
9.352000e+00 5.231142e-02 1.811989e+01 1.314525e+01
9.354000e+00 5.230737e-02 1.811899e+01 1.314442e+01
9.356000e+00 5.230345e-02 1.811812e+01 1.314362e+01
9.358000e+00 5.229968e-02 1.811728e+01 1.314284e+01
9.360000e+00 5.229604e-02 1.811647e+01 1.314209e+01
9.362000e+00 5.229255e-02 1.811569e+01 1.314137e+01
9.364000e+00 5.228921e-02 1.811494e+01 1.314069e+01
9.366000e+00 5.228601e-02 1.811422e+01 1.314003e+01
9.368000e+00 5.228297e-02 1.811354e+01 1.313940e+01
9.370000e+00 5.228008e-02 1.811288e+01 1.313881e+01
9.372000e+00 5.227736e-02 1.811226e+01 1.313824e+01
9.374000e+00 5.227479e-02 1.811168e+01 1.313771e+01
9.376000e+00 5.227239e-02 1.811113e+01 1.313722e+01
9.378000e+00 5.227017e-02 1.811062e+01 1.313676e+01
9.380000e+00 5.226812e-02 1.811014e+01 1.313634e+01
9.382000e+00 5.226625e-02 1.810970e+01 1.313595e+01
9.384000e+00 5.226457e-02 1.810931e+01 1.313561e+01
9.386000e+00 5.226308e-02 1.810895e+01 1.313530e+01
9.388000e+00 5.226179e-02 1.810864e+01 1.313504e+01
9.390000e+00 5.226071e-02 1.810838e+01 1.313482e+01
9.392000e+00 5.225985e-02 1.810816e+01 1.313465e+01
9.394000e+00 5.225921e-02 1.810799e+01 1.313452e+01
9.396000e+00 5.225880e-02 1.810787e+01 1.313444e+01
9.398000e+00 5.225864e-02 1.810780e+01 1.313441e+01
9.400000e+00 5.225873e-02 1.810779e+01 1.313444e+01
9.402000e+00 5.225909e-02 1.810783e+01 1.313452e+01
9.404000e+00 5.225972e-02 1.810794e+01 1.313466e+01
9.406000e+00 5.226065e-02 1.810811e+01 1.313487e+01
9.408000e+00 5.226189e-02 1.810835e+01 1.313514e+01
9.410000e+00 5.226346e-02 1.810866e+01 1.313548e+01
9.412000e+00 5.226538e-02 1.810905e+01 1.313590e+01
9.414000e+00 5.226766e-02 1.810953e+01 1.313639e+01
9.416000e+00 5.227034e-02 1.811009e+01 1.313698e+01
9.418000e+00 5.227344e-02 1.811074e+01 1.313765e+01
9.420000e+00 5.227700e-02 1.811150e+01 1.313842e+01
9.422000e+00 5.228104e-02 1.811236e+01 1.313930e+01
9.424000e+00 5.228561e-02 1.811335e+01 1.314029e+01
9.426000e+00 5.229076e-02 1.811446e+01 1.314141e+01
9.428000e+00 5.229654e-02 1.811572e+01 1.314267e+01
9.430000e+00 5.230301e-02 1.811714e+01 1.314409e+01
9.432000e+00 5.231026e-02 1.811874e+01 1.314568e+01
9.434000e+00 5.231839e-02 1.812054e+01 1.314746e+01
9.436000e+00 5.232750e-02 1.812257e+01 1.314946e+01
9.438000e+00 5.233775e-02 1.812487e+01 1.315173e+01
9.440000e+00 5.234932e-02 1.812747e+01 1.315429e+01
9.442000e+00 5.236247e-02 1.813045e+01 1.315722e+01
9.444000e+00 5.237751e-02 1.813388e+01 1.316058e+01
9.446000e+00 5.239491e-02 1.813787e+01 1.316448e+01
9.448000e+00 5.241527e-02 1.814257e+01 1.316908e+01
9.450000e+00 5.243954e-02 1.814822e+01 1.317460e+01
9.452000e+00 5.246914e-02 1.815517e+01 1.318137e+01
9.454000e+00 5.250652e-02 1.816403e+01 1.319000e+01
9.456000e+00 5.255625e-02 1.817594e+01 1.320160e+01
9.458000e+00 5.262879e-02 1.819351e+01 1.321867e+01
9.460000e+00 5.275926e-02 1.822519e+01 1.324943e+01
9.462000e+00 5.328812e-02 1.834498e+01 1.336567e+01
9.464000e+00 5.274940e-02 1.822308e+01 1.324746e+01
9.466000e+00 5.260796e-02 1.818901e+01 1.321446e+01
9.468000e+00 5.252430e-02 1.816903e+01 1.319512e+01
9.470000e+00 5.246342e-02 1.815468e+01 1.318125e+01
9.472000e+00 5.241489e-02 1.814340e+01 1.317034e+01
9.474000e+00 5.237412e-02 1.813402e+01 1.316129e+01
9.476000e+00 5.233868e-02 1.812594e+01 1.315350e+01
9.478000e+00 5.230713e-02 1.811881e+01 1.314662e+01
9.480000e+00 5.227855e-02 1.811239e+01 1.314044e+01
9.482000e+00 5.225232e-02 1.810653e+01 1.313479e+01
9.484000e+00 5.222797e-02 1.810112e+01 1.312959e+01
9.486000e+00 5.220519e-02 1.809608e+01 1.312474e+01
9.488000e+00 5.218372e-02 1.809135e+01 1.312019e+01
9.490000e+00 5.216339e-02 1.808688e+01 1.311590e+01
9.492000e+00 5.214403e-02 1.808264e+01 1.311182e+01
9.494000e+00 5.212553e-02 1.807860e+01 1.310795e+01
9.496000e+00 5.210780e-02 1.807473e+01 1.310424e+01
9.498000e+00 5.209076e-02 1.807103e+01 1.310068e+01
9.500000e+00 5.207433e-02 1.806746e+01 1.309727e+01
9.502000e+00 5.205847e-02 1.806402e+01 1.309397e+01
9.504000e+00 5.204313e-02 1.806070e+01 1.309079e+01
9.506000e+00 5.202826e-02 1.805749e+01 1.308772e+01
9.508000e+00 5.201383e-02 1.805438e+01 1.308474e+01
9.510000e+00 5.199981e-02 1.805136e+01 1.308185e+01
9.512000e+00 5.198617e-02 1.804842e+01 1.307904e+01
9.514000e+00 5.197288e-02 1.804556e+01 1.307630e+01
9.516000e+00 5.195993e-02 1.804278e+01 1.307364e+01
9.518000e+00 5.194728e-02 1.804006e+01 1.307105e+01
9.520000e+00 5.193493e-02 1.803741e+01 1.306852e+01
9.522000e+00 5.192286e-02 1.803482e+01 1.306605e+01
9.524000e+00 5.191105e-02 1.803229e+01 1.306364e+01
9.526000e+00 5.189948e-02 1.802981e+01 1.306127e+01
9.528000e+00 5.188815e-02 1.802739e+01 1.305896e+01
9.530000e+00 5.187705e-02 1.802501e+01 1.305670e+01
9.532000e+00 5.186615e-02 1.802268e+01 1.305448e+01
9.534000e+00 5.185546e-02 1.802040e+01 1.305230e+01
9.536000e+00 5.184497e-02 1.801816e+01 1.305016e+01
9.538000e+00 5.183466e-02 1.801595e+01 1.304807e+01
9.540000e+00 5.182452e-02 1.801379e+01 1.304601e+01
9.542000e+00 5.181456e-02 1.801166e+01 1.304399e+01
9.544000e+00 5.180476e-02 1.800957e+01 1.304200e+01
9.546000e+00 5.179512e-02 1.800751e+01 1.304004e+01
9.548000e+00 5.178562e-02 1.800549e+01 1.303811e+01
9.550000e+00 5.177628e-02 1.800349e+01 1.303622e+01
9.552000e+00 5.176708e-02 1.800153e+01 1.303436e+01
9.554000e+00 5.175801e-02 1.799959e+01 1.303252e+01
9.556000e+00 5.174907e-02 1.799769e+01 1.303071e+01
9.558000e+00 5.174026e-02 1.799581e+01 1.302893e+01
9.560000e+00 5.173158e-02 1.799396e+01 1.302717e+01
9.562000e+00 5.172302e-02 1.799213e+01 1.302544e+01
9.564000e+00 5.171457e-02 1.799033e+01 1.302373e+01
9.566000e+00 5.170624e-02 1.798855e+01 1.302205e+01
9.568000e+00 5.169801e-02 1.798680e+01 1.302039e+01
9.570000e+00 5.168990e-02 1.798506e+01 1.301875e+01
9.572000e+00 5.168189e-02 1.798336e+01 1.301713e+01
9.574000e+00 5.167398e-02 1.798167e+01 1.301553e+01
9.576000e+00 5.166618e-02 1.798000e+01 1.301396e+01
9.578000e+00 5.165847e-02 1.797836e+01 1.301240e+01
9.580000e+00 5.165086e-02 1.797674e+01 1.301087e+01
9.582000e+00 5.164335e-02 1.797513e+01 1.300935e+01
9.584000e+00 5.163593e-02 1.797355e+01 1.300785e+01
9.586000e+00 5.162860e-02 1.797198e+01 1.300637e+01
9.588000e+00 5.162136e-02 1.797044e+01 1.300492e+01
9.590000e+00 5.161421e-02 1.796891e+01 1.300347e+01
9.592000e+00 5.160715e-02 1.796740e+01 1.300205e+01
9.594000e+00 5.160018e-02 1.796591e+01 1.300065e+01
9.596000e+00 5.159330e-02 1.796444e+01 1.299926e+01
9.598000e+00 5.158650e-02 1.796299e+01 1.299789e+01
9.600000e+00 5.157978e-02 1.796155e+01 1.299654e+01
9.602000e+00 5.157316e-02 1.796014e+01 1.299520e+01
9.604000e+00 5.156662e-02 1.795874e+01 1.299388e+01
9.606000e+00 5.156016e-02 1.795736e+01 1.299259e+01
9.608000e+00 5.155380e-02 1.795599e+01 1.299130e+01
9.610000e+00 5.154751e-02 1.795465e+01 1.299004e+01
9.612000e+00 5.154132e-02 1.795333e+01 1.298879e+01
9.614000e+00 5.153522e-02 1.795202e+01 1.298757e+01
9.616000e+00 5.152920e-02 1.795073e+01 1.298636e+01
9.618000e+00 5.152328e-02 1.794946e+01 1.298517e+01
9.620000e+00 5.151745e-02 1.794822e+01 1.298400e+01
9.622000e+00 5.151173e-02 1.794699e+01 1.298285e+01
9.624000e+00 5.150610e-02 1.794579e+01 1.298172e+01
9.626000e+00 5.150058e-02 1.794461e+01 1.298061e+01
9.628000e+00 5.149517e-02 1.794345e+01 1.297953e+01
9.630000e+00 5.148988e-02 1.794232e+01 1.297847e+01
9.632000e+00 5.148471e-02 1.794122e+01 1.297744e+01
9.634000e+00 5.147969e-02 1.794015e+01 1.297644e+01
9.636000e+00 5.147482e-02 1.793911e+01 1.297548e+01
9.638000e+00 5.147011e-02 1.793811e+01 1.297455e+01
9.640000e+00 5.146561e-02 1.793715e+01 1.297366e+01
9.642000e+00 5.146133e-02 1.793625e+01 1.297282e+01
9.644000e+00 5.145731e-02 1.793541e+01 1.297205e+01
9.646000e+00 5.145363e-02 1.793465e+01 1.297135e+01
9.648000e+00 5.145037e-02 1.793400e+01 1.297075e+01
9.650000e+00 5.144768e-02 1.793348e+01 1.297029e+01
9.652000e+00 5.144587e-02 1.793319e+01 1.297004e+01
9.654000e+00 5.144704e-02 1.793358e+01 1.297046e+01
9.656000e+00 5.143715e-02 1.793136e+01 1.296836e+01
9.658000e+00 5.142729e-02 1.792912e+01 1.296622e+01
9.660000e+00 5.141864e-02 1.792717e+01 1.296437e+01
9.662000e+00 5.141067e-02 1.792540e+01 1.296269e+01
9.664000e+00 5.140319e-02 1.792374e+01 1.296112e+01
9.666000e+00 5.139606e-02 1.792217e+01 1.295964e+01
9.668000e+00 5.138922e-02 1.792067e+01 1.295822e+01
9.670000e+00 5.138262e-02 1.791922e+01 1.295686e+01
9.672000e+00 5.137622e-02 1.791782e+01 1.295554e+01
9.674000e+00 5.136999e-02 1.791646e+01 1.295426e+01
9.676000e+00 5.136390e-02 1.791513e+01 1.295301e+01
9.678000e+00 5.135795e-02 1.791384e+01 1.295179e+01
9.680000e+00 5.135212e-02 1.791257e+01 1.295060e+01
9.682000e+00 5.134640e-02 1.791132e+01 1.294943e+01
9.684000e+00 5.134078e-02 1.791009e+01 1.294828e+01
9.686000e+00 5.133525e-02 1.790889e+01 1.294715e+01
9.688000e+00 5.132980e-02 1.790770e+01 1.294604e+01
9.690000e+00 5.132443e-02 1.790653e+01 1.294495e+01
9.692000e+00 5.131914e-02 1.790538e+01 1.294387e+01
9.694000e+00 5.131392e-02 1.790424e+01 1.294280e+01
9.696000e+00 5.130877e-02 1.790312e+01 1.294175e+01
9.698000e+00 5.130369e-02 1.790201e+01 1.294072e+01
9.700000e+00 5.129866e-02 1.790091e+01 1.293969e+01
9.702000e+00 5.129370e-02 1.789983e+01 1.293868e+01
9.704000e+00 5.128880e-02 1.789876e+01 1.293768e+01
9.706000e+00 5.128395e-02 1.789770e+01 1.293669e+01
9.708000e+00 5.127915e-02 1.789665e+01 1.293571e+01
9.710000e+00 5.127440e-02 1.789561e+01 1.293475e+01
9.712000e+00 5.126971e-02 1.789458e+01 1.293379e+01
9.714000e+00 5.126507e-02 1.789357e+01 1.293284e+01
9.716000e+00 5.126047e-02 1.789256e+01 1.293191e+01
9.718000e+00 5.125592e-02 1.789156e+01 1.293098e+01
9.720000e+00 5.125142e-02 1.789057e+01 1.293006e+01
9.722000e+00 5.124696e-02 1.788960e+01 1.292915e+01
9.724000e+00 5.124254e-02 1.788863e+01 1.292825e+01
9.726000e+00 5.123817e-02 1.788767e+01 1.292736e+01
9.728000e+00 5.123384e-02 1.788672e+01 1.292647e+01
9.730000e+00 5.122955e-02 1.788577e+01 1.292560e+01
9.732000e+00 5.122530e-02 1.788484e+01 1.292473e+01
9.734000e+00 5.122109e-02 1.788391e+01 1.292387e+01
9.736000e+00 5.121692e-02 1.788299e+01 1.292302e+01
9.738000e+00 5.121279e-02 1.788208e+01 1.292218e+01
9.740000e+00 5.120870e-02 1.788118e+01 1.292134e+01
9.742000e+00 5.120465e-02 1.788028e+01 1.292051e+01
9.744000e+00 5.120063e-02 1.787940e+01 1.291969e+01
9.746000e+00 5.119665e-02 1.787852e+01 1.291888e+01
9.748000e+00 5.119270e-02 1.787764e+01 1.291807e+01
9.750000e+00 5.118880e-02 1.787678e+01 1.291727e+01
9.752000e+00 5.118492e-02 1.787592e+01 1.291648e+01
9.754000e+00 5.118109e-02 1.787507e+01 1.291569e+01
9.756000e+00 5.117728e-02 1.787423e+01 1.291491e+01
9.758000e+00 5.117352e-02 1.787339e+01 1.291414e+01
9.760000e+00 5.116978e-02 1.787256e+01 1.291338e+01
9.762000e+00 5.116608e-02 1.787174e+01 1.291262e+01
9.764000e+00 5.116242e-02 1.787093e+01 1.291187e+01
9.766000e+00 5.115879e-02 1.787012e+01 1.291112e+01
9.768000e+00 5.115519e-02 1.786932e+01 1.291038e+01
9.770000e+00 5.115163e-02 1.786852e+01 1.290965e+01
9.772000e+00 5.114809e-02 1.786774e+01 1.290893e+01
9.774000e+00 5.114460e-02 1.786695e+01 1.290821e+01
9.776000e+00 5.114113e-02 1.786618e+01 1.290750e+01
9.778000e+00 5.113770e-02 1.786541e+01 1.290679e+01
9.780000e+00 5.113430e-02 1.786465e+01 1.290609e+01
9.782000e+00 5.113093e-02 1.786390e+01 1.290540e+01
9.784000e+00 5.112760e-02 1.786315e+01 1.290472e+01
9.786000e+00 5.112430e-02 1.786241e+01 1.290404e+01
9.788000e+00 5.112103e-02 1.786168e+01 1.290336e+01
9.790000e+00 5.111779e-02 1.786095e+01 1.290270e+01
9.792000e+00 5.111459e-02 1.786023e+01 1.290204e+01
9.794000e+00 5.111141e-02 1.785951e+01 1.290138e+01
9.796000e+00 5.110827e-02 1.785881e+01 1.290074e+01
9.798000e+00 5.110517e-02 1.785811e+01 1.290010e+01
9.800000e+00 5.110209e-02 1.785741e+01 1.289946e+01
9.802000e+00 5.109905e-02 1.785672e+01 1.289884e+01
9.804000e+00 5.109604e-02 1.785604e+01 1.289821e+01
9.806000e+00 5.109306e-02 1.785537e+01 1.289760e+01
9.808000e+00 5.109012e-02 1.785470e+01 1.289699e+01
9.810000e+00 5.108721e-02 1.785404e+01 1.289639e+01
9.812000e+00 5.108433e-02 1.785339e+01 1.289579e+01
9.814000e+00 5.108149e-02 1.785274e+01 1.289521e+01
9.816000e+00 5.107868e-02 1.785210e+01 1.289463e+01
9.818000e+00 5.107591e-02 1.785147e+01 1.289405e+01
9.820000e+00 5.107316e-02 1.785084e+01 1.289348e+01
9.822000e+00 5.107046e-02 1.785023e+01 1.289292e+01
9.824000e+00 5.106779e-02 1.784961e+01 1.289237e+01
9.826000e+00 5.106515e-02 1.784901e+01 1.289182e+01
9.828000e+00 5.106255e-02 1.784841e+01 1.289128e+01
9.830000e+00 5.105998e-02 1.784782e+01 1.289075e+01
9.832000e+00 5.105746e-02 1.784724e+01 1.289022e+01
9.834000e+00 5.105496e-02 1.784667e+01 1.288971e+01
9.836000e+00 5.105251e-02 1.784610e+01 1.288920e+01
9.838000e+00 5.105010e-02 1.784555e+01 1.288869e+01
9.840000e+00 5.104772e-02 1.784500e+01 1.288820e+01
9.842000e+00 5.104539e-02 1.784445e+01 1.288771e+01
9.844000e+00 5.104309e-02 1.784392e+01 1.288724e+01
9.846000e+00 5.104084e-02 1.784340e+01 1.288677e+01
9.848000e+00 5.103863e-02 1.784288e+01 1.288631e+01
9.850000e+00 5.103646e-02 1.784238e+01 1.288585e+01
9.852000e+00 5.103434e-02 1.784188e+01 1.288541e+01
9.854000e+00 5.103226e-02 1.784139e+01 1.288498e+01
9.856000e+00 5.103023e-02 1.784092e+01 1.288455e+01
9.858000e+00 5.102825e-02 1.784045e+01 1.288414e+01
9.860000e+00 5.102633e-02 1.783999e+01 1.288374e+01
9.862000e+00 5.102445e-02 1.783955e+01 1.288335e+01
9.864000e+00 5.102263e-02 1.783912e+01 1.288296e+01
9.866000e+00 5.102087e-02 1.783870e+01 1.288260e+01
9.868000e+00 5.101917e-02 1.783829e+01 1.288224e+01
9.870000e+00 5.101753e-02 1.783790e+01 1.288190e+01
9.872000e+00 5.101596e-02 1.783752e+01 1.288157e+01
9.874000e+00 5.101446e-02 1.783715e+01 1.288125e+01
9.876000e+00 5.101304e-02 1.783681e+01 1.288095e+01
9.878000e+00 5.101169e-02 1.783648e+01 1.288067e+01
9.880000e+00 5.101044e-02 1.783617e+01 1.288041e+01
9.882000e+00 5.100927e-02 1.783587e+01 1.288017e+01
9.884000e+00 5.100821e-02 1.783561e+01 1.287995e+01
9.886000e+00 5.100726e-02 1.783536e+01 1.287975e+01
9.888000e+00 5.100644e-02 1.783515e+01 1.287958e+01
9.890000e+00 5.100575e-02 1.783496e+01 1.287944e+01
9.892000e+00 5.100522e-02 1.783481e+01 1.287933e+01
9.894000e+00 5.100487e-02 1.783470e+01 1.287926e+01
9.896000e+00 5.100472e-02 1.783464e+01 1.287924e+01
9.898000e+00 5.100482e-02 1.783464e+01 1.287927e+01
9.900000e+00 5.100521e-02 1.783470e+01 1.287937e+01
9.902000e+00 5.100596e-02 1.783485e+01 1.287955e+01
9.904000e+00 5.100717e-02 1.783510e+01 1.287984e+01
9.906000e+00 5.100898e-02 1.783550e+01 1.288026e+01
9.908000e+00 5.101160e-02 1.783609e+01 1.288088e+01
9.910000e+00 5.101539e-02 1.783697e+01 1.288177e+01
9.912000e+00 5.102099e-02 1.783830e+01 1.288309e+01
9.914000e+00 5.102974e-02 1.784042e+01 1.288518e+01
9.916000e+00 5.104484e-02 1.784398e+01 1.288867e+01
9.918000e+00 5.102723e-02 1.783977e+01 1.288463e+01
9.920000e+00 5.101649e-02 1.783714e+01 1.288212e+01
9.922000e+00 5.100885e-02 1.783527e+01 1.288035e+01
9.924000e+00 5.100301e-02 1.783386e+01 1.287902e+01
9.926000e+00 5.099834e-02 1.783273e+01 1.287796e+01
9.928000e+00 5.099450e-02 1.783180e+01 1.287710e+01
9.930000e+00 5.099129e-02 1.783102e+01 1.287638e+01
9.932000e+00 5.098856e-02 1.783035e+01 1.287577e+01
9.934000e+00 5.098623e-02 1.782978e+01 1.287525e+01
9.936000e+00 5.098424e-02 1.782928e+01 1.287481e+01
9.938000e+00 5.098255e-02 1.782886e+01 1.287444e+01
9.940000e+00 5.098113e-02 1.782849e+01 1.287413e+01
9.942000e+00 5.097997e-02 1.782819e+01 1.287387e+01
9.944000e+00 5.097904e-02 1.782794e+01 1.287366e+01
9.946000e+00 5.097835e-02 1.782774e+01 1.287351e+01
9.948000e+00 5.097790e-02 1.782759e+01 1.287341e+01
9.950000e+00 5.097769e-02 1.782751e+01 1.287336e+01
9.952000e+00 5.097774e-02 1.782748e+01 1.287337e+01
9.954000e+00 5.097801e-02 1.782750e+01 1.287343e+01
9.956000e+00 5.097864e-02 1.782760e+01 1.287357e+01
9.958000e+00 5.097961e-02 1.782779e+01 1.287379e+01
9.960000e+00 5.098099e-02 1.782807e+01 1.287410e+01
9.962000e+00 5.098283e-02 1.782846e+01 1.287452e+01
9.964000e+00 5.098525e-02 1.782900e+01 1.287507e+01
9.966000e+00 5.098843e-02 1.782972e+01 1.287581e+01
9.968000e+00 5.099268e-02 1.783072e+01 1.287682e+01
9.970000e+00 5.099939e-02 1.783231e+01 1.287840e+01
9.972000e+00 5.100005e-02 1.783243e+01 1.287855e+01
9.974000e+00 5.099002e-02 1.783000e+01 1.287623e+01
9.976000e+00 5.098317e-02 1.782832e+01 1.287464e+01
9.978000e+00 5.097746e-02 1.782693e+01 1.287334e+01
9.980000e+00 5.097253e-02 1.782573e+01 1.287222e+01
9.982000e+00 5.096819e-02 1.782468e+01 1.287124e+01
9.984000e+00 5.096431e-02 1.782374e+01 1.287037e+01
9.986000e+00 5.096082e-02 1.782290e+01 1.286958e+01
9.988000e+00 5.095764e-02 1.782213e+01 1.286887e+01
9.990000e+00 5.095474e-02 1.782142e+01 1.286823e+01
9.992000e+00 5.095208e-02 1.782077e+01 1.286764e+01
9.994000e+00 5.094964e-02 1.782016e+01 1.286709e+01
9.996000e+00 5.094738e-02 1.781960e+01 1.286658e+01
9.998000e+00 5.094529e-02 1.781908e+01 1.286612e+01
1.000000e+01 5.094336e-02 1.781860e+01 1.286568e+01
1.000200e+01 5.094157e-02 1.781814e+01 1.286528e+01
1.000400e+01 5.093992e-02 1.781772e+01 1.286491e+01
1.000600e+01 5.093838e-02 1.781732e+01 1.286456e+01
1.000800e+01 5.093697e-02 1.781694e+01 1.286424e+01
1.001000e+01 5.093566e-02 1.781660e+01 1.286394e+01
1.001200e+01 5.093446e-02 1.781627e+01 1.286366e+01
1.001400e+01 5.093335e-02 1.781597e+01 1.286340e+01
1.001600e+01 5.093234e-02 1.781568e+01 1.286317e+01
1.001800e+01 5.093143e-02 1.781542e+01 1.286295e+01
1.002000e+01 5.093060e-02 1.781517e+01 1.286275e+01
1.002200e+01 5.092985e-02 1.781495e+01 1.286257e+01
1.002400e+01 5.092919e-02 1.781474e+01 1.286241e+01
1.002600e+01 5.092861e-02 1.781455e+01 1.286226e+01
1.002800e+01 5.092811e-02 1.781437e+01 1.286213e+01
1.003000e+01 5.092769e-02 1.781421e+01 1.286201e+01
1.003200e+01 5.092733e-02 1.781407e+01 1.286191e+01
1.003400e+01 5.092706e-02 1.781394e+01 1.286183e+01
1.003600e+01 5.092685e-02 1.781383e+01 1.286176e+01
1.003800e+01 5.092672e-02 1.781373e+01 1.286170e+01
1.004000e+01 5.092666e-02 1.781365e+01 1.286166e+01
1.004200e+01 5.092667e-02 1.781358e+01 1.286163e+01
1.004400e+01 5.092675e-02 1.781353e+01 1.286162e+01
1.004600e+01 5.092689e-02 1.781349e+01 1.286162e+01
1.004800e+01 5.092711e-02 1.781347e+01 1.286164e+01
1.005000e+01 5.092739e-02 1.781346e+01 1.286167e+01
1.005200e+01 5.092774e-02 1.781346e+01 1.286171e+01
1.005400e+01 5.092816e-02 1.781348e+01 1.286176e+01
1.005600e+01 5.092864e-02 1.781352e+01 1.286183e+01
1.005800e+01 5.092919e-02 1.781356e+01 1.286192e+01
1.006000e+01 5.092981e-02 1.781362e+01 1.286201e+01
1.006200e+01 5.093050e-02 1.781370e+01 1.286213e+01
1.006400e+01 5.093125e-02 1.781379e+01 1.286225e+01
1.006600e+01 5.093207e-02 1.781389e+01 1.286239e+01
1.006800e+01 5.093296e-02 1.781401e+01 1.286254e+01
1.007000e+01 5.093392e-02 1.781414e+01 1.286271e+01
1.007200e+01 5.093495e-02 1.781429e+01 1.286289e+01
1.007400e+01 5.093605e-02 1.781445e+01 1.286308e+01
1.007600e+01 5.093721e-02 1.781462e+01 1.286329e+01
1.007800e+01 5.093845e-02 1.781481e+01 1.286351e+01
1.008000e+01 5.093976e-02 1.781502e+01 1.286375e+01
1.008200e+01 5.094114e-02 1.781524e+01 1.286400e+01
1.008400e+01 5.094259e-02 1.781547e+01 1.286426e+01
1.008600e+01 5.094412e-02 1.781572e+01 1.286454e+01
1.008800e+01 5.094571e-02 1.781599e+01 1.286484e+01
1.009000e+01 5.094739e-02 1.781627e+01 1.286515e+01
1.009200e+01 5.094914e-02 1.781656e+01 1.286547e+01
1.009400e+01 5.095096e-02 1.781687e+01 1.286581e+01
1.009600e+01 5.095287e-02 1.781720e+01 1.286617e+01
1.009800e+01 5.095485e-02 1.781755e+01 1.286654e+01
1.010000e+01 5.095691e-02 1.781791e+01 1.286693e+01
1.010200e+01 5.095905e-02 1.781829e+01 1.286733e+01
1.010400e+01 5.096128e-02 1.781868e+01 1.286776e+01
1.010600e+01 5.096359e-02 1.781910e+01 1.286819e+01
1.010800e+01 5.096598e-02 1.781953e+01 1.286865e+01
1.011000e+01 5.096846e-02 1.781997e+01 1.286912e+01
1.011200e+01 5.097102e-02 1.782044e+01 1.286961e+01
1.011400e+01 5.097367e-02 1.782092e+01 1.287012e+01
1.011600e+01 5.097642e-02 1.782143e+01 1.287064e+01
1.011800e+01 5.097925e-02 1.782195e+01 1.287119e+01
1.012000e+01 5.098218e-02 1.782249e+01 1.287175e+01
1.012200e+01 5.098520e-02 1.782305e+01 1.287233e+01
1.012400e+01 5.098832e-02 1.782363e+01 1.287293e+01
1.012600e+01 5.099153e-02 1.782423e+01 1.287355e+01
1.012800e+01 5.099485e-02 1.782486e+01 1.287419e+01
1.013000e+01 5.099827e-02 1.782550e+01 1.287485e+01
1.013200e+01 5.100179e-02 1.782616e+01 1.287554e+01
1.013400e+01 5.100541e-02 1.782685e+01 1.287624e+01
1.013600e+01 5.100915e-02 1.782756e+01 1.287697e+01
1.013800e+01 5.101299e-02 1.782829e+01 1.287771e+01
1.014000e+01 5.101694e-02 1.782905e+01 1.287848e+01
1.014200e+01 5.102101e-02 1.782983e+01 1.287928e+01
1.014400e+01 5.102520e-02 1.783063e+01 1.288009e+01
1.014600e+01 5.102950e-02 1.783146e+01 1.288093e+01
1.014800e+01 5.103392e-02 1.783231e+01 1.288180e+01
1.015000e+01 5.103847e-02 1.783319e+01 1.288269e+01
1.015200e+01 5.104314e-02 1.783409e+01 1.288360e+01
1.015400e+01 5.104794e-02 1.783502e+01 1.288454e+01
1.015600e+01 5.105288e-02 1.783598e+01 1.288551e+01
1.015800e+01 5.105795e-02 1.783697e+01 1.288650e+01
1.016000e+01 5.106315e-02 1.783799e+01 1.288753e+01
1.016200e+01 5.106850e-02 1.783903e+01 1.288858e+01
1.016400e+01 5.107399e-02 1.784011e+01 1.288966e+01
1.016600e+01 5.107962e-02 1.784121e+01 1.289077e+01
1.016800e+01 5.108541e-02 1.784235e+01 1.289191e+01
1.017000e+01 5.109135e-02 1.784352e+01 1.289308e+01
1.017200e+01 5.109744e-02 1.784472e+01 1.289428e+01
1.017400e+01 5.110370e-02 1.784596e+01 1.289551e+01
1.017600e+01 5.111013e-02 1.784723e+01 1.289678e+01
1.017800e+01 5.111672e-02 1.784853e+01 1.289809e+01
1.018000e+01 5.112348e-02 1.784987e+01 1.289942e+01
1.018200e+01 5.113042e-02 1.785125e+01 1.290080e+01
1.018400e+01 5.113754e-02 1.785267e+01 1.290221e+01
1.018600e+01 5.114485e-02 1.785412e+01 1.290366e+01
1.018800e+01 5.115235e-02 1.785562e+01 1.290514e+01
1.019000e+01 5.116005e-02 1.785716e+01 1.290667e+01
1.019200e+01 5.116794e-02 1.785873e+01 1.290824e+01
1.019400e+01 5.117604e-02 1.786036e+01 1.290985e+01
1.019600e+01 5.118435e-02 1.786202e+01 1.291150e+01
1.019800e+01 5.119288e-02 1.786373e+01 1.291319e+01
1.020000e+01 5.120163e-02 1.786549e+01 1.291493e+01
1.020200e+01 5.121061e-02 1.786729e+01 1.291672e+01
1.020400e+01 5.121982e-02 1.786915e+01 1.291856e+01
1.020600e+01 5.122928e-02 1.787105e+01 1.292044e+01
1.020800e+01 5.123898e-02 1.787301e+01 1.292237e+01
1.021000e+01 5.124894e-02 1.787502e+01 1.292436e+01
1.021200e+01 5.125915e-02 1.787709e+01 1.292640e+01
1.021400e+01 5.126964e-02 1.787921e+01 1.292849e+01
1.021600e+01 5.128040e-02 1.788139e+01 1.293064e+01
1.021800e+01 5.129145e-02 1.788363e+01 1.293285e+01
1.022000e+01 5.130279e-02 1.788593e+01 1.293512e+01
1.022200e+01 5.131444e-02 1.788829e+01 1.293745e+01
1.022400e+01 5.132639e-02 1.789072e+01 1.293984e+01
1.022600e+01 5.133866e-02 1.789322e+01 1.294230e+01
1.022800e+01 5.135127e-02 1.789579e+01 1.294482e+01
1.023000e+01 5.136421e-02 1.789842e+01 1.294742e+01
1.023200e+01 5.137751e-02 1.790114e+01 1.295008e+01
1.023400e+01 5.139116e-02 1.790392e+01 1.295282e+01
1.023600e+01 5.140519e-02 1.790679e+01 1.295564e+01
1.023800e+01 5.141961e-02 1.790974e+01 1.295854e+01
1.024000e+01 5.143443e-02 1.791277e+01 1.296151e+01
1.024200e+01 5.144966e-02 1.791589e+01 1.296458e+01
1.024400e+01 5.146532e-02 1.791910e+01 1.296773e+01
1.024600e+01 5.148142e-02 1.792241e+01 1.297097e+01
1.024800e+01 5.149798e-02 1.792581e+01 1.297430e+01
1.025000e+01 5.151503e-02 1.792932e+01 1.297774e+01
1.025200e+01 5.153259e-02 1.793293e+01 1.298128e+01
1.025400e+01 5.155068e-02 1.793666e+01 1.298493e+01
1.025600e+01 5.156937e-02 1.794052e+01 1.298870e+01
1.025800e+01 5.158871e-02 1.794452e+01 1.299262e+01
1.026000e+01 5.160853e-02 1.794862e+01 1.299663e+01
1.026200e+01 5.162807e-02 1.795263e+01 1.300056e+01
1.026400e+01 5.164841e-02 1.795682e+01 1.300466e+01
1.026600e+01 5.166945e-02 1.796116e+01 1.300890e+01
1.026800e+01 5.169119e-02 1.796565e+01 1.301329e+01
1.027000e+01 5.171361e-02 1.797028e+01 1.301782e+01
1.027200e+01 5.173674e-02 1.797507e+01 1.302250e+01
1.027400e+01 5.176058e-02 1.798001e+01 1.302733e+01
1.027600e+01 5.178517e-02 1.798511e+01 1.303231e+01
1.027800e+01 5.181052e-02 1.799037e+01 1.303744e+01
1.028000e+01 5.183667e-02 1.799580e+01 1.304274e+01
1.028200e+01 5.186364e-02 1.800140e+01 1.304821e+01
1.028400e+01 5.189146e-02 1.800718e+01 1.305386e+01
1.028600e+01 5.192017e-02 1.801316e+01 1.305969e+01
1.028800e+01 5.194980e-02 1.801933e+01 1.306571e+01
1.029000e+01 5.198039e-02 1.802570e+01 1.307192e+01
1.029200e+01 5.201198e-02 1.803229e+01 1.307834e+01
1.029400e+01 5.204461e-02 1.803909e+01 1.308498e+01
1.029600e+01 5.207832e-02 1.804613e+01 1.309184e+01
1.029800e+01 5.211316e-02 1.805341e+01 1.309894e+01
1.030000e+01 5.214918e-02 1.806094e+01 1.310628e+01
1.030200e+01 5.218642e-02 1.806873e+01 1.311387e+01
1.030400e+01 5.222495e-02 1.807679e+01 1.312172e+01
1.030600e+01 5.226482e-02 1.808515e+01 1.312986e+01
1.030800e+01 5.230608e-02 1.809380e+01 1.313829e+01
1.031000e+01 5.234882e-02 1.810276e+01 1.314702e+01
1.031200e+01 5.239309e-02 1.811205e+01 1.315606e+01
1.031400e+01 5.243896e-02 1.812168e+01 1.316545e+01
1.031600e+01 5.248652e-02 1.813168e+01 1.317518e+01
1.031800e+01 5.253584e-02 1.814205e+01 1.318527e+01
1.032000e+01 5.258701e-02 1.815282e+01 1.319576e+01
1.032200e+01 5.264012e-02 1.816401e+01 1.320664e+01
1.032400e+01 5.269528e-02 1.817563e+01 1.321796e+01
1.032600e+01 5.275258e-02 1.818772e+01 1.322971e+01
1.032800e+01 5.281214e-02 1.820029e+01 1.324194e+01
1.033000e+01 5.287407e-02 1.821336e+01 1.325467e+01
1.033200e+01 5.293851e-02 1.822698e+01 1.326792e+01
1.033400e+01 5.300559e-02 1.824117e+01 1.328172e+01
1.033600e+01 5.307545e-02 1.825595e+01 1.329610e+01
1.033800e+01 5.314825e-02 1.827137e+01 1.331110e+01
1.034000e+01 5.322416e-02 1.828746e+01 1.332675e+01
1.034200e+01 5.330336e-02 1.830426e+01 1.334309e+01
1.034400e+01 5.338604e-02 1.832181e+01 1.336016e+01
1.034600e+01 5.347242e-02 1.834016e+01 1.337800e+01
1.034800e+01 5.356271e-02 1.835936e+01 1.339667e+01
1.035000e+01 5.365716e-02 1.837945e+01 1.341621e+01
1.035200e+01 5.375602e-02 1.840050e+01 1.343668e+01
1.035400e+01 5.385950e-02 1.842256e+01 1.345812e+01
1.035600e+01 5.396800e-02 1.844570e+01 1.348063e+01
1.035800e+01 5.408184e-02 1.847000e+01 1.350426e+01
1.036000e+01 5.420138e-02 1.849553e+01 1.352909e+01
1.036200e+01 5.432701e-02 1.852240e+01 1.355521e+01
1.036400e+01 5.445915e-02 1.855068e+01 1.358271e+01
1.036600e+01 5.459827e-02 1.858048e+01 1.361169e+01
1.036800e+01 5.474487e-02 1.861192e+01 1.364226e+01
1.037000e+01 5.489953e-02 1.864511e+01 1.367455e+01
1.037200e+01 5.506285e-02 1.868020e+01 1.370867e+01
1.037400e+01 5.523550e-02 1.871734e+01 1.374479e+01
1.037600e+01 5.541824e-02 1.875668e+01 1.378306e+01
1.037800e+01 5.561190e-02 1.879843e+01 1.382367e+01
1.038000e+01 5.581739e-02 1.884278e+01 1.386681e+01
1.038200e+01 5.603575e-02 1.888996e+01 1.391271e+01
1.038400e+01 5.626813e-02 1.894024e+01 1.396163e+01
1.038600e+01 5.651584e-02 1.899392e+01 1.401386e+01
1.038800e+01 5.678035e-02 1.905131e+01 1.406972e+01
1.039000e+01 5.706336e-02 1.911282e+01 1.412958e+01
1.039200e+01 5.736683e-02 1.917889e+01 1.419390e+01
1.039400e+01 5.769304e-02 1.925003e+01 1.426316e+01
1.039600e+01 5.804466e-02 1.932688e+01 1.433799e+01
1.039800e+01 5.842488e-02 1.941015e+01 1.441909e+01
1.040000e+01 5.883753e-02 1.950074e+01 1.450734e+01
1.040200e+01 5.928728e-02 1.959973e+01 1.460379e+01
1.040400e+01 5.977986e-02 1.970847e+01 1.470976e+01
1.040600e+01 6.032244e-02 1.982864e+01 1.482690e+01
1.040800e+01 6.092406e-02 1.996236e+01 1.495730e+01
1.041000e+01 6.159635e-02 2.011241e+01 1.510367e+01
1.041200e+01 6.235449e-02 2.028244e+01 1.526957e+01
1.041400e+01 6.321890e-02 2.047737e+01 1.545987e+01
1.041600e+01 6.421800e-02 2.070420e+01 1.568140e+01
1.041800e+01 6.539358e-02 2.097330e+01 1.594435e+01
1.042000e+01 6.681264e-02 2.130149e+01 1.626526e+01
1.042200e+01 6.860002e-02 2.171999e+01 1.667476e+01
1.042400e+01 7.119548e-02 2.232851e+01 1.727079e+01
1.042600e+01 7.137635e-02 2.236990e+01 1.731139e+01
1.042800e+01 6.869306e-02 2.174187e+01 1.669630e+01
1.043000e+01 6.688049e-02 2.131721e+01 1.628083e+01
1.043200e+01 6.544495e-02 2.098499e+01 1.595606e+01
1.043400e+01 6.425703e-02 2.071291e+01 1.569026e+01
1.043600e+01 6.324805e-02 2.048371e+01 1.546649e+01
1.043800e+01 6.237536e-02 2.028679e+01 1.527434e+01
1.044000e+01 6.161006e-02 2.011507e+01 1.510684e+01
1.044200e+01 6.093146e-02 1.996351e+01 1.495909e+01
1.044400e+01 6.032413e-02 1.982843e+01 1.482744e+01
1.044600e+01 5.977634e-02 1.970703e+01 1.470917e+01
1.044800e+01 5.927892e-02 1.959714e+01 1.460216e+01
1.045000e+01 5.882465e-02 1.949706e+01 1.450473e+01
1.045200e+01 5.840771e-02 1.940544e+01 1.441556e+01
1.045400e+01 5.802340e-02 1.932119e+01 1.433359e+01
1.045600e+01 5.766786e-02 1.924341e+01 1.425792e+01
1.045800e+01 5.733788e-02 1.917135e+01 1.418785e+01
1.046000e+01 5.703074e-02 1.910441e+01 1.412276e+01
1.046200e+01 5.674416e-02 1.904204e+01 1.406213e+01
1.046400e+01 5.647617e-02 1.898380e+01 1.400554e+01
1.046600e+01 5.622507e-02 1.892931e+01 1.395259e+01
1.046800e+01 5.598935e-02 1.887822e+01 1.390296e+01
1.047000e+01 5.576771e-02 1.883024e+01 1.385636e+01
1.047200e+01 5.555900e-02 1.878511e+01 1.381254e+01
1.047400e+01 5.536216e-02 1.874259e+01 1.377126e+01
1.047600e+01 5.517628e-02 1.870248e+01 1.373232e+01
1.047800e+01 5.500053e-02 1.866459e+01 1.369555e+01
1.048000e+01 5.483415e-02 1.862875e+01 1.366078e+01
1.048200e+01 5.467646e-02 1.859481e+01 1.362785e+01
1.048400e+01 5.452685e-02 1.856264e+01 1.359664e+01
1.048600e+01 5.438474e-02 1.853211e+01 1.356703e+01
1.048800e+01 5.424964e-02 1.850310e+01 1.353890e+01
1.049000e+01 5.412108e-02 1.847552e+01 1.351216e+01
1.049200e+01 5.399861e-02 1.844926e+01 1.348671e+01
1.049400e+01 5.388186e-02 1.842425e+01 1.346246e+01
1.049600e+01 5.377045e-02 1.840039e+01 1.343935e+01
1.049800e+01 5.366406e-02 1.837763e+01 1.341729e+01
1.050000e+01 5.356238e-02 1.835588e+01 1.339622e+01
1.050200e+01 5.346513e-02 1.833510e+01 1.337609e+01
1.050400e+01 5.337204e-02 1.831521e+01 1.335683e+01
1.050600e+01 5.328287e-02 1.829617e+01 1.333839e+01
1.050800e+01 5.319740e-02 1.827793e+01 1.332074e+01
1.051000e+01 5.311541e-02 1.826045e+01 1.330381e+01
1.051200e+01 5.303672e-02 1.824368e+01 1.328757e+01
1.051400e+01 5.296115e-02 1.822757e+01 1.327199e+01
1.051600e+01 5.288852e-02 1.821211e+01 1.325702e+01
1.051800e+01 5.281869e-02 1.819724e+01 1.324264e+01
1.052000e+01 5.275150e-02 1.818294e+01 1.322881e+01
1.052200e+01 5.268682e-02 1.816918e+01 1.321550e+01
1.052400e+01 5.262451e-02 1.815594e+01 1.320269e+01
1.052600e+01 5.256448e-02 1.814318e+01 1.319036e+01
1.052800e+01 5.250659e-02 1.813088e+01 1.317847e+01
1.053000e+01 5.245074e-02 1.811902e+01 1.316700e+01
1.053200e+01 5.239684e-02 1.810757e+01 1.315594e+01
1.053400e+01 5.234480e-02 1.809653e+01 1.314527e+01
1.053600e+01 5.229452e-02 1.808586e+01 1.313496e+01
1.053800e+01 5.224593e-02 1.807555e+01 1.312501e+01
1.054000e+01 5.219895e-02 1.806559e+01 1.311539e+01
1.054200e+01 5.215350e-02 1.805596e+01 1.310608e+01
1.054400e+01 5.210953e-02 1.804664e+01 1.309709e+01
1.054600e+01 5.206695e-02 1.803762e+01 1.308838e+01
1.054800e+01 5.202572e-02 1.802888e+01 1.307995e+01
1.055000e+01 5.198577e-02 1.802042e+01 1.307179e+01
1.055200e+01 5.194705e-02 1.801222e+01 1.306388e+01
1.055400e+01 5.190951e-02 1.800428e+01 1.305621e+01
1.055600e+01 5.187310e-02 1.799657e+01 1.304878e+01
1.055800e+01 5.183778e-02 1.798910e+01 1.304158e+01
1.056000e+01 5.180349e-02 1.798185e+01 1.303458e+01
1.056200e+01 5.177021e-02 1.797481e+01 1.302780e+01
1.056400e+01 5.173788e-02 1.796797e+01 1.302121e+01
1.056600e+01 5.170647e-02 1.796133e+01 1.301481e+01
1.056800e+01 5.167596e-02 1.795488e+01 1.300860e+01
1.057000e+01 5.164629e-02 1.794861e+01 1.300256e+01
1.057200e+01 5.161745e-02 1.794251e+01 1.299669e+01
1.057400e+01 5.158940e-02 1.793659e+01 1.299098e+01
1.057600e+01 5.156211e-02 1.793082e+01 1.298543e+01
1.057800e+01 5.153556e-02 1.792521e+01 1.298004e+01
1.058000e+01 5.150972e-02 1.791975e+01 1.297479e+01
1.058200e+01 5.148456e-02 1.791444e+01 1.296968e+01
1.058400e+01 5.146007e-02 1.790927e+01 1.296470e+01
1.058600e+01 5.143623e-02 1.790424e+01 1.295986e+01
1.058800e+01 5.141301e-02 1.789933e+01 1.295515e+01
1.059000e+01 5.139040e-02 1.789456e+01 1.295056e+01
1.059200e+01 5.136838e-02 1.788992e+01 1.294610e+01
1.059400e+01 5.134695e-02 1.788540e+01 1.294176e+01
1.059600e+01 5.132609e-02 1.788100e+01 1.293754e+01
1.059800e+01 5.130581e-02 1.787673e+01 1.293343e+01
1.060000e+01 5.128612e-02 1.787258e+01 1.292945e+01
1.060200e+01 5.126704e-02 1.786857e+01 1.292561e+01
1.060400e+01 5.124866e-02 1.786472e+01 1.292191e+01
1.060600e+01 5.123123e-02 1.786107e+01 1.291842e+01
1.060800e+01 5.121202e-02 1.785700e+01 1.291451e+01
1.061000e+01 5.119310e-02 1.785297e+01 1.291064e+01
1.061200e+01 5.117487e-02 1.784909e+01 1.290693e+01
1.061400e+01 5.115722e-02 1.784535e+01 1.290334e+01
1.061600e+01 5.114005e-02 1.784171e+01 1.289985e+01
1.061800e+01 5.112334e-02 1.783818e+01 1.289646e+01
1.062000e+01 5.110703e-02 1.783472e+01 1.289316e+01
1.062200e+01 5.109111e-02 1.783136e+01 1.288993e+01
1.062400e+01 5.107556e-02 1.782807e+01 1.288679e+01
1.062600e+01 5.106036e-02 1.782485e+01 1.288371e+01
1.062800e+01 5.104550e-02 1.782171e+01 1.288070e+01
1.063000e+01 5.103097e-02 1.781864e+01 1.287776e+01
1.063200e+01 5.101674e-02 1.781563e+01 1.287489e+01
1.063400e+01 5.100282e-02 1.781268e+01 1.287207e+01
1.063600e+01 5.098918e-02 1.780980e+01 1.286932e+01
1.063800e+01 5.097583e-02 1.780697e+01 1.286662e+01
1.064000e+01 5.096275e-02 1.780421e+01 1.286398e+01
1.064200e+01 5.094994e-02 1.780150e+01 1.286139e+01
1.064400e+01 5.093738e-02 1.779884e+01 1.285885e+01
1.064600e+01 5.092507e-02 1.779623e+01 1.285637e+01
1.064800e+01 5.091300e-02 1.779368e+01 1.285393e+01
1.065000e+01 5.090117e-02 1.779118e+01 1.285154e+01
1.065200e+01 5.088956e-02 1.778872e+01 1.284920e+01
1.065400e+01 5.087818e-02 1.778631e+01 1.284690e+01
1.065600e+01 5.086701e-02 1.778394e+01 1.284465e+01
1.065800e+01 5.085606e-02 1.778162e+01 1.284244e+01
1.066000e+01 5.084530e-02 1.777934e+01 1.284027e+01
1.066200e+01 5.083475e-02 1.777711e+01 1.283815e+01
1.066400e+01 5.082439e-02 1.777491e+01 1.283606e+01
1.066600e+01 5.081421e-02 1.777276e+01 1.283401e+01
1.066800e+01 5.080423e-02 1.777064e+01 1.283199e+01
1.067000e+01 5.079442e-02 1.776856e+01 1.283002e+01
1.067200e+01 5.078478e-02 1.776651e+01 1.282807e+01
1.067400e+01 5.077531e-02 1.776450e+01 1.282617e+01
1.067600e+01 5.076601e-02 1.776253e+01 1.282429e+01
1.067800e+01 5.075687e-02 1.776059e+01 1.282245e+01
1.068000e+01 5.074789e-02 1.775868e+01 1.282064e+01
1.068200e+01 5.073907e-02 1.775681e+01 1.281887e+01
1.068400e+01 5.073039e-02 1.775497e+01 1.281712e+01
1.068600e+01 5.072186e-02 1.775315e+01 1.281540e+01
1.068800e+01 5.071347e-02 1.775137e+01 1.281371e+01
1.069000e+01 5.070522e-02 1.774962e+01 1.281205e+01
1.069200e+01 5.069711e-02 1.774789e+01 1.281042e+01
1.069400e+01 5.068913e-02 1.774619e+01 1.280881e+01
1.069600e+01 5.068128e-02 1.774452e+01 1.280723e+01
1.069800e+01 5.067356e-02 1.774288e+01 1.280568e+01
1.070000e+01 5.066596e-02 1.774126e+01 1.280415e+01
1.070200e+01 5.065848e-02 1.773967e+01 1.280265e+01
1.070400e+01 5.065112e-02 1.773810e+01 1.280116e+01
1.070600e+01 5.064388e-02 1.773656e+01 1.279971e+01
1.070800e+01 5.063675e-02 1.773504e+01 1.279827e+01
1.071000e+01 5.062973e-02 1.773354e+01 1.279686e+01
1.071200e+01 5.062282e-02 1.773207e+01 1.279547e+01
1.071400e+01 5.061602e-02 1.773061e+01 1.279410e+01
1.071600e+01 5.060932e-02 1.772918e+01 1.279276e+01
1.071800e+01 5.060272e-02 1.772777e+01 1.279143e+01
1.072000e+01 5.059622e-02 1.772638e+01 1.279012e+01
1.072200e+01 5.058982e-02 1.772502e+01 1.278884e+01
1.072400e+01 5.058352e-02 1.772367e+01 1.278757e+01
1.072600e+01 5.057730e-02 1.772234e+01 1.278632e+01
1.072800e+01 5.057118e-02 1.772103e+01 1.278509e+01
1.073000e+01 5.056515e-02 1.771974e+01 1.278388e+01
1.073200e+01 5.055921e-02 1.771847e+01 1.278268e+01
1.073400e+01 5.055335e-02 1.771721e+01 1.278151e+01
1.073600e+01 5.054757e-02 1.771597e+01 1.278035e+01
1.073800e+01 5.054188e-02 1.771475e+01 1.277920e+01
1.074000e+01 5.053627e-02 1.771355e+01 1.277808e+01
1.074200e+01 5.053074e-02 1.771236e+01 1.277696e+01
1.074400e+01 5.052529e-02 1.771119e+01 1.277587e+01
1.074600e+01 5.051991e-02 1.771004e+01 1.277479e+01
1.074800e+01 5.051461e-02 1.770890e+01 1.277372e+01
1.075000e+01 5.050938e-02 1.770778e+01 1.277267e+01
1.075200e+01 5.050423e-02 1.770667e+01 1.277164e+01
1.075400e+01 5.049914e-02 1.770557e+01 1.277062e+01
1.075600e+01 5.049413e-02 1.770449e+01 1.276961e+01
1.075800e+01 5.048918e-02 1.770343e+01 1.276862e+01
1.076000e+01 5.048430e-02 1.770238e+01 1.276764e+01
1.076200e+01 5.047949e-02 1.770134e+01 1.276667e+01
1.076400e+01 5.047474e-02 1.770032e+01 1.276572e+01
1.076600e+01 5.047005e-02 1.769931e+01 1.276478e+01
1.076800e+01 5.046543e-02 1.769831e+01 1.276385e+01
1.077000e+01 5.046087e-02 1.769732e+01 1.276293e+01
1.077200e+01 5.045637e-02 1.769635e+01 1.276203e+01
1.077400e+01 5.045193e-02 1.769539e+01 1.276114e+01
1.077600e+01 5.044754e-02 1.769444e+01 1.276026e+01
1.077800e+01 5.044322e-02 1.769351e+01 1.275939e+01
1.078000e+01 5.043895e-02 1.769258e+01 1.275853e+01
1.078200e+01 5.043473e-02 1.769167e+01 1.275769e+01
1.078400e+01 5.043057e-02 1.769077e+01 1.275685e+01
1.078600e+01 5.042647e-02 1.768988e+01 1.275603e+01
1.078800e+01 5.042242e-02 1.768900e+01 1.275522e+01
1.079000e+01 5.041842e-02 1.768813e+01 1.275441e+01
1.079200e+01 5.041447e-02 1.768728e+01 1.275362e+01
1.079400e+01 5.041057e-02 1.768643e+01 1.275284e+01
1.079600e+01 5.040672e-02 1.768559e+01 1.275207e+01
1.079800e+01 5.040293e-02 1.768477e+01 1.275131e+01
1.080000e+01 5.039918e-02 1.768395e+01 1.275056e+01
1.080200e+01 5.039548e-02 1.768315e+01 1.274981e+01
1.080400e+01 5.039182e-02 1.768235e+01 1.274908e+01
1.080600e+01 5.038822e-02 1.768156e+01 1.274836e+01
1.080800e+01 5.038466e-02 1.768079e+01 1.274765e+01
1.081000e+01 5.038114e-02 1.768002e+01 1.274694e+01
1.081200e+01 5.037767e-02 1.767926e+01 1.274625e+01
1.081400e+01 5.037425e-02 1.767852e+01 1.274556e+01
1.081600e+01 5.037087e-02 1.767778e+01 1.274488e+01
1.081800e+01 5.036753e-02 1.767705e+01 1.274422e+01
1.082000e+01 5.036424e-02 1.767633e+01 1.274356e+01
1.082200e+01 5.036099e-02 1.767562e+01 1.274291e+01
1.082400e+01 5.035779e-02 1.767491e+01 1.274226e+01
1.082600e+01 5.035462e-02 1.767422e+01 1.274163e+01
1.082800e+01 5.035150e-02 1.767354e+01 1.274101e+01
1.083000e+01 5.034842e-02 1.767286e+01 1.274039e+01
1.083200e+01 5.034538e-02 1.767219e+01 1.273978e+01
1.083400e+01 5.034239e-02 1.767153e+01 1.273918e+01
1.083600e+01 5.033943e-02 1.767089e+01 1.273859e+01
1.083800e+01 5.033652e-02 1.767024e+01 1.273801e+01
1.084000e+01 5.033365e-02 1.766961e+01 1.273743e+01
1.084200e+01 5.033082e-02 1.766899e+01 1.273687e+01
1.084400e+01 5.032803e-02 1.766837e+01 1.273631e+01
1.084600e+01 5.032528e-02 1.766777e+01 1.273576e+01
1.084800e+01 5.032258e-02 1.766717e+01 1.273522e+01
1.085000e+01 5.031991e-02 1.766658e+01 1.273469e+01
1.085200e+01 5.031729e-02 1.766600e+01 1.273417e+01
1.085400e+01 5.031471e-02 1.766543e+01 1.273365e+01
1.085600e+01 5.031218e-02 1.766487e+01 1.273315e+01
1.085800e+01 5.030968e-02 1.766432e+01 1.273265e+01
1.086000e+01 5.030724e-02 1.766378e+01 1.273217e+01
1.086200e+01 5.030483e-02 1.766324e+01 1.273169e+01
1.086400e+01 5.030247e-02 1.766272e+01 1.273122e+01
1.086600e+01 5.030016e-02 1.766221e+01 1.273076e+01
1.086800e+01 5.029790e-02 1.766170e+01 1.273031e+01
1.087000e+01 5.029569e-02 1.766121e+01 1.272987e+01
1.087200e+01 5.029353e-02 1.766073e+01 1.272945e+01
1.087400e+01 5.029142e-02 1.766026e+01 1.272903e+01
1.087600e+01 5.028937e-02 1.765980e+01 1.272862e+01
1.087800e+01 5.028737e-02 1.765936e+01 1.272823e+01
1.088000e+01 5.028544e-02 1.765893e+01 1.272785e+01
1.088200e+01 5.028358e-02 1.765851e+01 1.272749e+01
1.088400e+01 5.028179e-02 1.765811e+01 1.272714e+01
1.088600e+01 5.028007e-02 1.765773e+01 1.272681e+01
1.088800e+01 5.027845e-02 1.765737e+01 1.272650e+01
1.089000e+01 5.027692e-02 1.765703e+01 1.272621e+01
1.089200e+01 5.027550e-02 1.765672e+01 1.272594e+01
1.089400e+01 5.027421e-02 1.765643e+01 1.272570e+01
1.089600e+01 5.027307e-02 1.765619e+01 1.272550e+01
1.089800e+01 5.027213e-02 1.765599e+01 1.272535e+01
1.090000e+01 5.027146e-02 1.765585e+01 1.272526e+01
1.090200e+01 5.027138e-02 1.765586e+01 1.272530e+01
1.090400e+01 5.026979e-02 1.765550e+01 1.272499e+01
1.090600e+01 5.026681e-02 1.765481e+01 1.272436e+01
1.090800e+01 5.026447e-02 1.765427e+01 1.272388e+01
1.091000e+01 5.026249e-02 1.765383e+01 1.272348e+01
1.091200e+01 5.026091e-02 1.765348e+01 1.272318e+01
1.091400e+01 5.025951e-02 1.765316e+01 1.272292e+01
1.091600e+01 5.025644e-02 1.765245e+01 1.272227e+01
1.091800e+01 5.025395e-02 1.765188e+01 1.272175e+01
1.092000e+01 5.025176e-02 1.765138e+01 1.272131e+01
1.092200e+01 5.024979e-02 1.765093e+01 1.272091e+01
1.092400e+01 5.024803e-02 1.765053e+01 1.272056e+01
1.092600e+01 5.024647e-02 1.765018e+01 1.272026e+01
1.092800e+01 5.024511e-02 1.764988e+01 1.272000e+01
1.093000e+01 5.024396e-02 1.764962e+01 1.271980e+01
1.093200e+01 5.024306e-02 1.764943e+01 1.271965e+01
1.093400e+01 5.024246e-02 1.764931e+01 1.271957e+01
1.093600e+01 5.024225e-02 1.764929e+01 1.271959e+01
1.093800e+01 5.024263e-02 1.764942e+01 1.271975e+01
1.094000e+01 5.024539e-02 1.765008e+01 1.272043e+01
1.094200e+01 5.023962e-02 1.764876e+01 1.271919e+01
1.094400e+01 5.023453e-02 1.764756e+01 1.271806e+01
1.094600e+01 5.023023e-02 1.764655e+01 1.271713e+01
1.094800e+01 5.022635e-02 1.764566e+01 1.271630e+01
1.095000e+01 5.022278e-02 1.764484e+01 1.271555e+01
1.095200e+01 5.021945e-02 1.764408e+01 1.271484e+01
1.095400e+01 5.021631e-02 1.764336e+01 1.271419e+01
1.095600e+01 5.021332e-02 1.764268e+01 1.271357e+01
1.095800e+01 5.021047e-02 1.764203e+01 1.271298e+01
1.096000e+01 5.020773e-02 1.764141e+01 1.271242e+01
1.096200e+01 5.020509e-02 1.764081e+01 1.271187e+01
1.096400e+01 5.020254e-02 1.764023e+01 1.271135e+01
1.096600e+01 5.020007e-02 1.763967e+01 1.271085e+01
1.096800e+01 5.019767e-02 1.763913e+01 1.271036e+01
1.097000e+01 5.019533e-02 1.763860e+01 1.270988e+01
1.097200e+01 5.019305e-02 1.763808e+01 1.270942e+01
1.097400e+01 5.019083e-02 1.763758e+01 1.270897e+01
1.097600e+01 5.018866e-02 1.763708e+01 1.270853e+01
1.097800e+01 5.018649e-02 1.763659e+01 1.270809e+01
1.098000e+01 5.018441e-02 1.763612e+01 1.270767e+01
1.098200e+01 5.018237e-02 1.763565e+01 1.270726e+01
1.098400e+01 5.018037e-02 1.763520e+01 1.270686e+01
1.098600e+01 5.017841e-02 1.763475e+01 1.270646e+01
1.098800e+01 5.017648e-02 1.763431e+01 1.270608e+01
1.099000e+01 5.017458e-02 1.763388e+01 1.270570e+01
1.099200e+01 5.017272e-02 1.763345e+01 1.270532e+01
1.099400e+01 5.017089e-02 1.763304e+01 1.270496e+01
1.099600e+01 5.016908e-02 1.763262e+01 1.270459e+01
1.099800e+01 5.016731e-02 1.763222e+01 1.270424e+01
1.100000e+01 5.016556e-02 1.763182e+01 1.270389e+01
1.100200e+01 5.016383e-02 1.763142e+01 1.270354e+01
1.100400e+01 5.016213e-02 1.763103e+01 1.270321e+01
1.100600e+01 5.016046e-02 1.763065e+01 1.270287e+01
1.100800e+01 5.015881e-02 1.763027e+01 1.270254e+01
1.101000e+01 5.015717e-02 1.762989e+01 1.270222e+01
1.101200e+01 5.015557e-02 1.762952e+01 1.270190e+01
1.101400e+01 5.015398e-02 1.762915e+01 1.270158e+01
1.101600e+01 5.015241e-02 1.762879e+01 1.270127e+01
1.101800e+01 5.015086e-02 1.762844e+01 1.270096e+01
1.102000e+01 5.014933e-02 1.762808e+01 1.270066e+01
1.102200e+01 5.014782e-02 1.762773e+01 1.270036e+01
1.102400e+01 5.014633e-02 1.762739e+01 1.270006e+01
1.102600e+01 5.014486e-02 1.762705e+01 1.269977e+01
1.102800e+01 5.014340e-02 1.762671e+01 1.269948e+01
1.103000e+01 5.014196e-02 1.762637e+01 1.269919e+01
1.103200e+01 5.014053e-02 1.762604e+01 1.269891e+01
1.103400e+01 5.013912e-02 1.762572e+01 1.269863e+01
1.103600e+01 5.013773e-02 1.762539e+01 1.269836e+01
1.103800e+01 5.013635e-02 1.762507e+01 1.269808e+01
1.104000e+01 5.013499e-02 1.762475e+01 1.269781e+01
1.104200e+01 5.013364e-02 1.762444e+01 1.269755e+01
1.104400e+01 5.013231e-02 1.762413e+01 1.269728e+01
1.104600e+01 5.013099e-02 1.762382e+01 1.269702e+01
1.104800e+01 5.012968e-02 1.762351e+01 1.269677e+01
1.105000e+01 5.012839e-02 1.762321e+01 1.269651e+01
1.105200e+01 5.012711e-02 1.762291e+01 1.269626e+01
1.105400e+01 5.012585e-02 1.762261e+01 1.269601e+01
1.105600e+01 5.012460e-02 1.762232e+01 1.269576e+01
1.105800e+01 5.012336e-02 1.762203e+01 1.269552e+01
1.106000e+01 5.012213e-02 1.762174e+01 1.269528e+01
1.106200e+01 5.012091e-02 1.762145e+01 1.269504e+01
1.106400e+01 5.011971e-02 1.762117e+01 1.269480e+01
1.106600e+01 5.011852e-02 1.762089e+01 1.269457e+01
1.106800e+01 5.011734e-02 1.762061e+01 1.269434e+01
1.107000e+01 5.011617e-02 1.762033e+01 1.269411e+01
1.107200e+01 5.011502e-02 1.762006e+01 1.269388e+01
1.107400e+01 5.011387e-02 1.761979e+01 1.269366e+01
1.107600e+01 5.011274e-02 1.761952e+01 1.269343e+01
1.107800e+01 5.011162e-02 1.761925e+01 1.269321e+01
1.108000e+01 5.011051e-02 1.761899e+01 1.269300e+01
1.108200e+01 5.010941e-02 1.761873e+01 1.269278e+01
1.108400e+01 5.010831e-02 1.761847e+01 1.269257e+01
1.108600e+01 5.010723e-02 1.761821e+01 1.269236e+01
1.108800e+01 5.010617e-02 1.761795e+01 1.269215e+01
1.109000e+01 5.010511e-02 1.761770e+01 1.269194e+01
1.109200e+01 5.010406e-02 1.761745e+01 1.269174e+01
1.109400e+01 5.010302e-02 1.761720e+01 1.269153e+01
1.109600e+01 5.010199e-02 1.761696e+01 1.269133e+01
1.109800e+01 5.010097e-02 1.761671e+01 1.269113e+01
1.110000e+01 5.009996e-02 1.761647e+01 1.269094e+01
1.110200e+01 5.009896e-02 1.761623e+01 1.269074e+01
1.110400e+01 5.009797e-02 1.761599e+01 1.269055e+01
1.110600e+01 5.009699e-02 1.761575e+01 1.269036e+01
1.110800e+01 5.009602e-02 1.761552e+01 1.269017e+01
1.111000e+01 5.009505e-02 1.761529e+01 1.268998e+01
1.111200e+01 5.009410e-02 1.761506e+01 1.268980e+01
1.111400e+01 5.009316e-02 1.761483e+01 1.268962e+01
1.111600e+01 5.009222e-02 1.761460e+01 1.268944e+01
1.111800e+01 5.009130e-02 1.761438e+01 1.268926e+01
1.112000e+01 5.009038e-02 1.761416e+01 1.268908e+01
1.112200e+01 5.008947e-02 1.761393e+01 1.268890e+01
1.112400e+01 5.008857e-02 1.761372e+01 1.268873e+01
1.112600e+01 5.008768e-02 1.761350e+01 1.268856e+01
1.112800e+01 5.008680e-02 1.761328e+01 1.268839e+01
1.113000e+01 5.008593e-02 1.761307e+01 1.268822e+01
1.113200e+01 5.008506e-02 1.761286e+01 1.268805e+01
1.113400e+01 5.008420e-02 1.761265e+01 1.268789e+01
1.113600e+01 5.008336e-02 1.761244e+01 1.268773e+01
1.113800e+01 5.008252e-02 1.761224e+01 1.268757e+01
1.114000e+01 5.008169e-02 1.761203e+01 1.268741e+01
1.114200e+01 5.008087e-02 1.761183e+01 1.268725e+01
1.114400e+01 5.008005e-02 1.761163e+01 1.268709e+01
1.114600e+01 5.007925e-02 1.761143e+01 1.268694e+01
1.114800e+01 5.007845e-02 1.761124e+01 1.268679e+01
1.115000e+01 5.007766e-02 1.761104e+01 1.268664e+01
1.115200e+01 5.007689e-02 1.761085e+01 1.268649e+01
1.115400e+01 5.007611e-02 1.761066e+01 1.268634e+01
1.115600e+01 5.007535e-02 1.761047e+01 1.268620e+01
1.115800e+01 5.007460e-02 1.761028e+01 1.268605e+01
1.116000e+01 5.007385e-02 1.761010e+01 1.268591e+01
1.116200e+01 5.007312e-02 1.760991e+01 1.268577e+01
1.116400e+01 5.007239e-02 1.760973e+01 1.268563e+01
1.116600e+01 5.007167e-02 1.760955e+01 1.268550e+01
1.116800e+01 5.007096e-02 1.760937e+01 1.268536e+01
1.117000e+01 5.007026e-02 1.760920e+01 1.268523e+01
1.117200e+01 5.006957e-02 1.760902e+01 1.268510e+01
1.117400e+01 5.006889e-02 1.760885e+01 1.268497e+01
1.117600e+01 5.006822e-02 1.760868e+01 1.268485e+01
1.117800e+01 5.006755e-02 1.760852e+01 1.268472e+01
1.118000e+01 5.006690e-02 1.760835e+01 1.268460e+01
1.118200e+01 5.006626e-02 1.760819e+01 1.268448e+01
1.118400e+01 5.006563e-02 1.760803e+01 1.268437e+01
1.118600e+01 5.006501e-02 1.760787e+01 1.268425e+01
1.118800e+01 5.006441e-02 1.760772e+01 1.268414e+01
1.119000e+01 5.006382e-02 1.760756e+01 1.268403e+01
1.119200e+01 5.006324e-02 1.760742e+01 1.268393e+01
1.119400e+01 5.006268e-02 1.760727e+01 1.268382e+01
1.119600e+01 5.006214e-02 1.760713e+01 1.268373e+01
1.119800e+01 5.006161e-02 1.760700e+01 1.268363e+01
1.120000e+01 5.006112e-02 1.760687e+01 1.268355e+01
1.120200e+01 5.006065e-02 1.760674e+01 1.268347e+01
1.120400e+01 5.006022e-02 1.760663e+01 1.268339e+01
1.120600e+01 5.005985e-02 1.760653e+01 1.268334e+01
1.120800e+01 5.005947e-02 1.760643e+01 1.268328e+01
1.121000e+01 5.005921e-02 1.760636e+01 1.268325e+01
1.121200e+01 5.005923e-02 1.760635e+01 1.268328e+01
1.121400e+01 5.005795e-02 1.760604e+01 1.268301e+01
1.121600e+01 5.005701e-02 1.760580e+01 1.268282e+01
1.121800e+01 5.005616e-02 1.760558e+01 1.268265e+01
1.122000e+01 5.005537e-02 1.760539e+01 1.268250e+01
1.122200e+01 5.005463e-02 1.760520e+01 1.268235e+01
1.122400e+01 5.005391e-02 1.760502e+01 1.268221e+01
1.122600e+01 5.005323e-02 1.760484e+01 1.268208e+01
1.122800e+01 5.005256e-02 1.760467e+01 1.268196e+01
1.123000e+01 5.005192e-02 1.760451e+01 1.268184e+01
1.123200e+01 5.005129e-02 1.760435e+01 1.268172e+01
1.123400e+01 5.005067e-02 1.760419e+01 1.268160e+01
1.123600e+01 5.005007e-02 1.760404e+01 1.268149e+01
1.123800e+01 5.004948e-02 1.760388e+01 1.268138e+01
1.124000e+01 5.004891e-02 1.760373e+01 1.268128e+01
1.124200e+01 5.004834e-02 1.760359e+01 1.268117e+01
1.124400e+01 5.004778e-02 1.760344e+01 1.268107e+01
1.124600e+01 5.004724e-02 1.760330e+01 1.268097e+01
1.124800e+01 5.004670e-02 1.760316e+01 1.268087e+01
1.125000e+01 5.004617e-02 1.760302e+01 1.268078e+01
1.125200e+01 5.004565e-02 1.760289e+01 1.268068e+01
1.125400e+01 5.004513e-02 1.760275e+01 1.268059e+01
1.125600e+01 5.004463e-02 1.760262e+01 1.268050e+01
1.125800e+01 5.004413e-02 1.760249e+01 1.268041e+01
1.126000e+01 5.004364e-02 1.760236e+01 1.268032e+01
1.126200e+01 5.004316e-02 1.760223e+01 1.268024e+01
1.126400e+01 5.004268e-02 1.760210e+01 1.268015e+01
1.126600e+01 5.004221e-02 1.760197e+01 1.268007e+01
1.126800e+01 5.004175e-02 1.760185e+01 1.267999e+01
1.127000e+01 5.004129e-02 1.760173e+01 1.267991e+01
1.127200e+01 5.004084e-02 1.760161e+01 1.267983e+01
1.127400e+01 5.004040e-02 1.760149e+01 1.267975e+01
1.127600e+01 5.003996e-02 1.760137e+01 1.267968e+01
1.127800e+01 5.003953e-02 1.760125e+01 1.267960e+01
1.128000e+01 5.003910e-02 1.760114e+01 1.267953e+01
1.128200e+01 5.003868e-02 1.760102e+01 1.267945e+01
1.128400e+01 5.003827e-02 1.760091e+01 1.267938e+01
1.128600e+01 5.003786e-02 1.760080e+01 1.267931e+01
1.128800e+01 5.003746e-02 1.760069e+01 1.267924e+01
1.129000e+01 5.003707e-02 1.760058e+01 1.267918e+01
1.129200e+01 5.003668e-02 1.760047e+01 1.267911e+01
1.129400e+01 5.003629e-02 1.760037e+01 1.267905e+01
1.129600e+01 5.003591e-02 1.760026e+01 1.267898e+01
1.129800e+01 5.003554e-02 1.760016e+01 1.267892e+01
1.130000e+01 5.003517e-02 1.760005e+01 1.267886e+01
1.130200e+01 5.003481e-02 1.759995e+01 1.267880e+01
1.130400e+01 5.003445e-02 1.759985e+01 1.267874e+01
1.130600e+01 5.003410e-02 1.759975e+01 1.267868e+01
1.130800e+01 5.003375e-02 1.759965e+01 1.267862e+01
1.131000e+01 5.003341e-02 1.759956e+01 1.267857e+01
1.131200e+01 5.003307e-02 1.759946e+01 1.267851e+01
1.131400e+01 5.003274e-02 1.759937e+01 1.267846e+01
1.131600e+01 5.003242e-02 1.759927e+01 1.267841e+01
1.131800e+01 5.003210e-02 1.759918e+01 1.267836e+01
1.132000e+01 5.003178e-02 1.759909e+01 1.267831e+01
1.132200e+01 5.003147e-02 1.759900e+01 1.267826e+01
1.132400e+01 5.003117e-02 1.759891e+01 1.267821e+01
1.132600e+01 5.003087e-02 1.759882e+01 1.267816e+01
1.132800e+01 5.003057e-02 1.759874e+01 1.267812e+01
1.133000e+01 5.003028e-02 1.759865e+01 1.267807e+01
1.133200e+01 5.003000e-02 1.759857e+01 1.267803e+01
1.133400e+01 5.002972e-02 1.759848e+01 1.267799e+01
1.133600e+01 5.002944e-02 1.759840e+01 1.267794e+01
1.133800e+01 5.002917e-02 1.759832e+01 1.267790e+01
1.134000e+01 5.002890e-02 1.759824e+01 1.267786e+01
1.134200e+01 5.002864e-02 1.759816e+01 1.267783e+01
1.134400e+01 5.002839e-02 1.759808e+01 1.267779e+01
1.134600e+01 5.002814e-02 1.759801e+01 1.267775e+01
1.134800e+01 5.002789e-02 1.759793e+01 1.267772e+01
1.135000e+01 5.002765e-02 1.759786e+01 1.267768e+01
1.135200e+01 5.002741e-02 1.759778e+01 1.267765e+01
1.135400e+01 5.002718e-02 1.759771e+01 1.267762e+01
1.135600e+01 5.002695e-02 1.759764e+01 1.267759e+01
1.135800e+01 5.002673e-02 1.759757e+01 1.267756e+01
1.136000e+01 5.002651e-02 1.759750e+01 1.267753e+01
1.136200e+01 5.002630e-02 1.759743e+01 1.267750e+01
1.136400e+01 5.002609e-02 1.759736e+01 1.267747e+01
1.136600e+01 5.002588e-02 1.759730e+01 1.267745e+01
1.136800e+01 5.002568e-02 1.759723e+01 1.267742e+01
1.137000e+01 5.002549e-02 1.759717e+01 1.267740e+01
1.137200e+01 5.002530e-02 1.759710e+01 1.267737e+01
1.137400e+01 5.002511e-02 1.759704e+01 1.267735e+01
1.137600e+01 5.002493e-02 1.759698e+01 1.267733e+01
1.137800e+01 5.002476e-02 1.759692e+01 1.267731e+01
1.138000e+01 5.002458e-02 1.759686e+01 1.267729e+01
1.138200e+01 5.002442e-02 1.759680e+01 1.267727e+01
1.138400e+01 5.002425e-02 1.759674e+01 1.267726e+01
1.138600e+01 5.002409e-02 1.759669e+01 1.267724e+01
1.138800e+01 5.002394e-02 1.759663e+01 1.267723e+01
1.139000e+01 5.002379e-02 1.759658e+01 1.267721e+01
1.139200e+01 5.002365e-02 1.759653e+01 1.267720e+01
1.139400e+01 5.002351e-02 1.759647e+01 1.267719e+01
1.139600e+01 5.002337e-02 1.759642e+01 1.267717e+01
1.139800e+01 5.002324e-02 1.759637e+01 1.267716e+01
1.140000e+01 5.002311e-02 1.759632e+01 1.267715e+01
1.140200e+01 5.002299e-02 1.759628e+01 1.267715e+01
1.140400e+01 5.002287e-02 1.759623e+01 1.267714e+01
1.140600e+01 5.002276e-02 1.759618e+01 1.267713e+01
1.140800e+01 5.002265e-02 1.759614e+01 1.267713e+01
1.141000e+01 5.002254e-02 1.759609e+01 1.267712e+01
1.141200e+01 5.002244e-02 1.759605e+01 1.267712e+01
1.141400e+01 5.002234e-02 1.759601e+01 1.267712e+01
1.141600e+01 5.002225e-02 1.759597e+01 1.267711e+01
1.141800e+01 5.002216e-02 1.759593e+01 1.267711e+01
1.142000e+01 5.002208e-02 1.759589e+01 1.267711e+01
1.142200e+01 5.002200e-02 1.759585e+01 1.267712e+01
1.142400e+01 5.002193e-02 1.759581e+01 1.267712e+01
1.142600e+01 5.002186e-02 1.759578e+01 1.267712e+01
1.142800e+01 5.002179e-02 1.759574e+01 1.267712e+01
1.143000e+01 5.002173e-02 1.759571e+01 1.267713e+01
1.143200e+01 5.002167e-02 1.759567e+01 1.267714e+01
1.143400e+01 5.002162e-02 1.759564e+01 1.267714e+01
1.143600e+01 5.002157e-02 1.759561e+01 1.267715e+01
1.143800e+01 5.002153e-02 1.759558e+01 1.267716e+01
1.144000e+01 5.002149e-02 1.759555e+01 1.267717e+01
1.144200e+01 5.002145e-02 1.759552e+01 1.267718e+01
1.144400e+01 5.002142e-02 1.759549e+01 1.267719e+01
1.144600e+01 5.002139e-02 1.759547e+01 1.267720e+01
1.144800e+01 5.002137e-02 1.759544e+01 1.267722e+01
1.145000e+01 5.002135e-02 1.759542e+01 1.267723e+01
1.145200e+01 5.002134e-02 1.759539e+01 1.267725e+01
1.145400e+01 5.002133e-02 1.759537e+01 1.267726e+01
1.145600e+01 5.002132e-02 1.759535e+01 1.267728e+01
1.145800e+01 5.002132e-02 1.759533e+01 1.267730e+01
1.146000e+01 5.002132e-02 1.759531e+01 1.267732e+01
1.146200e+01 5.002133e-02 1.759529e+01 1.267734e+01
1.146400e+01 5.002134e-02 1.759527e+01 1.267736e+01
1.146600e+01 5.002135e-02 1.759526e+01 1.267738e+01
1.146800e+01 5.002137e-02 1.759524e+01 1.267740e+01
1.147000e+01 5.002140e-02 1.759523e+01 1.267743e+01
1.147200e+01 5.002143e-02 1.759521e+01 1.267745e+01
1.147400e+01 5.002146e-02 1.759520e+01 1.267748e+01
1.147600e+01 5.002150e-02 1.759519e+01 1.267750e+01
1.147800e+01 5.002154e-02 1.759518e+01 1.267753e+01
1.148000e+01 5.002158e-02 1.759517e+01 1.267756e+01
1.148200e+01 5.002163e-02 1.759516e+01 1.267759e+01
1.148400e+01 5.002168e-02 1.759515e+01 1.267762e+01
1.148600e+01 5.002174e-02 1.759514e+01 1.267765e+01
1.148800e+01 5.002181e-02 1.759514e+01 1.267768e+01
1.149000e+01 5.002187e-02 1.759513e+01 1.267772e+01
1.149200e+01 5.002194e-02 1.759513e+01 1.267775e+01
1.149400e+01 5.002202e-02 1.759512e+01 1.267779e+01
1.149600e+01 5.002210e-02 1.759512e+01 1.267782e+01
1.149800e+01 5.002218e-02 1.759512e+01 1.267786e+01
1.150000e+01 5.002227e-02 1.759512e+01 1.267790e+01
1.150200e+01 5.002236e-02 1.759512e+01 1.267794e+01
1.150400e+01 5.002246e-02 1.759512e+01 1.267798e+01
1.150600e+01 5.002256e-02 1.759513e+01 1.267802e+01
1.150800e+01 5.002266e-02 1.759513e+01 1.267806e+01
1.151000e+01 5.002277e-02 1.759513e+01 1.267810e+01
1.151200e+01 5.002289e-02 1.759514e+01 1.267814e+01
1.151400e+01 5.002301e-02 1.759515e+01 1.267819e+01
1.151600e+01 5.002313e-02 1.759515e+01 1.267823e+01
1.151800e+01 5.002325e-02 1.759516e+01 1.267828e+01
1.152000e+01 5.002339e-02 1.759517e+01 1.267833e+01
1.152200e+01 5.002352e-02 1.759518e+01 1.267838e+01
1.152400e+01 5.002366e-02 1.759519e+01 1.267843e+01
1.152600e+01 5.002381e-02 1.759521e+01 1.267848e+01
1.152800e+01 5.002395e-02 1.759522e+01 1.267853e+01
1.153000e+01 5.002411e-02 1.759523e+01 1.267858e+01
1.153200e+01 5.002427e-02 1.759525e+01 1.267863e+01
1.153400e+01 5.002443e-02 1.759527e+01 1.267869e+01
1.153600e+01 5.002459e-02 1.759528e+01 1.267874e+01
1.153800e+01 5.002477e-02 1.759530e+01 1.267880e+01
1.154000e+01 5.002494e-02 1.759532e+01 1.267886e+01
1.154200e+01 5.002512e-02 1.759534e+01 1.267891e+01
1.154400e+01 5.002531e-02 1.759537e+01 1.267897e+01
1.154600e+01 5.002550e-02 1.759539e+01 1.267903e+01
1.154800e+01 5.002569e-02 1.759541e+01 1.267909e+01
1.155000e+01 5.002589e-02 1.759544e+01 1.267916e+01
1.155200e+01 5.002609e-02 1.759546e+01 1.267922e+01
1.155400e+01 5.002630e-02 1.759549e+01 1.267928e+01
1.155600e+01 5.002651e-02 1.759552e+01 1.267935e+01
1.155800e+01 5.002673e-02 1.759555e+01 1.267942e+01
1.156000e+01 5.002696e-02 1.759558e+01 1.267948e+01
1.156200e+01 5.002718e-02 1.759561e+01 1.267955e+01
1.156400e+01 5.002741e-02 1.759564e+01 1.267962e+01
1.156600e+01 5.002765e-02 1.759568e+01 1.267969e+01
1.156800e+01 5.002789e-02 1.759571e+01 1.267976e+01
1.157000e+01 5.002814e-02 1.759575e+01 1.267984e+01
1.157200e+01 5.002839e-02 1.759578e+01 1.267991e+01
1.157400e+01 5.002865e-02 1.759582e+01 1.267999e+01
1.157600e+01 5.002891e-02 1.759586e+01 1.268006e+01
1.157800e+01 5.002918e-02 1.759590e+01 1.268014e+01
1.158000e+01 5.002945e-02 1.759594e+01 1.268022e+01
1.158200e+01 5.002973e-02 1.759599e+01 1.268030e+01
1.158400e+01 5.003002e-02 1.759603e+01 1.268038e+01
1.158600e+01 5.003031e-02 1.759608e+01 1.268046e+01
1.158800e+01 5.003060e-02 1.759612e+01 1.268055e+01
1.159000e+01 5.003091e-02 1.759617e+01 1.268063e+01
1.159200e+01 5.003121e-02 1.759622e+01 1.268072e+01
1.159400e+01 5.003153e-02 1.759627e+01 1.268081e+01
1.159600e+01 5.003185e-02 1.759633e+01 1.268089e+01
1.159800e+01 5.003217e-02 1.759638e+01 1.268099e+01
1.160000e+01 5.003251e-02 1.759644e+01 1.268108e+01
1.160200e+01 5.003285e-02 1.759649e+01 1.268117e+01
1.160400e+01 5.003319e-02 1.759655e+01 1.268127e+01
1.160600e+01 5.003355e-02 1.759661e+01 1.268136e+01
1.160800e+01 5.003391e-02 1.759667e+01 1.268146e+01
1.161000e+01 5.003428e-02 1.759674e+01 1.268156e+01
1.161200e+01 5.003465e-02 1.759680e+01 1.268166e+01
1.161400e+01 5.003504e-02 1.759687e+01 1.268176e+01
1.161600e+01 5.003543e-02 1.759694e+01 1.268187e+01
1.161800e+01 5.003583e-02 1.759701e+01 1.268198e+01
1.162000e+01 5.003624e-02 1.759708e+01 1.268208e+01
1.162200e+01 5.003666e-02 1.759716e+01 1.268219e+01
1.162400e+01 5.003709e-02 1.759723e+01 1.268231e+01
1.162600e+01 5.003754e-02 1.759731e+01 1.268242e+01
1.162800e+01 5.003799e-02 1.759740e+01 1.268254e+01
1.163000e+01 5.003845e-02 1.759748e+01 1.268266e+01
1.163200e+01 5.003893e-02 1.759757e+01 1.268278e+01
1.163400e+01 5.003941e-02 1.759766e+01 1.268291e+01
1.163600e+01 5.003992e-02 1.759775e+01 1.268304e+01
1.163800e+01 5.004044e-02 1.759785e+01 1.268317e+01
1.164000e+01 5.004097e-02 1.759795e+01 1.268331e+01
1.164200e+01 5.004152e-02 1.759805e+01 1.268345e+01
1.164400e+01 5.004209e-02 1.759816e+01 1.268359e+01
1.164600e+01 5.004268e-02 1.759828e+01 1.268374e+01
1.164800e+01 5.004329e-02 1.759839e+01 1.268389e+01
1.165000e+01 5.004393e-02 1.759852e+01 1.268405e+01
1.165200e+01 5.004460e-02 1.759865e+01 1.268421e+01
1.165400e+01 5.004529e-02 1.759879e+01 1.268438e+01
1.165600e+01 5.004602e-02 1.759893e+01 1.268456e+01
1.165800e+01 5.004679e-02 1.759909e+01 1.268475e+01
1.166000e+01 5.004760e-02 1.759925e+01 1.268495e+01
1.166200e+01 5.004847e-02 1.759943e+01 1.268516e+01
1.166400e+01 5.004939e-02 1.759962e+01 1.268538e+01
1.166600e+01 5.005039e-02 1.759983e+01 1.268562e+01
1.166800e+01 5.005148e-02 1.760006e+01 1.268588e+01
1.167000e+01 5.005268e-02 1.760031e+01 1.268617e+01
1.167200e+01 5.005402e-02 1.760060e+01 1.268648e+01
1.167400e+01 5.005554e-02 1.760093e+01 1.268684e+01
1.167600e+01 5.005731e-02 1.760132e+01 1.268726e+01
1.167800e+01 5.005943e-02 1.760180e+01 1.268776e+01
1.168000e+01 5.006209e-02 1.760242e+01 1.268839e+01
1.168200e+01 5.006567e-02 1.760326e+01 1.268925e+01
1.168400e+01 5.007094e-02 1.760449e+01 1.269047e+01
1.168600e+01 5.006795e-02 1.760375e+01 1.268980e+01
1.168800e+01 5.006688e-02 1.760346e+01 1.268955e+01
1.169000e+01 5.006708e-02 1.760348e+01 1.268962e+01
1.169200e+01 5.006860e-02 1.760383e+01 1.269000e+01
1.169400e+01 5.006789e-02 1.760364e+01 1.268985e+01
1.169600e+01 5.006520e-02 1.760297e+01 1.268923e+01
1.169800e+01 5.006349e-02 1.760253e+01 1.268885e+01
1.170000e+01 5.006232e-02 1.760223e+01 1.268860e+01
1.170200e+01 5.006151e-02 1.760202e+01 1.268843e+01
1.170400e+01 5.006093e-02 1.760186e+01 1.268832e+01
1.170600e+01 5.006052e-02 1.760175e+01 1.268825e+01
1.170800e+01 5.006025e-02 1.760167e+01 1.268821e+01
1.171000e+01 5.006009e-02 1.760161e+01 1.268819e+01
1.171200e+01 5.006001e-02 1.760158e+01 1.268819e+01
1.171400e+01 5.006000e-02 1.760156e+01 1.268821e+01
1.171600e+01 5.006005e-02 1.760155e+01 1.268824e+01
1.171800e+01 5.006015e-02 1.760156e+01 1.268829e+01
1.172000e+01 5.006030e-02 1.760157e+01 1.268834e+01
1.172200e+01 5.006048e-02 1.760160e+01 1.268840e+01
1.172400e+01 5.006069e-02 1.760163e+01 1.268847e+01
1.172600e+01 5.006094e-02 1.760167e+01 1.268855e+01
1.172800e+01 5.006121e-02 1.760171e+01 1.268863e+01
1.173000e+01 5.006150e-02 1.760176e+01 1.268871e+01
1.173200e+01 5.006182e-02 1.760182e+01 1.268881e+01
1.173400e+01 5.006215e-02 1.760187e+01 1.268890e+01
1.173600e+01 5.006251e-02 1.760194e+01 1.268900e+01
1.173800e+01 5.006288e-02 1.760201e+01 1.268910e+01
1.174000e+01 5.006327e-02 1.760208e+01 1.268921e+01
1.174200e+01 5.006367e-02 1.760215e+01 1.268932e+01
1.174400e+01 5.006409e-02 1.760223e+01 1.268943e+01
1.174600e+01 5.006452e-02 1.760231e+01 1.268955e+01
1.174800e+01 5.006496e-02 1.760239e+01 1.268967e+01
1.175000e+01 5.006542e-02 1.760248e+01 1.268979e+01
1.175200e+01 5.006588e-02 1.760257e+01 1.268991e+01
1.175400e+01 5.006636e-02 1.760266e+01 1.269004e+01
1.175600e+01 5.006684e-02 1.760275e+01 1.269017e+01
1.175800e+01 5.006734e-02 1.760285e+01 1.269030e+01
1.176000e+01 5.006784e-02 1.760294e+01 1.269043e+01
1.176200e+01 5.006835e-02 1.760304e+01 1.269057e+01
1.176400e+01 5.006887e-02 1.760314e+01 1.269070e+01
1.176600e+01 5.006940e-02 1.760325e+01 1.269084e+01
1.176800e+01 5.006994e-02 1.760335e+01 1.269098e+01
1.177000e+01 5.007049e-02 1.760346e+01 1.269112e+01
1.177200e+01 5.007104e-02 1.760357e+01 1.269126e+01
1.177400e+01 5.007160e-02 1.760368e+01 1.269141e+01
1.177600e+01 5.007217e-02 1.760379e+01 1.269155e+01
1.177800e+01 5.007274e-02 1.760390e+01 1.269170e+01
1.178000e+01 5.007332e-02 1.760402e+01 1.269185e+01
1.178200e+01 5.007391e-02 1.760413e+01 1.269200e+01
1.178400e+01 5.007450e-02 1.760425e+01 1.269215e+01
1.178600e+01 5.007511e-02 1.760437e+01 1.269231e+01
1.178800e+01 5.007571e-02 1.760449e+01 1.269246e+01
1.179000e+01 5.007633e-02 1.760461e+01 1.269262e+01
1.179200e+01 5.007694e-02 1.760473e+01 1.269278e+01
1.179400e+01 5.007757e-02 1.760486e+01 1.269294e+01
1.179600e+01 5.007820e-02 1.760499e+01 1.269310e+01
1.179800e+01 5.007884e-02 1.760511e+01 1.269326e+01
1.180000e+01 5.007948e-02 1.760524e+01 1.269342e+01
1.180200e+01 5.008013e-02 1.760537e+01 1.269358e+01
1.180400e+01 5.008078e-02 1.760550e+01 1.269375e+01
1.180600e+01 5.008144e-02 1.760564e+01 1.269392e+01
1.180800e+01 5.008211e-02 1.760577e+01 1.269408e+01
1.181000e+01 5.008278e-02 1.760590e+01 1.269425e+01
1.181200e+01 5.008345e-02 1.760604e+01 1.269442e+01
1.181400e+01 5.008414e-02 1.760618e+01 1.269459e+01
1.181600e+01 5.008482e-02 1.760632e+01 1.269477e+01
1.181800e+01 5.008551e-02 1.760646e+01 1.269494e+01
1.182000e+01 5.008621e-02 1.760660e+01 1.269512e+01
1.182200e+01 5.008692e-02 1.760674e+01 1.269529e+01
1.182400e+01 5.008762e-02 1.760688e+01 1.269547e+01
1.182600e+01 5.008834e-02 1.760703e+01 1.269565e+01
1.182800e+01 5.008906e-02 1.760718e+01 1.269583e+01
1.183000e+01 5.008978e-02 1.760732e+01 1.269601e+01
1.183200e+01 5.009051e-02 1.760747e+01 1.269619e+01
1.183400e+01 5.009125e-02 1.760762e+01 1.269637e+01
1.183600e+01 5.009199e-02 1.760777e+01 1.269656e+01
1.183800e+01 5.009273e-02 1.760793e+01 1.269674e+01
1.184000e+01 5.009348e-02 1.760808e+01 1.269693e+01
1.184200e+01 5.009424e-02 1.760823e+01 1.269712e+01
1.184400e+01 5.009500e-02 1.760839e+01 1.269731e+01
1.184600e+01 5.009577e-02 1.760855e+01 1.269750e+01
1.184800e+01 5.009654e-02 1.760870e+01 1.269769e+01
1.185000e+01 5.009732e-02 1.760886e+01 1.269788e+01
1.185200e+01 5.009810e-02 1.760903e+01 1.269808e+01
1.185400e+01 5.009889e-02 1.760919e+01 1.269827e+01
1.185600e+01 5.009968e-02 1.760935e+01 1.269847e+01
1.185800e+01 5.010048e-02 1.760952e+01 1.269867e+01
1.186000e+01 5.010129e-02 1.760968e+01 1.269887e+01
1.186200e+01 5.010210e-02 1.760985e+01 1.269907e+01
1.186400e+01 5.010291e-02 1.761002e+01 1.269927e+01
1.186600e+01 5.010374e-02 1.761019e+01 1.269947e+01
1.186800e+01 5.010457e-02 1.761036e+01 1.269967e+01
1.187000e+01 5.010540e-02 1.761053e+01 1.269988e+01
1.187200e+01 5.010624e-02 1.761071e+01 1.270009e+01
1.187400e+01 5.010709e-02 1.761088e+01 1.270029e+01
1.187600e+01 5.010794e-02 1.761106e+01 1.270050e+01
1.187800e+01 5.010880e-02 1.761124e+01 1.270072e+01
1.188000e+01 5.010967e-02 1.761142e+01 1.270093e+01
1.188200e+01 5.011055e-02 1.761160e+01 1.270114e+01
1.188400e+01 5.011143e-02 1.761178e+01 1.270136e+01
1.188600e+01 5.011232e-02 1.761197e+01 1.270158e+01
1.188800e+01 5.011323e-02 1.761216e+01 1.270180e+01
1.189000e+01 5.011414e-02 1.761235e+01 1.270202e+01
1.189200e+01 5.011506e-02 1.761254e+01 1.270225e+01
1.189400e+01 5.011600e-02 1.761274e+01 1.270248e+01
1.189600e+01 5.011696e-02 1.761294e+01 1.270271e+01
1.189800e+01 5.011793e-02 1.761315e+01 1.270294e+01
1.190000e+01 5.011893e-02 1.761336e+01 1.270319e+01
1.190200e+01 5.011998e-02 1.761358e+01 1.270344e+01
1.190400e+01 5.012108e-02 1.761382e+01 1.270371e+01
1.190600e+01 5.012229e-02 1.761408e+01 1.270400e+01
1.190800e+01 5.012350e-02 1.761434e+01 1.270430e+01
1.191000e+01 5.012403e-02 1.761444e+01 1.270443e+01
1.191200e+01 5.012472e-02 1.761458e+01 1.270460e+01
1.191400e+01 5.012549e-02 1.761473e+01 1.270479e+01
1.191600e+01 5.012632e-02 1.761490e+01 1.270499e+01
1.191800e+01 5.012719e-02 1.761508e+01 1.270520e+01
1.192000e+01 5.012808e-02 1.761527e+01 1.270542e+01
1.192200e+01 5.012900e-02 1.761546e+01 1.270564e+01
1.192400e+01 5.012993e-02 1.761566e+01 1.270587e+01
1.192600e+01 5.013090e-02 1.761586e+01 1.270611e+01
1.192800e+01 5.013197e-02 1.761609e+01 1.270637e+01
1.193000e+01 5.013282e-02 1.761626e+01 1.270658e+01
1.193200e+01 5.013373e-02 1.761645e+01 1.270680e+01
1.193400e+01 5.013468e-02 1.761665e+01 1.270703e+01
1.193600e+01 5.013565e-02 1.761685e+01 1.270726e+01
1.193800e+01 5.013662e-02 1.761706e+01 1.270750e+01
1.194000e+01 5.013761e-02 1.761727e+01 1.270774e+01
1.194200e+01 5.013861e-02 1.761748e+01 1.270798e+01
1.194400e+01 5.013962e-02 1.761769e+01 1.270823e+01
1.194600e+01 5.014064e-02 1.761791e+01 1.270847e+01
1.194800e+01 5.014166e-02 1.761812e+01 1.270872e+01
1.195000e+01 5.014270e-02 1.761834e+01 1.270897e+01
1.195200e+01 5.014374e-02 1.761856e+01 1.270922e+01
1.195400e+01 5.014479e-02 1.761878e+01 1.270948e+01
1.195600e+01 5.014585e-02 1.761901e+01 1.270973e+01
1.195800e+01 5.014692e-02 1.761924e+01 1.270999e+01
1.196000e+01 5.014800e-02 1.761946e+01 1.271025e+01
1.196200e+01 5.014908e-02 1.761969e+01 1.271051e+01
1.196400e+01 5.015018e-02 1.761993e+01 1.271077e+01
1.196600e+01 5.015128e-02 1.762016e+01 1.271104e+01
1.196800e+01 5.015239e-02 1.762040e+01 1.271130e+01
1.197000e+01 5.015351e-02 1.762063e+01 1.271157e+01
1.197200e+01 5.015464e-02 1.762087e+01 1.271184e+01
1.197400e+01 5.015578e-02 1.762112e+01 1.271212e+01
1.197600e+01 5.015693e-02 1.762136e+01 1.271239e+01
1.197800e+01 5.015809e-02 1.762161e+01 1.271267e+01
1.198000e+01 5.015926e-02 1.762186e+01 1.271295e+01
1.198200e+01 5.016045e-02 1.762211e+01 1.271323e+01
1.198400e+01 5.016164e-02 1.762236e+01 1.271352e+01
1.198600e+01 5.016284e-02 1.762262e+01 1.271380e+01
1.198800e+01 5.016406e-02 1.762288e+01 1.271409e+01
1.199000e+01 5.016529e-02 1.762314e+01 1.271438e+01
1.199200e+01 5.016653e-02 1.762341e+01 1.271468e+01
1.199400e+01 5.016778e-02 1.762368e+01 1.271498e+01
1.199600e+01 5.016905e-02 1.762395e+01 1.271528e+01
1.199800e+01 5.017034e-02 1.762422e+01 1.271558e+01
