0.000000e+00 5.967782e-02 1.999799e+01 1.478871e+01
2.000000e-03 5.966173e-02 1.999458e+01 1.478535e+01
4.000000e-03 5.964806e-02 1.999172e+01 1.478253e+01
6.000000e-03 5.963667e-02 1.998936e+01 1.478019e+01
8.000000e-03 5.962745e-02 1.998749e+01 1.477833e+01
1.000000e-02 5.962035e-02 1.998608e+01 1.477693e+01
1.200000e-02 5.961534e-02 1.998515e+01 1.477598e+01
1.400000e-02 5.961242e-02 1.998467e+01 1.477548e+01
1.600000e-02 5.961163e-02 1.998468e+01 1.477544e+01
1.800000e-02 5.961305e-02 1.998517e+01 1.477589e+01
2.000000e-02 5.961681e-02 1.998619e+01 1.477684e+01
2.200000e-02 5.962308e-02 1.998778e+01 1.477834e+01
2.400000e-02 5.963212e-02 1.999000e+01 1.478046e+01
2.600000e-02 5.964433e-02 1.999294e+01 1.478328e+01
2.800000e-02 5.966022e-02 1.999672e+01 1.478693e+01
3.000000e-02 5.968060e-02 2.000155e+01 1.479159e+01
3.200000e-02 5.970666e-02 2.000771e+01 1.479754e+01
3.400000e-02 5.974029e-02 2.001567e+01 1.480524e+01
3.600000e-02 5.978472e-02 2.002621e+01 1.481546e+01
3.800000e-02 5.984617e-02 2.004087e+01 1.482969e+01
4.000000e-02 5.993901e-02 2.006321e+01 1.485137e+01
4.200000e-02 6.011242e-02 2.010511e+01 1.489211e+01
4.400000e-02 6.079465e-02 2.025932e+01 1.504216e+01
4.600000e-02 6.006271e-02 2.009413e+01 1.488135e+01
4.800000e-02 5.988261e-02 2.005156e+01 1.483988e+01
5.000000e-02 5.977299e-02 2.002614e+01 1.481512e+01
5.200000e-02 5.969230e-02 2.000780e+01 1.479724e+01
5.400000e-02 5.962756e-02 1.999331e+01 1.478311e+01
5.600000e-02 5.957298e-02 1.998126e+01 1.477135e+01
5.800000e-02 5.952550e-02 1.997089e+01 1.476122e+01
6.000000e-02 5.948327e-02 1.996176e+01 1.475229e+01
6.200000e-02 5.944511e-02 1.995357e+01 1.474429e+01
6.400000e-02 5.941021e-02 1.994613e+01 1.473702e+01
6.600000e-02 5.937800e-02 1.993931e+01 1.473035e+01
6.800000e-02 5.934808e-02 1.993301e+01 1.472418e+01
7.000000e-02 5.932012e-02 1.992716e+01 1.471845e+01
7.200000e-02 5.929388e-02 1.992169e+01 1.471309e+01
7.400000e-02 5.926917e-02 1.991656e+01 1.470806e+01
7.600000e-02 5.924584e-02 1.991174e+01 1.470333e+01
7.800000e-02 5.922375e-02 1.990719e+01 1.469887e+01
8.000000e-02 5.920281e-02 1.990289e+01 1.469465e+01
8.200000e-02 5.918291e-02 1.989882e+01 1.469066e+01
8.400000e-02 5.916399e-02 1.989497e+01 1.468687e+01
8.600000e-02 5.914596e-02 1.989131e+01 1.468327e+01
8.800000e-02 5.912877e-02 1.988783e+01 1.467985e+01
9.000000e-02 5.911238e-02 1.988452e+01 1.467659e+01
9.200000e-02 5.909672e-02 1.988137e+01 1.467349e+01
9.400000e-02 5.908177e-02 1.987838e+01 1.467054e+01
9.600000e-02 5.906747e-02 1.987552e+01 1.466772e+01
9.800000e-02 5.905381e-02 1.987280e+01 1.466504e+01
1.000000e-01 5.904075e-02 1.987020e+01 1.466247e+01
1.020000e-01 5.902826e-02 1.986773e+01 1.466003e+01
1.040000e-01 5.901632e-02 1.986537e+01 1.465770e+01
1.060000e-01 5.900490e-02 1.986312e+01 1.465547e+01
1.080000e-01 5.899399e-02 1.986098e+01 1.465335e+01
1.100000e-01 5.898357e-02 1.985895e+01 1.465133e+01
1.120000e-01 5.897362e-02 1.985701e+01 1.464941e+01
1.140000e-01 5.896412e-02 1.985516e+01 1.464758e+01
1.160000e-01 5.895507e-02 1.985341e+01 1.464584e+01
1.180000e-01 5.894645e-02 1.985175e+01 1.464418e+01
1.200000e-01 5.893825e-02 1.985018e+01 1.464261e+01
1.220000e-01 5.893046e-02 1.984869e+01 1.464113e+01
1.240000e-01 5.892307e-02 1.984728e+01 1.463972e+01
1.260000e-01 5.891607e-02 1.984596e+01 1.463840e+01
1.280000e-01 5.890945e-02 1.984472e+01 1.463715e+01
1.300000e-01 5.890322e-02 1.984355e+01 1.463597e+01
1.320000e-01 5.889735e-02 1.984246e+01 1.463488e+01
1.340000e-01 5.889185e-02 1.984145e+01 1.463385e+01
1.360000e-01 5.888672e-02 1.984051e+01 1.463290e+01
1.380000e-01 5.888194e-02 1.983964e+01 1.463202e+01
1.400000e-01 5.887752e-02 1.983885e+01 1.463121e+01
1.420000e-01 5.887346e-02 1.983813e+01 1.463048e+01
1.440000e-01 5.886974e-02 1.983749e+01 1.462981e+01
1.460000e-01 5.886637e-02 1.983691e+01 1.462921e+01
1.480000e-01 5.886335e-02 1.983641e+01 1.462868e+01
1.500000e-01 5.886068e-02 1.983598e+01 1.462822e+01
1.520000e-01 5.885836e-02 1.983562e+01 1.462784e+01
1.540000e-01 5.885639e-02 1.983533e+01 1.462752e+01
1.560000e-01 5.885476e-02 1.983512e+01 1.462727e+01
1.580000e-01 5.885349e-02 1.983497e+01 1.462709e+01
1.600000e-01 5.885257e-02 1.983490e+01 1.462699e+01
1.620000e-01 5.885201e-02 1.983491e+01 1.462695e+01
1.640000e-01 5.885182e-02 1.983499e+01 1.462699e+01
1.660000e-01 5.885198e-02 1.983514e+01 1.462710e+01
1.680000e-01 5.885252e-02 1.983537e+01 1.462729e+01
1.700000e-01 5.885343e-02 1.983568e+01 1.462755e+01
1.720000e-01 5.885473e-02 1.983607e+01 1.462789e+01
1.740000e-01 5.885642e-02 1.983654e+01 1.462830e+01
1.760000e-01 5.885850e-02 1.983709e+01 1.462880e+01
1.780000e-01 5.886099e-02 1.983773e+01 1.462938e+01
1.800000e-01 5.886390e-02 1.983845e+01 1.463005e+01
1.820000e-01 5.886723e-02 1.983926e+01 1.463080e+01
1.840000e-01 5.887100e-02 1.984017e+01 1.463164e+01
1.860000e-01 5.887523e-02 1.984117e+01 1.463257e+01
1.880000e-01 5.887992e-02 1.984226e+01 1.463360e+01
1.900000e-01 5.888509e-02 1.984346e+01 1.463473e+01
1.920000e-01 5.889076e-02 1.984477e+01 1.463596e+01
1.940000e-01 5.889696e-02 1.984618e+01 1.463729e+01
1.960000e-01 5.890369e-02 1.984771e+01 1.463874e+01
1.980000e-01 5.891099e-02 1.984936e+01 1.464031e+01
2.000000e-01 5.891887e-02 1.985114e+01 1.464199e+01
2.020000e-01 5.892737e-02 1.985304e+01 1.464381e+01
2.040000e-01 5.893652e-02 1.985509e+01 1.464576e+01
2.060000e-01 5.894636e-02 1.985728e+01 1.464785e+01
2.080000e-01 5.895691e-02 1.985962e+01 1.465009e+01
2.100000e-01 5.896823e-02 1.986213e+01 1.465249e+01
2.120000e-01 5.898035e-02 1.986482e+01 1.465507e+01
2.140000e-01 5.899334e-02 1.986769e+01 1.465782e+01
2.160000e-01 5.900724e-02 1.987076e+01 1.466077e+01
2.180000e-01 5.902214e-02 1.987405e+01 1.466393e+01
2.200000e-01 5.903809e-02 1.987757e+01 1.466731e+01
2.220000e-01 5.905518e-02 1.988134e+01 1.467094e+01
2.240000e-01 5.907352e-02 1.988538e+01 1.467483e+01
2.260000e-01 5.909321e-02 1.988973e+01 1.467901e+01
2.280000e-01 5.911437e-02 1.989439e+01 1.468351e+01
2.300000e-01 5.913715e-02 1.989942e+01 1.468837e+01
2.320000e-01 5.916173e-02 1.990485e+01 1.469361e+01
2.340000e-01 5.918831e-02 1.991073e+01 1.469929e+01
2.360000e-01 5.921714e-02 1.991712e+01 1.470546e+01
2.380000e-01 5.924853e-02 1.992409e+01 1.471220e+01
2.400000e-01 5.928287e-02 1.993174e+01 1.471960e+01
2.420000e-01 5.932067e-02 1.994017e+01 1.472776e+01
2.440000e-01 5.936259e-02 1.994956e+01 1.473685e+01
2.460000e-01 5.940953e-02 1.996011e+01 1.474708e+01
2.480000e-01 5.946275e-02 1.997214e+01 1.475874e+01
2.500000e-01 5.952412e-02 1.998608e+01 1.477226e+01
2.520000e-01 5.959645e-02 2.000262e+01 1.478831e+01
2.540000e-01 5.968433e-02 2.002290e+01 1.480800e+01
2.560000e-01 5.979607e-02 2.004894e+01 1.483329e+01
2.580000e-01 5.994903e-02 2.008504e+01 1.486838e+01
2.600000e-01 6.019106e-02 2.014293e+01 1.492467e+01
2.620000e-01 6.082451e-02 2.029237e+01 1.507008e+01
2.640000e-01 6.056432e-02 2.023245e+01 1.501172e+01
2.660000e-01 6.010365e-02 2.012303e+01 1.490519e+01
2.680000e-01 5.987944e-02 2.007020e+01 1.485374e+01
2.700000e-01 5.972749e-02 2.003506e+01 1.481952e+01
2.720000e-01 5.961133e-02 2.000864e+01 1.479378e+01
2.740000e-01 5.951658e-02 1.998738e+01 1.477306e+01
2.760000e-01 5.943609e-02 1.996954e+01 1.475566e+01
2.780000e-01 5.936579e-02 1.995410e+01 1.474061e+01
2.800000e-01 5.930312e-02 1.994047e+01 1.472731e+01
2.820000e-01 5.924640e-02 1.992822e+01 1.471537e+01
2.840000e-01 5.919446e-02 1.991709e+01 1.470450e+01
2.860000e-01 5.914646e-02 1.990686e+01 1.469451e+01
2.880000e-01 5.910178e-02 1.989739e+01 1.468527e+01
2.900000e-01 5.905995e-02 1.988857e+01 1.467665e+01
2.920000e-01 5.902059e-02 1.988032e+01 1.466858e+01
2.940000e-01 5.898341e-02 1.987255e+01 1.466099e+01
2.960000e-01 5.894818e-02 1.986522e+01 1.465383e+01
2.980000e-01 5.891468e-02 1.985828e+01 1.464704e+01
3.000000e-01 5.888277e-02 1.985169e+01 1.464059e+01
3.020000e-01 5.885229e-02 1.984542e+01 1.463446e+01
3.040000e-01 5.882313e-02 1.983944e+01 1.462861e+01
3.060000e-01 5.879517e-02 1.983373e+01 1.462301e+01
3.080000e-01 5.876833e-02 1.982826e+01 1.461766e+01
3.100000e-01 5.874252e-02 1.982302e+01 1.461252e+01
3.120000e-01 5.871766e-02 1.981799e+01 1.460759e+01
3.140000e-01 5.869371e-02 1.981315e+01 1.460285e+01
3.160000e-01 5.867060e-02 1.980849e+01 1.459828e+01
3.180000e-01 5.864827e-02 1.980401e+01 1.459388e+01
3.200000e-01 5.862669e-02 1.979969e+01 1.458964e+01
3.220000e-01 5.860581e-02 1.979552e+01 1.458555e+01
3.240000e-01 5.858560e-02 1.979149e+01 1.458160e+01
3.260000e-01 5.856602e-02 1.978760e+01 1.457777e+01
3.280000e-01 5.854705e-02 1.978384e+01 1.457408e+01
3.300000e-01 5.852865e-02 1.978020e+01 1.457050e+01
3.320000e-01 5.851081e-02 1.977668e+01 1.456704e+01
3.340000e-01 5.849350e-02 1.977327e+01 1.456369e+01
3.360000e-01 5.847670e-02 1.976998e+01 1.456045e+01
3.380000e-01 5.846040e-02 1.976679e+01 1.455731e+01
3.400000e-01 5.844459e-02 1.976370e+01 1.455427e+01
3.420000e-01 5.842924e-02 1.976071e+01 1.455133e+01
3.440000e-01 5.841435e-02 1.975782e+01 1.454848e+01
3.460000e-01 5.839991e-02 1.975503e+01 1.454572e+01
3.480000e-01 5.838591e-02 1.975232e+01 1.454306e+01
3.500000e-01 5.837234e-02 1.974971e+01 1.454048e+01
3.520000e-01 5.835921e-02 1.974719e+01 1.453799e+01
3.540000e-01 5.834650e-02 1.974477e+01 1.453559e+01
3.560000e-01 5.833421e-02 1.974243e+01 1.453328e+01
3.580000e-01 5.832235e-02 1.974018e+01 1.453106e+01
3.600000e-01 5.831092e-02 1.973802e+01 1.452892e+01
3.620000e-01 5.829992e-02 1.973596e+01 1.452688e+01
3.640000e-01 5.828935e-02 1.973398e+01 1.452492e+01
3.660000e-01 5.827924e-02 1.973211e+01 1.452306e+01
3.680000e-01 5.826958e-02 1.973033e+01 1.452129e+01
3.700000e-01 5.826039e-02 1.972865e+01 1.451962e+01
3.720000e-01 5.825169e-02 1.972708e+01 1.451805e+01
3.740000e-01 5.824350e-02 1.972562e+01 1.451659e+01
3.760000e-01 5.823585e-02 1.972427e+01 1.451525e+01
3.780000e-01 5.822878e-02 1.972305e+01 1.451403e+01
3.800000e-01 5.822231e-02 1.972197e+01 1.451293e+01
3.820000e-01 5.821651e-02 1.972103e+01 1.451198e+01
3.840000e-01 5.821143e-02 1.972025e+01 1.451118e+01
3.860000e-01 5.820715e-02 1.971965e+01 1.451056e+01
3.880000e-01 5.820376e-02 1.971925e+01 1.451014e+01
3.900000e-01 5.820140e-02 1.971908e+01 1.450993e+01
3.920000e-01 5.820021e-02 1.971918e+01 1.450999e+01
3.940000e-01 5.820039e-02 1.971960e+01 1.451036e+01
3.960000e-01 5.820224e-02 1.972040e+01 1.451110e+01
3.980000e-01 5.820610e-02 1.972167e+01 1.451230e+01
4.000000e-01 5.821251e-02 1.972355e+01 1.451408e+01
4.020000e-01 5.822222e-02 1.972622e+01 1.451664e+01
4.040000e-01 5.823645e-02 1.972998e+01 1.452026e+01
4.060000e-01 5.825718e-02 1.973535e+01 1.452544e+01
4.080000e-01 5.828815e-02 1.974326e+01 1.453308e+01
4.100000e-01 5.834023e-02 1.975619e+01 1.454561e+01
4.120000e-01 5.831631e-02 1.975097e+01 1.454050e+01
4.140000e-01 5.825421e-02 1.973647e+01 1.452636e+01
4.160000e-01 5.820909e-02 1.972609e+01 1.451624e+01
4.180000e-01 5.817323e-02 1.971801e+01 1.450835e+01
4.200000e-01 5.814339e-02 1.971141e+01 1.450190e+01
4.220000e-01 5.811777e-02 1.970584e+01 1.449644e+01
4.240000e-01 5.809528e-02 1.970101e+01 1.449171e+01
4.260000e-01 5.807522e-02 1.969675e+01 1.448753e+01
4.280000e-01 5.805710e-02 1.969295e+01 1.448380e+01
4.300000e-01 5.804058e-02 1.968952e+01 1.448043e+01
4.320000e-01 5.802541e-02 1.968640e+01 1.447736e+01
4.340000e-01 5.801141e-02 1.968355e+01 1.447455e+01
4.360000e-01 5.799845e-02 1.968094e+01 1.447197e+01
4.380000e-01 5.798616e-02 1.967847e+01 1.446953e+01
4.400000e-01 5.797464e-02 1.967617e+01 1.446726e+01
4.420000e-01 5.796387e-02 1.967404e+01 1.446515e+01
4.440000e-01 5.795378e-02 1.967207e+01 1.446319e+01
4.460000e-01 5.794432e-02 1.967023e+01 1.446136e+01
4.480000e-01 5.793543e-02 1.966851e+01 1.445966e+01
4.500000e-01 5.792710e-02 1.966692e+01 1.445808e+01
4.520000e-01 5.791930e-02 1.966545e+01 1.445660e+01
4.540000e-01 5.791202e-02 1.966408e+01 1.445524e+01
4.560000e-01 5.790523e-02 1.966283e+01 1.445398e+01
4.580000e-01 5.789893e-02 1.966168e+01 1.445283e+01
4.600000e-01 5.789312e-02 1.966064e+01 1.445177e+01
4.620000e-01 5.788780e-02 1.965970e+01 1.445082e+01
4.640000e-01 5.788297e-02 1.965887e+01 1.444998e+01
4.660000e-01 5.787864e-02 1.965814e+01 1.444924e+01
4.680000e-01 5.787482e-02 1.965753e+01 1.444860e+01
4.700000e-01 5.787152e-02 1.965703e+01 1.444808e+01
4.720000e-01 5.786876e-02 1.965665e+01 1.444767e+01
4.740000e-01 5.786658e-02 1.965640e+01 1.444739e+01
4.760000e-01 5.786499e-02 1.965628e+01 1.444723e+01
4.780000e-01 5.786405e-02 1.965630e+01 1.444721e+01
4.800000e-01 5.786379e-02 1.965647e+01 1.444734e+01
4.820000e-01 5.786428e-02 1.965681e+01 1.444763e+01
4.840000e-01 5.786558e-02 1.965733e+01 1.444810e+01
4.860000e-01 5.786779e-02 1.965805e+01 1.444876e+01
4.880000e-01 5.787103e-02 1.965901e+01 1.444966e+01
4.900000e-01 5.787542e-02 1.966024e+01 1.445081e+01
4.920000e-01 5.788117e-02 1.966177e+01 1.445226e+01
4.940000e-01 5.788851e-02 1.966368e+01 1.445408e+01
4.960000e-01 5.789779e-02 1.966605e+01 1.445634e+01
4.980000e-01 5.790982e-02 1.966906e+01 1.445923e+01
5.000000e-01 5.792233e-02 1.967221e+01 1.446225e+01
5.020000e-01 5.793854e-02 1.967625e+01 1.446614e+01
5.040000e-01 5.795974e-02 1.968154e+01 1.447123e+01
5.060000e-01 5.798851e-02 1.968872e+01 1.447817e+01
5.080000e-01 5.804450e-02 1.970210e+01 1.449114e+01
5.100000e-01 5.799978e-02 1.969205e+01 1.448134e+01
5.120000e-01 5.795298e-02 1.968116e+01 1.447071e+01
5.140000e-01 5.791706e-02 1.967295e+01 1.446269e+01
5.160000e-01 5.788700e-02 1.966620e+01 1.445610e+01
5.180000e-01 5.786100e-02 1.966045e+01 1.445048e+01
5.200000e-01 5.783805e-02 1.965545e+01 1.444557e+01
5.220000e-01 5.781750e-02 1.965102e+01 1.444123e+01
5.240000e-01 5.779890e-02 1.964705e+01 1.443733e+01
5.260000e-01 5.778192e-02 1.964346e+01 1.443380e+01
5.280000e-01 5.776630e-02 1.964018e+01 1.443058e+01
5.300000e-01 5.775185e-02 1.963717e+01 1.442762e+01
5.320000e-01 5.773842e-02 1.963439e+01 1.442488e+01
5.340000e-01 5.772587e-02 1.963182e+01 1.442234e+01
5.360000e-01 5.771412e-02 1.962942e+01 1.441997e+01
5.380000e-01 5.770309e-02 1.962719e+01 1.441776e+01
5.400000e-01 5.769270e-02 1.962510e+01 1.441569e+01
5.420000e-01 5.768290e-02 1.962313e+01 1.441375e+01
5.440000e-01 5.767364e-02 1.962129e+01 1.441192e+01
5.460000e-01 5.766489e-02 1.961956e+01 1.441020e+01
5.480000e-01 5.765661e-02 1.961794e+01 1.440858e+01
5.500000e-01 5.764876e-02 1.961641e+01 1.440705e+01
5.520000e-01 5.764134e-02 1.961496e+01 1.440562e+01
5.540000e-01 5.763431e-02 1.961361e+01 1.440426e+01
5.560000e-01 5.762765e-02 1.961234e+01 1.440298e+01
5.580000e-01 5.762135e-02 1.961114e+01 1.440178e+01
5.600000e-01 5.761540e-02 1.961002e+01 1.440066e+01
5.620000e-01 5.760978e-02 1.960897e+01 1.439960e+01
5.640000e-01 5.760448e-02 1.960799e+01 1.439860e+01
5.660000e-01 5.759950e-02 1.960707e+01 1.439768e+01
5.680000e-01 5.759482e-02 1.960623e+01 1.439682e+01
5.700000e-01 5.759044e-02 1.960544e+01 1.439602e+01
5.720000e-01 5.758636e-02 1.960472e+01 1.439528e+01
5.740000e-01 5.758257e-02 1.960407e+01 1.439460e+01
5.760000e-01 5.757907e-02 1.960347e+01 1.439398e+01
5.780000e-01 5.757587e-02 1.960294e+01 1.439343e+01
5.800000e-01 5.757295e-02 1.960247e+01 1.439293e+01
5.820000e-01 5.757033e-02 1.960206e+01 1.439250e+01
5.840000e-01 5.756801e-02 1.960172e+01 1.439213e+01
5.860000e-01 5.756599e-02 1.960144e+01 1.439182e+01
5.880000e-01 5.756428e-02 1.960123e+01 1.439158e+01
5.900000e-01 5.756289e-02 1.960109e+01 1.439140e+01
5.920000e-01 5.756184e-02 1.960103e+01 1.439130e+01
5.940000e-01 5.756113e-02 1.960103e+01 1.439127e+01
5.960000e-01 5.756080e-02 1.960112e+01 1.439132e+01
5.980000e-01 5.756085e-02 1.960130e+01 1.439145e+01
6.000000e-01 5.756131e-02 1.960156e+01 1.439167e+01
6.020000e-01 5.756224e-02 1.960193e+01 1.439199e+01
6.040000e-01 5.756366e-02 1.960241e+01 1.439241e+01
6.060000e-01 5.756563e-02 1.960301e+01 1.439296e+01
6.080000e-01 5.756825e-02 1.960376e+01 1.439365e+01
6.100000e-01 5.757160e-02 1.960468e+01 1.439450e+01
6.120000e-01 5.757585e-02 1.960581e+01 1.439556e+01
6.140000e-01 5.758124e-02 1.960721e+01 1.439688e+01
6.160000e-01 5.758818e-02 1.960898e+01 1.439856e+01
6.180000e-01 5.759742e-02 1.961130e+01 1.440078e+01
6.200000e-01 5.760985e-02 1.961433e+01 1.440369e+01
6.220000e-01 5.760637e-02 1.961362e+01 1.440296e+01
6.240000e-01 5.760728e-02 1.961391e+01 1.440320e+01
6.260000e-01 5.761087e-02 1.961485e+01 1.440408e+01
6.280000e-01 5.761671e-02 1.961634e+01 1.440548e+01
6.300000e-01 5.762480e-02 1.961838e+01 1.440743e+01
6.320000e-01 5.763544e-02 1.962105e+01 1.440998e+01
6.340000e-01 5.764939e-02 1.962454e+01 1.441333e+01
6.360000e-01 5.766973e-02 1.962958e+01 1.441819e+01
6.380000e-01 5.768578e-02 1.963342e+01 1.442188e+01
6.400000e-01 5.765307e-02 1.962595e+01 1.441459e+01
6.420000e-01 5.763229e-02 1.962116e+01 1.440990e+01
6.440000e-01 5.761517e-02 1.961728e+01 1.440609e+01
6.460000e-01 5.760071e-02 1.961406e+01 1.440292e+01
6.480000e-01 5.758825e-02 1.961133e+01 1.440023e+01
6.500000e-01 5.757738e-02 1.960899e+01 1.439791e+01
6.520000e-01 5.756781e-02 1.960695e+01 1.439590e+01
6.540000e-01 5.755934e-02 1.960517e+01 1.439413e+01
6.560000e-01 5.755182e-02 1.960362e+01 1.439258e+01
6.580000e-01 5.754513e-02 1.960225e+01 1.439121e+01
6.600000e-01 5.753919e-02 1.960105e+01 1.439001e+01
6.620000e-01 5.753392e-02 1.960001e+01 1.438896e+01
6.640000e-01 5.752927e-02 1.959911e+01 1.438804e+01
6.660000e-01 5.752519e-02 1.959834e+01 1.438725e+01
6.680000e-01 5.752165e-02 1.959768e+01 1.438658e+01
6.700000e-01 5.751863e-02 1.959714e+01 1.438602e+01
6.720000e-01 5.751609e-02 1.959671e+01 1.438556e+01
6.740000e-01 5.751404e-02 1.959638e+01 1.438520e+01
6.760000e-01 5.751244e-02 1.959616e+01 1.438495e+01
6.780000e-01 5.751131e-02 1.959604e+01 1.438479e+01
6.800000e-01 5.751063e-02 1.959601e+01 1.438473e+01
6.820000e-01 5.751041e-02 1.959609e+01 1.438476e+01
6.840000e-01 5.751064e-02 1.959627e+01 1.438490e+01
6.860000e-01 5.751135e-02 1.959655e+01 1.438513e+01
6.880000e-01 5.751254e-02 1.959694e+01 1.438547e+01
6.900000e-01 5.751422e-02 1.959743e+01 1.438591e+01
6.920000e-01 5.751642e-02 1.959804e+01 1.438647e+01
6.940000e-01 5.751916e-02 1.959877e+01 1.438714e+01
6.960000e-01 5.752247e-02 1.959963e+01 1.438793e+01
6.980000e-01 5.752639e-02 1.960063e+01 1.438886e+01
7.000000e-01 5.753097e-02 1.960177e+01 1.438993e+01
7.020000e-01 5.753627e-02 1.960307e+01 1.439116e+01
7.040000e-01 5.754235e-02 1.960455e+01 1.439256e+01
7.060000e-01 5.754931e-02 1.960623e+01 1.439415e+01
7.080000e-01 5.755725e-02 1.960814e+01 1.439597e+01
7.100000e-01 5.756632e-02 1.961031e+01 1.439803e+01
7.120000e-01 5.757670e-02 1.961278e+01 1.440039e+01
7.140000e-01 5.758861e-02 1.961561e+01 1.440311e+01
7.160000e-01 5.760236e-02 1.961888e+01 1.440624e+01
7.180000e-01 5.761839e-02 1.962269e+01 1.440991e+01
7.200000e-01 5.763731e-02 1.962722e+01 1.441427e+01
7.220000e-01 5.766014e-02 1.963271e+01 1.441957e+01
7.240000e-01 5.768874e-02 1.963964e+01 1.442626e+01
7.260000e-01 5.772437e-02 1.964830e+01 1.443464e+01
7.280000e-01 5.774634e-02 1.965349e+01 1.443964e+01
7.300000e-01 5.769425e-02 1.964138e+01 1.442784e+01
7.320000e-01 5.766276e-02 1.963400e+01 1.442063e+01
7.340000e-01 5.763746e-02 1.962818e+01 1.441493e+01
7.360000e-01 5.761620e-02 1.962337e+01 1.441022e+01
7.380000e-01 5.759795e-02 1.961929e+01 1.440622e+01
7.400000e-01 5.758204e-02 1.961578e+01 1.440277e+01
7.420000e-01 5.756804e-02 1.961273e+01 1.439977e+01
7.440000e-01 5.755561e-02 1.961005e+01 1.439712e+01
7.460000e-01 5.754453e-02 1.960768e+01 1.439478e+01
7.480000e-01 5.753459e-02 1.960557e+01 1.439270e+01
7.500000e-01 5.752565e-02 1.960370e+01 1.439084e+01
7.520000e-01 5.751760e-02 1.960203e+01 1.438918e+01
7.540000e-01 5.751033e-02 1.960053e+01 1.438769e+01
7.560000e-01 5.750376e-02 1.959920e+01 1.438635e+01
7.580000e-01 5.749785e-02 1.959801e+01 1.438516e+01
7.600000e-01 5.749252e-02 1.959695e+01 1.438409e+01
7.620000e-01 5.748775e-02 1.959602e+01 1.438315e+01
7.640000e-01 5.748349e-02 1.959520e+01 1.438231e+01
7.660000e-01 5.747971e-02 1.959448e+01 1.438158e+01
7.680000e-01 5.747639e-02 1.959387e+01 1.438094e+01
7.700000e-01 5.747351e-02 1.959336e+01 1.438041e+01
7.720000e-01 5.747106e-02 1.959293e+01 1.437996e+01
7.740000e-01 5.746902e-02 1.959260e+01 1.437960e+01
7.760000e-01 5.746738e-02 1.959236e+01 1.437932e+01
7.780000e-01 5.746614e-02 1.959220e+01 1.437913e+01
7.800000e-01 5.746530e-02 1.959213e+01 1.437902e+01
7.820000e-01 5.746487e-02 1.959215e+01 1.437900e+01
7.840000e-01 5.746484e-02 1.959226e+01 1.437907e+01
7.860000e-01 5.746525e-02 1.959247e+01 1.437924e+01
7.880000e-01 5.746612e-02 1.959278e+01 1.437950e+01
7.900000e-01 5.746751e-02 1.959321e+01 1.437988e+01
7.920000e-01 5.746952e-02 1.959379e+01 1.438040e+01
7.940000e-01 5.747279e-02 1.959465e+01 1.438120e+01
7.960000e-01 5.747376e-02 1.959496e+01 1.438147e+01
7.980000e-01 5.747335e-02 1.959495e+01 1.438141e+01
8.000000e-01 5.747409e-02 1.959519e+01 1.438161e+01
8.020000e-01 5.747552e-02 1.959560e+01 1.438197e+01
8.040000e-01 5.747757e-02 1.959615e+01 1.438246e+01
8.060000e-01 5.748024e-02 1.959684e+01 1.438310e+01
8.080000e-01 5.748357e-02 1.959769e+01 1.438388e+01
8.100000e-01 5.748762e-02 1.959870e+01 1.438482e+01
8.120000e-01 5.749254e-02 1.959992e+01 1.438597e+01
8.140000e-01 5.749857e-02 1.960140e+01 1.438737e+01
8.160000e-01 5.750652e-02 1.960335e+01 1.438923e+01
8.180000e-01 5.751178e-02 1.960463e+01 1.439043e+01
8.200000e-01 5.750752e-02 1.960366e+01 1.438945e+01
8.220000e-01 5.750622e-02 1.960337e+01 1.438913e+01
8.240000e-01 5.750616e-02 1.960339e+01 1.438911e+01
8.260000e-01 5.750702e-02 1.960362e+01 1.438930e+01
8.280000e-01 5.750866e-02 1.960403e+01 1.438966e+01
8.300000e-01 5.751096e-02 1.960460e+01 1.439017e+01
8.320000e-01 5.751389e-02 1.960531e+01 1.439082e+01
8.340000e-01 5.751739e-02 1.960614e+01 1.439159e+01
8.360000e-01 5.752146e-02 1.960710e+01 1.439248e+01
8.380000e-01 5.752608e-02 1.960818e+01 1.439350e+01
8.400000e-01 5.753125e-02 1.960939e+01 1.439463e+01
8.420000e-01 5.753697e-02 1.961071e+01 1.439587e+01
8.440000e-01 5.754326e-02 1.961216e+01 1.439724e+01
8.460000e-01 5.755013e-02 1.961373e+01 1.439873e+01
8.480000e-01 5.755760e-02 1.961544e+01 1.440035e+01
8.500000e-01 5.756571e-02 1.961728e+01 1.440211e+01
8.520000e-01 5.757449e-02 1.961928e+01 1.440400e+01
8.540000e-01 5.758397e-02 1.962142e+01 1.440605e+01
8.560000e-01 5.759420e-02 1.962373e+01 1.440826e+01
8.580000e-01 5.760524e-02 1.962622e+01 1.441064e+01
8.600000e-01 5.761716e-02 1.962890e+01 1.441320e+01
8.620000e-01 5.763001e-02 1.963179e+01 1.441597e+01
8.640000e-01 5.764389e-02 1.963491e+01 1.441896e+01
8.660000e-01 5.765890e-02 1.963828e+01 1.442220e+01
8.680000e-01 5.767517e-02 1.964193e+01 1.442571e+01
8.700000e-01 5.769285e-02 1.964591e+01 1.442953e+01
8.720000e-01 5.771231e-02 1.965028e+01 1.443374e+01
8.740000e-01 5.773291e-02 1.965491e+01 1.443820e+01
8.760000e-01 5.775576e-02 1.966006e+01 1.444316e+01
8.780000e-01 5.778106e-02 1.966577e+01 1.444868e+01
8.800000e-01 5.780933e-02 1.967219e+01 1.445487e+01
8.820000e-01 5.784198e-02 1.967963e+01 1.446207e+01
8.840000e-01 5.787267e-02 1.968656e+01 1.446876e+01
8.860000e-01 5.789422e-02 1.969132e+01 1.447335e+01
8.880000e-01 5.792271e-02 1.969770e+01 1.447951e+01
8.900000e-01 5.795670e-02 1.970538e+01 1.448694e+01
8.920000e-01 5.799682e-02 1.971452e+01 1.449578e+01
8.940000e-01 5.804423e-02 1.972540e+01 1.450631e+01
8.960000e-01 5.810082e-02 1.973848e+01 1.451899e+01
8.980000e-01 5.816956e-02 1.975454e+01 1.453455e+01
9.000000e-01 5.825560e-02 1.977488e+01 1.455428e+01
9.020000e-01 5.836968e-02 1.980223e+01 1.458083e+01
9.040000e-01 5.859585e-02 1.985473e+01 1.463184e+01
9.060000e-01 5.840450e-02 1.981079e+01 1.458908e+01
9.080000e-01 5.827887e-02 1.978079e+01 1.455988e+01
9.100000e-01 5.818628e-02 1.975902e+01 1.453868e+01
9.120000e-01 5.811272e-02 1.974199e+01 1.452208e+01
9.140000e-01 5.805208e-02 1.972812e+01 1.450857e+01
9.160000e-01 5.800091e-02 1.971654e+01 1.449727e+01
9.180000e-01 5.795699e-02 1.970668e+01 1.448766e+01
9.200000e-01 5.791880e-02 1.969818e+01 1.447935e+01
9.220000e-01 5.788524e-02 1.969076e+01 1.447210e+01
9.240000e-01 5.785550e-02 1.968422e+01 1.446572e+01
9.260000e-01 5.782896e-02 1.967843e+01 1.446005e+01
9.280000e-01 5.780515e-02 1.967326e+01 1.445498e+01
9.300000e-01 5.778368e-02 1.966862e+01 1.445044e+01
9.320000e-01 5.776425e-02 1.966445e+01 1.444635e+01
9.340000e-01 5.774663e-02 1.966069e+01 1.444265e+01
9.360000e-01 5.773062e-02 1.965728e+01 1.443931e+01
9.380000e-01 5.771606e-02 1.965421e+01 1.443628e+01
9.400000e-01 5.770284e-02 1.965143e+01 1.443354e+01
9.420000e-01 5.769087e-02 1.964893e+01 1.443108e+01
9.440000e-01 5.768011e-02 1.964671e+01 1.442888e+01
9.460000e-01 5.767064e-02 1.964478e+01 1.442697e+01
9.480000e-01 5.766114e-02 1.964283e+01 1.442503e+01
9.500000e-01 5.765139e-02 1.964079e+01 1.442301e+01
9.520000e-01 5.764272e-02 1.963900e+01 1.442124e+01
9.540000e-01 5.763492e-02 1.963741e+01 1.441965e+01
9.560000e-01 5.762786e-02 1.963598e+01 1.441822e+01
9.580000e-01 5.762146e-02 1.963470e+01 1.441693e+01
9.600000e-01 5.761565e-02 1.963354e+01 1.441578e+01
9.620000e-01 5.761039e-02 1.963251e+01 1.441473e+01
9.640000e-01 5.760564e-02 1.963159e+01 1.441380e+01
9.660000e-01 5.760136e-02 1.963077e+01 1.441296e+01
9.680000e-01 5.759751e-02 1.963004e+01 1.441222e+01
9.700000e-01 5.759408e-02 1.962940e+01 1.441156e+01
9.720000e-01 5.759104e-02 1.962885e+01 1.441098e+01
9.740000e-01 5.758836e-02 1.962837e+01 1.441048e+01
9.760000e-01 5.758602e-02 1.962797e+01 1.441005e+01
9.780000e-01 5.758401e-02 1.962764e+01 1.440969e+01
9.800000e-01 5.758231e-02 1.962738e+01 1.440940e+01
9.820000e-01 5.758091e-02 1.962717e+01 1.440916e+01
9.840000e-01 5.757979e-02 1.962703e+01 1.440899e+01
9.860000e-01 5.757895e-02 1.962695e+01 1.440887e+01
9.880000e-01 5.757836e-02 1.962692e+01 1.440880e+01
9.900000e-01 5.757802e-02 1.962695e+01 1.440879e+01
9.920000e-01 5.757792e-02 1.962702e+01 1.440882e+01
9.940000e-01 5.757805e-02 1.962715e+01 1.440891e+01
9.960000e-01 5.757840e-02 1.962732e+01 1.440904e+01
9.980000e-01 5.757897e-02 1.962754e+01 1.440921e+01
1.000000e+00 5.757975e-02 1.962780e+01 1.440943e+01
1.002000e+00 5.758074e-02 1.962811e+01 1.440968e+01
1.004000e+00 5.758192e-02 1.962846e+01 1.440998e+01
1.006000e+00 5.758330e-02 1.962885e+01 1.441032e+01
1.008000e+00 5.758486e-02 1.962927e+01 1.441070e+01
1.010000e+00 5.758661e-02 1.962974e+01 1.441112e+01
1.012000e+00 5.758855e-02 1.963025e+01 1.441157e+01
1.014000e+00 5.759066e-02 1.963079e+01 1.441206e+01
1.016000e+00 5.759296e-02 1.963138e+01 1.441259e+01
1.018000e+00 5.759542e-02 1.963199e+01 1.441315e+01
1.020000e+00 5.759806e-02 1.963265e+01 1.441375e+01
1.022000e+00 5.760086e-02 1.963334e+01 1.441438e+01
1.024000e+00 5.760384e-02 1.963406e+01 1.441504e+01
1.026000e+00 5.760698e-02 1.963482e+01 1.441574e+01
1.028000e+00 5.761029e-02 1.963562e+01 1.441648e+01
1.030000e+00 5.761377e-02 1.963645e+01 1.441725e+01
1.032000e+00 5.761741e-02 1.963732e+01 1.441805e+01
1.034000e+00 5.762122e-02 1.963822e+01 1.441888e+01
1.036000e+00 5.762520e-02 1.963915e+01 1.441976e+01
1.038000e+00 5.762935e-02 1.964012e+01 1.442066e+01
1.040000e+00 5.763367e-02 1.964113e+01 1.442160e+01
1.042000e+00 5.763816e-02 1.964217e+01 1.442257e+01
1.044000e+00 5.764281e-02 1.964325e+01 1.442358e+01
1.046000e+00 5.764765e-02 1.964437e+01 1.442463e+01
1.048000e+00 5.765266e-02 1.964552e+01 1.442571e+01
1.050000e+00 5.765784e-02 1.964671e+01 1.442683e+01
1.052000e+00 5.766321e-02 1.964794e+01 1.442798e+01
1.054000e+00 5.766876e-02 1.964920e+01 1.442917e+01
1.056000e+00 5.767450e-02 1.965051e+01 1.443040e+01
1.058000e+00 5.768043e-02 1.965185e+01 1.443167e+01
1.060000e+00 5.768655e-02 1.965324e+01 1.443298e+01
1.062000e+00 5.769287e-02 1.965467e+01 1.443433e+01
1.064000e+00 5.769940e-02 1.965614e+01 1.443572e+01
1.066000e+00 5.770613e-02 1.965766e+01 1.443715e+01
1.068000e+00 5.771308e-02 1.965922e+01 1.443863e+01
1.070000e+00 5.772025e-02 1.966082e+01 1.444015e+01
1.072000e+00 5.772764e-02 1.966248e+01 1.444172e+01
1.074000e+00 5.773527e-02 1.966418e+01 1.444334e+01
1.076000e+00 5.774314e-02 1.966594e+01 1.444501e+01
1.078000e+00 5.775125e-02 1.966774e+01 1.444672e+01
1.080000e+00 5.775963e-02 1.966961e+01 1.444849e+01
1.082000e+00 5.776826e-02 1.967152e+01 1.445032e+01
1.084000e+00 5.777718e-02 1.967350e+01 1.445220e+01
1.086000e+00 5.778638e-02 1.967554e+01 1.445414e+01
1.088000e+00 5.779587e-02 1.967764e+01 1.445614e+01
1.090000e+00 5.780568e-02 1.967980e+01 1.445821e+01
1.092000e+00 5.781580e-02 1.968204e+01 1.446034e+01
1.094000e+00 5.782627e-02 1.968434e+01 1.446254e+01
1.096000e+00 5.783708e-02 1.968672e+01 1.446481e+01
1.098000e+00 5.784826e-02 1.968918e+01 1.446717e+01
1.100000e+00 5.785982e-02 1.969172e+01 1.446960e+01
1.102000e+00 5.787179e-02 1.969435e+01 1.447211e+01
1.104000e+00 5.788418e-02 1.969707e+01 1.447471e+01
1.106000e+00 5.789701e-02 1.969988e+01 1.447741e+01
1.108000e+00 5.791031e-02 1.970279e+01 1.448020e+01
1.110000e+00 5.792411e-02 1.970581e+01 1.448310e+01
1.112000e+00 5.793843e-02 1.970895e+01 1.448610e+01
1.114000e+00 5.795331e-02 1.971220e+01 1.448922e+01
1.116000e+00 5.796878e-02 1.971558e+01 1.449247e+01
1.118000e+00 5.798487e-02 1.971910e+01 1.449585e+01
1.120000e+00 5.800164e-02 1.972276e+01 1.449937e+01
1.122000e+00 5.801912e-02 1.972658e+01 1.450304e+01
1.124000e+00 5.803737e-02 1.973056e+01 1.450688e+01
1.126000e+00 5.805645e-02 1.973473e+01 1.451089e+01
1.128000e+00 5.807643e-02 1.973909e+01 1.451509e+01
1.130000e+00 5.809739e-02 1.974367e+01 1.451950e+01
1.132000e+00 5.811942e-02 1.974849e+01 1.452415e+01
1.134000e+00 5.814264e-02 1.975357e+01 1.452904e+01
1.136000e+00 5.816717e-02 1.975894e+01 1.453423e+01
1.138000e+00 5.819318e-02 1.976465e+01 1.453973e+01
1.140000e+00 5.822088e-02 1.977073e+01 1.454561e+01
1.142000e+00 5.825050e-02 1.977725e+01 1.455191e+01
1.144000e+00 5.828241e-02 1.978430e+01 1.455871e+01
1.146000e+00 5.831705e-02 1.979197e+01 1.456614e+01
1.148000e+00 5.835509e-02 1.980045e+01 1.457433e+01
1.150000e+00 5.839757e-02 1.980998e+01 1.458356e+01
1.152000e+00 5.844621e-02 1.982099e+01 1.459423e+01
1.154000e+00 5.850428e-02 1.983432e+01 1.460714e+01
1.156000e+00 5.858594e-02 1.985293e+01 1.462519e+01
1.158000e+00 5.857420e-02 1.984974e+01 1.462205e+01
1.160000e+00 5.857542e-02 1.984925e+01 1.462154e+01
1.162000e+00 5.858775e-02 1.985147e+01 1.462366e+01
1.164000e+00 5.860755e-02 1.985549e+01 1.462753e+01
1.166000e+00 5.863314e-02 1.986087e+01 1.463273e+01
1.168000e+00 5.866368e-02 1.986741e+01 1.463904e+01
1.170000e+00 5.869877e-02 1.987500e+01 1.464638e+01
1.172000e+00 5.873829e-02 1.988360e+01 1.465471e+01
1.174000e+00 5.878231e-02 1.989323e+01 1.466403e+01
1.176000e+00 5.883104e-02 1.990393e+01 1.467439e+01
1.178000e+00 5.888484e-02 1.991578e+01 1.468587e+01
1.180000e+00 5.894422e-02 1.992890e+01 1.469860e+01
1.182000e+00 5.900987e-02 1.994347e+01 1.471272e+01
1.184000e+00 5.908270e-02 1.995969e+01 1.472845e+01
1.186000e+00 5.916391e-02 1.997784e+01 1.474607e+01
1.188000e+00 5.925504e-02 1.999831e+01 1.476594e+01
1.190000e+00 5.935821e-02 2.002160e+01 1.478855e+01
1.192000e+00 5.947626e-02 2.004842e+01 1.481459e+01
1.194000e+00 5.961325e-02 2.007976e+01 1.484504e+01
1.196000e+00 5.977522e-02 2.011714e+01 1.488137e+01
1.198000e+00 5.997185e-02 2.016302e+01 1.492597e+01
1.200000e+00 6.022024e-02 2.022174e+01 1.498306e+01
1.202000e+00 6.055964e-02 2.030278e+01 1.506189e+01
1.204000e+00 6.091051e-02 2.038364e+01 1.514057e+01
1.206000e+00 6.044109e-02 2.027362e+01 1.503343e+01
1.208000e+00 6.018018e-02 2.021082e+01 1.497228e+01
1.210000e+00 5.998862e-02 2.016522e+01 1.492788e+01
1.212000e+00 5.984061e-02 2.013038e+01 1.489394e+01
1.214000e+00 5.972295e-02 2.010293e+01 1.486719e+01
1.216000e+00 5.962783e-02 2.008089e+01 1.484572e+01
1.218000e+00 5.955025e-02 2.006303e+01 1.482830e+01
1.220000e+00 5.948681e-02 2.004849e+01 1.481411e+01
1.222000e+00 5.943508e-02 2.003668e+01 1.480259e+01
1.224000e+00 5.939331e-02 2.002717e+01 1.479330e+01
1.226000e+00 5.936018e-02 2.001965e+01 1.478595e+01
1.228000e+00 5.933473e-02 2.001389e+01 1.478031e+01
1.230000e+00 5.931623e-02 2.000970e+01 1.477620e+01
1.232000e+00 5.930415e-02 2.000698e+01 1.477351e+01
1.234000e+00 5.929813e-02 2.000562e+01 1.477215e+01
1.236000e+00 5.929792e-02 2.000556e+01 1.477206e+01
1.238000e+00 5.930341e-02 2.000679e+01 1.477322e+01
1.240000e+00 5.931458e-02 2.000930e+01 1.477562e+01
1.242000e+00 5.933153e-02 2.001311e+01 1.477928e+01
1.244000e+00 5.935448e-02 2.001827e+01 1.478426e+01
1.246000e+00 5.938376e-02 2.002486e+01 1.479063e+01
1.248000e+00 5.941956e-02 2.003293e+01 1.479844e+01
1.250000e+00 5.946259e-02 2.004263e+01 1.480784e+01
1.252000e+00 5.951387e-02 2.005423e+01 1.481908e+01
1.254000e+00 5.957446e-02 2.006796e+01 1.483240e+01
1.256000e+00 5.964580e-02 2.008418e+01 1.484813e+01
1.258000e+00 5.972983e-02 2.010335e+01 1.486674e+01
1.260000e+00 5.982917e-02 2.012611e+01 1.488885e+01
1.262000e+00 5.994747e-02 2.015336e+01 1.491532e+01
1.264000e+00 6.008998e-02 2.018640e+01 1.494743e+01
1.266000e+00 6.026469e-02 2.022724e+01 1.498714e+01
1.268000e+00 6.048465e-02 2.027919e+01 1.503765e+01
1.270000e+00 6.077359e-02 2.034825e+01 1.510483e+01
1.272000e+00 6.119328e-02 2.044899e+01 1.520287e+01
1.274000e+00 6.133212e-02 2.048163e+01 1.523461e+01
1.276000e+00 6.082948e-02 2.036253e+01 1.511862e+01
1.278000e+00 6.050216e-02 2.028469e+01 1.504280e+01
1.280000e+00 6.025182e-02 2.022595e+01 1.498560e+01
1.282000e+00 6.005059e-02 2.017931e+01 1.494018e+01
1.284000e+00 5.988357e-02 2.014098e+01 1.490285e+01
1.286000e+00 5.974184e-02 2.010873e+01 1.487143e+01
1.288000e+00 5.961953e-02 2.008109e+01 1.484451e+01
1.290000e+00 5.951260e-02 2.005708e+01 1.482111e+01
1.292000e+00 5.941811e-02 2.003597e+01 1.480054e+01
1.294000e+00 5.933389e-02 2.001725e+01 1.478230e+01
1.296000e+00 5.925825e-02 2.000051e+01 1.476597e+01
1.298000e+00 5.918989e-02 1.998544e+01 1.475128e+01
1.300000e+00 5.912778e-02 1.997179e+01 1.473797e+01
1.302000e+00 5.907108e-02 1.995938e+01 1.472587e+01
1.304000e+00 5.901911e-02 1.994804e+01 1.471480e+01
1.306000e+00 5.897133e-02 1.993765e+01 1.470465e+01
1.308000e+00 5.892727e-02 1.992808e+01 1.469532e+01
1.310000e+00 5.888654e-02 1.991927e+01 1.468671e+01
1.312000e+00 5.884864e-02 1.991108e+01 1.467871e+01
1.314000e+00 5.881362e-02 1.990354e+01 1.467134e+01
1.316000e+00 5.878106e-02 1.989655e+01 1.466450e+01
1.318000e+00 5.875076e-02 1.989005e+01 1.465814e+01
1.320000e+00 5.872252e-02 1.988401e+01 1.465223e+01
1.322000e+00 5.869618e-02 1.987839e+01 1.464672e+01
1.324000e+00 5.867159e-02 1.987315e+01 1.464159e+01
1.326000e+00 5.864862e-02 1.986826e+01 1.463681e+01
1.328000e+00 5.862715e-02 1.986371e+01 1.463234e+01
1.330000e+00 5.860708e-02 1.985946e+01 1.462817e+01
1.332000e+00 5.858830e-02 1.985550e+01 1.462428e+01
1.334000e+00 5.857074e-02 1.985179e+01 1.462064e+01
1.336000e+00 5.855431e-02 1.984834e+01 1.461724e+01
1.338000e+00 5.853894e-02 1.984511e+01 1.461407e+01
1.340000e+00 5.852456e-02 1.984210e+01 1.461110e+01
1.342000e+00 5.851112e-02 1.983929e+01 1.460833e+01
1.344000e+00 5.849856e-02 1.983668e+01 1.460575e+01
1.346000e+00 5.848683e-02 1.983424e+01 1.460334e+01
1.348000e+00 5.847588e-02 1.983197e+01 1.460110e+01
1.350000e+00 5.846568e-02 1.982986e+01 1.459901e+01
1.352000e+00 5.845617e-02 1.982790e+01 1.459707e+01
1.354000e+00 5.844734e-02 1.982609e+01 1.459526e+01
1.356000e+00 5.843913e-02 1.982441e+01 1.459359e+01
1.358000e+00 5.843154e-02 1.982286e+01 1.459205e+01
1.360000e+00 5.842451e-02 1.982143e+01 1.459062e+01
1.362000e+00 5.841804e-02 1.982012e+01 1.458931e+01
1.364000e+00 5.841209e-02 1.981893e+01 1.458811e+01
1.366000e+00 5.840665e-02 1.981784e+01 1.458702e+01
1.368000e+00 5.840170e-02 1.981686e+01 1.458602e+01
1.370000e+00 5.839721e-02 1.981597e+01 1.458512e+01
1.372000e+00 5.839317e-02 1.981518e+01 1.458432e+01
1.374000e+00 5.838956e-02 1.981449e+01 1.458360e+01
1.376000e+00 5.838638e-02 1.981388e+01 1.458297e+01
1.378000e+00 5.838361e-02 1.981336e+01 1.458243e+01
1.380000e+00 5.838124e-02 1.981293e+01 1.458197e+01
1.382000e+00 5.837925e-02 1.981258e+01 1.458159e+01
1.384000e+00 5.837765e-02 1.981231e+01 1.458129e+01
1.386000e+00 5.837643e-02 1.981212e+01 1.458107e+01
1.388000e+00 5.837558e-02 1.981202e+01 1.458093e+01
1.390000e+00 5.837510e-02 1.981199e+01 1.458086e+01
1.392000e+00 5.837499e-02 1.981204e+01 1.458087e+01
1.394000e+00 5.837525e-02 1.981217e+01 1.458096e+01
1.396000e+00 5.837588e-02 1.981238e+01 1.458113e+01
1.398000e+00 5.837690e-02 1.981268e+01 1.458138e+01
1.400000e+00 5.837831e-02 1.981306e+01 1.458171e+01
1.402000e+00 5.838014e-02 1.981353e+01 1.458213e+01
1.404000e+00 5.838239e-02 1.981410e+01 1.458264e+01
1.406000e+00 5.838512e-02 1.981477e+01 1.458325e+01
1.408000e+00 5.838835e-02 1.981555e+01 1.458398e+01
1.410000e+00 5.839215e-02 1.981647e+01 1.458483e+01
1.412000e+00 5.839659e-02 1.981753e+01 1.458583e+01
1.414000e+00 5.840180e-02 1.981878e+01 1.458700e+01
1.416000e+00 5.840797e-02 1.982025e+01 1.458839e+01
1.418000e+00 5.841547e-02 1.982206e+01 1.459011e+01
1.420000e+00 5.842626e-02 1.982463e+01 1.459257e+01
1.422000e+00 5.842805e-02 1.982507e+01 1.459296e+01
1.424000e+00 5.842094e-02 1.982339e+01 1.459129e+01
1.426000e+00 5.841707e-02 1.982247e+01 1.459036e+01
1.428000e+00 5.841452e-02 1.982188e+01 1.458974e+01
1.430000e+00 5.841292e-02 1.982152e+01 1.458935e+01
1.432000e+00 5.841206e-02 1.982133e+01 1.458913e+01
1.434000e+00 5.841181e-02 1.982128e+01 1.458904e+01
1.436000e+00 5.841210e-02 1.982136e+01 1.458908e+01
1.438000e+00 5.841286e-02 1.982154e+01 1.458922e+01
1.440000e+00 5.841404e-02 1.982182e+01 1.458945e+01
1.442000e+00 5.841560e-02 1.982218e+01 1.458977e+01
1.444000e+00 5.841752e-02 1.982263e+01 1.459016e+01
1.446000e+00 5.841978e-02 1.982314e+01 1.459062e+01
1.448000e+00 5.842236e-02 1.982373e+01 1.459115e+01
1.450000e+00 5.842525e-02 1.982438e+01 1.459175e+01
1.452000e+00 5.842843e-02 1.982510e+01 1.459241e+01
1.454000e+00 5.843190e-02 1.982588e+01 1.459313e+01
1.456000e+00 5.843566e-02 1.982672e+01 1.459391e+01
1.458000e+00 5.843971e-02 1.982763e+01 1.459475e+01
1.460000e+00 5.844403e-02 1.982859e+01 1.459565e+01
1.462000e+00 5.844864e-02 1.982962e+01 1.459661e+01
1.464000e+00 5.845355e-02 1.983071e+01 1.459763e+01
1.466000e+00 5.845874e-02 1.983186e+01 1.459871e+01
1.468000e+00 5.846425e-02 1.983308e+01 1.459986e+01
1.470000e+00 5.847006e-02 1.983437e+01 1.460107e+01
1.472000e+00 5.847621e-02 1.983573e+01 1.460235e+01
1.474000e+00 5.848270e-02 1.983717e+01 1.460371e+01
1.476000e+00 5.848956e-02 1.983869e+01 1.460515e+01
1.478000e+00 5.849682e-02 1.984029e+01 1.460667e+01
1.480000e+00 5.850451e-02 1.984199e+01 1.460828e+01
1.482000e+00 5.851267e-02 1.984380e+01 1.461000e+01
1.484000e+00 5.852135e-02 1.984573e+01 1.461184e+01
1.486000e+00 5.853063e-02 1.984779e+01 1.461380e+01
1.488000e+00 5.854060e-02 1.985001e+01 1.461592e+01
1.490000e+00 5.855137e-02 1.985242e+01 1.461823e+01
1.492000e+00 5.856313e-02 1.985506e+01 1.462076e+01
1.494000e+00 5.857624e-02 1.985802e+01 1.462360e+01
1.496000e+00 5.858939e-02 1.986100e+01 1.462645e+01
1.498000e+00 5.860351e-02 1.986421e+01 1.462954e+01
1.500000e+00 5.862014e-02 1.986805e+01 1.463323e+01
1.502000e+00 5.864074e-02 1.987287e+01 1.463787e+01
1.504000e+00 5.867473e-02 1.988053e+01 1.464529e+01
1.506000e+00 5.864733e-02 1.987423e+01 1.463912e+01
1.508000e+00 5.863776e-02 1.987183e+01 1.463675e+01
1.510000e+00 5.863157e-02 1.987027e+01 1.463519e+01
1.512000e+00 5.862749e-02 1.986924e+01 1.463415e+01
1.514000e+00 5.862498e-02 1.986859e+01 1.463348e+01
1.516000e+00 5.862369e-02 1.986823e+01 1.463309e+01
1.518000e+00 5.862340e-02 1.986811e+01 1.463294e+01
1.520000e+00 5.862397e-02 1.986819e+01 1.463298e+01
1.522000e+00 5.862527e-02 1.986844e+01 1.463318e+01
1.524000e+00 5.862723e-02 1.986884e+01 1.463353e+01
1.526000e+00 5.862977e-02 1.986938e+01 1.463401e+01
1.528000e+00 5.863285e-02 1.987003e+01 1.463461e+01
1.530000e+00 5.863645e-02 1.987081e+01 1.463532e+01
1.532000e+00 5.864052e-02 1.987169e+01 1.463614e+01
1.534000e+00 5.864507e-02 1.987268e+01 1.463706e+01
1.536000e+00 5.865010e-02 1.987377e+01 1.463809e+01
1.538000e+00 5.865561e-02 1.987498e+01 1.463922e+01
1.540000e+00 5.866163e-02 1.987630e+01 1.464047e+01
1.542000e+00 5.866820e-02 1.987775e+01 1.464184e+01
1.544000e+00 5.867538e-02 1.987933e+01 1.464334e+01
1.546000e+00 5.868325e-02 1.988109e+01 1.464501e+01
1.548000e+00 5.869197e-02 1.988303e+01 1.464686e+01
1.550000e+00 5.870174e-02 1.988523e+01 1.464896e+01
1.552000e+00 5.871292e-02 1.988777e+01 1.465139e+01
1.554000e+00 5.872614e-02 1.989080e+01 1.465430e+01
1.556000e+00 5.874263e-02 1.989463e+01 1.465798e+01
1.558000e+00 5.876549e-02 1.990000e+01 1.466316e+01
1.560000e+00 5.880815e-02 1.990998e+01 1.467282e+01
1.562000e+00 5.887555e-02 1.992500e+01 1.468739e+01
1.564000e+00 5.879499e-02 1.990668e+01 1.466954e+01
1.566000e+00 5.877509e-02 1.990178e+01 1.466474e+01
1.568000e+00 5.876559e-02 1.989937e+01 1.466235e+01
1.570000e+00 5.876054e-02 1.989804e+01 1.466102e+01
1.572000e+00 5.875801e-02 1.989732e+01 1.466028e+01
1.574000e+00 5.875711e-02 1.989699e+01 1.465993e+01
1.576000e+00 5.875737e-02 1.989695e+01 1.465985e+01
1.578000e+00 5.875849e-02 1.989711e+01 1.465996e+01
1.580000e+00 5.876029e-02 1.989742e+01 1.466023e+01
1.582000e+00 5.876264e-02 1.989787e+01 1.466063e+01
1.584000e+00 5.876546e-02 1.989843e+01 1.466113e+01
1.586000e+00 5.876866e-02 1.989907e+01 1.466171e+01
1.588000e+00 5.877222e-02 1.989979e+01 1.466238e+01
1.590000e+00 5.877607e-02 1.990058e+01 1.466311e+01
1.592000e+00 5.878020e-02 1.990143e+01 1.466390e+01
1.594000e+00 5.878458e-02 1.990234e+01 1.466474e+01
1.596000e+00 5.878919e-02 1.990330e+01 1.466563e+01
1.598000e+00 5.879401e-02 1.990430e+01 1.466657e+01
1.600000e+00 5.879903e-02 1.990535e+01 1.466755e+01
1.602000e+00 5.880424e-02 1.990644e+01 1.466857e+01
1.604000e+00 5.880963e-02 1.990756e+01 1.466962e+01
1.606000e+00 5.881519e-02 1.990873e+01 1.467072e+01
1.608000e+00 5.882091e-02 1.990992e+01 1.467184e+01
1.610000e+00 5.882679e-02 1.991116e+01 1.467300e+01
1.612000e+00 5.883283e-02 1.991242e+01 1.467419e+01
1.614000e+00 5.883901e-02 1.991372e+01 1.467541e+01
1.616000e+00 5.884535e-02 1.991505e+01 1.467667e+01
1.618000e+00 5.885184e-02 1.991641e+01 1.467795e+01
1.620000e+00 5.885847e-02 1.991780e+01 1.467926e+01
1.622000e+00 5.886524e-02 1.991922e+01 1.468061e+01
1.624000e+00 5.887217e-02 1.992067e+01 1.468198e+01
1.626000e+00 5.887924e-02 1.992216e+01 1.468339e+01
1.628000e+00 5.888647e-02 1.992368e+01 1.468483e+01
1.630000e+00 5.889386e-02 1.992523e+01 1.468630e+01
1.632000e+00 5.890142e-02 1.992682e+01 1.468780e+01
1.634000e+00 5.890916e-02 1.992845e+01 1.468935e+01
1.636000e+00 5.891711e-02 1.993013e+01 1.469094e+01
1.638000e+00 5.892532e-02 1.993187e+01 1.469259e+01
1.640000e+00 5.893410e-02 1.993374e+01 1.469437e+01
1.642000e+00 5.894178e-02 1.993534e+01 1.469589e+01
1.644000e+00 5.894816e-02 1.993663e+01 1.469711e+01
1.646000e+00 5.895512e-02 1.993806e+01 1.469846e+01
1.648000e+00 5.896235e-02 1.993955e+01 1.469987e+01
1.650000e+00 5.896978e-02 1.994109e+01 1.470132e+01
1.652000e+00 5.897739e-02 1.994266e+01 1.470281e+01
1.654000e+00 5.898515e-02 1.994427e+01 1.470434e+01
1.656000e+00 5.899307e-02 1.994591e+01 1.470590e+01
1.658000e+00 5.900113e-02 1.994758e+01 1.470748e+01
1.660000e+00 5.900932e-02 1.994928e+01 1.470909e+01
1.662000e+00 5.901763e-02 1.995100e+01 1.471073e+01
1.664000e+00 5.902608e-02 1.995275e+01 1.471239e+01
1.666000e+00 5.903464e-02 1.995453e+01 1.471408e+01
1.668000e+00 5.904332e-02 1.995633e+01 1.471579e+01
1.670000e+00 5.905213e-02 1.995815e+01 1.471753e+01
1.672000e+00 5.906105e-02 1.996000e+01 1.471929e+01
1.674000e+00 5.907008e-02 1.996187e+01 1.472107e+01
1.676000e+00 5.907924e-02 1.996377e+01 1.472288e+01
1.678000e+00 5.908853e-02 1.996570e+01 1.472471e+01
1.680000e+00 5.909807e-02 1.996767e+01 1.472659e+01
1.682000e+00 5.910738e-02 1.996960e+01 1.472842e+01
1.684000e+00 5.911687e-02 1.997156e+01 1.473029e+01
1.686000e+00 5.912651e-02 1.997355e+01 1.473219e+01
1.688000e+00 5.913628e-02 1.997557e+01 1.473411e+01
1.690000e+00 5.914615e-02 1.997761e+01 1.473606e+01
1.692000e+00 5.915615e-02 1.997967e+01 1.473803e+01
1.694000e+00 5.916625e-02 1.998176e+01 1.474002e+01
1.696000e+00 5.917646e-02 1.998387e+01 1.474203e+01
1.698000e+00 5.918679e-02 1.998600e+01 1.474406e+01
1.700000e+00 5.919723e-02 1.998815e+01 1.474612e+01
1.702000e+00 5.920778e-02 1.999032e+01 1.474819e+01
1.704000e+00 5.921844e-02 1.999252e+01 1.475029e+01
1.706000e+00 5.922921e-02 1.999474e+01 1.475241e+01
1.708000e+00 5.924010e-02 1.999699e+01 1.475455e+01
1.710000e+00 5.925110e-02 1.999925e+01 1.475672e+01
1.712000e+00 5.926221e-02 2.000154e+01 1.475890e+01
1.714000e+00 5.927344e-02 2.000385e+01 1.476111e+01
1.716000e+00 5.928479e-02 2.000619e+01 1.476334e+01
1.718000e+00 5.929625e-02 2.000854e+01 1.476560e+01
1.720000e+00 5.930783e-02 2.001092e+01 1.476788e+01
1.722000e+00 5.931953e-02 2.001333e+01 1.477017e+01
1.724000e+00 5.933135e-02 2.001576e+01 1.477250e+01
1.726000e+00 5.934328e-02 2.001821e+01 1.477484e+01
1.728000e+00 5.935534e-02 2.002069e+01 1.477721e+01
1.730000e+00 5.936753e-02 2.002319e+01 1.477961e+01
1.732000e+00 5.937984e-02 2.002572e+01 1.478203e+01
1.734000e+00 5.939227e-02 2.002827e+01 1.478447e+01
1.736000e+00 5.940483e-02 2.003084e+01 1.478694e+01
1.738000e+00 5.941751e-02 2.003345e+01 1.478943e+01
1.740000e+00 5.943033e-02 2.003607e+01 1.479194e+01
1.742000e+00 5.944328e-02 2.003873e+01 1.479449e+01
1.744000e+00 5.945636e-02 2.004141e+01 1.479706e+01
1.746000e+00 5.946957e-02 2.004412e+01 1.479965e+01
1.748000e+00 5.948293e-02 2.004685e+01 1.480227e+01
1.750000e+00 5.949641e-02 2.004961e+01 1.480492e+01
1.752000e+00 5.951004e-02 2.005240e+01 1.480759e+01
1.754000e+00 5.952381e-02 2.005522e+01 1.481030e+01
1.756000e+00 5.953773e-02 2.005807e+01 1.481303e+01
1.758000e+00 5.955179e-02 2.006095e+01 1.481579e+01
1.760000e+00 5.956600e-02 2.006385e+01 1.481857e+01
1.762000e+00 5.958036e-02 2.006679e+01 1.482139e+01
1.764000e+00 5.959488e-02 2.006976e+01 1.482424e+01
1.766000e+00 5.960956e-02 2.007276e+01 1.482712e+01
1.768000e+00 5.962440e-02 2.007580e+01 1.483003e+01
1.770000e+00 5.963941e-02 2.007886e+01 1.483298e+01
1.772000e+00 5.965459e-02 2.008197e+01 1.483596e+01
1.774000e+00 5.966996e-02 2.008511e+01 1.483897e+01
1.776000e+00 5.968552e-02 2.008829e+01 1.484203e+01
1.778000e+00 5.970128e-02 2.009152e+01 1.484513e+01
1.780000e+00 5.971729e-02 2.009479e+01 1.484827e+01
1.782000e+00 5.973356e-02 2.009812e+01 1.485148e+01
1.784000e+00 5.974979e-02 2.010144e+01 1.485466e+01
1.786000e+00 5.976615e-02 2.010478e+01 1.485788e+01
1.788000e+00 5.978284e-02 2.010820e+01 1.486116e+01
1.790000e+00 5.979990e-02 2.011170e+01 1.486453e+01
1.792000e+00 5.981754e-02 2.011533e+01 1.486802e+01
1.794000e+00 5.983413e-02 2.011871e+01 1.487126e+01
1.796000e+00 5.984975e-02 2.012184e+01 1.487428e+01
1.798000e+00 5.986593e-02 2.012511e+01 1.487742e+01
1.800000e+00 5.988246e-02 2.012845e+01 1.488063e+01
1.802000e+00 5.989927e-02 2.013186e+01 1.488390e+01
1.804000e+00 5.991634e-02 2.013532e+01 1.488723e+01
1.806000e+00 5.993367e-02 2.013883e+01 1.489061e+01
1.808000e+00 5.995122e-02 2.014239e+01 1.489403e+01
1.810000e+00 5.996900e-02 2.014600e+01 1.489750e+01
1.812000e+00 5.998700e-02 2.014965e+01 1.490102e+01
1.814000e+00 6.000523e-02 2.015335e+01 1.490458e+01
1.816000e+00 6.002367e-02 2.015709e+01 1.490818e+01
1.818000e+00 6.004232e-02 2.016088e+01 1.491182e+01
1.820000e+00 6.006120e-02 2.016471e+01 1.491551e+01
1.822000e+00 6.008029e-02 2.016858e+01 1.491924e+01
1.824000e+00 6.009960e-02 2.017250e+01 1.492301e+01
1.826000e+00 6.011913e-02 2.017646e+01 1.492683e+01
1.828000e+00 6.013888e-02 2.018047e+01 1.493069e+01
1.830000e+00 6.015886e-02 2.018452e+01 1.493459e+01
1.832000e+00 6.017906e-02 2.018862e+01 1.493854e+01
1.834000e+00 6.019948e-02 2.019276e+01 1.494253e+01
1.836000e+00 6.022014e-02 2.019695e+01 1.494656e+01
1.838000e+00 6.024103e-02 2.020118e+01 1.495065e+01
1.840000e+00 6.026215e-02 2.020546e+01 1.495477e+01
1.842000e+00 6.028352e-02 2.020979e+01 1.495895e+01
1.844000e+00 6.030512e-02 2.021417e+01 1.496317e+01
1.846000e+00 6.032696e-02 2.021860e+01 1.496744e+01
1.848000e+00 6.034906e-02 2.022308e+01 1.497175e+01
1.850000e+00 6.037140e-02 2.022760e+01 1.497612e+01
1.852000e+00 6.039400e-02 2.023218e+01 1.498053e+01
1.854000e+00 6.041685e-02 2.023681e+01 1.498500e+01
1.856000e+00 6.043997e-02 2.024149e+01 1.498951e+01
1.858000e+00 6.046335e-02 2.024622e+01 1.499408e+01
1.860000e+00 6.048699e-02 2.025101e+01 1.499870e+01
1.862000e+00 6.051091e-02 2.025585e+01 1.500337e+01
1.864000e+00 6.053510e-02 2.026075e+01 1.500810e+01
1.866000e+00 6.055957e-02 2.026570e+01 1.501288e+01
1.868000e+00 6.058433e-02 2.027071e+01 1.501772e+01
1.870000e+00 6.060937e-02 2.027578e+01 1.502261e+01
1.872000e+00 6.063471e-02 2.028091e+01 1.502756e+01
1.874000e+00 6.066034e-02 2.028609e+01 1.503256e+01
1.876000e+00 6.068627e-02 2.029134e+01 1.503763e+01
1.878000e+00 6.071250e-02 2.029664e+01 1.504276e+01
1.880000e+00 6.073905e-02 2.030201e+01 1.504794e+01
1.882000e+00 6.076591e-02 2.030744e+01 1.505319e+01
1.884000e+00 6.079309e-02 2.031294e+01 1.505850e+01
1.886000e+00 6.082060e-02 2.031850e+01 1.506387e+01
1.888000e+00 6.084843e-02 2.032413e+01 1.506931e+01
1.890000e+00 6.087660e-02 2.032983e+01 1.507482e+01
1.892000e+00 6.090511e-02 2.033559e+01 1.508039e+01
1.894000e+00 6.093396e-02 2.034142e+01 1.508602e+01
1.896000e+00 6.096317e-02 2.034732e+01 1.509173e+01
1.898000e+00 6.099274e-02 2.035330e+01 1.509751e+01
1.900000e+00 6.102266e-02 2.035935e+01 1.510336e+01
1.902000e+00 6.105296e-02 2.036547e+01 1.510928e+01
1.904000e+00 6.108363e-02 2.037167e+01 1.511527e+01
1.906000e+00 6.111468e-02 2.037794e+01 1.512134e+01
1.908000e+00 6.114612e-02 2.038429e+01 1.512748e+01
1.910000e+00 6.117796e-02 2.039073e+01 1.513370e+01
1.912000e+00 6.121019e-02 2.039724e+01 1.514001e+01
1.914000e+00 6.124284e-02 2.040383e+01 1.514639e+01
1.916000e+00 6.127590e-02 2.041051e+01 1.515285e+01
1.918000e+00 6.130938e-02 2.041728e+01 1.515939e+01
1.920000e+00 6.134330e-02 2.042413e+01 1.516602e+01
1.922000e+00 6.137765e-02 2.043106e+01 1.517274e+01
1.924000e+00 6.141245e-02 2.043809e+01 1.517954e+01
1.926000e+00 6.144770e-02 2.044521e+01 1.518643e+01
1.928000e+00 6.148342e-02 2.045243e+01 1.519342e+01
1.930000e+00 6.151961e-02 2.045974e+01 1.520050e+01
1.932000e+00 6.155628e-02 2.046714e+01 1.520767e+01
1.934000e+00 6.159345e-02 2.047465e+01 1.521494e+01
1.936000e+00 6.163111e-02 2.048226e+01 1.522230e+01
1.938000e+00 6.166929e-02 2.048997e+01 1.522977e+01
1.940000e+00 6.170799e-02 2.049778e+01 1.523734e+01
1.942000e+00 6.174722e-02 2.050571e+01 1.524502e+01
1.944000e+00 6.178701e-02 2.051374e+01 1.525281e+01
1.946000e+00 6.182736e-02 2.052189e+01 1.526070e+01
1.948000e+00 6.186828e-02 2.053016e+01 1.526872e+01
1.950000e+00 6.190981e-02 2.053855e+01 1.527685e+01
1.952000e+00 6.195195e-02 2.054707e+01 1.528510e+01
1.954000e+00 6.199473e-02 2.055572e+01 1.529348e+01
1.956000e+00 6.203817e-02 2.056450e+01 1.530200e+01
1.958000e+00 6.208233e-02 2.057343e+01 1.531066e+01
1.960000e+00 6.212724e-02 2.058252e+01 1.531947e+01
1.962000e+00 6.217298e-02 2.059179e+01 1.532845e+01
1.964000e+00 6.221964e-02 2.060125e+01 1.533763e+01
1.966000e+00 6.226742e-02 2.061096e+01 1.534705e+01
1.968000e+00 6.231665e-02 2.062099e+01 1.535678e+01
1.970000e+00 6.236812e-02 2.063154e+01 1.536702e+01
1.972000e+00 6.242474e-02 2.064329e+01 1.537842e+01
1.974000e+00 6.248759e-02 2.065633e+01 1.539108e+01
1.976000e+00 6.251710e-02 2.066174e+01 1.539632e+01
1.978000e+00 6.256058e-02 2.067028e+01 1.540459e+01
1.980000e+00 6.260741e-02 2.067959e+01 1.541363e+01
1.982000e+00 6.265611e-02 2.068933e+01 1.542308e+01
1.984000e+00 6.270619e-02 2.069938e+01 1.543282e+01
1.986000e+00 6.275743e-02 2.070967e+01 1.544281e+01
1.988000e+00 6.280971e-02 2.072018e+01 1.545301e+01
1.990000e+00 6.286297e-02 2.073090e+01 1.546342e+01
1.992000e+00 6.291718e-02 2.074181e+01 1.547401e+01
1.994000e+00 6.297232e-02 2.075292e+01 1.548479e+01
1.996000e+00 6.302838e-02 2.076421e+01 1.549576e+01
1.998000e+00 6.308537e-02 2.077570e+01 1.550691e+01
2.000000e+00 6.314330e-02 2.078737e+01 1.551824e+01
2.002000e+00 6.320216e-02 2.079924e+01 1.552977e+01
2.004000e+00 6.326198e-02 2.081130e+01 1.554148e+01
2.006000e+00 6.332276e-02 2.082355e+01 1.555338e+01
2.008000e+00 6.338452e-02 2.083600e+01 1.556547e+01
2.010000e+00 6.344727e-02 2.084866e+01 1.557777e+01
2.012000e+00 6.351104e-02 2.086152e+01 1.559026e+01
2.014000e+00 6.357584e-02 2.087458e+01 1.560295e+01
2.016000e+00 6.364169e-02 2.088786e+01 1.561586e+01
2.018000e+00 6.370861e-02 2.090136e+01 1.562897e+01
2.020000e+00 6.377662e-02 2.091508e+01 1.564230e+01
2.022000e+00 6.384574e-02 2.092902e+01 1.565585e+01
2.024000e+00 6.391600e-02 2.094319e+01 1.566963e+01
2.026000e+00 6.398742e-02 2.095760e+01 1.568363e+01
2.028000e+00 6.406002e-02 2.097224e+01 1.569787e+01
2.030000e+00 6.413383e-02 2.098713e+01 1.571235e+01
2.032000e+00 6.420887e-02 2.100227e+01 1.572707e+01
2.034000e+00 6.428518e-02 2.101767e+01 1.574204e+01
2.036000e+00 6.436277e-02 2.103332e+01 1.575726e+01
2.038000e+00 6.444168e-02 2.104924e+01 1.577274e+01
2.040000e+00 6.452194e-02 2.106544e+01 1.578849e+01
2.042000e+00 6.460357e-02 2.108191e+01 1.580451e+01
2.044000e+00 6.468661e-02 2.109866e+01 1.582081e+01
2.046000e+00 6.477109e-02 2.111571e+01 1.583739e+01
2.048000e+00 6.485703e-02 2.113305e+01 1.585427e+01
2.050000e+00 6.494449e-02 2.115070e+01 1.587144e+01
2.052000e+00 6.503348e-02 2.116866e+01 1.588892e+01
2.054000e+00 6.512405e-02 2.118694e+01 1.590670e+01
2.056000e+00 6.521624e-02 2.120554e+01 1.592481e+01
2.058000e+00 6.531007e-02 2.122448e+01 1.594324e+01
2.060000e+00 6.540560e-02 2.124376e+01 1.596201e+01
2.062000e+00 6.550285e-02 2.126339e+01 1.598112e+01
2.064000e+00 6.560188e-02 2.128338e+01 1.600058e+01
2.066000e+00 6.570273e-02 2.130374e+01 1.602040e+01
2.068000e+00 6.580544e-02 2.132447e+01 1.604059e+01
2.070000e+00 6.591006e-02 2.134559e+01 1.606115e+01
2.072000e+00 6.601662e-02 2.136710e+01 1.608210e+01
2.074000e+00 6.612520e-02 2.138902e+01 1.610345e+01
2.076000e+00 6.623583e-02 2.141136e+01 1.612521e+01
2.078000e+00 6.634856e-02 2.143412e+01 1.614738e+01
2.080000e+00 6.646345e-02 2.145731e+01 1.616998e+01
2.082000e+00 6.658056e-02 2.148096e+01 1.619301e+01
2.084000e+00 6.669994e-02 2.150506e+01 1.621650e+01
2.086000e+00 6.682165e-02 2.152964e+01 1.624045e+01
2.088000e+00 6.694576e-02 2.155470e+01 1.626487e+01
2.090000e+00 6.707232e-02 2.158026e+01 1.628978e+01
2.092000e+00 6.720141e-02 2.160633e+01 1.631519e+01
2.094000e+00 6.733308e-02 2.163292e+01 1.634111e+01
2.096000e+00 6.746742e-02 2.166005e+01 1.636756e+01
2.098000e+00 6.760448e-02 2.168774e+01 1.639455e+01
2.100000e+00 6.774436e-02 2.171599e+01 1.642210e+01
2.102000e+00 6.788712e-02 2.174482e+01 1.645022e+01
2.104000e+00 6.803284e-02 2.177426e+01 1.647892e+01
2.106000e+00 6.818161e-02 2.180431e+01 1.650824e+01
2.108000e+00 6.833352e-02 2.183500e+01 1.653817e+01
2.110000e+00 6.848865e-02 2.186633e+01 1.656874e+01
2.112000e+00 6.864710e-02 2.189834e+01 1.659997e+01
2.114000e+00 6.880896e-02 2.193104e+01 1.663187e+01
2.116000e+00 6.897433e-02 2.196445e+01 1.666447e+01
2.118000e+00 6.914331e-02 2.199859e+01 1.669779e+01
2.120000e+00 6.931602e-02 2.203349e+01 1.673184e+01
2.122000e+00 6.949256e-02 2.206916e+01 1.676666e+01
2.124000e+00 6.967304e-02 2.210563e+01 1.680226e+01
2.126000e+00 6.985760e-02 2.214292e+01 1.683867e+01
2.128000e+00 7.004634e-02 2.218106e+01 1.687590e+01
2.130000e+00 7.023941e-02 2.222007e+01 1.691400e+01
2.132000e+00 7.043693e-02 2.225998e+01 1.695298e+01
2.134000e+00 7.063905e-02 2.230083e+01 1.699287e+01
2.136000e+00 7.084590e-02 2.234263e+01 1.703370e+01
2.138000e+00 7.105765e-02 2.238542e+01 1.707550e+01
2.140000e+00 7.127444e-02 2.242923e+01 1.711830e+01
2.142000e+00 7.149645e-02 2.247410e+01 1.716214e+01
2.144000e+00 7.172384e-02 2.252005e+01 1.720704e+01
2.146000e+00 7.195678e-02 2.256713e+01 1.725305e+01
2.148000e+00 7.219547e-02 2.261537e+01 1.730020e+01
2.150000e+00 7.244010e-02 2.266481e+01 1.734853e+01
2.152000e+00 7.269086e-02 2.271549e+01 1.739808e+01
2.154000e+00 7.294797e-02 2.276745e+01 1.744888e+01
2.156000e+00 7.321165e-02 2.282074e+01 1.750099e+01
2.158000e+00 7.348213e-02 2.287540e+01 1.755445e+01
2.160000e+00 7.375963e-02 2.293148e+01 1.760931e+01
2.162000e+00 7.404443e-02 2.298904e+01 1.766561e+01
2.164000e+00 7.433676e-02 2.304812e+01 1.772341e+01
2.166000e+00 7.463692e-02 2.310878e+01 1.778276e+01
2.168000e+00 7.494517e-02 2.317107e+01 1.784372e+01
2.170000e+00 7.526183e-02 2.323506e+01 1.790635e+01
2.172000e+00 7.558721e-02 2.330081e+01 1.797071e+01
2.174000e+00 7.592162e-02 2.336838e+01 1.803686e+01
2.176000e+00 7.626543e-02 2.343785e+01 1.810488e+01
2.178000e+00 7.661898e-02 2.350928e+01 1.817483e+01
2.180000e+00 7.698266e-02 2.358276e+01 1.824679e+01
2.182000e+00 7.735686e-02 2.365836e+01 1.832085e+01
2.184000e+00 7.774201e-02 2.373616e+01 1.839707e+01
2.186000e+00 7.813853e-02 2.381626e+01 1.847555e+01
2.188000e+00 7.854689e-02 2.389875e+01 1.855638e+01
2.190000e+00 7.896758e-02 2.398371e+01 1.863966e+01
2.192000e+00 7.940111e-02 2.407126e+01 1.872548e+01
2.194000e+00 7.984802e-02 2.416151e+01 1.881396e+01
2.196000e+00 8.030886e-02 2.425456e+01 1.890520e+01
2.198000e+00 8.078425e-02 2.435054e+01 1.899933e+01
2.200000e+00 8.127481e-02 2.444956e+01 1.909647e+01
2.202000e+00 8.178121e-02 2.455178e+01 1.919674e+01
2.204000e+00 8.230415e-02 2.465731e+01 1.930030e+01
2.206000e+00 8.284438e-02 2.476632e+01 1.940728e+01
2.208000e+00 8.340269e-02 2.487896e+01 1.951784e+01
2.210000e+00 8.397991e-02 2.499540e+01 1.963215e+01
2.212000e+00 8.457692e-02 2.511580e+01 1.975038e+01
2.214000e+00 8.519466e-02 2.524037e+01 1.987271e+01
2.216000e+00 8.583413e-02 2.536929e+01 1.999935e+01
2.218000e+00 8.649638e-02 2.550277e+01 2.013049e+01
2.220000e+00 8.718253e-02 2.564104e+01 2.026637e+01
2.222000e+00 8.789379e-02 2.578434e+01 2.040720e+01
2.224000e+00 8.863142e-02 2.593290e+01 2.055325e+01
2.226000e+00 8.939677e-02 2.608701e+01 2.070478e+01
2.228000e+00 9.019129e-02 2.624695e+01 2.086207e+01
2.230000e+00 9.101653e-02 2.641302e+01 2.102543e+01
2.232000e+00 9.187413e-02 2.658554e+01 2.119517e+01
2.234000e+00 9.276586e-02 2.676487e+01 2.137165e+01
2.236000e+00 9.369360e-02 2.695137e+01 2.155522e+01
2.238000e+00 9.465937e-02 2.714544e+01 2.174629e+01
2.240000e+00 9.566534e-02 2.734751e+01 2.194528e+01
2.242000e+00 9.671385e-02 2.755802e+01 2.215263e+01
2.244000e+00 9.780740e-02 2.777748e+01 2.236885e+01
2.246000e+00 9.894868e-02 2.800641e+01 2.259445e+01
2.248000e+00 1.001406e-01 2.824537e+01 2.282999e+01
2.250000e+00 1.013863e-01 2.849497e+01 2.307609e+01
2.252000e+00 1.026892e-01 2.875588e+01 2.333340e+01
2.254000e+00 1.040529e-01 2.902880e+01 2.360262e+01
2.256000e+00 1.054814e-01 2.931450e+01 2.388454e+01
2.258000e+00 1.069790e-01 2.961383e+01 2.417997e+01
2.260000e+00 1.085504e-01 2.992768e+01 2.448981e+01
2.262000e+00 1.102007e-01 3.025703e+01 2.481506e+01
2.264000e+00 1.119355e-01 3.060297e+01 2.515678e+01
2.266000e+00 1.137609e-01 3.096666e+01 2.551614e+01
2.268000e+00 1.156834e-01 3.134939e+01 2.589441e+01
2.270000e+00 1.177106e-01 3.175255e+01 2.629300e+01
2.272000e+00 1.198504e-01 3.217772e+01 2.671346e+01
2.274000e+00 1.221119e-01 3.262659e+01 2.715750e+01
2.276000e+00 1.245051e-01 3.310107e+01 2.762703e+01
2.278000e+00 1.270410e-01 3.360331e+01 2.812417e+01
2.280000e+00 1.297322e-01 3.413568e+01 2.865130e+01
2.282000e+00 1.325930e-01 3.470091e+01 2.921113e+01
2.284000e+00 1.356395e-01 3.530206e+01 2.980675e+01
2.286000e+00 1.388903e-01 3.594271e+01 3.044170e+01
2.288000e+00 1.423671e-01 3.662696e+01 3.112008e+01
2.290000e+00 1.460952e-01 3.735965e+01 3.184672e+01
2.292000e+00 1.501046e-01 3.814647e+01 3.262731e+01
2.294000e+00 1.544309e-01 3.899426e+01 3.346866e+01
2.296000e+00 1.591176e-01 3.991125e+01 3.437899e+01
2.298000e+00 1.642171e-01 4.090747e+01 3.536833e+01
2.300000e+00 1.697945e-01 4.199531e+01 3.644902e+01
2.302000e+00 1.759306e-01 4.319021e+01 3.763648e+01
2.304000e+00 1.827279e-01 4.451172e+01 3.895022e+01
2.306000e+00 1.903181e-01 4.598507e+01 4.041545e+01
2.308000e+00 1.988755e-01 4.764378e+01 4.206560e+01
2.310000e+00 2.086393e-01 4.953409e+01 4.394686e+01
2.312000e+00 2.199582e-01 5.172390e+01 4.612703e+01
2.314000e+00 2.333955e-01 5.432318e+01 4.871586e+01
2.316000e+00 2.500894e-01 5.754820e+01 5.192924e+01
2.318000e+00 2.774571e-01 6.265599e+01 5.702104e+01
2.320000e+00 2.657296e-01 6.052506e+01 5.489639e+01
2.322000e+00 2.444159e-01 5.645361e+01 5.083831e+01
2.324000e+00 2.289464e-01 5.346232e+01 4.785811e+01
2.326000e+00 2.162631e-01 5.100885e+01 4.541471e+01
2.328000e+00 2.054789e-01 4.892215e+01 4.333737e+01
2.330000e+00 1.961198e-01 4.710955e+01 4.153356e+01
2.332000e+00 1.878832e-01 4.551227e+01 3.994461e+01
2.334000e+00 1.805550e-01 4.408902e+01 3.852929e+01
2.336000e+00 1.739754e-01 4.280914e+01 3.725698e+01
2.338000e+00 1.680227e-01 4.164931e+01 3.610441e+01
2.340000e+00 1.626017e-01 4.059140e+01 3.505348e+01
2.342000e+00 1.576371e-01 3.962099e+01 3.408980e+01
2.344000e+00 1.530679e-01 3.872650e+01 3.320181e+01
2.346000e+00 1.488447e-01 3.789849e+01 3.238009e+01
2.348000e+00 1.449267e-01 3.712920e+01 3.161689e+01
2.350000e+00 1.412802e-01 3.641218e+01 3.090577e+01
2.352000e+00 1.378767e-01 3.574202e+01 3.024134e+01
2.354000e+00 1.346921e-01 3.511411e+01 2.961900e+01
2.356000e+00 1.317058e-01 3.452454e+01 2.903484e+01
2.358000e+00 1.288999e-01 3.396990e+01 2.848546e+01
2.360000e+00 1.262590e-01 3.344724e+01 2.796791e+01
2.362000e+00 1.237694e-01 3.295394e+01 2.747959e+01
2.364000e+00 1.214189e-01 3.248770e+01 2.701819e+01
2.366000e+00 1.191969e-01 3.204647e+01 2.658166e+01
2.368000e+00 1.170936e-01 3.162839e+01 2.616816e+01
2.370000e+00 1.151004e-01 3.123181e+01 2.577603e+01
2.372000e+00 1.132095e-01 3.085522e+01 2.540378e+01
2.374000e+00 1.114136e-01 3.049726e+01 2.505003e+01
2.376000e+00 1.097063e-01 3.015667e+01 2.471354e+01
2.378000e+00 1.080818e-01 2.983232e+01 2.439318e+01
2.380000e+00 1.065345e-01 2.952316e+01 2.408791e+01
2.382000e+00 1.050595e-01 2.922824e+01 2.379677e+01
2.384000e+00 1.036522e-01 2.894667e+01 2.351889e+01
2.386000e+00 1.023085e-01 2.867764e+01 2.325344e+01
2.388000e+00 1.010244e-01 2.842040e+01 2.299969e+01
2.390000e+00 9.979643e-02 2.817425e+01 2.275693e+01
2.392000e+00 9.862123e-02 2.793855e+01 2.252454e+01
2.394000e+00 9.749575e-02 2.771271e+01 2.230192e+01
2.396000e+00 9.641715e-02 2.749616e+01 2.208851e+01
2.398000e+00 9.538279e-02 2.728840e+01 2.188380e+01
2.400000e+00 9.439023e-02 2.708895e+01 2.168732e+01
2.402000e+00 9.343719e-02 2.689736e+01 2.149863e+01
2.404000e+00 9.252154e-02 2.671322e+01 2.131731e+01
2.406000e+00 9.164130e-02 2.653613e+01 2.114297e+01
2.408000e+00 9.079464e-02 2.636573e+01 2.097525e+01
2.410000e+00 8.997982e-02 2.620169e+01 2.081382e+01
2.412000e+00 8.919523e-02 2.604368e+01 2.065836e+01
2.414000e+00 8.843935e-02 2.589141e+01 2.050857e+01
2.416000e+00 8.771078e-02 2.574460e+01 2.036418e+01
2.418000e+00 8.700819e-02 2.560299e+01 2.022492e+01
2.420000e+00 8.633032e-02 2.546632e+01 2.009056e+01
2.422000e+00 8.567601e-02 2.533438e+01 1.996085e+01
2.424000e+00 8.504415e-02 2.520693e+01 1.983559e+01
2.426000e+00 8.443371e-02 2.508378e+01 1.971457e+01
2.428000e+00 8.384372e-02 2.496472e+01 1.959760e+01
2.430000e+00 8.327325e-02 2.484959e+01 1.948449e+01
2.432000e+00 8.272143e-02 2.473820e+01 1.937508e+01
2.434000e+00 8.218745e-02 2.463039e+01 1.926921e+01
2.436000e+00 8.167053e-02 2.452601e+01 1.916672e+01
2.438000e+00 8.116994e-02 2.442491e+01 1.906746e+01
2.440000e+00 8.068498e-02 2.432696e+01 1.897131e+01
2.442000e+00 8.021502e-02 2.423202e+01 1.887812e+01
2.444000e+00 7.975941e-02 2.413997e+01 1.878779e+01
2.446000e+00 7.931758e-02 2.405069e+01 1.870019e+01
2.448000e+00 7.888896e-02 2.396408e+01 1.861521e+01
2.450000e+00 7.847304e-02 2.388002e+01 1.853274e+01
2.452000e+00 7.806930e-02 2.379841e+01 1.845270e+01
2.454000e+00 7.767726e-02 2.371916e+01 1.837498e+01
2.456000e+00 7.729648e-02 2.364219e+01 1.829949e+01
2.458000e+00 7.692653e-02 2.356739e+01 1.822615e+01
2.460000e+00 7.656698e-02 2.349470e+01 1.815488e+01
2.462000e+00 7.621746e-02 2.342402e+01 1.808559e+01
2.464000e+00 7.587758e-02 2.335529e+01 1.801823e+01
2.466000e+00 7.554700e-02 2.328844e+01 1.795270e+01
2.468000e+00 7.522537e-02 2.322339e+01 1.788896e+01
2.470000e+00 7.491237e-02 2.316009e+01 1.782693e+01
2.472000e+00 7.460770e-02 2.309847e+01 1.776655e+01
2.474000e+00 7.431105e-02 2.303847e+01 1.770776e+01
2.476000e+00 7.402216e-02 2.298003e+01 1.765052e+01
2.478000e+00 7.374074e-02 2.292311e+01 1.759476e+01
2.480000e+00 7.346654e-02 2.286764e+01 1.754043e+01
2.482000e+00 7.319932e-02 2.281358e+01 1.748749e+01
2.484000e+00 7.293884e-02 2.276089e+01 1.743588e+01
2.486000e+00 7.268488e-02 2.270951e+01 1.738557e+01
2.488000e+00 7.243721e-02 2.265941e+01 1.733651e+01
2.490000e+00 7.219564e-02 2.261053e+01 1.728866e+01
2.492000e+00 7.195996e-02 2.256285e+01 1.724198e+01
2.494000e+00 7.172999e-02 2.251633e+01 1.719643e+01
2.496000e+00 7.150554e-02 2.247092e+01 1.715198e+01
2.498000e+00 7.128644e-02 2.242659e+01 1.710860e+01
2.500000e+00 7.107252e-02 2.238331e+01 1.706623e+01
2.502000e+00 7.086361e-02 2.234104e+01 1.702487e+01
2.504000e+00 7.065958e-02 2.229976e+01 1.698447e+01
2.506000e+00 7.046025e-02 2.225943e+01 1.694501e+01
2.508000e+00 7.026550e-02 2.222003e+01 1.690645e+01
2.510000e+00 7.007519e-02 2.218152e+01 1.686878e+01
2.512000e+00 6.988918e-02 2.214389e+01 1.683196e+01
2.514000e+00 6.970734e-02 2.210710e+01 1.679596e+01
2.516000e+00 6.952956e-02 2.207113e+01 1.676077e+01
2.518000e+00 6.935571e-02 2.203595e+01 1.672637e+01
2.520000e+00 6.918569e-02 2.200155e+01 1.669272e+01
2.522000e+00 6.901938e-02 2.196790e+01 1.665980e+01
2.524000e+00 6.885668e-02 2.193499e+01 1.662761e+01
2.526000e+00 6.869748e-02 2.190278e+01 1.659610e+01
2.528000e+00 6.854169e-02 2.187126e+01 1.656528e+01
2.530000e+00 6.838922e-02 2.184041e+01 1.653511e+01
2.532000e+00 6.823997e-02 2.181022e+01 1.650558e+01
2.534000e+00 6.809385e-02 2.178066e+01 1.647667e+01
2.536000e+00 6.795079e-02 2.175171e+01 1.644837e+01
2.538000e+00 6.781070e-02 2.172337e+01 1.642066e+01
2.540000e+00 6.767350e-02 2.169561e+01 1.639352e+01
2.542000e+00 6.753911e-02 2.166843e+01 1.636693e+01
2.544000e+00 6.740746e-02 2.164180e+01 1.634090e+01
2.546000e+00 6.727849e-02 2.161571e+01 1.631539e+01
2.548000e+00 6.715212e-02 2.159014e+01 1.629039e+01
2.550000e+00 6.702828e-02 2.156509e+01 1.626590e+01
2.552000e+00 6.690691e-02 2.154054e+01 1.624190e+01
2.554000e+00 6.678796e-02 2.151648e+01 1.621837e+01
2.556000e+00 6.667135e-02 2.149289e+01 1.619532e+01
2.558000e+00 6.655704e-02 2.146977e+01 1.617271e+01
2.560000e+00 6.644497e-02 2.144710e+01 1.615055e+01
2.562000e+00 6.633507e-02 2.142487e+01 1.612882e+01
2.564000e+00 6.622731e-02 2.140307e+01 1.610752e+01
2.566000e+00 6.612163e-02 2.138170e+01 1.608662e+01
2.568000e+00 6.601798e-02 2.136074e+01 1.606613e+01
2.570000e+00 6.591632e-02 2.134017e+01 1.604603e+01
2.572000e+00 6.581660e-02 2.132001e+01 1.602632e+01
2.574000e+00 6.571877e-02 2.130022e+01 1.600698e+01
2.576000e+00 6.562279e-02 2.128081e+01 1.598800e+01
2.578000e+00 6.552863e-02 2.126177e+01 1.596939e+01
2.580000e+00 6.543624e-02 2.124309e+01 1.595113e+01
2.582000e+00 6.534559e-02 2.122476e+01 1.593321e+01
2.584000e+00 6.525663e-02 2.120677e+01 1.591563e+01
2.586000e+00 6.516934e-02 2.118912e+01 1.589837e+01
2.588000e+00 6.508367e-02 2.117180e+01 1.588144e+01
2.590000e+00 6.499961e-02 2.115480e+01 1.586483e+01
2.592000e+00 6.491710e-02 2.113812e+01 1.584853e+01
2.594000e+00 6.483614e-02 2.112175e+01 1.583253e+01
2.596000e+00 6.475668e-02 2.110569e+01 1.581683e+01
2.598000e+00 6.467870e-02 2.108993e+01 1.580142e+01
2.600000e+00 6.460217e-02 2.107446e+01 1.578630e+01
2.602000e+00 6.452707e-02 2.105928e+01 1.577147e+01
2.604000e+00 6.445338e-02 2.104439e+01 1.575691e+01
2.606000e+00 6.438107e-02 2.102978e+01 1.574263e+01
2.608000e+00 6.431013e-02 2.101545e+01 1.572862e+01
2.610000e+00 6.424054e-02 2.100140e+01 1.571488e+01
2.612000e+00 6.417228e-02 2.098761e+01 1.570140e+01
2.614000e+00 6.410535e-02 2.097410e+01 1.568819e+01
2.616000e+00 6.403972e-02 2.096085e+01 1.567524e+01
2.618000e+00 6.397541e-02 2.094788e+01 1.566255e+01
2.620000e+00 6.391240e-02 2.093517e+01 1.565013e+01
2.622000e+00 6.385069e-02 2.092273e+01 1.563797e+01
2.624000e+00 6.379032e-02 2.091056e+01 1.562607e+01
2.626000e+00 6.373128e-02 2.089868e+01 1.561445e+01
2.628000e+00 6.367362e-02 2.088708e+01 1.560311e+01
2.630000e+00 6.361739e-02 2.087579e+01 1.559206e+01
2.632000e+00 6.356266e-02 2.086481e+01 1.558133e+01
2.634000e+00 6.350955e-02 2.085419e+01 1.557094e+01
2.636000e+00 6.345824e-02 2.084397e+01 1.556094e+01
2.638000e+00 6.340907e-02 2.083423e+01 1.555141e+01
2.640000e+00 6.336283e-02 2.082517e+01 1.554255e+01
2.642000e+00 6.332351e-02 2.081758e+01 1.553511e+01
2.644000e+00 6.325660e-02 2.080370e+01 1.552155e+01
2.646000e+00 6.319869e-02 2.079178e+01 1.550990e+01
2.648000e+00 6.314373e-02 2.078055e+01 1.549892e+01
2.650000e+00 6.309130e-02 2.076990e+01 1.548851e+01
2.652000e+00 6.304152e-02 2.075987e+01 1.547870e+01
2.654000e+00 6.299511e-02 2.075063e+01 1.546965e+01
2.656000e+00 6.294711e-02 2.074096e+01 1.546020e+01
2.658000e+00 6.288961e-02 2.072901e+01 1.544851e+01
2.660000e+00 6.283595e-02 2.071794e+01 1.543769e+01
2.662000e+00 6.278464e-02 2.070741e+01 1.542739e+01
2.664000e+00 6.273509e-02 2.069727e+01 1.541748e+01
2.666000e+00 6.268696e-02 2.068745e+01 1.540788e+01
2.668000e+00 6.264006e-02 2.067790e+01 1.539853e+01
2.670000e+00 6.259427e-02 2.066858e+01 1.538941e+01
2.672000e+00 6.254949e-02 2.065947e+01 1.538051e+01
2.674000e+00 6.250566e-02 2.065056e+01 1.537179e+01
2.676000e+00 6.246273e-02 2.064184e+01 1.536326e+01
2.678000e+00 6.242064e-02 2.063330e+01 1.535490e+01
2.680000e+00 6.237937e-02 2.062492e+01 1.534670e+01
2.682000e+00 6.233888e-02 2.061670e+01 1.533866e+01
2.684000e+00 6.229915e-02 2.060865e+01 1.533077e+01
2.686000e+00 6.226016e-02 2.060074e+01 1.532304e+01
2.688000e+00 6.222189e-02 2.059298e+01 1.531544e+01
2.690000e+00 6.218431e-02 2.058536e+01 1.530798e+01
2.692000e+00 6.214742e-02 2.057788e+01 1.530066e+01
2.694000e+00 6.211120e-02 2.057054e+01 1.529348e+01
2.696000e+00 6.207564e-02 2.056334e+01 1.528642e+01
2.698000e+00 6.204072e-02 2.055627e+01 1.527950e+01
2.700000e+00 6.200644e-02 2.054932e+01 1.527270e+01
2.702000e+00 6.197279e-02 2.054251e+01 1.526602e+01
2.704000e+00 6.193976e-02 2.053582e+01 1.525947e+01
2.706000e+00 6.190734e-02 2.052926e+01 1.525305e+01
2.708000e+00 6.187555e-02 2.052283e+01 1.524675e+01
2.710000e+00 6.184438e-02 2.051653e+01 1.524057e+01
2.712000e+00 6.181383e-02 2.051035e+01 1.523452e+01
2.714000e+00 6.178394e-02 2.050431e+01 1.522860e+01
2.716000e+00 6.175472e-02 2.049842e+01 1.522283e+01
2.718000e+00 6.172623e-02 2.049268e+01 1.521720e+01
2.720000e+00 6.169859e-02 2.048713e+01 1.521176e+01
2.722000e+00 6.167204e-02 2.048183e+01 1.520656e+01
2.724000e+00 6.164728e-02 2.047693e+01 1.520175e+01
2.726000e+00 6.162935e-02 2.047357e+01 1.519845e+01
2.728000e+00 6.159706e-02 2.046691e+01 1.519192e+01
2.730000e+00 6.156394e-02 2.045999e+01 1.518514e+01
2.732000e+00 6.153450e-02 2.045391e+01 1.517919e+01
2.734000e+00 6.150649e-02 2.044817e+01 1.517356e+01
2.736000e+00 6.147942e-02 2.044263e+01 1.516813e+01
2.738000e+00 6.145309e-02 2.043726e+01 1.516286e+01
2.740000e+00 6.142740e-02 2.043202e+01 1.515772e+01
2.742000e+00 6.140228e-02 2.042690e+01 1.515270e+01
2.744000e+00 6.137769e-02 2.042190e+01 1.514779e+01
2.746000e+00 6.135361e-02 2.041700e+01 1.514299e+01
2.748000e+00 6.133002e-02 2.041220e+01 1.513828e+01
2.750000e+00 6.130690e-02 2.040750e+01 1.513367e+01
2.752000e+00 6.128425e-02 2.040290e+01 1.512915e+01
2.754000e+00 6.126208e-02 2.039840e+01 1.512473e+01
2.756000e+00 6.124040e-02 2.039400e+01 1.512041e+01
2.758000e+00 6.121884e-02 2.038961e+01 1.511610e+01
2.760000e+00 6.119765e-02 2.038530e+01 1.511186e+01
2.762000e+00 6.117691e-02 2.038108e+01 1.510772e+01
2.764000e+00 6.115659e-02 2.037695e+01 1.510366e+01
2.766000e+00 6.113669e-02 2.037291e+01 1.509968e+01
2.768000e+00 6.111717e-02 2.036894e+01 1.509578e+01
2.770000e+00 6.109804e-02 2.036505e+01 1.509196e+01
2.772000e+00 6.107929e-02 2.036124e+01 1.508821e+01
2.774000e+00 6.106090e-02 2.035750e+01 1.508454e+01
2.776000e+00 6.104289e-02 2.035384e+01 1.508093e+01
2.778000e+00 6.102523e-02 2.035025e+01 1.507740e+01
2.780000e+00 6.100793e-02 2.034673e+01 1.507394e+01
2.782000e+00 6.099098e-02 2.034328e+01 1.507055e+01
2.784000e+00 6.097438e-02 2.033991e+01 1.506722e+01
2.786000e+00 6.095812e-02 2.033660e+01 1.506397e+01
2.788000e+00 6.094221e-02 2.033336e+01 1.506078e+01
2.790000e+00 6.092663e-02 2.033020e+01 1.505765e+01
2.792000e+00 6.091138e-02 2.032709e+01 1.505460e+01
2.794000e+00 6.089646e-02 2.032406e+01 1.505160e+01
2.796000e+00 6.088188e-02 2.032109e+01 1.504868e+01
2.798000e+00 6.086761e-02 2.031819e+01 1.504581e+01
2.800000e+00 6.085367e-02 2.031535e+01 1.504301e+01
2.802000e+00 6.084005e-02 2.031258e+01 1.504028e+01
2.804000e+00 6.082674e-02 2.030987e+01 1.503760e+01
2.806000e+00 6.081375e-02 2.030722e+01 1.503499e+01
2.808000e+00 6.080107e-02 2.030464e+01 1.503244e+01
2.810000e+00 6.078870e-02 2.030212e+01 1.502995e+01
2.812000e+00 6.077666e-02 2.029967e+01 1.502752e+01
2.814000e+00 6.076497e-02 2.029729e+01 1.502517e+01
2.816000e+00 6.075346e-02 2.029494e+01 1.502284e+01
2.818000e+00 6.074222e-02 2.029264e+01 1.502057e+01
2.820000e+00 6.073131e-02 2.029042e+01 1.501837e+01
2.822000e+00 6.072071e-02 2.028825e+01 1.501622e+01
2.824000e+00 6.071040e-02 2.028615e+01 1.501414e+01
2.826000e+00 6.070040e-02 2.028411e+01 1.501211e+01
2.828000e+00 6.069068e-02 2.028212e+01 1.501014e+01
2.830000e+00 6.068126e-02 2.028020e+01 1.500823e+01
2.832000e+00 6.067212e-02 2.027833e+01 1.500637e+01
2.834000e+00 6.066328e-02 2.027652e+01 1.500458e+01
2.836000e+00 6.065471e-02 2.027477e+01 1.500283e+01
2.838000e+00 6.064644e-02 2.027308e+01 1.500115e+01
2.840000e+00 6.063845e-02 2.027144e+01 1.499952e+01
2.842000e+00 6.063074e-02 2.026986e+01 1.499794e+01
2.844000e+00 6.062331e-02 2.026834e+01 1.499642e+01
2.846000e+00 6.061616e-02 2.026688e+01 1.499496e+01
2.848000e+00 6.060929e-02 2.026547e+01 1.499355e+01
2.850000e+00 6.060270e-02 2.026412e+01 1.499219e+01
2.852000e+00 6.059639e-02 2.026282e+01 1.499089e+01
2.854000e+00 6.059036e-02 2.026158e+01 1.498965e+01
2.856000e+00 6.058460e-02 2.026040e+01 1.498846e+01
2.858000e+00 6.057912e-02 2.025927e+01 1.498732e+01
2.860000e+00 6.057392e-02 2.025820e+01 1.498624e+01
2.862000e+00 6.056899e-02 2.025718e+01 1.498521e+01
2.864000e+00 6.056434e-02 2.025622e+01 1.498424e+01
2.866000e+00 6.055996e-02 2.025531e+01 1.498332e+01
2.868000e+00 6.055586e-02 2.025447e+01 1.498245e+01
2.870000e+00 6.055204e-02 2.025367e+01 1.498164e+01
2.872000e+00 6.054849e-02 2.025293e+01 1.498089e+01
2.874000e+00 6.054521e-02 2.025225e+01 1.498019e+01
2.876000e+00 6.054222e-02 2.025163e+01 1.497954e+01
2.878000e+00 6.053950e-02 2.025106e+01 1.497894e+01
2.880000e+00 6.053705e-02 2.025054e+01 1.497841e+01
2.882000e+00 6.053489e-02 2.025009e+01 1.497792e+01
2.884000e+00 6.053300e-02 2.024969e+01 1.497749e+01
2.886000e+00 6.053139e-02 2.024934e+01 1.497712e+01
2.888000e+00 6.053006e-02 2.024905e+01 1.497680e+01
2.890000e+00 6.052902e-02 2.024882e+01 1.497654e+01
2.892000e+00 6.052825e-02 2.024865e+01 1.497633e+01
2.894000e+00 6.052777e-02 2.024853e+01 1.497618e+01
2.896000e+00 6.052757e-02 2.024847e+01 1.497608e+01
2.898000e+00 6.052766e-02 2.024847e+01 1.497604e+01
2.900000e+00 6.052803e-02 2.024853e+01 1.497606e+01
2.902000e+00 6.052870e-02 2.024865e+01 1.497613e+01
2.904000e+00 6.052966e-02 2.024882e+01 1.497627e+01
2.906000e+00 6.053091e-02 2.024906e+01 1.497646e+01
2.908000e+00 6.053245e-02 2.024936e+01 1.497671e+01
2.910000e+00 6.053429e-02 2.024971e+01 1.497701e+01
2.912000e+00 6.053644e-02 2.025013e+01 1.497738e+01
2.914000e+00 6.053888e-02 2.025061e+01 1.497781e+01
2.916000e+00 6.054163e-02 2.025115e+01 1.497829e+01
2.918000e+00 6.054469e-02 2.025175e+01 1.497884e+01
2.920000e+00 6.054807e-02 2.025242e+01 1.497945e+01
2.922000e+00 6.055175e-02 2.025315e+01 1.498013e+01
2.924000e+00 6.055576e-02 2.025395e+01 1.498086e+01
2.926000e+00 6.056009e-02 2.025481e+01 1.498167e+01
2.928000e+00 6.056475e-02 2.025574e+01 1.498253e+01
2.930000e+00 6.056975e-02 2.025674e+01 1.498346e+01
2.932000e+00 6.057508e-02 2.025781e+01 1.498447e+01
2.934000e+00 6.058075e-02 2.025895e+01 1.498553e+01
2.936000e+00 6.058677e-02 2.026016e+01 1.498667e+01
2.938000e+00 6.059315e-02 2.026144e+01 1.498788e+01
2.940000e+00 6.059989e-02 2.026280e+01 1.498916e+01
2.942000e+00 6.060700e-02 2.026424e+01 1.499052e+01
2.944000e+00 6.061449e-02 2.026575e+01 1.499195e+01
2.946000e+00 6.062236e-02 2.026734e+01 1.499346e+01
2.948000e+00 6.063063e-02 2.026901e+01 1.499505e+01
2.950000e+00 6.063931e-02 2.027077e+01 1.499672e+01
2.952000e+00 6.064840e-02 2.027261e+01 1.499848e+01
2.954000e+00 6.065792e-02 2.027455e+01 1.500032e+01
2.956000e+00 6.066788e-02 2.027657e+01 1.500225e+01
2.958000e+00 6.067829e-02 2.027869e+01 1.500427e+01
2.960000e+00 6.068918e-02 2.028091e+01 1.500639e+01
2.962000e+00 6.070056e-02 2.028323e+01 1.500862e+01
2.964000e+00 6.071246e-02 2.028567e+01 1.501094e+01
2.966000e+00 6.072489e-02 2.028821e+01 1.501338e+01
2.968000e+00 6.073788e-02 2.029088e+01 1.501593e+01
2.970000e+00 6.075147e-02 2.029367e+01 1.501861e+01
2.972000e+00 6.076569e-02 2.029660e+01 1.502142e+01
2.974000e+00 6.078059e-02 2.029967e+01 1.502438e+01
2.976000e+00 6.079622e-02 2.030291e+01 1.502749e+01
2.978000e+00 6.081264e-02 2.030632e+01 1.503076e+01
2.980000e+00 6.082994e-02 2.030992e+01 1.503423e+01
2.982000e+00 6.084821e-02 2.031374e+01 1.503791e+01
2.984000e+00 6.086757e-02 2.031781e+01 1.504183e+01
2.986000e+00 6.088818e-02 2.032216e+01 1.504602e+01
2.988000e+00 6.091026e-02 2.032686e+01 1.505056e+01
2.990000e+00 6.093411e-02 2.033198e+01 1.505550e+01
2.992000e+00 6.096023e-02 2.033765e+01 1.506097e+01
2.994000e+00 6.098962e-02 2.034412e+01 1.506723e+01
2.996000e+00 6.102865e-02 2.035279e+01 1.507563e+01
2.998000e+00 6.103555e-02 2.035396e+01 1.507673e+01
3.000000e+00 6.103030e-02 2.035217e+01 1.507495e+01
3.002000e+00 6.103137e-02 2.035188e+01 1.507462e+01
3.004000e+00 6.103544e-02 2.035232e+01 1.507501e+01
3.006000e+00 6.104172e-02 2.035329e+01 1.507592e+01
3.008000e+00 6.104978e-02 2.035468e+01 1.507724e+01
3.010000e+00 6.105938e-02 2.035642e+01 1.507889e+01
3.012000e+00 6.107032e-02 2.035847e+01 1.508085e+01
3.014000e+00 6.108249e-02 2.036080e+01 1.508308e+01
3.016000e+00 6.109578e-02 2.036338e+01 1.508555e+01
3.018000e+00 6.111015e-02 2.036619e+01 1.508824e+01
3.020000e+00 6.112553e-02 2.036923e+01 1.509116e+01
3.022000e+00 6.114191e-02 2.037248e+01 1.509428e+01
3.024000e+00 6.115925e-02 2.037594e+01 1.509761e+01
3.026000e+00 6.117757e-02 2.037961e+01 1.510115e+01
3.028000e+00 6.119687e-02 2.038350e+01 1.510489e+01
3.030000e+00 6.121717e-02 2.038760e+01 1.510884e+01
3.032000e+00 6.123849e-02 2.039192e+01 1.511301e+01
3.034000e+00 6.126089e-02 2.039647e+01 1.511740e+01
3.036000e+00 6.128441e-02 2.040128e+01 1.512204e+01
3.038000e+00 6.130915e-02 2.040634e+01 1.512692e+01
3.040000e+00 6.133519e-02 2.041169e+01 1.513209e+01
3.042000e+00 6.136268e-02 2.041736e+01 1.513757e+01
3.044000e+00 6.139177e-02 2.042339e+01 1.514340e+01
3.046000e+00 6.142269e-02 2.042982e+01 1.514962e+01
3.048000e+00 6.145575e-02 2.043674e+01 1.515632e+01
3.050000e+00 6.149133e-02 2.044424e+01 1.516358e+01
3.052000e+00 6.153001e-02 2.045245e+01 1.517153e+01
3.054000e+00 6.157262e-02 2.046158e+01 1.518038e+01
3.056000e+00 6.162043e-02 2.047195e+01 1.519044e+01
3.058000e+00 6.167557e-02 2.048409e+01 1.520221e+01
3.060000e+00 6.174186e-02 2.049896e+01 1.521664e+01
3.062000e+00 6.182744e-02 2.051854e+01 1.523567e+01
3.064000e+00 6.190049e-02 2.053479e+01 1.525145e+01
3.066000e+00 6.184363e-02 2.052042e+01 1.523742e+01
3.068000e+00 6.181930e-02 2.051359e+01 1.523073e+01
3.070000e+00 6.180927e-02 2.051028e+01 1.522747e+01
3.072000e+00 6.180819e-02 2.050914e+01 1.522632e+01
3.074000e+00 6.181324e-02 2.050947e+01 1.522660e+01
3.076000e+00 6.182282e-02 2.051086e+01 1.522792e+01
3.078000e+00 6.183591e-02 2.051307e+01 1.523003e+01
3.080000e+00 6.185184e-02 2.051593e+01 1.523278e+01
3.082000e+00 6.187013e-02 2.051933e+01 1.523604e+01
3.084000e+00 6.189044e-02 2.052317e+01 1.523975e+01
3.086000e+00 6.191253e-02 2.052741e+01 1.524384e+01
3.088000e+00 6.193620e-02 2.053200e+01 1.524827e+01
3.090000e+00 6.196131e-02 2.053690e+01 1.525300e+01
3.092000e+00 6.198774e-02 2.054209e+01 1.525801e+01
3.094000e+00 6.201541e-02 2.054754e+01 1.526328e+01
3.096000e+00 6.204424e-02 2.055324e+01 1.526879e+01
3.098000e+00 6.207418e-02 2.055918e+01 1.527453e+01
3.100000e+00 6.210519e-02 2.056534e+01 1.528049e+01
3.102000e+00 6.213724e-02 2.057172e+01 1.528666e+01
3.104000e+00 6.217029e-02 2.057831e+01 1.529304e+01
3.106000e+00 6.220433e-02 2.058510e+01 1.529961e+01
3.108000e+00 6.223934e-02 2.059210e+01 1.530639e+01
3.110000e+00 6.227530e-02 2.059929e+01 1.531335e+01
3.112000e+00 6.231221e-02 2.060668e+01 1.532051e+01
3.114000e+00 6.235006e-02 2.061427e+01 1.532786e+01
3.116000e+00 6.238885e-02 2.062205e+01 1.533539e+01
3.118000e+00 6.242858e-02 2.063002e+01 1.534312e+01
3.120000e+00 6.246925e-02 2.063819e+01 1.535103e+01
3.122000e+00 6.251087e-02 2.064655e+01 1.535913e+01
3.124000e+00 6.255344e-02 2.065510e+01 1.536743e+01
3.126000e+00 6.259697e-02 2.066386e+01 1.537591e+01
3.128000e+00 6.264148e-02 2.067281e+01 1.538459e+01
3.130000e+00 6.268696e-02 2.068197e+01 1.539347e+01
3.132000e+00 6.273346e-02 2.069133e+01 1.540255e+01
3.134000e+00 6.278097e-02 2.070090e+01 1.541183e+01
3.136000e+00 6.282953e-02 2.071069e+01 1.542132e+01
3.138000e+00 6.287916e-02 2.072070e+01 1.543103e+01
3.140000e+00 6.292991e-02 2.073094e+01 1.544097e+01
3.142000e+00 6.298183e-02 2.074142e+01 1.545114e+01
3.144000e+00 6.303500e-02 2.075217e+01 1.546157e+01
3.146000e+00 6.308953e-02 2.076321e+01 1.547229e+01
3.148000e+00 6.314571e-02 2.077461e+01 1.548335e+01
3.150000e+00 6.320359e-02 2.078636e+01 1.549475e+01
3.152000e+00 6.325601e-02 2.079681e+01 1.550490e+01
3.154000e+00 6.331125e-02 2.080788e+01 1.551564e+01
3.156000e+00 6.336808e-02 2.081929e+01 1.552672e+01
3.158000e+00 6.342634e-02 2.083100e+01 1.553809e+01
3.160000e+00 6.348597e-02 2.084300e+01 1.554974e+01
3.162000e+00 6.354692e-02 2.085527e+01 1.556166e+01
3.164000e+00 6.360918e-02 2.086781e+01 1.557384e+01
3.166000e+00 6.367276e-02 2.088063e+01 1.558629e+01
3.168000e+00 6.373766e-02 2.089371e+01 1.559900e+01
3.170000e+00 6.380389e-02 2.090707e+01 1.561197e+01
3.172000e+00 6.387146e-02 2.092070e+01 1.562521e+01
3.174000e+00 6.394040e-02 2.093461e+01 1.563873e+01
3.176000e+00 6.401073e-02 2.094880e+01 1.565252e+01
3.178000e+00 6.408247e-02 2.096327e+01 1.566659e+01
3.180000e+00 6.415564e-02 2.097804e+01 1.568094e+01
3.182000e+00 6.423027e-02 2.099311e+01 1.569559e+01
3.184000e+00 6.430639e-02 2.100848e+01 1.571053e+01
3.186000e+00 6.438402e-02 2.102415e+01 1.572577e+01
3.188000e+00 6.446321e-02 2.104014e+01 1.574132e+01
3.190000e+00 6.454398e-02 2.105646e+01 1.575718e+01
3.192000e+00 6.462636e-02 2.107310e+01 1.577336e+01
3.194000e+00 6.471039e-02 2.109007e+01 1.578987e+01
3.196000e+00 6.479611e-02 2.110739e+01 1.580671e+01
3.198000e+00 6.488356e-02 2.112506e+01 1.582390e+01
3.200000e+00 6.497277e-02 2.114309e+01 1.584144e+01
3.202000e+00 6.506378e-02 2.116148e+01 1.585933e+01
3.204000e+00 6.515664e-02 2.118025e+01 1.587759e+01
3.206000e+00 6.525139e-02 2.119940e+01 1.589622e+01
3.208000e+00 6.534807e-02 2.121894e+01 1.591524e+01
3.210000e+00 6.544674e-02 2.123889e+01 1.593466e+01
3.212000e+00 6.554743e-02 2.125925e+01 1.595447e+01
3.214000e+00 6.565021e-02 2.128003e+01 1.597470e+01
3.216000e+00 6.575512e-02 2.130124e+01 1.599535e+01
3.218000e+00 6.586221e-02 2.132290e+01 1.601643e+01
3.220000e+00 6.597154e-02 2.134501e+01 1.603796e+01
3.222000e+00 6.608318e-02 2.136759e+01 1.605995e+01
3.224000e+00 6.619717e-02 2.139065e+01 1.608240e+01
3.226000e+00 6.631358e-02 2.141420e+01 1.610534e+01
3.228000e+00 6.643247e-02 2.143825e+01 1.612876e+01
3.230000e+00 6.655391e-02 2.146282e+01 1.615270e+01
3.232000e+00 6.667797e-02 2.148792e+01 1.617715e+01
3.234000e+00 6.680472e-02 2.151357e+01 1.620214e+01
3.236000e+00 6.693423e-02 2.153977e+01 1.622767e+01
3.238000e+00 6.706658e-02 2.156656e+01 1.625377e+01
3.240000e+00 6.720184e-02 2.159393e+01 1.628045e+01
3.242000e+00 6.734010e-02 2.162192e+01 1.630772e+01
3.244000e+00 6.748145e-02 2.165053e+01 1.633561e+01
3.246000e+00 6.762597e-02 2.167979e+01 1.636413e+01
3.248000e+00 6.777375e-02 2.170970e+01 1.639330e+01
3.250000e+00 6.792489e-02 2.174030e+01 1.642313e+01
3.252000e+00 6.807949e-02 2.177160e+01 1.645365e+01
3.254000e+00 6.823765e-02 2.180363e+01 1.648488e+01
3.256000e+00 6.839947e-02 2.183639e+01 1.651684e+01
3.258000e+00 6.856507e-02 2.186993e+01 1.654954e+01
3.260000e+00 6.873456e-02 2.190425e+01 1.658303e+01
3.262000e+00 6.890806e-02 2.193939e+01 1.661731e+01
3.264000e+00 6.908569e-02 2.197537e+01 1.665241e+01
3.266000e+00 6.926759e-02 2.201221e+01 1.668836e+01
3.268000e+00 6.945389e-02 2.204995e+01 1.672519e+01
3.270000e+00 6.964473e-02 2.208861e+01 1.676292e+01
3.272000e+00 6.984026e-02 2.212822e+01 1.680158e+01
3.274000e+00 7.004062e-02 2.216881e+01 1.684120e+01
3.276000e+00 7.024598e-02 2.221041e+01 1.688182e+01
3.278000e+00 7.045650e-02 2.225307e+01 1.692347e+01
3.280000e+00 7.067236e-02 2.229680e+01 1.696618e+01
3.282000e+00 7.089373e-02 2.234166e+01 1.700998e+01
3.284000e+00 7.112081e-02 2.238767e+01 1.705493e+01
3.286000e+00 7.135379e-02 2.243488e+01 1.710104e+01
3.288000e+00 7.159288e-02 2.248333e+01 1.714838e+01
3.290000e+00 7.183829e-02 2.253307e+01 1.719697e+01
3.292000e+00 7.209025e-02 2.258413e+01 1.724687e+01
3.294000e+00 7.234899e-02 2.263657e+01 1.729812e+01
3.296000e+00 7.261477e-02 2.269044e+01 1.735077e+01
3.298000e+00 7.288784e-02 2.274578e+01 1.740487e+01
3.300000e+00 7.316846e-02 2.280266e+01 1.746048e+01
3.302000e+00 7.345694e-02 2.286113e+01 1.751766e+01
3.304000e+00 7.375356e-02 2.292125e+01 1.757645e+01
3.306000e+00 7.405865e-02 2.298309e+01 1.763694e+01
3.308000e+00 7.437252e-02 2.304672e+01 1.769917e+01
3.310000e+00 7.469554e-02 2.311219e+01 1.776323e+01
3.312000e+00 7.502806e-02 2.317960e+01 1.782918e+01
3.314000e+00 7.537047e-02 2.324901e+01 1.789710e+01
3.316000e+00 7.572318e-02 2.332050e+01 1.796708e+01
3.318000e+00 7.608662e-02 2.339418e+01 1.803920e+01
3.320000e+00 7.646124e-02 2.347011e+01 1.811354e+01
3.322000e+00 7.684752e-02 2.354841e+01 1.819021e+01
3.324000e+00 7.724596e-02 2.362918e+01 1.826931e+01
3.326000e+00 7.765710e-02 2.371252e+01 1.835094e+01
3.328000e+00 7.808152e-02 2.379855e+01 1.843522e+01
3.330000e+00 7.851981e-02 2.388740e+01 1.852227e+01
3.332000e+00 7.897263e-02 2.397918e+01 1.861222e+01
3.334000e+00 7.944064e-02 2.407405e+01 1.870520e+01
3.336000e+00 7.992459e-02 2.417214e+01 1.880136e+01
3.338000e+00 8.042526e-02 2.427362e+01 1.890086e+01
3.340000e+00 8.094347e-02 2.437866e+01 1.900386e+01
3.342000e+00 8.148013e-02 2.448744e+01 1.911055e+01
3.344000e+00 8.203620e-02 2.460015e+01 1.922112e+01
3.346000e+00 8.261273e-02 2.471701e+01 1.933577e+01
3.348000e+00 8.321084e-02 2.483825e+01 1.945475e+01
3.350000e+00 8.383177e-02 2.496411e+01 1.957829e+01
3.352000e+00 8.447687e-02 2.509489e+01 1.970668e+01
3.354000e+00 8.514762e-02 2.523087e+01 1.984021e+01
3.356000e+00 8.584569e-02 2.537242e+01 1.997923e+01
3.358000e+00 8.657292e-02 2.551990e+01 2.012410e+01
3.360000e+00 8.733142e-02 2.567375e+01 2.027528e+01
3.362000e+00 8.812359e-02 2.583449e+01 2.043325e+01
3.364000e+00 8.895222e-02 2.600270e+01 2.059860e+01
3.366000e+00 8.982063e-02 2.617909e+01 2.077203e+01
3.368000e+00 9.073281e-02 2.636452e+01 2.095440e+01
3.370000e+00 9.169373e-02 2.656008e+01 2.114677e+01
3.372000e+00 9.270983e-02 2.676721e+01 2.135057e+01
3.374000e+00 9.378981e-02 2.698786e+01 2.156775e+01
3.376000e+00 9.494637e-02 2.722498e+01 2.180119e+01
3.378000e+00 9.619994e-02 2.748336e+01 2.205564e+01
3.380000e+00 9.758859e-02 2.777192e+01 2.233990e+01
3.382000e+00 9.930253e-02 2.812938e+01 2.269216e+01
3.384000e+00 9.994414e-02 2.824877e+01 2.280982e+01
3.386000e+00 1.007114e-01 2.839159e+01 2.295059e+01
3.388000e+00 1.016480e-01 2.857228e+01 2.312872e+01
3.390000e+00 1.027083e-01 2.878008e+01 2.333363e+01
3.392000e+00 1.038740e-01 2.901032e+01 2.356072e+01
3.394000e+00 1.051364e-01 2.926076e+01 2.380780e+01
3.396000e+00 1.064923e-01 2.953044e+01 2.407390e+01
3.398000e+00 1.079414e-01 2.981905e+01 2.435878e+01
3.400000e+00 1.094853e-01 3.012681e+01 2.466263e+01
3.402000e+00 1.111274e-01 3.045422e+01 2.498597e+01
3.404000e+00 1.128720e-01 3.080209e+01 2.532961e+01
3.406000e+00 1.147247e-01 3.117142e+01 2.569456e+01
3.408000e+00 1.166921e-01 3.156349e+01 2.608208e+01
3.410000e+00 1.187821e-01 3.197975e+01 2.649364e+01
3.412000e+00 1.210036e-01 3.242191e+01 2.693095e+01
3.414000e+00 1.233668e-01 3.289194e+01 2.739595e+01
3.416000e+00 1.258836e-01 3.339208e+01 2.789091e+01
3.418000e+00 1.285674e-01 3.392495e+01 2.841841e+01
3.420000e+00 1.314338e-01 3.449353e+01 2.898145e+01
3.422000e+00 1.345009e-01 3.510131e+01 2.958351e+01
3.424000e+00 1.377899e-01 3.575237e+01 3.022867e+01
3.426000e+00 1.413258e-01 3.645155e+01 3.092173e+01
3.428000e+00 1.451383e-01 3.720458e+01 3.166844e+01
3.430000e+00 1.492633e-01 3.801839e+01 3.247569e+01
3.432000e+00 1.537442e-01 3.890138e+01 3.335188e+01
3.434000e+00 1.586343e-01 3.986386e+01 3.430729e+01
3.436000e+00 1.639996e-01 4.091864e+01 3.535469e+01
3.438000e+00 1.699231e-01 4.208179e+01 3.651015e+01
3.440000e+00 1.765105e-01 4.337386e+01 3.779416e+01
3.442000e+00 1.838992e-01 4.482171e+01 3.923352e+01
3.444000e+00 1.922737e-01 4.646156e+01 4.086439e+01
3.446000e+00 2.018931e-01 4.834466e+01 4.273794e+01
3.448000e+00 2.131500e-01 5.054920e+01 4.493221e+01
3.450000e+00 2.267273e-01 5.321058e+01 4.758232e+01
3.452000e+00 2.444516e-01 5.666935e+01 5.102802e+01
3.454000e+00 2.756874e-01 6.231957e+01 5.666003e+01
3.456000e+00 2.398315e-01 5.577435e+01 5.013615e+01
3.458000e+00 2.233651e-01 5.255283e+01 4.692706e+01
3.460000e+00 2.103649e-01 5.000541e+01 4.439060e+01
3.462000e+00 1.994895e-01 4.787624e+01 4.227147e+01
3.464000e+00 1.901465e-01 4.604745e+01 4.045205e+01
3.466000e+00 1.819813e-01 4.444854e+01 3.886194e+01
3.468000e+00 1.747549e-01 4.303231e+01 3.745407e+01
3.470000e+00 1.682954e-01 4.176507e+01 3.619478e+01
3.472000e+00 1.624711e-01 4.062111e+01 3.505841e+01
3.474000e+00 1.571837e-01 3.958133e+01 3.402591e+01
3.476000e+00 1.523546e-01 3.863051e+01 3.308210e+01
3.478000e+00 1.479207e-01 3.775643e+01 3.221476e+01
3.480000e+00 1.438309e-01 3.694919e+01 3.141404e+01
3.482000e+00 1.400434e-01 3.620073e+01 3.067187e+01
3.484000e+00 1.365238e-01 3.550437e+01 2.998159e+01
3.486000e+00 1.332431e-01 3.485453e+01 2.933765e+01
3.488000e+00 1.301771e-01 3.424652e+01 2.873537e+01
3.490000e+00 1.273051e-01 3.367634e+01 2.817073e+01
3.492000e+00 1.246092e-01 3.314055e+01 2.764033e+01
3.494000e+00 1.220739e-01 3.263615e+01 2.714117e+01
3.496000e+00 1.196857e-01 3.216054e+01 2.667064e+01
3.498000e+00 1.174327e-01 3.171141e+01 2.622644e+01
3.500000e+00 1.153042e-01 3.128670e+01 2.580653e+01
3.502000e+00 1.132907e-01 3.088459e+01 2.540908e+01
3.504000e+00 1.113837e-01 3.050342e+01 2.503243e+01
3.506000e+00 1.095755e-01 3.014170e+01 2.467512e+01
3.508000e+00 1.078591e-01 2.979809e+01 2.433579e+01
3.510000e+00 1.062283e-01 2.947135e+01 2.401321e+01
3.512000e+00 1.046771e-01 2.916037e+01 2.370628e+01
3.514000e+00 1.032004e-01 2.886412e+01 2.341396e+01
3.516000e+00 1.017934e-01 2.858166e+01 2.313531e+01
3.518000e+00 1.004515e-01 2.831211e+01 2.286949e+01
3.520000e+00 9.917064e-02 2.805470e+01 2.261569e+01
3.522000e+00 9.794716e-02 2.780868e+01 2.237319e+01
3.524000e+00 9.677755e-02 2.757337e+01 2.214130e+01
3.526000e+00 9.565861e-02 2.734814e+01 2.191940e+01
3.528000e+00 9.458737e-02 2.713243e+01 2.170692e+01
3.530000e+00 9.356109e-02 2.692568e+01 2.150332e+01
3.532000e+00 9.257723e-02 2.672739e+01 2.130810e+01
3.534000e+00 9.163343e-02 2.653711e+01 2.112081e+01
3.536000e+00 9.072750e-02 2.635440e+01 2.094100e+01
3.538000e+00 8.985746e-02 2.617887e+01 2.076830e+01
3.540000e+00 8.902091e-02 2.601004e+01 2.060222e+01
3.542000e+00 8.821636e-02 2.584762e+01 2.044248e+01
3.544000e+00 8.744231e-02 2.569131e+01 2.028878e+01
3.546000e+00 8.669718e-02 2.554080e+01 2.014081e+01
3.548000e+00 8.597949e-02 2.539580e+01 1.999829e+01
3.550000e+00 8.528789e-02 2.525603e+01 1.986094e+01
3.552000e+00 8.462108e-02 2.512125e+01 1.972852e+01
3.554000e+00 8.397788e-02 2.499122e+01 1.960077e+01
3.556000e+00 8.335715e-02 2.486570e+01 1.947749e+01
3.558000e+00 8.275783e-02 2.474449e+01 1.935846e+01
3.560000e+00 8.217893e-02 2.462740e+01 1.924349e+01
3.562000e+00 8.161951e-02 2.451422e+01 1.913238e+01
3.564000e+00 8.107869e-02 2.440480e+01 1.902498e+01
3.566000e+00 8.055564e-02 2.429895e+01 1.892110e+01
3.568000e+00 8.004957e-02 2.419653e+01 1.882060e+01
3.570000e+00 7.955974e-02 2.409738e+01 1.872333e+01
3.572000e+00 7.908546e-02 2.400137e+01 1.862914e+01
3.574000e+00 7.862605e-02 2.390837e+01 1.853792e+01
3.576000e+00 7.818089e-02 2.381824e+01 1.844953e+01
3.578000e+00 7.774940e-02 2.373086e+01 1.836386e+01
3.580000e+00 7.733099e-02 2.364614e+01 1.828079e+01
3.582000e+00 7.692516e-02 2.356395e+01 1.820022e+01
3.584000e+00 7.653138e-02 2.348420e+01 1.812205e+01
3.586000e+00 7.614918e-02 2.340679e+01 1.804618e+01
3.588000e+00 7.577810e-02 2.333163e+01 1.797253e+01
3.590000e+00 7.541772e-02 2.325863e+01 1.790101e+01
3.592000e+00 7.506759e-02 2.318771e+01 1.783152e+01
3.594000e+00 7.472736e-02 2.311878e+01 1.776401e+01
3.596000e+00 7.439664e-02 2.305179e+01 1.769838e+01
3.598000e+00 7.407508e-02 2.298665e+01 1.763458e+01
3.600000e+00 7.376234e-02 2.292329e+01 1.757254e+01
3.602000e+00 7.345809e-02 2.286165e+01 1.751218e+01
3.604000e+00 7.316204e-02 2.280167e+01 1.745346e+01
3.606000e+00 7.287388e-02 2.274330e+01 1.739631e+01
3.608000e+00 7.259334e-02 2.268646e+01 1.734067e+01
3.610000e+00 7.232014e-02 2.263111e+01 1.728649e+01
3.612000e+00 7.205404e-02 2.257720e+01 1.723373e+01
3.614000e+00 7.179479e-02 2.252468e+01 1.718233e+01
3.616000e+00 7.154215e-02 2.247350e+01 1.713224e+01
3.618000e+00 7.129590e-02 2.242361e+01 1.708343e+01
3.620000e+00 7.105582e-02 2.237497e+01 1.703584e+01
3.622000e+00 7.082172e-02 2.232755e+01 1.698944e+01
3.624000e+00 7.059339e-02 2.228129e+01 1.694419e+01
3.626000e+00 7.037065e-02 2.223617e+01 1.690006e+01
3.628000e+00 7.015332e-02 2.219215e+01 1.685699e+01
3.630000e+00 6.994121e-02 2.214918e+01 1.681497e+01
3.632000e+00 6.973418e-02 2.210725e+01 1.677396e+01
3.634000e+00 6.953205e-02 2.206631e+01 1.673392e+01
3.636000e+00 6.933468e-02 2.202633e+01 1.669483e+01
3.638000e+00 6.914192e-02 2.198729e+01 1.665665e+01
3.640000e+00 6.895362e-02 2.194915e+01 1.661936e+01
3.642000e+00 6.876966e-02 2.191189e+01 1.658294e+01
3.644000e+00 6.858990e-02 2.187549e+01 1.654735e+01
3.646000e+00 6.841421e-02 2.183991e+01 1.651256e+01
3.648000e+00 6.824248e-02 2.180513e+01 1.647857e+01
3.650000e+00 6.807458e-02 2.177114e+01 1.644534e+01
3.652000e+00 6.791042e-02 2.173790e+01 1.641285e+01
3.654000e+00 6.774987e-02 2.170539e+01 1.638107e+01
3.656000e+00 6.759285e-02 2.167360e+01 1.635000e+01
3.658000e+00 6.743924e-02 2.164250e+01 1.631961e+01
3.660000e+00 6.728894e-02 2.161207e+01 1.628987e+01
3.662000e+00 6.714188e-02 2.158230e+01 1.626078e+01
3.664000e+00 6.699796e-02 2.155317e+01 1.623231e+01
3.666000e+00 6.685709e-02 2.152465e+01 1.620445e+01
3.668000e+00 6.671919e-02 2.149674e+01 1.617717e+01
3.670000e+00 6.658418e-02 2.146942e+01 1.615047e+01
3.672000e+00 6.645198e-02 2.144266e+01 1.612433e+01
3.674000e+00 6.632251e-02 2.141646e+01 1.609873e+01
3.676000e+00 6.619572e-02 2.139080e+01 1.607366e+01
3.678000e+00 6.607152e-02 2.136567e+01 1.604911e+01
3.680000e+00 6.594984e-02 2.134105e+01 1.602505e+01
3.682000e+00 6.583063e-02 2.131693e+01 1.600149e+01
3.684000e+00 6.571382e-02 2.129330e+01 1.597840e+01
3.686000e+00 6.559935e-02 2.127014e+01 1.595578e+01
3.688000e+00 6.548716e-02 2.124744e+01 1.593361e+01
3.690000e+00 6.537720e-02 2.122520e+01 1.591188e+01
3.692000e+00 6.526940e-02 2.120340e+01 1.589058e+01
3.694000e+00 6.516372e-02 2.118202e+01 1.586970e+01
3.696000e+00 6.506011e-02 2.116106e+01 1.584923e+01
3.698000e+00 6.495851e-02 2.114052e+01 1.582916e+01
3.700000e+00 6.485887e-02 2.112037e+01 1.580948e+01
3.702000e+00 6.476116e-02 2.110061e+01 1.579018e+01
3.704000e+00 6.466532e-02 2.108123e+01 1.577125e+01
3.706000e+00 6.457131e-02 2.106222e+01 1.575268e+01
3.708000e+00 6.447909e-02 2.104358e+01 1.573447e+01
3.710000e+00 6.438861e-02 2.102529e+01 1.571661e+01
3.712000e+00 6.429985e-02 2.100734e+01 1.569908e+01
3.714000e+00 6.421275e-02 2.098974e+01 1.568188e+01
3.716000e+00 6.412728e-02 2.097246e+01 1.566501e+01
3.718000e+00 6.404341e-02 2.095551e+01 1.564845e+01
3.720000e+00 6.396110e-02 2.093888e+01 1.563220e+01
3.722000e+00 6.388032e-02 2.092255e+01 1.561626e+01
3.724000e+00 6.380103e-02 2.090653e+01 1.560061e+01
3.726000e+00 6.372320e-02 2.089081e+01 1.558525e+01
3.728000e+00 6.364680e-02 2.087537e+01 1.557017e+01
3.730000e+00 6.357180e-02 2.086022e+01 1.555537e+01
3.732000e+00 6.349817e-02 2.084534e+01 1.554084e+01
3.734000e+00 6.342588e-02 2.083074e+01 1.552657e+01
3.736000e+00 6.335491e-02 2.081640e+01 1.551257e+01
3.738000e+00 6.328522e-02 2.080233e+01 1.549882e+01
3.740000e+00 6.321680e-02 2.078851e+01 1.548532e+01
3.742000e+00 6.314961e-02 2.077494e+01 1.547207e+01
3.744000e+00 6.308363e-02 2.076162e+01 1.545905e+01
3.746000e+00 6.301884e-02 2.074854e+01 1.544627e+01
3.748000e+00 6.295522e-02 2.073569e+01 1.543372e+01
3.750000e+00 6.289274e-02 2.072308e+01 1.542140e+01
3.752000e+00 6.283138e-02 2.071069e+01 1.540930e+01
3.754000e+00 6.277112e-02 2.069853e+01 1.539741e+01
3.756000e+00 6.271194e-02 2.068658e+01 1.538574e+01
3.758000e+00 6.265382e-02 2.067485e+01 1.537428e+01
3.760000e+00 6.259674e-02 2.066333e+01 1.536302e+01
3.762000e+00 6.254068e-02 2.065202e+01 1.535197e+01
3.764000e+00 6.248562e-02 2.064091e+01 1.534111e+01
3.766000e+00 6.243155e-02 2.063000e+01 1.533045e+01
3.768000e+00 6.237844e-02 2.061929e+01 1.531998e+01
3.770000e+00 6.232629e-02 2.060877e+01 1.530970e+01
3.772000e+00 6.227507e-02 2.059843e+01 1.529960e+01
3.774000e+00 6.222477e-02 2.058829e+01 1.528969e+01
3.776000e+00 6.217538e-02 2.057833e+01 1.527995e+01
3.778000e+00 6.212688e-02 2.056855e+01 1.527039e+01
3.780000e+00 6.207925e-02 2.055894e+01 1.526100e+01
3.782000e+00 6.203248e-02 2.054951e+01 1.525178e+01
3.784000e+00 6.198655e-02 2.054026e+01 1.524273e+01
3.786000e+00 6.194146e-02 2.053117e+01 1.523385e+01
3.788000e+00 6.189720e-02 2.052224e+01 1.522512e+01
3.790000e+00 6.185374e-02 2.051349e+01 1.521656e+01
3.792000e+00 6.181108e-02 2.050489e+01 1.520815e+01
3.794000e+00 6.176920e-02 2.049645e+01 1.519990e+01
3.796000e+00 6.172810e-02 2.048817e+01 1.519180e+01
3.798000e+00 6.168776e-02 2.048004e+01 1.518386e+01
3.800000e+00 6.164817e-02 2.047207e+01 1.517606e+01
3.802000e+00 6.160933e-02 2.046425e+01 1.516840e+01
3.804000e+00 6.157121e-02 2.045657e+01 1.516090e+01
3.806000e+00 6.153382e-02 2.044904e+01 1.515353e+01
3.808000e+00 6.149714e-02 2.044166e+01 1.514631e+01
3.810000e+00 6.146117e-02 2.043442e+01 1.513922e+01
3.812000e+00 6.142589e-02 2.042732e+01 1.513227e+01
3.814000e+00 6.139130e-02 2.042036e+01 1.512546e+01
3.816000e+00 6.135738e-02 2.041353e+01 1.511878e+01
3.818000e+00 6.132414e-02 2.040685e+01 1.511223e+01
3.820000e+00 6.129156e-02 2.040029e+01 1.510582e+01
3.822000e+00 6.125964e-02 2.039387e+01 1.509953e+01
3.824000e+00 6.122837e-02 2.038759e+01 1.509338e+01
3.826000e+00 6.119774e-02 2.038143e+01 1.508735e+01
3.828000e+00 6.116774e-02 2.037540e+01 1.508144e+01
3.830000e+00 6.113838e-02 2.036950e+01 1.507566e+01
3.832000e+00 6.110963e-02 2.036372e+01 1.507000e+01
3.834000e+00 6.108151e-02 2.035807e+01 1.506447e+01
3.836000e+00 6.105400e-02 2.035255e+01 1.505905e+01
3.838000e+00 6.102710e-02 2.034715e+01 1.505376e+01
3.840000e+00 6.100079e-02 2.034187e+01 1.504859e+01
3.842000e+00 6.097509e-02 2.033671e+01 1.504353e+01
3.844000e+00 6.094998e-02 2.033167e+01 1.503859e+01
3.846000e+00 6.092546e-02 2.032676e+01 1.503377e+01
3.848000e+00 6.090152e-02 2.032196e+01 1.502906e+01
3.850000e+00 6.087817e-02 2.031728e+01 1.502447e+01
3.852000e+00 6.085539e-02 2.031271e+01 1.501999e+01
3.854000e+00 6.083319e-02 2.030826e+01 1.501562e+01
3.856000e+00 6.081156e-02 2.030393e+01 1.501137e+01
3.858000e+00 6.079049e-02 2.029972e+01 1.500723e+01
3.860000e+00 6.077000e-02 2.029562e+01 1.500320e+01
3.862000e+00 6.075007e-02 2.029163e+01 1.499929e+01
3.864000e+00 6.073069e-02 2.028776e+01 1.499548e+01
3.866000e+00 6.071188e-02 2.028400e+01 1.499179e+01
3.868000e+00 6.069363e-02 2.028036e+01 1.498821e+01
3.870000e+00 6.067594e-02 2.027683e+01 1.498473e+01
3.872000e+00 6.065880e-02 2.027341e+01 1.498137e+01
3.874000e+00 6.064221e-02 2.027011e+01 1.497812e+01
3.876000e+00 6.062618e-02 2.026692e+01 1.497498e+01
3.878000e+00 6.061070e-02 2.026384e+01 1.497194e+01
3.880000e+00 6.059578e-02 2.026087e+01 1.496902e+01
3.882000e+00 6.058141e-02 2.025802e+01 1.496620e+01
3.884000e+00 6.056759e-02 2.025528e+01 1.496350e+01
3.886000e+00 6.055433e-02 2.025265e+01 1.496091e+01
3.888000e+00 6.054163e-02 2.025014e+01 1.495842e+01
3.890000e+00 6.052948e-02 2.024774e+01 1.495605e+01
3.892000e+00 6.051789e-02 2.024545e+01 1.495379e+01
3.894000e+00 6.050686e-02 2.024328e+01 1.495163e+01
3.896000e+00 6.049639e-02 2.024122e+01 1.494959e+01
3.898000e+00 6.048649e-02 2.023928e+01 1.494767e+01
3.900000e+00 6.047715e-02 2.023745e+01 1.494585e+01
3.902000e+00 6.046838e-02 2.023574e+01 1.494415e+01
3.904000e+00 6.046019e-02 2.023415e+01 1.494256e+01
3.906000e+00 6.045257e-02 2.023267e+01 1.494109e+01
3.908000e+00 6.044553e-02 2.023132e+01 1.493973e+01
3.910000e+00 6.043908e-02 2.023008e+01 1.493849e+01
3.912000e+00 6.043321e-02 2.022896e+01 1.493736e+01
3.914000e+00 6.042794e-02 2.022797e+01 1.493636e+01
3.916000e+00 6.042326e-02 2.022710e+01 1.493547e+01
3.918000e+00 6.041919e-02 2.022635e+01 1.493470e+01
3.920000e+00 6.041574e-02 2.022572e+01 1.493406e+01
3.922000e+00 6.041289e-02 2.022523e+01 1.493354e+01
3.924000e+00 6.041067e-02 2.022486e+01 1.493314e+01
3.926000e+00 6.040908e-02 2.022462e+01 1.493287e+01
3.928000e+00 6.040813e-02 2.022451e+01 1.493272e+01
3.930000e+00 6.040783e-02 2.022454e+01 1.493271e+01
3.932000e+00 6.040818e-02 2.022469e+01 1.493282e+01
3.934000e+00 6.040920e-02 2.022499e+01 1.493307e+01
3.936000e+00 6.041088e-02 2.022542e+01 1.493345e+01
3.938000e+00 6.041326e-02 2.022600e+01 1.493398e+01
3.940000e+00 6.041632e-02 2.022672e+01 1.493464e+01
3.942000e+00 6.042010e-02 2.022758e+01 1.493544e+01
3.944000e+00 6.042459e-02 2.022859e+01 1.493638e+01
3.946000e+00 6.042981e-02 2.022976e+01 1.493747e+01
3.948000e+00 6.043578e-02 2.023107e+01 1.493872e+01
3.950000e+00 6.044250e-02 2.023255e+01 1.494011e+01
3.952000e+00 6.045000e-02 2.023418e+01 1.494166e+01
3.954000e+00 6.045829e-02 2.023598e+01 1.494337e+01
3.956000e+00 6.046739e-02 2.023794e+01 1.494524e+01
3.958000e+00 6.047730e-02 2.024007e+01 1.494727e+01
3.960000e+00 6.048806e-02 2.024238e+01 1.494948e+01
3.962000e+00 6.049969e-02 2.024487e+01 1.495186e+01
3.964000e+00 6.051219e-02 2.024754e+01 1.495442e+01
3.966000e+00 6.052561e-02 2.025040e+01 1.495716e+01
3.968000e+00 6.053995e-02 2.025345e+01 1.496009e+01
3.970000e+00 6.055525e-02 2.025670e+01 1.496321e+01
3.972000e+00 6.057153e-02 2.026016e+01 1.496653e+01
3.974000e+00 6.058882e-02 2.026382e+01 1.497006e+01
3.976000e+00 6.060716e-02 2.026771e+01 1.497380e+01
3.978000e+00 6.062658e-02 2.027182e+01 1.497776e+01
3.980000e+00 6.064712e-02 2.027617e+01 1.498195e+01
3.982000e+00 6.066882e-02 2.028076e+01 1.498638e+01
3.984000e+00 6.069173e-02 2.028561e+01 1.499106e+01
3.986000e+00 6.071591e-02 2.029072e+01 1.499599e+01
3.988000e+00 6.074142e-02 2.029612e+01 1.500120e+01
3.990000e+00 6.076834e-02 2.030181e+01 1.500670e+01
3.992000e+00 6.079676e-02 2.030783e+01 1.501252e+01
3.994000e+00 6.082680e-02 2.031420e+01 1.501867e+01
3.996000e+00 6.085861e-02 2.032096e+01 1.502521e+01
3.998000e+00 6.089254e-02 2.032818e+01 1.503220e+01
4.000000e+00 6.092749e-02 2.033561e+01 1.503939e+01
4.002000e+00 6.096317e-02 2.034319e+01 1.504672e+01
4.004000e+00 6.100201e-02 2.035150e+01 1.505477e+01
4.006000e+00 6.104600e-02 2.036098e+01 1.506395e+01
4.008000e+00 6.108000e-02 2.036807e+01 1.507081e+01
4.010000e+00 6.110693e-02 2.037344e+01 1.507600e+01
4.012000e+00 6.113858e-02 2.037989e+01 1.508223e+01
4.014000e+00 6.117321e-02 2.038701e+01 1.508912e+01
4.016000e+00 6.121041e-02 2.039471e+01 1.509657e+01
4.018000e+00 6.125000e-02 2.040293e+01 1.510453e+01
4.020000e+00 6.129189e-02 2.041165e+01 1.511297e+01
4.022000e+00 6.133603e-02 2.042085e+01 1.512189e+01
4.024000e+00 6.138242e-02 2.043053e+01 1.513127e+01
4.026000e+00 6.143106e-02 2.044069e+01 1.514112e+01
4.028000e+00 6.148199e-02 2.045134e+01 1.515144e+01
4.030000e+00 6.153525e-02 2.046247e+01 1.516224e+01
4.032000e+00 6.159088e-02 2.047412e+01 1.517353e+01
4.034000e+00 6.164897e-02 2.048627e+01 1.518532e+01
4.036000e+00 6.170957e-02 2.049896e+01 1.519763e+01
4.038000e+00 6.177276e-02 2.051220e+01 1.521048e+01
4.040000e+00 6.183864e-02 2.052601e+01 1.522388e+01
4.042000e+00 6.190731e-02 2.054040e+01 1.523784e+01
4.044000e+00 6.197885e-02 2.055540e+01 1.525241e+01
4.046000e+00 6.205340e-02 2.057103e+01 1.526758e+01
4.048000e+00 6.213106e-02 2.058732e+01 1.528340e+01
4.050000e+00 6.221197e-02 2.060430e+01 1.529989e+01
4.052000e+00 6.229626e-02 2.062199e+01 1.531708e+01
4.054000e+00 6.238408e-02 2.064043e+01 1.533499e+01
4.056000e+00 6.247558e-02 2.065965e+01 1.535366e+01
4.058000e+00 6.257093e-02 2.067968e+01 1.537312e+01
4.060000e+00 6.267032e-02 2.070056e+01 1.539342e+01
4.062000e+00 6.277392e-02 2.072234e+01 1.541459e+01
4.064000e+00 6.288195e-02 2.074506e+01 1.543667e+01
4.066000e+00 6.299462e-02 2.076876e+01 1.545972e+01
4.068000e+00 6.311216e-02 2.079350e+01 1.548377e+01
4.070000e+00 6.323482e-02 2.081932e+01 1.550888e+01
4.072000e+00 6.336287e-02 2.084629e+01 1.553511e+01
4.074000e+00 6.349659e-02 2.087446e+01 1.556251e+01
4.076000e+00 6.363629e-02 2.090390e+01 1.559116e+01
4.078000e+00 6.378229e-02 2.093469e+01 1.562111e+01
4.080000e+00 6.393495e-02 2.096689e+01 1.565245e+01
4.082000e+00 6.409465e-02 2.100059e+01 1.568525e+01
4.084000e+00 6.426179e-02 2.103589e+01 1.571961e+01
4.086000e+00 6.443682e-02 2.107286e+01 1.575561e+01
4.088000e+00 6.462021e-02 2.111163e+01 1.579335e+01
4.090000e+00 6.481248e-02 2.115229e+01 1.583294e+01
4.092000e+00 6.501418e-02 2.119497e+01 1.587451e+01
4.094000e+00 6.522593e-02 2.123980e+01 1.591818e+01
4.096000e+00 6.544836e-02 2.128692e+01 1.596409e+01
4.098000e+00 6.568220e-02 2.133649e+01 1.601239e+01
4.100000e+00 6.592823e-02 2.138868e+01 1.606326e+01
4.102000e+00 6.618730e-02 2.144368e+01 1.611686e+01
4.104000e+00 6.646035e-02 2.150168e+01 1.617341e+01
4.106000e+00 6.674839e-02 2.156292e+01 1.623312e+01
4.108000e+00 6.705257e-02 2.162764e+01 1.629624e+01
4.110000e+00 6.737415e-02 2.169613e+01 1.636304e+01
4.112000e+00 6.771453e-02 2.176869e+01 1.643383e+01
4.114000e+00 6.807528e-02 2.184566e+01 1.650894e+01
4.116000e+00 6.845817e-02 2.192745e+01 1.658876e+01
4.118000e+00 6.886521e-02 2.201451e+01 1.667374e+01
4.120000e+00 6.929872e-02 2.210734e+01 1.676439e+01
4.122000e+00 6.976135e-02 2.220655e+01 1.686128e+01
4.124000e+00 7.025623e-02 2.231284e+01 1.696510e+01
4.126000e+00 7.078704e-02 2.242704e+01 1.707669e+01
4.128000e+00 7.135818e-02 2.255015e+01 1.719702e+01
4.130000e+00 7.197500e-02 2.268340e+01 1.732729e+01
4.132000e+00 7.264408e-02 2.282830e+01 1.746898e+01
4.134000e+00 7.337370e-02 2.298675e+01 1.762398e+01
4.136000e+00 7.417451e-02 2.316124e+01 1.779473e+01
4.138000e+00 7.506070e-02 2.335512e+01 1.798452e+01
4.140000e+00 7.605232e-02 2.357315e+01 1.819804e+01
4.142000e+00 7.718017e-02 2.382280e+01 1.844262e+01
4.144000e+00 7.850149e-02 2.411770e+01 1.873168e+01
4.146000e+00 8.007655e-02 2.446687e+01 1.907412e+01
4.148000e+00 8.067769e-02 2.459719e+01 1.920195e+01
4.150000e+00 8.172962e-02 2.482902e+01 1.942945e+01
4.152000e+00 8.308395e-02 2.513311e+01 1.972798e+01
4.154000e+00 8.478831e-02 2.552131e+01 2.010929e+01
4.156000e+00 8.700738e-02 2.603226e+01 2.061149e+01
4.158000e+00 9.160525e-02 2.704653e+01 2.160940e+01
4.160000e+00 8.794017e-02 2.624881e+01 2.082436e+01
4.162000e+00 8.511743e-02 2.560241e+01 2.018882e+01
4.164000e+00 8.297594e-02 2.511441e+01 1.970938e+01
4.166000e+00 8.119161e-02 2.471205e+01 1.931431e+01
4.168000e+00 7.965846e-02 2.436938e+01 1.897804e+01
4.170000e+00 7.831675e-02 2.407164e+01 1.868600e+01
4.172000e+00 7.712733e-02 2.380924e+01 1.842873e+01
4.174000e+00 7.606233e-02 2.357542e+01 1.819959e+01
4.176000e+00 7.510094e-02 2.336524e+01 1.799367e+01
4.178000e+00 7.422710e-02 2.317488e+01 1.780725e+01
4.180000e+00 7.342813e-02 2.300139e+01 1.763740e+01
4.182000e+00 7.269388e-02 2.284241e+01 1.748179e+01
4.184000e+00 7.201610e-02 2.269603e+01 1.733856e+01
4.186000e+00 7.138803e-02 2.256070e+01 1.720618e+01
4.188000e+00 7.080409e-02 2.243514e+01 1.708338e+01
4.190000e+00 7.025961e-02 2.231830e+01 1.696913e+01
4.192000e+00 6.975068e-02 2.220928e+01 1.686256e+01
4.194000e+00 6.927400e-02 2.210735e+01 1.676293e+01
4.196000e+00 6.882675e-02 2.201186e+01 1.666962e+01
4.198000e+00 6.840656e-02 2.192230e+01 1.658211e+01
4.200000e+00 6.801141e-02 2.183820e+01 1.649996e+01
4.202000e+00 6.763960e-02 2.175920e+01 1.642279e+01
4.204000e+00 6.728985e-02 2.168502e+01 1.635034e+01
4.206000e+00 6.696106e-02 2.161540e+01 1.628236e+01
4.208000e+00 6.664955e-02 2.154956e+01 1.621807e+01
4.210000e+00 6.635852e-02 2.148822e+01 1.615819e+01
4.212000e+00 6.608786e-02 2.143143e+01 1.610275e+01
4.214000e+00 6.583951e-02 2.137969e+01 1.605224e+01
4.216000e+00 6.561920e-02 2.133440e+01 1.600803e+01
4.218000e+00 6.537964e-02 2.128417e+01 1.595901e+01
4.220000e+00 6.509084e-02 2.122197e+01 1.589833e+01
4.222000e+00 6.482226e-02 2.116440e+01 1.584216e+01
4.224000e+00 6.457476e-02 2.111163e+01 1.579069e+01
4.226000e+00 6.434274e-02 2.106236e+01 1.574263e+01
4.228000e+00 6.412365e-02 2.101596e+01 1.569737e+01
4.230000e+00 6.391582e-02 2.097203e+01 1.565452e+01
4.232000e+00 6.371804e-02 2.093029e+01 1.561382e+01
4.234000e+00 6.352939e-02 2.089054e+01 1.557505e+01
4.236000e+00 6.334911e-02 2.085259e+01 1.553805e+01
4.238000e+00 6.317658e-02 2.081632e+01 1.550267e+01
4.240000e+00 6.301125e-02 2.078159e+01 1.546881e+01
4.242000e+00 6.285265e-02 2.074830e+01 1.543636e+01
4.244000e+00 6.270035e-02 2.071637e+01 1.540522e+01
4.246000e+00 6.255399e-02 2.068570e+01 1.537532e+01
4.248000e+00 6.241322e-02 2.065622e+01 1.534658e+01
4.250000e+00 6.227774e-02 2.062787e+01 1.531894e+01
4.252000e+00 6.214725e-02 2.060059e+01 1.529234e+01
4.254000e+00 6.202150e-02 2.057431e+01 1.526672e+01
4.256000e+00 6.190024e-02 2.054899e+01 1.524204e+01
4.258000e+00 6.178326e-02 2.052458e+01 1.521824e+01
4.260000e+00 6.167035e-02 2.050103e+01 1.519528e+01
4.262000e+00 6.156131e-02 2.047830e+01 1.517312e+01
4.264000e+00 6.145597e-02 2.045635e+01 1.515173e+01
4.266000e+00 6.135415e-02 2.043516e+01 1.513106e+01
4.268000e+00 6.125571e-02 2.041467e+01 1.511109e+01
4.270000e+00 6.116048e-02 2.039487e+01 1.509179e+01
4.272000e+00 6.106835e-02 2.037572e+01 1.507312e+01
4.274000e+00 6.097917e-02 2.035719e+01 1.505505e+01
4.276000e+00 6.089282e-02 2.033926e+01 1.503758e+01
4.278000e+00 6.080920e-02 2.032191e+01 1.502066e+01
4.280000e+00 6.072819e-02 2.030511e+01 1.500428e+01
4.282000e+00 6.064970e-02 2.028884e+01 1.498842e+01
4.284000e+00 6.057363e-02 2.027309e+01 1.497305e+01
4.286000e+00 6.049989e-02 2.025782e+01 1.495816e+01
4.288000e+00 6.042840e-02 2.024303e+01 1.494374e+01
4.290000e+00 6.035909e-02 2.022869e+01 1.492976e+01
4.292000e+00 6.029187e-02 2.021480e+01 1.491621e+01
4.294000e+00 6.022668e-02 2.020133e+01 1.490308e+01
4.296000e+00 6.016346e-02 2.018828e+01 1.489035e+01
4.298000e+00 6.010215e-02 2.017564e+01 1.487801e+01
4.300000e+00 6.004269e-02 2.016338e+01 1.486605e+01
4.302000e+00 5.998503e-02 2.015150e+01 1.485447e+01
4.304000e+00 5.992912e-02 2.013999e+01 1.484324e+01
4.306000e+00 5.987492e-02 2.012884e+01 1.483236e+01
4.308000e+00 5.982240e-02 2.011805e+01 1.482183e+01
4.310000e+00 5.977152e-02 2.010760e+01 1.481163e+01
4.312000e+00 5.972224e-02 2.009749e+01 1.480176e+01
4.314000e+00 5.967454e-02 2.008771e+01 1.479222e+01
4.316000e+00 5.962840e-02 2.007826e+01 1.478300e+01
4.318000e+00 5.958380e-02 2.006914e+01 1.477409e+01
4.320000e+00 5.954073e-02 2.006035e+01 1.476551e+01
4.322000e+00 5.949918e-02 2.005188e+01 1.475723e+01
4.324000e+00 5.945916e-02 2.004373e+01 1.474928e+01
4.326000e+00 5.942068e-02 2.003591e+01 1.474164e+01
4.328000e+00 5.938374e-02 2.002843e+01 1.473433e+01
4.330000e+00 5.934839e-02 2.002129e+01 1.472735e+01
4.332000e+00 5.931467e-02 2.001450e+01 1.472071e+01
4.334000e+00 5.928264e-02 2.000808e+01 1.471444e+01
4.336000e+00 5.925238e-02 2.000205e+01 1.470854e+01
4.338000e+00 5.922401e-02 1.999644e+01 1.470305e+01
4.340000e+00 5.919767e-02 1.999128e+01 1.469799e+01
4.342000e+00 5.917357e-02 1.998663e+01 1.469343e+01
4.344000e+00 5.915196e-02 1.998255e+01 1.468943e+01
4.346000e+00 5.913324e-02 1.997914e+01 1.468608e+01
4.348000e+00 5.911795e-02 1.997655e+01 1.468352e+01
4.350000e+00 5.910700e-02 1.997501e+01 1.468199e+01
4.352000e+00 5.910218e-02 1.997498e+01 1.468192e+01
4.354000e+00 5.911345e-02 1.997868e+01 1.468548e+01
4.356000e+00 5.907188e-02 1.996994e+01 1.467695e+01
4.358000e+00 5.900319e-02 1.995465e+01 1.466205e+01
4.360000e+00 5.894646e-02 1.994221e+01 1.464992e+01
4.362000e+00 5.889541e-02 1.993116e+01 1.463914e+01
4.364000e+00 5.884845e-02 1.992110e+01 1.462934e+01
4.366000e+00 5.880475e-02 1.991182e+01 1.462028e+01
4.368000e+00 5.876379e-02 1.990318e+01 1.461184e+01
4.370000e+00 5.872518e-02 1.989508e+01 1.460394e+01
4.372000e+00 5.868869e-02 1.988746e+01 1.459650e+01
4.374000e+00 5.865411e-02 1.988028e+01 1.458948e+01
4.376000e+00 5.862131e-02 1.987350e+01 1.458285e+01
4.378000e+00 5.859020e-02 1.986709e+01 1.457659e+01
4.380000e+00 5.856073e-02 1.986105e+01 1.457068e+01
4.382000e+00 5.853288e-02 1.985537e+01 1.456513e+01
4.384000e+00 5.850671e-02 1.985007e+01 1.455994e+01
4.386000e+00 5.848220e-02 1.984514e+01 1.455512e+01
4.388000e+00 5.845952e-02 1.984063e+01 1.455069e+01
4.390000e+00 5.843883e-02 1.983657e+01 1.454671e+01
4.392000e+00 5.842041e-02 1.983303e+01 1.454323e+01
4.394000e+00 5.840468e-02 1.983012e+01 1.454036e+01
4.396000e+00 5.839229e-02 1.982800e+01 1.453826e+01
4.398000e+00 5.838432e-02 1.982694e+01 1.453720e+01
4.400000e+00 5.838266e-02 1.982743e+01 1.453763e+01
4.402000e+00 5.839105e-02 1.983039e+01 1.454047e+01
4.404000e+00 5.842502e-02 1.983900e+01 1.454880e+01
4.406000e+00 5.834502e-02 1.982111e+01 1.453139e+01
4.408000e+00 5.828594e-02 1.980775e+01 1.451836e+01
4.410000e+00 5.823732e-02 1.979695e+01 1.450784e+01
4.412000e+00 5.819512e-02 1.978774e+01 1.449885e+01
4.414000e+00 5.815731e-02 1.977958e+01 1.449089e+01
4.416000e+00 5.812272e-02 1.977219e+01 1.448368e+01
4.418000e+00 5.809065e-02 1.976540e+01 1.447704e+01
4.420000e+00 5.806062e-02 1.975907e+01 1.447086e+01
4.422000e+00 5.803233e-02 1.975315e+01 1.446507e+01
4.424000e+00 5.800557e-02 1.974758e+01 1.445962e+01
4.426000e+00 5.798026e-02 1.974234e+01 1.445450e+01
4.428000e+00 5.795642e-02 1.973744e+01 1.444970e+01
4.430000e+00 5.793430e-02 1.973294e+01 1.444529e+01
4.432000e+00 5.791160e-02 1.972828e+01 1.444073e+01
4.434000e+00 5.788581e-02 1.972287e+01 1.443543e+01
4.436000e+00 5.786173e-02 1.971785e+01 1.443052e+01
4.438000e+00 5.783880e-02 1.971309e+01 1.442586e+01
4.440000e+00 5.781676e-02 1.970854e+01 1.442141e+01
4.442000e+00 5.779545e-02 1.970415e+01 1.441711e+01
4.444000e+00 5.777479e-02 1.969991e+01 1.441295e+01
4.446000e+00 5.775470e-02 1.969579e+01 1.440891e+01
4.448000e+00 5.773514e-02 1.969178e+01 1.440498e+01
4.450000e+00 5.771606e-02 1.968788e+01 1.440115e+01
4.452000e+00 5.769743e-02 1.968408e+01 1.439742e+01
4.454000e+00 5.767922e-02 1.968036e+01 1.439377e+01
4.456000e+00 5.766141e-02 1.967673e+01 1.439021e+01
4.458000e+00 5.764397e-02 1.967318e+01 1.438672e+01
4.460000e+00 5.762689e-02 1.966971e+01 1.438331e+01
4.462000e+00 5.761016e-02 1.966630e+01 1.437997e+01
4.464000e+00 5.759375e-02 1.966297e+01 1.437670e+01
4.466000e+00 5.757765e-02 1.965970e+01 1.437349e+01
4.468000e+00 5.756185e-02 1.965650e+01 1.437034e+01
4.470000e+00 5.754634e-02 1.965335e+01 1.436725e+01
4.472000e+00 5.753111e-02 1.965027e+01 1.436421e+01
4.474000e+00 5.751615e-02 1.964724e+01 1.436123e+01
4.476000e+00 5.750145e-02 1.964427e+01 1.435831e+01
4.478000e+00 5.748700e-02 1.964135e+01 1.435543e+01
4.480000e+00 5.747279e-02 1.963847e+01 1.435261e+01
4.482000e+00 5.745882e-02 1.963565e+01 1.434983e+01
4.484000e+00 5.744508e-02 1.963288e+01 1.434710e+01
4.486000e+00 5.743156e-02 1.963015e+01 1.434441e+01
4.488000e+00 5.741826e-02 1.962747e+01 1.434177e+01
4.490000e+00 5.740517e-02 1.962483e+01 1.433917e+01
4.492000e+00 5.739228e-02 1.962223e+01 1.433661e+01
4.494000e+00 5.737959e-02 1.961968e+01 1.433409e+01
4.496000e+00 5.736710e-02 1.961716e+01 1.433161e+01
4.498000e+00 5.735479e-02 1.961469e+01 1.432917e+01
4.500000e+00 5.734267e-02 1.961225e+01 1.432677e+01
4.502000e+00 5.733073e-02 1.960985e+01 1.432440e+01
4.504000e+00 5.731897e-02 1.960749e+01 1.432207e+01
4.506000e+00 5.730738e-02 1.960517e+01 1.431977e+01
4.508000e+00 5.729596e-02 1.960287e+01 1.431751e+01
4.510000e+00 5.728471e-02 1.960062e+01 1.431528e+01
4.512000e+00 5.727362e-02 1.959839e+01 1.431308e+01
4.514000e+00 5.726269e-02 1.959620e+01 1.431092e+01
4.516000e+00 5.725191e-02 1.959405e+01 1.430879e+01
4.518000e+00 5.724129e-02 1.959192e+01 1.430668e+01
4.520000e+00 5.723082e-02 1.958982e+01 1.430461e+01
4.522000e+00 5.722050e-02 1.958776e+01 1.430257e+01
4.524000e+00 5.721032e-02 1.958572e+01 1.430056e+01
4.526000e+00 5.720029e-02 1.958372e+01 1.429857e+01
4.528000e+00 5.719040e-02 1.958174e+01 1.429662e+01
4.530000e+00 5.718064e-02 1.957980e+01 1.429469e+01
4.532000e+00 5.717103e-02 1.957788e+01 1.429279e+01
4.534000e+00 5.716155e-02 1.957599e+01 1.429091e+01
4.536000e+00 5.715220e-02 1.957413e+01 1.428907e+01
4.538000e+00 5.714298e-02 1.957229e+01 1.428725e+01
4.540000e+00 5.713390e-02 1.957048e+01 1.428545e+01
4.542000e+00 5.712495e-02 1.956870e+01 1.428369e+01
4.544000e+00 5.711612e-02 1.956695e+01 1.428195e+01
4.546000e+00 5.710742e-02 1.956522e+01 1.428023e+01
4.548000e+00 5.709885e-02 1.956352e+01 1.427854e+01
4.550000e+00 5.709041e-02 1.956184e+01 1.427687e+01
4.552000e+00 5.708208e-02 1.956019e+01 1.427523e+01
4.554000e+00 5.707389e-02 1.955857e+01 1.427362e+01
4.556000e+00 5.706582e-02 1.955697e+01 1.427203e+01
4.558000e+00 5.705788e-02 1.955540e+01 1.427047e+01
4.560000e+00 5.705006e-02 1.955385e+01 1.426893e+01
4.562000e+00 5.704236e-02 1.955233e+01 1.426742e+01
4.564000e+00 5.703480e-02 1.955084e+01 1.426593e+01
4.566000e+00 5.702736e-02 1.954938e+01 1.426447e+01
4.568000e+00 5.702005e-02 1.954794e+01 1.426304e+01
4.570000e+00 5.701287e-02 1.954653e+01 1.426163e+01
4.572000e+00 5.700583e-02 1.954515e+01 1.426025e+01
4.574000e+00 5.699892e-02 1.954379e+01 1.425890e+01
4.576000e+00 5.699215e-02 1.954247e+01 1.425757e+01
4.578000e+00 5.698553e-02 1.954118e+01 1.425628e+01
4.580000e+00 5.697906e-02 1.953992e+01 1.425502e+01
4.582000e+00 5.697275e-02 1.953870e+01 1.425380e+01
4.584000e+00 5.696661e-02 1.953751e+01 1.425261e+01
4.586000e+00 5.696065e-02 1.953636e+01 1.425145e+01
4.588000e+00 5.695488e-02 1.953526e+01 1.425034e+01
4.590000e+00 5.694932e-02 1.953420e+01 1.424928e+01
4.592000e+00 5.694399e-02 1.953319e+01 1.424826e+01
4.594000e+00 5.693892e-02 1.953225e+01 1.424731e+01
4.596000e+00 5.693415e-02 1.953137e+01 1.424642e+01
4.598000e+00 5.692973e-02 1.953057e+01 1.424561e+01
4.600000e+00 5.692574e-02 1.952988e+01 1.424490e+01
4.602000e+00 5.692229e-02 1.952932e+01 1.424432e+01
4.604000e+00 5.691963e-02 1.952896e+01 1.424393e+01
4.606000e+00 5.691962e-02 1.952921e+01 1.424412e+01
4.608000e+00 5.691136e-02 1.952752e+01 1.424245e+01
4.610000e+00 5.689976e-02 1.952502e+01 1.423999e+01
4.612000e+00 5.688990e-02 1.952293e+01 1.423792e+01
4.614000e+00 5.688076e-02 1.952102e+01 1.423603e+01
4.616000e+00 5.687215e-02 1.951924e+01 1.423426e+01
4.618000e+00 5.686396e-02 1.951756e+01 1.423259e+01
4.620000e+00 5.685611e-02 1.951596e+01 1.423101e+01
4.622000e+00 5.684858e-02 1.951444e+01 1.422949e+01
4.624000e+00 5.684133e-02 1.951298e+01 1.422803e+01
4.626000e+00 5.683436e-02 1.951158e+01 1.422664e+01
4.628000e+00 5.682766e-02 1.951025e+01 1.422531e+01
4.630000e+00 5.682127e-02 1.950899e+01 1.422405e+01
4.632000e+00 5.681527e-02 1.950783e+01 1.422288e+01
4.634000e+00 5.680953e-02 1.950671e+01 1.422176e+01
4.636000e+00 5.680166e-02 1.950510e+01 1.422015e+01
4.638000e+00 5.679447e-02 1.950364e+01 1.421870e+01
4.640000e+00 5.678760e-02 1.950225e+01 1.421731e+01
4.642000e+00 5.678095e-02 1.950091e+01 1.421598e+01
4.644000e+00 5.677449e-02 1.949962e+01 1.421469e+01
4.646000e+00 5.676818e-02 1.949836e+01 1.421343e+01
4.648000e+00 5.676201e-02 1.949714e+01 1.421220e+01
4.650000e+00 5.675597e-02 1.949594e+01 1.421100e+01
4.652000e+00 5.675005e-02 1.949477e+01 1.420982e+01
4.654000e+00 5.674424e-02 1.949362e+01 1.420867e+01
4.656000e+00 5.673854e-02 1.949250e+01 1.420754e+01
4.658000e+00 5.673294e-02 1.949139e+01 1.420643e+01
4.660000e+00 5.672743e-02 1.949031e+01 1.420534e+01
4.662000e+00 5.672203e-02 1.948925e+01 1.420428e+01
4.664000e+00 5.671672e-02 1.948821e+01 1.420323e+01
4.666000e+00 5.671150e-02 1.948719e+01 1.420220e+01
4.668000e+00 5.670639e-02 1.948619e+01 1.420119e+01
4.670000e+00 5.670137e-02 1.948522e+01 1.420021e+01
4.672000e+00 5.669647e-02 1.948427e+01 1.419925e+01
4.674000e+00 5.669169e-02 1.948334e+01 1.419831e+01
4.676000e+00 5.668706e-02 1.948245e+01 1.419741e+01
4.678000e+00 5.668260e-02 1.948161e+01 1.419655e+01
4.680000e+00 5.667841e-02 1.948082e+01 1.419575e+01
4.682000e+00 5.667435e-02 1.948006e+01 1.419497e+01
4.684000e+00 5.666838e-02 1.947885e+01 1.419376e+01
4.686000e+00 5.666296e-02 1.947776e+01 1.419267e+01
4.688000e+00 5.665776e-02 1.947673e+01 1.419163e+01
4.690000e+00 5.665271e-02 1.947573e+01 1.419062e+01
4.692000e+00 5.664778e-02 1.947476e+01 1.418964e+01
4.694000e+00 5.664296e-02 1.947381e+01 1.418868e+01
4.696000e+00 5.663822e-02 1.947289e+01 1.418774e+01
4.698000e+00 5.663357e-02 1.947198e+01 1.418682e+01
4.700000e+00 5.662899e-02 1.947108e+01 1.418592e+01
4.702000e+00 5.662447e-02 1.947021e+01 1.418503e+01
4.704000e+00 5.662003e-02 1.946934e+01 1.418415e+01
4.706000e+00 5.661564e-02 1.946849e+01 1.418329e+01
4.708000e+00 5.661132e-02 1.946765e+01 1.418243e+01
4.710000e+00 5.660705e-02 1.946682e+01 1.418159e+01
4.712000e+00 5.660284e-02 1.946601e+01 1.418076e+01
4.714000e+00 5.659868e-02 1.946520e+01 1.417994e+01
4.716000e+00 5.659457e-02 1.946441e+01 1.417914e+01
4.718000e+00 5.659051e-02 1.946363e+01 1.417834e+01
4.720000e+00 5.658650e-02 1.946285e+01 1.417755e+01
4.722000e+00 5.658255e-02 1.946209e+01 1.417677e+01
4.724000e+00 5.657864e-02 1.946134e+01 1.417600e+01
4.726000e+00 5.657478e-02 1.946060e+01 1.417525e+01
4.728000e+00 5.657096e-02 1.945987e+01 1.417450e+01
4.730000e+00 5.656720e-02 1.945915e+01 1.417376e+01
4.732000e+00 5.656348e-02 1.945843e+01 1.417303e+01
4.734000e+00 5.655980e-02 1.945773e+01 1.417231e+01
4.736000e+00 5.655618e-02 1.945704e+01 1.417160e+01
4.738000e+00 5.655260e-02 1.945636e+01 1.417090e+01
4.740000e+00 5.654906e-02 1.945568e+01 1.417021e+01
4.742000e+00 5.654557e-02 1.945502e+01 1.416952e+01
4.744000e+00 5.654213e-02 1.945436e+01 1.416885e+01
4.746000e+00 5.653874e-02 1.945372e+01 1.416819e+01
4.748000e+00 5.653539e-02 1.945308e+01 1.416753e+01
4.750000e+00 5.653208e-02 1.945246e+01 1.416689e+01
4.752000e+00 5.652883e-02 1.945184e+01 1.416625e+01
4.754000e+00 5.652563e-02 1.945124e+01 1.416563e+01
4.756000e+00 5.652247e-02 1.945065e+01 1.416501e+01
4.758000e+00 5.651937e-02 1.945006e+01 1.416441e+01
4.760000e+00 5.651631e-02 1.944949e+01 1.416382e+01
4.762000e+00 5.651331e-02 1.944893e+01 1.416323e+01
4.764000e+00 5.651037e-02 1.944838e+01 1.416266e+01
4.766000e+00 5.650748e-02 1.944784e+01 1.416210e+01
4.768000e+00 5.650465e-02 1.944732e+01 1.416156e+01
4.770000e+00 5.650188e-02 1.944681e+01 1.416102e+01
4.772000e+00 5.649918e-02 1.944631e+01 1.416050e+01
4.774000e+00 5.649655e-02 1.944583e+01 1.416000e+01
4.776000e+00 5.649400e-02 1.944537e+01 1.415951e+01
4.778000e+00 5.649152e-02 1.944492e+01 1.415903e+01
4.780000e+00 5.648913e-02 1.944449e+01 1.415858e+01
4.782000e+00 5.648684e-02 1.944409e+01 1.415815e+01
4.784000e+00 5.648465e-02 1.944370e+01 1.415774e+01
4.786000e+00 5.648259e-02 1.944335e+01 1.415736e+01
4.788000e+00 5.648067e-02 1.944303e+01 1.415701e+01
4.790000e+00 5.647892e-02 1.944274e+01 1.415669e+01
4.792000e+00 5.647736e-02 1.944251e+01 1.415642e+01
4.794000e+00 5.647604e-02 1.944232e+01 1.415621e+01
4.796000e+00 5.647503e-02 1.944222e+01 1.415607e+01
4.798000e+00 5.647441e-02 1.944220e+01 1.415602e+01
4.800000e+00 5.647435e-02 1.944233e+01 1.415610e+01
4.802000e+00 5.647509e-02 1.944265e+01 1.415637e+01
4.804000e+00 5.647714e-02 1.944330e+01 1.415696e+01
4.806000e+00 5.648253e-02 1.944467e+01 1.415826e+01
4.808000e+00 5.647205e-02 1.944236e+01 1.415597e+01
4.810000e+00 5.646466e-02 1.944072e+01 1.415434e+01
4.812000e+00 5.645862e-02 1.943941e+01 1.415303e+01
4.814000e+00 5.645339e-02 1.943830e+01 1.415192e+01
4.816000e+00 5.644871e-02 1.943733e+01 1.415094e+01
4.818000e+00 5.644444e-02 1.943645e+01 1.415005e+01
4.820000e+00 5.644048e-02 1.943565e+01 1.414924e+01
4.822000e+00 5.643676e-02 1.943491e+01 1.414848e+01
4.824000e+00 5.643324e-02 1.943421e+01 1.414777e+01
4.826000e+00 5.642988e-02 1.943356e+01 1.414709e+01
4.828000e+00 5.642667e-02 1.943293e+01 1.414644e+01
4.830000e+00 5.642358e-02 1.943233e+01 1.414582e+01
4.832000e+00 5.642059e-02 1.943176e+01 1.414523e+01
4.834000e+00 5.641771e-02 1.943121e+01 1.414465e+01
4.836000e+00 5.641492e-02 1.943067e+01 1.414410e+01
4.838000e+00 5.641220e-02 1.943016e+01 1.414356e+01
4.840000e+00 5.640957e-02 1.942966e+01 1.414304e+01
4.842000e+00 5.640700e-02 1.942918e+01 1.414254e+01
4.844000e+00 5.640450e-02 1.942872e+01 1.414205e+01
4.846000e+00 5.640207e-02 1.942826e+01 1.414157e+01
4.848000e+00 5.639970e-02 1.942782e+01 1.414111e+01
4.850000e+00 5.639739e-02 1.942740e+01 1.414065e+01
4.852000e+00 5.639513e-02 1.942698e+01 1.414021e+01
4.854000e+00 5.639294e-02 1.942658e+01 1.413979e+01
4.856000e+00 5.639080e-02 1.942619e+01 1.413937e+01
4.858000e+00 5.638871e-02 1.942582e+01 1.413897e+01
4.860000e+00 5.638668e-02 1.942545e+01 1.413857e+01
4.862000e+00 5.638470e-02 1.942510e+01 1.413819e+01
4.864000e+00 5.638278e-02 1.942475e+01 1.413782e+01
4.866000e+00 5.638092e-02 1.942442e+01 1.413746e+01
4.868000e+00 5.637910e-02 1.942411e+01 1.413711e+01
4.870000e+00 5.637735e-02 1.942380e+01 1.413678e+01
4.872000e+00 5.637565e-02 1.942350e+01 1.413645e+01
4.874000e+00 5.637401e-02 1.942322e+01 1.413614e+01
4.876000e+00 5.637243e-02 1.942295e+01 1.413584e+01
4.878000e+00 5.637091e-02 1.942270e+01 1.413556e+01
4.880000e+00 5.636945e-02 1.942245e+01 1.413528e+01
4.882000e+00 5.636805e-02 1.942223e+01 1.413502e+01
4.884000e+00 5.636673e-02 1.942201e+01 1.413477e+01
4.886000e+00 5.636547e-02 1.942181e+01 1.413454e+01
4.888000e+00 5.636428e-02 1.942163e+01 1.413433e+01
4.890000e+00 5.636317e-02 1.942146e+01 1.413413e+01
4.892000e+00 5.636215e-02 1.942131e+01 1.413394e+01
4.894000e+00 5.636120e-02 1.942118e+01 1.413378e+01
4.896000e+00 5.636035e-02 1.942107e+01 1.413364e+01
4.898000e+00 5.635960e-02 1.942099e+01 1.413351e+01
4.900000e+00 5.635895e-02 1.942092e+01 1.413341e+01
4.902000e+00 5.635842e-02 1.942088e+01 1.413333e+01
4.904000e+00 5.635801e-02 1.942087e+01 1.413329e+01
4.906000e+00 5.635774e-02 1.942089e+01 1.413327e+01
4.908000e+00 5.635762e-02 1.942095e+01 1.413328e+01
4.910000e+00 5.635768e-02 1.942104e+01 1.413334e+01
4.912000e+00 5.635794e-02 1.942119e+01 1.413344e+01
4.914000e+00 5.635842e-02 1.942138e+01 1.413359e+01
4.916000e+00 5.635918e-02 1.942164e+01 1.413380e+01
4.918000e+00 5.636026e-02 1.942198e+01 1.413409e+01
4.920000e+00 5.636173e-02 1.942241e+01 1.413447e+01
4.922000e+00 5.636372e-02 1.942297e+01 1.413498e+01
4.924000e+00 5.636644e-02 1.942372e+01 1.413566e+01
4.926000e+00 5.637059e-02 1.942481e+01 1.413668e+01
4.928000e+00 5.637401e-02 1.942568e+01 1.413749e+01
4.930000e+00 5.636517e-02 1.942370e+01 1.413553e+01
4.932000e+00 5.635982e-02 1.942252e+01 1.413434e+01
4.934000e+00 5.635538e-02 1.942155e+01 1.413337e+01
4.936000e+00 5.635154e-02 1.942074e+01 1.413255e+01
4.938000e+00 5.634816e-02 1.942005e+01 1.413183e+01
4.940000e+00 5.634517e-02 1.941944e+01 1.413121e+01
4.942000e+00 5.634251e-02 1.941892e+01 1.413066e+01
4.944000e+00 5.634014e-02 1.941846e+01 1.413017e+01
4.946000e+00 5.633803e-02 1.941806e+01 1.412975e+01
4.948000e+00 5.633617e-02 1.941772e+01 1.412938e+01
4.950000e+00 5.633455e-02 1.941744e+01 1.412907e+01
4.952000e+00 5.633316e-02 1.941721e+01 1.412881e+01
4.954000e+00 5.633201e-02 1.941703e+01 1.412860e+01
4.956000e+00 5.633111e-02 1.941691e+01 1.412845e+01
4.958000e+00 5.633047e-02 1.941686e+01 1.412835e+01
4.960000e+00 5.633012e-02 1.941687e+01 1.412832e+01
4.962000e+00 5.633009e-02 1.941695e+01 1.412837e+01
4.964000e+00 5.633045e-02 1.941713e+01 1.412851e+01
4.966000e+00 5.633127e-02 1.941743e+01 1.412875e+01
4.968000e+00 5.633272e-02 1.941788e+01 1.412915e+01
4.970000e+00 5.633534e-02 1.941861e+01 1.412983e+01
4.972000e+00 5.633869e-02 1.941948e+01 1.413063e+01
4.974000e+00 5.633151e-02 1.941791e+01 1.412907e+01
4.976000e+00 5.632554e-02 1.941659e+01 1.412775e+01
4.978000e+00 5.632065e-02 1.941553e+01 1.412668e+01
4.980000e+00 5.631635e-02 1.941462e+01 1.412576e+01
4.982000e+00 5.631250e-02 1.941381e+01 1.412494e+01
4.984000e+00 5.630901e-02 1.941310e+01 1.412421e+01
4.986000e+00 5.630583e-02 1.941245e+01 1.412355e+01
4.988000e+00 5.630290e-02 1.941187e+01 1.412294e+01
4.990000e+00 5.630019e-02 1.941134e+01 1.412239e+01
4.992000e+00 5.629770e-02 1.941086e+01 1.412188e+01
4.994000e+00 5.629539e-02 1.941042e+01 1.412142e+01
4.996000e+00 5.629325e-02 1.941002e+01 1.412099e+01
4.998000e+00 5.629128e-02 1.940965e+01 1.412060e+01
5.000000e+00 5.628946e-02 1.940932e+01 1.412024e+01
5.002000e+00 5.628780e-02 1.940903e+01 1.411991e+01
5.004000e+00 5.628628e-02 1.940877e+01 1.411962e+01
5.006000e+00 5.628491e-02 1.940854e+01 1.411936e+01
5.008000e+00 5.628368e-02 1.940834e+01 1.411913e+01
5.010000e+00 5.628261e-02 1.940818e+01 1.411894e+01
5.012000e+00 5.628169e-02 1.940805e+01 1.411878e+01
5.014000e+00 5.628094e-02 1.940796e+01 1.411865e+01
5.016000e+00 5.628035e-02 1.940791e+01 1.411856e+01
5.018000e+00 5.627996e-02 1.940790e+01 1.411851e+01
5.020000e+00 5.627976e-02 1.940794e+01 1.411851e+01
5.022000e+00 5.627979e-02 1.940802e+01 1.411856e+01
5.024000e+00 5.628006e-02 1.940817e+01 1.411866e+01
5.026000e+00 5.628063e-02 1.940838e+01 1.411883e+01
5.028000e+00 5.628153e-02 1.940868e+01 1.411907e+01
5.030000e+00 5.628283e-02 1.940906e+01 1.411941e+01
5.032000e+00 5.628461e-02 1.940957e+01 1.411987e+01
5.034000e+00 5.628702e-02 1.941023e+01 1.412047e+01
5.036000e+00 5.629028e-02 1.941110e+01 1.412128e+01
5.038000e+00 5.629494e-02 1.941233e+01 1.412242e+01
5.040000e+00 5.630443e-02 1.941462e+01 1.412461e+01
5.042000e+00 5.629397e-02 1.941231e+01 1.412233e+01
5.044000e+00 5.628521e-02 1.941031e+01 1.412035e+01
5.046000e+00 5.627826e-02 1.940876e+01 1.411881e+01
5.048000e+00 5.627226e-02 1.940745e+01 1.411750e+01
5.050000e+00 5.626693e-02 1.940631e+01 1.411635e+01
5.052000e+00 5.626210e-02 1.940529e+01 1.411533e+01
5.054000e+00 5.625768e-02 1.940437e+01 1.411439e+01
5.056000e+00 5.625360e-02 1.940352e+01 1.411354e+01
5.058000e+00 5.624980e-02 1.940275e+01 1.411275e+01
5.060000e+00 5.624624e-02 1.940203e+01 1.411201e+01
5.062000e+00 5.624288e-02 1.940135e+01 1.411132e+01
5.064000e+00 5.623971e-02 1.940072e+01 1.411067e+01
5.066000e+00 5.623669e-02 1.940013e+01 1.411005e+01
5.068000e+00 5.623381e-02 1.939956e+01 1.410947e+01
5.070000e+00 5.623106e-02 1.939903e+01 1.410891e+01
5.072000e+00 5.622842e-02 1.939852e+01 1.410838e+01
5.074000e+00 5.622588e-02 1.939803e+01 1.410787e+01
5.076000e+00 5.622344e-02 1.939757e+01 1.410738e+01
5.078000e+00 5.622109e-02 1.939712e+01 1.410691e+01
5.080000e+00 5.621881e-02 1.939670e+01 1.410645e+01
5.082000e+00 5.621661e-02 1.939628e+01 1.410602e+01
5.084000e+00 5.621448e-02 1.939589e+01 1.410559e+01
5.086000e+00 5.621242e-02 1.939551e+01 1.410519e+01
5.088000e+00 5.621042e-02 1.939514e+01 1.410479e+01
5.090000e+00 5.620847e-02 1.939478e+01 1.410441e+01
5.092000e+00 5.620657e-02 1.939444e+01 1.410403e+01
5.094000e+00 5.620473e-02 1.939411e+01 1.410367e+01
5.096000e+00 5.620294e-02 1.939378e+01 1.410332e+01
5.098000e+00 5.620119e-02 1.939347e+01 1.410298e+01
5.100000e+00 5.619948e-02 1.939317e+01 1.410265e+01
5.102000e+00 5.619781e-02 1.939287e+01 1.410232e+01
5.104000e+00 5.619619e-02 1.939258e+01 1.410201e+01
5.106000e+00 5.619460e-02 1.939231e+01 1.410170e+01
5.108000e+00 5.619304e-02 1.939203e+01 1.410140e+01
5.110000e+00 5.619152e-02 1.939177e+01 1.410110e+01
5.112000e+00 5.619003e-02 1.939151e+01 1.410081e+01
5.114000e+00 5.618857e-02 1.939126e+01 1.410053e+01
5.116000e+00 5.618715e-02 1.939102e+01 1.410026e+01
5.118000e+00 5.618575e-02 1.939078e+01 1.409999e+01
5.120000e+00 5.618437e-02 1.939055e+01 1.409973e+01
5.122000e+00 5.618303e-02 1.939032e+01 1.409947e+01
5.124000e+00 5.618171e-02 1.939010e+01 1.409922e+01
5.126000e+00 5.618041e-02 1.938989e+01 1.409897e+01
5.128000e+00 5.617914e-02 1.938968e+01 1.409872e+01
5.130000e+00 5.617789e-02 1.938947e+01 1.409849e+01
5.132000e+00 5.617666e-02 1.938927e+01 1.409825e+01
5.134000e+00 5.617545e-02 1.938907e+01 1.409802e+01
5.136000e+00 5.617427e-02 1.938888e+01 1.409780e+01
5.138000e+00 5.617310e-02 1.938869e+01 1.409758e+01
5.140000e+00 5.617196e-02 1.938851e+01 1.409736e+01
5.142000e+00 5.617083e-02 1.938833e+01 1.409715e+01
5.144000e+00 5.616972e-02 1.938815e+01 1.409694e+01
5.146000e+00 5.616863e-02 1.938798e+01 1.409673e+01
5.148000e+00 5.616755e-02 1.938781e+01 1.409653e+01
5.150000e+00 5.616650e-02 1.938765e+01 1.409633e+01
5.152000e+00 5.616546e-02 1.938749e+01 1.409614e+01
5.154000e+00 5.616443e-02 1.938733e+01 1.409595e+01
5.156000e+00 5.616343e-02 1.938717e+01 1.409576e+01
5.158000e+00 5.616243e-02 1.938702e+01 1.409557e+01
5.160000e+00 5.616146e-02 1.938687e+01 1.409539e+01
5.162000e+00 5.616049e-02 1.938673e+01 1.409521e+01
5.164000e+00 5.615954e-02 1.938659e+01 1.409504e+01
5.166000e+00 5.615861e-02 1.938645e+01 1.409486e+01
5.168000e+00 5.615769e-02 1.938631e+01 1.409469e+01
5.170000e+00 5.615678e-02 1.938618e+01 1.409453e+01
5.172000e+00 5.615589e-02 1.938605e+01 1.409436e+01
5.174000e+00 5.615501e-02 1.938592e+01 1.409420e+01
5.176000e+00 5.615414e-02 1.938579e+01 1.409404e+01
5.178000e+00 5.615328e-02 1.938567e+01 1.409388e+01
5.180000e+00 5.615244e-02 1.938555e+01 1.409373e+01
5.182000e+00 5.615161e-02 1.938543e+01 1.409357e+01
5.184000e+00 5.615079e-02 1.938532e+01 1.409342e+01
5.186000e+00 5.614998e-02 1.938521e+01 1.409328e+01
5.188000e+00 5.614919e-02 1.938510e+01 1.409313e+01
5.190000e+00 5.614840e-02 1.938499e+01 1.409299e+01
5.192000e+00 5.614763e-02 1.938488e+01 1.409285e+01
5.194000e+00 5.614687e-02 1.938478e+01 1.409271e+01
5.196000e+00 5.614612e-02 1.938468e+01 1.409257e+01
5.198000e+00 5.614538e-02 1.938458e+01 1.409244e+01
5.200000e+00 5.614465e-02 1.938449e+01 1.409231e+01
5.202000e+00 5.614393e-02 1.938439e+01 1.409218e+01
5.204000e+00 5.614322e-02 1.938430e+01 1.409205e+01
5.206000e+00 5.614253e-02 1.938421e+01 1.409193e+01
5.208000e+00 5.614184e-02 1.938412e+01 1.409180e+01
5.210000e+00 5.614116e-02 1.938404e+01 1.409168e+01
5.212000e+00 5.614049e-02 1.938396e+01 1.409156e+01
5.214000e+00 5.613984e-02 1.938388e+01 1.409145e+01
5.216000e+00 5.613919e-02 1.938380e+01 1.409133e+01
5.218000e+00 5.613855e-02 1.938372e+01 1.409122e+01
5.220000e+00 5.613792e-02 1.938365e+01 1.409111e+01
5.222000e+00 5.613730e-02 1.938357e+01 1.409100e+01
5.224000e+00 5.613670e-02 1.938350e+01 1.409089e+01
5.226000e+00 5.613610e-02 1.938343e+01 1.409079e+01
5.228000e+00 5.613551e-02 1.938337e+01 1.409068e+01
5.230000e+00 5.613493e-02 1.938330e+01 1.409058e+01
5.232000e+00 5.613436e-02 1.938324e+01 1.409048e+01
5.234000e+00 5.613380e-02 1.938318e+01 1.409039e+01
5.236000e+00 5.613324e-02 1.938312e+01 1.409029e+01
5.238000e+00 5.613270e-02 1.938306e+01 1.409020e+01
5.240000e+00 5.613217e-02 1.938301e+01 1.409011e+01
5.242000e+00 5.613165e-02 1.938296e+01 1.409002e+01
5.244000e+00 5.613114e-02 1.938291e+01 1.408993e+01
5.246000e+00 5.613063e-02 1.938286e+01 1.408985e+01
5.248000e+00 5.613014e-02 1.938281e+01 1.408976e+01
5.250000e+00 5.612966e-02 1.938277e+01 1.408968e+01
5.252000e+00 5.612919e-02 1.938273e+01 1.408960e+01
5.254000e+00 5.612873e-02 1.938269e+01 1.408953e+01
5.256000e+00 5.612828e-02 1.938265e+01 1.408945e+01
5.258000e+00 5.612785e-02 1.938262e+01 1.408938e+01
5.260000e+00 5.612743e-02 1.938259e+01 1.408931e+01
5.262000e+00 5.612703e-02 1.938256e+01 1.408925e+01
5.264000e+00 5.612664e-02 1.938254e+01 1.408919e+01
5.266000e+00 5.612628e-02 1.938252e+01 1.408913e+01
5.268000e+00 5.612594e-02 1.938251e+01 1.408909e+01
5.270000e+00 5.612565e-02 1.938251e+01 1.408905e+01
5.272000e+00 5.612543e-02 1.938253e+01 1.408903e+01
5.274000e+00 5.612508e-02 1.938251e+01 1.408897e+01
5.276000e+00 5.612443e-02 1.938242e+01 1.408885e+01
5.278000e+00 5.612387e-02 1.938236e+01 1.408875e+01
5.280000e+00 5.612336e-02 1.938231e+01 1.408866e+01
5.282000e+00 5.612288e-02 1.938226e+01 1.408858e+01
5.284000e+00 5.612242e-02 1.938222e+01 1.408850e+01
5.286000e+00 5.612199e-02 1.938218e+01 1.408842e+01
5.288000e+00 5.612156e-02 1.938215e+01 1.408835e+01
5.290000e+00 5.612115e-02 1.938212e+01 1.408829e+01
5.292000e+00 5.612076e-02 1.938209e+01 1.408822e+01
5.294000e+00 5.612037e-02 1.938207e+01 1.408816e+01
5.296000e+00 5.612000e-02 1.938205e+01 1.408810e+01
5.298000e+00 5.611963e-02 1.938203e+01 1.408804e+01
5.300000e+00 5.611928e-02 1.938201e+01 1.408799e+01
5.302000e+00 5.611893e-02 1.938199e+01 1.408793e+01
5.304000e+00 5.611860e-02 1.938198e+01 1.408788e+01
5.306000e+00 5.611827e-02 1.938197e+01 1.408783e+01
5.308000e+00 5.611795e-02 1.938196e+01 1.408778e+01
5.310000e+00 5.611764e-02 1.938195e+01 1.408774e+01
5.312000e+00 5.611733e-02 1.938194e+01 1.408769e+01
5.314000e+00 5.611704e-02 1.938194e+01 1.408765e+01
5.316000e+00 5.611675e-02 1.938193e+01 1.408760e+01
5.318000e+00 5.611647e-02 1.938193e+01 1.408756e+01
5.320000e+00 5.611620e-02 1.938193e+01 1.408753e+01
5.322000e+00 5.611593e-02 1.938193e+01 1.408749e+01
5.324000e+00 5.611567e-02 1.938193e+01 1.408745e+01
5.326000e+00 5.611542e-02 1.938194e+01 1.408742e+01
5.328000e+00 5.611517e-02 1.938194e+01 1.408738e+01
5.330000e+00 5.611494e-02 1.938195e+01 1.408735e+01
5.332000e+00 5.611471e-02 1.938196e+01 1.408732e+01
5.334000e+00 5.611448e-02 1.938197e+01 1.408729e+01
5.336000e+00 5.611427e-02 1.938198e+01 1.408727e+01
5.338000e+00 5.611406e-02 1.938199e+01 1.408724e+01
5.340000e+00 5.611385e-02 1.938201e+01 1.408722e+01
5.342000e+00 5.611366e-02 1.938202e+01 1.408719e+01
5.344000e+00 5.611347e-02 1.938204e+01 1.408717e+01
5.346000e+00 5.611329e-02 1.938206e+01 1.408715e+01
5.348000e+00 5.611311e-02 1.938208e+01 1.408713e+01
5.350000e+00 5.611294e-02 1.938210e+01 1.408711e+01
5.352000e+00 5.611278e-02 1.938212e+01 1.408710e+01
5.354000e+00 5.611262e-02 1.938215e+01 1.408708e+01
5.356000e+00 5.611248e-02 1.938217e+01 1.408707e+01
5.358000e+00 5.611233e-02 1.938220e+01 1.408706e+01
5.360000e+00 5.611220e-02 1.938223e+01 1.408705e+01
5.362000e+00 5.611207e-02 1.938226e+01 1.408704e+01
5.364000e+00 5.611195e-02 1.938229e+01 1.408703e+01
5.366000e+00 5.611183e-02 1.938232e+01 1.408702e+01
5.368000e+00 5.611172e-02 1.938236e+01 1.408702e+01
5.370000e+00 5.611162e-02 1.938239e+01 1.408701e+01
5.372000e+00 5.611153e-02 1.938243e+01 1.408701e+01
5.374000e+00 5.611144e-02 1.938247e+01 1.408701e+01
5.376000e+00 5.611135e-02 1.938251e+01 1.408701e+01
5.378000e+00 5.611128e-02 1.938255e+01 1.408701e+01
5.380000e+00 5.611121e-02 1.938259e+01 1.408701e+01
5.382000e+00 5.611115e-02 1.938263e+01 1.408702e+01
5.384000e+00 5.611109e-02 1.938268e+01 1.408702e+01
5.386000e+00 5.611104e-02 1.938273e+01 1.408703e+01
5.388000e+00 5.611100e-02 1.938277e+01 1.408704e+01
5.390000e+00 5.611097e-02 1.938282e+01 1.408705e+01
5.392000e+00 5.611094e-02 1.938287e+01 1.408706e+01
5.394000e+00 5.611092e-02 1.938293e+01 1.408707e+01
5.396000e+00 5.611090e-02 1.938298e+01 1.408709e+01
5.398000e+00 5.611090e-02 1.938304e+01 1.408710e+01
5.400000e+00 5.611090e-02 1.938309e+01 1.408712e+01
5.402000e+00 5.611090e-02 1.938315e+01 1.408714e+01
5.404000e+00 5.611092e-02 1.938321e+01 1.408716e+01
5.406000e+00 5.611094e-02 1.938327e+01 1.408718e+01
5.408000e+00 5.611104e-02 1.938336e+01 1.408722e+01
5.410000e+00 5.611107e-02 1.938342e+01 1.408724e+01
5.412000e+00 5.611112e-02 1.938349e+01 1.408727e+01
5.414000e+00 5.611117e-02 1.938355e+01 1.408730e+01
5.416000e+00 5.611122e-02 1.938362e+01 1.408732e+01
5.418000e+00 5.611129e-02 1.938369e+01 1.408735e+01
5.420000e+00 5.611136e-02 1.938377e+01 1.408739e+01
5.422000e+00 5.611145e-02 1.938384e+01 1.408742e+01
5.424000e+00 5.611153e-02 1.938392e+01 1.408746e+01
5.426000e+00 5.611163e-02 1.938399e+01 1.408749e+01
5.428000e+00 5.611174e-02 1.938407e+01 1.408753e+01
5.430000e+00 5.611185e-02 1.938415e+01 1.408757e+01
5.432000e+00 5.611197e-02 1.938424e+01 1.408761e+01
5.434000e+00 5.611210e-02 1.938432e+01 1.408766e+01
5.436000e+00 5.611224e-02 1.938441e+01 1.408770e+01
5.438000e+00 5.611239e-02 1.938450e+01 1.408775e+01
5.440000e+00 5.611255e-02 1.938459e+01 1.408780e+01
5.442000e+00 5.611271e-02 1.938468e+01 1.408785e+01
5.444000e+00 5.611289e-02 1.938477e+01 1.408790e+01
5.446000e+00 5.611307e-02 1.938487e+01 1.408796e+01
5.448000e+00 5.611327e-02 1.938497e+01 1.408801e+01
5.450000e+00 5.611347e-02 1.938507e+01 1.408807e+01
5.452000e+00 5.611369e-02 1.938517e+01 1.408813e+01
5.454000e+00 5.611392e-02 1.938528e+01 1.408820e+01
5.456000e+00 5.611415e-02 1.938538e+01 1.408826e+01
5.458000e+00 5.611440e-02 1.938549e+01 1.408833e+01
5.460000e+00 5.611466e-02 1.938560e+01 1.408840e+01
5.462000e+00 5.611493e-02 1.938572e+01 1.408848e+01
5.464000e+00 5.611522e-02 1.938584e+01 1.408855e+01
5.466000e+00 5.611552e-02 1.938596e+01 1.408863e+01
5.468000e+00 5.611583e-02 1.938608e+01 1.408871e+01
5.470000e+00 5.611615e-02 1.938621e+01 1.408879e+01
5.472000e+00 5.611649e-02 1.938634e+01 1.408888e+01
5.474000e+00 5.611685e-02 1.938647e+01 1.408897e+01
5.476000e+00 5.611722e-02 1.938661e+01 1.408907e+01
5.478000e+00 5.611761e-02 1.938675e+01 1.408916e+01
5.480000e+00 5.611801e-02 1.938689e+01 1.408926e+01
5.482000e+00 5.611844e-02 1.938704e+01 1.408937e+01
5.484000e+00 5.611888e-02 1.938719e+01 1.408948e+01
5.486000e+00 5.611934e-02 1.938734e+01 1.408959e+01
5.488000e+00 5.611983e-02 1.938751e+01 1.408971e+01
5.490000e+00 5.612034e-02 1.938767e+01 1.408983e+01
5.492000e+00 5.612087e-02 1.938784e+01 1.408996e+01
5.494000e+00 5.612143e-02 1.938802e+01 1.409009e+01
5.496000e+00 5.612202e-02 1.938820e+01 1.409023e+01
5.498000e+00 5.612264e-02 1.938840e+01 1.409038e+01
5.500000e+00 5.612330e-02 1.938859e+01 1.409053e+01
5.502000e+00 5.612399e-02 1.938880e+01 1.409069e+01
5.504000e+00 5.612472e-02 1.938901e+01 1.409086e+01
5.506000e+00 5.612550e-02 1.938924e+01 1.409104e+01
5.508000e+00 5.612632e-02 1.938948e+01 1.409123e+01
5.510000e+00 5.612720e-02 1.938972e+01 1.409144e+01
5.512000e+00 5.612813e-02 1.938999e+01 1.409165e+01
5.514000e+00 5.612914e-02 1.939026e+01 1.409188e+01
5.516000e+00 5.613022e-02 1.939056e+01 1.409213e+01
5.518000e+00 5.613140e-02 1.939087e+01 1.409240e+01
5.520000e+00 5.613268e-02 1.939121e+01 1.409269e+01
5.522000e+00 5.613408e-02 1.939158e+01 1.409301e+01
5.524000e+00 5.613563e-02 1.939198e+01 1.409336e+01
5.526000e+00 5.613736e-02 1.939243e+01 1.409375e+01
5.528000e+00 5.613931e-02 1.939292e+01 1.409419e+01
5.530000e+00 5.614154e-02 1.939349e+01 1.409470e+01
5.532000e+00 5.614414e-02 1.939414e+01 1.409529e+01
5.534000e+00 5.614722e-02 1.939490e+01 1.409600e+01
5.536000e+00 5.615099e-02 1.939584e+01 1.409687e+01
5.538000e+00 5.615577e-02 1.939703e+01 1.409798e+01
5.540000e+00 5.616218e-02 1.939862e+01 1.409948e+01
5.542000e+00 5.617151e-02 1.940092e+01 1.410168e+01
5.544000e+00 5.617375e-02 1.940150e+01 1.410221e+01
5.546000e+00 5.616455e-02 1.939932e+01 1.410005e+01
5.548000e+00 5.615866e-02 1.939794e+01 1.409868e+01
5.550000e+00 5.615453e-02 1.939700e+01 1.409772e+01
5.552000e+00 5.615149e-02 1.939633e+01 1.409703e+01
5.554000e+00 5.614916e-02 1.939583e+01 1.409651e+01
5.556000e+00 5.614736e-02 1.939546e+01 1.409611e+01
5.558000e+00 5.614593e-02 1.939518e+01 1.409580e+01
5.560000e+00 5.614479e-02 1.939496e+01 1.409556e+01
5.562000e+00 5.614389e-02 1.939481e+01 1.409537e+01
5.564000e+00 5.614318e-02 1.939469e+01 1.409522e+01
5.566000e+00 5.614262e-02 1.939462e+01 1.409511e+01
5.568000e+00 5.614219e-02 1.939457e+01 1.409502e+01
5.570000e+00 5.614187e-02 1.939455e+01 1.409496e+01
5.572000e+00 5.614164e-02 1.939455e+01 1.409492e+01
5.574000e+00 5.614150e-02 1.939456e+01 1.409490e+01
5.576000e+00 5.614144e-02 1.939460e+01 1.409490e+01
5.578000e+00 5.614144e-02 1.939465e+01 1.409491e+01
5.580000e+00 5.614150e-02 1.939471e+01 1.409493e+01
5.582000e+00 5.614161e-02 1.939479e+01 1.409497e+01
5.584000e+00 5.614178e-02 1.939488e+01 1.409501e+01
5.586000e+00 5.614199e-02 1.939498e+01 1.409507e+01
5.588000e+00 5.614224e-02 1.939508e+01 1.409514e+01
5.590000e+00 5.614254e-02 1.939520e+01 1.409521e+01
5.592000e+00 5.614287e-02 1.939532e+01 1.409529e+01
5.594000e+00 5.614325e-02 1.939546e+01 1.409538e+01
5.596000e+00 5.614365e-02 1.939560e+01 1.409548e+01
5.598000e+00 5.614410e-02 1.939574e+01 1.409559e+01
5.600000e+00 5.614457e-02 1.939590e+01 1.409570e+01
5.602000e+00 5.614508e-02 1.939606e+01 1.409582e+01
5.604000e+00 5.614562e-02 1.939623e+01 1.409594e+01
5.606000e+00 5.614619e-02 1.939641e+01 1.409608e+01
5.608000e+00 5.614679e-02 1.939659e+01 1.409622e+01
5.610000e+00 5.614743e-02 1.939678e+01 1.409636e+01
5.612000e+00 5.614809e-02 1.939698e+01 1.409651e+01
5.614000e+00 5.614878e-02 1.939718e+01 1.409667e+01
5.616000e+00 5.614951e-02 1.939739e+01 1.409684e+01
5.618000e+00 5.615027e-02 1.939761e+01 1.409701e+01
5.620000e+00 5.615106e-02 1.939783e+01 1.409719e+01
5.622000e+00 5.615189e-02 1.939806e+01 1.409737e+01
5.624000e+00 5.615275e-02 1.939830e+01 1.409757e+01
5.626000e+00 5.615365e-02 1.939855e+01 1.409777e+01
5.628000e+00 5.615459e-02 1.939880e+01 1.409798e+01
5.630000e+00 5.615557e-02 1.939907e+01 1.409820e+01
5.632000e+00 5.615659e-02 1.939934e+01 1.409843e+01
5.634000e+00 5.615766e-02 1.939963e+01 1.409866e+01
5.636000e+00 5.615879e-02 1.939993e+01 1.409891e+01
5.638000e+00 5.615997e-02 1.940024e+01 1.409918e+01
5.640000e+00 5.616122e-02 1.940056e+01 1.409945e+01
5.642000e+00 5.616255e-02 1.940091e+01 1.409975e+01
5.644000e+00 5.616397e-02 1.940127e+01 1.410007e+01
5.646000e+00 5.616551e-02 1.940167e+01 1.410041e+01
5.648000e+00 5.616719e-02 1.940210e+01 1.410079e+01
5.650000e+00 5.616910e-02 1.940258e+01 1.410122e+01
5.652000e+00 5.617160e-02 1.940321e+01 1.410179e+01
5.654000e+00 5.617204e-02 1.940334e+01 1.410188e+01
5.656000e+00 5.617191e-02 1.940334e+01 1.410184e+01
5.658000e+00 5.617215e-02 1.940342e+01 1.410188e+01
5.660000e+00 5.617259e-02 1.940355e+01 1.410197e+01
5.662000e+00 5.617317e-02 1.940372e+01 1.410209e+01
5.664000e+00 5.617386e-02 1.940391e+01 1.410224e+01
5.666000e+00 5.617465e-02 1.940413e+01 1.410241e+01
5.668000e+00 5.617552e-02 1.940436e+01 1.410260e+01
5.670000e+00 5.617647e-02 1.940461e+01 1.410281e+01
5.672000e+00 5.617748e-02 1.940488e+01 1.410303e+01
5.674000e+00 5.617856e-02 1.940516e+01 1.410326e+01
5.676000e+00 5.617970e-02 1.940546e+01 1.410351e+01
5.678000e+00 5.618090e-02 1.940577e+01 1.410377e+01
5.680000e+00 5.618216e-02 1.940609e+01 1.410404e+01
5.682000e+00 5.618348e-02 1.940642e+01 1.410433e+01
5.684000e+00 5.618485e-02 1.940676e+01 1.410462e+01
5.686000e+00 5.618628e-02 1.940712e+01 1.410493e+01
5.688000e+00 5.618777e-02 1.940749e+01 1.410525e+01
5.690000e+00 5.618932e-02 1.940788e+01 1.410559e+01
5.692000e+00 5.619092e-02 1.940827e+01 1.410593e+01
5.694000e+00 5.619259e-02 1.940868e+01 1.410629e+01
5.696000e+00 5.619432e-02 1.940910e+01 1.410666e+01
5.698000e+00 5.619612e-02 1.940954e+01 1.410705e+01
5.700000e+00 5.619798e-02 1.940999e+01 1.410745e+01
5.702000e+00 5.619992e-02 1.941046e+01 1.410786e+01
5.704000e+00 5.620192e-02 1.941094e+01 1.410829e+01
5.706000e+00 5.620400e-02 1.941144e+01 1.410873e+01
5.708000e+00 5.620617e-02 1.941195e+01 1.410919e+01
5.710000e+00 5.620841e-02 1.941249e+01 1.410967e+01
5.712000e+00 5.621074e-02 1.941304e+01 1.411017e+01
5.714000e+00 5.621316e-02 1.941361e+01 1.411069e+01
5.716000e+00 5.621567e-02 1.941420e+01 1.411122e+01
5.718000e+00 5.621829e-02 1.941481e+01 1.411178e+01
5.720000e+00 5.622101e-02 1.941545e+01 1.411236e+01
5.722000e+00 5.622384e-02 1.941611e+01 1.411296e+01
5.724000e+00 5.622679e-02 1.941680e+01 1.411359e+01
5.726000e+00 5.622987e-02 1.941751e+01 1.411424e+01
5.728000e+00 5.623307e-02 1.941825e+01 1.411492e+01
5.730000e+00 5.623642e-02 1.941903e+01 1.411563e+01
5.732000e+00 5.623992e-02 1.941983e+01 1.411637e+01
5.734000e+00 5.624358e-02 1.942067e+01 1.411715e+01
5.736000e+00 5.624741e-02 1.942155e+01 1.411797e+01
5.738000e+00 5.625143e-02 1.942247e+01 1.411882e+01
5.740000e+00 5.625564e-02 1.942343e+01 1.411971e+01
5.742000e+00 5.626006e-02 1.942444e+01 1.412065e+01
5.744000e+00 5.626471e-02 1.942550e+01 1.412164e+01
5.746000e+00 5.626961e-02 1.942661e+01 1.412268e+01
5.748000e+00 5.627478e-02 1.942779e+01 1.412378e+01
5.750000e+00 5.628024e-02 1.942903e+01 1.412495e+01
5.752000e+00 5.628601e-02 1.943034e+01 1.412618e+01
5.754000e+00 5.629213e-02 1.943172e+01 1.412748e+01
5.756000e+00 5.629864e-02 1.943320e+01 1.412887e+01
5.758000e+00 5.630557e-02 1.943477e+01 1.413036e+01
5.760000e+00 5.631298e-02 1.943644e+01 1.413195e+01
5.762000e+00 5.632091e-02 1.943824e+01 1.413365e+01
5.764000e+00 5.632945e-02 1.944018e+01 1.413549e+01
5.766000e+00 5.633868e-02 1.944227e+01 1.413749e+01
5.768000e+00 5.634870e-02 1.944455e+01 1.413966e+01
5.770000e+00 5.635966e-02 1.944706e+01 1.414205e+01
5.772000e+00 5.637178e-02 1.944984e+01 1.414471e+01
5.774000e+00 5.638542e-02 1.945298e+01 1.414772e+01
5.776000e+00 5.640245e-02 1.945691e+01 1.415149e+01
5.778000e+00 5.641230e-02 1.945915e+01 1.415363e+01
5.780000e+00 5.641811e-02 1.946042e+01 1.415482e+01
5.782000e+00 5.642730e-02 1.946249e+01 1.415678e+01
5.784000e+00 5.643885e-02 1.946512e+01 1.415930e+01
5.786000e+00 5.645288e-02 1.946836e+01 1.416240e+01
5.788000e+00 5.646976e-02 1.947228e+01 1.416617e+01
5.790000e+00 5.649015e-02 1.947707e+01 1.417078e+01
5.792000e+00 5.651520e-02 1.948303e+01 1.417652e+01
5.794000e+00 5.654718e-02 1.949072e+01 1.418394e+01
5.796000e+00 5.659683e-02 1.950261e+01 1.419544e+01
5.798000e+00 5.658442e-02 1.949977e+01 1.419264e+01
5.800000e+00 5.653871e-02 1.948888e+01 1.418204e+01
5.802000e+00 5.650636e-02 1.948124e+01 1.417459e+01
5.804000e+00 5.648031e-02 1.947519e+01 1.416868e+01
5.806000e+00 5.645852e-02 1.947019e+01 1.416380e+01
5.808000e+00 5.643987e-02 1.946597e+01 1.415966e+01
5.810000e+00 5.642367e-02 1.946233e+01 1.415609e+01
5.812000e+00 5.640942e-02 1.945916e+01 1.415298e+01
5.814000e+00 5.639678e-02 1.945637e+01 1.415024e+01
5.816000e+00 5.638548e-02 1.945390e+01 1.414780e+01
5.818000e+00 5.637530e-02 1.945169e+01 1.414562e+01
5.820000e+00 5.636611e-02 1.944970e+01 1.414365e+01
5.822000e+00 5.635776e-02 1.944791e+01 1.414188e+01
5.824000e+00 5.635016e-02 1.944629e+01 1.414027e+01
5.826000e+00 5.634323e-02 1.944483e+01 1.413881e+01
5.828000e+00 5.633691e-02 1.944350e+01 1.413749e+01
5.830000e+00 5.633118e-02 1.944231e+01 1.413629e+01
5.832000e+00 5.632601e-02 1.944125e+01 1.413522e+01
5.834000e+00 5.632165e-02 1.944037e+01 1.413433e+01
5.836000e+00 5.631614e-02 1.943922e+01 1.413318e+01
5.838000e+00 5.631103e-02 1.943815e+01 1.413211e+01
5.840000e+00 5.630639e-02 1.943719e+01 1.413114e+01
5.842000e+00 5.630211e-02 1.943632e+01 1.413025e+01
5.844000e+00 5.629817e-02 1.943552e+01 1.412944e+01
5.846000e+00 5.629450e-02 1.943478e+01 1.412869e+01
5.848000e+00 5.629110e-02 1.943411e+01 1.412799e+01
5.850000e+00 5.628793e-02 1.943348e+01 1.412734e+01
5.852000e+00 5.628498e-02 1.943290e+01 1.412675e+01
5.854000e+00 5.628223e-02 1.943237e+01 1.412619e+01
5.856000e+00 5.627966e-02 1.943187e+01 1.412567e+01
5.858000e+00 5.627726e-02 1.943142e+01 1.412519e+01
5.860000e+00 5.627503e-02 1.943099e+01 1.412474e+01
5.862000e+00 5.627294e-02 1.943060e+01 1.412433e+01
5.864000e+00 5.627098e-02 1.943024e+01 1.412394e+01
5.866000e+00 5.626916e-02 1.942991e+01 1.412358e+01
5.868000e+00 5.626746e-02 1.942961e+01 1.412325e+01
5.870000e+00 5.626587e-02 1.942933e+01 1.412294e+01
5.872000e+00 5.626439e-02 1.942907e+01 1.412265e+01
5.874000e+00 5.626301e-02 1.942884e+01 1.412238e+01
5.876000e+00 5.626173e-02 1.942862e+01 1.412214e+01
5.878000e+00 5.626054e-02 1.942843e+01 1.412191e+01
5.880000e+00 5.625943e-02 1.942825e+01 1.412170e+01
5.882000e+00 5.625840e-02 1.942809e+01 1.412151e+01
5.884000e+00 5.625745e-02 1.942795e+01 1.412133e+01
5.886000e+00 5.625657e-02 1.942783e+01 1.412117e+01
5.888000e+00 5.625577e-02 1.942771e+01 1.412102e+01
5.890000e+00 5.625502e-02 1.942762e+01 1.412089e+01
5.892000e+00 5.625434e-02 1.942753e+01 1.412077e+01
5.894000e+00 5.625372e-02 1.942746e+01 1.412066e+01
5.896000e+00 5.625316e-02 1.942740e+01 1.412057e+01
5.898000e+00 5.625265e-02 1.942735e+01 1.412048e+01
5.900000e+00 5.625219e-02 1.942732e+01 1.412041e+01
5.902000e+00 5.625178e-02 1.942729e+01 1.412034e+01
5.904000e+00 5.625142e-02 1.942727e+01 1.412029e+01
5.906000e+00 5.625110e-02 1.942727e+01 1.412025e+01
5.908000e+00 5.625083e-02 1.942727e+01 1.412021e+01
5.910000e+00 5.625060e-02 1.942728e+01 1.412018e+01
5.912000e+00 5.625041e-02 1.942730e+01 1.412016e+01
5.914000e+00 5.625025e-02 1.942733e+01 1.412015e+01
5.916000e+00 5.625014e-02 1.942737e+01 1.412015e+01
5.918000e+00 5.625006e-02 1.942741e+01 1.412015e+01
5.920000e+00 5.625001e-02 1.942746e+01 1.412017e+01
5.922000e+00 5.625000e-02 1.942752e+01 1.412018e+01
5.924000e+00 5.625001e-02 1.942758e+01 1.412021e+01
5.926000e+00 5.625006e-02 1.942766e+01 1.412024e+01
5.928000e+00 5.625014e-02 1.942773e+01 1.412027e+01
5.930000e+00 5.625025e-02 1.942782e+01 1.412032e+01
5.932000e+00 5.625038e-02 1.942791e+01 1.412037e+01
5.934000e+00 5.625054e-02 1.942800e+01 1.412042e+01
5.936000e+00 5.625073e-02 1.942810e+01 1.412048e+01
5.938000e+00 5.625094e-02 1.942821e+01 1.412054e+01
5.940000e+00 5.625118e-02 1.942832e+01 1.412061e+01
5.942000e+00 5.625144e-02 1.942843e+01 1.412069e+01
5.944000e+00 5.625172e-02 1.942856e+01 1.412076e+01
5.946000e+00 5.625202e-02 1.942868e+01 1.412085e+01
5.948000e+00 5.625235e-02 1.942881e+01 1.412094e+01
5.950000e+00 5.625270e-02 1.942894e+01 1.412103e+01
5.952000e+00 5.625306e-02 1.942908e+01 1.412112e+01
5.954000e+00 5.625345e-02 1.942923e+01 1.412122e+01
5.956000e+00 5.625386e-02 1.942937e+01 1.412133e+01
5.958000e+00 5.625428e-02 1.942952e+01 1.412144e+01
5.960000e+00 5.625473e-02 1.942968e+01 1.412155e+01
5.962000e+00 5.625519e-02 1.942984e+01 1.412166e+01
5.964000e+00 5.625567e-02 1.943000e+01 1.412178e+01
5.966000e+00 5.625616e-02 1.943017e+01 1.412190e+01
5.968000e+00 5.625668e-02 1.943033e+01 1.412203e+01
5.970000e+00 5.625721e-02 1.943051e+01 1.412216e+01
5.972000e+00 5.625775e-02 1.943068e+01 1.412229e+01
5.974000e+00 5.625832e-02 1.943086e+01 1.412243e+01
5.976000e+00 5.625889e-02 1.943105e+01 1.412257e+01
5.978000e+00 5.625949e-02 1.943123e+01 1.412271e+01
5.980000e+00 5.626010e-02 1.943142e+01 1.412285e+01
5.982000e+00 5.626072e-02 1.943161e+01 1.412300e+01
5.984000e+00 5.626136e-02 1.943181e+01 1.412315e+01
5.986000e+00 5.626202e-02 1.943201e+01 1.412331e+01
5.988000e+00 5.626270e-02 1.943222e+01 1.412347e+01
5.990000e+00 5.626340e-02 1.943243e+01 1.412363e+01
5.992000e+00 5.626408e-02 1.943263e+01 1.412380e+01
5.994000e+00 5.626476e-02 1.943283e+01 1.412395e+01
5.996000e+00 5.626545e-02 1.943304e+01 1.412411e+01
5.998000e+00 5.626616e-02 1.943325e+01 1.412428e+01
6.000000e+00 5.626689e-02 1.943346e+01 1.412445e+01
6.002000e+00 5.626763e-02 1.943368e+01 1.412462e+01
6.004000e+00 5.626839e-02 1.943390e+01 1.412480e+01
6.006000e+00 5.626916e-02 1.943412e+01 1.412498e+01
6.008000e+00 5.626994e-02 1.943435e+01 1.412516e+01
6.010000e+00 5.627073e-02 1.943458e+01 1.412534e+01
6.012000e+00 5.627154e-02 1.943481e+01 1.412552e+01
6.014000e+00 5.627235e-02 1.943504e+01 1.412571e+01
6.016000e+00 5.627318e-02 1.943528e+01 1.412590e+01
6.018000e+00 5.627402e-02 1.943551e+01 1.412609e+01
6.020000e+00 5.627487e-02 1.943575e+01 1.412629e+01
6.022000e+00 5.627573e-02 1.943600e+01 1.412648e+01
6.024000e+00 5.627661e-02 1.943624e+01 1.412668e+01
6.026000e+00 5.627749e-02 1.943649e+01 1.412688e+01
6.028000e+00 5.627838e-02 1.943674e+01 1.412709e+01
6.030000e+00 5.627929e-02 1.943699e+01 1.412729e+01
6.032000e+00 5.628020e-02 1.943724e+01 1.412750e+01
6.034000e+00 5.628113e-02 1.943750e+01 1.412771e+01
6.036000e+00 5.628206e-02 1.943775e+01 1.412792e+01
6.038000e+00 5.628301e-02 1.943801e+01 1.412813e+01
6.040000e+00 5.628396e-02 1.943828e+01 1.412835e+01
6.042000e+00 5.628493e-02 1.943854e+01 1.412857e+01
6.044000e+00 5.628590e-02 1.943881e+01 1.412879e+01
6.046000e+00 5.628689e-02 1.943907e+01 1.412901e+01
6.048000e+00 5.628788e-02 1.943935e+01 1.412923e+01
6.050000e+00 5.628889e-02 1.943962e+01 1.412946e+01
6.052000e+00 5.628991e-02 1.943989e+01 1.412969e+01
6.054000e+00 5.629093e-02 1.944017e+01 1.412992e+01
6.056000e+00 5.629197e-02 1.944045e+01 1.413015e+01
6.058000e+00 5.629301e-02 1.944073e+01 1.413038e+01
6.060000e+00 5.629407e-02 1.944101e+01 1.413062e+01
6.062000e+00 5.629513e-02 1.944130e+01 1.413085e+01
6.064000e+00 5.629621e-02 1.944158e+01 1.413109e+01
6.066000e+00 5.629729e-02 1.944187e+01 1.413134e+01
6.068000e+00 5.629839e-02 1.944216e+01 1.413158e+01
6.070000e+00 5.629949e-02 1.944245e+01 1.413183e+01
6.072000e+00 5.630060e-02 1.944275e+01 1.413207e+01
6.074000e+00 5.630173e-02 1.944305e+01 1.413232e+01
6.076000e+00 5.630286e-02 1.944335e+01 1.413257e+01
6.078000e+00 5.630400e-02 1.944365e+01 1.413283e+01
6.080000e+00 5.630516e-02 1.944395e+01 1.413308e+01
6.082000e+00 5.630632e-02 1.944426e+01 1.413334e+01
6.084000e+00 5.630749e-02 1.944456e+01 1.413360e+01
6.086000e+00 5.630868e-02 1.944487e+01 1.413386e+01
6.088000e+00 5.630987e-02 1.944518e+01 1.413413e+01
6.090000e+00 5.631107e-02 1.944550e+01 1.413439e+01
6.092000e+00 5.631229e-02 1.944581e+01 1.413466e+01
6.094000e+00 5.631351e-02 1.944613e+01 1.413493e+01
6.096000e+00 5.631475e-02 1.944645e+01 1.413520e+01
6.098000e+00 5.631599e-02 1.944677e+01 1.413548e+01
6.100000e+00 5.631724e-02 1.944710e+01 1.413575e+01
6.102000e+00 5.631851e-02 1.944743e+01 1.413603e+01
6.104000e+00 5.631979e-02 1.944775e+01 1.413631e+01
6.106000e+00 5.632107e-02 1.944808e+01 1.413659e+01
6.108000e+00 5.632237e-02 1.944842e+01 1.413688e+01
6.110000e+00 5.632368e-02 1.944875e+01 1.413717e+01
6.112000e+00 5.632500e-02 1.944909e+01 1.413746e+01
6.114000e+00 5.632633e-02 1.944943e+01 1.413775e+01
6.116000e+00 5.632767e-02 1.944977e+01 1.413804e+01
6.118000e+00 5.632902e-02 1.945012e+01 1.413834e+01
6.120000e+00 5.633038e-02 1.945047e+01 1.413864e+01
6.122000e+00 5.633176e-02 1.945082e+01 1.413894e+01
6.124000e+00 5.633315e-02 1.945117e+01 1.413924e+01
6.126000e+00 5.633455e-02 1.945152e+01 1.413955e+01
6.128000e+00 5.633596e-02 1.945188e+01 1.413985e+01
6.130000e+00 5.633738e-02 1.945224e+01 1.414016e+01
6.132000e+00 5.633882e-02 1.945260e+01 1.414048e+01
6.134000e+00 5.634027e-02 1.945297e+01 1.414079e+01
6.136000e+00 5.634173e-02 1.945333e+01 1.414111e+01
6.138000e+00 5.634321e-02 1.945371e+01 1.414143e+01
6.140000e+00 5.634469e-02 1.945408e+01 1.414176e+01
6.142000e+00 5.634620e-02 1.945446e+01 1.414208e+01
6.144000e+00 5.634772e-02 1.945483e+01 1.414241e+01
6.146000e+00 5.634925e-02 1.945522e+01 1.414274e+01
6.148000e+00 5.635080e-02 1.945560e+01 1.414308e+01
6.150000e+00 5.635236e-02 1.945599e+01 1.414342e+01
6.152000e+00 5.635394e-02 1.945639e+01 1.414376e+01
6.154000e+00 5.635554e-02 1.945678e+01 1.414411e+01
6.156000e+00 5.635717e-02 1.945719e+01 1.414446e+01
6.158000e+00 5.635882e-02 1.945759e+01 1.414482e+01
6.160000e+00 5.636050e-02 1.945801e+01 1.414518e+01
6.162000e+00 5.636223e-02 1.945844e+01 1.414556e+01
6.164000e+00 5.636383e-02 1.945883e+01 1.414590e+01
6.166000e+00 5.636539e-02 1.945922e+01 1.414624e+01
6.168000e+00 5.636701e-02 1.945962e+01 1.414659e+01
6.170000e+00 5.636865e-02 1.946002e+01 1.414694e+01
6.172000e+00 5.637032e-02 1.946043e+01 1.414730e+01
6.174000e+00 5.637201e-02 1.946084e+01 1.414766e+01
6.176000e+00 5.637372e-02 1.946126e+01 1.414803e+01
6.178000e+00 5.637545e-02 1.946169e+01 1.414841e+01
6.180000e+00 5.637721e-02 1.946212e+01 1.414878e+01
6.182000e+00 5.637898e-02 1.946255e+01 1.414916e+01
6.184000e+00 5.638078e-02 1.946299e+01 1.414955e+01
6.186000e+00 5.638259e-02 1.946343e+01 1.414994e+01
6.188000e+00 5.638443e-02 1.946387e+01 1.415033e+01
6.190000e+00 5.638629e-02 1.946433e+01 1.415073e+01
6.192000e+00 5.638817e-02 1.946478e+01 1.415114e+01
6.194000e+00 5.639007e-02 1.946524e+01 1.415154e+01
6.196000e+00 5.639199e-02 1.946570e+01 1.415195e+01
6.198000e+00 5.639394e-02 1.946617e+01 1.415237e+01
6.200000e+00 5.639591e-02 1.946665e+01 1.415279e+01
6.202000e+00 5.639790e-02 1.946713e+01 1.415322e+01
6.204000e+00 5.639992e-02 1.946761e+01 1.415365e+01
6.206000e+00 5.640197e-02 1.946810e+01 1.415409e+01
6.208000e+00 5.640404e-02 1.946860e+01 1.415453e+01
6.210000e+00 5.640613e-02 1.946910e+01 1.415498e+01
6.212000e+00 5.640826e-02 1.946961e+01 1.415543e+01
6.214000e+00 5.641042e-02 1.947012e+01 1.415589e+01
6.216000e+00 5.641260e-02 1.947064e+01 1.415636e+01
6.218000e+00 5.641482e-02 1.947117e+01 1.415683e+01
6.220000e+00 5.641707e-02 1.947170e+01 1.415731e+01
6.222000e+00 5.641935e-02 1.947224e+01 1.415779e+01
6.224000e+00 5.642166e-02 1.947279e+01 1.415829e+01
6.226000e+00 5.642402e-02 1.947334e+01 1.415879e+01
6.228000e+00 5.642641e-02 1.947391e+01 1.415929e+01
6.230000e+00 5.642884e-02 1.947448e+01 1.415981e+01
6.232000e+00 5.643131e-02 1.947506e+01 1.416034e+01
6.234000e+00 5.643382e-02 1.947565e+01 1.416087e+01
6.236000e+00 5.643638e-02 1.947625e+01 1.416141e+01
6.238000e+00 5.643898e-02 1.947686e+01 1.416197e+01
6.240000e+00 5.644164e-02 1.947748e+01 1.416253e+01
6.242000e+00 5.644435e-02 1.947811e+01 1.416310e+01
6.244000e+00 5.644711e-02 1.947875e+01 1.416369e+01
6.246000e+00 5.644993e-02 1.947941e+01 1.416429e+01
6.248000e+00 5.645281e-02 1.948008e+01 1.416490e+01
6.250000e+00 5.645576e-02 1.948076e+01 1.416552e+01
6.252000e+00 5.645878e-02 1.948146e+01 1.416616e+01
6.254000e+00 5.646187e-02 1.948218e+01 1.416682e+01
6.256000e+00 5.646504e-02 1.948291e+01 1.416749e+01
6.258000e+00 5.646830e-02 1.948366e+01 1.416818e+01
6.260000e+00 5.647165e-02 1.948444e+01 1.416890e+01
6.262000e+00 5.647511e-02 1.948523e+01 1.416963e+01
6.264000e+00 5.647867e-02 1.948605e+01 1.417039e+01
6.266000e+00 5.648236e-02 1.948690e+01 1.417117e+01
6.268000e+00 5.648619e-02 1.948778e+01 1.417199e+01
6.270000e+00 5.649016e-02 1.948870e+01 1.417283e+01
6.272000e+00 5.649431e-02 1.948965e+01 1.417372e+01
6.274000e+00 5.649866e-02 1.949065e+01 1.417465e+01
6.276000e+00 5.650323e-02 1.949170e+01 1.417563e+01
6.278000e+00 5.650808e-02 1.949281e+01 1.417667e+01
6.280000e+00 5.651324e-02 1.949401e+01 1.417779e+01
6.282000e+00 5.651879e-02 1.949529e+01 1.417900e+01
6.284000e+00 5.652483e-02 1.949669e+01 1.418032e+01
6.286000e+00 5.653151e-02 1.949826e+01 1.418180e+01
6.288000e+00 5.653911e-02 1.950005e+01 1.418350e+01
6.290000e+00 5.654844e-02 1.950226e+01 1.418561e+01
6.292000e+00 5.655757e-02 1.950437e+01 1.418761e+01
6.294000e+00 5.655024e-02 1.950265e+01 1.418591e+01
6.296000e+00 5.654745e-02 1.950196e+01 1.418520e+01
6.298000e+00 5.654584e-02 1.950156e+01 1.418478e+01
6.300000e+00 5.654499e-02 1.950136e+01 1.418454e+01
6.302000e+00 5.654469e-02 1.950129e+01 1.418443e+01
6.304000e+00 5.654484e-02 1.950133e+01 1.418443e+01
6.306000e+00 5.654535e-02 1.950145e+01 1.418451e+01
6.308000e+00 5.654617e-02 1.950165e+01 1.418467e+01
6.310000e+00 5.654725e-02 1.950190e+01 1.418488e+01
6.312000e+00 5.654856e-02 1.950221e+01 1.418514e+01
6.314000e+00 5.655006e-02 1.950257e+01 1.418544e+01
6.316000e+00 5.655176e-02 1.950296e+01 1.418579e+01
6.318000e+00 5.655361e-02 1.950340e+01 1.418617e+01
6.320000e+00 5.655562e-02 1.950387e+01 1.418659e+01
6.322000e+00 5.655778e-02 1.950437e+01 1.418703e+01
6.324000e+00 5.656006e-02 1.950489e+01 1.418751e+01
6.326000e+00 5.656248e-02 1.950545e+01 1.418801e+01
6.328000e+00 5.656501e-02 1.950604e+01 1.418854e+01
6.330000e+00 5.656767e-02 1.950665e+01 1.418909e+01
6.332000e+00 5.657044e-02 1.950728e+01 1.418967e+01
6.334000e+00 5.657332e-02 1.950794e+01 1.419027e+01
6.336000e+00 5.657630e-02 1.950862e+01 1.419089e+01
6.338000e+00 5.657940e-02 1.950933e+01 1.419154e+01
6.340000e+00 5.658260e-02 1.951005e+01 1.419220e+01
6.342000e+00 5.658591e-02 1.951080e+01 1.419289e+01
6.344000e+00 5.658932e-02 1.951158e+01 1.419361e+01
6.346000e+00 5.659284e-02 1.951237e+01 1.419434e+01
6.348000e+00 5.659647e-02 1.951319e+01 1.419509e+01
6.350000e+00 5.660020e-02 1.951403e+01 1.419587e+01
6.352000e+00 5.660403e-02 1.951490e+01 1.419667e+01
6.354000e+00 5.660798e-02 1.951578e+01 1.419749e+01
6.356000e+00 5.661204e-02 1.951669e+01 1.419834e+01
6.358000e+00 5.661620e-02 1.951763e+01 1.419921e+01
6.360000e+00 5.662048e-02 1.951859e+01 1.420010e+01
6.362000e+00 5.662488e-02 1.951957e+01 1.420101e+01
6.364000e+00 5.662940e-02 1.952058e+01 1.420195e+01
6.366000e+00 5.663404e-02 1.952161e+01 1.420292e+01
6.368000e+00 5.663880e-02 1.952267e+01 1.420391e+01
6.370000e+00 5.664369e-02 1.952376e+01 1.420492e+01
6.372000e+00 5.664871e-02 1.952488e+01 1.420597e+01
6.374000e+00 5.665387e-02 1.952602e+01 1.420704e+01
6.376000e+00 5.665916e-02 1.952720e+01 1.420814e+01
6.378000e+00 5.666460e-02 1.952840e+01 1.420927e+01
6.380000e+00 5.667019e-02 1.952964e+01 1.421043e+01
6.382000e+00 5.667593e-02 1.953091e+01 1.421163e+01
6.384000e+00 5.668184e-02 1.953221e+01 1.421285e+01
6.386000e+00 5.668790e-02 1.953355e+01 1.421411e+01
6.388000e+00 5.669414e-02 1.953493e+01 1.421541e+01
6.390000e+00 5.670056e-02 1.953634e+01 1.421674e+01
6.392000e+00 5.670717e-02 1.953779e+01 1.421811e+01
6.394000e+00 5.671396e-02 1.953929e+01 1.421952e+01
6.396000e+00 5.672096e-02 1.954082e+01 1.422098e+01
6.398000e+00 5.672817e-02 1.954241e+01 1.422247e+01
6.400000e+00 5.673560e-02 1.954404e+01 1.422401e+01
6.402000e+00 5.674325e-02 1.954571e+01 1.422560e+01
6.404000e+00 5.675115e-02 1.954744e+01 1.422724e+01
6.406000e+00 5.675929e-02 1.954923e+01 1.422893e+01
6.408000e+00 5.676770e-02 1.955107e+01 1.423068e+01
6.410000e+00 5.677639e-02 1.955296e+01 1.423248e+01
6.412000e+00 5.678536e-02 1.955493e+01 1.423435e+01
6.414000e+00 5.679464e-02 1.955695e+01 1.423627e+01
6.416000e+00 5.680424e-02 1.955905e+01 1.423827e+01
6.418000e+00 5.681417e-02 1.956121e+01 1.424033e+01
6.420000e+00 5.682443e-02 1.956345e+01 1.424246e+01
6.422000e+00 5.683506e-02 1.956577e+01 1.424468e+01
6.424000e+00 5.684610e-02 1.956817e+01 1.424697e+01
6.426000e+00 5.685754e-02 1.957067e+01 1.424935e+01
6.428000e+00 5.686943e-02 1.957326e+01 1.425182e+01
6.430000e+00 5.688177e-02 1.957594e+01 1.425439e+01
6.432000e+00 5.689461e-02 1.957874e+01 1.425706e+01
6.434000e+00 5.690796e-02 1.958164e+01 1.425984e+01
6.436000e+00 5.692187e-02 1.958467e+01 1.426274e+01
6.438000e+00 5.693635e-02 1.958782e+01 1.426576e+01
6.440000e+00 5.695146e-02 1.959111e+01 1.426891e+01
6.442000e+00 5.696723e-02 1.959454e+01 1.427220e+01
6.444000e+00 5.698371e-02 1.959813e+01 1.427564e+01
6.446000e+00 5.700094e-02 1.960187e+01 1.427924e+01
6.448000e+00 5.701897e-02 1.960580e+01 1.428301e+01
6.450000e+00 5.703787e-02 1.960991e+01 1.428696e+01
6.452000e+00 5.705768e-02 1.961423e+01 1.429111e+01
6.454000e+00 5.707849e-02 1.961876e+01 1.429547e+01
6.456000e+00 5.710037e-02 1.962353e+01 1.430006e+01
6.458000e+00 5.712339e-02 1.962854e+01 1.430489e+01
6.460000e+00 5.714764e-02 1.963384e+01 1.430998e+01
6.462000e+00 5.717324e-02 1.963942e+01 1.431536e+01
6.464000e+00 5.720029e-02 1.964533e+01 1.432106e+01
6.466000e+00 5.722891e-02 1.965159e+01 1.432709e+01
6.468000e+00 5.725926e-02 1.965822e+01 1.433349e+01
6.470000e+00 5.729147e-02 1.966528e+01 1.434030e+01
6.472000e+00 5.732573e-02 1.967279e+01 1.434755e+01
6.474000e+00 5.736226e-02 1.968081e+01 1.435529e+01
6.476000e+00 5.740127e-02 1.968938e+01 1.436357e+01
6.478000e+00 5.744306e-02 1.969858e+01 1.437246e+01
6.480000e+00 5.748792e-02 1.970847e+01 1.438203e+01
6.482000e+00 5.753625e-02 1.971915e+01 1.439235e+01
6.484000e+00 5.758849e-02 1.973071e+01 1.440354e+01
6.486000e+00 5.764517e-02 1.974329e+01 1.441571e+01
6.488000e+00 5.770696e-02 1.975704e+01 1.442901e+01
6.490000e+00 5.777466e-02 1.977215e+01 1.444364e+01
6.492000e+00 5.784928e-02 1.978885e+01 1.445981e+01
6.494000e+00 5.793208e-02 1.980746e+01 1.447784e+01
6.496000e+00 5.802471e-02 1.982836e+01 1.449809e+01
6.498000e+00 5.812928e-02 1.985208e+01 1.452108e+01
6.500000e+00 5.824868e-02 1.987930e+01 1.454748e+01
6.502000e+00 5.838685e-02 1.991102e+01 1.457824e+01
6.504000e+00 5.854953e-02 1.994866e+01 1.461475e+01
6.506000e+00 5.874552e-02 1.999445e+01 1.465918e+01
6.508000e+00 5.898955e-02 2.005212e+01 1.471517e+01
6.510000e+00 5.930949e-02 2.012871e+01 1.478954e+01
6.512000e+00 5.982012e-02 2.024962e+01 1.490702e+01
6.514000e+00 5.959433e-02 2.019694e+01 1.485578e+01
6.516000e+00 5.920014e-02 2.010221e+01 1.476367e+01
6.518000e+00 5.892313e-02 2.003607e+01 1.469938e+01
6.520000e+00 5.870963e-02 1.998575e+01 1.465046e+01
6.522000e+00 5.853808e-02 1.994576e+01 1.461159e+01
6.524000e+00 5.839647e-02 1.991306e+01 1.457979e+01
6.526000e+00 5.827741e-02 1.988579e+01 1.455327e+01
6.528000e+00 5.817602e-02 1.986272e+01 1.453083e+01
6.530000e+00 5.808890e-02 1.984302e+01 1.451167e+01
6.532000e+00 5.801365e-02 1.982611e+01 1.449522e+01
6.534000e+00 5.794852e-02 1.981157e+01 1.448105e+01
6.536000e+00 5.789227e-02 1.979908e+01 1.446889e+01
6.538000e+00 5.784407e-02 1.978846e+01 1.445855e+01
6.540000e+00 5.780343e-02 1.977960e+01 1.444990e+01
6.542000e+00 5.777026e-02 1.977248e+01 1.444295e+01
6.544000e+00 5.774496e-02 1.976720e+01 1.443780e+01
6.546000e+00 5.772865e-02 1.976407e+01 1.443472e+01
6.548000e+00 5.772391e-02 1.976375e+01 1.443437e+01
6.550000e+00 5.773723e-02 1.976783e+01 1.443829e+01
6.552000e+00 5.773141e-02 1.976708e+01 1.443752e+01
6.554000e+00 5.763873e-02 1.974564e+01 1.441667e+01
6.556000e+00 5.757124e-02 1.973012e+01 1.440158e+01
6.558000e+00 5.751572e-02 1.971755e+01 1.438933e+01
6.560000e+00 5.746816e-02 1.970690e+01 1.437895e+01
6.562000e+00 5.742641e-02 1.969763e+01 1.436992e+01
6.564000e+00 5.738916e-02 1.968941e+01 1.436191e+01
6.566000e+00 5.735554e-02 1.968204e+01 1.435472e+01
6.568000e+00 5.732494e-02 1.967537e+01 1.434821e+01
6.570000e+00 5.729691e-02 1.966928e+01 1.434226e+01
6.572000e+00 5.727109e-02 1.966369e+01 1.433680e+01
6.574000e+00 5.724720e-02 1.965854e+01 1.433176e+01
6.576000e+00 5.722503e-02 1.965378e+01 1.432710e+01
6.578000e+00 5.720439e-02 1.964935e+01 1.432277e+01
6.580000e+00 5.718513e-02 1.964524e+01 1.431873e+01
6.582000e+00 5.716712e-02 1.964140e+01 1.431497e+01
6.584000e+00 5.715024e-02 1.963781e+01 1.431145e+01
6.586000e+00 5.713440e-02 1.963445e+01 1.430815e+01
6.588000e+00 5.711951e-02 1.963130e+01 1.430506e+01
6.590000e+00 5.710551e-02 1.962835e+01 1.430215e+01
6.592000e+00 5.709232e-02 1.962557e+01 1.429942e+01
6.594000e+00 5.707989e-02 1.962296e+01 1.429685e+01
6.596000e+00 5.706816e-02 1.962050e+01 1.429443e+01
6.598000e+00 5.705709e-02 1.961819e+01 1.429215e+01
6.600000e+00 5.704663e-02 1.961601e+01 1.429000e+01
6.602000e+00 5.703674e-02 1.961396e+01 1.428796e+01
6.604000e+00 5.702740e-02 1.961202e+01 1.428605e+01
6.606000e+00 5.701855e-02 1.961019e+01 1.428423e+01
6.608000e+00 5.701019e-02 1.960847e+01 1.428252e+01
6.610000e+00 5.700227e-02 1.960684e+01 1.428090e+01
6.612000e+00 5.699477e-02 1.960530e+01 1.427937e+01
6.614000e+00 5.698767e-02 1.960385e+01 1.427793e+01
6.616000e+00 5.698094e-02 1.960248e+01 1.427656e+01
6.618000e+00 5.697457e-02 1.960119e+01 1.427527e+01
6.620000e+00 5.696854e-02 1.959997e+01 1.427404e+01
6.622000e+00 5.696282e-02 1.959881e+01 1.427289e+01
6.624000e+00 5.695741e-02 1.959773e+01 1.427179e+01
6.626000e+00 5.695229e-02 1.959670e+01 1.427076e+01
6.628000e+00 5.694744e-02 1.959574e+01 1.426979e+01
6.630000e+00 5.694285e-02 1.959483e+01 1.426886e+01
6.632000e+00 5.693851e-02 1.959397e+01 1.426799e+01
6.634000e+00 5.693440e-02 1.959316e+01 1.426717e+01
6.636000e+00 5.693052e-02 1.959240e+01 1.426640e+01
6.638000e+00 5.692686e-02 1.959169e+01 1.426567e+01
6.640000e+00 5.692340e-02 1.959102e+01 1.426498e+01
6.642000e+00 5.692014e-02 1.959040e+01 1.426434e+01
6.644000e+00 5.691707e-02 1.958981e+01 1.426373e+01
6.646000e+00 5.691417e-02 1.958926e+01 1.426316e+01
6.648000e+00 5.691146e-02 1.958875e+01 1.426263e+01
6.650000e+00 5.690890e-02 1.958828e+01 1.426213e+01
6.652000e+00 5.690651e-02 1.958784e+01 1.426166e+01
6.654000e+00 5.690427e-02 1.958743e+01 1.426123e+01
6.656000e+00 5.690218e-02 1.958705e+01 1.426083e+01
6.658000e+00 5.690024e-02 1.958671e+01 1.426045e+01
6.660000e+00 5.689843e-02 1.958639e+01 1.426011e+01
6.662000e+00 5.689675e-02 1.958610e+01 1.425979e+01
6.664000e+00 5.689520e-02 1.958584e+01 1.425950e+01
6.666000e+00 5.689378e-02 1.958561e+01 1.425923e+01
6.668000e+00 5.689248e-02 1.958540e+01 1.425899e+01
6.670000e+00 5.689129e-02 1.958521e+01 1.425877e+01
6.672000e+00 5.689022e-02 1.958506e+01 1.425858e+01
6.674000e+00 5.688926e-02 1.958492e+01 1.425841e+01
6.676000e+00 5.688842e-02 1.958481e+01 1.425826e+01
6.678000e+00 5.688767e-02 1.958472e+01 1.425814e+01
6.680000e+00 5.688704e-02 1.958465e+01 1.425803e+01
6.682000e+00 5.688651e-02 1.958461e+01 1.425795e+01
6.684000e+00 5.688609e-02 1.958459e+01 1.425789e+01
6.686000e+00 5.688577e-02 1.958459e+01 1.425786e+01
6.688000e+00 5.688557e-02 1.958462e+01 1.425784e+01
6.690000e+00 5.688547e-02 1.958467e+01 1.425786e+01
6.692000e+00 5.688550e-02 1.958474e+01 1.425789e+01
6.694000e+00 5.688565e-02 1.958485e+01 1.425795e+01
6.696000e+00 5.688595e-02 1.958498e+01 1.425805e+01
6.698000e+00 5.688642e-02 1.958516e+01 1.425818e+01
6.700000e+00 5.688709e-02 1.958538e+01 1.425836e+01
6.702000e+00 5.688804e-02 1.958567e+01 1.425860e+01
6.704000e+00 5.688938e-02 1.958606e+01 1.425893e+01
6.706000e+00 5.689136e-02 1.958660e+01 1.425942e+01
6.708000e+00 5.689293e-02 1.958703e+01 1.425980e+01
6.710000e+00 5.689142e-02 1.958672e+01 1.425947e+01
6.712000e+00 5.689074e-02 1.958661e+01 1.425932e+01
6.714000e+00 5.688980e-02 1.958644e+01 1.425912e+01
6.716000e+00 5.688931e-02 1.958638e+01 1.425902e+01
6.718000e+00 5.688911e-02 1.958638e+01 1.425898e+01
6.720000e+00 5.688911e-02 1.958644e+01 1.425900e+01
6.722000e+00 5.688927e-02 1.958653e+01 1.425905e+01
6.724000e+00 5.688956e-02 1.958664e+01 1.425912e+01
6.726000e+00 5.688995e-02 1.958679e+01 1.425922e+01
6.728000e+00 5.689043e-02 1.958695e+01 1.425934e+01
6.730000e+00 5.689099e-02 1.958713e+01 1.425948e+01
6.732000e+00 5.689163e-02 1.958732e+01 1.425963e+01
6.734000e+00 5.689233e-02 1.958753e+01 1.425979e+01
6.736000e+00 5.689310e-02 1.958776e+01 1.425997e+01
6.738000e+00 5.689392e-02 1.958799e+01 1.426016e+01
6.740000e+00 5.689480e-02 1.958824e+01 1.426036e+01
6.742000e+00 5.689572e-02 1.958850e+01 1.426058e+01
6.744000e+00 5.689670e-02 1.958877e+01 1.426080e+01
6.746000e+00 5.689773e-02 1.958905e+01 1.426103e+01
6.748000e+00 5.689879e-02 1.958934e+01 1.426127e+01
6.750000e+00 5.689991e-02 1.958964e+01 1.426152e+01
6.752000e+00 5.690106e-02 1.958994e+01 1.426178e+01
6.754000e+00 5.690226e-02 1.959026e+01 1.426205e+01
6.756000e+00 5.690349e-02 1.959058e+01 1.426233e+01
6.758000e+00 5.690477e-02 1.959091e+01 1.426261e+01
6.760000e+00 5.690608e-02 1.959125e+01 1.426290e+01
6.762000e+00 5.690742e-02 1.959160e+01 1.426320e+01
6.764000e+00 5.690881e-02 1.959195e+01 1.426350e+01
6.766000e+00 5.691022e-02 1.959232e+01 1.426382e+01
6.768000e+00 5.691167e-02 1.959268e+01 1.426413e+01
6.770000e+00 5.691316e-02 1.959306e+01 1.426446e+01
6.772000e+00 5.691467e-02 1.959344e+01 1.426479e+01
6.774000e+00 5.691622e-02 1.959383e+01 1.426513e+01
6.776000e+00 5.691780e-02 1.959423e+01 1.426548e+01
6.778000e+00 5.691940e-02 1.959463e+01 1.426583e+01
6.780000e+00 5.692104e-02 1.959504e+01 1.426618e+01
6.782000e+00 5.692271e-02 1.959545e+01 1.426655e+01
6.784000e+00 5.692440e-02 1.959587e+01 1.426692e+01
6.786000e+00 5.692612e-02 1.959629e+01 1.426729e+01
6.788000e+00 5.692788e-02 1.959673e+01 1.426767e+01
6.790000e+00 5.692965e-02 1.959716e+01 1.426806e+01
6.792000e+00 5.693146e-02 1.959761e+01 1.426845e+01
6.794000e+00 5.693329e-02 1.959805e+01 1.426884e+01
6.796000e+00 5.693515e-02 1.959851e+01 1.426925e+01
6.798000e+00 5.693703e-02 1.959897e+01 1.426965e+01
6.800000e+00 5.693894e-02 1.959943e+01 1.427006e+01
6.802000e+00 5.694087e-02 1.959990e+01 1.427048e+01
6.804000e+00 5.694283e-02 1.960037e+01 1.427090e+01
6.806000e+00 5.694481e-02 1.960085e+01 1.427133e+01
6.808000e+00 5.694682e-02 1.960134e+01 1.427176e+01
6.810000e+00 5.694885e-02 1.960183e+01 1.427220e+01
6.812000e+00 5.695090e-02 1.960232e+01 1.427264e+01
6.814000e+00 5.695298e-02 1.960282e+01 1.427308e+01
6.816000e+00 5.695508e-02 1.960332e+01 1.427353e+01
6.818000e+00 5.695720e-02 1.960383e+01 1.427399e+01
6.820000e+00 5.695934e-02 1.960435e+01 1.427445e+01
6.822000e+00 5.696151e-02 1.960486e+01 1.427491e+01
6.824000e+00 5.696370e-02 1.960539e+01 1.427538e+01
6.826000e+00 5.696591e-02 1.960591e+01 1.427585e+01
6.828000e+00 5.696814e-02 1.960644e+01 1.427633e+01
6.830000e+00 5.697040e-02 1.960698e+01 1.427681e+01
6.832000e+00 5.697267e-02 1.960752e+01 1.427730e+01
6.834000e+00 5.697497e-02 1.960806e+01 1.427779e+01
6.836000e+00 5.697729e-02 1.960861e+01 1.427828e+01
6.838000e+00 5.697963e-02 1.960917e+01 1.427878e+01
6.840000e+00 5.698199e-02 1.960972e+01 1.427928e+01
6.842000e+00 5.698437e-02 1.961028e+01 1.427979e+01
6.844000e+00 5.698677e-02 1.961085e+01 1.428030e+01
6.846000e+00 5.698919e-02 1.961142e+01 1.428081e+01
6.848000e+00 5.699163e-02 1.961200e+01 1.428133e+01
6.850000e+00 5.699409e-02 1.961257e+01 1.428185e+01
6.852000e+00 5.699657e-02 1.961316e+01 1.428238e+01
6.854000e+00 5.699907e-02 1.961374e+01 1.428291e+01
6.856000e+00 5.700159e-02 1.961433e+01 1.428345e+01
6.858000e+00 5.700413e-02 1.961493e+01 1.428398e+01
6.860000e+00 5.700669e-02 1.961553e+01 1.428453e+01
6.862000e+00 5.700927e-02 1.961613e+01 1.428507e+01
6.864000e+00 5.701187e-02 1.961674e+01 1.428562e+01
6.866000e+00 5.701449e-02 1.961735e+01 1.428618e+01
6.868000e+00 5.701713e-02 1.961796e+01 1.428674e+01
6.870000e+00 5.701979e-02 1.961858e+01 1.428730e+01
6.872000e+00 5.702246e-02 1.961920e+01 1.428786e+01
6.874000e+00 5.702516e-02 1.961983e+01 1.428843e+01
6.876000e+00 5.702787e-02 1.962046e+01 1.428901e+01
6.878000e+00 5.703061e-02 1.962110e+01 1.428958e+01
6.880000e+00 5.703336e-02 1.962173e+01 1.429016e+01
6.882000e+00 5.703614e-02 1.962238e+01 1.429075e+01
6.884000e+00 5.703893e-02 1.962302e+01 1.429134e+01
6.886000e+00 5.704174e-02 1.962367e+01 1.429193e+01
6.888000e+00 5.704457e-02 1.962433e+01 1.429253e+01
6.890000e+00 5.704742e-02 1.962499e+01 1.429313e+01
6.892000e+00 5.705028e-02 1.962565e+01 1.429373e+01
6.894000e+00 5.705317e-02 1.962632e+01 1.429434e+01
6.896000e+00 5.705608e-02 1.962699e+01 1.429495e+01
6.898000e+00 5.705900e-02 1.962766e+01 1.429557e+01
6.900000e+00 5.706195e-02 1.962834e+01 1.429619e+01
6.902000e+00 5.706491e-02 1.962902e+01 1.429681e+01
6.904000e+00 5.706789e-02 1.962970e+01 1.429743e+01
6.906000e+00 5.707089e-02 1.963039e+01 1.429807e+01
6.908000e+00 5.707391e-02 1.963109e+01 1.429870e+01
6.910000e+00 5.707695e-02 1.963178e+01 1.429934e+01
6.912000e+00 5.708001e-02 1.963249e+01 1.429998e+01
6.914000e+00 5.708309e-02 1.963319e+01 1.430063e+01
6.916000e+00 5.708619e-02 1.963390e+01 1.430128e+01
6.918000e+00 5.708930e-02 1.963461e+01 1.430193e+01
6.920000e+00 5.709244e-02 1.963533e+01 1.430259e+01
6.922000e+00 5.709560e-02 1.963605e+01 1.430325e+01
6.924000e+00 5.709877e-02 1.963678e+01 1.430391e+01
6.926000e+00 5.710197e-02 1.963751e+01 1.430458e+01
6.928000e+00 5.710518e-02 1.963824e+01 1.430526e+01
6.930000e+00 5.710842e-02 1.963898e+01 1.430593e+01
6.932000e+00 5.711167e-02 1.963972e+01 1.430661e+01
6.934000e+00 5.711494e-02 1.964047e+01 1.430730e+01
6.936000e+00 5.711824e-02 1.964121e+01 1.430799e+01
6.938000e+00 5.712155e-02 1.964197e+01 1.430868e+01
6.940000e+00 5.712489e-02 1.964273e+01 1.430938e+01
6.942000e+00 5.712824e-02 1.964349e+01 1.431008e+01
6.944000e+00 5.713162e-02 1.964426e+01 1.431078e+01
6.946000e+00 5.713501e-02 1.964503e+01 1.431149e+01
6.948000e+00 5.713843e-02 1.964580e+01 1.431221e+01
6.950000e+00 5.714187e-02 1.964658e+01 1.431292e+01
6.952000e+00 5.714533e-02 1.964736e+01 1.431365e+01
6.954000e+00 5.714881e-02 1.964815e+01 1.431437e+01
6.956000e+00 5.715231e-02 1.964894e+01 1.431510e+01
6.958000e+00 5.715583e-02 1.964974e+01 1.431584e+01
6.960000e+00 5.715938e-02 1.965054e+01 1.431657e+01
6.962000e+00 5.716294e-02 1.965135e+01 1.431732e+01
6.964000e+00 5.716653e-02 1.965216e+01 1.431807e+01
6.966000e+00 5.717014e-02 1.965297e+01 1.431882e+01
6.968000e+00 5.717377e-02 1.965379e+01 1.431957e+01
6.970000e+00 5.717743e-02 1.965461e+01 1.432033e+01
6.972000e+00 5.718111e-02 1.965544e+01 1.432110e+01
6.974000e+00 5.718481e-02 1.965628e+01 1.432187e+01
6.976000e+00 5.718853e-02 1.965711e+01 1.432264e+01
6.978000e+00 5.719228e-02 1.965796e+01 1.432342e+01
6.980000e+00 5.719605e-02 1.965880e+01 1.432421e+01
6.982000e+00 5.719984e-02 1.965966e+01 1.432500e+01
6.984000e+00 5.720366e-02 1.966051e+01 1.432579e+01
6.986000e+00 5.720751e-02 1.966138e+01 1.432659e+01
6.988000e+00 5.721138e-02 1.966225e+01 1.432739e+01
6.990000e+00 5.721527e-02 1.966312e+01 1.432820e+01
6.992000e+00 5.721919e-02 1.966400e+01 1.432901e+01
6.994000e+00 5.722314e-02 1.966488e+01 1.432983e+01
6.996000e+00 5.722711e-02 1.966577e+01 1.433066e+01
6.998000e+00 5.723111e-02 1.966666e+01 1.433149e+01
7.000000e+00 5.723513e-02 1.966756e+01 1.433232e+01
7.002000e+00 5.723918e-02 1.966847e+01 1.433316e+01
7.004000e+00 5.724327e-02 1.966938e+01 1.433401e+01
7.006000e+00 5.724737e-02 1.967030e+01 1.433486e+01
7.008000e+00 5.725151e-02 1.967122e+01 1.433572e+01
7.010000e+00 5.725568e-02 1.967215e+01 1.433658e+01
7.012000e+00 5.725988e-02 1.967309e+01 1.433745e+01
7.014000e+00 5.726410e-02 1.967403e+01 1.433832e+01
7.016000e+00 5.726836e-02 1.967498e+01 1.433921e+01
7.018000e+00 5.727265e-02 1.967593e+01 1.434009e+01
7.020000e+00 5.727698e-02 1.967689e+01 1.434099e+01
7.022000e+00 5.728133e-02 1.967786e+01 1.434189e+01
7.024000e+00 5.728572e-02 1.967884e+01 1.434280e+01
7.026000e+00 5.729015e-02 1.967982e+01 1.434371e+01
7.028000e+00 5.729461e-02 1.968081e+01 1.434464e+01
7.030000e+00 5.729910e-02 1.968181e+01 1.434557e+01
7.032000e+00 5.730364e-02 1.968281e+01 1.434650e+01
7.034000e+00 5.730821e-02 1.968383e+01 1.434745e+01
7.036000e+00 5.731282e-02 1.968485e+01 1.434840e+01
7.038000e+00 5.731747e-02 1.968588e+01 1.434936e+01
7.040000e+00 5.732217e-02 1.968692e+01 1.435033e+01
7.042000e+00 5.732690e-02 1.968797e+01 1.435131e+01
7.044000e+00 5.733169e-02 1.968903e+01 1.435230e+01
7.046000e+00 5.733651e-02 1.969009e+01 1.435330e+01
7.048000e+00 5.734139e-02 1.969117e+01 1.435430e+01
7.050000e+00 5.734632e-02 1.969226e+01 1.435532e+01
7.052000e+00 5.735130e-02 1.969336e+01 1.435635e+01
7.054000e+00 5.735633e-02 1.969447e+01 1.435739e+01
7.056000e+00 5.736142e-02 1.969559e+01 1.435844e+01
7.058000e+00 5.736656e-02 1.969673e+01 1.435950e+01
7.060000e+00 5.737177e-02 1.969787e+01 1.436058e+01
7.062000e+00 5.737704e-02 1.969904e+01 1.436167e+01
7.064000e+00 5.738238e-02 1.970021e+01 1.436277e+01
7.066000e+00 5.738780e-02 1.970140e+01 1.436389e+01
7.068000e+00 5.739328e-02 1.970261e+01 1.436502e+01
7.070000e+00 5.739885e-02 1.970384e+01 1.436617e+01
7.072000e+00 5.740450e-02 1.970508e+01 1.436734e+01
7.074000e+00 5.741024e-02 1.970634e+01 1.436853e+01
7.076000e+00 5.741607e-02 1.970763e+01 1.436973e+01
7.078000e+00 5.742201e-02 1.970893e+01 1.437096e+01
7.080000e+00 5.742806e-02 1.971026e+01 1.437222e+01
7.082000e+00 5.743424e-02 1.971162e+01 1.437349e+01
7.084000e+00 5.744054e-02 1.971301e+01 1.437480e+01
7.086000e+00 5.744699e-02 1.971443e+01 1.437614e+01
7.088000e+00 5.745360e-02 1.971589e+01 1.437752e+01
7.090000e+00 5.746039e-02 1.971738e+01 1.437893e+01
7.092000e+00 5.746739e-02 1.971893e+01 1.438039e+01
7.094000e+00 5.747462e-02 1.972052e+01 1.438190e+01
7.096000e+00 5.748212e-02 1.972218e+01 1.438347e+01
7.098000e+00 5.748993e-02 1.972392e+01 1.438512e+01
7.100000e+00 5.749813e-02 1.972574e+01 1.438685e+01
7.102000e+00 5.750680e-02 1.972768e+01 1.438869e+01
7.104000e+00 5.751604e-02 1.972976e+01 1.439067e+01
7.106000e+00 5.752606e-02 1.973203e+01 1.439284e+01
7.108000e+00 5.753722e-02 1.973459e+01 1.439528e+01
7.110000e+00 5.755111e-02 1.973779e+01 1.439835e+01
7.112000e+00 5.755737e-02 1.973918e+01 1.439966e+01
7.114000e+00 5.755363e-02 1.973819e+01 1.439866e+01
7.116000e+00 5.755301e-02 1.973794e+01 1.439838e+01
7.118000e+00 5.755358e-02 1.973799e+01 1.439839e+01
7.120000e+00 5.755495e-02 1.973823e+01 1.439859e+01
7.122000e+00 5.755693e-02 1.973863e+01 1.439893e+01
7.124000e+00 5.755940e-02 1.973914e+01 1.439939e+01
7.126000e+00 5.756228e-02 1.973975e+01 1.439994e+01
7.128000e+00 5.756552e-02 1.974044e+01 1.440058e+01
7.130000e+00 5.756906e-02 1.974121e+01 1.440128e+01
7.132000e+00 5.757290e-02 1.974204e+01 1.440205e+01
7.134000e+00 5.757700e-02 1.974294e+01 1.440288e+01
7.136000e+00 5.758137e-02 1.974389e+01 1.440377e+01
7.138000e+00 5.758601e-02 1.974491e+01 1.440472e+01
7.140000e+00 5.759096e-02 1.974601e+01 1.440575e+01
7.142000e+00 5.759664e-02 1.974727e+01 1.440693e+01
7.144000e+00 5.760049e-02 1.974810e+01 1.440770e+01
7.146000e+00 5.760375e-02 1.974878e+01 1.440832e+01
7.148000e+00 5.760747e-02 1.974958e+01 1.440906e+01
7.150000e+00 5.761145e-02 1.975043e+01 1.440985e+01
7.152000e+00 5.761563e-02 1.975133e+01 1.441068e+01
7.154000e+00 5.761997e-02 1.975227e+01 1.441155e+01
7.156000e+00 5.762446e-02 1.975324e+01 1.441246e+01
7.158000e+00 5.762909e-02 1.975424e+01 1.441339e+01
7.160000e+00 5.763384e-02 1.975527e+01 1.441435e+01
7.162000e+00 5.763871e-02 1.975633e+01 1.441534e+01
7.164000e+00 5.764368e-02 1.975740e+01 1.441634e+01
7.166000e+00 5.764876e-02 1.975851e+01 1.441738e+01
7.168000e+00 5.765394e-02 1.975963e+01 1.441843e+01
7.170000e+00 5.765918e-02 1.976077e+01 1.441949e+01
7.172000e+00 5.766447e-02 1.976191e+01 1.442056e+01
7.174000e+00 5.766985e-02 1.976308e+01 1.442166e+01
7.176000e+00 5.767531e-02 1.976426e+01 1.442277e+01
7.178000e+00 5.768086e-02 1.976546e+01 1.442389e+01
7.180000e+00 5.768648e-02 1.976668e+01 1.442504e+01
7.182000e+00 5.769218e-02 1.976791e+01 1.442619e+01
7.184000e+00 5.769795e-02 1.976916e+01 1.442737e+01
7.186000e+00 5.770379e-02 1.977042e+01 1.442855e+01
7.188000e+00 5.770970e-02 1.977170e+01 1.442976e+01
7.190000e+00 5.771568e-02 1.977299e+01 1.443097e+01
7.192000e+00 5.772173e-02 1.977430e+01 1.443220e+01
7.194000e+00 5.772784e-02 1.977562e+01 1.443344e+01
7.196000e+00 5.773402e-02 1.977695e+01 1.443470e+01
7.198000e+00 5.774026e-02 1.977830e+01 1.443597e+01
7.200000e+00 5.774657e-02 1.977966e+01 1.443725e+01
7.202000e+00 5.775295e-02 1.978103e+01 1.443854e+01
7.204000e+00 5.775938e-02 1.978242e+01 1.443985e+01
7.206000e+00 5.776589e-02 1.978382e+01 1.444117e+01
7.208000e+00 5.777246e-02 1.978523e+01 1.444251e+01
7.210000e+00 5.777909e-02 1.978666e+01 1.444386e+01
7.212000e+00 5.778579e-02 1.978811e+01 1.444522e+01
7.214000e+00 5.779256e-02 1.978956e+01 1.444659e+01
7.216000e+00 5.779940e-02 1.979103e+01 1.444798e+01
7.218000e+00 5.780630e-02 1.979251e+01 1.444938e+01
7.220000e+00 5.781327e-02 1.979401e+01 1.445080e+01
7.222000e+00 5.782031e-02 1.979553e+01 1.445223e+01
7.224000e+00 5.782743e-02 1.979705e+01 1.445367e+01
7.226000e+00 5.783461e-02 1.979860e+01 1.445513e+01
7.228000e+00 5.784187e-02 1.980015e+01 1.445660e+01
7.230000e+00 5.784921e-02 1.980173e+01 1.445809e+01
7.232000e+00 5.785662e-02 1.980332e+01 1.445960e+01
7.234000e+00 5.786412e-02 1.980493e+01 1.446112e+01
7.236000e+00 5.787169e-02 1.980655e+01 1.446266e+01
7.238000e+00 5.787936e-02 1.980819e+01 1.446421e+01
7.240000e+00 5.788711e-02 1.980986e+01 1.446579e+01
7.242000e+00 5.789496e-02 1.981154e+01 1.446738e+01
7.244000e+00 5.790290e-02 1.981324e+01 1.446900e+01
7.246000e+00 5.791095e-02 1.981496e+01 1.447063e+01
7.248000e+00 5.791911e-02 1.981671e+01 1.447229e+01
7.250000e+00 5.792739e-02 1.981849e+01 1.447397e+01
7.252000e+00 5.793579e-02 1.982029e+01 1.447568e+01
7.254000e+00 5.794434e-02 1.982212e+01 1.447742e+01
7.256000e+00 5.795303e-02 1.982398e+01 1.447919e+01
7.258000e+00 5.796189e-02 1.982588e+01 1.448100e+01
7.260000e+00 5.797094e-02 1.982783e+01 1.448285e+01
7.262000e+00 5.798022e-02 1.982982e+01 1.448475e+01
7.264000e+00 5.798975e-02 1.983187e+01 1.448670e+01
7.266000e+00 5.799958e-02 1.983400e+01 1.448872e+01
7.268000e+00 5.800980e-02 1.983620e+01 1.449083e+01
7.270000e+00 5.802049e-02 1.983853e+01 1.449304e+01
7.272000e+00 5.803182e-02 1.984100e+01 1.449540e+01
7.274000e+00 5.804404e-02 1.984369e+01 1.449797e+01
7.276000e+00 5.805758e-02 1.984670e+01 1.450086e+01
7.278000e+00 5.807330e-02 1.985025e+01 1.450427e+01
7.280000e+00 5.809424e-02 1.985499e+01 1.450883e+01
7.282000e+00 5.809293e-02 1.985450e+01 1.450831e+01
7.284000e+00 5.809342e-02 1.985436e+01 1.450814e+01
7.286000e+00 5.809647e-02 1.985486e+01 1.450859e+01
7.288000e+00 5.810104e-02 1.985573e+01 1.450939e+01
7.290000e+00 5.810659e-02 1.985683e+01 1.451043e+01
7.292000e+00 5.811283e-02 1.985811e+01 1.451163e+01
7.294000e+00 5.811960e-02 1.985950e+01 1.451294e+01
7.296000e+00 5.812678e-02 1.986100e+01 1.451435e+01
7.298000e+00 5.813429e-02 1.986256e+01 1.451583e+01
7.300000e+00 5.814208e-02 1.986419e+01 1.451738e+01
7.302000e+00 5.815011e-02 1.986588e+01 1.451898e+01
7.304000e+00 5.815836e-02 1.986761e+01 1.452062e+01
7.306000e+00 5.816679e-02 1.986939e+01 1.452230e+01
7.308000e+00 5.817540e-02 1.987120e+01 1.452402e+01
7.310000e+00 5.818417e-02 1.987304e+01 1.452578e+01
7.312000e+00 5.819308e-02 1.987492e+01 1.452756e+01
7.314000e+00 5.820214e-02 1.987683e+01 1.452937e+01
7.316000e+00 5.821133e-02 1.987876e+01 1.453121e+01
7.318000e+00 5.822064e-02 1.988073e+01 1.453308e+01
7.320000e+00 5.823008e-02 1.988272e+01 1.453497e+01
7.322000e+00 5.823964e-02 1.988473e+01 1.453689e+01
7.324000e+00 5.824932e-02 1.988677e+01 1.453883e+01
7.326000e+00 5.825911e-02 1.988883e+01 1.454079e+01
7.328000e+00 5.826902e-02 1.989092e+01 1.454278e+01
7.330000e+00 5.827903e-02 1.989302e+01 1.454479e+01
7.332000e+00 5.828916e-02 1.989516e+01 1.454682e+01
7.334000e+00 5.829939e-02 1.989731e+01 1.454887e+01
7.336000e+00 5.830973e-02 1.989949e+01 1.455095e+01
7.338000e+00 5.832018e-02 1.990168e+01 1.455304e+01
7.340000e+00 5.833074e-02 1.990391e+01 1.455516e+01
7.342000e+00 5.834141e-02 1.990615e+01 1.455730e+01
7.344000e+00 5.835218e-02 1.990841e+01 1.455946e+01
7.346000e+00 5.836306e-02 1.991070e+01 1.456164e+01
7.348000e+00 5.837405e-02 1.991301e+01 1.456385e+01
7.350000e+00 5.838515e-02 1.991534e+01 1.456607e+01
7.352000e+00 5.839636e-02 1.991769e+01 1.456832e+01
7.354000e+00 5.840768e-02 1.992007e+01 1.457059e+01
7.356000e+00 5.841911e-02 1.992247e+01 1.457288e+01
7.358000e+00 5.843065e-02 1.992489e+01 1.457519e+01
7.360000e+00 5.844230e-02 1.992733e+01 1.457752e+01
7.362000e+00 5.845406e-02 1.992980e+01 1.457988e+01
7.364000e+00 5.846594e-02 1.993229e+01 1.458226e+01
7.366000e+00 5.847794e-02 1.993481e+01 1.458466e+01
7.368000e+00 5.849005e-02 1.993734e+01 1.458709e+01
7.370000e+00 5.850228e-02 1.993991e+01 1.458954e+01
7.372000e+00 5.851462e-02 1.994249e+01 1.459201e+01
7.374000e+00 5.852709e-02 1.994510e+01 1.459450e+01
7.376000e+00 5.853968e-02 1.994774e+01 1.459702e+01
7.378000e+00 5.855239e-02 1.995040e+01 1.459957e+01
7.380000e+00 5.856523e-02 1.995308e+01 1.460214e+01
7.382000e+00 5.857819e-02 1.995579e+01 1.460473e+01
7.384000e+00 5.859128e-02 1.995853e+01 1.460735e+01
7.386000e+00 5.860450e-02 1.996129e+01 1.461000e+01
7.388000e+00 5.861785e-02 1.996408e+01 1.461267e+01
7.390000e+00 5.863133e-02 1.996690e+01 1.461536e+01
7.392000e+00 5.864495e-02 1.996975e+01 1.461809e+01
7.394000e+00 5.865871e-02 1.997262e+01 1.462084e+01
7.396000e+00 5.867260e-02 1.997552e+01 1.462362e+01
7.398000e+00 5.868663e-02 1.997845e+01 1.462642e+01
7.400000e+00 5.870081e-02 1.998140e+01 1.462925e+01
7.402000e+00 5.871512e-02 1.998439e+01 1.463212e+01
7.404000e+00 5.872959e-02 1.998741e+01 1.463501e+01
7.406000e+00 5.874420e-02 1.999046e+01 1.463793e+01
7.408000e+00 5.875897e-02 1.999353e+01 1.464088e+01
7.410000e+00 5.877389e-02 1.999664e+01 1.464386e+01
7.412000e+00 5.878896e-02 1.999978e+01 1.464687e+01
7.414000e+00 5.880419e-02 2.000296e+01 1.464991e+01
7.416000e+00 5.881958e-02 2.000616e+01 1.465299e+01
7.418000e+00 5.883514e-02 2.000940e+01 1.465609e+01
7.420000e+00 5.885086e-02 2.001267e+01 1.465923e+01
7.422000e+00 5.886675e-02 2.001598e+01 1.466240e+01
7.424000e+00 5.888281e-02 2.001932e+01 1.466561e+01
7.426000e+00 5.889904e-02 2.002270e+01 1.466885e+01
7.428000e+00 5.891545e-02 2.002611e+01 1.467213e+01
7.430000e+00 5.893204e-02 2.002956e+01 1.467544e+01
7.432000e+00 5.894882e-02 2.003304e+01 1.467879e+01
7.434000e+00 5.896578e-02 2.003657e+01 1.468217e+01
7.436000e+00 5.898293e-02 2.004013e+01 1.468560e+01
7.438000e+00 5.900029e-02 2.004374e+01 1.468906e+01
7.440000e+00 5.901787e-02 2.004739e+01 1.469257e+01
7.442000e+00 5.903556e-02 2.005107e+01 1.469610e+01
7.444000e+00 5.905349e-02 2.005479e+01 1.469967e+01
7.446000e+00 5.907160e-02 2.005855e+01 1.470328e+01
7.448000e+00 5.908993e-02 2.006235e+01 1.470694e+01
7.450000e+00 5.910848e-02 2.006620e+01 1.471064e+01
7.452000e+00 5.912725e-02 2.007009e+01 1.471438e+01
7.454000e+00 5.914623e-02 2.007403e+01 1.471817e+01
7.456000e+00 5.916545e-02 2.007801e+01 1.472200e+01
7.458000e+00 5.918489e-02 2.008204e+01 1.472587e+01
7.460000e+00 5.920457e-02 2.008612e+01 1.472980e+01
7.462000e+00 5.922448e-02 2.009024e+01 1.473377e+01
7.464000e+00 5.924464e-02 2.009442e+01 1.473778e+01
7.466000e+00 5.926504e-02 2.009865e+01 1.474185e+01
7.468000e+00 5.928570e-02 2.010292e+01 1.474597e+01
7.470000e+00 5.930661e-02 2.010725e+01 1.475013e+01
7.472000e+00 5.932778e-02 2.011164e+01 1.475435e+01
7.474000e+00 5.934922e-02 2.011607e+01 1.475863e+01
7.476000e+00 5.937093e-02 2.012057e+01 1.476295e+01
7.478000e+00 5.939292e-02 2.012512e+01 1.476733e+01
7.480000e+00 5.941518e-02 2.012972e+01 1.477177e+01
7.482000e+00 5.943774e-02 2.013439e+01 1.477626e+01
7.484000e+00 5.946059e-02 2.013911e+01 1.478081e+01
7.486000e+00 5.948374e-02 2.014390e+01 1.478543e+01
7.488000e+00 5.950719e-02 2.014875e+01 1.479010e+01
7.490000e+00 5.953096e-02 2.015366e+01 1.479483e+01
7.492000e+00 5.955504e-02 2.015864e+01 1.479963e+01
7.494000e+00 5.957945e-02 2.016368e+01 1.480449e+01
7.496000e+00 5.960419e-02 2.016880e+01 1.480942e+01
7.498000e+00 5.962927e-02 2.017398e+01 1.481442e+01
7.500000e+00 5.965469e-02 2.017923e+01 1.481948e+01
7.502000e+00 5.968047e-02 2.018455e+01 1.482462e+01
7.504000e+00 5.970661e-02 2.018995e+01 1.482982e+01
7.506000e+00 5.973312e-02 2.019543e+01 1.483510e+01
7.508000e+00 5.976001e-02 2.020098e+01 1.484046e+01
7.510000e+00 5.978728e-02 2.020661e+01 1.484589e+01
7.512000e+00 5.981495e-02 2.021232e+01 1.485140e+01
7.514000e+00 5.984302e-02 2.021811e+01 1.485699e+01
7.516000e+00 5.987150e-02 2.022399e+01 1.486267e+01
7.518000e+00 5.990040e-02 2.022996e+01 1.486842e+01
7.520000e+00 5.992974e-02 2.023601e+01 1.487427e+01
7.522000e+00 5.995952e-02 2.024215e+01 1.488020e+01
7.524000e+00 5.998975e-02 2.024839e+01 1.488622e+01
7.526000e+00 6.002044e-02 2.025472e+01 1.489233e+01
7.528000e+00 6.005160e-02 2.026115e+01 1.489854e+01
7.530000e+00 6.008325e-02 2.026768e+01 1.490485e+01
7.532000e+00 6.011540e-02 2.027431e+01 1.491125e+01
7.534000e+00 6.014806e-02 2.028104e+01 1.491776e+01
7.536000e+00 6.018123e-02 2.028788e+01 1.492437e+01
7.538000e+00 6.021495e-02 2.029483e+01 1.493108e+01
7.540000e+00 6.024921e-02 2.030190e+01 1.493791e+01
7.542000e+00 6.028403e-02 2.030907e+01 1.494485e+01
7.544000e+00 6.031942e-02 2.031637e+01 1.495190e+01
7.546000e+00 6.035541e-02 2.032379e+01 1.495908e+01
7.548000e+00 6.039201e-02 2.033133e+01 1.496637e+01
7.550000e+00 6.042922e-02 2.033900e+01 1.497379e+01
7.552000e+00 6.046707e-02 2.034681e+01 1.498133e+01
7.554000e+00 6.050558e-02 2.035474e+01 1.498901e+01
7.556000e+00 6.054476e-02 2.036282e+01 1.499682e+01
7.558000e+00 6.058464e-02 2.037104e+01 1.500477e+01
7.560000e+00 6.062522e-02 2.037940e+01 1.501286e+01
7.562000e+00 6.066653e-02 2.038792e+01 1.502110e+01
7.564000e+00 6.070859e-02 2.039659e+01 1.502949e+01
7.566000e+00 6.075142e-02 2.040541e+01 1.503803e+01
7.568000e+00 6.079504e-02 2.041440e+01 1.504674e+01
7.570000e+00 6.083948e-02 2.042356e+01 1.505560e+01
7.572000e+00 6.088475e-02 2.043289e+01 1.506464e+01
7.574000e+00 6.093089e-02 2.044240e+01 1.507385e+01
7.576000e+00 6.097792e-02 2.045210e+01 1.508323e+01
7.578000e+00 6.102586e-02 2.046198e+01 1.509280e+01
7.580000e+00 6.107474e-02 2.047206e+01 1.510256e+01
7.582000e+00 6.112459e-02 2.048233e+01 1.511251e+01
7.584000e+00 6.117544e-02 2.049281e+01 1.512267e+01
7.586000e+00 6.122732e-02 2.050351e+01 1.513303e+01
7.588000e+00 6.128026e-02 2.051443e+01 1.514361e+01
7.590000e+00 6.133430e-02 2.052557e+01 1.515441e+01
7.592000e+00 6.138946e-02 2.053694e+01 1.516543e+01
7.594000e+00 6.144580e-02 2.054856e+01 1.517669e+01
7.596000e+00 6.150334e-02 2.056043e+01 1.518819e+01
7.598000e+00 6.156212e-02 2.057255e+01 1.519995e+01
7.600000e+00 6.162218e-02 2.058494e+01 1.521196e+01
7.602000e+00 6.168357e-02 2.059761e+01 1.522424e+01
7.604000e+00 6.174634e-02 2.061056e+01 1.523680e+01
7.606000e+00 6.181052e-02 2.062380e+01 1.524964e+01
7.608000e+00 6.187617e-02 2.063735e+01 1.526279e+01
7.610000e+00 6.194333e-02 2.065122e+01 1.527623e+01
7.612000e+00 6.201207e-02 2.066541e+01 1.529000e+01
7.614000e+00 6.208244e-02 2.067993e+01 1.530410e+01
7.616000e+00 6.215449e-02 2.069481e+01 1.531853e+01
7.618000e+00 6.222829e-02 2.071006e+01 1.533332e+01
7.620000e+00 6.230391e-02 2.072567e+01 1.534848e+01
7.622000e+00 6.238140e-02 2.074168e+01 1.536402e+01
7.624000e+00 6.246084e-02 2.075810e+01 1.537996e+01
7.626000e+00 6.254230e-02 2.077494e+01 1.539630e+01
7.628000e+00 6.262587e-02 2.079221e+01 1.541308e+01
7.630000e+00 6.271162e-02 2.080994e+01 1.543029e+01
7.632000e+00 6.279964e-02 2.082814e+01 1.544797e+01
7.634000e+00 6.289003e-02 2.084684e+01 1.546613e+01
7.636000e+00 6.298286e-02 2.086605e+01 1.548479e+01
7.638000e+00 6.307826e-02 2.088579e+01 1.550396e+01
7.640000e+00 6.317632e-02 2.090609e+01 1.552368e+01
7.642000e+00 6.327715e-02 2.092696e+01 1.554397e+01
7.644000e+00 6.338087e-02 2.094844e+01 1.556484e+01
7.646000e+00 6.348761e-02 2.097056e+01 1.558633e+01
7.648000e+00 6.359751e-02 2.099333e+01 1.560847e+01
7.650000e+00 6.371068e-02 2.101679e+01 1.563127e+01
7.652000e+00 6.382730e-02 2.104096e+01 1.565478e+01
7.654000e+00 6.394750e-02 2.106590e+01 1.567902e+01
7.656000e+00 6.407146e-02 2.109161e+01 1.570402e+01
7.658000e+00 6.419936e-02 2.111816e+01 1.572984e+01
7.660000e+00 6.433137e-02 2.114556e+01 1.575649e+01
7.662000e+00 6.446770e-02 2.117387e+01 1.578403e+01
7.664000e+00 6.460856e-02 2.120314e+01 1.581250e+01
7.666000e+00 6.475417e-02 2.123340e+01 1.584194e+01
7.668000e+00 6.490476e-02 2.126471e+01 1.587241e+01
7.670000e+00 6.506061e-02 2.129712e+01 1.590396e+01
7.672000e+00 6.522196e-02 2.133069e+01 1.593663e+01
7.674000e+00 6.538913e-02 2.136549e+01 1.597050e+01
7.676000e+00 6.556240e-02 2.140157e+01 1.600563e+01
7.678000e+00 6.574213e-02 2.143902e+01 1.604209e+01
7.680000e+00 6.592866e-02 2.147789e+01 1.607995e+01
7.682000e+00 6.612238e-02 2.151829e+01 1.611929e+01
7.684000e+00 6.632368e-02 2.156029e+01 1.616020e+01
7.686000e+00 6.653303e-02 2.160398e+01 1.620277e+01
7.688000e+00 6.675088e-02 2.164948e+01 1.624710e+01
7.690000e+00 6.697775e-02 2.169688e+01 1.629329e+01
7.692000e+00 6.721419e-02 2.174631e+01 1.634146e+01
7.694000e+00 6.746080e-02 2.179789e+01 1.639174e+01
7.696000e+00 6.771821e-02 2.185176e+01 1.644427e+01
7.698000e+00 6.798714e-02 2.190808e+01 1.649918e+01
7.700000e+00 6.826832e-02 2.196700e+01 1.655664e+01
7.702000e+00 6.856260e-02 2.202870e+01 1.661682e+01
7.704000e+00 6.887085e-02 2.209338e+01 1.667992e+01
7.706000e+00 6.919407e-02 2.216124e+01 1.674613e+01
7.708000e+00 6.953332e-02 2.223252e+01 1.681569e+01
7.710000e+00 6.988978e-02 2.230747e+01 1.688885e+01
7.712000e+00 7.026472e-02 2.238637e+01 1.696587e+01
7.714000e+00 7.065958e-02 2.246953e+01 1.704707e+01
7.716000e+00 7.107591e-02 2.255729e+01 1.713278e+01
7.718000e+00 7.151548e-02 2.265003e+01 1.722338e+01
7.720000e+00 7.198023e-02 2.274819e+01 1.731927e+01
7.722000e+00 7.247235e-02 2.285222e+01 1.742095e+01
7.724000e+00 7.299431e-02 2.296270e+01 1.752893e+01
7.726000e+00 7.354893e-02 2.308022e+01 1.764384e+01
7.728000e+00 7.413942e-02 2.320552e+01 1.776638e+01
7.730000e+00 7.476954e-02 2.333941e+01 1.789735e+01
7.732000e+00 7.544362e-02 2.348287e+01 1.803773e+01
7.734000e+00 7.616681e-02 2.363704e+01 1.818863e+01
7.736000e+00 7.694524e-02 2.380331e+01 1.835142e+01
7.738000e+00 7.778626e-02 2.398332e+01 1.852772e+01
7.740000e+00 7.869882e-02 2.417911e+01 1.871954e+01
7.742000e+00 7.969395e-02 2.439317e+01 1.892934e+01
7.744000e+00 8.078533e-02 2.462864e+01 1.916020e+01
7.746000e+00 8.199020e-02 2.488948e+01 1.941605e+01
7.748000e+00 8.333065e-02 2.518082e+01 1.970193e+01
7.750000e+00 8.483561e-02 2.550943e+01 2.002454e+01
7.752000e+00 8.654416e-02 2.588457e+01 2.039302e+01
7.754000e+00 8.851166e-02 2.631954e+01 2.082050e+01
7.756000e+00 9.082265e-02 2.683485e+01 2.132726e+01
7.758000e+00 9.362453e-02 2.746624e+01 2.194861e+01
7.760000e+00 9.730275e-02 2.830126e+01 2.277105e+01
7.762000e+00 1.033652e-01 2.960373e+01 2.405532e+01
7.764000e+00 9.632262e-02 2.807697e+01 2.254997e+01
7.766000e+00 9.299674e-02 2.732045e+01 2.180492e+01
7.768000e+00 9.039383e-02 2.673394e+01 2.122775e+01
7.770000e+00 8.823584e-02 2.625249e+01 2.075426e+01
7.772000e+00 8.639658e-02 2.584540e+01 2.035412e+01
7.774000e+00 8.480064e-02 2.549440e+01 2.000929e+01
7.776000e+00 8.339751e-02 2.518739e+01 1.970782e+01
7.778000e+00 8.215104e-02 2.491584e+01 1.944126e+01
7.780000e+00 8.103426e-02 2.467343e+01 1.920341e+01
7.782000e+00 8.002644e-02 2.445536e+01 1.898951e+01
7.784000e+00 7.911133e-02 2.425790e+01 1.879589e+01
7.786000e+00 7.827599e-02 2.407810e+01 1.861962e+01
7.788000e+00 7.750998e-02 2.391357e+01 1.845839e+01
7.790000e+00 7.680480e-02 2.376241e+01 1.831028e+01
7.792000e+00 7.615342e-02 2.362302e+01 1.817375e+01
7.794000e+00 7.555003e-02 2.349411e+01 1.804750e+01
7.796000e+00 7.498971e-02 2.337457e+01 1.793045e+01
7.798000e+00 7.446830e-02 2.326347e+01 1.782169e+01
7.800000e+00 7.398222e-02 2.316003e+01 1.772044e+01
7.802000e+00 7.352841e-02 2.306356e+01 1.762602e+01
7.804000e+00 7.310417e-02 2.297346e+01 1.753787e+01
7.806000e+00 7.270715e-02 2.288923e+01 1.745546e+01
7.808000e+00 7.233531e-02 2.281040e+01 1.737835e+01
7.810000e+00 7.198682e-02 2.273660e+01 1.730616e+01
7.812000e+00 7.166012e-02 2.266746e+01 1.723854e+01
7.814000e+00 7.135385e-02 2.260272e+01 1.717523e+01
7.816000e+00 7.106693e-02 2.254213e+01 1.711598e+01
7.818000e+00 7.079864e-02 2.248556e+01 1.706067e+01
7.820000e+00 7.054886e-02 2.243300e+01 1.700928e+01
7.822000e+00 7.031769e-02 2.238442e+01 1.696178e+01
7.824000e+00 7.007652e-02 2.233327e+01 1.691179e+01
7.826000e+00 6.985350e-02 2.228602e+01 1.686560e+01
7.828000e+00 6.964520e-02 2.224196e+01 1.682254e+01
7.830000e+00 6.944996e-02 2.220072e+01 1.678222e+01
7.832000e+00 6.926662e-02 2.216202e+01 1.674440e+01
7.834000e+00 6.909429e-02 2.212566e+01 1.670886e+01
7.836000e+00 6.893224e-02 2.209149e+01 1.667547e+01
7.838000e+00 6.877984e-02 2.205936e+01 1.664406e+01
7.840000e+00 6.863651e-02 2.202916e+01 1.661454e+01
7.842000e+00 6.850176e-02 2.200077e+01 1.658679e+01
7.844000e+00 6.837514e-02 2.197409e+01 1.656072e+01
7.846000e+00 6.825623e-02 2.194904e+01 1.653623e+01
7.848000e+00 6.814464e-02 2.192553e+01 1.651325e+01
7.850000e+00 6.804002e-02 2.190349e+01 1.649170e+01
7.852000e+00 6.794206e-02 2.188284e+01 1.647152e+01
7.854000e+00 6.785045e-02 2.186354e+01 1.645264e+01
7.856000e+00 6.776492e-02 2.184550e+01 1.643501e+01
7.858000e+00 6.768520e-02 2.182869e+01 1.641856e+01
7.860000e+00 6.761106e-02 2.181304e+01 1.640326e+01
7.862000e+00 6.754228e-02 2.179852e+01 1.638905e+01
7.864000e+00 6.747865e-02 2.178507e+01 1.637589e+01
7.866000e+00 6.741997e-02 2.177266e+01 1.636375e+01
7.868000e+00 6.736608e-02 2.176125e+01 1.635258e+01
7.870000e+00 6.731679e-02 2.175080e+01 1.634234e+01
7.872000e+00 6.727196e-02 2.174127e+01 1.633301e+01
7.874000e+00 6.723144e-02 2.173265e+01 1.632456e+01
7.876000e+00 6.719509e-02 2.172490e+01 1.631696e+01
7.878000e+00 6.716279e-02 2.171798e+01 1.631018e+01
7.880000e+00 6.713443e-02 2.171189e+01 1.630419e+01
7.882000e+00 6.710988e-02 2.170658e+01 1.629898e+01
7.884000e+00 6.708906e-02 2.170206e+01 1.629452e+01
7.886000e+00 6.707187e-02 2.169828e+01 1.629080e+01
7.888000e+00 6.705821e-02 2.169523e+01 1.628779e+01
7.890000e+00 6.704802e-02 2.169291e+01 1.628548e+01
7.892000e+00 6.704121e-02 2.169128e+01 1.628386e+01
7.894000e+00 6.703771e-02 2.169034e+01 1.628290e+01
7.896000e+00 6.703746e-02 2.169007e+01 1.628259e+01
7.898000e+00 6.704040e-02 2.169045e+01 1.628293e+01
7.900000e+00 6.704648e-02 2.169149e+01 1.628390e+01
7.902000e+00 6.705565e-02 2.169316e+01 1.628550e+01
7.904000e+00 6.706786e-02 2.169546e+01 1.628770e+01
7.906000e+00 6.708307e-02 2.169838e+01 1.629050e+01
7.908000e+00 6.710125e-02 2.170190e+01 1.629391e+01
7.910000e+00 6.712236e-02 2.170604e+01 1.629790e+01
7.912000e+00 6.714637e-02 2.171076e+01 1.630247e+01
7.914000e+00 6.717327e-02 2.171608e+01 1.630762e+01
7.916000e+00 6.720302e-02 2.172199e+01 1.631334e+01
7.918000e+00 6.723562e-02 2.172848e+01 1.631963e+01
7.920000e+00 6.727104e-02 2.173555e+01 1.632648e+01
7.922000e+00 6.730927e-02 2.174319e+01 1.633390e+01
7.924000e+00 6.735031e-02 2.175141e+01 1.634188e+01
7.926000e+00 6.739415e-02 2.176020e+01 1.635042e+01
7.928000e+00 6.744079e-02 2.176957e+01 1.635951e+01
7.930000e+00 6.749023e-02 2.177951e+01 1.636917e+01
7.932000e+00 6.754247e-02 2.179002e+01 1.637938e+01
7.934000e+00 6.759752e-02 2.180111e+01 1.639016e+01
7.936000e+00 6.765539e-02 2.181277e+01 1.640150e+01
7.938000e+00 6.771609e-02 2.182501e+01 1.641340e+01
7.940000e+00 6.777964e-02 2.183783e+01 1.642587e+01
7.942000e+00 6.784606e-02 2.185123e+01 1.643890e+01
7.944000e+00 6.791536e-02 2.186523e+01 1.645252e+01
7.946000e+00 6.798757e-02 2.187981e+01 1.646671e+01
7.948000e+00 6.806272e-02 2.189500e+01 1.648149e+01
7.950000e+00 6.814084e-02 2.191079e+01 1.649686e+01
7.952000e+00 6.822195e-02 2.192719e+01 1.651282e+01
7.954000e+00 6.830610e-02 2.194421e+01 1.652939e+01
7.956000e+00 6.839332e-02 2.196185e+01 1.654657e+01
7.958000e+00 6.848365e-02 2.198013e+01 1.656437e+01
7.960000e+00 6.857714e-02 2.199905e+01 1.658279e+01
7.962000e+00 6.867384e-02 2.201863e+01 1.660186e+01
7.964000e+00 6.877380e-02 2.203886e+01 1.662157e+01
7.966000e+00 6.887706e-02 2.205977e+01 1.664194e+01
7.968000e+00 6.898369e-02 2.208136e+01 1.666297e+01
7.970000e+00 6.909375e-02 2.210365e+01 1.668469e+01
7.972000e+00 6.920730e-02 2.212664e+01 1.670710e+01
7.974000e+00 6.932440e-02 2.215037e+01 1.673022e+01
7.976000e+00 6.944514e-02 2.217482e+01 1.675406e+01
7.978000e+00 6.956959e-02 2.220003e+01 1.677863e+01
7.980000e+00 6.969782e-02 2.222601e+01 1.680396e+01
7.982000e+00 6.982991e-02 2.225278e+01 1.683006e+01
7.984000e+00 6.996596e-02 2.228034e+01 1.685694e+01
7.986000e+00 7.010606e-02 2.230873e+01 1.688462e+01
7.988000e+00 7.025030e-02 2.233796e+01 1.691313e+01
7.990000e+00 7.039879e-02 2.236805e+01 1.694248e+01
7.992000e+00 7.055162e-02 2.239902e+01 1.697269e+01
7.994000e+00 7.070891e-02 2.243090e+01 1.700379e+01
7.996000e+00 7.087078e-02 2.246371e+01 1.703580e+01
7.998000e+00 7.103735e-02 2.249746e+01 1.706874e+01
8.000000e+00 7.120874e-02 2.253220e+01 1.710263e+01
8.002000e+00 7.138509e-02 2.256794e+01 1.713752e+01
8.004000e+00 7.156654e-02 2.260471e+01 1.717341e+01
8.006000e+00 7.175324e-02 2.264255e+01 1.721035e+01
8.008000e+00 7.194533e-02 2.268148e+01 1.724836e+01
8.010000e+00 7.214298e-02 2.272154e+01 1.728747e+01
8.012000e+00 7.234636e-02 2.276276e+01 1.732772e+01
8.014000e+00 7.255564e-02 2.280518e+01 1.736915e+01
8.016000e+00 7.277101e-02 2.284882e+01 1.741178e+01
8.018000e+00 7.299265e-02 2.289374e+01 1.745566e+01
8.020000e+00 7.322079e-02 2.293998e+01 1.750083e+01
8.022000e+00 7.345562e-02 2.298757e+01 1.754733e+01
8.024000e+00 7.369736e-02 2.303656e+01 1.759520e+01
8.026000e+00 7.394627e-02 2.308700e+01 1.764449e+01
8.028000e+00 7.420258e-02 2.313893e+01 1.769526e+01
8.030000e+00 7.446655e-02 2.319242e+01 1.774755e+01
8.032000e+00 7.473846e-02 2.324752e+01 1.780141e+01
8.034000e+00 7.501860e-02 2.330428e+01 1.785691e+01
8.036000e+00 7.530728e-02 2.336278e+01 1.791412e+01
8.038000e+00 7.560485e-02 2.342307e+01 1.797308e+01
8.040000e+00 7.591168e-02 2.348524e+01 1.803390e+01
8.042000e+00 7.622848e-02 2.354944e+01 1.809670e+01
8.044000e+00 7.655307e-02 2.361516e+01 1.816100e+01
8.046000e+00 7.688808e-02 2.368298e+01 1.822737e+01
8.048000e+00 7.723386e-02 2.375299e+01 1.829589e+01
8.050000e+00 7.759076e-02 2.382525e+01 1.836662e+01
8.052000e+00 7.795918e-02 2.389984e+01 1.843964e+01
8.054000e+00 7.833957e-02 2.397684e+01 1.851504e+01
8.056000e+00 7.873241e-02 2.405636e+01 1.859291e+01
8.058000e+00 7.913820e-02 2.413849e+01 1.867335e+01
8.060000e+00 7.955749e-02 2.422335e+01 1.875647e+01
8.062000e+00 7.999085e-02 2.431104e+01 1.884238e+01
8.064000e+00 8.043889e-02 2.440169e+01 1.893121e+01
8.066000e+00 8.090225e-02 2.449543e+01 1.902308e+01
8.068000e+00 8.138161e-02 2.459239e+01 1.911812e+01
8.070000e+00 8.187769e-02 2.469272e+01 1.921648e+01
8.072000e+00 8.239126e-02 2.479656e+01 1.931831e+01
8.074000e+00 8.292313e-02 2.490409e+01 1.942376e+01
8.076000e+00 8.347417e-02 2.501548e+01 1.953302e+01
8.078000e+00 8.404528e-02 2.513090e+01 1.964625e+01
8.080000e+00 8.463744e-02 2.525055e+01 1.976366e+01
8.082000e+00 8.525169e-02 2.537463e+01 1.988544e+01
8.084000e+00 8.588913e-02 2.550337e+01 2.001181e+01
8.086000e+00 8.655093e-02 2.563700e+01 2.014301e+01
8.088000e+00 8.723835e-02 2.577576e+01 2.027928e+01
8.090000e+00 8.795272e-02 2.591992e+01 2.042088e+01
8.092000e+00 8.869547e-02 2.606977e+01 2.056809e+01
8.094000e+00 8.946813e-02 2.622560e+01 2.072122e+01
8.096000e+00 9.027232e-02 2.638774e+01 2.088058e+01
8.098000e+00 9.110981e-02 2.655654e+01 2.104652e+01
8.100000e+00 9.198248e-02 2.673236e+01 2.121940e+01
8.102000e+00 9.289232e-02 2.691560e+01 2.139962e+01
8.104000e+00 9.384153e-02 2.710669e+01 2.158760e+01
8.106000e+00 9.483242e-02 2.730608e+01 2.178380e+01
8.108000e+00 9.586750e-02 2.751427e+01 2.198871e+01
8.110000e+00 9.694950e-02 2.773180e+01 2.220285e+01
8.112000e+00 9.808133e-02 2.795922e+01 2.242680e+01
8.114000e+00 9.926616e-02 2.819717e+01 2.266117e+01
8.116000e+00 1.005074e-01 2.844630e+01 2.290663e+01
8.118000e+00 1.018088e-01 2.870735e+01 2.316389e+01
8.120000e+00 1.031744e-01 2.898109e+01 2.343374e+01
8.122000e+00 1.046086e-01 2.926839e+01 2.371703e+01
8.124000e+00 1.061161e-01 2.957017e+01 2.401468e+01
8.126000e+00 1.077022e-01 2.988744e+01 2.432769e+01
8.128000e+00 1.093726e-01 3.022130e+01 2.465718e+01
8.130000e+00 1.111335e-01 3.057296e+01 2.500433e+01
8.132000e+00 1.129918e-01 3.094374e+01 2.537048e+01
8.134000e+00 1.149552e-01 3.133512e+01 2.575707e+01
8.136000e+00 1.170320e-01 3.174868e+01 2.616572e+01
8.138000e+00 1.192314e-01 3.218621e+01 2.659818e+01
8.140000e+00 1.215638e-01 3.264969e+01 2.705645e+01
8.142000e+00 1.240408e-01 3.314134e+01 2.754271e+01
8.144000e+00 1.266753e-01 3.366362e+01 2.805946e+01
8.146000e+00 1.294822e-01 3.421936e+01 2.860949e+01
8.148000e+00 1.324781e-01 3.481174e+01 2.919598e+01
8.150000e+00 1.356823e-01 3.544444e+01 2.982262e+01
8.152000e+00 1.391171e-01 3.612171e+01 3.049362e+01
8.154000e+00 1.428088e-01 3.684852e+01 3.121397e+01
8.156000e+00 1.467881e-01 3.763077e+01 3.198954e+01
8.158000e+00 1.510922e-01 3.847547e+01 3.282734e+01
8.160000e+00 1.557657e-01 3.939115e+01 3.373587e+01
8.162000e+00 1.608633e-01 4.038820e+01 3.472549e+01
8.164000e+00 1.664529e-01 4.147948e+01 3.580907e+01
8.166000e+00 1.726193e-01 4.268112e+01 3.700268e+01
8.168000e+00 1.794705e-01 4.401361e+01 3.832676e+01
8.170000e+00 1.871460e-01 4.550345e+01 3.980780e+01
8.172000e+00 1.958305e-01 4.718582e+01 4.148089e+01
8.174000e+00 2.057771e-01 4.910900e+01 4.339424e+01
8.176000e+00 2.173495e-01 5.134281e+01 4.561757e+01
8.178000e+00 2.311153e-01 5.399663e+01 4.826006e+01
8.180000e+00 2.480969e-01 5.726594e+01 5.151686e+01
8.182000e+00 2.713587e-01 6.169609e+01 5.593217e+01
8.184000e+00 2.874562e-01 6.460601e+01 5.883343e+01
8.186000e+00 2.560303e-01 5.878905e+01 5.303449e+01
8.188000e+00 2.372628e-01 5.518162e+01 4.944014e+01
8.190000e+00 2.224028e-01 5.231831e+01 4.658847e+01
8.192000e+00 2.100552e-01 4.993643e+01 4.421730e+01
8.194000e+00 1.995225e-01 4.790155e+01 4.219241e+01
8.196000e+00 1.903770e-01 4.613148e+01 4.043173e+01
8.198000e+00 1.823293e-01 4.457084e+01 3.887999e+01
8.200000e+00 1.751717e-01 4.318004e+01 3.749767e+01
8.202000e+00 1.687489e-01 4.192959e+01 3.625530e+01
8.204000e+00 1.629418e-01 4.079688e+01 3.513035e+01
8.206000e+00 1.576574e-01 3.976424e+01 3.410516e+01
8.208000e+00 1.528218e-01 3.881766e+01 3.316575e+01
8.210000e+00 1.483757e-01 3.794584e+01 3.230085e+01
8.212000e+00 1.442707e-01 3.713959e+01 3.150130e+01
8.214000e+00 1.404670e-01 3.639136e+01 3.075954e+01
8.216000e+00 1.369314e-01 3.569485e+01 3.006928e+01
8.218000e+00 1.336362e-01 3.504474e+01 2.942524e+01
8.220000e+00 1.305576e-01 3.443652e+01 2.882291e+01
8.222000e+00 1.276752e-01 3.386631e+01 2.825840e+01
8.224000e+00 1.249714e-01 3.333074e+01 2.772837e+01
8.226000e+00 1.224306e-01 3.282686e+01 2.722986e+01
8.228000e+00 1.200392e-01 3.235207e+01 2.676028e+01
8.230000e+00 1.177852e-01 3.190405e+01 2.631732e+01
8.232000e+00 1.156577e-01 3.148075e+01 2.589892e+01
8.234000e+00 1.136471e-01 3.108031e+01 2.550324e+01
8.236000e+00 1.117446e-01 3.070105e+01 2.512861e+01
8.238000e+00 1.099425e-01 3.034147e+01 2.477352e+01
8.240000e+00 1.082334e-01 3.000019e+01 2.443659e+01
8.242000e+00 1.066110e-01 2.967595e+01 2.411659e+01
8.244000e+00 1.050694e-01 2.936762e+01 2.381237e+01
8.246000e+00 1.036031e-01 2.907415e+01 2.352289e+01
8.248000e+00 1.022071e-01 2.879459e+01 2.324720e+01
8.250000e+00 1.008770e-01 2.852805e+01 2.298442e+01
8.252000e+00 9.960864e-02 2.827371e+01 2.273375e+01
8.254000e+00 9.839808e-02 2.803085e+01 2.249443e+01
8.256000e+00 9.724183e-02 2.779876e+01 2.226580e+01
8.258000e+00 9.613663e-02 2.757682e+01 2.204720e+01
8.260000e+00 9.507948e-02 2.736442e+01 2.183807e+01
8.262000e+00 9.406757e-02 2.716103e+01 2.163784e+01
8.264000e+00 9.309835e-02 2.696614e+01 2.144603e+01
8.266000e+00 9.216940e-02 2.677929e+01 2.126216e+01
8.268000e+00 9.127850e-02 2.660002e+01 2.108581e+01
8.270000e+00 9.042360e-02 2.642795e+01 2.091656e+01
8.272000e+00 8.960276e-02 2.626268e+01 2.075404e+01
8.274000e+00 8.881421e-02 2.610387e+01 2.059790e+01
8.276000e+00 8.805627e-02 2.595119e+01 2.044782e+01
8.278000e+00 8.732739e-02 2.580433e+01 2.030348e+01
8.280000e+00 8.662611e-02 2.566300e+01 2.016461e+01
8.282000e+00 8.595109e-02 2.552694e+01 2.003094e+01
8.284000e+00 8.530105e-02 2.539589e+01 1.990222e+01
8.286000e+00 8.467482e-02 2.526963e+01 1.977822e+01
8.288000e+00 8.407129e-02 2.514793e+01 1.965872e+01
8.290000e+00 8.348943e-02 2.503058e+01 1.954352e+01
8.292000e+00 8.292828e-02 2.491741e+01 1.943243e+01
8.294000e+00 8.238694e-02 2.480824e+01 1.932528e+01
8.296000e+00 8.186459e-02 2.470289e+01 1.922190e+01
8.298000e+00 8.136045e-02 2.460122e+01 1.912214e+01
8.300000e+00 8.087383e-02 2.450309e+01 1.902588e+01
8.302000e+00 8.040407e-02 2.440837e+01 1.893298e+01
8.304000e+00 7.995059e-02 2.431697e+01 1.884333e+01
8.306000e+00 7.951290e-02 2.422876e+01 1.875684e+01
8.308000e+00 7.909055e-02 2.414370e+01 1.867343e+01
8.310000e+00 7.868323e-02 2.406170e+01 1.859305e+01
8.312000e+00 7.829071e-02 2.398277e+01 1.851567e+01
8.314000e+00 7.791298e-02 2.390690e+01 1.844131e+01
8.316000e+00 7.755032e-02 2.383421e+01 1.837007e+01
8.318000e+00 7.720379e-02 2.376499e+01 1.830224e+01
8.320000e+00 7.687948e-02 2.370059e+01 1.823914e+01
8.322000e+00 7.653422e-02 2.363100e+01 1.817096e+01
8.324000e+00 7.615406e-02 2.355310e+01 1.809465e+01
8.326000e+00 7.579706e-02 2.348022e+01 1.802327e+01
8.328000e+00 7.545433e-02 2.341043e+01 1.795493e+01
8.330000e+00 7.512389e-02 2.334326e+01 1.788915e+01
8.332000e+00 7.480455e-02 2.327842e+01 1.782567e+01
8.334000e+00 7.449546e-02 2.321572e+01 1.776428e+01
8.336000e+00 7.419596e-02 2.315501e+01 1.770485e+01
8.338000e+00 7.390549e-02 2.309615e+01 1.764724e+01
8.340000e+00 7.362356e-02 2.303905e+01 1.759135e+01
8.342000e+00 7.334974e-02 2.298361e+01 1.753710e+01
8.344000e+00 7.308366e-02 2.292976e+01 1.748440e+01
8.346000e+00 7.282498e-02 2.287742e+01 1.743318e+01
8.348000e+00 7.257337e-02 2.282652e+01 1.738338e+01
8.350000e+00 7.232856e-02 2.277700e+01 1.733494e+01
8.352000e+00 7.209027e-02 2.272882e+01 1.728780e+01
8.354000e+00 7.185826e-02 2.268191e+01 1.724191e+01
8.356000e+00 7.163229e-02 2.263623e+01 1.719724e+01
8.358000e+00 7.141216e-02 2.259174e+01 1.715372e+01
8.360000e+00 7.119766e-02 2.254840e+01 1.711133e+01
8.362000e+00 7.098861e-02 2.250617e+01 1.707003e+01
8.364000e+00 7.078485e-02 2.246501e+01 1.702979e+01
8.366000e+00 7.058624e-02 2.242491e+01 1.699057e+01
8.368000e+00 7.039274e-02 2.238585e+01 1.695238e+01
8.370000e+00 7.020319e-02 2.234757e+01 1.691496e+01
8.372000e+00 7.001727e-02 2.231000e+01 1.687822e+01
8.374000e+00 6.983602e-02 2.227338e+01 1.684243e+01
8.376000e+00 6.965915e-02 2.223766e+01 1.680751e+01
8.378000e+00 6.948648e-02 2.220279e+01 1.677343e+01
8.380000e+00 6.931786e-02 2.216875e+01 1.674015e+01
8.382000e+00 6.915315e-02 2.213550e+01 1.670766e+01
8.384000e+00 6.899221e-02 2.210302e+01 1.667591e+01
8.386000e+00 6.883494e-02 2.207128e+01 1.664489e+01
8.388000e+00 6.868121e-02 2.204026e+01 1.661458e+01
8.390000e+00 6.853091e-02 2.200994e+01 1.658495e+01
8.392000e+00 6.838394e-02 2.198030e+01 1.655598e+01
8.394000e+00 6.824021e-02 2.195131e+01 1.652765e+01
8.396000e+00 6.809961e-02 2.192296e+01 1.649995e+01
8.398000e+00 6.796205e-02 2.189522e+01 1.647285e+01
8.400000e+00 6.782745e-02 2.186808e+01 1.644633e+01
8.402000e+00 6.769572e-02 2.184153e+01 1.642039e+01
8.404000e+00 6.756678e-02 2.181554e+01 1.639500e+01
8.406000e+00 6.744056e-02 2.179010e+01 1.637014e+01
8.408000e+00 6.731697e-02 2.176520e+01 1.634581e+01
8.410000e+00 6.719595e-02 2.174082e+01 1.632199e+01
8.412000e+00 6.707742e-02 2.171694e+01 1.629866e+01
8.414000e+00 6.696132e-02 2.169355e+01 1.627582e+01
8.416000e+00 6.684758e-02 2.167065e+01 1.625344e+01
8.418000e+00 6.673614e-02 2.164821e+01 1.623152e+01
8.420000e+00 6.662694e-02 2.162622e+01 1.621004e+01
8.422000e+00 6.651992e-02 2.160468e+01 1.618900e+01
8.424000e+00 6.641502e-02 2.158356e+01 1.616837e+01
8.426000e+00 6.631220e-02 2.156287e+01 1.614816e+01
8.428000e+00 6.621139e-02 2.154259e+01 1.612834e+01
8.430000e+00 6.611255e-02 2.152270e+01 1.610892e+01
8.432000e+00 6.601562e-02 2.150320e+01 1.608987e+01
8.434000e+00 6.592056e-02 2.148408e+01 1.607120e+01
8.436000e+00 6.582733e-02 2.146533e+01 1.605288e+01
8.438000e+00 6.573587e-02 2.144694e+01 1.603492e+01
8.440000e+00 6.564615e-02 2.142890e+01 1.601730e+01
8.442000e+00 6.555812e-02 2.141121e+01 1.600001e+01
8.444000e+00 6.547175e-02 2.139384e+01 1.598306e+01
8.446000e+00 6.538699e-02 2.137681e+01 1.596642e+01
8.448000e+00 6.530380e-02 2.136010e+01 1.595009e+01
8.450000e+00 6.522215e-02 2.134369e+01 1.593407e+01
8.452000e+00 6.514201e-02 2.132760e+01 1.591834e+01
8.454000e+00 6.506334e-02 2.131180e+01 1.590291e+01
8.456000e+00 6.498610e-02 2.129629e+01 1.588776e+01
8.458000e+00 6.491027e-02 2.128106e+01 1.587289e+01
8.460000e+00 6.483581e-02 2.126612e+01 1.585829e+01
8.462000e+00 6.476269e-02 2.125144e+01 1.584396e+01
8.464000e+00 6.469089e-02 2.123704e+01 1.582988e+01
8.466000e+00 6.462037e-02 2.122289e+01 1.581606e+01
8.468000e+00 6.455111e-02 2.120900e+01 1.580249e+01
8.470000e+00 6.448309e-02 2.119536e+01 1.578916e+01
8.472000e+00 6.441628e-02 2.118196e+01 1.577608e+01
8.474000e+00 6.435065e-02 2.116880e+01 1.576323e+01
8.476000e+00 6.428619e-02 2.115589e+01 1.575060e+01
8.478000e+00 6.422287e-02 2.114320e+01 1.573821e+01
8.480000e+00 6.416070e-02 2.113075e+01 1.572604e+01
8.482000e+00 6.409961e-02 2.111851e+01 1.571409e+01
8.484000e+00 6.403962e-02 2.110651e+01 1.570236e+01
8.486000e+00 6.398071e-02 2.109472e+01 1.569084e+01
8.488000e+00 6.392288e-02 2.108315e+01 1.567954e+01
8.490000e+00 6.386612e-02 2.107180e+01 1.566845e+01
8.492000e+00 6.381045e-02 2.106068e+01 1.565758e+01
8.494000e+00 6.375589e-02 2.104980e+01 1.564694e+01
8.496000e+00 6.370257e-02 2.103917e+01 1.563656e+01
8.498000e+00 6.365133e-02 2.102898e+01 1.562660e+01
8.500000e+00 6.359571e-02 2.101778e+01 1.561565e+01
8.502000e+00 6.354240e-02 2.100707e+01 1.560519e+01
8.504000e+00 6.349023e-02 2.099660e+01 1.559495e+01
8.506000e+00 6.343905e-02 2.098634e+01 1.558492e+01
8.508000e+00 6.338881e-02 2.097627e+01 1.557509e+01
8.510000e+00 6.333946e-02 2.096639e+01 1.556543e+01
8.512000e+00 6.329097e-02 2.095669e+01 1.555594e+01
8.514000e+00 6.324331e-02 2.094715e+01 1.554662e+01
8.516000e+00 6.319645e-02 2.093778e+01 1.553746e+01
8.518000e+00 6.315037e-02 2.092856e+01 1.552845e+01
8.520000e+00 6.310505e-02 2.091951e+01 1.551959e+01
8.522000e+00 6.306047e-02 2.091060e+01 1.551089e+01
8.524000e+00 6.301662e-02 2.090184e+01 1.550232e+01
8.526000e+00 6.297348e-02 2.089322e+01 1.549389e+01
8.528000e+00 6.293102e-02 2.088475e+01 1.548561e+01
8.530000e+00 6.288925e-02 2.087641e+01 1.547745e+01
8.532000e+00 6.284815e-02 2.086820e+01 1.546943e+01
8.534000e+00 6.280769e-02 2.086013e+01 1.546154e+01
8.536000e+00 6.276787e-02 2.085219e+01 1.545377e+01
8.538000e+00 6.272868e-02 2.084437e+01 1.544612e+01
8.540000e+00 6.269010e-02 2.083668e+01 1.543860e+01
8.542000e+00 6.265213e-02 2.082911e+01 1.543119e+01
8.544000e+00 6.261474e-02 2.082166e+01 1.542391e+01
8.546000e+00 6.257794e-02 2.081433e+01 1.541673e+01
8.548000e+00 6.254171e-02 2.080712e+01 1.540967e+01
8.550000e+00 6.250604e-02 2.080001e+01 1.540272e+01
8.552000e+00 6.247091e-02 2.079302e+01 1.539588e+01
8.554000e+00 6.243633e-02 2.078614e+01 1.538914e+01
8.556000e+00 6.240228e-02 2.077936e+01 1.538251e+01
8.558000e+00 6.236875e-02 2.077269e+01 1.537598e+01
8.560000e+00 6.233574e-02 2.076613e+01 1.536956e+01
8.562000e+00 6.230322e-02 2.075966e+01 1.536323e+01
8.564000e+00 6.227121e-02 2.075330e+01 1.535700e+01
8.566000e+00 6.223968e-02 2.074704e+01 1.535087e+01
8.568000e+00 6.220863e-02 2.074087e+01 1.534483e+01
8.570000e+00 6.217806e-02 2.073480e+01 1.533888e+01
8.572000e+00 6.214795e-02 2.072882e+01 1.533303e+01
8.574000e+00 6.211829e-02 2.072293e+01 1.532726e+01
8.576000e+00 6.208909e-02 2.071714e+01 1.532158e+01
8.578000e+00 6.206033e-02 2.071143e+01 1.531599e+01
8.580000e+00 6.203200e-02 2.070582e+01 1.531049e+01
8.582000e+00 6.200411e-02 2.070028e+01 1.530507e+01
8.584000e+00 6.197664e-02 2.069484e+01 1.529974e+01
8.586000e+00 6.194958e-02 2.068948e+01 1.529449e+01
8.588000e+00 6.192294e-02 2.068420e+01 1.528931e+01
8.590000e+00 6.189670e-02 2.067901e+01 1.528422e+01
8.592000e+00 6.187086e-02 2.067389e+01 1.527921e+01
8.594000e+00 6.184542e-02 2.066886e+01 1.527427e+01
8.596000e+00 6.182036e-02 2.066390e+01 1.526941e+01
8.598000e+00 6.179569e-02 2.065903e+01 1.526463e+01
8.600000e+00 6.177140e-02 2.065422e+01 1.525992e+01
8.602000e+00 6.174748e-02 2.064950e+01 1.525528e+01
8.604000e+00 6.172392e-02 2.064485e+01 1.525072e+01
8.606000e+00 6.170074e-02 2.064027e+01 1.524623e+01
8.608000e+00 6.167791e-02 2.063576e+01 1.524181e+01
8.610000e+00 6.165544e-02 2.063133e+01 1.523746e+01
8.612000e+00 6.163332e-02 2.062697e+01 1.523318e+01
8.614000e+00 6.161154e-02 2.062268e+01 1.522896e+01
8.616000e+00 6.159012e-02 2.061846e+01 1.522482e+01
8.618000e+00 6.156903e-02 2.061430e+01 1.522074e+01
8.620000e+00 6.154828e-02 2.061022e+01 1.521673e+01
8.622000e+00 6.152786e-02 2.060620e+01 1.521279e+01
8.624000e+00 6.150777e-02 2.060225e+01 1.520891e+01
8.626000e+00 6.148801e-02 2.059837e+01 1.520509e+01
8.628000e+00 6.146858e-02 2.059455e+01 1.520134e+01
8.630000e+00 6.144947e-02 2.059080e+01 1.519765e+01
8.632000e+00 6.143068e-02 2.058712e+01 1.519403e+01
8.634000e+00 6.141221e-02 2.058349e+01 1.519047e+01
8.636000e+00 6.139406e-02 2.057994e+01 1.518697e+01
8.638000e+00 6.137622e-02 2.057645e+01 1.518354e+01
8.640000e+00 6.135870e-02 2.057302e+01 1.518017e+01
8.642000e+00 6.134149e-02 2.056965e+01 1.517686e+01
8.644000e+00 6.132459e-02 2.056635e+01 1.517361e+01
8.646000e+00 6.130801e-02 2.056312e+01 1.517042e+01
8.648000e+00 6.129174e-02 2.055994e+01 1.516730e+01
8.650000e+00 6.127578e-02 2.055684e+01 1.516424e+01
8.652000e+00 6.126013e-02 2.055379e+01 1.516124e+01
8.654000e+00 6.124481e-02 2.055081e+01 1.515830e+01
8.656000e+00 6.122979e-02 2.054790e+01 1.515543e+01
8.658000e+00 6.121510e-02 2.054505e+01 1.515262e+01
8.660000e+00 6.120073e-02 2.054227e+01 1.514988e+01
8.662000e+00 6.118669e-02 2.053955e+01 1.514720e+01
8.664000e+00 6.117297e-02 2.053691e+01 1.514459e+01
8.666000e+00 6.115960e-02 2.053433e+01 1.514204e+01
8.668000e+00 6.114656e-02 2.053183e+01 1.513957e+01
8.670000e+00 6.113387e-02 2.052939e+01 1.513716e+01
8.672000e+00 6.112154e-02 2.052703e+01 1.513483e+01
8.674000e+00 6.110958e-02 2.052475e+01 1.513258e+01
8.676000e+00 6.109799e-02 2.052255e+01 1.513040e+01
8.678000e+00 6.108680e-02 2.052043e+01 1.512830e+01
8.680000e+00 6.107601e-02 2.051840e+01 1.512628e+01
8.682000e+00 6.106565e-02 2.051646e+01 1.512436e+01
8.684000e+00 6.105574e-02 2.051461e+01 1.512252e+01
8.686000e+00 6.104630e-02 2.051287e+01 1.512079e+01
8.688000e+00 6.103737e-02 2.051123e+01 1.511916e+01
8.690000e+00 6.102898e-02 2.050972e+01 1.511765e+01
8.692000e+00 6.102117e-02 2.050833e+01 1.511626e+01
8.694000e+00 6.101401e-02 2.050708e+01 1.511501e+01
8.696000e+00 6.100757e-02 2.050600e+01 1.511391e+01
8.698000e+00 6.100192e-02 2.050509e+01 1.511299e+01
8.700000e+00 6.099718e-02 2.050438e+01 1.511226e+01
8.702000e+00 6.099347e-02 2.050391e+01 1.511177e+01
8.704000e+00 6.099100e-02 2.050372e+01 1.511154e+01
8.706000e+00 6.098998e-02 2.050386e+01 1.511165e+01
8.708000e+00 6.099074e-02 2.050443e+01 1.511215e+01
8.710000e+00 6.099374e-02 2.050552e+01 1.511317e+01
8.712000e+00 6.099964e-02 2.050730e+01 1.511487e+01
8.714000e+00 6.100947e-02 2.051003e+01 1.511749e+01
8.716000e+00 6.102496e-02 2.051415e+01 1.512146e+01
8.718000e+00 6.104930e-02 2.052047e+01 1.512755e+01
8.720000e+00 6.109206e-02 2.053113e+01 1.513788e+01
8.722000e+00 6.106833e-02 2.052599e+01 1.513285e+01
8.724000e+00 6.101141e-02 2.051280e+01 1.511999e+01
8.726000e+00 6.096919e-02 2.050318e+01 1.511059e+01
8.728000e+00 6.093499e-02 2.049553e+01 1.510312e+01
8.730000e+00 6.090601e-02 2.048916e+01 1.509688e+01
8.732000e+00 6.088069e-02 2.048368e+01 1.509152e+01
8.734000e+00 6.085810e-02 2.047884e+01 1.508678e+01
8.736000e+00 6.083762e-02 2.047451e+01 1.508252e+01
8.738000e+00 6.081882e-02 2.047056e+01 1.507865e+01
8.740000e+00 6.080139e-02 2.046693e+01 1.507508e+01
8.742000e+00 6.078511e-02 2.046357e+01 1.507177e+01
8.744000e+00 6.076981e-02 2.046043e+01 1.506868e+01
8.746000e+00 6.075535e-02 2.045748e+01 1.506577e+01
8.748000e+00 6.074163e-02 2.045469e+01 1.506302e+01
8.750000e+00 6.072855e-02 2.045204e+01 1.506042e+01
8.752000e+00 6.071606e-02 2.044953e+01 1.505793e+01
8.754000e+00 6.070409e-02 2.044713e+01 1.505556e+01
8.756000e+00 6.069259e-02 2.044484e+01 1.505329e+01
8.758000e+00 6.068154e-02 2.044264e+01 1.505112e+01
8.760000e+00 6.067088e-02 2.044053e+01 1.504902e+01
8.762000e+00 6.066060e-02 2.043849e+01 1.504701e+01
8.764000e+00 6.065067e-02 2.043654e+01 1.504507e+01
8.766000e+00 6.064107e-02 2.043465e+01 1.504320e+01
8.768000e+00 6.063177e-02 2.043283e+01 1.504139e+01
8.770000e+00 6.062277e-02 2.043107e+01 1.503964e+01
8.772000e+00 6.061404e-02 2.042937e+01 1.503795e+01
8.774000e+00 6.060558e-02 2.042773e+01 1.503632e+01
8.776000e+00 6.059737e-02 2.042614e+01 1.503473e+01
8.778000e+00 6.058940e-02 2.042460e+01 1.503320e+01
8.780000e+00 6.058166e-02 2.042311e+01 1.503171e+01
8.782000e+00 6.057414e-02 2.042166e+01 1.503027e+01
8.784000e+00 6.056683e-02 2.042026e+01 1.502887e+01
8.786000e+00 6.055974e-02 2.041891e+01 1.502751e+01
8.788000e+00 6.055284e-02 2.041759e+01 1.502619e+01
8.790000e+00 6.054613e-02 2.041632e+01 1.502491e+01
8.792000e+00 6.053961e-02 2.041508e+01 1.502367e+01
8.794000e+00 6.053328e-02 2.041388e+01 1.502247e+01
8.796000e+00 6.052712e-02 2.041272e+01 1.502130e+01
8.798000e+00 6.052113e-02 2.041159e+01 1.502016e+01
8.800000e+00 6.051531e-02 2.041050e+01 1.501906e+01
8.802000e+00 6.050965e-02 2.040944e+01 1.501800e+01
8.804000e+00 6.050415e-02 2.040841e+01 1.501696e+01
8.806000e+00 6.049881e-02 2.040742e+01 1.501596e+01
8.808000e+00 6.049363e-02 2.040646e+01 1.501498e+01
8.810000e+00 6.048859e-02 2.040553e+01 1.501404e+01
8.812000e+00 6.048370e-02 2.040463e+01 1.501312e+01
8.814000e+00 6.047895e-02 2.040375e+01 1.501224e+01
8.816000e+00 6.047434e-02 2.040291e+01 1.501138e+01
8.818000e+00 6.046988e-02 2.040210e+01 1.501055e+01
8.820000e+00 6.046555e-02 2.040131e+01 1.500975e+01
8.822000e+00 6.046135e-02 2.040055e+01 1.500897e+01
8.824000e+00 6.045729e-02 2.039982e+01 1.500822e+01
8.826000e+00 6.045335e-02 2.039912e+01 1.500750e+01
8.828000e+00 6.044955e-02 2.039844e+01 1.500680e+01
8.830000e+00 6.044587e-02 2.039778e+01 1.500612e+01
8.832000e+00 6.044232e-02 2.039716e+01 1.500548e+01
8.834000e+00 6.043889e-02 2.039655e+01 1.500485e+01
8.836000e+00 6.043558e-02 2.039598e+01 1.500425e+01
8.838000e+00 6.043239e-02 2.039542e+01 1.500367e+01
8.840000e+00 6.042932e-02 2.039489e+01 1.500312e+01
8.842000e+00 6.042637e-02 2.039439e+01 1.500259e+01
8.844000e+00 6.042354e-02 2.039391e+01 1.500208e+01
8.846000e+00 6.042081e-02 2.039345e+01 1.500160e+01
8.848000e+00 6.041821e-02 2.039301e+01 1.500114e+01
8.850000e+00 6.041571e-02 2.039260e+01 1.500070e+01
8.852000e+00 6.041333e-02 2.039221e+01 1.500028e+01
8.854000e+00 6.041106e-02 2.039184e+01 1.499989e+01
8.856000e+00 6.040889e-02 2.039150e+01 1.499951e+01
8.858000e+00 6.040684e-02 2.039117e+01 1.499916e+01
8.860000e+00 6.040489e-02 2.039087e+01 1.499883e+01
8.862000e+00 6.040305e-02 2.039059e+01 1.499852e+01
8.864000e+00 6.040132e-02 2.039034e+01 1.499823e+01
8.866000e+00 6.039969e-02 2.039010e+01 1.499796e+01
8.868000e+00 6.039817e-02 2.038988e+01 1.499771e+01
8.870000e+00 6.039675e-02 2.038969e+01 1.499748e+01
8.872000e+00 6.039543e-02 2.038952e+01 1.499728e+01
8.874000e+00 6.039422e-02 2.038936e+01 1.499709e+01
8.876000e+00 6.039310e-02 2.038923e+01 1.499692e+01
8.878000e+00 6.039209e-02 2.038912e+01 1.499677e+01
8.880000e+00 6.039118e-02 2.038903e+01 1.499665e+01
8.882000e+00 6.039037e-02 2.038896e+01 1.499654e+01
8.884000e+00 6.038965e-02 2.038891e+01 1.499645e+01
8.886000e+00 6.038904e-02 2.038887e+01 1.499638e+01
8.888000e+00 6.038853e-02 2.038886e+01 1.499633e+01
8.890000e+00 6.038811e-02 2.038887e+01 1.499630e+01
8.892000e+00 6.038779e-02 2.038890e+01 1.499629e+01
8.894000e+00 6.038757e-02 2.038895e+01 1.499630e+01
8.896000e+00 6.038745e-02 2.038902e+01 1.499633e+01
8.898000e+00 6.038742e-02 2.038911e+01 1.499637e+01
8.900000e+00 6.038750e-02 2.038921e+01 1.499644e+01
8.902000e+00 6.038766e-02 2.038934e+01 1.499653e+01
8.904000e+00 6.038793e-02 2.038949e+01 1.499663e+01
8.906000e+00 6.038829e-02 2.038966e+01 1.499675e+01
8.908000e+00 6.038875e-02 2.038984e+01 1.499690e+01
8.910000e+00 6.038932e-02 2.039005e+01 1.499706e+01
8.912000e+00 6.038999e-02 2.039028e+01 1.499725e+01
8.914000e+00 6.039071e-02 2.039052e+01 1.499744e+01
8.916000e+00 6.039149e-02 2.039077e+01 1.499764e+01
8.918000e+00 6.039238e-02 2.039104e+01 1.499787e+01
8.920000e+00 6.039336e-02 2.039134e+01 1.499811e+01
8.922000e+00 6.039445e-02 2.039165e+01 1.499838e+01
8.924000e+00 6.039563e-02 2.039198e+01 1.499866e+01
8.926000e+00 6.039691e-02 2.039233e+01 1.499897e+01
8.928000e+00 6.039828e-02 2.039270e+01 1.499929e+01
8.930000e+00 6.039974e-02 2.039309e+01 1.499963e+01
8.932000e+00 6.040130e-02 2.039350e+01 1.499999e+01
8.934000e+00 6.040296e-02 2.039393e+01 1.500036e+01
8.936000e+00 6.040471e-02 2.039437e+01 1.500076e+01
8.938000e+00 6.040655e-02 2.039484e+01 1.500117e+01
8.940000e+00 6.040848e-02 2.039533e+01 1.500161e+01
8.942000e+00 6.041052e-02 2.039583e+01 1.500206e+01
8.944000e+00 6.041264e-02 2.039635e+01 1.500253e+01
8.946000e+00 6.041486e-02 2.039690e+01 1.500302e+01
8.948000e+00 6.041718e-02 2.039746e+01 1.500352e+01
8.950000e+00 6.041958e-02 2.039804e+01 1.500405e+01
8.952000e+00 6.042209e-02 2.039864e+01 1.500459e+01
8.954000e+00 6.042469e-02 2.039926e+01 1.500516e+01
8.956000e+00 6.042739e-02 2.039990e+01 1.500574e+01
8.958000e+00 6.043018e-02 2.040056e+01 1.500634e+01
8.960000e+00 6.043307e-02 2.040124e+01 1.500696e+01
8.962000e+00 6.043606e-02 2.040194e+01 1.500760e+01
8.964000e+00 6.043914e-02 2.040265e+01 1.500826e+01
8.966000e+00 6.044233e-02 2.040339e+01 1.500894e+01
8.968000e+00 6.044561e-02 2.040415e+01 1.500964e+01
8.970000e+00 6.044899e-02 2.040493e+01 1.501036e+01
8.972000e+00 6.045248e-02 2.040573e+01 1.501110e+01
8.974000e+00 6.045606e-02 2.040655e+01 1.501186e+01
8.976000e+00 6.045975e-02 2.040739e+01 1.501264e+01
8.978000e+00 6.046355e-02 2.040826e+01 1.501344e+01
8.980000e+00 6.046745e-02 2.040914e+01 1.501426e+01
8.982000e+00 6.047145e-02 2.041005e+01 1.501510e+01
8.984000e+00 6.047556e-02 2.041097e+01 1.501596e+01
8.986000e+00 6.047979e-02 2.041192e+01 1.501685e+01
8.988000e+00 6.048412e-02 2.041290e+01 1.501775e+01
8.990000e+00 6.048856e-02 2.041389e+01 1.501868e+01
8.992000e+00 6.049312e-02 2.041491e+01 1.501964e+01
8.994000e+00 6.049780e-02 2.041596e+01 1.502061e+01
8.996000e+00 6.050260e-02 2.041703e+01 1.502161e+01
8.998000e+00 6.050751e-02 2.041812e+01 1.502264e+01
9.000000e+00 6.051255e-02 2.041924e+01 1.502369e+01
9.002000e+00 6.051772e-02 2.042039e+01 1.502476e+01
9.004000e+00 6.052302e-02 2.042156e+01 1.502586e+01
9.006000e+00 6.052846e-02 2.042276e+01 1.502699e+01
9.008000e+00 6.053403e-02 2.042399e+01 1.502815e+01
9.010000e+00 6.053975e-02 2.042525e+01 1.502933e+01
9.012000e+00 6.054561e-02 2.042654e+01 1.503055e+01
9.014000e+00 6.055164e-02 2.042787e+01 1.503180e+01
9.016000e+00 6.055782e-02 2.042923e+01 1.503308e+01
9.018000e+00 6.056418e-02 2.043062e+01 1.503440e+01
9.020000e+00 6.057071e-02 2.043206e+01 1.503576e+01
9.022000e+00 6.057745e-02 2.043353e+01 1.503715e+01
9.024000e+00 6.058439e-02 2.043506e+01 1.503859e+01
9.026000e+00 6.059156e-02 2.043663e+01 1.504008e+01
9.028000e+00 6.059900e-02 2.043826e+01 1.504163e+01
9.030000e+00 6.060674e-02 2.043996e+01 1.504324e+01
9.032000e+00 6.061478e-02 2.044173e+01 1.504492e+01
9.034000e+00 6.062273e-02 2.044347e+01 1.504658e+01
9.036000e+00 6.063113e-02 2.044531e+01 1.504833e+01
9.038000e+00 6.063998e-02 2.044726e+01 1.505018e+01
9.040000e+00 6.064934e-02 2.044933e+01 1.505215e+01
9.042000e+00 6.065932e-02 2.045154e+01 1.505427e+01
9.044000e+00 6.067007e-02 2.045394e+01 1.505656e+01
9.046000e+00 6.068192e-02 2.045662e+01 1.505913e+01
9.048000e+00 6.069667e-02 2.045996e+01 1.506234e+01
9.050000e+00 6.070505e-02 2.046179e+01 1.506408e+01
9.052000e+00 6.070281e-02 2.046115e+01 1.506341e+01
9.054000e+00 6.070423e-02 2.046134e+01 1.506356e+01
9.056000e+00 6.070682e-02 2.046181e+01 1.506398e+01
9.058000e+00 6.071023e-02 2.046249e+01 1.506460e+01
9.060000e+00 6.071428e-02 2.046332e+01 1.506537e+01
9.062000e+00 6.071886e-02 2.046427e+01 1.506625e+01
9.064000e+00 6.072392e-02 2.046533e+01 1.506725e+01
9.066000e+00 6.072941e-02 2.046650e+01 1.506834e+01
9.068000e+00 6.073530e-02 2.046775e+01 1.506952e+01
9.070000e+00 6.074160e-02 2.046910e+01 1.507079e+01
9.072000e+00 6.074833e-02 2.047054e+01 1.507216e+01
9.074000e+00 6.075556e-02 2.047211e+01 1.507364e+01
9.076000e+00 6.076376e-02 2.047389e+01 1.507534e+01
9.078000e+00 6.076934e-02 2.047506e+01 1.507643e+01
9.080000e+00 6.077475e-02 2.047617e+01 1.507747e+01
9.082000e+00 6.078074e-02 2.047742e+01 1.507865e+01
9.084000e+00 6.078714e-02 2.047877e+01 1.507992e+01
9.086000e+00 6.079386e-02 2.048018e+01 1.508126e+01
9.088000e+00 6.080086e-02 2.048166e+01 1.508266e+01
9.090000e+00 6.080811e-02 2.048320e+01 1.508411e+01
9.092000e+00 6.081559e-02 2.048478e+01 1.508561e+01
9.094000e+00 6.082328e-02 2.048641e+01 1.508716e+01
9.096000e+00 6.083119e-02 2.048809e+01 1.508875e+01
9.098000e+00 6.083929e-02 2.048981e+01 1.509038e+01
9.100000e+00 6.084758e-02 2.049156e+01 1.509205e+01
9.102000e+00 6.085607e-02 2.049336e+01 1.509376e+01
9.104000e+00 6.086475e-02 2.049520e+01 1.509551e+01
9.106000e+00 6.087362e-02 2.049708e+01 1.509730e+01
9.108000e+00 6.088268e-02 2.049900e+01 1.509912e+01
9.110000e+00 6.089193e-02 2.050096e+01 1.510099e+01
9.112000e+00 6.090139e-02 2.050297e+01 1.510290e+01
9.114000e+00 6.091106e-02 2.050501e+01 1.510485e+01
9.116000e+00 6.092094e-02 2.050711e+01 1.510685e+01
9.118000e+00 6.093105e-02 2.050925e+01 1.510890e+01
9.120000e+00 6.094141e-02 2.051145e+01 1.511099e+01
9.122000e+00 6.095205e-02 2.051371e+01 1.511315e+01
9.124000e+00 6.096288e-02 2.051601e+01 1.511534e+01
9.126000e+00 6.097404e-02 2.051838e+01 1.511761e+01
9.128000e+00 6.098559e-02 2.052084e+01 1.511997e+01
9.130000e+00 6.099759e-02 2.052340e+01 1.512242e+01
9.132000e+00 6.101013e-02 2.052608e+01 1.512499e+01
9.134000e+00 6.102337e-02 2.052893e+01 1.512772e+01
9.136000e+00 6.103757e-02 2.053201e+01 1.513067e+01
9.138000e+00 6.105320e-02 2.053544e+01 1.513397e+01
9.140000e+00 6.107122e-02 2.053945e+01 1.513783e+01
9.142000e+00 6.109100e-02 2.054381e+01 1.514203e+01
9.144000e+00 6.109050e-02 2.054342e+01 1.514161e+01
9.146000e+00 6.109485e-02 2.054413e+01 1.514226e+01
9.148000e+00 6.110124e-02 2.054534e+01 1.514340e+01
9.150000e+00 6.110891e-02 2.054686e+01 1.514484e+01
9.152000e+00 6.111745e-02 2.054858e+01 1.514648e+01
9.154000e+00 6.112664e-02 2.055046e+01 1.514826e+01
9.156000e+00 6.113634e-02 2.055246e+01 1.515016e+01
9.158000e+00 6.114647e-02 2.055454e+01 1.515215e+01
9.160000e+00 6.115695e-02 2.055671e+01 1.515422e+01
9.162000e+00 6.116774e-02 2.055895e+01 1.515636e+01
9.164000e+00 6.117881e-02 2.056125e+01 1.515855e+01
9.166000e+00 6.119014e-02 2.056360e+01 1.516080e+01
9.168000e+00 6.120170e-02 2.056600e+01 1.516310e+01
9.170000e+00 6.121348e-02 2.056845e+01 1.516544e+01
9.172000e+00 6.122547e-02 2.057094e+01 1.516783e+01
9.174000e+00 6.123766e-02 2.057348e+01 1.517025e+01
9.176000e+00 6.125004e-02 2.057605e+01 1.517272e+01
9.178000e+00 6.126261e-02 2.057867e+01 1.517522e+01
9.180000e+00 6.127536e-02 2.058132e+01 1.517776e+01
9.182000e+00 6.128829e-02 2.058400e+01 1.518033e+01
9.184000e+00 6.130139e-02 2.058673e+01 1.518294e+01
9.186000e+00 6.131467e-02 2.058949e+01 1.518559e+01
9.188000e+00 6.132811e-02 2.059228e+01 1.518826e+01
9.190000e+00 6.134172e-02 2.059511e+01 1.519097e+01
9.192000e+00 6.135550e-02 2.059797e+01 1.519372e+01
9.194000e+00 6.136945e-02 2.060087e+01 1.519650e+01
9.196000e+00 6.138356e-02 2.060380e+01 1.519930e+01
9.198000e+00 6.139783e-02 2.060676e+01 1.520215e+01
9.200000e+00 6.141227e-02 2.060975e+01 1.520502e+01
9.202000e+00 6.142688e-02 2.061278e+01 1.520793e+01
9.204000e+00 6.144165e-02 2.061585e+01 1.521087e+01
9.206000e+00 6.145658e-02 2.061894e+01 1.521384e+01
9.208000e+00 6.147168e-02 2.062207e+01 1.521685e+01
9.210000e+00 6.148695e-02 2.062524e+01 1.521988e+01
9.212000e+00 6.150238e-02 2.062843e+01 1.522295e+01
9.214000e+00 6.151797e-02 2.063166e+01 1.522605e+01
9.216000e+00 6.153374e-02 2.063493e+01 1.522919e+01
9.218000e+00 6.154967e-02 2.063822e+01 1.523236e+01
9.220000e+00 6.156577e-02 2.064156e+01 1.523556e+01
9.222000e+00 6.158204e-02 2.064492e+01 1.523879e+01
9.224000e+00 6.159848e-02 2.064832e+01 1.524206e+01
9.226000e+00 6.161510e-02 2.065176e+01 1.524536e+01
9.228000e+00 6.163188e-02 2.065523e+01 1.524870e+01
9.230000e+00 6.164885e-02 2.065873e+01 1.525207e+01
9.232000e+00 6.166598e-02 2.066227e+01 1.525547e+01
9.234000e+00 6.168330e-02 2.066585e+01 1.525891e+01
9.236000e+00 6.170079e-02 2.066946e+01 1.526239e+01
9.238000e+00 6.171846e-02 2.067311e+01 1.526590e+01
9.240000e+00 6.173631e-02 2.067679e+01 1.526944e+01
9.242000e+00 6.175434e-02 2.068052e+01 1.527302e+01
9.244000e+00 6.177256e-02 2.068427e+01 1.527664e+01
9.246000e+00 6.179097e-02 2.068807e+01 1.528029e+01
9.248000e+00 6.180956e-02 2.069190e+01 1.528398e+01
9.250000e+00 6.182834e-02 2.069577e+01 1.528771e+01
9.252000e+00 6.184731e-02 2.069968e+01 1.529147e+01
9.254000e+00 6.186647e-02 2.070363e+01 1.529527e+01
9.256000e+00 6.188583e-02 2.070762e+01 1.529911e+01
9.258000e+00 6.190539e-02 2.071165e+01 1.530299e+01
9.260000e+00 6.192514e-02 2.071571e+01 1.530690e+01
9.262000e+00 6.194509e-02 2.071982e+01 1.531086e+01
9.264000e+00 6.196524e-02 2.072397e+01 1.531485e+01
9.266000e+00 6.198560e-02 2.072815e+01 1.531889e+01
9.268000e+00 6.200617e-02 2.073238e+01 1.532296e+01
9.270000e+00 6.202694e-02 2.073665e+01 1.532708e+01
9.272000e+00 6.204792e-02 2.074097e+01 1.533124e+01
9.274000e+00 6.206912e-02 2.074532e+01 1.533544e+01
9.276000e+00 6.209052e-02 2.074972e+01 1.533968e+01
9.278000e+00 6.211215e-02 2.075417e+01 1.534396e+01
9.280000e+00 6.213400e-02 2.075865e+01 1.534828e+01
9.282000e+00 6.215606e-02 2.076318e+01 1.535265e+01
9.284000e+00 6.217836e-02 2.076776e+01 1.535707e+01
9.286000e+00 6.220087e-02 2.077238e+01 1.536152e+01
9.288000e+00 6.222362e-02 2.077705e+01 1.536603e+01
9.290000e+00 6.224660e-02 2.078176e+01 1.537057e+01
9.292000e+00 6.226981e-02 2.078653e+01 1.537517e+01
9.294000e+00 6.229326e-02 2.079133e+01 1.537981e+01
9.296000e+00 6.231695e-02 2.079619e+01 1.538449e+01
9.298000e+00 6.234089e-02 2.080110e+01 1.538923e+01
9.300000e+00 6.236506e-02 2.080605e+01 1.539401e+01
9.302000e+00 6.238949e-02 2.081106e+01 1.539884e+01
9.304000e+00 6.241416e-02 2.081611e+01 1.540372e+01
9.306000e+00 6.243909e-02 2.082122e+01 1.540865e+01
9.308000e+00 6.246428e-02 2.082638e+01 1.541363e+01
9.310000e+00 6.248973e-02 2.083159e+01 1.541866e+01
9.312000e+00 6.251544e-02 2.083685e+01 1.542374e+01
9.314000e+00 6.254142e-02 2.084216e+01 1.542887e+01
9.316000e+00 6.256766e-02 2.084753e+01 1.543406e+01
9.318000e+00 6.259418e-02 2.085296e+01 1.543930e+01
9.320000e+00 6.262098e-02 2.085844e+01 1.544459e+01
9.322000e+00 6.264805e-02 2.086398e+01 1.544994e+01
9.324000e+00 6.267541e-02 2.086957e+01 1.545534e+01
9.326000e+00 6.270305e-02 2.087522e+01 1.546080e+01
9.328000e+00 6.273099e-02 2.088093e+01 1.546632e+01
9.330000e+00 6.275922e-02 2.088670e+01 1.547189e+01
9.332000e+00 6.278775e-02 2.089253e+01 1.547752e+01
9.334000e+00 6.281658e-02 2.089841e+01 1.548322e+01
9.336000e+00 6.284571e-02 2.090436e+01 1.548897e+01
9.338000e+00 6.287515e-02 2.091038e+01 1.549478e+01
9.340000e+00 6.290491e-02 2.091645e+01 1.550065e+01
9.342000e+00 6.293498e-02 2.092259e+01 1.550659e+01
9.344000e+00 6.296538e-02 2.092879e+01 1.551258e+01
9.346000e+00 6.299610e-02 2.093506e+01 1.551864e+01
9.348000e+00 6.302716e-02 2.094140e+01 1.552477e+01
9.350000e+00 6.305854e-02 2.094780e+01 1.553096e+01
9.352000e+00 6.309027e-02 2.095427e+01 1.553722e+01
9.354000e+00 6.312234e-02 2.096081e+01 1.554355e+01
9.356000e+00 6.315476e-02 2.096742e+01 1.554994e+01
9.358000e+00 6.318753e-02 2.097410e+01 1.555640e+01
9.360000e+00 6.322067e-02 2.098085e+01 1.556293e+01
9.362000e+00 6.325416e-02 2.098767e+01 1.556954e+01
9.364000e+00 6.328802e-02 2.099457e+01 1.557621e+01
9.366000e+00 6.332226e-02 2.100154e+01 1.558296e+01
9.368000e+00 6.335687e-02 2.100859e+01 1.558979e+01
9.370000e+00 6.339187e-02 2.101572e+01 1.559668e+01
9.372000e+00 6.342726e-02 2.102292e+01 1.560366e+01
9.374000e+00 6.346304e-02 2.103021e+01 1.561071e+01
9.376000e+00 6.349922e-02 2.103757e+01 1.561784e+01
9.378000e+00 6.353581e-02 2.104502e+01 1.562505e+01
9.380000e+00 6.357282e-02 2.105255e+01 1.563234e+01
9.382000e+00 6.361024e-02 2.106016e+01 1.563971e+01
9.384000e+00 6.364808e-02 2.106786e+01 1.564716e+01
9.386000e+00 6.368636e-02 2.107564e+01 1.565470e+01
9.388000e+00 6.372507e-02 2.108351e+01 1.566233e+01
9.390000e+00 6.376422e-02 2.109147e+01 1.567004e+01
9.392000e+00 6.380383e-02 2.109952e+01 1.567784e+01
9.394000e+00 6.384389e-02 2.110767e+01 1.568573e+01
9.396000e+00 6.388442e-02 2.111590e+01 1.569371e+01
9.398000e+00 6.392542e-02 2.112423e+01 1.570178e+01
9.400000e+00 6.396689e-02 2.113266e+01 1.570995e+01
9.402000e+00 6.400885e-02 2.114118e+01 1.571821e+01
9.404000e+00 6.405130e-02 2.114981e+01 1.572656e+01
9.406000e+00 6.409426e-02 2.115853e+01 1.573502e+01
9.408000e+00 6.413772e-02 2.116735e+01 1.574357e+01
9.410000e+00 6.418169e-02 2.117628e+01 1.575223e+01
9.412000e+00 6.422619e-02 2.118532e+01 1.576098e+01
9.414000e+00 6.427123e-02 2.119446e+01 1.576985e+01
9.416000e+00 6.431680e-02 2.120370e+01 1.577882e+01
9.418000e+00 6.436293e-02 2.121306e+01 1.578789e+01
9.420000e+00 6.440961e-02 2.122254e+01 1.579708e+01
9.422000e+00 6.445686e-02 2.123212e+01 1.580637e+01
9.424000e+00 6.450468e-02 2.124182e+01 1.581578e+01
9.426000e+00 6.455309e-02 2.125164e+01 1.582530e+01
9.428000e+00 6.460210e-02 2.126158e+01 1.583495e+01
9.430000e+00 6.465171e-02 2.127164e+01 1.584470e+01
9.432000e+00 6.470194e-02 2.128182e+01 1.585458e+01
9.434000e+00 6.475279e-02 2.129213e+01 1.586459e+01
9.436000e+00 6.480428e-02 2.130257e+01 1.587471e+01
9.438000e+00 6.485641e-02 2.131313e+01 1.588497e+01
9.440000e+00 6.490921e-02 2.132383e+01 1.589535e+01
9.442000e+00 6.496267e-02 2.133466e+01 1.590586e+01
9.444000e+00 6.501681e-02 2.134563e+01 1.591651e+01
9.446000e+00 6.507164e-02 2.135674e+01 1.592729e+01
9.448000e+00 6.512717e-02 2.136799e+01 1.593821e+01
9.450000e+00 6.518343e-02 2.137938e+01 1.594927e+01
9.452000e+00 6.524041e-02 2.139092e+01 1.596047e+01
9.454000e+00 6.529813e-02 2.140261e+01 1.597182e+01
9.456000e+00 6.535660e-02 2.141445e+01 1.598332e+01
9.458000e+00 6.541584e-02 2.142644e+01 1.599496e+01
9.460000e+00 6.547587e-02 2.143859e+01 1.600676e+01
9.462000e+00 6.553668e-02 2.145090e+01 1.601872e+01
9.464000e+00 6.559831e-02 2.146337e+01 1.603083e+01
9.466000e+00 6.566076e-02 2.147601e+01 1.604311e+01
9.468000e+00 6.572405e-02 2.148881e+01 1.605555e+01
9.470000e+00 6.578820e-02 2.150179e+01 1.606816e+01
9.472000e+00 6.585321e-02 2.151494e+01 1.608094e+01
9.474000e+00 6.591911e-02 2.152828e+01 1.609389e+01
9.476000e+00 6.598592e-02 2.154179e+01 1.610702e+01
9.478000e+00 6.605364e-02 2.155548e+01 1.612033e+01
9.480000e+00 6.612230e-02 2.156937e+01 1.613382e+01
9.482000e+00 6.619191e-02 2.158344e+01 1.614751e+01
9.484000e+00 6.626250e-02 2.159772e+01 1.616138e+01
9.486000e+00 6.633408e-02 2.161219e+01 1.617545e+01
9.488000e+00 6.640667e-02 2.162686e+01 1.618971e+01
9.490000e+00 6.648029e-02 2.164174e+01 1.620418e+01
9.492000e+00 6.655496e-02 2.165683e+01 1.621885e+01
9.494000e+00 6.663070e-02 2.167214e+01 1.623374e+01
9.496000e+00 6.670753e-02 2.168767e+01 1.624884e+01
9.498000e+00 6.678548e-02 2.170342e+01 1.626415e+01
9.500000e+00 6.686456e-02 2.171940e+01 1.627969e+01
9.502000e+00 6.694480e-02 2.173561e+01 1.629546e+01
9.504000e+00 6.702622e-02 2.175206e+01 1.631146e+01
9.506000e+00 6.710885e-02 2.176875e+01 1.632770e+01
9.508000e+00 6.719271e-02 2.178569e+01 1.634418e+01
9.510000e+00 6.727782e-02 2.180288e+01 1.636090e+01
9.512000e+00 6.736422e-02 2.182033e+01 1.637788e+01
9.514000e+00 6.745192e-02 2.183804e+01 1.639511e+01
9.516000e+00 6.754096e-02 2.185602e+01 1.641261e+01
9.518000e+00 6.763137e-02 2.187427e+01 1.643038e+01
9.520000e+00 6.772316e-02 2.189280e+01 1.644841e+01
9.522000e+00 6.781638e-02 2.191162e+01 1.646673e+01
9.524000e+00 6.791106e-02 2.193074e+01 1.648534e+01
9.526000e+00 6.800722e-02 2.195015e+01 1.650423e+01
9.528000e+00 6.810489e-02 2.196986e+01 1.652343e+01
9.530000e+00 6.820412e-02 2.198989e+01 1.654293e+01
9.532000e+00 6.830493e-02 2.201024e+01 1.656274e+01
9.534000e+00 6.840736e-02 2.203091e+01 1.658287e+01
9.536000e+00 6.851145e-02 2.205191e+01 1.660333e+01
9.538000e+00 6.861723e-02 2.207325e+01 1.662411e+01
9.540000e+00 6.872474e-02 2.209495e+01 1.664524e+01
9.542000e+00 6.883402e-02 2.211700e+01 1.666672e+01
9.544000e+00 6.894511e-02 2.213941e+01 1.668855e+01
9.546000e+00 6.905806e-02 2.216219e+01 1.671075e+01
9.548000e+00 6.917290e-02 2.218536e+01 1.673333e+01
9.550000e+00 6.928968e-02 2.220892e+01 1.675628e+01
9.552000e+00 6.940845e-02 2.223287e+01 1.677963e+01
9.554000e+00 6.952926e-02 2.225724e+01 1.680337e+01
9.556000e+00 6.965215e-02 2.228202e+01 1.682753e+01
9.558000e+00 6.977716e-02 2.230724e+01 1.685210e+01
9.560000e+00 6.990437e-02 2.233289e+01 1.687711e+01
9.562000e+00 7.003381e-02 2.235899e+01 1.690256e+01
9.564000e+00 7.016555e-02 2.238555e+01 1.692845e+01
9.566000e+00 7.029963e-02 2.241259e+01 1.695482e+01
9.568000e+00 7.043612e-02 2.244011e+01 1.698165e+01
9.570000e+00 7.057509e-02 2.246813e+01 1.700897e+01
9.572000e+00 7.071658e-02 2.249665e+01 1.703679e+01
9.574000e+00 7.086067e-02 2.252570e+01 1.706513e+01
9.576000e+00 7.100743e-02 2.255529e+01 1.709399e+01
9.578000e+00 7.115692e-02 2.258542e+01 1.712338e+01
9.580000e+00 7.130921e-02 2.261612e+01 1.715333e+01
9.582000e+00 7.146438e-02 2.264739e+01 1.718385e+01
9.584000e+00 7.162250e-02 2.267926e+01 1.721495e+01
9.586000e+00 7.178366e-02 2.271174e+01 1.724664e+01
9.588000e+00 7.194793e-02 2.274485e+01 1.727896e+01
9.590000e+00 7.211541e-02 2.277860e+01 1.731190e+01
9.592000e+00 7.228617e-02 2.281302e+01 1.734549e+01
9.594000e+00 7.246032e-02 2.284811e+01 1.737975e+01
9.596000e+00 7.263793e-02 2.288390e+01 1.741469e+01
9.598000e+00 7.281912e-02 2.292041e+01 1.745034e+01
9.600000e+00 7.300398e-02 2.295766e+01 1.748672e+01
9.602000e+00 7.319263e-02 2.299566e+01 1.752384e+01
9.604000e+00 7.338516e-02 2.303446e+01 1.756172e+01
9.606000e+00 7.358169e-02 2.307405e+01 1.760040e+01
9.608000e+00 7.378235e-02 2.311448e+01 1.763989e+01
9.610000e+00 7.398725e-02 2.315576e+01 1.768022e+01
9.612000e+00 7.419653e-02 2.319792e+01 1.772142e+01
9.614000e+00 7.441024e-02 2.324097e+01 1.776348e+01
9.616000e+00 7.462858e-02 2.328494e+01 1.780646e+01
9.618000e+00 7.485166e-02 2.332988e+01 1.785038e+01
9.620000e+00 7.507969e-02 2.337580e+01 1.789527e+01
9.622000e+00 7.531280e-02 2.342275e+01 1.794117e+01
9.624000e+00 7.555115e-02 2.347076e+01 1.798810e+01
9.626000e+00 7.579491e-02 2.351985e+01 1.803610e+01
9.628000e+00 7.604425e-02 2.357006e+01 1.808521e+01
9.630000e+00 7.629935e-02 2.362143e+01 1.813545e+01
9.632000e+00 7.656041e-02 2.367400e+01 1.818687e+01
9.634000e+00 7.682761e-02 2.372781e+01 1.823950e+01
9.636000e+00 7.710117e-02 2.378289e+01 1.829339e+01
9.638000e+00 7.738129e-02 2.383929e+01 1.834858e+01
9.640000e+00 7.766821e-02 2.389706e+01 1.840511e+01
9.642000e+00 7.796216e-02 2.395624e+01 1.846302e+01
9.644000e+00 7.826338e-02 2.401688e+01 1.852238e+01
9.646000e+00 7.857212e-02 2.407903e+01 1.858322e+01
9.648000e+00 7.888867e-02 2.414275e+01 1.864561e+01
9.650000e+00 7.921329e-02 2.420809e+01 1.870959e+01
9.652000e+00 7.954629e-02 2.427512e+01 1.877523e+01
9.654000e+00 7.988796e-02 2.434389e+01 1.884258e+01
9.656000e+00 8.023864e-02 2.441446e+01 1.891171e+01
9.658000e+00 8.059867e-02 2.448692e+01 1.898269e+01
9.660000e+00 8.096839e-02 2.456132e+01 1.905559e+01
9.662000e+00 8.134819e-02 2.463774e+01 1.913048e+01
9.664000e+00 8.173845e-02 2.471626e+01 1.920744e+01
9.666000e+00 8.213959e-02 2.479697e+01 1.928655e+01
9.668000e+00 8.255205e-02 2.487995e+01 1.936790e+01
9.670000e+00 8.297627e-02 2.496529e+01 1.945157e+01
9.672000e+00 8.341275e-02 2.505309e+01 1.953767e+01
9.674000e+00 8.386200e-02 2.514344e+01 1.962629e+01
9.676000e+00 8.432454e-02 2.523647e+01 1.971754e+01
9.678000e+00 8.480094e-02 2.533227e+01 1.981153e+01
9.680000e+00 8.529180e-02 2.543098e+01 1.990838e+01
9.682000e+00 8.579776e-02 2.553270e+01 2.000821e+01
9.684000e+00 8.631947e-02 2.563759e+01 2.011116e+01
9.686000e+00 8.685765e-02 2.574577e+01 2.021736e+01
9.688000e+00 8.741305e-02 2.585740e+01 2.032697e+01
9.690000e+00 8.798646e-02 2.597264e+01 2.044013e+01
9.692000e+00 8.857877e-02 2.609166e+01 2.055704e+01
9.694000e+00 8.919068e-02 2.621461e+01 2.067781e+01
9.696000e+00 8.982334e-02 2.634170e+01 2.080268e+01
9.698000e+00 9.047771e-02 2.647314e+01 2.093185e+01
9.700000e+00 9.115485e-02 2.660913e+01 2.106551e+01
9.702000e+00 9.185592e-02 2.674990e+01 2.120390e+01
9.704000e+00 9.258213e-02 2.689570e+01 2.134725e+01
9.706000e+00 9.333479e-02 2.704678e+01 2.149583e+01
9.708000e+00 9.411528e-02 2.720341e+01 2.164990e+01
9.710000e+00 9.492511e-02 2.736590e+01 2.180976e+01
9.712000e+00 9.576586e-02 2.753456e+01 2.197572e+01
9.714000e+00 9.663924e-02 2.770973e+01 2.214813e+01
9.716000e+00 9.754709e-02 2.789176e+01 2.232733e+01
9.718000e+00 9.849137e-02 2.808106e+01 2.251372e+01
9.720000e+00 9.947422e-02 2.827803e+01 2.270771e+01
9.722000e+00 1.004979e-01 2.848314e+01 2.290975e+01
9.724000e+00 1.015649e-01 2.869686e+01 2.312032e+01
9.726000e+00 1.026778e-01 2.891971e+01 2.333996e+01
9.728000e+00 1.038396e-01 2.915228e+01 2.356920e+01
9.730000e+00 1.050533e-01 2.939516e+01 2.380868e+01
9.732000e+00 1.063224e-01 2.964904e+01 2.405906e+01
9.734000e+00 1.076505e-01 2.991462e+01 2.432104e+01
9.736000e+00 1.090416e-01 3.019271e+01 2.459543e+01
9.738000e+00 1.105001e-01 3.048417e+01 2.488309e+01
9.740000e+00 1.120309e-01 3.078994e+01 2.518495e+01
9.742000e+00 1.136392e-01 3.111108e+01 2.550206e+01
9.744000e+00 1.153310e-01 3.144874e+01 2.583558e+01
9.746000e+00 1.171127e-01 3.180420e+01 2.618677e+01
9.748000e+00 1.189916e-01 3.217890e+01 2.655708e+01
9.750000e+00 1.209758e-01 3.257447e+01 2.694812e+01
9.752000e+00 1.230748e-01 3.299272e+01 2.736170e+01
9.754000e+00 1.252990e-01 3.343576e+01 2.779992e+01
9.756000e+00 1.276605e-01 3.390598e+01 2.826517e+01
9.758000e+00 1.301734e-01 3.440619e+01 2.876023e+01
9.760000e+00 1.328542e-01 3.493966e+01 2.928837e+01
9.762000e+00 1.357222e-01 3.551024e+01 2.985344e+01
9.764000e+00 1.388005e-01 3.612255e+01 3.046003e+01
9.766000e+00 1.421169e-01 3.678214e+01 3.111366e+01
9.768000e+00 1.457048e-01 3.749574e+01 3.182105e+01
9.770000e+00 1.496054e-01 3.827160e+01 3.259042e+01
9.772000e+00 1.538694e-01 3.911999e+01 3.343202e+01
9.774000e+00 1.585607e-01 4.005385e+01 3.435873e+01
9.776000e+00 1.637608e-01 4.108983e+01 3.538716e+01
9.778000e+00 1.695769e-01 4.225001e+01 3.653933e+01
9.780000e+00 1.761557e-01 4.356490e+01 3.784565e+01
9.782000e+00 1.837117e-01 4.507945e+01 3.935096e+01
9.784000e+00 1.925955e-01 4.686725e+01 4.112862e+01
9.786000e+00 2.035632e-01 4.908066e+01 4.333050e+01
9.788000e+00 2.231918e-01 5.288941e+01 4.712168e+01
9.790000e+00 2.119145e-01 5.073965e+01 4.498144e+01
9.792000e+00 1.990681e-01 4.815212e+01 4.240652e+01
9.794000e+00 1.896328e-01 4.623920e+01 4.050381e+01
9.796000e+00 1.818485e-01 4.466724e+01 3.894089e+01
9.798000e+00 1.752114e-01 4.333169e+01 3.761352e+01
9.800000e+00 1.694458e-01 4.217440e+01 3.646375e+01
9.802000e+00 1.643731e-01 4.115792e+01 3.545421e+01
9.804000e+00 1.598668e-01 4.025598e+01 3.455872e+01
9.806000e+00 1.558329e-01 3.944920e+01 3.375796e+01
9.808000e+00 1.521989e-01 3.872278e+01 3.303716e+01
9.810000e+00 1.489077e-01 3.806508e+01 3.238473e+01
9.812000e+00 1.459135e-01 3.746685e+01 3.179146e+01
9.814000e+00 1.431793e-01 3.692061e+01 3.124988e+01
9.816000e+00 1.406747e-01 3.642023e+01 3.075390e+01
9.818000e+00 1.383747e-01 3.596068e+01 3.029849e+01
9.820000e+00 1.362582e-01 3.553777e+01 2.987947e+01
9.822000e+00 1.343079e-01 3.514797e+01 2.949335e+01
9.824000e+00 1.325087e-01 3.478831e+01 2.913715e+01
9.826000e+00 1.308481e-01 3.445626e+01 2.880835e+01
9.828000e+00 1.293151e-01 3.414964e+01 2.850480e+01
9.830000e+00 1.279003e-01 3.386657e+01 2.822459e+01
9.832000e+00 1.265954e-01 3.360540e+01 2.796612e+01
9.834000e+00 1.253932e-01 3.336470e+01 2.772793e+01
9.836000e+00 1.242874e-01 3.314321e+01 2.750878e+01
9.838000e+00 1.232723e-01 3.293980e+01 2.730754e+01
9.840000e+00 1.223429e-01 3.275347e+01 2.712323e+01
9.842000e+00 1.214948e-01 3.258336e+01 2.695498e+01
9.844000e+00 1.207239e-01 3.242868e+01 2.680199e+01
9.846000e+00 1.200269e-01 3.228872e+01 2.666358e+01
9.848000e+00 1.194006e-01 3.216286e+01 2.653912e+01
9.850000e+00 1.188421e-01 3.205057e+01 2.642808e+01
9.852000e+00 1.183492e-01 3.195135e+01 2.632998e+01
9.854000e+00 1.179197e-01 3.186480e+01 2.624440e+01
9.856000e+00 1.175522e-01 3.179064e+01 2.617107e+01
9.858000e+00 1.172414e-01 3.172775e+01 2.610888e+01
9.860000e+00 1.169895e-01 3.167664e+01 2.605832e+01
9.862000e+00 1.167950e-01 3.163697e+01 2.601909e+01
9.864000e+00 1.166567e-01 3.160855e+01 2.599097e+01
9.866000e+00 1.165740e-01 3.159121e+01 2.597379e+01
9.868000e+00 1.165462e-01 3.158484e+01 2.596745e+01
9.870000e+00 1.165731e-01 3.158935e+01 2.597186e+01
9.872000e+00 1.166543e-01 3.160471e+01 2.598700e+01
9.874000e+00 1.167900e-01 3.163093e+01 2.601287e+01
9.876000e+00 1.169804e-01 3.166804e+01 2.604949e+01
9.878000e+00 1.172260e-01 3.171612e+01 2.609697e+01
9.880000e+00 1.175272e-01 3.177529e+01 2.615539e+01
9.882000e+00 1.178850e-01 3.184570e+01 2.622493e+01
9.884000e+00 1.183004e-01 3.192755e+01 2.630578e+01
9.886000e+00 1.187746e-01 3.202106e+01 2.639816e+01
9.888000e+00 1.193090e-01 3.212653e+01 2.650237e+01
9.890000e+00 1.199054e-01 3.224427e+01 2.661871e+01
9.892000e+00 1.205656e-01 3.237465e+01 2.674756e+01
9.894000e+00 1.212919e-01 3.251809e+01 2.688934e+01
9.896000e+00 1.220868e-01 3.267507e+01 2.704452e+01
9.898000e+00 1.229529e-01 3.284613e+01 2.721364e+01
9.900000e+00 1.238935e-01 3.303184e+01 2.739727e+01
9.902000e+00 1.249119e-01 3.323287e+01 2.759608e+01
9.904000e+00 1.260119e-01 3.344996e+01 2.781080e+01
9.906000e+00 1.271979e-01 3.368392e+01 2.804225e+01
9.908000e+00 1.284744e-01 3.393565e+01 2.829131e+01
9.910000e+00 1.298468e-01 3.420615e+01 2.855899e+01
9.912000e+00 1.313209e-01 3.449653e+01 2.884640e+01
9.914000e+00 1.329030e-01 3.480803e+01 2.915476e+01
9.916000e+00 1.346004e-01 3.514200e+01 2.948544e+01
9.918000e+00 1.364212e-01 3.550000e+01 2.983997e+01
9.920000e+00 1.383742e-01 3.588374e+01 3.022008e+01
9.922000e+00 1.404697e-01 3.629516e+01 3.062768e+01
9.924000e+00 1.427191e-01 3.673645e+01 3.106499e+01
9.926000e+00 1.451357e-01 3.721012e+01 3.153448e+01
9.928000e+00 1.477344e-01 3.771904e+01 3.203904e+01
9.930000e+00 1.505327e-01 3.826656e+01 3.258198e+01
9.932000e+00 1.535508e-01 3.885654e+01 3.316719e+01
9.934000e+00 1.568129e-01 3.949359e+01 3.379924e+01
9.936000e+00 1.603473e-01 4.018313e+01 3.448356e+01
9.938000e+00 1.641882e-01 4.093173e+01 3.522667e+01
9.940000e+00 1.683771e-01 4.174729e+01 3.603650e+01
9.942000e+00 1.729644e-01 4.263953e+01 3.692270e+01
9.944000e+00 1.780128e-01 4.362043e+01 3.789726e+01
9.946000e+00 1.836004e-01 4.470502e+01 3.897517e+01
9.948000e+00 1.898265e-01 4.591244e+01 4.017551e+01
9.950000e+00 1.968197e-01 4.726756e+01 4.152313e+01
9.952000e+00 2.047519e-01 4.880382e+01 4.305138e+01
9.954000e+00 2.138628e-01 5.056821e+01 4.480718e+01
9.956000e+00 2.245126e-01 5.263184e+01 4.686149e+01
9.958000e+00 2.373188e-01 5.511602e+01 4.933538e+01
9.960000e+00 2.538384e-01 5.830985e+01 5.251727e+01
9.962000e+00 2.901538e-01 6.477758e+01 5.896447e+01
9.964000e+00 2.527093e-01 5.810330e+01 5.231137e+01
9.966000e+00 2.360801e-01 5.489481e+01 4.911487e+01
9.968000e+00 2.230452e-01 5.237322e+01 4.660373e+01
9.970000e+00 2.121324e-01 5.026441e+01 4.450445e+01
9.972000e+00 2.027397e-01 4.845018e+01 4.269909e+01
9.974000e+00 1.945131e-01 4.686086e+01 4.111810e+01
9.976000e+00 1.872161e-01 4.545021e+01 3.971531e+01
9.978000e+00 1.806788e-01 4.418526e+01 3.845785e+01
9.980000e+00 1.747737e-01 4.304143e+01 3.732117e+01
9.982000e+00 1.694023e-01 4.199983e+01 3.628640e+01
9.984000e+00 1.644871e-01 4.104558e+01 3.533872e+01
9.986000e+00 1.599663e-01 4.016689e+01 3.446636e+01
9.988000e+00 1.557940e-01 3.935498e+01 3.366053e+01
9.990000e+00 1.519013e-01 3.859645e+01 3.290792e+01
9.992000e+00 1.482820e-01 3.789035e+01 3.220755e+01
9.994000e+00 1.449025e-01 3.723027e+01 3.155301e+01
9.996000e+00 1.417380e-01 3.661152e+01 3.093962e+01
9.998000e+00 1.387679e-01 3.603013e+01 3.036346e+01
1.000000e+01 1.359744e-01 3.548274e+01 2.982112e+01
1.000200e+01 1.333421e-01 3.496640e+01 2.930971e+01
1.000400e+01 1.308576e-01 3.447855e+01 2.882665e+01
1.000600e+01 1.285090e-01 3.401695e+01 2.836969e+01
1.000800e+01 1.262858e-01 3.357959e+01 2.793685e+01
1.001000e+01 1.241786e-01 3.316469e+01 2.752636e+01
1.001200e+01 1.221794e-01 3.277071e+01 2.713665e+01
1.001400e+01 1.202786e-01 3.239579e+01 2.676590e+01
1.001600e+01 1.184704e-01 3.203884e+01 2.641301e+01
1.001800e+01 1.167491e-01 3.169881e+01 2.607692e+01
1.002000e+01 1.151089e-01 3.137456e+01 2.575651e+01
1.002200e+01 1.135445e-01 3.106509e+01 2.545078e+01
1.002400e+01 1.120511e-01 3.076948e+01 2.515881e+01
1.002600e+01 1.106242e-01 3.048687e+01 2.487975e+01
1.002800e+01 1.092599e-01 3.021649e+01 2.461282e+01
1.003000e+01 1.079543e-01 2.995762e+01 2.435732e+01
1.003200e+01 1.067041e-01 2.970960e+01 2.411257e+01
1.003400e+01 1.055061e-01 2.947182e+01 2.387798e+01
1.003600e+01 1.043572e-01 2.924370e+01 2.365297e+01
1.003800e+01 1.032549e-01 2.902474e+01 2.343703e+01
1.004000e+01 1.021966e-01 2.881444e+01 2.322969e+01
1.004200e+01 1.011801e-01 2.861237e+01 2.303049e+01
1.004400e+01 1.002031e-01 2.841811e+01 2.283903e+01
1.004600e+01 9.926385e-02 2.823130e+01 2.265495e+01
1.004800e+01 9.836055e-02 2.805163e+01 2.247793e+01
1.005000e+01 9.749182e-02 2.787883e+01 2.230772e+01
1.005200e+01 9.665701e-02 2.771282e+01 2.214422e+01
1.005400e+01 9.585405e-02 2.755306e+01 2.198692e+01
1.005600e+01 9.505674e-02 2.739394e+01 2.183026e+01
1.005800e+01 9.429145e-02 2.724120e+01 2.167991e+01
1.006000e+01 9.355293e-02 2.709380e+01 2.153484e+01
1.006200e+01 9.284044e-02 2.695160e+01 2.139492e+01
1.006400e+01 9.215242e-02 2.681429e+01 2.125982e+01
1.006600e+01 9.148755e-02 2.668158e+01 2.112928e+01
1.006800e+01 9.084467e-02 2.655326e+01 2.100307e+01
1.007000e+01 9.022274e-02 2.642910e+01 2.088097e+01
1.007200e+01 8.962078e-02 2.630892e+01 2.076280e+01
1.007400e+01 8.903789e-02 2.619254e+01 2.064838e+01
1.007600e+01 8.847322e-02 2.607978e+01 2.053754e+01
1.007800e+01 8.792599e-02 2.597049e+01 2.043013e+01
1.008000e+01 8.739545e-02 2.586453e+01 2.032600e+01
1.008200e+01 8.688089e-02 2.576175e+01 2.022501e+01
1.008400e+01 8.638168e-02 2.566202e+01 2.012704e+01
1.008600e+01 8.589717e-02 2.556523e+01 2.003196e+01
1.008800e+01 8.542678e-02 2.547125e+01 1.993965e+01
1.009000e+01 8.496996e-02 2.537998e+01 1.985002e+01
1.009200e+01 8.452617e-02 2.529131e+01 1.976294e+01
1.009400e+01 8.409491e-02 2.520514e+01 1.967834e+01
1.009600e+01 8.367572e-02 2.512137e+01 1.959610e+01
1.009800e+01 8.326813e-02 2.503992e+01 1.951615e+01
1.010000e+01 8.287173e-02 2.496071e+01 1.943840e+01
1.010200e+01 8.248609e-02 2.488364e+01 1.936276e+01
1.010400e+01 8.211084e-02 2.480865e+01 1.928917e+01
1.010600e+01 8.174560e-02 2.473566e+01 1.921755e+01
1.010800e+01 8.139002e-02 2.466460e+01 1.914784e+01
1.011000e+01 8.104377e-02 2.459541e+01 1.907996e+01
1.011200e+01 8.070653e-02 2.452801e+01 1.901385e+01
1.011400e+01 8.037799e-02 2.446236e+01 1.894945e+01
1.011600e+01 8.005786e-02 2.439839e+01 1.888671e+01
1.011800e+01 7.974586e-02 2.433604e+01 1.882557e+01
1.012000e+01 7.944173e-02 2.427527e+01 1.876598e+01
1.012200e+01 7.914522e-02 2.421603e+01 1.870790e+01
1.012400e+01 7.885609e-02 2.415826e+01 1.865126e+01
1.012600e+01 7.857410e-02 2.410193e+01 1.859603e+01
1.012800e+01 7.829904e-02 2.404698e+01 1.854217e+01
1.013000e+01 7.803069e-02 2.399338e+01 1.848963e+01
1.013200e+01 7.776886e-02 2.394108e+01 1.843837e+01
1.013400e+01 7.751335e-02 2.389005e+01 1.838836e+01
1.013600e+01 7.726399e-02 2.384025e+01 1.833956e+01
1.013800e+01 7.702059e-02 2.379165e+01 1.829193e+01
1.014000e+01 7.678299e-02 2.374422e+01 1.824545e+01
1.014200e+01 7.655105e-02 2.369791e+01 1.820009e+01
1.014400e+01 7.632460e-02 2.365271e+01 1.815580e+01
1.014600e+01 7.610350e-02 2.360859e+01 1.811258e+01
1.014800e+01 7.588764e-02 2.356552e+01 1.807039e+01
1.015000e+01 7.567689e-02 2.352348e+01 1.802920e+01
1.015200e+01 7.547115e-02 2.348245e+01 1.798901e+01
1.015400e+01 7.527034e-02 2.344241e+01 1.794980e+01
1.015600e+01 7.507447e-02 2.340338e+01 1.791157e+01
1.015800e+01 7.488379e-02 2.336541e+01 1.787438e+01
1.016000e+01 7.469725e-02 2.332826e+01 1.783800e+01
1.016200e+01 7.451265e-02 2.329142e+01 1.780193e+01
1.016400e+01 7.433334e-02 2.325568e+01 1.776693e+01
1.016600e+01 7.415858e-02 2.322087e+01 1.773284e+01
1.016800e+01 7.398813e-02 2.318694e+01 1.769961e+01
1.017000e+01 7.382187e-02 2.315385e+01 1.766722e+01
1.017200e+01 7.365971e-02 2.312160e+01 1.763564e+01
1.017400e+01 7.350160e-02 2.309017e+01 1.760487e+01
1.017600e+01 7.334748e-02 2.305956e+01 1.757490e+01
1.017800e+01 7.319731e-02 2.302975e+01 1.754571e+01
1.018000e+01 7.305108e-02 2.300074e+01 1.751732e+01
1.018200e+01 7.290878e-02 2.297254e+01 1.748971e+01
1.018400e+01 7.277043e-02 2.294515e+01 1.746290e+01
1.018600e+01 7.263605e-02 2.291858e+01 1.743689e+01
1.018800e+01 7.250571e-02 2.289285e+01 1.741170e+01
1.019000e+01 7.237951e-02 2.286799e+01 1.738736e+01
1.019200e+01 7.225758e-02 2.284402e+01 1.736390e+01
1.019400e+01 7.214013e-02 2.282101e+01 1.734137e+01
1.019600e+01 7.202742e-02 2.279901e+01 1.731983e+01
1.019800e+01 7.191988e-02 2.277814e+01 1.729940e+01
1.020000e+01 7.181809e-02 2.275856e+01 1.728022e+01
1.020200e+01 7.172306e-02 2.274051e+01 1.726255e+01
1.020400e+01 7.163681e-02 2.272451e+01 1.724687e+01
1.020600e+01 7.157117e-02 2.271314e+01 1.723573e+01
1.020800e+01 7.144428e-02 2.268759e+01 1.721073e+01
1.021000e+01 7.129372e-02 2.265632e+01 1.718013e+01
1.021200e+01 7.115770e-02 2.262839e+01 1.715281e+01
1.021400e+01 7.102977e-02 2.260235e+01 1.712733e+01
1.021600e+01 7.090823e-02 2.257775e+01 1.710327e+01
1.021800e+01 7.079215e-02 2.255438e+01 1.708040e+01
1.022000e+01 7.068097e-02 2.253208e+01 1.705858e+01
1.022200e+01 7.057429e-02 2.251076e+01 1.703772e+01
1.022400e+01 7.047184e-02 2.249034e+01 1.701774e+01
1.022600e+01 7.037342e-02 2.247080e+01 1.699861e+01
1.022800e+01 7.027891e-02 2.245208e+01 1.698030e+01
1.023000e+01 7.018823e-02 2.243418e+01 1.696278e+01
1.023200e+01 7.010134e-02 2.241709e+01 1.694605e+01
1.023400e+01 7.001825e-02 2.240080e+01 1.693011e+01
1.023600e+01 6.993900e-02 2.238533e+01 1.691497e+01
1.023800e+01 6.986367e-02 2.237071e+01 1.690064e+01
1.024000e+01 6.979240e-02 2.235695e+01 1.688717e+01
1.024200e+01 6.972535e-02 2.234410e+01 1.687459e+01
1.024400e+01 6.966277e-02 2.233222e+01 1.686295e+01
1.024600e+01 6.960496e-02 2.232137e+01 1.685233e+01
1.024800e+01 6.955230e-02 2.231166e+01 1.684280e+01
1.025000e+01 6.950529e-02 2.230320e+01 1.683450e+01
1.025200e+01 6.946459e-02 2.229613e+01 1.682757e+01
1.025400e+01 6.943101e-02 2.229067e+01 1.682219e+01
1.025600e+01 6.940564e-02 2.228707e+01 1.681864e+01
1.025800e+01 6.938994e-02 2.228568e+01 1.681725e+01
1.026000e+01 6.938590e-02 2.228700e+01 1.681849e+01
1.026200e+01 6.939635e-02 2.229171e+01 1.682305e+01
1.026400e+01 6.942549e-02 2.230087e+01 1.683196e+01
1.026600e+01 6.948010e-02 2.231619e+01 1.684687e+01
1.026800e+01 6.957219e-02 2.234067e+01 1.687073e+01
1.027000e+01 6.973272e-02 2.238150e+01 1.691055e+01
1.027200e+01 6.981345e-02 2.240221e+01 1.693073e+01
1.027400e+01 6.942998e-02 2.231565e+01 1.684618e+01
1.027600e+01 6.916784e-02 2.225649e+01 1.678840e+01
1.027800e+01 6.895088e-02 2.220837e+01 1.674139e+01
1.028000e+01 6.876308e-02 2.216733e+01 1.670130e+01
1.028200e+01 6.859601e-02 2.213125e+01 1.666605e+01
1.028400e+01 6.844458e-02 2.209887e+01 1.663442e+01
1.028600e+01 6.830542e-02 2.206936e+01 1.660558e+01
1.028800e+01 6.817622e-02 2.204214e+01 1.657899e+01
1.029000e+01 6.805525e-02 2.201681e+01 1.655423e+01
1.029200e+01 6.794125e-02 2.199305e+01 1.653102e+01
1.029400e+01 6.783321e-02 2.197063e+01 1.650911e+01
1.029600e+01 6.773037e-02 2.194938e+01 1.648834e+01
1.029800e+01 6.763209e-02 2.192913e+01 1.646855e+01
1.030000e+01 6.753788e-02 2.190978e+01 1.644964e+01
1.030200e+01 6.744731e-02 2.189123e+01 1.643151e+01
1.030400e+01 6.736004e-02 2.187340e+01 1.641408e+01
1.030600e+01 6.727578e-02 2.185622e+01 1.639729e+01
1.030800e+01 6.719429e-02 2.183964e+01 1.638108e+01
1.031000e+01 6.711535e-02 2.182361e+01 1.636541e+01
1.031200e+01 6.703879e-02 2.180809e+01 1.635024e+01
1.031400e+01 6.696445e-02 2.179304e+01 1.633552e+01
1.031600e+01 6.689218e-02 2.177844e+01 1.632124e+01
1.031800e+01 6.682187e-02 2.176424e+01 1.630736e+01
1.032000e+01 6.675341e-02 2.175044e+01 1.629387e+01
1.032200e+01 6.668671e-02 2.173701e+01 1.628074e+01
1.032400e+01 6.662166e-02 2.172393e+01 1.626794e+01
1.032600e+01 6.655820e-02 2.171118e+01 1.625548e+01
1.032800e+01 6.649626e-02 2.169875e+01 1.624332e+01
1.033000e+01 6.643576e-02 2.168662e+01 1.623146e+01
1.033200e+01 6.637666e-02 2.167479e+01 1.621988e+01
1.033400e+01 6.631891e-02 2.166323e+01 1.620858e+01
1.033600e+01 6.626244e-02 2.165195e+01 1.619754e+01
1.033800e+01 6.620723e-02 2.164092e+01 1.618675e+01
1.034000e+01 6.615324e-02 2.163015e+01 1.617621e+01
1.034200e+01 6.610044e-02 2.161963e+01 1.616592e+01
1.034400e+01 6.604880e-02 2.160934e+01 1.615586e+01
1.034600e+01 6.599830e-02 2.159930e+01 1.614603e+01
1.034800e+01 6.594893e-02 2.158949e+01 1.613643e+01
1.035000e+01 6.590070e-02 2.157993e+01 1.612707e+01
1.035200e+01 6.585361e-02 2.157060e+01 1.611794e+01
1.035400e+01 6.580768e-02 2.156152e+01 1.610905e+01
1.035600e+01 6.576299e-02 2.155270e+01 1.610042e+01
1.035800e+01 6.571961e-02 2.154417e+01 1.609207e+01
1.036000e+01 6.567773e-02 2.153597e+01 1.608404e+01
1.036200e+01 6.563764e-02 2.152818e+01 1.607640e+01
1.036400e+01 6.559996e-02 2.152094e+01 1.606932e+01
1.036600e+01 6.556660e-02 2.151470e+01 1.606319e+01
1.036800e+01 6.551956e-02 2.150521e+01 1.605391e+01
1.037000e+01 6.547048e-02 2.149518e+01 1.604409e+01
1.037200e+01 6.542442e-02 2.148586e+01 1.603497e+01
1.037400e+01 6.538035e-02 2.147700e+01 1.602630e+01
1.037600e+01 6.533777e-02 2.146848e+01 1.601796e+01
1.037800e+01 6.529642e-02 2.146022e+01 1.600988e+01
1.038000e+01 6.525613e-02 2.145220e+01 1.600202e+01
1.038200e+01 6.521677e-02 2.144438e+01 1.599436e+01
1.038400e+01 6.517827e-02 2.143674e+01 1.598688e+01
1.038600e+01 6.514056e-02 2.142926e+01 1.597956e+01
1.038800e+01 6.510360e-02 2.142194e+01 1.597239e+01
1.039000e+01 6.506733e-02 2.141477e+01 1.596536e+01
1.039200e+01 6.503173e-02 2.140774e+01 1.595847e+01
1.039400e+01 6.499677e-02 2.140083e+01 1.595171e+01
1.039600e+01 6.496243e-02 2.139406e+01 1.594507e+01
1.039800e+01 6.492868e-02 2.138740e+01 1.593855e+01
1.040000e+01 6.489551e-02 2.138087e+01 1.593214e+01
1.040200e+01 6.486290e-02 2.137445e+01 1.592585e+01
1.040400e+01 6.483084e-02 2.136814e+01 1.591966e+01
1.040600e+01 6.479930e-02 2.136194e+01 1.591358e+01
1.040800e+01 6.476829e-02 2.135584e+01 1.590761e+01
1.041000e+01 6.473778e-02 2.134985e+01 1.590173e+01
1.041200e+01 6.470776e-02 2.134395e+01 1.589595e+01
1.041400e+01 6.467823e-02 2.133816e+01 1.589027e+01
1.041600e+01 6.464918e-02 2.133246e+01 1.588468e+01
1.041800e+01 6.462059e-02 2.132686e+01 1.587919e+01
1.042000e+01 6.459247e-02 2.132135e+01 1.587378e+01
1.042200e+01 6.456479e-02 2.131594e+01 1.586847e+01
1.042400e+01 6.453755e-02 2.131061e+01 1.586324e+01
1.042600e+01 6.451075e-02 2.130537e+01 1.585810e+01
1.042800e+01 6.448438e-02 2.130021e+01 1.585304e+01
1.043000e+01 6.445843e-02 2.129515e+01 1.584806e+01
1.043200e+01 6.443290e-02 2.129016e+01 1.584317e+01
1.043400e+01 6.440777e-02 2.128526e+01 1.583836e+01
1.043600e+01 6.438305e-02 2.128044e+01 1.583363e+01
1.043800e+01 6.435873e-02 2.127571e+01 1.582898e+01
1.044000e+01 6.433481e-02 2.127105e+01 1.582440e+01
1.044200e+01 6.431127e-02 2.126647e+01 1.581990e+01
1.044400e+01 6.428812e-02 2.126197e+01 1.581548e+01
1.044600e+01 6.426536e-02 2.125755e+01 1.581114e+01
1.044800e+01 6.424297e-02 2.125320e+01 1.580687e+01
1.045000e+01 6.422096e-02 2.124893e+01 1.580267e+01
1.045200e+01 6.419932e-02 2.124474e+01 1.579855e+01
1.045400e+01 6.417804e-02 2.124062e+01 1.579450e+01
1.045600e+01 6.415714e-02 2.123657e+01 1.579052e+01
1.045800e+01 6.413660e-02 2.123260e+01 1.578661e+01
1.046000e+01 6.411643e-02 2.122871e+01 1.578278e+01
1.046200e+01 6.409661e-02 2.122488e+01 1.577902e+01
1.046400e+01 6.407716e-02 2.122113e+01 1.577533e+01
1.046600e+01 6.405807e-02 2.121746e+01 1.577171e+01
1.046800e+01 6.403935e-02 2.121386e+01 1.576816e+01
1.047000e+01 6.402098e-02 2.121033e+01 1.576469e+01
1.047200e+01 6.400298e-02 2.120687e+01 1.576129e+01
1.047400e+01 6.398534e-02 2.120350e+01 1.575796e+01
1.047600e+01 6.396807e-02 2.120019e+01 1.575471e+01
1.047800e+01 6.395117e-02 2.119697e+01 1.575153e+01
1.048000e+01 6.393465e-02 2.119382e+01 1.574842e+01
1.048200e+01 6.391850e-02 2.119075e+01 1.574539e+01
1.048400e+01 6.390275e-02 2.118776e+01 1.574244e+01
1.048600e+01 6.388739e-02 2.118485e+01 1.573957e+01
1.048800e+01 6.387243e-02 2.118203e+01 1.573679e+01
1.049000e+01 6.385790e-02 2.117930e+01 1.573409e+01
1.049200e+01 6.384380e-02 2.117665e+01 1.573148e+01
1.049400e+01 6.383016e-02 2.117411e+01 1.572896e+01
1.049600e+01 6.381700e-02 2.117167e+01 1.572654e+01
1.049800e+01 6.380434e-02 2.116934e+01 1.572423e+01
1.050000e+01 6.379223e-02 2.116712e+01 1.572204e+01
1.050200e+01 6.378071e-02 2.116504e+01 1.571997e+01
1.050400e+01 6.376984e-02 2.116310e+01 1.571805e+01
1.050600e+01 6.375970e-02 2.116133e+01 1.571628e+01
1.050800e+01 6.375039e-02 2.115974e+01 1.571470e+01
1.051000e+01 6.374204e-02 2.115838e+01 1.571333e+01
1.051200e+01 6.373485e-02 2.115730e+01 1.571224e+01
1.051400e+01 6.372918e-02 2.115658e+01 1.571150e+01
1.051600e+01 6.372572e-02 2.115640e+01 1.571129e+01
1.051800e+01 6.373081e-02 2.115813e+01 1.571294e+01
1.052000e+01 6.370652e-02 2.115312e+01 1.570801e+01
1.052200e+01 6.368040e-02 2.114755e+01 1.570256e+01
1.052400e+01 6.365787e-02 2.114284e+01 1.569794e+01
1.052600e+01 6.363715e-02 2.113857e+01 1.569374e+01
1.052800e+01 6.361776e-02 2.113462e+01 1.568986e+01
1.053000e+01 6.359941e-02 2.113092e+01 1.568621e+01
1.053200e+01 6.358193e-02 2.112742e+01 1.568277e+01
1.053400e+01 6.356521e-02 2.112410e+01 1.567949e+01
1.053600e+01 6.354914e-02 2.112092e+01 1.567636e+01
1.053800e+01 6.353366e-02 2.111787e+01 1.567335e+01
1.054000e+01 6.351871e-02 2.111493e+01 1.567045e+01
1.054200e+01 6.350424e-02 2.111210e+01 1.566766e+01
1.054400e+01 6.349021e-02 2.110937e+01 1.566496e+01
1.054600e+01 6.347659e-02 2.110673e+01 1.566235e+01
1.054800e+01 6.346337e-02 2.110417e+01 1.565982e+01
1.055000e+01 6.345050e-02 2.110169e+01 1.565737e+01
1.055200e+01 6.343798e-02 2.109928e+01 1.565498e+01
1.055400e+01 6.342579e-02 2.109693e+01 1.565266e+01
1.055600e+01 6.341391e-02 2.109466e+01 1.565041e+01
1.055800e+01 6.340234e-02 2.109245e+01 1.564822e+01
1.056000e+01 6.339105e-02 2.109030e+01 1.564608e+01
1.056200e+01 6.338005e-02 2.108820e+01 1.564401e+01
1.056400e+01 6.336932e-02 2.108617e+01 1.564199e+01
1.056600e+01 6.335885e-02 2.108419e+01 1.564002e+01
1.056800e+01 6.334865e-02 2.108226e+01 1.563810e+01
1.057000e+01 6.333869e-02 2.108038e+01 1.563624e+01
1.057200e+01 6.332898e-02 2.107855e+01 1.563442e+01
1.057400e+01 6.331951e-02 2.107678e+01 1.563265e+01
1.057600e+01 6.331028e-02 2.107505e+01 1.563093e+01
1.057800e+01 6.330127e-02 2.107337e+01 1.562926e+01
1.058000e+01 6.329250e-02 2.107173e+01 1.562763e+01
1.058200e+01 6.328394e-02 2.107014e+01 1.562604e+01
1.058400e+01 6.327561e-02 2.106860e+01 1.562450e+01
1.058600e+01 6.326749e-02 2.106710e+01 1.562300e+01
1.058800e+01 6.325959e-02 2.106564e+01 1.562154e+01
1.059000e+01 6.325190e-02 2.106422e+01 1.562012e+01
1.059200e+01 6.324441e-02 2.106285e+01 1.561875e+01
1.059400e+01 6.323713e-02 2.106152e+01 1.561742e+01
1.059600e+01 6.323006e-02 2.106023e+01 1.561612e+01
1.059800e+01 6.322319e-02 2.105899e+01 1.561487e+01
1.060000e+01 6.321652e-02 2.105778e+01 1.561366e+01
1.060200e+01 6.321005e-02 2.105661e+01 1.561248e+01
1.060400e+01 6.320377e-02 2.105549e+01 1.561135e+01
1.060600e+01 6.319770e-02 2.105440e+01 1.561025e+01
1.060800e+01 6.319182e-02 2.105335e+01 1.560919e+01
1.061000e+01 6.318614e-02 2.105235e+01 1.560818e+01
1.061200e+01 6.318065e-02 2.105138e+01 1.560720e+01
1.061400e+01 6.317537e-02 2.105045e+01 1.560626e+01
1.061600e+01 6.317028e-02 2.104957e+01 1.560535e+01
1.061800e+01 6.316539e-02 2.104872e+01 1.560449e+01
1.062000e+01 6.316066e-02 2.104791e+01 1.560366e+01
1.062200e+01 6.315613e-02 2.104714e+01 1.560287e+01
1.062400e+01 6.315180e-02 2.104640e+01 1.560212e+01
1.062600e+01 6.314768e-02 2.104571e+01 1.560141e+01
1.062800e+01 6.314375e-02 2.104506e+01 1.560074e+01
1.063000e+01 6.314002e-02 2.104445e+01 1.560010e+01
1.063200e+01 6.313650e-02 2.104388e+01 1.559951e+01
1.063400e+01 6.313317e-02 2.104336e+01 1.559896e+01
1.063600e+01 6.313006e-02 2.104287e+01 1.559845e+01
1.063800e+01 6.312715e-02 2.104243e+01 1.559798e+01
1.064000e+01 6.312445e-02 2.104203e+01 1.559755e+01
1.064200e+01 6.312197e-02 2.104167e+01 1.559716e+01
1.064400e+01 6.311971e-02 2.104136e+01 1.559682e+01
1.064600e+01 6.311766e-02 2.104110e+01 1.559652e+01
1.064800e+01 6.311585e-02 2.104088e+01 1.559627e+01
1.065000e+01 6.311426e-02 2.104071e+01 1.559607e+01
1.065200e+01 6.311292e-02 2.104058e+01 1.559591e+01
1.065400e+01 6.311181e-02 2.104051e+01 1.559580e+01
1.065600e+01 6.311096e-02 2.104049e+01 1.559574e+01
1.065800e+01 6.311037e-02 2.104052e+01 1.559573e+01
1.066000e+01 6.311004e-02 2.104061e+01 1.559578e+01
1.066200e+01 6.310998e-02 2.104076e+01 1.559588e+01
1.066400e+01 6.311022e-02 2.104096e+01 1.559604e+01
1.066600e+01 6.311075e-02 2.104123e+01 1.559626e+01
1.066800e+01 6.311159e-02 2.104156e+01 1.559655e+01
1.067000e+01 6.311276e-02 2.104196e+01 1.559690e+01
1.067200e+01 6.311427e-02 2.104243e+01 1.559732e+01
1.067400e+01 6.311613e-02 2.104298e+01 1.559781e+01
1.067600e+01 6.311838e-02 2.104361e+01 1.559839e+01
1.067800e+01 6.312103e-02 2.104432e+01 1.559904e+01
1.068000e+01 6.312411e-02 2.104513e+01 1.559979e+01
1.068200e+01 6.312764e-02 2.104603e+01 1.560063e+01
1.068400e+01 6.313167e-02 2.104704e+01 1.560157e+01
1.068600e+01 6.313622e-02 2.104816e+01 1.560262e+01
1.068800e+01 6.314135e-02 2.104941e+01 1.560380e+01
1.069000e+01 6.314709e-02 2.105079e+01 1.560510e+01
1.069200e+01 6.315352e-02 2.105232e+01 1.560655e+01
1.069400e+01 6.316069e-02 2.105401e+01 1.560816e+01
1.069600e+01 6.316870e-02 2.105588e+01 1.560994e+01
1.069800e+01 6.317763e-02 2.105796e+01 1.561193e+01
1.070000e+01 6.318762e-02 2.106028e+01 1.561414e+01
1.070200e+01 6.319881e-02 2.106286e+01 1.561661e+01
1.070400e+01 6.321138e-02 2.106575e+01 1.561939e+01
1.070600e+01 6.322557e-02 2.106901e+01 1.562252e+01
1.070800e+01 6.324168e-02 2.107271e+01 1.562608e+01
1.071000e+01 6.326011e-02 2.107694e+01 1.563016e+01
1.071200e+01 6.328140e-02 2.108182e+01 1.563488e+01
1.071400e+01 6.330627e-02 2.108755e+01 1.564041e+01
1.071600e+01 6.333577e-02 2.109436e+01 1.564700e+01
1.071800e+01 6.337145e-02 2.110264e+01 1.565502e+01
1.072000e+01 6.341581e-02 2.111301e+01 1.566508e+01
1.072200e+01 6.347316e-02 2.112656e+01 1.567823e+01
1.072400e+01 6.355210e-02 2.114544e+01 1.569657e+01
1.072600e+01 6.368857e-02 2.117751e+01 1.572775e+01
1.072800e+01 6.359255e-02 2.115528e+01 1.570606e+01
1.073000e+01 6.350357e-02 2.113407e+01 1.568538e+01
1.073200e+01 6.344191e-02 2.111958e+01 1.567123e+01
1.073400e+01 6.339572e-02 2.110889e+01 1.566079e+01
1.073600e+01 6.335953e-02 2.110063e+01 1.565271e+01
1.073800e+01 6.333032e-02 2.109403e+01 1.564625e+01
1.074000e+01 6.330624e-02 2.108865e+01 1.564097e+01
1.074200e+01 6.328611e-02 2.108418e+01 1.563659e+01
1.074400e+01 6.326908e-02 2.108044e+01 1.563291e+01
1.074600e+01 6.325457e-02 2.107728e+01 1.562979e+01
1.074800e+01 6.324214e-02 2.107459e+01 1.562713e+01
1.075000e+01 6.323144e-02 2.107229e+01 1.562486e+01
1.075200e+01 6.322225e-02 2.107033e+01 1.562291e+01
1.075400e+01 6.321434e-02 2.106866e+01 1.562125e+01
1.075600e+01 6.320758e-02 2.106725e+01 1.561983e+01
1.075800e+01 6.320183e-02 2.106606e+01 1.561864e+01
1.076000e+01 6.319700e-02 2.106507e+01 1.561764e+01
1.076200e+01 6.319303e-02 2.106427e+01 1.561682e+01
1.076400e+01 6.318984e-02 2.106365e+01 1.561617e+01
1.076600e+01 6.318739e-02 2.106319e+01 1.561569e+01
1.076800e+01 6.318568e-02 2.106289e+01 1.561535e+01
1.077000e+01 6.318468e-02 2.106274e+01 1.561518e+01
1.077200e+01 6.318443e-02 2.106277e+01 1.561516e+01
1.077400e+01 6.318497e-02 2.106297e+01 1.561532e+01
1.077600e+01 6.318643e-02 2.106339e+01 1.561569e+01
1.077800e+01 6.318905e-02 2.106407e+01 1.561632e+01
1.078000e+01 6.319330e-02 2.106515e+01 1.561732e+01
1.078200e+01 6.319887e-02 2.106648e+01 1.561858e+01
1.078400e+01 6.319293e-02 2.106514e+01 1.561723e+01
1.078600e+01 6.318990e-02 2.106443e+01 1.561651e+01
1.078800e+01 6.318826e-02 2.106406e+01 1.561611e+01
1.079000e+01 6.318759e-02 2.106392e+01 1.561593e+01
1.079200e+01 6.318765e-02 2.106394e+01 1.561592e+01
1.079400e+01 6.318829e-02 2.106410e+01 1.561603e+01
1.079600e+01 6.318942e-02 2.106436e+01 1.561625e+01
1.079800e+01 6.319098e-02 2.106472e+01 1.561656e+01
1.080000e+01 6.319293e-02 2.106516e+01 1.561695e+01
1.080200e+01 6.319522e-02 2.106568e+01 1.561741e+01
1.080400e+01 6.319784e-02 2.106627e+01 1.561794e+01
1.080600e+01 6.320076e-02 2.106692e+01 1.561854e+01
1.080800e+01 6.320397e-02 2.106763e+01 1.561919e+01
1.081000e+01 6.320745e-02 2.106840e+01 1.561990e+01
1.081200e+01 6.321120e-02 2.106922e+01 1.562067e+01
1.081400e+01 6.321520e-02 2.107010e+01 1.562148e+01
1.081600e+01 6.321946e-02 2.107103e+01 1.562235e+01
1.081800e+01 6.322397e-02 2.107202e+01 1.562327e+01
1.082000e+01 6.322873e-02 2.107306e+01 1.562424e+01
1.082200e+01 6.323374e-02 2.107414e+01 1.562526e+01
1.082400e+01 6.323901e-02 2.107529e+01 1.562633e+01
1.082600e+01 6.324453e-02 2.107648e+01 1.562746e+01
1.082800e+01 6.325032e-02 2.107774e+01 1.562864e+01
1.083000e+01 6.325640e-02 2.107905e+01 1.562988e+01
1.083200e+01 6.326277e-02 2.108043e+01 1.563118e+01
1.083400e+01 6.326947e-02 2.108188e+01 1.563255e+01
1.083600e+01 6.327654e-02 2.108341e+01 1.563400e+01
1.083800e+01 6.328401e-02 2.108503e+01 1.563554e+01
1.084000e+01 6.329198e-02 2.108676e+01 1.563718e+01
1.084200e+01 6.330054e-02 2.108862e+01 1.563896e+01
1.084400e+01 6.330987e-02 2.109067e+01 1.564091e+01
1.084600e+01 6.332026e-02 2.109296e+01 1.564311e+01
1.084800e+01 6.333224e-02 2.109565e+01 1.564568e+01
1.085000e+01 6.334691e-02 2.109898e+01 1.564889e+01
1.085200e+01 6.335733e-02 2.110127e+01 1.565107e+01
1.085400e+01 6.335478e-02 2.110047e+01 1.565026e+01
1.085600e+01 6.335575e-02 2.110050e+01 1.565025e+01
1.085800e+01 6.335855e-02 2.110097e+01 1.565067e+01
1.086000e+01 6.336254e-02 2.110173e+01 1.565137e+01
1.086200e+01 6.336736e-02 2.110269e+01 1.565226e+01
1.086400e+01 6.337281e-02 2.110379e+01 1.565329e+01
1.086600e+01 6.337876e-02 2.110500e+01 1.565443e+01
1.086800e+01 6.338512e-02 2.110630e+01 1.565566e+01
1.087000e+01 6.339184e-02 2.110769e+01 1.565697e+01
1.087200e+01 6.339887e-02 2.110913e+01 1.565834e+01
1.087400e+01 6.340618e-02 2.111064e+01 1.565977e+01
1.087600e+01 6.341375e-02 2.111221e+01 1.566125e+01
1.087800e+01 6.342155e-02 2.111382e+01 1.566279e+01
1.088000e+01 6.342957e-02 2.111548e+01 1.566436e+01
1.088200e+01 6.343780e-02 2.111718e+01 1.566598e+01
1.088400e+01 6.344623e-02 2.111892e+01 1.566764e+01
1.088600e+01 6.345485e-02 2.112071e+01 1.566933e+01
1.088800e+01 6.346365e-02 2.112253e+01 1.567107e+01
1.089000e+01 6.347264e-02 2.112438e+01 1.567283e+01
1.089200e+01 6.348180e-02 2.112628e+01 1.567464e+01
1.089400e+01 6.349114e-02 2.112820e+01 1.567647e+01
1.089600e+01 6.350065e-02 2.113016e+01 1.567834e+01
1.089800e+01 6.351032e-02 2.113216e+01 1.568025e+01
1.090000e+01 6.352016e-02 2.113419e+01 1.568218e+01
1.090200e+01 6.353016e-02 2.113625e+01 1.568415e+01
1.090400e+01 6.354032e-02 2.113834e+01 1.568614e+01
1.090600e+01 6.355064e-02 2.114046e+01 1.568817e+01
1.090800e+01 6.356113e-02 2.114262e+01 1.569023e+01
1.091000e+01 6.357177e-02 2.114480e+01 1.569232e+01
1.091200e+01 6.358257e-02 2.114702e+01 1.569444e+01
1.091400e+01 6.359353e-02 2.114927e+01 1.569659e+01
1.091600e+01 6.360465e-02 2.115155e+01 1.569877e+01
1.091800e+01 6.361592e-02 2.115386e+01 1.570098e+01
1.092000e+01 6.362735e-02 2.115621e+01 1.570323e+01
1.092200e+01 6.363894e-02 2.115858e+01 1.570550e+01
1.092400e+01 6.365069e-02 2.116099e+01 1.570780e+01
1.092600e+01 6.366260e-02 2.116342e+01 1.571013e+01
1.092800e+01 6.367467e-02 2.116589e+01 1.571250e+01
1.093000e+01 6.368690e-02 2.116839e+01 1.571489e+01
1.093200e+01 6.369928e-02 2.117092e+01 1.571732e+01
1.093400e+01 6.371183e-02 2.117349e+01 1.571977e+01
1.093600e+01 6.372454e-02 2.117608e+01 1.572226e+01
1.093800e+01 6.373741e-02 2.117871e+01 1.572478e+01
1.094000e+01 6.375045e-02 2.118136e+01 1.572733e+01
1.094200e+01 6.376365e-02 2.118406e+01 1.572991e+01
1.094400e+01 6.377701e-02 2.118678e+01 1.573252e+01
1.094600e+01 6.379054e-02 2.118954e+01 1.573516e+01
1.094800e+01 6.380424e-02 2.119232e+01 1.573784e+01
1.095000e+01 6.381811e-02 2.119515e+01 1.574055e+01
1.095200e+01 6.383215e-02 2.119800e+01 1.574329e+01
1.095400e+01 6.384636e-02 2.120089e+01 1.574606e+01
1.095600e+01 6.386075e-02 2.120382e+01 1.574887e+01
1.095800e+01 6.387531e-02 2.120678e+01 1.575171e+01
1.096000e+01 6.389004e-02 2.120977e+01 1.575459e+01
1.096200e+01 6.390496e-02 2.121280e+01 1.575750e+01
1.096400e+01 6.392005e-02 2.121586e+01 1.576044e+01
1.096600e+01 6.393533e-02 2.121896e+01 1.576342e+01
1.096800e+01 6.395079e-02 2.122209e+01 1.576643e+01
1.097000e+01 6.396643e-02 2.122527e+01 1.576948e+01
1.097200e+01 6.398226e-02 2.122848e+01 1.577257e+01
1.097400e+01 6.399828e-02 2.123172e+01 1.577569e+01
1.097600e+01 6.401449e-02 2.123501e+01 1.577885e+01
1.097800e+01 6.403090e-02 2.123833e+01 1.578204e+01
1.098000e+01 6.404750e-02 2.124169e+01 1.578528e+01
1.098200e+01 6.406430e-02 2.124509e+01 1.578855e+01
1.098400e+01 6.408130e-02 2.124853e+01 1.579186e+01
1.098600e+01 6.409850e-02 2.125201e+01 1.579521e+01
1.098800e+01 6.411591e-02 2.125553e+01 1.579860e+01
1.099000e+01 6.413353e-02 2.125909e+01 1.580203e+01
1.099200e+01 6.415136e-02 2.126270e+01 1.580550e+01
1.099400e+01 6.416941e-02 2.126635e+01 1.580901e+01
1.099600e+01 6.418767e-02 2.127004e+01 1.581256e+01
1.099800e+01 6.420615e-02 2.127377e+01 1.581616e+01
1.100000e+01 6.422485e-02 2.127755e+01 1.581980e+01
1.100200e+01 6.424378e-02 2.128137e+01 1.582348e+01
1.100400e+01 6.426295e-02 2.128524e+01 1.582721e+01
1.100600e+01 6.428234e-02 2.128916e+01 1.583099e+01
1.100800e+01 6.430197e-02 2.129312e+01 1.583481e+01
1.101000e+01 6.432185e-02 2.129713e+01 1.583867e+01
1.101200e+01 6.434196e-02 2.130119e+01 1.584259e+01
1.101400e+01 6.436233e-02 2.130530e+01 1.584655e+01
1.101600e+01 6.438295e-02 2.130946e+01 1.585056e+01
1.101800e+01 6.440383e-02 2.131367e+01 1.585463e+01
1.102000e+01 6.442496e-02 2.131794e+01 1.585874e+01
1.102200e+01 6.444637e-02 2.132226e+01 1.586291e+01
1.102400e+01 6.446804e-02 2.132663e+01 1.586712e+01
1.102600e+01 6.448999e-02 2.133106e+01 1.587140e+01
1.102800e+01 6.451222e-02 2.133554e+01 1.587572e+01
1.103000e+01 6.453474e-02 2.134008e+01 1.588011e+01
1.103200e+01 6.455755e-02 2.134468e+01 1.588455e+01
1.103400e+01 6.458065e-02 2.134934e+01 1.588905e+01
1.103600e+01 6.460406e-02 2.135406e+01 1.589361e+01
1.103800e+01 6.462777e-02 2.135884e+01 1.589823e+01
1.104000e+01 6.465180e-02 2.136369e+01 1.590291e+01
1.104200e+01 6.467615e-02 2.136860e+01 1.590765e+01
1.104400e+01 6.470083e-02 2.137358e+01 1.591246e+01
1.104600e+01 6.472585e-02 2.137863e+01 1.591734e+01
1.104800e+01 6.475120e-02 2.138374e+01 1.592228e+01
1.105000e+01 6.477691e-02 2.138893e+01 1.592729e+01
1.105200e+01 6.480297e-02 2.139419e+01 1.593238e+01
1.105400e+01 6.482940e-02 2.139953e+01 1.593753e+01
1.105600e+01 6.485620e-02 2.140494e+01 1.594276e+01
1.105800e+01 6.488339e-02 2.141042e+01 1.594807e+01
1.106000e+01 6.491097e-02 2.141599e+01 1.595346e+01
1.106200e+01 6.493894e-02 2.142164e+01 1.595892e+01
1.106400e+01 6.496733e-02 2.142738e+01 1.596447e+01
1.106600e+01 6.499614e-02 2.143320e+01 1.597010e+01
1.106800e+01 6.502539e-02 2.143911e+01 1.597582e+01
1.107000e+01 6.505507e-02 2.144511e+01 1.598162e+01
1.107200e+01 6.508521e-02 2.145121e+01 1.598752e+01
1.107400e+01 6.511582e-02 2.145740e+01 1.599351e+01
1.107600e+01 6.514691e-02 2.146369e+01 1.599960e+01
1.107800e+01 6.517849e-02 2.147008e+01 1.600579e+01
1.108000e+01 6.521058e-02 2.147658e+01 1.601208e+01
1.108200e+01 6.524319e-02 2.148318e+01 1.601847e+01
1.108400e+01 6.527633e-02 2.148990e+01 1.602498e+01
1.108600e+01 6.531003e-02 2.149673e+01 1.603159e+01
1.108800e+01 6.534430e-02 2.150368e+01 1.603833e+01
1.109000e+01 6.537916e-02 2.151075e+01 1.604518e+01
1.109200e+01 6.541462e-02 2.151795e+01 1.605215e+01
1.109400e+01 6.545071e-02 2.152528e+01 1.605925e+01
1.109600e+01 6.548745e-02 2.153274e+01 1.606648e+01
1.109800e+01 6.552485e-02 2.154034e+01 1.607385e+01
1.110000e+01 6.556294e-02 2.154809e+01 1.608136e+01
1.110200e+01 6.560175e-02 2.155599e+01 1.608902e+01
1.110400e+01 6.564129e-02 2.156404e+01 1.609682e+01
1.110600e+01 6.568160e-02 2.157225e+01 1.610479e+01
1.110800e+01 6.572271e-02 2.158063e+01 1.611291e+01
1.111000e+01 6.576464e-02 2.158919e+01 1.612121e+01
1.111200e+01 6.580742e-02 2.159792e+01 1.612968e+01
1.111400e+01 6.585109e-02 2.160684e+01 1.613833e+01
1.111600e+01 6.589568e-02 2.161596e+01 1.614718e+01
1.111800e+01 6.594124e-02 2.162528e+01 1.615622e+01
1.112000e+01 6.598780e-02 2.163481e+01 1.616548e+01
1.112200e+01 6.603540e-02 2.164457e+01 1.617494e+01
1.112400e+01 6.608409e-02 2.165456e+01 1.618464e+01
1.112600e+01 6.613391e-02 2.166478e+01 1.619457e+01
1.112800e+01 6.618493e-02 2.167527e+01 1.620474e+01
1.113000e+01 6.623719e-02 2.168602e+01 1.621518e+01
1.113200e+01 6.629075e-02 2.169704e+01 1.622589e+01
1.113400e+01 6.634568e-02 2.170836e+01 1.623689e+01
1.113600e+01 6.640204e-02 2.171999e+01 1.624818e+01
1.113800e+01 6.645991e-02 2.173195e+01 1.625979e+01
1.114000e+01 6.651936e-02 2.174424e+01 1.627174e+01
1.114200e+01 6.658048e-02 2.175689e+01 1.628403e+01
1.114400e+01 6.664337e-02 2.176993e+01 1.629670e+01
1.114600e+01 6.670811e-02 2.178337e+01 1.630976e+01
1.114800e+01 6.677483e-02 2.179723e+01 1.632324e+01
1.115000e+01 6.684363e-02 2.181155e+01 1.633716e+01
1.115200e+01 6.691465e-02 2.182635e+01 1.635155e+01
1.115400e+01 6.698802e-02 2.184166e+01 1.636644e+01
1.115600e+01 6.706390e-02 2.185752e+01 1.638187e+01
1.115800e+01 6.714245e-02 2.187397e+01 1.639786e+01
1.116000e+01 6.722387e-02 2.189105e+01 1.641447e+01
1.116200e+01 6.730836e-02 2.190880e+01 1.643174e+01
1.116400e+01 6.739614e-02 2.192728e+01 1.644972e+01
1.116600e+01 6.748749e-02 2.194654e+01 1.646847e+01
1.116800e+01 6.758269e-02 2.196666e+01 1.648805e+01
1.117000e+01 6.768208e-02 2.198771e+01 1.650854e+01
1.117200e+01 6.778603e-02 2.200977e+01 1.653003e+01
1.117400e+01 6.789499e-02 2.203296e+01 1.655260e+01
1.117600e+01 6.800947e-02 2.205739e+01 1.657639e+01
1.117800e+01 6.813009e-02 2.208320e+01 1.660153e+01
1.118000e+01 6.825758e-02 2.211056e+01 1.662818e+01
1.118200e+01 6.839283e-02 2.213968e+01 1.665655e+01
1.118400e+01 6.853694e-02 2.217082e+01 1.668690e+01
1.118600e+01 6.869131e-02 2.220431e+01 1.671954e+01
1.118800e+01 6.885776e-02 2.224059e+01 1.675490e+01
1.119000e+01 6.903885e-02 2.228024e+01 1.679356e+01
1.119200e+01 6.923915e-02 2.232436e+01 1.683658e+01
1.119400e+01 6.946521e-02 2.237434e+01 1.688532e+01
1.119600e+01 6.968993e-02 2.242429e+01 1.693405e+01
1.119800e+01 6.995724e-02 2.248412e+01 1.699242e+01
1.120000e+01 7.026894e-02 2.255448e+01 1.706109e+01
1.120200e+01 7.064101e-02 2.263926e+01 1.714384e+01
1.120400e+01 7.110283e-02 2.274557e+01 1.724765e+01
1.120600e+01 7.169492e-02 2.288308e+01 1.738196e+01
1.120800e+01 7.249338e-02 2.307051e+01 1.756511e+01
1.121000e+01 7.406764e-02 2.343765e+01 1.792409e+01
1.121200e+01 7.709314e-02 2.410313e+01 1.857545e+01
1.121400e+01 7.318859e-02 2.323404e+01 1.772487e+01
1.121600e+01 7.204289e-02 2.296513e+01 1.746195e+01
1.121800e+01 7.133651e-02 2.280021e+01 1.730075e+01
1.122000e+01 7.082136e-02 2.268128e+01 1.718452e+01
1.122200e+01 7.041444e-02 2.258837e+01 1.709374e+01
1.122400e+01 7.007720e-02 2.251213e+01 1.701926e+01
1.122600e+01 6.978861e-02 2.244747e+01 1.695608e+01
1.122800e+01 6.953591e-02 2.239128e+01 1.690119e+01
1.123000e+01 6.931080e-02 2.234158e+01 1.685264e+01
1.123200e+01 6.910752e-02 2.229698e+01 1.680906e+01
1.123400e+01 6.892196e-02 2.225649e+01 1.676952e+01
1.123600e+01 6.875108e-02 2.221940e+01 1.673328e+01
1.123800e+01 6.859256e-02 2.218516e+01 1.669982e+01
1.124000e+01 6.844460e-02 2.215333e+01 1.666873e+01
1.124200e+01 6.830579e-02 2.212359e+01 1.663968e+01
1.124400e+01 6.817500e-02 2.209568e+01 1.661241e+01
1.124600e+01 6.805131e-02 2.206937e+01 1.658670e+01
1.124800e+01 6.793396e-02 2.204449e+01 1.656240e+01
1.125000e+01 6.782232e-02 2.202090e+01 1.653934e+01
1.125200e+01 6.771586e-02 2.199846e+01 1.651742e+01
1.125400e+01 6.761413e-02 2.197708e+01 1.649653e+01
1.125600e+01 6.751673e-02 2.195667e+01 1.647658e+01
1.125800e+01 6.742334e-02 2.193714e+01 1.645750e+01
1.126000e+01 6.733365e-02 2.191843e+01 1.643922e+01
1.126200e+01 6.724740e-02 2.190049e+01 1.642168e+01
1.126400e+01 6.716436e-02 2.188325e+01 1.640483e+01
1.126600e+01 6.708433e-02 2.186667e+01 1.638862e+01
1.126800e+01 6.700713e-02 2.185071e+01 1.637303e+01
1.127000e+01 6.693259e-02 2.183534e+01 1.635800e+01
1.127200e+01 6.686056e-02 2.182051e+01 1.634350e+01
1.127400e+01 6.679093e-02 2.180621e+01 1.632952e+01
1.127600e+01 6.672356e-02 2.179240e+01 1.631602e+01
1.127800e+01 6.665837e-02 2.177907e+01 1.630298e+01
1.128000e+01 6.659526e-02 2.176619e+01 1.629039e+01
1.128200e+01 6.653416e-02 2.175374e+01 1.627822e+01
1.128400e+01 6.647501e-02 2.174173e+01 1.626646e+01
1.128600e+01 6.641777e-02 2.173012e+01 1.625512e+01
1.128800e+01 6.636242e-02 2.171894e+01 1.624417e+01
1.129000e+01 6.630895e-02 2.170816e+01 1.623363e+01
1.129200e+01 6.625738e-02 2.169780e+01 1.622349e+01
1.129400e+01 6.620779e-02 2.168788e+01 1.621378e+01
1.129600e+01 6.616029e-02 2.167842e+01 1.620453e+01
1.129800e+01 6.611509e-02 2.166948e+01 1.619578e+01
1.130000e+01 6.607253e-02 2.166114e+01 1.618761e+01
1.130200e+01 6.603320e-02 2.165355e+01 1.618017e+01
1.130400e+01 6.599817e-02 2.164697e+01 1.617372e+01
1.130600e+01 6.596960e-02 2.164193e+01 1.616877e+01
1.130800e+01 6.595272e-02 2.163969e+01 1.616655e+01
1.131000e+01 6.596787e-02 2.164496e+01 1.617164e+01
1.131200e+01 6.597247e-02 2.164724e+01 1.617383e+01
1.131400e+01 6.583061e-02 2.161582e+01 1.614317e+01
1.131600e+01 6.574889e-02 2.159803e+01 1.612580e+01
1.131800e+01 6.568235e-02 2.158388e+01 1.611197e+01
1.132000e+01 6.562330e-02 2.157153e+01 1.609989e+01
1.132200e+01 6.556882e-02 2.156026e+01 1.608887e+01
1.132400e+01 6.551751e-02 2.154973e+01 1.607857e+01
1.132600e+01 6.546856e-02 2.153974e+01 1.606881e+01
1.132800e+01 6.542149e-02 2.153019e+01 1.605946e+01
1.133000e+01 6.537599e-02 2.152098e+01 1.605045e+01
1.133200e+01 6.533182e-02 2.151208e+01 1.604173e+01
1.133400e+01 6.528883e-02 2.150343e+01 1.603327e+01
1.133600e+01 6.524688e-02 2.149501e+01 1.602503e+01
1.133800e+01 6.520588e-02 2.148680e+01 1.601699e+01
1.134000e+01 6.516576e-02 2.147877e+01 1.600914e+01
1.134200e+01 6.512644e-02 2.147092e+01 1.600145e+01
1.134400e+01 6.508787e-02 2.146323e+01 1.599392e+01
1.134600e+01 6.505002e-02 2.145570e+01 1.598654e+01
1.134800e+01 6.501283e-02 2.144830e+01 1.597930e+01
1.135000e+01 6.497628e-02 2.144104e+01 1.597219e+01
1.135200e+01 6.494034e-02 2.143391e+01 1.596520e+01
1.135400e+01 6.490497e-02 2.142690e+01 1.595833e+01
1.135600e+01 6.487016e-02 2.142000e+01 1.595158e+01
1.135800e+01 6.483588e-02 2.141322e+01 1.594493e+01
1.136000e+01 6.480211e-02 2.140654e+01 1.593839e+01
1.136200e+01 6.476883e-02 2.139997e+01 1.593194e+01
1.136400e+01 6.473603e-02 2.139349e+01 1.592560e+01
1.136600e+01 6.470369e-02 2.138711e+01 1.591934e+01
1.136800e+01 6.467179e-02 2.138082e+01 1.591318e+01
1.137000e+01 6.464032e-02 2.137462e+01 1.590710e+01
1.137200e+01 6.460927e-02 2.136850e+01 1.590111e+01
1.137400e+01 6.457862e-02 2.136247e+01 1.589520e+01
1.137600e+01 6.454837e-02 2.135652e+01 1.588936e+01
1.137800e+01 6.451849e-02 2.135065e+01 1.588361e+01
1.138000e+01 6.448899e-02 2.134485e+01 1.587792e+01
1.138200e+01 6.445984e-02 2.133913e+01 1.587231e+01
1.138400e+01 6.443105e-02 2.133348e+01 1.586677e+01
1.138600e+01 6.440260e-02 2.132790e+01 1.586130e+01
1.138800e+01 6.437448e-02 2.132239e+01 1.585589e+01
1.139000e+01 6.434669e-02 2.131694e+01 1.585055e+01
1.139200e+01 6.431922e-02 2.131156e+01 1.584527e+01
1.139400e+01 6.429205e-02 2.130624e+01 1.584005e+01
1.139600e+01 6.426519e-02 2.130098e+01 1.583489e+01
1.139800e+01 6.423862e-02 2.129578e+01 1.582979e+01
1.140000e+01 6.421233e-02 2.129064e+01 1.582474e+01
1.140200e+01 6.418634e-02 2.128556e+01 1.581975e+01
1.140400e+01 6.416061e-02 2.128053e+01 1.581482e+01
1.140600e+01 6.413516e-02 2.127556e+01 1.580994e+01
1.140800e+01 6.410997e-02 2.127063e+01 1.580511e+01
1.141000e+01 6.408504e-02 2.126577e+01 1.580033e+01
1.141200e+01 6.406036e-02 2.126095e+01 1.579560e+01
1.141400e+01 6.403593e-02 2.125618e+01 1.579092e+01
1.141600e+01 6.401174e-02 2.125146e+01 1.578629e+01
1.141800e+01 6.398780e-02 2.124679e+01 1.578170e+01
1.142000e+01 6.396408e-02 2.124217e+01 1.577716e+01
1.142200e+01 6.394060e-02 2.123759e+01 1.577266e+01
1.142400e+01 6.391733e-02 2.123305e+01 1.576821e+01
1.142600e+01 6.389429e-02 2.122856e+01 1.576380e+01
1.142800e+01 6.387147e-02 2.122412e+01 1.575943e+01
1.143000e+01 6.384886e-02 2.121971e+01 1.575510e+01
1.143200e+01 6.382646e-02 2.121535e+01 1.575082e+01
1.143400e+01 6.380426e-02 2.121103e+01 1.574657e+01
1.143600e+01 6.378227e-02 2.120675e+01 1.574237e+01
1.143800e+01 6.376047e-02 2.120251e+01 1.573820e+01
1.144000e+01 6.373887e-02 2.119830e+01 1.573407e+01
1.144200e+01 6.371746e-02 2.119414e+01 1.572997e+01
1.144400e+01 6.369624e-02 2.119001e+01 1.572591e+01
1.144600e+01 6.367520e-02 2.118592e+01 1.572189e+01
1.144800e+01 6.365435e-02 2.118186e+01 1.571791e+01
1.145000e+01 6.363367e-02 2.117784e+01 1.571395e+01
1.145200e+01 6.361318e-02 2.117385e+01 1.571003e+01
1.145400e+01 6.359285e-02 2.116990e+01 1.570615e+01
1.145600e+01 6.357270e-02 2.116598e+01 1.570230e+01
1.145800e+01 6.355272e-02 2.116210e+01 1.569848e+01
1.146000e+01 6.353290e-02 2.115825e+01 1.569469e+01
1.146200e+01 6.351324e-02 2.115443e+01 1.569093e+01
1.146400e+01 6.349375e-02 2.115064e+01 1.568721e+01
1.146600e+01 6.347442e-02 2.114688e+01 1.568351e+01
1.146800e+01 6.345524e-02 2.114316e+01 1.567985e+01
1.147000e+01 6.343622e-02 2.113946e+01 1.567621e+01
1.147200e+01 6.341734e-02 2.113580e+01 1.567260e+01
1.147400e+01 6.339862e-02 2.113216e+01 1.566903e+01
1.147600e+01 6.338005e-02 2.112855e+01 1.566548e+01
1.147800e+01 6.336162e-02 2.112497e+01 1.566195e+01
1.148000e+01 6.334334e-02 2.112142e+01 1.565846e+01
1.148200e+01 6.332520e-02 2.111790e+01 1.565499e+01
1.148400e+01 6.330720e-02 2.111440e+01 1.565155e+01
1.148600e+01 6.328933e-02 2.111094e+01 1.564814e+01
1.148800e+01 6.327161e-02 2.110749e+01 1.564475e+01
1.149000e+01 6.325402e-02 2.110408e+01 1.564138e+01
1.149200e+01 6.323656e-02 2.110069e+01 1.563805e+01
1.149400e+01 6.321923e-02 2.109732e+01 1.563473e+01
1.149600e+01 6.320203e-02 2.109398e+01 1.563144e+01
1.149800e+01 6.318496e-02 2.109067e+01 1.562818e+01
1.150000e+01 6.316802e-02 2.108738e+01 1.562494e+01
1.150200e+01 6.315121e-02 2.108412e+01 1.562172e+01
1.150400e+01 6.313451e-02 2.108088e+01 1.561853e+01
1.150600e+01 6.311794e-02 2.107766e+01 1.561536e+01
1.150800e+01 6.310149e-02 2.107446e+01 1.561221e+01
1.151000e+01 6.308516e-02 2.107129e+01 1.560909e+01
1.151200e+01 6.306895e-02 2.106815e+01 1.560599e+01
1.151400e+01 6.305285e-02 2.106502e+01 1.560291e+01
1.151600e+01 6.303687e-02 2.106192e+01 1.559985e+01
1.151800e+01 6.302100e-02 2.105884e+01 1.559681e+01
1.152000e+01 6.300525e-02 2.105578e+01 1.559380e+01
1.152200e+01 6.298960e-02 2.105274e+01 1.559080e+01
1.152400e+01 6.297407e-02 2.104972e+01 1.558783e+01
1.152600e+01 6.295865e-02 2.104673e+01 1.558488e+01
1.152800e+01 6.294333e-02 2.104376e+01 1.558194e+01
1.153000e+01 6.292813e-02 2.104080e+01 1.557903e+01
1.153200e+01 6.291302e-02 2.103787e+01 1.557614e+01
1.153400e+01 6.289803e-02 2.103496e+01 1.557327e+01
1.153600e+01 6.288313e-02 2.103207e+01 1.557041e+01
1.153800e+01 6.286834e-02 2.102919e+01 1.556758e+01
1.154000e+01 6.285365e-02 2.102634e+01 1.556476e+01
1.154200e+01 6.283906e-02 2.102351e+01 1.556197e+01
1.154400e+01 6.282458e-02 2.102069e+01 1.555919e+01
1.154600e+01 6.281019e-02 2.101790e+01 1.555643e+01
1.154800e+01 6.279589e-02 2.101512e+01 1.555369e+01
1.155000e+01 6.278170e-02 2.101236e+01 1.555097e+01
1.155200e+01 6.276760e-02 2.100962e+01 1.554827e+01
1.155400e+01 6.275360e-02 2.100690e+01 1.554558e+01
1.155600e+01 6.273969e-02 2.100420e+01 1.554291e+01
1.155800e+01 6.272587e-02 2.100152e+01 1.554026e+01
1.156000e+01 6.271215e-02 2.099885e+01 1.553763e+01
1.156200e+01 6.269852e-02 2.099620e+01 1.553501e+01
1.156400e+01 6.268498e-02 2.099357e+01 1.553242e+01
1.156600e+01 6.267153e-02 2.099096e+01 1.552983e+01
1.156800e+01 6.265817e-02 2.098836e+01 1.552727e+01
1.157000e+01 6.264490e-02 2.098578e+01 1.552472e+01
1.157200e+01 6.263171e-02 2.098322e+01 1.552219e+01
1.157400e+01 6.261862e-02 2.098068e+01 1.551968e+01
1.157600e+01 6.260561e-02 2.097815e+01 1.551718e+01
1.157800e+01 6.259270e-02 2.097564e+01 1.551470e+01
1.158000e+01 6.257987e-02 2.097314e+01 1.551223e+01
1.158200e+01 6.256712e-02 2.097067e+01 1.550978e+01
1.158400e+01 6.255447e-02 2.096821e+01 1.550735e+01
1.158600e+01 6.254191e-02 2.096577e+01 1.550494e+01
1.158800e+01 6.252948e-02 2.096335e+01 1.550255e+01
1.159000e+01 6.251714e-02 2.096096e+01 1.550018e+01
1.159200e+01 6.250465e-02 2.095852e+01 1.549777e+01
1.159400e+01 6.249234e-02 2.095613e+01 1.549541e+01
1.159600e+01 6.248013e-02 2.095375e+01 1.549305e+01
1.159800e+01 6.246801e-02 2.095139e+01 1.549072e+01
1.160000e+01 6.245597e-02 2.094905e+01 1.548840e+01
1.160200e+01 6.244401e-02 2.094672e+01 1.548610e+01
1.160400e+01 6.243214e-02 2.094441e+01 1.548382e+01
1.160600e+01 6.242034e-02 2.094212e+01 1.548154e+01
1.160800e+01 6.240862e-02 2.093984e+01 1.547929e+01
1.161000e+01 6.239698e-02 2.093757e+01 1.547704e+01
1.161200e+01 6.238542e-02 2.093532e+01 1.547482e+01
1.161400e+01 6.237393e-02 2.093309e+01 1.547260e+01
1.161600e+01 6.236252e-02 2.093087e+01 1.547041e+01
1.161800e+01 6.235119e-02 2.092866e+01 1.546822e+01
1.162000e+01 6.233993e-02 2.092647e+01 1.546605e+01
1.162200e+01 6.232875e-02 2.092429e+01 1.546390e+01
1.162400e+01 6.231764e-02 2.092213e+01 1.546175e+01
1.162600e+01 6.230661e-02 2.091999e+01 1.545963e+01
1.162800e+01 6.229565e-02 2.091785e+01 1.545751e+01
1.163000e+01 6.228477e-02 2.091573e+01 1.545542e+01
1.163200e+01 6.227396e-02 2.091363e+01 1.545333e+01
1.163400e+01 6.226322e-02 2.091154e+01 1.545126e+01
1.163600e+01 6.225256e-02 2.090947e+01 1.544920e+01
1.163800e+01 6.224198e-02 2.090741e+01 1.544716e+01
1.164000e+01 6.223146e-02 2.090536e+01 1.544513e+01
1.164200e+01 6.222102e-02 2.090333e+01 1.544312e+01
1.164400e+01 6.221066e-02 2.090131e+01 1.544111e+01
1.164600e+01 6.220037e-02 2.089931e+01 1.543913e+01
1.164800e+01 6.219015e-02 2.089732e+01 1.543716e+01
1.165000e+01 6.218001e-02 2.089535e+01 1.543520e+01
1.165200e+01 6.216994e-02 2.089339e+01 1.543325e+01
1.165400e+01 6.215994e-02 2.089144e+01 1.543132e+01
1.165600e+01 6.215002e-02 2.088951e+01 1.542941e+01
1.165800e+01 6.214018e-02 2.088760e+01 1.542751e+01
1.166000e+01 6.213042e-02 2.088570e+01 1.542562e+01
1.166200e+01 6.212073e-02 2.088382e+01 1.542375e+01
1.166400e+01 6.211112e-02 2.088195e+01 1.542189e+01
1.166600e+01 6.210158e-02 2.088009e+01 1.542005e+01
1.166800e+01 6.209213e-02 2.087826e+01 1.541823e+01
1.167000e+01 6.208277e-02 2.087644e+01 1.541642e+01
1.167200e+01 6.207348e-02 2.087464e+01 1.541463e+01
1.167400e+01 6.206429e-02 2.087285e+01 1.541285e+01
1.167600e+01 6.205519e-02 2.087109e+01 1.541110e+01
1.167800e+01 6.204619e-02 2.086934e+01 1.540936e+01
1.168000e+01 6.203727e-02 2.086761e+01 1.540764e+01
1.168200e+01 6.202843e-02 2.086590e+01 1.540594e+01
1.168400e+01 6.201972e-02 2.086422e+01 1.540426e+01
1.168600e+01 6.201114e-02 2.086256e+01 1.540261e+01
1.168800e+01 6.200271e-02 2.086094e+01 1.540100e+01
1.169000e+01 6.199449e-02 2.085937e+01 1.539943e+01
1.169200e+01 6.198654e-02 2.085786e+01 1.539792e+01
1.169400e+01 6.197900e-02 2.085643e+01 1.539649e+01
1.169600e+01 6.196914e-02 2.085447e+01 1.539454e+01
1.169800e+01 6.195997e-02 2.085265e+01 1.539274e+01
1.170000e+01 6.195105e-02 2.085090e+01 1.539100e+01
1.170200e+01 6.194232e-02 2.084919e+01 1.538930e+01
1.170400e+01 6.193375e-02 2.084752e+01 1.538763e+01
1.170600e+01 6.192531e-02 2.084587e+01 1.538599e+01
1.170800e+01 6.191700e-02 2.084425e+01 1.538438e+01
1.171000e+01 6.190881e-02 2.084266e+01 1.538279e+01
1.171200e+01 6.190073e-02 2.084109e+01 1.538123e+01
1.171400e+01 6.189277e-02 2.083955e+01 1.537969e+01
1.171600e+01 6.188492e-02 2.083803e+01 1.537817e+01
1.171800e+01 6.187718e-02 2.083653e+01 1.537668e+01
1.172000e+01 6.186956e-02 2.083506e+01 1.537520e+01
1.172200e+01 6.186205e-02 2.083361e+01 1.537376e+01
1.172400e+01 6.185466e-02 2.083218e+01 1.537233e+01
1.172600e+01 6.184740e-02 2.083079e+01 1.537094e+01
1.172800e+01 6.184026e-02 2.082942e+01 1.536956e+01
1.173000e+01 6.183326e-02 2.082808e+01 1.536822e+01
1.173200e+01 6.182641e-02 2.082677e+01 1.536691e+01
1.173400e+01 6.181972e-02 2.082550e+01 1.536563e+01
1.173600e+01 6.181321e-02 2.082426e+01 1.536440e+01
1.173800e+01 6.180691e-02 2.082307e+01 1.536320e+01
1.174000e+01 6.180085e-02 2.082194e+01 1.536206e+01
1.174200e+01 6.179512e-02 2.082088e+01 1.536099e+01
1.174400e+01 6.178987e-02 2.081994e+01 1.536004e+01
1.174600e+01 6.178553e-02 2.081921e+01 1.535929e+01
1.174800e+01 6.178438e-02 2.081919e+01 1.535923e+01
1.175000e+01 6.177430e-02 2.081713e+01 1.535719e+01
1.175200e+01 6.176702e-02 2.081568e+01 1.535574e+01
1.175400e+01 6.176080e-02 2.081448e+01 1.535454e+01
1.175600e+01 6.175519e-02 2.081343e+01 1.535348e+01
1.175800e+01 6.175006e-02 2.081249e+01 1.535252e+01
1.176000e+01 6.174538e-02 2.081165e+01 1.535167e+01
1.176200e+01 6.174115e-02 2.081092e+01 1.535092e+01
1.176400e+01 6.173743e-02 2.081030e+01 1.535028e+01
1.176600e+01 6.173429e-02 2.080982e+01 1.534977e+01
1.176800e+01 6.173182e-02 2.080949e+01 1.534941e+01
1.177000e+01 6.173019e-02 2.080936e+01 1.534925e+01
1.177200e+01 6.172962e-02 2.080948e+01 1.534933e+01
1.177400e+01 6.173043e-02 2.080993e+01 1.534973e+01
1.177600e+01 6.173317e-02 2.081085e+01 1.535057e+01
1.177800e+01 6.173872e-02 2.081244e+01 1.535209e+01
1.178000e+01 6.174879e-02 2.081513e+01 1.535467e+01
1.178200e+01 6.176706e-02 2.081983e+01 1.535919e+01
1.178400e+01 6.180466e-02 2.082918e+01 1.536825e+01
1.178600e+01 6.194730e-02 2.086162e+01 1.539975e+01
1.178800e+01 6.179624e-02 2.082782e+01 1.536685e+01
1.179000e+01 6.174004e-02 2.081469e+01 1.535404e+01
1.179200e+01 6.170531e-02 2.080670e+01 1.534624e+01
1.179400e+01 6.167935e-02 2.080086e+01 1.534052e+01
1.179600e+01 6.165812e-02 2.079618e+01 1.533592e+01
1.179800e+01 6.163982e-02 2.079220e+01 1.533202e+01
1.180000e+01 6.162350e-02 2.078870e+01 1.532857e+01
1.180200e+01 6.160859e-02 2.078553e+01 1.532546e+01
1.180400e+01 6.159475e-02 2.078262e+01 1.532259e+01
1.180600e+01 6.158174e-02 2.077991e+01 1.531991e+01
1.180800e+01 6.156939e-02 2.077734e+01 1.531738e+01
1.181000e+01 6.155759e-02 2.077491e+01 1.531497e+01
1.181200e+01 6.154624e-02 2.077258e+01 1.531267e+01
1.181400e+01 6.153528e-02 2.077034e+01 1.531045e+01
1.181600e+01 6.152465e-02 2.076817e+01 1.530830e+01
1.181800e+01 6.151432e-02 2.076607e+01 1.530622e+01
1.182000e+01 6.150425e-02 2.076403e+01 1.530420e+01
1.182200e+01 6.149442e-02 2.076204e+01 1.530223e+01
1.182400e+01 6.148479e-02 2.076010e+01 1.530030e+01
1.182600e+01 6.147536e-02 2.075820e+01 1.529842e+01
1.182800e+01 6.146610e-02 2.075634e+01 1.529657e+01
1.183000e+01 6.145701e-02 2.075452e+01 1.529476e+01
1.183200e+01 6.144807e-02 2.075272e+01 1.529298e+01
1.183400e+01 6.143927e-02 2.075096e+01 1.529123e+01
1.183600e+01 6.143061e-02 2.074923e+01 1.528951e+01
1.183800e+01 6.142208e-02 2.074753e+01 1.528781e+01
1.184000e+01 6.141367e-02 2.074585e+01 1.528614e+01
1.184200e+01 6.140537e-02 2.074420e+01 1.528450e+01
1.184400e+01 6.139719e-02 2.074257e+01 1.528288e+01
1.184600e+01 6.138911e-02 2.074097e+01 1.528128e+01
1.184800e+01 6.138113e-02 2.073939e+01 1.527970e+01
1.185000e+01 6.137326e-02 2.073783e+01 1.527814e+01
1.185200e+01 6.136549e-02 2.073629e+01 1.527661e+01
1.185400e+01 6.135781e-02 2.073477e+01 1.527509e+01
1.185600e+01 6.135023e-02 2.073327e+01 1.527360e+01
1.185800e+01 6.134276e-02 2.073179e+01 1.527212e+01
1.186000e+01 6.133538e-02 2.073034e+01 1.527067e+01
1.186200e+01 6.132810e-02 2.072890e+01 1.526924e+01
1.186400e+01 6.132094e-02 2.072749e+01 1.526783e+01
1.186600e+01 6.131389e-02 2.072611e+01 1.526645e+01
1.186800e+01 6.130698e-02 2.072476e+01 1.526509e+01
1.187000e+01 6.130024e-02 2.072345e+01 1.526378e+01
1.187200e+01 6.129371e-02 2.072218e+01 1.526251e+01
1.187400e+01 6.128748e-02 2.072099e+01 1.526131e+01
1.187600e+01 6.128175e-02 2.071991e+01 1.526022e+01
1.187800e+01 6.127714e-02 2.071911e+01 1.525940e+01
1.188000e+01 6.127312e-02 2.071841e+01 1.525869e+01
1.188200e+01 6.126335e-02 2.071639e+01 1.525669e+01
1.188400e+01 6.125635e-02 2.071500e+01 1.525530e+01
1.188600e+01 6.125168e-02 2.071417e+01 1.525445e+01
1.188800e+01 6.124327e-02 2.071245e+01 1.525274e+01
1.189000e+01 6.123380e-02 2.071047e+01 1.525077e+01
1.189200e+01 6.122565e-02 2.070880e+01 1.524911e+01
1.189400e+01 6.121803e-02 2.070726e+01 1.524758e+01
1.189600e+01 6.121073e-02 2.070580e+01 1.524612e+01
1.189800e+01 6.120363e-02 2.070438e+01 1.524470e+01
1.190000e+01 6.119668e-02 2.070300e+01 1.524332e+01
1.190200e+01 6.118986e-02 2.070164e+01 1.524196e+01
1.190400e+01 6.118313e-02 2.070031e+01 1.524063e+01
1.190600e+01 6.117650e-02 2.069900e+01 1.523931e+01
1.190800e+01 6.116994e-02 2.069770e+01 1.523802e+01
1.191000e+01 6.116346e-02 2.069642e+01 1.523673e+01
1.191200e+01 6.115704e-02 2.069516e+01 1.523546e+01
1.191400e+01 6.115068e-02 2.069390e+01 1.523421e+01
1.191600e+01 6.114439e-02 2.069266e+01 1.523296e+01
1.191800e+01 6.113814e-02 2.069143e+01 1.523173e+01
1.192000e+01 6.113196e-02 2.069022e+01 1.523051e+01
1.192200e+01 6.112583e-02 2.068901e+01 1.522929e+01
1.192400e+01 6.111974e-02 2.068781e+01 1.522809e+01
1.192600e+01 6.111371e-02 2.068663e+01 1.522690e+01
1.192800e+01 6.110773e-02 2.068545e+01 1.522572e+01
1.193000e+01 6.110179e-02 2.068429e+01 1.522455e+01
1.193200e+01 6.109591e-02 2.068313e+01 1.522339e+01
1.193400e+01 6.109007e-02 2.068199e+01 1.522224e+01
1.193600e+01 6.108428e-02 2.068085e+01 1.522109e+01
1.193800e+01 6.107853e-02 2.067973e+01 1.521996e+01
1.194000e+01 6.107283e-02 2.067861e+01 1.521884e+01
1.194200e+01 6.106718e-02 2.067750e+01 1.521772e+01
1.194400e+01 6.106158e-02 2.067641e+01 1.521662e+01
1.194600e+01 6.105602e-02 2.067532e+01 1.521552e+01
1.194800e+01 6.105051e-02 2.067424e+01 1.521444e+01
1.195000e+01 6.104505e-02 2.067317e+01 1.521336e+01
1.195200e+01 6.103963e-02 2.067211e+01 1.521229e+01
1.195400e+01 6.103427e-02 2.067107e+01 1.521123e+01
1.195600e+01 6.102895e-02 2.067003e+01 1.521019e+01
1.195800e+01 6.102369e-02 2.066901e+01 1.520915e+01
1.196000e+01 6.101849e-02 2.066799e+01 1.520813e+01
1.196200e+01 6.101334e-02 2.066699e+01 1.520712e+01
1.196400e+01 6.100826e-02 2.066600e+01 1.520612e+01
1.196600e+01 6.100324e-02 2.066503e+01 1.520513e+01
1.196800e+01 6.099830e-02 2.066407e+01 1.520416e+01
1.197000e+01 6.099345e-02 2.066313e+01 1.520321e+01
1.197200e+01 6.098870e-02 2.066222e+01 1.520229e+01
1.197400e+01 6.098407e-02 2.066133e+01 1.520139e+01
1.197600e+01 6.097962e-02 2.066049e+01 1.520052e+01
1.197800e+01 6.097540e-02 2.065970e+01 1.519972e+01
1.198000e+01 6.097157e-02 2.065900e+01 1.519900e+01
1.198200e+01 6.096843e-02 2.065847e+01 1.519845e+01
1.198400e+01 6.096297e-02 2.065738e+01 1.519735e+01
1.198600e+01 6.095664e-02 2.065608e+01 1.519605e+01
1.198800e+01 6.095089e-02 2.065492e+01 1.519488e+01
1.199000e+01 6.094547e-02 2.065383e+01 1.519379e+01
1.199200e+01 6.094026e-02 2.065280e+01 1.519275e+01
1.199400e+01 6.093521e-02 2.065181e+01 1.519174e+01
1.199600e+01 6.093029e-02 2.065084e+01 1.519076e+01
1.199800e+01 6.092546e-02 2.064990e+01 1.518981e+01
