0.100000 0 0
1.000000e+01 3.565082e+00 1.556726e-02
1.100000e+01 3.594680e+00 1.610762e-02
1.200000e+01 3.616341e+00 1.647986e-02
1.300000e+01 3.647212e+00 1.703093e-02
1.400000e+01 3.681928e+00 1.765084e-02
1.500000e+01 3.722757e+00 1.838485e-02
1.600000e+01 3.765385e+00 1.914209e-02
1.700000e+01 3.813417e+00 1.999291e-02
1.800000e+01 3.870437e+00 2.100410e-02
1.900000e+01 3.939767e+00 2.222800e-02
2.000000e+01 4.032934e+00 2.386028e-02
2.100000e+01 4.181822e+00 2.644875e-02
2.200000e+01 4.422648e+00 3.071221e-02
2.300000e+01 4.434570e+00 3.089946e-02
2.400000e+01 4.409047e+00 3.054622e-02
2.500000e+01 4.443950e+00 3.121011e-02
2.600000e+01 4.523341e+00 3.265726e-02
2.700000e+01 4.625493e+00 3.449903e-02
2.800000e+01 4.747835e+00 3.670376e-02
2.900000e+01 4.913670e+00 3.974300e-02
3.000000e+01 5.097574e+00 4.311984e-02
3.100000e+01 5.220801e+00 4.521727e-02
3.200000e+01 5.417784e+00 4.876267e-02
3.300000e+01 5.641110e+00 5.279130e-02
3.400000e+01 5.893722e+00 5.735581e-02
3.500000e+01 6.180986e+00 6.255733e-02
3.600000e+01 6.574621e+00 6.981978e-02
3.700000e+01 6.881716e+00 7.528489e-02
3.800000e+01 7.328484e+00 8.347315e-02
3.900000e+01 7.809518e+00 9.221842e-02
4.000000e+01 8.389687e+00 1.028526e-01
4.100000e+01 9.073221e+00 1.154287e-01
4.200000e+01 9.885679e+00 1.304399e-01
4.300000e+01 1.087098e+01 1.487585e-01
4.400000e+01 1.204696e+01 1.706856e-01
4.500000e+01 1.350129e+01 1.979887e-01
4.600000e+01 1.531417e+01 2.322610e-01
4.700000e+01 1.763738e+01 2.766111e-01
4.800000e+01 2.067945e+01 3.353653e-01
4.900000e+01 2.480034e+01 4.161780e-01
5.000000e+01 3.072373e+01 5.348969e-01
5.100000e+01 4.017695e+01 7.304758e-01
5.200000e+01 5.899474e+01 1.147566e+00
5.300000e+01 1.006979e+02 2.238274e+00
5.400000e+01 1.779774e+02 5.403507e+00
5.500000e+01 2.456326e+02 1.373309e+01
5.600000e+01 2.635932e+02 3.590443e+01
5.700000e+01 2.661544e+02 7.854693e+01
5.800000e+01 2.671341e+02 7.802828e+01
5.900000e+01 2.674553e+02 1.014311e+02
6.000000e+01 2.676932e+02 1.024932e+02
6.100000e+01 2.677098e+02 1.063953e+02
6.200000e+01 2.675071e+02 9.039857e+01
6.300000e+01 2.663912e+02 1.085647e+02
6.400000e+01 2.614626e+02 2.617434e+01
6.500000e+01 2.282337e+02 9.858568e+00
6.600000e+01 1.504293e+02 3.974152e+00
6.700000e+01 8.883102e+01 1.889280e+00
6.800000e+01 5.824901e+01 1.126941e+00
6.900000e+01 4.345072e+01 7.985785e-01
7.000000e+01 3.492560e+01 6.188578e-01
7.100000e+01 2.920042e+01 5.017112e-01
7.200000e+01 2.504929e+01 4.184924e-01
7.300000e+01 2.191040e+01 3.565025e-01
7.400000e+01 1.947274e+01 3.089118e-01
7.500000e+01 1.755026e+01 2.717487e-01
7.600000e+01 1.599480e+01 2.418958e-01
7.700000e+01 1.469223e+01 2.169800e-01
7.800000e+01 1.359703e+01 1.960833e-01
7.900000e+01 1.275375e+01 1.801227e-01
8.000000e+01 1.192175e+01 1.643186e-01
8.100000e+01 1.127127e+01 1.520543e-01
8.200000e+01 1.070137e+01 1.413271e-01
8.300000e+01 1.021375e+01 1.321659e-01
8.400000e+01 9.793413e+00 1.242749e-01
8.500000e+01 9.429150e+00 1.174382e-01
8.600000e+01 9.112774e+00 1.114984e-01
8.700000e+01 8.838868e+00 1.063522e-01
8.800000e+01 8.602174e+00 1.018989e-01
8.900000e+01 8.394933e+00 9.799270e-02
9.000000e+01 8.223349e+00 9.474712e-02
9.100000e+01 8.073095e+00 9.189824e-02
9.200000e+01 7.946877e+00 8.948258e-02
9.300000e+01 7.856983e+00 8.775721e-02
9.400000e+01 8.398890e+00 9.870462e-02
9.500000e+01 7.730544e+00 8.523785e-02
9.600000e+01 7.875706e+00 8.819065e-02
9.700000e+01 7.693788e+00 8.434186e-02
9.800000e+01 7.697857e+00 8.425254e-02
9.900000e+01 7.742869e+00 8.493740e-02
1.000000e+02 7.856371e+00 8.693789e-02
1.010000e+02 8.003956e+00 8.959208e-02
1.020000e+02 8.344014e+00 9.617587e-02
1.030000e+02 8.250892e+00 9.365047e-02
1.040000e+02 8.678513e+00 1.017212e-01
1.050000e+02 8.780996e+00 1.029680e-01
1.060000e+02 9.180338e+00 1.101118e-01
1.070000e+02 9.705589e+00 1.196062e-01
1.080000e+02 1.040772e+01 1.324326e-01
1.090000e+02 1.134071e+01 1.496493e-01
1.100000e+02 1.264360e+01 1.740168e-01
1.110000e+02 1.508192e+01 2.217670e-01
1.120000e+02 1.688898e+01 2.543669e-01
1.130000e+02 2.077958e+01 3.298675e-01
1.140000e+02 2.717628e+01 4.573633e-01
1.150000e+02 3.928733e+01 7.111609e-01
1.160000e+02 6.155292e+01 1.215669e+00
1.170000e+02 1.144613e+02 2.711795e+00
1.180000e+02 2.227423e+02 9.908620e+00
1.190000e+02 2.536840e+02 2.828252e+01
1.200000e+02 1.617276e+02 4.661527e+00
1.210000e+02 8.025794e+01 1.688969e+00
1.220000e+02 4.614210e+01 8.579984e-01
1.230000e+02 3.053442e+01 5.240149e-01
1.240000e+02 2.450408e+01 4.065271e-01
1.250000e+02 1.777630e+01 2.693763e-01
1.260000e+02 1.464395e+01 2.088133e-01
1.270000e+02 1.243565e+01 1.665492e-01
1.280000e+02 1.109259e+01 1.415771e-01
1.290000e+02 9.941417e+00 1.199416e-01
1.300000e+02 9.146700e+00 1.052384e-01
1.310000e+02 8.643687e+00 9.612263e-02
1.320000e+02 8.087604e+00 8.583099e-02
1.330000e+02 7.726315e+00 7.924909e-02
1.340000e+02 7.429005e+00 7.381176e-02
1.350000e+02 7.168559e+00 6.906390e-02
1.360000e+02 6.983487e+00 6.569915e-02
1.370000e+02 7.038252e+00 6.695141e-02
1.380000e+02 6.682814e+00 6.014806e-02
1.390000e+02 6.574526e+00 5.813311e-02
1.400000e+02 6.532107e+00 5.730713e-02
1.410000e+02 6.443231e+00 5.567749e-02
1.420000e+02 7.730604e+00 8.088335e-02
1.430000e+02 6.386621e+00 5.450284e-02
1.440000e+02 6.287489e+00 5.252387e-02
1.450000e+02 7.530546e+00 7.621227e-02
1.460000e+02 6.176401e+00 5.029345e-02
1.470000e+02 6.124736e+00 4.921584e-02
1.480000e+02 6.132165e+00 4.922234e-02
1.490000e+02 6.277414e+00 5.180247e-02
1.500000e+02 6.218217e+00 5.040358e-02
1.510000e+02 6.365493e+00 5.304463e-02
1.520000e+02 6.148247e+00 4.879623e-02
1.530000e+02 6.107129e+00 4.795275e-02
1.540000e+02 7.925147e+00 8.181605e-02
1.550000e+02 6.096650e+00 4.743553e-02
1.560000e+02 6.151432e+00 4.824496e-02
1.570000e+02 6.103557e+00 4.715971e-02
1.580000e+02 6.114877e+00 4.715620e-02
1.590000e+02 6.139710e+00 4.738341e-02
1.600000e+02 6.170728e+00 4.770943e-02
1.610000e+02 6.203164e+00 4.804768e-02
1.620000e+02 6.242945e+00 4.850943e-02
1.630000e+02 6.301152e+00 4.928846e-02
1.640000e+02 6.405894e+00 5.090969e-02
1.650000e+02 9.206992e+00 1.035638e-01
1.660000e+02 7.847259e+00 7.778936e-02
1.670000e+02 6.635110e+00 5.405445e-02
1.680000e+02 6.681063e+00 5.446911e-02
1.690000e+02 6.849084e+00 5.700286e-02
1.700000e+02 6.884415e+00 5.714167e-02
1.710000e+02 7.009119e+00 5.883187e-02
1.720000e+02 7.195481e+00 6.152950e-02
1.730000e+02 7.469205e+00 6.571665e-02
1.740000e+02 7.817163e+00 7.106160e-02
1.750000e+02 8.504150e+00 8.260446e-02
1.760000e+02 9.349027e+00 9.711639e-02
1.770000e+02 9.672884e+00 1.003024e-01
1.780000e+02 1.084903e+01 1.192575e-01
1.790000e+02 1.289340e+01 1.533327e-01
1.800000e+02 1.691971e+01 2.233072e-01
1.810000e+02 2.383027e+01 3.464722e-01
1.820000e+02 3.890378e+01 6.347277e-01
1.830000e+02 6.335068e+01 1.173307e+00
1.840000e+02 5.326205e+01 9.379375e-01
1.850000e+02 3.211402e+01 5.024499e-01
1.860000e+02 2.088448e+01 2.918599e-01
1.870000e+02 1.552389e+01 1.967422e-01
1.880000e+02 1.266959e+01 1.476197e-01
1.890000e+02 1.099955e+01 1.194565e-01
1.900000e+02 9.947667e+00 1.019776e-01
1.910000e+02 9.265546e+00 9.079563e-02
1.920000e+02 8.811857e+00 8.343805e-02
1.930000e+02 8.616274e+00 8.064968e-02
1.940000e+02 8.369883e+00 7.650745e-02
1.950000e+02 8.638230e+00 8.227848e-02
1.960000e+02 8.474966e+00 7.943198e-02
1.970000e+02 7.883826e+00 6.827958e-02
1.980000e+02 7.847838e+00 6.756871e-02
1.990000e+02 7.812024e+00 6.693366e-02
2.000000e+02 7.891711e+00 6.816456e-02
2.010000e+02 9.080502e+00 9.055769e-02
2.020000e+02 7.878353e+00 6.755062e-02
2.030000e+02 7.808903e+00 6.611221e-02
2.040000e+02 7.752865e+00 6.503258e-02
2.050000e+02 7.658027e+00 6.337365e-02
2.060000e+02 7.940916e+00 6.854677e-02
2.070000e+02 7.646410e+00 6.296731e-02
2.080000e+02 7.803536e+00 6.573628e-02
2.090000e+02 8.153272e+00 7.213807e-02
2.100000e+02 7.751812e+00 6.433976e-02
2.110000e+02 8.147914e+00 7.151842e-02
2.120000e+02 7.693659e+00 6.282435e-02
2.130000e+02 7.710152e+00 6.288632e-02
2.140000e+02 7.780400e+00 6.393115e-02
2.150000e+02 1.311135e+01 1.658370e-01
2.160000e+02 7.917048e+00 6.582006e-02
2.170000e+02 7.809970e+00 6.370103e-02
2.180000e+02 7.865373e+00 6.443967e-02
2.190000e+02 7.869195e+00 6.424044e-02
2.200000e+02 7.923754e+00 6.494108e-02
2.210000e+02 7.945400e+00 6.505495e-02
2.220000e+02 7.994679e+00 6.564066e-02
2.230000e+02 8.069035e+00 6.664457e-02
2.240000e+02 8.188982e+00 6.840164e-02
2.250000e+02 8.491576e+00 7.331835e-02
2.260000e+02 1.177163e+01 1.358736e-01
2.270000e+02 8.644272e+00 7.546967e-02
2.280000e+02 8.415664e+00 7.128575e-02
2.290000e+02 8.456015e+00 7.183448e-02
2.300000e+02 8.654320e+00 7.514889e-02
2.310000e+02 9.866912e+00 9.792131e-02
2.320000e+02 9.116571e+00 8.265220e-02
2.330000e+02 9.756872e+00 9.316591e-02
2.340000e+02 1.653699e+01 2.310090e-01
2.350000e+02 1.000124e+01 9.749497e-02
2.360000e+02 1.083440e+01 1.147748e-01
2.370000e+02 1.361503e+01 1.704700e-01
2.380000e+02 9.346625e+00 8.549158e-02
2.390000e+02 1.674881e+01 2.335434e-01
2.400000e+02 1.023598e+01 1.013379e-01
2.410000e+02 9.390300e+00 8.503885e-02
2.420000e+02 1.061293e+01 1.086452e-01
2.430000e+02 1.026246e+01 1.015277e-01
2.440000e+02 1.034406e+01 1.028263e-01
2.450000e+02 9.190092e+00 8.053540e-02
2.460000e+02 9.151938e+00 7.951151e-02
2.470000e+02 9.340139e+00 8.265712e-02
2.480000e+02 1.267151e+01 1.474784e-01
2.490000e+02 1.001956e+01 9.465832e-02
2.500000e+02 2.803940e+01 4.705712e-01
2.510000e+02 1.086963e+01 1.098786e-01
2.520000e+02 9.920707e+00 9.116122e-02
2.530000e+02 9.559968e+00 8.445139e-02
2.540000e+02 9.505779e+00 8.322351e-02
2.550000e+02 9.546104e+00 8.361738e-02
2.560000e+02 9.541516e+00 8.330082e-02
2.570000e+02 9.615396e+00 8.441187e-02
2.580000e+02 1.021874e+01 9.551168e-02
2.590000e+02 1.115368e+01 1.134017e-01
2.600000e+02 9.800704e+00 8.688000e-02
2.610000e+02 9.777178e+00 8.610213e-02
2.620000e+02 9.878399e+00 8.761304e-02
2.630000e+02 1.109438e+01 1.103654e-01
2.640000e+02 1.150978e+01 1.181845e-01
2.650000e+02 1.172272e+01 1.212685e-01
2.660000e+02 1.017914e+01 9.162170e-02
2.670000e+02 1.144752e+01 1.158579e-01
2.680000e+02 1.034170e+01 9.413504e-02
2.690000e+02 1.017616e+01 9.064900e-02
2.700000e+02 1.019683e+01 9.067915e-02
2.710000e+02 1.038608e+01 9.381243e-02
2.720000e+02 1.052341e+01 9.598708e-02
2.730000e+02 2.190893e+01 3.264105e-01
2.740000e+02 1.108121e+01 1.057461e-01
2.750000e+02 1.115165e+01 1.063482e-01
2.760000e+02 1.189707e+01 1.199018e-01
2.770000e+02 1.360996e+01 1.527389e-01
2.780000e+02 1.093513e+01 1.011208e-01
2.790000e+02 1.094402e+01 1.012116e-01
2.800000e+02 1.134438e+01 1.084696e-01
2.810000e+02 1.168049e+01 1.133835e-01
2.820000e+02 1.099933e+01 1.011339e-01
2.830000e+02 1.150107e+01 1.103783e-01
2.840000e+02 1.105343e+01 1.014207e-01
2.850000e+02 1.129028e+01 1.055104e-01
2.860000e+02 1.954230e+01 2.732574e-01
2.870000e+02 1.171255e+01 1.127735e-01
2.880000e+02 1.156393e+01 1.095380e-01
2.890000e+02 3.135556e+01 5.250660e-01
2.900000e+02 1.163540e+01 1.100413e-01
2.910000e+02 1.324518e+01 1.396068e-01
2.920000e+02 1.160909e+01 1.086952e-01
2.930000e+02 1.392621e+01 1.538917e-01
2.940000e+02 1.192843e+01 1.139551e-01
2.950000e+02 1.177741e+01 1.104852e-01
2.960000e+02 1.190696e+01 1.123648e-01
2.970000e+02 1.222349e+01 1.175749e-01
2.980000e+02 1.343366e+01 1.393906e-01
2.990000e+02 1.347674e+01 1.396599e-01
3.000000e+02 1.290320e+01 1.287414e-01
3.010000e+02 1.438337e+01 1.573032e-01
3.020000e+02 1.831510e+01 2.385320e-01
3.030000e+02 1.614989e+01 1.931503e-01
3.040000e+02 1.298591e+01 1.290204e-01
3.050000e+02 1.343708e+01 1.372033e-01
3.060000e+02 1.272293e+01 1.231041e-01
3.070000e+02 1.273112e+01 1.228384e-01
3.080000e+02 1.281738e+01 1.239422e-01
3.090000e+02 1.297406e+01 1.263164e-01
3.100000e+02 1.529116e+01 1.708092e-01
3.110000e+02 1.327359e+01 1.306026e-01
3.120000e+02 1.341030e+01 1.324633e-01
3.130000e+02 1.367238e+01 1.365660e-01
3.140000e+02 1.412329e+01 1.440758e-01
3.150000e+02 1.444716e+01 1.495109e-01
3.160000e+02 1.980683e+01 2.588054e-01
3.170000e+02 1.603409e+01 1.779466e-01
3.180000e+02 1.586736e+01 1.716207e-01
3.190000e+02 1.692404e+01 1.889880e-01
3.200000e+02 5.742406e+01 1.082118e+00
3.210000e+02 2.165219e+01 2.695260e-01
3.220000e+02 2.556157e+01 3.395029e-01
3.230000e+02 3.278452e+01 4.710331e-01
3.240000e+02 5.037136e+01 8.204044e-01
3.250000e+02 7.746030e+01 1.459792e+00
3.260000e+02 5.864411e+01 1.001926e+00
3.270000e+02 4.815689e+01 8.221402e-01
3.280000e+02 2.820594e+01 3.905636e-01
3.290000e+02 2.207042e+01 2.748233e-01
3.300000e+02 1.946192e+01 2.290544e-01
3.310000e+02 1.806563e+01 2.052335e-01
3.320000e+02 1.765556e+01 1.999432e-01
3.330000e+02 2.123253e+01 2.773976e-01
3.340000e+02 1.646916e+01 1.784542e-01
3.350000e+02 1.641628e+01 1.780203e-01
3.360000e+02 1.595742e+01 1.689975e-01
3.370000e+02 1.573494e+01 1.647351e-01
3.380000e+02 1.566011e+01 1.632451e-01
3.390000e+02 1.565381e+01 1.629608e-01
3.400000e+02 1.566265e+01 1.628666e-01
3.410000e+02 1.571613e+01 1.635626e-01
3.420000e+02 1.584754e+01 1.657374e-01
3.430000e+02 1.686002e+01 1.857713e-01
3.440000e+02 1.627566e+01 1.730482e-01
3.450000e+02 1.778484e+01 2.028332e-01
3.460000e+02 1.670153e+01 1.802801e-01
3.470000e+02 1.643968e+01 1.745063e-01
3.480000e+02 1.656576e+01 1.763760e-01
3.490000e+02 1.685269e+01 1.811556e-01
3.500000e+02 1.726200e+01 1.883701e-01
3.510000e+02 1.836919e+01 2.091384e-01
3.520000e+02 2.132838e+01 2.707424e-01
3.530000e+02 2.075624e+01 2.581350e-01
3.540000e+02 1.823759e+01 2.046395e-01
3.550000e+02 3.389329e+01 5.351051e-01
3.560000e+02 1.888081e+01 2.156577e-01
3.570000e+02 1.935142e+01 2.240295e-01
3.580000e+02 2.218255e+01 2.826084e-01
3.590000e+02 2.927608e+01 4.380622e-01
3.600000e+02 2.157932e+01 2.651629e-01
3.610000e+02 2.137346e+01 2.580083e-01
3.620000e+02 2.257598e+01 2.803231e-01
3.630000e+02 2.414782e+01 3.095871e-01
3.640000e+02 2.772329e+01 3.822515e-01
3.650000e+02 3.065085e+01 4.373016e-01
3.660000e+02 3.737598e+01 5.718703e-01
3.670000e+02 5.947547e+01 1.070919e+00
3.680000e+02 1.413093e+02 3.756582e+00
3.690000e+02 1.424044e+02 3.801212e+00
3.700000e+02 6.201389e+01 1.116379e+00
3.710000e+02 6.350288e+01 1.183229e+00
3.720000e+02 4.175989e+01 6.416190e-01
3.730000e+02 4.391817e+01 6.793996e-01
3.740000e+02 4.904899e+01 7.786380e-01
3.750000e+02 6.199244e+01 1.066120e+00
3.760000e+02 7.672331e+01 1.388674e+00
3.770000e+02 1.031820e+02 2.056640e+00
3.780000e+02 1.475438e+02 3.473322e+00
3.790000e+02 2.087076e+02 6.738941e+00
3.800000e+02 2.495233e+02 1.281687e+01
3.810000e+02 2.272980e+02 8.546572e+00
3.820000e+02 1.669768e+02 4.266881e+00
3.830000e+02 1.152569e+02 2.385954e+00
3.840000e+02 8.314856e+01 1.526626e+00
3.850000e+02 6.402334e+01 1.085681e+00
3.860000e+02 5.224826e+01 8.356772e-01
3.870000e+02 4.730122e+01 7.480926e-01
3.880000e+02 3.948143e+01 5.813179e-01
3.890000e+02 3.576094e+01 5.088219e-01
3.900000e+02 3.362303e+01 4.685709e-01
3.910000e+02 3.174053e+01 4.337186e-01
3.920000e+02 3.011775e+01 4.052999e-01
3.930000e+02 2.965222e+01 4.010338e-01
3.940000e+02 2.727218e+01 3.516108e-01
3.950000e+02 2.829547e+01 3.765243e-01
3.960000e+02 2.622409e+01 3.335157e-01
3.970000e+02 3.229794e+01 4.657845e-01
3.980000e+02 2.544132e+01 3.187106e-01
3.990000e+02 2.554318e+01 3.212435e-01
4.000000e+02 3.433603e+01 5.168598e-01
4.010000e+02 3.187802e+01 4.584528e-01
4.020000e+02 3.795009e+01 5.992666e-01
4.030000e+02 2.813790e+01 3.757573e-01
4.040000e+02 2.699255e+01 3.523326e-01
4.050000e+02 2.558013e+01 3.214472e-01
4.060000e+02 2.565864e+01 3.226480e-01
4.070000e+02 2.602092e+01 3.296165e-01
4.080000e+02 2.867469e+01 3.876658e-01
4.090000e+02 2.743709e+01 3.578121e-01
4.100000e+02 2.748310e+01 3.569503e-01
4.110000e+02 2.832369e+01 3.730241e-01
4.120000e+02 3.028425e+01 4.133732e-01
4.130000e+02 4.303258e+01 6.961933e-01
4.140000e+02 3.700354e+01 5.622649e-01
4.150000e+02 3.481881e+01 5.040218e-01
4.160000e+02 3.677450e+01 5.418565e-01
4.170000e+02 4.036691e+01 6.163733e-01
4.180000e+02 4.564248e+01 7.290795e-01
4.190000e+02 5.347411e+01 9.026931e-01
4.200000e+02 6.605747e+01 1.198196e+00
4.210000e+02 8.728900e+01 1.748552e+00
4.220000e+02 1.251035e+02 2.929485e+00
4.230000e+02 1.931544e+02 6.367211e+00
4.240000e+02 2.577175e+02 2.301717e+01
4.250000e+02 2.637364e+02 7.110176e+01
4.260000e+02 2.356191e+02 1.151777e+01
4.270000e+02 1.614198e+02 4.467017e+00
4.280000e+02 1.077690e+02 2.346962e+00
4.290000e+02 8.111691e+01 1.582613e+00
4.300000e+02 6.459242e+01 1.158824e+00
4.310000e+02 5.462614e+01 9.197767e-01
4.320000e+02 4.850191e+01 7.785129e-01
4.330000e+02 4.534150e+01 7.069862e-01
4.340000e+02 4.355654e+01 6.654310e-01
4.350000e+02 4.342176e+01 6.584312e-01
4.360000e+02 4.538868e+01 6.944448e-01
4.370000e+02 5.208439e+01 8.323736e-01
4.380000e+02 6.326578e+01 1.067556e+00
4.390000e+02 8.506599e+01 1.581430e+00
4.400000e+02 7.238809e+01 1.263542e+00
4.410000e+02 6.491023e+01 1.109668e+00
4.420000e+02 7.124955e+01 1.269569e+00
4.430000e+02 7.712305e+01 1.373255e+00
4.440000e+02 8.752731e+01 1.616594e+00
4.450000e+02 1.143370e+02 2.344831e+00
4.460000e+02 1.615908e+02 4.012012e+00
4.470000e+02 2.238109e+02 8.069609e+00
4.480000e+02 2.614636e+02 2.346384e+01
4.490000e+02 2.219709e+02 7.943007e+00
4.500000e+02 1.568740e+02 3.805242e+00
4.510000e+02 1.104059e+02 2.223133e+00
4.520000e+02 8.628387e+01 1.601788e+00
4.530000e+02 6.755129e+01 1.145788e+00
4.540000e+02 5.711941e+01 9.182816e-01
4.550000e+02 5.063345e+01 7.837942e-01
4.560000e+02 4.610469e+01 6.913861e-01
4.570000e+02 4.467475e+01 6.707723e-01
4.580000e+02 4.182121e+01 6.107659e-01
4.590000e+02 3.944539e+01 5.603527e-01
4.600000e+02 3.847340e+01 5.416564e-01
4.610000e+02 3.907362e+01 5.587745e-01
4.620000e+02 3.886950e+01 5.556356e-01
4.630000e+02 4.450921e+01 6.922544e-01
4.640000e+02 4.269590e+01 6.454313e-01
4.650000e+02 3.826322e+01 5.396923e-01
4.660000e+02 3.887709e+01 5.531945e-01
4.670000e+02 4.115724e+01 6.049447e-01
4.680000e+02 9.507451e+01 2.111040e+00
4.690000e+02 5.100062e+01 8.264618e-01
4.700000e+02 7.268018e+01 1.368556e+00
4.710000e+02 1.137791e+02 2.616048e+00
4.720000e+02 5.751842e+01 9.276140e-01
4.730000e+02 7.693064e+01 1.428006e+00
4.740000e+02 8.936572e+01 1.667988e+00
4.750000e+02 1.018406e+02 2.013900e+00
4.760000e+02 1.147732e+02 2.615536e+00
4.770000e+02 5.862979e+01 9.635089e-01
4.780000e+02 5.089606e+01 7.920330e-01
4.790000e+02 4.872058e+01 7.488599e-01
4.800000e+02 5.709420e+01 9.589988e-01
4.810000e+02 5.921673e+01 1.019356e+00
4.820000e+02 5.780707e+01 9.681748e-01
4.830000e+02 6.157860e+01 1.044696e+00
4.840000e+02 7.482920e+01 1.368708e+00
4.850000e+02 1.043851e+02 2.194737e+00
4.860000e+02 1.753487e+02 5.174196e+00
4.870000e+02 2.561007e+02 3.015500e+01
4.880000e+02 2.298725e+02 1.062030e+01
4.890000e+02 1.400236e+02 3.420890e+00
4.900000e+02 9.349931e+01 1.854928e+00
4.910000e+02 7.251734e+01 1.296769e+00
4.920000e+02 6.478727e+01 1.115706e+00
4.930000e+02 5.621126e+01 9.069911e-01
4.940000e+02 5.316862e+01 8.373510e-01
4.950000e+02 5.168900e+01 8.037465e-01
4.960000e+02 5.578382e+01 9.078073e-01
4.970000e+02 5.809682e+01 9.697666e-01
4.980000e+02 5.747507e+01 9.465540e-01
4.990000e+02 5.287441e+01 8.312983e-01
5.000000e+02 5.159444e+01 7.942232e-01
5.010000e+02 5.233517e+01 8.082059e-01
5.020000e+02 5.538314e+01 8.793555e-01
5.030000e+02 5.545532e+01 8.730187e-01
5.040000e+02 5.583384e+01 8.769272e-01
5.050000e+02 5.622416e+01 8.861759e-01
5.060000e+02 5.664460e+01 8.932062e-01
5.070000e+02 5.857968e+01 9.364144e-01
5.080000e+02 6.935731e+01 1.218043e+00
5.090000e+02 6.684146e+01 1.132560e+00
5.100000e+02 6.367082e+01 1.043169e+00
5.110000e+02 6.348782e+01 1.036438e+00
5.120000e+02 6.485745e+01 1.067825e+00
5.130000e+02 6.575060e+01 1.084868e+00
5.140000e+02 6.740974e+01 1.121241e+00
5.150000e+02 8.318545e+01 1.542693e+00
5.160000e+02 7.144310e+01 1.211888e+00
5.170000e+02 7.494922e+01 1.299751e+00
5.180000e+02 7.675322e+01 1.338079e+00
5.190000e+02 7.883954e+01 1.383924e+00
5.200000e+02 9.352603e+01 1.822118e+00
5.210000e+02 8.489932e+01 1.531682e+00
5.220000e+02 1.065869e+02 2.211553e+00
5.230000e+02 9.446719e+01 1.793461e+00
5.240000e+02 9.510935e+01 1.789945e+00
5.250000e+02 9.805589e+01 1.860770e+00
5.260000e+02 1.022440e+02 1.972192e+00
5.270000e+02 1.080384e+02 2.139057e+00
5.280000e+02 1.121874e+02 2.253210e+00
5.290000e+02 1.164871e+02 2.375489e+00
5.300000e+02 1.218928e+02 2.539420e+00
5.310000e+02 1.282988e+02 2.745020e+00
5.320000e+02 1.336251e+02 2.912408e+00
5.330000e+02 1.404571e+02 3.147455e+00
5.340000e+02 1.484726e+02 3.447269e+00
5.350000e+02 1.556892e+02 3.721951e+00
5.360000e+02 1.664921e+02 4.205833e+00
5.370000e+02 1.728242e+02 4.468367e+00
5.380000e+02 1.821706e+02 4.936096e+00
5.390000e+02 1.923393e+02 5.514002e+00
5.400000e+02 2.023018e+02 6.151888e+00
5.410000e+02 2.124591e+02 6.910783e+00
5.420000e+02 2.227955e+02 7.846561e+00
5.430000e+02 2.329415e+02 9.005121e+00
5.440000e+02 2.425207e+02 1.046334e+01
5.450000e+02 2.515602e+02 1.251307e+01
5.460000e+02 2.582302e+02 1.482428e+01
5.470000e+02 2.635415e+02 1.831428e+01
5.480000e+02 2.665080e+02 2.259467e+01
5.490000e+02 2.679435e+02 2.733330e+01
5.500000e+02 2.687413e+02 3.452553e+01
5.510000e+02 2.691502e+02 4.770167e+01
5.520000e+02 2.693998e+02 6.410022e+01
5.530000e+02 2.695906e+02 9.446583e+01
5.540000e+02 2.697383e+02 1.510129e+02
5.550000e+02 2.698442e+02 2.665259e+02
5.560000e+02 2.699084e+02 5.112686e+02
5.570000e+02 2.699309e+02 9.778149e+02
5.580000e+02 2.699123e+02 5.233936e+02
5.590000e+02 2.698530e+02 2.777414e+02
5.600000e+02 2.697535e+02 1.582250e+02
5.610000e+02 2.696143e+02 9.903355e+01
5.620000e+02 2.694348e+02 6.706292e+01
5.630000e+02 2.692037e+02 4.820364e+01
5.640000e+02 2.688490e+02 3.626170e+01
5.650000e+02 2.681330e+02 2.827863e+01
5.660000e+02 2.666783e+02 2.284967e+01
5.670000e+02 2.641413e+02 1.895103e+01
5.680000e+02 2.597726e+02 1.557159e+01
5.690000e+02 2.541036e+02 1.321185e+01
5.700000e+02 2.483069e+02 1.171884e+01
5.710000e+02 2.551787e+02 1.549579e+01
5.720000e+02 2.307613e+02 8.722253e+00
5.730000e+02 2.226796e+02 7.852129e+00
5.740000e+02 2.128979e+02 6.939457e+00
5.750000e+02 2.038615e+02 6.246387e+00
5.760000e+02 1.956480e+02 5.707019e+00
5.770000e+02 1.876246e+02 5.232528e+00
5.780000e+02 1.794813e+02 4.792388e+00
5.790000e+02 1.709776e+02 4.368436e+00
5.800000e+02 1.636655e+02 4.039645e+00
5.810000e+02 1.568874e+02 3.755883e+00
5.820000e+02 1.562915e+02 3.793970e+00
5.830000e+02 1.451987e+02 3.310253e+00
5.840000e+02 1.389986e+02 3.082895e+00
5.850000e+02 1.332534e+02 2.882305e+00
5.860000e+02 1.283193e+02 2.719871e+00
5.870000e+02 1.237898e+02 2.576165e+00
5.880000e+02 1.194232e+02 2.441142e+00
5.890000e+02 1.158350e+02 2.336283e+00
5.900000e+02 1.121477e+02 2.228578e+00
5.910000e+02 1.196852e+02 2.507293e+00
5.920000e+02 1.056012e+02 2.043727e+00
5.930000e+02 1.030307e+02 1.975848e+00
5.940000e+02 9.970009e+01 1.881806e+00
5.950000e+02 1.109831e+02 2.287378e+00
5.960000e+02 9.491747e+01 1.755709e+00
5.970000e+02 9.270346e+01 1.696518e+00
5.980000e+02 9.138926e+01 1.662891e+00
5.990000e+02 9.125797e+01 1.660759e+00
6.000000e+02 1.012704e+02 1.980184e+00
6.010000e+02 8.806129e+01 1.581990e+00
6.020000e+02 8.552735e+01 1.520155e+00
6.030000e+02 8.460092e+01 1.504075e+00
6.040000e+02 8.073053e+01 1.400348e+00
6.050000e+02 7.875674e+01 1.351680e+00
6.060000e+02 7.751383e+01 1.322488e+00
6.070000e+02 7.644209e+01 1.297305e+00
6.080000e+02 7.640460e+01 1.300816e+00
6.090000e+02 7.557789e+01 1.280165e+00
6.100000e+02 8.113796e+01 1.447090e+00
6.110000e+02 7.941945e+01 1.396596e+00
6.120000e+02 7.540229e+01 1.276114e+00
6.130000e+02 7.540591e+01 1.271265e+00
6.140000e+02 7.693802e+01 1.305985e+00
6.150000e+02 8.115511e+01 1.412400e+00
6.160000e+02 8.552620e+01 1.511703e+00
6.170000e+02 9.502757e+01 1.748291e+00
6.180000e+02 1.133838e+02 2.248205e+00
6.190000e+02 1.495257e+02 3.449300e+00
6.200000e+02 2.047800e+02 6.364912e+00
6.210000e+02 2.242349e+02 8.256805e+00
6.220000e+02 1.702490e+02 4.327387e+00
6.230000e+02 1.242648e+02 2.577736e+00
6.240000e+02 1.001107e+02 1.890866e+00
6.250000e+02 8.482558e+01 1.491844e+00
6.260000e+02 7.668013e+01 1.296952e+00
6.270000e+02 7.297987e+01 1.215839e+00
6.280000e+02 7.322468e+01 1.239955e+00
6.290000e+02 6.592345e+01 1.054440e+00
6.300000e+02 6.330250e+01 9.955836e-01
6.310000e+02 6.161360e+01 9.588804e-01
6.320000e+02 6.478942e+01 1.051377e+00
6.330000e+02 5.994751e+01 9.260187e-01
6.340000e+02 6.010139e+01 9.344881e-01
6.350000e+02 5.876908e+01 9.029029e-01
6.360000e+02 5.708173e+01 8.616373e-01
6.370000e+02 5.650060e+01 8.490656e-01
6.380000e+02 5.645293e+01 8.500859e-01
6.390000e+02 7.368850e+01 1.323733e+00
6.400000e+02 6.011985e+01 9.484744e-01
6.410000e+02 5.537979e+01 8.272944e-01
6.420000e+02 5.771996e+01 8.901258e-01
6.430000e+02 5.585641e+01 8.416711e-01
6.440000e+02 5.520347e+01 8.257170e-01
6.450000e+02 6.178363e+01 1.001333e+00
6.460000e+02 5.614553e+01 8.485640e-01
6.470000e+02 5.476612e+01 8.163746e-01
6.480000e+02 6.447688e+01 1.076731e+00
6.490000e+02 5.385161e+01 7.942738e-01
6.500000e+02 5.414212e+01 8.014319e-01
6.510000e+02 5.778507e+01 8.959040e-01
6.520000e+02 5.847604e+01 9.110856e-01
6.530000e+02 6.010455e+01 9.514853e-01
6.540000e+02 6.592907e+01 1.111371e+00
6.550000e+02 1.655113e+02 5.322348e+00
6.560000e+02 1.734355e+02 5.982173e+00
6.570000e+02 6.536849e+01 1.076855e+00
6.580000e+02 9.310710e+01 1.873933e+00
6.590000e+02 5.983724e+01 9.239363e-01
6.600000e+02 5.552120e+01 8.245081e-01
6.610000e+02 5.494229e+01 8.165005e-01
6.620000e+02 5.383160e+01 7.912023e-01
6.630000e+02 5.285727e+01 7.678643e-01
6.640000e+02 5.269641e+01 7.643691e-01
6.650000e+02 5.378065e+01 7.920423e-01
6.660000e+02 5.705294e+01 8.774506e-01
6.670000e+02 5.475284e+01 8.165360e-01
6.680000e+02 5.322327e+01 7.769705e-01
6.690000e+02 5.316089e+01 7.751008e-01
6.700000e+02 6.577439e+01 1.109979e+00
6.710000e+02 5.428328e+01 8.023811e-01
6.720000e+02 5.869340e+01 9.161623e-01
6.730000e+02 5.525791e+01 8.243053e-01
6.740000e+02 6.093910e+01 9.711079e-01
6.750000e+02 5.333745e+01 7.745302e-01
6.760000e+02 5.892488e+01 9.151002e-01
6.770000e+02 5.545599e+01 8.236885e-01
6.780000e+02 5.852190e+01 9.018771e-01
6.790000e+02 5.510957e+01 8.124041e-01
6.800000e+02 5.408713e+01 7.873594e-01
6.810000e+02 5.405310e+01 7.858573e-01
6.820000e+02 5.433480e+01 7.917701e-01
6.830000e+02 5.490775e+01 8.046851e-01
6.840000e+02 5.614392e+01 8.354019e-01
6.850000e+02 5.514716e+01 8.078383e-01
6.860000e+02 5.539670e+01 8.123923e-01
6.870000e+02 5.569775e+01 8.181393e-01
6.880000e+02 5.609679e+01 8.261892e-01
6.890000e+02 5.660690e+01 8.367931e-01
6.900000e+02 5.738526e+01 8.536348e-01
6.910000e+02 5.934810e+01 8.997515e-01
6.920000e+02 6.456246e+01 1.032991e+00
6.930000e+02 6.252383e+01 9.805378e-01
6.940000e+02 6.153787e+01 9.529598e-01
6.950000e+02 6.274001e+01 9.827898e-01
6.960000e+02 6.426405e+01 1.019191e+00
6.970000e+02 6.106026e+01 9.311940e-01
6.980000e+02 6.142612e+01 9.374932e-01
6.990000e+02 7.291997e+01 1.237012e+00
7.000000e+02 6.366435e+01 9.887816e-01
7.010000e+02 7.613079e+01 1.335545e+00
7.020000e+02 6.626832e+01 1.047796e+00
7.030000e+02 7.329437e+01 1.233654e+00
7.040000e+02 6.754789e+01 1.072170e+00
7.050000e+02 6.805890e+01 1.082017e+00
7.060000e+02 6.934772e+01 1.111303e+00
7.070000e+02 7.077488e+01 1.143825e+00
7.080000e+02 7.383543e+01 1.221544e+00
7.090000e+02 7.505127e+01 1.245623e+00
7.100000e+02 7.833689e+01 1.327143e+00
7.110000e+02 8.292350e+01 1.443214e+00
7.120000e+02 9.022517e+01 1.637021e+00
7.130000e+02 1.053147e+02 2.072167e+00
7.140000e+02 1.448188e+02 3.484150e+00
7.150000e+02 2.392256e+02 1.328179e+01
7.160000e+02 2.191223e+02 8.870650e+00
7.170000e+02 1.372966e+02 3.160937e+00
7.180000e+02 1.124859e+02 2.286134e+00
7.190000e+02 1.019330e+02 1.943844e+00
7.200000e+02 1.030331e+02 1.987679e+00
7.210000e+02 9.839801e+01 1.822723e+00
7.220000e+02 9.969648e+01 1.852842e+00
7.230000e+02 1.066442e+02 2.067727e+00
7.240000e+02 1.054511e+02 2.010182e+00
7.250000e+02 1.078482e+02 2.068409e+00
7.260000e+02 1.117205e+02 2.177369e+00
7.270000e+02 1.169666e+02 2.335594e+00
7.280000e+02 1.239355e+02 2.564051e+00
7.290000e+02 1.264620e+02 2.621875e+00
7.300000e+02 1.398413e+02 3.117882e+00
7.310000e+02 1.433789e+02 3.235677e+00
7.320000e+02 1.458460e+02 3.286904e+00
7.330000e+02 1.523517e+02 3.528194e+00
7.340000e+02 1.612328e+02 3.897334e+00
7.350000e+02 1.790877e+02 4.805514e+00
7.360000e+02 1.791044e+02 4.714987e+00
7.370000e+02 1.895190e+02 5.278380e+00
7.380000e+02 2.006155e+02 5.969493e+00
7.390000e+02 2.122305e+02 6.830078e+00
7.400000e+02 2.247360e+02 8.011836e+00
7.410000e+02 2.356106e+02 9.314125e+00
7.420000e+02 2.461185e+02 1.109869e+01
7.430000e+02 2.552394e+02 1.355882e+01
7.440000e+02 2.620805e+02 1.699071e+01
7.450000e+02 2.663140e+02 2.206750e+01
7.460000e+02 2.681871e+02 2.882481e+01
7.470000e+02 2.689578e+02 3.945285e+01
7.480000e+02 2.693217e+02 5.700444e+01
7.490000e+02 2.695657e+02 9.011139e+01
7.500000e+02 2.697409e+02 1.573213e+02
7.510000e+02 2.698507e+02 3.031664e+02
7.520000e+02 2.698947e+02 6.555610e+02
7.530000e+02 2.698730e+02 3.612307e+02
7.540000e+02 2.697863e+02 1.896740e+02
7.550000e+02 2.696354e+02 1.060602e+02
7.560000e+02 2.694200e+02 6.557782e+01
7.570000e+02 2.691165e+02 4.426892e+01
7.580000e+02 2.685327e+02 3.159617e+01
7.590000e+02 2.670642e+02 2.374306e+01
7.600000e+02 2.639169e+02 1.856097e+01
7.610000e+02 2.586386e+02 1.495100e+01
7.620000e+02 2.513925e+02 1.236311e+01
7.630000e+02 2.427041e+02 1.044837e+01
7.640000e+02 2.333225e+02 9.015548e+00
7.650000e+02 2.243768e+02 7.991832e+00
7.660000e+02 2.159023e+02 7.202282e+00
7.670000e+02 2.078044e+02 6.545007e+00
7.680000e+02 2.022737e+02 6.169572e+00
7.690000e+02 2.002179e+02 6.073880e+00
7.700000e+02 2.041824e+02 6.442388e+00
7.710000e+02 2.179651e+02 7.786874e+00
7.720000e+02 2.447386e+02 1.230957e+01
7.730000e+02 2.646141e+02 3.456050e+01
7.740000e+02 2.670567e+02 1.461804e+02
7.750000e+02 2.605571e+02 2.211907e+01
7.760000e+02 2.287955e+02 9.423159e+00
7.770000e+02 1.927499e+02 5.832907e+00
7.780000e+02 1.680345e+02 4.374128e+00
7.790000e+02 1.505583e+02 3.565875e+00
7.800000e+02 1.396840e+02 3.142625e+00
7.810000e+02 1.289884e+02 2.742916e+00
7.820000e+02 1.238395e+02 2.583202e+00
7.830000e+02 1.176642e+02 2.379812e+00
7.840000e+02 1.124391e+02 2.215611e+00
7.850000e+02 1.107769e+02 2.183055e+00
7.860000e+02 1.039335e+02 1.961572e+00
7.870000e+02 9.998693e+01 1.846445e+00
7.880000e+02 9.704835e+01 1.765636e+00
7.890000e+02 9.461229e+01 1.700760e+00
7.900000e+02 9.248539e+01 1.644849e+00
7.910000e+02 9.235536e+01 1.649608e+00
7.920000e+02 8.961390e+01 1.574957e+00
7.930000e+02 9.404545e+01 1.727875e+00
7.940000e+02 8.549372e+01 1.468383e+00
7.950000e+02 8.350997e+01 1.416578e+00
7.960000e+02 8.224499e+01 1.385393e+00
7.970000e+02 8.081008e+01 1.349662e+00
7.980000e+02 7.977370e+01 1.325202e+00
7.990000e+02 7.976393e+01 1.331144e+00
8.000000e+02 7.756190e+01 1.271791e+00
8.010000e+02 7.670704e+01 1.251545e+00
8.020000e+02 7.661343e+01 1.252265e+00
8.030000e+02 7.727352e+01 1.273187e+00
8.040000e+02 7.532136e+01 1.221223e+00
8.050000e+02 7.421186e+01 1.194574e+00
8.060000e+02 7.406196e+01 1.192998e+00
8.070000e+02 7.561900e+01 1.241444e+00
8.080000e+02 7.620592e+01 1.264815e+00
8.090000e+02 7.172042e+01 1.137582e+00
8.100000e+02 7.179360e+01 1.141428e+00
8.110000e+02 7.862046e+01 1.337564e+00
8.120000e+02 7.101883e+01 1.124169e+00
8.130000e+02 7.740169e+01 1.309786e+00
8.140000e+02 1.420689e+02 3.648588e+00
8.150000e+02 6.917192e+01 1.078365e+00
8.160000e+02 6.861670e+01 1.064464e+00
8.170000e+02 6.830516e+01 1.056993e+00
8.180000e+02 6.845549e+01 1.061929e+00
8.190000e+02 6.867115e+01 1.068279e+00
8.200000e+02 7.040577e+01 1.117191e+00
8.210000e+02 6.836362e+01 1.059889e+00
8.220000e+02 6.864261e+01 1.066735e+00
8.230000e+02 6.901292e+01 1.075887e+00
8.240000e+02 7.013896e+01 1.104427e+00
8.250000e+02 7.256638e+01 1.169381e+00
8.260000e+02 8.367281e+01 1.493964e+00
8.270000e+02 7.731498e+01 1.288301e+00
8.280000e+02 9.725036e+01 1.862960e+00
8.290000e+02 8.283307e+01 1.428026e+00
8.300000e+02 9.099862e+01 1.654489e+00
8.310000e+02 1.586755e+02 4.471534e+00
8.320000e+02 1.432218e+02 3.454676e+00
8.330000e+02 2.126201e+02 7.994101e+00
8.340000e+02 2.605324e+02 5.369682e+01
8.350000e+02 2.359992e+02 1.159279e+01
8.360000e+02 1.559092e+02 3.988835e+00
8.370000e+02 1.230016e+02 2.708826e+00
8.380000e+02 1.029234e+02 2.045114e+00
8.390000e+02 8.757476e+01 1.573135e+00
8.400000e+02 9.090969e+01 1.704868e+00
8.410000e+02 1.207465e+02 2.805851e+00
8.420000e+02 1.104818e+02 2.414861e+00
8.430000e+02 1.847286e+02 7.159034e+00
8.440000e+02 7.463839e+01 1.236757e+00
8.450000e+02 6.892540e+01 1.077906e+00
8.460000e+02 6.735012e+01 1.036535e+00
8.470000e+02 6.648306e+01 1.013576e+00
8.480000e+02 6.678276e+01 1.020378e+00
8.490000e+02 8.780619e+01 1.627722e+00
8.500000e+02 6.749833e+01 1.040666e+00
8.510000e+02 6.524646e+01 9.820387e-01
8.520000e+02 6.516182e+01 9.797439e-01
8.530000e+02 6.688309e+01 1.024049e+00
8.540000e+02 6.573399e+01 9.930394e-01
8.550000e+02 6.500530e+01 9.752171e-01
8.560000e+02 6.500176e+01 9.750395e-01
8.570000e+02 6.708322e+01 1.028994e+00
8.580000e+02 1.362629e+02 3.491571e+00
8.590000e+02 6.756812e+01 1.031802e+00
8.600000e+02 6.886227e+01 1.058768e+00
8.610000e+02 6.867663e+01 1.059798e+00
8.620000e+02 6.734340e+01 1.030956e+00
8.630000e+02 9.251654e+01 1.790985e+00
8.640000e+02 6.499927e+01 9.721669e-01
8.650000e+02 6.456889e+01 9.610478e-01
8.660000e+02 6.944694e+01 1.094461e+00
8.670000e+02 6.432609e+01 9.545603e-01
8.680000e+02 6.422173e+01 9.513721e-01
8.690000e+02 6.817588e+01 1.056867e+00
8.700000e+02 6.447996e+01 9.569062e-01
8.710000e+02 6.432436e+01 9.521417e-01
8.720000e+02 6.439960e+01 9.533257e-01
8.730000e+02 6.451147e+01 9.553814e-01
8.740000e+02 6.506416e+01 9.689482e-01
8.750000e+02 6.487371e+01 9.629576e-01
8.760000e+02 6.512906e+01 9.684550e-01
8.770000e+02 6.548497e+01 9.760673e-01
8.780000e+02 6.671742e+01 1.006074e+00
8.790000e+02 6.661785e+01 1.002368e+00
8.800000e+02 6.610751e+01 9.891041e-01
8.810000e+02 6.668829e+01 1.004056e+00
8.820000e+02 6.713868e+01 1.015398e+00
8.830000e+02 1.187933e+02 2.727521e+00
8.840000e+02 6.784028e+01 1.031513e+00
8.850000e+02 6.758462e+01 1.022367e+00
8.860000e+02 6.882792e+01 1.054469e+00
8.870000e+02 7.136918e+01 1.123512e+00
8.880000e+02 8.205457e+01 1.436664e+00
8.890000e+02 6.965478e+01 1.069404e+00
8.900000e+02 6.959051e+01 1.063170e+00
8.910000e+02 7.060298e+01 1.085074e+00
8.920000e+02 7.250804e+01 1.127830e+00
8.930000e+02 7.635900e+01 1.219531e+00
8.940000e+02 7.962182e+01 1.303925e+00
8.950000e+02 9.103220e+01 1.664374e+00
8.960000e+02 1.086978e+02 2.271411e+00
8.970000e+02 7.488625e+01 1.183911e+00
8.980000e+02 7.466206e+01 1.174436e+00
8.990000e+02 7.573890e+01 1.197983e+00
9.000000e+02 7.639616e+01 1.212656e+00
9.010000e+02 7.847970e+01 1.268632e+00
9.020000e+02 7.892737e+01 1.271788e+00
9.030000e+02 8.147908e+01 1.333642e+00
9.040000e+02 8.363713e+01 1.384344e+00
9.050000e+02 8.748458e+01 1.475312e+00
9.060000e+02 9.444870e+01 1.653449e+00
9.070000e+02 9.479429e+01 1.661240e+00
9.080000e+02 1.032705e+02 1.943883e+00
9.090000e+02 1.025207e+02 1.883005e+00
9.100000e+02 1.092469e+02 2.056105e+00
9.110000e+02 1.192105e+02 2.334460e+00
9.120000e+02 1.413984e+02 3.088500e+00
9.130000e+02 1.665763e+02 4.058010e+00
9.140000e+02 2.078346e+02 6.435561e+00
9.150000e+02 2.492837e+02 1.190138e+01
9.160000e+02 2.648475e+02 2.177282e+01
9.170000e+02 2.571108e+02 1.457132e+01
9.180000e+02 2.222865e+02 7.704070e+00
9.190000e+02 1.817043e+02 4.815658e+00
9.200000e+02 1.495543e+02 3.367647e+00
9.210000e+02 1.281084e+02 2.611675e+00
9.220000e+02 1.160091e+02 2.249722e+00
9.230000e+02 1.054515e+02 1.937647e+00
9.240000e+02 9.935422e+01 1.773947e+00
9.250000e+02 1.004971e+02 1.843805e+00
9.260000e+02 9.407797e+01 1.649677e+00
9.270000e+02 9.097148e+01 1.562960e+00
9.280000e+02 9.006796e+01 1.541536e+00
9.290000e+02 8.813912e+01 1.488330e+00
9.300000e+02 8.676066e+01 1.451993e+00
9.310000e+02 8.625013e+01 1.439609e+00
9.320000e+02 8.670805e+01 1.455244e+00
9.330000e+02 1.082433e+02 2.184430e+00
9.340000e+02 8.714548e+01 1.468891e+00
9.350000e+02 8.612791e+01 1.436271e+00
9.360000e+02 8.702346e+01 1.461433e+00
9.370000e+02 8.724700e+01 1.466536e+00
9.380000e+02 8.691276e+01 1.452759e+00
9.390000e+02 8.739061e+01 1.463953e+00
9.400000e+02 8.818988e+01 1.484696e+00
9.410000e+02 8.869446e+01 1.495928e+00
9.420000e+02 8.941507e+01 1.513368e+00
9.430000e+02 9.051615e+01 1.541956e+00
9.440000e+02 9.136910e+01 1.562186e+00
9.450000e+02 9.491331e+01 1.668130e+00
9.460000e+02 9.336056e+01 1.611954e+00
9.470000e+02 9.451513e+01 1.641660e+00
9.480000e+02 9.637221e+01 1.693609e+00
9.490000e+02 1.088361e+02 2.115234e+00
9.500000e+02 9.959943e+01 1.780316e+00
9.510000e+02 1.040085e+02 1.919879e+00
9.520000e+02 1.024152e+02 1.850380e+00
9.530000e+02 1.047124e+02 1.913002e+00
9.540000e+02 1.076089e+02 1.996045e+00
9.550000e+02 1.100651e+02 2.066888e+00
9.560000e+02 1.168878e+02 2.300272e+00
9.570000e+02 1.148333e+02 2.203335e+00
9.580000e+02 1.193730e+02 2.351732e+00
9.590000e+02 1.227401e+02 2.452715e+00
9.600000e+02 1.247839e+02 2.497847e+00
9.610000e+02 1.290871e+02 2.630568e+00
9.620000e+02 1.348050e+02 2.819262e+00
9.630000e+02 1.416072e+02 3.053187e+00
9.640000e+02 1.501896e+02 3.368029e+00
9.650000e+02 1.614671e+02 3.820543e+00
9.660000e+02 1.766860e+02 4.514646e+00
9.670000e+02 1.980097e+02 5.717266e+00
9.680000e+02 2.268861e+02 8.142570e+00
9.690000e+02 2.576205e+02 1.485941e+01
9.700000e+02 2.670647e+02 2.611449e+01
9.710000e+02 2.648940e+02 2.020547e+01
9.720000e+02 2.490479e+02 1.169993e+01
9.730000e+02 2.436856e+02 1.129748e+01
9.740000e+02 2.207260e+02 7.505461e+00
9.750000e+02 2.193293e+02 7.372762e+00
9.760000e+02 2.232613e+02 7.759019e+00
9.770000e+02 2.303735e+02 8.553594e+00
9.780000e+02 2.390177e+02 9.745761e+00
9.790000e+02 2.481461e+02 1.148276e+01
9.800000e+02 2.573882e+02 1.450393e+01
9.810000e+02 2.627746e+02 1.747671e+01
9.820000e+02 2.667474e+02 2.294118e+01
9.830000e+02 2.685425e+02 3.254026e+01
9.840000e+02 2.691560e+02 4.674548e+01
9.850000e+02 2.694771e+02 7.487269e+01
9.860000e+02 2.696949e+02 1.342565e+02
9.870000e+02 2.698240e+02 2.627980e+02
9.880000e+02 2.698628e+02 4.719253e+02
9.890000e+02 2.698109e+02 2.382668e+02
9.900000e+02 2.696701e+02 1.228678e+02
9.910000e+02 2.694430e+02 7.009359e+01
9.920000e+02 2.691095e+02 4.456526e+01
9.930000e+02 2.684444e+02 3.095961e+01
9.940000e+02 2.668438e+02 2.335409e+01
9.950000e+02 2.635320e+02 1.825658e+01
9.960000e+02 2.573196e+02 1.432332e+01
9.970000e+02 2.485934e+02 1.158163e+01
9.980000e+02 2.387183e+02 9.698153e+00
9.990000e+02 2.291321e+02 8.428581e+00
1.000000e+03 2.183748e+02 7.287360e+00
0.200000 0 0
1.000000e+01 3.567758e+00 1.561253e-02
1.100000e+01 3.597985e+00 1.616339e-02
1.200000e+01 3.620334e+00 1.654710e-02
1.300000e+01 3.652161e+00 1.711423e-02
1.400000e+01 3.688210e+00 1.775653e-02
1.500000e+01 3.730931e+00 1.852231e-02
1.600000e+01 3.776405e+00 1.932738e-02
1.700000e+01 3.828981e+00 2.025455e-02
1.800000e+01 3.893881e+00 2.139824e-02
1.900000e+01 3.978452e+00 2.287865e-02
2.000000e+01 4.105288e+00 2.507920e-02
2.100000e+01 4.337397e+00 2.908257e-02
2.200000e+01 4.738418e+00 3.614710e-02
2.300000e+01 4.690781e+00 3.526309e-02
2.400000e+01 4.546718e+00 3.287018e-02
2.500000e+01 4.526651e+00 3.260248e-02
2.600000e+01 4.580626e+00 3.362096e-02
2.700000e+01 4.669726e+00 3.524316e-02
2.800000e+01 4.784543e+00 3.732143e-02
2.900000e+01 4.945872e+00 4.028520e-02
3.000000e+01 5.127016e+00 4.361599e-02
3.100000e+01 5.248563e+00 4.568531e-02
3.200000e+01 5.444544e+00 4.921425e-02
3.300000e+01 5.667338e+00 5.323439e-02
3.400000e+01 5.919754e+00 5.779615e-02
3.500000e+01 6.207071e+00 6.299920e-02
3.600000e+01 6.600939e+00 7.026647e-02
3.700000e+01 6.908435e+00 7.573906e-02
3.800000e+01 7.355710e+00 8.393695e-02
3.900000e+01 7.837348e+00 9.269361e-02
4.000000e+01 8.418197e+00 1.033407e-01
4.100000e+01 9.102476e+00 1.159312e-01
4.200000e+01 9.915730e+00 1.309580e-01
4.300000e+01 1.090187e+01 1.492933e-01
4.400000e+01 1.207872e+01 1.712383e-01
4.500000e+01 1.353395e+01 1.985607e-01
4.600000e+01 1.534776e+01 2.328538e-01
4.700000e+01 1.767196e+01 2.772273e-01
4.800000e+01 2.071518e+01 3.360104e-01
4.900000e+01 2.483774e+01 4.168654e-01
5.000000e+01 3.076343e+01 5.356474e-01
5.100000e+01 4.021498e+01 7.312239e-01
5.200000e+01 5.902866e+01 1.148294e+00
5.300000e+01 1.007242e+02 2.238983e+00
5.400000e+01 1.779902e+02 5.404157e+00
5.500000e+01 2.456348e+02 1.373357e+01
5.600000e+01 2.635933e+02 3.590457e+01
5.700000e+01 2.661543e+02 7.854669e+01
5.800000e+01 2.671340e+02 7.802773e+01
5.900000e+01 2.674552e+02 1.014304e+02
6.000000e+01 2.676932e+02 1.024923e+02
6.100000e+01 2.677097e+02 1.063946e+02
6.200000e+01 2.675070e+02 9.039798e+01
6.300000e+01 2.663912e+02 1.085646e+02
6.400000e+01 2.614632e+02 2.617487e+01
6.500000e+01 2.282411e+02 9.859454e+00
6.600000e+01 1.504566e+02 3.975207e+00
6.700000e+01 8.887724e+01 1.890440e+00
6.800000e+01 5.830636e+01 1.128166e+00
6.900000e+01 4.351321e+01 7.998238e-01
7.000000e+01 3.499174e+01 6.201266e-01
7.100000e+01 2.926989e+01 5.030110e-01
7.200000e+01 2.512193e+01 4.198274e-01
7.300000e+01 2.198611e+01 3.578752e-01
7.400000e+01 1.955147e+01 3.103241e-01
7.500000e+01 1.763202e+01 2.732029e-01
7.600000e+01 1.607971e+01 2.433954e-01
7.700000e+01 1.478060e+01 2.185313e-01
7.800000e+01 1.368957e+01 1.976995e-01
7.900000e+01 1.285221e+01 1.818355e-01
8.000000e+01 1.202966e+01 1.661919e-01
8.100000e+01 1.138353e+01 1.539972e-01
8.200000e+01 1.080965e+01 1.431888e-01
8.300000e+01 1.032119e+01 1.340061e-01
8.400000e+01 9.902069e+00 1.261299e-01
8.500000e+01 9.539952e+00 1.193244e-01
8.600000e+01 9.226297e+00 1.134257e-01
8.700000e+01 8.955802e+00 1.083326e-01
8.800000e+01 8.722967e+00 1.039405e-01
8.900000e+01 8.517554e+00 1.000599e-01
9.000000e+01 8.348234e+00 9.684812e-02
9.100000e+01 8.200735e+00 9.404152e-02
9.200000e+01 8.077480e+00 9.167176e-02
9.300000e+01 7.990639e+00 8.999435e-02
9.400000e+01 8.534847e+00 1.009914e-01
9.500000e+01 7.870602e+00 8.757639e-02
9.600000e+01 8.018877e+00 9.058366e-02
9.700000e+01 7.840349e+00 8.678518e-02
9.800000e+01 7.847481e+00 8.674562e-02
9.900000e+01 7.895641e+00 8.748280e-02
1.000000e+02 8.012257e+00 8.953709e-02
1.010000e+02 8.162956e+00 9.224618e-02
1.020000e+02 8.505849e+00 9.888581e-02
1.030000e+02 8.416366e+00 9.641715e-02
1.040000e+02 8.846767e+00 1.045454e-01
1.050000e+02 8.952640e+00 1.058507e-01
1.060000e+02 9.354930e+00 1.130539e-01
1.070000e+02 9.883004e+00 1.226085e-01
1.080000e+02 1.058779e+01 1.354961e-01
1.090000e+02 1.152325e+01 1.527750e-01
1.100000e+02 1.282829e+01 1.772055e-01
1.110000e+02 1.526774e+01 2.250197e-01
1.120000e+02 1.707679e+01 2.576846e-01
1.130000e+02 2.096761e+01 3.332512e-01
1.140000e+02 2.736256e+01 4.608138e-01
1.150000e+02 3.946719e+01 7.146783e-01
1.160000e+02 6.171777e+01 1.219251e+00
1.170000e+02 1.145847e+02 2.715429e+00
1.180000e+02 2.227764e+02 9.912234e+00
1.190000e+02 2.536933e+02 2.828613e+01
1.200000e+02 1.618209e+02 4.665547e+00
1.210000e+02 8.043324e+01 1.693176e+00
1.220000e+02 4.634838e+01 8.621622e-01
1.230000e+02 3.075636e+01 5.281870e-01
1.240000e+02 2.473481e+01 4.107484e-01
1.250000e+02 1.801833e+01 2.736642e-01
1.260000e+02 1.489447e+01 2.131764e-01
1.270000e+02 1.269448e+01 1.709928e-01
1.280000e+02 1.135904e+01 1.461039e-01
1.290000e+02 1.021586e+01 1.245537e-01
1.300000e+02 9.428972e+00 1.099391e-01
1.310000e+02 8.933444e+00 1.009150e-01
1.320000e+02 8.385663e+00 9.071820e-02
1.330000e+02 8.032426e+00 8.423511e-02
1.340000e+02 7.743463e+00 7.890209e-02
1.350000e+02 7.491795e+00 7.426467e-02
1.360000e+02 7.315677e+00 7.101776e-02
1.370000e+02 7.379233e+00 7.241316e-02
1.380000e+02 7.038946e+00 6.580100e-02
1.390000e+02 6.940120e+00 6.391422e-02
1.400000e+02 6.901924e+00 6.313945e-02
1.410000e+02 6.821370e+00 6.161944e-02
1.420000e+02 8.108290e+00 8.699617e-02
1.430000e+02 6.793967e+00 6.088444e-02
1.440000e+02 6.710389e+00 5.912706e-02
1.450000e+02 7.938484e+00 8.277430e-02
1.460000e+02 6.603109e+00 5.690599e-02
1.470000e+02 6.559995e+00 5.594056e-02
1.480000e+02 6.577058e+00 5.608962e-02
1.490000e+02 6.731105e+00 5.883290e-02
1.500000e+02 6.685302e+00 5.761901e-02
1.510000e+02 6.844781e+00 6.047849e-02
1.520000e+02 6.645226e+00 5.643870e-02
1.530000e+02 6.616764e+00 5.576802e-02
1.540000e+02 8.423519e+00 8.984116e-02
1.550000e+02 6.636886e+00 5.569846e-02
1.560000e+02 6.708208e+00 5.676960e-02
1.570000e+02 6.680671e+00 5.597060e-02
1.580000e+02 6.712873e+00 5.628080e-02
1.590000e+02 6.760363e+00 5.685378e-02
1.600000e+02 6.816380e+00 5.756414e-02
1.610000e+02 6.876302e+00 5.832591e-02
1.620000e+02 6.946616e+00 5.926167e-02
1.630000e+02 7.038891e+00 6.057784e-02
1.640000e+02 7.181172e+00 6.281141e-02
1.650000e+02 9.976683e+00 1.161696e-01
1.660000e+02 8.687861e+00 9.121267e-02
1.670000e+02 7.565728e+00 6.843750e-02
1.680000e+02 7.684037e+00 6.999292e-02
1.690000e+02 7.935050e+00 7.390184e-02
1.700000e+02 8.076216e+00 7.571485e-02
1.710000e+02 8.328706e+00 7.948527e-02
1.720000e+02 8.674413e+00 8.481882e-02
1.730000e+02 9.150851e+00 9.241769e-02
1.740000e+02 9.765167e+00 1.022917e-01
1.750000e+02 1.080325e+01 1.200302e-01
1.760000e+02 1.214372e+01 1.433298e-01
1.770000e+02 1.322639e+01 1.595443e-01
1.780000e+02 1.554282e+01 1.989140e-01
1.790000e+02 1.945310e+01 2.673048e-01
1.800000e+02 2.676556e+01 4.003532e-01
1.810000e+02 3.999966e+01 6.525098e-01
1.820000e+02 6.703997e+01 1.226397e+00
1.830000e+02 1.061967e+02 2.260106e+00
1.840000e+02 9.069740e+01 1.813454e+00
1.850000e+02 5.468312e+01 9.545095e-01
1.860000e+02 3.438532e+01 5.419663e-01
1.870000e+02 2.428407e+01 3.523888e-01
1.880000e+02 1.884055e+01 2.542647e-01
1.890000e+02 1.564422e+01 1.980448e-01
1.900000e+02 1.362856e+01 1.631956e-01
1.910000e+02 1.230255e+01 1.405974e-01
1.920000e+02 1.140052e+01 1.254033e-01
1.930000e+02 1.088075e+01 1.171020e-01
1.940000e+02 1.040154e+01 1.089645e-01
1.950000e+02 1.045505e+01 1.113707e-01
1.960000e+02 1.013985e+01 1.059341e-01
1.970000e+02 9.450010e+00 9.280849e-02
1.980000e+02 9.320916e+00 9.056716e-02
1.990000e+02 9.213215e+00 8.874560e-02
2.000000e+02 9.235487e+00 8.909238e-02
2.010000e+02 1.035449e+01 1.109355e-01
2.020000e+02 9.187574e+00 8.789227e-02
2.030000e+02 9.162669e+00 8.714801e-02
2.040000e+02 9.061733e+00 8.528667e-02
2.050000e+02 8.876638e+00 8.209612e-02
2.060000e+02 9.097037e+00 8.642202e-02
2.070000e+02 8.783634e+00 8.036604e-02
2.080000e+02 8.913389e+00 8.277483e-02
2.090000e+02 9.235365e+00 8.890093e-02
2.100000e+02 8.836279e+00 8.091709e-02
2.110000e+02 9.209883e+00 8.792867e-02
2.120000e+02 8.763172e+00 7.910025e-02
2.130000e+02 8.774382e+00 7.907092e-02
2.140000e+02 8.839326e+00 8.005358e-02
2.150000e+02 1.406916e+01 1.819204e-01
2.160000e+02 8.969841e+00 8.188429e-02
2.170000e+02 8.867550e+00 7.976383e-02
2.180000e+02 8.923160e+00 8.051765e-02
2.190000e+02 8.930083e+00 8.035021e-02
2.200000e+02 8.987109e+00 8.110057e-02
2.210000e+02 9.013808e+00 8.128621e-02
2.220000e+02 9.069256e+00 8.197618e-02
2.230000e+02 9.152707e+00 8.314365e-02
2.240000e+02 9.288642e+00 8.519734e-02
2.250000e+02 9.620506e+00 9.072293e-02
2.260000e+02 1.286697e+01 1.539351e-01
2.270000e+02 9.773459e+00 9.291608e-02
2.280000e+02 9.531040e+00 8.837395e-02
2.290000e+02 9.565124e+00 8.882692e-02
2.300000e+02 9.759049e+00 9.215592e-02
2.310000e+02 1.094411e+01 1.149950e-01
2.320000e+02 1.022021e+01 9.982697e-02
2.330000e+02 1.085157e+01 1.104503e-01
2.340000e+02 1.754634e+01 2.483964e-01
2.350000e+02 1.110608e+01 1.150079e-01
2.360000e+02 1.193098e+01 1.324301e-01
2.370000e+02 1.467953e+01 1.882878e-01
2.380000e+02 1.050266e+01 1.035046e-01
2.390000e+02 1.780902e+01 2.518188e-01
2.400000e+02 1.141298e+01 1.200353e-01
2.410000e+02 1.063785e+01 1.044944e-01
2.420000e+02 1.185080e+01 1.284731e-01
2.430000e+02 1.147871e+01 1.208257e-01
2.440000e+02 1.154668e+01 1.219191e-01
2.450000e+02 1.042735e+01 9.963334e-02
2.460000e+02 1.039741e+01 9.869977e-02
2.470000e+02 1.058869e+01 1.019753e-01
2.480000e+02 1.385375e+01 1.669479e-01
2.490000e+02 1.126953e+01 1.142949e-01
2.500000e+02 2.911301e+01 4.903906e-01
2.510000e+02 1.212334e+01 1.299017e-01
2.520000e+02 1.121604e+01 1.114244e-01
2.530000e+02 1.088858e+01 1.050396e-01
2.540000e+02 1.087066e+01 1.043391e-01
2.550000e+02 1.095477e+01 1.054524e-01
2.560000e+02 1.093514e+01 1.048523e-01
2.570000e+02 1.099838e+01 1.058135e-01
2.580000e+02 1.158949e+01 1.170211e-01
2.590000e+02 1.250624e+01 1.350245e-01
2.600000e+02 1.120434e+01 1.086543e-01
2.610000e+02 1.119535e+01 1.080738e-01
2.620000e+02 1.130890e+01 1.098179e-01
2.630000e+02 1.250550e+01 1.328504e-01
2.640000e+02 1.293346e+01 1.410373e-01
2.650000e+02 1.317626e+01 1.446874e-01
2.660000e+02 1.172786e+01 1.158355e-01
2.670000e+02 1.294895e+01 1.399143e-01
2.680000e+02 1.186559e+01 1.179705e-01
2.690000e+02 1.170930e+01 1.145155e-01
2.700000e+02 1.173971e+01 1.146921e-01
2.710000e+02 1.193595e+01 1.180264e-01
2.720000e+02 1.208481e+01 1.204434e-01
2.730000e+02 2.329989e+01 3.511353e-01
2.740000e+02 1.265562e+01 1.306742e-01
2.750000e+02 1.273940e+01 1.315093e-01
2.760000e+02 1.347924e+01 1.453162e-01
2.770000e+02 1.516770e+01 1.784176e-01
2.780000e+02 1.258275e+01 1.270723e-01
2.790000e+02 1.261005e+01 1.274442e-01
2.800000e+02 1.301584e+01 1.349913e-01
2.810000e+02 1.336080e+01 1.402055e-01
2.820000e+02 1.272391e+01 1.282780e-01
2.830000e+02 1.323152e+01 1.378824e-01
2.840000e+02 1.281916e+01 1.292171e-01
2.850000e+02 1.306611e+01 1.335886e-01
2.860000e+02 2.116986e+01 3.016490e-01
2.870000e+02 1.351573e+01 1.414943e-01
2.880000e+02 1.339479e+01 1.386031e-01
2.890000e+02 3.292581e+01 5.544883e-01
2.900000e+02 1.351109e+01 1.398330e-01
2.910000e+02 1.509449e+01 1.697810e-01
2.920000e+02 1.353650e+01 1.392663e-01
2.930000e+02 1.580818e+01 1.848769e-01
2.940000e+02 1.389849e+01 1.453683e-01
2.950000e+02 1.378166e+01 1.423401e-01
2.960000e+02 1.393624e+01 1.446845e-01
2.970000e+02 1.427236e+01 1.503840e-01
2.980000e+02 1.547486e+01 1.727125e-01
2.990000e+02 1.555043e+01 1.735241e-01
3.000000e+02 1.503143e+01 1.631826e-01
3.010000e+02 1.650447e+01 1.923610e-01
3.020000e+02 2.038904e+01 2.742543e-01
3.030000e+02 1.831061e+01 2.295983e-01
3.040000e+02 1.528750e+01 1.662829e-01
3.050000e+02 1.577943e+01 1.753875e-01
3.060000e+02 1.514673e+01 1.621668e-01
3.070000e+02 1.521817e+01 1.629223e-01
3.080000e+02 1.537642e+01 1.652451e-01
3.090000e+02 1.561869e+01 1.691153e-01
3.100000e+02 1.796825e+01 2.155415e-01
3.110000e+02 1.613878e+01 1.772260e-01
3.120000e+02 1.638780e+01 1.810144e-01
3.130000e+02 1.681493e+01 1.880440e-01
3.140000e+02 1.745500e+01 1.990516e-01
3.150000e+02 1.796577e+01 2.078244e-01
3.160000e+02 2.343584e+01 3.222083e-01
3.170000e+02 2.022031e+01 2.487949e-01
3.180000e+02 2.066138e+01 2.527984e-01
3.190000e+02 2.261001e+01 2.865955e-01
3.200000e+02 6.332930e+01 1.209263e+00
3.210000e+02 3.146497e+01 4.466615e-01
3.220000e+02 3.824283e+01 5.755928e-01
3.230000e+02 5.203265e+01 8.500081e-01
3.240000e+02 8.270327e+01 1.543815e+00
3.250000e+02 1.233161e+02 2.730090e+00
3.260000e+02 9.533597e+01 1.873762e+00
3.270000e+02 6.903789e+01 1.268815e+00
3.280000e+02 4.198705e+01 6.515773e-01
3.290000e+02 3.182994e+01 4.511541e-01
3.300000e+02 2.700297e+01 3.618799e-01
3.310000e+02 2.430589e+01 3.133798e-01
3.320000e+02 2.306628e+01 2.930408e-01
3.330000e+02 2.595825e+01 3.608740e-01
3.340000e+02 2.102855e+01 2.556721e-01
3.350000e+02 2.075389e+01 2.513611e-01
3.360000e+02 2.013595e+01 2.392095e-01
3.370000e+02 1.976900e+01 2.322593e-01
3.380000e+02 1.959582e+01 2.290060e-01
3.390000e+02 1.952818e+01 2.276475e-01
3.400000e+02 1.950264e+01 2.269511e-01
3.410000e+02 1.954037e+01 2.273967e-01
3.420000e+02 1.966903e+01 2.296017e-01
3.430000e+02 2.065549e+01 2.499009e-01
3.440000e+02 2.012414e+01 2.376483e-01
3.450000e+02 2.161216e+01 2.680898e-01
3.460000e+02 2.062118e+01 2.463677e-01
3.470000e+02 2.043007e+01 2.415917e-01
3.480000e+02 2.061990e+01 2.446279e-01
3.490000e+02 2.097342e+01 2.507468e-01
3.500000e+02 2.145431e+01 2.594796e-01
3.510000e+02 2.261567e+01 2.819576e-01
3.520000e+02 2.557905e+01 3.454795e-01
3.530000e+02 2.514751e+01 3.350203e-01
3.540000e+02 2.286366e+01 2.839308e-01
3.550000e+02 3.820706e+01 6.170973e-01
3.560000e+02 2.380867e+01 3.006873e-01
3.570000e+02 2.445343e+01 3.124701e-01
3.580000e+02 2.738776e+01 3.749087e-01
3.590000e+02 3.448678e+01 5.347607e-01
3.600000e+02 2.733425e+01 3.669000e-01
3.610000e+02 2.746091e+01 3.655553e-01
3.620000e+02 2.898339e+01 3.946202e-01
3.630000e+02 3.091910e+01 4.317944e-01
3.640000e+02 3.484654e+01 5.138195e-01
3.650000e+02 3.824368e+01 5.800685e-01
3.660000e+02 4.538959e+01 7.282001e-01
3.670000e+02 6.739975e+01 1.243904e+00
3.680000e+02 1.465849e+02 3.950335e+00
3.690000e+02 1.483299e+02 4.021423e+00
3.700000e+02 7.342535e+01 1.371008e+00
3.710000e+02 7.678641e+01 1.483694e+00
3.720000e+02 5.954594e+01 1.005054e+00
3.730000e+02 6.563979e+01 1.132611e+00
3.740000e+02 7.608967e+01 1.365832e+00
3.750000e+02 9.571221e+01 1.865162e+00
3.760000e+02 1.203388e+02 2.548527e+00
3.770000e+02 1.584216e+02 3.893050e+00
3.780000e+02 2.093528e+02 6.736166e+00
3.790000e+02 2.535324e+02 1.328017e+01
3.800000e+02 2.663004e+02 2.472777e+01
3.810000e+02 2.610164e+02 1.688086e+01
3.820000e+02 2.270096e+02 8.378821e+00
3.830000e+02 1.751420e+02 4.629676e+00
3.840000e+02 1.323248e+02 2.914244e+00
3.850000e+02 1.029477e+02 2.032617e+00
3.860000e+02 8.338759e+01 1.530816e+00
3.870000e+02 7.238395e+01 1.285097e+00
3.880000e+02 6.081677e+01 1.015854e+00
3.890000e+02 5.429588e+01 8.765462e-01
3.900000e+02 5.037038e+01 7.959488e-01
3.910000e+02 4.679978e+01 7.240388e-01
3.920000e+02 4.327499e+01 6.550701e-01
3.930000e+02 4.141154e+01 6.227802e-01
3.940000e+02 3.814608e+01 5.532993e-01
3.950000e+02 3.831242e+01 5.629960e-01
3.960000e+02 3.573421e+01 5.080474e-01
3.970000e+02 4.099031e+01 6.307616e-01
3.980000e+02 3.407715e+01 4.759504e-01
3.990000e+02 3.383664e+01 4.721719e-01
4.000000e+02 4.195258e+01 6.626201e-01
4.010000e+02 3.937957e+01 5.999778e-01
4.020000e+02 4.503592e+01 7.373298e-01
4.030000e+02 3.547292e+01 5.110110e-01
4.040000e+02 3.425964e+01 4.853297e-01
4.050000e+02 3.281856e+01 4.526648e-01
4.060000e+02 3.282092e+01 4.525029e-01
4.070000e+02 3.311379e+01 4.584774e-01
4.080000e+02 3.561595e+01 5.158632e-01
4.090000e+02 3.441324e+01 4.856460e-01
4.100000e+02 3.445370e+01 4.846972e-01
4.110000e+02 3.526820e+01 5.009422e-01
4.120000e+02 3.717044e+01 5.417078e-01
4.130000e+02 4.949128e+01 8.251808e-01
4.140000e+02 4.371621e+01 6.921401e-01
4.150000e+02 4.167019e+01 6.350153e-01
4.160000e+02 4.362365e+01 6.742019e-01
4.170000e+02 4.716800e+01 7.503112e-01
4.180000e+02 5.235194e+01 8.648616e-01
4.190000e+02 6.002123e+01 1.040587e+00
4.200000e+02 7.229987e+01 1.338489e+00
4.210000e+02 9.295365e+01 1.891559e+00
4.220000e+02 1.296427e+02 3.075546e+00
4.230000e+02 1.955292e+02 6.516685e+00
4.240000e+02 2.579909e+02 2.317031e+01
4.250000e+02 2.638403e+02 7.125904e+01
4.260000e+02 2.366803e+02 1.168074e+01
4.270000e+02 1.652902e+02 4.636040e+00
4.280000e+02 1.139041e+02 2.522907e+00
4.290000e+02 8.863544e+01 1.766671e+00
4.300000e+02 7.323275e+01 1.352558e+00
4.310000e+02 6.426124e+01 1.125288e+00
4.320000e+02 5.913565e+01 9.987441e-01
4.330000e+02 5.705828e+01 9.463000e-01
4.340000e+02 5.663105e+01 9.308362e-01
4.350000e+02 5.835261e+01 9.626205e-01
4.360000e+02 6.326384e+01 1.064973e+00
4.370000e+02 7.540590e+01 1.340281e+00
4.380000e+02 9.528099e+01 1.826238e+00
4.390000e+02 1.302848e+02 2.867072e+00
4.400000e+02 1.118039e+02 2.270479e+00
4.410000e+02 9.765265e+01 1.893382e+00
4.420000e+02 1.053392e+02 2.119221e+00
4.430000e+02 1.193764e+02 2.493687e+00
4.440000e+02 1.358808e+02 3.013014e+00
4.450000e+02 1.712285e+02 4.423778e+00
4.460000e+02 2.212061e+02 7.736689e+00
4.470000e+02 2.598070e+02 1.588773e+01
4.480000e+02 2.675207e+02 3.675985e+01
4.490000e+02 2.586898e+02 1.538246e+01
4.500000e+02 2.175121e+02 7.381322e+00
4.510000e+02 1.671434e+02 4.229813e+00
4.520000e+02 1.319082e+02 2.897338e+00
4.530000e+02 1.051319e+02 2.072919e+00
4.540000e+02 8.841240e+01 1.633692e+00
4.550000e+02 7.740874e+01 1.367907e+00
4.560000e+02 6.968037e+01 1.189410e+00
4.570000e+02 6.575792e+01 1.110028e+00
4.580000e+02 6.129398e+01 1.008780e+00
4.590000e+02 5.776277e+01 9.289674e-01
4.600000e+02 5.587850e+01 8.892839e-01
4.610000e+02 5.572285e+01 8.917435e-01
4.620000e+02 5.508020e+01 8.791150e-01
4.630000e+02 6.003089e+01 1.010926e+00
4.640000e+02 5.835503e+01 9.639928e-01
4.650000e+02 5.447343e+01 8.623360e-01
4.660000e+02 5.518117e+01 8.785915e-01
4.670000e+02 5.779844e+01 9.413415e-01
4.680000e+02 1.084055e+02 2.472763e+00
4.690000e+02 7.048755e+01 1.244336e+00
4.700000e+02 9.543690e+01 1.923736e+00
4.710000e+02 1.372383e+02 3.369973e+00
4.720000e+02 8.727423e+01 1.606341e+00
4.730000e+02 1.090182e+02 2.251549e+00
4.740000e+02 1.373254e+02 3.080936e+00
4.750000e+02 1.539046e+02 3.730715e+00
4.760000e+02 1.435266e+02 3.557860e+00
4.770000e+02 8.521853e+01 1.568514e+00
4.780000e+02 7.295637e+01 1.267812e+00
4.790000e+02 6.853125e+01 1.168886e+00
4.800000e+02 7.497654e+01 1.353688e+00
4.810000e+02 7.638153e+01 1.401850e+00
4.820000e+02 7.494410e+01 1.347136e+00
4.830000e+02 7.841106e+01 1.424099e+00
4.840000e+02 9.079278e+01 1.754867e+00
4.850000e+02 1.183154e+02 2.595683e+00
4.860000e+02 1.836195e+02 5.604248e+00
4.870000e+02 2.570653e+02 3.064819e+01
4.880000e+02 2.344401e+02 1.124878e+01
4.890000e+02 1.572227e+02 4.081096e+00
4.900000e+02 1.136018e+02 2.406200e+00
4.910000e+02 9.314256e+01 1.796630e+00
4.920000e+02 8.505821e+01 1.585289e+00
4.930000e+02 7.702023e+01 1.367668e+00
4.940000e+02 7.436926e+01 1.299614e+00
4.950000e+02 7.334238e+01 1.272749e+00
4.960000e+02 7.740452e+01 1.386563e+00
4.970000e+02 7.996245e+01 1.460413e+00
4.980000e+02 7.998471e+01 1.450815e+00
4.990000e+02 7.657234e+01 1.350714e+00
5.000000e+02 7.617353e+01 1.330465e+00
5.010000e+02 7.764016e+01 1.363522e+00
5.020000e+02 8.127465e+01 1.457834e+00
5.030000e+02 8.281506e+01 1.486858e+00
5.040000e+02 8.454026e+01 1.524654e+00
5.050000e+02 8.517939e+01 1.541380e+00
5.060000e+02 8.623860e+01 1.565664e+00
5.070000e+02 8.912947e+01 1.639979e+00
5.080000e+02 9.994713e+01 1.967354e+00
5.090000e+02 1.001109e+02 1.943897e+00
5.100000e+02 9.813718e+01 1.870111e+00
5.110000e+02 9.812765e+01 1.865931e+00
5.120000e+02 1.000236e+02 1.917567e+00
5.130000e+02 1.018951e+02 1.965127e+00
5.140000e+02 1.045887e+02 2.038131e+00
5.150000e+02 1.186830e+02 2.500860e+00
5.160000e+02 1.109148e+02 2.215445e+00
5.170000e+02 1.153863e+02 2.352888e+00
5.180000e+02 1.186003e+02 2.444843e+00
5.190000e+02 1.221375e+02 2.549314e+00
5.200000e+02 1.352535e+02 3.052104e+00
5.210000e+02 1.308746e+02 2.829406e+00
5.220000e+02 1.488953e+02 3.583316e+00
5.230000e+02 1.423960e+02 3.246784e+00
5.240000e+02 1.453378e+02 3.332778e+00
5.250000e+02 1.500239e+02 3.501912e+00
5.260000e+02 1.556439e+02 3.721549e+00
5.270000e+02 1.623746e+02 4.007861e+00
5.280000e+02 1.680726e+02 4.254271e+00
5.290000e+02 1.739284e+02 4.523495e+00
5.300000e+02 1.804946e+02 4.851295e+00
5.310000e+02 1.876261e+02 5.240232e+00
5.320000e+02 1.941214e+02 5.613724e+00
5.330000e+02 2.013669e+02 6.081643e+00
5.340000e+02 2.090547e+02 6.645751e+00
5.350000e+02 2.161566e+02 7.222101e+00
5.360000e+02 2.245222e+02 8.052869e+00
5.370000e+02 2.306903e+02 8.717310e+00
5.380000e+02 2.375964e+02 9.649824e+00
5.390000e+02 2.441962e+02 1.077274e+01
5.400000e+02 2.500605e+02 1.205759e+01
5.410000e+02 2.552159e+02 1.358941e+01
5.420000e+02 2.595803e+02 1.546244e+01
5.430000e+02 2.630409e+02 1.777425e+01
5.440000e+02 2.655791e+02 2.067831e+01
5.450000e+02 2.673005e+02 2.458875e+01
5.460000e+02 2.682860e+02 2.938841e+01
5.470000e+02 2.688359e+02 3.634556e+01
5.480000e+02 2.691172e+02 4.483702e+01
5.490000e+02 2.692970e+02 5.426929e+01
5.500000e+02 2.694503e+02 6.871032e+01
5.510000e+02 2.695855e+02 9.316677e+01
5.520000e+02 2.697008e+02 1.275853e+02
5.530000e+02 2.697953e+02 1.883121e+02
5.540000e+02 2.698691e+02 3.011704e+02
5.550000e+02 2.699221e+02 5.313955e+02
5.560000e+02 2.699542e+02 1.016401e+03
5.570000e+02 2.699655e+02 1.765451e+03
5.580000e+02 2.699562e+02 1.041566e+03
5.590000e+02 2.699265e+02 5.539475e+02
5.600000e+02 2.698767e+02 3.155392e+02
5.610000e+02 2.698071e+02 1.975092e+02
5.620000e+02 2.697179e+02 1.336878e+02
5.630000e+02 2.696094e+02 9.603066e+01
5.640000e+02 2.694814e+02 7.218337e+01
5.650000e+02 2.693312e+02 5.622487e+01
5.660000e+02 2.691469e+02 4.520786e+01
5.670000e+02 2.688914e+02 3.724880e+01
5.680000e+02 2.684666e+02 3.082925e+01
5.690000e+02 2.677422e+02 2.613569e+01
5.700000e+02 2.666456e+02 2.281279e+01
5.710000e+02 2.665045e+02 2.512878e+01
5.720000e+02 2.623094e+02 1.717048e+01
5.730000e+02 2.592762e+02 1.532617e+01
5.740000e+02 2.552795e+02 1.360293e+01
5.750000e+02 2.507853e+02 1.222824e+01
5.760000e+02 2.459464e+02 1.111022e+01
5.770000e+02 2.406979e+02 1.014033e+01
5.780000e+02 2.349984e+02 9.272833e+00
5.790000e+02 2.287888e+02 8.477402e+00
5.800000e+02 2.227367e+02 7.823853e+00
5.810000e+02 2.166935e+02 7.254565e+00
5.820000e+02 2.134062e+02 7.040273e+00
5.830000e+02 2.050569e+02 6.332395e+00
5.840000e+02 1.989263e+02 5.905061e+00
5.850000e+02 1.929666e+02 5.525344e+00
5.860000e+02 1.874210e+02 5.201864e+00
5.870000e+02 1.821100e+02 4.912880e+00
5.880000e+02 1.769166e+02 4.646406e+00
5.890000e+02 1.722331e+02 4.422289e+00
5.900000e+02 1.675442e+02 4.206157e+00
5.910000e+02 1.701740e+02 4.386143e+00
5.920000e+02 1.588834e+02 3.832634e+00
5.930000e+02 1.551296e+02 3.682700e+00
5.940000e+02 1.509518e+02 3.514166e+00
5.950000e+02 1.570257e+02 3.852764e+00
5.960000e+02 1.442049e+02 3.261010e+00
5.970000e+02 1.412311e+02 3.151773e+00
5.980000e+02 1.393148e+02 3.084252e+00
5.990000e+02 1.390515e+02 3.077666e+00
6.000000e+02 1.461907e+02 3.399173e+00
6.010000e+02 1.338270e+02 2.899942e+00
6.020000e+02 1.294792e+02 2.756059e+00
6.030000e+02 1.270383e+02 2.683995e+00
6.040000e+02 1.227202e+02 2.537475e+00
6.050000e+02 1.200470e+02 2.453534e+00
6.060000e+02 1.180877e+02 2.394382e+00
6.070000e+02 1.163957e+02 2.343735e+00
6.080000e+02 1.156498e+02 2.326115e+00
6.090000e+02 1.144379e+02 2.288948e+00
6.100000e+02 1.184482e+02 2.444683e+00
6.110000e+02 1.169410e+02 2.389617e+00
6.120000e+02 1.139191e+02 2.273390e+00
6.130000e+02 1.145112e+02 2.285387e+00
6.140000e+02 1.169511e+02 2.356097e+00
6.150000e+02 1.224866e+02 2.530363e+00
6.160000e+02 1.298087e+02 2.755144e+00
6.170000e+02 1.438317e+02 3.232930e+00
6.180000e+02 1.687421e+02 4.238124e+00
6.190000e+02 2.094126e+02 6.631252e+00
6.200000e+02 2.508007e+02 1.239364e+01
6.210000e+02 2.588861e+02 1.573688e+01
6.220000e+02 2.278256e+02 8.369134e+00
6.230000e+02 1.817557e+02 4.874924e+00
6.240000e+02 1.495553e+02 3.454226e+00
6.250000e+02 1.282982e+02 2.702936e+00
6.260000e+02 1.156758e+02 2.314349e+00
6.270000e+02 1.085713e+02 2.114653e+00
6.280000e+02 1.059180e+02 2.059879e+00
6.290000e+02 9.778565e+01 1.818355e+00
6.300000e+02 9.397328e+01 1.717620e+00
6.310000e+02 9.126253e+01 1.648275e+00
6.320000e+02 9.291077e+01 1.714461e+00
6.330000e+02 8.791545e+01 1.567309e+00
6.340000e+02 8.729736e+01 1.557323e+00
6.350000e+02 8.550357e+01 1.509825e+00
6.360000e+02 8.347654e+01 1.454639e+00
6.370000e+02 8.246183e+01 1.429738e+00
6.380000e+02 8.196017e+01 1.419742e+00
6.390000e+02 9.656280e+01 1.883474e+00
6.400000e+02 8.436144e+01 1.499247e+00
6.410000e+02 7.989193e+01 1.369933e+00
6.420000e+02 8.162355e+01 1.425397e+00
6.430000e+02 7.971785e+01 1.370342e+00
6.440000e+02 7.890900e+01 1.348763e+00
6.450000e+02 8.453571e+01 1.520920e+00
6.460000e+02 7.956657e+01 1.367609e+00
6.470000e+02 7.794516e+01 1.325730e+00
6.480000e+02 8.624168e+01 1.580030e+00
6.490000e+02 7.669909e+01 1.293288e+00
6.500000e+02 7.681448e+01 1.297159e+00
6.510000e+02 7.992520e+01 1.389253e+00
6.520000e+02 8.048436e+01 1.403159e+00
6.530000e+02 8.193942e+01 1.443858e+00
6.540000e+02 8.721789e+01 1.606749e+00
6.550000e+02 1.760450e+02 5.826035e+00
6.560000e+02 1.834693e+02 6.505681e+00
6.570000e+02 8.964126e+01 1.643928e+00
6.580000e+02 1.155549e+02 2.491544e+00
6.590000e+02 8.526447e+01 1.501338e+00
6.600000e+02 7.928826e+01 1.348896e+00
6.610000e+02 7.759878e+01 1.313467e+00
6.620000e+02 7.602145e+01 1.274410e+00
6.630000e+02 7.483150e+01 1.243542e+00
6.640000e+02 7.448750e+01 1.235448e+00
6.650000e+02 7.532190e+01 1.260272e+00
6.660000e+02 7.814743e+01 1.343955e+00
6.670000e+02 7.605925e+01 1.281908e+00
6.680000e+02 7.468014e+01 1.241774e+00
6.690000e+02 7.462113e+01 1.239800e+00
6.700000e+02 8.584136e+01 1.574953e+00
6.710000e+02 7.565527e+01 1.267964e+00
6.720000e+02 7.960708e+01 1.382662e+00
6.730000e+02 7.661268e+01 1.292014e+00
6.740000e+02 8.171650e+01 1.440311e+00
6.750000e+02 7.505646e+01 1.245506e+00
6.760000e+02 8.009178e+01 1.388128e+00
6.770000e+02 7.712189e+01 1.299049e+00
6.780000e+02 7.994795e+01 1.379856e+00
6.790000e+02 7.705577e+01 1.293295e+00
6.800000e+02 7.629305e+01 1.271462e+00
6.810000e+02 7.641618e+01 1.273482e+00
6.820000e+02 7.683115e+01 1.283241e+00
6.830000e+02 7.751631e+01 1.300343e+00
6.840000e+02 7.879863e+01 1.335607e+00
6.850000e+02 7.813541e+01 1.312979e+00
6.860000e+02 7.858465e+01 1.322898e+00
6.870000e+02 7.909924e+01 1.334502e+00
6.880000e+02 7.972471e+01 1.349028e+00
6.890000e+02 8.048372e+01 1.367006e+00
6.900000e+02 8.154404e+01 1.392876e+00
6.910000e+02 8.378906e+01 1.451858e+00
6.920000e+02 8.899967e+01 1.602111e+00
6.930000e+02 8.726898e+01 1.550225e+00
6.940000e+02 8.652135e+01 1.525183e+00
6.950000e+02 8.784735e+01 1.562008e+00
6.960000e+02 8.953019e+01 1.607453e+00
6.970000e+02 8.718398e+01 1.529725e+00
6.980000e+02 8.795590e+01 1.547269e+00
6.990000e+02 9.830927e+01 1.858951e+00
7.000000e+02 9.089094e+01 1.623864e+00
7.010000e+02 1.020905e+02 1.984765e+00
7.020000e+02 9.425087e+01 1.711773e+00
7.030000e+02 1.008259e+02 1.913590e+00
7.040000e+02 9.661914e+01 1.769257e+00
7.050000e+02 9.775524e+01 1.797500e+00
7.060000e+02 9.958639e+01 1.846522e+00
7.070000e+02 1.015747e+02 1.900232e+00
7.080000e+02 1.049595e+02 2.000720e+00
7.090000e+02 1.068577e+02 2.049293e+00
7.100000e+02 1.105048e+02 2.157193e+00
7.110000e+02 1.152501e+02 2.301710e+00
7.120000e+02 1.222254e+02 2.526240e+00
7.130000e+02 1.354857e+02 2.994615e+00
7.140000e+02 1.682522e+02 4.442582e+00
7.150000e+02 2.443948e+02 1.427919e+01
7.160000e+02 2.286997e+02 9.910603e+00
7.170000e+02 1.651603e+02 4.247314e+00
7.180000e+02 1.471793e+02 3.423127e+00
7.190000e+02 1.406455e+02 3.136213e+00
7.200000e+02 1.431719e+02 3.240816e+00
7.210000e+02 1.416143e+02 3.142725e+00
7.220000e+02 1.446191e+02 3.246628e+00
7.230000e+02 1.517765e+02 3.543182e+00
7.240000e+02 1.532835e+02 3.576330e+00
7.250000e+02 1.574776e+02 3.735630e+00
7.260000e+02 1.628033e+02 3.957658e+00
7.270000e+02 1.691272e+02 4.242895e+00
7.280000e+02 1.765891e+02 4.614665e+00
7.290000e+02 1.813731e+02 4.834980e+00
7.300000e+02 1.925840e+02 5.516190e+00
7.310000e+02 1.980369e+02 5.846295e+00
7.320000e+02 2.030549e+02 6.142447e+00
7.330000e+02 2.102346e+02 6.668250e+00
7.340000e+02 2.184029e+02 7.370437e+00
7.350000e+02 2.299457e+02 8.671823e+00
7.360000e+02 2.337907e+02 9.049970e+00
7.370000e+02 2.412955e+02 1.017784e+01
7.380000e+02 2.482722e+02 1.155735e+01
7.390000e+02 2.544626e+02 1.326933e+01
7.400000e+02 2.597383e+02 1.552139e+01
7.410000e+02 2.635595e+02 1.819563e+01
7.420000e+02 2.662426e+02 2.178146e+01
7.430000e+02 2.678569e+02 2.668072e+01
7.440000e+02 2.686895e+02 3.355252e+01
7.450000e+02 2.690973e+02 4.364724e+01
7.460000e+02 2.693323e+02 5.711624e+01
7.470000e+02 2.695124e+02 7.802497e+01
7.480000e+02 2.696630e+02 1.133895e+02
7.490000e+02 2.697828e+02 1.793873e+02
7.500000e+02 2.698704e+02 3.134678e+02
7.510000e+02 2.699254e+02 6.030019e+02
7.520000e+02 2.699473e+02 1.160953e+03
7.530000e+02 2.699365e+02 7.185465e+02
7.540000e+02 2.698931e+02 3.780303e+02
7.550000e+02 2.698176e+02 2.112862e+02
7.560000e+02 2.697105e+02 1.304862e+02
7.570000e+02 2.695723e+02 8.774299e+01
7.580000e+02 2.694021e+02 6.259310e+01
7.590000e+02 2.691881e+02 4.691968e+01
7.600000e+02 2.688728e+02 3.654073e+01
7.610000e+02 2.682955e+02 2.931270e+01
7.620000e+02 2.671976e+02 2.410942e+01
7.630000e+02 2.653201e+02 2.024491e+01
7.640000e+02 2.625264e+02 1.732079e+01
7.650000e+02 2.589339e+02 1.513164e+01
7.660000e+02 2.546582e+02 1.341469e+01
7.670000e+02 2.498127e+02 1.200681e+01
7.680000e+02 2.452477e+02 1.101421e+01
7.690000e+02 2.417126e+02 1.040642e+01
7.700000e+02 2.407152e+02 1.034524e+01
7.710000e+02 2.446379e+02 1.132554e+01
7.720000e+02 2.560218e+02 1.553684e+01
7.730000e+02 2.659865e+02 3.751922e+01
7.740000e+02 2.675369e+02 1.489059e+02
7.750000e+02 2.632937e+02 2.464251e+01
7.760000e+02 2.440822e+02 1.176782e+01
7.770000e+02 2.212132e+02 8.019705e+00
7.780000e+02 2.042051e+02 6.420887e+00
7.790000e+02 1.911315e+02 5.487799e+00
7.800000e+02 1.819988e+02 4.952788e+00
7.810000e+02 1.728281e+02 4.452628e+00
7.820000e+02 1.673299e+02 4.202297e+00
7.830000e+02 1.611377e+02 3.916890e+00
7.840000e+02 1.556198e+02 3.678218e+00
7.850000e+02 1.526962e+02 3.577845e+00
7.860000e+02 1.460736e+02 3.294436e+00
7.870000e+02 1.415880e+02 3.122616e+00
7.880000e+02 1.379012e+02 2.989782e+00
7.890000e+02 1.346519e+02 2.877058e+00
7.900000e+02 1.316999e+02 2.777050e+00
7.910000e+02 1.303520e+02 2.741095e+00
7.920000e+02 1.270492e+02 2.628797e+00
7.930000e+02 1.294236e+02 2.746868e+00
7.940000e+02 1.216539e+02 2.455096e+00
7.950000e+02 1.190931e+02 2.373449e+00
7.960000e+02 1.171663e+02 2.314974e+00
7.970000e+02 1.151789e+02 2.254759e+00
7.980000e+02 1.134967e+02 2.205737e+00
7.990000e+02 1.126336e+02 2.186998e+00
8.000000e+02 1.100547e+02 2.105324e+00
8.010000e+02 1.086250e+02 2.064570e+00
8.020000e+02 1.078649e+02 2.046211e+00
8.030000e+02 1.077705e+02 2.049282e+00
8.040000e+02 1.055446e+02 1.980571e+00
8.050000e+02 1.040443e+02 1.938180e+00
8.060000e+02 1.033735e+02 1.921789e+00
8.070000e+02 1.041645e+02 1.956279e+00
8.080000e+02 1.041737e+02 1.966494e+00
8.090000e+02 9.993069e+01 1.826848e+00
8.100000e+02 9.955006e+01 1.818977e+00
8.110000e+02 1.049280e+02 2.004047e+00
8.120000e+02 9.807666e+01 1.780197e+00
8.130000e+02 1.031428e+02 1.955935e+00
8.140000e+02 1.584366e+02 4.285400e+00
8.150000e+02 9.542510e+01 1.706355e+00
8.160000e+02 9.462674e+01 1.684122e+00
8.170000e+02 9.405354e+01 1.668788e+00
8.180000e+02 9.389358e+01 1.666317e+00
8.190000e+02 9.380761e+01 1.665711e+00
8.200000e+02 9.504969e+01 1.708126e+00
8.210000e+02 9.305391e+01 1.644821e+00
8.220000e+02 9.308235e+01 1.646234e+00
8.230000e+02 9.322064e+01 1.650720e+00
8.240000e+02 9.406344e+01 1.675843e+00
8.250000e+02 9.613432e+01 1.739883e+00
8.260000e+02 1.059656e+02 2.069388e+00
8.270000e+02 1.009087e+02 1.877056e+00
8.280000e+02 1.177953e+02 2.438580e+00
8.290000e+02 1.045746e+02 1.984811e+00
8.300000e+02 1.113620e+02 2.200827e+00
8.310000e+02 1.707913e+02 5.011269e+00
8.320000e+02 1.570877e+02 3.989494e+00
8.330000e+02 2.185130e+02 8.524855e+00
8.340000e+02 2.611453e+02 5.422388e+01
8.350000e+02 2.392375e+02 1.211743e+01
8.360000e+02 1.680646e+02 4.511855e+00
8.370000e+02 1.388404e+02 3.231237e+00
8.380000e+02 1.210046e+02 2.565858e+00
8.390000e+02 1.074357e+02 2.093826e+00
8.400000e+02 1.103273e+02 2.224189e+00
8.410000e+02 1.368642e+02 3.330526e+00
8.420000e+02 1.275624e+02 2.932231e+00
8.430000e+02 1.932818e+02 7.669548e+00
8.440000e+02 9.553831e+01 1.744604e+00
8.450000e+02 9.046829e+01 1.584754e+00
8.460000e+02 8.910313e+01 1.543882e+00
8.470000e+02 8.846682e+01 1.524056e+00
8.480000e+02 8.908049e+01 1.539795e+00
8.490000e+02 1.079383e+02 2.158554e+00
8.500000e+02 8.963486e+01 1.558209e+00
8.510000e+02 8.730084e+01 1.490428e+00
8.520000e+02 8.709293e+01 1.484776e+00
8.530000e+02 8.860813e+01 1.529127e+00
8.540000e+02 8.764185e+01 1.499132e+00
8.550000e+02 8.698622e+01 1.480849e+00
8.560000e+02 8.708830e+01 1.483183e+00
8.570000e+02 8.918120e+01 1.543649e+00
8.580000e+02 1.506954e+02 4.020100e+00
8.590000e+02 9.135480e+01 1.589852e+00
8.600000e+02 9.370104e+01 1.648096e+00
8.610000e+02 9.254318e+01 1.623400e+00
8.620000e+02 9.015959e+01 1.563944e+00
8.630000e+02 1.117135e+02 2.309303e+00
8.640000e+02 8.725820e+01 1.484311e+00
8.650000e+02 8.671315e+01 1.469121e+00
8.660000e+02 9.092775e+01 1.600908e+00
8.670000e+02 8.641625e+01 1.460595e+00
8.680000e+02 8.633618e+01 1.457675e+00
8.690000e+02 8.983471e+01 1.563891e+00
8.700000e+02 8.663664e+01 1.464985e+00
8.710000e+02 8.655564e+01 1.461549e+00
8.720000e+02 8.668648e+01 1.464296e+00
8.730000e+02 8.685820e+01 1.468131e+00
8.740000e+02 8.742385e+01 1.483683e+00
8.750000e+02 8.734777e+01 1.479882e+00
8.760000e+02 8.766983e+01 1.487776e+00
8.770000e+02 8.808840e+01 1.498000e+00
8.780000e+02 8.928180e+01 1.530849e+00
8.790000e+02 8.932085e+01 1.530242e+00
8.800000e+02 8.901292e+01 1.520365e+00
8.810000e+02 8.966666e+01 1.538955e+00
8.820000e+02 9.022074e+01 1.554297e+00
8.830000e+02 1.356839e+02 3.270876e+00
8.840000e+02 9.119811e+01 1.579534e+00
8.850000e+02 9.118482e+01 1.575584e+00
8.860000e+02 9.250211e+01 1.613666e+00
8.870000e+02 9.498084e+01 1.689705e+00
8.880000e+02 1.045745e+02 2.011342e+00
8.890000e+02 9.426038e+01 1.655033e+00
8.900000e+02 9.480410e+01 1.664148e+00
8.910000e+02 9.654518e+01 1.708627e+00
8.920000e+02 9.973353e+01 1.792862e+00
8.930000e+02 1.058377e+02 1.964756e+00
8.940000e+02 1.097701e+02 2.085095e+00
8.950000e+02 1.173211e+02 2.383986e+00
8.960000e+02 1.315454e+02 2.968611e+00
8.970000e+02 1.027319e+02 1.874261e+00
8.980000e+02 1.030533e+02 1.878252e+00
8.990000e+02 1.050054e+02 1.930261e+00
9.000000e+02 1.060723e+02 1.958922e+00
9.010000e+02 1.083054e+02 2.028622e+00
9.020000e+02 1.099100e+02 2.066230e+00
9.030000e+02 1.134987e+02 2.170565e+00
9.040000e+02 1.170409e+02 2.273183e+00
9.050000e+02 1.236902e+02 2.472170e+00
9.060000e+02 1.343619e+02 2.822318e+00
9.070000e+02 1.347636e+02 2.832714e+00
9.080000e+02 1.416288e+02 3.130351e+00
9.090000e+02 1.442653e+02 3.183451e+00
9.100000e+02 1.546605e+02 3.565740e+00
9.110000e+02 1.696172e+02 4.191016e+00
9.120000e+02 1.945470e+02 5.542892e+00
9.130000e+02 2.219944e+02 7.635950e+00
9.140000e+02 2.516496e+02 1.238227e+01
9.150000e+02 2.666624e+02 2.327693e+01
9.160000e+02 2.686864e+02 4.175557e+01
9.170000e+02 2.678934e+02 2.856446e+01
9.180000e+02 2.585096e+02 1.490041e+01
9.190000e+02 2.338131e+02 9.025039e+00
9.200000e+02 2.046126e+02 6.190858e+00
9.210000e+02 1.802265e+02 4.707705e+00
9.220000e+02 1.636249e+02 3.936091e+00
9.230000e+02 1.501162e+02 3.375846e+00
9.240000e+02 1.412150e+02 3.049306e+00
9.250000e+02 1.389019e+02 3.008908e+00
9.260000e+02 1.317359e+02 2.739128e+00
9.270000e+02 1.276602e+02 2.598844e+00
9.280000e+02 1.257422e+02 2.539342e+00
9.290000e+02 1.233552e+02 2.459366e+00
9.300000e+02 1.216563e+02 2.404579e+00
9.310000e+02 1.208491e+02 2.380080e+00
9.320000e+02 1.209773e+02 2.388575e+00
9.330000e+02 1.381228e+02 3.114652e+00
9.340000e+02 1.212310e+02 2.399371e+00
9.350000e+02 1.205216e+02 2.369885e+00
9.360000e+02 1.214232e+02 2.400741e+00
9.370000e+02 1.218714e+02 2.414070e+00
9.380000e+02 1.219637e+02 2.411222e+00
9.390000e+02 1.227230e+02 2.434044e+00
9.400000e+02 1.237723e+02 2.467622e+00
9.410000e+02 1.246671e+02 2.494250e+00
9.420000e+02 1.258026e+02 2.529464e+00
9.430000e+02 1.273131e+02 2.578521e+00
9.440000e+02 1.287347e+02 2.622938e+00
9.450000e+02 1.322736e+02 2.754892e+00
9.460000e+02 1.317522e+02 2.720552e+00
9.470000e+02 1.334248e+02 2.776179e+00
9.480000e+02 1.357324e+02 2.858010e+00
9.490000e+02 1.461054e+02 3.312970e+00
9.500000e+02 1.402075e+02 3.014884e+00
9.510000e+02 1.446285e+02 3.195084e+00
9.520000e+02 1.446986e+02 3.170477e+00
9.530000e+02 1.477319e+02 3.282855e+00
9.540000e+02 1.512905e+02 3.421296e+00
9.550000e+02 1.546351e+02 3.554162e+00
9.560000e+02 1.611339e+02 3.857496e+00
9.570000e+02 1.616253e+02 3.840222e+00
9.580000e+02 1.668289e+02 4.080572e+00
9.590000e+02 1.713999e+02 4.287434e+00
9.600000e+02 1.753417e+02 4.456228e+00
9.610000e+02 1.810431e+02 4.738636e+00
9.620000e+02 1.879489e+02 5.112515e+00
9.630000e+02 1.958871e+02 5.583034e+00
9.640000e+02 2.052905e+02 6.213877e+00
9.650000e+02 2.166041e+02 7.114791e+00
9.660000e+02 2.301347e+02 8.500197e+00
9.670000e+02 2.456492e+02 1.089679e+01
9.680000e+02 2.603031e+02 1.571771e+01
9.690000e+02 2.679341e+02 2.804532e+01
9.700000e+02 2.690551e+02 5.038301e+01
9.710000e+02 2.688622e+02 3.972549e+01
9.720000e+02 2.667138e+02 2.282809e+01
9.730000e+02 2.636986e+02 1.926367e+01
9.740000e+02 2.577663e+02 1.444738e+01
9.750000e+02 2.571591e+02 1.419240e+01
9.760000e+02 2.588518e+02 1.496114e+01
9.770000e+02 2.615701e+02 1.653281e+01
9.780000e+02 2.643203e+02 1.891299e+01
9.790000e+02 2.665332e+02 2.235543e+01
9.800000e+02 2.680142e+02 2.781529e+01
9.810000e+02 2.687436e+02 3.435248e+01
9.820000e+02 2.691424e+02 4.523563e+01
9.830000e+02 2.693941e+02 6.354281e+01
9.840000e+02 2.695878e+02 9.274707e+01
9.850000e+02 2.697387e+02 1.489180e+02
9.860000e+02 2.698474e+02 2.671694e+02
9.870000e+02 2.699120e+02 5.223691e+02
9.880000e+02 2.699314e+02 8.638374e+02
9.890000e+02 2.699054e+02 4.739531e+02
9.900000e+02 2.698350e+02 2.446316e+02
9.910000e+02 2.697218e+02 1.393798e+02
9.920000e+02 2.695685e+02 8.840891e+01
9.930000e+02 2.693777e+02 6.116580e+01
9.940000e+02 2.691432e+02 4.579446e+01
9.950000e+02 2.687996e+02 3.578898e+01
9.960000e+02 2.680858e+02 2.802255e+01
9.970000e+02 2.666235e+02 2.257146e+01
9.980000e+02 2.642096e+02 1.880245e+01
9.990000e+02 2.609357e+02 1.616055e+01
1.000000e+03 2.565998e+02 1.398466e+01
0.300000 0 0
1.000000e+01 3.570453e+00 1.565810e-02
1.100000e+01 3.601313e+00 1.621954e-02
1.200000e+01 3.624354e+00 1.661479e-02
1.300000e+01 3.657143e+00 1.719806e-02
1.400000e+01 3.694529e+00 1.786283e-02
1.500000e+01 3.739147e+00 1.866048e-02
1.600000e+01 3.787474e+00 1.951347e-02
1.700000e+01 3.844599e+00 2.051711e-02
1.800000e+01 3.917385e+00 2.179342e-02
1.900000e+01 4.017198e+00 2.353048e-02
2.000000e+01 4.177690e+00 2.629944e-02
2.100000e+01 4.492922e+00 3.171793e-02
2.200000e+01 5.053742e+00 4.158383e-02
2.300000e+01 4.946727e+00 3.962865e-02
2.400000e+01 4.684390e+00 3.519609e-02
2.500000e+01 4.609433e+00 3.399689e-02
2.600000e+01 4.638020e+00 3.458682e-02
2.700000e+01 4.714085e+00 3.598960e-02
2.800000e+01 4.821392e+00 3.794156e-02
2.900000e+01 4.978227e+00 4.083005e-02
3.000000e+01 5.156624e+00 4.411497e-02
3.100000e+01 5.276500e+00 4.615636e-02
3.200000e+01 5.471492e+00 4.966902e-02
3.300000e+01 5.693765e+00 5.368087e-02
3.400000e+01 5.945998e+00 5.824008e-02
3.500000e+01 6.233381e+00 6.344487e-02
3.600000e+01 6.627494e+00 7.071720e-02
3.700000e+01 6.935404e+00 7.619749e-02
3.800000e+01 7.383198e+00 8.440523e-02
3.900000e+01 7.865455e+00 9.317351e-02
4.000000e+01 8.446997e+00 1.038338e-01
4.100000e+01 9.132034e+00 1.164389e-01
4.200000e+01 9.946098e+00 1.314815e-01
4.300000e+01 1.093309e+01 1.498338e-01
4.400000e+01 1.211082e+01 1.717970e-01
4.500000e+01 1.356697e+01 1.991389e-01
4.600000e+01 1.538172e+01 2.334532e-01
4.700000e+01 1.770692e+01 2.778504e-01
4.800000e+01 2.075131e+01 3.366626e-01
4.900000e+01 2.487554e+01 4.175602e-01
5.000000e+01 3.080354e+01 5.364056e-01
5.100000e+01 4.025342e+01 7.319800e-01
5.200000e+01 5.906297e+01 1.149030e+00
5.300000e+01 1.007508e+02 2.239700e+00
5.400000e+01 1.780031e+02 5.404816e+00
5.500000e+01 2.456370e+02 1.373407e+01
5.600000e+01 2.635935e+02 3.590471e+01
5.700000e+01 2.661543e+02 7.854646e+01
5.800000e+01 2.671339e+02 7.802719e+01
5.900000e+01 2.674551e+02 1.014297e+02
6.000000e+01 2.676931e+02 1.024915e+02
6.100000e+01 2.677097e+02 1.063938e+02
6.200000e+01 2.675070e+02 9.039740e+01
6.300000e+01 2.663913e+02 1.085645e+02
6.400000e+01 2.614638e+02 2.617542e+01
6.500000e+01 2.282486e+02 9.860353e+00
6.600000e+01 1.504843e+02 3.976276e+00
6.700000e+01 8.892400e+01 1.891613e+00
6.800000e+01 5.836436e+01 1.129405e+00
6.900000e+01 4.357642e+01 8.010836e-01
7.000000e+01 3.505866e+01 6.214104e-01
7.100000e+01 2.934018e+01 5.043263e-01
7.200000e+01 2.519543e+01 4.211784e-01
7.300000e+01 2.206271e+01 3.592641e-01
7.400000e+01 1.963112e+01 3.117531e-01
7.500000e+01 1.771473e+01 2.746744e-01
7.600000e+01 1.616560e+01 2.449128e-01
7.700000e+01 1.486998e+01 2.201008e-01
7.800000e+01 1.378316e+01 1.993343e-01
7.900000e+01 1.295173e+01 1.835673e-01
8.000000e+01 1.213865e+01 1.680846e-01
8.100000e+01 1.149690e+01 1.559601e-01
8.200000e+01 1.091907e+01 1.450710e-01
8.300000e+01 1.042981e+01 1.358672e-01
8.400000e+01 1.001193e+01 1.280064e-01
8.500000e+01 9.651981e+00 1.212326e-01
8.600000e+01 9.341072e+00 1.153756e-01
8.700000e+01 9.074012e+00 1.103360e-01
8.800000e+01 8.845056e+00 1.060057e-01
8.900000e+01 8.641495e+00 1.021512e-01
9.000000e+01 8.474462e+00 9.897376e-02
9.100000e+01 8.329742e+00 9.620997e-02
9.200000e+01 8.209471e+00 9.388667e-02
9.300000e+01 8.125706e+00 9.225776e-02
9.400000e+01 8.672252e+00 1.033050e-01
9.500000e+01 8.012113e+00 8.994233e-02
9.600000e+01 8.163529e+00 9.300464e-02
9.700000e+01 7.988405e+00 8.925704e-02
9.800000e+01 7.998624e+00 8.926784e-02
9.900000e+01 8.049956e+00 9.005791e-02
1.000000e+02 8.169714e+00 9.216661e-02
1.010000e+02 8.323559e+00 9.493118e-02
1.020000e+02 8.669325e+00 1.016273e-01
1.030000e+02 8.583499e+00 9.921594e-02
1.040000e+02 9.016723e+00 1.074024e-01
1.050000e+02 9.126015e+00 1.087668e-01
1.060000e+02 9.531292e+00 1.160299e-01
1.070000e+02 1.006223e+01 1.256454e-01
1.080000e+02 1.076972e+01 1.385948e-01
1.090000e+02 1.170768e+01 1.559367e-01
1.100000e+02 1.301491e+01 1.804307e-01
1.110000e+02 1.545553e+01 2.283096e-01
1.120000e+02 1.726660e+01 2.610403e-01
1.130000e+02 2.115765e+01 3.366735e-01
1.140000e+02 2.755083e+01 4.643035e-01
1.150000e+02 3.964898e+01 7.182356e-01
1.160000e+02 6.188438e+01 1.222873e+00
1.170000e+02 1.147094e+02 2.719104e+00
1.180000e+02 2.228109e+02 9.915890e+00
1.190000e+02 2.537026e+02 2.828978e+01
1.200000e+02 1.619151e+02 4.669611e+00
1.210000e+02 8.061025e+01 1.697426e+00
1.220000e+02 4.655671e+01 8.663707e-01
1.230000e+02 3.098055e+01 5.324047e-01
1.240000e+02 2.496788e+01 4.150159e-01
1.250000e+02 1.826276e+01 2.779990e-01
1.260000e+02 1.514741e+01 2.175871e-01
1.270000e+02 1.295570e+01 1.754848e-01
1.280000e+02 1.162786e+01 1.506798e-01
1.290000e+02 1.049257e+01 1.292157e-01
1.300000e+02 9.713414e+00 1.146905e-01
1.310000e+02 9.225266e+00 1.057587e-01
1.320000e+02 8.685616e+00 9.565763e-02
1.330000e+02 8.340266e+00 8.927410e-02
1.340000e+02 8.059465e+00 8.404619e-02
1.350000e+02 7.816358e+00 7.952000e-02
1.360000e+02 7.648982e+00 7.639171e-02
1.370000e+02 7.721275e+00 7.793106e-02
1.380000e+02 7.395627e+00 7.151090e-02
1.390000e+02 7.306003e+00 6.975309e-02
1.400000e+02 7.271920e+00 6.903035e-02
1.410000e+02 7.199432e+00 6.762078e-02
1.420000e+02 8.487165e+00 9.316922e-02
1.430000e+02 7.200577e+00 6.732711e-02
1.440000e+02 7.132035e+00 6.579215e-02
1.450000e+02 8.347104e+00 8.939907e-02
1.460000e+02 7.028241e+00 6.358211e-02
1.470000e+02 6.993341e+00 6.272971e-02
1.480000e+02 7.019793e+00 6.302219e-02
1.490000e+02 7.182741e+00 6.592949e-02
1.500000e+02 7.149822e+00 6.490148e-02
1.510000e+02 7.321532e+00 6.798025e-02
1.520000e+02 7.138554e+00 6.414996e-02
1.530000e+02 7.122203e+00 6.365296e-02
1.540000e+02 8.921675e+00 9.793684e-02
1.550000e+02 7.171832e+00 6.403288e-02
1.560000e+02 7.259307e+00 6.536662e-02
1.570000e+02 7.251162e+00 6.485478e-02
1.580000e+02 7.303489e+00 6.547962e-02
1.590000e+02 7.372854e+00 6.639931e-02
1.600000e+02 7.453007e+00 6.749493e-02
1.610000e+02 7.539441e+00 6.868118e-02
1.620000e+02 7.639214e+00 7.009191e-02
1.630000e+02 7.764426e+00 7.194619e-02
1.640000e+02 7.943260e+00 7.479307e-02
1.650000e+02 1.074301e+01 1.288563e-01
1.660000e+02 9.519865e+00 1.047179e-01
1.670000e+02 8.477800e+00 8.290349e-02
1.680000e+02 8.665460e+00 8.560070e-02
1.690000e+02 8.997014e+00 9.088585e-02
1.700000e+02 9.239226e+00 9.437414e-02
1.710000e+02 9.614462e+00 1.002259e-01
1.720000e+02 1.011364e+01 1.081965e-01
1.730000e+02 1.078596e+01 1.192083e-01
1.740000e+02 1.165784e+01 1.336127e-01
1.750000e+02 1.303904e+01 1.575483e-01
1.760000e+02 1.486238e+01 1.896371e-01
1.770000e+02 1.667055e+01 2.188821e-01
1.780000e+02 2.008355e+01 2.786688e-01
1.790000e+02 2.577490e+01 3.813786e-01
1.800000e+02 3.616413e+01 5.775064e-01
1.810000e+02 5.504480e+01 9.586643e-01
1.820000e+02 9.166235e+01 1.818201e+00
1.830000e+02 1.399121e+02 3.347064e+00
1.840000e+02 1.215059e+02 2.689123e+00
1.850000e+02 7.504129e+01 1.406699e+00
1.860000e+02 4.708916e+01 7.921909e-01
1.870000e+02 3.267062e+01 5.081483e-01
1.880000e+02 2.478874e+01 3.610201e-01
1.890000e+02 2.013265e+01 2.767427e-01
1.900000e+02 1.718892e+01 2.245230e-01
1.910000e+02 1.524159e+01 1.905090e-01
1.920000e+02 1.390702e+01 1.674787e-01
1.930000e+02 1.307660e+01 1.536652e-01
1.940000e+02 1.237266e+01 1.415333e-01
1.950000e+02 1.222525e+01 1.405754e-01
1.960000e+02 1.176323e+01 1.325498e-01
1.970000e+02 1.097229e+01 1.174518e-01
1.980000e+02 1.075421e+01 1.136810e-01
1.990000e+02 1.057764e+01 1.106740e-01
2.000000e+02 1.054604e+01 1.101377e-01
2.010000e+02 1.160777e+01 1.314319e-01
2.020000e+02 1.046468e+01 1.083536e-01
2.030000e+02 1.048101e+01 1.083047e-01
2.040000e+02 1.033665e+01 1.056627e-01
2.050000e+02 1.006476e+01 1.009415e-01
2.060000e+02 1.022833e+01 1.044213e-01
2.070000e+02 9.894064e+00 9.788993e-02
2.080000e+02 9.999105e+00 9.993968e-02
2.090000e+02 1.029730e+01 1.057912e-01
2.100000e+02 9.897066e+00 9.762301e-02
2.110000e+02 1.025229e+01 1.044686e-01
2.120000e+02 9.808902e+00 9.550706e-02
2.130000e+02 9.815081e+00 9.538758e-02
2.140000e+02 9.875453e+00 9.630926e-02
2.150000e+02 1.502577e+01 1.981382e-01
2.160000e+02 1.000100e+01 9.808413e-02
2.170000e+02 9.902187e+00 9.596344e-02
2.180000e+02 9.958325e+00 9.673365e-02
2.190000e+02 9.968069e+00 9.659920e-02
2.200000e+02 1.002776e+01 9.740049e-02
2.210000e+02 1.005929e+01 9.765913e-02
2.220000e+02 1.012087e+01 9.845458e-02
2.230000e+02 1.021344e+01 9.978684e-02
2.240000e+02 1.036544e+01 1.021384e-01
2.250000e+02 1.072747e+01 1.082741e-01
2.260000e+02 1.395600e+01 1.721445e-01
2.270000e+02 1.088157e+01 1.105116e-01
2.280000e+02 1.062408e+01 1.056125e-01
2.290000e+02 1.065239e+01 1.059710e-01
2.300000e+02 1.084354e+01 1.093158e-01
2.310000e+02 1.200915e+01 1.322227e-01
2.320000e+02 1.130658e+01 1.171571e-01
2.330000e+02 1.193282e+01 1.278913e-01
2.340000e+02 1.855706e+01 2.659417e-01
2.350000e+02 1.219814e+01 1.326801e-01
2.360000e+02 1.301834e+01 1.502461e-01
2.370000e+02 1.574184e+01 2.062675e-01
2.380000e+02 1.164002e+01 1.216808e-01
2.390000e+02 1.887017e+01 2.702587e-01
2.400000e+02 1.257529e+01 1.388986e-01
2.410000e+02 1.186256e+01 1.241170e-01
2.420000e+02 1.307340e+01 1.484695e-01
2.430000e+02 1.267868e+01 1.402935e-01
2.440000e+02 1.273390e+01 1.411830e-01
2.450000e+02 1.164019e+01 1.189037e-01
2.460000e+02 1.161760e+01 1.180618e-01
2.470000e+02 1.181319e+01 1.214685e-01
2.480000e+02 1.502934e+01 1.865939e-01
2.490000e+02 1.249992e+01 1.341092e-01
2.500000e+02 3.019053e+01 5.103892e-01
2.510000e+02 1.336181e+01 1.501054e-01
2.520000e+02 1.248882e+01 1.318695e-01
2.530000e+02 1.219016e+01 1.258112e-01
2.540000e+02 1.220603e+01 1.256393e-01
2.550000e+02 1.233186e+01 1.274736e-01
2.560000e+02 1.229777e+01 1.265913e-01
2.570000e+02 1.235142e+01 1.274039e-01
2.580000e+02 1.293562e+01 1.387208e-01
2.590000e+02 1.384061e+01 1.568390e-01
2.600000e+02 1.257814e+01 1.306217e-01
2.610000e+02 1.258257e+01 1.302400e-01
2.620000e+02 1.270856e+01 1.322187e-01
2.630000e+02 1.389540e+01 1.555328e-01
2.640000e+02 1.433763e+01 1.640888e-01
2.650000e+02 1.461016e+01 1.683065e-01
2.660000e+02 1.324169e+01 1.402509e-01
2.670000e+02 1.442710e+01 1.641738e-01
2.680000e+02 1.335699e+01 1.420105e-01
2.690000e+02 1.320782e+01 1.385880e-01
2.700000e+02 1.324747e+01 1.389125e-01
2.710000e+02 1.345192e+01 1.424493e-01
2.720000e+02 1.361278e+01 1.451100e-01
2.730000e+02 2.469079e+01 3.760718e-01
2.740000e+02 1.420021e+01 1.558155e-01
2.750000e+02 1.429709e+01 1.568853e-01
2.760000e+02 1.503654e+01 1.709468e-01
2.770000e+02 1.670951e+01 2.043140e-01
2.780000e+02 1.419518e+01 1.532431e-01
2.790000e+02 1.423987e+01 1.538975e-01
2.800000e+02 1.465403e+01 1.617352e-01
2.810000e+02 1.500985e+01 1.672513e-01
2.820000e+02 1.440921e+01 1.556474e-01
2.830000e+02 1.492664e+01 1.656133e-01
2.840000e+02 1.454360e+01 1.572417e-01
2.850000e+02 1.480217e+01 1.618966e-01
2.860000e+02 2.279170e+01 3.302720e-01
2.870000e+02 1.528113e+01 1.704479e-01
2.880000e+02 1.518500e+01 1.679028e-01
2.890000e+02 3.449619e+01 5.841466e-01
2.900000e+02 1.534410e+01 1.698623e-01
2.910000e+02 1.691415e+01 2.001943e-01
2.920000e+02 1.541786e+01 1.700781e-01
2.930000e+02 1.766269e+01 2.161044e-01
2.940000e+02 1.582294e+01 1.770252e-01
2.950000e+02 1.573680e+01 1.744404e-01
2.960000e+02 1.591617e+01 1.772512e-01
2.970000e+02 1.627370e+01 1.834417e-01
2.980000e+02 1.747842e+01 2.062846e-01
2.990000e+02 1.758517e+01 2.076400e-01
3.000000e+02 1.711359e+01 1.978772e-01
3.010000e+02 1.859000e+01 2.276738e-01
3.020000e+02 2.244371e+01 3.102332e-01
3.030000e+02 2.044251e+01 2.663046e-01
3.040000e+02 1.753418e+01 2.038055e-01
3.050000e+02 1.806867e+01 2.138333e-01
3.060000e+02 1.750585e+01 2.014927e-01
3.070000e+02 1.763682e+01 2.032711e-01
3.080000e+02 1.786368e+01 2.068147e-01
3.090000e+02 1.818821e+01 2.121828e-01
3.100000e+02 2.058962e+01 2.605440e-01
3.110000e+02 1.891911e+01 2.241214e-01
3.120000e+02 1.927524e+01 2.298392e-01
3.130000e+02 1.986065e+01 2.397976e-01
3.140000e+02 2.068407e+01 2.543050e-01
3.150000e+02 2.137437e+01 2.664175e-01
3.160000e+02 2.699047e+01 3.858928e-01
3.170000e+02 2.427510e+01 3.199270e-01
3.180000e+02 2.528335e+01 3.342624e-01
3.190000e+02 2.807794e+01 3.844921e-01
3.200000e+02 6.907644e+01 1.336702e+00
3.210000e+02 4.078294e+01 6.240953e-01
3.220000e+02 5.016398e+01 8.119869e-01
3.230000e+02 6.961411e+01 1.229299e+00
3.240000e+02 1.101442e+02 2.267564e+00
3.250000e+02 1.579530e+02 4.000755e+00
3.260000e+02 1.254981e+02 2.745948e+00
3.270000e+02 8.788939e+01 1.715816e+00
3.280000e+02 5.488833e+01 9.129074e-01
3.290000e+02 4.109907e+01 6.277971e-01
3.300000e+02 3.421513e+01 4.950161e-01
3.310000e+02 3.029765e+01 4.218369e-01
3.320000e+02 2.828081e+01 3.864499e-01
3.330000e+02 3.055931e+01 4.446629e-01
3.340000e+02 2.543184e+01 3.332040e-01
3.350000e+02 2.494838e+01 3.250174e-01
3.360000e+02 2.417520e+01 3.097386e-01
3.370000e+02 2.366961e+01 3.001022e-01
3.380000e+02 2.340288e+01 2.950871e-01
3.390000e+02 2.327728e+01 2.926564e-01
3.400000e+02 2.321923e+01 2.913594e-01
3.410000e+02 2.324250e+01 2.915565e-01
3.420000e+02 2.336984e+01 2.937935e-01
3.430000e+02 2.434263e+01 3.143599e-01
3.440000e+02 2.385466e+01 3.025796e-01
3.450000e+02 2.533726e+01 3.336795e-01
3.460000e+02 2.442269e+01 3.127904e-01
3.470000e+02 2.429475e+01 3.090142e-01
3.480000e+02 2.454554e+01 3.132190e-01
3.490000e+02 2.496451e+01 3.206790e-01
3.500000e+02 2.551683e+01 3.309323e-01
3.510000e+02 2.673972e+01 3.551220e-01
3.520000e+02 2.972740e+01 4.205637e-01
3.530000e+02 2.942555e+01 4.122547e-01
3.540000e+02 2.734225e+01 3.635734e-01
3.550000e+02 4.244455e+01 6.994429e-01
3.560000e+02 2.857603e+01 3.860725e-01
3.570000e+02 2.938820e+01 4.012685e-01
3.580000e+02 3.244133e+01 4.675690e-01
3.590000e+02 3.957222e+01 6.318214e-01
3.600000e+02 3.289846e+01 4.690018e-01
3.610000e+02 3.333336e+01 4.734693e-01
3.620000e+02 3.516331e+01 5.092867e-01
3.630000e+02 3.744824e+01 5.543736e-01
3.640000e+02 4.172103e+01 6.457620e-01
3.650000e+02 4.556370e+01 7.232128e-01
3.660000e+02 5.311047e+01 8.849103e-01
3.670000e+02 7.502878e+01 1.417274e+00
3.680000e+02 1.516483e+02 4.144475e+00
3.690000e+02 1.539825e+02 4.242025e+00
3.700000e+02 8.420281e+01 1.626033e+00
3.710000e+02 8.920093e+01 1.784560e+00
3.720000e+02 7.587545e+01 1.368897e+00
3.730000e+02 8.518626e+01 1.586238e+00
3.740000e+02 9.971640e+01 1.953453e+00
3.750000e+02 1.238440e+02 2.664649e+00
3.760000e+02 1.539270e+02 3.708854e+00
3.770000e+02 1.950376e+02 5.729981e+00
3.780000e+02 2.393230e+02 9.999630e+00
3.790000e+02 2.645739e+02 1.982222e+01
3.800000e+02 2.683722e+02 3.663975e+01
3.810000e+02 2.670621e+02 2.521607e+01
3.820000e+02 2.512699e+02 1.249144e+01
3.830000e+02 2.114221e+02 6.873960e+00
3.840000e+02 1.683225e+02 4.302366e+00
3.850000e+02 1.343608e+02 2.980029e+00
3.860000e+02 1.099489e+02 2.226416e+00
3.870000e+02 9.453949e+01 1.822552e+00
3.880000e+02 8.006725e+01 1.450836e+00
3.890000e+02 7.125292e+01 1.244713e+00
3.900000e+02 6.581963e+01 1.123769e+00
3.910000e+02 6.079675e+01 1.014800e+00
3.920000e+02 5.560698e+01 9.052811e-01
3.930000e+02 5.250397e+01 8.449674e-01
3.940000e+02 4.843128e+01 7.554294e-01
3.950000e+02 4.783302e+01 7.499103e-01
3.960000e+02 4.478076e+01 6.830231e-01
3.970000e+02 4.932294e+01 7.961840e-01
3.980000e+02 4.232107e+01 6.336373e-01
3.990000e+02 4.176803e+01 6.235490e-01
4.000000e+02 4.929886e+01 8.088309e-01
4.010000e+02 4.661319e+01 7.419552e-01
4.020000e+02 5.189446e+01 8.758473e-01
4.030000e+02 4.253752e+01 6.467210e-01
4.040000e+02 4.125497e+01 6.187852e-01
4.050000e+02 3.977799e+01 5.843428e-01
4.060000e+02 3.971025e+01 5.828202e-01
4.070000e+02 3.994112e+01 5.878029e-01
4.080000e+02 4.231699e+01 6.445274e-01
4.090000e+02 4.114041e+01 6.139489e-01
4.100000e+02 4.117576e+01 6.129152e-01
4.110000e+02 4.197011e+01 6.293338e-01
4.120000e+02 4.382609e+01 6.705179e-01
4.130000e+02 5.576684e+01 9.546463e-01
4.140000e+02 5.022510e+01 8.224955e-01
4.150000e+02 4.830512e+01 7.664913e-01
4.160000e+02 5.025959e+01 8.070322e-01
4.170000e+02 5.376267e+01 8.847364e-01
4.180000e+02 5.886279e+01 1.001133e+00
4.190000e+02 6.637843e+01 1.178973e+00
4.200000e+02 7.836347e+01 1.479277e+00
4.210000e+02 9.845629e+01 2.035062e+00
4.220000e+02 1.340509e+02 3.222108e+00
4.230000e+02 1.978354e+02 6.666661e+00
4.240000e+02 2.582580e+02 2.332396e+01
4.250000e+02 2.639424e+02 7.141683e+01
4.260000e+02 2.377093e+02 1.184422e+01
4.270000e+02 1.690298e+02 4.805575e+00
4.280000e+02 1.198182e+02 2.699368e+00
4.290000e+02 9.586491e+01 1.951247e+00
4.300000e+02 8.151462e+01 1.546814e+00
4.310000e+02 7.346093e+01 1.331323e+00
4.320000e+02 6.924196e+01 1.219503e+00
4.330000e+02 6.813395e+01 1.186146e+00
4.340000e+02 6.890604e+01 1.196777e+00
4.350000e+02 7.224046e+01 1.267351e+00
4.360000e+02 7.964278e+01 1.436049e+00
4.370000e+02 9.614272e+01 1.848750e+00
4.380000e+02 1.222177e+02 2.585500e+00
4.390000e+02 1.642055e+02 4.153327e+00
4.400000e+02 1.431934e+02 3.278019e+00
4.410000e+02 1.250468e+02 2.677686e+00
4.420000e+02 1.334580e+02 2.969471e+00
4.430000e+02 1.521907e+02 3.614738e+00
4.440000e+02 1.711892e+02 4.410076e+00
4.450000e+02 2.069504e+02 6.503417e+00
4.460000e+02 2.473408e+02 1.146217e+01
4.470000e+02 2.667623e+02 2.370691e+01
4.480000e+02 2.686517e+02 5.005718e+01
4.490000e+02 2.663475e+02 2.282295e+01
4.500000e+02 2.449653e+02 1.095821e+01
4.510000e+02 2.033438e+02 6.237194e+00
4.520000e+02 1.659900e+02 4.193541e+00
4.530000e+02 1.355823e+02 3.000679e+00
4.540000e+02 1.149741e+02 2.349719e+00
4.550000e+02 1.007939e+02 1.952628e+00
4.560000e+02 9.065457e+01 1.688038e+00
4.570000e+02 8.476081e+01 1.549888e+00
4.580000e+02 7.899475e+01 1.407397e+00
4.590000e+02 7.450968e+01 1.298185e+00
4.600000e+02 7.186157e+01 1.237515e+00
4.610000e+02 7.106895e+01 1.225317e+00
4.620000e+02 7.005371e+01 1.203201e+00
4.630000e+02 7.441795e+01 1.330205e+00
4.640000e+02 7.286013e+01 1.283165e+00
4.650000e+02 6.944416e+01 1.185593e+00
4.660000e+02 7.023252e+01 1.204605e+00
4.670000e+02 7.313714e+01 1.278358e+00
4.680000e+02 1.207127e+02 2.835110e+00
4.690000e+02 8.816626e+01 1.662840e+00
4.700000e+02 1.155092e+02 2.479558e+00
4.710000e+02 1.570957e+02 4.124555e+00
4.720000e+02 1.127375e+02 2.285725e+00
4.730000e+02 1.356576e+02 3.075761e+00
4.740000e+02 1.722801e+02 4.494592e+00
4.750000e+02 1.894726e+02 5.448254e+00
4.760000e+02 1.668400e+02 4.500868e+00
4.770000e+02 1.083597e+02 2.174184e+00
4.780000e+02 9.270057e+01 1.744249e+00
4.790000e+02 8.648136e+01 1.589568e+00
4.800000e+02 9.130625e+01 1.749032e+00
4.810000e+02 9.210597e+01 1.785002e+00
4.820000e+02 9.065219e+01 1.726757e+00
4.830000e+02 9.384689e+01 1.804165e+00
4.840000e+02 1.054292e+02 2.141691e+00
4.850000e+02 1.310632e+02 2.997298e+00
4.860000e+02 1.911538e+02 6.034975e+00
4.870000e+02 2.579520e+02 3.114206e+01
4.880000e+02 2.384510e+02 1.187795e+01
4.890000e+02 1.720937e+02 4.741997e+00
4.900000e+02 1.313736e+02 2.958165e+00
4.910000e+02 1.115643e+02 2.297181e+00
4.920000e+02 1.032722e+02 2.055563e+00
4.930000e+02 9.572948e+01 1.829038e+00
4.940000e+02 9.341106e+01 1.762573e+00
4.950000e+02 9.275347e+01 1.742450e+00
4.960000e+02 9.676125e+01 1.866020e+00
4.970000e+02 9.949396e+01 1.951766e+00
4.980000e+02 1.000262e+02 1.955786e+00
4.990000e+02 9.757707e+01 1.870842e+00
5.000000e+02 9.786804e+01 1.867423e+00
5.010000e+02 9.988199e+01 1.919558e+00
5.020000e+02 1.039278e+02 2.037036e+00
5.030000e+02 1.065604e+02 2.101428e+00
5.040000e+02 1.092647e+02 2.173115e+00
5.050000e+02 1.100777e+02 2.197322e+00
5.060000e+02 1.115890e+02 2.238862e+00
5.070000e+02 1.151247e+02 2.344290e+00
5.080000e+02 1.257538e+02 2.717417e+00
5.090000e+02 1.277862e+02 2.755993e+00
5.100000e+02 1.266873e+02 2.697814e+00
5.110000e+02 1.267986e+02 2.696189e+00
5.120000e+02 1.290024e+02 2.768078e+00
5.130000e+02 1.314788e+02 2.846159e+00
5.140000e+02 1.347752e+02 2.955800e+00
5.150000e+02 1.472902e+02 3.459811e+00
5.160000e+02 1.423584e+02 3.219793e+00
5.170000e+02 1.472544e+02 3.406822e+00
5.180000e+02 1.511897e+02 3.552410e+00
5.190000e+02 1.554218e+02 3.715514e+00
5.200000e+02 1.669150e+02 4.282907e+00
5.210000e+02 1.652010e+02 4.127955e+00
5.220000e+02 1.800282e+02 4.955910e+00
5.230000e+02 1.769828e+02 4.700949e+00
5.240000e+02 1.808633e+02 4.876459e+00
5.250000e+02 1.859865e+02 5.143913e+00
5.260000e+02 1.917244e+02 5.471775e+00
5.270000e+02 1.981366e+02 5.877546e+00
5.280000e+02 2.037938e+02 6.256224e+00
5.290000e+02 2.094708e+02 6.672407e+00
5.300000e+02 2.154694e+02 7.164089e+00
5.310000e+02 2.216374e+02 7.736378e+00
5.320000e+02 2.272632e+02 8.315993e+00
5.330000e+02 2.330758e+02 9.016803e+00
5.340000e+02 2.388291e+02 9.845227e+00
5.350000e+02 2.439828e+02 1.072327e+01
5.360000e+02 2.493164e+02 1.190095e+01
5.370000e+02 2.533458e+02 1.296733e+01
5.380000e+02 2.572475e+02 1.436466e+01
5.390000e+02 2.605899e+02 1.603263e+01
5.400000e+02 2.632598e+02 1.796449e+01
5.410000e+02 2.653162e+02 2.026930e+01
5.420000e+02 2.668140e+02 2.307965e+01
5.430000e+02 2.678283e+02 2.654479e+01
5.440000e+02 2.684707e+02 3.089479e+01
5.450000e+02 2.688659e+02 3.666607e+01
5.460000e+02 2.691156e+02 4.395436e+01
5.470000e+02 2.692952e+02 5.437890e+01
5.480000e+02 2.694288e+02 6.708172e+01
5.490000e+02 2.695354e+02 8.120797e+01
5.500000e+02 2.696341e+02 1.028983e+02
5.510000e+02 2.697237e+02 1.386359e+02
5.520000e+02 2.698005e+02 1.910756e+02
5.530000e+02 2.698635e+02 2.821657e+02
5.540000e+02 2.699127e+02 4.513391e+02
5.550000e+02 2.699481e+02 7.962834e+02
5.560000e+02 2.699695e+02 1.521564e+03
5.570000e+02 2.699770e+02 2.553130e+03
5.580000e+02 2.699708e+02 1.559771e+03
5.590000e+02 2.699510e+02 8.301728e+02
5.600000e+02 2.699178e+02 4.728651e+02
5.610000e+02 2.698714e+02 2.959925e+02
5.620000e+02 2.698119e+02 2.003181e+02
5.630000e+02 2.697396e+02 1.438619e+02
5.640000e+02 2.696546e+02 1.081084e+02
5.650000e+02 2.695570e+02 8.417394e+01
5.660000e+02 2.694464e+02 6.756850e+01
5.670000e+02 2.693206e+02 5.554872e+01
5.680000e+02 2.691714e+02 4.608885e+01
5.690000e+02 2.689789e+02 3.906131e+01
5.700000e+02 2.687088e+02 3.390838e+01
5.710000e+02 2.684652e+02 3.476331e+01
5.720000e+02 2.676248e+02 2.562017e+01
5.730000e+02 2.666892e+02 2.280161e+01
5.740000e+02 2.653246e+02 2.026774e+01
5.750000e+02 2.635519e+02 1.821139e+01
5.760000e+02 2.613782e+02 1.651469e+01
5.770000e+02 2.587690e+02 1.504936e+01
5.780000e+02 2.556942e+02 1.375448e+01
5.790000e+02 2.521155e+02 1.258755e+01
5.800000e+02 2.482997e+02 1.160922e+01
5.810000e+02 2.442258e+02 1.075439e+01
5.820000e+02 2.412241e+02 1.028770e+01
5.830000e+02 2.356308e+02 9.355650e+00
5.840000e+02 2.309005e+02 8.728327e+00
5.850000e+02 2.260991e+02 8.169473e+00
5.860000e+02 2.213943e+02 7.684939e+00
5.870000e+02 2.167225e+02 7.250670e+00
5.880000e+02 2.120396e+02 6.852736e+00
5.890000e+02 2.076060e+02 6.509358e+00
5.900000e+02 2.031293e+02 6.184792e+00
5.910000e+02 2.033650e+02 6.266046e+00
5.920000e+02 1.945653e+02 5.622590e+00
5.930000e+02 1.906582e+02 5.390597e+00
5.940000e+02 1.864795e+02 5.147568e+00
5.950000e+02 1.894677e+02 5.419192e+00
5.960000e+02 1.793427e+02 4.767351e+00
5.970000e+02 1.762104e+02 4.608067e+00
5.980000e+02 1.741205e+02 4.506652e+00
5.990000e+02 1.738030e+02 4.495613e+00
6.000000e+02 1.788977e+02 4.819203e+00
6.010000e+02 1.678384e+02 4.218934e+00
6.020000e+02 1.627357e+02 3.993000e+00
6.030000e+02 1.595515e+02 3.864949e+00
6.040000e+02 1.551861e+02 3.675637e+00
6.050000e+02 1.522183e+02 3.556423e+00
6.060000e+02 1.499094e+02 3.467312e+00
6.070000e+02 1.479063e+02 3.391201e+00
6.080000e+02 1.467489e+02 3.352453e+00
6.090000e+02 1.453423e+02 3.298771e+00
6.100000e+02 1.482178e+02 3.443318e+00
6.110000e+02 1.469023e+02 3.383682e+00
6.120000e+02 1.446267e+02 3.271714e+00
6.130000e+02 1.455681e+02 3.300561e+00
6.140000e+02 1.484768e+02 3.407266e+00
6.150000e+02 1.545719e+02 3.649391e+00
6.160000e+02 1.632400e+02 3.999663e+00
6.170000e+02 1.787604e+02 4.718666e+00
6.180000e+02 2.041710e+02 6.229180e+00
6.190000e+02 2.389277e+02 9.814427e+00
6.200000e+02 2.633767e+02 1.842377e+01
6.210000e+02 2.662542e+02 2.321842e+01
6.220000e+02 2.514190e+02 1.241217e+01
6.230000e+02 2.161411e+02 7.173284e+00
6.240000e+02 1.843352e+02 5.018710e+00
6.250000e+02 1.613500e+02 3.915129e+00
6.260000e+02 1.466183e+02 3.332835e+00
6.270000e+02 1.375656e+02 3.014549e+00
6.280000e+02 1.330342e+02 2.880884e+00
6.290000e+02 1.245157e+02 2.583349e+00
6.300000e+02 1.199356e+02 2.440735e+00
6.310000e+02 1.165371e+02 2.338749e+00
6.320000e+02 1.170460e+02 2.378625e+00
6.330000e+02 1.120099e+02 2.209681e+00
6.340000e+02 1.108269e+02 2.181240e+00
6.350000e+02 1.087095e+02 2.117832e+00
6.360000e+02 1.064489e+02 2.048727e+00
6.370000e+02 1.051165e+02 2.011500e+00
6.380000e+02 1.042745e+02 1.990488e+00
6.390000e+02 1.166989e+02 2.444308e+00
6.400000e+02 1.056841e+02 2.051116e+00
6.410000e+02 1.014609e+02 1.913669e+00
6.420000e+02 1.027088e+02 1.961767e+00
6.430000e+02 1.007848e+02 1.900115e+00
6.440000e+02 9.986046e+01 1.872914e+00
6.450000e+02 1.047006e+02 2.041614e+00
6.460000e+02 1.002917e+02 1.887764e+00
6.470000e+02 9.849195e+01 1.836198e+00
6.480000e+02 1.056167e+02 2.084444e+00
6.490000e+02 9.699295e+01 1.793421e+00
6.500000e+02 9.697000e+01 1.794006e+00
6.510000e+02 9.964306e+01 1.883725e+00
6.520000e+02 1.000944e+02 1.896358e+00
6.530000e+02 1.014024e+02 1.937359e+00
6.540000e+02 1.062082e+02 2.103259e+00
6.550000e+02 1.855012e+02 6.330858e+00
6.560000e+02 1.924418e+02 7.030331e+00
6.570000e+02 1.109314e+02 2.212148e+00
6.580000e+02 1.350985e+02 3.110308e+00
6.590000e+02 1.074811e+02 2.079894e+00
6.600000e+02 1.002810e+02 1.874436e+00
6.610000e+02 9.773481e+01 1.811586e+00
6.620000e+02 9.579773e+01 1.758773e+00
6.630000e+02 9.444211e+01 1.720378e+00
6.640000e+02 9.395401e+01 1.707688e+00
6.650000e+02 9.458648e+01 1.729665e+00
6.660000e+02 9.704290e+01 1.811625e+00
6.670000e+02 9.513329e+01 1.748448e+00
6.680000e+02 9.387918e+01 1.707749e+00
6.690000e+02 9.382275e+01 1.705673e+00
6.700000e+02 1.038662e+02 2.041104e+00
6.710000e+02 9.478203e+01 1.734727e+00
6.720000e+02 9.834901e+01 1.850346e+00
6.730000e+02 9.572104e+01 1.760911e+00
6.740000e+02 1.003368e+02 1.910704e+00
6.750000e+02 9.445996e+01 1.717675e+00
6.760000e+02 9.903188e+01 1.862352e+00
6.770000e+02 9.647381e+01 1.775610e+00
6.780000e+02 9.909439e+01 1.859038e+00
6.790000e+02 9.662925e+01 1.775392e+00
6.800000e+02 9.607470e+01 1.756774e+00
6.810000e+02 9.632072e+01 1.762320e+00
6.820000e+02 9.683822e+01 1.775929e+00
6.830000e+02 9.760777e+01 1.797221e+00
6.840000e+02 9.891904e+01 1.837036e+00
6.850000e+02 9.852019e+01 1.819347e+00
6.860000e+02 9.912240e+01 1.834633e+00
6.870000e+02 9.979986e+01 1.852099e+00
6.880000e+02 1.005969e+02 1.873104e+00
6.890000e+02 1.015433e+02 1.898459e+00
6.900000e+02 1.028133e+02 1.933361e+00
6.910000e+02 1.052569e+02 2.005213e+00
6.920000e+02 1.104139e+02 2.172484e+00
6.930000e+02 1.089364e+02 2.121168e+00
6.940000e+02 1.083776e+02 2.098664e+00
6.950000e+02 1.097839e+02 2.142489e+00
6.960000e+02 1.115685e+02 2.196982e+00
6.970000e+02 1.098948e+02 2.129527e+00
6.980000e+02 1.109622e+02 2.158318e+00
6.990000e+02 1.203268e+02 2.482168e+00
7.000000e+02 1.143789e+02 2.260229e+00
7.010000e+02 1.244748e+02 2.635272e+00
7.020000e+02 1.182471e+02 2.377042e+00
7.030000e+02 1.243857e+02 2.594821e+00
7.040000e+02 1.213675e+02 2.467642e+00
7.050000e+02 1.229323e+02 2.514286e+00
7.060000e+02 1.251151e+02 2.583048e+00
7.070000e+02 1.274595e+02 2.657952e+00
7.080000e+02 1.309974e+02 2.781214e+00
7.090000e+02 1.333239e+02 2.854284e+00
7.100000e+02 1.371266e+02 2.988571e+00
7.110000e+02 1.418493e+02 3.161540e+00
7.120000e+02 1.483977e+02 3.416798e+00
7.130000e+02 1.600138e+02 3.918407e+00
7.140000e+02 1.872022e+02 5.402363e+00
7.150000e+02 2.486220e+02 1.527794e+01
7.160000e+02 2.363801e+02 1.095192e+01
7.170000e+02 1.870449e+02 5.335058e+00
7.180000e+02 1.740702e+02 4.561494e+00
7.190000e+02 1.702504e+02 4.329963e+00
7.200000e+02 1.734563e+02 4.495343e+00
7.210000e+02 1.737155e+02 4.464125e+00
7.220000e+02 1.774433e+02 4.641820e+00
7.230000e+02 1.841817e+02 5.020052e+00
7.240000e+02 1.869281e+02 5.143903e+00
7.250000e+02 1.916113e+02 5.404285e+00
7.260000e+02 1.970711e+02 5.739393e+00
7.270000e+02 2.031559e+02 6.151654e+00
7.280000e+02 2.098822e+02 6.666752e+00
7.290000e+02 2.148617e+02 7.049570e+00
7.300000e+02 2.235085e+02 7.916001e+00
7.310000e+02 2.286114e+02 8.458433e+00
7.320000e+02 2.333635e+02 8.999531e+00
7.330000e+02 2.390498e+02 9.809872e+00
7.340000e+02 2.448820e+02 1.084513e+01
7.350000e+02 2.516658e+02 1.253975e+01
7.360000e+02 2.548253e+02 1.338661e+01
7.370000e+02 2.589616e+02 1.507901e+01
7.380000e+02 2.623535e+02 1.714696e+01
7.390000e+02 2.649515e+02 1.971040e+01
7.400000e+02 2.668004e+02 2.303284e+01
7.410000e+02 2.679435e+02 2.707913e+01
7.420000e+02 2.686189e+02 3.246637e+01
7.430000e+02 2.690016e+02 3.980492e+01
7.440000e+02 2.692411e+02 5.011688e+01
7.450000e+02 2.694182e+02 6.522986e+01
7.460000e+02 2.695575e+02 8.541103e+01
7.470000e+02 2.696751e+02 1.166012e+02
7.480000e+02 2.697753e+02 1.697798e+02
7.490000e+02 2.698552e+02 2.686708e+02
7.500000e+02 2.699136e+02 4.696262e+02
7.510000e+02 2.699502e+02 9.028574e+02
7.520000e+02 2.699649e+02 1.666373e+03
7.530000e+02 2.699577e+02 1.075886e+03
7.540000e+02 2.699287e+02 5.664005e+02
7.550000e+02 2.698784e+02 3.165209e+02
7.560000e+02 2.698070e+02 1.954005e+02
7.570000e+02 2.697149e+02 1.312216e+02
7.580000e+02 2.696025e+02 9.359367e+01
7.590000e+02 2.694697e+02 7.009937e+01
7.600000e+02 2.693135e+02 5.452320e+01
7.610000e+02 2.691193e+02 4.367685e+01
7.620000e+02 2.688413e+02 3.585800e+01
7.630000e+02 2.683862e+02 3.004359e+01
7.640000e+02 2.676260e+02 2.562807e+01
7.650000e+02 2.664562e+02 2.227339e+01
7.660000e+02 2.648042e+02 1.962899e+01
7.670000e+02 2.626340e+02 1.747046e+01
7.680000e+02 2.601856e+02 1.586064e+01
7.690000e+02 2.578211e+02 1.474074e+01
7.700000e+02 2.563247e+02 1.424983e+01
7.710000e+02 2.570783e+02 1.486593e+01
7.720000e+02 2.618498e+02 1.876581e+01
7.730000e+02 2.668972e+02 4.047963e+01
7.740000e+02 2.679011e+02 1.516331e+02
7.750000e+02 2.650674e+02 2.716761e+01
7.760000e+02 2.533731e+02 1.411412e+01
7.770000e+02 2.388455e+02 1.020814e+01
7.780000e+02 2.272105e+02 8.469277e+00
7.790000e+02 2.176029e+02 7.411350e+00
7.800000e+02 2.102710e+02 6.764574e+00
7.810000e+02 2.027494e+02 6.163957e+00
7.820000e+02 1.976073e+02 5.823008e+00
7.830000e+02 1.919451e+02 5.455580e+00
7.840000e+02 1.867183e+02 5.142434e+00
7.850000e+02 1.833457e+02 4.974244e+00
7.860000e+02 1.772910e+02 4.628907e+00
7.870000e+02 1.727869e+02 4.400394e+00
7.880000e+02 1.688886e+02 4.215535e+00
7.890000e+02 1.653421e+02 4.054962e+00
7.900000e+02 1.620493e+02 3.910858e+00
7.910000e+02 1.600301e+02 3.834188e+00
7.920000e+02 1.565268e+02 3.684244e+00
7.930000e+02 1.575215e+02 3.767468e+00
7.940000e+02 1.505445e+02 3.443417e+00
7.950000e+02 1.477056e+02 3.331930e+00
7.960000e+02 1.454146e+02 3.246167e+00
7.970000e+02 1.431280e+02 3.161469e+00
7.980000e+02 1.410684e+02 3.087887e+00
7.990000e+02 1.396586e+02 3.044467e+00
8.000000e+02 1.368934e+02 2.940475e+00
8.010000e+02 1.351073e+02 2.879215e+00
8.020000e+02 1.339066e+02 2.841778e+00
8.030000e+02 1.332907e+02 2.827001e+00
8.040000e+02 1.309216e+02 2.741543e+00
8.050000e+02 1.291768e+02 2.683414e+00
8.060000e+02 1.281500e+02 2.652210e+00
8.070000e+02 1.283796e+02 2.672747e+00
8.080000e+02 1.279737e+02 2.669807e+00
8.090000e+02 1.239788e+02 2.517751e+00
8.100000e+02 1.232754e+02 2.498165e+00
8.110000e+02 1.275085e+02 2.672171e+00
8.120000e+02 1.213145e+02 2.437869e+00
8.130000e+02 1.253349e+02 2.603730e+00
8.140000e+02 1.726805e+02 4.923861e+00
8.150000e+02 1.181057e+02 2.335996e+00
8.160000e+02 1.171366e+02 2.305433e+00
8.170000e+02 1.163752e+02 2.282240e+00
8.180000e+02 1.159849e+02 2.272365e+00
8.190000e+02 1.156734e+02 2.264806e+00
8.200000e+02 1.165301e+02 2.300727e+00
8.210000e+02 1.145914e+02 2.231421e+00
8.220000e+02 1.144298e+02 2.227404e+00
8.230000e+02 1.143905e+02 2.227228e+00
8.240000e+02 1.150088e+02 2.248935e+00
8.250000e+02 1.167854e+02 2.312064e+00
8.260000e+02 1.255240e+02 2.646494e+00
8.270000e+02 1.215211e+02 2.467497e+00
8.280000e+02 1.358553e+02 3.015889e+00
8.290000e+02 1.237271e+02 2.543286e+00
8.300000e+02 1.293662e+02 2.748859e+00
8.310000e+02 1.815773e+02 5.552700e+00
8.320000e+02 1.694278e+02 4.526012e+00
8.330000e+02 2.237850e+02 9.057311e+00
8.340000e+02 2.617111e+02 5.475265e+01
8.350000e+02 2.421508e+02 1.264378e+01
8.360000e+02 1.789177e+02 5.036588e+00
8.370000e+02 1.529630e+02 3.755362e+00
8.380000e+02 1.371086e+02 3.088321e+00
8.390000e+02 1.250925e+02 2.616237e+00
8.400000e+02 1.276042e+02 2.745235e+00
8.410000e+02 1.512302e+02 3.856929e+00
8.420000e+02 1.427999e+02 3.451331e+00
8.430000e+02 2.009678e+02 8.181795e+00
8.440000e+02 1.141284e+02 2.254188e+00
8.450000e+02 1.096043e+02 2.093342e+00
8.460000e+02 1.084135e+02 2.052973e+00
8.470000e+02 1.079617e+02 2.036282e+00
8.480000e+02 1.088148e+02 2.060963e+00
8.490000e+02 1.257999e+02 2.691139e+00
8.500000e+02 1.092393e+02 2.077509e+00
8.510000e+02 1.068581e+02 2.000576e+00
8.520000e+02 1.065552e+02 1.991571e+00
8.530000e+02 1.078990e+02 2.035971e+00
8.540000e+02 1.070820e+02 2.006993e+00
8.550000e+02 1.064876e+02 1.988253e+00
8.560000e+02 1.066712e+02 1.993102e+00
8.570000e+02 1.087584e+02 2.060083e+00
8.580000e+02 1.635630e+02 4.550412e+00
8.590000e+02 1.122156e+02 2.149690e+00
8.600000e+02 1.153354e+02 2.239218e+00
8.610000e+02 1.134535e+02 2.188798e+00
8.620000e+02 1.102853e+02 2.098727e+00
8.630000e+02 1.288015e+02 2.829419e+00
8.640000e+02 1.069725e+02 1.998256e+00
8.650000e+02 1.063414e+02 1.978999e+00
8.660000e+02 1.100083e+02 2.109161e+00
8.670000e+02 1.060036e+02 1.968439e+00
8.680000e+02 1.059427e+02 1.965791e+00
8.690000e+02 1.090620e+02 2.072730e+00
8.700000e+02 1.062737e+02 1.974885e+00
8.710000e+02 1.062510e+02 1.972780e+00
8.720000e+02 1.064240e+02 1.977093e+00
8.730000e+02 1.066410e+02 1.982710e+00
8.740000e+02 1.072128e+02 2.000251e+00
8.750000e+02 1.072257e+02 1.998643e+00
8.760000e+02 1.075971e+02 2.008937e+00
8.770000e+02 1.080611e+02 2.021777e+00
8.780000e+02 1.092156e+02 2.057471e+00
8.790000e+02 1.093613e+02 2.059966e+00
8.800000e+02 1.092117e+02 2.053478e+00
8.810000e+02 1.099165e+02 2.075710e+00
8.820000e+02 1.105458e+02 2.095057e+00
8.830000e+02 1.506738e+02 3.816094e+00
8.840000e+02 1.117263e+02 2.129422e+00
8.850000e+02 1.118983e+02 2.130673e+00
8.860000e+02 1.132602e+02 2.174738e+00
8.870000e+02 1.156672e+02 2.257776e+00
8.880000e+02 1.243196e+02 2.587901e+00
8.890000e+02 1.157067e+02 2.242548e+00
8.900000e+02 1.167009e+02 2.267016e+00
8.910000e+02 1.189639e+02 2.334074e+00
8.920000e+02 1.230512e+02 2.459795e+00
8.930000e+02 1.306608e+02 2.711890e+00
8.940000e+02 1.349773e+02 2.868179e+00
8.950000e+02 1.396497e+02 3.105511e+00
8.960000e+02 1.510984e+02 3.667725e+00
8.970000e+02 1.264528e+02 2.566530e+00
8.980000e+02 1.271609e+02 2.583991e+00
8.990000e+02 1.297005e+02 2.664467e+00
9.000000e+02 1.310359e+02 2.707120e+00
9.010000e+02 1.333287e+02 2.790547e+00
9.020000e+02 1.357012e+02 2.862614e+00
9.030000e+02 1.399102e+02 3.009437e+00
9.040000e+02 1.442806e+02 3.163977e+00
9.050000e+02 1.525190e+02 3.470993e+00
9.060000e+02 1.649757e+02 3.993168e+00
9.070000e+02 1.653943e+02 4.006173e+00
9.080000e+02 1.709635e+02 4.318808e+00
9.090000e+02 1.753728e+02 4.485898e+00
9.100000e+02 1.869727e+02 5.077394e+00
9.110000e+02 2.028327e+02 6.049618e+00
9.120000e+02 2.252784e+02 7.999377e+00
9.130000e+02 2.470688e+02 1.121607e+01
9.140000e+02 2.637126e+02 1.833131e+01
9.150000e+02 2.686371e+02 3.465516e+01
9.160000e+02 2.691848e+02 6.174142e+01
9.170000e+02 2.689297e+02 4.256043e+01
9.180000e+02 2.663251e+02 2.209919e+01
9.190000e+02 2.544341e+02 1.323666e+01
9.200000e+02 2.339761e+02 9.016214e+00
9.210000e+02 2.128138e+02 6.805830e+00
9.220000e+02 1.962115e+02 5.624528e+00
9.230000e+02 1.823925e+02 4.816099e+00
9.240000e+02 1.725695e+02 4.326710e+00
9.250000e+02 1.684017e+02 4.176052e+00
9.260000e+02 1.611306e+02 3.830616e+00
9.270000e+02 1.566324e+02 3.636765e+00
9.280000e+02 1.541535e+02 3.539185e+00
9.290000e+02 1.515622e+02 3.432440e+00
9.300000e+02 1.497165e+02 3.359206e+00
9.310000e+02 1.487446e+02 3.322593e+00
9.320000e+02 1.486547e+02 3.323951e+00
9.330000e+02 1.623615e+02 4.046923e+00
9.340000e+02 1.487803e+02 3.331902e+00
9.350000e+02 1.482937e+02 3.305554e+00
9.360000e+02 1.491696e+02 3.342107e+00
9.370000e+02 1.497476e+02 3.363666e+00
9.380000e+02 1.501108e+02 3.371752e+00
9.390000e+02 1.510237e+02 3.406205e+00
9.400000e+02 1.521948e+02 3.452621e+00
9.410000e+02 1.533033e+02 3.494650e+00
9.420000e+02 1.546562e+02 3.547643e+00
9.430000e+02 1.563621e+02 3.617172e+00
9.440000e+02 1.580760e+02 3.685783e+00
9.450000e+02 1.614585e+02 3.843751e+00
9.460000e+02 1.615841e+02 3.831252e+00
9.470000e+02 1.634881e+02 3.912805e+00
9.480000e+02 1.659485e+02 4.024525e+00
9.490000e+02 1.745600e+02 4.512823e+00
9.500000e+02 1.709069e+02 4.251575e+00
9.510000e+02 1.750782e+02 4.472419e+00
9.520000e+02 1.760661e+02 4.492710e+00
9.530000e+02 1.793000e+02 4.654852e+00
9.540000e+02 1.829599e+02 4.848697e+00
9.550000e+02 1.865114e+02 5.043595e+00
9.560000e+02 1.923171e+02 5.416886e+00
9.570000e+02 1.940046e+02 5.479284e+00
9.580000e+02 1.990168e+02 5.811597e+00
9.590000e+02 2.036435e+02 6.124349e+00
9.600000e+02 2.079330e+02 6.416817e+00
9.610000e+02 2.134489e+02 6.848926e+00
9.620000e+02 2.197742e+02 7.408007e+00
9.630000e+02 2.267477e+02 8.115140e+00
9.640000e+02 2.345235e+02 9.062010e+00
9.650000e+02 2.431321e+02 1.041136e+01
9.660000e+02 2.522788e+02 1.248812e+01
9.670000e+02 2.609669e+02 1.607878e+01
9.680000e+02 2.669591e+02 2.329548e+01
9.690000e+02 2.689779e+02 4.123424e+01
9.700000e+02 2.693856e+02 7.465513e+01
9.710000e+02 2.692886e+02 5.924888e+01
9.720000e+02 2.687100e+02 3.395914e+01
9.730000e+02 2.676929e+02 2.723253e+01
9.740000e+02 2.661049e+02 2.139192e+01
9.750000e+02 2.658867e+02 2.101465e+01
9.760000e+02 2.664778e+02 2.216590e+01
9.770000e+02 2.673478e+02 2.451471e+01
9.780000e+02 2.681254e+02 2.808300e+01
9.790000e+02 2.686762e+02 3.323100e+01
9.800000e+02 2.690274e+02 4.112973e+01
9.810000e+02 2.692599e+02 5.123157e+01
9.820000e+02 2.694431e+02 6.753379e+01
9.830000e+02 2.695972e+02 9.454969e+01
9.840000e+02 2.697251e+02 1.387540e+02
9.850000e+02 2.698257e+02 2.229705e+02
9.860000e+02 2.698982e+02 4.000933e+02
9.870000e+02 2.699413e+02 7.819581e+02
9.880000e+02 2.699542e+02 1.255773e+03
9.890000e+02 2.699370e+02 7.096561e+02
9.900000e+02 2.698900e+02 3.664058e+02
9.910000e+02 2.698145e+02 2.086730e+02
9.920000e+02 2.697123e+02 1.322578e+02
9.930000e+02 2.695866e+02 9.137630e+01
9.940000e+02 2.694430e+02 6.823859e+01
9.950000e+02 2.692776e+02 5.332480e+01
9.960000e+02 2.690524e+02 4.172493e+01
9.970000e+02 2.686955e+02 3.356425e+01
9.980000e+02 2.680908e+02 2.790959e+01
9.990000e+02 2.671264e+02 2.389527e+01
1.000000e+03 2.656568e+02 2.068462e+01
0.400000 0 0
1.000000e+01 3.573167e+00 1.570399e-02
1.100000e+01 3.604664e+00 1.627606e-02
1.200000e+01 3.628401e+00 1.668293e-02
1.300000e+01 3.662156e+00 1.728243e-02
1.400000e+01 3.700885e+00 1.796976e-02
1.500000e+01 3.747405e+00 1.879936e-02
1.600000e+01 3.798590e+00 1.970037e-02
1.700000e+01 3.860271e+00 2.078058e-02
1.800000e+01 3.940949e+00 2.218963e-02
1.900000e+01 4.056006e+00 2.418347e-02
2.000000e+01 4.250142e+00 2.752102e-02
2.100000e+01 4.648404e+00 3.435484e-02
2.200000e+01 5.368650e+00 4.702238e-02
2.300000e+01 5.202429e+00 4.399612e-02
2.400000e+01 4.822067e+00 3.752395e-02
2.500000e+01 4.692294e+00 3.539334e-02
2.600000e+01 4.695523e+00 3.555485e-02
2.700000e+01 4.758571e+00 3.673835e-02
2.800000e+01 4.858381e+00 3.856417e-02
2.900000e+01 5.010734e+00 4.137753e-02
3.000000e+01 5.186395e+00 4.461676e-02
3.100000e+01 5.304614e+00 4.663041e-02
3.200000e+01 5.498627e+00 5.012699e-02
3.300000e+01 5.720393e+00 5.413074e-02
3.400000e+01 5.972455e+00 5.868761e-02
3.500000e+01 6.259915e+00 6.389436e-02
3.600000e+01 6.654286e+00 7.117196e-02
3.700000e+01 6.962623e+00 7.666017e-02
3.800000e+01 7.410950e+00 8.487799e-02
3.900000e+01 7.893838e+00 9.365814e-02
4.000000e+01 8.476088e+00 1.043319e-01
4.100000e+01 9.161897e+00 1.169518e-01
4.200000e+01 9.976784e+00 1.320105e-01
4.300000e+01 1.096464e+01 1.503801e-01
4.400000e+01 1.214327e+01 1.723618e-01
4.500000e+01 1.360034e+01 1.997234e-01
4.600000e+01 1.541605e+01 2.340591e-01
4.700000e+01 1.774226e+01 2.784803e-01
4.800000e+01 2.078783e+01 3.373219e-01
4.900000e+01 2.491375e+01 4.182624e-01
5.000000e+01 3.084406e+01 5.371716e-01
5.100000e+01 4.029227e+01 7.327442e-01
5.200000e+01 5.909767e+01 1.149774e+00
5.300000e+01 1.007778e+02 2.240426e+00
5.400000e+01 1.780162e+02 5.405484e+00
5.500000e+01 2.456393e+02 1.373457e+01
5.600000e+01 2.635936e+02 3.590486e+01
5.700000e+01 2.661543e+02 7.854624e+01
5.800000e+01 2.671339e+02 7.802665e+01
5.900000e+01 2.674551e+02 1.014290e+02
6.000000e+01 2.676930e+02 1.024907e+02
6.100000e+01 2.677096e+02 1.063931e+02
6.200000e+01 2.675069e+02 9.039684e+01
6.300000e+01 2.663913e+02 1.085644e+02
6.400000e+01 2.614645e+02 2.617598e+01
6.500000e+01 2.282562e+02 9.861264e+00
6.600000e+01 1.505123e+02 3.977359e+00
6.700000e+01 8.897131e+01 1.892800e+00
6.800000e+01 5.842303e+01 1.130659e+00
6.900000e+01 4.364036e+01 8.023580e-01
7.000000e+01 3.512635e+01 6.227092e-01
7.100000e+01 2.941129e+01 5.056570e-01
7.200000e+01 2.526979e+01 4.225451e-01
7.300000e+01 2.214019e+01 3.606694e-01
7.400000e+01 1.971169e+01 3.131989e-01
7.500000e+01 1.779840e+01 2.761630e-01
7.600000e+01 1.625248e+01 2.464478e-01
7.700000e+01 1.496037e+01 2.216884e-01
7.800000e+01 1.387779e+01 2.009877e-01
7.900000e+01 1.305232e+01 1.853182e-01
8.000000e+01 1.224873e+01 1.699969e-01
8.100000e+01 1.161138e+01 1.579431e-01
8.200000e+01 1.102963e+01 1.469738e-01
8.300000e+01 1.053960e+01 1.377494e-01
8.400000e+01 1.012298e+01 1.299045e-01
8.500000e+01 9.765235e+00 1.231628e-01
8.600000e+01 9.457098e+00 1.173480e-01
8.700000e+01 9.193494e+00 1.123625e-01
8.800000e+01 8.968440e+00 1.080945e-01
8.900000e+01 8.766756e+00 1.042665e-01
9.000000e+01 8.602034e+00 1.011240e-01
9.100000e+01 8.460115e+00 9.840361e-02
9.200000e+01 8.342850e+00 9.612731e-02
9.300000e+01 8.262183e+00 9.454746e-02
9.400000e+01 8.811106e+00 1.056455e-01
9.500000e+01 8.155077e+00 9.233568e-02
9.600000e+01 8.309662e+00 9.545359e-02
9.700000e+01 8.137959e+00 9.175745e-02
9.800000e+01 8.151288e+00 9.181918e-02
9.900000e+01 8.205817e+00 9.266274e-02
1.000000e+02 8.328745e+00 9.482643e-02
1.010000e+02 8.485764e+00 9.764709e-02
1.020000e+02 8.834442e+00 1.044002e-01
1.030000e+02 8.752293e+00 1.020468e-01
1.040000e+02 9.188382e+00 1.102921e-01
1.050000e+02 9.301121e+00 1.117162e-01
1.060000e+02 9.709425e+00 1.190399e-01
1.070000e+02 1.024327e+01 1.287169e-01
1.080000e+02 1.095350e+01 1.417288e-01
1.090000e+02 1.189402e+01 1.591342e-01
1.100000e+02 1.320347e+01 1.836925e-01
1.110000e+02 1.564530e+01 2.316367e-01
1.120000e+02 1.745841e+01 2.644337e-01
1.130000e+02 2.134970e+01 3.401342e-01
1.140000e+02 2.774110e+01 4.678323e-01
1.150000e+02 3.983269e+01 7.218327e-01
1.160000e+02 6.205276e+01 1.226537e+00
1.170000e+02 1.148355e+02 2.722820e+00
1.180000e+02 2.228457e+02 9.919588e+00
1.190000e+02 2.537121e+02 2.829348e+01
1.200000e+02 1.620103e+02 4.673718e+00
1.210000e+02 8.078897e+01 1.701721e+00
1.220000e+02 4.676710e+01 8.706240e-01
1.230000e+02 3.120696e+01 5.366678e-01
1.240000e+02 2.520326e+01 4.193297e-01
1.250000e+02 1.850958e+01 2.823807e-01
1.260000e+02 1.540277e+01 2.220455e-01
1.270000e+02 1.321932e+01 1.800252e-01
1.280000e+02 1.189903e+01 1.553049e-01
1.290000e+02 1.077158e+01 1.339277e-01
1.300000e+02 1.000005e+01 1.194925e-01
1.310000e+02 9.519197e+00 1.106539e-01
1.320000e+02 8.987532e+00 1.006493e-01
1.330000e+02 8.649931e+00 9.436609e-02
1.340000e+02 8.377138e+00 8.924406e-02
1.350000e+02 8.142414e+00 8.482989e-02
1.360000e+02 7.983609e+00 8.182102e-02
1.370000e+02 8.064596e+00 8.350511e-02
1.380000e+02 7.753171e+00 7.727776e-02
1.390000e+02 7.672547e+00 7.564973e-02
1.400000e+02 7.642496e+00 7.497983e-02
1.410000e+02 7.577876e+00 7.368153e-02
1.420000e+02 8.867449e+00 9.940250e-02
1.430000e+02 7.607062e+00 7.383085e-02
1.440000e+02 7.553163e+00 7.251916e-02
1.450000e+02 8.756732e+00 9.608658e-02
1.460000e+02 7.452626e+00 7.032181e-02
1.470000e+02 7.425693e+00 6.958330e-02
1.480000e+02 7.461358e+00 7.002006e-02
1.490000e+02 7.633285e+00 7.309224e-02
1.500000e+02 7.612878e+00 7.225098e-02
1.510000e+02 7.796843e+00 7.554993e-02
1.520000e+02 7.629635e+00 7.193001e-02
1.530000e+02 7.625010e+00 7.160760e-02
1.540000e+02 9.420160e+00 1.061031e-01
1.550000e+02 7.703378e+00 7.243877e-02
1.560000e+02 7.806738e+00 7.403604e-02
1.570000e+02 7.817334e+00 7.381228e-02
1.580000e+02 7.889271e+00 7.475268e-02
1.590000e+02 7.979980e+00 7.602000e-02
1.600000e+02 8.083691e+00 7.750183e-02
1.610000e+02 8.195993e+00 7.911349e-02
1.620000e+02 8.324516e+00 8.100015e-02
1.630000e+02 8.481928e+00 8.339351e-02
1.640000e+02 8.696669e+00 8.685468e-02
1.650000e+02 1.150717e+01 1.416240e-01
1.660000e+02 1.034604e+01 1.183051e-01
1.670000e+02 9.377792e+00 9.745243e-02
1.680000e+02 9.632965e+00 1.012925e-01
1.690000e+02 1.004353e+01 1.079549e-01
1.700000e+02 1.038398e+01 1.131196e-01
1.710000e+02 1.087901e+01 1.210538e-01
1.720000e+02 1.152822e+01 1.316626e-01
1.730000e+02 1.239238e+01 1.460886e-01
1.740000e+02 1.351648e+01 1.650247e-01
1.750000e+02 1.523495e+01 1.951588e-01
1.760000e+02 1.753138e+01 2.360385e-01
1.770000e+02 2.004329e+01 2.783159e-01
1.780000e+02 2.451743e+01 3.585220e-01
1.790000e+02 3.191265e+01 4.955542e-01
1.800000e+02 4.517760e+01 7.547668e-01
1.810000e+02 6.907945e+01 1.264936e+00
1.820000e+02 1.132335e+02 2.410141e+00
1.830000e+02 1.664730e+02 4.434181e+00
1.840000e+02 1.468840e+02 3.564943e+00
1.850000e+02 9.343312e+01 1.859019e+00
1.860000e+02 5.908394e+01 1.042534e+00
1.870000e+02 4.074680e+01 6.640208e-01
1.880000e+02 3.056958e+01 4.678862e-01
1.890000e+02 2.451397e+01 3.555503e-01
1.900000e+02 2.067171e+01 2.859599e-01
1.910000e+02 1.811978e+01 2.405303e-01
1.920000e+02 1.636328e+01 2.096644e-01
1.930000e+02 1.523030e+01 1.903394e-01
1.940000e+02 1.430663e+01 1.742138e-01
1.950000e+02 1.396582e+01 1.698927e-01
1.960000e+02 1.336019e+01 1.592789e-01
1.970000e+02 1.246740e+01 1.422097e-01
1.980000e+02 1.216270e+01 1.369104e-01
1.990000e+02 1.191904e+01 1.327188e-01
2.000000e+02 1.183558e+01 1.313005e-01
2.010000e+02 1.284718e+01 1.520469e-01
2.020000e+02 1.172147e+01 1.289346e-01
2.030000e+02 1.177717e+01 1.295821e-01
2.040000e+02 1.159028e+01 1.261606e-01
2.050000e+02 1.123371e+01 1.199100e-01
2.060000e+02 1.134375e+01 1.225447e-01
2.070000e+02 1.098755e+01 1.155390e-01
2.080000e+02 1.106944e+01 1.172308e-01
2.090000e+02 1.134625e+01 1.228090e-01
2.100000e+02 1.094281e+01 1.144575e-01
2.110000e+02 1.128212e+01 1.211384e-01
2.120000e+02 1.083958e+01 1.120448e-01
2.130000e+02 1.084089e+01 1.118363e-01
2.140000e+02 1.089713e+01 1.126982e-01
2.150000e+02 1.598215e+01 2.144905e-01
2.160000e+02 1.101843e+01 1.144196e-01
2.170000e+02 1.092232e+01 1.122999e-01
2.180000e+02 1.097919e+01 1.130877e-01
2.190000e+02 1.099159e+01 1.129874e-01
2.200000e+02 1.105407e+01 1.138409e-01
2.210000e+02 1.109030e+01 1.141737e-01
2.220000e+02 1.115799e+01 1.150759e-01
2.230000e+02 1.125970e+01 1.165742e-01
2.240000e+02 1.142777e+01 1.192249e-01
2.250000e+02 1.182044e+01 1.259720e-01
2.260000e+02 1.504105e+01 1.905018e-01
2.270000e+02 1.197623e+01 1.282563e-01
2.280000e+02 1.170297e+01 1.230014e-01
2.290000e+02 1.172582e+01 1.232666e-01
2.300000e+02 1.191517e+01 1.266286e-01
2.310000e+02 1.306642e+01 1.496046e-01
2.320000e+02 1.238193e+01 1.346427e-01
2.330000e+02 1.300547e+01 1.454890e-01
2.340000e+02 1.956964e+01 2.836450e-01
2.350000e+02 1.328202e+01 1.505116e-01
2.360000e+02 1.409989e+01 1.682225e-01
2.370000e+02 1.680331e+01 2.244090e-01
2.380000e+02 1.276546e+01 1.400202e-01
2.390000e+02 1.993282e+01 2.888630e-01
2.400000e+02 1.372815e+01 1.579277e-01
2.410000e+02 1.307268e+01 1.439068e-01
2.420000e+02 1.428606e+01 1.686344e-01
2.430000e+02 1.386815e+01 1.599311e-01
2.440000e+02 1.391120e+01 1.606180e-01
2.450000e+02 1.283759e+01 1.383465e-01
2.460000e+02 1.282183e+01 1.375976e-01
2.470000e+02 1.302247e+01 1.411369e-01
2.480000e+02 1.620084e+01 2.064163e-01
2.490000e+02 1.371777e+01 1.541014e-01
2.500000e+02 3.127196e+01 5.305670e-01
2.510000e+02 1.459044e+01 1.704897e-01
2.520000e+02 1.374719e+01 1.524966e-01
2.530000e+02 1.347463e+01 1.467660e-01
2.540000e+02 1.352281e+01 1.471243e-01
2.550000e+02 1.368907e+01 1.496809e-01
2.560000e+02 1.364089e+01 1.485178e-01
2.570000e+02 1.368561e+01 1.491833e-01
2.580000e+02 1.426600e+01 1.606107e-01
2.590000e+02 1.516318e+01 1.788451e-01
2.600000e+02 1.393312e+01 1.527821e-01
2.610000e+02 1.395030e+01 1.526007e-01
2.620000e+02 1.408877e+01 1.548155e-01
2.630000e+02 1.527152e+01 1.784125e-01
2.640000e+02 1.572905e+01 1.873391e-01
2.650000e+02 1.603112e+01 1.921259e-01
2.660000e+02 1.473345e+01 1.648681e-01
2.670000e+02 1.589000e+01 1.886364e-01
2.680000e+02 1.482778e+01 1.662551e-01
2.690000e+02 1.468449e+01 1.628665e-01
2.700000e+02 1.473310e+01 1.633403e-01
2.710000e+02 1.494642e+01 1.670811e-01
2.720000e+02 1.511951e+01 1.699869e-01
2.730000e+02 2.608215e+01 4.012202e-01
2.740000e+02 1.572558e+01 1.811701e-01
2.750000e+02 1.583540e+01 1.824760e-01
2.760000e+02 1.657748e+01 1.967937e-01
2.770000e+02 1.824054e+01 2.304281e-01
2.780000e+02 1.578516e+01 1.796332e-01
2.790000e+02 1.584660e+01 1.805715e-01
2.800000e+02 1.627076e+01 1.887014e-01
2.810000e+02 1.663856e+01 1.945208e-01
2.820000e+02 1.606956e+01 1.832421e-01
2.830000e+02 1.659895e+01 1.935710e-01
2.840000e+02 1.624183e+01 1.854947e-01
2.850000e+02 1.651280e+01 1.904344e-01
2.860000e+02 2.440937e+01 3.591264e-01
2.870000e+02 1.702208e+01 1.996345e-01
2.880000e+02 1.694909e+01 1.974369e-01
2.890000e+02 3.606681e+01 6.140409e-01
2.900000e+02 1.714972e+01 2.001291e-01
2.910000e+02 1.871376e+01 2.308468e-01
2.920000e+02 1.726981e+01 2.011305e-01
2.930000e+02 1.949829e+01 2.475742e-01
2.940000e+02 1.771801e+01 2.089260e-01
2.950000e+02 1.766055e+01 2.067861e-01
2.960000e+02 1.786444e+01 2.100649e-01
2.970000e+02 1.824425e+01 2.167480e-01
2.980000e+02 1.945653e+01 2.401069e-01
2.990000e+02 1.959356e+01 2.420077e-01
3.000000e+02 1.916527e+01 2.328253e-01
3.010000e+02 2.065082e+01 2.632417e-01
3.020000e+02 2.448355e+01 3.464689e-01
3.030000e+02 2.255333e+01 3.032692e-01
3.040000e+02 1.974472e+01 2.415879e-01
3.050000e+02 2.032240e+01 2.525407e-01
3.060000e+02 1.982314e+01 2.410819e-01
3.070000e+02 2.001137e+01 2.438850e-01
3.080000e+02 2.030467e+01 2.486510e-01
3.090000e+02 2.070917e+01 2.555186e-01
3.100000e+02 2.317152e+01 3.058167e-01
3.110000e+02 2.164438e+01 2.712889e-01
3.120000e+02 2.210416e+01 2.789379e-01
3.130000e+02 2.284311e+01 2.918270e-01
3.140000e+02 2.384513e+01 3.098360e-01
3.150000e+02 2.470946e+01 3.252901e-01
3.160000e+02 3.048569e+01 4.498589e-01
3.170000e+02 2.823737e+01 3.913429e-01
3.180000e+02 2.978614e+01 4.160126e-01
3.190000e+02 3.338974e+01 4.826779e-01
3.200000e+02 7.467061e+01 1.464434e+00
3.210000e+02 4.970068e+01 8.018273e-01
3.220000e+02 6.143780e+01 1.048685e+00
3.230000e+02 8.573755e+01 1.608905e+00
3.240000e+02 1.334789e+02 2.991653e+00
3.250000e+02 1.841617e+02 5.271787e+00
3.260000e+02 1.503321e+02 3.618485e+00
3.270000e+02 1.049364e+02 2.163145e+00
3.280000e+02 6.702711e+01 1.174554e+00
3.290000e+02 4.997138e+01 8.047523e-01
3.300000e+02 4.117643e+01 6.284632e-01
3.310000e+02 3.610747e+01 5.306048e-01
3.320000e+02 3.335322e+01 4.801705e-01
3.330000e+02 3.506006e+01 5.287644e-01
3.340000e+02 2.972633e+01 4.110498e-01
3.350000e+02 2.904316e+01 3.989892e-01
3.360000e+02 2.811909e+01 3.805848e-01
3.370000e+02 2.747959e+01 3.682638e-01
3.380000e+02 2.712281e+01 3.614887e-01
3.390000e+02 2.694156e+01 3.579873e-01
3.400000e+02 2.685230e+01 3.560917e-01
3.410000e+02 2.686188e+01 3.560420e-01
3.420000e+02 2.698853e+01 3.583130e-01
3.430000e+02 2.795318e+01 3.791483e-01
3.440000e+02 2.750377e+01 3.678424e-01
3.450000e+02 2.898794e+01 3.996026e-01
3.460000e+02 2.814162e+01 3.795484e-01
3.470000e+02 2.807265e+01 3.767738e-01
3.480000e+02 2.838223e+01 3.821492e-01
3.490000e+02 2.886508e+01 3.909523e-01
3.500000e+02 2.948752e+01 4.027281e-01
3.510000e+02 3.077397e+01 4.286315e-01
3.520000e+02 3.379441e+01 4.959952e-01
3.530000e+02 3.361501e+01 4.898384e-01
3.540000e+02 3.171397e+01 4.435673e-01
3.550000e+02 4.661115e+01 7.821420e-01
3.560000e+02 3.322521e+01 4.718133e-01
3.570000e+02 3.419834e+01 4.904247e-01
3.580000e+02 3.737353e+01 5.605894e-01
3.590000e+02 4.454622e+01 7.292445e-01
3.600000e+02 3.831292e+01 5.714682e-01
3.610000e+02 3.903828e+01 5.817504e-01
3.620000e+02 4.116150e+01 6.243227e-01
3.630000e+02 4.377848e+01 6.773248e-01
3.640000e+02 4.838085e+01 7.780793e-01
3.650000e+02 5.264206e+01 8.667347e-01
3.660000e+02 6.056218e+01 1.042001e+00
3.670000e+02 8.237597e+01 1.591027e+00
3.680000e+02 1.565076e+02 4.339003e+00
3.690000e+02 1.593744e+02 4.463019e+00
3.700000e+02 9.438663e+01 1.881453e+00
3.710000e+02 1.008100e+02 2.085827e+00
3.720000e+02 9.090846e+01 1.733147e+00
3.730000e+02 1.028234e+02 2.040281e+00
3.740000e+02 1.204091e+02 2.541503e+00
3.750000e+02 1.473515e+02 3.464580e+00
3.760000e+02 1.798299e+02 4.869653e+00
3.770000e+02 2.193586e+02 7.567435e+00
3.780000e+02 2.539717e+02 1.326371e+01
3.790000e+02 2.675402e+02 2.636509e+01
3.800000e+02 2.689014e+02 4.855280e+01
3.810000e+02 2.684230e+02 3.355221e+01
3.820000e+02 2.612359e+02 1.660475e+01
3.830000e+02 2.334686e+02 9.118807e+00
3.840000e+02 1.947152e+02 5.690993e+00
3.850000e+02 1.597566e+02 3.927917e+00
3.860000e+02 1.326584e+02 2.922475e+00
3.870000e+02 1.141613e+02 2.360458e+00
3.880000e+02 9.750295e+01 1.886263e+00
3.890000e+02 8.683726e+01 1.613324e+00
3.900000e+02 8.014380e+01 1.452031e+00
3.910000e+02 7.387884e+01 1.306003e+00
3.920000e+02 6.723368e+01 1.155933e+00
3.930000e+02 6.302720e+01 1.067596e+00
3.940000e+02 5.822608e+01 9.580012e-01
3.950000e+02 5.693448e+01 9.372674e-01
3.960000e+02 5.344608e+01 8.584428e-01
3.970000e+02 5.733874e+01 9.620520e-01
3.980000e+02 5.024641e+01 7.917712e-01
3.990000e+02 4.940456e+01 7.753749e-01
4.000000e+02 5.640254e+01 9.554923e-01
4.010000e+02 5.361066e+01 8.843851e-01
4.020000e+02 5.854430e+01 1.014819e+00
4.030000e+02 4.937308e+01 7.828874e-01
4.040000e+02 4.802382e+01 7.526991e-01
4.050000e+02 4.651021e+01 7.164812e-01
4.060000e+02 4.637708e+01 7.136001e-01
4.070000e+02 4.655074e+01 7.175931e-01
4.080000e+02 4.881339e+01 7.736584e-01
4.090000e+02 4.765913e+01 7.427208e-01
4.100000e+02 4.768970e+01 7.416044e-01
4.110000e+02 4.846660e+01 7.581988e-01
4.120000e+02 5.028202e+01 7.998039e-01
4.130000e+02 6.187068e+01 1.084590e+00
4.140000e+02 5.654795e+01 9.533313e-01
4.150000e+02 5.474527e+01 8.984500e-01
4.160000e+02 5.670139e+01 9.403475e-01
4.170000e+02 6.016613e+01 1.019649e+00
4.180000e+02 6.518654e+01 1.137895e+00
4.190000e+02 7.255409e+01 1.317850e+00
4.200000e+02 8.425425e+01 1.620559e+00
4.210000e+02 1.038014e+02 2.179063e+00
4.220000e+02 1.383316e+02 3.369168e+00
4.230000e+02 2.000748e+02 6.817139e+00
4.240000e+02 2.585189e+02 2.347811e+01
4.250000e+02 2.640426e+02 7.157512e+01
4.260000e+02 2.387070e+02 1.200822e+01
4.270000e+02 1.726424e+02 4.975623e+00
4.280000e+02 1.255190e+02 2.876345e+00
4.290000e+02 1.028169e+02 2.136342e+00
4.300000e+02 8.945581e+01 1.741591e+00
4.310000e+02 8.225225e+01 1.537883e+00
4.320000e+02 7.886083e+01 1.440790e+00
4.330000e+02 7.862456e+01 1.426523e+00
4.340000e+02 8.045965e+01 1.463254e+00
4.350000e+02 8.519561e+01 1.572623e+00
4.360000e+02 9.469534e+01 1.807674e+00
4.370000e+02 1.146274e+02 2.357779e+00
4.380000e+02 1.449252e+02 3.345343e+00
4.390000e+02 1.896957e+02 5.440197e+00
4.400000e+02 1.682347e+02 4.286161e+00
4.410000e+02 1.480092e+02 3.462580e+00
4.420000e+02 1.566884e+02 3.820319e+00
4.430000e+02 1.777175e+02 4.736407e+00
4.440000e+02 1.970158e+02 5.807779e+00
4.450000e+02 2.294389e+02 8.583748e+00
4.460000e+02 2.589324e+02 1.518847e+01
4.470000e+02 2.683582e+02 3.152715e+01
4.480000e+02 2.690453e+02 6.335582e+01
4.490000e+02 2.681948e+02 3.026449e+01
4.500000e+02 2.575238e+02 1.453590e+01
4.510000e+02 2.264988e+02 8.245275e+00
4.520000e+02 1.914913e+02 5.490397e+00
4.530000e+02 1.603047e+02 3.929068e+00
4.540000e+02 1.375780e+02 3.066362e+00
4.550000e+02 1.212831e+02 2.537958e+00
4.560000e+02 1.093843e+02 2.187271e+00
4.570000e+02 1.019541e+02 1.990350e+00
4.580000e+02 9.515450e+01 1.806616e+00
4.590000e+02 8.989556e+01 1.668005e+00
4.600000e+02 8.661324e+01 1.586350e+00
4.610000e+02 8.528104e+01 1.559496e+00
4.620000e+02 8.395010e+01 1.527894e+00
4.630000e+02 8.779547e+01 1.650094e+00
4.640000e+02 8.634459e+01 1.602949e+00
4.650000e+02 8.333954e+01 1.509465e+00
4.660000e+02 8.419471e+01 1.531235e+00
4.670000e+02 8.733506e+01 1.615995e+00
4.680000e+02 1.320771e+02 3.198081e+00
4.690000e+02 1.042472e+02 2.081975e+00
4.700000e+02 1.332341e+02 3.036023e+00
4.710000e+02 1.739127e+02 4.879793e+00
4.720000e+02 1.345853e+02 2.965766e+00
4.730000e+02 1.578054e+02 3.900644e+00
4.740000e+02 1.978068e+02 5.908956e+00
4.750000e+02 2.138329e+02 7.166519e+00
4.760000e+02 1.857558e+02 5.444560e+00
4.770000e+02 1.285485e+02 2.780517e+00
4.780000e+02 1.104257e+02 2.221342e+00
4.790000e+02 1.027974e+02 2.010906e+00
4.800000e+02 1.062460e+02 2.145033e+00
4.810000e+02 1.065342e+02 2.168811e+00
4.820000e+02 1.050756e+02 2.107038e+00
4.830000e+02 1.080220e+02 2.184893e+00
4.840000e+02 1.188584e+02 2.529180e+00
4.850000e+02 1.427307e+02 3.399581e+00
4.860000e+02 1.980170e+02 6.466374e+00
4.870000e+02 2.587675e+02 3.163661e+01
4.880000e+02 2.419746e+02 1.250782e+01
4.890000e+02 1.849547e+02 5.403593e+00
4.900000e+02 1.470929e+02 3.510821e+00
4.910000e+02 1.280365e+02 2.798422e+00
4.920000e+02 1.196630e+02 2.526528e+00
4.930000e+02 1.125906e+02 2.291101e+00
4.940000e+02 1.105619e+02 2.226228e+00
4.950000e+02 1.102082e+02 2.212851e+00
4.960000e+02 1.141347e+02 2.346180e+00
4.970000e+02 1.169803e+02 2.443823e+00
4.980000e+02 1.179134e+02 2.461465e+00
4.990000e+02 1.162534e+02 2.391683e+00
5.000000e+02 1.170827e+02 2.405097e+00
5.010000e+02 1.194981e+02 2.476315e+00
5.020000e+02 1.238070e+02 2.616963e+00
5.030000e+02 1.272329e+02 2.716726e+00
5.040000e+02 1.306270e+02 2.822311e+00
5.050000e+02 1.315549e+02 2.854001e+00
5.060000e+02 1.333724e+02 2.912802e+00
5.070000e+02 1.373100e+02 3.049347e+00
5.080000e+02 1.475684e+02 3.468232e+00
5.090000e+02 1.508618e+02 3.568846e+00
5.100000e+02 1.504000e+02 3.526278e+00
5.110000e+02 1.505934e+02 3.527212e+00
5.120000e+02 1.529446e+02 3.619359e+00
5.130000e+02 1.557552e+02 3.727967e+00
5.140000e+02 1.593457e+02 3.874248e+00
5.150000e+02 1.703808e+02 4.419548e+00
5.160000e+02 1.674654e+02 4.224931e+00
5.170000e+02 1.724241e+02 4.461553e+00
5.180000e+02 1.766243e+02 4.660781e+00
5.190000e+02 1.810630e+02 4.882524e+00
5.200000e+02 1.909777e+02 5.514527e+00
5.210000e+02 1.908827e+02 5.427329e+00
5.220000e+02 2.029731e+02 6.329337e+00
5.230000e+02 2.019907e+02 6.155955e+00
5.240000e+02 2.060430e+02 6.420991e+00
5.250000e+02 2.109284e+02 6.786774e+00
5.260000e+02 2.161598e+02 7.222871e+00
5.270000e+02 2.217323e+02 7.748111e+00
5.280000e+02 2.266889e+02 8.259070e+00
5.290000e+02 2.315305e+02 8.822225e+00
5.300000e+02 2.364165e+02 9.477804e+00
5.310000e+02 2.412156e+02 1.023346e+01
5.320000e+02 2.455084e+02 1.101922e+01
5.330000e+02 2.496823e+02 1.195293e+01
5.340000e+02 2.535730e+02 1.304570e+01
5.350000e+02 2.569120e+02 1.422545e+01
5.360000e+02 2.600480e+02 1.575007e+01
5.370000e+02 2.623701e+02 1.721842e+01
5.380000e+02 2.643852e+02 1.908061e+01
5.390000e+02 2.659585e+02 2.129368e+01
5.400000e+02 2.671079e+02 2.387260e+01
5.410000e+02 2.679134e+02 2.695045e+01
5.420000e+02 2.684543e+02 3.069818e+01
5.430000e+02 2.688077e+02 3.531674e+01
5.440000e+02 2.690441e+02 4.111278e+01
5.450000e+02 2.692162e+02 4.874505e+01
5.460000e+02 2.693557e+02 5.852213e+01
5.470000e+02 2.694756e+02 7.241430e+01
5.480000e+02 2.695725e+02 8.932877e+01
5.490000e+02 2.696517e+02 1.081494e+02
5.500000e+02 2.697256e+02 1.370895e+02
5.510000e+02 2.697927e+02 1.841090e+02
5.520000e+02 2.698504e+02 2.545712e+02
5.530000e+02 2.698976e+02 3.760266e+02
5.540000e+02 2.699346e+02 6.015187e+02
5.550000e+02 2.699611e+02 1.061189e+03
5.560000e+02 2.699771e+02 2.026759e+03
5.570000e+02 2.699827e+02 3.340852e+03
5.580000e+02 2.699781e+02 2.078009e+03
5.590000e+02 2.699633e+02 1.106417e+03
5.600000e+02 2.699384e+02 6.302026e+02
5.610000e+02 2.699036e+02 3.944835e+02
5.620000e+02 2.698590e+02 2.669540e+02
5.630000e+02 2.698047e+02 1.916974e+02
5.640000e+02 2.697409e+02 1.440369e+02
5.650000e+02 2.696678e+02 1.121258e+02
5.660000e+02 2.695855e+02 8.993156e+01
5.670000e+02 2.694938e+02 7.385080e+01
5.680000e+02 2.693918e+02 6.135039e+01
5.690000e+02 2.692768e+02 5.198871e+01
5.700000e+02 2.691423e+02 4.500563e+01
5.710000e+02 2.689915e+02 4.439939e+01
5.720000e+02 2.687375e+02 3.407133e+01
5.730000e+02 2.684062e+02 3.027845e+01
5.740000e+02 2.679153e+02 2.693391e+01
5.750000e+02 2.672256e+02 2.419585e+01
5.760000e+02 2.663010e+02 2.192042e+01
5.770000e+02 2.650970e+02 1.995962e+01
5.780000e+02 2.635706e+02 1.823733e+01
5.790000e+02 2.616761e+02 1.669887e+01
5.800000e+02 2.594975e+02 1.539574e+01
5.810000e+02 2.570242e+02 1.425535e+01
5.820000e+02 2.548840e+02 1.353625e+01
5.830000e+02 2.513501e+02 1.238002e+01
5.840000e+02 2.480548e+02 1.155269e+01
5.850000e+02 2.445706e+02 1.081469e+01
5.860000e+02 2.410046e+02 1.016910e+01
5.870000e+02 2.373407e+02 9.589534e+00
5.880000e+02 2.335683e+02 9.060135e+00
5.890000e+02 2.298598e+02 8.597488e+00
5.900000e+02 2.260534e+02 8.164485e+00
5.910000e+02 2.252399e+02 8.147001e+00
5.920000e+02 2.185219e+02 7.413594e+00
5.930000e+02 2.149465e+02 7.099540e+00
5.940000e+02 2.111671e+02 6.782014e+00
5.950000e+02 2.123725e+02 6.986661e+00
5.960000e+02 2.044521e+02 6.274731e+00
5.970000e+02 2.014836e+02 6.065399e+00
5.980000e+02 1.994581e+02 5.930091e+00
5.990000e+02 1.991319e+02 5.914600e+00
6.000000e+02 2.027613e+02 6.240275e+00
6.010000e+02 1.931745e+02 5.538965e+00
6.020000e+02 1.879592e+02 5.230977e+00
6.030000e+02 1.845194e+02 5.046939e+00
6.040000e+02 1.803515e+02 4.814835e+00
6.050000e+02 1.773499e+02 4.660347e+00
6.060000e+02 1.749331e+02 4.541278e+00
6.070000e+02 1.728251e+02 4.439705e+00
6.080000e+02 1.714587e+02 4.379829e+00
6.090000e+02 1.699868e+02 4.309634e+00
6.100000e+02 1.720244e+02 4.442995e+00
6.110000e+02 1.708837e+02 4.378792e+00
6.120000e+02 1.691753e+02 4.271085e+00
6.130000e+02 1.703013e+02 4.316787e+00
6.140000e+02 1.733826e+02 4.459492e+00
6.150000e+02 1.795419e+02 4.769485e+00
6.160000e+02 1.885406e+02 5.245259e+00
6.170000e+02 2.038176e+02 6.205501e+00
6.180000e+02 2.269098e+02 8.221373e+00
6.190000e+02 2.535837e+02 1.299882e+01
6.200000e+02 2.670465e+02 2.445530e+01
6.210000e+02 2.680939e+02 3.070143e+01
6.220000e+02 2.612383e+02 1.645649e+01
6.230000e+02 2.367802e+02 9.472818e+00
6.240000e+02 2.088570e+02 6.584317e+00
6.250000e+02 1.865412e+02 5.128423e+00
6.260000e+02 1.712383e+02 4.352410e+00
6.270000e+02 1.612535e+02 3.915529e+00
6.280000e+02 1.555848e+02 3.702969e+00
6.290000e+02 1.470169e+02 3.349422e+00
6.300000e+02 1.419935e+02 3.164929e+00
6.310000e+02 1.381664e+02 3.030303e+00
6.320000e+02 1.378283e+02 3.043870e+00
6.330000e+02 1.328512e+02 2.853135e+00
6.340000e+02 1.312646e+02 2.806241e+00
6.350000e+02 1.289360e+02 2.726924e+00
6.360000e+02 1.265316e+02 2.643902e+00
6.370000e+02 1.249753e+02 2.594350e+00
6.380000e+02 1.238835e+02 2.562325e+00
6.390000e+02 1.344593e+02 3.006235e+00
6.400000e+02 1.245085e+02 2.604079e+00
6.410000e+02 1.205284e+02 2.458503e+00
6.420000e+02 1.213844e+02 2.499237e+00
6.430000e+02 1.194682e+02 2.430990e+00
6.440000e+02 1.184635e+02 2.398170e+00
6.450000e+02 1.226314e+02 2.563416e+00
6.460000e+02 1.187122e+02 2.409030e+00
6.470000e+02 1.167910e+02 2.347779e+00
6.480000e+02 1.229132e+02 2.589973e+00
6.490000e+02 1.151069e+02 2.294671e+00
6.500000e+02 1.149743e+02 2.291973e+00
6.510000e+02 1.172732e+02 2.379320e+00
6.520000e+02 1.176343e+02 2.390683e+00
6.530000e+02 1.188123e+02 2.431990e+00
6.540000e+02 1.231930e+02 2.600902e+00
6.550000e+02 1.939898e+02 6.836817e+00
6.560000e+02 2.004652e+02 7.556121e+00
6.570000e+02 1.296628e+02 2.781516e+00
6.580000e+02 1.521312e+02 3.730226e+00
6.590000e+02 1.269720e+02 2.659603e+00
6.600000e+02 1.189121e+02 2.401129e+00
6.610000e+02 1.157162e+02 2.310860e+00
6.620000e+02 1.135109e+02 2.244292e+00
6.630000e+02 1.120347e+02 2.198372e+00
6.640000e+02 1.114352e+02 2.181088e+00
6.650000e+02 1.119001e+02 2.200222e+00
6.660000e+02 1.140385e+02 2.280461e+00
6.670000e+02 1.122889e+02 2.216158e+00
6.680000e+02 1.111458e+02 2.174896e+00
6.690000e+02 1.110918e+02 2.172722e+00
6.700000e+02 1.200994e+02 2.508434e+00
6.710000e+02 1.119828e+02 2.202672e+00
6.720000e+02 1.152094e+02 2.319214e+00
6.730000e+02 1.128989e+02 2.230994e+00
6.740000e+02 1.170816e+02 2.382287e+00
6.750000e+02 1.118855e+02 2.191038e+00
6.760000e+02 1.160454e+02 2.337774e+00
6.770000e+02 1.138404e+02 2.253371e+00
6.780000e+02 1.162728e+02 2.339424e+00
6.790000e+02 1.141717e+02 2.258695e+00
6.800000e+02 1.137883e+02 2.243296e+00
6.810000e+02 1.141299e+02 2.252371e+00
6.820000e+02 1.147242e+02 2.269834e+00
6.830000e+02 1.155534e+02 2.295319e+00
6.840000e+02 1.168747e+02 2.339688e+00
6.850000e+02 1.166890e+02 2.326942e+00
6.860000e+02 1.174058e+02 2.347598e+00
6.870000e+02 1.182044e+02 2.370929e+00
6.880000e+02 1.191276e+02 2.398418e+00
6.890000e+02 1.202102e+02 2.431154e+00
6.900000e+02 1.216292e+02 2.475091e+00
6.910000e+02 1.241975e+02 2.559817e+00
6.920000e+02 1.292457e+02 2.744109e+00
6.930000e+02 1.279834e+02 2.693367e+00
6.940000e+02 1.275775e+02 2.673406e+00
6.950000e+02 1.290262e+02 2.724233e+00
6.960000e+02 1.308633e+02 2.787777e+00
6.970000e+02 1.297258e+02 2.730599e+00
6.980000e+02 1.310009e+02 2.770642e+00
6.990000e+02 1.394712e+02 3.106664e+00
7.000000e+02 1.347249e+02 2.897877e+00
7.010000e+02 1.438230e+02 3.287065e+00
7.020000e+02 1.389028e+02 3.043601e+00
7.030000e+02 1.446044e+02 3.277347e+00
7.040000e+02 1.425144e+02 3.167327e+00
7.050000e+02 1.443574e+02 3.232376e+00
7.060000e+02 1.467453e+02 3.320883e+00
7.070000e+02 1.492893e+02 3.416984e+00
7.080000e+02 1.528489e+02 3.563026e+00
7.090000e+02 1.554145e+02 3.660599e+00
7.100000e+02 1.592203e+02 3.821277e+00
7.110000e+02 1.637895e+02 4.022702e+00
7.120000e+02 1.698459e+02 4.308694e+00
7.130000e+02 1.799803e+02 4.843542e+00
7.140000e+02 2.025355e+02 6.363494e+00
7.150000e+02 2.520835e+02 1.627805e+01
7.160000e+02 2.425451e+02 1.199459e+01
7.170000e+02 2.042483e+02 6.424171e+00
7.180000e+02 1.949441e+02 5.701237e+00
7.190000e+02 1.929353e+02 5.525096e+00
7.200000e+02 1.963525e+02 5.751259e+00
7.210000e+02 1.976181e+02 5.786922e+00
7.220000e+02 2.014876e+02 6.038418e+00
7.230000e+02 2.075036e+02 6.498337e+00
7.240000e+02 2.106546e+02 6.712900e+00
7.250000e+02 2.151514e+02 7.074375e+00
7.260000e+02 2.201242e+02 7.522574e+00
7.270000e+02 2.254221e+02 8.061872e+00
7.280000e+02 2.310012e+02 8.720309e+00
7.290000e+02 2.353597e+02 9.265648e+00
7.300000e+02 2.417161e+02 1.031731e+01
7.310000e+02 2.457989e+02 1.107209e+01
7.320000e+02 2.495172e+02 1.185816e+01
7.330000e+02 2.535030e+02 1.295306e+01
7.340000e+02 2.572680e+02 1.432142e+01
7.350000e+02 2.610769e+02 1.640931e+01
7.360000e+02 2.630711e+02 1.772492e+01
7.370000e+02 2.651624e+02 1.998188e+01
7.380000e+02 2.667047e+02 2.273833e+01
7.390000e+02 2.677615e+02 2.615329e+01
7.400000e+02 2.684387e+02 3.054618e+01
7.410000e+02 2.688455e+02 3.596462e+01
7.420000e+02 2.691040e+02 4.315340e+01
7.430000e+02 2.692884e+02 5.293143e+01
7.440000e+02 2.694380e+02 6.668379e+01
7.450000e+02 2.695646e+02 8.681538e+01
7.460000e+02 2.696682e+02 1.137092e+02
7.470000e+02 2.697563e+02 1.551815e+02
7.480000e+02 2.698315e+02 2.261755e+02
7.490000e+02 2.698914e+02 3.579618e+02
7.500000e+02 2.699352e+02 6.257964e+02
7.510000e+02 2.699627e+02 1.202733e+03
7.520000e+02 2.699737e+02 2.171822e+03
7.530000e+02 2.699682e+02 1.433248e+03
7.540000e+02 2.699466e+02 7.547848e+02
7.550000e+02 2.699088e+02 4.217642e+02
7.560000e+02 2.698552e+02 2.603208e+02
7.570000e+02 2.697861e+02 1.747046e+02
7.580000e+02 2.697018e+02 1.245978e+02
7.590000e+02 2.696027e+02 9.328213e+01
7.600000e+02 2.694887e+02 7.250838e+01
7.610000e+02 2.693584e+02 5.804346e+01
7.620000e+02 2.692051e+02 4.760885e+01
7.630000e+02 2.690091e+02 3.984440e+01
7.640000e+02 2.687280e+02 3.393738e+01
7.650000e+02 2.683006e+02 2.941710e+01
7.660000e+02 2.676564e+02 2.584518e+01
7.670000e+02 2.667282e+02 2.293595e+01
7.680000e+02 2.655412e+02 2.070888e+01
7.690000e+02 2.642182e+02 1.907681e+01
7.700000e+02 2.631171e+02 1.815616e+01
7.710000e+02 2.629800e+02 1.840803e+01
7.720000e+02 2.649284e+02 2.199648e+01
7.730000e+02 2.675182e+02 4.344171e+01
7.740000e+02 2.681821e+02 1.543619e+02
7.750000e+02 2.662409e+02 2.969436e+01
7.760000e+02 2.590632e+02 1.646208e+01
7.770000e+02 2.498136e+02 1.239822e+01
7.780000e+02 2.418881e+02 1.051930e+01
7.790000e+02 2.349197e+02 9.336528e+00
7.800000e+02 2.292068e+02 8.577981e+00
7.810000e+02 2.232196e+02 7.876905e+00
7.820000e+02 2.187340e+02 7.445334e+00
7.830000e+02 2.138265e+02 6.995882e+00
7.840000e+02 2.091671e+02 6.608262e+00
7.850000e+02 2.058056e+02 6.372251e+00
7.860000e+02 2.004734e+02 5.964986e+00
7.870000e+02 1.962443e+02 5.679779e+00
7.880000e+02 1.924549e+02 5.442894e+00
7.890000e+02 1.889297e+02 5.234472e+00
7.900000e+02 1.856029e+02 5.046271e+00
7.910000e+02 1.832734e+02 4.928888e+00
7.920000e+02 1.798045e+02 4.741298e+00
7.930000e+02 1.798912e+02 4.789675e+00
7.940000e+02 1.736980e+02 4.433348e+00
7.950000e+02 1.707870e+02 4.292021e+00
7.960000e+02 1.683401e+02 4.178971e+00
7.970000e+02 1.659336e+02 4.069792e+00
7.980000e+02 1.636887e+02 3.971650e+00
7.990000e+02 1.619535e+02 3.903552e+00
8.000000e+02 1.591421e+02 3.777243e+00
8.010000e+02 1.571605e+02 3.695479e+00
8.020000e+02 1.556859e+02 3.638966e+00
8.030000e+02 1.547209e+02 3.606343e+00
8.040000e+02 1.523085e+02 3.504141e+00
8.050000e+02 1.504309e+02 3.430274e+00
8.060000e+02 1.491728e+02 3.384260e+00
8.070000e+02 1.489937e+02 3.390846e+00
8.080000e+02 1.482958e+02 3.374754e+00
8.090000e+02 1.445618e+02 3.210290e+00
8.100000e+02 1.436362e+02 3.178992e+00
8.110000e+02 1.469475e+02 3.341936e+00
8.120000e+02 1.413524e+02 3.097185e+00
8.130000e+02 1.445255e+02 3.253171e+00
8.140000e+02 1.850784e+02 5.563971e+00
8.150000e+02 1.377836e+02 2.967289e+00
8.160000e+02 1.367021e+02 2.928399e+00
8.170000e+02 1.358109e+02 2.897348e+00
8.180000e+02 1.352526e+02 2.880072e+00
8.190000e+02 1.347749e+02 2.865563e+00
8.200000e+02 1.353261e+02 2.894993e+00
8.210000e+02 1.334588e+02 2.819689e+00
8.220000e+02 1.331542e+02 2.810244e+00
8.230000e+02 1.329794e+02 2.805409e+00
8.240000e+02 1.334172e+02 2.823703e+00
8.250000e+02 1.349435e+02 2.885925e+00
8.260000e+02 1.427199e+02 3.225284e+00
8.270000e+02 1.395812e+02 3.059626e+00
8.280000e+02 1.517495e+02 3.594889e+00
8.290000e+02 1.406352e+02 3.103454e+00
8.300000e+02 1.453078e+02 3.298586e+00
8.310000e+02 1.911792e+02 6.095829e+00
8.320000e+02 1.804105e+02 5.064229e+00
8.330000e+02 2.285009e+02 9.591471e+00
8.340000e+02 2.622337e+02 5.528312e+01
8.350000e+02 2.447716e+02 1.317184e+01
8.360000e+02 1.886075e+02 5.563032e+00
8.370000e+02 1.655584e+02 4.281203e+00
8.380000e+02 1.514626e+02 3.612501e+00
8.390000e+02 1.408153e+02 3.140370e+00
8.400000e+02 1.429978e+02 3.268006e+00
8.410000e+02 1.640389e+02 4.385061e+00
8.420000e+02 1.564004e+02 3.972163e+00
8.430000e+02 2.078734e+02 8.695776e+00
8.440000e+02 1.307127e+02 2.765508e+00
8.450000e+02 1.266684e+02 2.603669e+00
8.460000e+02 1.256277e+02 2.563808e+00
8.470000e+02 1.253261e+02 2.550255e+00
8.480000e+02 1.263578e+02 2.583880e+00
8.490000e+02 1.416738e+02 3.225479e+00
8.500000e+02 1.266756e+02 2.598566e+00
8.510000e+02 1.242830e+02 2.512484e+00
8.520000e+02 1.239085e+02 2.500128e+00
8.530000e+02 1.251030e+02 2.544581e+00
8.540000e+02 1.244123e+02 2.516624e+00
8.550000e+02 1.238724e+02 2.497429e+00
8.560000e+02 1.241185e+02 2.504796e+00
8.570000e+02 1.261792e+02 2.578295e+00
8.580000e+02 1.750362e+02 5.082508e+00
8.590000e+02 1.305956e+02 2.711317e+00
8.600000e+02 1.342654e+02 2.832133e+00
8.610000e+02 1.318559e+02 2.755991e+00
8.620000e+02 1.281187e+02 2.635308e+00
8.630000e+02 1.440327e+02 3.351333e+00
8.640000e+02 1.245199e+02 2.514002e+00
8.650000e+02 1.238274e+02 2.490681e+00
8.660000e+02 1.270242e+02 2.619222e+00
8.670000e+02 1.234607e+02 2.478095e+00
8.680000e+02 1.234155e+02 2.475721e+00
8.690000e+02 1.262035e+02 2.583387e+00
8.700000e+02 1.237671e+02 2.486604e+00
8.710000e+02 1.237905e+02 2.485834e+00
8.720000e+02 1.239949e+02 2.491717e+00
8.730000e+02 1.242451e+02 2.499119e+00
8.740000e+02 1.248157e+02 2.518653e+00
8.750000e+02 1.248984e+02 2.519241e+00
8.760000e+02 1.253045e+02 2.531938e+00
8.770000e+02 1.257990e+02 2.547397e+00
8.780000e+02 1.269103e+02 2.585939e+00
8.790000e+02 1.271377e+02 2.591540e+00
8.800000e+02 1.271133e+02 2.588446e+00
8.810000e+02 1.278497e+02 2.614322e+00
8.820000e+02 1.285302e+02 2.637676e+00
8.830000e+02 1.639824e+02 4.363176e+00
8.840000e+02 1.298542e+02 2.681178e+00
8.850000e+02 1.301674e+02 2.687632e+00
8.860000e+02 1.315464e+02 2.737684e+00
8.870000e+02 1.338668e+02 2.827725e+00
8.880000e+02 1.416774e+02 3.166343e+00
8.890000e+02 1.344874e+02 2.831948e+00
8.900000e+02 1.358092e+02 2.871773e+00
8.910000e+02 1.384301e+02 2.961417e+00
8.920000e+02 1.431141e+02 3.128628e+00
8.930000e+02 1.516539e+02 3.460931e+00
8.940000e+02 1.561364e+02 3.653175e+00
8.950000e+02 1.586591e+02 3.828949e+00
8.960000e+02 1.678507e+02 4.368756e+00
8.970000e+02 1.467477e+02 3.260717e+00
8.980000e+02 1.477225e+02 3.291652e+00
8.990000e+02 1.506304e+02 3.400601e+00
9.000000e+02 1.521272e+02 3.457251e+00
9.010000e+02 1.544087e+02 3.554409e+00
9.020000e+02 1.572602e+02 3.660941e+00
9.030000e+02 1.617817e+02 3.850256e+00
9.040000e+02 1.665788e+02 4.056727e+00
9.050000e+02 1.755584e+02 4.471783e+00
9.060000e+02 1.885370e+02 5.165998e+00
9.070000e+02 1.889473e+02 5.181617e+00
9.080000e+02 1.934579e+02 5.509255e+00
9.090000e+02 1.986238e+02 5.790345e+00
9.100000e+02 2.100332e+02 6.591067e+00
9.110000e+02 2.247939e+02 7.910268e+00
9.120000e+02 2.431299e+02 1.045796e+01
9.130000e+02 2.585392e+02 1.479836e+01
9.140000e+02 2.672350e+02 2.428270e+01
9.150000e+02 2.690816e+02 4.603608e+01
9.160000e+02 2.693950e+02 8.173036e+01
9.170000e+02 2.692299e+02 5.655923e+01
9.180000e+02 2.682333e+02 2.930040e+01
9.190000e+02 2.627448e+02 1.745051e+01
9.200000e+02 2.497330e+02 1.184371e+01
9.210000e+02 2.332656e+02 8.906050e+00
9.220000e+02 2.185831e+02 7.315035e+00
9.230000e+02 2.057914e+02 6.258407e+00
9.240000e+02 1.961323e+02 5.606160e+00
9.250000e+02 1.911282e+02 5.345236e+00
9.260000e+02 1.841520e+02 4.924143e+00
9.270000e+02 1.795920e+02 4.676724e+00
9.280000e+02 1.768607e+02 4.541067e+00
9.290000e+02 1.742387e+02 4.407554e+00
9.300000e+02 1.723664e+02 4.315874e+00
9.310000e+02 1.713222e+02 4.267149e+00
9.320000e+02 1.710928e+02 4.261373e+00
9.330000e+02 1.820607e+02 4.981242e+00
9.340000e+02 1.711300e+02 4.266484e+00
9.350000e+02 1.708063e+02 4.243279e+00
9.360000e+02 1.716342e+02 4.285532e+00
9.370000e+02 1.722763e+02 4.315325e+00
9.380000e+02 1.728020e+02 4.334348e+00
9.390000e+02 1.737800e+02 4.380437e+00
9.400000e+02 1.749845e+02 4.439696e+00
9.410000e+02 1.761862e+02 4.497129e+00
9.420000e+02 1.776224e+02 4.567906e+00
9.430000e+02 1.793798e+02 4.657912e+00
9.440000e+02 1.812012e+02 4.750721e+00
9.450000e+02 1.843341e+02 4.934707e+00
9.460000e+02 1.848487e+02 4.944055e+00
9.470000e+02 1.867992e+02 5.051538e+00
9.480000e+02 1.892252e+02 5.193152e+00
9.490000e+02 1.963399e+02 5.714795e+00
9.500000e+02 1.941931e+02 5.490391e+00
9.510000e+02 1.979747e+02 5.751884e+00
9.520000e+02 1.994133e+02 5.817079e+00
9.530000e+02 2.025408e+02 6.028992e+00
9.540000e+02 2.059938e+02 6.278249e+00
9.550000e+02 2.093820e+02 6.535186e+00
9.560000e+02 2.143589e+02 6.978443e+00
9.570000e+02 2.164838e+02 7.120522e+00
9.580000e+02 2.209202e+02 7.544807e+00
9.590000e+02 2.250814e+02 7.963460e+00
9.600000e+02 2.290190e+02 8.379614e+00
9.610000e+02 2.337399e+02 8.961438e+00
9.620000e+02 2.389155e+02 9.705737e+00
9.630000e+02 2.443820e+02 1.064950e+01
9.640000e+02 2.501308e+02 1.191243e+01
9.650000e+02 2.560088e+02 1.371025e+01
9.660000e+02 2.615913e+02 1.647842e+01
9.670000e+02 2.660662e+02 2.126323e+01
9.680000e+02 2.684943e+02 3.087589e+01
9.690000e+02 2.692672e+02 5.442617e+01
9.700000e+02 2.695402e+02 9.893084e+01
9.710000e+02 2.694698e+02 7.877567e+01
9.720000e+02 2.691378e+02 4.509308e+01
9.730000e+02 2.686890e+02 3.520408e+01
9.740000e+02 2.681870e+02 2.833906e+01
9.750000e+02 2.681048e+02 2.783950e+01
9.760000e+02 2.683202e+02 2.937329e+01
9.770000e+02 2.686300e+02 3.249931e+01
9.780000e+02 2.689086e+02 3.725578e+01
9.790000e+02 2.691269e+02 4.410947e+01
9.800000e+02 2.693014e+02 5.444724e+01
9.810000e+02 2.694508e+02 6.811400e+01
9.820000e+02 2.695829e+02 8.983567e+01
9.830000e+02 2.696979e+02 1.255609e+02
9.840000e+02 2.697938e+02 1.847663e+02
9.850000e+02 2.698693e+02 2.970303e+02
9.860000e+02 2.699237e+02 5.330283e+02
9.870000e+02 2.699560e+02 1.041565e+03
9.880000e+02 2.699657e+02 1.647731e+03
9.890000e+02 2.699527e+02 9.453761e+02
9.900000e+02 2.699175e+02 4.881903e+02
9.910000e+02 2.698608e+02 2.779732e+02
9.920000e+02 2.697842e+02 1.761119e+02
9.930000e+02 2.696899e+02 1.215911e+02
9.940000e+02 2.695829e+02 9.068647e+01
9.950000e+02 2.694630e+02 7.086402e+01
9.960000e+02 2.693164e+02 5.543046e+01
9.970000e+02 2.691345e+02 4.456001e+01
9.980000e+02 2.688937e+02 3.701957e+01
9.990000e+02 2.685437e+02 3.163272e+01
1.000000e+03 2.680085e+02 2.738726e+01
0.500000 0 0
1.000000e+01 3.575900e+00 1.575019e-02
1.100000e+01 3.608039e+00 1.633297e-02
1.200000e+01 3.632476e+00 1.675153e-02
1.300000e+01 3.667202e+00 1.736732e-02
1.400000e+01 3.707278e+00 1.807730e-02
1.500000e+01 3.755706e+00 1.893895e-02
1.600000e+01 3.809754e+00 1.988809e-02
1.700000e+01 3.875996e+00 2.104498e-02
1.800000e+01 3.964571e+00 2.258687e-02
1.900000e+01 4.094876e+00 2.483763e-02
2.000000e+01 4.322643e+00 2.874392e-02
2.100000e+01 4.803846e+00 3.699331e-02
2.200000e+01 5.683168e+00 5.246276e-02
2.300000e+01 5.457902e+00 4.836553e-02
2.400000e+01 4.959751e+00 3.985376e-02
2.500000e+01 4.775235e+00 3.679182e-02
2.600000e+01 4.753136e+00 3.652504e-02
2.700000e+01 4.803184e+00 3.748941e-02
2.800000e+01 4.895510e+00 3.918924e-02
2.900000e+01 5.043394e+00 4.192765e-02
3.000000e+01 5.216330e+00 4.512137e-02
3.100000e+01 5.332903e+00 4.710746e-02
3.200000e+01 5.525950e+00 5.058815e-02
3.300000e+01 5.747220e+00 5.458401e-02
3.400000e+01 5.999123e+00 5.913875e-02
3.500000e+01 6.286674e+00 6.434766e-02
3.600000e+01 6.681315e+00 7.163075e-02
3.700000e+01 6.990092e+00 7.712710e-02
3.800000e+01 7.438966e+00 8.535524e-02
3.900000e+01 7.922498e+00 9.414749e-02
4.000000e+01 8.505469e+00 1.048349e-01
4.100000e+01 9.192064e+00 1.174699e-01
4.200000e+01 1.000779e+01 1.325449e-01
4.300000e+01 1.099652e+01 1.509321e-01
4.400000e+01 1.217607e+01 1.729325e-01
4.500000e+01 1.363408e+01 2.003141e-01
4.600000e+01 1.545076e+01 2.346715e-01
4.700000e+01 1.777799e+01 2.791170e-01
4.800000e+01 2.082475e+01 3.379883e-01
4.900000e+01 2.495236e+01 4.189721e-01
5.000000e+01 3.088499e+01 5.379453e-01
5.100000e+01 4.033153e+01 7.335163e-01
5.200000e+01 5.913276e+01 1.150527e+00
5.300000e+01 1.008051e+02 2.241161e+00
5.400000e+01 1.780295e+02 5.406162e+00
5.500000e+01 2.456416e+02 1.373508e+01
5.600000e+01 2.635938e+02 3.590502e+01
5.700000e+01 2.661543e+02 7.854603e+01
5.800000e+01 2.671338e+02 7.802613e+01
5.900000e+01 2.674550e+02 1.014283e+02
6.000000e+01 2.676930e+02 1.024899e+02
6.100000e+01 2.677095e+02 1.063923e+02
6.200000e+01 2.675068e+02 9.039628e+01
6.300000e+01 2.663913e+02 1.085644e+02
6.400000e+01 2.614652e+02 2.617655e+01
6.500000e+01 2.282640e+02 9.862189e+00
6.600000e+01 1.505407e+02 3.978455e+00
6.700000e+01 8.901917e+01 1.894001e+00
6.800000e+01 5.848235e+01 1.131927e+00
6.900000e+01 4.370503e+01 8.036471e-01
7.000000e+01 3.519482e+01 6.240230e-01
7.100000e+01 2.948321e+01 5.070032e-01
7.200000e+01 2.534500e+01 4.239278e-01
7.300000e+01 2.221857e+01 3.620910e-01
7.400000e+01 1.979318e+01 3.146614e-01
7.500000e+01 1.788301e+01 2.776689e-01
7.600000e+01 1.634033e+01 2.480004e-01
7.700000e+01 1.505177e+01 2.232941e-01
7.800000e+01 1.397346e+01 2.026597e-01
7.900000e+01 1.315397e+01 1.870882e-01
8.000000e+01 1.235989e+01 1.719288e-01
8.100000e+01 1.172696e+01 1.599461e-01
8.200000e+01 1.114134e+01 1.488970e-01
8.300000e+01 1.065056e+01 1.396526e-01
8.400000e+01 1.023524e+01 1.318240e-01
8.500000e+01 9.879715e+00 1.251150e-01
8.600000e+01 9.574373e+00 1.193429e-01
8.700000e+01 9.314249e+00 1.144120e-01
8.800000e+01 9.093117e+00 1.102069e-01
8.900000e+01 8.893336e+00 1.064060e-01
9.000000e+01 8.730949e+00 1.032990e-01
9.100000e+01 8.591854e+00 1.006224e-01
9.200000e+01 8.477616e+00 9.839368e-02
9.300000e+01 8.400069e+00 9.686345e-02
9.400000e+01 8.951407e+00 1.080128e-01
9.500000e+01 8.299494e+00 9.475643e-02
9.600000e+01 8.457277e+00 9.793052e-02
9.700000e+01 8.289012e+00 9.428642e-02
9.800000e+01 8.305474e+00 9.439966e-02
9.900000e+01 8.363225e+00 9.529730e-02
1.000000e+02 8.489352e+00 9.751657e-02
1.010000e+02 8.649575e+00 1.003939e-01
1.020000e+02 9.001203e+00 1.072047e-01
1.030000e+02 8.922750e+00 1.049099e-01
1.040000e+02 9.361745e+00 1.132146e-01
1.050000e+02 9.477959e+00 1.146989e-01
1.060000e+02 9.889328e+00 1.220839e-01
1.070000e+02 1.042612e+01 1.318231e-01
1.080000e+02 1.113914e+01 1.448981e-01
1.090000e+02 1.208225e+01 1.623676e-01
1.100000e+02 1.339397e+01 1.869908e-01
1.110000e+02 1.583704e+01 2.350011e-01
1.120000e+02 1.765222e+01 2.678650e-01
1.130000e+02 2.154375e+01 3.436335e-01
1.140000e+02 2.793335e+01 4.714004e-01
1.150000e+02 4.001833e+01 7.254697e-01
1.160000e+02 6.222289e+01 1.230240e+00
1.170000e+02 1.149629e+02 2.726578e+00
1.180000e+02 2.228810e+02 9.923328e+00
1.190000e+02 2.537218e+02 2.829722e+01
1.200000e+02 1.621064e+02 4.677869e+00
1.210000e+02 8.096938e+01 1.706060e+00
1.220000e+02 4.697955e+01 8.749221e-01
1.230000e+02 3.143561e+01 5.409764e-01
1.240000e+02 2.544096e+01 4.236896e-01
1.250000e+02 1.875878e+01 2.868094e-01
1.260000e+02 1.566053e+01 2.265515e-01
1.270000e+02 1.348534e+01 1.846141e-01
1.280000e+02 1.217257e+01 1.599791e-01
1.290000e+02 1.105289e+01 1.386895e-01
1.300000e+02 1.028892e+01 1.243452e-01
1.310000e+02 9.815276e+00 1.156006e-01
1.320000e+02 9.291470e+00 1.056931e-01
1.330000e+02 8.961502e+00 9.951107e-02
1.340000e+02 8.696588e+00 9.449571e-02
1.350000e+02 8.470101e+00 9.019435e-02
1.360000e+02 8.319726e+00 8.730568e-02
1.370000e+02 8.409379e+00 8.913532e-02
1.380000e+02 8.111836e+00 8.310159e-02
1.390000e+02 8.040052e+00 8.160415e-02
1.400000e+02 8.013972e+00 8.098790e-02
1.410000e+02 7.957067e+00 7.980168e-02
1.420000e+02 9.249323e+00 1.056960e-01
1.430000e+02 8.013897e+00 8.039566e-02
1.440000e+02 7.974337e+00 7.930808e-02
1.450000e+02 9.167629e+00 1.028368e-01
1.460000e+02 7.876896e+00 7.712512e-02
1.470000e+02 7.857745e+00 7.650134e-02
1.480000e+02 7.902492e+00 7.708323e-02
1.490000e+02 8.083466e+00 8.032117e-02
1.500000e+02 8.075290e+00 7.966753e-02
1.510000e+02 8.271531e+00 8.318754e-02
1.520000e+02 8.119491e+00 7.977888e-02
1.530000e+02 8.126311e+00 7.963193e-02
1.540000e+02 9.919399e+00 1.143400e-01
1.550000e+02 8.232864e+00 8.091616e-02
1.560000e+02 8.351916e+00 8.277786e-02
1.570000e+02 8.380787e+00 8.284310e-02
1.580000e+02 8.471965e+00 8.409998e-02
1.590000e+02 8.583643e+00 8.571586e-02
1.600000e+02 8.710505e+00 8.758485e-02
1.610000e+02 8.848220e+00 8.962287e-02
1.620000e+02 9.004997e+00 9.198641e-02
1.630000e+02 9.194094e+00 9.491981e-02
1.640000e+02 9.444283e+00 9.899624e-02
1.650000e+02 1.227005e+01 1.544726e-01
1.660000e+02 1.116827e+01 1.319742e-01
1.670000e+02 1.026963e+01 1.120843e-01
1.680000e+02 1.059106e+01 1.170682e-01
1.690000e+02 1.107956e+01 1.251090e-01
1.700000e+02 1.151634e+01 1.319511e-01
1.710000e+02 1.212915e+01 1.419689e-01
1.720000e+02 1.292597e+01 1.552172e-01
1.730000e+02 1.397897e+01 1.730586e-01
1.740000e+02 1.535119e+01 1.965276e-01
1.750000e+02 1.740171e+01 2.328617e-01
1.760000e+02 2.016229e+01 2.825338e-01
1.770000e+02 2.335955e+01 3.378455e-01
1.780000e+02 2.886144e+01 4.384735e-01
1.790000e+02 3.788583e+01 6.098316e-01
1.800000e+02 5.383347e+01 9.321343e-01
1.810000e+02 8.218016e+01 1.571324e+00
1.820000e+02 1.321382e+02 3.002216e+00
1.830000e+02 1.874177e+02 5.521458e+00
1.840000e+02 1.678004e+02 4.440915e+00
1.850000e+02 1.100555e+02 2.311468e+00
1.860000e+02 7.041962e+01 1.292995e+00
1.870000e+02 4.853769e+01 8.200061e-01
1.880000e+02 3.620308e+01 5.748628e-01
1.890000e+02 2.880637e+01 4.344676e-01
1.900000e+02 2.409375e+01 3.475064e-01
1.910000e+02 2.095250e+01 2.906613e-01
1.920000e+02 1.878325e+01 2.519604e-01
1.930000e+02 1.735409e+01 2.271245e-01
1.940000e+02 1.621468e+01 2.070061e-01
1.950000e+02 1.568552e+01 1.993227e-01
1.960000e+02 1.493871e+01 1.861216e-01
1.970000e+02 1.394411e+01 1.670819e-01
1.980000e+02 1.355445e+01 1.602552e-01
1.990000e+02 1.324493e+01 1.548802e-01
2.000000e+02 1.311096e+01 1.525809e-01
2.010000e+02 1.407690e+01 1.727805e-01
2.020000e+02 1.296462e+01 1.496354e-01
2.030000e+02 1.305849e+01 1.509805e-01
2.040000e+02 1.282974e+01 1.467805e-01
2.050000e+02 1.238997e+01 1.390014e-01
2.060000e+02 1.244860e+01 1.407922e-01
2.070000e+02 1.206989e+01 1.333133e-01
2.080000e+02 1.212966e+01 1.346483e-01
2.090000e+02 1.238662e+01 1.399542e-01
2.100000e+02 1.197871e+01 1.314207e-01
2.110000e+02 1.230370e+01 1.379379e-01
2.120000e+02 1.186046e+01 1.287134e-01
2.130000e+02 1.185703e+01 1.284172e-01
2.140000e+02 1.190944e+01 1.292204e-01
2.150000e+02 1.693899e+01 2.309772e-01
2.160000e+02 1.202697e+01 1.308907e-01
2.170000e+02 1.193310e+01 1.287732e-01
2.180000e+02 1.199082e+01 1.295797e-01
2.190000e+02 1.200580e+01 1.295149e-01
2.200000e+02 1.207115e+01 1.304217e-01
2.210000e+02 1.211200e+01 1.308300e-01
2.220000e+02 1.218578e+01 1.318401e-01
2.230000e+02 1.229663e+01 1.335056e-01
2.240000e+02 1.248077e+01 1.364567e-01
2.250000e+02 1.290432e+01 1.438165e-01
2.260000e+02 1.612374e+01 2.090070e-01
2.270000e+02 1.306219e+01 1.461501e-01
2.280000e+02 1.277275e+01 1.405407e-01
2.290000e+02 1.279037e+01 1.407139e-01
2.300000e+02 1.297857e+01 1.440942e-01
2.310000e+02 1.411885e+01 1.671407e-01
2.320000e+02 1.345025e+01 1.522837e-01
2.330000e+02 1.407272e+01 1.632435e-01
2.340000e+02 2.058444e+01 3.015063e-01
2.350000e+02 1.436080e+01 1.685023e-01
2.360000e+02 1.517796e+01 1.863596e-01
2.370000e+02 1.786491e+01 2.427124e-01
2.380000e+02 1.388327e+01 1.585227e-01
2.390000e+02 2.099739e+01 3.076319e-01
2.400000e+02 1.487495e+01 1.771226e-01
2.410000e+02 1.427329e+01 1.638638e-01
2.420000e+02 1.549222e+01 1.889678e-01
2.430000e+02 1.505083e+01 1.797386e-01
2.440000e+02 1.508216e+01 1.802241e-01
2.450000e+02 1.402503e+01 1.579617e-01
2.460000e+02 1.401580e+01 1.573071e-01
2.470000e+02 1.422193e+01 1.609804e-01
2.480000e+02 1.737007e+01 2.264153e-01
2.490000e+02 1.492754e+01 1.742714e-01
2.500000e+02 3.235730e+01 5.509240e-01
2.510000e+02 1.581277e+01 1.910545e-01
2.520000e+02 1.499622e+01 1.733056e-01
2.530000e+02 1.474800e+01 1.679042e-01
2.540000e+02 1.482749e+01 1.687940e-01
2.550000e+02 1.503328e+01 1.720743e-01
2.560000e+02 1.497130e+01 1.706318e-01
2.570000e+02 1.500752e+01 1.711516e-01
2.580000e+02 1.558609e+01 1.826910e-01
2.590000e+02 1.647800e+01 2.010430e-01
2.600000e+02 1.527584e+01 1.751357e-01
2.610000e+02 1.530534e+01 1.751559e-01
2.620000e+02 1.545629e+01 1.776081e-01
2.630000e+02 1.663854e+01 2.014896e-01
2.640000e+02 1.711198e+01 2.107882e-01
2.650000e+02 1.744343e+01 2.161456e-01
2.660000e+02 1.621061e+01 1.896869e-01
2.670000e+02 1.734263e+01 2.133022e-01
2.680000e+02 1.628497e+01 1.907042e-01
2.690000e+02 1.614683e+01 1.873510e-01
2.700000e+02 1.620419e+01 1.879756e-01
2.710000e+02 1.642676e+01 1.919218e-01
2.720000e+02 1.661220e+01 1.950743e-01
2.730000e+02 2.747437e+01 4.265805e-01
2.740000e+02 1.723812e+01 2.067381e-01
2.750000e+02 1.736074e+01 2.082815e-01
2.760000e+02 1.810736e+01 2.228569e-01
2.770000e+02 1.976414e+01 2.567601e-01
2.780000e+02 1.736014e+01 2.062425e-01
2.790000e+02 1.743791e+01 2.074664e-01
2.800000e+02 1.787304e+01 2.158899e-01
2.810000e+02 1.825345e+01 2.220142e-01
2.820000e+02 1.771320e+01 2.110621e-01
2.830000e+02 1.825579e+01 2.217556e-01
2.840000e+02 1.792247e+01 2.139760e-01
2.850000e+02 1.820627e+01 2.192022e-01
2.860000e+02 2.602401e+01 3.882121e-01
2.870000e+02 1.874635e+01 2.290540e-01
2.880000e+02 1.869542e+01 2.272055e-01
2.890000e+02 3.763774e+01 6.441713e-01
2.900000e+02 1.893666e+01 2.306336e-01
2.910000e+02 2.049917e+01 2.617384e-01
2.920000e+02 1.910170e+01 2.324237e-01
2.930000e+02 2.132028e+01 2.792862e-01
2.940000e+02 1.959284e+01 2.410707e-01
2.950000e+02 1.956278e+01 2.393773e-01
2.960000e+02 1.979092e+01 2.431256e-01
2.970000e+02 2.019339e+01 2.503029e-01
2.980000e+02 2.141637e+01 2.741794e-01
2.990000e+02 2.158299e+01 2.766273e-01
3.000000e+02 2.119533e+01 2.680267e-01
3.010000e+02 2.269340e+01 2.990646e-01
3.020000e+02 2.651145e+01 3.829612e-01
3.030000e+02 2.464787e+01 3.404922e-01
3.040000e+02 2.192946e+01 2.796304e-01
3.050000e+02 2.255043e+01 2.915098e-01
3.060000e+02 2.211076e+01 2.809345e-01
3.070000e+02 2.235460e+01 2.847639e-01
3.080000e+02 2.271266e+01 2.907541e-01
3.090000e+02 2.319528e+01 2.991230e-01
3.100000e+02 2.572307e+01 3.513597e-01
3.110000e+02 2.432961e+01 3.187284e-01
3.120000e+02 2.489029e+01 3.283105e-01
3.130000e+02 2.577877e+01 3.441321e-01
3.140000e+02 2.695500e+01 3.656447e-01
3.150000e+02 2.798852e+01 3.844422e-01
3.160000e+02 3.392987e+01 5.141066e-01
3.170000e+02 3.212535e+01 4.630427e-01
3.180000e+02 3.419279e+01 4.980492e-01
3.190000e+02 3.857136e+01 5.811530e-01
3.200000e+02 8.011640e+01 1.592458e+00
3.210000e+02 5.825808e+01 9.798576e-01
3.220000e+02 7.211963e+01 1.285688e+00
3.230000e+02 1.005404e+02 1.988828e+00
3.240000e+02 1.533339e+02 3.716081e+00
3.250000e+02 2.040196e+02 6.543186e+00
3.260000e+02 1.707925e+02 4.491372e+00
3.270000e+02 1.203602e+02 2.610801e+00
3.280000e+02 7.846682e+01 1.436517e+00
3.290000e+02 5.848665e+01 9.820197e-01
3.300000e+02 4.791885e+01 7.622212e-01
3.310000e+02 4.176315e+01 6.396837e-01
3.320000e+02 3.830725e+01 5.742027e-01
3.330000e+02 3.947317e+01 6.131786e-01
3.340000e+02 3.393355e+01 4.892097e-01
3.350000e+02 3.305841e+01 4.732765e-01
3.360000e+02 3.198804e+01 4.517480e-01
3.370000e+02 3.121899e+01 4.367441e-01
3.380000e+02 3.077523e+01 4.282107e-01
3.390000e+02 3.054027e+01 4.236405e-01
3.400000e+02 3.042089e+01 4.211479e-01
3.410000e+02 3.041736e+01 4.208534e-01
3.420000e+02 3.054366e+01 4.231601e-01
3.430000e+02 3.150301e+01 4.442663e-01
3.440000e+02 3.108927e+01 4.334365e-01
3.450000e+02 3.257843e+01 4.658589e-01
3.460000e+02 3.179538e+01 4.466416e-01
3.470000e+02 3.178248e+01 4.448707e-01
3.480000e+02 3.214895e+01 4.514185e-01
3.490000e+02 3.269394e+01 4.615668e-01
3.500000e+02 3.338476e+01 4.748670e-01
3.510000e+02 3.473466e+01 5.024862e-01
3.520000e+02 3.779138e+01 5.717739e-01
3.530000e+02 3.772879e+01 5.677715e-01
3.540000e+02 3.599816e+01 5.239126e-01
3.550000e+02 5.071049e+01 8.651946e-01
3.560000e+02 3.777622e+01 5.579099e-01
3.570000e+02 3.890399e+01 5.799388e-01
3.580000e+02 4.219977e+01 6.539699e-01
3.590000e+02 4.941704e+01 8.270299e-01
3.600000e+02 4.359731e+01 6.742993e-01
3.610000e+02 4.459784e+01 6.903985e-01
3.620000e+02 4.699972e+01 7.397282e-01
3.630000e+02 4.993095e+01 8.006482e-01
3.640000e+02 5.484422e+01 9.107714e-01
3.650000e+02 5.949649e+01 1.010634e+00
3.660000e+02 6.776027e+01 1.199472e+00
3.670000e+02 8.945296e+01 1.765164e+00
3.680000e+02 1.611710e+02 4.533918e+00
3.690000e+02 1.645174e+02 4.684404e+00
3.700000e+02 1.040119e+02 2.137270e+00
3.710000e+02 1.116689e+02 2.387495e+00
3.720000e+02 1.047606e+02 2.097805e+00
3.730000e+02 1.187511e+02 2.494740e+00
3.740000e+02 1.385448e+02 3.129980e+00
3.750000e+02 1.670060e+02 4.264957e+00
3.760000e+02 1.998209e+02 6.030924e+00
3.770000e+02 2.355453e+02 9.405411e+00
3.780000e+02 2.612131e+02 1.652842e+01
3.790000e+02 2.684799e+02 3.290880e+01
3.800000e+02 2.691466e+02 6.046693e+01
3.810000e+02 2.688743e+02 4.188927e+01
3.820000e+02 2.654374e+02 2.071874e+01
3.830000e+02 2.469122e+02 1.136422e+01
3.840000e+02 2.140860e+02 7.080126e+00
3.850000e+02 1.803010e+02 4.876281e+00
3.860000e+02 1.520881e+02 3.618995e+00
3.870000e+02 1.315528e+02 2.898816e+00
3.880000e+02 1.133125e+02 2.322137e+00
3.890000e+02 1.011796e+02 1.982377e+00
3.900000e+02 9.344564e+01 1.780735e+00
3.910000e+02 8.612762e+01 1.597648e+00
3.920000e+02 7.821736e+01 1.407026e+00
3.930000e+02 7.303104e+01 1.290665e+00
3.940000e+02 6.757689e+01 1.161015e+00
3.950000e+02 6.565490e+01 1.125067e+00
3.960000e+02 6.176836e+01 1.034307e+00
3.970000e+02 6.506187e+01 1.128365e+00
3.980000e+02 5.788703e+01 9.503522e-01
3.990000e+02 5.677764e+01 9.276496e-01
4.000000e+02 6.328024e+01 1.102604e+00
4.010000e+02 6.039008e+01 1.027267e+00
4.020000e+02 6.499754e+01 1.154245e+00
4.030000e+02 5.600111e+01 9.195102e-01
4.040000e+02 5.458904e+01 8.870714e-01
4.050000e+02 5.304034e+01 8.490802e-01
4.060000e+02 5.284600e+01 8.448426e-01
4.070000e+02 5.296629e+01 8.478481e-01
4.080000e+02 5.512408e+01 9.032562e-01
4.090000e+02 5.399025e+01 8.719618e-01
4.100000e+02 5.401637e+01 8.707650e-01
4.110000e+02 5.477728e+01 8.875374e-01
4.120000e+02 5.655526e+01 9.295656e-01
4.130000e+02 6.781086e+01 1.215011e+00
4.140000e+02 6.269605e+01 1.084647e+00
4.150000e+02 6.100384e+01 1.030891e+00
4.160000e+02 6.296111e+01 1.074148e+00
4.170000e+02 6.638867e+01 1.155049e+00
4.180000e+02 7.133159e+01 1.275146e+00
4.190000e+02 7.855492e+01 1.457221e+00
4.200000e+02 8.997755e+01 1.762336e+00
4.210000e+02 1.089932e+02 2.323561e+00
4.220000e+02 1.424880e+02 3.516729e+00
4.230000e+02 2.022490e+02 6.968119e+00
4.240000e+02 2.587737e+02 2.363277e+01
4.250000e+02 2.641410e+02 7.173392e+01
4.260000e+02 2.396743e+02 1.217272e+01
4.270000e+02 1.761322e+02 5.146184e+00
4.280000e+02 1.310137e+02 3.053837e+00
4.290000e+02 1.095023e+02 2.321955e+00
4.300000e+02 9.707177e+01 1.936889e+00
4.310000e+02 9.065686e+01 1.744968e+00
4.320000e+02 8.802196e+01 1.662605e+00
4.330000e+02 8.856976e+01 1.667432e+00
4.340000e+02 9.134556e+01 1.730268e+00
4.350000e+02 9.729397e+01 1.878436e+00
4.360000e+02 1.085432e+02 2.179847e+00
4.370000e+02 1.311177e+02 2.867368e+00
4.380000e+02 1.640800e+02 4.105768e+00
4.390000e+02 2.088717e+02 6.727681e+00
4.400000e+02 1.882257e+02 5.294907e+00
4.410000e+02 1.672689e+02 4.248065e+00
4.420000e+02 1.758915e+02 4.671765e+00
4.430000e+02 1.975907e+02 5.858695e+00
4.440000e+02 2.159267e+02 7.206124e+00
4.450000e+02 2.436349e+02 1.066477e+01
4.460000e+02 2.641651e+02 1.891556e+01
4.470000e+02 2.688624e+02 3.934845e+01
4.480000e+02 2.692493e+02 7.665577e+01
4.490000e+02 2.687793e+02 3.770707e+01
4.500000e+02 2.633571e+02 1.811439e+01
4.510000e+02 2.413464e+02 1.025406e+01
4.520000e+02 2.105900e+02 6.787907e+00
4.530000e+02 1.803907e+02 4.858086e+00
4.540000e+02 1.568289e+02 3.783620e+00
4.550000e+02 1.392515e+02 3.123897e+00
4.560000e+02 1.261283e+02 2.687110e+00
4.570000e+02 1.175284e+02 2.431415e+00
4.580000e+02 1.099275e+02 2.206438e+00
4.590000e+02 1.040529e+02 2.038428e+00
4.600000e+02 1.002507e+02 1.935788e+00
4.610000e+02 9.846387e+01 1.894280e+00
4.620000e+02 9.686766e+01 1.853193e+00
4.630000e+02 1.002490e+02 1.970591e+00
4.640000e+02 9.889665e+01 1.923344e+00
4.650000e+02 9.625862e+01 1.833950e+00
4.660000e+02 9.716781e+01 1.858482e+00
4.670000e+02 1.004962e+02 1.954251e+00
4.680000e+02 1.425717e+02 3.561676e+00
4.690000e+02 1.188883e+02 2.501741e+00
4.700000e+02 1.488931e+02 3.593130e+00
4.710000e+02 1.881596e+02 5.635689e+00
4.720000e+02 1.533460e+02 3.646464e+00
4.730000e+02 1.762294e+02 4.726195e+00
4.740000e+02 2.164726e+02 7.324028e+00
4.750000e+02 2.305549e+02 8.885509e+00
4.760000e+02 2.011112e+02 6.388937e+00
4.770000e+02 1.461750e+02 3.387514e+00
4.780000e+02 1.263538e+02 2.699093e+00
4.790000e+02 1.176442e+02 2.432899e+00
4.800000e+02 1.199240e+02 2.541690e+00
4.810000e+02 1.197816e+02 2.553278e+00
4.820000e+02 1.183284e+02 2.487979e+00
4.830000e+02 1.210469e+02 2.566283e+00
4.840000e+02 1.311838e+02 2.917335e+00
4.850000e+02 1.534101e+02 3.802534e+00
4.860000e+02 2.042690e+02 6.898448e+00
4.870000e+02 2.595177e+02 3.213184e+01
4.880000e+02 2.450714e+02 1.313837e+01
4.890000e+02 1.960797e+02 6.065885e+00
4.900000e+02 1.610003e+02 4.064168e+00
4.910000e+02 1.427720e+02 3.300354e+00
4.920000e+02 1.344217e+02 2.998185e+00
4.930000e+02 1.277988e+02 2.753858e+00
4.940000e+02 1.260241e+02 2.690579e+00
4.950000e+02 1.259199e+02 2.683950e+00
4.960000e+02 1.297417e+02 2.827042e+00
4.970000e+02 1.326482e+02 2.936587e+00
4.980000e+02 1.338909e+02 2.967854e+00
4.990000e+02 1.328760e+02 2.913236e+00
5.000000e+02 1.341189e+02 2.943488e+00
5.010000e+02 1.368164e+02 3.033792e+00
5.020000e+02 1.412685e+02 3.197615e+00
5.030000e+02 1.452473e+02 3.332755e+00
5.040000e+02 1.491017e+02 3.472242e+00
5.050000e+02 1.500983e+02 3.511418e+00
5.060000e+02 1.521083e+02 3.587484e+00
5.070000e+02 1.562607e+02 3.755150e+00
5.080000e+02 1.660211e+02 4.219798e+00
5.090000e+02 1.701173e+02 4.382457e+00
5.100000e+02 1.701115e+02 4.355505e+00
5.110000e+02 1.703579e+02 4.359001e+00
5.120000e+02 1.727421e+02 4.471409e+00
5.130000e+02 1.756929e+02 4.610548e+00
5.140000e+02 1.793618e+02 4.793476e+00
5.150000e+02 1.890312e+02 5.380069e+00
5.160000e+02 1.875295e+02 5.230860e+00
5.170000e+02 1.923201e+02 5.517081e+00
5.180000e+02 1.964923e+02 5.769954e+00
5.190000e+02 2.008344e+02 6.050344e+00
5.200000e+02 2.092822e+02 6.746964e+00
5.210000e+02 2.101168e+02 6.727528e+00
5.220000e+02 2.199022e+02 7.703597e+00
5.230000e+02 2.200954e+02 7.611801e+00
5.240000e+02 2.239148e+02 7.966373e+00
5.250000e+02 2.282545e+02 8.430494e+00
5.260000e+02 2.327391e+02 8.974837e+00
5.270000e+02 2.373347e+02 9.619557e+00
5.280000e+02 2.414012e+02 1.026281e+01
5.290000e+02 2.452648e+02 1.097295e+01
5.300000e+02 2.490101e+02 1.179244e+01
5.310000e+02 2.525396e+02 1.273148e+01
5.320000e+02 2.556133e+02 1.372339e+01
5.330000e+02 2.584473e+02 1.489004e+01
5.340000e+02 2.609498e+02 1.624716e+01
5.350000e+02 2.630038e+02 1.772866e+01
5.360000e+02 2.647857e+02 1.960024e+01
5.370000e+02 2.660663e+02 2.147059e+01
5.380000e+02 2.670874e+02 2.379768e+01
5.390000e+02 2.678330e+02 2.655587e+01
5.400000e+02 2.683514e+02 2.978190e+01
5.410000e+02 2.687055e+02 3.363286e+01
5.420000e+02 2.689495e+02 3.831805e+01
5.430000e+02 2.691259e+02 4.409010e+01
5.440000e+02 2.692642e+02 5.133229e+01
5.450000e+02 2.693817e+02 6.082567e+01
5.460000e+02 2.694868e+02 7.309173e+01
5.470000e+02 2.695809e+02 9.045175e+01
5.480000e+02 2.696581e+02 1.115782e+02
5.490000e+02 2.697213e+02 1.350934e+02
5.500000e+02 2.697805e+02 1.712840e+02
5.510000e+02 2.698342e+02 2.295861e+02
5.520000e+02 2.698803e+02 3.180720e+02
5.530000e+02 2.699181e+02 4.698947e+02
5.540000e+02 2.699476e+02 7.517094e+02
5.550000e+02 2.699688e+02 1.326114e+03
5.560000e+02 2.699817e+02 2.531985e+03
5.570000e+02 2.699862e+02 4.128617e+03
5.580000e+02 2.699825e+02 2.596279e+03
5.590000e+02 2.699706e+02 1.382681e+03
5.600000e+02 2.699507e+02 7.875518e+02
5.610000e+02 2.699229e+02 4.929823e+02
5.620000e+02 2.698872e+02 3.335954e+02
5.630000e+02 2.698438e+02 2.395370e+02
5.640000e+02 2.697928e+02 1.799687e+02
5.650000e+02 2.697343e+02 1.400806e+02
5.660000e+02 2.696684e+02 1.122971e+02
5.670000e+02 2.695954e+02 9.215502e+01
5.680000e+02 2.695149e+02 7.661386e+01
5.690000e+02 2.694267e+02 6.491789e+01
5.700000e+02 2.693294e+02 5.610453e+01
5.710000e+02 2.692216e+02 5.403702e+01
5.720000e+02 2.690894e+02 4.252396e+01
5.730000e+02 2.689265e+02 3.775669e+01
5.740000e+02 2.687068e+02 3.360141e+01
5.750000e+02 2.684041e+02 3.018160e+01
5.760000e+02 2.679885e+02 2.732741e+01
5.770000e+02 2.674244e+02 2.487111e+01
5.780000e+02 2.666733e+02 2.272138e+01
5.790000e+02 2.656927e+02 2.081137e+01
5.800000e+02 2.644936e+02 1.918343e+01
5.810000e+02 2.630572e+02 1.775745e+01
5.820000e+02 2.616681e+02 1.678593e+01
5.830000e+02 2.595021e+02 1.540550e+01
5.840000e+02 2.573223e+02 1.437816e+01
5.850000e+02 2.549269e+02 1.346100e+01
5.860000e+02 2.523773e+02 1.265433e+01
5.870000e+02 2.496714e+02 1.192947e+01
5.880000e+02 2.468086e+02 1.126860e+01
5.890000e+02 2.439008e+02 1.068668e+01
5.900000e+02 2.408584e+02 1.014523e+01
5.910000e+02 2.396900e+02 1.002901e+01
5.920000e+02 2.346382e+02 9.205648e+00
5.930000e+02 2.315803e+02 8.809528e+00
5.940000e+02 2.283498e+02 8.417502e+00
5.950000e+02 2.285682e+02 8.555172e+00
5.960000e+02 2.224201e+02 7.783151e+00
5.970000e+02 2.197679e+02 7.523771e+00
5.980000e+02 2.179264e+02 7.354569e+00
5.990000e+02 2.176167e+02 7.334628e+00
6.000000e+02 2.201954e+02 7.662389e+00
6.010000e+02 2.120700e+02 6.860035e+00
6.020000e+02 2.071099e+02 6.469991e+00
6.030000e+02 2.037120e+02 6.229965e+00
6.040000e+02 1.998771e+02 5.955067e+00
6.050000e+02 1.970013e+02 5.765307e+00
6.060000e+02 1.946299e+02 5.616281e+00
6.070000e+02 1.925499e+02 5.489246e+00
6.080000e+02 1.911102e+02 5.408244e+00
6.090000e+02 1.896577e+02 5.321537e+00
6.100000e+02 1.910786e+02 5.443714e+00
6.110000e+02 1.900955e+02 5.374946e+00
6.120000e+02 1.888185e+02 5.271505e+00
6.130000e+02 1.900172e+02 5.334064e+00
6.140000e+02 1.930773e+02 5.512776e+00
6.150000e+02 1.989930e+02 5.890644e+00
6.160000e+02 2.077077e+02 6.491932e+00
6.170000e+02 2.218167e+02 7.693433e+00
6.180000e+02 2.415399e+02 1.021470e+01
6.190000e+02 2.609358e+02 1.618444e+01
6.200000e+02 2.682556e+02 3.048823e+01
6.210000e+02 2.687005e+02 3.818592e+01
6.220000e+02 2.654253e+02 2.050209e+01
6.230000e+02 2.492137e+02 1.177352e+01
6.240000e+02 2.261709e+02 8.151047e+00
6.250000e+02 2.057606e+02 6.342817e+00
6.260000e+02 1.908461e+02 5.373075e+00
6.270000e+02 1.806241e+02 4.817593e+00
6.280000e+02 1.743552e+02 4.526135e+00
6.290000e+02 1.659779e+02 4.116574e+00
6.300000e+02 1.607550e+02 3.890201e+00
6.310000e+02 1.566977e+02 3.722935e+00
6.320000e+02 1.557423e+02 3.710195e+00
6.330000e+02 1.509004e+02 3.497670e+00
6.340000e+02 1.490382e+02 3.432325e+00
6.350000e+02 1.465882e+02 3.337100e+00
6.360000e+02 1.441119e+02 3.240164e+00
6.370000e+02 1.424074e+02 3.178289e+00
6.380000e+02 1.411390e+02 3.135253e+00
6.390000e+02 1.501358e+02 3.569255e+00
6.400000e+02 1.411474e+02 3.158138e+00
6.410000e+02 1.374089e+02 3.004435e+00
6.420000e+02 1.379475e+02 3.037808e+00
6.430000e+02 1.360613e+02 2.962967e+00
6.440000e+02 1.350056e+02 2.924530e+00
6.450000e+02 1.385937e+02 3.086325e+00
6.460000e+02 1.351075e+02 2.931407e+00
6.470000e+02 1.331126e+02 2.860472e+00
6.480000e+02 1.383697e+02 3.096618e+00
6.490000e+02 1.313003e+02 2.797039e+00
6.500000e+02 1.310819e+02 2.791062e+00
6.510000e+02 1.330578e+02 2.876039e+00
6.520000e+02 1.333431e+02 2.886135e+00
6.530000e+02 1.344048e+02 2.927751e+00
6.540000e+02 1.383987e+02 3.099678e+00
6.550000e+02 2.016096e+02 7.343913e+00
6.560000e+02 2.076399e+02 8.083051e+00
6.570000e+02 1.461604e+02 3.352030e+00
6.580000e+02 1.669815e+02 4.351296e+00
6.590000e+02 1.440937e+02 3.240466e+00
6.600000e+02 1.354723e+02 2.928975e+00
6.610000e+02 1.317984e+02 2.811287e+00
6.620000e+02 1.294018e+02 2.730967e+00
6.630000e+02 1.278437e+02 2.677524e+00
6.640000e+02 1.271604e+02 2.655649e+00
6.650000e+02 1.274856e+02 2.671941e+00
6.660000e+02 1.293469e+02 2.750464e+00
6.670000e+02 1.277432e+02 2.685037e+00
6.680000e+02 1.267006e+02 2.643216e+00
6.690000e+02 1.266492e+02 2.640946e+00
6.700000e+02 1.347334e+02 2.976942e+00
6.710000e+02 1.274765e+02 2.671798e+00
6.720000e+02 1.303976e+02 2.789267e+00
6.730000e+02 1.283656e+02 2.702266e+00
6.740000e+02 1.321584e+02 2.855061e+00
6.750000e+02 1.275616e+02 2.665595e+00
6.760000e+02 1.313490e+02 2.814392e+00
6.770000e+02 1.294500e+02 2.732332e+00
6.780000e+02 1.317068e+02 2.821013e+00
6.790000e+02 1.299191e+02 2.743206e+00
6.800000e+02 1.296768e+02 2.731028e+00
6.810000e+02 1.300915e+02 2.743636e+00
6.820000e+02 1.307407e+02 2.764955e+00
6.830000e+02 1.316087e+02 2.794637e+00
6.840000e+02 1.329238e+02 2.843563e+00
6.850000e+02 1.329094e+02 2.835763e+00
6.860000e+02 1.337090e+02 2.861794e+00
6.870000e+02 1.345941e+02 2.890994e+00
6.880000e+02 1.356059e+02 2.924969e+00
6.890000e+02 1.367824e+02 2.965089e+00
6.900000e+02 1.383004e+02 3.018065e+00
6.910000e+02 1.409323e+02 3.115669e+00
6.920000e+02 1.458264e+02 3.316987e+00
6.930000e+02 1.447485e+02 3.266823e+00
6.940000e+02 1.444664e+02 3.249406e+00
6.950000e+02 1.459266e+02 3.307239e+00
6.960000e+02 1.477767e+02 3.379839e+00
6.970000e+02 1.470662e+02 3.332942e+00
6.980000e+02 1.484788e+02 3.384241e+00
6.990000e+02 1.561328e+02 3.732439e+00
7.000000e+02 1.523718e+02 3.536807e+00
7.010000e+02 1.605610e+02 3.940145e+00
7.020000e+02 1.567043e+02 3.711451e+00
7.030000e+02 1.619724e+02 3.961168e+00
7.040000e+02 1.606050e+02 3.868312e+00
7.050000e+02 1.626108e+02 3.951770e+00
7.060000e+02 1.650930e+02 4.060027e+00
7.070000e+02 1.677194e+02 4.177330e+00
7.080000e+02 1.712058e+02 4.346156e+00
7.090000e+02 1.738712e+02 4.468236e+00
7.100000e+02 1.775732e+02 4.655310e+00
7.110000e+02 1.819024e+02 4.885198e+00
7.120000e+02 1.874360e+02 5.201928e+00
7.130000e+02 1.962434e+02 5.770021e+00
7.140000e+02 2.149480e+02 7.325974e+00
7.150000e+02 2.549222e+02 1.727951e+01
7.160000e+02 2.474991e+02 1.303863e+01
7.170000e+02 2.177807e+02 7.514652e+00
7.180000e+02 2.111604e+02 6.842354e+00
7.190000e+02 2.103344e+02 6.721611e+00
7.200000e+02 2.136811e+02 7.008565e+00
7.210000e+02 2.154368e+02 7.111116e+00
7.220000e+02 2.191228e+02 7.436422e+00
7.230000e+02 2.243116e+02 7.978036e+00
7.240000e+02 2.274129e+02 8.283322e+00
7.250000e+02 2.314143e+02 8.745900e+00
7.260000e+02 2.356643e+02 9.307202e+00
7.270000e+02 2.400265e+02 9.973549e+00
7.280000e+02 2.444364e+02 1.077534e+01
7.290000e+02 2.479500e+02 1.148321e+01
7.300000e+02 2.524850e+02 1.272013e+01
7.310000e+02 2.555167e+02 1.368727e+01
7.320000e+02 2.581904e+02 1.471833e+01
7.330000e+02 2.608248e+02 1.609781e+01
7.340000e+02 2.631433e+02 1.779930e+01
7.350000e+02 2.652449e+02 2.028049e+01
7.360000e+02 2.664047e+02 2.206488e+01
7.370000e+02 2.674490e+02 2.488646e+01
7.380000e+02 2.681666e+02 2.833146e+01
7.390000e+02 2.686361e+02 3.259799e+01
7.400000e+02 2.689401e+02 3.806143e+01
7.410000e+02 2.691462e+02 4.485212e+01
7.420000e+02 2.693034e+02 5.384257e+01
7.430000e+02 2.694353e+02 6.606024e+01
7.440000e+02 2.695511e+02 8.325325e+01
7.450000e+02 2.696517e+02 1.084038e+02
7.460000e+02 2.697345e+02 1.420107e+02
7.470000e+02 2.698050e+02 1.937659e+02
7.480000e+02 2.698652e+02 2.825765e+02
7.490000e+02 2.699131e+02 4.472604e+02
7.500000e+02 2.699482e+02 7.819784e+02
7.510000e+02 2.699701e+02 1.502629e+03
7.520000e+02 2.699789e+02 2.677300e+03
7.530000e+02 2.699746e+02 1.790634e+03
7.540000e+02 2.699573e+02 9.431832e+02
7.550000e+02 2.699270e+02 5.270163e+02
7.560000e+02 2.698842e+02 3.252470e+02
7.570000e+02 2.698289e+02 2.181922e+02
7.580000e+02 2.697614e+02 1.556057e+02
7.590000e+02 2.696821e+02 1.164680e+02
7.600000e+02 2.695912e+02 9.049627e+01
7.610000e+02 2.694888e+02 7.241253e+01
7.620000e+02 2.693738e+02 5.936198e+01
7.630000e+02 2.692421e+02 4.964735e+01
7.640000e+02 2.690825e+02 4.224873e+01
7.650000e+02 2.688722e+02 3.656277e+01
7.660000e+02 2.685759e+02 3.206326e+01
7.670000e+02 2.681481e+02 2.840328e+01
7.680000e+02 2.675660e+02 2.555891e+01
7.690000e+02 2.668536e+02 2.341466e+01
7.700000e+02 2.661564e+02 2.206424e+01
7.710000e+02 2.658495e+02 2.195185e+01
7.720000e+02 2.666038e+02 2.522885e+01
7.730000e+02 2.679540e+02 4.640548e+01
7.740000e+02 2.684024e+02 1.570924e+02
7.750000e+02 2.670353e+02 3.222278e+01
7.760000e+02 2.625815e+02 1.881168e+01
7.770000e+02 2.566713e+02 1.458993e+01
7.780000e+02 2.512855e+02 1.257096e+01
7.790000e+02 2.462786e+02 1.126333e+01
7.800000e+02 2.419180e+02 1.039301e+01
7.810000e+02 2.372506e+02 9.591472e+00
7.820000e+02 2.335003e+02 9.069276e+00
7.830000e+02 2.293915e+02 8.537797e+00
7.840000e+02 2.253940e+02 8.075699e+00
7.850000e+02 2.222848e+02 7.771867e+00
7.860000e+02 2.177094e+02 7.302672e+00
7.870000e+02 2.139014e+02 6.960771e+00
7.880000e+02 2.103974e+02 6.671859e+00
7.890000e+02 2.070782e+02 6.415589e+00
7.900000e+02 2.039019e+02 6.183291e+00
7.910000e+02 2.014959e+02 6.025195e+00
7.920000e+02 1.982052e+02 5.799959e+00
7.930000e+02 1.977170e+02 5.813492e+00
7.940000e+02 1.922732e+02 5.424888e+00
7.950000e+02 1.894266e+02 5.253722e+00
7.960000e+02 1.869661e+02 5.113387e+00
7.970000e+02 1.845629e+02 4.979727e+00
7.980000e+02 1.822676e+02 4.857029e+00
7.990000e+02 1.803665e+02 4.764253e+00
8.000000e+02 1.776070e+02 4.615630e+00
8.010000e+02 1.755467e+02 4.513362e+00
8.020000e+02 1.739217e+02 4.437776e+00
8.030000e+02 1.727368e+02 4.387307e+00
8.040000e+02 1.703541e+02 4.268365e+00
8.050000e+02 1.684271e+02 4.178762e+00
8.060000e+02 1.670323e+02 4.117940e+00
8.070000e+02 1.665625e+02 4.110577e+00
8.080000e+02 1.656678e+02 4.081335e+00
8.090000e+02 1.622020e+02 3.904465e+00
8.100000e+02 1.611320e+02 3.861457e+00
8.110000e+02 1.636990e+02 4.013343e+00
8.120000e+02 1.586537e+02 3.758144e+00
8.130000e+02 1.611380e+02 3.904259e+00
8.140000e+02 1.958702e+02 6.205730e+00
8.150000e+02 1.548803e+02 3.600234e+00
8.160000e+02 1.537325e+02 3.553019e+00
8.170000e+02 1.527581e+02 3.514114e+00
8.180000e+02 1.520816e+02 3.489439e+00
8.190000e+02 1.514851e+02 3.467982e+00
8.200000e+02 1.517949e+02 3.490925e+00
8.210000e+02 1.500105e+02 3.409625e+00
8.220000e+02 1.496009e+02 3.394755e+00
8.230000e+02 1.493247e+02 3.385263e+00
8.240000e+02 1.496172e+02 3.400149e+00
8.250000e+02 1.509287e+02 3.461467e+00
8.260000e+02 1.578507e+02 3.805758e+00
8.270000e+02 1.554214e+02 3.653442e+00
8.280000e+02 1.657441e+02 4.175578e+00
8.290000e+02 1.555737e+02 3.665313e+00
8.300000e+02 1.594308e+02 3.850007e+00
8.310000e+02 1.997261e+02 6.640655e+00
8.320000e+02 1.901845e+02 5.604147e+00
8.330000e+02 2.327193e+02 1.012733e+01
8.340000e+02 2.627164e+02 5.581530e+01
8.350000e+02 2.471295e+02 1.370161e+01
8.360000e+02 1.972576e+02 6.091189e+00
8.370000e+02 1.767923e+02 4.808759e+00
8.380000e+02 1.642605e+02 4.138400e+00
8.390000e+02 1.548246e+02 3.666225e+00
8.400000e+02 1.567206e+02 3.792502e+00
8.410000e+02 1.754599e+02 4.914921e+00
8.420000e+02 1.685419e+02 4.494726e+00
8.430000e+02 2.140772e+02 9.211491e+00
8.440000e+02 1.455237e+02 3.278566e+00
8.450000e+02 1.419061e+02 3.115738e+00
8.460000e+02 1.409962e+02 3.076385e+00
8.470000e+02 1.408167e+02 3.065975e+00
8.480000e+02 1.419770e+02 3.108549e+00
8.490000e+02 1.557904e+02 3.761573e+00
8.500000e+02 1.422072e+02 3.121379e+00
8.510000e+02 1.398338e+02 3.026152e+00
8.520000e+02 1.394068e+02 3.010447e+00
8.530000e+02 1.404696e+02 3.054956e+00
8.540000e+02 1.398870e+02 3.028023e+00
8.550000e+02 1.393964e+02 3.008377e+00
8.560000e+02 1.396892e+02 3.018267e+00
8.570000e+02 1.417053e+02 3.098288e+00
8.580000e+02 1.852659e+02 5.616387e+00
8.590000e+02 1.468154e+02 3.274734e+00
8.600000e+02 1.508543e+02 3.426844e+00
8.610000e+02 1.480755e+02 3.324981e+00
8.620000e+02 1.439458e+02 3.173685e+00
8.630000e+02 1.576161e+02 3.875047e+00
8.640000e+02 1.401654e+02 3.031551e+00
8.650000e+02 1.394324e+02 3.004167e+00
8.660000e+02 1.422205e+02 3.131090e+00
8.670000e+02 1.390469e+02 2.989561e+00
8.680000e+02 1.390146e+02 2.987466e+00
8.690000e+02 1.415087e+02 3.095861e+00
8.700000e+02 1.393785e+02 3.000144e+00
8.710000e+02 1.394382e+02 3.000712e+00
8.720000e+02 1.396651e+02 3.008167e+00
8.730000e+02 1.399386e+02 3.017359e+00
8.740000e+02 1.405017e+02 3.038888e+00
8.750000e+02 1.406384e+02 3.041676e+00
8.760000e+02 1.410670e+02 3.056780e+00
8.770000e+02 1.415797e+02 3.074860e+00
8.780000e+02 1.426435e+02 3.116255e+00
8.790000e+02 1.429324e+02 3.124965e+00
8.800000e+02 1.430064e+02 3.125267e+00
8.810000e+02 1.437584e+02 3.154791e+00
8.820000e+02 1.444702e+02 3.182157e+00
8.830000e+02 1.757996e+02 4.912122e+00
8.840000e+02 1.458887e+02 3.234801e+00
8.850000e+02 1.463074e+02 3.246463e+00
8.860000e+02 1.476809e+02 3.302506e+00
8.870000e+02 1.499019e+02 3.399553e+00
8.880000e+02 1.569513e+02 3.746667e+00
8.890000e+02 1.509598e+02 3.423235e+00
8.900000e+02 1.525106e+02 3.478422e+00
8.910000e+02 1.553589e+02 3.590654e+00
8.920000e+02 1.604024e+02 3.799362e+00
8.930000e+02 1.694325e+02 4.211881e+00
8.940000e+02 1.739207e+02 4.440085e+00
8.950000e+02 1.748562e+02 4.554302e+00
8.960000e+02 1.822098e+02 5.071702e+00
8.970000e+02 1.641358e+02 3.956823e+00
8.980000e+02 1.652848e+02 4.001237e+00
8.990000e+02 1.683938e+02 4.138663e+00
9.000000e+02 1.699714e+02 4.209313e+00
9.010000e+02 1.721899e+02 4.320207e+00
9.020000e+02 1.753051e+02 4.461209e+00
9.030000e+02 1.799163e+02 4.693025e+00
9.040000e+02 1.848541e+02 4.951432e+00
9.050000e+02 1.939931e+02 5.474540e+00
9.060000e+02 2.066928e+02 6.340809e+00
9.070000e+02 2.070802e+02 6.359045e+00
9.080000e+02 2.107259e+02 6.701691e+00
9.090000e+02 2.160244e+02 7.096793e+00
9.100000e+02 2.265161e+02 8.106760e+00
9.110000e+02 2.393469e+02 9.772965e+00
9.120000e+02 2.535487e+02 1.291863e+01
9.130000e+02 2.638689e+02 1.838282e+01
9.140000e+02 2.683853e+02 3.023643e+01
9.150000e+02 2.692815e+02 5.741967e+01
9.160000e+02 2.695169e+02 1.017224e+02
9.170000e+02 2.693890e+02 7.056086e+01
9.180000e+02 2.688260e+02 3.650405e+01
9.190000e+02 2.661924e+02 2.166660e+01
9.200000e+02 2.582493e+02 1.467336e+01
9.210000e+02 2.461404e+02 1.100837e+01
9.220000e+02 2.339704e+02 9.007611e+00
9.230000e+02 2.227793e+02 7.702769e+00
9.240000e+02 2.138626e+02 6.887655e+00
9.250000e+02 2.086565e+02 6.516462e+00
9.260000e+02 2.022033e+02 6.019709e+00
9.270000e+02 1.978086e+02 5.718721e+00
9.280000e+02 1.950304e+02 5.544986e+00
9.290000e+02 1.924912e+02 5.384706e+00
9.300000e+02 1.906719e+02 5.274583e+00
9.310000e+02 1.896185e+02 5.213749e+00
9.320000e+02 1.893059e+02 5.200842e+00
9.330000e+02 1.980825e+02 5.917610e+00
9.340000e+02 1.892835e+02 5.203119e+00
9.350000e+02 1.890783e+02 5.183059e+00
9.360000e+02 1.898452e+02 5.231016e+00
9.370000e+02 1.905057e+02 5.269046e+00
9.380000e+02 1.911177e+02 5.299011e+00
9.390000e+02 1.921011e+02 5.356740e+00
9.400000e+02 1.932808e+02 5.428845e+00
9.410000e+02 1.944946e+02 5.501687e+00
9.420000e+02 1.959251e+02 5.590252e+00
9.430000e+02 1.976412e+02 5.700739e+00
9.440000e+02 1.994500e+02 5.817752e+00
9.450000e+02 2.022860e+02 6.027762e+00
9.460000e+02 2.030144e+02 6.058960e+00
9.470000e+02 2.048975e+02 6.192379e+00
9.480000e+02 2.071787e+02 6.363892e+00
9.490000e+02 2.130293e+02 6.918885e+00
9.500000e+02 2.118791e+02 6.731332e+00
9.510000e+02 2.152134e+02 7.033479e+00
9.520000e+02 2.168146e+02 7.143586e+00
9.530000e+02 2.196751e+02 7.405276e+00
9.540000e+02 2.227716e+02 7.709952e+00
9.550000e+02 2.258165e+02 8.028935e+00
9.560000e+02 2.299647e+02 8.542167e+00
9.570000e+02 2.321183e+02 8.763935e+00
9.580000e+02 2.358551e+02 9.280202e+00
9.590000e+02 2.393675e+02 9.804767e+00
9.600000e+02 2.426970e+02 1.034462e+01
9.610000e+02 2.464852e+02 1.107617e+01
9.620000e+02 2.504730e+02 1.200571e+01
9.630000e+02 2.545103e+02 1.318613e+01
9.640000e+02 2.585245e+02 1.476513e+01
9.650000e+02 2.623329e+02 1.701146e+01
9.660000e+02 2.655977e+02 2.047110e+01
9.670000e+02 2.678731e+02 2.645015e+01
9.680000e+02 2.689674e+02 3.845894e+01
9.690000e+02 2.694184e+02 6.762111e+01
9.700000e+02 2.696323e+02 1.232102e+02
9.710000e+02 2.695761e+02 9.830584e+01
9.720000e+02 2.693251e+02 5.622991e+01
9.730000e+02 2.690451e+02 4.317831e+01
9.740000e+02 2.688263e+02 3.528882e+01
9.750000e+02 2.687883e+02 3.466695e+01
9.760000e+02 2.688854e+02 3.658332e+01
9.770000e+02 2.690327e+02 4.048659e+01
9.780000e+02 2.691814e+02 4.643134e+01
9.790000e+02 2.693186e+02 5.499084e+01
9.800000e+02 2.694449e+02 6.776782e+01
9.810000e+02 2.695612e+02 8.499976e+01
9.820000e+02 2.696663e+02 1.121413e+02
9.830000e+02 2.697583e+02 1.565764e+02
9.840000e+02 2.698350e+02 2.307840e+02
9.850000e+02 2.698954e+02 3.710973e+02
9.860000e+02 2.699389e+02 6.659743e+02
9.870000e+02 2.699648e+02 1.301190e+03
9.880000e+02 2.699726e+02 2.039713e+03
9.890000e+02 2.699622e+02 1.181113e+03
9.900000e+02 2.699340e+02 6.099852e+02
9.910000e+02 2.698887e+02 3.472802e+02
9.920000e+02 2.698273e+02 2.199713e+02
9.930000e+02 2.697519e+02 1.518102e+02
9.940000e+02 2.696663e+02 1.131381e+02
9.950000e+02 2.695708e+02 8.840665e+01
9.960000e+02 2.694563e+02 6.913914e+01
9.970000e+02 2.693236e+02 5.555874e+01
9.980000e+02 2.691721e+02 4.613237e+01
9.990000e+02 2.689874e+02 3.937292e+01
1.000000e+03 2.687398e+02 3.409257e+01
0.600000 0 0
1.000000e+01 3.578652e+00 1.579671e-02
1.100000e+01 3.611436e+00 1.639026e-02
1.200000e+01 3.636578e+00 1.682057e-02
1.300000e+01 3.672279e+00 1.745275e-02
1.400000e+01 3.713708e+00 1.818546e-02
1.500000e+01 3.764049e+00 1.907925e-02
1.600000e+01 3.820967e+00 2.007661e-02
1.700000e+01 3.891776e+00 2.131028e-02
1.800000e+01 3.988253e+00 2.298515e-02
1.900000e+01 4.133807e+00 2.549296e-02
2.000000e+01 4.395194e+00 2.996816e-02
2.100000e+01 4.959252e+00 3.963332e-02
2.200000e+01 5.997314e+00 5.790498e-02
2.300000e+01 5.713159e+00 5.273686e-02
2.400000e+01 5.097446e+00 4.218551e-02
2.500000e+01 4.858258e+00 3.819234e-02
2.600000e+01 4.810859e+00 3.749739e-02
2.700000e+01 4.847924e+00 3.824278e-02
2.800000e+01 4.932778e+00 3.981679e-02
2.900000e+01 5.076205e+00 4.248042e-02
3.000000e+01 5.246430e+00 4.562880e-02
3.100000e+01 5.361368e+00 4.758752e-02
3.200000e+01 5.553461e+00 5.105252e-02
3.300000e+01 5.774246e+00 5.504067e-02
3.400000e+01 6.026003e+00 5.959348e-02
3.500000e+01 6.313657e+00 6.480477e-02
3.600000e+01 6.708582e+00 7.209356e-02
3.700000e+01 7.017812e+00 7.759829e-02
3.800000e+01 7.467244e+00 8.583697e-02
3.900000e+01 7.951435e+00 9.464156e-02
4.000000e+01 8.535141e+00 1.053429e-01
4.100000e+01 9.222534e+00 1.179932e-01
4.200000e+01 1.003911e+01 1.330848e-01
4.300000e+01 1.102873e+01 1.514898e-01
4.400000e+01 1.220921e+01 1.735092e-01
4.500000e+01 1.366817e+01 2.009111e-01
4.600000e+01 1.548583e+01 2.352905e-01
4.700000e+01 1.781410e+01 2.797605e-01
4.800000e+01 2.086206e+01 3.386619e-01
4.900000e+01 2.499138e+01 4.196891e-01
5.000000e+01 3.092633e+01 5.387267e-01
5.100000e+01 4.037120e+01 7.342966e-01
5.200000e+01 5.916824e+01 1.151288e+00
5.300000e+01 1.008327e+02 2.241905e+00
5.400000e+01 1.780430e+02 5.406848e+00
5.500000e+01 2.456440e+02 1.373560e+01
5.600000e+01 2.635940e+02 3.590520e+01
5.700000e+01 2.661542e+02 7.854583e+01
5.800000e+01 2.671337e+02 7.802562e+01
5.900000e+01 2.674549e+02 1.014276e+02
6.000000e+01 2.676929e+02 1.024892e+02
6.100000e+01 2.677095e+02 1.063916e+02
6.200000e+01 2.675068e+02 9.039574e+01
6.300000e+01 2.663913e+02 1.085643e+02
6.400000e+01 2.614659e+02 2.617714e+01
6.500000e+01 2.282718e+02 9.863127e+00
6.600000e+01 1.505694e+02 3.979564e+00
6.700000e+01 8.906758e+01 1.895216e+00
6.800000e+01 5.854233e+01 1.133209e+00
6.900000e+01 4.377042e+01 8.049507e-01
7.000000e+01 3.526406e+01 6.253519e-01
7.100000e+01 2.955596e+01 5.083648e-01
7.200000e+01 2.542106e+01 4.253263e-01
7.300000e+01 2.229784e+01 3.635289e-01
7.400000e+01 1.987559e+01 3.161408e-01
7.500000e+01 1.796858e+01 2.791919e-01
7.600000e+01 1.642917e+01 2.495708e-01
7.700000e+01 1.514419e+01 2.249179e-01
7.800000e+01 1.407016e+01 2.043503e-01
7.900000e+01 1.325668e+01 1.888773e-01
8.000000e+01 1.247213e+01 1.738802e-01
8.100000e+01 1.184365e+01 1.619692e-01
8.200000e+01 1.125418e+01 1.508408e-01
8.300000e+01 1.076269e+01 1.415769e-01
8.400000e+01 1.034869e+01 1.337651e-01
8.500000e+01 9.995417e+00 1.270893e-01
8.600000e+01 9.692896e+00 1.213604e-01
8.700000e+01 9.436274e+00 1.164846e-01
8.800000e+01 9.219087e+00 1.123428e-01
8.900000e+01 9.021233e+00 1.085697e-01
9.000000e+01 8.861205e+00 1.054985e-01
9.100000e+01 8.724957e+00 1.028664e-01
9.200000e+01 8.613770e+00 1.006858e-01
9.300000e+01 8.539365e+00 9.920573e-02
9.400000e+01 9.093154e+00 1.104069e-01
9.500000e+01 8.445365e+00 9.720460e-02
9.600000e+01 8.606373e+00 1.004354e-01
9.700000e+01 8.441563e+00 9.684395e-02
9.800000e+01 8.461184e+00 9.700928e-02
9.900000e+01 8.522182e+00 9.796158e-02
1.000000e+02 8.651535e+00 1.002370e-01
1.010000e+02 8.814992e+00 1.031717e-01
1.020000e+02 9.169607e+00 1.100407e-01
1.030000e+02 9.094870e+00 1.078051e-01
1.040000e+02 9.536812e+00 1.161698e-01
1.050000e+02 9.656529e+00 1.177151e-01
1.060000e+02 1.007100e+01 1.251619e-01
1.070000e+02 1.061078e+01 1.349639e-01
1.080000e+02 1.132662e+01 1.481026e-01
1.090000e+02 1.227237e+01 1.656369e-01
1.100000e+02 1.358639e+01 1.903257e-01
1.110000e+02 1.603073e+01 2.384026e-01
1.120000e+02 1.784801e+01 2.713342e-01
1.130000e+02 2.173980e+01 3.471714e-01
1.140000e+02 2.812759e+01 4.750077e-01
1.150000e+02 4.020587e+01 7.291466e-01
1.160000e+02 6.239478e+01 1.233984e+00
1.170000e+02 1.150917e+02 2.730376e+00
1.180000e+02 2.229166e+02 9.927110e+00
1.190000e+02 2.537315e+02 2.830100e+01
1.200000e+02 1.622035e+02 4.682063e+00
1.210000e+02 8.115149e+01 1.710443e+00
1.220000e+02 4.719403e+01 8.792649e-01
1.230000e+02 3.166647e+01 5.453306e-01
1.240000e+02 2.568096e+01 4.280958e-01
1.250000e+02 1.901036e+01 2.912851e-01
1.260000e+02 1.592068e+01 2.311053e-01
1.270000e+02 1.375375e+01 1.892514e-01
1.280000e+02 1.244848e+01 1.647026e-01
1.290000e+02 1.133652e+01 1.435013e-01
1.300000e+02 1.058003e+01 1.292487e-01
1.310000e+02 1.011353e+01 1.205987e-01
1.320000e+02 9.597482e+00 1.107892e-01
1.330000e+02 9.275049e+00 1.047091e-01
1.340000e+02 9.017908e+00 9.980114e-02
1.350000e+02 8.799536e+00 9.561337e-02
1.360000e+02 8.657477e+00 9.284572e-02
1.370000e+02 8.755773e+00 9.482170e-02
1.380000e+02 8.471832e+00 8.898240e-02
1.390000e+02 8.408759e+00 8.761636e-02
1.400000e+02 8.386608e+00 8.705456e-02
1.410000e+02 8.337297e+00 8.598126e-02
1.420000e+02 9.632935e+00 1.120498e-01
1.430000e+02 8.421458e+00 8.702157e-02
1.440000e+02 8.395997e+00 8.615893e-02
1.450000e+02 9.580008e+00 1.096499e-01
1.460000e+02 8.301541e+00 8.399202e-02
1.470000e+02 8.290034e+00 8.348383e-02
1.480000e+02 8.343767e+00 8.421172e-02
1.490000e+02 8.533841e+00 8.761627e-02
1.500000e+02 8.537684e+00 8.715113e-02
1.510000e+02 8.746219e+00 9.089308e-02
1.520000e+02 8.608889e+00 8.769657e-02
1.530000e+02 8.626944e+00 8.772596e-02
1.540000e+02 1.041973e+01 1.226474e-01
1.550000e+02 8.761270e+00 8.946506e-02
1.560000e+02 8.895870e+00 9.159209e-02
1.570000e+02 8.942671e+00 9.194725e-02
1.580000e+02 9.052820e+00 9.352153e-02
1.590000e+02 9.185190e+00 9.548691e-02
1.600000e+02 9.334901e+00 9.774399e-02
1.610000e+02 9.497694e+00 1.002093e-01
1.620000e+02 9.682359e+00 1.030507e-01
1.630000e+02 9.902757e+00 1.065251e-01
1.640000e+02 1.018805e+01 1.112178e-01
1.650000e+02 1.303231e+01 1.674021e-01
1.660000e+02 1.198784e+01 1.457253e-01
1.670000e+02 1.115584e+01 1.267992e-01
1.680000e+02 1.154261e+01 1.329280e-01
1.690000e+02 1.210819e+01 1.423482e-01
1.700000e+02 1.263988e+01 1.508688e-01
1.710000e+02 1.336889e+01 1.629713e-01
1.720000e+02 1.431139e+01 1.788601e-01
1.730000e+02 1.555071e+01 2.001181e-01
1.740000e+02 1.716747e+01 2.281214e-01
1.750000e+02 1.954503e+01 2.706569e-01
1.760000e+02 2.276110e+01 3.291232e-01
1.770000e+02 2.662664e+01 3.974712e-01
1.780000e+02 3.312377e+01 5.185234e-01
1.790000e+02 4.370467e+01 7.242108e-01
1.800000e+02 6.215036e+01 1.109609e+00
1.810000e+02 9.441221e+01 1.877828e+00
1.820000e+02 1.487100e+02 3.594426e+00
1.830000e+02 2.039501e+02 6.608894e+00
1.840000e+02 1.850485e+02 5.317039e+00
1.850000e+02 1.250815e+02 2.764048e+00
1.860000e+02 8.113620e+01 1.543574e+00
1.870000e+02 5.605867e+01 9.761044e-01
1.880000e+02 4.169937e+01 6.819500e-01
1.890000e+02 3.301860e+01 5.134945e-01
1.900000e+02 2.746320e+01 4.091623e-01
1.910000e+02 2.374744e+01 3.409021e-01
1.920000e+02 2.117414e+01 2.943667e-01
1.930000e+02 1.945449e+01 2.640206e-01
1.940000e+02 1.810295e+01 2.399101e-01
1.950000e+02 1.738933e+01 2.288652e-01
1.960000e+02 1.650348e+01 2.130777e-01
1.970000e+02 1.540750e+01 1.920687e-01
1.980000e+02 1.493421e+01 1.837154e-01
1.990000e+02 1.455983e+01 1.771580e-01
2.000000e+02 1.437634e+01 1.739788e-01
2.010000e+02 1.529963e+01 1.936327e-01
2.020000e+02 1.419822e+01 1.704559e-01
2.030000e+02 1.432941e+01 1.724998e-01
2.040000e+02 1.405935e+01 1.675224e-01
2.050000e+02 1.353754e+01 1.582159e-01
2.060000e+02 1.354628e+01 1.591638e-01
2.070000e+02 1.314474e+01 1.512128e-01
2.080000e+02 1.318312e+01 1.521922e-01
2.090000e+02 1.342132e+01 1.572269e-01
2.100000e+02 1.300813e+01 1.485124e-01
2.110000e+02 1.331990e+01 1.548672e-01
2.120000e+02 1.287494e+01 1.455130e-01
2.130000e+02 1.286688e+01 1.451302e-01
2.140000e+02 1.291568e+01 1.458759e-01
2.150000e+02 1.789684e+01 2.475984e-01
2.160000e+02 1.302979e+01 1.474975e-01
2.170000e+02 1.293785e+01 1.453833e-01
2.180000e+02 1.299654e+01 1.462099e-01
2.190000e+02 1.301403e+01 1.461817e-01
2.200000e+02 1.308232e+01 1.471431e-01
2.210000e+02 1.312775e+01 1.476280e-01
2.220000e+02 1.320761e+01 1.487472e-01
2.230000e+02 1.332760e+01 1.505813e-01
2.240000e+02 1.352778e+01 1.538340e-01
2.250000e+02 1.398233e+01 1.618078e-01
2.260000e+02 1.720524e+01 2.276602e-01
2.270000e+02 1.414255e+01 1.641931e-01
2.280000e+02 1.383672e+01 1.582304e-01
2.290000e+02 1.384929e+01 1.583128e-01
2.300000e+02 1.403677e+01 1.617128e-01
2.310000e+02 1.516847e+01 1.848309e-01
2.320000e+02 1.451422e+01 1.700801e-01
2.330000e+02 1.513676e+01 1.811546e-01
2.340000e+02 2.160176e+01 3.195256e-01
2.350000e+02 1.543657e+01 1.866524e-01
2.360000e+02 1.625420e+01 2.046572e-01
2.370000e+02 1.892738e+01 2.611777e-01
2.380000e+02 1.499631e+01 1.771885e-01
2.390000e+02 2.206422e+01 3.265653e-01
2.400000e+02 1.601803e+01 1.964834e-01
2.410000e+02 1.546772e+01 1.839880e-01
2.420000e+02 1.669424e+01 2.094698e-01
2.430000e+02 1.622925e+01 1.997159e-01
2.440000e+02 1.624919e+01 2.000014e-01
2.450000e+02 1.520610e+01 1.777494e-01
2.460000e+02 1.520317e+01 1.771905e-01
2.470000e+02 1.541511e+01 1.809990e-01
2.480000e+02 1.853833e+01 2.465907e-01
2.490000e+02 1.613220e+01 1.946193e-01
2.500000e+02 3.344649e+01 5.714603e-01
2.510000e+02 1.703120e+01 2.118000e-01
2.520000e+02 1.623923e+01 1.942966e-01
2.530000e+02 1.601414e+01 1.892258e-01
2.540000e+02 1.612421e+01 1.906485e-01
2.550000e+02 1.636885e+01 1.946539e-01
2.560000e+02 1.629333e+01 1.929334e-01
2.570000e+02 1.632138e+01 1.933087e-01
2.580000e+02 1.689942e+01 2.049615e-01
2.590000e+02 1.778783e+01 2.234325e-01
2.600000e+02 1.661049e+01 1.976824e-01
2.610000e+02 1.665202e+01 1.979056e-01
2.620000e+02 1.681541e+01 2.005967e-01
2.630000e+02 1.799956e+01 2.247641e-01
2.640000e+02 1.848930e+01 2.344361e-01
2.650000e+02 1.884991e+01 2.403655e-01
2.660000e+02 1.767786e+01 2.147076e-01
2.670000e+02 1.878829e+01 2.381712e-01
2.680000e+02 1.773298e+01 2.153579e-01
2.690000e+02 1.759952e+01 2.120416e-01
2.700000e+02 1.766551e+01 2.128184e-01
2.710000e+02 1.789756e+01 2.169714e-01
2.720000e+02 1.809539e+01 2.203721e-01
2.730000e+02 2.886772e+01 4.521526e-01
2.740000e+02 1.874191e+01 2.325194e-01
2.750000e+02 1.887721e+01 2.343019e-01
2.760000e+02 1.962961e+01 2.491364e-01
2.770000e+02 2.128262e+01 2.833098e-01
2.780000e+02 1.892482e+01 2.330712e-01
2.790000e+02 1.901860e+01 2.345821e-01
2.800000e+02 1.946528e+01 2.433007e-01
2.810000e+02 1.985869e+01 2.497313e-01
2.820000e+02 1.934524e+01 2.391074e-01
2.830000e+02 1.990181e+01 2.501670e-01
2.840000e+02 1.959085e+01 2.426857e-01
2.850000e+02 1.988772e+01 2.481998e-01
2.860000e+02 2.763642e+01 4.175294e-01
2.870000e+02 2.045881e+01 2.587065e-01
2.880000e+02 2.042917e+01 2.572086e-01
2.890000e+02 3.920897e+01 6.745377e-01
2.900000e+02 2.071029e+01 2.613757e-01
2.910000e+02 2.227415e+01 2.928692e-01
2.920000e+02 2.091925e+01 2.639577e-01
2.930000e+02 2.313207e+01 3.112406e-01
2.940000e+02 2.145306e+01 2.734593e-01
2.950000e+02 2.144947e+01 2.722140e-01
2.960000e+02 2.170160e+01 2.764335e-01
2.970000e+02 2.212686e+01 2.841066e-01
2.980000e+02 2.336244e+01 3.085023e-01
2.990000e+02 2.355809e+01 3.114987e-01
3.000000e+02 2.320919e+01 3.034817e-01
3.010000e+02 2.472183e+01 3.351427e-01
3.020000e+02 2.852941e+01 4.197103e-01
3.030000e+02 2.672925e+01 3.779736e-01
3.040000e+02 2.409461e+01 3.179330e-01
3.050000e+02 2.475866e+01 3.307406e-01
3.060000e+02 2.437582e+01 3.210505e-01
3.070000e+02 2.467393e+01 3.259079e-01
3.080000e+02 2.509533e+01 3.331239e-01
3.090000e+02 2.565441e+01 3.429959e-01
3.100000e+02 2.824974e+01 3.971730e-01
3.110000e+02 2.698327e+01 3.664400e-01
3.120000e+02 2.764238e+01 3.779569e-01
3.130000e+02 2.867673e+01 3.967130e-01
3.140000e+02 3.002295e+01 4.217310e-01
3.150000e+02 3.122111e+01 4.438740e-01
3.160000e+02 3.732808e+01 5.786360e-01
3.170000e+02 3.594892e+01 5.350264e-01
3.180000e+02 3.851531e+01 5.803722e-01
3.190000e+02 4.363623e+01 6.799174e-01
3.200000e+02 8.541798e+01 1.720776e+00
3.210000e+02 6.647906e+01 1.158186e+00
3.220000e+02 8.224841e+01 1.522995e+00
3.230000e+02 1.141368e+02 2.369066e+00
3.240000e+02 1.702340e+02 4.440848e+00
3.250000e+02 2.190866e+02 7.814951e+00
3.260000e+02 1.876577e+02 5.364611e+00
3.270000e+02 1.343190e+02 3.058784e+00
3.280000e+02 8.925481e+01 1.698796e+00
3.290000e+02 6.666875e+01 1.159599e+00
3.300000e+02 5.445959e+01 8.962901e-01
3.310000e+02 4.727925e+01 7.490735e-01
3.320000e+02 4.315544e+01 6.685466e-01
3.330000e+02 4.380608e+01 6.979055e-01
3.340000e+02 3.806492e+01 5.676836e-01
3.350000e+02 3.700497e+01 5.478793e-01
3.360000e+02 3.579299e+01 5.232284e-01
3.370000e+02 3.489864e+01 5.055432e-01
3.380000e+02 3.437074e+01 4.952531e-01
3.390000e+02 3.408388e+01 4.896158e-01
3.400000e+02 3.393540e+01 4.865282e-01
3.410000e+02 3.391927e+01 4.859906e-01
3.420000e+02 3.404541e+01 4.883348e-01
3.430000e+02 3.500102e+01 5.097138e-01
3.440000e+02 3.462100e+01 4.993621e-01
3.450000e+02 3.611688e+01 5.324487e-01
3.460000e+02 3.539363e+01 5.140701e-01
3.470000e+02 3.543453e+01 5.133048e-01
3.480000e+02 3.585606e+01 5.210271e-01
3.490000e+02 3.646138e+01 5.325226e-01
3.500000e+02 3.721864e+01 5.473492e-01
3.510000e+02 3.863093e+01 5.766861e-01
3.520000e+02 4.172504e+01 6.478999e-01
3.530000e+02 4.177445e+01 6.460539e-01
3.540000e+02 4.020543e+01 6.046095e-01
3.550000e+02 5.474518e+01 9.486008e-01
3.560000e+02 4.224004e+01 6.443622e-01
3.570000e+02 4.351622e+01 6.698108e-01
3.580000e+02 4.692901e+01 7.477105e-01
3.590000e+02 5.419017e+01 9.251778e-01
3.600000e+02 4.876277e+01 7.774951e-01
3.610000e+02 5.002444e+01 7.994138e-01
3.620000e+02 5.269039e+01 8.555033e-01
3.630000e+02 5.591814e+01 9.243437e-01
3.640000e+02 6.112275e+01 1.043838e+00
3.650000e+02 6.613902e+01 1.154911e+00
3.660000e+02 7.471654e+01 1.357324e+00
3.670000e+02 9.627027e+01 1.939685e+00
3.680000e+02 1.656458e+02 4.729220e+00
3.690000e+02 1.694226e+02 4.906180e+00
3.700000e+02 1.131103e+02 2.393481e+00
3.710000e+02 1.218272e+02 2.689564e+00
3.720000e+02 1.175295e+02 2.462871e+00
3.730000e+02 1.331400e+02 2.949616e+00
3.740000e+02 1.544444e+02 3.718885e+00
3.750000e+02 1.834444e+02 5.065779e+00
3.760000e+02 2.152597e+02 7.192669e+00
3.770000e+02 2.463437e+02 1.124391e+01
3.780000e+02 2.648521e+02 1.979375e+01
3.790000e+02 2.688621e+02 3.945332e+01
3.800000e+02 2.692959e+02 7.238213e+01
3.810000e+02 2.690964e+02 5.022725e+01
3.820000e+02 2.672829e+02 2.483341e+01
3.830000e+02 2.551460e+02 1.361019e+01
3.840000e+02 2.283181e+02 8.469763e+00
3.850000e+02 1.969283e+02 5.825121e+00
3.860000e+02 1.687172e+02 4.315975e+00
3.870000e+02 1.469726e+02 3.437624e+00
3.880000e+02 1.276536e+02 2.758456e+00
3.890000e+02 1.143860e+02 2.351873e+00
3.900000e+02 1.058058e+02 2.109881e+00
3.910000e+02 9.760452e+01 1.889734e+00
3.920000e+02 8.860234e+01 1.658560e+00
3.930000e+02 8.254975e+01 1.514176e+00
3.940000e+02 7.651356e+01 1.364470e+00
3.950000e+02 7.401891e+01 1.313310e+00
3.960000e+02 6.977099e+01 1.210615e+00
3.970000e+02 7.250891e+01 1.295125e+00
3.980000e+02 6.526296e+01 1.109380e+00
3.990000e+02 6.390586e+01 1.080373e+00
4.000000e+02 6.994360e+01 1.250167e+00
4.010000e+02 6.696354e+01 1.170602e+00
4.020000e+02 7.126309e+01 1.294126e+00
4.030000e+02 6.243496e+01 1.056589e+00
4.040000e+02 6.096446e+01 1.021902e+00
4.050000e+02 5.938312e+01 9.821397e-01
4.060000e+02 5.913147e+01 9.765478e-01
4.070000e+02 5.920175e+01 9.785678e-01
4.080000e+02 6.126089e+01 1.033321e+00
4.090000e+02 6.014646e+01 1.001672e+00
4.100000e+02 6.016845e+01 1.000397e+00
4.110000e+02 6.091428e+01 1.017350e+00
4.120000e+02 6.265674e+01 1.059803e+00
4.130000e+02 7.359365e+01 1.345911e+00
4.140000e+02 6.867751e+01 1.216444e+00
4.150000e+02 6.708999e+01 1.163815e+00
4.160000e+02 6.904737e+01 1.208433e+00
4.170000e+02 7.243799e+01 1.290936e+00
4.180000e+02 7.730467e+01 1.412887e+00
4.190000e+02 8.438669e+01 1.597083e+00
4.200000e+02 9.553821e+01 1.904608e+00
4.210000e+02 1.140358e+02 2.468555e+00
4.220000e+02 1.465234e+02 3.664789e+00
4.230000e+02 2.043597e+02 7.119601e+00
4.240000e+02 2.590225e+02 2.378794e+01
4.250000e+02 2.642376e+02 7.189323e+01
4.260000e+02 2.406120e+02 1.233773e+01
4.270000e+02 1.795029e+02 5.317257e+00
4.280000e+02 1.363093e+02 3.231844e+00
4.290000e+02 1.159310e+02 2.508086e+00
4.300000e+02 1.043764e+02 2.132709e+00
4.310000e+02 9.869348e+01 1.952577e+00
4.320000e+02 9.675008e+01 1.884949e+00
4.330000e+02 9.800188e+01 1.908873e+00
4.340000e+02 1.016072e+02 1.997817e+00
4.350000e+02 1.085976e+02 2.184790e+00
4.360000e+02 1.212883e+02 2.552569e+00
4.370000e+02 1.458338e+02 3.377519e+00
4.380000e+02 1.802431e+02 4.866773e+00
4.390000e+02 2.233128e+02 8.015779e+00
4.400000e+02 2.041932e+02 6.304255e+00
4.410000e+02 1.834282e+02 5.034142e+00
4.420000e+02 1.917712e+02 5.523808e+00
4.430000e+02 2.130722e+02 6.981601e+00
4.440000e+02 2.297881e+02 8.605111e+00
4.450000e+02 2.526264e+02 1.274649e+01
4.460000e+02 2.665923e+02 2.264347e+01
4.470000e+02 2.690956e+02 4.717082e+01
4.480000e+02 2.693779e+02 8.995703e+01
4.490000e+02 2.690408e+02 4.515069e+01
4.500000e+02 2.661301e+02 2.169370e+01
4.510000e+02 2.508959e+02 1.226354e+01
4.520000e+02 2.249063e+02 8.086069e+00
4.530000e+02 1.967170e+02 5.787733e+00
4.540000e+02 1.732298e+02 4.501495e+00
4.550000e+02 1.550152e+02 3.710445e+00
4.560000e+02 1.411035e+02 3.187553e+00
4.570000e+02 1.316430e+02 2.873084e+00
4.580000e+02 1.234401e+02 2.606862e+00
4.590000e+02 1.170879e+02 2.409454e+00
4.600000e+02 1.128664e+02 2.285830e+00
4.610000e+02 1.107000e+02 2.229669e+00
4.620000e+02 1.088834e+02 2.179100e+00
4.630000e+02 1.118482e+02 2.291698e+00
4.640000e+02 1.105873e+02 2.244350e+00
4.650000e+02 1.082784e+02 2.159049e+00
4.660000e+02 1.092301e+02 2.186345e+00
4.670000e+02 1.127036e+02 2.293128e+00
4.680000e+02 1.522633e+02 3.925896e+00
4.690000e+02 1.322236e+02 2.922138e+00
4.700000e+02 1.627300e+02 4.150881e+00
4.710000e+02 2.002327e+02 6.392242e+00
4.720000e+02 1.694616e+02 4.327819e+00
4.730000e+02 1.915611e+02 5.552417e+00
4.740000e+02 2.301392e+02 8.739809e+00
4.750000e+02 2.420625e+02 1.060522e+01
4.760000e+02 2.135822e+02 7.333999e+00
4.770000e+02 1.615696e+02 3.995176e+00
4.780000e+02 1.406730e+02 3.177501e+00
4.790000e+02 1.311598e+02 2.855547e+00
4.800000e+02 1.324506e+02 2.939004e+00
4.810000e+02 1.319481e+02 2.938403e+00
4.820000e+02 1.305093e+02 2.869580e+00
4.830000e+02 1.330180e+02 2.948336e+00
4.840000e+02 1.424976e+02 3.306155e+00
4.850000e+02 1.631853e+02 4.206156e+00
4.860000e+02 2.099642e+02 7.331195e+00
4.870000e+02 2.602083e+02 3.262776e+01
4.880000e+02 2.477944e+02 1.376962e+01
4.890000e+02 2.057047e+02 6.728873e+00
4.900000e+02 1.733062e+02 4.618208e+00
4.910000e+02 1.559567e+02 3.802978e+00
4.920000e+02 1.477143e+02 3.470534e+00
4.930000e+02 1.415209e+02 3.217308e+00
4.940000e+02 1.399696e+02 3.155627e+00
4.950000e+02 1.400683e+02 3.155749e+00
4.960000e+02 1.437668e+02 3.308607e+00
4.970000e+02 1.466913e+02 3.430056e+00
4.980000e+02 1.481676e+02 3.474951e+00
4.990000e+02 1.476767e+02 3.435503e+00
5.000000e+02 1.492301e+02 3.482595e+00
5.010000e+02 1.521123e+02 3.591990e+00
5.020000e+02 1.566120e+02 3.778992e+00
5.030000e+02 1.609515e+02 3.949513e+00
5.040000e+02 1.650856e+02 4.122907e+00
5.050000e+02 1.661150e+02 4.169574e+00
5.060000e+02 1.682294e+02 4.262907e+00
5.070000e+02 1.724547e+02 4.461700e+00
5.080000e+02 1.816357e+02 4.972116e+00
5.090000e+02 1.861919e+02 5.196826e+00
5.100000e+02 1.865041e+02 5.185494e+00
5.110000e+02 1.867818e+02 5.191555e+00
5.120000e+02 1.891195e+02 5.324229e+00
5.130000e+02 1.920748e+02 5.493904e+00
5.140000e+02 1.956753e+02 5.713483e+00
5.150000e+02 2.041025e+02 6.341376e+00
5.160000e+02 2.035723e+02 6.237580e+00
5.170000e+02 2.080566e+02 6.573405e+00
5.180000e+02 2.120221e+02 6.879931e+00
5.190000e+02 2.160906e+02 7.218974e+00
5.200000e+02 2.232180e+02 7.980219e+00
5.210000e+02 2.245354e+02 8.028551e+00
5.220000e+02 2.324070e+02 9.078689e+00
5.230000e+02 2.332186e+02 9.068488e+00
5.240000e+02 2.366180e+02 9.512605e+00
5.250000e+02 2.403109e+02 1.007507e+01
5.260000e+02 2.440112e+02 1.072767e+01
5.270000e+02 2.476774e+02 1.149188e+01
5.280000e+02 2.508844e+02 1.226744e+01
5.290000e+02 2.538485e+02 1.312458e+01
5.300000e+02 2.566182e+02 1.410799e+01
5.310000e+02 2.591302e+02 1.523043e+01
5.320000e+02 2.612556e+02 1.642852e+01
5.330000e+02 2.631241e+02 1.782811e+01
5.340000e+02 2.646962e+02 1.944961e+01
5.350000e+02 2.659346e+02 2.123288e+01
5.360000e+02 2.669427e+02 2.345146e+01
5.370000e+02 2.676503e+02 2.572384e+01
5.380000e+02 2.681841e+02 2.851585e+01
5.390000e+02 2.685636e+02 3.181922e+01
5.400000e+02 2.688300e+02 3.569241e+01
5.410000e+02 2.690219e+02 4.031652e+01
5.420000e+02 2.691684e+02 4.593924e+01
5.430000e+02 2.692882e+02 5.286488e+01
5.440000e+02 2.693923e+02 6.155332e+01
5.450000e+02 2.694864e+02 7.290794e+01
5.460000e+02 2.695727e+02 8.766316e+01
5.470000e+02 2.696508e+02 1.084913e+02
5.480000e+02 2.697151e+02 1.338299e+02
5.490000e+02 2.697678e+02 1.620402e+02
5.500000e+02 2.698171e+02 2.054816e+02
5.510000e+02 2.698618e+02 2.750671e+02
5.520000e+02 2.699003e+02 3.815781e+02
5.530000e+02 2.699318e+02 5.637703e+02
5.540000e+02 2.699564e+02 9.019112e+02
5.550000e+02 2.699740e+02 1.591057e+03
5.560000e+02 2.699847e+02 3.037243e+03
5.570000e+02 2.699885e+02 4.916424e+03
5.580000e+02 2.699854e+02 3.114582e+03
5.590000e+02 2.699755e+02 1.658964e+03
5.600000e+02 2.699589e+02 9.449127e+02
5.610000e+02 2.699357e+02 5.914887e+02
5.620000e+02 2.699060e+02 4.002424e+02
5.630000e+02 2.698698e+02 2.873809e+02
5.640000e+02 2.698273e+02 2.159039e+02
5.650000e+02 2.697786e+02 1.680381e+02
5.660000e+02 2.697237e+02 1.346650e+02
5.670000e+02 2.696628e+02 1.104614e+02
5.680000e+02 2.695960e+02 9.187928e+01
5.690000e+02 2.695231e+02 7.784884e+01
5.700000e+02 2.694440e+02 6.720507e+01
5.710000e+02 2.693581e+02 6.367619e+01
5.720000e+02 2.692625e+02 5.097806e+01
5.730000e+02 2.691537e+02 4.523633e+01
5.740000e+02 2.690232e+02 4.027027e+01
5.750000e+02 2.688585e+02 3.616866e+01
5.760000e+02 2.686430e+02 3.273566e+01
5.770000e+02 2.683547e+02 2.978383e+01
5.780000e+02 2.679670e+02 2.720663e+01
5.790000e+02 2.674484e+02 2.492505e+01
5.800000e+02 2.667871e+02 2.297227e+01
5.810000e+02 2.659614e+02 2.126070e+01
5.820000e+02 2.650930e+02 2.003674e+01
5.830000e+02 2.637816e+02 1.843209e+01
5.840000e+02 2.623768e+02 1.720473e+01
5.850000e+02 2.607774e+02 1.610840e+01
5.860000e+02 2.590132e+02 1.514065e+01
5.870000e+02 2.570826e+02 1.427049e+01
5.880000e+02 2.549854e+02 1.347814e+01
5.890000e+02 2.527909e+02 1.277694e+01
5.900000e+02 2.504483e+02 1.212704e+01
5.910000e+02 2.492611e+02 1.191207e+01
5.920000e+02 2.455037e+02 1.099875e+01
5.930000e+02 2.429937e+02 1.052056e+01
5.940000e+02 2.403291e+02 1.005403e+01
5.950000e+02 2.400381e+02 1.012472e+01
5.960000e+02 2.352952e+02 9.292611e+00
5.970000e+02 2.330122e+02 8.983181e+00
5.980000e+02 2.314035e+02 8.780086e+00
5.990000e+02 2.311226e+02 8.755697e+00
6.000000e+02 2.329484e+02 9.085545e+00
6.010000e+02 2.261758e+02 8.182144e+00
6.020000e+02 2.216621e+02 7.710041e+00
6.030000e+02 2.184762e+02 7.414026e+00
6.040000e+02 2.150374e+02 7.096335e+00
6.050000e+02 2.123774e+02 6.871303e+00
6.060000e+02 2.101433e+02 6.692320e+00
6.070000e+02 2.081727e+02 6.539824e+00
6.080000e+02 2.067479e+02 6.437697e+00
6.090000e+02 2.053676e+02 6.334481e+00
6.100000e+02 2.063373e+02 6.445476e+00
6.110000e+02 2.054943e+02 6.372145e+00
6.120000e+02 2.045450e+02 6.272972e+00
6.130000e+02 2.057422e+02 6.352394e+00
6.140000e+02 2.086604e+02 6.567117e+00
6.150000e+02 2.141548e+02 7.012868e+00
6.160000e+02 2.222400e+02 7.739683e+00
6.170000e+02 2.347619e+02 9.182463e+00
6.180000e+02 2.509801e+02 1.220917e+01
6.190000e+02 2.646787e+02 1.937129e+01
6.200000e+02 2.687387e+02 3.652255e+01
6.210000e+02 2.689793e+02 4.567188e+01
6.220000e+02 2.672805e+02 2.454899e+01
6.230000e+02 2.567386e+02 1.407540e+01
6.240000e+02 2.384131e+02 9.718901e+00
6.250000e+02 2.204349e+02 7.558313e+00
6.260000e+02 2.064707e+02 6.394829e+00
6.270000e+02 1.964717e+02 5.720740e+00
6.280000e+02 1.899855e+02 5.350381e+00
6.290000e+02 1.819628e+02 4.884805e+00
6.300000e+02 1.767200e+02 4.616553e+00
6.310000e+02 1.725820e+02 4.416648e+00
6.320000e+02 1.711904e+02 4.377600e+00
6.330000e+02 1.665391e+02 4.143287e+00
6.340000e+02 1.645023e+02 4.059492e+00
6.350000e+02 1.620011e+02 3.948362e+00
6.360000e+02 1.595094e+02 3.837512e+00
6.370000e+02 1.577175e+02 3.763317e+00
6.380000e+02 1.563317e+02 3.709272e+00
6.390000e+02 1.639770e+02 4.133369e+00
6.400000e+02 1.558614e+02 3.713292e+00
6.410000e+02 1.523617e+02 3.551464e+00
6.420000e+02 1.526447e+02 3.577479e+00
6.430000e+02 1.508061e+02 3.496048e+00
6.440000e+02 1.497235e+02 3.451996e+00
6.450000e+02 1.528100e+02 3.610342e+00
6.460000e+02 1.497083e+02 3.454894e+00
6.470000e+02 1.476789e+02 3.374279e+00
6.480000e+02 1.521876e+02 3.604378e+00
6.490000e+02 1.457856e+02 3.300526e+00
6.500000e+02 1.455013e+02 3.291271e+00
6.510000e+02 1.471974e+02 3.373882e+00
6.520000e+02 1.474191e+02 3.382713e+00
6.530000e+02 1.483762e+02 3.424641e+00
6.540000e+02 1.520169e+02 3.599586e+00
6.550000e+02 2.084494e+02 7.852145e+00
6.560000e+02 2.140555e+02 8.611123e+00
6.570000e+02 1.606963e+02 3.923691e+00
6.580000e+02 1.799317e+02 4.973520e+00
6.590000e+02 1.591417e+02 3.822483e+00
6.600000e+02 1.502002e+02 3.457974e+00
6.610000e+02 1.461906e+02 3.312867e+00
6.620000e+02 1.436670e+02 3.218797e+00
6.630000e+02 1.420592e+02 3.157834e+00
6.640000e+02 1.413153e+02 3.131370e+00
6.650000e+02 1.415246e+02 3.144825e+00
6.660000e+02 1.431435e+02 3.221633e+00
6.670000e+02 1.416736e+02 3.155085e+00
6.680000e+02 1.407226e+02 3.112708e+00
6.690000e+02 1.406738e+02 3.110345e+00
6.700000e+02 1.479311e+02 3.446628e+00
6.710000e+02 1.414417e+02 3.142106e+00
6.720000e+02 1.440867e+02 3.260504e+00
6.730000e+02 1.423000e+02 3.174725e+00
6.740000e+02 1.457400e+02 3.329027e+00
6.750000e+02 1.416733e+02 3.141346e+00
6.760000e+02 1.451219e+02 3.292208e+00
6.770000e+02 1.434889e+02 3.212493e+00
6.780000e+02 1.455811e+02 3.303806e+00
6.790000e+02 1.440641e+02 3.228923e+00
6.800000e+02 1.439377e+02 3.219970e+00
6.810000e+02 1.444064e+02 3.236114e+00
6.820000e+02 1.450927e+02 3.261292e+00
6.830000e+02 1.459821e+02 3.295175e+00
6.840000e+02 1.472774e+02 3.348662e+00
6.850000e+02 1.473996e+02 3.345811e+00
6.860000e+02 1.482555e+02 3.377220e+00
6.870000e+02 1.491987e+02 3.412292e+00
6.880000e+02 1.502682e+02 3.452757e+00
6.890000e+02 1.515039e+02 3.500265e+00
6.900000e+02 1.530800e+02 3.562285e+00
6.910000e+02 1.557264e+02 3.672770e+00
6.920000e+02 1.604316e+02 3.891118e+00
6.930000e+02 1.595123e+02 3.841534e+00
6.940000e+02 1.593301e+02 3.826667e+00
6.950000e+02 1.607778e+02 3.891510e+00
6.960000e+02 1.626097e+02 3.973168e+00
6.970000e+02 1.622367e+02 3.936555e+00
6.980000e+02 1.637313e+02 3.999114e+00
6.990000e+02 1.706389e+02 4.359492e+00
7.000000e+02 1.676854e+02 4.177020e+00
7.010000e+02 1.750462e+02 4.594513e+00
7.020000e+02 1.720532e+02 4.380592e+00
7.030000e+02 1.768975e+02 4.646284e+00
7.040000e+02 1.760882e+02 4.570596e+00
7.050000e+02 1.781693e+02 4.672469e+00
7.060000e+02 1.806634e+02 4.800479e+00
7.070000e+02 1.832865e+02 4.938989e+00
7.080000e+02 1.866338e+02 5.130604e+00
7.090000e+02 1.892989e+02 5.277196e+00
7.100000e+02 1.928254e+02 5.490672e+00
7.110000e+02 1.968619e+02 5.749026e+00
7.120000e+02 2.018679e+02 6.096501e+00
7.130000e+02 2.094952e+02 6.697845e+00
7.140000e+02 2.250003e+02 8.289804e+00
7.150000e+02 2.572539e+02 1.828233e+01
7.160000e+02 2.514849e+02 1.408403e+01
7.170000e+02 2.284319e+02 8.606501e+00
7.180000e+02 2.237669e+02 7.984847e+00
7.190000e+02 2.236894e+02 7.919508e+00
7.200000e+02 2.268071e+02 8.267261e+00
7.210000e+02 2.287330e+02 8.436709e+00
7.220000e+02 2.320717e+02 8.835833e+00
7.230000e+02 2.364407e+02 9.459151e+00
7.240000e+02 2.392672e+02 9.855169e+00
7.250000e+02 2.426698e+02 1.041886e+01
7.260000e+02 2.461625e+02 1.109328e+01
7.270000e+02 2.496312e+02 1.188668e+01
7.280000e+02 2.530125e+02 1.283184e+01
7.290000e+02 2.557164e+02 1.370226e+01
7.300000e+02 2.588916e+02 1.512445e+01
7.310000e+02 2.610531e+02 1.630398e+01
7.320000e+02 2.628946e+02 1.758004e+01
7.330000e+02 2.645871e+02 1.924413e+01
7.340000e+02 2.659890e+02 2.127877e+01
7.350000e+02 2.671544e+02 2.415329e+01
7.360000e+02 2.678219e+02 2.640650e+01
7.370000e+02 2.683656e+02 2.979273e+01
7.380000e+02 2.687332e+02 3.392634e+01
7.390000e+02 2.689827e+02 3.904452e+01
7.400000e+02 2.691619e+02 4.557857e+01
7.410000e+02 2.693029e+02 5.374162e+01
7.420000e+02 2.694232e+02 6.453387e+01
7.430000e+02 2.695301e+02 7.919136e+01
7.440000e+02 2.696260e+02 9.982525e+01
7.450000e+02 2.697098e+02 1.299951e+02
7.460000e+02 2.697788e+02 1.703156e+02
7.470000e+02 2.698375e+02 2.323544e+02
7.480000e+02 2.698876e+02 3.389828e+02
7.490000e+02 2.699276e+02 5.365664e+02
7.500000e+02 2.699568e+02 9.381722e+02
7.510000e+02 2.699751e+02 1.802544e+03
7.520000e+02 2.699824e+02 3.182806e+03
7.530000e+02 2.699788e+02 2.148044e+03
7.540000e+02 2.699644e+02 1.131596e+03
7.550000e+02 2.699392e+02 6.322771e+02
7.560000e+02 2.699035e+02 3.901793e+02
7.570000e+02 2.698574e+02 2.616842e+02
7.580000e+02 2.698012e+02 1.866171e+02
7.590000e+02 2.697351e+02 1.396569e+02
7.600000e+02 2.696594e+02 1.084869e+02
7.610000e+02 2.695743e+02 8.678405e+01
7.620000e+02 2.694798e+02 7.111738e+01
7.630000e+02 2.693751e+02 5.945244e+01
7.640000e+02 2.692571e+02 5.056211e+01
7.650000e+02 2.691185e+02 4.371039e+01
7.660000e+02 2.689449e+02 3.828324e+01
7.670000e+02 2.687132e+02 3.387246e+01
7.680000e+02 2.684014e+02 3.041075e+01
7.690000e+02 2.680046e+02 2.775427e+01
7.700000e+02 2.675752e+02 2.597405e+01
7.710000e+02 2.672951e+02 2.549739e+01
7.720000e+02 2.675515e+02 2.846291e+01
7.730000e+02 2.682687e+02 4.937093e+01
7.740000e+02 2.685781e+02 1.598246e+02
7.750000e+02 2.675866e+02 3.475285e+01
7.760000e+02 2.647837e+02 2.116293e+01
7.770000e+02 2.609868e+02 1.678329e+01
7.780000e+02 2.573285e+02 1.462425e+01
7.790000e+02 2.537537e+02 1.319177e+01
7.800000e+02 2.504726e+02 1.220966e+01
7.810000e+02 2.468878e+02 1.130766e+01
7.820000e+02 2.438392e+02 1.069483e+01
7.830000e+02 2.404797e+02 1.008132e+01
7.840000e+02 2.371386e+02 9.544748e+00
7.850000e+02 2.343895e+02 9.173093e+00
7.860000e+02 2.305370e+02 8.641967e+00
7.870000e+02 2.272043e+02 8.243370e+00
7.880000e+02 2.240690e+02 7.902431e+00
7.890000e+02 2.210519e+02 7.598312e+00
7.900000e+02 2.181283e+02 7.321918e+00
7.910000e+02 2.157910e+02 7.123109e+00
7.920000e+02 2.127593e+02 6.860229e+00
7.930000e+02 2.119296e+02 6.838916e+00
7.940000e+02 2.071837e+02 6.418037e+00
7.950000e+02 2.044872e+02 6.217034e+00
7.960000e+02 2.021067e+02 6.049414e+00
7.970000e+02 1.997883e+02 5.891276e+00
7.980000e+02 1.975348e+02 5.744022e+00
7.990000e+02 1.955808e+02 5.626570e+00
8.000000e+02 1.929391e+02 5.455633e+00
8.010000e+02 1.908832e+02 5.332865e+00
8.020000e+02 1.891976e+02 5.238207e+00
8.030000e+02 1.878894e+02 5.169896e+00
8.040000e+02 1.855876e+02 5.034213e+00
8.050000e+02 1.836720e+02 4.928878e+00
8.060000e+02 1.822118e+02 4.853250e+00
8.070000e+02 1.815426e+02 4.831940e+00
8.080000e+02 1.805244e+02 4.789551e+00
8.090000e+02 1.773275e+02 4.600278e+00
8.100000e+02 1.761734e+02 4.545562e+00
8.110000e+02 1.781403e+02 4.686392e+00
8.120000e+02 1.735997e+02 4.420748e+00
8.130000e+02 1.755246e+02 4.556994e+00
8.140000e+02 2.052642e+02 6.849139e+00
8.150000e+02 1.697420e+02 4.234830e+00
8.160000e+02 1.685642e+02 4.179294e+00
8.170000e+02 1.675434e+02 4.132537e+00
8.180000e+02 1.667883e+02 4.100467e+00
8.190000e+02 1.661111e+02 4.072064e+00
8.200000e+02 1.662318e+02 4.088521e+00
8.210000e+02 1.645386e+02 4.001229e+00
8.220000e+02 1.640548e+02 3.980938e+00
8.230000e+02 1.637047e+02 3.966793e+00
8.240000e+02 1.638810e+02 3.978272e+00
8.250000e+02 1.650076e+02 4.038688e+00
8.260000e+02 1.711682e+02 4.387915e+00
8.270000e+02 1.693200e+02 4.248946e+00
8.280000e+02 1.780678e+02 4.757957e+00
8.290000e+02 1.687760e+02 4.228865e+00
8.300000e+02 1.719450e+02 4.403123e+00
8.310000e+02 2.073331e+02 7.187179e+00
8.320000e+02 1.988819e+02 6.145766e+00
8.330000e+02 2.364923e+02 1.066490e+01
8.340000e+02 2.631625e+02 5.634919e+01
8.350000e+02 2.492509e+02 1.423308e+01
8.360000e+02 2.049786e+02 6.621059e+00
8.370000e+02 1.868114e+02 5.338031e+00
8.380000e+02 1.756718e+02 4.666018e+00
8.390000e+02 1.673099e+02 4.193802e+00
8.400000e+02 1.689562e+02 4.318724e+00
8.410000e+02 1.856431e+02 5.446510e+00
8.420000e+02 1.793808e+02 5.019021e+00
8.430000e+02 2.196497e+02 9.728941e+00
8.440000e+02 1.587565e+02 3.793361e+00
8.450000e+02 1.555201e+02 3.629546e+00
8.460000e+02 1.547247e+02 3.590707e+00
8.470000e+02 1.546441e+02 3.583442e+00
8.480000e+02 1.558916e+02 3.634968e+00
8.490000e+02 1.683472e+02 4.299421e+00
8.500000e+02 1.560500e+02 3.645950e+00
8.510000e+02 1.537207e+02 3.541579e+00
8.520000e+02 1.532573e+02 3.522530e+00
8.530000e+02 1.542033e+02 3.567098e+00
8.540000e+02 1.537132e+02 3.541192e+00
8.550000e+02 1.532676e+02 3.521098e+00
8.560000e+02 1.535941e+02 3.533513e+00
8.570000e+02 1.555509e+02 3.620060e+00
8.580000e+02 1.943858e+02 6.152051e+00
8.590000e+02 1.611372e+02 3.839940e+00
8.600000e+02 1.654000e+02 4.023349e+00
8.610000e+02 1.623796e+02 3.895767e+00
8.620000e+02 1.580007e+02 3.713860e+00
8.630000e+02 1.697318e+02 4.400560e+00
8.640000e+02 1.541243e+02 3.550901e+00
8.650000e+02 1.533679e+02 3.519458e+00
8.660000e+02 1.557991e+02 3.644767e+00
8.670000e+02 1.529721e+02 3.502838e+00
8.680000e+02 1.529505e+02 3.501024e+00
8.690000e+02 1.551822e+02 3.610153e+00
8.700000e+02 1.533200e+02 3.515505e+00
8.710000e+02 1.534077e+02 3.517413e+00
8.720000e+02 1.536497e+02 3.526445e+00
8.730000e+02 1.539385e+02 3.537429e+00
8.740000e+02 1.544888e+02 3.560957e+00
8.750000e+02 1.546665e+02 3.565948e+00
8.760000e+02 1.551077e+02 3.583462e+00
8.770000e+02 1.556284e+02 3.604168e+00
8.780000e+02 1.566417e+02 3.648419e+00
8.790000e+02 1.569752e+02 3.660240e+00
8.800000e+02 1.571255e+02 3.663943e+00
8.810000e+02 1.578800e+02 3.697118e+00
8.820000e+02 1.586070e+02 3.728499e+00
8.830000e+02 1.862922e+02 5.462933e+00
8.840000e+02 1.600802e+02 3.790293e+00
8.850000e+02 1.605752e+02 3.807165e+00
8.860000e+02 1.619252e+02 3.869202e+00
8.870000e+02 1.640377e+02 3.973260e+00
8.880000e+02 1.703961e+02 4.328873e+00
8.890000e+02 1.654160e+02 4.016408e+00
8.900000e+02 1.671171e+02 4.086960e+00
8.910000e+02 1.700896e+02 4.221786e+00
8.920000e+02 1.753082e+02 4.471997e+00
8.930000e+02 1.844972e+02 4.964739e+00
8.940000e+02 1.888765e+02 5.228908e+00
8.950000e+02 1.886618e+02 5.281569e+00
8.960000e+02 1.945196e+02 5.776565e+00
8.970000e+02 1.790413e+02 4.654849e+00
8.980000e+02 1.802932e+02 4.712745e+00
8.990000e+02 1.834778e+02 4.878654e+00
9.000000e+02 1.850762e+02 4.963309e+00
9.010000e+02 1.871960e+02 5.087943e+00
9.020000e+02 1.904164e+02 5.263420e+00
9.030000e+02 1.949599e+02 5.537742e+00
9.040000e+02 1.998400e+02 5.848093e+00
9.050000e+02 2.087517e+02 6.479263e+00
9.060000e+02 2.206939e+02 7.517600e+00
9.070000e+02 2.210504e+02 7.538460e+00
9.080000e+02 2.239913e+02 7.896117e+00
9.090000e+02 2.290583e+02 8.405243e+00
9.100000e+02 2.383130e+02 9.624472e+00
9.110000e+02 2.490136e+02 1.163771e+01
9.120000e+02 2.596664e+02 1.538139e+01
9.130000e+02 2.664045e+02 2.196947e+01
9.140000e+02 2.688374e+02 3.619250e+01
9.150000e+02 2.694046e+02 6.880596e+01
9.160000e+02 2.695975e+02 1.217175e+02
9.170000e+02 2.694919e+02 8.456533e+01
9.180000e+02 2.690827e+02 4.371013e+01
9.190000e+02 2.676904e+02 2.588493e+01
9.200000e+02 2.628978e+02 1.750514e+01
9.210000e+02 2.542738e+02 1.311278e+01
9.220000e+02 2.445730e+02 1.070226e+01
9.230000e+02 2.351269e+02 9.149186e+00
9.240000e+02 2.272157e+02 8.171197e+00
9.250000e+02 2.221852e+02 7.689729e+00
9.260000e+02 2.163664e+02 7.117314e+00
9.270000e+02 2.122706e+02 6.762755e+00
9.280000e+02 2.095775e+02 6.550944e+00
9.290000e+02 2.071910e+02 6.363899e+00
9.300000e+02 2.054744e+02 6.235334e+00
9.310000e+02 2.044535e+02 6.162392e+00
9.320000e+02 2.040974e+02 6.142356e+00
9.330000e+02 2.111185e+02 6.856027e+00
9.340000e+02 2.040365e+02 6.141807e+00
9.350000e+02 2.039167e+02 6.124895e+00
9.360000e+02 2.046158e+02 6.178559e+00
9.370000e+02 2.052644e+02 6.224831e+00
9.380000e+02 2.059101e+02 6.265741e+00
9.390000e+02 2.068598e+02 6.335113e+00
9.400000e+02 2.079779e+02 6.420069e+00
9.410000e+02 2.091514e+02 6.508324e+00
9.420000e+02 2.105202e+02 6.614681e+00
9.430000e+02 2.121379e+02 6.745655e+00
9.440000e+02 2.138599e+02 6.886876e+00
9.450000e+02 2.163829e+02 7.122914e+00
9.460000e+02 2.172083e+02 7.175969e+00
9.470000e+02 2.189585e+02 7.335328e+00
9.480000e+02 2.210366e+02 7.536746e+00
9.490000e+02 2.258274e+02 8.125094e+00
9.500000e+02 2.253227e+02 7.974397e+00
9.510000e+02 2.282039e+02 8.317205e+00
9.520000e+02 2.297968e+02 8.472230e+00
9.530000e+02 2.323206e+02 8.783704e+00
9.540000e+02 2.350066e+02 9.143806e+00
9.550000e+02 2.376416e+02 9.524843e+00
9.560000e+02 2.410304e+02 1.010806e+01
9.570000e+02 2.430107e+02 1.040952e+01
9.580000e+02 2.460589e+02 1.101778e+01
9.590000e+02 2.489103e+02 1.164827e+01
9.600000e+02 2.515955e+02 1.231183e+01
9.610000e+02 2.545199e+02 1.319313e+01
9.620000e+02 2.574848e+02 1.430792e+01
9.630000e+02 2.603664e+02 1.572501e+01
9.640000e+02 2.630841e+02 1.762012e+01
9.650000e+02 2.654924e+02 2.031500e+01
9.660000e+02 2.673847e+02 2.446615e+01
9.670000e+02 2.685857e+02 3.163953e+01
9.680000e+02 2.691800e+02 4.604463e+01
9.690000e+02 2.695162e+02 8.081907e+01
9.700000e+02 2.696935e+02 1.474931e+02
9.710000e+02 2.696468e+02 1.178394e+02
9.720000e+02 2.694403e+02 6.736963e+01
9.730000e+02 2.692273e+02 5.115522e+01
9.740000e+02 2.690932e+02 4.224118e+01
9.750000e+02 2.690702e+02 4.149701e+01
9.760000e+02 2.691282e+02 4.379598e+01
9.770000e+02 2.692230e+02 4.847657e+01
9.780000e+02 2.693288e+02 5.560968e+01
9.790000e+02 2.694353e+02 6.587511e+01
9.800000e+02 2.695381e+02 8.109149e+01
9.810000e+02 2.696344e+02 1.018888e+02
9.820000e+02 2.697219e+02 1.344506e+02
9.830000e+02 2.697985e+02 1.875963e+02
9.840000e+02 2.698625e+02 2.768070e+02
9.850000e+02 2.699129e+02 4.451716e+02
9.860000e+02 2.699491e+02 7.989312e+02
9.870000e+02 2.699707e+02 1.560834e+03
9.880000e+02 2.699771e+02 2.431718e+03
9.890000e+02 2.699685e+02 1.416866e+03
9.900000e+02 2.699450e+02 7.317904e+02
9.910000e+02 2.699072e+02 4.165943e+02
9.920000e+02 2.698561e+02 2.638358e+02
9.930000e+02 2.697932e+02 1.820336e+02
9.940000e+02 2.697219e+02 1.355935e+02
9.950000e+02 2.696424e+02 1.059527e+02
9.960000e+02 2.695475e+02 8.285097e+01
9.970000e+02 2.694393e+02 6.656043e+01
9.980000e+02 2.693217e+02 5.524802e+01
9.990000e+02 2.691918e+02 4.711586e+01
1.000000e+03 2.690396e+02 4.080056e+01
0.700000 0 0
1.000000e+01 3.581423e+00 1.584355e-02
1.100000e+01 3.614855e+00 1.644793e-02
1.200000e+01 3.640707e+00 1.689008e-02
1.300000e+01 3.677388e+00 1.753871e-02
1.400000e+01 3.720176e+00 1.829423e-02
1.500000e+01 3.772435e+00 1.922026e-02
1.600000e+01 3.832228e+00 2.026594e-02
1.700000e+01 3.907610e+00 2.157651e-02
1.800000e+01 4.011994e+00 2.338447e-02
1.900000e+01 4.172800e+00 2.614945e-02
2.000000e+01 4.467796e+00 3.119372e-02
2.100000e+01 5.114625e+00 4.227488e-02
2.200000e+01 6.311104e+00 6.334902e-02
2.300000e+01 5.968210e+00 5.711011e-02
2.400000e+01 5.235154e+00 4.451922e-02
2.500000e+01 4.941363e+00 3.959490e-02
2.600000e+01 4.868691e+00 3.847190e-02
2.700000e+01 4.892790e+00 3.899847e-02
2.800000e+01 4.970188e+00 4.044681e-02
2.900000e+01 5.109170e+00 4.303582e-02
3.000000e+01 5.276693e+00 4.613905e-02
3.100000e+01 5.390009e+00 4.807058e-02
3.200000e+01 5.581159e+00 5.152007e-02
3.300000e+01 5.801473e+00 5.550073e-02
3.400000e+01 6.053095e+00 6.005182e-02
3.500000e+01 6.340864e+00 6.526569e-02
3.600000e+01 6.736085e+00 7.256041e-02
3.700000e+01 7.045781e+00 7.807373e-02
3.800000e+01 7.495786e+00 8.632319e-02
3.900000e+01 7.980648e+00 9.514035e-02
4.000000e+01 8.565102e+00 1.058559e-01
4.100000e+01 9.253308e+00 1.185217e-01
4.200000e+01 1.007075e+01 1.336302e-01
4.300000e+01 1.106128e+01 1.520532e-01
4.400000e+01 1.224269e+01 1.740919e-01
4.500000e+01 1.370262e+01 2.015144e-01
4.600000e+01 1.552128e+01 2.359160e-01
4.700000e+01 1.785060e+01 2.804109e-01
4.800000e+01 2.089977e+01 3.393426e-01
4.900000e+01 2.503080e+01 4.204136e-01
5.000000e+01 3.096808e+01 5.395158e-01
5.100000e+01 4.041127e+01 7.350848e-01
5.200000e+01 5.920411e+01 1.152058e+00
5.300000e+01 1.008607e+02 2.242657e+00
5.400000e+01 1.780567e+02 5.407543e+00
5.500000e+01 2.456464e+02 1.373613e+01
5.600000e+01 2.635942e+02 3.590538e+01
5.700000e+01 2.661542e+02 7.854564e+01
5.800000e+01 2.671337e+02 7.802512e+01
5.900000e+01 2.674549e+02 1.014270e+02
6.000000e+01 2.676928e+02 1.024884e+02
6.100000e+01 2.677094e+02 1.063909e+02
6.200000e+01 2.675067e+02 9.039520e+01
6.300000e+01 2.663914e+02 1.085643e+02
6.400000e+01 2.614666e+02 2.617774e+01
6.500000e+01 2.282798e+02 9.864078e+00
6.600000e+01 1.505985e+02 3.980686e+00
6.700000e+01 8.911653e+01 1.896445e+00
6.800000e+01 5.860297e+01 1.134505e+00
6.900000e+01 4.383653e+01 8.062689e-01
7.000000e+01 3.533408e+01 6.266958e-01
7.100000e+01 2.962951e+01 5.097419e-01
7.200000e+01 2.549797e+01 4.267408e-01
7.300000e+01 2.237799e+01 3.649831e-01
7.400000e+01 1.995892e+01 3.176368e-01
7.500000e+01 1.805509e+01 2.807322e-01
7.600000e+01 1.651899e+01 2.511588e-01
7.700000e+01 1.523761e+01 2.265599e-01
7.800000e+01 1.416790e+01 2.060595e-01
7.900000e+01 1.336045e+01 1.906854e-01
8.000000e+01 1.258546e+01 1.758512e-01
8.100000e+01 1.196145e+01 1.640123e-01
8.200000e+01 1.136816e+01 1.528051e-01
8.300000e+01 1.087599e+01 1.435221e-01
8.400000e+01 1.046334e+01 1.357277e-01
8.500000e+01 1.011234e+01 1.290856e-01
8.600000e+01 9.812665e+00 1.234004e-01
8.700000e+01 9.559569e+00 1.185802e-01
8.800000e+01 9.346348e+00 1.145023e-01
8.900000e+01 9.150447e+00 1.107574e-01
9.000000e+01 8.992802e+00 1.077228e-01
9.100000e+01 8.859424e+00 1.051357e-01
9.200000e+01 8.751310e+00 1.030036e-01
9.300000e+01 8.680070e+00 1.015743e-01
9.400000e+01 9.236347e+00 1.128279e-01
9.500000e+01 8.592690e+00 9.968019e-02
9.600000e+01 8.756952e+00 1.029683e-01
9.700000e+01 8.595616e+00 9.943003e-02
9.800000e+01 8.618418e+00 9.964804e-02
9.900000e+01 8.682688e+00 1.006556e-01
1.000000e+02 8.815296e+00 1.029878e-01
1.010000e+02 8.982017e+00 1.059803e-01
1.020000e+02 9.339654e+00 1.129082e-01
1.030000e+02 9.268655e+00 1.107324e-01
1.040000e+02 9.713583e+00 1.191578e-01
1.050000e+02 9.836831e+00 1.207646e-01
1.060000e+02 1.025444e+01 1.282739e-01
1.070000e+02 1.079725e+01 1.381393e-01
1.080000e+02 1.151596e+01 1.513424e-01
1.090000e+02 1.246438e+01 1.689422e-01
1.100000e+02 1.378075e+01 1.936971e-01
1.110000e+02 1.622639e+01 2.418413e-01
1.120000e+02 1.804578e+01 2.748413e-01
1.130000e+02 2.193784e+01 3.507478e-01
1.140000e+02 2.832380e+01 4.786542e-01
1.150000e+02 4.039532e+01 7.328633e-01
1.160000e+02 6.256841e+01 1.237769e+00
1.170000e+02 1.152217e+02 2.734216e+00
1.180000e+02 2.229527e+02 9.930933e+00
1.190000e+02 2.537414e+02 2.830482e+01
1.200000e+02 1.623015e+02 4.686300e+00
1.210000e+02 8.133528e+01 1.714869e+00
1.220000e+02 4.741055e+01 8.836525e-01
1.230000e+02 3.189955e+01 5.497302e-01
1.240000e+02 2.592326e+01 4.325482e-01
1.250000e+02 1.926431e+01 2.958077e-01
1.260000e+02 1.618324e+01 2.357067e-01
1.270000e+02 1.402455e+01 1.939371e-01
1.280000e+02 1.272677e+01 1.694752e-01
1.290000e+02 1.162246e+01 1.483631e-01
1.300000e+02 1.087340e+01 1.342028e-01
1.310000e+02 1.041400e+01 1.256482e-01
1.320000e+02 9.905612e+00 1.159375e-01
1.330000e+02 9.590632e+00 1.099601e-01
1.340000e+02 9.341175e+00 1.051604e-01
1.350000e+02 9.130818e+00 1.010870e-01
1.360000e+02 8.996980e+00 9.844112e-02
1.370000e+02 9.103904e+00 1.005643e-01
1.380000e+02 8.833332e+00 9.492019e-02
1.390000e+02 8.778869e+00 9.368636e-02
1.400000e+02 8.760617e+00 9.317984e-02
1.410000e+02 8.718805e+00 9.222026e-02
1.420000e+02 1.001841e+01 1.184638e-01
1.430000e+02 8.830045e+00 9.370857e-02
1.440000e+02 8.818494e+00 9.307172e-02
1.450000e+02 9.994046e+00 1.165257e-01
1.460000e+02 8.726948e+00 9.092255e-02
1.470000e+02 8.722980e+00 9.053079e-02
1.480000e+02 8.785625e+00 9.140553e-02
1.490000e+02 8.984849e+00 9.497757e-02
1.500000e+02 9.000544e+00 9.470180e-02
1.510000e+02 9.221390e+00 9.866656e-02
1.520000e+02 9.098414e+00 9.568308e-02
1.530000e+02 9.127547e+00 9.588972e-02
1.540000e+02 1.092142e+01 1.310255e-01
1.550000e+02 9.289332e+00 9.808547e-02
1.560000e+02 9.439371e+00 1.004788e-01
1.570000e+02 9.503838e+00 1.011247e-01
1.580000e+02 9.632751e+00 1.030173e-01
1.590000e+02 9.785600e+00 1.053332e-01
1.600000e+02 9.957928e+00 1.079793e-01
1.610000e+02 1.014554e+01 1.108729e-01
1.620000e+02 1.035781e+01 1.141930e-01
1.630000e+02 1.060921e+01 1.182094e-01
1.640000e+02 1.092932e+01 1.235193e-01
1.650000e+02 1.379444e+01 1.804126e-01
1.660000e+02 1.280571e+01 1.595583e-01
1.670000e+02 1.203815e+01 1.415971e-01
1.680000e+02 1.248951e+01 1.488718e-01
1.690000e+02 1.313147e+01 1.596725e-01
1.700000e+02 1.375692e+01 1.698727e-01
1.710000e+02 1.460079e+01 1.840610e-01
1.720000e+02 1.568727e+01 2.025916e-01
1.730000e+02 1.711062e+01 2.272674e-01
1.740000e+02 1.896858e+01 2.598063e-01
1.750000e+02 2.166823e+01 3.085446e-01
1.760000e+02 2.533127e+01 3.758066e-01
1.770000e+02 2.984864e+01 4.571927e-01
1.780000e+02 3.730917e+01 5.986718e-01
1.790000e+02 4.937591e+01 8.386919e-01
1.800000e+02 7.014357e+01 1.287191e+00
1.810000e+02 1.058346e+02 2.184450e+00
1.820000e+02 1.632393e+02 4.186771e+00
1.830000e+02 2.170139e+02 7.696489e+00
1.840000e+02 1.992792e+02 6.193314e+00
1.850000e+02 1.386662e+02 3.216758e+00
1.860000e+02 9.126914e+01 1.794272e+00
1.870000e+02 6.332149e+01 1.132316e+00
1.880000e+02 4.706488e+01 7.891478e-01
1.890000e+02 3.715568e+01 5.926311e-01
1.900000e+02 3.078462e+01 4.709278e-01
1.910000e+02 2.650891e+01 3.912528e-01
1.920000e+02 2.354005e+01 3.368832e-01
1.930000e+02 2.153532e+01 3.010276e-01
1.940000e+02 1.997508e+01 2.729259e-01
1.950000e+02 1.908037e+01 2.585204e-01
1.960000e+02 1.805742e+01 2.401474e-01
1.970000e+02 1.686076e+01 2.171699e-01
1.980000e+02 1.630499e+01 2.072912e-01
1.990000e+02 1.586661e+01 1.995524e-01
2.000000e+02 1.563443e+01 1.954943e-01
2.010000e+02 1.651720e+01 2.146035e-01
2.020000e+02 1.542493e+01 1.913962e-01
2.030000e+02 1.559279e+01 1.941399e-01
2.040000e+02 1.528190e+01 1.883863e-01
2.050000e+02 1.467907e+01 1.775534e-01
2.060000e+02 1.463907e+01 1.776595e-01
2.070000e+02 1.421455e+01 1.692376e-01
2.080000e+02 1.423210e+01 1.698624e-01
2.090000e+02 1.445234e+01 1.746271e-01
2.100000e+02 1.403331e+01 1.657328e-01
2.110000e+02 1.433268e+01 1.719263e-01
2.120000e+02 1.388531e+01 1.624436e-01
2.130000e+02 1.387271e+01 1.619753e-01
2.140000e+02 1.391807e+01 1.626648e-01
2.150000e+02 1.885610e+01 2.643542e-01
2.160000e+02 1.402906e+01 1.642400e-01
2.170000e+02 1.393884e+01 1.621303e-01
2.180000e+02 1.399857e+01 1.629781e-01
2.190000e+02 1.401856e+01 1.629877e-01
2.200000e+02 1.408983e+01 1.640049e-01
2.210000e+02 1.413982e+01 1.645677e-01
2.220000e+02 1.422577e+01 1.657973e-01
2.230000e+02 1.435488e+01 1.678011e-01
2.240000e+02 1.457108e+01 1.713567e-01
2.250000e+02 1.505665e+01 1.799457e-01
2.260000e+02 1.828640e+01 2.464614e-01
2.270000e+02 1.521943e+01 1.823853e-01
2.280000e+02 1.489711e+01 1.760705e-01
2.290000e+02 1.490478e+01 1.760634e-01
2.300000e+02 1.509189e+01 1.794842e-01
2.310000e+02 1.621671e+01 2.026754e-01
2.320000e+02 1.557571e+01 1.880321e-01
2.330000e+02 1.619914e+01 1.992225e-01
2.340000e+02 2.262182e+01 3.377030e-01
2.350000e+02 1.651085e+01 2.049618e-01
2.360000e+02 1.732980e+01 2.231155e-01
2.370000e+02 1.999125e+01 2.798049e-01
2.380000e+02 1.610655e+01 1.960174e-01
2.390000e+02 2.313356e+01 3.456633e-01
2.400000e+02 1.715903e+01 2.160101e-01
2.410000e+02 1.665822e+01 2.042795e-01
2.420000e+02 1.789376e+01 2.301404e-01
2.430000e+02 1.740515e+01 2.198630e-01
2.440000e+02 1.741401e+01 2.199498e-01
2.450000e+02 1.638322e+01 1.977097e-01
2.460000e+02 1.638645e+01 1.972478e-01
2.470000e+02 1.660440e+01 2.011929e-01
2.480000e+02 1.970655e+01 2.669427e-01
2.490000e+02 1.733378e+01 2.151451e-01
2.500000e+02 3.453952e+01 5.921758e-01
2.510000e+02 1.824740e+01 2.327261e-01
2.520000e+02 1.747849e+01 2.154696e-01
2.530000e+02 1.727567e+01 2.107308e-01
2.540000e+02 1.741574e+01 2.126878e-01
2.550000e+02 1.769868e+01 2.174198e-01
2.560000e+02 1.760984e+01 2.154225e-01
2.570000e+02 1.762998e+01 2.156549e-01
2.580000e+02 1.820841e+01 2.274225e-01
2.590000e+02 1.909457e+01 2.460139e-01
2.600000e+02 1.793988e+01 2.204222e-01
2.610000e+02 1.799321e+01 2.208499e-01
2.620000e+02 1.816902e+01 2.237813e-01
2.630000e+02 1.935670e+01 2.482360e-01
2.640000e+02 1.986298e+01 2.582829e-01
2.650000e+02 2.025255e+01 2.647858e-01
2.660000e+02 1.913828e+01 2.399300e-01
2.670000e+02 2.022920e+01 2.632434e-01
2.680000e+02 1.917479e+01 2.402163e-01
2.690000e+02 1.904568e+01 2.369382e-01
2.700000e+02 1.912019e+01 2.378687e-01
2.710000e+02 1.936186e+01 2.422301e-01
2.720000e+02 1.957209e+01 2.458803e-01
2.730000e+02 3.026242e+01 4.779367e-01
2.740000e+02 2.023967e+01 2.585142e-01
2.750000e+02 2.038755e+01 2.605371e-01
2.760000e+02 2.114658e+01 2.756323e-01
2.770000e+02 2.279757e+01 3.100775e-01
2.780000e+02 2.048229e+01 2.601192e-01
2.790000e+02 2.059183e+01 2.619186e-01
2.800000e+02 2.105044e+01 2.709339e-01
2.810000e+02 2.145708e+01 2.776724e-01
2.820000e+02 2.096903e+01 2.673782e-01
2.830000e+02 2.154004e+01 2.788053e-01
2.840000e+02 2.125044e+01 2.716239e-01
2.850000e+02 2.156050e+01 2.774274e-01
2.860000e+02 2.924719e+01 4.470781e-01
2.870000e+02 2.216264e+01 2.885920e-01
2.880000e+02 2.215372e+01 2.874463e-01
2.890000e+02 4.078052e+01 7.051403e-01
2.900000e+02 2.247411e+01 2.923555e-01
2.910000e+02 2.404123e+01 3.242392e-01
2.920000e+02 2.272616e+01 2.957324e-01
2.930000e+02 2.493599e+01 3.434374e-01
2.940000e+02 2.330228e+01 3.060919e-01
2.950000e+02 2.332446e+01 3.052962e-01
2.960000e+02 2.360030e+01 3.099884e-01
2.970000e+02 2.404835e+01 3.181589e-01
2.980000e+02 2.529772e+01 3.430754e-01
2.990000e+02 2.552189e+01 3.466221e-01
3.000000e+02 2.521035e+01 3.391902e-01
3.010000e+02 2.673884e+01 3.714759e-01
3.020000e+02 3.053880e+01 4.567162e-01
3.030000e+02 2.879960e+01 4.157134e-01
3.040000e+02 2.624410e+01 3.564956e-01
3.050000e+02 2.695083e+01 3.702332e-01
3.060000e+02 2.662278e+01 3.614300e-01
3.070000e+02 2.697398e+01 3.673170e-01
3.080000e+02 2.745742e+01 3.757607e-01
3.090000e+02 2.809141e+01 3.871374e-01
3.100000e+02 3.075504e+01 4.432566e-01
3.110000e+02 2.961050e+01 4.144237e-01
3.120000e+02 3.036575e+01 4.278773e-01
3.130000e+02 3.154248e+01 4.495696e-01
3.140000e+02 3.305451e+01 4.780951e-01
3.150000e+02 3.441290e+01 5.035855e-01
3.160000e+02 4.068363e+01 6.434471e-01
3.170000e+02 3.971397e+01 6.072940e-01
3.180000e+02 4.276076e+01 6.629815e-01
3.190000e+02 4.859239e+01 7.789711e-01
3.200000e+02 9.057926e+01 1.849388e+00
3.210000e+02 7.438124e+01 1.336813e+00
3.220000e+02 9.185627e+01 1.760606e+00
3.230000e+02 1.266274e+02 2.749620e+00
3.240000e+02 1.846229e+02 5.165954e+00
3.250000e+02 2.305360e+02 9.087084e+00
3.260000e+02 2.015655e+02 6.238200e+00
3.270000e+02 1.469534e+02 3.507094e+00
3.280000e+02 9.943133e+01 1.961392e+00
3.290000e+02 7.453517e+01 1.337491e+00
3.300000e+02 6.080986e+01 1.030670e+00
3.310000e+02 5.266465e+01 8.587742e-01
3.320000e+02 4.790534e+01 7.632021e-01
3.330000e+02 4.806359e+01 7.829452e-01
3.340000e+02 4.212723e+01 6.464716e-01
3.350000e+02 4.088927e+01 6.227978e-01
3.360000e+02 3.954044e+01 5.950260e-01
3.370000e+02 3.852493e+01 5.746612e-01
3.380000e+02 3.791566e+01 5.626161e-01
3.390000e+02 3.757861e+01 5.559135e-01
3.400000e+02 3.740199e+01 5.522325e-01
3.410000e+02 3.737374e+01 5.514537e-01
3.420000e+02 3.749987e+01 5.538373e-01
3.430000e+02 3.845265e+01 5.754910e-01
3.440000e+02 3.810484e+01 5.656193e-01
3.450000e+02 3.960829e+01 5.993718e-01
3.460000e+02 3.894220e+01 5.818340e-01
3.470000e+02 3.903494e+01 5.820762e-01
3.480000e+02 3.950979e+01 5.909750e-01
3.490000e+02 4.017359e+01 6.038196e-01
3.500000e+02 4.099525e+01 6.201747e-01
3.510000e+02 4.246836e+01 6.512314e-01
3.520000e+02 4.559969e+01 7.243732e-01
3.530000e+02 4.575676e+01 7.246857e-01
3.540000e+02 4.434219e+01 6.856578e-01
3.550000e+02 5.871717e+01 1.032361e+00
3.560000e+02 4.662333e+01 7.311702e-01
3.570000e+02 4.804181e+01 7.600408e-01
3.580000e+02 5.156700e+01 8.418113e-01
3.590000e+02 5.886954e+01 1.023688e+00
3.600000e+02 5.381639e+01 8.810558e-01
3.610000e+02 5.532594e+01 9.087963e-01
3.620000e+02 5.824164e+01 9.716481e-01
3.630000e+02 6.174849e+01 1.048411e+00
3.640000e+02 6.722484e+01 1.177280e+00
3.650000e+02 7.257882e+01 1.299566e+00
3.660000e+02 8.144079e+01 1.515556e+00
3.670000e+02 1.028377e+02 2.114590e+00
3.680000e+02 1.699396e+02 4.924910e+00
3.690000e+02 1.741010e+02 5.128347e+00
3.700000e+02 1.217111e+02 2.650089e+00
3.710000e+02 1.313308e+02 2.992034e+00
3.720000e+02 1.293019e+02 2.828344e+00
3.730000e+02 1.461408e+02 3.404907e+00
3.740000e+02 1.683860e+02 4.308217e+00
3.750000e+02 1.971968e+02 5.867046e+00
3.760000e+02 2.271915e+02 8.354886e+00
3.770000e+02 2.535683e+02 1.308293e+01
3.780000e+02 2.667251e+02 2.305970e+01
3.790000e+02 2.690649e+02 4.599868e+01
3.800000e+02 2.693988e+02 8.429841e+01
3.810000e+02 2.692361e+02 5.856616e+01
3.820000e+02 2.681460e+02 2.894877e+01
3.830000e+02 2.602178e+02 1.585672e+01
3.840000e+02 2.387872e+02 9.859906e+00
3.850000e+02 2.103909e+02 6.774438e+00
3.860000e+02 1.829523e+02 5.013416e+00
3.870000e+02 1.606464e+02 3.976884e+00
3.880000e+02 1.406654e+02 3.195221e+00
3.890000e+02 1.265493e+02 2.721813e+00
3.900000e+02 1.172943e+02 2.439469e+00
3.910000e+02 1.083617e+02 2.182261e+00
3.920000e+02 9.842515e+01 1.910534e+00
3.930000e+02 9.161080e+01 1.738127e+00
3.940000e+02 8.505899e+01 1.568367e+00
3.950000e+02 8.204528e+01 1.501996e+00
3.960000e+02 7.747099e+01 1.387367e+00
3.970000e+02 7.969274e+01 1.462329e+00
3.980000e+02 7.238830e+01 1.268856e+00
3.990000e+02 7.080218e+01 1.233546e+00
4.000000e+02 7.640169e+01 1.398181e+00
4.010000e+02 7.334015e+01 1.314390e+00
4.020000e+02 7.734810e+01 1.434462e+00
4.030000e+02 6.868409e+01 1.194125e+00
4.040000e+02 6.715967e+01 1.157192e+00
4.050000e+02 6.554854e+01 1.115660e+00
4.060000e+02 6.524326e+01 1.108716e+00
4.070000e+02 6.526660e+01 1.109752e+00
4.080000e+02 6.723216e+01 1.163853e+00
4.090000e+02 6.613655e+01 1.131851e+00
4.100000e+02 6.615470e+01 1.130500e+00
4.110000e+02 6.688606e+01 1.147635e+00
4.120000e+02 6.859431e+01 1.190517e+00
4.130000e+02 7.922426e+01 1.477289e+00
4.140000e+02 7.449866e+01 1.348721e+00
4.150000e+02 7.301068e+01 1.297222e+00
4.160000e+02 7.496688e+01 1.343204e+00
4.170000e+02 7.832032e+01 1.427311e+00
4.180000e+02 8.311147e+01 1.551118e+00
4.190000e+02 9.005451e+01 1.737438e+00
4.200000e+02 1.009408e+02 2.047375e+00
4.210000e+02 1.189331e+02 2.614048e+00
4.220000e+02 1.504408e+02 3.813349e+00
4.230000e+02 2.064087e+02 7.271585e+00
4.240000e+02 2.592656e+02 2.394360e+01
4.250000e+02 2.643325e+02 7.205305e+01
4.260000e+02 2.415210e+02 1.250325e+01
4.270000e+02 1.827582e+02 5.488844e+00
4.280000e+02 1.414126e+02 3.410368e+00
4.290000e+02 1.221127e+02 2.694737e+00
4.300000e+02 1.113826e+02 2.329051e+00
4.310000e+02 1.063790e+02 2.160711e+00
4.320000e+02 1.050670e+02 2.107820e+00
4.330000e+02 1.069492e+02 2.150846e+00
4.340000e+02 1.112826e+02 2.265903e+00
4.350000e+02 1.191611e+02 2.491686e+00
4.360000e+02 1.330207e+02 2.925840e+00
4.370000e+02 1.589685e+02 3.888231e+00
4.380000e+02 1.938852e+02 5.628359e+00
4.390000e+02 2.342007e+02 9.304492e+00
4.400000e+02 2.169530e+02 7.314207e+00
4.410000e+02 1.969897e+02 5.820808e+00
4.420000e+02 2.049065e+02 6.376450e+00
4.430000e+02 2.251400e+02 8.105126e+00
4.440000e+02 2.399601e+02 1.000474e+01
4.450000e+02 2.583459e+02 1.482890e+01
4.460000e+02 2.677654e+02 2.637219e+01
4.470000e+02 2.692374e+02 5.499426e+01
4.480000e+02 2.694679e+02 1.032596e+02
4.490000e+02 2.691951e+02 5.259536e+01
4.500000e+02 2.674948e+02 2.527380e+01
4.510000e+02 2.570613e+02 1.427372e+01
4.520000e+02 2.356478e+02 9.384884e+00
4.530000e+02 2.099922e+02 6.718008e+00
4.540000e+02 1.872059e+02 5.219986e+00
4.550000e+02 1.688472e+02 4.297601e+00
4.560000e+02 1.544994e+02 3.688602e+00
4.570000e+02 1.444372e+02 3.315356e+00
4.580000e+02 1.358028e+02 3.007889e+00
4.590000e+02 1.290927e+02 2.781083e+00
4.600000e+02 1.245404e+02 2.636476e+00
4.610000e+02 1.220607e+02 2.565664e+00
4.620000e+02 1.200635e+02 2.505613e+00
4.630000e+02 1.226543e+02 2.613413e+00
4.640000e+02 1.214786e+02 2.565968e+00
4.650000e+02 1.194650e+02 2.484762e+00
4.660000e+02 1.204488e+02 2.514826e+00
4.670000e+02 1.240294e+02 2.632624e+00
4.680000e+02 1.612133e+02 4.290740e+00
4.690000e+02 1.443717e+02 3.343166e+00
4.700000e+02 1.749583e+02 4.709274e+00
4.710000e+02 2.104667e+02 7.149453e+00
4.720000e+02 1.833078e+02 5.009831e+00
4.730000e+02 2.043231e+02 6.379309e+00
4.740000e+02 2.401601e+02 1.015630e+01
4.750000e+02 2.500055e+02 1.232566e+01
4.760000e+02 2.237155e+02 8.279745e+00
4.770000e+02 1.750172e+02 4.603501e+00
4.780000e+02 1.535479e+02 3.656566e+00
4.790000e+02 1.434660e+02 3.278852e+00
4.800000e+02 1.439243e+02 3.336974e+00
4.810000e+02 1.431234e+02 3.324186e+00
4.820000e+02 1.417064e+02 3.251841e+00
4.830000e+02 1.440215e+02 3.331052e+00
4.840000e+02 1.528832e+02 3.695642e+00
4.850000e+02 1.721326e+02 4.610447e+00
4.860000e+02 2.151520e+02 7.764616e+00
4.870000e+02 2.608441e+02 3.312435e+01
4.880000e+02 2.501898e+02 1.440156e+01
4.890000e+02 2.140335e+02 7.392556e+00
4.900000e+02 1.841959e+02 5.172940e+00
4.910000e+02 1.677550e+02 4.306292e+00
4.920000e+02 1.596877e+02 3.943574e+00
4.930000e+02 1.539039e+02 3.681451e+00
4.940000e+02 1.525492e+02 3.621370e+00
4.950000e+02 1.528114e+02 3.628246e+00
4.960000e+02 1.563723e+02 3.790873e+00
4.970000e+02 1.592802e+02 3.924231e+00
4.980000e+02 1.609266e+02 3.982758e+00
4.990000e+02 1.608577e+02 3.958482e+00
5.000000e+02 1.626365e+02 4.022419e+00
5.010000e+02 1.656248e+02 4.150908e+00
5.020000e+02 1.700970e+02 4.361093e+00
5.030000e+02 1.746445e+02 4.567002e+00
5.040000e+02 1.789173e+02 4.774308e+00
5.050000e+02 1.799523e+02 4.828467e+00
5.060000e+02 1.821036e+02 4.939072e+00
5.070000e+02 1.862962e+02 5.168996e+00
5.080000e+02 1.948519e+02 5.725186e+00
5.090000e+02 1.996151e+02 6.011953e+00
5.100000e+02 2.001410e+02 6.016246e+00
5.110000e+02 2.004341e+02 6.024875e+00
5.120000e+02 2.026719e+02 6.177818e+00
5.130000e+02 2.055398e+02 6.378034e+00
5.140000e+02 2.089762e+02 6.634270e+00
5.150000e+02 2.162868e+02 7.303468e+00
5.160000e+02 2.164060e+02 7.245091e+00
5.170000e+02 2.205100e+02 7.630527e+00
5.180000e+02 2.241684e+02 7.990712e+00
5.190000e+02 2.278713e+02 8.388414e+00
5.200000e+02 2.338372e+02 9.214291e+00
5.210000e+02 2.353546e+02 9.330399e+00
5.220000e+02 2.416554e+02 1.045461e+01
5.230000e+02 2.427444e+02 1.052602e+01
5.240000e+02 2.456625e+02 1.105969e+01
5.250000e+02 2.487171e+02 1.172051e+01
5.260000e+02 2.516939e+02 1.248138e+01
5.270000e+02 2.545547e+02 1.336509e+01
5.280000e+02 2.570207e+02 1.427297e+01
5.290000e+02 2.592394e+02 1.527711e+01
5.300000e+02 2.612435e+02 1.642447e+01
5.310000e+02 2.629983e+02 1.773032e+01
5.320000e+02 2.644413e+02 1.913460e+01
5.330000e+02 2.656580e+02 2.076716e+01
5.340000e+02 2.666405e+02 2.265306e+01
5.350000e+02 2.673894e+02 2.473812e+01
5.360000e+02 2.679718e+02 2.730372e+01
5.370000e+02 2.683785e+02 2.997816e+01
5.380000e+02 2.686797e+02 3.323514e+01
5.390000e+02 2.688984e+02 3.708373e+01
5.400000e+02 2.690617e+02 4.160412e+01
5.410000e+02 2.691906e+02 4.700144e+01
5.420000e+02 2.692987e+02 5.356176e+01
5.430000e+02 2.693940e+02 6.164107e+01
5.440000e+02 2.694805e+02 7.177586e+01
5.450000e+02 2.695601e+02 8.499187e+01
5.460000e+02 2.696338e+02 1.022364e+02
5.470000e+02 2.697007e+02 1.265329e+02
5.480000e+02 2.697558e+02 1.560840e+02
5.490000e+02 2.698010e+02 1.889897e+02
5.500000e+02 2.698432e+02 2.396825e+02
5.510000e+02 2.698816e+02 3.205522e+02
5.520000e+02 2.699145e+02 4.450893e+02
5.530000e+02 2.699415e+02 6.576531e+02
5.540000e+02 2.699626e+02 1.052124e+03
5.550000e+02 2.699777e+02 1.856017e+03
5.560000e+02 2.699869e+02 3.542532e+03
5.570000e+02 2.699901e+02 5.704274e+03
5.580000e+02 2.699875e+02 3.632918e+03
5.590000e+02 2.699790e+02 1.935267e+03
5.600000e+02 2.699648e+02 1.102285e+03
5.610000e+02 2.699449e+02 6.900029e+02
5.620000e+02 2.699194e+02 4.668948e+02
5.630000e+02 2.698884e+02 3.352290e+02
5.640000e+02 2.698520e+02 2.518425e+02
5.650000e+02 2.698102e+02 1.959985e+02
5.660000e+02 2.697632e+02 1.570354e+02
5.670000e+02 2.697110e+02 1.287699e+02
5.680000e+02 2.696537e+02 1.071466e+02
5.690000e+02 2.695915e+02 9.078157e+01
5.700000e+02 2.695241e+02 7.830727e+01
5.710000e+02 2.694516e+02 7.331692e+01
5.720000e+02 2.693732e+02 5.943363e+01
5.730000e+02 2.692875e+02 5.271738e+01
5.740000e+02 2.691917e+02 4.694047e+01
5.750000e+02 2.690806e+02 4.215702e+01
5.760000e+02 2.689461e+02 3.814518e+01
5.770000e+02 2.687766e+02 3.469778e+01
5.780000e+02 2.685561e+02 3.169309e+01
5.790000e+02 2.682643e+02 2.903991e+01
5.800000e+02 2.678866e+02 2.676227e+01
5.810000e+02 2.674038e+02 2.476508e+01
5.820000e+02 2.668638e+02 2.328867e+01
5.830000e+02 2.660676e+02 2.145979e+01
5.840000e+02 2.651703e+02 2.003240e+01
5.850000e+02 2.641166e+02 1.875690e+01
5.860000e+02 2.629168e+02 1.762806e+01
5.870000e+02 2.615664e+02 1.661257e+01
5.880000e+02 2.600622e+02 1.568874e+01
5.890000e+02 2.584446e+02 1.486825e+01
5.900000e+02 2.566830e+02 1.410990e+01
5.910000e+02 2.556216e+02 1.379618e+01
5.920000e+02 2.528487e+02 1.279290e+01
5.930000e+02 2.508429e+02 1.223264e+01
5.940000e+02 2.486973e+02 1.169161e+01
5.950000e+02 2.481763e+02 1.169532e+01
5.960000e+02 2.445349e+02 1.080311e+01
5.970000e+02 2.426190e+02 1.044363e+01
5.980000e+02 2.412508e+02 1.020664e+01
5.990000e+02 2.410034e+02 1.017781e+01
6.000000e+02 2.422906e+02 1.050974e+01
6.010000e+02 2.367169e+02 9.505293e+00
6.020000e+02 2.327292e+02 8.951129e+00
6.030000e+02 2.298420e+02 8.599124e+00
6.040000e+02 2.268160e+02 8.238639e+00
6.050000e+02 2.244155e+02 7.978334e+00
6.060000e+02 2.223687e+02 7.769395e+00
6.070000e+02 2.205527e+02 7.591439e+00
6.080000e+02 2.191976e+02 7.468190e+00
6.090000e+02 2.179198e+02 7.348465e+00
6.100000e+02 2.185620e+02 7.448280e+00
6.110000e+02 2.178426e+02 7.370389e+00
6.120000e+02 2.171415e+02 7.275487e+00
6.130000e+02 2.182900e+02 7.371776e+00
6.140000e+02 2.209965e+02 7.622517e+00
6.150000e+02 2.259803e+02 8.136158e+00
6.160000e+02 2.332670e+02 8.988512e+00
6.170000e+02 2.440849e+02 1.067259e+01
6.180000e+02 2.570935e+02 1.420478e+01
6.190000e+02 2.666253e+02 2.255935e+01
6.200000e+02 2.689820e+02 4.255828e+01
6.210000e+02 2.691450e+02 5.315930e+01
6.220000e+02 2.681523e+02 2.859717e+01
6.230000e+02 2.613204e+02 1.637846e+01
6.240000e+02 2.470833e+02 1.128788e+01
6.250000e+02 2.316472e+02 8.774909e+00
6.260000e+02 2.189269e+02 7.417673e+00
6.270000e+02 2.094414e+02 6.624971e+00
6.280000e+02 2.030045e+02 6.175708e+00
6.290000e+02 1.954421e+02 5.654116e+00
6.300000e+02 1.903084e+02 5.343985e+00
6.310000e+02 1.862006e+02 5.111440e+00
6.320000e+02 1.845146e+02 5.046087e+00
6.330000e+02 1.800922e+02 4.789987e+00
6.340000e+02 1.779599e+02 4.687743e+00
6.350000e+02 1.754617e+02 4.560709e+00
6.360000e+02 1.729982e+02 4.435948e+00
6.370000e+02 1.711667e+02 4.349433e+00
6.380000e+02 1.697109e+02 4.284382e+00
6.390000e+02 1.761992e+02 4.698576e+00
6.400000e+02 1.688758e+02 4.269542e+00
6.410000e+02 1.656099e+02 4.099591e+00
6.420000e+02 1.656889e+02 4.118250e+00
6.430000e+02 1.639114e+02 4.030231e+00
6.440000e+02 1.628212e+02 3.980567e+00
6.450000e+02 1.654734e+02 4.135467e+00
6.460000e+02 1.627139e+02 3.979492e+00
6.470000e+02 1.606817e+02 3.889198e+00
6.480000e+02 1.645426e+02 4.113254e+00
6.490000e+02 1.587461e+02 3.805130e+00
6.500000e+02 1.584125e+02 3.792601e+00
6.510000e+02 1.598661e+02 3.872848e+00
6.520000e+02 1.600345e+02 3.880418e+00
6.530000e+02 1.608974e+02 3.922660e+00
6.540000e+02 1.642151e+02 4.100627e+00
6.550000e+02 2.145887e+02 8.361513e+00
6.560000e+02 2.197923e+02 9.140336e+00
6.570000e+02 1.735060e+02 4.496499e+00
6.580000e+02 1.912257e+02 5.596898e+00
6.590000e+02 1.723698e+02 4.405653e+00
6.600000e+02 1.633016e+02 3.988126e+00
6.610000e+02 1.590734e+02 3.815602e+00
6.620000e+02 1.564759e+02 3.707783e+00
6.630000e+02 1.548452e+02 3.639302e+00
6.640000e+02 1.540601e+02 3.608253e+00
6.650000e+02 1.541737e+02 3.618872e+00
6.660000e+02 1.555802e+02 3.693969e+00
6.670000e+02 1.542335e+02 3.626303e+00
6.680000e+02 1.533661e+02 3.583373e+00
6.690000e+02 1.533199e+02 3.580920e+00
6.700000e+02 1.598351e+02 3.917493e+00
6.710000e+02 1.540321e+02 3.613595e+00
6.720000e+02 1.564272e+02 3.732926e+00
6.730000e+02 1.548571e+02 3.648372e+00
6.740000e+02 1.579769e+02 3.804183e+00
6.750000e+02 1.543800e+02 3.618291e+00
6.760000e+02 1.575198e+02 3.771221e+00
6.770000e+02 1.561183e+02 3.693855e+00
6.780000e+02 1.580560e+02 3.787803e+00
6.790000e+02 1.567729e+02 3.715848e+00
6.800000e+02 1.567408e+02 3.710122e+00
6.810000e+02 1.572479e+02 3.729805e+00
6.820000e+02 1.579564e+02 3.758847e+00
6.830000e+02 1.588529e+02 3.796933e+00
6.840000e+02 1.601177e+02 3.854985e+00
6.850000e+02 1.603472e+02 3.857087e+00
6.860000e+02 1.612378e+02 3.893877e+00
6.870000e+02 1.622157e+02 3.934824e+00
6.880000e+02 1.633175e+02 3.981783e+00
6.890000e+02 1.645844e+02 4.036683e+00
6.900000e+02 1.661857e+02 4.107750e+00
6.910000e+02 1.688076e+02 4.231120e+00
6.920000e+02 1.732993e+02 4.466503e+00
6.930000e+02 1.725164e+02 4.417502e+00
6.940000e+02 1.724142e+02 4.405187e+00
6.950000e+02 1.738306e+02 4.477043e+00
6.960000e+02 1.756207e+02 4.567765e+00
6.970000e+02 1.755118e+02 4.541440e+00
6.980000e+02 1.770444e+02 4.615262e+00
6.990000e+02 1.832704e+02 4.987824e+00
7.000000e+02 1.809768e+02 4.818516e+00
7.010000e+02 1.875835e+02 5.250167e+00
7.020000e+02 1.852901e+02 5.051025e+00
7.030000e+02 1.897258e+02 5.332697e+00
7.040000e+02 1.893427e+02 5.274181e+00
7.050000e+02 1.914337e+02 5.394471e+00
7.060000e+02 1.938800e+02 5.542240e+00
7.070000e+02 1.964383e+02 5.701962e+00
7.080000e+02 1.996032e+02 5.916370e+00
7.090000e+02 2.021977e+02 6.087480e+00
7.100000e+02 2.055041e+02 6.327361e+00
7.110000e+02 2.092206e+02 6.614188e+00
7.120000e+02 2.137122e+02 6.992412e+00
7.130000e+02 2.202969e+02 7.627012e+00
7.140000e+02 2.331450e+02 9.254985e+00
7.150000e+02 2.591727e+02 1.928650e+01
7.160000e+02 2.546961e+02 1.513079e+01
7.170000e+02 2.368209e+02 9.699719e+00
7.180000e+02 2.335737e+02 9.128715e+00
7.190000e+02 2.339481e+02 9.118788e+00
7.200000e+02 2.367585e+02 9.527347e+00
7.210000e+02 2.386645e+02 9.763700e+00
7.220000e+02 2.415908e+02 1.023665e+01
7.230000e+02 2.452062e+02 1.094168e+01
7.240000e+02 2.476672e+02 1.142844e+01
7.250000e+02 2.504760e+02 1.209326e+01
7.260000e+02 2.532732e+02 1.288080e+01
7.270000e+02 2.559686e+02 1.380128e+01
7.280000e+02 2.585103e+02 1.488982e+01
7.290000e+02 2.605335e+02 1.592280e+01
7.300000e+02 2.627324e+02 1.753028e+01
7.310000e+02 2.642401e+02 1.892220e+01
7.320000e+02 2.654827e+02 2.044329e+01
7.330000e+02 2.665604e+02 2.239201e+01
7.340000e+02 2.674109e+02 2.475984e+01
7.350000e+02 2.680749e+02 2.802772e+01
7.360000e+02 2.684731e+02 3.074979e+01
7.370000e+02 2.687826e+02 3.470072e+01
7.380000e+02 2.690009e+02 3.952297e+01
7.390000e+02 2.691632e+02 4.549287e+01
7.400000e+02 2.692937e+02 5.309762e+01
7.410000e+02 2.694061e+02 6.263312e+01
7.420000e+02 2.695065e+02 7.522729e+01
7.430000e+02 2.695974e+02 9.232479e+01
7.440000e+02 2.696795e+02 1.163998e+02
7.450000e+02 2.697512e+02 1.515893e+02
7.460000e+02 2.698104e+02 1.986239e+02
7.470000e+02 2.698607e+02 2.709470e+02
7.480000e+02 2.699037e+02 3.953944e+02
7.490000e+02 2.699379e+02 6.258800e+02
7.500000e+02 2.699630e+02 1.094378e+03
7.510000e+02 2.699787e+02 2.102480e+03
7.520000e+02 2.699850e+02 3.688342e+03
7.530000e+02 2.699819e+02 2.505476e+03
7.540000e+02 2.699695e+02 1.320022e+03
7.550000e+02 2.699479e+02 7.375466e+02
7.560000e+02 2.699173e+02 4.551175e+02
7.570000e+02 2.698778e+02 3.051808e+02
7.580000e+02 2.698296e+02 2.176321e+02
7.590000e+02 2.697729e+02 1.628489e+02
7.600000e+02 2.697080e+02 1.264802e+02
7.610000e+02 2.696351e+02 1.011580e+02
7.620000e+02 2.695545e+02 8.287505e+01
7.630000e+02 2.694659e+02 6.925966e+01
7.640000e+02 2.693687e+02 5.887752e+01
7.650000e+02 2.692605e+02 5.085997e+01
7.660000e+02 2.691359e+02 4.450511e+01
7.670000e+02 2.689845e+02 3.934347e+01
7.680000e+02 2.687930e+02 3.526439e+01
7.690000e+02 2.685526e+02 3.209565e+01
7.700000e+02 2.682796e+02 2.988560e+01
7.710000e+02 2.680599e+02 2.904465e+01
7.720000e+02 2.681134e+02 3.169868e+01
7.730000e+02 2.685025e+02 5.233806e+01
7.740000e+02 2.687203e+02 1.625584e+02
7.750000e+02 2.679795e+02 3.728458e+01
7.760000e+02 2.661831e+02 2.351583e+01
7.770000e+02 2.637250e+02 1.897829e+01
7.780000e+02 2.612360e+02 1.667917e+01
7.790000e+02 2.586928e+02 1.512183e+01
7.800000e+02 2.562481e+02 1.402794e+01
7.810000e+02 2.535237e+02 1.302546e+01
7.820000e+02 2.510929e+02 1.232201e+01
7.830000e+02 2.483922e+02 1.162647e+01
7.840000e+02 2.456511e+02 1.101541e+01
7.850000e+02 2.432918e+02 1.057593e+01
7.860000e+02 2.400935e+02 9.982870e+00
7.870000e+02 2.372355e+02 9.527577e+00
7.880000e+02 2.344944e+02 9.134611e+00
7.890000e+02 2.318187e+02 8.782643e+00
7.900000e+02 2.291951e+02 8.462153e+00
7.910000e+02 2.270113e+02 8.222630e+00
7.920000e+02 2.242767e+02 7.922106e+00
7.930000e+02 2.232664e+02 7.865950e+00
7.940000e+02 2.191571e+02 7.412795e+00
7.950000e+02 2.166603e+02 7.181957e+00
7.960000e+02 2.144183e+02 6.987053e+00
7.970000e+02 2.122359e+02 6.804439e+00
7.980000e+02 2.100842e+02 6.632630e+00
7.990000e+02 2.081555e+02 6.490504e+00
8.000000e+02 2.056732e+02 6.297256e+00
8.010000e+02 2.036789e+02 6.153988e+00
8.020000e+02 2.019972e+02 6.040260e+00
8.030000e+02 2.006366e+02 5.954108e+00
8.040000e+02 1.984501e+02 5.801688e+00
8.050000e+02 1.965890e+02 5.680622e+00
8.060000e+02 1.951160e+02 5.590190e+00
8.070000e+02 1.943180e+02 5.554936e+00
8.080000e+02 1.932322e+02 5.499402e+00
8.090000e+02 1.902993e+02 5.297728e+00
8.100000e+02 1.891071e+02 5.231307e+00
8.110000e+02 1.905918e+02 5.361082e+00
8.120000e+02 1.865133e+02 5.084997e+00
8.130000e+02 1.879852e+02 5.211376e+00
8.140000e+02 2.134413e+02 7.494197e+00
8.150000e+02 1.826634e+02 4.871079e+00
8.160000e+02 1.814835e+02 4.807223e+00
8.170000e+02 1.804450e+02 4.752617e+00
8.180000e+02 1.796429e+02 4.713154e+00
8.190000e+02 1.789153e+02 4.677809e+00
8.200000e+02 1.788896e+02 4.687784e+00
8.210000e+02 1.772928e+02 4.594502e+00
8.220000e+02 1.767594e+02 4.568792e+00
8.230000e+02 1.763579e+02 4.549996e+00
8.240000e+02 1.764421e+02 4.558072e+00
8.250000e+02 1.774094e+02 4.617591e+00
8.260000e+02 1.828907e+02 4.971757e+00
8.270000e+02 1.815165e+02 4.846138e+00
8.280000e+02 1.889204e+02 5.342027e+00
8.290000e+02 1.804447e+02 4.794110e+00
8.300000e+02 1.830338e+02 4.957934e+00
8.310000e+02 2.141028e+02 7.735400e+00
8.320000e+02 2.066202e+02 6.689085e+00
8.330000e+02 2.398668e+02 1.120417e+01
8.340000e+02 2.635750e+02 5.688478e+01
8.350000e+02 2.511598e+02 1.476627e+01
8.360000e+02 2.118693e+02 7.152641e+00
8.370000e+02 1.957460e+02 5.869018e+00
8.380000e+02 1.858460e+02 5.195356e+00
8.390000e+02 1.784372e+02 4.723102e+00
8.400000e+02 1.798658e+02 4.846671e+00
8.410000e+02 1.947217e+02 5.979829e+00
8.420000e+02 1.890563e+02 5.545047e+00
8.430000e+02 2.246545e+02 1.024813e+01
8.440000e+02 1.705807e+02 4.309893e+00
8.450000e+02 1.676855e+02 4.145095e+00
8.460000e+02 1.669904e+02 4.106773e+00
8.470000e+02 1.669892e+02 4.102656e+00
8.480000e+02 1.682901e+02 4.163138e+00
8.490000e+02 1.795168e+02 4.839025e+00
8.500000e+02 1.683900e+02 4.172279e+00
8.510000e+02 1.661243e+02 4.058767e+00
8.520000e+02 1.656377e+02 4.036376e+00
8.530000e+02 1.664798e+02 4.081006e+00
8.540000e+02 1.660691e+02 4.056131e+00
8.550000e+02 1.656647e+02 4.035592e+00
8.560000e+02 1.660141e+02 4.050536e+00
8.570000e+02 1.679002e+02 4.143613e+00
8.580000e+02 2.025153e+02 6.689499e+00
8.590000e+02 1.737855e+02 4.406935e+00
8.600000e+02 1.781565e+02 4.621649e+00
8.610000e+02 1.749966e+02 4.468349e+00
8.620000e+02 1.704842e+02 4.255832e+00
8.630000e+02 1.805383e+02 4.927873e+00
8.640000e+02 1.665811e+02 4.072054e+00
8.650000e+02 1.658153e+02 4.036555e+00
8.660000e+02 1.679344e+02 4.160251e+00
8.670000e+02 1.654162e+02 4.017926e+00
8.680000e+02 1.654033e+02 4.016397e+00
8.690000e+02 1.674002e+02 4.126263e+00
8.700000e+02 1.657729e+02 4.032687e+00
8.710000e+02 1.658818e+02 4.035940e+00
8.720000e+02 1.661328e+02 4.046551e+00
8.730000e+02 1.664302e+02 4.059330e+00
8.740000e+02 1.669638e+02 4.084860e+00
8.750000e+02 1.671718e+02 4.092057e+00
8.760000e+02 1.676174e+02 4.111985e+00
8.770000e+02 1.681379e+02 4.135320e+00
8.780000e+02 1.690986e+02 4.182429e+00
8.790000e+02 1.694630e+02 4.197367e+00
8.800000e+02 1.696713e+02 4.204473e+00
8.810000e+02 1.704179e+02 4.241303e+00
8.820000e+02 1.711471e+02 4.276702e+00
8.830000e+02 1.956079e+02 6.015609e+00
8.840000e+02 1.726431e+02 4.347653e+00
8.850000e+02 1.731907e+02 4.369739e+00
8.860000e+02 1.745033e+02 4.437774e+00
8.870000e+02 1.765011e+02 4.548846e+00
8.880000e+02 1.822318e+02 4.912962e+00
8.890000e+02 1.781052e+02 4.611468e+00
8.900000e+02 1.798938e+02 4.697390e+00
8.910000e+02 1.829101e+02 4.854815e+00
8.920000e+02 1.881623e+02 5.146534e+00
8.930000e+02 1.972652e+02 5.719506e+00
8.940000e+02 2.014569e+02 6.019645e+00
8.950000e+02 2.004305e+02 6.010750e+00
8.960000e+02 2.050732e+02 6.483344e+00
8.970000e+02 1.918208e+02 5.354794e+00
8.980000e+02 1.931215e+02 5.426177e+00
8.990000e+02 1.962891e+02 5.620573e+00
9.000000e+02 1.978647e+02 5.719237e+00
9.010000e+02 1.998626e+02 5.857616e+00
9.020000e+02 2.030738e+02 6.067574e+00
9.030000e+02 2.074423e+02 6.384408e+00
9.040000e+02 2.121317e+02 6.746711e+00
9.050000e+02 2.205717e+02 7.485953e+00
9.060000e+02 2.314979e+02 8.696373e+00
9.070000e+02 2.318201e+02 8.719859e+00
9.080000e+02 2.341884e+02 9.092534e+00
9.090000e+02 2.388297e+02 9.715694e+00
9.100000e+02 2.467683e+02 1.114420e+01
9.110000e+02 2.554533e+02 1.350450e+01
9.120000e+02 2.632877e+02 1.784625e+01
9.130000e+02 2.676544e+02 2.555829e+01
9.140000e+02 2.690617e+02 4.215092e+01
9.150000e+02 2.694906e+02 8.019493e+01
9.160000e+02 2.696550e+02 1.417158e+02
9.170000e+02 2.695647e+02 9.857262e+01
9.180000e+02 2.692310e+02 5.091865e+01
9.190000e+02 2.683892e+02 3.010550e+01
9.200000e+02 2.654701e+02 2.033908e+01
9.210000e+02 2.594351e+02 1.521929e+01
9.220000e+02 2.518941e+02 1.239897e+01
9.230000e+02 2.441127e+02 1.059766e+01
9.240000e+02 2.372803e+02 9.456786e+00
9.250000e+02 2.326332e+02 8.865037e+00
9.260000e+02 2.274842e+02 8.216958e+00
9.270000e+02 2.237567e+02 7.808829e+00
9.280000e+02 2.212287e+02 7.558941e+00
9.290000e+02 2.190336e+02 7.345132e+00
9.300000e+02 2.174483e+02 7.198126e+00
9.310000e+02 2.164859e+02 7.113080e+00
9.320000e+02 2.161138e+02 7.085917e+00
9.330000e+02 2.217282e+02 7.796494e+00
9.340000e+02 2.160297e+02 7.082547e+00
9.350000e+02 2.159704e+02 7.068786e+00
9.360000e+02 2.165999e+02 7.128162e+00
9.370000e+02 2.172172e+02 7.182679e+00
9.380000e+02 2.178609e+02 7.234538e+00
9.390000e+02 2.187529e+02 7.315558e+00
9.400000e+02 2.197882e+02 7.413368e+00
9.410000e+02 2.208896e+02 7.517041e+00
9.420000e+02 2.221633e+02 7.641195e+00
9.430000e+02 2.236510e+02 7.792660e+00
9.440000e+02 2.252436e+02 7.958093e+00
9.450000e+02 2.274583e+02 8.220165e+00
9.460000e+02 2.283048e+02 8.295081e+00
9.470000e+02 2.298890e+02 8.480385e+00
9.480000e+02 2.317397e+02 8.711713e+00
9.490000e+02 2.356485e+02 9.333423e+00
9.500000e+02 2.355492e+02 9.219587e+00
9.510000e+02 2.380013e+02 9.603063e+00
9.520000e+02 2.394911e+02 9.803011e+00
9.530000e+02 2.416631e+02 1.016428e+01
9.540000e+02 2.439397e+02 1.057981e+01
9.550000e+02 2.461619e+02 1.102291e+01
9.560000e+02 2.488898e+02 1.167612e+01
9.570000e+02 2.506139e+02 1.205729e+01
9.580000e+02 2.530467e+02 1.275755e+01
9.590000e+02 2.553031e+02 1.349397e+01
9.600000e+02 2.574051e+02 1.428126e+01
9.610000e+02 2.596084e+02 1.531231e+01
9.620000e+02 2.617655e+02 1.661237e+01
9.630000e+02 2.637827e+02 1.826616e+01
9.640000e+02 2.655960e+02 2.047740e+01
9.650000e+02 2.671112e+02 2.362085e+01
9.660000e+02 2.682274e+02 2.846357e+01
9.670000e+02 2.689144e+02 3.683138e+01
9.680000e+02 2.693078e+02 5.363295e+01
9.690000e+02 2.695855e+02 9.402004e+01
9.700000e+02 2.697373e+02 1.717796e+02
9.710000e+02 2.696973e+02 1.373763e+02
9.720000e+02 2.695209e+02 7.851224e+01
9.730000e+02 2.693442e+02 5.913482e+01
9.740000e+02 2.692425e+02 4.919616e+01
9.750000e+02 2.692257e+02 4.832968e+01
9.760000e+02 2.692683e+02 5.101127e+01
9.770000e+02 2.693415e+02 5.646924e+01
9.780000e+02 2.694274e+02 6.479080e+01
9.790000e+02 2.695167e+02 7.676229e+01
9.800000e+02 2.696042e+02 9.441823e+01
9.810000e+02 2.696866e+02 1.187813e+02
9.820000e+02 2.697616e+02 1.567636e+02
9.830000e+02 2.698273e+02 2.186204e+02
9.840000e+02 2.698822e+02 3.228353e+02
9.850000e+02 2.699253e+02 5.192531e+02
9.860000e+02 2.699564e+02 9.318992e+02
9.870000e+02 2.699749e+02 1.820495e+03
9.880000e+02 2.699804e+02 2.823746e+03
9.890000e+02 2.699730e+02 1.652637e+03
9.900000e+02 2.699528e+02 8.536059e+02
9.910000e+02 2.699205e+02 4.859153e+02
9.920000e+02 2.698767e+02 3.077057e+02
9.930000e+02 2.698228e+02 2.122613e+02
9.940000e+02 2.697616e+02 1.580526e+02
9.950000e+02 2.696935e+02 1.235021e+02
9.960000e+02 2.696122e+02 9.656595e+01
9.970000e+02 2.695201e+02 7.756509e+01
9.980000e+02 2.694215e+02 6.436650e+01
9.990000e+02 2.693167e+02 5.486154e+01
1.000000e+03 2.692027e+02 4.751121e+01
0.800000 0 0
1.000000e+01 3.584212e+00 1.589069e-02
1.100000e+01 3.618298e+00 1.650598e-02
1.200000e+01 3.644863e+00 1.696003e-02
1.300000e+01 3.682529e+00 1.762520e-02
1.400000e+01 3.726680e+00 1.840363e-02
1.500000e+01 3.780863e+00 1.936198e-02
1.600000e+01 3.843537e+00 2.045608e-02
1.700000e+01 3.923497e+00 2.184365e-02
1.800000e+01 4.035794e+00 2.378482e-02
1.900000e+01 4.211855e+00 2.680712e-02
2.000000e+01 4.540449e+00 3.242061e-02
2.100000e+01 5.269968e+00 4.491799e-02
2.200000e+01 6.624550e+00 6.879490e-02
2.300000e+01 6.223065e+00 6.148530e-02
2.400000e+01 5.372877e+00 4.685487e-02
2.500000e+01 5.024551e+00 4.099949e-02
2.600000e+01 4.926634e+00 3.944859e-02
2.700000e+01 4.937783e+00 3.975646e-02
2.800000e+01 5.007737e+00 4.107930e-02
2.900000e+01 5.142286e+00 4.359387e-02
3.000000e+01 5.307121e+00 4.665211e-02
3.100000e+01 5.418826e+00 4.855665e-02
3.200000e+01 5.609045e+00 5.199083e-02
3.300000e+01 5.828898e+00 5.596419e-02
3.400000e+01 6.080399e+00 6.051376e-02
3.500000e+01 6.368295e+00 6.573043e-02
3.600000e+01 6.763825e+00 7.303129e-02
3.700000e+01 7.074000e+00 7.855343e-02
3.800000e+01 7.524591e+00 8.681389e-02
3.900000e+01 8.010138e+00 9.564386e-02
4.000000e+01 8.595354e+00 1.063738e-01
4.100000e+01 9.284387e+00 1.190555e-01
4.200000e+01 1.010271e+01 1.341811e-01
4.300000e+01 1.109415e+01 1.526224e-01
4.400000e+01 1.227652e+01 1.746806e-01
4.500000e+01 1.373743e+01 2.021239e-01
4.600000e+01 1.555710e+01 2.365481e-01
4.700000e+01 1.788748e+01 2.810681e-01
4.800000e+01 2.093787e+01 3.400304e-01
4.900000e+01 2.507062e+01 4.211455e-01
5.000000e+01 3.101024e+01 5.403127e-01
5.100000e+01 4.045176e+01 7.358811e-01
5.200000e+01 5.924037e+01 1.152835e+00
5.300000e+01 1.008890e+02 2.243418e+00
5.400000e+01 1.780705e+02 5.408247e+00
5.500000e+01 2.456489e+02 1.373667e+01
5.600000e+01 2.635943e+02 3.590557e+01
5.700000e+01 2.661542e+02 7.854546e+01
5.800000e+01 2.671336e+02 7.802463e+01
5.900000e+01 2.674548e+02 1.014263e+02
6.000000e+01 2.676928e+02 1.024876e+02
6.100000e+01 2.677094e+02 1.063902e+02
6.200000e+01 2.675067e+02 9.039468e+01
6.300000e+01 2.663914e+02 1.085643e+02
6.400000e+01 2.614673e+02 2.617835e+01
6.500000e+01 2.282878e+02 9.865042e+00
6.600000e+01 1.506279e+02 3.981822e+00
6.700000e+01 8.916603e+01 1.897687e+00
6.800000e+01 5.866427e+01 1.135816e+00
6.900000e+01 4.390338e+01 8.076018e-01
7.000000e+01 3.540487e+01 6.280547e-01
7.100000e+01 2.970389e+01 5.111344e-01
7.200000e+01 2.557574e+01 4.281711e-01
7.300000e+01 2.245902e+01 3.664537e-01
7.400000e+01 2.004317e+01 3.191497e-01
7.500000e+01 1.814256e+01 2.822897e-01
7.600000e+01 1.660978e+01 2.527644e-01
7.700000e+01 1.533204e+01 2.282200e-01
7.800000e+01 1.426668e+01 2.077873e-01
7.900000e+01 1.346528e+01 1.925126e-01
8.000000e+01 1.269986e+01 1.778418e-01
8.100000e+01 1.208035e+01 1.660755e-01
8.200000e+01 1.148328e+01 1.547900e-01
8.300000e+01 1.099045e+01 1.454884e-01
8.400000e+01 1.057919e+01 1.377119e-01
8.500000e+01 1.023049e+01 1.311039e-01
8.600000e+01 9.933679e+00 1.254629e-01
8.700000e+01 9.684132e+00 1.206989e-01
8.800000e+01 9.474899e+00 1.166855e-01
8.900000e+01 9.280976e+00 1.129692e-01
9.000000e+01 9.125738e+00 1.099717e-01
9.100000e+01 8.995254e+00 1.074301e-01
9.200000e+01 8.890236e+00 1.053472e-01
9.300000e+01 8.822184e+00 1.039692e-01
9.400000e+01 9.380985e+00 1.152758e-01
9.500000e+01 8.741469e+00 1.021832e-01
9.600000e+01 8.909012e+00 1.055292e-01
9.700000e+01 8.751168e+00 1.020447e-01
9.800000e+01 8.777177e+00 1.023160e-01
9.900000e+01 8.844746e+00 1.033793e-01
1.000000e+02 8.980636e+00 1.057689e-01
1.010000e+02 9.150650e+00 1.088199e-01
1.020000e+02 9.511347e+00 1.158072e-01
1.030000e+02 9.444105e+00 1.136918e-01
1.040000e+02 9.892059e+00 1.221785e-01
1.050000e+02 1.001887e+01 1.238475e-01
1.060000e+02 1.043966e+01 1.314199e-01
1.070000e+02 1.098553e+01 1.413493e-01
1.080000e+02 1.170714e+01 1.546175e-01
1.090000e+02 1.265827e+01 1.722833e-01
1.100000e+02 1.397703e+01 1.971051e-01
1.110000e+02 1.642400e+01 2.453173e-01
1.120000e+02 1.824554e+01 2.783862e-01
1.130000e+02 2.213787e+01 3.543627e-01
1.140000e+02 2.852199e+01 4.823399e-01
1.150000e+02 4.058668e+01 7.366200e-01
1.160000e+02 6.274380e+01 1.241595e+00
1.170000e+02 1.153531e+02 2.738097e+00
1.180000e+02 2.229891e+02 9.934799e+00
1.190000e+02 2.537513e+02 2.830869e+01
1.200000e+02 1.624005e+02 4.690581e+00
1.210000e+02 8.152076e+01 1.719340e+00
1.220000e+02 4.762910e+01 8.880850e-01
1.230000e+02 3.213483e+01 5.541753e-01
1.240000e+02 2.616785e+01 4.370468e-01
1.250000e+02 1.952062e+01 3.003773e-01
1.260000e+02 1.644818e+01 2.403559e-01
1.270000e+02 1.429774e+01 1.986713e-01
1.280000e+02 1.300742e+01 1.742970e-01
1.290000e+02 1.191074e+01 1.532747e-01
1.300000e+02 1.116906e+01 1.392076e-01
1.310000e+02 1.071671e+01 1.307493e-01
1.320000e+02 1.021590e+01 1.211381e-01
1.330000e+02 9.908304e+00 1.152641e-01
1.340000e+02 9.666455e+00 1.105734e-01
1.350000e+02 9.464030e+00 1.066152e-01
1.360000e+02 9.338337e+00 1.040919e-01
1.370000e+02 9.453879e+00 1.063630e-01
1.380000e+02 9.196482e+00 1.009150e-01
1.390000e+02 9.150546e+00 9.981417e-02
1.400000e+02 9.136172e+00 9.936373e-02
1.410000e+02 9.101786e+00 9.851869e-02
1.420000e+02 1.040586e+01 1.249381e-01
1.430000e+02 9.239904e+00 1.004567e-01
1.440000e+02 9.242108e+00 1.000465e-01
1.450000e+02 1.040989e+01 1.234642e-01
1.460000e+02 9.153427e+00 9.791669e-02
1.470000e+02 9.156917e+00 9.764223e-02
1.480000e+02 9.228421e+00 9.866468e-02
1.490000e+02 9.436835e+00 1.024051e-01
1.500000e+02 9.464253e+00 1.023195e-01
1.510000e+02 9.697426e+00 1.065080e-01
1.520000e+02 9.588523e+00 1.037384e-01
1.530000e+02 9.628612e+00 1.041232e-01
1.540000e+02 1.142469e+01 1.394742e-01
1.550000e+02 9.817613e+00 1.067774e-01
1.560000e+02 9.983004e+00 1.094378e-01
1.570000e+02 1.006493e+01 1.103756e-01
1.580000e+02 1.021245e+01 1.125874e-01
1.590000e+02 1.038561e+01 1.152546e-01
1.600000e+02 1.058037e+01 1.182907e-01
1.610000e+02 1.079260e+01 1.216135e-01
1.620000e+02 1.103225e+01 1.254134e-01
1.630000e+02 1.131440e+01 1.299727e-01
1.640000e+02 1.166910e+01 1.359008e-01
1.650000e+02 1.455683e+01 1.935041e-01
1.660000e+02 1.362258e+01 1.734733e-01
1.670000e+02 1.291777e+01 1.564780e-01
1.680000e+02 1.343310e+01 1.648996e-01
1.690000e+02 1.415078e+01 1.770818e-01
1.700000e+02 1.486900e+01 1.889627e-01
1.710000e+02 1.582655e+01 2.052380e-01
1.720000e+02 1.705544e+01 2.264114e-01
1.730000e+02 1.866066e+01 2.545063e-01
1.740000e+02 2.075658e+01 2.915821e-01
1.750000e+02 2.377341e+01 3.465247e-01
1.760000e+02 2.787494e+01 4.225840e-01
1.770000e+02 3.302813e+01 5.170103e-01
1.780000e+02 4.142081e+01 6.789185e-01
1.790000e+02 5.490475e+01 9.532748e-01
1.800000e+02 7.782671e+01 1.464880e+00
1.810000e+02 1.165018e+02 2.491189e+00
1.820000e+02 1.759802e+02 4.779252e+00
1.830000e+02 2.273492e+02 8.784244e+00
1.840000e+02 2.110271e+02 7.069742e+00
1.850000e+02 1.509491e+02 3.669598e+00
1.860000e+02 1.008511e+02 2.045088e+00
1.870000e+02 7.033623e+01 1.288640e+00
1.880000e+02 5.230437e+01 8.964562e-01
1.890000e+02 4.122092e+01 6.718775e-01
1.900000e+02 3.406087e+01 5.328028e-01
1.910000e+02 2.923959e+01 4.417132e-01
1.920000e+02 2.588353e+01 3.795101e-01
1.930000e+02 2.359899e+01 3.381457e-01
1.940000e+02 2.183340e+01 3.060535e-01
1.950000e+02 2.076063e+01 2.882882e-01
1.960000e+02 1.960246e+01 2.673307e-01
1.970000e+02 1.830597e+01 2.423857e-01
1.980000e+02 1.766878e+01 2.309824e-01
1.990000e+02 1.716721e+01 2.220633e-01
2.000000e+02 1.688704e+01 2.171274e-01
2.010000e+02 1.773091e+01 2.356931e-01
2.020000e+02 1.664656e+01 2.124562e-01
2.030000e+02 1.685055e+01 2.159010e-01
2.040000e+02 1.649930e+01 2.093721e-01
2.050000e+02 1.581635e+01 1.970139e-01
2.060000e+02 1.572855e+01 1.962793e-01
2.070000e+02 1.528100e+01 1.873876e-01
2.080000e+02 1.527818e+01 1.876590e-01
2.090000e+02 1.548107e+01 1.921548e-01
2.100000e+02 1.505586e+01 1.830819e-01
2.110000e+02 1.534343e+01 1.891152e-01
2.120000e+02 1.489319e+01 1.795052e-01
2.130000e+02 1.487614e+01 1.789526e-01
2.140000e+02 1.491820e+01 1.795869e-01
2.150000e+02 1.981710e+01 2.812444e-01
2.160000e+02 1.502629e+01 1.811182e-01
2.170000e+02 1.493768e+01 1.790143e-01
2.180000e+02 1.499852e+01 1.798844e-01
2.190000e+02 1.502100e+01 1.799331e-01
2.200000e+02 1.509530e+01 1.810073e-01
2.210000e+02 1.514983e+01 1.816492e-01
2.220000e+02 1.524187e+01 1.829904e-01
2.230000e+02 1.538010e+01 1.851652e-01
2.240000e+02 1.561227e+01 1.890248e-01
2.250000e+02 1.612883e+01 1.982304e-01
2.260000e+02 1.936788e+01 2.654106e-01
2.270000e+02 1.629435e+01 2.007267e-01
2.280000e+02 1.595553e+01 1.940611e-01
2.290000e+02 1.595842e+01 1.939657e-01
2.300000e+02 1.614541e+01 1.974087e-01
2.310000e+02 1.726463e+01 2.206741e-01
2.320000e+02 1.663606e+01 2.061395e-01
2.330000e+02 1.726100e+01 2.174472e-01
2.340000e+02 2.364478e+01 3.560384e-01
2.350000e+02 1.758473e+01 2.234305e-01
2.360000e+02 1.840565e+01 2.417344e-01
2.370000e+02 2.105697e+01 2.985940e-01
2.380000e+02 1.721542e+01 2.150097e-01
2.390000e+02 2.420558e+01 3.649258e-01
2.400000e+02 1.829912e+01 2.357027e-01
2.410000e+02 1.784641e+01 2.247382e-01
2.420000e+02 1.909198e+01 2.509795e-01
2.430000e+02 1.857982e+01 2.401800e-01
2.440000e+02 1.857784e+01 2.400695e-01
2.450000e+02 1.755809e+01 2.178424e-01
2.460000e+02 1.756738e+01 2.174789e-01
2.470000e+02 1.779150e+01 2.215620e-01
2.480000e+02 2.087546e+01 2.874713e-01
2.490000e+02 1.853375e+01 2.358488e-01
2.500000e+02 3.563633e+01 6.130706e-01
2.510000e+02 1.946261e+01 2.538328e-01
2.520000e+02 1.871563e+01 2.368247e-01
2.530000e+02 1.853440e+01 2.324192e-01
2.540000e+02 1.870402e+01 2.349119e-01
2.550000e+02 1.902476e+01 2.403719e-01
2.560000e+02 1.892283e+01 2.380993e-01
2.570000e+02 1.893528e+01 2.381900e-01
2.580000e+02 1.951476e+01 2.500738e-01
2.590000e+02 2.039956e+01 2.687870e-01
2.600000e+02 1.926596e+01 2.433552e-01
2.610000e+02 1.933091e+01 2.439888e-01
2.620000e+02 1.951910e+01 2.471620e-01
2.630000e+02 2.071147e+01 2.719054e-01
2.640000e+02 2.123444e+01 2.823286e-01
2.650000e+02 2.165273e+01 2.894064e-01
2.660000e+02 2.059401e+01 2.653542e-01
2.670000e+02 2.166693e+01 2.885188e-01
2.680000e+02 2.061240e+01 2.652793e-01
2.690000e+02 2.048744e+01 2.620410e-01
2.700000e+02 2.057039e+01 2.631266e-01
2.710000e+02 2.082177e+01 2.676977e-01
2.720000e+02 2.104439e+01 2.715990e-01
2.730000e+02 3.165860e+01 5.039327e-01
2.740000e+02 2.173331e+01 2.847223e-01
2.750000e+02 2.189368e+01 2.869873e-01
2.760000e+02 2.265991e+01 3.023445e-01
2.770000e+02 2.431014e+01 3.370630e-01
2.780000e+02 2.203468e+01 2.873866e-01
2.790000e+02 2.215977e+01 2.894760e-01
2.800000e+02 2.263052e+01 2.987894e-01
2.810000e+02 2.305052e+01 3.058373e-01
2.820000e+02 2.258686e+01 2.958743e-01
2.830000e+02 2.317258e+01 3.076706e-01
2.840000e+02 2.290358e+01 3.007905e-01
2.850000e+02 2.322687e+01 3.068851e-01
2.860000e+02 3.085673e+01 4.768583e-01
2.870000e+02 2.386000e+01 3.187106e-01
2.880000e+02 2.387135e+01 3.179186e-01
2.890000e+02 4.235235e+01 7.359790e-01
2.900000e+02 2.423047e+01 3.235730e-01
2.910000e+02 2.580214e+01 3.558486e-01
2.920000e+02 2.452488e+01 3.277480e-01
2.930000e+02 2.673365e+01 3.758766e-01
2.940000e+02 2.514293e+01 3.389684e-01
2.950000e+02 2.519031e+01 3.386239e-01
2.960000e+02 2.548957e+01 3.437905e-01
2.970000e+02 2.596031e+01 3.524599e-01
2.980000e+02 2.722422e+01 3.778989e-01
2.990000e+02 2.747645e+01 3.819974e-01
3.000000e+02 2.720116e+01 3.751522e-01
3.010000e+02 2.874627e+01 4.080642e-01
3.020000e+02 3.254057e+01 4.939789e-01
3.030000e+02 3.086036e+01 4.537116e-01
3.040000e+02 2.838052e+01 3.953183e-01
3.050000e+02 2.912946e+01 4.099876e-01
3.060000e+02 2.885453e+01 4.020729e-01
3.070000e+02 2.925774e+01 4.089913e-01
3.080000e+02 2.980198e+01 4.186643e-01
3.090000e+02 3.050939e+01 4.315476e-01
3.100000e+02 3.324129e+01 4.896107e-01
3.110000e+02 3.221462e+01 4.626797e-01
3.120000e+02 3.306380e+01 4.780717e-01
3.130000e+02 3.437950e+01 5.027022e-01
3.140000e+02 3.605320e+01 5.347369e-01
3.150000e+02 3.756752e+01 5.635766e-01
3.160000e+02 4.399874e+01 7.085400e-01
3.170000e+02 4.342430e+01 6.798456e-01
3.180000e+02 4.693368e+01 7.458773e-01
3.190000e+02 5.344524e+01 8.783142e-01
3.200000e+02 9.560391e+01 1.978292e+00
3.210000e+02 8.197919e+01 1.515739e+00
3.220000e+02 1.009716e+02 1.998521e+00
3.230000e+02 1.381035e+02 3.130490e+00
3.240000e+02 1.968770e+02 5.891400e+00
3.250000e+02 2.392512e+02 1.035958e+01
3.260000e+02 2.130399e+02 7.112140e+00
3.270000e+02 1.583903e+02 3.955732e+00
3.280000e+02 1.090325e+02 2.224304e+00
3.290000e+02 8.210035e+01 1.515696e+00
3.300000e+02 6.697796e+01 1.165361e+00
3.310000e+02 5.792548e+01 9.687860e-01
3.320000e+02 5.256196e+01 8.581693e-01
3.330000e+02 5.224904e+01 8.682977e-01
3.340000e+02 4.612483e+01 7.255737e-01
3.350000e+02 4.471547e+01 6.980319e-01
3.360000e+02 4.323452e+01 6.671409e-01
3.370000e+02 4.210193e+01 6.440980e-01
3.380000e+02 4.141400e+01 6.302996e-01
3.390000e+02 4.102841e+01 6.225334e-01
3.400000e+02 4.082461e+01 6.182609e-01
3.410000e+02 4.078468e+01 6.172427e-01
3.420000e+02 4.091090e+01 6.196676e-01
3.430000e+02 4.186140e+01 6.415977e-01
3.440000e+02 4.154460e+01 6.322079e-01
3.450000e+02 4.305594e+01 6.666285e-01
3.460000e+02 4.244481e+01 6.499332e-01
3.470000e+02 4.258763e+01 6.511850e-01
3.480000e+02 4.311410e+01 6.612622e-01
3.490000e+02 4.383453e+01 6.754579e-01
3.500000e+02 4.471851e+01 6.933434e-01
3.510000e+02 4.625061e+01 7.261220e-01
3.520000e+02 4.941826e+01 8.011939e-01
3.530000e+02 4.967897e+01 8.036670e-01
3.540000e+02 4.841264e+01 7.670577e-01
3.550000e+02 6.262799e+01 1.116474e+00
3.560000e+02 5.093049e+01 8.183342e-01
3.570000e+02 5.248528e+01 8.506288e-01
3.580000e+02 5.611777e+01 9.362724e-01
3.590000e+02 6.345818e+01 1.122561e+00
3.600000e+02 5.876314e+01 9.849813e-01
3.610000e+02 6.050791e+01 1.018546e+00
3.620000e+02 6.365935e+01 1.088163e+00
3.630000e+02 6.742835e+01 1.172851e+00
3.640000e+02 7.315719e+01 1.311097e+00
3.650000e+02 7.882351e+01 1.444598e+00
3.660000e+02 8.794164e+01 1.674169e+00
3.670000e+02 1.091643e+02 2.289878e+00
3.680000e+02 1.740594e+02 5.120987e+00
3.690000e+02 1.785626e+02 5.350906e+00
3.700000e+02 1.298416e+02 2.907092e+00
3.710000e+02 1.402221e+02 3.294905e+00
3.720000e+02 1.401565e+02 3.194225e+00
3.730000e+02 1.578885e+02 3.860615e+00
3.740000e+02 1.806122e+02 4.897978e+00
3.750000e+02 2.087052e+02 6.668758e+00
3.760000e+02 2.364203e+02 9.517577e+00
3.770000e+02 2.584193e+02 1.492247e+01
3.780000e+02 2.677226e+02 2.632626e+01
3.790000e+02 2.691958e+02 5.254486e+01
3.800000e+02 2.694747e+02 9.621576e+01
3.810000e+02 2.693355e+02 6.690598e+01
3.820000e+02 2.685866e+02 3.306481e+01
3.830000e+02 2.633652e+02 1.810382e+01
3.840000e+02 2.464988e+02 1.125055e+01
3.850000e+02 2.212958e+02 7.724231e+00
3.860000e+02 1.951404e+02 5.711317e+00
3.870000e+02 1.727733e+02 4.516595e+00
3.880000e+02 1.524722e+02 3.632433e+00
3.890000e+02 1.377533e+02 3.092196e+00
3.900000e+02 1.279739e+02 2.769500e+00
3.910000e+02 1.184460e+02 2.475230e+00
3.920000e+02 1.077180e+02 2.162950e+00
3.930000e+02 1.002381e+02 1.962520e+00
3.940000e+02 9.323253e+01 1.772707e+00
3.950000e+02 8.974972e+01 1.691124e+00
3.960000e+02 8.488225e+01 1.564563e+00
3.970000e+02 8.662422e+01 1.629980e+00
3.980000e+02 7.927412e+01 1.428779e+00
3.990000e+02 7.747668e+01 1.387167e+00
4.000000e+02 8.266209e+01 1.546645e+00
4.010000e+02 7.952735e+01 1.458630e+00
4.020000e+02 8.325867e+01 1.575252e+00
4.030000e+02 7.475585e+01 1.332118e+00
4.040000e+02 7.318202e+01 1.292940e+00
4.050000e+02 7.154408e+01 1.249641e+00
4.060000e+02 7.118867e+01 1.241346e+00
4.070000e+02 7.116794e+01 1.241402e+00
4.080000e+02 7.304431e+01 1.294852e+00
4.090000e+02 7.196719e+01 1.262500e+00
4.100000e+02 7.198177e+01 1.261075e+00
4.110000e+02 7.269913e+01 1.278395e+00
4.120000e+02 7.437414e+01 1.321706e+00
4.130000e+02 8.470719e+01 1.609145e+00
4.140000e+02 8.016476e+01 1.481479e+00
4.150000e+02 7.877161e+01 1.431112e+00
4.160000e+02 8.072523e+01 1.478460e+00
4.170000e+02 8.404101e+01 1.564174e+00
4.180000e+02 8.875703e+01 1.689840e+00
4.190000e+02 9.556307e+01 1.878285e+00
4.200000e+02 1.061895e+02 2.190636e+00
4.210000e+02 1.236889e+02 2.760037e+00
4.220000e+02 1.542433e+02 3.962408e+00
4.230000e+02 2.083973e+02 7.424072e+00
4.240000e+02 2.595029e+02 2.409977e+01
4.250000e+02 2.644256e+02 7.221337e+01
4.260000e+02 2.424020e+02 1.266928e+01
4.270000e+02 1.859018e+02 5.660943e+00
4.280000e+02 1.463302e+02 3.589407e+00
4.290000e+02 1.280565e+02 2.881905e+00
4.300000e+02 1.181025e+02 2.525914e+00
4.310000e+02 1.137289e+02 2.369370e+00
4.320000e+02 1.129927e+02 2.331220e+00
4.330000e+02 1.154374e+02 2.393350e+00
4.340000e+02 1.204062e+02 2.534525e+00
4.350000e+02 1.290338e+02 2.799123e+00
4.360000e+02 1.438216e+02 3.299660e+00
4.370000e+02 1.706929e+02 4.399504e+00
4.380000e+02 2.054018e+02 6.390527e+00
4.390000e+02 2.424203e+02 1.059382e+01
4.400000e+02 2.271548e+02 8.324761e+00
4.410000e+02 2.083734e+02 6.608066e+00
4.420000e+02 2.157748e+02 7.229689e+00
4.430000e+02 2.345535e+02 9.229270e+00
4.440000e+02 2.474348e+02 1.140501e+01
4.450000e+02 2.620040e+02 1.691200e+01
4.460000e+02 2.683669e+02 3.010171e+01
4.470000e+02 2.693371e+02 6.281875e+01
4.480000e+02 2.695347e+02 1.165635e+02
4.490000e+02 2.693016e+02 6.004107e+01
4.500000e+02 2.682008e+02 2.885472e+01
4.510000e+02 2.610610e+02 1.628461e+01
4.520000e+02 2.437161e+02 1.068435e+01
4.530000e+02 2.207906e+02 7.648913e+00
4.540000e+02 1.991176e+02 5.939093e+00
4.550000e+02 1.809857e+02 4.885368e+00
4.560000e+02 1.664837e+02 4.190256e+00
4.570000e+02 1.560356e+02 3.758231e+00
4.580000e+02 1.471145e+02 3.409519e+00
4.590000e+02 1.401500e+02 3.153314e+00
4.600000e+02 1.353443e+02 2.987726e+00
4.610000e+02 1.326099e+02 2.902263e+00
4.620000e+02 1.304676e+02 2.832733e+00
4.630000e+02 1.327224e+02 2.935738e+00
4.640000e+02 1.316260e+02 2.888197e+00
4.650000e+02 1.298775e+02 2.811089e+00
4.660000e+02 1.308845e+02 2.843923e+00
4.670000e+02 1.345385e+02 2.972741e+00
4.680000e+02 1.694782e+02 4.656208e+00
4.690000e+02 1.554389e+02 3.764826e+00
4.700000e+02 1.857659e+02 5.268310e+00
4.710000e+02 2.191443e+02 7.907320e+00
4.720000e+02 1.952060e+02 5.692500e+00
4.730000e+02 2.149491e+02 7.206870e+00
4.740000e+02 2.475203e+02 1.157349e+01
4.750000e+02 2.555078e+02 1.404683e+01
4.760000e+02 2.319537e+02 9.226176e+00
4.770000e+02 1.867652e+02 5.212491e+00
4.780000e+02 1.651251e+02 4.136289e+00
4.790000e+02 1.546718e+02 3.702812e+00
4.800000e+02 1.544340e+02 3.735600e+00
4.810000e+02 1.533885e+02 3.710627e+00
4.820000e+02 1.519997e+02 3.634763e+00
4.830000e+02 1.541361e+02 3.714431e+00
4.840000e+02 1.624170e+02 4.085793e+00
4.850000e+02 1.803220e+02 5.015408e+00
4.860000e+02 2.198777e+02 8.198711e+00
4.870000e+02 2.614298e+02 3.362163e+01
4.880000e+02 2.522984e+02 1.503419e+01
4.890000e+02 2.212422e+02 8.056935e+00
4.900000e+02 1.938330e+02 5.728364e+00
4.910000e+02 1.783131e+02 4.810297e+00
4.920000e+02 1.704734e+02 4.417305e+00
4.930000e+02 1.650794e+02 4.146289e+00
4.940000e+02 1.638975e+02 4.087810e+00
4.950000e+02 1.642897e+02 4.101443e+00
4.960000e+02 1.677028e+02 4.273843e+00
4.970000e+02 1.705661e+02 4.419112e+00
4.980000e+02 1.723301e+02 4.491275e+00
4.990000e+02 1.725972e+02 4.482175e+00
5.000000e+02 1.745314e+02 4.562960e+00
5.010000e+02 1.775629e+02 4.710547e+00
5.020000e+02 1.819499e+02 4.943919e+00
5.030000e+02 1.865852e+02 5.185220e+00
5.040000e+02 1.908883e+02 5.426443e+00
5.050000e+02 1.919084e+02 5.488098e+00
5.060000e+02 1.940460e+02 5.615979e+00
5.070000e+02 1.981291e+02 5.877038e+00
5.080000e+02 2.060404e+02 6.479008e+00
5.090000e+02 2.108274e+02 6.827838e+00
5.100000e+02 2.114887e+02 6.847759e+00
5.110000e+02 2.117854e+02 6.858961e+00
5.120000e+02 2.138901e+02 7.032178e+00
5.130000e+02 2.166107e+02 7.262939e+00
5.140000e+02 2.198249e+02 7.555837e+00
5.150000e+02 2.261415e+02 8.266345e+00
5.160000e+02 2.266774e+02 8.253394e+00
5.170000e+02 2.303708e+02 8.688446e+00
5.180000e+02 2.336747e+02 9.102296e+00
5.190000e+02 2.369753e+02 9.558665e+00
5.200000e+02 2.419371e+02 1.044918e+01
5.210000e+02 2.434821e+02 1.063307e+01
5.220000e+02 2.485056e+02 1.183137e+01
5.230000e+02 2.496703e+02 1.198439e+01
5.240000e+02 2.521147e+02 1.260762e+01
5.250000e+02 2.545926e+02 1.336681e+01
5.260000e+02 2.569460e+02 1.423595e+01
5.270000e+02 2.591453e+02 1.523918e+01
5.280000e+02 2.610107e+02 1.627939e+01
5.290000e+02 2.626466e+02 1.743056e+01
5.300000e+02 2.640790e+02 1.874187e+01
5.310000e+02 2.652940e+02 2.023115e+01
5.320000e+02 2.662678e+02 2.184164e+01
5.330000e+02 2.670608e+02 2.370718e+01
5.340000e+02 2.676812e+02 2.585751e+01
5.350000e+02 2.681448e+02 2.824437e+01
5.360000e+02 2.684970e+02 3.115702e+01
5.370000e+02 2.687480e+02 3.423356e+01
5.380000e+02 2.689374e+02 3.795553e+01
5.390000e+02 2.690831e+02 4.234938e+01
5.400000e+02 2.692008e+02 4.751703e+01
5.410000e+02 2.693009e+02 5.368763e+01
5.420000e+02 2.693899e+02 6.118560e+01
5.430000e+02 2.694710e+02 7.041866e+01
5.440000e+02 2.695458e+02 8.199992e+01
5.450000e+02 2.696152e+02 9.707744e+01
5.460000e+02 2.696796e+02 1.168115e+02
5.470000e+02 2.697382e+02 1.445765e+02
5.480000e+02 2.697863e+02 1.783405e+02
5.490000e+02 2.698258e+02 2.159419e+02
5.500000e+02 2.698628e+02 2.738865e+02
5.510000e+02 2.698964e+02 3.660413e+02
5.520000e+02 2.699252e+02 5.086059e+02
5.530000e+02 2.699488e+02 7.515432e+02
5.540000e+02 2.699673e+02 1.202348e+03
5.550000e+02 2.699805e+02 2.120997e+03
5.560000e+02 2.699885e+02 4.047853e+03
5.570000e+02 2.699914e+02 6.492167e+03
5.580000e+02 2.699890e+02 4.151287e+03
5.590000e+02 2.699816e+02 2.211588e+03
5.600000e+02 2.699692e+02 1.259669e+03
5.610000e+02 2.699518e+02 7.885248e+02
5.620000e+02 2.699295e+02 5.335528e+02
5.630000e+02 2.699024e+02 3.830813e+02
5.640000e+02 2.698705e+02 2.877845e+02
5.650000e+02 2.698339e+02 2.239617e+02
5.660000e+02 2.697928e+02 1.794082e+02
5.670000e+02 2.697471e+02 1.470806e+02
5.680000e+02 2.696970e+02 1.224159e+02
5.690000e+02 2.696426e+02 1.037161e+02
5.700000e+02 2.695838e+02 8.941112e+01
5.710000e+02 2.695207e+02 8.295920e+01
5.720000e+02 2.694532e+02 6.789066e+01
5.730000e+02 2.693806e+02 6.019982e+01
5.740000e+02 2.693019e+02 5.361202e+01
5.750000e+02 2.692152e+02 4.814668e+01
5.760000e+02 2.691167e+02 4.355596e+01
5.770000e+02 2.690007e+02 3.961297e+01
5.780000e+02 2.688585e+02 3.618075e+01
5.790000e+02 2.686780e+02 3.315595e+01
5.800000e+02 2.684477e+02 3.055343e+01
5.810000e+02 2.681533e+02 2.827061e+01
5.820000e+02 2.678108e+02 2.654172e+01
5.830000e+02 2.673189e+02 2.448861e+01
5.840000e+02 2.667429e+02 2.286117e+01
5.850000e+02 2.660496e+02 2.140648e+01
5.860000e+02 2.652386e+02 2.011654e+01
5.870000e+02 2.643028e+02 1.895574e+01
5.880000e+02 2.632362e+02 1.790041e+01
5.890000e+02 2.620605e+02 1.696063e+01
5.900000e+02 2.607553e+02 1.609383e+01
5.910000e+02 2.598657e+02 1.568135e+01
5.920000e+02 2.578299e+02 1.458810e+01
5.930000e+02 2.562559e+02 1.394577e+01
5.940000e+02 2.545566e+02 1.333023e+01
5.950000e+02 2.539632e+02 1.326695e+01
5.960000e+02 2.511776e+02 1.231465e+01
5.970000e+02 2.495983e+02 1.190512e+01
5.980000e+02 2.484566e+02 1.163424e+01
5.990000e+02 2.482430e+02 1.160096e+01
6.000000e+02 2.491453e+02 1.193498e+01
6.010000e+02 2.446034e+02 1.082948e+01
6.020000e+02 2.411538e+02 1.019325e+01
6.030000e+02 2.385987e+02 9.785257e+00
6.040000e+02 2.359736e+02 9.381979e+00
6.050000e+02 2.338462e+02 9.086402e+00
6.060000e+02 2.320083e+02 8.847507e+00
6.070000e+02 2.303684e+02 8.644092e+00
6.080000e+02 2.291142e+02 8.499721e+00
6.090000e+02 2.279537e+02 8.363489e+00
6.100000e+02 2.283605e+02 8.452126e+00
6.110000e+02 2.277489e+02 8.369679e+00
6.120000e+02 2.272353e+02 8.279050e+00
6.130000e+02 2.283072e+02 8.392210e+00
6.140000e+02 2.307671e+02 8.678974e+00
6.150000e+02 2.352095e+02 9.260514e+00
6.160000e+02 2.416418e+02 1.023842e+01
6.170000e+02 2.508104e+02 1.216382e+01
6.180000e+02 2.610708e+02 1.620152e+01
6.190000e+02 2.676692e+02 2.574864e+01
6.200000e+02 2.691319e+02 4.859540e+01
6.210000e+02 2.692592e+02 6.064820e+01
6.220000e+02 2.685974e+02 3.264663e+01
6.230000e+02 2.641326e+02 1.868268e+01
6.240000e+02 2.532359e+02 1.285798e+01
6.250000e+02 2.402212e+02 9.992607e+00
6.260000e+02 2.288615e+02 8.441606e+00
6.270000e+02 2.200589e+02 7.530286e+00
6.280000e+02 2.138508e+02 7.002116e+00
6.290000e+02 2.068105e+02 6.424507e+00
6.300000e+02 2.018758e+02 6.072496e+00
6.310000e+02 1.978781e+02 5.807312e+00
6.320000e+02 1.960083e+02 5.715654e+00
6.330000e+02 1.918390e+02 5.437768e+00
6.340000e+02 1.896724e+02 5.317078e+00
6.350000e+02 1.872185e+02 5.174141e+00
6.360000e+02 1.848160e+02 5.035471e+00
6.370000e+02 1.829824e+02 4.936640e+00
6.380000e+02 1.814943e+02 4.860584e+00
6.390000e+02 1.869923e+02 5.264876e+00
6.400000e+02 1.803877e+02 4.826887e+00
6.410000e+02 1.773488e+02 4.648816e+00
6.420000e+02 1.772668e+02 4.660121e+00
6.430000e+02 1.755603e+02 4.565517e+00
6.440000e+02 1.744780e+02 4.510244e+00
6.450000e+02 1.767543e+02 4.661701e+00
6.460000e+02 1.742994e+02 4.505201e+00
6.470000e+02 1.722898e+02 4.405231e+00
6.480000e+02 1.755900e+02 4.623246e+00
6.490000e+02 1.703432e+02 4.310853e+00
6.500000e+02 1.699742e+02 4.295053e+00
6.510000e+02 1.712176e+02 4.372938e+00
6.520000e+02 1.713415e+02 4.379250e+00
6.530000e+02 1.721196e+02 4.421810e+00
6.540000e+02 1.751417e+02 4.602802e+00
6.550000e+02 2.200992e+02 8.872018e+00
6.560000e+02 2.249221e+02 9.670690e+00
6.570000e+02 1.847951e+02 5.070455e+00
6.580000e+02 2.010759e+02 6.221429e+00
6.590000e+02 1.839989e+02 4.989978e+00
6.600000e+02 1.749570e+02 4.519432e+00
6.610000e+02 1.706058e+02 4.319492e+00
6.620000e+02 1.679781e+02 4.197925e+00
6.630000e+02 1.663463e+02 4.121929e+00
6.640000e+02 1.655362e+02 4.086297e+00
6.650000e+02 1.655713e+02 4.094083e+00
6.660000e+02 1.667917e+02 4.167472e+00
6.670000e+02 1.655584e+02 4.098691e+00
6.680000e+02 1.647676e+02 4.055210e+00
6.690000e+02 1.647240e+02 4.052671e+00
6.700000e+02 1.705724e+02 4.389537e+00
6.710000e+02 1.653840e+02 4.086267e+00
6.720000e+02 1.675527e+02 4.206533e+00
6.730000e+02 1.661737e+02 4.123207e+00
6.740000e+02 1.690028e+02 4.280530e+00
6.750000e+02 1.658226e+02 4.096430e+00
6.760000e+02 1.686805e+02 4.251432e+00
6.770000e+02 1.674804e+02 4.176418e+00
6.780000e+02 1.692733e+02 4.273003e+00
6.790000e+02 1.681920e+02 4.203979e+00
6.800000e+02 1.682362e+02 4.201485e+00
6.810000e+02 1.687685e+02 4.224711e+00
6.820000e+02 1.694868e+02 4.257620e+00
6.830000e+02 1.703791e+02 4.299912e+00
6.840000e+02 1.716051e+02 4.362532e+00
6.850000e+02 1.719174e+02 4.369590e+00
6.860000e+02 1.728251e+02 4.411765e+00
6.870000e+02 1.738185e+02 4.458591e+00
6.880000e+02 1.749324e+02 4.512047e+00
6.890000e+02 1.762077e+02 4.574343e+00
6.900000e+02 1.778078e+02 4.654460e+00
6.910000e+02 1.803751e+02 4.790720e+00
6.920000e+02 1.846366e+02 5.043140e+00
6.930000e+02 1.839712e+02 4.994727e+00
6.940000e+02 1.839324e+02 4.984967e+00
6.950000e+02 1.853036e+02 5.063841e+00
6.960000e+02 1.870342e+02 5.163629e+00
6.970000e+02 1.871292e+02 5.147596e+00
6.980000e+02 1.886657e+02 5.232686e+00
6.990000e+02 1.942701e+02 5.617435e+00
7.000000e+02 1.925142e+02 5.461295e+00
7.010000e+02 1.984358e+02 5.907108e+00
7.020000e+02 1.967067e+02 5.722749e+00
7.030000e+02 2.007527e+02 6.020405e+00
7.040000e+02 2.006905e+02 5.979065e+00
7.050000e+02 2.027436e+02 6.117779e+00
7.060000e+02 2.051001e+02 6.285311e+00
7.070000e+02 2.075513e+02 6.466249e+00
7.080000e+02 2.105077e+02 6.703455e+00
7.090000e+02 2.129844e+02 6.899087e+00
7.100000e+02 2.160457e+02 7.165380e+00
7.110000e+02 2.194330e+02 7.480684e+00
7.120000e+02 2.234357e+02 7.889663e+00
7.130000e+02 2.291045e+02 8.557525e+00
7.140000e+02 2.397473e+02 1.022152e+01
7.150000e+02 2.607547e+02 2.029203e+01
7.160000e+02 2.572872e+02 1.617891e+01
7.170000e+02 2.434331e+02 1.079431e+01
7.180000e+02 2.412083e+02 1.027396e+01
7.190000e+02 2.418347e+02 1.031945e+01
7.200000e+02 2.443106e+02 1.078882e+01
7.210000e+02 2.460912e+02 1.109209e+01
7.220000e+02 2.485982e+02 1.163887e+01
7.230000e+02 2.515517e+02 1.242563e+01
7.240000e+02 2.536316e+02 1.300314e+01
7.250000e+02 2.559038e+02 1.376909e+01
7.260000e+02 2.581050e+02 1.466976e+01
7.270000e+02 2.601676e+02 1.571733e+01
7.280000e+02 2.620541e+02 1.694926e+01
7.290000e+02 2.635429e+02 1.814483e+01
7.300000e+02 2.650585e+02 1.993760e+01
7.310000e+02 2.661007e+02 2.154195e+01
7.320000e+02 2.669349e+02 2.330809e+01
7.330000e+02 2.676260e+02 2.554147e+01
7.340000e+02 2.681537e+02 2.824250e+01
7.350000e+02 2.685516e+02 3.190377e+01
7.360000e+02 2.688063e+02 3.509473e+01
7.370000e+02 2.690048e+02 3.961040e+01
7.380000e+02 2.691560e+02 4.512137e+01
7.390000e+02 2.692792e+02 5.194304e+01
7.400000e+02 2.693857e+02 6.061856e+01
7.410000e+02 2.694814e+02 7.152661e+01
7.420000e+02 2.695684e+02 8.592285e+01
7.430000e+02 2.696478e+02 1.054605e+02
7.440000e+02 2.697195e+02 1.329769e+02
7.450000e+02 2.697823e+02 1.731864e+02
7.460000e+02 2.698341e+02 2.269356e+02
7.470000e+02 2.698781e+02 3.095437e+02
7.480000e+02 2.699157e+02 4.518114e+02
7.490000e+02 2.699457e+02 7.152012e+02
7.500000e+02 2.699676e+02 1.250595e+03
7.510000e+02 2.699813e+02 2.402435e+03
7.520000e+02 2.699868e+02 4.193906e+03
7.530000e+02 2.699841e+02 2.862932e+03
7.540000e+02 2.699733e+02 1.508463e+03
7.550000e+02 2.699544e+02 8.428248e+02
7.560000e+02 2.699276e+02 5.200617e+02
7.570000e+02 2.698931e+02 3.486818e+02
7.580000e+02 2.698509e+02 2.486508e+02
7.590000e+02 2.698013e+02 1.860439e+02
7.600000e+02 2.697445e+02 1.444762e+02
7.610000e+02 2.696808e+02 1.155345e+02
7.620000e+02 2.696102e+02 9.463500e+01
7.630000e+02 2.695331e+02 7.906903e+01
7.640000e+02 2.694492e+02 6.719497e+01
7.650000e+02 2.693578e+02 5.801150e+01
7.660000e+02 2.692571e+02 5.072887e+01
7.670000e+02 2.691425e+02 4.481633e+01
7.680000e+02 2.690072e+02 4.011983e+01
7.690000e+02 2.688448e+02 3.643880e+01
7.700000e+02 2.686592e+02 3.379889e+01
7.710000e+02 2.684910e+02 3.259362e+01
7.720000e+02 2.684654e+02 3.493614e+01
7.730000e+02 2.686811e+02 5.530687e+01
7.740000e+02 2.688372e+02 1.652939e+02
7.750000e+02 2.682671e+02 3.981796e+01
7.760000e+02 2.670891e+02 2.587037e+01
7.770000e+02 2.654808e+02 2.117492e+01
7.780000e+02 2.637804e+02 1.873573e+01
7.790000e+02 2.619728e+02 1.705352e+01
7.800000e+02 2.601624e+02 1.584784e+01
7.810000e+02 2.581068e+02 1.474489e+01
7.820000e+02 2.561947e+02 1.395079e+01
7.830000e+02 2.540498e+02 1.317322e+01
7.840000e+02 2.518312e+02 1.248768e+01
7.850000e+02 2.498482e+02 1.198037e+01
7.860000e+02 2.472215e+02 1.132538e+01
7.870000e+02 2.448073e+02 1.081339e+01
7.880000e+02 2.424512e+02 1.036840e+01
7.890000e+02 2.401206e+02 9.968580e+00
7.900000e+02 2.378096e+02 9.603994e+00
7.910000e+02 2.358231e+02 9.323759e+00
7.920000e+02 2.333952e+02 8.985591e+00
7.930000e+02 2.323132e+02 8.894592e+00
7.940000e+02 2.287757e+02 8.409164e+00
7.950000e+02 2.265029e+02 8.148490e+00
7.960000e+02 2.244324e+02 7.926305e+00
7.970000e+02 2.224150e+02 7.719215e+00
7.980000e+02 2.204021e+02 7.522853e+00
7.990000e+02 2.185508e+02 7.356055e+00
8.000000e+02 2.162515e+02 7.140496e+00
8.010000e+02 2.143565e+02 6.976731e+00
8.020000e+02 2.127233e+02 6.843936e+00
8.030000e+02 2.113615e+02 6.739945e+00
8.040000e+02 2.093117e+02 6.570789e+00
8.050000e+02 2.075348e+02 6.433994e+00
8.060000e+02 2.060870e+02 6.328761e+00
8.070000e+02 2.052138e+02 6.279564e+00
8.080000e+02 2.041027e+02 6.210887e+00
8.090000e+02 2.014249e+02 5.996815e+00
8.100000e+02 2.002292e+02 5.918691e+00
8.110000e+02 2.013281e+02 6.037415e+00
8.120000e+02 1.976716e+02 5.750890e+00
8.130000e+02 1.987780e+02 5.867405e+00
8.140000e+02 2.205591e+02 8.140905e+00
8.150000e+02 1.938983e+02 5.508980e+00
8.160000e+02 1.927374e+02 5.436808e+00
8.170000e+02 1.917032e+02 5.374355e+00
8.180000e+02 1.908789e+02 5.327502e+00
8.190000e+02 1.901248e+02 5.285218e+00
8.200000e+02 1.899878e+02 5.288713e+00
8.210000e+02 1.884899e+02 5.189444e+00
8.220000e+02 1.879269e+02 5.158318e+00
8.230000e+02 1.874919e+02 5.134874e+00
8.240000e+02 1.875038e+02 5.139550e+00
8.250000e+02 1.883338e+02 5.198174e+00
8.260000e+02 1.932088e+02 5.557283e+00
8.270000e+02 1.922194e+02 5.445018e+00
8.280000e+02 1.984768e+02 5.927787e+00
8.290000e+02 1.907574e+02 5.361047e+00
8.300000e+02 1.928590e+02 5.514441e+00
8.310000e+02 2.201266e+02 8.285320e+00
8.320000e+02 2.135043e+02 7.234106e+00
8.330000e+02 2.428848e+02 1.174514e+01
8.340000e+02 2.639565e+02 5.742208e+01
8.350000e+02 2.528776e+02 1.530117e+01
8.360000e+02 2.180180e+02 7.685937e+00
8.370000e+02 2.037124e+02 6.401722e+00
8.380000e+02 1.949162e+02 5.726412e+00
8.390000e+02 1.883534e+02 5.254124e+00
8.400000e+02 1.895921e+02 5.376343e+00
8.410000e+02 2.028144e+02 6.514877e+00
8.420000e+02 1.976919e+02 6.072806e+00
8.430000e+02 2.291489e+02 1.076904e+01
8.440000e+02 1.811457e+02 4.828164e+00
8.450000e+02 1.785563e+02 4.662386e+00
8.460000e+02 1.779493e+02 4.624582e+00
8.470000e+02 1.780110e+02 4.623618e+00
8.480000e+02 1.793377e+02 4.693060e+00
8.490000e+02 1.894518e+02 5.380383e+00
8.500000e+02 1.793903e+02 4.700365e+00
8.510000e+02 1.772033e+02 4.577715e+00
8.520000e+02 1.767043e+02 4.551985e+00
8.530000e+02 1.774539e+02 4.596680e+00
8.540000e+02 1.771111e+02 4.572839e+00
8.550000e+02 1.767444e+02 4.551859e+00
8.560000e+02 1.771080e+02 4.569335e+00
8.570000e+02 1.789151e+02 4.668945e+00
8.580000e+02 2.097609e+02 7.228732e+00
8.590000e+02 1.849561e+02 4.975721e+00
8.600000e+02 1.893440e+02 5.221744e+00
8.610000e+02 1.861255e+02 5.042728e+00
8.620000e+02 1.815720e+02 4.799603e+00
8.630000e+02 1.901762e+02 5.456985e+00
8.640000e+02 1.776976e+02 4.595009e+00
8.650000e+02 1.769338e+02 4.555457e+00
8.660000e+02 1.787797e+02 4.677544e+00
8.670000e+02 1.765369e+02 4.534826e+00
8.680000e+02 1.765311e+02 4.533585e+00
8.690000e+02 1.783177e+02 4.644190e+00
8.700000e+02 1.768964e+02 4.551690e+00
8.710000e+02 1.770208e+02 4.556290e+00
8.720000e+02 1.772760e+02 4.568485e+00
8.730000e+02 1.775766e+02 4.583062e+00
8.740000e+02 1.780904e+02 4.610598e+00
8.750000e+02 1.783197e+02 4.620005e+00
8.760000e+02 1.787633e+02 4.642349e+00
8.770000e+02 1.792771e+02 4.668316e+00
8.780000e+02 1.801841e+02 4.718288e+00
8.790000e+02 1.805680e+02 4.736344e+00
8.800000e+02 1.808192e+02 4.746858e+00
8.810000e+02 1.815498e+02 4.787346e+00
8.820000e+02 1.822711e+02 4.826766e+00
8.830000e+02 2.038774e+02 6.570150e+00
8.840000e+02 1.837644e+02 4.906881e+00
8.850000e+02 1.843451e+02 4.934185e+00
8.860000e+02 1.856101e+02 5.008221e+00
8.870000e+02 1.874899e+02 5.126311e+00
8.880000e+02 1.926506e+02 5.498935e+00
8.890000e+02 1.892435e+02 5.208415e+00
8.900000e+02 1.910702e+02 5.309711e+00
8.910000e+02 1.940683e+02 5.489739e+00
8.920000e+02 1.992474e+02 5.822972e+00
8.930000e+02 2.080877e+02 6.476183e+00
8.940000e+02 2.120407e+02 6.812296e+00
8.950000e+02 2.104633e+02 6.741846e+00
8.960000e+02 2.141211e+02 7.192040e+00
8.970000e+02 2.027782e+02 6.056658e+00
8.980000e+02 2.040869e+02 6.141532e+00
8.990000e+02 2.071707e+02 6.364421e+00
9.000000e+02 2.086930e+02 6.477099e+00
9.010000e+02 2.105552e+02 6.629226e+00
9.020000e+02 2.136767e+02 6.873671e+00
9.030000e+02 2.178010e+02 7.233023e+00
9.040000e+02 2.222156e+02 7.647284e+00
9.050000e+02 2.300412e+02 8.494610e+00
9.060000e+02 2.398404e+02 9.877128e+00
9.070000e+02 2.401280e+02 9.903245e+00
9.080000e+02 2.420325e+02 1.029094e+01
9.090000e+02 2.461625e+02 1.102815e+01
9.100000e+02 2.528387e+02 1.266596e+01
9.110000e+02 2.597587e+02 1.537334e+01
9.120000e+02 2.654548e+02 2.031321e+01
9.130000e+02 2.683029e+02 2.914929e+01
9.140000e+02 2.691988e+02 4.811167e+01
9.150000e+02 2.695545e+02 9.158658e+01
9.160000e+02 2.696982e+02 1.617171e+02
9.170000e+02 2.696192e+02 1.125828e+02
9.180000e+02 2.693327e+02 5.812960e+01
9.190000e+02 2.687489e+02 3.432831e+01
9.200000e+02 2.669210e+02 2.317515e+01
9.210000e+02 2.627294e+02 1.732789e+01
9.220000e+02 2.569623e+02 1.409776e+01
9.230000e+02 2.506612e+02 1.204819e+01
9.240000e+02 2.448732e+02 1.074442e+01
9.250000e+02 2.407072e+02 1.004239e+01
9.260000e+02 2.362158e+02 9.318641e+00
9.270000e+02 2.328827e+02 8.856941e+00
9.280000e+02 2.305635e+02 8.568977e+00
9.290000e+02 2.285772e+02 8.328404e+00
9.300000e+02 2.271365e+02 8.162960e+00
9.310000e+02 2.262474e+02 8.065811e+00
9.320000e+02 2.258782e+02 8.031525e+00
9.330000e+02 2.303652e+02 8.739011e+00
9.340000e+02 2.257817e+02 8.025340e+00
9.350000e+02 2.257643e+02 8.014734e+00
9.360000e+02 2.263255e+02 8.079824e+00
9.370000e+02 2.268999e+02 8.142590e+00
9.380000e+02 2.275187e+02 8.205402e+00
9.390000e+02 2.283397e+02 8.298075e+00
9.400000e+02 2.292816e+02 8.408744e+00
9.410000e+02 2.302933e+02 8.527837e+00
9.420000e+02 2.314549e+02 8.669793e+00
9.430000e+02 2.327980e+02 8.841754e+00
9.440000e+02 2.342405e+02 9.031404e+00
9.450000e+02 2.361639e+02 9.319515e+00
9.460000e+02 2.369841e+02 9.416296e+00
9.470000e+02 2.383908e+02 9.627551e+00
9.480000e+02 2.400116e+02 9.888794e+00
9.490000e+02 2.431908e+02 1.054387e+01
9.500000e+02 2.433348e+02 1.046690e+01
9.510000e+02 2.453974e+02 1.089105e+01
9.520000e+02 2.467377e+02 1.113593e+01
9.530000e+02 2.485736e+02 1.154699e+01
9.540000e+02 2.504710e+02 1.201797e+01
9.550000e+02 2.523112e+02 1.252314e+01
9.560000e+02 2.544832e+02 1.324634e+01
9.570000e+02 2.559336e+02 1.370723e+01
9.580000e+02 2.578459e+02 1.449950e+01
9.590000e+02 2.596011e+02 1.534187e+01
9.600000e+02 2.612152e+02 1.625289e+01
9.610000e+02 2.628503e+02 1.743372e+01
9.620000e+02 2.644003e+02 1.891905e+01
9.630000e+02 2.658001e+02 2.080956e+01
9.640000e+02 2.670071e+02 2.333696e+01
9.650000e+02 2.679710e+02 2.692903e+01
9.660000e+02 2.686576e+02 3.246338e+01
9.670000e+02 2.690963e+02 4.202569e+01
9.680000e+02 2.693976e+02 6.122391e+01
9.690000e+02 2.696373e+02 1.072240e+02
9.700000e+02 2.697701e+02 1.960698e+02
9.710000e+02 2.697351e+02 1.569167e+02
9.720000e+02 2.695810e+02 8.965775e+01
9.730000e+02 2.694282e+02 6.711709e+01
9.740000e+02 2.693434e+02 5.615375e+01
9.750000e+02 2.693295e+02 5.516495e+01
9.760000e+02 2.693645e+02 5.822920e+01
9.770000e+02 2.694261e+02 6.446461e+01
9.780000e+02 2.694998e+02 7.397470e+01
9.790000e+02 2.695773e+02 8.765237e+01
9.800000e+02 2.696537e+02 1.077480e+02
9.810000e+02 2.697258e+02 1.356770e+02
9.820000e+02 2.697914e+02 1.790803e+02
9.830000e+02 2.698489e+02 2.496489e+02
9.840000e+02 2.698969e+02 3.688690e+02
9.850000e+02 2.699346e+02 5.933418e+02
9.860000e+02 2.699618e+02 1.064878e+03
9.870000e+02 2.699780e+02 2.080174e+03
9.880000e+02 2.699828e+02 3.215797e+03
9.890000e+02 2.699764e+02 1.888424e+03
9.900000e+02 2.699587e+02 9.754318e+02
9.910000e+02 2.699304e+02 5.552432e+02
9.920000e+02 2.698921e+02 3.515807e+02
9.930000e+02 2.698449e+02 2.424932e+02
9.940000e+02 2.697914e+02 1.805155e+02
9.950000e+02 2.697318e+02 1.410550e+02
9.960000e+02 2.696607e+02 1.102841e+02
9.970000e+02 2.695802e+02 8.857272e+01
9.980000e+02 2.694947e+02 7.348782e+01
9.990000e+02 2.694050e+02 6.260997e+01
1.000000e+03 2.693106e+02 5.422454e+01
0.900000 0 0
1.000000e+01 3.587021e+00 1.593816e-02
1.100000e+01 3.621764e+00 1.656441e-02
1.200000e+01 3.649047e+00 1.703044e-02
1.300000e+01 3.687702e+00 1.771222e-02
1.400000e+01 3.733221e+00 1.851364e-02
1.500000e+01 3.789334e+00 1.950441e-02
1.600000e+01 3.854894e+00 2.064702e-02
1.700000e+01 3.939439e+00 2.211171e-02
1.800000e+01 4.059654e+00 2.418620e-02
1.900000e+01 4.250972e+00 2.746595e-02
2.000000e+01 4.613153e+00 3.364883e-02
2.100000e+01 5.425285e+00 4.756265e-02
2.200000e+01 6.937662e+00 7.424260e-02
2.300000e+01 6.477729e+00 6.586241e-02
2.400000e+01 5.510618e+00 4.919248e-02
2.500000e+01 5.107822e+00 4.240612e-02
2.600000e+01 4.984687e+00 4.042743e-02
2.700000e+01 4.982903e+00 4.051677e-02
2.800000e+01 5.045426e+00 4.171426e-02
2.900000e+01 5.175555e+00 4.415456e-02
3.000000e+01 5.337712e+00 4.716800e-02
3.100000e+01 5.447818e+00 4.904572e-02
3.200000e+01 5.637118e+00 5.246478e-02
3.300000e+01 5.856524e+00 5.643104e-02
3.400000e+01 6.107914e+00 6.097930e-02
3.500000e+01 6.395951e+00 6.619898e-02
3.600000e+01 6.791802e+00 7.350620e-02
3.700000e+01 7.102470e+00 7.903738e-02
3.800000e+01 7.553658e+00 8.730908e-02
3.900000e+01 8.039904e+00 9.615210e-02
4.000000e+01 8.625895e+00 1.068967e-01
4.100000e+01 9.315768e+00 1.195944e-01
4.200000e+01 1.013498e+01 1.347374e-01
4.300000e+01 1.112736e+01 1.531973e-01
4.400000e+01 1.231070e+01 1.752753e-01
4.500000e+01 1.377260e+01 2.027398e-01
4.600000e+01 1.559329e+01 2.371867e-01
4.700000e+01 1.792474e+01 2.817322e-01
4.800000e+01 2.097637e+01 3.407253e-01
4.900000e+01 2.511085e+01 4.218849e-01
5.000000e+01 3.105281e+01 5.411173e-01
5.100000e+01 4.049265e+01 7.366854e-01
5.200000e+01 5.927702e+01 1.153621e+00
5.300000e+01 1.009176e+02 2.244187e+00
5.400000e+01 1.780846e+02 5.408960e+00
5.500000e+01 2.456514e+02 1.373722e+01
5.600000e+01 2.635945e+02 3.590577e+01
5.700000e+01 2.661542e+02 7.854529e+01
5.800000e+01 2.671336e+02 7.802415e+01
5.900000e+01 2.674548e+02 1.014257e+02
6.000000e+01 2.676927e+02 1.024869e+02
6.100000e+01 2.677093e+02 1.063896e+02
6.200000e+01 2.675067e+02 9.039417e+01
6.300000e+01 2.663914e+02 1.085643e+02
6.400000e+01 2.614681e+02 2.617897e+01
6.500000e+01 2.282960e+02 9.866019e+00
6.600000e+01 1.506576e+02 3.982971e+00
6.700000e+01 8.921607e+01 1.898943e+00
6.800000e+01 5.872622e+01 1.137140e+00
6.900000e+01 4.397094e+01 8.089492e-01
7.000000e+01 3.547644e+01 6.294286e-01
7.100000e+01 2.977908e+01 5.125424e-01
7.200000e+01 2.565436e+01 4.296173e-01
7.300000e+01 2.254095e+01 3.679405e-01
7.400000e+01 2.012833e+01 3.206793e-01
7.500000e+01 1.823097e+01 2.838645e-01
7.600000e+01 1.670156e+01 2.543878e-01
7.700000e+01 1.542748e+01 2.298982e-01
7.800000e+01 1.436649e+01 2.095337e-01
7.900000e+01 1.357117e+01 1.943589e-01
8.000000e+01 1.281534e+01 1.798519e-01
8.100000e+01 1.220035e+01 1.681587e-01
8.200000e+01 1.159954e+01 1.567954e-01
8.300000e+01 1.110609e+01 1.474757e-01
8.400000e+01 1.069622e+01 1.397175e-01
8.500000e+01 1.034985e+01 1.331443e-01
8.600000e+01 1.005594e+01 1.275480e-01
8.700000e+01 9.809961e+00 1.228407e-01
8.800000e+01 9.604739e+00 1.188922e-01
8.900000e+01 9.412819e+00 1.152052e-01
9.000000e+01 9.260014e+00 1.122452e-01
9.100000e+01 9.132446e+00 1.097497e-01
9.200000e+01 9.030547e+00 1.077166e-01
9.300000e+01 8.965706e+00 1.063903e-01
9.400000e+01 9.527067e+00 1.177505e-01
9.500000e+01 8.891703e+00 1.047136e-01
9.600000e+01 9.062555e+00 1.081181e-01
9.700000e+01 8.908222e+00 1.046879e-01
9.800000e+01 8.937462e+00 1.050130e-01
9.900000e+01 9.008355e+00 1.061328e-01
1.000000e+02 9.147556e+00 1.085804e-01
1.010000e+02 9.320892e+00 1.116904e-01
1.020000e+02 9.684683e+00 1.187378e-01
1.030000e+02 9.621222e+00 1.166834e-01
1.040000e+02 1.007224e+01 1.252320e-01
1.050000e+02 1.020263e+01 1.269637e-01
1.060000e+02 1.062664e+01 1.345999e-01
1.070000e+02 1.117561e+01 1.445940e-01
1.080000e+02 1.190017e+01 1.579278e-01
1.090000e+02 1.285405e+01 1.756604e-01
1.100000e+02 1.417522e+01 2.005496e-01
1.110000e+02 1.662357e+01 2.488304e-01
1.120000e+02 1.844726e+01 2.819691e-01
1.130000e+02 2.233988e+01 3.580161e-01
1.140000e+02 2.872214e+01 4.860648e-01
1.150000e+02 4.077994e+01 7.404165e-01
1.160000e+02 6.292092e+01 1.245461e+00
1.170000e+02 1.154857e+02 2.742020e+00
1.180000e+02 2.230259e+02 9.938707e+00
1.190000e+02 2.537614e+02 2.831260e+01
1.200000e+02 1.625004e+02 4.694905e+00
1.210000e+02 8.170792e+01 1.723855e+00
1.220000e+02 4.784967e+01 8.925622e-01
1.230000e+02 3.237232e+01 5.586659e-01
1.240000e+02 2.641472e+01 4.415917e-01
1.250000e+02 1.977929e+01 3.049938e-01
1.260000e+02 1.671551e+01 2.450527e-01
1.270000e+02 1.457331e+01 2.034539e-01
1.280000e+02 1.329045e+01 1.791680e-01
1.290000e+02 1.220136e+01 1.582364e-01
1.300000e+02 1.146701e+01 1.442631e-01
1.310000e+02 1.102167e+01 1.359018e-01
1.320000e+02 1.052838e+01 1.263909e-01
1.330000e+02 1.022811e+01 1.206211e-01
1.340000e+02 9.993807e+00 1.160402e-01
1.350000e+02 9.799244e+00 1.121980e-01
1.360000e+02 9.681633e+00 1.097981e-01
1.370000e+02 9.805788e+00 1.122179e-01
1.380000e+02 9.561402e+00 1.069668e-01
1.390000e+02 9.523928e+00 1.059998e-01
1.400000e+02 9.513421e+00 1.056062e-01
1.410000e+02 9.486402e+00 1.048766e-01
1.420000e+02 1.079536e+01 1.314727e-01
1.430000e+02 9.651234e+00 1.072659e-01
1.440000e+02 9.667068e+00 1.070831e-01
1.450000e+02 1.082765e+01 1.304656e-01
1.460000e+02 9.581227e+00 1.049745e-01
1.470000e+02 9.592114e+00 1.048182e-01
1.480000e+02 9.672437e+00 1.059892e-01
1.490000e+02 9.890078e+00 1.098988e-01
1.500000e+02 9.929117e+00 1.100044e-01
1.510000e+02 1.017463e+01 1.144174e-01
1.520000e+02 1.007958e+01 1.118626e-01
1.530000e+02 1.013053e+01 1.124264e-01
1.540000e+02 1.192971e+01 1.479935e-01
1.550000e+02 1.034655e+01 1.155409e-01
1.560000e+02 1.052723e+01 1.184694e-01
1.570000e+02 1.062645e+01 1.196998e-01
1.580000e+02 1.079244e+01 1.222318e-01
1.590000e+02 1.098577e+01 1.252513e-01
1.600000e+02 1.120281e+01 1.286783e-01
1.610000e+02 1.143949e+01 1.324312e-01
1.620000e+02 1.170632e+01 1.367118e-01
1.630000e+02 1.201903e+01 1.418151e-01
1.640000e+02 1.240811e+01 1.483623e-01
1.650000e+02 1.531979e+01 2.066766e-01
1.660000e+02 1.443898e+01 1.874704e-01
1.670000e+02 1.379558e+01 1.714418e-01
1.680000e+02 1.437432e+01 1.810115e-01
1.690000e+02 1.516713e+01 1.945762e-01
1.700000e+02 1.597721e+01 2.081389e-01
1.710000e+02 1.704734e+01 2.265023e-01
1.720000e+02 1.841713e+01 2.503197e-01
1.730000e+02 2.020212e+01 2.818349e-01
1.740000e+02 2.253284e+01 3.234489e-01
1.750000e+02 2.586194e+01 3.845972e-01
1.760000e+02 3.039356e+01 4.694555e-01
1.770000e+02 3.616684e+01 5.769238e-01
1.780000e+02 4.546103e+01 7.592637e-01
1.790000e+02 6.029558e+01 1.067959e+00
1.800000e+02 8.521232e+01 1.642676e+00
1.810000e+02 1.264640e+02 2.798044e+00
1.820000e+02 1.871548e+02 5.371869e+00
1.830000e+02 2.355366e+02 9.872158e+00
1.840000e+02 2.207314e+02 7.946321e+00
1.850000e+02 1.620558e+02 4.122569e+00
1.860000e+02 1.099124e+02 2.296022e+00
1.870000e+02 7.711203e+01 1.445077e+00
1.880000e+02 5.742171e+01 1.003875e+00
1.890000e+02 4.521672e+01 7.512336e-01
1.900000e+02 3.729386e+01 5.947874e-01
1.910000e+02 3.194123e+01 4.922834e-01
1.920000e+02 2.820626e+01 4.222473e-01
1.930000e+02 2.564706e+01 3.753748e-01
1.940000e+02 2.367946e+01 3.392929e-01
1.950000e+02 2.243148e+01 3.181687e-01
1.960000e+02 2.113992e+01 2.946276e-01
1.970000e+02 1.974456e+01 2.677160e-01
1.980000e+02 1.902697e+01 2.547892e-01
1.990000e+02 1.846295e+01 2.446907e-01
2.000000e+02 1.813544e+01 2.388780e-01
2.010000e+02 1.894167e+01 2.569013e-01
2.020000e+02 1.786438e+01 2.336361e-01
2.030000e+02 1.810403e+01 2.377830e-01
2.040000e+02 1.771288e+01 2.304800e-01
2.050000e+02 1.695068e+01 2.165975e-01
2.060000e+02 1.681585e+01 2.150234e-01
2.070000e+02 1.634532e+01 2.056629e-01
2.080000e+02 1.632249e+01 2.055820e-01
2.090000e+02 1.650854e+01 2.098101e-01
2.100000e+02 1.607691e+01 2.005597e-01
2.110000e+02 1.635316e+01 2.064340e-01
2.120000e+02 1.589972e+01 1.966977e-01
2.130000e+02 1.587831e+01 1.960620e-01
2.140000e+02 1.591721e+01 1.966425e-01
2.150000e+02 2.078008e+01 2.982692e-01
2.160000e+02 1.602261e+01 1.981322e-01
2.170000e+02 1.593550e+01 1.960352e-01
2.180000e+02 1.599753e+01 1.969289e-01
2.190000e+02 1.602249e+01 1.970178e-01
2.200000e+02 1.609988e+01 1.981502e-01
2.210000e+02 1.615894e+01 1.988724e-01
2.220000e+02 1.625707e+01 2.003265e-01
2.230000e+02 1.640442e+01 2.026735e-01
2.240000e+02 1.665251e+01 2.068385e-01
2.250000e+02 1.719999e+01 2.166618e-01
2.260000e+02 2.045017e+01 2.845078e-01
2.270000e+02 1.736841e+01 2.192173e-01
2.280000e+02 1.701311e+01 2.122021e-01
2.290000e+02 1.701136e+01 2.120197e-01
2.300000e+02 1.719841e+01 2.154861e-01
2.310000e+02 1.831301e+01 2.388270e-01
2.320000e+02 1.769625e+01 2.244024e-01
2.330000e+02 1.832317e+01 2.358287e-01
2.340000e+02 2.467076e+01 3.745319e-01
2.350000e+02 1.865901e+01 2.420586e-01
2.360000e+02 1.948240e+01 2.605140e-01
2.370000e+02 2.212483e+01 3.175452e-01
2.380000e+02 1.832395e+01 2.341652e-01
2.390000e+02 2.528044e+01 3.843529e-01
2.400000e+02 1.943918e+01 2.555612e-01
2.410000e+02 1.903342e+01 2.453642e-01
2.420000e+02 2.028975e+01 2.719873e-01
2.430000e+02 1.975416e+01 2.606670e-01
2.440000e+02 1.974158e+01 2.603603e-01
2.450000e+02 1.873194e+01 2.381477e-01
2.460000e+02 1.874722e+01 2.378839e-01
2.470000e+02 1.897762e+01 2.421063e-01
2.480000e+02 2.204558e+01 3.081765e-01
2.490000e+02 1.973317e+01 2.567305e-01
2.500000e+02 3.673686e+01 6.341447e-01
2.510000e+02 2.067771e+01 2.751203e-01
2.520000e+02 1.995178e+01 2.583618e-01
2.530000e+02 1.979163e+01 2.542911e-01
2.540000e+02 1.999041e+01 2.573209e-01
2.550000e+02 2.034852e+01 2.635102e-01
2.560000e+02 2.023370e+01 2.609637e-01
2.570000e+02 2.023867e+01 2.609142e-01
2.580000e+02 2.081968e+01 2.729155e-01
2.590000e+02 2.170381e+01 2.917519e-01
2.600000e+02 2.059010e+01 2.664815e-01
2.610000e+02 2.066654e+01 2.673223e-01
2.620000e+02 2.086706e+01 2.707387e-01
2.630000e+02 2.206495e+01 2.957723e-01
2.640000e+02 2.260467e+01 3.065732e-01
2.650000e+02 2.305145e+01 3.142274e-01
2.660000e+02 2.204652e+01 2.909803e-01
2.670000e+02 2.310261e+01 3.139975e-01
2.680000e+02 2.204727e+01 2.905470e-01
2.690000e+02 2.192631e+01 2.873498e-01
2.700000e+02 2.201763e+01 2.885920e-01
2.710000e+02 2.227877e+01 2.933744e-01
2.720000e+02 2.251373e+01 2.975283e-01
2.730000e+02 3.305636e+01 5.301408e-01
2.740000e+02 2.322417e+01 3.111440e-01
2.750000e+02 2.339692e+01 3.136524e-01
2.760000e+02 2.417077e+01 3.292732e-01
2.770000e+02 2.582118e+01 3.642664e-01
2.780000e+02 2.358348e+01 3.148734e-01
2.790000e+02 2.372393e+01 3.172543e-01
2.800000e+02 2.420696e+01 3.268674e-01
2.810000e+02 2.464037e+01 3.342262e-01
2.820000e+02 2.420031e+01 3.245959e-01
2.830000e+02 2.480089e+01 3.367628e-01
2.840000e+02 2.455191e+01 3.301856e-01
2.850000e+02 2.488844e+01 3.365727e-01
2.860000e+02 3.246536e+01 5.068701e-01
2.870000e+02 2.555243e+01 3.490623e-01
2.880000e+02 2.558365e+01 3.486256e-01
2.890000e+02 4.392439e+01 7.670539e-01
2.900000e+02 2.598100e+01 3.550282e-01
2.910000e+02 2.755813e+01 3.876972e-01
2.920000e+02 2.631714e+01 3.600045e-01
2.930000e+02 2.852618e+01 4.085582e-01
2.940000e+02 2.697668e+01 3.720889e-01
2.950000e+02 2.704877e+01 3.721973e-01
2.960000e+02 2.737118e+01 3.778398e-01
2.970000e+02 2.786444e+01 3.870098e-01
2.980000e+02 2.914334e+01 4.129727e-01
2.990000e+02 2.942318e+01 4.176246e-01
3.000000e+02 2.918323e+01 4.113679e-01
3.010000e+02 3.074540e+01 4.449078e-01
3.020000e+02 3.453542e+01 5.314984e-01
3.030000e+02 3.291258e+01 4.919684e-01
3.040000e+02 3.050567e+01 4.344012e-01
3.050000e+02 3.129623e+01 4.500037e-01
3.060000e+02 3.107304e+01 4.429793e-01
3.070000e+02 3.152725e+01 4.509308e-01
3.080000e+02 3.213110e+01 4.618348e-01
3.090000e+02 3.291046e+01 4.762264e-01
3.100000e+02 3.571008e+01 5.362352e-01
3.110000e+02 3.479780e+01 5.112078e-01
3.120000e+02 3.573876e+01 5.285401e-01
3.130000e+02 3.719010e+01 5.561106e-01
3.140000e+02 3.902137e+01 5.916565e-01
3.150000e+02 4.068739e+01 6.238475e-01
3.160000e+02 4.727501e+01 7.739147e-01
3.170000e+02 4.708252e+01 7.526813e-01
3.180000e+02 5.103724e+01 8.290596e-01
3.190000e+02 5.819870e+01 9.779466e-01
3.200000e+02 1.004955e+02 2.107490e+00
3.210000e+02 8.928575e+01 1.694962e+00
3.220000e+02 1.096205e+02 2.236741e+00
3.230000e+02 1.486480e+02 3.511675e+00
3.240000e+02 2.073157e+02 6.617185e+00
3.250000e+02 2.458982e+02 1.163245e+01
3.260000e+02 2.225113e+02 7.986431e+00
3.270000e+02 1.687437e+02 4.404697e+00
3.280000e+02 1.180914e+02 2.487533e+00
3.290000e+02 8.937697e+01 1.694213e+00
3.300000e+02 7.297063e+01 1.300363e+00
3.310000e+02 6.306636e+01 1.079109e+00
3.320000e+02 5.712894e+01 9.534483e-01
3.330000e+02 5.636488e+01 9.539630e-01
3.340000e+02 5.006072e+01 8.049900e-01
3.350000e+02 4.848639e+01 7.735817e-01
3.360000e+02 4.687803e+01 7.395730e-01
3.370000e+02 4.563239e+01 7.138537e-01
3.380000e+02 4.486843e+01 6.983038e-01
3.390000e+02 4.443594e+01 6.894757e-01
3.400000e+02 4.420589e+01 6.846135e-01
3.410000e+02 4.415472e+01 6.833576e-01
3.420000e+02 4.428111e+01 6.858257e-01
3.430000e+02 4.522964e+01 7.080342e-01
3.440000e+02 4.494280e+01 6.991282e-01
3.450000e+02 4.646208e+01 7.342186e-01
3.460000e+02 4.590402e+01 7.183679e-01
3.470000e+02 4.609525e+01 7.206311e-01
3.480000e+02 4.667168e+01 7.318887e-01
3.490000e+02 4.744688e+01 7.474375e-01
3.500000e+02 4.839112e+01 7.668556e-01
3.510000e+02 4.998020e+01 8.013580e-01
3.520000e+02 5.318286e+01 8.783621e-01
3.530000e+02 5.354338e+01 8.829978e-01
3.540000e+02 5.241970e+01 8.488092e-01
3.550000e+02 6.647892e+01 1.200942e+00
3.560000e+02 5.516466e+01 9.058540e-01
3.570000e+02 5.684986e+01 9.415750e-01
3.580000e+02 6.058431e+01 1.031094e+00
3.590000e+02 6.795854e+01 1.221796e+00
3.600000e+02 6.360678e+01 1.089272e+00
3.610000e+02 6.557458e+01 1.128663e+00
3.620000e+02 6.894817e+01 1.205047e+00
3.630000e+02 7.296286e+01 1.297664e+00
3.640000e+02 7.892547e+01 1.445288e+00
3.650000e+02 8.487974e+01 1.590008e+00
3.660000e+02 9.422691e+01 1.833163e+00
3.670000e+02 1.152589e+02 2.465551e+00
3.680000e+02 1.780119e+02 5.317452e+00
3.690000e+02 1.828173e+02 5.573856e+00
3.700000e+02 1.375275e+02 3.164492e+00
3.710000e+02 1.485403e+02 3.598177e+00
3.720000e+02 1.501652e+02 3.560514e+00
3.730000e+02 1.685044e+02 4.316740e+00
3.740000e+02 1.913352e+02 5.488167e+00
3.750000e+02 2.183384e+02 7.470915e+00
3.760000e+02 2.435648e+02 1.068074e+01
3.770000e+02 2.616910e+02 1.676254e+01
3.780000e+02 2.682790e+02 2.959346e+01
3.790000e+02 2.692907e+02 5.909187e+01
3.800000e+02 2.695334e+02 1.081342e+02
3.810000e+02 2.694109e+02 7.524674e+01
3.820000e+02 2.688370e+02 3.718153e+01
3.830000e+02 2.653374e+02 2.035147e+01
3.840000e+02 2.521887e+02 1.264171e+01
3.850000e+02 2.301330e+02 8.674500e+00
3.860000e+02 2.055777e+02 6.409678e+00
3.870000e+02 1.835292e+02 5.056757e+00
3.880000e+02 1.631861e+02 4.070090e+00
3.890000e+02 1.480739e+02 3.463022e+00
3.900000e+02 1.379021e+02 3.099973e+00
3.910000e+02 1.279000e+02 2.768641e+00
3.920000e+02 1.165103e+02 2.415807e+00
3.930000e+02 1.084532e+02 2.187354e+00
3.940000e+02 1.010514e+02 1.977488e+00
3.950000e+02 9.714617e+01 1.880696e+00
3.960000e+02 9.201680e+01 1.742204e+00
3.970000e+02 9.331297e+01 1.798076e+00
3.980000e+02 8.592981e+01 1.589149e+00
3.990000e+02 8.393785e+01 1.541238e+00
4.000000e+02 8.873150e+01 1.695560e+00
4.010000e+02 8.553155e+01 1.603323e+00
4.020000e+02 8.900023e+01 1.716496e+00
4.030000e+02 8.065639e+01 1.470567e+00
4.040000e+02 7.903756e+01 1.429146e+00
4.050000e+02 7.737579e+01 1.384082e+00
4.060000e+02 7.697361e+01 1.374440e+00
4.070000e+02 7.691154e+01 1.373517e+00
4.080000e+02 7.870266e+01 1.426318e+00
4.090000e+02 7.764381e+01 1.393618e+00
4.100000e+02 7.765511e+01 1.392122e+00
4.110000e+02 7.835883e+01 1.409628e+00
4.120000e+02 8.000135e+01 1.453372e+00
4.130000e+02 9.004650e+01 1.741480e+00
4.140000e+02 8.568043e+01 1.614717e+00
4.150000e+02 8.437773e+01 1.565485e+00
4.160000e+02 8.632731e+01 1.614201e+00
4.170000e+02 8.960480e+01 1.701524e+00
4.180000e+02 9.424591e+01 1.829051e+00
4.190000e+02 1.009167e+02 2.019624e+00
4.200000e+02 1.112885e+02 2.334392e+00
4.210000e+02 1.283069e+02 2.906524e+00
4.220000e+02 1.579339e+02 4.111968e+00
4.230000e+02 2.103274e+02 7.577061e+00
4.240000e+02 2.597347e+02 2.425645e+01
4.250000e+02 2.645170e+02 7.237420e+01
4.260000e+02 2.432559e+02 1.283582e+01
4.270000e+02 1.889373e+02 5.833555e+00
4.280000e+02 1.510683e+02 3.768962e+00
4.290000e+02 1.337712e+02 3.069593e+00
4.300000e+02 1.245475e+02 2.723299e+00
4.310000e+02 1.207578e+02 2.578554e+00
4.320000e+02 1.205456e+02 2.555148e+00
4.330000e+02 1.234903e+02 2.636387e+00
4.340000e+02 1.290095e+02 2.803683e+00
4.350000e+02 1.382611e+02 3.107102e+00
4.360000e+02 1.537653e+02 3.674028e+00
4.370000e+02 1.811587e+02 4.911338e+00
4.380000e+02 2.151263e+02 7.153276e+00
4.390000e+02 2.486350e+02 1.188376e+01
4.400000e+02 2.353159e+02 9.335919e+00
4.410000e+02 2.179313e+02 7.395915e+00
4.420000e+02 2.247702e+02 8.083527e+00
4.430000e+02 2.419023e+02 1.035403e+01
4.440000e+02 2.529363e+02 1.280592e+01
4.450000e+02 2.643602e+02 1.899579e+01
4.460000e+02 2.687005e+02 3.383204e+01
4.470000e+02 2.694124e+02 7.064431e+01
4.480000e+02 2.695866e+02 1.298687e+02
4.490000e+02 2.693816e+02 6.748782e+01
4.500000e+02 2.685913e+02 3.243644e+01
4.510000e+02 2.636717e+02 1.829619e+01
4.520000e+02 2.497842e+02 1.198447e+01
4.530000e+02 2.295778e+02 8.580448e+00
4.540000e+02 2.092717e+02 6.658817e+00
4.550000e+02 1.916389e+02 5.473743e+00
4.560000e+02 1.772056e+02 4.692515e+00
4.570000e+02 1.665504e+02 4.201710e+00
4.580000e+02 1.574650e+02 3.811752e+00
4.590000e+02 1.503350e+02 3.526149e+00
4.600000e+02 1.453433e+02 3.339580e+00
4.610000e+02 1.424060e+02 3.239468e+00
4.620000e+02 1.401499e+02 3.160461e+00
4.630000e+02 1.421032e+02 3.258672e+00
4.640000e+02 1.410809e+02 3.211038e+00
4.650000e+02 1.395701e+02 3.138031e+00
4.660000e+02 1.405920e+02 3.173637e+00
4.670000e+02 1.442902e+02 3.313478e+00
4.680000e+02 1.771101e+02 5.022302e+00
4.690000e+02 1.655217e+02 4.187116e+00
4.700000e+02 1.953184e+02 5.827990e+00
4.710000e+02 2.265045e+02 8.665846e+00
4.720000e+02 2.054317e+02 6.375827e+00
4.730000e+02 2.237992e+02 8.035101e+00
4.740000e+02 2.529370e+02 1.299140e+01
4.750000e+02 2.593359e+02 1.576872e+01
4.760000e+02 2.386551e+02 1.017329e+01
4.770000e+02 1.970295e+02 5.822146e+00
4.780000e+02 1.755358e+02 4.616670e+00
4.790000e+02 1.648760e+02 4.127429e+00
4.800000e+02 1.640609e+02 4.134883e+00
4.810000e+02 1.628176e+02 4.097726e+00
4.820000e+02 1.614620e+02 4.018344e+00
4.830000e+02 1.634335e+02 4.098473e+00
4.840000e+02 1.711684e+02 4.476611e+00
4.850000e+02 1.878174e+02 5.421038e+00
4.860000e+02 2.241825e+02 8.633480e+00
4.870000e+02 2.619697e+02 3.411958e+01
4.880000e+02 2.541554e+02 1.566751e+01
4.890000e+02 2.274826e+02 8.722010e+00
4.900000e+02 2.023620e+02 6.284480e+00
4.910000e+02 1.877616e+02 5.314994e+00
4.920000e+02 1.801894e+02 4.891729e+00
4.930000e+02 1.751652e+02 4.611820e+00
4.940000e+02 1.741353e+02 4.554946e+00
4.950000e+02 1.746289e+02 4.575340e+00
4.960000e+02 1.778876e+02 4.757515e+00
4.970000e+02 1.806842e+02 4.914699e+00
4.980000e+02 1.825224e+02 5.000501e+00
4.990000e+02 1.830533e+02 5.006580e+00
5.000000e+02 1.850859e+02 5.104218e+00
5.010000e+02 1.881107e+02 5.270907e+00
5.020000e+02 1.923689e+02 5.527471e+00
5.030000e+02 1.969989e+02 5.804169e+00
5.040000e+02 2.012500e+02 6.079313e+00
5.050000e+02 2.022402e+02 6.148468e+00
5.060000e+02 2.043268e+02 6.293628e+00
5.070000e+02 2.082463e+02 6.585827e+00
5.080000e+02 2.155143e+02 7.233583e+00
5.090000e+02 2.201957e+02 7.644481e+00
5.100000e+02 2.209341e+02 7.680035e+00
5.110000e+02 2.212264e+02 7.693812e+00
5.120000e+02 2.231788e+02 7.887307e+00
5.130000e+02 2.257165e+02 8.148619e+00
5.140000e+02 2.286769e+02 8.478184e+00
5.150000e+02 2.341160e+02 9.230008e+00
5.160000e+02 2.349025e+02 9.262487e+00
5.170000e+02 2.381839e+02 9.747163e+00
5.180000e+02 2.411205e+02 1.021468e+01
5.190000e+02 2.440172e+02 1.072973e+01
5.200000e+02 2.481225e+02 1.168489e+01
5.210000e+02 2.495955e+02 1.193657e+01
5.220000e+02 2.535882e+02 1.320896e+01
5.230000e+02 2.547158e+02 1.344360e+01
5.240000e+02 2.567286e+02 1.415640e+01
5.250000e+02 2.587113e+02 1.501397e+01
5.260000e+02 2.605499e+02 1.599140e+01
5.270000e+02 2.622242e+02 1.711415e+01
5.280000e+02 2.636213e+02 1.828670e+01
5.290000e+02 2.648176e+02 1.958490e+01
5.300000e+02 2.658364e+02 2.106018e+01
5.310000e+02 2.666771e+02 2.273291e+01
5.320000e+02 2.673369e+02 2.454962e+01
5.330000e+02 2.678605e+02 2.664818e+01
5.340000e+02 2.682625e+02 2.906295e+01
5.350000e+02 2.685618e+02 3.175165e+01
5.360000e+02 2.687897e+02 3.501137e+01
5.370000e+02 2.689592e+02 3.849004e+01
5.380000e+02 2.690931e+02 4.267704e+01
5.390000e+02 2.692029e+02 4.761619e+01
5.400000e+02 2.692975e+02 5.343114e+01
5.410000e+02 2.693819e+02 6.037507e+01
5.420000e+02 2.694590e+02 6.881078e+01
5.430000e+02 2.695302e+02 7.919768e+01
5.440000e+02 2.695964e+02 9.222550e+01
5.450000e+02 2.696580e+02 1.091647e+02
5.460000e+02 2.697152e+02 1.313884e+02
5.470000e+02 2.697673e+02 1.626222e+02
5.480000e+02 2.698101e+02 2.005993e+02
5.490000e+02 2.698452e+02 2.428968e+02
5.500000e+02 2.698781e+02 3.080938e+02
5.510000e+02 2.699079e+02 4.115344e+02
5.520000e+02 2.699335e+02 5.721277e+02
5.530000e+02 2.699545e+02 8.454407e+02
5.540000e+02 2.699709e+02 1.352583e+03
5.550000e+02 2.699827e+02 2.385994e+03
5.560000e+02 2.699898e+02 4.553205e+03
5.570000e+02 2.699923e+02 7.280102e+03
5.580000e+02 2.699903e+02 4.669688e+03
5.590000e+02 2.699837e+02 2.487929e+03
5.600000e+02 2.699726e+02 1.417065e+03
5.610000e+02 2.699571e+02 8.870544e+02
5.620000e+02 2.699373e+02 6.002163e+02
5.630000e+02 2.699132e+02 4.309379e+02
5.640000e+02 2.698849e+02 3.237298e+02
5.650000e+02 2.698524e+02 2.519277e+02
5.660000e+02 2.698158e+02 2.017834e+02
5.670000e+02 2.697752e+02 1.653935e+02
5.680000e+02 2.697307e+02 1.376872e+02
5.690000e+02 2.696823e+02 1.166524e+02
5.700000e+02 2.696301e+02 1.005166e+02
5.710000e+02 2.695742e+02 9.260303e+01
5.720000e+02 2.695145e+02 7.634916e+01
5.730000e+02 2.694508e+02 6.768367e+01
5.740000e+02 2.693828e+02 6.028492e+01
5.750000e+02 2.693095e+02 5.413764e+01
5.760000e+02 2.692295e+02 4.896800e+01
5.770000e+02 2.691400e+02 4.452938e+01
5.780000e+02 2.690363e+02 4.066961e+01
5.790000e+02 2.689118e+02 3.727317e+01
5.800000e+02 2.687587e+02 3.434575e+01
5.810000e+02 2.685674e+02 3.177728e+01
5.820000e+02 2.683412e+02 2.979591e+01
5.830000e+02 2.680273e+02 2.751854e+01
5.840000e+02 2.676507e+02 2.569104e+01
5.850000e+02 2.671899e+02 2.405715e+01
5.860000e+02 2.666397e+02 2.260611e+01
5.870000e+02 2.659918e+02 2.129997e+01
5.880000e+02 2.652386e+02 2.011315e+01
5.890000e+02 2.643900e+02 1.905407e+01
5.900000e+02 2.634310e+02 1.807880e+01
5.910000e+02 2.627124e+02 1.756757e+01
5.920000e+02 2.612218e+02 1.638435e+01
5.930000e+02 2.600015e+02 1.565994e+01
5.940000e+02 2.586712e+02 1.496989e+01
5.950000e+02 2.580891e+02 1.483963e+01
5.960000e+02 2.559635e+02 1.382723e+01
5.970000e+02 2.546786e+02 1.336765e+01
5.980000e+02 2.537387e+02 1.306287e+01
5.990000e+02 2.535567e+02 1.302515e+01
6.000000e+02 2.541847e+02 1.336127e+01
6.010000e+02 2.505118e+02 1.215471e+01
6.020000e+02 2.475736e+02 1.143642e+01
6.030000e+02 2.453515e+02 1.097243e+01
6.040000e+02 2.430991e+02 1.052635e+01
6.050000e+02 2.412395e+02 1.019551e+01
6.060000e+02 2.396140e+02 9.926656e+00
6.070000e+02 2.381553e+02 9.697783e+00
6.080000e+02 2.370173e+02 9.532291e+00
6.090000e+02 2.359787e+02 9.379554e+00
6.100000e+02 2.362183e+02 9.457015e+00
6.110000e+02 2.357001e+02 9.370013e+00
6.120000e+02 2.353277e+02 9.283662e+00
6.130000e+02 2.363082e+02 9.413697e+00
6.140000e+02 2.385103e+02 9.736489e+00
6.150000e+02 2.424175e+02 1.038594e+01
6.160000e+02 2.480089e+02 1.148940e+01
6.170000e+02 2.556715e+02 1.365615e+01
6.180000e+02 2.636737e+02 1.819940e+01
6.190000e+02 2.682530e+02 2.893915e+01
6.200000e+02 2.692373e+02 5.463392e+01
6.210000e+02 2.693446e+02 6.813857e+01
6.220000e+02 2.688495e+02 3.669739e+01
6.230000e+02 2.658769e+02 2.098808e+01
6.240000e+02 2.576122e+02 1.442921e+01
6.250000e+02 2.467839e+02 1.121141e+01
6.260000e+02 2.367891e+02 9.466630e+00
6.270000e+02 2.287535e+02 8.436685e+00
6.280000e+02 2.228890e+02 7.829605e+00
6.290000e+02 2.164001e+02 7.195978e+00
6.300000e+02 2.117238e+02 6.802086e+00
6.310000e+02 2.078921e+02 6.504264e+00
6.320000e+02 2.059236e+02 6.386302e+00
6.330000e+02 2.020209e+02 6.086631e+00
6.340000e+02 1.998667e+02 5.947496e+00
6.350000e+02 1.974874e+02 5.788659e+00
6.360000e+02 1.951701e+02 5.636081e+00
6.370000e+02 1.933632e+02 5.524935e+00
6.380000e+02 1.918724e+02 5.437877e+00
6.390000e+02 1.965233e+02 5.832270e+00
6.400000e+02 1.905706e+02 5.385329e+00
6.410000e+02 1.877503e+02 5.199140e+00
6.420000e+02 1.875434e+02 5.203093e+00
6.430000e+02 1.859149e+02 5.101906e+00
6.440000e+02 1.848525e+02 5.041026e+00
6.450000e+02 1.868034e+02 5.189043e+00
6.460000e+02 1.846199e+02 5.032021e+00
6.470000e+02 1.826527e+02 4.922378e+00
6.480000e+02 1.854679e+02 5.134353e+00
6.490000e+02 1.807203e+02 4.817695e+00
6.500000e+02 1.803273e+02 4.798625e+00
6.510000e+02 1.813887e+02 4.874153e+00
6.520000e+02 1.814758e+02 4.879209e+00
6.530000e+02 1.821773e+02 4.922089e+00
6.540000e+02 1.849290e+02 5.106109e+00
6.550000e+02 2.250451e+02 9.383661e+00
6.560000e+02 2.295091e+02 1.020219e+01
6.570000e+02 1.947441e+02 5.645558e+00
6.580000e+02 2.096670e+02 6.847114e+00
6.590000e+02 1.942225e+02 5.575457e+00
6.600000e+02 1.853259e+02 5.051891e+00
6.610000e+02 1.809295e+02 4.824535e+00
6.620000e+02 1.783067e+02 4.689224e+00
6.630000e+02 1.766915e+02 4.605715e+00
6.640000e+02 1.758698e+02 4.565502e+00
6.650000e+02 1.758411e+02 4.570459e+00
6.660000e+02 1.768985e+02 4.642142e+00
6.670000e+02 1.757696e+02 4.572248e+00
6.680000e+02 1.750488e+02 4.528220e+00
6.690000e+02 1.750079e+02 4.525598e+00
6.700000e+02 1.802571e+02 4.862759e+00
6.710000e+02 1.756190e+02 4.560120e+00
6.720000e+02 1.775823e+02 4.681325e+00
6.730000e+02 1.763723e+02 4.599230e+00
6.740000e+02 1.789372e+02 4.758069e+00
6.750000e+02 1.761266e+02 4.575764e+00
6.760000e+02 1.787272e+02 4.732840e+00
6.770000e+02 1.777023e+02 4.660182e+00
6.780000e+02 1.793595e+02 4.759408e+00
6.790000e+02 1.784523e+02 4.693318e+00
6.800000e+02 1.785573e+02 4.694059e+00
6.810000e+02 1.791040e+02 4.720831e+00
6.820000e+02 1.798222e+02 4.757609e+00
6.830000e+02 1.807009e+02 4.804112e+00
6.840000e+02 1.818820e+02 4.871303e+00
6.850000e+02 1.822566e+02 4.883321e+00
6.860000e+02 1.831670e+02 4.930884e+00
6.870000e+02 1.841607e+02 4.983592e+00
6.880000e+02 1.852702e+02 5.043549e+00
6.890000e+02 1.865360e+02 5.113244e+00
6.900000e+02 1.881143e+02 5.202415e+00
6.910000e+02 1.906039e+02 5.351569e+00
6.920000e+02 1.946257e+02 5.621032e+00
6.930000e+02 1.940612e+02 5.573209e+00
6.940000e+02 1.940722e+02 5.566008e+00
6.950000e+02 1.953880e+02 5.651902e+00
6.960000e+02 1.970463e+02 5.760760e+00
6.970000e+02 1.972959e+02 5.755023e+00
6.980000e+02 1.988104e+02 5.851385e+00
6.990000e+02 2.038490e+02 6.248326e+00
7.000000e+02 2.025292e+02 6.105358e+00
7.010000e+02 2.078298e+02 6.565338e+00
7.020000e+02 2.065538e+02 6.395765e+00
7.030000e+02 2.102317e+02 6.709408e+00
7.040000e+02 2.104065e+02 6.685250e+00
7.050000e+02 2.123879e+02 6.842391e+00
7.060000e+02 2.146263e+02 7.029690e+00
7.070000e+02 2.169426e+02 7.231849e+00
7.080000e+02 2.196774e+02 7.491858e+00
7.090000e+02 2.220061e+02 7.712017e+00
7.100000e+02 2.248123e+02 8.004726e+00
7.110000e+02 2.278740e+02 8.348514e+00
7.120000e+02 2.314204e+02 8.788252e+00
7.130000e+02 2.362888e+02 9.489382e+00
7.140000e+02 2.451025e+02 1.118940e+01
7.150000e+02 2.620620e+02 2.129892e+01
7.160000e+02 2.593817e+02 1.722840e+01
7.170000e+02 2.486493e+02 1.189026e+01
7.180000e+02 2.471570e+02 1.142058e+01
7.190000e+02 2.479037e+02 1.152150e+01
7.200000e+02 2.500484e+02 1.205169e+01
7.210000e+02 2.516524e+02 1.242188e+01
7.220000e+02 2.537650e+02 1.304250e+01
7.230000e+02 2.561548e+02 1.391099e+01
7.240000e+02 2.578772e+02 1.457926e+01
7.250000e+02 2.596897e+02 1.544636e+01
7.260000e+02 2.614013e+02 1.646018e+01
7.270000e+02 2.629643e+02 1.763485e+01
7.280000e+02 2.643545e+02 1.901018e+01
7.290000e+02 2.654405e+02 2.036834e+01
7.300000e+02 2.664865e+02 2.234643e+01
7.310000e+02 2.672076e+02 2.416322e+01
7.320000e+02 2.677720e+02 2.617443e+01
7.330000e+02 2.682250e+02 2.869248e+01
7.340000e+02 2.685660e+02 3.172675e+01
7.350000e+02 2.688220e+02 3.578145e+01
7.360000e+02 2.689997e+02 3.944134e+01
7.370000e+02 2.691432e+02 4.452179e+01
7.380000e+02 2.692611e+02 5.072152e+01
7.390000e+02 2.693633e+02 5.839502e+01
7.400000e+02 2.694553e+02 6.814141e+01
7.410000e+02 2.695394e+02 8.042211e+01
7.420000e+02 2.696165e+02 9.662054e+01
7.430000e+02 2.696869e+02 1.185986e+02
7.440000e+02 2.697507e+02 1.495566e+02
7.450000e+02 2.698065e+02 1.947864e+02
7.460000e+02 2.698525e+02 2.552506e+02
7.470000e+02 2.698917e+02 3.481445e+02
7.480000e+02 2.699251e+02 5.082337e+02
7.490000e+02 2.699517e+02 8.045299e+02
7.500000e+02 2.699712e+02 1.406825e+03
7.510000e+02 2.699834e+02 2.702411e+03
7.520000e+02 2.699883e+02 4.699499e+03
7.530000e+02 2.699859e+02 3.220412e+03
7.540000e+02 2.699763e+02 1.696917e+03
7.550000e+02 2.699595e+02 9.481118e+02
7.560000e+02 2.699357e+02 5.850119e+02
7.570000e+02 2.699049e+02 3.921874e+02
7.580000e+02 2.698675e+02 2.796731e+02
7.590000e+02 2.698234e+02 2.092421e+02
7.600000e+02 2.697729e+02 1.624749e+02
7.610000e+02 2.697162e+02 1.299134e+02
7.620000e+02 2.696536e+02 1.063972e+02
7.630000e+02 2.695851e+02 8.888054e+01
7.640000e+02 2.695109e+02 7.551446e+01
7.650000e+02 2.694309e+02 6.516499e+01
7.660000e+02 2.693443e+02 5.695452e+01
7.670000e+02 2.692494e+02 5.029103e+01
7.680000e+02 2.691429e+02 4.497707e+01
7.690000e+02 2.690211e+02 4.078372e+01
7.700000e+02 2.688846e+02 3.771392e+01
7.710000e+02 2.687529e+02 3.614431e+01
7.720000e+02 2.686992e+02 3.817530e+01
7.730000e+02 2.688209e+02 5.827737e+01
7.740000e+02 2.689346e+02 1.680311e+02
7.750000e+02 2.684835e+02 4.235301e+01
7.760000e+02 2.676891e+02 2.822657e+01
7.770000e+02 2.666217e+02 2.337320e+01
7.780000e+02 2.654520e+02 2.079392e+01
7.790000e+02 2.641649e+02 1.898683e+01
7.800000e+02 2.628283e+02 1.766936e+01
7.810000e+02 2.612841e+02 1.646593e+01
7.820000e+02 2.597939e+02 1.558120e+01
7.830000e+02 2.581052e+02 1.472159e+01
7.840000e+02 2.563270e+02 1.396156e+01
7.850000e+02 2.546851e+02 1.338643e+01
7.860000e+02 2.525455e+02 1.266950e+01
7.870000e+02 2.505292e+02 1.210081e+01
7.880000e+02 2.485299e+02 1.160379e+01
7.890000e+02 2.465272e+02 1.115613e+01
7.900000e+02 2.445199e+02 1.074744e+01
7.910000e+02 2.427477e+02 1.042650e+01
7.920000e+02 2.406185e+02 1.005068e+01
7.930000e+02 2.395360e+02 9.924843e+00
7.940000e+02 2.365055e+02 9.407142e+00
7.950000e+02 2.344638e+02 9.116635e+00
7.960000e+02 2.325801e+02 8.867169e+00
7.970000e+02 2.307412e+02 8.635605e+00
7.980000e+02 2.288872e+02 8.414692e+00
7.990000e+02 2.271459e+02 8.223222e+00
8.000000e+02 2.250404e+02 7.985355e+00
8.010000e+02 2.232679e+02 7.801095e+00
8.020000e+02 2.217129e+02 7.649233e+00
8.030000e+02 2.203858e+02 7.527406e+00
8.040000e+02 2.184845e+02 7.341516e+00
8.050000e+02 2.168107e+02 7.188995e+00
8.060000e+02 2.154149e+02 7.068962e+00
8.070000e+02 2.145071e+02 7.005826e+00
8.080000e+02 2.134017e+02 6.924008e+00
8.090000e+02 2.109672e+02 6.697539e+00
8.100000e+02 2.097935e+02 6.607715e+00
8.110000e+02 2.105855e+02 6.715390e+00
8.120000e+02 2.073129e+02 6.418428e+00
8.130000e+02 2.081261e+02 6.525081e+00
8.140000e+02 2.267547e+02 8.789263e+00
8.150000e+02 2.036664e+02 6.148534e+00
8.160000e+02 2.025403e+02 6.068048e+00
8.170000e+02 2.015271e+02 5.997752e+00
8.180000e+02 2.006997e+02 5.943511e+00
8.190000e+02 1.999379e+02 5.894290e+00
8.200000e+02 1.997180e+02 5.891308e+00
8.210000e+02 1.983196e+02 5.786055e+00
8.220000e+02 1.977425e+02 5.749516e+00
8.230000e+02 1.972885e+02 5.721427e+00
8.240000e+02 1.972446e+02 5.722706e+00
8.250000e+02 1.979561e+02 5.780438e+00
8.260000e+02 2.022901e+02 6.144493e+00
8.270000e+02 2.016110e+02 6.045586e+00
8.280000e+02 2.068912e+02 6.515238e+00
8.290000e+02 1.998709e+02 5.929677e+00
8.300000e+02 2.015635e+02 6.072643e+00
8.310000e+02 2.254860e+02 8.836938e+00
8.320000e+02 2.196276e+02 7.780827e+00
8.330000e+02 2.455840e+02 1.228782e+01
8.340000e+02 2.643095e+02 5.796108e+01
8.350000e+02 2.544238e+02 1.583777e+01
8.360000e+02 2.235038e+02 8.220945e+00
8.370000e+02 2.108143e+02 6.936143e+00
8.380000e+02 2.030011e+02 6.259189e+00
8.390000e+02 1.971893e+02 5.786868e+00
8.400000e+02 1.982624e+02 5.907742e+00
8.410000e+02 2.100272e+02 7.051654e+00
8.420000e+02 2.053984e+02 6.602297e+00
8.430000e+02 2.331845e+02 1.129170e+01
8.440000e+02 1.905846e+02 5.348172e+00
8.450000e+02 1.882694e+02 5.181417e+00
8.460000e+02 1.877396e+02 5.144137e+00
8.470000e+02 1.878505e+02 5.146328e+00
8.480000e+02 1.891808e+02 5.224734e+00
8.490000e+02 1.982877e+02 5.923497e+00
8.500000e+02 1.891956e+02 5.230208e+00
8.510000e+02 1.870982e+02 5.098423e+00
8.520000e+02 1.865956e+02 5.069357e+00
8.530000e+02 1.872627e+02 5.114122e+00
8.540000e+02 1.869782e+02 5.091318e+00
8.550000e+02 1.866459e+02 5.069900e+00
8.560000e+02 1.870163e+02 5.089912e+00
8.570000e+02 1.887387e+02 5.196058e+00
8.580000e+02 2.162175e+02 7.769749e+00
8.590000e+02 1.948208e+02 5.546297e+00
8.600000e+02 1.991549e+02 5.823634e+00
8.610000e+02 1.959410e+02 5.618905e+00
8.620000e+02 1.914193e+02 5.345171e+00
8.630000e+02 1.987704e+02 5.987898e+00
8.640000e+02 1.876171e+02 5.119767e+00
8.650000e+02 1.868643e+02 5.076164e+00
8.660000e+02 1.884709e+02 5.196646e+00
8.670000e+02 1.864739e+02 5.053538e+00
8.680000e+02 1.864739e+02 5.052587e+00
8.690000e+02 1.880719e+02 5.163936e+00
8.700000e+02 1.868314e+02 5.072515e+00
8.710000e+02 1.869666e+02 5.078466e+00
8.720000e+02 1.872221e+02 5.092246e+00
8.730000e+02 1.875215e+02 5.108626e+00
8.740000e+02 1.880132e+02 5.138171e+00
8.750000e+02 1.882566e+02 5.149790e+00
8.760000e+02 1.886930e+02 5.174554e+00
8.770000e+02 1.891950e+02 5.203157e+00
8.780000e+02 1.900481e+02 5.255995e+00
8.790000e+02 1.904425e+02 5.277174e+00
8.800000e+02 1.907241e+02 5.291097e+00
8.810000e+02 1.914324e+02 5.335248e+00
8.820000e+02 1.921378e+02 5.378692e+00
8.830000e+02 2.112170e+02 7.126556e+00
8.840000e+02 1.936085e+02 5.467978e+00
8.850000e+02 1.942070e+02 5.500503e+00
8.860000e+02 1.954167e+02 5.580545e+00
8.870000e+02 1.971778e+02 5.705655e+00
8.880000e+02 2.018211e+02 6.086790e+00
8.890000e+02 1.990196e+02 5.807249e+00
8.900000e+02 2.008459e+02 5.923923e+00
8.910000e+02 2.037791e+02 6.126559e+00
8.920000e+02 2.088068e+02 6.501313e+00
8.930000e+02 2.172618e+02 7.234768e+00
8.940000e+02 2.209457e+02 7.606862e+00
8.950000e+02 2.190161e+02 7.474857e+00
8.960000e+02 2.218778e+02 7.902652e+00
8.970000e+02 2.121729e+02 6.760442e+00
8.980000e+02 2.134597e+02 6.858812e+00
8.990000e+02 2.164133e+02 7.110199e+00
9.000000e+02 2.178615e+02 7.236894e+00
9.010000e+02 2.195816e+02 7.402774e+00
9.020000e+02 2.225592e+02 7.681711e+00
9.030000e+02 2.263981e+02 8.083588e+00
9.040000e+02 2.304895e+02 8.549814e+00
9.050000e+02 2.376301e+02 9.505235e+00
9.060000e+02 2.462872e+02 1.105986e+01
9.070000e+02 2.465415e+02 1.108862e+01
9.080000e+02 2.480714e+02 1.149134e+01
9.090000e+02 2.516716e+02 1.234260e+01
9.100000e+02 2.572060e+02 1.418973e+01
9.110000e+02 2.626504e+02 1.724423e+01
9.120000e+02 2.667705e+02 2.278225e+01
9.130000e+02 2.686634e+02 3.274246e+01
9.140000e+02 2.692952e+02 5.407477e+01
9.150000e+02 2.696041e+02 1.029809e+02
9.160000e+02 2.697317e+02 1.817215e+02
9.170000e+02 2.696616e+02 1.265957e+02
9.180000e+02 2.694089e+02 6.534299e+01
9.190000e+02 2.689571e+02 3.855336e+01
9.200000e+02 2.677610e+02 2.601337e+01
9.210000e+02 2.648478e+02 1.943859e+01
9.220000e+02 2.604822e+02 1.579862e+01
9.230000e+02 2.554416e+02 1.350077e+01
9.240000e+02 2.506073e+02 1.203410e+01
9.250000e+02 2.469514e+02 1.122178e+01
9.260000e+02 2.430769e+02 1.042236e+01
9.270000e+02 2.401366e+02 9.907092e+00
9.280000e+02 2.380450e+02 9.581052e+00
9.290000e+02 2.362703e+02 9.313718e+00
9.300000e+02 2.349775e+02 9.129837e+00
9.310000e+02 2.341687e+02 9.020588e+00
9.320000e+02 2.338144e+02 8.979180e+00
9.330000e+02 2.373983e+02 9.683578e+00
9.340000e+02 2.337131e+02 8.970186e+00
9.350000e+02 2.337240e+02 8.962739e+00
9.360000e+02 2.342202e+02 9.033547e+00
9.370000e+02 2.347457e+02 9.104566e+00
9.380000e+02 2.353254e+02 9.178334e+00
9.390000e+02 2.360695e+02 9.282663e+00
9.400000e+02 2.369151e+02 9.406195e+00
9.410000e+02 2.378294e+02 9.540714e+00
9.420000e+02 2.388725e+02 9.700476e+00
9.430000e+02 2.400683e+02 9.892936e+00
9.440000e+02 2.413543e+02 1.010681e+01
9.450000e+02 2.430104e+02 1.042096e+01
9.460000e+02 2.437769e+02 1.053962e+01
9.470000e+02 2.450078e+02 1.077683e+01
9.480000e+02 2.464091e+02 1.106799e+01
9.490000e+02 2.489882e+02 1.175644e+01
9.500000e+02 2.492676e+02 1.171634e+01
9.510000e+02 2.509867e+02 1.218117e+01
9.520000e+02 2.521613e+02 1.247099e+01
9.530000e+02 2.536926e+02 1.293185e+01
9.540000e+02 2.552543e+02 1.345828e+01
9.550000e+02 2.567580e+02 1.402552e+01
9.560000e+02 2.584737e+02 1.481873e+01
9.570000e+02 2.596663e+02 1.535935e+01
9.580000e+02 2.611538e+02 1.624365e+01
9.590000e+02 2.625037e+02 1.719197e+01
9.600000e+02 2.637285e+02 1.822673e+01
9.610000e+02 2.649318e+02 1.955734e+01
9.620000e+02 2.660399e+02 2.122798e+01
9.630000e+02 2.670109e+02 2.335523e+01
9.640000e+02 2.678214e+02 2.619881e+01
9.650000e+02 2.684510e+02 3.023953e+01
9.660000e+02 2.689005e+02 3.646555e+01
9.670000e+02 2.692144e+02 4.722247e+01
9.680000e+02 2.694657e+02 6.881751e+01
9.690000e+02 2.696777e+02 1.204310e+02
9.700000e+02 2.697957e+02 2.203635e+02
9.710000e+02 2.697646e+02 1.764604e+02
9.720000e+02 2.696276e+02 1.008062e+02
9.730000e+02 2.694925e+02 7.510205e+01
9.740000e+02 2.694185e+02 6.311395e+01
9.750000e+02 2.694065e+02 6.200282e+01
9.760000e+02 2.694368e+02 6.544976e+01
9.770000e+02 2.694907e+02 7.246266e+01
9.780000e+02 2.695557e+02 8.316138e+01
9.790000e+02 2.696243e+02 9.854536e+01
9.800000e+02 2.696922e+02 1.210809e+02
9.810000e+02 2.697563e+02 1.525761e+02
9.820000e+02 2.698146e+02 2.014008e+02
9.830000e+02 2.698657e+02 2.806817e+02
9.840000e+02 2.699084e+02 4.149081e+02
9.850000e+02 2.699419e+02 6.674378e+02
9.860000e+02 2.699661e+02 1.197868e+03
9.870000e+02 2.699804e+02 2.339871e+03
9.880000e+02 2.699848e+02 3.607872e+03
9.890000e+02 2.699790e+02 2.124228e+03
9.900000e+02 2.699633e+02 1.097268e+03
9.910000e+02 2.699382e+02 6.245781e+02
9.920000e+02 2.699041e+02 3.954610e+02
9.930000e+02 2.698622e+02 2.727295e+02
9.940000e+02 2.698146e+02 2.029822e+02
9.950000e+02 2.697616e+02 1.586112e+02
9.960000e+02 2.696984e+02 1.240054e+02
9.970000e+02 2.696269e+02 9.958331e+01
9.980000e+02 2.695511e+02 8.261198e+01
9.990000e+02 2.694721e+02 7.036114e+01
1.000000e+03 2.693901e+02 6.094055e+01
1.000000 0 0
1.000000e+01 3.589849e+00 1.598593e-02
1.100000e+01 3.625253e+00 1.662322e-02
1.200000e+01 3.653257e+00 1.710130e-02
1.300000e+01 3.692908e+00 1.779978e-02
1.400000e+01 3.739799e+00 1.862427e-02
1.500000e+01 3.797847e+00 1.964754e-02
1.600000e+01 3.866299e+00 2.083878e-02
1.700000e+01 3.955434e+00 2.238069e-02
1.800000e+01 4.083572e+00 2.458862e-02
1.900000e+01 4.290150e+00 2.812595e-02
2.000000e+01 4.685908e+00 3.487838e-02
2.100000e+01 5.580576e+00 5.020886e-02
2.200000e+01 7.250449e+00 7.969214e-02
2.300000e+01 6.732211e+00 7.024144e-02
2.400000e+01 5.648379e+00 5.153204e-02
2.500000e+01 5.191176e+00 4.381479e-02
2.600000e+01 5.042850e+00 4.140844e-02
2.700000e+01 5.028149e+00 4.127938e-02
2.800000e+01 5.083256e+00 4.235170e-02
2.900000e+01 5.208975e+00 4.471789e-02
3.000000e+01 5.368467e+00 4.768671e-02
3.100000e+01 5.476986e+00 4.953780e-02
3.200000e+01 5.665378e+00 5.294194e-02
3.300000e+01 5.884348e+00 5.690129e-02
3.400000e+01 6.135641e+00 6.144844e-02
3.500000e+01 6.423831e+00 6.667134e-02
3.600000e+01 6.820016e+00 7.398515e-02
3.700000e+01 7.131189e+00 7.952559e-02
3.800000e+01 7.582989e+00 8.780876e-02
3.900000e+01 8.069946e+00 9.666506e-02
4.000000e+01 8.656727e+00 1.074246e-01
4.100000e+01 9.347454e+00 1.201386e-01
4.200000e+01 1.016757e+01 1.352992e-01
4.300000e+01 1.116090e+01 1.537779e-01
4.400000e+01 1.234522e+01 1.758760e-01
4.500000e+01 1.380813e+01 2.033619e-01
4.600000e+01 1.562985e+01 2.378319e-01
4.700000e+01 1.796239e+01 2.824031e-01
4.800000e+01 2.101526e+01 3.414274e-01
4.900000e+01 2.515148e+01 4.226316e-01
5.000000e+01 3.109579e+01 5.419296e-01
5.100000e+01 4.053396e+01 7.374978e-01
5.200000e+01 5.931406e+01 1.154416e+00
5.300000e+01 1.009465e+02 2.244965e+00
5.400000e+01 1.780988e+02 5.409682e+00
5.500000e+01 2.456539e+02 1.373778e+01
5.600000e+01 2.635948e+02 3.590598e+01
5.700000e+01 2.661542e+02 7.854513e+01
5.800000e+01 2.671335e+02 7.802368e+01
5.900000e+01 2.674547e+02 1.014250e+02
6.000000e+01 2.676926e+02 1.024861e+02
6.100000e+01 2.677092e+02 1.063889e+02
6.200000e+01 2.675066e+02 9.039368e+01
6.300000e+01 2.663915e+02 1.085643e+02
6.400000e+01 2.614688e+02 2.617961e+01
6.500000e+01 2.283043e+02 9.867008e+00
6.600000e+01 1.506877e+02 3.984134e+00
6.700000e+01 8.926666e+01 1.900213e+00
6.800000e+01 5.878883e+01 1.138479e+00
6.900000e+01 4.403923e+01 8.103113e-01
7.000000e+01 3.554877e+01 6.308176e-01
7.100000e+01 2.985508e+01 5.139658e-01
7.200000e+01 2.573382e+01 4.310793e-01
7.300000e+01 2.262376e+01 3.694437e-01
7.400000e+01 2.021442e+01 3.222257e-01
7.500000e+01 1.832034e+01 2.854564e-01
7.600000e+01 1.679431e+01 2.560288e-01
7.700000e+01 1.552392e+01 2.315946e-01
7.800000e+01 1.446733e+01 2.112987e-01
7.900000e+01 1.367812e+01 1.962243e-01
8.000000e+01 1.293189e+01 1.818816e-01
8.100000e+01 1.232145e+01 1.702620e-01
8.200000e+01 1.171693e+01 1.588213e-01
8.300000e+01 1.122288e+01 1.494841e-01
8.400000e+01 1.081445e+01 1.417447e-01
8.500000e+01 1.047043e+01 1.352067e-01
8.600000e+01 1.017944e+01 1.296557e-01
8.700000e+01 9.937056e+00 1.250056e-01
8.800000e+01 9.735866e+00 1.211225e-01
8.900000e+01 9.545975e+00 1.174653e-01
9.000000e+01 9.395627e+00 1.145434e-01
9.100000e+01 9.271000e+00 1.120945e-01
9.200000e+01 9.172243e+00 1.101116e-01
9.300000e+01 9.110636e+00 1.088378e-01
9.400000e+01 9.674591e+00 1.202521e-01
9.500000e+01 9.043390e+00 1.072715e-01
9.600000e+01 9.217579e+00 1.107350e-01
9.700000e+01 9.066778e+00 1.073597e-01
9.800000e+01 9.099273e+00 1.077392e-01
9.900000e+01 9.173516e+00 1.089160e-01
1.000000e+02 9.316056e+00 1.114221e-01
1.010000e+02 9.492743e+00 1.145919e-01
1.020000e+02 9.859664e+00 1.216999e-01
1.030000e+02 9.800005e+00 1.197071e-01
1.040000e+02 1.025412e+01 1.283182e-01
1.050000e+02 1.038813e+01 1.301134e-01
1.060000e+02 1.081538e+01 1.378139e-01
1.070000e+02 1.136750e+01 1.478734e-01
1.080000e+02 1.209504e+01 1.612735e-01
1.090000e+02 1.305171e+01 1.790734e-01
1.100000e+02 1.437534e+01 2.040308e-01
1.110000e+02 1.682508e+01 2.523808e-01
1.120000e+02 1.865096e+01 2.855898e-01
1.130000e+02 2.254388e+01 3.617082e-01
1.140000e+02 2.892426e+01 4.898289e-01
1.150000e+02 4.097510e+01 7.442530e-01
1.160000e+02 6.309978e+01 1.249367e+00
1.170000e+02 1.156197e+02 2.745984e+00
1.180000e+02 2.230631e+02 9.942656e+00
1.190000e+02 2.537717e+02 2.831655e+01
1.200000e+02 1.626012e+02 4.699272e+00
1.210000e+02 8.189675e+01 1.728415e+00
1.220000e+02 4.807226e+01 8.970842e-01
1.230000e+02 3.261200e+01 5.632021e-01
1.240000e+02 2.666387e+01 4.461828e-01
1.250000e+02 2.004031e+01 3.096574e-01
1.260000e+02 1.698521e+01 2.497973e-01
1.270000e+02 1.485127e+01 2.082850e-01
1.280000e+02 1.357584e+01 1.840882e-01
1.290000e+02 1.249432e+01 1.632480e-01
1.300000e+02 1.176727e+01 1.493694e-01
1.310000e+02 1.132890e+01 1.411058e-01
1.320000e+02 1.084307e+01 1.316960e-01
1.330000e+02 1.055008e+01 1.260312e-01
1.340000e+02 1.032328e+01 1.215609e-01
1.350000e+02 1.013652e+01 1.178354e-01
1.360000e+02 1.002694e+01 1.155597e-01
1.370000e+02 1.015971e+01 1.181291e-01
1.380000e+02 9.928193e+00 1.130756e-01
1.390000e+02 9.899130e+00 1.122432e-01
1.400000e+02 9.892485e+00 1.119074e-01
1.410000e+02 9.872789e+00 1.112939e-01
1.420000e+02 1.118699e+01 1.380675e-01
1.430000e+02 1.006420e+01 1.141362e-01
1.440000e+02 1.009356e+01 1.141818e-01
1.450000e+02 1.124745e+01 1.375298e-01
1.460000e+02 1.001055e+01 1.120959e-01
1.470000e+02 1.002879e+01 1.120586e-01
1.480000e+02 1.011790e+01 1.133790e-01
1.490000e+02 1.034480e+01 1.174587e-01
1.500000e+02 1.039538e+01 1.177563e-01
1.510000e+02 1.065325e+01 1.223948e-01
1.520000e+02 1.057186e+01 1.200557e-01
1.530000e+02 1.063360e+01 1.207994e-01
1.540000e+02 1.243664e+01 1.565835e-01
1.550000e+02 1.087649e+01 1.243759e-01
1.560000e+02 1.107239e+01 1.275734e-01
1.570000e+02 1.118879e+01 1.290974e-01
1.580000e+02 1.137313e+01 1.319505e-01
1.590000e+02 1.158653e+01 1.353232e-01
1.600000e+02 1.182572e+01 1.391420e-01
1.610000e+02 1.208669e+01 1.433261e-01
1.620000e+02 1.238055e+01 1.480883e-01
1.630000e+02 1.272363e+01 1.537364e-01
1.640000e+02 1.314690e+01 1.609038e-01
1.650000e+02 1.608354e+01 2.199301e-01
1.660000e+02 1.525530e+01 2.015494e-01
1.670000e+02 1.467223e+01 1.864887e-01
1.680000e+02 1.531387e+01 1.972075e-01
1.690000e+02 1.618124e+01 2.121558e-01
1.700000e+02 1.708235e+01 2.274014e-01
1.710000e+02 1.826398e+01 2.478539e-01
1.720000e+02 1.977324e+01 2.743166e-01
1.730000e+02 2.173593e+01 3.092532e-01
1.740000e+02 2.429832e+01 3.554068e-01
1.750000e+02 2.793480e+01 4.227622e-01
1.760000e+02 3.288814e+01 5.164210e-01
1.770000e+02 3.926606e+01 6.369333e-01
1.780000e+02 4.943172e+01 8.397073e-01
1.790000e+02 6.555232e+01 1.182746e+00
1.800000e+02 9.231224e+01 1.820580e+00
1.810000e+02 1.357683e+02 3.105017e+00
1.820000e+02 1.969576e+02 5.964620e+00
1.830000e+02 2.420322e+02 1.096023e+01
1.840000e+02 2.287530e+02 8.823052e+00
1.850000e+02 1.720999e+02 4.575669e+00
1.860000e+02 1.184816e+02 2.547075e+00
1.870000e+02 8.365738e+01 1.601627e+00
1.880000e+02 6.242031e+01 1.111405e+00
1.890000e+02 4.914497e+01 8.306994e-01
1.900000e+02 4.048501e+01 6.568816e-01
1.910000e+02 3.461505e+01 5.429635e-01
1.920000e+02 3.050938e+01 4.650949e-01
1.930000e+02 2.768065e+01 4.127149e-01
1.940000e+02 2.551430e+01 3.726441e-01
1.950000e+02 2.409387e+01 3.481619e-01
1.960000e+02 2.267072e+01 3.220380e-01
1.970000e+02 2.117753e+01 2.931608e-01
1.980000e+02 2.038052e+01 2.787116e-01
1.990000e+02 1.975480e+01 2.674347e-01
2.000000e+02 1.938055e+01 2.607463e-01
2.010000e+02 2.015016e+01 2.782282e-01
2.020000e+02 1.907929e+01 2.549357e-01
2.030000e+02 1.935419e+01 2.597860e-01
2.040000e+02 1.892358e+01 2.517100e-01
2.050000e+02 1.808295e+01 2.363043e-01
2.060000e+02 1.790180e+01 2.338916e-01
2.070000e+02 1.740837e+01 2.240635e-01
2.080000e+02 1.736588e+01 2.236314e-01
2.090000e+02 1.753550e+01 2.275929e-01
2.100000e+02 1.709730e+01 2.181662e-01
2.110000e+02 1.736264e+01 2.238827e-01
2.120000e+02 1.690578e+01 2.140213e-01
2.130000e+02 1.688009e+01 2.133037e-01
2.140000e+02 1.691593e+01 2.138314e-01
2.150000e+02 2.174522e+01 3.154285e-01
2.160000e+02 1.701883e+01 2.152819e-01
2.170000e+02 1.693318e+01 2.131930e-01
2.180000e+02 1.699645e+01 2.141115e-01
2.190000e+02 1.702391e+01 2.142419e-01
2.200000e+02 1.710441e+01 2.154337e-01
2.210000e+02 1.716801e+01 2.162374e-01
2.220000e+02 1.727224e+01 2.178056e-01
2.230000e+02 1.742869e+01 2.203260e-01
2.240000e+02 1.769265e+01 2.247977e-01
2.250000e+02 1.827096e+01 2.352400e-01
2.260000e+02 2.153362e+01 3.037530e-01
2.270000e+02 1.844242e+01 2.378573e-01
2.280000e+02 1.807072e+01 2.304936e-01
2.290000e+02 1.806443e+01 2.302255e-01
2.300000e+02 1.825172e+01 2.337165e-01
2.310000e+02 1.936244e+01 2.571341e-01
2.320000e+02 1.875701e+01 2.428209e-01
2.330000e+02 1.938627e+01 2.543670e-01
2.340000e+02 2.569986e+01 3.931834e-01
2.350000e+02 1.973430e+01 2.608461e-01
2.360000e+02 2.056055e+01 2.794543e-01
2.370000e+02 2.319509e+01 3.366583e-01
2.380000e+02 1.943291e+01 2.534840e-01
2.390000e+02 2.635823e+01 4.039447e-01
2.400000e+02 2.057985e+01 2.755856e-01
2.410000e+02 2.022011e+01 2.661575e-01
2.420000e+02 2.148774e+01 2.931637e-01
2.430000e+02 2.092888e+01 2.813239e-01
2.440000e+02 2.090590e+01 2.808225e-01
2.450000e+02 1.990568e+01 2.586256e-01
2.460000e+02 1.992689e+01 2.584629e-01
2.470000e+02 2.016366e+01 2.628258e-01
2.480000e+02 2.321730e+01 3.290583e-01
2.490000e+02 2.093282e+01 2.777902e-01
2.500000e+02 3.784106e+01 6.553982e-01
2.510000e+02 2.189337e+01 2.965884e-01
2.520000e+02 2.118780e+01 2.800810e-01
2.530000e+02 2.104831e+01 2.763464e-01
2.540000e+02 2.127590e+01 2.799148e-01
2.550000e+02 2.167099e+01 2.868349e-01
2.560000e+02 2.154348e+01 2.840158e-01
2.570000e+02 2.154114e+01 2.838273e-01
2.580000e+02 2.212405e+01 2.959476e-01
2.590000e+02 2.300803e+01 3.149086e-01
2.600000e+02 2.191330e+01 2.898010e-01
2.610000e+02 2.200112e+01 2.908505e-01
2.620000e+02 2.221391e+01 2.945114e-01
2.630000e+02 2.341795e+01 3.198366e-01
2.640000e+02 2.397443e+01 3.310167e-01
2.650000e+02 2.444947e+01 3.392487e-01
2.660000e+02 2.349689e+01 3.168082e-01
2.670000e+02 2.453706e+01 3.396795e-01
2.680000e+02 2.348042e+01 3.160194e-01
2.690000e+02 2.336336e+01 3.128648e-01
2.700000e+02 2.346300e+01 3.142651e-01
2.710000e+02 2.373391e+01 3.192602e-01
2.720000e+02 2.398117e+01 3.236680e-01
2.730000e+02 3.445574e+01 5.565608e-01
2.740000e+02 2.471320e+01 3.377791e-01
2.750000e+02 2.489825e+01 3.405324e-01
2.760000e+02 2.568001e+01 3.564184e-01
2.770000e+02 2.733127e+01 3.916878e-01
2.780000e+02 2.512975e+01 3.425796e-01
2.790000e+02 2.528539e+01 3.452535e-01
2.800000e+02 2.578078e+01 3.551678e-01
2.810000e+02 2.622760e+01 3.628390e-01
2.820000e+02 2.581050e+01 3.535429e-01
2.830000e+02 2.642603e+01 3.660821e-01
2.840000e+02 2.619659e+01 3.598092e-01
2.850000e+02 2.654631e+01 3.664904e-01
2.860000e+02 3.407328e+01 5.371135e-01
2.870000e+02 2.724098e+01 3.796472e-01
2.880000e+02 2.729175e+01 3.795672e-01
2.890000e+02 4.549660e+01 7.983651e-01
2.900000e+02 2.772685e+01 3.867212e-01
2.910000e+02 2.931005e+01 4.197851e-01
2.920000e+02 2.810412e+01 3.925019e-01
2.930000e+02 3.031438e+01 4.414823e-01
2.940000e+02 2.880472e+01 4.054535e-01
2.950000e+02 2.890109e+01 4.060162e-01
2.960000e+02 2.924636e+01 4.121363e-01
2.970000e+02 2.976193e+01 4.218084e-01
2.980000e+02 3.105606e+01 4.482970e-01
2.990000e+02 3.136309e+01 4.535040e-01
3.000000e+02 3.115770e+01 4.478372e-01
3.010000e+02 3.273717e+01 4.820067e-01
3.020000e+02 3.652384e+01 5.692748e-01
3.030000e+02 3.495696e+01 5.304836e-01
3.040000e+02 3.262076e+01 4.737443e-01
3.050000e+02 3.345235e+01 4.902818e-01
3.060000e+02 3.327967e+01 4.841492e-01
3.070000e+02 3.378389e+01 4.931355e-01
3.080000e+02 3.444619e+01 5.052722e-01
3.090000e+02 3.529605e+01 5.211738e-01
3.100000e+02 3.816253e+01 5.831301e-01
3.110000e+02 3.736157e+01 5.600082e-01
3.120000e+02 3.839220e+01 5.792825e-01
3.130000e+02 3.997587e+01 6.097949e-01
3.140000e+02 4.196065e+01 6.488540e-01
3.150000e+02 4.377417e+01 6.843982e-01
3.160000e+02 5.051363e+01 8.395712e-01
3.170000e+02 5.069050e+01 8.258010e-01
3.180000e+02 5.507378e+01 9.125284e-01
3.190000e+02 6.285590e+01 1.077869e+00
3.200000e+02 1.052573e+02 2.236981e+00
3.210000e+02 9.631266e+01 1.874485e+00
3.220000e+02 1.178272e+02 2.475266e+00
3.230000e+02 1.583368e+02 3.893177e+00
3.240000e+02 2.162105e+02 7.343309e+00
3.250000e+02 2.509788e+02 1.290568e+01
3.260000e+02 2.303337e+02 8.861073e+00
3.270000e+02 1.781167e+02 4.853989e+00
3.280000e+02 1.266391e+02 2.751079e+00
3.290000e+02 9.637661e+01 1.873042e+00
3.300000e+02 7.879371e+01 1.435676e+00
3.310000e+02 6.809106e+01 1.189743e+00
3.320000e+02 6.160910e+01 1.049039e+00
3.330000e+02 6.041303e+01 1.039941e+00
3.340000e+02 5.393708e+01 8.847206e-01
3.350000e+02 5.220405e+01 8.494472e-01
3.360000e+02 5.047294e+01 8.123225e-01
3.370000e+02 4.911822e+01 7.839283e-01
3.380000e+02 4.828084e+01 7.666286e-01
3.390000e+02 4.780305e+01 7.567405e-01
3.400000e+02 4.754765e+01 7.512903e-01
3.410000e+02 4.748568e+01 7.497986e-01
3.420000e+02 4.761230e+01 7.523117e-01
3.430000e+02 4.855904e+01 7.748005e-01
3.440000e+02 4.830123e+01 7.663801e-01
3.450000e+02 4.982828e+01 8.021423e-01
3.460000e+02 4.932158e+01 7.871381e-01
3.470000e+02 4.955968e+01 7.904148e-01
3.480000e+02 5.018443e+01 8.028547e-01
3.490000e+02 5.101256e+01 8.197586e-01
3.500000e+02 5.201496e+01 8.407111e-01
3.510000e+02 5.365896e+01 8.769394e-01
3.520000e+02 5.689506e+01 9.558778e-01
3.530000e+02 5.735172e+01 9.626782e-01
3.540000e+02 5.636549e+01 9.309124e-01
3.550000e+02 7.027102e+01 1.285763e+00
3.560000e+02 5.932817e+01 9.937298e-01
3.570000e+02 6.113802e+01 1.032879e+00
3.580000e+02 6.496900e+01 1.126276e+00
3.590000e+02 7.237269e+01 1.321395e+00
3.600000e+02 6.835034e+01 1.193927e+00
3.610000e+02 7.052943e+01 1.239147e+00
3.620000e+02 7.411196e+01 1.322301e+00
3.630000e+02 7.835644e+01 1.422848e+00
3.640000e+02 8.453469e+01 1.579855e+00
3.650000e+02 9.075355e+01 1.735796e+00
3.660000e+02 1.003039e+02 1.992538e+00
3.670000e+02 1.211298e+02 2.641607e+00
3.680000e+02 1.818038e+02 5.514304e+00
3.690000e+02 1.868744e+02 5.797197e+00
3.700000e+02 1.447929e+02 3.422287e+00
3.710000e+02 1.563224e+02 3.901851e+00
3.720000e+02 1.593941e+02 3.927211e+00
3.730000e+02 1.780979e+02 4.773280e+00
3.740000e+02 2.007408e+02 6.078784e+00
3.750000e+02 2.264043e+02 8.273518e+00
3.760000e+02 2.491016e+02 1.184438e+01
3.770000e+02 2.639100e+02 1.860313e+01
3.780000e+02 2.686084e+02 3.286127e+01
3.790000e+02 2.693641e+02 6.563970e+01
3.800000e+02 2.695802e+02 1.200537e+02
3.810000e+02 2.694705e+02 8.358841e+01
3.820000e+02 2.689963e+02 4.129894e+01
3.830000e+02 2.665887e+02 2.259969e+01
3.840000e+02 2.563949e+02 1.403337e+01
3.850000e+02 2.372983e+02 9.625246e+00
3.860000e+02 2.145173e+02 7.108500e+00
3.870000e+02 1.930696e+02 5.597371e+00
3.880000e+02 1.729085e+02 4.508193e+00
3.890000e+02 1.575811e+02 3.834292e+00
3.900000e+02 1.471320e+02 3.430888e+00
3.910000e+02 1.367634e+02 3.062494e+00
3.920000e+02 1.248292e+02 2.669105e+00
3.930000e+02 1.162763e+02 2.412630e+00
3.940000e+02 1.085315e+02 2.182711e+00
3.950000e+02 1.042474e+02 2.070711e+00
3.960000e+02 9.888554e+01 1.920289e+00
3.970000e+02 9.976782e+01 1.966618e+00
3.980000e+02 9.236373e+01 1.749967e+00
3.990000e+02 9.019317e+01 1.695758e+00
4.000000e+02 9.461599e+01 1.844926e+00
4.010000e+02 9.135854e+01 1.748469e+00
4.020000e+02 9.457773e+01 1.858196e+00
4.030000e+02 8.639109e+01 1.609473e+00
4.040000e+02 8.473155e+01 1.565812e+00
4.050000e+02 8.304888e+01 1.518985e+00
4.060000e+02 8.260315e+01 1.507997e+00
4.070000e+02 8.250230e+01 1.506096e+00
4.080000e+02 8.421182e+01 1.558251e+00
4.090000e+02 8.317111e+01 1.525205e+00
4.100000e+02 8.317939e+01 1.523640e+00
4.110000e+02 8.386978e+01 1.541335e+00
4.120000e+02 8.548045e+01 1.585513e+00
4.130000e+02 9.524593e+01 1.874292e+00
4.140000e+02 9.104982e+01 1.748436e+00
4.150000e+02 8.983343e+01 1.700341e+00
4.160000e+02 9.177754e+01 1.750427e+00
4.170000e+02 9.501607e+01 1.839362e+00
4.180000e+02 9.958240e+01 1.968752e+00
4.190000e+02 1.061196e+02 2.161457e+00
4.200000e+02 1.162417e+02 2.478643e+00
4.210000e+02 1.327907e+02 3.053508e+00
4.220000e+02 1.615155e+02 4.262027e+00
4.230000e+02 2.122003e+02 7.730553e+00
4.240000e+02 2.599611e+02 2.441363e+01
4.250000e+02 2.646067e+02 7.253554e+01
4.260000e+02 2.440834e+02 1.300287e+01
4.270000e+02 1.918679e+02 6.006681e+00
4.280000e+02 1.556332e+02 3.949033e+00
4.290000e+02 1.392651e+02 3.257799e+00
4.300000e+02 1.307285e+02 2.921206e+00
4.310000e+02 1.274795e+02 2.788263e+00
4.320000e+02 1.277430e+02 2.779605e+00
4.330000e+02 1.311300e+02 2.879957e+00
4.340000e+02 1.371223e+02 3.073378e+00
4.350000e+02 1.468851e+02 3.415623e+00
4.360000e+02 1.629197e+02 4.048946e+00
4.370000e+02 1.905014e+02 5.423733e+00
4.380000e+02 2.233393e+02 7.916607e+00
4.390000e+02 2.533418e+02 1.317432e+01
4.400000e+02 2.418488e+02 1.034768e+01
4.410000e+02 2.259581e+02 8.184355e+00
4.420000e+02 2.322179e+02 8.937962e+00
4.430000e+02 2.476444e+02 1.147941e+01
4.440000e+02 2.569933e+02 1.420748e+01
4.450000e+02 2.658917e+02 2.108028e+01
4.460000e+02 2.689033e+02 3.756318e+01
4.470000e+02 2.694719e+02 7.847094e+01
4.480000e+02 2.696279e+02 1.431752e+02
4.490000e+02 2.694444e+02 7.493561e+01
4.500000e+02 2.688257e+02 3.601896e+01
4.510000e+02 2.653893e+02 2.030848e+01
4.520000e+02 2.543548e+02 1.328525e+01
4.530000e+02 2.367318e+02 9.512611e+00
4.540000e+02 2.179289e+02 7.379157e+00
4.550000e+02 2.009891e+02 6.062727e+00
4.560000e+02 1.867985e+02 5.195380e+00
4.570000e+02 1.760828e+02 4.645792e+00
4.580000e+02 1.669358e+02 4.214588e+00
4.590000e+02 1.597165e+02 3.899588e+00
4.600000e+02 1.545974e+02 3.692038e+00
4.610000e+02 1.515027e+02 3.577279e+00
4.620000e+02 1.491604e+02 3.488795e+00
4.630000e+02 1.508434e+02 3.582215e+00
4.640000e+02 1.498902e+02 3.534491e+00
4.650000e+02 1.485924e+02 3.465587e+00
4.660000e+02 1.496223e+02 3.503969e+00
4.670000e+02 1.533389e+02 3.654836e+00
4.680000e+02 1.841571e+02 5.389020e+00
4.690000e+02 1.747075e+02 4.610038e+00
4.700000e+02 2.037619e+02 6.388313e+00
4.710000e+02 2.327495e+02 9.425028e+00
4.720000e+02 2.142211e+02 7.059811e+00
4.730000e+02 2.311724e+02 8.864003e+00
4.740000e+02 2.569328e+02 1.441002e+01
4.750000e+02 2.620131e+02 1.749134e+01
4.760000e+02 2.441100e+02 1.112109e+01
4.770000e+02 2.059980e+02 6.432465e+00
4.780000e+02 1.848976e+02 5.097708e+00
4.790000e+02 1.741678e+02 4.552701e+00
4.800000e+02 1.728787e+02 4.534822e+00
4.810000e+02 1.714785e+02 4.485483e+00
4.820000e+02 1.701601e+02 4.402586e+00
4.830000e+02 1.719794e+02 4.483177e+00
4.840000e+02 1.792015e+02 4.868095e+00
4.850000e+02 1.946773e+02 5.827337e+00
4.860000e+02 2.281040e+02 9.068923e+00
4.870000e+02 2.624675e+02 3.461822e+01
4.880000e+02 2.557920e+02 1.630152e+01
4.890000e+02 2.328863e+02 9.387781e+00
4.900000e+02 2.099108e+02 6.841288e+00
4.910000e+02 1.962173e+02 5.820381e+00
4.920000e+02 1.889417e+02 5.366845e+00
4.930000e+02 1.842676e+02 5.078045e+00
4.940000e+02 1.833713e+02 5.022778e+00
4.950000e+02 1.839422e+02 5.049936e+00
4.960000e+02 1.870424e+02 5.241889e+00
4.970000e+02 1.897555e+02 5.410992e+00
4.980000e+02 1.916323e+02 5.510436e+00
4.990000e+02 1.923667e+02 5.531699e+00
5.000000e+02 1.944514e+02 5.646193e+00
5.010000e+02 1.974306e+02 5.831987e+00
5.020000e+02 2.015280e+02 6.111747e+00
5.030000e+02 2.060816e+02 6.423848e+00
5.040000e+02 2.102197e+02 6.732919e+00
5.050000e+02 2.111694e+02 6.809575e+00
5.060000e+02 2.131783e+02 6.972019e+00
5.070000e+02 2.168979e+02 7.295363e+00
5.080000e+02 2.235380e+02 7.988910e+00
5.090000e+02 2.280256e+02 8.461883e+00
5.100000e+02 2.287986e+02 8.513074e+00
5.110000e+02 2.290809e+02 8.529430e+00
5.120000e+02 2.308725e+02 8.743206e+00
5.130000e+02 2.332088e+02 9.035073e+00
5.140000e+02 2.359030e+02 9.401311e+00
5.150000e+02 2.405726e+02 1.019446e+01
5.160000e+02 2.414931e+02 1.027237e+01
5.170000e+02 2.443789e+02 1.080668e+01
5.180000e+02 2.469575e+02 1.132788e+01
5.190000e+02 2.494697e+02 1.190160e+01
5.200000e+02 2.528522e+02 1.292141e+01
5.210000e+02 2.542009e+02 1.324089e+01
5.220000e+02 2.573671e+02 1.458739e+01
5.230000e+02 2.584000e+02 1.490365e+01
5.240000e+02 2.600375e+02 1.570603e+01
5.250000e+02 2.616090e+02 1.666199e+01
5.260000e+02 2.630343e+02 1.774772e+01
5.270000e+02 2.643017e+02 1.899001e+01
5.280000e+02 2.653428e+02 2.029490e+01
5.290000e+02 2.662155e+02 2.174016e+01
5.300000e+02 2.669412e+02 2.337942e+01
5.310000e+02 2.675269e+02 2.523561e+01
5.320000e+02 2.679802e+02 2.725857e+01
5.330000e+02 2.683345e+02 2.959015e+01
5.340000e+02 2.686054e+02 3.226938e+01
5.350000e+02 2.688101e+02 3.525994e+01
5.360000e+02 2.689697e+02 3.886677e+01
5.370000e+02 2.690953e+02 4.274759e+01
5.380000e+02 2.691997e+02 4.739967e+01
5.390000e+02 2.692900e+02 5.288416e+01
5.400000e+02 2.693709e+02 5.934646e+01
5.410000e+02 2.694450e+02 6.706377e+01
5.420000e+02 2.695135e+02 7.643728e+01
5.430000e+02 2.695774e+02 8.797810e+01
5.440000e+02 2.696368e+02 1.024526e+02
5.450000e+02 2.696922e+02 1.212535e+02
5.460000e+02 2.697437e+02 1.459671e+02
5.470000e+02 2.697906e+02 1.806700e+02
5.480000e+02 2.698291e+02 2.228604e+02
5.490000e+02 2.698607e+02 2.698543e+02
5.500000e+02 2.698903e+02 3.423043e+02
5.510000e+02 2.699171e+02 4.570315e+02
5.520000e+02 2.699402e+02 6.356547e+02
5.530000e+02 2.699591e+02 9.393454e+02
5.540000e+02 2.699738e+02 1.502829e+03
5.550000e+02 2.699844e+02 2.651010e+03
5.560000e+02 2.699908e+02 5.058589e+03
5.570000e+02 2.699931e+02 8.068080e+03
5.580000e+02 2.699912e+02 5.188122e+03
5.590000e+02 2.699853e+02 2.764290e+03
5.600000e+02 2.699754e+02 1.574473e+03
5.610000e+02 2.699614e+02 9.855917e+02
5.620000e+02 2.699436e+02 6.668853e+02
5.630000e+02 2.699219e+02 4.787986e+02
5.640000e+02 2.698964e+02 3.596786e+02
5.650000e+02 2.698672e+02 2.798966e+02
5.660000e+02 2.698342e+02 2.241611e+02
5.670000e+02 2.697977e+02 1.837085e+02
5.680000e+02 2.697577e+02 1.529604e+02
5.690000e+02 2.697141e+02 1.295904e+02
5.700000e+02 2.696672e+02 1.116238e+02
5.710000e+02 2.696169e+02 1.022484e+02
5.720000e+02 2.695632e+02 8.480914e+01
5.730000e+02 2.695063e+02 7.516893e+01
5.740000e+02 2.694458e+02 6.695917e+01
5.750000e+02 2.693814e+02 6.012990e+01
5.760000e+02 2.693125e+02 5.438131e+01
5.770000e+02 2.692378e+02 4.944702e+01
5.780000e+02 2.691548e+02 4.515968e+01
5.790000e+02 2.690599e+02 4.139157e+01
5.800000e+02 2.689485e+02 3.813922e+01
5.810000e+02 2.688142e+02 3.528509e+01
5.820000e+02 2.686563e+02 3.305121e+01
5.830000e+02 2.684464e+02 3.054958e+01
5.840000e+02 2.681924e+02 2.852202e+01
5.850000e+02 2.678798e+02 2.670892e+01
5.860000e+02 2.675018e+02 2.509676e+01
5.870000e+02 2.670501e+02 2.364529e+01
5.880000e+02 2.665168e+02 2.232695e+01
5.890000e+02 2.659047e+02 2.114858e+01
5.900000e+02 2.652022e+02 2.006484e+01
5.910000e+02 2.646340e+02 1.945485e+01
5.920000e+02 2.635432e+02 1.818166e+01
5.930000e+02 2.626044e+02 1.737516e+01
5.940000e+02 2.615708e+02 1.661060e+01
5.950000e+02 2.610403e+02 1.641335e+01
5.960000e+02 2.594207e+02 1.534085e+01
5.970000e+02 2.583849e+02 1.483121e+01
5.980000e+02 2.576189e+02 1.449255e+01
5.990000e+02 2.574651e+02 1.445038e+01
6.000000e+02 2.578980e+02 1.478859e+01
6.010000e+02 2.549456e+02 1.348098e+01
6.020000e+02 2.524720e+02 1.268062e+01
6.030000e+02 2.505644e+02 1.216063e+01
6.040000e+02 2.486485e+02 1.167177e+01
6.050000e+02 2.470402e+02 1.130565e+01
6.060000e+02 2.456193e+02 1.100684e+01
6.070000e+02 2.443370e+02 1.075251e+01
6.080000e+02 2.433197e+02 1.056590e+01
6.090000e+02 2.424007e+02 1.039666e+01
6.100000e+02 2.425232e+02 1.046295e+01
6.110000e+02 2.420856e+02 1.037139e+01
6.120000e+02 2.418189e+02 1.028932e+01
6.130000e+02 2.427025e+02 1.043624e+01
6.140000e+02 2.446508e+02 1.079506e+01
6.150000e+02 2.480517e+02 1.151242e+01
6.160000e+02 2.528556e+02 1.274147e+01
6.170000e+02 2.591933e+02 1.514957e+01
6.180000e+02 2.653899e+02 2.019842e+01
6.190000e+02 2.685977e+02 3.213088e+01
6.200000e+02 2.693174e+02 6.067384e+01
6.210000e+02 2.694115e+02 7.563041e+01
6.220000e+02 2.690088e+02 4.074943e+01
6.230000e+02 2.669739e+02 2.329465e+01
6.240000e+02 2.607341e+02 1.600156e+01
6.250000e+02 2.518126e+02 1.243131e+01
6.260000e+02 2.431187e+02 1.049274e+01
6.270000e+02 2.358759e+02 9.344168e+00
6.280000e+02 2.304223e+02 8.658176e+00
6.290000e+02 2.244904e+02 7.968528e+00
6.300000e+02 2.201090e+02 7.532756e+00
6.310000e+02 2.164802e+02 7.202297e+00
6.320000e+02 2.144778e+02 7.058031e+00
6.330000e+02 2.108467e+02 6.736577e+00
6.340000e+02 2.087397e+02 6.578998e+00
6.350000e+02 2.064570e+02 6.404263e+00
6.360000e+02 2.042419e+02 6.237779e+00
6.370000e+02 2.024834e+02 6.114320e+00
6.380000e+02 2.010127e+02 6.016262e+00
6.390000e+02 2.049398e+02 6.400758e+00
6.400000e+02 1.995778e+02 5.944867e+00
6.410000e+02 1.969668e+02 5.750562e+00
6.420000e+02 1.966646e+02 5.747166e+00
6.430000e+02 1.951185e+02 5.639399e+00
6.440000e+02 1.940855e+02 5.572915e+00
6.450000e+02 1.957550e+02 5.717493e+00
6.460000e+02 1.938132e+02 5.559953e+00
6.470000e+02 1.919036e+02 5.440638e+00
6.480000e+02 1.942997e+02 5.646577e+00
6.490000e+02 1.900054e+02 5.325656e+00
6.500000e+02 1.895978e+02 5.303320e+00
6.510000e+02 1.905017e+02 5.376492e+00
6.520000e+02 1.905585e+02 5.380295e+00
6.530000e+02 1.911909e+02 5.423499e+00
6.540000e+02 1.936953e+02 5.610551e+00
6.550000e+02 2.294842e+02 9.896440e+00
6.560000e+02 2.336109e+02 1.073482e+01
6.570000e+02 2.035118e+02 6.221810e+00
6.580000e+02 2.171602e+02 7.473953e+00
6.590000e+02 2.032102e+02 6.162091e+00
6.600000e+02 1.945499e+02 5.585504e+00
6.610000e+02 1.901705e+02 5.330733e+00
6.620000e+02 1.875810e+02 5.181679e+00
6.630000e+02 1.859965e+02 5.090659e+00
6.640000e+02 1.851740e+02 5.045869e+00
6.650000e+02 1.850942e+02 5.047998e+00
6.660000e+02 1.860089e+02 5.117979e+00
6.670000e+02 1.849760e+02 5.046976e+00
6.680000e+02 1.843194e+02 5.002403e+00
6.690000e+02 1.842811e+02 4.999700e+00
6.700000e+02 1.889916e+02 5.337161e+00
6.710000e+02 1.848464e+02 5.035155e+00
6.720000e+02 1.866235e+02 5.157302e+00
6.730000e+02 1.855625e+02 5.076441e+00
6.740000e+02 1.878875e+02 5.236799e+00
6.750000e+02 1.854047e+02 5.056293e+00
6.760000e+02 1.877705e+02 5.215446e+00
6.770000e+02 1.868976e+02 5.145147e+00
6.780000e+02 1.884279e+02 5.247017e+00
6.790000e+02 1.876706e+02 5.183865e+00
6.800000e+02 1.878233e+02 5.187844e+00
6.810000e+02 1.883756e+02 5.218164e+00
6.820000e+02 1.890858e+02 5.258816e+00
6.830000e+02 1.899438e+02 5.309533e+00
6.840000e+02 1.910753e+02 5.381299e+00
6.850000e+02 1.914952e+02 5.398279e+00
6.860000e+02 1.923968e+02 5.451234e+00
6.870000e+02 1.933788e+02 5.509828e+00
6.880000e+02 1.944711e+02 5.576290e+00
6.890000e+02 1.957132e+02 5.653387e+00
6.900000e+02 1.972536e+02 5.751616e+00
6.910000e+02 1.996486e+02 5.913667e+00
6.920000e+02 2.034266e+02 6.200177e+00
6.930000e+02 2.029488e+02 6.152948e+00
6.940000e+02 2.029982e+02 6.148309e+00
6.950000e+02 2.042517e+02 6.241227e+00
6.960000e+02 2.058290e+02 6.359159e+00
6.970000e+02 2.061929e+02 6.363722e+00
6.980000e+02 2.076660e+02 6.471359e+00
6.990000e+02 2.121907e+02 6.880496e+00
7.000000e+02 2.112229e+02 6.750704e+00
7.010000e+02 2.159616e+02 7.224854e+00
7.020000e+02 2.150473e+02 7.070072e+00
7.030000e+02 2.183805e+02 7.399709e+00
7.040000e+02 2.187260e+02 7.392735e+00
7.050000e+02 2.206125e+02 7.568308e+00
7.060000e+02 2.227150e+02 7.775380e+00
7.070000e+02 2.248799e+02 7.998764e+00
7.080000e+02 2.273894e+02 8.281581e+00
7.090000e+02 2.295531e+02 8.526272e+00
7.100000e+02 2.321042e+02 8.845402e+00
7.110000e+02 2.348526e+02 9.217677e+00
7.120000e+02 2.379794e+02 9.688182e+00
7.130000e+02 2.421515e+02 1.042258e+01
7.140000e+02 2.494490e+02 1.215863e+01
7.150000e+02 2.631447e+02 2.230716e+01
7.160000e+02 2.610780e+02 1.827925e+01
7.170000e+02 2.527684e+02 1.298759e+01
7.180000e+02 2.517967e+02 1.256857e+01
7.190000e+02 2.525793e+02 1.272492e+01
7.200000e+02 2.544138e+02 1.331595e+01
7.210000e+02 2.558232e+02 1.375306e+01
7.220000e+02 2.575822e+02 1.444754e+01
7.230000e+02 2.595022e+02 1.539777e+01
7.240000e+02 2.609086e+02 1.615681e+01
7.250000e+02 2.623405e+02 1.712506e+01
7.260000e+02 2.636614e+02 1.825204e+01
7.270000e+02 2.648393e+02 1.955382e+01
7.280000e+02 2.658611e+02 2.107258e+01
7.290000e+02 2.666518e+02 2.259334e+01
7.300000e+02 2.673786e+02 2.475677e+01
7.310000e+02 2.678827e+02 2.678601e+01
7.320000e+02 2.682721e+02 2.904231e+01
7.330000e+02 2.685796e+02 3.184507e+01
7.340000e+02 2.688126e+02 3.521259e+01
7.350000e+02 2.689914e+02 3.966075e+01
7.360000e+02 2.691265e+02 4.378961e+01
7.370000e+02 2.692405e+02 4.943489e+01
7.380000e+02 2.693395e+02 5.632342e+01
7.390000e+02 2.694286e+02 6.484883e+01
7.400000e+02 2.695103e+02 7.566615e+01
7.410000e+02 2.695856e+02 8.931961e+01
7.420000e+02 2.696549e+02 1.073204e+02
7.430000e+02 2.697183e+02 1.317389e+02
7.440000e+02 2.697756e+02 1.661388e+02
7.450000e+02 2.698259e+02 2.163893e+02
7.460000e+02 2.698673e+02 2.835690e+02
7.470000e+02 2.699025e+02 3.867494e+02
7.480000e+02 2.699326e+02 5.646613e+02
7.490000e+02 2.699566e+02 8.938661e+02
7.500000e+02 2.699741e+02 1.563066e+03
7.510000e+02 2.699851e+02 3.002407e+03
7.520000e+02 2.699895e+02 5.205120e+03
7.530000e+02 2.699873e+02 3.577915e+03
7.540000e+02 2.699786e+02 1.885386e+03
7.550000e+02 2.699635e+02 1.053407e+03
7.560000e+02 2.699421e+02 6.499680e+02
7.570000e+02 2.699144e+02 4.356974e+02
7.580000e+02 2.698807e+02 3.106991e+02
7.590000e+02 2.698411e+02 2.324433e+02
7.600000e+02 2.697956e+02 1.804764e+02
7.610000e+02 2.697446e+02 1.442947e+02
7.620000e+02 2.696882e+02 1.181617e+02
7.630000e+02 2.696266e+02 9.869418e+01
7.640000e+02 2.695600e+02 8.383598e+01
7.650000e+02 2.694884e+02 7.232043e+01
7.660000e+02 2.694117e+02 6.318207e+01
7.670000e+02 2.693292e+02 5.576757e+01
7.680000e+02 2.692393e+02 4.983611e+01
7.690000e+02 2.691403e+02 4.513040e+01
7.700000e+02 2.690322e+02 4.163070e+01
7.710000e+02 2.689252e+02 3.969672e+01
7.720000e+02 2.688637e+02 4.141616e+01
7.730000e+02 2.689329e+02 6.124955e+01
7.740000e+02 2.690169e+02 1.707699e+02
7.750000e+02 2.686506e+02 4.488971e+01
7.760000e+02 2.680971e+02 3.058441e+01
7.770000e+02 2.673753e+02 2.557312e+01
7.780000e+02 2.665624e+02 2.285374e+01
7.790000e+02 2.656418e+02 2.092178e+01
7.800000e+02 2.646550e+02 1.949251e+01
7.810000e+02 2.634970e+02 1.818859e+01
7.820000e+02 2.623425e+02 1.721322e+01
7.830000e+02 2.610207e+02 1.627157e+01
7.840000e+02 2.596055e+02 1.543706e+01
7.850000e+02 2.582606e+02 1.479409e+01
7.860000e+02 2.565286e+02 1.401523e+01
7.870000e+02 2.548593e+02 1.338984e+01
7.880000e+02 2.531793e+02 1.284079e+01
7.890000e+02 2.514761e+02 1.234528e+01
7.900000e+02 2.497514e+02 1.189250e+01
7.910000e+02 2.481932e+02 1.153084e+01
7.920000e+02 2.463439e+02 1.111739e+01
7.930000e+02 2.453058e+02 1.095670e+01
7.940000e+02 2.427204e+02 1.040673e+01
7.950000e+02 2.409053e+02 1.008639e+01
7.960000e+02 2.392115e+02 9.809646e+00
7.970000e+02 2.375538e+02 9.553609e+00
7.980000e+02 2.358667e+02 9.308147e+00
7.990000e+02 2.342540e+02 9.092007e+00
8.000000e+02 2.323437e+02 8.831833e+00
8.010000e+02 2.307062e+02 8.627079e+00
8.020000e+02 2.292481e+02 8.456153e+00
8.030000e+02 2.279799e+02 8.316491e+00
8.040000e+02 2.262316e+02 8.113870e+00
8.050000e+02 2.246718e+02 7.945624e+00
8.060000e+02 2.233460e+02 7.810794e+00
8.070000e+02 2.224336e+02 7.733720e+00
8.080000e+02 2.213565e+02 7.638765e+00
8.090000e+02 2.191515e+02 7.399902e+00
8.100000e+02 2.180180e+02 7.298380e+00
8.110000e+02 2.185674e+02 7.395008e+00
8.120000e+02 2.156433e+02 7.087611e+00
8.130000e+02 2.162224e+02 7.184405e+00
8.140000e+02 2.321475e+02 9.439271e+00
8.150000e+02 2.121589e+02 6.789741e+00
8.160000e+02 2.110787e+02 6.700944e+00
8.170000e+02 2.100988e+02 6.622807e+00
8.180000e+02 2.092829e+02 6.561181e+00
8.190000e+02 2.085277e+02 6.505026e+00
8.200000e+02 2.082481e+02 6.495570e+00
8.210000e+02 2.069481e+02 6.384336e+00
8.220000e+02 2.063691e+02 6.342386e+00
8.230000e+02 2.059074e+02 6.309655e+00
8.240000e+02 2.058211e+02 6.307540e+00
8.250000e+02 2.064306e+02 6.364383e+00
8.260000e+02 2.102819e+02 6.733388e+00
8.270000e+02 2.098512e+02 6.647842e+00
8.280000e+02 2.142991e+02 7.104380e+00
8.290000e+02 2.079237e+02 6.500000e+00
8.300000e+02 2.092742e+02 6.632540e+00
8.310000e+02 2.302540e+02 9.390254e+00
8.320000e+02 2.250735e+02 8.329250e+00
8.330000e+02 2.479980e+02 1.283220e+01
8.340000e+02 2.646363e+02 5.850180e+01
8.350000e+02 2.558156e+02 1.637609e+01
8.360000e+02 2.283974e+02 8.757668e+00
8.370000e+02 2.171446e+02 7.472280e+00
8.380000e+02 2.102065e+02 6.793685e+00
8.390000e+02 2.050612e+02 6.321336e+00
8.400000e+02 2.059901e+02 6.440867e+00
8.410000e+02 2.164547e+02 7.590161e+00
8.420000e+02 2.122745e+02 7.133521e+00
8.430000e+02 2.368079e+02 1.181609e+01
8.440000e+02 1.990162e+02 5.869919e+00
8.450000e+02 1.969467e+02 5.702190e+00
8.460000e+02 1.964847e+02 5.665436e+00
8.470000e+02 1.966331e+02 5.670786e+00
8.480000e+02 1.979495e+02 5.758159e+00
8.490000e+02 2.061449e+02 6.468366e+00
8.500000e+02 1.979343e+02 5.761811e+00
8.510000e+02 1.959343e+02 5.620893e+00
8.520000e+02 1.954350e+02 5.588494e+00
8.530000e+02 1.960286e+02 5.633330e+00
8.540000e+02 1.957938e+02 5.611567e+00
8.550000e+02 1.954930e+02 5.589714e+00
8.560000e+02 1.958644e+02 5.612265e+00
8.570000e+02 1.974986e+02 5.724952e+00
8.580000e+02 2.219703e+02 8.312552e+00
8.590000e+02 2.035311e+02 6.118663e+00
8.600000e+02 2.077576e+02 6.427320e+00
8.610000e+02 2.045971e+02 6.196878e+00
8.620000e+02 2.001635e+02 5.892537e+00
8.630000e+02 2.064327e+02 6.520610e+00
8.640000e+02 1.964672e+02 5.646328e+00
8.650000e+02 1.957323e+02 5.598678e+00
8.660000e+02 1.971295e+02 5.717556e+00
8.670000e+02 1.953520e+02 5.574062e+00
8.680000e+02 1.953566e+02 5.573405e+00
8.690000e+02 1.967855e+02 5.685500e+00
8.700000e+02 1.957036e+02 5.595161e+00
8.710000e+02 1.958458e+02 5.602467e+00
8.720000e+02 1.960983e+02 5.617836e+00
8.730000e+02 1.963931e+02 5.636021e+00
8.740000e+02 1.968613e+02 5.667578e+00
8.750000e+02 1.971127e+02 5.681414e+00
8.760000e+02 1.975380e+02 5.708602e+00
8.770000e+02 1.980243e+02 5.739843e+00
8.780000e+02 1.988240e+02 5.795550e+00
8.790000e+02 1.992215e+02 5.819855e+00
8.800000e+02 1.995233e+02 5.837192e+00
8.810000e+02 2.002047e+02 5.885007e+00
8.820000e+02 2.008881e+02 5.932480e+00
8.830000e+02 2.177303e+02 7.684827e+00
8.840000e+02 2.023209e+02 6.030945e+00
8.850000e+02 2.029247e+02 6.068694e+00
8.860000e+02 2.040742e+02 6.154744e+00
8.870000e+02 2.057174e+02 6.286879e+00
8.880000e+02 2.098917e+02 6.676529e+00
8.890000e+02 2.075990e+02 6.407971e+00
8.900000e+02 2.093955e+02 6.540027e+00
8.910000e+02 2.122294e+02 6.765276e+00
8.920000e+02 2.170498e+02 7.181555e+00
8.930000e+02 2.250387e+02 7.995264e+00
8.940000e+02 2.284390e+02 8.403342e+00
8.950000e+02 2.263073e+02 8.209784e+00
8.960000e+02 2.285276e+02 8.615182e+00
8.970000e+02 2.202273e+02 7.466147e+00
8.980000e+02 2.214708e+02 7.578016e+00
8.990000e+02 2.242636e+02 7.857906e+00
9.000000e+02 2.256246e+02 7.998623e+00
9.010000e+02 2.272016e+02 8.178260e+00
9.020000e+02 2.300007e+02 8.491695e+00
9.030000e+02 2.335341e+02 8.936103e+00
9.040000e+02 2.372795e+02 9.454301e+00
9.050000e+02 2.437144e+02 1.051783e+01
9.060000e+02 2.512736e+02 1.224458e+01
9.070000e+02 2.514969e+02 1.227597e+01
9.080000e+02 2.527250e+02 1.269373e+01
9.090000e+02 2.558162e+02 1.365906e+01
9.100000e+02 2.603559e+02 1.571552e+01
9.110000e+02 2.646040e+02 1.911717e+01
9.120000e+02 2.675849e+02 2.525340e+01
9.130000e+02 2.688810e+02 3.633781e+01
9.140000e+02 2.693687e+02 6.004021e+01
9.150000e+02 2.696438e+02 1.143779e+02
9.160000e+02 2.697586e+02 2.017290e+02
9.170000e+02 2.696954e+02 1.406115e+02
9.180000e+02 2.694689e+02 7.255882e+01
9.190000e+02 2.690925e+02 4.278064e+01
9.200000e+02 2.682644e+02 2.885374e+01
9.210000e+02 2.662234e+02 2.155139e+01
9.220000e+02 2.629365e+02 1.750154e+01
9.230000e+02 2.589385e+02 1.495541e+01
9.240000e+02 2.549431e+02 1.332583e+01
9.250000e+02 2.517846e+02 1.240322e+01
9.260000e+02 2.484717e+02 1.152813e+01
9.270000e+02 2.459052e+02 1.095928e+01
9.280000e+02 2.440435e+02 1.059517e+01
9.290000e+02 2.424738e+02 1.030107e+01
9.300000e+02 2.413253e+02 1.009876e+01
9.310000e+02 2.405984e+02 9.977409e+00
9.320000e+02 2.402665e+02 9.928883e+00
9.330000e+02 2.431271e+02 1.063020e+01
9.340000e+02 2.401654e+02 9.917086e+00
9.350000e+02 2.401947e+02 9.912801e+00
9.360000e+02 2.406304e+02 9.989331e+00
9.370000e+02 2.411049e+02 1.006861e+01
9.380000e+02 2.416380e+02 1.015333e+01
9.390000e+02 2.423042e+02 1.026932e+01
9.400000e+02 2.430552e+02 1.040572e+01
9.410000e+02 2.438712e+02 1.055567e+01
9.420000e+02 2.447969e+02 1.073324e+01
9.430000e+02 2.458498e+02 1.094621e+01
9.440000e+02 2.469824e+02 1.118431e+01
9.450000e+02 2.483984e+02 1.152451e+01
9.460000e+02 2.490967e+02 1.166504e+01
9.470000e+02 2.501618e+02 1.192821e+01
9.480000e+02 2.513612e+02 1.224930e+01
9.490000e+02 2.534490e+02 1.297113e+01
9.500000e+02 2.537935e+02 1.296791e+01
9.510000e+02 2.552163e+02 1.347342e+01
9.520000e+02 2.562265e+02 1.380818e+01
9.530000e+02 2.574910e+02 1.431886e+01
9.540000e+02 2.587647e+02 1.490074e+01
9.550000e+02 2.599815e+02 1.553007e+01
9.560000e+02 2.613291e+02 1.639330e+01
9.570000e+02 2.622949e+02 1.701365e+01
9.580000e+02 2.634441e+02 1.798997e+01
9.590000e+02 2.644753e+02 1.904426e+01
9.600000e+02 2.653986e+02 2.020279e+01
9.610000e+02 2.662816e+02 2.168320e+01
9.620000e+02 2.670749e+02 2.353915e+01
9.630000e+02 2.677536e+02 2.590316e+01
9.640000e+02 2.683083e+02 2.906295e+01
9.650000e+02 2.687364e+02 3.355236e+01
9.660000e+02 2.690535e+02 4.047011e+01
9.670000e+02 2.693001e+02 5.242171e+01
9.680000e+02 2.695196e+02 7.641374e+01
9.690000e+02 2.697099e+02 1.336410e+02
9.700000e+02 2.698161e+02 2.446609e+02
9.710000e+02 2.697881e+02 1.960075e+02
9.720000e+02 2.696649e+02 1.119574e+02
9.730000e+02 2.695436e+02 8.308969e+01
9.740000e+02 2.694775e+02 7.007677e+01
9.750000e+02 2.694669e+02 6.884330e+01
9.760000e+02 2.694938e+02 7.267296e+01
9.770000e+02 2.695419e+02 8.046341e+01
9.780000e+02 2.696002e+02 9.235084e+01
9.790000e+02 2.696619e+02 1.094412e+02
9.800000e+02 2.697230e+02 1.344169e+02
9.810000e+02 2.697807e+02 1.694785e+02
9.820000e+02 2.698332e+02 2.237249e+02
9.830000e+02 2.698791e+02 3.117189e+02
9.840000e+02 2.699175e+02 4.609525e+02
9.850000e+02 2.699477e+02 7.415411e+02
9.860000e+02 2.699695e+02 1.330869e+03
9.870000e+02 2.699824e+02 2.599587e+03
9.880000e+02 2.699863e+02 3.999970e+03
9.890000e+02 2.699811e+02 2.360050e+03
9.900000e+02 2.699670e+02 1.219115e+03
9.910000e+02 2.699443e+02 6.939200e+02
9.920000e+02 2.699137e+02 4.393466e+02
9.930000e+02 2.698760e+02 3.029701e+02
9.940000e+02 2.698331e+02 2.254526e+02
9.950000e+02 2.697855e+02 1.761709e+02
9.960000e+02 2.697286e+02 1.377298e+02
9.970000e+02 2.696643e+02 1.105969e+02
9.980000e+02 2.695961e+02 9.173897e+01
9.990000e+02 2.695253e+02 7.811505e+01
1.000000e+03 2.694523e+02 6.765923e+01
