# am version 14.0 (build date Sep 30 2024 09:36:11)

# run time 0.116 s
# dcache hit: 270  miss: 0  discard: 0

f 10 GHz  1000 GHz  1000 MHz
output text  f GHz  Tb K  tau dB

tol 0.0001
selfbroad_vmr_tol 0.003

geometry plane-parallel
refract none
za 30 deg
PTmode Pbase Tbase

g 980.665 cm*s^-2
dg_dz 0 s^-2

Nscale troposphere h2o 0.3005

T0 2.7 K

layer mesosphere
# P 0.1 mbar
# T 215.7 K
# dP 0.1 mbar
Pbase 0.1 mbar
Tbase 215.7 K
Mair 28.964 h2o o3  (28.964)
lineshape Voigt-Kielkopf ch4 co co2 h2o_lines n2o o2_coupled o2_uncoupled o3
column dry_air hydrostatic (0.999992)  (2.12016e+21 cm^-2)
! Warning: Column included 5264 unresolved lines.
column h2o hydrostatic 6.22e-06  (1.31875e+16 cm^-2)
! Warning: Column included 838 unresolved lines.
column o3 hydrostatic 1.78e-06  (3.77392e+15 cm^-2)
! Warning: Column included 33099 unresolved lines.

layer mesosphere
# P 0.2 mbar
# T 229.707 K
# dP 0.2 mbar
Pbase 0.3 mbar
Tbase 237.9 K
Mair 28.964 h2o o3  (28.964)
lineshape Voigt-Kielkopf ch4 co co2 h2o_lines n2o o2_coupled o2_uncoupled o3
column dry_air hydrostatic (0.999992)  (4.24032e+21 cm^-2)
! Warning: Column included 5264 unresolved lines.
column h2o hydrostatic 6.47e-06  (2.74351e+16 cm^-2)
! Warning: Column included 838 unresolved lines.
column o3 hydrostatic 1.66e-06  (7.03899e+15 cm^-2)
! Warning: Column included 33099 unresolved lines.

layer mesosphere
# P 0.35 mbar
# T 241.276 K
# dP 0.1 mbar
Pbase 0.4 mbar
Tbase 244.2 K
Mair 28.964 h2o o3  (28.964)
lineshape Voigt-Kielkopf ch4 co co2 h2o_lines n2o o2_coupled o2_uncoupled o3
column dry_air hydrostatic (0.999992)  (2.12016e+21 cm^-2)
! Warning: Column included 5264 unresolved lines.
column h2o hydrostatic 6.72e-06  (1.42476e+16 cm^-2)
! Warning: Column included 838 unresolved lines.
column o3 hydrostatic 1.61e-06  (3.41349e+15 cm^-2)
! Warning: Column included 33099 unresolved lines.

layer mesosphere
# P 0.45 mbar
# T 247.209 K
# dP 0.1 mbar
Pbase 0.5 mbar
Tbase 249.9 K
Mair 28.964 h2o o3  (28.964)
lineshape Voigt-Kielkopf ch4 co co2 h2o_lines n2o o2_coupled o2_uncoupled o3
column dry_air hydrostatic (0.999992)  (2.12016e+21 cm^-2)
! Warning: Column included 5264 unresolved lines.
column h2o hydrostatic 6.7e-06  (1.42052e+16 cm^-2)
! Warning: Column included 838 unresolved lines.
column o3 hydrostatic 1.78e-06  (3.77392e+15 cm^-2)
! Warning: Column included 33099 unresolved lines.

layer mesosphere
# P 0.6 mbar
# T 253.964 K
# dP 0.2 mbar
Pbase 0.7 mbar
Tbase 257.4 K
Mair 28.964 h2o o3  (28.964)
lineshape Voigt-Kielkopf ch4 co co2 h2o_lines n2o o2_coupled o2_uncoupled o3
column dry_air hydrostatic (0.999991)  (4.24032e+21 cm^-2)
! Warning: Column included 5264 unresolved lines.
column h2o hydrostatic 6.63e-06  (2.81136e+16 cm^-2)
! Warning: Column included 838 unresolved lines.
column o3 hydrostatic 2.07e-06  (8.77753e+15 cm^-2)
! Warning: Column included 33099 unresolved lines.

layer stratosphere
# P 0.85 mbar
# T 259.087 K
# dP 0.3 mbar
Pbase 1 mbar
Tbase 260.5 K
Mair 28.964 h2o o3  (28.964)
lineshape Voigt-Kielkopf ch4 co co2 h2o_lines n2o o2_coupled o2_uncoupled o3
column dry_air hydrostatic (0.999991)  (6.36047e+21 cm^-2)
! Warning: Column included 5264 unresolved lines.
column h2o hydrostatic 6.46e-06  (4.1089e+16 cm^-2)
! Warning: Column included 838 unresolved lines.
column o3 hydrostatic 2.58e-06  (1.64102e+16 cm^-2)
! Warning: Column included 33099 unresolved lines.

layer stratosphere
# P 1.5 mbar
# T 256.054 K
# dP 1 mbar
Pbase 2 mbar
Tbase 252.9 K
Mair 28.964 h2o o3  (28.964)
lineshape Gross ch4 co co2 n2o o2_uncoupled o3
lineshape VVW_coupled o2_coupled
lineshape VVH_750 h2o_lines
column dry_air hydrostatic (0.99999)  (2.12015e+22 cm^-2)
! Warning: Column included 5264 unresolved lines.
column h2o hydrostatic 6.09e-06  (1.29119e+17 cm^-2)
! Warning: Column included 838 unresolved lines.
column o3 hydrostatic 3.87e-06  (8.20508e+16 cm^-2)
! Warning: Column included 33099 unresolved lines.

layer stratosphere
# P 2.5 mbar
# T 248.827 K
# dP 1 mbar
Pbase 3 mbar
Tbase 245.5 K
Mair 28.964 h2o o3  (28.964)
lineshape Gross ch4 co co2 n2o o2_uncoupled o3
lineshape VVW_coupled o2_coupled
lineshape VVH_750 h2o_lines
column dry_air hydrostatic (0.999989)  (2.12015e+22 cm^-2)
! Warning: Column included 5264 unresolved lines.
column h2o hydrostatic 5.66e-06  (1.20002e+17 cm^-2)
! Warning: Column included 838 unresolved lines.
column o3 hydrostatic 5.7e-06  (1.2085e+17 cm^-2)
! Warning: Column included 33099 unresolved lines.

layer stratosphere
# P 3.5 mbar
# T 243.142 K
# dP 1 mbar
Pbase 4 mbar
Tbase 241.1 K
Mair 28.964 h2o o3  (28.9641)
lineshape Gross ch4 co co2 n2o o2_uncoupled o3
lineshape VVW_coupled o2_coupled
lineshape VVH_750 h2o_lines
column dry_air hydrostatic (0.999987)  (2.12014e+22 cm^-2)
! Warning: Column included 5264 unresolved lines.
column h2o hydrostatic 5.38e-06  (1.14065e+17 cm^-2)
! Warning: Column included 838 unresolved lines.
column o3 hydrostatic 7.19e-06  (1.5244e+17 cm^-2)
! Warning: Column included 33099 unresolved lines.

layer stratosphere
# P 4.5 mbar
# T 239.2 K
# dP 1 mbar
Pbase 5 mbar
Tbase 237.5 K
Mair 28.964 h2o o3  (28.9641)
lineshape Gross ch4 co co2 n2o o2_uncoupled o3
lineshape VVW_coupled o2_coupled
lineshape VVH_750 h2o_lines
column dry_air hydrostatic (0.999987)  (2.12014e+22 cm^-2)
! Warning: Column included 5264 unresolved lines.
column h2o hydrostatic 5.2e-06  (1.10249e+17 cm^-2)
! Warning: Column included 838 unresolved lines.
column o3 hydrostatic 8.18e-06  (1.7343e+17 cm^-2)
! Warning: Column included 33099 unresolved lines.

layer stratosphere
# P 6 mbar
# T 234.303 K
# dP 2 mbar
Pbase 7 mbar
Tbase 231.6 K
Mair 28.964 h2o o3  (28.9641)
lineshape Gross ch4 co co2 n2o o2_uncoupled o3
lineshape VVW_coupled o2_coupled
lineshape VVH_750 h2o_lines
column dry_air hydrostatic (0.999986)  (4.24027e+22 cm^-2)
! Warning: Column included 5264 unresolved lines.
column h2o hydrostatic 5.03e-06  (2.13289e+17 cm^-2)
! Warning: Column included 838 unresolved lines.
column o3 hydrostatic 8.88e-06  (3.76542e+17 cm^-2)
! Warning: Column included 33099 unresolved lines.

layer stratosphere
# P 8.5 mbar
# T 229.15 K
# dP 3 mbar
Pbase 10 mbar
Tbase 227.1 K
Mair 28.964 h2o o3  (28.9641)
lineshape Gross ch4 co co2 n2o o2_uncoupled o3
lineshape VVW_coupled o2_coupled
lineshape VVH_750 h2o_lines
column dry_air hydrostatic (0.999986)  (6.36041e+22 cm^-2)
! Warning: Column included 5264 unresolved lines.
column h2o hydrostatic 4.86e-06  (3.0912e+17 cm^-2)
! Warning: Column included 838 unresolved lines.
column o3 hydrostatic 9.2e-06  (5.85166e+17 cm^-2)
! Warning: Column included 33099 unresolved lines.

layer stratosphere
# P 15 mbar
# T 222.186 K
# dP 10 mbar
Pbase 20 mbar
Tbase 218.7 K
Mair 28.964 h2o o3  (28.9641)
lineshape Gross ch4 co co2 n2o o2_uncoupled o3
lineshape VVW_coupled o2_coupled
lineshape VVH_750 h2o_lines
column dry_air hydrostatic (0.999987)  (2.12014e+23 cm^-2)
! Warning: Column included 5264 unresolved lines.
column h2o hydrostatic 4.66e-06  (9.87998e+17 cm^-2)
! Warning: Column included 838 unresolved lines.
column o3 hydrostatic 7.99e-06  (1.69401e+18 cm^-2)
! Warning: Column included 33099 unresolved lines.

layer stratosphere
# P 25 mbar
# T 215.673 K
# dP 10 mbar
Pbase 30 mbar
Tbase 213.2 K
Mair 28.964 h2o o3  (28.9641)
lineshape Gross ch4 co co2 n2o o2_uncoupled o3
lineshape VVW_coupled o2_coupled
lineshape VVH_750 h2o_lines
column dry_air hydrostatic (0.99999)  (2.12015e+23 cm^-2)
! Warning: Column included 5264 unresolved lines.
column h2o hydrostatic 4.48e-06  (9.49837e+17 cm^-2)
! Warning: Column included 838 unresolved lines.
column o3 hydrostatic 5.53e-06  (1.17245e+18 cm^-2)
! Warning: Column included 33099 unresolved lines.

layer stratosphere
# P 35 mbar
# T 210.521 K
# dP 10 mbar
Pbase 40 mbar
Tbase 208.2 K
Mair 28.964 h2o o3  (28.964)
lineshape Gross ch4 co co2 n2o o2_uncoupled o3
lineshape VVW_coupled o2_coupled
lineshape VVH_750 h2o_lines
column dry_air hydrostatic (0.999992)  (2.12016e+23 cm^-2)
! Warning: Column included 5264 unresolved lines.
column h2o hydrostatic 4.4e-06  (9.32876e+17 cm^-2)
! Warning: Column included 838 unresolved lines.
column o3 hydrostatic 3.44e-06  (7.2934e+17 cm^-2)
! Warning: Column included 33099 unresolved lines.

layer stratosphere
# P 45 mbar
# T 205.455 K
# dP 10 mbar
Pbase 50 mbar
Tbase 203 K
Mair 28.964 h2o o3  (28.964)
lineshape Gross ch4 co co2 n2o o2_uncoupled o3
lineshape VVW_coupled o2_coupled
lineshape VVH_750 h2o_lines
column dry_air hydrostatic (0.999994)  (2.12016e+23 cm^-2)
! Warning: Column included 5264 unresolved lines.
column h2o hydrostatic 4.35e-06  (9.22276e+17 cm^-2)
! Warning: Column included 838 unresolved lines.
column o3 hydrostatic 2.08e-06  (4.40997e+17 cm^-2)
! Warning: Column included 33099 unresolved lines.

layer stratosphere
# P 60 mbar
# T 197.581 K
# dP 20 mbar
Pbase 70 mbar
Tbase 193 K
Mair 28.964 h2o o3  (28.964)
lineshape Gross ch4 co co2 n2o o2_uncoupled o3
lineshape VVW_coupled o2_coupled
lineshape VVH_750 h2o_lines
column dry_air hydrostatic (0.999995)  (4.24033e+23 cm^-2)
! Warning: Column included 5264 unresolved lines.
column h2o hydrostatic 4.18e-06  (1.77247e+18 cm^-2)
! Warning: Column included 838 unresolved lines.
column o3 hydrostatic 1.04e-06  (4.40997e+17 cm^-2)
! Warning: Column included 33099 unresolved lines.

layer troposphere
# P 85 mbar
# T 192.347 K
# dP 30 mbar
Pbase 100 mbar
Tbase 191.8 K
Mair 28.964 h2o o3  (28.964)
lineshape Gross ch4 co co2 n2o o2_uncoupled o3
lineshape VVW_coupled o2_coupled
lineshape VVH_750 h2o_lines
column dry_air hydrostatic (0.999999)  (6.36052e+23 cm^-2)
! Warning: Column included 5264 unresolved lines.
column h2o hydrostatic 3.41e-06  (2.16894e+18 cm^-2)  (* 0.300500)
! Warning: Column included 838 unresolved lines.
column o3 hydrostatic 3.23e-07  (2.05445e+17 cm^-2)
! Warning: Column included 33099 unresolved lines.

layer troposphere
# P 125 mbar
# T 198.899 K
# dP 50 mbar
Pbase 150 mbar
Tbase 204.7 K
Mair 28.964 h2o o3  (28.964)
lineshape Gross ch4 co co2 n2o o2_uncoupled o3
lineshape VVW_coupled o2_coupled
lineshape VVH_750 h2o_lines
column dry_air hydrostatic (0.999998)  (1.06009e+24 cm^-2)
! Warning: Column included 5264 unresolved lines.
column h2o hydrostatic 5.73e-06  (6.0743e+18 cm^-2)  (* 0.300500)
! Warning: Column included 838 unresolved lines.
column o3 hydrostatic 9.5e-08  (1.00708e+17 cm^-2)
! Warning: Column included 33099 unresolved lines.

layer troposphere
# P 175 mbar
# T 212.041 K
# dP 50 mbar
Pbase 200 mbar
Tbase 218.4 K
Mair 28.964 h2o o3  (28.9639)
lineshape Gross ch4 co co2 n2o o2_uncoupled o3
lineshape VVW_coupled o2_coupled
lineshape VVH_750 h2o_lines
column dry_air hydrostatic (0.999995)  (1.06008e+24 cm^-2)
! Warning: Column included 5264 unresolved lines.
column h2o hydrostatic 1.8e-05  (1.90816e+19 cm^-2)  (* 0.300500)
! Warning: Column included 838 unresolved lines.
column o3 hydrostatic 5.11e-08  (5.41706e+16 cm^-2)
! Warning: Column included 33099 unresolved lines.

layer troposphere
# P 225 mbar
# T 224.47 K
# dP 50 mbar
Pbase 250 mbar
Tbase 229.9 K
Mair 28.964 h2o o3  (28.9639)
lineshape Gross ch4 co co2 n2o o2_uncoupled o3
lineshape VVW_coupled o2_coupled
lineshape VVH_750 h2o_lines
column dry_air hydrostatic (0.999989)  (1.06008e+24 cm^-2)
! Warning: Column included 5264 unresolved lines.
column h2o hydrostatic 3.66e-05  (3.87994e+19 cm^-2)  (* 0.300500)
! Warning: Column included 838 unresolved lines.
column o3 hydrostatic 4.31e-08  (4.569e+16 cm^-2)
! Warning: Column included 33099 unresolved lines.

layer troposphere
# P 275 mbar
# T 234.918 K
# dP 50 mbar
Pbase 300 mbar
Tbase 239.5 K
Mair 28.964 h2o o3  (28.9638)
lineshape Gross ch4 co co2 n2o o2_uncoupled o3
lineshape VVW_coupled o2_coupled
lineshape VVH_750 h2o_lines
column dry_air hydrostatic (0.999986)  (1.06008e+24 cm^-2)
! Warning: Column included 5264 unresolved lines.
column h2o hydrostatic 4.65e-05  (4.92943e+19 cm^-2)  (* 0.300500)
! Warning: Column included 829 unresolved lines.
column o3 hydrostatic 4.26e-08  (4.516e+16 cm^-2)
! Warning: Column included 33099 unresolved lines.

layer troposphere
# P 325 mbar
# T 243.758 K
# dP 50 mbar
Pbase 350 mbar
Tbase 247.7 K
Mair 28.964 h2o o3  (28.9638)
lineshape Gross ch4 co co2 n2o o2_uncoupled o3
lineshape VVW_coupled o2_coupled
lineshape VVH_750 h2o_lines
column dry_air hydrostatic (0.999985)  (1.06008e+24 cm^-2)
! Warning: Column included 5219 unresolved lines.
column h2o hydrostatic 4.83e-05  (5.12025e+19 cm^-2)  (* 0.300500)
! Warning: Column included 658 unresolved lines.
column o3 hydrostatic 4.31e-08  (4.569e+16 cm^-2)
! Warning: Column included 33030 unresolved lines.

layer troposphere
# P 375 mbar
# T 251.317 K
# dP 50 mbar
Pbase 400 mbar
Tbase 254.7 K
Mair 28.964 h2o o3  (28.9638)
lineshape Gross ch4 co co2 n2o o2_uncoupled o3
lineshape VVW_coupled o2_coupled
lineshape VVH_750 h2o_lines
column dry_air hydrostatic (0.999979)  (1.06007e+24 cm^-2)
! Warning: Column included 4912 unresolved lines.
column h2o hydrostatic 6.86e-05  (7.27226e+19 cm^-2)  (* 0.300500)
! Warning: Column included 484 unresolved lines.
column o3 hydrostatic 4.38e-08  (4.64322e+16 cm^-2)
! Warning: Column included 26730 unresolved lines.

layer troposphere
# P 425 mbar
# T 257.891 K
# dP 50 mbar
Pbase 450 mbar
Tbase 260.9 K
Mair 28.964 h2o o3  (28.9636)
lineshape Gross ch4 co co2 n2o o2_uncoupled o3
lineshape VVW_coupled o2_coupled
lineshape VVH_750 h2o_lines
column dry_air hydrostatic (0.999959)  (1.06006e+24 cm^-2)
! Warning: Column included 4251 unresolved lines.
column h2o hydrostatic 0.000136  (1.44174e+20 cm^-2)  (* 0.300500)
! Warning: Column included 393 unresolved lines.
column o3 hydrostatic 4.41e-08  (4.67506e+16 cm^-2)
! Warning: Column included 12873 unresolved lines.

layer troposphere
# P 475 mbar
# T 263.671 K
# dP 50 mbar
Pbase 500 mbar
Tbase 266.3 K
Mair 28.964 h2o o3  (28.9632)
lineshape Gross ch4 co co2 n2o o2_uncoupled o3
lineshape VVW_coupled o2_coupled
lineshape VVH_750 h2o_lines
column dry_air hydrostatic (0.999922)  (1.06004e+24 cm^-2)
! Warning: Column included 3482 unresolved lines.
column h2o hydrostatic 0.000258  (2.73511e+20 cm^-2)  (* 0.300500)
! Warning: Column included 315 unresolved lines.
column o3 hydrostatic 4.36e-08  (4.62212e+16 cm^-2)

layer troposphere
# P 521 mbar
# T 268.187 K
# dP 42 mbar
Pbase 542 mbar (observing level)
Tbase 270 K
Mair 28.964 h2o o3  (28.9623)
lineshape Gross ch4 co co2 n2o o2_uncoupled o3
lineshape VVW_coupled o2_coupled
lineshape VVH_750 h2o_lines
column dry_air hydrostatic (0.999847)  (8.90389e+23 cm^-2)
! Warning: Column included 3079 unresolved lines.
column h2o hydrostatic 0.000508  (4.52387e+20 cm^-2)  (* 0.300500)
! Warning: Column included 260 unresolved lines.
column o3 hydrostatic 4.26e-08  (3.79364e+16 cm^-2)

#
# column densities [cm^-2], including scale factors
#
#                           zenith             line-of-sight     
# mesosphere (5 layers):
#                  dry_air  1.484112e+22       1.713705e+22      
#                      h2o  9.718894e+16       1.122241e+17      
#                            (0.029075 um_pwv)  (0.0335729 um_pwv)
#                       o3  2.677784e+16       3.092039e+16      
#                            (0.996644 DU)      (1.15083 DU)      
#
# stratosphere (12 layers):
#                  dry_air  1.469267e+24       1.696564e+24      
#                      h2o  6.602387e+18       7.623780e+18      
#                            (1.97517 um_pwv)   (2.28073 um_pwv)  
#                       o3  5.984689e+18       6.910524e+18      
#                            (222.744 DU)       (257.203 DU)      
#
# troposphere (10 layers):
#                  dry_air  1.000702e+25       1.155511e+25      
#                      h2o  3.333792e+20       3.849531e+20      
#                            (99.7335 um_pwv)   (115.162 um_pwv)  
#                       o3  6.742042e+17       7.785039e+17      
#                            (25.0932 DU)       (28.9751 DU)      
#
# total (27 layers):
#                  dry_air  1.149113e+25       1.326881e+25      
#                      h2o  3.400788e+20       3.926891e+20      
#                            (101.738 um_pwv)   (117.477 um_pwv)  
#                       o3  6.685671e+18       7.719948e+18      
#                            (248.834 DU)       (287.329 DU)      
#

! Warning: Encountered in-band lines narrower than the frequency
!          grid spacing.  The output configuration data includes
!          the unresolved line count after each column definition
!          for which this occurred.  Count: 211

# am version 14.0 (build date Sep 30 2024 09:36:11)

# run time 0.105 s
# dcache hit: 270  miss: 0  discard: 0

f 10 GHz  1000 GHz  1000 MHz
output text  f GHz  Tb K  tau dB

tol 0.0001
selfbroad_vmr_tol 0.003

geometry plane-parallel
refract none
za 30 deg
PTmode Pbase Tbase

g 980.665 cm*s^-2
dg_dz 0 s^-2

Nscale troposphere h2o 0.601

T0 2.7 K

layer mesosphere
# P 0.1 mbar
# T 215.7 K
# dP 0.1 mbar
Pbase 0.1 mbar
Tbase 215.7 K
Mair 28.964 h2o o3  (28.964)
lineshape Voigt-Kielkopf ch4 co co2 h2o_lines n2o o2_coupled o2_uncoupled o3
column dry_air hydrostatic (0.999992)  (2.12016e+21 cm^-2)
! Warning: Column included 5264 unresolved lines.
column h2o hydrostatic 6.22e-06  (1.31875e+16 cm^-2)
! Warning: Column included 838 unresolved lines.
column o3 hydrostatic 1.78e-06  (3.77392e+15 cm^-2)
! Warning: Column included 33099 unresolved lines.

layer mesosphere
# P 0.2 mbar
# T 229.707 K
# dP 0.2 mbar
Pbase 0.3 mbar
Tbase 237.9 K
Mair 28.964 h2o o3  (28.964)
lineshape Voigt-Kielkopf ch4 co co2 h2o_lines n2o o2_coupled o2_uncoupled o3
column dry_air hydrostatic (0.999992)  (4.24032e+21 cm^-2)
! Warning: Column included 5264 unresolved lines.
column h2o hydrostatic 6.47e-06  (2.74351e+16 cm^-2)
! Warning: Column included 838 unresolved lines.
column o3 hydrostatic 1.66e-06  (7.03899e+15 cm^-2)
! Warning: Column included 33099 unresolved lines.

layer mesosphere
# P 0.35 mbar
# T 241.276 K
# dP 0.1 mbar
Pbase 0.4 mbar
Tbase 244.2 K
Mair 28.964 h2o o3  (28.964)
lineshape Voigt-Kielkopf ch4 co co2 h2o_lines n2o o2_coupled o2_uncoupled o3
column dry_air hydrostatic (0.999992)  (2.12016e+21 cm^-2)
! Warning: Column included 5264 unresolved lines.
column h2o hydrostatic 6.72e-06  (1.42476e+16 cm^-2)
! Warning: Column included 838 unresolved lines.
column o3 hydrostatic 1.61e-06  (3.41349e+15 cm^-2)
! Warning: Column included 33099 unresolved lines.

layer mesosphere
# P 0.45 mbar
# T 247.209 K
# dP 0.1 mbar
Pbase 0.5 mbar
Tbase 249.9 K
Mair 28.964 h2o o3  (28.964)
lineshape Voigt-Kielkopf ch4 co co2 h2o_lines n2o o2_coupled o2_uncoupled o3
column dry_air hydrostatic (0.999992)  (2.12016e+21 cm^-2)
! Warning: Column included 5264 unresolved lines.
column h2o hydrostatic 6.7e-06  (1.42052e+16 cm^-2)
! Warning: Column included 838 unresolved lines.
column o3 hydrostatic 1.78e-06  (3.77392e+15 cm^-2)
! Warning: Column included 33099 unresolved lines.

layer mesosphere
# P 0.6 mbar
# T 253.964 K
# dP 0.2 mbar
Pbase 0.7 mbar
Tbase 257.4 K
Mair 28.964 h2o o3  (28.964)
lineshape Voigt-Kielkopf ch4 co co2 h2o_lines n2o o2_coupled o2_uncoupled o3
column dry_air hydrostatic (0.999991)  (4.24032e+21 cm^-2)
! Warning: Column included 5264 unresolved lines.
column h2o hydrostatic 6.63e-06  (2.81136e+16 cm^-2)
! Warning: Column included 838 unresolved lines.
column o3 hydrostatic 2.07e-06  (8.77753e+15 cm^-2)
! Warning: Column included 33099 unresolved lines.

layer stratosphere
# P 0.85 mbar
# T 259.087 K
# dP 0.3 mbar
Pbase 1 mbar
Tbase 260.5 K
Mair 28.964 h2o o3  (28.964)
lineshape Voigt-Kielkopf ch4 co co2 h2o_lines n2o o2_coupled o2_uncoupled o3
column dry_air hydrostatic (0.999991)  (6.36047e+21 cm^-2)
! Warning: Column included 5264 unresolved lines.
column h2o hydrostatic 6.46e-06  (4.1089e+16 cm^-2)
! Warning: Column included 838 unresolved lines.
column o3 hydrostatic 2.58e-06  (1.64102e+16 cm^-2)
! Warning: Column included 33099 unresolved lines.

layer stratosphere
# P 1.5 mbar
# T 256.054 K
# dP 1 mbar
Pbase 2 mbar
Tbase 252.9 K
Mair 28.964 h2o o3  (28.964)
lineshape Gross ch4 co co2 n2o o2_uncoupled o3
lineshape VVW_coupled o2_coupled
lineshape VVH_750 h2o_lines
column dry_air hydrostatic (0.99999)  (2.12015e+22 cm^-2)
! Warning: Column included 5264 unresolved lines.
column h2o hydrostatic 6.09e-06  (1.29119e+17 cm^-2)
! Warning: Column included 838 unresolved lines.
column o3 hydrostatic 3.87e-06  (8.20508e+16 cm^-2)
! Warning: Column included 33099 unresolved lines.

layer stratosphere
# P 2.5 mbar
# T 248.827 K
# dP 1 mbar
Pbase 3 mbar
Tbase 245.5 K
Mair 28.964 h2o o3  (28.964)
lineshape Gross ch4 co co2 n2o o2_uncoupled o3
lineshape VVW_coupled o2_coupled
lineshape VVH_750 h2o_lines
column dry_air hydrostatic (0.999989)  (2.12015e+22 cm^-2)
! Warning: Column included 5264 unresolved lines.
column h2o hydrostatic 5.66e-06  (1.20002e+17 cm^-2)
! Warning: Column included 838 unresolved lines.
column o3 hydrostatic 5.7e-06  (1.2085e+17 cm^-2)
! Warning: Column included 33099 unresolved lines.

layer stratosphere
# P 3.5 mbar
# T 243.142 K
# dP 1 mbar
Pbase 4 mbar
Tbase 241.1 K
Mair 28.964 h2o o3  (28.9641)
lineshape Gross ch4 co co2 n2o o2_uncoupled o3
lineshape VVW_coupled o2_coupled
lineshape VVH_750 h2o_lines
column dry_air hydrostatic (0.999987)  (2.12014e+22 cm^-2)
! Warning: Column included 5264 unresolved lines.
column h2o hydrostatic 5.38e-06  (1.14065e+17 cm^-2)
! Warning: Column included 838 unresolved lines.
column o3 hydrostatic 7.19e-06  (1.5244e+17 cm^-2)
! Warning: Column included 33099 unresolved lines.

layer stratosphere
# P 4.5 mbar
# T 239.2 K
# dP 1 mbar
Pbase 5 mbar
Tbase 237.5 K
Mair 28.964 h2o o3  (28.9641)
lineshape Gross ch4 co co2 n2o o2_uncoupled o3
lineshape VVW_coupled o2_coupled
lineshape VVH_750 h2o_lines
column dry_air hydrostatic (0.999987)  (2.12014e+22 cm^-2)
! Warning: Column included 5264 unresolved lines.
column h2o hydrostatic 5.2e-06  (1.10249e+17 cm^-2)
! Warning: Column included 838 unresolved lines.
column o3 hydrostatic 8.18e-06  (1.7343e+17 cm^-2)
! Warning: Column included 33099 unresolved lines.

layer stratosphere
# P 6 mbar
# T 234.303 K
# dP 2 mbar
Pbase 7 mbar
Tbase 231.6 K
Mair 28.964 h2o o3  (28.9641)
lineshape Gross ch4 co co2 n2o o2_uncoupled o3
lineshape VVW_coupled o2_coupled
lineshape VVH_750 h2o_lines
column dry_air hydrostatic (0.999986)  (4.24027e+22 cm^-2)
! Warning: Column included 5264 unresolved lines.
column h2o hydrostatic 5.03e-06  (2.13289e+17 cm^-2)
! Warning: Column included 838 unresolved lines.
column o3 hydrostatic 8.88e-06  (3.76542e+17 cm^-2)
! Warning: Column included 33099 unresolved lines.

layer stratosphere
# P 8.5 mbar
# T 229.15 K
# dP 3 mbar
Pbase 10 mbar
Tbase 227.1 K
Mair 28.964 h2o o3  (28.9641)
lineshape Gross ch4 co co2 n2o o2_uncoupled o3
lineshape VVW_coupled o2_coupled
lineshape VVH_750 h2o_lines
column dry_air hydrostatic (0.999986)  (6.36041e+22 cm^-2)
! Warning: Column included 5264 unresolved lines.
column h2o hydrostatic 4.86e-06  (3.0912e+17 cm^-2)
! Warning: Column included 838 unresolved lines.
column o3 hydrostatic 9.2e-06  (5.85166e+17 cm^-2)
! Warning: Column included 33099 unresolved lines.

layer stratosphere
# P 15 mbar
# T 222.186 K
# dP 10 mbar
Pbase 20 mbar
Tbase 218.7 K
Mair 28.964 h2o o3  (28.9641)
lineshape Gross ch4 co co2 n2o o2_uncoupled o3
lineshape VVW_coupled o2_coupled
lineshape VVH_750 h2o_lines
column dry_air hydrostatic (0.999987)  (2.12014e+23 cm^-2)
! Warning: Column included 5264 unresolved lines.
column h2o hydrostatic 4.66e-06  (9.87998e+17 cm^-2)
! Warning: Column included 838 unresolved lines.
column o3 hydrostatic 7.99e-06  (1.69401e+18 cm^-2)
! Warning: Column included 33099 unresolved lines.

layer stratosphere
# P 25 mbar
# T 215.673 K
# dP 10 mbar
Pbase 30 mbar
Tbase 213.2 K
Mair 28.964 h2o o3  (28.9641)
lineshape Gross ch4 co co2 n2o o2_uncoupled o3
lineshape VVW_coupled o2_coupled
lineshape VVH_750 h2o_lines
column dry_air hydrostatic (0.99999)  (2.12015e+23 cm^-2)
! Warning: Column included 5264 unresolved lines.
column h2o hydrostatic 4.48e-06  (9.49837e+17 cm^-2)
! Warning: Column included 838 unresolved lines.
column o3 hydrostatic 5.53e-06  (1.17245e+18 cm^-2)
! Warning: Column included 33099 unresolved lines.

layer stratosphere
# P 35 mbar
# T 210.521 K
# dP 10 mbar
Pbase 40 mbar
Tbase 208.2 K
Mair 28.964 h2o o3  (28.964)
lineshape Gross ch4 co co2 n2o o2_uncoupled o3
lineshape VVW_coupled o2_coupled
lineshape VVH_750 h2o_lines
column dry_air hydrostatic (0.999992)  (2.12016e+23 cm^-2)
! Warning: Column included 5264 unresolved lines.
column h2o hydrostatic 4.4e-06  (9.32876e+17 cm^-2)
! Warning: Column included 838 unresolved lines.
column o3 hydrostatic 3.44e-06  (7.2934e+17 cm^-2)
! Warning: Column included 33099 unresolved lines.

layer stratosphere
# P 45 mbar
# T 205.455 K
# dP 10 mbar
Pbase 50 mbar
Tbase 203 K
Mair 28.964 h2o o3  (28.964)
lineshape Gross ch4 co co2 n2o o2_uncoupled o3
lineshape VVW_coupled o2_coupled
lineshape VVH_750 h2o_lines
column dry_air hydrostatic (0.999994)  (2.12016e+23 cm^-2)
! Warning: Column included 5264 unresolved lines.
column h2o hydrostatic 4.35e-06  (9.22276e+17 cm^-2)
! Warning: Column included 838 unresolved lines.
column o3 hydrostatic 2.08e-06  (4.40997e+17 cm^-2)
! Warning: Column included 33099 unresolved lines.

layer stratosphere
# P 60 mbar
# T 197.581 K
# dP 20 mbar
Pbase 70 mbar
Tbase 193 K
Mair 28.964 h2o o3  (28.964)
lineshape Gross ch4 co co2 n2o o2_uncoupled o3
lineshape VVW_coupled o2_coupled
lineshape VVH_750 h2o_lines
column dry_air hydrostatic (0.999995)  (4.24033e+23 cm^-2)
! Warning: Column included 5264 unresolved lines.
column h2o hydrostatic 4.18e-06  (1.77247e+18 cm^-2)
! Warning: Column included 838 unresolved lines.
column o3 hydrostatic 1.04e-06  (4.40997e+17 cm^-2)
! Warning: Column included 33099 unresolved lines.

layer troposphere
# P 85 mbar
# T 192.347 K
# dP 30 mbar
Pbase 100 mbar
Tbase 191.8 K
Mair 28.964 h2o o3  (28.964)
lineshape Gross ch4 co co2 n2o o2_uncoupled o3
lineshape VVW_coupled o2_coupled
lineshape VVH_750 h2o_lines
column dry_air hydrostatic (0.999998)  (6.36051e+23 cm^-2)
! Warning: Column included 5264 unresolved lines.
column h2o hydrostatic 3.41e-06  (2.16894e+18 cm^-2)  (* 0.601000)
! Warning: Column included 838 unresolved lines.
column o3 hydrostatic 3.23e-07  (2.05445e+17 cm^-2)
! Warning: Column included 33099 unresolved lines.

layer troposphere
# P 125 mbar
# T 198.899 K
# dP 50 mbar
Pbase 150 mbar
Tbase 204.7 K
Mair 28.964 h2o o3  (28.964)
lineshape Gross ch4 co co2 n2o o2_uncoupled o3
lineshape VVW_coupled o2_coupled
lineshape VVH_750 h2o_lines
column dry_air hydrostatic (0.999996)  (1.06009e+24 cm^-2)
! Warning: Column included 5264 unresolved lines.
column h2o hydrostatic 5.73e-06  (6.07431e+18 cm^-2)  (* 0.601000)
! Warning: Column included 838 unresolved lines.
column o3 hydrostatic 9.5e-08  (1.00708e+17 cm^-2)
! Warning: Column included 33099 unresolved lines.

layer troposphere
# P 175 mbar
# T 212.041 K
# dP 50 mbar
Pbase 200 mbar
Tbase 218.4 K
Mair 28.964 h2o o3  (28.9639)
lineshape Gross ch4 co co2 n2o o2_uncoupled o3
lineshape VVW_coupled o2_coupled
lineshape VVH_750 h2o_lines
column dry_air hydrostatic (0.999989)  (1.06008e+24 cm^-2)
! Warning: Column included 5264 unresolved lines.
column h2o hydrostatic 1.8e-05  (1.90817e+19 cm^-2)  (* 0.601000)
! Warning: Column included 838 unresolved lines.
column o3 hydrostatic 5.11e-08  (5.41707e+16 cm^-2)
! Warning: Column included 33099 unresolved lines.

layer troposphere
# P 225 mbar
# T 224.47 K
# dP 50 mbar
Pbase 250 mbar
Tbase 229.9 K
Mair 28.964 h2o o3  (28.9638)
lineshape Gross ch4 co co2 n2o o2_uncoupled o3
lineshape VVW_coupled o2_coupled
lineshape VVH_750 h2o_lines
column dry_air hydrostatic (0.999978)  (1.06007e+24 cm^-2)
! Warning: Column included 5264 unresolved lines.
column h2o hydrostatic 3.66e-05  (3.87995e+19 cm^-2)  (* 0.601000)
! Warning: Column included 838 unresolved lines.
column o3 hydrostatic 4.31e-08  (4.56901e+16 cm^-2)
! Warning: Column included 33099 unresolved lines.

layer troposphere
# P 275 mbar
# T 234.918 K
# dP 50 mbar
Pbase 300 mbar
Tbase 239.5 K
Mair 28.964 h2o o3  (28.9637)
lineshape Gross ch4 co co2 n2o o2_uncoupled o3
lineshape VVW_coupled o2_coupled
lineshape VVH_750 h2o_lines
column dry_air hydrostatic (0.999972)  (1.06007e+24 cm^-2)
! Warning: Column included 5264 unresolved lines.
column h2o hydrostatic 4.65e-05  (4.92946e+19 cm^-2)  (* 0.601000)
! Warning: Column included 829 unresolved lines.
column o3 hydrostatic 4.26e-08  (4.51602e+16 cm^-2)
! Warning: Column included 33099 unresolved lines.

layer troposphere
# P 325 mbar
# T 243.758 K
# dP 50 mbar
Pbase 350 mbar
Tbase 247.7 K
Mair 28.964 h2o o3  (28.9637)
lineshape Gross ch4 co co2 n2o o2_uncoupled o3
lineshape VVW_coupled o2_coupled
lineshape VVH_750 h2o_lines
column dry_air hydrostatic (0.999971)  (1.06007e+24 cm^-2)
! Warning: Column included 5219 unresolved lines.
column h2o hydrostatic 4.83e-05  (5.12028e+19 cm^-2)  (* 0.601000)
! Warning: Column included 658 unresolved lines.
column o3 hydrostatic 4.31e-08  (4.56903e+16 cm^-2)
! Warning: Column included 33030 unresolved lines.

layer troposphere
# P 375 mbar
# T 251.317 K
# dP 50 mbar
Pbase 400 mbar
Tbase 254.7 K
Mair 28.964 h2o o3  (28.9635)
lineshape Gross ch4 co co2 n2o o2_uncoupled o3
lineshape VVW_coupled o2_coupled
lineshape VVH_750 h2o_lines
column dry_air hydrostatic (0.999959)  (1.06006e+24 cm^-2)
! Warning: Column included 4912 unresolved lines.
column h2o hydrostatic 6.86e-05  (7.27231e+19 cm^-2)  (* 0.601000)
! Warning: Column included 484 unresolved lines.
column o3 hydrostatic 4.38e-08  (4.64326e+16 cm^-2)
! Warning: Column included 26730 unresolved lines.

layer troposphere
# P 425 mbar
# T 257.891 K
# dP 50 mbar
Pbase 450 mbar
Tbase 260.9 K
Mair 28.964 h2o o3  (28.9631)
lineshape Gross ch4 co co2 n2o o2_uncoupled o3
lineshape VVW_coupled o2_coupled
lineshape VVH_750 h2o_lines
column dry_air hydrostatic (0.999918)  (1.06003e+24 cm^-2)
! Warning: Column included 4251 unresolved lines.
column h2o hydrostatic 0.000136  (1.44176e+20 cm^-2)  (* 0.601000)
! Warning: Column included 393 unresolved lines.
column o3 hydrostatic 4.41e-08  (4.67513e+16 cm^-2)
! Warning: Column included 12873 unresolved lines.

layer troposphere
# P 475 mbar
# T 263.671 K
# dP 50 mbar
Pbase 500 mbar
Tbase 266.3 K
Mair 28.964 h2o o3  (28.9623)
lineshape Gross ch4 co co2 n2o o2_uncoupled o3
lineshape VVW_coupled o2_coupled
lineshape VVH_750 h2o_lines
column dry_air hydrostatic (0.999845)  (1.05999e+24 cm^-2)
! Warning: Column included 3482 unresolved lines.
column h2o hydrostatic 0.000258  (2.73519e+20 cm^-2)  (* 0.601000)
! Warning: Column included 315 unresolved lines.
column o3 hydrostatic 4.36e-08  (4.62225e+16 cm^-2)

layer troposphere
# P 521 mbar
# T 268.187 K
# dP 42 mbar
Pbase 542 mbar (observing level)
Tbase 270 K
Mair 28.964 h2o o3  (28.9607)
lineshape Gross ch4 co co2 n2o o2_uncoupled o3
lineshape VVW_coupled o2_coupled
lineshape VVH_750 h2o_lines
column dry_air hydrostatic (0.999695)  (8.90304e+23 cm^-2)
! Warning: Column included 3079 unresolved lines.
column h2o hydrostatic 0.000508  (4.52413e+20 cm^-2)  (* 0.601000)
! Warning: Column included 260 unresolved lines.
column o3 hydrostatic 4.26e-08  (3.79385e+16 cm^-2)

#
# column densities [cm^-2], including scale factors
#
#                           zenith             line-of-sight     
# mesosphere (5 layers):
#                  dry_air  1.484112e+22       1.713705e+22      
#                      h2o  9.718894e+16       1.122241e+17      
#                            (0.029075 um_pwv)  (0.0335729 um_pwv)
#                       o3  2.677784e+16       3.092039e+16      
#                            (0.996644 DU)      (1.15083 DU)      
#
# stratosphere (12 layers):
#                  dry_air  1.469267e+24       1.696564e+24      
#                      h2o  6.602387e+18       7.623780e+18      
#                            (1.97517 um_pwv)   (2.28073 um_pwv)  
#                       o3  5.984689e+18       6.910524e+18      
#                            (222.744 DU)       (257.203 DU)      
#
# troposphere (10 layers):
#                  dry_air  1.000681e+25       1.155487e+25      
#                      h2o  6.667810e+20       7.699324e+20      
#                            (199.474 um_pwv)   (230.332 um_pwv)  
#                       o3  6.742097e+17       7.785103e+17      
#                            (25.0934 DU)       (28.9754 DU)      
#
# total (27 layers):
#                  dry_air  1.149092e+25       1.326857e+25      
#                      h2o  6.734806e+20       7.776684e+20      
#                            (201.478 um_pwv)   (232.647 um_pwv)  
#                       o3  6.685677e+18       7.719955e+18      
#                            (248.834 DU)       (287.329 DU)      
#

! Warning: Encountered in-band lines narrower than the frequency
!          grid spacing.  The output configuration data includes
!          the unresolved line count after each column definition
!          for which this occurred.  Count: 211

# am version 14.0 (build date Sep 30 2024 09:36:11)

# run time 0.098 s
# dcache hit: 270  miss: 0  discard: 0

f 10 GHz  1000 GHz  1000 MHz
output text  f GHz  Tb K  tau dB

tol 0.0001
selfbroad_vmr_tol 0.003

geometry plane-parallel
refract none
za 30 deg
PTmode Pbase Tbase

g 980.665 cm*s^-2
dg_dz 0 s^-2

Nscale troposphere h2o 0.9015

T0 2.7 K

layer mesosphere
# P 0.1 mbar
# T 215.7 K
# dP 0.1 mbar
Pbase 0.1 mbar
Tbase 215.7 K
Mair 28.964 h2o o3  (28.964)
lineshape Voigt-Kielkopf ch4 co co2 h2o_lines n2o o2_coupled o2_uncoupled o3
column dry_air hydrostatic (0.999992)  (2.12016e+21 cm^-2)
! Warning: Column included 5264 unresolved lines.
column h2o hydrostatic 6.22e-06  (1.31875e+16 cm^-2)
! Warning: Column included 838 unresolved lines.
column o3 hydrostatic 1.78e-06  (3.77392e+15 cm^-2)
! Warning: Column included 33099 unresolved lines.

layer mesosphere
# P 0.2 mbar
# T 229.707 K
# dP 0.2 mbar
Pbase 0.3 mbar
Tbase 237.9 K
Mair 28.964 h2o o3  (28.964)
lineshape Voigt-Kielkopf ch4 co co2 h2o_lines n2o o2_coupled o2_uncoupled o3
column dry_air hydrostatic (0.999992)  (4.24032e+21 cm^-2)
! Warning: Column included 5264 unresolved lines.
column h2o hydrostatic 6.47e-06  (2.74351e+16 cm^-2)
! Warning: Column included 838 unresolved lines.
column o3 hydrostatic 1.66e-06  (7.03899e+15 cm^-2)
! Warning: Column included 33099 unresolved lines.

layer mesosphere
# P 0.35 mbar
# T 241.276 K
# dP 0.1 mbar
Pbase 0.4 mbar
Tbase 244.2 K
Mair 28.964 h2o o3  (28.964)
lineshape Voigt-Kielkopf ch4 co co2 h2o_lines n2o o2_coupled o2_uncoupled o3
column dry_air hydrostatic (0.999992)  (2.12016e+21 cm^-2)
! Warning: Column included 5264 unresolved lines.
column h2o hydrostatic 6.72e-06  (1.42476e+16 cm^-2)
! Warning: Column included 838 unresolved lines.
column o3 hydrostatic 1.61e-06  (3.41349e+15 cm^-2)
! Warning: Column included 33099 unresolved lines.

layer mesosphere
# P 0.45 mbar
# T 247.209 K
# dP 0.1 mbar
Pbase 0.5 mbar
Tbase 249.9 K
Mair 28.964 h2o o3  (28.964)
lineshape Voigt-Kielkopf ch4 co co2 h2o_lines n2o o2_coupled o2_uncoupled o3
column dry_air hydrostatic (0.999992)  (2.12016e+21 cm^-2)
! Warning: Column included 5264 unresolved lines.
column h2o hydrostatic 6.7e-06  (1.42052e+16 cm^-2)
! Warning: Column included 838 unresolved lines.
column o3 hydrostatic 1.78e-06  (3.77392e+15 cm^-2)
! Warning: Column included 33099 unresolved lines.

layer mesosphere
# P 0.6 mbar
# T 253.964 K
# dP 0.2 mbar
Pbase 0.7 mbar
Tbase 257.4 K
Mair 28.964 h2o o3  (28.964)
lineshape Voigt-Kielkopf ch4 co co2 h2o_lines n2o o2_coupled o2_uncoupled o3
column dry_air hydrostatic (0.999991)  (4.24032e+21 cm^-2)
! Warning: Column included 5264 unresolved lines.
column h2o hydrostatic 6.63e-06  (2.81136e+16 cm^-2)
! Warning: Column included 838 unresolved lines.
column o3 hydrostatic 2.07e-06  (8.77753e+15 cm^-2)
! Warning: Column included 33099 unresolved lines.

layer stratosphere
# P 0.85 mbar
# T 259.087 K
# dP 0.3 mbar
Pbase 1 mbar
Tbase 260.5 K
Mair 28.964 h2o o3  (28.964)
lineshape Voigt-Kielkopf ch4 co co2 h2o_lines n2o o2_coupled o2_uncoupled o3
column dry_air hydrostatic (0.999991)  (6.36047e+21 cm^-2)
! Warning: Column included 5264 unresolved lines.
column h2o hydrostatic 6.46e-06  (4.1089e+16 cm^-2)
! Warning: Column included 838 unresolved lines.
column o3 hydrostatic 2.58e-06  (1.64102e+16 cm^-2)
! Warning: Column included 33099 unresolved lines.

layer stratosphere
# P 1.5 mbar
# T 256.054 K
# dP 1 mbar
Pbase 2 mbar
Tbase 252.9 K
Mair 28.964 h2o o3  (28.964)
lineshape Gross ch4 co co2 n2o o2_uncoupled o3
lineshape VVW_coupled o2_coupled
lineshape VVH_750 h2o_lines
column dry_air hydrostatic (0.99999)  (2.12015e+22 cm^-2)
! Warning: Column included 5264 unresolved lines.
column h2o hydrostatic 6.09e-06  (1.29119e+17 cm^-2)
! Warning: Column included 838 unresolved lines.
column o3 hydrostatic 3.87e-06  (8.20508e+16 cm^-2)
! Warning: Column included 33099 unresolved lines.

layer stratosphere
# P 2.5 mbar
# T 248.827 K
# dP 1 mbar
Pbase 3 mbar
Tbase 245.5 K
Mair 28.964 h2o o3  (28.964)
lineshape Gross ch4 co co2 n2o o2_uncoupled o3
lineshape VVW_coupled o2_coupled
lineshape VVH_750 h2o_lines
column dry_air hydrostatic (0.999989)  (2.12015e+22 cm^-2)
! Warning: Column included 5264 unresolved lines.
column h2o hydrostatic 5.66e-06  (1.20002e+17 cm^-2)
! Warning: Column included 838 unresolved lines.
column o3 hydrostatic 5.7e-06  (1.2085e+17 cm^-2)
! Warning: Column included 33099 unresolved lines.

layer stratosphere
# P 3.5 mbar
# T 243.142 K
# dP 1 mbar
Pbase 4 mbar
Tbase 241.1 K
Mair 28.964 h2o o3  (28.9641)
lineshape Gross ch4 co co2 n2o o2_uncoupled o3
lineshape VVW_coupled o2_coupled
lineshape VVH_750 h2o_lines
column dry_air hydrostatic (0.999987)  (2.12014e+22 cm^-2)
! Warning: Column included 5264 unresolved lines.
column h2o hydrostatic 5.38e-06  (1.14065e+17 cm^-2)
! Warning: Column included 838 unresolved lines.
column o3 hydrostatic 7.19e-06  (1.5244e+17 cm^-2)
! Warning: Column included 33099 unresolved lines.

layer stratosphere
# P 4.5 mbar
# T 239.2 K
# dP 1 mbar
Pbase 5 mbar
Tbase 237.5 K
Mair 28.964 h2o o3  (28.9641)
lineshape Gross ch4 co co2 n2o o2_uncoupled o3
lineshape VVW_coupled o2_coupled
lineshape VVH_750 h2o_lines
column dry_air hydrostatic (0.999987)  (2.12014e+22 cm^-2)
! Warning: Column included 5264 unresolved lines.
column h2o hydrostatic 5.2e-06  (1.10249e+17 cm^-2)
! Warning: Column included 838 unresolved lines.
column o3 hydrostatic 8.18e-06  (1.7343e+17 cm^-2)
! Warning: Column included 33099 unresolved lines.

layer stratosphere
# P 6 mbar
# T 234.303 K
# dP 2 mbar
Pbase 7 mbar
Tbase 231.6 K
Mair 28.964 h2o o3  (28.9641)
lineshape Gross ch4 co co2 n2o o2_uncoupled o3
lineshape VVW_coupled o2_coupled
lineshape VVH_750 h2o_lines
column dry_air hydrostatic (0.999986)  (4.24027e+22 cm^-2)
! Warning: Column included 5264 unresolved lines.
column h2o hydrostatic 5.03e-06  (2.13289e+17 cm^-2)
! Warning: Column included 838 unresolved lines.
column o3 hydrostatic 8.88e-06  (3.76542e+17 cm^-2)
! Warning: Column included 33099 unresolved lines.

layer stratosphere
# P 8.5 mbar
# T 229.15 K
# dP 3 mbar
Pbase 10 mbar
Tbase 227.1 K
Mair 28.964 h2o o3  (28.9641)
lineshape Gross ch4 co co2 n2o o2_uncoupled o3
lineshape VVW_coupled o2_coupled
lineshape VVH_750 h2o_lines
column dry_air hydrostatic (0.999986)  (6.36041e+22 cm^-2)
! Warning: Column included 5264 unresolved lines.
column h2o hydrostatic 4.86e-06  (3.0912e+17 cm^-2)
! Warning: Column included 838 unresolved lines.
column o3 hydrostatic 9.2e-06  (5.85166e+17 cm^-2)
! Warning: Column included 33099 unresolved lines.

layer stratosphere
# P 15 mbar
# T 222.186 K
# dP 10 mbar
Pbase 20 mbar
Tbase 218.7 K
Mair 28.964 h2o o3  (28.9641)
lineshape Gross ch4 co co2 n2o o2_uncoupled o3
lineshape VVW_coupled o2_coupled
lineshape VVH_750 h2o_lines
column dry_air hydrostatic (0.999987)  (2.12014e+23 cm^-2)
! Warning: Column included 5264 unresolved lines.
column h2o hydrostatic 4.66e-06  (9.87998e+17 cm^-2)
! Warning: Column included 838 unresolved lines.
column o3 hydrostatic 7.99e-06  (1.69401e+18 cm^-2)
! Warning: Column included 33099 unresolved lines.

layer stratosphere
# P 25 mbar
# T 215.673 K
# dP 10 mbar
Pbase 30 mbar
Tbase 213.2 K
Mair 28.964 h2o o3  (28.9641)
lineshape Gross ch4 co co2 n2o o2_uncoupled o3
lineshape VVW_coupled o2_coupled
lineshape VVH_750 h2o_lines
column dry_air hydrostatic (0.99999)  (2.12015e+23 cm^-2)
! Warning: Column included 5264 unresolved lines.
column h2o hydrostatic 4.48e-06  (9.49837e+17 cm^-2)
! Warning: Column included 838 unresolved lines.
column o3 hydrostatic 5.53e-06  (1.17245e+18 cm^-2)
! Warning: Column included 33099 unresolved lines.

layer stratosphere
# P 35 mbar
# T 210.521 K
# dP 10 mbar
Pbase 40 mbar
Tbase 208.2 K
Mair 28.964 h2o o3  (28.964)
lineshape Gross ch4 co co2 n2o o2_uncoupled o3
lineshape VVW_coupled o2_coupled
lineshape VVH_750 h2o_lines
column dry_air hydrostatic (0.999992)  (2.12016e+23 cm^-2)
! Warning: Column included 5264 unresolved lines.
column h2o hydrostatic 4.4e-06  (9.32876e+17 cm^-2)
! Warning: Column included 838 unresolved lines.
column o3 hydrostatic 3.44e-06  (7.2934e+17 cm^-2)
! Warning: Column included 33099 unresolved lines.

layer stratosphere
# P 45 mbar
# T 205.455 K
# dP 10 mbar
Pbase 50 mbar
Tbase 203 K
Mair 28.964 h2o o3  (28.964)
lineshape Gross ch4 co co2 n2o o2_uncoupled o3
lineshape VVW_coupled o2_coupled
lineshape VVH_750 h2o_lines
column dry_air hydrostatic (0.999994)  (2.12016e+23 cm^-2)
! Warning: Column included 5264 unresolved lines.
column h2o hydrostatic 4.35e-06  (9.22276e+17 cm^-2)
! Warning: Column included 838 unresolved lines.
column o3 hydrostatic 2.08e-06  (4.40997e+17 cm^-2)
! Warning: Column included 33099 unresolved lines.

layer stratosphere
# P 60 mbar
# T 197.581 K
# dP 20 mbar
Pbase 70 mbar
Tbase 193 K
Mair 28.964 h2o o3  (28.964)
lineshape Gross ch4 co co2 n2o o2_uncoupled o3
lineshape VVW_coupled o2_coupled
lineshape VVH_750 h2o_lines
column dry_air hydrostatic (0.999995)  (4.24033e+23 cm^-2)
! Warning: Column included 5264 unresolved lines.
column h2o hydrostatic 4.18e-06  (1.77247e+18 cm^-2)
! Warning: Column included 838 unresolved lines.
column o3 hydrostatic 1.04e-06  (4.40997e+17 cm^-2)
! Warning: Column included 33099 unresolved lines.

layer troposphere
# P 85 mbar
# T 192.347 K
# dP 30 mbar
Pbase 100 mbar
Tbase 191.8 K
Mair 28.964 h2o o3  (28.964)
lineshape Gross ch4 co co2 n2o o2_uncoupled o3
lineshape VVW_coupled o2_coupled
lineshape VVH_750 h2o_lines
column dry_air hydrostatic (0.999997)  (6.36051e+23 cm^-2)
! Warning: Column included 5264 unresolved lines.
column h2o hydrostatic 3.41e-06  (2.16894e+18 cm^-2)  (* 0.901500)
! Warning: Column included 838 unresolved lines.
column o3 hydrostatic 3.23e-07  (2.05445e+17 cm^-2)
! Warning: Column included 33099 unresolved lines.

layer troposphere
# P 125 mbar
# T 198.899 K
# dP 50 mbar
Pbase 150 mbar
Tbase 204.7 K
Mair 28.964 h2o o3  (28.9639)
lineshape Gross ch4 co co2 n2o o2_uncoupled o3
lineshape VVW_coupled o2_coupled
lineshape VVH_750 h2o_lines
column dry_air hydrostatic (0.999995)  (1.06008e+24 cm^-2)
! Warning: Column included 5264 unresolved lines.
column h2o hydrostatic 5.73e-06  (6.07431e+18 cm^-2)  (* 0.901500)
! Warning: Column included 838 unresolved lines.
column o3 hydrostatic 9.5e-08  (1.00708e+17 cm^-2)
! Warning: Column included 33099 unresolved lines.

layer troposphere
# P 175 mbar
# T 212.041 K
# dP 50 mbar
Pbase 200 mbar
Tbase 218.4 K
Mair 28.964 h2o o3  (28.9638)
lineshape Gross ch4 co co2 n2o o2_uncoupled o3
lineshape VVW_coupled o2_coupled
lineshape VVH_750 h2o_lines
column dry_air hydrostatic (0.999984)  (1.06008e+24 cm^-2)
! Warning: Column included 5264 unresolved lines.
column h2o hydrostatic 1.8e-05  (1.90817e+19 cm^-2)  (* 0.901500)
! Warning: Column included 838 unresolved lines.
column o3 hydrostatic 5.11e-08  (5.41708e+16 cm^-2)
! Warning: Column included 33099 unresolved lines.

layer troposphere
# P 225 mbar
# T 224.47 K
# dP 50 mbar
Pbase 250 mbar
Tbase 229.9 K
Mair 28.964 h2o o3  (28.9636)
lineshape Gross ch4 co co2 n2o o2_uncoupled o3
lineshape VVW_coupled o2_coupled
lineshape VVH_750 h2o_lines
column dry_air hydrostatic (0.999967)  (1.06007e+24 cm^-2)
! Warning: Column included 5264 unresolved lines.
column h2o hydrostatic 3.66e-05  (3.87997e+19 cm^-2)  (* 0.901500)
! Warning: Column included 838 unresolved lines.
column o3 hydrostatic 4.31e-08  (4.56903e+16 cm^-2)
! Warning: Column included 33099 unresolved lines.

layer troposphere
# P 275 mbar
# T 234.918 K
# dP 50 mbar
Pbase 300 mbar
Tbase 239.5 K
Mair 28.964 h2o o3  (28.9635)
lineshape Gross ch4 co co2 n2o o2_uncoupled o3
lineshape VVW_coupled o2_coupled
lineshape VVH_750 h2o_lines
column dry_air hydrostatic (0.999958)  (1.06006e+24 cm^-2)
! Warning: Column included 5264 unresolved lines.
column h2o hydrostatic 4.65e-05  (4.92948e+19 cm^-2)  (* 0.901500)
! Warning: Column included 829 unresolved lines.
column o3 hydrostatic 4.26e-08  (4.51604e+16 cm^-2)
! Warning: Column included 33099 unresolved lines.

layer troposphere
# P 325 mbar
# T 243.758 K
# dP 50 mbar
Pbase 350 mbar
Tbase 247.7 K
Mair 28.964 h2o o3  (28.9635)
lineshape Gross ch4 co co2 n2o o2_uncoupled o3
lineshape VVW_coupled o2_coupled
lineshape VVH_750 h2o_lines
column dry_air hydrostatic (0.999956)  (1.06006e+24 cm^-2)
! Warning: Column included 5219 unresolved lines.
column h2o hydrostatic 4.83e-05  (5.12031e+19 cm^-2)  (* 0.901500)
! Warning: Column included 658 unresolved lines.
column o3 hydrostatic 4.31e-08  (4.56905e+16 cm^-2)
! Warning: Column included 33030 unresolved lines.

layer troposphere
# P 375 mbar
# T 251.317 K
# dP 50 mbar
Pbase 400 mbar
Tbase 254.7 K
Mair 28.964 h2o o3  (28.9633)
lineshape Gross ch4 co co2 n2o o2_uncoupled o3
lineshape VVW_coupled o2_coupled
lineshape VVH_750 h2o_lines
column dry_air hydrostatic (0.999938)  (1.06005e+24 cm^-2)
! Warning: Column included 4912 unresolved lines.
column h2o hydrostatic 6.86e-05  (7.27237e+19 cm^-2)  (* 0.901500)
! Warning: Column included 484 unresolved lines.
column o3 hydrostatic 4.38e-08  (4.64329e+16 cm^-2)
! Warning: Column included 26730 unresolved lines.

layer troposphere
# P 425 mbar
# T 257.891 K
# dP 50 mbar
Pbase 450 mbar
Tbase 260.9 K
Mair 28.964 h2o o3  (28.9627)
lineshape Gross ch4 co co2 n2o o2_uncoupled o3
lineshape VVW_coupled o2_coupled
lineshape VVH_750 h2o_lines
column dry_air hydrostatic (0.999877)  (1.06001e+24 cm^-2)
! Warning: Column included 4251 unresolved lines.
column h2o hydrostatic 0.000136  (1.44179e+20 cm^-2)  (* 0.901500)
! Warning: Column included 393 unresolved lines.
column o3 hydrostatic 4.41e-08  (4.6752e+16 cm^-2)
! Warning: Column included 12873 unresolved lines.

layer troposphere
# P 475 mbar
# T 263.671 K
# dP 50 mbar
Pbase 500 mbar
Tbase 266.3 K
Mair 28.964 h2o o3  (28.9615)
lineshape Gross ch4 co co2 n2o o2_uncoupled o3
lineshape VVW_coupled o2_coupled
lineshape VVH_750 h2o_lines
column dry_air hydrostatic (0.999767)  (1.05993e+24 cm^-2)
! Warning: Column included 3482 unresolved lines.
column h2o hydrostatic 0.000258  (2.73527e+20 cm^-2)  (* 0.901500)
! Warning: Column included 315 unresolved lines.
column o3 hydrostatic 4.36e-08  (4.62239e+16 cm^-2)

layer troposphere
# P 521 mbar
# T 268.187 K
# dP 42 mbar
Pbase 542 mbar (observing level)
Tbase 270 K
Mair 28.964 h2o o3  (28.959)
lineshape Gross ch4 co co2 n2o o2_uncoupled o3
lineshape VVW_coupled o2_coupled
lineshape VVH_750 h2o_lines
column dry_air hydrostatic (0.999542)  (8.9022e+23 cm^-2)
! Warning: Column included 3079 unresolved lines.
column h2o hydrostatic 0.000508  (4.52439e+20 cm^-2)  (* 0.901500)
! Warning: Column included 260 unresolved lines.
column o3 hydrostatic 4.26e-08  (3.79407e+16 cm^-2)

#
# column densities [cm^-2], including scale factors
#
#                           zenith             line-of-sight     
# mesosphere (5 layers):
#                  dry_air  1.484112e+22       1.713705e+22      
#                      h2o  9.718894e+16       1.122241e+17      
#                            (0.029075 um_pwv)  (0.0335729 um_pwv)
#                       o3  2.677784e+16       3.092039e+16      
#                            (0.996644 DU)      (1.15083 DU)      
#
# stratosphere (12 layers):
#                  dry_air  1.469267e+24       1.696564e+24      
#                      h2o  6.602387e+18       7.623780e+18      
#                            (1.97517 um_pwv)   (2.28073 um_pwv)  
#                       o3  5.984689e+18       6.910524e+18      
#                            (222.744 DU)       (257.203 DU)      
#
# troposphere (10 layers):
#                  dry_air  1.000660e+25       1.155463e+25      
#                      h2o  1.000205e+21       1.154938e+21      
#                            (299.221 um_pwv)   (345.51 um_pwv)   
#                       o3  6.742153e+17       7.785168e+17      
#                            (25.0936 DU)       (28.9756 DU)      
#
# total (27 layers):
#                  dry_air  1.149071e+25       1.326833e+25      
#                      h2o  1.006905e+21       1.162674e+21      
#                            (301.225 um_pwv)   (347.825 um_pwv)  
#                       o3  6.685682e+18       7.719961e+18      
#                            (248.834 DU)       (287.329 DU)      
#

! Warning: Encountered in-band lines narrower than the frequency
!          grid spacing.  The output configuration data includes
!          the unresolved line count after each column definition
!          for which this occurred.  Count: 211

# am version 14.0 (build date Sep 30 2024 09:36:11)

# run time 0.119 s
# dcache hit: 270  miss: 0  discard: 0

f 10 GHz  1000 GHz  1000 MHz
output text  f GHz  Tb K  tau dB

tol 0.0001
selfbroad_vmr_tol 0.003

geometry plane-parallel
refract none
za 30 deg
PTmode Pbase Tbase

g 980.665 cm*s^-2
dg_dz 0 s^-2

Nscale troposphere h2o 1.202

T0 2.7 K

layer mesosphere
# P 0.1 mbar
# T 215.7 K
# dP 0.1 mbar
Pbase 0.1 mbar
Tbase 215.7 K
Mair 28.964 h2o o3  (28.964)
lineshape Voigt-Kielkopf ch4 co co2 h2o_lines n2o o2_coupled o2_uncoupled o3
column dry_air hydrostatic (0.999992)  (2.12016e+21 cm^-2)
! Warning: Column included 5264 unresolved lines.
column h2o hydrostatic 6.22e-06  (1.31875e+16 cm^-2)
! Warning: Column included 838 unresolved lines.
column o3 hydrostatic 1.78e-06  (3.77392e+15 cm^-2)
! Warning: Column included 33099 unresolved lines.

layer mesosphere
# P 0.2 mbar
# T 229.707 K
# dP 0.2 mbar
Pbase 0.3 mbar
Tbase 237.9 K
Mair 28.964 h2o o3  (28.964)
lineshape Voigt-Kielkopf ch4 co co2 h2o_lines n2o o2_coupled o2_uncoupled o3
column dry_air hydrostatic (0.999992)  (4.24032e+21 cm^-2)
! Warning: Column included 5264 unresolved lines.
column h2o hydrostatic 6.47e-06  (2.74351e+16 cm^-2)
! Warning: Column included 838 unresolved lines.
column o3 hydrostatic 1.66e-06  (7.03899e+15 cm^-2)
! Warning: Column included 33099 unresolved lines.

layer mesosphere
# P 0.35 mbar
# T 241.276 K
# dP 0.1 mbar
Pbase 0.4 mbar
Tbase 244.2 K
Mair 28.964 h2o o3  (28.964)
lineshape Voigt-Kielkopf ch4 co co2 h2o_lines n2o o2_coupled o2_uncoupled o3
column dry_air hydrostatic (0.999992)  (2.12016e+21 cm^-2)
! Warning: Column included 5264 unresolved lines.
column h2o hydrostatic 6.72e-06  (1.42476e+16 cm^-2)
! Warning: Column included 838 unresolved lines.
column o3 hydrostatic 1.61e-06  (3.41349e+15 cm^-2)
! Warning: Column included 33099 unresolved lines.

layer mesosphere
# P 0.45 mbar
# T 247.209 K
# dP 0.1 mbar
Pbase 0.5 mbar
Tbase 249.9 K
Mair 28.964 h2o o3  (28.964)
lineshape Voigt-Kielkopf ch4 co co2 h2o_lines n2o o2_coupled o2_uncoupled o3
column dry_air hydrostatic (0.999992)  (2.12016e+21 cm^-2)
! Warning: Column included 5264 unresolved lines.
column h2o hydrostatic 6.7e-06  (1.42052e+16 cm^-2)
! Warning: Column included 838 unresolved lines.
column o3 hydrostatic 1.78e-06  (3.77392e+15 cm^-2)
! Warning: Column included 33099 unresolved lines.

layer mesosphere
# P 0.6 mbar
# T 253.964 K
# dP 0.2 mbar
Pbase 0.7 mbar
Tbase 257.4 K
Mair 28.964 h2o o3  (28.964)
lineshape Voigt-Kielkopf ch4 co co2 h2o_lines n2o o2_coupled o2_uncoupled o3
column dry_air hydrostatic (0.999991)  (4.24032e+21 cm^-2)
! Warning: Column included 5264 unresolved lines.
column h2o hydrostatic 6.63e-06  (2.81136e+16 cm^-2)
! Warning: Column included 838 unresolved lines.
column o3 hydrostatic 2.07e-06  (8.77753e+15 cm^-2)
! Warning: Column included 33099 unresolved lines.

layer stratosphere
# P 0.85 mbar
# T 259.087 K
# dP 0.3 mbar
Pbase 1 mbar
Tbase 260.5 K
Mair 28.964 h2o o3  (28.964)
lineshape Voigt-Kielkopf ch4 co co2 h2o_lines n2o o2_coupled o2_uncoupled o3
column dry_air hydrostatic (0.999991)  (6.36047e+21 cm^-2)
! Warning: Column included 5264 unresolved lines.
column h2o hydrostatic 6.46e-06  (4.1089e+16 cm^-2)
! Warning: Column included 838 unresolved lines.
column o3 hydrostatic 2.58e-06  (1.64102e+16 cm^-2)
! Warning: Column included 33099 unresolved lines.

layer stratosphere
# P 1.5 mbar
# T 256.054 K
# dP 1 mbar
Pbase 2 mbar
Tbase 252.9 K
Mair 28.964 h2o o3  (28.964)
lineshape Gross ch4 co co2 n2o o2_uncoupled o3
lineshape VVW_coupled o2_coupled
lineshape VVH_750 h2o_lines
column dry_air hydrostatic (0.99999)  (2.12015e+22 cm^-2)
! Warning: Column included 5264 unresolved lines.
column h2o hydrostatic 6.09e-06  (1.29119e+17 cm^-2)
! Warning: Column included 838 unresolved lines.
column o3 hydrostatic 3.87e-06  (8.20508e+16 cm^-2)
! Warning: Column included 33099 unresolved lines.

layer stratosphere
# P 2.5 mbar
# T 248.827 K
# dP 1 mbar
Pbase 3 mbar
Tbase 245.5 K
Mair 28.964 h2o o3  (28.964)
lineshape Gross ch4 co co2 n2o o2_uncoupled o3
lineshape VVW_coupled o2_coupled
lineshape VVH_750 h2o_lines
column dry_air hydrostatic (0.999989)  (2.12015e+22 cm^-2)
! Warning: Column included 5264 unresolved lines.
column h2o hydrostatic 5.66e-06  (1.20002e+17 cm^-2)
! Warning: Column included 838 unresolved lines.
column o3 hydrostatic 5.7e-06  (1.2085e+17 cm^-2)
! Warning: Column included 33099 unresolved lines.

layer stratosphere
# P 3.5 mbar
# T 243.142 K
# dP 1 mbar
Pbase 4 mbar
Tbase 241.1 K
Mair 28.964 h2o o3  (28.9641)
lineshape Gross ch4 co co2 n2o o2_uncoupled o3
lineshape VVW_coupled o2_coupled
lineshape VVH_750 h2o_lines
column dry_air hydrostatic (0.999987)  (2.12014e+22 cm^-2)
! Warning: Column included 5264 unresolved lines.
column h2o hydrostatic 5.38e-06  (1.14065e+17 cm^-2)
! Warning: Column included 838 unresolved lines.
column o3 hydrostatic 7.19e-06  (1.5244e+17 cm^-2)
! Warning: Column included 33099 unresolved lines.

layer stratosphere
# P 4.5 mbar
# T 239.2 K
# dP 1 mbar
Pbase 5 mbar
Tbase 237.5 K
Mair 28.964 h2o o3  (28.9641)
lineshape Gross ch4 co co2 n2o o2_uncoupled o3
lineshape VVW_coupled o2_coupled
lineshape VVH_750 h2o_lines
column dry_air hydrostatic (0.999987)  (2.12014e+22 cm^-2)
! Warning: Column included 5264 unresolved lines.
column h2o hydrostatic 5.2e-06  (1.10249e+17 cm^-2)
! Warning: Column included 838 unresolved lines.
column o3 hydrostatic 8.18e-06  (1.7343e+17 cm^-2)
! Warning: Column included 33099 unresolved lines.

layer stratosphere
# P 6 mbar
# T 234.303 K
# dP 2 mbar
Pbase 7 mbar
Tbase 231.6 K
Mair 28.964 h2o o3  (28.9641)
lineshape Gross ch4 co co2 n2o o2_uncoupled o3
lineshape VVW_coupled o2_coupled
lineshape VVH_750 h2o_lines
column dry_air hydrostatic (0.999986)  (4.24027e+22 cm^-2)
! Warning: Column included 5264 unresolved lines.
column h2o hydrostatic 5.03e-06  (2.13289e+17 cm^-2)
! Warning: Column included 838 unresolved lines.
column o3 hydrostatic 8.88e-06  (3.76542e+17 cm^-2)
! Warning: Column included 33099 unresolved lines.

layer stratosphere
# P 8.5 mbar
# T 229.15 K
# dP 3 mbar
Pbase 10 mbar
Tbase 227.1 K
Mair 28.964 h2o o3  (28.9641)
lineshape Gross ch4 co co2 n2o o2_uncoupled o3
lineshape VVW_coupled o2_coupled
lineshape VVH_750 h2o_lines
column dry_air hydrostatic (0.999986)  (6.36041e+22 cm^-2)
! Warning: Column included 5264 unresolved lines.
column h2o hydrostatic 4.86e-06  (3.0912e+17 cm^-2)
! Warning: Column included 838 unresolved lines.
column o3 hydrostatic 9.2e-06  (5.85166e+17 cm^-2)
! Warning: Column included 33099 unresolved lines.

layer stratosphere
# P 15 mbar
# T 222.186 K
# dP 10 mbar
Pbase 20 mbar
Tbase 218.7 K
Mair 28.964 h2o o3  (28.9641)
lineshape Gross ch4 co co2 n2o o2_uncoupled o3
lineshape VVW_coupled o2_coupled
lineshape VVH_750 h2o_lines
column dry_air hydrostatic (0.999987)  (2.12014e+23 cm^-2)
! Warning: Column included 5264 unresolved lines.
column h2o hydrostatic 4.66e-06  (9.87998e+17 cm^-2)
! Warning: Column included 838 unresolved lines.
column o3 hydrostatic 7.99e-06  (1.69401e+18 cm^-2)
! Warning: Column included 33099 unresolved lines.

layer stratosphere
# P 25 mbar
# T 215.673 K
# dP 10 mbar
Pbase 30 mbar
Tbase 213.2 K
Mair 28.964 h2o o3  (28.9641)
lineshape Gross ch4 co co2 n2o o2_uncoupled o3
lineshape VVW_coupled o2_coupled
lineshape VVH_750 h2o_lines
column dry_air hydrostatic (0.99999)  (2.12015e+23 cm^-2)
! Warning: Column included 5264 unresolved lines.
column h2o hydrostatic 4.48e-06  (9.49837e+17 cm^-2)
! Warning: Column included 838 unresolved lines.
column o3 hydrostatic 5.53e-06  (1.17245e+18 cm^-2)
! Warning: Column included 33099 unresolved lines.

layer stratosphere
# P 35 mbar
# T 210.521 K
# dP 10 mbar
Pbase 40 mbar
Tbase 208.2 K
Mair 28.964 h2o o3  (28.964)
lineshape Gross ch4 co co2 n2o o2_uncoupled o3
lineshape VVW_coupled o2_coupled
lineshape VVH_750 h2o_lines
column dry_air hydrostatic (0.999992)  (2.12016e+23 cm^-2)
! Warning: Column included 5264 unresolved lines.
column h2o hydrostatic 4.4e-06  (9.32876e+17 cm^-2)
! Warning: Column included 838 unresolved lines.
column o3 hydrostatic 3.44e-06  (7.2934e+17 cm^-2)
! Warning: Column included 33099 unresolved lines.

layer stratosphere
# P 45 mbar
# T 205.455 K
# dP 10 mbar
Pbase 50 mbar
Tbase 203 K
Mair 28.964 h2o o3  (28.964)
lineshape Gross ch4 co co2 n2o o2_uncoupled o3
lineshape VVW_coupled o2_coupled
lineshape VVH_750 h2o_lines
column dry_air hydrostatic (0.999994)  (2.12016e+23 cm^-2)
! Warning: Column included 5264 unresolved lines.
column h2o hydrostatic 4.35e-06  (9.22276e+17 cm^-2)
! Warning: Column included 838 unresolved lines.
column o3 hydrostatic 2.08e-06  (4.40997e+17 cm^-2)
! Warning: Column included 33099 unresolved lines.

layer stratosphere
# P 60 mbar
# T 197.581 K
# dP 20 mbar
Pbase 70 mbar
Tbase 193 K
Mair 28.964 h2o o3  (28.964)
lineshape Gross ch4 co co2 n2o o2_uncoupled o3
lineshape VVW_coupled o2_coupled
lineshape VVH_750 h2o_lines
column dry_air hydrostatic (0.999995)  (4.24033e+23 cm^-2)
! Warning: Column included 5264 unresolved lines.
column h2o hydrostatic 4.18e-06  (1.77247e+18 cm^-2)
! Warning: Column included 838 unresolved lines.
column o3 hydrostatic 1.04e-06  (4.40997e+17 cm^-2)
! Warning: Column included 33099 unresolved lines.

layer troposphere
# P 85 mbar
# T 192.347 K
# dP 30 mbar
Pbase 100 mbar
Tbase 191.8 K
Mair 28.964 h2o o3  (28.964)
lineshape Gross ch4 co co2 n2o o2_uncoupled o3
lineshape VVW_coupled o2_coupled
lineshape VVH_750 h2o_lines
column dry_air hydrostatic (0.999996)  (6.36051e+23 cm^-2)
! Warning: Column included 5264 unresolved lines.
column h2o hydrostatic 3.41e-06  (2.16894e+18 cm^-2)  (* 1.20200)
! Warning: Column included 838 unresolved lines.
column o3 hydrostatic 3.23e-07  (2.05445e+17 cm^-2)
! Warning: Column included 33099 unresolved lines.

layer troposphere
# P 125 mbar
# T 198.899 K
# dP 50 mbar
Pbase 150 mbar
Tbase 204.7 K
Mair 28.964 h2o o3  (28.9639)
lineshape Gross ch4 co co2 n2o o2_uncoupled o3
lineshape VVW_coupled o2_coupled
lineshape VVH_750 h2o_lines
column dry_air hydrostatic (0.999993)  (1.06008e+24 cm^-2)
! Warning: Column included 5264 unresolved lines.
column h2o hydrostatic 5.73e-06  (6.07432e+18 cm^-2)  (* 1.20200)
! Warning: Column included 838 unresolved lines.
column o3 hydrostatic 9.5e-08  (1.00709e+17 cm^-2)
! Warning: Column included 33099 unresolved lines.

layer troposphere
# P 175 mbar
# T 212.041 K
# dP 50 mbar
Pbase 200 mbar
Tbase 218.4 K
Mair 28.964 h2o o3  (28.9638)
lineshape Gross ch4 co co2 n2o o2_uncoupled o3
lineshape VVW_coupled o2_coupled
lineshape VVH_750 h2o_lines
column dry_air hydrostatic (0.999978)  (1.06007e+24 cm^-2)
! Warning: Column included 5264 unresolved lines.
column h2o hydrostatic 1.8e-05  (1.90817e+19 cm^-2)  (* 1.20200)
! Warning: Column included 838 unresolved lines.
column o3 hydrostatic 5.11e-08  (5.41709e+16 cm^-2)
! Warning: Column included 33099 unresolved lines.

layer troposphere
# P 225 mbar
# T 224.47 K
# dP 50 mbar
Pbase 250 mbar
Tbase 229.9 K
Mair 28.964 h2o o3  (28.9635)
lineshape Gross ch4 co co2 n2o o2_uncoupled o3
lineshape VVW_coupled o2_coupled
lineshape VVH_750 h2o_lines
column dry_air hydrostatic (0.999956)  (1.06006e+24 cm^-2)
! Warning: Column included 5264 unresolved lines.
column h2o hydrostatic 3.66e-05  (3.87998e+19 cm^-2)  (* 1.20200)
! Warning: Column included 838 unresolved lines.
column o3 hydrostatic 4.31e-08  (4.56905e+16 cm^-2)
! Warning: Column included 33099 unresolved lines.

layer troposphere
# P 275 mbar
# T 234.918 K
# dP 50 mbar
Pbase 300 mbar
Tbase 239.5 K
Mair 28.964 h2o o3  (28.9634)
lineshape Gross ch4 co co2 n2o o2_uncoupled o3
lineshape VVW_coupled o2_coupled
lineshape VVH_750 h2o_lines
column dry_air hydrostatic (0.999944)  (1.06005e+24 cm^-2)
! Warning: Column included 5264 unresolved lines.
column h2o hydrostatic 4.65e-05  (4.92951e+19 cm^-2)  (* 1.20200)
! Warning: Column included 829 unresolved lines.
column o3 hydrostatic 4.26e-08  (4.51607e+16 cm^-2)
! Warning: Column included 33099 unresolved lines.

layer troposphere
# P 325 mbar
# T 243.758 K
# dP 50 mbar
Pbase 350 mbar
Tbase 247.7 K
Mair 28.964 h2o o3  (28.9634)
lineshape Gross ch4 co co2 n2o o2_uncoupled o3
lineshape VVW_coupled o2_coupled
lineshape VVH_750 h2o_lines
column dry_air hydrostatic (0.999942)  (1.06005e+24 cm^-2)
! Warning: Column included 5219 unresolved lines.
column h2o hydrostatic 4.83e-05  (5.12033e+19 cm^-2)  (* 1.20200)
! Warning: Column included 658 unresolved lines.
column o3 hydrostatic 4.31e-08  (4.56908e+16 cm^-2)
! Warning: Column included 33030 unresolved lines.

layer troposphere
# P 375 mbar
# T 251.317 K
# dP 50 mbar
Pbase 400 mbar
Tbase 254.7 K
Mair 28.964 h2o o3  (28.9631)
lineshape Gross ch4 co co2 n2o o2_uncoupled o3
lineshape VVW_coupled o2_coupled
lineshape VVH_750 h2o_lines
column dry_air hydrostatic (0.999917)  (1.06003e+24 cm^-2)
! Warning: Column included 4912 unresolved lines.
column h2o hydrostatic 6.86e-05  (7.27243e+19 cm^-2)  (* 1.20200)
! Warning: Column included 484 unresolved lines.
column o3 hydrostatic 4.38e-08  (4.64333e+16 cm^-2)
! Warning: Column included 26730 unresolved lines.

layer troposphere
# P 425 mbar
# T 257.891 K
# dP 50 mbar
Pbase 450 mbar
Tbase 260.9 K
Mair 28.964 h2o o3  (28.9622)
lineshape Gross ch4 co co2 n2o o2_uncoupled o3
lineshape VVW_coupled o2_coupled
lineshape VVH_750 h2o_lines
column dry_air hydrostatic (0.999836)  (1.05998e+24 cm^-2)
! Warning: Column included 4251 unresolved lines.
column h2o hydrostatic 0.000136  (1.44181e+20 cm^-2)  (* 1.20200)
! Warning: Column included 393 unresolved lines.
column o3 hydrostatic 4.41e-08  (4.67527e+16 cm^-2)
! Warning: Column included 12873 unresolved lines.

layer troposphere
# P 475 mbar
# T 263.671 K
# dP 50 mbar
Pbase 500 mbar
Tbase 266.3 K
Mair 28.964 h2o o3  (28.9606)
lineshape Gross ch4 co co2 n2o o2_uncoupled o3
lineshape VVW_coupled o2_coupled
lineshape VVH_750 h2o_lines
column dry_air hydrostatic (0.99969)  (1.05988e+24 cm^-2)
! Warning: Column included 3482 unresolved lines.
column h2o hydrostatic 0.000258  (2.73535e+20 cm^-2)  (* 1.20200)
! Warning: Column included 315 unresolved lines.
column o3 hydrostatic 4.36e-08  (4.62252e+16 cm^-2)

layer troposphere
# P 521 mbar
# T 268.187 K
# dP 42 mbar
Pbase 542 mbar (observing level)
Tbase 270 K
Mair 28.964 h2o o3  (28.9573)
lineshape Gross ch4 co co2 n2o o2_uncoupled o3
lineshape VVW_coupled o2_coupled
lineshape VVH_750 h2o_lines
column dry_air hydrostatic (0.999389)  (8.90135e+23 cm^-2)
! Warning: Column included 3079 unresolved lines.
column h2o hydrostatic 0.000508  (4.52465e+20 cm^-2)  (* 1.20200)
! Warning: Column included 260 unresolved lines.
column o3 hydrostatic 4.26e-08  (3.79429e+16 cm^-2)

#
# column densities [cm^-2], including scale factors
#
#                           zenith             line-of-sight     
# mesosphere (5 layers):
#                  dry_air  1.484112e+22       1.713705e+22      
#                      h2o  9.718894e+16       1.122241e+17      
#                            (0.029075 um_pwv)  (0.0335729 um_pwv)
#                       o3  2.677784e+16       3.092039e+16      
#                            (0.996644 DU)      (1.15083 DU)      
#
# stratosphere (12 layers):
#                  dry_air  1.469267e+24       1.696564e+24      
#                      h2o  6.602387e+18       7.623780e+18      
#                            (1.97517 um_pwv)   (2.28073 um_pwv)  
#                       o3  5.984689e+18       6.910524e+18      
#                            (222.744 DU)       (257.203 DU)      
#
# troposphere (10 layers):
#                  dry_air  1.000640e+25       1.155439e+25      
#                      h2o  1.333653e+21       1.539969e+21      
#                            (398.975 um_pwv)   (460.696 um_pwv)  
#                       o3  6.742209e+17       7.785232e+17      
#                            (25.0938 DU)       (28.9759 DU)      
#
# total (27 layers):
#                  dry_air  1.149050e+25       1.326809e+25      
#                      h2o  1.340352e+21       1.547705e+21      
#                            (400.979 um_pwv)   (463.011 um_pwv)  
#                       o3  6.685688e+18       7.719968e+18      
#                            (248.835 DU)       (287.329 DU)      
#

! Warning: Encountered in-band lines narrower than the frequency
!          grid spacing.  The output configuration data includes
!          the unresolved line count after each column definition
!          for which this occurred.  Count: 211

# am version 14.0 (build date Sep 30 2024 09:36:11)

# run time 0.098 s
# dcache hit: 270  miss: 0  discard: 0

f 10 GHz  1000 GHz  1000 MHz
output text  f GHz  Tb K  tau dB

tol 0.0001
selfbroad_vmr_tol 0.003

geometry plane-parallel
refract none
za 30 deg
PTmode Pbase Tbase

g 980.665 cm*s^-2
dg_dz 0 s^-2

Nscale troposphere h2o 1.5025

T0 2.7 K

layer mesosphere
# P 0.1 mbar
# T 215.7 K
# dP 0.1 mbar
Pbase 0.1 mbar
Tbase 215.7 K
Mair 28.964 h2o o3  (28.964)
lineshape Voigt-Kielkopf ch4 co co2 h2o_lines n2o o2_coupled o2_uncoupled o3
column dry_air hydrostatic (0.999992)  (2.12016e+21 cm^-2)
! Warning: Column included 5264 unresolved lines.
column h2o hydrostatic 6.22e-06  (1.31875e+16 cm^-2)
! Warning: Column included 838 unresolved lines.
column o3 hydrostatic 1.78e-06  (3.77392e+15 cm^-2)
! Warning: Column included 33099 unresolved lines.

layer mesosphere
# P 0.2 mbar
# T 229.707 K
# dP 0.2 mbar
Pbase 0.3 mbar
Tbase 237.9 K
Mair 28.964 h2o o3  (28.964)
lineshape Voigt-Kielkopf ch4 co co2 h2o_lines n2o o2_coupled o2_uncoupled o3
column dry_air hydrostatic (0.999992)  (4.24032e+21 cm^-2)
! Warning: Column included 5264 unresolved lines.
column h2o hydrostatic 6.47e-06  (2.74351e+16 cm^-2)
! Warning: Column included 838 unresolved lines.
column o3 hydrostatic 1.66e-06  (7.03899e+15 cm^-2)
! Warning: Column included 33099 unresolved lines.

layer mesosphere
# P 0.35 mbar
# T 241.276 K
# dP 0.1 mbar
Pbase 0.4 mbar
Tbase 244.2 K
Mair 28.964 h2o o3  (28.964)
lineshape Voigt-Kielkopf ch4 co co2 h2o_lines n2o o2_coupled o2_uncoupled o3
column dry_air hydrostatic (0.999992)  (2.12016e+21 cm^-2)
! Warning: Column included 5264 unresolved lines.
column h2o hydrostatic 6.72e-06  (1.42476e+16 cm^-2)
! Warning: Column included 838 unresolved lines.
column o3 hydrostatic 1.61e-06  (3.41349e+15 cm^-2)
! Warning: Column included 33099 unresolved lines.

layer mesosphere
# P 0.45 mbar
# T 247.209 K
# dP 0.1 mbar
Pbase 0.5 mbar
Tbase 249.9 K
Mair 28.964 h2o o3  (28.964)
lineshape Voigt-Kielkopf ch4 co co2 h2o_lines n2o o2_coupled o2_uncoupled o3
column dry_air hydrostatic (0.999992)  (2.12016e+21 cm^-2)
! Warning: Column included 5264 unresolved lines.
column h2o hydrostatic 6.7e-06  (1.42052e+16 cm^-2)
! Warning: Column included 838 unresolved lines.
column o3 hydrostatic 1.78e-06  (3.77392e+15 cm^-2)
! Warning: Column included 33099 unresolved lines.

layer mesosphere
# P 0.6 mbar
# T 253.964 K
# dP 0.2 mbar
Pbase 0.7 mbar
Tbase 257.4 K
Mair 28.964 h2o o3  (28.964)
lineshape Voigt-Kielkopf ch4 co co2 h2o_lines n2o o2_coupled o2_uncoupled o3
column dry_air hydrostatic (0.999991)  (4.24032e+21 cm^-2)
! Warning: Column included 5264 unresolved lines.
column h2o hydrostatic 6.63e-06  (2.81136e+16 cm^-2)
! Warning: Column included 838 unresolved lines.
column o3 hydrostatic 2.07e-06  (8.77753e+15 cm^-2)
! Warning: Column included 33099 unresolved lines.

layer stratosphere
# P 0.85 mbar
# T 259.087 K
# dP 0.3 mbar
Pbase 1 mbar
Tbase 260.5 K
Mair 28.964 h2o o3  (28.964)
lineshape Voigt-Kielkopf ch4 co co2 h2o_lines n2o o2_coupled o2_uncoupled o3
column dry_air hydrostatic (0.999991)  (6.36047e+21 cm^-2)
! Warning: Column included 5264 unresolved lines.
column h2o hydrostatic 6.46e-06  (4.1089e+16 cm^-2)
! Warning: Column included 838 unresolved lines.
column o3 hydrostatic 2.58e-06  (1.64102e+16 cm^-2)
! Warning: Column included 33099 unresolved lines.

layer stratosphere
# P 1.5 mbar
# T 256.054 K
# dP 1 mbar
Pbase 2 mbar
Tbase 252.9 K
Mair 28.964 h2o o3  (28.964)
lineshape Gross ch4 co co2 n2o o2_uncoupled o3
lineshape VVW_coupled o2_coupled
lineshape VVH_750 h2o_lines
column dry_air hydrostatic (0.99999)  (2.12015e+22 cm^-2)
! Warning: Column included 5264 unresolved lines.
column h2o hydrostatic 6.09e-06  (1.29119e+17 cm^-2)
! Warning: Column included 838 unresolved lines.
column o3 hydrostatic 3.87e-06  (8.20508e+16 cm^-2)
! Warning: Column included 33099 unresolved lines.

layer stratosphere
# P 2.5 mbar
# T 248.827 K
# dP 1 mbar
Pbase 3 mbar
Tbase 245.5 K
Mair 28.964 h2o o3  (28.964)
lineshape Gross ch4 co co2 n2o o2_uncoupled o3
lineshape VVW_coupled o2_coupled
lineshape VVH_750 h2o_lines
column dry_air hydrostatic (0.999989)  (2.12015e+22 cm^-2)
! Warning: Column included 5264 unresolved lines.
column h2o hydrostatic 5.66e-06  (1.20002e+17 cm^-2)
! Warning: Column included 838 unresolved lines.
column o3 hydrostatic 5.7e-06  (1.2085e+17 cm^-2)
! Warning: Column included 33099 unresolved lines.

layer stratosphere
# P 3.5 mbar
# T 243.142 K
# dP 1 mbar
Pbase 4 mbar
Tbase 241.1 K
Mair 28.964 h2o o3  (28.9641)
lineshape Gross ch4 co co2 n2o o2_uncoupled o3
lineshape VVW_coupled o2_coupled
lineshape VVH_750 h2o_lines
column dry_air hydrostatic (0.999987)  (2.12014e+22 cm^-2)
! Warning: Column included 5264 unresolved lines.
column h2o hydrostatic 5.38e-06  (1.14065e+17 cm^-2)
! Warning: Column included 838 unresolved lines.
column o3 hydrostatic 7.19e-06  (1.5244e+17 cm^-2)
! Warning: Column included 33099 unresolved lines.

layer stratosphere
# P 4.5 mbar
# T 239.2 K
# dP 1 mbar
Pbase 5 mbar
Tbase 237.5 K
Mair 28.964 h2o o3  (28.9641)
lineshape Gross ch4 co co2 n2o o2_uncoupled o3
lineshape VVW_coupled o2_coupled
lineshape VVH_750 h2o_lines
column dry_air hydrostatic (0.999987)  (2.12014e+22 cm^-2)
! Warning: Column included 5264 unresolved lines.
column h2o hydrostatic 5.2e-06  (1.10249e+17 cm^-2)
! Warning: Column included 838 unresolved lines.
column o3 hydrostatic 8.18e-06  (1.7343e+17 cm^-2)
! Warning: Column included 33099 unresolved lines.

layer stratosphere
# P 6 mbar
# T 234.303 K
# dP 2 mbar
Pbase 7 mbar
Tbase 231.6 K
Mair 28.964 h2o o3  (28.9641)
lineshape Gross ch4 co co2 n2o o2_uncoupled o3
lineshape VVW_coupled o2_coupled
lineshape VVH_750 h2o_lines
column dry_air hydrostatic (0.999986)  (4.24027e+22 cm^-2)
! Warning: Column included 5264 unresolved lines.
column h2o hydrostatic 5.03e-06  (2.13289e+17 cm^-2)
! Warning: Column included 838 unresolved lines.
column o3 hydrostatic 8.88e-06  (3.76542e+17 cm^-2)
! Warning: Column included 33099 unresolved lines.

layer stratosphere
# P 8.5 mbar
# T 229.15 K
# dP 3 mbar
Pbase 10 mbar
Tbase 227.1 K
Mair 28.964 h2o o3  (28.9641)
lineshape Gross ch4 co co2 n2o o2_uncoupled o3
lineshape VVW_coupled o2_coupled
lineshape VVH_750 h2o_lines
column dry_air hydrostatic (0.999986)  (6.36041e+22 cm^-2)
! Warning: Column included 5264 unresolved lines.
column h2o hydrostatic 4.86e-06  (3.0912e+17 cm^-2)
! Warning: Column included 838 unresolved lines.
column o3 hydrostatic 9.2e-06  (5.85166e+17 cm^-2)
! Warning: Column included 33099 unresolved lines.

layer stratosphere
# P 15 mbar
# T 222.186 K
# dP 10 mbar
Pbase 20 mbar
Tbase 218.7 K
Mair 28.964 h2o o3  (28.9641)
lineshape Gross ch4 co co2 n2o o2_uncoupled o3
lineshape VVW_coupled o2_coupled
lineshape VVH_750 h2o_lines
column dry_air hydrostatic (0.999987)  (2.12014e+23 cm^-2)
! Warning: Column included 5264 unresolved lines.
column h2o hydrostatic 4.66e-06  (9.87998e+17 cm^-2)
! Warning: Column included 838 unresolved lines.
column o3 hydrostatic 7.99e-06  (1.69401e+18 cm^-2)
! Warning: Column included 33099 unresolved lines.

layer stratosphere
# P 25 mbar
# T 215.673 K
# dP 10 mbar
Pbase 30 mbar
Tbase 213.2 K
Mair 28.964 h2o o3  (28.9641)
lineshape Gross ch4 co co2 n2o o2_uncoupled o3
lineshape VVW_coupled o2_coupled
lineshape VVH_750 h2o_lines
column dry_air hydrostatic (0.99999)  (2.12015e+23 cm^-2)
! Warning: Column included 5264 unresolved lines.
column h2o hydrostatic 4.48e-06  (9.49837e+17 cm^-2)
! Warning: Column included 838 unresolved lines.
column o3 hydrostatic 5.53e-06  (1.17245e+18 cm^-2)
! Warning: Column included 33099 unresolved lines.

layer stratosphere
# P 35 mbar
# T 210.521 K
# dP 10 mbar
Pbase 40 mbar
Tbase 208.2 K
Mair 28.964 h2o o3  (28.964)
lineshape Gross ch4 co co2 n2o o2_uncoupled o3
lineshape VVW_coupled o2_coupled
lineshape VVH_750 h2o_lines
column dry_air hydrostatic (0.999992)  (2.12016e+23 cm^-2)
! Warning: Column included 5264 unresolved lines.
column h2o hydrostatic 4.4e-06  (9.32876e+17 cm^-2)
! Warning: Column included 838 unresolved lines.
column o3 hydrostatic 3.44e-06  (7.2934e+17 cm^-2)
! Warning: Column included 33099 unresolved lines.

layer stratosphere
# P 45 mbar
# T 205.455 K
# dP 10 mbar
Pbase 50 mbar
Tbase 203 K
Mair 28.964 h2o o3  (28.964)
lineshape Gross ch4 co co2 n2o o2_uncoupled o3
lineshape VVW_coupled o2_coupled
lineshape VVH_750 h2o_lines
column dry_air hydrostatic (0.999994)  (2.12016e+23 cm^-2)
! Warning: Column included 5264 unresolved lines.
column h2o hydrostatic 4.35e-06  (9.22276e+17 cm^-2)
! Warning: Column included 838 unresolved lines.
column o3 hydrostatic 2.08e-06  (4.40997e+17 cm^-2)
! Warning: Column included 33099 unresolved lines.

layer stratosphere
# P 60 mbar
# T 197.581 K
# dP 20 mbar
Pbase 70 mbar
Tbase 193 K
Mair 28.964 h2o o3  (28.964)
lineshape Gross ch4 co co2 n2o o2_uncoupled o3
lineshape VVW_coupled o2_coupled
lineshape VVH_750 h2o_lines
column dry_air hydrostatic (0.999995)  (4.24033e+23 cm^-2)
! Warning: Column included 5264 unresolved lines.
column h2o hydrostatic 4.18e-06  (1.77247e+18 cm^-2)
! Warning: Column included 838 unresolved lines.
column o3 hydrostatic 1.04e-06  (4.40997e+17 cm^-2)
! Warning: Column included 33099 unresolved lines.

layer troposphere
# P 85 mbar
# T 192.347 K
# dP 30 mbar
Pbase 100 mbar
Tbase 191.8 K
Mair 28.964 h2o o3  (28.964)
lineshape Gross ch4 co co2 n2o o2_uncoupled o3
lineshape VVW_coupled o2_coupled
lineshape VVH_750 h2o_lines
column dry_air hydrostatic (0.999995)  (6.3605e+23 cm^-2)
! Warning: Column included 5264 unresolved lines.
column h2o hydrostatic 3.41e-06  (2.16894e+18 cm^-2)  (* 1.50250)
! Warning: Column included 838 unresolved lines.
column o3 hydrostatic 3.23e-07  (2.05445e+17 cm^-2)
! Warning: Column included 33099 unresolved lines.

layer troposphere
# P 125 mbar
# T 198.899 K
# dP 50 mbar
Pbase 150 mbar
Tbase 204.7 K
Mair 28.964 h2o o3  (28.9639)
lineshape Gross ch4 co co2 n2o o2_uncoupled o3
lineshape VVW_coupled o2_coupled
lineshape VVH_750 h2o_lines
column dry_air hydrostatic (0.999991)  (1.06008e+24 cm^-2)
! Warning: Column included 5264 unresolved lines.
column h2o hydrostatic 5.73e-06  (6.07432e+18 cm^-2)  (* 1.50250)
! Warning: Column included 838 unresolved lines.
column o3 hydrostatic 9.5e-08  (1.00709e+17 cm^-2)
! Warning: Column included 33099 unresolved lines.

layer troposphere
# P 175 mbar
# T 212.041 K
# dP 50 mbar
Pbase 200 mbar
Tbase 218.4 K
Mair 28.964 h2o o3  (28.9637)
lineshape Gross ch4 co co2 n2o o2_uncoupled o3
lineshape VVW_coupled o2_coupled
lineshape VVH_750 h2o_lines
column dry_air hydrostatic (0.999973)  (1.06007e+24 cm^-2)
! Warning: Column included 5264 unresolved lines.
column h2o hydrostatic 1.8e-05  (1.90818e+19 cm^-2)  (* 1.50250)
! Warning: Column included 838 unresolved lines.
column o3 hydrostatic 5.11e-08  (5.4171e+16 cm^-2)
! Warning: Column included 33099 unresolved lines.

layer troposphere
# P 225 mbar
# T 224.47 K
# dP 50 mbar
Pbase 250 mbar
Tbase 229.9 K
Mair 28.964 h2o o3  (28.9634)
lineshape Gross ch4 co co2 n2o o2_uncoupled o3
lineshape VVW_coupled o2_coupled
lineshape VVH_750 h2o_lines
column dry_air hydrostatic (0.999945)  (1.06005e+24 cm^-2)
! Warning: Column included 5264 unresolved lines.
column h2o hydrostatic 3.66e-05  (3.88e+19 cm^-2)  (* 1.50250)
! Warning: Column included 838 unresolved lines.
column o3 hydrostatic 4.31e-08  (4.56907e+16 cm^-2)
! Warning: Column included 33099 unresolved lines.

layer troposphere
# P 275 mbar
# T 234.918 K
# dP 50 mbar
Pbase 300 mbar
Tbase 239.5 K
Mair 28.964 h2o o3  (28.9632)
lineshape Gross ch4 co co2 n2o o2_uncoupled o3
lineshape VVW_coupled o2_coupled
lineshape VVH_750 h2o_lines
column dry_air hydrostatic (0.99993)  (1.06004e+24 cm^-2)
! Warning: Column included 5264 unresolved lines.
column h2o hydrostatic 4.65e-05  (4.92954e+19 cm^-2)  (* 1.50250)
! Warning: Column included 829 unresolved lines.
column o3 hydrostatic 4.26e-08  (4.51609e+16 cm^-2)
! Warning: Column included 33099 unresolved lines.

layer troposphere
# P 325 mbar
# T 243.758 K
# dP 50 mbar
Pbase 350 mbar
Tbase 247.7 K
Mair 28.964 h2o o3  (28.9632)
lineshape Gross ch4 co co2 n2o o2_uncoupled o3
lineshape VVW_coupled o2_coupled
lineshape VVH_750 h2o_lines
column dry_air hydrostatic (0.999927)  (1.06004e+24 cm^-2)
! Warning: Column included 5219 unresolved lines.
column h2o hydrostatic 4.83e-05  (5.12036e+19 cm^-2)  (* 1.50250)
! Warning: Column included 658 unresolved lines.
column o3 hydrostatic 4.31e-08  (4.5691e+16 cm^-2)
! Warning: Column included 33030 unresolved lines.

layer troposphere
# P 375 mbar
# T 251.317 K
# dP 50 mbar
Pbase 400 mbar
Tbase 254.7 K
Mair 28.964 h2o o3  (28.9629)
lineshape Gross ch4 co co2 n2o o2_uncoupled o3
lineshape VVW_coupled o2_coupled
lineshape VVH_750 h2o_lines
column dry_air hydrostatic (0.999897)  (1.06002e+24 cm^-2)
! Warning: Column included 4912 unresolved lines.
column h2o hydrostatic 6.86e-05  (7.27248e+19 cm^-2)  (* 1.50250)
! Warning: Column included 484 unresolved lines.
column o3 hydrostatic 4.38e-08  (4.64336e+16 cm^-2)
! Warning: Column included 26730 unresolved lines.

layer troposphere
# P 425 mbar
# T 257.891 K
# dP 50 mbar
Pbase 450 mbar
Tbase 260.9 K
Mair 28.964 h2o o3  (28.9618)
lineshape Gross ch4 co co2 n2o o2_uncoupled o3
lineshape VVW_coupled o2_coupled
lineshape VVH_750 h2o_lines
column dry_air hydrostatic (0.999796)  (1.05995e+24 cm^-2)
! Warning: Column included 4251 unresolved lines.
column h2o hydrostatic 0.000136  (1.44183e+20 cm^-2)  (* 1.50250)
! Warning: Column included 393 unresolved lines.
column o3 hydrostatic 4.41e-08  (4.67535e+16 cm^-2)
! Warning: Column included 12873 unresolved lines.

layer troposphere
# P 475 mbar
# T 263.671 K
# dP 50 mbar
Pbase 500 mbar
Tbase 266.3 K
Mair 28.964 h2o o3  (28.9598)
lineshape Gross ch4 co co2 n2o o2_uncoupled o3
lineshape VVW_coupled o2_coupled
lineshape VVH_750 h2o_lines
column dry_air hydrostatic (0.999612)  (1.05983e+24 cm^-2)
! Warning: Column included 3482 unresolved lines.
column h2o hydrostatic 0.000258  (2.73543e+20 cm^-2)  (* 1.50250)
! Warning: Column included 315 unresolved lines.
column o3 hydrostatic 4.36e-08  (4.62266e+16 cm^-2)

layer troposphere
# P 521 mbar
# T 268.187 K
# dP 42 mbar
Pbase 542 mbar (observing level)
Tbase 270 K
Mair 28.964 h2o o3  (28.9556)
lineshape Gross ch4 co co2 n2o o2_uncoupled o3
lineshape VVW_coupled o2_coupled
lineshape VVH_750 h2o_lines
column dry_air hydrostatic (0.999237)  (8.90051e+23 cm^-2)
! Warning: Column included 3079 unresolved lines.
column h2o hydrostatic 0.000508  (4.52491e+20 cm^-2)  (* 1.50250)
! Warning: Column included 260 unresolved lines.
column o3 hydrostatic 4.26e-08  (3.79451e+16 cm^-2)

#
# column densities [cm^-2], including scale factors
#
#                           zenith             line-of-sight     
# mesosphere (5 layers):
#                  dry_air  1.484112e+22       1.713705e+22      
#                      h2o  9.718894e+16       1.122241e+17      
#                            (0.029075 um_pwv)  (0.0335729 um_pwv)
#                       o3  2.677784e+16       3.092039e+16      
#                            (0.996644 DU)      (1.15083 DU)      
#
# stratosphere (12 layers):
#                  dry_air  1.469267e+24       1.696564e+24      
#                      h2o  6.602387e+18       7.623780e+18      
#                            (1.97517 um_pwv)   (2.28073 um_pwv)  
#                       o3  5.984689e+18       6.910524e+18      
#                            (222.744 DU)       (257.203 DU)      
#
# troposphere (10 layers):
#                  dry_air  1.000619e+25       1.155415e+25      
#                      h2o  1.667122e+21       1.925027e+21      
#                            (498.735 um_pwv)   (575.89 um_pwv)   
#                       o3  6.742264e+17       7.785296e+17      
#                            (25.094 DU)        (28.9761 DU)      
#
# total (27 layers):
#                  dry_air  1.149030e+25       1.326785e+25      
#                      h2o  1.673822e+21       1.932763e+21      
#                            (500.739 um_pwv)   (578.204 um_pwv)  
#                       o3  6.685694e+18       7.719974e+18      
#                            (248.835 DU)       (287.33 DU)       
#

! Warning: Encountered in-band lines narrower than the frequency
!          grid spacing.  The output configuration data includes
!          the unresolved line count after each column definition
!          for which this occurred.  Count: 211

# am version 14.0 (build date Sep 30 2024 09:36:11)

# run time 0.103 s
# dcache hit: 270  miss: 0  discard: 0

f 10 GHz  1000 GHz  1000 MHz
output text  f GHz  Tb K  tau dB

tol 0.0001
selfbroad_vmr_tol 0.003

geometry plane-parallel
refract none
za 30 deg
PTmode Pbase Tbase

g 980.665 cm*s^-2
dg_dz 0 s^-2

Nscale troposphere h2o 1.803

T0 2.7 K

layer mesosphere
# P 0.1 mbar
# T 215.7 K
# dP 0.1 mbar
Pbase 0.1 mbar
Tbase 215.7 K
Mair 28.964 h2o o3  (28.964)
lineshape Voigt-Kielkopf ch4 co co2 h2o_lines n2o o2_coupled o2_uncoupled o3
column dry_air hydrostatic (0.999992)  (2.12016e+21 cm^-2)
! Warning: Column included 5264 unresolved lines.
column h2o hydrostatic 6.22e-06  (1.31875e+16 cm^-2)
! Warning: Column included 838 unresolved lines.
column o3 hydrostatic 1.78e-06  (3.77392e+15 cm^-2)
! Warning: Column included 33099 unresolved lines.

layer mesosphere
# P 0.2 mbar
# T 229.707 K
# dP 0.2 mbar
Pbase 0.3 mbar
Tbase 237.9 K
Mair 28.964 h2o o3  (28.964)
lineshape Voigt-Kielkopf ch4 co co2 h2o_lines n2o o2_coupled o2_uncoupled o3
column dry_air hydrostatic (0.999992)  (4.24032e+21 cm^-2)
! Warning: Column included 5264 unresolved lines.
column h2o hydrostatic 6.47e-06  (2.74351e+16 cm^-2)
! Warning: Column included 838 unresolved lines.
column o3 hydrostatic 1.66e-06  (7.03899e+15 cm^-2)
! Warning: Column included 33099 unresolved lines.

layer mesosphere
# P 0.35 mbar
# T 241.276 K
# dP 0.1 mbar
Pbase 0.4 mbar
Tbase 244.2 K
Mair 28.964 h2o o3  (28.964)
lineshape Voigt-Kielkopf ch4 co co2 h2o_lines n2o o2_coupled o2_uncoupled o3
column dry_air hydrostatic (0.999992)  (2.12016e+21 cm^-2)
! Warning: Column included 5264 unresolved lines.
column h2o hydrostatic 6.72e-06  (1.42476e+16 cm^-2)
! Warning: Column included 838 unresolved lines.
column o3 hydrostatic 1.61e-06  (3.41349e+15 cm^-2)
! Warning: Column included 33099 unresolved lines.

layer mesosphere
# P 0.45 mbar
# T 247.209 K
# dP 0.1 mbar
Pbase 0.5 mbar
Tbase 249.9 K
Mair 28.964 h2o o3  (28.964)
lineshape Voigt-Kielkopf ch4 co co2 h2o_lines n2o o2_coupled o2_uncoupled o3
column dry_air hydrostatic (0.999992)  (2.12016e+21 cm^-2)
! Warning: Column included 5264 unresolved lines.
column h2o hydrostatic 6.7e-06  (1.42052e+16 cm^-2)
! Warning: Column included 838 unresolved lines.
column o3 hydrostatic 1.78e-06  (3.77392e+15 cm^-2)
! Warning: Column included 33099 unresolved lines.

layer mesosphere
# P 0.6 mbar
# T 253.964 K
# dP 0.2 mbar
Pbase 0.7 mbar
Tbase 257.4 K
Mair 28.964 h2o o3  (28.964)
lineshape Voigt-Kielkopf ch4 co co2 h2o_lines n2o o2_coupled o2_uncoupled o3
column dry_air hydrostatic (0.999991)  (4.24032e+21 cm^-2)
! Warning: Column included 5264 unresolved lines.
column h2o hydrostatic 6.63e-06  (2.81136e+16 cm^-2)
! Warning: Column included 838 unresolved lines.
column o3 hydrostatic 2.07e-06  (8.77753e+15 cm^-2)
! Warning: Column included 33099 unresolved lines.

layer stratosphere
# P 0.85 mbar
# T 259.087 K
# dP 0.3 mbar
Pbase 1 mbar
Tbase 260.5 K
Mair 28.964 h2o o3  (28.964)
lineshape Voigt-Kielkopf ch4 co co2 h2o_lines n2o o2_coupled o2_uncoupled o3
column dry_air hydrostatic (0.999991)  (6.36047e+21 cm^-2)
! Warning: Column included 5264 unresolved lines.
column h2o hydrostatic 6.46e-06  (4.1089e+16 cm^-2)
! Warning: Column included 838 unresolved lines.
column o3 hydrostatic 2.58e-06  (1.64102e+16 cm^-2)
! Warning: Column included 33099 unresolved lines.

layer stratosphere
# P 1.5 mbar
# T 256.054 K
# dP 1 mbar
Pbase 2 mbar
Tbase 252.9 K
Mair 28.964 h2o o3  (28.964)
lineshape Gross ch4 co co2 n2o o2_uncoupled o3
lineshape VVW_coupled o2_coupled
lineshape VVH_750 h2o_lines
column dry_air hydrostatic (0.99999)  (2.12015e+22 cm^-2)
! Warning: Column included 5264 unresolved lines.
column h2o hydrostatic 6.09e-06  (1.29119e+17 cm^-2)
! Warning: Column included 838 unresolved lines.
column o3 hydrostatic 3.87e-06  (8.20508e+16 cm^-2)
! Warning: Column included 33099 unresolved lines.

layer stratosphere
# P 2.5 mbar
# T 248.827 K
# dP 1 mbar
Pbase 3 mbar
Tbase 245.5 K
Mair 28.964 h2o o3  (28.964)
lineshape Gross ch4 co co2 n2o o2_uncoupled o3
lineshape VVW_coupled o2_coupled
lineshape VVH_750 h2o_lines
column dry_air hydrostatic (0.999989)  (2.12015e+22 cm^-2)
! Warning: Column included 5264 unresolved lines.
column h2o hydrostatic 5.66e-06  (1.20002e+17 cm^-2)
! Warning: Column included 838 unresolved lines.
column o3 hydrostatic 5.7e-06  (1.2085e+17 cm^-2)
! Warning: Column included 33099 unresolved lines.

layer stratosphere
# P 3.5 mbar
# T 243.142 K
# dP 1 mbar
Pbase 4 mbar
Tbase 241.1 K
Mair 28.964 h2o o3  (28.9641)
lineshape Gross ch4 co co2 n2o o2_uncoupled o3
lineshape VVW_coupled o2_coupled
lineshape VVH_750 h2o_lines
column dry_air hydrostatic (0.999987)  (2.12014e+22 cm^-2)
! Warning: Column included 5264 unresolved lines.
column h2o hydrostatic 5.38e-06  (1.14065e+17 cm^-2)
! Warning: Column included 838 unresolved lines.
column o3 hydrostatic 7.19e-06  (1.5244e+17 cm^-2)
! Warning: Column included 33099 unresolved lines.

layer stratosphere
# P 4.5 mbar
# T 239.2 K
# dP 1 mbar
Pbase 5 mbar
Tbase 237.5 K
Mair 28.964 h2o o3  (28.9641)
lineshape Gross ch4 co co2 n2o o2_uncoupled o3
lineshape VVW_coupled o2_coupled
lineshape VVH_750 h2o_lines
column dry_air hydrostatic (0.999987)  (2.12014e+22 cm^-2)
! Warning: Column included 5264 unresolved lines.
column h2o hydrostatic 5.2e-06  (1.10249e+17 cm^-2)
! Warning: Column included 838 unresolved lines.
column o3 hydrostatic 8.18e-06  (1.7343e+17 cm^-2)
! Warning: Column included 33099 unresolved lines.

layer stratosphere
# P 6 mbar
# T 234.303 K
# dP 2 mbar
Pbase 7 mbar
Tbase 231.6 K
Mair 28.964 h2o o3  (28.9641)
lineshape Gross ch4 co co2 n2o o2_uncoupled o3
lineshape VVW_coupled o2_coupled
lineshape VVH_750 h2o_lines
column dry_air hydrostatic (0.999986)  (4.24027e+22 cm^-2)
! Warning: Column included 5264 unresolved lines.
column h2o hydrostatic 5.03e-06  (2.13289e+17 cm^-2)
! Warning: Column included 838 unresolved lines.
column o3 hydrostatic 8.88e-06  (3.76542e+17 cm^-2)
! Warning: Column included 33099 unresolved lines.

layer stratosphere
# P 8.5 mbar
# T 229.15 K
# dP 3 mbar
Pbase 10 mbar
Tbase 227.1 K
Mair 28.964 h2o o3  (28.9641)
lineshape Gross ch4 co co2 n2o o2_uncoupled o3
lineshape VVW_coupled o2_coupled
lineshape VVH_750 h2o_lines
column dry_air hydrostatic (0.999986)  (6.36041e+22 cm^-2)
! Warning: Column included 5264 unresolved lines.
column h2o hydrostatic 4.86e-06  (3.0912e+17 cm^-2)
! Warning: Column included 838 unresolved lines.
column o3 hydrostatic 9.2e-06  (5.85166e+17 cm^-2)
! Warning: Column included 33099 unresolved lines.

layer stratosphere
# P 15 mbar
# T 222.186 K
# dP 10 mbar
Pbase 20 mbar
Tbase 218.7 K
Mair 28.964 h2o o3  (28.9641)
lineshape Gross ch4 co co2 n2o o2_uncoupled o3
lineshape VVW_coupled o2_coupled
lineshape VVH_750 h2o_lines
column dry_air hydrostatic (0.999987)  (2.12014e+23 cm^-2)
! Warning: Column included 5264 unresolved lines.
column h2o hydrostatic 4.66e-06  (9.87998e+17 cm^-2)
! Warning: Column included 838 unresolved lines.
column o3 hydrostatic 7.99e-06  (1.69401e+18 cm^-2)
! Warning: Column included 33099 unresolved lines.

layer stratosphere
# P 25 mbar
# T 215.673 K
# dP 10 mbar
Pbase 30 mbar
Tbase 213.2 K
Mair 28.964 h2o o3  (28.9641)
lineshape Gross ch4 co co2 n2o o2_uncoupled o3
lineshape VVW_coupled o2_coupled
lineshape VVH_750 h2o_lines
column dry_air hydrostatic (0.99999)  (2.12015e+23 cm^-2)
! Warning: Column included 5264 unresolved lines.
column h2o hydrostatic 4.48e-06  (9.49837e+17 cm^-2)
! Warning: Column included 838 unresolved lines.
column o3 hydrostatic 5.53e-06  (1.17245e+18 cm^-2)
! Warning: Column included 33099 unresolved lines.

layer stratosphere
# P 35 mbar
# T 210.521 K
# dP 10 mbar
Pbase 40 mbar
Tbase 208.2 K
Mair 28.964 h2o o3  (28.964)
lineshape Gross ch4 co co2 n2o o2_uncoupled o3
lineshape VVW_coupled o2_coupled
lineshape VVH_750 h2o_lines
column dry_air hydrostatic (0.999992)  (2.12016e+23 cm^-2)
! Warning: Column included 5264 unresolved lines.
column h2o hydrostatic 4.4e-06  (9.32876e+17 cm^-2)
! Warning: Column included 838 unresolved lines.
column o3 hydrostatic 3.44e-06  (7.2934e+17 cm^-2)
! Warning: Column included 33099 unresolved lines.

layer stratosphere
# P 45 mbar
# T 205.455 K
# dP 10 mbar
Pbase 50 mbar
Tbase 203 K
Mair 28.964 h2o o3  (28.964)
lineshape Gross ch4 co co2 n2o o2_uncoupled o3
lineshape VVW_coupled o2_coupled
lineshape VVH_750 h2o_lines
column dry_air hydrostatic (0.999994)  (2.12016e+23 cm^-2)
! Warning: Column included 5264 unresolved lines.
column h2o hydrostatic 4.35e-06  (9.22276e+17 cm^-2)
! Warning: Column included 838 unresolved lines.
column o3 hydrostatic 2.08e-06  (4.40997e+17 cm^-2)
! Warning: Column included 33099 unresolved lines.

layer stratosphere
# P 60 mbar
# T 197.581 K
# dP 20 mbar
Pbase 70 mbar
Tbase 193 K
Mair 28.964 h2o o3  (28.964)
lineshape Gross ch4 co co2 n2o o2_uncoupled o3
lineshape VVW_coupled o2_coupled
lineshape VVH_750 h2o_lines
column dry_air hydrostatic (0.999995)  (4.24033e+23 cm^-2)
! Warning: Column included 5264 unresolved lines.
column h2o hydrostatic 4.18e-06  (1.77247e+18 cm^-2)
! Warning: Column included 838 unresolved lines.
column o3 hydrostatic 1.04e-06  (4.40997e+17 cm^-2)
! Warning: Column included 33099 unresolved lines.

layer troposphere
# P 85 mbar
# T 192.347 K
# dP 30 mbar
Pbase 100 mbar
Tbase 191.8 K
Mair 28.964 h2o o3  (28.9639)
lineshape Gross ch4 co co2 n2o o2_uncoupled o3
lineshape VVW_coupled o2_coupled
lineshape VVH_750 h2o_lines
column dry_air hydrostatic (0.999994)  (6.3605e+23 cm^-2)
! Warning: Column included 5264 unresolved lines.
column h2o hydrostatic 3.41e-06  (2.16894e+18 cm^-2)  (* 1.80300)
! Warning: Column included 838 unresolved lines.
column o3 hydrostatic 3.23e-07  (2.05445e+17 cm^-2)
! Warning: Column included 33099 unresolved lines.

layer troposphere
# P 125 mbar
# T 198.899 K
# dP 50 mbar
Pbase 150 mbar
Tbase 204.7 K
Mair 28.964 h2o o3  (28.9639)
lineshape Gross ch4 co co2 n2o o2_uncoupled o3
lineshape VVW_coupled o2_coupled
lineshape VVH_750 h2o_lines
column dry_air hydrostatic (0.99999)  (1.06008e+24 cm^-2)
! Warning: Column included 5264 unresolved lines.
column h2o hydrostatic 5.73e-06  (6.07432e+18 cm^-2)  (* 1.80300)
! Warning: Column included 838 unresolved lines.
column o3 hydrostatic 9.5e-08  (1.00709e+17 cm^-2)
! Warning: Column included 33099 unresolved lines.

layer troposphere
# P 175 mbar
# T 212.041 K
# dP 50 mbar
Pbase 200 mbar
Tbase 218.4 K
Mair 28.964 h2o o3  (28.9636)
lineshape Gross ch4 co co2 n2o o2_uncoupled o3
lineshape VVW_coupled o2_coupled
lineshape VVH_750 h2o_lines
column dry_air hydrostatic (0.999967)  (1.06007e+24 cm^-2)
! Warning: Column included 5264 unresolved lines.
column h2o hydrostatic 1.8e-05  (1.90818e+19 cm^-2)  (* 1.80300)
! Warning: Column included 838 unresolved lines.
column o3 hydrostatic 5.11e-08  (5.41711e+16 cm^-2)
! Warning: Column included 33099 unresolved lines.

layer troposphere
# P 225 mbar
# T 224.47 K
# dP 50 mbar
Pbase 250 mbar
Tbase 229.9 K
Mair 28.964 h2o o3  (28.9633)
lineshape Gross ch4 co co2 n2o o2_uncoupled o3
lineshape VVW_coupled o2_coupled
lineshape VVH_750 h2o_lines
column dry_air hydrostatic (0.999934)  (1.06004e+24 cm^-2)
! Warning: Column included 5264 unresolved lines.
column h2o hydrostatic 3.66e-05  (3.88002e+19 cm^-2)  (* 1.80300)
! Warning: Column included 838 unresolved lines.
column o3 hydrostatic 4.31e-08  (4.56909e+16 cm^-2)
! Warning: Column included 33099 unresolved lines.

layer troposphere
# P 275 mbar
# T 234.918 K
# dP 50 mbar
Pbase 300 mbar
Tbase 239.5 K
Mair 28.964 h2o o3  (28.9631)
lineshape Gross ch4 co co2 n2o o2_uncoupled o3
lineshape VVW_coupled o2_coupled
lineshape VVH_750 h2o_lines
column dry_air hydrostatic (0.999916)  (1.06003e+24 cm^-2)
! Warning: Column included 5264 unresolved lines.
column h2o hydrostatic 4.65e-05  (4.92956e+19 cm^-2)  (* 1.80300)
! Warning: Column included 829 unresolved lines.
column o3 hydrostatic 4.26e-08  (4.51612e+16 cm^-2)
! Warning: Column included 33099 unresolved lines.

layer troposphere
# P 325 mbar
# T 243.758 K
# dP 50 mbar
Pbase 350 mbar
Tbase 247.7 K
Mair 28.964 h2o o3  (28.963)
lineshape Gross ch4 co co2 n2o o2_uncoupled o3
lineshape VVW_coupled o2_coupled
lineshape VVH_750 h2o_lines
column dry_air hydrostatic (0.999913)  (1.06003e+24 cm^-2)
! Warning: Column included 5219 unresolved lines.
column h2o hydrostatic 4.83e-05  (5.12039e+19 cm^-2)  (* 1.80300)
! Warning: Column included 658 unresolved lines.
column o3 hydrostatic 4.31e-08  (4.56913e+16 cm^-2)
! Warning: Column included 33030 unresolved lines.

layer troposphere
# P 375 mbar
# T 251.317 K
# dP 50 mbar
Pbase 400 mbar
Tbase 254.7 K
Mair 28.964 h2o o3  (28.9626)
lineshape Gross ch4 co co2 n2o o2_uncoupled o3
lineshape VVW_coupled o2_coupled
lineshape VVH_750 h2o_lines
column dry_air hydrostatic (0.999876)  (1.06001e+24 cm^-2)
! Warning: Column included 4912 unresolved lines.
column h2o hydrostatic 6.86e-05  (7.27254e+19 cm^-2)  (* 1.80300)
! Warning: Column included 484 unresolved lines.
column o3 hydrostatic 4.38e-08  (4.6434e+16 cm^-2)
! Warning: Column included 26730 unresolved lines.

layer troposphere
# P 425 mbar
# T 257.891 K
# dP 50 mbar
Pbase 450 mbar
Tbase 260.9 K
Mair 28.964 h2o o3  (28.9613)
lineshape Gross ch4 co co2 n2o o2_uncoupled o3
lineshape VVW_coupled o2_coupled
lineshape VVH_750 h2o_lines
column dry_air hydrostatic (0.999755)  (1.05993e+24 cm^-2)
! Warning: Column included 4251 unresolved lines.
column h2o hydrostatic 0.000136  (1.44185e+20 cm^-2)  (* 1.80300)
! Warning: Column included 393 unresolved lines.
column o3 hydrostatic 4.41e-08  (4.67542e+16 cm^-2)
! Warning: Column included 12873 unresolved lines.

layer troposphere
# P 475 mbar
# T 263.671 K
# dP 50 mbar
Pbase 500 mbar
Tbase 266.3 K
Mair 28.964 h2o o3  (28.9589)
lineshape Gross ch4 co co2 n2o o2_uncoupled o3
lineshape VVW_coupled o2_coupled
lineshape VVH_750 h2o_lines
column dry_air hydrostatic (0.999535)  (1.05978e+24 cm^-2)
! Warning: Column included 3482 unresolved lines.
column h2o hydrostatic 0.000258  (2.73551e+20 cm^-2)  (* 1.80300)
! Warning: Column included 315 unresolved lines.
column o3 hydrostatic 4.36e-08  (4.62279e+16 cm^-2)

layer troposphere
# P 521 mbar
# T 268.187 K
# dP 42 mbar
Pbase 542 mbar (observing level)
Tbase 270 K
Mair 28.964 h2o o3  (28.954)
lineshape Gross ch4 co co2 n2o o2_uncoupled o3
lineshape VVW_coupled o2_coupled
lineshape VVH_750 h2o_lines
column dry_air hydrostatic (0.999084)  (8.89966e+23 cm^-2)
! Warning: Column included 3079 unresolved lines.
column h2o hydrostatic 0.000508  (4.52517e+20 cm^-2)  (* 1.80300)
! Warning: Column included 260 unresolved lines.
column o3 hydrostatic 4.26e-08  (3.79473e+16 cm^-2)

#
# column densities [cm^-2], including scale factors
#
#                           zenith             line-of-sight     
# mesosphere (5 layers):
#                  dry_air  1.484112e+22       1.713705e+22      
#                      h2o  9.718894e+16       1.122241e+17      
#                            (0.029075 um_pwv)  (0.0335729 um_pwv)
#                       o3  2.677784e+16       3.092039e+16      
#                            (0.996644 DU)      (1.15083 DU)      
#
# stratosphere (12 layers):
#                  dry_air  1.469267e+24       1.696564e+24      
#                      h2o  6.602387e+18       7.623780e+18      
#                            (1.97517 um_pwv)   (2.28073 um_pwv)  
#                       o3  5.984689e+18       6.910524e+18      
#                            (222.744 DU)       (257.203 DU)      
#
# troposphere (10 layers):
#                  dry_air  1.000598e+25       1.155391e+25      
#                      h2o  2.000615e+21       2.310111e+21      
#                            (598.503 um_pwv)   (691.091 um_pwv)  
#                       o3  6.742320e+17       7.785360e+17      
#                            (25.0942 DU)       (28.9763 DU)      
#
# total (27 layers):
#                  dry_air  1.149009e+25       1.326761e+25      
#                      h2o  2.007314e+21       2.317847e+21      
#                            (600.507 um_pwv)   (693.406 um_pwv)  
#                       o3  6.685699e+18       7.719980e+18      
#                            (248.835 DU)       (287.33 DU)       
#

! Warning: Encountered in-band lines narrower than the frequency
!          grid spacing.  The output configuration data includes
!          the unresolved line count after each column definition
!          for which this occurred.  Count: 211

# am version 14.0 (build date Sep 30 2024 09:36:11)

# run time 0.099 s
# dcache hit: 270  miss: 0  discard: 0

f 10 GHz  1000 GHz  1000 MHz
output text  f GHz  Tb K  tau dB

tol 0.0001
selfbroad_vmr_tol 0.003

geometry plane-parallel
refract none
za 30 deg
PTmode Pbase Tbase

g 980.665 cm*s^-2
dg_dz 0 s^-2

Nscale troposphere h2o 2.1035

T0 2.7 K

layer mesosphere
# P 0.1 mbar
# T 215.7 K
# dP 0.1 mbar
Pbase 0.1 mbar
Tbase 215.7 K
Mair 28.964 h2o o3  (28.964)
lineshape Voigt-Kielkopf ch4 co co2 h2o_lines n2o o2_coupled o2_uncoupled o3
column dry_air hydrostatic (0.999992)  (2.12016e+21 cm^-2)
! Warning: Column included 5264 unresolved lines.
column h2o hydrostatic 6.22e-06  (1.31875e+16 cm^-2)
! Warning: Column included 838 unresolved lines.
column o3 hydrostatic 1.78e-06  (3.77392e+15 cm^-2)
! Warning: Column included 33099 unresolved lines.

layer mesosphere
# P 0.2 mbar
# T 229.707 K
# dP 0.2 mbar
Pbase 0.3 mbar
Tbase 237.9 K
Mair 28.964 h2o o3  (28.964)
lineshape Voigt-Kielkopf ch4 co co2 h2o_lines n2o o2_coupled o2_uncoupled o3
column dry_air hydrostatic (0.999992)  (4.24032e+21 cm^-2)
! Warning: Column included 5264 unresolved lines.
column h2o hydrostatic 6.47e-06  (2.74351e+16 cm^-2)
! Warning: Column included 838 unresolved lines.
column o3 hydrostatic 1.66e-06  (7.03899e+15 cm^-2)
! Warning: Column included 33099 unresolved lines.

layer mesosphere
# P 0.35 mbar
# T 241.276 K
# dP 0.1 mbar
Pbase 0.4 mbar
Tbase 244.2 K
Mair 28.964 h2o o3  (28.964)
lineshape Voigt-Kielkopf ch4 co co2 h2o_lines n2o o2_coupled o2_uncoupled o3
column dry_air hydrostatic (0.999992)  (2.12016e+21 cm^-2)
! Warning: Column included 5264 unresolved lines.
column h2o hydrostatic 6.72e-06  (1.42476e+16 cm^-2)
! Warning: Column included 838 unresolved lines.
column o3 hydrostatic 1.61e-06  (3.41349e+15 cm^-2)
! Warning: Column included 33099 unresolved lines.

layer mesosphere
# P 0.45 mbar
# T 247.209 K
# dP 0.1 mbar
Pbase 0.5 mbar
Tbase 249.9 K
Mair 28.964 h2o o3  (28.964)
lineshape Voigt-Kielkopf ch4 co co2 h2o_lines n2o o2_coupled o2_uncoupled o3
column dry_air hydrostatic (0.999992)  (2.12016e+21 cm^-2)
! Warning: Column included 5264 unresolved lines.
column h2o hydrostatic 6.7e-06  (1.42052e+16 cm^-2)
! Warning: Column included 838 unresolved lines.
column o3 hydrostatic 1.78e-06  (3.77392e+15 cm^-2)
! Warning: Column included 33099 unresolved lines.

layer mesosphere
# P 0.6 mbar
# T 253.964 K
# dP 0.2 mbar
Pbase 0.7 mbar
Tbase 257.4 K
Mair 28.964 h2o o3  (28.964)
lineshape Voigt-Kielkopf ch4 co co2 h2o_lines n2o o2_coupled o2_uncoupled o3
column dry_air hydrostatic (0.999991)  (4.24032e+21 cm^-2)
! Warning: Column included 5264 unresolved lines.
column h2o hydrostatic 6.63e-06  (2.81136e+16 cm^-2)
! Warning: Column included 838 unresolved lines.
column o3 hydrostatic 2.07e-06  (8.77753e+15 cm^-2)
! Warning: Column included 33099 unresolved lines.

layer stratosphere
# P 0.85 mbar
# T 259.087 K
# dP 0.3 mbar
Pbase 1 mbar
Tbase 260.5 K
Mair 28.964 h2o o3  (28.964)
lineshape Voigt-Kielkopf ch4 co co2 h2o_lines n2o o2_coupled o2_uncoupled o3
column dry_air hydrostatic (0.999991)  (6.36047e+21 cm^-2)
! Warning: Column included 5264 unresolved lines.
column h2o hydrostatic 6.46e-06  (4.1089e+16 cm^-2)
! Warning: Column included 838 unresolved lines.
column o3 hydrostatic 2.58e-06  (1.64102e+16 cm^-2)
! Warning: Column included 33099 unresolved lines.

layer stratosphere
# P 1.5 mbar
# T 256.054 K
# dP 1 mbar
Pbase 2 mbar
Tbase 252.9 K
Mair 28.964 h2o o3  (28.964)
lineshape Gross ch4 co co2 n2o o2_uncoupled o3
lineshape VVW_coupled o2_coupled
lineshape VVH_750 h2o_lines
column dry_air hydrostatic (0.99999)  (2.12015e+22 cm^-2)
! Warning: Column included 5264 unresolved lines.
column h2o hydrostatic 6.09e-06  (1.29119e+17 cm^-2)
! Warning: Column included 838 unresolved lines.
column o3 hydrostatic 3.87e-06  (8.20508e+16 cm^-2)
! Warning: Column included 33099 unresolved lines.

layer stratosphere
# P 2.5 mbar
# T 248.827 K
# dP 1 mbar
Pbase 3 mbar
Tbase 245.5 K
Mair 28.964 h2o o3  (28.964)
lineshape Gross ch4 co co2 n2o o2_uncoupled o3
lineshape VVW_coupled o2_coupled
lineshape VVH_750 h2o_lines
column dry_air hydrostatic (0.999989)  (2.12015e+22 cm^-2)
! Warning: Column included 5264 unresolved lines.
column h2o hydrostatic 5.66e-06  (1.20002e+17 cm^-2)
! Warning: Column included 838 unresolved lines.
column o3 hydrostatic 5.7e-06  (1.2085e+17 cm^-2)
! Warning: Column included 33099 unresolved lines.

layer stratosphere
# P 3.5 mbar
# T 243.142 K
# dP 1 mbar
Pbase 4 mbar
Tbase 241.1 K
Mair 28.964 h2o o3  (28.9641)
lineshape Gross ch4 co co2 n2o o2_uncoupled o3
lineshape VVW_coupled o2_coupled
lineshape VVH_750 h2o_lines
column dry_air hydrostatic (0.999987)  (2.12014e+22 cm^-2)
! Warning: Column included 5264 unresolved lines.
column h2o hydrostatic 5.38e-06  (1.14065e+17 cm^-2)
! Warning: Column included 838 unresolved lines.
column o3 hydrostatic 7.19e-06  (1.5244e+17 cm^-2)
! Warning: Column included 33099 unresolved lines.

layer stratosphere
# P 4.5 mbar
# T 239.2 K
# dP 1 mbar
Pbase 5 mbar
Tbase 237.5 K
Mair 28.964 h2o o3  (28.9641)
lineshape Gross ch4 co co2 n2o o2_uncoupled o3
lineshape VVW_coupled o2_coupled
lineshape VVH_750 h2o_lines
column dry_air hydrostatic (0.999987)  (2.12014e+22 cm^-2)
! Warning: Column included 5264 unresolved lines.
column h2o hydrostatic 5.2e-06  (1.10249e+17 cm^-2)
! Warning: Column included 838 unresolved lines.
column o3 hydrostatic 8.18e-06  (1.7343e+17 cm^-2)
! Warning: Column included 33099 unresolved lines.

layer stratosphere
# P 6 mbar
# T 234.303 K
# dP 2 mbar
Pbase 7 mbar
Tbase 231.6 K
Mair 28.964 h2o o3  (28.9641)
lineshape Gross ch4 co co2 n2o o2_uncoupled o3
lineshape VVW_coupled o2_coupled
lineshape VVH_750 h2o_lines
column dry_air hydrostatic (0.999986)  (4.24027e+22 cm^-2)
! Warning: Column included 5264 unresolved lines.
column h2o hydrostatic 5.03e-06  (2.13289e+17 cm^-2)
! Warning: Column included 838 unresolved lines.
column o3 hydrostatic 8.88e-06  (3.76542e+17 cm^-2)
! Warning: Column included 33099 unresolved lines.

layer stratosphere
# P 8.5 mbar
# T 229.15 K
# dP 3 mbar
Pbase 10 mbar
Tbase 227.1 K
Mair 28.964 h2o o3  (28.9641)
lineshape Gross ch4 co co2 n2o o2_uncoupled o3
lineshape VVW_coupled o2_coupled
lineshape VVH_750 h2o_lines
column dry_air hydrostatic (0.999986)  (6.36041e+22 cm^-2)
! Warning: Column included 5264 unresolved lines.
column h2o hydrostatic 4.86e-06  (3.0912e+17 cm^-2)
! Warning: Column included 838 unresolved lines.
column o3 hydrostatic 9.2e-06  (5.85166e+17 cm^-2)
! Warning: Column included 33099 unresolved lines.

layer stratosphere
# P 15 mbar
# T 222.186 K
# dP 10 mbar
Pbase 20 mbar
Tbase 218.7 K
Mair 28.964 h2o o3  (28.9641)
lineshape Gross ch4 co co2 n2o o2_uncoupled o3
lineshape VVW_coupled o2_coupled
lineshape VVH_750 h2o_lines
column dry_air hydrostatic (0.999987)  (2.12014e+23 cm^-2)
! Warning: Column included 5264 unresolved lines.
column h2o hydrostatic 4.66e-06  (9.87998e+17 cm^-2)
! Warning: Column included 838 unresolved lines.
column o3 hydrostatic 7.99e-06  (1.69401e+18 cm^-2)
! Warning: Column included 33099 unresolved lines.

layer stratosphere
# P 25 mbar
# T 215.673 K
# dP 10 mbar
Pbase 30 mbar
Tbase 213.2 K
Mair 28.964 h2o o3  (28.9641)
lineshape Gross ch4 co co2 n2o o2_uncoupled o3
lineshape VVW_coupled o2_coupled
lineshape VVH_750 h2o_lines
column dry_air hydrostatic (0.99999)  (2.12015e+23 cm^-2)
! Warning: Column included 5264 unresolved lines.
column h2o hydrostatic 4.48e-06  (9.49837e+17 cm^-2)
! Warning: Column included 838 unresolved lines.
column o3 hydrostatic 5.53e-06  (1.17245e+18 cm^-2)
! Warning: Column included 33099 unresolved lines.

layer stratosphere
# P 35 mbar
# T 210.521 K
# dP 10 mbar
Pbase 40 mbar
Tbase 208.2 K
Mair 28.964 h2o o3  (28.964)
lineshape Gross ch4 co co2 n2o o2_uncoupled o3
lineshape VVW_coupled o2_coupled
lineshape VVH_750 h2o_lines
column dry_air hydrostatic (0.999992)  (2.12016e+23 cm^-2)
! Warning: Column included 5264 unresolved lines.
column h2o hydrostatic 4.4e-06  (9.32876e+17 cm^-2)
! Warning: Column included 838 unresolved lines.
column o3 hydrostatic 3.44e-06  (7.2934e+17 cm^-2)
! Warning: Column included 33099 unresolved lines.

layer stratosphere
# P 45 mbar
# T 205.455 K
# dP 10 mbar
Pbase 50 mbar
Tbase 203 K
Mair 28.964 h2o o3  (28.964)
lineshape Gross ch4 co co2 n2o o2_uncoupled o3
lineshape VVW_coupled o2_coupled
lineshape VVH_750 h2o_lines
column dry_air hydrostatic (0.999994)  (2.12016e+23 cm^-2)
! Warning: Column included 5264 unresolved lines.
column h2o hydrostatic 4.35e-06  (9.22276e+17 cm^-2)
! Warning: Column included 838 unresolved lines.
column o3 hydrostatic 2.08e-06  (4.40997e+17 cm^-2)
! Warning: Column included 33099 unresolved lines.

layer stratosphere
# P 60 mbar
# T 197.581 K
# dP 20 mbar
Pbase 70 mbar
Tbase 193 K
Mair 28.964 h2o o3  (28.964)
lineshape Gross ch4 co co2 n2o o2_uncoupled o3
lineshape VVW_coupled o2_coupled
lineshape VVH_750 h2o_lines
column dry_air hydrostatic (0.999995)  (4.24033e+23 cm^-2)
! Warning: Column included 5264 unresolved lines.
column h2o hydrostatic 4.18e-06  (1.77247e+18 cm^-2)
! Warning: Column included 838 unresolved lines.
column o3 hydrostatic 1.04e-06  (4.40997e+17 cm^-2)
! Warning: Column included 33099 unresolved lines.

layer troposphere
# P 85 mbar
# T 192.347 K
# dP 30 mbar
Pbase 100 mbar
Tbase 191.8 K
Mair 28.964 h2o o3  (28.9639)
lineshape Gross ch4 co co2 n2o o2_uncoupled o3
lineshape VVW_coupled o2_coupled
lineshape VVH_750 h2o_lines
column dry_air hydrostatic (0.999993)  (6.36049e+23 cm^-2)
! Warning: Column included 5264 unresolved lines.
column h2o hydrostatic 3.41e-06  (2.16894e+18 cm^-2)  (* 2.10350)
! Warning: Column included 838 unresolved lines.
column o3 hydrostatic 3.23e-07  (2.05445e+17 cm^-2)
! Warning: Column included 33099 unresolved lines.

layer troposphere
# P 125 mbar
# T 198.899 K
# dP 50 mbar
Pbase 150 mbar
Tbase 204.7 K
Mair 28.964 h2o o3  (28.9639)
lineshape Gross ch4 co co2 n2o o2_uncoupled o3
lineshape VVW_coupled o2_coupled
lineshape VVH_750 h2o_lines
column dry_air hydrostatic (0.999988)  (1.06008e+24 cm^-2)
! Warning: Column included 5264 unresolved lines.
column h2o hydrostatic 5.73e-06  (6.07433e+18 cm^-2)  (* 2.10350)
! Warning: Column included 838 unresolved lines.
column o3 hydrostatic 9.5e-08  (1.00709e+17 cm^-2)
! Warning: Column included 33099 unresolved lines.

layer troposphere
# P 175 mbar
# T 212.041 K
# dP 50 mbar
Pbase 200 mbar
Tbase 218.4 K
Mair 28.964 h2o o3  (28.9636)
lineshape Gross ch4 co co2 n2o o2_uncoupled o3
lineshape VVW_coupled o2_coupled
lineshape VVH_750 h2o_lines
column dry_air hydrostatic (0.999962)  (1.06006e+24 cm^-2)
! Warning: Column included 5264 unresolved lines.
column h2o hydrostatic 1.8e-05  (1.90818e+19 cm^-2)  (* 2.10350)
! Warning: Column included 838 unresolved lines.
column o3 hydrostatic 5.11e-08  (5.41712e+16 cm^-2)
! Warning: Column included 33099 unresolved lines.

layer troposphere
# P 225 mbar
# T 224.47 K
# dP 50 mbar
Pbase 250 mbar
Tbase 229.9 K
Mair 28.964 h2o o3  (28.9632)
lineshape Gross ch4 co co2 n2o o2_uncoupled o3
lineshape VVW_coupled o2_coupled
lineshape VVH_750 h2o_lines
column dry_air hydrostatic (0.999923)  (1.06004e+24 cm^-2)
! Warning: Column included 5264 unresolved lines.
column h2o hydrostatic 3.66e-05  (3.88003e+19 cm^-2)  (* 2.10350)
! Warning: Column included 838 unresolved lines.
column o3 hydrostatic 4.31e-08  (4.56911e+16 cm^-2)
! Warning: Column included 33099 unresolved lines.

layer troposphere
# P 275 mbar
# T 234.918 K
# dP 50 mbar
Pbase 300 mbar
Tbase 239.5 K
Mair 28.964 h2o o3  (28.9629)
lineshape Gross ch4 co co2 n2o o2_uncoupled o3
lineshape VVW_coupled o2_coupled
lineshape VVH_750 h2o_lines
column dry_air hydrostatic (0.999902)  (1.06002e+24 cm^-2)
! Warning: Column included 5264 unresolved lines.
column h2o hydrostatic 4.65e-05  (4.92959e+19 cm^-2)  (* 2.10350)
! Warning: Column included 829 unresolved lines.
column o3 hydrostatic 4.26e-08  (4.51614e+16 cm^-2)
! Warning: Column included 33099 unresolved lines.

layer troposphere
# P 325 mbar
# T 243.758 K
# dP 50 mbar
Pbase 350 mbar
Tbase 247.7 K
Mair 28.964 h2o o3  (28.9629)
lineshape Gross ch4 co co2 n2o o2_uncoupled o3
lineshape VVW_coupled o2_coupled
lineshape VVH_750 h2o_lines
column dry_air hydrostatic (0.999898)  (1.06002e+24 cm^-2)
! Warning: Column included 5219 unresolved lines.
column h2o hydrostatic 4.83e-05  (5.12042e+19 cm^-2)  (* 2.10350)
! Warning: Column included 658 unresolved lines.
column o3 hydrostatic 4.31e-08  (4.56915e+16 cm^-2)
! Warning: Column included 33030 unresolved lines.

layer troposphere
# P 375 mbar
# T 251.317 K
# dP 50 mbar
Pbase 400 mbar
Tbase 254.7 K
Mair 28.964 h2o o3  (28.9624)
lineshape Gross ch4 co co2 n2o o2_uncoupled o3
lineshape VVW_coupled o2_coupled
lineshape VVH_750 h2o_lines
column dry_air hydrostatic (0.999856)  (1.05999e+24 cm^-2)
! Warning: Column included 4912 unresolved lines.
column h2o hydrostatic 6.86e-05  (7.2726e+19 cm^-2)  (* 2.10350)
! Warning: Column included 484 unresolved lines.
column o3 hydrostatic 4.38e-08  (4.64344e+16 cm^-2)
! Warning: Column included 26730 unresolved lines.

layer troposphere
# P 425 mbar
# T 257.891 K
# dP 50 mbar
Pbase 450 mbar
Tbase 260.9 K
Mair 28.964 h2o o3  (28.9609)
lineshape Gross ch4 co co2 n2o o2_uncoupled o3
lineshape VVW_coupled o2_coupled
lineshape VVH_750 h2o_lines
column dry_air hydrostatic (0.999714)  (1.0599e+24 cm^-2)
! Warning: Column included 4251 unresolved lines.
column h2o hydrostatic 0.000136  (1.44187e+20 cm^-2)  (* 2.10350)
! Warning: Column included 393 unresolved lines.
column o3 hydrostatic 4.41e-08  (4.67549e+16 cm^-2)
! Warning: Column included 12873 unresolved lines.

layer troposphere
# P 475 mbar
# T 263.671 K
# dP 50 mbar
Pbase 500 mbar
Tbase 266.3 K
Mair 28.964 h2o o3  (28.9581)
lineshape Gross ch4 co co2 n2o o2_uncoupled o3
lineshape VVW_coupled o2_coupled
lineshape VVH_750 h2o_lines
column dry_air hydrostatic (0.999457)  (1.05973e+24 cm^-2)
! Warning: Column included 3482 unresolved lines.
column h2o hydrostatic 0.000258  (2.73559e+20 cm^-2)  (* 2.10350)
! Warning: Column included 315 unresolved lines.
column o3 hydrostatic 4.36e-08  (4.62293e+16 cm^-2)

layer troposphere
# P 521 mbar
# T 268.187 K
# dP 42 mbar
Pbase 542 mbar (observing level)
Tbase 270 K
Mair 28.964 h2o o3  (28.9523)
lineshape Gross ch4 co co2 n2o o2_uncoupled o3
lineshape VVW_coupled o2_coupled
lineshape VVH_750 h2o_lines
column dry_air hydrostatic (0.998931)  (8.89881e+23 cm^-2)
! Warning: Column included 3079 unresolved lines.
column h2o hydrostatic 0.000508  (4.52543e+20 cm^-2)  (* 2.10350)
! Warning: Column included 260 unresolved lines.
column o3 hydrostatic 4.26e-08  (3.79495e+16 cm^-2)

#
# column densities [cm^-2], including scale factors
#
#                           zenith             line-of-sight     
# mesosphere (5 layers):
#                  dry_air  1.484112e+22       1.713705e+22      
#                      h2o  9.718894e+16       1.122241e+17      
#                            (0.029075 um_pwv)  (0.0335729 um_pwv)
#                       o3  2.677784e+16       3.092039e+16      
#                            (0.996644 DU)      (1.15083 DU)      
#
# stratosphere (12 layers):
#                  dry_air  1.469267e+24       1.696564e+24      
#                      h2o  6.602387e+18       7.623780e+18      
#                            (1.97517 um_pwv)   (2.28073 um_pwv)  
#                       o3  5.984689e+18       6.910524e+18      
#                            (222.744 DU)       (257.203 DU)      
#
# troposphere (10 layers):
#                  dry_air  1.000577e+25       1.155367e+25      
#                      h2o  2.334130e+21       2.695221e+21      
#                            (698.277 um_pwv)   (806.301 um_pwv)  
#                       o3  6.742376e+17       7.785425e+17      
#                            (25.0944 DU)       (28.9766 DU)      
#
# total (27 layers):
#                  dry_air  1.148988e+25       1.326737e+25      
#                      h2o  2.340829e+21       2.702957e+21      
#                            (700.281 um_pwv)   (808.615 um_pwv)  
#                       o3  6.685705e+18       7.719987e+18      
#                            (248.835 DU)       (287.33 DU)       
#

! Warning: Encountered in-band lines narrower than the frequency
!          grid spacing.  The output configuration data includes
!          the unresolved line count after each column definition
!          for which this occurred.  Count: 211

# am version 14.0 (build date Sep 30 2024 09:36:11)

# run time 0.127 s
# dcache hit: 270  miss: 0  discard: 0

f 10 GHz  1000 GHz  1000 MHz
output text  f GHz  Tb K  tau dB

tol 0.0001
selfbroad_vmr_tol 0.003

geometry plane-parallel
refract none
za 30 deg
PTmode Pbase Tbase

g 980.665 cm*s^-2
dg_dz 0 s^-2

Nscale troposphere h2o 2.404

T0 2.7 K

layer mesosphere
# P 0.1 mbar
# T 215.7 K
# dP 0.1 mbar
Pbase 0.1 mbar
Tbase 215.7 K
Mair 28.964 h2o o3  (28.964)
lineshape Voigt-Kielkopf ch4 co co2 h2o_lines n2o o2_coupled o2_uncoupled o3
column dry_air hydrostatic (0.999992)  (2.12016e+21 cm^-2)
! Warning: Column included 5264 unresolved lines.
column h2o hydrostatic 6.22e-06  (1.31875e+16 cm^-2)
! Warning: Column included 838 unresolved lines.
column o3 hydrostatic 1.78e-06  (3.77392e+15 cm^-2)
! Warning: Column included 33099 unresolved lines.

layer mesosphere
# P 0.2 mbar
# T 229.707 K
# dP 0.2 mbar
Pbase 0.3 mbar
Tbase 237.9 K
Mair 28.964 h2o o3  (28.964)
lineshape Voigt-Kielkopf ch4 co co2 h2o_lines n2o o2_coupled o2_uncoupled o3
column dry_air hydrostatic (0.999992)  (4.24032e+21 cm^-2)
! Warning: Column included 5264 unresolved lines.
column h2o hydrostatic 6.47e-06  (2.74351e+16 cm^-2)
! Warning: Column included 838 unresolved lines.
column o3 hydrostatic 1.66e-06  (7.03899e+15 cm^-2)
! Warning: Column included 33099 unresolved lines.

layer mesosphere
# P 0.35 mbar
# T 241.276 K
# dP 0.1 mbar
Pbase 0.4 mbar
Tbase 244.2 K
Mair 28.964 h2o o3  (28.964)
lineshape Voigt-Kielkopf ch4 co co2 h2o_lines n2o o2_coupled o2_uncoupled o3
column dry_air hydrostatic (0.999992)  (2.12016e+21 cm^-2)
! Warning: Column included 5264 unresolved lines.
column h2o hydrostatic 6.72e-06  (1.42476e+16 cm^-2)
! Warning: Column included 838 unresolved lines.
column o3 hydrostatic 1.61e-06  (3.41349e+15 cm^-2)
! Warning: Column included 33099 unresolved lines.

layer mesosphere
# P 0.45 mbar
# T 247.209 K
# dP 0.1 mbar
Pbase 0.5 mbar
Tbase 249.9 K
Mair 28.964 h2o o3  (28.964)
lineshape Voigt-Kielkopf ch4 co co2 h2o_lines n2o o2_coupled o2_uncoupled o3
column dry_air hydrostatic (0.999992)  (2.12016e+21 cm^-2)
! Warning: Column included 5264 unresolved lines.
column h2o hydrostatic 6.7e-06  (1.42052e+16 cm^-2)
! Warning: Column included 838 unresolved lines.
column o3 hydrostatic 1.78e-06  (3.77392e+15 cm^-2)
! Warning: Column included 33099 unresolved lines.

layer mesosphere
# P 0.6 mbar
# T 253.964 K
# dP 0.2 mbar
Pbase 0.7 mbar
Tbase 257.4 K
Mair 28.964 h2o o3  (28.964)
lineshape Voigt-Kielkopf ch4 co co2 h2o_lines n2o o2_coupled o2_uncoupled o3
column dry_air hydrostatic (0.999991)  (4.24032e+21 cm^-2)
! Warning: Column included 5264 unresolved lines.
column h2o hydrostatic 6.63e-06  (2.81136e+16 cm^-2)
! Warning: Column included 838 unresolved lines.
column o3 hydrostatic 2.07e-06  (8.77753e+15 cm^-2)
! Warning: Column included 33099 unresolved lines.

layer stratosphere
# P 0.85 mbar
# T 259.087 K
# dP 0.3 mbar
Pbase 1 mbar
Tbase 260.5 K
Mair 28.964 h2o o3  (28.964)
lineshape Voigt-Kielkopf ch4 co co2 h2o_lines n2o o2_coupled o2_uncoupled o3
column dry_air hydrostatic (0.999991)  (6.36047e+21 cm^-2)
! Warning: Column included 5264 unresolved lines.
column h2o hydrostatic 6.46e-06  (4.1089e+16 cm^-2)
! Warning: Column included 838 unresolved lines.
column o3 hydrostatic 2.58e-06  (1.64102e+16 cm^-2)
! Warning: Column included 33099 unresolved lines.

layer stratosphere
# P 1.5 mbar
# T 256.054 K
# dP 1 mbar
Pbase 2 mbar
Tbase 252.9 K
Mair 28.964 h2o o3  (28.964)
lineshape Gross ch4 co co2 n2o o2_uncoupled o3
lineshape VVW_coupled o2_coupled
lineshape VVH_750 h2o_lines
column dry_air hydrostatic (0.99999)  (2.12015e+22 cm^-2)
! Warning: Column included 5264 unresolved lines.
column h2o hydrostatic 6.09e-06  (1.29119e+17 cm^-2)
! Warning: Column included 838 unresolved lines.
column o3 hydrostatic 3.87e-06  (8.20508e+16 cm^-2)
! Warning: Column included 33099 unresolved lines.

layer stratosphere
# P 2.5 mbar
# T 248.827 K
# dP 1 mbar
Pbase 3 mbar
Tbase 245.5 K
Mair 28.964 h2o o3  (28.964)
lineshape Gross ch4 co co2 n2o o2_uncoupled o3
lineshape VVW_coupled o2_coupled
lineshape VVH_750 h2o_lines
column dry_air hydrostatic (0.999989)  (2.12015e+22 cm^-2)
! Warning: Column included 5264 unresolved lines.
column h2o hydrostatic 5.66e-06  (1.20002e+17 cm^-2)
! Warning: Column included 838 unresolved lines.
column o3 hydrostatic 5.7e-06  (1.2085e+17 cm^-2)
! Warning: Column included 33099 unresolved lines.

layer stratosphere
# P 3.5 mbar
# T 243.142 K
# dP 1 mbar
Pbase 4 mbar
Tbase 241.1 K
Mair 28.964 h2o o3  (28.9641)
lineshape Gross ch4 co co2 n2o o2_uncoupled o3
lineshape VVW_coupled o2_coupled
lineshape VVH_750 h2o_lines
column dry_air hydrostatic (0.999987)  (2.12014e+22 cm^-2)
! Warning: Column included 5264 unresolved lines.
column h2o hydrostatic 5.38e-06  (1.14065e+17 cm^-2)
! Warning: Column included 838 unresolved lines.
column o3 hydrostatic 7.19e-06  (1.5244e+17 cm^-2)
! Warning: Column included 33099 unresolved lines.

layer stratosphere
# P 4.5 mbar
# T 239.2 K
# dP 1 mbar
Pbase 5 mbar
Tbase 237.5 K
Mair 28.964 h2o o3  (28.9641)
lineshape Gross ch4 co co2 n2o o2_uncoupled o3
lineshape VVW_coupled o2_coupled
lineshape VVH_750 h2o_lines
column dry_air hydrostatic (0.999987)  (2.12014e+22 cm^-2)
! Warning: Column included 5264 unresolved lines.
column h2o hydrostatic 5.2e-06  (1.10249e+17 cm^-2)
! Warning: Column included 838 unresolved lines.
column o3 hydrostatic 8.18e-06  (1.7343e+17 cm^-2)
! Warning: Column included 33099 unresolved lines.

layer stratosphere
# P 6 mbar
# T 234.303 K
# dP 2 mbar
Pbase 7 mbar
Tbase 231.6 K
Mair 28.964 h2o o3  (28.9641)
lineshape Gross ch4 co co2 n2o o2_uncoupled o3
lineshape VVW_coupled o2_coupled
lineshape VVH_750 h2o_lines
column dry_air hydrostatic (0.999986)  (4.24027e+22 cm^-2)
! Warning: Column included 5264 unresolved lines.
column h2o hydrostatic 5.03e-06  (2.13289e+17 cm^-2)
! Warning: Column included 838 unresolved lines.
column o3 hydrostatic 8.88e-06  (3.76542e+17 cm^-2)
! Warning: Column included 33099 unresolved lines.

layer stratosphere
# P 8.5 mbar
# T 229.15 K
# dP 3 mbar
Pbase 10 mbar
Tbase 227.1 K
Mair 28.964 h2o o3  (28.9641)
lineshape Gross ch4 co co2 n2o o2_uncoupled o3
lineshape VVW_coupled o2_coupled
lineshape VVH_750 h2o_lines
column dry_air hydrostatic (0.999986)  (6.36041e+22 cm^-2)
! Warning: Column included 5264 unresolved lines.
column h2o hydrostatic 4.86e-06  (3.0912e+17 cm^-2)
! Warning: Column included 838 unresolved lines.
column o3 hydrostatic 9.2e-06  (5.85166e+17 cm^-2)
! Warning: Column included 33099 unresolved lines.

layer stratosphere
# P 15 mbar
# T 222.186 K
# dP 10 mbar
Pbase 20 mbar
Tbase 218.7 K
Mair 28.964 h2o o3  (28.9641)
lineshape Gross ch4 co co2 n2o o2_uncoupled o3
lineshape VVW_coupled o2_coupled
lineshape VVH_750 h2o_lines
column dry_air hydrostatic (0.999987)  (2.12014e+23 cm^-2)
! Warning: Column included 5264 unresolved lines.
column h2o hydrostatic 4.66e-06  (9.87998e+17 cm^-2)
! Warning: Column included 838 unresolved lines.
column o3 hydrostatic 7.99e-06  (1.69401e+18 cm^-2)
! Warning: Column included 33099 unresolved lines.

layer stratosphere
# P 25 mbar
# T 215.673 K
# dP 10 mbar
Pbase 30 mbar
Tbase 213.2 K
Mair 28.964 h2o o3  (28.9641)
lineshape Gross ch4 co co2 n2o o2_uncoupled o3
lineshape VVW_coupled o2_coupled
lineshape VVH_750 h2o_lines
column dry_air hydrostatic (0.99999)  (2.12015e+23 cm^-2)
! Warning: Column included 5264 unresolved lines.
column h2o hydrostatic 4.48e-06  (9.49837e+17 cm^-2)
! Warning: Column included 838 unresolved lines.
column o3 hydrostatic 5.53e-06  (1.17245e+18 cm^-2)
! Warning: Column included 33099 unresolved lines.

layer stratosphere
# P 35 mbar
# T 210.521 K
# dP 10 mbar
Pbase 40 mbar
Tbase 208.2 K
Mair 28.964 h2o o3  (28.964)
lineshape Gross ch4 co co2 n2o o2_uncoupled o3
lineshape VVW_coupled o2_coupled
lineshape VVH_750 h2o_lines
column dry_air hydrostatic (0.999992)  (2.12016e+23 cm^-2)
! Warning: Column included 5264 unresolved lines.
column h2o hydrostatic 4.4e-06  (9.32876e+17 cm^-2)
! Warning: Column included 838 unresolved lines.
column o3 hydrostatic 3.44e-06  (7.2934e+17 cm^-2)
! Warning: Column included 33099 unresolved lines.

layer stratosphere
# P 45 mbar
# T 205.455 K
# dP 10 mbar
Pbase 50 mbar
Tbase 203 K
Mair 28.964 h2o o3  (28.964)
lineshape Gross ch4 co co2 n2o o2_uncoupled o3
lineshape VVW_coupled o2_coupled
lineshape VVH_750 h2o_lines
column dry_air hydrostatic (0.999994)  (2.12016e+23 cm^-2)
! Warning: Column included 5264 unresolved lines.
column h2o hydrostatic 4.35e-06  (9.22276e+17 cm^-2)
! Warning: Column included 838 unresolved lines.
column o3 hydrostatic 2.08e-06  (4.40997e+17 cm^-2)
! Warning: Column included 33099 unresolved lines.

layer stratosphere
# P 60 mbar
# T 197.581 K
# dP 20 mbar
Pbase 70 mbar
Tbase 193 K
Mair 28.964 h2o o3  (28.964)
lineshape Gross ch4 co co2 n2o o2_uncoupled o3
lineshape VVW_coupled o2_coupled
lineshape VVH_750 h2o_lines
column dry_air hydrostatic (0.999995)  (4.24033e+23 cm^-2)
! Warning: Column included 5264 unresolved lines.
column h2o hydrostatic 4.18e-06  (1.77247e+18 cm^-2)
! Warning: Column included 838 unresolved lines.
column o3 hydrostatic 1.04e-06  (4.40997e+17 cm^-2)
! Warning: Column included 33099 unresolved lines.

layer troposphere
# P 85 mbar
# T 192.347 K
# dP 30 mbar
Pbase 100 mbar
Tbase 191.8 K
Mair 28.964 h2o o3  (28.9639)
lineshape Gross ch4 co co2 n2o o2_uncoupled o3
lineshape VVW_coupled o2_coupled
lineshape VVH_750 h2o_lines
column dry_air hydrostatic (0.999991)  (6.36049e+23 cm^-2)
! Warning: Column included 5264 unresolved lines.
column h2o hydrostatic 3.41e-06  (2.16895e+18 cm^-2)  (* 2.40400)
! Warning: Column included 838 unresolved lines.
column o3 hydrostatic 3.23e-07  (2.05446e+17 cm^-2)
! Warning: Column included 33099 unresolved lines.

layer troposphere
# P 125 mbar
# T 198.899 K
# dP 50 mbar
Pbase 150 mbar
Tbase 204.7 K
Mair 28.964 h2o o3  (28.9639)
lineshape Gross ch4 co co2 n2o o2_uncoupled o3
lineshape VVW_coupled o2_coupled
lineshape VVH_750 h2o_lines
column dry_air hydrostatic (0.999986)  (1.06008e+24 cm^-2)
! Warning: Column included 5264 unresolved lines.
column h2o hydrostatic 5.73e-06  (6.07433e+18 cm^-2)  (* 2.40400)
! Warning: Column included 838 unresolved lines.
column o3 hydrostatic 9.5e-08  (1.00709e+17 cm^-2)
! Warning: Column included 33099 unresolved lines.

layer troposphere
# P 175 mbar
# T 212.041 K
# dP 50 mbar
Pbase 200 mbar
Tbase 218.4 K
Mair 28.964 h2o o3  (28.9635)
lineshape Gross ch4 co co2 n2o o2_uncoupled o3
lineshape VVW_coupled o2_coupled
lineshape VVH_750 h2o_lines
column dry_air hydrostatic (0.999957)  (1.06006e+24 cm^-2)
! Warning: Column included 5264 unresolved lines.
column h2o hydrostatic 1.8e-05  (1.90819e+19 cm^-2)  (* 2.40400)
! Warning: Column included 838 unresolved lines.
column o3 hydrostatic 5.11e-08  (5.41714e+16 cm^-2)
! Warning: Column included 33099 unresolved lines.

layer troposphere
# P 225 mbar
# T 224.47 K
# dP 50 mbar
Pbase 250 mbar
Tbase 229.9 K
Mair 28.964 h2o o3  (28.963)
lineshape Gross ch4 co co2 n2o o2_uncoupled o3
lineshape VVW_coupled o2_coupled
lineshape VVH_750 h2o_lines
column dry_air hydrostatic (0.999912)  (1.06003e+24 cm^-2)
! Warning: Column included 5264 unresolved lines.
column h2o hydrostatic 3.66e-05  (3.88005e+19 cm^-2)  (* 2.40400)
! Warning: Column included 838 unresolved lines.
column o3 hydrostatic 4.31e-08  (4.56913e+16 cm^-2)
! Warning: Column included 33099 unresolved lines.

layer troposphere
# P 275 mbar
# T 234.918 K
# dP 50 mbar
Pbase 300 mbar
Tbase 239.5 K
Mair 28.964 h2o o3  (28.9628)
lineshape Gross ch4 co co2 n2o o2_uncoupled o3
lineshape VVW_coupled o2_coupled
lineshape VVH_750 h2o_lines
column dry_air hydrostatic (0.999888)  (1.06001e+24 cm^-2)
! Warning: Column included 5264 unresolved lines.
column h2o hydrostatic 4.65e-05  (4.92961e+19 cm^-2)  (* 2.40400)
! Warning: Column included 829 unresolved lines.
column o3 hydrostatic 4.26e-08  (4.51616e+16 cm^-2)
! Warning: Column included 33099 unresolved lines.

layer troposphere
# P 325 mbar
# T 243.758 K
# dP 50 mbar
Pbase 350 mbar
Tbase 247.7 K
Mair 28.964 h2o o3  (28.9627)
lineshape Gross ch4 co co2 n2o o2_uncoupled o3
lineshape VVW_coupled o2_coupled
lineshape VVH_750 h2o_lines
column dry_air hydrostatic (0.999884)  (1.06001e+24 cm^-2)
! Warning: Column included 5219 unresolved lines.
column h2o hydrostatic 4.83e-05  (5.12045e+19 cm^-2)  (* 2.40400)
! Warning: Column included 658 unresolved lines.
column o3 hydrostatic 4.31e-08  (4.56918e+16 cm^-2)
! Warning: Column included 33030 unresolved lines.

layer troposphere
# P 375 mbar
# T 251.317 K
# dP 50 mbar
Pbase 400 mbar
Tbase 254.7 K
Mair 28.964 h2o o3  (28.9622)
lineshape Gross ch4 co co2 n2o o2_uncoupled o3
lineshape VVW_coupled o2_coupled
lineshape VVH_750 h2o_lines
column dry_air hydrostatic (0.999835)  (1.05998e+24 cm^-2)
! Warning: Column included 4912 unresolved lines.
column h2o hydrostatic 6.86e-05  (7.27265e+19 cm^-2)  (* 2.40400)
! Warning: Column included 484 unresolved lines.
column o3 hydrostatic 4.38e-08  (4.64347e+16 cm^-2)
! Warning: Column included 26730 unresolved lines.

layer troposphere
# P 425 mbar
# T 257.891 K
# dP 50 mbar
Pbase 450 mbar
Tbase 260.9 K
Mair 28.964 h2o o3  (28.9604)
lineshape Gross ch4 co co2 n2o o2_uncoupled o3
lineshape VVW_coupled o2_coupled
lineshape VVH_750 h2o_lines
column dry_air hydrostatic (0.999673)  (1.05987e+24 cm^-2)
! Warning: Column included 4251 unresolved lines.
column h2o hydrostatic 0.000136  (1.4419e+20 cm^-2)  (* 2.40400)
! Warning: Column included 393 unresolved lines.
column o3 hydrostatic 4.41e-08  (4.67556e+16 cm^-2)
! Warning: Column included 12873 unresolved lines.

layer troposphere
# P 475 mbar
# T 263.671 K
# dP 50 mbar
Pbase 500 mbar
Tbase 266.3 K
Mair 28.964 h2o o3  (28.9572)
lineshape Gross ch4 co co2 n2o o2_uncoupled o3
lineshape VVW_coupled o2_coupled
lineshape VVH_750 h2o_lines
column dry_air hydrostatic (0.99938)  (1.05968e+24 cm^-2)
! Warning: Column included 3482 unresolved lines.
column h2o hydrostatic 0.000258  (2.73567e+20 cm^-2)  (* 2.40400)
! Warning: Column included 315 unresolved lines.
column o3 hydrostatic 4.36e-08  (4.62307e+16 cm^-2)

layer troposphere
# P 521 mbar
# T 268.187 K
# dP 42 mbar
Pbase 542 mbar (observing level)
Tbase 270 K
Mair 28.964 h2o o3  (28.9506)
lineshape Gross ch4 co co2 n2o o2_uncoupled o3
lineshape VVW_coupled o2_coupled
lineshape VVH_750 h2o_lines
column dry_air hydrostatic (0.998779)  (8.89797e+23 cm^-2)
! Warning: Column included 3079 unresolved lines.
column h2o hydrostatic 0.000508  (4.52569e+20 cm^-2)  (* 2.40400)
! Warning: Column included 260 unresolved lines.
column o3 hydrostatic 4.26e-08  (3.79517e+16 cm^-2)

#
# column densities [cm^-2], including scale factors
#
#                           zenith             line-of-sight     
# mesosphere (5 layers):
#                  dry_air  1.484112e+22       1.713705e+22      
#                      h2o  9.718894e+16       1.122241e+17      
#                            (0.029075 um_pwv)  (0.0335729 um_pwv)
#                       o3  2.677784e+16       3.092039e+16      
#                            (0.996644 DU)      (1.15083 DU)      
#
# stratosphere (12 layers):
#                  dry_air  1.469267e+24       1.696564e+24      
#                      h2o  6.602387e+18       7.623780e+18      
#                            (1.97517 um_pwv)   (2.28073 um_pwv)  
#                       o3  5.984689e+18       6.910524e+18      
#                            (222.744 DU)       (257.203 DU)      
#
# troposphere (10 layers):
#                  dry_air  1.000557e+25       1.155343e+25      
#                      h2o  2.667667e+21       3.080357e+21      
#                            (798.058 um_pwv)   (921.518 um_pwv)  
#                       o3  6.742431e+17       7.785489e+17      
#                            (25.0947 DU)       (28.9768 DU)      
#
# total (27 layers):
#                  dry_air  1.148967e+25       1.326713e+25      
#                      h2o  2.674367e+21       3.088093e+21      
#                            (800.062 um_pwv)   (923.832 um_pwv)  
#                       o3  6.685710e+18       7.719993e+18      
#                            (248.835 DU)       (287.33 DU)       
#

! Warning: Encountered in-band lines narrower than the frequency
!          grid spacing.  The output configuration data includes
!          the unresolved line count after each column definition
!          for which this occurred.  Count: 211

# am version 14.0 (build date Sep 30 2024 09:36:11)

# run time 0.112 s
# dcache hit: 270  miss: 0  discard: 0

f 10 GHz  1000 GHz  1000 MHz
output text  f GHz  Tb K  tau dB

tol 0.0001
selfbroad_vmr_tol 0.003

geometry plane-parallel
refract none
za 30 deg
PTmode Pbase Tbase

g 980.665 cm*s^-2
dg_dz 0 s^-2

Nscale troposphere h2o 2.7045

T0 2.7 K

layer mesosphere
# P 0.1 mbar
# T 215.7 K
# dP 0.1 mbar
Pbase 0.1 mbar
Tbase 215.7 K
Mair 28.964 h2o o3  (28.964)
lineshape Voigt-Kielkopf ch4 co co2 h2o_lines n2o o2_coupled o2_uncoupled o3
column dry_air hydrostatic (0.999992)  (2.12016e+21 cm^-2)
! Warning: Column included 5264 unresolved lines.
column h2o hydrostatic 6.22e-06  (1.31875e+16 cm^-2)
! Warning: Column included 838 unresolved lines.
column o3 hydrostatic 1.78e-06  (3.77392e+15 cm^-2)
! Warning: Column included 33099 unresolved lines.

layer mesosphere
# P 0.2 mbar
# T 229.707 K
# dP 0.2 mbar
Pbase 0.3 mbar
Tbase 237.9 K
Mair 28.964 h2o o3  (28.964)
lineshape Voigt-Kielkopf ch4 co co2 h2o_lines n2o o2_coupled o2_uncoupled o3
column dry_air hydrostatic (0.999992)  (4.24032e+21 cm^-2)
! Warning: Column included 5264 unresolved lines.
column h2o hydrostatic 6.47e-06  (2.74351e+16 cm^-2)
! Warning: Column included 838 unresolved lines.
column o3 hydrostatic 1.66e-06  (7.03899e+15 cm^-2)
! Warning: Column included 33099 unresolved lines.

layer mesosphere
# P 0.35 mbar
# T 241.276 K
# dP 0.1 mbar
Pbase 0.4 mbar
Tbase 244.2 K
Mair 28.964 h2o o3  (28.964)
lineshape Voigt-Kielkopf ch4 co co2 h2o_lines n2o o2_coupled o2_uncoupled o3
column dry_air hydrostatic (0.999992)  (2.12016e+21 cm^-2)
! Warning: Column included 5264 unresolved lines.
column h2o hydrostatic 6.72e-06  (1.42476e+16 cm^-2)
! Warning: Column included 838 unresolved lines.
column o3 hydrostatic 1.61e-06  (3.41349e+15 cm^-2)
! Warning: Column included 33099 unresolved lines.

layer mesosphere
# P 0.45 mbar
# T 247.209 K
# dP 0.1 mbar
Pbase 0.5 mbar
Tbase 249.9 K
Mair 28.964 h2o o3  (28.964)
lineshape Voigt-Kielkopf ch4 co co2 h2o_lines n2o o2_coupled o2_uncoupled o3
column dry_air hydrostatic (0.999992)  (2.12016e+21 cm^-2)
! Warning: Column included 5264 unresolved lines.
column h2o hydrostatic 6.7e-06  (1.42052e+16 cm^-2)
! Warning: Column included 838 unresolved lines.
column o3 hydrostatic 1.78e-06  (3.77392e+15 cm^-2)
! Warning: Column included 33099 unresolved lines.

layer mesosphere
# P 0.6 mbar
# T 253.964 K
# dP 0.2 mbar
Pbase 0.7 mbar
Tbase 257.4 K
Mair 28.964 h2o o3  (28.964)
lineshape Voigt-Kielkopf ch4 co co2 h2o_lines n2o o2_coupled o2_uncoupled o3
column dry_air hydrostatic (0.999991)  (4.24032e+21 cm^-2)
! Warning: Column included 5264 unresolved lines.
column h2o hydrostatic 6.63e-06  (2.81136e+16 cm^-2)
! Warning: Column included 838 unresolved lines.
column o3 hydrostatic 2.07e-06  (8.77753e+15 cm^-2)
! Warning: Column included 33099 unresolved lines.

layer stratosphere
# P 0.85 mbar
# T 259.087 K
# dP 0.3 mbar
Pbase 1 mbar
Tbase 260.5 K
Mair 28.964 h2o o3  (28.964)
lineshape Voigt-Kielkopf ch4 co co2 h2o_lines n2o o2_coupled o2_uncoupled o3
column dry_air hydrostatic (0.999991)  (6.36047e+21 cm^-2)
! Warning: Column included 5264 unresolved lines.
column h2o hydrostatic 6.46e-06  (4.1089e+16 cm^-2)
! Warning: Column included 838 unresolved lines.
column o3 hydrostatic 2.58e-06  (1.64102e+16 cm^-2)
! Warning: Column included 33099 unresolved lines.

layer stratosphere
# P 1.5 mbar
# T 256.054 K
# dP 1 mbar
Pbase 2 mbar
Tbase 252.9 K
Mair 28.964 h2o o3  (28.964)
lineshape Gross ch4 co co2 n2o o2_uncoupled o3
lineshape VVW_coupled o2_coupled
lineshape VVH_750 h2o_lines
column dry_air hydrostatic (0.99999)  (2.12015e+22 cm^-2)
! Warning: Column included 5264 unresolved lines.
column h2o hydrostatic 6.09e-06  (1.29119e+17 cm^-2)
! Warning: Column included 838 unresolved lines.
column o3 hydrostatic 3.87e-06  (8.20508e+16 cm^-2)
! Warning: Column included 33099 unresolved lines.

layer stratosphere
# P 2.5 mbar
# T 248.827 K
# dP 1 mbar
Pbase 3 mbar
Tbase 245.5 K
Mair 28.964 h2o o3  (28.964)
lineshape Gross ch4 co co2 n2o o2_uncoupled o3
lineshape VVW_coupled o2_coupled
lineshape VVH_750 h2o_lines
column dry_air hydrostatic (0.999989)  (2.12015e+22 cm^-2)
! Warning: Column included 5264 unresolved lines.
column h2o hydrostatic 5.66e-06  (1.20002e+17 cm^-2)
! Warning: Column included 838 unresolved lines.
column o3 hydrostatic 5.7e-06  (1.2085e+17 cm^-2)
! Warning: Column included 33099 unresolved lines.

layer stratosphere
# P 3.5 mbar
# T 243.142 K
# dP 1 mbar
Pbase 4 mbar
Tbase 241.1 K
Mair 28.964 h2o o3  (28.9641)
lineshape Gross ch4 co co2 n2o o2_uncoupled o3
lineshape VVW_coupled o2_coupled
lineshape VVH_750 h2o_lines
column dry_air hydrostatic (0.999987)  (2.12014e+22 cm^-2)
! Warning: Column included 5264 unresolved lines.
column h2o hydrostatic 5.38e-06  (1.14065e+17 cm^-2)
! Warning: Column included 838 unresolved lines.
column o3 hydrostatic 7.19e-06  (1.5244e+17 cm^-2)
! Warning: Column included 33099 unresolved lines.

layer stratosphere
# P 4.5 mbar
# T 239.2 K
# dP 1 mbar
Pbase 5 mbar
Tbase 237.5 K
Mair 28.964 h2o o3  (28.9641)
lineshape Gross ch4 co co2 n2o o2_uncoupled o3
lineshape VVW_coupled o2_coupled
lineshape VVH_750 h2o_lines
column dry_air hydrostatic (0.999987)  (2.12014e+22 cm^-2)
! Warning: Column included 5264 unresolved lines.
column h2o hydrostatic 5.2e-06  (1.10249e+17 cm^-2)
! Warning: Column included 838 unresolved lines.
column o3 hydrostatic 8.18e-06  (1.7343e+17 cm^-2)
! Warning: Column included 33099 unresolved lines.

layer stratosphere
# P 6 mbar
# T 234.303 K
# dP 2 mbar
Pbase 7 mbar
Tbase 231.6 K
Mair 28.964 h2o o3  (28.9641)
lineshape Gross ch4 co co2 n2o o2_uncoupled o3
lineshape VVW_coupled o2_coupled
lineshape VVH_750 h2o_lines
column dry_air hydrostatic (0.999986)  (4.24027e+22 cm^-2)
! Warning: Column included 5264 unresolved lines.
column h2o hydrostatic 5.03e-06  (2.13289e+17 cm^-2)
! Warning: Column included 838 unresolved lines.
column o3 hydrostatic 8.88e-06  (3.76542e+17 cm^-2)
! Warning: Column included 33099 unresolved lines.

layer stratosphere
# P 8.5 mbar
# T 229.15 K
# dP 3 mbar
Pbase 10 mbar
Tbase 227.1 K
Mair 28.964 h2o o3  (28.9641)
lineshape Gross ch4 co co2 n2o o2_uncoupled o3
lineshape VVW_coupled o2_coupled
lineshape VVH_750 h2o_lines
column dry_air hydrostatic (0.999986)  (6.36041e+22 cm^-2)
! Warning: Column included 5264 unresolved lines.
column h2o hydrostatic 4.86e-06  (3.0912e+17 cm^-2)
! Warning: Column included 838 unresolved lines.
column o3 hydrostatic 9.2e-06  (5.85166e+17 cm^-2)
! Warning: Column included 33099 unresolved lines.

layer stratosphere
# P 15 mbar
# T 222.186 K
# dP 10 mbar
Pbase 20 mbar
Tbase 218.7 K
Mair 28.964 h2o o3  (28.9641)
lineshape Gross ch4 co co2 n2o o2_uncoupled o3
lineshape VVW_coupled o2_coupled
lineshape VVH_750 h2o_lines
column dry_air hydrostatic (0.999987)  (2.12014e+23 cm^-2)
! Warning: Column included 5264 unresolved lines.
column h2o hydrostatic 4.66e-06  (9.87998e+17 cm^-2)
! Warning: Column included 838 unresolved lines.
column o3 hydrostatic 7.99e-06  (1.69401e+18 cm^-2)
! Warning: Column included 33099 unresolved lines.

layer stratosphere
# P 25 mbar
# T 215.673 K
# dP 10 mbar
Pbase 30 mbar
Tbase 213.2 K
Mair 28.964 h2o o3  (28.9641)
lineshape Gross ch4 co co2 n2o o2_uncoupled o3
lineshape VVW_coupled o2_coupled
lineshape VVH_750 h2o_lines
column dry_air hydrostatic (0.99999)  (2.12015e+23 cm^-2)
! Warning: Column included 5264 unresolved lines.
column h2o hydrostatic 4.48e-06  (9.49837e+17 cm^-2)
! Warning: Column included 838 unresolved lines.
column o3 hydrostatic 5.53e-06  (1.17245e+18 cm^-2)
! Warning: Column included 33099 unresolved lines.

layer stratosphere
# P 35 mbar
# T 210.521 K
# dP 10 mbar
Pbase 40 mbar
Tbase 208.2 K
Mair 28.964 h2o o3  (28.964)
lineshape Gross ch4 co co2 n2o o2_uncoupled o3
lineshape VVW_coupled o2_coupled
lineshape VVH_750 h2o_lines
column dry_air hydrostatic (0.999992)  (2.12016e+23 cm^-2)
! Warning: Column included 5264 unresolved lines.
column h2o hydrostatic 4.4e-06  (9.32876e+17 cm^-2)
! Warning: Column included 838 unresolved lines.
column o3 hydrostatic 3.44e-06  (7.2934e+17 cm^-2)
! Warning: Column included 33099 unresolved lines.

layer stratosphere
# P 45 mbar
# T 205.455 K
# dP 10 mbar
Pbase 50 mbar
Tbase 203 K
Mair 28.964 h2o o3  (28.964)
lineshape Gross ch4 co co2 n2o o2_uncoupled o3
lineshape VVW_coupled o2_coupled
lineshape VVH_750 h2o_lines
column dry_air hydrostatic (0.999994)  (2.12016e+23 cm^-2)
! Warning: Column included 5264 unresolved lines.
column h2o hydrostatic 4.35e-06  (9.22276e+17 cm^-2)
! Warning: Column included 838 unresolved lines.
column o3 hydrostatic 2.08e-06  (4.40997e+17 cm^-2)
! Warning: Column included 33099 unresolved lines.

layer stratosphere
# P 60 mbar
# T 197.581 K
# dP 20 mbar
Pbase 70 mbar
Tbase 193 K
Mair 28.964 h2o o3  (28.964)
lineshape Gross ch4 co co2 n2o o2_uncoupled o3
lineshape VVW_coupled o2_coupled
lineshape VVH_750 h2o_lines
column dry_air hydrostatic (0.999995)  (4.24033e+23 cm^-2)
! Warning: Column included 5264 unresolved lines.
column h2o hydrostatic 4.18e-06  (1.77247e+18 cm^-2)
! Warning: Column included 838 unresolved lines.
column o3 hydrostatic 1.04e-06  (4.40997e+17 cm^-2)
! Warning: Column included 33099 unresolved lines.

layer troposphere
# P 85 mbar
# T 192.347 K
# dP 30 mbar
Pbase 100 mbar
Tbase 191.8 K
Mair 28.964 h2o o3  (28.9639)
lineshape Gross ch4 co co2 n2o o2_uncoupled o3
lineshape VVW_coupled o2_coupled
lineshape VVH_750 h2o_lines
column dry_air hydrostatic (0.99999)  (6.36048e+23 cm^-2)
! Warning: Column included 5264 unresolved lines.
column h2o hydrostatic 3.41e-06  (2.16895e+18 cm^-2)  (* 2.70450)
! Warning: Column included 838 unresolved lines.
column o3 hydrostatic 3.23e-07  (2.05446e+17 cm^-2)
! Warning: Column included 33099 unresolved lines.

layer troposphere
# P 125 mbar
# T 198.899 K
# dP 50 mbar
Pbase 150 mbar
Tbase 204.7 K
Mair 28.964 h2o o3  (28.9638)
lineshape Gross ch4 co co2 n2o o2_uncoupled o3
lineshape VVW_coupled o2_coupled
lineshape VVH_750 h2o_lines
column dry_air hydrostatic (0.999984)  (1.06008e+24 cm^-2)
! Warning: Column included 5264 unresolved lines.
column h2o hydrostatic 5.73e-06  (6.07434e+18 cm^-2)  (* 2.70450)
! Warning: Column included 838 unresolved lines.
column o3 hydrostatic 9.5e-08  (1.00709e+17 cm^-2)
! Warning: Column included 33099 unresolved lines.

layer troposphere
# P 175 mbar
# T 212.041 K
# dP 50 mbar
Pbase 200 mbar
Tbase 218.4 K
Mair 28.964 h2o o3  (28.9635)
lineshape Gross ch4 co co2 n2o o2_uncoupled o3
lineshape VVW_coupled o2_coupled
lineshape VVH_750 h2o_lines
column dry_air hydrostatic (0.999951)  (1.06006e+24 cm^-2)
! Warning: Column included 5264 unresolved lines.
column h2o hydrostatic 1.8e-05  (1.90819e+19 cm^-2)  (* 2.70450)
! Warning: Column included 838 unresolved lines.
column o3 hydrostatic 5.11e-08  (5.41715e+16 cm^-2)
! Warning: Column included 33099 unresolved lines.

layer troposphere
# P 225 mbar
# T 224.47 K
# dP 50 mbar
Pbase 250 mbar
Tbase 229.9 K
Mair 28.964 h2o o3  (28.9629)
lineshape Gross ch4 co co2 n2o o2_uncoupled o3
lineshape VVW_coupled o2_coupled
lineshape VVH_750 h2o_lines
column dry_air hydrostatic (0.999901)  (1.06002e+24 cm^-2)
! Warning: Column included 5264 unresolved lines.
column h2o hydrostatic 3.66e-05  (3.88007e+19 cm^-2)  (* 2.70450)
! Warning: Column included 838 unresolved lines.
column o3 hydrostatic 4.31e-08  (4.56915e+16 cm^-2)
! Warning: Column included 33099 unresolved lines.

layer troposphere
# P 275 mbar
# T 234.918 K
# dP 50 mbar
Pbase 300 mbar
Tbase 239.5 K
Mair 28.964 h2o o3  (28.9626)
lineshape Gross ch4 co co2 n2o o2_uncoupled o3
lineshape VVW_coupled o2_coupled
lineshape VVH_750 h2o_lines
column dry_air hydrostatic (0.999874)  (1.06e+24 cm^-2)
! Warning: Column included 5264 unresolved lines.
column h2o hydrostatic 4.65e-05  (4.92964e+19 cm^-2)  (* 2.70450)
! Warning: Column included 829 unresolved lines.
column o3 hydrostatic 4.26e-08  (4.51619e+16 cm^-2)
! Warning: Column included 33099 unresolved lines.

layer troposphere
# P 325 mbar
# T 243.758 K
# dP 50 mbar
Pbase 350 mbar
Tbase 247.7 K
Mair 28.964 h2o o3  (28.9626)
lineshape Gross ch4 co co2 n2o o2_uncoupled o3
lineshape VVW_coupled o2_coupled
lineshape VVH_750 h2o_lines
column dry_air hydrostatic (0.999869)  (1.06e+24 cm^-2)
! Warning: Column included 5219 unresolved lines.
column h2o hydrostatic 4.83e-05  (5.12048e+19 cm^-2)  (* 2.70450)
! Warning: Column included 658 unresolved lines.
column o3 hydrostatic 4.31e-08  (4.5692e+16 cm^-2)
! Warning: Column included 33030 unresolved lines.

layer troposphere
# P 375 mbar
# T 251.317 K
# dP 50 mbar
Pbase 400 mbar
Tbase 254.7 K
Mair 28.964 h2o o3  (28.962)
lineshape Gross ch4 co co2 n2o o2_uncoupled o3
lineshape VVW_coupled o2_coupled
lineshape VVH_750 h2o_lines
column dry_air hydrostatic (0.999814)  (1.05997e+24 cm^-2)
! Warning: Column included 4912 unresolved lines.
column h2o hydrostatic 6.86e-05  (7.27271e+19 cm^-2)  (* 2.70450)
! Warning: Column included 484 unresolved lines.
column o3 hydrostatic 4.38e-08  (4.64351e+16 cm^-2)
! Warning: Column included 26730 unresolved lines.

layer troposphere
# P 425 mbar
# T 257.891 K
# dP 50 mbar
Pbase 450 mbar
Tbase 260.9 K
Mair 28.964 h2o o3  (28.96)
lineshape Gross ch4 co co2 n2o o2_uncoupled o3
lineshape VVW_coupled o2_coupled
lineshape VVH_750 h2o_lines
column dry_air hydrostatic (0.999632)  (1.05984e+24 cm^-2)
! Warning: Column included 4251 unresolved lines.
column h2o hydrostatic 0.000136  (1.44192e+20 cm^-2)  (* 2.70450)
! Warning: Column included 393 unresolved lines.
column o3 hydrostatic 4.41e-08  (4.67564e+16 cm^-2)
! Warning: Column included 12873 unresolved lines.

layer troposphere
# P 475 mbar
# T 263.671 K
# dP 50 mbar
Pbase 500 mbar
Tbase 266.3 K
Mair 28.964 h2o o3  (28.9564)
lineshape Gross ch4 co co2 n2o o2_uncoupled o3
lineshape VVW_coupled o2_coupled
lineshape VVH_750 h2o_lines
column dry_air hydrostatic (0.999302)  (1.05963e+24 cm^-2)
! Warning: Column included 3482 unresolved lines.
column h2o hydrostatic 0.000258  (2.73575e+20 cm^-2)  (* 2.70450)
! Warning: Column included 315 unresolved lines.
column o3 hydrostatic 4.36e-08  (4.6232e+16 cm^-2)

layer troposphere
# P 521 mbar
# T 268.187 K
# dP 42 mbar
Pbase 542 mbar (observing level)
Tbase 270 K
Mair 28.964 h2o o3  (28.949)
lineshape Gross ch4 co co2 n2o o2_uncoupled o3
lineshape VVW_coupled o2_coupled
lineshape VVH_750 h2o_lines
column dry_air hydrostatic (0.998626)  (8.89712e+23 cm^-2)
! Warning: Column included 3079 unresolved lines.
column h2o hydrostatic 0.000508  (4.52596e+20 cm^-2)  (* 2.70450)
! Warning: Column included 260 unresolved lines.
column o3 hydrostatic 4.26e-08  (3.79539e+16 cm^-2)

#
# column densities [cm^-2], including scale factors
#
#                           zenith             line-of-sight     
# mesosphere (5 layers):
#                  dry_air  1.484112e+22       1.713705e+22      
#                      h2o  9.718894e+16       1.122241e+17      
#                            (0.029075 um_pwv)  (0.0335729 um_pwv)
#                       o3  2.677784e+16       3.092039e+16      
#                            (0.996644 DU)      (1.15083 DU)      
#
# stratosphere (12 layers):
#                  dry_air  1.469267e+24       1.696564e+24      
#                      h2o  6.602387e+18       7.623780e+18      
#                            (1.97517 um_pwv)   (2.28073 um_pwv)  
#                       o3  5.984689e+18       6.910524e+18      
#                            (222.744 DU)       (257.203 DU)      
#
# troposphere (10 layers):
#                  dry_air  1.000536e+25       1.155319e+25      
#                      h2o  3.001228e+21       3.465519e+21      
#                            (897.845 um_pwv)   (1036.74 um_pwv)  
#                       o3  6.742487e+17       7.785553e+17      
#                            (25.0949 DU)       (28.977 DU)       
#
# total (27 layers):
#                  dry_air  1.148947e+25       1.326689e+25      
#                      h2o  3.007927e+21       3.473255e+21      
#                            (899.85 um_pwv)    (1039.06 um_pwv)  
#                       o3  6.685716e+18       7.720000e+18      
#                            (248.836 DU)       (287.331 DU)      
#

! Warning: Encountered in-band lines narrower than the frequency
!          grid spacing.  The output configuration data includes
!          the unresolved line count after each column definition
!          for which this occurred.  Count: 211

# am version 14.0 (build date Sep 30 2024 09:36:11)

# run time 0.099 s
# dcache hit: 270  miss: 0  discard: 0

f 10 GHz  1000 GHz  1000 MHz
output text  f GHz  Tb K  tau dB

tol 0.0001
selfbroad_vmr_tol 0.003

geometry plane-parallel
refract none
za 30 deg
PTmode Pbase Tbase

g 980.665 cm*s^-2
dg_dz 0 s^-2

Nscale troposphere h2o 3.005

T0 2.7 K

layer mesosphere
# P 0.1 mbar
# T 215.7 K
# dP 0.1 mbar
Pbase 0.1 mbar
Tbase 215.7 K
Mair 28.964 h2o o3  (28.964)
lineshape Voigt-Kielkopf ch4 co co2 h2o_lines n2o o2_coupled o2_uncoupled o3
column dry_air hydrostatic (0.999992)  (2.12016e+21 cm^-2)
! Warning: Column included 5264 unresolved lines.
column h2o hydrostatic 6.22e-06  (1.31875e+16 cm^-2)
! Warning: Column included 838 unresolved lines.
column o3 hydrostatic 1.78e-06  (3.77392e+15 cm^-2)
! Warning: Column included 33099 unresolved lines.

layer mesosphere
# P 0.2 mbar
# T 229.707 K
# dP 0.2 mbar
Pbase 0.3 mbar
Tbase 237.9 K
Mair 28.964 h2o o3  (28.964)
lineshape Voigt-Kielkopf ch4 co co2 h2o_lines n2o o2_coupled o2_uncoupled o3
column dry_air hydrostatic (0.999992)  (4.24032e+21 cm^-2)
! Warning: Column included 5264 unresolved lines.
column h2o hydrostatic 6.47e-06  (2.74351e+16 cm^-2)
! Warning: Column included 838 unresolved lines.
column o3 hydrostatic 1.66e-06  (7.03899e+15 cm^-2)
! Warning: Column included 33099 unresolved lines.

layer mesosphere
# P 0.35 mbar
# T 241.276 K
# dP 0.1 mbar
Pbase 0.4 mbar
Tbase 244.2 K
Mair 28.964 h2o o3  (28.964)
lineshape Voigt-Kielkopf ch4 co co2 h2o_lines n2o o2_coupled o2_uncoupled o3
column dry_air hydrostatic (0.999992)  (2.12016e+21 cm^-2)
! Warning: Column included 5264 unresolved lines.
column h2o hydrostatic 6.72e-06  (1.42476e+16 cm^-2)
! Warning: Column included 838 unresolved lines.
column o3 hydrostatic 1.61e-06  (3.41349e+15 cm^-2)
! Warning: Column included 33099 unresolved lines.

layer mesosphere
# P 0.45 mbar
# T 247.209 K
# dP 0.1 mbar
Pbase 0.5 mbar
Tbase 249.9 K
Mair 28.964 h2o o3  (28.964)
lineshape Voigt-Kielkopf ch4 co co2 h2o_lines n2o o2_coupled o2_uncoupled o3
column dry_air hydrostatic (0.999992)  (2.12016e+21 cm^-2)
! Warning: Column included 5264 unresolved lines.
column h2o hydrostatic 6.7e-06  (1.42052e+16 cm^-2)
! Warning: Column included 838 unresolved lines.
column o3 hydrostatic 1.78e-06  (3.77392e+15 cm^-2)
! Warning: Column included 33099 unresolved lines.

layer mesosphere
# P 0.6 mbar
# T 253.964 K
# dP 0.2 mbar
Pbase 0.7 mbar
Tbase 257.4 K
Mair 28.964 h2o o3  (28.964)
lineshape Voigt-Kielkopf ch4 co co2 h2o_lines n2o o2_coupled o2_uncoupled o3
column dry_air hydrostatic (0.999991)  (4.24032e+21 cm^-2)
! Warning: Column included 5264 unresolved lines.
column h2o hydrostatic 6.63e-06  (2.81136e+16 cm^-2)
! Warning: Column included 838 unresolved lines.
column o3 hydrostatic 2.07e-06  (8.77753e+15 cm^-2)
! Warning: Column included 33099 unresolved lines.

layer stratosphere
# P 0.85 mbar
# T 259.087 K
# dP 0.3 mbar
Pbase 1 mbar
Tbase 260.5 K
Mair 28.964 h2o o3  (28.964)
lineshape Voigt-Kielkopf ch4 co co2 h2o_lines n2o o2_coupled o2_uncoupled o3
column dry_air hydrostatic (0.999991)  (6.36047e+21 cm^-2)
! Warning: Column included 5264 unresolved lines.
column h2o hydrostatic 6.46e-06  (4.1089e+16 cm^-2)
! Warning: Column included 838 unresolved lines.
column o3 hydrostatic 2.58e-06  (1.64102e+16 cm^-2)
! Warning: Column included 33099 unresolved lines.

layer stratosphere
# P 1.5 mbar
# T 256.054 K
# dP 1 mbar
Pbase 2 mbar
Tbase 252.9 K
Mair 28.964 h2o o3  (28.964)
lineshape Gross ch4 co co2 n2o o2_uncoupled o3
lineshape VVW_coupled o2_coupled
lineshape VVH_750 h2o_lines
column dry_air hydrostatic (0.99999)  (2.12015e+22 cm^-2)
! Warning: Column included 5264 unresolved lines.
column h2o hydrostatic 6.09e-06  (1.29119e+17 cm^-2)
! Warning: Column included 838 unresolved lines.
column o3 hydrostatic 3.87e-06  (8.20508e+16 cm^-2)
! Warning: Column included 33099 unresolved lines.

layer stratosphere
# P 2.5 mbar
# T 248.827 K
# dP 1 mbar
Pbase 3 mbar
Tbase 245.5 K
Mair 28.964 h2o o3  (28.964)
lineshape Gross ch4 co co2 n2o o2_uncoupled o3
lineshape VVW_coupled o2_coupled
lineshape VVH_750 h2o_lines
column dry_air hydrostatic (0.999989)  (2.12015e+22 cm^-2)
! Warning: Column included 5264 unresolved lines.
column h2o hydrostatic 5.66e-06  (1.20002e+17 cm^-2)
! Warning: Column included 838 unresolved lines.
column o3 hydrostatic 5.7e-06  (1.2085e+17 cm^-2)
! Warning: Column included 33099 unresolved lines.

layer stratosphere
# P 3.5 mbar
# T 243.142 K
# dP 1 mbar
Pbase 4 mbar
Tbase 241.1 K
Mair 28.964 h2o o3  (28.9641)
lineshape Gross ch4 co co2 n2o o2_uncoupled o3
lineshape VVW_coupled o2_coupled
lineshape VVH_750 h2o_lines
column dry_air hydrostatic (0.999987)  (2.12014e+22 cm^-2)
! Warning: Column included 5264 unresolved lines.
column h2o hydrostatic 5.38e-06  (1.14065e+17 cm^-2)
! Warning: Column included 838 unresolved lines.
column o3 hydrostatic 7.19e-06  (1.5244e+17 cm^-2)
! Warning: Column included 33099 unresolved lines.

layer stratosphere
# P 4.5 mbar
# T 239.2 K
# dP 1 mbar
Pbase 5 mbar
Tbase 237.5 K
Mair 28.964 h2o o3  (28.9641)
lineshape Gross ch4 co co2 n2o o2_uncoupled o3
lineshape VVW_coupled o2_coupled
lineshape VVH_750 h2o_lines
column dry_air hydrostatic (0.999987)  (2.12014e+22 cm^-2)
! Warning: Column included 5264 unresolved lines.
column h2o hydrostatic 5.2e-06  (1.10249e+17 cm^-2)
! Warning: Column included 838 unresolved lines.
column o3 hydrostatic 8.18e-06  (1.7343e+17 cm^-2)
! Warning: Column included 33099 unresolved lines.

layer stratosphere
# P 6 mbar
# T 234.303 K
# dP 2 mbar
Pbase 7 mbar
Tbase 231.6 K
Mair 28.964 h2o o3  (28.9641)
lineshape Gross ch4 co co2 n2o o2_uncoupled o3
lineshape VVW_coupled o2_coupled
lineshape VVH_750 h2o_lines
column dry_air hydrostatic (0.999986)  (4.24027e+22 cm^-2)
! Warning: Column included 5264 unresolved lines.
column h2o hydrostatic 5.03e-06  (2.13289e+17 cm^-2)
! Warning: Column included 838 unresolved lines.
column o3 hydrostatic 8.88e-06  (3.76542e+17 cm^-2)
! Warning: Column included 33099 unresolved lines.

layer stratosphere
# P 8.5 mbar
# T 229.15 K
# dP 3 mbar
Pbase 10 mbar
Tbase 227.1 K
Mair 28.964 h2o o3  (28.9641)
lineshape Gross ch4 co co2 n2o o2_uncoupled o3
lineshape VVW_coupled o2_coupled
lineshape VVH_750 h2o_lines
column dry_air hydrostatic (0.999986)  (6.36041e+22 cm^-2)
! Warning: Column included 5264 unresolved lines.
column h2o hydrostatic 4.86e-06  (3.0912e+17 cm^-2)
! Warning: Column included 838 unresolved lines.
column o3 hydrostatic 9.2e-06  (5.85166e+17 cm^-2)
! Warning: Column included 33099 unresolved lines.

layer stratosphere
# P 15 mbar
# T 222.186 K
# dP 10 mbar
Pbase 20 mbar
Tbase 218.7 K
Mair 28.964 h2o o3  (28.9641)
lineshape Gross ch4 co co2 n2o o2_uncoupled o3
lineshape VVW_coupled o2_coupled
lineshape VVH_750 h2o_lines
column dry_air hydrostatic (0.999987)  (2.12014e+23 cm^-2)
! Warning: Column included 5264 unresolved lines.
column h2o hydrostatic 4.66e-06  (9.87998e+17 cm^-2)
! Warning: Column included 838 unresolved lines.
column o3 hydrostatic 7.99e-06  (1.69401e+18 cm^-2)
! Warning: Column included 33099 unresolved lines.

layer stratosphere
# P 25 mbar
# T 215.673 K
# dP 10 mbar
Pbase 30 mbar
Tbase 213.2 K
Mair 28.964 h2o o3  (28.9641)
lineshape Gross ch4 co co2 n2o o2_uncoupled o3
lineshape VVW_coupled o2_coupled
lineshape VVH_750 h2o_lines
column dry_air hydrostatic (0.99999)  (2.12015e+23 cm^-2)
! Warning: Column included 5264 unresolved lines.
column h2o hydrostatic 4.48e-06  (9.49837e+17 cm^-2)
! Warning: Column included 838 unresolved lines.
column o3 hydrostatic 5.53e-06  (1.17245e+18 cm^-2)
! Warning: Column included 33099 unresolved lines.

layer stratosphere
# P 35 mbar
# T 210.521 K
# dP 10 mbar
Pbase 40 mbar
Tbase 208.2 K
Mair 28.964 h2o o3  (28.964)
lineshape Gross ch4 co co2 n2o o2_uncoupled o3
lineshape VVW_coupled o2_coupled
lineshape VVH_750 h2o_lines
column dry_air hydrostatic (0.999992)  (2.12016e+23 cm^-2)
! Warning: Column included 5264 unresolved lines.
column h2o hydrostatic 4.4e-06  (9.32876e+17 cm^-2)
! Warning: Column included 838 unresolved lines.
column o3 hydrostatic 3.44e-06  (7.2934e+17 cm^-2)
! Warning: Column included 33099 unresolved lines.

layer stratosphere
# P 45 mbar
# T 205.455 K
# dP 10 mbar
Pbase 50 mbar
Tbase 203 K
Mair 28.964 h2o o3  (28.964)
lineshape Gross ch4 co co2 n2o o2_uncoupled o3
lineshape VVW_coupled o2_coupled
lineshape VVH_750 h2o_lines
column dry_air hydrostatic (0.999994)  (2.12016e+23 cm^-2)
! Warning: Column included 5264 unresolved lines.
column h2o hydrostatic 4.35e-06  (9.22276e+17 cm^-2)
! Warning: Column included 838 unresolved lines.
column o3 hydrostatic 2.08e-06  (4.40997e+17 cm^-2)
! Warning: Column included 33099 unresolved lines.

layer stratosphere
# P 60 mbar
# T 197.581 K
# dP 20 mbar
Pbase 70 mbar
Tbase 193 K
Mair 28.964 h2o o3  (28.964)
lineshape Gross ch4 co co2 n2o o2_uncoupled o3
lineshape VVW_coupled o2_coupled
lineshape VVH_750 h2o_lines
column dry_air hydrostatic (0.999995)  (4.24033e+23 cm^-2)
! Warning: Column included 5264 unresolved lines.
column h2o hydrostatic 4.18e-06  (1.77247e+18 cm^-2)
! Warning: Column included 838 unresolved lines.
column o3 hydrostatic 1.04e-06  (4.40997e+17 cm^-2)
! Warning: Column included 33099 unresolved lines.

layer troposphere
# P 85 mbar
# T 192.347 K
# dP 30 mbar
Pbase 100 mbar
Tbase 191.8 K
Mair 28.964 h2o o3  (28.9639)
lineshape Gross ch4 co co2 n2o o2_uncoupled o3
lineshape VVW_coupled o2_coupled
lineshape VVH_750 h2o_lines
column dry_air hydrostatic (0.999989)  (6.36048e+23 cm^-2)
! Warning: Column included 5264 unresolved lines.
column h2o hydrostatic 3.41e-06  (2.16895e+18 cm^-2)  (* 3.00500)
! Warning: Column included 838 unresolved lines.
column o3 hydrostatic 3.23e-07  (2.05446e+17 cm^-2)
! Warning: Column included 33099 unresolved lines.

layer troposphere
# P 125 mbar
# T 198.899 K
# dP 50 mbar
Pbase 150 mbar
Tbase 204.7 K
Mair 28.964 h2o o3  (28.9638)
lineshape Gross ch4 co co2 n2o o2_uncoupled o3
lineshape VVW_coupled o2_coupled
lineshape VVH_750 h2o_lines
column dry_air hydrostatic (0.999983)  (1.06008e+24 cm^-2)
! Warning: Column included 5264 unresolved lines.
column h2o hydrostatic 5.73e-06  (6.07434e+18 cm^-2)  (* 3.00500)
! Warning: Column included 838 unresolved lines.
column o3 hydrostatic 9.5e-08  (1.00709e+17 cm^-2)
! Warning: Column included 33099 unresolved lines.

layer troposphere
# P 175 mbar
# T 212.041 K
# dP 50 mbar
Pbase 200 mbar
Tbase 218.4 K
Mair 28.964 h2o o3  (28.9634)
lineshape Gross ch4 co co2 n2o o2_uncoupled o3
lineshape VVW_coupled o2_coupled
lineshape VVH_750 h2o_lines
column dry_air hydrostatic (0.999946)  (1.06005e+24 cm^-2)
! Warning: Column included 5264 unresolved lines.
column h2o hydrostatic 1.8e-05  (1.9082e+19 cm^-2)  (* 3.00500)
! Warning: Column included 838 unresolved lines.
column o3 hydrostatic 5.11e-08  (5.41716e+16 cm^-2)
! Warning: Column included 33099 unresolved lines.

layer troposphere
# P 225 mbar
# T 224.47 K
# dP 50 mbar
Pbase 250 mbar
Tbase 229.9 K
Mair 28.964 h2o o3  (28.9628)
lineshape Gross ch4 co co2 n2o o2_uncoupled o3
lineshape VVW_coupled o2_coupled
lineshape VVH_750 h2o_lines
column dry_air hydrostatic (0.99989)  (1.06001e+24 cm^-2)
! Warning: Column included 5264 unresolved lines.
column h2o hydrostatic 3.66e-05  (3.88008e+19 cm^-2)  (* 3.00500)
! Warning: Column included 838 unresolved lines.
column o3 hydrostatic 4.31e-08  (4.56917e+16 cm^-2)
! Warning: Column included 33099 unresolved lines.

layer troposphere
# P 275 mbar
# T 234.918 K
# dP 50 mbar
Pbase 300 mbar
Tbase 239.5 K
Mair 28.964 h2o o3  (28.9625)
lineshape Gross ch4 co co2 n2o o2_uncoupled o3
lineshape VVW_coupled o2_coupled
lineshape VVH_750 h2o_lines
column dry_air hydrostatic (0.99986)  (1.06e+24 cm^-2)
! Warning: Column included 5264 unresolved lines.
column h2o hydrostatic 4.65e-05  (4.92967e+19 cm^-2)  (* 3.00500)
! Warning: Column included 829 unresolved lines.
column o3 hydrostatic 4.26e-08  (4.51621e+16 cm^-2)
! Warning: Column included 33099 unresolved lines.

layer troposphere
# P 325 mbar
# T 243.758 K
# dP 50 mbar
Pbase 350 mbar
Tbase 247.7 K
Mair 28.964 h2o o3  (28.9624)
lineshape Gross ch4 co co2 n2o o2_uncoupled o3
lineshape VVW_coupled o2_coupled
lineshape VVH_750 h2o_lines
column dry_air hydrostatic (0.999855)  (1.05999e+24 cm^-2)
! Warning: Column included 5219 unresolved lines.
column h2o hydrostatic 4.83e-05  (5.1205e+19 cm^-2)  (* 3.00500)
! Warning: Column included 658 unresolved lines.
column o3 hydrostatic 4.31e-08  (4.56923e+16 cm^-2)
! Warning: Column included 33030 unresolved lines.

layer troposphere
# P 375 mbar
# T 251.317 K
# dP 50 mbar
Pbase 400 mbar
Tbase 254.7 K
Mair 28.964 h2o o3  (28.9617)
lineshape Gross ch4 co co2 n2o o2_uncoupled o3
lineshape VVW_coupled o2_coupled
lineshape VVH_750 h2o_lines
column dry_air hydrostatic (0.999794)  (1.05995e+24 cm^-2)
! Warning: Column included 4912 unresolved lines.
column h2o hydrostatic 6.86e-05  (7.27277e+19 cm^-2)  (* 3.00500)
! Warning: Column included 484 unresolved lines.
column o3 hydrostatic 4.38e-08  (4.64354e+16 cm^-2)
! Warning: Column included 26730 unresolved lines.

layer troposphere
# P 425 mbar
# T 257.891 K
# dP 50 mbar
Pbase 450 mbar
Tbase 260.9 K
Mair 28.964 h2o o3  (28.9595)
lineshape Gross ch4 co co2 n2o o2_uncoupled o3
lineshape VVW_coupled o2_coupled
lineshape VVH_750 h2o_lines
column dry_air hydrostatic (0.999591)  (1.05982e+24 cm^-2)
! Warning: Column included 4251 unresolved lines.
column h2o hydrostatic 0.000136  (1.44194e+20 cm^-2)  (* 3.00500)
! Warning: Column included 393 unresolved lines.
column o3 hydrostatic 4.41e-08  (4.67571e+16 cm^-2)
! Warning: Column included 12873 unresolved lines.

layer troposphere
# P 475 mbar
# T 263.671 K
# dP 50 mbar
Pbase 500 mbar
Tbase 266.3 K
Mair 28.964 h2o o3  (28.9555)
lineshape Gross ch4 co co2 n2o o2_uncoupled o3
lineshape VVW_coupled o2_coupled
lineshape VVH_750 h2o_lines
column dry_air hydrostatic (0.999225)  (1.05958e+24 cm^-2)
! Warning: Column included 3482 unresolved lines.
column h2o hydrostatic 0.000258  (2.73583e+20 cm^-2)  (* 3.00500)
! Warning: Column included 315 unresolved lines.
column o3 hydrostatic 4.36e-08  (4.62334e+16 cm^-2)

layer troposphere
# P 521 mbar
# T 268.187 K
# dP 42 mbar
Pbase 542 mbar (observing level)
Tbase 270 K
Mair 28.964 h2o o3  (28.9473)
lineshape Gross ch4 co co2 n2o o2_uncoupled o3
lineshape VVW_coupled o2_coupled
lineshape VVH_750 h2o_lines
column dry_air hydrostatic (0.998473)  (8.89627e+23 cm^-2)
! Warning: Column included 3079 unresolved lines.
column h2o hydrostatic 0.000508  (4.52622e+20 cm^-2)  (* 3.00500)
! Warning: Column included 260 unresolved lines.
column o3 hydrostatic 4.26e-08  (3.79561e+16 cm^-2)

#
# column densities [cm^-2], including scale factors
#
#                           zenith             line-of-sight     
# mesosphere (5 layers):
#                  dry_air  1.484112e+22       1.713705e+22      
#                      h2o  9.718894e+16       1.122241e+17      
#                            (0.029075 um_pwv)  (0.0335729 um_pwv)
#                       o3  2.677784e+16       3.092039e+16      
#                            (0.996644 DU)      (1.15083 DU)      
#
# stratosphere (12 layers):
#                  dry_air  1.469267e+24       1.696564e+24      
#                      h2o  6.602387e+18       7.623780e+18      
#                            (1.97517 um_pwv)   (2.28073 um_pwv)  
#                       o3  5.984689e+18       6.910524e+18      
#                            (222.744 DU)       (257.203 DU)      
#
# troposphere (10 layers):
#                  dry_air  1.000515e+25       1.155295e+25      
#                      h2o  3.334811e+21       3.850708e+21      
#                            (997.64 um_pwv)    (1151.98 um_pwv)  
#                       o3  6.742543e+17       7.785617e+17      
#                            (25.0951 DU)       (28.9773 DU)      
#
# total (27 layers):
#                  dry_air  1.148926e+25       1.326665e+25      
#                      h2o  3.341510e+21       3.858444e+21      
#                            (999.644 um_pwv)   (1154.29 um_pwv)  
#                       o3  6.685721e+18       7.720006e+18      
#                            (248.836 DU)       (287.331 DU)      
#

! Warning: Encountered in-band lines narrower than the frequency
!          grid spacing.  The output configuration data includes
!          the unresolved line count after each column definition
!          for which this occurred.  Count: 211

