1.000000 0
1.000000e+01 3.589849e+00
1.050000e+01 3.605150e+00
1.100000e+01 3.625253e+00
1.150000e+01 3.635990e+00
1.200000e+01 3.653257e+00
1.250000e+01 3.672253e+00
1.300000e+01 3.692908e+00
1.350000e+01 3.715391e+00
1.400000e+01 3.739799e+00
1.450000e+01 3.766777e+00
1.500000e+01 3.797847e+00
1.550000e+01 3.828575e+00
1.600000e+01 3.866299e+00
1.650000e+01 3.907213e+00
1.700000e+01 3.955434e+00
1.750000e+01 4.013073e+00
1.800000e+01 4.083572e+00
1.850000e+01 4.172735e+00
1.900000e+01 4.290150e+00
1.950000e+01 4.451962e+00
2.000000e+01 4.685908e+00
2.050000e+01 5.038591e+00
2.100000e+01 5.580576e+00
2.150000e+01 6.372971e+00
2.200000e+01 7.250449e+00
2.250000e+01 7.376778e+00
2.300000e+01 6.732211e+00
2.350000e+01 6.091458e+00
2.400000e+01 5.648379e+00
2.450000e+01 5.359972e+00
2.500000e+01 5.191176e+00
2.550000e+01 5.101344e+00
2.600000e+01 5.042850e+00
2.650000e+01 5.023827e+00
2.700000e+01 5.028149e+00
2.750000e+01 5.049855e+00
2.800000e+01 5.083256e+00
2.850000e+01 5.128329e+00
2.900000e+01 5.208975e+00
2.950000e+01 5.246785e+00
3.000000e+01 5.368467e+00
3.050000e+01 5.423073e+00
3.100000e+01 5.476986e+00
3.150000e+01 5.567141e+00
3.200000e+01 5.665378e+00
3.250000e+01 5.770952e+00
3.300000e+01 5.884348e+00
3.350000e+01 6.005858e+00
3.400000e+01 6.135641e+00
3.450000e+01 6.274646e+00
3.500000e+01 6.423831e+00
3.550000e+01 6.583398e+00
3.600000e+01 6.820016e+00
3.650000e+01 6.936262e+00
3.700000e+01 7.131189e+00
3.750000e+01 7.345677e+00
3.800000e+01 7.582989e+00
3.850000e+01 7.809177e+00
3.900000e+01 8.069946e+00
3.950000e+01 8.356122e+00
4.000000e+01 8.656727e+00
4.050000e+01 8.987700e+00
4.100000e+01 9.347454e+00
4.150000e+01 9.739283e+00
4.200000e+01 1.016757e+01
4.250000e+01 1.063889e+01
4.300000e+01 1.116090e+01
4.350000e+01 1.173437e+01
4.400000e+01 1.234522e+01
4.450000e+01 1.303280e+01
4.500000e+01 1.380813e+01
4.550000e+01 1.466291e+01
4.600000e+01 1.562985e+01
4.650000e+01 1.672183e+01
4.700000e+01 1.796239e+01
4.750000e+01 1.938083e+01
4.800000e+01 2.101526e+01
4.850000e+01 2.291620e+01
4.900000e+01 2.515148e+01
4.950000e+01 2.781912e+01
5.000000e+01 3.109579e+01
5.050000e+01 3.512653e+01
5.100000e+01 4.053396e+01
5.150000e+01 4.870633e+01
5.200000e+01 5.931406e+01
5.250000e+01 7.586179e+01
5.300000e+01 1.009465e+02
5.350000e+01 1.360003e+02
5.400000e+01 1.780988e+02
5.450000e+01 2.181620e+02
5.500000e+01 2.456539e+02
5.550000e+01 2.588599e+02
5.600000e+01 2.635948e+02
5.650000e+01 2.652811e+02
5.700000e+01 2.661542e+02
5.750000e+01 2.667195e+02
5.800000e+01 2.671335e+02
5.850000e+01 2.674050e+02
5.900000e+01 2.674547e+02
5.950000e+01 2.675385e+02
6.000000e+01 2.676926e+02
6.050000e+01 2.678000e+02
6.100000e+01 2.677092e+02
6.150000e+01 2.676139e+02
6.200000e+01 2.675066e+02
6.250000e+01 2.672329e+02
6.300000e+01 2.663915e+02
6.350000e+01 2.647731e+02
6.400000e+01 2.614688e+02
6.450000e+01 2.518202e+02
6.500000e+01 2.283043e+02
6.550000e+01 1.913196e+02
6.600000e+01 1.506877e+02
6.650000e+01 1.155136e+02
6.700000e+01 8.926666e+01
6.750000e+01 7.120719e+01
6.800000e+01 5.878883e+01
6.850000e+01 5.025752e+01
6.900000e+01 4.403923e+01
6.950000e+01 3.932136e+01
7.000000e+01 3.554877e+01
7.050000e+01 3.245345e+01
7.100000e+01 2.985508e+01
7.150000e+01 2.764525e+01
7.200000e+01 2.573382e+01
7.250000e+01 2.407990e+01
7.300000e+01 2.262376e+01
7.350000e+01 2.134483e+01
7.400000e+01 2.021442e+01
7.450000e+01 1.920828e+01
7.500000e+01 1.832034e+01
7.550000e+01 1.753171e+01
7.600000e+01 1.679431e+01
7.650000e+01 1.679829e+01
7.700000e+01 1.552392e+01
7.750000e+01 1.504213e+01
7.800000e+01 1.446733e+01
7.850000e+01 1.401271e+01
7.900000e+01 1.367812e+01
7.950000e+01 1.324899e+01
8.000000e+01 1.293189e+01
8.050000e+01 1.263856e+01
8.100000e+01 1.232145e+01
8.150000e+01 1.200567e+01
8.200000e+01 1.171693e+01
8.250000e+01 1.145735e+01
8.300000e+01 1.122288e+01
8.350000e+01 1.100960e+01
8.400000e+01 1.081445e+01
8.450000e+01 1.063504e+01
8.500000e+01 1.047043e+01
8.550000e+01 1.031881e+01
8.600000e+01 1.017944e+01
8.650000e+01 1.005253e+01
8.700000e+01 9.937056e+00
8.750000e+01 9.832868e+00
8.800000e+01 9.735866e+00
8.850000e+01 9.638924e+00
8.900000e+01 9.545975e+00
8.950000e+01 9.463788e+00
9.000000e+01 9.395627e+00
9.050000e+01 9.325867e+00
9.100000e+01 9.271000e+00
9.150000e+01 9.216151e+00
9.200000e+01 9.172242e+00
9.250000e+01 9.135869e+00
9.300000e+01 9.110636e+00
9.350000e+01 9.126925e+00
9.400000e+01 9.674591e+00
9.450000e+01 9.072270e+00
9.500000e+01 9.043390e+00
9.550000e+01 9.059002e+00
9.600000e+01 9.217579e+00
9.650000e+01 9.165592e+00
9.700000e+01 9.066778e+00
9.750000e+01 9.072113e+00
9.800000e+01 9.099273e+00
9.850000e+01 9.125637e+00
9.900000e+01 9.173516e+00
9.950000e+01 9.233242e+00
1.000000e+02 9.316056e+00
1.005000e+02 9.575390e+00
1.010000e+02 9.492743e+00
1.015000e+02 9.803160e+00
1.020000e+02 9.859664e+00
1.025000e+02 9.712038e+00
1.030000e+02 9.800005e+00
1.035000e+02 9.965691e+00
1.040000e+02 1.025412e+01
1.045000e+02 1.022186e+01
1.050000e+02 1.038813e+01
1.055000e+02 1.058773e+01
1.060000e+02 1.081538e+01
1.065000e+02 1.107411e+01
1.070000e+02 1.136750e+01
1.075000e+02 1.170297e+01
1.080000e+02 1.209504e+01
1.085000e+02 1.252869e+01
1.090000e+02 1.305171e+01
1.095000e+02 1.412882e+01
1.100000e+02 1.437534e+01
1.105000e+02 1.536454e+01
1.110000e+02 1.682508e+01
1.115000e+02 1.729841e+01
1.120000e+02 1.865096e+01
1.125000e+02 2.037205e+01
1.130000e+02 2.254388e+01
1.135000e+02 2.530839e+01
1.140000e+02 2.892426e+01
1.145000e+02 3.371946e+01
1.150000e+02 4.097510e+01
1.155000e+02 4.955659e+01
1.160000e+02 6.309978e+01
1.165000e+02 8.365409e+01
1.170000e+02 1.156197e+02
1.175000e+02 1.640752e+02
1.180000e+02 2.230631e+02
1.185000e+02 2.538190e+02
1.190000e+02 2.537717e+02
1.195000e+02 2.224365e+02
1.200000e+02 1.626012e+02
1.205000e+02 1.138346e+02
1.210000e+02 8.189675e+01
1.215000e+02 6.146912e+01
1.220000e+02 4.807226e+01
1.225000e+02 3.897646e+01
1.230000e+02 3.261200e+01
1.235000e+02 2.810975e+01
1.240000e+02 2.666387e+01
1.245000e+02 2.210002e+01
1.250000e+02 2.004031e+01
1.255000e+02 1.963407e+01
1.260000e+02 1.698521e+01
1.265000e+02 1.579122e+01
1.270000e+02 1.485127e+01
1.275000e+02 1.410982e+01
1.280000e+02 1.357584e+01
1.285000e+02 1.305920e+01
1.290000e+02 1.249432e+01
1.295000e+02 1.210304e+01
1.300000e+02 1.176727e+01
1.305000e+02 1.148410e+01
1.310000e+02 1.132890e+01
1.315000e+02 1.102663e+01
1.320000e+02 1.084307e+01
1.325000e+02 1.070421e+01
1.330000e+02 1.055008e+01
1.335000e+02 1.041190e+01
1.340000e+02 1.032328e+01
1.345000e+02 1.024527e+01
1.350000e+02 1.013653e+01
1.355000e+02 1.007191e+01
1.360000e+02 1.002695e+01
1.365000e+02 1.002771e+01
1.370000e+02 1.015971e+01
1.375000e+02 9.943949e+00
1.380000e+02 9.928199e+00
1.385000e+02 9.924125e+00
1.390000e+02 9.899136e+00
1.395000e+02 9.859161e+00
1.400000e+02 9.892491e+00
1.405000e+02 9.843940e+00
1.410000e+02 9.872795e+00
1.415000e+02 9.976300e+00
1.420000e+02 1.118700e+01
1.425000e+02 1.041707e+01
1.430000e+02 1.006420e+01
1.435000e+02 1.007607e+01
1.440000e+02 1.009357e+01
1.445000e+02 1.013732e+01
1.450000e+02 1.124745e+01
1.455000e+02 1.004584e+01
1.460000e+02 1.001056e+01
1.465000e+02 1.000713e+01
1.470000e+02 1.002880e+01
1.475000e+02 1.006339e+01
1.480000e+02 1.011791e+01
1.485000e+02 1.029800e+01
1.490000e+02 1.034481e+01
1.495000e+02 1.029539e+01
1.500000e+02 1.039539e+01
1.505000e+02 1.060204e+01
1.510000e+02 1.065325e+01
1.515000e+02 1.056554e+01
1.520000e+02 1.057187e+01
1.525000e+02 1.058287e+01
1.530000e+02 1.063360e+01
1.535000e+02 1.074451e+01
1.540000e+02 1.243665e+01
1.545000e+02 1.086355e+01
1.550000e+02 1.087650e+01
1.555000e+02 1.094168e+01
1.560000e+02 1.107240e+01
1.565000e+02 1.113593e+01
1.570000e+02 1.118876e+01
1.575000e+02 1.127738e+01
1.580000e+02 1.137311e+01
1.585000e+02 1.150068e+01
1.590000e+02 1.158650e+01
1.595000e+02 1.170727e+01
1.600000e+02 1.182570e+01
1.605000e+02 1.195176e+01
1.610000e+02 1.208667e+01
1.615000e+02 1.222772e+01
1.620000e+02 1.238053e+01
1.625000e+02 1.254495e+01
1.630000e+02 1.272361e+01
1.635000e+02 1.291967e+01
1.640000e+02 1.314688e+01
1.645000e+02 1.348590e+01
1.650000e+02 1.608352e+01
1.655000e+02 1.464205e+01
1.660000e+02 1.525528e+01
1.665000e+02 1.448088e+01
1.670000e+02 1.467220e+01
1.675000e+02 1.537875e+01
1.680000e+02 1.531384e+01
1.685000e+02 1.566576e+01
1.690000e+02 1.618122e+01
1.695000e+02 1.654375e+01
1.700000e+02 1.708233e+01
1.705000e+02 1.762160e+01
1.710000e+02 1.826396e+01
1.715000e+02 1.901918e+01
1.720000e+02 1.977322e+01
1.725000e+02 2.068366e+01
1.730000e+02 2.173591e+01
1.735000e+02 2.385310e+01
1.740000e+02 2.429829e+01
1.745000e+02 2.590616e+01
1.750000e+02 2.793478e+01
1.755000e+02 3.115556e+01
1.760000e+02 3.288812e+01
1.765000e+02 3.564649e+01
1.770000e+02 3.926604e+01
1.775000e+02 4.378666e+01
1.780000e+02 4.943170e+01
1.785000e+02 5.654809e+01
1.790000e+02 6.555230e+01
1.795000e+02 7.712853e+01
1.800000e+02 9.231222e+01
1.805000e+02 1.113529e+02
1.810000e+02 1.357683e+02
1.815000e+02 1.651736e+02
1.820000e+02 1.969576e+02
1.825000e+02 2.249122e+02
1.830000e+02 2.420322e+02
1.835000e+02 2.436149e+02
1.840000e+02 2.287530e+02
1.845000e+02 2.032529e+02
1.850000e+02 1.720999e+02
1.855000e+02 1.430616e+02
1.860000e+02 1.184816e+02
1.865000e+02 9.893404e+01
1.870000e+02 8.365736e+01
1.875000e+02 7.173950e+01
1.880000e+02 6.242029e+01
1.885000e+02 5.502889e+01
1.890000e+02 4.914495e+01
1.895000e+02 4.437294e+01
1.900000e+02 4.048499e+01
1.905000e+02 3.730846e+01
1.910000e+02 3.461503e+01
1.915000e+02 3.238333e+01
1.920000e+02 3.050936e+01
1.925000e+02 2.893354e+01
1.930000e+02 2.768063e+01
1.935000e+02 2.683817e+01
1.940000e+02 2.551432e+01
1.945000e+02 2.459485e+01
1.950000e+02 2.409385e+01
1.955000e+02 2.900096e+01
1.960000e+02 2.267070e+01
1.965000e+02 2.174708e+01
1.970000e+02 2.117751e+01
1.975000e+02 2.073474e+01
1.980000e+02 2.038050e+01
1.985000e+02 1.999591e+01
1.990000e+02 1.975478e+01
1.995000e+02 1.973332e+01
2.000000e+02 1.938052e+01
2.005000e+02 1.939773e+01
2.010000e+02 2.015014e+01
2.015000e+02 1.923731e+01
2.020000e+02 1.907927e+01
2.025000e+02 1.915860e+01
2.030000e+02 1.935417e+01
2.035000e+02 1.950577e+01
2.040000e+02 1.892356e+01
2.045000e+02 1.844088e+01
2.050000e+02 1.808293e+01
2.055000e+02 1.784793e+01
2.060000e+02 1.790173e+01
2.065000e+02 1.762986e+01
2.070000e+02 1.740830e+01
2.075000e+02 1.740915e+01
2.080000e+02 1.736581e+01
2.085000e+02 1.890091e+01
2.090000e+02 1.753544e+01
2.095000e+02 1.723260e+01
2.100000e+02 1.709723e+01
2.105000e+02 1.741296e+01
2.110000e+02 1.736257e+01
2.115000e+02 1.696180e+01
2.120000e+02 1.690571e+01
2.125000e+02 1.688469e+01
2.130000e+02 1.688003e+01
2.135000e+02 1.688609e+01
2.140000e+02 1.691587e+01
2.145000e+02 1.708407e+01
2.150000e+02 2.174516e+01
2.155000e+02 1.705670e+01
2.160000e+02 1.701876e+01
2.165000e+02 1.692635e+01
2.170000e+02 1.693311e+01
2.175000e+02 1.702158e+01
2.180000e+02 1.699638e+01
2.185000e+02 1.699981e+01
2.190000e+02 1.702384e+01
2.195000e+02 1.705660e+01
2.200000e+02 1.710434e+01
2.205000e+02 1.712559e+01
2.210000e+02 1.716794e+01
2.215000e+02 1.721791e+01
2.220000e+02 1.727217e+01
2.225000e+02 1.734646e+01
2.230000e+02 1.742863e+01
2.235000e+02 1.753862e+01
2.240000e+02 1.769259e+01
2.245000e+02 1.791083e+01
2.250000e+02 1.827089e+01
2.255000e+02 1.877979e+01
2.260000e+02 2.153356e+01
2.265000e+02 1.900283e+01
2.270000e+02 1.844235e+01
2.275000e+02 1.818679e+01
2.280000e+02 1.807065e+01
2.285000e+02 1.803188e+01
2.290000e+02 1.806436e+01
2.295000e+02 1.884831e+01
2.300000e+02 1.825165e+01
2.305000e+02 1.851843e+01
2.310000e+02 1.936237e+01
2.315000e+02 1.996180e+01
2.320000e+02 1.875695e+01
2.325000e+02 1.887680e+01
2.330000e+02 1.938621e+01
2.335000e+02 2.082706e+01
2.340000e+02 2.569980e+01
2.345000e+02 2.059131e+01
2.350000e+02 1.973424e+01
2.355000e+02 2.151888e+01
2.360000e+02 2.056049e+01
2.365000e+02 1.955216e+01
2.370000e+02 2.319502e+01
2.375000e+02 2.016281e+01
2.380000e+02 1.943284e+01
2.385000e+02 2.000611e+01
2.390000e+02 2.635817e+01
2.395000e+02 2.078695e+01
2.400000e+02 2.057979e+01
2.405000e+02 2.023687e+01
2.410000e+02 2.022005e+01
2.415000e+02 2.052748e+01
2.420000e+02 2.148768e+01
2.425000e+02 2.318933e+01
2.430000e+02 2.092882e+01
2.435000e+02 3.324845e+01
2.440000e+02 2.090584e+01
2.445000e+02 2.012099e+01
2.450000e+02 1.990561e+01
2.455000e+02 1.988178e+01
2.460000e+02 1.992683e+01
2.465000e+02 2.040053e+01
2.470000e+02 2.016360e+01
2.475000e+02 2.069700e+01
2.480000e+02 2.321724e+01
2.485000e+02 2.156828e+01
2.490000e+02 2.093275e+01
2.495000e+02 2.232972e+01
2.500000e+02 3.784100e+01
2.505000e+02 2.172948e+01
2.510000e+02 2.189330e+01
2.515000e+02 2.168380e+01
2.520000e+02 2.118774e+01
2.525000e+02 2.110424e+01
2.530000e+02 2.104825e+01
2.535000e+02 2.112722e+01
2.540000e+02 2.127583e+01
2.545000e+02 2.148521e+01
2.550000e+02 2.167093e+01
2.555000e+02 2.162343e+01
2.560000e+02 2.154342e+01
2.565000e+02 2.152730e+01
2.570000e+02 2.154108e+01
2.575000e+02 2.164833e+01
2.580000e+02 2.212410e+01
2.585000e+02 2.375658e+01
2.590000e+02 2.300808e+01
2.595000e+02 2.201030e+01
2.600000e+02 2.191335e+01
2.605000e+02 2.193021e+01
2.610000e+02 2.200117e+01
2.615000e+02 2.207708e+01
2.620000e+02 2.221396e+01
2.625000e+02 2.253039e+01
2.630000e+02 2.341800e+01
2.635000e+02 2.486240e+01
2.640000e+02 2.397448e+01
2.645000e+02 2.309466e+01
2.650000e+02 2.444952e+01
2.655000e+02 2.329941e+01
2.660000e+02 2.349694e+01
2.665000e+02 2.363532e+01
2.670000e+02 2.453711e+01
2.675000e+02 2.472521e+01
2.680000e+02 2.348046e+01
2.685000e+02 2.339047e+01
2.690000e+02 2.336340e+01
2.695000e+02 2.340083e+01
2.700000e+02 2.346305e+01
2.705000e+02 2.356720e+01
2.710000e+02 2.373396e+01
2.715000e+02 2.376464e+01
2.720000e+02 2.398121e+01
2.725000e+02 2.430779e+01
2.730000e+02 3.445579e+01
2.735000e+02 2.474744e+01
2.740000e+02 2.471325e+01
2.745000e+02 3.513199e+01
2.750000e+02 2.489830e+01
2.755000e+02 2.501327e+01
2.760000e+02 2.568006e+01
2.765000e+02 2.633953e+01
2.770000e+02 2.733131e+01
2.775000e+02 2.523903e+01
2.780000e+02 2.512980e+01
2.785000e+02 2.538090e+01
2.790000e+02 2.528544e+01
2.795000e+02 3.081324e+01
2.800000e+02 2.578082e+01
2.805000e+02 2.543783e+01
2.810000e+02 2.622765e+01
2.815000e+02 2.576717e+01
2.820000e+02 2.581055e+01
2.825000e+02 2.596240e+01
2.830000e+02 2.642608e+01
2.835000e+02 2.610524e+01
2.840000e+02 2.619663e+01
2.845000e+02 2.634678e+01
2.850000e+02 2.654635e+01
2.855000e+02 2.706475e+01
2.860000e+02 3.407332e+01
2.865000e+02 2.887154e+01
2.870000e+02 2.724103e+01
2.875000e+02 2.713079e+01
2.880000e+02 2.729179e+01
2.885000e+02 2.798245e+01
2.890000e+02 4.549664e+01
2.895000e+02 2.800024e+01
2.900000e+02 2.772689e+01
2.905000e+02 2.774373e+01
2.910000e+02 2.931009e+01
2.915000e+02 2.798848e+01
2.920000e+02 2.810417e+01
2.925000e+02 2.842788e+01
2.930000e+02 3.031442e+01
2.935000e+02 3.115161e+01
2.940000e+02 2.880477e+01
2.945000e+02 2.878824e+01
2.950000e+02 2.890114e+01
2.955000e+02 2.907432e+01
2.960000e+02 2.924640e+01
2.965000e+02 2.945056e+01
2.970000e+02 2.976198e+01
2.975000e+02 3.017004e+01
2.980000e+02 3.105611e+01
2.985000e+02 3.477207e+01
2.990000e+02 3.136314e+01
2.995000e+02 3.156718e+01
3.000000e+02 3.115774e+01
3.005000e+02 3.216200e+01
3.010000e+02 3.273721e+01
3.015000e+02 3.579049e+01
3.020000e+02 3.652388e+01
3.025000e+02 3.280122e+01
3.030000e+02 3.495702e+01
3.035000e+02 3.319743e+01
3.040000e+02 3.262076e+01
3.045000e+02 3.295263e+01
3.050000e+02 3.345235e+01
3.055000e+02 3.313378e+01
3.060000e+02 3.327967e+01
3.065000e+02 3.349873e+01
3.070000e+02 3.378388e+01
3.075000e+02 3.416275e+01
3.080000e+02 3.444618e+01
3.085000e+02 3.491685e+01
3.090000e+02 3.529605e+01
3.095000e+02 3.583497e+01
3.100000e+02 3.816252e+01
3.105000e+02 3.699610e+01
3.110000e+02 3.736157e+01
3.115000e+02 3.782160e+01
3.120000e+02 3.839220e+01
3.125000e+02 3.911845e+01
3.130000e+02 3.997586e+01
3.135000e+02 4.095279e+01
3.140000e+02 4.196065e+01
3.145000e+02 4.268166e+01
3.150000e+02 4.377416e+01
3.155000e+02 4.557612e+01
3.160000e+02 5.051363e+01
3.165000e+02 5.128941e+01
3.170000e+02 5.069050e+01
3.175000e+02 5.252761e+01
3.180000e+02 5.507378e+01
3.185000e+02 5.847400e+01
3.190000e+02 6.285590e+01
3.195000e+02 6.879002e+01
3.200000e+02 1.052573e+02
3.205000e+02 8.608252e+01
3.210000e+02 9.631266e+01
3.215000e+02 1.053923e+02
3.220000e+02 1.178272e+02
3.225000e+02 1.350409e+02
3.230000e+02 1.583368e+02
3.235000e+02 1.866796e+02
3.240000e+02 2.162105e+02
3.245000e+02 2.396232e+02
3.250000e+02 2.509788e+02
3.255000e+02 2.474488e+02
3.260000e+02 2.303337e+02
3.265000e+02 2.044102e+02
3.270000e+02 1.781167e+02
3.275000e+02 1.479618e+02
3.280000e+02 1.266391e+02
3.285000e+02 1.093174e+02
3.290000e+02 9.637661e+01
3.295000e+02 8.646645e+01
3.300000e+02 7.879371e+01
3.305000e+02 7.279860e+01
3.310000e+02 6.809106e+01
3.315000e+02 6.438257e+01
3.320000e+02 6.160910e+01
3.325000e+02 6.158812e+01
3.330000e+02 6.041303e+01
3.335000e+02 5.549778e+01
3.340000e+02 5.393707e+01
3.345000e+02 5.279672e+01
3.350000e+02 5.220405e+01
3.355000e+02 5.156780e+01
3.360000e+02 5.047294e+01
3.365000e+02 4.971018e+01
3.370000e+02 4.911822e+01
3.375000e+02 4.868269e+01
3.380000e+02 4.828084e+01
3.385000e+02 4.801939e+01
3.390000e+02 4.780304e+01
3.395000e+02 4.764379e+01
3.400000e+02 4.754765e+01
3.405000e+02 4.749711e+01
3.410000e+02 4.748568e+01
3.415000e+02 4.751308e+01
3.420000e+02 4.761230e+01
3.425000e+02 4.777274e+01
3.430000e+02 4.855903e+01
3.435000e+02 5.150742e+01
3.440000e+02 4.830123e+01
3.445000e+02 4.856434e+01
3.450000e+02 4.982828e+01
3.455000e+02 4.918247e+01
3.460000e+02 4.932158e+01
3.465000e+02 4.934281e+01
3.470000e+02 4.955968e+01
3.475000e+02 4.983870e+01
3.480000e+02 5.018442e+01
3.485000e+02 5.054069e+01
3.490000e+02 5.101256e+01
3.495000e+02 5.150927e+01
3.500000e+02 5.201496e+01
3.505000e+02 5.265328e+01
3.510000e+02 5.365896e+01
3.515000e+02 5.576081e+01
3.520000e+02 5.689506e+01
3.525000e+02 6.088136e+01
3.530000e+02 5.735166e+01
3.535000e+02 5.602397e+01
3.540000e+02 5.636543e+01
3.545000e+02 5.717249e+01
3.550000e+02 7.027096e+01
3.555000e+02 5.865096e+01
3.560000e+02 5.932811e+01
3.565000e+02 6.022016e+01
3.570000e+02 6.113796e+01
3.575000e+02 6.535065e+01
3.580000e+02 6.496894e+01
3.585000e+02 6.651097e+01
3.590000e+02 7.237264e+01
3.595000e+02 6.915411e+01
3.600000e+02 6.835028e+01
3.605000e+02 6.908043e+01
3.610000e+02 7.052938e+01
3.615000e+02 7.273411e+01
3.620000e+02 7.411191e+01
3.625000e+02 7.597068e+01
3.630000e+02 7.835639e+01
3.635000e+02 8.817727e+01
3.640000e+02 8.453465e+01
3.645000e+02 1.078514e+02
3.650000e+02 9.075351e+01
3.655000e+02 9.464819e+01
3.660000e+02 1.003038e+02
3.665000e+02 1.088318e+02
3.670000e+02 1.211298e+02
3.675000e+02 1.412619e+02
3.680000e+02 1.818037e+02
3.685000e+02 2.418020e+02
3.690000e+02 1.868744e+02
3.695000e+02 1.553435e+02
3.700000e+02 1.447929e+02
3.705000e+02 1.435378e+02
3.710000e+02 1.563223e+02
3.715000e+02 1.522311e+02
3.720000e+02 1.593941e+02
3.725000e+02 1.680666e+02
3.730000e+02 1.780978e+02
3.735000e+02 1.889122e+02
3.740000e+02 2.007407e+02
3.745000e+02 2.132297e+02
3.750000e+02 2.264043e+02
3.755000e+02 2.381641e+02
3.760000e+02 2.491016e+02
3.765000e+02 2.578616e+02
3.770000e+02 2.639100e+02
3.775000e+02 2.672252e+02
3.780000e+02 2.686084e+02
3.785000e+02 2.691136e+02
3.790000e+02 2.693641e+02
3.795000e+02 2.695136e+02
3.800000e+02 2.695802e+02
3.805000e+02 2.695656e+02
3.810000e+02 2.694705e+02
3.815000e+02 2.692924e+02
3.820000e+02 2.689963e+02
3.825000e+02 2.683392e+02
3.830000e+02 2.665887e+02
3.835000e+02 2.627760e+02
3.840000e+02 2.563949e+02
3.845000e+02 2.476732e+02
3.850000e+02 2.372983e+02
3.855000e+02 2.260579e+02
3.860000e+02 2.145173e+02
3.865000e+02 2.031262e+02
3.870000e+02 1.930696e+02
3.875000e+02 1.827418e+02
3.880000e+02 1.729085e+02
3.885000e+02 1.646336e+02
3.890000e+02 1.575811e+02
3.895000e+02 1.517586e+02
3.900000e+02 1.471320e+02
3.905000e+02 1.427576e+02
3.910000e+02 1.367634e+02
3.915000e+02 1.304579e+02
3.920000e+02 1.248292e+02
3.925000e+02 1.227163e+02
3.930000e+02 1.162763e+02
3.935000e+02 1.118693e+02
3.940000e+02 1.085315e+02
3.945000e+02 1.056483e+02
3.950000e+02 1.042474e+02
3.955000e+02 1.008504e+02
3.960000e+02 9.888556e+01
3.965000e+02 1.055651e+02
3.970000e+02 9.976784e+01
3.975000e+02 9.380638e+01
3.980000e+02 9.236375e+01
3.985000e+02 9.115985e+01
3.990000e+02 9.019319e+01
3.995000e+02 8.966394e+01
4.000000e+02 9.461601e+01
2.000000 0
1.000000e+01 3.619169e+00
1.050000e+01 3.638243e+00
1.100000e+01 3.661401e+00
1.150000e+01 3.675542e+00
1.200000e+01 3.696868e+00
1.250000e+01 3.720559e+00
1.300000e+01 3.746721e+00
1.350000e+01 3.775686e+00
1.400000e+01 3.807624e+00
1.450000e+01 3.843515e+00
1.500000e+01 3.885320e+00
1.550000e+01 3.929130e+00
1.600000e+01 3.983008e+00
1.650000e+01 4.044200e+00
1.700000e+01 4.118369e+00
1.750000e+01 4.209964e+00
1.800000e+01 4.326042e+00
1.850000e+01 4.478165e+00
1.900000e+01 4.685381e+00
1.950000e+01 4.979786e+00
2.000000e+01 5.416401e+00
2.050000e+01 6.087471e+00
2.100000e+01 7.132415e+00
2.150000e+01 8.669228e+00
2.200000e+01 1.036120e+01
2.250000e+01 1.057440e+01
2.300000e+01 9.267631e+00
2.350000e+01 7.956078e+00
2.400000e+01 7.027375e+00
2.450000e+01 6.414549e+00
2.500000e+01 6.029470e+00
2.550000e+01 5.792154e+00
2.600000e+01 5.630638e+00
2.650000e+01 5.537826e+00
2.700000e+01 5.487645e+00
2.750000e+01 5.467761e+00
2.800000e+01 5.469293e+00
2.850000e+01 5.489888e+00
2.900000e+01 5.551583e+00
2.950000e+01 5.574804e+00
3.000000e+01 5.685059e+00
3.050000e+01 5.730992e+00
3.100000e+01 5.778339e+00
3.150000e+01 5.863582e+00
3.200000e+01 5.958305e+00
3.250000e+01 6.061534e+00
3.300000e+01 6.173573e+00
3.350000e+01 6.294568e+00
3.400000e+01 6.424560e+00
3.450000e+01 6.564398e+00
3.500000e+01 6.714961e+00
3.550000e+01 6.876386e+00
3.600000e+01 7.115181e+00
3.650000e+01 7.234193e+00
3.700000e+01 7.432117e+00
3.750000e+01 7.649898e+00
3.800000e+01 7.890758e+00
3.850000e+01 8.120775e+00
3.900000e+01 8.385568e+00
3.950000e+01 8.675963e+00
4.000000e+01 8.980982e+00
4.050000e+01 9.316526e+00
4.100000e+01 9.680999e+00
4.150000e+01 1.007768e+01
4.200000e+01 1.051094e+01
4.250000e+01 1.098733e+01
4.300000e+01 1.151448e+01
4.350000e+01 1.209319e+01
4.400000e+01 1.270937e+01
4.450000e+01 1.340234e+01
4.500000e+01 1.418309e+01
4.550000e+01 1.504338e+01
4.600000e+01 1.601589e+01
4.650000e+01 1.711354e+01
4.700000e+01 1.835995e+01
4.750000e+01 1.978461e+01
4.800000e+01 2.142588e+01
4.850000e+01 2.333481e+01
4.900000e+01 2.557999e+01
4.950000e+01 2.825983e+01
5.000000e+01 3.154802e+01
5.050000e+01 3.557727e+01
5.100000e+01 4.096943e+01
5.150000e+01 4.912129e+01
5.200000e+01 5.970585e+01
5.250000e+01 7.621970e+01
5.300000e+01 1.012534e+02
5.350000e+01 1.362362e+02
5.400000e+01 1.782507e+02
5.450000e+01 2.182377e+02
5.500000e+01 2.456819e+02
5.550000e+01 2.588681e+02
5.600000e+01 2.635973e+02
5.650000e+01 2.652820e+02
5.700000e+01 2.661544e+02
5.750000e+01 2.667194e+02
5.800000e+01 2.671332e+02
5.850000e+01 2.674045e+02
5.900000e+01 2.674543e+02
5.950000e+01 2.675380e+02
6.000000e+01 2.676922e+02
6.050000e+01 2.677995e+02
6.100000e+01 2.677088e+02
6.150000e+01 2.676135e+02
6.200000e+01 2.675064e+02
6.250000e+01 2.672328e+02
6.300000e+01 2.663922e+02
6.350000e+01 2.647759e+02
6.400000e+01 2.614774e+02
6.450000e+01 2.518497e+02
6.500000e+01 2.283935e+02
6.550000e+01 1.915137e+02
6.600000e+01 1.510078e+02
6.650000e+01 1.159522e+02
6.700000e+01 8.980244e+01
6.750000e+01 7.181692e+01
6.800000e+01 5.945095e+01
6.850000e+01 5.095415e+01
6.900000e+01 4.476182e+01
6.950000e+01 4.006634e+01
7.000000e+01 3.631454e+01
7.050000e+01 3.323900e+01
7.100000e+01 3.065973e+01
7.150000e+01 2.846844e+01
7.200000e+01 2.657514e+01
7.250000e+01 2.493896e+01
7.300000e+01 2.350032e+01
7.350000e+01 2.223870e+01
7.400000e+01 2.112548e+01
7.450000e+01 2.013655e+01
7.500000e+01 1.926586e+01
7.550000e+01 1.849471e+01
7.600000e+01 1.777533e+01
7.650000e+01 1.779498e+01
7.700000e+01 1.654340e+01
7.750000e+01 1.608270e+01
7.800000e+01 1.553228e+01
7.850000e+01 1.510581e+01
7.900000e+01 1.480544e+01
7.950000e+01 1.442052e+01
8.000000e+01 1.415636e+01
8.050000e+01 1.390914e+01
8.100000e+01 1.359268e+01
8.150000e+01 1.325658e+01
8.200000e+01 1.295291e+01
8.250000e+01 1.268759e+01
8.300000e+01 1.245458e+01
8.350000e+01 1.224761e+01
8.400000e+01 1.206197e+01
8.450000e+01 1.189423e+01
8.500000e+01 1.174290e+01
8.550000e+01 1.160589e+01
8.600000e+01 1.148245e+01
8.650000e+01 1.137310e+01
8.700000e+01 1.127732e+01
8.750000e+01 1.119497e+01
8.800000e+01 1.111769e+01
8.850000e+01 1.103226e+01
8.900000e+01 1.094950e+01
8.950000e+01 1.087944e+01
9.000000e+01 1.082510e+01
9.050000e+01 1.077039e+01
9.100000e+01 1.073120e+01
9.150000e+01 1.069257e+01
9.200000e+01 1.066517e+01
9.250000e+01 1.064555e+01
9.300000e+01 1.063722e+01
9.350000e+01 1.067021e+01
9.400000e+01 1.122895e+01
9.450000e+01 1.065081e+01
9.500000e+01 1.064016e+01
9.550000e+01 1.067397e+01
9.600000e+01 1.084924e+01
9.650000e+01 1.081567e+01
9.700000e+01 1.073492e+01
9.750000e+01 1.075714e+01
9.800000e+01 1.080136e+01
9.850000e+01 1.084520e+01
9.900000e+01 1.091054e+01
9.950000e+01 1.098779e+01
1.000000e+02 1.108800e+01
1.005000e+02 1.136256e+01
1.010000e+02 1.129979e+01
1.015000e+02 1.162503e+01
1.020000e+02 1.169984e+01
1.025000e+02 1.157336e+01
1.030000e+02 1.167947e+01
1.035000e+02 1.186238e+01
1.040000e+02 1.216653e+01
1.045000e+02 1.215437e+01
1.050000e+02 1.233823e+01
1.055000e+02 1.255512e+01
1.060000e+02 1.279983e+01
1.065000e+02 1.307536e+01
1.070000e+02 1.338526e+01
1.075000e+02 1.373688e+01
1.080000e+02 1.414458e+01
1.085000e+02 1.459358e+01
1.090000e+02 1.513108e+01
1.095000e+02 1.621656e+01
1.100000e+02 1.648106e+01
1.105000e+02 1.748027e+01
1.110000e+02 1.894626e+01
1.115000e+02 1.943559e+01
1.120000e+02 2.079529e+01
1.125000e+02 2.252014e+01
1.130000e+02 2.469158e+01
1.135000e+02 2.745025e+01
1.140000e+02 3.105232e+01
1.145000e+02 3.582257e+01
1.150000e+02 4.302979e+01
1.155000e+02 5.154966e+01
1.160000e+02 6.498285e+01
1.165000e+02 8.535786e+01
1.170000e+02 1.170308e+02
1.175000e+02 1.650293e+02
1.180000e+02 2.234561e+02
1.185000e+02 2.539253e+02
1.190000e+02 2.538803e+02
1.195000e+02 2.228576e+02
1.200000e+02 1.636604e+02
1.205000e+02 1.154475e+02
1.210000e+02 8.387600e+01
1.215000e+02 6.366520e+01
1.220000e+02 5.040782e+01
1.225000e+02 4.141301e+01
1.230000e+02 3.512798e+01
1.235000e+02 3.069083e+01
1.240000e+02 2.927905e+01
1.245000e+02 2.479004e+01
1.250000e+02 2.277812e+01
1.255000e+02 2.240023e+01
1.260000e+02 1.981168e+01
1.265000e+02 1.866033e+01
1.270000e+02 1.776088e+01
1.275000e+02 1.705802e+01
1.280000e+02 1.655995e+01
1.285000e+02 1.607977e+01
1.290000e+02 1.555332e+01
1.295000e+02 1.519820e+01
1.300000e+02 1.489831e+01
1.305000e+02 1.465072e+01
1.310000e+02 1.452899e+01
1.315000e+02 1.426422e+01
1.320000e+02 1.411620e+01
1.325000e+02 1.401253e+01
1.330000e+02 1.389478e+01
1.335000e+02 1.379353e+01
1.340000e+02 1.374164e+01
1.345000e+02 1.370119e+01
1.350000e+02 1.363146e+01
1.355000e+02 1.360546e+01
1.360000e+02 1.360092e+01
1.365000e+02 1.364430e+01
1.370000e+02 1.382017e+01
1.375000e+02 1.366607e+01
1.380000e+02 1.371304e+01
1.385000e+02 1.376550e+01
1.390000e+02 1.376685e+01
1.395000e+02 1.374431e+01
1.400000e+02 1.379944e+01
1.405000e+02 1.378425e+01
1.410000e+02 1.385208e+01
1.415000e+02 1.400033e+01
1.420000e+02 1.523086e+01
1.425000e+02 1.455707e+01
1.430000e+02 1.430530e+01
1.435000e+02 1.440987e+01
1.440000e+02 1.446691e+01
1.445000e+02 1.450093e+01
1.450000e+02 1.557048e+01
1.455000e+02 1.442264e+01
1.460000e+02 1.441406e+01
1.465000e+02 1.444456e+01
1.470000e+02 1.450498e+01
1.475000e+02 1.458202e+01
1.480000e+02 1.468152e+01
1.485000e+02 1.490464e+01
1.490000e+02 1.500235e+01
1.495000e+02 1.501056e+01
1.500000e+02 1.516609e+01
1.505000e+02 1.542893e+01
1.510000e+02 1.554786e+01
1.515000e+02 1.553430e+01
1.520000e+02 1.559794e+01
1.525000e+02 1.566038e+01
1.530000e+02 1.576563e+01
1.535000e+02 1.593425e+01
1.540000e+02 1.762938e+01
1.545000e+02 1.618608e+01
1.550000e+02 1.627275e+01
1.555000e+02 1.641281e+01
1.560000e+02 1.661899e+01
1.565000e+02 1.676422e+01
1.570000e+02 1.690276e+01
1.575000e+02 1.707941e+01
1.580000e+02 1.726699e+01
1.585000e+02 1.748946e+01
1.590000e+02 1.767683e+01
1.595000e+02 1.790298e+01
1.600000e+02 1.813271e+01
1.605000e+02 1.837498e+01
1.610000e+02 1.863098e+01
1.615000e+02 1.890005e+01
1.620000e+02 1.918840e+01
1.625000e+02 1.949643e+01
1.630000e+02 1.982739e+01
1.635000e+02 2.018515e+01
1.640000e+02 2.058381e+01
1.645000e+02 2.110145e+01
1.650000e+02 2.379224e+01
1.655000e+02 2.263509e+01
1.660000e+02 2.345973e+01
1.665000e+02 2.298046e+01
1.670000e+02 2.344330e+01
1.675000e+02 2.441965e+01
1.680000e+02 2.468995e+01
1.685000e+02 2.538693e+01
1.690000e+02 2.627349e+01
1.695000e+02 2.705333e+01
1.700000e+02 2.804343e+01
1.705000e+02 2.908586e+01
1.710000e+02 3.028507e+01
1.715000e+02 3.165918e+01
1.720000e+02 3.311219e+01
1.725000e+02 3.480531e+01
1.730000e+02 3.674075e+01
1.735000e+02 3.979372e+01
1.740000e+02 4.145159e+01
1.745000e+02 4.437089e+01
1.750000e+02 4.789736e+01
1.755000e+02 5.276937e+01
1.760000e+02 5.662409e+01
1.765000e+02 6.180774e+01
1.770000e+02 6.824902e+01
1.775000e+02 7.608053e+01
1.780000e+02 8.561083e+01
1.785000e+02 9.725629e+01
1.790000e+02 1.114662e+02
1.795000e+02 1.288078e+02
1.800000e+02 1.498443e+02
1.805000e+02 1.740940e+02
1.810000e+02 2.009349e+02
1.815000e+02 2.272383e+02
1.820000e+02 2.482874e+02
1.825000e+02 2.605044e+02
1.830000e+02 2.650738e+02
1.835000e+02 2.653608e+02
1.840000e+02 2.616993e+02
1.845000e+02 2.513721e+02
1.850000e+02 2.324078e+02
1.855000e+02 2.079851e+02
1.860000e+02 1.823486e+02
1.865000e+02 1.586298e+02
1.870000e+02 1.380528e+02
1.875000e+02 1.207686e+02
1.880000e+02 1.064830e+02
1.885000e+02 9.469921e+01
1.890000e+02 8.500243e+01
1.895000e+02 7.695994e+01
1.900000e+02 7.027257e+01
1.905000e+02 6.469806e+01
1.910000e+02 5.995722e+01
1.915000e+02 5.596528e+01
1.920000e+02 5.257790e+01
1.925000e+02 4.970093e+01
1.930000e+02 4.732503e+01
1.935000e+02 4.549910e+01
1.940000e+02 4.334842e+01
1.945000e+02 4.161294e+01
1.950000e+02 4.034458e+01
1.955000e+02 4.419833e+01
1.960000e+02 3.770265e+01
1.965000e+02 3.630257e+01
1.970000e+02 3.529477e+01
1.975000e+02 3.445983e+01
1.980000e+02 3.375578e+01
1.985000e+02 3.306679e+01
1.990000e+02 3.255217e+01
1.995000e+02 3.228207e+01
2.000000e+02 3.174084e+01
2.005000e+02 3.158926e+01
2.010000e+02 3.217912e+01
2.015000e+02 3.127067e+01
2.020000e+02 3.115901e+01
2.025000e+02 3.137669e+01
2.030000e+02 3.176739e+01
2.035000e+02 3.191390e+01
2.040000e+02 3.096635e+01
2.045000e+02 3.007064e+01
2.050000e+02 2.938573e+01
2.055000e+02 2.890883e+01
2.060000e+02 2.877149e+01
2.065000e+02 2.837547e+01
2.070000e+02 2.805921e+01
2.075000e+02 2.796564e+01
2.080000e+02 2.783454e+01
2.085000e+02 2.920648e+01
2.090000e+02 2.785525e+01
2.095000e+02 2.751926e+01
2.100000e+02 2.735153e+01
2.105000e+02 2.761021e+01
2.110000e+02 2.752110e+01
2.115000e+02 2.710836e+01
2.120000e+02 2.702777e+01
2.125000e+02 2.698598e+01
2.130000e+02 2.696421e+01
2.135000e+02 2.695646e+01
2.140000e+02 2.697453e+01
2.145000e+02 2.712617e+01
2.150000e+02 3.153531e+01
2.155000e+02 2.709520e+01
2.160000e+02 2.706078e+01
2.165000e+02 2.697751e+01
2.170000e+02 2.698995e+01
2.175000e+02 2.708160e+01
2.180000e+02 2.706847e+01
2.185000e+02 2.708455e+01
2.190000e+02 2.712235e+01
2.195000e+02 2.717079e+01
2.200000e+02 2.723596e+01
2.205000e+02 2.727914e+01
2.210000e+02 2.734567e+01
2.215000e+02 2.742364e+01
2.220000e+02 2.751123e+01
2.225000e+02 2.762534e+01
2.230000e+02 2.775797e+01
2.235000e+02 2.793365e+01
2.240000e+02 2.817706e+01
2.245000e+02 2.852163e+01
2.250000e+02 2.905452e+01
2.255000e+02 2.976414e+01
2.260000e+02 3.247056e+01
2.265000e+02 2.995377e+01
2.270000e+02 2.926235e+01
2.275000e+02 2.890847e+01
2.280000e+02 2.873488e+01
2.285000e+02 2.866764e+01
2.290000e+02 2.868894e+01
2.295000e+02 2.943099e+01
2.300000e+02 2.888407e+01
2.305000e+02 2.915582e+01
2.310000e+02 2.997605e+01
2.315000e+02 3.057136e+01
2.320000e+02 2.947194e+01
2.325000e+02 2.962167e+01
2.330000e+02 3.013402e+01
2.335000e+02 3.152337e+01
2.340000e+02 3.616829e+01
2.345000e+02 3.137308e+01
2.350000e+02 3.060607e+01
2.355000e+02 3.232967e+01
2.360000e+02 3.147073e+01
2.365000e+02 3.056958e+01
2.370000e+02 3.405291e+01
2.375000e+02 3.124896e+01
2.380000e+02 3.062409e+01
2.385000e+02 3.123152e+01
2.390000e+02 3.730424e+01
2.395000e+02 3.214850e+01
2.400000e+02 3.208668e+01
2.405000e+02 3.194338e+01
2.410000e+02 3.215388e+01
2.415000e+02 3.264558e+01
2.420000e+02 3.354398e+01
2.425000e+02 3.500654e+01
2.430000e+02 3.276591e+01
2.435000e+02 4.432465e+01
2.440000e+02 3.264895e+01
2.445000e+02 3.191276e+01
2.450000e+02 3.172684e+01
2.455000e+02 3.173086e+01
2.460000e+02 3.180646e+01
2.465000e+02 3.228800e+01
2.470000e+02 3.210863e+01
2.475000e+02 3.265252e+01
2.480000e+02 3.506226e+01
2.485000e+02 3.356407e+01
2.490000e+02 3.302022e+01
2.495000e+02 3.438116e+01
2.500000e+02 4.906920e+01
2.505000e+02 3.393188e+01
2.510000e+02 3.414641e+01
2.515000e+02 3.401627e+01
2.520000e+02 3.362521e+01
2.525000e+02 3.363033e+01
2.530000e+02 3.367840e+01
2.535000e+02 3.387844e+01
2.540000e+02 3.417855e+01
2.545000e+02 3.457629e+01
2.550000e+02 3.492333e+01
2.555000e+02 3.485037e+01
2.560000e+02 3.468022e+01
2.565000e+02 3.461009e+01
2.570000e+02 3.461351e+01
2.575000e+02 3.473735e+01
2.580000e+02 3.522453e+01
2.585000e+02 3.678565e+01
2.590000e+02 3.611971e+01
2.595000e+02 3.523166e+01
2.600000e+02 3.519150e+01
2.605000e+02 3.526254e+01
2.610000e+02 3.538855e+01
2.615000e+02 3.552374e+01
2.620000e+02 3.572038e+01
2.625000e+02 3.608966e+01
2.630000e+02 3.699775e+01
2.635000e+02 3.843559e+01
2.640000e+02 3.771757e+01
2.645000e+02 3.703332e+01
2.650000e+02 3.846084e+01
2.655000e+02 3.760256e+01
2.660000e+02 3.798400e+01
2.665000e+02 3.814058e+01
2.670000e+02 3.889159e+01
2.675000e+02 3.899810e+01
2.680000e+02 3.781569e+01
2.685000e+02 3.773608e+01
2.690000e+02 3.773634e+01
2.695000e+02 3.781039e+01
2.700000e+02 3.791679e+01
2.705000e+02 3.806868e+01
2.710000e+02 3.828380e+01
2.715000e+02 3.837803e+01
2.720000e+02 3.864997e+01
2.725000e+02 3.902936e+01
2.730000e+02 4.853553e+01
2.735000e+02 3.956706e+01
2.740000e+02 3.959439e+01
2.745000e+02 4.933838e+01
2.750000e+02 3.989740e+01
2.755000e+02 4.007390e+01
2.760000e+02 4.076197e+01
2.765000e+02 4.144464e+01
2.770000e+02 4.243590e+01
2.775000e+02 4.057721e+01
2.780000e+02 4.055287e+01
2.785000e+02 4.086188e+01
2.790000e+02 4.085232e+01
2.795000e+02 4.604025e+01
2.800000e+02 4.146867e+01
2.805000e+02 4.123462e+01
2.810000e+02 4.204547e+01
2.815000e+02 4.170765e+01
2.820000e+02 4.183770e+01
2.825000e+02 4.207294e+01
2.830000e+02 4.259852e+01
2.835000e+02 4.239188e+01
2.840000e+02 4.254855e+01
2.845000e+02 4.276112e+01
2.850000e+02 4.302504e+01
2.855000e+02 4.358559e+01
2.860000e+02 5.012587e+01
2.865000e+02 4.541902e+01
2.870000e+02 4.401168e+01
2.875000e+02 4.400272e+01
2.880000e+02 4.424404e+01
2.885000e+02 4.497211e+01
2.890000e+02 6.120627e+01
2.895000e+02 4.518288e+01
2.900000e+02 4.503229e+01
2.905000e+02 4.514895e+01
2.910000e+02 4.668461e+01
2.915000e+02 4.558017e+01
2.920000e+02 4.579230e+01
2.925000e+02 4.619637e+01
2.930000e+02 4.803030e+01
2.935000e+02 4.890716e+01
2.940000e+02 4.687649e+01
2.945000e+02 4.697608e+01
2.950000e+02 4.719636e+01
2.955000e+02 4.747425e+01
2.960000e+02 4.775382e+01
2.965000e+02 4.806541e+01
2.970000e+02 4.847749e+01
2.975000e+02 4.897994e+01
2.980000e+02 4.991932e+01
2.985000e+02 5.343721e+01
2.990000e+02 5.047625e+01
2.995000e+02 5.080627e+01
3.000000e+02 5.058434e+01
3.005000e+02 5.164874e+01
3.010000e+02 5.232879e+01
3.015000e+02 5.526036e+01
3.020000e+02 5.609318e+01
3.025000e+02 5.289853e+01
3.030000e+02 5.503258e+01
3.035000e+02 5.363818e+01
3.040000e+02 5.332757e+01
3.045000e+02 5.385121e+01
3.050000e+02 5.453148e+01
3.055000e+02 5.446032e+01
3.060000e+02 5.481160e+01
3.065000e+02 5.524819e+01
3.070000e+02 5.576512e+01
3.075000e+02 5.638799e+01
3.080000e+02 5.695056e+01
3.085000e+02 5.771077e+01
3.090000e+02 5.842846e+01
3.095000e+02 5.933845e+01
3.100000e+02 6.188788e+01
3.105000e+02 6.134229e+01
3.110000e+02 6.206711e+01
3.115000e+02 6.288310e+01
3.120000e+02 6.388320e+01
3.125000e+02 6.513099e+01
3.130000e+02 6.661580e+01
3.135000e+02 6.829509e+01
3.140000e+02 6.991986e+01
3.145000e+02 7.122915e+01
3.150000e+02 7.298927e+01
3.155000e+02 7.554245e+01
3.160000e+02 8.096568e+01
3.165000e+02 8.304869e+01
3.170000e+02 8.422773e+01
3.175000e+02 8.768422e+01
3.180000e+02 9.205512e+01
3.185000e+02 9.761093e+01
3.190000e+02 1.045964e+02
3.195000e+02 1.136549e+02
3.200000e+02 1.464215e+02
3.205000e+02 1.391977e+02
3.210000e+02 1.533659e+02
3.215000e+02 1.651468e+02
3.220000e+02 1.800057e+02
3.225000e+02 1.990935e+02
3.230000e+02 2.210005e+02
3.235000e+02 2.419978e+02
3.240000e+02 2.573339e+02
3.245000e+02 2.647883e+02
3.250000e+02 2.669017e+02
3.255000e+02 2.663465e+02
3.260000e+02 2.622806e+02
3.265000e+02 2.516463e+02
3.270000e+02 2.346403e+02
3.275000e+02 2.113344e+02
3.280000e+02 1.895929e+02
3.285000e+02 1.697793e+02
3.290000e+02 1.532728e+02
3.295000e+02 1.397283e+02
3.300000e+02 1.287129e+02
3.305000e+02 1.197792e+02
3.310000e+02 1.125407e+02
3.315000e+02 1.066740e+02
3.320000e+02 1.020383e+02
3.325000e+02 1.000267e+02
3.330000e+02 9.744493e+01
3.335000e+02 9.207962e+01
3.340000e+02 8.969058e+01
3.345000e+02 8.786883e+01
3.350000e+02 8.668730e+01
3.355000e+02 8.553945e+01
3.360000e+02 8.396908e+01
3.365000e+02 8.273162e+01
3.370000e+02 8.172772e+01
3.375000e+02 8.095184e+01
3.380000e+02 8.028990e+01
3.385000e+02 7.981727e+01
3.390000e+02 7.944111e+01
3.395000e+02 7.916225e+01
3.400000e+02 7.897920e+01
3.405000e+02 7.887190e+01
3.410000e+02 7.883079e+01
3.415000e+02 7.885237e+01
3.420000e+02 7.896200e+01
3.425000e+02 7.914850e+01
3.430000e+02 7.988922e+01
3.435000e+02 8.248625e+01
3.440000e+02 7.988069e+01
3.445000e+02 8.023861e+01
3.450000e+02 8.146231e+01
3.455000e+02 8.108684e+01
3.460000e+02 8.139333e+01
3.465000e+02 8.161727e+01
3.470000e+02 8.202327e+01
3.475000e+02 8.249848e+01
3.480000e+02 8.304690e+01
3.485000e+02 8.362081e+01
3.490000e+02 8.430840e+01
3.495000e+02 8.503354e+01
3.500000e+02 8.578324e+01
3.505000e+02 8.666105e+01
3.510000e+02 8.786225e+01
3.515000e+02 8.999104e+01
3.520000e+02 9.133098e+01
3.525000e+02 9.504816e+01
3.530000e+02 9.256861e+01
3.535000e+02 9.194182e+01
3.540000e+02 9.271624e+01
3.545000e+02 9.389736e+01
3.550000e+02 1.051338e+02
3.555000e+02 9.622715e+01
3.560000e+02 9.738302e+01
3.565000e+02 9.874114e+01
3.570000e+02 1.001510e+02
3.575000e+02 1.042308e+02
3.580000e+02 1.046632e+02
3.585000e+02 1.066696e+02
3.590000e+02 1.121211e+02
3.595000e+02 1.104498e+02
3.600000e+02 1.107484e+02
3.605000e+02 1.123054e+02
3.610000e+02 1.144757e+02
3.615000e+02 1.172807e+02
3.620000e+02 1.195128e+02
3.625000e+02 1.221755e+02
3.630000e+02 1.252998e+02
3.635000e+02 1.339704e+02
3.640000e+02 1.327845e+02
3.645000e+02 1.511925e+02
3.650000e+02 1.405769e+02
3.655000e+02 1.451448e+02
3.660000e+02 1.510010e+02
3.665000e+02 1.588416e+02
3.670000e+02 1.691532e+02
3.675000e+02 1.844071e+02
3.680000e+02 2.121648e+02
3.685000e+02 2.506266e+02
3.690000e+02 2.183729e+02
3.695000e+02 2.019457e+02
3.700000e+02 1.987709e+02
3.705000e+02 2.013198e+02
3.710000e+02 2.112339e+02
3.715000e+02 2.129206e+02
3.720000e+02 2.200796e+02
3.725000e+02 2.276903e+02
3.730000e+02 2.354504e+02
3.735000e+02 2.429086e+02
3.740000e+02 2.498879e+02
3.745000e+02 2.560252e+02
3.750000e+02 2.610918e+02
3.755000e+02 2.646746e+02
3.760000e+02 2.670144e+02
3.765000e+02 2.682889e+02
3.770000e+02 2.689010e+02
3.775000e+02 2.692116e+02
3.780000e+02 2.694156e+02
3.785000e+02 2.695699e+02
3.790000e+02 2.696836e+02
3.795000e+02 2.697571e+02
3.800000e+02 2.697902e+02
3.805000e+02 2.697829e+02
3.810000e+02 2.697357e+02
3.815000e+02 2.696493e+02
3.820000e+02 2.695246e+02
3.825000e+02 2.693608e+02
3.830000e+02 2.691439e+02
3.835000e+02 2.687993e+02
3.840000e+02 2.681202e+02
3.845000e+02 2.667863e+02
3.850000e+02 2.645048e+02
3.855000e+02 2.611387e+02
3.860000e+02 2.566932e+02
3.865000e+02 2.512986e+02
3.870000e+02 2.454517e+02
3.875000e+02 2.389440e+02
3.880000e+02 2.321651e+02
3.885000e+02 2.257324e+02
3.890000e+02 2.197978e+02
3.895000e+02 2.146110e+02
3.900000e+02 2.102767e+02
3.905000e+02 2.059921e+02
3.910000e+02 1.999688e+02
3.915000e+02 1.932313e+02
3.920000e+02 1.869351e+02
3.925000e+02 1.828907e+02
3.930000e+02 1.766166e+02
3.935000e+02 1.717054e+02
3.940000e+02 1.676093e+02
3.945000e+02 1.639486e+02
3.950000e+02 1.613722e+02
3.955000e+02 1.576408e+02
3.960000e+02 1.549441e+02
3.965000e+02 1.581111e+02
3.970000e+02 1.530890e+02
3.975000e+02 1.479859e+02
3.980000e+02 1.460068e+02
3.985000e+02 1.442669e+02
3.990000e+02 1.427624e+02
3.995000e+02 1.416305e+02
4.000000e+02 1.444189e+02
3.000000 0
1.000000e+01 3.650436e+00
1.050000e+01 3.673485e+00
1.100000e+01 3.699923e+00
1.150000e+01 3.717704e+00
1.200000e+01 3.743330e+00
1.250000e+01 3.771974e+00
1.300000e+01 3.803910e+00
1.350000e+01 3.839637e+00
1.400000e+01 3.879399e+00
1.450000e+01 3.924513e+00
1.500000e+01 3.977379e+00
1.550000e+01 4.034618e+00
1.600000e+01 4.105015e+00
1.650000e+01 4.186870e+00
1.700000e+01 4.287397e+00
1.750000e+01 4.413376e+00
1.800000e+01 4.575469e+00
1.850000e+01 4.790972e+00
1.900000e+01 5.088313e+00
1.950000e+01 5.515353e+00
2.000000e+01 6.153916e+00
2.050000e+01 7.140704e+00
2.100000e+01 8.681207e+00
2.150000e+01 1.094575e+01
2.200000e+01 1.342836e+01
2.250000e+01 1.372655e+01
2.300000e+01 1.177975e+01
2.350000e+01 9.815484e+00
2.400000e+01 8.410808e+00
2.450000e+01 7.478224e+00
2.500000e+01 6.879194e+00
2.550000e+01 6.495688e+00
2.600000e+01 6.231963e+00
2.650000e+01 6.065961e+00
2.700000e+01 5.961787e+00
2.750000e+01 5.900799e+00
2.800000e+01 5.870936e+00
2.850000e+01 5.867524e+00
2.900000e+01 5.910741e+00
2.950000e+01 5.919855e+00
3.000000e+01 6.019176e+00
3.050000e+01 6.056940e+00
3.100000e+01 6.098240e+00
3.150000e+01 6.179100e+00
3.200000e+01 6.270850e+00
3.250000e+01 6.372285e+00
3.300000e+01 6.483530e+00
3.350000e+01 6.604583e+00
3.400000e+01 6.735365e+00
3.450000e+01 6.876629e+00
3.500000e+01 7.029171e+00
3.550000e+01 7.193063e+00
3.600000e+01 7.434647e+00
3.650000e+01 7.557054e+00
3.700000e+01 7.758610e+00
3.750000e+01 7.980323e+00
3.800000e+01 8.225376e+00
3.850000e+01 8.459876e+00
3.900000e+01 8.729352e+00
3.950000e+01 9.024630e+00
4.000000e+01 9.334733e+00
4.050000e+01 9.675523e+00
4.100000e+01 1.004539e+01
4.150000e+01 1.044760e+01
4.200000e+01 1.088651e+01
4.250000e+01 1.136865e+01
4.300000e+01 1.190164e+01
4.350000e+01 1.248626e+01
4.400000e+01 1.310845e+01
4.450000e+01 1.380748e+01
4.500000e+01 1.459432e+01
4.550000e+01 1.546077e+01
4.600000e+01 1.643949e+01
4.650000e+01 1.754343e+01
4.700000e+01 1.879631e+01
4.750000e+01 2.022774e+01
4.800000e+01 2.187638e+01
4.850000e+01 2.379376e+01
4.900000e+01 2.604919e+01
4.950000e+01 2.874145e+01
5.000000e+01 3.204124e+01
5.050000e+01 3.606907e+01
5.100000e+01 4.144593e+01
5.150000e+01 4.957668e+01
5.200000e+01 6.013691e+01
5.250000e+01 7.661446e+01
5.300000e+01 1.015930e+02
5.350000e+01 1.364982e+02
5.400000e+01 1.784208e+02
5.450000e+01 2.183236e+02
5.500000e+01 2.457143e+02
5.550000e+01 2.588782e+02
5.600000e+01 2.636008e+02
5.650000e+01 2.652835e+02
5.700000e+01 2.661551e+02
5.750000e+01 2.667196e+02
5.800000e+01 2.671331e+02
5.850000e+01 2.674043e+02
5.900000e+01 2.674540e+02
5.950000e+01 2.675378e+02
6.000000e+01 2.676919e+02
6.050000e+01 2.677992e+02
6.100000e+01 2.677086e+02
6.150000e+01 2.676134e+02
6.200000e+01 2.675064e+02
6.250000e+01 2.672331e+02
6.300000e+01 2.663935e+02
6.350000e+01 2.647797e+02
6.400000e+01 2.614876e+02
6.450000e+01 2.518835e+02
6.500000e+01 2.284939e+02
6.550000e+01 1.917302e+02
6.600000e+01 1.513626e+02
6.650000e+01 1.164366e+02
6.700000e+01 9.039273e+01
6.750000e+01 7.248744e+01
6.800000e+01 6.017860e+01
6.850000e+01 5.172008e+01
6.900000e+01 4.555680e+01
6.950000e+01 4.088633e+01
7.000000e+01 3.715763e+01
7.050000e+01 3.410399e+01
7.100000e+01 3.154579e+01
7.150000e+01 2.937491e+01
7.200000e+01 2.750151e+01
7.250000e+01 2.588478e+01
7.300000e+01 2.446529e+01
7.350000e+01 2.322257e+01
7.400000e+01 2.212812e+01
7.450000e+01 2.115791e+01
7.500000e+01 2.030597e+01
7.550000e+01 1.955376e+01
7.600000e+01 1.885384e+01
7.650000e+01 1.889035e+01
7.700000e+01 1.766318e+01
7.750000e+01 1.722489e+01
7.800000e+01 1.670017e+01
7.850000e+01 1.630308e+01
7.900000e+01 1.603795e+01
7.950000e+01 1.569806e+01
8.000000e+01 1.548739e+01
8.050000e+01 1.528695e+01
8.100000e+01 1.497272e+01
8.150000e+01 1.461838e+01
8.200000e+01 1.430171e+01
8.250000e+01 1.403233e+01
8.300000e+01 1.380229e+01
8.350000e+01 1.360304e+01
8.400000e+01 1.342825e+01
8.450000e+01 1.327349e+01
8.500000e+01 1.313671e+01
8.550000e+01 1.301558e+01
8.600000e+01 1.290932e+01
8.650000e+01 1.281871e+01
8.700000e+01 1.274378e+01
8.750000e+01 1.268433e+01
8.800000e+01 1.262791e+01
8.850000e+01 1.255534e+01
8.900000e+01 1.248415e+01
8.950000e+01 1.242754e+01
9.000000e+01 1.238830e+01
9.050000e+01 1.234989e+01
9.100000e+01 1.232763e+01
9.150000e+01 1.230645e+01
9.200000e+01 1.229679e+01
9.250000e+01 1.229515e+01
9.300000e+01 1.230497e+01
9.350000e+01 1.235594e+01
9.400000e+01 1.292757e+01
9.450000e+01 1.237426e+01
9.500000e+01 1.238305e+01
9.550000e+01 1.243630e+01
9.600000e+01 1.262970e+01
9.650000e+01 1.261575e+01
9.700000e+01 1.255422e+01
9.750000e+01 1.259463e+01
9.800000e+01 1.265725e+01
9.850000e+01 1.271986e+01
9.900000e+01 1.280402e+01
9.950000e+01 1.290017e+01
1.000000e+02 1.301918e+01
1.005000e+02 1.331064e+01
1.010000e+02 1.326890e+01
1.015000e+02 1.361072e+01
1.020000e+02 1.370519e+01
1.025000e+02 1.360093e+01
1.030000e+02 1.372662e+01
1.035000e+02 1.392829e+01
1.040000e+02 1.424986e+01
1.045000e+02 1.425906e+01
1.050000e+02 1.446204e+01
1.055000e+02 1.469778e+01
1.060000e+02 1.496113e+01
1.065000e+02 1.525506e+01
1.070000e+02 1.558308e+01
1.075000e+02 1.595246e+01
1.080000e+02 1.637741e+01
1.085000e+02 1.684333e+01
1.090000e+02 1.739690e+01
1.095000e+02 1.849231e+01
1.100000e+02 1.877620e+01
1.105000e+02 1.978677e+01
1.110000e+02 2.125924e+01
1.115000e+02 2.176585e+01
1.120000e+02 2.313355e+01
1.125000e+02 2.486268e+01
1.130000e+02 2.703385e+01
1.135000e+02 2.978623e+01
1.140000e+02 3.337327e+01
1.145000e+02 3.811627e+01
1.150000e+02 4.527063e+01
1.155000e+02 5.372320e+01
1.160000e+02 6.703642e+01
1.165000e+02 8.721611e+01
1.170000e+02 1.185703e+02
1.175000e+02 1.660714e+02
1.180000e+02 2.238870e+02
1.185000e+02 2.540431e+02
1.190000e+02 2.540006e+02
1.195000e+02 2.233177e+02
1.200000e+02 1.648108e+02
1.205000e+02 1.171944e+02
1.210000e+02 8.601821e+01
1.215000e+02 6.604437e+01
1.220000e+02 5.294057e+01
1.225000e+02 4.405682e+01
1.230000e+02 3.785853e+01
1.235000e+02 3.349191e+01
1.240000e+02 3.211693e+01
1.245000e+02 2.770758e+01
1.250000e+02 2.574607e+01
1.255000e+02 2.539814e+01
1.260000e+02 2.287202e+01
1.265000e+02 2.176456e+01
1.270000e+02 2.090655e+01
1.275000e+02 2.024300e+01
1.280000e+02 1.978152e+01
1.285000e+02 1.933829e+01
1.290000e+02 1.885039e+01
1.295000e+02 1.853164e+01
1.300000e+02 1.826780e+01
1.305000e+02 1.805592e+01
1.310000e+02 1.796812e+01
1.315000e+02 1.774062e+01
1.320000e+02 1.762822e+01
1.325000e+02 1.755995e+01
1.330000e+02 1.747859e+01
1.335000e+02 1.741426e+01
1.340000e+02 1.739927e+01
1.345000e+02 1.739655e+01
1.350000e+02 1.736569e+01
1.355000e+02 1.737843e+01
1.360000e+02 1.741441e+01
1.365000e+02 1.750069e+01
1.370000e+02 1.772144e+01
1.375000e+02 1.762677e+01
1.380000e+02 1.773538e+01
1.385000e+02 1.784371e+01
1.390000e+02 1.787228e+01
1.395000e+02 1.786848e+01
1.400000e+02 1.794700e+01
1.405000e+02 1.796544e+01
1.410000e+02 1.807283e+01
1.415000e+02 1.826673e+01
1.420000e+02 1.952650e+01
1.425000e+02 1.894140e+01
1.430000e+02 1.878460e+01
1.435000e+02 1.897895e+01
1.440000e+02 1.907591e+01
1.445000e+02 1.910390e+01
1.450000e+02 2.014595e+01
1.455000e+02 1.904246e+01
1.460000e+02 1.906120e+01
1.465000e+02 1.912611e+01
1.470000e+02 1.922572e+01
1.475000e+02 1.934559e+01
1.480000e+02 1.949052e+01
1.485000e+02 1.975846e+01
1.490000e+02 1.990711e+01
1.495000e+02 1.997170e+01
1.500000e+02 2.018307e+01
1.505000e+02 2.050335e+01
1.510000e+02 2.068903e+01
1.515000e+02 2.074693e+01
1.520000e+02 2.086720e+01
1.525000e+02 2.098086e+01
1.530000e+02 2.114058e+01
1.535000e+02 2.136725e+01
1.540000e+02 2.308092e+01
1.545000e+02 2.175040e+01
1.550000e+02 2.190913e+01
1.555000e+02 2.212288e+01
1.560000e+02 2.240393e+01
1.565000e+02 2.262921e+01
1.570000e+02 2.285144e+01
1.575000e+02 2.311431e+01
1.580000e+02 2.339172e+01
1.585000e+02 2.370719e+01
1.590000e+02 2.399335e+01
1.595000e+02 2.432218e+01
1.600000e+02 2.466006e+01
1.605000e+02 2.501511e+01
1.610000e+02 2.538850e+01
1.615000e+02 2.578143e+01
1.620000e+02 2.620067e+01
1.625000e+02 2.664714e+01
1.630000e+02 2.712464e+01
1.635000e+02 2.763771e+01
1.640000e+02 2.820088e+01
1.645000e+02 2.889033e+01
1.650000e+02 3.168455e+01
1.655000e+02 3.078842e+01
1.660000e+02 3.181555e+01
1.665000e+02 3.160839e+01
1.670000e+02 3.232641e+01
1.675000e+02 3.355880e+01
1.680000e+02 3.414042e+01
1.685000e+02 3.515921e+01
1.690000e+02 3.639123e+01
1.695000e+02 3.755679e+01
1.700000e+02 3.896301e+01
1.705000e+02 4.046647e+01
1.710000e+02 4.217314e+01
1.715000e+02 4.410768e+01
1.720000e+02 4.618886e+01
1.725000e+02 4.857971e+01
1.730000e+02 5.129512e+01
1.735000e+02 5.516402e+01
1.740000e+02 5.787032e+01
1.745000e+02 6.190421e+01
1.750000e+02 6.668052e+01
1.755000e+02 7.289411e+01
1.760000e+02 7.844774e+01
1.765000e+02 8.550615e+01
1.770000e+02 9.403772e+01
1.775000e+02 1.041916e+02
1.780000e+02 1.162526e+02
1.785000e+02 1.305505e+02
1.790000e+02 1.473463e+02
1.795000e+02 1.668088e+02
1.800000e+02 1.887597e+02
1.805000e+02 2.118161e+02
1.810000e+02 2.339828e+02
1.815000e+02 2.517804e+02
1.820000e+02 2.625392e+02
1.825000e+02 2.669016e+02
1.830000e+02 2.680584e+02
1.835000e+02 2.681162e+02
1.840000e+02 2.672256e+02
1.845000e+02 2.637650e+02
1.850000e+02 2.547328e+02
1.855000e+02 2.391515e+02
1.860000e+02 2.190195e+02
1.865000e+02 1.974467e+02
1.870000e+02 1.766941e+02
1.875000e+02 1.579210e+02
1.880000e+02 1.415276e+02
1.885000e+02 1.274449e+02
1.890000e+02 1.154770e+02
1.895000e+02 1.053094e+02
1.900000e+02 9.668462e+01
1.905000e+02 8.936951e+01
1.910000e+02 8.308799e+01
1.915000e+02 7.773203e+01
1.920000e+02 7.314405e+01
1.925000e+02 6.921481e+01
1.930000e+02 6.591559e+01
1.935000e+02 6.326919e+01
1.940000e+02 6.042436e+01
1.945000e+02 5.799673e+01
1.950000e+02 5.607136e+01
1.955000e+02 5.899857e+01
1.960000e+02 5.237606e+01
1.965000e+02 5.056048e+01
1.970000e+02 4.916848e+01
1.975000e+02 4.798840e+01
1.980000e+02 4.697554e+01
1.985000e+02 4.601703e+01
1.990000e+02 4.525994e+01
1.995000e+02 4.476953e+01
2.000000e+02 4.406052e+01
2.005000e+02 4.375936e+01
2.010000e+02 4.420649e+01
2.015000e+02 4.330033e+01
2.020000e+02 4.322907e+01
2.025000e+02 4.356822e+01
2.030000e+02 4.413020e+01
2.035000e+02 4.427262e+01
2.040000e+02 4.300292e+01
2.045000e+02 4.174204e+01
2.050000e+02 4.076667e+01
2.055000e+02 4.007417e+01
2.060000e+02 3.976719e+01
2.065000e+02 3.925985e+01
2.070000e+02 3.885879e+01
2.075000e+02 3.868187e+01
2.080000e+02 3.847334e+01
2.085000e+02 3.970636e+01
2.090000e+02 3.836450e+01
2.095000e+02 3.799896e+01
2.100000e+02 3.780323e+01
2.105000e+02 3.801423e+01
2.110000e+02 3.789213e+01
2.115000e+02 3.746850e+01
2.120000e+02 3.736768e+01
2.125000e+02 3.730926e+01
2.130000e+02 3.727430e+01
2.135000e+02 3.725646e+01
2.140000e+02 3.726651e+01
2.145000e+02 3.740663e+01
2.150000e+02 4.160326e+01
2.155000e+02 3.737715e+01
2.160000e+02 3.734818e+01
2.165000e+02 3.727509e+01
2.170000e+02 3.729525e+01
2.175000e+02 3.739290e+01
2.180000e+02 3.739310e+01
2.185000e+02 3.742325e+01
2.190000e+02 3.747628e+01
2.195000e+02 3.754174e+01
2.200000e+02 3.762562e+01
2.205000e+02 3.769145e+01
2.210000e+02 3.778279e+01
2.215000e+02 3.788910e+01
2.220000e+02 3.800988e+01
2.225000e+02 3.816314e+01
2.230000e+02 3.834456e+01
2.235000e+02 3.858283e+01
2.240000e+02 3.891025e+01
2.245000e+02 3.937183e+01
2.250000e+02 4.006321e+01
2.255000e+02 4.095596e+01
2.260000e+02 4.362922e+01
2.265000e+02 4.112308e+01
2.270000e+02 4.031652e+01
2.275000e+02 3.987703e+01
2.280000e+02 3.965451e+01
2.285000e+02 3.956444e+01
2.290000e+02 3.957875e+01
2.295000e+02 4.028987e+01
2.300000e+02 3.978763e+01
2.305000e+02 4.006807e+01
2.310000e+02 4.087354e+01
2.315000e+02 4.147003e+01
2.320000e+02 4.046366e+01
2.325000e+02 4.064363e+01
2.330000e+02 4.116376e+01
2.335000e+02 4.251407e+01
2.340000e+02 4.695673e+01
2.345000e+02 4.244613e+01
2.350000e+02 4.176048e+01
2.355000e+02 4.343659e+01
2.360000e+02 4.266813e+01
2.365000e+02 4.186292e+01
2.370000e+02 4.521252e+01
2.375000e+02 4.261210e+01
2.380000e+02 4.208169e+01
2.385000e+02 4.272491e+01
2.390000e+02 4.855223e+01
2.395000e+02 4.377182e+01
2.400000e+02 4.384181e+01
2.405000e+02 4.387734e+01
2.410000e+02 4.429115e+01
2.415000e+02 4.494880e+01
2.420000e+02 4.579821e+01
2.425000e+02 4.705516e+01
2.430000e+02 4.483401e+01
2.435000e+02 5.569509e+01
2.440000e+02 4.464070e+01
2.445000e+02 4.394848e+01
2.450000e+02 4.379100e+01
2.455000e+02 4.382272e+01
2.460000e+02 4.392872e+01
2.465000e+02 4.442209e+01
2.470000e+02 4.429608e+01
2.475000e+02 4.485422e+01
2.480000e+02 4.717300e+01
2.485000e+02 4.581007e+01
2.490000e+02 4.534915e+01
2.495000e+02 4.668415e+01
2.500000e+02 6.059534e+01
2.505000e+02 4.637417e+01
2.510000e+02 4.663713e+01
2.515000e+02 4.658006e+01
2.520000e+02 4.628387e+01
2.525000e+02 4.637023e+01
2.530000e+02 4.651306e+01
2.535000e+02 4.682291e+01
2.540000e+02 4.725920e+01
2.545000e+02 4.782467e+01
2.550000e+02 4.831563e+01
2.555000e+02 4.822441e+01
2.560000e+02 4.797995e+01
2.565000e+02 4.786661e+01
2.570000e+02 4.786454e+01
2.575000e+02 4.800645e+01
2.580000e+02 4.850772e+01
2.585000e+02 5.001105e+01
2.590000e+02 4.942068e+01
2.595000e+02 4.863078e+01
2.600000e+02 4.864346e+01
2.605000e+02 4.876528e+01
2.610000e+02 4.894294e+01
2.615000e+02 4.913347e+01
2.620000e+02 4.938596e+01
2.625000e+02 4.980532e+01
2.630000e+02 5.073560e+01
2.635000e+02 5.217088e+01
2.640000e+02 5.160472e+01
2.645000e+02 5.109343e+01
2.650000e+02 5.258714e+01
2.655000e+02 5.198405e+01
2.660000e+02 5.252703e+01
2.665000e+02 5.270314e+01
2.670000e+02 5.332843e+01
2.675000e+02 5.336869e+01
2.680000e+02 5.224431e+01
2.685000e+02 5.217724e+01
2.690000e+02 5.220463e+01
2.695000e+02 5.231383e+01
2.700000e+02 5.246192e+01
2.705000e+02 5.265859e+01
2.710000e+02 5.291902e+01
2.715000e+02 5.307159e+01
2.720000e+02 5.339479e+01
2.725000e+02 5.382309e+01
2.730000e+02 6.274150e+01
2.735000e+02 5.445221e+01
2.740000e+02 5.453618e+01
2.745000e+02 6.366080e+01
2.750000e+02 5.494767e+01
2.755000e+02 5.518051e+01
2.760000e+02 5.588968e+01
2.765000e+02 5.659471e+01
2.770000e+02 5.758674e+01
2.775000e+02 5.593605e+01
2.780000e+02 5.598811e+01
2.785000e+02 5.635002e+01
2.790000e+02 5.641764e+01
2.795000e+02 6.130075e+01
2.800000e+02 5.714393e+01
2.805000e+02 5.700694e+01
2.810000e+02 5.783813e+01
2.815000e+02 5.760928e+01
2.820000e+02 5.781667e+01
2.825000e+02 5.812615e+01
2.830000e+02 5.870696e+01
2.835000e+02 5.860158e+01
2.840000e+02 5.881728e+01
2.845000e+02 5.908625e+01
2.850000e+02 5.940795e+01
2.855000e+02 6.000659e+01
2.860000e+02 6.611941e+01
2.865000e+02 6.186382e+01
2.870000e+02 6.065455e+01
2.875000e+02 6.073512e+01
2.880000e+02 6.104743e+01
2.885000e+02 6.180853e+01
2.890000e+02 7.683983e+01
2.895000e+02 6.218916e+01
2.900000e+02 6.214646e+01
2.905000e+02 6.235064e+01
2.910000e+02 6.385801e+01
2.915000e+02 6.294488e+01
2.920000e+02 6.324111e+01
2.925000e+02 6.371491e+01
2.930000e+02 6.549977e+01
2.935000e+02 6.640891e+01
2.940000e+02 6.465800e+01
2.945000e+02 6.485825e+01
2.950000e+02 6.517122e+01
2.955000e+02 6.553919e+01
2.960000e+02 6.591106e+01
2.965000e+02 6.631462e+01
2.970000e+02 6.681236e+01
2.975000e+02 6.739458e+01
2.980000e+02 6.837673e+01
2.985000e+02 7.170827e+01
2.990000e+02 6.914581e+01
2.995000e+02 6.958218e+01
3.000000e+02 6.952111e+01
3.005000e+02 7.063205e+01
3.010000e+02 7.139790e+01
3.015000e+02 7.420871e+01
3.020000e+02 7.512034e+01
3.025000e+02 7.239277e+01
3.030000e+02 7.449523e+01
3.035000e+02 7.341699e+01
3.040000e+02 7.333100e+01
3.045000e+02 7.401114e+01
3.050000e+02 7.483705e+01
3.055000e+02 7.497253e+01
3.060000e+02 7.549233e+01
3.065000e+02 7.610602e+01
3.070000e+02 7.681028e+01
3.075000e+02 7.762876e+01
3.080000e+02 7.841514e+01
3.085000e+02 7.940459e+01
3.090000e+02 8.038999e+01
3.095000e+02 8.158984e+01
3.100000e+02 8.428824e+01
3.105000e+02 8.424520e+01
3.110000e+02 8.524973e+01
3.115000e+02 8.634080e+01
3.120000e+02 8.766870e+01
3.125000e+02 8.930899e+01
3.130000e+02 9.125981e+01
3.135000e+02 9.345395e+01
3.140000e+02 9.552624e+01
3.145000e+02 9.726511e+01
3.150000e+02 9.950070e+01
3.155000e+02 1.025674e+02
3.160000e+02 1.082316e+02
3.165000e+02 1.112205e+02
3.170000e+02 1.136466e+02
3.175000e+02 1.181449e+02
3.180000e+02 1.236314e+02
3.185000e+02 1.304241e+02
3.190000e+02 1.387867e+02
3.195000e+02 1.492949e+02
3.200000e+02 1.778480e+02
3.205000e+02 1.774656e+02
3.210000e+02 1.920015e+02
3.215000e+02 2.034169e+02
3.220000e+02 2.168156e+02
3.225000e+02 2.325307e+02
3.230000e+02 2.479800e+02
3.235000e+02 2.597875e+02
3.240000e+02 2.660505e+02
3.245000e+02 2.681352e+02
3.250000e+02 2.685930e+02
3.255000e+02 2.684742e+02
3.260000e+02 2.675077e+02
3.265000e+02 2.639508e+02
3.270000e+02 2.557081e+02
3.275000e+02 2.414245e+02
3.280000e+02 2.248332e+02
3.285000e+02 2.076839e+02
3.290000e+02 1.919252e+02
3.295000e+02 1.780944e+02
3.300000e+02 1.662832e+02
3.305000e+02 1.563454e+02
3.310000e+02 1.480561e+02
3.315000e+02 1.411755e+02
3.320000e+02 1.355774e+02
3.325000e+02 1.323574e+02
3.330000e+02 1.289423e+02
3.335000e+02 1.234672e+02
3.340000e+02 1.205924e+02
3.345000e+02 1.183576e+02
3.350000e+02 1.168011e+02
3.355000e+02 1.153284e+02
3.360000e+02 1.134699e+02
3.365000e+02 1.119325e+02
3.370000e+02 1.106642e+02
3.375000e+02 1.096669e+02
3.380000e+02 1.088370e+02
3.385000e+02 1.082262e+02
3.390000e+02 1.077461e+02
3.395000e+02 1.073900e+02
3.400000e+02 1.071511e+02
3.405000e+02 1.070081e+02
3.410000e+02 1.069494e+02
3.415000e+02 1.069693e+02
3.420000e+02 1.070871e+02
3.425000e+02 1.072913e+02
3.430000e+02 1.079838e+02
3.435000e+02 1.102632e+02
3.440000e+02 1.081637e+02
3.445000e+02 1.085849e+02
3.450000e+02 1.097518e+02
3.455000e+02 1.095853e+02
3.460000e+02 1.100084e+02
3.465000e+02 1.103763e+02
3.470000e+02 1.109113e+02
3.475000e+02 1.115182e+02
3.480000e+02 1.122005e+02
3.485000e+02 1.129177e+02
3.490000e+02 1.137433e+02
3.495000e+02 1.146136e+02
3.500000e+02 1.155178e+02
3.505000e+02 1.165422e+02
3.510000e+02 1.178481e+02
3.515000e+02 1.199334e+02
3.520000e+02 1.213778e+02
3.525000e+02 1.247901e+02
3.530000e+02 1.231231e+02
3.535000e+02 1.230030e+02
3.540000e+02 1.240502e+02
3.545000e+02 1.254474e+02
3.550000e+02 1.350125e+02
3.555000e+02 1.282718e+02
3.560000e+02 1.297060e+02
3.565000e+02 1.313225e+02
3.570000e+02 1.330017e+02
3.575000e+02 1.368255e+02
3.580000e+02 1.377691e+02
3.585000e+02 1.399856e+02
3.590000e+02 1.449228e+02
3.595000e+02 1.443092e+02
3.600000e+02 1.452808e+02
3.605000e+02 1.472664e+02
3.610000e+02 1.497573e+02
3.615000e+02 1.527624e+02
3.620000e+02 1.553656e+02
3.625000e+02 1.583281e+02
3.630000e+02 1.616669e+02
3.635000e+02 1.690865e+02
3.640000e+02 1.693361e+02
3.645000e+02 1.836629e+02
3.650000e+02 1.773286e+02
3.655000e+02 1.818308e+02
3.660000e+02 1.872260e+02
3.665000e+02 1.939331e+02
3.670000e+02 2.021895e+02
3.675000e+02 2.134633e+02
3.680000e+02 2.322190e+02
3.685000e+02 2.566023e+02
3.690000e+02 2.379776e+02
3.695000e+02 2.297225e+02
3.700000e+02 2.295705e+02
3.705000e+02 2.327229e+02
3.710000e+02 2.395193e+02
3.715000e+02 2.421588e+02
3.720000e+02 2.471788e+02
3.725000e+02 2.520301e+02
3.730000e+02 2.564866e+02
3.735000e+02 2.603163e+02
3.740000e+02 2.634361e+02
3.745000e+02 2.657718e+02
3.750000e+02 2.673641e+02
3.755000e+02 2.683088e+02
3.760000e+02 2.688375e+02
3.765000e+02 2.691347e+02
3.770000e+02 2.693320e+02
3.775000e+02 2.694864e+02
3.780000e+02 2.696129e+02
3.785000e+02 2.697138e+02
3.790000e+02 2.697887e+02
3.795000e+02 2.698372e+02
3.800000e+02 2.698591e+02
3.805000e+02 2.698543e+02
3.810000e+02 2.698231e+02
3.815000e+02 2.697661e+02
3.820000e+02 2.696840e+02
3.825000e+02 2.695778e+02
3.830000e+02 2.694480e+02
3.835000e+02 2.692917e+02
3.840000e+02 2.690910e+02
3.845000e+02 2.687885e+02
3.850000e+02 2.682713e+02
3.855000e+02 2.673930e+02
3.860000e+02 2.660112e+02
3.865000e+02 2.640276e+02
3.870000e+02 2.615011e+02
3.875000e+02 2.583724e+02
3.880000e+02 2.547799e+02
3.885000e+02 2.510216e+02
3.890000e+02 2.472888e+02
3.895000e+02 2.438314e+02
3.900000e+02 2.407970e+02
3.905000e+02 2.376772e+02
3.910000e+02 2.331647e+02
3.915000e+02 2.278601e+02
3.920000e+02 2.226733e+02
3.925000e+02 2.187612e+02
3.930000e+02 2.136394e+02
3.935000e+02 2.093372e+02
3.940000e+02 2.055684e+02
3.945000e+02 2.021170e+02
3.950000e+02 1.993996e+02
3.955000e+02 1.960021e+02
3.960000e+02 1.933129e+02
3.965000e+02 1.945325e+02
3.970000e+02 1.904281e+02
3.975000e+02 1.862764e+02
3.980000e+02 1.842486e+02
3.985000e+02 1.824257e+02
3.990000e+02 1.808055e+02
3.995000e+02 1.794830e+02
4.000000e+02 1.809277e+02
4.000000 0
1.000000e+01 3.683639e+00
1.050000e+01 3.710863e+00
1.100000e+01 3.740798e+00
1.150000e+01 3.762447e+00
1.200000e+01 3.792612e+00
1.250000e+01 3.826456e+00
1.300000e+01 3.864427e+00
1.350000e+01 3.907187e+00
1.400000e+01 3.955057e+00
1.450000e+01 4.009693e+00
1.500000e+01 4.073932e+00
1.550000e+01 4.144926e+00
1.600000e+01 4.232184e+00
1.650000e+01 4.335062e+00
1.700000e+01 4.462319e+00
1.750000e+01 4.623068e+00
1.800000e+01 4.831564e+00
1.850000e+01 5.110808e+00
1.900000e+01 5.498544e+00
1.950000e+01 6.058232e+00
2.000000e+01 6.898092e+00
2.050000e+01 8.198265e+00
2.100000e+01 1.022791e+01
2.150000e+01 1.320563e+01
2.200000e+01 1.645767e+01
2.250000e+01 1.683908e+01
2.300000e+01 1.427188e+01
2.350000e+01 1.167077e+01
2.400000e+01 9.798647e+00
2.450000e+01 8.550509e+00
2.500000e+01 7.739708e+00
2.550000e+01 7.211280e+00
2.600000e+01 6.846189e+00
2.650000e+01 6.607640e+00
2.700000e+01 6.450030e+00
2.750000e+01 6.348464e+00
2.800000e+01 6.287716e+00
2.850000e+01 6.260797e+00
2.900000e+01 6.286039e+00
2.950000e+01 6.281553e+00
3.000000e+01 6.370455e+00
3.050000e+01 6.400575e+00
3.100000e+01 6.436360e+00
3.150000e+01 6.513380e+00
3.200000e+01 6.602708e+00
3.250000e+01 6.702911e+00
3.300000e+01 6.813933e+00
3.350000e+01 6.935623e+00
3.400000e+01 7.067784e+00
3.450000e+01 7.211070e+00
3.500000e+01 7.366195e+00
3.550000e+01 7.533166e+00
3.600000e+01 7.778155e+00
3.650000e+01 7.904589e+00
3.700000e+01 8.110411e+00
3.750000e+01 8.336695e+00
3.800000e+01 8.586588e+00
3.850000e+01 8.826226e+00
3.900000e+01 9.101044e+00
3.950000e+01 9.401866e+00
4.000000e+01 9.717722e+00
4.050000e+01 1.006443e+01
4.100000e+01 1.044037e+01
4.150000e+01 1.084879e+01
4.200000e+01 1.129402e+01
4.250000e+01 1.178259e+01
4.300000e+01 1.232209e+01
4.350000e+01 1.291329e+01
4.400000e+01 1.354218e+01
4.450000e+01 1.424793e+01
4.500000e+01 1.504153e+01
4.550000e+01 1.591479e+01
4.600000e+01 1.690036e+01
4.650000e+01 1.801121e+01
4.700000e+01 1.927114e+01
4.750000e+01 2.070991e+01
4.800000e+01 2.236644e+01
4.850000e+01 2.429273e+01
4.900000e+01 2.655877e+01
4.950000e+01 2.926367e+01
5.000000e+01 3.257515e+01
5.050000e+01 3.660166e+01
5.100000e+01 4.196314e+01
5.150000e+01 5.007218e+01
5.200000e+01 6.060690e+01
5.250000e+01 7.704574e+01
5.300000e+01 1.019649e+02
5.350000e+01 1.367863e+02
5.400000e+01 1.786088e+02
5.450000e+01 2.184195e+02
5.500000e+01 2.457513e+02
5.550000e+01 2.588901e+02
5.600000e+01 2.636051e+02
5.650000e+01 2.652856e+02
5.700000e+01 2.661562e+02
5.750000e+01 2.667201e+02
5.800000e+01 2.671333e+02
5.850000e+01 2.674043e+02
5.900000e+01 2.674541e+02
5.950000e+01 2.675378e+02
6.000000e+01 2.676918e+02
6.050000e+01 2.677991e+02
6.100000e+01 2.677086e+02
6.150000e+01 2.676136e+02
6.200000e+01 2.675066e+02
6.250000e+01 2.672337e+02
6.300000e+01 2.663952e+02
6.350000e+01 2.647842e+02
6.400000e+01 2.614996e+02
6.450000e+01 2.519218e+02
6.500000e+01 2.286056e+02
6.550000e+01 1.919687e+02
6.600000e+01 1.517519e+02
6.650000e+01 1.169664e+02
6.700000e+01 9.103694e+01
6.750000e+01 7.321807e+01
6.800000e+01 6.097105e+01
6.850000e+01 5.255447e+01
6.900000e+01 4.642327e+01
6.950000e+01 4.178039e+01
7.000000e+01 3.807707e+01
7.050000e+01 3.504741e+01
7.100000e+01 3.251221e+01
7.150000e+01 3.036355e+01
7.200000e+01 2.851180e+01
7.250000e+01 2.691617e+01
7.300000e+01 2.551746e+01
7.350000e+01 2.429520e+01
7.400000e+01 2.322103e+01
7.450000e+01 2.227102e+01
7.500000e+01 2.143928e+01
7.550000e+01 2.070742e+01
7.600000e+01 2.002837e+01
7.650000e+01 2.008287e+01
7.700000e+01 1.888169e+01
7.750000e+01 1.846709e+01
7.800000e+01 1.796936e+01
7.850000e+01 1.760280e+01
7.900000e+01 1.737393e+01
7.950000e+01 1.707990e+01
8.000000e+01 1.692329e+01
8.050000e+01 1.677031e+01
8.100000e+01 1.645986e+01
8.150000e+01 1.608925e+01
8.200000e+01 1.576142e+01
8.250000e+01 1.548961e+01
8.300000e+01 1.526401e+01
8.350000e+01 1.507387e+01
8.400000e+01 1.491126e+01
8.450000e+01 1.477078e+01
8.500000e+01 1.464983e+01
8.550000e+01 1.454582e+01
8.600000e+01 1.445797e+01
8.650000e+01 1.438731e+01
8.700000e+01 1.433437e+01
8.750000e+01 1.429892e+01
8.800000e+01 1.426448e+01
8.850000e+01 1.420611e+01
8.900000e+01 1.414786e+01
8.950000e+01 1.410601e+01
9.000000e+01 1.408316e+01
9.050000e+01 1.406229e+01
9.100000e+01 1.405821e+01
9.150000e+01 1.405572e+01
9.200000e+01 1.406504e+01
9.250000e+01 1.408262e+01
9.300000e+01 1.411183e+01
9.350000e+01 1.418206e+01
9.400000e+01 1.476809e+01
9.450000e+01 1.424057e+01
9.500000e+01 1.427003e+01
9.550000e+01 1.434396e+01
9.600000e+01 1.455683e+01
9.650000e+01 1.456372e+01
9.700000e+01 1.452263e+01
9.750000e+01 1.458253e+01
9.800000e+01 1.466484e+01
9.850000e+01 1.474754e+01
9.900000e+01 1.485183e+01
9.950000e+01 1.496818e+01
1.000000e+02 1.510733e+01
1.005000e+02 1.541716e+01
1.010000e+02 1.539766e+01
1.015000e+02 1.575756e+01
1.020000e+02 1.587302e+01
1.025000e+02 1.579216e+01
1.030000e+02 1.593877e+01
1.035000e+02 1.616060e+01
1.040000e+02 1.650105e+01
1.045000e+02 1.653288e+01
1.050000e+02 1.675637e+01
1.055000e+02 1.701235e+01
1.060000e+02 1.729575e+01
1.065000e+02 1.760948e+01
1.070000e+02 1.795703e+01
1.075000e+02 1.834557e+01
1.080000e+02 1.878915e+01
1.085000e+02 1.927337e+01
1.090000e+02 1.984432e+01
1.095000e+02 2.095090e+01
1.100000e+02 2.125548e+01
1.105000e+02 2.227847e+01
1.110000e+02 2.375824e+01
1.115000e+02 2.428325e+01
1.120000e+02 2.565964e+01
1.125000e+02 2.739343e+01
1.130000e+02 2.956433e+01
1.135000e+02 3.230989e+01
1.140000e+02 3.588063e+01
1.145000e+02 4.059409e+01
1.150000e+02 4.769126e+01
1.155000e+02 5.607098e+01
1.160000e+02 6.925459e+01
1.165000e+02 8.922345e+01
1.170000e+02 1.202339e+02
1.175000e+02 1.671987e+02
1.180000e+02 2.243547e+02
1.185000e+02 2.541723e+02
1.190000e+02 2.541322e+02
1.195000e+02 2.238156e+02
1.200000e+02 1.660492e+02
1.205000e+02 1.190700e+02
1.210000e+02 8.831699e+01
1.215000e+02 6.859931e+01
1.220000e+02 5.566257e+01
1.225000e+02 4.689944e+01
1.230000e+02 4.079487e+01
1.235000e+02 3.650394e+01
1.240000e+02 3.516833e+01
1.245000e+02 3.084332e+01
1.250000e+02 2.893484e+01
1.255000e+02 2.861840e+01
1.260000e+02 2.615715e+01
1.265000e+02 2.509512e+01
1.270000e+02 2.427985e+01
1.275000e+02 2.365675e+01
1.280000e+02 2.323291e+01
1.285000e+02 2.282759e+01
1.290000e+02 2.237907e+01
1.295000e+02 2.209751e+01
1.300000e+02 2.187049e+01
1.305000e+02 2.169510e+01
1.310000e+02 2.164209e+01
1.315000e+02 2.145246e+01
1.320000e+02 2.137643e+01
1.325000e+02 2.134430e+01
1.330000e+02 2.130002e+01
1.335000e+02 2.127326e+01
1.340000e+02 2.129587e+01
1.345000e+02 2.133154e+01
1.350000e+02 2.134013e+01
1.355000e+02 2.139225e+01
1.360000e+02 2.146934e+01
1.365000e+02 2.159906e+01
1.370000e+02 2.186535e+01
1.375000e+02 2.182954e+01
1.380000e+02 2.199938e+01
1.385000e+02 2.216344e+01
1.390000e+02 2.222042e+01
1.395000e+02 2.223695e+01
1.400000e+02 2.234034e+01
1.405000e+02 2.239326e+01
1.410000e+02 2.254092e+01
1.415000e+02 2.278102e+01
1.420000e+02 2.407287e+01
1.425000e+02 2.357380e+01
1.430000e+02 2.350922e+01
1.435000e+02 2.379136e+01
1.440000e+02 2.392883e+01
1.445000e+02 2.395385e+01
1.450000e+02 2.497394e+01
1.455000e+02 2.391347e+01
1.460000e+02 2.396061e+01
1.465000e+02 2.406074e+01
1.470000e+02 2.420017e+01
1.475000e+02 2.436336e+01
1.480000e+02 2.455413e+01
1.485000e+02 2.486757e+01
1.490000e+02 2.506729e+01
1.495000e+02 2.518792e+01
1.500000e+02 2.545509e+01
1.505000e+02 2.583283e+01
1.510000e+02 2.608449e+01
1.515000e+02 2.621258e+01
1.520000e+02 2.638921e+01
1.525000e+02 2.655416e+01
1.530000e+02 2.676828e+01
1.535000e+02 2.705280e+01
1.540000e+02 2.878848e+01
1.545000e+02 2.756580e+01
1.550000e+02 2.779543e+01
1.555000e+02 2.808166e+01
1.560000e+02 2.843640e+01
1.565000e+02 2.874013e+01
1.570000e+02 2.904420e+01
1.575000e+02 2.939131e+01
1.580000e+02 2.975635e+01
1.585000e+02 3.016241e+01
1.590000e+02 3.054451e+01
1.595000e+02 3.097293e+01
1.600000e+02 3.141546e+01
1.605000e+02 3.187944e+01
1.610000e+02 3.236602e+01
1.615000e+02 3.287813e+01
1.620000e+02 3.342302e+01
1.625000e+02 3.400209e+01
1.630000e+02 3.461962e+01
1.635000e+02 3.528076e+01
1.640000e+02 3.600036e+01
1.645000e+02 3.685281e+01
1.650000e+02 3.974456e+01
1.655000e+02 3.909508e+01
1.660000e+02 4.031242e+01
1.665000e+02 4.036065e+01
1.670000e+02 4.131708e+01
1.675000e+02 4.278754e+01
1.680000e+02 4.365821e+01
1.685000e+02 4.497423e+01
1.690000e+02 4.652375e+01
1.695000e+02 4.804247e+01
1.700000e+02 4.982747e+01
1.705000e+02 5.174831e+01
1.710000e+02 5.391137e+01
1.715000e+02 5.634626e+01
1.720000e+02 5.898409e+01
1.725000e+02 6.198743e+01
1.730000e+02 6.538032e+01
1.735000e+02 6.994416e+01
1.740000e+02 7.354355e+01
1.745000e+02 7.850456e+01
1.750000e+02 8.429817e+01
1.755000e+02 9.156715e+01
1.760000e+02 9.844113e+01
1.765000e+02 1.068929e+02
1.770000e+02 1.168936e+02
1.775000e+02 1.285607e+02
1.780000e+02 1.420939e+02
1.785000e+02 1.576623e+02
1.790000e+02 1.752631e+02
1.795000e+02 1.946354e+02
1.800000e+02 2.149885e+02
1.805000e+02 2.344502e+02
1.810000e+02 2.507788e+02
1.815000e+02 2.616296e+02
1.820000e+02 2.667395e+02
1.825000e+02 2.683460e+02
1.830000e+02 2.687476e+02
1.835000e+02 2.687683e+02
1.840000e+02 2.684524e+02
1.845000e+02 2.672137e+02
1.850000e+02 2.631631e+02
1.855000e+02 2.541710e+02
1.860000e+02 2.400449e+02
1.865000e+02 2.226003e+02
1.870000e+02 2.040274e+02
1.875000e+02 1.859454e+02
1.880000e+02 1.692705e+02
1.885000e+02 1.543501e+02
1.890000e+02 1.412596e+02
1.895000e+02 1.298640e+02
1.900000e+02 1.200040e+02
1.905000e+02 1.115014e+02
1.910000e+02 1.041171e+02
1.915000e+02 9.774738e+01
1.920000e+02 9.224071e+01
1.925000e+02 8.748735e+01
1.930000e+02 8.345043e+01
1.935000e+02 8.013636e+01
1.940000e+02 7.672502e+01
1.945000e+02 7.372392e+01
1.950000e+02 7.124664e+01
1.955000e+02 7.335275e+01
1.960000e+02 6.666009e+01
1.965000e+02 6.449142e+01
1.970000e+02 6.276967e+01
1.975000e+02 6.129179e+01
1.980000e+02 6.001139e+01
1.985000e+02 5.881910e+01
1.990000e+02 5.785082e+01
1.995000e+02 5.716743e+01
2.000000e+02 5.631282e+01
2.005000e+02 5.588058e+01
2.010000e+02 5.619977e+01
2.015000e+02 5.530010e+01
2.020000e+02 5.526572e+01
2.025000e+02 5.571164e+01
2.030000e+02 5.642317e+01
2.035000e+02 5.656226e+01
2.040000e+02 5.501386e+01
2.045000e+02 5.343489e+01
2.050000e+02 5.220529e+01
2.055000e+02 5.132348e+01
2.060000e+02 5.086672e+01
2.065000e+02 5.026240e+01
2.070000e+02 4.978784e+01
2.075000e+02 4.953818e+01
2.080000e+02 4.926242e+01
2.085000e+02 5.036869e+01
2.090000e+02 4.904120e+01
2.095000e+02 4.865210e+01
2.100000e+02 4.843379e+01
2.105000e+02 4.860349e+01
2.110000e+02 4.845427e+01
2.115000e+02 4.802425e+01
2.120000e+02 4.790782e+01
2.125000e+02 4.783699e+01
2.130000e+02 4.779270e+01
2.135000e+02 4.776832e+01
2.140000e+02 4.777368e+01
2.145000e+02 4.790567e+01
2.150000e+02 5.190009e+01
2.155000e+02 4.788293e+01
2.160000e+02 4.786164e+01
2.165000e+02 4.780063e+01
2.170000e+02 4.783047e+01
2.175000e+02 4.793609e+01
2.180000e+02 4.795111e+01
2.185000e+02 4.799672e+01
2.190000e+02 4.806620e+01
2.195000e+02 4.814974e+01
2.200000e+02 4.825321e+01
2.205000e+02 4.834223e+01
2.210000e+02 4.845867e+01
2.215000e+02 4.859325e+01
2.220000e+02 4.874665e+01
2.225000e+02 4.893786e+01
2.230000e+02 4.916584e+01
2.235000e+02 4.946291e+01
2.240000e+02 4.986807e+01
2.245000e+02 5.043638e+01
2.250000e+02 5.127041e+01
2.255000e+02 5.232657e+01
2.260000e+02 5.496290e+01
2.265000e+02 5.247933e+01
2.270000e+02 5.157607e+01
2.275000e+02 5.106456e+01
2.280000e+02 5.080187e+01
2.285000e+02 5.069453e+01
2.290000e+02 5.070547e+01
2.295000e+02 5.138956e+01
2.300000e+02 5.093202e+01
2.305000e+02 5.122242e+01
2.310000e+02 5.201503e+01
2.315000e+02 5.261358e+01
2.320000e+02 5.169726e+01
2.325000e+02 5.190683e+01
2.330000e+02 5.243531e+01
2.335000e+02 5.374884e+01
2.340000e+02 5.799387e+01
2.345000e+02 5.376136e+01
2.350000e+02 5.315436e+01
2.355000e+02 5.478462e+01
2.360000e+02 5.410349e+01
2.365000e+02 5.339044e+01
2.370000e+02 5.660983e+01
2.375000e+02 5.420575e+01
2.380000e+02 5.376509e+01
2.385000e+02 5.444112e+01
2.390000e+02 6.002585e+01
2.395000e+02 5.560639e+01
2.400000e+02 5.579678e+01
2.405000e+02 5.599423e+01
2.410000e+02 5.658939e+01
2.415000e+02 5.739383e+01
2.420000e+02 5.819931e+01
2.425000e+02 5.927185e+01
2.430000e+02 5.708241e+01
2.435000e+02 6.726740e+01
2.440000e+02 5.682884e+01
2.445000e+02 5.618189e+01
2.450000e+02 5.605351e+01
2.455000e+02 5.611291e+01
2.460000e+02 5.624867e+01
2.465000e+02 5.675364e+01
2.470000e+02 5.667878e+01
2.475000e+02 5.725037e+01
2.480000e+02 5.948058e+01
2.485000e+02 5.824764e+01
2.490000e+02 5.786573e+01
2.495000e+02 5.917463e+01
2.500000e+02 7.231660e+01
2.505000e+02 5.899624e+01
2.510000e+02 5.930413e+01
2.515000e+02 5.931534e+01
2.520000e+02 5.910787e+01
2.525000e+02 5.926894e+01
2.530000e+02 5.949804e+01
2.535000e+02 5.990638e+01
2.540000e+02 6.046333e+01
2.545000e+02 6.117584e+01
2.550000e+02 6.179314e+01
2.555000e+02 6.169022e+01
2.560000e+02 6.138613e+01
2.565000e+02 6.123925e+01
2.570000e+02 6.123583e+01
2.575000e+02 6.139612e+01
2.580000e+02 6.191022e+01
2.585000e+02 6.335749e+01
2.590000e+02 6.284037e+01
2.595000e+02 6.214448e+01
2.600000e+02 6.220680e+01
2.605000e+02 6.237582e+01
2.610000e+02 6.260111e+01
2.615000e+02 6.284239e+01
2.620000e+02 6.314570e+01
2.625000e+02 6.360980e+01
2.630000e+02 6.455727e+01
2.635000e+02 6.598464e+01
2.640000e+02 6.555812e+01
2.645000e+02 6.520418e+01
2.650000e+02 6.674885e+01
2.655000e+02 6.637428e+01
2.660000e+02 6.705647e+01
2.665000e+02 6.725191e+01
2.670000e+02 6.776813e+01
2.675000e+02 6.775464e+01
2.680000e+02 6.669199e+01
2.685000e+02 6.663976e+01
2.690000e+02 6.669392e+01
2.695000e+02 6.683628e+01
2.700000e+02 6.702291e+01
2.705000e+02 6.726045e+01
2.710000e+02 6.756177e+01
2.715000e+02 6.776722e+01
2.720000e+02 6.813590e+01
2.725000e+02 6.860679e+01
2.730000e+02 7.695003e+01
2.735000e+02 6.931727e+01
2.740000e+02 6.945306e+01
2.745000e+02 7.797270e+01
2.750000e+02 6.996202e+01
2.755000e+02 7.024514e+01
2.760000e+02 7.097052e+01
2.765000e+02 7.169277e+01
2.770000e+02 7.268102e+01
2.775000e+02 7.122583e+01
2.780000e+02 7.134661e+01
2.785000e+02 7.175455e+01
2.790000e+02 7.189135e+01
2.795000e+02 7.647542e+01
2.800000e+02 7.271298e+01
2.805000e+02 7.266375e+01
2.810000e+02 7.350893e+01
2.815000e+02 7.337869e+01
2.820000e+02 7.365390e+01
2.825000e+02 7.402758e+01
2.830000e+02 7.465392e+01
2.835000e+02 7.463926e+01
2.840000e+02 7.490695e+01
2.845000e+02 7.522513e+01
2.850000e+02 7.559666e+01
2.855000e+02 7.622580e+01
2.860000e+02 8.192083e+01
2.865000e+02 7.809311e+01
2.870000e+02 7.706671e+01
2.875000e+02 7.722592e+01
2.880000e+02 7.759894e+01
2.885000e+02 7.838426e+01
2.890000e+02 9.224548e+01
2.895000e+02 7.891183e+01
2.900000e+02 7.896414e+01
2.905000e+02 7.924365e+01
2.910000e+02 8.071563e+01
2.915000e+02 7.997632e+01
2.920000e+02 8.034383e+01
2.925000e+02 8.087492e+01
2.930000e+02 8.260350e+01
2.935000e+02 8.353355e+01
2.940000e+02 8.203933e+01
2.945000e+02 8.232527e+01
2.950000e+02 8.271595e+01
2.955000e+02 8.315873e+01
2.960000e+02 8.360709e+01
2.965000e+02 8.408639e+01
2.970000e+02 8.465343e+01
2.975000e+02 8.529897e+01
2.980000e+02 8.630892e+01
2.985000e+02 8.944995e+01
2.990000e+02 8.725207e+01
2.995000e+02 8.777486e+01
3.000000e+02 8.785110e+01
3.005000e+02 8.899051e+01
3.010000e+02 8.982121e+01
3.015000e+02 9.250056e+01
3.020000e+02 9.346883e+01
3.025000e+02 9.116381e+01
3.030000e+02 9.321649e+01
3.035000e+02 9.241488e+01
3.040000e+02 9.251705e+01
3.045000e+02 9.331903e+01
3.050000e+02 9.425555e+01
3.055000e+02 9.456069e+01
3.060000e+02 9.521356e+01
3.065000e+02 9.596540e+01
3.070000e+02 9.681424e+01
3.075000e+02 9.778167e+01
3.080000e+02 9.873942e+01
3.085000e+02 9.990061e+01
3.090000e+02 1.010874e+02
3.095000e+02 1.025012e+02
3.100000e+02 1.052750e+02
3.105000e+02 1.056315e+02
3.110000e+02 1.068420e+02
3.115000e+02 1.081330e+02
3.120000e+02 1.096953e+02
3.125000e+02 1.116112e+02
3.130000e+02 1.138839e+02
3.135000e+02 1.164272e+02
3.140000e+02 1.187970e+02
3.145000e+02 1.208250e+02
3.150000e+02 1.233676e+02
3.155000e+02 1.267423e+02
3.160000e+02 1.324375e+02
3.165000e+02 1.359987e+02
3.170000e+02 1.392382e+02
3.175000e+02 1.443155e+02
3.180000e+02 1.503636e+02
3.185000e+02 1.576985e+02
3.190000e+02 1.665489e+02
3.195000e+02 1.773599e+02
3.200000e+02 2.016275e+02
3.205000e+02 2.048136e+02
3.210000e+02 2.179655e+02
3.215000e+02 2.277400e+02
3.220000e+02 2.384543e+02
3.225000e+02 2.499061e+02
3.230000e+02 2.596263e+02
3.235000e+02 2.656621e+02
3.240000e+02 2.681374e+02
3.245000e+02 2.688415e+02
3.250000e+02 2.690243e+02
3.255000e+02 2.689712e+02
3.260000e+02 2.686224e+02
3.265000e+02 2.673646e+02
3.270000e+02 2.636617e+02
3.275000e+02 2.556853e+02
3.280000e+02 2.444321e+02
3.285000e+02 2.312506e+02
3.290000e+02 2.179474e+02
3.295000e+02 2.054742e+02
3.300000e+02 1.942939e+02
3.305000e+02 1.845382e+02
3.310000e+02 1.761670e+02
3.315000e+02 1.690590e+02
3.320000e+02 1.631415e+02
3.325000e+02 1.592950e+02
3.330000e+02 1.554796e+02
3.335000e+02 1.501498e+02
3.340000e+02 1.470560e+02
3.345000e+02 1.446203e+02
3.350000e+02 1.428597e+02
3.355000e+02 1.412124e+02
3.360000e+02 1.392162e+02
3.365000e+02 1.375200e+02
3.370000e+02 1.361071e+02
3.375000e+02 1.349855e+02
3.380000e+02 1.340632e+02
3.385000e+02 1.333740e+02
3.390000e+02 1.328360e+02
3.395000e+02 1.324373e+02
3.400000e+02 1.321677e+02
3.405000e+02 1.320057e+02
3.410000e+02 1.319388e+02
3.415000e+02 1.319598e+02
3.420000e+02 1.320828e+02
3.425000e+02 1.322967e+02
3.430000e+02 1.329374e+02
3.435000e+02 1.349245e+02
3.440000e+02 1.332532e+02
3.445000e+02 1.337104e+02
3.450000e+02 1.348048e+02
3.455000e+02 1.347957e+02
3.460000e+02 1.352922e+02
3.465000e+02 1.357544e+02
3.470000e+02 1.363675e+02
3.475000e+02 1.370519e+02
3.480000e+02 1.378103e+02
3.485000e+02 1.386085e+02
3.490000e+02 1.395073e+02
3.495000e+02 1.404536e+02
3.500000e+02 1.414386e+02
3.505000e+02 1.425331e+02
3.510000e+02 1.438694e+02
3.515000e+02 1.458543e+02
3.520000e+02 1.473218e+02
3.525000e+02 1.504038e+02
3.530000e+02 1.493549e+02
3.535000e+02 1.495853e+02
3.540000e+02 1.507785e+02
3.545000e+02 1.522677e+02
3.550000e+02 1.603340e+02
3.555000e+02 1.553094e+02
3.560000e+02 1.568679e+02
3.565000e+02 1.585847e+02
3.570000e+02 1.603651e+02
3.575000e+02 1.638496e+02
3.580000e+02 1.650759e+02
3.585000e+02 1.673178e+02
3.590000e+02 1.716845e+02
3.595000e+02 1.717589e+02
3.600000e+02 1.730905e+02
3.605000e+02 1.752237e+02
3.610000e+02 1.777599e+02
3.615000e+02 1.806990e+02
3.620000e+02 1.833507e+02
3.625000e+02 1.862853e+02
3.630000e+02 1.895091e+02
3.635000e+02 1.956916e+02
3.640000e+02 1.966939e+02
3.645000e+02 2.076903e+02
3.650000e+02 2.041077e+02
3.655000e+02 2.081561e+02
3.660000e+02 2.127895e+02
3.665000e+02 2.182495e+02
3.670000e+02 2.246316e+02
3.675000e+02 2.327885e+02
3.680000e+02 2.453120e+02
3.685000e+02 2.606219e+02
3.690000e+02 2.500462e+02
3.695000e+02 2.460839e+02
3.700000e+02 2.469382e+02
3.705000e+02 2.495953e+02
3.710000e+02 2.539402e+02
3.715000e+02 2.561105e+02
3.720000e+02 2.591880e+02
3.725000e+02 2.619232e+02
3.730000e+02 2.642129e+02
3.735000e+02 2.659932e+02
3.740000e+02 2.672875e+02
3.745000e+02 2.681514e+02
3.750000e+02 2.686878e+02
3.755000e+02 2.690082e+02
3.760000e+02 2.692174e+02
3.765000e+02 2.693746e+02
3.770000e+02 2.695056e+02
3.775000e+02 2.696173e+02
3.780000e+02 2.697108e+02
3.785000e+02 2.697856e+02
3.790000e+02 2.698413e+02
3.795000e+02 2.698773e+02
3.800000e+02 2.698936e+02
3.805000e+02 2.698900e+02
3.810000e+02 2.698668e+02
3.815000e+02 2.698245e+02
3.820000e+02 2.697636e+02
3.825000e+02 2.696849e+02
3.830000e+02 2.695893e+02
3.835000e+02 2.694775e+02
3.840000e+02 2.693485e+02
3.845000e+02 2.691953e+02
3.850000e+02 2.689949e+02
3.855000e+02 2.686993e+02
3.860000e+02 2.682353e+02
3.865000e+02 2.675183e+02
3.870000e+02 2.665008e+02
3.875000e+02 2.651222e+02
3.880000e+02 2.633960e+02
3.885000e+02 2.614309e+02
3.890000e+02 2.593415e+02
3.895000e+02 2.572955e+02
3.900000e+02 2.554124e+02
3.905000e+02 2.534030e+02
3.910000e+02 2.504151e+02
3.915000e+02 2.467390e+02
3.920000e+02 2.429816e+02
3.925000e+02 2.398685e+02
3.930000e+02 2.360565e+02
3.935000e+02 2.326898e+02
3.940000e+02 2.296324e+02
3.945000e+02 2.267707e+02
3.950000e+02 2.243748e+02
3.955000e+02 2.215675e+02
3.960000e+02 2.192226e+02
3.965000e+02 2.194380e+02
3.970000e+02 2.162249e+02
3.975000e+02 2.129766e+02
3.980000e+02 2.111477e+02
3.985000e+02 2.094789e+02
3.990000e+02 2.079705e+02
3.995000e+02 2.066887e+02
4.000000e+02 2.073333e+02
5.000000 0
1.000000e+01 3.718798e+00
1.050000e+01 3.750400e+00
1.100000e+01 3.784059e+00
1.150000e+01 3.809816e+00
1.200000e+01 3.844764e+00
1.250000e+01 3.884068e+00
1.300000e+01 3.928343e+00
1.350000e+01 3.978419e+00
1.400000e+01 4.034696e+00
1.450000e+01 4.099167e+00
1.500000e+01 4.175112e+00
1.550000e+01 4.260212e+00
1.600000e+01 4.364704e+00
1.650000e+01 4.489001e+00
1.700000e+01 4.643411e+00
1.750000e+01 4.839375e+00
1.800000e+01 5.094738e+00
1.850000e+01 5.438178e+00
1.900000e+01 5.916690e+00
1.950000e+01 6.609152e+00
2.000000e+01 7.649713e+00
2.050000e+01 9.260752e+00
2.100000e+01 1.177222e+01
2.150000e+01 1.544623e+01
2.200000e+01 1.944360e+01
2.250000e+01 1.990647e+01
2.300000e+01 1.674142e+01
2.350000e+01 1.352179e+01
2.400000e+01 1.119180e+01
2.450000e+01 9.632609e+00
2.500000e+01 8.612209e+00
2.550000e+01 7.940020e+00
2.600000e+01 7.474282e+00
2.650000e+01 7.163711e+00
2.700000e+01 6.953122e+00
2.750000e+01 6.811424e+00
2.800000e+01 6.720233e+00
2.850000e+01 6.670251e+00
2.900000e+01 6.677970e+00
2.950000e+01 6.660347e+00
3.000000e+01 6.739309e+00
3.050000e+01 6.762276e+00
3.100000e+01 6.793053e+00
3.150000e+01 6.866750e+00
3.200000e+01 6.954188e+00
3.250000e+01 7.053701e+00
3.300000e+01 7.165053e+00
3.350000e+01 7.287944e+00
3.400000e+01 7.422058e+00
3.450000e+01 7.567948e+00
3.500000e+01 7.726249e+00
3.550000e+01 7.896901e+00
3.600000e+01 8.145900e+00
3.650000e+01 8.276983e+00
3.700000e+01 8.487695e+00
3.750000e+01 8.719184e+00
3.800000e+01 8.974554e+00
3.850000e+01 9.219976e+00
3.900000e+01 9.500786e+00
3.950000e+01 9.807810e+00
4.000000e+01 1.013008e+01
4.050000e+01 1.048337e+01
4.100000e+01 1.086604e+01
4.150000e+01 1.128134e+01
4.200000e+01 1.173358e+01
4.250000e+01 1.222925e+01
4.300000e+01 1.277593e+01
4.350000e+01 1.337439e+01
4.400000e+01 1.401064e+01
4.450000e+01 1.472378e+01
4.500000e+01 1.552478e+01
4.550000e+01 1.640550e+01
4.600000e+01 1.739855e+01
4.650000e+01 1.851692e+01
4.700000e+01 1.978450e+01
4.750000e+01 2.123116e+01
4.800000e+01 2.289609e+01
4.850000e+01 2.483174e+01
4.900000e+01 2.710872e+01
4.950000e+01 2.982643e+01
5.000000e+01 3.314963e+01
5.050000e+01 3.717488e+01
5.100000e+01 4.252100e+01
5.150000e+01 5.060774e+01
5.200000e+01 6.111581e+01
5.250000e+01 7.751354e+01
5.300000e+01 1.023692e+02
5.350000e+01 1.371003e+02
5.400000e+01 1.788148e+02
5.450000e+01 2.185255e+02
5.500000e+01 2.457928e+02
5.550000e+01 2.589038e+02
5.600000e+01 2.636103e+02
5.650000e+01 2.652882e+02
5.700000e+01 2.661577e+02
5.750000e+01 2.667210e+02
5.800000e+01 2.671338e+02
5.850000e+01 2.674046e+02
5.900000e+01 2.674544e+02
5.950000e+01 2.675381e+02
6.000000e+01 2.676920e+02
6.050000e+01 2.677992e+02
6.100000e+01 2.677089e+02
6.150000e+01 2.676139e+02
6.200000e+01 2.675071e+02
6.250000e+01 2.672345e+02
6.300000e+01 2.663974e+02
6.350000e+01 2.647896e+02
6.400000e+01 2.615133e+02
6.450000e+01 2.519644e+02
6.500000e+01 2.287283e+02
6.550000e+01 1.922294e+02
6.600000e+01 1.521754e+02
6.650000e+01 1.175414e+02
6.700000e+01 9.173472e+01
6.750000e+01 7.400838e+01
6.800000e+01 6.182782e+01
6.850000e+01 5.345686e+01
6.900000e+01 4.736077e+01
6.950000e+01 4.274802e+01
7.000000e+01 3.907234e+01
7.050000e+01 3.606870e+01
7.100000e+01 3.355841e+01
7.150000e+01 3.143376e+01
7.200000e+01 2.960535e+01
7.250000e+01 2.803247e+01
7.300000e+01 2.665610e+01
7.350000e+01 2.545584e+01
7.400000e+01 2.440343e+01
7.450000e+01 2.347509e+01
7.500000e+01 2.266496e+01
7.550000e+01 2.195484e+01
7.600000e+01 2.129803e+01
7.650000e+01 2.137162e+01
7.700000e+01 2.019796e+01
7.750000e+01 1.980831e+01
7.800000e+01 1.933879e+01
7.850000e+01 1.900389e+01
7.900000e+01 1.881220e+01
7.950000e+01 1.856474e+01
8.000000e+01 1.846255e+01
8.050000e+01 1.835755e+01
8.100000e+01 1.805248e+01
8.150000e+01 1.766774e+01
8.200000e+01 1.733071e+01
8.250000e+01 1.705814e+01
8.300000e+01 1.683847e+01
8.350000e+01 1.665881e+01
8.400000e+01 1.650969e+01
8.450000e+01 1.638477e+01
8.500000e+01 1.628089e+01
8.550000e+01 1.619524e+01
8.600000e+01 1.612701e+01
8.650000e+01 1.607748e+01
8.700000e+01 1.604765e+01
8.750000e+01 1.603725e+01
8.800000e+01 1.602591e+01
8.850000e+01 1.598309e+01
8.900000e+01 1.593916e+01
8.950000e+01 1.591339e+01
9.000000e+01 1.590819e+01
9.050000e+01 1.590613e+01
9.100000e+01 1.592145e+01
9.150000e+01 1.593889e+01
9.200000e+01 1.596841e+01
9.250000e+01 1.600645e+01
9.300000e+01 1.605628e+01
9.350000e+01 1.614698e+01
9.400000e+01 1.674875e+01
9.450000e+01 1.624814e+01
9.500000e+01 1.629948e+01
9.550000e+01 1.639532e+01
9.600000e+01 1.662889e+01
9.650000e+01 1.665785e+01
9.700000e+01 1.663846e+01
9.750000e+01 1.671911e+01
9.800000e+01 1.682240e+01
9.850000e+01 1.692643e+01
9.900000e+01 1.705211e+01
9.950000e+01 1.718995e+01
1.000000e+02 1.735050e+01
1.005000e+02 1.768002e+01
1.010000e+02 1.768400e+01
1.015000e+02 1.806328e+01
1.020000e+02 1.820099e+01
1.025000e+02 1.814477e+01
1.030000e+02 1.831356e+01
1.035000e+02 1.855683e+01
1.040000e+02 1.891747e+01
1.045000e+02 1.897319e+01
1.050000e+02 1.921846e+01
1.055000e+02 1.949597e+01
1.060000e+02 1.980068e+01
1.065000e+02 2.013549e+01
1.070000e+02 2.050383e+01
1.075000e+02 2.091277e+01
1.080000e+02 2.137621e+01
1.085000e+02 2.187992e+01
1.090000e+02 2.246942e+01
1.095000e+02 2.358812e+01
1.100000e+02 2.391456e+01
1.105000e+02 2.495088e+01
1.110000e+02 2.643856e+01
1.115000e+02 2.698300e+01
1.120000e+02 2.836862e+01
1.125000e+02 3.010733e+01
1.130000e+02 3.227785e+01
1.135000e+02 3.501599e+01
1.140000e+02 3.856912e+01
1.145000e+02 4.325076e+01
1.150000e+02 5.028647e+01
1.155000e+02 5.858793e+01
1.160000e+02 7.163252e+01
1.165000e+02 9.137547e+01
1.170000e+02 1.220178e+02
1.175000e+02 1.684084e+02
1.180000e+02 2.248580e+02
1.185000e+02 2.543124e+02
1.190000e+02 2.542750e+02
1.195000e+02 2.243500e+02
1.200000e+02 1.673724e+02
1.205000e+02 1.210699e+02
1.210000e+02 9.076659e+01
1.215000e+02 7.132373e+01
1.220000e+02 5.856717e+01
1.225000e+02 4.993395e+01
1.230000e+02 4.392983e+01
1.235000e+02 3.971955e+01
1.240000e+02 3.842572e+01
1.245000e+02 3.418965e+01
1.250000e+02 3.233676e+01
1.255000e+02 3.205327e+01
1.260000e+02 2.965951e+01
1.265000e+02 2.864458e+01
1.270000e+02 2.787348e+01
1.275000e+02 2.729213e+01
1.280000e+02 2.690714e+01
1.285000e+02 2.654089e+01
1.290000e+02 2.613283e+01
1.295000e+02 2.588948e+01
1.300000e+02 2.570029e+01
1.305000e+02 2.556234e+01
1.310000e+02 2.554510e+01
1.315000e+02 2.539423e+01
1.320000e+02 2.535545e+01
1.325000e+02 2.536036e+01
1.330000e+02 2.535399e+01
1.335000e+02 2.536563e+01
1.340000e+02 2.542664e+01
1.345000e+02 2.550147e+01
1.350000e+02 2.555024e+01
1.355000e+02 2.564247e+01
1.360000e+02 2.576132e+01
1.365000e+02 2.593502e+01
1.370000e+02 2.624723e+01
1.375000e+02 2.627004e+01
1.380000e+02 2.650060e+01
1.385000e+02 2.672018e+01
1.390000e+02 2.680686e+01
1.395000e+02 2.684547e+01
1.400000e+02 2.697520e+01
1.405000e+02 2.706355e+01
1.410000e+02 2.725212e+01
1.415000e+02 2.753876e+01
1.420000e+02 2.886320e+01
1.425000e+02 2.844875e+01
1.430000e+02 2.847416e+01
1.435000e+02 2.884184e+01
1.440000e+02 2.902036e+01
1.445000e+02 2.904558e+01
1.450000e+02 3.004722e+01
1.455000e+02 2.903087e+01
1.460000e+02 2.910762e+01
1.465000e+02 2.924376e+01
1.470000e+02 2.942359e+01
1.475000e+02 2.963048e+01
1.480000e+02 2.986734e+01
1.485000e+02 3.022651e+01
1.490000e+02 3.047729e+01
1.495000e+02 3.065374e+01
1.500000e+02 3.097641e+01
1.505000e+02 3.141112e+01
1.510000e+02 3.172780e+01
1.515000e+02 3.192495e+01
1.520000e+02 3.215767e+01
1.525000e+02 3.237400e+01
1.530000e+02 3.264233e+01
1.535000e+02 3.298422e+01
1.540000e+02 3.474200e+01
1.545000e+02 3.362533e+01
1.550000e+02 3.392466e+01
1.555000e+02 3.428201e+01
1.560000e+02 3.470892e+01
1.565000e+02 3.508934e+01
1.570000e+02 3.547328e+01
1.575000e+02 3.590245e+01
1.580000e+02 3.635267e+01
1.585000e+02 3.684663e+01
1.590000e+02 3.732165e+01
1.595000e+02 3.784629e+01
1.600000e+02 3.838972e+01
1.605000e+02 3.895854e+01
1.610000e+02 3.955387e+01
1.615000e+02 4.018021e+01
1.620000e+02 4.084522e+01
1.625000e+02 4.155076e+01
1.630000e+02 4.230152e+01
1.635000e+02 4.310315e+01
1.640000e+02 4.397078e+01
1.645000e+02 4.497690e+01
1.650000e+02 4.795657e+01
1.655000e+02 4.754144e+01
1.660000e+02 4.893599e+01
1.665000e+02 4.922433e+01
1.670000e+02 5.040243e+01
1.675000e+02 5.209230e+01
1.680000e+02 5.323034e+01
1.685000e+02 5.481915e+01
1.690000e+02 5.665830e+01
1.695000e+02 5.849815e+01
1.700000e+02 6.062523e+01
1.705000e+02 6.292083e+01
1.710000e+02 6.549064e+01
1.715000e+02 6.836780e+01
1.720000e+02 7.149371e+01
1.725000e+02 7.502837e+01
1.730000e+02 7.900192e+01
1.735000e+02 8.414702e+01
1.740000e+02 8.849604e+01
1.745000e+02 9.421260e+01
1.750000e+02 1.008135e+02
1.755000e+02 1.088835e+02
1.760000e+02 1.167478e+02
1.765000e+02 1.261826e+02
1.770000e+02 1.371383e+02
1.775000e+02 1.496725e+02
1.780000e+02 1.638711e+02
1.785000e+02 1.797222e+02
1.790000e+02 1.969659e+02
1.795000e+02 2.149961e+02
1.800000e+02 2.326611e+02
1.805000e+02 2.480485e+02
1.810000e+02 2.593715e+02
1.815000e+02 2.656874e+02
1.820000e+02 2.681206e+02
1.825000e+02 2.688228e+02
1.830000e+02 2.690375e+02
1.835000e+02 2.690501e+02
1.840000e+02 2.688740e+02
1.845000e+02 2.683212e+02
1.850000e+02 2.664618e+02
1.855000e+02 2.614770e+02
1.860000e+02 2.521261e+02
1.865000e+02 2.388991e+02
1.870000e+02 2.233466e+02
1.875000e+02 2.070632e+02
1.880000e+02 1.912100e+02
1.885000e+02 1.764338e+02
1.890000e+02 1.630510e+02
1.895000e+02 1.511110e+02
1.900000e+02 1.405729e+02
1.905000e+02 1.313356e+02
1.910000e+02 1.232163e+02
1.915000e+02 1.161329e+02
1.920000e+02 1.099532e+02
1.925000e+02 1.045774e+02
1.930000e+02 9.996864e+01
1.935000e+02 9.612464e+01
1.940000e+02 9.226303e+01
1.945000e+02 8.879766e+01
1.950000e+02 8.586583e+01
1.955000e+02 8.724672e+01
1.960000e+02 8.053968e+01
1.965000e+02 7.807693e+01
1.970000e+02 7.607696e+01
1.975000e+02 7.434617e+01
1.980000e+02 7.283744e+01
1.985000e+02 7.144546e+01
1.990000e+02 7.029575e+01
1.995000e+02 6.944523e+01
2.000000e+02 6.846630e+01
2.005000e+02 6.792029e+01
2.010000e+02 6.812443e+01
2.015000e+02 6.723556e+01
2.020000e+02 6.723375e+01
2.025000e+02 6.777038e+01
2.030000e+02 6.860810e+01
2.035000e+02 6.874342e+01
2.040000e+02 6.695996e+01
2.045000e+02 6.511039e+01
2.050000e+02 6.366288e+01
2.055000e+02 6.261782e+01
2.060000e+02 6.203042e+01
2.065000e+02 6.134322e+01
2.070000e+02 6.080618e+01
2.075000e+02 6.049381e+01
2.080000e+02 6.016058e+01
2.085000e+02 6.114950e+01
2.090000e+02 5.984285e+01
2.095000e+02 5.943620e+01
2.100000e+02 5.920046e+01
2.105000e+02 5.933422e+01
2.110000e+02 5.916342e+01
2.115000e+02 5.873176e+01
2.120000e+02 5.860401e+01
2.125000e+02 5.852457e+01
2.130000e+02 5.847439e+01
2.135000e+02 5.844659e+01
2.140000e+02 5.845010e+01
2.145000e+02 5.857662e+01
2.150000e+02 6.237256e+01
2.155000e+02 5.856506e+01
2.160000e+02 5.855334e+01
2.165000e+02 5.850610e+01
2.170000e+02 5.854714e+01
2.175000e+02 5.866211e+01
2.180000e+02 5.869311e+01
2.185000e+02 5.875514e+01
2.190000e+02 5.884187e+01
2.195000e+02 5.894408e+01
2.200000e+02 5.906750e+01
2.205000e+02 5.917981e+01
2.210000e+02 5.932116e+01
2.215000e+02 5.948345e+01
2.220000e+02 5.966841e+01
2.225000e+02 5.989581e+01
2.230000e+02 6.016754e+01
2.235000e+02 6.051901e+01
2.240000e+02 6.099487e+01
2.245000e+02 6.165862e+01
2.250000e+02 6.261798e+01
2.255000e+02 6.381588e+01
2.260000e+02 6.640722e+01
2.265000e+02 6.396152e+01
2.270000e+02 6.298110e+01
2.275000e+02 6.241151e+01
2.280000e+02 6.211734e+01
2.285000e+02 6.199800e+01
2.290000e+02 6.200870e+01
2.295000e+02 6.266791e+01
2.300000e+02 6.225567e+01
2.305000e+02 6.255641e+01
2.310000e+02 6.333628e+01
2.315000e+02 6.393642e+01
2.320000e+02 6.310855e+01
2.325000e+02 6.334642e+01
2.330000e+02 6.388260e+01
2.335000e+02 6.515915e+01
2.340000e+02 6.920635e+01
2.345000e+02 6.524965e+01
2.350000e+02 6.471938e+01
2.355000e+02 6.630260e+01
2.360000e+02 6.570642e+01
2.365000e+02 6.508277e+01
2.370000e+02 6.817057e+01
2.375000e+02 6.595873e+01
2.380000e+02 6.560377e+01
2.385000e+02 6.630834e+01
2.390000e+02 7.164658e+01
2.395000e+02 6.757837e+01
2.400000e+02 6.787748e+01
2.405000e+02 6.821976e+01
2.410000e+02 6.897350e+01
2.415000e+02 6.990434e+01
2.420000e+02 7.066926e+01
2.425000e+02 7.157665e+01
2.430000e+02 6.943372e+01
2.435000e+02 7.895620e+01
2.440000e+02 6.913528e+01
2.445000e+02 6.853559e+01
2.450000e+02 6.843685e+01
2.455000e+02 6.852345e+01
2.460000e+02 6.868778e+01
2.465000e+02 6.920292e+01
2.470000e+02 6.917693e+01
2.475000e+02 6.975988e+01
2.480000e+02 7.190029e+01
2.485000e+02 7.079358e+01
2.490000e+02 7.048715e+01
2.495000e+02 7.176748e+01
2.500000e+02 8.414076e+01
2.505000e+02 7.171281e+01
2.510000e+02 7.206144e+01
2.515000e+02 7.213599e+01
2.520000e+02 7.201131e+01
2.525000e+02 7.224027e+01
2.530000e+02 7.254680e+01
2.535000e+02 7.304176e+01
2.540000e+02 7.370314e+01
2.545000e+02 7.454104e+01
2.550000e+02 7.526623e+01
2.555000e+02 7.515795e+01
2.560000e+02 7.480876e+01
2.565000e+02 7.463769e+01
2.570000e+02 7.463657e+01
2.575000e+02 7.481489e+01
2.580000e+02 7.533937e+01
2.585000e+02 7.672988e+01
2.590000e+02 7.628407e+01
2.595000e+02 7.567888e+01
2.600000e+02 7.578731e+01
2.605000e+02 7.599946e+01
2.610000e+02 7.626780e+01
2.615000e+02 7.655472e+01
2.620000e+02 7.690321e+01
2.625000e+02 7.740589e+01
2.630000e+02 7.836402e+01
2.635000e+02 7.977621e+01
2.640000e+02 7.947767e+01
2.645000e+02 7.926619e+01
2.650000e+02 8.084468e+01
2.655000e+02 8.067290e+01
2.660000e+02 8.147142e+01
2.665000e+02 8.168540e+01
2.670000e+02 8.210771e+01
2.675000e+02 8.205230e+01
2.680000e+02 8.105593e+01
2.685000e+02 8.102040e+01
2.690000e+02 8.110050e+01
2.695000e+02 8.127349e+01
2.700000e+02 8.149498e+01
2.705000e+02 8.176893e+01
2.710000e+02 8.210606e+01
2.715000e+02 8.235847e+01
2.720000e+02 8.276622e+01
2.725000e+02 8.327260e+01
2.730000e+02 9.104679e+01
2.735000e+02 8.405312e+01
2.740000e+02 8.423554e+01
2.745000e+02 9.215832e+01
2.750000e+02 8.482999e+01
2.755000e+02 8.515682e+01
2.760000e+02 8.589250e+01
2.765000e+02 8.662585e+01
2.770000e+02 8.760458e+01
2.775000e+02 8.633396e+01
2.780000e+02 8.651557e+01
2.785000e+02 8.696211e+01
2.790000e+02 8.715987e+01
2.795000e+02 9.144623e+01
2.800000e+02 8.806117e+01
2.805000e+02 8.809044e+01
2.810000e+02 8.894225e+01
2.815000e+02 8.890045e+01
2.820000e+02 8.923371e+01
2.825000e+02 8.966122e+01
2.830000e+02 9.032275e+01
2.835000e+02 9.038837e+01
2.840000e+02 9.070067e+01
2.845000e+02 9.106050e+01
2.850000e+02 9.147349e+01
2.855000e+02 9.212488e+01
2.860000e+02 9.740757e+01
2.865000e+02 9.398676e+01
2.870000e+02 9.312921e+01
2.875000e+02 9.335617e+01
2.880000e+02 9.377938e+01
2.885000e+02 9.457946e+01
2.890000e+02 1.072993e+02
2.895000e+02 9.523095e+01
2.900000e+02 9.536563e+01
2.905000e+02 9.570829e+01
2.910000e+02 9.713658e+01
2.915000e+02 9.655473e+01
2.920000e+02 9.698069e+01
2.925000e+02 9.755649e+01
2.930000e+02 9.922035e+01
2.935000e+02 1.001596e+02
2.940000e+02 9.890087e+01
2.945000e+02 9.925782e+01
2.950000e+02 9.971143e+01
2.955000e+02 1.002140e+02
2.960000e+02 1.007233e+02
2.965000e+02 1.012624e+02
2.970000e+02 1.018827e+02
2.975000e+02 1.025753e+02
2.980000e+02 1.035981e+02
2.985000e+02 1.065432e+02
2.990000e+02 1.046785e+02
2.995000e+02 1.052685e+02
3.000000e+02 1.054597e+02
3.005000e+02 1.066099e+02
3.010000e+02 1.074853e+02
3.015000e+02 1.100222e+02
3.020000e+02 1.110260e+02
3.025000e+02 1.091023e+02
3.030000e+02 1.110875e+02
3.035000e+02 1.105258e+02
3.040000e+02 1.107822e+02
3.045000e+02 1.116735e+02
3.050000e+02 1.126880e+02
3.055000e+02 1.131286e+02
3.060000e+02 1.138817e+02
3.065000e+02 1.147357e+02
3.070000e+02 1.156898e+02
3.075000e+02 1.167635e+02
3.080000e+02 1.178448e+02
3.085000e+02 1.191255e+02
3.090000e+02 1.204537e+02
3.095000e+02 1.220133e+02
3.100000e+02 1.247970e+02
3.105000e+02 1.254612e+02
3.110000e+02 1.268126e+02
3.115000e+02 1.282373e+02
3.120000e+02 1.299526e+02
3.125000e+02 1.320427e+02
3.130000e+02 1.345130e+02
3.135000e+02 1.372637e+02
3.140000e+02 1.398042e+02
3.145000e+02 1.420037e+02
3.150000e+02 1.447138e+02
3.155000e+02 1.482281e+02
3.160000e+02 1.537887e+02
3.165000e+02 1.576541e+02
3.170000e+02 1.613621e+02
3.175000e+02 1.666628e+02
3.180000e+02 1.728585e+02
3.185000e+02 1.802345e+02
3.190000e+02 1.889597e+02
3.195000e+02 1.993324e+02
3.200000e+02 2.195205e+02
3.205000e+02 2.242521e+02
3.210000e+02 2.353280e+02
3.215000e+02 2.431319e+02
3.220000e+02 2.511352e+02
3.225000e+02 2.589392e+02
3.230000e+02 2.647135e+02
3.235000e+02 2.677137e+02
3.240000e+02 2.687738e+02
3.245000e+02 2.691155e+02
3.250000e+02 2.692327e+02
3.255000e+02 2.691966e+02
3.260000e+02 2.689953e+02
3.265000e+02 2.684421e+02
3.270000e+02 2.667555e+02
3.275000e+02 2.624771e+02
3.280000e+02 2.553105e+02
3.285000e+02 2.458390e+02
3.290000e+02 2.353739e+02
3.295000e+02 2.249015e+02
3.300000e+02 2.150527e+02
3.305000e+02 2.061415e+02
3.310000e+02 1.982773e+02
3.315000e+02 1.914496e+02
3.320000e+02 1.856473e+02
3.325000e+02 1.815899e+02
3.330000e+02 1.776868e+02
3.335000e+02 1.726776e+02
3.340000e+02 1.695616e+02
3.345000e+02 1.670836e+02
3.350000e+02 1.652489e+02
3.355000e+02 1.635415e+02
3.360000e+02 1.615226e+02
3.365000e+02 1.597768e+02
3.370000e+02 1.583125e+02
3.375000e+02 1.571427e+02
3.380000e+02 1.561870e+02
3.385000e+02 1.554663e+02
3.390000e+02 1.549063e+02
3.395000e+02 1.544920e+02
3.400000e+02 1.542111e+02
3.405000e+02 1.540429e+02
3.410000e+02 1.539744e+02
3.415000e+02 1.539978e+02
3.420000e+02 1.541231e+02
3.425000e+02 1.543396e+02
3.430000e+02 1.549257e+02
3.435000e+02 1.566452e+02
3.440000e+02 1.553331e+02
3.445000e+02 1.558038e+02
3.450000e+02 1.568144e+02
3.455000e+02 1.569194e+02
3.460000e+02 1.574541e+02
3.465000e+02 1.579700e+02
3.470000e+02 1.586202e+02
3.475000e+02 1.593385e+02
3.480000e+02 1.601269e+02
3.485000e+02 1.609567e+02
3.490000e+02 1.618776e+02
3.495000e+02 1.628457e+02
3.500000e+02 1.638536e+02
3.505000e+02 1.649590e+02
3.510000e+02 1.662694e+02
3.515000e+02 1.681138e+02
3.520000e+02 1.695432e+02
3.525000e+02 1.722846e+02
3.530000e+02 1.716952e+02
3.535000e+02 1.721532e+02
3.540000e+02 1.733965e+02
3.545000e+02 1.748860e+02
3.550000e+02 1.816211e+02
3.555000e+02 1.779417e+02
3.560000e+02 1.795123e+02
3.565000e+02 1.812159e+02
3.570000e+02 1.829781e+02
3.575000e+02 1.860786e+02
3.580000e+02 1.874224e+02
3.585000e+02 1.895651e+02
3.590000e+02 1.933471e+02
3.595000e+02 1.938385e+02
3.600000e+02 1.953118e+02
3.605000e+02 1.974068e+02
3.610000e+02 1.998134e+02
3.615000e+02 2.025251e+02
3.620000e+02 2.050265e+02
3.625000e+02 2.077392e+02
3.630000e+02 2.106618e+02
3.635000e+02 2.156953e+02
3.640000e+02 2.170151e+02
3.645000e+02 2.253375e+02
3.650000e+02 2.234741e+02
3.655000e+02 2.269062e+02
3.660000e+02 2.306969e+02
3.665000e+02 2.349778e+02
3.670000e+02 2.397702e+02
3.675000e+02 2.455574e+02
3.680000e+02 2.538165e+02
3.685000e+02 2.633293e+02
3.690000e+02 2.574475e+02
3.695000e+02 2.556762e+02
3.700000e+02 2.566889e+02
3.705000e+02 2.586294e+02
3.710000e+02 2.612841e+02
3.715000e+02 2.627729e+02
3.720000e+02 2.645367e+02
3.725000e+02 2.659936e+02
3.730000e+02 2.671222e+02
3.735000e+02 2.679359e+02
3.740000e+02 2.684896e+02
3.745000e+02 2.688497e+02
3.750000e+02 2.690861e+02
3.755000e+02 2.692544e+02
3.760000e+02 2.693894e+02
3.765000e+02 2.695056e+02
3.770000e+02 2.696075e+02
3.775000e+02 2.696956e+02
3.780000e+02 2.697695e+02
3.785000e+02 2.698287e+02
3.790000e+02 2.698728e+02
3.795000e+02 2.699014e+02
3.800000e+02 2.699142e+02
3.805000e+02 2.699114e+02
3.810000e+02 2.698931e+02
3.815000e+02 2.698595e+02
3.820000e+02 2.698113e+02
3.825000e+02 2.697490e+02
3.830000e+02 2.696734e+02
3.835000e+02 2.695855e+02
3.840000e+02 2.694858e+02
3.845000e+02 2.693740e+02
3.850000e+02 2.692466e+02
3.855000e+02 2.690918e+02
3.860000e+02 2.688848e+02
3.865000e+02 2.685861e+02
3.870000e+02 2.681558e+02
3.875000e+02 2.675479e+02
3.880000e+02 2.667407e+02
3.885000e+02 2.657586e+02
3.890000e+02 2.646515e+02
3.895000e+02 2.635105e+02
3.900000e+02 2.624116e+02
3.905000e+02 2.611975e+02
3.910000e+02 2.593501e+02
3.915000e+02 2.569803e+02
3.920000e+02 2.544517e+02
3.925000e+02 2.522051e+02
3.930000e+02 2.495311e+02
3.935000e+02 2.470705e+02
3.940000e+02 2.447665e+02
3.945000e+02 2.425650e+02
3.950000e+02 2.406410e+02
3.955000e+02 2.384605e+02
3.960000e+02 2.365678e+02
3.965000e+02 2.363213e+02
3.970000e+02 2.338902e+02
3.975000e+02 2.314282e+02
3.980000e+02 2.298974e+02
3.985000e+02 2.284838e+02
3.990000e+02 2.271895e+02
3.995000e+02 2.260611e+02
4.000000e+02 2.262539e+02
6.000000 0
1.000000e+01 3.755903e+00
1.050000e+01 3.792084e+00
1.100000e+01 3.829689e+00
1.150000e+01 3.859785e+00
1.200000e+01 3.899758e+00
1.250000e+01 3.944773e+00
1.300000e+01 3.995616e+00
1.350000e+01 4.053283e+00
1.400000e+01 4.118254e+00
1.450000e+01 4.192865e+00
1.500000e+01 4.280834e+00
1.550000e+01 4.380374e+00
1.600000e+01 4.502451e+00
1.650000e+01 4.648537e+00
1.700000e+01 4.830489e+00
1.750000e+01 5.062074e+00
1.800000e+01 5.364713e+00
1.850000e+01 5.772742e+00
1.900000e+01 6.342336e+00
1.950000e+01 7.167625e+00
2.000000e+01 8.408263e+00
2.050000e+01 1.032779e+01
2.100000e+01 1.331446e+01
2.150000e+01 1.766984e+01
2.200000e+01 2.239125e+01
2.250000e+01 2.293387e+01
2.300000e+01 1.919069e+01
2.350000e+01 1.536876e+01
2.400000e+01 1.258968e+01
2.450000e+01 1.072372e+01
2.500000e+01 9.495889e+00
2.550000e+01 8.681165e+00
2.600000e+01 8.115575e+00
2.650000e+01 7.733578e+00
2.700000e+01 7.470528e+00
2.750000e+01 7.289191e+00
2.800000e+01 7.168039e+00
2.850000e+01 7.095473e+00
2.900000e+01 7.086150e+00
2.950000e+01 7.055880e+00
3.000000e+01 7.125399e+00
3.050000e+01 7.141723e+00
3.100000e+01 7.168012e+00
3.150000e+01 7.238917e+00
3.200000e+01 7.325005e+00
3.250000e+01 7.424379e+00
3.300000e+01 7.536622e+00
3.350000e+01 7.661284e+00
3.400000e+01 7.797928e+00
3.450000e+01 7.947011e+00
3.500000e+01 8.109083e+00
3.550000e+01 8.284018e+00
3.600000e+01 8.537635e+00
3.650000e+01 8.673989e+00
3.700000e+01 8.890217e+00
3.750000e+01 9.127540e+00
3.800000e+01 9.389024e+00
3.850000e+01 9.640875e+00
3.900000e+01 9.928327e+00
3.950000e+01 1.024221e+01
4.000000e+01 1.057155e+01
4.050000e+01 1.093208e+01
4.100000e+01 1.132216e+01
4.150000e+01 1.174500e+01
4.200000e+01 1.220491e+01
4.250000e+01 1.270835e+01
4.300000e+01 1.326288e+01
4.350000e+01 1.386926e+01
4.400000e+01 1.451353e+01
4.450000e+01 1.523472e+01
4.500000e+01 1.604377e+01
4.550000e+01 1.693259e+01
4.600000e+01 1.793374e+01
4.650000e+01 1.906025e+01
4.700000e+01 2.033605e+01
4.750000e+01 2.179116e+01
4.800000e+01 2.346500e+01
4.850000e+01 2.541043e+01
4.900000e+01 2.769869e+01
4.950000e+01 3.042940e+01
5.000000e+01 3.376438e+01
5.050000e+01 3.778844e+01
5.100000e+01 4.311915e+01
5.150000e+01 5.118301e+01
5.200000e+01 6.166327e+01
5.250000e+01 7.801752e+01
5.300000e+01 1.028055e+02
5.350000e+01 1.374401e+02
5.400000e+01 1.790386e+02
5.450000e+01 2.186415e+02
5.500000e+01 2.458388e+02
5.550000e+01 2.589193e+02
5.600000e+01 2.636164e+02
5.650000e+01 2.652915e+02
5.700000e+01 2.661597e+02
5.750000e+01 2.667223e+02
5.800000e+01 2.671346e+02
5.850000e+01 2.674052e+02
5.900000e+01 2.674549e+02
5.950000e+01 2.675386e+02
6.000000e+01 2.676923e+02
6.050000e+01 2.677995e+02
6.100000e+01 2.677093e+02
6.150000e+01 2.676145e+02
6.200000e+01 2.675079e+02
6.250000e+01 2.672357e+02
6.300000e+01 2.664000e+02
6.350000e+01 2.647959e+02
6.400000e+01 2.615286e+02
6.450000e+01 2.520114e+02
6.500000e+01 2.288621e+02
6.550000e+01 1.925117e+02
6.600000e+01 1.526328e+02
6.650000e+01 1.181610e+02
6.700000e+01 9.248538e+01
6.750000e+01 7.485760e+01
6.800000e+01 6.274805e+01
6.850000e+01 5.442630e+01
6.900000e+01 4.836828e+01
6.950000e+01 4.378816e+01
7.000000e+01 4.014233e+01
7.050000e+01 3.716672e+01
7.100000e+01 3.468318e+01
7.150000e+01 3.258429e+01
7.200000e+01 3.078089e+01
7.250000e+01 2.923235e+01
7.300000e+01 2.787986e+01
7.350000e+01 2.670308e+01
7.400000e+01 2.567387e+01
7.450000e+01 2.476859e+01
7.500000e+01 2.398146e+01
7.550000e+01 2.329440e+01
7.600000e+01 2.266115e+01
7.650000e+01 2.275491e+01
7.700000e+01 2.161026e+01
7.750000e+01 2.124675e+01
7.800000e+01 2.080663e+01
7.850000e+01 2.050445e+01
7.900000e+01 2.035085e+01
7.950000e+01 2.015063e+01
8.000000e+01 2.010327e+01
8.050000e+01 2.004680e+01
8.100000e+01 1.974864e+01
8.150000e+01 1.935177e+01
8.200000e+01 1.900740e+01
8.250000e+01 1.873569e+01
8.300000e+01 1.852340e+01
8.350000e+01 1.835556e+01
8.400000e+01 1.822122e+01
8.450000e+01 1.811311e+01
8.500000e+01 1.802753e+01
8.550000e+01 1.796144e+01
8.600000e+01 1.791401e+01
8.650000e+01 1.788675e+01
8.700000e+01 1.788113e+01
8.750000e+01 1.789681e+01
8.800000e+01 1.790966e+01
8.850000e+01 1.788368e+01
8.900000e+01 1.785541e+01
8.950000e+01 1.784700e+01
9.000000e+01 1.786069e+01
9.050000e+01 1.787863e+01
9.100000e+01 1.791456e+01
9.150000e+01 1.795312e+01
9.200000e+01 1.800404e+01
9.250000e+01 1.806371e+01
9.300000e+01 1.813535e+01
9.350000e+01 1.824773e+01
9.400000e+01 1.886637e+01
9.450000e+01 1.839389e+01
9.500000e+01 1.846828e+01
9.550000e+01 1.858717e+01
9.600000e+01 1.884260e+01
9.650000e+01 1.889481e+01
9.700000e+01 1.889833e+01
9.750000e+01 1.900097e+01
9.800000e+01 1.912642e+01
9.850000e+01 1.925299e+01
9.900000e+01 1.940125e+01
9.950000e+01 1.956176e+01
1.000000e+02 1.974491e+01
1.005000e+02 2.009529e+01
1.010000e+02 2.012394e+01
1.015000e+02 2.052379e+01
1.020000e+02 2.068493e+01
1.025000e+02 2.065452e+01
1.030000e+02 2.084668e+01
1.035000e+02 2.111257e+01
1.040000e+02 2.149454e+01
1.045000e+02 2.157533e+01
1.050000e+02 2.184355e+01
1.055000e+02 2.214373e+01
1.060000e+02 2.247090e+01
1.065000e+02 2.282792e+01
1.070000e+02 2.321815e+01
1.075000e+02 2.364859e+01
1.080000e+02 2.413295e+01
1.085000e+02 2.465719e+01
1.090000e+02 2.526623e+01
1.095000e+02 2.639782e+01
1.100000e+02 2.674719e+01
1.105000e+02 2.779755e+01
1.110000e+02 2.929358e+01
1.115000e+02 2.985835e+01
1.120000e+02 3.125359e+01
1.125000e+02 3.299736e+01
1.130000e+02 3.516728e+01
1.135000e+02 3.789731e+01
1.140000e+02 4.143150e+01
1.145000e+02 4.607904e+01
1.150000e+02 5.304913e+01
1.155000e+02 6.126707e+01
1.160000e+02 7.416357e+01
1.165000e+02 9.366611e+01
1.170000e+02 1.239171e+02
1.175000e+02 1.696973e+02
1.180000e+02 2.253956e+02
1.185000e+02 2.544632e+02
1.190000e+02 2.544285e+02
1.195000e+02 2.249195e+02
1.200000e+02 1.687768e+02
1.205000e+02 1.231882e+02
1.210000e+02 9.335987e+01
1.215000e+02 7.420949e+01
1.220000e+02 6.164550e+01
1.225000e+02 5.315098e+01
1.230000e+02 4.725365e+01
1.235000e+02 4.312869e+01
1.240000e+02 4.187889e+01
1.245000e+02 3.773612e+01
1.250000e+02 3.594128e+01
1.255000e+02 3.569202e+01
1.260000e+02 3.336835e+01
1.265000e+02 3.240213e+01
1.270000e+02 3.167662e+01
1.275000e+02 3.113830e+01
1.280000e+02 3.079331e+01
1.285000e+02 3.046725e+01
1.290000e+02 3.010074e+01
1.295000e+02 2.989661e+01
1.300000e+02 2.974621e+01
1.305000e+02 2.964661e+01
1.310000e+02 2.966601e+01
1.315000e+02 2.955477e+01
1.320000e+02 2.955407e+01
1.325000e+02 2.959681e+01
1.330000e+02 2.962913e+01
1.335000e+02 2.967989e+01
1.340000e+02 2.977998e+01
1.345000e+02 2.989459e+01
1.350000e+02 2.998416e+01
1.355000e+02 3.011708e+01
1.360000e+02 3.027818e+01
1.365000e+02 3.049620e+01
1.370000e+02 3.085441e+01
1.375000e+02 3.093559e+01
1.380000e+02 3.122623e+01
1.385000e+02 3.150096e+01
1.390000e+02 3.161839e+01
1.395000e+02 3.168061e+01
1.400000e+02 3.183786e+01
1.405000e+02 3.196240e+01
1.410000e+02 3.219228e+01
1.415000e+02 3.252547e+01
1.420000e+02 3.388194e+01
1.425000e+02 3.355099e+01
1.430000e+02 3.366430e+01
1.435000e+02 3.411514e+01
1.440000e+02 3.433499e+01
1.445000e+02 3.436316e+01
1.450000e+02 3.534873e+01
1.455000e+02 3.437821e+01
1.460000e+02 3.448552e+01
1.465000e+02 3.465825e+01
1.470000e+02 3.487876e+01
1.475000e+02 3.512943e+01
1.480000e+02 3.541232e+01
1.485000e+02 3.581700e+01
1.490000e+02 3.611850e+01
1.495000e+02 3.635025e+01
1.500000e+02 3.672772e+01
1.505000e+02 3.721840e+01
1.510000e+02 3.759879e+01
1.515000e+02 3.786362e+01
1.520000e+02 3.815178e+01
1.525000e+02 3.841916e+01
1.530000e+02 3.874111e+01
1.535000e+02 3.913942e+01
1.540000e+02 4.091783e+01
1.545000e+02 3.990597e+01
1.550000e+02 4.027333e+01
1.555000e+02 4.069995e+01
1.560000e+02 4.119697e+01
1.565000e+02 4.165180e+01
1.570000e+02 4.211310e+01
1.575000e+02 4.262157e+01
1.580000e+02 4.315394e+01
1.585000e+02 4.373245e+01
1.590000e+02 4.429672e+01
1.595000e+02 4.491356e+01
1.600000e+02 4.555343e+01
1.605000e+02 4.622227e+01
1.610000e+02 4.692114e+01
1.615000e+02 4.765595e+01
1.620000e+02 4.843478e+01
1.625000e+02 4.925980e+01
1.630000e+02 5.013609e+01
1.635000e+02 5.106973e+01
1.640000e+02 5.207601e+01
1.645000e+02 5.322541e+01
1.650000e+02 5.628156e+01
1.655000e+02 5.608800e+01
1.660000e+02 5.764558e+01
1.665000e+02 5.815798e+01
1.670000e+02 5.953992e+01
1.675000e+02 6.142930e+01
1.680000e+02 6.281200e+01
1.685000e+02 6.464804e+01
1.690000e+02 6.674785e+01
1.695000e+02 6.887580e+01
1.700000e+02 7.130736e+01
1.705000e+02 7.393443e+01
1.710000e+02 7.686100e+01
1.715000e+02 8.012242e+01
1.720000e+02 8.366860e+01
1.725000e+02 8.765507e+01
1.730000e+02 9.211550e+01
1.735000e+02 9.773309e+01
1.740000e+02 1.026962e+02
1.745000e+02 1.090085e+02
1.750000e+02 1.162246e+02
1.755000e+02 1.248678e+02
1.760000e+02 1.334323e+02
1.765000e+02 1.434996e+02
1.770000e+02 1.549854e+02
1.775000e+02 1.678752e+02
1.780000e+02 1.821357e+02
1.785000e+02 1.975862e+02
1.790000e+02 2.137597e+02
1.795000e+02 2.298308e+02
1.800000e+02 2.445305e+02
1.805000e+02 2.562156e+02
1.810000e+02 2.638064e+02
1.815000e+02 2.674332e+02
1.820000e+02 2.686639e+02
1.825000e+02 2.690556e+02
1.830000e+02 2.692069e+02
1.835000e+02 2.692165e+02
1.840000e+02 2.690895e+02
1.845000e+02 2.687659e+02
1.850000e+02 2.678318e+02
1.855000e+02 2.650792e+02
1.860000e+02 2.590762e+02
1.865000e+02 2.494314e+02
1.870000e+02 2.369445e+02
1.875000e+02 2.229008e+02
1.880000e+02 2.084737e+02
1.885000e+02 1.944682e+02
1.890000e+02 1.813751e+02
1.895000e+02 1.694021e+02
1.900000e+02 1.586235e+02
1.905000e+02 1.490206e+02
1.910000e+02 1.404747e+02
1.915000e+02 1.329358e+02
1.920000e+02 1.262988e+02
1.925000e+02 1.204805e+02
1.930000e+02 1.154504e+02
1.935000e+02 1.112032e+02
1.940000e+02 1.069991e+02
1.945000e+02 1.031713e+02
1.950000e+02 9.987649e+01
1.955000e+02 1.006239e+02
1.960000e+02 9.395512e+01
1.965000e+02 9.125515e+01
1.970000e+02 8.902692e+01
1.975000e+02 8.708696e+01
1.980000e+02 8.538825e+01
1.985000e+02 8.383005e+01
1.990000e+02 8.252825e+01
1.995000e+02 8.153608e+01
2.000000e+02 8.045392e+01
2.005000e+02 7.981132e+01
2.010000e+02 7.991322e+01
2.015000e+02 7.903985e+01
2.020000e+02 7.906714e+01
2.025000e+02 7.968019e+01
2.030000e+02 8.062317e+01
2.035000e+02 8.075489e+01
2.040000e+02 7.877763e+01
2.045000e+02 7.670250e+01
2.050000e+02 7.507204e+01
2.055000e+02 7.388920e+01
2.060000e+02 7.318999e+01
2.065000e+02 7.243397e+01
2.070000e+02 7.184548e+01
2.075000e+02 7.148032e+01
2.080000e+02 7.109921e+01
2.085000e+02 7.197962e+01
2.090000e+02 7.070051e+01
2.095000e+02 7.028223e+01
2.100000e+02 7.003410e+01
2.105000e+02 7.013702e+01
2.110000e+02 6.994994e+01
2.115000e+02 6.952130e+01
2.120000e+02 6.938630e+01
2.125000e+02 6.930183e+01
2.130000e+02 6.924894e+01
2.135000e+02 6.922058e+01
2.140000e+02 6.922482e+01
2.145000e+02 6.934819e+01
2.150000e+02 7.294810e+01
2.155000e+02 6.935167e+01
2.160000e+02 6.935113e+01
2.165000e+02 6.931903e+01
2.170000e+02 6.937247e+01
2.175000e+02 6.949781e+01
2.180000e+02 6.954560e+01
2.185000e+02 6.962467e+01
2.190000e+02 6.972906e+01
2.195000e+02 6.985013e+01
2.200000e+02 6.999348e+01
2.205000e+02 7.012878e+01
2.210000e+02 7.029444e+01
2.215000e+02 7.048343e+01
2.220000e+02 7.069844e+01
2.225000e+02 7.095980e+01
2.230000e+02 7.127202e+01
2.235000e+02 7.167300e+01
2.240000e+02 7.221211e+01
2.245000e+02 7.295975e+01
2.250000e+02 7.402720e+01
2.255000e+02 7.534567e+01
2.260000e+02 7.788345e+01
2.265000e+02 7.549008e+01
2.270000e+02 7.445084e+01
2.275000e+02 7.383629e+01
2.280000e+02 7.351877e+01
2.285000e+02 7.339223e+01
2.290000e+02 7.340541e+01
2.295000e+02 7.404122e+01
2.300000e+02 7.367462e+01
2.305000e+02 7.398556e+01
2.310000e+02 7.475215e+01
2.315000e+02 7.535286e+01
2.320000e+02 7.461164e+01
2.325000e+02 7.487605e+01
2.330000e+02 7.541865e+01
2.335000e+02 7.665725e+01
2.340000e+02 8.050563e+01
2.345000e+02 7.682232e+01
2.350000e+02 7.636650e+01
2.355000e+02 7.790071e+01
2.360000e+02 7.738673e+01
2.365000e+02 7.684941e+01
2.370000e+02 7.980322e+01
2.375000e+02 7.777939e+01
2.380000e+02 7.750569e+01
2.385000e+02 7.823388e+01
2.390000e+02 8.332084e+01
2.395000e+02 7.959397e+01
2.400000e+02 7.998985e+01
2.405000e+02 8.045992e+01
2.410000e+02 8.134990e+01
2.415000e+02 8.238713e+01
2.420000e+02 8.311403e+01
2.425000e+02 8.387379e+01
2.430000e+02 8.179104e+01
2.435000e+02 9.066441e+01
2.440000e+02 8.146158e+01
2.445000e+02 8.091069e+01
2.450000e+02 8.084164e+01
2.455000e+02 8.095446e+01
2.460000e+02 8.114567e+01
2.465000e+02 8.166895e+01
2.470000e+02 8.168904e+01
2.475000e+02 8.228063e+01
2.480000e+02 8.432927e+01
2.485000e+02 8.334459e+01
2.490000e+02 8.310966e+01
2.495000e+02 8.435828e+01
2.500000e+02 9.596504e+01
2.505000e+02 8.441844e+01
2.510000e+02 8.480309e+01
2.515000e+02 8.493551e+01
2.520000e+02 8.488724e+01
2.525000e+02 8.517677e+01
2.530000e+02 8.555146e+01
2.535000e+02 8.612086e+01
2.540000e+02 8.687039e+01
2.545000e+02 8.781251e+01
2.550000e+02 8.862751e+01
2.555000e+02 8.851904e+01
2.560000e+02 8.813769e+01
2.565000e+02 8.795061e+01
2.570000e+02 8.795466e+01
2.575000e+02 8.815010e+01
2.580000e+02 8.868201e+01
2.585000e+02 9.001444e+01
2.590000e+02 8.963736e+01
2.595000e+02 8.911904e+01
2.600000e+02 8.926949e+01
2.605000e+02 8.952019e+01
2.610000e+02 8.982649e+01
2.615000e+02 9.015341e+01
2.620000e+02 9.054092e+01
2.625000e+02 9.107551e+01
2.630000e+02 9.203731e+01
2.635000e+02 9.342664e+01
2.640000e+02 9.324409e+01
2.645000e+02 9.316000e+01
2.650000e+02 9.475541e+01
2.655000e+02 9.476137e+01
2.660000e+02 9.565404e+01
2.665000e+02 9.588501e+01
2.670000e+02 9.622683e+01
2.675000e+02 9.613979e+01
2.680000e+02 9.521317e+01
2.685000e+02 9.519543e+01
2.690000e+02 9.529999e+01
2.695000e+02 9.550052e+01
2.700000e+02 9.575267e+01
2.705000e+02 9.605805e+01
2.710000e+02 9.642546e+01
2.715000e+02 9.671847e+01
2.720000e+02 9.715843e+01
2.725000e+02 9.769290e+01
2.730000e+02 1.049056e+02
2.735000e+02 9.853120e+01
2.740000e+02 9.875453e+01
2.745000e+02 1.060901e+02
2.750000e+02 9.942157e+01
2.755000e+02 9.978514e+01
2.760000e+02 1.005248e+02
2.765000e+02 1.012628e+02
2.770000e+02 1.022260e+02
2.775000e+02 1.011284e+02
2.780000e+02 1.013626e+02
2.785000e+02 1.018399e+02
2.790000e+02 1.020900e+02
2.795000e+02 1.060805e+02
2.800000e+02 1.030547e+02
2.805000e+02 1.031528e+02
2.810000e+02 1.040036e+02
2.815000e+02 1.040398e+02
2.820000e+02 1.044211e+02
2.825000e+02 1.048918e+02
2.830000e+02 1.055782e+02
2.835000e+02 1.057134e+02
2.840000e+02 1.060625e+02
2.845000e+02 1.064560e+02
2.850000e+02 1.069018e+02
2.855000e+02 1.075670e+02
2.860000e+02 1.124442e+02
2.865000e+02 1.094078e+02
2.870000e+02 1.087046e+02
2.875000e+02 1.089882e+02
2.880000e+02 1.094509e+02
2.885000e+02 1.102563e+02
2.890000e+02 1.218690e+02
2.895000e+02 1.110085e+02
2.900000e+02 1.112128e+02
2.905000e+02 1.116063e+02
2.910000e+02 1.129829e+02
2.915000e+02 1.125419e+02
2.920000e+02 1.130135e+02
2.925000e+02 1.136216e+02
2.930000e+02 1.152127e+02
2.935000e+02 1.161499e+02
2.940000e+02 1.151050e+02
2.945000e+02 1.155184e+02
2.950000e+02 1.160204e+02
2.955000e+02 1.165679e+02
2.960000e+02 1.171230e+02
2.965000e+02 1.177064e+02
2.970000e+02 1.183643e+02
2.975000e+02 1.190884e+02
2.980000e+02 1.201097e+02
2.985000e+02 1.228550e+02
2.990000e+02 1.212918e+02
2.995000e+02 1.219304e+02
3.000000e+02 1.222149e+02
3.005000e+02 1.233592e+02
3.010000e+02 1.242602e+02
3.015000e+02 1.266456e+02
3.020000e+02 1.276651e+02
3.025000e+02 1.260817e+02
3.030000e+02 1.279838e+02
3.035000e+02 1.276265e+02
3.040000e+02 1.280049e+02
3.045000e+02 1.289556e+02
3.050000e+02 1.300178e+02
3.055000e+02 1.305616e+02
3.060000e+02 1.313844e+02
3.065000e+02 1.323074e+02
3.070000e+02 1.333307e+02
3.075000e+02 1.344715e+02
3.080000e+02 1.356329e+02
3.085000e+02 1.369861e+02
3.090000e+02 1.384019e+02
3.095000e+02 1.400467e+02
3.100000e+02 1.427842e+02
3.105000e+02 1.436741e+02
3.110000e+02 1.451085e+02
3.115000e+02 1.466086e+02
3.120000e+02 1.484057e+02
3.125000e+02 1.505826e+02
3.130000e+02 1.531451e+02
3.135000e+02 1.559848e+02
3.140000e+02 1.585900e+02
3.145000e+02 1.608620e+02
3.150000e+02 1.636240e+02
3.155000e+02 1.671421e+02
3.160000e+02 1.724422e+02
3.165000e+02 1.764003e+02
3.170000e+02 1.803068e+02
3.175000e+02 1.855642e+02
3.180000e+02 1.916079e+02
3.185000e+02 1.986785e+02
3.190000e+02 2.068796e+02
3.195000e+02 2.163749e+02
3.200000e+02 2.328656e+02
3.205000e+02 2.379560e+02
3.210000e+02 2.468549e+02
3.215000e+02 2.528071e+02
3.220000e+02 2.585308e+02
3.225000e+02 2.636413e+02
3.230000e+02 2.669844e+02
3.235000e+02 2.685075e+02
3.240000e+02 2.690465e+02
3.245000e+02 2.692724e+02
3.250000e+02 2.693627e+02
3.255000e+02 2.693344e+02
3.260000e+02 2.691859e+02
3.265000e+02 2.688642e+02
3.270000e+02 2.680262e+02
3.275000e+02 2.657415e+02
3.280000e+02 2.613309e+02
3.285000e+02 2.548064e+02
3.290000e+02 2.469432e+02
3.295000e+02 2.385573e+02
3.300000e+02 2.302876e+02
3.305000e+02 2.225315e+02
3.310000e+02 2.154938e+02
3.315000e+02 2.092480e+02
3.320000e+02 2.038366e+02
3.325000e+02 1.998543e+02
3.330000e+02 1.960802e+02
3.335000e+02 1.915023e+02
3.340000e+02 1.885044e+02
3.345000e+02 1.860993e+02
3.350000e+02 1.842873e+02
3.355000e+02 1.826053e+02
3.360000e+02 1.806484e+02
3.365000e+02 1.789344e+02
3.370000e+02 1.774890e+02
3.375000e+02 1.763286e+02
3.380000e+02 1.753845e+02
3.385000e+02 1.746682e+02
3.390000e+02 1.741135e+02
3.395000e+02 1.737039e+02
3.400000e+02 1.734264e+02
3.405000e+02 1.732613e+02
3.410000e+02 1.731959e+02
3.415000e+02 1.732221e+02
3.420000e+02 1.733468e+02
3.425000e+02 1.735599e+02
3.430000e+02 1.740903e+02
3.435000e+02 1.755668e+02
3.440000e+02 1.745520e+02
3.445000e+02 1.750181e+02
3.450000e+02 1.759378e+02
3.455000e+02 1.761204e+02
3.460000e+02 1.766650e+02
3.465000e+02 1.772020e+02
3.470000e+02 1.778567e+02
3.475000e+02 1.785746e+02
3.480000e+02 1.793570e+02
3.485000e+02 1.801800e+02
3.490000e+02 1.810837e+02
3.495000e+02 1.820321e+02
3.500000e+02 1.830189e+02
3.505000e+02 1.840907e+02
3.510000e+02 1.853339e+02
3.515000e+02 1.870122e+02
3.520000e+02 1.883599e+02
3.525000e+02 1.907634e+02
3.530000e+02 1.905042e+02
3.535000e+02 1.910935e+02
3.540000e+02 1.923167e+02
3.545000e+02 1.937412e+02
3.550000e+02 1.993101e+02
3.555000e+02 1.966672e+02
3.560000e+02 1.981715e+02
3.565000e+02 1.997843e+02
3.570000e+02 2.014471e+02
3.575000e+02 2.041491e+02
3.580000e+02 2.054948e+02
3.585000e+02 2.074601e+02
3.590000e+02 2.106750e+02
3.595000e+02 2.113881e+02
3.600000e+02 2.128566e+02
3.605000e+02 2.147982e+02
3.610000e+02 2.169735e+02
3.615000e+02 2.193724e+02
3.620000e+02 2.216130e+02
3.625000e+02 2.240034e+02
3.630000e+02 2.265372e+02
3.635000e+02 2.305532e+02
3.640000e+02 2.319258e+02
3.645000e+02 2.381427e+02
3.650000e+02 2.373089e+02
3.655000e+02 2.400983e+02
3.660000e+02 2.430890e+02
3.665000e+02 2.463479e+02
3.670000e+02 2.498624e+02
3.675000e+02 2.539001e+02
3.680000e+02 2.592892e+02
3.685000e+02 2.651501e+02
3.690000e+02 2.619530e+02
3.695000e+02 2.612526e+02
3.700000e+02 2.621209e+02
3.705000e+02 2.634373e+02
3.710000e+02 2.650161e+02
3.715000e+02 2.659601e+02
3.720000e+02 2.669425e+02
3.725000e+02 2.677089e+02
3.730000e+02 2.682728e+02
3.735000e+02 2.686670e+02
3.740000e+02 2.689375e+02
3.745000e+02 2.691276e+02
3.750000e+02 2.692719e+02
3.755000e+02 2.693918e+02
3.760000e+02 2.694972e+02
3.765000e+02 2.695915e+02
3.770000e+02 2.696751e+02
3.775000e+02 2.697477e+02
3.780000e+02 2.698086e+02
3.785000e+02 2.698575e+02
3.790000e+02 2.698938e+02
3.795000e+02 2.699174e+02
3.800000e+02 2.699280e+02
3.805000e+02 2.699257e+02
3.810000e+02 2.699106e+02
3.815000e+02 2.698829e+02
3.820000e+02 2.698431e+02
3.825000e+02 2.697918e+02
3.830000e+02 2.697295e+02
3.835000e+02 2.696571e+02
3.840000e+02 2.695754e+02
3.845000e+02 2.694850e+02
3.850000e+02 2.693859e+02
3.855000e+02 2.692758e+02
3.860000e+02 2.691475e+02
3.865000e+02 2.689864e+02
3.870000e+02 2.687728e+02
3.875000e+02 2.684808e+02
3.880000e+02 2.680891e+02
3.885000e+02 2.675955e+02
3.890000e+02 2.670158e+02
3.895000e+02 2.663933e+02
3.900000e+02 2.657692e+02
3.905000e+02 2.650583e+02
3.910000e+02 2.639589e+02
3.915000e+02 2.624958e+02
3.920000e+02 2.608703e+02
3.925000e+02 2.593407e+02
3.930000e+02 2.575392e+02
3.935000e+02 2.558213e+02
3.940000e+02 2.541683e+02
3.945000e+02 2.525573e+02
3.950000e+02 2.511010e+02
3.955000e+02 2.494798e+02
3.960000e+02 2.480292e+02
3.965000e+02 2.476183e+02
3.970000e+02 2.458293e+02
3.975000e+02 2.440115e+02
3.980000e+02 2.427940e+02
3.985000e+02 2.416578e+02
3.990000e+02 2.406062e+02
3.995000e+02 2.396719e+02
4.000000e+02 2.396311e+02
7.000000 0
1.000000e+01 3.794957e+00
1.050000e+01 3.835918e+00
1.100000e+01 3.877689e+00
1.150000e+01 3.912356e+00
1.200000e+01 3.957595e+00
1.250000e+01 4.008574e+00
1.300000e+01 4.066248e+00
1.350000e+01 4.131780e+00
1.400000e+01 4.205734e+00
1.450000e+01 4.290787e+00
1.500000e+01 4.391097e+00
1.550000e+01 4.505410e+00
1.600000e+01 4.645424e+00
1.650000e+01 4.813667e+00
1.700000e+01 5.023548e+00
1.750000e+01 5.291155e+00
1.800000e+01 5.641480e+00
1.850000e+01 6.114484e+00
1.900000e+01 6.775462e+00
1.950000e+01 7.733623e+00
2.000000e+01 9.173697e+00
2.050000e+01 1.139933e+01
2.100000e+01 1.485460e+01
2.150000e+01 1.987666e+01
2.200000e+01 2.530134e+01
2.250000e+01 2.592204e+01
2.300000e+01 2.161993e+01
2.350000e+01 1.721166e+01
2.400000e+01 1.399218e+01
2.450000e+01 1.182374e+01
2.500000e+01 1.039067e+01
2.550000e+01 9.434651e+00
2.600000e+01 8.770011e+00
2.650000e+01 8.317192e+00
2.700000e+01 8.002200e+00
2.750000e+01 7.781719e+00
2.800000e+01 7.631089e+00
2.850000e+01 7.536415e+00
2.900000e+01 7.510533e+00
2.950000e+01 7.468104e+00
3.000000e+01 7.528676e+00
3.050000e+01 7.538865e+00
3.100000e+01 7.561184e+00
3.150000e+01 7.629827e+00
3.200000e+01 7.715104e+00
3.250000e+01 7.814886e+00
3.300000e+01 7.928577e+00
3.350000e+01 8.055577e+00
3.400000e+01 8.195328e+00
3.450000e+01 8.348186e+00
3.500000e+01 8.514622e+00
3.550000e+01 8.694440e+00
3.600000e+01 8.953277e+00
3.650000e+01 9.095520e+00
3.700000e+01 9.317884e+00
3.750000e+01 9.561670e+00
3.800000e+01 9.829901e+00
3.850000e+01 1.008882e+01
3.900000e+01 1.038356e+01
3.950000e+01 1.070494e+01
4.000000e+01 1.104201e+01
4.050000e+01 1.141044e+01
4.100000e+01 1.180858e+01
4.150000e+01 1.223963e+01
4.200000e+01 1.270787e+01
4.250000e+01 1.321974e+01
4.300000e+01 1.378278e+01
4.350000e+01 1.439774e+01
4.400000e+01 1.505070e+01
4.450000e+01 1.578058e+01
4.500000e+01 1.659833e+01
4.550000e+01 1.749588e+01
4.600000e+01 1.850574e+01
4.650000e+01 1.964098e+01
4.700000e+01 2.092558e+01
4.750000e+01 2.238968e+01
4.800000e+01 2.407291e+01
4.850000e+01 2.602856e+01
4.900000e+01 2.832842e+01
4.950000e+01 3.107231e+01
5.000000e+01 3.441912e+01
5.050000e+01 3.844208e+01
5.100000e+01 4.375732e+01
5.150000e+01 5.179771e+01
5.200000e+01 6.224902e+01
5.250000e+01 7.855744e+01
5.300000e+01 1.032736e+02
5.350000e+01 1.378055e+02
5.400000e+01 1.792801e+02
5.450000e+01 2.187674e+02
5.500000e+01 2.458893e+02
5.550000e+01 2.589366e+02
5.600000e+01 2.636234e+02
5.650000e+01 2.652953e+02
5.700000e+01 2.661621e+02
5.750000e+01 2.667239e+02
5.800000e+01 2.671357e+02
5.850000e+01 2.674059e+02
5.900000e+01 2.674557e+02
5.950000e+01 2.675393e+02
6.000000e+01 2.676929e+02
6.050000e+01 2.678000e+02
6.100000e+01 2.677100e+02
6.150000e+01 2.676154e+02
6.200000e+01 2.675090e+02
6.250000e+01 2.672373e+02
6.300000e+01 2.664032e+02
6.350000e+01 2.648030e+02
6.400000e+01 2.615457e+02
6.450000e+01 2.520626e+02
6.500000e+01 2.290068e+02
6.550000e+01 1.928156e+02
6.600000e+01 1.531236e+02
6.650000e+01 1.188246e+02
6.700000e+01 9.328830e+01
6.750000e+01 7.576502e+01
6.800000e+01 6.373096e+01
6.850000e+01 5.546195e+01
6.900000e+01 4.944491e+01
6.950000e+01 4.489987e+01
7.000000e+01 4.128605e+01
7.050000e+01 3.834043e+01
7.100000e+01 3.588547e+01
7.150000e+01 3.381404e+01
7.200000e+01 3.203726e+01
7.250000e+01 3.051460e+01
7.300000e+01 2.918748e+01
7.350000e+01 2.803563e+01
7.400000e+01 2.703103e+01
7.450000e+01 2.615018e+01
7.500000e+01 2.538735e+01
7.550000e+01 2.472466e+01
7.600000e+01 2.411624e+01
7.650000e+01 2.423119e+01
7.700000e+01 2.311698e+01
7.750000e+01 2.278076e+01
7.800000e+01 2.237118e+01
7.850000e+01 2.210275e+01
7.900000e+01 2.198805e+01
7.950000e+01 2.183571e+01
8.000000e+01 2.184353e+01
8.050000e+01 2.183608e+01
8.100000e+01 2.154631e+01
8.150000e+01 2.113932e+01
8.200000e+01 2.078945e+01
8.250000e+01 2.052020e+01
8.300000e+01 2.031670e+01
8.350000e+01 2.016201e+01
8.400000e+01 2.004371e+01
8.450000e+01 1.995360e+01
8.500000e+01 1.988752e+01
8.550000e+01 1.984215e+01
8.600000e+01 1.981666e+01
8.650000e+01 1.981278e+01
8.700000e+01 1.983242e+01
8.750000e+01 1.987517e+01
8.800000e+01 1.991325e+01
8.850000e+01 1.990537e+01
8.900000e+01 1.989405e+01
8.950000e+01 1.990424e+01
9.000000e+01 1.993800e+01
9.050000e+01 1.997713e+01
9.100000e+01 2.003482e+01
9.150000e+01 2.009563e+01
9.200000e+01 2.016909e+01
9.250000e+01 2.025153e+01
9.300000e+01 2.034611e+01
9.350000e+01 2.048128e+01
9.400000e+01 2.111783e+01
9.450000e+01 2.067469e+01
9.500000e+01 2.077324e+01
9.550000e+01 2.091629e+01
9.600000e+01 2.119463e+01
9.650000e+01 2.127122e+01
9.700000e+01 2.129883e+01
9.750000e+01 2.142460e+01
9.800000e+01 2.157335e+01
9.850000e+01 2.172358e+01
9.900000e+01 2.189554e+01
9.950000e+01 2.207982e+01
1.000000e+02 2.228668e+01
1.005000e+02 2.265899e+01
1.010000e+02 2.271343e+01
1.015000e+02 2.313489e+01
1.020000e+02 2.332056e+01
1.025000e+02 2.331711e+01
1.030000e+02 2.353372e+01
1.035000e+02 2.382328e+01
1.040000e+02 2.422762e+01
1.045000e+02 2.433458e+01
1.050000e+02 2.462679e+01
1.055000e+02 2.495068e+01
1.060000e+02 2.530134e+01
1.065000e+02 2.568156e+01
1.070000e+02 2.609467e+01
1.075000e+02 2.654757e+01
1.080000e+02 2.705378e+01
1.085000e+02 2.759946e+01
1.090000e+02 2.822888e+01
1.095000e+02 2.937396e+01
1.100000e+02 2.974719e+01
1.105000e+02 3.081216e+01
1.110000e+02 3.231682e+01
1.115000e+02 3.290270e+01
1.120000e+02 3.430784e+01
1.125000e+02 3.605668e+01
1.130000e+02 3.822569e+01
1.135000e+02 4.094686e+01
1.140000e+02 4.446072e+01
1.145000e+02 4.907190e+01
1.150000e+02 5.597231e+01
1.155000e+02 6.410162e+01
1.160000e+02 7.684128e+01
1.165000e+02 9.608950e+01
1.170000e+02 1.259267e+02
1.175000e+02 1.710619e+02
1.180000e+02 2.259661e+02
1.185000e+02 2.546242e+02
1.190000e+02 2.545923e+02
1.195000e+02 2.255225e+02
1.200000e+02 1.702585e+02
1.205000e+02 1.254192e+02
1.210000e+02 9.608975e+01
1.215000e+02 7.724861e+01
1.220000e+02 6.488898e+01
1.225000e+02 5.654146e+01
1.230000e+02 5.075692e+01
1.235000e+02 4.672169e+01
1.240000e+02 4.551798e+01
1.245000e+02 4.147264e+01
1.250000e+02 3.973811e+01
1.255000e+02 3.952423e+01
1.260000e+02 3.727314e+01
1.265000e+02 3.635715e+01
1.270000e+02 3.567856e+01
1.275000e+02 3.518444e+01
1.280000e+02 3.488051e+01
1.285000e+02 3.459565e+01
1.290000e+02 3.427170e+01
1.295000e+02 3.410770e+01
1.300000e+02 3.399693e+01
1.305000e+02 3.393650e+01
1.310000e+02 3.399326e+01
1.315000e+02 3.392242e+01
1.320000e+02 3.396049e+01
1.325000e+02 3.404170e+01
1.330000e+02 3.411333e+01
1.335000e+02 3.420379e+01
1.340000e+02 3.434348e+01
1.345000e+02 3.449833e+01
1.350000e+02 3.462916e+01
1.355000e+02 3.480318e+01
1.360000e+02 3.500683e+01
1.365000e+02 3.526926e+01
1.370000e+02 3.567332e+01
1.375000e+02 3.581242e+01
1.380000e+02 3.616228e+01
1.385000e+02 3.649155e+01
1.390000e+02 3.664059e+01
1.395000e+02 3.672776e+01
1.400000e+02 3.691351e+01
1.405000e+02 3.707481e+01
1.410000e+02 3.734614e+01
1.415000e+02 3.772562e+01
1.420000e+02 3.911293e+01
1.425000e+02 3.886430e+01
1.430000e+02 3.906322e+01
1.435000e+02 3.959455e+01
1.440000e+02 3.985576e+01
1.445000e+02 3.988940e+01
1.450000e+02 4.086078e+01
1.455000e+02 3.993793e+01
1.460000e+02 4.007657e+01
1.465000e+02 4.028621e+01
1.470000e+02 4.054742e+01
1.475000e+02 4.084171e+01
1.480000e+02 4.117026e+01
1.485000e+02 4.161990e+01
1.490000e+02 4.197145e+01
1.495000e+02 4.225773e+01
1.500000e+02 4.268894e+01
1.505000e+02 4.323424e+01
1.510000e+02 4.367668e+01
1.515000e+02 4.400750e+01
1.520000e+02 4.435013e+01
1.525000e+02 4.466791e+01
1.530000e+02 4.504251e+01
1.535000e+02 4.549592e+01
1.540000e+02 4.729279e+01
1.545000e+02 4.638452e+01
1.550000e+02 4.681790e+01
1.555000e+02 4.731154e+01
1.560000e+02 4.787619e+01
1.565000e+02 4.840274e+01
1.570000e+02 4.893847e+01
1.575000e+02 4.952303e+01
1.580000e+02 5.013407e+01
1.585000e+02 5.079334e+01
1.590000e+02 5.144274e+01
1.595000e+02 5.214725e+01
1.600000e+02 5.287864e+01
1.605000e+02 5.364217e+01
1.610000e+02 5.443886e+01
1.615000e+02 5.527591e+01
1.620000e+02 5.616168e+01
1.625000e+02 5.709868e+01
1.630000e+02 5.809226e+01
1.635000e+02 5.914887e+01
1.640000e+02 6.028385e+01
1.645000e+02 6.156560e+01
1.650000e+02 6.468604e+01
1.655000e+02 6.470085e+01
1.660000e+02 6.640674e+01
1.665000e+02 6.712674e+01
1.670000e+02 6.869420e+01
1.675000e+02 7.076274e+01
1.680000e+02 7.236708e+01
1.685000e+02 7.442453e+01
1.690000e+02 7.675591e+01
1.695000e+02 7.913900e+01
1.700000e+02 8.183774e+01
1.705000e+02 8.475360e+01
1.710000e+02 8.798798e+01
1.715000e+02 9.157732e+01
1.720000e+02 9.547840e+01
1.725000e+02 9.984073e+01
1.730000e+02 1.046993e+02
1.735000e+02 1.106878e+02
1.740000e+02 1.161393e+02
1.745000e+02 1.229019e+02
1.750000e+02 1.305608e+02
1.755000e+02 1.395769e+02
1.760000e+02 1.485917e+02
1.765000e+02 1.589979e+02
1.770000e+02 1.706705e+02
1.775000e+02 1.835212e+02
1.780000e+02 1.974070e+02
1.785000e+02 2.120084e+02
1.790000e+02 2.267176e+02
1.795000e+02 2.406135e+02
1.800000e+02 2.524936e+02
1.805000e+02 2.611343e+02
1.810000e+02 2.661322e+02
1.815000e+02 2.682379e+02
1.820000e+02 2.689312e+02
1.825000e+02 2.692010e+02
1.830000e+02 2.693217e+02
1.835000e+02 2.693295e+02
1.840000e+02 2.692275e+02
1.845000e+02 2.689954e+02
1.850000e+02 2.684564e+02
1.855000e+02 2.668973e+02
1.860000e+02 2.630949e+02
1.865000e+02 2.562353e+02
1.870000e+02 2.464947e+02
1.875000e+02 2.347442e+02
1.880000e+02 2.220147e+02
1.885000e+02 2.091466e+02
1.890000e+02 1.967314e+02
1.895000e+02 1.850948e+02
1.900000e+02 1.744095e+02
1.905000e+02 1.647344e+02
1.910000e+02 1.560152e+02
1.915000e+02 1.482379e+02
1.920000e+02 1.413288e+02
1.925000e+02 1.352254e+02
1.930000e+02 1.299073e+02
1.935000e+02 1.253706e+02
1.940000e+02 1.209216e+02
1.945000e+02 1.168244e+02
1.950000e+02 1.132509e+02
1.955000e+02 1.134513e+02
1.960000e+02 1.068686e+02
1.965000e+02 1.039847e+02
1.970000e+02 1.015753e+02
1.975000e+02 9.946762e+01
1.980000e+02 9.761539e+01
1.985000e+02 9.592289e+01
1.990000e+02 9.449701e+01
1.995000e+02 9.338761e+01
2.000000e+02 9.222239e+01
2.005000e+02 9.149966e+01
2.010000e+02 9.151164e+01
2.015000e+02 9.065814e+01
2.020000e+02 9.071112e+01
2.025000e+02 9.138692e+01
2.030000e+02 9.241526e+01
2.035000e+02 9.254350e+01
2.040000e+02 9.041165e+01
2.045000e+02 8.815397e+01
2.050000e+02 8.637417e+01
2.055000e+02 8.507812e+01
2.060000e+02 8.428531e+01
2.065000e+02 8.347401e+01
2.070000e+02 8.284466e+01
2.075000e+02 8.243622e+01
2.080000e+02 8.201643e+01
2.085000e+02 8.279683e+01
2.090000e+02 8.155148e+01
2.095000e+02 8.112713e+01
2.100000e+02 8.087129e+01
2.105000e+02 8.094810e+01
2.110000e+02 8.074967e+01
2.115000e+02 8.032831e+01
2.120000e+02 8.018975e+01
2.125000e+02 8.010346e+01
2.130000e+02 8.005069e+01
2.135000e+02 8.002424e+01
2.140000e+02 8.003140e+01
2.145000e+02 8.015356e+01
2.150000e+02 8.355980e+01
2.155000e+02 8.017518e+01
2.160000e+02 8.018701e+01
2.165000e+02 8.017105e+01
2.170000e+02 8.023770e+01
2.175000e+02 8.037403e+01
2.180000e+02 8.043901e+01
2.185000e+02 8.053532e+01
2.190000e+02 8.065737e+01
2.195000e+02 8.079711e+01
2.200000e+02 8.095994e+01
2.205000e+02 8.111752e+01
2.210000e+02 8.130646e+01
2.215000e+02 8.152074e+01
2.220000e+02 8.176386e+01
2.225000e+02 8.205656e+01
2.230000e+02 8.240559e+01
2.235000e+02 8.285081e+01
2.240000e+02 8.344535e+01
2.245000e+02 8.426510e+01
2.250000e+02 8.542340e+01
2.255000e+02 8.684141e+01
2.260000e+02 8.931716e+01
2.265000e+02 8.698947e+01
2.270000e+02 8.590873e+01
2.275000e+02 8.526160e+01
2.280000e+02 8.492828e+01
2.285000e+02 8.479884e+01
2.290000e+02 8.481675e+01
2.295000e+02 8.543026e+01
2.300000e+02 8.510915e+01
2.305000e+02 8.542970e+01
2.310000e+02 8.618210e+01
2.315000e+02 8.678196e+01
2.320000e+02 8.612506e+01
2.325000e+02 8.641384e+01
2.330000e+02 8.696118e+01
2.335000e+02 8.816055e+01
2.340000e+02 9.180941e+01
2.345000e+02 8.839582e+01
2.350000e+02 8.801165e+01
2.355000e+02 8.949464e+01
2.360000e+02 8.905954e+01
2.365000e+02 8.860490e+01
2.370000e+02 9.142242e+01
2.375000e+02 8.958146e+01
2.380000e+02 8.938409e+01
2.385000e+02 9.013061e+01
2.390000e+02 9.496220e+01
2.395000e+02 9.156544e+01
2.400000e+02 9.204587e+01
2.405000e+02 9.262661e+01
2.410000e+02 9.363072e+01
2.415000e+02 9.475460e+01
2.420000e+02 9.544557e+01
2.425000e+02 9.607434e+01
2.430000e+02 9.406402e+01
2.435000e+02 1.023037e+02
2.440000e+02 9.371597e+01
2.445000e+02 9.321478e+01
2.450000e+02 9.317495e+01
2.455000e+02 9.331253e+01
2.460000e+02 9.352845e+01
2.465000e+02 9.405744e+01
2.470000e+02 9.412036e+01
2.475000e+02 9.471754e+01
2.480000e+02 9.667242e+01
2.485000e+02 9.580484e+01
2.490000e+02 9.563690e+01
2.495000e+02 9.685047e+01
2.500000e+02 1.076967e+02
2.505000e+02 9.701564e+01
2.510000e+02 9.743119e+01
2.515000e+02 9.761558e+01
2.520000e+02 9.763687e+01
2.525000e+02 9.797928e+01
2.530000e+02 9.841260e+01
2.535000e+02 9.904413e+01
2.540000e+02 9.986564e+01
2.545000e+02 1.008912e+02
2.550000e+02 1.017782e+02
2.555000e+02 1.016739e+02
2.560000e+02 1.012721e+02
2.565000e+02 1.010763e+02
2.570000e+02 1.010877e+02
2.575000e+02 1.012988e+02
2.580000e+02 1.018349e+02
2.585000e+02 1.031079e+02
2.590000e+02 1.027963e+02
2.595000e+02 1.023603e+02
2.600000e+02 1.025483e+02
2.605000e+02 1.028326e+02
2.610000e+02 1.031714e+02
2.615000e+02 1.035323e+02
2.620000e+02 1.039524e+02
2.625000e+02 1.045120e+02
2.630000e+02 1.054704e+02
2.635000e+02 1.068294e+02
2.640000e+02 1.067505e+02
2.645000e+02 1.067786e+02
2.650000e+02 1.083747e+02
2.655000e+02 1.085338e+02
2.660000e+02 1.094991e+02
2.665000e+02 1.097451e+02
2.670000e+02 1.100187e+02
2.675000e+02 1.099092e+02
2.680000e+02 1.090545e+02
2.685000e+02 1.090550e+02
2.690000e+02 1.091820e+02
2.695000e+02 1.094066e+02
2.700000e+02 1.096848e+02
2.705000e+02 1.100163e+02
2.710000e+02 1.104082e+02
2.715000e+02 1.107352e+02
2.720000e+02 1.112004e+02
2.725000e+02 1.117554e+02
2.730000e+02 1.184171e+02
2.735000e+02 1.126389e+02
2.740000e+02 1.128971e+02
2.745000e+02 1.196583e+02
2.750000e+02 1.136234e+02
2.755000e+02 1.140165e+02
2.760000e+02 1.147539e+02
2.765000e+02 1.154901e+02
2.770000e+02 1.164319e+02
2.775000e+02 1.154950e+02
2.780000e+02 1.157732e+02
2.785000e+02 1.162735e+02
2.790000e+02 1.165673e+02
2.795000e+02 1.202655e+02
2.800000e+02 1.175789e+02
2.805000e+02 1.177361e+02
2.810000e+02 1.185785e+02
2.815000e+02 1.186820e+02
2.820000e+02 1.191013e+02
2.825000e+02 1.196049e+02
2.830000e+02 1.203059e+02
2.835000e+02 1.204999e+02
2.840000e+02 1.208780e+02
2.845000e+02 1.212973e+02
2.850000e+02 1.217673e+02
2.855000e+02 1.224380e+02
2.860000e+02 1.269188e+02
2.865000e+02 1.242427e+02
2.870000e+02 1.236790e+02
2.875000e+02 1.240083e+02
2.880000e+02 1.245002e+02
2.885000e+02 1.253017e+02
2.890000e+02 1.358482e+02
2.895000e+02 1.261318e+02
2.900000e+02 1.263931e+02
2.905000e+02 1.268257e+02
2.910000e+02 1.281433e+02
2.915000e+02 1.278265e+02
2.920000e+02 1.283315e+02
2.925000e+02 1.289599e+02
2.930000e+02 1.304714e+02
2.935000e+02 1.313959e+02
2.940000e+02 1.305431e+02
2.945000e+02 1.309990e+02
2.950000e+02 1.315355e+02
2.955000e+02 1.321140e+02
2.960000e+02 1.327004e+02
2.965000e+02 1.333134e+02
2.970000e+02 1.339942e+02
2.975000e+02 1.347351e+02
2.980000e+02 1.357420e+02
2.985000e+02 1.382855e+02
2.990000e+02 1.369923e+02
2.995000e+02 1.376624e+02
3.000000e+02 1.380196e+02
3.005000e+02 1.391431e+02
3.010000e+02 1.400523e+02
3.015000e+02 1.422795e+02
3.020000e+02 1.432969e+02
3.025000e+02 1.420139e+02
3.030000e+02 1.438196e+02
3.035000e+02 1.436332e+02
3.040000e+02 1.441040e+02
3.045000e+02 1.450870e+02
3.050000e+02 1.461699e+02
3.055000e+02 1.467876e+02
3.060000e+02 1.476525e+02
3.065000e+02 1.486148e+02
3.070000e+02 1.496751e+02
3.075000e+02 1.508487e+02
3.080000e+02 1.520519e+02
3.085000e+02 1.534364e+02
3.090000e+02 1.548932e+02
3.095000e+02 1.565710e+02
3.100000e+02 1.592164e+02
3.105000e+02 1.602603e+02
3.110000e+02 1.617283e+02
3.115000e+02 1.632541e+02
3.120000e+02 1.650731e+02
3.125000e+02 1.672645e+02
3.130000e+02 1.698329e+02
3.135000e+02 1.726654e+02
3.140000e+02 1.752501e+02
3.145000e+02 1.775148e+02
3.150000e+02 1.802376e+02
3.155000e+02 1.836547e+02
3.160000e+02 1.886051e+02
3.165000e+02 1.924955e+02
3.170000e+02 1.963976e+02
3.175000e+02 2.014221e+02
3.180000e+02 2.071101e+02
3.185000e+02 2.136536e+02
3.190000e+02 2.210965e+02
3.195000e+02 2.294926e+02
3.200000e+02 2.427489e+02
3.205000e+02 2.475550e+02
3.210000e+02 2.544679e+02
3.215000e+02 2.588647e+02
3.220000e+02 2.628401e+02
3.225000e+02 2.661102e+02
3.230000e+02 2.680413e+02
3.235000e+02 2.688673e+02
3.240000e+02 2.692033e+02
3.245000e+02 2.693788e+02
3.250000e+02 2.694533e+02
3.255000e+02 2.694298e+02
3.260000e+02 2.693091e+02
3.265000e+02 2.690783e+02
3.270000e+02 2.685985e+02
3.275000e+02 2.673447e+02
3.280000e+02 2.646708e+02
3.285000e+02 2.602977e+02
3.290000e+02 2.545769e+02
3.295000e+02 2.480872e+02
3.300000e+02 2.413823e+02
3.305000e+02 2.348665e+02
3.310000e+02 2.287891e+02
3.315000e+02 2.232773e+02
3.320000e+02 2.184122e+02
3.325000e+02 2.146879e+02
3.330000e+02 2.111825e+02
3.335000e+02 2.070946e+02
3.340000e+02 2.043073e+02
3.345000e+02 2.020535e+02
3.350000e+02 2.003317e+02
3.355000e+02 1.987353e+02
3.360000e+02 1.968986e+02
3.365000e+02 1.952740e+02
3.370000e+02 1.938978e+02
3.375000e+02 1.927885e+02
3.380000e+02 1.918882e+02
3.385000e+02 1.912023e+02
3.390000e+02 1.906725e+02
3.395000e+02 1.902823e+02
3.400000e+02 1.900184e+02
3.405000e+02 1.898628e+02
3.410000e+02 1.898035e+02
3.415000e+02 1.898323e+02
3.420000e+02 1.899537e+02
3.425000e+02 1.901586e+02
3.430000e+02 1.906333e+02
3.435000e+02 1.918914e+02
3.440000e+02 1.911190e+02
3.445000e+02 1.915668e+02
3.450000e+02 1.923924e+02
3.455000e+02 1.926231e+02
3.460000e+02 1.931559e+02
3.465000e+02 1.936889e+02
3.470000e+02 1.943237e+02
3.475000e+02 1.950155e+02
3.480000e+02 1.957654e+02
3.485000e+02 1.965532e+02
3.490000e+02 1.974113e+02
3.495000e+02 1.983101e+02
3.500000e+02 1.992444e+02
3.505000e+02 2.002514e+02
3.510000e+02 2.013996e+02
3.515000e+02 2.028988e+02
3.520000e+02 2.041362e+02
3.525000e+02 2.062150e+02
3.530000e+02 2.061831e+02
3.535000e+02 2.068320e+02
3.540000e+02 2.079866e+02
3.545000e+02 2.093033e+02
3.550000e+02 2.138633e+02
3.555000e+02 2.120062e+02
3.560000e+02 2.133939e+02
3.565000e+02 2.148675e+02
3.570000e+02 2.163816e+02
3.575000e+02 2.186930e+02
3.580000e+02 2.199650e+02
3.585000e+02 2.217110e+02
3.590000e+02 2.243977e+02
3.595000e+02 2.251981e+02
3.600000e+02 2.265711e+02
3.605000e+02 2.282971e+02
3.610000e+02 2.301932e+02
3.615000e+02 2.322474e+02
3.620000e+02 2.341793e+02
3.625000e+02 2.362113e+02
3.630000e+02 2.383346e+02
3.635000e+02 2.414813e+02
3.640000e+02 2.427598e+02
3.645000e+02 2.473465e+02
3.650000e+02 2.470976e+02
3.655000e+02 2.492925e+02
3.660000e+02 2.515855e+02
3.665000e+02 2.540074e+02
3.670000e+02 2.565339e+02
3.675000e+02 2.593104e+02
3.680000e+02 2.627939e+02
3.685000e+02 2.663797e+02
3.690000e+02 2.646914e+02
3.695000e+02 2.644869e+02
3.700000e+02 2.651447e+02
3.705000e+02 2.660025e+02
3.710000e+02 2.669304e+02
3.715000e+02 2.675105e+02
3.720000e+02 2.680594e+02
3.725000e+02 2.684738e+02
3.730000e+02 2.687752e+02
3.735000e+02 2.689918e+02
3.740000e+02 2.691524e+02
3.745000e+02 2.692797e+02
3.750000e+02 2.693882e+02
3.755000e+02 2.694851e+02
3.760000e+02 2.695731e+02
3.765000e+02 2.696526e+02
3.770000e+02 2.697234e+02
3.775000e+02 2.697849e+02
3.780000e+02 2.698365e+02
3.785000e+02 2.698780e+02
3.790000e+02 2.699088e+02
3.795000e+02 2.699288e+02
3.800000e+02 2.699379e+02
3.805000e+02 2.699359e+02
3.810000e+02 2.699231e+02
3.815000e+02 2.698996e+02
3.820000e+02 2.698658e+02
3.825000e+02 2.698223e+02
3.830000e+02 2.697695e+02
3.835000e+02 2.697082e+02
3.840000e+02 2.696390e+02
3.845000e+02 2.695629e+02
3.850000e+02 2.694804e+02
3.855000e+02 2.693914e+02
3.860000e+02 2.692940e+02
3.865000e+02 2.691837e+02
3.870000e+02 2.690526e+02
3.875000e+02 2.688885e+02
3.880000e+02 2.686786e+02
3.885000e+02 2.684162e+02
3.890000e+02 2.681041e+02
3.895000e+02 2.677607e+02
3.900000e+02 2.674055e+02
3.905000e+02 2.669917e+02
3.910000e+02 2.663483e+02
3.915000e+02 2.654666e+02
3.920000e+02 2.644509e+02
3.925000e+02 2.634471e+02
3.930000e+02 2.622673e+02
3.935000e+02 2.611061e+02
3.940000e+02 2.599607e+02
3.945000e+02 2.588232e+02
3.950000e+02 2.577654e+02
3.955000e+02 2.565988e+02
3.960000e+02 2.555282e+02
3.965000e+02 2.551027e+02
3.970000e+02 2.538161e+02
3.975000e+02 2.525036e+02
3.980000e+02 2.515711e+02
3.985000e+02 2.506925e+02
3.990000e+02 2.498715e+02
3.995000e+02 2.491310e+02
4.000000e+02 2.489862e+02
8.000000 0
1.000000e+01 3.835966e+00
1.050000e+01 3.881909e+00
1.100000e+01 3.928071e+00
1.150000e+01 3.967545e+00
1.200000e+01 4.018292e+00
1.250000e+01 4.075490e+00
1.300000e+01 4.140262e+00
1.350000e+01 4.213937e+00
1.400000e+01 4.297168e+00
1.450000e+01 4.392970e+00
1.500000e+01 4.505944e+00
1.550000e+01 4.635372e+00
1.600000e+01 4.793681e+00
1.650000e+01 4.984463e+00
1.700000e+01 5.222673e+00
1.750000e+01 5.526723e+00
1.800000e+01 5.925165e+00
1.850000e+01 6.463563e+00
1.900000e+01 7.216259e+00
1.950000e+01 8.307370e+00
2.000000e+01 9.946258e+00
2.050000e+01 1.247555e+01
2.100000e+01 1.639256e+01
2.150000e+01 2.206590e+01
2.200000e+01 2.817219e+01
2.250000e+01 2.886932e+01
2.300000e+01 2.402838e+01
2.350000e+01 1.905041e+01
2.400000e+01 1.539954e+01
2.450000e+01 1.293301e+01
2.500000e+01 1.129688e+01
2.550000e+01 1.020078e+01
2.600000e+01 9.437854e+00
2.650000e+01 8.914781e+00
2.700000e+01 8.548338e+00
2.750000e+01 8.289184e+00
2.800000e+01 8.109538e+00
2.850000e+01 7.993217e+00
2.900000e+01 7.951238e+00
2.950000e+01 7.897125e+00
3.000000e+01 7.949235e+00
3.050000e+01 7.953785e+00
3.100000e+01 7.972644e+00
3.150000e+01 8.039542e+00
3.200000e+01 8.124537e+00
3.250000e+01 8.225270e+00
3.300000e+01 8.340958e+00
3.350000e+01 8.470855e+00
3.400000e+01 8.614282e+00
3.450000e+01 8.771493e+00
3.500000e+01 8.942877e+00
3.550000e+01 9.128172e+00
3.600000e+01 9.392824e+00
3.650000e+01 9.541570e+00
3.700000e+01 9.770685e+00
3.750000e+01 1.002155e+01
3.800000e+01 1.029716e+01
3.850000e+01 1.056378e+01
3.900000e+01 1.086644e+01
3.950000e+01 1.119597e+01
4.000000e+01 1.154141e+01
4.050000e+01 1.191839e+01
4.100000e+01 1.232525e+01
4.150000e+01 1.276516e+01
4.200000e+01 1.324238e+01
4.250000e+01 1.376334e+01
4.300000e+01 1.433554e+01
4.350000e+01 1.495974e+01
4.400000e+01 1.562202e+01
4.450000e+01 1.636125e+01
4.500000e+01 1.718832e+01
4.550000e+01 1.809523e+01
4.600000e+01 1.911442e+01
4.650000e+01 2.025898e+01
4.700000e+01 2.155294e+01
4.750000e+01 2.302656e+01
4.800000e+01 2.471968e+01
4.850000e+01 2.668596e+01
4.900000e+01 2.899773e+01
4.950000e+01 3.175496e+01
5.000000e+01 3.511361e+01
5.050000e+01 3.913550e+01
5.100000e+01 4.443528e+01
5.150000e+01 5.245163e+01
5.200000e+01 6.287286e+01
5.250000e+01 7.913309e+01
5.300000e+01 1.037733e+02
5.350000e+01 1.381964e+02
5.400000e+01 1.795392e+02
5.450000e+01 2.189032e+02
5.500000e+01 2.459441e+02
5.550000e+01 2.589558e+02
5.600000e+01 2.636313e+02
5.650000e+01 2.652997e+02
5.700000e+01 2.661649e+02
5.750000e+01 2.667258e+02
5.800000e+01 2.671371e+02
5.850000e+01 2.674070e+02
5.900000e+01 2.674567e+02
5.950000e+01 2.675402e+02
6.000000e+01 2.676937e+02
6.050000e+01 2.678007e+02
6.100000e+01 2.677109e+02
6.150000e+01 2.676165e+02
6.200000e+01 2.675102e+02
6.250000e+01 2.672391e+02
6.300000e+01 2.664068e+02
6.350000e+01 2.648110e+02
6.400000e+01 2.615644e+02
6.450000e+01 2.521182e+02
6.500000e+01 2.291623e+02
6.550000e+01 1.931409e+02
6.600000e+01 1.536475e+02
6.650000e+01 1.195318e+02
6.700000e+01 9.414286e+01
6.750000e+01 7.672992e+01
6.800000e+01 6.477576e+01
6.850000e+01 5.656298e+01
6.900000e+01 5.058977e+01
6.950000e+01 4.608223e+01
7.000000e+01 4.250255e+01
7.050000e+01 3.958882e+01
7.100000e+01 3.716421e+01
7.150000e+01 3.512191e+01
7.200000e+01 3.337334e+01
7.250000e+01 3.187806e+01
7.300000e+01 3.057776e+01
7.350000e+01 2.945223e+01
7.400000e+01 2.847360e+01
7.450000e+01 2.761849e+01
7.500000e+01 2.688126e+01
7.550000e+01 2.624420e+01
7.600000e+01 2.566184e+01
7.650000e+01 2.579895e+01
7.700000e+01 2.471658e+01
7.750000e+01 2.440875e+01
7.800000e+01 2.403080e+01
7.850000e+01 2.379707e+01
7.900000e+01 2.372205e+01
7.950000e+01 2.361812e+01
8.000000e+01 2.368133e+01
8.050000e+01 2.372327e+01
8.100000e+01 2.344339e+01
8.150000e+01 2.302831e+01
8.200000e+01 2.267481e+01
8.250000e+01 2.240962e+01
8.300000e+01 2.221631e+01
8.350000e+01 2.207603e+01
8.400000e+01 2.197498e+01
8.450000e+01 2.190407e+01
8.500000e+01 2.185862e+01
8.550000e+01 2.183509e+01
8.600000e+01 2.183263e+01
8.650000e+01 2.185318e+01
8.700000e+01 2.189908e+01
8.750000e+01 2.196983e+01
8.800000e+01 2.203411e+01
8.850000e+01 2.204556e+01
8.900000e+01 2.205245e+01
8.950000e+01 2.208243e+01
9.000000e+01 2.213740e+01
9.050000e+01 2.219882e+01
9.100000e+01 2.227936e+01
9.150000e+01 2.236353e+01
9.200000e+01 2.246061e+01
9.250000e+01 2.256690e+01
9.300000e+01 2.268548e+01
9.350000e+01 2.284449e+01
9.400000e+01 2.349987e+01
9.450000e+01 2.308728e+01
9.500000e+01 2.321104e+01
9.550000e+01 2.337926e+01
9.600000e+01 2.368150e+01
9.650000e+01 2.378352e+01
9.700000e+01 2.383633e+01
9.750000e+01 2.398630e+01
9.800000e+01 2.415941e+01
9.850000e+01 2.433434e+01
9.900000e+01 2.453103e+01
9.950000e+01 2.474012e+01
1.000000e+02 2.497170e+01
1.005000e+02 2.536689e+01
1.010000e+02 2.544818e+01
1.015000e+02 2.589219e+01
1.020000e+02 2.610339e+01
1.025000e+02 2.612796e+01
1.030000e+02 2.637000e+01
1.035000e+02 2.668421e+01
1.040000e+02 2.711182e+01
1.045000e+02 2.724597e+01
1.050000e+02 2.756311e+01
1.055000e+02 2.791164e+01
1.060000e+02 2.828668e+01
1.065000e+02 2.869100e+01
1.070000e+02 2.912786e+01
1.075000e+02 2.960406e+01
1.080000e+02 3.013293e+01
1.085000e+02 3.070081e+01
1.090000e+02 3.135134e+01
1.095000e+02 3.251035e+01
1.100000e+02 3.290825e+01
1.105000e+02 3.398829e+01
1.110000e+02 3.550174e+01
1.115000e+02 3.610939e+01
1.120000e+02 3.752458e+01
1.125000e+02 3.927840e+01
1.130000e+02 4.144609e+01
1.135000e+02 4.415759e+01
1.140000e+02 4.764969e+01
1.145000e+02 5.222226e+01
1.150000e+02 5.904902e+01
1.155000e+02 6.708474e+01
1.160000e+02 7.965915e+01
1.165000e+02 9.863971e+01
1.170000e+02 1.280418e+02
1.175000e+02 1.724990e+02
1.180000e+02 2.265681e+02
1.185000e+02 2.547952e+02
1.190000e+02 2.547661e+02
1.195000e+02 2.261575e+02
1.200000e+02 1.718137e+02
1.205000e+02 1.277570e+02
1.210000e+02 9.894901e+01
1.215000e+02 8.043303e+01
1.220000e+02 6.828894e+01
1.225000e+02 6.009630e+01
1.230000e+02 5.443019e+01
1.235000e+02 5.048879e+01
1.240000e+02 4.933305e+01
1.245000e+02 4.538901e+01
1.250000e+02 4.371690e+01
1.255000e+02 4.353938e+01
1.260000e+02 4.136322e+01
1.265000e+02 4.049883e+01
1.270000e+02 3.986834e+01
1.275000e+02 3.941946e+01
1.280000e+02 3.915750e+01
1.285000e+02 3.891473e+01
1.290000e+02 3.863422e+01
1.295000e+02 3.851110e+01
1.300000e+02 3.844067e+01
1.305000e+02 3.842006e+01
1.310000e+02 3.851475e+01
1.315000e+02 3.848492e+01
1.320000e+02 3.856229e+01
1.325000e+02 3.868245e+01
1.330000e+02 3.879384e+01
1.335000e+02 3.892440e+01
1.340000e+02 3.910401e+01
1.345000e+02 3.929939e+01
1.350000e+02 3.947173e+01
1.355000e+02 3.968707e+01
1.360000e+02 3.993335e+01
1.365000e+02 4.024011e+01
1.370000e+02 4.068958e+01
1.375000e+02 4.088596e+01
1.380000e+02 4.129387e+01
1.385000e+02 4.167679e+01
1.390000e+02 4.185814e+01
1.395000e+02 4.197146e+01
1.400000e+02 4.218650e+01
1.405000e+02 4.238493e+01
1.410000e+02 4.269764e+01
1.415000e+02 4.312287e+01
1.420000e+02 4.453946e+01
1.425000e+02 4.437173e+01
1.430000e+02 4.465364e+01
1.435000e+02 4.526236e+01
1.440000e+02 4.556473e+01
1.445000e+02 4.560631e+01
1.450000e+02 4.656513e+01
1.455000e+02 4.569175e+01
1.460000e+02 4.586228e+01
1.465000e+02 4.610891e+01
1.470000e+02 4.641061e+01
1.475000e+02 4.674806e+01
1.480000e+02 4.712165e+01
1.485000e+02 4.761541e+01
1.490000e+02 4.801608e+01
1.495000e+02 4.835582e+01
1.500000e+02 4.883943e+01
1.505000e+02 4.943765e+01
1.510000e+02 4.994017e+01
1.515000e+02 5.033499e+01
1.520000e+02 5.073082e+01
1.525000e+02 5.109808e+01
1.530000e+02 5.152410e+01
1.535000e+02 5.203099e+01
1.540000e+02 5.384371e+01
1.545000e+02 5.303760e+01
1.550000e+02 5.353467e+01
1.555000e+02 5.409275e+01
1.560000e+02 5.472219e+01
1.565000e+02 5.531744e+01
1.570000e+02 5.592433e+01
1.575000e+02 5.658144e+01
1.580000e+02 5.726732e+01
1.585000e+02 5.800319e+01
1.590000e+02 5.873323e+01
1.595000e+02 5.952054e+01
1.600000e+02 6.033816e+01
1.605000e+02 6.119069e+01
1.610000e+02 6.207913e+01
1.615000e+02 6.301179e+01
1.620000e+02 6.399729e+01
1.625000e+02 6.503838e+01
1.630000e+02 6.614067e+01
1.635000e+02 6.731086e+01
1.640000e+02 6.856428e+01
1.645000e+02 6.996712e+01
1.650000e+02 7.313946e+01
1.655000e+02 7.334911e+01
1.660000e+02 7.518839e+01
1.665000e+02 7.609931e+01
1.670000e+02 7.783387e+01
1.675000e+02 8.006121e+01
1.680000e+02 8.186422e+01
1.685000e+02 8.411745e+01
1.690000e+02 8.665170e+01
1.695000e+02 8.925757e+01
1.700000e+02 9.218708e+01
1.705000e+02 9.535031e+01
1.710000e+02 9.884532e+01
1.715000e+02 1.027086e+02
1.720000e+02 1.069025e+02
1.725000e+02 1.115691e+02
1.730000e+02 1.167430e+02
1.735000e+02 1.230086e+02
1.740000e+02 1.288338e+02
1.745000e+02 1.359156e+02
1.750000e+02 1.438646e+02
1.755000e+02 1.530801e+02
1.760000e+02 1.623325e+02
1.765000e+02 1.728355e+02
1.770000e+02 1.844228e+02
1.775000e+02 1.969380e+02
1.780000e+02 2.101457e+02
1.785000e+02 2.236256e+02
1.790000e+02 2.366952e+02
1.795000e+02 2.484394e+02
1.800000e+02 2.578373e+02
1.805000e+02 2.641132e+02
1.810000e+02 2.673828e+02
1.815000e+02 2.686468e+02
1.820000e+02 2.690924e+02
1.825000e+02 2.693039e+02
1.830000e+02 2.694056e+02
1.835000e+02 2.694124e+02
1.840000e+02 2.693261e+02
1.845000e+02 2.691400e+02
1.850000e+02 2.687791e+02
1.855000e+02 2.678486e+02
1.860000e+02 2.654397e+02
1.865000e+02 2.606367e+02
1.870000e+02 2.531945e+02
1.875000e+02 2.435825e+02
1.880000e+02 2.326101e+02
1.885000e+02 2.210629e+02
1.890000e+02 2.095665e+02
1.895000e+02 1.985219e+02
1.900000e+02 1.881772e+02
1.905000e+02 1.786579e+02
1.910000e+02 1.699691e+02
1.915000e+02 1.621332e+02
1.920000e+02 1.551085e+02
1.925000e+02 1.488553e+02
1.930000e+02 1.433657e+02
1.935000e+02 1.386399e+02
1.940000e+02 1.340330e+02
1.945000e+02 1.297500e+02
1.950000e+02 1.259744e+02
1.955000e+02 1.257082e+02
1.960000e+02 1.192542e+02
1.965000e+02 1.162357e+02
1.970000e+02 1.136889e+02
1.975000e+02 1.114521e+02
1.980000e+02 1.094804e+02
1.985000e+02 1.076835e+02
1.990000e+02 1.061599e+02
1.995000e+02 1.049562e+02
2.000000e+02 1.037268e+02
2.005000e+02 1.029394e+02
2.010000e+02 1.028731e+02
2.015000e+02 1.020433e+02
2.020000e+02 1.021183e+02
2.025000e+02 1.028434e+02
2.030000e+02 1.039376e+02
2.035000e+02 1.040622e+02
2.040000e+02 1.018130e+02
2.045000e+02 9.941385e+01
2.050000e+02 9.751680e+01
2.055000e+02 9.613097e+01
2.060000e+02 9.526192e+01
2.065000e+02 9.440815e+01
2.070000e+02 9.374789e+01
2.075000e+02 9.330511e+01
2.080000e+02 9.285524e+01
2.085000e+02 9.354382e+01
2.090000e+02 9.233777e+01
2.095000e+02 9.191239e+01
2.100000e+02 9.165305e+01
2.105000e+02 9.170806e+01
2.110000e+02 9.150273e+01
2.115000e+02 9.109240e+01
2.120000e+02 9.095355e+01
2.125000e+02 9.086821e+01
2.130000e+02 9.081793e+01
2.135000e+02 9.079546e+01
2.140000e+02 9.080729e+01
2.145000e+02 9.092981e+01
2.150000e+02 9.414502e+01
2.155000e+02 9.097181e+01
2.160000e+02 9.099681e+01
2.165000e+02 9.099755e+01
2.170000e+02 9.107780e+01
2.175000e+02 9.122535e+01
2.180000e+02 9.130750e+01
2.185000e+02 9.142086e+01
2.190000e+02 9.156019e+01
2.195000e+02 9.171798e+01
2.200000e+02 9.189946e+01
2.205000e+02 9.207821e+01
2.210000e+02 9.228901e+01
2.215000e+02 9.252679e+01
2.220000e+02 9.279573e+01
2.225000e+02 9.311676e+01
2.230000e+02 9.349859e+01
2.235000e+02 9.398248e+01
2.240000e+02 9.462442e+01
2.245000e+02 9.550436e+01
2.250000e+02 9.673628e+01
2.255000e+02 9.823297e+01
2.260000e+02 1.006385e+02
2.265000e+02 9.838864e+01
2.270000e+02 9.728284e+01
2.275000e+02 9.661473e+01
2.280000e+02 9.627254e+01
2.285000e+02 9.614395e+01
2.290000e+02 9.616835e+01
2.295000e+02 9.676035e+01
2.300000e+02 9.648402e+01
2.305000e+02 9.681326e+01
2.310000e+02 9.755030e+01
2.315000e+02 9.814761e+01
2.320000e+02 9.757208e+01
2.325000e+02 9.788267e+01
2.330000e+02 9.843277e+01
2.335000e+02 9.959152e+01
2.340000e+02 1.030409e+02
2.345000e+02 9.989181e+01
2.350000e+02 9.957589e+01
2.355000e+02 1.010055e+02
2.360000e+02 1.006454e+02
2.365000e+02 1.002692e+02
2.370000e+02 1.029486e+02
2.375000e+02 1.012843e+02
2.380000e+02 1.011578e+02
2.385000e+02 1.019172e+02
2.390000e+02 1.064906e+02
2.395000e+02 1.034112e+02
2.400000e+02 1.039638e+02
2.405000e+02 1.046381e+02
2.410000e+02 1.057346e+02
2.415000e+02 1.069257e+02
2.420000e+02 1.075825e+02
2.425000e+02 1.080964e+02
2.430000e+02 1.061692e+02
2.435000e+02 1.137931e+02
2.440000e+02 1.058136e+02
2.445000e+02 1.053623e+02
2.450000e+02 1.053507e+02
2.455000e+02 1.055112e+02
2.460000e+02 1.057492e+02
2.465000e+02 1.062813e+02
2.470000e+02 1.063833e+02
2.475000e+02 1.069828e+02
2.480000e+02 1.088423e+02
2.485000e+02 1.080861e+02
2.490000e+02 1.079801e+02
2.495000e+02 1.091554e+02
2.500000e+02 1.192512e+02
2.505000e+02 1.094149e+02
2.510000e+02 1.098560e+02
2.515000e+02 1.100862e+02
2.520000e+02 1.101698e+02
2.525000e+02 1.105572e+02
2.530000e+02 1.110395e+02
2.535000e+02 1.117210e+02
2.540000e+02 1.125986e+02
2.545000e+02 1.136874e+02
2.550000e+02 1.146291e+02
2.555000e+02 1.145326e+02
2.560000e+02 1.141209e+02
2.565000e+02 1.139226e+02
2.570000e+02 1.139430e+02
2.575000e+02 1.141681e+02
2.580000e+02 1.147050e+02
2.585000e+02 1.159172e+02
2.590000e+02 1.156672e+02
2.595000e+02 1.153084e+02
2.600000e+02 1.155291e+02
2.605000e+02 1.158417e+02
2.610000e+02 1.162074e+02
2.615000e+02 1.165962e+02
2.620000e+02 1.170423e+02
2.625000e+02 1.176200e+02
2.630000e+02 1.185682e+02
2.635000e+02 1.198898e+02
2.640000e+02 1.199020e+02
2.645000e+02 1.200271e+02
2.650000e+02 1.216087e+02
2.655000e+02 1.218968e+02
2.660000e+02 1.229142e+02
2.665000e+02 1.231728e+02
2.670000e+02 1.233895e+02
2.675000e+02 1.232657e+02
2.680000e+02 1.224841e+02
2.685000e+02 1.225025e+02
2.690000e+02 1.226496e+02
2.695000e+02 1.228944e+02
2.700000e+02 1.231940e+02
2.705000e+02 1.235462e+02
2.710000e+02 1.239567e+02
2.715000e+02 1.243110e+02
2.720000e+02 1.247944e+02
2.725000e+02 1.253626e+02
2.730000e+02 1.314873e+02
2.735000e+02 1.262785e+02
2.740000e+02 1.265654e+02
2.745000e+02 1.327684e+02
2.750000e+02 1.273375e+02
2.755000e+02 1.277531e+02
2.760000e+02 1.284821e+02
2.765000e+02 1.292103e+02
2.770000e+02 1.301252e+02
2.775000e+02 1.293360e+02
2.780000e+02 1.296499e+02
2.785000e+02 1.301655e+02
2.790000e+02 1.304943e+02
2.795000e+02 1.339055e+02
2.800000e+02 1.315368e+02
2.805000e+02 1.317434e+02
2.810000e+02 1.325704e+02
2.815000e+02 1.327306e+02
2.820000e+02 1.331782e+02
2.825000e+02 1.337047e+02
2.830000e+02 1.344107e+02
2.835000e+02 1.346529e+02
2.840000e+02 1.350523e+02
2.845000e+02 1.354895e+02
2.850000e+02 1.359754e+02
2.855000e+02 1.366439e+02
2.860000e+02 1.407401e+02
2.865000e+02 1.383988e+02
2.870000e+02 1.379595e+02
2.875000e+02 1.383239e+02
2.880000e+02 1.388349e+02
2.885000e+02 1.396242e+02
2.890000e+02 1.491514e+02
2.895000e+02 1.405106e+02
2.900000e+02 1.408168e+02
2.905000e+02 1.412771e+02
2.910000e+02 1.425296e+02
2.915000e+02 1.423206e+02
2.920000e+02 1.428473e+02
2.925000e+02 1.434849e+02
2.930000e+02 1.449113e+02
2.935000e+02 1.458135e+02
2.940000e+02 1.451313e+02
2.945000e+02 1.456166e+02
2.950000e+02 1.461747e+02
2.955000e+02 1.467711e+02
2.960000e+02 1.473756e+02
2.965000e+02 1.480047e+02
2.970000e+02 1.486950e+02
2.975000e+02 1.494394e+02
2.980000e+02 1.504202e+02
2.985000e+02 1.527626e+02
2.990000e+02 1.517085e+02
2.995000e+02 1.523943e+02
3.000000e+02 1.528055e+02
3.005000e+02 1.538951e+02
3.010000e+02 1.547970e+02
3.015000e+02 1.568618e+02
3.020000e+02 1.578615e+02
3.025000e+02 1.568405e+02
3.030000e+02 1.585397e+02
3.035000e+02 1.584929e+02
3.040000e+02 1.590293e+02
3.045000e+02 1.600209e+02
3.050000e+02 1.611013e+02
3.055000e+02 1.617667e+02
3.060000e+02 1.626494e+02
3.065000e+02 1.636252e+02
3.070000e+02 1.646947e+02
3.075000e+02 1.658715e+02
3.080000e+02 1.670837e+02
3.085000e+02 1.684648e+02
3.090000e+02 1.699230e+02
3.095000e+02 1.715903e+02
3.100000e+02 1.741072e+02
3.105000e+02 1.752441e+02
3.110000e+02 1.767049e+02
3.115000e+02 1.782156e+02
3.120000e+02 1.800079e+02
3.125000e+02 1.821556e+02
3.130000e+02 1.846614e+02
3.135000e+02 1.874116e+02
3.140000e+02 1.899098e+02
3.145000e+02 1.921058e+02
3.150000e+02 1.947203e+02
3.155000e+02 1.979596e+02
3.160000e+02 2.025025e+02
3.165000e+02 2.062096e+02
3.170000e+02 2.099614e+02
3.175000e+02 2.146273e+02
3.180000e+02 2.198330e+02
3.185000e+02 2.257238e+02
3.190000e+02 2.322950e+02
3.195000e+02 2.395198e+02
3.200000e+02 2.500233e+02
3.205000e+02 2.542422e+02
3.210000e+02 2.594768e+02
3.215000e+02 2.626504e+02
3.220000e+02 2.653583e+02
3.225000e+02 2.674295e+02
3.230000e+02 2.685675e+02
3.235000e+02 2.690641e+02
3.240000e+02 2.693105e+02
3.245000e+02 2.694569e+02
3.250000e+02 2.695207e+02
3.255000e+02 2.695005e+02
3.260000e+02 2.693979e+02
3.265000e+02 2.692125e+02
3.270000e+02 2.688920e+02
3.275000e+02 2.681622e+02
3.280000e+02 2.665388e+02
3.285000e+02 2.636566e+02
3.290000e+02 2.595910e+02
3.295000e+02 2.546976e+02
3.300000e+02 2.494069e+02
3.305000e+02 2.440826e+02
3.310000e+02 2.389794e+02
3.315000e+02 2.342507e+02
3.320000e+02 2.300005e+02
3.325000e+02 2.266396e+02
3.330000e+02 2.234825e+02
3.335000e+02 2.199042e+02
3.340000e+02 2.173822e+02
3.345000e+02 2.153278e+02
3.350000e+02 2.137400e+02
3.355000e+02 2.122680e+02
3.360000e+02 2.105887e+02
3.365000e+02 2.090911e+02
3.370000e+02 2.078174e+02
3.375000e+02 2.067871e+02
3.380000e+02 2.059524e+02
3.385000e+02 2.053143e+02
3.390000e+02 2.048228e+02
3.395000e+02 2.044616e+02
3.400000e+02 2.042181e+02
3.405000e+02 2.040760e+02
3.410000e+02 2.040242e+02
3.415000e+02 2.040550e+02
3.420000e+02 2.041711e+02
3.425000e+02 2.043639e+02
3.430000e+02 2.047843e+02
3.435000e+02 2.058478e+02
3.440000e+02 2.052706e+02
3.445000e+02 2.056902e+02
3.450000e+02 2.064217e+02
3.455000e+02 2.066772e+02
3.460000e+02 2.071826e+02
3.465000e+02 2.076931e+02
3.470000e+02 2.082906e+02
3.475000e+02 2.089384e+02
3.480000e+02 2.096373e+02
3.485000e+02 2.103707e+02
3.490000e+02 2.111640e+02
3.495000e+02 2.119934e+02
3.500000e+02 2.128544e+02
3.505000e+02 2.137764e+02
3.510000e+02 2.148132e+02
3.515000e+02 2.161301e+02
3.520000e+02 2.172410e+02
3.525000e+02 2.190158e+02
3.530000e+02 2.191321e+02
3.535000e+02 2.197887e+02
3.540000e+02 2.208445e+02
3.545000e+02 2.220286e+02
3.550000e+02 2.257263e+02
3.555000e+02 2.244551e+02
3.560000e+02 2.256977e+02
3.565000e+02 2.270065e+02
3.570000e+02 2.283463e+02
3.575000e+02 2.302905e+02
3.580000e+02 2.314444e+02
3.585000e+02 2.329554e+02
3.590000e+02 2.351658e+02
3.595000e+02 2.359659e+02
3.600000e+02 2.371934e+02
3.605000e+02 2.386793e+02
3.610000e+02 2.402847e+02
3.615000e+02 2.419976e+02
3.620000e+02 2.436141e+02
3.625000e+02 2.452925e+02
3.630000e+02 2.470236e+02
3.635000e+02 2.494490e+02
3.640000e+02 2.505636e+02
3.645000e+02 2.539072e+02
3.650000e+02 2.539658e+02
3.655000e+02 2.556485e+02
3.660000e+02 2.573659e+02
3.665000e+02 2.591299e+02
3.670000e+02 2.609156e+02
3.675000e+02 2.628010e+02
3.680000e+02 2.650348e+02
3.685000e+02 2.672172e+02
3.690000e+02 2.663611e+02
3.695000e+02 2.663682e+02
3.700000e+02 2.668379e+02
3.705000e+02 2.673867e+02
3.710000e+02 2.679342e+02
3.715000e+02 2.682916e+02
3.720000e+02 2.686089e+02
3.725000e+02 2.688488e+02
3.730000e+02 2.690292e+02
3.735000e+02 2.691686e+02
3.740000e+02 2.692828e+02
3.745000e+02 2.693819e+02
3.750000e+02 2.694716e+02
3.755000e+02 2.695541e+02
3.760000e+02 2.696297e+02
3.765000e+02 2.696984e+02
3.770000e+02 2.697595e+02
3.775000e+02 2.698127e+02
3.780000e+02 2.698575e+02
3.785000e+02 2.698934e+02
3.790000e+02 2.699201e+02
3.795000e+02 2.699374e+02
3.800000e+02 2.699452e+02
3.805000e+02 2.699435e+02
3.810000e+02 2.699324e+02
3.815000e+02 2.699121e+02
3.820000e+02 2.698829e+02
3.825000e+02 2.698452e+02
3.830000e+02 2.697995e+02
3.835000e+02 2.697464e+02
3.840000e+02 2.696867e+02
3.845000e+02 2.696210e+02
3.850000e+02 2.695501e+02
3.855000e+02 2.694744e+02
3.860000e+02 2.693937e+02
3.865000e+02 2.693066e+02
3.870000e+02 2.692106e+02
3.875000e+02 2.691009e+02
3.880000e+02 2.689712e+02
3.885000e+02 2.688167e+02
3.890000e+02 2.686367e+02
3.895000e+02 2.684385e+02
3.900000e+02 2.682300e+02
3.905000e+02 2.679844e+02
3.910000e+02 2.676066e+02
3.915000e+02 2.670794e+02
3.920000e+02 2.664538e+02
3.925000e+02 2.658095e+02
3.930000e+02 2.650513e+02
3.935000e+02 2.642839e+02
3.940000e+02 2.635098e+02
3.945000e+02 2.627275e+02
3.950000e+02 2.619818e+02
3.955000e+02 2.611633e+02
3.960000e+02 2.603955e+02
3.965000e+02 2.600206e+02
3.970000e+02 2.591134e+02
3.975000e+02 2.581837e+02
3.980000e+02 2.574902e+02
3.985000e+02 2.568309e+02
3.990000e+02 2.562095e+02
3.995000e+02 2.556418e+02
4.000000e+02 2.554657e+02
9.000000 0
1.000000e+01 3.878932e+00
1.050000e+01 3.930059e+00
1.100000e+01 3.980836e+00
1.150000e+01 4.025351e+00
1.200000e+01 4.081849e+00
1.250000e+01 4.145520e+00
1.300000e+01 4.217655e+00
1.350000e+01 4.299751e+00
1.400000e+01 4.392549e+00
1.450000e+01 4.499408e+00
1.500000e+01 4.625368e+00
1.550000e+01 4.770249e+00
1.600000e+01 4.947211e+00
1.650000e+01 5.160908e+00
1.700000e+01 5.427844e+00
1.750000e+01 5.768751e+00
1.800000e+01 6.215732e+00
1.850000e+01 6.819928e+00
1.900000e+01 7.664661e+00
1.950000e+01 8.888778e+00
2.000000e+01 1.072583e+01
2.050000e+01 1.355631e+01
2.100000e+01 1.792828e+01
2.150000e+01 2.423791e+01
2.200000e+01 3.100494e+01
2.250000e+01 3.177686e+01
2.300000e+01 2.641641e+01
2.350000e+01 2.088493e+01
2.400000e+01 1.681154e+01
2.450000e+01 1.405130e+01
2.500000e+01 1.221434e+01
2.550000e+01 1.097938e+01
2.600000e+01 1.011897e+01
2.650000e+01 9.526228e+00
2.700000e+01 9.108837e+00
2.750000e+01 8.811489e+00
2.800000e+01 8.603294e+00
2.850000e+01 8.465790e+00
2.900000e+01 8.408181e+00
2.950000e+01 8.342860e+00
3.000000e+01 8.386992e+00
3.050000e+01 8.386402e+00
3.100000e+01 8.402308e+00
3.150000e+01 8.467980e+00
3.200000e+01 8.553223e+00
3.250000e+01 8.655443e+00
3.300000e+01 8.773678e+00
3.350000e+01 8.907029e+00
3.400000e+01 9.054696e+00
3.450000e+01 9.216835e+00
3.500000e+01 9.393749e+00
3.550000e+01 9.585111e+00
3.600000e+01 9.856172e+00
3.650000e+01 1.001203e+01
3.700000e+01 1.024850e+01
3.750000e+01 1.050707e+01
3.800000e+01 1.079067e+01
3.850000e+01 1.106562e+01
3.900000e+01 1.137684e+01
3.950000e+01 1.171515e+01
4.000000e+01 1.206960e+01
4.050000e+01 1.245577e+01
4.100000e+01 1.287199e+01
4.150000e+01 1.332141e+01
4.200000e+01 1.380827e+01
4.250000e+01 1.433897e+01
4.300000e+01 1.492098e+01
4.350000e+01 1.555505e+01
4.400000e+01 1.622731e+01
4.450000e+01 1.697651e+01
4.500000e+01 1.781354e+01
4.550000e+01 1.873041e+01
4.600000e+01 1.975954e+01
4.650000e+01 2.091399e+01
4.700000e+01 2.221788e+01
4.750000e+01 2.370154e+01
4.800000e+01 2.540502e+01
4.850000e+01 2.738233e+01
4.900000e+01 2.970631e+01
4.950000e+01 3.247702e+01
5.000000e+01 3.584753e+01
5.050000e+01 3.986841e+01
5.100000e+01 4.515269e+01
5.150000e+01 5.314443e+01
5.200000e+01 6.353445e+01
5.250000e+01 7.974417e+01
5.300000e+01 1.043044e+02
5.350000e+01 1.386124e+02
5.400000e+01 1.798159e+02
5.450000e+01 2.190488e+02
5.500000e+01 2.460034e+02
5.550000e+01 2.589767e+02
5.600000e+01 2.636401e+02
5.650000e+01 2.653047e+02
5.700000e+01 2.661682e+02
5.750000e+01 2.667281e+02
5.800000e+01 2.671387e+02
5.850000e+01 2.674082e+02
5.900000e+01 2.674579e+02
5.950000e+01 2.675414e+02
6.000000e+01 2.676947e+02
6.050000e+01 2.678016e+02
6.100000e+01 2.677120e+02
6.150000e+01 2.676178e+02
6.200000e+01 2.675118e+02
6.250000e+01 2.672412e+02
6.300000e+01 2.664110e+02
6.350000e+01 2.648198e+02
6.400000e+01 2.615847e+02
6.450000e+01 2.521780e+02
6.500000e+01 2.293286e+02
6.550000e+01 1.934872e+02
6.600000e+01 1.542042e+02
6.650000e+01 1.202820e+02
6.700000e+01 9.504835e+01
6.750000e+01 7.775146e+01
6.800000e+01 6.588153e+01
6.850000e+01 5.772839e+01
6.900000e+01 5.180183e+01
6.950000e+01 4.733415e+01
7.000000e+01 4.379067e+01
7.050000e+01 4.091072e+01
7.100000e+01 3.851818e+01
7.150000e+01 3.650661e+01
7.200000e+01 3.478778e+01
7.250000e+01 3.332134e+01
7.300000e+01 3.204927e+01
7.350000e+01 3.095141e+01
7.400000e+01 3.000005e+01
7.450000e+01 2.917197e+01
7.500000e+01 2.846157e+01
7.550000e+01 2.785133e+01
7.600000e+01 2.729622e+01
7.650000e+01 2.745643e+01
7.700000e+01 2.640724e+01
7.750000e+01 2.612885e+01
7.800000e+01 2.578355e+01
7.850000e+01 2.558542e+01
7.900000e+01 2.555079e+01
7.950000e+01 2.549574e+01
8.000000e+01 2.561449e+01
8.050000e+01 2.570613e+01
8.100000e+01 2.543759e+01
8.150000e+01 2.501642e+01
8.200000e+01 2.466113e+01
8.250000e+01 2.440154e+01
8.300000e+01 2.421978e+01
8.350000e+01 2.409516e+01
8.400000e+01 2.401252e+01
8.450000e+01 2.396193e+01
8.500000e+01 2.393820e+01
8.550000e+01 2.393758e+01
8.600000e+01 2.395919e+01
8.650000e+01 2.400518e+01
8.700000e+01 2.407827e+01
8.750000e+01 2.417788e+01
8.800000e+01 2.426930e+01
8.850000e+01 2.430122e+01
8.900000e+01 2.432752e+01
8.950000e+01 2.437842e+01
9.000000e+01 2.445570e+01
9.050000e+01 2.454045e+01
9.100000e+01 2.464489e+01
9.150000e+01 2.475342e+01
9.200000e+01 2.487513e+01
9.250000e+01 2.500627e+01
9.300000e+01 2.514986e+01
9.350000e+01 2.533370e+01
9.400000e+01 2.600871e+01
9.450000e+01 2.562783e+01
9.500000e+01 2.577778e+01
9.550000e+01 2.597211e+01
9.600000e+01 2.629912e+01
9.650000e+01 2.642756e+01
9.700000e+01 2.650660e+01
9.750000e+01 2.668178e+01
9.800000e+01 2.688022e+01
9.850000e+01 2.708081e+01
9.900000e+01 2.730317e+01
9.950000e+01 2.753799e+01
1.000000e+02 2.779520e+01
1.005000e+02 2.821414e+01
1.010000e+02 2.832325e+01
1.015000e+02 2.879061e+01
1.020000e+02 2.902826e+01
1.025000e+02 2.908182e+01
1.030000e+02 2.935019e+01
1.035000e+02 2.968988e+01
1.040000e+02 3.014156e+01
1.045000e+02 3.030381e+01
1.050000e+02 3.064672e+01
1.055000e+02 3.102069e+01
1.060000e+02 3.142091e+01
1.065000e+02 3.185009e+01
1.070000e+02 3.231144e+01
1.075000e+02 3.281165e+01
1.080000e+02 3.336386e+01
1.085000e+02 3.395460e+01
1.090000e+02 3.462683e+01
1.095000e+02 3.580007e+01
1.100000e+02 3.622337e+01
1.105000e+02 3.731877e+01
1.110000e+02 3.884105e+01
1.115000e+02 3.947100e+01
1.120000e+02 4.089630e+01
1.125000e+02 4.265490e+01
1.130000e+02 4.482078e+01
1.135000e+02 4.752173e+01
1.140000e+02 5.099063e+01
1.145000e+02 5.552234e+01
1.150000e+02 6.227160e+01
1.155000e+02 7.020894e+01
1.160000e+02 8.261003e+01
1.165000e+02 1.013102e+02
1.170000e+02 1.302569e+02
1.175000e+02 1.740047e+02
1.180000e+02 2.272001e+02
1.185000e+02 2.549757e+02
1.190000e+02 2.549495e+02
1.195000e+02 2.268230e+02
1.200000e+02 1.734383e+02
1.205000e+02 1.301955e+02
1.210000e+02 1.019299e+02
1.215000e+02 8.375402e+01
1.220000e+02 7.183598e+01
1.225000e+02 6.380558e+01
1.230000e+02 5.826315e+01
1.235000e+02 5.441939e+01
1.240000e+02 5.331330e+01
1.245000e+02 4.947411e+01
1.250000e+02 4.786630e+01
1.255000e+02 4.772595e+01
1.260000e+02 4.562684e+01
1.265000e+02 4.481525e+01
1.270000e+02 4.423385e+01
1.275000e+02 4.383109e+01
1.280000e+02 4.361184e+01
1.285000e+02 4.341186e+01
1.290000e+02 4.317549e+01
1.295000e+02 4.309383e+01
1.300000e+02 4.306425e+01
1.305000e+02 4.308394e+01
1.310000e+02 4.321693e+01
1.315000e+02 4.322854e+01
1.320000e+02 4.334554e+01
1.325000e+02 4.350492e+01
1.330000e+02 4.365633e+01
1.335000e+02 4.382719e+01
1.340000e+02 4.404685e+01
1.345000e+02 4.428281e+01
1.350000e+02 4.449671e+01
1.355000e+02 4.475335e+01
1.360000e+02 4.504213e+01
1.365000e+02 4.539287e+01
1.370000e+02 4.588708e+01
1.375000e+02 4.613983e+01
1.380000e+02 4.660440e+01
1.385000e+02 4.703984e+01
1.390000e+02 4.725396e+01
1.395000e+02 4.739438e+01
1.400000e+02 4.763928e+01
1.405000e+02 4.787497e+01
1.410000e+02 4.822872e+01
1.415000e+02 4.869890e+01
1.420000e+02 5.014287e+01
1.425000e+02 5.005436e+01
1.430000e+02 5.041637e+01
1.435000e+02 5.109915e+01
1.440000e+02 5.144219e+01
1.445000e+02 5.149391e+01
1.450000e+02 5.244155e+01
1.455000e+02 5.161921e+01
1.460000e+02 5.182193e+01
1.465000e+02 5.210539e+01
1.470000e+02 5.244709e+01
1.475000e+02 5.282697e+01
1.480000e+02 5.324468e+01
1.485000e+02 5.378143e+01
1.490000e+02 5.422998e+01
1.495000e+02 5.462181e+01
1.500000e+02 5.515616e+01
1.505000e+02 5.580529e+01
1.510000e+02 5.636559e+01
1.515000e+02 5.682208e+01
1.520000e+02 5.726954e+01
1.525000e+02 5.768503e+01
1.530000e+02 5.816089e+01
1.535000e+02 5.871929e+01
1.540000e+02 6.054493e+01
1.545000e+02 5.983919e+01
1.550000e+02 6.039725e+01
1.555000e+02 6.101684e+01
1.560000e+02 6.170789e+01
1.565000e+02 6.236842e+01
1.570000e+02 6.304283e+01
1.575000e+02 6.376857e+01
1.580000e+02 6.452506e+01
1.585000e+02 6.533299e+01
1.590000e+02 6.613879e+01
1.595000e+02 6.700362e+01
1.600000e+02 6.790175e+01
1.605000e+02 6.883721e+01
1.610000e+02 6.981090e+01
1.615000e+02 7.083215e+01
1.620000e+02 7.190974e+01
1.625000e+02 7.304665e+01
1.630000e+02 7.424866e+01
1.635000e+02 7.552265e+01
1.640000e+02 7.688386e+01
1.645000e+02 7.839617e+01
1.650000e+02 8.160784e+01
1.655000e+02 8.199837e+01
1.660000e+02 8.395585e+01
1.665000e+02 8.504067e+01
1.670000e+02 8.692373e+01
1.675000e+02 8.928945e+01
1.680000e+02 9.126810e+01
1.685000e+02 9.369164e+01
1.690000e+02 9.640036e+01
1.695000e+02 9.919716e+01
1.700000e+02 1.023218e+02
1.705000e+02 1.056922e+02
1.710000e+02 1.094022e+02
1.715000e+02 1.134878e+02
1.720000e+02 1.179154e+02
1.725000e+02 1.228189e+02
1.730000e+02 1.282309e+02
1.735000e+02 1.346875e+02
1.740000e+02 1.407816e+02
1.745000e+02 1.480649e+02
1.750000e+02 1.561698e+02
1.755000e+02 1.654356e+02
1.760000e+02 1.747466e+02
1.765000e+02 1.851498e+02
1.770000e+02 1.964408e+02
1.775000e+02 2.084051e+02
1.780000e+02 2.207369e+02
1.785000e+02 2.329535e+02
1.790000e+02 2.443559e+02
1.795000e+02 2.541076e+02
1.800000e+02 2.614245e+02
1.805000e+02 2.659317e+02
1.810000e+02 2.680795e+02
1.815000e+02 2.688806e+02
1.820000e+02 2.692042e+02
1.825000e+02 2.693818e+02
1.830000e+02 2.694702e+02
1.835000e+02 2.694761e+02
1.840000e+02 2.694010e+02
1.845000e+02 2.692432e+02
1.850000e+02 2.689705e+02
1.855000e+02 2.683722e+02
1.860000e+02 2.668255e+02
1.865000e+02 2.634898e+02
1.870000e+02 2.578877e+02
1.875000e+02 2.501602e+02
1.880000e+02 2.408735e+02
1.885000e+02 2.307032e+02
1.890000e+02 2.202558e+02
1.895000e+02 2.099687e+02
1.900000e+02 2.001408e+02
1.905000e+02 1.909497e+02
1.910000e+02 1.824521e+02
1.915000e+02 1.747037e+02
1.920000e+02 1.676942e+02
1.925000e+02 1.614064e+02
1.930000e+02 1.558462e+02
1.935000e+02 1.510199e+02
1.940000e+02 1.463319e+02
1.945000e+02 1.419381e+02
1.950000e+02 1.380296e+02
1.955000e+02 1.373717e+02
1.960000e+02 1.310840e+02
1.965000e+02 1.279759e+02
1.970000e+02 1.253323e+02
1.975000e+02 1.230022e+02
1.980000e+02 1.209430e+02
1.985000e+02 1.190696e+02
1.990000e+02 1.174728e+02
1.995000e+02 1.161966e+02
2.000000e+02 1.149208e+02
2.005000e+02 1.140833e+02
2.010000e+02 1.139499e+02
2.015000e+02 1.131469e+02
2.020000e+02 1.132407e+02
2.025000e+02 1.140027e+02
2.030000e+02 1.151448e+02
2.035000e+02 1.152654e+02
2.040000e+02 1.129334e+02
2.045000e+02 1.104311e+02
2.050000e+02 1.084469e+02
2.055000e+02 1.069934e+02
2.060000e+02 1.060646e+02
2.065000e+02 1.051804e+02
2.070000e+02 1.044986e+02
2.075000e+02 1.040298e+02
2.080000e+02 1.035580e+02
2.085000e+02 1.041627e+02
2.090000e+02 1.030008e+02
2.095000e+02 1.025789e+02
2.100000e+02 1.023199e+02
2.105000e+02 1.023570e+02
2.110000e+02 1.021488e+02
2.115000e+02 1.017528e+02
2.120000e+02 1.016165e+02
2.125000e+02 1.015345e+02
2.130000e+02 1.014887e+02
2.135000e+02 1.014719e+02
2.140000e+02 1.014898e+02
2.145000e+02 1.016139e+02
2.150000e+02 1.046413e+02
2.155000e+02 1.016778e+02
2.160000e+02 1.017164e+02
2.165000e+02 1.017340e+02
2.170000e+02 1.018279e+02
2.175000e+02 1.019865e+02
2.180000e+02 1.020855e+02
2.185000e+02 1.022153e+02
2.190000e+02 1.023712e+02
2.195000e+02 1.025461e+02
2.200000e+02 1.027450e+02
2.205000e+02 1.029435e+02
2.210000e+02 1.031744e+02
2.215000e+02 1.034336e+02
2.220000e+02 1.037257e+02
2.225000e+02 1.040718e+02
2.230000e+02 1.044822e+02
2.235000e+02 1.049990e+02
2.240000e+02 1.056802e+02
2.245000e+02 1.066086e+02
2.250000e+02 1.078974e+02
2.255000e+02 1.094528e+02
2.260000e+02 1.117808e+02
2.265000e+02 1.096190e+02
2.270000e+02 1.085031e+02
2.275000e+02 1.078246e+02
2.280000e+02 1.074797e+02
2.285000e+02 1.073552e+02
2.290000e+02 1.073874e+02
2.295000e+02 1.079585e+02
2.300000e+02 1.077257e+02
2.305000e+02 1.080624e+02
2.310000e+02 1.087828e+02
2.315000e+02 1.093756e+02
2.320000e+02 1.088779e+02
2.325000e+02 1.092075e+02
2.330000e+02 1.097581e+02
2.335000e+02 1.108749e+02
2.340000e+02 1.141258e+02
2.345000e+02 1.112343e+02
2.350000e+02 1.109827e+02
2.355000e+02 1.123568e+02
2.360000e+02 1.120673e+02
2.365000e+02 1.117647e+02
2.370000e+02 1.143048e+02
2.375000e+02 1.128100e+02
2.380000e+02 1.127486e+02
2.385000e+02 1.135154e+02
2.390000e+02 1.178294e+02
2.395000e+02 1.150529e+02
2.400000e+02 1.156655e+02
2.405000e+02 1.164167e+02
2.410000e+02 1.175845e+02
2.415000e+02 1.188243e+02
2.420000e+02 1.194485e+02
2.425000e+02 1.198626e+02
2.430000e+02 1.180274e+02
2.435000e+02 1.250561e+02
2.440000e+02 1.176737e+02
2.445000e+02 1.172718e+02
2.450000e+02 1.172870e+02
2.455000e+02 1.174680e+02
2.460000e+02 1.177254e+02
2.465000e+02 1.182576e+02
2.470000e+02 1.183947e+02
2.475000e+02 1.189931e+02
2.480000e+02 1.207559e+02
2.485000e+02 1.201048e+02
2.490000e+02 1.200553e+02
2.495000e+02 1.211892e+02
2.500000e+02 1.305495e+02
2.505000e+02 1.215319e+02
2.510000e+02 1.219931e+02
2.515000e+02 1.222626e+02
2.520000e+02 1.224012e+02
2.525000e+02 1.228257e+02
2.530000e+02 1.233474e+02
2.535000e+02 1.240668e+02
2.540000e+02 1.249853e+02
2.545000e+02 1.261182e+02
2.550000e+02 1.270982e+02
2.555000e+02 1.270122e+02
2.560000e+02 1.265997e+02
2.565000e+02 1.264044e+02
2.570000e+02 1.264347e+02
2.575000e+02 1.266716e+02
2.580000e+02 1.272058e+02
2.585000e+02 1.283562e+02
2.590000e+02 1.281635e+02
2.595000e+02 1.278762e+02
2.600000e+02 1.281245e+02
2.605000e+02 1.284601e+02
2.610000e+02 1.288469e+02
2.615000e+02 1.292574e+02
2.620000e+02 1.297229e+02
2.625000e+02 1.303119e+02
2.630000e+02 1.312433e+02
2.635000e+02 1.325211e+02
2.640000e+02 1.326120e+02
2.645000e+02 1.328193e+02
2.650000e+02 1.343723e+02
2.655000e+02 1.347664e+02
2.660000e+02 1.358168e+02
2.665000e+02 1.360854e+02
2.670000e+02 1.362554e+02
2.675000e+02 1.361240e+02
2.680000e+02 1.354154e+02
2.685000e+02 1.354510e+02
2.690000e+02 1.356155e+02
2.695000e+02 1.358765e+02
2.700000e+02 1.361925e+02
2.705000e+02 1.365600e+02
2.710000e+02 1.369833e+02
2.715000e+02 1.373581e+02
2.720000e+02 1.378530e+02
2.725000e+02 1.384273e+02
2.730000e+02 1.440321e+02
2.735000e+02 1.393632e+02
2.740000e+02 1.396726e+02
2.745000e+02 1.453369e+02
2.750000e+02 1.404773e+02
2.755000e+02 1.409084e+02
2.760000e+02 1.416233e+02
2.765000e+02 1.423376e+02
2.770000e+02 1.432205e+02
2.775000e+02 1.425657e+02
2.780000e+02 1.429070e+02
2.785000e+02 1.434305e+02
2.790000e+02 1.437859e+02
2.795000e+02 1.469175e+02
2.800000e+02 1.448440e+02
2.805000e+02 1.450905e+02
2.810000e+02 1.458957e+02
2.815000e+02 1.461022e+02
2.820000e+02 1.465689e+02
2.825000e+02 1.471087e+02
2.830000e+02 1.478109e+02
2.835000e+02 1.480911e+02
2.840000e+02 1.485043e+02
2.845000e+02 1.489521e+02
2.850000e+02 1.494460e+02
2.855000e+02 1.501050e+02
2.860000e+02 1.538307e+02
2.865000e+02 1.517978e+02
2.870000e+02 1.514679e+02
2.875000e+02 1.518573e+02
2.880000e+02 1.523782e+02
2.885000e+02 1.531477e+02
2.890000e+02 1.617079e+02
2.895000e+02 1.540699e+02
2.900000e+02 1.544096e+02
2.905000e+02 1.548870e+02
2.910000e+02 1.560695e+02
2.915000e+02 1.559523e+02
2.920000e+02 1.564901e+02
2.925000e+02 1.571268e+02
2.930000e+02 1.584639e+02
2.935000e+02 1.593355e+02
2.940000e+02 1.588026e+02
2.945000e+02 1.593052e+02
2.950000e+02 1.598732e+02
2.955000e+02 1.604758e+02
2.960000e+02 1.610863e+02
2.965000e+02 1.617193e+02
2.970000e+02 1.624071e+02
2.975000e+02 1.631431e+02
2.980000e+02 1.640881e+02
2.985000e+02 1.662319e+02
2.990000e+02 1.653869e+02
2.995000e+02 1.660747e+02
3.000000e+02 1.665225e+02
3.005000e+02 1.675674e+02
3.010000e+02 1.684486e+02
3.015000e+02 1.703495e+02
3.020000e+02 1.713182e+02
3.025000e+02 1.705227e+02
3.030000e+02 1.721078e+02
3.035000e+02 1.721720e+02
3.040000e+02 1.727504e+02
3.045000e+02 1.737302e+02
3.050000e+02 1.747882e+02
3.055000e+02 1.754785e+02
3.060000e+02 1.763584e+02
3.065000e+02 1.773256e+02
3.070000e+02 1.783810e+02
3.075000e+02 1.795362e+02
3.080000e+02 1.807301e+02
3.085000e+02 1.820789e+02
3.090000e+02 1.835061e+02
3.095000e+02 1.851276e+02
3.100000e+02 1.874887e+02
3.105000e+02 1.886679e+02
3.110000e+02 1.900886e+02
3.115000e+02 1.915514e+02
3.120000e+02 1.932788e+02
3.125000e+02 1.953377e+02
3.130000e+02 1.977288e+02
3.135000e+02 2.003405e+02
3.140000e+02 2.027034e+02
3.145000e+02 2.047850e+02
3.150000e+02 2.072414e+02
3.155000e+02 2.102499e+02
3.160000e+02 2.143540e+02
3.165000e+02 2.177995e+02
3.170000e+02 2.213023e+02
3.175000e+02 2.255347e+02
3.180000e+02 2.301910e+02
3.185000e+02 2.353753e+02
3.190000e+02 2.410475e+02
3.195000e+02 2.471274e+02
3.200000e+02 2.553425e+02
3.205000e+02 2.588754e+02
3.210000e+02 2.627619e+02
3.215000e+02 2.650156e+02
3.220000e+02 2.668399e+02
3.225000e+02 2.681551e+02
3.230000e+02 2.688550e+02
3.235000e+02 2.691912e+02
3.240000e+02 2.693906e+02
3.245000e+02 2.695171e+02
3.250000e+02 2.695728e+02
3.255000e+02 2.695552e+02
3.260000e+02 2.694659e+02
3.265000e+02 2.693084e+02
3.270000e+02 2.690660e+02
3.275000e+02 2.686035e+02
3.280000e+02 2.675990e+02
3.285000e+02 2.657130e+02
3.290000e+02 2.628708e+02
3.295000e+02 2.592545e+02
3.300000e+02 2.551692e+02
3.305000e+02 2.509150e+02
3.310000e+02 2.467267e+02
3.315000e+02 2.427625e+02
3.320000e+02 2.391359e+02
3.325000e+02 2.361866e+02
3.330000e+02 2.334135e+02
3.335000e+02 2.303356e+02
3.340000e+02 2.281048e+02
3.345000e+02 2.262747e+02
3.350000e+02 2.248458e+02
3.355000e+02 2.235205e+02
3.360000e+02 2.220182e+02
3.365000e+02 2.206693e+02
3.370000e+02 2.195178e+02
3.375000e+02 2.185834e+02
3.380000e+02 2.178273e+02
3.385000e+02 2.172478e+02
3.390000e+02 2.168024e+02
3.395000e+02 2.164759e+02
3.400000e+02 2.162568e+02
3.405000e+02 2.161304e+02
3.410000e+02 2.160868e+02
3.415000e+02 2.161188e+02
3.420000e+02 2.162277e+02
3.425000e+02 2.164059e+02
3.430000e+02 2.167741e+02
3.435000e+02 2.176662e+02
3.440000e+02 2.172435e+02
3.445000e+02 2.176283e+02
3.450000e+02 2.182685e+02
3.455000e+02 2.185311e+02
3.460000e+02 2.189984e+02
3.465000e+02 2.194738e+02
3.470000e+02 2.200225e+02
3.475000e+02 2.206149e+02
3.480000e+02 2.212513e+02
3.485000e+02 2.219181e+02
3.490000e+02 2.226353e+02
3.495000e+02 2.233836e+02
3.500000e+02 2.241592e+02
3.505000e+02 2.249850e+02
3.510000e+02 2.259031e+02
3.515000e+02 2.270421e+02
3.520000e+02 2.280202e+02
3.525000e+02 2.295168e+02
3.530000e+02 2.297215e+02
3.535000e+02 2.303506e+02
3.540000e+02 2.312912e+02
3.545000e+02 2.323318e+02
3.550000e+02 2.353016e+02
3.555000e+02 2.344587e+02
3.560000e+02 2.355444e+02
3.565000e+02 2.366796e+02
3.570000e+02 2.378373e+02
3.575000e+02 2.394476e+02
3.580000e+02 2.404613e+02
3.585000e+02 2.417403e+02
3.590000e+02 2.435326e+02
3.595000e+02 2.442792e+02
3.600000e+02 2.453400e+02
3.605000e+02 2.465861e+02
3.610000e+02 2.479132e+02
3.615000e+02 2.493099e+02
3.620000e+02 2.506294e+02
3.625000e+02 2.519833e+02
3.630000e+02 2.533627e+02
3.635000e+02 2.552043e+02
3.640000e+02 2.561331e+02
3.645000e+02 2.585432e+02
3.650000e+02 2.587428e+02
3.655000e+02 2.600058e+02
3.660000e+02 2.612676e+02
3.665000e+02 2.625312e+02
3.670000e+02 2.637762e+02
3.675000e+02 2.650439e+02
3.680000e+02 2.664685e+02
3.685000e+02 2.677942e+02
3.690000e+02 2.673871e+02
3.695000e+02 2.674717e+02
3.700000e+02 2.677984e+02
3.705000e+02 2.681500e+02
3.710000e+02 2.684806e+02
3.715000e+02 2.687079e+02
3.720000e+02 2.689039e+02
3.725000e+02 2.690573e+02
3.730000e+02 2.691804e+02
3.735000e+02 2.692837e+02
3.740000e+02 2.693748e+02
3.745000e+02 2.694581e+02
3.750000e+02 2.695355e+02
3.755000e+02 2.696074e+02
3.760000e+02 2.696736e+02
3.765000e+02 2.697339e+02
3.770000e+02 2.697876e+02
3.775000e+02 2.698344e+02
3.780000e+02 2.698737e+02
3.785000e+02 2.699053e+02
3.790000e+02 2.699288e+02
3.795000e+02 2.699441e+02
3.800000e+02 2.699510e+02
3.805000e+02 2.699495e+02
3.810000e+02 2.699397e+02
3.815000e+02 2.699218e+02
3.820000e+02 2.698961e+02
3.825000e+02 2.698629e+02
3.830000e+02 2.698228e+02
3.835000e+02 2.697762e+02
3.840000e+02 2.697237e+02
3.845000e+02 2.696661e+02
3.850000e+02 2.696040e+02
3.855000e+02 2.695380e+02
3.860000e+02 2.694683e+02
3.865000e+02 2.693947e+02
3.870000e+02 2.693167e+02
3.875000e+02 2.692327e+02
3.880000e+02 2.691403e+02
3.885000e+02 2.690371e+02
3.890000e+02 2.689223e+02
3.895000e+02 2.687986e+02
3.900000e+02 2.686686e+02
3.905000e+02 2.685160e+02
3.910000e+02 2.682883e+02
3.915000e+02 2.679700e+02
3.920000e+02 2.675845e+02
3.925000e+02 2.671743e+02
3.930000e+02 2.666915e+02
3.935000e+02 2.661911e+02
3.940000e+02 2.656765e+02
3.945000e+02 2.651482e+02
3.950000e+02 2.646337e+02
3.955000e+02 2.640702e+02
3.960000e+02 2.635314e+02
3.965000e+02 2.632276e+02
3.970000e+02 2.625981e+02
3.975000e+02 2.619499e+02
3.980000e+02 2.614461e+02
3.985000e+02 2.609631e+02
3.990000e+02 2.605042e+02
3.995000e+02 2.600803e+02
4.000000e+02 2.599102e+02
10.000000 0
1.000000e+01 3.923854e+00
1.050000e+01 3.980367e+00
1.100000e+01 4.035980e+00
1.150000e+01 4.085770e+00
1.200000e+01 4.148261e+00
1.250000e+01 4.218657e+00
1.300000e+01 4.298419e+00
1.350000e+01 4.389211e+00
1.400000e+01 4.491866e+00
1.450000e+01 4.610083e+00
1.500000e+01 4.749348e+00
1.550000e+01 4.910016e+00
1.600000e+01 5.105982e+00
1.650000e+01 5.342962e+00
1.700000e+01 5.639011e+00
1.750000e+01 6.017177e+00
1.800000e+01 6.513103e+00
1.850000e+01 7.183481e+00
1.900000e+01 8.120538e+00
1.950000e+01 9.477680e+00
2.000000e+01 1.151220e+01
2.050000e+01 1.464140e+01
2.100000e+01 1.946171e+01
2.150000e+01 2.639328e+01
2.200000e+01 3.380132e+01
2.250000e+01 3.464645e+01
2.300000e+01 2.878462e+01
2.350000e+01 2.271508e+01
2.400000e+01 1.822784e+01
2.450000e+01 1.517825e+01
2.500000e+01 1.314271e+01
2.550000e+01 1.177019e+01
2.600000e+01 1.081312e+01
2.650000e+01 1.015133e+01
2.700000e+01 9.683512e+00
2.750000e+01 9.348466e+00
2.800000e+01 9.112202e+00
2.850000e+01 8.953988e+00
2.900000e+01 8.881224e+00
2.950000e+01 8.805178e+00
3.000000e+01 8.841820e+00
3.050000e+01 8.836589e+00
3.100000e+01 8.850055e+00
3.150000e+01 8.915020e+00
3.200000e+01 9.001039e+00
3.250000e+01 9.105285e+00
3.300000e+01 9.226613e+00
3.350000e+01 9.363974e+00
3.400000e+01 9.516446e+00
3.450000e+01 9.684083e+00
3.500000e+01 9.867107e+00
3.550000e+01 1.006512e+01
3.600000e+01 1.034318e+01
3.650000e+01 1.050675e+01
3.700000e+01 1.075119e+01
3.750000e+01 1.101807e+01
3.800000e+01 1.131027e+01
3.850000e+01 1.159418e+01
3.900000e+01 1.191459e+01
3.950000e+01 1.226230e+01
4.000000e+01 1.262641e+01
4.050000e+01 1.302241e+01
4.100000e+01 1.344863e+01
4.150000e+01 1.390820e+01
4.200000e+01 1.440533e+01
4.250000e+01 1.494640e+01
4.300000e+01 1.553886e+01
4.350000e+01 1.618345e+01
4.400000e+01 1.686631e+01
4.450000e+01 1.762611e+01
4.500000e+01 1.847371e+01
4.550000e+01 1.940116e+01
4.600000e+01 2.044080e+01
4.650000e+01 2.160572e+01
4.700000e+01 2.292008e+01
4.750000e+01 2.441429e+01
4.800000e+01 2.612859e+01
4.850000e+01 2.811733e+01
4.900000e+01 3.045380e+01
4.950000e+01 3.323812e+01
5.000000e+01 3.662050e+01
5.050000e+01 4.064042e+01
5.100000e+01 4.590915e+01
5.150000e+01 5.387570e+01
5.200000e+01 6.423338e+01
5.250000e+01 8.039027e+01
5.300000e+01 1.048665e+02
5.350000e+01 1.390534e+02
5.400000e+01 1.801097e+02
5.450000e+01 2.192041e+02
5.500000e+01 2.460671e+02
5.550000e+01 2.589994e+02
5.600000e+01 2.636497e+02
5.650000e+01 2.653103e+02
5.700000e+01 2.661719e+02
5.750000e+01 2.667308e+02
5.800000e+01 2.671406e+02
5.850000e+01 2.674098e+02
5.900000e+01 2.674594e+02
5.950000e+01 2.675428e+02
6.000000e+01 2.676960e+02
6.050000e+01 2.678027e+02
6.100000e+01 2.677133e+02
6.150000e+01 2.676193e+02
6.200000e+01 2.675136e+02
6.250000e+01 2.672437e+02
6.300000e+01 2.664156e+02
6.350000e+01 2.648294e+02
6.400000e+01 2.616068e+02
6.450000e+01 2.522419e+02
6.500000e+01 2.295053e+02
6.550000e+01 1.938542e+02
6.600000e+01 1.547928e+02
6.650000e+01 1.210744e+02
6.700000e+01 9.600381e+01
6.750000e+01 7.882862e+01
6.800000e+01 6.704718e+01
6.850000e+01 5.895703e+01
6.900000e+01 5.307987e+01
6.950000e+01 4.865435e+01
7.000000e+01 4.514910e+01
7.050000e+01 4.230476e+01
7.100000e+01 3.994597e+01
7.150000e+01 3.796671e+01
7.200000e+01 3.627909e+01
7.250000e+01 3.484291e+01
7.300000e+01 3.360042e+01
7.350000e+01 3.253154e+01
7.400000e+01 3.160872e+01
7.450000e+01 3.080888e+01
7.500000e+01 3.012650e+01
7.550000e+01 2.954424e+01
7.600000e+01 2.901751e+01
7.650000e+01 2.920170e+01
7.700000e+01 2.818696e+01
7.750000e+01 2.793901e+01
7.800000e+01 2.762734e+01
7.850000e+01 2.746566e+01
7.900000e+01 2.747204e+01
7.950000e+01 2.746629e+01
8.000000e+01 2.764069e+01
8.050000e+01 2.778229e+01
8.100000e+01 2.752647e+01
8.150000e+01 2.710116e+01
8.200000e+01 2.674586e+01
8.250000e+01 2.649338e+01
8.300000e+01 2.632448e+01
8.350000e+01 2.621672e+01
8.400000e+01 2.615361e+01
8.450000e+01 2.612440e+01
8.500000e+01 2.612344e+01
8.550000e+01 2.614673e+01
8.600000e+01 2.619339e+01
8.650000e+01 2.626575e+01
8.700000e+01 2.636691e+01
8.750000e+01 2.649618e+01
8.800000e+01 2.661559e+01
8.850000e+01 2.666909e+01
8.900000e+01 2.671594e+01
8.950000e+01 2.678882e+01
9.000000e+01 2.688941e+01
9.050000e+01 2.699849e+01
9.100000e+01 2.712777e+01
9.150000e+01 2.726163e+01
9.200000e+01 2.740890e+01
9.250000e+01 2.756583e+01
9.300000e+01 2.773534e+01
9.350000e+01 2.794491e+01
9.400000e+01 2.864026e+01
9.450000e+01 2.829218e+01
9.500000e+01 2.846920e+01
9.550000e+01 2.869051e+01
9.600000e+01 2.904309e+01
9.650000e+01 2.919883e+01
9.700000e+01 2.930506e+01
9.750000e+01 2.950634e+01
9.800000e+01 2.973099e+01
9.850000e+01 2.995811e+01
9.900000e+01 3.020699e+01
9.950000e+01 3.046838e+01
1.000000e+02 3.075205e+01
1.005000e+02 3.119547e+01
1.010000e+02 3.133326e+01
1.015000e+02 3.182470e+01
1.020000e+02 3.208958e+01
1.025000e+02 3.217302e+01
1.030000e+02 3.246849e+01
1.035000e+02 3.283440e+01
1.040000e+02 3.331084e+01
1.045000e+02 3.350199e+01
1.050000e+02 3.387138e+01
1.055000e+02 3.427149e+01
1.060000e+02 3.469756e+01
1.065000e+02 3.515225e+01
1.070000e+02 3.563871e+01
1.075000e+02 3.616353e+01
1.080000e+02 3.673963e+01
1.085000e+02 3.735374e+01
1.090000e+02 3.804815e+01
1.095000e+02 3.923582e+01
1.100000e+02 3.968507e+01
1.105000e+02 4.079603e+01
1.110000e+02 4.232706e+01
1.115000e+02 4.297975e+01
1.120000e+02 4.441508e+01
1.125000e+02 4.617817e+01
1.130000e+02 4.834167e+01
1.135000e+02 5.103112e+01
1.140000e+02 5.447533e+01
1.145000e+02 5.896398e+01
1.150000e+02 6.563199e+01
1.155000e+02 7.346637e+01
1.160000e+02 8.568646e+01
1.165000e+02 1.040942e+02
1.170000e+02 1.325663e+02
1.175000e+02 1.755752e+02
1.180000e+02 2.278604e+02
1.185000e+02 2.551652e+02
1.190000e+02 2.551419e+02
1.195000e+02 2.275171e+02
1.200000e+02 1.751280e+02
1.205000e+02 1.327280e+02
1.210000e+02 1.050245e+02
1.215000e+02 8.720255e+01
1.220000e+02 7.552032e+01
1.225000e+02 6.765898e+01
1.230000e+02 6.224506e+01
1.235000e+02 5.850240e+01
1.240000e+02 5.744741e+01
1.245000e+02 5.371631e+01
1.250000e+02 5.217445e+01
1.255000e+02 5.207191e+01
1.260000e+02 5.005170e+01
1.265000e+02 4.929390e+01
1.270000e+02 4.876242e+01
1.275000e+02 4.840643e+01
1.280000e+02 4.823043e+01
1.285000e+02 4.807375e+01
1.290000e+02 4.788203e+01
1.295000e+02 4.784221e+01
1.300000e+02 4.785382e+01
1.305000e+02 4.791406e+01
1.310000e+02 4.808554e+01
1.315000e+02 4.813879e+01
1.320000e+02 4.829555e+01
1.325000e+02 4.849423e+01
1.330000e+02 4.868568e+01
1.335000e+02 4.889683e+01
1.340000e+02 4.915644e+01
1.345000e+02 4.943282e+01
1.350000e+02 4.968811e+01
1.355000e+02 4.998580e+01
1.360000e+02 5.031670e+01
1.365000e+02 5.071085e+01
1.370000e+02 5.124887e+01
1.375000e+02 5.155686e+01
1.380000e+02 5.207644e+01
1.385000e+02 5.256304e+01
1.390000e+02 5.281014e+01
1.395000e+02 5.297837e+01
1.400000e+02 5.325343e+01
1.405000e+02 5.352626e+01
1.410000e+02 5.392047e+01
1.415000e+02 5.443455e+01
1.420000e+02 5.590375e+01
1.425000e+02 5.589250e+01
1.430000e+02 5.633146e+01
1.435000e+02 5.708469e+01
1.440000e+02 5.746769e+01
1.445000e+02 5.753145e+01
1.450000e+02 5.846903e+01
1.455000e+02 5.769902e+01
1.460000e+02 5.793397e+01
1.465000e+02 5.825383e+01
1.470000e+02 5.863476e+01
1.475000e+02 5.905608e+01
1.480000e+02 5.951672e+01
1.485000e+02 6.009502e+01
1.490000e+02 6.058993e+01
1.495000e+02 6.103218e+01
1.500000e+02 6.161529e+01
1.505000e+02 6.231303e+01
1.510000e+02 6.292851e+01
1.515000e+02 6.344404e+01
1.520000e+02 6.394121e+01
1.525000e+02 6.440336e+01
1.530000e+02 6.492715e+01
1.535000e+02 6.553479e+01
1.540000e+02 6.737018e+01
1.545000e+02 6.676259e+01
1.550000e+02 6.737860e+01
1.555000e+02 6.805642e+01
1.560000e+02 6.880554e+01
1.565000e+02 6.952761e+01
1.570000e+02 7.026554e+01
1.575000e+02 7.105561e+01
1.580000e+02 7.187814e+01
1.585000e+02 7.275322e+01
1.590000e+02 7.362954e+01
1.595000e+02 7.456624e+01
1.600000e+02 7.553884e+01
1.605000e+02 7.655075e+01
1.610000e+02 7.760285e+01
1.615000e+02 7.870530e+01
1.620000e+02 7.986700e+01
1.625000e+02 8.109111e+01
1.630000e+02 8.238349e+01
1.635000e+02 8.375119e+01
1.640000e+02 8.520923e+01
1.645000e+02 8.681913e+01
1.650000e+02 9.005757e+01
1.655000e+02 9.061459e+01
1.660000e+02 9.267496e+01
1.665000e+02 9.391645e+01
1.670000e+02 9.592933e+01
1.675000e+02 9.841308e+01
1.680000e+02 1.005445e+02
1.685000e+02 1.031131e+02
1.690000e+02 1.059684e+02
1.695000e+02 1.089250e+02
1.700000e+02 1.122102e+02
1.705000e+02 1.157488e+02
1.710000e+02 1.196303e+02
1.715000e+02 1.238890e+02
1.720000e+02 1.284946e+02
1.725000e+02 1.335720e+02
1.730000e+02 1.391506e+02
1.735000e+02 1.457195e+02
1.740000e+02 1.519879e+02
1.745000e+02 1.593686e+02
1.750000e+02 1.675124e+02
1.755000e+02 1.767023e+02
1.760000e+02 1.859237e+02
1.765000e+02 1.960710e+02
1.770000e+02 2.069071e+02
1.775000e+02 2.181724e+02
1.780000e+02 2.295132e+02
1.785000e+02 2.404194e+02
1.790000e+02 2.502213e+02
1.795000e+02 2.582064e+02
1.800000e+02 2.638362e+02
1.805000e+02 2.670551e+02
1.810000e+02 2.684870e+02
1.815000e+02 2.690312e+02
1.820000e+02 2.692887e+02
1.825000e+02 2.694432e+02
1.830000e+02 2.695215e+02
1.835000e+02 2.695268e+02
1.840000e+02 2.694603e+02
1.845000e+02 2.693222e+02
1.850000e+02 2.690989e+02
1.855000e+02 2.686801e+02
1.860000e+02 2.676604e+02
1.865000e+02 2.653465e+02
1.870000e+02 2.611728e+02
1.875000e+02 2.550431e+02
1.880000e+02 2.472975e+02
1.885000e+02 2.384745e+02
1.890000e+02 2.291255e+02
1.895000e+02 2.196909e+02
1.900000e+02 2.104973e+02
1.905000e+02 2.017597e+02
1.910000e+02 1.935763e+02
1.915000e+02 1.860320e+02
1.920000e+02 1.791447e+02
1.925000e+02 1.729190e+02
1.930000e+02 1.673743e+02
1.935000e+02 1.625242e+02
1.940000e+02 1.578226e+02
1.945000e+02 1.533841e+02
1.950000e+02 1.494046e+02
1.955000e+02 1.484240e+02
1.960000e+02 1.423348e+02
1.965000e+02 1.391785e+02
1.970000e+02 1.364750e+02
1.975000e+02 1.340849e+02
1.980000e+02 1.319674e+02
1.985000e+02 1.300435e+02
1.990000e+02 1.283966e+02
1.995000e+02 1.270679e+02
2.000000e+02 1.257622e+02
2.005000e+02 1.248883e+02
2.010000e+02 1.246982e+02
2.015000e+02 1.239251e+02
2.020000e+02 1.240345e+02
2.025000e+02 1.248220e+02
2.030000e+02 1.259958e+02
2.035000e+02 1.261125e+02
2.040000e+02 1.237293e+02
2.045000e+02 1.211589e+02
2.050000e+02 1.191155e+02
2.055000e+02 1.176149e+02
2.060000e+02 1.166417e+02
2.065000e+02 1.157384e+02
2.070000e+02 1.150437e+02
2.075000e+02 1.145569e+02
2.080000e+02 1.140704e+02
2.085000e+02 1.145990e+02
2.090000e+02 1.134854e+02
2.095000e+02 1.130711e+02
2.100000e+02 1.128157e+02
2.105000e+02 1.128386e+02
2.110000e+02 1.126311e+02
2.115000e+02 1.122521e+02
2.120000e+02 1.121208e+02
2.125000e+02 1.120441e+02
2.130000e+02 1.120044e+02
2.135000e+02 1.119946e+02
2.140000e+02 1.120196e+02
2.145000e+02 1.121462e+02
2.150000e+02 1.149897e+02
2.155000e+02 1.122328e+02
2.160000e+02 1.122851e+02
2.165000e+02 1.123194e+02
2.170000e+02 1.124266e+02
2.175000e+02 1.125960e+02
2.180000e+02 1.127110e+02
2.185000e+02 1.128565e+02
2.190000e+02 1.130279e+02
2.195000e+02 1.132186e+02
2.200000e+02 1.134336e+02
2.205000e+02 1.136501e+02
2.210000e+02 1.138991e+02
2.215000e+02 1.141773e+02
2.220000e+02 1.144898e+02
2.225000e+02 1.148574e+02
2.230000e+02 1.152919e+02
2.235000e+02 1.158357e+02
2.240000e+02 1.165482e+02
2.245000e+02 1.175136e+02
2.250000e+02 1.188434e+02
2.255000e+02 1.204386e+02
2.260000e+02 1.226825e+02
2.265000e+02 1.206174e+02
2.270000e+02 1.195047e+02
2.275000e+02 1.188252e+02
2.280000e+02 1.184831e+02
2.285000e+02 1.183653e+02
2.290000e+02 1.184062e+02
2.295000e+02 1.189567e+02
2.300000e+02 1.187658e+02
2.305000e+02 1.191084e+02
2.310000e+02 1.198107e+02
2.315000e+02 1.203972e+02
2.320000e+02 1.199731e+02
2.325000e+02 1.203186e+02
2.330000e+02 1.208675e+02
2.335000e+02 1.219410e+02
2.340000e+02 1.249953e+02
2.345000e+02 1.223530e+02
2.350000e+02 1.221614e+02
2.355000e+02 1.234783e+02
2.360000e+02 1.232543e+02
2.365000e+02 1.230202e+02
2.370000e+02 1.254206e+02
2.375000e+02 1.240871e+02
2.380000e+02 1.240845e+02
2.385000e+02 1.248532e+02
2.390000e+02 1.289082e+02
2.395000e+02 1.264190e+02
2.400000e+02 1.270797e+02
2.405000e+02 1.278917e+02
2.410000e+02 1.291111e+02
2.415000e+02 1.303822e+02
2.420000e+02 1.309751e+02
2.425000e+02 1.313031e+02
2.430000e+02 1.295668e+02
2.435000e+02 1.360232e+02
2.440000e+02 1.292230e+02
2.445000e+02 1.288692e+02
2.450000e+02 1.289093e+02
2.455000e+02 1.291084e+02
2.460000e+02 1.293820e+02
2.465000e+02 1.299115e+02
2.470000e+02 1.300794e+02
2.475000e+02 1.306733e+02
2.480000e+02 1.323388e+02
2.485000e+02 1.317856e+02
2.490000e+02 1.317870e+02
2.495000e+02 1.328766e+02
2.500000e+02 1.415206e+02
2.505000e+02 1.332910e+02
2.510000e+02 1.337668e+02
2.515000e+02 1.340692e+02
2.520000e+02 1.342550e+02
2.525000e+02 1.347087e+02
2.530000e+02 1.352605e+02
2.535000e+02 1.360065e+02
2.540000e+02 1.369516e+02
2.545000e+02 1.381108e+02
2.550000e+02 1.391137e+02
2.555000e+02 1.390402e+02
2.560000e+02 1.386347e+02
2.565000e+02 1.384466e+02
2.570000e+02 1.384873e+02
2.575000e+02 1.387336e+02
2.580000e+02 1.392617e+02
2.585000e+02 1.403495e+02
2.590000e+02 1.402093e+02
2.595000e+02 1.399873e+02
2.600000e+02 1.402582e+02
2.605000e+02 1.406113e+02
2.610000e+02 1.410135e+02
2.615000e+02 1.414396e+02
2.620000e+02 1.419181e+02
2.625000e+02 1.425118e+02
2.630000e+02 1.434205e+02
2.635000e+02 1.446486e+02
2.640000e+02 1.448061e+02
2.645000e+02 1.450811e+02
2.650000e+02 1.465932e+02
2.655000e+02 1.470716e+02
2.660000e+02 1.481376e+02
2.665000e+02 1.484133e+02
2.670000e+02 1.485454e+02
2.675000e+02 1.484122e+02
2.680000e+02 1.477751e+02
2.685000e+02 1.478268e+02
2.690000e+02 1.480056e+02
2.695000e+02 1.482788e+02
2.700000e+02 1.486064e+02
2.705000e+02 1.489839e+02
2.710000e+02 1.494142e+02
2.715000e+02 1.498031e+02
2.720000e+02 1.503030e+02
2.725000e+02 1.508767e+02
2.730000e+02 1.559819e+02
2.735000e+02 1.518207e+02
2.740000e+02 1.521464e+02
2.745000e+02 1.572946e+02
2.750000e+02 1.529711e+02
2.755000e+02 1.534109e+02
2.760000e+02 1.541065e+02
2.765000e+02 1.548016e+02
2.770000e+02 1.556481e+02
2.775000e+02 1.551140e+02
2.780000e+02 1.554749e+02
2.785000e+02 1.559994e+02
2.790000e+02 1.563733e+02
2.795000e+02 1.592345e+02
2.800000e+02 1.574329e+02
2.805000e+02 1.577100e+02
2.810000e+02 1.584876e+02
2.815000e+02 1.587306e+02
2.820000e+02 1.592077e+02
2.825000e+02 1.597521e+02
2.830000e+02 1.604425e+02
2.835000e+02 1.607510e+02
2.840000e+02 1.611710e+02
2.845000e+02 1.616223e+02
2.850000e+02 1.621169e+02
2.855000e+02 1.627600e+02
2.860000e+02 1.661315e+02
2.865000e+02 1.643799e+02
2.870000e+02 1.641449e+02
2.875000e+02 1.645500e+02
2.880000e+02 1.650722e+02
2.885000e+02 1.658152e+02
2.890000e+02 1.734654e+02
2.895000e+02 1.667546e+02
2.900000e+02 1.671171e+02
2.905000e+02 1.676019e+02
2.910000e+02 1.687107e+02
2.915000e+02 1.686703e+02
2.920000e+02 1.692094e+02
2.925000e+02 1.698362e+02
2.930000e+02 1.710812e+02
2.935000e+02 1.719151e+02
2.940000e+02 1.715112e+02
2.945000e+02 1.720204e+02
2.950000e+02 1.725877e+02
2.955000e+02 1.731860e+02
2.960000e+02 1.737918e+02
2.965000e+02 1.744180e+02
2.970000e+02 1.750928e+02
2.975000e+02 1.758104e+02
2.980000e+02 1.767112e+02
2.985000e+02 1.786612e+02
2.990000e+02 1.779969e+02
2.995000e+02 1.786745e+02
3.000000e+02 1.791437e+02
3.005000e+02 1.801350e+02
3.010000e+02 1.809844e+02
3.015000e+02 1.827221e+02
3.020000e+02 1.836488e+02
3.025000e+02 1.830448e+02
3.030000e+02 1.845110e+02
3.035000e+02 1.846606e+02
3.040000e+02 1.852602e+02
3.045000e+02 1.862116e+02
3.050000e+02 1.872310e+02
3.055000e+02 1.879265e+02
3.060000e+02 1.887864e+02
3.065000e+02 1.897268e+02
3.070000e+02 1.907489e+02
3.075000e+02 1.918626e+02
3.080000e+02 1.930159e+02
3.085000e+02 1.943096e+02
3.090000e+02 1.956801e+02
3.095000e+02 1.972281e+02
3.100000e+02 1.994149e+02
3.105000e+02 2.005951e+02
3.110000e+02 2.019502e+02
3.115000e+02 2.033401e+02
3.120000e+02 2.049737e+02
3.125000e+02 2.069108e+02
3.130000e+02 2.091497e+02
3.135000e+02 2.115835e+02
3.140000e+02 2.137773e+02
3.145000e+02 2.157128e+02
3.150000e+02 2.179780e+02
3.155000e+02 2.207231e+02
3.160000e+02 2.243786e+02
3.165000e+02 2.275149e+02
3.170000e+02 2.307081e+02
3.175000e+02 2.344721e+02
3.180000e+02 2.385568e+02
3.185000e+02 2.430325e+02
3.190000e+02 2.478361e+02
3.195000e+02 2.528575e+02
3.200000e+02 2.592086e+02
3.205000e+02 2.620709e+02
3.210000e+02 2.649137e+02
3.215000e+02 2.664977e+02
3.220000e+02 2.677232e+02
3.225000e+02 2.685717e+02
3.230000e+02 2.690303e+02
3.235000e+02 2.692833e+02
3.240000e+02 2.694536e+02
3.245000e+02 2.695651e+02
3.250000e+02 2.696145e+02
3.255000e+02 2.695989e+02
3.260000e+02 2.695199e+02
3.265000e+02 2.693822e+02
3.270000e+02 2.691834e+02
3.275000e+02 2.688606e+02
3.280000e+02 2.682159e+02
3.285000e+02 2.669783e+02
3.290000e+02 2.650115e+02
3.295000e+02 2.623793e+02
3.300000e+02 2.592795e+02
3.305000e+02 2.559428e+02
3.310000e+02 2.525705e+02
3.315000e+02 2.493113e+02
3.320000e+02 2.462776e+02
3.325000e+02 2.437484e+02
3.330000e+02 2.413632e+02
3.335000e+02 2.387570e+02
3.340000e+02 2.368216e+02
3.345000e+02 2.352230e+02
3.350000e+02 2.339634e+02
3.355000e+02 2.327942e+02
3.360000e+02 2.314755e+02
3.365000e+02 2.302843e+02
3.370000e+02 2.292640e+02
3.375000e+02 2.284336e+02
3.380000e+02 2.277622e+02
3.385000e+02 2.272466e+02
3.390000e+02 2.268511e+02
3.395000e+02 2.265621e+02
3.400000e+02 2.263689e+02
3.405000e+02 2.262590e+02
3.410000e+02 2.262235e+02
3.415000e+02 2.262557e+02
3.420000e+02 2.263561e+02
3.425000e+02 2.265181e+02
3.430000e+02 2.268374e+02
3.435000e+02 2.275797e+02
3.440000e+02 2.272774e+02
3.445000e+02 2.276239e+02
3.450000e+02 2.281775e+02
3.455000e+02 2.284342e+02
3.460000e+02 2.288571e+02
3.465000e+02 2.292896e+02
3.470000e+02 2.297830e+02
3.475000e+02 2.303137e+02
3.480000e+02 2.308817e+02
3.485000e+02 2.314758e+02
3.490000e+02 2.321116e+02
3.495000e+02 2.327736e+02
3.500000e+02 2.334586e+02
3.505000e+02 2.341843e+02
3.510000e+02 2.349832e+02
3.515000e+02 2.359544e+02
3.520000e+02 2.368006e+02
3.525000e+02 2.380478e+02
3.530000e+02 2.382974e+02
3.535000e+02 2.388767e+02
3.540000e+02 2.396965e+02
3.545000e+02 2.405929e+02
3.550000e+02 2.429556e+02
3.555000e+02 2.424193e+02
3.560000e+02 2.433481e+02
3.565000e+02 2.443129e+02
3.570000e+02 2.452930e+02
3.575000e+02 2.466077e+02
3.580000e+02 2.474756e+02
3.585000e+02 2.485375e+02
3.590000e+02 2.499713e+02
3.595000e+02 2.506360e+02
3.600000e+02 2.515282e+02
3.605000e+02 2.525505e+02
3.610000e+02 2.536253e+02
3.615000e+02 2.547425e+02
3.620000e+02 2.557973e+02
3.625000e+02 2.568677e+02
3.630000e+02 2.579458e+02
3.635000e+02 2.593257e+02
3.640000e+02 2.600742e+02
3.645000e+02 2.617938e+02
3.650000e+02 2.620397e+02
3.655000e+02 2.629713e+02
3.660000e+02 2.638841e+02
3.665000e+02 2.647776e+02
3.670000e+02 2.656367e+02
3.675000e+02 2.664837e+02
3.680000e+02 2.673907e+02
3.685000e+02 2.681985e+02
3.690000e+02 2.680269e+02
3.695000e+02 2.681300e+02
3.700000e+02 2.683567e+02
3.705000e+02 2.685868e+02
3.710000e+02 2.687953e+02
3.715000e+02 2.689483e+02
3.720000e+02 2.690805e+02
3.725000e+02 2.691899e+02
3.730000e+02 2.692839e+02
3.735000e+02 2.693679e+02
3.740000e+02 2.694454e+02
3.745000e+02 2.695180e+02
3.750000e+02 2.695862e+02
3.755000e+02 2.696499e+02
3.760000e+02 2.697087e+02
3.765000e+02 2.697623e+02
3.770000e+02 2.698101e+02
3.775000e+02 2.698517e+02
3.780000e+02 2.698868e+02
3.785000e+02 2.699149e+02
3.790000e+02 2.699358e+02
3.795000e+02 2.699494e+02
3.800000e+02 2.699556e+02
3.805000e+02 2.699543e+02
3.810000e+02 2.699455e+02
3.815000e+02 2.699296e+02
3.820000e+02 2.699067e+02
3.825000e+02 2.698771e+02
3.830000e+02 2.698414e+02
3.835000e+02 2.697999e+02
3.840000e+02 2.697533e+02
3.845000e+02 2.697021e+02
3.850000e+02 2.696470e+02
3.855000e+02 2.695885e+02
3.860000e+02 2.695270e+02
3.865000e+02 2.694628e+02
3.870000e+02 2.693958e+02
3.875000e+02 2.693261e+02
3.880000e+02 2.692530e+02
3.885000e+02 2.691757e+02
3.890000e+02 2.690939e+02
3.895000e+02 2.690089e+02
3.900000e+02 2.689209e+02
3.905000e+02 2.688195e+02
3.910000e+02 2.686753e+02
3.915000e+02 2.684771e+02
3.920000e+02 2.682356e+02
3.925000e+02 2.679728e+02
3.930000e+02 2.676648e+02
3.935000e+02 2.673397e+02
3.940000e+02 2.670002e+02
3.945000e+02 2.666471e+02
3.950000e+02 2.662969e+02
3.955000e+02 2.659140e+02
3.960000e+02 2.655415e+02
3.965000e+02 2.653073e+02
3.970000e+02 2.648759e+02
3.975000e+02 2.644298e+02
3.980000e+02 2.640703e+02
3.985000e+02 2.637231e+02
3.990000e+02 2.633907e+02
3.995000e+02 2.630807e+02
4.000000e+02 2.629329e+02
