+0.5 10 0
1.000000e+01 8.579384e-01 2.109140e+01
1.040000e+01 8.476587e-01 2.242722e+01
1.080000e+01 8.371481e-01 2.379400e+01
1.120000e+01 8.263475e-01 2.519779e+01
1.160000e+01 8.154074e-01 2.662227e+01
1.200000e+01 8.041809e-01 2.808290e+01
1.240000e+01 7.927278e-01 2.957306e+01
1.280000e+01 7.810638e-01 3.109083e+01
1.320000e+01 7.692021e-01 3.263455e+01
1.360000e+01 7.571556e-01 3.420256e+01
1.400000e+01 7.449369e-01 3.579324e+01
1.440000e+01 7.325576e-01 3.740511e+01
1.480000e+01 7.200172e-01 3.903798e+01
1.520000e+01 7.073640e-01 4.068641e+01
1.560000e+01 6.945717e-01 4.235304e+01
1.600000e+01 6.816565e-01 4.403594e+01
1.640000e+01 6.686319e-01 4.573348e+01
1.680000e+01 6.555000e-01 4.744534e+01
1.720000e+01 6.422620e-01 4.917135e+01
1.760000e+01 6.289177e-01 5.091150e+01
1.800000e+01 6.154623e-01 5.266645e+01
1.840000e+01 6.018847e-01 5.443755e+01
1.880000e+01 5.881676e-01 5.622702e+01
1.920000e+01 5.742860e-01 5.803800e+01
1.960000e+01 5.602078e-01 5.987447e+01
2.000000e+01 5.458989e-01 6.174062e+01
2.040000e+01 5.313350e-01 6.363922e+01
2.080000e+01 5.165294e-01 6.556806e+01
2.120000e+01 5.015732e-01 6.751438e+01
2.160000e+01 4.867319e-01 6.944331e+01
2.200000e+01 4.725457e-01 7.128748e+01
2.240000e+01 4.597740e-01 7.295813e+01
2.280000e+01 4.485503e-01 7.443987e+01
2.320000e+01 4.381754e-01 7.581274e+01
2.360000e+01 4.280768e-01 7.714707e+01
2.400000e+01 4.179571e-01 7.848150e+01
2.440000e+01 4.077510e-01 7.982646e+01
2.480000e+01 3.973789e-01 8.119137e+01
2.520000e+01 3.868935e-01 8.257039e+01
2.560000e+01 3.763053e-01 8.396175e+01
2.600000e+01 3.658062e-01 8.534380e+01
2.640000e+01 3.552854e-01 8.672780e+01
2.680000e+01 3.448211e-01 8.810456e+01
2.720000e+01 3.344446e-01 8.947015e+01
2.760000e+01 3.241772e-01 9.082184e+01
2.800000e+01 3.140393e-01 9.215701e+01
2.840000e+01 3.040416e-01 9.347423e+01
2.880000e+01 2.941914e-01 9.477244e+01
2.920000e+01 2.845105e-01 9.604908e+01
2.960000e+01 2.749926e-01 9.730461e+01
3.000000e+01 2.655165e-01 9.855203e+01
3.040000e+01 2.564724e-01 9.974901e+01
3.080000e+01 2.475433e-01 1.009299e+02
3.120000e+01 2.387744e-01 1.020895e+02
3.160000e+01 2.301907e-01 1.032251e+02
3.200000e+01 2.217990e-01 1.043359e+02
3.240000e+01 2.136015e-01 1.054216e+02
3.280000e+01 2.055990e-01 1.064821e+02
3.320000e+01 1.977937e-01 1.075171e+02
3.360000e+01 1.901836e-01 1.085269e+02
3.400000e+01 1.827700e-01 1.095113e+02
3.440000e+01 1.755512e-01 1.104704e+02
3.480000e+01 1.685266e-01 1.114044e+02
3.520000e+01 1.616946e-01 1.123134e+02
3.560000e+01 1.550535e-01 1.131976e+02
3.600000e+01 1.485630e-01 1.140615e+02
3.640000e+01 1.423411e-01 1.148921e+02
3.680000e+01 1.362659e-01 1.157028e+02
3.720000e+01 1.303714e-01 1.164900e+02
3.760000e+01 1.246465e-01 1.172548e+02
3.800000e+01 1.191049e-01 1.179959e+02
3.840000e+01 1.137672e-01 1.187112e+02
3.880000e+01 1.085835e-01 1.194059e+02
3.920000e+01 1.035674e-01 1.200787e+02
3.960000e+01 9.871670e-02 1.207299e+02
4.000000e+01 9.402868e-02 1.213598e+02
4.040000e+01 8.949961e-02 1.219690e+02
4.080000e+01 8.512606e-02 1.225578e+02
4.120000e+01 8.090448e-02 1.231267e+02
4.160000e+01 7.683094e-02 1.236761e+02
4.200000e+01 7.290124e-02 1.242067e+02
4.240000e+01 6.910906e-02 1.247192e+02
4.280000e+01 6.538900e-02 1.252208e+02
4.320000e+01 6.193550e-02 1.256902e+02
4.360000e+01 5.849923e-02 1.261549e+02
4.400000e+01 5.528788e-02 1.265924e+02
4.440000e+01 5.215051e-02 1.270190e+02
4.480000e+01 4.912088e-02 1.274311e+02
4.520000e+01 4.621310e-02 1.278274e+02
4.560000e+01 4.340934e-02 1.282099e+02
4.600000e+01 4.070925e-02 1.285786e+02
4.640000e+01 3.810905e-02 1.289341e+02
4.680000e+01 3.560446e-02 1.292769e+02
4.720000e+01 3.319117e-02 1.296077e+02
4.760000e+01 3.086480e-02 1.299269e+02
4.800000e+01 2.862096e-02 1.302352e+02
4.840000e+01 2.645520e-02 1.305332e+02
4.880000e+01 2.436330e-02 1.308213e+02
4.920000e+01 2.234142e-02 1.311003e+02
4.960000e+01 2.038542e-02 1.313705e+02
5.000000e+01 1.849141e-02 1.316326e+02
5.040000e+01 1.666011e-02 1.318867e+02
5.080000e+01 1.488566e-02 1.321336e+02
5.120000e+01 1.315954e-02 1.323745e+02
5.160000e+01 1.147822e-02 1.326099e+02
5.200000e+01 9.836788e-03 1.328409e+02
5.240000e+01 8.244126e-03 1.330669e+02
5.280000e+01 6.695992e-03 1.332888e+02
5.320000e+01 5.205147e-03 1.335058e+02
5.360000e+01 3.779256e-03 1.337180e+02
5.400000e+01 2.501809e-03 1.339169e+02
5.440000e+01 1.403257e-03 1.340997e+02
5.480000e+01 5.927685e-04 1.342538e+02
5.520000e+01 1.396884e-04 1.343688e+02
5.560000e+01 1.500110e-05 1.344437e+02
5.600000e+01 1.903937e-07 1.344998e+02
5.640000e+01 5.817102e-10 1.345490e+02
5.680000e+01 3.516447e-10 1.345943e+02
5.720000e+01 2.994948e-12 1.346361e+02
5.760000e+01 7.537303e-19 1.346729e+02
5.800000e+01 2.162969e-20 1.347025e+02
5.840000e+01 2.345374e-32 1.347232e+02
5.880000e+01 7.218750e-27 1.347359e+02
5.920000e+01 1.123695e-33 1.347437e+02
5.960000e+01 1.849578e-40 1.347499e+02
6.000000e+01 2.174669e-30 1.347552e+02
6.040000e+01 7.696473e-41 1.347585e+02
6.080000e+01 4.405733e-28 1.347575e+02
6.120000e+01 5.824404e-28 1.347507e+02
6.160000e+01 1.012967e-21 1.347377e+02
6.200000e+01 2.618749e-19 1.347188e+02
6.240000e+01 3.105532e-23 1.346952e+02
6.280000e+01 3.460379e-14 1.346680e+02
6.320000e+01 1.109232e-09 1.346394e+02
6.360000e+01 1.754221e-07 1.346124e+02
6.400000e+01 4.870090e-06 1.345888e+02
6.440000e+01 2.922910e-05 1.345679e+02
6.480000e+01 8.626428e-05 1.345482e+02
6.520000e+01 1.704252e-04 1.345302e+02
6.560000e+01 2.683509e-04 1.345145e+02
6.600000e+01 3.610063e-04 1.345023e+02
6.640000e+01 4.419823e-04 1.344935e+02
6.680000e+01 5.077657e-04 1.344880e+02
6.720000e+01 5.563424e-04 1.344854e+02
6.760000e+01 5.932325e-04 1.344849e+02
6.800000e+01 6.174058e-04 1.344865e+02
6.840000e+01 6.295005e-04 1.344897e+02
6.880000e+01 6.326232e-04 1.344942e+02
6.920000e+01 6.280556e-04 1.344998e+02
6.960000e+01 6.174962e-04 1.345061e+02
7.000000e+01 6.022696e-04 1.345130e+02
7.040000e+01 5.834921e-04 1.345204e+02
7.080000e+01 5.621089e-04 1.345280e+02
7.120000e+01 5.388883e-04 1.345357e+02
7.160000e+01 5.144709e-04 1.345436e+02
7.200000e+01 4.893752e-04 1.345514e+02
7.240000e+01 4.640152e-04 1.345593e+02
7.280000e+01 4.387245e-04 1.345670e+02
7.320000e+01 4.137660e-04 1.345746e+02
7.360000e+01 3.893386e-04 1.345820e+02
7.400000e+01 3.655999e-04 1.345893e+02
7.440000e+01 3.426577e-04 1.345964e+02
7.480000e+01 3.205850e-04 1.346033e+02
7.520000e+01 2.994108e-04 1.346100e+02
7.560000e+01 2.793028e-04 1.346165e+02
7.600000e+01 2.601638e-04 1.346228e+02
7.640000e+01 2.409927e-04 1.346290e+02
7.680000e+01 2.247484e-04 1.346348e+02
7.720000e+01 2.088019e-04 1.346405e+02
7.760000e+01 1.930855e-04 1.346461e+02
7.800000e+01 1.792757e-04 1.346514e+02
7.840000e+01 1.658246e-04 1.346566e+02
7.880000e+01 1.532015e-04 1.346616e+02
7.920000e+01 1.413855e-04 1.346664e+02
7.960000e+01 1.303549e-04 1.346711e+02
8.000000e+01 1.201002e-04 1.346756e+02
8.040000e+01 1.106329e-04 1.346800e+02
8.080000e+01 1.019817e-04 1.346842e+02
8.120000e+01 9.406908e-05 1.346882e+02
8.160000e+01 8.676375e-05 1.346921e+02
8.200000e+01 7.998210e-05 1.346959e+02
8.240000e+01 7.367590e-05 1.346995e+02
8.280000e+01 6.781179e-05 1.347031e+02
8.320000e+01 6.236341e-05 1.347065e+02
8.360000e+01 5.730715e-05 1.347099e+02
8.400000e+01 5.262149e-05 1.347132e+02
8.440000e+01 4.828456e-05 1.347164e+02
8.480000e+01 4.427489e-05 1.347195e+02
8.520000e+01 4.057187e-05 1.347225e+02
8.560000e+01 3.715601e-05 1.347255e+02
8.600000e+01 3.400737e-05 1.347284e+02
8.640000e+01 3.110756e-05 1.347312e+02
8.680000e+01 2.843873e-05 1.347339e+02
8.720000e+01 2.598589e-05 1.347366e+02
8.760000e+01 2.373166e-05 1.347392e+02
8.800000e+01 2.166192e-05 1.347418e+02
8.840000e+01 1.976279e-05 1.347443e+02
8.880000e+01 1.802161e-05 1.347468e+02
8.920000e+01 1.642575e-05 1.347492e+02
8.960000e+01 1.496383e-05 1.347516e+02
9.000000e+01 1.362536e-05 1.347539e+02
9.040000e+01 1.240064e-05 1.347561e+02
9.080000e+01 1.128042e-05 1.347584e+02
9.120000e+01 1.025671e-05 1.347605e+02
9.160000e+01 9.321563e-06 1.347627e+02
9.200000e+01 8.467494e-06 1.347648e+02
9.240000e+01 7.687867e-06 1.347669e+02
9.280000e+01 6.976544e-06 1.347689e+02
9.320000e+01 6.326777e-06 1.347709e+02
9.360000e+01 5.727674e-06 1.347729e+02
9.400000e+01 5.157552e-06 1.347748e+02
9.440000e+01 4.707490e-06 1.347767e+02
9.480000e+01 4.264493e-06 1.347786e+02
9.520000e+01 3.859489e-06 1.347805e+02
9.560000e+01 3.489077e-06 1.347823e+02
9.600000e+01 3.141485e-06 1.347841e+02
9.640000e+01 2.832928e-06 1.347858e+02
9.680000e+01 2.575611e-06 1.347876e+02
9.720000e+01 2.327848e-06 1.347893e+02
9.760000e+01 2.101561e-06 1.347910e+02
9.800000e+01 1.896061e-06 1.347927e+02
9.840000e+01 1.709705e-06 1.347943e+02
9.880000e+01 1.540812e-06 1.347959e+02
9.920000e+01 1.387820e-06 1.347976e+02
9.960000e+01 1.249282e-06 1.347991e+02
1.000000e+02 1.123821e-06 1.348007e+02
1.004000e+02 1.009772e-06 1.348022e+02
1.008000e+02 9.078053e-07 1.348038e+02
1.012000e+02 8.146404e-07 1.348053e+02
1.016000e+02 7.206596e-07 1.348068e+02
1.020000e+02 6.532564e-07 1.348082e+02
1.024000e+02 5.897658e-07 1.348097e+02
1.028000e+02 5.293657e-07 1.348111e+02
1.032000e+02 4.744440e-07 1.348125e+02
1.036000e+02 4.245862e-07 1.348139e+02
1.040000e+02 3.792948e-07 1.348153e+02
1.044000e+02 3.400115e-07 1.348167e+02
1.048000e+02 3.039532e-07 1.348180e+02
1.052000e+02 2.714374e-07 1.348194e+02
1.056000e+02 2.421919e-07 1.348207e+02
1.060000e+02 2.159084e-07 1.348220e+02
1.064000e+02 1.922993e-07 1.348233e+02
1.068000e+02 1.711020e-07 1.348246e+02
1.072000e+02 1.520764e-07 1.348258e+02
1.076000e+02 1.350092e-07 1.348271e+02
1.080000e+02 1.196858e-07 1.348283e+02
1.084000e+02 1.059794e-07 1.348296e+02
1.088000e+02 9.367335e-08 1.348308e+02
1.092000e+02 8.262084e-08 1.348320e+02
1.096000e+02 7.242172e-08 1.348332e+02
1.100000e+02 6.385553e-08 1.348344e+02
1.104000e+02 5.575788e-08 1.348355e+02
1.108000e+02 4.556618e-08 1.348367e+02
1.112000e+02 4.232465e-08 1.348379e+02
1.116000e+02 3.686974e-08 1.348390e+02
1.120000e+02 3.181725e-08 1.348402e+02
1.124000e+02 2.725606e-08 1.348413e+02
1.128000e+02 2.315138e-08 1.348424e+02
1.132000e+02 1.946012e-08 1.348436e+02
1.136000e+02 1.613841e-08 1.348447e+02
1.140000e+02 1.315028e-08 1.348459e+02
1.144000e+02 1.046379e-08 1.348470e+02
1.148000e+02 8.045923e-09 1.348482e+02
1.152000e+02 5.931116e-09 1.348494e+02
1.156000e+02 4.101309e-09 1.348507e+02
1.160000e+02 2.567885e-09 1.348520e+02
1.164000e+02 1.380895e-09 1.348535e+02
1.168000e+02 5.801549e-10 1.348550e+02
1.172000e+02 1.597446e-10 1.348567e+02
1.176000e+02 2.031100e-11 1.348586e+02
1.180000e+02 5.437640e-13 1.348605e+02
1.184000e+02 3.062183e-16 1.348621e+02
1.188000e+02 3.279581e-24 1.348632e+02
1.192000e+02 3.168942e-15 1.348636e+02
1.196000e+02 1.102824e-12 1.348636e+02
1.200000e+02 1.934492e-11 1.348635e+02
1.204000e+02 9.286971e-11 1.348635e+02
1.208000e+02 2.304351e-10 1.348637e+02
1.212000e+02 3.964988e-10 1.348640e+02
1.216000e+02 5.495590e-10 1.348645e+02
1.220000e+02 6.658410e-10 1.348650e+02
1.224000e+02 7.392635e-10 1.348657e+02
1.228000e+02 7.737328e-10 1.348663e+02
1.232000e+02 7.766571e-10 1.348670e+02
1.236000e+02 7.553357e-10 1.348677e+02
1.240000e+02 6.892789e-10 1.348685e+02
1.244000e+02 6.741511e-10 1.348692e+02
1.248000e+02 6.304689e-10 1.348699e+02
1.252000e+02 5.738525e-10 1.348707e+02
1.256000e+02 5.236965e-10 1.348714e+02
1.260000e+02 4.818841e-10 1.348722e+02
1.264000e+02 4.362759e-10 1.348729e+02
1.268000e+02 3.927968e-10 1.348737e+02
1.272000e+02 3.522448e-10 1.348744e+02
1.276000e+02 3.148434e-10 1.348751e+02
1.280000e+02 2.804131e-10 1.348759e+02
1.284000e+02 2.480916e-10 1.348766e+02
1.288000e+02 2.217918e-10 1.348773e+02
1.292000e+02 1.967562e-10 1.348780e+02
1.296000e+02 1.742141e-10 1.348787e+02
1.300000e+02 1.540394e-10 1.348794e+02
1.304000e+02 1.360333e-10 1.348801e+02
1.308000e+02 1.199975e-10 1.348808e+02
1.312000e+02 1.057469e-10 1.348815e+02
1.316000e+02 9.310185e-11 1.348822e+02
1.320000e+02 8.189502e-11 1.348828e+02
1.324000e+02 7.197944e-11 1.348835e+02
1.328000e+02 6.322429e-11 1.348842e+02
1.332000e+02 5.548723e-11 1.348848e+02
1.336000e+02 4.866874e-11 1.348855e+02
1.340000e+02 4.265857e-11 1.348861e+02
1.344000e+02 3.736663e-11 1.348868e+02
1.348000e+02 3.271112e-11 1.348874e+02
1.352000e+02 2.861845e-11 1.348880e+02
1.356000e+02 2.502282e-11 1.348886e+02
1.360000e+02 2.186461e-11 1.348893e+02
1.364000e+02 1.909292e-11 1.348899e+02
1.368000e+02 1.660819e-11 1.348905e+02
1.372000e+02 1.453711e-11 1.348911e+02
1.376000e+02 1.268014e-11 1.348917e+02
1.380000e+02 1.105173e-11 1.348923e+02
1.384000e+02 9.628106e-12 1.348929e+02
1.388000e+02 8.382930e-12 1.348935e+02
1.392000e+02 7.301239e-12 1.348940e+02
1.396000e+02 6.354235e-12 1.348946e+02
1.400000e+02 5.526723e-12 1.348952e+02
1.404000e+02 4.804002e-12 1.348957e+02
1.408000e+02 4.171629e-12 1.348963e+02
1.412000e+02 3.619724e-12 1.348969e+02
1.416000e+02 3.131169e-12 1.348974e+02
1.420000e+02 2.648515e-12 1.348980e+02
1.424000e+02 2.314968e-12 1.348985e+02
1.428000e+02 2.041167e-12 1.348991e+02
1.432000e+02 1.772682e-12 1.348996e+02
1.436000e+02 1.536391e-12 1.349001e+02
1.440000e+02 1.331067e-12 1.349006e+02
1.444000e+02 1.152312e-12 1.349012e+02
1.448000e+02 9.879238e-13 1.349017e+02
1.452000e+02 8.622132e-13 1.349022e+02
1.456000e+02 7.485523e-13 1.349027e+02
1.460000e+02 6.477430e-13 1.349032e+02
1.464000e+02 5.601061e-13 1.349037e+02
1.468000e+02 4.839282e-13 1.349042e+02
1.472000e+02 4.178417e-13 1.349047e+02
1.476000e+02 3.605508e-13 1.349052e+02
1.480000e+02 3.108810e-13 1.349057e+02
1.484000e+02 2.676427e-13 1.349062e+02
1.488000e+02 2.279229e-13 1.349066e+02
1.492000e+02 1.986600e-13 1.349071e+02
1.496000e+02 1.710718e-13 1.349076e+02
1.500000e+02 1.471216e-13 1.349080e+02
1.504000e+02 1.263690e-13 1.349085e+02
1.508000e+02 1.083567e-13 1.349090e+02
1.512000e+02 9.335533e-14 1.349094e+02
1.516000e+02 8.023251e-14 1.349099e+02
1.520000e+02 6.888990e-14 1.349103e+02
1.524000e+02 5.910702e-14 1.349108e+02
1.528000e+02 5.067767e-14 1.349112e+02
1.532000e+02 4.341659e-14 1.349117e+02
1.536000e+02 3.714513e-14 1.349121e+02
1.540000e+02 3.127592e-14 1.349126e+02
1.544000e+02 2.717939e-14 1.349130e+02
1.548000e+02 2.326790e-14 1.349134e+02
1.552000e+02 1.988435e-14 1.349138e+02
1.556000e+02 1.697834e-14 1.349143e+02
1.560000e+02 1.448558e-14 1.349147e+02
1.564000e+02 1.235134e-14 1.349151e+02
1.568000e+02 1.052432e-14 1.349155e+02
1.572000e+02 8.959694e-15 1.349159e+02
1.576000e+02 7.623734e-15 1.349164e+02
1.580000e+02 6.481363e-15 1.349168e+02
1.584000e+02 5.505596e-15 1.349172e+02
1.588000e+02 4.672925e-15 1.349176e+02
1.592000e+02 3.962664e-15 1.349180e+02
1.596000e+02 3.357622e-15 1.349184e+02
1.600000e+02 2.841964e-15 1.349188e+02
1.604000e+02 2.403447e-15 1.349192e+02
1.608000e+02 2.030445e-15 1.349196e+02
1.612000e+02 1.713392e-15 1.349200e+02
1.616000e+02 1.444263e-15 1.349204e+02
1.620000e+02 1.215904e-15 1.349208e+02
1.624000e+02 1.022320e-15 1.349211e+02
1.628000e+02 8.583816e-16 1.349215e+02
1.632000e+02 7.196328e-16 1.349219e+02
1.636000e+02 6.022796e-16 1.349223e+02
1.640000e+02 5.030079e-16 1.349227e+02
1.644000e+02 4.186322e-16 1.349231e+02
1.648000e+02 3.422707e-16 1.349234e+02
1.652000e+02 2.862137e-16 1.349238e+02
1.656000e+02 2.334559e-16 1.349242e+02
1.660000e+02 1.946518e-16 1.349246e+02
1.664000e+02 1.641978e-16 1.349250e+02
1.668000e+02 1.356626e-16 1.349253e+02
1.672000e+02 1.114138e-16 1.349257e+02
1.676000e+02 8.980132e-17 1.349261e+02
1.680000e+02 7.448760e-17 1.349265e+02
1.684000e+02 6.059866e-17 1.349269e+02
1.688000e+02 4.905952e-17 1.349272e+02
1.692000e+02 3.952830e-17 1.349276e+02
1.696000e+02 3.168345e-17 1.349280e+02
1.700000e+02 2.524461e-17 1.349284e+02
1.704000e+02 2.000345e-17 1.349288e+02
1.708000e+02 1.573293e-17 1.349292e+02
1.712000e+02 1.227606e-17 1.349296e+02
1.716000e+02 9.495370e-18 1.349300e+02
1.720000e+02 7.270780e-18 1.349305e+02
1.724000e+02 5.504099e-18 1.349309e+02
1.728000e+02 4.112221e-18 1.349313e+02
1.732000e+02 3.023975e-18 1.349318e+02
1.736000e+02 2.181396e-18 1.349322e+02
1.740000e+02 1.555331e-18 1.349327e+02
1.744000e+02 1.079339e-18 1.349332e+02
1.748000e+02 7.288335e-19 1.349337e+02
1.752000e+02 4.749691e-19 1.349343e+02
1.756000e+02 2.997331e-19 1.349349e+02
1.760000e+02 1.813921e-19 1.349355e+02
1.764000e+02 1.044221e-19 1.349361e+02
1.768000e+02 5.635645e-20 1.349368e+02
1.772000e+02 2.818805e-20 1.349375e+02
1.776000e+02 1.285762e-20 1.349383e+02
1.780000e+02 5.241031e-21 1.349392e+02
1.784000e+02 1.860738e-21 1.349402e+02
1.788000e+02 5.570929e-22 1.349412e+02
1.792000e+02 1.350717e-22 1.349424e+02
1.796000e+02 2.522557e-23 1.349437e+02
1.800000e+02 3.415290e-24 1.349451e+02
1.804000e+02 3.126171e-25 1.349466e+02
1.808000e+02 1.795537e-26 1.349482e+02
1.812000e+02 6.065799e-28 1.349499e+02
1.816000e+02 1.175129e-29 1.349515e+02
1.820000e+02 1.401426e-31 1.349531e+02
1.824000e+02 1.345059e-33 1.349544e+02
1.828000e+02 1.958174e-35 1.349554e+02
1.832000e+02 1.462598e-36 1.349559e+02
1.836000e+02 2.814486e-36 1.349559e+02
1.840000e+02 6.525126e-35 1.349555e+02
1.844000e+02 3.288399e-33 1.349547e+02
1.848000e+02 2.387607e-31 1.349536e+02
1.852000e+02 1.041297e-29 1.349524e+02
1.856000e+02 2.681405e-28 1.349511e+02
1.860000e+02 4.071610e-27 1.349500e+02
1.864000e+02 3.823029e-26 1.349489e+02
1.868000e+02 2.376091e-25 1.349480e+02
1.872000e+02 1.047477e-24 1.349472e+02
1.876000e+02 3.485153e-24 1.349465e+02
1.880000e+02 9.223418e-24 1.349460e+02
1.884000e+02 2.027229e-23 1.349455e+02
1.888000e+02 3.831177e-23 1.349452e+02
1.892000e+02 6.400379e-23 1.349449e+02
1.896000e+02 9.665638e-23 1.349446e+02
1.900000e+02 1.342973e-22 1.349445e+02
1.904000e+02 1.741331e-22 1.349443e+02
1.908000e+02 2.131228e-22 1.349442e+02
1.912000e+02 2.484939e-22 1.349442e+02
1.916000e+02 2.780802e-22 1.349442e+02
1.920000e+02 3.005246e-22 1.349442e+02
1.924000e+02 3.152258e-22 1.349442e+02
1.928000e+02 3.221650e-22 1.349443e+02
1.932000e+02 3.210848e-22 1.349443e+02
1.936000e+02 3.157196e-22 1.349444e+02
1.940000e+02 3.054623e-22 1.349445e+02
1.944000e+02 2.912288e-22 1.349446e+02
1.948000e+02 2.737041e-22 1.349447e+02
1.952000e+02 2.500319e-22 1.349448e+02
1.956000e+02 2.257129e-22 1.349450e+02
1.960000e+02 2.145787e-22 1.349451e+02
1.964000e+02 1.960898e-22 1.349452e+02
1.968000e+02 1.769309e-22 1.349454e+02
1.972000e+02 1.583834e-22 1.349455e+02
1.976000e+02 1.408223e-22 1.349457e+02
1.980000e+02 1.244716e-22 1.349458e+02
1.984000e+02 1.095541e-22 1.349460e+02
1.988000e+02 9.588875e-23 1.349461e+02
1.992000e+02 8.347360e-23 1.349463e+02
1.996000e+02 7.243450e-23 1.349465e+02
2.000000e+02 6.256604e-23 1.349466e+02
2.004000e+02 5.377170e-23 1.349468e+02
2.008000e+02 4.592912e-23 1.349470e+02
2.012000e+02 3.924805e-23 1.349471e+02
2.016000e+02 3.348819e-23 1.349473e+02
2.020000e+02 2.842042e-23 1.349475e+02
2.024000e+02 2.402737e-23 1.349476e+02
2.028000e+02 2.027401e-23 1.349478e+02
2.032000e+02 1.713089e-23 1.349480e+02
2.036000e+02 1.457052e-23 1.349482e+02
2.040000e+02 1.247449e-23 1.349483e+02
2.044000e+02 1.070055e-23 1.349485e+02
2.048000e+02 9.166440e-24 1.349487e+02
2.052000e+02 7.833420e-24 1.349488e+02
2.056000e+02 6.673984e-24 1.349490e+02
2.060000e+02 5.667476e-24 1.349491e+02
2.064000e+02 4.806864e-24 1.349493e+02
2.068000e+02 4.066179e-24 1.349495e+02
2.072000e+02 3.431121e-24 1.349496e+02
2.076000e+02 2.888344e-24 1.349498e+02
2.080000e+02 2.422017e-24 1.349500e+02
2.084000e+02 1.993715e-24 1.349501e+02
2.088000e+02 1.642943e-24 1.349503e+02
2.092000e+02 1.429901e-24 1.349505e+02
2.096000e+02 1.203125e-24 1.349506e+02
2.100000e+02 1.007596e-24 1.349508e+02
2.104000e+02 8.403276e-25 1.349509e+02
2.108000e+02 6.552837e-25 1.349511e+02
2.112000e+02 5.864562e-25 1.349513e+02
2.116000e+02 4.903989e-25 1.349514e+02
2.120000e+02 4.089652e-25 1.349516e+02
2.124000e+02 3.406732e-25 1.349517e+02
2.128000e+02 2.835462e-25 1.349519e+02
2.132000e+02 2.358189e-25 1.349521e+02
2.136000e+02 1.959753e-25 1.349522e+02
2.140000e+02 1.627168e-25 1.349524e+02
2.144000e+02 1.348562e-25 1.349525e+02
2.148000e+02 1.102385e-25 1.349527e+02
2.152000e+02 9.213055e-26 1.349528e+02
2.156000e+02 7.696343e-26 1.349530e+02
2.160000e+02 6.379606e-26 1.349532e+02
2.164000e+02 5.288349e-26 1.349533e+02
2.168000e+02 4.377474e-26 1.349535e+02
2.172000e+02 3.621236e-26 1.349536e+02
2.176000e+02 2.993675e-26 1.349538e+02
2.180000e+02 2.474154e-26 1.349539e+02
2.184000e+02 2.043455e-26 1.349541e+02
2.188000e+02 1.686915e-26 1.349542e+02
2.192000e+02 1.391640e-26 1.349544e+02
2.196000e+02 1.147760e-26 1.349545e+02
2.200000e+02 9.460370e-27 1.349547e+02
2.204000e+02 7.792743e-27 1.349548e+02
2.208000e+02 6.415438e-27 1.349550e+02
2.212000e+02 5.277673e-27 1.349551e+02
2.216000e+02 4.339508e-27 1.349552e+02
2.220000e+02 3.565188e-27 1.349554e+02
2.224000e+02 2.926101e-27 1.349555e+02
2.228000e+02 2.399802e-27 1.349557e+02
2.232000e+02 1.965564e-27 1.349558e+02
2.236000e+02 1.608194e-27 1.349560e+02
2.240000e+02 1.313825e-27 1.349561e+02
2.244000e+02 1.071749e-27 1.349562e+02
2.248000e+02 8.728401e-28 1.349564e+02
2.252000e+02 7.103217e-28 1.349565e+02
2.256000e+02 5.776631e-28 1.349567e+02
2.260000e+02 4.625703e-28 1.349568e+02
2.264000e+02 3.884381e-28 1.349569e+02
2.268000e+02 3.220937e-28 1.349571e+02
2.272000e+02 2.664070e-28 1.349572e+02
2.276000e+02 2.199740e-28 1.349573e+02
2.280000e+02 1.813394e-28 1.349575e+02
2.284000e+02 1.492583e-28 1.349576e+02
2.288000e+02 1.226730e-28 1.349577e+02
2.292000e+02 1.006696e-28 1.349579e+02
2.296000e+02 8.205745e-29 1.349580e+02
2.300000e+02 6.756156e-29 1.349581e+02
2.304000e+02 5.520099e-29 1.349583e+02
2.308000e+02 4.493682e-29 1.349584e+02
2.312000e+02 3.426111e-29 1.349585e+02
2.316000e+02 2.979165e-29 1.349586e+02
2.320000e+02 2.457544e-29 1.349588e+02
2.324000e+02 2.005259e-29 1.349589e+02
2.328000e+02 1.629601e-29 1.349590e+02
2.332000e+02 1.317783e-29 1.349591e+02
2.336000e+02 1.054129e-29 1.349593e+02
2.340000e+02 8.208793e-30 1.349594e+02
2.344000e+02 7.044293e-30 1.349595e+02
2.348000e+02 5.820822e-30 1.349596e+02
2.352000e+02 4.746786e-30 1.349598e+02
2.356000e+02 3.619631e-30 1.349599e+02
2.360000e+02 3.117610e-30 1.349600e+02
2.364000e+02 2.576779e-30 1.349601e+02
2.368000e+02 2.069749e-30 1.349602e+02
2.372000e+02 1.445006e-30 1.349604e+02
2.376000e+02 1.377881e-30 1.349605e+02
2.380000e+02 1.128766e-30 1.349606e+02
2.384000e+02 9.140972e-31 1.349607e+02
2.388000e+02 7.306053e-31 1.349608e+02
2.392000e+02 5.632373e-31 1.349610e+02
2.396000e+02 4.784230e-31 1.349611e+02
2.400000e+02 3.882619e-31 1.349612e+02
2.404000e+02 3.146611e-31 1.349613e+02
2.408000e+02 2.543278e-31 1.349614e+02
2.412000e+02 2.052011e-31 1.349615e+02
2.416000e+02 1.654162e-31 1.349617e+02
2.420000e+02 1.317082e-31 1.349618e+02
2.424000e+02 9.556889e-32 1.349619e+02
2.428000e+02 8.835877e-32 1.349620e+02
2.432000e+02 7.055434e-32 1.349621e+02
2.436000e+02 5.530489e-32 1.349622e+02
2.440000e+02 4.781702e-32 1.349623e+02
2.444000e+02 3.943046e-32 1.349624e+02
2.448000e+02 3.233608e-32 1.349625e+02
2.452000e+02 2.631307e-32 1.349626e+02
2.456000e+02 2.136474e-32 1.349628e+02
2.460000e+02 1.732449e-32 1.349629e+02
2.464000e+02 1.403333e-32 1.349630e+02
2.468000e+02 1.135475e-32 1.349631e+02
2.472000e+02 9.170378e-33 1.349632e+02
2.476000e+02 7.345136e-33 1.349633e+02
2.480000e+02 5.821577e-33 1.349634e+02
2.484000e+02 4.736153e-33 1.349635e+02
2.488000e+02 3.878529e-33 1.349636e+02
2.492000e+02 3.102972e-33 1.349637e+02
2.496000e+02 2.336217e-33 1.349638e+02
2.500000e+02 1.502458e-33 1.349639e+02
2.504000e+02 1.608955e-33 1.349640e+02
2.508000e+02 1.319687e-33 1.349641e+02
2.512000e+02 1.052232e-33 1.349642e+02
2.516000e+02 8.643143e-34 1.349643e+02
2.520000e+02 6.996520e-34 1.349644e+02
2.524000e+02 5.646674e-34 1.349645e+02
2.528000e+02 4.552595e-34 1.349646e+02
2.532000e+02 3.665345e-34 1.349647e+02
2.536000e+02 2.947844e-34 1.349648e+02
2.540000e+02 2.369317e-34 1.349649e+02
2.544000e+02 1.903300e-34 1.349650e+02
2.548000e+02 1.529336e-34 1.349651e+02
2.552000e+02 1.229805e-34 1.349652e+02
2.556000e+02 9.902898e-35 1.349653e+02
2.560000e+02 7.975459e-35 1.349654e+02
2.564000e+02 6.422167e-35 1.349655e+02
2.568000e+02 5.166837e-35 1.349656e+02
2.572000e+02 4.153643e-35 1.349657e+02
2.576000e+02 3.332513e-35 1.349658e+02
2.580000e+02 2.662218e-35 1.349659e+02
2.584000e+02 2.088464e-35 1.349660e+02
2.588000e+02 1.495069e-35 1.349661e+02
2.592000e+02 1.368083e-35 1.349662e+02
2.596000e+02 1.109276e-35 1.349662e+02
2.600000e+02 8.921930e-36 1.349663e+02
2.604000e+02 7.160246e-36 1.349664e+02
2.608000e+02 5.736015e-36 1.349665e+02
2.612000e+02 4.596898e-36 1.349666e+02
2.616000e+02 3.679257e-36 1.349667e+02
2.620000e+02 2.942202e-36 1.349668e+02
2.624000e+02 2.350146e-36 1.349669e+02
2.628000e+02 1.856785e-36 1.349670e+02
2.632000e+02 1.491878e-36 1.349671e+02
2.636000e+02 1.146580e-36 1.349672e+02
2.640000e+02 9.436019e-37 1.349672e+02
2.644000e+02 7.553339e-37 1.349673e+02
2.648000e+02 5.924811e-37 1.349674e+02
2.652000e+02 4.760589e-37 1.349675e+02
2.656000e+02 3.802198e-37 1.349676e+02
2.660000e+02 3.026791e-37 1.349677e+02
2.664000e+02 2.413117e-37 1.349678e+02
2.668000e+02 1.915622e-37 1.349679e+02
2.672000e+02 1.337498e-37 1.349679e+02
2.676000e+02 1.222441e-37 1.349680e+02
2.680000e+02 9.999501e-38 1.349681e+02
2.684000e+02 8.050961e-38 1.349682e+02
2.688000e+02 6.459287e-38 1.349683e+02
2.692000e+02 5.172977e-38 1.349684e+02
2.696000e+02 4.137761e-38 1.349684e+02
2.700000e+02 3.306718e-38 1.349685e+02
2.704000e+02 2.640087e-38 1.349686e+02
2.708000e+02 2.106999e-38 1.349687e+02
2.712000e+02 1.680190e-38 1.349688e+02
2.716000e+02 1.339123e-38 1.349688e+02
2.720000e+02 1.066088e-38 1.349689e+02
2.724000e+02 8.468396e-39 1.349690e+02
2.728000e+02 6.636370e-39 1.349691e+02
2.732000e+02 5.178190e-39 1.349692e+02
2.736000e+02 4.249009e-39 1.349692e+02
2.740000e+02 3.366101e-39 1.349693e+02
2.744000e+02 2.449798e-39 1.349694e+02
2.748000e+02 2.109128e-39 1.349695e+02
2.752000e+02 1.699939e-39 1.349696e+02
2.756000e+02 1.351900e-39 1.349696e+02
2.760000e+02 1.069826e-39 1.349697e+02
2.764000e+02 8.416932e-40 1.349698e+02
2.768000e+02 6.679357e-40 1.349699e+02
2.772000e+02 5.371386e-40 1.349699e+02
2.776000e+02 4.288714e-40 1.349700e+02
2.780000e+02 3.408208e-40 1.349701e+02
2.784000e+02 2.704952e-40 1.349702e+02
2.788000e+02 2.144703e-40 1.349702e+02
2.792000e+02 1.687558e-40 1.349703e+02
2.796000e+02 1.310198e-40 1.349704e+02
2.800000e+02 1.066920e-40 1.349705e+02
2.804000e+02 8.484533e-41 1.349705e+02
2.808000e+02 6.726944e-41 1.349706e+02
2.812000e+02 5.325042e-41 1.349707e+02
2.816000e+02 4.218844e-41 1.349708e+02
2.820000e+02 3.338278e-41 1.349708e+02
2.824000e+02 2.641622e-41 1.349709e+02
2.828000e+02 2.068678e-41 1.349710e+02
2.832000e+02 1.651887e-41 1.349711e+02
2.836000e+02 1.306814e-41 1.349711e+02
2.840000e+02 1.032743e-41 1.349712e+02
2.844000e+02 8.156758e-42 1.349713e+02
2.848000e+02 6.435684e-42 1.349713e+02
2.852000e+02 5.071855e-42 1.349714e+02
2.856000e+02 3.973911e-42 1.349715e+02
2.860000e+02 2.920716e-42 1.349715e+02
2.864000e+02 2.313803e-42 1.349716e+02
2.868000e+02 1.950836e-42 1.349717e+02
2.872000e+02 1.549695e-42 1.349718e+02
2.876000e+02 1.223154e-42 1.349718e+02
2.880000e+02 9.617788e-43 1.349719e+02
2.884000e+02 7.494224e-43 1.349720e+02
2.888000e+02 5.377767e-43 1.349720e+02
2.892000e+02 4.433138e-43 1.349721e+02
2.896000e+02 3.680567e-43 1.349722e+02
2.900000e+02 2.923733e-43 1.349722e+02
2.904000e+02 2.308119e-43 1.349723e+02
2.908000e+02 1.817905e-43 1.349724e+02
2.912000e+02 1.430453e-43 1.349724e+02
2.916000e+02 1.125018e-43 1.349725e+02
2.920000e+02 8.834712e-44 1.349726e+02
2.924000e+02 6.917582e-44 1.349726e+02
2.928000e+02 5.352601e-44 1.349727e+02
2.932000e+02 3.389169e-44 1.349728e+02
2.936000e+02 3.200315e-44 1.349728e+02
2.940000e+02 2.627083e-44 1.349729e+02
2.944000e+02 2.072070e-44 1.349730e+02
2.948000e+02 1.627951e-44 1.349730e+02
2.952000e+02 1.277222e-44 1.349731e+02
2.956000e+02 1.001424e-44 1.349732e+02
2.960000e+02 7.842127e-45 1.349732e+02
2.964000e+02 6.138209e-45 1.349733e+02
2.968000e+02 4.801557e-45 1.349733e+02
2.972000e+02 3.748928e-45 1.349734e+02
2.976000e+02 2.920849e-45 1.349735e+02
2.980000e+02 2.265194e-45 1.349735e+02
2.984000e+02 1.724894e-45 1.349736e+02
2.988000e+02 1.375869e-45 1.349737e+02
2.992000e+02 1.086516e-45 1.349737e+02
2.996000e+02 8.520210e-46 1.349738e+02
3.000000e+02 6.653092e-46 1.349738e+02
3.004000e+02 5.158422e-46 1.349739e+02
3.008000e+02 3.948858e-46 1.349740e+02
3.012000e+02 3.079028e-46 1.349740e+02
3.016000e+02 2.253014e-46 1.349741e+02
3.020000e+02 1.742161e-46 1.349742e+02
3.024000e+02 1.454920e-46 1.349742e+02
3.028000e+02 1.121499e-46 1.349743e+02
3.032000e+02 6.836545e-47 1.349743e+02
3.036000e+02 6.829023e-47 1.349744e+02
3.040000e+02 5.364526e-47 1.349745e+02
3.044000e+02 4.160181e-47 1.349745e+02
3.048000e+02 3.212080e-47 1.349746e+02
3.052000e+02 2.488704e-47 1.349746e+02
3.056000e+02 1.924854e-47 1.349747e+02
3.060000e+02 1.484567e-47 1.349748e+02
3.064000e+02 1.143171e-47 1.349748e+02
3.068000e+02 8.787780e-48 1.349749e+02
3.072000e+02 6.744075e-48 1.349749e+02
3.076000e+02 5.166705e-48 1.349750e+02
3.080000e+02 3.953664e-48 1.349751e+02
3.084000e+02 3.019299e-48 1.349751e+02
3.088000e+02 2.300498e-48 1.349752e+02
3.092000e+02 1.750324e-48 1.349752e+02
3.096000e+02 1.328926e-48 1.349753e+02
3.100000e+02 9.978508e-49 1.349754e+02
3.104000e+02 7.620716e-49 1.349754e+02
3.108000e+02 5.767592e-49 1.349755e+02
3.112000e+02 4.354755e-49 1.349755e+02
3.116000e+02 3.279781e-49 1.349756e+02
3.120000e+02 2.462858e-49 1.349757e+02
3.124000e+02 1.842911e-49 1.349757e+02
3.128000e+02 1.373752e-49 1.349758e+02
3.132000e+02 1.020566e-49 1.349758e+02
3.136000e+02 7.552845e-50 1.349759e+02
3.140000e+02 5.562007e-50 1.349760e+02
3.144000e+02 4.091674e-50 1.349760e+02
3.148000e+02 2.987866e-50 1.349761e+02
3.152000e+02 2.164257e-50 1.349762e+02
3.156000e+02 1.545044e-50 1.349762e+02
3.160000e+02 1.064899e-50 1.349763e+02
3.164000e+02 6.511381e-51 1.349763e+02
3.168000e+02 5.415415e-51 1.349764e+02
3.172000e+02 3.552612e-51 1.349765e+02
3.176000e+02 2.592820e-51 1.349766e+02
3.180000e+02 1.739762e-51 1.349766e+02
3.184000e+02 1.139205e-51 1.349767e+02
3.188000e+02 7.259987e-52 1.349768e+02
3.192000e+02 4.476149e-52 1.349769e+02
3.196000e+02 2.644575e-52 1.349770e+02
3.200000e+02 1.191420e-52 1.349770e+02
3.204000e+02 8.013828e-53 1.349771e+02
3.208000e+02 4.009717e-53 1.349772e+02
3.212000e+02 1.825982e-53 1.349774e+02
3.216000e+02 7.434296e-54 1.349775e+02
3.220000e+02 2.636921e-54 1.349776e+02
3.224000e+02 7.915731e-55 1.349778e+02
3.228000e+02 1.950675e-55 1.349779e+02
3.232000e+02 3.852866e-56 1.349781e+02
3.236000e+02 6.104777e-57 1.349783e+02
3.240000e+02 8.236437e-58 1.349785e+02
3.244000e+02 1.120521e-58 1.349786e+02
3.248000e+02 2.174099e-59 1.349788e+02
3.252000e+02 1.025073e-59 1.349788e+02
3.256000e+02 1.680244e-59 1.349788e+02
3.260000e+02 5.586034e-59 1.349788e+02
3.264000e+02 2.289245e-58 1.349787e+02
3.268000e+02 7.439272e-58 1.349786e+02
3.272000e+02 2.948539e-57 1.349786e+02
3.276000e+02 8.194866e-57 1.349785e+02
3.280000e+02 1.768931e-56 1.349784e+02
3.284000e+02 3.215146e-56 1.349784e+02
3.288000e+02 4.927634e-56 1.349784e+02
3.292000e+02 6.633773e-56 1.349784e+02
3.296000e+02 8.051444e-56 1.349784e+02
3.300000e+02 8.990340e-56 1.349784e+02
3.304000e+02 9.386112e-56 1.349784e+02
3.308000e+02 9.279046e-56 1.349784e+02
3.312000e+02 8.771260e-56 1.349784e+02
3.316000e+02 7.983178e-56 1.349784e+02
3.320000e+02 7.016715e-56 1.349785e+02
3.324000e+02 5.841651e-56 1.349785e+02
3.328000e+02 3.994299e-56 1.349785e+02
3.332000e+02 4.155132e-56 1.349786e+02
3.336000e+02 3.506573e-56 1.349786e+02
3.340000e+02 2.854722e-56 1.349786e+02
3.344000e+02 2.290086e-56 1.349787e+02
3.348000e+02 1.815465e-56 1.349787e+02
3.352000e+02 1.411931e-56 1.349788e+02
3.356000e+02 1.117164e-56 1.349788e+02
3.360000e+02 8.713884e-57 1.349788e+02
3.364000e+02 6.760089e-57 1.349789e+02
3.368000e+02 5.214913e-57 1.349789e+02
3.372000e+02 4.001956e-57 1.349790e+02
3.376000e+02 3.057720e-57 1.349790e+02
3.380000e+02 2.325972e-57 1.349791e+02
3.384000e+02 1.762049e-57 1.349791e+02
3.388000e+02 1.330565e-57 1.349792e+02
3.392000e+02 1.001282e-57 1.349792e+02
3.396000e+02 7.511574e-58 1.349792e+02
3.400000e+02 5.619305e-58 1.349793e+02
3.404000e+02 4.192740e-58 1.349793e+02
3.408000e+02 3.120339e-58 1.349794e+02
3.412000e+02 2.316616e-58 1.349794e+02
3.416000e+02 1.715862e-58 1.349795e+02
3.420000e+02 1.267666e-58 1.349795e+02
3.424000e+02 9.346561e-59 1.349796e+02
3.428000e+02 6.869563e-59 1.349796e+02
3.432000e+02 4.926278e-59 1.349797e+02
3.436000e+02 3.642743e-59 1.349797e+02
3.440000e+02 2.702198e-59 1.349797e+02
3.444000e+02 1.972850e-59 1.349798e+02
3.448000e+02 1.431997e-59 1.349798e+02
3.452000e+02 1.040594e-59 1.349799e+02
3.456000e+02 7.579506e-60 1.349799e+02
3.460000e+02 5.506462e-60 1.349800e+02
3.464000e+02 3.997296e-60 1.349800e+02
3.468000e+02 2.890880e-60 1.349801e+02
3.472000e+02 2.085528e-60 1.349801e+02
3.476000e+02 1.501402e-60 1.349802e+02
3.480000e+02 1.078230e-60 1.349802e+02
3.484000e+02 7.726012e-61 1.349803e+02
3.488000e+02 5.523168e-61 1.349803e+02
3.492000e+02 3.938768e-61 1.349803e+02
3.496000e+02 2.799800e-61 1.349804e+02
3.500000e+02 1.987737e-61 1.349804e+02
3.504000e+02 1.405814e-61 1.349805e+02
3.508000e+02 9.901753e-62 1.349805e+02
3.512000e+02 6.932983e-62 1.349806e+02
3.516000e+02 4.771333e-62 1.349806e+02
3.520000e+02 3.301520e-62 1.349807e+02
3.524000e+02 1.970509e-62 1.349807e+02
3.528000e+02 1.561387e-62 1.349808e+02
3.532000e+02 1.166133e-62 1.349808e+02
3.536000e+02 8.150376e-63 1.349809e+02
3.540000e+02 5.643779e-63 1.349809e+02
3.544000e+02 3.872182e-63 1.349810e+02
3.548000e+02 2.561647e-63 1.349810e+02
3.552000e+02 1.732138e-63 1.349810e+02
3.556000e+02 1.239762e-63 1.349811e+02
3.560000e+02 8.464119e-64 1.349811e+02
3.564000e+02 5.733299e-64 1.349812e+02
3.568000e+02 3.855957e-64 1.349812e+02
3.572000e+02 2.566284e-64 1.349813e+02
3.576000e+02 1.505306e-64 1.349813e+02
3.580000e+02 1.117736e-64 1.349814e+02
3.584000e+02 7.258112e-65 1.349814e+02
3.588000e+02 3.381885e-65 1.349815e+02
3.592000e+02 3.046993e-65 1.349815e+02
3.596000e+02 1.982447e-65 1.349816e+02
3.600000e+02 1.307555e-65 1.349816e+02
3.604000e+02 8.327701e-66 1.349817e+02
3.608000e+02 5.238110e-66 1.349817e+02
3.612000e+02 3.255387e-66 1.349818e+02
3.616000e+02 1.970647e-66 1.349818e+02
3.620000e+02 1.215029e-66 1.349819e+02
3.624000e+02 7.291834e-67 1.349819e+02
3.628000e+02 4.301980e-67 1.349820e+02
3.632000e+02 2.491431e-67 1.349821e+02
3.636000e+02 1.409038e-67 1.349821e+02
3.640000e+02 7.685840e-68 1.349822e+02
3.644000e+02 2.654918e-68 1.349822e+02
3.648000e+02 2.182359e-68 1.349823e+02
3.652000e+02 1.168283e-68 1.349823e+02
3.656000e+02 5.803086e-69 1.349824e+02
3.660000e+02 2.715884e-69 1.349825e+02
3.664000e+02 1.177496e-69 1.349825e+02
3.668000e+02 4.302937e-70 1.349826e+02
3.672000e+02 1.518866e-70 1.349827e+02
3.676000e+02 3.707444e-71 1.349828e+02
3.680000e+02 4.707878e-72 1.349828e+02
3.684000e+02 5.196041e-74 1.349829e+02
3.688000e+02 2.279022e-73 1.349830e+02
3.692000e+02 5.039779e-73 1.349831e+02
3.696000e+02 3.692619e-73 1.349832e+02
3.700000e+02 1.683754e-73 1.349833e+02
3.704000e+02 5.764910e-74 1.349834e+02
3.708000e+02 1.572697e-74 1.349835e+02
3.712000e+02 3.558424e-75 1.349836e+02
3.716000e+02 6.778268e-76 1.349837e+02
3.720000e+02 1.027322e-76 1.349839e+02
3.724000e+02 1.222369e-77 1.349840e+02
3.728000e+02 1.100113e-78 1.349842e+02
3.732000e+02 7.121886e-80 1.349844e+02
3.736000e+02 3.114808e-81 1.349846e+02
3.740000e+02 8.475257e-83 1.349848e+02
3.744000e+02 1.293070e-84 1.349850e+02
3.748000e+02 9.621566e-87 1.349853e+02
3.752000e+02 2.163383e-89 1.349856e+02
3.756000e+02 3.283268e-92 1.349860e+02
3.760000e+02 9.264968e-96 1.349863e+02
3.764000e+02 4.782384e-100 1.349868e+02
3.768000e+02 2.949017e-105 1.349872e+02
3.772000e+02 1.403642e-111 1.349877e+02
3.776000e+02 2.724796e-119 1.349883e+02
3.780000e+02 1.248232e-128 1.349888e+02
3.784000e+02 9.271078e-140 1.349894e+02
3.788000e+02 1.456397e-152 1.349899e+02
3.792000e+02 2.130873e-166 1.349903e+02
3.796000e+02 1.439890e-179 1.349906e+02
3.800000e+02 1.489336e-188 1.349908e+02
3.804000e+02 3.847179e-188 1.349908e+02
3.808000e+02 9.631052e-179 1.349906e+02
3.812000e+02 1.043896e-165 1.349903e+02
3.816000e+02 2.460213e-152 1.349899e+02
3.820000e+02 3.765916e-140 1.349894e+02
3.824000e+02 1.112129e-129 1.349889e+02
3.828000e+02 5.873422e-121 1.349885e+02
3.832000e+02 8.373732e-114 1.349880e+02
3.836000e+02 5.645950e-108 1.349876e+02
3.840000e+02 3.127194e-103 1.349872e+02
3.844000e+02 2.306231e-99 1.349868e+02
3.848000e+02 3.375835e-96 1.349866e+02
3.852000e+02 1.354502e-93 1.349863e+02
3.856000e+02 1.926538e-91 1.349861e+02
3.860000e+02 1.189969e-89 1.349859e+02
3.864000e+02 3.727692e-88 1.349857e+02
3.868000e+02 6.614532e-87 1.349856e+02
3.872000e+02 6.484707e-86 1.349855e+02
3.876000e+02 5.715333e-85 1.349854e+02
3.880000e+02 3.284398e-84 1.349853e+02
3.884000e+02 1.403020e-83 1.349852e+02
3.888000e+02 4.726261e-83 1.349851e+02
3.892000e+02 1.303582e-82 1.349851e+02
3.896000e+02 3.036826e-82 1.349850e+02
3.900000e+02 6.163236e-82 1.349850e+02
3.904000e+02 1.130947e-81 1.349850e+02
3.908000e+02 1.952020e-81 1.349850e+02
3.912000e+02 3.210155e-81 1.349849e+02
3.916000e+02 4.959252e-81 1.349849e+02
3.920000e+02 7.149181e-81 1.349849e+02
3.924000e+02 9.508274e-81 1.349849e+02
3.928000e+02 1.179785e-80 1.349849e+02
3.932000e+02 1.464902e-80 1.349849e+02
3.936000e+02 1.675137e-80 1.349849e+02
3.940000e+02 1.825778e-80 1.349849e+02
3.944000e+02 1.910685e-80 1.349849e+02
3.948000e+02 1.927847e-80 1.349849e+02
3.952000e+02 1.883595e-80 1.349849e+02
3.956000e+02 1.794134e-80 1.349849e+02
3.960000e+02 1.662359e-80 1.349849e+02
3.964000e+02 1.497436e-80 1.349850e+02
3.968000e+02 1.333064e-80 1.349850e+02
3.972000e+02 1.162019e-80 1.349850e+02
3.976000e+02 9.944992e-81 1.349850e+02
3.980000e+02 8.368942e-81 1.349850e+02
3.984000e+02 6.936227e-81 1.349850e+02
3.988000e+02 5.664282e-81 1.349851e+02
3.992000e+02 4.553513e-81 1.349851e+02
3.996000e+02 3.574680e-81 1.349851e+02
4.000000e+02 2.343124e-81 1.349851e+02
+0.6 10 0
1.000000e+01 9.628108e-01 8.440037e+00
1.040000e+01 9.601761e-01 8.850419e+00
1.080000e+01 9.574878e-01 9.270133e+00
1.120000e+01 9.546796e-01 9.707652e+00
1.160000e+01 9.518536e-01 1.015004e+01
1.200000e+01 9.488861e-01 1.061326e+01
1.240000e+01 9.458116e-01 1.109299e+01
1.280000e+01 9.426312e-01 1.158916e+01
1.320000e+01 9.393441e-01 1.210191e+01
1.360000e+01 9.359494e-01 1.263141e+01
1.400000e+01 9.324454e-01 1.317795e+01
1.440000e+01 9.288277e-01 1.374215e+01
1.480000e+01 9.250730e-01 1.432718e+01
1.520000e+01 9.212342e-01 1.492630e+01
1.560000e+01 9.172466e-01 1.554815e+01
1.600000e+01 9.131113e-01 1.619280e+01
1.640000e+01 9.088255e-01 1.686099e+01
1.680000e+01 9.043649e-01 1.755634e+01
1.720000e+01 8.997014e-01 1.828309e+01
1.760000e+01 8.948024e-01 1.904633e+01
1.800000e+01 8.896209e-01 1.985327e+01
1.840000e+01 8.840928e-01 2.071378e+01
1.880000e+01 8.781306e-01 2.164126e+01
1.920000e+01 8.716161e-01 2.265376e+01
1.960000e+01 8.643936e-01 2.377491e+01
2.000000e+01 8.562698e-01 2.503386e+01
2.040000e+01 8.470336e-01 2.646195e+01
2.080000e+01 8.365237e-01 2.808188e+01
2.120000e+01 8.247766e-01 2.988342e+01
2.160000e+01 8.124184e-01 3.176498e+01
2.200000e+01 8.012544e-01 3.345328e+01
2.240000e+01 7.944970e-01 3.449681e+01
2.280000e+01 7.929517e-01 3.478321e+01
2.320000e+01 7.937741e-01 3.470241e+01
2.360000e+01 7.948857e-01 3.456304e+01
2.400000e+01 7.953238e-01 3.451676e+01
2.440000e+01 7.948735e-01 3.460321e+01
2.480000e+01 7.934298e-01 3.483831e+01
2.520000e+01 7.911544e-01 3.519964e+01
2.560000e+01 7.881245e-01 3.567462e+01
2.600000e+01 7.847447e-01 3.620778e+01
2.640000e+01 7.808413e-01 3.681937e+01
2.680000e+01 7.765834e-01 3.748537e+01
2.720000e+01 7.720438e-01 3.819484e+01
2.760000e+01 7.672700e-01 3.894043e+01
2.800000e+01 7.623041e-01 3.971574e+01
2.840000e+01 7.571679e-01 4.051729e+01
2.880000e+01 7.518700e-01 4.134336e+01
2.920000e+01 7.464682e-01 4.218608e+01
2.960000e+01 7.409392e-01 4.304800e+01
3.000000e+01 7.349814e-01 4.396799e+01
3.040000e+01 7.295346e-01 4.482389e+01
3.080000e+01 7.238293e-01 4.571586e+01
3.120000e+01 7.179816e-01 4.662794e+01
3.160000e+01 7.120471e-01 4.755296e+01
3.200000e+01 7.060414e-01 4.848880e+01
3.240000e+01 6.999702e-01 4.943465e+01
3.280000e+01 6.938358e-01 5.039014e+01
3.320000e+01 6.876449e-01 5.135430e+01
3.360000e+01 6.813946e-01 5.232746e+01
3.400000e+01 6.750903e-01 5.330886e+01
3.440000e+01 6.687307e-01 5.429863e+01
3.480000e+01 6.623172e-01 5.529653e+01
3.520000e+01 6.558492e-01 5.630260e+01
3.560000e+01 6.493253e-01 5.731699e+01
3.600000e+01 6.425520e-01 5.836541e+01
3.640000e+01 6.361294e-01 5.936818e+01
3.680000e+01 6.294589e-01 6.040475e+01
3.720000e+01 6.227228e-01 6.145078e+01
3.760000e+01 6.158830e-01 6.251108e+01
3.800000e+01 6.090043e-01 6.357760e+01
3.840000e+01 6.021987e-01 6.463601e+01
3.880000e+01 5.952517e-01 6.571357e+01
3.920000e+01 5.882339e-01 6.680130e+01
3.960000e+01 5.811493e-01 6.789876e+01
4.000000e+01 5.739974e-01 6.900606e+01
4.040000e+01 5.667711e-01 7.012415e+01
4.080000e+01 5.594673e-01 7.125347e+01
4.120000e+01 5.520813e-01 7.239473e+01
4.160000e+01 5.446061e-01 7.354886e+01
4.200000e+01 5.370331e-01 7.471708e+01
4.240000e+01 5.293425e-01 7.590197e+01
4.280000e+01 5.211779e-01 7.715068e+01
4.320000e+01 5.136324e-01 7.831951e+01
4.360000e+01 5.052666e-01 7.959753e+01
4.400000e+01 4.974473e-01 8.080669e+01
4.440000e+01 4.891495e-01 8.208040e+01
4.480000e+01 4.806037e-01 8.338871e+01
4.520000e+01 4.719565e-01 8.471309e+01
4.560000e+01 4.630524e-01 8.607402e+01
4.600000e+01 4.539037e-01 8.747027e+01
4.640000e+01 4.444864e-01 8.890549e+01
4.680000e+01 4.347672e-01 9.038454e+01
4.720000e+01 4.247079e-01 9.191308e+01
4.760000e+01 4.142637e-01 9.349770e+01
4.800000e+01 4.033826e-01 9.514611e+01
4.840000e+01 3.920033e-01 9.686733e+01
4.880000e+01 3.800573e-01 9.867153e+01
4.920000e+01 3.674710e-01 1.005696e+02
4.960000e+01 3.541563e-01 1.025744e+02
5.000000e+01 3.400081e-01 1.047014e+02
5.040000e+01 3.250381e-01 1.069516e+02
5.080000e+01 3.090339e-01 1.093569e+02
5.120000e+01 2.917091e-01 1.119593e+02
5.160000e+01 2.727978e-01 1.148010e+02
5.200000e+01 2.518770e-01 1.179470e+02
5.240000e+01 2.288672e-01 1.214202e+02
5.280000e+01 2.029845e-01 1.253421e+02
5.320000e+01 1.737561e-01 1.298005e+02
5.360000e+01 1.389712e-01 1.351327e+02
5.400000e+01 1.040110e-01 1.406376e+02
5.440000e+01 6.618271e-02 1.467387e+02
5.480000e+01 3.178190e-02 1.525617e+02
5.520000e+01 7.722549e-03 1.570564e+02
5.560000e+01 1.188576e-03 1.590462e+02
5.600000e+01 2.537485e-05 1.599643e+02
5.640000e+01 8.020773e-08 1.604470e+02
5.680000e+01 6.210093e-08 1.607689e+02
5.720000e+01 1.239376e-09 1.609995e+02
5.760000e+01 3.551502e-16 1.611662e+02
5.800000e+01 7.504897e-16 1.612810e+02
5.840000e+01 4.424380e-26 1.613519e+02
5.880000e+01 1.927552e-20 1.613896e+02
5.920000e+01 7.647929e-27 1.614108e+02
5.960000e+01 3.029483e-32 1.614285e+02
6.000000e+01 2.706054e-23 1.614462e+02
6.040000e+01 2.546793e-33 1.614561e+02
6.080000e+01 1.120393e-21 1.614497e+02
6.120000e+01 8.582040e-23 1.614242e+02
6.160000e+01 3.243692e-17 1.613758e+02
6.200000e+01 2.213370e-15 1.613003e+02
6.240000e+01 1.081749e-19 1.611879e+02
6.280000e+01 6.785135e-11 1.610146e+02
6.320000e+01 5.964395e-07 1.607487e+02
6.360000e+01 4.015129e-05 1.603443e+02
6.400000e+01 1.229443e-03 1.596000e+02
6.440000e+01 7.038750e-03 1.580617e+02
6.480000e+01 1.955219e-02 1.555754e+02
6.520000e+01 3.681298e-02 1.525459e+02
6.560000e+01 5.713738e-02 1.492609e+02
6.600000e+01 7.512068e-02 1.464280e+02
6.640000e+01 9.081965e-02 1.440172e+02
6.680000e+01 1.041255e-01 1.420144e+02
6.720000e+01 1.150347e-01 1.403954e+02
6.760000e+01 1.244539e-01 1.390264e+02
6.800000e+01 1.322846e-01 1.379065e+02
6.840000e+01 1.385910e-01 1.370171e+02
6.880000e+01 1.438013e-01 1.362960e+02
6.920000e+01 1.479689e-01 1.357314e+02
6.960000e+01 1.512786e-01 1.352952e+02
7.000000e+01 1.538528e-01 1.349686e+02
7.040000e+01 1.557931e-01 1.347360e+02
7.080000e+01 1.571882e-01 1.345837e+02
7.120000e+01 1.581104e-01 1.345009e+02
7.160000e+01 1.586237e-01 1.344780e+02
7.200000e+01 1.587824e-01 1.345067e+02
7.240000e+01 1.586319e-01 1.345804e+02
7.280000e+01 1.582127e-01 1.346930e+02
7.320000e+01 1.575592e-01 1.348394e+02
7.360000e+01 1.566994e-01 1.350154e+02
7.400000e+01 1.556604e-01 1.352171e+02
7.440000e+01 1.544618e-01 1.354416e+02
7.480000e+01 1.531184e-01 1.356865e+02
7.520000e+01 1.516349e-01 1.359508e+02
7.560000e+01 1.500805e-01 1.362258e+02
7.600000e+01 1.484248e-01 1.365150e+02
7.640000e+01 1.460938e-01 1.368938e+02
7.680000e+01 1.448193e-01 1.371336e+02
7.720000e+01 1.430537e-01 1.374399e+02
7.760000e+01 1.406911e-01 1.378272e+02
7.800000e+01 1.391520e-01 1.381015e+02
7.840000e+01 1.371101e-01 1.384449e+02
7.880000e+01 1.350032e-01 1.387972e+02
7.920000e+01 1.328426e-01 1.391566e+02
7.960000e+01 1.306410e-01 1.395210e+02
8.000000e+01 1.284272e-01 1.398859e+02
8.040000e+01 1.262679e-01 1.402415e+02
8.080000e+01 1.242781e-01 1.405728e+02
8.120000e+01 1.224464e-01 1.408814e+02
8.160000e+01 1.206648e-01 1.411814e+02
8.200000e+01 1.188773e-01 1.414809e+02
8.240000e+01 1.170663e-01 1.417831e+02
8.280000e+01 1.152292e-01 1.420885e+02
8.320000e+01 1.133704e-01 1.423968e+02
8.360000e+01 1.114958e-01 1.427070e+02
8.400000e+01 1.096126e-01 1.430182e+02
8.440000e+01 1.077262e-01 1.433295e+02
8.480000e+01 1.058407e-01 1.436404e+02
8.520000e+01 1.039601e-01 1.439502e+02
8.560000e+01 1.020885e-01 1.442584e+02
8.600000e+01 1.002270e-01 1.445647e+02
8.640000e+01 9.837777e-02 1.448689e+02
8.680000e+01 9.654155e-02 1.451708e+02
8.720000e+01 9.472381e-02 1.454696e+02
8.760000e+01 9.292237e-02 1.457657e+02
8.800000e+01 9.114131e-02 1.460583e+02
8.840000e+01 8.938258e-02 1.463473e+02
8.880000e+01 8.764618e-02 1.466327e+02
8.920000e+01 8.592993e-02 1.469147e+02
8.960000e+01 8.423354e-02 1.471934e+02
9.000000e+01 8.255714e-02 1.474689e+02
9.040000e+01 8.090150e-02 1.477409e+02
9.080000e+01 7.926581e-02 1.480096e+02
9.120000e+01 7.765286e-02 1.482747e+02
9.160000e+01 7.606168e-02 1.485362e+02
9.200000e+01 7.449098e-02 1.487943e+02
9.240000e+01 7.294076e-02 1.490490e+02
9.280000e+01 7.141109e-02 1.493004e+02
9.320000e+01 6.989364e-02 1.495493e+02
9.360000e+01 6.833866e-02 1.498022e+02
9.400000e+01 6.652739e-02 1.500879e+02
9.440000e+01 6.549488e-02 1.502722e+02
9.480000e+01 6.410229e-02 1.505024e+02
9.520000e+01 6.270932e-02 1.507317e+02
9.560000e+01 6.131182e-02 1.509608e+02
9.600000e+01 5.980397e-02 1.512030e+02
9.640000e+01 5.839585e-02 1.514320e+02
9.680000e+01 5.732633e-02 1.516177e+02
9.720000e+01 5.607218e-02 1.518258e+02
9.760000e+01 5.481577e-02 1.520335e+02
9.800000e+01 5.357412e-02 1.522385e+02
9.840000e+01 5.235058e-02 1.524406e+02
9.880000e+01 5.114448e-02 1.526397e+02
9.920000e+01 4.995424e-02 1.528361e+02
9.960000e+01 4.878329e-02 1.530294e+02
1.000000e+02 4.762434e-02 1.532204e+02
1.004000e+02 4.646046e-02 1.534113e+02
1.008000e+02 4.535911e-02 1.535938e+02
1.012000e+02 4.424171e-02 1.537775e+02
1.016000e+02 4.275205e-02 1.540077e+02
1.020000e+02 4.198380e-02 1.541459e+02
1.024000e+02 4.111924e-02 1.542961e+02
1.028000e+02 4.012915e-02 1.544614e+02
1.032000e+02 3.913201e-02 1.546269e+02
1.036000e+02 3.812568e-02 1.547930e+02
1.040000e+02 3.710106e-02 1.549608e+02
1.044000e+02 3.621790e-02 1.551102e+02
1.048000e+02 3.528473e-02 1.552653e+02
1.052000e+02 3.435733e-02 1.554192e+02
1.056000e+02 3.344124e-02 1.555711e+02
1.060000e+02 3.253659e-02 1.557211e+02
1.064000e+02 3.164288e-02 1.558693e+02
1.068000e+02 3.075931e-02 1.560157e+02
1.072000e+02 2.988465e-02 1.561605e+02
1.076000e+02 2.901835e-02 1.563038e+02
1.080000e+02 2.815580e-02 1.564464e+02
1.084000e+02 2.730425e-02 1.565871e+02
1.088000e+02 2.645208e-02 1.567276e+02
1.092000e+02 2.559488e-02 1.568685e+02
1.096000e+02 2.463421e-02 1.570226e+02
1.100000e+02 2.388258e-02 1.571493e+02
1.104000e+02 2.297889e-02 1.572954e+02
1.108000e+02 2.109104e-02 1.575698e+02
1.112000e+02 2.122213e-02 1.575816e+02
1.116000e+02 2.039843e-02 1.577182e+02
1.120000e+02 1.949468e-02 1.578651e+02
1.124000e+02 1.854906e-02 1.580178e+02
1.128000e+02 1.755862e-02 1.581768e+02
1.132000e+02 1.651631e-02 1.583435e+02
1.136000e+02 1.540730e-02 1.585200e+02
1.140000e+02 1.421668e-02 1.587088e+02
1.144000e+02 1.292442e-02 1.589129e+02
1.148000e+02 1.149702e-02 1.591376e+02
1.152000e+02 9.955219e-03 1.593811e+02
1.156000e+02 8.269868e-03 1.596488e+02
1.160000e+02 6.433735e-03 1.599431e+02
1.164000e+02 4.517010e-03 1.602568e+02
1.168000e+02 2.672217e-03 1.605718e+02
1.172000e+02 1.166790e-03 1.608525e+02
1.176000e+02 2.851467e-04 1.610558e+02
1.180000e+02 2.036377e-05 1.611684e+02
1.184000e+02 5.938499e-08 1.612231e+02
1.188000e+02 1.994345e-14 1.612413e+02
1.192000e+02 4.425353e-07 1.612248e+02
1.196000e+02 4.483466e-05 1.611740e+02
1.200000e+02 3.932248e-04 1.610681e+02
1.204000e+02 1.257470e-03 1.608962e+02
1.208000e+02 2.465804e-03 1.606909e+02
1.212000e+02 3.728800e-03 1.604920e+02
1.216000e+02 4.860509e-03 1.603217e+02
1.220000e+02 5.789783e-03 1.601868e+02
1.224000e+02 6.512073e-03 1.600856e+02
1.228000e+02 7.049841e-03 1.600132e+02
1.232000e+02 7.429670e-03 1.599649e+02
1.236000e+02 7.677167e-03 1.599362e+02
1.240000e+02 7.597120e-03 1.599516e+02
1.244000e+02 7.903086e-03 1.599193e+02
1.248000e+02 7.970835e-03 1.599187e+02
1.252000e+02 7.898433e-03 1.599366e+02
1.256000e+02 7.842677e-03 1.599532e+02
1.260000e+02 7.841576e-03 1.599634e+02
1.264000e+02 7.754900e-03 1.599847e+02
1.268000e+02 7.643742e-03 1.600093e+02
1.272000e+02 7.516141e-03 1.600361e+02
1.276000e+02 7.376540e-03 1.600646e+02
1.280000e+02 7.223860e-03 1.600947e+02
1.284000e+02 7.044115e-03 1.601283e+02
1.288000e+02 6.920537e-03 1.601546e+02
1.292000e+02 6.764239e-03 1.601851e+02
1.296000e+02 6.604498e-03 1.602160e+02
1.300000e+02 6.443831e-03 1.602469e+02
1.304000e+02 6.283104e-03 1.602776e+02
1.308000e+02 6.122848e-03 1.603082e+02
1.312000e+02 5.963960e-03 1.603385e+02
1.316000e+02 5.806577e-03 1.603685e+02
1.320000e+02 5.650852e-03 1.603981e+02
1.324000e+02 5.496519e-03 1.604274e+02
1.328000e+02 5.346574e-03 1.604560e+02
1.332000e+02 5.197854e-03 1.604843e+02
1.336000e+02 5.052109e-03 1.605121e+02
1.340000e+02 4.908919e-03 1.605394e+02
1.344000e+02 4.768471e-03 1.605663e+02
1.348000e+02 4.630827e-03 1.605926e+02
1.352000e+02 4.495981e-03 1.606184e+02
1.356000e+02 4.363895e-03 1.606438e+02
1.360000e+02 4.234338e-03 1.606687e+02
1.364000e+02 4.107201e-03 1.606932e+02
1.368000e+02 3.969193e-03 1.607189e+02
1.372000e+02 3.861870e-03 1.607406e+02
1.376000e+02 3.744898e-03 1.607633e+02
1.380000e+02 3.629729e-03 1.607858e+02
1.384000e+02 3.517731e-03 1.608076e+02
1.388000e+02 3.408926e-03 1.608289e+02
1.392000e+02 3.305516e-03 1.608494e+02
1.396000e+02 3.204003e-03 1.608694e+02
1.400000e+02 3.104600e-03 1.608891e+02
1.404000e+02 3.007365e-03 1.609084e+02
1.408000e+02 2.910996e-03 1.609275e+02
1.412000e+02 2.817241e-03 1.609462e+02
1.416000e+02 2.720705e-03 1.609651e+02
1.420000e+02 2.586712e-03 1.609886e+02
1.424000e+02 2.516358e-03 1.610041e+02
1.428000e+02 2.462062e-03 1.610175e+02
1.432000e+02 2.384117e-03 1.610337e+02
1.436000e+02 2.306247e-03 1.610497e+02
1.440000e+02 2.231862e-03 1.610651e+02
1.444000e+02 2.159927e-03 1.610800e+02
1.448000e+02 2.074906e-03 1.610964e+02
1.452000e+02 2.021598e-03 1.611088e+02
1.456000e+02 1.961346e-03 1.611219e+02
1.460000e+02 1.898359e-03 1.611353e+02
1.464000e+02 1.836601e-03 1.611485e+02
1.468000e+02 1.775972e-03 1.611615e+02
1.472000e+02 1.716746e-03 1.611742e+02
1.476000e+02 1.658945e-03 1.611867e+02
1.480000e+02 1.602431e-03 1.611989e+02
1.484000e+02 1.546317e-03 1.612110e+02
1.488000e+02 1.479080e-03 1.612245e+02
1.492000e+02 1.442096e-03 1.612340e+02
1.496000e+02 1.392438e-03 1.612451e+02
1.500000e+02 1.343361e-03 1.612561e+02
1.504000e+02 1.294954e-03 1.612668e+02
1.508000e+02 1.246741e-03 1.612775e+02
1.512000e+02 1.205304e-03 1.612873e+02
1.516000e+02 1.163124e-03 1.612971e+02
1.520000e+02 1.121837e-03 1.613067e+02
1.524000e+02 1.081614e-03 1.613161e+02
1.528000e+02 1.042452e-03 1.613254e+02
1.532000e+02 1.004277e-03 1.613344e+02
1.536000e+02 9.666165e-04 1.613433e+02
1.540000e+02 9.181677e-04 1.613536e+02
1.544000e+02 8.958098e-04 1.613604e+02
1.548000e+02 8.630577e-04 1.613685e+02
1.552000e+02 8.305499e-04 1.613766e+02
1.556000e+02 7.988895e-04 1.613845e+02
1.560000e+02 7.680726e-04 1.613923e+02
1.564000e+02 7.383038e-04 1.613998e+02
1.568000e+02 7.094153e-04 1.614072e+02
1.572000e+02 6.813169e-04 1.614145e+02
1.576000e+02 6.541881e-04 1.614216e+02
1.580000e+02 6.278357e-04 1.614286e+02
1.584000e+02 6.022693e-04 1.614354e+02
1.588000e+02 5.774914e-04 1.614421e+02
1.592000e+02 5.534543e-04 1.614487e+02
1.596000e+02 5.301898e-04 1.614551e+02
1.600000e+02 5.075869e-04 1.614614e+02
1.604000e+02 4.857147e-04 1.614677e+02
1.608000e+02 4.644985e-04 1.614737e+02
1.612000e+02 4.439091e-04 1.614797e+02
1.616000e+02 4.239579e-04 1.614856e+02
1.620000e+02 4.045993e-04 1.614914e+02
1.624000e+02 3.858167e-04 1.614971e+02
1.628000e+02 3.675949e-04 1.615027e+02
1.632000e+02 3.498979e-04 1.615082e+02
1.636000e+02 3.326963e-04 1.615137e+02
1.640000e+02 3.159215e-04 1.615191e+02
1.644000e+02 2.993324e-04 1.615244e+02
1.648000e+02 2.803524e-04 1.615301e+02
1.652000e+02 2.664074e-04 1.615351e+02
1.656000e+02 2.485827e-04 1.615406e+02
1.660000e+02 2.358626e-04 1.615455e+02
1.664000e+02 2.256808e-04 1.615501e+02
1.668000e+02 2.127695e-04 1.615550e+02
1.672000e+02 1.997816e-04 1.615599e+02
1.676000e+02 1.850732e-04 1.615651e+02
1.680000e+02 1.750464e-04 1.615698e+02
1.684000e+02 1.632675e-04 1.615746e+02
1.688000e+02 1.517661e-04 1.615795e+02
1.692000e+02 1.406018e-04 1.615844e+02
1.696000e+02 1.297785e-04 1.615893e+02
1.700000e+02 1.192753e-04 1.615943e+02
1.704000e+02 1.091919e-04 1.615992e+02
1.708000e+02 9.942213e-05 1.616042e+02
1.712000e+02 9.000297e-05 1.616093e+02
1.716000e+02 8.095896e-05 1.616144e+02
1.720000e+02 7.228694e-05 1.616196e+02
1.724000e+02 6.400129e-05 1.616249e+02
1.728000e+02 5.611571e-05 1.616303e+02
1.732000e+02 4.862987e-05 1.616358e+02
1.736000e+02 4.154397e-05 1.616415e+02
1.740000e+02 3.515584e-05 1.616473e+02
1.744000e+02 2.915605e-05 1.616534e+02
1.748000e+02 2.368147e-05 1.616597e+02
1.752000e+02 1.867756e-05 1.616662e+02
1.756000e+02 1.442451e-05 1.616730e+02
1.760000e+02 1.076935e-05 1.616802e+02
1.764000e+02 7.729331e-06 1.616879e+02
1.768000e+02 5.270299e-06 1.616959e+02
1.772000e+02 3.380820e-06 1.617046e+02
1.776000e+02 2.012347e-06 1.617138e+02
1.780000e+02 1.091777e-06 1.617238e+02
1.784000e+02 5.275553e-07 1.617345e+02
1.788000e+02 2.203241e-07 1.617461e+02
1.792000e+02 7.648160e-08 1.617585e+02
1.796000e+02 2.097800e-08 1.617718e+02
1.800000e+02 4.259741e-09 1.617859e+02
1.804000e+02 5.907701e-10 1.618007e+02
1.808000e+02 5.075947e-11 1.618157e+02
1.812000e+02 2.436996e-12 1.618305e+02
1.816000e+02 6.014976e-14 1.618445e+02
1.820000e+02 7.626010e-16 1.618569e+02
1.824000e+02 6.123847e-18 1.618668e+02
1.828000e+02 6.036783e-20 1.618737e+02
1.832000e+02 3.309004e-21 1.618768e+02
1.836000e+02 9.139015e-21 1.618761e+02
1.840000e+02 4.409979e-19 1.618716e+02
1.844000e+02 4.156689e-17 1.618639e+02
1.848000e+02 4.037096e-15 1.618538e+02
1.852000e+02 1.966504e-13 1.618420e+02
1.856000e+02 4.898226e-12 1.618294e+02
1.860000e+02 6.657660e-11 1.618167e+02
1.864000e+02 5.426032e-10 1.618043e+02
1.868000e+02 2.923759e-09 1.617926e+02
1.872000e+02 1.134198e-08 1.617818e+02
1.876000e+02 3.395972e-08 1.617720e+02
1.880000e+02 8.290570e-08 1.617632e+02
1.884000e+02 1.722567e-07 1.617553e+02
1.888000e+02 3.148047e-07 1.617484e+02
1.892000e+02 5.191094e-07 1.617423e+02
1.896000e+02 7.879410e-07 1.617369e+02
1.900000e+02 1.117982e-06 1.617323e+02
1.904000e+02 1.500919e-06 1.617282e+02
1.908000e+02 1.925006e-06 1.617247e+02
1.912000e+02 2.376690e-06 1.617216e+02
1.916000e+02 2.841962e-06 1.617190e+02
1.920000e+02 3.307733e-06 1.617168e+02
1.924000e+02 3.762188e-06 1.617149e+02
1.928000e+02 4.194442e-06 1.617133e+02
1.932000e+02 4.585135e-06 1.617119e+02
1.936000e+02 4.966106e-06 1.617108e+02
1.940000e+02 5.314922e-06 1.617099e+02
1.944000e+02 5.629415e-06 1.617092e+02
1.948000e+02 5.901162e-06 1.617086e+02
1.952000e+02 6.055980e-06 1.617082e+02
1.956000e+02 6.157292e-06 1.617079e+02
1.960000e+02 6.512185e-06 1.617077e+02
1.964000e+02 6.682593e-06 1.617076e+02
1.968000e+02 6.794100e-06 1.617077e+02
1.972000e+02 6.867507e-06 1.617078e+02
1.976000e+02 6.907345e-06 1.617080e+02
1.980000e+02 6.917732e-06 1.617083e+02
1.984000e+02 6.907390e-06 1.617087e+02
1.988000e+02 6.868844e-06 1.617091e+02
1.992000e+02 6.801725e-06 1.617095e+02
1.996000e+02 6.722683e-06 1.617101e+02
2.000000e+02 6.621340e-06 1.617106e+02
2.004000e+02 6.495775e-06 1.617113e+02
2.008000e+02 6.340844e-06 1.617120e+02
2.012000e+02 6.192750e-06 1.617127e+02
2.016000e+02 6.040108e-06 1.617134e+02
2.020000e+02 5.862712e-06 1.617142e+02
2.024000e+02 5.669894e-06 1.617151e+02
2.028000e+02 5.472990e-06 1.617159e+02
2.032000e+02 5.292636e-06 1.617167e+02
2.036000e+02 5.162284e-06 1.617174e+02
2.040000e+02 5.078171e-06 1.617181e+02
2.044000e+02 5.005956e-06 1.617188e+02
2.048000e+02 4.927286e-06 1.617194e+02
2.052000e+02 4.837520e-06 1.617201e+02
2.056000e+02 4.735695e-06 1.617208e+02
2.060000e+02 4.620604e-06 1.617215e+02
2.064000e+02 4.506613e-06 1.617223e+02
2.068000e+02 4.385434e-06 1.617230e+02
2.072000e+02 4.259181e-06 1.617238e+02
2.076000e+02 4.129907e-06 1.617246e+02
2.080000e+02 3.994729e-06 1.617254e+02
2.084000e+02 3.818397e-06 1.617262e+02
2.088000e+02 3.650038e-06 1.617270e+02
2.092000e+02 3.615653e-06 1.617279e+02
2.096000e+02 3.503262e-06 1.617287e+02
2.100000e+02 3.384658e-06 1.617295e+02
2.104000e+02 3.259303e-06 1.617304e+02
2.108000e+02 2.974662e-06 1.617312e+02
2.112000e+02 3.035471e-06 1.617320e+02
2.116000e+02 2.930813e-06 1.617329e+02
2.120000e+02 2.824743e-06 1.617337e+02
2.124000e+02 2.720686e-06 1.617346e+02
2.128000e+02 2.619180e-06 1.617354e+02
2.132000e+02 2.520373e-06 1.617363e+02
2.136000e+02 2.424225e-06 1.617371e+02
2.140000e+02 2.330479e-06 1.617380e+02
2.144000e+02 2.237538e-06 1.617388e+02
2.148000e+02 2.124701e-06 1.617396e+02
2.152000e+02 2.054584e-06 1.617405e+02
2.156000e+02 1.985861e-06 1.617413e+02
2.160000e+02 1.907792e-06 1.617422e+02
2.164000e+02 1.833404e-06 1.617430e+02
2.168000e+02 1.760078e-06 1.617438e+02
2.172000e+02 1.689122e-06 1.617446e+02
2.176000e+02 1.620414e-06 1.617455e+02
2.180000e+02 1.554379e-06 1.617463e+02
2.184000e+02 1.490511e-06 1.617471e+02
2.188000e+02 1.428928e-06 1.617480e+02
2.192000e+02 1.369362e-06 1.617488e+02
2.196000e+02 1.312193e-06 1.617496e+02
2.200000e+02 1.256974e-06 1.617504e+02
2.204000e+02 1.203675e-06 1.617512e+02
2.208000e+02 1.152270e-06 1.617520e+02
2.212000e+02 1.102602e-06 1.617528e+02
2.216000e+02 1.054762e-06 1.617537e+02
2.220000e+02 1.008473e-06 1.617545e+02
2.224000e+02 9.635467e-07 1.617553e+02
2.228000e+02 9.201798e-07 1.617561e+02
2.232000e+02 8.778538e-07 1.617569e+02
2.236000e+02 8.367669e-07 1.617577e+02
2.240000e+02 7.965398e-07 1.617585e+02
2.244000e+02 7.571677e-07 1.617594e+02
2.248000e+02 7.185116e-07 1.617602e+02
2.252000e+02 6.812651e-07 1.617610e+02
2.256000e+02 6.455587e-07 1.617618e+02
2.260000e+02 6.036263e-07 1.617626e+02
2.264000e+02 5.904523e-07 1.617633e+02
2.268000e+02 5.709407e-07 1.617640e+02
2.272000e+02 5.507574e-07 1.617647e+02
2.276000e+02 5.303547e-07 1.617654e+02
2.280000e+02 5.098880e-07 1.617661e+02
2.284000e+02 4.895125e-07 1.617668e+02
2.288000e+02 4.693633e-07 1.617675e+02
2.292000e+02 4.494689e-07 1.617682e+02
2.296000e+02 4.269100e-07 1.617690e+02
2.300000e+02 4.112421e-07 1.617697e+02
2.304000e+02 3.926380e-07 1.617704e+02
2.308000e+02 3.738653e-07 1.617711e+02
2.312000e+02 3.369004e-07 1.617718e+02
2.316000e+02 3.391662e-07 1.617725e+02
2.320000e+02 3.264259e-07 1.617732e+02
2.324000e+02 3.115513e-07 1.617739e+02
2.328000e+02 2.964705e-07 1.617746e+02
2.332000e+02 2.810490e-07 1.617753e+02
2.336000e+02 2.640404e-07 1.617760e+02
2.340000e+02 2.425295e-07 1.617767e+02
2.344000e+02 2.414637e-07 1.617774e+02
2.348000e+02 2.329164e-07 1.617781e+02
2.352000e+02 2.223032e-07 1.617788e+02
2.356000e+02 2.005623e-07 1.617795e+02
2.360000e+02 2.005685e-07 1.617802e+02
2.364000e+02 1.936231e-07 1.617809e+02
2.368000e+02 1.828384e-07 1.617815e+02
2.372000e+02 1.536019e-07 1.617822e+02
2.376000e+02 1.669377e-07 1.617829e+02
2.380000e+02 1.600018e-07 1.617836e+02
2.384000e+02 1.519182e-07 1.617843e+02
2.388000e+02 1.428759e-07 1.617849e+02
2.392000e+02 1.299290e-07 1.617856e+02
2.396000e+02 1.289717e-07 1.617863e+02
2.400000e+02 1.227903e-07 1.617870e+02
2.404000e+02 1.167353e-07 1.617877e+02
2.408000e+02 1.107038e-07 1.617883e+02
2.412000e+02 1.048091e-07 1.617890e+02
2.416000e+02 9.931685e-08 1.617897e+02
2.420000e+02 9.346904e-08 1.617903e+02
2.424000e+02 8.184288e-08 1.617909e+02
2.428000e+02 8.639142e-08 1.617915e+02
2.432000e+02 8.155477e-08 1.617921e+02
2.436000e+02 7.586301e-08 1.617927e+02
2.440000e+02 7.574841e-08 1.617933e+02
2.444000e+02 7.306342e-08 1.617939e+02
2.448000e+02 7.019350e-08 1.617944e+02
2.452000e+02 6.706970e-08 1.617950e+02
2.456000e+02 6.398868e-08 1.617956e+02
2.460000e+02 6.099750e-08 1.617962e+02
2.464000e+02 5.810467e-08 1.617968e+02
2.468000e+02 5.531025e-08 1.617974e+02
2.472000e+02 5.257711e-08 1.617980e+02
2.476000e+02 4.962875e-08 1.617986e+02
2.480000e+02 4.636992e-08 1.617992e+02
2.484000e+02 4.441423e-08 1.617998e+02
2.488000e+02 4.283616e-08 1.618004e+02
2.492000e+02 4.052887e-08 1.618010e+02
2.496000e+02 3.681390e-08 1.618016e+02
2.500000e+02 2.937955e-08 1.618021e+02
2.504000e+02 3.451680e-08 1.618027e+02
2.508000e+02 3.315021e-08 1.618033e+02
2.512000e+02 3.116049e-08 1.618039e+02
2.516000e+02 3.008455e-08 1.618045e+02
2.520000e+02 2.868879e-08 1.618050e+02
2.524000e+02 2.729119e-08 1.618056e+02
2.528000e+02 2.593831e-08 1.618062e+02
2.532000e+02 2.462503e-08 1.618067e+02
2.536000e+02 2.335452e-08 1.618073e+02
2.540000e+02 2.213505e-08 1.618079e+02
2.544000e+02 2.096764e-08 1.618085e+02
2.548000e+02 1.987210e-08 1.618090e+02
2.552000e+02 1.886787e-08 1.618096e+02
2.556000e+02 1.795958e-08 1.618101e+02
2.560000e+02 1.710501e-08 1.618106e+02
2.564000e+02 1.628901e-08 1.618112e+02
2.568000e+02 1.549864e-08 1.618117e+02
2.572000e+02 1.473577e-08 1.618122e+02
2.576000e+02 1.398873e-08 1.618127e+02
2.580000e+02 1.323514e-08 1.618133e+02
2.584000e+02 1.237884e-08 1.618138e+02
2.588000e+02 1.083395e-08 1.618143e+02
2.592000e+02 1.129218e-08 1.618148e+02
2.596000e+02 1.079275e-08 1.618154e+02
2.600000e+02 1.026093e-08 1.618159e+02
2.604000e+02 9.742907e-09 1.618164e+02
2.608000e+02 9.238705e-09 1.618169e+02
2.612000e+02 8.765357e-09 1.618175e+02
2.616000e+02 8.308353e-09 1.618180e+02
2.620000e+02 7.870134e-09 1.618185e+02
2.624000e+02 7.448075e-09 1.618190e+02
2.628000e+02 6.962279e-09 1.618195e+02
2.632000e+02 6.641484e-09 1.618200e+02
2.636000e+02 6.041994e-09 1.618206e+02
2.640000e+02 5.906762e-09 1.618211e+02
2.644000e+02 5.611081e-09 1.618216e+02
2.648000e+02 5.241980e-09 1.618221e+02
2.652000e+02 4.979105e-09 1.618226e+02
2.656000e+02 4.706970e-09 1.618231e+02
2.660000e+02 4.442352e-09 1.618236e+02
2.664000e+02 4.205593e-09 1.618241e+02
2.668000e+02 3.978130e-09 1.618246e+02
2.672000e+02 3.437857e-09 1.618250e+02
2.676000e+02 3.589600e-09 1.618255e+02
2.680000e+02 3.460255e-09 1.618260e+02
2.684000e+02 3.300513e-09 1.618264e+02
2.688000e+02 3.140302e-09 1.618269e+02
2.692000e+02 2.983950e-09 1.618273e+02
2.696000e+02 2.832823e-09 1.618278e+02
2.700000e+02 2.687608e-09 1.618283e+02
2.704000e+02 2.548172e-09 1.618287e+02
2.708000e+02 2.415291e-09 1.618292e+02
2.712000e+02 2.288239e-09 1.618296e+02
2.716000e+02 2.167214e-09 1.618301e+02
2.720000e+02 2.050859e-09 1.618306e+02
2.724000e+02 1.937631e-09 1.618310e+02
2.728000e+02 1.810132e-09 1.618315e+02
2.732000e+02 1.684080e-09 1.618319e+02
2.736000e+02 1.637508e-09 1.618324e+02
2.740000e+02 1.546634e-09 1.618328e+02
2.744000e+02 1.377639e-09 1.618333e+02
2.748000e+02 1.376595e-09 1.618337e+02
2.752000e+02 1.313275e-09 1.618342e+02
2.756000e+02 1.241987e-09 1.618346e+02
2.760000e+02 1.170169e-09 1.618351e+02
2.764000e+02 1.097163e-09 1.618355e+02
2.768000e+02 1.037287e-09 1.618359e+02
2.772000e+02 9.917308e-10 1.618364e+02
2.776000e+02 9.422273e-10 1.618368e+02
2.780000e+02 8.918447e-10 1.618372e+02
2.784000e+02 8.433655e-10 1.618377e+02
2.788000e+02 7.971080e-10 1.618381e+02
2.792000e+02 7.497088e-10 1.618385e+02
2.796000e+02 6.985922e-10 1.618390e+02
2.800000e+02 6.716851e-10 1.618394e+02
2.804000e+02 6.363391e-10 1.618398e+02
2.808000e+02 6.014484e-10 1.618402e+02
2.812000e+02 5.678763e-10 1.618407e+02
2.816000e+02 5.365704e-10 1.618411e+02
2.820000e+02 5.065233e-10 1.618415e+02
2.824000e+02 4.782130e-10 1.618419e+02
2.828000e+02 4.460220e-10 1.618423e+02
2.832000e+02 4.259815e-10 1.618427e+02
2.836000e+02 4.023377e-10 1.618431e+02
2.840000e+02 3.796830e-10 1.618436e+02
2.844000e+02 3.581544e-10 1.618440e+02
2.848000e+02 3.376405e-10 1.618444e+02
2.852000e+02 3.180134e-10 1.618448e+02
2.856000e+02 2.981671e-10 1.618452e+02
2.860000e+02 2.640502e-10 1.618456e+02
2.864000e+02 2.526638e-10 1.618460e+02
2.868000e+02 2.501228e-10 1.618464e+02
2.872000e+02 2.370539e-10 1.618468e+02
2.876000e+02 2.236682e-10 1.618472e+02
2.880000e+02 2.105188e-10 1.618476e+02
2.884000e+02 1.969915e-10 1.618480e+02
2.888000e+02 1.742406e-10 1.618484e+02
2.892000e+02 1.694357e-10 1.618488e+02
2.896000e+02 1.653253e-10 1.618492e+02
2.900000e+02 1.566246e-10 1.618495e+02
2.904000e+02 1.478025e-10 1.618499e+02
2.908000e+02 1.392423e-10 1.618503e+02
2.912000e+02 1.311468e-10 1.618507e+02
2.916000e+02 1.235089e-10 1.618511e+02
2.920000e+02 1.161920e-10 1.618515e+02
2.924000e+02 1.091089e-10 1.618519e+02
2.928000e+02 1.016956e-10 1.618522e+02
2.932000e+02 8.190725e-11 1.618526e+02
2.936000e+02 8.795684e-11 1.618530e+02
2.940000e+02 8.538914e-11 1.618534e+02
2.944000e+02 8.055715e-11 1.618538e+02
2.948000e+02 7.581231e-11 1.618541e+02
2.952000e+02 7.128509e-11 1.618545e+02
2.956000e+02 6.700389e-11 1.618549e+02
2.960000e+02 6.292921e-11 1.618553e+02
2.964000e+02 5.907829e-11 1.618556e+02
2.968000e+02 5.545363e-11 1.618560e+02
2.972000e+02 5.196290e-11 1.618564e+02
2.976000e+02 4.863739e-11 1.618567e+02
2.980000e+02 4.534108e-11 1.618571e+02
2.984000e+02 4.162204e-11 1.618575e+02
2.988000e+02 3.971368e-11 1.618579e+02
2.992000e+02 3.757214e-11 1.618582e+02
2.996000e+02 3.533765e-11 1.618586e+02
3.000000e+02 3.312858e-11 1.618589e+02
3.004000e+02 3.088948e-11 1.618593e+02
3.008000e+02 2.850177e-11 1.618597e+02
3.012000e+02 2.672761e-11 1.618600e+02
3.016000e+02 2.389681e-11 1.618604e+02
3.020000e+02 2.229757e-11 1.618608e+02
3.024000e+02 2.202331e-11 1.618611e+02
3.028000e+02 2.051671e-11 1.618615e+02
3.032000e+02 1.606373e-11 1.618619e+02
3.036000e+02 1.806448e-11 1.618622e+02
3.040000e+02 1.701860e-11 1.618626e+02
3.044000e+02 1.589759e-11 1.618630e+02
3.048000e+02 1.480646e-11 1.618633e+02
3.052000e+02 1.383623e-11 1.618637e+02
3.056000e+02 1.291491e-11 1.618641e+02
3.060000e+02 1.202997e-11 1.618644e+02
3.064000e+02 1.119313e-11 1.618648e+02
3.068000e+02 1.040186e-11 1.618652e+02
3.072000e+02 9.654769e-12 1.618656e+02
3.076000e+02 8.949588e-12 1.618659e+02
3.080000e+02 8.288452e-12 1.618663e+02
3.084000e+02 7.663531e-12 1.618667e+02
3.088000e+02 7.072393e-12 1.618671e+02
3.092000e+02 6.518584e-12 1.618675e+02
3.096000e+02 5.995855e-12 1.618679e+02
3.100000e+02 5.449336e-12 1.618683e+02
3.104000e+02 5.052386e-12 1.618687e+02
3.108000e+02 4.641646e-12 1.618691e+02
3.112000e+02 4.257565e-12 1.618695e+02
3.116000e+02 3.896653e-12 1.618699e+02
3.120000e+02 3.555903e-12 1.618703e+02
3.124000e+02 3.233381e-12 1.618707e+02
3.128000e+02 2.928761e-12 1.618711e+02
3.132000e+02 2.643680e-12 1.618716e+02
3.136000e+02 2.378475e-12 1.618720e+02
3.140000e+02 2.133012e-12 1.618725e+02
3.144000e+02 1.911938e-12 1.618729e+02
3.148000e+02 1.702333e-12 1.618734e+02
3.152000e+02 1.503762e-12 1.618739e+02
3.156000e+02 1.309551e-12 1.618744e+02
3.160000e+02 1.106316e-12 1.618750e+02
3.164000e+02 8.622127e-13 1.618756e+02
3.168000e+02 8.325324e-13 1.618762e+02
3.172000e+02 6.715181e-13 1.618768e+02
3.176000e+02 5.864201e-13 1.618775e+02
3.180000e+02 4.772881e-13 1.618782e+02
3.184000e+02 3.787626e-13 1.618790e+02
3.188000e+02 2.918690e-13 1.618799e+02
3.192000e+02 2.168660e-13 1.618808e+02
3.196000e+02 1.537077e-13 1.618819e+02
3.200000e+02 8.163526e-14 1.618831e+02
3.204000e+02 6.538205e-14 1.618845e+02
3.208000e+02 3.803759e-14 1.618860e+02
3.212000e+02 1.977952e-14 1.618877e+02
3.216000e+02 8.943266e-15 1.618897e+02
3.220000e+02 3.375261e-15 1.618920e+02
3.224000e+02 1.012654e-15 1.618946e+02
3.228000e+02 2.275352e-16 1.618975e+02
3.232000e+02 3.595267e-17 1.619007e+02
3.236000e+02 3.829229e-18 1.619040e+02
3.240000e+02 2.845475e-19 1.619073e+02
3.244000e+02 1.823761e-20 1.619100e+02
3.248000e+02 1.764547e-21 1.619119e+02
3.252000e+02 7.297612e-22 1.619125e+02
3.256000e+02 2.672336e-21 1.619118e+02
3.260000e+02 2.885924e-20 1.619100e+02
3.264000e+02 3.704352e-19 1.619075e+02
3.268000e+02 3.301029e-18 1.619047e+02
3.272000e+02 2.659221e-17 1.619019e+02
3.276000e+02 1.322953e-16 1.618994e+02
3.280000e+02 4.600771e-16 1.618972e+02
3.284000e+02 1.238718e-15 1.618954e+02
3.288000e+02 2.667899e-15 1.618938e+02
3.292000e+02 4.862939e-15 1.618926e+02
3.296000e+02 7.791350e-15 1.618916e+02
3.300000e+02 1.128751e-14 1.618907e+02
3.304000e+02 1.510896e-14 1.618901e+02
3.308000e+02 1.899470e-14 1.618896e+02
3.312000e+02 2.270684e-14 1.618892e+02
3.316000e+02 2.604381e-14 1.618889e+02
3.320000e+02 2.881343e-14 1.618887e+02
3.324000e+02 3.041690e-14 1.618886e+02
3.328000e+02 2.764078e-14 1.618885e+02
3.332000e+02 3.372772e-14 1.618885e+02
3.336000e+02 3.515712e-14 1.618885e+02
3.340000e+02 3.561181e-14 1.618885e+02
3.344000e+02 3.557930e-14 1.618886e+02
3.348000e+02 3.513702e-14 1.618887e+02
3.352000e+02 3.402044e-14 1.618888e+02
3.356000e+02 3.361193e-14 1.618889e+02
3.360000e+02 3.274275e-14 1.618890e+02
3.364000e+02 3.172888e-14 1.618892e+02
3.368000e+02 3.057705e-14 1.618894e+02
3.372000e+02 2.931533e-14 1.618895e+02
3.376000e+02 2.798333e-14 1.618897e+02
3.380000e+02 2.660248e-14 1.618899e+02
3.384000e+02 2.519223e-14 1.618901e+02
3.388000e+02 2.378480e-14 1.618903e+02
3.392000e+02 2.238941e-14 1.618906e+02
3.396000e+02 2.101777e-14 1.618908e+02
3.400000e+02 1.968238e-14 1.618910e+02
3.404000e+02 1.839107e-14 1.618912e+02
3.408000e+02 1.714773e-14 1.618915e+02
3.412000e+02 1.595682e-14 1.618917e+02
3.416000e+02 1.482019e-14 1.618920e+02
3.420000e+02 1.373651e-14 1.618922e+02
3.424000e+02 1.271141e-14 1.618925e+02
3.428000e+02 1.173105e-14 1.618927e+02
3.432000e+02 1.049821e-14 1.618930e+02
3.436000e+02 9.865913e-15 1.618932e+02
3.440000e+02 9.168710e-15 1.618935e+02
3.444000e+02 8.420822e-15 1.618938e+02
3.448000e+02 7.698567e-15 1.618940e+02
3.452000e+02 7.045703e-15 1.618943e+02
3.456000e+02 6.460787e-15 1.618946e+02
3.460000e+02 5.912668e-15 1.618949e+02
3.464000e+02 5.408708e-15 1.618951e+02
3.468000e+02 4.933266e-15 1.618954e+02
3.472000e+02 4.491408e-15 1.618957e+02
3.476000e+02 4.082700e-15 1.618960e+02
3.480000e+02 3.704559e-15 1.618963e+02
3.484000e+02 3.355994e-15 1.618965e+02
3.488000e+02 3.035001e-15 1.618968e+02
3.492000e+02 2.739763e-15 1.618971e+02
3.496000e+02 2.466994e-15 1.618974e+02
3.500000e+02 2.219721e-15 1.618977e+02
3.504000e+02 1.991327e-15 1.618980e+02
3.508000e+02 1.780518e-15 1.618983e+02
3.512000e+02 1.584156e-15 1.618986e+02
3.516000e+02 1.388277e-15 1.618989e+02
3.520000e+02 1.229371e-15 1.618992e+02
3.524000e+02 9.658729e-16 1.618995e+02
3.528000e+02 9.189476e-16 1.618998e+02
3.532000e+02 8.876919e-16 1.619001e+02
3.536000e+02 7.901626e-16 1.619004e+02
3.540000e+02 6.981233e-16 1.619008e+02
3.544000e+02 6.127915e-16 1.619011e+02
3.548000e+02 5.251569e-16 1.619014e+02
3.552000e+02 4.558898e-16 1.619017e+02
3.556000e+02 4.103900e-16 1.619021e+02
3.560000e+02 3.579959e-16 1.619024e+02
3.564000e+02 3.105767e-16 1.619028e+02
3.568000e+02 2.680949e-16 1.619031e+02
3.572000e+02 2.293884e-16 1.619035e+02
3.576000e+02 1.731411e-16 1.619038e+02
3.580000e+02 1.655483e-16 1.619042e+02
3.584000e+02 1.391867e-16 1.619046e+02
3.588000e+02 8.857846e-17 1.619049e+02
3.592000e+02 9.796052e-17 1.619053e+02
3.596000e+02 8.094198e-17 1.619057e+02
3.600000e+02 6.985921e-17 1.619061e+02
3.604000e+02 5.778863e-17 1.619065e+02
3.608000e+02 4.728978e-17 1.619069e+02
3.612000e+02 3.831609e-17 1.619074e+02
3.616000e+02 3.028046e-17 1.619078e+02
3.620000e+02 2.446933e-17 1.619083e+02
3.624000e+02 1.928243e-17 1.619087e+02
3.628000e+02 1.498368e-17 1.619092e+02
3.632000e+02 1.146389e-17 1.619097e+02
3.636000e+02 8.598682e-18 1.619102e+02
3.640000e+02 6.308145e-18 1.619108e+02
3.644000e+02 3.209325e-18 1.619113e+02
3.648000e+02 3.242633e-18 1.619119e+02
3.652000e+02 2.323154e-18 1.619125e+02
3.656000e+02 1.574128e-18 1.619132e+02
3.660000e+02 1.019406e-18 1.619138e+02
3.664000e+02 6.224798e-19 1.619145e+02
3.668000e+02 3.213295e-19 1.619153e+02
3.672000e+02 1.749112e-19 1.619161e+02
3.676000e+02 6.869186e-20 1.619169e+02
3.680000e+02 1.584330e-20 1.619178e+02
3.684000e+02 4.772770e-22 1.619187e+02
3.688000e+02 1.874919e-21 1.619196e+02
3.692000e+02 4.027909e-21 1.619206e+02
3.696000e+02 3.456941e-21 1.619216e+02
3.700000e+02 2.024085e-21 1.619226e+02
3.704000e+02 9.431329e-22 1.619238e+02
3.708000e+02 3.650044e-22 1.619251e+02
3.712000e+02 1.210719e-22 1.619265e+02
3.716000e+02 3.481527e-23 1.619279e+02
3.720000e+02 8.195779e-24 1.619295e+02
3.724000e+02 1.559390e-24 1.619313e+02
3.728000e+02 2.314223e-25 1.619331e+02
3.732000e+02 2.553688e-26 1.619351e+02
3.736000e+02 1.973432e-27 1.619373e+02
3.740000e+02 9.863174e-29 1.619397e+02
3.744000e+02 2.880782e-30 1.619422e+02
3.748000e+02 4.288555e-32 1.619449e+02
3.752000e+02 2.083542e-34 1.619478e+02
3.756000e+02 6.438373e-37 1.619509e+02
3.760000e+02 3.870617e-40 1.619542e+02
3.764000e+02 4.120144e-44 1.619576e+02
3.768000e+02 4.676159e-49 1.619611e+02
3.772000e+02 3.176387e-55 1.619647e+02
3.776000e+02 5.445527e-63 1.619682e+02
3.780000e+02 9.536164e-73 1.619715e+02
3.784000e+02 7.069439e-85 1.619746e+02
3.788000e+02 1.618284e-99 1.619773e+02
3.792000e+02 3.252369e-116 1.619794e+02
3.796000e+02 4.764506e-133 1.619809e+02
3.800000e+02 3.457748e-145 1.619816e+02
3.804000e+02 2.349836e-144 1.619815e+02
3.808000e+02 2.841202e-131 1.619807e+02
3.812000e+02 2.302340e-114 1.619792e+02
3.816000e+02 4.813088e-98 1.619770e+02
3.820000e+02 6.157710e-84 1.619744e+02
3.824000e+02 2.378038e-72 1.619715e+02
3.828000e+02 4.691545e-63 1.619683e+02
3.832000e+02 1.157398e-55 1.619650e+02
3.836000e+02 8.719228e-50 1.619618e+02
3.840000e+02 4.296696e-45 1.619586e+02
3.844000e+02 2.543910e-41 1.619556e+02
3.848000e+02 2.897410e-38 1.619527e+02
3.852000e+02 9.117388e-36 1.619501e+02
3.856000e+02 1.046558e-33 1.619476e+02
3.860000e+02 5.432729e-32 1.619454e+02
3.864000e+02 1.493352e-30 1.619433e+02
3.868000e+02 2.425296e-29 1.619414e+02
3.872000e+02 2.345185e-28 1.619398e+02
3.876000e+02 1.939964e-27 1.619382e+02
3.880000e+02 1.106362e-26 1.619369e+02
3.884000e+02 4.846510e-26 1.619356e+02
3.888000e+02 1.712243e-25 1.619345e+02
3.892000e+02 5.040922e-25 1.619336e+02
3.896000e+02 1.271444e-24 1.619327e+02
3.900000e+02 2.830669e-24 1.619319e+02
3.904000e+02 5.794733e-24 1.619312e+02
3.908000e+02 1.149696e-23 1.619305e+02
3.912000e+02 2.234256e-23 1.619299e+02
3.916000e+02 4.126916e-23 1.619294e+02
3.920000e+02 7.148446e-23 1.619288e+02
3.924000e+02 1.146338e-22 1.619284e+02
3.928000e+02 1.719869e-22 1.619279e+02
3.932000e+02 2.600701e-22 1.619276e+02
3.936000e+02 3.632960e-22 1.619272e+02
3.940000e+02 4.860082e-22 1.619269e+02
3.944000e+02 6.272065e-22 1.619267e+02
3.948000e+02 7.837945e-22 1.619265e+02
3.952000e+02 9.521977e-22 1.619263e+02
3.956000e+02 1.133564e-21 1.619261e+02
3.960000e+02 1.316532e-21 1.619260e+02
3.964000e+02 1.487725e-21 1.619259e+02
3.968000e+02 1.674429e-21 1.619258e+02
3.972000e+02 1.848839e-21 1.619257e+02
3.976000e+02 2.010260e-21 1.619256e+02
3.980000e+02 2.153674e-21 1.619256e+02
3.984000e+02 2.278354e-21 1.619255e+02
3.988000e+02 2.381229e-21 1.619255e+02
3.992000e+02 2.457945e-21 1.619255e+02
3.996000e+02 2.493801e-21 1.619255e+02
4.000000e+02 2.229774e-21 1.619255e+02
+0.7 10 0
1.000000e+01 9.854346e-01 5.286437e+00
1.040000e+01 9.845535e-01 5.445853e+00
1.080000e+01 9.836796e-01 5.604984e+00
1.120000e+01 9.827543e-01 5.772649e+00
1.160000e+01 9.818459e-01 5.938895e+00
1.200000e+01 9.808636e-01 6.117509e+00
1.240000e+01 9.798307e-01 6.305128e+00
1.280000e+01 9.787466e-01 6.501964e+00
1.320000e+01 9.776095e-01 6.708368e+00
1.360000e+01 9.764174e-01 6.924716e+00
1.400000e+01 9.751672e-01 7.151593e+00
1.440000e+01 9.738522e-01 7.390168e+00
1.480000e+01 9.724431e-01 7.645092e+00
1.520000e+01 9.709994e-01 7.907630e+00
1.560000e+01 9.694434e-01 8.189901e+00
1.600000e+01 9.677738e-01 8.492485e+00
1.640000e+01 9.659845e-01 8.816922e+00
1.680000e+01 9.640424e-01 9.168997e+00
1.720000e+01 9.619090e-01 9.555531e+00
1.760000e+01 9.595378e-01 9.984957e+00
1.800000e+01 9.568622e-01 1.046927e+01
1.840000e+01 9.537892e-01 1.102520e+01
1.880000e+01 9.501882e-01 1.167612e+01
1.920000e+01 9.458764e-01 1.245473e+01
1.960000e+01 9.406004e-01 1.340613e+01
2.000000e+01 9.340205e-01 1.459043e+01
2.040000e+01 9.257188e-01 1.608080e+01
2.080000e+01 9.152756e-01 1.794871e+01
2.120000e+01 9.025016e-01 2.021880e+01
2.160000e+01 8.881625e-01 2.273985e+01
2.200000e+01 8.753155e-01 2.496507e+01
2.240000e+01 8.704031e-01 2.583405e+01
2.280000e+01 8.750993e-01 2.507469e+01
2.320000e+01 8.835003e-01 2.363524e+01
2.360000e+01 8.918813e-01 2.216829e+01
2.400000e+01 8.988022e-01 2.094346e+01
2.440000e+01 9.040709e-01 2.000747e+01
2.480000e+01 9.077478e-01 1.935114e+01
2.520000e+01 9.101618e-01 1.891917e+01
2.560000e+01 9.115180e-01 1.867410e+01
2.600000e+01 9.123139e-01 1.853471e+01
2.640000e+01 9.124385e-01 1.851327e+01
2.680000e+01 9.121072e-01 1.857354e+01
2.720000e+01 9.114249e-01 1.869698e+01
2.760000e+01 9.104585e-01 1.887147e+01
2.800000e+01 9.092629e-01 1.908724e+01
2.840000e+01 9.078691e-01 1.933851e+01
2.880000e+01 9.062879e-01 1.962275e+01
2.920000e+01 9.045950e-01 1.992798e+01
2.960000e+01 9.027633e-01 2.025760e+01
3.000000e+01 9.004754e-01 2.065925e+01
3.040000e+01 8.987179e-01 2.098329e+01
3.080000e+01 8.966798e-01 2.135282e+01
3.120000e+01 8.944929e-01 2.174688e+01
3.160000e+01 8.922121e-01 2.215713e+01
3.200000e+01 8.898530e-01 2.258116e+01
3.240000e+01 8.874206e-01 2.301812e+01
3.280000e+01 8.849164e-01 2.346769e+01
3.320000e+01 8.823461e-01 2.392897e+01
3.360000e+01 8.797059e-01 2.440246e+01
3.400000e+01 8.769999e-01 2.488753e+01
3.440000e+01 8.742255e-01 2.538451e+01
3.480000e+01 8.713826e-01 2.589343e+01
3.520000e+01 8.684692e-01 2.641455e+01
3.560000e+01 8.654811e-01 2.694851e+01
3.600000e+01 8.621423e-01 2.753810e+01
3.640000e+01 8.592997e-01 2.805229e+01
3.680000e+01 8.561054e-01 2.862231e+01
3.720000e+01 8.528182e-01 2.920794e+01
3.760000e+01 8.493920e-01 2.981603e+01
3.800000e+01 8.458982e-01 3.043628e+01
3.840000e+01 8.424713e-01 3.104874e+01
3.880000e+01 8.388534e-01 3.169161e+01
3.920000e+01 8.351257e-01 3.235298e+01
3.960000e+01 8.312924e-01 3.303235e+01
4.000000e+01 8.273506e-01 3.373027e+01
4.040000e+01 8.232866e-01 3.444890e+01
4.080000e+01 8.190953e-01 3.518917e+01
4.120000e+01 8.147678e-01 3.595255e+01
4.160000e+01 8.102929e-01 3.674091e+01
4.200000e+01 8.056571e-01 3.755648e+01
4.240000e+01 8.008352e-01 3.840317e+01
4.280000e+01 7.954210e-01 3.934371e+01
4.320000e+01 7.906289e-01 4.019197e+01
4.360000e+01 7.848023e-01 4.120174e+01
4.400000e+01 7.795930e-01 4.212233e+01
4.440000e+01 7.737215e-01 4.314801e+01
4.480000e+01 7.674566e-01 4.423815e+01
4.520000e+01 7.610069e-01 4.536209e+01
4.560000e+01 7.541346e-01 4.655634e+01
4.600000e+01 7.468541e-01 4.781946e+01
4.640000e+01 7.391228e-01 4.915886e+01
4.680000e+01 7.308832e-01 5.058429e+01
4.720000e+01 7.220686e-01 5.210714e+01
4.760000e+01 7.125993e-01 5.374101e+01
4.800000e+01 7.023806e-01 5.550207e+01
4.840000e+01 6.912989e-01 5.740972e+01
4.880000e+01 6.792216e-01 5.948656e+01
4.920000e+01 6.660010e-01 6.175774e+01
4.960000e+01 6.514601e-01 6.425297e+01
5.000000e+01 6.353696e-01 6.701008e+01
5.040000e+01 6.178066e-01 7.002241e+01
5.080000e+01 5.982592e-01 7.337662e+01
5.120000e+01 5.760762e-01 7.718327e+01
5.160000e+01 5.505425e-01 8.156958e+01
5.200000e+01 5.203749e-01 8.675717e+01
5.240000e+01 4.851693e-01 9.284282e+01
5.280000e+01 4.421568e-01 1.003062e+02
5.320000e+01 3.889233e-01 1.095933e+02
5.360000e+01 3.112610e-01 1.230682e+02
5.400000e+01 2.426304e-01 1.354729e+02
5.440000e+01 1.568473e-01 1.511727e+02
5.480000e+01 7.448101e-02 1.667781e+02
5.520000e+01 1.514518e-02 1.789118e+02
5.560000e+01 3.075414e-03 1.833167e+02
5.600000e+01 9.311372e-05 1.854016e+02
5.640000e+01 2.646643e-07 1.863549e+02
5.680000e+01 3.196093e-07 1.869391e+02
5.720000e+01 1.465737e-08 1.873405e+02
5.760000e+01 5.899016e-15 1.876258e+02
5.800000e+01 3.116132e-13 1.878212e+02
5.840000e+01 3.962845e-22 1.879409e+02
5.880000e+01 1.807573e-16 1.879983e+02
5.920000e+01 1.907266e-22 1.880309e+02
5.960000e+01 7.817484e-27 1.880619e+02
6.000000e+01 8.679894e-19 1.880980e+02
6.040000e+01 2.813944e-28 1.881195e+02
6.080000e+01 1.143194e-17 1.881064e+02
6.120000e+01 1.216944e-19 1.880637e+02
6.160000e+01 1.096139e-14 1.879871e+02
6.200000e+01 2.075282e-13 1.878688e+02
6.240000e+01 3.219289e-18 1.876823e+02
6.280000e+01 1.149647e-09 1.873557e+02
6.320000e+01 3.224184e-06 1.867895e+02
6.360000e+01 9.211329e-05 1.858295e+02
6.400000e+01 3.647702e-03 1.837409e+02
6.440000e+01 2.225521e-02 1.786660e+02
6.480000e+01 6.233725e-02 1.699157e+02
6.520000e+01 1.174035e-01 1.589980e+02
6.560000e+01 1.918641e-01 1.455618e+02
6.600000e+01 2.516100e-01 1.348195e+02
6.640000e+01 3.012693e-01 1.260244e+02
6.680000e+01 3.418112e-01 1.189386e+02
6.720000e+01 3.743106e-01 1.133061e+02
6.760000e+01 4.014743e-01 1.086541e+02
6.800000e+01 4.239757e-01 1.048318e+02
6.840000e+01 4.424354e-01 1.017108e+02
6.880000e+01 4.582179e-01 9.906275e+01
6.920000e+01 4.714601e-01 9.685309e+01
6.960000e+01 4.827066e-01 9.498824e+01
7.000000e+01 4.922780e-01 9.341174e+01
7.040000e+01 5.004250e-01 9.207960e+01
7.080000e+01 5.073557e-01 9.095564e+01
7.120000e+01 5.132338e-01 9.001135e+01
7.160000e+01 5.182009e-01 8.922229e+01
7.200000e+01 5.223754e-01 8.856810e+01
7.240000e+01 5.258509e-01 8.803259e+01
7.280000e+01 5.287140e-01 8.760098e+01
7.320000e+01 5.310346e-01 8.726130e+01
7.360000e+01 5.328677e-01 8.700410e+01
7.400000e+01 5.342691e-01 8.681987e+01
7.440000e+01 5.352768e-01 8.670206e+01
7.480000e+01 5.359133e-01 8.664636e+01
7.520000e+01 5.361753e-01 8.665223e+01
7.560000e+01 5.362499e-01 8.669250e+01
7.600000e+01 5.360429e-01 8.678010e+01
7.640000e+01 5.335337e-01 8.722714e+01
7.680000e+01 5.347533e-01 8.709982e+01
7.720000e+01 5.341509e-01 8.726179e+01
7.760000e+01 5.312589e-01 8.778948e+01
7.800000e+01 5.317890e-01 8.777119e+01
7.840000e+01 5.302639e-01 8.808478e+01
7.880000e+01 5.284634e-01 8.844458e+01
7.920000e+01 5.264063e-01 8.884755e+01
7.960000e+01 5.241099e-01 8.928968e+01
8.000000e+01 5.216531e-01 8.975562e+01
8.040000e+01 5.192882e-01 9.020210e+01
8.080000e+01 5.175279e-01 9.055018e+01
8.120000e+01 5.163463e-01 9.080337e+01
8.160000e+01 5.152639e-01 9.103581e+01
8.200000e+01 5.140595e-01 9.128575e+01
8.240000e+01 5.126723e-01 9.156541e+01
8.280000e+01 5.111006e-01 9.187619e+01
8.320000e+01 5.093645e-01 9.221513e+01
8.360000e+01 5.074883e-01 9.257824e+01
8.400000e+01 5.054976e-01 9.296118e+01
8.440000e+01 5.034100e-01 9.336092e+01
8.480000e+01 5.012386e-01 9.377509e+01
8.520000e+01 4.989955e-01 9.420162e+01
8.560000e+01 4.966944e-01 9.463822e+01
8.600000e+01 4.943354e-01 9.508472e+01
8.640000e+01 4.919243e-01 9.554013e+01
8.680000e+01 4.894615e-01 9.600429e+01
8.720000e+01 4.869659e-01 9.647420e+01
8.760000e+01 4.844328e-01 9.695024e+01
8.800000e+01 4.818900e-01 9.742768e+01
8.840000e+01 4.793577e-01 9.790321e+01
8.880000e+01 4.768200e-01 9.837947e+01
8.920000e+01 4.742577e-01 9.885974e+01
8.960000e+01 4.716669e-01 9.934476e+01
9.000000e+01 4.690475e-01 9.983457e+01
9.040000e+01 4.664054e-01 1.003282e+02
9.080000e+01 4.637354e-01 1.008264e+02
9.120000e+01 4.610560e-01 1.013263e+02
9.160000e+01 4.583583e-01 1.018292e+02
9.200000e+01 4.556390e-01 1.023356e+02
9.240000e+01 4.528987e-01 1.028452e+02
9.280000e+01 4.501385e-01 1.033580e+02
9.320000e+01 4.473205e-01 1.038793e+02
9.360000e+01 4.442092e-01 1.044435e+02
9.400000e+01 4.395162e-01 1.052489e+02
9.440000e+01 4.388853e-01 1.054416e+02
9.480000e+01 4.361987e-01 1.059447e+02
9.520000e+01 4.333965e-01 1.064644e+02
9.560000e+01 4.304514e-01 1.070050e+02
9.600000e+01 4.268770e-01 1.076376e+02
9.640000e+01 4.236425e-01 1.082218e+02
9.680000e+01 4.219606e-01 1.085775e+02
9.720000e+01 4.192622e-01 1.090829e+02
9.760000e+01 4.164453e-01 1.096055e+02
9.800000e+01 4.135892e-01 1.101339e+02
9.840000e+01 4.107183e-01 1.106646e+02
9.880000e+01 4.078198e-01 1.111994e+02
9.920000e+01 4.048695e-01 1.117421e+02
9.960000e+01 4.019414e-01 1.122813e+02
1.000000e+02 3.989348e-01 1.128320e+02
1.004000e+02 3.957437e-01 1.134092e+02
1.008000e+02 3.928560e-01 1.139430e+02
1.012000e+02 3.897736e-01 1.145049e+02
1.016000e+02 3.842144e-01 1.154325e+02
1.020000e+02 3.829865e-01 1.157199e+02
1.024000e+02 3.810450e-01 1.161167e+02
1.028000e+02 3.782004e-01 1.166453e+02
1.032000e+02 3.751881e-01 1.171984e+02
1.036000e+02 3.719654e-01 1.177825e+02
1.040000e+02 3.684429e-01 1.184121e+02
1.044000e+02 3.659151e-01 1.188946e+02
1.048000e+02 3.628337e-01 1.194597e+02
1.052000e+02 3.596549e-01 1.200396e+02
1.056000e+02 3.564229e-01 1.206280e+02
1.060000e+02 3.531363e-01 1.212252e+02
1.064000e+02 3.497917e-01 1.218319e+02
1.068000e+02 3.463820e-01 1.224492e+02
1.072000e+02 3.428955e-01 1.230790e+02
1.076000e+02 3.393286e-01 1.237221e+02
1.080000e+02 3.356362e-01 1.243854e+02
1.084000e+02 3.318831e-01 1.250593e+02
1.088000e+02 3.279603e-01 1.257606e+02
1.092000e+02 3.238141e-01 1.264972e+02
1.096000e+02 3.182165e-01 1.274569e+02
1.100000e+02 3.150566e-01 1.280489e+02
1.104000e+02 3.099770e-01 1.289332e+02
1.108000e+02 2.944785e-01 1.314067e+02
1.112000e+02 2.995974e-01 1.307535e+02
1.116000e+02 2.945923e-01 1.316497e+02
1.120000e+02 2.885763e-01 1.327029e+02
1.124000e+02 2.818678e-01 1.338696e+02
1.128000e+02 2.743733e-01 1.351669e+02
1.132000e+02 2.659857e-01 1.366142e+02
1.136000e+02 2.564270e-01 1.382578e+02
1.140000e+02 2.454149e-01 1.401463e+02
1.144000e+02 2.325525e-01 1.423472e+02
1.148000e+02 2.171483e-01 1.449756e+02
1.152000e+02 1.990884e-01 1.480664e+02
1.156000e+02 1.774154e-01 1.517860e+02
1.160000e+02 1.510687e-01 1.563241e+02
1.164000e+02 1.196593e-01 1.617827e+02
1.168000e+02 8.379245e-02 1.681218e+02
1.172000e+02 4.686213e-02 1.748698e+02
1.176000e+02 1.677749e-02 1.807957e+02
1.180000e+02 2.231221e-03 1.843461e+02
1.184000e+02 1.989453e-05 1.855786e+02
1.188000e+02 7.274739e-11 1.858264e+02
1.192000e+02 1.066061e-04 1.854260e+02
1.196000e+02 4.332760e-03 1.837864e+02
1.200000e+02 2.283308e-02 1.796898e+02
1.204000e+02 5.398048e-02 1.737874e+02
1.208000e+02 8.801893e-02 1.677112e+02
1.212000e+02 1.186559e-01 1.624012e+02
1.216000e+02 1.438704e-01 1.581065e+02
1.220000e+02 1.637615e-01 1.547591e+02
1.224000e+02 1.791423e-01 1.521962e+02
1.228000e+02 1.908997e-01 1.502547e+02
1.232000e+02 1.997152e-01 1.488112e+02
1.236000e+02 2.062374e-01 1.477521e+02
1.240000e+02 2.065005e-01 1.476589e+02
1.244000e+02 2.145516e-01 1.464317e+02
1.248000e+02 2.179809e-01 1.459160e+02
1.252000e+02 2.187736e-01 1.458018e+02
1.256000e+02 2.198864e-01 1.456560e+02
1.260000e+02 2.222875e-01 1.453299e+02
1.264000e+02 2.229304e-01 1.452716e+02
1.268000e+02 2.231064e-01 1.452874e+02
1.272000e+02 2.229141e-01 1.453627e+02
1.276000e+02 2.224430e-01 1.454835e+02
1.280000e+02 2.216391e-01 1.456567e+02
1.284000e+02 2.202021e-01 1.459277e+02
1.288000e+02 2.199745e-01 1.460208e+02
1.292000e+02 2.189425e-01 1.462357e+02
1.296000e+02 2.177682e-01 1.464732e+02
1.300000e+02 2.165017e-01 1.467257e+02
1.304000e+02 2.151580e-01 1.469908e+02
1.308000e+02 2.137418e-01 1.472675e+02
1.312000e+02 2.122849e-01 1.475511e+02
1.316000e+02 2.107796e-01 1.478425e+02
1.320000e+02 2.092260e-01 1.481417e+02
1.324000e+02 2.075731e-01 1.484565e+02
1.328000e+02 2.060385e-01 1.487530e+02
1.332000e+02 2.043977e-01 1.490662e+02
1.336000e+02 2.027442e-01 1.493815e+02
1.340000e+02 2.010649e-01 1.497009e+02
1.344000e+02 1.993692e-01 1.500229e+02
1.348000e+02 1.976568e-01 1.503475e+02
1.352000e+02 1.959281e-01 1.506748e+02
1.356000e+02 1.941818e-01 1.510048e+02
1.360000e+02 1.924094e-01 1.513390e+02
1.364000e+02 1.906005e-01 1.516788e+02
1.368000e+02 1.881516e-01 1.521151e+02
1.372000e+02 1.869603e-01 1.523631e+02
1.376000e+02 1.851798e-01 1.527001e+02
1.380000e+02 1.833431e-01 1.530449e+02
1.384000e+02 1.815255e-01 1.533856e+02
1.388000e+02 1.797614e-01 1.537168e+02
1.392000e+02 1.781394e-01 1.540247e+02
1.396000e+02 1.764867e-01 1.543367e+02
1.400000e+02 1.747983e-01 1.546541e+02
1.404000e+02 1.730955e-01 1.549741e+02
1.408000e+02 1.712852e-01 1.553110e+02
1.412000e+02 1.695107e-01 1.556427e+02
1.416000e+02 1.674779e-01 1.560130e+02
1.420000e+02 1.635994e-01 1.566544e+02
1.424000e+02 1.624638e-01 1.568955e+02
1.428000e+02 1.619578e-01 1.570475e+02
1.432000e+02 1.602532e-01 1.573731e+02
1.436000e+02 1.584776e-01 1.577056e+02
1.440000e+02 1.568639e-01 1.580100e+02
1.444000e+02 1.553382e-01 1.582974e+02
1.448000e+02 1.529339e-01 1.587125e+02
1.452000e+02 1.522578e-01 1.588723e+02
1.456000e+02 1.510473e-01 1.591129e+02
1.460000e+02 1.495678e-01 1.593935e+02
1.464000e+02 1.480512e-01 1.596800e+02
1.468000e+02 1.464942e-01 1.599731e+02
1.472000e+02 1.449165e-01 1.602697e+02
1.476000e+02 1.433222e-01 1.605690e+02
1.480000e+02 1.417046e-01 1.608718e+02
1.484000e+02 1.400052e-01 1.611866e+02
1.488000e+02 1.373323e-01 1.616483e+02
1.492000e+02 1.368302e-01 1.617844e+02
1.496000e+02 1.352567e-01 1.620814e+02
1.500000e+02 1.336170e-01 1.623880e+02
1.504000e+02 1.319121e-01 1.627036e+02
1.508000e+02 1.300941e-01 1.630357e+02
1.512000e+02 1.287588e-01 1.632980e+02
1.516000e+02 1.272508e-01 1.635848e+02
1.520000e+02 1.257222e-01 1.638737e+02
1.524000e+02 1.241860e-01 1.641632e+02
1.528000e+02 1.226377e-01 1.644545e+02
1.532000e+02 1.210708e-01 1.647485e+02
1.536000e+02 1.194360e-01 1.650525e+02
1.540000e+02 1.165222e-01 1.655496e+02
1.544000e+02 1.162978e-01 1.656418e+02
1.548000e+02 1.148292e-01 1.659221e+02
1.552000e+02 1.132840e-01 1.662136e+02
1.556000e+02 1.117231e-01 1.665074e+02
1.560000e+02 1.101413e-01 1.668043e+02
1.564000e+02 1.085836e-01 1.670978e+02
1.568000e+02 1.070160e-01 1.673929e+02
1.572000e+02 1.054337e-01 1.676903e+02
1.576000e+02 1.038616e-01 1.679863e+02
1.580000e+02 1.022790e-01 1.682841e+02
1.584000e+02 1.006892e-01 1.685832e+02
1.588000e+02 9.909569e-02 1.688830e+02
1.592000e+02 9.749359e-02 1.691844e+02
1.596000e+02 9.589063e-02 1.694863e+02
1.600000e+02 9.427317e-02 1.697906e+02
1.604000e+02 9.265278e-02 1.700958e+02
1.608000e+02 9.102202e-02 1.704029e+02
1.612000e+02 8.937795e-02 1.707124e+02
1.616000e+02 8.772445e-02 1.710239e+02
1.620000e+02 8.605628e-02 1.713380e+02
1.624000e+02 8.437270e-02 1.716551e+02
1.628000e+02 8.267294e-02 1.719753e+02
1.632000e+02 8.095206e-02 1.722993e+02
1.636000e+02 7.920878e-02 1.726275e+02
1.640000e+02 7.743096e-02 1.729615e+02
1.644000e+02 7.557874e-02 1.733072e+02
1.648000e+02 7.318195e-02 1.737339e+02
1.652000e+02 7.156703e-02 1.740466e+02
1.656000e+02 6.903769e-02 1.744947e+02
1.660000e+02 6.745167e-02 1.748067e+02
1.664000e+02 6.630793e-02 1.750564e+02
1.668000e+02 6.448050e-02 1.754070e+02
1.672000e+02 6.252164e-02 1.757782e+02
1.676000e+02 6.001197e-02 1.762349e+02
1.680000e+02 5.851035e-02 1.765399e+02
1.684000e+02 5.645253e-02 1.769315e+02
1.688000e+02 5.433251e-02 1.773344e+02
1.692000e+02 5.216420e-02 1.777468e+02
1.696000e+02 4.994652e-02 1.781689e+02
1.700000e+02 4.767048e-02 1.786023e+02
1.704000e+02 4.536703e-02 1.790424e+02
1.708000e+02 4.300109e-02 1.794947e+02
1.712000e+02 4.058205e-02 1.799579e+02
1.716000e+02 3.811826e-02 1.804310e+02
1.720000e+02 3.560717e-02 1.809142e+02
1.724000e+02 3.305108e-02 1.814075e+02
1.728000e+02 3.045455e-02 1.819101e+02
1.732000e+02 2.781758e-02 1.824220e+02
1.736000e+02 2.513652e-02 1.829436e+02
1.740000e+02 2.254438e-02 1.834551e+02
1.744000e+02 1.991452e-02 1.839748e+02
1.748000e+02 1.731317e-02 1.844925e+02
1.752000e+02 1.468509e-02 1.850160e+02
1.756000e+02 1.230342e-02 1.855025e+02
1.760000e+02 1.002713e-02 1.859737e+02
1.764000e+02 7.924478e-03 1.864174e+02
1.768000e+02 6.015824e-03 1.868291e+02
1.772000e+02 4.351810e-03 1.871995e+02
1.776000e+02 2.965915e-03 1.875223e+02
1.780000e+02 1.876147e-03 1.877931e+02
1.784000e+02 1.079974e-03 1.880115e+02
1.788000e+02 5.510888e-04 1.881807e+02
1.792000e+02 2.407135e-04 1.883083e+02
1.796000e+02 8.587988e-05 1.884047e+02
1.800000e+02 2.349561e-05 1.884806e+02
1.804000e+02 4.544427e-06 1.885445e+02
1.808000e+02 5.580298e-07 1.886011e+02
1.812000e+02 3.833742e-08 1.886521e+02
1.816000e+02 1.295798e-09 1.886970e+02
1.820000e+02 2.005833e-11 1.887345e+02
1.824000e+02 1.613632e-13 1.887632e+02
1.828000e+02 1.260389e-15 1.887821e+02
1.832000e+02 5.224712e-17 1.887903e+02
1.836000e+02 1.772046e-16 1.887877e+02
1.840000e+02 1.278808e-14 1.887744e+02
1.844000e+02 1.492338e-12 1.887515e+02
1.848000e+02 1.339612e-10 1.887202e+02
1.852000e+02 5.288026e-09 1.886819e+02
1.856000e+02 9.904991e-08 1.886382e+02
1.860000e+02 9.946146e-07 1.885904e+02
1.864000e+02 6.072808e-06 1.885388e+02
1.868000e+02 2.523992e-05 1.884825e+02
1.872000e+02 7.812423e-05 1.884184e+02
1.876000e+02 1.929841e-04 1.883421e+02
1.880000e+02 4.006715e-04 1.882487e+02
1.884000e+02 7.271281e-04 1.881343e+02
1.888000e+02 1.187496e-03 1.879971e+02
1.892000e+02 1.784261e-03 1.878374e+02
1.896000e+02 2.508609e-03 1.876574e+02
1.900000e+02 3.343039e-03 1.874607e+02
1.904000e+02 4.265044e-03 1.872515e+02
1.908000e+02 5.250250e-03 1.870345e+02
1.912000e+02 6.274409e-03 1.868139e+02
1.916000e+02 7.314813e-03 1.865938e+02
1.920000e+02 8.351692e-03 1.863775e+02
1.924000e+02 9.367769e-03 1.861680e+02
1.928000e+02 1.034693e-02 1.859678e+02
1.932000e+02 1.125288e-02 1.857822e+02
1.936000e+02 1.215973e-02 1.856003e+02
1.940000e+02 1.302392e-02 1.854279e+02
1.944000e+02 1.384892e-02 1.852644e+02
1.948000e+02 1.461559e-02 1.851123e+02
1.952000e+02 1.517771e-02 1.849930e+02
1.956000e+02 1.564512e-02 1.848911e+02
1.960000e+02 1.662330e-02 1.847182e+02
1.964000e+02 1.725554e-02 1.845988e+02
1.968000e+02 1.778810e-02 1.844969e+02
1.972000e+02 1.825743e-02 1.844071e+02
1.976000e+02 1.866940e-02 1.843283e+02
1.980000e+02 1.902972e-02 1.842596e+02
1.984000e+02 1.935461e-02 1.841983e+02
1.988000e+02 1.962379e-02 1.841475e+02
1.992000e+02 1.982812e-02 1.841086e+02
1.996000e+02 2.001576e-02 1.840741e+02
2.000000e+02 2.014960e-02 1.840497e+02
2.004000e+02 2.021886e-02 1.840369e+02
2.008000e+02 2.020432e-02 1.840383e+02
2.012000e+02 2.020003e-02 1.840410e+02
2.016000e+02 2.017141e-02 1.840499e+02
2.020000e+02 2.005298e-02 1.840740e+02
2.024000e+02 1.986383e-02 1.841101e+02
2.028000e+02 1.963468e-02 1.841521e+02
2.032000e+02 1.944229e-02 1.841864e+02
2.036000e+02 1.944100e-02 1.841886e+02
2.040000e+02 1.962873e-02 1.841592e+02
2.044000e+02 1.985412e-02 1.841219e+02
2.048000e+02 2.004438e-02 1.840898e+02
2.052000e+02 2.018065e-02 1.840669e+02
2.056000e+02 2.026184e-02 1.840540e+02
2.060000e+02 2.027557e-02 1.840526e+02
2.064000e+02 2.029215e-02 1.840524e+02
2.068000e+02 2.026740e-02 1.840596e+02
2.072000e+02 2.020978e-02 1.840726e+02
2.076000e+02 2.012957e-02 1.840896e+02
2.080000e+02 2.001674e-02 1.841120e+02
2.084000e+02 1.974422e-02 1.841580e+02
2.088000e+02 1.946806e-02 1.842056e+02
2.092000e+02 1.967144e-02 1.841838e+02
2.096000e+02 1.957464e-02 1.842062e+02
2.100000e+02 1.944186e-02 1.842341e+02
2.104000e+02 1.925045e-02 1.842709e+02
2.108000e+02 1.825954e-02 1.844333e+02
2.112000e+02 1.897817e-02 1.843287e+02
2.116000e+02 1.884267e-02 1.843580e+02
2.120000e+02 1.868453e-02 1.843907e+02
2.124000e+02 1.851908e-02 1.844247e+02
2.128000e+02 1.834882e-02 1.844595e+02
2.132000e+02 1.817489e-02 1.844950e+02
2.136000e+02 1.799709e-02 1.845311e+02
2.140000e+02 1.781426e-02 1.845681e+02
2.144000e+02 1.761679e-02 1.846072e+02
2.148000e+02 1.726768e-02 1.846685e+02
2.152000e+02 1.717642e-02 1.846923e+02
2.156000e+02 1.707700e-02 1.847176e+02
2.160000e+02 1.689643e-02 1.847547e+02
2.164000e+02 1.672476e-02 1.847904e+02
2.168000e+02 1.654108e-02 1.848279e+02
2.172000e+02 1.635580e-02 1.848657e+02
2.176000e+02 1.616828e-02 1.849038e+02
2.180000e+02 1.598233e-02 1.849418e+02
2.184000e+02 1.579532e-02 1.849799e+02
2.188000e+02 1.560802e-02 1.850180e+02
2.192000e+02 1.541877e-02 1.850565e+02
2.196000e+02 1.523154e-02 1.850947e+02
2.200000e+02 1.504277e-02 1.851332e+02
2.204000e+02 1.485343e-02 1.851717e+02
2.208000e+02 1.466306e-02 1.852105e+02
2.212000e+02 1.447117e-02 1.852495e+02
2.216000e+02 1.427862e-02 1.852887e+02
2.220000e+02 1.408328e-02 1.853285e+02
2.224000e+02 1.388314e-02 1.853691e+02
2.228000e+02 1.368091e-02 1.854102e+02
2.232000e+02 1.346989e-02 1.854528e+02
2.236000e+02 1.325253e-02 1.854967e+02
2.240000e+02 1.302261e-02 1.855429e+02
2.244000e+02 1.277872e-02 1.855915e+02
2.248000e+02 1.251642e-02 1.856431e+02
2.252000e+02 1.224712e-02 1.856955e+02
2.256000e+02 1.197447e-02 1.857472e+02
2.260000e+02 1.157724e-02 1.858155e+02
2.264000e+02 1.166883e-02 1.858103e+02
2.268000e+02 1.164010e-02 1.858216e+02
2.272000e+02 1.158330e-02 1.858364e+02
2.276000e+02 1.150500e-02 1.858544e+02
2.280000e+02 1.140858e-02 1.858755e+02
2.284000e+02 1.129768e-02 1.858992e+02
2.288000e+02 1.117536e-02 1.859249e+02
2.292000e+02 1.104196e-02 1.859525e+02
2.296000e+02 1.081082e-02 1.859952e+02
2.300000e+02 1.076249e-02 1.860102e+02
2.304000e+02 1.061069e-02 1.860410e+02
2.308000e+02 1.043983e-02 1.860746e+02
2.312000e+02 9.812353e-03 1.861754e+02
2.316000e+02 1.011079e-02 1.861401e+02
2.320000e+02 1.003169e-02 1.861608e+02
2.324000e+02 9.889401e-03 1.861906e+02
2.328000e+02 9.726804e-03 1.862234e+02
2.332000e+02 9.537885e-03 1.862601e+02
2.336000e+02 9.281059e-03 1.863061e+02
2.340000e+02 8.856110e-03 1.863756e+02
2.344000e+02 9.050538e-03 1.863571e+02
2.348000e+02 9.000464e-03 1.863726e+02
2.352000e+02 8.873328e-03 1.863991e+02
2.356000e+02 8.350180e-03 1.864835e+02
2.360000e+02 8.558296e-03 1.864612e+02
2.364000e+02 8.515460e-03 1.864760e+02
2.368000e+02 8.328884e-03 1.865113e+02
2.372000e+02 7.394674e-03 1.866579e+02
2.376000e+02 8.111378e-03 1.865600e+02
2.380000e+02 8.023041e-03 1.865815e+02
2.384000e+02 7.871648e-03 1.866122e+02
2.388000e+02 7.675772e-03 1.866492e+02
2.392000e+02 7.260485e-03 1.867188e+02
2.396000e+02 7.410176e-03 1.867061e+02
2.400000e+02 7.291698e-03 1.867325e+02
2.404000e+02 7.164829e-03 1.867603e+02
2.408000e+02 7.023017e-03 1.867902e+02
2.412000e+02 6.869763e-03 1.868212e+02
2.416000e+02 6.735847e-03 1.868483e+02
2.420000e+02 6.581616e-03 1.868772e+02
2.424000e+02 6.078821e-03 1.869568e+02
2.428000e+02 6.494353e-03 1.869010e+02
2.432000e+02 6.363324e-03 1.869252e+02
2.436000e+02 6.161328e-03 1.869601e+02
2.440000e+02 6.286059e-03 1.869479e+02
2.444000e+02 6.249607e-03 1.869592e+02
2.448000e+02 6.194772e-03 1.869733e+02
2.452000e+02 6.115811e-03 1.869910e+02
2.456000e+02 6.031173e-03 1.870096e+02
2.460000e+02 5.944050e-03 1.870286e+02
2.464000e+02 5.854875e-03 1.870479e+02
2.468000e+02 5.764532e-03 1.870674e+02
2.472000e+02 5.669254e-03 1.870876e+02
2.476000e+02 5.542737e-03 1.871123e+02
2.480000e+02 5.368485e-03 1.871438e+02
2.484000e+02 5.316538e-03 1.871577e+02
2.488000e+02 5.299011e-03 1.871666e+02
2.492000e+02 5.198444e-03 1.871874e+02
2.496000e+02 4.955653e-03 1.872286e+02
2.500000e+02 4.249212e-03 1.873398e+02
2.504000e+02 4.917799e-03 1.872468e+02
2.508000e+02 4.869370e-03 1.872601e+02
2.512000e+02 4.739555e-03 1.872853e+02
2.516000e+02 4.724929e-03 1.872933e+02
2.520000e+02 4.660133e-03 1.873088e+02
2.524000e+02 4.586592e-03 1.873255e+02
2.528000e+02 4.510094e-03 1.873428e+02
2.532000e+02 4.430898e-03 1.873604e+02
2.536000e+02 4.348293e-03 1.873787e+02
2.540000e+02 4.263725e-03 1.873973e+02
2.544000e+02 4.177575e-03 1.874161e+02
2.548000e+02 4.095414e-03 1.874340e+02
2.552000e+02 4.025419e-03 1.874497e+02
2.556000e+02 3.970630e-03 1.874626e+02
2.560000e+02 3.919465e-03 1.874747e+02
2.564000e+02 3.867646e-03 1.874868e+02
2.568000e+02 3.812649e-03 1.874994e+02
2.572000e+02 3.755367e-03 1.875124e+02
2.576000e+02 3.693850e-03 1.875262e+02
2.580000e+02 3.623144e-03 1.875413e+02
2.584000e+02 3.527043e-03 1.875600e+02
2.588000e+02 3.267758e-03 1.876028e+02
2.592000e+02 3.442428e-03 1.875821e+02
2.596000e+02 3.401147e-03 1.875930e+02
2.600000e+02 3.347926e-03 1.876056e+02
2.604000e+02 3.292892e-03 1.876185e+02
2.608000e+02 3.235090e-03 1.876317e+02
2.612000e+02 3.180426e-03 1.876445e+02
2.616000e+02 3.124090e-03 1.876575e+02
2.620000e+02 3.067163e-03 1.876706e+02
2.624000e+02 3.008812e-03 1.876839e+02
2.628000e+02 2.914115e-03 1.877026e+02
2.632000e+02 2.883760e-03 1.877117e+02
2.636000e+02 2.724203e-03 1.877399e+02
2.640000e+02 2.758994e-03 1.877397e+02
2.644000e+02 2.717922e-03 1.877507e+02
2.648000e+02 2.640225e-03 1.877671e+02
2.652000e+02 2.594785e-03 1.877788e+02
2.656000e+02 2.539964e-03 1.877917e+02
2.660000e+02 2.484179e-03 1.878044e+02
2.664000e+02 2.439378e-03 1.878150e+02
2.668000e+02 2.398004e-03 1.878247e+02
2.672000e+02 2.206338e-03 1.878562e+02
2.676000e+02 2.330312e-03 1.878413e+02
2.680000e+02 2.318721e-03 1.878464e+02
2.684000e+02 2.289870e-03 1.878540e+02
2.688000e+02 2.257031e-03 1.878624e+02
2.692000e+02 2.222407e-03 1.878710e+02
2.696000e+02 2.186700e-03 1.878798e+02
2.700000e+02 2.150463e-03 1.878887e+02
2.704000e+02 2.113765e-03 1.878977e+02
2.708000e+02 2.077180e-03 1.879067e+02
2.712000e+02 2.040529e-03 1.879157e+02
2.716000e+02 2.004253e-03 1.879247e+02
2.720000e+02 1.967131e-03 1.879337e+02
2.724000e+02 1.928473e-03 1.879430e+02
2.728000e+02 1.873095e-03 1.879546e+02
2.732000e+02 1.812500e-03 1.879670e+02
2.736000e+02 1.820821e-03 1.879694e+02
2.740000e+02 1.786011e-03 1.879780e+02
2.744000e+02 1.679316e-03 1.879971e+02
2.748000e+02 1.714396e-03 1.879955e+02
2.752000e+02 1.691868e-03 1.880023e+02
2.756000e+02 1.659586e-03 1.880104e+02
2.760000e+02 1.622939e-03 1.880191e+02
2.764000e+02 1.580432e-03 1.880287e+02
2.768000e+02 1.551466e-03 1.880363e+02
2.772000e+02 1.536793e-03 1.880417e+02
2.776000e+02 1.513956e-03 1.880484e+02
2.780000e+02 1.486932e-03 1.880556e+02
2.784000e+02 1.459291e-03 1.880628e+02
2.788000e+02 1.431762e-03 1.880700e+02
2.792000e+02 1.399990e-03 1.880778e+02
2.796000e+02 1.359690e-03 1.880869e+02
2.800000e+02 1.349238e-03 1.880916e+02
2.804000e+02 1.326496e-03 1.880980e+02
2.808000e+02 1.301348e-03 1.881048e+02
2.812000e+02 1.275705e-03 1.881116e+02
2.816000e+02 1.251284e-03 1.881182e+02
2.820000e+02 1.226433e-03 1.881249e+02
2.824000e+02 1.202187e-03 1.881314e+02
2.828000e+02 1.163170e-03 1.881401e+02
2.832000e+02 1.154685e-03 1.881443e+02
2.836000e+02 1.132611e-03 1.881504e+02
2.840000e+02 1.110177e-03 1.881566e+02
2.844000e+02 1.087757e-03 1.881628e+02
2.848000e+02 1.065462e-03 1.881689e+02
2.852000e+02 1.042765e-03 1.881750e+02
2.856000e+02 1.016788e-03 1.881816e+02
2.860000e+02 9.430105e-04 1.881951e+02
2.864000e+02 9.410602e-04 1.881982e+02
2.868000e+02 9.567726e-04 1.881987e+02
2.872000e+02 9.409499e-04 1.882038e+02
2.876000e+02 9.223346e-04 1.882092e+02
2.880000e+02 9.025184e-04 1.882148e+02
2.884000e+02 8.796245e-04 1.882208e+02
2.888000e+02 8.236161e-04 1.882316e+02
2.892000e+02 8.249424e-04 1.882341e+02
2.896000e+02 8.275903e-04 1.882364e+02
2.900000e+02 8.132664e-04 1.882411e+02
2.904000e+02 7.971222e-04 1.882461e+02
2.908000e+02 7.801876e-04 1.882511e+02
2.912000e+02 7.637617e-04 1.882561e+02
2.916000e+02 7.477333e-04 1.882610e+02
2.920000e+02 7.314265e-04 1.882659e+02
2.924000e+02 7.145680e-04 1.882709e+02
2.928000e+02 6.946119e-04 1.882763e+02
2.932000e+02 6.046821e-04 1.882921e+02
2.936000e+02 6.529452e-04 1.882874e+02
2.940000e+02 6.535945e-04 1.882897e+02
2.944000e+02 6.404588e-04 1.882941e+02
2.948000e+02 6.265481e-04 1.882986e+02
2.952000e+02 6.125760e-04 1.883031e+02
2.956000e+02 5.987670e-04 1.883075e+02
2.960000e+02 5.849339e-04 1.883119e+02
2.964000e+02 5.711980e-04 1.883163e+02
2.968000e+02 5.578099e-04 1.883207e+02
2.972000e+02 5.437622e-04 1.883251e+02
2.976000e+02 5.300353e-04 1.883295e+02
2.980000e+02 5.146880e-04 1.883342e+02
2.984000e+02 4.931182e-04 1.883396e+02
2.988000e+02 4.883401e-04 1.883427e+02
2.992000e+02 4.800102e-04 1.883462e+02
2.996000e+02 4.694151e-04 1.883501e+02
3.000000e+02 4.579173e-04 1.883541e+02
3.004000e+02 4.447586e-04 1.883583e+02
3.008000e+02 4.282277e-04 1.883630e+02
3.012000e+02 4.179084e-04 1.883668e+02
3.016000e+02 3.933042e-04 1.883727e+02
3.020000e+02 3.827708e-04 1.883765e+02
3.024000e+02 3.886262e-04 1.883780e+02
3.028000e+02 3.776630e-04 1.883819e+02
3.032000e+02 3.213802e-04 1.883925e+02
3.036000e+02 3.597412e-04 1.883892e+02
3.040000e+02 3.519531e-04 1.883926e+02
3.044000e+02 3.422446e-04 1.883964e+02
3.048000e+02 3.320575e-04 1.884002e+02
3.052000e+02 3.231586e-04 1.884039e+02
3.056000e+02 3.142427e-04 1.884075e+02
3.060000e+02 3.050536e-04 1.884112e+02
3.064000e+02 2.958499e-04 1.884150e+02
3.068000e+02 2.866278e-04 1.884187e+02
3.072000e+02 2.774015e-04 1.884225e+02
3.076000e+02 2.681614e-04 1.884263e+02
3.080000e+02 2.590066e-04 1.884301e+02
3.084000e+02 2.497857e-04 1.884340e+02
3.088000e+02 2.404810e-04 1.884380e+02
3.092000e+02 2.312168e-04 1.884420e+02
3.096000e+02 2.218367e-04 1.884461e+02
3.100000e+02 2.102437e-04 1.884505e+02
3.104000e+02 2.034371e-04 1.884542e+02
3.108000e+02 1.951604e-04 1.884582e+02
3.112000e+02 1.870513e-04 1.884621e+02
3.116000e+02 1.788985e-04 1.884661e+02
3.120000e+02 1.705798e-04 1.884703e+02
3.124000e+02 1.620401e-04 1.884746e+02
3.128000e+02 1.533071e-04 1.884790e+02
3.132000e+02 1.445166e-04 1.884835e+02
3.136000e+02 1.358307e-04 1.884881e+02
3.140000e+02 1.274947e-04 1.884928e+02
3.144000e+02 1.197097e-04 1.884974e+02
3.148000e+02 1.117132e-04 1.885022e+02
3.152000e+02 1.034477e-04 1.885073e+02
3.156000e+02 9.448203e-05 1.885127e+02
3.160000e+02 8.398943e-05 1.885186e+02
3.164000e+02 7.071079e-05 1.885253e+02
3.168000e+02 6.933398e-05 1.885305e+02
3.172000e+02 5.912961e-05 1.885375e+02
3.176000e+02 5.360244e-05 1.885441e+02
3.180000e+02 4.577678e-05 1.885517e+02
3.184000e+02 3.813526e-05 1.885598e+02
3.188000e+02 3.084209e-05 1.885686e+02
3.192000e+02 2.403489e-05 1.885781e+02
3.196000e+02 1.784642e-05 1.885885e+02
3.200000e+02 9.931566e-06 1.886003e+02
3.204000e+02 8.247893e-06 1.886123e+02
3.208000e+02 4.976387e-06 1.886259e+02
3.212000e+02 2.681475e-06 1.886406e+02
3.216000e+02 1.248056e-06 1.886569e+02
3.220000e+02 4.744825e-07 1.886748e+02
3.224000e+02 1.380510e-07 1.886944e+02
3.228000e+02 2.821069e-08 1.887156e+02
3.232000e+02 3.650417e-09 1.887376e+02
3.236000e+02 2.707943e-10 1.887595e+02
3.240000e+02 1.124238e-11 1.887796e+02
3.244000e+02 3.198217e-13 1.887958e+02
3.248000e+02 1.298720e-14 1.888060e+02
3.252000e+02 3.869100e-15 1.888089e+02
3.256000e+02 2.847369e-14 1.888040e+02
3.260000e+02 8.296450e-13 1.887924e+02
3.264000e+02 2.476653e-11 1.887757e+02
3.268000e+02 4.176714e-10 1.887563e+02
3.272000e+02 4.846660e-09 1.887360e+02
3.276000e+02 3.089297e-08 1.887162e+02
3.280000e+02 1.268970e-07 1.886978e+02
3.284000e+02 3.815626e-07 1.886812e+02
3.288000e+02 8.911758e-07 1.886666e+02
3.292000e+02 1.729942e-06 1.886538e+02
3.296000e+02 2.921134e-06 1.886427e+02
3.300000e+02 4.434241e-06 1.886332e+02
3.304000e+02 6.200022e-06 1.886250e+02
3.308000e+02 8.130056e-06 1.886180e+02
3.312000e+02 1.013266e-05 1.886120e+02
3.316000e+02 1.211995e-05 1.886070e+02
3.320000e+02 1.400154e-05 1.886027e+02
3.324000e+02 1.553125e-05 1.885991e+02
3.328000e+02 1.532287e-05 1.885964e+02
3.332000e+02 1.872258e-05 1.885936e+02
3.336000e+02 2.025697e-05 1.885915e+02
3.340000e+02 2.140525e-05 1.885899e+02
3.344000e+02 2.233307e-05 1.885886e+02
3.348000e+02 2.304592e-05 1.885877e+02
3.352000e+02 2.332816e-05 1.885870e+02
3.356000e+02 2.412316e-05 1.885864e+02
3.360000e+02 2.462414e-05 1.885859e+02
3.364000e+02 2.501089e-05 1.885857e+02
3.368000e+02 2.526790e-05 1.885856e+02
3.372000e+02 2.539961e-05 1.885856e+02
3.376000e+02 2.542271e-05 1.885858e+02
3.380000e+02 2.535182e-05 1.885861e+02
3.384000e+02 2.518910e-05 1.885865e+02
3.388000e+02 2.495565e-05 1.885871e+02
3.392000e+02 2.466221e-05 1.885877e+02
3.396000e+02 2.431002e-05 1.885884e+02
3.400000e+02 2.391117e-05 1.885892e+02
3.404000e+02 2.347290e-05 1.885900e+02
3.408000e+02 2.299929e-05 1.885909e+02
3.412000e+02 2.249688e-05 1.885919e+02
3.416000e+02 2.196883e-05 1.885929e+02
3.420000e+02 2.141585e-05 1.885940e+02
3.424000e+02 2.084724e-05 1.885951e+02
3.428000e+02 2.024420e-05 1.885962e+02
3.432000e+02 1.897495e-05 1.885975e+02
3.436000e+02 1.891795e-05 1.885986e+02
3.440000e+02 1.846900e-05 1.885998e+02
3.444000e+02 1.786625e-05 1.886010e+02
3.448000e+02 1.721742e-05 1.886023e+02
3.452000e+02 1.660715e-05 1.886036e+02
3.456000e+02 1.604364e-05 1.886050e+02
3.460000e+02 1.547372e-05 1.886063e+02
3.464000e+02 1.491968e-05 1.886077e+02
3.468000e+02 1.435076e-05 1.886091e+02
3.472000e+02 1.378311e-05 1.886105e+02
3.476000e+02 1.322128e-05 1.886119e+02
3.480000e+02 1.266419e-05 1.886134e+02
3.484000e+02 1.211509e-05 1.886149e+02
3.488000e+02 1.157375e-05 1.886164e+02
3.492000e+02 1.104071e-05 1.886179e+02
3.496000e+02 1.050956e-05 1.886195e+02
3.500000e+02 9.999876e-06 1.886210e+02
3.504000e+02 9.492001e-06 1.886226e+02
3.508000e+02 8.984558e-06 1.886242e+02
3.512000e+02 8.467876e-06 1.886259e+02
3.516000e+02 7.873861e-06 1.886275e+02
3.520000e+02 7.417388e-06 1.886292e+02
3.524000e+02 6.340723e-06 1.886310e+02
3.528000e+02 6.111976e-06 1.886327e+02
3.532000e+02 6.340547e-06 1.886343e+02
3.536000e+02 5.984486e-06 1.886361e+02
3.540000e+02 5.613142e-06 1.886379e+02
3.544000e+02 5.238971e-06 1.886397e+02
3.548000e+02 4.808887e-06 1.886416e+02
3.552000e+02 4.449407e-06 1.886435e+02
3.556000e+02 4.219135e-06 1.886454e+02
3.560000e+02 3.913075e-06 1.886474e+02
3.564000e+02 3.613554e-06 1.886494e+02
3.568000e+02 3.326806e-06 1.886514e+02
3.572000e+02 3.039249e-06 1.886535e+02
3.576000e+02 2.466627e-06 1.886557e+02
3.580000e+02 2.503926e-06 1.886578e+02
3.584000e+02 2.258183e-06 1.886600e+02
3.588000e+02 1.616948e-06 1.886624e+02
3.592000e+02 1.830400e-06 1.886647e+02
3.596000e+02 1.599652e-06 1.886671e+02
3.600000e+02 1.493802e-06 1.886695e+02
3.604000e+02 1.329376e-06 1.886720e+02
3.608000e+02 1.171947e-06 1.886746e+02
3.612000e+02 1.024740e-06 1.886773e+02
3.616000e+02 8.758046e-07 1.886801e+02
3.620000e+02 7.661943e-07 1.886829e+02
3.624000e+02 6.552283e-07 1.886859e+02
3.628000e+02 5.539453e-07 1.886889e+02
3.632000e+02 4.621809e-07 1.886921e+02
3.636000e+02 3.790164e-07 1.886953e+02
3.640000e+02 3.074121e-07 1.886987e+02
3.644000e+02 1.849154e-07 1.887023e+02
3.648000e+02 1.934081e-07 1.887059e+02
3.652000e+02 1.529279e-07 1.887098e+02
3.656000e+02 1.159046e-07 1.887138e+02
3.660000e+02 8.482391e-08 1.887180e+02
3.664000e+02 5.928813e-08 1.887224e+02
3.668000e+02 3.512736e-08 1.887271e+02
3.672000e+02 2.333750e-08 1.887320e+02
3.676000e+02 1.155883e-08 1.887373e+02
3.680000e+02 3.686951e-09 1.887429e+02
3.684000e+02 2.071639e-10 1.887485e+02
3.688000e+02 6.846418e-10 1.887539e+02
3.692000e+02 1.316137e-09 1.887593e+02
3.696000e+02 1.166780e-09 1.887650e+02
3.700000e+02 7.577951e-10 1.887712e+02
3.704000e+02 4.100831e-10 1.887778e+02
3.708000e+02 1.908934e-10 1.887848e+02
3.712000e+02 7.838932e-11 1.887921e+02
3.716000e+02 2.866561e-11 1.887999e+02
3.720000e+02 8.850203e-12 1.888081e+02
3.724000e+02 2.281900e-12 1.888166e+02
3.728000e+02 4.760469e-13 1.888255e+02
3.732000e+02 7.701355e-14 1.888348e+02
3.736000e+02 9.159907e-15 1.888444e+02
3.740000e+02 7.456618e-16 1.888544e+02
3.744000e+02 3.789970e-17 1.888645e+02
3.748000e+02 1.061937e-18 1.888749e+02
3.752000e+02 1.101106e-20 1.888855e+02
3.756000e+02 7.369073e-23 1.888960e+02
3.760000e+02 1.107690e-25 1.889066e+02
3.764000e+02 3.288814e-29 1.889169e+02
3.768000e+02 1.136361e-33 1.889269e+02
3.772000e+02 2.411269e-39 1.889364e+02
3.776000e+02 1.170699e-46 1.889452e+02
3.780000e+02 4.095090e-56 1.889532e+02
3.784000e+02 2.763488e-68 1.889601e+02
3.788000e+02 1.373754e-83 1.889659e+02
3.792000e+02 6.836725e-102 1.889703e+02
3.796000e+02 2.423679e-121 1.889732e+02
3.800000e+02 3.646834e-136 1.889747e+02
3.804000e+02 5.146993e-135 1.889745e+02
3.808000e+02 5.715928e-119 1.889729e+02
3.812000e+02 1.802380e-99 1.889697e+02
3.816000e+02 1.205290e-81 1.889652e+02
3.820000e+02 6.070059e-67 1.889594e+02
3.824000e+02 2.451850e-55 1.889526e+02
3.828000e+02 2.515332e-46 1.889448e+02
3.832000e+02 2.396322e-39 1.889364e+02
3.836000e+02 6.479751e-34 1.889275e+02
3.840000e+02 1.192042e-29 1.889182e+02
3.844000e+02 2.877418e-26 1.889087e+02
3.848000e+02 1.481861e-23 1.888992e+02
3.852000e+02 2.336467e-21 1.888898e+02
3.856000e+02 1.478198e-19 1.888805e+02
3.860000e+02 4.617004e-18 1.888715e+02
3.864000e+02 8.243961e-17 1.888628e+02
3.868000e+02 9.283428e-16 1.888545e+02
3.872000e+02 6.731033e-15 1.888466e+02
3.876000e+02 4.151765e-14 1.888391e+02
3.880000e+02 1.869456e-13 1.888320e+02
3.884000e+02 6.714815e-13 1.888255e+02
3.888000e+02 2.001273e-12 1.888194e+02
3.892000e+02 5.083520e-12 1.888138e+02
3.896000e+02 1.125963e-11 1.888086e+02
3.900000e+02 2.233564e-11 1.888038e+02
3.904000e+02 4.140772e-11 1.887992e+02
3.908000e+02 7.656252e-11 1.887947e+02
3.912000e+02 1.422716e-10 1.887904e+02
3.916000e+02 2.537300e-10 1.887862e+02
3.920000e+02 4.263497e-10 1.887823e+02
3.924000e+02 6.667712e-10 1.887786e+02
3.928000e+02 9.802577e-10 1.887751e+02
3.932000e+02 1.457711e-09 1.887720e+02
3.936000e+02 2.016040e-09 1.887691e+02
3.940000e+02 2.685330e-09 1.887664e+02
3.944000e+02 3.468518e-09 1.887640e+02
3.948000e+02 4.358689e-09 1.887618e+02
3.952000e+02 5.346952e-09 1.887597e+02
3.956000e+02 6.458289e-09 1.887579e+02
3.960000e+02 7.634080e-09 1.887562e+02
3.964000e+02 8.791611e-09 1.887546e+02
3.968000e+02 1.014904e-08 1.887532e+02
3.972000e+02 1.151640e-08 1.887519e+02
3.976000e+02 1.290857e-08 1.887508e+02
3.980000e+02 1.428114e-08 1.887497e+02
3.984000e+02 1.563655e-08 1.887487e+02
3.988000e+02 1.695259e-08 1.887479e+02
3.992000e+02 1.819605e-08 1.887471e+02
3.996000e+02 1.928320e-08 1.887464e+02
4.000000e+02 1.863392e-08 1.887458e+02
+0.8 10 0
1.000000e+01 9.916899e-01 4.362128e+00
1.040000e+01 9.912810e-01 4.446058e+00
1.080000e+01 9.908961e-01 4.526074e+00
1.120000e+01 9.904825e-01 4.611309e+00
1.160000e+01 9.900860e-01 4.694302e+00
1.200000e+01 9.896393e-01 4.786780e+00
1.240000e+01 9.891592e-01 4.886024e+00
1.280000e+01 9.886446e-01 4.992333e+00
1.320000e+01 9.880936e-01 5.106138e+00
1.360000e+01 9.875043e-01 5.227842e+00
1.400000e+01 9.868738e-01 5.358100e+00
1.440000e+01 9.861942e-01 5.498455e+00
1.480000e+01 9.854341e-01 5.654646e+00
1.520000e+01 9.846559e-01 5.816210e+00
1.560000e+01 9.837767e-01 5.997912e+00
1.600000e+01 9.827952e-01 6.200515e+00
1.640000e+01 9.817040e-01 6.426082e+00
1.680000e+01 9.804662e-01 6.681936e+00
1.720000e+01 9.790393e-01 6.976764e+00
1.760000e+01 9.773703e-01 7.321544e+00
1.800000e+01 9.753829e-01 7.732041e+00
1.840000e+01 9.729683e-01 8.230598e+00
1.880000e+01 9.699711e-01 8.849173e+00
1.920000e+01 9.661668e-01 9.633722e+00
1.960000e+01 9.612325e-01 1.065017e+01
2.000000e+01 9.547124e-01 1.199106e+01
2.040000e+01 9.460009e-01 1.377841e+01
2.080000e+01 9.343980e-01 1.615058e+01
2.120000e+01 9.193773e-01 1.920128e+01
2.160000e+01 9.016142e-01 2.276692e+01
2.200000e+01 8.852048e-01 2.599922e+01
2.240000e+01 8.802120e-01 2.699786e+01
2.280000e+01 8.892553e-01 2.527668e+01
2.320000e+01 9.027733e-01 2.259983e+01
2.360000e+01 9.155209e-01 2.002935e+01
2.400000e+01 9.258495e-01 1.792638e+01
2.440000e+01 9.337594e-01 1.630899e+01
2.480000e+01 9.395687e-01 1.511580e+01
2.520000e+01 9.437883e-01 1.424651e+01
2.560000e+01 9.467529e-01 1.363195e+01
2.600000e+01 9.490059e-01 1.316884e+01
2.640000e+01 9.505146e-01 1.285607e+01
2.680000e+01 9.515180e-01 1.264700e+01
2.720000e+01 9.521428e-01 1.251596e+01
2.760000e+01 9.524677e-01 1.244664e+01
2.800000e+01 9.525535e-01 1.242658e+01
2.840000e+01 9.524381e-01 1.244779e+01
2.880000e+01 9.521343e-01 1.250688e+01
2.920000e+01 9.517247e-01 1.258886e+01
2.960000e+01 9.511846e-01 1.269716e+01
3.000000e+01 9.502306e-01 1.288023e+01
3.040000e+01 9.497497e-01 1.298424e+01
3.080000e+01 9.490126e-01 1.313563e+01
3.120000e+01 9.481465e-01 1.331132e+01
3.160000e+01 9.472000e-01 1.350288e+01
3.200000e+01 9.461871e-01 1.370777e+01
3.240000e+01 9.451133e-01 1.392493e+01
3.280000e+01 9.439801e-01 1.415399e+01
3.320000e+01 9.427928e-01 1.439397e+01
3.360000e+01 9.415486e-01 1.464525e+01
3.400000e+01 9.402512e-01 1.490720e+01
3.440000e+01 9.388985e-01 1.518009e+01
3.480000e+01 9.374905e-01 1.546396e+01
3.520000e+01 9.360257e-01 1.575900e+01
3.560000e+01 9.344994e-01 1.606604e+01
3.600000e+01 9.326132e-01 1.643788e+01
3.640000e+01 9.312824e-01 1.671281e+01
3.680000e+01 9.295912e-01 1.705270e+01
3.720000e+01 9.278219e-01 1.740747e+01
3.760000e+01 9.259330e-01 1.778419e+01
3.800000e+01 9.239878e-01 1.817240e+01
3.840000e+01 9.221119e-01 1.855083e+01
3.880000e+01 9.200675e-01 1.895975e+01
3.920000e+01 9.179278e-01 1.938689e+01
3.960000e+01 9.157000e-01 1.983118e+01
4.000000e+01 9.133802e-01 2.029339e+01
4.040000e+01 9.109532e-01 2.077627e+01
4.080000e+01 9.084150e-01 2.128066e+01
4.120000e+01 9.057576e-01 2.180812e+01
4.160000e+01 9.029700e-01 2.236072e+01
4.200000e+01 9.000395e-01 2.294085e+01
4.240000e+01 8.969443e-01 2.355245e+01
4.280000e+01 8.933357e-01 2.425704e+01
4.320000e+01 8.902428e-01 2.487443e+01
4.360000e+01 8.862310e-01 2.565570e+01
4.400000e+01 8.827784e-01 2.634465e+01
4.440000e+01 8.787205e-01 2.714336e+01
4.480000e+01 8.742911e-01 2.801147e+01
4.520000e+01 8.697031e-01 2.891318e+01
4.560000e+01 8.647116e-01 2.989145e+01
4.600000e+01 8.593332e-01 3.094423e+01
4.640000e+01 8.535248e-01 3.208004e+01
4.680000e+01 8.472276e-01 3.331031e+01
4.720000e+01 8.403728e-01 3.464843e+01
4.760000e+01 8.328770e-01 3.611063e+01
4.800000e+01 8.246395e-01 3.771654e+01
4.840000e+01 8.155369e-01 3.949024e+01
4.880000e+01 8.054210e-01 4.146054e+01
4.920000e+01 7.941214e-01 4.366055e+01
4.960000e+01 7.814313e-01 4.612971e+01
5.000000e+01 7.670608e-01 4.892190e+01
5.040000e+01 7.511862e-01 5.201262e+01
5.080000e+01 7.330926e-01 5.553875e+01
5.120000e+01 7.118835e-01 5.967446e+01
5.160000e+01 6.864433e-01 6.464386e+01
5.200000e+01 6.544264e-01 7.089986e+01
5.240000e+01 6.156445e-01 7.853708e+01
5.280000e+01 5.648867e-01 8.856399e+01
5.320000e+01 4.974552e-01 1.019236e+02
5.360000e+01 3.767658e-01 1.254014e+02
5.400000e+01 3.006248e-01 1.413605e+02
5.440000e+01 1.900912e-01 1.644135e+02
5.480000e+01 8.470292e-02 1.870198e+02
5.520000e+01 1.322429e-02 2.036096e+02
5.560000e+01 3.655455e-03 2.086387e+02
5.600000e+01 1.509767e-04 2.113321e+02
5.640000e+01 3.858962e-07 2.125309e+02
5.680000e+01 8.060394e-07 2.132374e+02
5.720000e+01 7.891922e-08 2.137226e+02
5.760000e+01 4.900320e-14 2.140768e+02
5.800000e+01 2.644288e-11 2.143273e+02
5.840000e+01 3.672591e-19 2.144874e+02
5.880000e+01 1.380533e-13 2.145534e+02
5.920000e+01 3.698037e-19 2.145952e+02
5.960000e+01 8.718679e-23 2.146395e+02
6.000000e+01 1.749821e-15 2.146999e+02
6.040000e+01 2.115380e-24 2.147397e+02
6.080000e+01 1.048354e-14 2.147175e+02
6.120000e+01 3.094367e-17 2.146631e+02
6.160000e+01 8.449909e-13 2.145742e+02
6.200000e+01 5.623885e-12 2.144438e+02
6.240000e+01 3.038815e-17 2.142308e+02
6.280000e+01 6.115708e-09 2.138164e+02
6.320000e+01 6.170919e-06 2.130671e+02
6.360000e+01 7.279041e-05 2.118058e+02
6.400000e+01 3.878582e-03 2.090883e+02
6.440000e+01 2.616304e-02 2.021212e+02
6.480000e+01 7.509338e-02 1.897303e+02
6.520000e+01 1.437028e-01 1.738278e+02
6.560000e+01 2.650547e-01 1.493673e+02
6.600000e+01 3.569596e-01 1.306522e+02
6.640000e+01 4.311934e-01 1.156749e+02
6.680000e+01 4.905792e-01 1.038434e+02
6.720000e+01 5.373465e-01 9.461289e+01
6.760000e+01 5.735923e-01 8.749809e+01
6.800000e+01 6.024607e-01 8.186537e+01
6.840000e+01 6.256112e-01 7.736360e+01
6.880000e+01 6.451901e-01 7.357998e+01
6.920000e+01 6.615020e-01 7.043742e+01
6.960000e+01 6.753938e-01 6.777109e+01
7.000000e+01 6.873270e-01 6.548879e+01
7.040000e+01 6.976374e-01 6.352373e+01
7.080000e+01 7.065871e-01 6.182412e+01
7.120000e+01 7.143764e-01 6.035032e+01
7.160000e+01 7.211730e-01 5.906945e+01
7.200000e+01 7.271168e-01 5.795418e+01
7.240000e+01 7.323096e-01 5.698438e+01
7.280000e+01 7.368535e-01 5.614032e+01
7.320000e+01 7.408233e-01 5.540738e+01
7.360000e+01 7.442777e-01 5.477398e+01
7.400000e+01 7.472784e-01 5.422824e+01
7.440000e+01 7.498688e-01 5.376164e+01
7.480000e+01 7.520664e-01 5.337012e+01
7.520000e+01 7.538635e-01 5.305363e+01
7.560000e+01 7.554785e-01 5.277600e+01
7.600000e+01 7.568040e-01 5.255413e+01
7.640000e+01 7.551227e-01 5.286975e+01
7.680000e+01 7.585294e-01 5.228493e+01
7.720000e+01 7.594354e-01 5.215331e+01
7.760000e+01 7.571641e-01 5.260243e+01
7.800000e+01 7.600085e-01 5.211769e+01
7.840000e+01 7.599179e-01 5.217425e+01
7.880000e+01 7.594985e-01 5.229419e+01
7.920000e+01 7.587629e-01 5.247562e+01
7.960000e+01 7.577085e-01 5.271762e+01
8.000000e+01 7.564081e-01 5.300279e+01
8.040000e+01 7.551984e-01 5.326405e+01
8.080000e+01 7.548534e-01 5.336375e+01
8.120000e+01 7.553505e-01 5.330509e+01
8.160000e+01 7.559470e-01 5.322075e+01
8.200000e+01 7.563491e-01 5.316988e+01
8.240000e+01 7.564954e-01 5.316743e+01
8.280000e+01 7.563997e-01 5.321217e+01
8.320000e+01 7.560979e-01 5.329762e+01
8.360000e+01 7.556270e-01 5.341666e+01
8.400000e+01 7.550195e-01 5.356291e+01
8.440000e+01 7.542972e-01 5.373203e+01
8.480000e+01 7.534752e-01 5.392091e+01
8.520000e+01 7.525672e-01 5.412686e+01
8.560000e+01 7.515878e-01 5.434711e+01
8.600000e+01 7.505342e-01 5.458199e+01
8.640000e+01 7.494105e-01 5.483074e+01
8.680000e+01 7.482137e-01 5.509384e+01
8.720000e+01 7.469631e-01 5.536780e+01
8.760000e+01 7.456582e-01 5.565194e+01
8.800000e+01 7.443586e-01 5.593463e+01
8.840000e+01 7.431179e-01 5.620593e+01
8.880000e+01 7.418805e-01 5.647618e+01
8.920000e+01 7.406012e-01 5.675437e+01
8.960000e+01 7.392715e-01 5.704242e+01
9.000000e+01 7.378896e-01 5.734070e+01
9.040000e+01 7.364716e-01 5.764613e+01
9.080000e+01 7.350026e-01 5.796140e+01
9.120000e+01 7.335220e-01 5.827933e+01
9.160000e+01 7.320043e-01 5.860444e+01
9.200000e+01 7.304504e-01 5.893645e+01
9.240000e+01 7.288614e-01 5.927509e+01
9.280000e+01 7.272387e-01 5.962001e+01
9.320000e+01 7.255367e-01 5.997882e+01
9.360000e+01 7.234697e-01 6.039902e+01
9.400000e+01 7.192084e-01 6.120179e+01
9.440000e+01 7.203835e-01 6.106724e+01
9.480000e+01 7.187977e-01 6.140960e+01
9.520000e+01 7.170604e-01 6.177755e+01
9.560000e+01 7.151279e-01 6.217863e+01
9.600000e+01 7.124661e-01 6.270209e+01
9.640000e+01 7.101881e-01 6.316337e+01
9.680000e+01 7.097267e-01 6.331949e+01
9.720000e+01 7.080462e-01 6.368130e+01
9.760000e+01 7.062151e-01 6.406870e+01
9.800000e+01 7.043194e-01 6.446755e+01
9.840000e+01 7.024056e-01 6.486997e+01
9.880000e+01 7.004366e-01 6.528244e+01
9.920000e+01 6.983470e-01 6.571639e+01
9.960000e+01 6.963510e-01 6.613434e+01
1.000000e+02 6.941940e-01 6.658007e+01
1.004000e+02 6.917469e-01 6.707394e+01
1.008000e+02 6.897406e-01 6.749647e+01
1.012000e+02 6.875172e-01 6.795506e+01
1.016000e+02 6.820646e-01 6.895911e+01
1.020000e+02 6.821102e-01 6.903469e+01
1.024000e+02 6.812294e-01 6.927266e+01
1.028000e+02 6.791746e-01 6.970739e+01
1.032000e+02 6.768850e-01 7.018212e+01
1.036000e+02 6.742801e-01 7.071064e+01
1.040000e+02 6.712350e-01 7.131564e+01
1.044000e+02 6.696401e-01 7.167644e+01
1.048000e+02 6.672091e-01 7.218005e+01
1.052000e+02 6.646225e-01 7.271137e+01
1.056000e+02 6.619512e-01 7.325853e+01
1.060000e+02 6.591836e-01 7.382379e+01
1.064000e+02 6.563171e-01 7.440779e+01
1.068000e+02 6.533410e-01 7.501253e+01
1.072000e+02 6.502368e-01 7.564150e+01
1.076000e+02 6.470021e-01 7.629524e+01
1.080000e+02 6.435655e-01 7.698667e+01
1.084000e+02 6.400245e-01 7.769883e+01
1.088000e+02 6.362154e-01 7.846072e+01
1.092000e+02 6.320478e-01 7.928765e+01
1.096000e+02 6.252799e-01 8.057090e+01
1.100000e+02 6.230166e-01 8.107738e+01
1.104000e+02 6.174724e-01 8.215519e+01
1.108000e+02 5.957676e-01 8.605101e+01
1.112000e+02 6.058600e-01 8.443279e+01
1.116000e+02 6.002203e-01 8.556656e+01
1.120000e+02 5.930656e-01 8.697015e+01
1.124000e+02 5.848211e-01 8.857773e+01
1.128000e+02 5.752878e-01 9.042888e+01
1.132000e+02 5.643510e-01 9.254860e+01
1.136000e+02 5.514484e-01 9.504234e+01
1.140000e+02 5.360753e-01 9.800772e+01
1.144000e+02 5.175181e-01 1.015819e+02
1.148000e+02 4.944180e-01 1.060197e+02
1.152000e+02 4.662473e-01 1.114467e+02
1.156000e+02 4.308377e-01 1.182818e+02
1.160000e+02 3.852544e-01 1.270965e+02
1.164000e+02 3.267727e-01 1.384640e+02
1.168000e+02 2.529487e-01 1.529532e+02
1.172000e+02 1.650779e-01 1.705236e+02
1.176000e+02 7.594923e-02 1.890818e+02
1.180000e+02 1.555073e-02 2.031205e+02
1.184000e+02 3.138641e-04 2.085474e+02
1.188000e+02 6.725711e-09 2.093920e+02
1.192000e+02 1.292021e-03 2.078469e+02
1.196000e+02 2.668962e-02 2.003362e+02
1.200000e+02 9.770519e-02 1.845914e+02
1.204000e+02 1.872022e-01 1.663117e+02
1.208000e+02 2.688697e-01 1.501698e+02
1.212000e+02 3.347092e-01 1.373718e+02
1.216000e+02 3.853622e-01 1.276214e+02
1.220000e+02 4.237329e-01 1.202838e+02
1.224000e+02 4.527536e-01 1.147632e+02
1.228000e+02 4.747591e-01 1.105961e+02
1.232000e+02 4.912689e-01 1.074790e+02
1.236000e+02 5.038320e-01 1.051141e+02
1.240000e+02 5.050457e-01 1.047443e+02
1.244000e+02 5.206368e-01 1.019747e+02
1.248000e+02 5.277959e-01 1.006836e+02
1.252000e+02 5.303465e-01 1.001925e+02
1.256000e+02 5.334340e-01 9.964044e+01
1.260000e+02 5.391521e-01 9.866237e+01
1.264000e+02 5.416207e-01 9.824862e+01
1.268000e+02 5.433944e-01 9.796094e+01
1.272000e+02 5.444854e-01 9.779911e+01
1.276000e+02 5.450987e-01 9.772620e+01
1.280000e+02 5.450933e-01 9.776447e+01
1.284000e+02 5.440156e-01 9.799221e+01
1.288000e+02 5.451504e-01 9.784803e+01
1.292000e+02 5.448019e-01 9.796073e+01
1.296000e+02 5.441988e-01 9.811992e+01
1.300000e+02 5.434276e-01 9.831073e+01
1.304000e+02 5.425113e-01 9.852893e+01
1.308000e+02 5.414423e-01 9.877545e+01
1.312000e+02 5.403153e-01 9.903398e+01
1.316000e+02 5.390873e-01 9.931163e+01
1.320000e+02 5.377504e-01 9.960956e+01
1.324000e+02 5.360641e-01 9.997074e+01
1.328000e+02 5.348955e-01 1.002405e+02
1.332000e+02 5.333585e-01 1.005768e+02
1.336000e+02 5.317820e-01 1.009211e+02
1.340000e+02 5.301283e-01 1.012799e+02
1.344000e+02 5.284402e-01 1.016454e+02
1.348000e+02 5.266963e-01 1.020218e+02
1.352000e+02 5.249002e-01 1.024082e+02
1.356000e+02 5.230458e-01 1.028059e+02
1.360000e+02 5.211101e-01 1.032189e+02
1.364000e+02 5.190488e-01 1.036551e+02
1.368000e+02 5.153497e-01 1.043747e+02
1.372000e+02 5.148053e-01 1.045554e+02
1.376000e+02 5.127097e-01 1.050054e+02
1.380000e+02 5.104333e-01 1.054862e+02
1.384000e+02 5.081918e-01 1.059578e+02
1.388000e+02 5.061609e-01 1.063884e+02
1.392000e+02 5.045147e-01 1.067470e+02
1.396000e+02 5.027728e-01 1.071210e+02
1.400000e+02 5.008735e-01 1.075240e+02
1.404000e+02 4.989483e-01 1.079335e+02
1.408000e+02 4.966604e-01 1.084094e+02
1.412000e+02 4.945038e-01 1.088649e+02
1.416000e+02 4.916915e-01 1.094346e+02
1.420000e+02 4.847521e-01 1.106994e+02
1.424000e+02 4.837387e-01 1.109781e+02
1.428000e+02 4.839832e-01 1.110565e+02
1.432000e+02 4.815257e-01 1.115846e+02
1.436000e+02 4.789313e-01 1.121260e+02
1.440000e+02 4.769459e-01 1.125499e+02
1.444000e+02 4.753265e-01 1.128980e+02
1.448000e+02 4.714800e-01 1.136171e+02
1.452000e+02 4.718574e-01 1.136246e+02
1.456000e+02 4.707953e-01 1.138827e+02
1.460000e+02 4.690292e-01 1.142624e+02
1.464000e+02 4.671273e-01 1.146684e+02
1.468000e+02 4.650869e-01 1.151008e+02
1.472000e+02 4.629594e-01 1.155504e+02
1.476000e+02 4.607563e-01 1.160148e+02
1.480000e+02 4.584629e-01 1.164961e+02
1.484000e+02 4.559328e-01 1.170183e+02
1.488000e+02 4.507330e-01 1.180021e+02
1.492000e+02 4.513206e-01 1.179941e+02
1.496000e+02 4.489921e-01 1.184885e+02
1.500000e+02 4.464485e-01 1.190201e+02
1.504000e+02 4.436803e-01 1.195893e+02
1.508000e+02 4.405234e-01 1.202247e+02
1.512000e+02 4.387407e-01 1.206345e+02
1.516000e+02 4.364361e-01 1.211290e+02
1.520000e+02 4.340860e-01 1.216286e+02
1.524000e+02 4.317097e-01 1.221316e+02
1.528000e+02 4.292569e-01 1.226487e+02
1.532000e+02 4.267059e-01 1.231841e+02
1.536000e+02 4.238958e-01 1.237645e+02
1.540000e+02 4.171493e-01 1.250261e+02
1.544000e+02 4.186022e-01 1.248770e+02
1.548000e+02 4.161626e-01 1.254020e+02
1.552000e+02 4.134696e-01 1.259707e+02
1.556000e+02 4.106929e-01 1.265549e+02
1.560000e+02 4.077886e-01 1.271625e+02
1.564000e+02 4.049697e-01 1.277572e+02
1.568000e+02 4.020638e-01 1.283685e+02
1.572000e+02 3.990693e-01 1.289966e+02
1.576000e+02 3.960627e-01 1.296288e+02
1.580000e+02 3.929825e-01 1.302756e+02
1.584000e+02 3.898352e-01 1.309359e+02
1.588000e+02 3.866364e-01 1.316072e+02
1.592000e+02 3.833640e-01 1.322935e+02
1.596000e+02 3.800436e-01 1.329905e+02
1.600000e+02 3.766321e-01 1.337057e+02
1.604000e+02 3.731621e-01 1.344337e+02
1.608000e+02 3.696139e-01 1.351778e+02
1.612000e+02 3.659724e-01 1.359410e+02
1.616000e+02 3.622484e-01 1.367218e+02
1.620000e+02 3.584225e-01 1.375236e+02
1.624000e+02 3.544907e-01 1.383472e+02
1.628000e+02 3.504481e-01 1.391940e+02
1.632000e+02 3.462719e-01 1.400679e+02
1.636000e+02 3.419699e-01 1.409678e+02
1.640000e+02 3.374879e-01 1.419032e+02
1.644000e+02 3.327027e-01 1.428946e+02
1.648000e+02 3.260821e-01 1.442001e+02
1.652000e+02 3.218888e-01 1.451033e+02
1.656000e+02 3.144394e-01 1.465594e+02
1.660000e+02 3.101911e-01 1.474896e+02
1.664000e+02 3.074048e-01 1.481874e+02
1.668000e+02 3.021742e-01 1.493000e+02
1.672000e+02 2.963979e-01 1.505124e+02
1.676000e+02 2.884708e-01 1.521081e+02
1.680000e+02 2.841760e-01 1.530809e+02
1.684000e+02 2.776964e-01 1.544443e+02
1.688000e+02 2.708586e-01 1.558803e+02
1.692000e+02 2.637102e-01 1.573817e+02
1.696000e+02 2.562276e-01 1.589537e+02
1.700000e+02 2.483525e-01 1.606075e+02
1.704000e+02 2.401992e-01 1.623239e+02
1.708000e+02 2.316020e-01 1.641331e+02
1.712000e+02 2.225731e-01 1.660339e+02
1.716000e+02 2.131339e-01 1.680239e+02
1.720000e+02 2.032464e-01 1.701107e+02
1.724000e+02 1.928790e-01 1.723008e+02
1.728000e+02 1.820202e-01 1.745973e+02
1.732000e+02 1.706343e-01 1.770069e+02
1.736000e+02 1.586490e-01 1.795432e+02
1.740000e+02 1.466389e-01 1.821093e+02
1.744000e+02 1.339721e-01 1.848116e+02
1.748000e+02 1.209010e-01 1.876066e+02
1.752000e+02 1.068362e-01 1.905969e+02
1.756000e+02 9.385229e-02 1.934135e+02
1.760000e+02 8.057384e-02 1.963011e+02
1.764000e+02 6.753293e-02 1.991587e+02
1.768000e+02 5.484246e-02 2.019563e+02
1.772000e+02 4.287004e-02 2.046223e+02
1.776000e+02 3.196181e-02 2.070852e+02
1.780000e+02 2.244914e-02 2.092745e+02
1.784000e+02 1.461146e-02 2.111278e+02
1.788000e+02 8.619229e-03 2.126031e+02
1.792000e+02 4.470799e-03 2.136916e+02
1.796000e+02 1.956122e-03 2.144271e+02
1.800000e+02 6.812436e-04 2.148827e+02
1.804000e+02 1.749782e-04 2.151515e+02
1.808000e+02 2.972869e-05 2.153180e+02
1.812000e+02 2.914405e-06 2.154362e+02
1.816000e+02 1.406885e-07 2.155289e+02
1.820000e+02 2.933423e-09 2.156022e+02
1.824000e+02 2.745107e-11 2.156567e+02
1.828000e+02 1.997179e-13 2.156917e+02
1.832000e+02 6.826253e-15 2.157065e+02
1.836000e+02 2.667582e-14 2.157012e+02
1.840000e+02 2.381783e-12 2.156761e+02
1.844000e+02 2.766189e-10 2.156323e+02
1.848000e+02 1.953061e-08 2.155708e+02
1.852000e+02 5.596307e-07 2.154928e+02
1.856000e+02 7.438733e-06 2.153972e+02
1.860000e+02 5.403816e-05 2.152759e+02
1.864000e+02 2.475573e-04 2.151044e+02
1.868000e+02 8.042357e-04 2.148370e+02
1.872000e+02 2.022327e-03 2.144136e+02
1.876000e+02 4.199013e-03 2.137777e+02
1.880000e+02 7.541223e-03 2.128933e+02
1.884000e+02 1.212512e-02 2.117518e+02
1.888000e+02 1.789366e-02 2.103711e+02
1.892000e+02 2.469427e-02 2.087873e+02
1.896000e+02 3.231971e-02 2.070462e+02
1.900000e+02 4.054155e-02 2.051965e+02
1.904000e+02 4.913799e-02 2.032843e+02
1.908000e+02 5.791213e-02 2.013501e+02
1.912000e+02 6.669270e-02 1.994284e+02
1.916000e+02 7.533667e-02 1.975475e+02
1.920000e+02 8.373252e-02 1.957295e+02
1.924000e+02 9.178915e-02 1.939916e+02
1.928000e+02 9.942276e-02 1.923489e+02
1.932000e+02 1.063768e-01 1.908442e+02
1.936000e+02 1.132978e-01 1.893672e+02
1.940000e+02 1.198730e-01 1.879668e+02
1.944000e+02 1.262054e-01 1.866221e+02
1.948000e+02 1.321349e-01 1.853600e+02
1.952000e+02 1.366270e-01 1.843537e+02
1.956000e+02 1.404302e-01 1.834845e+02
1.960000e+02 1.477818e-01 1.820425e+02
1.964000e+02 1.527102e-01 1.810234e+02
1.968000e+02 1.569738e-01 1.801314e+02
1.972000e+02 1.608198e-01 1.793250e+02
1.976000e+02 1.642899e-01 1.785966e+02
1.980000e+02 1.674277e-01 1.779385e+02
1.984000e+02 1.703481e-01 1.773288e+02
1.988000e+02 1.729007e-01 1.767945e+02
1.992000e+02 1.749774e-01 1.763537e+02
1.996000e+02 1.770391e-01 1.759260e+02
2.000000e+02 1.787245e-01 1.755755e+02
2.004000e+02 1.799412e-01 1.753165e+02
2.008000e+02 1.805344e-01 1.751739e+02
2.012000e+02 1.812217e-01 1.750347e+02
2.016000e+02 1.817163e-01 1.749474e+02
2.020000e+02 1.814645e-01 1.750014e+02
2.024000e+02 1.805724e-01 1.751779e+02
2.028000e+02 1.792569e-01 1.754290e+02
2.032000e+02 1.782090e-01 1.756140e+02
2.036000e+02 1.790358e-01 1.754447e+02
2.040000e+02 1.817384e-01 1.749217e+02
2.044000e+02 1.847264e-01 1.743301e+02
2.048000e+02 1.873446e-01 1.738030e+02
2.052000e+02 1.894467e-01 1.733758e+02
2.056000e+02 1.910826e-01 1.730419e+02
2.060000e+02 1.921061e-01 1.728246e+02
2.064000e+02 1.932231e-01 1.726038e+02
2.068000e+02 1.939926e-01 1.724509e+02
2.072000e+02 1.944976e-01 1.723492e+02
2.076000e+02 1.948523e-01 1.722775e+02
2.080000e+02 1.949920e-01 1.722453e+02
2.084000e+02 1.940098e-01 1.724026e+02
2.088000e+02 1.929282e-01 1.725841e+02
2.092000e+02 1.952365e-01 1.722044e+02
2.096000e+02 1.953927e-01 1.721869e+02
2.100000e+02 1.953041e-01 1.722120e+02
2.104000e+02 1.946032e-01 1.723438e+02
2.108000e+02 1.873496e-01 1.736561e+02
2.112000e+02 1.945506e-01 1.723794e+02
2.116000e+02 1.944263e-01 1.724184e+02
2.120000e+02 1.941184e-01 1.724895e+02
2.124000e+02 1.937430e-01 1.725735e+02
2.128000e+02 1.933171e-01 1.726674e+02
2.132000e+02 1.928539e-01 1.727689e+02
2.136000e+02 1.923466e-01 1.728790e+02
2.140000e+02 1.917864e-01 1.729990e+02
2.144000e+02 1.910908e-01 1.731424e+02
2.148000e+02 1.890425e-01 1.735119e+02
2.152000e+02 1.892543e-01 1.735060e+02
2.156000e+02 1.893701e-01 1.735191e+02
2.160000e+02 1.887562e-01 1.736545e+02
2.164000e+02 1.882261e-01 1.737745e+02
2.168000e+02 1.875700e-01 1.739172e+02
2.172000e+02 1.868859e-01 1.740654e+02
2.176000e+02 1.861665e-01 1.742203e+02
2.180000e+02 1.854419e-01 1.743767e+02
2.184000e+02 1.847040e-01 1.745361e+02
2.188000e+02 1.839452e-01 1.746997e+02
2.192000e+02 1.831508e-01 1.748701e+02
2.196000e+02 1.823603e-01 1.750405e+02
2.200000e+02 1.815342e-01 1.752178e+02
2.204000e+02 1.806948e-01 1.753982e+02
2.208000e+02 1.798233e-01 1.755849e+02
2.212000e+02 1.789229e-01 1.757777e+02
2.216000e+02 1.779948e-01 1.759765e+02
2.220000e+02 1.770200e-01 1.761848e+02
2.224000e+02 1.759749e-01 1.764071e+02
2.228000e+02 1.748868e-01 1.766391e+02
2.232000e+02 1.736768e-01 1.768952e+02
2.236000e+02 1.723699e-01 1.771718e+02
2.240000e+02 1.708799e-01 1.774849e+02
2.244000e+02 1.691752e-01 1.778405e+02
2.248000e+02 1.671657e-01 1.782534e+02
2.252000e+02 1.649924e-01 1.786949e+02
2.256000e+02 1.626839e-01 1.791484e+02
2.260000e+02 1.589216e-01 1.798255e+02
2.264000e+02 1.612505e-01 1.794554e+02
2.268000e+02 1.621168e-01 1.793189e+02
2.272000e+02 1.625817e-01 1.792443e+02
2.276000e+02 1.627246e-01 1.792277e+02
2.280000e+02 1.626048e-01 1.792618e+02
2.284000e+02 1.622812e-01 1.793361e+02
2.288000e+02 1.617978e-01 1.794422e+02
2.292000e+02 1.611576e-01 1.795784e+02
2.296000e+02 1.589839e-01 1.799833e+02
2.300000e+02 1.596951e-01 1.798896e+02
2.304000e+02 1.587984e-01 1.800750e+02
2.308000e+02 1.576639e-01 1.803011e+02
2.312000e+02 1.507212e-01 1.815069e+02
2.316000e+02 1.554660e-01 1.807460e+02
2.320000e+02 1.553643e-01 1.808075e+02
2.324000e+02 1.544976e-01 1.809959e+02
2.328000e+02 1.533549e-01 1.812322e+02
2.332000e+02 1.518459e-01 1.815317e+02
2.336000e+02 1.493561e-01 1.819901e+02
2.340000e+02 1.443804e-01 1.828444e+02
2.344000e+02 1.481256e-01 1.822801e+02
2.348000e+02 1.483730e-01 1.822758e+02
2.352000e+02 1.475526e-01 1.824473e+02
2.356000e+02 1.412139e-01 1.835438e+02
2.360000e+02 1.450114e-01 1.829476e+02
2.364000e+02 1.452776e-01 1.829487e+02
2.368000e+02 1.436003e-01 1.832692e+02
2.372000e+02 1.310039e-01 1.854501e+02
2.376000e+02 1.422288e-01 1.835909e+02
2.380000e+02 1.417914e-01 1.837130e+02
2.384000e+02 1.403327e-01 1.840077e+02
2.388000e+02 1.384408e-01 1.843701e+02
2.392000e+02 1.329123e-01 1.853506e+02
2.396000e+02 1.361512e-01 1.848707e+02
2.400000e+02 1.351692e-01 1.850950e+02
2.404000e+02 1.340131e-01 1.853547e+02
2.408000e+02 1.325479e-01 1.856678e+02
2.412000e+02 1.307337e-01 1.860355e+02
2.416000e+02 1.294416e-01 1.862975e+02
2.420000e+02 1.279748e-01 1.865707e+02
2.424000e+02 1.210546e-01 1.877523e+02
2.428000e+02 1.284336e-01 1.865241e+02
2.432000e+02 1.272919e-01 1.867255e+02
2.436000e+02 1.249437e-01 1.871352e+02
2.440000e+02 1.275656e-01 1.867251e+02
2.444000e+02 1.276947e-01 1.867322e+02
2.448000e+02 1.275329e-01 1.867902e+02
2.452000e+02 1.269800e-01 1.869150e+02
2.456000e+02 1.263213e-01 1.870590e+02
2.460000e+02 1.256071e-01 1.872135e+02
2.464000e+02 1.248344e-01 1.873787e+02
2.468000e+02 1.240406e-01 1.875480e+02
2.472000e+02 1.231370e-01 1.877360e+02
2.476000e+02 1.216393e-01 1.880223e+02
2.480000e+02 1.191622e-01 1.884703e+02
2.484000e+02 1.190154e-01 1.885343e+02
2.488000e+02 1.195453e-01 1.884882e+02
2.492000e+02 1.185120e-01 1.886989e+02
2.496000e+02 1.150601e-01 1.893073e+02
2.500000e+02 1.023912e-01 1.915084e+02
2.504000e+02 1.154861e-01 1.893224e+02
2.508000e+02 1.151627e-01 1.894193e+02
2.512000e+02 1.132326e-01 1.897864e+02
2.516000e+02 1.137461e-01 1.897381e+02
2.520000e+02 1.131901e-01 1.898734e+02
2.524000e+02 1.124298e-01 1.900426e+02
2.528000e+02 1.115662e-01 1.902308e+02
2.532000e+02 1.106397e-01 1.904318e+02
2.536000e+02 1.095866e-01 1.906570e+02
2.540000e+02 1.084378e-01 1.909012e+02
2.544000e+02 1.071899e-01 1.911632e+02
2.548000e+02 1.060053e-01 1.914103e+02
2.552000e+02 1.051782e-01 1.915868e+02
2.556000e+02 1.048198e-01 1.916733e+02
2.560000e+02 1.045375e-01 1.917413e+02
2.564000e+02 1.041902e-01 1.918207e+02
2.568000e+02 1.037201e-01 1.919237e+02
2.572000e+02 1.031603e-01 1.920448e+02
2.576000e+02 1.024706e-01 1.921902e+02
2.580000e+02 1.015383e-01 1.923769e+02
2.584000e+02 1.001081e-01 1.926452e+02
2.588000e+02 9.505521e-02 1.935266e+02
2.592000e+02 9.943914e-02 1.928256e+02
2.596000e+02 9.907997e-02 1.929213e+02
2.600000e+02 9.845286e-02 1.930612e+02
2.604000e+02 9.777699e-02 1.932094e+02
2.608000e+02 9.700139e-02 1.933753e+02
2.612000e+02 9.631524e-02 1.935256e+02
2.616000e+02 9.555542e-02 1.936893e+02
2.620000e+02 9.476059e-02 1.938593e+02
2.624000e+02 9.390465e-02 1.940400e+02
2.628000e+02 9.189643e-02 1.944166e+02
2.632000e+02 9.185978e-02 1.944603e+02
2.636000e+02 8.794392e-02 1.951555e+02
2.640000e+02 8.978570e-02 1.948896e+02
2.644000e+02 8.935086e-02 1.950097e+02
2.648000e+02 8.786716e-02 1.953056e+02
2.652000e+02 8.712718e-02 1.954792e+02
2.656000e+02 8.609284e-02 1.957012e+02
2.660000e+02 8.503050e-02 1.959208e+02
2.664000e+02 8.436502e-02 1.960639e+02
2.668000e+02 8.389092e-02 1.961645e+02
2.672000e+02 7.934892e-02 1.969459e+02
2.676000e+02 8.324193e-02 1.963065e+02
2.680000e+02 8.341672e-02 1.962989e+02
2.684000e+02 8.312196e-02 1.963706e+02
2.688000e+02 8.269964e-02 1.964656e+02
2.692000e+02 8.221605e-02 1.965725e+02
2.696000e+02 8.168318e-02 1.966891e+02
2.700000e+02 8.111973e-02 1.968119e+02
2.704000e+02 8.052776e-02 1.969402e+02
2.708000e+02 7.992128e-02 1.970715e+02
2.712000e+02 7.929697e-02 1.972062e+02
2.716000e+02 7.867926e-02 1.973401e+02
2.720000e+02 7.800651e-02 1.974836e+02
2.724000e+02 7.727912e-02 1.976359e+02
2.728000e+02 7.597523e-02 1.978825e+02
2.732000e+02 7.444950e-02 1.981674e+02
2.736000e+02 7.528428e-02 1.980614e+02
2.740000e+02 7.464753e-02 1.981984e+02
2.744000e+02 7.172041e-02 1.987196e+02
2.748000e+02 7.323451e-02 1.984957e+02
2.752000e+02 7.289128e-02 1.985858e+02
2.756000e+02 7.223553e-02 1.987268e+02
2.760000e+02 7.139889e-02 1.988963e+02
2.764000e+02 7.030859e-02 1.991064e+02
2.768000e+02 6.977618e-02 1.992281e+02
2.772000e+02 6.973756e-02 1.992651e+02
2.776000e+02 6.937129e-02 1.993564e+02
2.780000e+02 6.883511e-02 1.994756e+02
2.784000e+02 6.825883e-02 1.996015e+02
2.788000e+02 6.767967e-02 1.997278e+02
2.792000e+02 6.693711e-02 1.998808e+02
2.796000e+02 6.586870e-02 2.000889e+02
2.800000e+02 6.580872e-02 2.001292e+02
2.804000e+02 6.537510e-02 2.002316e+02
2.808000e+02 6.480723e-02 2.003561e+02
2.812000e+02 6.420762e-02 2.004861e+02
2.816000e+02 6.364001e-02 2.006104e+02
2.820000e+02 6.304090e-02 2.007402e+02
2.824000e+02 6.245140e-02 2.008681e+02
2.828000e+02 6.105657e-02 2.011336e+02
2.832000e+02 6.126844e-02 2.011247e+02
2.836000e+02 6.074338e-02 2.012414e+02
2.840000e+02 6.019007e-02 2.013621e+02
2.844000e+02 5.961580e-02 2.014864e+02
2.848000e+02 5.904502e-02 2.016097e+02
2.852000e+02 5.843167e-02 2.017401e+02
2.856000e+02 5.764810e-02 2.018981e+02
2.860000e+02 5.445406e-02 2.024565e+02
2.864000e+02 5.497367e-02 2.023980e+02
2.868000e+02 5.605372e-02 2.022492e+02
2.872000e+02 5.568411e-02 2.023399e+02
2.876000e+02 5.517608e-02 2.024529e+02
2.880000e+02 5.460244e-02 2.025764e+02
2.884000e+02 5.388180e-02 2.027237e+02
2.888000e+02 5.162600e-02 2.031236e+02
2.892000e+02 5.197438e-02 2.030945e+02
2.896000e+02 5.236151e-02 2.030614e+02
2.900000e+02 5.196454e-02 2.031562e+02
2.904000e+02 5.148067e-02 2.032649e+02
2.908000e+02 5.093469e-02 2.033836e+02
2.912000e+02 5.041820e-02 2.034975e+02
2.916000e+02 4.991403e-02 2.036092e+02
2.920000e+02 4.938248e-02 2.037254e+02
2.924000e+02 4.880939e-02 2.038483e+02
2.928000e+02 4.807354e-02 2.039975e+02
2.932000e+02 4.346188e-02 2.048108e+02
2.936000e+02 4.639661e-02 2.043337e+02
2.940000e+02 4.670548e-02 2.043091e+02
2.944000e+02 4.625659e-02 2.044118e+02
2.948000e+02 4.575838e-02 2.045224e+02
2.952000e+02 4.524602e-02 2.046354e+02
2.956000e+02 4.473109e-02 2.047488e+02
2.960000e+02 4.420308e-02 2.048645e+02
2.964000e+02 4.366498e-02 2.049822e+02
2.968000e+02 4.314002e-02 2.050975e+02
2.972000e+02 4.253552e-02 2.052267e+02
2.976000e+02 4.198402e-02 2.053470e+02
2.980000e+02 4.128284e-02 2.054922e+02
2.984000e+02 4.010999e-02 2.057118e+02
2.988000e+02 4.011283e-02 2.057423e+02
2.992000e+02 3.984924e-02 2.058142e+02
2.996000e+02 3.940619e-02 2.059150e+02
3.000000e+02 3.889686e-02 2.060274e+02
3.004000e+02 3.825614e-02 2.061617e+02
3.008000e+02 3.735241e-02 2.063403e+02
3.012000e+02 3.687419e-02 2.064468e+02
3.016000e+02 3.539710e-02 2.067175e+02
3.020000e+02 3.490460e-02 2.068292e+02
3.024000e+02 3.553327e-02 2.067565e+02
3.028000e+02 3.498188e-02 2.068766e+02
3.032000e+02 3.104271e-02 2.075737e+02
3.036000e+02 3.407943e-02 2.070861e+02
3.040000e+02 3.368895e-02 2.071820e+02
3.044000e+02 3.314861e-02 2.073025e+02
3.048000e+02 3.255815e-02 2.074313e+02
3.052000e+02 3.206957e-02 2.075436e+02
3.056000e+02 3.157186e-02 2.076572e+02
3.060000e+02 3.103718e-02 2.077772e+02
3.064000e+02 3.048513e-02 2.079007e+02
3.068000e+02 2.991525e-02 2.080279e+02
3.072000e+02 2.932851e-02 2.081588e+02
3.076000e+02 2.872320e-02 2.082936e+02
3.080000e+02 2.810720e-02 2.084313e+02
3.084000e+02 2.746559e-02 2.085743e+02
3.088000e+02 2.679704e-02 2.087231e+02
3.092000e+02 2.610919e-02 2.088765e+02
3.096000e+02 2.538379e-02 2.090375e+02
3.100000e+02 2.438357e-02 2.092455e+02
3.104000e+02 2.390379e-02 2.093657e+02
3.108000e+02 2.325543e-02 2.095137e+02
3.112000e+02 2.261882e-02 2.096591e+02
3.116000e+02 2.195394e-02 2.098103e+02
3.120000e+02 2.124214e-02 2.099717e+02
3.124000e+02 2.047447e-02 2.101452e+02
3.128000e+02 1.965268e-02 2.103305e+02
3.132000e+02 1.879208e-02 2.105245e+02
3.136000e+02 1.792132e-02 2.107208e+02
3.140000e+02 1.710069e-02 2.109081e+02
3.144000e+02 1.633881e-02 2.110853e+02
3.148000e+02 1.552292e-02 2.112737e+02
3.152000e+02 1.463768e-02 2.114772e+02
3.156000e+02 1.362335e-02 2.117059e+02
3.160000e+02 1.237398e-02 2.119778e+02
3.164000e+02 1.083374e-02 2.123037e+02
3.168000e+02 1.059243e-02 2.124162e+02
3.172000e+02 9.275481e-03 2.127149e+02
3.176000e+02 8.524188e-03 2.129163e+02
3.180000e+02 7.443083e-03 2.131797e+02
3.184000e+02 6.345550e-03 2.134499e+02
3.188000e+02 5.254232e-03 2.137233e+02
3.192000e+02 4.192059e-03 2.139954e+02
3.196000e+02 3.185001e-03 2.142611e+02
3.200000e+02 1.827805e-03 2.145910e+02
3.204000e+02 1.529601e-03 2.147335e+02
3.208000e+02 9.436355e-04 2.149238e+02
3.212000e+02 5.296601e-04 2.150786e+02
3.216000e+02 2.612533e-04 2.152042e+02
3.220000e+02 1.047070e-04 2.153079e+02
3.224000e+02 3.152709e-05 2.153949e+02
3.228000e+02 6.425562e-06 2.154705e+02
3.232000e+02 7.731073e-07 2.155388e+02
3.236000e+02 4.696091e-08 2.156004e+02
3.240000e+02 1.302048e-09 2.156529e+02
3.244000e+02 1.904347e-11 2.156930e+02
3.248000e+02 3.409941e-13 2.157173e+02
3.252000e+02 7.084132e-14 2.157236e+02
3.256000e+02 1.010160e-12 2.157116e+02
3.260000e+02 6.842232e-11 2.156825e+02
3.264000e+02 3.775299e-09 2.156393e+02
3.268000e+02 9.365579e-08 2.155857e+02
3.272000e+02 1.276672e-06 2.155251e+02
3.276000e+02 8.773465e-06 2.154592e+02
3.280000e+02 3.699769e-05 2.153872e+02
3.284000e+02 1.110583e-04 2.153059e+02
3.288000e+02 2.565568e-04 2.152112e+02
3.292000e+02 4.910165e-04 2.151010e+02
3.296000e+02 8.176907e-04 2.149755e+02
3.300000e+02 1.226566e-03 2.148377e+02
3.304000e+02 1.699032e-03 2.146917e+02
3.308000e+02 2.213082e-03 2.145420e+02
3.312000e+02 2.746942e-03 2.143930e+02
3.316000e+02 3.280455e-03 2.142485e+02
3.320000e+02 3.793829e-03 2.141121e+02
3.324000e+02 4.236634e-03 2.139920e+02
3.328000e+02 4.309568e-03 2.139383e+02
3.332000e+02 5.141706e-03 2.137634e+02
3.336000e+02 5.574846e-03 2.136594e+02
3.340000e+02 5.926160e-03 2.135731e+02
3.344000e+02 6.227468e-03 2.134990e+02
3.348000e+02 6.477557e-03 2.134370e+02
3.352000e+02 6.617167e-03 2.133960e+02
3.356000e+02 6.905697e-03 2.133318e+02
3.360000e+02 7.126253e-03 2.132804e+02
3.364000e+02 7.320244e-03 2.132351e+02
3.368000e+02 7.481525e-03 2.131972e+02
3.372000e+02 7.610112e-03 2.131670e+02
3.376000e+02 7.709192e-03 2.131438e+02
3.380000e+02 7.784864e-03 2.131263e+02
3.384000e+02 7.834469e-03 2.131149e+02
3.388000e+02 7.863154e-03 2.131085e+02
3.392000e+02 7.876095e-03 2.131061e+02
3.396000e+02 7.870376e-03 2.131080e+02
3.400000e+02 7.849705e-03 2.131136e+02
3.404000e+02 7.815663e-03 2.131223e+02
3.408000e+02 7.768920e-03 2.131341e+02
3.412000e+02 7.711270e-03 2.131485e+02
3.416000e+02 7.642922e-03 2.131654e+02
3.420000e+02 7.563847e-03 2.131848e+02
3.424000e+02 7.476363e-03 2.132063e+02
3.428000e+02 7.373637e-03 2.132308e+02
3.432000e+02 6.999920e-03 2.133020e+02
3.436000e+02 7.124938e-03 2.132888e+02
3.440000e+02 7.056870e-03 2.133093e+02
3.444000e+02 6.938584e-03 2.133385e+02
3.448000e+02 6.800247e-03 2.133713e+02
3.452000e+02 6.669927e-03 2.134032e+02
3.456000e+02 6.550546e-03 2.134336e+02
3.460000e+02 6.424332e-03 2.134654e+02
3.464000e+02 6.299336e-03 2.134974e+02
3.468000e+02 6.164213e-03 2.135314e+02
3.472000e+02 6.024397e-03 2.135663e+02
3.476000e+02 5.882111e-03 2.136020e+02
3.480000e+02 5.736213e-03 2.136386e+02
3.484000e+02 5.588287e-03 2.136757e+02
3.488000e+02 5.437906e-03 2.137135e+02
3.492000e+02 5.285438e-03 2.137519e+02
3.496000e+02 5.127470e-03 2.137914e+02
3.500000e+02 4.973726e-03 2.138305e+02
3.504000e+02 4.814976e-03 2.138706e+02
3.508000e+02 4.649954e-03 2.139119e+02
3.512000e+02 4.473815e-03 2.139552e+02
3.516000e+02 4.252397e-03 2.140057e+02
3.520000e+02 4.099685e-03 2.140454e+02
3.524000e+02 3.651083e-03 2.141343e+02
3.528000e+02 3.476528e-03 2.141803e+02
3.532000e+02 3.715968e-03 2.141531e+02
3.536000e+02 3.582485e-03 2.141903e+02
3.540000e+02 3.435229e-03 2.142298e+02
3.544000e+02 3.281354e-03 2.142706e+02
3.548000e+02 3.096760e-03 2.143165e+02
3.552000e+02 2.937505e-03 2.143586e+02
3.556000e+02 2.835273e-03 2.143914e+02
3.560000e+02 2.692360e-03 2.144311e+02
3.564000e+02 2.546925e-03 2.144713e+02
3.568000e+02 2.406927e-03 2.145107e+02
3.572000e+02 2.258594e-03 2.145516e+02
3.576000e+02 1.901146e-03 2.146281e+02
3.580000e+02 1.965182e-03 2.146332e+02
3.584000e+02 1.826250e-03 2.146730e+02
3.588000e+02 1.402462e-03 2.147604e+02
3.592000e+02 1.573687e-03 2.147488e+02
3.596000e+02 1.404242e-03 2.147943e+02
3.600000e+02 1.359504e-03 2.148188e+02
3.604000e+02 1.250037e-03 2.148544e+02
3.608000e+02 1.139922e-03 2.148902e+02
3.612000e+02 1.032527e-03 2.149257e+02
3.616000e+02 9.163279e-04 2.149627e+02
3.620000e+02 8.319687e-04 2.149946e+02
3.624000e+02 7.402602e-04 2.150278e+02
3.628000e+02 6.525001e-04 2.150605e+02
3.632000e+02 5.686661e-04 2.150927e+02
3.636000e+02 4.879396e-04 2.151244e+02
3.640000e+02 4.177436e-04 2.151546e+02
3.644000e+02 2.787666e-04 2.151964e+02
3.648000e+02 2.932538e-04 2.152126e+02
3.652000e+02 2.447085e-04 2.152396e+02
3.656000e+02 1.976203e-04 2.152665e+02
3.660000e+02 1.552686e-04 2.152929e+02
3.664000e+02 1.176220e-04 2.153188e+02
3.668000e+02 7.585968e-05 2.153458e+02
3.672000e+02 5.708170e-05 2.153694e+02
3.676000e+02 3.291339e-05 2.153945e+02
3.680000e+02 1.312756e-05 2.154193e+02
3.684000e+02 1.160199e-06 2.154420e+02
3.688000e+02 3.324392e-06 2.154604e+02
3.692000e+02 5.822296e-06 2.154779e+02
3.696000e+02 5.262808e-06 2.154967e+02
3.700000e+02 3.683550e-06 2.155167e+02
3.704000e+02 2.226450e-06 2.155374e+02
3.708000e+02 1.190797e-06 2.155588e+02
3.712000e+02 5.753003e-07 2.155805e+02
3.716000e+02 2.530974e-07 2.156027e+02
3.720000e+02 9.668218e-08 2.156251e+02
3.724000e+02 3.178489e-08 2.156479e+02
3.728000e+02 8.751034e-09 2.156708e+02
3.732000e+02 1.945427e-09 2.156940e+02
3.736000e+02 3.335236e-10 2.157172e+02
3.740000e+02 4.143313e-11 2.157403e+02
3.744000e+02 3.442175e-12 2.157633e+02
3.748000e+02 1.714408e-13 2.157859e+02
3.752000e+02 3.610225e-15 2.158081e+02
3.756000e+02 5.133412e-17 2.158296e+02
3.760000e+02 1.951848e-19 2.158502e+02
3.764000e+02 1.732663e-22 2.158698e+02
3.768000e+02 2.146989e-26 2.158882e+02
3.772000e+02 1.948819e-31 2.159051e+02
3.776000e+02 4.637441e-38 2.159204e+02
3.780000e+02 7.926450e-47 2.159338e+02
3.784000e+02 1.904028e-58 2.159453e+02
3.788000e+02 1.371813e-73 2.159546e+02
3.792000e+02 1.733534e-92 2.159616e+02
3.796000e+02 1.458915e-113 2.159662e+02
3.800000e+02 1.763025e-130 2.159685e+02
3.804000e+02 4.604940e-129 2.159682e+02
3.808000e+02 9.253172e-111 2.159656e+02
3.812000e+02 9.715904e-90 2.159606e+02
3.816000e+02 1.906957e-71 2.159533e+02
3.820000e+02 5.609171e-57 2.159439e+02
3.824000e+02 6.059075e-46 2.159325e+02
3.828000e+02 1.298428e-37 2.159193e+02
3.832000e+02 2.658587e-31 2.159046e+02
3.836000e+02 1.786682e-26 2.158884e+02
3.840000e+02 9.777362e-23 2.158711e+02
3.844000e+02 8.373678e-20 2.158529e+02
3.848000e+02 1.791574e-17 2.158340e+02
3.852000e+02 1.343745e-15 2.158145e+02
3.856000e+02 4.533868e-14 2.157948e+02
3.860000e+02 8.330879e-13 2.157748e+02
3.864000e+02 9.496281e-12 2.157549e+02
3.868000e+02 7.300035e-11 2.157350e+02
3.872000e+02 3.879076e-10 2.157155e+02
3.876000e+02 1.773343e-09 2.156964e+02
3.880000e+02 6.229640e-09 2.156779e+02
3.884000e+02 1.808596e-08 2.156601e+02
3.888000e+02 4.477733e-08 2.156432e+02
3.892000e+02 9.655773e-08 2.156271e+02
3.896000e+02 1.846136e-07 2.156120e+02
3.900000e+02 3.202782e-07 2.155975e+02
3.904000e+02 5.265352e-07 2.155833e+02
3.908000e+02 8.851837e-07 2.155688e+02
3.912000e+02 1.527847e-06 2.155540e+02
3.916000e+02 2.547480e-06 2.155391e+02
3.920000e+02 4.016369e-06 2.155243e+02
3.924000e+02 5.926226e-06 2.155100e+02
3.928000e+02 8.263902e-06 2.154963e+02
3.932000e+02 1.167017e-05 2.154831e+02
3.936000e+02 1.544845e-05 2.154706e+02
3.940000e+02 1.980252e-05 2.154586e+02
3.944000e+02 2.473448e-05 2.154472e+02
3.948000e+02 3.018702e-05 2.154363e+02
3.952000e+02 3.610063e-05 2.154259e+02
3.956000e+02 4.267370e-05 2.154159e+02
3.960000e+02 4.951138e-05 2.154064e+02
3.964000e+02 5.605463e-05 2.153974e+02
3.968000e+02 6.391173e-05 2.153887e+02
3.972000e+02 7.175948e-05 2.153804e+02
3.976000e+02 7.981998e-05 2.153725e+02
3.980000e+02 8.775295e-05 2.153650e+02
3.984000e+02 9.565632e-05 2.153579e+02
3.988000e+02 1.034370e-04 2.153513e+02
3.992000e+02 1.109329e-04 2.153450e+02
3.996000e+02 1.178580e-04 2.153392e+02
4.000000e+02 1.168026e-04 2.153351e+02
+0.9 10 0
1.000000e+01 9.939619e-01 4.046147e+00
1.040000e+01 9.937116e-01 4.103582e+00
1.080000e+01 9.934902e-01 4.155355e+00
1.120000e+01 9.932491e-01 4.211055e+00
1.160000e+01 9.930191e-01 4.265188e+00
1.200000e+01 9.927499e-01 4.327640e+00
1.240000e+01 9.924548e-01 4.396014e+00
1.280000e+01 9.921323e-01 4.470723e+00
1.320000e+01 9.917797e-01 4.552357e+00
1.360000e+01 9.913956e-01 4.641324e+00
1.400000e+01 9.909775e-01 4.738258e+00
1.440000e+01 9.905168e-01 4.845028e+00
1.480000e+01 9.899815e-01 4.968243e+00
1.520000e+01 9.894350e-01 5.095948e+00
1.560000e+01 9.887930e-01 5.245009e+00
1.600000e+01 9.880548e-01 5.416208e+00
1.640000e+01 9.872124e-01 5.611966e+00
1.680000e+01 9.862284e-01 5.840726e+00
1.720000e+01 9.850590e-01 6.112487e+00
1.760000e+01 9.836491e-01 6.440176e+00
1.800000e+01 9.819185e-01 6.842429e+00
1.840000e+01 9.797516e-01 7.346027e+00
1.880000e+01 9.769799e-01 7.989949e+00
1.920000e+01 9.733555e-01 8.831505e+00
1.960000e+01 9.685106e-01 9.955356e+00
2.000000e+01 9.619049e-01 1.148531e+01
2.040000e+01 9.527784e-01 1.359448e+01
2.080000e+01 9.401644e-01 1.649986e+01
2.120000e+01 9.231425e-01 2.039520e+01
2.160000e+01 9.021048e-01 2.515209e+01
2.200000e+01 8.819107e-01 2.962341e+01
2.240000e+01 8.764121e-01 3.085438e+01
2.280000e+01 8.892176e-01 2.809176e+01
2.320000e+01 9.067530e-01 2.416740e+01
2.360000e+01 9.224942e-01 2.058367e+01
2.400000e+01 9.348311e-01 1.774960e+01
2.440000e+01 9.440728e-01 1.561777e+01
2.480000e+01 9.508211e-01 1.405488e+01
2.520000e+01 9.557553e-01 1.290901e+01
2.560000e+01 9.593180e-01 1.207749e+01
2.600000e+01 9.620746e-01 1.143785e+01
2.640000e+01 9.640561e-01 1.097503e+01
2.680000e+01 9.655127e-01 1.063363e+01
2.720000e+01 9.665847e-01 1.038162e+01
2.760000e+01 9.673552e-01 1.019950e+01
2.800000e+01 9.678859e-01 1.007304e+01
2.840000e+01 9.682183e-01 9.992468e+00
2.880000e+01 9.683659e-01 9.953751e+00
2.920000e+01 9.684124e-01 9.939777e+00
2.960000e+01 9.683362e-01 9.953740e+00
3.000000e+01 9.678939e-01 1.004235e+01
3.040000e+01 9.678546e-01 1.005547e+01
3.080000e+01 9.675864e-01 1.011626e+01
3.120000e+01 9.672062e-01 1.020092e+01
3.160000e+01 9.667554e-01 1.030129e+01
3.200000e+01 9.662467e-01 1.041478e+01
3.240000e+01 9.656857e-01 1.054014e+01
3.280000e+01 9.650740e-01 1.067697e+01
3.320000e+01 9.644163e-01 1.082423e+01
3.360000e+01 9.637110e-01 1.098215e+01
3.400000e+01 9.629613e-01 1.115008e+01
3.440000e+01 9.621660e-01 1.132821e+01
3.480000e+01 9.613247e-01 1.151656e+01
3.520000e+01 9.604373e-01 1.171516e+01
3.560000e+01 9.594986e-01 1.192496e+01
3.600000e+01 9.582127e-01 1.220488e+01
3.640000e+01 9.574883e-01 1.237434e+01
3.680000e+01 9.564167e-01 1.261397e+01
3.720000e+01 9.552804e-01 1.286747e+01
3.760000e+01 9.540440e-01 1.314154e+01
3.800000e+01 9.527611e-01 1.342627e+01
3.840000e+01 9.515418e-01 1.370071e+01
3.880000e+01 9.501798e-01 1.400411e+01
3.920000e+01 9.487370e-01 1.432481e+01
3.960000e+01 9.472242e-01 1.466091e+01
4.000000e+01 9.456359e-01 1.501357e+01
4.040000e+01 9.439569e-01 1.538585e+01
4.080000e+01 9.421850e-01 1.577836e+01
4.120000e+01 9.403135e-01 1.619250e+01
4.160000e+01 9.383326e-01 1.663043e+01
4.200000e+01 9.362311e-01 1.709448e+01
4.240000e+01 9.339914e-01 1.758825e+01
4.280000e+01 9.313293e-01 1.816818e+01
4.320000e+01 9.290751e-01 1.867075e+01
4.360000e+01 9.260537e-01 1.932718e+01
4.400000e+01 9.235046e-01 1.989609e+01
4.440000e+01 9.204393e-01 2.057030e+01
4.480000e+01 9.170478e-01 2.131298e+01
4.520000e+01 9.135284e-01 2.208661e+01
4.560000e+01 9.096528e-01 2.293619e+01
4.600000e+01 9.054380e-01 2.385926e+01
4.640000e+01 9.008450e-01 2.486453e+01
4.680000e+01 8.958185e-01 2.596403e+01
4.720000e+01 8.902951e-01 2.717169e+01
4.760000e+01 8.841957e-01 2.850484e+01
4.800000e+01 8.774237e-01 2.998464e+01
4.840000e+01 8.698583e-01 3.163763e+01
4.880000e+01 8.613504e-01 3.349655e+01
4.920000e+01 8.517211e-01 3.560048e+01
4.960000e+01 8.407480e-01 3.799730e+01
5.000000e+01 8.280909e-01 4.075763e+01
5.040000e+01 8.139843e-01 4.384333e+01
5.080000e+01 7.975280e-01 4.744793e+01
5.120000e+01 7.775642e-01 5.182548e+01
5.160000e+01 7.524535e-01 5.734187e+01
5.200000e+01 7.181523e-01 6.485577e+01
5.240000e+01 6.763886e-01 7.412507e+01
5.280000e+01 6.184802e-01 8.699257e+01
5.320000e+01 5.374580e-01 1.049768e+02
5.360000e+01 3.681224e-01 1.414841e+02
5.400000e+01 3.035268e-01 1.575032e+02
5.440000e+01 1.863112e-01 1.852364e+02
5.480000e+01 7.667793e-02 2.117713e+02
5.520000e+01 8.958187e-03 2.297427e+02
5.560000e+01 3.552709e-03 2.345282e+02
5.600000e+01 1.988749e-04 2.374934e+02
5.640000e+01 4.731874e-07 2.388329e+02
5.680000e+01 1.743300e-06 2.395936e+02
5.720000e+01 3.279846e-07 2.401171e+02
5.760000e+01 3.234304e-13 2.405135e+02
5.800000e+01 8.949814e-10 2.408020e+02
5.840000e+01 8.231552e-17 2.410020e+02
5.880000e+01 2.191071e-11 2.410636e+02
5.920000e+01 1.375149e-16 2.411148e+02
5.960000e+01 1.225338e-19 2.411722e+02
6.000000e+01 5.942311e-13 2.412637e+02
6.040000e+01 2.606876e-21 2.413312e+02
6.080000e+01 2.073212e-12 2.412942e+02
6.120000e+01 2.757071e-15 2.412336e+02
6.160000e+01 2.878972e-11 2.411447e+02
6.200000e+01 8.632288e-11 2.410259e+02
6.240000e+01 2.000707e-16 2.408182e+02
6.280000e+01 2.258498e-08 2.403499e+02
6.320000e+01 9.164202e-06 2.394830e+02
6.360000e+01 4.431244e-05 2.380815e+02
6.400000e+01 3.103904e-03 2.352356e+02
6.440000e+01 2.299274e-02 2.279069e+02
6.480000e+01 6.617812e-02 2.149495e+02
6.520000e+01 1.263471e-01 1.981919e+02
6.560000e+01 2.774347e-01 1.643162e+02
6.600000e+01 3.910353e-01 1.383776e+02
6.640000e+01 4.823040e-01 1.176242e+02
6.680000e+01 5.567843e-01 1.009439e+02
6.720000e+01 6.172452e-01 8.761295e+01
6.760000e+01 6.597859e-01 7.819834e+01
6.800000e+01 6.919652e-01 7.110564e+01
6.840000e+01 7.168739e-01 6.563379e+01
6.880000e+01 7.373914e-01 6.115579e+01
6.920000e+01 7.539894e-01 5.754060e+01
6.960000e+01 7.679041e-01 5.451972e+01
7.000000e+01 7.797617e-01 5.195291e+01
7.040000e+01 7.899774e-01 4.974735e+01
7.080000e+01 7.988446e-01 4.783766e+01
7.120000e+01 8.065857e-01 4.617451e+01
7.160000e+01 8.133762e-01 4.471918e+01
7.200000e+01 8.193651e-01 4.343901e+01
7.240000e+01 8.246468e-01 4.231287e+01
7.280000e+01 8.293296e-01 4.131735e+01
7.320000e+01 8.334828e-01 4.043717e+01
7.360000e+01 8.371622e-01 3.965990e+01
7.400000e+01 8.404271e-01 3.897269e+01
7.440000e+01 8.433237e-01 3.836555e+01
7.480000e+01 8.458623e-01 3.783537e+01
7.520000e+01 8.480351e-01 3.738213e+01
7.560000e+01 8.500523e-01 3.696661e+01
7.600000e+01 8.518172e-01 3.660592e+01
7.640000e+01 8.504472e-01 3.687652e+01
7.680000e+01 8.545253e-01 3.605883e+01
7.720000e+01 8.559041e-01 3.579086e+01
7.760000e+01 8.538384e-01 3.623170e+01
7.800000e+01 8.575733e-01 3.548048e+01
7.840000e+01 8.580714e-01 3.540034e+01
7.880000e+01 8.582555e-01 3.538847e+01
7.920000e+01 8.581327e-01 3.544436e+01
7.960000e+01 8.576788e-01 3.557188e+01
8.000000e+01 8.569374e-01 3.575746e+01
8.040000e+01 8.562546e-01 3.592222e+01
8.080000e+01 8.565225e-01 3.588593e+01
8.120000e+01 8.577340e-01 3.564906e+01
8.160000e+01 8.590047e-01 3.539118e+01
8.200000e+01 8.600392e-01 3.518050e+01
8.240000e+01 8.607984e-01 3.502924e+01
8.280000e+01 8.613136e-01 3.493193e+01
8.320000e+01 8.616296e-01 3.487914e+01
8.360000e+01 8.617909e-01 3.486110e+01
8.400000e+01 8.618277e-01 3.487108e+01
8.440000e+01 8.617615e-01 3.490418e+01
8.480000e+01 8.616062e-01 3.495719e+01
8.520000e+01 8.613741e-01 3.502738e+01
8.560000e+01 8.610772e-01 3.511222e+01
8.600000e+01 8.607107e-01 3.521257e+01
8.640000e+01 8.602753e-01 3.532833e+01
8.680000e+01 8.597641e-01 3.546093e+01
8.720000e+01 8.591900e-01 3.560778e+01
8.760000e+01 8.585574e-01 3.576689e+01
8.800000e+01 8.579581e-01 3.591792e+01
8.840000e+01 8.574868e-01 3.604114e+01
8.880000e+01 8.570374e-01 3.615872e+01
8.920000e+01 8.565393e-01 3.628664e+01
8.960000e+01 8.559820e-01 3.642766e+01
9.000000e+01 8.553612e-01 3.658273e+01
9.040000e+01 8.547121e-01 3.674428e+01
9.080000e+01 8.540007e-01 3.691931e+01
9.120000e+01 8.532944e-01 3.709399e+01
9.160000e+01 8.525443e-01 3.727811e+01
9.200000e+01 8.517595e-01 3.746967e+01
9.240000e+01 8.509427e-01 3.766809e+01
9.280000e+01 8.500953e-01 3.787301e+01
9.320000e+01 8.491762e-01 3.809208e+01
9.360000e+01 8.479319e-01 3.837278e+01
9.400000e+01 8.445130e-01 3.907967e+01
9.440000e+01 8.463681e-01 3.876326e+01
9.480000e+01 8.455474e-01 3.896703e+01
9.520000e+01 8.445896e-01 3.919700e+01
9.560000e+01 8.434434e-01 3.946306e+01
9.600000e+01 8.416876e-01 3.984432e+01
9.640000e+01 8.402777e-01 4.016199e+01
9.680000e+01 8.404289e-01 4.018447e+01
9.720000e+01 8.395217e-01 4.040778e+01
9.760000e+01 8.384831e-01 4.065632e+01
9.800000e+01 8.373782e-01 4.091823e+01
9.840000e+01 8.362733e-01 4.118067e+01
9.880000e+01 8.351072e-01 4.145561e+01
9.920000e+01 8.337756e-01 4.176353e+01
9.960000e+01 8.326349e-01 4.203451e+01
1.000000e+02 8.312877e-01 4.234577e+01
1.004000e+02 8.296370e-01 4.271356e+01
1.008000e+02 8.284425e-01 4.299828e+01
1.012000e+02 8.271030e-01 4.330980e+01
1.016000e+02 8.228166e-01 4.418117e+01
1.020000e+02 8.234435e-01 4.411926e+01
1.024000e+02 8.232477e-01 4.421944e+01
1.028000e+02 8.219869e-01 4.452064e+01
1.032000e+02 8.205063e-01 4.486420e+01
1.036000e+02 8.187175e-01 4.526701e+01
1.040000e+02 8.165265e-01 4.574822e+01
1.044000e+02 8.157604e-01 4.595965e+01
1.048000e+02 8.141639e-01 4.633058e+01
1.052000e+02 8.124145e-01 4.673218e+01
1.056000e+02 8.105980e-01 4.714802e+01
1.060000e+02 8.086856e-01 4.758416e+01
1.064000e+02 8.066809e-01 4.803997e+01
1.068000e+02 8.045740e-01 4.851762e+01
1.072000e+02 8.023460e-01 4.902107e+01
1.076000e+02 7.999993e-01 4.954993e+01
1.080000e+02 7.974593e-01 5.011938e+01
1.084000e+02 7.948258e-01 5.070989e+01
1.088000e+02 7.919370e-01 5.135367e+01
1.092000e+02 7.886999e-01 5.206838e+01
1.096000e+02 7.825575e-01 5.335561e+01
1.100000e+02 7.816153e-01 5.363343e+01
1.104000e+02 7.771271e-01 5.460577e+01
1.108000e+02 7.565439e-01 5.873467e+01
1.112000e+02 7.675846e-01 5.669303e+01
1.116000e+02 7.629378e-01 5.773726e+01
1.120000e+02 7.568658e-01 5.906751e+01
1.124000e+02 7.497494e-01 6.061770e+01
1.128000e+02 7.413429e-01 6.244131e+01
1.132000e+02 7.316493e-01 6.454306e+01
1.136000e+02 7.199742e-01 6.706741e+01
1.140000e+02 7.058041e-01 7.012583e+01
1.144000e+02 6.884414e-01 7.386899e+01
1.148000e+02 6.663593e-01 7.861701e+01
1.152000e+02 6.388339e-01 8.455023e+01
1.156000e+02 6.033089e-01 9.221884e+01
1.160000e+02 5.559822e-01 1.024418e+02
1.164000e+02 4.924204e-01 1.162148e+02
1.168000e+02 4.067887e-01 1.348820e+02
1.172000e+02 2.943698e-01 1.596731e+02
1.176000e+02 1.612249e-01 1.897682e+02
1.180000e+02 4.517688e-02 2.177599e+02
1.184000e+02 1.698539e-03 2.311557e+02
1.188000e+02 1.416280e-07 2.330401e+02
1.192000e+02 5.680979e-03 2.293461e+02
1.196000e+02 7.020599e-02 2.114578e+02
1.200000e+02 1.970861e-01 1.816801e+02
1.204000e+02 3.256510e-01 1.529550e+02
1.208000e+02 4.285425e-01 1.304247e+02
1.212000e+02 5.052571e-01 1.138012e+02
1.216000e+02 5.614914e-01 1.016879e+02
1.220000e+02 6.027942e-01 9.282623e+01
1.224000e+02 6.334220e-01 8.627597e+01
1.228000e+02 6.563761e-01 8.138049e+01
1.232000e+02 6.734233e-01 7.774730e+01
1.236000e+02 6.865679e-01 7.495229e+01
1.240000e+02 6.878745e-01 7.449497e+01
1.244000e+02 7.042724e-01 7.120104e+01
1.248000e+02 7.118432e-01 6.964497e+01
1.252000e+02 7.147586e-01 6.899707e+01
1.256000e+02 7.181530e-01 6.829109e+01
1.260000e+02 7.245443e-01 6.703530e+01
1.264000e+02 7.274511e-01 6.645936e+01
1.268000e+02 7.298460e-01 6.598851e+01
1.272000e+02 7.314739e-01 6.567596e+01
1.276000e+02 7.326304e-01 6.546211e+01
1.280000e+02 7.331226e-01 6.538191e+01
1.284000e+02 7.326303e-01 6.549787e+01
1.288000e+02 7.343896e-01 6.518793e+01
1.292000e+02 7.346208e-01 6.517544e+01
1.296000e+02 7.346010e-01 6.521461e+01
1.300000e+02 7.344168e-01 6.528869e+01
1.304000e+02 7.340881e-01 6.539347e+01
1.308000e+02 7.335878e-01 6.553377e+01
1.312000e+02 7.330659e-01 6.568076e+01
1.316000e+02 7.324392e-01 6.585007e+01
1.320000e+02 7.316908e-01 6.604473e+01
1.324000e+02 7.303513e-01 6.635898e+01
1.328000e+02 7.300169e-01 6.647317e+01
1.332000e+02 7.290675e-01 6.671159e+01
1.336000e+02 7.280769e-01 6.695954e+01
1.340000e+02 7.269794e-01 6.723005e+01
1.344000e+02 7.258814e-01 6.750130e+01
1.348000e+02 7.247100e-01 6.778851e+01
1.352000e+02 7.234838e-01 6.808761e+01
1.356000e+02 7.221909e-01 6.840130e+01
1.360000e+02 7.207989e-01 6.873626e+01
1.364000e+02 7.192259e-01 6.910873e+01
1.368000e+02 7.156201e-01 6.987695e+01
1.372000e+02 7.159591e-01 6.988813e+01
1.376000e+02 7.143028e-01 7.028969e+01
1.380000e+02 7.123921e-01 7.074087e+01
1.384000e+02 7.105321e-01 7.117693e+01
1.388000e+02 7.090685e-01 7.152703e+01
1.392000e+02 7.081555e-01 7.176003e+01
1.396000e+02 7.071163e-01 7.201584e+01
1.400000e+02 7.058073e-01 7.232783e+01
1.404000e+02 7.045398e-01 7.263486e+01
1.408000e+02 7.027281e-01 7.305392e+01
1.412000e+02 7.011478e-01 7.343211e+01
1.416000e+02 6.987737e-01 7.396724e+01
1.420000e+02 6.918721e-01 7.536242e+01
1.424000e+02 6.913213e-01 7.557091e+01
1.428000e+02 6.919941e-01 7.556432e+01
1.432000e+02 6.896608e-01 7.612327e+01
1.436000e+02 6.872073e-01 7.669025e+01
1.440000e+02 6.857893e-01 7.703398e+01
1.444000e+02 6.850288e-01 7.722819e+01
1.448000e+02 6.815687e-01 7.792850e+01
1.452000e+02 6.830648e-01 7.769108e+01
1.456000e+02 6.827321e-01 7.781338e+01
1.460000e+02 6.815504e-01 7.810249e+01
1.464000e+02 6.801847e-01 7.843212e+01
1.468000e+02 6.786420e-01 7.880016e+01
1.472000e+02 6.769853e-01 7.919366e+01
1.476000e+02 6.752288e-01 7.960927e+01
1.480000e+02 6.733611e-01 8.004856e+01
1.484000e+02 6.712123e-01 8.054287e+01
1.488000e+02 6.657842e-01 8.167512e+01
1.492000e+02 6.673874e-01 8.145200e+01
1.496000e+02 6.654237e-01 8.192073e+01
1.500000e+02 6.631805e-01 8.244470e+01
1.504000e+02 6.606415e-01 8.302528e+01
1.508000e+02 6.575515e-01 8.371172e+01
1.512000e+02 6.562445e-01 8.406877e+01
1.516000e+02 6.542733e-01 8.454579e+01
1.520000e+02 6.523208e-01 8.501365e+01
1.524000e+02 6.503859e-01 8.547528e+01
1.528000e+02 6.483255e-01 8.596293e+01
1.532000e+02 6.461151e-01 8.648241e+01
1.536000e+02 6.435316e-01 8.707550e+01
1.540000e+02 6.357951e-01 8.867223e+01
1.544000e+02 6.388345e-01 8.818336e+01
1.548000e+02 6.366963e-01 8.870305e+01
1.552000e+02 6.342387e-01 8.928504e+01
1.556000e+02 6.316672e-01 8.989113e+01
1.560000e+02 6.288854e-01 9.053997e+01
1.564000e+02 6.262836e-01 9.115704e+01
1.568000e+02 6.235381e-01 9.180447e+01
1.572000e+02 6.206658e-01 9.247897e+01
1.576000e+02 6.177665e-01 9.316166e+01
1.580000e+02 6.147647e-01 9.386720e+01
1.584000e+02 6.116646e-01 9.459487e+01
1.588000e+02 6.084953e-01 9.533941e+01
1.592000e+02 6.052183e-01 9.610839e+01
1.596000e+02 6.018664e-01 9.689568e+01
1.600000e+02 5.983915e-01 9.771081e+01
1.604000e+02 5.948276e-01 9.854719e+01
1.608000e+02 5.911630e-01 9.940708e+01
1.612000e+02 5.873646e-01 1.002975e+02
1.616000e+02 5.834459e-01 1.012165e+02
1.620000e+02 5.793792e-01 1.021696e+02
1.624000e+02 5.751596e-01 1.031581e+02
1.628000e+02 5.707793e-01 1.041839e+02
1.632000e+02 5.661985e-01 1.052551e+02
1.636000e+02 5.614568e-01 1.063644e+02
1.640000e+02 5.564552e-01 1.075313e+02
1.644000e+02 5.510528e-01 1.087821e+02
1.648000e+02 5.433035e-01 1.104864e+02
1.652000e+02 5.385836e-01 1.116261e+02
1.656000e+02 5.295415e-01 1.135923e+02
1.660000e+02 5.246573e-01 1.147908e+02
1.664000e+02 5.216354e-01 1.156577e+02
1.668000e+02 5.154076e-01 1.171382e+02
1.672000e+02 5.084309e-01 1.187739e+02
1.676000e+02 4.984661e-01 1.210093e+02
1.680000e+02 4.934154e-01 1.222976e+02
1.684000e+02 4.853183e-01 1.241997e+02
1.688000e+02 4.766628e-01 1.262282e+02
1.692000e+02 4.675272e-01 1.283700e+02
1.696000e+02 4.578569e-01 1.306374e+02
1.700000e+02 4.475427e-01 1.330538e+02
1.704000e+02 4.367378e-01 1.355909e+02
1.708000e+02 4.251834e-01 1.383022e+02
1.712000e+02 4.128646e-01 1.411926e+02
1.716000e+02 3.998093e-01 1.442595e+02
1.720000e+02 3.859342e-01 1.475218e+02
1.724000e+02 3.711350e-01 1.510026e+02
1.728000e+02 3.553610e-01 1.547149e+02
1.732000e+02 3.385142e-01 1.586802e+02
1.736000e+02 3.204146e-01 1.629373e+02
1.740000e+02 3.018736e-01 1.673347e+02
1.744000e+02 2.818522e-01 1.720727e+02
1.748000e+02 2.606353e-01 1.770990e+02
1.752000e+02 2.366722e-01 1.827226e+02
1.756000e+02 2.146279e-01 1.880157e+02
1.760000e+02 1.908869e-01 1.937056e+02
1.764000e+02 1.665944e-01 1.995569e+02
1.768000e+02 1.418110e-01 2.055424e+02
1.772000e+02 1.171025e-01 2.115422e+02
1.776000e+02 9.311409e-02 2.174121e+02
1.780000e+02 7.057855e-02 2.229835e+02
1.784000e+02 5.030395e-02 2.280669e+02
1.788000e+02 3.309202e-02 2.324688e+02
1.792000e+02 1.958191e-02 2.360271e+02
1.796000e+02 1.005401e-02 2.386560e+02
1.800000e+02 4.252182e-03 2.403902e+02
1.804000e+02 1.383263e-03 2.413914e+02
1.808000e+02 3.116118e-04 2.419106e+02
1.812000e+02 4.235911e-05 2.421811e+02
1.816000e+02 2.916255e-06 2.423478e+02
1.820000e+02 8.526330e-08 2.424672e+02
1.824000e+02 1.013166e-09 2.425527e+02
1.828000e+02 7.702967e-12 2.426067e+02
1.832000e+02 2.339375e-13 2.426293e+02
1.836000e+02 1.011560e-12 2.426207e+02
1.840000e+02 9.844208e-11 2.425815e+02
1.844000e+02 1.002892e-08 2.425124e+02
1.848000e+02 5.192946e-07 2.424137e+02
1.852000e+02 1.050973e-05 2.422812e+02
1.856000e+02 9.986134e-05 2.420923e+02
1.860000e+02 5.392022e-04 2.417749e+02
1.864000e+02 1.920972e-03 2.411854e+02
1.868000e+02 5.065506e-03 2.401374e+02
1.872000e+02 1.072707e-02 2.384700e+02
1.876000e+02 1.934184e-02 2.361014e+02
1.880000e+02 3.092130e-02 2.330476e+02
1.884000e+02 4.514892e-02 2.293968e+02
1.888000e+02 6.148862e-02 2.252826e+02
1.892000e+02 7.933933e-02 2.208493e+02
1.896000e+02 9.811637e-02 2.162339e+02
1.900000e+02 1.173024e-01 2.115557e+02
1.904000e+02 1.364704e-01 2.069112e+02
1.908000e+02 1.552986e-01 2.023726e+02
1.912000e+02 1.735347e-01 1.979952e+02
1.916000e+02 1.909915e-01 1.938191e+02
1.920000e+02 2.075450e-01 1.898704e+02
1.924000e+02 2.231008e-01 1.861679e+02
1.928000e+02 2.375699e-01 1.827278e+02
1.932000e+02 2.504945e-01 1.796338e+02
1.936000e+02 2.632408e-01 1.766218e+02
1.940000e+02 2.752534e-01 1.737851e+02
1.944000e+02 2.868791e-01 1.710489e+02
1.948000e+02 2.977511e-01 1.684831e+02
1.952000e+02 3.060108e-01 1.664397e+02
1.956000e+02 3.129678e-01 1.646846e+02
1.960000e+02 3.260846e-01 1.618100e+02
1.964000e+02 3.348817e-01 1.597819e+02
1.968000e+02 3.425196e-01 1.580016e+02
1.972000e+02 3.494238e-01 1.563887e+02
1.976000e+02 3.556727e-01 1.549266e+02
1.980000e+02 3.613575e-01 1.535974e+02
1.984000e+02 3.666810e-01 1.523572e+02
1.988000e+02 3.713722e-01 1.512610e+02
1.992000e+02 3.751560e-01 1.503611e+02
1.996000e+02 3.791065e-01 1.494474e+02
2.000000e+02 3.823765e-01 1.486883e+02
2.004000e+02 3.848012e-01 1.481124e+02
2.008000e+02 3.860921e-01 1.477721e+02
2.012000e+02 3.875860e-01 1.474307e+02
2.016000e+02 3.887213e-01 1.471958e+02
2.020000e+02 3.883960e-01 1.472723e+02
2.024000e+02 3.867309e-01 1.476383e+02
2.028000e+02 3.840682e-01 1.482060e+02
2.032000e+02 3.818229e-01 1.486482e+02
2.036000e+02 3.837396e-01 1.482046e+02
2.040000e+02 3.898116e-01 1.468794e+02
2.044000e+02 3.962913e-01 1.454325e+02
2.048000e+02 4.018638e-01 1.441687e+02
2.052000e+02 4.062952e-01 1.431537e+02
2.056000e+02 4.098323e-01 1.423409e+02
2.060000e+02 4.121143e-01 1.417949e+02
2.064000e+02 4.146702e-01 1.412220e+02
2.068000e+02 4.165657e-01 1.407929e+02
2.072000e+02 4.179778e-01 1.404675e+02
2.076000e+02 4.191831e-01 1.401885e+02
2.080000e+02 4.200886e-01 1.399714e+02
2.084000e+02 4.192002e-01 1.400956e+02
2.088000e+02 4.180661e-01 1.402798e+02
2.092000e+02 4.223448e-01 1.394557e+02
2.096000e+02 4.231287e-01 1.392942e+02
2.100000e+02 4.235587e-01 1.392028e+02
2.104000e+02 4.226018e-01 1.393826e+02
2.108000e+02 4.102047e-01 1.418886e+02
2.112000e+02 4.241837e-01 1.390666e+02
2.116000e+02 4.246016e-01 1.389893e+02
2.120000e+02 4.247039e-01 1.389745e+02
2.124000e+02 4.246868e-01 1.389853e+02
2.128000e+02 4.245744e-01 1.390170e+02
2.132000e+02 4.244077e-01 1.390614e+02
2.136000e+02 4.241583e-01 1.391239e+02
2.140000e+02 4.238165e-01 1.392059e+02
2.144000e+02 4.232372e-01 1.393339e+02
2.148000e+02 4.202163e-01 1.399213e+02
2.152000e+02 4.212718e-01 1.397464e+02
2.156000e+02 4.221261e-01 1.396147e+02
2.160000e+02 4.216653e-01 1.397314e+02
2.164000e+02 4.213824e-01 1.398116e+02
2.168000e+02 4.208650e-01 1.399395e+02
2.172000e+02 4.202941e-01 1.400790e+02
2.176000e+02 4.196563e-01 1.402326e+02
2.180000e+02 4.189926e-01 1.403925e+02
2.184000e+02 4.183345e-01 1.405528e+02
2.188000e+02 4.176273e-01 1.407240e+02
2.192000e+02 4.168468e-01 1.409105e+02
2.196000e+02 4.160760e-01 1.410968e+02
2.200000e+02 4.152224e-01 1.413006e+02
2.204000e+02 4.143664e-01 1.415065e+02
2.208000e+02 4.134330e-01 1.417291e+02
2.212000e+02 4.124531e-01 1.419630e+02
2.216000e+02 4.114115e-01 1.422114e+02
2.220000e+02 4.102791e-01 1.424805e+02
2.224000e+02 4.090073e-01 1.427805e+02
2.228000e+02 4.076492e-01 1.431024e+02
2.232000e+02 4.060380e-01 1.434803e+02
2.236000e+02 4.042303e-01 1.439049e+02
2.240000e+02 4.020193e-01 1.444196e+02
2.244000e+02 3.993211e-01 1.450433e+02
2.248000e+02 3.958598e-01 1.458297e+02
2.252000e+02 3.919638e-01 1.467065e+02
2.256000e+02 3.876140e-01 1.476479e+02
2.260000e+02 3.803868e-01 1.490786e+02
2.264000e+02 3.863823e-01 1.479431e+02
2.268000e+02 3.892844e-01 1.473614e+02
2.272000e+02 3.912080e-01 1.469566e+02
2.276000e+02 3.923459e-01 1.467145e+02
2.280000e+02 3.928751e-01 1.466052e+02
2.284000e+02 3.929563e-01 1.465957e+02
2.288000e+02 3.926957e-01 1.466625e+02
2.292000e+02 3.921011e-01 1.468008e+02
2.296000e+02 3.877297e-01 1.476828e+02
2.300000e+02 3.905684e-01 1.471615e+02
2.304000e+02 3.894732e-01 1.474087e+02
2.308000e+02 3.879236e-01 1.477435e+02
2.312000e+02 3.744255e-01 1.503474e+02
2.316000e+02 3.849112e-01 1.484067e+02
2.320000e+02 3.853161e-01 1.483918e+02
2.324000e+02 3.842810e-01 1.486451e+02
2.328000e+02 3.826711e-01 1.490114e+02
2.332000e+02 3.803062e-01 1.495258e+02
2.336000e+02 3.757706e-01 1.504416e+02
2.340000e+02 3.655283e-01 1.523790e+02
2.344000e+02 3.746852e-01 1.507569e+02
2.348000e+02 3.759705e-01 1.505551e+02
2.352000e+02 3.749724e-01 1.507815e+02
2.356000e+02 3.623011e-01 1.532121e+02
2.360000e+02 3.710435e-01 1.516162e+02
2.364000e+02 3.722646e-01 1.514518e+02
2.368000e+02 3.695155e-01 1.520231e+02
2.372000e+02 3.431066e-01 1.571331e+02
2.376000e+02 3.679430e-01 1.524537e+02
2.380000e+02 3.676422e-01 1.525840e+02
2.384000e+02 3.648935e-01 1.531822e+02
2.388000e+02 3.618510e-01 1.538217e+02
2.392000e+02 3.502619e-01 1.560968e+02
2.396000e+02 3.581839e-01 1.547133e+02
2.400000e+02 3.566647e-01 1.551040e+02
2.404000e+02 3.547078e-01 1.555975e+02
2.408000e+02 3.519424e-01 1.562518e+02
2.412000e+02 3.479110e-01 1.571450e+02
2.416000e+02 3.457677e-01 1.576252e+02
2.420000e+02 3.435127e-01 1.580780e+02
2.424000e+02 3.295671e-01 1.607141e+02
2.428000e+02 3.465330e-01 1.574828e+02
2.432000e+02 3.450381e-01 1.577444e+02
2.436000e+02 3.408081e-01 1.585404e+02
2.440000e+02 3.469586e-01 1.574107e+02
2.444000e+02 3.478135e-01 1.572812e+02
2.448000e+02 3.480792e-01 1.572682e+02
2.452000e+02 3.474899e-01 1.574209e+02
2.456000e+02 3.466625e-01 1.576224e+02
2.460000e+02 3.457096e-01 1.578507e+02
2.464000e+02 3.445928e-01 1.581124e+02
2.468000e+02 3.434788e-01 1.583752e+02
2.472000e+02 3.420917e-01 1.586905e+02
2.476000e+02 3.393125e-01 1.592659e+02
2.480000e+02 3.341099e-01 1.602918e+02
2.484000e+02 3.345045e-01 1.602788e+02
2.488000e+02 3.365460e-01 1.599640e+02
2.492000e+02 3.349325e-01 1.603264e+02
2.496000e+02 3.281479e-01 1.616475e+02
2.500000e+02 2.991314e-01 1.672908e+02
2.504000e+02 3.298931e-01 1.614620e+02
2.508000e+02 3.295592e-01 1.615960e+02
2.512000e+02 3.253305e-01 1.624684e+02
2.516000e+02 3.274023e-01 1.621369e+02
2.520000e+02 3.267351e-01 1.623340e+02
2.524000e+02 3.255397e-01 1.626311e+02
2.528000e+02 3.240050e-01 1.629983e+02
2.532000e+02 3.223789e-01 1.633902e+02
2.536000e+02 3.203285e-01 1.638729e+02
2.540000e+02 3.179520e-01 1.644282e+02
2.544000e+02 3.151893e-01 1.650637e+02
2.548000e+02 3.125434e-01 1.656657e+02
2.552000e+02 3.110948e-01 1.660038e+02
2.556000e+02 3.112552e-01 1.659966e+02
2.560000e+02 3.115975e-01 1.659371e+02
2.564000e+02 3.116469e-01 1.659379e+02
2.568000e+02 3.112759e-01 1.660304e+02
2.572000e+02 3.106162e-01 1.661890e+02
2.576000e+02 3.095684e-01 1.664300e+02
2.580000e+02 3.078654e-01 1.667974e+02
2.584000e+02 3.051399e-01 1.673526e+02
2.588000e+02 2.937715e-01 1.695535e+02
2.592000e+02 3.047795e-01 1.675271e+02
2.596000e+02 3.044601e-01 1.676450e+02
2.600000e+02 3.035010e-01 1.678831e+02
2.604000e+02 3.024290e-01 1.681435e+02
2.608000e+02 3.010283e-01 1.684702e+02
2.612000e+02 2.999758e-01 1.687278e+02
2.616000e+02 2.986611e-01 1.690392e+02
2.620000e+02 2.972432e-01 1.693719e+02
2.624000e+02 2.956427e-01 1.697406e+02
2.628000e+02 2.905681e-01 1.707742e+02
2.632000e+02 2.913483e-01 1.706966e+02
2.636000e+02 2.810202e-01 1.727158e+02
2.640000e+02 2.871869e-01 1.716363e+02
2.644000e+02 2.868002e-01 1.718079e+02
2.648000e+02 2.835121e-01 1.725293e+02
2.652000e+02 2.819400e-01 1.729370e+02
2.656000e+02 2.795015e-01 1.735086e+02
2.660000e+02 2.769936e-01 1.740718e+02
2.664000e+02 2.758527e-01 1.743424e+02
2.668000e+02 2.755112e-01 1.744266e+02
2.672000e+02 2.646883e-01 1.764870e+02
2.676000e+02 2.753630e-01 1.744695e+02
2.680000e+02 2.763402e-01 1.743104e+02
2.684000e+02 2.761085e-01 1.743837e+02
2.688000e+02 2.755219e-01 1.745309e+02
2.692000e+02 2.747845e-01 1.747121e+02
2.696000e+02 2.738909e-01 1.749272e+02
2.700000e+02 2.729047e-01 1.751631e+02
2.704000e+02 2.718321e-01 1.754178e+02
2.708000e+02 2.707003e-01 1.756857e+02
2.712000e+02 2.695030e-01 1.759677e+02
2.716000e+02 2.683557e-01 1.762418e+02
2.720000e+02 2.669920e-01 1.765583e+02
2.724000e+02 2.655074e-01 1.768974e+02
2.728000e+02 2.623619e-01 1.775427e+02
2.732000e+02 2.585470e-01 1.783161e+02
2.736000e+02 2.615902e-01 1.778097e+02
2.740000e+02 2.604047e-01 1.780904e+02
2.744000e+02 2.530516e-01 1.795375e+02
2.748000e+02 2.575647e-01 1.787422e+02
2.752000e+02 2.570096e-01 1.789126e+02
2.756000e+02 2.556404e-01 1.792331e+02
2.760000e+02 2.536944e-01 1.796573e+02
2.764000e+02 2.509140e-01 1.802320e+02
2.768000e+02 2.500335e-01 1.804666e+02
2.772000e+02 2.505183e-01 1.804361e+02
2.776000e+02 2.499909e-01 1.805954e+02
2.780000e+02 2.489485e-01 1.808507e+02
2.784000e+02 2.477639e-01 1.811333e+02
2.788000e+02 2.465910e-01 1.814137e+02
2.792000e+02 2.449413e-01 1.817830e+02
2.796000e+02 2.423665e-01 1.823281e+02
2.800000e+02 2.424632e-01 1.823733e+02
2.804000e+02 2.417585e-01 1.825683e+02
2.808000e+02 2.405423e-01 1.828596e+02
2.812000e+02 2.392308e-01 1.831697e+02
2.816000e+02 2.379900e-01 1.834660e+02
2.820000e+02 2.366498e-01 1.837827e+02
2.824000e+02 2.353278e-01 1.840955e+02
2.828000e+02 2.310092e-01 1.849856e+02
2.832000e+02 2.326084e-01 1.847373e+02
2.836000e+02 2.315075e-01 1.850066e+02
2.840000e+02 2.303273e-01 1.852881e+02
2.844000e+02 2.290343e-01 1.855917e+02
2.848000e+02 2.277990e-01 1.858830e+02
2.852000e+02 2.263743e-01 1.862114e+02
2.856000e+02 2.243795e-01 1.866450e+02
2.860000e+02 2.142054e-01 1.886090e+02
2.864000e+02 2.169452e-01 1.881568e+02
2.868000e+02 2.208103e-01 1.875042e+02
2.872000e+02 2.200986e-01 1.877038e+02
2.876000e+02 2.189460e-01 1.879843e+02
2.880000e+02 2.175849e-01 1.883033e+02
2.884000e+02 2.157797e-01 1.887036e+02
2.888000e+02 2.092736e-01 1.899763e+02
2.892000e+02 2.106891e-01 1.897786e+02
2.896000e+02 2.121665e-01 1.895773e+02
2.900000e+02 2.112521e-01 1.898165e+02
2.904000e+02 2.100988e-01 1.900988e+02
2.908000e+02 2.086900e-01 1.904289e+02
2.912000e+02 2.074224e-01 1.907330e+02
2.916000e+02 2.061939e-01 1.910303e+02
2.920000e+02 2.048772e-01 1.913439e+02
2.924000e+02 2.034048e-01 1.916865e+02
2.928000e+02 2.014245e-01 1.921222e+02
2.932000e+02 1.863476e-01 1.950880e+02
2.936000e+02 1.965926e-01 1.931714e+02
2.940000e+02 1.979602e-01 1.929796e+02
2.944000e+02 1.968108e-01 1.932652e+02
2.948000e+02 1.955004e-01 1.935807e+02
2.952000e+02 1.941350e-01 1.939069e+02
2.956000e+02 1.927504e-01 1.942372e+02
2.960000e+02 1.913124e-01 1.945784e+02
2.964000e+02 1.898175e-01 1.949319e+02
2.968000e+02 1.883720e-01 1.952757e+02
2.972000e+02 1.865074e-01 1.957024e+02
2.976000e+02 1.850634e-01 1.960485e+02
2.980000e+02 1.829199e-01 1.965286e+02
2.984000e+02 1.788456e-01 1.973534e+02
2.988000e+02 1.794020e-01 1.973379e+02
2.992000e+02 1.788909e-01 1.975078e+02
2.996000e+02 1.776260e-01 1.978180e+02
3.000000e+02 1.761486e-01 1.981706e+02
3.004000e+02 1.741509e-01 1.986224e+02
3.008000e+02 1.711214e-01 1.992701e+02
3.012000e+02 1.696574e-01 1.996197e+02
3.016000e+02 1.645570e-01 2.006428e+02
3.020000e+02 1.631545e-01 2.009932e+02
3.024000e+02 1.657454e-01 2.006025e+02
3.028000e+02 1.640380e-01 2.010048e+02
3.032000e+02 1.494403e-01 2.038827e+02
3.036000e+02 1.611523e-01 2.017229e+02
3.040000e+02 1.599032e-01 2.020516e+02
3.044000e+02 1.580666e-01 2.024909e+02
3.048000e+02 1.560143e-01 2.029707e+02
3.052000e+02 1.544102e-01 2.033677e+02
3.056000e+02 1.527884e-01 2.037664e+02
3.060000e+02 1.509957e-01 2.041984e+02
3.064000e+02 1.491032e-01 2.046527e+02
3.068000e+02 1.471095e-01 2.051303e+02
3.072000e+02 1.450201e-01 2.056302e+02
3.076000e+02 1.428247e-01 2.061547e+02
3.080000e+02 1.405530e-01 2.066986e+02
3.084000e+02 1.381359e-01 2.072757e+02
3.088000e+02 1.355726e-01 2.078871e+02
3.092000e+02 1.328754e-01 2.085313e+02
3.096000e+02 1.299495e-01 2.092259e+02
3.100000e+02 1.256358e-01 2.101885e+02
3.104000e+02 1.238185e-01 2.106773e+02
3.108000e+02 1.212470e-01 2.113038e+02
3.112000e+02 1.187666e-01 2.119093e+02
3.116000e+02 1.160980e-01 2.125559e+02
3.120000e+02 1.131344e-01 2.132709e+02
3.124000e+02 1.098191e-01 2.140678e+02
3.128000e+02 1.061538e-01 2.149466e+02
3.132000e+02 1.022052e-01 2.158910e+02
3.136000e+02 9.815558e-02 2.168566e+02
3.140000e+02 9.449294e-02 2.177427e+02
3.144000e+02 9.117097e-02 2.185601e+02
3.148000e+02 8.749978e-02 2.194544e+02
3.152000e+02 8.337000e-02 2.204539e+02
3.156000e+02 7.846377e-02 2.216197e+02
3.160000e+02 7.223423e-02 2.230553e+02
3.164000e+02 6.485746e-02 2.247360e+02
3.168000e+02 6.316148e-02 2.253651e+02
3.172000e+02 5.629167e-02 2.270021e+02
3.176000e+02 5.216844e-02 2.281034e+02
3.180000e+02 4.624029e-02 2.295811e+02
3.184000e+02 4.004460e-02 2.311314e+02
3.188000e+02 3.368507e-02 2.327342e+02
3.192000e+02 2.728251e-02 2.343633e+02
3.196000e+02 2.099581e-02 2.359823e+02
3.200000e+02 1.230511e-02 2.380865e+02
3.204000e+02 1.016949e-02 2.388681e+02
3.208000e+02 6.326388e-03 2.399483e+02
3.212000e+02 3.733251e-03 2.407238e+02
3.216000e+02 2.025492e-03 2.412873e+02
3.220000e+02 8.955952e-04 2.417153e+02
3.224000e+02 2.948525e-04 2.420152e+02
3.228000e+02 6.456343e-05 2.422156e+02
3.232000e+02 8.025290e-06 2.423575e+02
3.236000e+02 4.616077e-07 2.424687e+02
3.240000e+02 1.025037e-08 2.425574e+02
3.244000e+02 9.267471e-11 2.426226e+02
3.248000e+02 8.215333e-13 2.426611e+02
3.252000e+02 1.204356e-13 2.426709e+02
3.256000e+02 3.164786e-12 2.426514e+02
3.260000e+02 4.232206e-10 2.426042e+02
3.264000e+02 3.507984e-08 2.425322e+02
3.268000e+02 1.053529e-06 2.424385e+02
3.272000e+02 1.467599e-05 2.423229e+02
3.276000e+02 9.797851e-05 2.421728e+02
3.280000e+02 3.933768e-04 2.419559e+02
3.284000e+02 1.117053e-03 2.416257e+02
3.288000e+02 2.452368e-03 2.411456e+02
3.292000e+02 4.488478e-03 2.405022e+02
3.296000e+02 7.195695e-03 2.397088e+02
3.300000e+02 1.045681e-02 2.387973e+02
3.304000e+02 1.410957e-02 2.378079e+02
3.308000e+02 1.798704e-02 2.367805e+02
3.312000e+02 2.193857e-02 2.357499e+02
3.316000e+02 2.583441e-02 2.347450e+02
3.320000e+02 2.955584e-02 2.337910e+02
3.324000e+02 3.281230e-02 2.329429e+02
3.328000e+02 3.378048e-02 2.325456e+02
3.332000e+02 3.928238e-02 2.313216e+02
3.336000e+02 4.231650e-02 2.305816e+02
3.340000e+02 4.483011e-02 2.299588e+02
3.344000e+02 4.700431e-02 2.294193e+02
3.348000e+02 4.882295e-02 2.289640e+02
3.352000e+02 4.987541e-02 2.286650e+02
3.356000e+02 5.201596e-02 2.281674e+02
3.360000e+02 5.374537e-02 2.277515e+02
3.364000e+02 5.530601e-02 2.273738e+02
3.368000e+02 5.665187e-02 2.270466e+02
3.372000e+02 5.777750e-02 2.267719e+02
3.376000e+02 5.869733e-02 2.265469e+02
3.380000e+02 5.947687e-02 2.263580e+02
3.384000e+02 6.007224e-02 2.262128e+02
3.388000e+02 6.051959e-02 2.261033e+02
3.392000e+02 6.087846e-02 2.260174e+02
3.396000e+02 6.110363e-02 2.259631e+02
3.400000e+02 6.122727e-02 2.259337e+02
3.404000e+02 6.125923e-02 2.259268e+02
3.408000e+02 6.120260e-02 2.259413e+02
3.412000e+02 6.107170e-02 2.259743e+02
3.416000e+02 6.086352e-02 2.260259e+02
3.420000e+02 6.057784e-02 2.260958e+02
3.424000e+02 6.022945e-02 2.261811e+02
3.428000e+02 5.976534e-02 2.262911e+02
3.432000e+02 5.701575e-02 2.268425e+02
3.436000e+02 5.855652e-02 2.265733e+02
3.440000e+02 5.830697e-02 2.266529e+02
3.444000e+02 5.771489e-02 2.267992e+02
3.448000e+02 5.697035e-02 2.269757e+02
3.452000e+02 5.627509e-02 2.271452e+02
3.456000e+02 5.564881e-02 2.273041e+02
3.460000e+02 5.496404e-02 2.274755e+02
3.464000e+02 5.428156e-02 2.276489e+02
3.468000e+02 5.351472e-02 2.278397e+02
3.472000e+02 5.269922e-02 2.280416e+02
3.476000e+02 5.186323e-02 2.282491e+02
3.480000e+02 5.098413e-02 2.284666e+02
3.484000e+02 5.008123e-02 2.286902e+02
3.488000e+02 4.914546e-02 2.289218e+02
3.492000e+02 4.818270e-02 2.291599e+02
3.496000e+02 4.715704e-02 2.294115e+02
3.500000e+02 4.616115e-02 2.296592e+02
3.504000e+02 4.511083e-02 2.299188e+02
3.508000e+02 4.399085e-02 2.301929e+02
3.512000e+02 4.275796e-02 2.304889e+02
3.516000e+02 4.110534e-02 2.308612e+02
3.520000e+02 4.009430e-02 2.311186e+02
3.524000e+02 3.663454e-02 2.318346e+02
3.528000e+02 3.443684e-02 2.323428e+02
3.532000e+02 3.737558e-02 2.318379e+02
3.536000e+02 3.641639e-02 2.320901e+02
3.540000e+02 3.531463e-02 2.323698e+02
3.544000e+02 3.414045e-02 2.326641e+02
3.548000e+02 3.270883e-02 2.330070e+02
3.552000e+02 3.144264e-02 2.333213e+02
3.556000e+02 3.061370e-02 2.335562e+02
3.560000e+02 2.943906e-02 2.338558e+02
3.564000e+02 2.820443e-02 2.341680e+02
3.568000e+02 2.705224e-02 2.344647e+02
3.572000e+02 2.577102e-02 2.347867e+02
3.576000e+02 2.225209e-02 2.355374e+02
3.580000e+02 2.313051e-02 2.354481e+02
3.584000e+02 2.187090e-02 2.357688e+02
3.588000e+02 1.765382e-02 2.366472e+02
3.592000e+02 1.953301e-02 2.363793e+02
3.596000e+02 1.764123e-02 2.368243e+02
3.600000e+02 1.744038e-02 2.369480e+02
3.604000e+02 1.635426e-02 2.372402e+02
3.608000e+02 1.522391e-02 2.375408e+02
3.612000e+02 1.409329e-02 2.378417e+02
3.616000e+02 1.281254e-02 2.381710e+02
3.620000e+02 1.190105e-02 2.384310e+02
3.624000e+02 1.085937e-02 2.387155e+02
3.628000e+02 9.832436e-03 2.389969e+02
3.632000e+02 8.815660e-03 2.392759e+02
3.636000e+02 7.790443e-03 2.395559e+02
3.640000e+02 6.915892e-03 2.398068e+02
3.644000e+02 4.966991e-03 2.402603e+02
3.648000e+02 5.227480e-03 2.402946e+02
3.652000e+02 4.525604e-03 2.405105e+02
3.656000e+02 3.818406e-03 2.407257e+02
3.660000e+02 3.151998e-03 2.409318e+02
3.664000e+02 2.526686e-03 2.411287e+02
3.668000e+02 1.735116e-03 2.413567e+02
3.672000e+02 1.422638e-03 2.414919e+02
3.676000e+02 9.157845e-04 2.416640e+02
3.680000e+02 4.314735e-04 2.418298e+02
3.684000e+02 5.397768e-05 2.419662e+02
3.688000e+02 1.381908e-04 2.420032e+02
3.692000e+02 2.251258e-04 2.420333e+02
3.696000e+02 2.071141e-04 2.420845e+02
3.700000e+02 1.540848e-04 2.421435e+02
3.704000e+02 1.017903e-04 2.422024e+02
3.708000e+02 6.084981e-05 2.422582e+02
3.712000e+02 3.348587e-05 2.423102e+02
3.716000e+02 1.708309e-05 2.423588e+02
3.720000e+02 7.749497e-06 2.424049e+02
3.724000e+02 3.104122e-06 2.424490e+02
3.728000e+02 1.072609e-06 2.424917e+02
3.732000e+02 3.100225e-07 2.425331e+02
3.736000e+02 7.208002e-08 2.425735e+02
3.740000e+02 1.277964e-08 2.426129e+02
3.744000e+02 1.612788e-09 2.426511e+02
3.748000e+02 1.318435e-10 2.426881e+02
3.752000e+02 5.155582e-12 2.427236e+02
3.756000e+02 1.436051e-13 2.427574e+02
3.760000e+02 1.270623e-15 2.427894e+02
3.764000e+02 3.140666e-18 2.428193e+02
3.768000e+02 1.340705e-21 2.428469e+02
3.772000e+02 5.333951e-26 2.428720e+02
3.776000e+02 7.191946e-32 2.428943e+02
3.780000e+02 8.564703e-40 2.429138e+02
3.784000e+02 1.456600e-50 2.429302e+02
3.788000e+02 4.765710e-65 2.429434e+02
3.792000e+02 7.740963e-84 2.429533e+02
3.796000e+02 9.560381e-106 2.429598e+02
3.800000e+02 3.254665e-124 2.429630e+02
3.804000e+02 1.428562e-122 2.429626e+02
3.808000e+02 1.225741e-102 2.429589e+02
3.812000e+02 6.471618e-81 2.429518e+02
3.816000e+02 7.561355e-63 2.429415e+02
3.820000e+02 4.362953e-49 2.429281e+02
3.824000e+02 6.607624e-39 2.429117e+02
3.828000e+02 2.116868e-31 2.428925e+02
3.832000e+02 8.080030e-26 2.428708e+02
3.836000e+02 1.305882e-21 2.428467e+02
3.840000e+02 2.179808e-18 2.428206e+02
3.844000e+02 6.984770e-16 2.427926e+02
3.848000e+02 6.620266e-14 2.427631e+02
3.852000e+02 2.523598e-12 2.427323e+02
3.856000e+02 4.836795e-11 2.427004e+02
3.860000e+02 5.537971e-10 2.426676e+02
3.864000e+02 4.240965e-09 2.426341e+02
3.868000e+02 2.326874e-08 2.426001e+02
3.872000e+02 9.374574e-08 2.425659e+02
3.876000e+02 3.303512e-07 2.425317e+02
3.880000e+02 9.341366e-07 2.424977e+02
3.884000e+02 2.250727e-06 2.424640e+02
3.888000e+02 4.735833e-06 2.424310e+02
3.892000e+02 8.843645e-06 2.423987e+02
3.896000e+02 1.485091e-05 2.423673e+02
3.900000e+02 2.287939e-05 2.423361e+02
3.904000e+02 3.382191e-05 2.423036e+02
3.908000e+02 5.225366e-05 2.422673e+02
3.912000e+02 8.427378e-05 2.422254e+02
3.916000e+02 1.317394e-04 2.421781e+02
3.920000e+02 1.951701e-04 2.421265e+02
3.924000e+02 2.719756e-04 2.420720e+02
3.928000e+02 3.600477e-04 2.420156e+02
3.932000e+02 4.825755e-04 2.419532e+02
3.936000e+02 6.110085e-04 2.418903e+02
3.940000e+02 7.526959e-04 2.418254e+02
3.944000e+02 9.072935e-04 2.417587e+02
3.948000e+02 1.072514e-03 2.416907e+02
3.952000e+02 1.246317e-03 2.416218e+02
3.956000e+02 1.435846e-03 2.415508e+02
3.960000e+02 1.627809e-03 2.414802e+02
3.964000e+02 1.803902e-03 2.414134e+02
3.968000e+02 2.019255e-03 2.413402e+02
3.972000e+02 2.229557e-03 2.412691e+02
3.976000e+02 2.445024e-03 2.411981e+02
3.980000e+02 2.653009e-03 2.411296e+02
3.984000e+02 2.858544e-03 2.410627e+02
3.988000e+02 3.059794e-03 2.409977e+02
3.992000e+02 3.252476e-03 2.409357e+02
3.996000e+02 3.434019e-03 2.408769e+02
4.000000e+02 3.435477e-03 2.408530e+02
+1.0 10 0
1.000000e+01 9.950367e-01 3.923854e+00
1.040000e+01 9.948525e-01 3.970644e+00
1.080000e+01 9.946984e-01 4.010762e+00
1.120000e+01 9.945281e-01 4.054406e+00
1.160000e+01 9.943628e-01 4.097578e+00
1.200000e+01 9.941658e-01 4.148261e+00
1.240000e+01 9.939492e-01 4.203899e+00
1.280000e+01 9.937104e-01 4.265252e+00
1.320000e+01 9.934452e-01 4.333371e+00
1.360000e+01 9.931519e-01 4.408729e+00
1.400000e+01 9.928289e-01 4.491866e+00
1.440000e+01 9.924673e-01 4.584927e+00
1.480000e+01 9.920351e-01 4.695210e+00
1.520000e+01 9.915957e-01 4.809430e+00
1.560000e+01 9.910659e-01 4.946134e+00
1.600000e+01 9.904455e-01 5.105982e+00
1.640000e+01 9.897268e-01 5.291628e+00
1.680000e+01 9.888728e-01 5.512284e+00
1.720000e+01 9.878414e-01 5.778788e+00
1.760000e+01 9.865771e-01 6.105498e+00
1.800000e+01 9.849999e-01 6.513103e+00
1.840000e+01 9.829932e-01 7.031694e+00
1.880000e+01 9.803845e-01 7.705671e+00
1.920000e+01 9.769153e-01 8.601502e+00
1.960000e+01 9.721935e-01 9.819701e+00
2.000000e+01 9.656238e-01 1.151220e+01
2.040000e+01 9.563300e-01 1.390152e+01
2.080000e+01 9.431140e-01 1.728853e+01
2.120000e+01 9.246490e-01 2.199119e+01
2.160000e+01 9.009000e-01 2.796749e+01
2.200000e+01 8.771928e-01 3.380132e+01
2.240000e+01 8.711528e-01 3.529899e+01
2.280000e+01 8.873901e-01 3.139101e+01
2.320000e+01 9.081772e-01 2.620582e+01
2.360000e+01 9.260102e-01 2.168359e+01
2.400000e+01 9.395234e-01 1.822784e+01
2.440000e+01 9.493970e-01 1.569288e+01
2.480000e+01 9.565052e-01 1.386134e+01
2.520000e+01 9.616672e-01 1.252796e+01
2.560000e+01 9.654063e-01 1.155801e+01
2.600000e+01 9.682914e-01 1.081312e+01
2.640000e+01 9.704003e-01 1.026551e+01
2.680000e+01 9.719871e-01 9.852276e+00
2.720000e+01 9.732014e-01 9.535424e+00
2.760000e+01 9.741247e-01 9.293619e+00
2.800000e+01 9.748140e-01 9.112202e+00
2.840000e+01 9.753118e-01 8.980110e+00
2.880000e+01 9.756313e-01 8.892953e+00
2.920000e+01 9.758543e-01 8.832076e+00
2.960000e+01 9.759626e-01 8.800361e+00
3.000000e+01 9.757488e-01 8.841820e+00
3.040000e+01 9.758742e-01 8.813094e+00
3.080000e+01 9.757960e-01 8.831497e+00
3.120000e+01 9.756197e-01 8.873267e+00
3.160000e+01 9.753807e-01 8.930631e+00
3.200000e+01 9.750900e-01 9.001039e+00
3.240000e+01 9.747537e-01 9.083016e+00
3.280000e+01 9.743726e-01 9.176237e+00
3.320000e+01 9.739514e-01 9.279601e+00
3.360000e+01 9.734891e-01 9.393229e+00
3.400000e+01 9.729885e-01 9.516446e+00
3.440000e+01 9.724490e-01 9.649354e+00
3.480000e+01 9.718701e-01 9.792016e+00
3.520000e+01 9.712526e-01 9.944212e+00
3.560000e+01 9.705913e-01 1.010707e+01
3.600000e+01 9.696028e-01 1.034318e+01
3.640000e+01 9.691575e-01 1.046049e+01
3.680000e+01 9.683854e-01 1.065104e+01
3.720000e+01 9.675586e-01 1.085461e+01
3.760000e+01 9.666476e-01 1.107742e+01
3.800000e+01 9.656970e-01 1.131027e+01
3.840000e+01 9.648014e-01 1.153320e+01
3.880000e+01 9.637850e-01 1.178336e+01
3.920000e+01 9.626987e-01 1.205014e+01
3.960000e+01 9.615570e-01 1.233054e+01
4.000000e+01 9.603519e-01 1.262641e+01
4.040000e+01 9.590693e-01 1.294091e+01
4.080000e+01 9.577078e-01 1.327447e+01
4.120000e+01 9.562628e-01 1.362822e+01
4.160000e+01 9.547248e-01 1.400443e+01
4.200000e+01 9.530843e-01 1.440533e+01
4.240000e+01 9.513272e-01 1.483416e+01
4.280000e+01 9.492228e-01 1.534177e+01
4.320000e+01 9.474377e-01 1.578242e+01
4.360000e+01 9.450190e-01 1.636425e+01
4.400000e+01 9.429891e-01 1.686631e+01
4.440000e+01 9.405239e-01 1.746713e+01
4.480000e+01 9.377741e-01 1.813428e+01
4.520000e+01 9.349189e-01 1.883014e+01
4.560000e+01 9.317518e-01 1.959984e+01
4.600000e+01 9.282889e-01 2.044080e+01
4.640000e+01 9.244955e-01 2.136161e+01
4.680000e+01 9.203203e-01 2.237471e+01
4.720000e+01 9.157056e-01 2.349415e+01
4.760000e+01 9.105772e-01 2.473803e+01
4.800000e+01 9.048440e-01 2.612859e+01
4.840000e+01 8.983889e-01 2.769443e+01
4.880000e+01 8.910626e-01 2.947204e+01
4.920000e+01 8.826776e-01 3.150715e+01
4.960000e+01 8.729897e-01 3.385842e+01
5.000000e+01 8.615891e-01 3.662050e+01
5.040000e+01 8.486995e-01 3.975567e+01
5.080000e+01 8.332140e-01 4.352947e+01
5.120000e+01 8.136258e-01 4.830958e+01
5.160000e+01 7.875017e-01 5.468952e+01
5.200000e+01 7.480661e-01 6.423338e+01
5.240000e+01 7.024406e-01 7.553578e+01
5.280000e+01 6.363487e-01 9.186831e+01
5.320000e+01 5.406642e-01 1.153765e+02
5.360000e+01 3.220504e-01 1.671542e+02
5.400000e+01 2.810602e-01 1.801097e+02
5.440000e+01 1.687733e-01 2.100966e+02
5.480000e+01 6.426500e-02 2.384449e+02
5.520000e+01 5.644740e-03 2.561980e+02
5.560000e+01 3.354049e-03 2.605459e+02
5.600000e+01 2.532271e-04 2.636497e+02
5.640000e+01 5.820140e-07 2.650907e+02
5.680000e+01 3.668162e-06 2.658676e+02
5.720000e+01 1.187061e-06 2.664025e+02
5.760000e+01 1.856234e-12 2.668279e+02
5.800000e+01 1.576156e-08 2.671406e+02
5.840000e+01 6.703127e-15 2.673893e+02
5.880000e+01 1.149646e-09 2.674294e+02
5.920000e+01 1.562982e-14 2.674944e+02
5.960000e+01 3.896765e-17 2.675646e+02
6.000000e+01 5.668388e-11 2.676960e+02
6.040000e+01 8.460289e-19 2.678069e+02
6.080000e+01 1.360169e-10 2.677438e+02
6.120000e+01 1.140033e-13 2.676828e+02
6.160000e+01 5.478500e-10 2.676026e+02
6.200000e+01 9.125303e-10 2.675136e+02
6.240000e+01 1.136068e-15 2.673330e+02
6.280000e+01 7.231988e-08 2.668224e+02
6.320000e+01 1.315242e-05 2.658666e+02
6.360000e+01 2.668219e-05 2.644056e+02
6.400000e+01 2.350242e-03 2.616068e+02
6.440000e+01 1.867714e-02 2.545208e+02
6.480000e+01 5.196806e-02 2.425427e+02
6.520000e+01 9.531271e-02 2.274600e+02
6.560000e+01 2.586774e-01 1.868850e+02
6.600000e+01 3.851034e-01 1.547928e+02
6.640000e+01 4.868795e-01 1.289133e+02
6.680000e+01 5.745865e-01 1.070527e+02
6.720000e+01 6.525576e-01 8.814131e+01
6.760000e+01 7.024124e-01 7.587034e+01
6.800000e+01 7.382969e-01 6.704718e+01
6.840000e+01 7.652451e-01 6.044529e+01
6.880000e+01 7.868892e-01 5.518461e+01
6.920000e+01 8.035001e-01 5.114747e+01
6.960000e+01 8.170015e-01 4.787707e+01
7.000000e+01 8.282977e-01 4.514910e+01
7.040000e+01 8.379279e-01 4.282964e+01
7.080000e+01 8.462111e-01 4.083896e+01
7.120000e+01 8.534080e-01 3.911294e+01
7.160000e+01 8.597033e-01 3.760618e+01
7.200000e+01 8.652599e-01 3.627909e+01
7.240000e+01 8.701593e-01 3.511104e+01
7.280000e+01 8.745173e-01 3.407443e+01
7.320000e+01 8.783956e-01 3.315393e+01
7.360000e+01 8.818471e-01 3.233649e+01
7.400000e+01 8.849273e-01 3.160872e+01
7.440000e+01 8.876847e-01 3.095912e+01
7.480000e+01 8.901227e-01 3.038577e+01
7.520000e+01 8.922356e-01 2.988837e+01
7.560000e+01 8.942154e-01 2.942700e+01
7.600000e+01 8.959811e-01 2.901751e+01
7.640000e+01 8.946961e-01 2.929143e+01
7.680000e+01 8.988047e-01 2.836545e+01
7.720000e+01 9.002193e-01 2.804864e+01
7.760000e+01 8.981868e-01 2.852050e+01
7.800000e+01 9.021293e-01 2.762734e+01
7.840000e+01 9.027968e-01 2.748822e+01
7.880000e+01 9.031803e-01 2.741785e+01
7.920000e+01 9.032840e-01 2.741668e+01
7.960000e+01 9.030672e-01 2.749339e+01
8.000000e+01 9.025414e-01 2.764069e+01
8.040000e+01 9.020332e-01 2.777457e+01
8.080000e+01 9.024845e-01 2.768158e+01
8.120000e+01 9.039118e-01 2.735724e+01
8.160000e+01 9.053466e-01 2.702180e+01
8.200000e+01 9.065198e-01 2.674586e+01
8.240000e+01 9.074187e-01 2.653639e+01
8.280000e+01 9.080887e-01 2.638356e+01
8.320000e+01 9.085773e-01 2.627591e+01
8.360000e+01 9.089348e-01 2.620124e+01
8.400000e+01 9.091841e-01 2.615361e+01
8.440000e+01 9.093461e-01 2.612783e+01
8.480000e+01 9.094321e-01 2.612094e+01
8.520000e+01 9.094525e-01 2.613038e+01
8.560000e+01 9.094163e-01 2.615411e+01
8.600000e+01 9.093175e-01 2.619339e+01
8.640000e+01 9.091531e-01 2.624903e+01
8.680000e+01 9.089129e-01 2.632351e+01
8.720000e+01 9.086015e-01 2.641591e+01
8.760000e+01 9.082253e-01 2.652340e+01
8.800000e+01 9.079066e-01 2.661559e+01
8.840000e+01 9.077859e-01 2.666001e+01
8.880000e+01 9.077011e-01 2.669427e+01
8.920000e+01 9.075591e-01 2.674207e+01
8.960000e+01 9.073504e-01 2.680636e+01
9.000000e+01 9.070655e-01 2.688941e+01
9.040000e+01 9.067697e-01 2.697558e+01
9.080000e+01 9.063975e-01 2.708003e+01
9.120000e+01 9.060524e-01 2.717915e+01
9.160000e+01 9.056567e-01 2.729024e+01
9.200000e+01 9.052292e-01 2.740890e+01
9.240000e+01 9.047749e-01 2.753403e+01
9.280000e+01 9.042939e-01 2.766545e+01
9.320000e+01 9.037526e-01 2.781021e+01
9.360000e+01 9.029428e-01 2.801162e+01
9.400000e+01 9.001706e-01 2.864026e+01
9.440000e+01 9.020763e-01 2.825992e+01
9.480000e+01 9.016065e-01 2.839308e+01
9.520000e+01 9.010185e-01 2.855163e+01
9.560000e+01 9.002570e-01 2.874741e+01
9.600000e+01 8.990205e-01 2.904309e+01
9.640000e+01 8.980993e-01 2.927300e+01
9.680000e+01 8.984345e-01 2.923789e+01
9.720000e+01 8.979216e-01 2.938131e+01
9.760000e+01 8.972989e-01 2.954843e+01
9.800000e+01 8.966079e-01 2.973099e+01
9.840000e+01 8.959334e-01 2.991068e+01
9.880000e+01 8.951950e-01 3.010490e+01
9.920000e+01 8.942559e-01 3.034337e+01
9.960000e+01 8.935949e-01 3.052195e+01
1.000000e+02 8.926966e-01 3.075205e+01
1.004000e+02 8.915095e-01 3.104186e+01
1.008000e+02 8.907471e-01 3.124565e+01
1.012000e+02 8.899159e-01 3.146314e+01
1.016000e+02 8.866217e-01 3.220047e+01
1.020000e+02 8.873459e-01 3.208958e+01
1.024000e+02 8.874100e-01 3.212315e+01
1.028000e+02 8.865858e-01 3.234325e+01
1.032000e+02 8.855698e-01 3.260457e+01
1.036000e+02 8.842821e-01 3.292401e+01
1.040000e+02 8.826821e-01 3.331084e+01
1.044000e+02 8.823255e-01 3.343625e+01
1.048000e+02 8.812323e-01 3.371874e+01
1.052000e+02 8.800004e-01 3.403216e+01
1.056000e+02 8.787325e-01 3.435440e+01
1.060000e+02 8.773751e-01 3.469756e+01
1.064000e+02 8.759419e-01 3.505869e+01
1.068000e+02 8.744244e-01 3.543990e+01
1.072000e+02 8.728051e-01 3.584522e+01
1.076000e+02 8.710909e-01 3.627316e+01
1.080000e+02 8.692117e-01 3.673963e+01
1.084000e+02 8.672598e-01 3.722445e+01
1.088000e+02 8.650915e-01 3.775948e+01
1.092000e+02 8.626247e-01 3.836189e+01
1.096000e+02 8.573328e-01 3.958212e+01
1.100000e+02 8.572179e-01 3.968507e+01
1.104000e+02 8.537384e-01 4.052015e+01
1.108000e+02 8.360433e-01 4.445287e+01
1.112000e+02 8.462631e-01 4.233163e+01
1.116000e+02 8.426180e-01 4.324018e+01
1.120000e+02 8.377801e-01 4.441508e+01
1.124000e+02 8.320603e-01 4.579653e+01
1.128000e+02 8.251926e-01 4.744749e+01
1.132000e+02 8.173293e-01 4.933969e+01
1.136000e+02 8.077112e-01 5.164661e+01
1.140000e+02 7.958954e-01 5.447533e+01
1.144000e+02 7.813390e-01 5.795695e+01
1.148000e+02 7.625710e-01 6.243294e+01
1.152000e+02 7.388559e-01 6.810116e+01
1.156000e+02 7.077395e-01 7.554593e+01
1.160000e+02 6.653507e-01 8.568646e+01
1.164000e+02 6.066478e-01 9.975602e+01
1.168000e+02 5.239357e-01 1.196560e+02
1.172000e+02 4.075319e-01 1.478722e+02
1.176000e+02 2.530578e-01 1.859203e+02
1.180000e+02 8.969264e-02 2.278604e+02
1.184000e+02 5.487610e-03 2.530322e+02
1.188000e+02 1.346611e-06 2.567109e+02
1.192000e+02 1.554943e-02 2.492876e+02
1.196000e+02 1.289442e-01 2.175289e+02
1.200000e+02 2.970201e-01 1.751280e+02
1.204000e+02 4.411209e-01 1.399079e+02
1.208000e+02 5.458087e-01 1.146523e+02
1.212000e+02 6.196604e-01 9.695749e+01
1.216000e+02 6.719791e-01 8.446774e+01
1.220000e+02 7.095507e-01 7.552032e+01
1.224000e+02 7.369809e-01 6.900172e+01
1.228000e+02 7.573246e-01 6.417624e+01
1.232000e+02 7.722432e-01 6.063502e+01
1.236000e+02 7.838828e-01 5.788023e+01
1.240000e+02 7.849334e-01 5.744741e+01
1.244000e+02 7.994870e-01 5.419323e+01
1.248000e+02 8.061334e-01 5.266679e+01
1.252000e+02 8.087248e-01 5.201929e+01
1.256000e+02 8.116554e-01 5.133160e+01
1.260000e+02 8.174773e-01 5.005170e+01
1.264000e+02 8.200524e-01 4.947531e+01
1.268000e+02 8.224152e-01 4.894893e+01
1.272000e+02 8.239992e-01 4.860028e+01
1.276000e+02 8.251769e-01 4.834608e+01
1.280000e+02 8.257324e-01 4.823043e+01
1.284000e+02 8.255413e-01 4.828085e+01
1.288000e+02 8.272925e-01 4.792299e+01
1.292000e+02 8.276973e-01 4.785622e+01
1.296000e+02 8.278871e-01 4.783869e+01
1.300000e+02 8.279387e-01 4.785382e+01
1.304000e+02 8.278658e-01 4.789839e+01
1.308000e+02 8.276242e-01 4.798138e+01
1.312000e+02 8.274039e-01 4.806235e+01
1.316000e+02 8.270899e-01 4.816546e+01
1.320000e+02 8.266585e-01 4.829555e+01
1.324000e+02 8.254345e-01 4.860310e+01
1.328000e+02 8.256499e-01 4.859188e+01
1.332000e+02 8.250481e-01 4.876350e+01
1.336000e+02 8.244121e-01 4.894414e+01
1.340000e+02 8.236399e-01 4.915644e+01
1.344000e+02 8.229314e-01 4.935497e+01
1.348000e+02 8.221336e-01 4.957470e+01
1.352000e+02 8.212948e-01 4.980426e+01
1.356000e+02 8.203952e-01 5.004860e+01
1.360000e+02 8.193963e-01 5.031670e+01
1.364000e+02 8.181803e-01 5.063469e+01
1.368000e+02 8.149451e-01 5.138959e+01
1.372000e+02 8.156941e-01 5.129575e+01
1.376000e+02 8.143678e-01 5.165391e+01
1.380000e+02 8.127495e-01 5.207644e+01
1.384000e+02 8.111857e-01 5.248027e+01
1.388000e+02 8.101703e-01 5.275224e+01
1.392000e+02 8.097933e-01 5.287213e+01
1.396000e+02 8.092716e-01 5.302118e+01
1.400000e+02 8.083905e-01 5.325343e+01
1.404000e+02 8.076608e-01 5.345645e+01
1.408000e+02 8.062769e-01 5.380902e+01
1.412000e+02 8.051870e-01 5.410330e+01
1.416000e+02 8.033116e-01 5.457146e+01
1.420000e+02 7.973521e-01 5.590375e+01
1.424000e+02 7.969980e-01 5.607454e+01
1.428000e+02 7.976032e-01 5.606317e+01
1.432000e+02 7.954322e-01 5.663572e+01
1.436000e+02 7.931617e-01 5.721156e+01
1.440000e+02 7.922278e-01 5.746769e+01
1.444000e+02 7.921651e-01 5.750596e+01
1.448000e+02 7.894065e-01 5.810670e+01
1.452000e+02 7.913939e-01 5.771179e+01
1.456000e+02 7.914916e-01 5.773161e+01
1.460000e+02 7.907611e-01 5.793397e+01
1.464000e+02 7.898361e-01 5.818430e+01
1.468000e+02 7.887353e-01 5.847732e+01
1.472000e+02 7.875203e-01 5.879882e+01
1.476000e+02 7.862032e-01 5.914552e+01
1.480000e+02 7.847835e-01 5.951672e+01
1.484000e+02 7.830981e-01 5.994600e+01
1.488000e+02 7.782098e-01 6.106770e+01
1.492000e+02 7.801374e-01 6.072932e+01
1.496000e+02 7.785912e-01 6.114015e+01
1.500000e+02 7.767552e-01 6.161529e+01
1.504000e+02 7.746189e-01 6.215523e+01
1.508000e+02 7.718628e-01 6.282789e+01
1.512000e+02 7.709455e-01 6.312295e+01
1.516000e+02 7.693629e-01 6.354960e+01
1.520000e+02 7.679017e-01 6.394121e+01
1.524000e+02 7.665407e-01 6.430566e+01
1.528000e+02 7.650114e-01 6.470899e+01
1.532000e+02 7.633039e-01 6.515467e+01
1.536000e+02 7.611816e-01 6.569170e+01
1.540000e+02 7.537881e-01 6.737018e+01
1.544000e+02 7.574834e-01 6.666363e+01
1.548000e+02 7.558032e-01 6.712034e+01
1.552000e+02 7.538106e-01 6.764498e+01
1.556000e+02 7.517029e-01 6.819671e+01
1.560000e+02 7.493398e-01 6.880554e+01
1.564000e+02 7.472424e-01 6.936088e+01
1.568000e+02 7.449754e-01 6.995541e+01
1.572000e+02 7.425759e-01 7.058122e+01
1.576000e+02 7.401450e-01 7.121701e+01
1.580000e+02 7.376115e-01 7.187815e+01
1.584000e+02 7.349751e-01 7.256490e+01
1.588000e+02 7.322768e-01 7.326879e+01
1.592000e+02 7.294657e-01 7.400102e+01
1.596000e+02 7.265719e-01 7.475532e+01
1.600000e+02 7.235633e-01 7.553885e+01
1.604000e+02 7.204615e-01 7.634659e+01
1.608000e+02 7.172819e-01 7.717487e+01
1.612000e+02 7.139650e-01 7.803776e+01
1.616000e+02 7.105260e-01 7.893278e+01
1.620000e+02 7.069336e-01 7.986701e+01
1.624000e+02 7.031856e-01 8.084124e+01
1.628000e+02 6.992737e-01 8.185764e+01
1.632000e+02 6.951454e-01 8.292800e+01
1.636000e+02 6.908825e-01 8.403506e+01
1.640000e+02 6.863456e-01 8.520924e+01
1.644000e+02 6.814204e-01 8.647436e+01
1.648000e+02 6.741927e-01 8.823478e+01
1.652000e+02 6.699317e-01 8.938028e+01
1.656000e+02 6.613423e-01 9.144600e+01
1.660000e+02 6.568330e-01 9.267497e+01
1.664000e+02 6.541222e-01 9.354854e+01
1.668000e+02 6.482667e-01 9.509206e+01
1.672000e+02 6.416608e-01 9.680922e+01
1.676000e+02 6.319829e-01 9.921176e+01
1.680000e+02 6.273012e-01 1.005445e+02
1.684000e+02 6.194796e-01 1.025806e+02
1.688000e+02 6.110476e-01 1.047697e+02
1.692000e+02 6.021168e-01 1.070901e+02
1.696000e+02 5.926145e-01 1.095590e+02
1.700000e+02 5.823993e-01 1.122102e+02
1.704000e+02 5.716204e-01 1.150138e+02
1.708000e+02 5.599953e-01 1.180350e+02
1.712000e+02 5.474752e-01 1.212869e+02
1.716000e+02 5.341032e-01 1.247645e+02
1.720000e+02 5.197728e-01 1.284946e+02
1.724000e+02 5.043122e-01 1.325184e+02
1.728000e+02 4.876469e-01 1.368570e+02
1.732000e+02 4.696353e-01 1.415455e+02
1.736000e+02 4.500243e-01 1.466447e+02
1.740000e+02 4.296321e-01 1.519879e+02
1.744000e+02 4.072603e-01 1.578345e+02
1.748000e+02 3.831160e-01 1.641473e+02
1.752000e+02 3.547058e-01 1.714811e+02
1.756000e+02 3.290096e-01 1.782981e+02
1.760000e+02 3.001067e-01 1.859237e+02
1.764000e+02 2.696577e-01 1.939883e+02
1.768000e+02 2.375375e-01 2.025055e+02
1.772000e+02 2.041879e-01 2.113780e+02
1.776000e+02 1.702650e-01 2.204484e+02
1.780000e+02 1.365894e-01 2.295132e+02
1.784000e+02 1.042291e-01 2.383020e+02
1.788000e+02 7.448907e-02 2.464789e+02
1.792000e+02 4.878334e-02 2.536712e+02
1.796000e+02 2.838411e-02 2.595307e+02
1.800000e+02 1.401363e-02 2.638362e+02
1.804000e+02 5.529043e-03 2.665814e+02
1.808000e+02 1.579629e-03 2.680702e+02
1.812000e+02 2.860894e-04 2.687661e+02
1.816000e+02 2.739060e-05 2.690953e+02
1.820000e+02 1.126744e-06 2.692887e+02
1.824000e+02 1.774509e-08 2.694186e+02
1.828000e+02 1.519570e-10 2.694990e+02
1.832000e+02 4.342881e-12 2.695323e+02
1.836000e+02 2.016858e-11 2.695192e+02
1.840000e+02 1.961112e-09 2.694603e+02
1.844000e+02 1.632198e-07 2.693557e+02
1.848000e+02 6.064160e-06 2.692014e+02
1.852000e+02 8.758429e-05 2.689688e+02
1.856000e+02 6.138515e-04 2.685442e+02
1.860000e+02 2.564209e-03 2.676604e+02
1.864000e+02 7.403142e-03 2.659457e+02
1.868000e+02 1.646851e-02 2.630830e+02
1.872000e+02 3.039585e-02 2.589459e+02
1.876000e+02 4.903662e-02 2.536076e+02
1.880000e+02 7.159088e-02 2.472975e+02
1.884000e+02 9.701811e-02 2.402979e+02
1.888000e+02 1.242143e-01 2.328969e+02
1.892000e+02 1.522253e-01 2.253402e+02
1.896000e+02 1.802692e-01 2.178249e+02
1.900000e+02 2.077569e-01 2.104973e+02
1.904000e+02 2.342652e-01 2.034601e+02
1.908000e+02 2.595402e-01 1.967742e+02
1.912000e+02 2.834012e-01 1.904806e+02
1.916000e+02 3.057405e-01 1.846019e+02
1.920000e+02 3.265179e-01 1.791447e+02
1.924000e+02 3.457092e-01 1.741116e+02
1.928000e+02 3.632815e-01 1.695055e+02
1.932000e+02 3.786951e-01 1.654331e+02
1.936000e+02 3.937681e-01 1.615017e+02
1.940000e+02 4.078724e-01 1.578226e+02
1.944000e+02 4.216286e-01 1.542495e+02
1.948000e+02 4.344656e-01 1.509051e+02
1.952000e+02 4.441753e-01 1.482571e+02
1.956000e+02 4.522737e-01 1.460035e+02
1.960000e+02 4.673884e-01 1.423348e+02
1.964000e+02 4.774467e-01 1.397671e+02
1.968000e+02 4.861719e-01 1.375164e+02
1.972000e+02 4.940388e-01 1.354821e+02
1.976000e+02 5.011418e-01 1.336420e+02
1.980000e+02 5.076113e-01 1.319674e+02
1.984000e+02 5.136741e-01 1.304034e+02
1.988000e+02 5.190111e-01 1.290219e+02
1.992000e+02 5.231866e-01 1.279153e+02
1.996000e+02 5.278110e-01 1.267344e+02
2.000000e+02 5.315982e-01 1.257623e+02
2.004000e+02 5.343797e-01 1.250306e+02
2.008000e+02 5.358066e-01 1.246099e+02
2.012000e+02 5.375117e-01 1.241782e+02
2.016000e+02 5.387901e-01 1.238874e+02
2.020000e+02 5.382251e-01 1.240345e+02
2.024000e+02 5.358657e-01 1.246152e+02
2.028000e+02 5.320302e-01 1.255331e+02
2.032000e+02 5.285463e-01 1.263123e+02
2.036000e+02 5.309067e-01 1.257055e+02
2.040000e+02 5.390637e-01 1.237293e+02
2.044000e+02 5.474868e-01 1.216374e+02
2.048000e+02 5.545226e-01 1.198630e+02
2.052000e+02 5.599581e-01 1.184778e+02
2.056000e+02 5.643128e-01 1.173670e+02
2.060000e+02 5.670295e-01 1.166417e+02
2.064000e+02 5.701616e-01 1.158625e+02
2.068000e+02 5.724879e-01 1.152775e+02
2.072000e+02 5.742364e-01 1.148286e+02
2.076000e+02 5.758219e-01 1.144211e+02
2.080000e+02 5.771592e-01 1.140704e+02
2.084000e+02 5.766052e-01 1.141206e+02
2.088000e+02 5.757077e-01 1.142596e+02
2.092000e+02 5.804413e-01 1.132330e+02
2.096000e+02 5.814669e-01 1.129888e+02
2.100000e+02 5.821741e-01 1.128157e+02
2.104000e+02 5.808962e-01 1.130732e+02
2.108000e+02 5.670389e-01 1.161822e+02
2.112000e+02 5.838335e-01 1.123970e+02
2.116000e+02 5.846088e-01 1.122193e+02
2.120000e+02 5.850269e-01 1.121208e+02
2.124000e+02 5.853053e-01 1.120559e+02
2.128000e+02 5.854628e-01 1.120202e+02
2.132000e+02 5.855819e-01 1.119957e+02
2.136000e+02 5.855986e-01 1.119957e+02
2.140000e+02 5.855132e-01 1.120196e+02
2.144000e+02 5.851660e-01 1.121000e+02
2.148000e+02 5.820544e-01 1.127586e+02
2.152000e+02 5.835601e-01 1.124569e+02
2.156000e+02 5.848109e-01 1.122147e+02
2.160000e+02 5.845756e-01 1.122851e+02
2.164000e+02 5.845687e-01 1.123033e+02
2.168000e+02 5.842963e-01 1.123816e+02
2.172000e+02 5.839595e-01 1.124752e+02
2.176000e+02 5.835467e-01 1.125867e+02
2.180000e+02 5.830809e-01 1.127110e+02
2.184000e+02 5.826718e-01 1.128251e+02
2.188000e+02 5.821929e-01 1.129558e+02
2.192000e+02 5.816198e-01 1.131081e+02
2.196000e+02 5.810713e-01 1.132570e+02
2.200000e+02 5.804032e-01 1.134336e+02
2.204000e+02 5.797724e-01 1.136041e+02
2.208000e+02 5.790285e-01 1.138011e+02
2.212000e+02 5.782498e-01 1.140082e+02
2.216000e+02 5.773907e-01 1.142360e+02
2.220000e+02 5.764288e-01 1.144898e+02
2.224000e+02 5.753041e-01 1.147836e+02
2.228000e+02 5.740806e-01 1.151052e+02
2.232000e+02 5.725451e-01 1.155033e+02
2.236000e+02 5.707862e-01 1.159612e+02
2.240000e+02 5.685065e-01 1.165482e+02
2.244000e+02 5.655945e-01 1.172936e+02
2.248000e+02 5.615789e-01 1.183013e+02
2.252000e+02 5.569430e-01 1.194584e+02
2.256000e+02 5.515027e-01 1.207606e+02
2.260000e+02 5.426990e-01 1.226825e+02
2.264000e+02 5.509982e-01 1.209014e+02
2.268000e+02 5.553785e-01 1.198963e+02
2.272000e+02 5.583472e-01 1.191845e+02
2.276000e+02 5.601993e-01 1.187336e+02
2.280000e+02 5.612305e-01 1.184831e+02
2.284000e+02 5.616892e-01 1.183750e+02
2.288000e+02 5.617224e-01 1.183725e+02
2.292000e+02 5.613408e-01 1.184685e+02
2.296000e+02 5.556517e-01 1.197248e+02
2.300000e+02 5.601987e-01 1.187658e+02
2.304000e+02 5.592421e-01 1.190017e+02
2.308000e+02 5.577763e-01 1.193476e+02
2.312000e+02 5.419230e-01 1.227312e+02
2.316000e+02 5.548796e-01 1.200452e+02
2.320000e+02 5.555321e-01 1.199731e+02
2.324000e+02 5.546676e-01 1.202129e+02
2.328000e+02 5.531154e-01 1.206021e+02
2.332000e+02 5.507129e-01 1.211764e+02
2.336000e+02 5.455351e-01 1.223280e+02
2.340000e+02 5.327395e-01 1.249953e+02
2.344000e+02 5.450769e-01 1.225248e+02
2.348000e+02 5.471051e-01 1.221260e+02
2.352000e+02 5.462915e-01 1.223258e+02
2.356000e+02 5.312968e-01 1.255046e+02
2.360000e+02 5.422689e-01 1.232543e+02
2.364000e+02 5.440808e-01 1.229412e+02
2.368000e+02 5.412088e-01 1.235945e+02
2.372000e+02 5.091198e-01 1.304793e+02
2.376000e+02 5.399652e-01 1.239927e+02
2.380000e+02 5.398945e-01 1.240845e+02
2.384000e+02 5.364590e-01 1.248941e+02
2.388000e+02 5.335624e-01 1.255671e+02
2.392000e+02 5.194041e-01 1.286370e+02
2.396000e+02 5.296411e-01 1.266218e+02
2.400000e+02 5.280458e-01 1.270797e+02
2.404000e+02 5.258433e-01 1.276988e+02
2.408000e+02 5.225090e-01 1.285727e+02
2.412000e+02 5.167647e-01 1.299687e+02
2.416000e+02 5.145799e-01 1.305177e+02
2.420000e+02 5.124766e-01 1.309751e+02
2.424000e+02 4.964652e-01 1.343026e+02
2.428000e+02 5.178818e-01 1.297283e+02
2.432000e+02 5.168198e-01 1.298914e+02
2.436000e+02 5.123182e-01 1.308064e+02
2.440000e+02 5.199478e-01 1.292230e+02
2.444000e+02 5.212469e-01 1.289728e+02
2.448000e+02 5.219361e-01 1.288571e+02
2.452000e+02 5.215530e-01 1.289739e+02
2.456000e+02 5.208690e-01 1.291598e+02
2.460000e+02 5.200327e-01 1.293820e+02
2.464000e+02 5.189427e-01 1.296612e+02
2.468000e+02 5.179493e-01 1.299223e+02
2.472000e+02 5.165838e-01 1.302631e+02
2.476000e+02 5.134544e-01 1.309704e+02
2.480000e+02 5.071276e-01 1.323388e+02
2.484000e+02 5.080531e-01 1.322098e+02
2.488000e+02 5.111159e-01 1.316446e+02
2.492000e+02 5.095592e-01 1.320323e+02
2.496000e+02 5.019395e-01 1.336713e+02
2.500000e+02 4.655741e-01 1.415206e+02
2.504000e+02 5.043043e-01 1.333336e+02
2.508000e+02 5.040050e-01 1.334751e+02
2.512000e+02 4.985757e-01 1.346987e+02
2.516000e+02 5.018601e-01 1.340726e+02
2.520000e+02 5.013701e-01 1.342550e+02
2.524000e+02 5.001603e-01 1.345905e+02
2.528000e+02 4.983680e-01 1.350594e+02
2.532000e+02 4.966056e-01 1.355345e+02
2.536000e+02 4.941235e-01 1.361791e+02
2.540000e+02 4.911247e-01 1.369516e+02
2.544000e+02 4.874256e-01 1.378878e+02
2.548000e+02 4.837936e-01 1.387945e+02
2.552000e+02 4.821863e-01 1.392057e+02
2.556000e+02 4.833584e-01 1.389541e+02
2.560000e+02 4.847155e-01 1.386347e+02
2.564000e+02 4.854746e-01 1.384550e+02
2.568000e+02 4.855286e-01 1.384475e+02
2.572000e+02 4.851243e-01 1.385579e+02
2.576000e+02 4.841204e-01 1.388109e+02
2.580000e+02 4.821995e-01 1.392617e+02
2.584000e+02 4.792264e-01 1.399243e+02
2.588000e+02 4.655652e-01 1.428461e+02
2.592000e+02 4.796344e-01 1.399404e+02
2.596000e+02 4.795621e-01 1.400136e+02
2.600000e+02 4.786787e-01 1.402582e+02
2.604000e+02 4.776655e-01 1.405320e+02
2.608000e+02 4.760895e-01 1.409330e+02
2.612000e+02 4.752157e-01 1.411773e+02
2.616000e+02 4.738635e-01 1.415310e+02
2.620000e+02 4.723658e-01 1.419181e+02
2.624000e+02 4.706008e-01 1.423640e+02
2.628000e+02 4.636801e-01 1.439071e+02
2.632000e+02 4.652790e-01 1.436553e+02
2.636000e+02 4.512819e-01 1.466690e+02
2.640000e+02 4.606455e-01 1.448061e+02
2.644000e+02 4.606799e-01 1.449235e+02
2.648000e+02 4.566889e-01 1.458919e+02
2.652000e+02 4.546951e-01 1.464606e+02
2.656000e+02 4.514210e-01 1.473036e+02
2.660000e+02 4.480313e-01 1.481376e+02
2.664000e+02 4.469266e-01 1.484297e+02
2.668000e+02 4.472874e-01 1.483519e+02
2.672000e+02 4.340705e-01 1.511208e+02
2.676000e+02 4.483347e-01 1.480950e+02
2.680000e+02 4.499198e-01 1.477751e+02
2.684000e+02 4.499310e-01 1.477953e+02
2.688000e+02 4.494551e-01 1.479292e+02
2.692000e+02 4.488203e-01 1.481055e+02
2.696000e+02 4.479421e-01 1.483397e+02
2.700000e+02 4.469331e-01 1.486064e+02
2.704000e+02 4.458023e-01 1.489026e+02
2.708000e+02 4.445680e-01 1.492238e+02
2.712000e+02 4.432240e-01 1.495709e+02
2.716000e+02 4.420123e-01 1.498933e+02
2.720000e+02 4.404009e-01 1.503030e+02
2.724000e+02 4.386874e-01 1.507348e+02
2.728000e+02 4.346649e-01 1.516401e+02
2.732000e+02 4.297504e-01 1.527310e+02
2.736000e+02 4.344058e-01 1.518329e+02
2.740000e+02 4.332132e-01 1.521464e+02
2.744000e+02 4.239709e-01 1.541547e+02
2.748000e+02 4.301206e-01 1.529279e+02
2.752000e+02 4.295595e-01 1.531240e+02
2.756000e+02 4.279959e-01 1.535265e+02
2.760000e+02 4.255539e-01 1.541065e+02
2.764000e+02 4.218184e-01 1.549452e+02
2.768000e+02 4.211341e-01 1.551742e+02
2.772000e+02 4.222110e-01 1.550201e+02
2.776000e+02 4.218273e-01 1.551712e+02
2.780000e+02 4.207105e-01 1.554749e+02
2.784000e+02 4.193596e-01 1.558291e+02
2.788000e+02 4.180740e-01 1.561698e+02
2.792000e+02 4.161183e-01 1.566501e+02
2.796000e+02 4.129424e-01 1.573883e+02
2.800000e+02 4.131007e-01 1.574329e+02
2.804000e+02 4.125624e-01 1.576221e+02
2.808000e+02 4.111397e-01 1.579969e+02
2.812000e+02 4.095994e-01 1.583983e+02
2.816000e+02 4.081157e-01 1.587877e+02
2.820000e+02 4.065026e-01 1.592077e+02
2.824000e+02 4.049142e-01 1.596226e+02
2.828000e+02 3.983638e-01 1.611014e+02
2.832000e+02 4.015141e-01 1.605041e+02
2.836000e+02 4.003055e-01 1.608336e+02
2.840000e+02 3.990276e-01 1.611710e+02
2.844000e+02 3.975034e-01 1.615627e+02
2.848000e+02 3.961647e-01 1.619126e+02
2.852000e+02 3.944612e-01 1.623434e+02
2.856000e+02 3.918987e-01 1.629516e+02
2.860000e+02 3.769799e-01 1.661315e+02
2.864000e+02 3.819621e-01 1.651688e+02
2.868000e+02 3.877836e-01 1.640481e+02
2.872000e+02 3.870613e-01 1.642829e+02
2.876000e+02 3.857087e-01 1.646471e+02
2.880000e+02 3.840626e-01 1.650722e+02
2.884000e+02 3.818153e-01 1.656205e+02
2.888000e+02 3.731032e-01 1.675040e+02
2.892000e+02 3.752458e-01 1.671454e+02
2.896000e+02 3.774119e-01 1.667934e+02
2.900000e+02 3.762850e-01 1.671171e+02
2.904000e+02 3.748929e-01 1.674938e+02
2.908000e+02 3.730480e-01 1.679652e+02
2.912000e+02 3.714800e-01 1.683801e+02
2.916000e+02 3.699636e-01 1.687854e+02
2.920000e+02 3.683570e-01 1.692094e+02
2.924000e+02 3.664885e-01 1.696884e+02
2.928000e+02 3.639203e-01 1.703106e+02
2.932000e+02 3.420484e-01 1.750829e+02
2.936000e+02 3.573307e-01 1.718811e+02
2.940000e+02 3.595120e-01 1.715112e+02
2.944000e+02 3.580513e-01 1.719106e+02
2.948000e+02 3.563647e-01 1.723572e+02
2.952000e+02 3.545918e-01 1.728230e+02
2.956000e+02 3.527817e-01 1.732979e+02
2.960000e+02 3.508882e-01 1.737918e+02
2.964000e+02 3.488857e-01 1.743118e+02
2.968000e+02 3.469673e-01 1.748136e+02
2.972000e+02 3.441643e-01 1.755095e+02
2.976000e+02 3.424854e-01 1.759650e+02
2.980000e+02 3.394525e-01 1.767112e+02
2.984000e+02 3.330990e-01 1.781204e+02
2.988000e+02 3.344614e-01 1.779678e+02
2.992000e+02 3.340617e-01 1.781528e+02
2.996000e+02 3.323161e-01 1.786206e+02
3.000000e+02 3.303315e-01 1.791437e+02
3.004000e+02 3.274883e-01 1.798498e+02
3.008000e+02 3.229836e-01 1.809073e+02
3.012000e+02 3.208662e-01 1.814601e+02
3.016000e+02 3.132583e-01 1.831436e+02
3.020000e+02 3.114665e-01 1.836488e+02
3.024000e+02 3.155536e-01 1.829388e+02
3.028000e+02 3.131502e-01 1.835633e+02
3.032000e+02 2.905844e-01 1.884979e+02
3.036000e+02 3.088629e-01 1.847284e+02
3.040000e+02 3.070169e-01 1.852602e+02
3.044000e+02 3.041938e-01 1.859993e+02
3.048000e+02 3.009961e-01 1.868169e+02
3.052000e+02 2.986293e-01 1.874608e+02
3.056000e+02 2.963037e-01 1.880905e+02
3.060000e+02 2.936731e-01 1.887864e+02
3.064000e+02 2.908386e-01 1.895328e+02
3.068000e+02 2.878028e-01 1.903304e+02
3.072000e+02 2.845818e-01 1.911757e+02
3.076000e+02 2.811543e-01 1.920737e+02
3.080000e+02 2.775652e-01 1.930159e+02
3.084000e+02 2.736885e-01 1.940301e+02
3.088000e+02 2.695369e-01 1.951161e+02
3.092000e+02 2.650930e-01 1.962797e+02
3.096000e+02 2.601662e-01 1.975614e+02
3.100000e+02 2.525849e-01 1.994149e+02
3.104000e+02 2.496004e-01 2.002973e+02
3.108000e+02 2.453815e-01 2.014248e+02
3.112000e+02 2.414247e-01 2.024860e+02
3.116000e+02 2.370461e-01 2.036485e+02
3.120000e+02 2.320288e-01 2.049737e+02
3.124000e+02 2.262415e-01 2.064959e+02
3.128000e+02 2.196748e-01 2.082181e+02
3.132000e+02 2.124279e-01 2.101121e+02
3.136000e+02 2.049056e-01 2.120676e+02
3.140000e+02 1.984502e-01 2.137773e+02
3.144000e+02 1.927889e-01 2.153046e+02
3.148000e+02 1.863321e-01 2.170234e+02
3.152000e+02 1.788311e-01 2.190056e+02
3.156000e+02 1.696690e-01 2.213824e+02
3.160000e+02 1.577796e-01 2.243786e+02
3.164000e+02 1.442251e-01 2.277901e+02
3.168000e+02 1.400346e-01 2.292819e+02
3.172000e+02 1.264641e-01 2.328138e+02
3.176000e+02 1.179341e-01 2.352550e+02
3.180000e+02 1.057123e-01 2.385568e+02
3.184000e+02 9.259638e-02 2.421080e+02
3.188000e+02 7.873250e-02 2.458805e+02
3.192000e+02 6.432013e-02 2.498289e+02
3.196000e+02 4.968143e-02 2.538734e+02
3.200000e+02 2.935353e-02 2.592086e+02
3.204000e+02 2.339876e-02 2.613138e+02
3.208000e+02 1.432458e-02 2.639737e+02
3.212000e+02 8.909724e-03 2.656356e+02
3.216000e+02 5.509914e-03 2.667617e+02
3.220000e+02 2.783190e-03 2.677232e+02
3.224000e+02 1.037813e-03 2.684373e+02
3.228000e+02 2.556946e-04 2.688826e+02
3.232000e+02 3.519878e-05 2.691463e+02
3.236000e+02 2.131012e-06 2.693223e+02
3.240000e+02 4.396750e-08 2.694536e+02
3.244000e+02 2.921402e-10 2.695476e+02
3.248000e+02 1.465958e-12 2.696025e+02
3.252000e+02 1.561080e-13 2.696161e+02
3.256000e+02 7.084408e-12 2.695880e+02
3.260000e+02 1.589087e-09 2.695199e+02
3.264000e+02 1.659592e-07 2.694142e+02
3.268000e+02 5.224432e-06 2.692718e+02
3.272000e+02 6.788491e-05 2.690768e+02
3.276000e+02 4.144795e-04 2.687661e+02
3.280000e+02 1.524160e-03 2.682159e+02
3.284000e+02 3.995957e-03 2.672825e+02
3.288000e+02 8.204360e-03 2.658858e+02
3.292000e+02 1.420494e-02 2.640293e+02
3.296000e+02 2.175392e-02 2.617898e+02
3.300000e+02 3.045016e-02 2.592795e+02
3.304000e+02 3.984019e-02 2.566186e+02
3.308000e+02 4.951644e-02 2.539127e+02
3.312000e+02 5.914519e-02 2.512459e+02
3.316000e+02 6.846115e-02 2.486834e+02
3.320000e+02 7.723836e-02 2.462776e+02
3.324000e+02 8.492282e-02 2.441442e+02
3.328000e+02 8.778388e-02 2.430675e+02
3.332000e+02 9.976753e-02 2.401395e+02
3.336000e+02 1.065757e-01 2.383387e+02
3.340000e+02 1.122386e-01 2.368216e+02
3.344000e+02 1.171095e-01 2.355149e+02
3.348000e+02 1.211356e-01 2.344252e+02
3.352000e+02 1.233992e-01 2.337318e+02
3.356000e+02 1.281889e-01 2.325188e+02
3.360000e+02 1.321862e-01 2.314755e+02
3.364000e+02 1.358562e-01 2.305101e+02
3.368000e+02 1.391123e-01 2.296496e+02
3.372000e+02 1.418964e-01 2.289110e+02
3.376000e+02 1.442009e-01 2.282971e+02
3.380000e+02 1.462319e-01 2.277622e+02
3.384000e+02 1.478226e-01 2.273397e+02
3.388000e+02 1.490643e-01 2.270078e+02
3.392000e+02 1.501561e-01 2.267226e+02
3.396000e+02 1.509357e-01 2.265165e+02
3.400000e+02 1.514950e-01 2.263689e+02
3.404000e+02 1.518557e-01 2.262742e+02
3.408000e+02 1.520232e-01 2.262302e+02
3.412000e+02 1.520368e-01 2.262280e+02
3.416000e+02 1.518795e-01 2.262702e+02
3.420000e+02 1.515527e-01 2.263561e+02
3.424000e+02 1.510888e-01 2.264783e+02
3.428000e+02 1.503638e-01 2.266614e+02
3.432000e+02 1.438696e-01 2.280832e+02
3.436000e+02 1.483625e-01 2.271639e+02
3.440000e+02 1.480762e-01 2.272774e+02
3.444000e+02 1.470695e-01 2.275465e+02
3.448000e+02 1.457184e-01 2.278914e+02
3.452000e+02 1.444722e-01 2.282194e+02
3.456000e+02 1.433708e-01 2.285221e+02
3.460000e+02 1.421323e-01 2.288571e+02
3.464000e+02 1.408976e-01 2.291970e+02
3.468000e+02 1.394658e-01 2.295816e+02
3.472000e+02 1.378998e-01 2.299993e+02
3.476000e+02 1.363150e-01 2.304245e+02
3.480000e+02 1.346007e-01 2.308817e+02
3.484000e+02 1.328359e-01 2.313535e+02
3.488000e+02 1.309756e-01 2.318496e+02
3.492000e+02 1.290510e-01 2.323629e+02
3.496000e+02 1.269495e-01 2.329173e+02
3.500000e+02 1.249314e-01 2.334586e+02
3.504000e+02 1.227714e-01 2.340340e+02
3.508000e+02 1.204239e-01 2.346527e+02
3.512000e+02 1.177794e-01 2.353358e+02
3.516000e+02 1.140475e-01 2.362386e+02
3.520000e+02 1.120268e-01 2.368005e+02
3.524000e+02 1.042327e-01 2.385644e+02
3.528000e+02 9.706629e-02 2.402877e+02
3.532000e+02 1.061834e-01 2.384521e+02
3.536000e+02 1.041293e-01 2.390324e+02
3.540000e+02 1.016867e-01 2.396965e+02
3.544000e+02 9.905057e-02 2.404044e+02
3.548000e+02 9.581793e-02 2.412381e+02
3.552000e+02 9.289815e-02 2.420135e+02
3.556000e+02 9.094039e-02 2.425950e+02
3.560000e+02 8.816382e-02 2.433481e+02
3.564000e+02 8.514048e-02 2.441576e+02
3.568000e+02 8.249308e-02 2.448879e+02
3.572000e+02 7.938328e-02 2.457192e+02
3.576000e+02 6.994631e-02 2.479001e+02
3.580000e+02 7.276187e-02 2.474756e+02
3.584000e+02 6.960786e-02 2.483269e+02
3.588000e+02 5.836249e-02 2.508785e+02
3.592000e+02 6.369522e-02 2.499587e+02
3.596000e+02 5.805890e-02 2.513491e+02
3.600000e+02 5.816091e-02 2.515282e+02
3.604000e+02 5.528639e-02 2.523385e+02
3.608000e+02 5.220941e-02 2.531930e+02
3.612000e+02 4.907883e-02 2.540610e+02
3.616000e+02 4.540544e-02 2.550446e+02
3.620000e+02 4.284635e-02 2.557973e+02
3.624000e+02 3.980525e-02 2.566528e+02
3.628000e+02 3.674295e-02 2.575135e+02
3.632000e+02 3.362668e-02 2.583860e+02
3.636000e+02 3.035498e-02 2.592916e+02
3.640000e+02 2.766882e-02 2.600742e+02
3.644000e+02 2.099607e-02 2.616985e+02
3.648000e+02 2.208009e-02 2.616833e+02
3.652000e+02 1.964391e-02 2.624123e+02
3.656000e+02 1.712135e-02 2.631561e+02
3.660000e+02 1.466146e-02 2.638841e+02
3.664000e+02 1.225913e-02 2.645975e+02
3.668000e+02 8.848366e-03 2.655252e+02
3.672000e+02 7.710848e-03 2.659663e+02
3.676000e+02 5.392416e-03 2.666606e+02
3.680000e+02 2.888017e-03 2.673907e+02
3.684000e+02 4.755235e-04 2.680665e+02
3.688000e+02 1.111150e-03 2.680618e+02
3.692000e+02 1.709098e-03 2.680392e+02
3.696000e+02 1.597274e-03 2.681712e+02
3.700000e+02 1.249211e-03 2.683567e+02
3.704000e+02 8.866574e-04 2.685428e+02
3.708000e+02 5.796149e-04 2.687112e+02
3.712000e+02 3.540516e-04 2.688555e+02
3.716000e+02 2.033332e-04 2.689769e+02
3.720000e+02 1.058916e-04 2.690805e+02
3.724000e+02 4.973536e-05 2.691695e+02
3.728000e+02 2.065195e-05 2.692478e+02
3.732000e+02 7.388342e-06 2.693185e+02
3.736000e+02 2.203011e-06 2.693839e+02
3.740000e+02 5.231145e-07 2.694454e+02
3.744000e+02 9.327553e-08 2.695038e+02
3.748000e+02 1.152141e-08 2.695594e+02
3.752000e+02 7.583040e-10 2.696122e+02
3.756000e+02 3.742179e-11 2.696620e+02
3.760000e+02 6.859371e-13 2.697087e+02
3.764000e+02 4.163262e-15 2.697520e+02
3.768000e+02 5.389698e-18 2.697917e+02
3.772000e+02 8.400592e-22 2.698275e+02
3.776000e+02 6.022164e-27 2.698593e+02
3.780000e+02 5.237223e-34 2.698868e+02
3.784000e+02 8.175067e-44 2.699098e+02
3.788000e+02 2.222644e-57 2.699283e+02
3.792000e+02 1.319969e-75 2.699422e+02
3.796000e+02 9.301219e-98 2.699513e+02
3.800000e+02 2.594493e-117 2.699556e+02
3.804000e+02 1.752656e-115 2.699551e+02
3.808000e+02 1.915052e-94 2.699499e+02
3.812000e+02 1.283092e-72 2.699400e+02
3.816000e+02 3.304479e-55 2.699256e+02
3.820000e+02 2.162064e-42 2.699067e+02
3.824000e+02 3.677013e-33 2.698836e+02
3.828000e+02 1.709501e-26 2.698564e+02
3.832000e+02 1.301589e-21 2.698255e+02
3.836000e+02 5.642159e-18 2.697910e+02
3.840000e+02 3.241569e-15 2.697533e+02
3.844000e+02 4.372782e-13 2.697126e+02
3.848000e+02 2.047077e-11 2.696694e+02
3.852000e+02 4.371712e-10 2.696240e+02
3.856000e+02 5.185310e-09 2.695764e+02
3.860000e+02 3.984834e-08 2.695270e+02
3.864000e+02 2.185735e-07 2.694758e+02
3.868000e+02 9.045059e-07 2.694229e+02
3.872000e+02 2.889255e-06 2.693683e+02
3.876000e+02 8.209145e-06 2.693118e+02
3.880000e+02 1.939354e-05 2.692530e+02
3.884000e+02 4.004077e-05 2.691915e+02
3.888000e+02 7.362038e-05 2.691271e+02
3.892000e+02 1.219644e-04 2.690602e+02
3.896000e+02 1.836973e-04 2.689916e+02
3.900000e+02 2.561097e-04 2.689209e+02
3.904000e+02 3.471535e-04 2.688420e+02
3.908000e+02 5.017694e-04 2.687398e+02
3.912000e+02 7.662417e-04 2.686019e+02
3.916000e+02 1.134637e-03 2.684316e+02
3.920000e+02 1.593817e-03 2.682356e+02
3.924000e+02 2.114901e-03 2.680229e+02
3.928000e+02 2.678581e-03 2.677995e+02
3.932000e+02 3.430834e-03 2.675362e+02
3.936000e+02 4.180553e-03 2.672730e+02
3.940000e+02 4.975984e-03 2.670002e+02
3.944000e+02 5.815510e-03 2.667186e+02
3.948000e+02 6.685411e-03 2.664314e+02
3.952000e+02 7.575049e-03 2.661412e+02
3.956000e+02 8.528421e-03 2.658392e+02
3.960000e+02 9.469386e-03 2.655415e+02
3.964000e+02 1.029574e-02 2.652694e+02
3.968000e+02 1.132678e-02 2.649574e+02
3.972000e+02 1.230957e-02 2.646580e+02
3.976000e+02 1.331495e-02 2.643568e+02
3.980000e+02 1.426304e-02 2.640703e+02
3.984000e+02 1.518973e-02 2.637915e+02
3.988000e+02 1.608886e-02 2.635216e+02
3.992000e+02 1.693782e-02 2.632657e+02
3.996000e+02 1.775034e-02 2.630206e+02
4.000000e+02 1.782382e-02 2.629329e+02
+1.1 10 0
1.000000e+01 9.956729e-01 3.871365e+00
1.040000e+01 9.955219e-01 3.913492e+00
1.080000e+01 9.954003e-01 3.948418e+00
1.120000e+01 9.952630e-01 3.987136e+00
1.160000e+01 9.951250e-01 4.026720e+00
1.200000e+01 9.949621e-01 4.072774e+00
1.240000e+01 9.947890e-01 4.121688e+00
1.280000e+01 9.945996e-01 4.175202e+00
1.320000e+01 9.943861e-01 4.235489e+00
1.360000e+01 9.941463e-01 4.303225e+00
1.400000e+01 9.938796e-01 4.378750e+00
1.440000e+01 9.935770e-01 4.464418e+00
1.480000e+01 9.932075e-01 4.568031e+00
1.520000e+01 9.928338e-01 4.675092e+00
1.560000e+01 9.923746e-01 4.805478e+00
1.600000e+01 9.918310e-01 4.959615e+00
1.640000e+01 9.911956e-01 5.140287e+00
1.680000e+01 9.904331e-01 5.357192e+00
1.720000e+01 9.895035e-01 5.621602e+00
1.760000e+01 9.883530e-01 5.948890e+00
1.800000e+01 9.869042e-01 6.361096e+00
1.840000e+01 9.850430e-01 6.890605e+00
1.880000e+01 9.825989e-01 7.585774e+00
1.920000e+01 9.793126e-01 8.520051e+00
1.960000e+01 9.747830e-01 9.806672e+00
2.000000e+01 9.683849e-01 1.162157e+01
2.040000e+01 9.591628e-01 1.423238e+01
2.080000e+01 9.457320e-01 1.802351e+01
2.120000e+01 9.263797e-01 2.345329e+01
2.160000e+01 9.005489e-01 3.061533e+01
2.200000e+01 8.737480e-01 3.787500e+01
2.240000e+01 8.672267e-01 3.964954e+01
2.280000e+01 8.865836e-01 3.450930e+01
2.320000e+01 9.099611e-01 2.807808e+01
2.360000e+01 9.291886e-01 2.270375e+01
2.400000e+01 9.433011e-01 1.872780e+01
2.440000e+01 9.533695e-01 1.588062e+01
2.480000e+01 9.605082e-01 1.385529e+01
2.520000e+01 9.656429e-01 1.239517e+01
2.560000e+01 9.693509e-01 1.133685e+01
2.600000e+01 9.721902e-01 1.052976e+01
2.640000e+01 9.742710e-01 9.935203e+00
2.680000e+01 9.758487e-01 9.483204e+00
2.720000e+01 9.770833e-01 9.129061e+00
2.760000e+01 9.780476e-01 8.851641e+00
2.800000e+01 9.787871e-01 8.638007e+00
2.840000e+01 9.793435e-01 8.476414e+00
2.880000e+01 9.797290e-01 8.362213e+00
2.920000e+01 9.800227e-01 8.275571e+00
2.960000e+01 9.802092e-01 8.218956e+00
3.000000e+01 9.801126e-01 8.233344e+00
3.040000e+01 9.803006e-01 8.183314e+00
3.080000e+01 9.803081e-01 8.179352e+00
3.120000e+01 9.802291e-01 8.198165e+00
3.160000e+01 9.800939e-01 8.232404e+00
3.200000e+01 9.799122e-01 8.279566e+00
3.240000e+01 9.796904e-01 8.337956e+00
3.280000e+01 9.794287e-01 8.407432e+00
3.320000e+01 9.791313e-01 8.486812e+00
3.360000e+01 9.787979e-01 8.576129e+00
3.400000e+01 9.784310e-01 8.674713e+00
3.440000e+01 9.780302e-01 8.782583e+00
3.480000e+01 9.775949e-01 8.899852e+00
3.520000e+01 9.771269e-01 9.026057e+00
3.560000e+01 9.766205e-01 9.162524e+00
3.600000e+01 9.758103e-01 9.373722e+00
3.640000e+01 9.755131e-01 9.461472e+00
3.680000e+01 9.749125e-01 9.623932e+00
3.720000e+01 9.742648e-01 9.798707e+00
3.760000e+01 9.735458e-01 9.991470e+00
3.800000e+01 9.727922e-01 1.019382e+01
3.840000e+01 9.720851e-01 1.038699e+01
3.880000e+01 9.712750e-01 1.060569e+01
3.920000e+01 9.704032e-01 1.084053e+01
3.960000e+01 9.694879e-01 1.108724e+01
4.000000e+01 9.685181e-01 1.134862e+01
4.040000e+01 9.674809e-01 1.162778e+01
4.080000e+01 9.663757e-01 1.192502e+01
4.120000e+01 9.651999e-01 1.224110e+01
4.160000e+01 9.639438e-01 1.257851e+01
4.200000e+01 9.625993e-01 1.293935e+01
4.240000e+01 9.611550e-01 1.332652e+01
4.280000e+01 9.594227e-01 1.378564e+01
4.320000e+01 9.579398e-01 1.418762e+01
4.360000e+01 9.559337e-01 1.471785e+01
4.400000e+01 9.542444e-01 1.517695e+01
4.440000e+01 9.521869e-01 1.572805e+01
4.480000e+01 9.498799e-01 1.634313e+01
4.520000e+01 9.474828e-01 1.698539e+01
4.560000e+01 9.448115e-01 1.769906e+01
4.600000e+01 9.418800e-01 1.848172e+01
4.640000e+01 9.386577e-01 1.934172e+01
4.680000e+01 9.350961e-01 2.029201e+01
4.720000e+01 9.311428e-01 2.134667e+01
4.760000e+01 9.267268e-01 2.252472e+01
4.800000e+01 9.217606e-01 2.384967e+01
4.840000e+01 9.161285e-01 2.535274e+01
4.880000e+01 9.096782e-01 2.707503e+01
4.920000e+01 9.022068e-01 2.907117e+01
4.960000e+01 8.934342e-01 3.141565e+01
5.000000e+01 8.828342e-01 3.424234e+01
5.040000e+01 8.705548e-01 3.753307e+01
5.080000e+01 8.552711e-01 4.164022e+01
5.120000e+01 8.350065e-01 4.709207e+01
5.160000e+01 8.061419e-01 5.484195e+01
5.200000e+01 7.579327e-01 6.756731e+01
5.240000e+01 7.083239e-01 8.118919e+01
5.280000e+01 6.338807e-01 1.014604e+02
5.320000e+01 5.234907e-01 1.311949e+02
5.360000e+01 2.625510e-01 1.986216e+02
5.400000e+01 2.501106e-01 2.063406e+02
5.440000e+01 1.490958e-01 2.366544e+02
5.480000e+01 5.303348e-02 2.656306e+02
5.520000e+01 3.574609e-03 2.826138e+02
5.560000e+01 3.259819e-03 2.865363e+02
5.600000e+01 3.282188e-04 2.897507e+02
5.640000e+01 7.520414e-07 2.912952e+02
5.680000e+01 7.668596e-06 2.920649e+02
5.720000e+01 3.853197e-06 2.925921e+02
5.760000e+01 9.432507e-12 2.930422e+02
5.800000e+01 1.683597e-07 2.933612e+02
5.840000e+01 2.537758e-13 2.936744e+02
5.880000e+01 2.670784e-08 2.936670e+02
5.920000e+01 7.305598e-13 2.937547e+02
5.960000e+01 4.092983e-15 2.938350e+02
6.000000e+01 2.114006e-09 2.940145e+02
6.040000e+01 9.869632e-17 2.941909e+02
6.080000e+01 3.903874e-09 2.940846e+02
6.120000e+01 2.591262e-12 2.940327e+02
6.160000e+01 6.604924e-09 2.939694e+02
6.200000e+01 7.197458e-09 2.939294e+02
6.240000e+01 5.903162e-15 2.937976e+02
6.280000e+01 2.146052e-07 2.932465e+02
6.320000e+01 1.939919e-05 2.922096e+02
6.360000e+01 1.735634e-05 2.907260e+02
6.400000e+01 1.832670e-03 2.879996e+02
6.440000e+01 1.521916e-02 2.812532e+02
6.480000e+01 3.943738e-02 2.707172e+02
6.520000e+01 6.646150e-02 2.582074e+02
6.560000e+01 2.282571e-01 2.138643e+02
6.600000e+01 3.596431e-01 1.770478e+02
6.640000e+01 4.646471e-01 1.473422e+02
6.680000e+01 5.620945e-01 1.204802e+02
6.720000e+01 6.618808e-01 9.414354e+01
6.760000e+01 7.207775e-01 7.820171e+01
6.800000e+01 7.614844e-01 6.714893e+01
6.840000e+01 7.917634e-01 5.896204e+01
6.880000e+01 8.160384e-01 5.247270e+01
6.920000e+01 8.332949e-01 4.783924e+01
6.960000e+01 8.466735e-01 4.425870e+01
7.000000e+01 8.575662e-01 4.135353e+01
7.040000e+01 8.667205e-01 3.892027e+01
7.080000e+01 8.744434e-01 3.687154e+01
7.120000e+01 8.810838e-01 3.511378e+01
7.160000e+01 8.868441e-01 3.359201e+01
7.200000e+01 8.919205e-01 3.225375e+01
7.240000e+01 8.963728e-01 3.108177e+01
7.280000e+01 9.003312e-01 3.004205e+01
7.320000e+01 9.038511e-01 2.911921e+01
7.360000e+01 9.069840e-01 2.829925e+01
7.400000e+01 9.097818e-01 2.756834e+01
7.440000e+01 9.122954e-01 2.691332e+01
7.480000e+01 9.145232e-01 2.633346e+01
7.520000e+01 9.164612e-01 2.582801e+01
7.560000e+01 9.182831e-01 2.535726e+01
7.600000e+01 9.199227e-01 2.493522e+01
7.640000e+01 9.186706e-01 2.522643e+01
7.680000e+01 9.225916e-01 2.424971e+01
7.720000e+01 9.239104e-01 2.391989e+01
7.760000e+01 9.218911e-01 2.443054e+01
7.800000e+01 9.257724e-01 2.345786e+01
7.840000e+01 9.264604e-01 2.329363e+01
7.880000e+01 9.268946e-01 2.319705e+01
7.920000e+01 9.270789e-01 2.316896e+01
7.960000e+01 9.269610e-01 2.322239e+01
8.000000e+01 9.265235e-01 2.335730e+01
8.040000e+01 9.260635e-01 2.348838e+01
8.080000e+01 9.265402e-01 2.337431e+01
8.120000e+01 9.279981e-01 2.300365e+01
8.160000e+01 9.294129e-01 2.263446e+01
8.200000e+01 9.305508e-01 2.233575e+01
8.240000e+01 9.314243e-01 2.210818e+01
8.280000e+01 9.320883e-01 2.193791e+01
8.320000e+01 9.325895e-01 2.181238e+01
8.360000e+01 9.329832e-01 2.171680e+01
8.400000e+01 9.332838e-01 2.164684e+01
8.440000e+01 9.335110e-01 2.159711e+01
8.480000e+01 9.336737e-01 2.156502e+01
8.520000e+01 9.337804e-01 2.154833e+01
8.560000e+01 9.338370e-01 2.154556e+01
8.600000e+01 9.338374e-01 2.155820e+01
8.640000e+01 9.337754e-01 2.158806e+01
8.680000e+01 9.336375e-01 2.163879e+01
8.720000e+01 9.334201e-01 2.171153e+01
8.760000e+01 9.331286e-01 2.180336e+01
8.800000e+01 9.329132e-01 2.187298e+01
8.840000e+01 9.329624e-01 2.187224e+01
8.880000e+01 9.330562e-01 2.185760e+01
8.920000e+01 9.330816e-01 2.186080e+01
8.960000e+01 9.330331e-01 2.188428e+01
9.000000e+01 9.328920e-01 2.193270e+01
9.040000e+01 9.327659e-01 2.197792e+01
9.080000e+01 9.325442e-01 2.204822e+01
9.120000e+01 9.323735e-01 2.210666e+01
9.160000e+01 9.321441e-01 2.218027e+01
9.200000e+01 9.318846e-01 2.226179e+01
9.240000e+01 9.316027e-01 2.234927e+01
9.280000e+01 9.312970e-01 2.244300e+01
9.320000e+01 9.309398e-01 2.254939e+01
9.360000e+01 9.303634e-01 2.270682e+01
9.400000e+01 9.280653e-01 2.327668e+01
9.440000e+01 9.298058e-01 2.288799e+01
9.480000e+01 9.294859e-01 2.298990e+01
9.520000e+01 9.290575e-01 2.311813e+01
9.560000e+01 9.284608e-01 2.328683e+01
9.600000e+01 9.274910e-01 2.354220e+01
9.640000e+01 9.268419e-01 2.372119e+01
9.680000e+01 9.272273e-01 2.365719e+01
9.720000e+01 9.269487e-01 2.374624e+01
9.760000e+01 9.265689e-01 2.385992e+01
9.800000e+01 9.261109e-01 2.399355e+01
9.840000e+01 9.256773e-01 2.412250e+01
9.880000e+01 9.251749e-01 2.426875e+01
9.920000e+01 9.244428e-01 2.447074e+01
9.960000e+01 9.240572e-01 2.459058e+01
1.000000e+02 9.234114e-01 2.477271e+01
1.004000e+02 9.224966e-01 2.501610e+01
1.008000e+02 9.219632e-01 2.517438e+01
1.012000e+02 9.214205e-01 2.533396e+01
1.016000e+02 9.188585e-01 2.596237e+01
1.020000e+02 9.195182e-01 2.584260e+01
1.024000e+02 9.196631e-01 2.584682e+01
1.028000e+02 9.190774e-01 2.601999e+01
1.032000e+02 9.183235e-01 2.623309e+01
1.036000e+02 9.173366e-01 2.650109e+01
1.040000e+02 9.161302e-01 2.682096e+01
1.044000e+02 9.159642e-01 2.690036e+01
1.048000e+02 9.151665e-01 2.712790e+01
1.052000e+02 9.142413e-01 2.738675e+01
1.056000e+02 9.133130e-01 2.764710e+01
1.060000e+02 9.122984e-01 2.792952e+01
1.064000e+02 9.112238e-01 2.822763e+01
1.068000e+02 9.100808e-01 2.854366e+01
1.072000e+02 9.088544e-01 2.888151e+01
1.076000e+02 9.075540e-01 2.923878e+01
1.080000e+02 9.061153e-01 2.963159e+01
1.084000e+02 9.046227e-01 3.003962e+01
1.088000e+02 9.029500e-01 3.049361e+01
1.092000e+02 9.010307e-01 3.100872e+01
1.096000e+02 8.964944e-01 3.215279e+01
1.100000e+02 8.968337e-01 3.213883e+01
1.104000e+02 8.941134e-01 3.285723e+01
1.108000e+02 8.792506e-01 3.648605e+01
1.112000e+02 8.882197e-01 3.442811e+01
1.116000e+02 8.853459e-01 3.521644e+01
1.120000e+02 8.814987e-01 3.624427e+01
1.124000e+02 8.769287e-01 3.745850e+01
1.128000e+02 8.713581e-01 3.893029e+01
1.132000e+02 8.650798e-01 4.059385e+01
1.136000e+02 8.572917e-01 4.264897e+01
1.140000e+02 8.476309e-01 4.519260e+01
1.144000e+02 8.357375e-01 4.832201e+01
1.148000e+02 8.202495e-01 5.238415e+01
1.152000e+02 8.004970e-01 5.757450e+01
1.156000e+02 7.742949e-01 6.446428e+01
1.160000e+02 7.380480e-01 7.398872e+01
1.164000e+02 6.867571e-01 8.747975e+01
1.168000e+02 6.121252e-01 1.071576e+02
1.172000e+02 5.015925e-01 1.364452e+02
1.176000e+02 3.417743e-01 1.792484e+02
1.180000e+02 1.450301e-01 2.334188e+02
1.184000e+02 1.309241e-02 2.735788e+02
1.188000e+02 7.719674e-06 2.802688e+02
1.192000e+02 3.242218e-02 2.668882e+02
1.196000e+02 1.960500e-01 2.191749e+02
1.200000e+02 3.885131e-01 1.668115e+02
1.204000e+02 5.333973e-01 1.282202e+02
1.208000e+02 6.313379e-01 1.023552e+02
1.212000e+02 6.977965e-01 8.488323e+01
1.216000e+02 7.437616e-01 7.282398e+01
1.220000e+02 7.762365e-01 6.431636e+01
1.224000e+02 7.996580e-01 5.818927e+01
1.228000e+02 8.168782e-01 5.369064e+01
1.232000e+02 8.293393e-01 5.042918e+01
1.236000e+02 8.391934e-01 4.786100e+01
1.240000e+02 8.399884e-01 4.747749e+01
1.244000e+02 8.522857e-01 4.445035e+01
1.248000e+02 8.578237e-01 4.304659e+01
1.252000e+02 8.599710e-01 4.245175e+01
1.256000e+02 8.623225e-01 4.183825e+01
1.260000e+02 8.673187e-01 4.062673e+01
1.264000e+02 8.693912e-01 4.011216e+01
1.268000e+02 8.715448e-01 3.958079e+01
1.272000e+02 8.729163e-01 3.924487e+01
1.276000e+02 8.739482e-01 3.899576e+01
1.280000e+02 8.744169e-01 3.888410e+01
1.284000e+02 8.743668e-01 3.890044e+01
1.288000e+02 8.759085e-01 3.854877e+01
1.292000e+02 8.763154e-01 3.846695e+01
1.296000e+02 8.765423e-01 3.843054e+01
1.300000e+02 8.766593e-01 3.842280e+01
1.304000e+02 8.766716e-01 3.844223e+01
1.308000e+02 8.765226e-01 3.850176e+01
1.312000e+02 8.764295e-01 3.855061e+01
1.316000e+02 8.762548e-01 3.862063e+01
1.320000e+02 8.759700e-01 3.871825e+01
1.324000e+02 8.747297e-01 3.905065e+01
1.328000e+02 8.752842e-01 3.894560e+01
1.332000e+02 8.748593e-01 3.908110e+01
1.336000e+02 8.744079e-01 3.922458e+01
1.340000e+02 8.737840e-01 3.941191e+01
1.344000e+02 8.733045e-01 3.956384e+01
1.348000e+02 8.727135e-01 3.974444e+01
1.352000e+02 8.721018e-01 3.993033e+01
1.356000e+02 8.714386e-01 4.012990e+01
1.360000e+02 8.706801e-01 4.035466e+01
1.364000e+02 8.696733e-01 4.064198e+01
1.368000e+02 8.668301e-01 4.136655e+01
1.372000e+02 8.677053e-01 4.122072e+01
1.376000e+02 8.665798e-01 4.155524e+01
1.380000e+02 8.651393e-01 4.196732e+01
1.384000e+02 8.637468e-01 4.236002e+01
1.388000e+02 8.630165e-01 4.257757e+01
1.392000e+02 8.629657e-01 4.261578e+01
1.396000e+02 8.627507e-01 4.269105e+01
1.400000e+02 8.621138e-01 4.287342e+01
1.404000e+02 8.617531e-01 4.299347e+01
1.408000e+02 8.606636e-01 4.329667e+01
1.412000e+02 8.598968e-01 4.352918e+01
1.416000e+02 8.583998e-01 4.394063e+01
1.420000e+02 8.534255e-01 4.516339e+01
1.424000e+02 8.531217e-01 4.532396e+01
1.428000e+02 8.535086e-01 4.534646e+01
1.432000e+02 8.514528e-01 4.593850e+01
1.436000e+02 8.492975e-01 4.653457e+01
1.440000e+02 8.486826e-01 4.672503e+01
1.444000e+02 8.490853e-01 4.663693e+01
1.448000e+02 8.469278e-01 4.713838e+01
1.452000e+02 8.490526e-01 4.665406e+01
1.456000e+02 8.493456e-01 4.661371e+01
1.460000e+02 8.488814e-01 4.675848e+01
1.464000e+02 8.482277e-01 4.695497e+01
1.468000e+02 8.474136e-01 4.719463e+01
1.472000e+02 8.464945e-01 4.746326e+01
1.476000e+02 8.454767e-01 4.775859e+01
1.480000e+02 8.443761e-01 4.807598e+01
1.484000e+02 8.430390e-01 4.845053e+01
1.488000e+02 8.387974e-01 4.951586e+01
1.492000e+02 8.406981e-01 4.913367e+01
1.496000e+02 8.394546e-01 4.949784e+01
1.500000e+02 8.379287e-01 4.993162e+01
1.504000e+02 8.361247e-01 5.043247e+01
1.508000e+02 8.336710e-01 5.108700e+01
1.512000e+02 8.329722e-01 5.134518e+01
1.516000e+02 8.316554e-01 5.173569e+01
1.520000e+02 8.305636e-01 5.206024e+01
1.524000e+02 8.296734e-01 5.232803e+01
1.528000e+02 8.285648e-01 5.265147e+01
1.532000e+02 8.272580e-01 5.302712e+01
1.536000e+02 8.255303e-01 5.350517e+01
1.540000e+02 8.188369e-01 5.516670e+01
1.544000e+02 8.226501e-01 5.434224e+01
1.548000e+02 8.213323e-01 5.473891e+01
1.552000e+02 8.197313e-01 5.520352e+01
1.556000e+02 8.180236e-01 5.569576e+01
1.560000e+02 8.160369e-01 5.625600e+01
1.564000e+02 8.143789e-01 5.674245e+01
1.568000e+02 8.125429e-01 5.727360e+01
1.572000e+02 8.105807e-01 5.783732e+01
1.576000e+02 8.085861e-01 5.841185e+01
1.580000e+02 8.064984e-01 5.901169e+01
1.584000e+02 8.043117e-01 5.963837e+01
1.588000e+02 8.020783e-01 6.028004e+01
1.592000e+02 7.997359e-01 6.095158e+01
1.596000e+02 7.973075e-01 6.164799e+01
1.600000e+02 7.947868e-01 6.237084e+01
1.604000e+02 7.921767e-01 6.311856e+01
1.608000e+02 7.895352e-01 6.387633e+01
1.612000e+02 7.867633e-01 6.466987e+01
1.616000e+02 7.838797e-01 6.549587e+01
1.620000e+02 7.808505e-01 6.636269e+01
1.624000e+02 7.776791e-01 6.726975e+01
1.628000e+02 7.743573e-01 6.821932e+01
1.632000e+02 7.708224e-01 6.922674e+01
1.636000e+02 7.671996e-01 7.026268e+01
1.640000e+02 7.633113e-01 7.136979e+01
1.644000e+02 7.590857e-01 7.256409e+01
1.648000e+02 7.527619e-01 7.425586e+01
1.652000e+02 7.491709e-01 7.532304e+01
1.656000e+02 7.416153e-01 7.731799e+01
1.660000e+02 7.377058e-01 7.849050e+01
1.664000e+02 7.353822e-01 7.931854e+01
1.668000e+02 7.302569e-01 8.080398e+01
1.672000e+02 7.244542e-01 8.246253e+01
1.676000e+02 7.157991e-01 8.482110e+01
1.680000e+02 7.117591e-01 8.609274e+01
1.684000e+02 7.047958e-01 8.808497e+01
1.688000e+02 6.972376e-01 9.024050e+01
1.692000e+02 6.892324e-01 9.252664e+01
1.696000e+02 6.807052e-01 9.496194e+01
1.700000e+02 6.714934e-01 9.758903e+01
1.704000e+02 6.617208e-01 1.003817e+02
1.708000e+02 6.511217e-01 1.034079e+02
1.712000e+02 6.396156e-01 1.066895e+02
1.716000e+02 6.272703e-01 1.102155e+02
1.720000e+02 6.139780e-01 1.140159e+02
1.724000e+02 5.995135e-01 1.181491e+02
1.728000e+02 5.837996e-01 1.226396e+02
1.732000e+02 5.666756e-01 1.275316e+02
1.736000e+02 5.478571e-01 1.329004e+02
1.740000e+02 5.280768e-01 1.385846e+02
1.744000e+02 5.061305e-01 1.448734e+02
1.748000e+02 4.821306e-01 1.517508e+02
1.752000e+02 4.528405e-01 1.600109e+02
1.756000e+02 4.270291e-01 1.675317e+02
1.760000e+02 3.968486e-01 1.762453e+02
1.764000e+02 3.643609e-01 1.856549e+02
1.768000e+02 3.292603e-01 1.958257e+02
1.772000e+02 2.916725e-01 2.067386e+02
1.776000e+02 2.520751e-01 2.182753e+02
1.780000e+02 2.110911e-01 2.302724e+02
1.784000e+02 1.696800e-01 2.424699e+02
1.788000e+02 1.292317e-01 2.544845e+02
1.792000e+02 9.155793e-02 2.658062e+02
1.796000e+02 5.876244e-02 2.758301e+02
1.800000e+02 3.281119e-02 2.839688e+02
1.804000e+02 1.513819e-02 2.897678e+02
1.808000e+02 5.268386e-03 2.932836e+02
1.812000e+02 1.220393e-03 2.950135e+02
1.816000e+02 1.570152e-04 2.957374e+02
1.820000e+02 8.944317e-06 2.960666e+02
1.824000e+02 1.895120e-07 2.962595e+02
1.828000e+02 1.914544e-09 2.963750e+02
1.832000e+02 5.373012e-11 2.964222e+02
1.836000e+02 2.619640e-10 2.964031e+02
1.840000e+02 2.398583e-08 2.963182e+02
1.844000e+02 1.571527e-06 2.961654e+02
1.848000e+02 4.204918e-05 2.959232e+02
1.852000e+02 4.449520e-04 2.954733e+02
1.856000e+02 2.388810e-03 2.944513e+02
1.860000e+02 8.033805e-03 2.922455e+02
1.864000e+02 1.951199e-02 2.882929e+02
1.868000e+02 3.784480e-02 2.823667e+02
1.872000e+02 6.262585e-02 2.746368e+02
1.876000e+02 9.258850e-02 2.655018e+02
1.880000e+02 1.259585e-01 2.554788e+02
1.884000e+02 1.611354e-01 2.450263e+02
1.888000e+02 1.967378e-01 2.345296e+02
1.892000e+02 2.317773e-01 2.242613e+02
1.896000e+02 2.655468e-01 2.144115e+02
1.900000e+02 2.976046e-01 2.050959e+02
1.904000e+02 3.276890e-01 1.963794e+02
1.908000e+02 3.557273e-01 1.882775e+02
1.912000e+02 3.816798e-01 1.807942e+02
1.916000e+02 4.055608e-01 1.739195e+02
1.920000e+02 4.274387e-01 1.676303e+02
1.924000e+02 4.473708e-01 1.619063e+02
1.928000e+02 4.653903e-01 1.567325e+02
1.932000e+02 4.809440e-01 1.522270e+02
1.936000e+02 4.960410e-01 1.479108e+02
1.940000e+02 5.100900e-01 1.438907e+02
1.944000e+02 5.239551e-01 1.399451e+02
1.948000e+02 5.368731e-01 1.362568e+02
1.952000e+02 5.465799e-01 1.333572e+02
1.956000e+02 5.545937e-01 1.309126e+02
1.960000e+02 5.694732e-01 1.269474e+02
1.964000e+02 5.792794e-01 1.241982e+02
1.968000e+02 5.877766e-01 1.217919e+02
1.972000e+02 5.954091e-01 1.196250e+02
1.976000e+02 6.022713e-01 1.176724e+02
1.980000e+02 6.085277e-01 1.158946e+02
1.984000e+02 6.143846e-01 1.142355e+02
1.988000e+02 6.195210e-01 1.127749e+02
1.992000e+02 6.233650e-01 1.116467e+02
1.996000e+02 6.279499e-01 1.103665e+02
2.000000e+02 6.316256e-01 1.093324e+02
2.004000e+02 6.342699e-01 1.085683e+02
2.008000e+02 6.355196e-01 1.081549e+02
2.012000e+02 6.370911e-01 1.077191e+02
2.016000e+02 6.382349e-01 1.074400e+02
2.020000e+02 6.373990e-01 1.076800e+02
2.024000e+02 6.345275e-01 1.084643e+02
2.028000e+02 6.298306e-01 1.097137e+02
2.032000e+02 6.252857e-01 1.108535e+02
2.036000e+02 6.276608e-01 1.101824e+02
2.040000e+02 6.368367e-01 1.077391e+02
2.044000e+02 6.459958e-01 1.052342e+02
2.048000e+02 6.534038e-01 1.031772e+02
2.052000e+02 6.589241e-01 1.016266e+02
2.056000e+02 6.633586e-01 1.003840e+02
2.060000e+02 6.659802e-01 9.960943e+01
2.064000e+02 6.690915e-01 9.876011e+01
2.068000e+02 6.713645e-01 9.813269e+01
2.072000e+02 6.730354e-01 9.766012e+01
2.076000e+02 6.746233e-01 9.721172e+01
2.080000e+02 6.760603e-01 9.680151e+01
2.084000e+02 6.757341e-01 9.680427e+01
2.088000e+02 6.750091e-01 9.691736e+01
2.092000e+02 6.793983e-01 9.586507e+01
2.096000e+02 6.803863e-01 9.560188e+01
2.100000e+02 6.811380e-01 9.539847e+01
2.104000e+02 6.794963e-01 9.576513e+01
2.108000e+02 6.661424e-01 9.906267e+01
2.112000e+02 6.832817e-01 9.480183e+01
2.116000e+02 6.841904e-01 9.456646e+01
2.120000e+02 6.847384e-01 9.442034e+01
2.124000e+02 6.851394e-01 9.431349e+01
2.128000e+02 6.854006e-01 9.424348e+01
2.132000e+02 6.856575e-01 9.417768e+01
2.136000e+02 6.857985e-01 9.414204e+01
2.140000e+02 6.858417e-01 9.413181e+01
2.144000e+02 6.856365e-01 9.418060e+01
2.148000e+02 6.827579e-01 9.484469e+01
2.152000e+02 6.843434e-01 9.448688e+01
2.156000e+02 6.856617e-01 9.419665e+01
2.160000e+02 6.855443e-01 9.423901e+01
2.164000e+02 6.856680e-01 9.422096e+01
2.168000e+02 6.855422e-01 9.426510e+01
2.172000e+02 6.853462e-01 9.432746e+01
2.176000e+02 6.850769e-01 9.440863e+01
2.180000e+02 6.847264e-01 9.451045e+01
2.184000e+02 6.844922e-01 9.458696e+01
2.188000e+02 6.841724e-01 9.468532e+01
2.192000e+02 6.837451e-01 9.481045e+01
2.196000e+02 6.833649e-01 9.492642e+01
2.200000e+02 6.828337e-01 9.508009e+01
2.204000e+02 6.823893e-01 9.521517e+01
2.208000e+02 6.818018e-01 9.538637e+01
2.212000e+02 6.812074e-01 9.556204e+01
2.216000e+02 6.805217e-01 9.576274e+01
2.220000e+02 6.797385e-01 9.599062e+01
2.224000e+02 6.787955e-01 9.626169e+01
2.228000e+02 6.777580e-01 9.656220e+01
2.232000e+02 6.763959e-01 9.694972e+01
2.236000e+02 6.748313e-01 9.739845e+01
2.240000e+02 6.727060e-01 9.799990e+01
2.244000e+02 6.699109e-01 9.878715e+01
2.248000e+02 6.658051e-01 9.991801e+01
2.252000e+02 6.610002e-01 1.012410e+02
2.256000e+02 6.550749e-01 1.028027e+02
2.260000e+02 6.458827e-01 1.050061e+02
2.264000e+02 6.551702e-01 1.027896e+02
2.268000e+02 6.602882e-01 1.014787e+02
2.272000e+02 6.637226e-01 1.005631e+02
2.276000e+02 6.658549e-01 9.998625e+01
2.280000e+02 6.670753e-01 9.965564e+01
2.284000e+02 6.676930e-01 9.949074e+01
2.288000e+02 6.678705e-01 9.944636e+01
2.292000e+02 6.676190e-01 9.951402e+01
2.296000e+02 6.612938e-01 1.010415e+02
2.300000e+02 6.667551e-01 9.976175e+01
2.304000e+02 6.659361e-01 9.998268e+01
2.308000e+02 6.646310e-01 1.003203e+02
2.312000e+02 6.488938e-01 1.040124e+02
2.316000e+02 6.619248e-01 1.010365e+02
2.320000e+02 6.623826e-01 1.010036e+02
2.324000e+02 6.616010e-01 1.012471e+02
2.328000e+02 6.602156e-01 1.016283e+02
2.332000e+02 6.581923e-01 1.021553e+02
2.336000e+02 6.532235e-01 1.033636e+02
2.340000e+02 6.397604e-01 1.064365e+02
2.344000e+02 6.533603e-01 1.034086e+02
2.348000e+02 6.557303e-01 1.028712e+02
2.352000e+02 6.551411e-01 1.030269e+02
2.356000e+02 6.403017e-01 1.064790e+02
2.360000e+02 6.514692e-01 1.039471e+02
2.364000e+02 6.534536e-01 1.035514e+02
2.368000e+02 6.508347e-01 1.042024e+02
2.372000e+02 6.184805e-01 1.118327e+02
2.376000e+02 6.498848e-01 1.045517e+02
2.380000e+02 6.499296e-01 1.046149e+02
2.384000e+02 6.461583e-01 1.055764e+02
2.388000e+02 6.439142e-01 1.061545e+02
2.392000e+02 6.295441e-01 1.095735e+02
2.396000e+02 6.401274e-01 1.072695e+02
2.400000e+02 6.385978e-01 1.077523e+02
2.404000e+02 6.363717e-01 1.084413e+02
2.408000e+02 6.329037e-01 1.094425e+02
2.412000e+02 6.258733e-01 1.113085e+02
2.416000e+02 6.240252e-01 1.118355e+02
2.420000e+02 6.223480e-01 1.122296e+02
2.424000e+02 6.072162e-01 1.156542e+02
2.428000e+02 6.292778e-01 1.104348e+02
2.432000e+02 6.287929e-01 1.104555e+02
2.436000e+02 6.247687e-01 1.113338e+02
2.440000e+02 6.323958e-01 1.095763e+02
2.444000e+02 6.337522e-01 1.092773e+02
2.448000e+02 6.346853e-01 1.090810e+02
2.452000e+02 6.344731e-01 1.091599e+02
2.456000e+02 6.339396e-01 1.093204e+02
2.460000e+02 6.332572e-01 1.095203e+02
2.464000e+02 6.322498e-01 1.097997e+02
2.468000e+02 6.314586e-01 1.100319e+02
2.472000e+02 6.302478e-01 1.103631e+02
2.476000e+02 6.272347e-01 1.111063e+02
2.480000e+02 6.208458e-01 1.126173e+02
2.484000e+02 6.220282e-01 1.124067e+02
2.488000e+02 6.254289e-01 1.116977e+02
2.492000e+02 6.241105e-01 1.120611e+02
2.496000e+02 6.169664e-01 1.137493e+02
2.500000e+02 5.798598e-01 1.225580e+02
2.504000e+02 6.192697e-01 1.133743e+02
2.508000e+02 6.189329e-01 1.135309e+02
2.512000e+02 6.130950e-01 1.149654e+02
2.516000e+02 6.169777e-01 1.141293e+02
2.520000e+02 6.166465e-01 1.142858e+02
2.524000e+02 6.155313e-01 1.146277e+02
2.528000e+02 6.136176e-01 1.151697e+02
2.532000e+02 6.119535e-01 1.156707e+02
2.536000e+02 6.093326e-01 1.164173e+02
2.540000e+02 6.061159e-01 1.173260e+02
2.544000e+02 6.019520e-01 1.184803e+02
2.548000e+02 5.977144e-01 1.196375e+02
2.552000e+02 5.961235e-01 1.200813e+02
2.556000e+02 5.982421e-01 1.195505e+02
2.560000e+02 6.004436e-01 1.189650e+02
2.564000e+02 6.017431e-01 1.186142e+02
2.568000e+02 6.021414e-01 1.185078e+02
2.572000e+02 6.019730e-01 1.185633e+02
2.576000e+02 6.010647e-01 1.188135e+02
2.580000e+02 5.991261e-01 1.193099e+02
2.584000e+02 5.963787e-01 1.199791e+02
2.588000e+02 5.830998e-01 1.230919e+02
2.592000e+02 5.974034e-01 1.198239e+02
2.596000e+02 5.975160e-01 1.198493e+02
2.600000e+02 5.967858e-01 1.200728e+02
2.604000e+02 5.959605e-01 1.203196e+02
2.608000e+02 5.943682e-01 1.207581e+02
2.612000e+02 5.938570e-01 1.209292e+02
2.616000e+02 5.926489e-01 1.212764e+02
2.620000e+02 5.912771e-01 1.216653e+02
2.624000e+02 5.895909e-01 1.221306e+02
2.628000e+02 5.819763e-01 1.239843e+02
2.632000e+02 5.838994e-01 1.236320e+02
2.636000e+02 5.689543e-01 1.271533e+02
2.640000e+02 5.797106e-01 1.247749e+02
2.644000e+02 5.801325e-01 1.248103e+02
2.648000e+02 5.761563e-01 1.258723e+02
2.652000e+02 5.740034e-01 1.265414e+02
2.656000e+02 5.703578e-01 1.275683e+02
2.660000e+02 5.665263e-01 1.285987e+02
2.664000e+02 5.656277e-01 1.288639e+02
2.668000e+02 5.667018e-01 1.285875e+02
2.672000e+02 5.538215e-01 1.315321e+02
2.676000e+02 5.687236e-01 1.280332e+02
2.680000e+02 5.705183e-01 1.276180e+02
2.684000e+02 5.706785e-01 1.275951e+02
2.688000e+02 5.703151e-01 1.277080e+02
2.692000e+02 5.698512e-01 1.278553e+02
2.696000e+02 5.690845e-01 1.280806e+02
2.700000e+02 5.681736e-01 1.283453e+02
2.704000e+02 5.671289e-01 1.286458e+02
2.708000e+02 5.659460e-01 1.289822e+02
2.712000e+02 5.646215e-01 1.293552e+02
2.716000e+02 5.635189e-01 1.296814e+02
2.720000e+02 5.618524e-01 1.301437e+02
2.724000e+02 5.601509e-01 1.306165e+02
2.728000e+02 5.559426e-01 1.316553e+02
2.732000e+02 5.508935e-01 1.328789e+02
2.736000e+02 5.562002e-01 1.317285e+02
2.740000e+02 5.552185e-01 1.320140e+02
2.744000e+02 5.460155e-01 1.342069e+02
2.748000e+02 5.524318e-01 1.327871e+02
2.752000e+02 5.518853e-01 1.329933e+02
2.756000e+02 5.504058e-01 1.334114e+02
2.760000e+02 5.478822e-01 1.340643e+02
2.764000e+02 5.438107e-01 1.350573e+02
2.768000e+02 5.434835e-01 1.352233e+02
2.772000e+02 5.448847e-01 1.349720e+02
2.776000e+02 5.446728e-01 1.350924e+02
2.780000e+02 5.436540e-01 1.353984e+02
2.784000e+02 5.423349e-01 1.357758e+02
2.788000e+02 5.411548e-01 1.361217e+02
2.792000e+02 5.392293e-01 1.366392e+02
2.796000e+02 5.360710e-01 1.374430e+02
2.800000e+02 5.361229e-01 1.375125e+02
2.804000e+02 5.358608e-01 1.376532e+02
2.808000e+02 5.344474e-01 1.380601e+02
2.812000e+02 5.329384e-01 1.384919e+02
2.816000e+02 5.314282e-01 1.389248e+02
2.820000e+02 5.297988e-01 1.393904e+02
2.824000e+02 5.282077e-01 1.398486e+02
2.828000e+02 5.204761e-01 1.417570e+02
2.832000e+02 5.245917e-01 1.408735e+02
2.836000e+02 5.235021e-01 1.412040e+02
2.840000e+02 5.224141e-01 1.415218e+02
2.844000e+02 5.209332e-01 1.419359e+02
2.848000e+02 5.197972e-01 1.422657e+02
2.852000e+02 5.181357e-01 1.427256e+02
2.856000e+02 5.154881e-01 1.434109e+02
2.860000e+02 4.988377e-01 1.473034e+02
2.864000e+02 5.051237e-01 1.459397e+02
2.868000e+02 5.116180e-01 1.445482e+02
2.872000e+02 5.109948e-01 1.447804e+02
2.876000e+02 5.096859e-01 1.451684e+02
2.880000e+02 5.080625e-01 1.456289e+02
2.884000e+02 5.058185e-01 1.462299e+02
2.888000e+02 4.968092e-01 1.483699e+02
2.892000e+02 4.991261e-01 1.479335e+02
2.896000e+02 5.014198e-01 1.475148e+02
2.900000e+02 5.002419e-01 1.478816e+02
2.904000e+02 4.988802e-01 1.482879e+02
2.908000e+02 4.969198e-01 1.488325e+02
2.912000e+02 4.953387e-01 1.492919e+02
2.916000e+02 4.937940e-01 1.497449e+02
2.920000e+02 4.922267e-01 1.502031e+02
2.924000e+02 4.903106e-01 1.507428e+02
2.928000e+02 4.876502e-01 1.514519e+02
2.932000e+02 4.636379e-01 1.572165e+02
2.936000e+02 4.805800e-01 1.532985e+02
2.940000e+02 4.830670e-01 1.528183e+02
2.944000e+02 4.816058e-01 1.532560e+02
2.948000e+02 4.798937e-01 1.537529e+02
2.952000e+02 4.780708e-01 1.542778e+02
2.956000e+02 4.761911e-01 1.548181e+02
2.960000e+02 4.742127e-01 1.553838e+02
2.964000e+02 4.720833e-01 1.559891e+02
2.968000e+02 4.700514e-01 1.565715e+02
2.972000e+02 4.666901e-01 1.574740e+02
2.976000e+02 4.652880e-01 1.579135e+02
2.980000e+02 4.619860e-01 1.588038e+02
2.984000e+02 4.544653e-01 1.606264e+02
2.988000e+02 4.564340e-01 1.603290e+02
2.992000e+02 4.563112e-01 1.604671e+02
2.996000e+02 4.543873e-01 1.610273e+02
3.000000e+02 4.523292e-01 1.616263e+02
3.004000e+02 4.492206e-01 1.624724e+02
3.008000e+02 4.441544e-01 1.637753e+02
3.012000e+02 4.417524e-01 1.644588e+02
3.016000e+02 4.332474e-01 1.665255e+02
3.020000e+02 4.315013e-01 1.670822e+02
3.024000e+02 4.361063e-01 1.661920e+02
3.028000e+02 4.335000e-01 1.669367e+02
3.032000e+02 4.077900e-01 1.731215e+02
3.036000e+02 4.285382e-01 1.684033e+02
3.040000e+02 4.264449e-01 1.690629e+02
3.044000e+02 4.231179e-01 1.700141e+02
3.048000e+02 4.193086e-01 1.710773e+02
3.052000e+02 4.166356e-01 1.718743e+02
3.056000e+02 4.141335e-01 1.726194e+02
3.060000e+02 4.112350e-01 1.734593e+02
3.064000e+02 4.080428e-01 1.743795e+02
3.068000e+02 4.045696e-01 1.753779e+02
3.072000e+02 4.008494e-01 1.764465e+02
3.076000e+02 3.968507e-01 1.775928e+02
3.080000e+02 3.926250e-01 1.788064e+02
3.084000e+02 3.880058e-01 1.801278e+02
3.088000e+02 3.830329e-01 1.815515e+02
3.092000e+02 3.776332e-01 1.830983e+02
3.096000e+02 3.715381e-01 1.848326e+02
3.100000e+02 3.618755e-01 1.874157e+02
3.104000e+02 3.581646e-01 1.886140e+02
3.108000e+02 3.530918e-01 1.900987e+02
3.112000e+02 3.484952e-01 1.914517e+02
3.116000e+02 3.432549e-01 1.929739e+02
3.120000e+02 3.370790e-01 1.947579e+02
3.124000e+02 3.297543e-01 1.968634e+02
3.128000e+02 3.212548e-01 1.992989e+02
3.132000e+02 3.116617e-01 2.020360e+02
3.136000e+02 3.015714e-01 2.048934e+02
3.140000e+02 2.934045e-01 2.072599e+02
3.144000e+02 2.865331e-01 2.092937e+02
3.148000e+02 2.784093e-01 2.116570e+02
3.152000e+02 2.686771e-01 2.144650e+02
3.156000e+02 2.565147e-01 2.179101e+02
3.160000e+02 2.404632e-01 2.223309e+02
3.164000e+02 2.227285e-01 2.272469e+02
3.168000e+02 2.158118e-01 2.297383e+02
3.172000e+02 1.969045e-01 2.351141e+02
3.176000e+02 1.844971e-01 2.389487e+02
3.180000e+02 1.667780e-01 2.441563e+02
3.184000e+02 1.472697e-01 2.498987e+02
3.188000e+02 1.260561e-01 2.561686e+02
3.192000e+02 1.033038e-01 2.629315e+02
3.196000e+02 7.942130e-02 2.700820e+02
3.200000e+02 4.664786e-02 2.794862e+02
3.204000e+02 3.497497e-02 2.836642e+02
3.208000e+02 2.040383e-02 2.882413e+02
3.212000e+02 1.334089e-02 2.905514e+02
3.216000e+02 9.732776e-03 2.918479e+02
3.220000e+02 5.760802e-03 2.932832e+02
3.224000e+02 2.480367e-03 2.945701e+02
3.228000e+02 7.042887e-04 2.954242e+02
3.232000e+02 1.117245e-04 2.958927e+02
3.236000e+02 7.626559e-06 2.961595e+02
3.240000e+02 1.631657e-07 2.963415e+02
3.244000e+02 9.213224e-10 2.964687e+02
3.248000e+02 2.980614e-12 2.965423e+02
3.252000e+02 2.388307e-13 2.965604e+02
3.256000e+02 1.743909e-11 2.965224e+02
3.260000e+02 5.657260e-09 2.964300e+02
3.264000e+02 6.476006e-07 2.962851e+02
3.268000e+02 1.933219e-05 2.960811e+02
3.272000e+02 2.217644e-04 2.957610e+02
3.276000e+02 1.200104e-03 2.951457e+02
3.280000e+02 3.974608e-03 2.939504e+02
3.284000e+02 9.542419e-03 2.919202e+02
3.288000e+02 1.825109e-02 2.889886e+02
3.292000e+02 2.984475e-02 2.852575e+02
3.296000e+02 4.364090e-02 2.809389e+02
3.300000e+02 5.884666e-02 2.762674e+02
3.304000e+02 7.467998e-02 2.714651e+02
3.308000e+02 9.052278e-02 2.667046e+02
3.312000e+02 1.059159e-01 2.621112e+02
3.316000e+02 1.205240e-01 2.577733e+02
3.320000e+02 1.340810e-01 2.537572e+02
3.324000e+02 1.458941e-01 2.502196e+02
3.328000e+02 1.508508e-01 2.483414e+02
3.332000e+02 1.681304e-01 2.437148e+02
3.336000e+02 1.781149e-01 2.408404e+02
3.340000e+02 1.863863e-01 2.384326e+02
3.344000e+02 1.934048e-01 2.363869e+02
3.348000e+02 1.990563e-01 2.347246e+02
3.352000e+02 2.019805e-01 2.337376e+02
3.356000e+02 2.086778e-01 2.318922e+02
3.360000e+02 2.144044e-01 2.302672e+02
3.364000e+02 2.198522e-01 2.287061e+02
3.368000e+02 2.249820e-01 2.272303e+02
3.372000e+02 2.294886e-01 2.259278e+02
3.376000e+02 2.332173e-01 2.248442e+02
3.380000e+02 2.365626e-01 2.238854e+02
3.384000e+02 2.391684e-01 2.231311e+02
3.388000e+02 2.412032e-01 2.225370e+02
3.392000e+02 2.430756e-01 2.220044e+02
3.396000e+02 2.444568e-01 2.216061e+02
3.400000e+02 2.455140e-01 2.213015e+02
3.404000e+02 2.462834e-01 2.210803e+02
3.408000e+02 2.467726e-01 2.209390e+02
3.412000e+02 2.470537e-01 2.208598e+02
3.416000e+02 2.470865e-01 2.208508e+02
3.420000e+02 2.468760e-01 2.209099e+02
3.424000e+02 2.464730e-01 2.210246e+02
3.428000e+02 2.456935e-01 2.212354e+02
3.432000e+02 2.356765e-01 2.236287e+02
3.436000e+02 2.434234e-01 2.218516e+02
3.440000e+02 2.432380e-01 2.219584e+02
3.444000e+02 2.420641e-01 2.223001e+02
3.448000e+02 2.403893e-01 2.227633e+02
3.452000e+02 2.388664e-01 2.231988e+02
3.456000e+02 2.375471e-01 2.235945e+02
3.460000e+02 2.360259e-01 2.240422e+02
3.464000e+02 2.345152e-01 2.244960e+02
3.468000e+02 2.327134e-01 2.250222e+02
3.472000e+02 2.306728e-01 2.256119e+02
3.476000e+02 2.286831e-01 2.261941e+02
3.480000e+02 2.264440e-01 2.268422e+02
3.484000e+02 2.241578e-01 2.275073e+02
3.488000e+02 2.216981e-01 2.282194e+02
3.492000e+02 2.191622e-01 2.289545e+02
3.496000e+02 2.163219e-01 2.297664e+02
3.500000e+02 2.136383e-01 2.305494e+02
3.504000e+02 2.107328e-01 2.313907e+02
3.508000e+02 2.075245e-01 2.323088e+02
3.512000e+02 2.038414e-01 2.333408e+02
3.516000e+02 1.984052e-01 2.347629e+02
3.520000e+02 1.958014e-01 2.355628e+02
3.524000e+02 1.846639e-01 2.383171e+02
3.528000e+02 1.710003e-01 2.418236e+02
3.532000e+02 1.876831e-01 2.380448e+02
3.536000e+02 1.848688e-01 2.389107e+02
3.540000e+02 1.814079e-01 2.399304e+02
3.544000e+02 1.776393e-01 2.410272e+02
3.548000e+02 1.730091e-01 2.423256e+02
3.552000e+02 1.687502e-01 2.435502e+02
3.556000e+02 1.658287e-01 2.444791e+02
3.560000e+02 1.616969e-01 2.456881e+02
3.564000e+02 1.570079e-01 2.470354e+02
3.568000e+02 1.532831e-01 2.481576e+02
3.572000e+02 1.485944e-01 2.495117e+02
3.576000e+02 1.331546e-01 2.533925e+02
3.580000e+02 1.383269e-01 2.524447e+02
3.584000e+02 1.334608e-01 2.538622e+02
3.588000e+02 1.152818e-01 2.583635e+02
3.592000e+02 1.243040e-01 2.565893e+02
3.596000e+02 1.142157e-01 2.592506e+02
3.600000e+02 1.153875e-01 2.592962e+02
3.604000e+02 1.107976e-01 2.606888e+02
3.608000e+02 1.057530e-01 2.621916e+02
3.612000e+02 1.005592e-01 2.637351e+02
3.616000e+02 9.428553e-02 2.655338e+02
3.620000e+02 9.000900e-02 2.668793e+02
3.624000e+02 8.475934e-02 2.684555e+02
3.628000e+02 7.938688e-02 2.700649e+02
3.632000e+02 7.379636e-02 2.717286e+02
3.636000e+02 6.769927e-02 2.735143e+02
3.640000e+02 6.295298e-02 2.749920e+02
3.644000e+02 4.984276e-02 2.784233e+02
3.648000e+02 5.235972e-02 2.782110e+02
3.652000e+02 4.756923e-02 2.797103e+02
3.656000e+02 4.250551e-02 2.812712e+02
3.660000e+02 3.743646e-02 2.828339e+02
3.664000e+02 3.233261e-02 2.844053e+02
3.668000e+02 2.431193e-02 2.866673e+02
3.672000e+02 2.213425e-02 2.875593e+02
3.676000e+02 1.649753e-02 2.892769e+02
3.680000e+02 9.770148e-03 2.912556e+02
3.684000e+02 2.007579e-03 2.933926e+02
3.688000e+02 4.348449e-03 2.931073e+02
3.692000e+02 6.382359e-03 2.928234e+02
3.696000e+02 6.045397e-03 2.931097e+02
3.700000e+02 4.924668e-03 2.935924e+02
3.704000e+02 3.704019e-03 2.940947e+02
3.708000e+02 2.601786e-03 2.945565e+02
3.712000e+02 1.728024e-03 2.949486e+02
3.716000e+02 1.091052e-03 2.952677e+02
3.720000e+02 6.347207e-04 2.955269e+02
3.724000e+02 3.388200e-04 2.957325e+02
3.728000e+02 1.631308e-04 2.958957e+02
3.732000e+02 6.934016e-05 2.960275e+02
3.736000e+02 2.529568e-05 2.961376e+02
3.740000e+02 7.618526e-06 2.962335e+02
3.744000e+02 1.801940e-06 2.963199e+02
3.748000e+02 3.124357e-07 2.963997e+02
3.752000e+02 3.164520e-08 2.964742e+02
3.756000e+02 2.514962e-09 2.965439e+02
3.760000e+02 8.511412e-11 2.966088e+02
3.764000e+02 1.110680e-12 2.966686e+02
3.768000e+02 3.756227e-15 2.967233e+02
3.772000e+02 1.957041e-18 2.967725e+02
3.776000e+02 6.412661e-23 2.968160e+02
3.780000e+02 3.668435e-29 2.968536e+02
3.784000e+02 5.350052e-38 2.968851e+02
3.788000e+02 1.566656e-50 2.969103e+02
3.792000e+02 6.366732e-68 2.969291e+02
3.796000e+02 6.750497e-90 2.969414e+02
3.800000e+02 3.670449e-110 2.969472e+02
3.804000e+02 3.529828e-108 2.969466e+02
3.808000e+02 1.857645e-86 2.969395e+02
3.812000e+02 6.041146e-65 2.969260e+02
3.816000e+02 1.938578e-48 2.969064e+02
3.820000e+02 1.163405e-36 2.968806e+02
3.824000e+02 2.240262e-28 2.968490e+02
3.828000e+02 1.693865e-22 2.968119e+02
3.832000e+02 2.993696e-18 2.967694e+02
3.836000e+02 4.064882e-15 2.967220e+02
3.840000e+02 9.282742e-13 2.966699e+02
3.844000e+02 5.989935e-11 2.966136e+02
3.848000e+02 1.547508e-09 2.965535e+02
3.852000e+02 2.036890e-08 2.964899e+02
3.856000e+02 1.622266e-07 2.964229e+02
3.860000e+02 8.969163e-07 2.963523e+02
3.864000e+02 3.738113e-06 2.962774e+02
3.868000e+02 1.227086e-05 2.961972e+02
3.872000e+02 3.238793e-05 2.961100e+02
3.876000e+02 7.720946e-05 2.960125e+02
3.880000e+02 1.575153e-04 2.959020e+02
3.884000e+02 2.866999e-04 2.957758e+02
3.888000e+02 4.719927e-04 2.956338e+02
3.892000e+02 7.082544e-04 2.954800e+02
3.896000e+02 9.734541e-04 2.953224e+02
3.900000e+02 1.246976e-03 2.951635e+02
3.904000e+02 1.578178e-03 2.949784e+02
3.908000e+02 2.173133e-03 2.947027e+02
3.912000e+02 3.185573e-03 2.942953e+02
3.916000e+02 4.517531e-03 2.937868e+02
3.920000e+02 6.075461e-03 2.932112e+02
3.924000e+02 7.744388e-03 2.926031e+02
3.928000e+02 9.461289e-03 2.919816e+02
3.932000e+02 1.167027e-02 2.912483e+02
3.936000e+02 1.377944e-02 2.905379e+02
3.940000e+02 1.594383e-02 2.898164e+02
3.944000e+02 1.816603e-02 2.890839e+02
3.948000e+02 2.040835e-02 2.883496e+02
3.952000e+02 2.264673e-02 2.876197e+02
3.956000e+02 2.501159e-02 2.868654e+02
3.960000e+02 2.729312e-02 2.861346e+02
3.964000e+02 2.921492e-02 2.854905e+02
3.968000e+02 3.166691e-02 2.847318e+02
3.972000e+02 3.395133e-02 2.840178e+02
3.976000e+02 3.629257e-02 2.832972e+02
3.980000e+02 3.844857e-02 2.826252e+02
3.984000e+02 4.053371e-02 2.819764e+02
3.988000e+02 4.253837e-02 2.813531e+02
3.992000e+02 4.439778e-02 2.807705e+02
3.996000e+02 4.621239e-02 2.802049e+02
4.000000e+02 4.646644e-02 2.800046e+02
+1.2 10 0
1.000000e+01 9.961116e-01 3.847374e+00
1.040000e+01 9.959793e-01 3.887630e+00
1.080000e+01 9.958742e-01 3.920660e+00
1.120000e+01 9.957514e-01 3.958505e+00
1.160000e+01 9.956218e-01 3.998986e+00
1.200000e+01 9.954748e-01 4.044285e+00
1.240000e+01 9.953328e-01 4.088120e+00
1.280000e+01 9.951823e-01 4.134524e+00
1.320000e+01 9.950088e-01 4.187972e+00
1.360000e+01 9.948091e-01 4.249507e+00
1.400000e+01 9.945839e-01 4.319107e+00
1.440000e+01 9.943247e-01 4.399211e+00
1.480000e+01 9.940018e-01 4.497925e+00
1.520000e+01 9.936770e-01 4.599635e+00
1.560000e+01 9.932718e-01 4.725231e+00
1.600000e+01 9.927885e-01 4.874829e+00
1.640000e+01 9.922202e-01 5.051255e+00
1.680000e+01 9.915336e-01 5.264467e+00
1.720000e+01 9.906920e-01 5.525839e+00
1.760000e+01 9.896436e-01 5.851437e+00
1.800000e+01 9.883152e-01 6.264063e+00
1.840000e+01 9.865976e-01 6.797550e+00
1.880000e+01 9.843262e-01 7.502920e+00
1.920000e+01 9.812470e-01 8.458634e+00
1.960000e+01 9.769618e-01 9.787593e+00
2.000000e+01 9.708347e-01 1.168531e+01
2.040000e+01 9.618636e-01 1.445868e+01
2.080000e+01 9.485239e-01 1.857119e+01
2.120000e+01 9.287580e-01 2.462967e+01
2.160000e+01 9.014381e-01 3.290637e+01
2.200000e+01 8.720012e-01 4.161247e+01
2.240000e+01 8.650783e-01 4.366359e+01
2.280000e+01 8.872218e-01 3.723264e+01
2.320000e+01 9.125922e-01 2.960138e+01
2.360000e+01 9.326529e-01 2.347374e+01
2.400000e+01 9.469454e-01 1.907525e+01
2.440000e+01 9.569199e-01 1.599480e+01
2.480000e+01 9.638887e-01 1.383607e+01
2.520000e+01 9.688516e-01 1.229548e+01
2.560000e+01 9.724160e-01 1.118535e+01
2.600000e+01 9.751181e-01 1.034687e+01
2.640000e+01 9.770882e-01 9.732499e+00
2.680000e+01 9.785856e-01 9.264295e+00
2.720000e+01 9.797895e-01 8.887738e+00
2.760000e+01 9.807536e-01 8.585434e+00
2.800000e+01 9.815023e-01 8.349803e+00
2.840000e+01 9.820742e-01 8.169033e+00
2.880000e+01 9.824820e-01 8.038008e+00
2.920000e+01 9.828018e-01 7.935795e+00
2.960000e+01 9.830213e-01 7.864294e+00
3.000000e+01 9.829911e-01 7.861322e+00
3.040000e+01 9.832000e-01 7.799714e+00
3.080000e+01 9.832486e-01 7.782804e+00
3.120000e+01 9.832206e-01 7.788022e+00
3.160000e+01 9.831421e-01 7.808435e+00
3.200000e+01 9.830216e-01 7.841571e+00
3.240000e+01 9.828659e-01 7.885506e+00
3.280000e+01 9.826741e-01 7.940388e+00
3.320000e+01 9.824505e-01 8.004927e+00
3.360000e+01 9.821950e-01 8.079101e+00
3.400000e+01 9.819097e-01 8.162247e+00
3.440000e+01 9.815947e-01 8.254304e+00
3.480000e+01 9.812491e-01 8.355461e+00
3.520000e+01 9.808755e-01 8.465002e+00
3.560000e+01 9.804679e-01 8.584474e+00
3.600000e+01 9.797806e-01 8.778890e+00
3.640000e+01 9.795712e-01 8.847920e+00
3.680000e+01 9.790822e-01 8.991911e+00
3.720000e+01 9.785524e-01 9.147595e+00
3.760000e+01 9.779615e-01 9.320096e+00
3.800000e+01 9.773403e-01 9.501786e+00
3.840000e+01 9.767577e-01 9.675189e+00
3.880000e+01 9.760869e-01 9.872506e+00
3.920000e+01 9.753605e-01 1.008561e+01
3.960000e+01 9.746006e-01 1.030888e+01
4.000000e+01 9.737928e-01 1.054621e+01
4.040000e+01 9.729258e-01 1.080056e+01
4.080000e+01 9.719992e-01 1.107217e+01
4.120000e+01 9.710126e-01 1.136133e+01
4.160000e+01 9.699556e-01 1.167086e+01
4.200000e+01 9.688214e-01 1.200272e+01
4.240000e+01 9.676009e-01 1.235948e+01
4.280000e+01 9.661392e-01 1.278205e+01
4.320000e+01 9.648717e-01 1.315649e+01
4.360000e+01 9.631715e-01 1.364662e+01
4.400000e+01 9.617279e-01 1.407438e+01
4.440000e+01 9.599711e-01 1.458762e+01
4.480000e+01 9.579938e-01 1.516255e+01
4.520000e+01 9.559372e-01 1.576366e+01
4.560000e+01 9.536377e-01 1.643378e+01
4.600000e+01 9.511069e-01 1.717085e+01
4.640000e+01 9.483180e-01 1.798288e+01
4.680000e+01 9.452238e-01 1.888355e+01
4.720000e+01 9.417761e-01 1.988709e+01
4.760000e+01 9.379046e-01 2.101402e+01
4.800000e+01 9.335226e-01 2.228992e+01
4.840000e+01 9.285104e-01 2.374992e+01
4.880000e+01 9.227095e-01 2.544108e+01
4.920000e+01 9.158910e-01 2.743078e+01
4.960000e+01 9.077174e-01 2.981725e+01
5.000000e+01 8.974658e-01 3.280107e+01
5.040000e+01 8.851825e-01 3.639788e+01
5.080000e+01 8.693662e-01 4.104819e+01
5.120000e+01 8.474100e-01 4.750465e+01
5.160000e+01 8.140082e-01 5.726541e+01
5.200000e+01 7.532754e-01 7.458094e+01
5.240000e+01 7.009246e-01 9.045554e+01
5.280000e+01 6.192719e-01 1.147762e+02
5.320000e+01 4.954740e-01 1.510593e+02
5.360000e+01 2.041121e-01 2.327119e+02
5.400000e+01 2.191504e-01 2.342605e+02
5.440000e+01 1.318398e-01 2.635893e+02
5.480000e+01 4.435295e-02 2.926946e+02
5.520000e+01 2.357675e-03 3.088957e+02
5.560000e+01 3.316365e-03 3.124302e+02
5.600000e+01 4.374496e-04 3.157751e+02
5.640000e+01 1.024139e-06 3.174527e+02
5.680000e+01 1.582306e-05 3.181963e+02
5.720000e+01 1.129084e-05 3.186997e+02
5.760000e+01 4.250577e-11 3.191800e+02
5.800000e+01 1.208668e-06 3.194808e+02
5.840000e+01 5.283434e-12 3.198864e+02
5.880000e+01 3.345500e-07 3.197931e+02
5.920000e+01 1.722753e-11 3.199202e+02
5.960000e+01 1.841094e-13 3.200056e+02
6.000000e+01 3.864920e-08 3.202409e+02
6.040000e+01 5.163854e-15 3.205148e+02
6.080000e+01 5.930722e-08 3.203387e+02
6.120000e+01 3.641606e-11 3.203113e+02
6.160000e+01 5.482211e-08 3.202711e+02
6.200000e+01 4.422174e-08 3.203007e+02
6.240000e+01 2.837687e-14 3.202418e+02
6.280000e+01 5.997626e-07 3.196440e+02
6.320000e+01 2.965717e-05 3.185206e+02
6.360000e+01 1.252306e-05 3.170317e+02
6.400000e+01 1.517932e-03 3.143481e+02
6.440000e+01 1.286767e-02 3.078416e+02
6.480000e+01 3.010785e-02 2.987131e+02
6.520000e+01 4.466630e-02 2.887093e+02
6.560000e+01 1.964886e-01 2.429674e+02
6.600000e+01 3.267235e-01 2.029307e+02
6.640000e+01 4.278676e-01 1.711925e+02
6.680000e+01 5.296492e-01 1.402710e+02
6.720000e+01 6.540872e-01 1.047958e+02
6.760000e+01 7.231828e-01 8.441501e+01
6.800000e+01 7.693840e-01 7.067359e+01
6.840000e+01 8.043460e-01 6.032802e+01
6.880000e+01 8.334887e-01 5.185749e+01
6.920000e+01 8.523796e-01 4.630251e+01
6.960000e+01 8.661448e-01 4.226384e+01
7.000000e+01 8.769919e-01 3.909348e+01
7.040000e+01 8.860082e-01 3.647201e+01
7.080000e+01 8.933527e-01 3.433905e+01
7.120000e+01 8.995616e-01 3.254028e+01
7.160000e+01 9.048659e-01 3.100701e+01
7.200000e+01 9.095404e-01 2.965898e+01
7.240000e+01 9.135933e-01 2.849190e+01
7.280000e+01 9.171856e-01 2.745981e+01
7.320000e+01 9.203695e-01 2.654669e+01
7.360000e+01 9.231972e-01 2.573697e+01
7.400000e+01 9.257185e-01 2.501616e+01
7.440000e+01 9.279868e-01 2.436930e+01
7.480000e+01 9.299964e-01 2.379668e+01
7.520000e+01 9.317457e-01 2.329705e+01
7.560000e+01 9.333908e-01 2.283126e+01
7.600000e+01 9.348798e-01 2.241121e+01
7.640000e+01 9.336610e-01 2.272019e+01
7.680000e+01 9.373268e-01 2.172184e+01
7.720000e+01 9.385206e-01 2.139350e+01
7.760000e+01 9.365351e-01 2.193859e+01
7.800000e+01 9.402478e-01 2.092092e+01
7.840000e+01 9.409066e-01 2.074621e+01
7.880000e+01 9.413385e-01 2.063754e+01
7.920000e+01 9.415488e-01 2.059558e+01
7.960000e+01 9.414775e-01 2.063710e+01
8.000000e+01 9.410832e-01 2.076952e+01
8.040000e+01 9.406300e-01 2.090882e+01
8.080000e+01 9.410777e-01 2.078943e+01
8.120000e+01 9.425000e-01 2.039138e+01
8.160000e+01 9.438333e-01 2.000871e+01
8.200000e+01 9.448819e-01 1.970622e+01
8.240000e+01 9.456794e-01 1.947790e+01
8.280000e+01 9.462878e-01 1.930627e+01
8.320000e+01 9.467492e-01 1.917872e+01
8.360000e+01 9.471254e-01 1.907741e+01
8.400000e+01 9.474211e-01 1.900020e+01
8.440000e+01 9.476554e-01 1.894143e+01
8.480000e+01 9.478348e-01 1.889908e+01
8.520000e+01 9.479656e-01 1.887132e+01
8.560000e+01 9.480513e-01 1.885722e+01
8.600000e+01 9.480866e-01 1.885834e+01
8.640000e+01 9.480619e-01 1.887755e+01
8.680000e+01 9.479614e-01 1.891962e+01
8.720000e+01 9.477739e-01 1.898803e+01
8.760000e+01 9.475008e-01 1.908067e+01
8.800000e+01 9.473169e-01 1.914477e+01
8.840000e+01 9.474602e-01 1.911393e+01
8.880000e+01 9.476512e-01 1.906648e+01
8.920000e+01 9.477617e-01 1.904213e+01
8.960000e+01 9.477915e-01 1.904206e+01
9.000000e+01 9.477092e-01 1.907481e+01
9.040000e+01 9.476755e-01 1.909463e+01
9.080000e+01 9.475222e-01 1.914853e+01
9.120000e+01 9.474445e-01 1.918283e+01
9.160000e+01 9.472992e-01 1.923608e+01
9.200000e+01 9.471238e-01 1.929791e+01
9.240000e+01 9.469302e-01 1.936515e+01
9.280000e+01 9.467137e-01 1.943901e+01
9.320000e+01 9.464514e-01 1.952528e+01
9.360000e+01 9.460086e-01 1.965774e+01
9.400000e+01 9.440653e-01 2.018247e+01
9.440000e+01 9.455809e-01 1.981182e+01
9.480000e+01 9.453120e-01 1.990564e+01
9.520000e+01 9.449300e-01 2.003065e+01
9.560000e+01 9.443660e-01 2.020507e+01
9.600000e+01 9.434899e-01 2.045944e+01
9.640000e+01 9.429911e-01 2.061107e+01
9.680000e+01 9.434252e-01 2.051701e+01
9.720000e+01 9.433450e-01 2.055088e+01
9.760000e+01 9.431510e-01 2.061633e+01
9.800000e+01 9.428552e-01 2.071093e+01
9.840000e+01 9.425800e-01 2.080227e+01
9.880000e+01 9.422276e-01 2.091516e+01
9.920000e+01 9.416204e-01 2.109555e+01
9.960000e+01 9.414092e-01 2.117370e+01
1.000000e+02 9.409205e-01 2.132449e+01
1.004000e+02 9.401813e-01 2.153766e+01
1.008000e+02 9.397805e-01 2.166838e+01
1.012000e+02 9.394126e-01 2.178999e+01
1.016000e+02 9.373896e-01 2.233066e+01
1.020000e+02 9.379486e-01 2.221731e+01
1.024000e+02 9.381081e-01 2.220900e+01
1.028000e+02 9.376641e-01 2.235315e+01
1.032000e+02 9.370690e-01 2.253654e+01
1.036000e+02 9.362761e-01 2.277084e+01
1.040000e+02 9.353454e-01 2.304034e+01
1.044000e+02 9.352699e-01 2.309445e+01
1.048000e+02 9.346580e-01 2.328580e+01
1.052000e+02 9.339245e-01 2.350972e+01
1.056000e+02 9.332203e-01 2.372654e+01
1.060000e+02 9.324284e-01 2.396766e+01
1.064000e+02 9.315900e-01 2.422205e+01
1.068000e+02 9.306958e-01 2.449247e+01
1.072000e+02 9.297329e-01 2.478253e+01
1.076000e+02 9.287122e-01 2.508917e+01
1.080000e+02 9.275743e-01 2.542867e+01
1.084000e+02 9.263977e-01 2.578040e+01
1.088000e+02 9.250696e-01 2.617438e+01
1.092000e+02 9.235406e-01 2.662240e+01
1.096000e+02 9.196336e-01 2.769342e+01
1.100000e+02 9.202097e-01 2.760262e+01
1.104000e+02 9.180445e-01 2.822758e+01
1.108000e+02 9.055810e-01 3.154491e+01
1.112000e+02 9.133167e-01 2.960397e+01
1.116000e+02 9.110158e-01 3.029357e+01
1.120000e+02 9.079181e-01 3.119743e+01
1.124000e+02 9.042288e-01 3.226792e+01
1.128000e+02 8.996615e-01 3.358403e+01
1.132000e+02 8.946285e-01 3.504197e+01
1.136000e+02 8.882945e-01 3.686698e+01
1.140000e+02 8.803663e-01 3.914511e+01
1.144000e+02 8.706564e-01 4.193449e+01
1.148000e+02 8.579092e-01 4.558328e+01
1.152000e+02 8.415414e-01 5.027573e+01
1.156000e+02 8.196652e-01 5.655000e+01
1.160000e+02 7.890683e-01 6.531541e+01
1.164000e+02 7.450902e-01 7.791917e+01
1.168000e+02 6.795610e-01 9.672641e+01
1.172000e+02 5.787090e-01 1.257650e+02
1.176000e+02 4.229519e-01 1.709418e+02
1.180000e+02 2.065014e-01 2.349244e+02
1.184000e+02 2.556109e-02 2.922178e+02
1.188000e+02 3.111397e-05 3.036088e+02
1.192000e+02 5.663356e-02 2.815804e+02
1.196000e+02 2.656623e-01 2.173284e+02
1.200000e+02 4.685931e-01 1.578524e+02
1.204000e+02 6.065181e-01 1.180105e+02
1.208000e+02 6.949288e-01 9.260974e+01
1.212000e+02 7.533646e-01 7.586734e+01
1.216000e+02 7.931130e-01 6.448862e+01
1.220000e+02 8.208633e-01 5.655091e+01
1.224000e+02 8.406804e-01 5.088807e+01
1.228000e+02 8.551449e-01 4.675934e+01
1.232000e+02 8.654710e-01 4.380320e+01
1.236000e+02 8.737654e-01 4.144295e+01
1.240000e+02 8.743888e-01 4.110087e+01
1.244000e+02 8.846653e-01 3.833964e+01
1.248000e+02 8.892363e-01 3.707247e+01
1.252000e+02 8.909943e-01 3.653815e+01
1.256000e+02 8.928451e-01 3.600634e+01
1.260000e+02 8.970712e-01 3.488714e+01
1.264000e+02 8.986736e-01 3.445051e+01
1.268000e+02 9.006113e-01 3.392787e+01
1.272000e+02 9.017598e-01 3.361943e+01
1.276000e+02 9.026246e-01 3.339017e+01
1.280000e+02 9.029830e-01 3.329527e+01
1.284000e+02 9.030049e-01 3.329222e+01
1.288000e+02 9.043098e-01 3.296582e+01
1.292000e+02 9.046682e-01 3.288500e+01
1.296000e+02 9.048735e-01 3.284642e+01
1.300000e+02 9.049973e-01 3.283095e+01
1.304000e+02 9.050331e-01 3.284041e+01
1.308000e+02 9.049141e-01 3.289159e+01
1.312000e+02 9.048753e-01 3.292457e+01
1.316000e+02 9.047648e-01 3.297783e+01
1.320000e+02 9.045514e-01 3.305907e+01
1.324000e+02 9.032548e-01 3.343018e+01
1.328000e+02 9.040307e-01 3.325019e+01
1.332000e+02 9.037008e-01 3.336608e+01
1.336000e+02 9.033511e-01 3.348885e+01
1.340000e+02 9.027858e-01 3.367113e+01
1.344000e+02 9.024554e-01 3.379011e+01
1.348000e+02 9.019840e-01 3.394813e+01
1.352000e+02 9.015159e-01 3.410483e+01
1.356000e+02 9.010053e-01 3.427367e+01
1.360000e+02 9.004033e-01 3.446895e+01
1.364000e+02 8.995220e-01 3.474075e+01
1.368000e+02 8.970455e-01 3.542696e+01
1.372000e+02 8.979200e-01 3.525869e+01
1.376000e+02 8.969259e-01 3.558092e+01
1.380000e+02 8.956001e-01 3.599348e+01
1.384000e+02 8.943079e-01 3.638889e+01
1.388000e+02 8.937583e-01 3.656983e+01
1.392000e+02 8.938976e-01 3.655146e+01
1.396000e+02 8.938474e-01 3.658081e+01
1.400000e+02 8.933583e-01 3.673042e+01
1.404000e+02 8.932727e-01 3.677792e+01
1.408000e+02 8.923973e-01 3.704211e+01
1.412000e+02 8.918475e-01 3.722868e+01
1.416000e+02 8.906314e-01 3.759434e+01
1.420000e+02 8.865014e-01 3.870354e+01
1.424000e+02 8.862003e-01 3.886519e+01
1.428000e+02 8.863704e-01 3.893141e+01
1.432000e+02 8.844073e-01 3.954505e+01
1.436000e+02 8.823259e-01 4.016938e+01
1.440000e+02 8.819227e-01 4.031076e+01
1.444000e+02 8.826369e-01 4.011940e+01
1.448000e+02 8.809403e-01 4.053640e+01
1.452000e+02 8.830484e-01 4.000079e+01
1.456000e+02 8.834183e-01 3.992623e+01
1.460000e+02 8.831104e-01 4.003385e+01
1.464000e+02 8.826234e-01 4.019500e+01
1.468000e+02 8.819949e-01 4.039797e+01
1.472000e+02 8.812727e-01 4.062931e+01
1.476000e+02 8.804556e-01 4.088851e+01
1.480000e+02 8.795800e-01 4.116517e+01
1.484000e+02 8.784953e-01 4.149721e+01
1.488000e+02 8.748432e-01 4.249537e+01
1.492000e+02 8.765897e-01 4.210560e+01
1.496000e+02 8.755612e-01 4.243488e+01
1.500000e+02 8.742615e-01 4.283762e+01
1.504000e+02 8.727148e-01 4.330648e+01
1.508000e+02 8.705044e-01 4.394747e+01
1.512000e+02 8.699188e-01 4.418852e+01
1.516000e+02 8.687726e-01 4.455836e+01
1.520000e+02 8.679427e-01 4.482980e+01
1.524000e+02 8.674267e-01 4.500719e+01
1.528000e+02 8.666320e-01 4.526225e+01
1.532000e+02 8.656214e-01 4.557977e+01
1.536000e+02 8.642020e-01 4.600616e+01
1.540000e+02 8.582472e-01 4.761224e+01
1.544000e+02 8.619366e-01 4.672933e+01
1.548000e+02 8.608863e-01 4.707647e+01
1.552000e+02 8.595848e-01 4.748954e+01
1.556000e+02 8.581871e-01 4.792980e+01
1.560000e+02 8.564994e-01 4.844664e+01
1.564000e+02 8.551813e-01 4.887223e+01
1.568000e+02 8.536864e-01 4.934584e+01
1.572000e+02 8.520751e-01 4.985200e+01
1.576000e+02 8.504313e-01 5.036955e+01
1.580000e+02 8.487053e-01 5.091145e+01
1.584000e+02 8.468862e-01 5.148067e+01
1.588000e+02 8.450352e-01 5.206193e+01
1.592000e+02 8.430810e-01 5.267397e+01
1.596000e+02 8.410356e-01 5.331416e+01
1.600000e+02 8.389237e-01 5.397619e+01
1.604000e+02 8.367258e-01 5.466333e+01
1.608000e+02 8.345567e-01 5.534376e+01
1.612000e+02 8.322631e-01 5.606090e+01
1.616000e+02 8.298701e-01 5.680984e+01
1.620000e+02 8.273403e-01 5.760042e+01
1.624000e+02 8.246850e-01 5.842976e+01
1.628000e+02 8.218961e-01 5.930031e+01
1.632000e+02 8.189023e-01 6.023086e+01
1.636000e+02 8.158691e-01 6.117895e+01
1.640000e+02 8.125820e-01 6.220082e+01
1.644000e+02 8.090183e-01 6.330088e+01
1.648000e+02 8.035700e-01 6.488924e+01
1.652000e+02 8.006212e-01 6.585248e+01
1.656000e+02 7.941426e-01 6.771744e+01
1.660000e+02 7.908122e-01 6.880778e+01
1.664000e+02 7.888364e-01 6.957739e+01
1.668000e+02 7.844488e-01 7.096491e+01
1.672000e+02 7.794729e-01 7.251707e+01
1.676000e+02 7.719493e-01 7.475108e+01
1.680000e+02 7.685378e-01 7.592892e+01
1.684000e+02 7.625060e-01 7.781145e+01
1.688000e+02 7.559156e-01 7.986051e+01
1.692000e+02 7.489512e-01 8.203029e+01
1.696000e+02 7.415510e-01 8.433628e+01
1.700000e+02 7.335331e-01 8.683042e+01
1.704000e+02 7.249856e-01 8.949420e+01
1.708000e+02 7.156787e-01 9.239211e+01
1.712000e+02 7.055040e-01 9.555504e+01
1.716000e+02 6.945580e-01 9.896337e+01
1.720000e+02 6.827474e-01 1.026458e+02
1.724000e+02 6.698027e-01 1.066776e+02
1.728000e+02 6.556600e-01 1.110822e+02
1.732000e+02 6.401558e-01 1.159087e+02
1.736000e+02 6.230023e-01 1.212405e+02
1.740000e+02 6.048262e-01 1.269294e+02
1.744000e+02 5.844913e-01 1.332748e+02
1.748000e+02 5.620336e-01 1.402807e+02
1.752000e+02 5.336938e-01 1.489534e+02
1.756000e+02 5.095157e-01 1.566442e+02
1.760000e+02 4.802086e-01 1.658456e+02
1.764000e+02 4.481377e-01 1.759426e+02
1.768000e+02 4.128937e-01 1.870397e+02
1.772000e+02 3.742249e-01 1.992272e+02
1.776000e+02 3.323871e-01 2.124471e+02
1.780000e+02 2.876718e-01 2.266252e+02
1.784000e+02 2.407019e-01 2.415862e+02
1.788000e+02 1.926001e-01 2.570017e+02
1.792000e+02 1.450996e-01 2.723522e+02
1.796000e+02 1.006140e-01 2.868990e+02
1.800000e+02 6.197114e-02 2.997534e+02
1.804000e+02 3.245294e-02 3.098710e+02
1.808000e+02 1.329192e-02 3.167725e+02
1.812000e+02 3.792774e-03 3.205653e+02
1.816000e+02 6.325299e-04 3.221899e+02
1.820000e+02 4.865518e-05 3.228028e+02
1.824000e+02 1.384209e-06 3.230892e+02
1.828000e+02 1.694244e-08 3.232485e+02
1.832000e+02 4.817090e-10 3.233124e+02
1.836000e+02 2.422524e-09 3.232860e+02
1.840000e+02 2.007109e-07 3.231692e+02
1.844000e+02 1.019331e-05 3.229518e+02
1.848000e+02 1.998190e-04 3.225529e+02
1.852000e+02 1.599675e-03 3.216039e+02
1.856000e+02 6.827821e-03 3.192715e+02
1.860000e+02 1.915813e-02 3.145922e+02
1.864000e+02 4.039723e-02 3.070998e+02
1.868000e+02 7.017314e-02 2.969992e+02
1.872000e+02 1.064709e-01 2.849675e+02
1.876000e+02 1.469641e-01 2.717555e+02
1.880000e+02 1.891981e-01 2.581170e+02
1.884000e+02 2.314340e-01 2.445827e+02
1.888000e+02 2.723757e-01 2.315365e+02
1.892000e+02 3.112744e-01 2.191972e+02
1.896000e+02 3.476711e-01 2.076914e+02
1.900000e+02 3.813780e-01 1.970658e+02
1.904000e+02 4.123481e-01 1.873239e+02
1.908000e+02 4.407114e-01 1.784210e+02
1.912000e+02 4.665673e-01 1.703186e+02
1.916000e+02 4.900418e-01 1.629713e+02
1.920000e+02 5.112938e-01 1.563266e+02
1.924000e+02 5.304456e-01 1.503429e+02
1.928000e+02 5.475829e-01 1.449884e+02
1.932000e+02 5.621654e-01 1.403880e+02
1.936000e+02 5.762227e-01 1.360122e+02
1.940000e+02 5.892510e-01 1.319502e+02
1.944000e+02 6.023143e-01 1.279061e+02
1.948000e+02 6.144735e-01 1.241277e+02
1.952000e+02 6.235410e-01 1.211803e+02
1.956000e+02 6.309597e-01 1.187160e+02
1.960000e+02 6.446810e-01 1.147320e+02
1.964000e+02 6.536345e-01 1.119954e+02
1.968000e+02 6.613938e-01 1.096012e+02
1.972000e+02 6.683343e-01 1.074537e+02
1.976000e+02 6.745417e-01 1.055278e+02
1.980000e+02 6.802145e-01 1.037716e+02
1.984000e+02 6.855143e-01 1.021355e+02
1.988000e+02 6.901403e-01 1.007013e+02
1.992000e+02 6.934100e-01 9.964354e+01
1.996000e+02 6.976835e-01 9.834976e+01
2.000000e+02 7.010132e-01 9.733123e+01
2.004000e+02 7.033489e-01 9.659532e+01
2.008000e+02 7.043342e-01 9.622875e+01
2.012000e+02 7.056628e-01 9.582869e+01
2.016000e+02 7.065961e-01 9.558890e+01
2.020000e+02 7.055490e-01 9.591791e+01
2.024000e+02 7.023581e-01 9.687532e+01
2.028000e+02 6.970937e-01 9.841589e+01
2.032000e+02 6.917201e-01 9.990662e+01
2.036000e+02 6.939429e-01 9.922221e+01
2.040000e+02 7.035441e-01 9.643438e+01
2.044000e+02 7.127994e-01 9.366965e+01
2.048000e+02 7.200424e-01 9.147306e+01
2.052000e+02 7.252320e-01 8.987906e+01
2.056000e+02 7.294260e-01 8.859897e+01
2.060000e+02 7.317511e-01 8.784430e+01
2.064000e+02 7.345864e-01 8.700239e+01
2.068000e+02 7.366067e-01 8.639613e+01
2.072000e+02 7.380251e-01 8.595760e+01
2.076000e+02 7.394387e-01 8.552271e+01
2.080000e+02 7.407917e-01 8.510541e+01
2.084000e+02 7.405366e-01 8.510246e+01
2.088000e+02 7.398408e-01 8.523049e+01
2.092000e+02 7.436263e-01 8.423988e+01
2.096000e+02 7.445222e-01 8.397569e+01
2.100000e+02 7.452555e-01 8.375878e+01
2.104000e+02 7.433137e-01 8.423645e+01
2.108000e+02 7.312266e-01 8.749417e+01
2.112000e+02 7.476639e-01 8.302764e+01
2.116000e+02 7.486049e-01 8.275804e+01
2.120000e+02 7.491890e-01 8.258641e+01
2.124000e+02 7.496208e-01 8.245958e+01
2.128000e+02 7.498938e-01 8.237803e+01
2.132000e+02 7.502039e-01 8.229038e+01
2.136000e+02 7.503850e-01 8.223894e+01
2.140000e+02 7.504758e-01 8.221320e+01
2.144000e+02 7.503432e-01 8.224555e+01
2.148000e+02 7.477749e-01 8.288974e+01
2.152000e+02 7.492678e-01 8.251923e+01
2.156000e+02 7.505048e-01 8.221860e+01
2.160000e+02 7.504342e-01 8.224894e+01
2.164000e+02 7.505950e-01 8.221602e+01
2.168000e+02 7.505425e-01 8.224125e+01
2.172000e+02 7.504143e-01 8.228774e+01
2.176000e+02 7.502199e-01 8.235268e+01
2.180000e+02 7.499182e-01 8.244656e+01
2.184000e+02 7.497881e-01 8.249859e+01
2.188000e+02 7.495596e-01 8.257748e+01
2.192000e+02 7.492119e-01 8.268842e+01
2.196000e+02 7.489393e-01 8.278182e+01
2.200000e+02 7.484862e-01 8.292377e+01
2.204000e+02 7.481680e-01 8.303274e+01
2.208000e+02 7.476797e-01 8.318783e+01
2.212000e+02 7.472187e-01 8.333868e+01
2.216000e+02 7.466576e-01 8.351871e+01
2.220000e+02 7.460097e-01 8.372514e+01
2.224000e+02 7.452148e-01 8.397490e+01
2.228000e+02 7.443354e-01 8.425357e+01
2.232000e+02 7.431376e-01 8.462482e+01
2.236000e+02 7.417791e-01 8.505138e+01
2.240000e+02 7.398574e-01 8.564474e+01
2.244000e+02 7.372879e-01 8.643593e+01
2.248000e+02 7.332881e-01 8.763621e+01
2.252000e+02 7.285834e-01 8.905582e+01
2.256000e+02 7.224881e-01 9.081389e+01
2.260000e+02 7.134524e-01 9.317789e+01
2.264000e+02 7.229956e-01 9.067436e+01
2.268000e+02 7.283893e-01 8.915248e+01
2.272000e+02 7.319370e-01 8.811415e+01
2.276000e+02 7.340920e-01 8.747473e+01
2.280000e+02 7.353135e-01 8.711163e+01
2.284000e+02 7.359502e-01 8.692492e+01
2.288000e+02 7.361632e-01 8.686505e+01
2.292000e+02 7.359607e-01 8.692361e+01
2.296000e+02 7.294026e-01 8.864798e+01
2.300000e+02 7.352129e-01 8.715857e+01
2.304000e+02 7.344602e-01 8.738100e+01
2.308000e+02 7.332533e-01 8.772478e+01
2.312000e+02 7.185386e-01 9.149747e+01
2.316000e+02 7.304887e-01 8.853276e+01
2.320000e+02 7.303363e-01 8.866899e+01
2.324000e+02 7.293268e-01 8.900913e+01
2.328000e+02 7.280705e-01 8.938624e+01
2.332000e+02 7.267769e-01 8.974264e+01
2.336000e+02 7.225456e-01 9.084850e+01
2.340000e+02 7.094027e-01 9.410285e+01
2.344000e+02 7.233273e-01 9.068886e+01
2.348000e+02 7.258512e-01 9.004494e+01
2.352000e+02 7.254760e-01 9.015006e+01
2.356000e+02 7.117944e-01 9.361640e+01
2.360000e+02 7.222612e-01 9.102070e+01
2.364000e+02 7.242181e-01 9.058412e+01
2.368000e+02 7.219420e-01 9.119982e+01
2.372000e+02 6.916188e-01 9.899792e+01
2.376000e+02 7.211929e-01 9.150918e+01
2.380000e+02 7.212736e-01 9.155753e+01
2.384000e+02 7.173566e-01 9.263495e+01
2.388000e+02 7.158334e-01 9.307279e+01
2.392000e+02 7.022816e-01 9.658619e+01
2.396000e+02 7.122746e-01 9.420939e+01
2.400000e+02 7.108424e-01 9.470080e+01
2.404000e+02 7.086579e-01 9.543680e+01
2.408000e+02 7.052740e-01 9.650708e+01
2.412000e+02 6.972415e-01 9.882190e+01
2.416000e+02 6.958582e-01 9.927897e+01
2.420000e+02 6.945898e-01 9.959974e+01
2.424000e+02 6.813891e-01 1.028213e+02
2.428000e+02 7.024210e-01 9.736077e+01
2.432000e+02 7.024296e-01 9.724374e+01
2.436000e+02 6.990690e-01 9.802459e+01
2.440000e+02 7.060905e-01 9.624848e+01
2.444000e+02 7.072876e-01 9.595691e+01
2.448000e+02 7.083638e-01 9.569612e+01
2.452000e+02 7.082608e-01 9.574709e+01
2.456000e+02 7.078289e-01 9.588931e+01
2.460000e+02 7.072644e-01 9.607054e+01
2.464000e+02 7.063126e-01 9.635451e+01
2.468000e+02 7.056885e-01 9.655921e+01
2.472000e+02 7.046184e-01 9.687921e+01
2.476000e+02 7.018746e-01 9.761524e+01
2.480000e+02 6.958963e-01 9.915228e+01
2.484000e+02 6.971586e-01 9.889181e+01
2.488000e+02 7.005138e-01 9.811855e+01
2.492000e+02 6.994389e-01 9.844517e+01
2.496000e+02 6.931590e-01 1.000650e+02
2.500000e+02 6.582032e-01 1.091176e+02
2.504000e+02 6.951246e-01 9.972051e+01
2.508000e+02 6.947167e-01 9.990051e+01
2.512000e+02 6.888571e-01 1.014634e+02
2.516000e+02 6.929567e-01 1.004874e+02
2.520000e+02 6.927172e-01 1.006262e+02
2.524000e+02 6.917000e-01 1.009675e+02
2.528000e+02 6.896911e-01 1.015794e+02
2.532000e+02 6.881819e-01 1.020852e+02
2.536000e+02 6.855285e-01 1.029086e+02
2.540000e+02 6.823114e-01 1.038990e+02
2.544000e+02 6.779821e-01 1.052058e+02
2.548000e+02 6.733786e-01 1.065739e+02
2.552000e+02 6.718534e-01 1.070352e+02
2.556000e+02 6.747364e-01 1.062305e+02
2.560000e+02 6.775336e-01 1.054098e+02
2.564000e+02 6.791521e-01 1.049264e+02
2.568000e+02 6.797593e-01 1.047452e+02
2.572000e+02 6.797332e-01 1.047629e+02
2.576000e+02 6.788741e-01 1.050210e+02
2.580000e+02 6.769459e-01 1.055599e+02
2.584000e+02 6.745229e-01 1.062029e+02
2.588000e+02 6.626333e-01 1.092339e+02
2.592000e+02 6.759487e-01 1.059027e+02
2.596000e+02 6.761360e-01 1.059014e+02
2.600000e+02 6.755032e-01 1.061127e+02
2.604000e+02 6.748928e-01 1.063143e+02
2.608000e+02 6.733419e-01 1.067726e+02
2.612000e+02 6.732328e-01 1.068409e+02
2.616000e+02 6.722005e-01 1.071647e+02
2.620000e+02 6.709911e-01 1.075387e+02
2.624000e+02 6.694291e-01 1.080069e+02
2.628000e+02 6.617450e-01 1.100404e+02
2.632000e+02 6.635753e-01 1.096794e+02
2.636000e+02 6.491731e-01 1.133661e+02
2.640000e+02 6.601981e-01 1.106898e+02
2.644000e+02 6.609040e-01 1.106434e+02
2.648000e+02 6.572366e-01 1.117145e+02
2.652000e+02 6.550621e-01 1.124456e+02
2.656000e+02 6.513056e-01 1.135971e+02
2.660000e+02 6.472677e-01 1.147783e+02
2.664000e+02 6.465877e-01 1.150024e+02
2.668000e+02 6.482232e-01 1.145370e+02
2.672000e+02 6.367123e-01 1.173849e+02
2.676000e+02 6.508588e-01 1.137457e+02
2.680000e+02 6.526283e-01 1.132889e+02
2.684000e+02 6.528361e-01 1.132447e+02
2.688000e+02 6.525356e-01 1.133455e+02
2.692000e+02 6.522213e-01 1.134621e+02
2.696000e+02 6.515608e-01 1.136746e+02
2.700000e+02 6.507552e-01 1.139304e+02
2.704000e+02 6.498157e-01 1.142251e+02
2.708000e+02 6.487101e-01 1.145663e+02
2.712000e+02 6.474423e-01 1.149533e+02
2.716000e+02 6.464741e-01 1.152706e+02
2.720000e+02 6.448023e-01 1.157739e+02
2.724000e+02 6.431670e-01 1.162732e+02
2.728000e+02 6.390509e-01 1.173838e+02
2.732000e+02 6.343174e-01 1.186295e+02
2.736000e+02 6.397179e-01 1.173330e+02
2.740000e+02 6.389868e-01 1.175672e+02
2.744000e+02 6.306066e-01 1.197409e+02
2.748000e+02 6.366470e-01 1.182762e+02
2.752000e+02 6.360969e-01 1.184923e+02
2.756000e+02 6.347980e-01 1.188945e+02
2.760000e+02 6.323702e-01 1.195763e+02
2.764000e+02 6.282716e-01 1.206583e+02
2.768000e+02 6.282734e-01 1.207485e+02
2.772000e+02 6.297848e-01 1.204367e+02
2.776000e+02 6.296998e-01 1.205271e+02
2.780000e+02 6.288106e-01 1.208201e+02
2.784000e+02 6.275716e-01 1.212039e+02
2.788000e+02 6.265476e-01 1.215344e+02
2.792000e+02 6.247603e-01 1.220573e+02
2.796000e+02 6.218556e-01 1.228631e+02
2.800000e+02 6.217384e-01 1.229736e+02
2.804000e+02 6.217189e-01 1.230588e+02
2.808000e+02 6.203735e-01 1.234787e+02
2.812000e+02 6.189804e-01 1.239142e+02
2.816000e+02 6.175070e-01 1.243720e+02
2.820000e+02 6.159427e-01 1.248597e+02
2.824000e+02 6.144416e-01 1.253346e+02
2.828000e+02 6.062211e-01 1.275429e+02
2.832000e+02 6.107489e-01 1.264719e+02
2.836000e+02 6.098378e-01 1.267782e+02
2.840000e+02 6.090320e-01 1.270390e+02
2.844000e+02 6.076832e-01 1.274461e+02
2.848000e+02 6.068368e-01 1.277205e+02
2.852000e+02 6.053228e-01 1.281769e+02
2.856000e+02 6.027893e-01 1.288889e+02
2.860000e+02 5.861824e-01 1.331167e+02
2.864000e+02 5.929894e-01 1.314885e+02
2.868000e+02 5.994161e-01 1.299769e+02
2.872000e+02 5.988955e-01 1.301957e+02
2.876000e+02 5.977039e-01 1.305819e+02
2.880000e+02 5.962072e-01 1.310454e+02
2.884000e+02 5.941340e-01 1.316520e+02
2.888000e+02 5.856894e-01 1.338413e+02
2.892000e+02 5.878791e-01 1.333895e+02
2.896000e+02 5.900164e-01 1.329627e+02
2.900000e+02 5.888385e-01 1.333563e+02
2.904000e+02 5.876032e-01 1.337610e+02
2.908000e+02 5.856669e-01 1.343430e+02
2.912000e+02 5.841688e-01 1.348180e+02
2.916000e+02 5.826661e-01 1.352969e+02
2.920000e+02 5.812461e-01 1.357557e+02
2.924000e+02 5.793878e-01 1.363282e+02
2.928000e+02 5.767803e-01 1.370904e+02
2.932000e+02 5.530716e-01 1.433095e+02
2.936000e+02 5.696878e-01 1.391152e+02
2.940000e+02 5.722493e-01 1.385581e+02
2.944000e+02 5.710071e-01 1.389649e+02
2.948000e+02 5.694694e-01 1.394514e+02
2.952000e+02 5.677749e-01 1.399831e+02
2.956000e+02 5.659906e-01 1.405418e+02
2.960000e+02 5.640923e-01 1.411335e+02
2.964000e+02 5.620011e-01 1.417805e+02
2.968000e+02 5.599890e-01 1.424086e+02
2.972000e+02 5.562638e-01 1.434858e+02
2.976000e+02 5.553516e-01 1.438336e+02
2.980000e+02 5.521428e-01 1.447760e+02
2.984000e+02 5.441881e-01 1.468702e+02
2.988000e+02 5.465159e-01 1.464521e+02
2.992000e+02 5.467171e-01 1.465087e+02
2.996000e+02 5.447609e-01 1.471230e+02
3.000000e+02 5.428400e-01 1.477385e+02
3.004000e+02 5.397761e-01 1.486480e+02
3.008000e+02 5.346787e-01 1.500765e+02
3.012000e+02 5.321980e-01 1.508420e+02
3.016000e+02 5.237103e-01 1.530927e+02
3.020000e+02 5.221827e-01 1.536428e+02
3.024000e+02 5.267108e-01 1.526860e+02
3.028000e+02 5.241520e-01 1.534856e+02
3.032000e+02 4.982483e-01 1.602871e+02
3.036000e+02 5.189282e-01 1.551544e+02
3.040000e+02 5.168069e-01 1.558842e+02
3.044000e+02 5.132723e-01 1.569822e+02
3.048000e+02 5.091803e-01 1.582226e+02
3.052000e+02 5.064580e-01 1.591067e+02
3.056000e+02 5.040800e-01 1.598827e+02
3.060000e+02 5.012433e-01 1.607785e+02
3.064000e+02 4.980391e-01 1.617840e+02
3.068000e+02 4.944960e-01 1.628926e+02
3.072000e+02 4.906709e-01 1.640887e+02
3.076000e+02 4.865236e-01 1.653829e+02
3.080000e+02 4.821070e-01 1.667632e+02
3.084000e+02 4.772299e-01 1.682803e+02
3.088000e+02 4.719659e-01 1.699211e+02
3.092000e+02 4.661783e-01 1.717254e+02
3.096000e+02 4.595437e-01 1.737796e+02
3.100000e+02 4.487900e-01 1.769072e+02
3.104000e+02 4.446409e-01 1.783576e+02
3.108000e+02 4.392749e-01 1.800690e+02
3.112000e+02 4.345961e-01 1.815727e+02
3.116000e+02 4.290867e-01 1.833147e+02
3.120000e+02 4.224251e-01 1.854093e+02
3.124000e+02 4.143152e-01 1.879443e+02
3.128000e+02 4.047155e-01 1.909351e+02
3.132000e+02 3.936450e-01 1.943669e+02
3.136000e+02 3.818246e-01 1.979961e+02
3.140000e+02 3.728258e-01 2.008357e+02
3.144000e+02 3.656086e-01 2.031705e+02
3.148000e+02 3.567071e-01 2.059872e+02
3.152000e+02 3.457233e-01 2.094319e+02
3.156000e+02 3.317301e-01 2.137409e+02
3.160000e+02 3.130172e-01 2.193478e+02
3.164000e+02 2.928306e-01 2.254726e+02
3.168000e+02 2.833333e-01 2.290093e+02
3.172000e+02 2.605907e-01 2.360411e+02
3.176000e+02 2.450436e-01 2.412228e+02
3.180000e+02 2.228997e-01 2.482806e+02
3.184000e+02 1.979097e-01 2.562550e+02
3.188000e+02 1.699905e-01 2.651962e+02
3.192000e+02 1.391470e-01 2.751250e+02
3.196000e+02 1.057744e-01 2.859413e+02
3.200000e+02 6.099099e-02 2.999682e+02
3.204000e+02 4.201920e-02 3.070024e+02
3.208000e+02 2.254813e-02 3.135996e+02
3.212000e+02 1.541003e-02 3.161017e+02
3.216000e+02 1.370509e-02 3.168523e+02
3.220000e+02 9.669994e-03 3.183980e+02
3.224000e+02 4.844689e-03 3.203111e+02
3.228000e+02 1.599173e-03 3.217733e+02
3.232000e+02 2.978192e-04 3.225846e+02
3.236000e+02 2.386356e-05 3.229892e+02
3.240000e+02 5.711106e-07 3.232316e+02
3.244000e+02 3.074976e-09 3.233950e+02
3.248000e+02 7.215237e-12 3.234888e+02
3.252000e+02 4.514049e-13 3.235116e+02
3.256000e+02 4.938952e-11 3.234629e+02
3.260000e+02 2.038464e-08 3.233442e+02
3.264000e+02 2.302205e-06 3.231553e+02
3.268000e+02 6.102902e-05 3.228704e+02
3.272000e+02 6.000766e-04 3.223358e+02
3.276000e+02 2.841520e-03 3.211592e+02
3.280000e+02 8.441765e-03 3.188496e+02
3.284000e+02 1.856962e-02 3.151006e+02
3.288000e+02 3.315781e-02 3.099816e+02
3.292000e+02 5.135144e-02 3.037943e+02
3.296000e+02 7.189788e-02 2.969440e+02
3.300000e+02 9.363626e-02 2.897966e+02
3.304000e+02 1.155211e-01 2.826695e+02
3.308000e+02 1.368300e-01 2.757786e+02
3.312000e+02 1.570803e-01 2.692648e+02
3.316000e+02 1.759533e-01 2.632167e+02
3.320000e+02 1.932126e-01 2.576953e+02
3.324000e+02 2.081491e-01 2.528714e+02
3.328000e+02 2.148822e-01 2.502240e+02
3.332000e+02 2.356017e-01 2.441814e+02
3.336000e+02 2.476846e-01 2.404087e+02
3.340000e+02 2.575913e-01 2.372844e+02
3.344000e+02 2.658122e-01 2.346889e+02
3.348000e+02 2.721331e-01 2.326733e+02
3.352000e+02 2.748446e-01 2.316405e+02
3.356000e+02 2.820739e-01 2.294898e+02
3.360000e+02 2.883434e-01 2.275644e+02
3.364000e+02 2.948630e-01 2.255366e+02
3.368000e+02 3.018336e-01 2.233635e+02
3.372000e+02 3.082077e-01 2.213645e+02
3.376000e+02 3.134306e-01 2.197151e+02
3.380000e+02 3.181031e-01 2.182627e+02
3.384000e+02 3.216646e-01 2.171433e+02
3.388000e+02 3.243976e-01 2.162751e+02
3.392000e+02 3.269733e-01 2.154806e+02
3.396000e+02 3.288961e-01 2.148785e+02
3.400000e+02 3.304002e-01 2.144078e+02
3.404000e+02 3.315446e-01 2.140500e+02
3.408000e+02 3.323425e-01 2.137994e+02
3.412000e+02 3.329034e-01 2.136265e+02
3.416000e+02 3.331599e-01 2.135466e+02
3.420000e+02 3.331228e-01 2.135558e+02
3.424000e+02 3.328597e-01 2.136360e+02
3.428000e+02 3.321529e-01 2.138393e+02
3.432000e+02 3.194080e-01 2.171464e+02
3.436000e+02 3.299612e-01 2.144805e+02
3.440000e+02 3.299207e-01 2.145572e+02
3.444000e+02 3.287511e-01 2.149273e+02
3.448000e+02 3.269779e-01 2.154573e+02
3.452000e+02 3.253902e-01 2.159493e+02
3.456000e+02 3.240432e-01 2.163891e+02
3.460000e+02 3.224526e-01 2.168973e+02
3.464000e+02 3.208848e-01 2.174102e+02
3.468000e+02 3.189648e-01 2.180186e+02
3.472000e+02 3.166860e-01 2.187292e+02
3.476000e+02 3.146103e-01 2.193917e+02
3.480000e+02 3.121322e-01 2.201676e+02
3.484000e+02 3.096540e-01 2.209509e+02
3.488000e+02 3.069096e-01 2.218113e+02
3.492000e+02 3.041225e-01 2.226879e+02
3.496000e+02 3.009079e-01 2.236814e+02
3.500000e+02 2.979298e-01 2.246251e+02
3.504000e+02 2.946733e-01 2.256481e+02
3.508000e+02 2.910267e-01 2.267789e+02
3.512000e+02 2.867708e-01 2.280700e+02
3.516000e+02 2.802254e-01 2.299176e+02
3.520000e+02 2.774526e-01 2.308586e+02
3.524000e+02 2.644140e-01 2.343636e+02
3.528000e+02 2.442151e-01 2.399234e+02
3.532000e+02 2.681179e-01 2.339437e+02
3.536000e+02 2.649500e-01 2.350056e+02
3.540000e+02 2.609158e-01 2.362928e+02
3.544000e+02 2.564927e-01 2.376868e+02
3.548000e+02 2.510538e-01 2.393418e+02
3.552000e+02 2.459725e-01 2.409227e+02
3.556000e+02 2.424127e-01 2.421373e+02
3.560000e+02 2.373982e-01 2.437200e+02
3.564000e+02 2.314299e-01 2.455583e+02
3.568000e+02 2.272836e-01 2.469300e+02
3.572000e+02 2.215708e-01 2.487132e+02
3.576000e+02 2.013964e-01 2.542076e+02
3.580000e+02 2.087413e-01 2.526623e+02
3.584000e+02 2.026999e-01 2.545630e+02
3.588000e+02 1.792847e-01 2.608607e+02
3.592000e+02 1.913320e-01 2.582232e+02
3.596000e+02 1.770886e-01 2.622504e+02
3.600000e+02 1.798523e-01 2.619659e+02
3.604000e+02 1.740419e-01 2.638709e+02
3.608000e+02 1.674824e-01 2.659744e+02
3.612000e+02 1.606743e-01 2.681519e+02
3.616000e+02 1.522425e-01 2.707500e+02
3.620000e+02 1.466188e-01 2.726547e+02
3.624000e+02 1.395196e-01 2.749434e+02
3.628000e+02 1.321599e-01 2.773086e+02
3.632000e+02 1.243561e-01 2.797956e+02
3.636000e+02 1.155226e-01 2.825541e+02
3.640000e+02 1.090874e-01 2.847189e+02
3.644000e+02 8.930768e-02 2.902983e+02
3.648000e+02 9.370244e-02 2.897120e+02
3.652000e+02 8.653858e-02 2.920947e+02
3.656000e+02 7.884393e-02 2.946161e+02
3.660000e+02 7.098122e-02 2.971885e+02
3.664000e+02 6.287465e-02 2.998319e+02
3.668000e+02 4.892753e-02 3.039922e+02
3.672000e+02 4.597173e-02 3.053472e+02
3.676000e+02 3.601195e-02 3.085374e+02
3.680000e+02 2.310355e-02 3.125170e+02
3.684000e+02 5.691612e-03 3.174889e+02
3.688000e+02 1.156040e-02 3.164395e+02
3.692000e+02 1.631729e-02 3.155235e+02
3.696000e+02 1.562928e-02 3.160421e+02
3.700000e+02 1.316083e-02 3.170515e+02
3.704000e+02 1.037383e-02 3.181431e+02
3.708000e+02 7.721132e-03 3.191825e+02
3.712000e+02 5.485101e-03 3.200890e+02
3.716000e+02 3.736743e-03 3.208401e+02
3.720000e+02 2.376137e-03 3.214588e+02
3.724000e+02 1.406051e-03 3.219449e+02
3.728000e+02 7.627106e-04 3.223168e+02
3.732000e+02 3.726471e-04 3.225965e+02
3.736000e+02 1.600597e-04 3.228072e+02
3.740000e+02 5.846952e-05 3.229703e+02
3.744000e+02 1.740776e-05 3.231028e+02
3.748000e+02 3.982856e-06 3.232163e+02
3.752000e+02 5.751569e-07 3.233179e+02
3.756000e+02 6.774775e-08 3.234109e+02
3.760000e+02 3.820864e-09 3.234966e+02
3.764000e+02 9.486123e-11 3.235754e+02
3.768000e+02 7.258444e-13 3.236470e+02
3.772000e+02 1.072399e-15 3.237114e+02
3.776000e+02 1.343529e-19 3.237683e+02
3.780000e+02 4.263633e-25 3.238173e+02
3.784000e+02 5.203838e-33 3.238583e+02
3.788000e+02 1.722355e-44 3.238911e+02
3.792000e+02 6.710058e-61 3.239156e+02
3.796000e+02 2.091342e-82 3.239316e+02
3.800000e+02 4.421151e-103 3.239392e+02
3.804000e+02 5.653431e-101 3.239383e+02
3.808000e+02 6.657342e-79 3.239291e+02
3.812000e+02 5.512073e-58 3.239115e+02
3.816000e+02 1.658105e-42 3.238859e+02
3.820000e+02 9.015691e-32 3.238524e+02
3.824000e+02 2.228883e-24 3.238112e+02
3.828000e+02 3.259976e-19 3.237626e+02
3.832000e+02 1.594887e-15 3.237070e+02
3.836000e+02 7.961753e-13 3.236449e+02
3.840000e+02 8.304504e-11 3.235765e+02
3.844000e+02 2.884581e-09 3.235025e+02
3.848000e+02 4.543032e-08 3.234231e+02
3.852000e+02 4.007559e-07 3.233384e+02
3.856000e+02 2.299862e-06 3.232477e+02
3.860000e+02 9.706878e-06 3.231490e+02
3.864000e+02 3.231482e-05 3.230384e+02
3.868000e+02 8.779523e-05 3.229098e+02
3.872000e+02 1.982730e-04 3.227561e+02
3.876000e+02 4.098308e-04 3.225645e+02
3.880000e+02 7.420167e-04 3.223297e+02
3.884000e+02 1.218730e-03 3.220474e+02
3.888000e+02 1.832474e-03 3.217244e+02
3.892000e+02 2.532005e-03 3.213824e+02
3.896000e+02 3.216928e-03 3.210564e+02
3.900000e+02 3.826075e-03 3.207567e+02
3.904000e+02 4.591295e-03 3.203854e+02
3.908000e+02 6.125499e-03 3.197460e+02
3.912000e+02 8.727230e-03 3.187593e+02
3.916000e+02 1.196960e-02 3.175596e+02
3.920000e+02 1.554621e-02 3.162556e+02
3.924000e+02 1.918540e-02 3.149324e+02
3.928000e+02 2.277187e-02 3.136264e+02
3.932000e+02 2.723745e-02 3.121101e+02
3.936000e+02 3.135097e-02 3.106878e+02
3.940000e+02 3.545387e-02 3.092760e+02
3.944000e+02 3.957366e-02 3.078683e+02
3.948000e+02 4.363777e-02 3.064835e+02
3.952000e+02 4.761289e-02 3.051304e+02
3.956000e+02 5.176556e-02 3.037438e+02
3.960000e+02 5.569451e-02 3.024233e+02
3.964000e+02 5.887754e-02 3.012985e+02
3.968000e+02 6.303627e-02 2.999433e+02
3.972000e+02 6.683063e-02 2.986915e+02
3.976000e+02 7.074027e-02 2.974229e+02
3.980000e+02 7.425805e-02 2.962636e+02
3.984000e+02 7.762837e-02 2.951533e+02
3.988000e+02 8.084166e-02 2.940946e+02
3.992000e+02 8.376054e-02 2.931223e+02
3.996000e+02 8.668346e-02 2.921601e+02
4.000000e+02 8.718738e-02 2.918161e+02
