0.1 1 0
1.000000e+01 9.963304e-01 3.588685e+00
1.050000e+01 9.962691e-01 3.603787e+00
1.100000e+01 9.961854e-01 3.623774e+00
1.150000e+01 9.961459e-01 3.634367e+00
1.200000e+01 9.960771e-01 3.651434e+00
1.250000e+01 9.960013e-01 3.670174e+00
1.300000e+01 9.959191e-01 3.690501e+00
1.350000e+01 9.958300e-01 3.712567e+00
1.400000e+01 9.957337e-01 3.736463e+00
1.450000e+01 9.956274e-01 3.762798e+00
1.500000e+01 9.955047e-01 3.793051e+00
1.550000e+01 9.953871e-01 3.822737e+00
1.600000e+01 9.952408e-01 3.859120e+00
1.650000e+01 9.950854e-01 3.898289e+00
1.700000e+01 9.949032e-01 3.944205e+00
1.750000e+01 9.946872e-01 3.998747e+00
1.800000e+01 9.944258e-01 4.064992e+00
1.850000e+01 9.940989e-01 4.148167e+00
1.900000e+01 9.936728e-01 4.256910e+00
1.950000e+01 9.930913e-01 4.405762e+00
2.000000e+01 9.922568e-01 4.619712e+00
2.050000e+01 9.910044e-01 4.940742e+00
2.100000e+01 9.890804e-01 5.432458e+00
2.150000e+01 9.862440e-01 6.150024e+00
2.200000e+01 9.830242e-01 6.944655e+00
2.250000e+01 9.825630e-01 7.062666e+00
2.300000e+01 9.849164e-01 6.486215e+00
2.350000e+01 9.871752e-01 5.913710e+00
2.400000e+01 9.887008e-01 5.520009e+00
2.450000e+01 9.896881e-01 5.264674e+00
2.500000e+01 9.902438e-01 5.118049e+00
2.550000e+01 9.905149e-01 5.043469e+00
2.600000e+01 9.906918e-01 4.995764e+00
2.650000e+01 9.907221e-01 4.984600e+00
2.700000e+01 9.906681e-01 4.994851e+00
2.750000e+01 9.905505e-01 5.021200e+00
2.800000e+01 9.903915e-01 5.058275e+00
2.850000e+01 9.901890e-01 5.106290e+00
2.900000e+01 9.898316e-01 5.189329e+00
2.950000e+01 9.896766e-01 5.229107e+00
3.000000e+01 9.891413e-01 5.352440e+00
3.050000e+01 9.889234e-01 5.408436e+00
3.100000e+01 9.887100e-01 5.463536e+00
3.150000e+01 9.883355e-01 5.554718e+00
3.200000e+01 9.879279e-01 5.653848e+00
3.250000e+01 9.874909e-01 5.760206e+00
3.300000e+01 9.870221e-01 5.874293e+00
3.350000e+01 9.865202e-01 5.996417e+00
3.400000e+01 9.859848e-01 6.126749e+00
3.450000e+01 9.854115e-01 6.266247e+00
3.500000e+01 9.847961e-01 6.415877e+00
3.550000e+01 9.841380e-01 6.575847e+00
3.600000e+01 9.831362e-01 6.812834e+00
3.650000e+01 9.826835e-01 6.929412e+00
3.700000e+01 9.818803e-01 7.124645e+00
3.750000e+01 9.809930e-01 7.339415e+00
3.800000e+01 9.800074e-01 7.576987e+00
3.850000e+01 9.790845e-01 7.803415e+00
3.900000e+01 9.780092e-01 8.064407e+00
3.950000e+01 9.768264e-01 8.350790e+00
4.000000e+01 9.755878e-01 8.651585e+00
4.050000e+01 9.742210e-01 8.982736e+00
4.100000e+01 9.727347e-01 9.342654e+00
4.150000e+01 9.711151e-01 9.734636e+00
4.200000e+01 9.693438e-01 1.016307e+01
4.250000e+01 9.673921e-01 1.063452e+01
4.300000e+01 9.652273e-01 1.115664e+01
4.350000e+01 9.628487e-01 1.173022e+01
4.400000e+01 9.603277e-01 1.234116e+01
4.450000e+01 9.574831e-01 1.302883e+01
4.500000e+01 9.542687e-01 1.380422e+01
4.550000e+01 9.507311e-01 1.465904e+01
4.600000e+01 9.467245e-01 1.562601e+01
4.650000e+01 9.421993e-01 1.671798e+01
4.700000e+01 9.370584e-01 1.795848e+01
4.750000e+01 9.311811e-01 1.937681e+01
4.800000e+01 9.244107e-01 2.101100e+01
4.850000e+01 9.165398e-01 2.291154e+01
4.900000e+01 9.072912e-01 2.514616e+01
4.950000e+01 8.962633e-01 2.781280e+01
5.000000e+01 8.827165e-01 3.108840e+01
5.050000e+01 8.661138e-01 3.511921e+01
5.100000e+01 8.438446e-01 4.052780e+01
5.150000e+01 8.101924e-01 4.870124e+01
5.200000e+01 7.665982e-01 5.930969e+01
5.250000e+01 6.988289e-01 7.585791e+01
5.300000e+01 5.963661e-01 1.009430e+02
5.350000e+01 4.544792e-01 1.359972e+02
5.400000e+01 2.877697e-01 1.780962e+02
5.450000e+01 1.363614e-01 2.181601e+02
5.500000e+01 4.229083e-02 2.456528e+02
5.550000e+01 6.720280e-03 2.588593e+02
5.600000e+01 2.567136e-04 2.635944e+02
5.650000e+01 7.174821e-06 2.652809e+02
5.700000e+01 1.398165e-08 2.661540e+02
5.750000e+01 2.180897e-08 2.667193e+02
5.800000e+01 1.576609e-08 2.671334e+02
5.850000e+01 3.742579e-13 2.674048e+02
5.900000e+01 7.204441e-11 2.674545e+02
5.950000e+01 1.933090e-12 2.675383e+02
6.000000e+01 5.642878e-11 2.676925e+02
6.050000e+01 8.467321e-16 2.677998e+02
6.100000e+01 2.297362e-11 2.677091e+02
6.150000e+01 1.128875e-09 2.676137e+02
6.200000e+01 9.135663e-10 2.675065e+02
6.250000e+01 7.528892e-15 2.672327e+02
6.300000e+01 1.392034e-11 2.663913e+02
6.350000e+01 4.045850e-05 2.647728e+02
6.400000e+01 2.410356e-03 2.614684e+02
6.450000e+01 2.496921e-02 2.518193e+02
6.500000e+01 1.031149e-01 2.283025e+02
6.550000e+01 2.409621e-01 1.913168e+02
6.600000e+01 3.995761e-01 1.506844e+02
6.650000e+01 5.398741e-01 1.155098e+02
6.700000e+01 6.456388e-01 8.926232e+01
6.750000e+01 7.187885e-01 7.120233e+01
6.800000e+01 7.694186e-01 5.878390e+01
6.850000e+01 8.042828e-01 5.025309e+01
6.900000e+01 8.298058e-01 4.403543e+01
6.950000e+01 8.492327e-01 3.931807e+01
7.000000e+01 8.648163e-01 3.554585e+01
7.050000e+01 8.776271e-01 3.245079e+01
7.100000e+01 8.883991e-01 2.985260e+01
7.150000e+01 8.975709e-01 2.764290e+01
7.200000e+01 9.055163e-01 2.573156e+01
7.250000e+01 9.123948e-01 2.407768e+01
7.300000e+01 9.184588e-01 2.262156e+01
7.350000e+01 9.237872e-01 2.134262e+01
7.400000e+01 9.284991e-01 2.021217e+01
7.450000e+01 9.326958e-01 1.920598e+01
7.500000e+01 9.363942e-01 1.831793e+01
7.550000e+01 9.396736e-01 1.752916e+01
7.600000e+01 9.427619e-01 1.679155e+01
7.650000e+01 9.424754e-01 1.679526e+01
7.700000e+01 9.480836e-01 1.552048e+01
7.750000e+01 9.500754e-01 1.503812e+01
7.800000e+01 9.525301e-01 1.446248e+01
7.850000e+01 9.544501e-01 1.400659e+01
7.900000e+01 9.558545e-01 1.367008e+01
7.950000e+01 9.576887e-01 1.323809e+01
8.000000e+01 9.590429e-01 1.291720e+01
8.050000e+01 9.602898e-01 1.262053e+01
8.100000e+01 9.616187e-01 1.230515e+01
8.150000e+01 9.629299e-01 1.199303e+01
8.200000e+01 9.641277e-01 1.170739e+01
8.250000e+01 9.652083e-01 1.144998e+01
8.300000e+01 9.661886e-01 1.121695e+01
8.350000e+01 9.670838e-01 1.100462e+01
8.400000e+01 9.679057e-01 1.081011e+01
8.450000e+01 9.686638e-01 1.063112e+01
8.500000e+01 9.693613e-01 1.046677e+01
8.550000e+01 9.700058e-01 1.031529e+01
8.600000e+01 9.706005e-01 1.017591e+01
8.650000e+01 9.711443e-01 1.004885e+01
8.700000e+01 9.716423e-01 9.933009e+00
8.750000e+01 9.720947e-01 9.828237e+00
8.800000e+01 9.725154e-01 9.730843e+00
8.850000e+01 9.729311e-01 9.634408e+00
8.900000e+01 9.733301e-01 9.542080e+00
8.950000e+01 9.736850e-01 9.460320e+00
9.000000e+01 9.739826e-01 9.392413e+00
9.050000e+01 9.742879e-01 9.322796e+00
9.100000e+01 9.745311e-01 9.268005e+00
9.150000e+01 9.747768e-01 9.213189e+00
9.200000e+01 9.749760e-01 9.169283e+00
9.250000e+01 9.751435e-01 9.132890e+00
9.300000e+01 9.752622e-01 9.107620e+00
9.350000e+01 9.751883e-01 9.123856e+00
9.400000e+01 9.727028e-01 9.671463e+00
9.450000e+01 9.754659e-01 9.069032e+00
9.500000e+01 9.756153e-01 9.040024e+00
9.550000e+01 9.755604e-01 9.055469e+00
9.600000e+01 9.748389e-01 9.213866e+00
9.650000e+01 9.751047e-01 9.161785e+00
9.700000e+01 9.755971e-01 9.062984e+00
9.750000e+01 9.756034e-01 9.068331e+00
9.800000e+01 9.755120e-01 9.095465e+00
9.850000e+01 9.754272e-01 9.121773e+00
9.900000e+01 9.752482e-01 9.169575e+00
9.950000e+01 9.750194e-01 9.229210e+00
1.000000e+02 9.746863e-01 9.311923e+00
1.005000e+02 9.735557e-01 9.571156e+00
1.010000e+02 9.739761e-01 9.488389e+00
1.015000e+02 9.725798e-01 9.798693e+00
1.020000e+02 9.723842e-01 9.855069e+00
1.025000e+02 9.731581e-01 9.707300e+00
1.030000e+02 9.728316e-01 9.795128e+00
1.035000e+02 9.721504e-01 9.960674e+00
1.040000e+02 9.709057e-01 1.024896e+01
1.045000e+02 9.711617e-01 1.021654e+01
1.050000e+02 9.705057e-01 1.038265e+01
1.055000e+02 9.697055e-01 1.058209e+01
1.060000e+02 9.687878e-01 1.080957e+01
1.065000e+02 9.677400e-01 1.106813e+01
1.070000e+02 9.665478e-01 1.136134e+01
1.075000e+02 9.651793e-01 1.169662e+01
1.080000e+02 9.635717e-01 1.208850e+01
1.085000e+02 9.617940e-01 1.252195e+01
1.090000e+02 9.596322e-01 1.304477e+01
1.095000e+02 9.549507e-01 1.412169e+01
1.100000e+02 9.541351e-01 1.436798e+01
1.105000e+02 9.499203e-01 1.535697e+01
1.110000e+02 9.435736e-01 1.681730e+01
1.115000e+02 9.419944e-01 1.729037e+01
1.120000e+02 9.363881e-01 1.864268e+01
1.125000e+02 9.292070e-01 2.036353e+01
1.130000e+02 9.201216e-01 2.253511e+01
1.135000e+02 9.085430e-01 2.529938e+01
1.140000e+02 8.933765e-01 2.891500e+01
1.145000e+02 8.732472e-01 3.370997e+01
1.150000e+02 8.425465e-01 4.096543e+01
1.155000e+02 8.067827e-01 4.954676e+01
1.160000e+02 7.500409e-01 6.308994e+01
1.165000e+02 6.641597e-01 8.364452e+01
1.170000e+02 5.314076e-01 1.156110e+02
1.175000e+02 3.329954e-01 1.640684e+02
1.180000e+02 1.013378e-01 2.230597e+02
1.185000e+02 1.457060e-03 2.538179e+02
1.190000e+02 1.473662e-03 2.537704e+02
1.195000e+02 1.035153e-01 2.224318e+02
1.200000e+02 3.389422e-01 1.625892e+02
1.205000e+02 5.389350e-01 1.138156e+02
1.210000e+02 6.717603e-01 8.187406e+01
1.215000e+02 7.572323e-01 6.144699e+01
1.220000e+02 8.134555e-01 4.805167e+01
1.225000e+02 8.516884e-01 3.895710e+01
1.230000e+02 8.784465e-01 3.259336e+01
1.235000e+02 8.973184e-01 2.809146e+01
1.240000e+02 9.024336e-01 2.664581e+01
1.245000e+02 9.225701e-01 2.208167e+01
1.250000e+02 9.312531e-01 2.002171e+01
1.255000e+02 9.323644e-01 1.961524e+01
1.260000e+02 9.441797e-01 1.696582e+01
1.265000e+02 9.492722e-01 1.577131e+01
1.270000e+02 9.532512e-01 1.483081e+01
1.275000e+02 9.563730e-01 1.408877e+01
1.280000e+02 9.585808e-01 1.355423e+01
1.285000e+02 9.607529e-01 1.303697e+01
1.290000e+02 9.631960e-01 1.247142e+01
1.295000e+02 9.648576e-01 1.207946e+01
1.300000e+02 9.662839e-01 1.174295e+01
1.305000e+02 9.674883e-01 1.145902e+01
1.310000e+02 9.681297e-01 1.130304e+01
1.315000e+02 9.694454e-01 1.099991e+01
1.320000e+02 9.702358e-01 1.081547e+01
1.325000e+02 9.708316e-01 1.067568e+01
1.330000e+02 9.715091e-01 1.052055e+01
1.335000e+02 9.721192e-01 1.038130e+01
1.340000e+02 9.725177e-01 1.029152e+01
1.345000e+02 9.728761e-01 1.021226e+01
1.350000e+02 9.733616e-01 1.010221e+01
1.355000e+02 9.736638e-01 1.003622e+01
1.360000e+02 9.738827e-01 9.989671e+00
1.365000e+02 9.738983e-01 9.988502e+00
1.370000e+02 9.733232e-01 1.011811e+01
1.375000e+02 9.743584e-01 9.899043e+00
1.380000e+02 9.744836e-01 9.879349e+00
1.385000e+02 9.745497e-01 9.871739e+00
1.390000e+02 9.746833e-01 9.846822e+00
1.395000e+02 9.748750e-01 9.807693e+00
1.400000e+02 9.747541e-01 9.841214e+00
1.405000e+02 9.749918e-01 9.791898e+00
1.410000e+02 9.749003e-01 9.819193e+00
1.415000e+02 9.744730e-01 9.920333e+00
1.420000e+02 9.689307e-01 1.112829e+01
1.425000e+02 9.725742e-01 1.035301e+01
1.430000e+02 9.743287e-01 9.993225e+00
1.435000e+02 9.743815e-01 9.997956e+00
1.440000e+02 9.743520e-01 1.001393e+01
1.445000e+02 9.741444e-01 1.006124e+01
1.450000e+02 9.691019e-01 1.117517e+01
1.455000e+02 9.745885e-01 9.973934e+00
1.460000e+02 9.747887e-01 9.938636e+00
1.465000e+02 9.748502e-01 9.934347e+00
1.470000e+02 9.748054e-01 9.954594e+00
1.475000e+02 9.747079e-01 9.987346e+00
1.480000e+02 9.745242e-01 1.003970e+01
1.485000e+02 9.737644e-01 1.021746e+01
1.490000e+02 9.736288e-01 1.026154e+01
1.495000e+02 9.739491e-01 1.020897e+01
1.500000e+02 9.735864e-01 1.030560e+01
1.505000e+02 9.727157e-01 1.050851e+01
1.510000e+02 9.725789e-01 1.055525e+01
1.515000e+02 9.730858e-01 1.046279e+01
1.520000e+02 9.731323e-01 1.046589e+01
1.525000e+02 9.731435e-01 1.047425e+01
1.530000e+02 9.729869e-01 1.052191e+01
1.535000e+02 9.725597e-01 1.062923e+01
1.540000e+02 9.650321e-01 1.231915e+01
1.545000e+02 9.722030e-01 1.073963e+01
1.550000e+02 9.722510e-01 1.074763e+01
1.555000e+02 9.720606e-01 1.080760e+01
1.560000e+02 9.715762e-01 1.093287e+01
1.565000e+02 9.714103e-01 1.099049e+01
1.570000e+02 9.712815e-01 1.103706e+01
1.575000e+02 9.710017e-01 1.111904e+01
1.580000e+02 9.706958e-01 1.120773e+01
1.585000e+02 9.702539e-01 1.132786e+01
1.590000e+02 9.700015e-01 1.140566e+01
1.595000e+02 9.696010e-01 1.151791e+01
1.600000e+02 9.692166e-01 1.162722e+01
1.605000e+02 9.688047e-01 1.174363e+01
1.610000e+02 9.683595e-01 1.186837e+01
1.615000e+02 9.678941e-01 1.199850e+01
1.620000e+02 9.673854e-01 1.213959e+01
1.625000e+02 9.668343e-01 1.229141e+01
1.630000e+02 9.662293e-01 1.245653e+01
1.635000e+02 9.655566e-01 1.263804e+01
1.640000e+02 9.647535e-01 1.284959e+01
1.645000e+02 9.634379e-01 1.317196e+01
1.650000e+02 9.518659e-01 1.575689e+01
1.655000e+02 9.586033e-01 1.429167e+01
1.660000e+02 9.560645e-01 1.488426e+01
1.665000e+02 9.600853e-01 1.408336e+01
1.670000e+02 9.595792e-01 1.424858e+01
1.675000e+02 9.567222e-01 1.492815e+01
1.680000e+02 9.574465e-01 1.483089e+01
1.685000e+02 9.562951e-01 1.514856e+01
1.690000e+02 9.544402e-01 1.562668e+01
1.695000e+02 9.533130e-01 1.594722e+01
1.700000e+02 9.514436e-01 1.643980e+01
1.705000e+02 9.496254e-01 1.692752e+01
1.710000e+02 9.474085e-01 1.751233e+01
1.715000e+02 9.447539e-01 1.820304e+01
1.720000e+02 9.422063e-01 1.888385e+01
1.725000e+02 9.390504e-01 1.971157e+01
1.730000e+02 9.353733e-01 2.066970e+01
1.735000e+02 9.270402e-01 2.268466e+01
1.740000e+02 9.264331e-01 2.300017e+01
1.745000e+02 9.207891e-01 2.446446e+01
1.750000e+02 9.134603e-01 2.632699e+01
1.755000e+02 9.009135e-01 2.936041e+01
1.760000e+02 8.957655e-01 3.085396e+01
1.765000e+02 8.864972e-01 3.333304e+01
1.770000e+02 8.738522e-01 3.662022e+01
1.775000e+02 8.579115e-01 4.074056e+01
1.780000e+02 8.379049e-01 4.590016e+01
1.785000e+02 8.125605e-01 5.242556e+01
1.790000e+02 7.803982e-01 6.070902e+01
1.795000e+02 7.388007e-01 7.141442e+01
1.800000e+02 6.836547e-01 8.557894e+01
1.805000e+02 6.143151e-01 1.034609e+02
1.810000e+02 5.239569e-01 1.267490e+02
1.815000e+02 4.130347e-01 1.553886e+02
1.820000e+02 2.896851e-01 1.873154e+02
1.825000e+02 1.765935e-01 2.166433e+02
1.830000e+02 1.028762e-01 2.355804e+02
1.835000e+02 9.535098e-02 2.373976e+02
1.840000e+02 1.601560e-01 2.208205e+02
1.845000e+02 2.635509e-01 1.938787e+02
1.850000e+02 3.862002e-01 1.622763e+02
1.855000e+02 4.964905e-01 1.338195e+02
1.860000e+02 5.880906e-01 1.102497e+02
1.865000e+02 6.598399e-01 9.179580e+01
1.870000e+02 7.153596e-01 7.752588e+01
1.875000e+02 7.583853e-01 6.647571e+01
1.880000e+02 7.918309e-01 5.788450e+01
1.885000e+02 8.182797e-01 5.109650e+01
1.890000e+02 8.392381e-01 4.571268e+01
1.895000e+02 8.562113e-01 4.135561e+01
1.900000e+02 8.699990e-01 3.781403e+01
1.905000e+02 8.812074e-01 3.492852e+01
1.910000e+02 8.907548e-01 3.248023e+01
1.915000e+02 8.986236e-01 3.045694e+01
1.920000e+02 9.052132e-01 2.876072e+01
1.925000e+02 9.107358e-01 2.733687e+01
1.930000e+02 9.150130e-01 2.621443e+01
1.935000e+02 9.175853e-01 2.548537e+01
1.940000e+02 9.226305e-01 2.425691e+01
1.945000e+02 9.258093e-01 2.343355e+01
1.950000e+02 9.270988e-01 2.302044e+01
1.955000e+02 9.031918e-01 2.803156e+01
1.960000e+02 9.321143e-01 2.173922e+01
1.965000e+02 9.358058e-01 2.087259e+01
1.970000e+02 9.378844e-01 2.035494e+01
1.975000e+02 9.394388e-01 1.995876e+01
1.980000e+02 9.406562e-01 1.964632e+01
1.985000e+02 9.420386e-01 1.929872e+01
1.990000e+02 9.428219e-01 1.909088e+01
1.995000e+02 9.426379e-01 1.909942e+01
2.000000e+02 9.440604e-01 1.877113e+01
2.005000e+02 9.437975e-01 1.880969e+01
2.010000e+02 9.401265e-01 1.958060e+01
2.015000e+02 9.443725e-01 1.867339e+01
2.020000e+02 9.451519e-01 1.851426e+01
2.025000e+02 9.449356e-01 1.858193e+01
2.030000e+02 9.442266e-01 1.875920e+01
2.035000e+02 9.435081e-01 1.891267e+01
2.040000e+02 9.457902e-01 1.837653e+01
2.045000e+02 9.475351e-01 1.794306e+01
2.050000e+02 9.487927e-01 1.762465e+01
2.055000e+02 9.495889e-01 1.741971e+01
2.060000e+02 9.491115e-01 1.749723e+01
2.065000e+02 9.502515e-01 1.724303e+01
2.070000e+02 9.511342e-01 1.703587e+01
2.075000e+02 9.510459e-01 1.705031e+01
2.080000e+02 9.511265e-01 1.702004e+01
2.085000e+02 9.438564e-01 1.857041e+01
2.090000e+02 9.501755e-01 1.721202e+01
2.095000e+02 9.515915e-01 1.691745e+01
2.100000e+02 9.521759e-01 1.678965e+01
2.105000e+02 9.506764e-01 1.711383e+01
2.110000e+02 9.508631e-01 1.707138e+01
2.115000e+02 9.527220e-01 1.667712e+01
2.120000e+02 9.529713e-01 1.662751e+01
2.125000e+02 9.530631e-01 1.661246e+01
2.130000e+02 9.530848e-01 1.661332e+01
2.135000e+02 9.530610e-01 1.662452e+01
2.140000e+02 9.529313e-01 1.665911e+01
2.145000e+02 9.521499e-01 1.683208e+01
2.150000e+02 9.308655e-01 2.150480e+01
2.155000e+02 9.523264e-01 1.681264e+01
2.160000e+02 9.525519e-01 1.677823e+01
2.165000e+02 9.529865e-01 1.668900e+01
2.170000e+02 9.529854e-01 1.669889e+01
2.175000e+02 9.526299e-01 1.679040e+01
2.180000e+02 9.527627e-01 1.676780e+01
2.185000e+02 9.527851e-01 1.677365e+01
2.190000e+02 9.527165e-01 1.679991e+01
2.195000e+02 9.526102e-01 1.683465e+01
2.200000e+02 9.524412e-01 1.688414e+01
2.205000e+02 9.523937e-01 1.690678e+01
2.210000e+02 9.522559e-01 1.695020e+01
2.215000e+02 9.520889e-01 1.700079e+01
2.220000e+02 9.519100e-01 1.705510e+01
2.225000e+02 9.516497e-01 1.712866e+01
2.230000e+02 9.513686e-01 1.720894e+01
2.235000e+02 9.509818e-01 1.731530e+01
2.240000e+02 9.504294e-01 1.746290e+01
2.245000e+02 9.496339e-01 1.767055e+01
2.250000e+02 9.482549e-01 1.801441e+01
2.255000e+02 9.461971e-01 1.850336e+01
2.260000e+02 9.335338e-01 2.125317e+01
2.265000e+02 9.451954e-01 1.873679e+01
2.270000e+02 9.476420e-01 1.819676e+01
2.275000e+02 9.486842e-01 1.795680e+01
2.280000e+02 9.491461e-01 1.785125e+01
2.285000e+02 9.493004e-01 1.781964e+01
2.290000e+02 9.491581e-01 1.785710e+01
2.295000e+02 9.455840e-01 1.864565e+01
2.300000e+02 9.483728e-01 1.805055e+01
2.305000e+02 9.471794e-01 1.831946e+01
2.310000e+02 9.432614e-01 1.916582e+01
2.315000e+02 9.405323e-01 1.976682e+01
2.320000e+02 9.463709e-01 1.856066e+01
2.325000e+02 9.459738e-01 1.868080e+01
2.330000e+02 9.438556e-01 1.919143e+01
2.335000e+02 9.374530e-01 2.063480e+01
2.340000e+02 9.141597e-01 2.551330e+01
2.345000e+02 9.386559e-01 2.039919e+01
2.350000e+02 9.424448e-01 1.954084e+01
2.355000e+02 9.338945e-01 2.132730e+01
2.360000e+02 9.384194e-01 2.036707e+01
2.365000e+02 9.432419e-01 1.935649e+01
2.370000e+02 9.261480e-01 2.300259e+01
2.375000e+02 9.404906e-01 1.996498e+01
2.380000e+02 9.440714e-01 1.923168e+01
2.385000e+02 9.415336e-01 1.980252e+01
2.390000e+02 9.119531e-01 2.615776e+01
2.395000e+02 9.381435e-01 2.057318e+01
2.400000e+02 9.393730e-01 2.035573e+01
2.405000e+02 9.412364e-01 1.999741e+01
2.410000e+02 9.415519e-01 1.996051e+01
2.415000e+02 9.403401e-01 2.024968e+01
2.420000e+02 9.357695e-01 2.121667e+01
2.425000e+02 9.275999e-01 2.293990e+01
2.430000e+02 9.381801e-01 2.069281e+01
2.435000e+02 8.811333e-01 3.303865e+01
2.440000e+02 9.382163e-01 2.068839e+01
2.445000e+02 9.419326e-01 1.990674e+01
2.450000e+02 9.429970e-01 1.969364e+01
2.455000e+02 9.431659e-01 1.967124e+01
2.460000e+02 9.430239e-01 1.971705e+01
2.465000e+02 9.409986e-01 2.019161e+01
2.470000e+02 9.420770e-01 1.995411e+01
2.475000e+02 9.396463e-01 2.048777e+01
2.480000e+02 9.278233e-01 2.301062e+01
2.485000e+02 9.357145e-01 2.135859e+01
2.490000e+02 9.388489e-01 2.072103e+01
2.495000e+02 9.323064e-01 2.211855e+01
2.500000e+02 8.606768e-01 3.764508e+01
2.505000e+02 9.354926e-01 2.151404e+01
2.510000e+02 9.348205e-01 2.167586e+01
2.515000e+02 9.359464e-01 2.146335e+01
2.520000e+02 9.384038e-01 2.096317e+01
2.525000e+02 9.388825e-01 2.087501e+01
2.530000e+02 9.392526e-01 2.081256e+01
2.535000e+02 9.390467e-01 2.088248e+01
2.540000e+02 9.385663e-01 2.101838e+01
2.545000e+02 9.378512e-01 2.121071e+01
2.550000e+02 9.372027e-01 2.138154e+01
2.555000e+02 9.374259e-01 2.134234e+01
2.560000e+02 9.377165e-01 2.127694e+01
2.565000e+02 9.377549e-01 2.127115e+01
2.570000e+02 9.376955e-01 2.129041e+01
2.575000e+02 9.372464e-01 2.139970e+01
2.580000e+02 9.350762e-01 2.187584e+01
2.585000e+02 9.273834e-01 2.351109e+01
2.590000e+02 9.309977e-01 2.276242e+01
2.595000e+02 9.358505e-01 2.176310e+01
2.600000e+02 9.363987e-01 2.166509e+01
2.605000e+02 9.364155e-01 2.168052e+01
2.610000e+02 9.361854e-01 2.174964e+01
2.615000e+02 9.359407e-01 2.182323e+01
2.620000e+02 9.354170e-01 2.195737e+01
2.625000e+02 9.340540e-01 2.227075e+01
2.630000e+02 9.300085e-01 2.315543e+01
2.635000e+02 9.232825e-01 2.459661e+01
2.640000e+02 9.276663e-01 2.370008e+01
2.645000e+02 9.320472e-01 2.280892e+01
2.650000e+02 9.260006e-01 2.415248e+01
2.655000e+02 9.316147e-01 2.298217e+01
2.660000e+02 9.309406e-01 2.316273e+01
2.665000e+02 9.303554e-01 2.330322e+01
2.670000e+02 9.259848e-01 2.422064e+01
2.675000e+02 9.250368e-01 2.442099e+01
2.680000e+02 9.309654e-01 2.318156e+01
2.685000e+02 9.314325e-01 2.309559e+01
2.690000e+02 9.316180e-01 2.307034e+01
2.695000e+02 9.315206e-01 2.310820e+01
2.700000e+02 9.313185e-01 2.316988e+01
2.705000e+02 9.309330e-01 2.327286e+01
2.710000e+02 9.302604e-01 2.343798e+01
2.715000e+02 9.302263e-01 2.346625e+01
2.720000e+02 9.293378e-01 2.368014e+01
2.725000e+02 9.279098e-01 2.400361e+01
2.730000e+02 8.808395e-01 3.416499e+01
2.735000e+02 9.260670e-01 2.443922e+01
2.740000e+02 9.263621e-01 2.440325e+01
2.745000e+02 8.789988e-01 3.483692e+01
2.750000e+02 9.257937e-01 2.458371e+01
2.755000e+02 9.254500e-01 2.469598e+01
2.760000e+02 9.224363e-01 2.536093e+01
2.765000e+02 9.193684e-01 2.601843e+01
2.770000e+02 9.150003e-01 2.700873e+01
2.775000e+02 9.248421e-01 2.490903e+01
2.780000e+02 9.254322e-01 2.479601e+01
2.785000e+02 9.243952e-01 2.504394e+01
2.790000e+02 9.248910e-01 2.494450e+01
2.795000e+02 9.000757e-01 3.047900e+01
2.800000e+02 9.228120e-01 2.543304e+01
2.805000e+02 9.245526e-01 2.508519e+01
2.810000e+02 9.212156e-01 2.587236e+01
2.815000e+02 9.233009e-01 2.540630e+01
2.820000e+02 9.232263e-01 2.544474e+01
2.825000e+02 9.226387e-01 2.559131e+01
2.830000e+02 9.206092e-01 2.605000e+01
2.835000e+02 9.222727e-01 2.572361e+01
2.840000e+02 9.219699e-01 2.581211e+01
2.845000e+02 9.213885e-01 2.595926e+01
2.850000e+02 9.205804e-01 2.615532e+01
2.855000e+02 9.182489e-01 2.667050e+01
2.860000e+02 8.851475e-01 3.368940e+01
2.865000e+02 9.098851e-01 2.847206e+01
2.870000e+02 9.178674e-01 2.683282e+01
2.875000e+02 9.185417e-01 2.671710e+01
2.880000e+02 9.179249e-01 2.687310e+01
2.885000e+02 9.147546e-01 2.755987e+01
2.890000e+02 8.335809e-01 4.510538e+01
2.895000e+02 9.150029e-01 2.756616e+01
2.900000e+02 9.165027e-01 2.728610e+01
2.905000e+02 9.165855e-01 2.729677e+01
2.910000e+02 9.095994e-01 2.886075e+01
2.915000e+02 9.157620e-01 2.752920e+01
2.920000e+02 9.153827e-01 2.763843e+01
2.925000e+02 9.140235e-01 2.795602e+01
2.930000e+02 9.051708e-01 2.984033e+01
2.935000e+02 9.015982e-01 3.067235e+01
2.940000e+02 9.127684e-01 2.831176e+01
2.945000e+02 9.130493e-01 2.828751e+01
2.950000e+02 9.127101e-01 2.839275e+01
2.955000e+02 9.120967e-01 2.855816e+01
2.960000e+02 9.114895e-01 2.872216e+01
2.965000e+02 9.107500e-01 2.891802e+01
2.970000e+02 9.095313e-01 2.922112e+01
2.975000e+02 9.079079e-01 2.962088e+01
2.980000e+02 9.040747e-01 3.049983e+01
2.985000e+02 8.864670e-01 3.421668e+01
2.990000e+02 9.030712e-01 3.078704e+01
2.995000e+02 9.023675e-01 3.098068e+01
3.000000e+02 9.043372e-01 3.055838e+01
3.005000e+02 8.998027e-01 3.155386e+01
3.010000e+02 8.973444e-01 3.211837e+01
3.015000e+02 8.827645e-01 3.516850e+01
3.020000e+02 8.795951e-01 3.589062e+01
3.025000e+02 8.977345e-01 3.214081e+01
3.030000e+02 8.876021e-01 3.428863e+01
3.035000e+02 8.962882e-01 3.250604e+01
3.040000e+02 8.994099e-01 3.190898e+01
3.045000e+02 8.981621e-01 3.222214e+01
3.050000e+02 8.961487e-01 3.270307e+01
3.055000e+02 8.979527e-01 3.236432e+01
3.060000e+02 8.975627e-01 3.249125e+01
3.065000e+02 8.968604e-01 3.268943e+01
3.070000e+02 8.958845e-01 3.295162e+01
3.075000e+02 8.945075e-01 3.330543e+01
3.080000e+02 8.936016e-01 3.356053e+01
3.085000e+02 8.918674e-01 3.400027e+01
3.090000e+02 8.906089e-01 3.434364e+01
3.095000e+02 8.886630e-01 3.484181e+01
3.100000e+02 8.783517e-01 3.713209e+01
3.105000e+02 8.845180e-01 3.590823e+01
3.110000e+02 8.833919e-01 3.623611e+01
3.115000e+02 8.818214e-01 3.665732e+01
3.120000e+02 8.798369e-01 3.717976e+01
3.125000e+02 8.772647e-01 3.784601e+01
3.130000e+02 8.742330e-01 3.863004e+01
3.135000e+02 8.707465e-01 3.952357e+01
3.140000e+02 8.670717e-01 4.045744e+01
3.145000e+02 8.646372e-01 4.110987e+01
3.150000e+02 8.606319e-01 4.212119e+01
3.155000e+02 8.534391e-01 4.382610e+01
3.160000e+02 8.313667e-01 4.867186e+01
3.165000e+02 8.297804e-01 4.929153e+01
3.170000e+02 8.354071e-01 4.849007e+01
3.175000e+02 8.295482e-01 5.012112e+01
3.180000e+02 8.208088e-01 5.242694e+01
3.185000e+02 8.087655e-01 5.553362e+01
3.190000e+02 7.931133e-01 5.954880e+01
3.195000e+02 7.715365e-01 6.502055e+01
3.200000e+02 6.114530e-01 1.015707e+02
3.205000e+02 7.093414e-01 8.096603e+01
3.210000e+02 6.723575e-01 9.044490e+01
3.215000e+02 6.393928e-01 9.892331e+01
3.220000e+02 5.934772e-01 1.106527e+02
3.225000e+02 5.300081e-01 1.269601e+02
3.230000e+02 4.424833e-01 1.494276e+02
3.235000e+02 3.336058e-01 1.774352e+02
3.240000e+02 2.164463e-01 2.077096e+02
3.245000e+02 1.190523e-01 2.329974e+02
3.250000e+02 6.834076e-02 2.460123e+02
3.255000e+02 8.446420e-02 2.418924e+02
3.260000e+02 1.579117e-01 2.228072e+02
3.265000e+02 2.616848e-01 1.956119e+02
3.270000e+02 3.601829e-01 1.694059e+02
3.275000e+02 4.805457e-01 1.394922e+02
3.280000e+02 5.600324e-01 1.191049e+02
3.285000e+02 6.247982e-01 1.026967e+02
3.290000e+02 6.722391e-01 9.059570e+01
3.295000e+02 7.082706e-01 8.139701e+01
3.300000e+02 7.360183e-01 7.431220e+01
3.305000e+02 7.576005e-01 6.879919e+01
3.310000e+02 7.744518e-01 6.448707e+01
3.315000e+02 7.876228e-01 6.110396e+01
3.320000e+02 7.971517e-01 5.860165e+01
3.325000e+02 7.938428e-01 5.883587e+01
3.330000e+02 7.970216e-01 5.785187e+01
3.335000e+02 8.189076e-01 5.304438e+01
3.340000e+02 8.247987e-01 5.160470e+01
3.345000e+02 8.289673e-01 5.056284e+01
3.350000e+02 8.307486e-01 5.005184e+01
3.355000e+02 8.328764e-01 4.948772e+01
3.360000e+02 8.372418e-01 4.846566e+01
3.365000e+02 8.400573e-01 4.777187e+01
3.370000e+02 8.421768e-01 4.723961e+01
3.375000e+02 8.436885e-01 4.685370e+01
3.380000e+02 8.451596e-01 4.649156e+01
3.385000e+02 8.460650e-01 4.626270e+01
3.390000e+02 8.468411e-01 4.607243e+01
3.395000e+02 8.474165e-01 4.593396e+01
3.400000e+02 8.477515e-01 4.585417e+01
3.405000e+02 8.479237e-01 4.581599e+01
3.410000e+02 8.479582e-01 4.581338e+01
3.415000e+02 8.478494e-01 4.584643e+01
3.420000e+02 8.474379e-01 4.594871e+01
3.425000e+02 8.467706e-01 4.610980e+01
3.430000e+02 8.430770e-01 4.689929e+01
3.435000e+02 8.299227e-01 4.986647e+01
3.440000e+02 8.447691e-01 4.662492e+01
3.445000e+02 8.437834e-01 4.687955e+01
3.450000e+02 8.379326e-01 4.814140e+01
3.455000e+02 8.413650e-01 4.747498e+01
3.460000e+02 8.409578e-01 4.759815e+01
3.465000e+02 8.411863e-01 4.760034e+01
3.470000e+02 8.404809e-01 4.779786e+01
3.475000e+02 8.395147e-01 4.805606e+01
3.480000e+02 8.382663e-01 4.837949e+01
3.485000e+02 8.369966e-01 4.871152e+01
3.490000e+02 8.352318e-01 4.915817e+01
3.495000e+02 8.333366e-01 4.962782e+01
3.500000e+02 8.314670e-01 5.010441e+01
3.505000e+02 8.290206e-01 5.071277e+01
3.510000e+02 8.248493e-01 5.168994e+01
3.515000e+02 8.151500e-01 5.377230e+01
3.520000e+02 8.103150e-01 5.487517e+01
3.525000e+02 7.915305e-01 5.885786e+01
3.530000e+02 8.094125e-01 5.524258e+01
3.535000e+02 8.166592e-01 5.384854e+01
3.540000e+02 8.157712e-01 5.413865e+01
3.545000e+02 8.126608e-01 5.489642e+01
3.550000e+02 7.522023e-01 6.808757e+01
3.555000e+02 8.073141e-01 5.626435e+01
3.560000e+02 8.050501e-01 5.687994e+01
3.565000e+02 8.017911e-01 5.770929e+01
3.570000e+02 7.984179e-01 5.856052e+01
3.575000e+02 7.789879e-01 6.274732e+01
3.580000e+02 7.820919e-01 6.227248e+01
3.585000e+02 7.758255e-01 6.374287e+01
3.590000e+02 7.484570e-01 6.959269e+01
3.595000e+02 7.659693e-01 6.621956e+01
3.600000e+02 7.716114e-01 6.528845e+01
3.605000e+02 7.698211e-01 6.590737e+01
3.610000e+02 7.646079e-01 6.724895e+01
3.615000e+02 7.557966e-01 6.935147e+01
3.620000e+02 7.512417e-01 7.060286e+01
3.625000e+02 7.445061e-01 7.233408e+01
3.630000e+02 7.353553e-01 7.459216e+01
3.635000e+02 6.908725e-01 8.443628e+01
3.640000e+02 7.107454e-01 8.051217e+01
3.645000e+02 6.004611e-01 1.041685e+02
3.650000e+02 6.874188e-01 8.642375e+01
3.655000e+02 6.726805e-01 9.016313e+01
3.660000e+02 6.499584e-01 9.569827e+01
3.665000e+02 6.141625e-01 1.041815e+02
3.670000e+02 5.618592e-01 1.165548e+02
3.675000e+02 4.747377e-01 1.370477e+02
3.680000e+02 2.913551e-01 1.787657e+02
3.685000e+02 1.908098e-03 2.409174e+02
3.690000e+02 2.746385e-01 1.835342e+02
3.695000e+02 4.253891e-01 1.502247e+02
3.700000e+02 4.782679e-01 1.386509e+02
3.705000e+02 4.892024e-01 1.367115e+02
3.710000e+02 4.327935e-01 1.495730e+02
3.715000e+02 4.620025e-01 1.444237e+02
3.720000e+02 4.365425e-01 1.511919e+02
3.725000e+02 4.045899e-01 1.595492e+02
3.730000e+02 3.667620e-01 1.693746e+02
3.735000e+02 3.257362e-01 1.800864e+02
3.740000e+02 2.800420e-01 1.920079e+02
3.745000e+02 2.309777e-01 2.048431e+02
3.750000e+02 1.773912e-01 2.187749e+02
3.755000e+02 1.302642e-01 2.314702e+02
3.760000e+02 8.471059e-02 2.437804e+02
3.765000e+02 4.732996e-02 2.541297e+02
3.770000e+02 2.088126e-02 2.617496e+02
3.775000e+02 6.423287e-03 2.662649e+02
3.780000e+02 1.088172e-03 2.682844e+02
3.785000e+02 7.236622e-05 2.689922e+02
3.790000e+02 1.222015e-06 2.692914e+02
3.795000e+02 4.154264e-09 2.694595e+02
3.800000e+02 1.549217e-11 2.695337e+02
3.805000e+02 6.526348e-11 2.695174e+02
3.810000e+02 2.964449e-08 2.694113e+02
3.815000e+02 5.368504e-06 2.692091e+02
3.820000e+02 1.896071e-04 2.688392e+02
3.825000e+02 1.956955e-03 2.678885e+02
3.830000e+02 9.135810e-03 2.653663e+02
3.835000e+02 2.596884e-02 2.602673e+02
3.840000e+02 5.391032e-02 2.523350e+02
3.845000e+02 9.116486e-02 2.421104e+02
3.850000e+02 1.343871e-01 2.304838e+02
3.855000e+02 1.801834e-01 2.183175e+02
3.860000e+02 2.263667e-01 2.061606e+02
3.865000e+02 2.712388e-01 1.944224e+02
3.870000e+02 3.090834e-01 1.843243e+02
3.875000e+02 3.492739e-01 1.739704e+02
3.880000e+02 3.878978e-01 1.641803e+02
3.885000e+02 4.194589e-01 1.560701e+02
3.890000e+02 4.460668e-01 1.492190e+02
3.895000e+02 4.678899e-01 1.435950e+02
3.900000e+02 4.849348e-01 1.391513e+02
3.905000e+02 5.007736e-01 1.349666e+02
3.910000e+02 5.233540e-01 1.292528e+02
3.915000e+02 5.468904e-01 1.232854e+02
3.920000e+02 5.676106e-01 1.179834e+02
3.925000e+02 5.714018e-01 1.162926e+02
3.930000e+02 5.982354e-01 1.100139e+02
3.935000e+02 6.154700e-01 1.058164e+02
3.940000e+02 6.278203e-01 1.026943e+02
3.945000e+02 6.383515e-01 1.000122e+02
3.950000e+02 6.419352e-01 9.883658e+01
3.955000e+02 6.557160e-01 9.557238e+01
3.960000e+02 6.627003e-01 9.376813e+01
3.965000e+02 6.281053e-01 1.008517e+02
3.970000e+02 6.541941e-01 9.505915e+01
3.975000e+02 6.810942e-01 8.909175e+01
3.980000e+02 6.863980e-01 8.776173e+01
3.985000e+02 6.906902e-01 8.666465e+01
3.990000e+02 6.939750e-01 8.579972e+01
3.995000e+02 6.952631e-01 8.537277e+01
4.000000e+02 6.697123e-01 9.055170e+01
4.005000e+02 6.958016e-01 8.502189e+01
4.010000e+02 6.840513e-01 8.739490e+01
4.015000e+02 6.721367e-01 8.979033e+01
4.020000e+02 6.664202e-01 9.083574e+01
4.025000e+02 6.404180e-01 9.609209e+01
4.030000e+02 7.052082e-01 8.259082e+01
4.035000e+02 7.110041e-01 8.128164e+01
4.040000e+02 7.119276e-01 8.099918e+01
4.045000e+02 7.174977e-01 7.979020e+01
4.050000e+02 7.193142e-01 7.936536e+01
4.055000e+02 7.203026e-01 7.912289e+01
4.060000e+02 7.208738e-01 7.897755e+01
4.065000e+02 7.211908e-01 7.889365e+01
4.070000e+02 7.209878e-01 7.892617e+01
4.075000e+02 7.199481e-01 7.913681e+01
4.080000e+02 7.122362e-01 8.070745e+01
4.085000e+02 7.049864e-01 8.220417e+01
4.090000e+02 7.175799e-01 7.967046e+01
4.095000e+02 7.185202e-01 7.950355e+01
4.100000e+02 7.177878e-01 7.969178e+01
4.105000e+02 7.163550e-01 8.003601e+01
4.110000e+02 7.148610e-01 8.039776e+01
4.115000e+02 7.122394e-01 8.100793e+01
4.120000e+02 7.076579e-01 8.203190e+01
4.125000e+02 7.039961e-01 8.286119e+01
4.130000e+02 6.621992e-01 9.197332e+01
4.135000e+02 6.993403e-01 8.399816e+01
4.140000e+02 6.817748e-01 8.766659e+01
4.145000e+02 6.775116e-01 8.866293e+01
4.150000e+02 6.895093e-01 8.638879e+01
4.155000e+02 6.866415e-01 8.714346e+01
4.160000e+02 6.817805e-01 8.832610e+01
4.165000e+02 6.754009e-01 8.984999e+01
4.170000e+02 6.681720e-01 9.157592e+01
4.175000e+02 6.594917e-01 9.364227e+01
4.180000e+02 6.488014e-01 9.617344e+01
4.185000e+02 6.363951e-01 9.911649e+01
4.190000e+02 6.209129e-01 1.027770e+02
4.195000e+02 6.017572e-01 1.073046e+02
4.200000e+02 5.774716e-01 1.130384e+02
4.205000e+02 5.462923e-01 1.203868e+02
4.210000e+02 5.061684e-01 1.298690e+02
4.215000e+02 4.543845e-01 1.422051e+02
4.220000e+02 3.834693e-01 1.591617e+02
4.225000e+02 2.892851e-01 1.819652e+02
4.230000e+02 1.726668e-01 2.109576e+02
4.235000e+02 5.705693e-02 2.416083e+02
4.240000e+02 3.709287e-03 2.598096e+02
4.245000e+02 1.824887e-07 2.644453e+02
4.250000e+02 5.722023e-08 2.645460e+02
4.255000e+02 2.847173e-03 2.603911e+02
4.260000e+02 5.143690e-02 2.435157e+02
4.265000e+02 1.578642e-01 2.150543e+02
4.270000e+02 2.579012e-01 1.898308e+02
4.275000e+02 3.523661e-01 1.672775e+02
4.280000e+02 4.148400e-01 1.524148e+02
4.285000e+02 4.591676e-01 1.419653e+02
4.290000e+02 4.872923e-01 1.353310e+02
4.295000e+02 5.091408e-01 1.303480e+02
4.300000e+02 5.277066e-01 1.262263e+02
4.305000e+02 5.296303e-01 1.257065e+02
4.310000e+02 5.455584e-01 1.224912e+02
4.315000e+02 5.492152e-01 1.218860e+02
4.320000e+02 5.484744e-01 1.222905e+02
4.325000e+02 5.449506e-01 1.233691e+02
4.330000e+02 5.382786e-01 1.252086e+02
4.335000e+02 5.296223e-01 1.275544e+02
4.340000e+02 5.179078e-01 1.306696e+02
4.345000e+02 5.024199e-01 1.347258e+02
4.350000e+02 4.829316e-01 1.398170e+02
4.355000e+02 4.572052e-01 1.464845e+02
4.360000e+02 4.238073e-01 1.551402e+02
4.365000e+02 3.786842e-01 1.668013e+02
4.370000e+02 3.187249e-01 1.822059e+02
4.375000e+02 1.643619e-01 2.183400e+02
4.380000e+02 1.901959e-01 2.157645e+02
4.385000e+02 1.103011e-01 2.364613e+02
4.390000e+02 6.403220e-02 2.488603e+02
4.395000e+02 6.952137e-02 2.475841e+02
4.400000e+02 1.150519e-01 2.357131e+02
4.405000e+02 1.599859e-01 2.239119e+02
4.410000e+02 1.798288e-01 2.185443e+02
4.415000e+02 1.703327e-01 2.205840e+02
4.420000e+02 1.534879e-01 2.253012e+02
4.425000e+02 1.247927e-01 2.332212e+02
4.430000e+02 9.103689e-02 2.422148e+02
4.435000e+02 7.162511e-02 2.476132e+02
4.440000e+02 5.173638e-02 2.531246e+02
4.445000e+02 2.981408e-02 2.592949e+02
4.450000e+02 1.243947e-02 2.644113e+02
4.455000e+02 3.042441e-03 2.674775e+02
4.460000e+02 4.085143e-04 2.687046e+02
4.465000e+02 1.498093e-05 2.691739e+02
4.470000e+02 8.516322e-08 2.694130e+02
4.475000e+02 7.928380e-11 2.695474e+02
4.480000e+02 1.279254e-13 2.695868e+02
4.485000e+02 1.864776e-10 2.695316e+02
4.490000e+02 1.761359e-07 2.693822e+02
4.495000e+02 2.500928e-05 2.691245e+02
4.500000e+02 5.632016e-04 2.685963e+02
4.505000e+02 4.052224e-03 2.671362e+02
4.510000e+02 1.460850e-02 2.637324e+02
4.515000e+02 3.461962e-02 2.578754e+02
4.520000e+02 6.247861e-02 2.500190e+02
4.525000e+02 9.811986e-02 2.403790e+02
4.530000e+02 1.368038e-01 2.300740e+02
4.535000e+02 1.756323e-01 2.198204e+02
4.540000e+02 2.129266e-01 2.100350e+02
4.545000e+02 2.470523e-01 2.010855e+02
4.550000e+02 2.797098e-01 1.926377e+02
4.555000e+02 3.089630e-01 1.850808e+02
4.560000e+02 3.348126e-01 1.784003e+02
4.565000e+02 3.572672e-01 1.725785e+02
4.570000e+02 3.748473e-01 1.678922e+02
4.575000e+02 3.596039e-01 1.700957e+02
4.580000e+02 4.100365e-01 1.589347e+02
4.585000e+02 4.252654e-01 1.551086e+02
4.590000e+02 4.378802e-01 1.519076e+02
4.595000e+02 4.478019e-01 1.493475e+02
4.600000e+02 4.570724e-01 1.469905e+02
4.605000e+02 4.641003e-01 1.451687e+02
4.610000e+02 4.677016e-01 1.441003e+02
4.615000e+02 4.746183e-01 1.424324e+02
4.620000e+02 4.762582e-01 1.418826e+02
4.625000e+02 4.666422e-01 1.436948e+02
4.630000e+02 4.655800e-01 1.438156e+02
4.635000e+02 4.707857e-01 1.427550e+02
4.640000e+02 4.706856e-01 1.428151e+02
4.645000e+02 4.793535e-01 1.411112e+02
4.650000e+02 4.786512e-01 1.413303e+02
4.655000e+02 4.781268e-01 1.415157e+02
4.660000e+02 4.746969e-01 1.423491e+02
4.665000e+02 4.523821e-01 1.471058e+02
4.670000e+02 4.596263e-01 1.460030e+02
4.675000e+02 4.495048e-01 1.485946e+02
4.680000e+02 3.100956e-01 1.783608e+02
4.685000e+02 3.954953e-01 1.614252e+02
4.690000e+02 3.758269e-01 1.669495e+02
4.695000e+02 2.927787e-01 1.864684e+02
4.700000e+02 2.575609e-01 1.963293e+02
4.705000e+02 2.277490e-01 2.055595e+02
4.710000e+02 1.340370e-01 2.270672e+02
4.715000e+02 2.116638e-01 2.100758e+02
4.720000e+02 2.270072e-01 2.063118e+02
4.725000e+02 2.104351e-01 2.105540e+02
4.730000e+02 1.549132e-01 2.244209e+02
4.735000e+02 1.057039e-01 2.381298e+02
4.740000e+02 4.948593e-02 2.531488e+02
4.745000e+02 2.127317e-02 2.607926e+02
4.750000e+02 2.611679e-02 2.594566e+02
4.755000e+02 6.445864e-02 2.490481e+02
4.760000e+02 9.466576e-02 2.390688e+02
4.765000e+02 1.995089e-01 2.133254e+02
4.770000e+02 2.577911e-01 1.980498e+02
4.775000e+02 3.042275e-01 1.860522e+02
4.780000e+02 3.402395e-01 1.768740e+02
4.785000e+02 3.646219e-01 1.705885e+02
4.790000e+02 3.807850e-01 1.663762e+02
4.795000e+02 3.861987e-01 1.646686e+02
4.800000e+02 3.801111e-01 1.655769e+02
4.805000e+02 3.870194e-01 1.637586e+02
4.810000e+02 3.833486e-01 1.643589e+02
4.815000e+02 3.573147e-01 1.696459e+02
4.820000e+02 3.903965e-01 1.630300e+02
4.825000e+02 3.909068e-01 1.631251e+02
4.830000e+02 3.832337e-01 1.649788e+02
4.835000e+02 3.690518e-01 1.683236e+02
4.840000e+02 3.512553e-01 1.726028e+02
4.845000e+02 3.231185e-01 1.793048e+02
4.850000e+02 2.825889e-01 1.890043e+02
4.855000e+02 2.219350e-01 2.035835e+02
4.860000e+02 1.348630e-01 2.248202e+02
4.865000e+02 3.828726e-02 2.495987e+02
4.870000e+02 3.813248e-04 2.620420e+02
4.875000e+02 3.345816e-04 2.625020e+02
4.880000e+02 2.669736e-02 2.543466e+02
4.885000e+02 7.754815e-02 2.415043e+02
4.890000e+02 1.321368e-01 2.280802e+02
4.895000e+02 1.798206e-01 2.159726e+02
4.900000e+02 2.315660e-01 2.033530e+02
4.905000e+02 2.634093e-01 1.953891e+02
4.910000e+02 2.894644e-01 1.889823e+02
4.915000e+02 3.101418e-01 1.839213e+02
4.920000e+02 3.190682e-01 1.815339e+02
4.925000e+02 3.343159e-01 1.780221e+02
4.930000e+02 3.402865e-01 1.765945e+02
4.935000e+02 3.434441e-01 1.758590e+02
4.940000e+02 3.447489e-01 1.755869e+02
4.945000e+02 3.444871e-01 1.756964e+02
4.950000e+02 3.431109e-01 1.760789e+02
4.955000e+02 3.403874e-01 1.767705e+02
4.960000e+02 3.289942e-01 1.792915e+02
4.965000e+02 3.276100e-01 1.797083e+02
4.970000e+02 3.172787e-01 1.820494e+02
4.975000e+02 3.257652e-01 1.805445e+02
4.980000e+02 3.110512e-01 1.838641e+02
4.985000e+02 3.144585e-01 1.833408e+02
4.990000e+02 3.105955e-01 1.843930e+02
4.995000e+02 3.091703e-01 1.849768e+02
5.000000e+02 3.036704e-01 1.863988e+02
5.005000e+02 2.920019e-01 1.891042e+02
5.010000e+02 2.922166e-01 1.893804e+02
5.015000e+02 2.848015e-01 1.912645e+02
5.020000e+02 2.754353e-01 1.935750e+02
5.025000e+02 2.658349e-01 1.960067e+02
5.030000e+02 2.584170e-01 1.981354e+02
5.035000e+02 2.469041e-01 2.011383e+02
5.040000e+02 2.425370e-01 2.023223e+02
5.045000e+02 2.407096e-01 2.027979e+02
5.050000e+02 2.386895e-01 2.033007e+02
5.055000e+02 2.350022e-01 2.042221e+02
5.060000e+02 2.308279e-01 2.053575e+02
5.065000e+02 2.239274e-01 2.071303e+02
5.070000e+02 2.157943e-01 2.092168e+02
5.075000e+02 2.021721e-01 2.124754e+02
5.080000e+02 1.858824e-01 2.163679e+02
5.085000e+02 1.821336e-01 2.177488e+02
5.090000e+02 1.691058e-01 2.209730e+02
5.095000e+02 1.660401e-01 2.219205e+02
5.100000e+02 1.677031e-01 2.217055e+02
5.105000e+02 1.683775e-01 2.216312e+02
5.110000e+02 1.671576e-01 2.219970e+02
5.115000e+02 1.643206e-01 2.227639e+02
5.120000e+02 1.598625e-01 2.239201e+02
5.125000e+02 1.556736e-01 2.250562e+02
5.130000e+02 1.505172e-01 2.264185e+02
5.135000e+02 1.450947e-01 2.278530e+02
5.140000e+02 1.395085e-01 2.293322e+02
5.145000e+02 1.336485e-01 2.308754e+02
5.150000e+02 1.173246e-01 2.346811e+02
5.155000e+02 1.221235e-01 2.339389e+02
5.160000e+02 1.164427e-01 2.354581e+02
5.165000e+02 1.105864e-01 2.370136e+02
5.170000e+02 1.041397e-01 2.386862e+02
5.175000e+02 8.913971e-02 2.421150e+02
5.180000e+02 9.350505e-02 2.415753e+02
5.185000e+02 8.832199e-02 2.429918e+02
5.190000e+02 8.304283e-02 2.444248e+02
5.195000e+02 7.738348e-02 2.459337e+02
5.200000e+02 6.664358e-02 2.484611e+02
5.205000e+02 6.656823e-02 2.488263e+02
5.210000e+02 6.288699e-02 2.499114e+02
5.215000e+02 5.829488e-02 2.511737e+02
5.220000e+02 4.691300e-02 2.538363e+02
5.225000e+02 4.935798e-02 2.536364e+02
5.230000e+02 4.444280e-02 2.549469e+02
5.235000e+02 3.792878e-02 2.565843e+02
5.240000e+02 3.771319e-02 2.569266e+02
5.245000e+02 3.428301e-02 2.579164e+02
5.250000e+02 3.095341e-02 2.588765e+02
5.255000e+02 2.775317e-02 2.598014e+02
5.260000e+02 2.471372e-02 2.606846e+02
5.265000e+02 2.179929e-02 2.615335e+02
5.270000e+02 1.908252e-02 2.623312e+02
5.275000e+02 1.646348e-02 2.630961e+02
5.280000e+02 1.456647e-02 2.637054e+02
5.285000e+02 1.261707e-02 2.643126e+02
5.290000e+02 1.080207e-02 2.648822e+02
5.295000e+02 9.113889e-03 2.654156e+02
5.300000e+02 7.690478e-03 2.658847e+02
5.305000e+02 6.318284e-03 2.663341e+02
5.310000e+02 5.231846e-03 2.667120e+02
5.315000e+02 4.273577e-03 2.670550e+02
5.320000e+02 3.443174e-03 2.673617e+02
5.325000e+02 2.725192e-03 2.676361e+02
5.330000e+02 2.123634e-03 2.678775e+02
5.335000e+02 1.627479e-03 2.680887e+02
5.340000e+02 1.217811e-03 2.682739e+02
5.345000e+02 8.973264e-04 2.684332e+02
5.350000e+02 6.556741e-04 2.685694e+02
5.355000e+02 4.630433e-04 2.686889e+02
5.360000e+02 3.095244e-04 2.687946e+02
5.365000e+02 2.139065e-04 2.688832e+02
5.370000e+02 1.389346e-04 2.689626e+02
5.375000e+02 8.729691e-05 2.690327e+02
5.380000e+02 5.297763e-05 2.690954e+02
5.385000e+02 3.080827e-05 2.691523e+02
5.390000e+02 1.698883e-05 2.692046e+02
5.395000e+02 8.662477e-06 2.692533e+02
5.400000e+02 4.453063e-06 2.692988e+02
5.405000e+02 2.062671e-06 2.693418e+02
5.410000e+02 9.000326e-07 2.693828e+02
5.415000e+02 3.579280e-07 2.694220e+02
5.420000e+02 1.290287e-07 2.694597e+02
5.425000e+02 4.146731e-08 2.694959e+02
5.430000e+02 1.180326e-08 2.695308e+02
5.435000e+02 2.877943e-09 2.695644e+02
5.440000e+02 5.878085e-10 2.695968e+02
5.445000e+02 9.607712e-11 2.696281e+02
5.450000e+02 1.189463e-11 2.696583e+02
5.455000e+02 1.148025e-12 2.696874e+02
5.460000e+02 7.129221e-14 2.697155e+02
5.465000e+02 2.653073e-15 2.697423e+02
5.470000e+02 5.368984e-17 2.697674e+02
5.475000e+02 6.228726e-19 2.697902e+02
5.480000e+02 8.567087e-21 2.698102e+02
5.485000e+02 1.071164e-22 2.698281e+02
5.490000e+02 5.041347e-25 2.698453e+02
5.495000e+02 6.404749e-28 2.698620e+02
5.500000e+02 1.524198e-31 2.698781e+02
5.505000e+02 4.653620e-36 2.698935e+02
5.510000e+02 6.908297e-42 2.699079e+02
5.515000e+02 7.453223e-49 2.699213e+02
5.520000e+02 6.050734e-58 2.699335e+02
5.525000e+02 1.048791e-69 2.699446e+02
5.530000e+02 2.822743e-85 2.699545e+02
5.535000e+02 1.807912e-106 2.699633e+02
5.540000e+02 5.485635e-136 2.699709e+02
5.545000e+02 4.384814e-178 2.699774e+02
5.550000e+02 2.548242e-239 2.699827e+02
5.555000e+02 0.000000e+00 2.699868e+02
5.560000e+02 0.000000e+00 2.699898e+02
5.565000e+02 0.000000e+00 2.699916e+02
5.570000e+02 0.000000e+00 2.699923e+02
5.575000e+02 0.000000e+00 2.699919e+02
5.580000e+02 0.000000e+00 2.699903e+02
5.585000e+02 0.000000e+00 2.699875e+02
5.590000e+02 1.626649e-249 2.699837e+02
5.595000e+02 3.219452e-186 2.699787e+02
5.600000e+02 1.951963e-142 2.699726e+02
5.605000e+02 1.280133e-111 2.699654e+02
5.610000e+02 1.945034e-89 2.699572e+02
5.615000e+02 4.381551e-73 2.699478e+02
5.620000e+02 9.364364e-61 2.699373e+02
5.625000e+02 2.887676e-51 2.699258e+02
5.630000e+02 7.917991e-44 2.699132e+02
5.635000e+02 6.659575e-38 2.698996e+02
5.640000e+02 4.158912e-33 2.698849e+02
5.645000e+02 3.509355e-29 2.698692e+02
5.650000e+02 6.293453e-26 2.698524e+02
5.655000e+02 3.314057e-23 2.698347e+02
5.660000e+02 6.502807e-21 2.698159e+02
5.665000e+02 5.712218e-19 2.697961e+02
5.670000e+02 2.830968e-17 2.697754e+02
5.675000e+02 8.760982e-16 2.697536e+02
5.680000e+02 1.668902e-14 2.697309e+02
5.685000e+02 2.194805e-13 2.697072e+02
5.690000e+02 2.117407e-12 2.696826e+02
5.695000e+02 1.571279e-11 2.696570e+02
5.700000e+02 8.695351e-11 2.696305e+02
5.705000e+02 4.560166e-10 2.696031e+02
5.710000e+02 5.377324e-10 2.695747e+02
5.715000e+02 7.012781e-09 2.695454e+02
5.720000e+02 2.269247e-08 2.695151e+02
5.725000e+02 6.520791e-08 2.694839e+02
5.730000e+02 1.668653e-07 2.694516e+02
5.735000e+02 3.999481e-07 2.694183e+02
5.740000e+02 9.166042e-07 2.693838e+02
5.745000e+02 1.846454e-06 2.693481e+02
5.750000e+02 3.774462e-06 2.693109e+02
5.755000e+02 7.034364e-06 2.692721e+02
5.760000e+02 1.240984e-05 2.692313e+02
5.765000e+02 1.643533e-05 2.691892e+02
5.770000e+02 3.448092e-05 2.691423e+02
5.775000e+02 5.369477e-05 2.690932e+02
5.780000e+02 8.385103e-05 2.690395e+02
5.785000e+02 1.259644e-04 2.689808e+02
5.790000e+02 1.832764e-04 2.689162e+02
5.795000e+02 2.599596e-04 2.688446e+02
5.800000e+02 3.595873e-04 2.687650e+02
5.805000e+02 4.886107e-04 2.686758e+02
5.810000e+02 6.495432e-04 2.685763e+02
5.815000e+02 8.457034e-04 2.684655e+02
5.820000e+02 1.024950e-03 2.683535e+02
5.825000e+02 1.358730e-03 2.682057e+02
5.830000e+02 1.731402e-03 2.680449e+02
5.835000e+02 1.877793e-03 2.679263e+02
5.840000e+02 2.636981e-03 2.676750e+02
5.845000e+02 3.203159e-03 2.674589e+02
5.850000e+02 3.841099e-03 2.672228e+02
5.855000e+02 4.560328e-03 2.669644e+02
5.860000e+02 5.364388e-03 2.666832e+02
5.865000e+02 6.261132e-03 2.663775e+02
5.870000e+02 7.245940e-03 2.660482e+02
5.875000e+02 8.336960e-03 2.656916e+02
5.880000e+02 9.522223e-03 2.653103e+02
5.885000e+02 1.080318e-02 2.649042e+02
5.890000e+02 1.215087e-02 2.644792e+02
5.895000e+02 1.365791e-02 2.640168e+02
5.900000e+02 1.520883e-02 2.635404e+02
5.905000e+02 1.676514e-02 2.630581e+02
5.910000e+02 1.710728e-02 2.628366e+02
5.915000e+02 2.042420e-02 2.619704e+02
5.920000e+02 2.246286e-02 2.613788e+02
5.925000e+02 2.378738e-02 2.609268e+02
5.930000e+02 2.653801e-02 2.601852e+02
5.935000e+02 2.885524e-02 2.595289e+02
5.940000e+02 3.110541e-02 2.588843e+02
5.945000e+02 3.323839e-02 2.582629e+02
5.950000e+02 3.204980e-02 2.583146e+02
5.955000e+02 3.775900e-02 2.569684e+02
5.960000e+02 4.046017e-02 2.562375e+02
5.965000e+02 4.281621e-02 2.555830e+02
5.970000e+02 4.497275e-02 2.549819e+02
5.975000e+02 4.683562e-02 2.544607e+02
5.980000e+02 4.823820e-02 2.540639e+02
5.985000e+02 4.892899e-02 2.538547e+02
5.990000e+02 4.865570e-02 2.538865e+02
5.995000e+02 4.764077e-02 2.540727e+02
6.000000e+02 4.505722e-02 2.544943e+02
6.005000e+02 5.329056e-02 2.525311e+02
6.010000e+02 5.944273e-02 2.509128e+02
6.015000e+02 6.526639e-02 2.493607e+02
6.020000e+02 7.012678e-02 2.480431e+02
6.025000e+02 7.338714e-02 2.470811e+02
6.030000e+02 7.802664e-02 2.458734e+02
6.035000e+02 8.263771e-02 2.446870e+02
6.040000e+02 8.645912e-02 2.436749e+02
6.045000e+02 9.001215e-02 2.427335e+02
6.050000e+02 9.329463e-02 2.418604e+02
6.055000e+02 9.634843e-02 2.410459e+02
6.060000e+02 9.924365e-02 2.402749e+02
6.065000e+02 1.020524e-01 2.395319e+02
6.070000e+02 1.046047e-01 2.388526e+02
6.075000e+02 1.068976e-01 2.382376e+02
6.080000e+02 1.086580e-01 2.377436e+02
6.085000e+02 1.110771e-01 2.371334e+02
6.090000e+02 1.125373e-01 2.367321e+02
6.095000e+02 1.117722e-01 2.367923e+02
6.100000e+02 1.105380e-01 2.369678e+02
6.105000e+02 1.040632e-01 2.382194e+02
6.110000e+02 1.127647e-01 2.364648e+02
6.115000e+02 1.121957e-01 2.365990e+02
6.120000e+02 1.150190e-01 2.361046e+02
6.125000e+02 1.138770e-01 2.364442e+02
6.130000e+02 1.116163e-01 2.370647e+02
6.135000e+02 1.082824e-01 2.379664e+02
6.140000e+02 1.036121e-01 2.392169e+02
6.145000e+02 9.706412e-02 2.409377e+02
6.150000e+02 8.921299e-02 2.430329e+02
6.155000e+02 8.055060e-02 2.454211e+02
6.160000e+02 6.919022e-02 2.484928e+02
6.165000e+02 5.613199e-02 2.520566e+02
6.170000e+02 4.200841e-02 2.559742e+02
6.175000e+02 2.747551e-02 2.600665e+02
6.180000e+02 1.475648e-02 2.637894e+02
6.185000e+02 5.653316e-03 2.666378e+02
6.190000e+02 1.244528e-03 2.682686e+02
6.195000e+02 1.132720e-04 2.689555e+02
6.200000e+02 3.355587e-06 2.692392e+02
6.205000e+02 8.348528e-08 2.693602e+02
6.210000e+02 1.501273e-07 2.693460e+02
6.215000e+02 7.552732e-06 2.691953e+02
6.220000e+02 2.085001e-04 2.688552e+02
6.225000e+02 1.902613e-03 2.679845e+02
6.230000e+02 7.761176e-03 2.659438e+02
6.235000e+02 1.875903e-02 2.625469e+02
6.240000e+02 3.513645e-02 2.578752e+02
6.245000e+02 5.434751e-02 2.525842e+02
6.250000e+02 7.370413e-02 2.473133e+02
6.255000e+02 9.153862e-02 2.424532e+02
6.260000e+02 1.101353e-01 2.375688e+02
6.265000e+02 1.259620e-01 2.333702e+02
6.270000e+02 1.395981e-01 2.297369e+02
6.275000e+02 1.494327e-01 2.269658e+02
6.280000e+02 1.605265e-01 2.240230e+02
6.285000e+02 1.748525e-01 2.204870e+02
6.290000e+02 1.857243e-01 2.177031e+02
6.295000e+02 1.951056e-01 2.152838e+02
6.300000e+02 2.033375e-01 2.131504e+02
6.305000e+02 2.109257e-01 2.111896e+02
6.310000e+02 2.177505e-01 2.094216e+02
6.315000e+02 2.236582e-01 2.078700e+02
6.320000e+02 2.237253e-01 2.075078e+02
6.325000e+02 2.330499e-01 2.053289e+02
6.330000e+02 2.396856e-01 2.037120e+02
6.335000e+02 2.432237e-01 2.027286e+02
6.340000e+02 2.474658e-01 2.016190e+02
6.345000e+02 1.957523e-01 2.120051e+02
6.350000e+02 2.566602e-01 1.993076e+02
6.355000e+02 2.618579e-01 1.980541e+02
6.360000e+02 2.658129e-01 1.970572e+02
6.365000e+02 2.694073e-01 1.961428e+02
6.370000e+02 2.726781e-01 1.953039e+02
6.375000e+02 2.757061e-01 1.945212e+02
6.380000e+02 2.781734e-01 1.938586e+02
6.385000e+02 2.768895e-01 1.939528e+02
6.390000e+02 2.540012e-01 1.983888e+02
6.395000e+02 2.845354e-01 1.921236e+02
6.400000e+02 2.815071e-01 1.926034e+02
6.405000e+02 2.905816e-01 1.906399e+02
6.410000e+02 2.938107e-01 1.898660e+02
6.415000e+02 2.886636e-01 1.908154e+02
6.420000e+02 2.935159e-01 1.896709e+02
6.425000e+02 2.820400e-01 1.918475e+02
6.430000e+02 3.004067e-01 1.880935e+02
6.435000e+02 3.023131e-01 1.876199e+02
6.440000e+02 3.046189e-01 1.870670e+02
6.445000e+02 3.001517e-01 1.878676e+02
6.450000e+02 2.943842e-01 1.889708e+02
6.455000e+02 3.035996e-01 1.871685e+02
6.460000e+02 3.051943e-01 1.868550e+02
6.465000e+02 3.096909e-01 1.857819e+02
6.470000e+02 3.129674e-01 1.849489e+02
6.475000e+02 3.091534e-01 1.855824e+02
6.480000e+02 2.980303e-01 1.876920e+02
6.485000e+02 3.180200e-01 1.836508e+02
6.490000e+02 3.205422e-01 1.830846e+02
6.495000e+02 3.217464e-01 1.827890e+02
6.500000e+02 3.219223e-01 1.827100e+02
6.505000e+02 3.196912e-01 1.831195e+02
6.510000e+02 3.163422e-01 1.837490e+02
6.515000e+02 1.791408e-01 2.118462e+02
6.520000e+02 3.159442e-01 1.838413e+02
6.525000e+02 3.165728e-01 1.837608e+02
6.530000e+02 3.128103e-01 1.845308e+02
6.535000e+02 3.048958e-01 1.861436e+02
6.540000e+02 2.998041e-01 1.872121e+02
6.545000e+02 2.857486e-01 1.901125e+02
6.550000e+02 1.119544e-01 2.261891e+02
6.555000e+02 2.286427e-01 2.019084e+02
6.560000e+02 9.271437e-02 2.305317e+02
6.565000e+02 1.752227e-01 2.139614e+02
6.570000e+02 2.647091e-01 1.967764e+02
6.575000e+02 2.288774e-01 2.051219e+02
6.580000e+02 2.008570e-01 2.112476e+02
6.585000e+02 2.517408e-01 2.005867e+02
6.590000e+02 2.689650e-01 1.962843e+02
6.595000e+02 2.888414e-01 1.913490e+02
6.600000e+02 3.033958e-01 1.876465e+02
6.605000e+02 3.137732e-01 1.849850e+02
6.610000e+02 3.196710e-01 1.833819e+02
6.615000e+02 2.799652e-01 1.912230e+02
6.620000e+02 3.297557e-01 1.808417e+02
6.625000e+02 3.337491e-01 1.798806e+02
6.630000e+02 3.361254e-01 1.792810e+02
6.635000e+02 3.380633e-01 1.787961e+02
6.640000e+02 3.392191e-01 1.784911e+02
6.645000e+02 3.357324e-01 1.791817e+02
6.650000e+02 3.387993e-01 1.784712e+02
6.655000e+02 3.238494e-01 1.813902e+02
6.660000e+02 3.332207e-01 1.795054e+02
6.665000e+02 3.275824e-01 1.806349e+02
6.670000e+02 3.385939e-01 1.784182e+02
6.675000e+02 3.397041e-01 1.782134e+02
6.680000e+02 3.420106e-01 1.777273e+02
6.685000e+02 3.429887e-01 1.775299e+02
6.690000e+02 3.421837e-01 1.776962e+02
6.695000e+02 3.364741e-01 1.788320e+02
6.700000e+02 3.165926e-01 1.827961e+02
6.705000e+02 3.398408e-01 1.782019e+02
6.710000e+02 3.394081e-01 1.783061e+02
6.715000e+02 3.202327e-01 1.821219e+02
6.720000e+02 3.300343e-01 1.802187e+02
6.725000e+02 3.321381e-01 1.798391e+02
6.730000e+02 3.362993e-01 1.790538e+02
6.735000e+02 3.380227e-01 1.787302e+02
6.740000e+02 3.241897e-01 1.815494e+02
6.745000e+02 3.382398e-01 1.787544e+02
6.750000e+02 3.380546e-01 1.788331e+02
6.755000e+02 3.371352e-01 1.790614e+02
6.760000e+02 3.260141e-01 1.813629e+02
6.765000e+02 3.345713e-01 1.796852e+02
6.770000e+02 3.314815e-01 1.803781e+02
6.775000e+02 3.297692e-01 1.807959e+02
6.780000e+02 3.239618e-01 1.819931e+02
6.785000e+02 3.289658e-01 1.810670e+02
6.790000e+02 3.288968e-01 1.811226e+02
6.795000e+02 3.293056e-01 1.810788e+02
6.800000e+02 3.288080e-01 1.812331e+02
6.805000e+02 3.278742e-01 1.814810e+02
6.810000e+02 3.267548e-01 1.817716e+02
6.815000e+02 3.254012e-01 1.821145e+02
6.820000e+02 3.239671e-01 1.824763e+02
6.825000e+02 3.226060e-01 1.828265e+02
6.830000e+02 3.204847e-01 1.833364e+02
6.835000e+02 3.137381e-01 1.847622e+02
6.840000e+02 3.155330e-01 1.844892e+02
6.845000e+02 3.151460e-01 1.846603e+02
6.850000e+02 3.146296e-01 1.848609e+02
6.855000e+02 3.129711e-01 1.852903e+02
6.860000e+02 3.111714e-01 1.857513e+02
6.865000e+02 3.093391e-01 1.862226e+02
6.870000e+02 3.073869e-01 1.867225e+02
6.875000e+02 3.052603e-01 1.872621e+02
6.880000e+02 3.031419e-01 1.878056e+02
6.885000e+02 3.008161e-01 1.883976e+02
6.890000e+02 2.982860e-01 1.890399e+02
6.895000e+02 2.954619e-01 1.897541e+02
6.900000e+02 2.921945e-01 1.905767e+02
6.905000e+02 2.880830e-01 1.915989e+02
6.910000e+02 2.823015e-01 1.929958e+02
6.915000e+02 2.697910e-01 1.957580e+02
6.920000e+02 2.653029e-01 1.968954e+02
6.925000e+02 2.515235e-01 1.996731e+02
6.930000e+02 2.682016e-01 1.963587e+02
6.935000e+02 1.827060e-01 2.139203e+02
6.940000e+02 2.686192e-01 1.963768e+02
6.945000e+02 2.656543e-01 1.970706e+02
6.950000e+02 2.633320e-01 1.976580e+02
6.955000e+02 2.648505e-01 1.975043e+02
6.960000e+02 2.567874e-01 1.992704e+02
6.965000e+02 2.598499e-01 1.988063e+02
6.970000e+02 2.571006e-01 1.995200e+02
6.975000e+02 2.521277e-01 2.007062e+02
6.980000e+02 2.514333e-01 2.009931e+02
6.985000e+02 2.479866e-01 2.018603e+02
6.990000e+02 2.294481e-01 2.058746e+02
6.995000e+02 2.410743e-01 2.036163e+02
7.000000e+02 2.371029e-01 2.046061e+02
7.005000e+02 2.297940e-01 2.062548e+02
7.010000e+02 2.132528e-01 2.097397e+02
7.015000e+02 1.985185e-01 2.132120e+02
7.020000e+02 2.217214e-01 2.085136e+02
7.025000e+02 2.172879e-01 2.096291e+02
7.030000e+02 2.062523e-01 2.120773e+02
7.035000e+02 2.100238e-01 2.115171e+02
7.040000e+02 2.073816e-01 2.122539e+02
7.045000e+02 2.038236e-01 2.131829e+02
7.050000e+02 1.999915e-01 2.141768e+02
7.055000e+02 1.958932e-01 2.152313e+02
7.060000e+02 1.915301e-01 2.163477e+02
7.065000e+02 1.873125e-01 2.174375e+02
7.070000e+02 1.828002e-01 2.185938e+02
7.075000e+02 1.781441e-01 2.197841e+02
7.080000e+02 1.721596e-01 2.212439e+02
7.085000e+02 1.683723e-01 2.222743e+02
7.090000e+02 1.636329e-01 2.235013e+02
7.095000e+02 1.570240e-01 2.251070e+02
7.100000e+02 1.529521e-01 2.262197e+02
7.105000e+02 1.475781e-01 2.276035e+02
7.110000e+02 1.412968e-01 2.291847e+02
7.115000e+02 1.188935e-01 2.342379e+02
7.120000e+02 1.276775e-01 2.326176e+02
7.125000e+02 1.192283e-01 2.347216e+02
7.130000e+02 1.086321e-01 2.373275e+02
7.135000e+02 9.436213e-02 2.407985e+02
7.140000e+02 7.343734e-02 2.458489e+02
7.145000e+02 4.183349e-02 2.534948e+02
7.150000e+02 7.160446e-03 2.622421e+02
7.155000e+02 1.755710e-04 2.644549e+02
7.160000e+02 1.827850e-02 2.596542e+02
7.165000e+02 4.658921e-02 2.529185e+02
7.170000e+02 6.247338e-02 2.492881e+02
7.175000e+02 6.920835e-02 2.478493e+02
7.180000e+02 6.960095e-02 2.478505e+02
7.185000e+02 6.739270e-02 2.484632e+02
7.190000e+02 6.799510e-02 2.485763e+02
7.195000e+02 6.425742e-02 2.495702e+02
7.200000e+02 6.017463e-02 2.506516e+02
7.205000e+02 5.864983e-02 2.512426e+02
7.210000e+02 5.525228e-02 2.522051e+02
7.215000e+02 5.159414e-02 2.532222e+02
7.220000e+02 4.788981e-02 2.542492e+02
7.225000e+02 4.412828e-02 2.552863e+02
7.230000e+02 3.920581e-02 2.565605e+02
7.235000e+02 3.345015e-02 2.579749e+02
7.240000e+02 3.361085e-02 2.582275e+02
7.245000e+02 3.056900e-02 2.591075e+02
7.250000e+02 2.752494e-02 2.599812e+02
7.255000e+02 2.455263e-02 2.608345e+02
7.260000e+02 2.179218e-02 2.616373e+02
7.265000e+02 1.897534e-02 2.624438e+02
7.270000e+02 1.662613e-02 2.631497e+02
7.275000e+02 1.439787e-02 2.638224e+02
7.280000e+02 1.211198e-02 2.644952e+02
7.285000e+02 1.047804e-02 2.650284e+02
7.290000e+02 8.858442e-03 2.655471e+02
7.295000e+02 7.357076e-03 2.660324e+02
7.300000e+02 5.617027e-03 2.665600e+02
7.305000e+02 4.819242e-03 2.668807e+02
7.310000e+02 3.696474e-03 2.672595e+02
7.315000e+02 2.947416e-03 2.675521e+02
7.320000e+02 2.326092e-03 2.678077e+02
7.325000e+02 1.764276e-03 2.680424e+02
7.330000e+02 1.302515e-03 2.682482e+02
7.335000e+02 9.350918e-04 2.684266e+02
7.340000e+02 6.476181e-04 2.685807e+02
7.345000e+02 4.178131e-04 2.687157e+02
7.350000e+02 2.545737e-04 2.688309e+02
7.355000e+02 1.817200e-04 2.689209e+02
7.360000e+02 1.095951e-04 2.690056e+02
7.365000e+02 6.120901e-05 2.690806e+02
7.370000e+02 3.401853e-05 2.691471e+02
7.375000e+02 1.728733e-05 2.692078e+02
7.380000e+02 8.160498e-06 2.692638e+02
7.385000e+02 3.541946e-06 2.693160e+02
7.390000e+02 1.394263e-06 2.693653e+02
7.395000e+02 4.891342e-07 2.694121e+02
7.400000e+02 1.478060e-07 2.694567e+02
7.405000e+02 3.620306e-08 2.694994e+02
7.410000e+02 8.742120e-09 2.695404e+02
7.415000e+02 1.549521e-09 2.695796e+02
7.420000e+02 2.097894e-10 2.696172e+02
7.425000e+02 2.047236e-11 2.696531e+02
7.430000e+02 1.330497e-12 2.696874e+02
7.435000e+02 5.223643e-14 2.697201e+02
7.440000e+02 1.067311e-15 2.697510e+02
7.445000e+02 9.542150e-18 2.697800e+02
7.450000e+02 3.204713e-20 2.698067e+02
7.455000e+02 4.668571e-23 2.698308e+02
7.460000e+02 2.879188e-26 2.698526e+02
7.465000e+02 2.344762e-30 2.698728e+02
7.470000e+02 1.479509e-35 2.698917e+02
7.475000e+02 2.119880e-42 2.699092e+02
7.480000e+02 1.451694e-51 2.699251e+02
7.485000e+02 5.174712e-64 2.699393e+02
7.490000e+02 3.417424e-81 2.699517e+02
7.495000e+02 1.111088e-105 2.699624e+02
7.500000e+02 2.033881e-141 2.699712e+02
7.505000e+02 3.142894e-194 2.699782e+02
7.510000e+02 5.895651e-271 2.699834e+02
7.515000e+02 0.000000e+00 2.699868e+02
7.520000e+02 0.000000e+00 2.699883e+02
7.525000e+02 0.000000e+00 2.699880e+02
7.530000e+02 0.000000e+00 2.699859e+02
7.535000e+02 7.287887e-235 2.699820e+02
7.540000e+02 1.993947e-170 2.699763e+02
7.545000e+02 4.675972e-126 2.699688e+02
7.550000e+02 1.497804e-95 2.699595e+02
7.555000e+02 2.366189e-74 2.699485e+02
7.560000e+02 3.046170e-59 2.699357e+02
7.565000e+02 3.330550e-48 2.699212e+02
7.570000e+02 5.826340e-40 2.699050e+02
7.575000e+02 1.200175e-33 2.698871e+02
7.580000e+02 1.038393e-28 2.698675e+02
7.585000e+02 8.297318e-25 2.698464e+02
7.590000e+02 1.145969e-21 2.698235e+02
7.595000e+02 4.178370e-19 2.697991e+02
7.600000e+02 5.440965e-17 2.697732e+02
7.605000e+02 3.151296e-15 2.697457e+02
7.610000e+02 9.810157e-14 2.697166e+02
7.615000e+02 1.811166e-12 2.696861e+02
7.620000e+02 2.203746e-11 2.696542e+02
7.625000e+02 1.907504e-10 2.696208e+02
7.630000e+02 1.243722e-09 2.695860e+02
7.635000e+02 6.400595e-09 2.695497e+02
7.640000e+02 2.699214e-08 2.695121e+02
7.645000e+02 9.610180e-08 2.694731e+02
7.650000e+02 2.924834e-07 2.694326e+02
7.655000e+02 8.027623e-07 2.693904e+02
7.660000e+02 1.936741e-06 2.693466e+02
7.665000e+02 4.234008e-06 2.693008e+02
7.670000e+02 8.981516e-06 2.692525e+02
7.675000e+02 1.709482e-05 2.692015e+02
7.680000e+02 3.052661e-05 2.691472e+02
7.685000e+02 5.102293e-05 2.690891e+02
7.690000e+02 8.015873e-05 2.690271e+02
7.695000e+02 1.182640e-04 2.689613e+02
7.700000e+02 1.625065e-04 2.688929e+02
7.705000e+02 2.064701e-04 2.688249e+02
7.710000e+02 2.332266e-04 2.687637e+02
7.715000e+02 2.195801e-04 2.687204e+02
7.720000e+02 1.460957e-04 2.687103e+02
7.725000e+02 4.424095e-05 2.687460e+02
7.730000e+02 1.427047e-06 2.688287e+02
7.735000e+02 6.170436e-12 2.689378e+02
7.740000e+02 1.510555e-17 2.689408e+02
7.745000e+02 1.903340e-07 2.687592e+02
7.750000e+02 5.581222e-05 2.684975e+02
7.755000e+02 4.997916e-04 2.681550e+02
7.760000e+02 1.443033e-03 2.677272e+02
7.765000e+02 2.734815e-03 2.672450e+02
7.770000e+02 4.411086e-03 2.666976e+02
7.775000e+02 6.190965e-03 2.661350e+02
7.780000e+02 7.987567e-03 2.655710e+02
7.785000e+02 9.971667e-03 2.649686e+02
7.790000e+02 1.210783e-02 2.643324e+02
7.795000e+02 1.396596e-02 2.637472e+02
7.800000e+02 1.639675e-02 2.630468e+02
7.805000e+02 1.907402e-02 2.622948e+02
7.810000e+02 2.162951e-02 2.615626e+02
7.815000e+02 2.420179e-02 2.608234e+02
7.820000e+02 2.651340e-02 2.601306e+02
7.825000e+02 2.252850e-02 2.606936e+02
7.830000e+02 3.231268e-02 2.585087e+02
7.835000e+02 3.524995e-02 2.576865e+02
7.840000e+02 3.848772e-02 2.568015e+02
7.845000e+02 3.939975e-02 2.563666e+02
7.850000e+02 4.393214e-02 2.552254e+02
7.855000e+02 4.782117e-02 2.542112e+02
7.860000e+02 5.181099e-02 2.531729e+02
7.865000e+02 5.550312e-02 2.521924e+02
7.870000e+02 5.905243e-02 2.512391e+02
7.875000e+02 6.262183e-02 2.502818e+02
7.880000e+02 6.620445e-02 2.493222e+02
7.885000e+02 6.979497e-02 2.483617e+02
7.890000e+02 7.338395e-02 2.474025e+02
7.895000e+02 7.704161e-02 2.464312e+02
7.900000e+02 8.061514e-02 2.454790e+02
7.905000e+02 8.389157e-02 2.445913e+02
7.910000e+02 8.678779e-02 2.437812e+02
7.915000e+02 8.996983e-02 2.429084e+02
7.920000e+02 9.462090e-02 2.417421e+02
7.925000e+02 9.821223e-02 2.407858e+02
7.930000e+02 9.739092e-02 2.407055e+02
7.935000e+02 1.040463e-01 2.391512e+02
7.940000e+02 1.097074e-01 2.378048e+02
7.945000e+02 1.134388e-01 2.368375e+02
7.950000e+02 1.172827e-01 2.358512e+02
7.955000e+02 1.208831e-01 2.349183e+02
7.960000e+02 1.242018e-01 2.340495e+02
7.965000e+02 1.277374e-01 2.331384e+02
7.970000e+02 1.309882e-01 2.322912e+02
7.975000e+02 1.342136e-01 2.314462e+02
7.980000e+02 1.378068e-01 2.305187e+02
7.985000e+02 1.405784e-01 2.297487e+02
7.990000e+02 1.440006e-01 2.288546e+02
7.995000e+02 1.480276e-01 2.278520e+02
8.000000e+02 1.520892e-01 2.268427e+02
8.005000e+02 1.554462e-01 2.259795e+02
8.010000e+02 1.586615e-01 2.251498e+02
8.015000e+02 1.617516e-01 2.243500e+02
8.020000e+02 1.642876e-01 2.236655e+02
8.025000e+02 1.649695e-01 2.233589e+02
8.030000e+02 1.689409e-01 2.223996e+02
8.035000e+02 1.718678e-01 2.216440e+02
8.040000e+02 1.763075e-01 2.205850e+02
8.045000e+02 1.794421e-01 2.197826e+02
8.050000e+02 1.825870e-01 2.189884e+02
8.055000e+02 1.854642e-01 2.182533e+02
8.060000e+02 1.876809e-01 2.176581e+02
8.065000e+02 1.879973e-01 2.174289e+02
8.070000e+02 1.904060e-01 2.167944e+02
8.075000e+02 1.703659e-01 2.205465e+02
8.080000e+02 1.940033e-01 2.157422e+02
8.085000e+02 2.010941e-01 2.142110e+02
8.090000e+02 2.043633e-01 2.134207e+02
8.095000e+02 2.060636e-01 2.129530e+02
8.100000e+02 2.086085e-01 2.123041e+02
8.105000e+02 2.065483e-01 2.125628e+02
8.110000e+02 2.034751e-01 2.130653e+02
8.115000e+02 1.850766e-01 2.166751e+02
8.120000e+02 2.178483e-01 2.099450e+02
8.125000e+02 2.202488e-01 2.093419e+02
8.130000e+02 2.125374e-01 2.107265e+02
8.135000e+02 2.219131e-01 2.087578e+02
8.140000e+02 1.261722e-01 2.285164e+02
8.145000e+02 2.284420e-01 2.072410e+02
8.150000e+02 2.317304e-01 2.064799e+02
8.155000e+02 2.341238e-01 2.058959e+02
8.160000e+02 2.360359e-01 2.054109e+02
8.165000e+02 2.380578e-01 2.049067e+02
8.170000e+02 2.398579e-01 2.044500e+02
8.175000e+02 2.414697e-01 2.040340e+02
8.180000e+02 2.428424e-01 2.036668e+02
8.185000e+02 2.399817e-01 2.041490e+02
8.190000e+02 2.455799e-01 2.029463e+02
8.195000e+02 2.439492e-01 2.031741e+02
8.200000e+02 2.457181e-01 2.027432e+02
8.205000e+02 2.496789e-01 2.018951e+02
8.210000e+02 2.517147e-01 2.014161e+02
8.215000e+02 2.529789e-01 2.010973e+02
8.220000e+02 2.538099e-01 2.008727e+02
8.225000e+02 2.547050e-01 2.006373e+02
8.230000e+02 2.554251e-01 2.004470e+02
8.235000e+02 2.556499e-01 2.003677e+02
8.240000e+02 2.553182e-01 2.004127e+02
8.245000e+02 2.545868e-01 2.005503e+02
8.250000e+02 2.519153e-01 2.010992e+02
8.255000e+02 2.363408e-01 2.041847e+02
8.260000e+02 2.316305e-01 2.052396e+02
8.265000e+02 2.134132e-01 2.091343e+02
8.270000e+02 2.369457e-01 2.046000e+02
8.275000e+02 2.351030e-01 2.049852e+02
8.280000e+02 2.126254e-01 2.096402e+02
8.285000e+02 2.409496e-01 2.035181e+02
8.290000e+02 2.432846e-01 2.029558e+02
8.295000e+02 2.407302e-01 2.034513e+02
8.300000e+02 2.353770e-01 2.045761e+02
8.305000e+02 2.131066e-01 2.091835e+02
8.310000e+02 1.245322e-01 2.273766e+02
8.315000e+02 1.701290e-01 2.185948e+02
8.320000e+02 1.587969e-01 2.218085e+02
8.325000e+02 1.171909e-01 2.316873e+02
8.330000e+02 5.624739e-02 2.465609e+02
8.335000e+02 8.226466e-03 2.600680e+02
8.340000e+02 1.523276e-06 2.644439e+02
8.345000e+02 3.869001e-04 2.636009e+02
8.350000e+02 2.483179e-02 2.549966e+02
8.355000e+02 8.554167e-02 2.393173e+02
8.360000e+02 1.434212e-01 2.255238e+02
8.365000e+02 1.795997e-01 2.169549e+02
8.370000e+02 1.927720e-01 2.134359e+02
8.375000e+02 2.233522e-01 2.068074e+02
8.380000e+02 2.252532e-01 2.060018e+02
8.385000e+02 2.200626e-01 2.067747e+02
8.390000e+02 2.511032e-01 2.004753e+02
8.395000e+02 2.230567e-01 2.057260e+02
8.400000e+02 2.441764e-01 2.015040e+02
8.405000e+02 2.476097e-01 2.008196e+02
8.410000e+02 1.876119e-01 2.127058e+02
8.415000e+02 2.039642e-01 2.093141e+02
8.420000e+02 2.080352e-01 2.083075e+02
8.425000e+02 1.718380e-01 2.149656e+02
8.430000e+02 7.065474e-02 2.347438e+02
8.435000e+02 2.527250e-01 1.991095e+02
8.440000e+02 2.776120e-01 1.942301e+02
8.445000e+02 2.854911e-01 1.926451e+02
8.450000e+02 2.884417e-01 1.920370e+02
8.455000e+02 2.886833e-01 1.919921e+02
8.460000e+02 2.908911e-01 1.915426e+02
8.465000e+02 2.903424e-01 1.916869e+02
8.470000e+02 2.907072e-01 1.916579e+02
8.475000e+02 2.888310e-01 1.921254e+02
8.480000e+02 2.854702e-01 1.929333e+02
8.485000e+02 2.808373e-01 1.940019e+02
8.490000e+02 2.430611e-01 2.015898e+02
8.495000e+02 2.812453e-01 1.938797e+02
8.500000e+02 2.850370e-01 1.929655e+02
8.505000e+02 2.913233e-01 1.915676e+02
8.510000e+02 2.937802e-01 1.909805e+02
8.515000e+02 2.946123e-01 1.907557e+02
8.520000e+02 2.957146e-01 1.905119e+02
8.525000e+02 2.942777e-01 1.908018e+02
8.530000e+02 2.926445e-01 1.911554e+02
8.535000e+02 2.916030e-01 1.913808e+02
8.540000e+02 2.941471e-01 1.908950e+02
8.545000e+02 2.952385e-01 1.906596e+02
8.550000e+02 2.955628e-01 1.905890e+02
8.555000e+02 2.922597e-01 1.912840e+02
8.560000e+02 2.941658e-01 1.909511e+02
8.565000e+02 2.911384e-01 1.916512e+02
8.570000e+02 2.870259e-01 1.925977e+02
8.575000e+02 2.789992e-01 1.943427e+02
8.580000e+02 1.586702e-01 2.186974e+02
8.585000e+02 2.706329e-01 1.966838e+02
8.590000e+02 2.647189e-01 1.983997e+02
8.595000e+02 2.548331e-01 2.009170e+02
8.600000e+02 2.483453e-01 2.025208e+02
8.605000e+02 2.504447e-01 2.019374e+02
8.610000e+02 2.602617e-01 1.994818e+02
8.615000e+02 2.134254e-01 2.083951e+02
8.620000e+02 2.771573e-01 1.951932e+02
8.625000e+02 2.795578e-01 1.944064e+02
8.630000e+02 2.389994e-01 2.021727e+02
8.635000e+02 2.881386e-01 1.924064e+02
8.640000e+02 2.918454e-01 1.915997e+02
8.645000e+02 2.937721e-01 1.911406e+02
8.650000e+02 2.947515e-01 1.908943e+02
8.655000e+02 2.918808e-01 1.914454e+02
8.660000e+02 2.866492e-01 1.924271e+02
8.665000e+02 2.946611e-01 1.908457e+02
8.670000e+02 2.962131e-01 1.905432e+02
8.675000e+02 2.963734e-01 1.905167e+02
8.680000e+02 2.962389e-01 1.905531e+02
8.685000e+02 2.936561e-01 1.910881e+02
8.690000e+02 2.887021e-01 1.920778e+02
8.695000e+02 2.904337e-01 1.918220e+02
8.700000e+02 2.948049e-01 1.909120e+02
8.705000e+02 2.940616e-01 1.910823e+02
8.710000e+02 2.943622e-01 1.910503e+02
8.715000e+02 2.938966e-01 1.911715e+02
8.720000e+02 2.933908e-01 1.913026e+02
8.725000e+02 2.927990e-01 1.914539e+02
8.730000e+02 2.922475e-01 1.915966e+02
8.735000e+02 2.916347e-01 1.917542e+02
8.740000e+02 2.902276e-01 1.920727e+02
8.745000e+02 2.902213e-01 1.921121e+02
8.750000e+02 2.894136e-01 1.923135e+02
8.755000e+02 2.826226e-01 1.937286e+02
8.760000e+02 2.877297e-01 1.927372e+02
8.765000e+02 2.868844e-01 1.929547e+02
8.770000e+02 2.858029e-01 1.932229e+02
8.775000e+02 2.844211e-01 1.935579e+02
8.780000e+02 2.823091e-01 1.940411e+02
8.785000e+02 2.789340e-01 1.947539e+02
8.790000e+02 2.808982e-01 1.944248e+02
8.795000e+02 2.806030e-01 1.945267e+02
8.800000e+02 2.799616e-01 1.947015e+02
8.805000e+02 2.788794e-01 1.949705e+02
8.810000e+02 2.770927e-01 1.953822e+02
8.815000e+02 2.731325e-01 1.962329e+02
8.820000e+02 2.742979e-01 1.960600e+02
8.825000e+02 2.698251e-01 1.969932e+02
8.830000e+02 1.833910e-01 2.141230e+02
8.835000e+02 2.648958e-01 1.981005e+02
8.840000e+02 2.686440e-01 1.974723e+02
8.845000e+02 2.680557e-01 1.976751e+02
8.850000e+02 2.666037e-01 1.980487e+02
8.855000e+02 2.634340e-01 1.987723e+02
8.860000e+02 2.616999e-01 1.992035e+02
8.865000e+02 2.239331e-01 2.068168e+02
8.870000e+02 2.542342e-01 2.008794e+02
8.875000e+02 2.506306e-01 2.017057e+02
8.880000e+02 2.328423e-01 2.052807e+02
8.885000e+02 2.455779e-01 2.029722e+02
8.890000e+02 2.482889e-01 2.026426e+02
8.895000e+02 2.456183e-01 2.033710e+02
8.900000e+02 2.416750e-01 2.043808e+02
8.905000e+02 2.367163e-01 2.056311e+02
8.910000e+02 2.306268e-01 2.071662e+02
8.915000e+02 2.225233e-01 2.091962e+02
8.920000e+02 2.115329e-01 2.119334e+02
8.925000e+02 1.967484e-01 2.155746e+02
8.930000e+02 1.786466e-01 2.199405e+02
8.935000e+02 1.617718e-01 2.238192e+02
8.940000e+02 1.639716e-01 2.234295e+02
8.945000e+02 1.721767e-01 2.214611e+02
8.950000e+02 1.689854e-01 2.216112e+02
8.955000e+02 1.861335e-01 2.180296e+02
8.960000e+02 1.531147e-01 2.243162e+02
8.965000e+02 1.957211e-01 2.158212e+02
8.970000e+02 1.991438e-01 2.151562e+02
8.975000e+02 1.981250e-01 2.154724e+02
8.980000e+02 1.946570e-01 2.163814e+02
8.985000e+02 1.893113e-01 2.177478e+02
8.990000e+02 1.836850e-01 2.191821e+02
8.995000e+02 1.799052e-01 2.201491e+02
9.000000e+02 1.783788e-01 2.205589e+02
9.005000e+02 1.764366e-01 2.210539e+02
9.010000e+02 1.716704e-01 2.221917e+02
9.015000e+02 1.672717e-01 2.233687e+02
9.020000e+02 1.609691e-01 2.250142e+02
9.025000e+02 1.530509e-01 2.270063e+02
9.030000e+02 1.467223e-01 2.286502e+02
9.035000e+02 1.386698e-01 2.306377e+02
9.040000e+02 1.317692e-01 2.325245e+02
9.045000e+02 1.171977e-01 2.361251e+02
9.050000e+02 1.057339e-01 2.392816e+02
9.055000e+02 8.845977e-02 2.437437e+02
9.060000e+02 7.391525e-02 2.474697e+02
9.065000e+02 6.949648e-02 2.486179e+02
9.070000e+02 7.341092e-02 2.477156e+02
9.075000e+02 7.384925e-02 2.475955e+02
9.080000e+02 6.690016e-02 2.491636e+02
9.085000e+02 5.957573e-02 2.510453e+02
9.090000e+02 5.498488e-02 2.525726e+02
9.095000e+02 4.637026e-02 2.549789e+02
9.100000e+02 3.593149e-02 2.578105e+02
9.105000e+02 2.660333e-02 2.604410e+02
9.110000e+02 1.778166e-02 2.629665e+02
9.115000e+02 1.044838e-02 2.651483e+02
9.120000e+02 4.967346e-03 2.668752e+02
9.125000e+02 1.953560e-03 2.679958e+02
9.130000e+02 5.012726e-04 2.686832e+02
9.135000e+02 6.986652e-05 2.690635e+02
9.140000e+02 3.688626e-06 2.692991e+02
9.145000e+02 4.161558e-08 2.694735e+02
9.150000e+02 4.748529e-11 2.696053e+02
9.155000e+02 4.311092e-15 2.696928e+02
9.160000e+02 6.532632e-19 2.697323e+02
9.165000e+02 1.099603e-17 2.697219e+02
9.170000e+02 2.067536e-13 2.696624e+02
9.175000e+02 8.894930e-10 2.695574e+02
9.180000e+02 2.753369e-07 2.694116e+02
9.185000e+02 1.149730e-05 2.692245e+02
9.190000e+02 1.314200e-04 2.689676e+02
9.195000e+02 7.035267e-04 2.685497e+02
9.200000e+02 2.357981e-03 2.678195e+02
9.205000e+02 5.655966e-03 2.666565e+02
9.210000e+02 1.071356e-02 2.650539e+02
9.215000e+02 1.720385e-02 2.631081e+02
9.220000e+02 2.476623e-02 2.609235e+02
9.225000e+02 3.338274e-02 2.585354e+02
9.230000e+02 4.203176e-02 2.561621e+02
9.235000e+02 5.053527e-02 2.538490e+02
9.240000e+02 5.890856e-02 2.515994e+02
9.245000e+02 6.650380e-02 2.495515e+02
9.250000e+02 7.101444e-02 2.481500e+02
9.255000e+02 7.799320e-02 2.463331e+02
9.260000e+02 8.535422e-02 2.444986e+02
9.265000e+02 8.687338e-02 2.438399e+02
9.270000e+02 9.609247e-02 2.417291e+02
9.275000e+02 8.928547e-02 2.428281e+02
9.280000e+02 1.035692e-01 2.397603e+02
9.285000e+02 1.053453e-01 2.392185e+02
9.290000e+02 1.101290e-01 2.380915e+02
9.295000e+02 1.126449e-01 2.374434e+02
9.300000e+02 1.148755e-01 2.368773e+02
9.305000e+02 1.165316e-01 2.364481e+02
9.310000e+02 1.177850e-01 2.361193e+02
9.315000e+02 1.184323e-01 2.359279e+02
9.320000e+02 1.188964e-01 2.357895e+02
9.325000e+02 1.177936e-01 2.359680e+02
9.330000e+02 1.010803e-01 2.391613e+02
9.335000e+02 1.140831e-01 2.366631e+02
9.340000e+02 1.191086e-01 2.357026e+02
9.345000e+02 1.195685e-01 2.356344e+02
9.350000e+02 1.192960e-01 2.357178e+02
9.355000e+02 1.186387e-01 2.358854e+02
9.360000e+02 1.173499e-01 2.361892e+02
9.365000e+02 1.170705e-01 2.363010e+02
9.370000e+02 1.154300e-01 2.366883e+02
9.375000e+02 1.146046e-01 2.369292e+02
9.380000e+02 1.134696e-01 2.372388e+02
9.385000e+02 1.120649e-01 2.376019e+02
9.390000e+02 1.107604e-01 2.379434e+02
9.395000e+02 1.093514e-01 2.383096e+02
9.400000e+02 1.076388e-01 2.387434e+02
9.405000e+02 1.061017e-01 2.391503e+02
9.410000e+02 1.043409e-01 2.396079e+02
9.415000e+02 1.024902e-01 2.400895e+02
9.420000e+02 1.005578e-01 2.405935e+02
9.425000e+02 9.841297e-02 2.411462e+02
9.430000e+02 9.618500e-02 2.417223e+02
9.435000e+02 9.353205e-02 2.423923e+02
9.440000e+02 9.154989e-02 2.429359e+02
9.445000e+02 8.871584e-02 2.436511e+02
9.450000e+02 8.515018e-02 2.444962e+02
9.455000e+02 8.472879e-02 2.447163e+02
9.460000e+02 8.284229e-02 2.452217e+02
9.465000e+02 8.071648e-02 2.457820e+02
9.470000e+02 7.842749e-02 2.463827e+02
9.475000e+02 7.590448e-02 2.470367e+02
9.480000e+02 7.333130e-02 2.477035e+02
9.485000e+02 6.936155e-02 2.486415e+02
9.490000e+02 6.257227e-02 2.501285e+02
9.495000e+02 6.553613e-02 2.497476e+02
9.500000e+02 6.314352e-02 2.503972e+02
9.505000e+02 5.855934e-02 2.514676e+02
9.510000e+02 5.672617e-02 2.520157e+02
9.515000e+02 5.162848e-02 2.532495e+02
9.520000e+02 5.305661e-02 2.531235e+02
9.525000e+02 5.043658e-02 2.538321e+02
9.530000e+02 4.770792e-02 2.545656e+02
9.535000e+02 4.454022e-02 2.553862e+02
9.540000e+02 4.225574e-02 2.560360e+02
9.545000e+02 3.894209e-02 2.568818e+02
9.550000e+02 3.707652e-02 2.574519e+02
9.555000e+02 3.469199e-02 2.581182e+02
9.560000e+02 3.088272e-02 2.590662e+02
9.565000e+02 2.986788e-02 2.594724e+02
9.570000e+02 2.726414e-02 2.601907e+02
9.575000e+02 2.496870e-02 2.608487e+02
9.580000e+02 2.223825e-02 2.615912e+02
9.585000e+02 6.088823e-03 2.650284e+02
9.590000e+02 1.787340e-02 2.628629e+02
9.595000e+02 1.607170e-02 2.634227e+02
9.600000e+02 1.408215e-02 2.640173e+02
9.605000e+02 1.218976e-02 2.645920e+02
9.610000e+02 1.036447e-02 2.651519e+02
9.615000e+02 8.646986e-03 2.656884e+02
9.620000e+02 7.053801e-03 2.661976e+02
9.625000e+02 5.569846e-03 2.666817e+02
9.630000e+02 4.321551e-03 2.671153e+02
9.635000e+02 3.196329e-03 2.675194e+02
9.640000e+02 2.245039e-03 2.678832e+02
9.645000e+02 1.474192e-03 2.682047e+02
9.650000e+02 8.853139e-04 2.684826e+02
9.655000e+02 4.708724e-04 2.687179e+02
9.660000e+02 2.110793e-04 2.689143e+02
9.665000e+02 7.377080e-05 2.690786e+02
9.670000e+02 1.773032e-05 2.692201e+02
9.675000e+02 2.372901e-06 2.693480e+02
9.680000e+02 1.228036e-07 2.694681e+02
9.685000e+02 1.301689e-09 2.695802e+02
9.690000e+02 8.472943e-13 2.696785e+02
9.695000e+02 2.277568e-17 2.697538e+02
9.700000e+02 8.696140e-23 2.697960e+02
9.705000e+02 1.746365e-23 2.697993e+02
9.710000e+02 2.117621e-18 2.697650e+02
9.715000e+02 8.081574e-14 2.697032e+02
9.720000e+02 7.766386e-11 2.696288e+02
9.725000e+02 4.787785e-09 2.695560e+02
9.730000e+02 2.887027e-08 2.694947e+02
9.735000e+02 2.179122e-07 2.694496e+02
9.740000e+02 4.562178e-07 2.694215e+02
9.745000e+02 6.093881e-07 2.694090e+02
9.750000e+02 5.891460e-07 2.694096e+02
9.755000e+02 4.418903e-07 2.694207e+02
9.760000e+02 2.663666e-07 2.694396e+02
9.765000e+02 1.276061e-07 2.694642e+02
9.770000e+02 5.298484e-08 2.694929e+02
9.775000e+02 1.739937e-08 2.695243e+02
9.780000e+02 4.510804e-09 2.695574e+02
9.785000e+02 8.917696e-10 2.695913e+02
9.790000e+02 1.305709e-10 2.696256e+02
9.795000e+02 1.307098e-11 2.696596e+02
9.800000e+02 7.282853e-13 2.696930e+02
9.805000e+02 2.981178e-14 2.697255e+02
9.810000e+02 5.162246e-16 2.697568e+02
9.815000e+02 3.475706e-18 2.697867e+02
9.820000e+02 6.768502e-21 2.698149e+02
9.825000e+02 2.452898e-24 2.698414e+02
9.830000e+02 7.991762e-29 2.698659e+02
9.835000e+02 1.583821e-34 2.698883e+02
9.840000e+02 3.025385e-42 2.699084e+02
9.845000e+02 9.627685e-53 2.699263e+02
9.850000e+02 1.693266e-67 2.699419e+02
9.855000e+02 7.096181e-89 2.699552e+02
9.860000e+02 1.546152e-120 2.699661e+02
9.865000e+02 1.422053e-167 2.699745e+02
9.870000e+02 1.021888e-234 2.699804e+02
9.875000e+02 0.000000e+00 2.699839e+02
9.880000e+02 0.000000e+00 2.699848e+02
9.885000e+02 3.482068e-292 2.699831e+02
9.890000e+02 3.689710e-213 2.699790e+02
9.895000e+02 2.569553e-152 2.699724e+02
9.900000e+02 1.770846e-110 2.699633e+02
9.905000e+02 2.396720e-82 2.699519e+02
9.910000e+02 3.266525e-63 2.699382e+02
9.915000e+02 7.010478e-50 2.699222e+02
9.920000e+02 2.658452e-40 2.699042e+02
9.925000e+02 2.737199e-33 2.698841e+02
9.930000e+02 4.979340e-28 2.698623e+02
9.935000e+02 4.681272e-24 2.698392e+02
9.940000e+02 4.694979e-21 2.698149e+02
9.945000e+02 1.003725e-18 2.697895e+02
9.950000e+02 1.284650e-16 2.697621e+02
9.955000e+02 8.993002e-15 2.697320e+02
9.960000e+02 3.705532e-13 2.696992e+02
9.965000e+02 8.066038e-12 2.696644e+02
9.970000e+02 1.025334e-10 2.696282e+02
9.975000e+02 8.498312e-10 2.695910e+02
9.980000e+02 5.103493e-09 2.695529e+02
9.985000e+02 2.334814e-08 2.695142e+02
9.990000e+02 8.567224e-08 2.694747e+02
9.995000e+02 2.745169e-07 2.694345e+02
1.000000e+03 7.495374e-07 2.693936e+02
0.1 10 0
1.000000e+01 9.951453e-01 3.895611e+00
1.050000e+01 9.949384e-01 3.948419e+00
1.100000e+01 9.947317e-01 4.000959e+00
1.150000e+01 9.945559e-01 4.047320e+00
1.200000e+01 9.943286e-01 4.105743e+00
1.250000e+01 9.940727e-01 4.171420e+00
1.300000e+01 9.937834e-01 4.245641e+00
1.350000e+01 9.934550e-01 4.329902e+00
1.400000e+01 9.930852e-01 4.424946e+00
1.450000e+01 9.926605e-01 4.534127e+00
1.500000e+01 9.921604e-01 4.662487e+00
1.550000e+01 9.915900e-01 4.809844e+00
1.600000e+01 9.908928e-01 4.989354e+00
1.650000e+01 9.900552e-01 5.205669e+00
1.700000e+01 9.890111e-01 5.475289e+00
1.750000e+01 9.876806e-01 5.818940e+00
1.800000e+01 9.859398e-01 6.268713e+00
1.850000e+01 9.835903e-01 6.875735e+00
1.900000e+01 9.803088e-01 7.723302e+00
1.950000e+01 9.755544e-01 8.950222e+00
2.000000e+01 9.684141e-01 1.078996e+01
2.050000e+01 9.573904e-01 1.362290e+01
2.100000e+01 9.402878e-01 1.799692e+01
2.150000e+01 9.153362e-01 2.430792e+01
2.200000e+01 8.879284e-01 3.107550e+01
2.250000e+01 8.849500e-01 3.185055e+01
2.300000e+01 9.068279e-01 2.649578e+01
2.350000e+01 9.287324e-01 2.096977e+01
2.400000e+01 9.446549e-01 1.690152e+01
2.450000e+01 9.553820e-01 1.414611e+01
2.500000e+01 9.624852e-01 1.231379e+01
2.550000e+01 9.672380e-01 1.108337e+01
2.600000e+01 9.705451e-01 1.022745e+01
2.650000e+01 9.728084e-01 9.639185e+00
2.700000e+01 9.743908e-01 9.226290e+00
2.750000e+01 9.755083e-01 8.933478e+00
2.800000e+01 9.762806e-01 8.729862e+00
2.850000e+01 9.767778e-01 8.596985e+00
2.900000e+01 9.769465e-01 8.544042e+00
2.950000e+01 9.771801e-01 8.483476e+00
3.000000e+01 9.769330e-01 8.532373e+00
3.050000e+01 9.769159e-01 8.536657e+00
3.100000e+01 9.768359e-01 8.557505e+00
3.150000e+01 9.765418e-01 8.628162e+00
3.200000e+01 9.761695e-01 8.718451e+00
3.250000e+01 9.757299e-01 8.825780e+00
3.300000e+01 9.752263e-01 8.949184e+00
3.350000e+01 9.746621e-01 9.087765e+00
3.400000e+01 9.740405e-01 9.240721e+00
3.450000e+01 9.733603e-01 9.408208e+00
3.500000e+01 9.726200e-01 9.590527e+00
3.550000e+01 9.718208e-01 9.787348e+00
3.600000e+01 9.706674e-01 1.006386e+01
3.650000e+01 9.700428e-01 1.022534e+01
3.700000e+01 9.690600e-01 1.046743e+01
3.750000e+01 9.679830e-01 1.073166e+01
3.800000e+01 9.667990e-01 1.102094e+01
3.850000e+01 9.656679e-01 1.130166e+01
3.900000e+01 9.643777e-01 1.161866e+01
3.950000e+01 9.629734e-01 1.196277e+01
4.000000e+01 9.615065e-01 1.232307e+01
4.050000e+01 9.599063e-01 1.271510e+01
4.100000e+01 9.581816e-01 1.313719e+01
4.150000e+01 9.563195e-01 1.359249e+01
4.200000e+01 9.543020e-01 1.408523e+01
4.250000e+01 9.521012e-01 1.462178e+01
4.300000e+01 9.496853e-01 1.520963e+01
4.350000e+01 9.470537e-01 1.584949e+01
4.400000e+01 9.442769e-01 1.652751e+01
4.450000e+01 9.411766e-01 1.728238e+01
4.500000e+01 9.377070e-01 1.812498e+01
4.550000e+01 9.339136e-01 1.904730e+01
4.600000e+01 9.296524e-01 2.008170e+01
4.650000e+01 9.248731e-01 2.124123e+01
4.700000e+01 9.194767e-01 2.254993e+01
4.750000e+01 9.133389e-01 2.403807e+01
4.800000e+01 9.062959e-01 2.574560e+01
4.850000e+01 8.981270e-01 2.772643e+01
4.900000e+01 8.885349e-01 3.005321e+01
4.950000e+01 8.771079e-01 3.282579e+01
5.000000e+01 8.631954e-01 3.619688e+01
5.050000e+01 8.466648e-01 4.021684e+01
5.100000e+01 8.249482e-01 4.549743e+01
5.150000e+01 7.920969e-01 5.347994e+01
5.200000e+01 7.494771e-01 6.385499e+01
5.250000e+01 6.832231e-01 8.003754e+01
5.300000e+01 5.831042e-01 1.045536e+02
5.350000e+01 4.445107e-01 1.387990e+02
5.400000e+01 2.816523e-01 1.799297e+02
5.450000e+01 1.336342e-01 2.190994e+02
5.500000e+01 4.153193e-02 2.460179e+02
5.550000e+01 6.620466e-03 2.589785e+02
5.600000e+01 2.539903e-04 2.636390e+02
5.650000e+01 7.129080e-06 2.653028e+02
5.700000e+01 1.394360e-08 2.661661e+02
5.750000e+01 2.182328e-08 2.667260e+02
5.800000e+01 1.582767e-08 2.671366e+02
5.850000e+01 3.772091e-13 2.674062e+02
5.900000e+01 7.257149e-11 2.674559e+02
5.950000e+01 1.948862e-12 2.675394e+02
6.000000e+01 5.696021e-11 2.676928e+02
6.050000e+01 8.567540e-16 2.677997e+02
6.100000e+01 2.315289e-11 2.677101e+02
6.150000e+01 1.134732e-09 2.676159e+02
6.200000e+01 9.169493e-10 2.675099e+02
6.250000e+01 7.537185e-15 2.672394e+02
6.300000e+01 1.381424e-11 2.664094e+02
6.350000e+01 3.983147e-05 2.648193e+02
6.400000e+01 2.358417e-03 2.615878e+02
6.450000e+01 2.431565e-02 2.521951e+02
6.500000e+01 1.000839e-01 2.293914e+02
6.550000e+01 2.333306e-01 1.936376e+02
6.600000e+01 3.862467e-01 1.544639e+02
6.650000e+01 5.211432e-01 1.206457e+02
6.700000e+01 6.225046e-01 9.549610e+01
6.750000e+01 6.923361e-01 7.826191e+01
6.800000e+01 7.405642e-01 6.643904e+01
6.850000e+01 7.737591e-01 5.832189e+01
6.900000e+01 7.979885e-01 5.242459e+01
6.950000e+01 8.163111e-01 4.798176e+01
7.000000e+01 8.308907e-01 4.446036e+01
7.050000e+01 8.427646e-01 4.160055e+01
7.100000e+01 8.526468e-01 3.922673e+01
7.150000e+01 8.609667e-01 3.723278e+01
7.200000e+01 8.680883e-01 3.553075e+01
7.250000e+01 8.741686e-01 3.408042e+01
7.300000e+01 8.794518e-01 3.282391e+01
7.350000e+01 8.840152e-01 3.174116e+01
7.400000e+01 8.879732e-01 3.080451e+01
7.450000e+01 8.914227e-01 2.999081e+01
7.500000e+01 8.943788e-01 2.929449e+01
7.550000e+01 8.969152e-01 2.869807e+01
7.600000e+01 8.992455e-01 2.815669e+01
7.650000e+01 8.983287e-01 2.832800e+01
7.700000e+01 9.029901e-01 2.729462e+01
7.750000e+01 9.041477e-01 2.702920e+01
7.800000e+01 9.056610e-01 2.669721e+01
7.850000e+01 9.065359e-01 2.651190e+01
7.900000e+01 9.067232e-01 2.648949e+01
7.950000e+01 9.070354e-01 2.644683e+01
8.000000e+01 9.065977e-01 2.657729e+01
8.050000e+01 9.062245e-01 2.668059e+01
8.100000e+01 9.073790e-01 2.642574e+01
8.150000e+01 9.091323e-01 2.601884e+01
8.200000e+01 9.105844e-01 2.567762e+01
8.250000e+01 9.116423e-01 2.543177e+01
8.300000e+01 9.123872e-01 2.526351e+01
8.350000e+01 9.129041e-01 2.515222e+01
8.400000e+01 9.132535e-01 2.508279e+01
8.450000e+01 9.134750e-01 2.504534e+01
8.500000e+01 9.135886e-01 2.503471e+01
8.550000e+01 9.136097e-01 2.504714e+01
8.600000e+01 9.135419e-01 2.508177e+01
8.650000e+01 9.133764e-01 2.514073e+01
8.700000e+01 9.131027e-01 2.522672e+01
8.750000e+01 9.127202e-01 2.533916e+01
8.800000e+01 9.123641e-01 2.544349e+01
8.850000e+01 9.122502e-01 2.548874e+01
8.900000e+01 9.121534e-01 2.552845e+01
8.950000e+01 9.119551e-01 2.559269e+01
9.000000e+01 9.116502e-01 2.568323e+01
9.050000e+01 9.113174e-01 2.578128e+01
9.100000e+01 9.109034e-01 2.589896e+01
9.150000e+01 9.104759e-01 2.602079e+01
9.200000e+01 9.099929e-01 2.615577e+01
9.250000e+01 9.094706e-01 2.630019e+01
9.300000e+01 9.088943e-01 2.645704e+01
9.350000e+01 9.081305e-01 2.665397e+01
9.400000e+01 9.051146e-01 2.733923e+01
9.450000e+01 9.069728e-01 2.697486e+01
9.500000e+01 9.063870e-01 2.713826e+01
9.550000e+01 9.055973e-01 2.734583e+01
9.600000e+01 9.041823e-01 2.768532e+01
9.650000e+01 9.037051e-01 2.782749e+01
9.700000e+01 9.034636e-01 2.792063e+01
9.750000e+01 9.027678e-01 2.810936e+01
9.800000e+01 9.019683e-01 2.832126e+01
9.850000e+01 9.011638e-01 2.853535e+01
9.900000e+01 9.002637e-01 2.877111e+01
9.950000e+01 8.993111e-01 2.901929e+01
1.000000e+02 8.982570e-01 2.928976e+01
1.005000e+02 8.964637e-01 2.972092e+01
1.010000e+02 8.960940e-01 2.984437e+01
1.015000e+02 8.940490e-01 3.032369e+01
1.020000e+02 8.931044e-01 3.057488e+01
1.025000e+02 8.930453e-01 3.064330e+01
1.030000e+02 8.919717e-01 3.092510e+01
1.035000e+02 8.905694e-01 3.127774e+01
1.040000e+02 8.886484e-01 3.174161e+01
1.045000e+02 8.880973e-01 3.191812e+01
1.050000e+02 8.867081e-01 3.227404e+01
1.055000e+02 8.851840e-01 3.266081e+01
1.060000e+02 8.835495e-01 3.307365e+01
1.065000e+02 8.817936e-01 3.351525e+01
1.070000e+02 8.799036e-01 3.398879e+01
1.075000e+02 8.778509e-01 3.450089e+01
1.080000e+02 8.755785e-01 3.506458e+01
1.085000e+02 8.731494e-01 3.566649e+01
1.090000e+02 8.703706e-01 3.634923e+01
1.095000e+02 8.653101e-01 3.752904e+01
1.100000e+02 8.637521e-01 3.796469e+01
1.105000e+02 8.591165e-01 3.906708e+01
1.110000e+02 8.525573e-01 4.059284e+01
1.115000e+02 8.503084e-01 4.123326e+01
1.120000e+02 8.444266e-01 4.266249e+01
1.125000e+02 8.371318e-01 4.442209e+01
1.130000e+02 8.281323e-01 4.658533e+01
1.135000e+02 8.169044e-01 4.927883e+01
1.140000e+02 8.024725e-01 5.273338e+01
1.145000e+02 7.836144e-01 5.724113e+01
1.150000e+02 7.553187e-01 6.394676e+01
1.155000e+02 7.225523e-01 7.182891e+01
1.160000e+02 6.710989e-01 8.413481e+01
1.165000e+02 5.937326e-01 1.026830e+02
1.170000e+02 4.747078e-01 1.313858e+02
1.175000e+02 2.973485e-01 1.747599e+02
1.180000e+02 9.052519e-02 2.275059e+02
1.185000e+02 1.303585e-03 2.550571e+02
1.190000e+02 1.316116e-03 2.550319e+02
1.195000e+02 9.197890e-02 2.271407e+02
1.200000e+02 2.999628e-01 1.742330e+02
1.205000e+02 4.755272e-01 1.313961e+02
1.210000e+02 5.918738e-01 1.034078e+02
1.215000e+02 6.671378e-01 8.541882e+01
1.220000e+02 7.166235e-01 7.363062e+01
1.225000e+02 7.500267e-01 6.569418e+01
1.230000e+02 7.731020e-01 6.022253e+01
1.235000e+02 7.890716e-01 5.643359e+01
1.240000e+02 7.928357e-01 5.535577e+01
1.245000e+02 8.097146e-01 5.157207e+01
1.250000e+02 8.164727e-01 4.999793e+01
1.255000e+02 8.165516e-01 4.987662e+01
1.260000e+02 8.259675e-01 4.781656e+01
1.265000e+02 8.294647e-01 4.703113e+01
1.270000e+02 8.319624e-01 4.647365e+01
1.275000e+02 8.336945e-01 4.609305e+01
1.280000e+02 8.346209e-01 4.589413e+01
1.285000e+02 8.355021e-01 4.571435e+01
1.290000e+02 8.366011e-01 4.549866e+01
1.295000e+02 8.370040e-01 4.543609e+01
1.300000e+02 8.371874e-01 4.542510e+01
1.305000e+02 8.371639e-01 4.546289e+01
1.310000e+02 8.366388e-01 4.561279e+01
1.315000e+02 8.366816e-01 4.564270e+01
1.320000e+02 8.362550e-01 4.577687e+01
1.325000e+02 8.356440e-01 4.595300e+01
1.330000e+02 8.350846e-01 4.612127e+01
1.335000e+02 8.344445e-01 4.630881e+01
1.340000e+02 8.335959e-01 4.654458e+01
1.345000e+02 8.326839e-01 4.679654e+01
1.350000e+02 8.318668e-01 4.702672e+01
1.355000e+02 8.308712e-01 4.729915e+01
1.360000e+02 8.297431e-01 4.760338e+01
1.365000e+02 8.283485e-01 4.796884e+01
1.370000e+02 8.263171e-01 4.847604e+01
1.375000e+02 8.254625e-01 4.874473e+01
1.380000e+02 8.236424e-01 4.922265e+01
1.385000e+02 8.219110e-01 4.967161e+01
1.390000e+02 8.210962e-01 4.990232e+01
1.395000e+02 8.205646e-01 5.006009e+01
1.400000e+02 8.195809e-01 5.032107e+01
1.405000e+02 8.186667e-01 5.057299e+01
1.410000e+02 8.172616e-01 5.094150e+01
1.415000e+02 8.153584e-01 5.142495e+01
1.420000e+02 8.089213e-01 5.286953e+01
1.425000e+02 8.097975e-01 5.280152e+01
1.430000e+02 8.086531e-01 5.317819e+01
1.435000e+02 8.059530e-01 5.387130e+01
1.440000e+02 8.046128e-01 5.422918e+01
1.445000e+02 8.044106e-01 5.429963e+01
1.450000e+02 8.000435e-01 5.525388e+01
1.455000e+02 8.039564e-01 5.446218e+01
1.460000e+02 8.031812e-01 5.468170e+01
1.465000e+02 8.020754e-01 5.498090e+01
1.470000e+02 8.007335e-01 5.533755e+01
1.475000e+02 7.992400e-01 5.573186e+01
1.480000e+02 7.975909e-01 5.616346e+01
1.485000e+02 7.953981e-01 5.671241e+01
1.490000e+02 7.936455e-01 5.717439e+01
1.495000e+02 7.921875e-01 5.758045e+01
1.500000e+02 7.900815e-01 5.812696e+01
1.505000e+02 7.874456e-01 5.878657e+01
1.510000e+02 7.852673e-01 5.935859e+01
1.515000e+02 7.835778e-01 5.982829e+01
1.520000e+02 7.818609e-01 6.028908e+01
1.525000e+02 7.802561e-01 6.071834e+01
1.530000e+02 7.783966e-01 6.120705e+01
1.535000e+02 7.761812e-01 6.177704e+01
1.540000e+02 7.682001e-01 6.359495e+01
1.545000e+02 7.718250e-01 6.291995e+01
1.550000e+02 7.696941e-01 6.348949e+01
1.555000e+02 7.672931e-01 6.411957e+01
1.560000e+02 7.645802e-01 6.481994e+01
1.565000e+02 7.620361e-01 6.549022e+01
1.570000e+02 7.594354e-01 6.617430e+01
1.575000e+02 7.566252e-01 6.690863e+01
1.580000e+02 7.536974e-01 6.767315e+01
1.585000e+02 7.505596e-01 6.848820e+01
1.590000e+02 7.474547e-01 6.930108e+01
1.595000e+02 7.441106e-01 7.017194e+01
1.600000e+02 7.406437e-01 7.107546e+01
1.605000e+02 7.370348e-01 7.201558e+01
1.610000e+02 7.332799e-01 7.299320e+01
1.615000e+02 7.293445e-01 7.401747e+01
1.620000e+02 7.251937e-01 7.509701e+01
1.625000e+02 7.208164e-01 7.623473e+01
1.630000e+02 7.161897e-01 7.743630e+01
1.635000e+02 7.112859e-01 7.870847e+01
1.640000e+02 7.060390e-01 8.006618e+01
1.645000e+02 7.001497e-01 8.157220e+01
1.650000e+02 6.865715e-01 8.474785e+01
1.655000e+02 6.858919e-01 8.515109e+01
1.660000e+02 6.781834e-01 8.709376e+01
1.665000e+02 6.747105e-01 8.817891e+01
1.670000e+02 6.675806e-01 9.004797e+01
1.675000e+02 6.583373e-01 9.239080e+01
1.680000e+02 6.510144e-01 9.435315e+01
1.685000e+02 6.417933e-01 9.675207e+01
1.690000e+02 6.314301e-01 9.943062e+01
1.695000e+02 6.208270e-01 1.021952e+02
1.700000e+02 6.089282e-01 1.052812e+02
1.705000e+02 5.961279e-01 1.086078e+02
1.710000e+02 5.820316e-01 1.122674e+02
1.715000e+02 5.665052e-01 1.162949e+02
1.720000e+02 5.497421e-01 1.206573e+02
1.725000e+02 5.311685e-01 1.254859e+02
1.730000e+02 5.106838e-01 1.308126e+02
1.735000e+02 4.859537e-01 1.371629e+02
1.740000e+02 4.632925e-01 1.431569e+02
1.745000e+02 4.358486e-01 1.503161e+02
1.750000e+02 4.053027e-01 1.582798e+02
1.755000e+02 3.701752e-01 1.673805e+02
1.760000e+02 3.356335e-01 1.765239e+02
1.765000e+02 2.969679e-01 1.867367e+02
1.770000e+02 2.550602e-01 1.978180e+02
1.775000e+02 2.108610e-01 2.095575e+02
1.780000e+02 1.656121e-01 2.216552e+02
1.785000e+02 1.212104e-01 2.336379e+02
1.790000e+02 8.034684e-02 2.448209e+02
1.795000e+02 4.614499e-02 2.543848e+02
1.800000e+02 2.140199e-02 2.615615e+02
1.805000e+02 7.215947e-03 2.659844e+02
1.810000e+02 1.477249e-03 2.680948e+02
1.815000e+02 1.404456e-04 2.688849e+02
1.820000e+02 4.348748e-06 2.692060e+02
1.825000e+02 3.553060e-08 2.693828e+02
1.830000e+02 1.979954e-10 2.694709e+02
1.835000e+02 1.010621e-10 2.694768e+02
1.840000e+02 1.394936e-08 2.694020e+02
1.845000e+02 1.917578e-06 2.692448e+02
1.850000e+02 7.307279e-05 2.689740e+02
1.855000e+02 8.689037e-04 2.683835e+02
1.860000e+02 4.642878e-03 2.668643e+02
1.865000e+02 1.470226e-02 2.635947e+02
1.870000e+02 3.316132e-02 2.581090e+02
1.875000e+02 5.978622e-02 2.505462e+02
1.880000e+02 9.261218e-02 2.414611e+02
1.885000e+02 1.291520e-01 2.315147e+02
1.890000e+02 1.670944e-01 2.213006e+02
1.895000e+02 2.047476e-01 2.112463e+02
1.900000e+02 2.409218e-01 2.016436e+02
1.905000e+02 2.748870e-01 1.926662e+02
1.910000e+02 3.064061e-01 1.843690e+02
1.915000e+02 3.352095e-01 1.768062e+02
1.920000e+02 3.613124e-01 1.699674e+02
1.925000e+02 3.847539e-01 1.638356e+02
1.930000e+02 4.054554e-01 1.584160e+02
1.935000e+02 4.233064e-01 1.537147e+02
1.940000e+02 4.409188e-01 1.491491e+02
1.945000e+02 4.574064e-01 1.448736e+02
1.950000e+02 4.719124e-01 1.410721e+02
1.955000e+02 4.718070e-01 1.404436e+02
1.960000e+02 4.979669e-01 1.343229e+02
1.965000e+02 5.098029e-01 1.313058e+02
1.970000e+02 5.197434e-01 1.287426e+02
1.975000e+02 5.284725e-01 1.264862e+02
1.980000e+02 5.361742e-01 1.244945e+02
1.985000e+02 5.431964e-01 1.226847e+02
1.990000e+02 5.491382e-01 1.211452e+02
1.995000e+02 5.537861e-01 1.199187e+02
2.000000e+02 5.586262e-01 1.186932e+02
2.005000e+02 5.616377e-01 1.178952e+02
2.010000e+02 5.616110e-01 1.177836e+02
2.015000e+02 5.650217e-01 1.170200e+02
2.020000e+02 5.646339e-01 1.171305e+02
2.025000e+02 5.615372e-01 1.178919e+02
2.030000e+02 5.567321e-01 1.190233e+02
2.035000e+02 5.558450e-01 1.191585e+02
2.040000e+02 5.651912e-01 1.169073e+02
2.045000e+02 5.749140e-01 1.144896e+02
2.050000e+02 5.824780e-01 1.125770e+02
2.055000e+02 5.879491e-01 1.111816e+02
2.060000e+02 5.912831e-01 1.102977e+02
2.065000e+02 5.946629e-01 1.094573e+02
2.070000e+02 5.972198e-01 1.088142e+02
2.075000e+02 5.988930e-01 1.083786e+02
2.080000e+02 6.005924e-01 1.079402e+02
2.085000e+02 5.973533e-01 1.085488e+02
2.090000e+02 6.024127e-01 1.074398e+02
2.095000e+02 6.041244e-01 1.070506e+02
2.100000e+02 6.050907e-01 1.068198e+02
2.105000e+02 6.046998e-01 1.068770e+02
2.110000e+02 6.054332e-01 1.066958e+02
2.115000e+02 6.070919e-01 1.063322e+02
2.120000e+02 6.075727e-01 1.062212e+02
2.125000e+02 6.078312e-01 1.061630e+02
2.130000e+02 6.079467e-01 1.061400e+02
2.135000e+02 6.079489e-01 1.061453e+02
2.140000e+02 6.078089e-01 1.061844e+02
2.145000e+02 6.071855e-01 1.063265e+02
2.150000e+02 5.934292e-01 1.092870e+02
2.155000e+02 6.068648e-01 1.064322e+02
2.160000e+02 6.067077e-01 1.064915e+02
2.165000e+02 6.066313e-01 1.065305e+02
2.170000e+02 6.062277e-01 1.066435e+02
2.175000e+02 6.055502e-01 1.068195e+02
2.180000e+02 6.051350e-01 1.069375e+02
2.185000e+02 6.046013e-01 1.070855e+02
2.190000e+02 6.039606e-01 1.072588e+02
2.195000e+02 6.032447e-01 1.074505e+02
2.200000e+02 6.024338e-01 1.076656e+02
2.205000e+02 6.016375e-01 1.078802e+02
2.210000e+02 6.007116e-01 1.081263e+02
2.215000e+02 5.996780e-01 1.083997e+02
2.220000e+02 5.985215e-01 1.087051e+02
2.225000e+02 5.971560e-01 1.090627e+02
2.230000e+02 5.955503e-01 1.094825e+02
2.235000e+02 5.935368e-01 1.100055e+02
2.240000e+02 5.908905e-01 1.106876e+02
2.245000e+02 5.872834e-01 1.116090e+02
2.250000e+02 5.822192e-01 1.128791e+02
2.255000e+02 5.759416e-01 1.144069e+02
2.260000e+02 5.656020e-01 1.166811e+02
2.265000e+02 5.752176e-01 1.146114e+02
2.270000e+02 5.797539e-01 1.135533e+02
2.275000e+02 5.823798e-01 1.129187e+02
2.280000e+02 5.836667e-01 1.126072e+02
2.285000e+02 5.840934e-01 1.125089e+02
2.290000e+02 5.839034e-01 1.125623e+02
2.295000e+02 5.813195e-01 1.131367e+02
2.300000e+02 5.824563e-01 1.129342e+02
2.305000e+02 5.810103e-01 1.132820e+02
2.310000e+02 5.777912e-01 1.140009e+02
2.315000e+02 5.752155e-01 1.145966e+02
2.320000e+02 5.777928e-01 1.141387e+02
2.325000e+02 5.765179e-01 1.144800e+02
2.330000e+02 5.742661e-01 1.150347e+02
2.335000e+02 5.694408e-01 1.161359e+02
2.340000e+02 5.543301e-01 1.192970e+02
2.345000e+02 5.681315e-01 1.165286e+02
2.350000e+02 5.693207e-01 1.163088e+02
2.355000e+02 5.630200e-01 1.176577e+02
2.360000e+02 5.645631e-01 1.174012e+02
2.365000e+02 5.662229e-01 1.171324e+02
2.370000e+02 5.546811e-01 1.196053e+02
2.375000e+02 5.618893e-01 1.181866e+02
2.380000e+02 5.625282e-01 1.181505e+02
2.385000e+02 5.593553e-01 1.189128e+02
2.390000e+02 5.399357e-01 1.230940e+02
2.395000e+02 5.531639e-01 1.204410e+02
2.400000e+02 5.510169e-01 1.210545e+02
2.405000e+02 5.483721e-01 1.218015e+02
2.410000e+02 5.438856e-01 1.229496e+02
2.415000e+02 5.388841e-01 1.241660e+02
2.420000e+02 5.360736e-01 1.247901e+02
2.425000e+02 5.337203e-01 1.252108e+02
2.430000e+02 5.417809e-01 1.234660e+02
2.435000e+02 5.097655e-01 1.302533e+02
2.440000e+02 5.430118e-01 1.231705e+02
2.445000e+02 5.448853e-01 1.228064e+02
2.450000e+02 5.449067e-01 1.228439e+02
2.455000e+02 5.442056e-01 1.230410e+02
2.460000e+02 5.431882e-01 1.233115e+02
2.465000e+02 5.409922e-01 1.238463e+02
2.470000e+02 5.405107e-01 1.240012e+02
2.475000e+02 5.379655e-01 1.245994e+02
2.480000e+02 5.300218e-01 1.263166e+02
2.485000e+02 5.333074e-01 1.257137e+02
2.490000e+02 5.338304e-01 1.256892e+02
2.495000e+02 5.288188e-01 1.268013e+02
2.500000e+02 4.869600e-01 1.358144e+02
2.505000e+02 5.279058e-01 1.271763e+02
2.510000e+02 5.260819e-01 1.276421e+02
2.515000e+02 5.251856e-01 1.279238e+02
2.520000e+02 5.249126e-01 1.280797e+02
2.525000e+02 5.233380e-01 1.285102e+02
2.530000e+02 5.213927e-01 1.290338e+02
2.535000e+02 5.186614e-01 1.297472e+02
2.540000e+02 5.151544e-01 1.306515e+02
2.545000e+02 5.107764e-01 1.317611e+02
2.550000e+02 5.068934e-01 1.327232e+02
2.555000e+02 5.073116e-01 1.326634e+02
2.560000e+02 5.089138e-01 1.322901e+02
2.565000e+02 5.096166e-01 1.321251e+02
2.570000e+02 5.094503e-01 1.321766e+02
2.575000e+02 5.084784e-01 1.324261e+02
2.580000e+02 5.062134e-01 1.329599e+02
2.585000e+02 5.010568e-01 1.340842e+02
2.590000e+02 5.021275e-01 1.339222e+02
2.595000e+02 5.037011e-01 1.336697e+02
2.600000e+02 5.028007e-01 1.339301e+02
2.605000e+02 5.015208e-01 1.342740e+02
2.610000e+02 5.000274e-01 1.346668e+02
2.615000e+02 4.984475e-01 1.350822e+02
2.620000e+02 4.966372e-01 1.355503e+02
2.625000e+02 4.942837e-01 1.361363e+02
2.630000e+02 4.903864e-01 1.370497e+02
2.635000e+02 4.849115e-01 1.382940e+02
2.640000e+02 4.850134e-01 1.384035e+02
2.645000e+02 4.846826e-01 1.386242e+02
2.650000e+02 4.783171e-01 1.401310e+02
2.655000e+02 4.772876e-01 1.405302e+02
2.660000e+02 4.731383e-01 1.415559e+02
2.665000e+02 4.721152e-01 1.418345e+02
2.670000e+02 4.711322e-01 1.420184e+02
2.675000e+02 4.715305e-01 1.419145e+02
2.680000e+02 4.747438e-01 1.412597e+02
2.685000e+02 4.746258e-01 1.413157e+02
2.690000e+02 4.739973e-01 1.414947e+02
2.695000e+02 4.729862e-01 1.417658e+02
2.700000e+02 4.717630e-01 1.420894e+02
2.705000e+02 4.703352e-01 1.424622e+02
2.710000e+02 4.686754e-01 1.428880e+02
2.715000e+02 4.672560e-01 1.432675e+02
2.720000e+02 4.653163e-01 1.437615e+02
2.725000e+02 4.630187e-01 1.443310e+02
2.730000e+02 4.380965e-01 1.496938e+02
2.735000e+02 4.593279e-01 1.452669e+02
2.740000e+02 4.581966e-01 1.455835e+02
2.745000e+02 4.334814e-01 1.510000e+02
2.750000e+02 4.551442e-01 1.463938e+02
2.755000e+02 4.535253e-01 1.468261e+02
2.760000e+02 4.505790e-01 1.475285e+02
2.765000e+02 4.475969e-01 1.482302e+02
2.770000e+02 4.439778e-01 1.490920e+02
2.775000e+02 4.472313e-01 1.484907e+02
2.780000e+02 4.459811e-01 1.488372e+02
2.785000e+02 4.439349e-01 1.493568e+02
2.790000e+02 4.426136e-01 1.497164e+02
2.795000e+02 4.292098e-01 1.527151e+02
2.800000e+02 4.384702e-01 1.507657e+02
2.805000e+02 4.376956e-01 1.510215e+02
2.810000e+02 4.344960e-01 1.518082e+02
2.815000e+02 4.338192e-01 1.520259e+02
2.820000e+02 4.320677e-01 1.524907e+02
2.825000e+02 4.299975e-01 1.530248e+02
2.830000e+02 4.272055e-01 1.537130e+02
2.835000e+02 4.263043e-01 1.540004e+02
2.840000e+02 4.247420e-01 1.544138e+02
2.845000e+02 4.230216e-01 1.548599e+02
2.850000e+02 4.211109e-01 1.553497e+02
2.855000e+02 4.184512e-01 1.559960e+02
2.860000e+02 4.018113e-01 1.595503e+02
2.865000e+02 4.114163e-01 1.576433e+02
2.870000e+02 4.133583e-01 1.573516e+02
2.875000e+02 4.119701e-01 1.577417e+02
2.880000e+02 4.099829e-01 1.582563e+02
2.885000e+02 4.068444e-01 1.590063e+02
2.890000e+02 3.691565e-01 1.671357e+02
2.895000e+02 4.034579e-01 1.599214e+02
2.900000e+02 4.023423e-01 1.602639e+02
2.905000e+02 4.005838e-01 1.607366e+02
2.910000e+02 3.957312e-01 1.618765e+02
2.915000e+02 3.965810e-01 1.617862e+02
2.920000e+02 3.945649e-01 1.623157e+02
2.925000e+02 3.921059e-01 1.629386e+02
2.930000e+02 3.864267e-01 1.642236e+02
2.935000e+02 3.830074e-01 1.650681e+02
2.940000e+02 3.858332e-01 1.645845e+02
2.945000e+02 3.840145e-01 1.650800e+02
2.950000e+02 3.819035e-01 1.656370e+02
2.955000e+02 3.796476e-01 1.662266e+02
2.960000e+02 3.773647e-01 1.668234e+02
2.965000e+02 3.749963e-01 1.674414e+02
2.970000e+02 3.724000e-01 1.681109e+02
2.975000e+02 3.696150e-01 1.688259e+02
2.980000e+02 3.659144e-01 1.697377e+02
2.985000e+02 3.566494e-01 1.717807e+02
2.990000e+02 3.611040e-01 1.710028e+02
2.995000e+02 3.585526e-01 1.716712e+02
3.000000e+02 3.570117e-01 1.721132e+02
3.005000e+02 3.528572e-01 1.731180e+02
3.010000e+02 3.494783e-01 1.739683e+02
3.015000e+02 3.413618e-01 1.757794e+02
3.020000e+02 3.376364e-01 1.767113e+02
3.025000e+02 3.419672e-01 1.759806e+02
3.030000e+02 3.354110e-01 1.774929e+02
3.035000e+02 3.358535e-01 1.775724e+02
3.040000e+02 3.340238e-01 1.781361e+02
3.045000e+02 3.303924e-01 1.790776e+02
3.050000e+02 3.264277e-01 1.800923e+02
3.055000e+02 3.240755e-01 1.807606e+02
3.060000e+02 3.208781e-01 1.816071e+02
3.065000e+02 3.173475e-01 1.825355e+02
3.070000e+02 3.134885e-01 1.835466e+02
3.075000e+02 3.092522e-01 1.846514e+02
3.080000e+02 3.049133e-01 1.857922e+02
3.085000e+02 2.999730e-01 1.870784e+02
3.090000e+02 2.947877e-01 1.884380e+02
3.095000e+02 2.888616e-01 1.899798e+02
3.100000e+02 2.797422e-01 1.922160e+02
3.105000e+02 2.758831e-01 1.933410e+02
3.110000e+02 2.708349e-01 1.946928e+02
3.115000e+02 2.656052e-01 1.960834e+02
3.120000e+02 2.593851e-01 1.977221e+02
3.125000e+02 2.519476e-01 1.996718e+02
3.130000e+02 2.432943e-01 2.019328e+02
3.135000e+02 2.337969e-01 2.044002e+02
3.140000e+02 2.252995e-01 2.066331e+02
3.145000e+02 2.179629e-01 2.086015e+02
3.150000e+02 2.091907e-01 2.109208e+02
3.155000e+02 1.983127e-01 2.137574e+02
3.160000e+02 1.828989e-01 2.176205e+02
3.165000e+02 1.709041e-01 2.208658e+02
3.170000e+02 1.590746e-01 2.241643e+02
3.175000e+02 1.442634e-01 2.281458e+02
3.180000e+02 1.279711e-01 2.325236e+02
3.185000e+02 1.098655e-01 2.373955e+02
3.190000e+02 9.017440e-02 2.427239e+02
3.195000e+02 6.923457e-02 2.484337e+02
3.200000e+02 3.966844e-02 2.561408e+02
3.205000e+02 2.966870e-02 2.594664e+02
3.210000e+02 1.702856e-02 2.631184e+02
3.215000e+02 1.014159e-02 2.652392e+02
3.220000e+02 4.874138e-03 2.669585e+02
3.225000e+02 1.524016e-03 2.682024e+02
3.230000e+02 2.517419e-04 2.688707e+02
3.235000e+02 1.552419e-05 2.691973e+02
3.240000e+02 2.275732e-07 2.693938e+02
3.245000e+02 7.066527e-10 2.695191e+02
3.250000e+02 3.792571e-12 2.695744e+02
3.255000e+02 2.671649e-11 2.695569e+02
3.260000e+02 1.129709e-08 2.694684e+02
3.265000e+02 1.814647e-06 2.693128e+02
3.270000e+02 5.803726e-05 2.690751e+02
3.275000e+02 6.143559e-04 2.686300e+02
3.280000e+02 2.832364e-03 2.676782e+02
3.285000e+02 8.062667e-03 2.659038e+02
3.290000e+02 1.673251e-02 2.632389e+02
3.295000e+02 2.831361e-02 2.598544e+02
3.300000e+02 4.176816e-02 2.560355e+02
3.305000e+02 5.602757e-02 2.520623e+02
3.310000e+02 7.022833e-02 2.481536e+02
3.315000e+02 8.377226e-02 2.444567e+02
3.320000e+02 9.620285e-02 2.410770e+02
3.325000e+02 1.059885e-01 2.383302e+02
3.330000e+02 1.154313e-01 2.357498e+02
3.335000e+02 1.266519e-01 2.328881e+02
3.340000e+02 1.344439e-01 2.308162e+02
3.345000e+02 1.408044e-01 2.291186e+02
3.350000e+02 1.456721e-01 2.277954e+02
3.355000e+02 1.502198e-01 2.265694e+02
3.360000e+02 1.555903e-01 2.251798e+02
3.365000e+02 1.603486e-01 2.239334e+02
3.370000e+02 1.643804e-01 2.228713e+02
3.375000e+02 1.676314e-01 2.220116e+02
3.380000e+02 1.702645e-01 2.213181e+02
3.385000e+02 1.722645e-01 2.207894e+02
3.390000e+02 1.737981e-01 2.203855e+02
3.395000e+02 1.749135e-01 2.200924e+02
3.400000e+02 1.756487e-01 2.198991e+02
3.405000e+02 1.760575e-01 2.197923e+02
3.410000e+02 1.761756e-01 2.197624e+02
3.415000e+02 1.760273e-01 2.198027e+02
3.420000e+02 1.756010e-01 2.199144e+02
3.425000e+02 1.749252e-01 2.200904e+02
3.430000e+02 1.734462e-01 2.204425e+02
3.435000e+02 1.698701e-01 2.212795e+02
3.440000e+02 1.718670e-01 2.208994e+02
3.445000e+02 1.704792e-01 2.212668e+02
3.450000e+02 1.679809e-01 2.218704e+02
3.455000e+02 1.672163e-01 2.221246e+02
3.460000e+02 1.655597e-01 2.225681e+02
3.465000e+02 1.639118e-01 2.230191e+02
3.470000e+02 1.619701e-01 2.235376e+02
3.475000e+02 1.598714e-01 2.240964e+02
3.480000e+02 1.576143e-01 2.246958e+02
3.485000e+02 1.552560e-01 2.253230e+02
3.490000e+02 1.527127e-01 2.259966e+02
3.495000e+02 1.500567e-01 2.266987e+02
3.500000e+02 1.473189e-01 2.274258e+02
3.505000e+02 1.443961e-01 2.281991e+02
3.510000e+02 1.410987e-01 2.290572e+02
3.515000e+02 1.368066e-01 2.301188e+02
3.520000e+02 1.332857e-01 2.310316e+02
3.525000e+02 1.274597e-01 2.324221e+02
3.530000e+02 1.274502e-01 2.326215e+02
3.535000e+02 1.255841e-01 2.332118e+02
3.540000e+02 1.223511e-01 2.340890e+02
3.545000e+02 1.187067e-01 2.350580e+02
3.550000e+02 1.068467e-01 2.378032e+02
3.555000e+02 1.113307e-01 2.370371e+02
3.560000e+02 1.075980e-01 2.380466e+02
3.565000e+02 1.036755e-01 2.391015e+02
3.570000e+02 9.968101e-02 2.401766e+02
3.575000e+02 9.370053e-02 2.416676e+02
3.580000e+02 9.041925e-02 2.426095e+02
3.585000e+02 8.598597e-02 2.437950e+02
3.590000e+02 7.929748e-02 2.454519e+02
3.595000e+02 7.733728e-02 2.461473e+02
3.600000e+02 7.399272e-02 2.471312e+02
3.605000e+02 6.985140e-02 2.482850e+02
3.610000e+02 6.537865e-02 2.495128e+02
3.615000e+02 6.062372e-02 2.508042e+02
3.620000e+02 5.624345e-02 2.520242e+02
3.625000e+02 5.173496e-02 2.532754e+02
3.630000e+02 4.713288e-02 2.545497e+02
3.635000e+02 4.056004e-02 2.562475e+02
3.640000e+02 3.792056e-02 2.571076e+02
3.645000e+02 2.885757e-02 2.593256e+02
3.650000e+02 2.946183e-02 2.595167e+02
3.655000e+02 2.541970e-02 2.606823e+02
3.660000e+02 2.137631e-02 2.618465e+02
3.665000e+02 1.732038e-02 2.630121e+02
3.670000e+02 1.335678e-02 2.641604e+02
3.675000e+02 9.327339e-03 2.653294e+02
3.680000e+02 4.624154e-03 2.666420e+02
3.685000e+02 2.381101e-05 2.678630e+02
3.690000e+02 2.606801e-03 2.674965e+02
3.695000e+02 2.957202e-03 2.675800e+02
3.700000e+02 2.327932e-03 2.678855e+02
3.705000e+02 1.578897e-03 2.682140e+02
3.710000e+02 8.668291e-04 2.685230e+02
3.715000e+02 5.293526e-04 2.687377e+02
3.720000e+02 2.586653e-04 2.689235e+02
3.725000e+02 1.092286e-04 2.690704e+02
3.730000e+02 3.840837e-05 2.691893e+02
3.735000e+02 1.075382e-05 2.692900e+02
3.740000e+02 2.221669e-06 2.693795e+02
3.745000e+02 3.067214e-07 2.694616e+02
3.750000e+02 2.412867e-08 2.695380e+02
3.755000e+02 9.179630e-10 2.696092e+02
3.760000e+02 1.173580e-11 2.696749e+02
3.765000e+02 3.134998e-14 2.697347e+02
3.770000e+02 7.933640e-18 2.697882e+02
3.775000e+02 5.345898e-23 2.698347e+02
3.780000e+02 1.178220e-30 2.698739e+02
3.785000e+02 3.333675e-42 2.699054e+02
3.790000e+02 1.846324e-59 2.699289e+02
3.795000e+02 3.780309e-83 2.699441e+02
3.800000e+02 5.020143e-106 2.699510e+02
3.805000e+02 2.572623e-100 2.699495e+02
3.810000e+02 4.783873e-75 2.699398e+02
3.815000e+02 2.593546e-53 2.699219e+02
3.820000e+02 3.247108e-38 2.698962e+02
3.825000e+02 3.341995e-28 2.698632e+02
3.830000e+02 1.602581e-21 2.698232e+02
3.835000e+02 5.902106e-17 2.697768e+02
3.840000e+02 9.595578e-14 2.697246e+02
3.845000e+02 2.008968e-11 2.696674e+02
3.850000e+02 1.053414e-09 2.696059e+02
3.855000e+02 2.119537e-08 2.695406e+02
3.860000e+02 2.203257e-07 2.694718e+02
3.865000e+02 1.423848e-06 2.693993e+02
3.870000e+02 6.256069e-06 2.693227e+02
3.875000e+02 2.099679e-05 2.692408e+02
3.880000e+02 5.640260e-05 2.691513e+02
3.885000e+02 1.248882e-04 2.690522e+02
3.890000e+02 2.360060e-04 2.689429e+02
3.895000e+02 3.877385e-04 2.688259e+02
3.900000e+02 5.671654e-04 2.687035e+02
3.905000e+02 8.004100e-04 2.685606e+02
3.910000e+02 1.251961e-03 2.683490e+02
3.915000e+02 1.978167e-03 2.680549e+02
3.920000e+02 2.919760e-03 2.677002e+02
3.925000e+02 3.932978e-03 2.673234e+02
3.930000e+02 5.251508e-03 2.668814e+02
3.935000e+02 6.642618e-03 2.664242e+02
3.940000e+02 8.097076e-03 2.659546e+02
3.945000e+02 9.616999e-03 2.654732e+02
3.950000e+02 1.108828e-02 2.650047e+02
3.955000e+02 1.278519e-02 2.644926e+02
3.960000e+02 1.439343e-02 2.640031e+02
3.965000e+02 1.502357e-02 2.637262e+02
3.970000e+02 1.706163e-02 2.631559e+02
3.975000e+02 1.919992e-02 2.625694e+02
3.980000e+02 2.075354e-02 2.621134e+02
3.985000e+02 2.224546e-02 2.616767e+02
3.990000e+02 2.366345e-02 2.612621e+02
3.995000e+02 2.496118e-02 2.608795e+02
4.000000e+02 2.518991e-02 2.607257e+02
4.005000e+02 2.729550e-02 2.601908e+02
4.010000e+02 2.787314e-02 2.599809e+02
4.015000e+02 2.834180e-02 2.598003e+02
4.020000e+02 2.897997e-02 2.595860e+02
4.025000e+02 2.862994e-02 2.595795e+02
4.030000e+02 3.231677e-02 2.587482e+02
4.035000e+02 3.331009e-02 2.584782e+02
4.040000e+02 3.401389e-02 2.582747e+02
4.045000e+02 3.487841e-02 2.580456e+02
4.050000e+02 3.550061e-02 2.578723e+02
4.055000e+02 3.601952e-02 2.577261e+02
4.060000e+02 3.645574e-02 2.576027e+02
4.065000e+02 3.681853e-02 2.574998e+02
4.070000e+02 3.709557e-02 2.574198e+02
4.075000e+02 3.727171e-02 2.573655e+02
4.080000e+02 3.704471e-02 2.573977e+02
4.085000e+02 3.678551e-02 2.574419e+02
4.090000e+02 3.751085e-02 2.572913e+02
4.095000e+02 3.757820e-02 2.572779e+02
4.100000e+02 3.750970e-02 2.572970e+02
4.105000e+02 3.735804e-02 2.573376e+02
4.110000e+02 3.715853e-02 2.573919e+02
4.115000e+02 3.685785e-02 2.574716e+02
4.120000e+02 3.641589e-02 2.575842e+02
4.125000e+02 3.598364e-02 2.576979e+02
4.130000e+02 3.358145e-02 2.582404e+02
4.135000e+02 3.514615e-02 2.579301e+02
4.140000e+02 3.391760e-02 2.582152e+02
4.145000e+02 3.332829e-02 2.583755e+02
4.150000e+02 3.350144e-02 2.583861e+02
4.155000e+02 3.291479e-02 2.585539e+02
4.160000e+02 3.220683e-02 2.587502e+02
4.165000e+02 3.140537e-02 2.589699e+02
4.170000e+02 3.054610e-02 2.592055e+02
4.175000e+02 2.960572e-02 2.594624e+02
4.180000e+02 2.856509e-02 2.597449e+02
4.185000e+02 2.744415e-02 2.600495e+02
4.190000e+02 2.619233e-02 2.603875e+02
4.195000e+02 2.479614e-02 2.607632e+02
4.200000e+02 2.321061e-02 2.611875e+02
4.205000e+02 2.138551e-02 2.616730e+02
4.210000e+02 1.926838e-02 2.622350e+02
4.215000e+02 1.679259e-02 2.628951e+02
4.220000e+02 1.373517e-02 2.637101e+02
4.225000e+02 1.002527e-02 2.647129e+02
4.230000e+02 5.780168e-03 2.659052e+02
4.235000e+02 1.842703e-03 2.671353e+02
4.240000e+02 1.155435e-04 2.679644e+02
4.245000e+02 5.487125e-09 2.683296e+02
4.250000e+02 1.644150e-09 2.683580e+02
4.255000e+02 7.730277e-05 2.680788e+02
4.260000e+02 1.319771e-03 2.674819e+02
4.265000e+02 3.822526e-03 2.667216e+02
4.270000e+02 5.874696e-03 2.661735e+02
4.275000e+02 7.519316e-03 2.657911e+02
4.280000e+02 8.252339e-03 2.656494e+02
4.285000e+02 8.466751e-03 2.656473e+02
4.290000e+02 8.274904e-03 2.657509e+02
4.295000e+02 7.903143e-03 2.659070e+02
4.300000e+02 7.423596e-03 2.660952e+02
4.305000e+02 6.685322e-03 2.663445e+02
4.310000e+02 6.106851e-03 2.665677e+02
4.315000e+02 5.376382e-03 2.668266e+02
4.320000e+02 4.617243e-03 2.670953e+02
4.325000e+02 3.864900e-03 2.673660e+02
4.330000e+02 3.134829e-03 2.676349e+02
4.335000e+02 2.451310e-03 2.678965e+02
4.340000e+02 1.825079e-03 2.681484e+02
4.345000e+02 1.271791e-03 2.683872e+02
4.350000e+02 8.087168e-04 2.686091e+02
4.355000e+02 4.481036e-04 2.688118e+02
4.360000e+02 2.004282e-04 2.689932e+02
4.365000e+02 6.289129e-05 2.691529e+02
4.370000e+02 1.138086e-05 2.692908e+02
4.375000e+02 7.909721e-07 2.694057e+02
4.380000e+02 6.330259e-08 2.695076e+02
4.385000e+02 4.485664e-10 2.696021e+02
4.390000e+02 1.470811e-12 2.696622e+02
4.395000e+02 3.021551e-12 2.696625e+02
4.400000e+02 3.724338e-10 2.696168e+02
4.405000e+02 9.184080e-09 2.695663e+02
4.410000e+02 3.205777e-08 2.695400e+02
4.415000e+02 2.677527e-08 2.695444e+02
4.420000e+02 7.587552e-09 2.695742e+02
4.425000e+02 6.818183e-10 2.696191e+02
4.430000e+02 2.789051e-11 2.696637e+02
4.435000e+02 2.214684e-12 2.696981e+02
4.440000e+02 7.658977e-14 2.697327e+02
4.445000e+02 2.813270e-16 2.697732e+02
4.450000e+02 4.502120e-20 2.698157e+02
4.455000e+02 6.534523e-26 2.698559e+02
4.460000e+02 6.826209e-35 2.698912e+02
4.465000e+02 4.284865e-49 2.699199e+02
4.470000e+02 5.168333e-71 2.699409e+02
4.475000e+02 2.690486e-100 2.699535e+02
4.480000e+02 9.175460e-120 2.699572e+02
4.485000e+02 1.014996e-96 2.699520e+02
4.490000e+02 9.190006e-68 2.699381e+02
4.495000e+02 6.126331e-47 2.699160e+02
4.500000e+02 1.438391e-33 2.698864e+02
4.505000e+02 5.034657e-25 2.698501e+02
4.510000e+02 2.023224e-19 2.698081e+02
4.515000e+02 1.287949e-15 2.697616e+02
4.520000e+02 5.967721e-13 2.697115e+02
4.525000e+02 5.212642e-11 2.696590e+02
4.530000e+02 1.443679e-09 2.696050e+02
4.535000e+02 1.802378e-08 2.695504e+02
4.540000e+02 1.277110e-07 2.694958e+02
4.545000e+02 5.971306e-07 2.694418e+02
4.550000e+02 2.064359e-06 2.693885e+02
4.555000e+02 5.638163e-06 2.693360e+02
4.560000e+02 1.283112e-05 2.692841e+02
4.565000e+02 2.528919e-05 2.692328e+02
4.570000e+02 4.423983e-05 2.691818e+02
4.575000e+02 6.514301e-05 2.691323e+02
4.580000e+02 1.065466e-04 2.690807e+02
4.585000e+02 1.498600e-04 2.690311e+02
4.590000e+02 1.996450e-04 2.689826e+02
4.595000e+02 2.538150e-04 2.689361e+02
4.600000e+02 3.111775e-04 2.688919e+02
4.605000e+02 3.682672e-04 2.688512e+02
4.610000e+02 4.211114e-04 2.688148e+02
4.615000e+02 4.731489e-04 2.687824e+02
4.620000e+02 5.136821e-04 2.687564e+02
4.625000e+02 5.325535e-04 2.687393e+02
4.630000e+02 5.501916e-04 2.687271e+02
4.635000e+02 5.638689e-04 2.687202e+02
4.640000e+02 5.574495e-04 2.687222e+02
4.645000e+02 5.471133e-04 2.687291e+02
4.650000e+02 5.245938e-04 2.687405e+02
4.655000e+02 5.145678e-04 2.687510e+02
4.660000e+02 4.910196e-04 2.687684e+02
4.665000e+02 4.313983e-04 2.688004e+02
4.670000e+02 3.839497e-04 2.688388e+02
4.675000e+02 3.083128e-04 2.688929e+02
4.680000e+02 1.596447e-04 2.689737e+02
4.685000e+02 1.335124e-04 2.690418e+02
4.690000e+02 6.699703e-05 2.691327e+02
4.695000e+02 1.929135e-05 2.692333e+02
4.700000e+02 3.607021e-06 2.693349e+02
4.705000e+02 3.652738e-07 2.694226e+02
4.710000e+02 4.967575e-08 2.694674e+02
4.715000e+02 1.611038e-07 2.694656e+02
4.720000e+02 2.991136e-07 2.694598e+02
4.725000e+02 1.482852e-07 2.694857e+02
4.730000e+02 1.340800e-08 2.695459e+02
4.735000e+02 1.539595e-10 2.696239e+02
4.740000e+02 9.588394e-14 2.696957e+02
4.745000e+02 3.009130e-17 2.697357e+02
4.750000e+02 2.140254e-16 2.697275e+02
4.755000e+02 1.341770e-12 2.696729e+02
4.760000e+02 9.314764e-10 2.695883e+02
4.765000e+02 9.434193e-08 2.694936e+02
4.770000e+02 1.296724e-06 2.694023e+02
4.775000e+02 6.700893e-06 2.693204e+02
4.780000e+02 1.942856e-05 2.692495e+02
4.785000e+02 3.914362e-05 2.691896e+02
4.790000e+02 6.250264e-05 2.691405e+02
4.795000e+02 8.436527e-05 2.691021e+02
4.800000e+02 1.009692e-04 2.690731e+02
4.805000e+02 1.183830e-04 2.690507e+02
4.810000e+02 1.281958e-04 2.690360e+02
4.815000e+02 1.249636e-04 2.690292e+02
4.820000e+02 1.393938e-04 2.690230e+02
4.825000e+02 1.405350e-04 2.690229e+02
4.830000e+02 1.351459e-04 2.690277e+02
4.835000e+02 1.238154e-04 2.690380e+02
4.840000e+02 1.085497e-04 2.690536e+02
4.845000e+02 8.866552e-05 2.690750e+02
4.850000e+02 6.574801e-05 2.691030e+02
4.855000e+02 4.108033e-05 2.691388e+02
4.860000e+02 1.807165e-05 2.691842e+02
4.865000e+02 3.206266e-06 2.692405e+02
4.870000e+02 1.580911e-08 2.693034e+02
4.875000e+02 4.844615e-09 2.693563e+02
4.880000e+02 9.549693e-08 2.693961e+02
4.885000e+02 9.595436e-08 2.694173e+02
4.890000e+02 2.633808e-07 2.694059e+02
4.895000e+02 1.073687e-06 2.693703e+02
4.900000e+02 3.222096e-06 2.693301e+02
4.905000e+02 6.116798e-06 2.692962e+02
4.910000e+02 1.029849e-05 2.692688e+02
4.915000e+02 1.550594e-05 2.692468e+02
4.920000e+02 1.976594e-05 2.692311e+02
4.925000e+02 2.323414e-05 2.692216e+02
4.930000e+02 2.476484e-05 2.692174e+02
4.935000e+02 2.497510e-05 2.692173e+02
4.940000e+02 2.423856e-05 2.692201e+02
4.945000e+02 2.287183e-05 2.692250e+02
4.950000e+02 2.114373e-05 2.692314e+02
4.955000e+02 1.919556e-05 2.692389e+02
4.960000e+02 1.677938e-05 2.692473e+02
4.965000e+02 1.496028e-05 2.692562e+02
4.970000e+02 1.285741e-05 2.692656e+02
4.975000e+02 1.161985e-05 2.692753e+02
4.980000e+02 9.691101e-06 2.692854e+02
4.985000e+02 8.494986e-06 2.692955e+02
4.990000e+02 7.223695e-06 2.693059e+02
4.995000e+02 6.141551e-06 2.693165e+02
5.000000e+02 5.106410e-06 2.693273e+02
5.005000e+02 4.113581e-06 2.693384e+02
5.010000e+02 3.404062e-06 2.693498e+02
5.015000e+02 2.694512e-06 2.693620e+02
5.020000e+02 2.057636e-06 2.693753e+02
5.025000e+02 1.488870e-06 2.693906e+02
5.030000e+02 9.885866e-07 2.694090e+02
5.035000e+02 6.054220e-07 2.694275e+02
5.040000e+02 4.891110e-07 2.694371e+02
5.045000e+02 4.458466e-07 2.694411e+02
5.050000e+02 4.105455e-07 2.694446e+02
5.055000e+02 3.549871e-07 2.694497e+02
5.060000e+02 2.832413e-07 2.694576e+02
5.065000e+02 2.100163e-07 2.694675e+02
5.070000e+02 1.461917e-07 2.694789e+02
5.075000e+02 9.265419e-08 2.694915e+02
5.080000e+02 5.314351e-08 2.695051e+02
5.085000e+02 2.970779e-08 2.695189e+02
5.090000e+02 1.518755e-08 2.695311e+02
5.095000e+02 1.076365e-08 2.695396e+02
5.100000e+02 1.099766e-08 2.695446e+02
5.105000e+02 1.111089e-08 2.695482e+02
5.110000e+02 1.013951e-08 2.695525e+02
5.115000e+02 8.425603e-09 2.695578e+02
5.120000e+02 6.506094e-09 2.695642e+02
5.125000e+02 4.802325e-09 2.695713e+02
5.130000e+02 3.398779e-09 2.695789e+02
5.135000e+02 2.331822e-09 2.695868e+02
5.140000e+02 1.557792e-09 2.695950e+02
5.145000e+02 1.014553e-09 2.696032e+02
5.150000e+02 5.931458e-10 2.696116e+02
5.155000e+02 4.032474e-10 2.696199e+02
5.160000e+02 2.464230e-10 2.696283e+02
5.165000e+02 1.469822e-10 2.696366e+02
5.170000e+02 8.517060e-11 2.696449e+02
5.175000e+02 4.403519e-11 2.696532e+02
5.180000e+02 2.734368e-11 2.696613e+02
5.185000e+02 1.492523e-11 2.696695e+02
5.190000e+02 7.894185e-12 2.696776e+02
5.195000e+02 4.017978e-12 2.696857e+02
5.200000e+02 1.839646e-12 2.696937e+02
5.205000e+02 9.681722e-13 2.697015e+02
5.210000e+02 4.734702e-13 2.697091e+02
5.215000e+02 2.197361e-13 2.697167e+02
5.220000e+02 8.543866e-14 2.697243e+02
5.225000e+02 4.191134e-14 2.697317e+02
5.230000e+02 1.696617e-14 2.697391e+02
5.235000e+02 6.267947e-15 2.697465e+02
5.240000e+02 2.592749e-15 2.697537e+02
5.245000e+02 9.402015e-16 2.697609e+02
5.250000e+02 3.238902e-16 2.697680e+02
5.255000e+02 1.056864e-16 2.697750e+02
5.260000e+02 3.256986e-17 2.697819e+02
5.265000e+02 9.423500e-18 2.697887e+02
5.270000e+02 2.555385e-18 2.697954e+02
5.275000e+02 6.424614e-19 2.698020e+02
5.280000e+02 1.551593e-19 2.698085e+02
5.285000e+02 3.420141e-20 2.698150e+02
5.290000e+02 6.912121e-21 2.698213e+02
5.295000e+02 1.269927e-21 2.698275e+02
5.300000e+02 2.139386e-22 2.698336e+02
5.305000e+02 3.198287e-23 2.698396e+02
5.310000e+02 4.360973e-24 2.698456e+02
5.315000e+02 5.261467e-25 2.698514e+02
5.320000e+02 5.565587e-26 2.698571e+02
5.325000e+02 5.090761e-27 2.698627e+02
5.330000e+02 3.991736e-28 2.698682e+02
5.335000e+02 2.649354e-29 2.698736e+02
5.340000e+02 1.460201e-30 2.698789e+02
5.345000e+02 6.631707e-32 2.698840e+02
5.350000e+02 2.455545e-33 2.698891e+02
5.355000e+02 7.086702e-35 2.698941e+02
5.360000e+02 1.526992e-36 2.698989e+02
5.365000e+02 2.616287e-38 2.699037e+02
5.370000e+02 3.161212e-40 2.699083e+02
5.375000e+02 2.745120e-42 2.699128e+02
5.380000e+02 1.668071e-44 2.699172e+02
5.385000e+02 6.598446e-47 2.699215e+02
5.390000e+02 1.599151e-49 2.699257e+02
5.395000e+02 2.204227e-52 2.699298e+02
5.400000e+02 1.792074e-55 2.699337e+02
5.405000e+02 7.252191e-59 2.699376e+02
5.410000e+02 1.396721e-62 2.699413e+02
5.415000e+02 1.123231e-66 2.699449e+02
5.420000e+02 3.360175e-71 2.699484e+02
5.425000e+02 3.223846e-76 2.699518e+02
5.430000e+02 8.395001e-82 2.699551e+02
5.435000e+02 4.708923e-88 2.699583e+02
5.440000e+02 4.341988e-95 2.699614e+02
5.445000e+02 4.578247e-103 2.699644e+02
5.450000e+02 3.448725e-112 2.699672e+02
5.455000e+02 1.096379e-122 2.699700e+02
5.460000e+02 5.770735e-135 2.699727e+02
5.465000e+02 1.835031e-149 2.699752e+02
5.470000e+02 1.340020e-166 2.699776e+02
5.475000e+02 4.322473e-186 2.699798e+02
5.480000e+02 4.027562e-205 2.699817e+02
5.485000e+02 1.125812e-224 2.699834e+02
5.490000e+02 2.021080e-248 2.699851e+02
5.495000e+02 4.720607e-278 2.699867e+02
5.500000e+02 0.000000e+00 2.699883e+02
5.505000e+02 0.000000e+00 2.699897e+02
5.510000e+02 0.000000e+00 2.699911e+02
5.515000e+02 0.000000e+00 2.699924e+02
5.520000e+02 0.000000e+00 2.699936e+02
5.525000e+02 0.000000e+00 2.699946e+02
5.530000e+02 0.000000e+00 2.699956e+02
5.535000e+02 0.000000e+00 2.699964e+02
5.540000e+02 0.000000e+00 2.699972e+02
5.545000e+02 0.000000e+00 2.699978e+02
5.550000e+02 0.000000e+00 2.699983e+02
5.555000e+02 0.000000e+00 2.699987e+02
5.560000e+02 0.000000e+00 2.699990e+02
5.565000e+02 0.000000e+00 2.699991e+02
5.570000e+02 0.000000e+00 2.699992e+02
5.575000e+02 0.000000e+00 2.699992e+02
5.580000e+02 0.000000e+00 2.699990e+02
5.585000e+02 0.000000e+00 2.699987e+02
5.590000e+02 0.000000e+00 2.699984e+02
5.595000e+02 0.000000e+00 2.699979e+02
5.600000e+02 0.000000e+00 2.699973e+02
5.605000e+02 0.000000e+00 2.699966e+02
5.610000e+02 0.000000e+00 2.699958e+02
5.615000e+02 0.000000e+00 2.699949e+02
5.620000e+02 0.000000e+00 2.699939e+02
5.625000e+02 0.000000e+00 2.699928e+02
5.630000e+02 0.000000e+00 2.699916e+02
5.635000e+02 0.000000e+00 2.699903e+02
5.640000e+02 0.000000e+00 2.699889e+02
5.645000e+02 4.709658e-291 2.699874e+02
5.650000e+02 6.333122e-258 2.699858e+02
5.655000e+02 3.642299e-230 2.699841e+02
5.660000e+02 1.087355e-206 2.699823e+02
5.665000e+02 1.129497e-186 2.699804e+02
5.670000e+02 1.937362e-169 2.699784e+02
5.675000e+02 1.709498e-154 2.699764e+02
5.680000e+02 1.731325e-141 2.699742e+02
5.685000e+02 4.328891e-130 2.699719e+02
5.690000e+02 4.795222e-120 2.699696e+02
5.695000e+02 3.775876e-111 2.699671e+02
5.700000e+02 2.902204e-103 2.699646e+02
5.705000e+02 3.686672e-96 2.699620e+02
5.710000e+02 2.330209e-90 2.699593e+02
5.715000e+02 4.397956e-84 2.699565e+02
5.720000e+02 6.575922e-79 2.699537e+02
5.725000e+02 3.216333e-74 2.699507e+02
5.730000e+02 5.815483e-70 2.699477e+02
5.735000e+02 4.526738e-66 2.699446e+02
5.740000e+02 1.691458e-62 2.699414e+02
5.745000e+02 3.009815e-59 2.699382e+02
5.750000e+02 3.145056e-56 2.699348e+02
5.755000e+02 1.836064e-53 2.699314e+02
5.760000e+02 6.536121e-51 2.699280e+02
5.765000e+02 1.175419e-48 2.699244e+02
5.770000e+02 2.341311e-46 2.699208e+02
5.775000e+02 2.503421e-44 2.699172e+02
5.780000e+02 2.001236e-42 2.699134e+02
5.785000e+02 1.179955e-40 2.699096e+02
5.790000e+02 5.285210e-39 2.699057e+02
5.795000e+02 1.846827e-37 2.699018e+02
5.800000e+02 5.132274e-36 2.698978e+02
5.805000e+02 1.162161e-34 2.698937e+02
5.810000e+02 2.168410e-33 2.698896e+02
5.815000e+02 3.383422e-32 2.698855e+02
5.820000e+02 4.247901e-31 2.698813e+02
5.825000e+02 5.099188e-30 2.698770e+02
5.830000e+02 5.195205e-29 2.698727e+02
5.835000e+02 4.014223e-28 2.698683e+02
5.840000e+02 3.608537e-27 2.698639e+02
5.845000e+02 2.540265e-26 2.698594e+02
5.850000e+02 1.609285e-25 2.698549e+02
5.855000e+02 9.259453e-25 2.698504e+02
5.860000e+02 4.870310e-24 2.698458e+02
5.865000e+02 2.357544e-23 2.698412e+02
5.870000e+02 1.054616e-22 2.698365e+02
5.875000e+02 4.390848e-22 2.698318e+02
5.880000e+02 1.705803e-21 2.698271e+02
5.885000e+02 6.210328e-21 2.698224e+02
5.890000e+02 2.122001e-20 2.698176e+02
5.895000e+02 6.881044e-20 2.698128e+02
5.900000e+02 2.105167e-19 2.698080e+02
5.905000e+02 6.087220e-19 2.698031e+02
5.910000e+02 1.559227e-18 2.697983e+02
5.915000e+02 4.480999e-18 2.697934e+02
5.920000e+02 1.139811e-17 2.697886e+02
5.925000e+02 2.688582e-17 2.697837e+02
5.930000e+02 6.447133e-17 2.697789e+02
5.935000e+02 1.453276e-16 2.697741e+02
5.940000e+02 3.131675e-16 2.697693e+02
5.945000e+02 6.450518e-16 2.697646e+02
5.950000e+02 1.159081e-15 2.697599e+02
5.955000e+02 2.468660e-15 2.697553e+02
5.960000e+02 4.604570e-15 2.697508e+02
5.965000e+02 8.090619e-15 2.697465e+02
5.970000e+02 1.332889e-14 2.697425e+02
5.975000e+02 2.024594e-14 2.697389e+02
5.980000e+02 2.756688e-14 2.697360e+02
5.985000e+02 3.229525e-14 2.697338e+02
5.990000e+02 3.133752e-14 2.697323e+02
5.995000e+02 2.652848e-14 2.697307e+02
6.000000e+02 2.902819e-14 2.697273e+02
6.005000e+02 8.312218e-14 2.697215e+02
6.010000e+02 2.504307e-13 2.697140e+02
6.015000e+02 6.400914e-13 2.697063e+02
6.020000e+02 1.368791e-12 2.696991e+02
6.025000e+02 2.533527e-12 2.696926e+02
6.030000e+02 4.384486e-12 2.696866e+02
6.035000e+02 7.123680e-12 2.696811e+02
6.040000e+02 1.094080e-11 2.696760e+02
6.045000e+02 1.615218e-11 2.696711e+02
6.050000e+02 2.306969e-11 2.696665e+02
6.055000e+02 3.202372e-11 2.696622e+02
6.060000e+02 4.334709e-11 2.696581e+02
6.065000e+02 5.734235e-11 2.696542e+02
6.070000e+02 7.406815e-11 2.696506e+02
6.075000e+02 9.344012e-11 2.696473e+02
6.080000e+02 1.148097e-10 2.696443e+02
6.085000e+02 1.387919e-10 2.696416e+02
6.090000e+02 1.624494e-10 2.696393e+02
6.095000e+02 1.817369e-10 2.696374e+02
6.100000e+02 1.968664e-10 2.696360e+02
6.105000e+02 1.967314e-10 2.696352e+02
6.110000e+02 2.183128e-10 2.696350e+02
6.115000e+02 2.133443e-10 2.696356e+02
6.120000e+02 2.044591e-10 2.696372e+02
6.125000e+02 1.783066e-10 2.696398e+02
6.130000e+02 1.432253e-10 2.696436e+02
6.135000e+02 1.041339e-10 2.696489e+02
6.140000e+02 6.659731e-11 2.696560e+02
6.145000e+02 3.595742e-11 2.696651e+02
6.150000e+02 1.565641e-11 2.696766e+02
6.155000e+02 5.136916e-12 2.696908e+02
6.160000e+02 1.110144e-12 2.697082e+02
6.165000e+02 1.341711e-13 2.697290e+02
6.170000e+02 6.926691e-15 2.697534e+02
6.175000e+02 9.711812e-17 2.697813e+02
6.180000e+02 1.785199e-19 2.698121e+02
6.185000e+02 1.203988e-23 2.698444e+02
6.190000e+02 3.613171e-30 2.698760e+02
6.195000e+02 2.179704e-40 2.699039e+02
6.200000e+02 3.268177e-55 2.699246e+02
6.205000e+02 2.311886e-70 2.699352e+02
6.210000e+02 6.403365e-68 2.699339e+02
6.215000e+02 8.498939e-52 2.699209e+02
6.220000e+02 8.742804e-38 2.698982e+02
6.225000e+02 2.499565e-28 2.698684e+02
6.230000e+02 3.026134e-22 2.698348e+02
6.235000e+02 2.730029e-18 2.697998e+02
6.240000e+02 1.305305e-15 2.697654e+02
6.245000e+02 9.686832e-14 2.697326e+02
6.250000e+02 2.154715e-12 2.697023e+02
6.255000e+02 2.153290e-11 2.696745e+02
6.260000e+02 1.280129e-10 2.696492e+02
6.265000e+02 5.130630e-10 2.696264e+02
6.270000e+02 1.554220e-09 2.696058e+02
6.275000e+02 3.783879e-09 2.695871e+02
6.280000e+02 8.045950e-09 2.695702e+02
6.285000e+02 1.558923e-08 2.695547e+02
6.290000e+02 2.709172e-08 2.695406e+02
6.295000e+02 4.357276e-08 2.695276e+02
6.300000e+02 6.590524e-08 2.695157e+02
6.305000e+02 9.498555e-08 2.695046e+02
6.310000e+02 1.314312e-07 2.694943e+02
6.315000e+02 1.755972e-07 2.694847e+02
6.320000e+02 2.227836e-07 2.694757e+02
6.325000e+02 2.880990e-07 2.694673e+02
6.330000e+02 3.611451e-07 2.694593e+02
6.335000e+02 4.396430e-07 2.694518e+02
6.340000e+02 5.292549e-07 2.694446e+02
6.345000e+02 4.893863e-07 2.694378e+02
6.350000e+02 7.420886e-07 2.694313e+02
6.355000e+02 8.673411e-07 2.694250e+02
6.360000e+02 1.000104e-06 2.694191e+02
6.365000e+02 1.142692e-06 2.694134e+02
6.370000e+02 1.294908e-06 2.694079e+02
6.375000e+02 1.456738e-06 2.694026e+02
6.380000e+02 1.625946e-06 2.693975e+02
6.385000e+02 1.781004e-06 2.693926e+02
6.390000e+02 1.789160e-06 2.693879e+02
6.395000e+02 2.184950e-06 2.693833e+02
6.400000e+02 2.346660e-06 2.693790e+02
6.405000e+02 2.619116e-06 2.693747e+02
6.410000e+02 2.852558e-06 2.693706e+02
6.415000e+02 3.007832e-06 2.693667e+02
6.420000e+02 3.270626e-06 2.693629e+02
6.425000e+02 3.348672e-06 2.693594e+02
6.430000e+02 3.785831e-06 2.693559e+02
6.435000e+02 4.025944e-06 2.693528e+02
6.440000e+02 4.261847e-06 2.693499e+02
6.445000e+02 4.371943e-06 2.693477e+02
6.450000e+02 4.390984e-06 2.693465e+02
6.455000e+02 4.516775e-06 2.693465e+02
6.460000e+02 4.603838e-06 2.693455e+02
6.465000e+02 5.123827e-06 2.693403e+02
6.470000e+02 5.639423e-06 2.693350e+02
6.475000e+02 5.928121e-06 2.693310e+02
6.480000e+02 6.004790e-06 2.693279e+02
6.485000e+02 6.682004e-06 2.693251e+02
6.490000e+02 6.984986e-06 2.693228e+02
6.495000e+02 7.238237e-06 2.693208e+02
6.500000e+02 7.445089e-06 2.693192e+02
6.505000e+02 7.568309e-06 2.693178e+02
6.510000e+02 7.631064e-06 2.693168e+02
6.515000e+02 4.380612e-06 2.693169e+02
6.520000e+02 7.784533e-06 2.693160e+02
6.525000e+02 7.801988e-06 2.693164e+02
6.530000e+02 7.639898e-06 2.693175e+02
6.535000e+02 7.288498e-06 2.693195e+02
6.540000e+02 6.896415e-06 2.693227e+02
6.545000e+02 6.175936e-06 2.693276e+02
6.550000e+02 2.196462e-06 2.693355e+02
6.555000e+02 3.869965e-06 2.693452e+02
6.560000e+02 1.255329e-06 2.693597e+02
6.565000e+02 1.703382e-06 2.693783e+02
6.570000e+02 1.618334e-06 2.694007e+02
6.575000e+02 8.114778e-07 2.694225e+02
6.580000e+02 4.973083e-07 2.694345e+02
6.585000e+02 7.464785e-07 2.694293e+02
6.590000e+02 1.363202e-06 2.694097e+02
6.595000e+02 2.513499e-06 2.693848e+02
6.600000e+02 4.007709e-06 2.693618e+02
6.605000e+02 5.577714e-06 2.693432e+02
6.610000e+02 6.999366e-06 2.693289e+02
6.615000e+02 7.108726e-06 2.693183e+02
6.620000e+02 9.322465e-06 2.693098e+02
6.625000e+02 1.021531e-05 2.693035e+02
6.630000e+02 1.092475e-05 2.692986e+02
6.635000e+02 1.151800e-05 2.692948e+02
6.640000e+02 1.199275e-05 2.692917e+02
6.645000e+02 1.221567e-05 2.692893e+02
6.650000e+02 1.260438e-05 2.692874e+02
6.655000e+02 1.225373e-05 2.692861e+02
6.660000e+02 1.277011e-05 2.692849e+02
6.665000e+02 1.268491e-05 2.692841e+02
6.670000e+02 1.321422e-05 2.692833e+02
6.675000e+02 1.332367e-05 2.692829e+02
6.680000e+02 1.344730e-05 2.692826e+02
6.685000e+02 1.348954e-05 2.692825e+02
6.690000e+02 1.343526e-05 2.692826e+02
6.695000e+02 1.316508e-05 2.692829e+02
6.700000e+02 1.232328e-05 2.692834e+02
6.705000e+02 1.313898e-05 2.692837e+02
6.710000e+02 1.301385e-05 2.692844e+02
6.715000e+02 1.215925e-05 2.692852e+02
6.720000e+02 1.239194e-05 2.692860e+02
6.725000e+02 1.231494e-05 2.692870e+02
6.730000e+02 1.229624e-05 2.692880e+02
6.735000e+02 1.217125e-05 2.692891e+02
6.740000e+02 1.148017e-05 2.692904e+02
6.745000e+02 1.176394e-05 2.692916e+02
6.750000e+02 1.153226e-05 2.692931e+02
6.755000e+02 1.126553e-05 2.692946e+02
6.760000e+02 1.065671e-05 2.692963e+02
6.765000e+02 1.068392e-05 2.692979e+02
6.770000e+02 1.032689e-05 2.692998e+02
6.775000e+02 1.000914e-05 2.693017e+02
6.780000e+02 9.566566e-06 2.693037e+02
6.785000e+02 9.437937e-06 2.693057e+02
6.790000e+02 9.154511e-06 2.693078e+02
6.795000e+02 8.879751e-06 2.693099e+02
6.800000e+02 8.577020e-06 2.693122e+02
6.805000e+02 8.261293e-06 2.693146e+02
6.810000e+02 7.940558e-06 2.693170e+02
6.815000e+02 7.614890e-06 2.693196e+02
6.820000e+02 7.289074e-06 2.693222e+02
6.825000e+02 6.967302e-06 2.693249e+02
6.830000e+02 6.632761e-06 2.693277e+02
6.835000e+02 6.211561e-06 2.693306e+02
6.840000e+02 5.965546e-06 2.693335e+02
6.845000e+02 5.679163e-06 2.693366e+02
6.850000e+02 5.393836e-06 2.693397e+02
6.855000e+02 5.093795e-06 2.693429e+02
6.860000e+02 4.797691e-06 2.693462e+02
6.865000e+02 4.507593e-06 2.693496e+02
6.870000e+02 4.222337e-06 2.693532e+02
6.875000e+02 3.941242e-06 2.693568e+02
6.880000e+02 3.666316e-06 2.693606e+02
6.885000e+02 3.393962e-06 2.693646e+02
6.890000e+02 3.122747e-06 2.693688e+02
6.895000e+02 2.849050e-06 2.693734e+02
6.900000e+02 2.567112e-06 2.693784e+02
6.905000e+02 2.267595e-06 2.693841e+02
6.910000e+02 1.940826e-06 2.693906e+02
6.915000e+02 1.573110e-06 2.693975e+02
6.920000e+02 1.326176e-06 2.694032e+02
6.925000e+02 1.215458e-06 2.694061e+02
6.930000e+02 1.310086e-06 2.694074e+02
6.935000e+02 8.795801e-07 2.694089e+02
6.940000e+02 1.238926e-06 2.694112e+02
6.945000e+02 1.150867e-06 2.694142e+02
6.950000e+02 1.057600e-06 2.694178e+02
6.955000e+02 9.771391e-07 2.694218e+02
6.960000e+02 8.642938e-07 2.694259e+02
6.965000e+02 7.933734e-07 2.694303e+02
6.970000e+02 7.085377e-07 2.694348e+02
6.975000e+02 6.242907e-07 2.694395e+02
6.980000e+02 5.569001e-07 2.694442e+02
6.985000e+02 4.891874e-07 2.694491e+02
6.990000e+02 4.013311e-07 2.694540e+02
6.995000e+02 3.721650e-07 2.694590e+02
7.000000e+02 3.214512e-07 2.694642e+02
7.005000e+02 2.721413e-07 2.694694e+02
7.010000e+02 2.199048e-07 2.694746e+02
7.015000e+02 1.779205e-07 2.694799e+02
7.020000e+02 1.717784e-07 2.694852e+02
7.025000e+02 1.446763e-07 2.694906e+02
7.030000e+02 1.173550e-07 2.694960e+02
7.035000e+02 1.015435e-07 2.695016e+02
7.040000e+02 8.470892e-08 2.695072e+02
7.045000e+02 6.992110e-08 2.695128e+02
7.050000e+02 5.726455e-08 2.695185e+02
7.055000e+02 4.651958e-08 2.695243e+02
7.060000e+02 3.747179e-08 2.695302e+02
7.065000e+02 2.998282e-08 2.695361e+02
7.070000e+02 2.376724e-08 2.695420e+02
7.075000e+02 1.867197e-08 2.695480e+02
7.080000e+02 1.443248e-08 2.695541e+02
7.085000e+02 1.119695e-08 2.695602e+02
7.090000e+02 8.558203e-09 2.695664e+02
7.095000e+02 6.400905e-09 2.695726e+02
7.100000e+02 4.813882e-09 2.695789e+02
7.105000e+02 3.551005e-09 2.695852e+02
7.110000e+02 2.572497e-09 2.695916e+02
7.115000e+02 1.620138e-09 2.695981e+02
7.120000e+02 1.287443e-09 2.696046e+02
7.125000e+02 8.790573e-10 2.696112e+02
7.130000e+02 5.783218e-10 2.696179e+02
7.135000e+02 3.579883e-10 2.696248e+02
7.140000e+02 1.958303e-10 2.696321e+02
7.145000e+02 7.730452e-11 2.696399e+02
7.150000e+02 9.037236e-12 2.696484e+02
7.155000e+02 1.488016e-13 2.696558e+02
7.160000e+02 1.018946e-11 2.696606e+02
7.165000e+02 1.678767e-11 2.696656e+02
7.170000e+02 1.428400e-11 2.696715e+02
7.175000e+02 9.841498e-12 2.696778e+02
7.180000e+02 6.025733e-12 2.696843e+02
7.185000e+02 3.472487e-12 2.696909e+02
7.190000e+02 2.035269e-12 2.696976e+02
7.195000e+02 1.088948e-12 2.697044e+02
7.200000e+02 5.617763e-13 2.697112e+02
7.205000e+02 2.929877e-13 2.697179e+02
7.210000e+02 1.431905e-13 2.697247e+02
7.215000e+02 6.711351e-14 2.697315e+02
7.220000e+02 3.018593e-14 2.697383e+02
7.225000e+02 1.298064e-14 2.697451e+02
7.230000e+02 5.169911e-15 2.697518e+02
7.235000e+02 1.894045e-15 2.697586e+02
7.240000e+02 7.803640e-16 2.697653e+02
7.245000e+02 2.769676e-16 2.697721e+02
7.250000e+02 9.228089e-17 2.697787e+02
7.255000e+02 2.876602e-17 2.697854e+02
7.260000e+02 8.389142e-18 2.697920e+02
7.265000e+02 2.245810e-18 2.697986e+02
7.270000e+02 5.630604e-19 2.698052e+02
7.275000e+02 1.290925e-19 2.698117e+02
7.280000e+02 2.642977e-20 2.698181e+02
7.285000e+02 5.078614e-21 2.698245e+02
7.290000e+02 8.635075e-22 2.698309e+02
7.295000e+02 1.294391e-22 2.698371e+02
7.300000e+02 1.585035e-23 2.698434e+02
7.305000e+02 1.916996e-24 2.698495e+02
7.310000e+02 1.799388e-25 2.698556e+02
7.315000e+02 1.503246e-26 2.698616e+02
7.320000e+02 1.047779e-27 2.698675e+02
7.325000e+02 5.813657e-29 2.698734e+02
7.330000e+02 2.549495e-30 2.698791e+02
7.335000e+02 8.630910e-32 2.698848e+02
7.340000e+02 2.180832e-33 2.698903e+02
7.345000e+02 3.856384e-35 2.698958e+02
7.350000e+02 4.677751e-37 2.699012e+02
7.355000e+02 4.644166e-39 2.699064e+02
7.360000e+02 2.602794e-41 2.699115e+02
7.365000e+02 8.574171e-44 2.699166e+02
7.370000e+02 1.678168e-46 2.699215e+02
7.375000e+02 1.668354e-49 2.699263e+02
7.380000e+02 7.866577e-53 2.699309e+02
7.385000e+02 1.575728e-56 2.699355e+02
7.390000e+02 1.173659e-60 2.699399e+02
7.395000e+02 2.766432e-65 2.699441e+02
7.400000e+02 1.675036e-70 2.699483e+02
7.405000e+02 1.979868e-76 2.699523e+02
7.410000e+02 4.264746e-83 2.699561e+02
7.415000e+02 8.948255e-91 2.699598e+02
7.420000e+02 1.248923e-99 2.699634e+02
7.425000e+02 6.350046e-110 2.699668e+02
7.430000e+02 5.315744e-122 2.699700e+02
7.435000e+02 2.562865e-136 2.699731e+02
7.440000e+02 1.732627e-153 2.699761e+02
7.445000e+02 2.892207e-174 2.699788e+02
7.450000e+02 2.602236e-199 2.699814e+02
7.455000e+02 4.686699e-228 2.699837e+02
7.460000e+02 9.309987e-261 2.699858e+02
7.465000e+02 8.775714e-302 2.699877e+02
7.470000e+02 0.000000e+00 2.699895e+02
7.475000e+02 0.000000e+00 2.699912e+02
7.480000e+02 0.000000e+00 2.699927e+02
7.485000e+02 0.000000e+00 2.699941e+02
7.490000e+02 0.000000e+00 2.699953e+02
7.495000e+02 0.000000e+00 2.699963e+02
7.500000e+02 0.000000e+00 2.699972e+02
7.505000e+02 0.000000e+00 2.699978e+02
7.510000e+02 0.000000e+00 2.699983e+02
7.515000e+02 0.000000e+00 2.699986e+02
7.520000e+02 0.000000e+00 2.699988e+02
7.525000e+02 0.000000e+00 2.699988e+02
7.530000e+02 0.000000e+00 2.699986e+02
7.535000e+02 0.000000e+00 2.699982e+02
7.540000e+02 0.000000e+00 2.699976e+02
7.545000e+02 0.000000e+00 2.699969e+02
7.550000e+02 0.000000e+00 2.699960e+02
7.555000e+02 0.000000e+00 2.699950e+02
7.560000e+02 0.000000e+00 2.699937e+02
7.565000e+02 0.000000e+00 2.699924e+02
7.570000e+02 0.000000e+00 2.699908e+02
7.575000e+02 0.000000e+00 2.699891e+02
7.580000e+02 8.782519e-286 2.699872e+02
7.585000e+02 3.649950e-246 2.699852e+02
7.590000e+02 3.031753e-214 2.699830e+02
7.595000e+02 3.516796e-188 2.699807e+02
7.600000e+02 1.218699e-166 2.699782e+02
7.605000e+02 1.195020e-148 2.699756e+02
7.610000e+02 1.822956e-133 2.699728e+02
7.615000e+02 1.504715e-120 2.699699e+02
7.620000e+02 1.803999e-109 2.699669e+02
7.625000e+02 6.731861e-100 2.699637e+02
7.630000e+02 1.419842e-91 2.699604e+02
7.635000e+02 2.722552e-84 2.699570e+02
7.640000e+02 6.949370e-78 2.699534e+02
7.645000e+02 3.212984e-72 2.699498e+02
7.650000e+02 3.417512e-67 2.699460e+02
7.655000e+02 1.062590e-62 2.699421e+02
7.660000e+02 1.099186e-58 2.699381e+02
7.665000e+02 4.460837e-55 2.699340e+02
7.670000e+02 8.500887e-52 2.699298e+02
7.675000e+02 7.747684e-49 2.699255e+02
7.680000e+02 3.773150e-46 2.699211e+02
7.685000e+02 1.043312e-43 2.699166e+02
7.690000e+02 1.743885e-41 2.699121e+02
7.695000e+02 1.850933e-39 2.699075e+02
7.700000e+02 1.291444e-37 2.699028e+02
7.705000e+02 6.102216e-36 2.698980e+02
7.710000e+02 1.938906e-34 2.698933e+02
7.715000e+02 3.994663e-33 2.698885e+02
7.720000e+02 4.638696e-32 2.698838e+02
7.725000e+02 1.999410e-31 2.698793e+02
7.730000e+02 7.643303e-32 2.698753e+02
7.735000e+02 3.324959e-36 2.698720e+02
7.740000e+02 6.961303e-41 2.698676e+02
7.745000e+02 6.394246e-30 2.698610e+02
7.750000e+02 1.213625e-26 2.698543e+02
7.755000e+02 6.310316e-25 2.698481e+02
7.760000e+02 9.507744e-24 2.698422e+02
7.765000e+02 8.508528e-23 2.698365e+02
7.770000e+02 5.909941e-22 2.698309e+02
7.775000e+02 3.281322e-21 2.698253e+02
7.780000e+02 1.548588e-20 2.698198e+02
7.785000e+02 6.577281e-20 2.698142e+02
7.790000e+02 2.540605e-19 2.698086e+02
7.795000e+02 8.759236e-19 2.698031e+02
7.800000e+02 2.900795e-18 2.697975e+02
7.805000e+02 9.018682e-18 2.697919e+02
7.810000e+02 2.599304e-17 2.697863e+02
7.815000e+02 7.053301e-17 2.697808e+02
7.820000e+02 1.793519e-16 2.697752e+02
7.825000e+02 3.395143e-16 2.697696e+02
7.830000e+02 1.044009e-15 2.697641e+02
7.835000e+02 2.355356e-15 2.697585e+02
7.840000e+02 5.141730e-15 2.697530e+02
7.845000e+02 1.019483e-14 2.697475e+02
7.850000e+02 2.136978e-14 2.697420e+02
7.855000e+02 4.251691e-14 2.697365e+02
7.860000e+02 8.199450e-14 2.697310e+02
7.865000e+02 1.524944e-13 2.697255e+02
7.870000e+02 2.751108e-13 2.697201e+02
7.875000e+02 4.837876e-13 2.697147e+02
7.880000e+02 8.304752e-13 2.697093e+02
7.885000e+02 1.393528e-12 2.697040e+02
7.890000e+02 2.288456e-12 2.696987e+02
7.895000e+02 3.685868e-12 2.696934e+02
7.900000e+02 5.817323e-12 2.696881e+02
7.905000e+02 8.984734e-12 2.696829e+02
7.910000e+02 1.358491e-11 2.696777e+02
7.915000e+02 2.028369e-11 2.696726e+02
7.920000e+02 3.029829e-11 2.696675e+02
7.925000e+02 4.407353e-11 2.696624e+02
7.930000e+02 6.047199e-11 2.696574e+02
7.935000e+02 8.830048e-11 2.696524e+02
7.940000e+02 1.257670e-10 2.696475e+02
7.945000e+02 1.736466e-10 2.696426e+02
7.950000e+02 2.369490e-10 2.696378e+02
7.955000e+02 3.184900e-10 2.696331e+02
7.960000e+02 4.213564e-10 2.696284e+02
7.965000e+02 5.504794e-10 2.696239e+02
7.970000e+02 7.080830e-10 2.696194e+02
7.975000e+02 9.084468e-10 2.696148e+02
7.980000e+02 1.186620e-09 2.696101e+02
7.985000e+02 1.536879e-09 2.696054e+02
7.990000e+02 1.976312e-09 2.696007e+02
7.995000e+02 2.521440e-09 2.695961e+02
8.000000e+02 3.183772e-09 2.695916e+02
8.005000e+02 3.965429e-09 2.695871e+02
8.010000e+02 4.895644e-09 2.695828e+02
8.015000e+02 5.996278e-09 2.695785e+02
8.020000e+02 7.271465e-09 2.695742e+02
8.025000e+02 8.666936e-09 2.695700e+02
8.030000e+02 1.047711e-08 2.695659e+02
8.035000e+02 1.251587e-08 2.695618e+02
8.040000e+02 1.500080e-08 2.695578e+02
8.045000e+02 1.775252e-08 2.695538e+02
8.050000e+02 2.090727e-08 2.695499e+02
8.055000e+02 2.447129e-08 2.695460e+02
8.060000e+02 2.841429e-08 2.695422e+02
8.065000e+02 3.252426e-08 2.695384e+02
8.070000e+02 3.749338e-08 2.695347e+02
8.075000e+02 3.803792e-08 2.695310e+02
8.080000e+02 4.893346e-08 2.695274e+02
8.085000e+02 5.709725e-08 2.695239e+02
8.090000e+02 6.509474e-08 2.695203e+02
8.095000e+02 7.338858e-08 2.695169e+02
8.100000e+02 8.280328e-08 2.695135e+02
8.105000e+02 9.109072e-08 2.695101e+02
8.110000e+02 9.940137e-08 2.695068e+02
8.115000e+02 9.986026e-08 2.695036e+02
8.120000e+02 1.294566e-07 2.695004e+02
8.125000e+02 1.437538e-07 2.694972e+02
8.130000e+02 1.519558e-07 2.694941e+02
8.135000e+02 1.733465e-07 2.694911e+02
8.140000e+02 1.074114e-07 2.694881e+02
8.145000e+02 2.114219e-07 2.694851e+02
8.150000e+02 2.325969e-07 2.694822e+02
8.155000e+02 2.542710e-07 2.694794e+02
8.160000e+02 2.767360e-07 2.694766e+02
8.165000e+02 3.006294e-07 2.694738e+02
8.170000e+02 3.255415e-07 2.694711e+02
8.175000e+02 3.514575e-07 2.694685e+02
8.180000e+02 3.782298e-07 2.694659e+02
8.185000e+02 3.991143e-07 2.694634e+02
8.190000e+02 4.351737e-07 2.694610e+02
8.195000e+02 4.595891e-07 2.694586e+02
8.200000e+02 4.910579e-07 2.694563e+02
8.205000e+02 5.280632e-07 2.694540e+02
8.210000e+02 5.620113e-07 2.694518e+02
8.215000e+02 5.946861e-07 2.694498e+02
8.220000e+02 6.262714e-07 2.694478e+02
8.225000e+02 6.573400e-07 2.694460e+02
8.230000e+02 6.864397e-07 2.694443e+02
8.235000e+02 7.113818e-07 2.694429e+02
8.240000e+02 7.299602e-07 2.694417e+02
8.245000e+02 7.395950e-07 2.694410e+02
8.250000e+02 7.313375e-07 2.694409e+02
8.255000e+02 6.683065e-07 2.694416e+02
8.260000e+02 6.139817e-07 2.694433e+02
8.265000e+02 5.055002e-07 2.694456e+02
8.270000e+02 4.933184e-07 2.694472e+02
8.275000e+02 5.056222e-07 2.694458e+02
8.280000e+02 5.619413e-07 2.694412e+02
8.285000e+02 7.740091e-07 2.694356e+02
8.290000e+02 9.059795e-07 2.694305e+02
8.295000e+02 9.997122e-07 2.694264e+02
8.300000e+02 1.062079e-06 2.694232e+02
8.305000e+02 1.027392e-06 2.694208e+02
8.310000e+02 6.344001e-07 2.694191e+02
8.315000e+02 9.089162e-07 2.694179e+02
8.320000e+02 8.849566e-07 2.694176e+02
8.325000e+02 6.785955e-07 2.694187e+02
8.330000e+02 3.374953e-07 2.694225e+02
8.335000e+02 5.107653e-08 2.694311e+02
8.340000e+02 9.779468e-12 2.694411e+02
8.345000e+02 2.543022e-09 2.694362e+02
8.350000e+02 1.661830e-07 2.694230e+02
8.355000e+02 5.816886e-07 2.694143e+02
8.360000e+02 9.862563e-07 2.694095e+02
8.365000e+02 1.240853e-06 2.694068e+02
8.370000e+02 1.337572e-06 2.694050e+02
8.375000e+02 1.575929e-06 2.694036e+02
8.380000e+02 1.607056e-06 2.694027e+02
8.385000e+02 1.566774e-06 2.694022e+02
8.390000e+02 1.788937e-06 2.694017e+02
8.395000e+02 1.618385e-06 2.694012e+02
8.400000e+02 1.776937e-06 2.694014e+02
8.405000e+02 1.740292e-06 2.694031e+02
8.410000e+02 1.239003e-06 2.694055e+02
8.415000e+02 1.385611e-06 2.694046e+02
8.420000e+02 1.562406e-06 2.694002e+02
8.425000e+02 1.392698e-06 2.693964e+02
8.430000e+02 5.997738e-07 2.693939e+02
8.435000e+02 2.207238e-06 2.693920e+02
8.440000e+02 2.468946e-06 2.693909e+02
8.445000e+02 2.566616e-06 2.693902e+02
8.450000e+02 2.604550e-06 2.693899e+02
8.455000e+02 2.600617e-06 2.693899e+02
8.460000e+02 2.592766e-06 2.693904e+02
8.465000e+02 2.531034e-06 2.693913e+02
8.470000e+02 2.436307e-06 2.693930e+02
8.475000e+02 2.267681e-06 2.693954e+02
8.480000e+02 2.026277e-06 2.693987e+02
8.485000e+02 1.746894e-06 2.694018e+02
8.490000e+02 1.398537e-06 2.694031e+02
8.495000e+02 1.793786e-06 2.694013e+02
8.500000e+02 2.078189e-06 2.693980e+02
8.505000e+02 2.345419e-06 2.693947e+02
8.510000e+02 2.521321e-06 2.693924e+02
8.515000e+02 2.627205e-06 2.693909e+02
8.520000e+02 2.690478e-06 2.693901e+02
8.525000e+02 2.690531e-06 2.693901e+02
8.530000e+02 2.651507e-06 2.693906e+02
8.535000e+02 2.599292e-06 2.693914e+02
8.540000e+02 2.606258e-06 2.693920e+02
8.545000e+02 2.627012e-06 2.693923e+02
8.550000e+02 2.625880e-06 2.693927e+02
8.555000e+02 2.550814e-06 2.693939e+02
8.560000e+02 2.481285e-06 2.693960e+02
8.565000e+02 2.330842e-06 2.693990e+02
8.570000e+02 2.133368e-06 2.694032e+02
8.575000e+02 1.864775e-06 2.694090e+02
8.580000e+02 9.072948e-07 2.694171e+02
8.585000e+02 1.232000e-06 2.694277e+02
8.590000e+02 8.802772e-07 2.694406e+02
8.595000e+02 5.951745e-07 2.694532e+02
8.600000e+02 4.703119e-07 2.694600e+02
8.605000e+02 5.401030e-07 2.694569e+02
8.610000e+02 7.771820e-07 2.694461e+02
8.615000e+02 8.730988e-07 2.694336e+02
8.620000e+02 1.435248e-06 2.694227e+02
8.625000e+02 1.700933e-06 2.694146e+02
8.630000e+02 1.617429e-06 2.694090e+02
8.635000e+02 2.084153e-06 2.694051e+02
8.640000e+02 2.209545e-06 2.694025e+02
8.645000e+02 2.321684e-06 2.694000e+02
8.650000e+02 2.398918e-06 2.693983e+02
8.655000e+02 2.417085e-06 2.693972e+02
8.660000e+02 2.396171e-06 2.693966e+02
8.665000e+02 2.472769e-06 2.693962e+02
8.670000e+02 2.485373e-06 2.693961e+02
8.675000e+02 2.478443e-06 2.693963e+02
8.680000e+02 2.462776e-06 2.693965e+02
8.685000e+02 2.421817e-06 2.693969e+02
8.690000e+02 2.357665e-06 2.693974e+02
8.695000e+02 2.344867e-06 2.693980e+02
8.700000e+02 2.349781e-06 2.693986e+02
8.705000e+02 2.310951e-06 2.693993e+02
8.710000e+02 2.278112e-06 2.694001e+02
8.715000e+02 2.237390e-06 2.694010e+02
8.720000e+02 2.194744e-06 2.694019e+02
8.725000e+02 2.150054e-06 2.694028e+02
8.730000e+02 2.104436e-06 2.694038e+02
8.735000e+02 2.057312e-06 2.694049e+02
8.740000e+02 2.003783e-06 2.694060e+02
8.745000e+02 1.959153e-06 2.694071e+02
8.750000e+02 1.908356e-06 2.694083e+02
8.755000e+02 1.818521e-06 2.694095e+02
8.760000e+02 1.804804e-06 2.694108e+02
8.765000e+02 1.752420e-06 2.694121e+02
8.770000e+02 1.698336e-06 2.694135e+02
8.775000e+02 1.642355e-06 2.694149e+02
8.780000e+02 1.582265e-06 2.694164e+02
8.785000e+02 1.515563e-06 2.694179e+02
8.790000e+02 1.477644e-06 2.694195e+02
8.795000e+02 1.427105e-06 2.694211e+02
8.800000e+02 1.374692e-06 2.694227e+02
8.805000e+02 1.320616e-06 2.694244e+02
8.810000e+02 1.263866e-06 2.694262e+02
8.815000e+02 1.197814e-06 2.694280e+02
8.820000e+02 1.154159e-06 2.694299e+02
8.825000e+02 1.086857e-06 2.694319e+02
8.830000e+02 7.057464e-07 2.694340e+02
8.835000e+02 9.733927e-07 2.694360e+02
8.840000e+02 9.414936e-07 2.694382e+02
8.845000e+02 8.934561e-07 2.694405e+02
8.850000e+02 8.422986e-07 2.694428e+02
8.855000e+02 7.859888e-07 2.694453e+02
8.860000e+02 7.343344e-07 2.694480e+02
8.865000e+02 5.881425e-07 2.694508e+02
8.870000e+02 6.214551e-07 2.694538e+02
8.875000e+02 5.662476e-07 2.694570e+02
8.880000e+02 4.819846e-07 2.694605e+02
8.885000e+02 4.605015e-07 2.694644e+02
8.890000e+02 4.154261e-07 2.694688e+02
8.895000e+02 3.592719e-07 2.694738e+02
8.900000e+02 3.009764e-07 2.694795e+02
8.905000e+02 2.434668e-07 2.694861e+02
8.910000e+02 1.867293e-07 2.694940e+02
8.915000e+02 1.303493e-07 2.695037e+02
8.920000e+02 7.876111e-08 2.695158e+02
8.925000e+02 3.874880e-08 2.695299e+02
8.930000e+02 1.524972e-08 2.695441e+02
8.935000e+02 6.278693e-09 2.695539e+02
8.940000e+02 7.173005e-09 2.695555e+02
8.945000e+02 1.401808e-08 2.695506e+02
8.950000e+02 2.225719e-08 2.695445e+02
8.955000e+02 3.184317e-08 2.695402e+02
8.960000e+02 3.006028e-08 2.695378e+02
8.965000e+02 4.246618e-08 2.695371e+02
8.970000e+02 4.377744e-08 2.695382e+02
8.975000e+02 4.004658e-08 2.695414e+02
8.980000e+02 3.303024e-08 2.695468e+02
8.985000e+02 2.496069e-08 2.695536e+02
8.990000e+02 1.834265e-08 2.695605e+02
8.995000e+02 1.482381e-08 2.695657e+02
9.000000e+02 1.345502e-08 2.695690e+02
9.005000e+02 1.203795e-08 2.695724e+02
9.010000e+02 9.770601e-09 2.695772e+02
9.015000e+02 7.186127e-09 2.695841e+02
9.020000e+02 4.752154e-09 2.695926e+02
9.025000e+02 2.966919e-09 2.696017e+02
9.030000e+02 1.921696e-09 2.696104e+02
9.035000e+02 1.189379e-09 2.696197e+02
9.040000e+02 6.327076e-10 2.696312e+02
9.045000e+02 2.440047e-10 2.696459e+02
9.050000e+02 6.708570e-11 2.696642e+02
9.055000e+02 1.157935e-11 2.696840e+02
9.060000e+02 1.996998e-12 2.696999e+02
9.065000e+02 1.174011e-12 2.697065e+02
9.070000e+02 1.701593e-12 2.697068e+02
9.075000e+02 1.811332e-12 2.697082e+02
9.080000e+02 1.060840e-12 2.697137e+02
9.085000e+02 3.876709e-13 2.697234e+02
9.090000e+02 9.649290e-14 2.697364e+02
9.095000e+02 1.418248e-14 2.697519e+02
9.100000e+02 1.153888e-15 2.697693e+02
9.105000e+02 4.755273e-17 2.697884e+02
9.110000e+02 7.666911e-19 2.698087e+02
9.115000e+02 3.461880e-21 2.698299e+02
9.120000e+02 2.513519e-24 2.698516e+02
9.125000e+02 1.435623e-28 2.698734e+02
9.130000e+02 1.567176e-34 2.698946e+02
9.135000e+02 3.999572e-43 2.699147e+02
9.140000e+02 7.262561e-56 2.699330e+02
9.145000e+02 3.985608e-75 2.699485e+02
9.150000e+02 6.117423e-104 2.699607e+02
9.155000e+02 3.741536e-143 2.699688e+02
9.160000e+02 2.151209e-179 2.699725e+02
9.165000e+02 4.216398e-168 2.699716e+02
9.170000e+02 6.408204e-127 2.699660e+02
9.175000e+02 1.556615e-91 2.699563e+02
9.180000e+02 4.783099e-67 2.699429e+02
9.185000e+02 6.267165e-51 2.699267e+02
9.190000e+02 2.853936e-40 2.699086e+02
9.195000e+02 5.981059e-33 2.698891e+02
9.200000e+02 1.079710e-27 2.698688e+02
9.205000e+02 7.088885e-24 2.698484e+02
9.210000e+02 4.654704e-21 2.698284e+02
9.215000e+02 6.127160e-19 2.698092e+02
9.220000e+02 2.593635e-17 2.697912e+02
9.225000e+02 4.884516e-16 2.697744e+02
9.230000e+02 4.992489e-15 2.697589e+02
9.235000e+02 3.295983e-14 2.697446e+02
9.240000e+02 1.560690e-13 2.697315e+02
9.245000e+02 5.579649e-13 2.697197e+02
9.250000e+02 1.540862e-12 2.697090e+02
9.255000e+02 3.718473e-12 2.696996e+02
9.260000e+02 7.847848e-12 2.696912e+02
9.265000e+02 1.389155e-11 2.696837e+02
9.270000e+02 2.453538e-11 2.696771e+02
9.275000e+02 3.381054e-11 2.696713e+02
9.280000e+02 5.461020e-11 2.696663e+02
9.285000e+02 7.330563e-11 2.696619e+02
9.290000e+02 9.660228e-11 2.696582e+02
9.295000e+02 1.197267e-10 2.696550e+02
9.300000e+02 1.429446e-10 2.696523e+02
9.305000e+02 1.647219e-10 2.696501e+02
9.310000e+02 1.841589e-10 2.696484e+02
9.315000e+02 2.000158e-10 2.696470e+02
9.320000e+02 2.123302e-10 2.696460e+02
9.325000e+02 2.182030e-10 2.696453e+02
9.330000e+02 1.908506e-10 2.696449e+02
9.335000e+02 2.160501e-10 2.696448e+02
9.340000e+02 2.229109e-10 2.696450e+02
9.345000e+02 2.181112e-10 2.696453e+02
9.350000e+02 2.094171e-10 2.696460e+02
9.355000e+02 1.979952e-10 2.696468e+02
9.360000e+02 1.839720e-10 2.696478e+02
9.365000e+02 1.703534e-10 2.696490e+02
9.370000e+02 1.539844e-10 2.696504e+02
9.375000e+02 1.383344e-10 2.696520e+02
9.380000e+02 1.224002e-10 2.696537e+02
9.385000e+02 1.076361e-10 2.696555e+02
9.390000e+02 9.519163e-11 2.696574e+02
9.395000e+02 8.341610e-11 2.696593e+02
9.400000e+02 7.196725e-11 2.696613e+02
9.405000e+02 6.142455e-11 2.696635e+02
9.410000e+02 5.170953e-11 2.696659e+02
9.415000e+02 4.299687e-11 2.696683e+02
9.420000e+02 3.530159e-11 2.696710e+02
9.425000e+02 2.854968e-11 2.696737e+02
9.430000e+02 2.272803e-11 2.696766e+02
9.435000e+02 1.769299e-11 2.696796e+02
9.440000e+02 1.358739e-11 2.696828e+02
9.445000e+02 1.016643e-11 2.696860e+02
9.450000e+02 7.665576e-12 2.696891e+02
9.455000e+02 6.193786e-12 2.696921e+02
9.460000e+02 4.864827e-12 2.696950e+02
9.465000e+02 3.724443e-12 2.696981e+02
9.470000e+02 2.784802e-12 2.697013e+02
9.475000e+02 2.036208e-12 2.697046e+02
9.480000e+02 1.461250e-12 2.697081e+02
9.485000e+02 1.010060e-12 2.697117e+02
9.490000e+02 6.551158e-13 2.697153e+02
9.495000e+02 4.851467e-13 2.697191e+02
9.500000e+02 3.248194e-13 2.697229e+02
9.505000e+02 2.055535e-13 2.697268e+02
9.510000e+02 1.332861e-13 2.697308e+02
9.515000e+02 7.956475e-14 2.697349e+02
9.520000e+02 5.247670e-14 2.697391e+02
9.525000e+02 3.127888e-14 2.697433e+02
9.530000e+02 1.809255e-14 2.697476e+02
9.535000e+02 1.005406e-14 2.697520e+02
9.540000e+02 5.514042e-15 2.697565e+02
9.545000e+02 2.845989e-15 2.697611e+02
9.550000e+02 1.466020e-15 2.697657e+02
9.555000e+02 7.145592e-16 2.697705e+02
9.560000e+02 3.178092e-16 2.697754e+02
9.565000e+02 1.466165e-16 2.697803e+02
9.570000e+02 6.061447e-17 2.697854e+02
9.575000e+02 2.371002e-17 2.697906e+02
9.580000e+02 8.444091e-18 2.697959e+02
9.585000e+02 8.629936e-19 2.698013e+02
9.590000e+02 8.866318e-19 2.698068e+02
9.595000e+02 2.561899e-19 2.698125e+02
9.600000e+02 6.479577e-20 2.698183e+02
9.605000e+02 1.430449e-20 2.698242e+02
9.610000e+02 2.688055e-21 2.698304e+02
9.615000e+02 4.189268e-22 2.698367e+02
9.620000e+02 5.223869e-23 2.698433e+02
9.625000e+02 4.946655e-24 2.698502e+02
9.630000e+02 3.415693e-25 2.698573e+02
9.635000e+02 1.548858e-26 2.698647e+02
9.640000e+02 4.150818e-28 2.698724e+02
9.645000e+02 5.617012e-30 2.698805e+02
9.650000e+02 3.066729e-32 2.698890e+02
9.655000e+02 4.861199e-35 2.698980e+02
9.660000e+02 1.359673e-38 2.699075e+02
9.665000e+02 3.085796e-43 2.699174e+02
9.670000e+02 1.625610e-49 2.699278e+02
9.675000e+02 2.475255e-58 2.699385e+02
9.680000e+02 3.124390e-71 2.699492e+02
9.685000e+02 7.775915e-91 2.699594e+02
9.690000e+02 2.696792e-121 2.699684e+02
9.695000e+02 3.242112e-166 2.699753e+02
9.700000e+02 3.875087e-218 2.699792e+02
9.705000e+02 2.790605e-225 2.699795e+02
9.710000e+02 6.576464e-177 2.699764e+02
9.715000e+02 1.461910e-132 2.699708e+02
9.720000e+02 2.414911e-103 2.699641e+02
9.725000e+02 1.342987e-85 2.699575e+02
9.730000e+02 2.381438e-75 2.699520e+02
9.735000e+02 5.093245e-69 2.699479e+02
9.740000e+02 8.024359e-66 2.699454e+02
9.745000e+02 1.430587e-64 2.699444e+02
9.750000e+02 9.734572e-65 2.699444e+02
9.755000e+02 5.038678e-66 2.699455e+02
9.760000e+02 2.862497e-68 2.699472e+02
9.765000e+02 2.037910e-71 2.699494e+02
9.770000e+02 2.003262e-75 2.699521e+02
9.775000e+02 2.248286e-80 2.699550e+02
9.780000e+02 2.357820e-86 2.699581e+02
9.785000e+02 1.649847e-93 2.699612e+02
9.790000e+02 4.881833e-102 2.699644e+02
9.795000e+02 3.156639e-112 2.699676e+02
9.800000e+02 1.672266e-124 2.699708e+02
9.805000e+02 3.383789e-139 2.699738e+02
9.810000e+02 3.678505e-157 2.699768e+02
9.815000e+02 2.856440e-179 2.699796e+02
9.820000e+02 7.967328e-207 2.699823e+02
9.825000e+02 1.127053e-241 2.699848e+02
9.830000e+02 1.588920e-286 2.699871e+02
9.835000e+02 0.000000e+00 2.699892e+02
9.840000e+02 0.000000e+00 2.699911e+02
9.845000e+02 0.000000e+00 2.699928e+02
9.850000e+02 0.000000e+00 2.699943e+02
9.855000e+02 0.000000e+00 2.699956e+02
9.860000e+02 0.000000e+00 2.699966e+02
9.865000e+02 0.000000e+00 2.699974e+02
9.870000e+02 0.000000e+00 2.699980e+02
9.875000e+02 0.000000e+00 2.699983e+02
9.880000e+02 0.000000e+00 2.699984e+02
9.885000e+02 0.000000e+00 2.699983e+02
9.890000e+02 0.000000e+00 2.699979e+02
9.895000e+02 0.000000e+00 2.699972e+02
9.900000e+02 0.000000e+00 2.699964e+02
9.905000e+02 0.000000e+00 2.699953e+02
9.910000e+02 0.000000e+00 2.699940e+02
9.915000e+02 0.000000e+00 2.699925e+02
9.920000e+02 0.000000e+00 2.699907e+02
9.925000e+02 0.000000e+00 2.699888e+02
9.930000e+02 3.435776e-279 2.699868e+02
9.935000e+02 7.616942e-239 2.699846e+02
9.940000e+02 4.773868e-208 2.699822e+02
9.945000e+02 5.664672e-184 2.699798e+02
9.950000e+02 6.074572e-163 2.699772e+02
9.955000e+02 3.568950e-144 2.699744e+02
9.960000e+02 6.694206e-128 2.699713e+02
9.965000e+02 2.468420e-114 2.699680e+02
9.970000e+02 4.207665e-103 2.699647e+02
9.975000e+02 1.006823e-93 2.699612e+02
9.980000e+02 8.568054e-86 2.699576e+02
9.985000e+02 5.062083e-79 2.699540e+02
9.990000e+02 3.463609e-73 2.699504e+02
9.995000e+02 4.228744e-68 2.699467e+02
1.000000e+03 1.173619e-63 2.699430e+02
0.5 1 0
1.000000e+01 9.963479e-01 3.584221e+00
1.050000e+01 9.962896e-01 3.598546e+00
1.100000e+01 9.962075e-01 3.618088e+00
1.150000e+01 9.961700e-01 3.628128e+00
1.200000e+01 9.961042e-01 3.644411e+00
1.250000e+01 9.960323e-01 3.662155e+00
1.300000e+01 9.959551e-01 3.681193e+00
1.350000e+01 9.958723e-01 3.701614e+00
1.400000e+01 9.957837e-01 3.723487e+00
1.450000e+01 9.956873e-01 3.747278e+00
1.500000e+01 9.955770e-01 3.774295e+00
1.550000e+01 9.954753e-01 3.799839e+00
1.600000e+01 9.953497e-01 3.830887e+00
1.650000e+01 9.952209e-01 3.863105e+00
1.700000e+01 9.950741e-01 3.899834e+00
1.750000e+01 9.949058e-01 3.942013e+00
1.800000e+01 9.947099e-01 3.991272e+00
1.850000e+01 9.944751e-01 4.050519e+00
1.900000e+01 9.941829e-01 4.124588e+00
1.950000e+01 9.938016e-01 4.221589e+00
2.000000e+01 9.932769e-01 4.355486e+00
2.050000e+01 9.925170e-01 4.549698e+00
2.100000e+01 9.913798e-01 4.839817e+00
2.150000e+01 9.897302e-01 5.256900e+00
2.200000e+01 9.878616e-01 5.718325e+00
2.250000e+01 9.875283e-01 5.802880e+00
2.300000e+01 9.887616e-01 5.500529e+00
2.350000e+01 9.899340e-01 5.202298e+00
2.400000e+01 9.906843e-01 5.006829e+00
2.450000e+01 9.911559e-01 4.884172e+00
2.500000e+01 9.913672e-01 4.826458e+00
2.550000e+01 9.914019e-01 4.813029e+00
2.600000e+01 9.914120e-01 4.808582e+00
2.650000e+01 9.913208e-01 4.828934e+00
2.700000e+01 9.911752e-01 4.862973e+00
2.750000e+01 9.909857e-01 4.907959e+00
2.800000e+01 9.907700e-01 4.959794e+00
2.850000e+01 9.905219e-01 5.019632e+00
2.900000e+01 9.901276e-01 5.112301e+00
2.950000e+01 9.899421e-01 5.160005e+00
3.000000e+01 9.893812e-01 5.290002e+00
3.050000e+01 9.891417e-01 5.351615e+00
3.100000e+01 9.889098e-01 5.411521e+00
3.150000e+01 9.885193e-01 5.506866e+00
3.200000e+01 9.880979e-01 5.609628e+00
3.250000e+01 9.876485e-01 5.719180e+00
3.300000e+01 9.871689e-01 5.836094e+00
3.350000e+01 9.866574e-01 5.960735e+00
3.400000e+01 9.861133e-01 6.093324e+00
3.450000e+01 9.855322e-01 6.234855e+00
3.500000e+01 9.849098e-01 6.386325e+00
3.550000e+01 9.842452e-01 6.547971e+00
3.600000e+01 9.832375e-01 6.786497e+00
3.650000e+01 9.827794e-01 6.904469e+00
3.700000e+01 9.819714e-01 7.100992e+00
3.750000e+01 9.810795e-01 7.316954e+00
3.800000e+01 9.800896e-01 7.555632e+00
3.850000e+01 9.791629e-01 7.783088e+00
3.900000e+01 9.780839e-01 8.045038e+00
3.950000e+01 9.768976e-01 8.332314e+00
4.000000e+01 9.756558e-01 8.633942e+00
4.050000e+01 9.742861e-01 8.965871e+00
4.100000e+01 9.727969e-01 9.326517e+00
4.150000e+01 9.711748e-01 9.719177e+00
4.200000e+01 9.694011e-01 1.014824e+01
4.250000e+01 9.674471e-01 1.062028e+01
4.300000e+01 9.652802e-01 1.114295e+01
4.350000e+01 9.628997e-01 1.171702e+01
4.400000e+01 9.603771e-01 1.232841e+01
4.450000e+01 9.575310e-01 1.301647e+01
4.500000e+01 9.543153e-01 1.379219e+01
4.550000e+01 9.507767e-01 1.464726e+01
4.600000e+01 9.467695e-01 1.561439e+01
4.650000e+01 9.422443e-01 1.670638e+01
4.700000e+01 9.371040e-01 1.794673e+01
4.750000e+01 9.312283e-01 1.936462e+01
4.800000e+01 9.244613e-01 2.099795e+01
4.850000e+01 9.165964e-01 2.289693e+01
4.900000e+01 9.073580e-01 2.512894e+01
4.950000e+01 8.963458e-01 2.779166e+01
5.000000e+01 8.828165e-01 3.106299e+01
5.050000e+01 8.662124e-01 3.509410e+01
5.100000e+01 8.439242e-01 4.050728e+01
5.150000e+01 8.102551e-01 4.868494e+01
5.200000e+01 7.666500e-01 5.929617e+01
5.250000e+01 6.988737e-01 7.584610e+01
5.300000e+01 5.964064e-01 1.009322e+02
5.350000e+01 4.545152e-01 1.359872e+02
5.400000e+01 2.877992e-01 1.780875e+02
5.450000e+01 1.363808e-01 2.181537e+02
5.500000e+01 4.229943e-02 2.456490e+02
5.550000e+01 6.722243e-03 2.588573e+02
5.600000e+01 2.568190e-04 2.635933e+02
5.650000e+01 7.178621e-06 2.652799e+02
5.700000e+01 1.399054e-08 2.661532e+02
5.750000e+01 2.182493e-08 2.667186e+02
5.800000e+01 1.577911e-08 2.671327e+02
5.850000e+01 3.746108e-13 2.674042e+02
5.900000e+01 7.211232e-11 2.674540e+02
5.950000e+01 1.934993e-12 2.675378e+02
6.000000e+01 5.648742e-11 2.676920e+02
6.050000e+01 8.476933e-16 2.677993e+02
6.100000e+01 2.299809e-11 2.677086e+02
6.150000e+01 1.130015e-09 2.676132e+02
6.200000e+01 9.144488e-10 2.675059e+02
6.250000e+01 7.535697e-15 2.672321e+02
6.300000e+01 1.392993e-11 2.663905e+02
6.350000e+01 4.047846e-05 2.647718e+02
6.400000e+01 2.411218e-03 2.614667e+02
6.450000e+01 2.497561e-02 2.518159e+02
6.500000e+01 1.031330e-01 2.282962e+02
6.550000e+01 2.409912e-01 1.913082e+02
6.600000e+01 3.996113e-01 1.506746e+02
6.650000e+01 5.399133e-01 1.154993e+02
6.700000e+01 6.456832e-01 8.925053e+01
6.750000e+01 7.188389e-01 7.118910e+01
6.800000e+01 7.694686e-01 5.877088e+01
6.850000e+01 8.043238e-01 5.024246e+01
6.900000e+01 8.298362e-01 4.402761e+01
6.950000e+01 8.492545e-01 3.931254e+01
7.000000e+01 8.648316e-01 3.554205e+01
7.050000e+01 8.776375e-01 3.244827e+01
7.100000e+01 8.884059e-01 2.985102e+01
7.150000e+01 8.975751e-01 2.764202e+01
7.200000e+01 9.055185e-01 2.573120e+01
7.250000e+01 9.123956e-01 2.407769e+01
7.300000e+01 9.184586e-01 2.262183e+01
7.350000e+01 9.237866e-01 2.134304e+01
7.400000e+01 9.284984e-01 2.021262e+01
7.450000e+01 9.326954e-01 1.920634e+01
7.500000e+01 9.363947e-01 1.831806e+01
7.550000e+01 9.396758e-01 1.752888e+01
7.600000e+01 9.427666e-01 1.679062e+01
7.650000e+01 9.424838e-01 1.679336e+01
7.700000e+01 9.480977e-01 1.551714e+01
7.750000e+01 9.500977e-01 1.503264e+01
7.800000e+01 9.525650e-01 1.445378e+01
7.850000e+01 9.545040e-01 1.399300e+01
7.900000e+01 9.559378e-01 1.364898e+01
7.950000e+01 9.578166e-01 1.320570e+01
8.000000e+01 9.592315e-01 1.286977e+01
8.050000e+01 9.605341e-01 1.255990e+01
8.100000e+01 9.618321e-01 1.225163e+01
8.150000e+01 9.630827e-01 1.195432e+01
8.200000e+01 9.642307e-01 1.168123e+01
8.250000e+01 9.652767e-01 1.143266e+01
8.300000e+01 9.662340e-01 1.120556e+01
8.350000e+01 9.671138e-01 1.099721e+01
8.400000e+01 9.679252e-01 1.080541e+01
8.450000e+01 9.686762e-01 1.062826e+01
8.500000e+01 9.693690e-01 1.046514e+01
8.550000e+01 9.700109e-01 1.031435e+01
8.600000e+01 9.706049e-01 1.017515e+01
8.650000e+01 9.711505e-01 1.004763e+01
8.700000e+01 9.716536e-01 9.930472e+00
8.750000e+01 9.721145e-01 9.823535e+00
8.800000e+01 9.725410e-01 9.724738e+00
8.850000e+01 9.729479e-01 9.630500e+00
8.900000e+01 9.733365e-01 9.540825e+00
8.950000e+01 9.736842e-01 9.460944e+00
9.000000e+01 9.739773e-01 9.394222e+00
9.050000e+01 9.742798e-01 9.325349e+00
9.100000e+01 9.745212e-01 9.271031e+00
9.150000e+01 9.747658e-01 9.216517e+00
9.200000e+01 9.749643e-01 9.172794e+00
9.250000e+01 9.751314e-01 9.136497e+00
9.300000e+01 9.752501e-01 9.111250e+00
9.350000e+01 9.751763e-01 9.127441e+00
9.400000e+01 9.726914e-01 9.674917e+00
9.450000e+01 9.754552e-01 9.072294e+00
9.500000e+01 9.756060e-01 9.042951e+00
9.550000e+01 9.755529e-01 9.057897e+00
9.600000e+01 9.748336e-01 9.215728e+00
9.650000e+01 9.751002e-01 9.163452e+00
9.700000e+01 9.755917e-01 9.064890e+00
9.750000e+01 9.755972e-01 9.070464e+00
9.800000e+01 9.755055e-01 9.097670e+00
9.850000e+01 9.754209e-01 9.123925e+00
9.900000e+01 9.752425e-01 9.171591e+00
9.950000e+01 9.750144e-01 9.231035e+00
1.000000e+02 9.746823e-01 9.313514e+00
1.005000e+02 9.735527e-01 9.572485e+00
1.010000e+02 9.739741e-01 9.489431e+00
1.015000e+02 9.725791e-01 9.799421e+00
1.020000e+02 9.723848e-01 9.855460e+00
1.025000e+02 9.731601e-01 9.707330e+00
1.030000e+02 9.728351e-01 9.794773e+00
1.035000e+02 9.721555e-01 9.959914e+00
1.040000e+02 9.709124e-01 1.024778e+01
1.045000e+02 9.711701e-01 1.021491e+01
1.050000e+02 9.705159e-01 1.038055e+01
1.055000e+02 9.697177e-01 1.057949e+01
1.060000e+02 9.688019e-01 1.080646e+01
1.065000e+02 9.677562e-01 1.106447e+01
1.070000e+02 9.665663e-01 1.135710e+01
1.075000e+02 9.652001e-01 1.169179e+01
1.080000e+02 9.635949e-01 1.208304e+01
1.085000e+02 9.618198e-01 1.251583e+01
1.090000e+02 9.596607e-01 1.303795e+01
1.095000e+02 9.549818e-01 1.411420e+01
1.100000e+02 9.541692e-01 1.435973e+01
1.105000e+02 9.499574e-01 1.534795e+01
1.110000e+02 9.436137e-01 1.680749e+01
1.115000e+02 9.420380e-01 1.727966e+01
1.120000e+02 9.364353e-01 1.863106e+01
1.125000e+02 9.292579e-01 2.035095e+01
1.130000e+02 9.201764e-01 2.252151e+01
1.135000e+02 9.086019e-01 2.528470e+01
1.140000e+02 8.934398e-01 2.889919e+01
1.145000e+02 8.733150e-01 3.369297e+01
1.150000e+02 8.426185e-01 4.094726e+01
1.155000e+02 8.068593e-01 4.952731e+01
1.160000e+02 7.501212e-01 6.306937e+01
1.165000e+02 6.642413e-01 8.362325e+01
1.170000e+02 5.314852e-01 1.155902e+02
1.175000e+02 3.330563e-01 1.640509e+02
1.180000e+02 1.013629e-01 2.230502e+02
1.185000e+02 1.457573e-03 2.538146e+02
1.190000e+02 1.474237e-03 2.537668e+02
1.195000e+02 1.035532e-01 2.224173e+02
1.200000e+02 3.390738e-01 1.625514e+02
1.205000e+02 5.391637e-01 1.137544e+02
1.210000e+02 6.720378e-01 8.180178e+01
1.215000e+02 7.574939e-01 6.137920e+01
1.220000e+02 8.136883e-01 4.799157e+01
1.225000e+02 8.518987e-01 3.890301e+01
1.230000e+02 8.786426e-01 3.254307e+01
1.235000e+02 8.975067e-01 2.804325e+01
1.240000e+02 9.026169e-01 2.659889e+01
1.245000e+02 9.227552e-01 2.203435e+01
1.250000e+02 9.314403e-01 1.997382e+01
1.255000e+02 9.325541e-01 1.956666e+01
1.260000e+02 9.443757e-01 1.691558e+01
1.265000e+02 9.494743e-01 1.571942e+01
1.270000e+02 9.534602e-01 1.477705e+01
1.275000e+02 9.565894e-01 1.403303e+01
1.280000e+02 9.588045e-01 1.349651e+01
1.285000e+02 9.609845e-01 1.297714e+01
1.290000e+02 9.634361e-01 1.240925e+01
1.295000e+02 9.651067e-01 1.201483e+01
1.300000e+02 9.665427e-01 1.167571e+01
1.305000e+02 9.677573e-01 1.138902e+01
1.310000e+02 9.684093e-01 1.123018e+01
1.315000e+02 9.697365e-01 1.092391e+01
1.320000e+02 9.705389e-01 1.073621e+01
1.325000e+02 9.711475e-01 1.059299e+01
1.330000e+02 9.718386e-01 1.043416e+01
1.335000e+02 9.724635e-01 1.029090e+01
1.340000e+02 9.728781e-01 1.019679e+01
1.345000e+02 9.732542e-01 1.011277e+01
1.350000e+02 9.737581e-01 9.997775e+00
1.355000e+02 9.740796e-01 9.926579e+00
1.360000e+02 9.743212e-01 9.873920e+00
1.365000e+02 9.743648e-01 9.865266e+00
1.370000e+02 9.738255e-01 9.985469e+00
1.375000e+02 9.749089e-01 9.753493e+00
1.380000e+02 9.750936e-01 9.718247e+00
1.385000e+02 9.752144e-01 9.696717e+00
1.390000e+02 9.753433e-01 9.672352e+00
1.395000e+02 9.755194e-01 9.636883e+00
1.400000e+02 9.753941e-01 9.671411e+00
1.405000e+02 9.756417e-01 9.619306e+00
1.410000e+02 9.755727e-01 9.640592e+00
1.415000e+02 9.751804e-01 9.732463e+00
1.420000e+02 9.696853e-01 1.092930e+01
1.425000e+02 9.734050e-01 1.013302e+01
1.430000e+02 9.752619e-01 9.745875e+00
1.435000e+02 9.754259e-01 9.722230e+00
1.440000e+02 9.754178e-01 9.732330e+00
1.445000e+02 9.751509e-01 9.794178e+00
1.450000e+02 9.700561e-01 1.092323e+01
1.455000e+02 9.755265e-01 9.724183e+00
1.460000e+02 9.757252e-01 9.689086e+00
1.465000e+02 9.757981e-01 9.681635e+00
1.470000e+02 9.757736e-01 9.696421e+00
1.475000e+02 9.757028e-01 9.722031e+00
1.480000e+02 9.755506e-01 9.765963e+00
1.485000e+02 9.748262e-01 9.934561e+00
1.490000e+02 9.747308e-01 9.967897e+00
1.495000e+02 9.750965e-01 9.903002e+00
1.500000e+02 9.747841e-01 9.986336e+00
1.505000e+02 9.739705e-01 1.017439e+01
1.510000e+02 9.739005e-01 1.020340e+01
1.515000e+02 9.744774e-01 1.009214e+01
1.520000e+02 9.745705e-01 1.008254e+01
1.525000e+02 9.746195e-01 1.008056e+01
1.530000e+02 9.745081e-01 1.011612e+01
1.535000e+02 9.741347e-01 1.020928e+01
1.540000e+02 9.666560e-01 1.189011e+01
1.545000e+02 9.739066e-01 1.028540e+01
1.550000e+02 9.740277e-01 1.027377e+01
1.555000e+02 9.739152e-01 1.031301e+01
1.560000e+02 9.735132e-01 1.041655e+01
1.565000e+02 9.734357e-01 1.045063e+01
1.570000e+02 9.734010e-01 1.047210e+01
1.575000e+02 9.732208e-01 1.052761e+01
1.580000e+02 9.730211e-01 1.058817e+01
1.585000e+02 9.726919e-01 1.067853e+01
1.590000e+02 9.725604e-01 1.072424e+01
1.595000e+02 9.722888e-01 1.080241e+01
1.600000e+02 9.720426e-01 1.087519e+01
1.605000e+02 9.717772e-01 1.095291e+01
1.610000e+02 9.714866e-01 1.103682e+01
1.615000e+02 9.711874e-01 1.112313e+01
1.620000e+02 9.708576e-01 1.121711e+01
1.625000e+02 9.704989e-01 1.131828e+01
1.630000e+02 9.701011e-01 1.142895e+01
1.635000e+02 9.696519e-01 1.155184e+01
1.640000e+02 9.690895e-01 1.170036e+01
1.645000e+02 9.680323e-01 1.195570e+01
1.650000e+02 9.566885e-01 1.449058e+01
1.655000e+02 9.637704e-01 1.292890e+01
1.660000e+02 9.615556e-01 1.343843e+01
1.665000e+02 9.659699e-01 1.252964e+01
1.670000e+02 9.658665e-01 1.258914e+01
1.675000e+02 9.634354e-01 1.315996e+01
1.680000e+02 9.646554e-01 1.293116e+01
1.685000e+02 9.640373e-01 1.310993e+01
1.690000e+02 9.627674e-01 1.343668e+01
1.695000e+02 9.622954e-01 1.358656e+01
1.700000e+02 9.611478e-01 1.389224e+01
1.705000e+02 9.601393e-01 1.417017e+01
1.710000e+02 9.588290e-01 1.452062e+01
1.715000e+02 9.571934e-01 1.494847e+01
1.720000e+02 9.558041e-01 1.533022e+01
1.725000e+02 9.539608e-01 1.581975e+01
1.730000e+02 9.517813e-01 1.639250e+01
1.735000e+02 9.450871e-01 1.799007e+01
1.740000e+02 9.465478e-01 1.777030e+01
1.745000e+02 9.432101e-01 1.864259e+01
1.750000e+02 9.385586e-01 1.981832e+01
1.755000e+02 9.290378e-01 2.207519e+01
1.760000e+02 9.277833e-01 2.256967e+01
1.765000e+02 9.230968e-01 2.387501e+01
1.770000e+02 9.159421e-01 2.575498e+01
1.775000e+02 9.066771e-01 2.816374e+01
1.780000e+02 8.948676e-01 3.122064e+01
1.785000e+02 8.796675e-01 3.514155e+01
1.790000e+02 8.601587e-01 4.017302e+01
1.795000e+02 8.343423e-01 4.681552e+01
1.800000e+02 7.985633e-01 5.597688e+01
1.805000e+02 7.529801e-01 6.770733e+01
1.810000e+02 6.892368e-01 8.404767e+01
1.815000e+02 6.038952e-01 1.058969e+02
1.820000e+02 4.958426e-01 1.334877e+02
1.825000e+02 3.766248e-01 1.637231e+02
1.830000e+02 2.789386e-01 1.879444e+02
1.835000e+02 2.673553e-01 1.906462e+02
1.840000e+02 3.562753e-01 1.687461e+02
1.845000e+02 4.676122e-01 1.403752e+02
1.850000e+02 5.810328e-01 1.116976e+02
1.855000e+02 6.681814e-01 8.943852e+01
1.860000e+02 7.344012e-01 7.252307e+01
1.865000e+02 7.828836e-01 6.010876e+01
1.870000e+02 8.187677e-01 5.091162e+01
1.875000e+02 8.457455e-01 4.399586e+01
1.880000e+02 8.661922e-01 3.874665e+01
1.885000e+02 8.821313e-01 3.465745e+01
1.890000e+02 8.945338e-01 3.146824e+01
1.895000e+02 9.045053e-01 2.890612e+01
1.900000e+02 9.125096e-01 2.684642e+01
1.905000e+02 9.188989e-01 2.519541e+01
1.910000e+02 9.244154e-01 2.377985e+01
1.915000e+02 9.288762e-01 2.262977e+01
1.920000e+02 9.325729e-01 2.167505e+01
1.925000e+02 9.356327e-01 2.088286e+01
1.930000e+02 9.378038e-01 2.030131e+01
1.935000e+02 9.385550e-01 2.004165e+01
1.940000e+02 9.420763e-01 1.920611e+01
1.945000e+02 9.437069e-01 1.877870e+01
1.950000e+02 9.435893e-01 1.872761e+01
1.955000e+02 9.180396e-01 2.417032e+01
1.960000e+02 9.463422e-01 1.802878e+01
1.965000e+02 9.491252e-01 1.739507e+01
1.970000e+02 9.503796e-01 1.708988e+01
1.975000e+02 9.511962e-01 1.688436e+01
1.980000e+02 9.517536e-01 1.674287e+01
1.985000e+02 9.525512e-01 1.654642e+01
1.990000e+02 9.528105e-01 1.647467e+01
1.995000e+02 9.521576e-01 1.660604e+01
2.000000e+02 9.531928e-01 1.637770e+01
2.005000e+02 9.525974e-01 1.650366e+01
2.010000e+02 9.486476e-01 1.735078e+01
2.015000e+02 9.527958e-01 1.646614e+01
2.020000e+02 9.535936e-01 1.630271e+01
2.025000e+02 9.535717e-01 1.632320e+01
2.030000e+02 9.531812e-01 1.642629e+01
2.035000e+02 9.524629e-01 1.658779e+01
2.040000e+02 9.539748e-01 1.623932e+01
2.045000e+02 9.549256e-01 1.600616e+01
2.050000e+02 9.555561e-01 1.584866e+01
2.055000e+02 9.558800e-01 1.576608e+01
2.060000e+02 9.550357e-01 1.594004e+01
2.065000e+02 9.558980e-01 1.575778e+01
2.070000e+02 9.565550e-01 1.560924e+01
2.075000e+02 9.562567e-01 1.567909e+01
2.080000e+02 9.561333e-01 1.570210e+01
2.085000e+02 9.486446e-01 1.731460e+01
2.090000e+02 9.548380e-01 1.598524e+01
2.095000e+02 9.561220e-01 1.572444e+01
2.100000e+02 9.565873e-01 1.562760e+01
2.105000e+02 9.549610e-01 1.598631e+01
2.110000e+02 9.550237e-01 1.597629e+01
2.115000e+02 9.567764e-01 1.560869e+01
2.120000e+02 9.569243e-01 1.558567e+01
2.125000e+02 9.569232e-01 1.559506e+01
2.130000e+02 9.568590e-01 1.561857e+01
2.135000e+02 9.567554e-01 1.565086e+01
2.140000e+02 9.565509e-01 1.570526e+01
2.145000e+02 9.556973e-01 1.589777e+01
2.150000e+02 9.342704e-01 2.061639e+01
2.155000e+02 9.557493e-01 1.591109e+01
2.160000e+02 9.559191e-01 1.589127e+01
2.165000e+02 9.563025e-01 1.581524e+01
2.170000e+02 9.562524e-01 1.583809e+01
2.175000e+02 9.558501e-01 1.594220e+01
2.180000e+02 9.559413e-01 1.593047e+01
2.185000e+02 9.559252e-01 1.594646e+01
2.190000e+02 9.558214e-01 1.598204e+01
2.195000e+02 9.556837e-01 1.602516e+01
2.200000e+02 9.554872e-01 1.608202e+01
2.205000e+02 9.554172e-01 1.611061e+01
2.210000e+02 9.552622e-01 1.615867e+01
2.215000e+02 9.550846e-01 1.621215e+01
2.220000e+02 9.549042e-01 1.626700e+01
2.225000e+02 9.546544e-01 1.633796e+01
2.230000e+02 9.544018e-01 1.641095e+01
2.235000e+02 9.540707e-01 1.650298e+01
2.240000e+02 9.536168e-01 1.662523e+01
2.245000e+02 9.529869e-01 1.679047e+01
2.250000e+02 9.518657e-01 1.706923e+01
2.255000e+02 9.501362e-01 1.747789e+01
2.260000e+02 9.375715e-01 2.021124e+01
2.265000e+02 9.489653e-01 1.775389e+01
2.270000e+02 9.510781e-01 1.729693e+01
2.275000e+02 9.518724e-01 1.712030e+01
2.280000e+02 9.521676e-01 1.705789e+01
2.285000e+02 9.522098e-01 1.705551e+01
2.290000e+02 9.519898e-01 1.711339e+01
2.295000e+02 9.483510e-01 1.792048e+01
2.300000e+02 9.511089e-01 1.733232e+01
2.305000e+02 9.498838e-01 1.761003e+01
2.310000e+02 9.459340e-01 1.846612e+01
2.315000e+02 9.431836e-01 1.907355e+01
2.320000e+02 9.490319e-01 1.786309e+01
2.325000e+02 9.486301e-01 1.798468e+01
2.330000e+02 9.464963e-01 1.850037e+01
2.335000e+02 9.400641e-01 1.995356e+01
2.340000e+02 9.166989e-01 2.485340e+01
2.345000e+02 9.412605e-01 1.971938e+01
2.350000e+02 9.450611e-01 1.885666e+01
2.355000e+02 9.364918e-01 2.064999e+01
2.360000e+02 9.410377e-01 1.968322e+01
2.365000e+02 9.458863e-01 1.866444e+01
2.370000e+02 9.287620e-01 2.232217e+01
2.375000e+02 9.431696e-01 1.926469e+01
2.380000e+02 9.467947e-01 1.851872e+01
2.385000e+02 9.442973e-01 1.907987e+01
2.390000e+02 9.146966e-01 2.544530e+01
2.395000e+02 9.410670e-01 1.980998e+01
2.400000e+02 9.424536e-01 1.955157e+01
2.405000e+02 9.445539e-01 1.913179e+01
2.410000e+02 9.451880e-01 1.901431e+01
2.415000e+02 9.442806e-01 1.923011e+01
2.420000e+02 9.395988e-01 2.022450e+01
2.425000e+02 9.310881e-01 2.203431e+01
2.430000e+02 9.414386e-01 1.984268e+01
2.435000e+02 8.840245e-01 3.228875e+01
2.440000e+02 9.411828e-01 1.991380e+01
2.445000e+02 9.448419e-01 1.914584e+01
2.450000e+02 9.458680e-01 1.894240e+01
2.455000e+02 9.460132e-01 1.892615e+01
2.460000e+02 9.458581e-01 1.897543e+01
2.465000e+02 9.438224e-01 1.945358e+01
2.470000e+02 9.449056e-01 1.921433e+01
2.475000e+02 9.424737e-01 1.974911e+01
2.480000e+02 9.306243e-01 2.228154e+01
2.485000e+02 9.385520e-01 2.061841e+01
2.490000e+02 9.417117e-01 1.997341e+01
2.495000e+02 9.351682e-01 2.137281e+01
2.500000e+02 8.633396e-01 3.695356e+01
2.505000e+02 9.384137e-01 2.075223e+01
2.510000e+02 9.377719e-01 2.090631e+01
2.515000e+02 9.389412e-01 2.068221e+01
2.520000e+02 9.414567e-01 2.016609e+01
2.525000e+02 9.420046e-01 2.005963e+01
2.530000e+02 9.424719e-01 1.997159e+01
2.535000e+02 9.424048e-01 2.000543e+01
2.540000e+02 9.421221e-01 2.009042e+01
2.545000e+02 9.416774e-01 2.021432e+01
2.550000e+02 9.412752e-01 2.032540e+01
2.555000e+02 9.413545e-01 2.032009e+01
2.560000e+02 9.414080e-01 2.031408e+01
2.565000e+02 9.412824e-01 2.035036e+01
2.570000e+02 9.411363e-01 2.039208e+01
2.575000e+02 9.406550e-01 2.050995e+01
2.580000e+02 9.384802e-01 2.098815e+01
2.585000e+02 9.307537e-01 2.263412e+01
2.590000e+02 9.343639e-01 2.188554e+01
2.595000e+02 9.392319e-01 2.088095e+01
2.600000e+02 9.397940e-01 2.077916e+01
2.605000e+02 9.398314e-01 2.078922e+01
2.610000e+02 9.396286e-01 2.085129e+01
2.615000e+02 9.394187e-01 2.091590e+01
2.620000e+02 9.389367e-01 2.103938e+01
2.625000e+02 9.376216e-01 2.134070e+01
2.630000e+02 9.336265e-01 2.221347e+01
2.635000e+02 9.269576e-01 2.364134e+01
2.640000e+02 9.314682e-01 2.271099e+01
2.645000e+02 9.360180e-01 2.177498e+01
2.650000e+02 9.301583e-01 2.307268e+01
2.655000e+02 9.360840e-01 2.182184e+01
2.660000e+02 9.356916e-01 2.193419e+01
2.665000e+02 9.350658e-01 2.208354e+01
2.670000e+02 9.304421e-01 2.306409e+01
2.675000e+02 9.292973e-01 2.331415e+01
2.680000e+02 9.351307e-01 2.209723e+01
2.685000e+02 9.355323e-01 2.202795e+01
2.690000e+02 9.356874e-01 2.201046e+01
2.695000e+02 9.355818e-01 2.205044e+01
2.700000e+02 9.353868e-01 2.211035e+01
2.705000e+02 9.350185e-01 2.220895e+01
2.710000e+02 9.343707e-01 2.236785e+01
2.715000e+02 9.343725e-01 2.238676e+01
2.720000e+02 9.335257e-01 2.259010e+01
2.725000e+02 9.321467e-01 2.290132e+01
2.730000e+02 8.849075e-01 3.311152e+01
2.735000e+02 9.303662e-01 2.332124e+01
2.740000e+02 9.306871e-01 2.327851e+01
2.745000e+02 8.831340e-01 3.376708e+01
2.750000e+02 9.301882e-01 2.344121e+01
2.755000e+02 9.298858e-01 2.354292e+01
2.760000e+02 9.269035e-01 2.420057e+01
2.765000e+02 9.238684e-01 2.485014e+01
2.770000e+02 9.195281e-01 2.583435e+01
2.775000e+02 9.294699e-01 2.370624e+01
2.780000e+02 9.301161e-01 2.357841e+01
2.785000e+02 9.291285e-01 2.381385e+01
2.790000e+02 9.296832e-01 2.369884e+01
2.795000e+02 9.047956e-01 2.925778e+01
2.800000e+02 9.277107e-01 2.416032e+01
2.805000e+02 9.295224e-01 2.379347e+01
2.810000e+02 9.262319e-01 2.456992e+01
2.815000e+02 9.283977e-01 2.408200e+01
2.820000e+02 9.283982e-01 2.410093e+01
2.825000e+02 9.278921e-01 2.422650e+01
2.830000e+02 9.259426e-01 2.466520e+01
2.835000e+02 9.276885e-01 2.431700e+01
2.840000e+02 9.274291e-01 2.439415e+01
2.845000e+02 9.268933e-01 2.452959e+01
2.850000e+02 9.261397e-01 2.471174e+01
2.855000e+02 9.238601e-01 2.521410e+01
2.860000e+02 8.906225e-01 3.227131e+01
2.865000e+02 9.155844e-01 2.699446e+01
2.870000e+02 9.236923e-01 2.532118e+01
2.875000e+02 9.244495e-01 2.518377e+01
2.880000e+02 9.239101e-01 2.531987e+01
2.885000e+02 9.208028e-01 2.599106e+01
2.890000e+02 8.391710e-01 4.365354e+01
2.895000e+02 9.212275e-01 2.595162e+01
2.900000e+02 9.228288e-01 2.564495e+01
2.905000e+02 9.230062e-01 2.563110e+01
2.910000e+02 9.160672e-01 2.718511e+01
2.915000e+02 9.223732e-01 2.581442e+01
2.920000e+02 9.220939e-01 2.589785e+01
2.925000e+02 9.208309e-01 2.619091e+01
2.930000e+02 9.120213e-01 2.806575e+01
2.935000e+02 9.085334e-01 2.887681e+01
2.940000e+02 9.199035e-01 2.646214e+01
2.945000e+02 9.203035e-01 2.640704e+01
2.950000e+02 9.200832e-01 2.648163e+01
2.955000e+02 9.195911e-01 2.661585e+01
2.960000e+02 9.191099e-01 2.674743e+01
2.965000e+02 9.185003e-01 2.690995e+01
2.970000e+02 9.174125e-01 2.717964e+01
2.975000e+02 9.159208e-01 2.754599e+01
2.980000e+02 9.122037e-01 2.839609e+01
2.985000e+02 8.945909e-01 3.211517e+01
2.990000e+02 9.115098e-01 2.860357e+01
2.995000e+02 9.109692e-01 2.875536e+01
3.000000e+02 9.131355e-01 2.828141e+01
3.005000e+02 9.087420e-01 2.924124e+01
3.010000e+02 9.064528e-01 2.976247e+01
3.015000e+02 8.919250e-01 3.279877e+01
3.020000e+02 8.889328e-01 3.347519e+01
3.025000e+02 9.074917e-01 2.961722e+01
3.030000e+02 8.974882e-01 3.173205e+01
3.035000e+02 9.065305e-01 2.985710e+01
3.040000e+02 9.099714e-01 2.917745e+01
3.045000e+02 9.090194e-01 2.941467e+01
3.050000e+02 9.073049e-01 2.981930e+01
3.055000e+02 9.094233e-01 2.939875e+01
3.060000e+02 9.093311e-01 2.944871e+01
3.065000e+02 9.089581e-01 2.956206e+01
3.070000e+02 9.083453e-01 2.973079e+01
3.075000e+02 9.073656e-01 2.998253e+01
3.080000e+02 9.069088e-01 3.012209e+01
3.085000e+02 9.056664e-01 3.043557e+01
3.090000e+02 9.049782e-01 3.063256e+01
3.095000e+02 9.036838e-01 3.096397e+01
3.100000e+02 8.939762e-01 3.310124e+01
3.105000e+02 9.010699e-01 3.164211e+01
3.110000e+02 9.005339e-01 3.181577e+01
3.115000e+02 8.995774e-01 3.207755e+01
3.120000e+02 8.983630e-01 3.240188e+01
3.125000e+02 8.967559e-01 3.282086e+01
3.130000e+02 8.949118e-01 3.330194e+01
3.135000e+02 8.927872e-01 3.385044e+01
3.140000e+02 8.903094e-01 3.447772e+01
3.145000e+02 8.889697e-01 3.484549e+01
3.150000e+02 8.862758e-01 3.551912e+01
3.155000e+02 8.806538e-01 3.681928e+01
3.160000e+02 8.600269e-01 4.127972e+01
3.165000e+02 8.610059e-01 4.124484e+01
3.170000e+02 8.700202e-01 3.959110e+01
3.175000e+02 8.675827e-01 4.034898e+01
3.180000e+02 8.628532e-01 4.162985e+01
3.185000e+02 8.557463e-01 4.347448e+01
3.190000e+02 8.463233e-01 4.589650e+01
3.195000e+02 8.326976e-01 4.933033e+01
3.200000e+02 6.703731e-01 8.607792e+01
3.205000e+02 7.945687e-01 5.912336e+01
3.210000e+02 7.717898e-01 6.499380e+01
3.215000e+02 7.505487e-01 7.045785e+01
3.220000e+02 7.191581e-01 7.843694e+01
3.225000e+02 6.761487e-01 8.947367e+01
3.230000e+02 6.115634e-01 1.059547e+02
3.235000e+02 5.226093e-01 1.286153e+02
3.240000e+02 4.109013e-01 1.570263e+02
3.245000e+02 2.947250e-01 1.863824e+02
3.250000e+02 2.164253e-01 2.056355e+02
3.255000e+02 2.432549e-01 1.991071e+02
3.260000e+02 3.436781e-01 1.739342e+02
3.265000e+02 4.508771e-01 1.462890e+02
3.270000e+02 5.295245e-01 1.252368e+02
3.275000e+02 6.371423e-01 9.923984e+01
3.280000e+02 6.937178e-01 8.480500e+01
3.285000e+02 7.391164e-01 7.342453e+01
3.290000e+02 7.700616e-01 6.556005e+01
3.295000e+02 7.927673e-01 5.977339e+01
3.300000e+02 8.098503e-01 5.541512e+01
3.305000e+02 8.228833e-01 5.208583e+01
3.310000e+02 8.328374e-01 4.953436e+01
3.315000e+02 8.404032e-01 4.758142e+01
3.320000e+02 8.453001e-01 4.625887e+01
3.325000e+02 8.375992e-01 4.759075e+01
3.330000e+02 8.375608e-01 4.742570e+01
3.335000e+02 8.577370e-01 4.308327e+01
3.340000e+02 8.616211e-01 4.215905e+01
3.345000e+02 8.641608e-01 4.153532e+01
3.350000e+02 8.645968e-01 4.137001e+01
3.355000e+02 8.655418e-01 4.111076e+01
3.360000e+02 8.686978e-01 4.039610e+01
3.365000e+02 8.703716e-01 3.999281e+01
3.370000e+02 8.715076e-01 3.971164e+01
3.375000e+02 8.722045e-01 3.953416e+01
3.380000e+02 8.730253e-01 3.933874e+01
3.385000e+02 8.733975e-01 3.924662e+01
3.390000e+02 8.737476e-01 3.916579e+01
3.395000e+02 8.739836e-01 3.911460e+01
3.400000e+02 8.740517e-01 3.910350e+01
3.405000e+02 8.740221e-01 3.911738e+01
3.410000e+02 8.739129e-01 3.915198e+01
3.415000e+02 8.737121e-01 3.920900e+01
3.420000e+02 8.732505e-01 3.932445e+01
3.425000e+02 8.725722e-01 3.948859e+01
3.430000e+02 8.688189e-01 4.029148e+01
3.435000e+02 8.553552e-01 4.333540e+01
3.440000e+02 8.707893e-01 3.994909e+01
3.445000e+02 8.699428e-01 4.016869e+01
3.450000e+02 8.641148e-01 4.142157e+01
3.455000e+02 8.678941e-01 4.067004e+01
3.460000e+02 8.677474e-01 4.072700e+01
3.465000e+02 8.682898e-01 4.065018e+01
3.470000e+02 8.679012e-01 4.076725e+01
3.475000e+02 8.672762e-01 4.093871e+01
3.480000e+02 8.663934e-01 4.116914e+01
3.485000e+02 8.655215e-01 4.139999e+01
3.490000e+02 8.641710e-01 4.174124e+01
3.495000e+02 8.627192e-01 4.209767e+01
3.500000e+02 8.613285e-01 4.245240e+01
3.505000e+02 8.593754e-01 4.293500e+01
3.510000e+02 8.556692e-01 4.379215e+01
3.515000e+02 8.462589e-01 4.579115e+01
3.520000e+02 8.419296e-01 4.676147e+01
3.525000e+02 8.231302e-01 5.072477e+01
3.530000e+02 8.425081e-01 4.675356e+01
3.535000e+02 8.508911e-01 4.508151e+01
3.540000e+02 8.508595e-01 4.515476e+01
3.545000e+02 8.485640e-01 4.570363e+01
3.550000e+02 7.863708e-01 5.926800e+01
3.555000e+02 8.450582e-01 4.660214e+01
3.560000e+02 8.438268e-01 4.695571e+01
3.565000e+02 8.416172e-01 4.751752e+01
3.570000e+02 8.393588e-01 4.808402e+01
3.575000e+02 8.202696e-01 5.215385e+01
3.580000e+02 8.249764e-01 5.128174e+01
3.585000e+02 8.198972e-01 5.244256e+01
3.590000e+02 7.925602e-01 5.822906e+01
3.595000e+02 8.128506e-01 5.419841e+01
3.600000e+02 8.207330e-01 5.271988e+01
3.605000e+02 8.208690e-01 5.285555e+01
3.610000e+02 8.175012e-01 5.372706e+01
3.615000e+02 8.104268e-01 5.537793e+01
3.620000e+02 8.080751e-01 5.607224e+01
3.625000e+02 8.035615e-01 5.723710e+01
3.630000e+02 7.966288e-01 5.892338e+01
3.635000e+02 7.514655e-01 6.882629e+01
3.640000e+02 7.764975e-01 6.366870e+01
3.645000e+02 6.591874e-01 8.870826e+01
3.650000e+02 7.586660e-01 6.816556e+01
3.655000e+02 7.467559e-01 7.117470e+01
3.660000e+02 7.262147e-01 7.611582e+01
3.665000e+02 6.911637e-01 8.431662e+01
3.670000e+02 6.373811e-01 9.691218e+01
3.675000e+02 5.433906e-01 1.188541e+02
3.680000e+02 3.368603e-01 1.655782e+02
3.685000e+02 2.231309e-03 2.370876e+02
3.690000e+02 3.253100e-01 1.688073e+02
3.695000e+02 5.113127e-01 1.274109e+02
3.700000e+02 5.846257e-01 1.109656e+02
3.705000e+02 6.097271e-01 1.055486e+02
3.710000e+02 5.517546e-01 1.183256e+02
3.715000e+02 6.048110e-01 1.076406e+02
3.720000e+02 5.896743e-01 1.117684e+02
3.725000e+02 5.673465e-01 1.176243e+02
3.730000e+02 5.380475e-01 1.251849e+02
3.735000e+02 5.049350e-01 1.337773e+02
3.740000e+02 4.647341e-01 1.441452e+02
3.745000e+02 4.175848e-01 1.562828e+02
3.750000e+02 3.577877e-01 1.713838e+02
3.755000e+02 3.029834e-01 1.858674e+02
3.760000e+02 2.382150e-01 2.027792e+02
3.765000e+02 1.724843e-01 2.201179e+02
3.770000e+02 1.095252e-01 2.369522e+02
3.775000e+02 5.708883e-02 2.513168e+02
3.780000e+02 2.125088e-02 2.615184e+02
3.785000e+02 4.698383e-03 2.667269e+02
3.790000e+02 4.902744e-04 2.684985e+02
3.795000e+02 2.088327e-05 2.689964e+02
3.800000e+02 9.353386e-07 2.691511e+02
3.805000e+02 2.079730e-06 2.691190e+02
3.810000e+02 6.225372e-05 2.688831e+02
3.815000e+02 1.117916e-03 2.681406e+02
3.820000e+02 8.094077e-03 2.655711e+02
3.825000e+02 2.960515e-02 2.590778e+02
3.830000e+02 6.967123e-02 2.478550e+02
3.835000e+02 1.244595e-01 2.330379e+02
3.840000e+02 1.867257e-01 2.165206e+02
3.845000e+02 2.499466e-01 1.999412e+02
3.850000e+02 3.100363e-01 1.843029e+02
3.855000e+02 3.648197e-01 1.701125e+02
3.860000e+02 4.140050e-01 1.574204e+02
3.865000e+02 4.574334e-01 1.462309e+02
3.870000e+02 4.885160e-01 1.378767e+02
3.875000e+02 5.239247e-01 1.289101e+02
3.880000e+02 5.577258e-01 1.205331e+02
3.885000e+02 5.827547e-01 1.141726e+02
3.890000e+02 6.029427e-01 1.090161e+02
3.895000e+02 6.191405e-01 1.048757e+02
3.900000e+02 6.314415e-01 1.016907e+02
3.905000e+02 6.426847e-01 9.874036e+01
3.910000e+02 6.584712e-01 9.476566e+01
3.915000e+02 6.742234e-01 9.077363e+01
3.920000e+02 6.877914e-01 8.729417e+01
3.925000e+02 6.826201e-01 8.776270e+01
3.930000e+02 7.062758e-01 8.241044e+01
3.935000e+02 7.193697e-01 7.930959e+01
3.940000e+02 7.274822e-01 7.727765e+01
3.945000e+02 7.341149e-01 7.559404e+01
3.950000e+02 7.333320e-01 7.550073e+01
3.955000e+02 7.446538e-01 7.289846e+01
3.960000e+02 7.486180e-01 7.186329e+01
3.965000e+02 7.061822e-01 8.075165e+01
3.970000e+02 7.323826e-01 7.503423e+01
3.975000e+02 7.595676e-01 6.909003e+01
3.980000e+02 7.628214e-01 6.828559e+01
3.985000e+02 7.651730e-01 6.768345e+01
3.990000e+02 7.666137e-01 6.728650e+01
3.995000e+02 7.660415e-01 6.732539e+01
4.000000e+02 7.361469e-01 7.349433e+01
4.005000e+02 7.631814e-01 6.782387e+01
4.010000e+02 7.488276e-01 7.080917e+01
4.015000e+02 7.344779e-01 7.377289e+01
4.020000e+02 7.270557e-01 7.522161e+01
4.025000e+02 6.976636e-01 8.123365e+01
4.030000e+02 7.672249e-01 6.676140e+01
4.035000e+02 7.726014e-01 6.557231e+01
4.040000e+02 7.727670e-01 6.547978e+01
4.045000e+02 7.780549e-01 6.435848e+01
4.050000e+02 7.793449e-01 6.407070e+01
4.055000e+02 7.798105e-01 6.396231e+01
4.060000e+02 7.798935e-01 6.394154e+01
4.065000e+02 7.797675e-01 6.397054e+01
4.070000e+02 7.791417e-01 6.410969e+01
4.075000e+02 7.776716e-01 6.442645e+01
4.080000e+02 7.690544e-01 6.620066e+01
4.085000e+02 7.609946e-01 6.787978e+01
4.090000e+02 7.744042e-01 6.518536e+01
4.095000e+02 7.752834e-01 6.503918e+01
4.100000e+02 7.744053e-01 6.526494e+01
4.105000e+02 7.728177e-01 6.564753e+01
4.110000e+02 7.712086e-01 6.603754e+01
4.115000e+02 7.684265e-01 6.668498e+01
4.120000e+02 7.635715e-01 6.776903e+01
4.125000e+02 7.597491e-01 6.863208e+01
4.130000e+02 7.148016e-01 7.844148e+01
4.135000e+02 7.551027e-01 6.976341e+01
4.140000e+02 7.363800e-01 7.366842e+01
4.145000e+02 7.320562e-01 7.467315e+01
4.150000e+02 7.453456e-01 7.212687e+01
4.155000e+02 7.426099e-01 7.284948e+01
4.160000e+02 7.377550e-01 7.402620e+01
4.165000e+02 7.312908e-01 7.556363e+01
4.170000e+02 7.239395e-01 7.731123e+01
4.175000e+02 7.150462e-01 7.941963e+01
4.180000e+02 7.040009e-01 8.202461e+01
4.185000e+02 6.911176e-01 8.506959e+01
4.190000e+02 6.749124e-01 8.888802e+01
4.195000e+02 6.547247e-01 9.364465e+01
4.200000e+02 6.289548e-01 9.971158e+01
4.205000e+02 5.956585e-01 1.075382e+02
4.210000e+02 5.525670e-01 1.176970e+02
4.215000e+02 4.966694e-01 1.309829e+02
4.220000e+02 4.197278e-01 1.493412e+02
4.225000e+02 3.171022e-01 1.741356e+02
4.230000e+02 1.895685e-01 2.057687e+02
4.235000e+02 6.274906e-02 2.392907e+02
4.240000e+02 4.087001e-03 2.591840e+02
4.245000e+02 2.014923e-07 2.641948e+02
4.250000e+02 6.330825e-08 2.642974e+02
4.255000e+02 3.156371e-03 2.597778e+02
4.260000e+02 5.715009e-02 2.411333e+02
4.265000e+02 1.758303e-01 2.094687e+02
4.270000e+02 2.880250e-01 1.812143e+02
4.275000e+02 3.946747e-01 1.557504e+02
4.280000e+02 4.661270e-01 1.387313e+02
4.285000e+02 5.177209e-01 1.265315e+02
4.290000e+02 5.515093e-01 1.185138e+02
4.295000e+02 5.786246e-01 1.122544e+02
4.300000e+02 6.024587e-01 1.068603e+02
4.305000e+02 6.077040e-01 1.054754e+02
4.310000e+02 6.294924e-01 1.008744e+02
4.315000e+02 6.376952e-01 9.914569e+01
4.320000e+02 6.413563e-01 9.844707e+01
4.325000e+02 6.423950e-01 9.837554e+01
4.330000e+02 6.404575e-01 9.901296e+01
4.335000e+02 6.370484e-01 1.000240e+02
4.340000e+02 6.310752e-01 1.016732e+02
4.345000e+02 6.219290e-01 1.041004e+02
4.350000e+02 6.097329e-01 1.073147e+02
4.355000e+02 5.922932e-01 1.118327e+02
4.360000e+02 5.686902e-01 1.179373e+02
4.365000e+02 5.346869e-01 1.266708e+02
4.370000e+02 4.853064e-01 1.392002e+02
4.375000e+02 2.762312e-01 1.866944e+02
4.380000e+02 3.648139e-01 1.702253e+02
4.385000e+02 2.641976e-01 1.954775e+02
4.390000e+02 2.000363e-01 2.122365e+02
4.395000e+02 2.094745e-01 2.100815e+02
4.400000e+02 2.772954e-01 1.929714e+02
4.405000e+02 3.326756e-01 1.787579e+02
4.410000e+02 3.527370e-01 1.733073e+02
4.415000e+02 3.356885e-01 1.768782e+02
4.420000e+02 3.198613e-01 1.814303e+02
4.425000e+02 2.897129e-01 1.898316e+02
4.430000e+02 2.439148e-01 2.017070e+02
4.435000e+02 2.136418e-01 2.097712e+02
4.440000e+02 1.783749e-01 2.190735e+02
4.445000e+02 1.313127e-01 2.315099e+02
4.450000e+02 8.043277e-02 2.451103e+02
4.455000e+02 3.553640e-02 2.573118e+02
4.460000e+02 1.203660e-02 2.644229e+02
4.465000e+02 1.926111e-03 2.678607e+02
4.470000e+02 1.092887e-04 2.688754e+02
4.475000e+02 2.264693e-06 2.691783e+02
4.480000e+02 6.361368e-08 2.692541e+02
4.485000e+02 3.625336e-06 2.691474e+02
4.490000e+02 1.593845e-04 2.687949e+02
4.495000e+02 2.562417e-03 2.675849e+02
4.500000e+02 1.445783e-02 2.636662e+02
4.505000e+02 4.331998e-02 2.553296e+02
4.510000e+02 8.825178e-02 2.430026e+02
4.515000e+02 1.422138e-01 2.285480e+02
4.520000e+02 1.959330e-01 2.141834e+02
4.525000e+02 2.531874e-01 1.993819e+02
4.530000e+02 3.054296e-01 1.859211e+02
4.535000e+02 3.512628e-01 1.741190e+02
4.540000e+02 3.910208e-01 1.638944e+02
4.545000e+02 4.241505e-01 1.553243e+02
4.550000e+02 4.550136e-01 1.474832e+02
4.555000e+02 4.810981e-01 1.408438e+02
4.560000e+02 5.029911e-01 1.352493e+02
4.565000e+02 5.210382e-01 1.305999e+02
4.570000e+02 5.333224e-01 1.272505e+02
4.575000e+02 5.011274e-01 1.331835e+02
4.580000e+02 5.614994e-01 1.201929e+02
4.585000e+02 5.738010e-01 1.171686e+02
4.590000e+02 5.834627e-01 1.147528e+02
4.595000e+02 5.903830e-01 1.129698e+02
4.600000e+02 5.972285e-01 1.112501e+02
4.605000e+02 6.018701e-01 1.100415e+02
4.610000e+02 6.027749e-01 1.096291e+02
4.615000e+02 6.086092e-01 1.082732e+02
4.620000e+02 6.083142e-01 1.081881e+02
4.625000e+02 5.943314e-01 1.109491e+02
4.630000e+02 5.919061e-01 1.113835e+02
4.635000e+02 5.980617e-01 1.101556e+02
4.640000e+02 5.981961e-01 1.101720e+02
4.645000e+02 6.102557e-01 1.077535e+02
4.650000e+02 6.105495e-01 1.077452e+02
4.655000e+02 6.101925e-01 1.078731e+02
4.660000e+02 6.068160e-01 1.086621e+02
4.665000e+02 5.804328e-01 1.141829e+02
4.670000e+02 5.933941e-01 1.118093e+02
4.675000e+02 5.857817e-01 1.137386e+02
4.680000e+02 4.096999e-01 1.509906e+02
4.685000e+02 5.332916e-01 1.257665e+02
4.690000e+02 5.227906e-01 1.290214e+02
4.695000e+02 4.277346e-01 1.506751e+02
4.700000e+02 4.065242e-01 1.569798e+02
4.705000e+02 4.010986e-01 1.607040e+02
4.710000e+02 2.543799e-01 1.934570e+02
4.715000e+02 3.858035e-01 1.649590e+02
4.720000e+02 4.013006e-01 1.612164e+02
4.725000e+02 3.830961e-01 1.657217e+02
4.730000e+02 3.128806e-01 1.825301e+02
4.735000e+02 2.621877e-01 1.968885e+02
4.740000e+02 1.720723e-01 2.199888e+02
4.745000e+02 1.075456e-01 2.362767e+02
4.750000e+02 1.203409e-01 2.330539e+02
4.755000e+02 1.984490e-01 2.131280e+02
4.760000e+02 2.131678e-01 2.057167e+02
4.765000e+02 3.700357e-01 1.690097e+02
4.770000e+02 4.252709e-01 1.547154e+02
4.775000e+02 4.667021e-01 1.441900e+02
4.780000e+02 4.981430e-01 1.363446e+02
4.785000e+02 5.176130e-01 1.313816e+02
4.790000e+02 5.294548e-01 1.283007e+02
4.795000e+02 5.295259e-01 1.278826e+02
4.800000e+02 5.162142e-01 1.304448e+02
4.805000e+02 5.219093e-01 1.289385e+02
4.810000e+02 5.146472e-01 1.303589e+02
4.815000e+02 4.785892e-01 1.377650e+02
4.820000e+02 5.222864e-01 1.290554e+02
4.825000e+02 5.226751e-01 1.292469e+02
4.830000e+02 5.127803e-01 1.316202e+02
4.835000e+02 4.948950e-01 1.357987e+02
4.840000e+02 4.728152e-01 1.410496e+02
4.845000e+02 4.373714e-01 1.493975e+02
4.850000e+02 3.855194e-01 1.616677e+02
4.855000e+02 3.061147e-01 1.805425e+02
4.860000e+02 1.889577e-01 2.087901e+02
4.865000e+02 5.490058e-02 2.427025e+02
4.870000e+02 5.663524e-04 2.600104e+02
4.875000e+02 5.240131e-04 2.603555e+02
4.880000e+02 4.490168e-02 2.466210e+02
4.885000e+02 1.387149e-01 2.230670e+02
4.890000e+02 2.288443e-01 2.012563e+02
4.895000e+02 2.939726e-01 1.851030e+02
4.900000e+02 3.624119e-01 1.688680e+02
4.905000e+02 4.017995e-01 1.592995e+02
4.910000e+02 4.319590e-01 1.520455e+02
4.915000e+02 4.548783e-01 1.465445e+02
4.920000e+02 4.628806e-01 1.443735e+02
4.925000e+02 4.821243e-01 1.400311e+02
4.930000e+02 4.895000e-01 1.382996e+02
4.935000e+02 4.939410e-01 1.372731e+02
4.940000e+02 4.965175e-01 1.367041e+02
4.945000e+02 4.974118e-01 1.365348e+02
4.950000e+02 4.971103e-01 1.366513e+02
4.955000e+02 4.951814e-01 1.371306e+02
4.960000e+02 4.808385e-01 1.402178e+02
4.965000e+02 4.812817e-01 1.401820e+02
4.970000e+02 4.687061e-01 1.429395e+02
4.975000e+02 4.841199e-01 1.399628e+02
4.980000e+02 4.651894e-01 1.441278e+02
4.985000e+02 4.734398e-01 1.425170e+02
4.990000e+02 4.709202e-01 1.432373e+02
4.995000e+02 4.722453e-01 1.432100e+02
5.000000e+02 4.674961e-01 1.444261e+02
5.005000e+02 4.532997e-01 1.476005e+02
5.010000e+02 4.577239e-01 1.469531e+02
5.015000e+02 4.505280e-01 1.487408e+02
5.020000e+02 4.406335e-01 1.510939e+02
5.025000e+02 4.311885e-01 1.534161e+02
5.030000e+02 4.269922e-01 1.547994e+02
5.035000e+02 4.170026e-01 1.573942e+02
5.040000e+02 4.133598e-01 1.583872e+02
5.045000e+02 4.117521e-01 1.588037e+02
5.050000e+02 4.095093e-01 1.593407e+02
5.055000e+02 4.055543e-01 1.602988e+02
5.060000e+02 4.022654e-01 1.612266e+02
5.065000e+02 3.952680e-01 1.629865e+02
5.070000e+02 3.869044e-01 1.650817e+02
5.075000e+02 3.693969e-01 1.690840e+02
5.080000e+02 3.475427e-01 1.740843e+02
5.085000e+02 3.500634e-01 1.741685e+02
5.090000e+02 3.348059e-01 1.778566e+02
5.095000e+02 3.339808e-01 1.783323e+02
5.100000e+02 3.366494e-01 1.779103e+02
5.105000e+02 3.375585e-01 1.777865e+02
5.110000e+02 3.362348e-01 1.781740e+02
5.115000e+02 3.330541e-01 1.790137e+02
5.120000e+02 3.275303e-01 1.803951e+02
5.125000e+02 3.231444e-01 1.815779e+02
5.130000e+02 3.170963e-01 1.831354e+02
5.135000e+02 3.106535e-01 1.847962e+02
5.140000e+02 3.039156e-01 1.865328e+02
5.145000e+02 2.965537e-01 1.884104e+02
5.150000e+02 2.654293e-01 1.954255e+02
5.155000e+02 2.819603e-01 1.921760e+02
5.160000e+02 2.746156e-01 1.940831e+02
5.165000e+02 2.666645e-01 1.961200e+02
5.170000e+02 2.570159e-01 1.985023e+02
5.175000e+02 2.253614e-01 2.054132e+02
5.180000e+02 2.423974e-01 2.023532e+02
5.185000e+02 2.350461e-01 2.043009e+02
5.190000e+02 2.271672e-01 2.063574e+02
5.195000e+02 2.179098e-01 2.087012e+02
5.200000e+02 1.934396e-01 2.141142e+02
5.205000e+02 1.992380e-01 2.134186e+02
5.210000e+02 1.942416e-01 2.149063e+02
5.215000e+02 1.861212e-01 2.170216e+02
5.220000e+02 1.550935e-01 2.238787e+02
5.225000e+02 1.692550e-01 2.213973e+02
5.230000e+02 1.583552e-01 2.240815e+02
5.235000e+02 1.406822e-01 2.281775e+02
5.240000e+02 1.458933e-01 2.275968e+02
5.245000e+02 1.386029e-01 2.295668e+02
5.250000e+02 1.310644e-01 2.315852e+02
5.255000e+02 1.233563e-01 2.336381e+02
5.260000e+02 1.155880e-01 2.357037e+02
5.265000e+02 1.075637e-01 2.378229e+02
5.270000e+02 9.961054e-02 2.399213e+02
5.275000e+02 9.118373e-02 2.421001e+02
5.280000e+02 8.587083e-02 2.436536e+02
5.285000e+02 7.943522e-02 2.454177e+02
5.290000e+02 7.289525e-02 2.471988e+02
5.295000e+02 6.617952e-02 2.490088e+02
5.300000e+02 6.034207e-02 2.506340e+02
5.305000e+02 5.380895e-02 2.524042e+02
5.310000e+02 4.859472e-02 2.538706e+02
5.315000e+02 4.351937e-02 2.553099e+02
5.320000e+02 3.866111e-02 2.566900e+02
5.325000e+02 3.394761e-02 2.580285e+02
5.330000e+02 2.954540e-02 2.592891e+02
5.335000e+02 2.547236e-02 2.604670e+02
5.340000e+02 2.161041e-02 2.615848e+02
5.345000e+02 1.820948e-02 2.625923e+02
5.350000e+02 1.536045e-02 2.634706e+02
5.355000e+02 1.265364e-02 2.643013e+02
5.360000e+02 9.980288e-03 2.651074e+02
5.365000e+02 8.242079e-03 2.657044e+02
5.370000e+02 6.486599e-03 2.662867e+02
5.375000e+02 5.009689e-03 2.667934e+02
5.380000e+02 3.795100e-03 2.672287e+02
5.385000e+02 2.806929e-03 2.676013e+02
5.390000e+02 2.010630e-03 2.679191e+02
5.395000e+02 1.363377e-03 2.681919e+02
5.400000e+02 9.564909e-04 2.684021e+02
5.405000e+02 6.221896e-04 2.685848e+02
5.410000e+02 3.940452e-04 2.687348e+02
5.415000e+02 2.361889e-04 2.688607e+02
5.420000e+02 1.339740e-04 2.689668e+02
5.425000e+02 7.118263e-05 2.690576e+02
5.430000e+02 3.546864e-05 2.691366e+02
5.435000e+02 1.618494e-05 2.692071e+02
5.440000e+02 6.694322e-06 2.692712e+02
5.445000e+02 2.435117e-06 2.693307e+02
5.450000e+02 7.525370e-07 2.693866e+02
5.455000e+02 2.090175e-07 2.694396e+02
5.460000e+02 4.469291e-08 2.694901e+02
5.465000e+02 7.183520e-09 2.695382e+02
5.470000e+02 8.229971e-10 2.695831e+02
5.475000e+02 6.920279e-11 2.696238e+02
5.480000e+02 6.397265e-12 2.696595e+02
5.485000e+02 5.606314e-13 2.696917e+02
5.490000e+02 2.829937e-14 2.697223e+02
5.495000e+02 7.025165e-16 2.697522e+02
5.500000e+02 6.819115e-18 2.697811e+02
5.505000e+02 2.109494e-20 2.698087e+02
5.510000e+02 1.012671e-23 2.698345e+02
5.515000e+02 1.613823e-27 2.698585e+02
5.520000e+02 1.464445e-32 2.698805e+02
5.525000e+02 4.222944e-39 2.699004e+02
5.530000e+02 9.643286e-48 2.699182e+02
5.535000e+02 1.631858e-59 2.699340e+02
5.540000e+02 6.555973e-76 2.699477e+02
5.545000e+02 2.706792e-99 2.699593e+02
5.550000e+02 2.611795e-133 2.699689e+02
5.555000e+02 4.396297e-183 2.699763e+02
5.560000e+02 1.133356e-253 2.699817e+02
5.565000e+02 0.000000e+00 2.699850e+02
5.570000e+02 0.000000e+00 2.699862e+02
5.575000e+02 0.000000e+00 2.699854e+02
5.580000e+02 3.718223e-260 2.699825e+02
5.585000e+02 8.418217e-190 2.699776e+02
5.590000e+02 5.662809e-139 2.699706e+02
5.595000e+02 8.129606e-104 2.699617e+02
5.600000e+02 1.697485e-79 2.699507e+02
5.605000e+02 2.247882e-62 2.699378e+02
5.610000e+02 4.716215e-50 2.699229e+02
5.615000e+02 5.716092e-41 2.699061e+02
5.620000e+02 4.036447e-34 2.698873e+02
5.625000e+02 7.531622e-29 2.698667e+02
5.630000e+02 1.019339e-24 2.698441e+02
5.635000e+02 1.986802e-21 2.698196e+02
5.640000e+02 9.182248e-19 2.697933e+02
5.645000e+02 1.391742e-16 2.697652e+02
5.650000e+02 8.917922e-15 2.697352e+02
5.655000e+02 2.882023e-13 2.697034e+02
5.660000e+02 5.339857e-12 2.696699e+02
5.665000e+02 6.267769e-11 2.696346e+02
5.670000e+02 5.506930e-10 2.695976e+02
5.675000e+02 3.811920e-09 2.695587e+02
5.680000e+02 1.969553e-08 2.695181e+02
5.685000e+02 8.254437e-08 2.694756e+02
5.690000e+02 2.906861e-07 2.694312e+02
5.695000e+02 8.835306e-07 2.693846e+02
5.700000e+02 2.209535e-06 2.693357e+02
5.705000e+02 5.697735e-06 2.692838e+02
5.710000e+02 3.553467e-06 2.692304e+02
5.715000e+02 2.611056e-05 2.691685e+02
5.720000e+02 5.030382e-05 2.691027e+02
5.725000e+02 9.031504e-05 2.690294e+02
5.730000e+02 1.506626e-04 2.689469e+02
5.735000e+02 2.444138e-04 2.688521e+02
5.740000e+02 3.919546e-04 2.687399e+02
5.745000e+02 5.690818e-04 2.686145e+02
5.750000e+02 8.608751e-04 2.684579e+02
5.755000e+02 1.215695e-03 2.682798e+02
5.760000e+02 1.659964e-03 2.680743e+02
5.765000e+02 1.734387e-03 2.679374e+02
5.770000e+02 2.920657e-03 2.675574e+02
5.775000e+02 3.708173e-03 2.672504e+02
5.780000e+02 4.788686e-03 2.668728e+02
5.785000e+02 6.025568e-03 2.664509e+02
5.790000e+02 7.429974e-03 2.659830e+02
5.795000e+02 9.027902e-03 2.654641e+02
5.800000e+02 1.080337e-02 2.648978e+02
5.805000e+02 1.281469e-02 2.642719e+02
5.810000e+02 1.499479e-02 2.636010e+02
5.815000e+02 1.731600e-02 2.628905e+02
5.820000e+02 1.874481e-02 2.623473e+02
5.825000e+02 2.233975e-02 2.613598e+02
5.830000e+02 2.574644e-02 2.604001e+02
5.835000e+02 2.539549e-02 2.602128e+02
5.840000e+02 3.260219e-02 2.584421e+02
5.845000e+02 3.637745e-02 2.573809e+02
5.850000e+02 4.024961e-02 2.562932e+02
5.855000e+02 4.427527e-02 2.551680e+02
5.860000e+02 4.844290e-02 2.540084e+02
5.865000e+02 5.278170e-02 2.528089e+02
5.870000e+02 5.721634e-02 2.515862e+02
5.875000e+02 6.185992e-02 2.503165e+02
5.880000e+02 6.659058e-02 2.490263e+02
5.885000e+02 7.140317e-02 2.477172e+02
5.890000e+02 7.610481e-02 2.464286e+02
5.895000e+02 8.126620e-02 2.450460e+02
5.900000e+02 8.617185e-02 2.437134e+02
5.905000e+02 9.065454e-02 2.424658e+02
5.910000e+02 8.847034e-02 2.426697e+02
5.915000e+02 1.012219e-01 2.396513e+02
5.920000e+02 1.068920e-01 2.381701e+02
5.925000e+02 1.088843e-01 2.374284e+02
5.930000e+02 1.170492e-01 2.354489e+02
5.935000e+02 1.228474e-01 2.339516e+02
5.940000e+02 1.280512e-01 2.325769e+02
5.945000e+02 1.325446e-01 2.313510e+02
5.950000e+02 1.240026e-01 2.327742e+02
5.955000e+02 1.419498e-01 2.288348e+02
5.960000e+02 1.480631e-01 2.273141e+02
5.965000e+02 1.528748e-01 2.260692e+02
5.970000e+02 1.571090e-01 2.249652e+02
5.975000e+02 1.606616e-01 2.240338e+02
5.980000e+02 1.632835e-01 2.233402e+02
5.985000e+02 1.645499e-01 2.229881e+02
5.990000e+02 1.639791e-01 2.230778e+02
5.995000e+02 1.619267e-01 2.234748e+02
6.000000e+02 1.524840e-01 2.252831e+02
6.005000e+02 1.721802e-01 2.208352e+02
6.010000e+02 1.827480e-01 2.181782e+02
6.015000e+02 1.924002e-01 2.157226e+02
6.020000e+02 1.998187e-01 2.137896e+02
6.025000e+02 2.033266e-01 2.126904e+02
6.030000e+02 2.110761e-01 2.107908e+02
6.035000e+02 2.189110e-01 2.088906e+02
6.040000e+02 2.247669e-01 2.074092e+02
6.045000e+02 2.300318e-01 2.060740e+02
6.050000e+02 2.347000e-01 2.048810e+02
6.055000e+02 2.388883e-01 2.038039e+02
6.060000e+02 2.427847e-01 2.028025e+02
6.065000e+02 2.465789e-01 2.018356e+02
6.070000e+02 2.498795e-01 2.009847e+02
6.075000e+02 2.527117e-01 2.002433e+02
6.080000e+02 2.544701e-01 1.997354e+02
6.085000e+02 2.579744e-01 1.988970e+02
6.090000e+02 2.594858e-01 1.984772e+02
6.095000e+02 2.561802e-01 1.990364e+02
6.100000e+02 2.521751e-01 1.997590e+02
6.105000e+02 2.366593e-01 2.028193e+02
6.110000e+02 2.560859e-01 1.989194e+02
6.115000e+02 2.549465e-01 1.991728e+02
6.120000e+02 2.621423e-01 1.978237e+02
6.125000e+02 2.610625e-01 1.981671e+02
6.130000e+02 2.582790e-01 1.989159e+02
6.135000e+02 2.540066e-01 2.000383e+02
6.140000e+02 2.477577e-01 2.016533e+02
6.145000e+02 2.382960e-01 2.040265e+02
6.150000e+02 2.270138e-01 2.069125e+02
6.155000e+02 2.152023e-01 2.100877e+02
6.160000e+02 1.975788e-01 2.146456e+02
6.165000e+02 1.757597e-01 2.203161e+02
6.170000e+02 1.497678e-01 2.271424e+02
6.175000e+02 1.181287e-01 2.354451e+02
6.180000e+02 8.378213e-02 2.446012e+02
6.185000e+02 4.915732e-02 2.539616e+02
6.190000e+02 2.119154e-02 2.617883e+02
6.195000e+02 5.590856e-03 2.665174e+02
6.200000e+02 7.888389e-04 2.683243e+02
6.205000e+02 9.879273e-05 2.687749e+02
6.210000e+02 1.358315e-04 2.687336e+02
6.215000e+02 1.237097e-03 2.681101e+02
6.220000e+02 7.834748e-03 2.657853e+02
6.225000e+02 2.676728e-02 2.601849e+02
6.230000e+02 5.838945e-02 2.514289e+02
6.235000e+02 9.411293e-02 2.416517e+02
6.240000e+02 1.343684e-01 2.311035e+02
6.245000e+02 1.720674e-01 2.213528e+02
6.250000e+02 2.036520e-01 2.131387e+02
6.255000e+02 2.285617e-01 2.065581e+02
6.260000e+02 2.544769e-01 2.000349e+02
6.265000e+02 2.738660e-01 1.950391e+02
6.270000e+02 2.890609e-01 1.910721e+02
6.275000e+02 2.973268e-01 1.886225e+02
6.280000e+02 3.089807e-01 1.855904e+02
6.285000e+02 3.272615e-01 1.812819e+02
6.290000e+02 3.393779e-01 1.782730e+02
6.295000e+02 3.491949e-01 1.758040e+02
6.300000e+02 3.573703e-01 1.737277e+02
6.305000e+02 3.647925e-01 1.718484e+02
6.310000e+02 3.712303e-01 1.702093e+02
6.315000e+02 3.764120e-01 1.688548e+02
6.320000e+02 3.721483e-01 1.694077e+02
6.325000e+02 3.835482e-01 1.668659e+02
6.330000e+02 3.906314e-01 1.652132e+02
6.335000e+02 3.928409e-01 1.645456e+02
6.340000e+02 3.963695e-01 1.636258e+02
6.345000e+02 3.111136e-01 1.809516e+02
6.350000e+02 4.049684e-01 1.615279e+02
6.355000e+02 4.103714e-01 1.602805e+02
6.360000e+02 4.139169e-01 1.594099e+02
6.365000e+02 4.169947e-01 1.586424e+02
6.370000e+02 4.196610e-01 1.579676e+02
6.375000e+02 4.220394e-01 1.573563e+02
6.380000e+02 4.236430e-01 1.569072e+02
6.385000e+02 4.196418e-01 1.575852e+02
6.390000e+02 3.831752e-01 1.647896e+02
6.395000e+02 4.273479e-01 1.558210e+02
6.400000e+02 4.210237e-01 1.570067e+02
6.405000e+02 4.328527e-01 1.545197e+02
6.410000e+02 4.359873e-01 1.538005e+02
6.415000e+02 4.267843e-01 1.556187e+02
6.420000e+02 4.324474e-01 1.543175e+02
6.425000e+02 4.141649e-01 1.578886e+02
6.430000e+02 4.397581e-01 1.527267e+02
6.435000e+02 4.412615e-01 1.523656e+02
6.440000e+02 4.434593e-01 1.518595e+02
6.445000e+02 4.360019e-01 1.532728e+02
6.450000e+02 4.270416e-01 1.550268e+02
6.455000e+02 4.403996e-01 1.524103e+02
6.460000e+02 4.423448e-01 1.520513e+02
6.465000e+02 4.466948e-01 1.510521e+02
6.470000e+02 4.494137e-01 1.503700e+02
6.475000e+02 4.424810e-01 1.516599e+02
6.480000e+02 4.254284e-01 1.549798e+02
6.485000e+02 4.529249e-01 1.494725e+02
6.490000e+02 4.555950e-01 1.489024e+02
6.495000e+02 4.564845e-01 1.486927e+02
6.500000e+02 4.560065e-01 1.487667e+02
6.505000e+02 4.522179e-01 1.495077e+02
6.510000e+02 4.469587e-01 1.505317e+02
6.515000e+02 2.528756e-01 1.903261e+02
6.520000e+02 4.457094e-01 1.508329e+02
6.525000e+02 4.464759e-01 1.507452e+02
6.530000e+02 4.412492e-01 1.518065e+02
6.535000e+02 4.304229e-01 1.539910e+02
6.540000e+02 4.239199e-01 1.553151e+02
6.545000e+02 4.051751e-01 1.591120e+02
6.550000e+02 1.594606e-01 2.100296e+02
6.555000e+02 3.279644e-01 1.747735e+02
6.560000e+02 1.344412e-01 2.152785e+02
6.565000e+02 2.582874e-01 1.899793e+02
6.570000e+02 3.994200e-01 1.622073e+02
6.575000e+02 3.551021e-01 1.722317e+02
6.580000e+02 3.183255e-01 1.799932e+02
6.585000e+02 3.941056e-01 1.642772e+02
6.590000e+02 4.094215e-01 1.605262e+02
6.595000e+02 4.275808e-01 1.561397e+02
6.600000e+02 4.396485e-01 1.531190e+02
6.605000e+02 4.478838e-01 1.510316e+02
6.610000e+02 4.515068e-01 1.499933e+02
6.615000e+02 3.924571e-01 1.618824e+02
6.620000e+02 4.597125e-01 1.479774e+02
6.625000e+02 4.633620e-01 1.471360e+02
6.630000e+02 4.651799e-01 1.466885e+02
6.635000e+02 4.666692e-01 1.463268e+02
6.640000e+02 4.673019e-01 1.461554e+02
6.645000e+02 4.617326e-01 1.473073e+02
6.650000e+02 4.653263e-01 1.464910e+02
6.655000e+02 4.443119e-01 1.506312e+02
6.660000e+02 4.567667e-01 1.481471e+02
6.665000e+02 4.486922e-01 1.497876e+02
6.670000e+02 4.634743e-01 1.468255e+02
6.675000e+02 4.647570e-01 1.466063e+02
6.680000e+02 4.677308e-01 1.459873e+02
6.685000e+02 4.689356e-01 1.457511e+02
6.690000e+02 4.677469e-01 1.460011e+02
6.695000e+02 4.598953e-01 1.475673e+02
6.700000e+02 4.327121e-01 1.529938e+02
6.705000e+02 4.645132e-01 1.467002e+02
6.710000e+02 4.639816e-01 1.468269e+02
6.715000e+02 4.378557e-01 1.520260e+02
6.720000e+02 4.513787e-01 1.493884e+02
6.725000e+02 4.544083e-01 1.488281e+02
6.730000e+02 4.602861e-01 1.477052e+02
6.735000e+02 4.628607e-01 1.472063e+02
6.740000e+02 4.441549e-01 1.510100e+02
6.745000e+02 4.636801e-01 1.471047e+02
6.750000e+02 4.637320e-01 1.471336e+02
6.755000e+02 4.628055e-01 1.473606e+02
6.760000e+02 4.478918e-01 1.504317e+02
6.765000e+02 4.600399e-01 1.480220e+02
6.770000e+02 4.562099e-01 1.488666e+02
6.775000e+02 4.542997e-01 1.493251e+02
6.780000e+02 4.467680e-01 1.508541e+02
6.785000e+02 4.541756e-01 1.494454e+02
6.790000e+02 4.546184e-01 1.493846e+02
6.795000e+02 4.557543e-01 1.491774e+02
6.800000e+02 4.556684e-01 1.492362e+02
6.805000e+02 4.550087e-01 1.494169e+02
6.810000e+02 4.541215e-01 1.496489e+02
6.815000e+02 4.529383e-01 1.499460e+02
6.820000e+02 4.516726e-01 1.502617e+02
6.825000e+02 4.505389e-01 1.505532e+02
6.830000e+02 4.483725e-01 1.510606e+02
6.835000e+02 4.397510e-01 1.528459e+02
6.840000e+02 4.431282e-01 1.522399e+02
6.845000e+02 4.434862e-01 1.522475e+02
6.850000e+02 4.437028e-01 1.522865e+02
6.855000e+02 4.423477e-01 1.526387e+02
6.860000e+02 4.408304e-01 1.530259e+02
6.865000e+02 4.393069e-01 1.534173e+02
6.870000e+02 4.376568e-01 1.538379e+02
6.875000e+02 4.358078e-01 1.543024e+02
6.880000e+02 4.340284e-01 1.547572e+02
6.885000e+02 4.320241e-01 1.552628e+02
6.890000e+02 4.298211e-01 1.558161e+02
6.895000e+02 4.273282e-01 1.564382e+02
6.900000e+02 4.243963e-01 1.571650e+02
6.905000e+02 4.205564e-01 1.580999e+02
6.910000e+02 4.147570e-01 1.594603e+02
6.915000e+02 3.995311e-01 1.627141e+02
6.920000e+02 3.958562e-01 1.636572e+02
6.925000e+02 3.756926e-01 1.676761e+02
6.930000e+02 4.001657e-01 1.628122e+02
6.935000e+02 2.726692e-01 1.890091e+02
6.940000e+02 4.015684e-01 1.626265e+02
6.945000e+02 3.982104e-01 1.633839e+02
6.950000e+02 3.960551e-01 1.639192e+02
6.955000e+02 3.998566e-01 1.632932e+02
6.960000e+02 3.892916e-01 1.655419e+02
6.965000e+02 3.956776e-01 1.643838e+02
6.970000e+02 3.933182e-01 1.649960e+02
6.975000e+02 3.875966e-01 1.663205e+02
6.980000e+02 3.885019e-01 1.662477e+02
6.985000e+02 3.852129e-01 1.670576e+02
6.990000e+02 3.583869e-01 1.727776e+02
6.995000e+02 3.787131e-01 1.686804e+02
7.000000e+02 3.747087e-01 1.696518e+02
7.005000e+02 3.654318e-01 1.716616e+02
7.010000e+02 3.413018e-01 1.766274e+02
7.015000e+02 3.197826e-01 1.816326e+02
7.020000e+02 3.595722e-01 1.734228e+02
7.025000e+02 3.548643e-01 1.745787e+02
7.030000e+02 3.393070e-01 1.779250e+02
7.035000e+02 3.481351e-01 1.763124e+02
7.040000e+02 3.464620e-01 1.768234e+02
7.045000e+02 3.432974e-01 1.776449e+02
7.050000e+02 3.396934e-01 1.785685e+02
7.055000e+02 3.356512e-01 1.795899e+02
7.060000e+02 3.311607e-01 1.807144e+02
7.065000e+02 3.269237e-01 1.817900e+02
7.070000e+02 3.221705e-01 1.829805e+02
7.075000e+02 3.171525e-01 1.842314e+02
7.080000e+02 3.097280e-01 1.859694e+02
7.085000e+02 3.062279e-01 1.869382e+02
7.090000e+02 3.009885e-01 1.882653e+02
7.095000e+02 2.922397e-01 1.903021e+02
7.100000e+02 2.881510e-01 1.914321e+02
7.105000e+02 2.815687e-01 1.930805e+02
7.110000e+02 2.731554e-01 1.951251e+02
7.115000e+02 2.330121e-01 2.040040e+02
7.120000e+02 2.538146e-01 1.998298e+02
7.125000e+02 2.405553e-01 2.030160e+02
7.130000e+02 2.225828e-01 2.072871e+02
7.135000e+02 1.964749e-01 2.134433e+02
7.140000e+02 1.554879e-01 2.230699e+02
7.145000e+02 9.013365e-02 2.384961e+02
7.150000e+02 1.571163e-02 2.567604e+02
7.155000e+02 3.926338e-04 2.613166e+02
7.160000e+02 4.169189e-02 2.505212e+02
7.165000e+02 1.084834e-01 2.347636e+02
7.170000e+02 1.486455e-01 2.255446e+02
7.175000e+02 1.684319e-01 2.211258e+02
7.180000e+02 1.734367e-01 2.200120e+02
7.185000e+02 1.721378e-01 2.203516e+02
7.190000e+02 1.782324e-01 2.193543e+02
7.195000e+02 1.730685e-01 2.206360e+02
7.200000e+02 1.667503e-01 2.221962e+02
7.205000e+02 1.674512e-01 2.224145e+02
7.210000e+02 1.627754e-01 2.237066e+02
7.215000e+02 1.570896e-01 2.252174e+02
7.220000e+02 1.509512e-01 2.268319e+02
7.225000e+02 1.442596e-01 2.285669e+02
7.230000e+02 1.331849e-01 2.312119e+02
7.235000e+02 1.183262e-01 2.345420e+02
7.240000e+02 1.240815e-01 2.338446e+02
7.245000e+02 1.180567e-01 2.354813e+02
7.250000e+02 1.114889e-01 2.372276e+02
7.255000e+02 1.045917e-01 2.390452e+02
7.260000e+02 9.792306e-02 2.408159e+02
7.265000e+02 9.023016e-02 2.427939e+02
7.270000e+02 8.395293e-02 2.444955e+02
7.275000e+02 7.749134e-02 2.462336e+02
7.280000e+02 6.976617e-02 2.482122e+02
7.285000e+02 6.487826e-02 2.496272e+02
7.290000e+02 5.924440e-02 2.511786e+02
7.295000e+02 5.342369e-02 2.527645e+02
7.300000e+02 4.453983e-02 2.549939e+02
7.305000e+02 4.198942e-02 2.558844e+02
7.310000e+02 3.563136e-02 2.575544e+02
7.315000e+02 3.166822e-02 2.587340e+02
7.320000e+02 2.808843e-02 2.598140e+02
7.325000e+02 2.416212e-02 2.609525e+02
7.330000e+02 2.043551e-02 2.620390e+02
7.335000e+02 1.699540e-02 2.630530e+02
7.340000e+02 1.380545e-02 2.639991e+02
7.345000e+02 1.059170e-02 2.649308e+02
7.350000e+02 7.793896e-03 2.657767e+02
7.355000e+02 6.836334e-03 2.662048e+02
7.360000e+02 5.165947e-03 2.667693e+02
7.365000e+02 3.695281e-03 2.672744e+02
7.370000e+02 2.696752e-03 2.676640e+02
7.375000e+02 1.851324e-03 2.680049e+02
7.380000e+02 1.219575e-03 2.682854e+02
7.385000e+02 7.667957e-04 2.685138e+02
7.390000e+02 4.565076e-04 2.686990e+02
7.395000e+02 2.546486e-04 2.688496e+02
7.400000e+02 1.297275e-04 2.689736e+02
7.405000e+02 5.738914e-05 2.690777e+02
7.410000e+02 2.716056e-05 2.691654e+02
7.415000e+02 1.040503e-05 2.692440e+02
7.420000e+02 3.427212e-06 2.693153e+02
7.425000e+02 9.404815e-07 2.693812e+02
7.430000e+02 2.057473e-07 2.694429e+02
7.435000e+02 3.411119e-08 2.695011e+02
7.440000e+02 3.930297e-09 2.695559e+02
7.445000e+02 2.859366e-10 2.696073e+02
7.450000e+02 1.207201e-11 2.696546e+02
7.455000e+02 3.202862e-13 2.696974e+02
7.460000e+02 5.255081e-15 2.697362e+02
7.465000e+02 2.640173e-17 2.697722e+02
7.470000e+02 3.517571e-20 2.698059e+02
7.475000e+02 5.742970e-24 2.698372e+02
7.480000e+02 4.662138e-29 2.698656e+02
7.485000e+02 5.551595e-36 2.698910e+02
7.490000e+02 1.612165e-45 2.699133e+02
7.495000e+02 4.053145e-59 2.699324e+02
7.500000e+02 5.703802e-79 2.699482e+02
7.505000e+02 2.626491e-108 2.699608e+02
7.510000e+02 6.242431e-151 2.699702e+02
7.515000e+02 4.051094e-207 2.699762e+02
7.520000e+02 4.662147e-261 2.699789e+02
7.525000e+02 4.656692e-234 2.699784e+02
7.530000e+02 1.052505e-179 2.699746e+02
7.535000e+02 6.988003e-131 2.699676e+02
7.540000e+02 4.353453e-95 2.699573e+02
7.545000e+02 1.817338e-70 2.699438e+02
7.550000e+02 1.704272e-53 2.699272e+02
7.555000e+02 1.016694e-41 2.699074e+02
7.560000e+02 2.511940e-33 2.698845e+02
7.565000e+02 3.393405e-27 2.698586e+02
7.570000e+02 1.263175e-22 2.698296e+02
7.575000e+02 4.057703e-19 2.697977e+02
7.580000e+02 2.279410e-16 2.697628e+02
7.585000e+02 3.357766e-14 2.697251e+02
7.590000e+02 1.862572e-12 2.696846e+02
7.595000e+02 4.927557e-11 2.696414e+02
7.600000e+02 7.349147e-10 2.695954e+02
7.605000e+02 6.970165e-09 2.695468e+02
7.610000e+02 4.718653e-08 2.694954e+02
7.615000e+02 2.379110e-07 2.694411e+02
7.620000e+02 9.511199e-07 2.693838e+02
7.625000e+02 3.147680e-06 2.693228e+02
7.630000e+02 8.895330e-06 2.692574e+02
7.635000e+02 2.202949e-05 2.691862e+02
7.640000e+02 4.881550e-05 2.691071e+02
7.645000e+02 9.838409e-05 2.690175e+02
7.650000e+02 1.806074e-04 2.689143e+02
7.655000e+02 3.157334e-04 2.687926e+02
7.660000e+02 5.085167e-04 2.686501e+02
7.665000e+02 7.727745e-04 2.684834e+02
7.670000e+02 1.180176e-03 2.682777e+02
7.675000e+02 1.667024e-03 2.680450e+02
7.680000e+02 2.270125e-03 2.677788e+02
7.685000e+02 2.964317e-03 2.674854e+02
7.690000e+02 3.716720e-03 2.671740e+02
7.695000e+02 4.459849e-03 2.668625e+02
7.700000e+02 5.068802e-03 2.665834e+02
7.705000e+02 5.407438e-03 2.663759e+02
7.710000e+02 5.198439e-03 2.663161e+02
7.715000e+02 4.216218e-03 2.664826e+02
7.720000e+02 2.443236e-03 2.669277e+02
7.725000e+02 6.508328e-04 2.675445e+02
7.730000e+02 1.863557e-05 2.680646e+02
7.735000e+02 7.212838e-11 2.684240e+02
7.740000e+02 1.592170e-16 2.684676e+02
7.745000e+02 1.820497e-06 2.680662e+02
7.750000e+02 4.874011e-04 2.672626e+02
7.755000e+02 4.007147e-03 2.657131e+02
7.760000e+02 1.067851e-02 2.635659e+02
7.765000e+02 1.877042e-02 2.612294e+02
7.770000e+02 2.820645e-02 2.587200e+02
7.775000e+02 3.703430e-02 2.563971e+02
7.780000e+02 4.486925e-02 2.543182e+02
7.785000e+02 5.278509e-02 2.522564e+02
7.790000e+02 6.059369e-02 2.502346e+02
7.795000e+02 6.627604e-02 2.486481e+02
7.800000e+02 7.399167e-02 2.466826e+02
7.805000e+02 8.206100e-02 2.446635e+02
7.810000e+02 8.893324e-02 2.428887e+02
7.815000e+02 9.531716e-02 2.412199e+02
7.820000e+02 1.002337e-01 2.398432e+02
7.825000e+02 8.191515e-02 2.431218e+02
7.830000e+02 1.132122e-01 2.365129e+02
7.835000e+02 1.192124e-01 2.349563e+02
7.840000e+02 1.258450e-01 2.332778e+02
7.845000e+02 1.247450e-01 2.331114e+02
7.850000e+02 1.348818e-01 2.307649e+02
7.855000e+02 1.425677e-01 2.289131e+02
7.860000e+02 1.501784e-01 2.270730e+02
7.865000e+02 1.566069e-01 2.254719e+02
7.870000e+02 1.623802e-01 2.240054e+02
7.875000e+02 1.679922e-01 2.225772e+02
7.880000e+02 1.734442e-01 2.211876e+02
7.885000e+02 1.787408e-01 2.198356e+02
7.890000e+02 1.838751e-01 2.185229e+02
7.895000e+02 1.890360e-01 2.172123e+02
7.900000e+02 1.938604e-01 2.159776e+02
7.905000e+02 1.978711e-01 2.149192e+02
7.910000e+02 2.009258e-01 2.140563e+02
7.915000e+02 2.045943e-01 2.130615e+02
7.920000e+02 2.114928e-01 2.114259e+02
7.925000e+02 2.159066e-01 2.102834e+02
7.930000e+02 2.107069e-01 2.110509e+02
7.935000e+02 2.216683e-01 2.086312e+02
7.940000e+02 2.302904e-01 2.066989e+02
7.945000e+02 2.347507e-01 2.055841e+02
7.950000e+02 2.394027e-01 2.044368e+02
7.955000e+02 2.435364e-01 2.034006e+02
7.960000e+02 2.471153e-01 2.024880e+02
7.965000e+02 2.511622e-01 2.014799e+02
7.970000e+02 2.546860e-01 2.005881e+02
7.975000e+02 2.581045e-01 1.997165e+02
7.980000e+02 2.618250e-01 1.987774e+02
7.985000e+02 2.639340e-01 1.981533e+02
7.990000e+02 2.673143e-01 1.972847e+02
7.995000e+02 2.718489e-01 1.962048e+02
8.000000e+02 2.764524e-01 1.951078e+02
8.005000e+02 2.797812e-01 1.942730e+02
8.010000e+02 2.828675e-01 1.934934e+02
8.015000e+02 2.857428e-01 1.927624e+02
8.020000e+02 2.876587e-01 1.922294e+02
8.025000e+02 2.863815e-01 1.923454e+02
8.030000e+02 2.908442e-01 1.913193e+02
8.035000e+02 2.935043e-01 1.906451e+02
8.040000e+02 2.987375e-01 1.894543e+02
8.045000e+02 3.017471e-01 1.886994e+02
8.050000e+02 3.047789e-01 1.879552e+02
8.055000e+02 3.073719e-01 1.873062e+02
8.060000e+02 3.088888e-01 1.868832e+02
8.065000e+02 3.073248e-01 1.870520e+02
8.070000e+02 3.092240e-01 1.865493e+02
8.075000e+02 2.749169e-01 1.931266e+02
8.080000e+02 3.111225e-01 1.858773e+02
8.085000e+02 3.205525e-01 1.839265e+02
8.090000e+02 3.238563e-01 1.831628e+02
8.095000e+02 3.246907e-01 1.829054e+02
8.100000e+02 3.268790e-01 1.823560e+02
8.105000e+02 3.219052e-01 1.832177e+02
8.110000e+02 3.154511e-01 1.844386e+02
8.115000e+02 2.854617e-01 1.904341e+02
8.120000e+02 3.343376e-01 1.804784e+02
8.125000e+02 3.363852e-01 1.799765e+02
8.130000e+02 3.230774e-01 1.824942e+02
8.135000e+02 3.357812e-01 1.799007e+02
8.140000e+02 1.900608e-01 2.100743e+02
8.145000e+02 3.426184e-01 1.783909e+02
8.150000e+02 3.460782e-01 1.776287e+02
8.155000e+02 3.482107e-01 1.771278e+02
8.160000e+02 3.496454e-01 1.767691e+02
8.165000e+02 3.512629e-01 1.763764e+02
8.170000e+02 3.525739e-01 1.760481e+02
8.175000e+02 3.536312e-01 1.757736e+02
8.180000e+02 3.543636e-01 1.755639e+02
8.185000e+02 3.489672e-01 1.765838e+02
8.190000e+02 3.558985e-01 1.751440e+02
8.195000e+02 3.523753e-01 1.757734e+02
8.200000e+02 3.538041e-01 1.754404e+02
8.205000e+02 3.584067e-01 1.745005e+02
8.210000e+02 3.602663e-01 1.740848e+02
8.215000e+02 3.610572e-01 1.738890e+02
8.220000e+02 3.612775e-01 1.738154e+02
8.225000e+02 3.616474e-01 1.737112e+02
8.230000e+02 3.618431e-01 1.736521e+02
8.235000e+02 3.614362e-01 1.737248e+02
8.240000e+02 3.603810e-01 1.739380e+02
8.245000e+02 3.589620e-01 1.742307e+02
8.250000e+02 3.551082e-01 1.750275e+02
8.255000e+02 3.335033e-01 1.792913e+02
8.260000e+02 3.278422e-01 1.805312e+02
8.265000e+02 3.037221e-01 1.856321e+02
8.270000e+02 3.393975e-01 1.786699e+02
8.275000e+02 3.361339e-01 1.793842e+02
8.280000e+02 3.007131e-01 1.868426e+02
8.285000e+02 3.373273e-01 1.790331e+02
8.290000e+02 3.379841e-01 1.789041e+02
8.295000e+02 3.325307e-01 1.800749e+02
8.300000e+02 3.237102e-01 1.819884e+02
8.305000e+02 2.920425e-01 1.885892e+02
8.310000e+02 1.701480e-01 2.136680e+02
8.315000e+02 2.318372e-01 2.017993e+02
8.320000e+02 2.158862e-01 2.062672e+02
8.325000e+02 1.589816e-01 2.197115e+02
8.330000e+02 7.615615e-02 2.397917e+02
8.335000e+02 1.111847e-02 2.578647e+02
8.340000e+02 2.055515e-06 2.635884e+02
8.345000e+02 5.212346e-04 2.625195e+02
8.350000e+02 3.340267e-02 2.511876e+02
8.355000e+02 1.149228e-01 2.303360e+02
8.360000e+02 1.925027e-01 2.119707e+02
8.365000e+02 2.409254e-01 2.005743e+02
8.370000e+02 2.584826e-01 1.959296e+02
8.375000e+02 2.991067e-01 1.871588e+02
8.380000e+02 3.013876e-01 1.861656e+02
8.385000e+02 2.943846e-01 1.872308e+02
8.390000e+02 3.358065e-01 1.788367e+02
8.395000e+02 2.979081e-01 1.859673e+02
8.400000e+02 3.259532e-01 1.803660e+02
8.405000e+02 3.310227e-01 1.793245e+02
8.410000e+02 2.515665e-01 1.950190e+02
8.415000e+02 2.730136e-01 1.905967e+02
8.420000e+02 2.769343e-01 1.896705e+02
8.425000e+02 2.277941e-01 1.988252e+02
8.430000e+02 9.341629e-02 2.251646e+02
8.435000e+02 3.335632e-01 1.781847e+02
8.440000e+02 3.659626e-01 1.718571e+02
8.445000e+02 3.760240e-01 1.698508e+02
8.450000e+02 3.797007e-01 1.691041e+02
8.455000e+02 3.799344e-01 1.690676e+02
8.460000e+02 3.829115e-01 1.684583e+02
8.465000e+02 3.824806e-01 1.685759e+02
8.470000e+02 3.835853e-01 1.683819e+02
8.475000e+02 3.822357e-01 1.687203e+02
8.480000e+02 3.796052e-01 1.693466e+02
8.485000e+02 3.758597e-01 1.701988e+02
8.490000e+02 3.267271e-01 1.800502e+02
8.495000e+02 3.756653e-01 1.702137e+02
8.500000e+02 3.779972e-01 1.696462e+02
8.505000e+02 3.842595e-01 1.683001e+02
8.510000e+02 3.861230e-01 1.678672e+02
8.515000e+02 3.863443e-01 1.677891e+02
8.520000e+02 3.872707e-01 1.675980e+02
8.525000e+02 3.851654e-01 1.680326e+02
8.530000e+02 3.830747e-01 1.684828e+02
8.535000e+02 3.819059e-01 1.687301e+02
8.540000e+02 3.852088e-01 1.680957e+02
8.545000e+02 3.864040e-01 1.678424e+02
8.550000e+02 3.867029e-01 1.677795e+02
8.555000e+02 3.825722e-01 1.686385e+02
8.560000e+02 3.855728e-01 1.680701e+02
8.565000e+02 3.824464e-01 1.687700e+02
8.570000e+02 3.782879e-01 1.696914e+02
8.575000e+02 3.695081e-01 1.715246e+02
8.580000e+02 2.117045e-01 2.033306e+02
8.585000e+02 3.651177e-01 1.728991e+02
8.590000e+02 3.627575e-01 1.737799e+02
8.595000e+02 3.554928e-01 1.756397e+02
8.600000e+02 3.502914e-01 1.769158e+02
8.605000e+02 3.505754e-01 1.767437e+02
8.610000e+02 3.581149e-01 1.748728e+02
8.615000e+02 2.888754e-01 1.884452e+02
8.620000e+02 3.705661e-01 1.717373e+02
8.625000e+02 3.706473e-01 1.714942e+02
8.630000e+02 3.150974e-01 1.822811e+02
8.635000e+02 3.785105e-01 1.697482e+02
8.640000e+02 3.823926e-01 1.689428e+02
8.645000e+02 3.839690e-01 1.685847e+02
8.650000e+02 3.845585e-01 1.684406e+02
8.655000e+02 3.803570e-01 1.692784e+02
8.660000e+02 3.732369e-01 1.706377e+02
8.665000e+02 3.834605e-01 1.686302e+02
8.670000e+02 3.853467e-01 1.682706e+02
8.675000e+02 3.854806e-01 1.682554e+02
8.680000e+02 3.852785e-01 1.683097e+02
8.685000e+02 3.819317e-01 1.690030e+02
8.690000e+02 3.755334e-01 1.702800e+02
8.695000e+02 3.778600e-01 1.699278e+02
8.700000e+02 3.836483e-01 1.687165e+02
8.705000e+02 3.828061e-01 1.689062e+02
8.710000e+02 3.833445e-01 1.688267e+02
8.715000e+02 3.829057e-01 1.689416e+02
8.720000e+02 3.824335e-01 1.690647e+02
8.725000e+02 3.818677e-01 1.692092e+02
8.730000e+02 3.813720e-01 1.693382e+02
8.735000e+02 3.808135e-01 1.694822e+02
8.740000e+02 3.792341e-01 1.698322e+02
8.745000e+02 3.795018e-01 1.698130e+02
8.750000e+02 3.787389e-01 1.700013e+02
8.755000e+02 3.701558e-01 1.717768e+02
8.760000e+02 3.771728e-01 1.703927e+02
8.765000e+02 3.764106e-01 1.705893e+02
8.770000e+02 3.753556e-01 1.708479e+02
8.775000e+02 3.739233e-01 1.711898e+02
8.780000e+02 3.715471e-01 1.717222e+02
8.785000e+02 3.675228e-01 1.725536e+02
8.790000e+02 3.705550e-01 1.720062e+02
8.795000e+02 3.706349e-01 1.720213e+02
8.800000e+02 3.702811e-01 1.721264e+02
8.805000e+02 3.693618e-01 1.723516e+02
8.810000e+02 3.675261e-01 1.727615e+02
8.815000e+02 3.628287e-01 1.737486e+02
8.820000e+02 3.649727e-01 1.733659e+02
8.825000e+02 3.596481e-01 1.744479e+02
8.830000e+02 2.448916e-01 1.971706e+02
8.835000e+02 3.543879e-01 1.755883e+02
8.840000e+02 3.600912e-01 1.745697e+02
8.845000e+02 3.600405e-01 1.746525e+02
8.850000e+02 3.588839e-01 1.749513e+02
8.855000e+02 3.554668e-01 1.757081e+02
8.860000e+02 3.540440e-01 1.760550e+02
8.865000e+02 3.038076e-01 1.861365e+02
8.870000e+02 3.459870e-01 1.777983e+02
8.875000e+02 3.422564e-01 1.786214e+02
8.880000e+02 3.191946e-01 1.831859e+02
8.885000e+02 3.381422e-01 1.796349e+02
8.890000e+02 3.436417e-01 1.787286e+02
8.895000e+02 3.420458e-01 1.792014e+02
8.900000e+02 3.390757e-01 1.799669e+02
8.905000e+02 3.351056e-01 1.809605e+02
8.910000e+02 3.302033e-01 1.821866e+02
8.915000e+02 3.235997e-01 1.838250e+02
8.920000e+02 3.145057e-01 1.860667e+02
8.925000e+02 3.019135e-01 1.891312e+02
8.930000e+02 2.858828e-01 1.929475e+02
8.935000e+02 2.697452e-01 1.965994e+02
8.940000e+02 2.711963e-01 1.963682e+02
8.945000e+02 2.756104e-01 1.952383e+02
8.950000e+02 2.637929e-01 1.971365e+02
8.955000e+02 2.865938e-01 1.925381e+02
8.960000e+02 2.340234e-01 2.026906e+02
8.965000e+02 2.974467e-01 1.900998e+02
8.970000e+02 3.022671e-01 1.891644e+02
8.975000e+02 3.018146e-01 1.893479e+02
8.980000e+02 2.989857e-01 1.900889e+02
8.985000e+02 2.943452e-01 1.912604e+02
8.990000e+02 2.894814e-01 1.924893e+02
8.995000e+02 2.860743e-01 1.933489e+02
9.000000e+02 2.846098e-01 1.937331e+02
9.005000e+02 2.826336e-01 1.942212e+02
9.010000e+02 2.772437e-01 1.954540e+02
9.015000e+02 2.737367e-01 1.964131e+02
9.020000e+02 2.682047e-01 1.978563e+02
9.025000e+02 2.602219e-01 1.998124e+02
9.030000e+02 2.540922e-01 2.013795e+02
9.035000e+02 2.449333e-01 2.035436e+02
9.040000e+02 2.392502e-01 2.051483e+02
9.045000e+02 2.215829e-01 2.093322e+02
9.050000e+02 2.119598e-01 2.120791e+02
9.055000e+02 1.918977e-01 2.171212e+02
9.060000e+02 1.735962e-01 2.216652e+02
9.065000e+02 1.667156e-01 2.233464e+02
9.070000e+02 1.726736e-01 2.220084e+02
9.075000e+02 1.726705e-01 2.219682e+02
9.080000e+02 1.594612e-01 2.247690e+02
9.085000e+02 1.480859e-01 2.275119e+02
9.090000e+02 1.454981e-01 2.288000e+02
9.095000e+02 1.334309e-01 2.320825e+02
9.100000e+02 1.152346e-01 2.367283e+02
9.105000e+02 9.806682e-02 2.412713e+02
9.110000e+02 7.846949e-02 2.464209e+02
9.115000e+02 5.836365e-02 2.517500e+02
9.120000e+02 3.801068e-02 2.571535e+02
9.125000e+02 2.298718e-02 2.614397e+02
9.130000e+02 1.079784e-02 2.650059e+02
9.135000e+02 3.613036e-03 2.673291e+02
9.140000e+02 7.048297e-04 2.685226e+02
9.145000e+02 5.833765e-05 2.690406e+02
9.150000e+02 1.353034e-06 2.693010e+02
9.155000e+02 7.689013e-09 2.694564e+02
9.160000e+02 5.807301e-11 2.695255e+02
9.165000e+02 2.785679e-10 2.695073e+02
9.170000e+02 6.592584e-08 2.694030e+02
9.175000e+02 6.867695e-06 2.692127e+02
9.180000e+02 1.661240e-04 2.688909e+02
9.185000e+02 1.316035e-03 2.682145e+02
9.190000e+02 5.050615e-03 2.667986e+02
9.195000e+02 1.283528e-02 2.643359e+02
9.200000e+02 2.523901e-02 2.607585e+02
9.205000e+02 4.114708e-02 2.563740e+02
9.210000e+02 5.863389e-02 2.516568e+02
9.215000e+02 7.601039e-02 2.470107e+02
9.220000e+02 9.286793e-02 2.425523e+02
9.225000e+02 1.101589e-01 2.381212e+02
9.230000e+02 1.253185e-01 2.342128e+02
9.235000e+02 1.387286e-01 2.307502e+02
9.240000e+02 1.510769e-01 2.275868e+02
9.245000e+02 1.612688e-01 2.249374e+02
9.250000e+02 1.644361e-01 2.237233e+02
9.255000e+02 1.738116e-01 2.214037e+02
9.260000e+02 1.842282e-01 2.189615e+02
9.265000e+02 1.825097e-01 2.189250e+02
9.270000e+02 1.973061e-01 2.157318e+02
9.275000e+02 1.798170e-01 2.189734e+02
9.280000e+02 2.052112e-01 2.137035e+02
9.285000e+02 2.058868e-01 2.133994e+02
9.290000e+02 2.127732e-01 2.118593e+02
9.295000e+02 2.155534e-01 2.111667e+02
9.300000e+02 2.180807e-01 2.105505e+02
9.305000e+02 2.197911e-01 2.101201e+02
9.310000e+02 2.209984e-01 2.098097e+02
9.315000e+02 2.213082e-01 2.096930e+02
9.320000e+02 2.214974e-01 2.096161e+02
9.325000e+02 2.189757e-01 2.100746e+02
9.330000e+02 1.876639e-01 2.160834e+02
9.335000e+02 2.116951e-01 2.114724e+02
9.340000e+02 2.210642e-01 2.096782e+02
9.345000e+02 2.221085e-01 2.095015e+02
9.350000e+02 2.219287e-01 2.095700e+02
9.355000e+02 2.211601e-01 2.097613e+02
9.360000e+02 2.193343e-01 2.101742e+02
9.365000e+02 2.195158e-01 2.101957e+02
9.370000e+02 2.172662e-01 2.107016e+02
9.375000e+02 2.166749e-01 2.108984e+02
9.380000e+02 2.156179e-01 2.111944e+02
9.385000e+02 2.140653e-01 2.115874e+02
9.390000e+02 2.126179e-01 2.119580e+02
9.395000e+02 2.110336e-01 2.123598e+02
9.400000e+02 2.089667e-01 2.128644e+02
9.405000e+02 2.073337e-01 2.132916e+02
9.410000e+02 2.053435e-01 2.137959e+02
9.415000e+02 2.032464e-01 2.143278e+02
9.420000e+02 2.010539e-01 2.148852e+02
9.425000e+02 1.985042e-01 2.155208e+02
9.430000e+02 1.958626e-01 2.161821e+02
9.435000e+02 1.924438e-01 2.170095e+02
9.440000e+02 1.905195e-01 2.175464e+02
9.445000e+02 1.868834e-01 2.184270e+02
9.450000e+02 1.814072e-01 2.196532e+02
9.455000e+02 1.822272e-01 2.196414e+02
9.460000e+02 1.799669e-01 2.202307e+02
9.465000e+02 1.773139e-01 2.209065e+02
9.470000e+02 1.743964e-01 2.216443e+02
9.475000e+02 1.710078e-01 2.224849e+02
9.480000e+02 1.675225e-01 2.233463e+02
9.485000e+02 1.607977e-01 2.248333e+02
9.490000e+02 1.473198e-01 2.276328e+02
9.495000e+02 1.568292e-01 2.260255e+02
9.500000e+02 1.537106e-01 2.268474e+02
9.505000e+02 1.451376e-01 2.287158e+02
9.510000e+02 1.432771e-01 2.293083e+02
9.515000e+02 1.330199e-01 2.316657e+02
9.520000e+02 1.395898e-01 2.305147e+02
9.525000e+02 1.356540e-01 2.315302e+02
9.530000e+02 1.313327e-01 2.326309e+02
9.535000e+02 1.256588e-01 2.340010e+02
9.540000e+02 1.223471e-01 2.349166e+02
9.545000e+02 1.158926e-01 2.364333e+02
9.550000e+02 1.136015e-01 2.371631e+02
9.555000e+02 1.096360e-01 2.382075e+02
9.560000e+02 1.008671e-01 2.402034e+02
9.565000e+02 1.010450e-01 2.404672e+02
9.570000e+02 9.577725e-02 2.418057e+02
9.575000e+02 9.133834e-02 2.429874e+02
9.580000e+02 8.498197e-02 2.445485e+02
9.585000e+02 2.438764e-02 2.570126e+02
9.590000e+02 7.525975e-02 2.471288e+02
9.595000e+02 7.143615e-02 2.482335e+02
9.600000e+02 6.641573e-02 2.495775e+02
9.605000e+02 6.136667e-02 2.509381e+02
9.610000e+02 5.608052e-02 2.523566e+02
9.615000e+02 5.069554e-02 2.538062e+02
9.620000e+02 4.524374e-02 2.552805e+02
9.625000e+02 3.954414e-02 2.568145e+02
9.630000e+02 3.445254e-02 2.582421e+02
9.635000e+02 2.913250e-02 2.597240e+02
9.640000e+02 2.393503e-02 2.611906e+02
9.645000e+02 1.893972e-02 2.626237e+02
9.650000e+02 1.426026e-02 2.639967e+02
9.655000e+02 1.003779e-02 2.652754e+02
9.660000e+02 6.425648e-03 2.664202e+02
9.665000e+02 3.581524e-03 2.673880e+02
9.670000e+02 1.621154e-03 2.681423e+02
9.675000e+02 5.299016e-04 2.686745e+02
9.680000e+02 1.020791e-04 2.690219e+02
9.685000e+02 8.112224e-06 2.692558e+02
9.690000e+02 1.240484e-07 2.694326e+02
9.695000e+02 3.798045e-10 2.695640e+02
9.700000e+02 3.609034e-13 2.696379e+02
9.705000e+02 1.599380e-13 2.696436e+02
9.710000e+02 1.068717e-10 2.695837e+02
9.715000e+02 3.754368e-08 2.694759e+02
9.720000e+02 1.702954e-06 2.693446e+02
9.725000e+02 1.675457e-05 2.692095e+02
9.730000e+02 3.431378e-05 2.690887e+02
9.735000e+02 1.395126e-04 2.689763e+02
9.740000e+02 2.108517e-04 2.689029e+02
9.745000e+02 2.477279e-04 2.688687e+02
9.750000e+02 2.431377e-04 2.688712e+02
9.755000e+02 2.072264e-04 2.689023e+02
9.760000e+02 1.563042e-04 2.689526e+02
9.765000e+02 1.024472e-04 2.690143e+02
9.770000e+02 6.359927e-05 2.690795e+02
9.775000e+02 3.428454e-05 2.691463e+02
9.780000e+02 1.617517e-05 2.692123e+02
9.785000e+02 6.546301e-06 2.692765e+02
9.790000e+02 2.253454e-06 2.693389e+02
9.795000e+02 6.264919e-07 2.693995e+02
9.800000e+02 1.189108e-07 2.694582e+02
9.805000e+02 2.139513e-08 2.695149e+02
9.810000e+02 2.250559e-09 2.695695e+02
9.815000e+02 1.398041e-10 2.696217e+02
9.820000e+02 4.352465e-12 2.696711e+02
9.825000e+02 5.269959e-14 2.697176e+02
9.830000e+02 1.572022e-16 2.697608e+02
9.835000e+02 1.161743e-19 2.698004e+02
9.840000e+02 6.019837e-24 2.698362e+02
9.845000e+02 8.890817e-30 2.698681e+02
9.850000e+02 5.660351e-38 2.698959e+02
9.855000e+02 7.550546e-50 2.699196e+02
9.860000e+02 1.918626e-67 2.699391e+02
9.865000e+02 1.450779e-93 2.699542e+02
9.870000e+02 7.305779e-131 2.699648e+02
9.875000e+02 5.700486e-176 2.699710e+02
9.880000e+02 7.089732e-201 2.699726e+02
9.885000e+02 8.703550e-163 2.699697e+02
9.890000e+02 6.885611e-119 2.699622e+02
9.895000e+02 4.326054e-85 2.699504e+02
9.900000e+02 7.523615e-62 2.699342e+02
9.905000e+02 3.183775e-46 2.699137e+02
9.910000e+02 1.353567e-35 2.698892e+02
9.915000e+02 3.439872e-28 2.698608e+02
9.920000e+02 7.187100e-23 2.698287e+02
9.925000e+02 5.543513e-19 2.697931e+02
9.930000e+02 4.673387e-16 2.697546e+02
9.935000e+02 7.556536e-14 2.697138e+02
9.940000e+02 3.431495e-12 2.696712e+02
9.945000e+02 6.589075e-11 2.696267e+02
9.950000e+02 1.020699e-09 2.695790e+02
9.955000e+02 1.077525e-08 2.695266e+02
9.960000e+02 8.571294e-08 2.694695e+02
9.965000e+02 4.751300e-07 2.694085e+02
9.970000e+02 1.950430e-06 2.693443e+02
9.975000e+02 6.298240e-06 2.692769e+02
9.980000e+02 1.706526e-05 2.692051e+02
9.985000e+02 3.956865e-05 2.691275e+02
9.990000e+02 8.081671e-05 2.690421e+02
9.995000e+02 1.556488e-04 2.689452e+02
1.000000e+03 2.722740e-04 2.688348e+02
0.5 10 0
1.000000e+01 9.955057e-01 3.802112e+00
1.050000e+01 9.953482e-01 3.842114e+00
1.100000e+01 9.951789e-01 3.884595e+00
1.150000e+01 9.950460e-01 3.919578e+00
1.200000e+01 9.948716e-01 3.964153e+00
1.250000e+01 9.946781e-01 4.013499e+00
1.300000e+01 9.944636e-01 4.068215e+00
1.350000e+01 9.942249e-01 4.129132e+00
1.400000e+01 9.939607e-01 4.196659e+00
1.450000e+01 9.936630e-01 4.272776e+00
1.500000e+01 9.933181e-01 4.360759e+00
1.550000e+01 9.929393e-01 4.458291e+00
1.600000e+01 9.924815e-01 4.575595e+00
1.650000e+01 9.919474e-01 4.713080e+00
1.700000e+01 9.912950e-01 4.881037e+00
1.750000e+01 9.904804e-01 5.090889e+00
1.800000e+01 9.894349e-01 5.360448e+00
1.850000e+01 9.880476e-01 5.718346e+00
1.900000e+01 9.861363e-01 6.211504e+00
1.950000e+01 9.833945e-01 6.918673e+00
2.000000e+01 9.792984e-01 7.973789e+00
2.050000e+01 9.729747e-01 9.598814e+00
2.100000e+01 9.631043e-01 1.212327e+01
2.150000e+01 9.485365e-01 1.580835e+01
2.200000e+01 9.323223e-01 1.981302e+01
2.250000e+01 9.304721e-01 2.029280e+01
2.300000e+01 9.432940e-01 1.715346e+01
2.350000e+01 9.559566e-01 1.395788e+01
2.400000e+01 9.649790e-01 1.165100e+01
2.450000e+01 9.709592e-01 1.011418e+01
2.500000e+01 9.748237e-01 9.115731e+00
2.550000e+01 9.773274e-01 8.465334e+00
2.600000e+01 9.790387e-01 8.021453e+00
2.650000e+01 9.801424e-01 7.732857e+00
2.700000e+01 9.808566e-01 7.544450e+00
2.750000e+01 9.813024e-01 7.425203e+00
2.800000e+01 9.815519e-01 7.356746e+00
2.850000e+01 9.816394e-01 7.329794e+00
2.900000e+01 9.814834e-01 7.360767e+00
2.950000e+01 9.814590e-01 7.366886e+00
3.000000e+01 9.810034e-01 7.469649e+00
3.050000e+01 9.808195e-01 7.517005e+00
3.100000e+01 9.806051e-01 7.572533e+00
3.150000e+01 9.802022e-01 7.671203e+00
3.200000e+01 9.797427e-01 7.783934e+00
3.250000e+01 9.792337e-01 7.909063e+00
3.300000e+01 9.786759e-01 8.046349e+00
3.350000e+01 9.780702e-01 8.195488e+00
3.400000e+01 9.774181e-01 8.356158e+00
3.450000e+01 9.767170e-01 8.528905e+00
3.500000e+01 9.759638e-01 8.714354e+00
3.550000e+01 9.751590e-01 8.912439e+00
3.600000e+01 9.740053e-01 9.188826e+00
3.650000e+01 9.733879e-01 9.348209e+00
3.700000e+01 9.724164e-01 9.587154e+00
3.750000e+01 9.713551e-01 9.847087e+00
3.800000e+01 9.701907e-01 1.013109e+01
3.850000e+01 9.690830e-01 1.040550e+01
3.900000e+01 9.678193e-01 1.071540e+01
3.950000e+01 9.664443e-01 1.105166e+01
4.000000e+01 9.650097e-01 1.140335e+01
4.050000e+01 9.634440e-01 1.178615e+01
4.100000e+01 9.617562e-01 1.219841e+01
4.150000e+01 9.599330e-01 1.264333e+01
4.200000e+01 9.579564e-01 1.312518e+01
4.250000e+01 9.557981e-01 1.365040e+01
4.300000e+01 9.534262e-01 1.422647e+01
4.350000e+01 9.508402e-01 1.485415e+01
4.400000e+01 9.481110e-01 1.551948e+01
4.450000e+01 9.450594e-01 1.626128e+01
4.500000e+01 9.416401e-01 1.709040e+01
4.550000e+01 9.378991e-01 1.799868e+01
4.600000e+01 9.336923e-01 1.901844e+01
4.650000e+01 9.289704e-01 2.016250e+01
4.700000e+01 9.236360e-01 2.145448e+01
4.750000e+01 9.175676e-01 2.292391e+01
4.800000e+01 9.106062e-01 2.460952e+01
4.850000e+01 9.025389e-01 2.656318e+01
4.900000e+01 8.930802e-01 2.885470e+01
4.950000e+01 8.818260e-01 3.158234e+01
5.000000e+01 8.680890e-01 3.490901e+01
5.050000e+01 8.515467e-01 3.892982e+01
5.100000e+01 8.296289e-01 4.425732e+01
5.150000e+01 7.965365e-01 5.229756e+01
5.200000e+01 7.536750e-01 6.273029e+01
5.250000e+01 6.870915e-01 7.899134e+01
5.300000e+01 5.864808e-01 1.036247e+02
5.350000e+01 4.471794e-01 1.380403e+02
5.400000e+01 2.834359e-01 1.793882e+02
5.450000e+01 1.345466e-01 2.187807e+02
5.500000e+01 4.184504e-02 2.458656e+02
5.550000e+01 6.676923e-03 2.589128e+02
5.600000e+01 2.564846e-04 2.636048e+02
5.650000e+01 7.208315e-06 2.652789e+02
5.700000e+01 1.411464e-08 2.661471e+02
5.750000e+01 2.211463e-08 2.667102e+02
5.800000e+01 1.605577e-08 2.671231e+02
5.850000e+01 3.831232e-13 2.673942e+02
5.900000e+01 7.371806e-11 2.674441e+02
5.950000e+01 1.980665e-12 2.675280e+02
6.000000e+01 5.792816e-11 2.676821e+02
6.050000e+01 8.722097e-16 2.677896e+02
6.100000e+01 2.355705e-11 2.676992e+02
6.150000e+01 1.154039e-09 2.676043e+02
6.200000e+01 9.322531e-10 2.674977e+02
6.250000e+01 7.658700e-15 2.672254e+02
6.300000e+01 1.400833e-11 2.663895e+02
6.350000e+01 4.031977e-05 2.647874e+02
6.400000e+01 2.384383e-03 2.615285e+02
6.450000e+01 2.456123e-02 2.520508e+02
6.500000e+01 1.010259e-01 2.290463e+02
6.550000e+01 2.354262e-01 1.929902e+02
6.600000e+01 3.896355e-01 1.534900e+02
6.650000e+01 5.256944e-01 1.193827e+02
6.700000e+01 6.279882e-01 9.400190e+01
6.750000e+01 6.985216e-01 7.659368e+01
6.800000e+01 7.472315e-01 6.465198e+01
6.850000e+01 7.807166e-01 5.646369e+01
6.900000e+01 8.051520e-01 5.051616e+01
6.950000e+01 8.236523e-01 4.602973e+01
7.000000e+01 8.384006e-01 4.246651e+01
7.050000e+01 8.504388e-01 3.956554e+01
7.100000e+01 8.604832e-01 3.715087e+01
7.150000e+01 8.689628e-01 3.511640e+01
7.200000e+01 8.762426e-01 3.337408e+01
7.250000e+01 8.824790e-01 3.188379e+01
7.300000e+01 8.879176e-01 3.058742e+01
7.350000e+01 8.926357e-01 2.946483e+01
7.400000e+01 8.967488e-01 2.848820e+01
7.450000e+01 9.003546e-01 2.763408e+01
7.500000e+01 9.034693e-01 2.689668e+01
7.550000e+01 9.061683e-01 2.625806e+01
7.600000e+01 9.086694e-01 2.567237e+01
7.650000e+01 9.079025e-01 2.580365e+01
7.700000e+01 9.127921e-01 2.471219e+01
7.750000e+01 9.141674e-01 2.439017e+01
7.800000e+01 9.159432e-01 2.399039e+01
7.850000e+01 9.171362e-01 2.372303e+01
7.900000e+01 9.177294e-01 2.359639e+01
7.950000e+01 9.185858e-01 2.341558e+01
8.000000e+01 9.188256e-01 2.337732e+01
8.050000e+01 9.190522e-01 2.333559e+01
8.100000e+01 9.201014e-01 2.310079e+01
8.150000e+01 9.214574e-01 2.278764e+01
8.200000e+01 9.226020e-01 2.252159e+01
8.250000e+01 9.234843e-01 2.231906e+01
8.300000e+01 9.241554e-01 2.216871e+01
8.350000e+01 9.246672e-01 2.205789e+01
8.400000e+01 9.250571e-01 2.197734e+01
8.450000e+01 9.253500e-01 2.192083e+01
8.500000e+01 9.255578e-01 2.188528e+01
8.550000e+01 9.256921e-01 2.186791e+01
8.600000e+01 9.257562e-01 2.186793e+01
8.650000e+01 9.257448e-01 2.188655e+01
8.700000e+01 9.256547e-01 2.192474e+01
8.750000e+01 9.254853e-01 2.198222e+01
8.800000e+01 9.253145e-01 2.203901e+01
8.850000e+01 9.252660e-01 2.206581e+01
8.900000e+01 9.252181e-01 2.209178e+01
8.950000e+01 9.250955e-01 2.213579e+01
9.000000e+01 9.248896e-01 2.220015e+01
9.050000e+01 9.246718e-01 2.226793e+01
9.100000e+01 9.243821e-01 2.235295e+01
9.150000e+01 9.240856e-01 2.244038e+01
9.200000e+01 9.237377e-01 2.253989e+01
9.250000e+01 9.233538e-01 2.264798e+01
9.300000e+01 9.229184e-01 2.276785e+01
9.350000e+01 9.222956e-01 2.292767e+01
9.400000e+01 9.193884e-01 2.358309e+01
9.450000e+01 9.214359e-01 2.317047e+01
9.500000e+01 9.210058e-01 2.329310e+01
9.550000e+01 9.203743e-01 2.345912e+01
9.600000e+01 9.191097e-01 2.375875e+01
9.650000e+01 9.187868e-01 2.386061e+01
9.700000e+01 9.186901e-01 2.391606e+01
9.750000e+01 9.181324e-01 2.406859e+01
9.800000e+01 9.174747e-01 2.424330e+01
9.850000e+01 9.168164e-01 2.441901e+01
9.900000e+01 9.160644e-01 2.461592e+01
9.950000e+01 9.152613e-01 2.482484e+01
1.000000e+02 9.143568e-01 2.505595e+01
1.005000e+02 9.127011e-01 2.545044e+01
1.010000e+02 9.124963e-01 2.553101e+01
1.015000e+02 9.105867e-01 2.597392e+01
1.020000e+02 9.097990e-01 2.618400e+01
1.025000e+02 9.099149e-01 2.620737e+01
1.030000e+02 9.089984e-01 2.644795e+01
1.035000e+02 9.077481e-01 2.676050e+01
1.040000e+02 9.059698e-01 2.718628e+01
1.045000e+02 9.055894e-01 2.731857e+01
1.050000e+02 9.043557e-01 2.763360e+01
1.055000e+02 9.029855e-01 2.797981e+01
1.060000e+02 9.015038e-01 2.835234e+01
1.065000e+02 8.998994e-01 2.875393e+01
1.070000e+02 8.981591e-01 2.918785e+01
1.075000e+02 8.962537e-01 2.966088e+01
1.080000e+02 8.941252e-01 3.018631e+01
1.085000e+02 8.918379e-01 3.075042e+01
1.090000e+02 8.891943e-01 3.139690e+01
1.095000e+02 8.842190e-01 3.255155e+01
1.100000e+02 8.828240e-01 3.294501e+01
1.105000e+02 8.782846e-01 3.401993e+01
1.110000e+02 8.717789e-01 3.552769e+01
1.115000e+02 8.696815e-01 3.612944e+01
1.120000e+02 8.638698e-01 3.753790e+01
1.125000e+02 8.566131e-01 3.928419e+01
1.130000e+02 8.476121e-01 4.144341e+01
1.135000e+02 8.363302e-01 4.414527e+01
1.140000e+02 8.217676e-01 4.762624e+01
1.145000e+02 8.026710e-01 5.218580e+01
1.150000e+02 7.739040e-01 5.899711e+01
1.155000e+02 7.405516e-01 6.701421e+01
1.160000e+02 6.880387e-01 7.956615e+01
1.165000e+02 6.089414e-01 9.852033e+01
1.170000e+02 4.870800e-01 1.278955e+02
1.175000e+02 3.052730e-01 1.723408e+02
1.180000e+02 9.301649e-02 2.264492e+02
1.185000e+02 1.341135e-03 2.547343e+02
1.190000e+02 1.354815e-03 2.547023e+02
1.195000e+02 9.467865e-02 2.260061e+02
1.200000e+02 3.088881e-01 1.715250e+02
1.205000e+02 4.899492e-01 1.273522e+02
1.210000e+02 6.098873e-01 9.850387e+01
1.215000e+02 6.871510e-01 8.003974e+01
1.220000e+02 7.378621e-01 6.796294e+01
1.225000e+02 7.721267e-01 5.982318e+01
1.230000e+02 7.958674e-01 5.419273e+01
1.235000e+02 8.123739e-01 5.027365e+01
1.240000e+02 8.163694e-01 4.913193e+01
1.245000e+02 8.339085e-01 4.519287e+01
1.250000e+02 8.410543e-01 4.352226e+01
1.255000e+02 8.413400e-01 4.334349e+01
1.260000e+02 8.512629e-01 4.116195e+01
1.265000e+02 8.551011e-01 4.029071e+01
1.270000e+02 8.579204e-01 3.965164e+01
1.275000e+02 8.599575e-01 3.919316e+01
1.280000e+02 8.611666e-01 3.892130e+01
1.285000e+02 8.623349e-01 3.866771e+01
1.290000e+02 8.637355e-01 3.837512e+01
1.295000e+02 8.644246e-01 3.823886e+01
1.300000e+02 8.648936e-01 3.815425e+01
1.305000e+02 8.651551e-01 3.811845e+01
1.310000e+02 8.649044e-01 3.819700e+01
1.315000e+02 8.652471e-01 3.814976e+01
1.320000e+02 8.651113e-01 3.820865e+01
1.325000e+02 8.647922e-01 3.830906e+01
1.330000e+02 8.645349e-01 3.839914e+01
1.335000e+02 8.642046e-01 3.850648e+01
1.340000e+02 8.636709e-01 3.866057e+01
1.345000e+02 8.630853e-01 3.882793e+01
1.350000e+02 8.626044e-01 3.897105e+01
1.355000e+02 8.619487e-01 3.915529e+01
1.360000e+02 8.611859e-01 3.936479e+01
1.365000e+02 8.601928e-01 3.962603e+01
1.370000e+02 8.586055e-01 4.001750e+01
1.375000e+02 8.583351e-01 4.013746e+01
1.380000e+02 8.571565e-01 4.045259e+01
1.385000e+02 8.560028e-01 4.075664e+01
1.390000e+02 8.553618e-01 4.093794e+01
1.395000e+02 8.549007e-01 4.107356e+01
1.400000e+02 8.540628e-01 4.129475e+01
1.405000e+02 8.534137e-01 4.147745e+01
1.410000e+02 8.523609e-01 4.175419e+01
1.415000e+02 8.508985e-01 4.212284e+01
1.420000e+02 8.448346e-01 4.346191e+01
1.425000e+02 8.465873e-01 4.317515e+01
1.430000e+02 8.464491e-01 4.330000e+01
1.435000e+02 8.447537e-01 4.374440e+01
1.440000e+02 8.437554e-01 4.401247e+01
1.445000e+02 8.432966e-01 4.413768e+01
1.450000e+02 8.385602e-01 4.517344e+01
1.455000e+02 8.427088e-01 4.432778e+01
1.460000e+02 8.421070e-01 4.450170e+01
1.465000e+02 8.412685e-01 4.473123e+01
1.470000e+02 8.402581e-01 4.500161e+01
1.475000e+02 8.391440e-01 4.529732e+01
1.480000e+02 8.379098e-01 4.562106e+01
1.485000e+02 8.361414e-01 4.605857e+01
1.490000e+02 8.348714e-01 4.639540e+01
1.495000e+02 8.339503e-01 4.666329e+01
1.500000e+02 8.323940e-01 4.706706e+01
1.505000e+02 8.303390e-01 4.757481e+01
1.510000e+02 8.288349e-01 4.797309e+01
1.515000e+02 8.278617e-01 4.826056e+01
1.520000e+02 8.266827e-01 4.858122e+01
1.525000e+02 8.255508e-01 4.888668e+01
1.530000e+02 8.242100e-01 4.924038e+01
1.535000e+02 8.225633e-01 4.966221e+01
1.540000e+02 8.148589e-01 5.139359e+01
1.545000e+02 8.195139e-01 5.046648e+01
1.550000e+02 8.181072e-01 5.084904e+01
1.555000e+02 8.164552e-01 5.128524e+01
1.560000e+02 8.145122e-01 5.178564e+01
1.565000e+02 8.127911e-01 5.224308e+01
1.570000e+02 8.110535e-01 5.270385e+01
1.575000e+02 8.091392e-01 5.320617e+01
1.580000e+02 8.071493e-01 5.372781e+01
1.585000e+02 8.049883e-01 5.428965e+01
1.590000e+02 8.029213e-01 5.483393e+01
1.595000e+02 8.006620e-01 5.542376e+01
1.600000e+02 7.983404e-01 5.603072e+01
1.605000e+02 7.959285e-01 5.666086e+01
1.610000e+02 7.934216e-01 5.731515e+01
1.615000e+02 7.908052e-01 5.799771e+01
1.620000e+02 7.880505e-01 5.871555e+01
1.625000e+02 7.851513e-01 5.947031e+01
1.630000e+02 7.820896e-01 6.026624e+01
1.635000e+02 7.788441e-01 6.110848e+01
1.640000e+02 7.753521e-01 6.201082e+01
1.645000e+02 7.712949e-01 6.303955e+01
1.650000e+02 7.588929e-01 6.587449e+01
1.655000e+02 7.609102e-01 6.560078e+01
1.660000e+02 7.553350e-01 6.698292e+01
1.665000e+02 7.546964e-01 6.735296e+01
1.670000e+02 7.502174e-01 6.853609e+01
1.675000e+02 7.436153e-01 7.018594e+01
1.680000e+02 7.394692e-01 7.133099e+01
1.685000e+02 7.334956e-01 7.288674e+01
1.690000e+02 7.265701e-01 7.466981e+01
1.695000e+02 7.197485e-01 7.645235e+01
1.700000e+02 7.118527e-01 7.849544e+01
1.705000e+02 7.033957e-01 8.069064e+01
1.710000e+02 6.939602e-01 8.313394e+01
1.715000e+02 6.834291e-01 8.585517e+01
1.720000e+02 6.720863e-01 8.880071e+01
1.725000e+02 6.592870e-01 9.211567e+01
1.730000e+02 6.449482e-01 9.582698e+01
1.735000e+02 6.261041e-01 1.005993e+02
1.740000e+02 6.109125e-01 1.046457e+02
1.745000e+02 5.905242e-01 1.099296e+02
1.750000e+02 5.669832e-01 1.160115e+02
1.755000e+02 5.379303e-01 1.234200e+02
1.760000e+02 5.105675e-01 1.306368e+02
1.765000e+02 4.775878e-01 1.392701e+02
1.770000e+02 4.392632e-01 1.492733e+02
1.775000e+02 3.955541e-01 1.606966e+02
1.780000e+02 3.462500e-01 1.736159e+02
1.785000e+02 2.914912e-01 1.880187e+02
1.790000e+02 2.323295e-01 2.036682e+02
1.795000e+02 1.710175e-01 2.200158e+02
1.800000e+02 1.117028e-01 2.360212e+02
1.805000e+02 6.114573e-02 2.499596e+02
1.810000e+02 2.527944e-02 2.602214e+02
1.815000e+02 6.776542e-03 2.659590e+02
1.820000e+02 9.593809e-04 2.681872e+02
1.825000e+02 6.340553e-05 2.688445e+02
1.830000e+02 3.375940e-06 2.690508e+02
1.835000e+02 2.314984e-06 2.690631e+02
1.840000e+02 3.743059e-05 2.688936e+02
1.845000e+02 6.020162e-04 2.683743e+02
1.850000e+02 4.692091e-03 2.666724e+02
1.855000e+02 1.875450e-02 2.621619e+02
1.860000e+02 4.769902e-02 2.537407e+02
1.865000e+02 9.038360e-02 2.418593e+02
1.870000e+02 1.416862e-01 2.279145e+02
1.875000e+02 1.960895e-01 2.133374e+02
1.880000e+02 2.494606e-01 1.991675e+02
1.885000e+02 2.994526e-01 1.859813e+02
1.890000e+02 3.448532e-01 1.740591e+02
1.895000e+02 3.854294e-01 1.634422e+02
1.900000e+02 4.212589e-01 1.540914e+02
1.905000e+02 4.526469e-01 1.459136e+02
1.910000e+02 4.802360e-01 1.387437e+02
1.915000e+02 5.042583e-01 1.325065e+02
1.920000e+02 5.251688e-01 1.270825e+02
1.925000e+02 5.433037e-01 1.223811e+02
1.930000e+02 5.587384e-01 1.183682e+02
1.935000e+02 5.713988e-01 1.150401e+02
1.940000e+02 5.844775e-01 1.116968e+02
1.945000e+02 5.960254e-01 1.087198e+02
1.950000e+02 6.055410e-01 1.062148e+02
1.955000e+02 5.973316e-01 1.075283e+02
1.960000e+02 6.231143e-01 1.016926e+02
1.965000e+02 6.314144e-01 9.961423e+01
1.970000e+02 6.379349e-01 9.794795e+01
1.975000e+02 6.434861e-01 9.652208e+01
1.980000e+02 6.482593e-01 9.529457e+01
1.985000e+02 6.526490e-01 9.417224e+01
1.990000e+02 6.561589e-01 9.326535e+01
1.995000e+02 6.585411e-01 9.262352e+01
2.000000e+02 6.615842e-01 9.187035e+01
2.005000e+02 6.629413e-01 9.149921e+01
2.010000e+02 6.612973e-01 9.178792e+01
2.015000e+02 6.644436e-01 9.111834e+01
2.020000e+02 6.641052e-01 9.122841e+01
2.025000e+02 6.617770e-01 9.181104e+01
2.030000e+02 6.582411e-01 9.265625e+01
2.035000e+02 6.571204e-01 9.287984e+01
2.040000e+02 6.631794e-01 9.143516e+01
2.045000e+02 6.692709e-01 8.992859e+01
2.050000e+02 6.738539e-01 8.877565e+01
2.055000e+02 6.770019e-01 8.797643e+01
2.060000e+02 6.784311e-01 8.757841e+01
2.065000e+02 6.804453e-01 8.709461e+01
2.070000e+02 6.818854e-01 8.674285e+01
2.075000e+02 6.824701e-01 8.658757e+01
2.080000e+02 6.831307e-01 8.641488e+01
2.085000e+02 6.783421e-01 8.739170e+01
2.090000e+02 6.831445e-01 8.637440e+01
2.095000e+02 6.842808e-01 8.613993e+01
2.100000e+02 6.846922e-01 8.605444e+01
2.105000e+02 6.835877e-01 8.628962e+01
2.110000e+02 6.837277e-01 8.626113e+01
2.115000e+02 6.849885e-01 8.600740e+01
2.120000e+02 6.850035e-01 8.601724e+01
2.125000e+02 6.848351e-01 8.606924e+01
2.130000e+02 6.845603e-01 8.614686e+01
2.135000e+02 6.842046e-01 8.624411e+01
2.140000e+02 6.837303e-01 8.636863e+01
2.145000e+02 6.827503e-01 8.659938e+01
2.150000e+02 6.670433e-01 8.999014e+01
2.155000e+02 6.819336e-01 8.683345e+01
2.160000e+02 6.815753e-01 8.694573e+01
2.165000e+02 6.813365e-01 8.702773e+01
2.170000e+02 6.807578e-01 8.718582e+01
2.175000e+02 6.798983e-01 8.740753e+01
2.180000e+02 6.793600e-01 8.755734e+01
2.185000e+02 6.787154e-01 8.773391e+01
2.190000e+02 6.779780e-01 8.793179e+01
2.195000e+02 6.771846e-01 8.814303e+01
2.200000e+02 6.763152e-01 8.837253e+01
2.205000e+02 6.754968e-01 8.859260e+01
2.210000e+02 6.745732e-01 8.883758e+01
2.215000e+02 6.735782e-01 8.910050e+01
2.220000e+02 6.725094e-01 8.938281e+01
2.225000e+02 6.712931e-01 8.970133e+01
2.230000e+02 6.699325e-01 9.005765e+01
2.235000e+02 6.683013e-01 9.048185e+01
2.240000e+02 6.662474e-01 9.101186e+01
2.245000e+02 6.635497e-01 9.170148e+01
2.250000e+02 6.597960e-01 9.264184e+01
2.255000e+02 6.550953e-01 9.378326e+01
2.260000e+02 6.444658e-01 9.610160e+01
2.265000e+02 6.536606e-01 9.415343e+01
2.270000e+02 6.567947e-01 9.344568e+01
2.275000e+02 6.583288e-01 9.308698e+01
2.280000e+02 6.588806e-01 9.296237e+01
2.285000e+02 6.588275e-01 9.298632e+01
2.290000e+02 6.583176e-01 9.312059e+01
2.295000e+02 6.552666e-01 9.380212e+01
2.300000e+02 6.565158e-01 9.358017e+01
2.305000e+02 6.549296e-01 9.395941e+01
2.310000e+02 6.513965e-01 9.474364e+01
2.315000e+02 6.486365e-01 9.537648e+01
2.320000e+02 6.517336e-01 9.480889e+01
2.325000e+02 6.505083e-01 9.513736e+01
2.330000e+02 6.481447e-01 9.571591e+01
2.335000e+02 6.428635e-01 9.691457e+01
2.340000e+02 6.259944e-01 1.004333e+02
2.345000e+02 6.418043e-01 9.724673e+01
2.350000e+02 6.434000e-01 9.693183e+01
2.355000e+02 6.365542e-01 9.838419e+01
2.360000e+02 6.386005e-01 9.801454e+01
2.365000e+02 6.408100e-01 9.762296e+01
2.370000e+02 6.281089e-01 1.003273e+02
2.375000e+02 6.366841e-01 9.861196e+01
2.380000e+02 6.378865e-01 9.844582e+01
2.385000e+02 6.348583e-01 9.916187e+01
2.390000e+02 6.135029e-01 1.037296e+02
2.395000e+02 6.294503e-01 1.004768e+02
2.400000e+02 6.282528e-01 1.008549e+02
2.405000e+02 6.269598e-01 1.012691e+02
2.410000e+02 6.240697e-01 1.020242e+02
2.415000e+02 6.203899e-01 1.029211e+02
2.420000e+02 6.169029e-01 1.036847e+02
2.425000e+02 6.125489e-01 1.045623e+02
2.430000e+02 6.203515e-01 1.029176e+02
2.435000e+02 5.828425e-01 1.109067e+02
2.440000e+02 6.203725e-01 1.029272e+02
2.445000e+02 6.223066e-01 1.025619e+02
2.450000e+02 6.223014e-01 1.026102e+02
2.455000e+02 6.215858e-01 1.028115e+02
2.460000e+02 6.205858e-01 1.030768e+02
2.465000e+02 6.182930e-01 1.036304e+02
2.470000e+02 6.179992e-01 1.037393e+02
2.475000e+02 6.153747e-01 1.043479e+02
2.480000e+02 6.065923e-01 1.062322e+02
2.485000e+02 6.106810e-01 1.054552e+02
2.490000e+02 6.116309e-01 1.053345e+02
2.495000e+02 6.062589e-01 1.065115e+02
2.500000e+02 5.586335e-01 1.167500e+02
2.505000e+02 6.060286e-01 1.067267e+02
2.510000e+02 6.043930e-01 1.071411e+02
2.515000e+02 6.038694e-01 1.073321e+02
2.520000e+02 6.041302e-01 1.073611e+02
2.525000e+02 6.030014e-01 1.076782e+02
2.530000e+02 6.016189e-01 1.080584e+02
2.535000e+02 5.995890e-01 1.085918e+02
2.540000e+02 5.970072e-01 1.092600e+02
2.545000e+02 5.938219e-01 1.100709e+02
2.550000e+02 5.909590e-01 1.107862e+02
2.555000e+02 5.909214e-01 1.108298e+02
2.560000e+02 5.916250e-01 1.106755e+02
2.565000e+02 5.917055e-01 1.106658e+02
2.570000e+02 5.912319e-01 1.107942e+02
2.575000e+02 5.901573e-01 1.110679e+02
2.580000e+02 5.877855e-01 1.116204e+02
2.585000e+02 5.820069e-01 1.128701e+02
2.590000e+02 5.833985e-01 1.126405e+02
2.595000e+02 5.854640e-01 1.122836e+02
2.600000e+02 5.847405e-01 1.125010e+02
2.605000e+02 5.836291e-01 1.128017e+02
2.610000e+02 5.823156e-01 1.131474e+02
2.615000e+02 5.809463e-01 1.135079e+02
2.620000e+02 5.793555e-01 1.139175e+02
2.625000e+02 5.771873e-01 1.144502e+02
2.630000e+02 5.732890e-01 1.153465e+02
2.635000e+02 5.676440e-01 1.166043e+02
2.640000e+02 5.686746e-01 1.164957e+02
2.645000e+02 5.694384e-01 1.164573e+02
2.650000e+02 5.634564e-01 1.178453e+02
2.655000e+02 5.641439e-01 1.178388e+02
2.660000e+02 5.610830e-01 1.186024e+02
2.665000e+02 5.599400e-01 1.189016e+02
2.670000e+02 5.577185e-01 1.193642e+02
2.675000e+02 5.573393e-01 1.194471e+02
2.680000e+02 5.606768e-01 1.187850e+02
2.685000e+02 5.603893e-01 1.188854e+02
2.690000e+02 5.597098e-01 1.190777e+02
2.695000e+02 5.587163e-01 1.193436e+02
2.700000e+02 5.575647e-01 1.196478e+02
2.705000e+02 5.562363e-01 1.199934e+02
2.710000e+02 5.546844e-01 1.203886e+02
2.715000e+02 5.534641e-01 1.207168e+02
2.720000e+02 5.516798e-01 1.211671e+02
2.725000e+02 5.495212e-01 1.216946e+02
2.730000e+02 5.204427e-01 1.279288e+02
2.735000e+02 5.460513e-01 1.225653e+02
2.740000e+02 5.451018e-01 1.228370e+02
2.745000e+02 5.161181e-01 1.291708e+02
2.750000e+02 5.423860e-01 1.235599e+02
2.755000e+02 5.409544e-01 1.239441e+02
2.760000e+02 5.379516e-01 1.246474e+02
2.765000e+02 5.349127e-01 1.253479e+02
2.770000e+02 5.311162e-01 1.262388e+02
2.775000e+02 5.355517e-01 1.253765e+02
2.780000e+02 5.346073e-01 1.256463e+02
2.785000e+02 5.327153e-01 1.261219e+02
2.790000e+02 5.316995e-01 1.264038e+02
2.795000e+02 5.161600e-01 1.298585e+02
2.800000e+02 5.278828e-01 1.273593e+02
2.805000e+02 5.275493e-01 1.275099e+02
2.810000e+02 5.243055e-01 1.282971e+02
2.815000e+02 5.241261e-01 1.283925e+02
2.820000e+02 5.226818e-01 1.287778e+02
2.825000e+02 5.208973e-01 1.292355e+02
2.830000e+02 5.182671e-01 1.298732e+02
2.835000e+02 5.178257e-01 1.300509e+02
2.840000e+02 5.164340e-01 1.304184e+02
2.845000e+02 5.148671e-01 1.308220e+02
2.850000e+02 5.131191e-01 1.312662e+02
2.855000e+02 5.104897e-01 1.318929e+02
2.860000e+02 4.907928e-01 1.360699e+02
2.865000e+02 5.031617e-01 1.335722e+02
2.870000e+02 5.061980e-01 1.330413e+02
2.875000e+02 5.051754e-01 1.333410e+02
2.880000e+02 5.034296e-01 1.337904e+02
2.885000e+02 5.002770e-01 1.345270e+02
2.890000e+02 4.545844e-01 1.443512e+02
2.895000e+02 4.975497e-01 1.352744e+02
2.900000e+02 4.969137e-01 1.355023e+02
2.905000e+02 4.954949e-01 1.358882e+02
2.910000e+02 4.902531e-01 1.370982e+02
2.915000e+02 4.920861e-01 1.367811e+02
2.920000e+02 4.903797e-01 1.372290e+02
2.925000e+02 4.881349e-01 1.377899e+02
2.930000e+02 4.818869e-01 1.391733e+02
2.935000e+02 4.784568e-01 1.400068e+02
2.940000e+02 4.828354e-01 1.391791e+02
2.945000e+02 4.814222e-01 1.395724e+02
2.950000e+02 4.796604e-01 1.400381e+02
2.955000e+02 4.777340e-01 1.405402e+02
2.960000e+02 4.757910e-01 1.410468e+02
2.965000e+02 4.737582e-01 1.415752e+02
2.970000e+02 4.714557e-01 1.421640e+02
2.975000e+02 4.689283e-01 1.428063e+02
2.980000e+02 4.652503e-01 1.436952e+02
2.985000e+02 4.544962e-01 1.460216e+02
2.990000e+02 4.612492e-01 1.447469e+02
2.995000e+02 4.590995e-01 1.453089e+02
3.000000e+02 4.582744e-01 1.455726e+02
3.005000e+02 4.541225e-01 1.465514e+02
3.010000e+02 4.509935e-01 1.473241e+02
3.015000e+02 4.417645e-01 1.493321e+02
3.020000e+02 4.382337e-01 1.501966e+02
3.025000e+02 4.452300e-01 1.488857e+02
3.030000e+02 4.381213e-01 1.504780e+02
3.035000e+02 4.402232e-01 1.501800e+02
3.040000e+02 4.394583e-01 1.504890e+02
3.045000e+02 4.364315e-01 1.512676e+02
3.050000e+02 4.329939e-01 1.521358e+02
3.055000e+02 4.315477e-01 1.525792e+02
3.060000e+02 4.290075e-01 1.532524e+02
3.065000e+02 4.261606e-01 1.539993e+02
3.070000e+02 4.230183e-01 1.548191e+02
3.075000e+02 4.195163e-01 1.557259e+02
3.080000e+02 4.160424e-01 1.566373e+02
3.085000e+02 4.119492e-01 1.576940e+02
3.090000e+02 4.077759e-01 1.587844e+02
3.095000e+02 4.029018e-01 1.600432e+02
3.100000e+02 3.938689e-01 1.621960e+02
3.105000e+02 3.922134e-01 1.627940e+02
3.110000e+02 3.880817e-01 1.638959e+02
3.115000e+02 3.837151e-01 1.650479e+02
3.120000e+02 3.785012e-01 1.664107e+02
3.125000e+02 3.722106e-01 1.680457e+02
3.130000e+02 3.648381e-01 1.699559e+02
3.135000e+02 3.566399e-01 1.720673e+02
3.140000e+02 3.491104e-01 1.740219e+02
3.145000e+02 3.426904e-01 1.757258e+02
3.150000e+02 3.347392e-01 1.777980e+02
3.155000e+02 3.243422e-01 1.804510e+02
3.160000e+02 3.072180e-01 1.845813e+02
3.165000e+02 2.964801e-01 1.874835e+02
3.170000e+02 2.868006e-01 1.902704e+02
3.175000e+02 2.719853e-01 1.942039e+02
3.180000e+02 2.546547e-01 1.987796e+02
3.185000e+02 2.340592e-01 2.042028e+02
3.190000e+02 2.098245e-01 2.105948e+02
3.195000e+02 1.811484e-01 2.181697e+02
3.200000e+02 1.218550e-01 2.327808e+02
3.205000e+02 1.131618e-01 2.363077e+02
3.210000e+02 8.323935e-02 2.443571e+02
3.215000e+02 6.263412e-02 2.500377e+02
3.220000e+02 4.176861e-02 2.558604e+02
3.225000e+02 2.195041e-02 2.615456e+02
3.230000e+02 8.050791e-03 2.657782e+02
3.235000e+02 1.690526e-03 2.680178e+02
3.240000e+02 1.562739e-04 2.688531e+02
3.245000e+02 5.916642e-06 2.691505e+02
3.250000e+02 3.060064e-07 2.692583e+02
3.255000e+02 9.239722e-07 2.692249e+02
3.260000e+02 2.844290e-05 2.690432e+02
3.265000e+02 4.979065e-04 2.685847e+02
3.270000e+02 3.428736e-03 2.673018e+02
3.275000e+02 1.310890e-02 2.641744e+02
3.280000e+02 3.061456e-02 2.590095e+02
3.285000e+02 5.472289e-02 2.522348e+02
3.290000e+02 8.184861e-02 2.447846e+02
3.295000e+02 1.092815e-01 2.373575e+02
3.300000e+02 1.352351e-01 2.303969e+02
3.305000e+02 1.587874e-01 2.241207e+02
3.310000e+02 1.795859e-01 2.186021e+02
3.315000e+02 1.976197e-01 2.138298e+02
3.320000e+02 2.128525e-01 2.097922e+02
3.325000e+02 2.227417e-01 2.069876e+02
3.330000e+02 2.326980e-01 2.043027e+02
3.335000e+02 2.468376e-01 2.008590e+02
3.340000e+02 2.549890e-01 1.987436e+02
3.345000e+02 2.613564e-01 1.970800e+02
3.350000e+02 2.658585e-01 1.958695e+02
3.355000e+02 2.700707e-01 1.947511e+02
3.360000e+02 2.753421e-01 1.934217e+02
3.365000e+02 2.797650e-01 1.922844e+02
3.370000e+02 2.833875e-01 1.913456e+02
3.375000e+02 2.861949e-01 1.906139e+02
3.380000e+02 2.884417e-01 1.900333e+02
3.385000e+02 2.900396e-01 1.896172e+02
3.390000e+02 2.912135e-01 1.893139e+02
3.395000e+02 2.919975e-01 1.891125e+02
3.400000e+02 2.924205e-01 1.890041e+02
3.405000e+02 2.925428e-01 1.889742e+02
3.410000e+02 2.924002e-01 1.890135e+02
3.415000e+02 2.920125e-01 1.891163e+02
3.420000e+02 2.913433e-01 1.892893e+02
3.425000e+02 2.904243e-01 1.895248e+02
3.430000e+02 2.883215e-01 1.900124e+02
3.435000e+02 2.828631e-01 1.912705e+02
3.440000e+02 2.868158e-01 1.904663e+02
3.445000e+02 2.852520e-01 1.908747e+02
3.450000e+02 2.819372e-01 1.916490e+02
3.455000e+02 2.816371e-01 1.918087e+02
3.460000e+02 2.799392e-01 1.922592e+02
3.465000e+02 2.783507e-01 1.926966e+02
3.470000e+02 2.763537e-01 1.932243e+02
3.475000e+02 2.741744e-01 1.937973e+02
3.480000e+02 2.718072e-01 1.944168e+02
3.485000e+02 2.693416e-01 1.950634e+02
3.490000e+02 2.666275e-01 1.957702e+02
3.495000e+02 2.637845e-01 1.965078e+02
3.500000e+02 2.608625e-01 1.972709e+02
3.505000e+02 2.576738e-01 1.980982e+02
3.510000e+02 2.538694e-01 1.990613e+02
3.515000e+02 2.483058e-01 2.003796e+02
3.520000e+02 2.441668e-01 2.014184e+02
3.525000e+02 2.357990e-01 2.033295e+02
3.530000e+02 2.382498e-01 2.030199e+02
3.535000e+02 2.373685e-01 2.034080e+02
3.540000e+02 2.339825e-01 2.043175e+02
3.545000e+02 2.298529e-01 2.053889e+02
3.550000e+02 2.096380e-01 2.099336e+02
3.555000e+02 2.215223e-01 2.075773e+02
3.560000e+02 2.173063e-01 2.086972e+02
3.565000e+02 2.127163e-01 2.099030e+02
3.570000e+02 2.079843e-01 2.111454e+02
3.575000e+02 1.990336e-01 2.132673e+02
3.580000e+02 1.957646e-01 2.142296e+02
3.585000e+02 1.900027e-01 2.157155e+02
3.590000e+02 1.790899e-01 2.182746e+02
3.595000e+02 1.787958e-01 2.186719e+02
3.600000e+02 1.754108e-01 2.197122e+02
3.605000e+02 1.701207e-01 2.211577e+02
3.610000e+02 1.639198e-01 2.228046e+02
3.615000e+02 1.568358e-01 2.246480e+02
3.620000e+02 1.505165e-01 2.263515e+02
3.625000e+02 1.436254e-01 2.281898e+02
3.630000e+02 1.361677e-01 2.301617e+02
3.635000e+02 1.223723e-01 2.335011e+02
3.640000e+02 1.199541e-01 2.344261e+02
3.645000e+02 9.613809e-02 2.398860e+02
3.650000e+02 1.038928e-01 2.387459e+02
3.655000e+02 9.542867e-02 2.410321e+02
3.660000e+02 8.599442e-02 2.435468e+02
3.665000e+02 7.522952e-02 2.463745e+02
3.670000e+02 6.318123e-02 2.495288e+02
3.675000e+02 4.853578e-02 2.533216e+02
3.680000e+02 2.678215e-02 2.587023e+02
3.685000e+02 1.556083e-04 2.648740e+02
3.690000e+02 1.952751e-02 2.611343e+02
3.695000e+02 2.588179e-02 2.600402e+02
3.700000e+02 2.435481e-02 2.607384e+02
3.705000e+02 2.029582e-02 2.620328e+02
3.710000e+02 1.415526e-02 2.637823e+02
3.715000e+02 1.144026e-02 2.647867e+02
3.720000e+02 7.783363e-03 2.659642e+02
3.725000e+02 4.876698e-03 2.669438e+02
3.730000e+02 2.758345e-03 2.677121e+02
3.735000e+02 1.378404e-03 2.682778e+02
3.740000e+02 5.822834e-04 2.686760e+02
3.745000e+02 1.969686e-04 2.689489e+02
3.750000e+02 4.851850e-05 2.691411e+02
3.755000e+02 8.118335e-06 2.692877e+02
3.760000e+02 7.389667e-07 2.694109e+02
3.765000e+02 2.831659e-08 2.695196e+02
3.770000e+02 2.925194e-10 2.696163e+02
3.775000e+02 3.987526e-13 2.697009e+02
3.780000e+02 2.149155e-17 2.697726e+02
3.785000e+02 7.059560e-24 2.698305e+02
3.790000e+02 1.221056e-33 2.698738e+02
3.795000e+02 3.975684e-47 2.699019e+02
3.800000e+02 3.915454e-60 2.699147e+02
3.805000e+02 7.030453e-57 2.699119e+02
3.810000e+02 1.724301e-42 2.698938e+02
3.815000e+02 3.861118e-30 2.698607e+02
3.820000e+02 1.266639e-21 2.698134e+02
3.825000e+02 5.087777e-16 2.697528e+02
3.830000e+02 2.640859e-12 2.696798e+02
3.835000e+02 8.885067e-10 2.695957e+02
3.840000e+02 5.238275e-08 2.695015e+02
3.845000e+02 9.891493e-07 2.693977e+02
3.850000e+02 8.682956e-06 2.692824e+02
3.855000e+02 4.493287e-05 2.691488e+02
3.860000e+02 1.617080e-04 2.689815e+02
3.865000e+02 4.482086e-04 2.687568e+02
3.870000e+02 9.990371e-04 2.684506e+02
3.875000e+02 1.938206e-03 2.680358e+02
3.880000e+02 3.335331e-03 2.675001e+02
3.885000e+02 5.142160e-03 2.668601e+02
3.890000e+02 7.261712e-03 2.661476e+02
3.895000e+02 9.491271e-03 2.654195e+02
3.900000e+02 1.162907e-02 2.647216e+02
3.905000e+02 1.398679e-02 2.639534e+02
3.910000e+02 1.785830e-02 2.627991e+02
3.915000e+02 2.294736e-02 2.613267e+02
3.920000e+02 2.838830e-02 2.597620e+02
3.925000e+02 3.302017e-02 2.583739e+02
3.930000e+02 3.898367e-02 2.567351e+02
3.935000e+02 4.439961e-02 2.552320e+02
3.940000e+02 4.942872e-02 2.538297e+02
3.945000e+02 5.423107e-02 2.524950e+02
3.950000e+02 5.830332e-02 2.513324e+02
3.955000e+02 6.317752e-02 2.500214e+02
3.960000e+02 6.728920e-02 2.488877e+02
3.965000e+02 6.683103e-02 2.487416e+02
3.970000e+02 7.258138e-02 2.472951e+02
3.975000e+02 7.845406e-02 2.458356e+02
3.980000e+02 8.177291e-02 2.449352e+02
3.985000e+02 8.481303e-02 2.441081e+02
3.990000e+02 8.756824e-02 2.433554e+02
3.995000e+02 8.990585e-02 2.427042e+02
4.000000e+02 8.853035e-02 2.428375e+02
4.005000e+02 9.381787e-02 2.416055e+02
4.010000e+02 9.388713e-02 2.414715e+02
4.015000e+02 9.373281e-02 2.413937e+02
4.020000e+02 9.426543e-02 2.411705e+02
4.025000e+02 9.173824e-02 2.415850e+02
4.030000e+02 1.021567e-01 2.393432e+02
4.035000e+02 1.040185e-01 2.388734e+02
4.040000e+02 1.050581e-01 2.385843e+02
4.045000e+02 1.066777e-01 2.381888e+02
4.050000e+02 1.076384e-01 2.379376e+02
4.055000e+02 1.083739e-01 2.377414e+02
4.060000e+02 1.089487e-01 2.375867e+02
4.065000e+02 1.093910e-01 2.374669e+02
4.070000e+02 1.096642e-01 2.373893e+02
4.075000e+02 1.097233e-01 2.373624e+02
4.080000e+02 1.086813e-01 2.375648e+02
4.085000e+02 1.076296e-01 2.377777e+02
4.090000e+02 1.095321e-01 2.373983e+02
4.095000e+02 1.095827e-01 2.373987e+02
4.100000e+02 1.093082e-01 2.374722e+02
4.105000e+02 1.088602e-01 2.375877e+02
4.110000e+02 1.083390e-01 2.377235e+02
4.115000e+02 1.075861e-01 2.379137e+02
4.120000e+02 1.064805e-01 2.381822e+02
4.125000e+02 1.054598e-01 2.384364e+02
4.130000e+02 9.870298e-02 2.399348e+02
4.135000e+02 1.036590e-01 2.389104e+02
4.140000e+02 1.004377e-01 2.396239e+02
4.145000e+02 9.914472e-02 2.399555e+02
4.150000e+02 1.001727e-01 2.398259e+02
4.155000e+02 9.898111e-02 2.401506e+02
4.160000e+02 9.746172e-02 2.405489e+02
4.165000e+02 9.569044e-02 2.410068e+02
4.170000e+02 9.376868e-02 2.415032e+02
4.175000e+02 9.161800e-02 2.420563e+02
4.180000e+02 8.916974e-02 2.426816e+02
4.185000e+02 8.647511e-02 2.433699e+02
4.190000e+02 8.336213e-02 2.441601e+02
4.195000e+02 7.976983e-02 2.450689e+02
4.200000e+02 7.553048e-02 2.461364e+02
4.205000e+02 7.044895e-02 2.474095e+02
4.210000e+02 6.430977e-02 2.489467e+02
4.215000e+02 5.683400e-02 2.508290e+02
4.220000e+02 4.718390e-02 2.532623e+02
4.225000e+02 3.499240e-02 2.563769e+02
4.230000e+02 2.052289e-02 2.601954e+02
4.235000e+02 6.664499e-03 2.641766e+02
4.240000e+02 4.264180e-04 2.666963e+02
4.245000e+02 2.070910e-08 2.675723e+02
4.250000e+02 6.343359e-09 2.676135e+02
4.255000e+02 3.047340e-04 2.668834e+02
4.260000e+02 5.329064e-03 2.648262e+02
4.265000e+02 1.584776e-02 2.618154e+02
4.270000e+02 2.506633e-02 2.593981e+02
4.275000e+02 3.310036e-02 2.574629e+02
4.280000e+02 3.757786e-02 2.564231e+02
4.285000e+02 3.999923e-02 2.559086e+02
4.290000e+02 4.069291e-02 2.558209e+02
4.295000e+02 4.060855e-02 2.559459e+02
4.300000e+02 4.002897e-02 2.562061e+02
4.305000e+02 3.801935e-02 2.567897e+02
4.310000e+02 3.684550e-02 2.572295e+02
4.315000e+02 3.465621e-02 2.578971e+02
4.320000e+02 3.206675e-02 2.586669e+02
4.325000e+02 2.921895e-02 2.595090e+02
4.330000e+02 2.613179e-02 2.604196e+02
4.335000e+02 2.290291e-02 2.613780e+02
4.340000e+02 1.952666e-02 2.623869e+02
4.345000e+02 1.604149e-02 2.634391e+02
4.350000e+02 1.252983e-02 2.645180e+02
4.355000e+02 9.064094e-03 2.656084e+02
4.360000e+02 5.824619e-03 2.666690e+02
4.365000e+02 3.071073e-03 2.676320e+02
4.370000e+02 1.187661e-03 2.683800e+02
4.375000e+02 2.220051e-04 2.688580e+02
4.380000e+02 6.617151e-05 2.691056e+02
4.385000e+02 4.010798e-06 2.692998e+02
4.390000e+02 1.619812e-07 2.694101e+02
4.395000e+02 2.459493e-07 2.694094e+02
4.400000e+02 3.812851e-06 2.693230e+02
4.405000e+02 2.343445e-05 2.692216e+02
4.410000e+02 4.731041e-05 2.691635e+02
4.415000e+02 4.232889e-05 2.691718e+02
4.420000e+02 2.135232e-05 2.692325e+02
4.425000e+02 5.707798e-06 2.693193e+02
4.430000e+02 9.734244e-07 2.694009e+02
4.435000e+02 2.445421e-07 2.694611e+02
4.440000e+02 3.900832e-08 2.695214e+02
4.445000e+02 1.784462e-09 2.695928e+02
4.450000e+02 1.422316e-11 2.696683e+02
4.455000e+02 7.982158e-15 2.697405e+02
4.460000e+02 8.243312e-20 2.698044e+02
4.465000e+02 9.174804e-28 2.698567e+02
4.470000e+02 3.978443e-40 2.698951e+02
4.475000e+02 1.015917e-56 2.699181e+02
4.480000e+02 1.039388e-67 2.699249e+02
4.485000e+02 1.121535e-54 2.699154e+02
4.490000e+02 2.734276e-38 2.698899e+02
4.495000e+02 1.501328e-26 2.698495e+02
4.500000e+02 4.526192e-19 2.697956e+02
4.505000e+02 2.558297e-14 2.697301e+02
4.510000e+02 3.242831e-11 2.696550e+02
4.515000e+02 4.072446e-09 2.695723e+02
4.520000e+02 1.188168e-07 2.694839e+02
4.525000e+02 1.395417e-06 2.693907e+02
4.530000e+02 8.669962e-06 2.692921e+02
4.535000e+02 3.465872e-05 2.691853e+02
4.540000e+02 1.013711e-04 2.690650e+02
4.545000e+02 2.355670e-04 2.689252e+02
4.550000e+02 4.649565e-04 2.687601e+02
4.555000e+02 8.057244e-04 2.685669e+02
4.560000e+02 1.262498e-03 2.683461e+02
4.565000e+02 1.826987e-03 2.681011e+02
4.570000e+02 2.470135e-03 2.678398e+02
4.575000e+02 2.930135e-03 2.676182e+02
4.580000e+02 3.994052e-03 2.672767e+02
4.585000e+02 4.815369e-03 2.669906e+02
4.590000e+02 5.630116e-03 2.667129e+02
4.595000e+02 6.409025e-03 2.664508e+02
4.600000e+02 7.157975e-03 2.662041e+02
4.605000e+02 7.834375e-03 2.659825e+02
4.610000e+02 8.397297e-03 2.657947e+02
4.615000e+02 8.953202e-03 2.656202e+02
4.620000e+02 9.331056e-03 2.654939e+02
4.625000e+02 9.390474e-03 2.654458e+02
4.630000e+02 9.519518e-03 2.653969e+02
4.635000e+02 9.676162e-03 2.653569e+02
4.640000e+02 9.604329e-03 2.653769e+02
4.645000e+02 9.585461e-03 2.653976e+02
4.650000e+02 9.366551e-03 2.654637e+02
4.655000e+02 9.262284e-03 2.655082e+02
4.660000e+02 9.008458e-03 2.655946e+02
4.665000e+02 8.235332e-03 2.658079e+02
4.670000e+02 7.822537e-03 2.659751e+02
4.675000e+02 6.923268e-03 2.662713e+02
4.680000e+02 4.131266e-03 2.669953e+02
4.685000e+02 4.257048e-03 2.671480e+02
4.690000e+02 2.928310e-03 2.676454e+02
4.695000e+02 1.376202e-03 2.682218e+02
4.700000e+02 5.489475e-04 2.686479e+02
4.705000e+02 1.594318e-04 2.689314e+02
4.710000e+02 4.435744e-05 2.690480e+02
4.715000e+02 1.025067e-04 2.690261e+02
4.720000e+02 1.477499e-04 2.689984e+02
4.725000e+02 1.004304e-04 2.690586e+02
4.730000e+02 2.547266e-05 2.691916e+02
4.735000e+02 2.146075e-06 2.693410e+02
4.740000e+02 3.300539e-08 2.694704e+02
4.745000e+02 3.402431e-10 2.695419e+02
4.750000e+02 1.030564e-09 2.695274e+02
4.755000e+02 1.456636e-07 2.694300e+02
4.760000e+02 5.066406e-06 2.692767e+02
4.765000e+02 7.687237e-05 2.690817e+02
4.770000e+02 3.287983e-04 2.688382e+02
4.775000e+02 8.163401e-04 2.685492e+02
4.780000e+02 1.472224e-03 2.682420e+02
4.785000e+02 2.162977e-03 2.679524e+02
4.790000e+02 2.790590e-03 2.677040e+02
4.795000e+02 3.260891e-03 2.675154e+02
4.800000e+02 3.534454e-03 2.673908e+02
4.805000e+02 3.856810e-03 2.672729e+02
4.810000e+02 3.989225e-03 2.672123e+02
4.815000e+02 3.797252e-03 2.672335e+02
4.820000e+02 4.186768e-03 2.671485e+02
4.825000e+02 4.202217e-03 2.671489e+02
4.830000e+02 4.076096e-03 2.671888e+02
4.835000e+02 3.824477e-03 2.672673e+02
4.840000e+02 3.489582e-03 2.673768e+02
4.845000e+02 3.021305e-03 2.675296e+02
4.850000e+02 2.430043e-03 2.677269e+02
4.855000e+02 1.699864e-03 2.679777e+02
4.860000e+02 8.773113e-04 2.682798e+02
4.865000e+02 1.963685e-04 2.685875e+02
4.870000e+02 1.368950e-06 2.687960e+02
4.875000e+02 6.990259e-07 2.688963e+02
4.880000e+02 2.697764e-05 2.689475e+02
4.885000e+02 4.550721e-05 2.689740e+02
4.890000e+02 9.861582e-05 2.689304e+02
4.895000e+02 2.370443e-04 2.688167e+02
4.900000e+02 4.721676e-04 2.686709e+02
4.905000e+02 6.978246e-04 2.685412e+02
4.910000e+02 9.517410e-04 2.684202e+02
4.915000e+02 1.211428e-03 2.683104e+02
4.920000e+02 1.388524e-03 2.682333e+02
4.925000e+02 1.540751e-03 2.681773e+02
4.930000e+02 1.603683e-03 2.681534e+02
4.935000e+02 1.616313e-03 2.681500e+02
4.940000e+02 1.593513e-03 2.681613e+02
4.945000e+02 1.545502e-03 2.681830e+02
4.950000e+02 1.481206e-03 2.682117e+02
4.955000e+02 1.403994e-03 2.682457e+02
4.960000e+02 1.288927e-03 2.682896e+02
4.965000e+02 1.213007e-03 2.683266e+02
4.970000e+02 1.105304e-03 2.683714e+02
4.975000e+02 1.063428e-03 2.684035e+02
4.980000e+02 9.478284e-04 2.684513e+02
4.985000e+02 8.911780e-04 2.684870e+02
4.990000e+02 8.157546e-04 2.685270e+02
4.995000e+02 7.495518e-04 2.685654e+02
5.000000e+02 6.765528e-04 2.686055e+02
5.005000e+02 5.947312e-04 2.686478e+02
5.010000e+02 5.405508e-04 2.686851e+02
5.015000e+02 4.741844e-04 2.687261e+02
5.020000e+02 4.069361e-04 2.687694e+02
5.025000e+02 3.394560e-04 2.688170e+02
5.030000e+02 2.718895e-04 2.688711e+02
5.035000e+02 2.070738e-04 2.689244e+02
5.040000e+02 1.843328e-04 2.689487e+02
5.045000e+02 1.754625e-04 2.689581e+02
5.050000e+02 1.677501e-04 2.689662e+02
5.055000e+02 1.547704e-04 2.689791e+02
5.060000e+02 1.368917e-04 2.689987e+02
5.065000e+02 1.159417e-04 2.690230e+02
5.070000e+02 9.478762e-05 2.690500e+02
5.075000e+02 7.285682e-05 2.690795e+02
5.080000e+02 5.271587e-05 2.691104e+02
5.085000e+02 3.881777e-05 2.691401e+02
5.090000e+02 2.660805e-05 2.691660e+02
5.095000e+02 2.216554e-05 2.691826e+02
5.100000e+02 2.257168e-05 2.691911e+02
5.105000e+02 2.280397e-05 2.691971e+02
5.110000e+02 2.174204e-05 2.692047e+02
5.115000e+02 1.965966e-05 2.692146e+02
5.120000e+02 1.703540e-05 2.692267e+02
5.125000e+02 1.443376e-05 2.692400e+02
5.130000e+02 1.193016e-05 2.692542e+02
5.135000e+02 9.693242e-06 2.692689e+02
5.140000e+02 7.761275e-06 2.692838e+02
5.145000e+02 6.124461e-06 2.692988e+02
5.150000e+02 4.383155e-06 2.693138e+02
5.155000e+02 3.683494e-06 2.693287e+02
5.160000e+02 2.808915e-06 2.693435e+02
5.165000e+02 2.111969e-06 2.693583e+02
5.170000e+02 1.558544e-06 2.693729e+02
5.175000e+02 1.035824e-06 2.693873e+02
5.180000e+02 8.352186e-07 2.694016e+02
5.185000e+02 5.991654e-07 2.694157e+02
5.190000e+02 4.221164e-07 2.694298e+02
5.195000e+02 2.903950e-07 2.694439e+02
5.200000e+02 1.821483e-07 2.694577e+02
5.205000e+02 1.319575e-07 2.694712e+02
5.210000e+02 8.963595e-08 2.694844e+02
5.215000e+02 5.875127e-08 2.694974e+02
5.220000e+02 3.283930e-08 2.695105e+02
5.225000e+02 2.357367e-08 2.695234e+02
5.230000e+02 1.422140e-08 2.695362e+02
5.235000e+02 7.979431e-09 2.695489e+02
5.240000e+02 5.113717e-09 2.695614e+02
5.245000e+02 2.933972e-09 2.695739e+02
5.250000e+02 1.635185e-09 2.695861e+02
5.255000e+02 8.838943e-10 2.695983e+02
5.260000e+02 4.627497e-10 2.696103e+02
5.265000e+02 2.336394e-10 2.696221e+02
5.270000e+02 1.137707e-10 2.696338e+02
5.275000e+02 5.296019e-11 2.696454e+02
5.280000e+02 2.446955e-11 2.696568e+02
5.285000e+02 1.068744e-11 2.696680e+02
5.290000e+02 4.443890e-12 2.696791e+02
5.295000e+02 1.749029e-12 2.696900e+02
5.300000e+02 6.592463e-13 2.697008e+02
5.305000e+02 2.309850e-13 2.697114e+02
5.310000e+02 7.760261e-14 2.697218e+02
5.315000e+02 2.435914e-14 2.697321e+02
5.320000e+02 7.110965e-15 2.697422e+02
5.325000e+02 1.913340e-15 2.697521e+02
5.330000e+02 4.729989e-16 2.697618e+02
5.335000e+02 1.066940e-16 2.697714e+02
5.340000e+02 2.167318e-17 2.697808e+02
5.345000e+02 3.966158e-18 2.697900e+02
5.350000e+02 6.526636e-19 2.697991e+02
5.355000e+02 9.322346e-20 2.698079e+02
5.360000e+02 1.119435e-20 2.698166e+02
5.365000e+02 1.218776e-21 2.698251e+02
5.370000e+02 1.080289e-22 2.698335e+02
5.375000e+02 7.987281e-24 2.698416e+02
5.380000e+02 4.857370e-25 2.698495e+02
5.385000e+02 2.333296e-26 2.698572e+02
5.390000e+02 8.542636e-28 2.698647e+02
5.395000e+02 2.268114e-29 2.698720e+02
5.400000e+02 4.644575e-31 2.698792e+02
5.405000e+02 6.371558e-33 2.698861e+02
5.410000e+02 5.853313e-35 2.698929e+02
5.415000e+02 3.317289e-37 2.698994e+02
5.420000e+02 1.091706e-39 2.699058e+02
5.425000e+02 1.920965e-42 2.699120e+02
5.430000e+02 1.656871e-45 2.699180e+02
5.435000e+02 6.135545e-49 2.699238e+02
5.440000e+02 8.422393e-53 2.699294e+02
5.445000e+02 3.490414e-57 2.699348e+02
5.450000e+02 3.351729e-62 2.699400e+02
5.455000e+02 5.793990e-68 2.699451e+02
5.460000e+02 1.018949e-74 2.699500e+02
5.465000e+02 1.051539e-82 2.699546e+02
5.470000e+02 3.715159e-92 2.699590e+02
5.475000e+02 6.634218e-103 2.699630e+02
5.480000e+02 2.329771e-113 2.699665e+02
5.485000e+02 4.622516e-124 2.699697e+02
5.490000e+02 4.494347e-137 2.699727e+02
5.495000e+02 2.477388e-153 2.699756e+02
5.500000e+02 1.312843e-173 2.699785e+02
5.505000e+02 7.587507e-199 2.699812e+02
5.510000e+02 1.372253e-230 2.699837e+02
5.515000e+02 2.918759e-270 2.699861e+02
5.520000e+02 0.000000e+00 2.699882e+02
5.525000e+02 0.000000e+00 2.699902e+02
5.530000e+02 0.000000e+00 2.699919e+02
5.535000e+02 0.000000e+00 2.699935e+02
5.540000e+02 0.000000e+00 2.699948e+02
5.545000e+02 0.000000e+00 2.699960e+02
5.550000e+02 0.000000e+00 2.699969e+02
5.555000e+02 0.000000e+00 2.699976e+02
5.560000e+02 0.000000e+00 2.699982e+02
5.565000e+02 0.000000e+00 2.699985e+02
5.570000e+02 0.000000e+00 2.699986e+02
5.575000e+02 0.000000e+00 2.699985e+02
5.580000e+02 0.000000e+00 2.699982e+02
5.585000e+02 0.000000e+00 2.699978e+02
5.590000e+02 0.000000e+00 2.699971e+02
5.595000e+02 0.000000e+00 2.699962e+02
5.600000e+02 0.000000e+00 2.699951e+02
5.605000e+02 0.000000e+00 2.699939e+02
5.610000e+02 0.000000e+00 2.699924e+02
5.615000e+02 0.000000e+00 2.699907e+02
5.620000e+02 0.000000e+00 2.699889e+02
5.625000e+02 6.579744e-284 2.699869e+02
5.630000e+02 2.398068e-242 2.699847e+02
5.635000e+02 3.244159e-209 2.699823e+02
5.640000e+02 2.068429e-182 2.699797e+02
5.645000e+02 1.901419e-160 2.699769e+02
5.650000e+02 3.074554e-142 2.699740e+02
5.655000e+02 5.483375e-127 2.699709e+02
5.660000e+02 4.255992e-114 2.699676e+02
5.665000e+02 4.094067e-103 2.699641e+02
5.670000e+02 1.196450e-93 2.699605e+02
5.675000e+02 1.975505e-85 2.699567e+02
5.680000e+02 2.736044e-78 2.699527e+02
5.685000e+02 4.940528e-72 2.699486e+02
5.690000e+02 1.606917e-66 2.699443e+02
5.695000e+02 1.221518e-61 2.699399e+02
5.700000e+02 2.504547e-57 2.699353e+02
5.705000e+02 2.032055e-53 2.699305e+02
5.710000e+02 1.743857e-50 2.699256e+02
5.715000e+02 8.600580e-47 2.699206e+02
5.720000e+02 5.947716e-44 2.699154e+02
5.725000e+02 2.217239e-41 2.699101e+02
5.730000e+02 4.743350e-39 2.699046e+02
5.735000e+02 6.444688e-37 2.698990e+02
5.740000e+02 5.933381e-35 2.698933e+02
5.745000e+02 3.534841e-33 2.698874e+02
5.750000e+02 1.625916e-31 2.698814e+02
5.755000e+02 5.338408e-30 2.698753e+02
5.760000e+02 1.331891e-28 2.698690e+02
5.765000e+02 2.046668e-27 2.698627e+02
5.770000e+02 4.166569e-26 2.698562e+02
5.775000e+02 5.354825e-25 2.698496e+02
5.780000e+02 5.959631e-24 2.698429e+02
5.785000e+02 5.587881e-23 2.698361e+02
5.790000e+02 4.494755e-22 2.698292e+02
5.795000e+02 3.153261e-21 2.698222e+02
5.800000e+02 1.948341e-20 2.698151e+02
5.805000e+02 1.077154e-19 2.698079e+02
5.810000e+02 5.347273e-19 2.698006e+02
5.815000e+02 2.402573e-18 2.697933e+02
5.820000e+02 9.343183e-18 2.697858e+02
5.825000e+02 3.715967e-17 2.697783e+02
5.830000e+02 1.335006e-16 2.697707e+02
5.835000e+02 3.853581e-16 2.697630e+02
5.840000e+02 1.365347e-15 2.697553e+02
5.845000e+02 3.981645e-15 2.697474e+02
5.850000e+02 1.094490e-14 2.697396e+02
5.855000e+02 2.853083e-14 2.697316e+02
5.860000e+02 7.078469e-14 2.697236e+02
5.865000e+02 1.678242e-13 2.697156e+02
5.870000e+02 3.808979e-13 2.697075e+02
5.875000e+02 8.316215e-13 2.696994e+02
5.880000e+02 1.747558e-12 2.696912e+02
5.885000e+02 3.543211e-12 2.696830e+02
5.890000e+02 6.929805e-12 2.696747e+02
5.895000e+02 1.319952e-11 2.696665e+02
5.900000e+02 2.430734e-11 2.696582e+02
5.905000e+02 4.329901e-11 2.696499e+02
5.910000e+02 6.984558e-11 2.696416e+02
5.915000e+02 1.290895e-10 2.696333e+02
5.920000e+02 2.154398e-10 2.696250e+02
5.925000e+02 3.397595e-10 2.696167e+02
5.930000e+02 5.545287e-10 2.696085e+02
5.935000e+02 8.662979e-10 2.696003e+02
5.940000e+02 1.317502e-09 2.695922e+02
5.945000e+02 1.950301e-09 2.695842e+02
5.950000e+02 2.561520e-09 2.695763e+02
5.955000e+02 4.049243e-09 2.695685e+02
5.960000e+02 5.712635e-09 2.695609e+02
5.965000e+02 7.772182e-09 2.695537e+02
5.970000e+02 1.019823e-08 2.695471e+02
5.975000e+02 1.278822e-08 2.695412e+02
5.980000e+02 1.508499e-08 2.695364e+02
5.985000e+02 1.635199e-08 2.695329e+02
5.990000e+02 1.593189e-08 2.695307e+02
5.995000e+02 1.436580e-08 2.695283e+02
6.000000e+02 1.456694e-08 2.695229e+02
6.005000e+02 2.684355e-08 2.695130e+02
6.010000e+02 4.949174e-08 2.695002e+02
6.015000e+02 8.320136e-08 2.694871e+02
6.020000e+02 1.262624e-07 2.694749e+02
6.025000e+02 1.756749e-07 2.694640e+02
6.030000e+02 2.380458e-07 2.694540e+02
6.035000e+02 3.118146e-07 2.694448e+02
6.040000e+02 3.946184e-07 2.694363e+02
6.045000e+02 4.883863e-07 2.694282e+02
6.050000e+02 5.931654e-07 2.694206e+02
6.055000e+02 7.089320e-07 2.694134e+02
6.060000e+02 8.355923e-07 2.694066e+02
6.065000e+02 9.728142e-07 2.694002e+02
6.070000e+02 1.117359e-06 2.693943e+02
6.075000e+02 1.266420e-06 2.693888e+02
6.080000e+02 1.412794e-06 2.693838e+02
6.085000e+02 1.567808e-06 2.693793e+02
6.090000e+02 1.704329e-06 2.693755e+02
6.095000e+02 1.793460e-06 2.693724e+02
6.100000e+02 1.853158e-06 2.693702e+02
6.105000e+02 1.794467e-06 2.693689e+02
6.110000e+02 1.964568e-06 2.693687e+02
6.115000e+02 1.934075e-06 2.693698e+02
6.120000e+02 1.914030e-06 2.693724e+02
6.125000e+02 1.775780e-06 2.693769e+02
6.130000e+02 1.573258e-06 2.693834e+02
6.135000e+02 1.319323e-06 2.693924e+02
6.140000e+02 1.030515e-06 2.694042e+02
6.145000e+02 7.317524e-07 2.694195e+02
6.150000e+02 4.621206e-07 2.694387e+02
6.155000e+02 2.510114e-07 2.694626e+02
6.160000e+02 1.078554e-07 2.694916e+02
6.165000e+02 3.363546e-08 2.695266e+02
6.170000e+02 6.566303e-09 2.695678e+02
6.175000e+02 6.208918e-10 2.696152e+02
6.180000e+02 1.902259e-11 2.696681e+02
6.185000e+02 9.167015e-14 2.697243e+02
6.190000e+02 2.095819e-17 2.697800e+02
6.195000e+02 3.811649e-23 2.698298e+02
6.200000e+02 1.588582e-31 2.698672e+02
6.205000e+02 4.076216e-40 2.698864e+02
6.210000e+02 9.721952e-39 2.698841e+02
6.215000e+02 1.352043e-29 2.698606e+02
6.220000e+02 1.096200e-21 2.698196e+02
6.225000e+02 2.192633e-16 2.697668e+02
6.230000e+02 5.364500e-13 2.697078e+02
6.235000e+02 8.264452e-11 2.696474e+02
6.240000e+02 2.519222e-09 2.695887e+02
6.245000e+02 2.719606e-08 2.695337e+02
6.250000e+02 1.497461e-07 2.694830e+02
6.255000e+02 5.275874e-07 2.694368e+02
6.260000e+02 1.409397e-06 2.693949e+02
6.265000e+02 3.012252e-06 2.693569e+02
6.270000e+02 5.508075e-06 2.693222e+02
6.275000e+02 8.872710e-06 2.692906e+02
6.280000e+02 1.338013e-05 2.692614e+02
6.285000e+02 1.939414e-05 2.692341e+02
6.290000e+02 2.629093e-05 2.692088e+02
6.295000e+02 3.409871e-05 2.691852e+02
6.300000e+02 4.271877e-05 2.691630e+02
6.305000e+02 5.212071e-05 2.691421e+02
6.310000e+02 6.216188e-05 2.691223e+02
6.315000e+02 7.266679e-05 2.691034e+02
6.320000e+02 8.169270e-05 2.690859e+02
6.325000e+02 9.462102e-05 2.690684e+02
6.330000e+02 1.072187e-04 2.690518e+02
6.335000e+02 1.189282e-04 2.690361e+02
6.340000e+02 1.313566e-04 2.690208e+02
6.345000e+02 1.121183e-04 2.690127e+02
6.350000e+02 1.577774e-04 2.689917e+02
6.355000e+02 1.719532e-04 2.689777e+02
6.360000e+02 1.856701e-04 2.689642e+02
6.365000e+02 1.994129e-04 2.689512e+02
6.370000e+02 2.131497e-04 2.689385e+02
6.375000e+02 2.268888e-04 2.689262e+02
6.380000e+02 2.403097e-04 2.689143e+02
6.385000e+02 2.504435e-04 2.689033e+02
6.390000e+02 2.399563e-04 2.688969e+02
6.395000e+02 2.801212e-04 2.688805e+02
6.400000e+02 2.882013e-04 2.688709e+02
6.405000e+02 3.087507e-04 2.688590e+02
6.410000e+02 3.233846e-04 2.688487e+02
6.415000e+02 3.285215e-04 2.688405e+02
6.420000e+02 3.447831e-04 2.688304e+02
6.425000e+02 3.413348e-04 2.688245e+02
6.430000e+02 3.738511e-04 2.688118e+02
6.435000e+02 3.860094e-04 2.688037e+02
6.440000e+02 3.979048e-04 2.687962e+02
6.445000e+02 3.992620e-04 2.687919e+02
6.450000e+02 3.954350e-04 2.687906e+02
6.455000e+02 4.062703e-04 2.687893e+02
6.460000e+02 4.102642e-04 2.687871e+02
6.465000e+02 4.354651e-04 2.687722e+02
6.470000e+02 4.586040e-04 2.687575e+02
6.475000e+02 4.665120e-04 2.687485e+02
6.480000e+02 4.601582e-04 2.687439e+02
6.485000e+02 5.005041e-04 2.687311e+02
6.490000e+02 5.127957e-04 2.687245e+02
6.495000e+02 5.220115e-04 2.687192e+02
6.500000e+02 5.285706e-04 2.687150e+02
6.505000e+02 5.300803e-04 2.687125e+02
6.510000e+02 5.284832e-04 2.687112e+02
6.515000e+02 3.007506e-04 2.687570e+02
6.520000e+02 5.314262e-04 2.687099e+02
6.525000e+02 5.315427e-04 2.687110e+02
6.530000e+02 5.218576e-04 2.687154e+02
6.535000e+02 5.022425e-04 2.687233e+02
6.540000e+02 4.834723e-04 2.687335e+02
6.545000e+02 4.457104e-04 2.687507e+02
6.550000e+02 1.659791e-04 2.688224e+02
6.555000e+02 3.139428e-04 2.688111e+02
6.560000e+02 1.134195e-04 2.688803e+02
6.565000e+02 1.805779e-04 2.689029e+02
6.570000e+02 2.143935e-04 2.689404e+02
6.575000e+02 1.394659e-04 2.689982e+02
6.580000e+02 1.016055e-04 2.690291e+02
6.585000e+02 1.391556e-04 2.690117e+02
6.590000e+02 1.959596e-04 2.689625e+02
6.595000e+02 2.776622e-04 2.688983e+02
6.600000e+02 3.605407e-04 2.688375e+02
6.605000e+02 4.329050e-04 2.687875e+02
6.610000e+02 4.892166e-04 2.687492e+02
6.615000e+02 4.608253e-04 2.687348e+02
6.620000e+02 5.718341e-04 2.686971e+02
6.625000e+02 6.011565e-04 2.686797e+02
6.630000e+02 6.227486e-04 2.686666e+02
6.635000e+02 6.400831e-04 2.686563e+02
6.640000e+02 6.530272e-04 2.686484e+02
6.645000e+02 6.544260e-04 2.686441e+02
6.650000e+02 6.665074e-04 2.686385e+02
6.655000e+02 6.412708e-04 2.686412e+02
6.660000e+02 6.627647e-04 2.686353e+02
6.665000e+02 6.536844e-04 2.686359e+02
6.670000e+02 6.770101e-04 2.686304e+02
6.675000e+02 6.796174e-04 2.686295e+02
6.680000e+02 6.837622e-04 2.686286e+02
6.685000e+02 6.844965e-04 2.686288e+02
6.690000e+02 6.810046e-04 2.686301e+02
6.695000e+02 6.671900e-04 2.686338e+02
6.700000e+02 6.249422e-04 2.686433e+02
6.705000e+02 6.672818e-04 2.686363e+02
6.710000e+02 6.623978e-04 2.686389e+02
6.715000e+02 6.207341e-04 2.686490e+02
6.720000e+02 6.349408e-04 2.686483e+02
6.725000e+02 6.337593e-04 2.686508e+02
6.730000e+02 6.360046e-04 2.686527e+02
6.735000e+02 6.331604e-04 2.686558e+02
6.740000e+02 6.010482e-04 2.686649e+02
6.745000e+02 6.202785e-04 2.686640e+02
6.750000e+02 6.127891e-04 2.686685e+02
6.755000e+02 6.036713e-04 2.686736e+02
6.760000e+02 5.762549e-04 2.686826e+02
6.765000e+02 5.833873e-04 2.686848e+02
6.770000e+02 5.698029e-04 2.686914e+02
6.775000e+02 5.584406e-04 2.686977e+02
6.780000e+02 5.400831e-04 2.687054e+02
6.785000e+02 5.395202e-04 2.687097e+02
6.790000e+02 5.302725e-04 2.687157e+02
6.795000e+02 5.215669e-04 2.687218e+02
6.800000e+02 5.112204e-04 2.687284e+02
6.805000e+02 5.000404e-04 2.687353e+02
6.810000e+02 4.884528e-04 2.687425e+02
6.815000e+02 4.764157e-04 2.687500e+02
6.820000e+02 4.641834e-04 2.687576e+02
6.825000e+02 4.519910e-04 2.687653e+02
6.830000e+02 4.387024e-04 2.687735e+02
6.835000e+02 4.192384e-04 2.687830e+02
6.840000e+02 4.112275e-04 2.687903e+02
6.845000e+02 4.002121e-04 2.687984e+02
6.850000e+02 3.889539e-04 2.688067e+02
6.855000e+02 3.762526e-04 2.688154e+02
6.860000e+02 3.633955e-04 2.688243e+02
6.865000e+02 3.505178e-04 2.688334e+02
6.870000e+02 3.375169e-04 2.688427e+02
6.875000e+02 3.243274e-04 2.688522e+02
6.880000e+02 3.111170e-04 2.688620e+02
6.885000e+02 2.976051e-04 2.688721e+02
6.890000e+02 2.837037e-04 2.688828e+02
6.895000e+02 2.691590e-04 2.688941e+02
6.900000e+02 2.535467e-04 2.689065e+02
6.905000e+02 2.360724e-04 2.689205e+02
6.910000e+02 2.156085e-04 2.689367e+02
6.915000e+02 1.891191e-04 2.689549e+02
6.920000e+02 1.716663e-04 2.689691e+02
6.925000e+02 1.598059e-04 2.689765e+02
6.930000e+02 1.712572e-04 2.689760e+02
6.935000e+02 1.157085e-04 2.689898e+02
6.940000e+02 1.662621e-04 2.689836e+02
6.945000e+02 1.590783e-04 2.689905e+02
6.950000e+02 1.515454e-04 2.689984e+02
6.955000e+02 1.458071e-04 2.690066e+02
6.960000e+02 1.347656e-04 2.690162e+02
6.965000e+02 1.296340e-04 2.690250e+02
6.970000e+02 1.216208e-04 2.690345e+02
6.975000e+02 1.128324e-04 2.690444e+02
6.980000e+02 1.062149e-04 2.690540e+02
6.985000e+02 9.867166e-05 2.690639e+02
6.990000e+02 8.580045e-05 2.690750e+02
6.995000e+02 8.452659e-05 2.690839e+02
7.000000e+02 7.775459e-05 2.690940e+02
7.005000e+02 7.029212e-05 2.691045e+02
7.010000e+02 6.075139e-05 2.691153e+02
7.015000e+02 5.262381e-05 2.691258e+02
7.020000e+02 5.454156e-05 2.691343e+02
7.025000e+02 4.945620e-05 2.691444e+02
7.030000e+02 4.331290e-05 2.691548e+02
7.035000e+02 4.057762e-05 2.691645e+02
7.040000e+02 3.675660e-05 2.691745e+02
7.045000e+02 3.304291e-05 2.691846e+02
7.050000e+02 2.956366e-05 2.691947e+02
7.055000e+02 2.632092e-05 2.692048e+02
7.060000e+02 2.331362e-05 2.692150e+02
7.065000e+02 2.058379e-05 2.692251e+02
7.070000e+02 1.806973e-05 2.692353e+02
7.075000e+02 1.578063e-05 2.692455e+02
7.080000e+02 1.361291e-05 2.692558e+02
7.085000e+02 1.183514e-05 2.692660e+02
7.090000e+02 1.018100e-05 2.692763e+02
7.095000e+02 8.608848e-06 2.692866e+02
7.100000e+02 7.354399e-06 2.692969e+02
7.105000e+02 6.192874e-06 2.693073e+02
7.110000e+02 5.147987e-06 2.693178e+02
7.115000e+02 3.740609e-06 2.693284e+02
7.120000e+02 3.449127e-06 2.693389e+02
7.125000e+02 2.749149e-06 2.693497e+02
7.130000e+02 2.124683e-06 2.693608e+02
7.135000e+02 1.555348e-06 2.693723e+02
7.140000e+02 1.013272e-06 2.693846e+02
7.145000e+02 4.799353e-07 2.693987e+02
7.150000e+02 6.786062e-08 2.694147e+02
7.155000e+02 1.362320e-09 2.694272e+02
7.160000e+02 1.146243e-07 2.694323e+02
7.165000e+02 2.342185e-07 2.694381e+02
7.170000e+02 2.496074e-07 2.694463e+02
7.175000e+02 2.176246e-07 2.694557e+02
7.180000e+02 1.704418e-07 2.694657e+02
7.185000e+02 1.270821e-07 2.694761e+02
7.190000e+02 9.754794e-08 2.694866e+02
7.195000e+02 6.923994e-08 2.694973e+02
7.200000e+02 4.804110e-08 2.695080e+02
7.205000e+02 3.419199e-08 2.695188e+02
7.210000e+02 2.316053e-08 2.695297e+02
7.215000e+02 1.529606e-08 2.695405e+02
7.220000e+02 9.866528e-09 2.695514e+02
7.225000e+02 6.200429e-09 2.695623e+02
7.230000e+02 3.682266e-09 2.695733e+02
7.235000e+02 2.055346e-09 2.695842e+02
7.240000e+02 1.320325e-09 2.695951e+02
7.245000e+02 7.489619e-10 2.696061e+02
7.250000e+02 4.095873e-10 2.696170e+02
7.255000e+02 2.156506e-10 2.696279e+02
7.260000e+02 1.095512e-10 2.696388e+02
7.265000e+02 5.281401e-11 2.696496e+02
7.270000e+02 2.471808e-11 2.696605e+02
7.275000e+02 1.099842e-11 2.696713e+02
7.280000e+02 4.558157e-12 2.696820e+02
7.285000e+02 1.855945e-12 2.696927e+02
7.290000e+02 7.027459e-13 2.697033e+02
7.295000e+02 2.476429e-13 2.697138e+02
7.300000e+02 7.562903e-14 2.697243e+02
7.305000e+02 2.433406e-14 2.697347e+02
7.310000e+02 6.522224e-15 2.697450e+02
7.315000e+02 1.681561e-15 2.697552e+02
7.320000e+02 3.939868e-16 2.697653e+02
7.325000e+02 8.074720e-17 2.697753e+02
7.330000e+02 1.451620e-17 2.697852e+02
7.335000e+02 2.261174e-18 2.697949e+02
7.340000e+02 2.988974e-19 2.698045e+02
7.345000e+02 3.190325e-20 2.698140e+02
7.350000e+02 2.741003e-21 2.698233e+02
7.355000e+02 2.306200e-22 2.698324e+02
7.360000e+02 1.340113e-23 2.698414e+02
7.365000e+02 5.745721e-25 2.698502e+02
7.370000e+02 1.894325e-26 2.698589e+02
7.375000e+02 4.256331e-28 2.698673e+02
7.380000e+02 6.347829e-30 2.698755e+02
7.385000e+02 5.916489e-32 2.698835e+02
7.390000e+02 3.202071e-34 2.698914e+02
7.395000e+02 9.201636e-37 2.698990e+02
7.400000e+02 1.243408e-39 2.699063e+02
7.405000e+02 6.680138e-43 2.699135e+02
7.410000e+02 1.519946e-46 2.699203e+02
7.415000e+02 9.235175e-51 2.699270e+02
7.420000e+02 1.262148e-55 2.699334e+02
7.425000e+02 2.785168e-61 2.699395e+02
7.430000e+02 6.396502e-68 2.699454e+02
7.435000e+02 8.572174e-76 2.699510e+02
7.440000e+02 3.045330e-85 2.699564e+02
7.445000e+02 1.092489e-96 2.699614e+02
7.450000e+02 1.720219e-110 2.699660e+02
7.455000e+02 2.570546e-126 2.699702e+02
7.460000e+02 2.698173e-144 2.699740e+02
7.465000e+02 6.913247e-167 2.699776e+02
7.470000e+02 4.405857e-196 2.699809e+02
7.475000e+02 1.913360e-234 2.699839e+02
7.480000e+02 1.433513e-285 2.699867e+02
7.485000e+02 0.000000e+00 2.699892e+02
7.490000e+02 0.000000e+00 2.699914e+02
7.495000e+02 0.000000e+00 2.699933e+02
7.500000e+02 0.000000e+00 2.699949e+02
7.505000e+02 0.000000e+00 2.699961e+02
7.510000e+02 0.000000e+00 2.699970e+02
7.515000e+02 0.000000e+00 2.699976e+02
7.520000e+02 0.000000e+00 2.699979e+02
7.525000e+02 0.000000e+00 2.699978e+02
7.530000e+02 0.000000e+00 2.699974e+02
7.535000e+02 0.000000e+00 2.699968e+02
7.540000e+02 0.000000e+00 2.699957e+02
7.545000e+02 0.000000e+00 2.699944e+02
7.550000e+02 0.000000e+00 2.699928e+02
7.555000e+02 0.000000e+00 2.699908e+02
7.560000e+02 0.000000e+00 2.699886e+02
7.565000e+02 7.319441e-267 2.699861e+02
7.570000e+02 8.791350e-221 2.699832e+02
7.575000e+02 1.603493e-185 2.699801e+02
7.580000e+02 5.194299e-158 2.699767e+02
7.585000e+02 3.337826e-136 2.699730e+02
7.590000e+02 1.211509e-118 2.699690e+02
7.595000e+02 2.603564e-104 2.699648e+02
7.600000e+02 1.798080e-92 2.699602e+02
7.605000e+02 1.378324e-82 2.699555e+02
7.610000e+02 3.033619e-74 2.699505e+02
7.615000e+02 3.764345e-67 2.699452e+02
7.620000e+02 4.555476e-61 2.699398e+02
7.625000e+02 8.185398e-56 2.699340e+02
7.630000e+02 3.030290e-51 2.699281e+02
7.635000e+02 3.002144e-47 2.699220e+02
7.640000e+02 9.816739e-44 2.699156e+02
7.645000e+02 1.254727e-40 2.699091e+02
7.650000e+02 7.109919e-38 2.699024e+02
7.655000e+02 2.068137e-35 2.698955e+02
7.660000e+02 3.252854e-33 2.698884e+02
7.665000e+02 3.050458e-31 2.698812e+02
7.670000e+02 1.931115e-29 2.698738e+02
7.675000e+02 8.010662e-28 2.698663e+02
7.680000e+02 2.352876e-26 2.698586e+02
7.685000e+02 5.037889e-25 2.698508e+02
7.690000e+02 8.131528e-24 2.698429e+02
7.695000e+02 1.013637e-22 2.698349e+02
7.700000e+02 9.888105e-22 2.698268e+02
7.705000e+02 7.634146e-21 2.698188e+02
7.710000e+02 4.558232e-20 2.698107e+02
7.715000e+02 2.001459e-19 2.698027e+02
7.720000e+02 5.549461e-19 2.697951e+02
7.725000e+02 6.331501e-19 2.697882e+02
7.730000e+02 7.038592e-20 2.697830e+02
7.735000e+02 9.708375e-25 2.697798e+02
7.740000e+02 6.952447e-30 2.697734e+02
7.745000e+02 2.333439e-19 2.697605e+02
7.750000e+02 1.724670e-16 2.697474e+02
7.755000e+02 3.699233e-15 2.697360e+02
7.760000e+02 2.428777e-14 2.697257e+02
7.765000e+02 9.963339e-14 2.697159e+02
7.770000e+02 3.322996e-13 2.697064e+02
7.775000e+02 9.245052e-13 2.696970e+02
7.780000e+02 2.273939e-12 2.696878e+02
7.785000e+02 5.219707e-12 2.696787e+02
7.790000e+02 1.126950e-11 2.696696e+02
7.795000e+02 2.240578e-11 2.696605e+02
7.800000e+02 4.404920e-11 2.696515e+02
7.805000e+02 8.352556e-11 2.696425e+02
7.810000e+02 1.505635e-10 2.696336e+02
7.815000e+02 2.616024e-10 2.696247e+02
7.820000e+02 4.353849e-10 2.696158e+02
7.825000e+02 5.506291e-10 2.696070e+02
7.830000e+02 1.153157e-09 2.695982e+02
7.835000e+02 1.804065e-09 2.695895e+02
7.840000e+02 2.777560e-09 2.695808e+02
7.845000e+02 3.946343e-09 2.695722e+02
7.850000e+02 6.016818e-09 2.695636e+02
7.855000e+02 8.830608e-09 2.695551e+02
7.860000e+02 1.273014e-08 2.695467e+02
7.865000e+02 1.792054e-08 2.695383e+02
7.870000e+02 2.476164e-08 2.695300e+02
7.875000e+02 3.372430e-08 2.695217e+02
7.880000e+02 4.531171e-08 2.695135e+02
7.885000e+02 6.010749e-08 2.695054e+02
7.890000e+02 7.877525e-08 2.694973e+02
7.895000e+02 1.021678e-07 2.694893e+02
7.900000e+02 1.309539e-07 2.694814e+02
7.905000e+02 1.655891e-07 2.694736e+02
7.910000e+02 2.065636e-07 2.694659e+02
7.915000e+02 2.563272e-07 2.694582e+02
7.920000e+02 3.204427e-07 2.694506e+02
7.925000e+02 3.927337e-07 2.694430e+02
7.930000e+02 4.569242e-07 2.694356e+02
7.935000e+02 5.692276e-07 2.694282e+02
7.940000e+02 6.957904e-07 2.694209e+02
7.945000e+02 8.292360e-07 2.694137e+02
7.950000e+02 9.824080e-07 2.694066e+02
7.955000e+02 1.153324e-06 2.693996e+02
7.960000e+02 1.341099e-06 2.693928e+02
7.965000e+02 1.550297e-06 2.693862e+02
7.970000e+02 1.775509e-06 2.693796e+02
7.975000e+02 2.030505e-06 2.693730e+02
7.980000e+02 2.345652e-06 2.693661e+02
7.985000e+02 2.690137e-06 2.693592e+02
7.990000e+02 3.080296e-06 2.693523e+02
7.995000e+02 3.519067e-06 2.693455e+02
8.000000e+02 3.998343e-06 2.693389e+02
8.005000e+02 4.500006e-06 2.693324e+02
8.010000e+02 5.038859e-06 2.693260e+02
8.015000e+02 5.616540e-06 2.693197e+02
8.020000e+02 6.217691e-06 2.693135e+02
8.025000e+02 6.785209e-06 2.693074e+02
8.030000e+02 7.530614e-06 2.693014e+02
8.035000e+02 8.280985e-06 2.692954e+02
8.040000e+02 9.159190e-06 2.692895e+02
8.045000e+02 1.002693e-05 2.692836e+02
8.050000e+02 1.094893e-05 2.692779e+02
8.055000e+02 1.190859e-05 2.692722e+02
8.060000e+02 1.287641e-05 2.692666e+02
8.065000e+02 1.375346e-05 2.692611e+02
8.070000e+02 1.482393e-05 2.692556e+02
8.075000e+02 1.408828e-05 2.692505e+02
8.080000e+02 1.700904e-05 2.692448e+02
8.085000e+02 1.865923e-05 2.692395e+02
8.090000e+02 2.003437e-05 2.692342e+02
8.095000e+02 2.130744e-05 2.692291e+02
8.100000e+02 2.271546e-05 2.692241e+02
8.105000e+02 2.364805e-05 2.692192e+02
8.110000e+02 2.445767e-05 2.692144e+02
8.115000e+02 2.332121e-05 2.692101e+02
8.120000e+02 2.873645e-05 2.692045e+02
8.125000e+02 3.037214e-05 2.691998e+02
8.130000e+02 3.059852e-05 2.691954e+02
8.135000e+02 3.331104e-05 2.691906e+02
8.140000e+02 1.972248e-05 2.691893e+02
8.145000e+02 3.713919e-05 2.691816e+02
8.150000e+02 3.913613e-05 2.691772e+02
8.155000e+02 4.102706e-05 2.691728e+02
8.160000e+02 4.286825e-05 2.691686e+02
8.165000e+02 4.475951e-05 2.691645e+02
8.170000e+02 4.663617e-05 2.691604e+02
8.175000e+02 4.849807e-05 2.691564e+02
8.180000e+02 5.032813e-05 2.691526e+02
8.185000e+02 5.126512e-05 2.691490e+02
8.190000e+02 5.401637e-05 2.691451e+02
8.195000e+02 5.518808e-05 2.691416e+02
8.200000e+02 5.710948e-05 2.691381e+02
8.205000e+02 5.954827e-05 2.691346e+02
8.210000e+02 6.152811e-05 2.691313e+02
8.215000e+02 6.329119e-05 2.691282e+02
8.220000e+02 6.489361e-05 2.691253e+02
8.225000e+02 6.643342e-05 2.691226e+02
8.230000e+02 6.781220e-05 2.691202e+02
8.235000e+02 6.888783e-05 2.691181e+02
8.240000e+02 6.955627e-05 2.691166e+02
8.245000e+02 6.972781e-05 2.691159e+02
8.250000e+02 6.877903e-05 2.691163e+02
8.255000e+02 6.348429e-05 2.691188e+02
8.260000e+02 6.001375e-05 2.691225e+02
8.265000e+02 5.202481e-05 2.691283e+02
8.270000e+02 5.389164e-05 2.691310e+02
8.275000e+02 5.420700e-05 2.691292e+02
8.280000e+02 5.433307e-05 2.691227e+02
8.285000e+02 6.786250e-05 2.691117e+02
8.290000e+02 7.368702e-05 2.691035e+02
8.295000e+02 7.685630e-05 2.690974e+02
8.300000e+02 7.816275e-05 2.690931e+02
8.305000e+02 7.298069e-05 2.690915e+02
8.310000e+02 4.373676e-05 2.690959e+02
8.315000e+02 6.104727e-05 2.690924e+02
8.320000e+02 5.806663e-05 2.690951e+02
8.325000e+02 4.359317e-05 2.691038e+02
8.330000e+02 2.126614e-05 2.691210e+02
8.335000e+02 3.162769e-06 2.691490e+02
8.340000e+02 5.962308e-10 2.691762e+02
8.345000e+02 1.525963e-07 2.691656e+02
8.350000e+02 9.825389e-06 2.691317e+02
8.355000e+02 3.397690e-05 2.691050e+02
8.360000e+02 5.709283e-05 2.690883e+02
8.365000e+02 7.143885e-05 2.690787e+02
8.370000e+02 7.662522e-05 2.690736e+02
8.375000e+02 8.928229e-05 2.690682e+02
8.380000e+02 9.030092e-05 2.690661e+02
8.385000e+02 8.787553e-05 2.690657e+02
8.390000e+02 1.000339e-04 2.690626e+02
8.395000e+02 8.945991e-05 2.690638e+02
8.400000e+02 9.782806e-05 2.690625e+02
8.405000e+02 9.716701e-05 2.690653e+02
8.410000e+02 7.106044e-05 2.690744e+02
8.415000e+02 7.815792e-05 2.690718e+02
8.420000e+02 8.375663e-05 2.690643e+02
8.425000e+02 7.175196e-05 2.690609e+02
8.430000e+02 3.012479e-05 2.690655e+02
8.435000e+02 1.090259e-04 2.690479e+02
8.440000e+02 1.205449e-04 2.690444e+02
8.445000e+02 1.243180e-04 2.690430e+02
8.450000e+02 1.255531e-04 2.690425e+02
8.455000e+02 1.251828e-04 2.690429e+02
8.460000e+02 1.251368e-04 2.690439e+02
8.465000e+02 1.231806e-04 2.690459e+02
8.470000e+02 1.205706e-04 2.690491e+02
8.475000e+02 1.155546e-04 2.690541e+02
8.480000e+02 1.081488e-04 2.690608e+02
8.485000e+02 9.913300e-05 2.690678e+02
8.490000e+02 8.227283e-05 2.690733e+02
8.495000e+02 1.000405e-04 2.690673e+02
8.500000e+02 1.083482e-04 2.690608e+02
8.505000e+02 1.162286e-04 2.690546e+02
8.510000e+02 1.207903e-04 2.690504e+02
8.515000e+02 1.231976e-04 2.690481e+02
8.520000e+02 1.245993e-04 2.690470e+02
8.525000e+02 1.239739e-04 2.690474e+02
8.530000e+02 1.223898e-04 2.690487e+02
8.535000e+02 1.206245e-04 2.690505e+02
8.540000e+02 1.209880e-04 2.690517e+02
8.545000e+02 1.214134e-04 2.690521e+02
8.550000e+02 1.211734e-04 2.690529e+02
8.555000e+02 1.184582e-04 2.690554e+02
8.560000e+02 1.169002e-04 2.690589e+02
8.565000e+02 1.124033e-04 2.690643e+02
8.570000e+02 1.064633e-04 2.690716e+02
8.575000e+02 9.782113e-05 2.690818e+02
8.580000e+02 5.125912e-05 2.691027e+02
8.585000e+02 7.761118e-05 2.691130e+02
8.590000e+02 6.441917e-05 2.691348e+02
8.595000e+02 5.150952e-05 2.691561e+02
8.600000e+02 4.491667e-05 2.691677e+02
8.605000e+02 4.830341e-05 2.691626e+02
8.610000e+02 5.928692e-05 2.691447e+02
8.615000e+02 5.705375e-05 2.691270e+02
8.620000e+02 8.339492e-05 2.691064e+02
8.625000e+02 9.108104e-05 2.690936e+02
8.630000e+02 8.196894e-05 2.690876e+02
8.635000e+02 1.019289e-04 2.690788e+02
8.640000e+02 1.053599e-04 2.690747e+02
8.645000e+02 1.080974e-04 2.690710e+02
8.650000e+02 1.097885e-04 2.690685e+02
8.655000e+02 1.093828e-04 2.690674e+02
8.660000e+02 1.076467e-04 2.690672e+02
8.665000e+02 1.105810e-04 2.690664e+02
8.670000e+02 1.108621e-04 2.690666e+02
8.675000e+02 1.104461e-04 2.690671e+02
8.680000e+02 1.097818e-04 2.690679e+02
8.685000e+02 1.081039e-04 2.690690e+02
8.690000e+02 1.054803e-04 2.690705e+02
8.695000e+02 1.052305e-04 2.690716e+02
8.700000e+02 1.058507e-04 2.690727e+02
8.705000e+02 1.045635e-04 2.690742e+02
8.710000e+02 1.035969e-04 2.690757e+02
8.715000e+02 1.023149e-04 2.690774e+02
8.720000e+02 1.009807e-04 2.690792e+02
8.725000e+02 9.958288e-05 2.690810e+02
8.730000e+02 9.816806e-05 2.690829e+02
8.735000e+02 9.670480e-05 2.690849e+02
8.740000e+02 9.495638e-05 2.690870e+02
8.745000e+02 9.364383e-05 2.690891e+02
8.750000e+02 9.204925e-05 2.690913e+02
8.755000e+02 8.856133e-05 2.690940e+02
8.760000e+02 8.878491e-05 2.690959e+02
8.765000e+02 8.712737e-05 2.690983e+02
8.770000e+02 8.538417e-05 2.691008e+02
8.775000e+02 8.354054e-05 2.691034e+02
8.780000e+02 8.147709e-05 2.691061e+02
8.785000e+02 7.905345e-05 2.691089e+02
8.790000e+02 7.812473e-05 2.691114e+02
8.795000e+02 7.653288e-05 2.691141e+02
8.800000e+02 7.482906e-05 2.691169e+02
8.805000e+02 7.300666e-05 2.691198e+02
8.810000e+02 7.100337e-05 2.691228e+02
8.815000e+02 6.844562e-05 2.691260e+02
8.820000e+02 6.715105e-05 2.691291e+02
8.825000e+02 6.445808e-05 2.691325e+02
8.830000e+02 4.270766e-05 2.691398e+02
8.835000e+02 6.012071e-05 2.691394e+02
8.840000e+02 5.938787e-05 2.691427e+02
8.845000e+02 5.763776e-05 2.691463e+02
8.850000e+02 5.566453e-05 2.691501e+02
8.855000e+02 5.331000e-05 2.691541e+02
8.860000e+02 5.122288e-05 2.691583e+02
8.865000e+02 4.229268e-05 2.691641e+02
8.870000e+02 4.619915e-05 2.691675e+02
8.875000e+02 4.366930e-05 2.691726e+02
8.880000e+02 3.872938e-05 2.691785e+02
8.885000e+02 3.877277e-05 2.691839e+02
8.890000e+02 3.692662e-05 2.691904e+02
8.895000e+02 3.405702e-05 2.691978e+02
8.900000e+02 3.082747e-05 2.692063e+02
8.905000e+02 2.735440e-05 2.692161e+02
8.910000e+02 2.356367e-05 2.692277e+02
8.915000e+02 1.925349e-05 2.692420e+02
8.920000e+02 1.450091e-05 2.692597e+02
8.925000e+02 9.716974e-06 2.692805e+02
8.930000e+02 5.733502e-06 2.693015e+02
8.935000e+02 3.466030e-06 2.693158e+02
8.940000e+02 3.725806e-06 2.693178e+02
8.945000e+02 5.377453e-06 2.693103e+02
8.950000e+02 6.750915e-06 2.693012e+02
8.955000e+02 8.488227e-06 2.692947e+02
8.960000e+02 7.478361e-06 2.692915e+02
8.965000e+02 1.004386e-05 2.692899e+02
8.970000e+02 1.027347e-05 2.692912e+02
8.975000e+02 9.777039e-06 2.692958e+02
8.980000e+02 8.769040e-06 2.693035e+02
8.985000e+02 7.480273e-06 2.693133e+02
8.990000e+02 6.283273e-06 2.693231e+02
8.995000e+02 5.574327e-06 2.693303e+02
9.000000e+02 5.288132e-06 2.693347e+02
9.005000e+02 4.975320e-06 2.693391e+02
9.010000e+02 4.415897e-06 2.693457e+02
9.015000e+02 3.727864e-06 2.693553e+02
9.020000e+02 2.961642e-06 2.693672e+02
9.025000e+02 2.272625e-06 2.693798e+02
9.030000e+02 1.787294e-06 2.693918e+02
9.035000e+02 1.365903e-06 2.694044e+02
9.040000e+02 9.689409e-07 2.694202e+02
9.045000e+02 5.643349e-07 2.694409e+02
9.050000e+02 2.778525e-07 2.694669e+02
9.055000e+02 1.034484e-07 2.694956e+02
9.060000e+02 3.845421e-08 2.695189e+02
9.065000e+02 2.866259e-08 2.695281e+02
9.070000e+02 3.616451e-08 2.695276e+02
9.075000e+02 3.794744e-08 2.695287e+02
9.080000e+02 2.780137e-08 2.695362e+02
9.085000e+02 1.588290e-08 2.695501e+02
9.090000e+02 7.608867e-09 2.695689e+02
9.095000e+02 2.674898e-09 2.695917e+02
9.100000e+02 6.701459e-10 2.696177e+02
9.105000e+02 1.166899e-10 2.696465e+02
9.110000e+02 1.205613e-11 2.696777e+02
9.115000e+02 6.162311e-13 2.697109e+02
9.120000e+02 1.129725e-14 2.697456e+02
9.125000e+02 5.225510e-17 2.697810e+02
9.130000e+02 2.640023e-20 2.698164e+02
9.135000e+02 4.540253e-25 2.698504e+02
9.140000e+02 3.679336e-32 2.698819e+02
9.145000e+02 6.185554e-43 2.699091e+02
9.150000e+02 3.770312e-59 2.699308e+02
9.155000e+02 2.526601e-81 2.699454e+02
9.160000e+02 8.304533e-102 2.699521e+02
9.165000e+02 2.012536e-95 2.699503e+02
9.170000e+02 3.989214e-72 2.699403e+02
9.175000e+02 3.740519e-52 2.699229e+02
9.180000e+02 2.069040e-38 2.698993e+02
9.185000e+02 2.029437e-29 2.698711e+02
9.190000e+02 1.670710e-23 2.698400e+02
9.195000e+02 1.886023e-19 2.698072e+02
9.200000e+02 1.515941e-16 2.697739e+02
9.205000e+02 1.934082e-14 2.697409e+02
9.210000e+02 6.868690e-13 2.697091e+02
9.215000e+02 1.000343e-11 2.696792e+02
9.220000e+02 7.800030e-11 2.696516e+02
9.225000e+02 3.919184e-10 2.696263e+02
9.230000e+02 1.401104e-09 2.696034e+02
9.235000e+02 3.934148e-09 2.695826e+02
9.240000e+02 9.213326e-09 2.695637e+02
9.245000e+02 1.844745e-08 2.695467e+02
9.250000e+02 3.156714e-08 2.695316e+02
9.255000e+02 5.120681e-08 2.695184e+02
9.260000e+02 7.754354e-08 2.695067e+02
9.265000e+02 1.037220e-07 2.694964e+02
9.270000e+02 1.444897e-07 2.694873e+02
9.275000e+02 1.629567e-07 2.694794e+02
9.280000e+02 2.223207e-07 2.694726e+02
9.285000e+02 2.589353e-07 2.694668e+02
9.290000e+02 3.029441e-07 2.694618e+02
9.295000e+02 3.400084e-07 2.694575e+02
9.300000e+02 3.740019e-07 2.694540e+02
9.305000e+02 4.031135e-07 2.694512e+02
9.310000e+02 4.272079e-07 2.694489e+02
9.315000e+02 4.450885e-07 2.694471e+02
9.320000e+02 4.581027e-07 2.694459e+02
9.325000e+02 4.608592e-07 2.694451e+02
9.330000e+02 3.980812e-07 2.694447e+02
9.335000e+02 4.486451e-07 2.694446e+02
9.340000e+02 4.642841e-07 2.694449e+02
9.345000e+02 4.588105e-07 2.694455e+02
9.350000e+02 4.477686e-07 2.694465e+02
9.355000e+02 4.329444e-07 2.694477e+02
9.360000e+02 4.138765e-07 2.694491e+02
9.365000e+02 3.966573e-07 2.694509e+02
9.370000e+02 3.733961e-07 2.694529e+02
9.375000e+02 3.516198e-07 2.694551e+02
9.380000e+02 3.281325e-07 2.694576e+02
9.385000e+02 3.049271e-07 2.694601e+02
9.390000e+02 2.843380e-07 2.694627e+02
9.395000e+02 2.637892e-07 2.694653e+02
9.400000e+02 2.424490e-07 2.694682e+02
9.405000e+02 2.217856e-07 2.694713e+02
9.410000e+02 2.012525e-07 2.694745e+02
9.415000e+02 1.813908e-07 2.694780e+02
9.420000e+02 1.623627e-07 2.694816e+02
9.425000e+02 1.440543e-07 2.694855e+02
9.430000e+02 1.267156e-07 2.694895e+02
9.435000e+02 1.099310e-07 2.694938e+02
9.440000e+02 9.501401e-08 2.694982e+02
9.445000e+02 8.064510e-08 2.695027e+02
9.450000e+02 6.842075e-08 2.695071e+02
9.455000e+02 6.122325e-08 2.695112e+02
9.460000e+02 5.354367e-08 2.695153e+02
9.465000e+02 4.614133e-08 2.695195e+02
9.470000e+02 3.923524e-08 2.695241e+02
9.475000e+02 3.292531e-08 2.695288e+02
9.480000e+02 2.734799e-08 2.695337e+02
9.485000e+02 2.205907e-08 2.695387e+02
9.490000e+02 1.683244e-08 2.695439e+02
9.495000e+02 1.478855e-08 2.695492e+02
9.500000e+02 1.184941e-08 2.695547e+02
9.505000e+02 9.056204e-09 2.695602e+02
9.510000e+02 7.160729e-09 2.695659e+02
9.515000e+02 5.265992e-09 2.695718e+02
9.520000e+02 4.325597e-09 2.695777e+02
9.525000e+02 3.248824e-09 2.695838e+02
9.530000e+02 2.397872e-09 2.695901e+02
9.535000e+02 1.723457e-09 2.695964e+02
9.540000e+02 1.240578e-09 2.696030e+02
9.545000e+02 8.538640e-10 2.696096e+02
9.550000e+02 5.967857e-10 2.696165e+02
9.555000e+02 4.022491e-10 2.696234e+02
9.560000e+02 2.526359e-10 2.696306e+02
9.565000e+02 1.684499e-10 2.696379e+02
9.570000e+02 1.033028e-10 2.696455e+02
9.575000e+02 6.172510e-11 2.696532e+02
9.580000e+02 3.470576e-11 2.696612e+02
9.585000e+02 5.796728e-12 2.696693e+02
9.590000e+02 1.005503e-11 2.696777e+02
9.595000e+02 5.120614e-12 2.696862e+02
9.600000e+02 2.408535e-12 2.696951e+02
9.605000e+02 1.052118e-12 2.697042e+02
9.610000e+02 4.203237e-13 2.697137e+02
9.615000e+02 1.515110e-13 2.697236e+02
9.620000e+02 4.831748e-14 2.697339e+02
9.625000e+02 1.321412e-14 2.697446e+02
9.630000e+02 3.059828e-15 2.697559e+02
9.635000e+02 5.607250e-16 2.697677e+02
9.640000e+02 7.699271e-17 2.697801e+02
9.645000e+02 7.263516e-18 2.697933e+02
9.650000e+02 4.160763e-19 2.698072e+02
9.655000e+02 1.207094e-20 2.698221e+02
9.660000e+02 1.346446e-22 2.698379e+02
9.665000e+02 3.752138e-25 2.698547e+02
9.670000e+02 1.301438e-28 2.698724e+02
9.675000e+02 1.751095e-33 2.698908e+02
9.680000e+02 1.234879e-40 2.699095e+02
9.685000e+02 1.462246e-51 2.699276e+02
9.690000e+02 1.073417e-68 2.699438e+02
9.695000e+02 4.669853e-94 2.699564e+02
9.700000e+02 1.709641e-123 2.699635e+02
9.705000e+02 1.864197e-127 2.699641e+02
9.710000e+02 5.315700e-100 2.699583e+02
9.715000e+02 6.917651e-75 2.699481e+02
9.720000e+02 1.891775e-58 2.699358e+02
9.725000e+02 1.564026e-48 2.699239e+02
9.730000e+02 5.940696e-43 2.699141e+02
9.735000e+02 2.549219e-39 2.699069e+02
9.740000e+02 1.507691e-37 2.699025e+02
9.745000e+02 7.455685e-37 2.699006e+02
9.750000e+02 6.084532e-37 2.699007e+02
9.755000e+02 1.202679e-37 2.699025e+02
9.760000e+02 7.052762e-39 2.699055e+02
9.765000e+02 1.304995e-40 2.699094e+02
9.770000e+02 8.355155e-43 2.699140e+02
9.775000e+02 1.607988e-45 2.699191e+02
9.780000e+02 8.407860e-49 2.699245e+02
9.785000e+02 9.917717e-53 2.699301e+02
9.790000e+02 2.069650e-57 2.699358e+02
9.795000e+02 5.273463e-63 2.699414e+02
9.800000e+02 9.052863e-70 2.699470e+02
9.805000e+02 8.197650e-78 2.699525e+02
9.810000e+02 1.110739e-87 2.699578e+02
9.815000e+02 7.829547e-100 2.699629e+02
9.820000e+02 5.501258e-115 2.699677e+02
9.825000e+02 3.612577e-134 2.699723e+02
9.830000e+02 6.637223e-159 2.699765e+02
9.835000e+02 3.979182e-191 2.699804e+02
9.840000e+02 3.328451e-234 2.699839e+02
9.845000e+02 1.012997e-292 2.699870e+02
9.850000e+02 0.000000e+00 2.699897e+02
9.855000e+02 0.000000e+00 2.699920e+02
9.860000e+02 0.000000e+00 2.699939e+02
9.865000e+02 0.000000e+00 2.699954e+02
9.870000e+02 0.000000e+00 2.699965e+02
9.875000e+02 0.000000e+00 2.699971e+02
9.880000e+02 0.000000e+00 2.699972e+02
9.885000e+02 0.000000e+00 2.699969e+02
9.890000e+02 0.000000e+00 2.699962e+02
9.895000e+02 0.000000e+00 2.699950e+02
9.900000e+02 0.000000e+00 2.699935e+02
9.905000e+02 0.000000e+00 2.699915e+02
9.910000e+02 0.000000e+00 2.699891e+02
9.915000e+02 8.601776e-277 2.699863e+02
9.920000e+02 2.069576e-223 2.699831e+02
9.925000e+02 3.411780e-184 2.699797e+02
9.930000e+02 7.419018e-155 2.699759e+02
9.935000e+02 1.167229e-132 2.699719e+02
9.940000e+02 9.340682e-116 2.699677e+02
9.945000e+02 1.459264e-102 2.699634e+02
9.950000e+02 5.433049e-91 2.699587e+02
9.955000e+02 1.157026e-80 2.699536e+02
9.960000e+02 1.069208e-71 2.699481e+02
9.965000e+02 3.133933e-64 2.699423e+02
9.970000e+02 4.677446e-58 2.699363e+02
9.975000e+02 6.595713e-53 2.699301e+02
9.980000e+02 1.483552e-48 2.699239e+02
9.985000e+02 7.651615e-45 2.699176e+02
9.990000e+02 1.201275e-41 2.699112e+02
9.995000e+02 7.440463e-39 2.699048e+02
1.000000e+03 2.027598e-36 2.698985e+02
1.0 1 0
1.000000e+01 9.963680e-01 3.579064e+00
1.050000e+01 9.963134e-01 3.592461e+00
1.100000e+01 9.962331e-01 3.611494e+00
1.150000e+01 9.961981e-01 3.620889e+00
1.200000e+01 9.961358e-01 3.636243e+00
1.250000e+01 9.960685e-01 3.652793e+00
1.300000e+01 9.959973e-01 3.670275e+00
1.350000e+01 9.959222e-01 3.688695e+00
1.400000e+01 9.958431e-01 3.708098e+00
1.450000e+01 9.957587e-01 3.728770e+00
1.500000e+01 9.956638e-01 3.751803e+00
1.550000e+01 9.955818e-01 3.772235e+00
1.600000e+01 9.954815e-01 3.796681e+00
1.650000e+01 9.953860e-01 3.820278e+00
1.700000e+01 9.952832e-01 3.845591e+00
1.750000e+01 9.951741e-01 3.872386e+00
1.800000e+01 9.950597e-01 3.900474e+00
1.850000e+01 9.949401e-01 3.929864e+00
1.900000e+01 9.948148e-01 3.960619e+00
1.950000e+01 9.946839e-01 3.992776e+00
2.000000e+01 9.945468e-01 4.026436e+00
2.050000e+01 9.944036e-01 4.061620e+00
2.100000e+01 9.942536e-01 4.098436e+00
2.150000e+01 9.940967e-01 4.136961e+00
2.200000e+01 9.939325e-01 4.177288e+00
2.250000e+01 9.937603e-01 4.219534e+00
2.300000e+01 9.935794e-01 4.263917e+00
2.350000e+01 9.933834e-01 4.311765e+00
2.400000e+01 9.931592e-01 4.365888e+00
2.450000e+01 9.929835e-01 4.410035e+00
2.500000e+01 9.927629e-01 4.464002e+00
2.550000e+01 9.925012e-01 4.527354e+00
2.600000e+01 9.923018e-01 4.577219e+00
2.650000e+01 9.920582e-01 4.637155e+00
2.700000e+01 9.917975e-01 4.701089e+00
2.750000e+01 9.915179e-01 4.769516e+00
2.800000e+01 9.912306e-01 4.839937e+00
2.850000e+01 9.909252e-01 4.914686e+00
2.900000e+01 9.904842e-01 5.019519e+00
2.950000e+01 9.902601e-01 5.077261e+00
3.000000e+01 9.896668e-01 5.215714e+00
3.050000e+01 9.893998e-01 5.284476e+00
3.100000e+01 9.891443e-01 5.350519e+00
3.150000e+01 9.887334e-01 5.451198e+00
3.200000e+01 9.882940e-01 5.558633e+00
3.250000e+01 9.878289e-01 5.672309e+00
3.300000e+01 9.873352e-01 5.792890e+00
3.350000e+01 9.868111e-01 5.920815e+00
3.400000e+01 9.862556e-01 6.056360e+00
3.450000e+01 9.856643e-01 6.200572e+00
3.500000e+01 9.850325e-01 6.354484e+00
3.550000e+01 9.843594e-01 6.518364e+00
3.600000e+01 9.833438e-01 6.758957e+00
3.650000e+01 9.828785e-01 6.878816e+00
3.700000e+01 9.820637e-01 7.077099e+00
3.750000e+01 9.811656e-01 7.294698e+00
3.800000e+01 9.801699e-01 7.534907e+00
3.850000e+01 9.792376e-01 7.763797e+00
3.900000e+01 9.781534e-01 8.027097e+00
3.950000e+01 9.769623e-01 8.315641e+00
4.000000e+01 9.757160e-01 8.618464e+00
4.050000e+01 9.743419e-01 8.951519e+00
4.100000e+01 9.728487e-01 9.313228e+00
4.150000e+01 9.712227e-01 9.706892e+00
4.200000e+01 9.694454e-01 1.013690e+01
4.250000e+01 9.674881e-01 1.060983e+01
4.300000e+01 9.653179e-01 1.113333e+01
4.350000e+01 9.629345e-01 1.170819e+01
4.400000e+01 9.604091e-01 1.232028e+01
4.450000e+01 9.575606e-01 1.300898e+01
4.500000e+01 9.543427e-01 1.378527e+01
4.550000e+01 9.508024e-01 1.464080e+01
4.600000e+01 9.467939e-01 1.560827e+01
4.650000e+01 9.422680e-01 1.670045e+01
4.700000e+01 9.371279e-01 1.794074e+01
4.750000e+01 9.312539e-01 1.935822e+01
4.800000e+01 9.244906e-01 2.099059e+01
4.850000e+01 9.166329e-01 2.288775e+01
4.900000e+01 9.074069e-01 2.511660e+01
4.950000e+01 8.964139e-01 2.777448e+01
5.000000e+01 8.829063e-01 3.104053e+01
5.050000e+01 8.663005e-01 3.507204e+01
5.100000e+01 8.439889e-01 4.049093e+01
5.150000e+01 8.102995e-01 4.867370e+01
5.200000e+01 7.666817e-01 5.928813e+01
5.250000e+01 6.988991e-01 7.583964e+01
5.300000e+01 5.964301e-01 1.009260e+02
5.350000e+01 4.545396e-01 1.359807e+02
5.400000e+01 2.878228e-01 1.780808e+02
5.450000e+01 1.363986e-01 2.181479e+02
5.500000e+01 4.230816e-02 2.456451e+02
5.550000e+01 6.724368e-03 2.588552e+02
5.600000e+01 2.569381e-04 2.635920e+02
5.650000e+01 7.183009e-06 2.652789e+02
5.700000e+01 1.400094e-08 2.661523e+02
5.750000e+01 2.184374e-08 2.667178e+02
5.800000e+01 1.579456e-08 2.671320e+02
5.850000e+01 3.750321e-13 2.674036e+02
5.900000e+01 7.219330e-11 2.674533e+02
5.950000e+01 1.937265e-12 2.675371e+02
6.000000e+01 5.655757e-11 2.676914e+02
6.050000e+01 8.488467e-16 2.677987e+02
6.100000e+01 2.302735e-11 2.677080e+02
6.150000e+01 1.131373e-09 2.676126e+02
6.200000e+01 9.154971e-10 2.675053e+02
6.250000e+01 7.543744e-15 2.672314e+02
6.300000e+01 1.394104e-11 2.663897e+02
6.350000e+01 4.050082e-05 2.647706e+02
6.400000e+01 2.412140e-03 2.614650e+02
6.450000e+01 2.498196e-02 2.518126e+02
6.500000e+01 1.031488e-01 2.282910e+02
6.550000e+01 2.410112e-01 1.913025e+02
6.600000e+01 3.996279e-01 1.506703e+02
6.650000e+01 5.399245e-01 1.154965e+02
6.700000e+01 6.456930e-01 8.924829e+01
6.750000e+01 7.188502e-01 7.118655e+01
6.800000e+01 7.694749e-01 5.876968e+01
6.850000e+01 8.043155e-01 5.024510e+01
6.900000e+01 8.298118e-01 4.403446e+01
6.950000e+01 8.492170e-01 3.932285e+01
7.000000e+01 8.647837e-01 3.555506e+01
7.050000e+01 8.775816e-01 3.246337e+01
7.100000e+01 8.883438e-01 2.986777e+01
7.150000e+01 8.975079e-01 2.766009e+01
7.200000e+01 9.054473e-01 2.575033e+01
7.250000e+01 9.123210e-01 2.409771e+01
7.300000e+01 9.183813e-01 2.264256e+01
7.350000e+01 9.237071e-01 2.136434e+01
7.400000e+01 9.284173e-01 2.023436e+01
7.450000e+01 9.326133e-01 1.922834e+01
7.500000e+01 9.363124e-01 1.834014e+01
7.550000e+01 9.395941e-01 1.755081e+01
7.600000e+01 9.426868e-01 1.681211e+01
7.650000e+01 9.424076e-01 1.681393e+01
7.700000e+01 9.480268e-01 1.553634e+01
7.750000e+01 9.500359e-01 1.504953e+01
7.800000e+01 9.525173e-01 1.446703e+01
7.850000e+01 9.544789e-01 1.400049e+01
7.900000e+01 9.559481e-01 1.364742e+01
7.950000e+01 9.578813e-01 1.319040e+01
8.000000e+01 9.593706e-01 1.283604e+01
8.050000e+01 9.607417e-01 1.251002e+01
8.100000e+01 9.619997e-01 1.221100e+01
8.150000e+01 9.631733e-01 1.193258e+01
8.200000e+01 9.642577e-01 1.167555e+01
8.250000e+01 9.652591e-01 1.143838e+01
8.300000e+01 9.661862e-01 1.121906e+01
8.350000e+01 9.670454e-01 1.101605e+01
8.400000e+01 9.678424e-01 1.082800e+01
8.450000e+01 9.685832e-01 1.065353e+01
8.500000e+01 9.692688e-01 1.049229e+01
8.550000e+01 9.699060e-01 1.034275e+01
8.600000e+01 9.704978e-01 1.020414e+01
8.650000e+01 9.710442e-01 1.007642e+01
8.700000e+01 9.715524e-01 9.958000e+00
8.750000e+01 9.720226e-01 9.848734e+00
8.800000e+01 9.724550e-01 9.748562e+00
8.850000e+01 9.728494e-01 9.657448e+00
8.900000e+01 9.732238e-01 9.571469e+00
8.950000e+01 9.735610e-01 9.494317e+00
9.000000e+01 9.738471e-01 9.429458e+00
9.050000e+01 9.741447e-01 9.361901e+00
9.100000e+01 9.743825e-01 9.308558e+00
9.150000e+01 9.746243e-01 9.254807e+00
9.200000e+01 9.748205e-01 9.211699e+00
9.250000e+01 9.749858e-01 9.175908e+00
9.300000e+01 9.751030e-01 9.151077e+00
9.350000e+01 9.750281e-01 9.167588e+00
9.400000e+01 9.725428e-01 9.715128e+00
9.450000e+01 9.753057e-01 9.112822e+00
9.500000e+01 9.754567e-01 9.083458e+00
9.550000e+01 9.754046e-01 9.098165e+00
9.600000e+01 9.746867e-01 9.255631e+00
9.650000e+01 9.749527e-01 9.203523e+00
9.700000e+01 9.754416e-01 9.105688e+00
9.750000e+01 9.754446e-01 9.111940e+00
9.800000e+01 9.753511e-01 9.139627e+00
9.850000e+01 9.752654e-01 9.166209e+00
9.900000e+01 9.750862e-01 9.214094e+00
9.950000e+01 9.748576e-01 9.273684e+00
1.000000e+02 9.745252e-01 9.356251e+00
1.005000e+02 9.733955e-01 9.615214e+00
1.010000e+02 9.738168e-01 9.532242e+00
1.015000e+02 9.724220e-01 9.842145e+00
1.020000e+02 9.722279e-01 9.898157e+00
1.025000e+02 9.730032e-01 9.750042e+00
1.030000e+02 9.726786e-01 9.837392e+00
1.035000e+02 9.719995e-01 1.000239e+01
1.040000e+02 9.707572e-01 1.029005e+01
1.045000e+02 9.710155e-01 1.025705e+01
1.050000e+02 9.703621e-01 1.042247e+01
1.055000e+02 9.695648e-01 1.062116e+01
1.060000e+02 9.686501e-01 1.084782e+01
1.065000e+02 9.676057e-01 1.110549e+01
1.070000e+02 9.664172e-01 1.139775e+01
1.075000e+02 9.650525e-01 1.173201e+01
1.080000e+02 9.634491e-01 1.212279e+01
1.085000e+02 9.616759e-01 1.255505e+01
1.090000e+02 9.595190e-01 1.307659e+01
1.095000e+02 9.548427e-01 1.415214e+01
1.100000e+02 9.540323e-01 1.439708e+01
1.105000e+02 9.498234e-01 1.538451e+01
1.110000e+02 9.434833e-01 1.684312e+01
1.115000e+02 9.419106e-01 1.731449e+01
1.120000e+02 9.363119e-01 1.866486e+01
1.125000e+02 9.291389e-01 2.038358e+01
1.130000e+02 9.200625e-01 2.255281e+01
1.135000e+02 9.084939e-01 2.531449e+01
1.140000e+02 8.933386e-01 2.892721e+01
1.145000e+02 8.732220e-01 3.371891e+01
1.150000e+02 8.425356e-01 4.097062e+01
1.155000e+02 8.067881e-01 4.954765e+01
1.160000e+02 7.500649e-01 6.308587e+01
1.165000e+02 6.642036e-01 8.363492e+01
1.170000e+02 5.314695e-01 1.155960e+02
1.175000e+02 3.330611e-01 1.640508e+02
1.180000e+02 1.013723e-01 2.230476e+02
1.185000e+02 1.457897e-03 2.538134e+02
1.190000e+02 1.474633e-03 2.537650e+02
1.195000e+02 1.035776e-01 2.224090e+02
1.200000e+02 3.391626e-01 1.625271e+02
1.205000e+02 5.393283e-01 1.137121e+02
1.210000e+02 6.722325e-01 8.175304e+01
1.215000e+02 7.576478e-01 6.134106e+01
1.220000e+02 8.137920e-01 4.796652e+01
1.225000e+02 8.519638e-01 3.888804e+01
1.230000e+02 8.786821e-01 3.253478e+01
1.235000e+02 8.975304e-01 2.803910e+01
1.240000e+02 9.026313e-01 2.659716e+01
1.245000e+02 9.227653e-01 2.203377e+01
1.250000e+02 9.314493e-01 1.997358e+01
1.255000e+02 9.325642e-01 1.956614e+01
1.260000e+02 9.443889e-01 1.691427e+01
1.265000e+02 9.494922e-01 1.571693e+01
1.270000e+02 9.534840e-01 1.477305e+01
1.275000e+02 9.566198e-01 1.402733e+01
1.280000e+02 9.588416e-01 1.348906e+01
1.285000e+02 9.610289e-01 1.296777e+01
1.290000e+02 9.634887e-01 1.239773e+01
1.295000e+02 9.651684e-01 1.200093e+01
1.300000e+02 9.666141e-01 1.165924e+01
1.305000e+02 9.678393e-01 1.136978e+01
1.310000e+02 9.685025e-01 1.120797e+01
1.315000e+02 9.698418e-01 1.089849e+01
1.320000e+02 9.706571e-01 1.070737e+01
1.325000e+02 9.712795e-01 1.056047e+01
1.330000e+02 9.719856e-01 1.039766e+01
1.335000e+02 9.726269e-01 1.025003e+01
1.340000e+02 9.730596e-01 1.015110e+01
1.345000e+02 9.734557e-01 1.006177e+01
1.350000e+02 9.739803e-01 9.941204e+00
1.355000e+02 9.743239e-01 9.864100e+00
1.360000e+02 9.745919e-01 9.804391e+00
1.365000e+02 9.746687e-01 9.786929e+00
1.370000e+02 9.741723e-01 9.895815e+00
1.375000e+02 9.753135e-01 9.648422e+00
1.380000e+02 9.755706e-01 9.594277e+00
1.385000e+02 9.757578e-01 9.555878e+00
1.390000e+02 9.758787e-01 9.532798e+00
1.395000e+02 9.760331e-01 9.502527e+00
1.400000e+02 9.759005e-01 9.538865e+00
1.405000e+02 9.761583e-01 9.483887e+00
1.410000e+02 9.761153e-01 9.498198e+00
1.415000e+02 9.757650e-01 9.578939e+00
1.420000e+02 9.703285e-01 1.076144e+01
1.425000e+02 9.741404e-01 9.940002e+00
1.430000e+02 9.761228e-01 9.519402e+00
1.435000e+02 9.764239e-01 9.460682e+00
1.440000e+02 9.764404e-01 9.463977e+00
1.445000e+02 9.760974e-01 9.544658e+00
1.450000e+02 9.709366e-01 1.069241e+01
1.455000e+02 9.763828e-01 9.497685e+00
1.460000e+02 9.765774e-01 9.463475e+00
1.465000e+02 9.766626e-01 9.452657e+00
1.470000e+02 9.766613e-01 9.461169e+00
1.475000e+02 9.766217e-01 9.478382e+00
1.480000e+02 9.765071e-01 9.512283e+00
1.485000e+02 9.758250e-01 9.669815e+00
1.490000e+02 9.757778e-01 9.690221e+00
1.495000e+02 9.761981e-01 9.610474e+00
1.500000e+02 9.759466e-01 9.677607e+00
1.505000e+02 9.752026e-01 9.847414e+00
1.510000e+02 9.752141e-01 9.854680e+00
1.515000e+02 9.758764e-01 9.720427e+00
1.520000e+02 9.760258e-01 9.695428e+00
1.525000e+02 9.761198e-01 9.681036e+00
1.530000e+02 9.760630e-01 9.701904e+00
1.535000e+02 9.757547e-01 9.777747e+00
1.540000e+02 9.683379e-01 1.144669e+01
1.545000e+02 9.756836e-01 9.811772e+00
1.550000e+02 9.758941e-01 9.775958e+00
1.555000e+02 9.758770e-01 9.789581e+00
1.560000e+02 9.755764e-01 9.866210e+00
1.565000e+02 9.756076e-01 9.871103e+00
1.570000e+02 9.756886e-01 9.861395e+00
1.575000e+02 9.756315e-01 9.883965e+00
1.580000e+02 9.755628e-01 9.909441e+00
1.585000e+02 9.753731e-01 9.962646e+00
1.590000e+02 9.753911e-01 9.968215e+00
1.595000e+02 9.752794e-01 1.000370e+01
1.600000e+02 9.752047e-01 1.003062e+01
1.605000e+02 9.751213e-01 1.005974e+01
1.610000e+02 9.750232e-01 1.009228e+01
1.615000e+02 9.749308e-01 1.012337e+01
1.620000e+02 9.748240e-01 1.015790e+01
1.625000e+02 9.747055e-01 1.019507e+01
1.630000e+02 9.745667e-01 1.023681e+01
1.635000e+02 9.743968e-01 1.028543e+01
1.640000e+02 9.741361e-01 1.035398e+01
1.645000e+02 9.734030e-01 1.052439e+01
1.650000e+02 9.623501e-01 1.299897e+01
1.655000e+02 9.698619e-01 1.131260e+01
1.660000e+02 9.680554e-01 1.171707e+01
1.665000e+02 9.729635e-01 1.066768e+01
1.670000e+02 9.733680e-01 1.059130e+01
1.675000e+02 9.714759e-01 1.102413e+01
1.680000e+02 9.733221e-01 1.062429e+01
1.685000e+02 9.733797e-01 1.062382e+01
1.690000e+02 9.728528e-01 1.075567e+01
1.695000e+02 9.732137e-01 1.068395e+01
1.700000e+02 9.729859e-01 1.074744e+01
1.705000e+02 9.730113e-01 1.075237e+01
1.710000e+02 9.728615e-01 1.079748e+01
1.715000e+02 9.725336e-01 1.088242e+01
1.720000e+02 9.726350e-01 1.087181e+01
1.725000e+02 9.724866e-01 1.091697e+01
1.730000e+02 9.722480e-01 1.098196e+01
1.735000e+02 9.676908e-01 1.204151e+01
1.740000e+02 9.718516e-01 1.109663e+01
1.745000e+02 9.715473e-01 1.117903e+01
1.750000e+02 9.704421e-01 1.143664e+01
1.755000e+02 9.649682e-01 1.266544e+01
1.760000e+02 9.689509e-01 1.178248e+01
1.765000e+02 9.705043e-01 1.146331e+01
1.770000e+02 9.709372e-01 1.137695e+01
1.775000e+02 9.710652e-01 1.135753e+01
1.780000e+02 9.710553e-01 1.136988e+01
1.785000e+02 9.708982e-01 1.141579e+01
1.790000e+02 9.709099e-01 1.142443e+01
1.795000e+02 9.708064e-01 1.145916e+01
1.800000e+02 9.691933e-01 1.185809e+01
1.805000e+02 9.705663e-01 1.153655e+01
1.810000e+02 9.703941e-01 1.158729e+01
1.815000e+02 9.702899e-01 1.162246e+01
1.820000e+02 9.700925e-01 1.167858e+01
1.825000e+02 9.699389e-01 1.172513e+01
1.830000e+02 9.697146e-01 1.178723e+01
1.835000e+02 9.692443e-01 1.190257e+01
1.840000e+02 9.671612e-01 1.236536e+01
1.845000e+02 9.568617e-01 1.461534e+01
1.850000e+02 9.674862e-01 1.232273e+01
1.855000e+02 9.679400e-01 1.224488e+01
1.860000e+02 9.689032e-01 1.204328e+01
1.865000e+02 9.688649e-01 1.206506e+01
1.870000e+02 9.687320e-01 1.210709e+01
1.875000e+02 9.686740e-01 1.213276e+01
1.880000e+02 9.684883e-01 1.218673e+01
1.885000e+02 9.684487e-01 1.220863e+01
1.890000e+02 9.682581e-01 1.226405e+01
1.895000e+02 9.681753e-01 1.229525e+01
1.900000e+02 9.680352e-01 1.233941e+01
1.905000e+02 9.677426e-01 1.241766e+01
1.910000e+02 9.677388e-01 1.243137e+01
1.915000e+02 9.675803e-01 1.247966e+01
1.920000e+02 9.673892e-01 1.253520e+01
1.925000e+02 9.671625e-01 1.259847e+01
1.930000e+02 9.665404e-01 1.274708e+01
1.935000e+02 9.648895e-01 1.312131e+01
1.940000e+02 9.664051e-01 1.280562e+01
1.945000e+02 9.660086e-01 1.290599e+01
1.950000e+02 9.640568e-01 1.333917e+01
1.955000e+02 9.363984e-01 1.937774e+01
1.960000e+02 9.638698e-01 1.340896e+01
1.965000e+02 9.654750e-01 1.307880e+01
1.970000e+02 9.656641e-01 1.305231e+01
1.975000e+02 9.655289e-01 1.309701e+01
1.980000e+02 9.652361e-01 1.317976e+01
1.985000e+02 9.652809e-01 1.318087e+01
1.990000e+02 9.648668e-01 1.328735e+01
1.995000e+02 9.636122e-01 1.358021e+01
2.000000e+02 9.641495e-01 1.348172e+01
2.005000e+02 9.631274e-01 1.372246e+01
2.010000e+02 9.588224e-01 1.467154e+01
2.015000e+02 9.628401e-01 1.381434e+01
2.020000e+02 9.636581e-01 1.364546e+01
2.025000e+02 9.638812e-01 1.360540e+01
2.030000e+02 9.638943e-01 1.361303e+01
2.035000e+02 9.631741e-01 1.378618e+01
2.040000e+02 9.637003e-01 1.368096e+01
2.045000e+02 9.636374e-01 1.370725e+01
2.050000e+02 9.634683e-01 1.375790e+01
2.055000e+02 9.631901e-01 1.383353e+01
2.060000e+02 9.618787e-01 1.413241e+01
2.065000e+02 9.623860e-01 1.404304e+01
2.070000e+02 9.627542e-01 1.397029e+01
2.075000e+02 9.621876e-01 1.411193e+01
2.080000e+02 9.618036e-01 1.420389e+01
2.085000e+02 9.540411e-01 1.589665e+01
2.090000e+02 9.600684e-01 1.460511e+01
2.095000e+02 9.611822e-01 1.438815e+01
2.100000e+02 9.614938e-01 1.433159e+01
2.105000e+02 9.597058e-01 1.473506e+01
2.110000e+02 9.596092e-01 1.476711e+01
2.115000e+02 9.612239e-01 1.443436e+01
2.120000e+02 9.612410e-01 1.444597e+01
2.125000e+02 9.611198e-01 1.448727e+01
2.130000e+02 9.609445e-01 1.454037e+01
2.135000e+02 9.607375e-01 1.460025e+01
2.140000e+02 9.604360e-01 1.468061e+01
2.145000e+02 9.594891e-01 1.489862e+01
2.150000e+02 9.378950e-01 1.967265e+01
2.155000e+02 9.593785e-01 1.495512e+01
2.160000e+02 9.594751e-01 1.495464e+01
2.165000e+02 9.597909e-01 1.489623e+01
2.170000e+02 9.596760e-01 1.493633e+01
2.175000e+02 9.592121e-01 1.505713e+01
2.180000e+02 9.592479e-01 1.506003e+01
2.185000e+02 9.591805e-01 1.508967e+01
2.190000e+02 9.590296e-01 1.513785e+01
2.195000e+02 9.588494e-01 1.519236e+01
2.200000e+02 9.586154e-01 1.525933e+01
2.205000e+02 9.585142e-01 1.529628e+01
2.210000e+02 9.583345e-01 1.535100e+01
2.215000e+02 9.581409e-01 1.540890e+01
2.220000e+02 9.579556e-01 1.546521e+01
2.225000e+02 9.577162e-01 1.553365e+01
2.230000e+02 9.574965e-01 1.559818e+01
2.235000e+02 9.572327e-01 1.567281e+01
2.240000e+02 9.569000e-01 1.576367e+01
2.245000e+02 9.564760e-01 1.587584e+01
2.250000e+02 9.556773e-01 1.607262e+01
2.255000e+02 9.543597e-01 1.637985e+01
2.260000e+02 9.419262e-01 1.909109e+01
2.265000e+02 9.529703e-01 1.671135e+01
2.270000e+02 9.546579e-01 1.636099e+01
2.275000e+02 9.551366e-01 1.626561e+01
2.280000e+02 9.552188e-01 1.625872e+01
2.285000e+02 9.551168e-01 1.629418e+01
2.290000e+02 9.547963e-01 1.637866e+01
2.295000e+02 9.510758e-01 1.720909e+01
2.300000e+02 9.537897e-01 1.663126e+01
2.305000e+02 9.525227e-01 1.692060e+01
2.310000e+02 9.485330e-01 1.778881e+01
2.315000e+02 9.457548e-01 1.840448e+01
2.320000e+02 9.516074e-01 1.719089e+01
2.325000e+02 9.511971e-01 1.731505e+01
2.330000e+02 9.490422e-01 1.783734e+01
2.335000e+02 9.425748e-01 1.930203e+01
2.340000e+02 9.191356e-01 2.422427e+01
2.345000e+02 9.437559e-01 1.907164e+01
2.350000e+02 9.475650e-01 1.820531e+01
2.355000e+02 9.389758e-01 2.000600e+01
2.360000e+02 9.435412e-01 1.903300e+01
2.365000e+02 9.484153e-01 1.800601e+01
2.370000e+02 9.312640e-01 2.167490e+01
2.375000e+02 9.457380e-01 1.859684e+01
2.380000e+02 9.494124e-01 1.783670e+01
2.385000e+02 9.469649e-01 1.838578e+01
2.390000e+02 9.173610e-01 2.475768e+01
2.395000e+02 9.439318e-01 1.906554e+01
2.400000e+02 9.455116e-01 1.875660e+01
2.405000e+02 9.479049e-01 1.826046e+01
2.410000e+02 9.489364e-01 1.804197e+01
2.415000e+02 9.484101e-01 1.816540e+01
2.420000e+02 9.435891e-01 1.919438e+01
2.425000e+02 9.346532e-01 2.111269e+01
2.430000e+02 9.447020e-01 1.899453e+01
2.435000e+02 8.868739e-01 3.155448e+01
2.440000e+02 9.440726e-01 1.916276e+01
2.445000e+02 9.476534e-01 1.841396e+01
2.450000e+02 9.486270e-01 1.822390e+01
2.455000e+02 9.487391e-01 1.821633e+01
2.460000e+02 9.485645e-01 1.827083e+01
2.465000e+02 9.465141e-01 1.875376e+01
2.470000e+02 9.475992e-01 1.851353e+01
2.475000e+02 9.451647e-01 1.904989e+01
2.480000e+02 9.332898e-01 2.159204e+01
2.485000e+02 9.412527e-01 1.991790e+01
2.490000e+02 9.444381e-01 1.926529e+01
2.495000e+02 9.378961e-01 2.066611e+01
2.500000e+02 8.658811e-01 3.629864e+01
2.505000e+02 9.412066e-01 2.002785e+01
2.510000e+02 9.406002e-01 2.017287e+01
2.515000e+02 9.418195e-01 1.993535e+01
2.520000e+02 9.444025e-01 1.940070e+01
2.525000e+02 9.450335e-01 1.927216e+01
2.530000e+02 9.456193e-01 1.915282e+01
2.535000e+02 9.457236e-01 1.914191e+01
2.540000e+02 9.456868e-01 1.916327e+01
2.545000e+02 9.455797e-01 1.920125e+01
2.550000e+02 9.454850e-01 1.923735e+01
2.555000e+02 9.453794e-01 1.927596e+01
2.560000e+02 9.451306e-01 1.934612e+01
2.565000e+02 9.447953e-01 1.943655e+01
2.570000e+02 9.445369e-01 1.950756e+01
2.575000e+02 9.440120e-01 1.963705e+01
2.580000e+02 9.418303e-01 2.011815e+01
2.585000e+02 9.340656e-01 2.177640e+01
2.590000e+02 9.376637e-01 2.102985e+01
2.595000e+02 9.425426e-01 2.002088e+01
2.600000e+02 9.431181e-01 1.991538e+01
2.605000e+02 9.431781e-01 1.991956e+01
2.610000e+02 9.430065e-01 1.997357e+01
2.615000e+02 9.428372e-01 2.002766e+01
2.620000e+02 9.424046e-01 2.013841e+01
2.625000e+02 9.411479e-01 2.042500e+01
2.630000e+02 9.372169e-01 2.128247e+01
2.635000e+02 9.306233e-01 2.269255e+01
2.640000e+02 9.352858e-01 2.172158e+01
2.645000e+02 9.400400e-01 2.073093e+01
2.650000e+02 9.344188e-01 2.196982e+01
2.655000e+02 9.407276e-01 2.061933e+01
2.660000e+02 9.406879e-01 2.064584e+01
2.665000e+02 9.400080e-01 2.080724e+01
2.670000e+02 9.350663e-01 2.186768e+01
2.675000e+02 9.336710e-01 2.218138e+01
2.680000e+02 9.393745e-01 2.099549e+01
2.685000e+02 9.396896e-01 2.094841e+01
2.690000e+02 9.398027e-01 2.094174e+01
2.695000e+02 9.396835e-01 2.098531e+01
2.700000e+02 9.394940e-01 2.104383e+01
2.705000e+02 9.391444e-01 2.113772e+01
2.710000e+02 9.385251e-01 2.128945e+01
2.715000e+02 9.385686e-01 2.129745e+01
2.720000e+02 9.377718e-01 2.148811e+01
2.725000e+02 9.364525e-01 2.178433e+01
2.730000e+02 8.890495e-01 3.204410e+01
2.735000e+02 9.347456e-01 2.218570e+01
2.740000e+02 9.350950e-01 2.213542e+01
2.745000e+02 8.873528e-01 3.268086e+01
2.750000e+02 9.346773e-01 2.227731e+01
2.755000e+02 9.344241e-01 2.236646e+01
2.760000e+02 9.314810e-01 2.301492e+01
2.765000e+02 9.284873e-01 2.365453e+01
2.770000e+02 9.241835e-01 2.463068e+01
2.775000e+02 9.342367e-01 2.247033e+01
2.780000e+02 9.349493e-01 2.232485e+01
2.785000e+02 9.340216e-01 2.254508e+01
2.790000e+02 9.346465e-01 2.241142e+01
2.795000e+02 9.096931e-01 2.799502e+01
2.800000e+02 9.328035e-01 2.283989e+01
2.805000e+02 9.346993e-01 2.245034e+01
2.810000e+02 9.314680e-01 2.321316e+01
2.815000e+02 9.337291e-01 2.269907e+01
2.820000e+02 9.338211e-01 2.269412e+01
2.825000e+02 9.334151e-01 2.279381e+01
2.830000e+02 9.315653e-01 2.320752e+01
2.835000e+02 9.334098e-01 2.283300e+01
2.840000e+02 9.332018e-01 2.289659e+01
2.845000e+02 9.327208e-01 2.301793e+01
2.850000e+02 9.320335e-01 2.318314e+01
2.855000e+02 9.298187e-01 2.366953e+01
2.860000e+02 8.964465e-01 3.076730e+01
2.865000e+02 9.216575e-01 2.542264e+01
2.870000e+02 9.299106e-01 2.370911e+01
2.875000e+02 9.307683e-01 2.354523e+01
2.880000e+02 9.303239e-01 2.365679e+01
2.885000e+02 9.272966e-01 2.430829e+01
2.890000e+02 8.451845e-01 4.209733e+01
2.895000e+02 9.279369e-01 2.421261e+01
2.900000e+02 9.296612e-01 2.387334e+01
2.905000e+02 9.299545e-01 2.382921e+01
2.910000e+02 9.230805e-01 2.536968e+01
2.915000e+02 9.295565e-01 2.395161e+01
2.920000e+02 9.294008e-01 2.400300e+01
2.925000e+02 9.282577e-01 2.426540e+01
2.930000e+02 9.195107e-01 2.612698e+01
2.935000e+02 9.161313e-01 2.691132e+01
2.940000e+02 9.277365e-01 2.443129e+01
2.945000e+02 9.282835e-01 2.433778e+01
2.950000e+02 9.282109e-01 2.437408e+01
2.955000e+02 9.278700e-01 2.446924e+01
2.960000e+02 9.275460e-01 2.456017e+01
2.965000e+02 9.270986e-01 2.468084e+01
2.970000e+02 9.261751e-01 2.490845e+01
2.975000e+02 9.248494e-01 2.523262e+01
2.980000e+02 9.212814e-01 2.604590e+01
2.985000e+02 9.036830e-01 2.976464e+01
2.990000e+02 9.209754e-01 2.615293e+01
2.995000e+02 9.206398e-01 2.625186e+01
3.000000e+02 9.230498e-01 2.571301e+01
3.005000e+02 9.188388e-01 2.662719e+01
3.010000e+02 9.167651e-01 2.709332e+01
3.015000e+02 9.023213e-01 3.010966e+01
3.020000e+02 8.995561e-01 3.072762e+01
3.025000e+02 9.186200e-01 2.673549e+01
3.030000e+02 9.087926e-01 2.880692e+01
3.035000e+02 9.182734e-01 2.681563e+01
3.040000e+02 9.221141e-01 2.603085e+01
3.045000e+02 9.215388e-01 2.617080e+01
3.050000e+02 9.202065e-01 2.647755e+01
3.055000e+02 9.227213e-01 2.595230e+01
3.060000e+02 9.230078e-01 2.590349e+01
3.065000e+02 9.230549e-01 2.590774e+01
3.070000e+02 9.229066e-01 2.595605e+01
3.075000e+02 9.224362e-01 2.607603e+01
3.080000e+02 9.225554e-01 2.606616e+01
3.085000e+02 9.219461e-01 2.621604e+01
3.090000e+02 9.219923e-01 2.622289e+01
3.095000e+02 9.215399e-01 2.633719e+01
3.100000e+02 9.126289e-01 2.827528e+01
3.105000e+02 9.209109e-01 2.650799e+01
3.110000e+02 9.211402e-01 2.647971e+01
3.115000e+02 9.209824e-01 2.653240e+01
3.120000e+02 9.207725e-01 2.659614e+01
3.125000e+02 9.204285e-01 2.668887e+01
3.130000e+02 9.201436e-01 2.676877e+01
3.135000e+02 9.198145e-01 2.685861e+01
3.140000e+02 9.189213e-01 2.707727e+01
3.145000e+02 9.190328e-01 2.706421e+01
3.150000e+02 9.180867e-01 2.728477e+01
3.155000e+02 9.145750e-01 2.804046e+01
3.160000e+02 8.959469e-01 3.198298e+01
3.165000e+02 9.003853e-01 3.105608e+01
3.170000e+02 9.139749e-01 2.822645e+01
3.175000e+02 9.162432e-01 2.777038e+01
3.180000e+02 9.170987e-01 2.761126e+01
3.185000e+02 9.169706e-01 2.765925e+01
3.190000e+02 9.165193e-01 2.777335e+01
3.195000e+02 9.146413e-01 2.818593e+01
3.200000e+02 7.509373e-01 6.492935e+01
3.205000e+02 9.142527e-01 2.830828e+01
3.210000e+02 9.156008e-01 2.804790e+01
3.215000e+02 9.156311e-01 2.806361e+01
3.220000e+02 9.128934e-01 2.871370e+01
3.225000e+02 9.152747e-01 2.817891e+01
3.230000e+02 9.149904e-01 2.826086e+01
3.235000e+02 9.143846e-01 2.841181e+01
3.240000e+02 9.140361e-01 2.850956e+01
3.245000e+02 9.135260e-01 2.864455e+01
3.250000e+02 9.125832e-01 2.887555e+01
3.255000e+02 9.109269e-01 2.926404e+01
3.260000e+02 9.068585e-01 3.016362e+01
3.265000e+02 8.884930e-01 3.402055e+01
3.270000e+02 8.557730e-01 4.095163e+01
3.275000e+02 9.049973e-01 3.059119e+01
3.280000e+02 9.050824e-01 3.058022e+01
3.285000e+02 9.103915e-01 2.947147e+01
3.290000e+02 9.111296e-01 2.932729e+01
3.295000e+02 9.112413e-01 2.931835e+01
3.300000e+02 9.111827e-01 2.934737e+01
3.305000e+02 9.109963e-01 2.940454e+01
3.310000e+02 9.105905e-01 2.950926e+01
3.315000e+02 9.099225e-01 2.966903e+01
3.320000e+02 9.081394e-01 3.006117e+01
3.325000e+02 8.942653e-01 3.296785e+01
3.330000e+02 8.897150e-01 3.396285e+01
3.335000e+02 9.074096e-01 3.027255e+01
3.340000e+02 9.085010e-01 3.006874e+01
3.345000e+02 9.087891e-01 3.002663e+01
3.350000e+02 9.073795e-01 3.034075e+01
3.355000e+02 9.067049e-01 3.050264e+01
3.360000e+02 9.082025e-01 3.021065e+01
3.365000e+02 9.083214e-01 3.020589e+01
3.370000e+02 9.081221e-01 3.026833e+01
3.375000e+02 9.077157e-01 3.037556e+01
3.380000e+02 9.076562e-01 3.040755e+01
3.385000e+02 9.073078e-01 3.050187e+01
3.390000e+02 9.070819e-01 3.057023e+01
3.395000e+02 9.068588e-01 3.063812e+01
3.400000e+02 9.065657e-01 3.072088e+01
3.405000e+02 9.062624e-01 3.080611e+01
3.410000e+02 9.059573e-01 3.089199e+01
3.415000e+02 9.056298e-01 3.098241e+01
3.420000e+02 9.050983e-01 3.111672e+01
3.425000e+02 9.044031e-01 3.128610e+01
3.430000e+02 9.005771e-01 3.210831e+01
3.435000e+02 8.867364e-01 3.525559e+01
3.440000e+02 9.029043e-01 3.167615e+01
3.445000e+02 9.022421e-01 3.184956e+01
3.450000e+02 8.964579e-01 3.309145e+01
3.455000e+02 9.006851e-01 3.222602e+01
3.460000e+02 9.008832e-01 3.219452e+01
3.465000e+02 9.018398e-01 3.201179e+01
3.470000e+02 9.018727e-01 3.202093e+01
3.475000e+02 9.017031e-01 3.207588e+01
3.480000e+02 9.013097e-01 3.218120e+01
3.485000e+02 9.009712e-01 3.227569e+01
3.490000e+02 9.001785e-01 3.247468e+01
3.495000e+02 8.993249e-01 3.267804e+01
3.500000e+02 8.985809e-01 3.286769e+01
3.505000e+02 8.972972e-01 3.317965e+01
3.510000e+02 8.942298e-01 3.387374e+01
3.515000e+02 8.852425e-01 3.575884e+01
3.520000e+02 8.816122e-01 3.654786e+01
3.525000e+02 8.628630e-01 4.047982e+01
3.530000e+02 8.841971e-01 3.602655e+01
3.535000e+02 8.940933e-01 3.397282e+01
3.540000e+02 8.952305e-01 3.374691e+01
3.545000e+02 8.940596e-01 3.400692e+01
3.550000e+02 8.297623e-01 4.806137e+01
3.555000e+02 8.930993e-01 3.425337e+01
3.560000e+02 8.932991e-01 3.424125e+01
3.565000e+02 8.925539e-01 3.442838e+01
3.570000e+02 8.918568e-01 3.459470e+01
3.575000e+02 8.733479e-01 3.849537e+01
3.580000e+02 8.802721e-01 3.706370e+01
3.585000e+02 8.768933e-01 3.778337e+01
3.590000e+02 8.497766e-01 4.346327e+01
3.595000e+02 8.738724e-01 3.850600e+01
3.600000e+02 8.848945e-01 3.624244e+01
3.605000e+02 8.877931e-01 3.567729e+01
3.610000e+02 8.871163e-01 3.586146e+01
3.615000e+02 8.826272e-01 3.684548e+01
3.620000e+02 8.835201e-01 3.671480e+01
3.625000e+02 8.823270e-01 3.703267e+01
3.630000e+02 8.787662e-01 3.785402e+01
3.635000e+02 8.331323e-01 4.777313e+01
3.640000e+02 8.656364e-01 4.078546e+01
3.645000e+02 7.393053e-01 6.765213e+01
3.650000e+02 8.565324e-01 4.305003e+01
3.655000e+02 8.492674e-01 4.487258e+01
3.660000e+02 8.326059e-01 4.879226e+01
3.665000e+02 7.995574e-01 5.638333e+01
3.670000e+02 7.447434e-01 6.905424e+01
3.675000e+02 6.420580e-01 9.280638e+01
3.680000e+02 4.030592e-01 1.465165e+02
3.685000e+02 2.707940e-03 2.315759e+02
3.690000e+02 4.011840e-01 1.469203e+02
3.695000e+02 6.422192e-01 9.283822e+01
3.700000e+02 7.498983e-01 6.813167e+01
3.705000e+02 8.013174e-01 5.620188e+01
3.710000e+02 7.459017e-01 6.762702e+01
3.715000e+02 8.451545e-01 4.598918e+01
3.720000e+02 8.569069e-01 4.329500e+01
3.725000e+02 8.639140e-01 4.167043e+01
3.730000e+02 8.668344e-01 4.097772e+01
3.735000e+02 8.714762e-01 3.991631e+01
3.740000e+02 8.734243e-01 3.946139e+01
3.745000e+02 8.734530e-01 3.942603e+01
3.750000e+02 8.580199e-01 4.260752e+01
3.755000e+02 8.682386e-01 4.049561e+01
3.760000e+02 8.653692e-01 4.118430e+01
3.765000e+02 8.662885e-01 4.094721e+01
3.770000e+02 8.670474e-01 4.078906e+01
3.775000e+02 8.735429e-01 3.945289e+01
3.780000e+02 8.696320e-01 4.022621e+01
3.785000e+02 8.627443e-01 4.165258e+01
3.790000e+02 8.765792e-01 3.877242e+01
3.795000e+02 8.795366e-01 3.816576e+01
3.800000e+02 8.802928e-01 3.801749e+01
3.805000e+02 8.806851e-01 3.794517e+01
3.810000e+02 8.807881e-01 3.793710e+01
3.815000e+02 8.807230e-01 3.796676e+01
3.820000e+02 8.800918e-01 3.811659e+01
3.825000e+02 8.805057e-01 3.804497e+01
3.830000e+02 8.803968e-01 3.808583e+01
3.835000e+02 8.801664e-01 3.815279e+01
3.840000e+02 8.800147e-01 3.820371e+01
3.845000e+02 8.795896e-01 3.831290e+01
3.850000e+02 8.793608e-01 3.838041e+01
3.855000e+02 8.789995e-01 3.847664e+01
3.860000e+02 8.784524e-01 3.861182e+01
3.865000e+02 8.770639e-01 3.892030e+01
3.870000e+02 8.637234e-01 4.172071e+01
3.875000e+02 8.677534e-01 4.089660e+01
3.880000e+02 8.761008e-01 3.919040e+01
3.885000e+02 8.769784e-01 3.902858e+01
3.890000e+02 8.767613e-01 3.909736e+01
3.895000e+02 8.767139e-01 3.912952e+01
3.900000e+02 8.763098e-01 3.923754e+01
3.905000e+02 8.759043e-01 3.934603e+01
3.910000e+02 8.754416e-01 3.946598e+01
3.915000e+02 8.738724e-01 3.982581e+01
3.920000e+02 8.724283e-01 4.014237e+01
3.925000e+02 8.506309e-01 4.468648e+01
3.930000e+02 8.671954e-01 4.126782e+01
3.935000e+02 8.722639e-01 4.025186e+01
3.940000e+02 8.726087e-01 4.020627e+01
3.945000e+02 8.722813e-01 4.029913e+01
3.950000e+02 8.641187e-01 4.205602e+01
3.955000e+02 8.709885e-01 4.062192e+01
3.960000e+02 8.698561e-01 4.088525e+01
3.965000e+02 8.156968e-01 5.256476e+01
3.970000e+02 8.414574e-01 4.707422e+01
3.975000e+02 8.684977e-01 4.125722e+01
3.980000e+02 8.684259e-01 4.130468e+01
3.985000e+02 8.676700e-01 4.149646e+01
3.990000e+02 8.661938e-01 4.184288e+01
3.995000e+02 8.627337e-01 4.261228e+01
4.000000e+02 8.266152e-01 5.025082e+01
4.005000e+02 8.546676e-01 4.442694e+01
4.010000e+02 8.365419e-01 4.832503e+01
4.015000e+02 8.186862e-01 5.212709e+01
4.020000e+02 8.087740e-01 5.417491e+01
4.025000e+02 7.746529e-01 6.126484e+01
4.030000e+02 8.504720e-01 4.547331e+01
4.035000e+02 8.551419e-01 4.447673e+01
4.040000e+02 8.541629e-01 4.467289e+01
4.045000e+02 8.589566e-01 4.369312e+01
4.050000e+02 8.594392e-01 4.361469e+01
4.055000e+02 8.591142e-01 4.370953e+01
4.060000e+02 8.584646e-01 4.387680e+01
4.065000e+02 8.576762e-01 4.407571e+01
4.070000e+02 8.564248e-01 4.437443e+01
4.075000e+02 8.543285e-01 4.484861e+01
4.080000e+02 8.444631e-01 4.691488e+01
4.085000e+02 8.352906e-01 4.885388e+01
4.090000e+02 8.497514e-01 4.594131e+01
4.095000e+02 8.505256e-01 4.582808e+01
4.100000e+02 8.494369e-01 4.610920e+01
4.105000e+02 8.476332e-01 4.654727e+01
4.110000e+02 8.458673e-01 4.697763e+01
4.115000e+02 8.428742e-01 4.767689e+01
4.120000e+02 8.376645e-01 4.884319e+01
4.125000e+02 8.336429e-01 4.975083e+01
4.130000e+02 7.845380e-01 6.050946e+01
4.135000e+02 8.290536e-01 5.086689e+01
4.140000e+02 8.088269e-01 5.509102e+01
4.145000e+02 8.044588e-01 5.610021e+01
4.150000e+02 8.195051e-01 5.317316e+01
4.155000e+02 8.169935e-01 5.384267e+01
4.160000e+02 8.122008e-01 5.500088e+01
4.165000e+02 8.056844e-01 5.654503e+01
4.170000e+02 7.982360e-01 5.830893e+01
4.175000e+02 7.891306e-01 6.045978e+01
4.180000e+02 7.776896e-01 6.314869e+01
4.185000e+02 7.642525e-01 6.631392e+01
4.190000e+02 7.471694e-01 7.032655e+01
4.195000e+02 7.256942e-01 7.537163e+01
4.200000e+02 6.980327e-01 8.186566e+01
4.205000e+02 6.619959e-01 9.031347e+01
4.210000e+02 6.150171e-01 1.013597e+02
4.215000e+02 5.536807e-01 1.159013e+02
4.220000e+02 4.687037e-01 1.361266e+02
4.225000e+02 3.547498e-01 1.635885e+02
4.230000e+02 2.124915e-01 1.987760e+02
4.235000e+02 7.048660e-02 2.361767e+02
4.240000e+02 4.601722e-03 2.583567e+02
4.245000e+02 2.274606e-07 2.638693e+02
4.250000e+02 7.164991e-08 2.639737e+02
4.255000e+02 3.581128e-03 2.589625e+02
4.260000e+02 6.502130e-02 2.378935e+02
4.265000e+02 2.006617e-01 2.018050e+02
4.270000e+02 3.298041e-01 1.693308e+02
4.275000e+02 4.535732e-01 1.397769e+02
4.280000e+02 5.378144e-01 1.196825e+02
4.285000e+02 5.999248e-01 1.049430e+02
4.290000e+02 6.420946e-01 9.487075e+01
4.295000e+02 6.771494e-01 8.667712e+01
4.300000e+02 7.090570e-01 7.931911e+01
4.305000e+02 7.197357e-01 7.652227e+01
4.310000e+02 7.507673e-01 6.971053e+01
4.315000e+02 7.665244e-01 6.610260e+01
4.320000e+02 7.777656e-01 6.349701e+01
4.325000e+02 7.869098e-01 6.137796e+01
4.330000e+02 7.937004e-01 5.980054e+01
4.335000e+02 8.002723e-01 5.827632e+01
4.340000e+02 8.056930e-01 5.702703e+01
4.345000e+02 8.098052e-01 5.607171e+01
4.350000e+02 8.137634e-01 5.516493e+01
4.355000e+02 8.163051e-01 5.457139e+01
4.360000e+02 8.190013e-01 5.394940e+01
4.365000e+02 8.206169e-01 5.356221e+01
4.370000e+02 8.184898e-01 5.394556e+01
4.375000e+02 5.270355e-01 1.172927e+02
4.380000e+02 8.210337e-01 5.335394e+01
4.385000e+02 7.848376e-01 6.118214e+01
4.390000e+02 8.281782e-01 5.184958e+01
4.395000e+02 8.289399e-01 5.168295e+01
4.400000e+02 8.301497e-01 5.141928e+01
4.405000e+02 8.281673e-01 5.182392e+01
4.410000e+02 8.163400e-01 5.421124e+01
4.415000e+02 7.814683e-01 6.135308e+01
4.420000e+02 7.984272e-01 5.793684e+01
4.425000e+02 8.276267e-01 5.190400e+01
4.430000e+02 8.334544e-01 5.071964e+01
4.435000e+02 8.347506e-01 5.045899e+01
4.440000e+02 8.352588e-01 5.035895e+01
4.445000e+02 8.349942e-01 5.042208e+01
4.450000e+02 8.263676e-01 5.233300e+01
4.455000e+02 7.644269e-01 6.534166e+01
4.460000e+02 8.228430e-01 5.299513e+01
4.465000e+02 8.299758e-01 5.149626e+01
4.470000e+02 8.348273e-01 5.051089e+01
4.475000e+02 8.356521e-01 5.035708e+01
4.480000e+02 8.343558e-01 5.063749e+01
4.485000e+02 8.270536e-01 5.213630e+01
4.490000e+02 7.867876e-01 6.046182e+01
4.495000e+02 8.314109e-01 5.131093e+01
4.500000e+02 8.319538e-01 5.123999e+01
4.505000e+02 8.342009e-01 5.079362e+01
4.510000e+02 8.328251e-01 5.112550e+01
4.515000e+02 8.288244e-01 5.201049e+01
4.520000e+02 8.149264e-01 5.484618e+01
4.525000e+02 8.253162e-01 5.277758e+01
4.530000e+02 8.308481e-01 5.162431e+01
4.535000e+02 8.327760e-01 5.120756e+01
4.540000e+02 8.332707e-01 5.109807e+01
4.545000e+02 8.309343e-01 5.158126e+01
4.550000e+02 8.333166e-01 5.110147e+01
4.555000e+02 8.342333e-01 5.093069e+01
4.560000e+02 8.339823e-01 5.099997e+01
4.565000e+02 8.324654e-01 5.132889e+01
4.570000e+02 8.261557e-01 5.262694e+01
4.575000e+02 7.564090e-01 6.711782e+01
4.580000e+02 8.292052e-01 5.205359e+01
4.585000e+02 8.318444e-01 5.154077e+01
4.590000e+02 8.327008e-01 5.138814e+01
4.595000e+02 8.314698e-01 5.167743e+01
4.600000e+02 8.317383e-01 5.164255e+01
4.605000e+02 8.303606e-01 5.196040e+01
4.610000e+02 8.251573e-01 5.304880e+01
4.615000e+02 8.279003e-01 5.252283e+01
4.620000e+02 8.234356e-01 5.345377e+01
4.625000e+02 8.016360e-01 5.797168e+01
4.630000e+02 7.965558e-01 5.903217e+01
4.635000e+02 8.040575e-01 5.757011e+01
4.640000e+02 8.046728e-01 5.749183e+01
4.645000e+02 8.226473e-01 5.378584e+01
4.650000e+02 8.250438e-01 5.328992e+01
4.655000e+02 8.250828e-01 5.328536e+01
4.660000e+02 8.222060e-01 5.390127e+01
4.665000e+02 7.900953e-01 6.049439e+01
4.670000e+02 8.140134e-01 5.560666e+01
4.675000e+02 8.130150e-01 5.583391e+01
4.680000e+02 5.784748e-01 1.050592e+02
4.685000e+02 7.724020e-01 6.426289e+01
4.690000e+02 7.872155e-01 6.123158e+01
4.695000e+02 6.847748e-01 8.326944e+01
4.700000e+02 7.168179e-01 7.614283e+01
4.705000e+02 8.110349e-01 5.640886e+01
4.710000e+02 5.647254e-01 1.096040e+02
4.715000e+02 8.143249e-01 5.580942e+01
4.720000e+02 8.152482e-01 5.566419e+01
4.725000e+02 8.073627e-01 5.729743e+01
4.730000e+02 7.507497e-01 6.903574e+01
4.735000e+02 8.132658e-01 5.618819e+01
4.740000e+02 8.140752e-01 5.608321e+01
4.745000e+02 8.122050e-01 5.652043e+01
4.750000e+02 8.093924e-01 5.715950e+01
4.755000e+02 8.063715e-01 5.782032e+01
4.760000e+02 5.859401e-01 1.046404e+02
4.765000e+02 7.981691e-01 5.967514e+01
4.770000e+02 7.923730e-01 6.092909e+01
4.775000e+02 7.940870e-01 6.066806e+01
4.780000e+02 7.995539e-01 5.960168e+01
4.785000e+02 7.993608e-01 5.968338e+01
4.790000e+02 7.967110e-01 6.029327e+01
4.795000e+02 7.830116e-01 6.324153e+01
4.800000e+02 7.542472e-01 6.943107e+01
4.805000e+02 7.558853e-01 6.894292e+01
4.810000e+02 7.411998e-01 7.209739e+01
4.815000e+02 6.872766e-01 8.334978e+01
4.820000e+02 7.489251e-01 7.106236e+01
4.825000e+02 7.489509e-01 7.145447e+01
4.830000e+02 7.354214e-01 7.468681e+01
4.835000e+02 7.117256e-01 8.017886e+01
4.840000e+02 6.831889e-01 8.689073e+01
4.845000e+02 6.363867e-01 9.778317e+01
4.850000e+02 5.664554e-01 1.141273e+02
4.855000e+02 4.559931e-01 1.400567e+02
4.860000e+02 2.870447e-01 1.802618e+02
4.865000e+02 8.584577e-02 2.303526e+02
4.870000e+02 9.253509e-04 2.565139e+02
4.875000e+02 9.148736e-04 2.565053e+02
4.880000e+02 8.569620e-02 2.303975e+02
4.885000e+02 2.859300e-01 1.805734e+02
4.890000e+02 4.530353e-01 1.408069e+02
4.895000e+02 5.414921e-01 1.195320e+02
4.900000e+02 6.321452e-01 9.889637e+01
4.905000e+02 6.787173e-01 8.809934e+01
4.910000e+02 7.099191e-01 8.086723e+01
4.915000e+02 7.315951e-01 7.584161e+01
4.920000e+02 7.343557e-01 7.492812e+01
4.925000e+02 7.592161e-01 6.945824e+01
4.930000e+02 7.684034e-01 6.734614e+01
4.935000e+02 7.751710e-01 6.578466e+01
4.940000e+02 7.805842e-01 6.454121e+01
4.945000e+02 7.844898e-01 6.363797e+01
4.950000e+02 7.873439e-01 6.297353e+01
4.955000e+02 7.882938e-01 6.271465e+01
4.960000e+02 7.699185e-01 6.652549e+01
4.965000e+02 7.755860e-01 6.519163e+01
4.970000e+02 7.605877e-01 6.831068e+01
4.975000e+02 7.914682e-01 6.193052e+01
4.980000e+02 7.665552e-01 6.724163e+01
4.985000e+02 7.866903e-01 6.287927e+01
4.990000e+02 7.893975e-01 6.231125e+01
4.995000e+02 7.989765e-01 6.037146e+01
5.000000e+02 7.987248e-01 6.044594e+01
5.005000e+02 7.825831e-01 6.382634e+01
5.010000e+02 7.991310e-01 6.039977e+01
5.015000e+02 7.963106e-01 6.103671e+01
5.020000e+02 7.898258e-01 6.238702e+01
5.025000e+02 7.863434e-01 6.310452e+01
5.030000e+02 7.969180e-01 6.094840e+01
5.035000e+02 7.998627e-01 6.031257e+01
5.040000e+02 8.019089e-01 5.987041e+01
5.045000e+02 8.024527e-01 5.975255e+01
5.050000e+02 8.010396e-01 6.004304e+01
5.055000e+02 7.991320e-01 6.044380e+01
5.060000e+02 8.023924e-01 5.978994e+01
5.065000e+02 8.011447e-01 6.006837e+01
5.070000e+02 7.996346e-01 6.038648e+01
5.075000e+02 7.816916e-01 6.403980e+01
5.080000e+02 7.569050e-01 6.918301e+01
5.085000e+02 7.891442e-01 6.259223e+01
5.090000e+02 7.832374e-01 6.392323e+01
5.095000e+02 7.969091e-01 6.106206e+01
5.100000e+02 8.012566e-01 6.017211e+01
5.105000e+02 8.020923e-01 6.000858e+01
5.110000e+02 8.022850e-01 5.998261e+01
5.115000e+02 8.022857e-01 5.999872e+01
5.120000e+02 7.996754e-01 6.056676e+01
5.125000e+02 8.019539e-01 6.010359e+01
5.130000e+02 8.016185e-01 6.019309e+01
5.135000e+02 8.013489e-01 6.027021e+01
5.140000e+02 8.011285e-01 6.033294e+01
5.145000e+02 7.998899e-01 6.060475e+01
5.150000e+02 7.334908e-01 7.507597e+01
5.155000e+02 7.992150e-01 6.078650e+01
5.160000e+02 7.993270e-01 6.078842e+01
5.165000e+02 7.980332e-01 6.107388e+01
5.170000e+02 7.917890e-01 6.235518e+01
5.175000e+02 7.154882e-01 7.816517e+01
5.180000e+02 7.940525e-01 6.194789e+01
5.185000e+02 7.956208e-01 6.166728e+01
5.190000e+02 7.958663e-01 6.163550e+01
5.195000e+02 7.915793e-01 6.252938e+01
5.200000e+02 7.297986e-01 7.511914e+01
5.205000e+02 7.810330e-01 6.470420e+01
5.210000e+02 7.920023e-01 6.252093e+01
5.215000e+02 7.909539e-01 6.275473e+01
5.220000e+02 6.884287e-01 8.415012e+01
5.225000e+02 7.864159e-01 6.372326e+01
5.230000e+02 7.718660e-01 6.667706e+01
5.235000e+02 7.210047e-01 7.723781e+01
5.240000e+02 7.880682e-01 6.346793e+01
5.245000e+02 7.910954e-01 6.288657e+01
5.250000e+02 7.925632e-01 6.261420e+01
5.255000e+02 7.925750e-01 6.264511e+01
5.260000e+02 7.914756e-01 6.291563e+01
5.265000e+02 7.874785e-01 6.380829e+01
5.270000e+02 7.823904e-01 6.490112e+01
5.275000e+02 7.712231e-01 6.715484e+01
5.280000e+02 7.851707e-01 6.437360e+01
5.285000e+02 7.885355e-01 6.365950e+01
5.290000e+02 7.891585e-01 6.352163e+01
5.295000e+02 7.851593e-01 6.433356e+01
5.300000e+02 7.886726e-01 6.362233e+01
5.305000e+02 7.791113e-01 6.579498e+01
5.310000e+02 7.841780e-01 6.459603e+01
5.315000e+02 7.878349e-01 6.387858e+01
5.320000e+02 7.907467e-01 6.327043e+01
5.325000e+02 7.905373e-01 6.333440e+01
5.330000e+02 7.899117e-01 6.348718e+01
5.335000e+02 7.889767e-01 6.369761e+01
5.340000e+02 7.830596e-01 6.491526e+01
5.345000e+02 7.802492e-01 6.550985e+01
5.350000e+02 7.875401e-01 6.405900e+01
5.355000e+02 7.864158e-01 6.430854e+01
5.360000e+02 7.627217e-01 6.922981e+01
5.365000e+02 7.869219e-01 6.425326e+01
5.370000e+02 7.872602e-01 6.421040e+01
5.375000e+02 7.868280e-01 6.431937e+01
5.380000e+02 7.864110e-01 6.442859e+01
5.385000e+02 7.855161e-01 6.463457e+01
5.390000e+02 7.802134e-01 6.573207e+01
5.395000e+02 7.554416e-01 7.081329e+01
5.400000e+02 7.816629e-01 6.548289e+01
5.405000e+02 7.772099e-01 6.641749e+01
5.410000e+02 7.840398e-01 6.505423e+01
5.415000e+02 7.846892e-01 6.494181e+01
5.420000e+02 7.842696e-01 6.505150e+01
5.425000e+02 7.809924e-01 6.575442e+01
5.430000e+02 7.834036e-01 6.527594e+01
5.435000e+02 7.823018e-01 6.552577e+01
5.440000e+02 7.814437e-01 6.571915e+01
5.445000e+02 7.724263e-01 6.757870e+01
5.450000e+02 7.486892e-01 7.241276e+01
5.455000e+02 7.790967e-01 6.626435e+01
5.460000e+02 7.809829e-01 6.591169e+01
5.465000e+02 7.811473e-01 6.590361e+01
5.470000e+02 7.810110e-01 6.595615e+01
5.475000e+02 7.804397e-01 6.610088e+01
5.480000e+02 7.801391e-01 6.618546e+01
5.485000e+02 7.790561e-01 6.643226e+01
5.490000e+02 7.625266e-01 6.987607e+01
5.495000e+02 7.767350e-01 6.696296e+01
5.500000e+02 7.760189e-01 6.714377e+01
5.505000e+02 7.703006e-01 6.833207e+01
5.510000e+02 5.059489e-01 1.246761e+02
5.515000e+02 7.362601e-01 7.549367e+01
5.520000e+02 7.651147e-01 6.959265e+01
5.525000e+02 7.378733e-01 7.526779e+01
5.530000e+02 7.668821e-01 6.928443e+01
5.535000e+02 7.710297e-01 6.842019e+01
5.540000e+02 7.736447e-01 6.786212e+01
5.545000e+02 7.743838e-01 6.770964e+01
5.550000e+02 7.748258e-01 6.762585e+01
5.555000e+02 7.743214e-01 6.774431e+01
5.560000e+02 7.745548e-01 6.771290e+01
5.565000e+02 7.723475e-01 6.818338e+01
5.570000e+02 7.730121e-01 6.806770e+01
5.575000e+02 7.729367e-01 6.810701e+01
5.580000e+02 7.432392e-01 7.440404e+01
5.585000e+02 7.722385e-01 6.829665e+01
5.590000e+02 7.707188e-01 6.864602e+01
5.595000e+02 7.578246e-01 7.135655e+01
5.600000e+02 7.546581e-01 7.193123e+01
5.605000e+02 7.697252e-01 6.890627e+01
5.610000e+02 7.710742e-01 6.865271e+01
5.615000e+02 7.707348e-01 6.874870e+01
5.620000e+02 7.704440e-01 6.882991e+01
5.625000e+02 7.701009e-01 6.892616e+01
5.630000e+02 7.690857e-01 6.916149e+01
5.635000e+02 7.640106e-01 7.024732e+01
5.640000e+02 7.679046e-01 6.946380e+01
5.645000e+02 7.665772e-01 6.977127e+01
5.650000e+02 7.640725e-01 7.032755e+01
5.655000e+02 7.550906e-01 7.220936e+01
5.660000e+02 7.329913e-01 7.675102e+01
5.665000e+02 6.956253e-01 8.444546e+01
5.670000e+02 7.035589e-01 8.281519e+01
5.675000e+02 7.495674e-01 7.359948e+01
5.680000e+02 7.584716e-01 7.169372e+01
5.685000e+02 7.614600e-01 7.104888e+01
5.690000e+02 7.611419e-01 7.110792e+01
5.695000e+02 7.583155e-01 7.168068e+01
5.700000e+02 7.028625e-01 8.301544e+01
5.705000e+02 7.464940e-01 7.408975e+01
5.710000e+02 2.100339e-01 1.900225e+02
5.715000e+02 7.535278e-01 7.272813e+01
5.720000e+02 7.593860e-01 7.157756e+01
5.725000e+02 7.574882e-01 7.198167e+01
5.730000e+02 7.403161e-01 7.551110e+01
5.735000e+02 7.374032e-01 7.613508e+01
5.740000e+02 7.569007e-01 7.217744e+01
5.745000e+02 7.298929e-01 7.786558e+01
5.750000e+02 7.579404e-01 7.204075e+01
5.755000e+02 7.567595e-01 7.233210e+01
5.760000e+02 7.502214e-01 7.370123e+01
5.765000e+02 5.828662e-01 1.091571e+02
5.770000e+02 7.457717e-01 7.473939e+01
5.775000e+02 7.336274e-01 7.718387e+01
5.780000e+02 7.471567e-01 7.451107e+01
5.785000e+02 7.533968e-01 7.321776e+01
5.790000e+02 7.554435e-01 7.277972e+01
5.795000e+02 7.565293e-01 7.255436e+01
5.800000e+02 7.553751e-01 7.281454e+01
5.805000e+02 7.560838e-01 7.267013e+01
5.810000e+02 7.543192e-01 7.305914e+01
5.815000e+02 7.498105e-01 7.400136e+01
5.820000e+02 7.048353e-01 8.310140e+01
5.825000e+02 7.353752e-01 7.695116e+01
5.830000e+02 7.475322e-01 7.453566e+01
5.835000e+02 6.548922e-01 9.404937e+01
5.840000e+02 7.515556e-01 7.374206e+01
5.845000e+02 7.541378e-01 7.323162e+01
5.850000e+02 7.545822e-01 7.315977e+01
5.855000e+02 7.545534e-01 7.318595e+01
5.860000e+02 7.541358e-01 7.329486e+01
5.865000e+02 7.539843e-01 7.334686e+01
5.870000e+02 7.531836e-01 7.353998e+01
5.875000e+02 7.533872e-01 7.351538e+01
5.880000e+02 7.531300e-01 7.359015e+01
5.885000e+02 7.525681e-01 7.372853e+01
5.890000e+02 7.499724e-01 7.428359e+01
5.895000e+02 7.511042e-01 7.407832e+01
5.900000e+02 7.491878e-01 7.448627e+01
5.905000e+02 7.434659e-01 7.566913e+01
5.910000e+02 6.862252e-01 8.816627e+01
5.915000e+02 7.444560e-01 7.551440e+01
5.920000e+02 7.472256e-01 7.498521e+01
5.925000e+02 7.251019e-01 7.949651e+01
5.930000e+02 7.441450e-01 7.565093e+01
5.935000e+02 7.472384e-01 7.505764e+01
5.940000e+02 7.468577e-01 7.515443e+01
5.945000e+02 7.429109e-01 7.596954e+01
5.950000e+02 6.692864e-01 9.102978e+01
5.955000e+02 7.391009e-01 7.677285e+01
5.960000e+02 7.454154e-01 7.554034e+01
5.965000e+02 7.463193e-01 7.538501e+01
5.970000e+02 7.463551e-01 7.540336e+01
5.975000e+02 7.460393e-01 7.549296e+01
5.980000e+02 7.456945e-01 7.558839e+01
5.985000e+02 7.454009e-01 7.567449e+01
5.990000e+02 7.447885e-01 7.582639e+01
5.995000e+02 7.433038e-01 7.615400e+01
6.000000e+02 6.961805e-01 8.612137e+01
6.005000e+02 7.418642e-01 7.651548e+01
6.010000e+02 7.399871e-01 7.695535e+01
6.015000e+02 7.392356e-01 7.715754e+01
6.020000e+02 7.358023e-01 7.793084e+01
6.025000e+02 7.229336e-01 8.056556e+01
6.030000e+02 7.284030e-01 7.950738e+01
6.035000e+02 7.358970e-01 7.798134e+01
6.040000e+02 7.380269e-01 7.752358e+01
6.045000e+02 7.393231e-01 7.725432e+01
6.050000e+02 7.396416e-01 7.719579e+01
6.055000e+02 7.392982e-01 7.728129e+01
6.060000e+02 7.388488e-01 7.739317e+01
6.065000e+02 7.388514e-01 7.741006e+01
6.070000e+02 7.381403e-01 7.757654e+01
6.075000e+02 7.368510e-01 7.785979e+01
6.080000e+02 7.333087e-01 7.860294e+01
6.085000e+02 7.356920e-01 7.815056e+01
6.090000e+02 7.333520e-01 7.865112e+01
6.095000e+02 7.185974e-01 8.163823e+01
6.100000e+02 7.032563e-01 8.473686e+01
6.105000e+02 6.573957e-01 9.400065e+01
6.110000e+02 7.100991e-01 8.339640e+01
6.115000e+02 7.074632e-01 8.394682e+01
6.120000e+02 7.301409e-01 7.944320e+01
6.125000e+02 7.324639e-01 7.899953e+01
6.130000e+02 7.331484e-01 7.888705e+01
6.135000e+02 7.334147e-01 7.885379e+01
6.140000e+02 7.327181e-01 7.901916e+01
6.145000e+02 7.283165e-01 7.992564e+01
6.150000e+02 7.256104e-01 8.049779e+01
6.155000e+02 7.310191e-01 7.943818e+01
6.160000e+02 7.293798e-01 7.978998e+01
6.165000e+02 7.279969e-01 8.009321e+01
6.170000e+02 7.295739e-01 7.980472e+01
6.175000e+02 7.271588e-01 8.032239e+01
6.180000e+02 7.299982e-01 7.977193e+01
6.185000e+02 7.295877e-01 7.988114e+01
6.190000e+02 7.284126e-01 8.014617e+01
6.195000e+02 7.265572e-01 8.054921e+01
6.200000e+02 7.209176e-01 8.171003e+01
6.205000e+02 6.804638e-01 8.980052e+01
6.210000e+02 6.689378e-01 9.214488e+01
6.215000e+02 7.197636e-01 8.201894e+01
6.220000e+02 7.240971e-01 8.117912e+01
6.225000e+02 7.247681e-01 8.107005e+01
6.230000e+02 7.231401e-01 8.142329e+01
6.235000e+02 7.024965e-01 8.558466e+01
6.240000e+02 7.144338e-01 8.321816e+01
6.245000e+02 7.225511e-01 8.163046e+01
6.250000e+02 7.214011e-01 8.189464e+01
6.255000e+02 7.133610e-01 8.355901e+01
6.260000e+02 7.208893e-01 8.209115e+01
6.265000e+02 7.190131e-01 8.254626e+01
6.270000e+02 7.140158e-01 8.366606e+01
6.275000e+02 6.987226e-01 8.682998e+01
6.280000e+02 6.966263e-01 8.729703e+01
6.285000e+02 7.124649e-01 8.406197e+01
6.290000e+02 7.170393e-01 8.307870e+01
6.295000e+02 7.188807e-01 8.268297e+01
6.300000e+02 7.191777e-01 8.262345e+01
6.305000e+02 7.195030e-01 8.256230e+01
6.310000e+02 7.191824e-01 8.264290e+01
6.315000e+02 7.175488e-01 8.299113e+01
6.320000e+02 6.991261e-01 8.670619e+01
6.325000e+02 7.110020e-01 8.434122e+01
6.330000e+02 7.153344e-01 8.350594e+01
6.335000e+02 7.113185e-01 8.433915e+01
6.340000e+02 7.102540e-01 8.456938e+01
6.345000e+02 5.520961e-01 1.172269e+02
6.350000e+02 7.121603e-01 8.423358e+01
6.355000e+02 7.155543e-01 8.358203e+01
6.360000e+02 7.159929e-01 8.351742e+01
6.365000e+02 7.159028e-01 8.355998e+01
6.370000e+02 7.153672e-01 8.369551e+01
6.375000e+02 7.145848e-01 8.387768e+01
6.380000e+02 7.127231e-01 8.427733e+01
6.385000e+02 7.017087e-01 8.652014e+01
6.390000e+02 6.370299e-01 9.960348e+01
6.395000e+02 7.065550e-01 8.559701e+01
6.400000e+02 6.924417e-01 8.850652e+01
6.405000e+02 7.083258e-01 8.529536e+01
6.410000e+02 7.100382e-01 8.497824e+01
6.415000e+02 6.918733e-01 8.877123e+01
6.420000e+02 6.979996e-01 8.742477e+01
6.425000e+02 6.657231e-01 9.393653e+01
6.430000e+02 7.040987e-01 8.628637e+01
6.435000e+02 7.039333e-01 8.635671e+01
6.440000e+02 7.051127e-01 8.613320e+01
6.445000e+02 6.913594e-01 8.887692e+01
6.450000e+02 6.759935e-01 9.196806e+01
6.455000e+02 6.971136e-01 8.780221e+01
6.460000e+02 6.994601e-01 8.741737e+01
6.465000e+02 7.020738e-01 8.690476e+01
6.470000e+02 7.024197e-01 8.682555e+01
6.475000e+02 6.887457e-01 8.958058e+01
6.480000e+02 6.600013e-01 9.534494e+01
6.485000e+02 7.006462e-01 8.725792e+01
6.490000e+02 7.029931e-01 8.682106e+01
6.495000e+02 7.027784e-01 8.689562e+01
6.500000e+02 7.006399e-01 8.736326e+01
6.505000e+02 6.936092e-01 8.881316e+01
6.510000e+02 6.845385e-01 9.064483e+01
6.515000e+02 3.868448e-01 1.519026e+02
6.520000e+02 6.813024e-01 9.143289e+01
6.525000e+02 6.822389e-01 9.134874e+01
6.530000e+02 6.743993e-01 9.293399e+01
6.535000e+02 6.584934e-01 9.611978e+01
6.540000e+02 6.498514e-01 9.780954e+01
6.545000e+02 6.232818e-01 1.030810e+02
6.550000e+02 2.466795e-01 1.810744e+02
6.555000e+02 5.118267e-01 1.252198e+02
6.560000e+02 2.126759e-01 1.874548e+02
6.565000e+02 4.170538e-01 1.449442e+02
6.570000e+02 6.640434e-01 9.505878e+01
6.575000e+02 6.112567e-01 1.064227e+02
6.580000e+02 5.627021e-01 1.160804e+02
6.585000e+02 6.860575e-01 9.071954e+01
6.590000e+02 6.881600e-01 9.032694e+01
6.595000e+02 6.940541e-01 8.916129e+01
6.600000e+02 6.948689e-01 8.901870e+01
6.605000e+02 6.946705e-01 8.907972e+01
6.610000e+02 6.911003e-01 8.981562e+01
6.615000e+02 5.950805e-01 1.095948e+02
6.620000e+02 6.922693e-01 8.963073e+01
6.625000e+02 6.941676e-01 8.927705e+01
6.630000e+02 6.941227e-01 8.931114e+01
6.635000e+02 6.941221e-01 8.933612e+01
6.640000e+02 6.932726e-01 8.953676e+01
6.645000e+02 6.835876e-01 9.162035e+01
6.650000e+02 6.877492e-01 9.069979e+01
6.655000e+02 6.557973e-01 9.708417e+01
6.660000e+02 6.734335e-01 9.358839e+01
6.665000e+02 6.608875e-01 9.618505e+01
6.670000e+02 6.821025e-01 9.193891e+01
6.675000e+02 6.835494e-01 9.172656e+01
6.680000e+02 6.875840e-01 9.089640e+01
6.685000e+02 6.891059e-01 9.060970e+01
6.690000e+02 6.871918e-01 9.102100e+01
6.695000e+02 6.755653e-01 9.335826e+01
6.700000e+02 6.356129e-01 1.013762e+02
6.705000e+02 6.823678e-01 9.207045e+01
6.710000e+02 6.816915e-01 9.223030e+01
6.715000e+02 6.434626e-01 9.986972e+01
6.720000e+02 6.635529e-01 9.591605e+01
6.725000e+02 6.682815e-01 9.501609e+01
6.730000e+02 6.772598e-01 9.327034e+01
6.735000e+02 6.814399e-01 9.243274e+01
6.740000e+02 6.543295e-01 9.795459e+01
6.745000e+02 6.835972e-01 9.204022e+01
6.750000e+02 6.842319e-01 9.194087e+01
6.755000e+02 6.834773e-01 9.212150e+01
6.760000e+02 6.620988e-01 9.651754e+01
6.765000e+02 6.807764e-01 9.275020e+01
6.770000e+02 6.758779e-01 9.380988e+01
6.775000e+02 6.738701e-01 9.428106e+01
6.780000e+02 6.635625e-01 9.633984e+01
6.785000e+02 6.755010e-01 9.399926e+01
6.790000e+02 6.771556e-01 9.365722e+01
6.795000e+02 6.799062e-01 9.307912e+01
6.800000e+02 6.808980e-01 9.288374e+01
6.805000e+02 6.810932e-01 9.285607e+01
6.810000e+02 6.810079e-01 9.289027e+01
6.815000e+02 6.805387e-01 9.300729e+01
6.820000e+02 6.800057e-01 9.313712e+01
6.825000e+02 6.797332e-01 9.321456e+01
6.830000e+02 6.779634e-01 9.360415e+01
6.835000e+02 6.664693e-01 9.592693e+01
6.840000e+02 6.732172e-01 9.458876e+01
6.845000e+02 6.754712e-01 9.416594e+01
6.850000e+02 6.775953e-01 9.377040e+01
6.855000e+02 6.774024e-01 9.383541e+01
6.860000e+02 6.770426e-01 9.393370e+01
6.865000e+02 6.767609e-01 9.401617e+01
6.870000e+02 6.763807e-01 9.411951e+01
6.875000e+02 6.758009e-01 9.426363e+01
6.880000e+02 6.754563e-01 9.436038e+01
6.885000e+02 6.749189e-01 9.449694e+01
6.890000e+02 6.742753e-01 9.465628e+01
6.895000e+02 6.734628e-01 9.485186e+01
6.900000e+02 6.723861e-01 9.510503e+01
6.905000e+02 6.705416e-01 9.552061e+01
6.910000e+02 6.665891e-01 9.636477e+01
6.915000e+02 6.485052e-01 1.000205e+02
6.920000e+02 6.486140e-01 1.000694e+02
6.925000e+02 6.163832e-01 1.064367e+02
6.930000e+02 6.556318e-01 9.860442e+01
6.935000e+02 4.468726e-01 1.416313e+02
6.940000e+02 6.595190e-01 9.787750e+01
6.945000e+02 6.562104e-01 9.856574e+01
6.950000e+02 6.553939e-01 9.875594e+01
6.955000e+02 6.648308e-01 9.691421e+01
6.960000e+02 6.506167e-01 9.982087e+01
6.965000e+02 6.649425e-01 9.694527e+01
6.970000e+02 6.648289e-01 9.700184e+01
6.975000e+02 6.591581e-01 9.823687e+01
6.980000e+02 6.649087e-01 9.704187e+01
6.985000e+02 6.636563e-01 9.732374e+01
6.990000e+02 6.217042e-01 1.061391e+02
6.995000e+02 6.616866e-01 9.778921e+01
7.000000e+02 6.595959e-01 9.824767e+01
7.005000e+02 6.482977e-01 1.005210e+02
7.010000e+02 6.103406e-01 1.081234e+02
7.015000e+02 5.764960e-01 1.159070e+02
7.020000e+02 6.537004e-01 9.963438e+01
7.025000e+02 6.508195e-01 1.002971e+02
7.030000e+02 6.279791e-01 1.050064e+02
7.035000e+02 6.504324e-01 1.004469e+02
7.040000e+02 6.536763e-01 9.978719e+01
7.045000e+02 6.543135e-01 9.966397e+01
7.050000e+02 6.542923e-01 9.969022e+01
7.055000e+02 6.535965e-01 9.986164e+01
7.060000e+02 6.521855e-01 1.001930e+02
7.065000e+02 6.514351e-01 1.003848e+02
7.070000e+02 6.498184e-01 1.007639e+02
7.075000e+02 6.478187e-01 1.012251e+02
7.080000e+02 6.409901e-01 1.026588e+02
7.085000e+02 6.424159e-01 1.024530e+02
7.090000e+02 6.403938e-01 1.029516e+02
7.095000e+02 6.309549e-01 1.049478e+02
7.100000e+02 6.316671e-01 1.049438e+02
7.105000e+02 6.270744e-01 1.060385e+02
7.110000e+02 6.184179e-01 1.080049e+02
7.115000e+02 5.366280e-01 1.257799e+02
7.120000e+02 5.950219e-01 1.133754e+02
7.125000e+02 5.744692e-01 1.180855e+02
7.130000e+02 5.418876e-01 1.255258e+02
7.135000e+02 4.880211e-01 1.378242e+02
7.140000e+02 3.943753e-01 1.592466e+02
7.145000e+02 2.336535e-01 1.963032e+02
7.150000e+02 4.166751e-02 2.421883e+02
7.155000e+02 1.066288e-03 2.535607e+02
7.160000e+02 1.160517e-01 2.239907e+02
7.165000e+02 3.098594e-01 1.787013e+02
7.170000e+02 4.361839e-01 1.496890e+02
7.175000e+02 5.083888e-01 1.332143e+02
7.180000e+02 5.391750e-01 1.258582e+02
7.185000e+02 5.519235e-01 1.225781e+02
7.190000e+02 5.902537e-01 1.145169e+02
7.195000e+02 5.929166e-01 1.136452e+02
7.200000e+02 5.919460e-01 1.136105e+02
7.205000e+02 6.170282e-01 1.085107e+02
7.210000e+02 6.237606e-01 1.070590e+02
7.215000e+02 6.272681e-01 1.062834e+02
7.220000e+02 6.294203e-01 1.057998e+02
7.225000e+02 6.295522e-01 1.057317e+02
7.230000e+02 6.097860e-01 1.097928e+02
7.235000e+02 5.698571e-01 1.175418e+02
7.240000e+02 6.303214e-01 1.055213e+02
7.245000e+02 6.344703e-01 1.047086e+02
7.250000e+02 6.359307e-01 1.044241e+02
7.255000e+02 6.353760e-01 1.045615e+02
7.260000e+02 6.358973e-01 1.044619e+02
7.265000e+02 6.288726e-01 1.058897e+02
7.270000e+02 6.307189e-01 1.055758e+02
7.275000e+02 6.304876e-01 1.056883e+02
7.280000e+02 6.178687e-01 1.082163e+02
7.285000e+02 6.288846e-01 1.060683e+02
7.290000e+02 6.323256e-01 1.053715e+02
7.295000e+02 6.319501e-01 1.054614e+02
7.300000e+02 5.880921e-01 1.147959e+02
7.305000e+02 6.236855e-01 1.072745e+02
7.310000e+02 6.004702e-01 1.119427e+02
7.315000e+02 6.111984e-01 1.098672e+02
7.320000e+02 6.272778e-01 1.065657e+02
7.325000e+02 6.315049e-01 1.056521e+02
7.330000e+02 6.329842e-01 1.053336e+02
7.335000e+02 6.326346e-01 1.054021e+02
7.340000e+02 6.272040e-01 1.064828e+02
7.345000e+02 5.975229e-01 1.124053e+02
7.350000e+02 5.566143e-01 1.217580e+02
7.355000e+02 6.315865e-01 1.056795e+02
7.360000e+02 6.326154e-01 1.054964e+02
7.365000e+02 6.164986e-01 1.089031e+02
7.370000e+02 6.323266e-01 1.056013e+02
7.375000e+02 6.321407e-01 1.056633e+02
7.380000e+02 6.315387e-01 1.058099e+02
7.385000e+02 6.309361e-01 1.059555e+02
7.390000e+02 6.298837e-01 1.061916e+02
7.395000e+02 6.272374e-01 1.067415e+02
7.400000e+02 6.137083e-01 1.094468e+02
7.405000e+02 5.683088e-01 1.184561e+02
7.410000e+02 6.235483e-01 1.075489e+02
7.415000e+02 6.258103e-01 1.071466e+02
7.420000e+02 6.260702e-01 1.071170e+02
7.425000e+02 6.253624e-01 1.072869e+02
7.430000e+02 6.234848e-01 1.076944e+02
7.435000e+02 6.253772e-01 1.073452e+02
7.440000e+02 6.257298e-01 1.073048e+02
7.445000e+02 6.251539e-01 1.074504e+02
7.450000e+02 6.241420e-01 1.076847e+02
7.455000e+02 6.223063e-01 1.080833e+02
7.460000e+02 6.161112e-01 1.093554e+02
7.465000e+02 5.342896e-01 1.271233e+02
7.470000e+02 5.717582e-01 1.182161e+02
7.475000e+02 6.162990e-01 1.094125e+02
7.480000e+02 6.166329e-01 1.093807e+02
7.485000e+02 5.868567e-01 1.154771e+02
7.490000e+02 6.062084e-01 1.114954e+02
7.495000e+02 6.157622e-01 1.096654e+02
7.500000e+02 6.157038e-01 1.097265e+02
7.505000e+02 6.129350e-01 1.103334e+02
7.510000e+02 6.044378e-01 1.120719e+02
7.515000e+02 6.013964e-01 1.127238e+02
7.520000e+02 5.988808e-01 1.132951e+02
7.525000e+02 6.069245e-01 1.117534e+02
7.530000e+02 5.990864e-01 1.133401e+02
7.535000e+02 6.031623e-01 1.125872e+02
7.540000e+02 6.041637e-01 1.123836e+02
7.545000e+02 5.270245e-01 1.280725e+02
7.550000e+02 6.054555e-01 1.121539e+02
7.555000e+02 6.062014e-01 1.120408e+02
7.560000e+02 6.052109e-01 1.122690e+02
7.565000e+02 6.015432e-01 1.130302e+02
7.570000e+02 5.773817e-01 1.177945e+02
7.575000e+02 5.762225e-01 1.180748e+02
7.580000e+02 5.977554e-01 1.139326e+02
7.585000e+02 5.991016e-01 1.137311e+02
7.590000e+02 5.982721e-01 1.139577e+02
7.595000e+02 5.966537e-01 1.143437e+02
7.600000e+02 5.934299e-01 1.150490e+02
7.605000e+02 5.867142e-01 1.164608e+02
7.610000e+02 5.901980e-01 1.158515e+02
7.615000e+02 5.877718e-01 1.164248e+02
7.620000e+02 5.847782e-01 1.171135e+02
7.625000e+02 5.820686e-01 1.177560e+02
7.630000e+02 5.786681e-01 1.185488e+02
7.635000e+02 5.745490e-01 1.194979e+02
7.640000e+02 5.697171e-01 1.206067e+02
7.645000e+02 5.639142e-01 1.219310e+02
7.650000e+02 5.503760e-01 1.248323e+02
7.655000e+02 5.475748e-01 1.256040e+02
7.660000e+02 5.322550e-01 1.288566e+02
7.665000e+02 5.134660e-01 1.328516e+02
7.670000e+02 5.200913e-01 1.319195e+02
7.675000e+02 5.060841e-01 1.351173e+02
7.680000e+02 4.911813e-01 1.385911e+02
7.685000e+02 4.711303e-01 1.432173e+02
7.690000e+02 4.456298e-01 1.490988e+02
7.695000e+02 4.130383e-01 1.566286e+02
7.700000e+02 3.703083e-01 1.665269e+02
7.705000e+02 3.175421e-01 1.788849e+02
7.710000e+02 2.495503e-01 1.949930e+02
7.715000e+02 1.679866e-01 2.148080e+02
7.720000e+02 8.190959e-02 2.367978e+02
7.725000e+02 1.858890e-02 2.552596e+02
7.730000e+02 4.586361e-04 2.639371e+02
7.735000e+02 1.545628e-09 2.665309e+02
7.740000e+02 2.997996e-15 2.668782e+02
7.745000e+02 3.036132e-05 2.652200e+02
7.750000e+02 7.254940e-03 2.595983e+02
7.755000e+02 5.360500e-02 2.445630e+02
7.760000e+02 1.292338e-01 2.242492e+02
7.765000e+02 2.067706e-01 2.048461e+02
7.770000e+02 2.844087e-01 1.866130e+02
7.775000e+02 3.435658e-01 1.728444e+02
7.780000e+02 3.847890e-01 1.631822e+02
7.785000e+02 4.202941e-01 1.550355e+02
7.790000e+02 4.497775e-01 1.483110e+02
7.795000e+02 4.603501e-01 1.455010e+02
7.800000e+02 4.826070e-01 1.405691e+02
7.805000e+02 5.042422e-01 1.358874e+02
7.810000e+02 5.163860e-01 1.331476e+02
7.815000e+02 5.244667e-01 1.312730e+02
7.820000e+02 5.240162e-01 1.311065e+02
7.825000e+02 4.078996e-01 1.542033e+02
7.830000e+02 5.382024e-01 1.279949e+02
7.835000e+02 5.422255e-01 1.270906e+02
7.840000e+02 5.487632e-01 1.256871e+02
7.845000e+02 5.225090e-01 1.307167e+02
7.850000e+02 5.436598e-01 1.264898e+02
7.855000e+02 5.539034e-01 1.244514e+02
7.860000e+02 5.633167e-01 1.225464e+02
7.865000e+02 5.679916e-01 1.215856e+02
7.870000e+02 5.702521e-01 1.211052e+02
7.875000e+02 5.720170e-01 1.207285e+02
7.880000e+02 5.733461e-01 1.204450e+02
7.885000e+02 5.743010e-01 1.202418e+02
7.890000e+02 5.748996e-01 1.201152e+02
7.895000e+02 5.757519e-01 1.199442e+02
7.900000e+02 5.757664e-01 1.199504e+02
7.905000e+02 5.736256e-01 1.204118e+02
7.910000e+02 5.690796e-01 1.213489e+02
7.915000e+02 5.666367e-01 1.218283e+02
7.920000e+02 5.732526e-01 1.204956e+02
7.925000e+02 5.731989e-01 1.204763e+02
7.930000e+02 5.483304e-01 1.253981e+02
7.935000e+02 5.658640e-01 1.219008e+02
7.940000e+02 5.770812e-01 1.197082e+02
7.945000e+02 5.778607e-01 1.195618e+02
7.950000e+02 5.793042e-01 1.192817e+02
7.955000e+02 5.797210e-01 1.192102e+02
7.960000e+02 5.791218e-01 1.193555e+02
7.965000e+02 5.799678e-01 1.191878e+02
7.970000e+02 5.799275e-01 1.192118e+02
7.975000e+02 5.796891e-01 1.192768e+02
7.980000e+02 5.792097e-01 1.193894e+02
7.985000e+02 5.752594e-01 1.201874e+02
7.990000e+02 5.744341e-01 1.203674e+02
7.995000e+02 5.763718e-01 1.200192e+02
8.000000e+02 5.786491e-01 1.195815e+02
8.005000e+02 5.784379e-01 1.196469e+02
8.010000e+02 5.779108e-01 1.197791e+02
8.015000e+02 5.771250e-01 1.199666e+02
8.020000e+02 5.745828e-01 1.205097e+02
8.025000e+02 5.659181e-01 1.222947e+02
8.030000e+02 5.687838e-01 1.217651e+02
8.035000e+02 5.682206e-01 1.219031e+02
8.040000e+02 5.727156e-01 1.210171e+02
8.045000e+02 5.730133e-01 1.209505e+02
8.050000e+02 5.734550e-01 1.208762e+02
8.055000e+02 5.731750e-01 1.209537e+02
8.060000e+02 5.710123e-01 1.214226e+02
8.065000e+02 5.633371e-01 1.229471e+02
8.070000e+02 5.621789e-01 1.231986e+02
8.075000e+02 4.958306e-01 1.362439e+02
8.080000e+02 5.567878e-01 1.242223e+02
8.085000e+02 5.693470e-01 1.218070e+02
8.090000e+02 5.710046e-01 1.215075e+02
8.095000e+02 5.683990e-01 1.220811e+02
8.100000e+02 5.682648e-01 1.221154e+02
8.105000e+02 5.558446e-01 1.245764e+02
8.110000e+02 5.411252e-01 1.276028e+02
8.115000e+02 4.865531e-01 1.387371e+02
8.120000e+02 5.663150e-01 1.225982e+02
8.125000e+02 5.663334e-01 1.226144e+02
8.130000e+02 5.407221e-01 1.276870e+02
8.135000e+02 5.587581e-01 1.241430e+02
8.140000e+02 3.145038e-01 1.749837e+02
8.145000e+02 5.638636e-01 1.232004e+02
8.150000e+02 5.665395e-01 1.227002e+02
8.155000e+02 5.670897e-01 1.226161e+02
8.160000e+02 5.665668e-01 1.227482e+02
8.165000e+02 5.664058e-01 1.228081e+02
8.170000e+02 5.658163e-01 1.229555e+02
8.175000e+02 5.648881e-01 1.231721e+02
8.180000e+02 5.635132e-01 1.234747e+02
8.185000e+02 5.525082e-01 1.257137e+02
8.190000e+02 5.610942e-01 1.240241e+02
8.195000e+02 5.532582e-01 1.255944e+02
8.200000e+02 5.532949e-01 1.256245e+02
8.205000e+02 5.583450e-01 1.246876e+02
8.210000e+02 5.591751e-01 1.245555e+02
8.215000e+02 5.584292e-01 1.247448e+02
8.220000e+02 5.569041e-01 1.250977e+02
8.225000e+02 5.557332e-01 1.253721e+02
8.230000e+02 5.544457e-01 1.256780e+02
8.235000e+02 5.524318e-01 1.261371e+02
8.240000e+02 5.496969e-01 1.267441e+02
8.245000e+02 5.467918e-01 1.273764e+02
8.250000e+02 5.407511e-01 1.286362e+02
8.255000e+02 5.085133e-01 1.349841e+02
8.260000e+02 5.017618e-01 1.364126e+02
8.265000e+02 4.680446e-01 1.434563e+02
8.270000e+02 5.272557e-01 1.317309e+02
8.275000e+02 5.209724e-01 1.331505e+02
8.280000e+02 4.597864e-01 1.462406e+02
8.285000e+02 5.092583e-01 1.358549e+02
8.290000e+02 5.053598e-01 1.368687e+02
8.295000e+02 4.936660e-01 1.395018e+02
8.300000e+02 4.779350e-01 1.429989e+02
8.305000e+02 4.292660e-01 1.532339e+02
8.310000e+02 2.491576e-01 1.903822e+02
8.315000e+02 3.383775e-01 1.732288e+02
8.320000e+02 3.141686e-01 1.799164e+02
8.325000e+02 2.307381e-01 1.995218e+02
8.330000e+02 1.102582e-01 2.285148e+02
8.335000e+02 1.606142e-02 2.543337e+02
8.340000e+02 2.963430e-06 2.622982e+02
8.345000e+02 7.499270e-04 2.608647e+02
8.350000e+02 4.796639e-02 2.449771e+02
8.355000e+02 1.647697e-01 2.154244e+02
8.360000e+02 2.756757e-01 1.893626e+02
8.365000e+02 3.447727e-01 1.732110e+02
8.370000e+02 3.696929e-01 1.666881e+02
8.375000e+02 4.271130e-01 1.543367e+02
8.380000e+02 4.298945e-01 1.530659e+02
8.385000e+02 4.197988e-01 1.546400e+02
8.390000e+02 4.786814e-01 1.427129e+02
8.395000e+02 4.239590e-01 1.530799e+02
8.400000e+02 4.635793e-01 1.451664e+02
8.405000e+02 4.716512e-01 1.434614e+02
8.410000e+02 3.597822e-01 1.655042e+02
8.415000e+02 3.895966e-01 1.593950e+02
8.420000e+02 3.924792e-01 1.588020e+02
8.425000e+02 3.211506e-01 1.722848e+02
8.430000e+02 1.312679e-01 2.096331e+02
8.435000e+02 4.677044e-01 1.438123e+02
8.440000e+02 5.123449e-01 1.351214e+02
8.445000e+02 5.258577e-01 1.324518e+02
8.450000e+02 5.306291e-01 1.314996e+02
8.455000e+02 5.308042e-01 1.314882e+02
8.460000e+02 5.350837e-01 1.306058e+02
8.465000e+02 5.349864e-01 1.306467e+02
8.470000e+02 5.376199e-01 1.301070e+02
8.475000e+02 5.377027e-01 1.301001e+02
8.480000e+02 5.372097e-01 1.302108e+02
8.485000e+02 5.362072e-01 1.304173e+02
8.490000e+02 4.686638e-01 1.439541e+02
8.495000e+02 5.346036e-01 1.307538e+02
8.500000e+02 5.330972e-01 1.310860e+02
8.505000e+02 5.382906e-01 1.300635e+02
8.510000e+02 5.384954e-01 1.300445e+02
8.515000e+02 5.372831e-01 1.303091e+02
8.520000e+02 5.376661e-01 1.302643e+02
8.525000e+02 5.343515e-01 1.309639e+02
8.530000e+02 5.315277e-01 1.315693e+02
8.535000e+02 5.302391e-01 1.318324e+02
8.540000e+02 5.347699e-01 1.309552e+02
8.545000e+02 5.360189e-01 1.306987e+02
8.550000e+02 5.362115e-01 1.306630e+02
8.555000e+02 5.308105e-01 1.317720e+02
8.560000e+02 5.358469e-01 1.307570e+02
8.565000e+02 5.329629e-01 1.313601e+02
8.570000e+02 5.293372e-01 1.320947e+02
8.575000e+02 5.202102e-01 1.338598e+02
8.580000e+02 3.008134e-01 1.779095e+02
8.585000e+02 5.260373e-01 1.327556e+02
8.590000e+02 5.329269e-01 1.314465e+02
8.595000e+02 5.340169e-01 1.312604e+02
8.600000e+02 5.335147e-01 1.313873e+02
8.605000e+02 5.288906e-01 1.323368e+02
8.610000e+02 5.287909e-01 1.323570e+02
8.615000e+02 4.178660e-01 1.547457e+02
8.620000e+02 5.278789e-01 1.325753e+02
8.625000e+02 5.224742e-01 1.336307e+02
8.630000e+02 4.410570e-01 1.496988e+02
8.635000e+02 5.274249e-01 1.327188e+02
8.640000e+02 5.311159e-01 1.320294e+02
8.645000e+02 5.316601e-01 1.319467e+02
8.650000e+02 5.312796e-01 1.320498e+02
8.655000e+02 5.246844e-01 1.334117e+02
8.660000e+02 5.143370e-01 1.354262e+02
8.665000e+02 5.280623e-01 1.327435e+02
8.670000e+02 5.304257e-01 1.323060e+02
8.675000e+02 5.304774e-01 1.323185e+02
8.680000e+02 5.301484e-01 1.324062e+02
8.685000e+02 5.255600e-01 1.333589e+02
8.690000e+02 5.168286e-01 1.351026e+02
8.695000e+02 5.201537e-01 1.345851e+02
8.700000e+02 5.282920e-01 1.328695e+02
8.705000e+02 5.273430e-01 1.330781e+02
8.710000e+02 5.283338e-01 1.329053e+02
8.715000e+02 5.280132e-01 1.329922e+02
8.720000e+02 5.276800e-01 1.330821e+02
8.725000e+02 5.272494e-01 1.331937e+02
8.730000e+02 5.269466e-01 1.332759e+02
8.735000e+02 5.265875e-01 1.333713e+02
8.740000e+02 5.248454e-01 1.337453e+02
8.745000e+02 5.256891e-01 1.335991e+02
8.750000e+02 5.251358e-01 1.337337e+02
8.755000e+02 5.137582e-01 1.360705e+02
8.760000e+02 5.240626e-01 1.340009e+02
8.765000e+02 5.236004e-01 1.341243e+02
8.770000e+02 5.227621e-01 1.343261e+02
8.775000e+02 5.214292e-01 1.346360e+02
8.780000e+02 5.188101e-01 1.352044e+02
8.785000e+02 5.139161e-01 1.361851e+02
8.790000e+02 5.189292e-01 1.352235e+02
8.795000e+02 5.198592e-01 1.350400e+02
8.800000e+02 5.202251e-01 1.349717e+02
8.805000e+02 5.198292e-01 1.350640e+02
8.810000e+02 5.181763e-01 1.354086e+02
8.815000e+02 5.125293e-01 1.365585e+02
8.820000e+02 5.166075e-01 1.357523e+02
8.825000e+02 5.101774e-01 1.370096e+02
8.830000e+02 3.481880e-01 1.690904e+02
8.835000e+02 5.050390e-01 1.380454e+02
8.840000e+02 5.143919e-01 1.362803e+02
8.845000e+02 5.156354e-01 1.360678e+02
8.850000e+02 5.153988e-01 1.361398e+02
8.855000e+02 5.120163e-01 1.368462e+02
8.860000e+02 5.116182e-01 1.369316e+02
8.865000e+02 4.405716e-01 1.511365e+02
8.870000e+02 5.036810e-01 1.385233e+02
8.875000e+02 5.003892e-01 1.391850e+02
8.880000e+02 4.689244e-01 1.453008e+02
8.885000e+02 4.995027e-01 1.393778e+02
8.890000e+02 5.109025e-01 1.372142e+02
8.895000e+02 5.124546e-01 1.369383e+02
8.900000e+02 5.127608e-01 1.369031e+02
8.905000e+02 5.124548e-01 1.369888e+02
8.910000e+02 5.121503e-01 1.370757e+02
8.915000e+02 5.117636e-01 1.371786e+02
8.920000e+02 5.113346e-01 1.372924e+02
8.925000e+02 5.106253e-01 1.374650e+02
8.930000e+02 5.095381e-01 1.377180e+02
8.935000e+02 5.061241e-01 1.384478e+02
8.940000e+02 5.036902e-01 1.389975e+02
8.945000e+02 4.913966e-01 1.415515e+02
8.950000e+02 4.557901e-01 1.484464e+02
8.955000e+02 4.867460e-01 1.425425e+02
8.960000e+02 3.938150e-01 1.607824e+02
8.965000e+02 4.969938e-01 1.403645e+02
8.970000e+02 5.042485e-01 1.389585e+02
8.975000e+02 5.057788e-01 1.386678e+02
8.980000e+02 5.062212e-01 1.385948e+02
8.985000e+02 5.060183e-01 1.386539e+02
8.990000e+02 5.061243e-01 1.386532e+02
8.995000e+02 5.057903e-01 1.387418e+02
9.000000e+02 5.053319e-01 1.388564e+02
9.005000e+02 5.043205e-01 1.390800e+02
9.010000e+02 4.997510e-01 1.400048e+02
9.015000e+02 5.016479e-01 1.396600e+02
9.020000e+02 5.026811e-01 1.394949e+02
9.025000e+02 5.001994e-01 1.400270e+02
9.030000e+02 4.997674e-01 1.401603e+02
9.035000e+02 4.937767e-01 1.413585e+02
9.040000e+02 4.992201e-01 1.403121e+02
9.045000e+02 4.863385e-01 1.429585e+02
9.050000e+02 5.005182e-01 1.400633e+02
9.055000e+02 5.001217e-01 1.401627e+02
9.060000e+02 4.996125e-01 1.402759e+02
9.065000e+02 4.926862e-01 1.417372e+02
9.070000e+02 4.978898e-01 1.406549e+02
9.075000e+02 4.941747e-01 1.413944e+02
9.080000e+02 4.674717e-01 1.465400e+02
9.085000e+02 4.574814e-01 1.484961e+02
9.090000e+02 4.860318e-01 1.430479e+02
9.095000e+02 4.949357e-01 1.413526e+02
9.100000e+02 4.894595e-01 1.425376e+02
9.105000e+02 4.957076e-01 1.412554e+02
9.110000e+02 4.966463e-01 1.410863e+02
9.115000e+02 4.959068e-01 1.412517e+02
9.120000e+02 4.785908e-01 1.447438e+02
9.125000e+02 4.955226e-01 1.413754e+02
9.130000e+02 4.955207e-01 1.414016e+02
9.135000e+02 4.953031e-01 1.414691e+02
9.140000e+02 4.947472e-01 1.416040e+02
9.145000e+02 4.940476e-01 1.417647e+02
9.150000e+02 4.940249e-01 1.417938e+02
9.155000e+02 4.936724e-01 1.418882e+02
9.160000e+02 4.933571e-01 1.419754e+02
9.165000e+02 4.928757e-01 1.420961e+02
9.170000e+02 4.923013e-01 1.422362e+02
9.175000e+02 4.904287e-01 1.426385e+02
9.180000e+02 4.905765e-01 1.426350e+02
9.185000e+02 4.868963e-01 1.433886e+02
9.190000e+02 4.777565e-01 1.452117e+02
9.195000e+02 4.785672e-01 1.450920e+02
9.200000e+02 4.832889e-01 1.441965e+02
9.205000e+02 4.863081e-01 1.436413e+02
9.210000e+02 4.855627e-01 1.438225e+02
9.215000e+02 4.817195e-01 1.446115e+02
9.220000e+02 4.794690e-01 1.450620e+02
9.225000e+02 4.847833e-01 1.440407e+02
9.230000e+02 4.858285e-01 1.438318e+02
9.235000e+02 4.850785e-01 1.439933e+02
9.240000e+02 4.851912e-01 1.439830e+02
9.245000e+02 4.829222e-01 1.444432e+02
9.250000e+02 4.647956e-01 1.479485e+02
9.255000e+02 4.683398e-01 1.472899e+02
9.260000e+02 4.769545e-01 1.456714e+02
9.265000e+02 4.568179e-01 1.496356e+02
9.270000e+02 4.799137e-01 1.451693e+02
9.275000e+02 4.269253e-01 1.558180e+02
9.280000e+02 4.773887e-01 1.457633e+02
9.285000e+02 4.708172e-01 1.471335e+02
9.290000e+02 4.796134e-01 1.453683e+02
9.295000e+02 4.800789e-01 1.452787e+02
9.300000e+02 4.809016e-01 1.451240e+02
9.305000e+02 4.807477e-01 1.451693e+02
9.310000e+02 4.802418e-01 1.452876e+02
9.315000e+02 4.784658e-01 1.456560e+02
9.320000e+02 4.770456e-01 1.459543e+02
9.325000e+02 4.703560e-01 1.472662e+02
9.330000e+02 4.024464e-01 1.603896e+02
9.335000e+02 4.536846e-01 1.505464e+02
9.340000e+02 4.738764e-01 1.466601e+02
9.345000e+02 4.766224e-01 1.461527e+02
9.350000e+02 4.771095e-01 1.460801e+02
9.355000e+02 4.766763e-01 1.461846e+02
9.360000e+02 4.742949e-01 1.466843e+02
9.365000e+02 4.765917e-01 1.462487e+02
9.370000e+02 4.739557e-01 1.467812e+02
9.375000e+02 4.752988e-01 1.465455e+02
9.380000e+02 4.759776e-01 1.464406e+02
9.385000e+02 4.756449e-01 1.465302e+02
9.390000e+02 4.753412e-01 1.466135e+02
9.395000e+02 4.749442e-01 1.467153e+02
9.400000e+02 4.737944e-01 1.469660e+02
9.405000e+02 4.739436e-01 1.469603e+02
9.410000e+02 4.735676e-01 1.470578e+02
9.415000e+02 4.732180e-01 1.471496e+02
9.420000e+02 4.729237e-01 1.472301e+02
9.425000e+02 4.720838e-01 1.474201e+02
9.430000e+02 4.713620e-01 1.475853e+02
9.435000e+02 4.691648e-01 1.480507e+02
9.440000e+02 4.711164e-01 1.476812e+02
9.445000e+02 4.692062e-01 1.480812e+02
9.450000e+02 4.619198e-01 1.495273e+02
9.455000e+02 4.695279e-01 1.480648e+02
9.460000e+02 4.695517e-01 1.480854e+02
9.465000e+02 4.691136e-01 1.481958e+02
9.470000e+02 4.684655e-01 1.483475e+02
9.475000e+02 4.669274e-01 1.486790e+02
9.480000e+02 4.654200e-01 1.489884e+02
9.485000e+02 4.550059e-01 1.510047e+02
9.490000e+02 4.250010e-01 1.568229e+02
9.495000e+02 4.617243e-01 1.497804e+02
9.500000e+02 4.623163e-01 1.496973e+02
9.505000e+02 4.464466e-01 1.527659e+02
9.510000e+02 4.512540e-01 1.518676e+02
9.515000e+02 4.294834e-01 1.565676e+02
9.520000e+02 4.626313e-01 1.497582e+02
9.525000e+02 4.621391e-01 1.498968e+02
9.530000e+02 4.606003e-01 1.502508e+02
9.535000e+02 4.544220e-01 1.515100e+02
9.540000e+02 4.570210e-01 1.510498e+02
9.545000e+02 4.480232e-01 1.527875e+02
9.550000e+02 4.554394e-01 1.513902e+02
9.555000e+02 4.568667e-01 1.510875e+02
9.560000e+02 4.379895e-01 1.547823e+02
9.565000e+02 4.584744e-01 1.507817e+02
9.570000e+02 4.555148e-01 1.513879e+02
9.575000e+02 4.569470e-01 1.511087e+02
9.580000e+02 4.489930e-01 1.526418e+02
9.585000e+02 1.366417e-01 2.154651e+02
9.590000e+02 4.488623e-01 1.527169e+02
9.595000e+02 4.558593e-01 1.514079e+02
9.600000e+02 4.564067e-01 1.513292e+02
9.605000e+02 4.575282e-01 1.511326e+02
9.610000e+02 4.575517e-01 1.511499e+02
9.615000e+02 4.572254e-01 1.512362e+02
9.620000e+02 4.565491e-01 1.513894e+02
9.625000e+02 4.530218e-01 1.520999e+02
9.630000e+02 4.562074e-01 1.515050e+02
9.635000e+02 4.560076e-01 1.515682e+02
9.640000e+02 4.557238e-01 1.516469e+02
9.645000e+02 4.552668e-01 1.517600e+02
9.650000e+02 4.547158e-01 1.518918e+02
9.655000e+02 4.542840e-01 1.520010e+02
9.660000e+02 4.539004e-01 1.520993e+02
9.665000e+02 4.533310e-01 1.522345e+02
9.670000e+02 4.525979e-01 1.524022e+02
9.675000e+02 4.515277e-01 1.526357e+02
9.680000e+02 4.494788e-01 1.530575e+02
9.685000e+02 4.427987e-01 1.543590e+02
9.690000e+02 3.497902e-01 1.723282e+02
9.695000e+02 3.978846e-01 1.632335e+02
9.700000e+02 3.731744e-01 1.686442e+02
9.705000e+02 4.447288e-01 1.541039e+02
9.710000e+02 4.467490e-01 1.537383e+02
9.715000e+02 4.481387e-01 1.534926e+02
9.720000e+02 4.476874e-01 1.536024e+02
9.725000e+02 4.446006e-01 1.542165e+02
9.730000e+02 2.361882e-01 1.967259e+02
9.735000e+02 4.432498e-01 1.545248e+02
9.740000e+02 4.458181e-01 1.540598e+02
9.745000e+02 4.461906e-01 1.540131e+02
9.750000e+02 4.462499e-01 1.540251e+02
9.755000e+02 4.461932e-01 1.540602e+02
9.760000e+02 4.453557e-01 1.542482e+02
9.765000e+02 4.318686e-01 1.569720e+02
9.770000e+02 4.431709e-01 1.547290e+02
9.775000e+02 4.438224e-01 1.546437e+02
9.780000e+02 4.424767e-01 1.549520e+02
9.785000e+02 4.383754e-01 1.557830e+02
9.790000e+02 4.391594e-01 1.556585e+02
9.795000e+02 4.375377e-01 1.559837e+02
9.800000e+02 3.841469e-01 1.667060e+02
9.805000e+02 4.396353e-01 1.555946e+02
9.810000e+02 4.407178e-01 1.553996e+02
9.815000e+02 4.398323e-01 1.555914e+02
9.820000e+02 4.372532e-01 1.561034e+02
9.825000e+02 4.246789e-01 1.585088e+02
9.830000e+02 3.581407e-01 1.713697e+02
9.835000e+02 4.327039e-01 1.570401e+02
9.840000e+02 4.376153e-01 1.561268e+02
9.845000e+02 4.384634e-01 1.559875e+02
9.850000e+02 4.382645e-01 1.560523e+02
9.855000e+02 4.384511e-01 1.560360e+02
9.860000e+02 4.221156e-01 1.593855e+02
9.865000e+02 4.372923e-01 1.563129e+02
9.870000e+02 4.374886e-01 1.562928e+02
9.875000e+02 4.346740e-01 1.568663e+02
9.880000e+02 4.367948e-01 1.564725e+02
9.885000e+02 4.366492e-01 1.565255e+02
9.890000e+02 4.352781e-01 1.568380e+02
9.895000e+02 4.358772e-01 1.567234e+02
9.900000e+02 4.350368e-01 1.569172e+02
9.905000e+02 4.348785e-01 1.569663e+02
9.910000e+02 4.341460e-01 1.571342e+02
9.915000e+02 4.331971e-01 1.573430e+02
9.920000e+02 4.312543e-01 1.577422e+02
9.925000e+02 4.133896e-01 1.611945e+02
9.930000e+02 4.222675e-01 1.595245e+02
9.935000e+02 4.259340e-01 1.588352e+02
9.940000e+02 4.044825e-01 1.629200e+02
9.945000e+02 3.822660e-01 1.672016e+02
9.950000e+02 4.230826e-01 1.594532e+02
9.955000e+02 4.200273e-01 1.600848e+02
9.960000e+02 4.278147e-01 1.586039e+02
9.965000e+02 4.292332e-01 1.583541e+02
9.970000e+02 4.291322e-01 1.583997e+02
9.975000e+02 4.266920e-01 1.589145e+02
9.980000e+02 4.276515e-01 1.587521e+02
9.985000e+02 4.241397e-01 1.594809e+02
9.990000e+02 4.165904e-01 1.609399e+02
9.995000e+02 4.247002e-01 1.594225e+02
1.000000e+03 4.259042e-01 1.591897e+02
1.0 10 0
1.000000e+01 9.957902e-01 3.728820e+00
1.050000e+01 9.956773e-01 3.757334e+00
1.100000e+01 9.955359e-01 3.792218e+00
1.150000e+01 9.954369e-01 3.818211e+00
1.200000e+01 9.953079e-01 3.850896e+00
1.250000e+01 9.951709e-01 3.885514e+00
1.300000e+01 9.950273e-01 3.921801e+00
1.350000e+01 9.948770e-01 3.959763e+00
1.400000e+01 9.947199e-01 3.999443e+00
1.450000e+01 9.945546e-01 4.041128e+00
1.500000e+01 9.943760e-01 4.085906e+00
1.550000e+01 9.942075e-01 4.128825e+00
1.600000e+01 9.940180e-01 4.176485e+00
1.650000e+01 9.938304e-01 4.224033e+00
1.700000e+01 9.936327e-01 4.274028e+00
1.750000e+01 9.934259e-01 4.326236e+00
1.800000e+01 9.932111e-01 4.380466e+00
1.850000e+01 9.929882e-01 4.436727e+00
1.900000e+01 9.927569e-01 4.495080e+00
1.950000e+01 9.925172e-01 4.555559e+00
2.000000e+01 9.922686e-01 4.618266e+00
2.050000e+01 9.920110e-01 4.683220e+00
2.100000e+01 9.917439e-01 4.750526e+00
2.150000e+01 9.914672e-01 4.820257e+00
2.200000e+01 9.911804e-01 4.892509e+00
2.250000e+01 9.908829e-01 4.967391e+00
2.300000e+01 9.905739e-01 5.045122e+00
2.350000e+01 9.902472e-01 5.127017e+00
2.400000e+01 9.898897e-01 5.215873e+00
2.450000e+01 9.895777e-01 5.295516e+00
2.500000e+01 9.892182e-01 5.385640e+00
2.550000e+01 9.888151e-01 5.485807e+00
2.600000e+01 9.884714e-01 5.573269e+00
2.650000e+01 9.880809e-01 5.671450e+00
2.700000e+01 9.876707e-01 5.774306e+00
2.750000e+01 9.872389e-01 5.882324e+00
2.800000e+01 9.867970e-01 5.993018e+00
2.850000e+01 9.863343e-01 6.108704e+00
2.900000e+01 9.857339e-01 6.254949e+00
2.950000e+01 9.853469e-01 6.355121e+00
3.000000e+01 9.845899e-01 6.536094e+00
3.050000e+01 9.841549e-01 6.648566e+00
3.100000e+01 9.837287e-01 6.759024e+00
3.150000e+01 9.831454e-01 6.904519e+00
3.200000e+01 9.825312e-01 7.057380e+00
3.250000e+01 9.818889e-01 7.217089e+00
3.300000e+01 9.812157e-01 7.384298e+00
3.350000e+01 9.805098e-01 7.559434e+00
3.400000e+01 9.797703e-01 7.742765e+00
3.450000e+01 9.789927e-01 7.935318e+00
3.500000e+01 9.781727e-01 8.138111e+00
3.550000e+01 9.773091e-01 8.351399e+00
3.600000e+01 9.761033e-01 8.641281e+00
3.650000e+01 9.754415e-01 8.812176e+00
3.700000e+01 9.744305e-01 9.061339e+00
3.750000e+01 9.733346e-01 9.330207e+00
3.800000e+01 9.721399e-01 9.622025e+00
3.850000e+01 9.710060e-01 9.903192e+00
3.900000e+01 9.697194e-01 1.021896e+01
3.950000e+01 9.683250e-01 1.056023e+01
4.000000e+01 9.668739e-01 1.091613e+01
4.050000e+01 9.652946e-01 1.130242e+01
4.100000e+01 9.635956e-01 1.171751e+01
4.150000e+01 9.617636e-01 1.216465e+01
4.200000e+01 9.597804e-01 1.264812e+01
4.250000e+01 9.576177e-01 1.317440e+01
4.300000e+01 9.552434e-01 1.375099e+01
4.350000e+01 9.526573e-01 1.437862e+01
4.400000e+01 9.499302e-01 1.504327e+01
4.450000e+01 9.468831e-01 1.578378e+01
4.500000e+01 9.434709e-01 1.661091e+01
4.550000e+01 9.397404e-01 1.751631e+01
4.600000e+01 9.355481e-01 1.853214e+01
4.650000e+01 9.308460e-01 1.967087e+01
4.700000e+01 9.255395e-01 2.095542e+01
4.750000e+01 9.195110e-01 2.241426e+01
4.800000e+01 9.126086e-01 2.408432e+01
4.850000e+01 9.046313e-01 2.601448e+01
4.900000e+01 8.953108e-01 2.827025e+01
4.950000e+01 8.842565e-01 3.094700e+01
5.000000e+01 8.707349e-01 3.422045e+01
5.050000e+01 8.541769e-01 3.824415e+01
5.100000e+01 8.320211e-01 4.362878e+01
5.150000e+01 7.986931e-01 5.172706e+01
5.200000e+01 7.556468e-01 6.220514e+01
5.250000e+01 6.888830e-01 7.850963e+01
5.300000e+01 5.880546e-01 1.031943e+02
5.350000e+01 4.484599e-01 1.376789e+02
5.400000e+01 2.843393e-01 1.791167e+02
5.450000e+01 1.350466e-01 2.186088e+02
5.500000e+01 4.203392e-02 2.457765e+02
5.550000e+01 6.714677e-03 2.588714e+02
5.600000e+01 2.583243e-04 2.635820e+02
5.650000e+01 7.270970e-06 2.652620e+02
5.700000e+01 1.425627e-08 2.661333e+02
5.750000e+01 2.236432e-08 2.666984e+02
5.800000e+01 1.625677e-08 2.671128e+02
5.850000e+01 3.884880e-13 2.673849e+02
5.900000e+01 7.475441e-11 2.674349e+02
5.950000e+01 2.009604e-12 2.675190e+02
6.000000e+01 5.881776e-11 2.676736e+02
6.050000e+01 8.866616e-16 2.677814e+02
6.100000e+01 2.392809e-11 2.676906e+02
6.150000e+01 1.171466e-09 2.675953e+02
6.200000e+01 9.458569e-10 2.674882e+02
6.250000e+01 7.764253e-15 2.672148e+02
6.300000e+01 1.416386e-11 2.663755e+02
6.350000e+01 4.067374e-05 2.647666e+02
6.400000e+01 2.401386e-03 2.614925e+02
6.450000e+01 2.470619e-02 2.519690e+02
6.500000e+01 1.015253e-01 2.288668e+02
6.550000e+01 2.364388e-01 1.926805e+02
6.600000e+01 3.911702e-01 1.530520e+02
6.650000e+01 5.276851e-01 1.188332e+02
6.700000e+01 6.303635e-01 9.335775e+01
6.750000e+01 7.012037e-01 7.587379e+01
6.800000e+01 7.500850e-01 6.389068e+01
6.850000e+01 7.835972e-01 5.569740e+01
6.900000e+01 8.080151e-01 4.975613e+01
6.950000e+01 8.265049e-01 4.527377e+01
7.000000e+01 8.412579e-01 4.171031e+01
7.050000e+01 8.533141e-01 3.880543e+01
7.100000e+01 8.633867e-01 3.638402e+01
7.150000e+01 8.719017e-01 3.434082e+01
7.200000e+01 8.792223e-01 3.258828e+01
7.250000e+01 8.855036e-01 3.108665e+01
7.300000e+01 8.909907e-01 2.977792e+01
7.350000e+01 8.957608e-01 2.864203e+01
7.400000e+01 8.999295e-01 2.765106e+01
7.450000e+01 9.035957e-01 2.678139e+01
7.500000e+01 9.067763e-01 2.602697e+01
7.550000e+01 9.095487e-01 2.536937e+01
7.600000e+01 9.121340e-01 2.476190e+01
7.650000e+01 9.114543e-01 2.487025e+01
7.700000e+01 9.164755e-01 2.374516e+01
7.750000e+01 9.180017e-01 2.338414e+01
7.800000e+01 9.199807e-01 2.293206e+01
7.850000e+01 9.214539e-01 2.259276e+01
7.900000e+01 9.224484e-01 2.236363e+01
7.950000e+01 9.238871e-01 2.203564e+01
8.000000e+01 9.248942e-01 2.180731e+01
8.050000e+01 9.257840e-01 2.160718e+01
8.100000e+01 9.265616e-01 2.143391e+01
8.150000e+01 9.272547e-01 2.128134e+01
8.200000e+01 9.278587e-01 2.115019e+01
8.250000e+01 9.283798e-01 2.103896e+01
8.300000e+01 9.288263e-01 2.094569e+01
8.350000e+01 9.292045e-01 2.086888e+01
8.400000e+01 9.295200e-01 2.080722e+01
8.450000e+01 9.297784e-01 2.075936e+01
8.500000e+01 9.299809e-01 2.072495e+01
8.550000e+01 9.301341e-01 2.070249e+01
8.600000e+01 9.302410e-01 2.069124e+01
8.650000e+01 9.303014e-01 2.069114e+01
8.700000e+01 9.303224e-01 2.070065e+01
8.750000e+01 9.303043e-01 2.071962e+01
8.800000e+01 9.302472e-01 2.074797e+01
8.850000e+01 9.301511e-01 2.078564e+01
8.900000e+01 9.300331e-01 2.082892e+01
8.950000e+01 9.298769e-01 2.088127e+01
9.000000e+01 9.296692e-01 2.094593e+01
9.050000e+01 9.294699e-01 2.100877e+01
9.100000e+01 9.292110e-01 2.108569e+01
9.150000e+01 9.289533e-01 2.116293e+01
9.200000e+01 9.286496e-01 2.125086e+01
9.250000e+01 9.283139e-01 2.134633e+01
9.300000e+01 9.279299e-01 2.145273e+01
9.350000e+01 9.273607e-01 2.159848e+01
9.400000e+01 9.244979e-01 2.224186e+01
9.450000e+01 9.266218e-01 2.180972e+01
9.500000e+01 9.262601e-01 2.191448e+01
9.550000e+01 9.257032e-01 2.206100e+01
9.600000e+01 9.245126e-01 2.234119e+01
9.650000e+01 9.242532e-01 2.242655e+01
9.700000e+01 9.242024e-01 2.247005e+01
9.750000e+01 9.236886e-01 2.261109e+01
9.800000e+01 9.230812e-01 2.277265e+01
9.850000e+01 9.224790e-01 2.293374e+01
9.900000e+01 9.217863e-01 2.311517e+01
9.950000e+01 9.210448e-01 2.330798e+01
1.000000e+02 9.202034e-01 2.352261e+01
1.005000e+02 9.186073e-01 2.390138e+01
1.010000e+02 9.184727e-01 2.396371e+01
1.015000e+02 9.166236e-01 2.439057e+01
1.020000e+02 9.159049e-01 2.458264e+01
1.025000e+02 9.160971e-01 2.458635e+01
1.030000e+02 9.152513e-01 2.480851e+01
1.035000e+02 9.140704e-01 2.510289e+01
1.040000e+02 9.123588e-01 2.551108e+01
1.045000e+02 9.120560e-01 2.562330e+01
1.050000e+02 9.108951e-01 2.591931e+01
1.055000e+02 9.095979e-01 2.624642e+01
1.060000e+02 9.081897e-01 2.659973e+01
1.065000e+02 9.066590e-01 2.698201e+01
1.070000e+02 9.049927e-01 2.739654e+01
1.075000e+02 9.031613e-01 2.785014e+01
1.080000e+02 9.011064e-01 2.835620e+01
1.085000e+02 8.988933e-01 2.890079e+01
1.090000e+02 8.963224e-01 2.952805e+01
1.095000e+02 8.914009e-01 3.066775e+01
1.100000e+02 8.900908e-01 3.103930e+01
1.105000e+02 8.856124e-01 3.209756e+01
1.110000e+02 8.791528e-01 3.359194e+01
1.115000e+02 8.771407e-01 3.417189e+01
1.120000e+02 8.713847e-01 3.556498e+01
1.125000e+02 8.641736e-01 3.729824e+01
1.130000e+02 8.552053e-01 3.944738e+01
1.135000e+02 8.439383e-01 4.214323e+01
1.140000e+02 8.293641e-01 4.562434e+01
1.145000e+02 8.102177e-01 5.019286e+01
1.150000e+02 7.813137e-01 5.703304e+01
1.155000e+02 7.477853e-01 6.508878e+01
1.160000e+02 6.949143e-01 7.772156e+01
1.165000e+02 6.151946e-01 9.681872e+01
1.170000e+02 4.922598e-01 1.264441e+02
1.175000e+02 3.086834e-01 1.713094e+02
1.180000e+02 9.413783e-02 2.259829e+02
1.185000e+02 1.359174e-03 2.545892e+02
1.190000e+02 1.373794e-03 2.545512e+02
1.195000e+02 9.598300e-02 2.254704e+02
1.200000e+02 3.132476e-01 1.702196e+02
1.205000e+02 4.971290e-01 1.253637e+02
1.210000e+02 6.187847e-01 9.610858e+01
1.215000e+02 6.966537e-01 7.750672e+01
1.220000e+02 7.475769e-01 6.538790e+01
1.225000e+02 7.819714e-01 5.722346e+01
1.230000e+02 8.058396e-01 5.156612e+01
1.235000e+02 8.224793e-01 4.761653e+01
1.240000e+02 8.265185e-01 4.646197e+01
1.245000e+02 8.443150e-01 4.246300e+01
1.250000e+02 8.516210e-01 4.075267e+01
1.255000e+02 8.520038e-01 4.054720e+01
1.260000e+02 8.621644e-01 3.830828e+01
1.265000e+02 8.661784e-01 3.739267e+01
1.270000e+02 8.691728e-01 3.670907e+01
1.275000e+02 8.713822e-01 3.620655e+01
1.280000e+02 8.727549e-01 3.589248e+01
1.285000e+02 8.740925e-01 3.559536e+01
1.290000e+02 8.756739e-01 3.525656e+01
1.295000e+02 8.765422e-01 3.507421e+01
1.300000e+02 8.771945e-01 3.494236e+01
1.305000e+02 8.776435e-01 3.485822e+01
1.310000e+02 8.775801e-01 3.488827e+01
1.315000e+02 8.781262e-01 3.478873e+01
1.320000e+02 8.781947e-01 3.479486e+01
1.325000e+02 8.780861e-01 3.484086e+01
1.330000e+02 8.780504e-01 3.487373e+01
1.335000e+02 8.779534e-01 3.492082e+01
1.340000e+02 8.776656e-01 3.501138e+01
1.345000e+02 8.773423e-01 3.511105e+01
1.350000e+02 8.771324e-01 3.518419e+01
1.355000e+02 8.767570e-01 3.529596e+01
1.360000e+02 8.763113e-01 3.542354e+01
1.365000e+02 8.756914e-01 3.558841e+01
1.370000e+02 8.745551e-01 3.586343e+01
1.375000e+02 8.748864e-01 3.583011e+01
1.380000e+02 8.744219e-01 3.596502e+01
1.385000e+02 8.738925e-01 3.611413e+01
1.390000e+02 8.733015e-01 3.627704e+01
1.395000e+02 8.727385e-01 3.643431e+01
1.400000e+02 8.719169e-01 3.664940e+01
1.405000e+02 8.714421e-01 3.678653e+01
1.410000e+02 8.706967e-01 3.698368e+01
1.415000e+02 8.696756e-01 3.723825e+01
1.420000e+02 8.641235e-01 3.844121e+01
1.425000e+02 8.668069e-01 3.791964e+01
1.430000e+02 8.678563e-01 3.774629e+01
1.435000e+02 8.674073e-01 3.788357e+01
1.440000e+02 8.667033e-01 3.807429e+01
1.445000e+02 8.656786e-01 3.833135e+01
1.450000e+02 8.603833e-01 3.950056e+01
1.455000e+02 8.644851e-01 3.866960e+01
1.460000e+02 8.639312e-01 3.883045e+01
1.465000e+02 8.632783e-01 3.901168e+01
1.470000e+02 8.625472e-01 3.920976e+01
1.475000e+02 8.617804e-01 3.941566e+01
1.480000e+02 8.609456e-01 3.963611e+01
1.485000e+02 8.596094e-01 3.996130e+01
1.490000e+02 8.588312e-01 4.017111e+01
1.495000e+02 8.584624e-01 4.029700e+01
1.500000e+02 8.575010e-01 4.054706e+01
1.505000e+02 8.561058e-01 4.088388e+01
1.510000e+02 8.553723e-01 4.108438e+01
1.515000e+02 8.552067e-01 4.116663e+01
1.520000e+02 8.545893e-01 4.134122e+01
1.525000e+02 8.539216e-01 4.152519e+01
1.530000e+02 8.531201e-01 4.173911e+01
1.535000e+02 8.520974e-01 4.199936e+01
1.540000e+02 8.448713e-01 4.359849e+01
1.545000e+02 8.505237e-01 4.242282e+01
1.550000e+02 8.499485e-01 4.259122e+01
1.555000e+02 8.491732e-01 4.280126e+01
1.560000e+02 8.481497e-01 4.306408e+01
1.565000e+02 8.474131e-01 4.326770e+01
1.570000e+02 8.467180e-01 4.345966e+01
1.575000e+02 8.459012e-01 4.367883e+01
1.580000e+02 8.450727e-01 4.390082e+01
1.585000e+02 8.441379e-01 4.414614e+01
1.590000e+02 8.433812e-01 4.435250e+01
1.595000e+02 8.425108e-01 4.458397e+01
1.600000e+02 8.416706e-01 4.480878e+01
1.605000e+02 8.408215e-01 4.503579e+01
1.610000e+02 8.399580e-01 4.526602e+01
1.615000e+02 8.390980e-01 4.549545e+01
1.620000e+02 8.382240e-01 4.572809e+01
1.625000e+02 8.373384e-01 4.596329e+01
1.630000e+02 8.364339e-01 4.620261e+01
1.635000e+02 8.355013e-01 4.644794e+01
1.640000e+02 8.344895e-01 4.670994e+01
1.645000e+02 8.330722e-01 4.705563e+01
1.650000e+02 8.228307e-01 4.930360e+01
1.655000e+02 8.284638e-01 4.811498e+01
1.660000e+02 8.261307e-01 4.865406e+01
1.665000e+02 8.295237e-01 4.800119e+01
1.670000e+02 8.290710e-01 4.814710e+01
1.675000e+02 8.266618e-01 4.870831e+01
1.680000e+02 8.274320e-01 4.859157e+01
1.685000e+02 8.266786e-01 4.880062e+01
1.690000e+02 8.254275e-01 4.911739e+01
1.695000e+02 8.249283e-01 4.926946e+01
1.700000e+02 8.239283e-01 4.953146e+01
1.705000e+02 8.231413e-01 4.974645e+01
1.710000e+02 8.222047e-01 4.999429e+01
1.715000e+02 8.211163e-01 5.027459e+01
1.720000e+02 8.203890e-01 5.047815e+01
1.725000e+02 8.194495e-01 5.072704e+01
1.730000e+02 8.184328e-01 5.099221e+01
1.735000e+02 8.137833e-01 5.206039e+01
1.740000e+02 8.164640e-01 5.151113e+01
1.745000e+02 8.153889e-01 5.179117e+01
1.750000e+02 8.136414e-01 5.221213e+01
1.755000e+02 8.082354e-01 5.341675e+01
1.760000e+02 8.107493e-01 5.291873e+01
1.765000e+02 8.112235e-01 5.287783e+01
1.770000e+02 8.107579e-01 5.302445e+01
1.775000e+02 8.100359e-01 5.322507e+01
1.780000e+02 8.091974e-01 5.345141e+01
1.785000e+02 8.082350e-01 5.370482e+01
1.790000e+02 8.074119e-01 5.392889e+01
1.795000e+02 8.064915e-01 5.417406e+01
1.800000e+02 8.043171e-01 5.470897e+01
1.805000e+02 8.046195e-01 5.467164e+01
1.810000e+02 8.036386e-01 5.493043e+01
1.815000e+02 8.027127e-01 5.517720e+01
1.820000e+02 8.017085e-01 5.544086e+01
1.825000e+02 8.007394e-01 5.569723e+01
1.830000e+02 7.997107e-01 5.596616e+01
1.835000e+02 7.984785e-01 5.627737e+01
1.840000e+02 7.959184e-01 5.686310e+01
1.845000e+02 7.866060e-01 5.887118e+01
1.850000e+02 7.944929e-01 5.727065e+01
1.855000e+02 7.940167e-01 5.743055e+01
1.860000e+02 7.939557e-01 5.749389e+01
1.865000e+02 7.930718e-01 5.773314e+01
1.870000e+02 7.921093e-01 5.798857e+01
1.875000e+02 7.912068e-01 5.823149e+01
1.880000e+02 7.901988e-01 5.849683e+01
1.885000e+02 7.893090e-01 5.873740e+01
1.890000e+02 7.882948e-01 5.900442e+01
1.895000e+02 7.873674e-01 5.925283e+01
1.900000e+02 7.863921e-01 5.951162e+01
1.905000e+02 7.852922e-01 5.979717e+01
1.910000e+02 7.844254e-01 6.003283e+01
1.915000e+02 7.834321e-01 6.029564e+01
1.920000e+02 7.824114e-01 6.056431e+01
1.925000e+02 7.813610e-01 6.083922e+01
1.930000e+02 7.799905e-01 6.118038e+01
1.935000e+02 7.777907e-01 6.169636e+01
1.940000e+02 7.781421e-01 6.167871e+01
1.945000e+02 7.769517e-01 6.198315e+01
1.950000e+02 7.745112e-01 6.254468e+01
1.955000e+02 7.514438e-01 6.749071e+01
1.960000e+02 7.726162e-01 6.305304e+01
1.965000e+02 7.730271e-01 6.302680e+01
1.970000e+02 7.723014e-01 6.323485e+01
1.975000e+02 7.713151e-01 6.349782e+01
1.980000e+02 7.702020e-01 6.379018e+01
1.985000e+02 7.693574e-01 6.402027e+01
1.990000e+02 7.681462e-01 6.433116e+01
1.995000e+02 7.662663e-01 6.478458e+01
2.000000e+02 7.658111e-01 6.493915e+01
2.005000e+02 7.641168e-01 6.535284e+01
2.010000e+02 7.598213e-01 6.630814e+01
2.015000e+02 7.621190e-01 6.588367e+01
2.020000e+02 7.618782e-01 6.598624e+01
2.025000e+02 7.611651e-01 6.618722e+01
2.030000e+02 7.602851e-01 6.642470e+01
2.035000e+02 7.588264e-01 6.678769e+01
2.040000e+02 7.583487e-01 6.694025e+01
2.045000e+02 7.574059e-01 6.719260e+01
2.050000e+02 7.563788e-01 6.746354e+01
2.055000e+02 7.552652e-01 6.775351e+01
2.060000e+02 7.533419e-01 6.821170e+01
2.065000e+02 7.528427e-01 6.837770e+01
2.070000e+02 7.522327e-01 6.855669e+01
2.075000e+02 7.508913e-01 6.889687e+01
2.080000e+02 7.496923e-01 6.919990e+01
2.085000e+02 7.427486e-01 7.070660e+01
2.090000e+02 7.465412e-01 6.996899e+01
2.095000e+02 7.465052e-01 7.004126e+01
2.100000e+02 7.458439e-01 7.023404e+01
2.105000e+02 7.435542e-01 7.077016e+01
2.110000e+02 7.425756e-01 7.102922e+01
2.115000e+02 7.429188e-01 7.101714e+01
2.120000e+02 7.420247e-01 7.126179e+01
2.125000e+02 7.410229e-01 7.152869e+01
2.130000e+02 7.399786e-01 7.180454e+01
2.135000e+02 7.389092e-01 7.208556e+01
2.140000e+02 7.377667e-01 7.238189e+01
2.145000e+02 7.361285e-01 7.277998e+01
2.150000e+02 7.186700e-01 7.657223e+01
2.155000e+02 7.342192e-01 7.329621e+01
2.160000e+02 7.333794e-01 7.353349e+01
2.165000e+02 7.327057e-01 7.372849e+01
2.170000e+02 7.317020e-01 7.399612e+01
2.175000e+02 7.304319e-01 7.432308e+01
2.180000e+02 7.295417e-01 7.456377e+01
2.185000e+02 7.285721e-01 7.482426e+01
2.190000e+02 7.275383e-01 7.509848e+01
2.195000e+02 7.264817e-01 7.537747e+01
2.200000e+02 7.253838e-01 7.566569e+01
2.205000e+02 7.243857e-01 7.593218e+01
2.210000e+02 7.233277e-01 7.621176e+01
2.215000e+02 7.222587e-01 7.649379e+01
2.220000e+02 7.211953e-01 7.677480e+01
2.225000e+02 7.200908e-01 7.706473e+01
2.230000e+02 7.190007e-01 7.735193e+01
2.235000e+02 7.178771e-01 7.764654e+01
2.240000e+02 7.167016e-01 7.795296e+01
2.245000e+02 7.154577e-01 7.827481e+01
2.250000e+02 7.139342e-01 7.865765e+01
2.255000e+02 7.120245e-01 7.911998e+01
2.260000e+02 7.018341e-01 8.132194e+01
2.265000e+02 7.091358e-01 7.984065e+01
2.270000e+02 7.094613e-01 7.983033e+01
2.275000e+02 7.088857e-01 8.000382e+01
2.280000e+02 7.080147e-01 8.024100e+01
2.285000e+02 7.070066e-01 8.050863e+01
2.290000e+02 7.058366e-01 8.081137e+01
2.295000e+02 7.021565e-01 8.164646e+01
2.300000e+02 7.032269e-01 8.147655e+01
2.305000e+02 7.013603e-01 8.192513e+01
2.310000e+02 6.974789e-01 8.278955e+01
2.315000e+02 6.944909e-01 8.347493e+01
2.320000e+02 6.978372e-01 8.285827e+01
2.325000e+02 6.965854e-01 8.319378e+01
2.330000e+02 6.940598e-01 8.381124e+01
2.335000e+02 6.883917e-01 8.509759e+01
2.340000e+02 6.703563e-01 8.885849e+01
2.345000e+02 6.873560e-01 8.542684e+01
2.350000e+02 6.891704e-01 8.506189e+01
2.355000e+02 6.819748e-01 8.658212e+01
2.360000e+02 6.843382e-01 8.614120e+01
2.365000e+02 6.869160e-01 8.566668e+01
2.370000e+02 6.735534e-01 8.850063e+01
2.375000e+02 6.830664e-01 8.657820e+01
2.380000e+02 6.847606e-01 8.629530e+01
2.385000e+02 6.820375e-01 8.692796e+01
2.390000e+02 6.597876e-01 9.165730e+01
2.395000e+02 6.779427e-01 8.790021e+01
2.400000e+02 6.781190e-01 8.793380e+01
2.405000e+02 6.788726e-01 8.783865e+01
2.410000e+02 6.786464e-01 8.793749e+01
2.415000e+02 6.773054e-01 8.827336e+01
2.420000e+02 6.729025e-01 8.923561e+01
2.425000e+02 6.655786e-01 9.081577e+01
2.430000e+02 6.717722e-01 8.959715e+01
2.435000e+02 6.297469e-01 9.860986e+01
2.440000e+02 6.693993e-01 9.021350e+01
2.445000e+02 6.709710e-01 8.994986e+01
2.450000e+02 6.706915e-01 9.007119e+01
2.455000e+02 6.698010e-01 9.031778e+01
2.460000e+02 6.687076e-01 9.060692e+01
2.465000e+02 6.662935e-01 9.118810e+01
2.470000e+02 6.660870e-01 9.127636e+01
2.475000e+02 6.634071e-01 9.189328e+01
2.480000e+02 6.541153e-01 9.387893e+01
2.485000e+02 6.587306e-01 9.298671e+01
2.490000e+02 6.599905e-01 9.279506e+01
2.495000e+02 6.544557e-01 9.399708e+01
2.500000e+02 6.033148e-01 1.049806e+02
2.505000e+02 6.548320e-01 9.406653e+01
2.510000e+02 6.534433e-01 9.441600e+01
2.515000e+02 6.533203e-01 9.450754e+01
2.520000e+02 6.541375e-01 9.440030e+01
2.525000e+02 6.535990e-01 9.456697e+01
2.530000e+02 6.530278e-01 9.474025e+01
2.535000e+02 6.521232e-01 9.498637e+01
2.540000e+02 6.511207e-01 9.525417e+01
2.545000e+02 6.500696e-01 9.553314e+01
2.550000e+02 6.490268e-01 9.581093e+01
2.555000e+02 6.479762e-01 9.609045e+01
2.560000e+02 6.468274e-01 9.639095e+01
2.565000e+02 6.456194e-01 9.670487e+01
2.570000e+02 6.444641e-01 9.700592e+01
2.575000e+02 6.431273e-01 9.734557e+01
2.580000e+02 6.406641e-01 9.791708e+01
2.585000e+02 6.344130e-01 9.926620e+01
2.590000e+02 6.358833e-01 9.902537e+01
2.595000e+02 6.382129e-01 9.861489e+01
2.600000e+02 6.376225e-01 9.879998e+01
2.605000e+02 6.366824e-01 9.905721e+01
2.610000e+02 6.355857e-01 9.934711e+01
2.615000e+02 6.344904e-01 9.963709e+01
2.620000e+02 6.332182e-01 9.996401e+01
2.625000e+02 6.313935e-01 1.004053e+02
2.630000e+02 6.277797e-01 1.012177e+02
2.635000e+02 6.223929e-01 1.023902e+02
2.640000e+02 6.245357e-01 1.020106e+02
2.645000e+02 6.267296e-01 1.016221e+02
2.650000e+02 6.220066e-01 1.026785e+02
2.655000e+02 6.252239e-01 1.020596e+02
2.660000e+02 6.242149e-01 1.023316e+02
2.665000e+02 6.227815e-01 1.026905e+02
2.670000e+02 6.185300e-01 1.036272e+02
2.675000e+02 6.166307e-01 1.040828e+02
2.680000e+02 6.194147e-01 1.035763e+02
2.685000e+02 6.186391e-01 1.038014e+02
2.690000e+02 6.177297e-01 1.040524e+02
2.695000e+02 6.166673e-01 1.043355e+02
2.700000e+02 6.155588e-01 1.046281e+02
2.705000e+02 6.143456e-01 1.049432e+02
2.710000e+02 6.129567e-01 1.052948e+02
2.715000e+02 6.120010e-01 1.055553e+02
2.720000e+02 6.104978e-01 1.059313e+02
2.725000e+02 6.086564e-01 1.063737e+02
2.730000e+02 5.769134e-01 1.131595e+02
2.735000e+02 6.055849e-01 1.071368e+02
2.740000e+02 6.048296e-01 1.073599e+02
2.745000e+02 5.730177e-01 1.142981e+02
2.750000e+02 6.025967e-01 1.079589e+02
2.755000e+02 6.014527e-01 1.082697e+02
2.760000e+02 5.985808e-01 1.089302e+02
2.765000e+02 5.956811e-01 1.095845e+02
2.770000e+02 5.919463e-01 1.104486e+02
2.775000e+02 5.974011e-01 1.093544e+02
2.780000e+02 5.968719e-01 1.095192e+02
2.785000e+02 5.952960e-01 1.099109e+02
2.790000e+02 5.947099e-01 1.100834e+02
2.795000e+02 5.778740e-01 1.138063e+02
2.800000e+02 5.915721e-01 1.108584e+02
2.805000e+02 5.917896e-01 1.108736e+02
2.810000e+02 5.887623e-01 1.115981e+02
2.815000e+02 5.892074e-01 1.115372e+02
2.820000e+02 5.882811e-01 1.117896e+02
2.825000e+02 5.870413e-01 1.121059e+02
2.830000e+02 5.848957e-01 1.126139e+02
2.835000e+02 5.850694e-01 1.126406e+02
2.840000e+02 5.839547e-01 1.129347e+02
2.845000e+02 5.826698e-01 1.132638e+02
2.850000e+02 5.812571e-01 1.136194e+02
2.855000e+02 5.788947e-01 1.141694e+02
2.860000e+02 5.571715e-01 1.187468e+02
2.865000e+02 5.718682e-01 1.157398e+02
2.870000e+02 5.760075e-01 1.149574e+02
2.875000e+02 5.755561e-01 1.151135e+02
2.880000e+02 5.742991e-01 1.154354e+02
2.885000e+02 5.714512e-01 1.160814e+02
2.890000e+02 5.199567e-01 1.271214e+02
2.895000e+02 5.698859e-01 1.165325e+02
2.900000e+02 5.699629e-01 1.165843e+02
2.905000e+02 5.691605e-01 1.168128e+02
2.910000e+02 5.639784e-01 1.179850e+02
2.915000e+02 5.669531e-01 1.173951e+02
2.920000e+02 5.658762e-01 1.176804e+02
2.925000e+02 5.641996e-01 1.180904e+02
2.930000e+02 5.579116e-01 1.194468e+02
2.935000e+02 5.548933e-01 1.201638e+02
2.940000e+02 5.609422e-01 1.189515e+02
2.945000e+02 5.602922e-01 1.191509e+02
2.950000e+02 5.592677e-01 1.194266e+02
2.955000e+02 5.580820e-01 1.197368e+02
2.960000e+02 5.569073e-01 1.200443e+02
2.965000e+02 5.556596e-01 1.203691e+02
2.970000e+02 5.541283e-01 1.207559e+02
2.975000e+02 5.523597e-01 1.211987e+02
2.980000e+02 5.492587e-01 1.219256e+02
2.985000e+02 5.378150e-01 1.243459e+02
2.990000e+02 5.471301e-01 1.224931e+02
2.995000e+02 5.459554e-01 1.228027e+02
3.000000e+02 5.464086e-01 1.227439e+02
3.005000e+02 5.429456e-01 1.235244e+02
3.010000e+02 5.407532e-01 1.240453e+02
3.015000e+02 5.312814e-01 1.260375e+02
3.020000e+02 5.287014e-01 1.266425e+02
3.025000e+02 5.389339e-01 1.245947e+02
3.030000e+02 5.322074e-01 1.260334e+02
3.035000e+02 5.367891e-01 1.251439e+02
3.040000e+02 5.380605e-01 1.249487e+02
3.045000e+02 5.367521e-01 1.252808e+02
3.050000e+02 5.350046e-01 1.257072e+02
3.055000e+02 5.354918e-01 1.256619e+02
3.060000e+02 5.346832e-01 1.258869e+02
3.065000e+02 5.337360e-01 1.261420e+02
3.070000e+02 5.326762e-01 1.264218e+02
3.075000e+02 5.314313e-01 1.267418e+02
3.080000e+02 5.305266e-01 1.269887e+02
3.085000e+02 5.292036e-01 1.273250e+02
3.090000e+02 5.282577e-01 1.275811e+02
3.095000e+02 5.270267e-01 1.278970e+02
3.100000e+02 5.209683e-01 1.292296e+02
3.105000e+02 5.247252e-01 1.284960e+02
3.110000e+02 5.238850e-01 1.287321e+02
3.115000e+02 5.228247e-01 1.290131e+02
3.120000e+02 5.217354e-01 1.293000e+02
3.125000e+02 5.205709e-01 1.296028e+02
3.130000e+02 5.194407e-01 1.298982e+02
3.135000e+02 5.182864e-01 1.301990e+02
3.140000e+02 5.168156e-01 1.305702e+02
3.145000e+02 5.159111e-01 1.308140e+02
3.150000e+02 5.144139e-01 1.311856e+02
3.155000e+02 5.114840e-01 1.318491e+02
3.160000e+02 5.001237e-01 1.342556e+02
3.165000e+02 5.016544e-01 1.339940e+02
3.170000e+02 5.082650e-01 1.326992e+02
3.175000e+02 5.085634e-01 1.327013e+02
3.180000e+02 5.080745e-01 1.328651e+02
3.185000e+02 5.070403e-01 1.331410e+02
3.190000e+02 5.058281e-01 1.334523e+02
3.195000e+02 5.038314e-01 1.339240e+02
3.200000e+02 4.128665e-01 1.541786e+02
3.205000e+02 5.016982e-01 1.344879e+02
3.210000e+02 5.014775e-01 1.345975e+02
3.215000e+02 5.005339e-01 1.348550e+02
3.220000e+02 4.980802e-01 1.354505e+02
3.225000e+02 4.984202e-01 1.354144e+02
3.230000e+02 4.973068e-01 1.357068e+02
3.235000e+02 4.960199e-01 1.360355e+02
3.240000e+02 4.948740e-01 1.363357e+02
3.245000e+02 4.936420e-01 1.366553e+02
3.250000e+02 4.921783e-01 1.370252e+02
3.255000e+02 4.903334e-01 1.374776e+02
3.260000e+02 4.871970e-01 1.381980e+02
3.265000e+02 4.764034e-01 1.404741e+02
3.270000e+02 4.579638e-01 1.443748e+02
3.275000e+02 4.833585e-01 1.391600e+02
3.280000e+02 4.824573e-01 1.393995e+02
3.285000e+02 4.843360e-01 1.390677e+02
3.290000e+02 4.837774e-01 1.392393e+02
3.295000e+02 4.828858e-01 1.394812e+02
3.300000e+02 4.819045e-01 1.397427e+02
3.305000e+02 4.808562e-01 1.400187e+02
3.310000e+02 4.796932e-01 1.403189e+02
3.315000e+02 4.783936e-01 1.406472e+02
3.320000e+02 4.765106e-01 1.410943e+02
3.325000e+02 4.683001e-01 1.428312e+02
3.330000e+02 4.649917e-01 1.435842e+02
3.335000e+02 4.732960e-01 1.419379e+02
3.340000e+02 4.729210e-01 1.420789e+02
3.345000e+02 4.721269e-01 1.423025e+02
3.350000e+02 4.704524e-01 1.427066e+02
3.355000e+02 4.691616e-01 1.430330e+02
3.360000e+02 4.689943e-01 1.431298e+02
3.365000e+02 4.681138e-01 1.433718e+02
3.370000e+02 4.670698e-01 1.436475e+02
3.375000e+02 4.659205e-01 1.439455e+02
3.380000e+02 4.649501e-01 1.442055e+02
3.385000e+02 4.638325e-01 1.444965e+02
3.390000e+02 4.627787e-01 1.447742e+02
3.395000e+02 4.617272e-01 1.450514e+02
3.400000e+02 4.606411e-01 1.453358e+02
3.405000e+02 4.595509e-01 1.456212e+02
3.410000e+02 4.584608e-01 1.459065e+02
3.415000e+02 4.573607e-01 1.461939e+02
3.420000e+02 4.561588e-01 1.465026e+02
3.425000e+02 4.548762e-01 1.468282e+02
3.430000e+02 4.520242e-01 1.474742e+02
3.435000e+02 4.441643e-01 1.492621e+02
3.440000e+02 4.513340e-01 1.477446e+02
3.445000e+02 4.500758e-01 1.480706e+02
3.450000e+02 4.462699e-01 1.489172e+02
3.455000e+02 4.474485e-01 1.487354e+02
3.460000e+02 4.466212e-01 1.489602e+02
3.465000e+02 4.461692e-01 1.491117e+02
3.470000e+02 4.452600e-01 1.493563e+02
3.475000e+02 4.442518e-01 1.496228e+02
3.480000e+02 4.431346e-01 1.499134e+02
3.485000e+02 4.420457e-01 1.501985e+02
3.490000e+02 4.407359e-01 1.505334e+02
3.495000e+02 4.393986e-01 1.508699e+02
3.500000e+02 4.381174e-01 1.511994e+02
3.505000e+02 4.365762e-01 1.515869e+02
3.510000e+02 4.341729e-01 1.521558e+02
3.515000e+02 4.289084e-01 1.532900e+02
3.520000e+02 4.262502e-01 1.539002e+02
3.525000e+02 4.163039e-01 1.560026e+02
3.530000e+02 4.256950e-01 1.541208e+02
3.535000e+02 4.295486e-01 1.533863e+02
3.540000e+02 4.291840e-01 1.535162e+02
3.545000e+02 4.277138e-01 1.538745e+02
3.550000e+02 3.961115e-01 1.607279e+02
3.555000e+02 4.254410e-01 1.544616e+02
3.560000e+02 4.246303e-01 1.546915e+02
3.565000e+02 4.233714e-01 1.550140e+02
3.570000e+02 4.221375e-01 1.553264e+02
3.575000e+02 4.124930e-01 1.573720e+02
3.580000e+02 4.148733e-01 1.569390e+02
3.585000e+02 4.123949e-01 1.575041e+02
3.590000e+02 3.987843e-01 1.603635e+02
3.595000e+02 4.092106e-01 1.582992e+02
3.600000e+02 4.134801e-01 1.574891e+02
3.605000e+02 4.139407e-01 1.574627e+02
3.610000e+02 4.127328e-01 1.577796e+02
3.615000e+02 4.097574e-01 1.584609e+02
3.620000e+02 4.092852e-01 1.586331e+02
3.625000e+02 4.078481e-01 1.590093e+02
3.630000e+02 4.053228e-01 1.596134e+02
3.635000e+02 3.834424e-01 1.643504e+02
3.640000e+02 3.975395e-01 1.614012e+02
3.645000e+02 3.387880e-01 1.738395e+02
3.650000e+02 3.916605e-01 1.628807e+02
3.655000e+02 3.875046e-01 1.639306e+02
3.660000e+02 3.790943e-01 1.659257e+02
3.665000e+02 3.632881e-01 1.695767e+02
3.670000e+02 3.377079e-01 1.755235e+02
3.675000e+02 2.906231e-01 1.864844e+02
3.680000e+02 1.821919e-01 2.109923e+02
3.685000e+02 1.222482e-03 2.495758e+02
3.690000e+02 1.805429e-01 2.114130e+02
3.695000e+02 2.881359e-01 1.871915e+02
3.700000e+02 3.355639e-01 1.762938e+02
3.705000e+02 3.577042e-01 1.711720e+02
3.710000e+02 3.321900e-01 1.764245e+02
3.715000e+02 3.755302e-01 1.670716e+02
3.720000e+02 3.798877e-01 1.661054e+02
3.725000e+02 3.821286e-01 1.656143e+02
3.730000e+02 3.825559e-01 1.655333e+02
3.735000e+02 3.837382e-01 1.652945e+02
3.740000e+02 3.837300e-01 1.653206e+02
3.745000e+02 3.828785e-01 1.655288e+02
3.750000e+02 3.752661e-01 1.671232e+02
3.755000e+02 3.788797e-01 1.664356e+02
3.760000e+02 3.767766e-01 1.669536e+02
3.765000e+02 3.763265e-01 1.670742e+02
3.770000e+02 3.758041e-01 1.672283e+02
3.775000e+02 3.777593e-01 1.668807e+02
3.780000e+02 3.752130e-01 1.674312e+02
3.785000e+02 3.713945e-01 1.682573e+02
3.790000e+02 3.764912e-01 1.672599e+02
3.795000e+02 3.769007e-01 1.672271e+02
3.800000e+02 3.763643e-01 1.673881e+02
3.805000e+02 3.756721e-01 1.675810e+02
3.810000e+02 3.748569e-01 1.678008e+02
3.815000e+02 3.739711e-01 1.680362e+02
3.820000e+02 3.728463e-01 1.683214e+02
3.825000e+02 3.721654e-01 1.685142e+02
3.830000e+02 3.712641e-01 1.687535e+02
3.835000e+02 3.703126e-01 1.690034e+02
3.840000e+02 3.693955e-01 1.692463e+02
3.845000e+02 3.683651e-01 1.695129e+02
3.850000e+02 3.674183e-01 1.697620e+02
3.855000e+02 3.664176e-01 1.700226e+02
3.860000e+02 3.653411e-01 1.702987e+02
3.865000e+02 3.639174e-01 1.706450e+02
3.870000e+02 3.575495e-01 1.720052e+02
3.875000e+02 3.583822e-01 1.718874e+02
3.880000e+02 3.609869e-01 1.714139e+02
3.885000e+02 3.605058e-01 1.715677e+02
3.890000e+02 3.595748e-01 1.718145e+02
3.895000e+02 3.587145e-01 1.720463e+02
3.900000e+02 3.577096e-01 1.723083e+02
3.905000e+02 3.567057e-01 1.725700e+02
3.910000e+02 3.556803e-01 1.728360e+02
3.915000e+02 3.542081e-01 1.731971e+02
3.920000e+02 3.527904e-01 1.735402e+02
3.925000e+02 3.431652e-01 1.755620e+02
3.930000e+02 3.490221e-01 1.744188e+02
3.935000e+02 3.502324e-01 1.742328e+02
3.940000e+02 3.495417e-01 1.744307e+02
3.945000e+02 3.485827e-01 1.746829e+02
3.950000e+02 3.445015e-01 1.755873e+02
3.955000e+02 3.464155e-01 1.752400e+02
3.960000e+02 3.451422e-01 1.755575e+02
3.965000e+02 3.228820e-01 1.803351e+02
3.970000e+02 3.322848e-01 1.783943e+02
3.975000e+02 3.421440e-01 1.763441e+02
3.980000e+02 3.412979e-01 1.765758e+02
3.985000e+02 3.401848e-01 1.768630e+02
3.990000e+02 3.387926e-01 1.772092e+02
3.995000e+02 3.366302e-01 1.777173e+02
4.000000e+02 3.217635e-01 1.808632e+02
4.005000e+02 3.318854e-01 1.788357e+02
4.010000e+02 3.240697e-01 1.805374e+02
4.015000e+02 3.163967e-01 1.821992e+02
4.020000e+02 3.118117e-01 1.831827e+02
4.025000e+02 2.979261e-01 1.860824e+02
4.030000e+02 3.262876e-01 1.802754e+02
4.035000e+02 3.272805e-01 1.801049e+02
4.040000e+02 3.261103e-01 1.803855e+02
4.045000e+02 3.271424e-01 1.802248e+02
4.050000e+02 3.265289e-01 1.804033e+02
4.055000e+02 3.256097e-01 1.806465e+02
4.060000e+02 3.245694e-01 1.809163e+02
4.065000e+02 3.234791e-01 1.811975e+02
4.070000e+02 3.222171e-01 1.815152e+02
4.075000e+02 3.206414e-01 1.818971e+02
4.080000e+02 3.161618e-01 1.828659e+02
4.085000e+02 3.119603e-01 1.837845e+02
4.090000e+02 3.165813e-01 1.829155e+02
4.095000e+02 3.160905e-01 1.830783e+02
4.100000e+02 3.149087e-01 1.833854e+02
4.105000e+02 3.134656e-01 1.837491e+02
4.110000e+02 3.120411e-01 1.841092e+02
4.115000e+02 3.101695e-01 1.845662e+02
4.120000e+02 3.074914e-01 1.851914e+02
4.125000e+02 3.052586e-01 1.857210e+02
4.130000e+02 2.865660e-01 1.898120e+02
4.135000e+02 3.020747e-01 1.865227e+02
4.140000e+02 2.939736e-01 1.882405e+02
4.145000e+02 2.916604e-01 1.887981e+02
4.150000e+02 2.963781e-01 1.879444e+02
4.155000e+02 2.947364e-01 1.883805e+02
4.160000e+02 2.922802e-01 1.889900e+02
4.165000e+02 2.892161e-01 1.897352e+02
4.170000e+02 2.858323e-01 1.905567e+02
4.175000e+02 2.818727e-01 1.915133e+02
4.180000e+02 2.771004e-01 1.926579e+02
4.185000e+02 2.716429e-01 1.939682e+02
4.190000e+02 2.649213e-01 1.955746e+02
4.195000e+02 2.566827e-01 1.975415e+02
4.200000e+02 2.463068e-01 2.000145e+02
4.205000e+02 2.330407e-01 2.031697e+02
4.210000e+02 2.160072e-01 2.072326e+02
4.215000e+02 1.940410e-01 2.125179e+02
4.220000e+02 1.639337e-01 2.197932e+02
4.225000e+02 1.238734e-01 2.296085e+02
4.230000e+02 7.412772e-02 2.421570e+02
4.235000e+02 2.460183e-02 2.555649e+02
4.240000e+02 1.612216e-03 2.637803e+02
4.245000e+02 8.040752e-08 2.661149e+02
4.250000e+02 2.527970e-08 2.661681e+02
4.255000e+02 1.245659e-03 2.640439e+02
4.260000e+02 2.241122e-02 2.563237e+02
4.265000e+02 6.876676e-02 2.436448e+02
4.270000e+02 1.125482e-01 2.324157e+02
4.275000e+02 1.542416e-01 2.223303e+02
4.280000e+02 1.823111e-01 2.155575e+02
4.285000e+02 2.027636e-01 2.106604e+02
4.290000e+02 2.163990e-01 2.073793e+02
4.295000e+02 2.275803e-01 2.047586e+02
4.300000e+02 2.376539e-01 2.024407e+02
4.305000e+02 2.405822e-01 2.016592e+02
4.310000e+02 2.502828e-01 1.995559e+02
4.315000e+02 2.548548e-01 1.985272e+02
4.320000e+02 2.579056e-01 1.978372e+02
4.325000e+02 2.602465e-01 1.973131e+02
4.330000e+02 2.617979e-01 1.969711e+02
4.335000e+02 2.632680e-01 1.966500e+02
4.340000e+02 2.643511e-01 1.964216e+02
4.345000e+02 2.649985e-01 1.962911e+02
4.350000e+02 2.655904e-01 1.961782e+02
4.355000e+02 2.657160e-01 1.961679e+02
4.360000e+02 2.658889e-01 1.961497e+02
4.365000e+02 2.657088e-01 1.962077e+02
4.370000e+02 2.643186e-01 1.965124e+02
4.375000e+02 1.697472e-01 2.169966e+02
4.380000e+02 2.637369e-01 1.966881e+02
4.385000e+02 2.514409e-01 1.993521e+02
4.390000e+02 2.646215e-01 1.965771e+02
4.395000e+02 2.641609e-01 1.967077e+02
4.400000e+02 2.638426e-01 1.968080e+02
4.405000e+02 2.625115e-01 1.971179e+02
4.410000e+02 2.580727e-01 1.980462e+02
4.415000e+02 2.463893e-01 2.004553e+02
4.420000e+02 2.510637e-01 1.995652e+02
4.425000e+02 2.595495e-01 1.978715e+02
4.430000e+02 2.606773e-01 1.976873e+02
4.435000e+02 2.603830e-01 1.977894e+02
4.440000e+02 2.598425e-01 1.979410e+02
4.445000e+02 2.590625e-01 1.981426e+02
4.450000e+02 2.556966e-01 1.989080e+02
4.455000e+02 2.358941e-01 2.030619e+02
4.460000e+02 2.532364e-01 1.994694e+02
4.465000e+02 2.547425e-01 1.991944e+02
4.470000e+02 2.555395e-01 1.990769e+02
4.475000e+02 2.551004e-01 1.992113e+02
4.480000e+02 2.540152e-01 1.994761e+02
4.485000e+02 2.511099e-01 2.001053e+02
4.490000e+02 2.382364e-01 2.027767e+02
4.495000e+02 2.510646e-01 2.002165e+02
4.500000e+02 2.505458e-01 2.003743e+02
4.505000e+02 2.505393e-01 2.004210e+02
4.510000e+02 2.494456e-01 2.006984e+02
4.515000e+02 2.475719e-01 2.011384e+02
4.520000e+02 2.427575e-01 2.021506e+02
4.525000e+02 2.451793e-01 2.017179e+02
4.530000e+02 2.461449e-01 2.015557e+02
4.535000e+02 2.460383e-01 2.016100e+02
4.540000e+02 2.455081e-01 2.017544e+02
4.545000e+02 2.441466e-01 2.020707e+02
4.550000e+02 2.441728e-01 2.021078e+02
4.555000e+02 2.437682e-01 2.022346e+02
4.560000e+02 2.430230e-01 2.024304e+02
4.565000e+02 2.419115e-01 2.027004e+02
4.570000e+02 2.394146e-01 2.032466e+02
4.575000e+02 2.185962e-01 2.075649e+02
4.580000e+02 2.389702e-01 2.034309e+02
4.585000e+02 2.390663e-01 2.034592e+02
4.590000e+02 2.386484e-01 2.035899e+02
4.595000e+02 2.376337e-01 2.038453e+02
4.600000e+02 2.370496e-01 2.040089e+02
4.605000e+02 2.359985e-01 2.042713e+02
4.610000e+02 2.338664e-01 2.047484e+02
4.615000e+02 2.339888e-01 2.047733e+02
4.620000e+02 2.320767e-01 2.052038e+02
4.625000e+02 2.253011e-01 2.066291e+02
4.630000e+02 2.232475e-01 2.070906e+02
4.635000e+02 2.247204e-01 2.068535e+02
4.640000e+02 2.242615e-01 2.069984e+02
4.645000e+02 2.286245e-01 2.061458e+02
4.650000e+02 2.286444e-01 2.061782e+02
4.655000e+02 2.280108e-01 2.063457e+02
4.660000e+02 2.265750e-01 2.066819e+02
4.665000e+02 2.171118e-01 2.086405e+02
4.670000e+02 2.230523e-01 2.074793e+02
4.675000e+02 2.221487e-01 2.077072e+02
4.680000e+02 1.576153e-01 2.212021e+02
4.685000e+02 2.098577e-01 2.103043e+02
4.690000e+02 2.132756e-01 2.096497e+02
4.695000e+02 1.849951e-01 2.157205e+02
4.700000e+02 1.931011e-01 2.139554e+02
4.705000e+02 2.178601e-01 2.088505e+02
4.710000e+02 1.512643e-01 2.231780e+02
4.715000e+02 2.174986e-01 2.090196e+02
4.720000e+02 2.171235e-01 2.091452e+02
4.725000e+02 2.144089e-01 2.097373e+02
4.730000e+02 1.988041e-01 2.129775e+02
4.735000e+02 2.147423e-01 2.097723e+02
4.740000e+02 2.143402e-01 2.099077e+02
4.745000e+02 2.132347e-01 2.101839e+02
4.750000e+02 2.118864e-01 2.105114e+02
4.755000e+02 2.104888e-01 2.108434e+02
4.760000e+02 1.525095e-01 2.231151e+02
4.765000e+02 2.071521e-01 2.116419e+02
4.770000e+02 2.050569e-01 2.121229e+02
4.775000e+02 2.049074e-01 2.122139e+02
4.780000e+02 2.057207e-01 2.120992e+02
4.785000e+02 2.050755e-01 2.122777e+02
4.790000e+02 2.038042e-01 2.125901e+02
4.795000e+02 1.997202e-01 2.134924e+02
4.800000e+02 1.918269e-01 2.152089e+02
4.805000e+02 1.916877e-01 2.152385e+02
4.810000e+02 1.874205e-01 2.161831e+02
4.815000e+02 1.732841e-01 2.191535e+02
4.820000e+02 1.882841e-01 2.162290e+02
4.825000e+02 1.877506e-01 2.164817e+02
4.830000e+02 1.838331e-01 2.174415e+02
4.835000e+02 1.774070e-01 2.189614e+02
4.840000e+02 1.698203e-01 2.207839e+02
4.845000e+02 1.577592e-01 2.236430e+02
4.850000e+02 1.400644e-01 2.278560e+02
4.855000e+02 1.124958e-01 2.344529e+02
4.860000e+02 7.070082e-02 2.446152e+02
4.865000e+02 2.114139e-02 2.573091e+02
4.870000e+02 2.284085e-04 2.641393e+02
4.875000e+02 2.251518e-04 2.641460e+02
4.880000e+02 2.091799e-02 2.574059e+02
4.885000e+02 6.939239e-02 2.450171e+02
4.890000e+02 1.094758e-01 2.352946e+02
4.895000e+02 1.303743e-01 2.301719e+02
4.900000e+02 1.516902e-01 2.252826e+02
4.905000e+02 1.623432e-01 2.227964e+02
4.910000e+02 1.692751e-01 2.211869e+02
4.915000e+02 1.739055e-01 2.201181e+02
4.920000e+02 1.740279e-01 2.200293e+02
4.925000e+02 1.793722e-01 2.188769e+02
4.930000e+02 1.809925e-01 2.185192e+02
4.935000e+02 1.820342e-01 2.182943e+02
4.940000e+02 1.827516e-01 2.181462e+02
4.945000e+02 1.831115e-01 2.180792e+02
4.950000e+02 1.832229e-01 2.180690e+02
4.955000e+02 1.828901e-01 2.181530e+02
4.960000e+02 1.780875e-01 2.191693e+02
4.965000e+02 1.788565e-01 2.190058e+02
4.970000e+02 1.748676e-01 2.198578e+02
4.975000e+02 1.814170e-01 2.185498e+02
4.980000e+02 1.751747e-01 2.198948e+02
4.985000e+02 1.792314e-01 2.190513e+02
4.990000e+02 1.793031e-01 2.190666e+02
4.995000e+02 1.809283e-01 2.187757e+02
5.000000e+02 1.803222e-01 2.189367e+02
5.005000e+02 1.761414e-01 2.198333e+02
5.010000e+02 1.793194e-01 2.192154e+02
5.015000e+02 1.781437e-01 2.195009e+02
5.020000e+02 1.761561e-01 2.199429e+02
5.025000e+02 1.748446e-01 2.202427e+02
5.030000e+02 1.766530e-01 2.199101e+02
5.035000e+02 1.767623e-01 2.199124e+02
5.040000e+02 1.766712e-01 2.199578e+02
5.045000e+02 1.762488e-01 2.200743e+02
5.050000e+02 1.753986e-01 2.202792e+02
5.055000e+02 1.744436e-01 2.205074e+02
5.060000e+02 1.746170e-01 2.205082e+02
5.065000e+02 1.738092e-01 2.207095e+02
5.070000e+02 1.729475e-01 2.209188e+02
5.075000e+02 1.685458e-01 2.218383e+02
5.080000e+02 1.626981e-01 2.230710e+02
5.085000e+02 1.691047e-01 2.218079e+02
5.090000e+02 1.673207e-01 2.222276e+02
5.095000e+02 1.697139e-01 2.217619e+02
5.100000e+02 1.701107e-01 2.217135e+02
5.105000e+02 1.697599e-01 2.218182e+02
5.110000e+02 1.692735e-01 2.219516e+02
5.115000e+02 1.687477e-01 2.220936e+02
5.120000e+02 1.676755e-01 2.223496e+02
5.125000e+02 1.676298e-01 2.223918e+02
5.130000e+02 1.670375e-01 2.225481e+02
5.135000e+02 1.664605e-01 2.227015e+02
5.140000e+02 1.658951e-01 2.228515e+02
5.145000e+02 1.651209e-01 2.230439e+02
5.150000e+02 1.509404e-01 2.261282e+02
5.155000e+02 1.639503e-01 2.233534e+02
5.160000e+02 1.634592e-01 2.234897e+02
5.165000e+02 1.626825e-01 2.236828e+02
5.170000e+02 1.609025e-01 2.240752e+02
5.175000e+02 1.449400e-01 2.273817e+02
5.180000e+02 1.603488e-01 2.242618e+02
5.185000e+02 1.601593e-01 2.243397e+02
5.190000e+02 1.597035e-01 2.244672e+02
5.195000e+02 1.583418e-01 2.247774e+02
5.200000e+02 1.455223e-01 2.273957e+02
5.205000e+02 1.552458e-01 2.254698e+02
5.210000e+02 1.569277e-01 2.251728e+02
5.215000e+02 1.562233e-01 2.253502e+02
5.220000e+02 1.355419e-01 2.296568e+02
5.225000e+02 1.543425e-01 2.258007e+02
5.230000e+02 1.510054e-01 2.265025e+02
5.235000e+02 1.406062e-01 2.286712e+02
5.240000e+02 1.531952e-01 2.261414e+02
5.245000e+02 1.532936e-01 2.261595e+02
5.250000e+02 1.530880e-01 2.262371e+02
5.255000e+02 1.526015e-01 2.263727e+02
5.260000e+02 1.519030e-01 2.265537e+02
5.265000e+02 1.506531e-01 2.268523e+02
5.270000e+02 1.492016e-01 2.271877e+02
5.275000e+02 1.466011e-01 2.277390e+02
5.280000e+02 1.487718e-01 2.273422e+02
5.285000e+02 1.489278e-01 2.273345e+02
5.290000e+02 1.485651e-01 2.274349e+02
5.295000e+02 1.473357e-01 2.277117e+02
5.300000e+02 1.475176e-01 2.277060e+02
5.305000e+02 1.452588e-01 2.282322e+02
5.310000e+02 1.457311e-01 2.281365e+02
5.315000e+02 1.459373e-01 2.281301e+02
5.320000e+02 1.460026e-01 2.281444e+02
5.325000e+02 1.454911e-01 2.282813e+02
5.330000e+02 1.449046e-01 2.284340e+02
5.335000e+02 1.442633e-01 2.285968e+02
5.340000e+02 1.427162e-01 2.289404e+02
5.345000e+02 1.417415e-01 2.291704e+02
5.350000e+02 1.426003e-01 2.290335e+02
5.355000e+02 1.419328e-01 2.292013e+02
5.360000e+02 1.372075e-01 2.301994e+02
5.365000e+02 1.410988e-01 2.294368e+02
5.370000e+02 1.406982e-01 2.295516e+02
5.375000e+02 1.401610e-01 2.296929e+02
5.380000e+02 1.396281e-01 2.298339e+02
5.385000e+02 1.390121e-01 2.299914e+02
5.390000e+02 1.376207e-01 2.303039e+02
5.395000e+02 1.328138e-01 2.313078e+02
5.400000e+02 1.369720e-01 2.305008e+02
5.405000e+02 1.357437e-01 2.307818e+02
5.410000e+02 1.364856e-01 2.306662e+02
5.415000e+02 1.361484e-01 2.307664e+02
5.420000e+02 1.356267e-01 2.309045e+02
5.425000e+02 1.346139e-01 2.311431e+02
5.430000e+02 1.345832e-01 2.311803e+02
5.435000e+02 1.339492e-01 2.313409e+02
5.440000e+02 1.333591e-01 2.314915e+02
5.445000e+02 1.313833e-01 2.319218e+02
5.450000e+02 1.269232e-01 2.328490e+02
5.455000e+02 1.316394e-01 2.319345e+02
5.460000e+02 1.315194e-01 2.319922e+02
5.465000e+02 1.311094e-01 2.321072e+02
5.470000e+02 1.306499e-01 2.322321e+02
5.475000e+02 1.301190e-01 2.323718e+02
5.480000e+02 1.296349e-01 2.325013e+02
5.485000e+02 1.290225e-01 2.326570e+02
5.490000e+02 1.258628e-01 2.333340e+02
5.495000e+02 1.277791e-01 2.329730e+02
5.500000e+02 1.272338e-01 2.331166e+02
5.505000e+02 1.258731e-01 2.334228e+02
5.510000e+02 8.239881e-02 2.426593e+02
5.515000e+02 1.195053e-01 2.348003e+02
5.520000e+02 1.237725e-01 2.339649e+02
5.525000e+02 1.189649e-01 2.349827e+02
5.530000e+02 1.232243e-01 2.341380e+02
5.535000e+02 1.234717e-01 2.341105e+02
5.540000e+02 1.234715e-01 2.341326e+02
5.545000e+02 1.231714e-01 2.342191e+02
5.550000e+02 1.228246e-01 2.343166e+02
5.555000e+02 1.223290e-01 2.344456e+02
5.560000e+02 1.219511e-01 2.345511e+02
5.565000e+02 1.211911e-01 2.347342e+02
5.570000e+02 1.208836e-01 2.348260e+02
5.575000e+02 1.204611e-01 2.349416e+02
5.580000e+02 1.154389e-01 2.360185e+02
5.585000e+02 1.195347e-01 2.351889e+02
5.590000e+02 1.188930e-01 2.353509e+02
5.595000e+02 1.165052e-01 2.358712e+02
5.600000e+02 1.156224e-01 2.360649e+02
5.605000e+02 1.175280e-01 2.357140e+02
5.610000e+02 1.173313e-01 2.357831e+02
5.615000e+02 1.168783e-01 2.359046e+02
5.620000e+02 1.164339e-01 2.360237e+02
5.625000e+02 1.159830e-01 2.361447e+02
5.630000e+02 1.154326e-01 2.362860e+02
5.635000e+02 1.142770e-01 2.365526e+02
5.640000e+02 1.144646e-01 2.365425e+02
5.645000e+02 1.138736e-01 2.366934e+02
5.650000e+02 1.131109e-01 2.368804e+02
5.655000e+02 1.113965e-01 2.372606e+02
5.660000e+02 1.077645e-01 2.380273e+02
5.665000e+02 1.019205e-01 2.392498e+02
5.670000e+02 1.027284e-01 2.391119e+02
5.675000e+02 1.090638e-01 2.378757e+02
5.680000e+02 1.099748e-01 2.377005e+02
5.685000e+02 1.100242e-01 2.377090e+02
5.690000e+02 1.095960e-01 2.378189e+02
5.695000e+02 1.088095e-01 2.380019e+02
5.700000e+02 1.005018e-01 2.397089e+02
5.705000e+02 1.063691e-01 2.385442e+02
5.710000e+02 2.982379e-02 2.550498e+02
5.715000e+02 1.066242e-01 2.385526e+02
5.720000e+02 1.070782e-01 2.384917e+02
5.725000e+02 1.064375e-01 2.386480e+02
5.730000e+02 1.036610e-01 2.392369e+02
5.735000e+02 1.028919e-01 2.394209e+02
5.740000e+02 1.052426e-01 2.389736e+02
5.745000e+02 1.011317e-01 2.398529e+02
5.750000e+02 1.046497e-01 2.391531e+02
5.755000e+02 1.041202e-01 2.392919e+02
5.760000e+02 1.028586e-01 2.395768e+02
5.765000e+02 7.963286e-02 2.444861e+02
5.770000e+02 1.015313e-01 2.399128e+02
5.775000e+02 9.952676e-02 2.403382e+02
5.780000e+02 1.010039e-01 2.400745e+02
5.785000e+02 1.014867e-01 2.399964e+02
5.790000e+02 1.014020e-01 2.400334e+02
5.795000e+02 1.011880e-01 2.400992e+02
5.800000e+02 1.006757e-01 2.402292e+02
5.805000e+02 1.004129e-01 2.403059e+02
5.810000e+02 9.982330e-02 2.404526e+02
5.815000e+02 9.887461e-02 2.406711e+02
5.820000e+02 9.261401e-02 2.419508e+02
5.825000e+02 9.628330e-02 2.412428e+02
5.830000e+02 9.752626e-02 2.410230e+02
5.835000e+02 8.513529e-02 2.436319e+02
5.840000e+02 9.735284e-02 2.411070e+02
5.845000e+02 9.733857e-02 2.411349e+02
5.850000e+02 9.704795e-02 2.412190e+02
5.855000e+02 9.669723e-02 2.413154e+02
5.860000e+02 9.629785e-02 2.414221e+02
5.865000e+02 9.593364e-02 2.415213e+02
5.870000e+02 9.548820e-02 2.416379e+02
5.875000e+02 9.517129e-02 2.417269e+02
5.880000e+02 9.479712e-02 2.418281e+02
5.885000e+02 9.438590e-02 2.419369e+02
5.890000e+02 9.372196e-02 2.420968e+02
5.895000e+02 9.352541e-02 2.421625e+02
5.900000e+02 9.295058e-02 2.423033e+02
5.905000e+02 9.190794e-02 2.425383e+02
5.910000e+02 8.452553e-02 2.441536e+02
5.915000e+02 9.136673e-02 2.426984e+02
5.920000e+02 9.137497e-02 2.427236e+02
5.925000e+02 8.834860e-02 2.433569e+02
5.930000e+02 9.034037e-02 2.429815e+02
5.935000e+02 9.038695e-02 2.429988e+02
5.940000e+02 9.001302e-02 2.430987e+02
5.945000e+02 8.921210e-02 2.432838e+02
5.950000e+02 8.007873e-02 2.451577e+02
5.955000e+02 8.811009e-02 2.435534e+02
5.960000e+02 8.853923e-02 2.434952e+02
5.965000e+02 8.832346e-02 2.435640e+02
5.970000e+02 8.800545e-02 2.436530e+02
5.975000e+02 8.764700e-02 2.437501e+02
5.980000e+02 8.728633e-02 2.438475e+02
5.985000e+02 8.693283e-02 2.439436e+02
5.990000e+02 8.654345e-02 2.440471e+02
5.995000e+02 8.605450e-02 2.441703e+02
6.000000e+02 8.028942e-02 2.453985e+02
6.005000e+02 8.522717e-02 2.443906e+02
6.010000e+02 8.468255e-02 2.445300e+02
6.015000e+02 8.426907e-02 2.446423e+02
6.020000e+02 8.355302e-02 2.448189e+02
6.025000e+02 8.177382e-02 2.452031e+02
6.030000e+02 8.207192e-02 2.451712e+02
6.035000e+02 8.259267e-02 2.450869e+02
6.040000e+02 8.250840e-02 2.451222e+02
6.045000e+02 8.233060e-02 2.451788e+02
6.050000e+02 8.204434e-02 2.452588e+02
6.055000e+02 8.168573e-02 2.453546e+02
6.060000e+02 8.131675e-02 2.454530e+02
6.065000e+02 8.099869e-02 2.455409e+02
6.070000e+02 8.060366e-02 2.456447e+02
6.075000e+02 8.014731e-02 2.457608e+02
6.080000e+02 7.944891e-02 2.459257e+02
6.085000e+02 7.939396e-02 2.459621e+02
6.090000e+02 7.883018e-02 2.461002e+02
6.095000e+02 7.694011e-02 2.465015e+02
6.100000e+02 7.500085e-02 2.469120e+02
6.105000e+02 6.983341e-02 2.479696e+02
6.110000e+02 7.513419e-02 2.469332e+02
6.115000e+02 7.455954e-02 2.470715e+02
6.120000e+02 7.664521e-02 2.466837e+02
6.125000e+02 7.658468e-02 2.467199e+02
6.130000e+02 7.635252e-02 2.467905e+02
6.135000e+02 7.607733e-02 2.468691e+02
6.140000e+02 7.570336e-02 2.469680e+02
6.145000e+02 7.494959e-02 2.471420e+02
6.150000e+02 7.437413e-02 2.472811e+02
6.155000e+02 7.463024e-02 2.472545e+02
6.160000e+02 7.416618e-02 2.473706e+02
6.165000e+02 7.373033e-02 2.474814e+02
6.170000e+02 7.359507e-02 2.475326e+02
6.175000e+02 7.305835e-02 2.476641e+02
6.180000e+02 7.305030e-02 2.476890e+02
6.185000e+02 7.271695e-02 2.477793e+02
6.190000e+02 7.230893e-02 2.478846e+02
6.195000e+02 7.183548e-02 2.480031e+02
6.200000e+02 7.099175e-02 2.481951e+02
6.205000e+02 6.673886e-02 2.490598e+02
6.210000e+02 6.534455e-02 2.493615e+02
6.215000e+02 7.002641e-02 2.484577e+02
6.220000e+02 7.016417e-02 2.484539e+02
6.225000e+02 6.994598e-02 2.485205e+02
6.230000e+02 6.950717e-02 2.486311e+02
6.235000e+02 6.725015e-02 2.491024e+02
6.240000e+02 6.811637e-02 2.489536e+02
6.245000e+02 6.861152e-02 2.488797e+02
6.250000e+02 6.822489e-02 2.489804e+02
6.255000e+02 6.719110e-02 2.492114e+02
6.260000e+02 6.762489e-02 2.491502e+02
6.265000e+02 6.717541e-02 2.492683e+02
6.270000e+02 6.643828e-02 2.494479e+02
6.275000e+02 6.475219e-02 2.498149e+02
6.280000e+02 6.429498e-02 2.499303e+02
6.285000e+02 6.548711e-02 2.497052e+02
6.290000e+02 6.563757e-02 2.496873e+02
6.295000e+02 6.553673e-02 2.497238e+02
6.300000e+02 6.529538e-02 2.497910e+02
6.305000e+02 6.505735e-02 2.498582e+02
6.310000e+02 6.476185e-02 2.499380e+02
6.315000e+02 6.434973e-02 2.500415e+02
6.320000e+02 6.244022e-02 2.504424e+02
6.325000e+02 6.324000e-02 2.503046e+02
6.330000e+02 6.336372e-02 2.503025e+02
6.335000e+02 6.274869e-02 2.504467e+02
6.340000e+02 6.239670e-02 2.505377e+02
6.345000e+02 4.830236e-02 2.534467e+02
6.350000e+02 6.204912e-02 2.506495e+02
6.355000e+02 6.208733e-02 2.506636e+02
6.360000e+02 6.186857e-02 2.507282e+02
6.365000e+02 6.160482e-02 2.508019e+02
6.370000e+02 6.130379e-02 2.508833e+02
6.375000e+02 6.098291e-02 2.509683e+02
6.380000e+02 6.057168e-02 2.510714e+02
6.385000e+02 5.938797e-02 2.513286e+02
6.390000e+02 5.368991e-02 2.524908e+02
6.395000e+02 5.930187e-02 2.513877e+02
6.400000e+02 5.787535e-02 2.516965e+02
6.405000e+02 5.895623e-02 2.514983e+02
6.410000e+02 5.885225e-02 2.515399e+02
6.415000e+02 5.710723e-02 2.519177e+02
6.420000e+02 5.737217e-02 2.518742e+02
6.425000e+02 5.449040e-02 2.524691e+02
6.430000e+02 5.739036e-02 2.519148e+02
6.435000e+02 5.713651e-02 2.519866e+02
6.440000e+02 5.699211e-02 2.520345e+02
6.445000e+02 5.564583e-02 2.523192e+02
6.450000e+02 5.418045e-02 2.526295e+02
6.455000e+02 5.563825e-02 2.523633e+02
6.460000e+02 5.559057e-02 2.523976e+02
6.465000e+02 5.556325e-02 2.524221e+02
6.470000e+02 5.535625e-02 2.524806e+02
6.475000e+02 5.404959e-02 2.527594e+02
6.480000e+02 5.157511e-02 2.532696e+02
6.485000e+02 5.451982e-02 2.527067e+02
6.490000e+02 5.447101e-02 2.527368e+02
6.495000e+02 5.422380e-02 2.528062e+02
6.500000e+02 5.382973e-02 2.529055e+02
6.505000e+02 5.306358e-02 2.530789e+02
6.510000e+02 5.214740e-02 2.532802e+02
6.515000e+02 2.934432e-02 2.579678e+02
6.520000e+02 5.146116e-02 2.534641e+02
6.525000e+02 5.131312e-02 2.535201e+02
6.530000e+02 5.050754e-02 2.536993e+02
6.535000e+02 4.910543e-02 2.539947e+02
6.540000e+02 4.825364e-02 2.541780e+02
6.545000e+02 4.608276e-02 2.546239e+02
6.550000e+02 1.816035e-02 2.604047e+02
6.555000e+02 3.751892e-02 2.563519e+02
6.560000e+02 1.552318e-02 2.609324e+02
6.565000e+02 3.031013e-02 2.578767e+02
6.570000e+02 4.805341e-02 2.543250e+02
6.575000e+02 4.404350e-02 2.551951e+02
6.580000e+02 4.037064e-02 2.559378e+02
6.585000e+02 4.900889e-02 2.541886e+02
6.590000e+02 4.894738e-02 2.542191e+02
6.595000e+02 4.915383e-02 2.541957e+02
6.600000e+02 4.899924e-02 2.542443e+02
6.605000e+02 4.877375e-02 2.543071e+02
6.610000e+02 4.831340e-02 2.544166e+02
6.615000e+02 4.142092e-02 2.558414e+02
6.620000e+02 4.797720e-02 2.545196e+02
6.625000e+02 4.790032e-02 2.545530e+02
6.630000e+02 4.768952e-02 2.546129e+02
6.635000e+02 4.748250e-02 2.546721e+02
6.640000e+02 4.721838e-02 2.547429e+02
6.645000e+02 4.635632e-02 2.549400e+02
6.650000e+02 4.643559e-02 2.549348e+02
6.655000e+02 4.408541e-02 2.554169e+02
6.660000e+02 4.507365e-02 2.552392e+02
6.665000e+02 4.404096e-02 2.554658e+02
6.670000e+02 4.525623e-02 2.552405e+02
6.675000e+02 4.515403e-02 2.552816e+02
6.680000e+02 4.522188e-02 2.552825e+02
6.685000e+02 4.512357e-02 2.553191e+02
6.690000e+02 4.480108e-02 2.554009e+02
6.695000e+02 4.384996e-02 2.556063e+02
6.700000e+02 4.107565e-02 2.561745e+02
6.705000e+02 4.390343e-02 2.556319e+02
6.710000e+02 4.366713e-02 2.556960e+02
6.715000e+02 4.103701e-02 2.562332e+02
6.720000e+02 4.213210e-02 2.560359e+02
6.725000e+02 4.224556e-02 2.560322e+02
6.730000e+02 4.262404e-02 2.559752e+02
6.735000e+02 4.269756e-02 2.559754e+02
6.740000e+02 4.081762e-02 2.563695e+02
6.745000e+02 4.245474e-02 2.560561e+02
6.750000e+02 4.230606e-02 2.561025e+02
6.755000e+02 4.207222e-02 2.561660e+02
6.760000e+02 4.057561e-02 2.564855e+02
6.765000e+02 4.153526e-02 2.563089e+02
6.770000e+02 4.105354e-02 2.564250e+02
6.775000e+02 4.075009e-02 2.565055e+02
6.780000e+02 3.994850e-02 2.566798e+02
6.785000e+02 4.048573e-02 2.565900e+02
6.790000e+02 4.040360e-02 2.566194e+02
6.795000e+02 4.038651e-02 2.566352e+02
6.800000e+02 4.026469e-02 2.566739e+02
6.805000e+02 4.009615e-02 2.567224e+02
6.810000e+02 3.991177e-02 2.567744e+02
6.815000e+02 3.970572e-02 2.568312e+02
6.820000e+02 3.949687e-02 2.568884e+02
6.825000e+02 3.930401e-02 2.569425e+02
6.830000e+02 3.902576e-02 2.570143e+02
6.835000e+02 3.819182e-02 2.571955e+02
6.840000e+02 3.840510e-02 2.571682e+02
6.845000e+02 3.836034e-02 2.571930e+02
6.850000e+02 3.830771e-02 2.572193e+02
6.855000e+02 3.812424e-02 2.572714e+02
6.860000e+02 3.793215e-02 2.573252e+02
6.865000e+02 3.774523e-02 2.573779e+02
6.870000e+02 3.755362e-02 2.574315e+02
6.875000e+02 3.735179e-02 2.574872e+02
6.880000e+02 3.716383e-02 2.575401e+02
6.885000e+02 3.696610e-02 2.575949e+02
6.890000e+02 3.676348e-02 2.576508e+02
6.895000e+02 3.655265e-02 2.577084e+02
6.900000e+02 3.632858e-02 2.577690e+02
6.905000e+02 3.606442e-02 2.578380e+02
6.910000e+02 3.568900e-02 2.579298e+02
6.915000e+02 3.456295e-02 2.581695e+02
6.920000e+02 3.441113e-02 2.582168e+02
6.925000e+02 3.255196e-02 2.585951e+02
6.930000e+02 3.446665e-02 2.582292e+02
6.935000e+02 2.338482e-02 2.605136e+02
6.940000e+02 3.435482e-02 2.582806e+02
6.945000e+02 3.402610e-02 2.583606e+02
6.950000e+02 3.382819e-02 2.584145e+02
6.955000e+02 3.415806e-02 2.583647e+02
6.960000e+02 3.327448e-02 2.585565e+02
6.965000e+02 3.385109e-02 2.584548e+02
6.970000e+02 3.368987e-02 2.585017e+02
6.975000e+02 3.324898e-02 2.586074e+02
6.980000e+02 3.338478e-02 2.585914e+02
6.985000e+02 3.316850e-02 2.586491e+02
6.990000e+02 3.092865e-02 2.591279e+02
6.995000e+02 3.276593e-02 2.587589e+02
7.000000e+02 3.251169e-02 2.588246e+02
7.005000e+02 3.180726e-02 2.589784e+02
7.010000e+02 2.980664e-02 2.593895e+02
7.015000e+02 2.802368e-02 2.598061e+02
7.020000e+02 3.162973e-02 2.590629e+02
7.025000e+02 3.134478e-02 2.591373e+02
7.030000e+02 3.010477e-02 2.594036e+02
7.035000e+02 3.103621e-02 2.592275e+02
7.040000e+02 3.104583e-02 2.592369e+02
7.045000e+02 3.093148e-02 2.592720e+02
7.050000e+02 3.078650e-02 2.593142e+02
7.055000e+02 3.061056e-02 2.593632e+02
7.060000e+02 3.040219e-02 2.594195e+02
7.065000e+02 3.022568e-02 2.594693e+02
7.070000e+02 3.001006e-02 2.595275e+02
7.075000e+02 2.977810e-02 2.595892e+02
7.080000e+02 2.932667e-02 2.596950e+02
7.085000e+02 2.925465e-02 2.597261e+02
7.090000e+02 2.902635e-02 2.597890e+02
7.095000e+02 2.846495e-02 2.599190e+02
7.100000e+02 2.836401e-02 2.599594e+02
7.105000e+02 2.802638e-02 2.600489e+02
7.110000e+02 2.751069e-02 2.601773e+02
7.115000e+02 2.376125e-02 2.610022e+02
7.120000e+02 2.622493e-02 2.604991e+02
7.125000e+02 2.520286e-02 2.607510e+02
7.130000e+02 2.366596e-02 2.611257e+02
7.135000e+02 2.122003e-02 2.617194e+02
7.140000e+02 1.707817e-02 2.627252e+02
7.145000e+02 1.008411e-02 2.644421e+02
7.150000e+02 1.794866e-03 2.665819e+02
7.155000e+02 4.580189e-05 2.671412e+02
7.160000e+02 4.944743e-03 2.657559e+02
7.165000e+02 1.311220e-02 2.637223e+02
7.170000e+02 1.835229e-02 2.624533e+02
7.175000e+02 2.127843e-02 2.617552e+02
7.180000e+02 2.245379e-02 2.614592e+02
7.185000e+02 2.287176e-02 2.613428e+02
7.190000e+02 2.434128e-02 2.610361e+02
7.195000e+02 2.433296e-02 2.610287e+02
7.200000e+02 2.417614e-02 2.610573e+02
7.205000e+02 2.507942e-02 2.608822e+02
7.210000e+02 2.523132e-02 2.608564e+02
7.215000e+02 2.525143e-02 2.608586e+02
7.220000e+02 2.521647e-02 2.608731e+02
7.225000e+02 2.510071e-02 2.609044e+02
7.230000e+02 2.419590e-02 2.610985e+02
7.235000e+02 2.250295e-02 2.614359e+02
7.240000e+02 2.477102e-02 2.609984e+02
7.245000e+02 2.481419e-02 2.610009e+02
7.250000e+02 2.475168e-02 2.610241e+02
7.255000e+02 2.461108e-02 2.610636e+02
7.260000e+02 2.451267e-02 2.610941e+02
7.265000e+02 2.412512e-02 2.611827e+02
7.270000e+02 2.407939e-02 2.612050e+02
7.275000e+02 2.395462e-02 2.612437e+02
7.280000e+02 2.336203e-02 2.613727e+02
7.285000e+02 2.366349e-02 2.613252e+02
7.290000e+02 2.367767e-02 2.613320e+02
7.295000e+02 2.354899e-02 2.613684e+02
7.300000e+02 2.180862e-02 2.617458e+02
7.305000e+02 2.301685e-02 2.615029e+02
7.310000e+02 2.205338e-02 2.617080e+02
7.315000e+02 2.233813e-02 2.616636e+02
7.320000e+02 2.281353e-02 2.615737e+02
7.325000e+02 2.285512e-02 2.615718e+02
7.330000e+02 2.279693e-02 2.615921e+02
7.335000e+02 2.267324e-02 2.616265e+02
7.340000e+02 2.236896e-02 2.616968e+02
7.345000e+02 2.120639e-02 2.619373e+02
7.350000e+02 1.965805e-02 2.622963e+02
7.355000e+02 2.219684e-02 2.617638e+02
7.360000e+02 2.212426e-02 2.617891e+02
7.365000e+02 2.145509e-02 2.619383e+02
7.370000e+02 2.189813e-02 2.618557e+02
7.375000e+02 2.178439e-02 2.618892e+02
7.380000e+02 2.165688e-02 2.619254e+02
7.385000e+02 2.153000e-02 2.619614e+02
7.390000e+02 2.138849e-02 2.620004e+02
7.395000e+02 2.119391e-02 2.620497e+02
7.400000e+02 2.063474e-02 2.621707e+02
7.405000e+02 1.901418e-02 2.625003e+02
7.410000e+02 2.075954e-02 2.621680e+02
7.415000e+02 2.073210e-02 2.621848e+02
7.420000e+02 2.063834e-02 2.622139e+02
7.425000e+02 2.051318e-02 2.622494e+02
7.430000e+02 2.035050e-02 2.622925e+02
7.435000e+02 2.031130e-02 2.623109e+02
7.440000e+02 2.022214e-02 2.623392e+02
7.445000e+02 2.010343e-02 2.623734e+02
7.450000e+02 1.997138e-02 2.624103e+02
7.455000e+02 1.981384e-02 2.624523e+02
7.460000e+02 1.951919e-02 2.625215e+02
7.465000e+02 1.684286e-02 2.631072e+02
7.470000e+02 1.793438e-02 2.628553e+02
7.475000e+02 1.923529e-02 2.626095e+02
7.480000e+02 1.914986e-02 2.626370e+02
7.485000e+02 1.813432e-02 2.628525e+02
7.490000e+02 1.863888e-02 2.627583e+02
7.495000e+02 1.883815e-02 2.627306e+02
7.500000e+02 1.874233e-02 2.627606e+02
7.505000e+02 1.856487e-02 2.628071e+02
7.510000e+02 1.821603e-02 2.628873e+02
7.515000e+02 1.803368e-02 2.629343e+02
7.520000e+02 1.786828e-02 2.629785e+02
7.525000e+02 1.801758e-02 2.629603e+02
7.530000e+02 1.769580e-02 2.630345e+02
7.535000e+02 1.772665e-02 2.630391e+02
7.540000e+02 1.766667e-02 2.630594e+02
7.545000e+02 1.533339e-02 2.635394e+02
7.550000e+02 1.752657e-02 2.631054e+02
7.555000e+02 1.745975e-02 2.631286e+02
7.560000e+02 1.734335e-02 2.631616e+02
7.565000e+02 1.715130e-02 2.632096e+02
7.570000e+02 1.637933e-02 2.633702e+02
7.575000e+02 1.626390e-02 2.634035e+02
7.580000e+02 1.678641e-02 2.633133e+02
7.585000e+02 1.673916e-02 2.633336e+02
7.590000e+02 1.663142e-02 2.633658e+02
7.595000e+02 1.650247e-02 2.634023e+02
7.600000e+02 1.633018e-02 2.634474e+02
7.605000e+02 1.606356e-02 2.635114e+02
7.610000e+02 1.607702e-02 2.635204e+02
7.615000e+02 1.592971e-02 2.635614e+02
7.620000e+02 1.576816e-02 2.636053e+02
7.625000e+02 1.561543e-02 2.636479e+02
7.630000e+02 1.544538e-02 2.636944e+02
7.635000e+02 1.525756e-02 2.637449e+02
7.640000e+02 1.505241e-02 2.637995e+02
7.645000e+02 1.482345e-02 2.638597e+02
7.650000e+02 1.439416e-02 2.639609e+02
7.655000e+02 1.424825e-02 2.640065e+02
7.660000e+02 1.377936e-02 2.641159e+02
7.665000e+02 1.322560e-02 2.642441e+02
7.670000e+02 1.332852e-02 2.642462e+02
7.675000e+02 1.290418e-02 2.643545e+02
7.680000e+02 1.246131e-02 2.644704e+02
7.685000e+02 1.189296e-02 2.646163e+02
7.690000e+02 1.119358e-02 2.647951e+02
7.695000e+02 1.032426e-02 2.650174e+02
7.700000e+02 9.211910e-03 2.653023e+02
7.705000e+02 7.862772e-03 2.656542e+02
7.710000e+02 6.152338e-03 2.661088e+02
7.715000e+02 4.125539e-03 2.666722e+02
7.720000e+02 2.005814e-03 2.673192e+02
7.725000e+02 4.548577e-04 2.679293e+02
7.730000e+02 1.126827e-05 2.683617e+02
7.735000e+02 3.847731e-11 2.686526e+02
7.740000e+02 7.480197e-17 2.687111e+02
7.745000e+02 7.384084e-07 2.684858e+02
7.750000e+02 1.734162e-04 2.681223e+02
7.755000e+02 1.267422e-03 2.675956e+02
7.760000e+02 3.030968e-03 2.670098e+02
7.765000e+02 4.816567e-03 2.664921e+02
7.770000e+02 6.584300e-03 2.660322e+02
7.775000e+02 7.907567e-03 2.656958e+02
7.780000e+02 8.806580e-03 2.654666e+02
7.785000e+02 9.566130e-03 2.652803e+02
7.790000e+02 1.018141e-02 2.651321e+02
7.795000e+02 1.036452e-02 2.650765e+02
7.800000e+02 1.080739e-02 2.649763e+02
7.805000e+02 1.123164e-02 2.648845e+02
7.810000e+02 1.144097e-02 2.648379e+02
7.815000e+02 1.155835e-02 2.648118e+02
7.820000e+02 1.148724e-02 2.648240e+02
7.825000e+02 8.894464e-03 2.653419e+02
7.830000e+02 1.167371e-02 2.647899e+02
7.835000e+02 1.169879e-02 2.647879e+02
7.840000e+02 1.177725e-02 2.647756e+02
7.845000e+02 1.115452e-02 2.649003e+02
7.850000e+02 1.154468e-02 2.648285e+02
7.855000e+02 1.170000e-02 2.648037e+02
7.860000e+02 1.183589e-02 2.647822e+02
7.865000e+02 1.187096e-02 2.647808e+02
7.870000e+02 1.185510e-02 2.647896e+02
7.875000e+02 1.182881e-02 2.648006e+02
7.880000e+02 1.179346e-02 2.648137e+02
7.885000e+02 1.175047e-02 2.648284e+02
7.890000e+02 1.170032e-02 2.648447e+02
7.895000e+02 1.165548e-02 2.648602e+02
7.900000e+02 1.159390e-02 2.648793e+02
7.905000e+02 1.148948e-02 2.649077e+02
7.910000e+02 1.133797e-02 2.649456e+02
7.915000e+02 1.122925e-02 2.649737e+02
7.920000e+02 1.129969e-02 2.649654e+02
7.925000e+02 1.123834e-02 2.649832e+02
7.930000e+02 1.069340e-02 2.650970e+02
7.935000e+02 1.097643e-02 2.650474e+02
7.940000e+02 1.113424e-02 2.650234e+02
7.945000e+02 1.108970e-02 2.650388e+02
7.950000e+02 1.105796e-02 2.650518e+02
7.955000e+02 1.100671e-02 2.650687e+02
7.960000e+02 1.093647e-02 2.650896e+02
7.965000e+02 1.089376e-02 2.651046e+02
7.970000e+02 1.083461e-02 2.651232e+02
7.975000e+02 1.077205e-02 2.651424e+02
7.980000e+02 1.070536e-02 2.651625e+02
7.985000e+02 1.057523e-02 2.651950e+02
7.990000e+02 1.050329e-02 2.652161e+02
7.995000e+02 1.048202e-02 2.652274e+02
8.000000e+02 1.046679e-02 2.652372e+02
8.005000e+02 1.040661e-02 2.652560e+02
8.010000e+02 1.034109e-02 2.652760e+02
8.015000e+02 1.027134e-02 2.652969e+02
8.020000e+02 1.017093e-02 2.653241e+02
8.025000e+02 9.963515e-03 2.653730e+02
8.030000e+02 9.959931e-03 2.653812e+02
8.035000e+02 9.896246e-03 2.654006e+02
8.040000e+02 9.920439e-03 2.654019e+02
8.045000e+02 9.871757e-03 2.654174e+02
8.050000e+02 9.825780e-03 2.654329e+02
8.055000e+02 9.767704e-03 2.654511e+02
8.060000e+02 9.678057e-03 2.654759e+02
8.065000e+02 9.496168e-03 2.655184e+02
8.070000e+02 9.425083e-03 2.655389e+02
8.075000e+02 8.267433e-03 2.657712e+02
8.080000e+02 9.233234e-03 2.655878e+02
8.085000e+02 9.390036e-03 2.655642e+02
8.090000e+02 9.366017e-03 2.655755e+02
8.095000e+02 9.272403e-03 2.656009e+02
8.100000e+02 9.219599e-03 2.656177e+02
8.105000e+02 8.968826e-03 2.656733e+02
8.110000e+02 8.683603e-03 2.657374e+02
8.115000e+02 7.765158e-03 2.659297e+02
8.120000e+02 8.988612e-03 2.656893e+02
8.125000e+02 8.939637e-03 2.657052e+02
8.130000e+02 8.488555e-03 2.658001e+02
8.135000e+02 8.723564e-03 2.657603e+02
8.140000e+02 4.883206e-03 2.665619e+02
8.145000e+02 8.706838e-03 2.657765e+02
8.150000e+02 8.700062e-03 2.657841e+02
8.155000e+02 8.660600e-03 2.657982e+02
8.160000e+02 8.604978e-03 2.658155e+02
8.165000e+02 8.555142e-03 2.658316e+02
8.170000e+02 8.499123e-03 2.658490e+02
8.175000e+02 8.438373e-03 2.658674e+02
8.180000e+02 8.371366e-03 2.658870e+02
8.185000e+02 8.162540e-03 2.659349e+02
8.190000e+02 8.243567e-03 2.659250e+02
8.195000e+02 8.083482e-03 2.659627e+02
8.200000e+02 8.039276e-03 2.659778e+02
8.205000e+02 8.067724e-03 2.659789e+02
8.210000e+02 8.034943e-03 2.659917e+02
8.215000e+02 7.979730e-03 2.660090e+02
8.220000e+02 7.913783e-03 2.660285e+02
8.225000e+02 7.853302e-03 2.660469e+02
8.230000e+02 7.791586e-03 2.660657e+02
8.235000e+02 7.720139e-03 2.660865e+02
8.240000e+02 7.639206e-03 2.661094e+02
8.245000e+02 7.556563e-03 2.661325e+02
8.250000e+02 7.431498e-03 2.661642e+02
8.255000e+02 6.949559e-03 2.662649e+02
8.260000e+02 6.819111e-03 2.662982e+02
8.265000e+02 6.325459e-03 2.664067e+02
8.270000e+02 7.086006e-03 2.662633e+02
8.275000e+02 6.962615e-03 2.662968e+02
8.280000e+02 6.110738e-03 2.664848e+02
8.285000e+02 6.730614e-03 2.663622e+02
8.290000e+02 6.641944e-03 2.663904e+02
8.295000e+02 6.452270e-03 2.664402e+02
8.300000e+02 6.212185e-03 2.665022e+02
8.305000e+02 5.549006e-03 2.666523e+02
8.310000e+02 3.203349e-03 2.671489e+02
8.315000e+02 4.327355e-03 2.669524e+02
8.320000e+02 3.997314e-03 2.670691e+02
8.325000e+02 2.922150e-03 2.673636e+02
8.330000e+02 1.391266e-03 2.678034e+02
8.335000e+02 2.024059e-04 2.682445e+02
8.340000e+02 3.741303e-08 2.684561e+02
8.345000e+02 9.384143e-06 2.684047e+02
8.350000e+02 5.929612e-04 2.680865e+02
8.355000e+02 2.019005e-03 2.676369e+02
8.360000e+02 3.353915e-03 2.672743e+02
8.365000e+02 4.167563e-03 2.670579e+02
8.370000e+02 4.441493e-03 2.669712e+02
8.375000e+02 5.100834e-03 2.668226e+02
8.380000e+02 5.103990e-03 2.668106e+02
8.385000e+02 4.955199e-03 2.668345e+02
8.390000e+02 5.617614e-03 2.667019e+02
8.395000e+02 4.946783e-03 2.668309e+02
8.400000e+02 5.378013e-03 2.667479e+02
8.405000e+02 5.440273e-03 2.667377e+02
8.410000e+02 4.126132e-03 2.669994e+02
8.415000e+02 4.442457e-03 2.669386e+02
8.420000e+02 4.449688e-03 2.669411e+02
8.425000e+02 3.620147e-03 2.671019e+02
8.430000e+02 1.471229e-03 2.675278e+02
8.435000e+02 5.211906e-03 2.668017e+02
8.440000e+02 5.676622e-03 2.667156e+02
8.445000e+02 5.792916e-03 2.666968e+02
8.450000e+02 5.811928e-03 2.666972e+02
8.455000e+02 5.780460e-03 2.667080e+02
8.460000e+02 5.793585e-03 2.667094e+02
8.465000e+02 5.759232e-03 2.667209e+02
8.470000e+02 5.754291e-03 2.667261e+02
8.475000e+02 5.722055e-03 2.667371e+02
8.480000e+02 5.683886e-03 2.667493e+02
8.485000e+02 5.640588e-03 2.667625e+02
8.490000e+02 4.901646e-03 2.669143e+02
8.495000e+02 5.559036e-03 2.667879e+02
8.500000e+02 5.511370e-03 2.668021e+02
8.505000e+02 5.532917e-03 2.668025e+02
8.510000e+02 5.503031e-03 2.668131e+02
8.515000e+02 5.458894e-03 2.668266e+02
8.520000e+02 5.431183e-03 2.668371e+02
8.525000e+02 5.366470e-03 2.668550e+02
8.530000e+02 5.307219e-03 2.668719e+02
8.535000e+02 5.263666e-03 2.668851e+02
8.540000e+02 5.277793e-03 2.668867e+02
8.545000e+02 5.259360e-03 2.668944e+02
8.550000e+02 5.230654e-03 2.669044e+02
8.555000e+02 5.147845e-03 2.669254e+02
8.560000e+02 5.166441e-03 2.669260e+02
8.565000e+02 5.108708e-03 2.669420e+02
8.570000e+02 5.044387e-03 2.669593e+02
8.575000e+02 4.928504e-03 2.669861e+02
8.580000e+02 2.833297e-03 2.674094e+02
8.585000e+02 4.925707e-03 2.669958e+02
8.590000e+02 4.961067e-03 2.669936e+02
8.595000e+02 4.942156e-03 2.670019e+02
8.600000e+02 4.908630e-03 2.670131e+02
8.605000e+02 4.837607e-03 2.670318e+02
8.610000e+02 4.808359e-03 2.670419e+02
8.615000e+02 3.777430e-03 2.672531e+02
8.620000e+02 4.743935e-03 2.670634e+02
8.625000e+02 4.667806e-03 2.670825e+02
8.630000e+02 3.917279e-03 2.672341e+02
8.635000e+02 4.656831e-03 2.670936e+02
8.640000e+02 4.661843e-03 2.670972e+02
8.645000e+02 4.639158e-03 2.671060e+02
8.650000e+02 4.608539e-03 2.671164e+02
8.655000e+02 4.524511e-03 2.671376e+02
8.660000e+02 4.409130e-03 2.671642e+02
8.665000e+02 4.500081e-03 2.671507e+02
8.670000e+02 4.493534e-03 2.671564e+02
8.675000e+02 4.467421e-03 2.671658e+02
8.680000e+02 4.438256e-03 2.671758e+02
8.685000e+02 4.373814e-03 2.671929e+02
8.690000e+02 4.275688e-03 2.672164e+02
8.695000e+02 4.277706e-03 2.672212e+02
8.700000e+02 4.318882e-03 2.672163e+02
8.705000e+02 4.285553e-03 2.672271e+02
8.710000e+02 4.268120e-03 2.672347e+02
8.715000e+02 4.240197e-03 2.672444e+02
8.720000e+02 4.212337e-03 2.672540e+02
8.725000e+02 4.183869e-03 2.672638e+02
8.730000e+02 4.156583e-03 2.672733e+02
8.735000e+02 4.129017e-03 2.672829e+02
8.740000e+02 4.090835e-03 2.672946e+02
8.745000e+02 4.072980e-03 2.673022e+02
8.750000e+02 4.044419e-03 2.673120e+02
8.755000e+02 3.933171e-03 2.673384e+02
8.760000e+02 3.988092e-03 2.673313e+02
8.765000e+02 3.960761e-03 2.673409e+02
8.770000e+02 3.930776e-03 2.673510e+02
8.775000e+02 3.897303e-03 2.673619e+02
8.780000e+02 3.854531e-03 2.673748e+02
8.785000e+02 3.795301e-03 2.673905e+02
8.790000e+02 3.809310e-03 2.673916e+02
8.795000e+02 3.793206e-03 2.673983e+02
8.800000e+02 3.773063e-03 2.674060e+02
8.805000e+02 3.747525e-03 2.674148e+02
8.810000e+02 3.713138e-03 2.674254e+02
8.815000e+02 3.650568e-03 2.674416e+02
8.820000e+02 3.657455e-03 2.674440e+02
8.825000e+02 3.590167e-03 2.674609e+02
8.830000e+02 2.435457e-03 2.676923e+02
8.835000e+02 3.511264e-03 2.674840e+02
8.840000e+02 3.554698e-03 2.674797e+02
8.845000e+02 3.541764e-03 2.674861e+02
8.850000e+02 3.518739e-03 2.674944e+02
8.855000e+02 3.474501e-03 2.675071e+02
8.860000e+02 3.450784e-03 2.675155e+02
8.865000e+02 2.953588e-03 2.676180e+02
8.870000e+02 3.356208e-03 2.675415e+02
8.875000e+02 3.314052e-03 2.675535e+02
8.880000e+02 3.086816e-03 2.676010e+02
8.885000e+02 3.268139e-03 2.675697e+02
8.890000e+02 3.322414e-03 2.675631e+02
8.895000e+02 3.312246e-03 2.675688e+02
8.900000e+02 3.294061e-03 2.675761e+02
8.905000e+02 3.272054e-03 2.675841e+02
8.910000e+02 3.250190e-03 2.675920e+02
8.915000e+02 3.227940e-03 2.676001e+02
8.920000e+02 3.205565e-03 2.676082e+02
8.925000e+02 3.181586e-03 2.676167e+02
8.930000e+02 3.155432e-03 2.676256e+02
8.935000e+02 3.115156e-03 2.676376e+02
8.940000e+02 3.081259e-03 2.676485e+02
8.945000e+02 2.987753e-03 2.676719e+02
8.950000e+02 2.754425e-03 2.677214e+02
8.955000e+02 2.923372e-03 2.676922e+02
8.960000e+02 2.350640e-03 2.678065e+02
8.965000e+02 2.948250e-03 2.676917e+02
8.970000e+02 2.972897e-03 2.676901e+02
8.975000e+02 2.963588e-03 2.676952e+02
8.980000e+02 2.947939e-03 2.677016e+02
8.985000e+02 2.928628e-03 2.677088e+02
8.990000e+02 2.911210e-03 2.677156e+02
8.995000e+02 2.891369e-03 2.677229e+02
9.000000e+02 2.870945e-03 2.677304e+02
9.005000e+02 2.847531e-03 2.677384e+02
9.010000e+02 2.804319e-03 2.677504e+02
9.015000e+02 2.797586e-03 2.677552e+02
9.020000e+02 2.786034e-03 2.677610e+02
9.025000e+02 2.755152e-03 2.677707e+02
9.030000e+02 2.735762e-03 2.677781e+02
9.035000e+02 2.686249e-03 2.677913e+02
9.040000e+02 2.699023e-03 2.677920e+02
9.045000e+02 2.613063e-03 2.678125e+02
9.050000e+02 2.672560e-03 2.678034e+02
9.055000e+02 2.653863e-03 2.678103e+02
9.060000e+02 2.634692e-03 2.678173e+02
9.065000e+02 2.582018e-03 2.678312e+02
9.070000e+02 2.593062e-03 2.678320e+02
9.075000e+02 2.557699e-03 2.678421e+02
9.080000e+02 2.404427e-03 2.678748e+02
9.085000e+02 2.338383e-03 2.678908e+02
9.090000e+02 2.468829e-03 2.678692e+02
9.095000e+02 2.498375e-03 2.678668e+02
9.100000e+02 2.455310e-03 2.678788e+02
9.105000e+02 2.471122e-03 2.678785e+02
9.110000e+02 2.460328e-03 2.678837e+02
9.115000e+02 2.441302e-03 2.678906e+02
9.120000e+02 2.341314e-03 2.679136e+02
9.125000e+02 2.408968e-03 2.679033e+02
9.130000e+02 2.393866e-03 2.679094e+02
9.135000e+02 2.377813e-03 2.679157e+02
9.140000e+02 2.360245e-03 2.679223e+02
9.145000e+02 2.342113e-03 2.679289e+02
9.150000e+02 2.327296e-03 2.679349e+02
9.155000e+02 2.311018e-03 2.679412e+02
9.160000e+02 2.295018e-03 2.679475e+02
9.165000e+02 2.278351e-03 2.679538e+02
9.170000e+02 2.261368e-03 2.679603e+02
9.175000e+02 2.238574e-03 2.679679e+02
9.180000e+02 2.225134e-03 2.679736e+02
9.185000e+02 2.194517e-03 2.679828e+02
9.190000e+02 2.139743e-03 2.679967e+02
9.195000e+02 2.129848e-03 2.680018e+02
9.200000e+02 2.137268e-03 2.680034e+02
9.205000e+02 2.137012e-03 2.680065e+02
9.210000e+02 2.120238e-03 2.680129e+02
9.215000e+02 2.090156e-03 2.680219e+02
9.220000e+02 2.067213e-03 2.680293e+02
9.225000e+02 2.076848e-03 2.680302e+02
9.230000e+02 2.068105e-03 2.680346e+02
9.235000e+02 2.051795e-03 2.680406e+02
9.240000e+02 2.039232e-03 2.680459e+02
9.245000e+02 2.016792e-03 2.680531e+02
9.250000e+02 1.928745e-03 2.680730e+02
9.255000e+02 1.931084e-03 2.680755e+02
9.260000e+02 1.954082e-03 2.680741e+02
9.265000e+02 1.859659e-03 2.680954e+02
9.270000e+02 1.941228e-03 2.680825e+02
9.275000e+02 1.715882e-03 2.681304e+02
9.280000e+02 1.906466e-03 2.680955e+02
9.285000e+02 1.868222e-03 2.681060e+02
9.290000e+02 1.890952e-03 2.681041e+02
9.295000e+02 1.880670e-03 2.681087e+02
9.300000e+02 1.871829e-03 2.681131e+02
9.305000e+02 1.859243e-03 2.681183e+02
9.310000e+02 1.845383e-03 2.681237e+02
9.315000e+02 1.826769e-03 2.681301e+02
9.320000e+02 1.809661e-03 2.681363e+02
9.325000e+02 1.772829e-03 2.681462e+02
9.330000e+02 1.507126e-03 2.682000e+02
9.335000e+02 1.688088e-03 2.681681e+02
9.340000e+02 1.751878e-03 2.681585e+02
9.345000e+02 1.750691e-03 2.681615e+02
9.350000e+02 1.741195e-03 2.681660e+02
9.355000e+02 1.728406e-03 2.681712e+02
9.360000e+02 1.708683e-03 2.681777e+02
9.365000e+02 1.705881e-03 2.681810e+02
9.370000e+02 1.685496e-03 2.681876e+02
9.375000e+02 1.679355e-03 2.681915e+02
9.380000e+02 1.670884e-03 2.681958e+02
9.385000e+02 1.658919e-03 2.682008e+02
9.390000e+02 1.647132e-03 2.682058e+02
9.395000e+02 1.635100e-03 2.682107e+02
9.400000e+02 1.620574e-03 2.682162e+02
9.405000e+02 1.610575e-03 2.682208e+02
9.410000e+02 1.598859e-03 2.682257e+02
9.415000e+02 1.587308e-03 2.682306e+02
9.420000e+02 1.576019e-03 2.682354e+02
9.425000e+02 1.562996e-03 2.682405e+02
9.430000e+02 1.550459e-03 2.682455e+02
9.435000e+02 1.533190e-03 2.682515e+02
9.440000e+02 1.529545e-03 2.682548e+02
9.445000e+02 1.513420e-03 2.682605e+02
9.450000e+02 1.480206e-03 2.682695e+02
9.455000e+02 1.494773e-03 2.682692e+02
9.460000e+02 1.485093e-03 2.682737e+02
9.465000e+02 1.474018e-03 2.682784e+02
9.470000e+02 1.462364e-03 2.682832e+02
9.475000e+02 1.448033e-03 2.682885e+02
9.480000e+02 1.433916e-03 2.682938e+02
9.485000e+02 1.392655e-03 2.683042e+02
9.490000e+02 1.292297e-03 2.683260e+02
9.495000e+02 1.394761e-03 2.683089e+02
9.500000e+02 1.387391e-03 2.683129e+02
9.505000e+02 1.330976e-03 2.683262e+02
9.510000e+02 1.336476e-03 2.683276e+02
9.515000e+02 1.263644e-03 2.683455e+02
9.520000e+02 1.352229e-03 2.683297e+02
9.525000e+02 1.341911e-03 2.683342e+02
9.530000e+02 1.328651e-03 2.683395e+02
9.535000e+02 1.302209e-03 2.683473e+02
9.540000e+02 1.301034e-03 2.683501e+02
9.545000e+02 1.267022e-03 2.683591e+02
9.550000e+02 1.279481e-03 2.683590e+02
9.555000e+02 1.274998e-03 2.683619e+02
9.560000e+02 1.214233e-03 2.683759e+02
9.565000e+02 1.262618e-03 2.683687e+02
9.570000e+02 1.246168e-03 2.683742e+02
9.575000e+02 1.241812e-03 2.683774e+02
9.580000e+02 1.212115e-03 2.683854e+02
9.585000e+02 3.664380e-04 2.685572e+02
9.590000e+02 1.195753e-03 2.683932e+02
9.595000e+02 1.206337e-03 2.683935e+02
9.600000e+02 1.199768e-03 2.683971e+02
9.605000e+02 1.194729e-03 2.684004e+02
9.610000e+02 1.186850e-03 2.684042e+02
9.615000e+02 1.178118e-03 2.684082e+02
9.620000e+02 1.168548e-03 2.684123e+02
9.625000e+02 1.151801e-03 2.684178e+02
9.630000e+02 1.152174e-03 2.684201e+02
9.635000e+02 1.143993e-03 2.684239e+02
9.640000e+02 1.135656e-03 2.684278e+02
9.645000e+02 1.126947e-03 2.684317e+02
9.650000e+02 1.118067e-03 2.684357e+02
9.655000e+02 1.109543e-03 2.684396e+02
9.660000e+02 1.101195e-03 2.684435e+02
9.665000e+02 1.092456e-03 2.684474e+02
9.670000e+02 1.083390e-03 2.684514e+02
9.675000e+02 1.073590e-03 2.684556e+02
9.680000e+02 1.061557e-03 2.684601e+02
9.685000e+02 1.038768e-03 2.684667e+02
9.690000e+02 8.150729e-04 2.685120e+02
9.695000e+02 9.209177e-04 2.684942e+02
9.700000e+02 8.579235e-04 2.685099e+02
9.705000e+02 1.015555e-03 2.684800e+02
9.710000e+02 1.013308e-03 2.684826e+02
9.715000e+02 1.009620e-03 2.684855e+02
9.720000e+02 1.001813e-03 2.684891e+02
9.725000e+02 9.882030e-04 2.684939e+02
9.730000e+02 5.214310e-04 2.685908e+02
9.735000e+02 9.719596e-04 2.685013e+02
9.740000e+02 9.709941e-04 2.685036e+02
9.745000e+02 9.652433e-04 2.685069e+02
9.750000e+02 9.588493e-04 2.685102e+02
9.755000e+02 9.522464e-04 2.685136e+02
9.760000e+02 9.440303e-04 2.685173e+02
9.765000e+02 9.092462e-04 2.685263e+02
9.770000e+02 9.267244e-04 2.685249e+02
9.775000e+02 9.218009e-04 2.685280e+02
9.780000e+02 9.127800e-04 2.685320e+02
9.785000e+02 8.981900e-04 2.685370e+02
9.790000e+02 8.936876e-04 2.685400e+02
9.795000e+02 8.843348e-04 2.685437e+02
9.800000e+02 7.711414e-04 2.685682e+02
9.805000e+02 8.765249e-04 2.685491e+02
9.810000e+02 8.727026e-04 2.685519e+02
9.815000e+02 8.650181e-04 2.685554e+02
9.820000e+02 8.540869e-04 2.685595e+02
9.825000e+02 8.238705e-04 2.685672e+02
9.830000e+02 6.900486e-04 2.685950e+02
9.835000e+02 8.280237e-04 2.685705e+02
9.840000e+02 8.317037e-04 2.685718e+02
9.845000e+02 8.276219e-04 2.685746e+02
9.850000e+02 8.215910e-04 2.685777e+02
9.855000e+02 8.163184e-04 2.685807e+02
9.860000e+02 7.805258e-04 2.685899e+02
9.865000e+02 8.030511e-04 2.685872e+02
9.870000e+02 7.979064e-04 2.685902e+02
9.875000e+02 7.873375e-04 2.685942e+02
9.880000e+02 7.857514e-04 2.685964e+02
9.885000e+02 7.800977e-04 2.685995e+02
9.890000e+02 7.723071e-04 2.686029e+02
9.895000e+02 7.680553e-04 2.686057e+02
9.900000e+02 7.613033e-04 2.686089e+02
9.905000e+02 7.557903e-04 2.686119e+02
9.910000e+02 7.493231e-04 2.686151e+02
9.915000e+02 7.425352e-04 2.686183e+02
9.920000e+02 7.341104e-04 2.686219e+02
9.925000e+02 6.988469e-04 2.686306e+02
9.930000e+02 7.089297e-04 2.686306e+02
9.935000e+02 7.101481e-04 2.686322e+02
9.940000e+02 6.697240e-04 2.686418e+02
9.945000e+02 6.285639e-04 2.686515e+02
9.950000e+02 6.908678e-04 2.686416e+02
9.955000e+02 6.811325e-04 2.686453e+02
9.960000e+02 6.889573e-04 2.686457e+02
9.965000e+02 6.864531e-04 2.686480e+02
9.970000e+02 6.815346e-04 2.686508e+02
9.975000e+02 6.729600e-04 2.686544e+02
9.980000e+02 6.697944e-04 2.686569e+02
9.985000e+02 6.596858e-04 2.686608e+02
9.990000e+02 6.434482e-04 2.686658e+02
9.995000e+02 6.512297e-04 2.686661e+02
1.000000e+03 6.479533e-04 2.686687e+02
