0.1 1 0
1.000000e+01 9.963304e-01 3.588685e+00
1.040000e+01 9.962777e-01 3.601542e+00
1.080000e+01 9.962324e-01 3.612855e+00
1.120000e+01 9.961730e-01 3.627224e+00
1.160000e+01 9.961329e-01 3.637590e+00
1.200000e+01 9.960771e-01 3.651434e+00
1.240000e+01 9.960169e-01 3.666302e+00
1.280000e+01 9.959528e-01 3.682168e+00
1.320000e+01 9.958843e-01 3.699113e+00
1.360000e+01 9.958113e-01 3.717193e+00
1.400000e+01 9.957337e-01 3.736463e+00
1.440000e+01 9.956498e-01 3.757255e+00
1.480000e+01 9.955355e-01 3.784870e+00
1.520000e+01 9.954631e-01 3.803692e+00
1.560000e+01 9.953600e-01 3.829484e+00
1.600000e+01 9.952408e-01 3.859120e+00
1.640000e+01 9.951174e-01 3.890171e+00
1.680000e+01 9.949795e-01 3.924967e+00
1.720000e+01 9.948213e-01 3.964858e+00
1.760000e+01 9.946391e-01 4.010928e+00
1.800000e+01 9.944258e-01 4.064992e+00
1.840000e+01 9.941709e-01 4.129823e+00
1.880000e+01 9.938581e-01 4.209588e+00
1.920000e+01 9.934631e-01 4.310555e+00
1.960000e+01 9.929487e-01 4.442292e+00
2.000000e+01 9.922568e-01 4.619712e+00
2.040000e+01 9.912992e-01 4.865220e+00
2.080000e+01 9.899505e-01 5.210456e+00
2.120000e+01 9.880579e-01 5.692382e+00
2.160000e+01 9.855820e-01 6.315628e+00
2.200000e+01 9.830242e-01 6.944655e+00
2.240000e+01 9.822723e-01 7.129813e+00
2.280000e+01 9.838940e-01 6.740462e+00
2.320000e+01 9.858984e-01 6.238899e+00
2.360000e+01 9.875372e-01 5.820717e+00
2.400000e+01 9.887008e-01 5.520009e+00
2.440000e+01 9.895336e-01 5.305025e+00
2.480000e+01 9.900602e-01 5.166870e+00
2.520000e+01 9.903858e-01 5.079878e+00
2.560000e+01 9.905221e-01 5.039485e+00
2.600000e+01 9.906918e-01 4.995764e+00
2.640000e+01 9.907241e-01 4.984805e+00
2.680000e+01 9.906977e-01 4.988704e+00
2.720000e+01 9.906291e-01 5.003406e+00
2.760000e+01 9.905240e-01 5.027320e+00
2.800000e+01 9.903915e-01 5.058275e+00
2.840000e+01 9.902336e-01 5.095686e+00
2.880000e+01 9.900297e-01 5.143791e+00
2.920000e+01 9.898367e-01 5.190403e+00
2.960000e+01 9.896158e-01 5.243671e+00
3.000000e+01 9.891413e-01 5.352440e+00
3.040000e+01 9.890713e-01 5.373995e+00
3.080000e+01 9.888460e-01 5.430234e+00
3.120000e+01 9.885645e-01 5.498971e+00
3.160000e+01 9.882565e-01 5.573921e+00
3.200000e+01 9.879279e-01 5.653848e+00
3.240000e+01 9.875809e-01 5.738310e+00
3.280000e+01 9.872129e-01 5.827844e+00
3.320000e+01 9.868257e-01 5.922078e+00
3.360000e+01 9.864161e-01 6.021765e+00
3.400000e+01 9.859848e-01 6.126749e+00
3.440000e+01 9.855292e-01 6.237589e+00
3.480000e+01 9.850476e-01 6.354732e+00
3.520000e+01 9.845396e-01 6.478286e+00
3.560000e+01 9.839984e-01 6.609689e+00
3.600000e+01 9.831362e-01 6.812834e+00
3.640000e+01 9.828343e-01 6.892623e+00
3.680000e+01 9.822101e-01 7.044547e+00
3.720000e+01 9.815387e-01 7.207537e+00
3.760000e+01 9.807896e-01 7.388079e+00
3.800000e+01 9.800074e-01 7.576987e+00
3.840000e+01 9.792875e-01 7.754062e+00
3.880000e+01 9.784513e-01 7.957191e+00
3.920000e+01 9.775502e-01 8.175647e+00
3.960000e+01 9.765984e-01 8.406454e+00
4.000000e+01 9.755878e-01 8.651585e+00
4.040000e+01 9.745034e-01 8.914331e+00
4.080000e+01 9.733437e-01 9.195181e+00
4.120000e+01 9.721039e-01 9.495353e+00
4.160000e+01 9.707738e-01 9.817215e+00
4.200000e+01 9.693438e-01 1.016307e+01
4.240000e+01 9.677994e-01 1.053626e+01
4.280000e+01 9.659054e-01 1.098864e+01
4.320000e+01 9.643403e-01 1.137172e+01
4.360000e+01 9.621342e-01 1.189763e+01
4.400000e+01 9.603277e-01 1.234116e+01
4.440000e+01 9.580819e-01 1.288428e+01
4.480000e+01 9.555503e-01 1.349389e+01
4.520000e+01 9.529157e-01 1.413157e+01
4.560000e+01 9.499682e-01 1.484320e+01
4.600000e+01 9.467245e-01 1.562601e+01
4.640000e+01 9.431503e-01 1.648850e+01
4.680000e+01 9.391954e-01 1.744282e+01
4.720000e+01 9.348038e-01 1.850254e+01
4.760000e+01 9.299043e-01 1.968496e+01
4.800000e+01 9.244107e-01 2.101100e+01
4.840000e+01 9.182141e-01 2.250718e+01
4.880000e+01 9.111767e-01 2.420714e+01
4.920000e+01 9.031222e-01 2.615400e+01
4.960000e+01 8.938001e-01 2.840883e+01
5.000000e+01 8.827165e-01 3.108840e+01
5.040000e+01 8.698288e-01 3.421768e+01
5.080000e+01 8.539424e-01 3.808240e+01
5.120000e+01 8.338009e-01 4.299344e+01
5.160000e+01 8.070020e-01 4.953498e+01
5.200000e+01 7.665982e-01 5.930969e+01
5.240000e+01 7.198576e-01 7.088430e+01
5.280000e+01 6.521192e-01 8.761909e+01
5.320000e+01 5.540051e-01 1.117191e+02
5.360000e+01 3.299066e-01 1.647923e+02
5.400000e+01 2.877697e-01 1.780962e+02
5.440000e+01 1.726558e-01 2.088328e+02
5.480000e+01 6.565352e-02 2.378557e+02
5.520000e+01 5.755283e-03 2.559978e+02
5.560000e+01 3.411159e-03 2.604352e+02
5.600000e+01 2.567136e-04 2.635944e+02
5.640000e+01 5.880102e-07 2.650581e+02
5.680000e+01 3.697190e-06 2.658458e+02
5.720000e+01 1.193658e-06 2.663873e+02
5.760000e+01 1.860674e-12 2.668175e+02
5.800000e+01 1.576609e-08 2.671334e+02
5.840000e+01 6.679486e-15 2.673842e+02
5.880000e+01 1.147093e-09 2.674244e+02
5.920000e+01 1.557691e-14 2.674897e+02
5.960000e+01 3.882749e-17 2.675602e+02
6.000000e+01 5.642878e-11 2.676925e+02
6.040000e+01 8.398668e-19 2.678041e+02
6.080000e+01 1.355530e-10 2.677401e+02
6.120000e+01 1.137481e-13 2.676781e+02
6.160000e+01 5.477830e-10 2.675968e+02
6.200000e+01 9.135663e-10 2.675065e+02
6.240000e+01 1.138870e-15 2.673233e+02
6.280000e+01 7.295222e-08 2.668050e+02
6.320000e+01 1.335593e-05 2.658320e+02
6.360000e+01 2.723850e-05 2.643392e+02
6.400000e+01 2.410356e-03 2.614684e+02
6.440000e+01 1.922723e-02 2.541716e+02
6.480000e+01 5.364519e-02 2.417934e+02
6.520000e+01 9.859629e-02 2.261615e+02
6.560000e+01 2.680411e-01 1.840728e+02
6.600000e+01 3.995761e-01 1.506844e+02
6.640000e+01 5.057429e-01 1.236887e+02
6.680000e+01 5.974475e-01 1.008283e+02
6.720000e+01 6.791408e-01 8.100580e+01
6.760000e+01 7.316001e-01 6.808779e+01
6.800000e+01 7.694186e-01 5.878390e+01
6.840000e+01 7.978162e-01 5.182239e+01
6.880000e+01 8.206540e-01 4.626695e+01
6.920000e+01 8.382670e-01 4.198122e+01
6.960000e+01 8.526747e-01 3.848518e+01
7.000000e+01 8.648163e-01 3.554585e+01
7.040000e+01 8.752499e-01 3.302477e+01
7.080000e+01 8.843029e-01 3.084017e+01
7.120000e+01 8.922426e-01 2.892640e+01
7.160000e+01 8.992580e-01 2.723706e+01
7.200000e+01 9.055163e-01 2.573156e+01
7.240000e+01 9.111007e-01 2.438887e+01
7.280000e+01 9.161308e-01 2.318050e+01
7.320000e+01 9.206702e-01 2.209069e+01
7.360000e+01 9.247737e-01 2.110590e+01
7.400000e+01 9.284991e-01 2.021217e+01
7.440000e+01 9.318976e-01 1.939740e+01
7.480000e+01 9.349734e-01 1.865944e+01
7.520000e+01 9.377212e-01 1.799771e+01
7.560000e+01 9.403450e-01 1.736975e+01
7.600000e+01 9.427619e-01 1.679155e+01
7.640000e+01 9.419895e-01 1.692890e+01
7.680000e+01 9.469241e-01 1.579205e+01
7.720000e+01 9.490595e-01 1.528860e+01
7.760000e+01 9.476084e-01 1.560705e+01
7.800000e+01 9.525301e-01 1.446248e+01
7.840000e+01 9.540936e-01 1.409139e+01
7.880000e+01 9.554937e-01 1.375843e+01
7.920000e+01 9.567859e-01 1.345181e+01
7.960000e+01 9.579728e-01 1.317079e+01
8.000000e+01 9.590429e-01 1.291720e+01
8.040000e+01 9.600439e-01 1.267918e+01
8.080000e+01 9.610476e-01 1.244017e+01
8.120000e+01 9.621465e-01 1.217952e+01
8.160000e+01 9.631799e-01 1.193344e+01
8.200000e+01 9.641277e-01 1.170739e+01
8.240000e+01 9.650009e-01 1.149935e+01
8.280000e+01 9.658074e-01 1.130750e+01
8.320000e+01 9.665524e-01 1.113058e+01
8.360000e+01 9.672523e-01 1.096469e+01
8.400000e+01 9.679057e-01 1.081011e+01
8.440000e+01 9.685172e-01 1.066570e+01
8.480000e+01 9.690881e-01 1.053108e+01
8.520000e+01 9.696231e-01 1.040515e+01
8.560000e+01 9.701290e-01 1.028639e+01
8.600000e+01 9.706005e-01 1.017591e+01
8.640000e+01 9.710397e-01 1.007327e+01
8.680000e+01 9.714448e-01 9.978841e+00
8.720000e+01 9.718287e-01 9.889804e+00
8.760000e+01 9.721803e-01 9.808433e+00
8.800000e+01 9.725154e-01 9.730843e+00
8.840000e+01 9.728534e-01 9.652497e+00
8.880000e+01 9.731769e-01 9.577524e+00
8.920000e+01 9.734761e-01 9.508382e+00
8.960000e+01 9.737515e-01 9.445056e+00
9.000000e+01 9.739826e-01 9.392413e+00
9.040000e+01 9.742286e-01 9.336196e+00
9.080000e+01 9.744116e-01 9.294964e+00
9.120000e+01 9.746373e-01 9.244226e+00
9.160000e+01 9.748194e-01 9.203752e+00
9.200000e+01 9.749760e-01 9.169283e+00
9.240000e+01 9.751109e-01 9.139937e+00
9.280000e+01 9.752236e-01 9.115745e+00
9.320000e+01 9.752774e-01 9.104571e+00
9.360000e+01 9.750473e-01 9.154055e+00
9.400000e+01 9.727028e-01 9.671463e+00
9.440000e+01 9.754205e-01 9.077817e+00
9.480000e+01 9.755801e-01 9.046281e+00
9.520000e+01 9.756221e-01 9.039995e+00
9.560000e+01 9.754867e-01 9.072076e+00
9.600000e+01 9.748389e-01 9.213866e+00
9.640000e+01 9.745149e-01 9.287718e+00
9.680000e+01 9.755296e-01 9.074897e+00
9.720000e+01 9.756192e-01 9.060844e+00
9.760000e+01 9.755976e-01 9.070939e+00
9.800000e+01 9.755120e-01 9.095465e+00
9.840000e+01 9.754529e-01 9.114524e+00
9.880000e+01 9.753310e-01 9.147911e+00
9.920000e+01 9.749959e-01 9.229058e+00
9.960000e+01 9.749685e-01 9.242359e+00
1.000000e+02 9.746863e-01 9.311923e+00
1.004000e+02 9.740922e-01 9.447078e+00
1.008000e+02 9.739653e-01 9.485475e+00
1.012000e+02 9.737666e-01 9.538236e+00
1.016000e+02 9.708741e-01 1.016992e+01
1.020000e+02 9.723842e-01 9.855069e+00
1.024000e+02 9.731762e-01 9.699903e+00
1.028000e+02 9.729977e-01 9.752256e+00
1.032000e+02 9.726115e-01 9.849961e+00
1.036000e+02 9.719293e-01 1.001205e+01
1.040000e+02 9.709057e-01 1.024896e+01
1.044000e+02 9.712525e-01 1.019231e+01
1.048000e+02 9.707918e-01 1.031086e+01
1.052000e+02 9.701808e-01 1.046338e+01
1.056000e+02 9.695325e-01 1.062509e+01
1.060000e+02 9.687878e-01 1.080957e+01
1.064000e+02 9.679615e-01 1.101356e+01
1.068000e+02 9.670440e-01 1.123943e+01
1.072000e+02 9.660158e-01 1.149173e+01
1.076000e+02 9.648844e-01 1.176880e+01
1.080000e+02 9.635717e-01 1.208850e+01
1.084000e+02 9.621803e-01 1.242809e+01
1.088000e+02 9.605502e-01 1.282337e+01
1.092000e+02 9.585872e-01 1.329439e+01
1.096000e+02 9.534822e-01 1.445906e+01
1.100000e+02 9.541351e-01 1.436798e+01
1.104000e+02 9.510450e-01 1.509889e+01
1.108000e+02 9.321043e-01 1.930520e+01
1.112000e+02 9.442839e-01 1.671838e+01
1.116000e+02 9.410036e-01 1.753090e+01
1.120000e+02 9.363881e-01 1.864268e+01
1.124000e+02 9.307816e-01 1.998671e+01
1.128000e+02 9.238836e-01 2.163401e+01
1.132000e+02 9.158613e-01 2.355316e+01
1.136000e+02 9.058599e-01 2.593975e+01
1.140000e+02 8.933765e-01 2.891500e+01
1.144000e+02 8.777938e-01 3.262751e+01
1.148000e+02 8.574482e-01 3.746329e+01
1.152000e+02 8.314973e-01 4.364771e+01
1.156000e+02 7.971587e-01 5.184265e+01
1.160000e+02 7.500409e-01 6.308994e+01
1.164000e+02 6.844146e-01 7.878922e+01
1.168000e+02 5.915338e-01 1.010988e+02
1.172000e+02 4.603875e-01 1.328408e+02
1.176000e+02 2.859717e-01 1.757380e+02
1.180000e+02 1.013378e-01 2.230597e+02
1.184000e+02 6.194314e-03 2.514240e+02
1.188000e+02 1.520005e-06 2.555406e+02
1.192000e+02 1.761806e-02 2.471522e+02
1.196000e+02 1.466713e-01 2.110570e+02
1.200000e+02 3.389422e-01 1.625892e+02
1.204000e+02 5.046985e-01 1.220972e+02
1.208000e+02 6.255544e-01 9.295480e+01
1.212000e+02 7.104485e-01 7.261745e+01
1.216000e+02 7.703620e-01 5.831604e+01
1.220000e+02 8.134555e-01 4.805167e+01
1.224000e+02 8.451179e-01 4.051947e+01
1.228000e+02 8.688444e-01 3.487784e+01
1.232000e+02 8.865004e-01 3.066867e+01
1.236000e+02 9.005089e-01 2.733098e+01
1.240000e+02 9.024336e-01 2.664581e+01
1.244000e+02 9.199491e-01 2.268604e+01
1.248000e+02 9.284261e-01 2.070400e+01
1.252000e+02 9.322734e-01 1.972798e+01
1.256000e+02 9.365428e-01 1.869620e+01
1.260000e+02 9.441797e-01 1.696582e+01
1.264000e+02 9.480951e-01 1.604604e+01
1.268000e+02 9.517877e-01 1.517756e+01
1.272000e+02 9.545971e-01 1.451145e+01
1.276000e+02 9.569464e-01 1.395258e+01
1.280000e+02 9.585808e-01 1.355423e+01
1.284000e+02 9.593590e-01 1.334862e+01
1.288000e+02 9.624089e-01 1.265617e+01
1.292000e+02 9.639082e-01 1.230362e+01
1.296000e+02 9.651704e-01 1.200563e+01
1.300000e+02 9.662839e-01 1.174295e+01
1.304000e+02 9.672640e-01 1.151191e+01
1.308000e+02 9.680590e-01 1.132341e+01
1.312000e+02 9.688910e-01 1.112908e+01
1.316000e+02 9.696258e-01 1.095784e+01
1.320000e+02 9.702358e-01 1.081547e+01
1.324000e+02 9.699284e-01 1.088359e+01
1.328000e+02 9.713274e-01 1.056262e+01
1.332000e+02 9.717834e-01 1.045784e+01
1.336000e+02 9.722192e-01 1.035853e+01
1.340000e+02 9.725177e-01 1.029153e+01
1.344000e+02 9.729158e-01 1.020122e+01
1.348000e+02 9.732238e-01 1.013265e+01
1.352000e+02 9.734900e-01 1.007402e+01
1.356000e+02 9.737167e-01 1.002483e+01
1.360000e+02 9.738827e-01 9.989676e+00
1.364000e+02 9.738686e-01 9.995229e+00
1.368000e+02 9.715524e-01 1.051129e+01
1.372000e+02 9.741277e-01 9.944864e+00
1.376000e+02 9.744042e-01 9.890465e+00
1.380000e+02 9.744836e-01 9.879354e+00
1.384000e+02 9.745380e-01 9.873107e+00
1.388000e+02 9.745269e-01 9.880978e+00
1.392000e+02 9.747760e-01 9.827569e+00
1.396000e+02 9.748893e-01 9.805375e+00
1.400000e+02 9.747541e-01 9.841219e+00
1.404000e+02 9.749998e-01 9.788887e+00
1.408000e+02 9.746409e-01 9.875184e+00
1.412000e+02 9.748166e-01 9.840734e+00
1.416000e+02 9.742365e-01 9.973120e+00
1.420000e+02 9.689307e-01 1.112830e+01
1.424000e+02 9.707362e-01 1.074680e+01
1.428000e+02 9.740959e-01 1.003627e+01
1.432000e+02 9.743974e-01 9.985311e+00
1.436000e+02 9.743647e-01 1.000412e+01
1.440000e+02 9.743520e-01 1.001394e+01
1.444000e+02 9.742818e-01 1.003130e+01
1.448000e+02 9.709493e-01 1.076298e+01
1.452000e+02 9.738051e-01 1.013930e+01
1.456000e+02 9.746766e-01 9.956308e+00
1.460000e+02 9.747886e-01 9.938642e+00
1.464000e+02 9.748477e-01 9.932978e+00
1.468000e+02 9.748280e-01 9.945366e+00
1.472000e+02 9.747732e-01 9.966102e+00
1.476000e+02 9.746766e-01 9.996650e+00
1.480000e+02 9.745242e-01 1.003971e+01
1.484000e+02 9.741052e-01 1.014078e+01
1.488000e+02 9.697557e-01 1.112002e+01
1.492000e+02 9.739637e-01 1.019546e+01
1.496000e+02 9.739140e-01 1.022001e+01
1.500000e+02 9.735864e-01 1.030561e+01
1.504000e+02 9.729863e-01 1.044804e+01
1.508000e+02 9.717271e-01 1.073204e+01
1.512000e+02 9.728821e-01 1.049791e+01
1.516000e+02 9.731158e-01 1.045890e+01
1.520000e+02 9.731323e-01 1.046589e+01
1.524000e+02 9.731614e-01 1.046784e+01
1.528000e+02 9.730708e-01 1.049790e+01
1.532000e+02 9.728840e-01 1.054996e+01
1.536000e+02 9.722841e-01 1.069229e+01
1.540000e+02 9.650320e-01 1.231915e+01
1.544000e+02 9.720614e-01 1.076657e+01
1.548000e+02 9.722877e-01 1.073234e+01
1.552000e+02 9.721870e-01 1.076891e+01
1.556000e+02 9.720105e-01 1.082229e+01
1.560000e+02 9.715762e-01 1.093287e+01
1.564000e+02 9.715599e-01 1.095166e+01
1.568000e+02 9.714017e-01 1.100234e+01
1.572000e+02 9.711515e-01 1.107366e+01
1.576000e+02 9.709456e-01 1.113559e+01
1.580000e+02 9.706959e-01 1.120771e+01
1.584000e+02 9.704069e-01 1.128896e+01
1.588000e+02 9.701393e-01 1.136604e+01
1.592000e+02 9.698334e-01 1.145221e+01
1.596000e+02 9.695382e-01 1.153647e+01
1.600000e+02 9.692166e-01 1.162720e+01
1.604000e+02 9.688840e-01 1.172106e+01
1.608000e+02 9.685498e-01 1.181555e+01
1.612000e+02 9.681731e-01 1.192024e+01
1.616000e+02 9.677961e-01 1.202578e+01
1.620000e+02 9.673855e-01 1.213957e+01
1.624000e+02 9.669472e-01 1.226033e+01
1.628000e+02 9.664805e-01 1.238827e+01
1.632000e+02 9.659252e-01 1.253683e+01
1.636000e+02 9.654090e-01 1.267745e+01
1.640000e+02 9.647536e-01 1.284957e+01
1.644000e+02 9.638131e-01 1.308348e+01
1.648000e+02 9.598770e-01 1.396632e+01
1.652000e+02 9.604590e-01 1.386994e+01
1.656000e+02 9.551452e-01 1.504207e+01
1.660000e+02 9.560646e-01 1.488424e+01
1.664000e+02 9.600492e-01 1.407950e+01
1.668000e+02 9.598971e-01 1.415752e+01
1.672000e+02 9.591150e-01 1.437144e+01
1.676000e+02 9.542220e-01 1.550417e+01
1.680000e+02 9.574466e-01 1.483087e+01
1.684000e+02 9.565562e-01 1.507802e+01
1.688000e+02 9.554181e-01 1.538178e+01
1.692000e+02 9.542480e-01 1.569622e+01
1.696000e+02 9.529666e-01 1.603900e+01
1.700000e+02 9.514436e-01 1.643978e+01
1.704000e+02 9.500262e-01 1.682098e+01
1.708000e+02 9.483417e-01 1.726708e+01
1.712000e+02 9.463973e-01 1.777612e+01
1.716000e+02 9.443731e-01 1.831021e+01
1.720000e+02 9.422064e-01 1.888384e+01
1.724000e+02 9.397174e-01 1.953693e+01
1.728000e+02 9.369016e-01 2.027194e+01
1.732000e+02 9.336277e-01 2.111748e+01
1.736000e+02 9.295176e-01 2.215878e+01
1.740000e+02 9.264331e-01 2.300015e+01
1.744000e+02 9.220223e-01 2.414624e+01
1.748000e+02 9.167714e-01 2.549620e+01
1.752000e+02 9.043376e-01 2.846069e+01
1.756000e+02 9.023454e-01 2.911686e+01
1.760000e+02 8.957655e-01 3.085394e+01
1.764000e+02 8.885074e-01 3.280061e+01
1.768000e+02 8.792840e-01 3.521207e+01
1.772000e+02 8.679110e-01 3.815773e+01
1.776000e+02 8.542685e-01 4.168075e+01
1.780000e+02 8.379049e-01 4.590015e+01
1.784000e+02 8.181703e-01 5.098351e+01
1.788000e+02 7.942490e-01 5.714284e+01
1.792000e+02 7.650421e-01 6.466136e+01
1.796000e+02 7.290931e-01 7.391244e+01
1.800000e+02 6.836547e-01 8.557893e+01
1.804000e+02 6.298860e-01 9.945031e+01
1.808000e+02 5.626709e-01 1.167680e+02
1.812000e+02 4.818951e-01 1.376025e+02
1.816000e+02 3.888566e-01 1.616398e+02
1.820000e+02 2.896851e-01 1.873153e+02
1.824000e+02 1.969078e-01 2.113769e+02
1.828000e+02 1.261481e-01 2.296662e+02
1.832000e+02 8.853744e-02 2.390801e+02
1.836000e+02 1.040927e-01 2.352171e+02
1.840000e+02 1.601560e-01 2.208205e+02
1.844000e+02 2.307095e-01 2.020181e+02
1.848000e+02 3.360849e-01 1.751293e+02
1.852000e+02 4.325812e-01 1.503140e+02
1.856000e+02 5.162028e-01 1.287343e+02
1.860000e+02 5.880906e-01 1.102497e+02
1.864000e+02 6.469113e-01 9.511994e+01
1.868000e+02 6.948912e-01 8.278734e+01
1.872000e+02 7.336995e-01 7.280826e+01
1.876000e+02 7.657271e-01 6.458899e+01
1.880000e+02 7.918309e-01 5.788449e+01
1.884000e+02 8.134727e-01 5.233042e+01
1.888000e+02 8.314142e-01 4.772284e+01
1.892000e+02 8.464741e-01 4.385589e+01
1.896000e+02 8.591931e-01 4.058967e+01
1.900000e+02 8.699990e-01 3.781401e+01
1.904000e+02 8.792078e-01 3.544645e+01
1.908000e+02 8.871758e-01 3.339941e+01
1.912000e+02 8.940733e-01 3.162723e+01
1.916000e+02 9.000327e-01 3.009423e+01
1.920000e+02 9.052133e-01 2.876071e+01
1.924000e+02 9.097067e-01 2.760246e+01
1.928000e+02 9.135172e-01 2.661399e+01
1.932000e+02 9.153403e-01 2.606762e+01
1.936000e+02 9.193003e-01 2.508793e+01
1.940000e+02 9.226306e-01 2.425689e+01
1.944000e+02 9.252534e-01 2.358019e+01
1.948000e+02 9.270648e-01 2.308327e+01
1.952000e+02 9.242352e-01 2.356991e+01
1.956000e+02 9.202119e-01 2.433379e+01
1.960000e+02 9.321143e-01 2.173920e+01
1.964000e+02 9.352531e-01 2.100683e+01
1.968000e+02 9.371256e-01 2.054544e+01
1.972000e+02 9.385729e-01 2.018091e+01
1.976000e+02 9.396912e-01 1.989316e+01
1.980000e+02 9.406563e-01 1.964630e+01
1.984000e+02 9.418300e-01 1.935225e+01
1.988000e+02 9.425873e-01 1.915635e+01
1.992000e+02 9.421356e-01 1.923133e+01
1.996000e+02 9.433871e-01 1.893262e+01
2.000000e+02 9.440605e-01 1.877112e+01
2.004000e+02 9.439548e-01 1.877982e+01
2.008000e+02 9.426156e-01 1.904457e+01
2.012000e+02 9.431557e-01 1.892578e+01
2.016000e+02 9.446783e-01 1.860860e+01
2.020000e+02 9.451519e-01 1.851424e+01
2.024000e+02 9.450331e-01 1.855572e+01
2.028000e+02 9.445276e-01 1.868602e+01
2.032000e+02 9.439411e-01 1.882412e+01
2.036000e+02 9.443057e-01 1.873227e+01
2.040000e+02 9.457903e-01 1.837651e+01
2.044000e+02 9.472273e-01 1.802036e+01
2.048000e+02 9.483423e-01 1.773904e+01
2.052000e+02 9.490004e-01 1.756716e+01
2.056000e+02 9.497106e-01 1.738769e+01
2.060000e+02 9.491118e-01 1.749717e+01
2.064000e+02 9.503084e-01 1.722610e+01
2.068000e+02 9.509879e-01 1.707110e+01
2.072000e+02 9.512350e-01 1.701069e+01
2.076000e+02 9.513198e-01 1.698591e+01
2.080000e+02 9.511267e-01 1.701998e+01
2.084000e+02 9.481588e-01 1.764474e+01
2.088000e+02 9.449901e-01 1.832362e+01
2.092000e+02 9.513605e-01 1.696105e+01
2.096000e+02 9.519103e-01 1.684637e+01
2.100000e+02 9.521761e-01 1.678959e+01
2.104000e+02 9.492378e-01 1.744576e+01
2.108000e+02 9.256537e-01 2.287554e+01
2.112000e+02 9.522099e-01 1.678437e+01
2.116000e+02 9.527989e-01 1.666137e+01
2.120000e+02 9.529715e-01 1.662745e+01
2.124000e+02 9.530536e-01 1.661346e+01
2.128000e+02 9.530537e-01 1.661789e+01
2.132000e+02 9.530918e-01 1.661411e+01
2.136000e+02 9.530534e-01 1.662746e+01
2.140000e+02 9.529315e-01 1.665905e+01
2.144000e+02 9.524600e-01 1.676491e+01
2.148000e+02 9.475595e-01 1.782036e+01
2.152000e+02 9.502429e-01 1.724943e+01
2.156000e+02 9.525767e-01 1.675982e+01
2.160000e+02 9.525521e-01 1.677817e+01
2.164000e+02 9.529590e-01 1.669323e+01
2.168000e+02 9.529899e-01 1.669402e+01
2.172000e+02 9.529711e-01 1.670593e+01
2.176000e+02 9.528831e-01 1.673318e+01
2.180000e+02 9.527629e-01 1.676774e+01
2.184000e+02 9.527902e-01 1.677030e+01
2.188000e+02 9.527587e-01 1.678617e+01
2.192000e+02 9.526302e-01 1.682335e+01
2.196000e+02 9.526019e-01 1.683888e+01
2.200000e+02 9.524415e-01 1.688408e+01
2.204000e+02 9.524131e-01 1.690013e+01
2.208000e+02 9.522785e-01 1.693997e+01
2.212000e+02 9.521795e-01 1.697238e+01
2.216000e+02 9.520600e-01 1.701007e+01
2.220000e+02 9.519103e-01 1.705504e+01
2.224000e+02 9.516713e-01 1.712067e+01
2.228000e+02 9.515080e-01 1.717054e+01
2.232000e+02 9.511566e-01 1.726421e+01
2.236000e+02 9.508969e-01 1.733876e+01
2.240000e+02 9.504296e-01 1.746284e+01
2.244000e+02 9.498341e-01 1.761938e+01
2.248000e+02 9.486060e-01 1.792062e+01
2.252000e+02 9.476159e-01 1.817186e+01
2.256000e+02 9.455198e-01 1.865500e+01
2.260000e+02 9.335340e-01 2.125311e+01
2.264000e+02 9.442547e-01 1.893670e+01
2.268000e+02 9.469171e-01 1.836036e+01
2.272000e+02 9.481608e-01 1.807781e+01
2.276000e+02 9.488116e-01 1.792737e+01
2.280000e+02 9.491463e-01 1.785119e+01
2.284000e+02 9.492900e-01 1.782107e+01
2.288000e+02 9.492627e-01 1.783140e+01
2.292000e+02 9.489240e-01 1.791087e+01
2.296000e+02 9.398881e-01 1.993372e+01
2.300000e+02 9.483731e-01 1.805049e+01
2.304000e+02 9.477060e-01 1.820336e+01
2.308000e+02 9.463015e-01 1.851461e+01
2.312000e+02 9.205645e-01 2.407145e+01
2.316000e+02 9.438668e-01 1.906248e+01
2.320000e+02 9.463711e-01 1.856061e+01
2.324000e+02 9.463451e-01 1.859114e+01
2.328000e+02 9.450787e-01 1.890152e+01
2.332000e+02 9.422699e-01 1.955917e+01
2.336000e+02 9.347247e-01 2.122265e+01
2.340000e+02 9.141599e-01 2.551325e+01
2.344000e+02 9.368023e-01 2.080226e+01
2.348000e+02 9.418284e-01 1.968952e+01
2.352000e+02 9.420219e-01 1.961670e+01
2.356000e+02 9.177695e-01 2.478615e+01
2.360000e+02 9.384196e-01 2.036702e+01
2.364000e+02 9.433241e-01 1.933720e+01
2.368000e+02 9.401818e-01 2.000840e+01
2.372000e+02 8.862544e-01 3.167843e+01
2.376000e+02 9.419945e-01 1.965572e+01
2.380000e+02 9.440717e-01 1.923162e+01
2.384000e+02 9.404582e-01 2.004669e+01
2.388000e+02 9.380434e-01 2.054732e+01
2.392000e+02 9.161323e-01 2.526351e+01
2.396000e+02 9.377947e-01 2.068508e+01
2.400000e+02 9.393733e-01 2.035567e+01
2.404000e+02 9.409362e-01 2.005131e+01
2.408000e+02 9.416935e-01 1.991748e+01
2.412000e+02 9.387761e-01 2.061284e+01
2.416000e+02 9.401599e-01 2.028849e+01
2.420000e+02 9.357697e-01 2.121661e+01
2.424000e+02 9.029677e-01 2.825092e+01
2.428000e+02 9.383535e-01 2.065559e+01
2.432000e+02 9.340812e-01 2.155131e+01
2.436000e+02 9.247663e-01 2.353739e+01
2.440000e+02 9.382166e-01 2.068833e+01
2.444000e+02 9.408531e-01 2.013927e+01
2.448000e+02 9.428173e-01 1.972677e+01
2.452000e+02 9.431455e-01 1.966692e+01
2.456000e+02 9.431441e-01 1.967887e+01
2.460000e+02 9.430241e-01 1.971700e+01
2.464000e+02 9.425627e-01 1.982994e+01
2.468000e+02 9.423693e-01 1.988455e+01
2.472000e+02 9.415713e-01 2.006898e+01
2.476000e+02 9.376060e-01 2.092661e+01
2.480000e+02 9.278235e-01 2.301056e+01
2.484000e+02 9.313446e-01 2.228017e+01
2.488000e+02 9.388521e-01 2.071131e+01
2.492000e+02 9.379338e-01 2.092216e+01
2.496000e+02 9.258756e-01 2.348365e+01
2.500000e+02 8.606770e-01 3.764502e+01
2.504000e+02 9.343815e-01 2.173928e+01
2.508000e+02 9.360158e-01 2.142235e+01
2.512000e+02 9.282009e-01 2.314264e+01
2.516000e+02 9.367309e-01 2.130463e+01
2.520000e+02 9.384040e-01 2.096311e+01
2.524000e+02 9.389778e-01 2.085035e+01
2.528000e+02 9.388179e-01 2.090005e+01
2.532000e+02 9.392295e-01 2.082688e+01
2.536000e+02 9.389656e-01 2.090582e+01
2.540000e+02 9.385665e-01 2.101833e+01
2.544000e+02 9.378290e-01 2.120875e+01
2.548000e+02 9.374182e-01 2.132508e+01
2.552000e+02 9.372148e-01 2.138525e+01
2.556000e+02 9.375012e-01 2.132575e+01
2.560000e+02 9.377167e-01 2.127689e+01
2.564000e+02 9.378366e-01 2.125145e+01
2.568000e+02 9.377237e-01 2.128053e+01
2.572000e+02 9.376223e-01 2.131070e+01
2.576000e+02 9.370345e-01 2.144868e+01
2.580000e+02 9.350761e-01 2.187588e+01
2.584000e+02 9.309305e-01 2.275882e+01
2.588000e+02 9.057104e-01 2.818631e+01
2.592000e+02 9.345858e-01 2.201519e+01
2.596000e+02 9.361893e-01 2.169323e+01
2.600000e+02 9.363986e-01 2.166514e+01
2.604000e+02 9.364758e-01 2.166352e+01
2.608000e+02 9.355572e-01 2.188963e+01
2.612000e+02 9.361256e-01 2.177083e+01
2.616000e+02 9.358584e-01 2.184517e+01
2.620000e+02 9.354169e-01 2.195742e+01
2.624000e+02 9.345777e-01 2.215408e+01
2.628000e+02 9.236342e-01 2.454423e+01
2.632000e+02 9.298671e-01 2.322063e+01
2.636000e+02 9.051507e-01 2.849509e+01
2.640000e+02 9.276661e-01 2.370012e+01
2.644000e+02 9.320598e-01 2.279914e+01
2.648000e+02 9.291113e-01 2.345811e+01
2.652000e+02 9.312031e-01 2.304205e+01
2.656000e+02 9.315039e-01 2.301463e+01
2.660000e+02 9.309404e-01 2.316277e+01
2.664000e+02 9.304865e-01 2.327413e+01
2.668000e+02 9.292376e-01 2.353778e+01
2.672000e+02 8.996802e-01 2.989203e+01
2.676000e+02 9.279838e-01 2.380039e+01
2.680000e+02 9.309652e-01 2.318161e+01
2.684000e+02 9.314567e-01 2.308736e+01
2.688000e+02 9.314986e-01 2.308994e+01
2.692000e+02 9.316081e-01 2.307902e+01
2.696000e+02 9.314958e-01 2.311701e+01
2.700000e+02 9.313184e-01 2.316992e+01
2.704000e+02 9.310446e-01 2.324444e+01
2.708000e+02 9.306828e-01 2.333842e+01
2.712000e+02 9.302060e-01 2.345775e+01
2.716000e+02 9.301255e-01 2.349235e+01
2.720000e+02 9.293376e-01 2.368018e+01
2.724000e+02 9.284656e-01 2.388203e+01
2.728000e+02 9.226832e-01 2.511629e+01
2.732000e+02 9.145912e-01 2.685271e+01
2.736000e+02 9.266616e-01 2.431985e+01
2.740000e+02 9.263620e-01 2.440329e+01
2.744000e+02 9.089220e-01 2.816405e+01
2.748000e+02 9.245653e-01 2.482534e+01
2.752000e+02 9.258910e-01 2.457995e+01
2.756000e+02 9.251013e-01 2.477762e+01
2.760000e+02 9.224362e-01 2.536098e+01
2.764000e+02 9.169712e-01 2.651467e+01
2.768000e+02 9.181506e-01 2.631188e+01
2.772000e+02 9.232085e-01 2.524670e+01
2.776000e+02 9.251116e-01 2.485345e+01
2.780000e+02 9.254321e-01 2.479605e+01
2.784000e+02 9.252565e-01 2.484714e+01
2.788000e+02 9.252423e-01 2.486307e+01
2.792000e+02 9.237563e-01 2.519200e+01
2.796000e+02 9.195617e-01 2.610463e+01
2.800000e+02 9.228119e-01 2.543308e+01
2.804000e+02 9.245466e-01 2.508158e+01
2.808000e+02 9.243366e-01 2.514580e+01
2.812000e+02 9.239067e-01 2.525948e+01
2.816000e+02 9.236677e-01 2.532852e+01
2.820000e+02 9.232262e-01 2.544479e+01
2.824000e+02 9.229607e-01 2.551822e+01
2.828000e+02 9.114553e-01 2.804845e+01
2.832000e+02 9.220779e-01 2.574879e+01
2.836000e+02 9.222537e-01 2.573260e+01
2.840000e+02 9.219698e-01 2.581215e+01
2.844000e+02 9.211755e-01 2.600715e+01
2.848000e+02 9.209497e-01 2.606734e+01
2.852000e+02 9.199880e-01 2.629050e+01
2.856000e+02 9.170713e-01 2.692291e+01
2.860000e+02 8.851473e-01 3.368944e+01
2.864000e+02 8.999335e-01 3.057406e+01
2.868000e+02 9.168524e-01 2.703211e+01
2.872000e+02 9.184039e-01 2.672993e+01
2.876000e+02 9.184997e-01 2.673126e+01
2.880000e+02 9.179247e-01 2.687314e+01
2.884000e+02 9.159315e-01 2.731001e+01
2.888000e+02 8.983843e-01 3.101605e+01
2.892000e+02 9.069662e-01 2.922630e+01
2.896000e+02 9.156972e-01 2.742795e+01
2.900000e+02 9.165025e-01 2.728614e+01
2.904000e+02 9.166939e-01 2.726779e+01
2.908000e+02 9.158044e-01 2.747880e+01
2.912000e+02 9.156209e-01 2.754107e+01
2.916000e+02 9.155964e-01 2.757064e+01
2.920000e+02 9.153825e-01 2.763847e+01
2.924000e+02 9.145528e-01 2.783641e+01
2.928000e+02 9.120059e-01 2.839066e+01
2.932000e+02 8.608946e-01 3.952850e+01
2.936000e+02 9.032774e-01 3.032322e+01
2.940000e+02 9.127683e-01 2.831180e+01
2.944000e+02 9.130843e-01 2.827338e+01
2.948000e+02 9.128767e-01 2.834407e+01
2.952000e+02 9.125000e-01 2.845077e+01
2.956000e+02 9.120776e-01 2.856810e+01
2.960000e+02 9.114893e-01 2.872220e+01
2.964000e+02 9.106684e-01 2.893148e+01
2.968000e+02 9.101206e-01 2.907778e+01
2.972000e+02 9.072922e-01 2.973113e+01
2.976000e+02 9.074587e-01 2.972900e+01
2.980000e+02 9.040745e-01 3.049987e+01
2.984000e+02 8.918357e-01 3.306292e+01
2.988000e+02 9.003168e-01 3.136303e+01
2.992000e+02 9.042025e-01 3.055134e+01
2.996000e+02 9.045509e-01 3.049047e+01
3.000000e+02 9.043371e-01 3.055842e+01
3.004000e+02 9.018508e-01 3.111342e+01
3.008000e+02 8.948334e-01 3.263674e+01
3.012000e+02 8.944940e-01 3.271838e+01
3.016000e+02 8.788680e-01 3.598772e+01
3.020000e+02 8.795949e-01 3.589066e+01
3.024000e+02 8.971928e-01 3.224741e+01
3.028000e+02 8.966203e-01 3.238506e+01
3.032000e+02 8.380901e-01 4.504592e+01
3.036000e+02 8.976102e-01 3.224443e+01
3.040000e+02 8.994099e-01 3.190898e+01
3.044000e+02 8.986899e-01 3.210230e+01
3.048000e+02 8.970709e-01 3.247977e+01
3.052000e+02 8.976291e-01 3.240458e+01
3.056000e+02 8.979366e-01 3.237624e+01
3.060000e+02 8.975627e-01 3.249125e+01
3.064000e+02 8.970130e-01 3.264682e+01
3.068000e+02 8.963056e-01 3.283956e+01
3.072000e+02 8.954901e-01 3.305843e+01
3.076000e+02 8.945230e-01 3.331270e+01
3.080000e+02 8.936016e-01 3.356053e+01
3.084000e+02 8.924116e-01 3.386881e+01
3.088000e+02 8.911272e-01 3.420201e+01
3.092000e+02 8.898712e-01 3.453378e+01
3.096000e+02 8.881667e-01 3.496465e+01
3.100000e+02 8.783517e-01 3.713209e+01
3.104000e+02 8.845792e-01 3.587531e+01
3.108000e+02 8.839269e-01 3.608820e+01
3.112000e+02 8.827817e-01 3.640000e+01
3.116000e+02 8.813929e-01 3.676772e+01
3.120000e+02 8.798369e-01 3.717976e+01
3.124000e+02 8.778683e-01 3.769202e+01
3.128000e+02 8.755361e-01 3.829473e+01
3.132000e+02 8.729439e-01 3.896448e+01
3.136000e+02 8.698723e-01 3.974106e+01
3.140000e+02 8.670717e-01 4.045744e+01
3.144000e+02 8.652884e-01 4.094222e+01
3.148000e+02 8.624058e-01 4.167724e+01
3.152000e+02 8.584655e-01 4.265222e+01
3.156000e+02 8.502728e-01 4.452874e+01
3.160000e+02 8.313668e-01 4.867186e+01
3.164000e+02 8.055200e-01 5.438394e+01
3.168000e+02 8.365068e-01 4.811188e+01
3.172000e+02 8.152298e-01 5.313464e+01
3.176000e+02 8.281572e-01 5.050115e+01
3.180000e+02 8.208088e-01 5.242694e+01
3.184000e+02 8.114525e-01 5.484277e+01
3.188000e+02 7.999180e-01 5.780658e+01
3.192000e+02 7.853383e-01 6.152931e+01
3.196000e+02 7.658870e-01 6.642557e+01
3.200000e+02 6.114530e-01 1.015707e+02
3.204000e+02 7.161258e-01 7.918897e+01
3.208000e+02 6.869406e-01 8.672462e+01
3.212000e+02 6.587771e-01 9.391244e+01
3.216000e+02 6.320577e-01 1.008117e+02
3.220000e+02 5.934772e-01 1.106527e+02
3.224000e+02 5.447903e-01 1.231709e+02
3.228000e+02 4.802755e-01 1.397222e+02
3.232000e+02 4.011467e-01 1.600518e+02
3.236000e+02 3.099870e-01 1.835183e+02
3.240000e+02 2.164463e-01 2.077095e+02
3.244000e+02 1.353973e-01 2.287502e+02
3.248000e+02 8.216297e-02 2.425353e+02
3.252000e+02 6.419789e-02 2.469611e+02
3.256000e+02 9.524942e-02 2.391086e+02
3.260000e+02 1.579117e-01 2.228072e+02
3.264000e+02 2.411408e-01 2.010639e+02
3.268000e+02 3.173148e-01 1.805357e+02
3.272000e+02 4.192859e-01 1.550320e+02
3.276000e+02 4.980875e-01 1.349912e+02
3.280000e+02 5.600324e-01 1.191049e+02
3.284000e+02 6.136477e-01 1.055406e+02
3.288000e+02 6.548608e-01 9.503103e+01
3.292000e+02 6.877902e-01 8.662465e+01
3.296000e+02 7.143239e-01 7.984842e+01
3.300000e+02 7.360183e-01 7.431220e+01
3.304000e+02 7.537067e-01 6.979457e+01
3.308000e+02 7.682205e-01 6.608362e+01
3.312000e+02 7.801616e-01 6.302464e+01
3.316000e+02 7.898344e-01 6.053107e+01
3.320000e+02 7.971517e-01 5.860165e+01
3.324000e+02 7.984565e-01 5.796527e+01
3.328000e+02 7.631705e-01 6.507875e+01
3.332000e+02 8.119129e-01 5.464314e+01
3.336000e+02 8.204059e-01 5.268644e+01
3.340000e+02 8.247987e-01 5.160470e+01
3.344000e+02 8.282948e-01 5.073419e+01
3.348000e+02 8.305366e-01 5.014969e+01
3.352000e+02 8.242964e-01 5.137133e+01
3.356000e+02 8.341834e-01 4.919409e+01
3.360000e+02 8.372419e-01 4.846566e+01
3.364000e+02 8.395525e-01 4.789729e+01
3.368000e+02 8.414056e-01 4.743429e+01
3.372000e+02 8.428032e-01 4.707884e+01
3.376000e+02 8.437217e-01 4.683712e+01
3.380000e+02 8.451596e-01 4.649155e+01
3.384000e+02 8.458913e-01 4.630618e+01
3.388000e+02 8.462297e-01 4.621159e+01
3.392000e+02 8.471200e-01 4.600579e+01
3.396000e+02 8.474930e-01 4.591532e+01
3.400000e+02 8.477515e-01 4.585416e+01
3.404000e+02 8.479168e-01 4.581731e+01
3.408000e+02 8.479335e-01 4.581592e+01
3.412000e+02 8.479470e-01 4.581901e+01
3.416000e+02 8.477988e-01 4.585981e+01
3.420000e+02 8.474379e-01 4.594871e+01
3.424000e+02 8.469962e-01 4.605757e+01
3.428000e+02 8.457295e-01 4.633940e+01
3.432000e+02 8.124807e-01 5.351468e+01
3.436000e+02 8.418350e-01 4.720471e+01
3.440000e+02 8.447691e-01 4.662491e+01
3.444000e+02 8.441239e-01 4.679835e+01
3.448000e+02 8.419796e-01 4.728085e+01
3.452000e+02 8.408965e-01 4.754187e+01
3.456000e+02 8.411087e-01 4.753383e+01
3.460000e+02 8.409578e-01 4.759814e+01
3.464000e+02 8.412525e-01 4.757709e+01
3.468000e+02 8.407810e-01 4.771453e+01
3.472000e+02 8.398955e-01 4.794556e+01
3.476000e+02 8.392866e-01 4.811567e+01
3.480000e+02 8.382663e-01 4.837948e+01
3.484000e+02 8.372947e-01 4.863526e+01
3.488000e+02 8.360760e-01 4.894771e+01
3.492000e+02 8.347920e-01 4.927514e+01
3.496000e+02 8.326932e-01 4.977875e+01
3.500000e+02 8.314670e-01 5.010441e+01
3.504000e+02 8.296229e-01 5.056657e+01
3.508000e+02 8.268099e-01 5.123798e+01
3.512000e+02 8.222088e-01 5.227886e+01
3.516000e+02 8.101016e-01 5.482436e+01
3.520000e+02 8.103152e-01 5.487512e+01
3.524000e+02 7.683588e-01 6.374081e+01
3.528000e+02 7.298299e-01 7.253152e+01
3.532000e+02 8.150516e-01 5.411938e+01
3.536000e+02 8.167286e-01 5.385441e+01
3.540000e+02 8.157714e-01 5.413860e+01
3.544000e+02 8.135950e-01 5.467937e+01
3.548000e+02 8.067132e-01 5.619307e+01
3.552000e+02 8.026079e-01 5.715206e+01
3.556000e+02 8.072443e-01 5.630755e+01
3.560000e+02 8.050503e-01 5.687988e+01
3.564000e+02 8.007782e-01 5.790969e+01
3.568000e+02 8.003027e-01 5.810738e+01
3.572000e+02 7.955715e-01 5.921174e+01
3.576000e+02 7.253291e-01 7.433002e+01
3.580000e+02 7.820921e-01 6.227243e+01
3.584000e+02 7.769867e-01 6.347386e+01
3.588000e+02 6.778990e-01 8.447213e+01
3.592000e+02 7.715269e-01 6.491845e+01
3.596000e+02 7.350771e-01 7.285717e+01
3.600000e+02 7.716116e-01 6.528840e+01
3.604000e+02 7.706518e-01 6.568489e+01
3.608000e+02 7.668745e-01 6.667268e+01
3.612000e+02 7.620318e-01 6.789170e+01
3.616000e+02 7.477802e-01 7.109925e+01
3.620000e+02 7.512419e-01 7.060281e+01
3.624000e+02 7.460406e-01 7.194725e+01
3.628000e+02 7.393825e-01 7.360959e+01
3.632000e+02 7.300424e-01 7.584439e+01
3.636000e+02 7.147622e-01 7.935253e+01
3.640000e+02 7.107456e-01 8.051213e+01
3.644000e+02 5.921501e-01 1.059681e+02
3.648000e+02 6.885417e-01 8.593062e+01
3.652000e+02 6.826261e-01 8.768002e+01
3.656000e+02 6.687717e-01 9.112433e+01
3.660000e+02 6.499586e-01 9.569823e+01
3.664000e+02 6.234510e-01 1.020189e+02
3.668000e+02 5.224642e-01 1.244954e+02
3.672000e+02 5.357887e-01 1.227982e+02
3.676000e+02 4.476522e-01 1.433053e+02
3.680000e+02 2.913552e-01 1.787657e+02
3.684000e+02 5.944466e-02 2.287207e+02
3.688000e+02 1.761361e-01 2.047773e+02
3.692000e+02 3.525147e-01 1.664077e+02
3.696000e+02 4.413427e-01 1.466884e+02
3.700000e+02 4.782680e-01 1.386509e+02
3.704000e+02 4.892040e-01 1.365946e+02
3.708000e+02 4.825241e-01 1.385527e+02
3.712000e+02 4.693968e-01 1.421135e+02
3.716000e+02 4.576273e-01 1.456088e+02
3.720000e+02 4.365426e-01 1.511919e+02
3.724000e+02 4.114554e-01 1.577596e+02
3.728000e+02 3.828654e-01 1.652087e+02
3.732000e+02 3.511955e-01 1.734509e+02
3.736000e+02 3.169478e-01 1.823789e+02
3.740000e+02 2.800421e-01 1.920079e+02
3.744000e+02 2.409668e-01 2.022245e+02
3.748000e+02 2.000620e-01 2.129329e+02
3.752000e+02 1.357918e-01 2.287249e+02
3.756000e+02 1.211189e-01 2.339502e+02
3.760000e+02 8.471061e-02 2.437804e+02
3.764000e+02 5.396433e-02 2.522648e+02
3.768000e+02 2.956861e-02 2.591624e+02
3.772000e+02 1.377597e-02 2.639082e+02
3.776000e+02 4.767905e-03 2.668349e+02
3.780000e+02 1.088173e-03 2.682844e+02
3.784000e+02 1.346307e-04 2.689020e+02
3.788000e+02 7.581858e-06 2.691931e+02
3.792000e+02 1.489662e-07 2.693706e+02
3.796000e+02 1.192985e-09 2.694817e+02
3.800000e+02 1.549218e-11 2.695337e+02
3.804000e+02 2.344991e-11 2.695279e+02
3.808000e+02 2.500347e-09 2.694646e+02
3.812000e+02 2.898136e-07 2.693430e+02
3.816000e+02 1.237969e-05 2.691540e+02
3.820000e+02 1.896070e-04 2.688392e+02
3.824000e+02 1.323194e-03 2.681663e+02
3.828000e+02 5.304932e-03 2.666396e+02
3.832000e+02 1.454534e-02 2.636715e+02
3.836000e+02 3.068774e-02 2.588993e+02
3.840000e+02 5.391032e-02 2.523350e+02
3.844000e+02 8.312989e-02 2.442956e+02
3.848000e+02 1.165786e-01 2.352507e+02
3.852000e+02 1.525416e-01 2.256453e+02
3.856000e+02 1.894187e-01 2.158771e+02
3.860000e+02 2.263667e-01 2.061606e+02
3.864000e+02 2.624913e-01 1.967091e+02
3.868000e+02 2.960445e-01 1.879085e+02
3.872000e+02 3.172337e-01 1.818025e+02
3.876000e+02 3.584682e-01 1.716892e+02
3.880000e+02 3.878977e-01 1.641803e+02
3.884000e+02 4.135443e-01 1.575912e+02
3.888000e+02 4.360227e-01 1.518069e+02
3.892000e+02 4.554449e-01 1.468071e+02
3.896000e+02 4.716321e-01 1.426255e+02
3.900000e+02 4.849348e-01 1.391513e+02
3.904000e+02 4.974558e-01 1.358447e+02
3.908000e+02 5.135978e-01 1.317036e+02
3.912000e+02 5.331207e-01 1.267884e+02
3.916000e+02 5.517264e-01 1.220684e+02
3.920000e+02 5.676105e-01 1.179834e+02
3.924000e+02 5.763702e-01 1.154404e+02
3.928000e+02 5.792902e-01 1.142000e+02
3.932000e+02 6.062973e-01 1.080881e+02
3.936000e+02 6.181792e-01 1.051367e+02
3.940000e+02 6.278202e-01 1.026943e+02
3.944000e+02 6.363988e-01 1.005121e+02
3.948000e+02 6.434473e-01 9.868145e+01
3.952000e+02 6.490039e-01 9.719330e+01
3.956000e+02 6.573261e-01 9.516483e+01
3.960000e+02 6.627002e-01 9.376815e+01
3.964000e+02 6.596556e-01 9.413114e+01
3.968000e+02 6.693215e-01 9.188890e+01
3.972000e+02 6.753418e-01 9.043155e+01
3.976000e+02 6.823059e-01 8.879274e+01
3.980000e+02 6.863980e-01 8.776175e+01
3.984000e+02 6.899089e-01 8.686613e+01
3.988000e+02 6.928085e-01 8.611248e+01
3.992000e+02 6.943785e-01 8.565132e+01
3.996000e+02 6.954331e-01 8.530044e+01
4.000000e+02 6.697122e-01 9.055172e+01
0.1 10 0
1.000000e+01 9.951453e-01 3.895611e+00
1.040000e+01 9.949729e-01 3.939347e+00
1.080000e+01 9.948281e-01 3.976974e+00
1.120000e+01 9.946673e-01 4.018085e+00
1.160000e+01 9.945130e-01 4.058366e+00
1.200000e+01 9.943286e-01 4.105743e+00
1.240000e+01 9.941263e-01 4.157664e+00
1.280000e+01 9.939036e-01 4.214803e+00
1.320000e+01 9.936568e-01 4.278104e+00
1.360000e+01 9.933846e-01 4.347991e+00
1.400000e+01 9.930852e-01 4.424946e+00
1.440000e+01 9.927508e-01 4.510912e+00
1.480000e+01 9.923503e-01 4.612968e+00
1.520000e+01 9.919479e-01 4.717569e+00
1.560000e+01 9.914615e-01 4.842951e+00
1.600000e+01 9.908928e-01 4.989354e+00
1.640000e+01 9.902362e-01 5.158870e+00
1.680000e+01 9.894577e-01 5.359952e+00
1.720000e+01 9.885189e-01 5.602395e+00
1.760000e+01 9.873703e-01 5.899103e+00
1.800000e+01 9.859398e-01 6.268713e+00
1.840000e+01 9.841221e-01 6.738361e+00
1.880000e+01 9.817615e-01 7.348140e+00
1.920000e+01 9.786243e-01 8.158146e+00
1.960000e+01 9.743554e-01 9.259425e+00
2.000000e+01 9.684141e-01 1.078996e+01
2.040000e+01 9.600017e-01 1.295263e+01
2.080000e+01 9.480195e-01 1.602338e+01
2.120000e+01 9.312383e-01 2.029719e+01
2.160000e+01 9.095923e-01 2.574430e+01
2.200000e+01 8.879284e-01 3.107550e+01
2.240000e+01 8.823958e-01 3.244710e+01
2.280000e+01 8.972347e-01 2.887511e+01
2.320000e+01 9.161958e-01 2.414510e+01
2.360000e+01 9.324099e-01 2.003318e+01
2.400000e+01 9.446549e-01 1.690152e+01
2.440000e+01 9.535789e-01 1.461030e+01
2.480000e+01 9.599831e-01 1.295992e+01
2.520000e+01 9.646200e-01 1.176188e+01
2.560000e+01 9.679627e-01 1.089421e+01
2.600000e+01 9.705451e-01 1.022745e+01
2.640000e+01 9.724197e-01 9.740397e+00
2.680000e+01 9.738220e-01 9.374855e+00
2.720000e+01 9.748875e-01 9.096412e+00
2.760000e+01 9.756899e-01 8.885847e+00
2.800000e+01 9.762806e-01 8.729862e+00
2.840000e+01 9.766981e-01 8.618532e+00
2.880000e+01 9.769516e-01 8.548401e+00
2.920000e+01 9.771204e-01 8.501519e+00
2.960000e+01 9.771839e-01 8.481338e+00
3.000000e+01 9.769330e-01 8.532373e+00
3.040000e+01 9.770282e-01 8.511413e+00
3.080000e+01 9.769252e-01 8.536208e+00
3.120000e+01 9.767286e-01 8.583183e+00
3.160000e+01 9.764732e-01 8.644732e+00
3.200000e+01 9.761695e-01 8.718451e+00
3.240000e+01 9.758231e-01 8.802979e+00
3.280000e+01 9.754345e-01 8.898088e+00
3.320000e+01 9.750081e-01 9.002755e+00
3.360000e+01 9.745425e-01 9.117172e+00
3.400000e+01 9.740405e-01 9.240721e+00
3.440000e+01 9.735010e-01 9.373556e+00
3.480000e+01 9.729235e-01 9.515779e+00
3.520000e+01 9.723088e-01 9.667209e+00
3.560000e+01 9.716513e-01 9.829009e+00
3.600000e+01 9.706674e-01 1.006386e+01
3.640000e+01 9.702283e-01 1.017952e+01
3.680000e+01 9.694629e-01 1.036826e+01
3.720000e+01 9.686435e-01 1.056982e+01
3.760000e+01 9.677407e-01 1.079044e+01
3.800000e+01 9.667990e-01 1.102094e+01
3.840000e+01 9.659129e-01 1.124133e+01
3.880000e+01 9.649065e-01 1.148882e+01
3.920000e+01 9.638308e-01 1.175280e+01
3.960000e+01 9.627001e-01 1.203026e+01
4.000000e+01 9.615065e-01 1.232307e+01
4.040000e+01 9.602358e-01 1.263441e+01
4.080000e+01 9.588866e-01 1.296470e+01
4.120000e+01 9.574543e-01 1.331509e+01
4.160000e+01 9.559292e-01 1.368786e+01
4.200000e+01 9.543020e-01 1.408523e+01
4.240000e+01 9.525585e-01 1.451045e+01
4.280000e+01 9.504675e-01 1.501445e+01
4.320000e+01 9.486967e-01 1.545129e+01
4.360000e+01 9.462919e-01 1.602940e+01
4.400000e+01 9.442769e-01 1.652751e+01
4.440000e+01 9.418264e-01 1.712439e+01
4.480000e+01 9.390914e-01 1.778757e+01
4.520000e+01 9.362514e-01 1.847937e+01
4.560000e+01 9.330997e-01 1.924495e+01
4.600000e+01 9.296524e-01 2.008170e+01
4.640000e+01 9.258750e-01 2.099821e+01
4.680000e+01 9.217162e-01 2.200686e+01
4.720000e+01 9.171188e-01 2.312164e+01
4.760000e+01 9.120089e-01 2.436053e+01
4.800000e+01 9.062959e-01 2.574560e+01
4.840000e+01 8.998638e-01 2.730523e+01
4.880000e+01 8.925646e-01 2.907559e+01
4.920000e+01 8.842121e-01 3.110209e+01
4.960000e+01 8.745617e-01 3.344360e+01
5.000000e+01 8.631954e-01 3.619688e+01
5.040000e+01 8.503096e-01 3.933066e+01
5.080000e+01 8.347892e-01 4.311229e+01
5.120000e+01 8.151554e-01 4.790311e+01
5.160000e+01 7.889805e-01 5.429512e+01
5.200000e+01 7.494771e-01 6.385499e+01
5.240000e+01 7.037784e-01 7.517501e+01
5.280000e+01 6.375789e-01 9.153346e+01
5.320000e+01 5.417316e-01 1.150807e+02
5.360000e+01 3.227044e-01 1.669547e+02
5.400000e+01 2.816523e-01 1.799297e+02
5.440000e+01 1.691458e-01 2.099735e+02
5.480000e+01 6.441574e-02 2.383798e+02
5.520000e+01 5.659006e-03 2.561719e+02
5.560000e+01 3.363259e-03 2.605284e+02
5.600000e+01 2.539903e-04 2.636390e+02
5.640000e+01 5.839334e-07 2.650829e+02
5.680000e+01 3.681039e-06 2.658612e+02
5.720000e+01 1.191481e-06 2.663971e+02
5.760000e+01 1.863650e-12 2.668233e+02
5.800000e+01 1.582767e-08 2.671366e+02
5.840000e+01 6.733398e-15 2.673857e+02
5.880000e+01 1.154807e-09 2.674258e+02
5.920000e+01 1.570233e-14 2.674909e+02
5.960000e+01 3.915198e-17 2.675612e+02
6.000000e+01 5.696021e-11 2.676928e+02
6.040000e+01 8.503982e-19 2.678039e+02
6.080000e+01 1.366974e-10 2.677407e+02
6.120000e+01 1.145749e-13 2.676795e+02
6.160000e+01 5.505384e-10 2.675991e+02
6.200000e+01 9.169493e-10 2.675099e+02
6.240000e+01 1.141501e-15 2.673289e+02
6.280000e+01 7.263789e-08 2.668171e+02
6.320000e+01 1.320505e-05 2.658591e+02
6.360000e+01 2.678124e-05 2.643945e+02
6.400000e+01 2.358417e-03 2.615878e+02
6.440000e+01 1.873877e-02 2.544806e+02
6.480000e+01 5.213246e-02 2.424674e+02
6.520000e+01 9.560455e-02 2.273418e+02
6.560000e+01 2.594527e-01 1.866485e+02
6.600000e+01 3.862467e-01 1.544639e+02
6.640000e+01 4.883243e-01 1.285082e+02
6.680000e+01 5.763019e-01 1.065803e+02
6.720000e+01 6.545260e-01 8.760724e+01
6.760000e+01 7.045544e-01 7.529325e+01
6.800000e+01 7.405642e-01 6.643904e+01
6.840000e+01 7.676017e-01 5.981505e+01
6.880000e+01 7.893174e-01 5.453679e+01
6.920000e+01 8.059876e-01 5.048499e+01
6.960000e+01 8.195432e-01 4.720113e+01
7.000000e+01 8.308907e-01 4.446036e+01
7.040000e+01 8.405704e-01 4.212848e+01
7.080000e+01 8.489016e-01 4.012569e+01
7.120000e+01 8.561454e-01 3.838778e+01
7.160000e+01 8.624866e-01 3.686935e+01
7.200000e+01 8.680883e-01 3.553075e+01
7.240000e+01 8.730321e-01 3.435135e+01
7.280000e+01 8.774339e-01 3.330351e+01
7.320000e+01 8.813556e-01 3.237186e+01
7.360000e+01 8.848502e-01 3.154333e+01
7.400000e+01 8.879732e-01 3.080451e+01
7.440000e+01 8.907734e-01 3.014382e+01
7.480000e+01 8.932545e-01 2.955935e+01
7.520000e+01 8.954105e-01 2.905075e+01
7.560000e+01 8.974346e-01 2.857793e+01
7.600000e+01 8.992455e-01 2.815669e+01
7.640000e+01 8.979968e-01 2.842086e+01
7.680000e+01 9.021644e-01 2.747989e+01
7.720000e+01 9.036318e-01 2.714941e+01
7.760000e+01 9.016439e-01 2.760941e+01
7.800000e+01 9.056610e-01 2.669721e+01
7.840000e+01 9.064003e-01 2.653954e+01
7.880000e+01 9.068682e-01 2.644745e+01
7.920000e+01 9.070738e-01 2.642020e+01
7.960000e+01 9.069806e-01 2.646561e+01
8.000000e+01 9.065977e-01 2.657729e+01
8.040000e+01 9.062242e-01 2.667843e+01
8.080000e+01 9.067110e-01 2.657597e+01
8.120000e+01 9.080831e-01 2.626371e+01
8.160000e+01 9.094557e-01 2.594288e+01
8.200000e+01 9.105844e-01 2.567762e+01
8.240000e+01 9.114588e-01 2.547400e+01
8.280000e+01 9.121208e-01 2.532293e+01
8.320000e+01 9.126138e-01 2.521394e+01
8.360000e+01 9.129845e-01 2.513566e+01
8.400000e+01 9.132535e-01 2.508279e+01
8.440000e+01 9.134399e-01 2.505054e+01
8.480000e+01 9.135541e-01 2.503623e+01
8.520000e+01 9.136058e-01 2.503744e+01
8.560000e+01 9.136036e-01 2.505221e+01
8.600000e+01 9.135419e-01 2.508177e+01
8.640000e+01 9.134180e-01 2.512681e+01
8.680000e+01 9.132225e-01 2.518963e+01
8.720000e+01 9.129607e-01 2.526913e+01
8.760000e+01 9.126373e-01 2.536300e+01
8.800000e+01 9.123641e-01 2.544349e+01
8.840000e+01 9.122685e-01 2.548104e+01
8.880000e+01 9.122040e-01 2.550978e+01
8.920000e+01 9.120854e-01 2.555132e+01
8.960000e+01 9.119043e-01 2.560832e+01
9.000000e+01 9.116502e-01 2.568323e+01
9.040000e+01 9.113878e-01 2.576063e+01
9.080000e+01 9.110504e-01 2.585595e+01
9.120000e+01 9.107415e-01 2.594556e+01
9.160000e+01 9.103827e-01 2.604695e+01
9.200000e+01 9.099929e-01 2.615577e+01
9.240000e+01 9.095765e-01 2.627091e+01
9.280000e+01 9.091341e-01 2.639222e+01
9.320000e+01 9.086314e-01 2.652683e+01
9.360000e+01 9.078593e-01 2.671826e+01
9.400000e+01 9.051146e-01 2.733923e+01
9.440000e+01 9.070741e-01 2.694530e+01
9.480000e+01 9.066458e-01 2.706760e+01
9.520000e+01 9.060995e-01 2.721520e+01
9.560000e+01 9.053797e-01 2.740003e+01
9.600000e+01 9.041823e-01 2.768532e+01
9.640000e+01 9.033002e-01 2.790491e+01
9.680000e+01 9.036793e-01 2.785851e+01
9.720000e+01 9.032048e-01 2.799187e+01
9.760000e+01 9.026204e-01 2.814891e+01
9.800000e+01 9.019683e-01 2.832126e+01
9.840000e+01 9.013336e-01 2.849053e+01
9.880000e+01 9.006350e-01 2.867428e+01
9.920000e+01 8.997351e-01 2.890243e+01
9.960000e+01 8.991153e-01 2.907021e+01
1.000000e+02 8.982570e-01 2.928976e+01
1.004000e+02 8.971085e-01 2.956935e+01
1.008000e+02 8.963874e-01 2.976230e+01
1.012000e+02 8.955973e-01 2.996896e+01
1.016000e+02 8.923287e-01 3.069887e+01
1.020000e+02 8.931045e-01 3.057488e+01
1.024000e+02 8.932163e-01 3.059622e+01
1.028000e+02 8.924342e-01 3.080529e+01
1.032000e+02 8.914591e-01 3.105581e+01
1.036000e+02 8.902109e-01 3.136480e+01
1.040000e+02 8.886484e-01 3.174161e+01
1.044000e+02 8.883378e-01 3.185512e+01
1.048000e+02 8.872858e-01 3.212676e+01
1.052000e+02 8.860944e-01 3.242949e+01
1.056000e+02 8.848669e-01 3.274106e+01
1.060000e+02 8.835495e-01 3.307365e+01
1.064000e+02 8.821559e-01 3.342430e+01
1.068000e+02 8.806775e-01 3.379512e+01
1.072000e+02 8.790968e-01 3.419019e+01
1.076000e+02 8.774207e-01 3.460800e+01
1.080000e+02 8.755785e-01 3.506458e+01
1.084000e+02 8.736633e-01 3.553959e+01
1.088000e+02 8.715303e-01 3.606514e+01
1.092000e+02 8.690964e-01 3.665860e+01
1.096000e+02 8.638162e-01 3.787461e+01
1.100000e+02 8.637521e-01 3.796468e+01
1.104000e+02 8.602982e-01 3.879250e+01
1.108000e+02 8.425185e-01 4.274227e+01
1.112000e+02 8.528700e-01 4.059048e+01
1.116000e+02 8.492494e-01 4.149226e+01
1.120000e+02 8.444266e-01 4.266249e+01
1.124000e+02 8.387148e-01 4.404091e+01
1.128000e+02 8.318457e-01 4.569102e+01
1.132000e+02 8.239729e-01 4.758433e+01
1.136000e+02 8.143307e-01 4.989578e+01
1.140000e+02 8.024725e-01 5.273338e+01
1.144000e+02 7.878504e-01 5.622935e+01
1.148000e+02 7.689807e-01 6.072813e+01
1.152000e+02 7.451211e-01 6.642935e+01
1.156000e+02 7.137957e-01 7.392245e+01
1.160000e+02 6.710989e-01 8.413481e+01
1.164000e+02 6.119427e-01 9.831083e+01
1.168000e+02 5.285606e-01 1.183694e+02
1.172000e+02 4.111764e-01 1.468199e+02
1.176000e+02 2.553575e-01 1.851948e+02
1.180000e+02 9.052519e-02 2.275059e+02
1.184000e+02 5.539997e-03 2.529050e+02
1.188000e+02 1.359775e-06 2.566157e+02
1.192000e+02 1.570145e-02 2.491218e+02
1.196000e+02 1.302087e-01 2.170549e+02
1.200000e+02 2.999628e-01 1.742330e+02
1.204000e+02 4.455482e-01 1.386512e+02
1.208000e+02 5.513338e-01 1.131316e+02
1.212000e+02 6.259097e-01 9.526357e+01
1.216000e+02 6.787096e-01 8.265927e+01
1.220000e+02 7.166235e-01 7.363062e+01
1.224000e+02 7.443134e-01 6.705027e+01
1.228000e+02 7.648644e-01 6.217520e+01
1.232000e+02 7.799508e-01 5.859338e+01
1.236000e+02 7.917368e-01 5.580295e+01
1.240000e+02 7.928357e-01 5.535577e+01
1.244000e+02 8.075800e-01 5.205696e+01
1.248000e+02 8.143424e-01 5.050210e+01
1.252000e+02 8.170124e-01 4.983421e+01
1.256000e+02 8.200280e-01 4.912494e+01
1.260000e+02 8.259675e-01 4.781656e+01
1.264000e+02 8.286290e-01 4.721845e+01
1.268000e+02 8.310780e-01 4.667036e+01
1.272000e+02 8.327415e-01 4.630150e+01
1.276000e+02 8.339953e-01 4.602787e+01
1.280000e+02 8.346209e-01 4.589413e+01
1.284000e+02 8.344926e-01 4.592804e+01
1.288000e+02 8.363289e-01 4.554887e+01
1.292000e+02 8.368055e-01 4.546369e+01
1.296000e+02 8.370658e-01 4.542801e+01
1.300000e+02 8.371874e-01 4.542510e+01
1.304000e+02 8.371841e-01 4.545170e+01
1.308000e+02 8.370112e-01 4.551690e+01
1.312000e+02 8.368608e-01 4.557981e+01
1.316000e+02 8.366168e-01 4.566483e+01
1.320000e+02 8.362550e-01 4.577687e+01
1.324000e+02 8.350926e-01 4.606818e+01
1.328000e+02 8.353877e-01 4.603660e+01
1.332000e+02 8.348575e-01 4.618965e+01
1.336000e+02 8.342944e-01 4.635138e+01
1.340000e+02 8.335957e-01 4.654463e+01
1.344000e+02 8.329634e-01 4.672340e+01
1.348000e+02 8.322421e-01 4.692328e+01
1.352000e+02 8.314800e-01 4.713294e+01
1.356000e+02 8.306591e-01 4.735680e+01
1.360000e+02 8.297429e-01 4.760342e+01
1.364000e+02 8.286139e-01 4.789877e+01
1.368000e+02 8.254490e-01 4.863435e+01
1.372000e+02 8.263322e-01 4.850697e+01
1.376000e+02 8.251286e-01 4.883372e+01
1.380000e+02 8.236423e-01 4.922269e+01
1.384000e+02 8.222032e-01 4.959512e+01
1.388000e+02 8.212547e-01 4.984934e+01
1.392000e+02 8.209082e-01 4.996035e+01
1.396000e+02 8.204186e-01 5.010049e+01
1.400000e+02 8.195807e-01 5.032112e+01
1.404000e+02 8.189138e-01 5.050773e+01
1.408000e+02 8.176002e-01 5.084180e+01
1.412000e+02 8.166007e-01 5.111263e+01
1.416000e+02 8.148221e-01 5.155539e+01
1.420000e+02 8.089212e-01 5.286958e+01
1.424000e+02 8.087331e-01 5.299863e+01
1.428000e+02 8.095514e-01 5.293479e+01
1.432000e+02 8.075800e-01 5.345735e+01
1.436000e+02 8.054893e-01 5.398875e+01
1.440000e+02 8.046126e-01 5.422923e+01
1.444000e+02 8.045225e-01 5.427230e+01
1.448000e+02 8.016994e-01 5.488647e+01
1.452000e+02 8.037261e-01 5.448229e+01
1.456000e+02 8.038629e-01 5.449216e+01
1.460000e+02 8.031810e-01 5.468174e+01
1.464000e+02 8.023180e-01 5.491587e+01
1.468000e+02 8.012888e-01 5.519024e+01
1.472000e+02 8.001529e-01 5.549113e+01
1.476000e+02 7.989208e-01 5.581568e+01
1.480000e+02 7.975907e-01 5.616350e+01
1.484000e+02 7.959963e-01 5.656892e+01
1.488000e+02 7.911509e-01 5.767698e+01
1.492000e+02 7.932406e-01 5.729902e+01
1.496000e+02 7.918047e-01 5.768125e+01
1.500000e+02 7.900814e-01 5.812700e+01
1.504000e+02 7.880615e-01 5.863643e+01
1.508000e+02 7.854209e-01 5.927839e+01
1.512000e+02 7.846596e-01 5.953414e+01
1.516000e+02 7.832145e-01 5.992565e+01
1.520000e+02 7.818607e-01 6.028913e+01
1.524000e+02 7.805997e-01 6.062735e+01
1.528000e+02 7.791751e-01 6.100332e+01
1.532000e+02 7.775799e-01 6.141972e+01
1.536000e+02 7.755719e-01 6.192670e+01
1.540000e+02 7.682000e-01 6.359499e+01
1.544000e+02 7.721361e-01 6.283049e+01
1.548000e+02 7.706005e-01 6.324993e+01
1.552000e+02 7.687528e-01 6.373701e+01
1.556000e+02 7.667937e-01 6.425016e+01
1.560000e+02 7.645801e-01 6.481999e+01
1.564000e+02 7.626436e-01 6.533366e+01
1.568000e+02 7.605406e-01 6.588565e+01
1.572000e+02 7.583089e-01 6.646786e+01
1.576000e+02 7.560521e-01 6.705844e+01
1.580000e+02 7.536980e-01 6.767300e+01
1.584000e+02 7.512464e-01 6.831170e+01
1.588000e+02 7.487401e-01 6.896575e+01
1.592000e+02 7.461272e-01 6.964646e+01
1.596000e+02 7.434395e-01 7.034724e+01
1.600000e+02 7.406443e-01 7.107531e+01
1.604000e+02 7.377628e-01 7.182583e+01
1.608000e+02 7.348098e-01 7.259522e+01
1.612000e+02 7.317273e-01 7.339717e+01
1.616000e+02 7.285326e-01 7.422869e+01
1.620000e+02 7.251942e-01 7.509686e+01
1.624000e+02 7.217106e-01 7.600234e+01
1.628000e+02 7.180739e-01 7.694716e+01
1.632000e+02 7.142311e-01 7.794321e+01
1.636000e+02 7.102669e-01 7.897251e+01
1.640000e+02 7.060395e-01 8.006604e+01
1.644000e+02 7.014319e-01 8.124805e+01
1.648000e+02 6.944734e-01 8.293486e+01
1.652000e+02 6.905922e-01 8.398252e+01
1.656000e+02 6.822714e-01 8.597294e+01
1.660000e+02 6.781840e-01 8.709363e+01
1.664000e+02 6.759852e-01 8.783921e+01
1.668000e+02 6.705702e-01 8.926859e+01
1.672000e+02 6.644120e-01 9.086897e+01
1.676000e+02 6.551050e-01 9.317052e+01
1.680000e+02 6.510149e-01 9.435302e+01
1.684000e+02 6.437107e-01 9.625406e+01
1.688000e+02 6.358164e-01 9.830239e+01
1.692000e+02 6.274493e-01 1.004752e+02
1.696000e+02 6.185345e-01 1.027900e+02
1.700000e+02 6.089287e-01 1.052811e+02
1.704000e+02 5.987921e-01 1.079159e+02
1.708000e+02 5.878320e-01 1.107619e+02
1.712000e+02 5.759985e-01 1.138325e+02
1.716000e+02 5.633389e-01 1.171216e+02
1.720000e+02 5.497425e-01 1.206571e+02
1.724000e+02 5.350281e-01 1.244824e+02
1.728000e+02 5.191150e-01 1.286198e+02
1.732000e+02 5.018489e-01 1.331075e+02
1.736000e+02 4.829518e-01 1.380121e+02
1.740000e+02 4.632928e-01 1.431568e+02
1.744000e+02 4.415694e-01 1.488237e+02
1.748000e+02 4.179777e-01 1.549791e+02
1.752000e+02 3.897426e-01 1.622412e+02
1.756000e+02 3.644805e-01 1.689328e+02
1.760000e+02 3.356338e-01 1.765239e+02
1.764000e+02 3.049443e-01 1.846290e+02
1.768000e+02 2.721526e-01 1.932939e+02
1.772000e+02 2.376004e-01 2.024479e+02
1.776000e+02 2.018453e-01 2.119606e+02
1.780000e+02 1.656122e-01 2.216551e+02
1.784000e+02 1.299115e-01 2.312790e+02
1.788000e+02 9.607570e-02 2.404936e+02
1.792000e+02 6.568639e-02 2.488889e+02
1.796000e+02 4.037471e-02 2.560302e+02
1.800000e+02 2.140201e-02 2.615615e+02
1.804000e+02 9.272204e-03 2.653090e+02
1.808000e+02 3.001794e-03 2.674706e+02
1.812000e+02 6.438401e-04 2.685101e+02
1.816000e+02 7.758040e-05 2.689693e+02
1.820000e+02 4.348751e-06 2.692060e+02
1.824000e+02 1.020626e-07 2.693550e+02
1.828000e+02 1.379427e-09 2.694457e+02
1.832000e+02 5.557928e-11 2.694831e+02
1.836000e+02 2.226442e-10 2.694683e+02
1.840000e+02 1.394937e-08 2.694020e+02
1.844000e+02 7.558755e-07 2.692834e+02
1.848000e+02 1.989176e-05 2.691021e+02
1.852000e+02 2.215362e-04 2.688000e+02
1.856000e+02 1.281258e-03 2.681809e+02
1.860000e+02 4.642882e-03 2.668643e+02
1.864000e+02 1.205292e-02 2.644198e+02
1.868000e+02 2.473542e-02 2.605726e+02
1.872000e+02 4.290447e-02 2.553104e+02
1.876000e+02 6.593219e-02 2.488301e+02
1.880000e+02 9.261225e-02 2.414611e+02
1.884000e+02 1.216649e-01 2.335424e+02
1.888000e+02 1.518728e-01 2.253870e+02
1.892000e+02 1.822728e-01 2.172394e+02
1.896000e+02 2.121279e-01 2.092830e+02
1.900000e+02 2.409220e-01 2.016436e+02
1.904000e+02 2.683118e-01 1.944025e+02
1.908000e+02 2.941259e-01 1.875990e+02
1.912000e+02 3.182529e-01 1.812562e+02
1.916000e+02 3.406444e-01 1.753811e+02
1.920000e+02 3.613127e-01 1.699674e+02
1.924000e+02 3.802752e-01 1.650066e+02
1.928000e+02 3.975306e-01 1.604936e+02
1.932000e+02 4.125167e-01 1.565389e+02
1.936000e+02 4.272223e-01 1.527134e+02
1.940000e+02 4.409191e-01 1.491491e+02
1.944000e+02 4.542005e-01 1.457052e+02
1.948000e+02 4.665237e-01 1.424982e+02
1.952000e+02 4.755694e-01 1.400183e+02
1.956000e+02 4.829855e-01 1.379361e+02
1.960000e+02 4.979673e-01 1.343228e+02
1.964000e+02 5.076211e-01 1.318661e+02
1.968000e+02 5.159235e-01 1.297285e+02
1.972000e+02 5.233781e-01 1.278039e+02
1.976000e+02 5.300830e-01 1.260691e+02
1.980000e+02 5.361746e-01 1.244944e+02
1.984000e+02 5.418908e-01 1.230220e+02
1.988000e+02 5.468946e-01 1.217282e+02
1.992000e+02 5.507281e-01 1.207101e+02
1.996000e+02 5.550890e-01 1.195993e+02
2.000000e+02 5.586266e-01 1.186930e+02
2.004000e+02 5.611714e-01 1.180229e+02
2.008000e+02 5.623681e-01 1.176599e+02
2.012000e+02 5.639466e-01 1.172623e+02
2.016000e+02 5.651882e-01 1.169841e+02
2.020000e+02 5.646343e-01 1.171304e+02
2.024000e+02 5.623574e-01 1.176924e+02
2.028000e+02 5.586685e-01 1.185770e+02
2.032000e+02 5.553094e-01 1.193310e+02
2.036000e+02 5.574981e-01 1.187692e+02
2.040000e+02 5.651916e-01 1.169072e+02
2.044000e+02 5.731242e-01 1.149387e+02
2.048000e+02 5.797252e-01 1.132754e+02
2.052000e+02 5.847909e-01 1.119851e+02
2.056000e+02 5.888458e-01 1.109520e+02
2.060000e+02 5.912845e-01 1.102973e+02
2.064000e+02 5.942286e-01 1.095679e+02
2.068000e+02 5.963876e-01 1.090269e+02
2.072000e+02 5.979805e-01 1.086187e+02
2.076000e+02 5.994116e-01 1.082510e+02
2.080000e+02 6.005938e-01 1.079398e+02
2.084000e+02 5.998315e-01 1.080398e+02
2.088000e+02 5.987369e-01 1.082259e+02
2.092000e+02 6.035189e-01 1.071945e+02
2.096000e+02 6.044629e-01 1.069720e+02
2.100000e+02 6.050921e-01 1.068194e+02
2.104000e+02 6.036618e-01 1.071134e+02
2.108000e+02 5.891546e-01 1.103719e+02
2.112000e+02 6.065020e-01 1.064649e+02
2.116000e+02 6.072178e-01 1.063032e+02
2.120000e+02 6.075741e-01 1.062208e+02
2.124000e+02 6.077949e-01 1.061708e+02
2.128000e+02 6.078983e-01 1.061491e+02
2.132000e+02 6.079690e-01 1.061371e+02
2.136000e+02 6.079397e-01 1.061488e+02
2.140000e+02 6.078103e-01 1.061840e+02
2.144000e+02 6.074147e-01 1.062763e+02
2.148000e+02 6.041547e-01 1.069674e+02
2.152000e+02 6.056923e-01 1.066605e+02
2.156000e+02 6.069698e-01 1.064142e+02
2.160000e+02 6.067091e-01 1.064911e+02
2.164000e+02 6.066898e-01 1.065129e+02
2.168000e+02 6.063989e-01 1.065959e+02
2.172000e+02 6.060452e-01 1.066938e+02
2.176000e+02 6.056164e-01 1.068093e+02
2.180000e+02 6.051364e-01 1.069371e+02
2.184000e+02 6.047193e-01 1.070532e+02
2.188000e+02 6.042336e-01 1.071856e+02
2.192000e+02 6.036542e-01 1.073394e+02
2.196000e+02 6.031046e-01 1.074885e+02
2.200000e+02 6.024352e-01 1.076652e+02
2.204000e+02 6.018098e-01 1.078342e+02
2.208000e+02 6.010724e-01 1.080294e+02
2.212000e+02 6.003054e-01 1.082334e+02
2.216000e+02 5.994627e-01 1.084568e+02
2.220000e+02 5.985230e-01 1.087047e+02
2.224000e+02 5.974267e-01 1.089909e+02
2.228000e+02 5.962441e-01 1.093019e+02
2.232000e+02 5.947600e-01 1.096865e+02
2.236000e+02 5.930747e-01 1.101253e+02
2.240000e+02 5.908920e-01 1.106872e+02
2.244000e+02 5.881121e-01 1.113986e+02
2.248000e+02 5.842623e-01 1.123638e+02
2.252000e+02 5.798471e-01 1.134659e+02
2.256000e+02 5.746096e-01 1.147182e+02
2.260000e+02 5.656034e-01 1.166808e+02
2.264000e+02 5.739844e-01 1.148858e+02
2.268000e+02 5.781983e-01 1.139230e+02
2.272000e+02 5.810036e-01 1.132525e+02
2.276000e+02 5.827285e-01 1.128340e+02
2.280000e+02 5.836681e-01 1.126068e+02
2.284000e+02 5.840627e-01 1.125149e+02
2.288000e+02 5.840510e-01 1.125238e+02
2.292000e+02 5.836339e-01 1.126284e+02
2.296000e+02 5.777176e-01 1.139347e+02
2.300000e+02 5.824577e-01 1.129338e+02
2.304000e+02 5.814864e-01 1.131727e+02
2.308000e+02 5.799935e-01 1.135238e+02
2.312000e+02 5.635459e-01 1.170324e+02
2.316000e+02 5.770642e-01 1.142270e+02
2.320000e+02 5.777941e-01 1.141383e+02
2.324000e+02 5.769496e-01 1.143732e+02
2.328000e+02 5.753859e-01 1.147645e+02
2.332000e+02 5.729327e-01 1.153496e+02
2.336000e+02 5.675935e-01 1.165349e+02
2.340000e+02 5.543314e-01 1.192966e+02
2.344000e+02 5.672250e-01 1.167109e+02
2.348000e+02 5.693960e-01 1.162799e+02
2.352000e+02 5.686133e-01 1.164709e+02
2.356000e+02 5.530717e-01 1.197624e+02
2.360000e+02 5.645645e-01 1.174009e+02
2.364000e+02 5.665263e-01 1.170550e+02
2.368000e+02 5.636158e-01 1.177141e+02
2.372000e+02 5.302792e-01 1.248628e+02
2.376000e+02 5.624999e-01 1.180817e+02
2.380000e+02 5.625295e-01 1.181501e+02
2.384000e+02 5.590658e-01 1.189633e+02
2.388000e+02 5.561800e-01 1.196300e+02
2.392000e+02 5.415754e-01 1.227899e+02
2.396000e+02 5.524414e-01 1.206386e+02
2.400000e+02 5.510182e-01 1.210541e+02
2.404000e+02 5.490255e-01 1.216221e+02
2.408000e+02 5.459229e-01 1.224391e+02
2.412000e+02 5.403405e-01 1.237942e+02
2.416000e+02 5.383490e-01 1.242969e+02
2.420000e+02 5.360748e-01 1.247897e+02
2.424000e+02 5.190736e-01 1.283303e+02
2.428000e+02 5.412113e-01 1.236095e+02
2.432000e+02 5.399191e-01 1.238253e+02
2.436000e+02 5.351044e-01 1.248092e+02
2.440000e+02 5.430131e-01 1.231702e+02
2.444000e+02 5.443473e-01 1.229141e+02
2.448000e+02 5.450713e-01 1.227917e+02
2.452000e+02 5.446942e-01 1.229073e+02
2.456000e+02 5.440164e-01 1.230915e+02
2.460000e+02 5.431895e-01 1.233112e+02
2.464000e+02 5.421051e-01 1.235883e+02
2.468000e+02 5.411275e-01 1.238451e+02
2.472000e+02 5.397658e-01 1.241840e+02
2.476000e+02 5.365641e-01 1.249050e+02
2.480000e+02 5.300231e-01 1.263163e+02
2.484000e+02 5.310641e-01 1.261618e+02
2.488000e+02 5.343431e-01 1.255505e+02
2.492000e+02 5.327960e-01 1.259346e+02
2.496000e+02 5.249112e-01 1.276266e+02
2.500000e+02 4.869612e-01 1.358141e+02
2.504000e+02 5.275608e-01 1.272267e+02
2.508000e+02 5.273429e-01 1.273497e+02
2.512000e+02 5.217623e-01 1.286035e+02
2.516000e+02 5.253081e-01 1.279196e+02
2.520000e+02 5.249139e-01 1.280794e+02
2.524000e+02 5.237809e-01 1.283956e+02
2.528000e+02 5.220593e-01 1.288460e+02
2.532000e+02 5.203992e-01 1.292952e+02
2.536000e+02 5.180244e-01 1.299121e+02
2.540000e+02 5.151556e-01 1.306512e+02
2.544000e+02 5.116070e-01 1.315491e+02
2.548000e+02 5.081382e-01 1.324158e+02
2.552000e+02 5.065822e-01 1.328142e+02
2.556000e+02 5.076634e-01 1.325836e+02
2.560000e+02 5.089149e-01 1.322898e+02
2.564000e+02 5.095975e-01 1.321291e+02
2.568000e+02 5.096036e-01 1.321335e+02
2.572000e+02 5.091800e-01 1.322486e+02
2.576000e+02 5.081657e-01 1.325034e+02
2.580000e+02 5.062124e-01 1.329601e+02
2.584000e+02 5.031471e-01 1.336410e+02
2.588000e+02 4.888440e-01 1.366976e+02
2.592000e+02 5.036664e-01 1.336330e+02
2.596000e+02 5.036536e-01 1.336931e+02
2.600000e+02 5.027997e-01 1.339303e+02
2.604000e+02 5.018165e-01 1.341965e+02
2.608000e+02 5.002484e-01 1.345946e+02
2.612000e+02 4.994244e-01 1.348265e+02
2.616000e+02 4.981035e-01 1.351718e+02
2.620000e+02 4.966363e-01 1.355505e+02
2.624000e+02 4.948956e-01 1.359891e+02
2.628000e+02 4.877410e-01 1.375794e+02
2.632000e+02 4.895600e-01 1.372786e+02
2.636000e+02 4.749820e-01 1.404103e+02
2.640000e+02 4.850125e-01 1.384037e+02
2.644000e+02 4.852557e-01 1.384735e+02
2.648000e+02 4.813018e-01 1.394291e+02
2.652000e+02 4.795041e-01 1.399510e+02
2.656000e+02 4.763989e-01 1.407530e+02
2.660000e+02 4.731374e-01 1.415561e+02
2.664000e+02 4.720352e-01 1.418464e+02
2.668000e+02 4.722729e-01 1.417957e+02
2.672000e+02 4.581707e-01 1.447541e+02
2.676000e+02 4.731231e-01 1.415850e+02
2.680000e+02 4.747429e-01 1.412599e+02
2.684000e+02 4.747430e-01 1.412833e+02
2.688000e+02 4.742595e-01 1.414192e+02
2.692000e+02 4.736301e-01 1.415942e+02
2.696000e+02 4.727594e-01 1.418262e+02
2.700000e+02 4.717621e-01 1.420897e+02
2.704000e+02 4.706449e-01 1.423820e+02
2.708000e+02 4.694255e-01 1.426989e+02
2.712000e+02 4.680965e-01 1.430415e+02
2.716000e+02 4.669136e-01 1.433564e+02
2.720000e+02 4.653154e-01 1.437617e+02
2.724000e+02 4.636160e-01 1.441887e+02
2.728000e+02 4.594753e-01 1.451166e+02
2.732000e+02 4.543703e-01 1.462457e+02
2.736000e+02 4.593727e-01 1.452745e+02
2.740000e+02 4.581958e-01 1.455837e+02
2.744000e+02 4.485092e-01 1.476843e+02
2.748000e+02 4.551098e-01 1.463613e+02
2.752000e+02 4.546146e-01 1.465427e+02
2.756000e+02 4.530607e-01 1.469419e+02
2.760000e+02 4.505781e-01 1.475287e+02
2.764000e+02 4.467264e-01 1.483894e+02
2.768000e+02 4.461064e-01 1.486042e+02
2.772000e+02 4.473537e-01 1.484127e+02
2.776000e+02 4.470549e-01 1.485443e+02
2.780000e+02 4.459803e-01 1.488374e+02
2.784000e+02 4.446584e-01 1.491837e+02
2.788000e+02 4.434063e-01 1.495156e+02
2.792000e+02 4.414440e-01 1.499955e+02
2.796000e+02 4.381873e-01 1.507488e+02
2.800000e+02 4.384694e-01 1.507659e+02
2.804000e+02 4.380139e-01 1.509362e+02
2.808000e+02 4.366210e-01 1.513030e+02
2.812000e+02 4.351053e-01 1.516975e+02
2.816000e+02 4.336527e-01 1.520785e+02
2.820000e+02 4.320669e-01 1.524909e+02
2.824000e+02 4.305129e-01 1.528965e+02
2.828000e+02 4.236867e-01 1.544324e+02
2.832000e+02 4.271741e-01 1.537611e+02
2.836000e+02 4.260020e-01 1.540815e+02
2.840000e+02 4.247412e-01 1.544140e+02
2.844000e+02 4.232209e-01 1.548038e+02
2.848000e+02 4.219046e-01 1.551474e+02
2.852000e+02 4.202050e-01 1.555758e+02
2.856000e+02 4.175928e-01 1.561926e+02
2.860000e+02 4.018105e-01 1.595505e+02
2.864000e+02 4.072396e-01 1.584928e+02
2.868000e+02 4.135698e-01 1.572650e+02
2.872000e+02 4.129252e-01 1.574821e+02
2.876000e+02 4.116097e-01 1.578370e+02
2.880000e+02 4.099821e-01 1.582565e+02
2.884000e+02 4.077135e-01 1.588072e+02
2.888000e+02 3.985398e-01 1.607841e+02
2.892000e+02 4.009605e-01 1.603660e+02
2.896000e+02 4.034097e-01 1.599541e+02
2.900000e+02 4.023415e-01 1.602641e+02
2.904000e+02 4.009910e-01 1.606303e+02
2.908000e+02 3.991571e-01 1.610976e+02
2.912000e+02 3.976203e-01 1.615042e+02
2.916000e+02 3.961400e-01 1.619002e+02
2.920000e+02 3.945642e-01 1.623158e+02
2.924000e+02 3.927093e-01 1.627901e+02
2.928000e+02 3.901056e-01 1.634176e+02
2.932000e+02 3.668019e-01 1.684953e+02
2.936000e+02 3.833402e-01 1.650218e+02
2.940000e+02 3.858325e-01 1.645847e+02
2.944000e+02 3.844185e-01 1.649725e+02
2.948000e+02 3.827640e-01 1.654106e+02
2.952000e+02 3.810188e-01 1.658687e+02
2.956000e+02 3.792353e-01 1.663361e+02
2.960000e+02 3.773640e-01 1.668236e+02
2.964000e+02 3.753773e-01 1.673386e+02
2.968000e+02 3.734831e-01 1.678334e+02
2.972000e+02 3.706380e-01 1.685368e+02
2.976000e+02 3.690047e-01 1.689809e+02
2.980000e+02 3.659137e-01 1.697379e+02
2.984000e+02 3.592427e-01 1.712095e+02
2.988000e+02 3.608951e-01 1.709964e+02
2.992000e+02 3.606515e-01 1.711462e+02
2.996000e+02 3.589588e-01 1.716003e+02
3.000000e+02 3.570111e-01 1.721133e+02
3.004000e+02 3.541382e-01 1.728232e+02
3.008000e+02 3.494702e-01 1.739127e+02
3.012000e+02 3.473874e-01 1.744553e+02
3.016000e+02 3.393608e-01 1.762219e+02
3.020000e+02 3.376358e-01 1.767114e+02
3.024000e+02 3.422935e-01 1.758813e+02
3.028000e+02 3.399210e-01 1.764962e+02
3.032000e+02 3.156537e-01 1.817915e+02
3.036000e+02 3.357634e-01 1.776290e+02
3.040000e+02 3.340238e-01 1.781361e+02
3.044000e+02 3.312331e-01 1.788656e+02
3.048000e+02 3.280412e-01 1.796791e+02
3.052000e+02 3.257420e-01 1.803063e+02
3.056000e+02 3.234725e-01 1.809216e+02
3.060000e+02 3.208782e-01 1.816071e+02
3.064000e+02 3.180766e-01 1.823439e+02
3.068000e+02 3.150707e-01 1.831324e+02
3.072000e+02 3.118778e-01 1.839689e+02
3.076000e+02 3.084750e-01 1.848588e+02
3.080000e+02 3.049133e-01 1.857922e+02
3.084000e+02 3.010565e-01 1.867991e+02
3.088000e+02 2.969227e-01 1.878783e+02
3.092000e+02 2.924974e-01 1.890348e+02
3.096000e+02 2.875741e-01 1.903126e+02
3.100000e+02 2.797422e-01 1.922160e+02
3.104000e+02 2.769964e-01 1.930455e+02
3.108000e+02 2.727910e-01 1.941680e+02
3.112000e+02 2.688265e-01 1.952286e+02
3.116000e+02 2.644302e-01 1.963928e+02
3.120000e+02 2.593852e-01 1.977221e+02
3.124000e+02 2.535482e-01 1.992534e+02
3.128000e+02 2.469059e-01 2.009908e+02
3.132000e+02 2.395546e-01 2.029070e+02
3.136000e+02 2.318926e-01 2.048930e+02
3.140000e+02 2.252995e-01 2.066331e+02
3.144000e+02 2.195280e-01 2.081849e+02
3.148000e+02 2.129035e-01 2.099417e+02
3.152000e+02 2.051646e-01 2.119782e+02
3.156000e+02 1.955866e-01 2.144484e+02
3.160000e+02 1.828989e-01 2.176205e+02
3.164000e+02 1.682740e-01 2.212711e+02
3.168000e+02 1.646135e-01 2.226705e+02
3.172000e+02 1.499318e-01 2.264659e+02
3.176000e+02 1.411659e-01 2.289797e+02
3.180000e+02 1.279711e-01 2.325236e+02
3.184000e+02 1.136248e-01 2.363823e+02
3.188000e+02 9.822638e-02 2.405407e+02
3.192000e+02 8.191210e-02 2.449707e+02
3.196000e+02 6.493577e-02 2.496108e+02
3.200000e+02 3.966845e-02 2.561408e+02
3.204000e+02 3.299005e-02 2.585208e+02
3.208000e+02 2.122051e-02 2.618912e+02
3.212000e+02 1.385470e-02 2.640753e+02
3.216000e+02 9.003689e-03 2.656022e+02
3.220000e+02 4.874139e-03 2.669585e+02
3.224000e+02 2.007897e-03 2.680029e+02
3.228000e+02 5.689570e-04 2.686608e+02
3.232000e+02 9.528387e-05 2.690267e+02
3.236000e+02 7.586337e-06 2.692434e+02
3.240000e+02 2.275732e-07 2.693938e+02
3.244000e+02 2.439476e-09 2.694995e+02
3.248000e+02 2.026691e-11 2.695609e+02
3.252000e+02 2.677013e-12 2.695762e+02
3.256000e+02 8.434422e-11 2.695448e+02
3.260000e+02 1.129709e-08 2.694684e+02
3.264000e+02 7.551027e-07 2.693493e+02
3.268000e+02 1.693410e-05 2.691838e+02
3.272000e+02 1.718670e-04 2.689351e+02
3.276000e+02 8.775777e-04 2.684919e+02
3.280000e+02 2.832365e-03 2.676782e+02
3.284000e+02 6.741363e-03 2.663314e+02
3.288000e+02 1.286797e-02 2.644050e+02
3.292000e+02 2.106767e-02 2.619566e+02
3.296000e+02 3.088718e-02 2.591165e+02
3.300000e+02 4.176817e-02 2.560355e+02
3.304000e+02 5.315693e-02 2.528576e+02
3.308000e+02 6.460047e-02 2.496981e+02
3.312000e+02 7.575454e-02 2.466424e+02
3.316000e+02 8.636071e-02 2.437525e+02
3.320000e+02 9.620286e-02 2.410770e+02
3.324000e+02 1.046529e-01 2.387446e+02
3.328000e+02 1.072115e-01 2.376999e+02
3.332000e+02 1.209252e-01 2.343867e+02
3.336000e+02 1.283505e-01 2.324382e+02
3.340000e+02 1.344440e-01 2.308162e+02
3.344000e+02 1.396521e-01 2.294274e+02
3.348000e+02 1.439230e-01 2.282778e+02
3.352000e+02 1.461577e-01 2.275835e+02
3.356000e+02 1.513626e-01 2.262772e+02
3.360000e+02 1.555904e-01 2.251798e+02
3.364000e+02 1.594509e-01 2.241692e+02
3.368000e+02 1.628614e-01 2.232720e+02
3.372000e+02 1.657636e-01 2.225054e+02
3.376000e+02 1.681519e-01 2.218717e+02
3.380000e+02 1.702646e-01 2.213181e+02
3.384000e+02 1.719035e-01 2.208847e+02
3.388000e+02 1.731716e-01 2.205469e+02
3.392000e+02 1.742966e-01 2.202547e+02
3.396000e+02 1.750876e-01 2.200465e+02
3.400000e+02 1.756488e-01 2.198991e+02
3.404000e+02 1.760034e-01 2.198065e+02
3.408000e+02 1.761559e-01 2.197667e+02
3.412000e+02 1.761501e-01 2.197697e+02
3.416000e+02 1.759652e-01 2.198191e+02
3.420000e+02 1.756010e-01 2.199143e+02
3.424000e+02 1.750943e-01 2.200471e+02
3.428000e+02 1.743000e-01 2.202464e+02
3.432000e+02 1.668297e-01 2.218782e+02
3.436000e+02 1.721129e-01 2.207917e+02
3.440000e+02 1.718670e-01 2.208994e+02
3.444000e+02 1.707969e-01 2.211843e+02
3.448000e+02 1.693373e-01 2.215543e+02
3.452000e+02 1.680096e-01 2.219019e+02
3.456000e+02 1.668599e-01 2.222175e+02
3.460000e+02 1.655597e-01 2.225681e+02
3.464000e+02 1.642724e-01 2.229220e+02
3.468000e+02 1.627633e-01 2.233259e+02
3.472000e+02 1.611051e-01 2.237662e+02
3.476000e+02 1.594320e-01 2.242132e+02
3.480000e+02 1.576144e-01 2.246958e+02
3.484000e+02 1.557435e-01 2.251937e+02
3.488000e+02 1.537663e-01 2.257184e+02
3.492000e+02 1.517187e-01 2.262618e+02
3.496000e+02 1.494677e-01 2.268521e+02
3.500000e+02 1.473189e-01 2.274258e+02
3.504000e+02 1.450068e-01 2.280384e+02
3.508000e+02 1.424761e-01 2.287011e+02
3.512000e+02 1.395959e-01 2.294393e+02
3.516000e+02 1.354253e-01 2.304379e+02
3.520000e+02 1.332860e-01 2.310315e+02
3.524000e+02 1.242668e-01 2.330572e+02
3.528000e+02 1.159712e-01 2.350395e+02
3.532000e+02 1.271490e-01 2.327656e+02
3.536000e+02 1.249825e-01 2.333773e+02
3.540000e+02 1.223514e-01 2.340889e+02
3.544000e+02 1.194873e-01 2.348529e+02
3.548000e+02 1.159006e-01 2.357693e+02
3.552000e+02 1.126879e-01 2.366155e+02
3.556000e+02 1.106417e-01 2.372267e+02
3.560000e+02 1.075983e-01 2.380466e+02
3.564000e+02 1.042482e-01 2.389364e+02
3.568000e+02 1.013533e-01 2.397303e+02
3.572000e+02 9.788413e-02 2.406493e+02
3.576000e+02 8.657486e-02 2.432407e+02
3.580000e+02 9.041949e-02 2.426095e+02
3.584000e+02 8.686427e-02 2.435598e+02
3.588000e+02 7.315458e-02 2.466440e+02
3.592000e+02 8.021336e-02 2.453795e+02
3.596000e+02 7.347780e-02 2.470205e+02
3.600000e+02 7.399291e-02 2.471312e+02
3.604000e+02 7.072657e-02 2.480441e+02
3.608000e+02 6.718359e-02 2.490177e+02
3.612000e+02 6.354997e-02 2.500137e+02
3.616000e+02 5.918420e-02 2.511661e+02
3.620000e+02 5.624359e-02 2.520242e+02
3.624000e+02 5.264559e-02 2.530230e+02
3.628000e+02 4.898665e-02 2.540369e+02
3.632000e+02 4.521783e-02 2.550755e+02
3.636000e+02 4.119466e-02 2.561694e+02
3.640000e+02 3.792065e-02 2.571076e+02
3.644000e+02 2.908143e-02 2.592225e+02
3.648000e+02 3.093299e-02 2.590796e+02
3.652000e+02 2.785998e-02 2.599801e+02
3.656000e+02 2.460667e-02 2.609162e+02
3.660000e+02 2.137637e-02 2.618465e+02
3.664000e+02 1.815486e-02 2.627743e+02
3.668000e+02 1.332821e-02 2.640465e+02
3.672000e+02 1.183204e-02 2.646089e+02
3.676000e+02 8.444010e-03 2.655804e+02
3.680000e+02 4.624165e-03 2.666420e+02
3.684000e+02 7.802731e-04 2.676609e+02
3.688000e+02 1.873140e-03 2.675895e+02
3.692000e+02 2.968545e-03 2.674806e+02
3.696000e+02 2.868099e-03 2.676327e+02
3.700000e+02 2.327938e-03 2.678855e+02
3.704000e+02 1.722516e-03 2.681504e+02
3.708000e+02 1.180033e-03 2.683949e+02
3.712000e+02 7.600455e-04 2.686046e+02
3.716000e+02 4.636136e-04 2.687784e+02
3.720000e+02 2.586660e-04 2.689235e+02
3.724000e+02 1.315144e-04 2.690436e+02
3.728000e+02 5.986005e-05 2.691444e+02
3.732000e+02 2.383508e-05 2.692313e+02
3.736000e+02 8.059903e-06 2.693087e+02
3.740000e+02 2.221674e-06 2.693795e+02
3.744000e+02 4.735259e-07 2.694456e+02
3.748000e+02 7.256857e-08 2.695080e+02
3.752000e+02 6.217071e-09 2.695671e+02
3.756000e+02 4.251821e-10 2.696227e+02
3.760000e+02 1.173583e-11 2.696749e+02
3.764000e+02 1.199554e-13 2.697232e+02
3.768000e+02 3.047777e-16 2.697676e+02
3.772000e+02 1.153282e-19 2.698076e+02
3.776000e+02 2.707614e-24 2.698432e+02
3.780000e+02 1.178223e-30 2.698739e+02
3.784000e+02 1.669024e-39 2.698998e+02
3.788000e+02 9.204870e-52 2.699205e+02
3.792000e+02 2.933629e-68 2.699360e+02
3.796000e+02 2.517471e-88 2.699462e+02
3.800000e+02 5.020155e-106 2.699510e+02
3.804000e+02 2.299526e-104 2.699505e+02
3.808000e+02 2.582762e-85 2.699446e+02
3.812000e+02 1.516125e-65 2.699336e+02
3.816000e+02 8.594202e-50 2.699174e+02
3.820000e+02 3.247104e-38 2.698962e+02
3.824000e+02 6.868692e-30 2.698703e+02
3.828000e+02 6.952525e-24 2.698400e+02
3.832000e+02 1.714459e-19 2.698053e+02
3.836000e+02 3.187400e-16 2.697668e+02
3.840000e+02 9.595567e-14 2.697246e+02
3.844000e+02 7.840224e-12 2.696792e+02
3.848000e+02 2.473054e-10 2.696310e+02
3.852000e+02 3.853270e-09 2.695802e+02
3.856000e+02 3.540244e-08 2.695271e+02
3.860000e+02 2.203254e-07 2.694718e+02
3.864000e+02 1.013182e-06 2.694141e+02
3.868000e+02 3.617178e-06 2.693539e+02
3.872000e+02 1.020414e-05 2.692908e+02
3.876000e+02 2.610078e-05 2.692236e+02
3.880000e+02 5.640254e-05 2.691513e+02
3.884000e+02 1.079686e-04 2.690729e+02
3.888000e+02 1.862342e-04 2.689877e+02
3.892000e+02 2.925157e-04 2.688967e+02
3.896000e+02 4.217142e-04 2.688019e+02
3.900000e+02 5.671647e-04 2.687035e+02
3.904000e+02 7.440041e-04 2.685927e+02
3.908000e+02 1.034835e-03 2.684445e+02
3.912000e+02 1.513263e-03 2.682400e+02
3.916000e+02 2.152711e-03 2.679877e+02
3.920000e+02 2.919757e-03 2.677002e+02
3.924000e+02 3.758676e-03 2.673932e+02
3.928000e+02 4.636692e-03 2.670763e+02
3.932000e+02 5.803195e-03 2.666995e+02
3.936000e+02 6.928112e-03 2.663313e+02
3.940000e+02 8.097066e-03 2.659546e+02
3.944000e+02 9.309103e-03 2.655701e+02
3.948000e+02 1.054403e-02 2.651824e+02
3.952000e+02 1.178739e-02 2.647950e+02
3.956000e+02 1.310919e-02 2.643939e+02
3.960000e+02 1.439341e-02 2.640031e+02
3.964000e+02 1.548970e-02 2.636541e+02
3.968000e+02 1.688114e-02 2.632476e+02
3.972000e+02 1.818769e-02 2.628625e+02
3.976000e+02 1.951692e-02 2.624764e+02
3.980000e+02 2.075352e-02 2.621135e+02
3.984000e+02 2.195249e-02 2.617624e+02
3.988000e+02 2.310672e-02 2.614250e+02
3.992000e+02 2.418556e-02 2.611076e+02
3.996000e+02 2.521049e-02 2.608056e+02
4.000000e+02 2.518988e-02 2.607257e+02
0.5 1 0
1.000000e+01 9.963479e-01 3.584221e+00
1.040000e+01 9.962978e-01 3.596406e+00
1.080000e+01 9.962539e-01 3.607344e+00
1.120000e+01 9.961958e-01 3.621342e+00
1.160000e+01 9.961576e-01 3.631212e+00
1.200000e+01 9.961042e-01 3.644411e+00
1.240000e+01 9.960471e-01 3.658502e+00
1.280000e+01 9.959866e-01 3.673416e+00
1.320000e+01 9.959226e-01 3.689192e+00
1.360000e+01 9.958551e-01 3.705869e+00
1.400000e+01 9.957837e-01 3.723487e+00
1.440000e+01 9.957075e-01 3.742294e+00
1.480000e+01 9.956025e-01 3.767504e+00
1.520000e+01 9.955413e-01 3.783401e+00
1.560000e+01 9.954520e-01 3.805626e+00
1.600000e+01 9.953497e-01 3.830887e+00
1.640000e+01 9.952471e-01 3.856532e+00
1.680000e+01 9.951350e-01 3.884590e+00
1.720000e+01 9.950096e-01 3.915990e+00
1.760000e+01 9.948691e-01 3.951226e+00
1.800000e+01 9.947099e-01 3.991272e+00
1.840000e+01 9.945260e-01 4.037669e+00
1.880000e+01 9.943083e-01 4.092759e+00
1.920000e+01 9.940434e-01 4.160041e+00
1.960000e+01 9.937105e-01 4.244829e+00
2.000000e+01 9.932769e-01 4.355486e+00
2.040000e+01 9.926938e-01 4.504494e+00
2.080000e+01 9.918910e-01 4.709563e+00
2.120000e+01 9.907830e-01 4.991390e+00
2.160000e+01 9.893469e-01 5.352797e+00
2.200000e+01 9.878616e-01 5.718325e+00
2.240000e+01 9.873814e-01 5.836610e+00
2.280000e+01 9.882238e-01 5.634514e+00
2.320000e+01 9.892758e-01 5.370686e+00
2.360000e+01 9.901159e-01 5.155196e+00
2.400000e+01 9.906843e-01 5.006829e+00
2.440000e+01 9.910883e-01 4.902126e+00
2.480000e+01 9.913055e-01 4.843782e+00
2.520000e+01 9.914043e-01 4.815413e+00
2.560000e+01 9.913711e-01 4.818900e+00
2.600000e+01 9.914120e-01 4.808582e+00
2.640000e+01 9.913442e-01 4.823564e+00
2.680000e+01 9.912386e-01 4.848031e+00
2.720000e+01 9.911054e-01 4.879517e+00
2.760000e+01 9.909469e-01 4.917308e+00
2.800000e+01 9.907700e-01 4.959794e+00
2.840000e+01 9.905749e-01 5.006860e+00
2.880000e+01 9.903396e-01 5.063133e+00
2.920000e+01 9.901198e-01 5.116716e+00
2.960000e+01 9.898758e-01 5.175992e+00
3.000000e+01 9.893812e-01 5.290002e+00
3.040000e+01 9.892937e-01 5.316113e+00
3.080000e+01 9.890529e-01 5.376379e+00
3.120000e+01 9.887577e-01 5.448692e+00
3.160000e+01 9.884374e-01 5.526835e+00
3.200000e+01 9.880979e-01 5.609628e+00
3.240000e+01 9.877408e-01 5.696677e+00
3.280000e+01 9.873639e-01 5.788554e+00
3.320000e+01 9.869686e-01 5.884920e+00
3.360000e+01 9.865514e-01 5.986554e+00
3.400000e+01 9.861133e-01 6.093324e+00
3.440000e+01 9.856514e-01 6.205806e+00
3.480000e+01 9.851640e-01 6.324465e+00
3.520000e+01 9.846506e-01 6.449423e+00
3.560000e+01 9.841044e-01 6.582130e+00
3.600000e+01 9.832375e-01 6.786497e+00
3.640000e+01 9.829314e-01 6.867408e+00
3.680000e+01 9.823031e-01 7.020391e+00
3.720000e+01 9.816279e-01 7.184371e+00
3.760000e+01 9.808752e-01 7.365845e+00
3.800000e+01 9.800896e-01 7.555632e+00
3.840000e+01 9.793666e-01 7.733534e+00
3.880000e+01 9.785274e-01 7.937447e+00
3.920000e+01 9.776234e-01 8.156643e+00
3.960000e+01 9.766690e-01 8.388149e+00
4.000000e+01 9.756558e-01 8.633942e+00
4.040000e+01 9.745690e-01 8.897315e+00
4.080000e+01 9.734071e-01 9.178758e+00
4.120000e+01 9.721651e-01 9.479493e+00
4.160000e+01 9.708330e-01 9.801887e+00
4.200000e+01 9.694011e-01 1.014824e+01
4.240000e+01 9.678548e-01 1.052190e+01
4.280000e+01 9.659591e-01 1.097473e+01
4.320000e+01 9.643925e-01 1.135823e+01
4.360000e+01 9.621848e-01 1.188453e+01
4.400000e+01 9.603771e-01 1.232841e+01
4.440000e+01 9.581300e-01 1.287184e+01
4.480000e+01 9.555974e-01 1.348174e+01
4.520000e+01 9.529619e-01 1.411965e+01
4.560000e+01 9.500136e-01 1.483146e+01
4.600000e+01 9.467695e-01 1.561439e+01
4.640000e+01 9.431952e-01 1.647691e+01
4.680000e+01 9.392406e-01 1.743116e+01
4.720000e+01 9.348499e-01 1.849066e+01
4.760000e+01 9.299520e-01 1.967265e+01
4.800000e+01 9.244613e-01 2.099795e+01
4.840000e+01 9.182692e-01 2.249296e+01
4.880000e+01 9.112388e-01 2.419112e+01
4.920000e+01 9.031946e-01 2.613537e+01
4.960000e+01 8.938862e-01 2.838678e+01
5.000000e+01 8.828165e-01 3.106299e+01
5.040000e+01 8.699303e-01 3.419189e+01
5.080000e+01 8.540299e-01 3.805995e+01
5.120000e+01 8.338733e-01 4.297472e+01
5.160000e+01 8.070625e-01 4.951927e+01
5.200000e+01 7.666500e-01 5.929617e+01
5.240000e+01 7.199038e-01 7.087215e+01
5.280000e+01 6.521617e-01 8.760782e+01
5.320000e+01 5.540444e-01 1.117085e+02
5.360000e+01 3.299340e-01 1.647842e+02
5.400000e+01 2.877992e-01 1.780875e+02
5.440000e+01 1.726786e-01 2.088256e+02
5.480000e+01 6.566512e-02 2.378510e+02
5.520000e+01 5.756658e-03 2.559956e+02
5.560000e+01 3.412233e-03 2.604335e+02
5.600000e+01 2.568190e-04 2.635933e+02
5.640000e+01 5.883129e-07 2.650572e+02
5.680000e+01 3.699360e-06 2.658450e+02
5.720000e+01 1.194447e-06 2.663866e+02
5.760000e+01 1.862094e-12 2.668168e+02
5.800000e+01 1.577911e-08 2.671327e+02
5.840000e+01 6.685809e-15 2.673837e+02
5.880000e+01 1.148148e-09 2.674238e+02
5.920000e+01 1.559206e-14 2.674891e+02
5.960000e+01 3.886636e-17 2.675597e+02
6.000000e+01 5.648742e-11 2.676920e+02
6.040000e+01 8.408320e-19 2.678036e+02
6.080000e+01 1.356977e-10 2.677396e+02
6.120000e+01 1.138692e-13 2.676776e+02
6.160000e+01 5.483335e-10 2.675962e+02
6.200000e+01 9.144488e-10 2.675059e+02
6.240000e+01 1.139935e-15 2.673227e+02
6.280000e+01 7.300782e-08 2.668043e+02
6.320000e+01 1.336382e-05 2.658312e+02
6.360000e+01 2.725115e-05 2.643381e+02
6.400000e+01 2.411218e-03 2.614667e+02
6.440000e+01 1.923250e-02 2.541685e+02
6.480000e+01 5.365625e-02 2.417888e+02
6.520000e+01 9.861129e-02 2.261558e+02
6.560000e+01 2.680713e-01 1.840639e+02
6.600000e+01 3.996113e-01 1.506746e+02
6.640000e+01 5.057807e-01 1.236784e+02
6.680000e+01 5.974889e-01 1.008172e+02
6.720000e+01 6.791879e-01 8.099338e+01
6.760000e+01 7.316513e-01 6.807439e+01
6.800000e+01 7.694686e-01 5.877088e+01
6.840000e+01 7.978593e-01 5.181120e+01
6.880000e+01 8.206885e-01 4.625804e+01
6.920000e+01 8.382936e-01 4.197439e+01
6.960000e+01 8.526950e-01 3.848004e+01
7.000000e+01 8.648316e-01 3.554205e+01
7.040000e+01 8.752611e-01 3.302202e+01
7.080000e+01 8.843110e-01 3.083825e+01
7.120000e+01 8.922483e-01 2.892512e+01
7.160000e+01 8.992617e-01 2.723630e+01
7.200000e+01 9.055185e-01 2.573120e+01
7.240000e+01 9.111017e-01 2.438882e+01
7.280000e+01 9.161310e-01 2.318069e+01
7.320000e+01 9.206698e-01 2.209103e+01
7.360000e+01 9.247729e-01 2.110633e+01
7.400000e+01 9.284984e-01 2.021262e+01
7.440000e+01 9.318971e-01 1.939778e+01
7.480000e+01 9.349735e-01 1.865967e+01
7.520000e+01 9.377223e-01 1.799769e+01
7.560000e+01 9.403475e-01 1.736936e+01
7.600000e+01 9.427666e-01 1.679062e+01
7.640000e+01 9.419971e-01 1.692722e+01
7.680000e+01 9.469356e-01 1.578935e+01
7.720000e+01 9.490765e-01 1.528449e+01
7.760000e+01 9.476328e-01 1.560105e+01
7.800000e+01 9.525650e-01 1.445378e+01
7.840000e+01 9.541430e-01 1.407896e+01
7.880000e+01 9.555637e-01 1.374072e+01
7.920000e+01 9.568850e-01 1.342669e+01
7.960000e+01 9.581117e-01 1.313564e+01
8.000000e+01 9.592315e-01 1.286977e+01
8.040000e+01 9.602797e-01 1.262052e+01
8.080000e+01 9.612819e-01 1.238177e+01
8.120000e+01 9.623356e-01 1.213186e+01
8.160000e+01 9.633215e-01 1.189753e+01
8.200000e+01 9.642307e-01 1.168123e+01
8.240000e+01 9.650752e-01 1.148053e+01
8.280000e+01 9.658609e-01 1.129402e+01
8.320000e+01 9.665909e-01 1.112097e+01
8.360000e+01 9.672799e-01 1.095791e+01
8.400000e+01 9.679252e-01 1.080541e+01
8.440000e+01 9.685308e-01 1.066253e+01
8.480000e+01 9.690974e-01 1.052902e+01
8.520000e+01 9.696295e-01 1.040385e+01
8.560000e+01 9.701337e-01 1.028553e+01
8.600000e+01 9.706049e-01 1.017515e+01
8.640000e+01 9.710453e-01 1.007219e+01
8.680000e+01 9.714535e-01 9.976946e+00
8.720000e+01 9.718431e-01 9.886472e+00
8.760000e+01 9.722019e-01 9.803286e+00
8.800000e+01 9.725410e-01 9.724738e+00
8.840000e+01 9.728723e-01 9.648030e+00
8.880000e+01 9.731871e-01 9.575280e+00
8.920000e+01 9.734792e-01 9.507978e+00
8.960000e+01 9.737496e-01 9.445963e+00
9.000000e+01 9.739773e-01 9.394222e+00
9.040000e+01 9.742210e-01 9.338627e+00
9.080000e+01 9.744023e-01 9.297826e+00
9.120000e+01 9.746269e-01 9.247390e+00
9.160000e+01 9.748082e-01 9.207125e+00
9.200000e+01 9.749643e-01 9.172794e+00
9.240000e+01 9.750988e-01 9.143531e+00
9.280000e+01 9.752115e-01 9.119374e+00
9.320000e+01 9.752654e-01 9.108191e+00
9.360000e+01 9.750355e-01 9.157622e+00
9.400000e+01 9.726914e-01 9.674917e+00
9.440000e+01 9.754097e-01 9.081129e+00
9.480000e+01 9.755701e-01 9.049360e+00
9.520000e+01 9.756134e-01 9.042742e+00
9.560000e+01 9.754797e-01 9.074387e+00
9.600000e+01 9.748336e-01 9.215728e+00
9.640000e+01 9.745104e-01 9.289374e+00
9.680000e+01 9.755246e-01 9.076689e+00
9.720000e+01 9.756134e-01 9.062858e+00
9.760000e+01 9.755912e-01 9.073098e+00
9.800000e+01 9.755055e-01 9.097670e+00
9.840000e+01 9.754466e-01 9.116694e+00
9.880000e+01 9.753251e-01 9.149989e+00
9.920000e+01 9.749905e-01 9.231003e+00
9.960000e+01 9.749637e-01 9.244140e+00
1.000000e+02 9.746823e-01 9.313514e+00
1.004000e+02 9.740889e-01 9.448462e+00
1.008000e+02 9.739629e-01 9.486636e+00
1.012000e+02 9.737651e-01 9.539156e+00
1.016000e+02 9.708737e-01 1.017058e+01
1.020000e+02 9.723848e-01 9.855460e+00
1.024000e+02 9.731779e-01 9.700007e+00
1.028000e+02 9.730006e-01 9.752057e+00
1.032000e+02 9.726156e-01 9.849446e+00
1.036000e+02 9.719347e-01 1.001121e+01
1.040000e+02 9.709124e-01 1.024778e+01
1.044000e+02 9.712606e-01 1.019077e+01
1.048000e+02 9.708013e-01 1.030895e+01
1.052000e+02 9.701918e-01 1.046108e+01
1.056000e+02 9.695450e-01 1.062239e+01
1.060000e+02 9.688019e-01 1.080646e+01
1.064000e+02 9.679774e-01 1.101001e+01
1.068000e+02 9.670616e-01 1.123543e+01
1.072000e+02 9.660352e-01 1.148726e+01
1.076000e+02 9.649056e-01 1.176385e+01
1.080000e+02 9.635949e-01 1.208304e+01
1.084000e+02 9.622055e-01 1.242211e+01
1.088000e+02 9.605776e-01 1.281683e+01
1.092000e+02 9.586167e-01 1.328730e+01
1.096000e+02 9.535138e-01 1.445144e+01
1.100000e+02 9.541692e-01 1.435973e+01
1.104000e+02 9.510814e-01 1.509003e+01
1.108000e+02 9.321426e-01 1.929586e+01
1.112000e+02 9.443255e-01 1.670821e+01
1.116000e+02 9.410480e-01 1.752001e+01
1.120000e+02 9.364353e-01 1.863106e+01
1.124000e+02 9.308318e-01 1.997432e+01
1.128000e+02 9.239368e-01 2.162082e+01
1.132000e+02 9.159177e-01 2.353913e+01
1.136000e+02 9.059197e-01 2.592486e+01
1.140000e+02 8.934398e-01 2.889919e+01
1.144000e+02 8.778606e-01 3.261076e+01
1.148000e+02 8.575187e-01 3.744557e+01
1.152000e+02 8.315714e-01 4.362899e+01
1.156000e+02 7.972361e-01 5.182295e+01
1.160000e+02 7.501212e-01 6.306937e+01
1.164000e+02 6.844963e-01 7.876804e+01
1.168000e+02 5.916141e-01 1.010775e+02
1.172000e+02 4.604605e-01 1.328209e+02
1.176000e+02 2.860269e-01 1.757217e+02
1.180000e+02 1.013629e-01 2.230502e+02
1.184000e+02 6.196352e-03 2.514202e+02
1.188000e+02 1.520613e-06 2.555376e+02
1.192000e+02 1.762468e-02 2.471463e+02
1.196000e+02 1.467251e-01 2.110384e+02
1.200000e+02 3.390738e-01 1.625514e+02
1.204000e+02 5.049093e-01 1.220403e+02
1.208000e+02 6.258265e-01 9.288371e+01
1.212000e+02 7.107237e-01 7.254594e+01
1.216000e+02 7.706178e-01 5.824978e+01
1.220000e+02 8.136883e-01 4.799157e+01
1.224000e+02 8.453320e-01 4.046438e+01
1.228000e+02 8.690453e-01 3.482627e+01
1.232000e+02 8.866927e-01 3.061940e+01
1.236000e+02 9.006963e-01 2.728302e+01
1.240000e+02 9.026169e-01 2.659889e+01
1.244000e+02 9.201338e-01 2.263879e+01
1.248000e+02 9.286122e-01 2.065637e+01
1.252000e+02 9.324615e-01 1.967983e+01
1.256000e+02 9.367341e-01 1.864722e+01
1.260000e+02 9.443757e-01 1.691558e+01
1.264000e+02 9.482959e-01 1.599451e+01
1.268000e+02 9.519940e-01 1.512457e+01
1.272000e+02 9.548091e-01 1.445690e+01
1.276000e+02 9.571643e-01 1.389644e+01
1.280000e+02 9.588045e-01 1.349651e+01
1.284000e+02 9.595887e-01 1.328931e+01
1.288000e+02 9.626456e-01 1.259494e+01
1.292000e+02 9.641519e-01 1.224048e+01
1.296000e+02 9.654215e-01 1.194049e+01
1.300000e+02 9.665427e-01 1.167571e+01
1.304000e+02 9.675309e-01 1.144247e+01
1.308000e+02 9.683344e-01 1.125168e+01
1.312000e+02 9.691752e-01 1.105496e+01
1.316000e+02 9.699192e-01 1.088121e+01
1.320000e+02 9.705389e-01 1.073621e+01
1.324000e+02 9.702414e-01 1.080174e+01
1.328000e+02 9.716514e-01 1.047772e+01
1.332000e+02 9.721187e-01 1.036988e+01
1.336000e+02 9.725666e-01 1.026730e+01
1.340000e+02 9.728781e-01 1.019679e+01
1.344000e+02 9.732903e-01 1.010268e+01
1.348000e+02 9.736130e-01 1.003017e+01
1.352000e+02 9.738939e-01 9.967573e+00
1.356000e+02 9.741366e-01 9.914051e+00
1.360000e+02 9.743212e-01 9.873923e+00
1.364000e+02 9.743290e-01 9.873639e+00
1.368000e+02 9.720383e-01 1.038332e+01
1.372000e+02 9.746479e-01 9.807334e+00
1.376000e+02 9.749658e-01 9.741981e+00
1.380000e+02 9.750936e-01 9.718250e+00
1.384000e+02 9.751932e-01 9.700443e+00
1.388000e+02 9.751924e-01 9.705357e+00
1.392000e+02 9.754290e-01 9.654694e+00
1.396000e+02 9.755317e-01 9.635032e+00
1.400000e+02 9.753941e-01 9.671414e+00
1.404000e+02 9.756467e-01 9.617103e+00
1.408000e+02 9.753026e-01 9.699519e+00
1.412000e+02 9.755014e-01 9.658817e+00
1.416000e+02 9.749526e-01 9.783003e+00
1.420000e+02 9.696853e-01 1.092931e+01
1.424000e+02 9.715486e-01 1.053214e+01
1.428000e+02 9.749854e-01 9.800393e+00
1.432000e+02 9.753767e-01 9.726042e+00
1.436000e+02 9.754266e-01 9.724062e+00
1.440000e+02 9.754177e-01 9.732333e+00
1.444000e+02 9.753006e-01 9.761094e+00
1.448000e+02 9.719210e-01 1.050596e+01
1.452000e+02 9.747524e-01 9.887486e+00
1.456000e+02 9.756129e-01 9.706919e+00
1.460000e+02 9.757252e-01 9.689089e+00
1.464000e+02 9.757925e-01 9.681106e+00
1.468000e+02 9.757872e-01 9.689606e+00
1.472000e+02 9.757514e-01 9.705245e+00
1.476000e+02 9.756774e-01 9.729743e+00
1.480000e+02 9.755506e-01 9.765966e+00
1.484000e+02 9.751598e-01 9.859655e+00
1.488000e+02 9.708367e-01 1.083362e+01
1.492000e+02 9.750835e-01 9.896889e+00
1.496000e+02 9.750710e-01 9.911475e+00
1.500000e+02 9.747841e-01 9.986339e+00
1.504000e+02 9.742291e-01 1.011699e+01
1.508000e+02 9.730198e-01 1.038830e+01
1.512000e+02 9.742325e-01 1.013826e+01
1.516000e+02 9.745205e-01 1.008479e+01
1.520000e+02 9.745705e-01 1.008254e+01
1.524000e+02 9.746295e-01 1.007630e+01
1.528000e+02 9.745729e-01 1.009722e+01
1.532000e+02 9.744258e-01 1.013868e+01
1.536000e+02 9.738704e-01 1.026946e+01
1.540000e+02 9.666560e-01 1.189012e+01
1.544000e+02 9.737508e-01 1.031624e+01
1.548000e+02 9.740347e-01 1.026643e+01
1.552000e+02 9.739943e-01 1.028690e+01
1.556000e+02 9.738812e-01 1.032339e+01
1.560000e+02 9.735132e-01 1.041655e+01
1.564000e+02 9.735674e-01 1.041647e+01
1.568000e+02 9.734830e-01 1.044752e+01
1.572000e+02 9.733100e-01 1.049835e+01
1.576000e+02 9.731854e-01 1.053868e+01
1.580000e+02 9.730211e-01 1.058816e+01
1.584000e+02 9.728219e-01 1.064565e+01
1.588000e+02 9.726490e-01 1.069766e+01
1.592000e+02 9.724427e-01 1.075747e+01
1.596000e+02 9.722529e-01 1.081385e+01
1.600000e+02 9.720426e-01 1.087518e+01
1.604000e+02 9.718266e-01 1.093824e+01
1.608000e+02 9.716139e-01 1.100065e+01
1.612000e+02 9.713652e-01 1.107156e+01
1.616000e+02 9.711241e-01 1.114127e+01
1.620000e+02 9.708577e-01 1.121709e+01
1.624000e+02 9.705722e-01 1.129764e+01
1.628000e+02 9.702676e-01 1.138295e+01
1.632000e+02 9.698842e-01 1.148643e+01
1.636000e+02 9.695509e-01 1.157902e+01
1.640000e+02 9.690896e-01 1.170035e+01
1.644000e+02 9.683546e-01 1.188080e+01
1.648000e+02 9.646229e-01 1.271368e+01
1.652000e+02 9.654463e-01 1.255286e+01
1.656000e+02 9.603588e-01 1.367007e+01
1.660000e+02 9.615556e-01 1.343842e+01
1.664000e+02 9.658567e-01 1.254616e+01
1.668000e+02 9.660196e-01 1.254121e+01
1.672000e+02 9.655725e-01 1.266768e+01
1.676000e+02 9.610116e-01 1.371893e+01
1.680000e+02 9.646554e-01 1.293115e+01
1.684000e+02 9.641875e-01 1.306822e+01
1.688000e+02 9.635059e-01 1.325336e+01
1.692000e+02 9.628315e-01 1.343906e+01
1.696000e+02 9.620872e-01 1.364250e+01
1.700000e+02 9.611478e-01 1.389223e+01
1.704000e+02 9.603709e-01 1.410742e+01
1.708000e+02 9.593869e-01 1.437233e+01
1.712000e+02 9.582109e-01 1.468297e+01
1.716000e+02 9.570341e-01 1.499827e+01
1.720000e+02 9.558042e-01 1.533021e+01
1.724000e+02 9.543514e-01 1.571629e+01
1.728000e+02 9.526860e-01 1.615516e+01
1.732000e+02 9.506920e-01 1.667159e+01
1.736000e+02 9.480043e-01 1.734775e+01
1.740000e+02 9.465478e-01 1.777029e+01
1.744000e+02 9.439541e-01 1.844992e+01
1.748000e+02 9.407538e-01 1.927374e+01
1.752000e+02 9.304644e-01 2.169016e+01
1.756000e+02 9.312688e-01 2.162643e+01
1.760000e+02 9.277833e-01 2.256966e+01
1.764000e+02 9.241205e-01 2.359538e+01
1.768000e+02 9.190519e-01 2.494202e+01
1.772000e+02 9.125123e-01 2.664868e+01
1.776000e+02 9.045396e-01 2.871786e+01
1.780000e+02 8.948676e-01 3.122063e+01
1.784000e+02 8.830715e-01 3.426615e+01
1.788000e+02 8.686101e-01 3.799508e+01
1.792000e+02 8.507017e-01 4.260759e+01
1.796000e+02 8.282247e-01 4.838807e+01
1.800000e+02 7.985633e-01 5.597687e+01
1.804000e+02 7.635295e-01 6.500078e+01
1.808000e+02 7.171083e-01 7.690593e+01
1.812000e+02 6.579269e-01 9.206858e+01
1.816000e+02 5.839891e-01 1.109874e+02
1.820000e+02 4.958426e-01 1.334877e+02
1.824000e+02 4.001059e-01 1.577980e+02
1.828000e+02 3.124135e-01 1.797655e+02
1.832000e+02 2.566062e-01 1.931898e+02
1.836000e+02 2.806835e-01 1.874574e+02
1.840000e+02 3.562753e-01 1.687461e+02
1.844000e+02 4.263150e-01 1.502584e+02
1.848000e+02 5.361659e-01 1.229909e+02
1.852000e+02 6.190587e-01 1.020079e+02
1.856000e+02 6.827239e-01 8.571321e+01
1.860000e+02 7.344013e-01 7.252306e+01
1.864000e+02 7.743330e-01 6.229920e+01
1.868000e+02 8.057093e-01 5.426107e+01
1.872000e+02 8.302592e-01 4.795868e+01
1.876000e+02 8.502593e-01 4.283661e+01
1.880000e+02 8.661922e-01 3.874664e+01
1.884000e+02 8.792545e-01 3.539595e+01
1.888000e+02 8.899257e-01 3.265376e+01
1.892000e+02 8.988046e-01 3.037175e+01
1.896000e+02 9.062415e-01 2.845935e+01
1.900000e+02 9.125097e-01 2.684641e+01
1.904000e+02 9.177987e-01 2.548301e+01
1.908000e+02 9.223675e-01 2.430677e+01
1.912000e+02 9.263024e-01 2.329361e+01
1.916000e+02 9.296684e-01 2.242514e+01
1.920000e+02 9.325729e-01 2.167504e+01
1.924000e+02 9.350650e-01 2.103007e+01
1.928000e+02 9.371131e-01 2.049397e+01
1.932000e+02 9.373504e-01 2.035580e+01
1.936000e+02 9.399645e-01 1.972258e+01
1.940000e+02 9.420764e-01 1.920610e+01
1.944000e+02 9.434478e-01 1.884932e+01
1.948000e+02 9.441050e-01 1.864857e+01
1.952000e+02 9.401556e-01 1.942602e+01
1.956000e+02 9.351114e-01 2.045577e+01
1.960000e+02 9.463422e-01 1.802877e+01
1.964000e+02 9.487478e-01 1.748425e+01
1.968000e+02 9.499395e-01 1.719817e+01
1.972000e+02 9.507634e-01 1.699454e+01
1.976000e+02 9.513105e-01 1.685453e+01
1.980000e+02 9.517536e-01 1.674286e+01
1.984000e+02 9.524547e-01 1.657087e+01
1.988000e+02 9.527784e-01 1.648746e+01
1.992000e+02 9.519224e-01 1.666869e+01
1.996000e+02 9.528286e-01 1.645890e+01
2.000000e+02 9.531929e-01 1.637769e+01
2.004000e+02 9.528158e-01 1.645759e+01
2.008000e+02 9.512458e-01 1.678394e+01
2.012000e+02 9.516347e-01 1.670453e+01
2.016000e+02 9.530932e-01 1.640339e+01
2.020000e+02 9.535936e-01 1.630270e+01
2.024000e+02 9.536159e-01 1.630986e+01
2.028000e+02 9.533534e-01 1.638235e+01
2.032000e+02 9.529875e-01 1.647233e+01
2.036000e+02 9.531329e-01 1.643735e+01
2.040000e+02 9.539748e-01 1.623931e+01
2.044000e+02 9.547647e-01 1.604608e+01
2.048000e+02 9.553356e-01 1.590386e+01
2.052000e+02 9.555576e-01 1.584466e+01
2.056000e+02 9.559218e-01 1.575482e+01
2.060000e+02 9.550359e-01 1.594001e+01
2.064000e+02 9.560070e-01 1.572702e+01
2.068000e+02 9.564954e-01 1.562174e+01
2.072000e+02 9.565725e-01 1.560599e+01
2.076000e+02 9.564898e-01 1.562507e+01
2.080000e+02 9.561334e-01 1.570206e+01
2.084000e+02 9.530029e-01 1.637162e+01
2.088000e+02 9.496873e-01 1.709104e+01
2.092000e+02 9.559709e-01 1.574711e+01
2.096000e+02 9.564167e-01 1.565946e+01
2.100000e+02 9.565874e-01 1.562757e+01
2.104000e+02 9.535409e-01 1.631456e+01
2.108000e+02 9.297517e-01 2.180868e+01
2.112000e+02 9.563290e-01 1.569925e+01
2.116000e+02 9.568322e-01 1.559847e+01
2.120000e+02 9.569245e-01 1.558563e+01
2.124000e+02 9.569316e-01 1.559135e+01
2.128000e+02 9.568613e-01 1.561436e+01
2.132000e+02 9.568334e-01 1.562798e+01
2.136000e+02 9.567323e-01 1.565787e+01
2.140000e+02 9.565510e-01 1.570523e+01
2.144000e+02 9.560219e-01 1.582658e+01
2.148000e+02 9.510506e-01 1.690343e+01
2.152000e+02 9.536939e-01 1.634164e+01
2.156000e+02 9.559888e-01 1.586096e+01
2.160000e+02 9.559192e-01 1.589123e+01
2.164000e+02 9.562851e-01 1.581683e+01
2.168000e+02 9.562760e-01 1.582818e+01
2.172000e+02 9.562193e-01 1.585011e+01
2.176000e+02 9.560954e-01 1.588689e+01
2.180000e+02 9.559414e-01 1.593044e+01
2.184000e+02 9.559376e-01 1.594117e+01
2.188000e+02 9.558772e-01 1.596469e+01
2.192000e+02 9.557219e-01 1.600905e+01
2.196000e+02 9.556695e-01 1.603094e+01
2.200000e+02 9.554873e-01 1.608198e+01
2.204000e+02 9.554406e-01 1.610290e+01
2.208000e+02 9.552907e-01 1.614686e+01
2.212000e+02 9.551805e-01 1.618229e+01
2.216000e+02 9.550545e-01 1.622176e+01
2.220000e+02 9.549043e-01 1.626696e+01
2.224000e+02 9.546725e-01 1.633088e+01
2.228000e+02 9.545272e-01 1.637615e+01
2.232000e+02 9.542078e-01 1.646165e+01
2.236000e+02 9.540013e-01 1.652243e+01
2.240000e+02 9.536169e-01 1.662520e+01
2.244000e+02 9.531471e-01 1.674949e+01
2.248000e+02 9.521006e-01 1.700480e+01
2.252000e+02 9.513556e-01 1.719465e+01
2.256000e+02 9.495182e-01 1.761572e+01
2.260000e+02 9.375717e-01 2.021121e+01
2.264000e+02 9.480944e-01 1.793701e+01
2.268000e+02 9.504785e-01 1.742897e+01
2.272000e+02 9.514864e-01 1.720608e+01
2.276000e+02 9.519607e-01 1.710095e+01
2.280000e+02 9.521677e-01 1.705786e+01
2.284000e+02 9.522184e-01 1.705196e+01
2.288000e+02 9.521222e-01 1.708035e+01
2.292000e+02 9.517310e-01 1.717376e+01
2.296000e+02 9.426295e-01 1.921740e+01
2.300000e+02 9.511090e-01 1.733229e+01
2.304000e+02 9.504168e-01 1.749206e+01
2.308000e+02 9.489901e-01 1.780967e+01
2.312000e+02 9.231666e-01 2.339464e+01
2.316000e+02 9.465255e-01 1.836627e+01
2.320000e+02 9.490320e-01 1.786305e+01
2.324000e+02 9.490033e-01 1.789436e+01
2.328000e+02 9.477275e-01 1.820780e+01
2.332000e+02 9.449010e-01 1.887124e+01
2.336000e+02 9.373263e-01 2.054450e+01
2.340000e+02 9.166990e-01 2.485337e+01
2.344000e+02 9.394018e-01 2.012424e+01
2.348000e+02 9.444420e-01 1.900634e+01
2.352000e+02 9.446384e-01 1.893250e+01
2.356000e+02 9.203232e-01 2.412238e+01
2.360000e+02 9.410378e-01 1.968319e+01
2.364000e+02 9.459657e-01 1.864585e+01
2.368000e+02 9.428275e-01 1.931690e+01
2.372000e+02 8.887641e-01 3.102701e+01
2.376000e+02 9.446836e-01 1.895237e+01
2.380000e+02 9.467948e-01 1.851869e+01
2.384000e+02 9.432077e-01 1.932818e+01
2.388000e+02 9.408347e-01 1.981844e+01
2.392000e+02 9.189231e-01 2.453847e+01
2.396000e+02 9.407427e-01 1.991579e+01
2.400000e+02 9.424537e-01 1.955154e+01
2.404000e+02 9.441991e-01 1.919974e+01
2.408000e+02 9.451947e-01 1.900503e+01
2.412000e+02 9.425376e-01 1.963731e+01
2.416000e+02 9.441264e-01 1.926266e+01
2.420000e+02 9.395989e-01 2.022447e+01
2.424000e+02 9.064240e-01 2.735706e+01
2.428000e+02 9.417095e-01 1.978042e+01
2.432000e+02 9.372437e-01 2.072706e+01
2.436000e+02 9.277739e-01 2.275505e+01
2.440000e+02 9.411829e-01 1.991377e+01
2.444000e+02 9.437701e-01 1.937674e+01
2.448000e+02 9.457017e-01 1.897207e+01
2.452000e+02 9.460054e-01 1.891851e+01
2.456000e+02 9.459879e-01 1.893470e+01
2.460000e+02 9.458583e-01 1.897540e+01
2.464000e+02 9.453914e-01 1.908995e+01
2.468000e+02 9.451974e-01 1.914479e+01
2.472000e+02 9.444003e-01 1.932928e+01
2.476000e+02 9.404288e-01 2.018976e+01
2.480000e+02 9.306245e-01 2.228151e+01
2.484000e+02 9.341659e-01 2.154517e+01
2.488000e+02 9.417081e-01 1.996546e+01
2.492000e+02 9.408009e-01 2.017366e+01
2.496000e+02 9.287218e-01 2.274317e+01
2.500000e+02 8.633397e-01 3.695353e+01
2.504000e+02 9.372933e-01 2.098015e+01
2.508000e+02 9.389571e-01 2.065515e+01
2.512000e+02 9.311461e-01 2.237641e+01
2.516000e+02 9.397372e-01 2.052028e+01
2.520000e+02 9.414568e-01 2.016606e+01
2.524000e+02 9.420847e-01 2.003890e+01
2.528000e+02 9.419929e-01 2.007083e+01
2.532000e+02 9.424984e-01 1.997300e+01
2.536000e+02 9.423578e-01 2.001994e+01
2.540000e+02 9.421223e-01 2.009039e+01
2.544000e+02 9.415958e-01 2.022731e+01
2.548000e+02 9.414111e-01 2.028773e+01
2.552000e+02 9.412664e-01 2.033361e+01
2.556000e+02 9.413802e-01 2.031574e+01
2.560000e+02 9.414081e-01 2.031405e+01
2.564000e+02 9.413903e-01 2.032387e+01
2.568000e+02 9.411912e-01 2.037525e+01
2.572000e+02 9.410449e-01 2.041713e+01
2.576000e+02 9.404410e-01 2.055954e+01
2.580000e+02 9.384801e-01 2.098818e+01
2.584000e+02 9.343173e-01 2.187676e+01
2.588000e+02 9.089907e-01 2.733551e+01
2.592000e+02 9.379620e-01 2.113473e+01
2.596000e+02 9.395734e-01 2.081025e+01
2.600000e+02 9.397939e-01 2.077919e+01
2.604000e+02 9.398872e-01 2.077334e+01
2.608000e+02 9.389860e-01 2.099534e+01
2.612000e+02 9.395821e-01 2.086905e+01
2.616000e+02 9.393443e-01 2.093583e+01
2.620000e+02 9.389366e-01 2.103940e+01
2.624000e+02 9.381359e-01 2.122631e+01
2.628000e+02 9.271996e-01 2.361768e+01
2.632000e+02 9.335156e-01 2.227093e+01
2.636000e+02 9.087727e-01 2.755598e+01
2.640000e+02 9.314682e-01 2.271102e+01
2.644000e+02 9.359962e-01 2.177406e+01
2.648000e+02 9.331888e-01 2.239773e+01
2.652000e+02 9.354910e-01 2.192738e+01
2.656000e+02 9.360351e-01 2.183899e+01
2.660000e+02 9.356915e-01 2.193421e+01
2.664000e+02 9.352356e-01 2.204543e+01
2.668000e+02 9.338044e-01 2.235305e+01
2.672000e+02 9.039279e-01 2.879316e+01
2.676000e+02 9.322282e-01 2.269678e+01
2.680000e+02 9.351306e-01 2.209725e+01
2.684000e+02 9.355667e-01 2.201705e+01
2.688000e+02 9.355765e-01 2.202788e+01
2.692000e+02 9.356721e-01 2.202052e+01
2.696000e+02 9.355574e-01 2.205914e+01
2.700000e+02 9.353867e-01 2.211037e+01
2.704000e+02 9.351262e-01 2.218153e+01
2.708000e+02 9.347830e-01 2.227078e+01
2.712000e+02 9.343296e-01 2.238418e+01
2.716000e+02 9.342796e-01 2.241083e+01
2.720000e+02 9.335256e-01 2.259013e+01
2.724000e+02 9.326935e-01 2.278188e+01
2.728000e+02 9.269287e-01 2.401319e+01
2.732000e+02 9.188252e-01 2.575407e+01
2.736000e+02 9.309679e-01 2.319987e+01
2.740000e+02 9.306870e-01 2.327853e+01
2.744000e+02 9.131909e-01 2.705736e+01
2.748000e+02 9.289378e-01 2.368881e+01
2.752000e+02 9.303028e-01 2.343296e+01
2.756000e+02 9.295445e-01 2.362277e+01
2.760000e+02 9.269034e-01 2.420059e+01
2.764000e+02 9.214499e-01 2.535232e+01
2.768000e+02 9.226741e-01 2.513789e+01
2.772000e+02 9.277972e-01 2.405455e+01
2.776000e+02 9.297513e-01 2.364747e+01
2.780000e+02 9.301160e-01 2.357844e+01
2.784000e+02 9.299832e-01 2.361844e+01
2.788000e+02 9.300136e-01 2.362273e+01
2.792000e+02 9.285656e-01 2.394222e+01
2.796000e+02 9.243955e-01 2.484960e+01
2.800000e+02 9.277106e-01 2.416035e+01
2.804000e+02 9.295038e-01 2.379311e+01
2.808000e+02 9.293437e-01 2.384444e+01
2.812000e+02 9.289647e-01 2.394502e+01
2.816000e+02 9.287811e-01 2.399976e+01
2.820000e+02 9.283981e-01 2.410095e+01
2.824000e+02 9.281983e-01 2.415742e+01
2.828000e+02 9.166996e-01 2.668922e+01
2.832000e+02 9.274539e-01 2.435259e+01
2.836000e+02 9.276793e-01 2.432339e+01
2.840000e+02 9.274290e-01 2.439417e+01
2.844000e+02 9.266684e-01 2.458069e+01
2.848000e+02 9.264864e-01 2.462950e+01
2.852000e+02 9.255697e-01 2.484128e+01
2.856000e+02 9.226890e-01 2.546512e+01
2.860000e+02 8.906225e-01 3.227133e+01
2.864000e+02 9.055561e-01 2.911747e+01
2.868000e+02 9.226403e-01 2.553026e+01
2.872000e+02 9.242634e-01 2.520918e+01
2.876000e+02 9.244234e-01 2.519383e+01
2.880000e+02 9.239101e-01 2.531990e+01
2.884000e+02 9.219706e-01 2.574330e+01
2.888000e+02 9.043748e-01 2.946438e+01
2.892000e+02 9.130832e-01 2.764101e+01
2.896000e+02 9.219447e-01 2.580735e+01
2.900000e+02 9.228287e-01 2.564497e+01
2.904000e+02 9.230964e-01 2.560680e+01
2.908000e+02 9.222774e-01 2.579981e+01
2.912000e+02 9.221710e-01 2.584214e+01
2.916000e+02 9.222268e-01 2.585094e+01
2.920000e+02 9.220938e-01 2.589787e+01
2.924000e+02 9.213426e-01 2.607568e+01
2.928000e+02 9.188638e-01 2.661289e+01
2.932000e+02 8.674525e-01 3.783118e+01
2.936000e+02 9.102480e-01 2.851829e+01
2.940000e+02 9.199034e-01 2.646216e+01
2.944000e+02 9.203151e-01 2.639894e+01
2.948000e+02 9.202020e-01 2.644527e+01
2.952000e+02 9.199214e-01 2.652720e+01
2.956000e+02 9.195977e-01 2.661912e+01
2.960000e+02 9.191099e-01 2.674745e+01
2.964000e+02 9.183905e-01 2.693078e+01
2.968000e+02 9.179498e-01 2.704955e+01
2.972000e+02 9.152119e-01 2.768050e+01
2.976000e+02 9.154974e-01 2.764762e+01
2.980000e+02 9.122036e-01 2.839612e+01
2.984000e+02 8.999775e-01 3.095655e+01
2.988000e+02 9.086640e-01 2.920365e+01
2.992000e+02 9.127189e-01 2.834746e+01
2.996000e+02 9.132084e-01 2.824988e+01
3.000000e+02 9.131354e-01 2.828143e+01
3.004000e+02 9.107727e-01 2.880497e+01
3.008000e+02 9.038381e-01 3.030791e+01
3.012000e+02 9.036535e-01 3.034936e+01
3.016000e+02 8.880293e-01 3.361746e+01
3.020000e+02 8.889327e-01 3.347521e+01
3.024000e+02 9.068977e-01 2.973738e+01
3.028000e+02 9.065083e-01 2.982763e+01
3.032000e+02 8.475196e-01 4.260201e+01
3.036000e+02 9.079222e-01 2.957746e+01
3.040000e+02 9.099714e-01 2.917745e+01
3.044000e+02 9.094894e-01 2.930963e+01
3.048000e+02 9.081100e-01 2.962575e+01
3.052000e+02 9.089228e-01 2.948496e+01
3.056000e+02 9.094653e-01 2.939563e+01
3.060000e+02 9.093311e-01 2.944871e+01
3.064000e+02 9.090419e-01 2.953715e+01
3.068000e+02 9.086170e-01 2.965717e+01
3.072000e+02 9.081071e-01 2.979742e+01
3.076000e+02 9.074699e-01 2.996688e+01
3.080000e+02 9.069088e-01 3.012209e+01
3.084000e+02 9.061102e-01 3.032983e+01
3.088000e+02 9.052588e-01 3.055193e+01
3.092000e+02 9.044896e-01 3.075890e+01
3.096000e+02 9.033286e-01 3.105079e+01
3.100000e+02 8.939762e-01 3.310124e+01
3.104000e+02 9.009712e-01 3.164950e+01
3.108000e+02 9.008434e-01 3.172694e+01
3.112000e+02 9.001550e-01 3.191936e+01
3.116000e+02 8.992873e-01 3.215228e+01
3.120000e+02 8.983630e-01 3.240187e+01
3.124000e+02 8.971505e-01 3.272037e+01
3.128000e+02 8.957136e-01 3.309429e+01
3.132000e+02 8.941571e-01 3.350065e+01
3.136000e+02 8.921820e-01 3.400007e+01
3.140000e+02 8.903094e-01 3.447772e+01
3.144000e+02 8.893920e-01 3.473707e+01
3.148000e+02 8.874895e-01 3.521922e+01
3.152000e+02 8.847155e-01 3.589434e+01
3.156000e+02 8.777908e-01 3.744252e+01
3.160000e+02 8.600269e-01 4.127972e+01
3.164000e+02 8.352835e-01 4.668637e+01
3.168000e+02 8.698280e-01 3.954084e+01
3.172000e+02 8.503885e-01 4.408798e+01
3.176000e+02 8.669395e-01 4.053800e+01
3.180000e+02 8.628532e-01 4.162985e+01
3.184000e+02 8.573563e-01 4.305898e+01
3.188000e+02 8.504564e-01 4.483775e+01
3.192000e+02 8.414913e-01 4.712352e+01
3.196000e+02 8.288649e-01 5.026737e+01
3.200000e+02 6.703731e-01 8.607792e+01
3.204000e+02 7.983795e-01 5.810069e+01
3.208000e+02 7.809654e-01 6.264751e+01
3.212000e+02 7.631279e-01 6.720787e+01
3.216000e+02 7.457671e-01 7.168798e+01
3.220000e+02 7.191581e-01 7.843694e+01
3.224000e+02 6.865691e-01 8.681359e+01
3.228000e+02 6.400837e-01 9.867947e+01
3.232000e+02 5.790939e-01 1.142317e+02
3.236000e+02 5.015952e-01 1.339546e+02
3.240000e+02 4.109013e-01 1.570263e+02
3.244000e+02 3.165760e-01 1.808921e+02
3.248000e+02 2.397882e-01 2.000217e+02
3.252000e+02 2.089827e-01 2.072989e+02
3.256000e+02 2.599834e-01 1.949746e+02
3.260000e+02 3.436781e-01 1.739342e+02
3.264000e+02 4.326078e-01 1.511403e+02
3.268000e+02 4.931322e-01 1.345498e+02
3.272000e+02 5.882940e-01 1.114296e+02
3.276000e+02 6.499816e-01 9.596628e+01
3.280000e+02 6.937178e-01 8.480500e+01
3.284000e+02 7.316816e-01 7.531166e+01
3.288000e+02 7.588823e-01 6.840550e+01
3.292000e+02 7.799230e-01 6.304651e+01
3.296000e+02 7.964838e-01 5.882217e+01
3.300000e+02 8.098503e-01 5.541512e+01
3.304000e+02 8.205544e-01 5.268165e+01
3.308000e+02 8.291933e-01 5.047065e+01
3.312000e+02 8.361706e-01 4.867850e+01
3.316000e+02 8.416198e-01 4.726218e+01
3.320000e+02 8.453001e-01 4.625887e+01
3.324000e+02 8.432383e-01 4.647025e+01
3.328000e+02 8.032056e-01 5.472291e+01
3.332000e+02 8.520183e-01 4.434939e+01
3.336000e+02 8.588099e-01 4.283488e+01
3.340000e+02 8.616211e-01 4.215905e+01
3.344000e+02 8.637871e-01 4.162993e+01
3.348000e+02 8.649057e-01 4.133419e+01
3.352000e+02 8.573869e-01 4.287806e+01
3.356000e+02 8.666207e-01 4.087549e+01
3.360000e+02 8.686978e-01 4.039610e+01
3.364000e+02 8.700836e-01 4.006301e+01
3.368000e+02 8.711093e-01 3.981107e+01
3.372000e+02 8.717869e-01 3.963960e+01
3.376000e+02 8.720866e-01 3.955618e+01
3.380000e+02 8.730253e-01 3.933874e+01
3.384000e+02 8.733211e-01 3.926514e+01
3.388000e+02 8.732848e-01 3.926657e+01
3.392000e+02 8.738819e-01 3.913633e+01
3.396000e+02 8.740009e-01 3.911117e+01
3.400000e+02 8.740517e-01 3.910350e+01
3.404000e+02 8.740513e-01 3.910941e+01
3.408000e+02 8.739383e-01 3.914150e+01
3.412000e+02 8.738595e-01 3.916859e+01
3.416000e+02 8.736484e-01 3.922578e+01
3.420000e+02 8.732505e-01 3.932445e+01
3.424000e+02 8.727992e-01 3.943599e+01
3.428000e+02 8.715261e-01 3.971915e+01
3.432000e+02 8.373199e-01 4.712041e+01
3.436000e+02 8.676560e-01 4.057710e+01
3.440000e+02 8.707893e-01 3.994909e+01
3.444000e+02 8.702571e-01 4.009418e+01
3.448000e+02 8.682020e-01 4.055325e+01
3.452000e+02 8.672629e-01 4.077745e+01
3.456000e+02 8.676816e-01 4.071755e+01
3.460000e+02 8.677474e-01 4.072700e+01
3.464000e+02 8.682941e-01 4.064260e+01
3.468000e+02 8.680712e-01 4.071695e+01
3.472000e+02 8.674418e-01 4.088291e+01
3.476000e+02 8.671193e-01 4.098021e+01
3.480000e+02 8.663934e-01 4.116914e+01
3.484000e+02 8.657389e-01 4.134429e+01
3.488000e+02 8.648503e-01 4.157276e+01
3.492000e+02 8.639157e-01 4.181124e+01
3.496000e+02 8.621593e-01 4.222714e+01
3.500000e+02 8.613285e-01 4.245240e+01
3.504000e+02 8.598804e-01 4.281370e+01
3.508000e+02 8.574505e-01 4.338681e+01
3.512000e+02 8.531879e-01 4.433865e+01
3.516000e+02 8.411523e-01 4.685192e+01
3.520000e+02 8.419297e-01 4.676144e+01
3.524000e+02 7.988904e-01 5.585025e+01
3.528000e+02 7.593840e-01 6.485894e+01
3.532000e+02 8.487066e-01 4.549593e+01
3.536000e+02 8.511377e-01 4.504275e+01
3.540000e+02 8.508596e-01 4.515472e+01
3.544000e+02 8.493445e-01 4.552638e+01
3.548000e+02 8.429481e-01 4.690896e+01
3.552000e+02 8.394840e-01 4.770151e+01
3.556000e+02 8.452079e-01 4.659018e+01
3.560000e+02 8.438269e-01 4.695568e+01
3.564000e+02 8.403065e-01 4.779228e+01
3.568000e+02 8.408160e-01 4.774093e+01
3.572000e+02 8.369014e-01 4.863319e+01
3.576000e+02 7.640266e-01 6.430780e+01
3.580000e+02 8.249765e-01 5.128171e+01
3.584000e+02 8.208088e-01 5.223879e+01
3.588000e+02 7.172573e-01 7.416393e+01
3.592000e+02 8.176775e-01 5.308972e+01
3.596000e+02 7.804179e-01 6.116792e+01
3.600000e+02 8.207331e-01 5.271985e+01
3.604000e+02 8.213334e-01 5.272593e+01
3.608000e+02 8.190245e-01 5.334047e+01
3.612000e+02 8.156701e-01 5.417892e+01
3.616000e+02 8.023184e-01 5.713176e+01
3.620000e+02 8.080752e-01 5.607221e+01
3.624000e+02 8.046512e-01 5.696413e+01
3.628000e+02 7.997758e-01 5.816881e+01
3.632000e+02 7.921172e-01 5.996318e+01
3.636000e+02 7.781118e-01 6.311475e+01
3.640000e+02 7.764976e-01 6.366867e+01
3.644000e+02 6.494122e-01 9.085881e+01
3.648000e+02 7.582470e-01 6.804892e+01
3.652000e+02 7.550892e-01 6.911244e+01
3.656000e+02 7.433390e-01 7.200512e+01
3.660000e+02 7.262148e-01 7.611579e+01
3.664000e+02 7.005667e-01 8.215383e+01
3.668000e+02 5.907348e-01 1.064542e+02
3.672000e+02 6.099114e-01 1.034377e+02
3.676000e+02 5.133715e-01 1.257464e+02
3.680000e+02 3.368603e-01 1.655782e+02
3.684000e+02 6.934832e-02 2.229264e+02
3.688000e+02 2.075233e-01 1.943200e+02
3.692000e+02 4.199101e-01 1.478913e+02
3.696000e+02 5.321776e-01 1.227176e+02
3.700000e+02 5.846258e-01 1.109655e+02
3.704000e+02 6.072217e-01 1.060553e+02
3.708000e+02 6.093589e-01 1.057752e+02
3.712000e+02 6.044854e-01 1.072262e+02
3.716000e+02 6.025959e-01 1.082785e+02
3.720000e+02 5.896743e-01 1.117684e+02
3.724000e+02 5.723532e-01 1.163210e+02
3.728000e+02 5.510398e-01 1.218583e+02
3.732000e+02 5.259848e-01 1.283363e+02
3.736000e+02 4.974778e-01 1.357042e+02
3.740000e+02 4.647342e-01 1.441452e+02
3.744000e+02 4.275334e-01 1.537207e+02
3.748000e+02 3.849359e-01 1.646349e+02
3.752000e+02 2.886122e-01 1.872687e+02
3.756000e+02 2.913424e-01 1.889514e+02
3.760000e+02 2.382151e-01 2.027792e+02
3.764000e+02 1.854225e-01 2.166795e+02
3.768000e+02 1.319862e-01 2.307948e+02
3.772000e+02 8.711645e-02 2.430559e+02
3.776000e+02 4.838794e-02 2.537453e+02
3.780000e+02 2.125088e-02 2.615184e+02
3.784000e+02 6.586443e-03 2.660604e+02
3.788000e+02 1.345649e-03 2.680432e+02
3.792000e+02 1.524549e-04 2.687692e+02
3.796000e+02 1.044360e-05 2.690448e+02
3.800000e+02 9.353387e-07 2.691511e+02
3.804000e+02 1.177754e-06 2.691397e+02
3.808000e+02 1.576084e-05 2.690085e+02
3.812000e+02 2.209060e-04 2.686891e+02
3.816000e+02 1.778165e-03 2.678395e+02
3.820000e+02 8.094077e-03 2.655711e+02
3.824000e+02 2.382022e-02 2.607614e+02
3.828000e+02 5.150835e-02 2.528753e+02
3.832000e+02 9.020072e-02 2.422573e+02
3.836000e+02 1.365556e-01 2.298094e+02
3.840000e+02 1.867257e-01 2.165206e+02
3.844000e+02 2.374789e-01 2.032004e+02
3.848000e+02 2.864705e-01 1.904210e+02
3.852000e+02 3.326088e-01 1.784479e+02
3.856000e+02 3.750680e-01 1.674627e+02
3.860000e+02 4.140050e-01 1.574204e+02
3.864000e+02 4.492766e-01 1.483357e+02
3.868000e+02 4.793949e-01 1.405065e+02
3.872000e+02 4.903656e-01 1.368199e+02
3.876000e+02 5.327952e-01 1.267783e+02
3.880000e+02 5.577258e-01 1.205331e+02
3.884000e+02 5.781608e-01 1.153427e+02
3.888000e+02 5.954107e-01 1.109425e+02
3.892000e+02 6.099744e-01 1.072236e+02
3.896000e+02 6.218670e-01 1.041744e+02
3.900000e+02 6.314414e-01 1.016908e+02
3.904000e+02 6.403666e-01 9.935101e+01
3.908000e+02 6.517056e-01 9.645822e+01
3.912000e+02 6.651323e-01 9.308894e+01
3.916000e+02 6.776589e-01 8.991670e+01
3.920000e+02 6.877914e-01 8.729418e+01
3.924000e+02 6.903678e-01 8.627622e+01
3.928000e+02 6.869840e-01 8.656637e+01
3.932000e+02 7.127928e-01 8.090429e+01
3.936000e+02 7.212150e-01 7.885323e+01
3.940000e+02 7.274822e-01 7.727766e+01
3.944000e+02 7.329202e-01 7.590031e+01
3.948000e+02 7.369503e-01 7.483737e+01
3.952000e+02 7.395926e-01 7.408546e+01
3.956000e+02 7.456582e-01 7.264614e+01
3.960000e+02 7.486180e-01 7.186330e+01
3.964000e+02 7.423283e-01 7.300775e+01
3.968000e+02 7.505582e-01 7.115876e+01
3.972000e+02 7.548588e-01 7.014976e+01
3.976000e+02 7.603678e-01 6.889710e+01
3.980000e+02 7.628213e-01 6.828560e+01
3.984000e+02 7.647714e-01 6.778827e+01
3.988000e+02 7.661769e-01 6.741449e+01
3.992000e+02 7.662389e-01 6.733258e+01
3.996000e+02 7.658527e-01 6.734196e+01
4.000000e+02 7.361469e-01 7.349434e+01
0.5 10 0
1.000000e+01 9.955057e-01 3.802112e+00
1.040000e+01 9.953745e-01 3.835227e+00
1.080000e+01 9.952603e-01 3.864630e+00
1.120000e+01 9.951306e-01 3.897445e+00
1.160000e+01 9.950129e-01 3.928054e+00
1.200000e+01 9.948716e-01 3.964153e+00
1.240000e+01 9.947184e-01 4.003234e+00
1.280000e+01 9.945522e-01 4.045614e+00
1.320000e+01 9.943711e-01 4.091818e+00
1.360000e+01 9.941743e-01 4.142078e+00
1.400000e+01 9.939607e-01 4.196659e+00
1.440000e+01 9.937259e-01 4.256700e+00
1.480000e+01 9.934420e-01 4.328396e+00
1.520000e+01 9.931772e-01 4.397185e+00
1.560000e+01 9.928544e-01 4.480061e+00
1.600000e+01 9.924815e-01 4.575595e+00
1.640000e+01 9.920616e-01 4.683639e+00
1.680000e+01 9.915724e-01 4.809614e+00
1.720000e+01 9.909917e-01 4.959141e+00
1.760000e+01 9.902926e-01 5.139297e+00
1.800000e+01 9.894349e-01 5.360448e+00
1.840000e+01 9.883598e-01 5.637792e+00
1.880000e+01 9.869797e-01 5.993900e+00
1.920000e+01 9.851624e-01 6.462768e+00
1.960000e+01 9.827056e-01 7.096249e+00
2.000000e+01 9.792984e-01 7.973789e+00
2.040000e+01 9.744745e-01 9.213843e+00
2.080000e+01 9.675775e-01 1.098141e+01
2.120000e+01 9.578440e-01 1.346053e+01
2.160000e+01 9.451558e-01 1.665396e+01
2.200000e+01 9.323223e-01 1.981302e+01
2.240000e+01 9.289760e-01 2.064231e+01
2.280000e+01 9.376848e-01 1.854515e+01
2.320000e+01 9.487381e-01 1.578692e+01
2.360000e+01 9.580558e-01 1.342293e+01
2.400000e+01 9.649790e-01 1.165100e+01
2.440000e+01 9.699649e-01 1.037042e+01
2.480000e+01 9.734738e-01 9.465011e+00
2.520000e+01 9.759625e-01 8.820594e+00
2.560000e+01 9.776887e-01 8.369971e+00
2.600000e+01 9.790387e-01 8.021453e+00
2.640000e+01 9.799583e-01 7.781164e+00
2.680000e+01 9.806076e-01 7.610335e+00
2.720000e+01 9.810642e-01 7.489276e+00
2.760000e+01 9.813688e-01 7.407351e+00
2.800000e+01 9.815519e-01 7.356746e+00
2.840000e+01 9.816340e-01 7.332125e+00
2.880000e+01 9.816098e-01 7.333787e+00
2.920000e+01 9.815475e-01 7.346642e+00
2.960000e+01 9.814177e-01 7.376431e+00
3.000000e+01 9.810034e-01 7.469649e+00
3.040000e+01 9.809628e-01 7.483767e+00
3.080000e+01 9.807448e-01 7.538210e+00
3.120000e+01 9.804514e-01 7.610156e+00
3.160000e+01 9.801146e-01 7.692672e+00
3.200000e+01 9.797427e-01 7.783934e+00
3.240000e+01 9.793395e-01 7.883037e+00
3.280000e+01 9.789042e-01 7.990130e+00
3.320000e+01 9.784397e-01 8.104513e+00
3.360000e+01 9.779438e-01 8.226652e+00
3.400000e+01 9.774181e-01 8.356158e+00
3.440000e+01 9.768612e-01 8.493380e+00
3.480000e+01 9.762716e-01 8.638592e+00
3.520000e+01 9.756496e-01 8.791751e+00
3.560000e+01 9.749891e-01 8.954151e+00
3.600000e+01 9.740053e-01 9.188826e+00
3.640000e+01 9.735717e-01 9.302865e+00
3.680000e+01 9.728143e-01 9.489385e+00
3.720000e+01 9.720058e-01 9.687953e+00
3.760000e+01 9.711165e-01 9.904905e+00
3.800000e+01 9.701907e-01 1.013109e+01
3.840000e+01 9.693231e-01 1.034649e+01
3.880000e+01 9.683372e-01 1.058850e+01
3.920000e+01 9.672837e-01 1.084648e+01
3.960000e+01 9.661773e-01 1.111746e+01
4.000000e+01 9.650097e-01 1.140335e+01
4.040000e+01 9.637664e-01 1.170735e+01
4.080000e+01 9.624462e-01 1.202992e+01
4.120000e+01 9.610442e-01 1.237222e+01
4.160000e+01 9.595508e-01 1.273656e+01
4.200000e+01 9.579564e-01 1.312518e+01
4.240000e+01 9.562467e-01 1.354136e+01
4.280000e+01 9.541898e-01 1.403625e+01
4.320000e+01 9.524558e-01 1.446328e+01
4.360000e+01 9.500869e-01 1.503176e+01
4.400000e+01 9.481110e-01 1.551948e+01
4.440000e+01 9.456994e-01 1.610594e+01
4.480000e+01 9.430041e-01 1.675849e+01
4.520000e+01 9.402053e-01 1.743923e+01
4.560000e+01 9.370959e-01 1.819344e+01
4.600000e+01 9.336923e-01 1.901844e+01
4.640000e+01 9.299605e-01 1.992266e+01
4.680000e+01 9.258500e-01 2.091829e+01
4.720000e+01 9.213048e-01 2.201900e+01
4.760000e+01 9.162527e-01 2.324229e+01
4.800000e+01 9.106062e-01 2.460952e+01
4.840000e+01 9.042532e-01 2.614796e+01
4.880000e+01 8.970519e-01 2.789233e+01
4.920000e+01 8.888220e-01 2.988666e+01
4.960000e+01 8.793178e-01 3.219042e+01
5.000000e+01 8.680890e-01 3.490901e+01
5.040000e+01 8.552181e-01 3.803777e+01
5.080000e+01 8.395593e-01 4.185103e+01
5.120000e+01 8.197522e-01 4.668316e+01
5.160000e+01 7.933978e-01 5.311830e+01
5.200000e+01 7.536750e-01 6.273029e+01
5.240000e+01 7.077507e-01 7.410478e+01
5.280000e+01 6.412318e-01 9.054012e+01
5.320000e+01 5.449078e-01 1.142014e+02
5.360000e+01 3.246599e-01 1.663593e+02
5.400000e+01 2.834359e-01 1.793882e+02
5.440000e+01 1.702803e-01 2.095996e+02
5.480000e+01 6.488153e-02 2.381799e+02
5.520000e+01 5.703878e-03 2.560909e+02
5.560000e+01 3.392775e-03 2.604736e+02
5.600000e+01 2.564846e-04 2.636048e+02
5.640000e+01 5.903166e-07 2.650576e+02
5.680000e+01 3.724311e-06 2.658404e+02
5.720000e+01 1.206470e-06 2.663794e+02
5.760000e+01 1.889076e-12 2.668081e+02
5.800000e+01 1.605577e-08 2.671231e+02
5.840000e+01 6.838960e-15 2.673737e+02
5.880000e+01 1.172749e-09 2.674139e+02
5.920000e+01 1.595526e-14 2.674793e+02
5.960000e+01 3.979576e-17 2.675499e+02
6.000000e+01 5.792816e-11 2.676821e+02
6.040000e+01 8.658181e-19 2.677938e+02
6.080000e+01 1.390823e-10 2.677301e+02
6.120000e+01 1.165751e-13 2.676684e+02
6.160000e+01 5.598915e-10 2.675875e+02
6.200000e+01 9.322531e-10 2.674977e+02
6.240000e+01 1.160232e-15 2.673155e+02
6.280000e+01 7.371416e-08 2.668002e+02
6.320000e+01 1.337915e-05 2.658351e+02
6.360000e+01 2.710223e-05 2.643592e+02
6.400000e+01 2.384383e-03 2.615285e+02
6.440000e+01 1.893093e-02 2.543566e+02
6.480000e+01 5.263659e-02 2.422378e+02
6.520000e+01 9.648636e-02 2.269862e+02
6.560000e+01 2.617684e-01 1.859433e+02
6.600000e+01 3.896355e-01 1.534900e+02
6.640000e+01 4.925882e-01 1.273137e+02
6.680000e+01 5.813553e-01 1.051896e+02
6.720000e+01 6.603239e-01 8.603530e+01
6.760000e+01 7.108642e-01 7.359461e+01
6.800000e+01 7.472315e-01 6.465198e+01
6.840000e+01 7.745074e-01 5.796939e+01
6.880000e+01 7.964054e-01 5.264682e+01
6.920000e+01 8.132249e-01 4.855853e+01
6.960000e+01 8.269192e-01 4.524052e+01
7.000000e+01 8.384006e-01 4.246651e+01
7.040000e+01 8.482120e-01 4.010167e+01
7.080000e+01 8.566734e-01 3.806613e+01
7.120000e+01 8.640459e-01 3.629566e+01
7.160000e+01 8.705146e-01 3.474487e+01
7.200000e+01 8.762426e-01 3.337408e+01
7.240000e+01 8.813114e-01 3.216268e+01
7.280000e+01 8.858377e-01 3.108294e+01
7.320000e+01 8.898833e-01 3.011944e+01
7.360000e+01 8.935017e-01 2.925904e+01
7.400000e+01 8.967488e-01 2.848820e+01
7.440000e+01 8.996740e-01 2.779522e+01
7.480000e+01 9.022812e-01 2.717807e+01
7.520000e+01 9.045651e-01 2.663629e+01
7.560000e+01 9.067215e-01 2.612916e+01
7.600000e+01 9.086694e-01 2.567237e+01
7.640000e+01 9.075339e-01 2.590622e+01
7.680000e+01 9.118834e-01 2.491889e+01
7.720000e+01 9.135190e-01 2.454489e+01
7.760000e+01 9.116811e-01 2.496523e+01
7.800000e+01 9.159432e-01 2.399039e+01
7.840000e+01 9.169310e-01 2.376860e+01
7.880000e+01 9.177005e-01 2.359894e+01
7.920000e+01 9.182820e-01 2.347565e+01
7.960000e+01 9.186572e-01 2.340261e+01
8.000000e+01 9.188256e-01 2.337732e+01
8.040000e+01 9.189679e-01 2.335360e+01
8.080000e+01 9.195557e-01 2.322406e+01
8.120000e+01 9.206468e-01 2.297553e+01
8.160000e+01 9.217086e-01 2.272920e+01
8.200000e+01 9.226020e-01 2.252159e+01
8.240000e+01 9.233267e-01 2.235493e+01
8.280000e+01 9.239086e-01 2.222347e+01
8.320000e+01 9.243732e-01 2.212105e+01
8.360000e+01 9.247526e-01 2.203990e+01
8.400000e+01 9.250571e-01 2.197734e+01
8.440000e+01 9.252986e-01 2.193037e+01
8.480000e+01 9.254832e-01 2.189739e+01
8.520000e+01 9.256181e-01 2.187666e+01
8.560000e+01 9.257109e-01 2.186646e+01
8.600000e+01 9.257562e-01 2.186792e+01
8.640000e+01 9.257535e-01 2.188123e+01
8.680000e+01 9.256971e-01 2.190778e+01
8.720000e+01 9.255954e-01 2.194575e+01
8.760000e+01 9.254457e-01 2.199499e+01
8.800000e+01 9.253145e-01 2.203901e+01
8.840000e+01 9.252758e-01 2.206061e+01
8.880000e+01 9.252466e-01 2.207921e+01
8.920000e+01 9.251770e-01 2.210741e+01
8.960000e+01 9.250630e-01 2.214657e+01
9.000000e+01 9.248896e-01 2.220015e+01
9.040000e+01 9.247183e-01 2.225358e+01
9.080000e+01 9.244782e-01 2.232333e+01
9.120000e+01 9.242720e-01 2.238594e+01
9.160000e+01 9.240192e-01 2.245953e+01
9.200000e+01 9.237377e-01 2.253989e+01
9.240000e+01 9.234319e-01 2.262603e+01
9.280000e+01 9.231016e-01 2.271789e+01
9.320000e+01 9.227123e-01 2.282275e+01
9.360000e+01 9.220511e-01 2.298485e+01
9.400000e+01 9.193884e-01 2.358309e+01
9.440000e+01 9.215064e-01 2.314896e+01
9.480000e+01 9.212020e-01 2.323883e+01
9.520000e+01 9.207814e-01 2.335349e+01
9.560000e+01 9.201880e-01 2.350508e+01
9.600000e+01 9.191097e-01 2.375875e+01
9.640000e+01 9.183442e-01 2.394756e+01
9.680000e+01 9.188505e-01 2.386843e+01
9.720000e+01 9.184863e-01 2.397289e+01
9.760000e+01 9.180132e-01 2.410077e+01
9.800000e+01 9.174747e-01 2.424330e+01
9.840000e+01 9.169568e-01 2.438192e+01
9.880000e+01 9.163763e-01 2.453467e+01
9.920000e+01 9.155927e-01 2.473219e+01
9.960000e+01 9.150955e-01 2.486787e+01
1.000000e+02 9.143568e-01 2.505595e+01
1.004000e+02 9.133234e-01 2.530499e+01
1.008000e+02 9.127262e-01 2.546552e+01
1.012000e+02 9.120595e-01 2.563979e+01
1.016000e+02 9.088693e-01 2.634718e+01
1.020000e+02 9.097990e-01 2.618400e+01
1.024000e+02 9.100537e-01 2.616867e+01
1.028000e+02 9.093985e-01 2.634453e+01
1.032000e+02 9.085474e-01 2.656245e+01
1.036000e+02 9.074185e-01 2.683985e+01
1.040000e+02 9.059698e-01 2.718628e+01
1.044000e+02 9.057982e-01 2.726388e+01
1.048000e+02 9.048716e-01 2.750260e+01
1.052000e+02 9.038034e-01 2.777288e+01
1.056000e+02 9.026991e-01 2.805197e+01
1.060000e+02 9.015038e-01 2.835234e+01
1.064000e+02 9.002315e-01 2.867095e+01
1.068000e+02 8.988733e-01 2.900998e+01
1.072000e+02 8.974114e-01 2.937359e+01
1.076000e+02 8.958527e-01 2.976025e+01
1.080000e+02 8.941252e-01 3.018631e+01
1.084000e+02 8.923239e-01 3.063098e+01
1.088000e+02 8.903009e-01 3.112706e+01
1.092000e+02 8.879704e-01 3.169259e+01
1.096000e+02 8.827316e-01 3.289452e+01
1.100000e+02 8.828240e-01 3.294501e+01
1.104000e+02 8.794527e-01 3.374963e+01
1.108000e+02 8.614345e-01 3.774744e+01
1.112000e+02 8.721795e-01 3.550396e+01
1.116000e+02 8.686392e-01 3.638369e+01
1.120000e+02 8.638698e-01 3.753790e+01
1.124000e+02 8.581913e-01 3.890501e+01
1.128000e+02 8.513287e-01 4.055005e+01
1.132000e+02 8.434390e-01 4.244390e+01
1.136000e+02 8.337380e-01 4.476573e+01
1.140000e+02 8.217676e-01 4.762624e+01
1.144000e+02 8.069660e-01 5.116098e+01
1.148000e+02 7.878124e-01 5.572297e+01
1.152000e+02 7.635444e-01 6.151704e+01
1.156000e+02 7.316224e-01 6.914765e+01
1.160000e+02 6.880387e-01 7.956615e+01
1.164000e+02 6.275695e-01 9.404982e+01
1.168000e+02 5.422355e-01 1.145693e+02
1.172000e+02 4.219802e-01 1.437047e+02
1.176000e+02 2.622000e-01 1.830404e+02
1.180000e+02 9.301649e-02 2.264492e+02
1.184000e+02 5.698044e-03 2.525253e+02
1.188000e+02 1.399746e-06 2.563312e+02
1.192000e+02 1.616210e-02 2.486236e+02
1.196000e+02 1.340366e-01 2.156254e+02
1.200000e+02 3.088881e-01 1.715250e+02
1.204000e+02 4.590137e-01 1.348377e+02
1.208000e+02 5.681537e-01 1.085131e+02
1.212000e+02 6.448595e-01 9.013648e+01
1.216000e+02 6.990113e-01 7.721213e+01
1.220000e+02 7.378621e-01 6.796294e+01
1.224000e+02 7.662601e-01 6.121556e+01
1.228000e+02 7.873815e-01 5.620490e+01
1.232000e+02 8.029365e-01 5.251029e+01
1.236000e+02 8.151382e-01 4.961881e+01
1.240000e+02 8.163694e-01 4.913193e+01
1.244000e+02 8.316761e-01 4.570138e+01
1.248000e+02 8.387832e-01 4.406197e+01
1.252000e+02 8.416902e-01 4.333254e+01
1.256000e+02 8.449649e-01 4.255742e+01
1.260000e+02 8.512629e-01 4.116195e+01
1.264000e+02 8.541920e-01 4.049640e+01
1.268000e+02 8.569098e-01 3.988046e+01
1.272000e+02 8.588237e-01 3.944784e+01
1.276000e+02 8.603183e-01 3.911264e+01
1.280000e+02 8.611666e-01 3.892130e+01
1.284000e+02 8.612407e-01 3.890211e+01
1.288000e+02 8.633472e-01 3.845514e+01
1.292000e+02 8.640550e-01 3.831056e+01
1.296000e+02 8.645439e-01 3.821599e+01
1.300000e+02 8.648936e-01 3.815425e+01
1.304000e+02 8.651183e-01 3.812198e+01
1.308000e+02 8.651717e-01 3.812860e+01
1.312000e+02 8.652525e-01 3.813181e+01
1.316000e+02 8.652405e-01 3.815682e+01
1.320000e+02 8.651113e-01 3.820865e+01
1.324000e+02 8.641582e-01 3.844489e+01
1.328000e+02 8.647188e-01 3.834541e+01
1.332000e+02 8.644314e-01 3.843555e+01
1.336000e+02 8.641171e-01 3.853281e+01
1.340000e+02 8.636708e-01 3.866059e+01
1.344000e+02 8.633022e-01 3.877107e+01
1.348000e+02 8.628470e-01 3.890204e+01
1.352000e+02 8.623515e-01 3.904251e+01
1.356000e+02 8.618073e-01 3.919460e+01
1.360000e+02 8.611858e-01 3.936481e+01
1.364000e+02 8.603728e-01 3.957808e+01
1.368000e+02 8.574849e-01 4.023882e+01
1.372000e+02 8.588556e-01 3.998898e+01
1.376000e+02 8.581245e-01 4.019499e+01
1.380000e+02 8.571564e-01 4.045261e+01
1.384000e+02 8.562036e-01 4.070326e+01
1.388000e+02 8.554835e-01 4.089670e+01
1.392000e+02 8.551974e-01 4.098796e+01
1.396000e+02 8.547768e-01 4.110773e+01
1.400000e+02 8.540627e-01 4.129478e+01
1.404000e+02 8.536016e-01 4.142764e+01
1.408000e+02 8.525364e-01 4.169649e+01
1.412000e+02 8.518669e-01 4.188198e+01
1.416000e+02 8.504585e-01 4.222801e+01
1.420000e+02 8.448345e-01 4.346194e+01
1.424000e+02 8.452900e-01 4.342874e+01
1.428000e+02 8.469402e-01 4.315881e+01
1.432000e+02 8.457944e-01 4.347489e+01
1.436000e+02 8.444455e-01 4.382367e+01
1.440000e+02 8.437553e-01 4.401250e+01
1.444000e+02 8.434670e-01 4.409723e+01
1.448000e+02 8.403346e-01 4.477999e+01
1.452000e+02 8.424157e-01 4.436384e+01
1.456000e+02 8.426418e-01 4.435077e+01
1.460000e+02 8.421069e-01 4.450173e+01
1.464000e+02 8.414519e-01 4.468162e+01
1.468000e+02 8.406742e-01 4.489049e+01
1.472000e+02 8.398244e-01 4.511702e+01
1.476000e+02 8.389051e-01 4.536025e+01
1.480000e+02 8.379097e-01 4.562108e+01
1.484000e+02 8.366601e-01 4.593633e+01
1.488000e+02 8.320144e-01 4.698514e+01
1.492000e+02 8.346856e-01 4.646403e+01
1.496000e+02 8.336754e-01 4.673611e+01
1.500000e+02 8.323939e-01 4.706708e+01
1.504000e+02 8.308382e-01 4.745540e+01
1.508000e+02 8.286719e-01 4.797247e+01
1.512000e+02 8.285241e-01 4.807328e+01
1.516000e+02 8.276248e-01 4.832547e+01
1.520000e+02 8.266826e-01 4.858124e+01
1.524000e+02 8.257979e-01 4.882089e+01
1.528000e+02 8.247741e-01 4.909241e+01
1.532000e+02 8.236171e-01 4.939486e+01
1.536000e+02 8.220651e-01 4.978249e+01
1.540000e+02 8.148588e-01 5.139362e+01
1.544000e+02 8.196783e-01 5.041459e+01
1.548000e+02 8.187224e-01 5.068482e+01
1.552000e+02 8.174619e-01 5.101998e+01
1.556000e+02 8.161093e-01 5.137604e+01
1.560000e+02 8.145121e-01 5.178566e+01
1.564000e+02 8.132368e-01 5.212854e+01
1.568000e+02 8.118121e-01 5.250499e+01
1.572000e+02 8.102792e-01 5.290616e+01
1.576000e+02 8.087502e-01 5.330833e+01
1.580000e+02 8.071496e-01 5.372772e+01
1.584000e+02 8.054792e-01 5.416405e+01
1.588000e+02 8.037869e-01 5.460728e+01
1.592000e+02 8.020200e-01 5.506885e+01
1.596000e+02 8.002157e-01 5.554087e+01
1.600000e+02 7.983407e-01 5.603064e+01
1.604000e+02 7.964131e-01 5.653414e+01
1.608000e+02 7.944448e-01 5.704843e+01
1.612000e+02 7.923871e-01 5.758488e+01
1.616000e+02 7.902660e-01 5.813829e+01
1.620000e+02 7.880509e-01 5.871547e+01
1.624000e+02 7.857428e-01 5.931635e+01
1.628000e+02 7.833369e-01 5.994221e+01
1.632000e+02 7.807795e-01 6.060492e+01
1.636000e+02 7.781681e-01 6.128358e+01
1.640000e+02 7.753524e-01 6.201073e+01
1.644000e+02 7.722093e-01 6.281168e+01
1.648000e+02 7.665680e-01 6.414481e+01
1.652000e+02 7.644244e-01 6.474558e+01
1.656000e+02 7.574721e-01 6.636249e+01
1.660000e+02 7.553353e-01 6.698284e+01
1.664000e+02 7.554518e-01 6.714706e+01
1.668000e+02 7.521334e-01 6.803502e+01
1.672000e+02 7.481411e-01 6.907335e+01
1.676000e+02 7.407619e-01 7.085960e+01
1.680000e+02 7.394696e-01 7.133091e+01
1.684000e+02 7.347461e-01 7.256202e+01
1.688000e+02 7.295725e-01 7.390297e+01
1.692000e+02 7.240944e-01 7.532453e+01
1.696000e+02 7.182341e-01 7.684456e+01
1.700000e+02 7.118530e-01 7.849536e+01
1.704000e+02 7.051670e-01 8.023147e+01
1.708000e+02 6.978564e-01 8.212561e+01
1.712000e+02 6.898835e-01 8.418773e+01
1.716000e+02 6.813290e-01 8.640404e+01
1.720000e+02 6.720866e-01 8.880064e+01
1.724000e+02 6.619611e-01 9.142317e+01
1.728000e+02 6.508756e-01 9.429286e+01
1.732000e+02 6.386559e-01 9.745136e+01
1.736000e+02 6.249559e-01 1.009800e+02
1.740000e+02 6.109128e-01 1.046456e+02
1.744000e+02 5.948273e-01 1.088152e+02
1.748000e+02 5.769051e-01 1.134549e+02
1.752000e+02 5.531311e-01 1.194586e+02
1.756000e+02 5.341622e-01 1.244798e+02
1.760000e+02 5.105677e-01 1.306367e+02
1.764000e+02 4.845449e-01 1.374508e+02
1.768000e+02 4.552263e-01 1.451064e+02
1.772000e+02 4.224448e-01 1.536661e+02
1.776000e+02 3.861440e-01 1.631592e+02
1.780000e+02 3.462502e-01 1.736159e+02
1.784000e+02 3.028629e-01 1.850229e+02
1.788000e+02 2.564233e-01 1.972826e+02
1.792000e+02 2.078682e-01 2.101714e+02
1.796000e+02 1.588393e-01 2.232841e+02
1.800000e+02 1.117029e-01 2.360212e+02
1.804000e+02 7.028388e-02 2.474110e+02
1.808000e+02 3.753559e-02 2.566502e+02
1.812000e+02 1.589736e-02 2.630447e+02
1.816000e+02 4.856825e-03 2.666234e+02
1.820000e+02 9.593813e-04 2.681872e+02
1.824000e+02 1.151743e-04 2.687675e+02
1.828000e+02 1.009803e-05 2.689961e+02
1.832000e+02 1.651455e-06 2.690762e+02
1.836000e+02 3.614141e-06 2.690450e+02
1.840000e+02 3.743060e-05 2.688936e+02
1.844000e+02 3.495698e-04 2.685341e+02
1.848000e+02 2.252229e-03 2.675940e+02
1.852000e+02 8.739250e-03 2.652963e+02
1.856000e+02 2.328776e-02 2.608009e+02
1.860000e+02 4.769904e-02 2.537407e+02
1.864000e+02 8.096822e-02 2.444506e+02
1.868000e+02 1.205138e-01 2.336401e+02
1.872000e+02 1.633037e-01 2.221002e+02
1.876000e+02 2.069390e-01 2.104477e+02
1.880000e+02 2.494607e-01 1.991675e+02
1.884000e+02 2.897975e-01 1.885227e+02
1.888000e+02 3.272755e-01 1.786696e+02
1.892000e+02 3.616734e-01 1.696545e+02
1.896000e+02 3.929635e-01 1.614741e+02
1.900000e+02 4.212590e-01 1.540913e+02
1.904000e+02 4.467366e-01 1.474540e+02
1.908000e+02 4.696622e-01 1.414911e+02
1.912000e+02 4.902433e-01 1.361446e+02
1.916000e+02 5.086759e-01 1.313601e+02
1.920000e+02 5.251690e-01 1.270824e+02
1.924000e+02 5.398839e-01 1.232676e+02
1.928000e+02 5.529174e-01 1.198859e+02
1.932000e+02 5.635619e-01 1.170763e+02
1.936000e+02 5.745104e-01 1.142625e+02
1.940000e+02 5.844777e-01 1.116968e+02
1.944000e+02 5.938104e-01 1.092919e+02
1.948000e+02 6.021756e-01 1.071188e+02
1.952000e+02 6.068286e-01 1.057522e+02
1.956000e+02 6.099756e-01 1.047476e+02
1.960000e+02 6.231145e-01 1.016925e+02
1.964000e+02 6.299374e-01 9.998879e+01
1.968000e+02 6.354539e-01 9.858314e+01
1.972000e+02 6.402707e-01 9.734907e+01
1.976000e+02 6.444891e-01 9.626353e+01
1.980000e+02 6.482595e-01 9.529450e+01
1.984000e+02 6.518561e-01 9.437597e+01
1.988000e+02 6.548644e-01 9.360189e+01
1.992000e+02 6.567396e-01 9.308809e+01
1.996000e+02 6.595122e-01 9.239384e+01
2.000000e+02 6.615844e-01 9.187028e+01
2.004000e+02 6.627879e-01 9.154675e+01
2.008000e+02 6.627550e-01 9.149439e+01
2.012000e+02 6.635984e-01 9.129163e+01
2.016000e+02 6.645751e-01 9.109415e+01
2.020000e+02 6.641055e-01 9.122834e+01
2.024000e+02 6.623839e-01 9.166135e+01
2.028000e+02 6.596682e-01 9.232154e+01
2.032000e+02 6.571411e-01 9.290193e+01
2.036000e+02 6.583095e-01 9.260510e+01
2.040000e+02 6.631797e-01 9.143509e+01
2.044000e+02 6.681638e-01 9.020502e+01
2.048000e+02 6.722065e-01 8.919143e+01
2.052000e+02 6.751511e-01 8.844358e+01
2.056000e+02 6.774995e-01 8.784935e+01
2.060000e+02 6.784320e-01 8.757817e+01
2.064000e+02 6.802839e-01 8.713455e+01
2.068000e+02 6.814931e-01 8.684130e+01
2.072000e+02 6.822202e-01 8.665782e+01
2.076000e+02 6.827965e-01 8.650991e+01
2.080000e+02 6.831316e-01 8.641465e+01
2.084000e+02 6.813628e-01 8.676032e+01
2.088000e+02 6.793320e-01 8.717455e+01
2.092000e+02 6.840608e-01 8.618312e+01
2.096000e+02 6.845181e-01 8.608852e+01
2.100000e+02 6.846931e-01 8.605420e+01
2.104000e+02 6.825522e-01 8.652163e+01
2.108000e+02 6.656053e-01 9.034700e+01
2.112000e+02 6.846781e-01 8.606609e+01
2.116000e+02 6.850182e-01 8.600343e+01
2.120000e+02 6.850044e-01 8.601700e+01
2.124000e+02 6.848808e-01 8.605599e+01
2.128000e+02 6.846610e-01 8.611746e+01
2.132000e+02 6.844360e-01 8.618159e+01
2.136000e+02 6.841269e-01 8.626521e+01
2.140000e+02 6.837313e-01 8.636840e+01
2.144000e+02 6.830602e-01 8.652962e+01
2.148000e+02 6.791919e-01 8.735847e+01
2.152000e+02 6.807385e-01 8.705926e+01
2.156000e+02 6.820120e-01 8.682316e+01
2.160000e+02 6.815762e-01 8.694549e+01
2.164000e+02 6.814298e-01 8.700109e+01
2.168000e+02 6.809962e-01 8.712090e+01
2.172000e+02 6.805093e-01 8.725301e+01
2.176000e+02 6.799553e-01 8.740028e+01
2.180000e+02 6.793609e-01 8.755710e+01
2.184000e+02 6.788541e-01 8.769632e+01
2.188000e+02 6.782876e-01 8.784933e+01
2.192000e+02 6.776338e-01 8.802175e+01
2.196000e+02 6.770321e-01 8.818416e+01
2.200000e+02 6.763161e-01 8.837229e+01
2.204000e+02 6.756713e-01 8.854615e+01
2.208000e+02 6.749258e-01 8.874290e+01
2.212000e+02 6.741759e-01 8.894216e+01
2.216000e+02 6.733759e-01 8.915418e+01
2.220000e+02 6.725103e-01 8.938258e+01
2.224000e+02 6.715244e-01 8.963978e+01
2.228000e+02 6.705156e-01 8.990577e+01
2.232000e+02 6.692690e-01 9.022856e+01
2.236000e+02 6.679382e-01 9.057620e+01
2.240000e+02 6.662483e-01 9.101163e+01
2.244000e+02 6.641661e-01 9.154505e+01
2.248000e+02 6.612415e-01 9.227538e+01
2.252000e+02 6.580593e-01 9.307152e+01
2.256000e+02 6.540219e-01 9.403244e+01
2.260000e+02 6.444667e-01 9.610138e+01
2.264000e+02 6.526907e-01 9.436208e+01
2.268000e+02 6.557791e-01 9.367987e+01
2.272000e+02 6.575602e-01 9.326692e+01
2.276000e+02 6.585044e-01 9.304619e+01
2.280000e+02 6.588815e-01 9.296214e+01
2.284000e+02 6.588767e-01 9.297204e+01
2.288000e+02 6.585789e-01 9.305347e+01
2.292000e+02 6.579423e-01 9.321279e+01
2.296000e+02 6.511922e-01 9.470518e+01
2.300000e+02 6.565167e-01 9.357994e+01
2.304000e+02 6.554517e-01 9.384021e+01
2.308000e+02 6.538345e-01 9.421785e+01
2.312000e+02 6.353864e-01 9.814877e+01
2.316000e+02 6.507551e-01 9.495044e+01
2.320000e+02 6.517344e-01 9.480867e+01
2.324000e+02 6.509533e-01 9.502801e+01
2.328000e+02 6.493422e-01 9.542869e+01
2.332000e+02 6.467030e-01 9.605425e+01
2.336000e+02 6.408136e-01 9.735566e+01
2.340000e+02 6.259952e-01 1.004331e+02
2.344000e+02 6.407326e-01 9.746533e+01
2.348000e+02 6.433803e-01 9.692683e+01
2.352000e+02 6.427078e-01 9.708687e+01
2.356000e+02 6.253629e-01 1.007496e+02
2.360000e+02 6.386013e-01 9.801432e+01
2.364000e+02 6.410836e-01 9.755363e+01
2.368000e+02 6.380740e-01 9.822507e+01
2.372000e+02 6.006258e-01 1.062429e+02
2.376000e+02 6.374650e-01 9.846964e+01
2.380000e+02 6.378873e-01 9.844561e+01
2.384000e+02 6.344058e-01 9.925154e+01
2.388000e+02 6.316566e-01 9.987140e+01
2.392000e+02 6.156937e-01 1.032986e+02
2.396000e+02 6.288459e-01 1.006456e+02
2.400000e+02 6.282536e-01 1.008547e+02
2.404000e+02 6.273161e-01 1.011628e+02
2.408000e+02 6.254565e-01 1.016734e+02
2.412000e+02 6.209448e-01 1.027635e+02
2.416000e+02 6.199501e-01 1.030278e+02
2.420000e+02 6.169037e-01 1.036845e+02
2.424000e+02 5.960690e-01 1.080628e+02
2.428000e+02 6.202117e-01 1.029542e+02
2.432000e+02 6.177976e-01 1.034348e+02
2.436000e+02 6.116899e-01 1.047117e+02
2.440000e+02 6.203733e-01 1.029270e+02
2.444000e+02 6.217160e-01 1.026791e+02
2.448000e+02 6.224840e-01 1.025528e+02
2.452000e+02 6.220808e-01 1.026762e+02
2.456000e+02 6.213962e-01 1.028620e+02
2.460000e+02 6.205866e-01 1.030766e+02
2.464000e+02 6.195173e-01 1.033481e+02
2.468000e+02 6.185969e-01 1.035894e+02
2.472000e+02 6.172584e-01 1.039190e+02
2.476000e+02 6.138308e-01 1.046819e+02
2.480000e+02 6.065931e-01 1.062320e+02
2.484000e+02 6.080445e-01 1.059864e+02
2.488000e+02 6.120745e-01 1.052135e+02
2.492000e+02 6.105915e-01 1.055774e+02
2.496000e+02 6.018547e-01 1.074380e+02
2.500000e+02 5.586343e-01 1.167498e+02
2.504000e+02 6.055448e-01 1.068076e+02
2.508000e+02 6.056521e-01 1.068548e+02
2.512000e+02 5.996242e-01 1.081951e+02
2.516000e+02 6.041182e-01 1.072990e+02
2.520000e+02 6.041310e-01 1.073609e+02
2.524000e+02 6.033626e-01 1.075851e+02
2.528000e+02 6.020166e-01 1.079381e+02
2.532000e+02 6.008845e-01 1.082533e+02
2.536000e+02 5.991162e-01 1.087146e+02
2.540000e+02 5.970079e-01 1.092598e+02
2.544000e+02 5.943820e-01 1.099253e+02
2.548000e+02 5.919008e-01 1.105511e+02
2.552000e+02 5.906303e-01 1.108791e+02
2.556000e+02 5.910863e-01 1.107947e+02
2.560000e+02 5.916257e-01 1.106753e+02
2.564000e+02 5.917899e-01 1.106440e+02
2.568000e+02 5.914748e-01 1.107287e+02
2.572000e+02 5.909054e-01 1.108801e+02
2.576000e+02 5.898344e-01 1.111471e+02
2.580000e+02 5.877849e-01 1.116206e+02
2.584000e+02 5.844070e-01 1.123630e+02
2.588000e+02 5.679007e-01 1.158838e+02
2.592000e+02 5.852697e-01 1.122819e+02
2.596000e+02 5.854682e-01 1.122950e+02
2.600000e+02 5.847399e-01 1.125011e+02
2.604000e+02 5.838944e-01 1.127323e+02
2.608000e+02 5.823978e-01 1.131094e+02
2.612000e+02 5.817966e-01 1.132853e+02
2.616000e+02 5.806457e-01 1.135860e+02
2.620000e+02 5.793549e-01 1.139177e+02
2.624000e+02 5.777810e-01 1.143099e+02
2.628000e+02 5.699260e-01 1.160366e+02
2.632000e+02 5.726131e-01 1.155384e+02
2.636000e+02 5.561853e-01 1.190392e+02
2.640000e+02 5.686740e-01 1.164958e+02
2.644000e+02 5.698563e-01 1.163460e+02
2.648000e+02 5.663199e-01 1.171844e+02
2.652000e+02 5.655751e-01 1.174510e+02
2.656000e+02 5.635023e-01 1.180014e+02
2.660000e+02 5.610824e-01 1.186025e+02
2.664000e+02 5.600002e-01 1.188826e+02
2.668000e+02 5.595017e-01 1.189981e+02
2.672000e+02 5.419989e-01 1.226943e+02
2.676000e+02 5.591002e-01 1.190871e+02
2.680000e+02 5.606762e-01 1.187852e+02
2.684000e+02 5.605381e-01 1.188452e+02
2.688000e+02 5.599748e-01 1.190011e+02
2.692000e+02 5.593434e-01 1.191768e+02
2.696000e+02 5.585014e-01 1.194008e+02
2.700000e+02 5.575642e-01 1.196480e+02
2.704000e+02 5.565266e-01 1.199187e+02
2.708000e+02 5.554019e-01 1.202096e+02
2.712000e+02 5.541777e-01 1.205233e+02
2.716000e+02 5.531572e-01 1.207961e+02
2.720000e+02 5.516792e-01 1.211673e+02
2.724000e+02 5.501148e-01 1.215558e+02
2.728000e+02 5.456492e-01 1.225401e+02
2.732000e+02 5.399360e-01 1.237887e+02
2.736000e+02 5.461806e-01 1.225542e+02
2.740000e+02 5.451012e-01 1.228371e+02
2.744000e+02 5.339211e-01 1.252457e+02
2.748000e+02 5.421519e-01 1.235720e+02
2.752000e+02 5.419524e-01 1.236853e+02
2.756000e+02 5.405022e-01 1.240554e+02
2.760000e+02 5.379510e-01 1.246475e+02
2.764000e+02 5.337678e-01 1.255658e+02
2.768000e+02 5.334492e-01 1.257113e+02
2.772000e+02 5.353712e-01 1.253691e+02
2.776000e+02 5.354508e-01 1.254117e+02
2.780000e+02 5.346067e-01 1.256464e+02
2.784000e+02 5.334707e-01 1.259438e+02
2.788000e+02 5.324226e-01 1.262227e+02
2.792000e+02 5.305248e-01 1.266785e+02
2.796000e+02 5.270727e-01 1.274625e+02
2.800000e+02 5.278823e-01 1.273594e+02
2.804000e+02 5.278123e-01 1.274387e+02
2.808000e+02 5.266213e-01 1.277526e+02
2.812000e+02 5.252932e-01 1.280972e+02
2.816000e+02 5.240567e-01 1.284214e+02
2.820000e+02 5.226813e-01 1.287779e+02
2.824000e+02 5.213736e-01 1.291188e+02
2.828000e+02 5.137005e-01 1.308239e+02
2.832000e+02 5.185157e-01 1.298569e+02
2.836000e+02 5.175650e-01 1.301211e+02
2.840000e+02 5.164335e-01 1.304185e+02
2.844000e+02 5.150006e-01 1.307825e+02
2.848000e+02 5.138492e-01 1.310819e+02
2.852000e+02 5.122583e-01 1.314778e+02
2.856000e+02 5.095672e-01 1.321000e+02
2.860000e+02 4.907923e-01 1.360700e+02
2.864000e+02 4.979262e-01 1.346450e+02
2.868000e+02 5.061904e-01 1.330055e+02
2.872000e+02 5.059375e-01 1.331302e+02
2.876000e+02 5.048714e-01 1.334216e+02
2.880000e+02 5.034291e-01 1.337905e+02
2.884000e+02 5.012043e-01 1.343193e+02
2.888000e+02 4.904851e-01 1.366027e+02
2.892000e+02 4.940354e-01 1.359373e+02
2.896000e+02 4.976377e-01 1.352760e+02
2.900000e+02 4.969132e-01 1.355024e+02
2.904000e+02 4.958468e-01 1.357966e+02
2.908000e+02 4.941887e-01 1.362142e+02
2.912000e+02 4.929045e-01 1.365550e+02
2.916000e+02 4.916973e-01 1.368808e+02
2.920000e+02 4.903793e-01 1.372292e+02
2.924000e+02 4.887221e-01 1.376482e+02
2.928000e+02 4.861403e-01 1.382560e+02
2.932000e+02 4.577324e-01 1.444168e+02
2.936000e+02 4.790409e-01 1.399045e+02
2.940000e+02 4.828350e-01 1.391793e+02
2.944000e+02 4.817543e-01 1.394836e+02
2.948000e+02 4.803835e-01 1.398479e+02
2.952000e+02 4.789103e-01 1.402342e+02
2.956000e+02 4.774002e-01 1.406294e+02
2.960000e+02 4.757905e-01 1.410469e+02
2.964000e+02 4.740467e-01 1.414960e+02
2.968000e+02 4.724315e-01 1.419167e+02
2.972000e+02 4.696228e-01 1.425984e+02
2.976000e+02 4.683569e-01 1.429495e+02
2.980000e+02 4.652498e-01 1.436953e+02
2.984000e+02 4.575917e-01 1.453490e+02
2.988000e+02 4.605478e-01 1.448531e+02
2.992000e+02 4.611129e-01 1.448138e+02
2.996000e+02 4.598472e-01 1.451581e+02
3.000000e+02 4.582740e-01 1.455728e+02
3.004000e+02 4.555305e-01 1.462354e+02
3.008000e+02 4.504894e-01 1.473828e+02
3.012000e+02 4.487957e-01 1.478206e+02
3.016000e+02 4.394297e-01 1.498373e+02
3.020000e+02 4.382333e-01 1.501967e+02
3.024000e+02 4.453739e-01 1.488304e+02
3.028000e+02 4.434233e-01 1.493311e+02
3.032000e+02 4.128749e-01 1.559442e+02
3.036000e+02 4.404231e-01 1.501705e+02
3.040000e+02 4.394584e-01 1.504890e+02
3.044000e+02 4.371807e-01 1.510824e+02
3.048000e+02 4.344152e-01 1.517763e+02
3.052000e+02 4.327676e-01 1.522391e+02
3.056000e+02 4.310794e-01 1.527050e+02
3.060000e+02 4.290075e-01 1.532524e+02
3.064000e+02 4.267491e-01 1.538451e+02
3.068000e+02 4.243097e-01 1.544827e+02
3.072000e+02 4.217124e-01 1.551602e+02
3.076000e+02 4.189303e-01 1.558837e+02
3.080000e+02 4.160424e-01 1.566373e+02
3.084000e+02 4.128805e-01 1.574573e+02
3.088000e+02 4.094938e-01 1.583356e+02
3.092000e+02 4.058954e-01 1.592710e+02
3.096000e+02 4.018270e-01 1.603183e+02
3.100000e+02 3.938690e-01 1.621960e+02
3.104000e+02 3.930721e-01 1.625640e+02
3.108000e+02 3.897053e-01 1.634634e+02
3.112000e+02 3.864024e-01 1.643403e+02
3.116000e+02 3.827195e-01 1.653075e+02
3.120000e+02 3.785012e-01 1.664107e+02
3.124000e+02 3.735769e-01 1.676919e+02
3.128000e+02 3.679300e-01 1.691564e+02
3.132000e+02 3.616365e-01 1.707834e+02
3.136000e+02 3.549520e-01 1.724990e+02
3.140000e+02 3.491105e-01 1.740219e+02
3.144000e+02 3.440888e-01 1.753586e+02
3.148000e+02 3.381295e-01 1.769173e+02
3.152000e+02 3.309994e-01 1.787633e+02
3.156000e+02 3.214637e-01 1.811557e+02
3.160000e+02 3.072180e-01 1.845813e+02
3.164000e+02 2.898989e-01 1.887376e+02
3.168000e+02 2.920243e-01 1.888674e+02
3.172000e+02 2.749809e-01 1.931467e+02
3.176000e+02 2.687904e-01 1.950516e+02
3.180000e+02 2.546547e-01 1.987796e+02
3.184000e+02 2.384584e-01 2.030442e+02
3.188000e+02 2.200020e-01 2.079090e+02
3.192000e+02 1.989249e-01 2.134725e+02
3.196000e+02 1.747437e-01 2.198585e+02
3.200000e+02 1.218550e-01 2.327808e+02
3.204000e+02 1.199810e-01 2.344727e+02
3.208000e+02 9.399710e-02 2.414560e+02
3.212000e+02 7.431855e-02 2.467927e+02
3.216000e+02 5.867228e-02 2.511407e+02
3.220000e+02 4.176861e-02 2.558604e+02
3.224000e+02 2.558264e-02 2.604853e+02
3.228000e+02 1.268678e-02 2.643216e+02
3.232000e+02 4.677029e-03 2.669014e+02
3.236000e+02 1.130019e-03 2.682652e+02
3.240000e+02 1.562740e-04 2.688531e+02
3.244000e+02 1.195214e-05 2.691102e+02
3.248000e+02 7.895095e-07 2.692326e+02
3.252000e+02 2.515381e-07 2.692616e+02
3.256000e+02 1.772231e-06 2.692014e+02
3.260000e+02 2.844290e-05 2.690432e+02
3.264000e+02 3.049119e-04 2.687168e+02
3.268000e+02 1.718161e-03 2.679749e+02
3.272000e+02 6.420815e-03 2.662893e+02
3.276000e+02 1.598362e-02 2.633002e+02
3.280000e+02 3.061456e-02 2.590095e+02
3.284000e+02 4.957072e-02 2.536678e+02
3.288000e+02 7.082798e-02 2.477957e+02
3.292000e+02 9.290363e-02 2.417810e+02
3.296000e+02 1.146180e-01 2.359211e+02
3.300000e+02 1.352351e-01 2.303969e+02
3.304000e+02 1.542931e-01 2.253159e+02
3.308000e+02 1.716066e-01 2.207173e+02
3.312000e+02 1.871363e-01 2.166035e+02
3.316000e+02 2.008937e-01 2.129634e+02
3.320000e+02 2.128525e-01 2.097922e+02
3.324000e+02 2.220180e-01 2.072806e+02
3.328000e+02 2.195284e-01 2.072832e+02
3.332000e+02 2.402956e-01 2.025112e+02
3.336000e+02 2.486677e-01 2.003876e+02
3.340000e+02 2.549890e-01 1.987436e+02
3.344000e+02 2.602301e-01 1.973760e+02
3.348000e+02 2.643281e-01 1.962919e+02
3.352000e+02 2.651631e-01 1.959205e+02
3.356000e+02 2.712599e-01 1.944574e+02
3.360000e+02 2.753421e-01 1.934217e+02
3.364000e+02 2.789419e-01 1.924968e+02
3.368000e+02 2.820380e-01 1.916960e+02
3.372000e+02 2.845891e-01 1.910322e+02
3.376000e+02 2.865964e-01 1.905059e+02
3.380000e+02 2.884417e-01 1.900333e+02
3.384000e+02 2.897551e-01 1.896911e+02
3.388000e+02 2.906820e-01 1.894458e+02
3.392000e+02 2.915797e-01 1.892201e+02
3.396000e+02 2.921065e-01 1.890844e+02
3.400000e+02 2.924205e-01 1.890041e+02
3.404000e+02 2.925461e-01 1.889733e+02
3.408000e+02 2.924781e-01 1.889918e+02
3.412000e+02 2.922787e-01 1.890461e+02
3.416000e+02 2.919033e-01 1.891449e+02
3.420000e+02 2.913434e-01 1.892893e+02
3.424000e+02 2.906521e-01 1.894677e+02
3.428000e+02 2.895814e-01 1.897302e+02
3.432000e+02 2.774977e-01 1.923511e+02
3.436000e+02 2.867127e-01 1.904267e+02
3.440000e+02 2.868158e-01 1.904663e+02
3.444000e+02 2.856226e-01 1.907804e+02
3.448000e+02 2.838500e-01 1.912174e+02
3.452000e+02 2.823660e-01 1.915984e+02
3.456000e+02 2.812474e-01 1.919079e+02
3.460000e+02 2.799392e-01 1.922592e+02
3.464000e+02 2.787136e-01 1.925995e+02
3.468000e+02 2.771701e-01 1.930087e+02
3.472000e+02 2.754283e-01 1.934649e+02
3.476000e+02 2.737154e-01 1.939176e+02
3.480000e+02 2.718072e-01 1.944168e+02
3.484000e+02 2.698562e-01 1.949290e+02
3.488000e+02 2.677680e-01 1.954746e+02
3.492000e+02 2.656020e-01 1.960401e+02
3.496000e+02 2.631219e-01 1.966759e+02
3.500000e+02 2.608626e-01 1.972709e+02
3.504000e+02 2.583535e-01 1.979233e+02
3.508000e+02 2.554904e-01 1.986548e+02
3.512000e+02 2.520288e-01 1.995127e+02
3.516000e+02 2.462436e-01 2.008366e+02
3.520000e+02 2.441671e-01 2.014183e+02
3.524000e+02 2.294301e-01 2.046330e+02
3.528000e+02 2.158742e-01 2.077986e+02
3.532000e+02 2.387203e-01 2.030057e+02
3.536000e+02 2.367721e-01 2.035724e+02
3.540000e+02 2.339828e-01 2.043174e+02
3.544000e+02 2.307756e-01 2.051539e+02
3.548000e+02 2.261822e-01 2.062795e+02
3.552000e+02 2.223201e-01 2.072652e+02
3.556000e+02 2.207925e-01 2.077772e+02
3.560000e+02 2.173066e-01 2.086971e+02
3.564000e+02 2.132002e-01 2.097562e+02
3.568000e+02 2.100314e-01 2.106153e+02
3.572000e+02 2.056728e-01 2.117310e+02
3.576000e+02 1.845823e-01 2.164135e+02
3.580000e+02 1.957649e-01 2.142295e+02
3.584000e+02 1.911407e-01 2.154220e+02
3.588000e+02 1.637506e-01 2.213965e+02
3.592000e+02 1.828251e-01 2.176389e+02
3.596000e+02 1.707035e-01 2.204522e+02
3.600000e+02 1.754111e-01 2.197121e+02
3.604000e+02 1.712979e-01 2.208430e+02
3.608000e+02 1.664558e-01 2.221326e+02
3.612000e+02 1.612977e-01 2.234967e+02
3.616000e+02 1.541196e-01 2.252925e+02
3.620000e+02 1.505167e-01 2.263514e+02
3.624000e+02 1.450498e-01 2.278113e+02
3.628000e+02 1.392298e-01 2.293546e+02
3.632000e+02 1.328615e-01 2.310217e+02
3.636000e+02 1.254273e-01 2.329239e+02
3.640000e+02 1.199542e-01 2.344260e+02
3.644000e+02 9.584842e-02 2.398766e+02
3.648000e+02 1.065589e-01 2.379845e+02
3.652000e+02 1.006610e-01 2.396259e+02
3.656000e+02 9.361095e-02 2.415182e+02
3.660000e+02 8.599454e-02 2.435467e+02
3.664000e+02 7.760342e-02 2.457597e+02
3.668000e+02 6.086230e-02 2.497893e+02
3.672000e+02 5.806996e-02 2.508772e+02
3.676000e+02 4.484574e-02 2.542533e+02
3.680000e+02 2.678219e-02 2.587023e+02
3.684000e+02 4.971629e-03 2.637717e+02
3.688000e+02 1.325825e-02 2.623658e+02
3.692000e+02 2.360646e-02 2.603563e+02
3.696000e+02 2.596303e-02 2.600896e+02
3.700000e+02 2.435484e-02 2.607384e+02
3.704000e+02 2.119625e-02 2.617532e+02
3.708000e+02 1.743310e-02 2.629065e+02
3.712000e+02 1.380892e-02 2.640274e+02
3.716000e+02 1.065798e-02 2.650357e+02
3.720000e+02 7.783374e-03 2.659642e+02
3.724000e+02 5.394548e-03 2.667647e+02
3.728000e+02 3.515623e-03 2.674293e+02
3.732000e+02 2.128038e-03 2.679604e+02
3.736000e+02 1.177655e-03 2.683696e+02
3.740000e+02 5.822842e-04 2.686760e+02
3.744000e+02 2.498514e-04 2.689021e+02
3.748000e+02 8.928698e-05 2.690713e+02
3.752000e+02 2.156139e-05 2.692044e+02
3.756000e+02 5.327436e-06 2.693138e+02
3.760000e+02 7.389677e-07 2.694109e+02
3.764000e+02 5.928944e-08 2.694988e+02
3.768000e+02 2.182627e-09 2.695791e+02
3.772000e+02 2.817781e-11 2.696516e+02
3.776000e+02 7.596713e-14 2.697163e+02
3.780000e+02 2.149158e-17 2.697726e+02
3.784000e+02 2.319593e-22 2.698200e+02
3.788000e+02 2.821628e-29 2.698582e+02
3.792000e+02 1.211680e-38 2.698869e+02
3.796000e+02 4.464244e-50 2.699057e+02
3.800000e+02 3.915460e-60 2.699147e+02
3.804000e+02 3.525592e-59 2.699137e+02
3.808000e+02 2.435055e-48 2.699028e+02
3.812000e+02 4.407579e-37 2.698823e+02
3.816000e+02 3.787998e-28 2.698524e+02
3.820000e+02 1.266638e-21 2.698134e+02
3.824000e+02 5.822749e-17 2.697659e+02
3.828000e+02 1.288727e-13 2.697104e+02
3.832000e+02 3.515879e-11 2.696474e+02
3.836000e+02 2.254265e-09 2.695776e+02
3.840000e+02 5.238271e-08 2.695015e+02
3.844000e+02 5.899699e-07 2.694192e+02
3.848000e+02 3.922395e-06 2.693302e+02
3.852000e+02 1.766925e-05 2.692318e+02
3.856000e+02 5.949190e-05 2.691187e+02
3.860000e+02 1.617079e-04 2.689815e+02
3.864000e+02 3.722308e-04 2.688077e+02
3.868000e+02 7.446052e-04 2.685835e+02
3.872000e+02 1.290641e-03 2.683055e+02
3.876000e+02 2.187596e-03 2.679368e+02
3.880000e+02 3.335329e-03 2.675001e+02
3.884000e+02 4.750833e-03 2.669954e+02
3.888000e+02 6.387704e-03 2.664380e+02
3.892000e+02 8.155476e-03 2.658543e+02
3.896000e+02 9.928351e-03 2.652775e+02
3.900000e+02 1.162906e-02 2.647216e+02
3.904000e+02 1.344626e-02 2.641263e+02
3.908000e+02 1.608800e-02 2.633166e+02
3.912000e+02 1.981590e-02 2.622316e+02
3.916000e+02 2.404308e-02 2.610122e+02
3.920000e+02 2.838828e-02 2.597620e+02
3.924000e+02 3.242878e-02 2.585811e+02
3.928000e+02 3.606822e-02 2.574967e+02
3.932000e+02 4.122920e-02 2.561152e+02
3.936000e+02 4.542856e-02 2.549450e+02
3.940000e+02 4.942869e-02 2.538297e+02
3.944000e+02 5.329122e-02 2.527560e+02
3.948000e+02 5.695691e-02 2.517359e+02
3.952000e+02 6.040601e-02 2.507732e+02
3.956000e+02 6.403225e-02 2.497865e+02
3.960000e+02 6.728916e-02 2.488877e+02
3.964000e+02 6.956328e-02 2.482027e+02
3.968000e+02 7.306739e-02 2.472757e+02
3.972000e+02 7.609756e-02 2.464588e+02
3.976000e+02 7.914782e-02 2.456480e+02
3.980000e+02 8.177286e-02 2.449352e+02
3.984000e+02 8.422716e-02 2.442677e+02
3.988000e+02 8.650397e-02 2.436469e+02
3.992000e+02 8.850929e-02 2.430922e+02
3.996000e+02 9.034189e-02 2.425813e+02
4.000000e+02 8.853030e-02 2.428375e+02
0.9 1 0
1.000000e+01 9.963641e-01 3.580058e+00
1.040000e+01 9.963167e-01 3.591596e+00
1.080000e+01 9.962740e-01 3.602185e+00
1.120000e+01 9.962172e-01 3.615838e+00
1.160000e+01 9.961808e-01 3.625240e+00
1.200000e+01 9.961297e-01 3.637822e+00
1.240000e+01 9.960754e-01 3.651166e+00
1.280000e+01 9.960185e-01 3.665158e+00
1.320000e+01 9.959589e-01 3.679796e+00
1.360000e+01 9.958966e-01 3.695102e+00
1.400000e+01 9.958315e-01 3.711102e+00
1.440000e+01 9.957628e-01 3.727958e+00
1.480000e+01 9.956670e-01 3.750798e+00
1.520000e+01 9.956169e-01 3.763807e+00
1.560000e+01 9.955412e-01 3.782501e+00
1.600000e+01 9.954555e-01 3.803425e+00
1.640000e+01 9.953736e-01 3.823704e+00
1.680000e+01 9.952874e-01 3.845062e+00
1.720000e+01 9.951945e-01 3.868009e+00
1.760000e+01 9.950956e-01 3.892450e+00
1.800000e+01 9.949902e-01 3.918513e+00
1.840000e+01 9.948772e-01 3.946509e+00
1.880000e+01 9.947546e-01 3.976946e+00
1.920000e+01 9.946196e-01 4.010545e+00
1.960000e+01 9.944682e-01 4.048351e+00
2.000000e+01 9.942933e-01 4.092138e+00
2.040000e+01 9.940853e-01 4.144392e+00
2.080000e+01 9.938299e-01 4.208743e+00
2.120000e+01 9.935098e-01 4.289352e+00
2.160000e+01 9.931200e-01 4.386917e+00
2.200000e+01 9.927162e-01 4.486336e+00
2.240000e+01 9.925102e-01 4.537015e+00
2.280000e+01 9.925656e-01 4.524254e+00
2.320000e+01 9.926577e-01 4.500383e+00
2.360000e+01 9.926943e-01 4.489126e+00
2.400000e+01 9.926646e-01 4.494042e+00
2.440000e+01 9.926382e-01 4.500187e+00
2.480000e+01 9.925451e-01 4.522012e+00
2.520000e+01 9.924164e-01 4.552504e+00
2.560000e+01 9.922132e-01 4.600043e+00
2.600000e+01 9.921248e-01 4.623259e+00
2.640000e+01 9.919567e-01 4.664290e+00
2.680000e+01 9.917716e-01 4.709421e+00
2.720000e+01 9.915733e-01 4.757778e+00
2.760000e+01 9.913611e-01 4.809526e+00
2.800000e+01 9.911396e-01 4.863620e+00
2.840000e+01 9.909071e-01 4.920417e+00
2.880000e+01 9.906402e-01 4.984930e+00
2.920000e+01 9.903932e-01 5.045557e+00
2.960000e+01 9.901259e-01 5.110915e+00
3.000000e+01 9.896110e-01 5.230237e+00
3.040000e+01 9.895056e-01 5.260977e+00
3.080000e+01 9.892491e-01 5.325344e+00
3.120000e+01 9.889399e-01 5.401307e+00
3.160000e+01 9.886071e-01 5.482716e+00
3.200000e+01 9.882562e-01 5.568451e+00
3.240000e+01 9.878890e-01 5.658162e+00
3.280000e+01 9.875027e-01 5.752459e+00
3.320000e+01 9.870990e-01 5.851032e+00
3.360000e+01 9.866741e-01 5.954691e+00
3.400000e+01 9.862288e-01 6.063325e+00
3.440000e+01 9.857604e-01 6.177529e+00
3.480000e+01 9.852668e-01 6.297784e+00
3.520000e+01 9.847477e-01 6.424226e+00
3.560000e+01 9.841963e-01 6.558316e+00
3.600000e+01 9.833244e-01 6.763987e+00
3.640000e+01 9.830136e-01 6.846103e+00
3.680000e+01 9.823809e-01 7.000227e+00
3.720000e+01 9.817016e-01 7.165282e+00
3.760000e+01 9.809451e-01 7.347772e+00
3.800000e+01 9.801558e-01 7.538521e+00
3.840000e+01 9.794293e-01 7.717337e+00
3.880000e+01 9.785867e-01 7.922119e+00
3.920000e+01 9.776796e-01 8.142141e+00
3.960000e+01 9.767222e-01 8.374433e+00
4.000000e+01 9.757062e-01 8.620975e+00
4.040000e+01 9.746166e-01 8.885062e+00
4.080000e+01 9.734521e-01 9.167187e+00
4.120000e+01 9.722076e-01 9.468572e+00
4.160000e+01 9.708731e-01 9.791586e+00
4.200000e+01 9.694390e-01 1.013853e+01
4.240000e+01 9.678906e-01 1.051276e+01
4.280000e+01 9.659928e-01 1.096612e+01
4.320000e+01 9.644243e-01 1.135012e+01
4.360000e+01 9.622148e-01 1.187689e+01
4.400000e+01 9.604053e-01 1.232121e+01
4.440000e+01 9.581567e-01 1.286505e+01
4.480000e+01 9.556227e-01 1.347531e+01
4.520000e+01 9.529860e-01 1.411354e+01
4.560000e+01 9.500367e-01 1.482562e+01
4.600000e+01 9.467918e-01 1.560875e+01
4.640000e+01 9.432171e-01 1.647139e+01
4.680000e+01 9.392625e-01 1.742564e+01
4.720000e+01 9.348724e-01 1.848500e+01
4.760000e+01 9.299759e-01 1.966663e+01
4.800000e+01 9.244878e-01 2.099126e+01
4.840000e+01 9.183000e-01 2.248517e+01
4.880000e+01 9.112764e-01 2.418160e+01
4.920000e+01 9.032423e-01 2.612328e+01
4.960000e+01 8.939474e-01 2.837132e+01
5.000000e+01 8.828915e-01 3.104419e+01
5.040000e+01 8.700068e-01 3.417274e+01
5.080000e+01 8.540925e-01 3.804413e+01
5.120000e+01 8.339210e-01 4.296259e+01
5.160000e+01 8.070986e-01 4.951006e+01
5.200000e+01 7.666783e-01 5.928895e+01
5.240000e+01 7.199277e-01 7.086603e+01
5.280000e+01 6.521837e-01 8.760216e+01
5.320000e+01 5.540660e-01 1.117028e+02
5.360000e+01 3.299507e-01 1.647794e+02
5.400000e+01 2.878193e-01 1.780817e+02
5.440000e+01 1.726957e-01 2.088203e+02
5.480000e+01 6.567449e-02 2.378474e+02
5.520000e+01 5.757836e-03 2.559938e+02
5.560000e+01 3.413188e-03 2.604320e+02
5.600000e+01 2.569154e-04 2.635922e+02
5.640000e+01 5.885945e-07 2.650563e+02
5.680000e+01 3.701397e-06 2.658442e+02
5.720000e+01 1.195192e-06 2.663859e+02
5.760000e+01 1.863446e-12 2.668162e+02
5.800000e+01 1.579154e-08 2.671322e+02
5.840000e+01 6.691879e-15 2.673831e+02
5.880000e+01 1.149160e-09 2.674233e+02
5.920000e+01 1.560660e-14 2.674886e+02
5.960000e+01 3.890371e-17 2.675592e+02
6.000000e+01 5.654382e-11 2.676915e+02
6.040000e+01 8.417635e-19 2.678031e+02
6.080000e+01 1.358369e-10 2.677391e+02
6.120000e+01 1.139856e-13 2.676771e+02
6.160000e+01 5.488610e-10 2.675957e+02
6.200000e+01 9.152924e-10 2.675054e+02
6.240000e+01 1.140951e-15 2.673222e+02
6.280000e+01 7.306021e-08 2.668036e+02
6.320000e+01 1.337112e-05 2.658304e+02
6.360000e+01 2.726256e-05 2.643371e+02
6.400000e+01 2.411970e-03 2.614653e+02
6.440000e+01 1.923688e-02 2.541661e+02
6.480000e+01 5.366477e-02 2.417853e+02
6.520000e+01 9.862158e-02 2.261521e+02
6.560000e+01 2.680885e-01 1.840590e+02
6.600000e+01 3.996270e-01 1.506704e+02
6.640000e+01 5.057934e-01 1.236752e+02
6.680000e+01 5.975004e-01 1.008143e+02
6.720000e+01 6.792005e-01 8.099031e+01
6.760000e+01 7.316649e-01 6.807112e+01
6.800000e+01 7.694786e-01 5.876858e+01
6.840000e+01 7.978605e-01 5.181122e+01
6.880000e+01 8.206794e-01 4.626077e+01
6.920000e+01 8.382752e-01 4.197957e+01
6.960000e+01 8.526689e-01 3.848723e+01
7.000000e+01 8.647992e-01 3.555088e+01
7.040000e+01 8.752237e-01 3.303219e+01
7.080000e+01 8.842694e-01 3.084951e+01
7.120000e+01 8.922032e-01 2.893729e+01
7.160000e+01 8.992138e-01 2.724923e+01
7.200000e+01 9.054681e-01 2.574476e+01
7.240000e+01 9.110493e-01 2.440293e+01
7.280000e+01 9.160767e-01 2.319526e+01
7.320000e+01 9.206141e-01 2.210599e+01
7.360000e+01 9.247161e-01 2.112160e+01
7.400000e+01 9.284406e-01 2.022813e+01
7.440000e+01 9.318388e-01 1.941344e+01
7.480000e+01 9.349150e-01 1.867540e+01
7.520000e+01 9.376640e-01 1.801337e+01
7.560000e+01 9.402900e-01 1.738487e+01
7.600000e+01 9.427103e-01 1.680580e+01
7.640000e+01 9.419431e-01 1.694181e+01
7.680000e+01 9.468847e-01 1.580317e+01
7.720000e+01 9.490302e-01 1.529713e+01
7.760000e+01 9.475934e-01 1.561193e+01
7.800000e+01 9.525350e-01 1.446224e+01
7.840000e+01 9.541268e-01 1.408388e+01
7.880000e+01 9.555674e-01 1.374057e+01
7.920000e+01 9.569170e-01 1.341933e+01
7.960000e+01 9.581828e-01 1.311845e+01
8.000000e+01 9.593514e-01 1.284052e+01
8.040000e+01 9.604460e-01 1.258023e+01
8.080000e+01 9.614461e-01 1.234194e+01
8.120000e+01 9.624539e-01 1.210298e+01
8.160000e+01 9.633915e-01 1.188063e+01
8.200000e+01 9.642613e-01 1.167428e+01
8.240000e+01 9.650762e-01 1.148112e+01
8.280000e+01 9.658404e-01 1.130016e+01
8.320000e+01 9.665546e-01 1.113119e+01
8.360000e+01 9.672319e-01 1.097116e+01
8.400000e+01 9.678685e-01 1.082095e+01
8.440000e+01 9.684674e-01 1.067982e+01
8.480000e+01 9.690290e-01 1.054763e+01
8.520000e+01 9.695574e-01 1.042342e+01
8.560000e+01 9.700592e-01 1.030575e+01
8.600000e+01 9.705292e-01 1.019568e+01
8.640000e+01 9.709700e-01 1.009263e+01
8.680000e+01 9.713807e-01 9.996776e+00
8.720000e+01 9.717751e-01 9.905081e+00
8.760000e+01 9.721403e-01 9.820293e+00
8.800000e+01 9.724826e-01 9.741003e+00
8.840000e+01 9.728065e-01 9.666149e+00
8.880000e+01 9.731118e-01 9.595839e+00
8.920000e+01 9.733961e-01 9.530591e+00
8.960000e+01 9.736607e-01 9.470104e+00
9.000000e+01 9.738841e-01 9.419482e+00
9.040000e+01 9.741247e-01 9.364727e+00
9.080000e+01 9.743035e-01 9.324576e+00
9.120000e+01 9.745263e-01 9.274662e+00
9.160000e+01 9.747060e-01 9.234826e+00
9.200000e+01 9.748608e-01 9.200852e+00
9.240000e+01 9.749942e-01 9.171892e+00
9.280000e+01 9.751060e-01 9.147990e+00
9.320000e+01 9.751591e-01 9.137017e+00
9.360000e+01 9.749287e-01 9.186602e+00
9.400000e+01 9.725844e-01 9.703898e+00
9.440000e+01 9.753022e-01 9.110307e+00
9.480000e+01 9.754627e-01 9.078533e+00
9.520000e+01 9.755065e-01 9.071806e+00
9.560000e+01 9.753736e-01 9.103230e+00
9.600000e+01 9.747285e-01 9.244312e+00
9.640000e+01 9.744053e-01 9.317961e+00
9.680000e+01 9.754181e-01 9.105685e+00
9.720000e+01 9.755052e-01 9.092305e+00
9.760000e+01 9.754817e-01 9.102915e+00
9.800000e+01 9.753950e-01 9.127753e+00
9.840000e+01 9.753354e-01 9.146967e+00
9.880000e+01 9.752135e-01 9.180393e+00
9.920000e+01 9.748786e-01 9.261483e+00
9.960000e+01 9.748516e-01 9.274685e+00
1.000000e+02 9.745701e-01 9.344085e+00
1.004000e+02 9.739768e-01 9.479025e+00
1.008000e+02 9.738508e-01 9.517199e+00
1.012000e+02 9.736531e-01 9.569700e+00
1.016000e+02 9.707621e-01 1.020095e+01
1.020000e+02 9.722733e-01 9.885869e+00
1.024000e+02 9.730665e-01 9.730403e+00
1.028000e+02 9.728895e-01 9.782375e+00
1.032000e+02 9.725049e-01 9.879662e+00
1.036000e+02 9.718245e-01 1.004130e+01
1.040000e+02 9.708028e-01 1.027771e+01
1.044000e+02 9.711514e-01 1.022059e+01
1.048000e+02 9.706927e-01 1.033862e+01
1.052000e+02 9.700839e-01 1.049057e+01
1.056000e+02 9.694379e-01 1.065168e+01
1.060000e+02 9.686955e-01 1.083553e+01
1.064000e+02 9.678719e-01 1.103884e+01
1.068000e+02 9.669571e-01 1.126400e+01
1.072000e+02 9.659318e-01 1.151556e+01
1.076000e+02 9.648033e-01 1.179184e+01
1.080000e+02 9.634938e-01 1.211071e+01
1.084000e+02 9.621057e-01 1.244941e+01
1.088000e+02 9.604793e-01 1.284375e+01
1.092000e+02 9.585199e-01 1.331382e+01
1.096000e+02 9.534188e-01 1.447745e+01
1.100000e+02 9.540756e-01 1.438538e+01
1.104000e+02 9.509898e-01 1.511517e+01
1.108000e+02 9.320545e-01 1.932006e+01
1.112000e+02 9.442381e-01 1.673223e+01
1.116000e+02 9.409628e-01 1.754343e+01
1.120000e+02 9.363528e-01 1.865380e+01
1.124000e+02 9.307521e-01 1.999632e+01
1.128000e+02 9.238602e-01 2.164201e+01
1.132000e+02 9.158446e-01 2.355943e+01
1.136000e+02 9.058504e-01 2.594415e+01
1.140000e+02 8.933749e-01 2.891737e+01
1.144000e+02 8.778007e-01 3.262766e+01
1.148000e+02 8.574644e-01 3.746101e+01
1.152000e+02 8.315236e-01 4.364274e+01
1.156000e+02 7.971960e-01 5.183474e+01
1.160000e+02 7.500901e-01 6.307882e+01
1.164000e+02 6.844757e-01 7.877473e+01
1.168000e+02 5.916054e-01 1.010811e+02
1.172000e+02 4.604638e-01 1.328211e+02
1.176000e+02 2.860384e-01 1.757192e+02
1.180000e+02 1.013724e-01 2.230472e+02
1.184000e+02 6.197434e-03 2.514188e+02
1.188000e+02 1.520985e-06 2.555363e+02
1.192000e+02 1.762855e-02 2.471435e+02
1.196000e+02 1.467557e-01 2.110286e+02
1.200000e+02 3.391516e-01 1.625300e+02
1.204000e+02 5.050395e-01 1.220063e+02
1.208000e+02 6.259980e-01 9.284033e+01
1.212000e+02 7.108840e-01 7.250561e+01
1.216000e+02 7.707482e-01 5.821724e+01
1.220000e+02 8.137879e-01 4.796708e+01
1.224000e+02 8.454067e-01 4.044638e+01
1.228000e+02 8.691020e-01 3.481300e+01
1.232000e+02 8.867369e-01 3.060939e+01
1.236000e+02 9.007323e-01 2.727517e+01
1.240000e+02 9.026475e-01 2.659245e+01
1.244000e+02 9.201619e-01 2.263302e+01
1.248000e+02 9.286394e-01 2.065088e+01
1.252000e+02 9.324889e-01 1.967428e+01
1.256000e+02 9.367629e-01 1.864132e+01
1.260000e+02 9.444069e-01 1.690906e+01
1.264000e+02 9.483302e-01 1.598720e+01
1.268000e+02 9.520320e-01 1.511629e+01
1.272000e+02 9.548514e-01 1.444752e+01
1.276000e+02 9.572110e-01 1.388590e+01
1.280000e+02 9.588558e-01 1.348480e+01
1.284000e+02 9.596447e-01 1.327636e+01
1.288000e+02 9.627069e-01 1.258057e+01
1.292000e+02 9.642189e-01 1.222461e+01
1.296000e+02 9.654946e-01 1.192301e+01
1.300000e+02 9.666222e-01 1.165652e+01
1.304000e+02 9.676173e-01 1.142148e+01
1.308000e+02 9.684280e-01 1.122877e+01
1.312000e+02 9.692764e-01 1.103003e+01
1.316000e+02 9.700285e-01 1.085414e+01
1.320000e+02 9.706567e-01 1.070690e+01
1.324000e+02 9.703680e-01 1.077010e+01
1.328000e+02 9.717876e-01 1.044349e+01
1.332000e+02 9.722650e-01 1.033294e+01
1.336000e+02 9.727239e-01 1.022744e+01
1.340000e+02 9.730472e-01 1.015377e+01
1.344000e+02 9.734723e-01 1.005622e+01
1.348000e+02 9.738085e-01 9.980120e+00
1.352000e+02 9.741029e-01 9.913894e+00
1.356000e+02 9.743605e-01 9.856380e+00
1.360000e+02 9.745625e-01 9.811609e+00
1.364000e+02 9.745910e-01 9.805796e+00
1.368000e+02 9.723251e-01 1.030911e+01
1.372000e+02 9.749675e-01 9.724196e+00
1.376000e+02 9.753255e-01 9.648224e+00
1.380000e+02 9.755006e-01 9.612175e+00
1.384000e+02 9.756444e-01 9.583107e+00
1.388000e+02 9.756527e-01 9.585378e+00
1.392000e+02 9.758756e-01 9.537826e+00
1.396000e+02 9.759664e-01 9.521043e+00
1.400000e+02 9.758253e-01 9.558272e+00
1.404000e+02 9.760836e-01 9.502339e+00
1.408000e+02 9.757532e-01 9.581139e+00
1.412000e+02 9.759740e-01 9.534520e+00
1.416000e+02 9.754554e-01 9.650730e+00
1.420000e+02 9.702265e-01 1.078781e+01
1.424000e+02 9.721462e-01 1.037546e+01
1.428000e+02 9.756581e-01 9.623163e+00
1.432000e+02 9.761383e-01 9.525675e+00
1.436000e+02 9.762696e-01 9.503124e+00
1.440000e+02 9.762634e-01 9.510175e+00
1.444000e+02 9.760982e-01 9.550723e+00
1.448000e+02 9.726710e-01 1.030875e+01
1.452000e+02 9.754760e-01 9.696201e+00
1.456000e+02 9.763242e-01 9.518528e+00
1.460000e+02 9.764353e-01 9.500890e+00
1.464000e+02 9.765098e-01 9.490922e+00
1.468000e+02 9.765177e-01 9.495852e+00
1.472000e+02 9.764997e-01 9.506700e+00
1.476000e+02 9.764472e-01 9.525444e+00
1.480000e+02 9.763448e-01 9.555114e+00
1.484000e+02 9.759811e-01 9.641666e+00
1.488000e+02 9.716843e-01 1.061009e+01
1.492000e+02 9.759677e-01 9.662014e+00
1.496000e+02 9.759912e-01 9.666918e+00
1.500000e+02 9.757439e-01 9.731275e+00
1.504000e+02 9.752329e-01 9.850344e+00
1.508000e+02 9.740728e-01 1.010906e+01
1.512000e+02 9.753418e-01 9.843486e+00
1.516000e+02 9.756829e-01 9.775818e+00
1.520000e+02 9.757652e-01 9.764608e+00
1.524000e+02 9.758528e-01 9.750467e+00
1.528000e+02 9.758290e-01 9.762515e+00
1.532000e+02 9.757206e-01 9.793618e+00
1.536000e+02 9.752086e-01 9.913035e+00
1.540000e+02 9.680326e-01 1.152707e+01
1.544000e+02 9.751900e-01 9.932735e+00
1.548000e+02 9.755302e-01 9.867565e+00
1.552000e+02 9.755490e-01 9.872123e+00
1.556000e+02 9.754984e-01 9.891892e+00
1.560000e+02 9.751957e-01 9.967755e+00
1.564000e+02 9.753193e-01 9.948944e+00
1.568000e+02 9.753076e-01 9.960470e+00
1.572000e+02 9.752110e-01 9.990907e+00
1.576000e+02 9.751668e-01 1.000971e+01
1.580000e+02 9.750870e-01 1.003659e+01
1.584000e+02 9.749767e-01 1.007035e+01
1.588000e+02 9.748976e-01 1.009730e+01
1.592000e+02 9.747902e-01 1.013071e+01
1.596000e+02 9.747051e-01 1.015915e+01
1.600000e+02 9.746054e-01 1.019097e+01
1.604000e+02 9.745054e-01 1.022310e+01
1.608000e+02 9.744135e-01 1.025326e+01
1.612000e+02 9.742925e-01 1.029019e+01
1.616000e+02 9.741869e-01 1.032379e+01
1.620000e+02 9.740642e-01 1.036133e+01
1.624000e+02 9.739313e-01 1.040128e+01
1.628000e+02 9.737888e-01 1.044351e+01
1.632000e+02 9.735773e-01 1.050141e+01
1.636000e+02 9.734271e-01 1.054536e+01
1.640000e+02 9.731603e-01 1.061524e+01
1.644000e+02 9.726315e-01 1.074158e+01
1.648000e+02 9.691059e-01 1.152468e+01
1.652000e+02 9.701714e-01 1.129812e+01
1.656000e+02 9.653127e-01 1.236079e+01
1.660000e+02 9.667882e-01 1.205375e+01
1.664000e+02 9.714067e-01 1.107057e+01
1.668000e+02 9.718867e-01 1.098057e+01
1.672000e+02 9.717776e-01 1.101757e+01
1.676000e+02 9.675536e-01 1.198780e+01
1.680000e+02 9.716199e-01 1.108013e+01
1.684000e+02 9.715795e-01 1.110407e+01
1.688000e+02 9.713607e-01 1.116728e+01
1.692000e+02 9.711892e-01 1.122043e+01
1.696000e+02 9.709906e-01 1.128022e+01
1.700000e+02 9.706449e-01 1.137416e+01
1.704000e+02 9.705206e-01 1.141758e+01
1.708000e+02 9.702518e-01 1.149487e+01
1.712000e+02 9.698614e-01 1.159988e+01
1.716000e+02 9.695528e-01 1.168790e+01
1.720000e+02 9.692845e-01 1.176815e+01
1.724000e+02 9.688981e-01 1.187578e+01
1.728000e+02 9.684196e-01 1.200526e+01
1.732000e+02 9.677499e-01 1.217736e+01
1.736000e+02 9.665388e-01 1.247155e+01
1.740000e+02 9.667775e-01 1.245124e+01
1.744000e+02 9.660839e-01 1.263809e+01
1.748000e+02 9.650383e-01 1.290469e+01
1.752000e+02 9.570213e-01 1.475309e+01
1.756000e+02 9.607911e-01 1.390930e+01
1.760000e+02 9.606150e-01 1.399569e+01
1.764000e+02 9.608280e-01 1.401916e+01
1.768000e+02 9.602827e-01 1.419877e+01
1.772000e+02 9.590673e-01 1.453503e+01
1.776000e+02 9.574279e-01 1.497652e+01
1.780000e+02 9.553587e-01 1.552762e+01
1.784000e+02 9.527737e-01 1.621087e+01
1.788000e+02 9.495820e-01 1.705173e+01
1.792000e+02 9.455968e-01 1.809832e+01
1.796000e+02 9.404743e-01 1.943578e+01
1.800000e+02 9.324198e-01 2.149272e+01
1.804000e+02 9.251543e-01 2.341010e+01
1.808000e+02 9.135518e-01 2.640136e+01
1.812000e+02 8.978678e-01 3.042440e+01
1.816000e+02 8.766346e-01 3.584001e+01
1.820000e+02 8.482937e-01 4.301174e+01
1.824000e+02 8.125592e-01 5.194948e+01
1.828000e+02 7.732701e-01 6.156839e+01
1.832000e+02 7.432760e-01 6.858372e+01
1.836000e+02 7.564136e-01 6.554752e+01
1.840000e+02 7.921117e-01 5.691809e+01
1.844000e+02 7.873524e-01 5.685405e+01
1.848000e+02 8.549419e-01 4.106223e+01
1.852000e+02 8.855111e-01 3.359112e+01
1.856000e+02 9.025596e-01 2.923146e+01
1.860000e+02 9.167153e-01 2.565496e+01
1.864000e+02 9.264606e-01 2.315560e+01
1.868000e+02 9.338114e-01 2.126441e+01
1.872000e+02 9.391406e-01 1.987948e+01
1.876000e+02 9.437389e-01 1.869927e+01
1.880000e+02 9.471534e-01 1.781422e+01
1.884000e+02 9.499730e-01 1.708730e+01
1.888000e+02 9.521724e-01 1.651677e+01
1.892000e+02 9.539876e-01 1.604693e+01
1.896000e+02 9.554833e-01 1.566013e+01
1.900000e+02 9.567140e-01 1.534203e+01
1.904000e+02 9.576993e-01 1.508618e+01
1.908000e+02 9.585703e-01 1.486253e+01
1.912000e+02 9.593076e-01 1.467406e+01
1.916000e+02 9.598934e-01 1.452358e+01
1.920000e+02 9.603719e-01 1.440080e+01
1.924000e+02 9.607415e-01 1.430547e+01
1.928000e+02 9.609287e-01 1.425230e+01
1.932000e+02 9.594997e-01 1.455147e+01
1.936000e+02 9.607015e-01 1.428381e+01
1.940000e+02 9.615387e-01 1.409895e+01
1.944000e+02 9.616055e-01 1.408007e+01
1.948000e+02 9.610630e-01 1.419228e+01
1.952000e+02 9.559556e-01 1.528139e+01
1.956000e+02 9.498589e-01 1.659428e+01
1.960000e+02 9.603883e-01 1.433337e+01
1.964000e+02 9.620363e-01 1.398352e+01
1.968000e+02 9.625262e-01 1.388008e+01
1.972000e+02 9.627082e-01 1.384422e+01
1.976000e+02 9.626680e-01 1.385830e+01
1.980000e+02 9.625752e-01 1.388753e+01
1.984000e+02 9.627911e-01 1.384237e+01
1.988000e+02 9.626700e-01 1.387602e+01
1.992000e+02 9.614003e-01 1.416854e+01
1.996000e+02 9.619524e-01 1.405072e+01
2.000000e+02 9.619998e-01 1.405282e+01
2.004000e+02 9.613451e-01 1.420698e+01
2.008000e+02 9.595394e-01 1.459808e+01
2.012000e+02 9.597727e-01 1.455955e+01
2.016000e+02 9.611636e-01 1.427473e+01
2.020000e+02 9.616894e-01 1.416764e+01
2.024000e+02 9.618535e-01 1.413972e+01
2.028000e+02 9.618371e-01 1.415293e+01
2.032000e+02 9.616943e-01 1.419367e+01
2.036000e+02 9.616150e-01 1.421784e+01
2.040000e+02 9.618010e-01 1.418277e+01
2.044000e+02 9.619312e-01 1.415762e+01
2.048000e+02 9.619482e-01 1.415879e+01
2.052000e+02 9.617265e-01 1.421572e+01
2.056000e+02 9.617384e-01 1.421817e+01
2.060000e+02 9.605607e-01 1.448149e+01
2.064000e+02 9.613017e-01 1.432823e+01
2.068000e+02 9.615949e-01 1.427418e+01
2.072000e+02 9.614986e-01 1.430451e+01
2.076000e+02 9.612452e-01 1.436884e+01
2.080000e+02 9.607224e-01 1.449011e+01
2.084000e+02 9.574277e-01 1.520589e+01
2.088000e+02 9.539637e-01 1.596699e+01
2.092000e+02 9.601550e-01 1.464249e+01
2.096000e+02 9.604939e-01 1.458282e+01
2.100000e+02 9.605670e-01 1.457671e+01
2.104000e+02 9.574113e-01 1.529543e+01
2.108000e+02 9.334254e-01 2.085324e+01
2.112000e+02 9.600093e-01 1.472797e+01
2.116000e+02 9.604240e-01 1.465022e+01
2.120000e+02 9.604336e-01 1.465928e+01
2.124000e+02 9.603636e-01 1.468547e+01
2.128000e+02 9.602208e-01 1.472780e+01
2.132000e+02 9.601246e-01 1.475953e+01
2.136000e+02 9.599590e-01 1.480666e+01
2.140000e+02 9.597162e-01 1.487046e+01
2.144000e+02 9.591277e-01 1.500793e+01
2.148000e+02 9.540859e-01 1.610641e+01
2.152000e+02 9.566859e-01 1.555462e+01
2.156000e+02 9.589388e-01 1.508369e+01
2.160000e+02 9.588223e-01 1.512649e+01
2.164000e+02 9.591450e-01 1.506328e+01
2.168000e+02 9.590939e-01 1.508576e+01
2.172000e+02 9.589974e-01 1.511830e+01
2.176000e+02 9.588357e-01 1.516519e+01
2.180000e+02 9.586462e-01 1.521828e+01
2.184000e+02 9.586095e-01 1.523774e+01
2.188000e+02 9.585183e-01 1.526947e+01
2.192000e+02 9.583344e-01 1.532152e+01
2.196000e+02 9.582562e-01 1.535031e+01
2.200000e+02 9.580505e-01 1.540770e+01
2.204000e+02 9.579836e-01 1.543399e+01
2.208000e+02 9.578167e-01 1.548257e+01
2.212000e+02 9.576936e-01 1.552151e+01
2.216000e+02 9.575595e-01 1.556323e+01
2.220000e+02 9.574071e-01 1.560911e+01
2.224000e+02 9.571808e-01 1.567172e+01
2.228000e+02 9.570519e-01 1.571278e+01
2.232000e+02 9.567632e-01 1.579043e+01
2.236000e+02 9.566087e-01 1.583771e+01
2.240000e+02 9.563061e-01 1.591932e+01
2.244000e+02 9.559613e-01 1.601135e+01
2.248000e+02 9.550964e-01 1.622044e+01
2.252000e+02 9.545968e-01 1.634845e+01
2.256000e+02 9.530192e-01 1.670682e+01
2.260000e+02 9.411173e-01 1.929874e+01
2.264000e+02 9.514330e-01 1.706901e+01
2.268000e+02 9.535337e-01 1.663097e+01
2.272000e+02 9.543019e-01 1.646911e+01
2.276000e+02 9.545967e-01 1.641039e+01
2.280000e+02 9.546734e-01 1.640127e+01
2.284000e+02 9.546287e-01 1.642035e+01
2.288000e+02 9.544616e-01 1.646746e+01
2.292000e+02 9.540160e-01 1.657536e+01
2.296000e+02 9.448521e-01 1.863883e+01
2.300000e+02 9.533196e-01 1.675383e+01
2.304000e+02 9.526006e-01 1.692091e+01
2.308000e+02 9.511507e-01 1.724518e+01
2.312000e+02 9.252532e-01 2.285463e+01
2.316000e+02 9.486539e-01 1.781108e+01
2.320000e+02 9.511594e-01 1.730742e+01
2.324000e+02 9.511263e-01 1.733997e+01
2.328000e+02 9.498400e-01 1.765672e+01
2.332000e+02 9.469955e-01 1.832592e+01
2.336000e+02 9.393937e-01 2.000812e+01
2.340000e+02 9.187141e-01 2.433259e+01
2.344000e+02 9.414625e-01 1.958930e+01
2.348000e+02 9.465120e-01 1.846764e+01
2.352000e+02 9.467095e-01 1.839333e+01
2.356000e+02 9.223439e-01 2.360010e+01
2.360000e+02 9.431092e-01 1.914472e+01
2.364000e+02 9.480559e-01 1.810120e+01
2.368000e+02 9.449218e-01 1.877199e+01
2.372000e+02 8.907524e-01 3.051412e+01
2.376000e+02 9.468168e-01 1.839682e+01
2.380000e+02 9.489591e-01 1.795436e+01
2.384000e+02 9.453990e-01 1.875799e+01
2.388000e+02 9.430676e-01 1.923786e+01
2.392000e+02 9.211670e-01 2.395849e+01
2.396000e+02 9.431294e-01 1.929535e+01
2.400000e+02 9.449708e-01 1.889674e+01
2.404000e+02 9.468969e-01 1.849779e+01
2.408000e+02 9.481298e-01 1.824217e+01
2.412000e+02 9.457347e-01 1.881064e+01
2.416000e+02 9.475270e-01 1.838579e+01
2.420000e+02 9.428623e-01 1.938153e+01
2.424000e+02 9.093310e-01 2.660869e+01
2.428000e+02 9.444914e-01 1.905714e+01
2.432000e+02 9.398320e-01 2.005494e+01
2.436000e+02 9.302107e-01 2.212405e+01
2.440000e+02 9.435677e-01 1.929350e+01
2.444000e+02 9.461019e-01 1.876961e+01
2.448000e+02 9.479977e-01 1.837372e+01
2.452000e+02 9.482747e-01 1.832708e+01
2.456000e+02 9.482390e-01 1.834804e+01
2.460000e+02 9.480980e-01 1.839181e+01
2.464000e+02 9.476241e-01 1.850839e+01
2.468000e+02 9.474277e-01 1.856391e+01
2.472000e+02 9.466301e-01 1.874880e+01
2.476000e+02 9.426531e-01 1.961185e+01
2.480000e+02 9.328314e-01 2.171008e+01
2.484000e+02 9.363892e-01 2.096890e+01
2.488000e+02 9.439593e-01 1.938022e+01
2.492000e+02 9.430622e-01 1.958607e+01
2.496000e+02 9.309681e-01 2.216182e+01
2.500000e+02 8.654431e-01 3.641090e+01
2.504000e+02 9.395961e-01 2.038260e+01
2.508000e+02 9.412867e-01 2.005029e+01
2.512000e+02 9.334828e-01 2.177144e+01
2.516000e+02 9.421277e-01 1.989926e+01
2.520000e+02 9.438911e-01 1.953307e+01
2.524000e+02 9.445711e-01 1.939202e+01
2.528000e+02 9.445459e-01 1.940648e+01
2.532000e+02 9.451435e-01 1.928434e+01
2.536000e+02 9.451254e-01 1.929942e+01
2.540000e+02 9.450526e-01 1.932779e+01
2.544000e+02 9.447371e-01 1.941098e+01
2.548000e+02 9.447785e-01 1.941523e+01
2.552000e+02 9.446911e-01 1.944712e+01
2.556000e+02 9.446289e-01 1.947196e+01
2.560000e+02 9.444659e-01 1.951855e+01
2.564000e+02 9.443075e-01 1.956456e+01
2.568000e+02 9.440200e-01 1.963897e+01
2.572000e+02 9.438266e-01 1.969318e+01
2.576000e+02 9.432051e-01 1.984046e+01
2.580000e+02 9.412412e-01 2.027066e+01
2.584000e+02 9.370621e-01 2.116464e+01
2.588000e+02 9.116444e-01 2.665062e+01
2.592000e+02 9.406897e-01 2.042597e+01
2.596000e+02 9.423059e-01 2.009979e+01
2.600000e+02 9.425355e-01 2.006628e+01
2.604000e+02 9.426431e-01 2.005670e+01
2.608000e+02 9.417581e-01 2.027485e+01
2.612000e+02 9.423796e-01 2.014165e+01
2.616000e+02 9.421696e-01 2.020125e+01
2.620000e+02 9.417943e-01 2.029648e+01
2.624000e+02 9.410310e-01 2.047389e+01
2.628000e+02 9.301079e-01 2.286476e+01
2.632000e+02 9.365012e-01 2.149639e+01
2.636000e+02 9.117479e-01 2.678792e+01
2.640000e+02 9.346059e-01 2.189730e+01
2.644000e+02 9.392640e-01 2.092534e+01
2.648000e+02 9.365990e-01 2.151325e+01
2.652000e+02 9.391095e-01 2.098886e+01
2.656000e+02 9.398966e-01 2.083927e+01
2.660000e+02 9.397731e-01 2.088125e+01
2.664000e+02 9.393136e-01 2.099277e+01
2.668000e+02 9.376976e-01 2.134529e+01
2.672000e+02 9.075201e-01 2.786731e+01
2.676000e+02 9.357934e-01 2.177200e+01
2.680000e+02 9.386120e-01 2.119304e+01
2.684000e+02 9.389900e-01 2.112769e+01
2.688000e+02 9.389655e-01 2.114739e+01
2.692000e+02 9.390450e-01 2.114419e+01
2.696000e+02 9.389261e-01 2.118393e+01
2.700000e+02 9.387601e-01 2.123397e+01
2.704000e+02 9.385111e-01 2.130220e+01
2.708000e+02 9.381850e-01 2.138712e+01
2.712000e+02 9.377535e-01 2.149495e+01
2.716000e+02 9.377324e-01 2.151406e+01
2.720000e+02 9.370111e-01 2.168509e+01
2.724000e+02 9.362179e-01 2.186698e+01
2.728000e+02 9.304733e-01 2.309469e+01
2.732000e+02 9.223628e-01 2.483900e+01
2.736000e+02 9.345666e-01 2.226614e+01
2.740000e+02 9.343028e-01 2.234042e+01
2.744000e+02 9.167623e-01 2.613456e+01
2.748000e+02 9.325989e-01 2.273947e+01
2.752000e+02 9.340005e-01 2.247381e+01
2.756000e+02 9.332725e-01 2.265603e+01
2.760000e+02 9.306557e-01 2.322825e+01
2.764000e+02 9.252161e-01 2.437746e+01
2.768000e+02 9.264825e-01 2.415198e+01
2.772000e+02 9.316653e-01 2.305179e+01
2.776000e+02 9.336673e-01 2.263163e+01
2.780000e+02 9.340742e-01 2.255142e+01
2.784000e+02 9.339826e-01 2.258068e+01
2.788000e+02 9.340560e-01 2.257372e+01
2.792000e+02 9.326454e-01 2.288388e+01
2.796000e+02 9.285016e-01 2.378565e+01
2.800000e+02 9.318773e-01 2.307964e+01
2.804000e+02 9.337261e-01 2.269732e+01
2.808000e+02 9.336144e-01 2.273608e+01
2.812000e+02 9.332852e-01 2.282382e+01
2.816000e+02 9.331555e-01 2.286456e+01
2.820000e+02 9.328300e-01 2.295090e+01
2.824000e+02 9.326945e-01 2.299065e+01
2.828000e+02 9.212105e-01 2.552232e+01
2.832000e+02 9.320865e-01 2.315081e+01
2.836000e+02 9.323598e-01 2.310897e+01
2.840000e+02 9.321416e-01 2.317133e+01
2.844000e+02 9.314137e-01 2.334961e+01
2.848000e+02 9.312742e-01 2.338738e+01
2.852000e+02 9.304016e-01 2.358797e+01
2.856000e+02 9.275577e-01 2.420311e+01
2.860000e+02 8.953733e-01 3.104393e+01
2.864000e+02 9.104410e-01 2.785449e+01
2.868000e+02 9.276751e-01 2.422508e+01
2.872000e+02 9.293670e-01 2.388560e+01
2.876000e+02 9.295898e-01 2.385386e+01
2.880000e+02 9.291372e-01 2.396429e+01
2.884000e+02 9.272518e-01 2.437420e+01
2.888000e+02 9.096206e-01 2.810784e+01
2.892000e+02 9.184472e-01 2.625250e+01
2.896000e+02 9.274305e-01 2.438503e+01
2.900000e+02 9.283914e-01 2.420240e+01
2.904000e+02 9.287340e-01 2.414463e+01
2.908000e+02 9.279851e-01 2.431971e+01
2.912000e+02 9.279549e-01 2.434226e+01
2.916000e+02 9.280898e-01 2.433045e+01
2.920000e+02 9.280368e-01 2.435659e+01
2.924000e+02 9.273639e-01 2.451431e+01
2.928000e+02 9.249542e-01 2.503429e+01
2.932000e+02 8.732851e-01 3.632488e+01
2.936000e+02 9.164568e-01 2.691157e+01
2.940000e+02 9.262678e-01 2.481204e+01
2.944000e+02 9.267740e-01 2.472412e+01
2.948000e+02 9.267548e-01 2.474609e+01
2.952000e+02 9.265699e-01 2.480325e+01
2.956000e+02 9.263447e-01 2.486971e+01
2.960000e+02 9.259571e-01 2.497218e+01
2.964000e+02 9.253395e-01 2.512943e+01
2.968000e+02 9.250060e-01 2.522053e+01
2.972000e+02 9.223605e-01 2.582871e+01
2.976000e+02 9.227646e-01 2.576499e+01
2.980000e+02 9.195638e-01 2.649063e+01
2.984000e+02 9.073607e-01 2.904698e+01
2.988000e+02 9.162455e-01 2.724182e+01
2.992000e+02 9.204662e-01 2.634126e+01
2.996000e+02 9.210968e-01 2.620671e+01
3.000000e+02 9.211651e-01 2.620151e+01
3.004000e+02 9.189284e-01 2.669304e+01
3.008000e+02 9.120831e-01 2.817466e+01
3.012000e+02 9.120543e-01 2.817545e+01
3.016000e+02 8.964461e-01 3.144030e+01
3.020000e+02 8.975266e-01 3.125247e+01
3.024000e+02 9.158452e-01 2.742094e+01
3.028000e+02 9.156409e-01 2.746303e+01
3.032000e+02 8.562447e-01 4.034334e+01
3.036000e+02 9.174820e-01 2.710152e+01
3.040000e+02 9.197819e-01 2.663583e+01
3.044000e+02 9.195417e-01 2.670554e+01
3.048000e+02 9.184067e-01 2.695890e+01
3.052000e+02 9.194770e-01 2.675107e+01
3.056000e+02 9.202575e-01 2.659939e+01
3.060000e+02 9.203669e-01 2.658907e+01
3.064000e+02 9.203431e-01 2.660867e+01
3.068000e+02 9.202062e-01 2.665404e+01
3.072000e+02 9.200085e-01 2.671346e+01
3.076000e+02 9.197088e-01 2.679561e+01
3.080000e+02 9.195167e-01 2.685532e+01
3.084000e+02 9.191197e-01 2.695927e+01
3.088000e+02 9.187130e-01 2.706651e+01
3.092000e+02 9.184446e-01 2.714423e+01
3.096000e+02 9.178440e-01 2.729197e+01
3.100000e+02 9.089797e-01 2.922107e+01
3.104000e+02 9.167580e-01 2.756626e+01
3.108000e+02 9.171719e-01 2.750257e+01
3.112000e+02 9.169561e-01 2.757056e+01
3.116000e+02 9.166288e-01 2.766274e+01
3.120000e+02 9.163610e-01 2.774235e+01
3.124000e+02 9.159359e-01 2.785765e+01
3.128000e+02 9.154338e-01 2.799108e+01
3.132000e+02 9.149613e-01 2.811981e+01
3.136000e+02 9.141377e-01 2.832638e+01
3.140000e+02 9.132421e-01 2.855131e+01
3.144000e+02 9.132366e-01 2.857139e+01
3.148000e+02 9.123707e-01 2.878462e+01
3.152000e+02 9.108349e-01 2.914004e+01
3.156000e+02 9.052693e-01 3.033784e+01
3.160000e+02 8.887592e-01 3.384795e+01
3.164000e+02 8.652523e-01 3.892311e+01
3.168000e+02 9.035396e-01 3.083200e+01
3.172000e+02 8.861415e-01 3.486171e+01
3.176000e+02 9.065915e-01 3.030172e+01
3.180000e+02 9.061019e-01 3.046866e+01
3.184000e+02 9.049052e-01 3.079319e+01
3.188000e+02 9.032337e-01 3.122982e+01
3.192000e+02 9.007037e-01 3.186441e+01
3.196000e+02 8.960659e-01 3.295665e+01
3.200000e+02 7.341831e-01 6.932561e+01
3.204000e+02 8.891205e-01 3.476927e+01
3.208000e+02 8.868949e-01 3.546313e+01
3.212000e+02 8.830406e-01 3.648045e+01
3.216000e+02 8.789632e-01 3.755110e+01
3.220000e+02 8.704851e-01 3.966890e+01
3.224000e+02 8.642707e-01 4.133661e+01
3.228000e+02 8.520912e-01 4.445953e+01
3.232000e+02 8.350016e-01 4.881961e+01
3.236000e+02 8.106659e-01 5.496911e+01
3.240000e+02 7.790863e-01 6.294107e+01
3.244000e+02 7.392410e-01 7.285034e+01
3.248000e+02 6.988778e-01 8.263945e+01
3.252000e+02 6.793838e-01 8.712390e+01
3.256000e+02 7.086850e-01 8.025096e+01
3.260000e+02 7.470190e-01 7.078392e+01
3.264000e+02 7.751364e-01 6.337265e+01
3.268000e+02 7.654393e-01 6.415740e+01
3.272000e+02 8.244483e-01 5.091018e+01
3.276000e+02 8.472054e-01 4.548081e+01
3.280000e+02 8.583213e-01 4.264215e+01
3.284000e+02 8.714167e-01 3.952277e+01
3.288000e+02 8.784215e-01 3.776935e+01
3.292000e+02 8.833894e-01 3.651046e+01
3.296000e+02 8.870832e-01 3.556992e+01
3.300000e+02 8.900759e-01 3.481226e+01
3.304000e+02 8.923160e-01 3.424173e+01
3.308000e+02 8.939885e-01 3.381217e+01
3.312000e+02 8.951819e-01 3.350001e+01
3.316000e+02 8.957803e-01 3.332550e+01
3.320000e+02 8.953360e-01 3.337811e+01
3.324000e+02 8.895163e-01 3.454705e+01
3.328000e+02 8.443755e-01 4.406066e+01
3.332000e+02 8.930821e-01 3.376852e+01
3.336000e+02 8.979816e-01 3.274354e+01
3.340000e+02 8.990542e-01 3.251545e+01
3.344000e+02 8.997645e-01 3.236160e+01
3.348000e+02 8.996593e-01 3.238244e+01
3.352000e+02 8.907763e-01 3.427914e+01
3.356000e+02 8.992781e-01 3.246657e+01
3.360000e+02 9.002909e-01 3.225814e+01
3.364000e+02 9.006777e-01 3.218052e+01
3.368000e+02 9.008120e-01 3.215733e+01
3.372000e+02 9.007158e-01 3.218498e+01
3.376000e+02 9.003517e-01 3.227270e+01
3.380000e+02 9.007537e-01 3.219361e+01
3.384000e+02 9.005822e-01 3.224070e+01
3.388000e+02 9.001450e-01 3.234579e+01
3.392000e+02 9.004265e-01 3.229714e+01
3.396000e+02 9.002731e-01 3.234256e+01
3.400000e+02 9.001008e-01 3.239276e+01
3.404000e+02 8.999220e-01 3.244504e+01
3.408000e+02 8.996693e-01 3.251356e+01
3.412000e+02 8.994903e-01 3.256692e+01
3.416000e+02 8.992107e-01 3.264224e+01
3.420000e+02 8.987717e-01 3.275195e+01
3.424000e+02 8.983088e-01 3.286697e+01
3.428000e+02 8.970292e-01 3.315217e+01
3.432000e+02 8.618781e-01 4.079062e+01
3.436000e+02 8.931882e-01 3.400340e+01
3.440000e+02 8.965237e-01 3.332442e+01
3.444000e+02 8.961101e-01 3.343978e+01
3.448000e+02 8.941516e-01 3.387434e+01
3.452000e+02 8.933651e-01 3.405970e+01
3.456000e+02 8.939999e-01 3.394485e+01
3.460000e+02 8.942933e-01 3.389609e+01
3.464000e+02 8.951044e-01 3.374433e+01
3.468000e+02 8.951439e-01 3.375158e+01
3.472000e+02 8.947861e-01 3.384824e+01
3.476000e+02 8.947671e-01 3.386789e+01
3.480000e+02 8.943543e-01 3.397689e+01
3.484000e+02 8.940373e-01 3.406585e+01
3.488000e+02 8.935007e-01 3.420447e+01
3.492000e+02 8.929393e-01 3.434763e+01
3.496000e+02 8.915512e-01 3.466948e+01
3.500000e+02 8.911434e-01 3.478689e+01
3.504000e+02 8.901210e-01 3.503973e+01
3.508000e+02 8.881061e-01 3.550695e+01
3.512000e+02 8.842159e-01 3.636269e+01
3.516000e+02 8.722874e-01 3.883999e+01
3.520000e+02 8.736675e-01 3.859710e+01
3.524000e+02 8.295786e-01 4.791473e+01
3.528000e+02 7.891274e-01 5.713995e+01
3.532000e+02 8.826217e-01 3.677972e+01
3.536000e+02 8.858601e-01 3.612175e+01
3.540000e+02 8.863173e-01 3.604583e+01
3.544000e+02 8.855233e-01 3.623258e+01
3.548000e+02 8.796740e-01 3.747115e+01
3.552000e+02 8.769186e-01 3.808078e+01
3.556000e+02 8.838092e-01 3.667672e+01
3.560000e+02 8.833215e-01 3.681412e+01
3.564000e+02 8.806370e-01 3.743694e+01
3.568000e+02 8.822262e-01 3.710987e+01
3.572000e+02 8.792256e-01 3.776616e+01
3.576000e+02 8.037321e-01 5.402351e+01
3.580000e+02 8.690671e-01 3.995290e+01
3.584000e+02 8.659585e-01 4.063542e+01
3.588000e+02 7.578970e-01 6.352746e+01
3.592000e+02 8.654395e-01 4.081824e+01
3.596000e+02 8.274538e-01 4.903197e+01
3.600000e+02 8.718182e-01 3.961198e+01
3.604000e+02 8.741784e-01 3.917352e+01
3.608000e+02 8.735490e-01 3.936012e+01
3.612000e+02 8.719111e-01 3.975977e+01
3.616000e+02 8.596748e-01 4.241093e+01
3.620000e+02 8.680342e-01 4.070249e+01
3.624000e+02 8.666911e-01 4.106447e+01
3.628000e+02 8.639274e-01 4.172880e+01
3.632000e+02 8.582997e-01 4.299692e+01
3.636000e+02 8.459193e-01 4.570994e+01
3.640000e+02 8.471705e-01 4.553896e+01
3.644000e+02 7.112332e-01 7.457461e+01
3.648000e+02 8.338586e-01 4.863712e+01
3.652000e+02 8.340903e-01 4.885565e+01
3.656000e+02 8.250751e-01 5.104186e+01
3.660000e+02 8.102893e-01 5.453135e+01
3.664000e+02 7.861226e-01 6.013593e+01
3.668000e+02 6.669911e-01 8.635935e+01
3.672000e+02 6.933131e-01 8.171116e+01
3.676000e+02 5.879090e-01 1.059062e+02
3.680000e+02 3.889214e-01 1.505766e+02
3.684000e+02 8.078702e-02 2.163264e+02
3.688000e+02 2.441549e-01 1.822212e+02
3.692000e+02 4.994738e-01 1.261540e+02
3.696000e+02 6.407841e-01 9.418871e+01
3.700000e+02 7.136020e-01 7.752940e+01
3.704000e+02 7.526149e-01 6.857679e+01
3.708000e+02 7.684084e-01 6.483644e+01
3.712000e+02 7.773070e-01 6.278659e+01
3.716000e+02 7.923142e-01 5.964811e+01
3.720000e+02 7.953353e-01 5.909603e+01
3.724000e+02 7.949740e-01 5.933037e+01
3.728000e+02 7.918842e-01 6.021231e+01
3.732000e+02 7.865621e-01 6.163639e+01
3.736000e+02 7.796293e-01 6.347092e+01
3.740000e+02 7.700273e-01 6.595163e+01
3.744000e+02 7.573443e-01 6.917481e+01
3.748000e+02 7.394542e-01 7.358785e+01
3.752000e+02 6.124087e-01 1.015596e+02
3.756000e+02 6.996232e-01 8.378593e+01
3.760000e+02 6.687271e-01 9.153220e+01
3.764000e+02 6.359754e-01 9.987301e+01
3.768000e+02 5.880519e-01 1.117505e+02
3.772000e+02 5.498247e-01 1.221008e+02
3.776000e+02 4.900442e-01 1.374575e+02
3.780000e+02 4.140639e-01 1.567889e+02
3.784000e+02 3.214136e-01 1.801993e+02
3.788000e+02 2.381523e-01 2.020647e+02
3.792000e+02 1.555206e-01 2.236031e+02
3.796000e+02 9.109084e-02 2.403642e+02
3.800000e+02 5.624836e-02 2.493034e+02
3.804000e+02 5.892033e-02 2.485741e+02
3.808000e+02 9.899099e-02 2.382300e+02
3.812000e+02 1.678475e-01 2.203543e+02
3.816000e+02 2.546931e-01 1.979292e+02
3.820000e+02 3.446607e-01 1.748090e+02
3.824000e+02 4.278342e-01 1.535316e+02
3.828000e+02 4.990603e-01 1.353459e+02
3.832000e+02 5.582457e-01 1.202636e+02
3.836000e+02 6.064869e-01 1.079830e+02
3.840000e+02 6.455548e-01 9.804139e+01
3.844000e+02 6.771917e-01 8.999015e+01
3.848000e+02 7.027109e-01 8.348657e+01
3.852000e+02 7.239837e-01 7.807811e+01
3.856000e+02 7.414082e-01 7.364124e+01
3.860000e+02 7.559048e-01 6.994498e+01
3.864000e+02 7.676940e-01 6.691599e+01
3.868000e+02 7.750163e-01 6.490315e+01
3.872000e+02 7.567389e-01 6.829200e+01
3.876000e+02 7.906036e-01 6.088374e+01
3.880000e+02 8.006006e-01 5.852885e+01
3.884000e+02 8.069917e-01 5.694907e+01
3.888000e+02 8.117451e-01 5.575129e+01
3.892000e+02 8.156126e-01 5.477454e+01
3.896000e+02 8.186324e-01 5.400732e+01
3.900000e+02 8.208815e-01 5.342471e+01
3.904000e+02 8.230018e-01 5.287250e+01
3.908000e+02 8.256162e-01 5.220578e+01
3.912000e+02 8.284943e-01 5.147514e+01
3.916000e+02 8.309942e-01 5.082701e+01
3.920000e+02 8.320753e-01 5.048784e+01
3.924000e+02 8.255802e-01 5.171667e+01
3.928000e+02 8.133860e-01 5.416698e+01
3.932000e+02 8.366431e-01 4.929168e+01
3.936000e+02 8.400671e-01 4.852637e+01
3.940000e+02 8.416040e-01 4.815828e+01
3.944000e+02 8.427170e-01 4.788358e+01
3.948000e+02 8.426759e-01 4.785399e+01
3.952000e+02 8.414613e-01 4.807713e+01
3.956000e+02 8.444895e-01 4.742265e+01
3.960000e+02 8.443025e-01 4.743920e+01
3.964000e+02 8.340047e-01 4.956432e+01
3.968000e+02 8.402853e-01 4.823539e+01
3.972000e+02 8.423638e-01 4.780130e+01
3.976000e+02 8.459783e-01 4.704426e+01
3.980000e+02 8.463685e-01 4.696013e+01
3.984000e+02 8.463700e-01 4.695988e+01
3.988000e+02 8.459265e-01 4.705686e+01
3.992000e+02 8.441482e-01 4.744026e+01
3.996000e+02 8.420164e-01 4.788906e+01
4.000000e+02 8.078394e-01 5.508193e+01
0.9 10 0
1.000000e+01 9.957479e-01 3.739649e+00
1.040000e+01 9.956482e-01 3.764690e+00
1.080000e+01 9.955542e-01 3.788645e+00
1.120000e+01 9.954444e-01 3.816095e+00
1.160000e+01 9.953520e-01 3.840048e+00
1.200000e+01 9.952418e-01 3.867978e+00
1.240000e+01 9.951254e-01 3.897450e+00
1.280000e+01 9.950031e-01 3.928429e+00
1.320000e+01 9.948744e-01 3.961009e+00
1.360000e+01 9.947392e-01 3.995251e+00
1.400000e+01 9.945972e-01 4.031222e+00
1.440000e+01 9.944470e-01 4.069264e+00
1.480000e+01 9.942642e-01 4.114693e+00
1.520000e+01 9.941208e-01 4.151942e+00
1.560000e+01 9.939445e-01 4.196779e+00
1.600000e+01 9.937495e-01 4.246123e+00
1.640000e+01 9.935474e-01 4.297604e+00
1.680000e+01 9.933278e-01 4.353620e+00
1.720000e+01 9.930846e-01 4.415622e+00
1.760000e+01 9.928133e-01 4.484835e+00
1.800000e+01 9.925062e-01 4.563277e+00
1.840000e+01 9.921515e-01 4.654014e+00
1.880000e+01 9.917313e-01 4.761653e+00
1.920000e+01 9.912186e-01 4.893125e+00
1.960000e+01 9.905724e-01 5.059017e+00
2.000000e+01 9.897282e-01 5.275807e+00
2.040000e+01 9.885889e-01 5.568207e+00
2.080000e+01 9.870149e-01 5.971390e+00
2.120000e+01 9.848386e-01 6.525908e+00
2.160000e+01 9.820190e-01 7.236364e+00
2.200000e+01 9.791357e-01 7.947752e+00
2.240000e+01 9.782437e-01 8.169593e+00
2.280000e+01 9.798997e-01 7.772295e+00
2.320000e+01 9.820255e-01 7.241478e+00
2.360000e+01 9.837508e-01 6.802185e+00
2.400000e+01 9.849508e-01 6.492810e+00
2.440000e+01 9.857783e-01 6.279753e+00
2.480000e+01 9.862691e-01 6.151266e+00
2.520000e+01 9.865372e-01 6.079475e+00
2.560000e+01 9.866007e-01 6.058204e+00
2.600000e+01 9.866857e-01 6.036706e+00
2.640000e+01 9.866247e-01 6.050125e+00
2.680000e+01 9.864985e-01 6.080105e+00
2.720000e+01 9.863247e-01 6.122260e+00
2.760000e+01 9.861101e-01 6.174739e+00
2.800000e+01 9.858642e-01 6.235251e+00
2.840000e+01 9.855895e-01 6.303094e+00
2.880000e+01 9.852659e-01 6.382378e+00
2.920000e+01 9.849503e-01 6.460920e+00
2.960000e+01 9.846043e-01 6.546754e+00
3.000000e+01 9.840036e-01 6.688316e+00
3.040000e+01 9.838030e-01 6.743904e+00
3.080000e+01 9.834457e-01 6.834493e+00
3.120000e+01 9.830304e-01 6.938029e+00
3.160000e+01 9.825868e-01 7.048255e+00
3.200000e+01 9.821207e-01 7.163925e+00
3.240000e+01 9.816344e-01 7.284587e+00
3.280000e+01 9.811254e-01 7.410760e+00
3.320000e+01 9.805956e-01 7.542062e+00
3.360000e+01 9.800416e-01 7.679230e+00
3.400000e+01 9.794644e-01 7.822100e+00
3.440000e+01 9.788615e-01 7.971216e+00
3.480000e+01 9.782310e-01 8.127013e+00
3.520000e+01 9.775726e-01 8.289590e+00
3.560000e+01 9.768797e-01 8.460363e+00
3.600000e+01 9.758666e-01 8.702610e+00
3.640000e+01 9.754081e-01 8.823076e+00
3.680000e+01 9.746282e-01 9.015391e+00
3.720000e+01 9.737999e-01 9.219055e+00
3.760000e+01 9.728932e-01 9.440480e+00
3.800000e+01 9.719522e-01 9.670562e+00
3.840000e+01 9.710716e-01 9.889297e+00
3.880000e+01 9.700744e-01 1.013418e+01
3.920000e+01 9.690115e-01 1.039459e+01
3.960000e+01 9.678972e-01 1.066755e+01
4.000000e+01 9.667233e-01 1.095502e+01
4.040000e+01 9.654751e-01 1.126023e+01
4.080000e+01 9.641513e-01 1.158365e+01
4.120000e+01 9.627471e-01 1.192648e+01
4.160000e+01 9.612526e-01 1.229104e+01
4.200000e+01 9.596582e-01 1.267958e+01
4.240000e+01 9.579497e-01 1.309539e+01
4.280000e+01 9.558946e-01 1.358971e+01
4.320000e+01 9.541644e-01 1.401571e+01
4.360000e+01 9.517994e-01 1.458307e+01
4.400000e+01 9.498295e-01 1.506914e+01
4.440000e+01 9.474246e-01 1.565374e+01
4.480000e+01 9.447373e-01 1.630411e+01
4.520000e+01 9.419481e-01 1.698224e+01
4.560000e+01 9.388500e-01 1.773339e+01
4.600000e+01 9.354598e-01 1.855477e+01
4.640000e+01 9.317439e-01 1.945469e+01
4.680000e+01 9.276531e-01 2.044506e+01
4.720000e+01 9.231325e-01 2.153918e+01
4.760000e+01 9.181123e-01 2.275401e+01
4.800000e+01 9.125081e-01 2.411006e+01
4.840000e+01 9.062130e-01 2.563335e+01
4.880000e+01 8.990917e-01 2.735687e+01
4.920000e+01 8.909716e-01 2.932289e+01
4.960000e+01 8.816071e-01 3.159124e+01
5.000000e+01 8.705146e-01 3.427621e+01
5.040000e+01 8.576577e-01 3.740103e+01
5.080000e+01 8.418628e-01 4.124636e+01
5.120000e+01 8.218971e-01 4.611717e+01
5.160000e+01 7.954015e-01 5.258710e+01
5.200000e+01 7.555432e-01 6.223202e+01
5.240000e+01 7.095014e-01 7.363515e+01
5.280000e+01 6.428414e-01 9.010432e+01
5.320000e+01 5.463220e-01 1.138118e+02
5.360000e+01 3.255504e-01 1.660901e+02
5.400000e+01 2.842765e-01 1.791349e+02
5.440000e+01 1.708404e-01 2.094170e+02
5.480000e+01 6.512552e-02 2.380772e+02
5.520000e+01 5.729004e-03 2.560476e+02
5.560000e+01 3.410405e-03 2.604427e+02
5.600000e+01 2.580707e-04 2.635848e+02
5.640000e+01 5.945889e-07 2.650423e+02
5.680000e+01 3.754124e-06 2.658275e+02
5.720000e+01 1.217054e-06 2.663682e+02
5.760000e+01 1.907546e-12 2.667982e+02
5.800000e+01 1.622416e-08 2.671143e+02
5.840000e+01 6.918931e-15 2.673656e+02
5.880000e+01 1.186234e-09 2.674059e+02
5.920000e+01 1.614695e-14 2.674715e+02
5.960000e+01 4.028499e-17 2.675423e+02
6.000000e+01 5.866890e-11 2.676749e+02
6.040000e+01 8.778252e-19 2.677869e+02
6.080000e+01 1.409090e-10 2.677229e+02
6.120000e+01 1.181013e-13 2.676609e+02
6.160000e+01 5.669286e-10 2.675797e+02
6.200000e+01 9.436371e-10 2.674896e+02
6.240000e+01 1.174007e-15 2.673068e+02
6.280000e+01 7.446849e-08 2.667895e+02
6.320000e+01 1.349359e-05 2.658208e+02
6.360000e+01 2.730032e-05 2.643392e+02
6.400000e+01 2.399370e-03 2.614963e+02
6.440000e+01 1.903466e-02 2.542919e+02
6.480000e+01 5.289136e-02 2.421243e+02
6.520000e+01 9.690465e-02 2.268199e+02
6.560000e+01 2.628098e-01 1.856284e+02
6.600000e+01 3.911039e-01 1.530702e+02
6.640000e+01 4.943957e-01 1.268095e+02
6.680000e+01 5.834769e-01 1.046079e+02
6.720000e+01 6.627559e-01 8.537826e+01
6.760000e+01 7.135110e-01 7.288462e+01
6.800000e+01 7.500031e-01 6.391163e+01
6.840000e+01 7.773244e-01 5.721879e+01
6.880000e+01 7.992361e-01 5.189406e+01
6.920000e+01 8.160622e-01 4.780518e+01
6.960000e+01 8.297685e-01 4.448498e+01
7.000000e+01 8.412681e-01 4.170693e+01
7.040000e+01 8.511037e-01 3.933639e+01
7.080000e+01 8.595941e-01 3.729378e+01
7.120000e+01 8.669994e-01 3.551522e+01
7.160000e+01 8.735034e-01 3.395556e+01
7.200000e+01 8.792690e-01 3.257529e+01
7.240000e+01 8.843771e-01 3.135392e+01
7.280000e+01 8.889442e-01 3.026374e+01
7.320000e+01 8.930323e-01 2.928939e+01
7.360000e+01 8.966946e-01 2.841768e+01
7.400000e+01 8.999876e-01 2.763504e+01
7.440000e+01 9.029608e-01 2.692967e+01
7.480000e+01 9.056186e-01 2.629945e+01
7.520000e+01 9.079562e-01 2.574378e+01
7.560000e+01 9.101708e-01 2.522156e+01
7.600000e+01 9.121827e-01 2.474823e+01
7.640000e+01 9.111069e-01 2.496627e+01
7.680000e+01 9.155485e-01 2.395541e+01
7.720000e+01 9.172798e-01 2.355668e+01
7.760000e+01 9.155430e-01 2.395065e+01
7.800000e+01 9.199603e-01 2.293608e+01
7.840000e+01 9.211297e-01 2.266760e+01
7.880000e+01 9.221378e-01 2.243684e+01
7.920000e+01 9.230375e-01 2.223255e+01
7.960000e+01 9.238310e-01 2.205413e+01
8.000000e+01 9.245079e-01 2.190311e+01
8.040000e+01 9.251205e-01 2.176660e+01
8.080000e+01 9.257398e-01 2.162812e+01
8.120000e+01 9.264571e-01 2.146745e+01
8.160000e+01 9.271126e-01 2.132058e+01
8.200000e+01 9.276818e-01 2.119392e+01
8.240000e+01 9.281748e-01 2.108567e+01
8.280000e+01 9.285998e-01 2.099397e+01
8.320000e+01 9.289623e-01 2.091746e+01
8.360000e+01 9.292785e-01 2.085232e+01
8.400000e+01 9.295474e-01 2.079870e+01
8.440000e+01 9.297737e-01 2.075546e+01
8.480000e+01 9.299586e-01 2.072219e+01
8.520000e+01 9.301070e-01 2.069781e+01
8.560000e+01 9.302252e-01 2.068087e+01
8.600000e+01 9.303083e-01 2.067239e+01
8.640000e+01 9.303583e-01 2.067197e+01
8.680000e+01 9.303733e-01 2.067997e+01
8.720000e+01 9.303657e-01 2.069372e+01
8.760000e+01 9.303250e-01 2.071530e+01
8.800000e+01 9.302686e-01 2.074052e+01
8.840000e+01 9.302136e-01 2.076540e+01
8.880000e+01 9.301445e-01 2.079357e+01
8.920000e+01 9.300501e-01 2.082781e+01
8.960000e+01 9.299308e-01 2.086814e+01
9.000000e+01 9.297670e-01 2.091910e+01
9.040000e+01 9.296156e-01 2.096722e+01
9.080000e+01 9.294021e-01 2.102994e+01
9.120000e+01 9.292277e-01 2.108422e+01
9.160000e+01 9.290099e-01 2.114860e+01
9.200000e+01 9.287661e-01 2.121909e+01
9.240000e+01 9.285000e-01 2.129482e+01
9.280000e+01 9.282112e-01 2.137583e+01
9.320000e+01 9.278646e-01 2.146945e+01
9.360000e+01 9.272465e-01 2.162023e+01
9.400000e+01 9.246172e-01 2.220932e+01
9.440000e+01 9.267981e-01 2.175916e+01
9.480000e+01 9.265456e-01 2.183546e+01
9.520000e+01 9.261799e-01 2.193577e+01
9.560000e+01 9.256442e-01 2.207227e+01
9.600000e+01 9.246211e-01 2.231139e+01
9.640000e+01 9.239043e-01 2.248742e+01
9.680000e+01 9.244552e-01 2.239678e+01
9.720000e+01 9.241275e-01 2.249170e+01
9.760000e+01 9.236930e-01 2.260947e+01
9.800000e+01 9.231963e-01 2.274106e+01
9.840000e+01 9.227233e-01 2.286795e+01
9.880000e+01 9.221895e-01 2.300850e+01
9.920000e+01 9.214528e-01 2.319372e+01
9.960000e+01 9.210056e-01 2.331634e+01
1.000000e+02 9.203164e-01 2.349147e+01
1.004000e+02 9.193312e-01 2.372780e+01
1.008000e+02 9.187858e-01 2.387480e+01
1.012000e+02 9.181712e-01 2.403546e+01
1.016000e+02 9.150166e-01 2.473289e+01
1.020000e+02 9.160105e-01 2.455334e+01
1.024000e+02 9.163255e-01 2.452251e+01
1.028000e+02 9.157251e-01 2.468408e+01
1.032000e+02 9.149281e-01 2.488787e+01
1.036000e+02 9.138517e-01 2.515144e+01
1.040000e+02 9.124538e-01 2.548443e+01
1.044000e+02 9.123427e-01 2.554640e+01
1.048000e+02 9.114719e-01 2.577055e+01
1.052000e+02 9.104591e-01 2.602632e+01
1.056000e+02 9.094105e-01 2.629081e+01
1.060000e+02 9.082709e-01 2.657657e+01
1.064000e+02 9.070544e-01 2.688056e+01
1.068000e+02 9.057520e-01 2.720495e+01
1.072000e+02 9.043457e-01 2.755394e+01
1.076000e+02 9.028425e-01 2.792599e+01
1.080000e+02 9.011699e-01 2.833756e+01
1.084000e+02 8.994239e-01 2.876766e+01
1.088000e+02 8.974554e-01 2.924933e+01
1.092000e+02 8.951767e-01 2.980108e+01
1.096000e+02 8.899664e-01 3.099447e+01
1.100000e+02 8.901319e-01 3.102637e+01
1.104000e+02 8.868063e-01 3.181855e+01
1.108000e+02 8.687109e-01 3.583131e+01
1.112000e+02 8.796225e-01 3.354851e+01
1.116000e+02 8.761291e-01 3.441566e+01
1.120000e+02 8.713972e-01 3.555941e+01
1.124000e+02 8.657492e-01 3.691763e+01
1.128000e+02 8.589080e-01 3.855593e+01
1.132000e+02 8.510316e-01 4.044488e+01
1.136000e+02 8.413290e-01 4.276529e+01
1.140000e+02 8.293378e-01 4.562883e+01
1.144000e+02 8.144910e-01 4.917228e+01
1.148000e+02 7.952533e-01 5.375197e+01
1.152000e+02 7.708546e-01 5.957468e+01
1.156000e+02 7.387306e-01 6.725068e+01
1.160000e+02 6.948331e-01 7.774079e+01
1.164000e+02 6.338829e-01 9.233549e+01
1.168000e+02 5.478125e-01 1.130268e+02
1.172000e+02 4.264433e-01 1.424249e+02
1.176000e+02 2.650797e-01 1.821407e+02
1.180000e+02 9.409451e-02 2.259987e+02
1.184000e+02 5.769130e-03 2.523615e+02
1.188000e+02 1.418258e-06 2.562072e+02
1.192000e+02 1.637334e-02 2.484030e+02
1.196000e+02 1.357841e-01 2.149823e+02
1.200000e+02 3.129956e-01 1.702913e+02
1.204000e+02 4.652865e-01 1.330779e+02
1.208000e+02 5.760175e-01 1.063740e+02
1.212000e+02 6.535591e-01 8.780037e+01
1.216000e+02 7.081015e-01 7.478767e+01
1.220000e+02 7.471663e-01 6.549262e+01
1.224000e+02 7.757183e-01 5.871248e+01
1.228000e+02 7.969752e-01 5.367199e+01
1.232000e+02 8.126549e-01 4.994875e+01
1.236000e+02 8.249836e-01 4.702724e+01
1.240000e+02 8.262405e-01 4.653150e+01
1.244000e+02 8.417664e-01 4.304995e+01
1.248000e+02 8.490114e-01 4.137683e+01
1.252000e+02 8.520187e-01 4.062140e+01
1.256000e+02 8.554090e-01 3.981687e+01
1.260000e+02 8.618693e-01 3.838175e+01
1.264000e+02 8.649269e-01 3.768373e+01
1.268000e+02 8.677774e-01 3.703416e+01
1.272000e+02 8.698192e-01 3.656895e+01
1.276000e+02 8.714387e-01 3.620178e+01
1.280000e+02 8.724047e-01 3.598000e+01
1.284000e+02 8.725896e-01 3.593187e+01
1.288000e+02 8.748380e-01 3.544907e+01
1.292000e+02 8.756736e-01 3.527164e+01
1.296000e+02 8.762914e-01 3.514387e+01
1.300000e+02 8.767719e-01 3.504843e+01
1.304000e+02 8.771293e-01 3.498194e+01
1.308000e+02 8.773168e-01 3.495392e+01
1.312000e+02 8.775357e-01 3.492146e+01
1.316000e+02 8.776647e-01 3.491012e+01
1.320000e+02 8.776787e-01 3.492491e+01
1.324000e+02 8.768615e-01 3.512571e+01
1.328000e+02 8.775852e-01 3.498440e+01
1.332000e+02 8.774545e-01 3.503404e+01
1.336000e+02 8.773038e-01 3.508904e+01
1.340000e+02 8.770273e-01 3.517289e+01
1.344000e+02 8.768389e-01 3.523684e+01
1.348000e+02 8.765678e-01 3.532029e+01
1.352000e+02 8.762572e-01 3.541290e+01
1.356000e+02 8.759093e-01 3.551421e+01
1.360000e+02 8.755050e-01 3.562829e+01
1.364000e+02 8.749366e-01 3.577834e+01
1.368000e+02 8.722991e-01 3.637320e+01
1.372000e+02 8.740505e-01 3.602694e+01
1.376000e+02 8.737348e-01 3.612710e+01
1.380000e+02 8.732394e-01 3.626549e+01
1.384000e+02 8.727232e-01 3.640772e+01
1.388000e+02 8.721510e-01 3.656147e+01
1.392000e+02 8.718161e-01 3.666119e+01
1.396000e+02 8.713586e-01 3.678814e+01
1.400000e+02 8.706760e-01 3.696589e+01
1.404000e+02 8.703304e-01 3.706852e+01
1.408000e+02 8.694422e-01 3.729125e+01
1.412000e+02 8.690279e-01 3.741087e+01
1.416000e+02 8.679369e-01 3.767469e+01
1.420000e+02 8.626358e-01 3.882156e+01
1.424000e+02 8.636636e-01 3.864329e+01
1.428000e+02 8.660661e-01 3.818509e+01
1.432000e+02 8.657431e-01 3.829571e+01
1.436000e+02 8.651288e-01 3.846481e+01
1.440000e+02 8.645385e-01 3.862441e+01
1.444000e+02 8.639094e-01 3.878753e+01
1.448000e+02 8.603892e-01 3.956218e+01
1.452000e+02 8.623485e-01 3.917743e+01
1.456000e+02 8.625437e-01 3.917197e+01
1.460000e+02 8.620626e-01 3.930858e+01
1.464000e+02 8.615314e-01 3.945622e+01
1.468000e+02 8.609281e-01 3.961986e+01
1.472000e+02 8.602917e-01 3.979115e+01
1.476000e+02 8.596165e-01 3.997125e+01
1.480000e+02 8.588903e-01 4.016240e+01
1.484000e+02 8.579278e-01 4.040313e+01
1.488000e+02 8.535047e-01 4.139080e+01
1.492000e+02 8.566116e-01 4.076081e+01
1.496000e+02 8.559695e-01 4.093794e+01
1.500000e+02 8.550816e-01 4.116716e+01
1.504000e+02 8.539526e-01 4.144492e+01
1.508000e+02 8.522439e-01 4.184303e+01
1.512000e+02 8.526499e-01 4.180345e+01
1.516000e+02 8.522503e-01 4.192846e+01
1.520000e+02 8.516568e-01 4.209300e+01
1.524000e+02 8.510775e-01 4.225263e+01
1.528000e+02 8.503915e-01 4.243640e+01
1.532000e+02 8.496192e-01 4.263925e+01
1.536000e+02 8.484845e-01 4.291852e+01
1.540000e+02 8.415474e-01 4.445253e+01
1.544000e+02 8.470626e-01 4.330155e+01
1.548000e+02 8.466430e-01 4.343386e+01
1.552000e+02 8.459368e-01 4.362605e+01
1.556000e+02 8.451630e-01 4.383274e+01
1.560000e+02 8.441636e-01 4.408777e+01
1.564000e+02 8.435258e-01 4.426633e+01
1.568000e+02 8.427631e-01 4.447202e+01
1.572000e+02 8.419188e-01 4.469541e+01
1.576000e+02 8.411114e-01 4.491138e+01
1.580000e+02 8.402643e-01 4.513630e+01
1.584000e+02 8.393815e-01 4.536932e+01
1.588000e+02 8.385155e-01 4.559932e+01
1.592000e+02 8.376145e-01 4.583739e+01
1.596000e+02 8.367209e-01 4.607438e+01
1.600000e+02 8.358026e-01 4.631729e+01
1.604000e+02 8.348730e-01 4.656328e+01
1.608000e+02 8.339403e-01 4.681027e+01
1.612000e+02 8.329690e-01 4.706630e+01
1.616000e+02 8.319953e-01 4.732365e+01
1.620000e+02 8.309904e-01 4.758849e+01
1.624000e+02 8.299593e-01 4.785978e+01
1.628000e+02 8.289014e-01 4.813773e+01
1.632000e+02 8.277650e-01 4.843354e+01
1.636000e+02 8.266595e-01 4.872349e+01
1.640000e+02 8.254320e-01 4.904042e+01
1.644000e+02 8.239580e-01 4.940954e+01
1.648000e+02 8.199225e-01 5.031971e+01
1.652000e+02 8.197446e-01 5.041555e+01
1.656000e+02 8.145334e-01 5.156961e+01
1.660000e+02 8.146361e-01 5.161568e+01
1.664000e+02 8.173418e-01 5.112551e+01
1.668000e+02 8.165175e-01 5.137156e+01
1.672000e+02 8.151519e-01 5.173186e+01
1.676000e+02 8.102901e-01 5.285707e+01
1.680000e+02 8.123155e-01 5.248342e+01
1.684000e+02 8.108401e-01 5.287632e+01
1.688000e+02 8.091477e-01 5.331819e+01
1.692000e+02 8.074207e-01 5.377109e+01
1.696000e+02 8.055915e-01 5.424984e+01
1.700000e+02 8.035490e-01 5.477931e+01
1.704000e+02 8.015853e-01 5.529557e+01
1.708000e+02 7.993846e-01 5.586902e+01
1.712000e+02 7.969519e-01 5.649840e+01
1.716000e+02 7.944376e-01 5.715278e+01
1.720000e+02 7.917868e-01 5.784474e+01
1.724000e+02 7.888464e-01 5.860800e+01
1.728000e+02 7.856104e-01 5.944533e+01
1.732000e+02 7.819661e-01 6.038133e+01
1.736000e+02 7.775941e-01 6.148761e+01
1.740000e+02 7.740473e-01 6.243781e+01
1.744000e+02 7.693536e-01 6.365127e+01
1.748000e+02 7.639147e-01 6.504620e+01
1.752000e+02 7.524470e-01 6.779101e+01
1.756000e+02 7.496080e-01 6.864468e+01
1.760000e+02 7.428766e-01 7.041327e+01
1.764000e+02 7.354905e-01 7.238040e+01
1.768000e+02 7.263674e-01 7.476129e+01
1.772000e+02 7.153369e-01 7.761868e+01
1.776000e+02 7.022769e-01 8.099501e+01
1.780000e+02 6.867865e-01 8.499658e+01
1.784000e+02 6.682966e-01 8.977105e+01
1.788000e+02 6.460986e-01 9.550371e+01
1.792000e+02 6.192522e-01 1.024386e+02
1.796000e+02 5.865348e-01 1.108913e+02
1.800000e+02 5.457196e-01 1.214187e+02
1.804000e+02 4.977646e-01 1.338491e+02
1.808000e+02 4.387664e-01 1.491323e+02
1.812000e+02 3.690867e-01 1.672155e+02
1.816000e+02 2.906126e-01 1.876352e+02
1.820000e+02 2.094158e-01 2.088405e+02
1.824000e+02 1.363554e-01 2.280015e+02
1.828000e+02 8.329973e-02 2.419258e+02
1.832000e+02 5.775755e-02 2.485036e+02
1.836000e+02 6.758591e-02 2.459700e+02
1.840000e+02 1.081624e-01 2.353551e+02
1.844000e+02 1.628431e-01 2.206058e+02
1.848000e+02 2.457748e-01 1.992148e+02
1.852000e+02 3.247082e-01 1.787470e+02
1.856000e+02 3.948095e-01 1.605343e+02
1.860000e+02 4.558746e-01 1.447370e+02
1.864000e+02 5.063567e-01 1.316821e+02
1.868000e+02 5.477697e-01 1.209852e+02
1.872000e+02 5.813766e-01 1.123054e+02
1.876000e+02 6.090963e-01 1.051625e+02
1.880000e+02 6.316653e-01 9.934503e+01
1.884000e+02 6.503079e-01 9.454552e+01
1.888000e+02 6.656888e-01 9.058524e+01
1.892000e+02 6.785117e-01 8.728594e+01
1.896000e+02 6.892508e-01 8.452421e+01
1.900000e+02 6.982834e-01 8.220235e+01
1.904000e+02 7.058906e-01 8.024655e+01
1.908000e+02 7.123814e-01 7.858033e+01
1.912000e+02 7.179111e-01 7.716196e+01
1.916000e+02 7.226011e-01 7.595859e+01
1.920000e+02 7.265915e-01 7.493503e+01
1.924000e+02 7.299659e-01 7.406910e+01
1.928000e+02 7.327358e-01 7.335400e+01
1.932000e+02 7.338627e-01 7.300385e+01
1.936000e+02 7.366623e-01 7.232066e+01
1.940000e+02 7.389722e-01 7.175363e+01
1.944000e+02 7.406141e-01 7.133358e+01
1.948000e+02 7.416290e-01 7.105173e+01
1.952000e+02 7.389087e-01 7.155345e+01
1.956000e+02 7.352149e-01 7.227988e+01
1.960000e+02 7.442207e-01 7.036189e+01
1.964000e+02 7.462035e-01 6.992021e+01
1.968000e+02 7.471576e-01 6.969679e+01
1.972000e+02 7.477571e-01 6.955378e+01
1.976000e+02 7.480807e-01 6.947478e+01
1.980000e+02 7.482698e-01 6.943121e+01
1.984000e+02 7.486133e-01 6.935399e+01
1.988000e+02 7.486150e-01 6.935636e+01
1.992000e+02 7.476473e-01 6.957236e+01
1.996000e+02 7.480217e-01 6.950003e+01
2.000000e+02 7.479275e-01 6.953722e+01
2.004000e+02 7.472060e-01 6.970928e+01
2.008000e+02 7.454981e-01 7.008273e+01
2.012000e+02 7.452636e-01 7.016224e+01
2.016000e+02 7.457872e-01 7.009284e+01
2.020000e+02 7.454611e-01 7.020137e+01
2.024000e+02 7.446441e-01 7.042081e+01
2.028000e+02 7.435041e-01 7.071314e+01
2.032000e+02 7.423261e-01 7.100515e+01
2.036000e+02 7.419603e-01 7.110365e+01
2.040000e+02 7.425288e-01 7.098508e+01
2.044000e+02 7.430806e-01 7.086150e+01
2.048000e+02 7.433588e-01 7.080057e+01
2.052000e+02 7.432556e-01 7.082942e+01
2.056000e+02 7.431743e-01 7.085752e+01
2.060000e+02 7.420547e-01 7.110985e+01
2.064000e+02 7.423279e-01 7.107497e+01
2.068000e+02 7.421878e-01 7.113100e+01
2.072000e+02 7.417049e-01 7.126042e+01
2.076000e+02 7.410924e-01 7.141766e+01
2.080000e+02 7.402622e-01 7.161996e+01
2.084000e+02 7.372710e-01 7.227063e+01
2.088000e+02 7.341246e-01 7.296326e+01
2.092000e+02 7.383829e-01 7.211039e+01
2.096000e+02 7.381158e-01 7.220396e+01
2.100000e+02 7.376251e-01 7.234205e+01
2.104000e+02 7.346535e-01 7.301732e+01
2.108000e+02 7.157227e-01 7.731390e+01
2.112000e+02 7.355572e-01 7.288185e+01
2.116000e+02 7.353106e-01 7.297172e+01
2.120000e+02 7.347401e-01 7.312906e+01
2.124000e+02 7.340977e-01 7.330184e+01
2.128000e+02 7.333905e-01 7.348884e+01
2.132000e+02 7.327110e-01 7.367010e+01
2.136000e+02 7.319713e-01 7.386451e+01
2.140000e+02 7.311663e-01 7.407284e+01
2.144000e+02 7.300922e-01 7.433671e+01
2.148000e+02 7.256260e-01 7.530802e+01
2.152000e+02 7.269678e-01 7.506779e+01
2.156000e+02 7.280373e-01 7.488993e+01
2.160000e+02 7.273015e-01 7.508979e+01
2.164000e+02 7.268937e-01 7.521349e+01
2.168000e+02 7.261977e-01 7.540099e+01
2.172000e+02 7.254628e-01 7.559697e+01
2.176000e+02 7.246742e-01 7.580453e+01
2.180000e+02 7.238603e-01 7.601772e+01
2.184000e+02 7.231573e-01 7.620758e+01
2.188000e+02 7.224088e-01 7.640750e+01
2.192000e+02 7.215858e-01 7.662334e+01
2.196000e+02 7.208377e-01 7.682352e+01
2.200000e+02 7.199886e-01 7.704571e+01
2.204000e+02 7.192384e-01 7.724680e+01
2.208000e+02 7.184069e-01 7.746560e+01
2.212000e+02 7.176011e-01 7.767927e+01
2.216000e+02 7.167784e-01 7.789713e+01
2.220000e+02 7.159316e-01 7.812070e+01
2.224000e+02 7.150159e-01 7.835981e+01
2.228000e+02 7.141549e-01 7.858802e+01
2.232000e+02 7.131498e-01 7.884890e+01
2.236000e+02 7.122095e-01 7.909692e+01
2.240000e+02 7.111082e-01 7.938243e+01
2.244000e+02 7.099034e-01 7.969355e+01
2.248000e+02 7.082164e-01 8.011227e+01
2.252000e+02 7.066977e-01 8.049719e+01
2.256000e+02 7.043591e-01 8.104929e+01
2.260000e+02 6.947116e-01 8.312836e+01
2.264000e+02 7.019723e-01 8.162920e+01
2.268000e+02 7.032647e-01 8.139047e+01
2.272000e+02 7.034930e-01 8.136685e+01
2.276000e+02 7.032686e-01 8.144186e+01
2.280000e+02 7.027997e-01 8.157303e+01
2.284000e+02 7.021821e-01 8.173926e+01
2.288000e+02 7.014330e-01 8.193588e+01
2.292000e+02 7.004505e-01 8.218302e+01
2.296000e+02 6.930527e-01 8.382607e+01
2.300000e+02 6.985727e-01 8.266518e+01
2.304000e+02 6.973435e-01 8.296622e+01
2.308000e+02 6.955649e-01 8.338241e+01
2.312000e+02 6.759141e-01 8.757129e+01
2.316000e+02 6.922706e-01 8.416534e+01
2.320000e+02 6.933515e-01 8.400373e+01
2.324000e+02 6.925762e-01 8.422215e+01
2.328000e+02 6.908953e-01 8.463939e+01
2.332000e+02 6.880922e-01 8.530320e+01
2.336000e+02 6.818403e-01 8.668386e+01
2.340000e+02 6.661100e-01 8.994906e+01
2.344000e+02 6.818496e-01 8.677505e+01
2.348000e+02 6.847440e-01 8.618172e+01
2.352000e+02 6.841223e-01 8.632746e+01
2.356000e+02 6.657674e-01 9.019892e+01
2.360000e+02 6.799885e-01 8.725278e+01
2.364000e+02 6.827790e-01 8.672361e+01
2.368000e+02 6.797431e-01 8.739471e+01
2.372000e+02 6.400353e-01 9.588934e+01
2.376000e+02 6.795245e-01 8.754350e+01
2.380000e+02 6.802545e-01 8.744537e+01
2.384000e+02 6.768835e-01 8.821666e+01
2.388000e+02 6.743777e-01 8.876784e+01
2.392000e+02 6.578726e-01 9.228888e+01
2.396000e+02 6.726528e-01 8.926687e+01
2.400000e+02 6.730008e-01 8.924029e+01
2.404000e+02 6.733250e-01 8.923438e+01
2.408000e+02 6.730602e-01 8.935041e+01
2.412000e+02 6.701677e-01 9.004427e+01
2.416000e+02 6.703988e-01 9.001645e+01
2.420000e+02 6.664916e-01 9.086285e+01
2.424000e+02 6.424258e-01 9.596994e+01
2.428000e+02 6.668780e-01 9.085034e+01
2.432000e+02 6.631118e-01 9.166137e+01
2.436000e+02 6.557667e-01 9.323244e+01
2.440000e+02 6.645541e-01 9.145083e+01
2.444000e+02 6.656637e-01 9.126853e+01
2.448000e+02 6.662902e-01 9.118259e+01
2.452000e+02 6.657560e-01 9.134029e+01
2.456000e+02 6.649867e-01 9.154787e+01
2.460000e+02 6.641323e-01 9.177381e+01
2.464000e+02 6.630366e-01 9.205122e+01
2.468000e+02 6.621289e-01 9.228892e+01
2.472000e+02 6.607963e-01 9.261542e+01
2.476000e+02 6.572439e-01 9.340155e+01
2.480000e+02 6.496243e-01 9.502746e+01
2.484000e+02 6.513238e-01 9.472621e+01
2.488000e+02 6.558014e-01 9.385606e+01
2.492000e+02 6.543874e-01 9.420030e+01
2.496000e+02 6.452114e-01 9.614576e+01
2.500000e+02 5.990667e-01 1.060804e+02
2.504000e+02 6.495967e-01 9.535774e+01
2.508000e+02 6.499594e-01 9.534385e+01
2.512000e+02 6.437645e-01 9.671119e+01
2.516000e+02 6.489025e-01 9.566758e+01
2.520000e+02 6.492798e-01 9.563975e+01
2.524000e+02 6.488926e-01 9.576718e+01
2.528000e+02 6.479952e-01 9.600483e+01
2.532000e+02 6.474880e-01 9.616112e+01
2.536000e+02 6.465093e-01 9.642103e+01
2.540000e+02 6.454311e-01 9.670515e+01
2.544000e+02 6.441128e-01 9.704331e+01
2.548000e+02 6.430211e-01 9.733125e+01
2.552000e+02 6.421016e-01 9.757404e+01
2.556000e+02 6.415428e-01 9.773014e+01
2.560000e+02 6.409453e-01 9.789081e+01
2.564000e+02 6.402740e-01 9.806918e+01
2.568000e+02 6.394345e-01 9.828619e+01
2.572000e+02 6.385959e-01 9.850583e+01
2.576000e+02 6.374210e-01 9.879833e+01
2.580000e+02 6.353125e-01 9.928304e+01
2.584000e+02 6.317239e-01 1.000691e+02
2.588000e+02 6.138602e-01 1.038794e+02
2.592000e+02 6.326563e-01 9.997833e+01
2.596000e+02 6.329638e-01 9.996778e+01
2.600000e+02 6.323253e-01 1.001516e+02
2.604000e+02 6.315963e-01 1.003533e+02
2.608000e+02 6.301953e-01 1.007047e+02
2.612000e+02 6.297951e-01 1.008300e+02
2.616000e+02 6.288315e-01 1.010822e+02
2.620000e+02 6.277501e-01 1.013594e+02
2.624000e+02 6.264017e-01 1.016919e+02
2.628000e+02 6.182893e-01 1.034597e+02
2.632000e+02 6.216769e-01 1.027969e+02
2.636000e+02 6.043861e-01 1.064574e+02
2.640000e+02 6.186317e-01 1.035193e+02
2.644000e+02 6.207650e-01 1.031394e+02
2.648000e+02 6.180008e-01 1.037760e+02
2.652000e+02 6.185822e-01 1.037161e+02
2.656000e+02 6.179660e-01 1.039101e+02
2.660000e+02 6.167913e-01 1.042141e+02
2.664000e+02 6.157075e-01 1.044893e+02
2.668000e+02 6.141259e-01 1.048557e+02
2.672000e+02 5.938672e-01 1.091685e+02
2.676000e+02 6.117963e-01 1.054148e+02
2.680000e+02 6.129983e-01 1.052144e+02
2.684000e+02 6.125520e-01 1.053534e+02
2.688000e+02 6.118053e-01 1.055559e+02
2.692000e+02 6.110998e-01 1.057505e+02
2.696000e+02 6.102464e-01 1.059771e+02
2.700000e+02 6.093490e-01 1.062136e+02
2.704000e+02 6.083876e-01 1.064641e+02
2.708000e+02 6.073681e-01 1.067273e+02
2.712000e+02 6.062732e-01 1.070067e+02
2.716000e+02 6.054359e-01 1.072324e+02
2.720000e+02 6.041378e-01 1.075557e+02
2.724000e+02 6.027851e-01 1.078878e+02
2.728000e+02 5.982503e-01 1.088743e+02
2.732000e+02 5.922319e-01 1.101788e+02
2.736000e+02 5.992676e-01 1.087748e+02
2.740000e+02 5.982931e-01 1.090303e+02
2.744000e+02 5.862626e-01 1.116115e+02
2.748000e+02 5.955719e-01 1.097023e+02
2.752000e+02 5.956435e-01 1.097510e+02
2.756000e+02 5.943537e-01 1.100786e+02
2.760000e+02 5.918618e-01 1.106482e+02
2.764000e+02 5.875792e-01 1.115753e+02
2.768000e+02 5.875558e-01 1.116502e+02
2.772000e+02 5.900085e-01 1.111858e+02
2.776000e+02 5.904391e-01 1.111436e+02
2.780000e+02 5.898577e-01 1.113116e+02
2.784000e+02 5.889600e-01 1.115473e+02
2.788000e+02 5.881650e-01 1.117611e+02
2.792000e+02 5.864356e-01 1.121692e+02
2.796000e+02 5.829913e-01 1.129392e+02
2.800000e+02 5.842673e-01 1.127261e+02
2.804000e+02 5.845794e-01 1.127126e+02
2.808000e+02 5.836602e-01 1.129564e+02
2.812000e+02 5.826023e-01 1.132307e+02
2.816000e+02 5.816647e-01 1.134775e+02
2.820000e+02 5.805994e-01 1.137535e+02
2.824000e+02 5.796444e-01 1.140033e+02
2.828000e+02 5.716395e-01 1.157633e+02
2.832000e+02 5.775141e-01 1.145541e+02
2.836000e+02 5.768390e-01 1.147480e+02
2.840000e+02 5.758788e-01 1.149998e+02
2.844000e+02 5.746002e-01 1.153221e+02
2.848000e+02 5.736759e-01 1.155623e+02
2.852000e+02 5.722933e-01 1.159018e+02
2.856000e+02 5.696974e-01 1.164902e+02
2.860000e+02 5.491112e-01 1.208238e+02
2.864000e+02 5.575163e-01 1.191183e+02
2.868000e+02 5.672153e-01 1.171661e+02
2.872000e+02 5.673911e-01 1.171865e+02
2.876000e+02 5.666657e-01 1.173910e+02
2.880000e+02 5.655266e-01 1.176804e+02
2.884000e+02 5.635157e-01 1.181475e+02
2.888000e+02 5.519518e-01 1.205879e+02
2.892000e+02 5.564486e-01 1.197082e+02
2.896000e+02 5.610218e-01 1.188289e+02
2.900000e+02 5.607307e-01 1.189475e+02
2.904000e+02 5.600629e-01 1.191403e+02
2.908000e+02 5.587351e-01 1.194703e+02
2.912000e+02 5.578386e-01 1.197113e+02
2.916000e+02 5.570389e-01 1.199328e+02
2.920000e+02 5.561238e-01 1.201772e+02
2.924000e+02 5.548352e-01 1.204988e+02
2.928000e+02 5.525074e-01 1.210320e+02
2.932000e+02 5.208042e-01 1.278824e+02
2.936000e+02 5.456682e-01 1.225857e+02
2.940000e+02 5.506177e-01 1.215961e+02
2.944000e+02 5.500239e-01 1.217771e+02
2.948000e+02 5.491142e-01 1.220228e+02
2.952000e+02 5.481029e-01 1.222896e+02
2.956000e+02 5.470644e-01 1.225627e+02
2.960000e+02 5.459270e-01 1.228573e+02
2.964000e+02 5.446512e-01 1.231841e+02
2.968000e+02 5.435396e-01 1.234739e+02
2.972000e+02 5.410690e-01 1.240606e+02
2.976000e+02 5.403869e-01 1.242630e+02
2.980000e+02 5.375940e-01 1.249173e+02
2.984000e+02 5.295489e-01 1.266186e+02
2.988000e+02 5.338049e-01 1.258272e+02
2.992000e+02 5.353238e-01 1.255572e+02
2.996000e+02 5.347453e-01 1.257254e+02
3.000000e+02 5.338348e-01 1.259687e+02
3.004000e+02 5.315853e-01 1.264944e+02
3.008000e+02 5.266732e-01 1.275807e+02
3.012000e+02 5.256974e-01 1.278307e+02
3.016000e+02 5.157496e-01 1.299260e+02
3.020000e+02 5.154087e-01 1.300700e+02
3.024000e+02 5.249365e-01 1.281686e+02
3.028000e+02 5.238174e-01 1.284518e+02
3.032000e+02 4.888894e-01 1.359603e+02
3.036000e+02 5.228223e-01 1.287804e+02
3.040000e+02 5.230798e-01 1.287940e+02
3.044000e+02 5.218689e-01 1.291111e+02
3.048000e+02 5.201364e-01 1.295333e+02
3.052000e+02 5.196685e-01 1.296965e+02
3.056000e+02 5.190563e-01 1.298860e+02
3.060000e+02 5.180492e-01 1.301574e+02
3.064000e+02 5.169386e-01 1.304525e+02
3.068000e+02 5.157349e-01 1.307693e+02
3.072000e+02 5.144672e-01 1.311015e+02
3.076000e+02 5.131104e-01 1.314545e+02
3.080000e+02 5.117775e-01 1.318045e+02
3.084000e+02 5.102878e-01 1.321896e+02
3.088000e+02 5.087406e-01 1.325898e+02
3.092000e+02 5.072046e-01 1.329908e+02
3.096000e+02 5.054069e-01 1.334492e+02
3.100000e+02 4.989966e-01 1.348830e+02
3.104000e+02 5.017069e-01 1.343951e+02
3.108000e+02 5.005158e-01 1.347293e+02
3.112000e+02 4.990576e-01 1.351159e+02
3.116000e+02 4.974567e-01 1.355351e+02
3.120000e+02 4.957489e-01 1.359826e+02
3.124000e+02 4.937940e-01 1.364902e+02
3.128000e+02 4.916185e-01 1.370527e+02
3.132000e+02 4.892825e-01 1.376566e+02
3.136000e+02 4.866807e-01 1.383195e+02
3.140000e+02 4.842476e-01 1.389448e+02
3.144000e+02 4.824002e-01 1.394381e+02
3.148000e+02 4.799281e-01 1.400729e+02
3.152000e+02 4.768451e-01 1.408468e+02
3.156000e+02 4.713801e-01 1.421235e+02
3.160000e+02 4.599702e-01 1.446518e+02
3.164000e+02 4.447325e-01 1.480461e+02
3.168000e+02 4.608239e-01 1.448792e+02
3.172000e+02 4.480765e-01 1.479063e+02
3.176000e+02 4.540837e-01 1.467655e+02
3.180000e+02 4.489023e-01 1.481286e+02
3.184000e+02 4.425508e-01 1.497805e+02
3.188000e+02 4.349194e-01 1.517584e+02
3.192000e+02 4.255134e-01 1.541843e+02
3.196000e+02 4.133128e-01 1.572927e+02
3.200000e+02 3.284034e-01 1.766813e+02
3.204000e+02 3.824337e-01 1.653038e+02
3.208000e+02 3.645066e-01 1.699851e+02
3.212000e+02 3.475681e-01 1.743717e+02
3.216000e+02 3.312741e-01 1.786322e+02
3.220000e+02 3.085171e-01 1.845236e+02
3.224000e+02 2.800386e-01 1.919604e+02
3.228000e+02 2.430675e-01 2.016019e+02
3.232000e+02 1.987108e-01 2.132031e+02
3.236000e+02 1.490244e-01 2.262498e+02
3.240000e+02 9.985616e-02 2.392601e+02
3.244000e+02 5.925278e-02 2.500976e+02
3.248000e+02 3.411447e-02 2.568399e+02
3.252000e+02 2.702345e-02 2.586967e+02
3.256000e+02 4.001036e-02 2.552354e+02
3.260000e+02 6.989820e-02 2.472030e+02
3.264000e+02 1.117766e-01 2.359721e+02
3.268000e+02 1.521869e-01 2.248434e+02
3.272000e+02 2.059517e-01 2.111223e+02
3.276000e+02 2.487282e-01 2.000445e+02
3.280000e+02 2.828728e-01 1.911415e+02
3.284000e+02 3.124253e-01 1.835460e+02
3.288000e+02 3.352590e-01 1.776368e+02
3.292000e+02 3.534729e-01 1.729216e+02
3.296000e+02 3.680745e-01 1.691428e+02
3.300000e+02 3.799117e-01 1.660838e+02
3.304000e+02 3.894584e-01 1.636162e+02
3.308000e+02 3.971823e-01 1.616187e+02
3.312000e+02 4.034265e-01 1.600017e+02
3.316000e+02 4.083748e-01 1.587122e+02
3.320000e+02 4.120037e-01 1.577431e+02
3.324000e+02 4.124423e-01 1.574631e+02
3.328000e+02 3.939267e-01 1.611838e+02
3.332000e+02 4.187234e-01 1.559088e+02
3.336000e+02 4.226893e-01 1.550050e+02
3.340000e+02 4.244940e-01 1.545631e+02
3.344000e+02 4.257949e-01 1.542413e+02
3.348000e+02 4.264148e-01 1.540759e+02
3.352000e+02 4.226634e-01 1.548362e+02
3.356000e+02 4.271758e-01 1.538686e+02
3.360000e+02 4.281843e-01 1.536394e+02
3.364000e+02 4.287996e-01 1.534944e+02
3.368000e+02 4.291641e-01 1.534076e+02
3.372000e+02 4.292786e-01 1.533802e+02
3.376000e+02 4.291328e-01 1.534148e+02
3.380000e+02 4.292368e-01 1.534013e+02
3.384000e+02 4.289699e-01 1.534719e+02
3.388000e+02 4.284936e-01 1.535910e+02
3.392000e+02 4.282883e-01 1.536568e+02
3.396000e+02 4.278137e-01 1.537826e+02
3.400000e+02 4.272748e-01 1.539250e+02
3.404000e+02 4.266835e-01 1.540811e+02
3.408000e+02 4.260124e-01 1.542563e+02
3.412000e+02 4.253354e-01 1.544351e+02
3.416000e+02 4.245735e-01 1.546337e+02
3.420000e+02 4.237019e-01 1.548572e+02
3.424000e+02 4.227872e-01 1.550914e+02
3.428000e+02 4.214589e-01 1.554118e+02
3.432000e+02 4.042185e-01 1.591344e+02
3.436000e+02 4.181244e-01 1.562022e+02
3.440000e+02 4.188785e-01 1.561002e+02
3.444000e+02 4.178537e-01 1.563694e+02
3.448000e+02 4.160871e-01 1.567904e+02
3.452000e+02 4.148447e-01 1.571030e+02
3.456000e+02 4.142391e-01 1.572844e+02
3.460000e+02 4.134524e-01 1.575016e+02
3.464000e+02 4.128824e-01 1.576779e+02
3.468000e+02 4.119347e-01 1.579319e+02
3.472000e+02 4.107834e-01 1.582317e+02
3.476000e+02 4.097665e-01 1.585023e+02
3.480000e+02 4.085482e-01 1.588185e+02
3.484000e+02 4.073533e-01 1.591311e+02
3.488000e+02 4.060380e-01 1.594713e+02
3.492000e+02 4.046911e-01 1.598188e+02
3.496000e+02 4.029500e-01 1.602510e+02
3.500000e+02 4.016321e-01 1.605979e+02
3.504000e+02 4.000163e-01 1.610103e+02
3.508000e+02 3.979355e-01 1.615227e+02
3.512000e+02 3.949986e-01 1.622110e+02
3.516000e+02 3.884676e-01 1.636145e+02
3.520000e+02 3.878507e-01 1.638288e+02
3.524000e+02 3.670830e-01 1.682299e+02
3.528000e+02 3.480224e-01 1.725871e+02
3.532000e+02 3.879282e-01 1.640462e+02
3.536000e+02 3.879897e-01 1.641153e+02
3.540000e+02 3.867960e-01 1.644445e+02
3.544000e+02 3.850237e-01 1.648950e+02
3.548000e+02 3.810293e-01 1.658021e+02
3.552000e+02 3.783525e-01 1.664482e+02
3.556000e+02 3.797921e-01 1.662509e+02
3.560000e+02 3.780116e-01 1.667173e+02
3.564000e+02 3.752570e-01 1.673971e+02
3.568000e+02 3.742813e-01 1.676898e+02
3.572000e+02 3.713149e-01 1.684044e+02
3.576000e+02 3.378389e-01 1.756158e+02
3.580000e+02 3.635254e-01 1.702267e+02
3.584000e+02 3.603990e-01 1.709849e+02
3.588000e+02 3.137749e-01 1.808721e+02
3.592000e+02 3.563499e-01 1.720604e+02
3.596000e+02 3.387815e-01 1.759108e+02
3.600000e+02 3.548416e-01 1.726479e+02
3.604000e+02 3.536144e-01 1.730417e+02
3.608000e+02 3.510897e-01 1.737073e+02
3.612000e+02 3.480758e-01 1.744793e+02
3.616000e+02 3.407732e-01 1.761547e+02
3.620000e+02 3.415423e-01 1.761505e+02
3.624000e+02 3.383619e-01 1.769829e+02
3.628000e+02 3.345198e-01 1.779604e+02
3.632000e+02 3.294672e-01 1.791966e+02
3.636000e+02 3.217457e-01 1.810046e+02
3.640000e+02 3.190995e-01 1.817596e+02
3.644000e+02 2.651404e-01 1.933730e+02
3.648000e+02 3.074506e-01 1.846612e+02
3.652000e+02 3.039454e-01 1.856876e+02
3.656000e+02 2.969083e-01 1.874692e+02
3.660000e+02 2.876898e-01 1.897515e+02
3.664000e+02 2.751044e-01 1.928037e+02
3.668000e+02 2.298129e-01 2.029515e+02
3.672000e+02 2.349154e-01 2.024708e+02
3.676000e+02 1.956437e-01 2.117169e+02
3.680000e+02 1.269424e-01 2.274516e+02
3.684000e+02 2.581842e-02 2.493819e+02
3.688000e+02 7.614632e-02 2.390985e+02
3.692000e+02 1.515819e-01 2.226741e+02
3.696000e+02 1.887634e-01 2.144339e+02
3.700000e+02 2.034380e-01 2.112937e+02
3.704000e+02 2.068921e-01 2.107581e+02
3.708000e+02 2.028074e-01 2.119559e+02
3.712000e+02 1.959669e-01 2.138500e+02
3.716000e+02 1.896477e-01 2.157375e+02
3.720000e+02 1.794363e-01 2.185065e+02
3.724000e+02 1.675857e-01 2.216883e+02
3.728000e+02 1.543419e-01 2.252313e+02
3.732000e+02 1.399231e-01 2.290887e+02
3.736000e+02 1.245846e-01 2.332048e+02
3.740000e+02 1.083628e-01 2.375690e+02
3.744000e+02 9.153513e-02 2.421157e+02
3.748000e+02 7.434086e-02 2.467809e+02
3.752000e+02 4.913284e-02 2.531889e+02
3.756000e+02 4.241491e-02 2.556471e+02
3.760000e+02 2.847998e-02 2.596137e+02
3.764000e+02 1.722745e-02 2.629304e+02
3.768000e+02 8.827169e-03 2.655213e+02
3.772000e+02 3.763636e-03 2.672524e+02
3.776000e+02 1.155638e-03 2.682995e+02
3.780000e+02 2.236590e-04 2.688497e+02
3.784000e+02 2.197745e-05 2.691433e+02
3.788000e+02 8.969841e-07 2.693319e+02
3.792000e+02 1.140791e-08 2.694667e+02
3.796000e+02 5.422989e-11 2.695557e+02
3.800000e+02 4.945086e-13 2.695983e+02
3.804000e+02 7.739969e-13 2.695935e+02
3.808000e+02 1.226036e-10 2.695420e+02
3.812000e+02 2.366984e-08 2.694454e+02
3.816000e+02 1.524492e-06 2.693045e+02
3.820000e+02 3.150287e-05 2.691096e+02
3.824000e+02 2.720323e-04 2.688046e+02
3.828000e+02 1.269564e-03 2.682420e+02
3.832000e+02 3.885239e-03 2.672076e+02
3.836000e+02 8.887659e-03 2.655262e+02
3.840000e+02 1.658905e-02 2.631451e+02
3.844000e+02 2.678961e-02 2.601390e+02
3.848000e+02 3.893468e-02 2.566647e+02
3.852000e+02 5.239040e-02 2.528929e+02
3.856000e+02 6.651878e-02 2.489864e+02
3.860000e+02 8.093314e-02 2.450453e+02
3.864000e+02 9.523261e-02 2.411672e+02
3.868000e+02 1.086975e-01 2.375139e+02
3.872000e+02 1.176171e-01 2.348626e+02
3.876000e+02 1.339616e-01 2.307406e+02
3.880000e+02 1.458915e-01 2.276063e+02
3.884000e+02 1.563367e-01 2.248452e+02
3.888000e+02 1.654952e-01 2.224218e+02
3.892000e+02 1.733817e-01 2.203347e+02
3.896000e+02 1.799086e-01 2.186005e+02
3.900000e+02 1.852212e-01 2.171709e+02
3.904000e+02 1.902362e-01 2.158068e+02
3.908000e+02 1.967482e-01 2.140933e+02
3.912000e+02 2.046507e-01 2.120571e+02
3.916000e+02 2.122141e-01 2.100951e+02
3.920000e+02 2.186478e-01 2.084018e+02
3.924000e+02 2.222434e-01 2.073303e+02
3.928000e+02 2.235022e-01 2.067862e+02
3.932000e+02 2.339863e-01 2.043873e+02
3.936000e+02 2.385757e-01 2.032242e+02
3.940000e+02 2.422493e-01 2.022732e+02
3.944000e+02 2.454684e-01 2.014363e+02
3.948000e+02 2.480579e-01 2.007470e+02
3.952000e+02 2.500374e-01 2.002002e+02
3.956000e+02 2.530503e-01 1.994557e+02
3.960000e+02 2.548990e-01 1.989628e+02
3.964000e+02 2.534864e-01 1.991524e+02
3.968000e+02 2.569355e-01 1.983505e+02
3.972000e+02 2.589605e-01 1.978564e+02
3.976000e+02 2.613253e-01 1.972995e+02
3.980000e+02 2.625699e-01 1.969808e+02
3.984000e+02 2.635749e-01 1.967191e+02
3.988000e+02 2.643305e-01 1.965163e+02
3.992000e+02 2.645652e-01 1.964291e+02
3.996000e+02 2.645917e-01 1.963878e+02
4.000000e+02 2.544352e-01 1.984716e+02
