0.5 1 0
1.000000e+01 9.963479e-01 3.584221e+00
1.050000e+01 9.962896e-01 3.598546e+00
1.100000e+01 9.962075e-01 3.618088e+00
1.150000e+01 9.961700e-01 3.628128e+00
1.200000e+01 9.961042e-01 3.644411e+00
1.250000e+01 9.960323e-01 3.662155e+00
1.300000e+01 9.959551e-01 3.681193e+00
1.350000e+01 9.958723e-01 3.701614e+00
1.400000e+01 9.957837e-01 3.723487e+00
1.450000e+01 9.956873e-01 3.747278e+00
1.500000e+01 9.955770e-01 3.774295e+00
1.550000e+01 9.954753e-01 3.799839e+00
1.600000e+01 9.953497e-01 3.830887e+00
1.650000e+01 9.952209e-01 3.863105e+00
1.700000e+01 9.950741e-01 3.899834e+00
1.750000e+01 9.949058e-01 3.942013e+00
1.800000e+01 9.947099e-01 3.991272e+00
1.850000e+01 9.944751e-01 4.050519e+00
1.900000e+01 9.941829e-01 4.124588e+00
1.950000e+01 9.938016e-01 4.221589e+00
2.000000e+01 9.932769e-01 4.355486e+00
2.050000e+01 9.925170e-01 4.549698e+00
2.100000e+01 9.913798e-01 4.839817e+00
2.150000e+01 9.897302e-01 5.256900e+00
2.200000e+01 9.878616e-01 5.718325e+00
2.250000e+01 9.875283e-01 5.802880e+00
2.300000e+01 9.887616e-01 5.500529e+00
2.350000e+01 9.899340e-01 5.202298e+00
2.400000e+01 9.906843e-01 5.006829e+00
2.450000e+01 9.911559e-01 4.884172e+00
2.500000e+01 9.913672e-01 4.826458e+00
2.550000e+01 9.914019e-01 4.813029e+00
2.600000e+01 9.914120e-01 4.808582e+00
2.650000e+01 9.913208e-01 4.828934e+00
2.700000e+01 9.911752e-01 4.862973e+00
2.750000e+01 9.909857e-01 4.907959e+00
2.800000e+01 9.907700e-01 4.959794e+00
2.850000e+01 9.905219e-01 5.019632e+00
2.900000e+01 9.901276e-01 5.112301e+00
2.950000e+01 9.899421e-01 5.160005e+00
3.000000e+01 9.893812e-01 5.290002e+00
3.050000e+01 9.891417e-01 5.351615e+00
3.100000e+01 9.889098e-01 5.411521e+00
3.150000e+01 9.885193e-01 5.506866e+00
3.200000e+01 9.880979e-01 5.609628e+00
3.250000e+01 9.876485e-01 5.719180e+00
3.300000e+01 9.871689e-01 5.836094e+00
3.350000e+01 9.866574e-01 5.960735e+00
3.400000e+01 9.861133e-01 6.093324e+00
3.450000e+01 9.855322e-01 6.234855e+00
3.500000e+01 9.849098e-01 6.386325e+00
3.550000e+01 9.842452e-01 6.547971e+00
3.600000e+01 9.832375e-01 6.786497e+00
3.650000e+01 9.827794e-01 6.904469e+00
3.700000e+01 9.819714e-01 7.100992e+00
3.750000e+01 9.810795e-01 7.316954e+00
3.800000e+01 9.800896e-01 7.555632e+00
3.850000e+01 9.791629e-01 7.783088e+00
3.900000e+01 9.780839e-01 8.045038e+00
3.950000e+01 9.768976e-01 8.332314e+00
4.000000e+01 9.756558e-01 8.633942e+00
4.050000e+01 9.742861e-01 8.965871e+00
4.100000e+01 9.727969e-01 9.326517e+00
4.150000e+01 9.711748e-01 9.719177e+00
4.200000e+01 9.694011e-01 1.014824e+01
4.250000e+01 9.674471e-01 1.062028e+01
4.300000e+01 9.652802e-01 1.114295e+01
4.350000e+01 9.628997e-01 1.171702e+01
4.400000e+01 9.603771e-01 1.232841e+01
4.450000e+01 9.575310e-01 1.301647e+01
4.500000e+01 9.543153e-01 1.379219e+01
4.550000e+01 9.507767e-01 1.464726e+01
4.600000e+01 9.467695e-01 1.561439e+01
4.650000e+01 9.422443e-01 1.670638e+01
4.700000e+01 9.371040e-01 1.794673e+01
4.750000e+01 9.312283e-01 1.936462e+01
4.800000e+01 9.244613e-01 2.099795e+01
4.850000e+01 9.165964e-01 2.289693e+01
4.900000e+01 9.073580e-01 2.512894e+01
4.950000e+01 8.963458e-01 2.779166e+01
5.000000e+01 8.828165e-01 3.106299e+01
5.050000e+01 8.662124e-01 3.509410e+01
5.100000e+01 8.439242e-01 4.050728e+01
5.150000e+01 8.102551e-01 4.868494e+01
5.200000e+01 7.666500e-01 5.929617e+01
5.250000e+01 6.988737e-01 7.584610e+01
5.300000e+01 5.964064e-01 1.009322e+02
5.350000e+01 4.545152e-01 1.359872e+02
5.400000e+01 2.877992e-01 1.780875e+02
5.450000e+01 1.363808e-01 2.181537e+02
5.500000e+01 4.229943e-02 2.456490e+02
5.550000e+01 6.722243e-03 2.588573e+02
5.600000e+01 2.568190e-04 2.635933e+02
5.650000e+01 7.178621e-06 2.652799e+02
5.700000e+01 1.399054e-08 2.661532e+02
5.750000e+01 2.182493e-08 2.667186e+02
5.800000e+01 1.577911e-08 2.671327e+02
5.850000e+01 3.746108e-13 2.674042e+02
5.900000e+01 7.211232e-11 2.674540e+02
5.950000e+01 1.934993e-12 2.675378e+02
6.000000e+01 5.648742e-11 2.676920e+02
6.050000e+01 8.476933e-16 2.677993e+02
6.100000e+01 2.299809e-11 2.677086e+02
6.150000e+01 1.130015e-09 2.676132e+02
6.200000e+01 9.144488e-10 2.675059e+02
6.250000e+01 7.535697e-15 2.672321e+02
6.300000e+01 1.392993e-11 2.663905e+02
6.350000e+01 4.047846e-05 2.647718e+02
6.400000e+01 2.411218e-03 2.614667e+02
6.450000e+01 2.497561e-02 2.518159e+02
6.500000e+01 1.031330e-01 2.282962e+02
6.550000e+01 2.409912e-01 1.913082e+02
6.600000e+01 3.996113e-01 1.506746e+02
6.650000e+01 5.399133e-01 1.154993e+02
6.700000e+01 6.456832e-01 8.925053e+01
6.750000e+01 7.188389e-01 7.118910e+01
6.800000e+01 7.694686e-01 5.877088e+01
6.850000e+01 8.043238e-01 5.024246e+01
6.900000e+01 8.298362e-01 4.402761e+01
6.950000e+01 8.492545e-01 3.931254e+01
7.000000e+01 8.648316e-01 3.554205e+01
7.050000e+01 8.776375e-01 3.244827e+01
7.100000e+01 8.884059e-01 2.985102e+01
7.150000e+01 8.975751e-01 2.764202e+01
7.200000e+01 9.055185e-01 2.573120e+01
7.250000e+01 9.123956e-01 2.407769e+01
7.300000e+01 9.184586e-01 2.262183e+01
7.350000e+01 9.237866e-01 2.134304e+01
7.400000e+01 9.284984e-01 2.021262e+01
7.450000e+01 9.326954e-01 1.920634e+01
7.500000e+01 9.363947e-01 1.831806e+01
7.550000e+01 9.396758e-01 1.752888e+01
7.600000e+01 9.427666e-01 1.679062e+01
7.650000e+01 9.424838e-01 1.679336e+01
7.700000e+01 9.480977e-01 1.551714e+01
7.750000e+01 9.500977e-01 1.503264e+01
7.800000e+01 9.525650e-01 1.445378e+01
7.850000e+01 9.545040e-01 1.399300e+01
7.900000e+01 9.559378e-01 1.364898e+01
7.950000e+01 9.578166e-01 1.320570e+01
8.000000e+01 9.592315e-01 1.286977e+01
8.050000e+01 9.605341e-01 1.255990e+01
8.100000e+01 9.618321e-01 1.225163e+01
8.150000e+01 9.630827e-01 1.195432e+01
8.200000e+01 9.642307e-01 1.168123e+01
8.250000e+01 9.652767e-01 1.143266e+01
8.300000e+01 9.662340e-01 1.120556e+01
8.350000e+01 9.671138e-01 1.099721e+01
8.400000e+01 9.679252e-01 1.080541e+01
8.450000e+01 9.686762e-01 1.062826e+01
8.500000e+01 9.693690e-01 1.046514e+01
8.550000e+01 9.700109e-01 1.031435e+01
8.600000e+01 9.706049e-01 1.017515e+01
8.650000e+01 9.711505e-01 1.004763e+01
8.700000e+01 9.716536e-01 9.930472e+00
8.750000e+01 9.721145e-01 9.823535e+00
8.800000e+01 9.725410e-01 9.724738e+00
8.850000e+01 9.729479e-01 9.630500e+00
8.900000e+01 9.733365e-01 9.540825e+00
8.950000e+01 9.736842e-01 9.460944e+00
9.000000e+01 9.739773e-01 9.394222e+00
9.050000e+01 9.742798e-01 9.325349e+00
9.100000e+01 9.745212e-01 9.271031e+00
9.150000e+01 9.747658e-01 9.216517e+00
9.200000e+01 9.749643e-01 9.172794e+00
9.250000e+01 9.751314e-01 9.136497e+00
9.300000e+01 9.752501e-01 9.111250e+00
9.350000e+01 9.751763e-01 9.127441e+00
9.400000e+01 9.726914e-01 9.674917e+00
9.450000e+01 9.754552e-01 9.072294e+00
9.500000e+01 9.756060e-01 9.042951e+00
9.550000e+01 9.755529e-01 9.057897e+00
9.600000e+01 9.748336e-01 9.215728e+00
9.650000e+01 9.751002e-01 9.163452e+00
9.700000e+01 9.755917e-01 9.064890e+00
9.750000e+01 9.755972e-01 9.070464e+00
9.800000e+01 9.755055e-01 9.097670e+00
9.850000e+01 9.754209e-01 9.123925e+00
9.900000e+01 9.752425e-01 9.171591e+00
9.950000e+01 9.750144e-01 9.231035e+00
1.000000e+02 9.746823e-01 9.313514e+00
1.005000e+02 9.735527e-01 9.572485e+00
1.010000e+02 9.739741e-01 9.489431e+00
1.015000e+02 9.725791e-01 9.799421e+00
1.020000e+02 9.723848e-01 9.855460e+00
1.025000e+02 9.731601e-01 9.707330e+00
1.030000e+02 9.728351e-01 9.794773e+00
1.035000e+02 9.721555e-01 9.959914e+00
1.040000e+02 9.709124e-01 1.024778e+01
1.045000e+02 9.711701e-01 1.021491e+01
1.050000e+02 9.705159e-01 1.038055e+01
1.055000e+02 9.697177e-01 1.057949e+01
1.060000e+02 9.688019e-01 1.080646e+01
1.065000e+02 9.677562e-01 1.106447e+01
1.070000e+02 9.665663e-01 1.135710e+01
1.075000e+02 9.652001e-01 1.169179e+01
1.080000e+02 9.635949e-01 1.208304e+01
1.085000e+02 9.618198e-01 1.251583e+01
1.090000e+02 9.596607e-01 1.303795e+01
1.095000e+02 9.549818e-01 1.411420e+01
1.100000e+02 9.541692e-01 1.435973e+01
1.105000e+02 9.499574e-01 1.534795e+01
1.110000e+02 9.436137e-01 1.680749e+01
1.115000e+02 9.420380e-01 1.727966e+01
1.120000e+02 9.364353e-01 1.863106e+01
1.125000e+02 9.292579e-01 2.035095e+01
1.130000e+02 9.201764e-01 2.252151e+01
1.135000e+02 9.086019e-01 2.528470e+01
1.140000e+02 8.934398e-01 2.889919e+01
1.145000e+02 8.733150e-01 3.369297e+01
1.150000e+02 8.426185e-01 4.094726e+01
1.155000e+02 8.068593e-01 4.952731e+01
1.160000e+02 7.501212e-01 6.306937e+01
1.165000e+02 6.642413e-01 8.362325e+01
1.170000e+02 5.314852e-01 1.155902e+02
1.175000e+02 3.330563e-01 1.640509e+02
1.180000e+02 1.013629e-01 2.230502e+02
1.185000e+02 1.457573e-03 2.538146e+02
1.190000e+02 1.474237e-03 2.537668e+02
1.195000e+02 1.035532e-01 2.224173e+02
1.200000e+02 3.390738e-01 1.625514e+02
1.205000e+02 5.391637e-01 1.137544e+02
1.210000e+02 6.720378e-01 8.180178e+01
1.215000e+02 7.574939e-01 6.137920e+01
1.220000e+02 8.136883e-01 4.799157e+01
1.225000e+02 8.518987e-01 3.890301e+01
1.230000e+02 8.786426e-01 3.254307e+01
1.235000e+02 8.975067e-01 2.804325e+01
1.240000e+02 9.026169e-01 2.659889e+01
1.245000e+02 9.227552e-01 2.203435e+01
1.250000e+02 9.314403e-01 1.997382e+01
1.255000e+02 9.325541e-01 1.956666e+01
1.260000e+02 9.443757e-01 1.691558e+01
1.265000e+02 9.494743e-01 1.571942e+01
1.270000e+02 9.534602e-01 1.477705e+01
1.275000e+02 9.565894e-01 1.403303e+01
1.280000e+02 9.588045e-01 1.349651e+01
1.285000e+02 9.609845e-01 1.297714e+01
1.290000e+02 9.634361e-01 1.240925e+01
1.295000e+02 9.651067e-01 1.201483e+01
1.300000e+02 9.665427e-01 1.167571e+01
1.305000e+02 9.677573e-01 1.138902e+01
1.310000e+02 9.684093e-01 1.123018e+01
1.315000e+02 9.697365e-01 1.092391e+01
1.320000e+02 9.705389e-01 1.073621e+01
1.325000e+02 9.711475e-01 1.059299e+01
1.330000e+02 9.718386e-01 1.043416e+01
1.335000e+02 9.724635e-01 1.029090e+01
1.340000e+02 9.728781e-01 1.019679e+01
1.345000e+02 9.732542e-01 1.011277e+01
1.350000e+02 9.737581e-01 9.997775e+00
1.355000e+02 9.740796e-01 9.926579e+00
1.360000e+02 9.743212e-01 9.873920e+00
1.365000e+02 9.743648e-01 9.865266e+00
1.370000e+02 9.738255e-01 9.985469e+00
1.375000e+02 9.749089e-01 9.753493e+00
1.380000e+02 9.750936e-01 9.718247e+00
1.385000e+02 9.752144e-01 9.696717e+00
1.390000e+02 9.753433e-01 9.672352e+00
1.395000e+02 9.755194e-01 9.636883e+00
1.400000e+02 9.753941e-01 9.671411e+00
1.405000e+02 9.756417e-01 9.619306e+00
1.410000e+02 9.755727e-01 9.640592e+00
1.415000e+02 9.751804e-01 9.732463e+00
1.420000e+02 9.696853e-01 1.092930e+01
1.425000e+02 9.734050e-01 1.013302e+01
1.430000e+02 9.752619e-01 9.745875e+00
1.435000e+02 9.754259e-01 9.722230e+00
1.440000e+02 9.754178e-01 9.732330e+00
1.445000e+02 9.751509e-01 9.794178e+00
1.450000e+02 9.700561e-01 1.092323e+01
1.455000e+02 9.755265e-01 9.724183e+00
1.460000e+02 9.757252e-01 9.689086e+00
1.465000e+02 9.757981e-01 9.681635e+00
1.470000e+02 9.757736e-01 9.696421e+00
1.475000e+02 9.757028e-01 9.722031e+00
1.480000e+02 9.755506e-01 9.765963e+00
1.485000e+02 9.748262e-01 9.934561e+00
1.490000e+02 9.747308e-01 9.967897e+00
1.495000e+02 9.750965e-01 9.903002e+00
1.500000e+02 9.747841e-01 9.986336e+00
1.505000e+02 9.739705e-01 1.017439e+01
1.510000e+02 9.739005e-01 1.020340e+01
1.515000e+02 9.744774e-01 1.009214e+01
1.520000e+02 9.745705e-01 1.008254e+01
1.525000e+02 9.746195e-01 1.008056e+01
1.530000e+02 9.745081e-01 1.011612e+01
1.535000e+02 9.741347e-01 1.020928e+01
1.540000e+02 9.666560e-01 1.189011e+01
1.545000e+02 9.739066e-01 1.028540e+01
1.550000e+02 9.740277e-01 1.027377e+01
1.555000e+02 9.739152e-01 1.031301e+01
1.560000e+02 9.735132e-01 1.041655e+01
1.565000e+02 9.734357e-01 1.045063e+01
1.570000e+02 9.734010e-01 1.047210e+01
1.575000e+02 9.732208e-01 1.052761e+01
1.580000e+02 9.730211e-01 1.058817e+01
1.585000e+02 9.726919e-01 1.067853e+01
1.590000e+02 9.725604e-01 1.072424e+01
1.595000e+02 9.722888e-01 1.080241e+01
1.600000e+02 9.720426e-01 1.087519e+01
1.605000e+02 9.717772e-01 1.095291e+01
1.610000e+02 9.714866e-01 1.103682e+01
1.615000e+02 9.711874e-01 1.112313e+01
1.620000e+02 9.708576e-01 1.121711e+01
1.625000e+02 9.704989e-01 1.131828e+01
1.630000e+02 9.701011e-01 1.142895e+01
1.635000e+02 9.696519e-01 1.155184e+01
1.640000e+02 9.690895e-01 1.170036e+01
1.645000e+02 9.680323e-01 1.195570e+01
1.650000e+02 9.566885e-01 1.449058e+01
1.655000e+02 9.637704e-01 1.292890e+01
1.660000e+02 9.615556e-01 1.343843e+01
1.665000e+02 9.659699e-01 1.252964e+01
1.670000e+02 9.658665e-01 1.258914e+01
1.675000e+02 9.634354e-01 1.315996e+01
1.680000e+02 9.646554e-01 1.293116e+01
1.685000e+02 9.640373e-01 1.310993e+01
1.690000e+02 9.627674e-01 1.343668e+01
1.695000e+02 9.622954e-01 1.358656e+01
1.700000e+02 9.611478e-01 1.389224e+01
1.705000e+02 9.601393e-01 1.417017e+01
1.710000e+02 9.588290e-01 1.452062e+01
1.715000e+02 9.571934e-01 1.494847e+01
1.720000e+02 9.558041e-01 1.533022e+01
1.725000e+02 9.539608e-01 1.581975e+01
1.730000e+02 9.517813e-01 1.639250e+01
1.735000e+02 9.450871e-01 1.799007e+01
1.740000e+02 9.465478e-01 1.777030e+01
1.745000e+02 9.432101e-01 1.864259e+01
1.750000e+02 9.385586e-01 1.981832e+01
1.755000e+02 9.290378e-01 2.207519e+01
1.760000e+02 9.277833e-01 2.256967e+01
1.765000e+02 9.230968e-01 2.387501e+01
1.770000e+02 9.159421e-01 2.575498e+01
1.775000e+02 9.066771e-01 2.816374e+01
1.780000e+02 8.948676e-01 3.122064e+01
1.785000e+02 8.796675e-01 3.514155e+01
1.790000e+02 8.601587e-01 4.017302e+01
1.795000e+02 8.343423e-01 4.681552e+01
1.800000e+02 7.985633e-01 5.597688e+01
1.805000e+02 7.529801e-01 6.770733e+01
1.810000e+02 6.892368e-01 8.404767e+01
1.815000e+02 6.038952e-01 1.058969e+02
1.820000e+02 4.958426e-01 1.334877e+02
1.825000e+02 3.766248e-01 1.637231e+02
1.830000e+02 2.789386e-01 1.879444e+02
1.835000e+02 2.673553e-01 1.906462e+02
1.840000e+02 3.562753e-01 1.687461e+02
1.845000e+02 4.676122e-01 1.403752e+02
1.850000e+02 5.810328e-01 1.116976e+02
1.855000e+02 6.681814e-01 8.943852e+01
1.860000e+02 7.344012e-01 7.252307e+01
1.865000e+02 7.828836e-01 6.010876e+01
1.870000e+02 8.187677e-01 5.091162e+01
1.875000e+02 8.457455e-01 4.399586e+01
1.880000e+02 8.661922e-01 3.874665e+01
1.885000e+02 8.821313e-01 3.465745e+01
1.890000e+02 8.945338e-01 3.146824e+01
1.895000e+02 9.045053e-01 2.890612e+01
1.900000e+02 9.125096e-01 2.684642e+01
1.905000e+02 9.188989e-01 2.519541e+01
1.910000e+02 9.244154e-01 2.377985e+01
1.915000e+02 9.288762e-01 2.262977e+01
1.920000e+02 9.325729e-01 2.167505e+01
1.925000e+02 9.356327e-01 2.088286e+01
1.930000e+02 9.378038e-01 2.030131e+01
1.935000e+02 9.385550e-01 2.004165e+01
1.940000e+02 9.420763e-01 1.920611e+01
1.945000e+02 9.437069e-01 1.877870e+01
1.950000e+02 9.435893e-01 1.872761e+01
1.955000e+02 9.180396e-01 2.417032e+01
1.960000e+02 9.463422e-01 1.802878e+01
1.965000e+02 9.491252e-01 1.739507e+01
1.970000e+02 9.503796e-01 1.708988e+01
1.975000e+02 9.511962e-01 1.688436e+01
1.980000e+02 9.517536e-01 1.674287e+01
1.985000e+02 9.525512e-01 1.654642e+01
1.990000e+02 9.528105e-01 1.647467e+01
1.995000e+02 9.521576e-01 1.660604e+01
2.000000e+02 9.531928e-01 1.637770e+01
2.005000e+02 9.525974e-01 1.650366e+01
2.010000e+02 9.486476e-01 1.735078e+01
2.015000e+02 9.527958e-01 1.646614e+01
2.020000e+02 9.535936e-01 1.630271e+01
2.025000e+02 9.535717e-01 1.632320e+01
2.030000e+02 9.531812e-01 1.642629e+01
2.035000e+02 9.524629e-01 1.658779e+01
2.040000e+02 9.539748e-01 1.623932e+01
2.045000e+02 9.549256e-01 1.600616e+01
2.050000e+02 9.555561e-01 1.584866e+01
2.055000e+02 9.558800e-01 1.576608e+01
2.060000e+02 9.550357e-01 1.594004e+01
2.065000e+02 9.558980e-01 1.575778e+01
2.070000e+02 9.565550e-01 1.560924e+01
2.075000e+02 9.562567e-01 1.567909e+01
2.080000e+02 9.561333e-01 1.570210e+01
2.085000e+02 9.486446e-01 1.731460e+01
2.090000e+02 9.548380e-01 1.598524e+01
2.095000e+02 9.561220e-01 1.572444e+01
2.100000e+02 9.565873e-01 1.562760e+01
2.105000e+02 9.549610e-01 1.598631e+01
2.110000e+02 9.550237e-01 1.597629e+01
2.115000e+02 9.567764e-01 1.560869e+01
2.120000e+02 9.569243e-01 1.558567e+01
2.125000e+02 9.569232e-01 1.559506e+01
2.130000e+02 9.568590e-01 1.561857e+01
2.135000e+02 9.567554e-01 1.565086e+01
2.140000e+02 9.565509e-01 1.570526e+01
2.145000e+02 9.556973e-01 1.589777e+01
2.150000e+02 9.342704e-01 2.061639e+01
2.155000e+02 9.557493e-01 1.591109e+01
2.160000e+02 9.559191e-01 1.589127e+01
2.165000e+02 9.563025e-01 1.581524e+01
2.170000e+02 9.562524e-01 1.583809e+01
2.175000e+02 9.558501e-01 1.594220e+01
2.180000e+02 9.559413e-01 1.593047e+01
2.185000e+02 9.559252e-01 1.594646e+01
2.190000e+02 9.558214e-01 1.598204e+01
2.195000e+02 9.556837e-01 1.602516e+01
2.200000e+02 9.554872e-01 1.608202e+01
2.205000e+02 9.554172e-01 1.611061e+01
2.210000e+02 9.552622e-01 1.615867e+01
2.215000e+02 9.550846e-01 1.621215e+01
2.220000e+02 9.549042e-01 1.626700e+01
2.225000e+02 9.546544e-01 1.633796e+01
2.230000e+02 9.544018e-01 1.641095e+01
2.235000e+02 9.540707e-01 1.650298e+01
2.240000e+02 9.536168e-01 1.662523e+01
2.245000e+02 9.529869e-01 1.679047e+01
2.250000e+02 9.518657e-01 1.706923e+01
2.255000e+02 9.501362e-01 1.747789e+01
2.260000e+02 9.375715e-01 2.021124e+01
2.265000e+02 9.489653e-01 1.775389e+01
2.270000e+02 9.510781e-01 1.729693e+01
2.275000e+02 9.518724e-01 1.712030e+01
2.280000e+02 9.521676e-01 1.705789e+01
2.285000e+02 9.522098e-01 1.705551e+01
2.290000e+02 9.519898e-01 1.711339e+01
2.295000e+02 9.483510e-01 1.792048e+01
2.300000e+02 9.511089e-01 1.733232e+01
2.305000e+02 9.498838e-01 1.761003e+01
2.310000e+02 9.459340e-01 1.846612e+01
2.315000e+02 9.431836e-01 1.907355e+01
2.320000e+02 9.490319e-01 1.786309e+01
2.325000e+02 9.486301e-01 1.798468e+01
2.330000e+02 9.464963e-01 1.850037e+01
2.335000e+02 9.400641e-01 1.995356e+01
2.340000e+02 9.166989e-01 2.485340e+01
2.345000e+02 9.412605e-01 1.971938e+01
2.350000e+02 9.450611e-01 1.885666e+01
2.355000e+02 9.364918e-01 2.064999e+01
2.360000e+02 9.410377e-01 1.968322e+01
2.365000e+02 9.458863e-01 1.866444e+01
2.370000e+02 9.287620e-01 2.232217e+01
2.375000e+02 9.431696e-01 1.926469e+01
2.380000e+02 9.467947e-01 1.851872e+01
2.385000e+02 9.442973e-01 1.907987e+01
2.390000e+02 9.146966e-01 2.544530e+01
2.395000e+02 9.410670e-01 1.980998e+01
2.400000e+02 9.424536e-01 1.955157e+01
2.405000e+02 9.445539e-01 1.913179e+01
2.410000e+02 9.451880e-01 1.901431e+01
2.415000e+02 9.442806e-01 1.923011e+01
2.420000e+02 9.395988e-01 2.022450e+01
2.425000e+02 9.310881e-01 2.203431e+01
2.430000e+02 9.414386e-01 1.984268e+01
2.435000e+02 8.840245e-01 3.228875e+01
2.440000e+02 9.411828e-01 1.991380e+01
2.445000e+02 9.448419e-01 1.914584e+01
2.450000e+02 9.458680e-01 1.894240e+01
2.455000e+02 9.460132e-01 1.892615e+01
2.460000e+02 9.458581e-01 1.897543e+01
2.465000e+02 9.438224e-01 1.945358e+01
2.470000e+02 9.449056e-01 1.921433e+01
2.475000e+02 9.424737e-01 1.974911e+01
2.480000e+02 9.306243e-01 2.228154e+01
2.485000e+02 9.385520e-01 2.061841e+01
2.490000e+02 9.417117e-01 1.997341e+01
2.495000e+02 9.351682e-01 2.137281e+01
2.500000e+02 8.633396e-01 3.695356e+01
2.505000e+02 9.384137e-01 2.075223e+01
2.510000e+02 9.377719e-01 2.090631e+01
2.515000e+02 9.389412e-01 2.068221e+01
2.520000e+02 9.414567e-01 2.016609e+01
2.525000e+02 9.420046e-01 2.005963e+01
2.530000e+02 9.424719e-01 1.997159e+01
2.535000e+02 9.424048e-01 2.000543e+01
2.540000e+02 9.421221e-01 2.009042e+01
2.545000e+02 9.416774e-01 2.021432e+01
2.550000e+02 9.412752e-01 2.032540e+01
2.555000e+02 9.413545e-01 2.032009e+01
2.560000e+02 9.414080e-01 2.031408e+01
2.565000e+02 9.412824e-01 2.035036e+01
2.570000e+02 9.411363e-01 2.039208e+01
2.575000e+02 9.406550e-01 2.050995e+01
2.580000e+02 9.384802e-01 2.098815e+01
2.585000e+02 9.307537e-01 2.263412e+01
2.590000e+02 9.343639e-01 2.188554e+01
2.595000e+02 9.392319e-01 2.088095e+01
2.600000e+02 9.397940e-01 2.077916e+01
2.605000e+02 9.398314e-01 2.078922e+01
2.610000e+02 9.396286e-01 2.085129e+01
2.615000e+02 9.394187e-01 2.091590e+01
2.620000e+02 9.389367e-01 2.103938e+01
2.625000e+02 9.376216e-01 2.134070e+01
2.630000e+02 9.336265e-01 2.221347e+01
2.635000e+02 9.269576e-01 2.364134e+01
2.640000e+02 9.314682e-01 2.271099e+01
2.645000e+02 9.360180e-01 2.177498e+01
2.650000e+02 9.301583e-01 2.307268e+01
2.655000e+02 9.360840e-01 2.182184e+01
2.660000e+02 9.356916e-01 2.193419e+01
2.665000e+02 9.350658e-01 2.208354e+01
2.670000e+02 9.304421e-01 2.306409e+01
2.675000e+02 9.292973e-01 2.331415e+01
2.680000e+02 9.351307e-01 2.209723e+01
2.685000e+02 9.355323e-01 2.202795e+01
2.690000e+02 9.356874e-01 2.201046e+01
2.695000e+02 9.355818e-01 2.205044e+01
2.700000e+02 9.353868e-01 2.211035e+01
2.705000e+02 9.350185e-01 2.220895e+01
2.710000e+02 9.343707e-01 2.236785e+01
2.715000e+02 9.343725e-01 2.238676e+01
2.720000e+02 9.335257e-01 2.259010e+01
2.725000e+02 9.321467e-01 2.290132e+01
2.730000e+02 8.849075e-01 3.311152e+01
2.735000e+02 9.303662e-01 2.332124e+01
2.740000e+02 9.306871e-01 2.327851e+01
2.745000e+02 8.831340e-01 3.376708e+01
2.750000e+02 9.301882e-01 2.344121e+01
2.755000e+02 9.298858e-01 2.354292e+01
2.760000e+02 9.269035e-01 2.420057e+01
2.765000e+02 9.238684e-01 2.485014e+01
2.770000e+02 9.195281e-01 2.583435e+01
2.775000e+02 9.294699e-01 2.370624e+01
2.780000e+02 9.301161e-01 2.357841e+01
2.785000e+02 9.291285e-01 2.381385e+01
2.790000e+02 9.296832e-01 2.369884e+01
2.795000e+02 9.047956e-01 2.925778e+01
2.800000e+02 9.277107e-01 2.416032e+01
2.805000e+02 9.295224e-01 2.379347e+01
2.810000e+02 9.262319e-01 2.456992e+01
2.815000e+02 9.283977e-01 2.408200e+01
2.820000e+02 9.283982e-01 2.410093e+01
2.825000e+02 9.278921e-01 2.422650e+01
2.830000e+02 9.259426e-01 2.466520e+01
2.835000e+02 9.276885e-01 2.431700e+01
2.840000e+02 9.274291e-01 2.439415e+01
2.845000e+02 9.268933e-01 2.452959e+01
2.850000e+02 9.261397e-01 2.471174e+01
2.855000e+02 9.238601e-01 2.521410e+01
2.860000e+02 8.906225e-01 3.227131e+01
2.865000e+02 9.155844e-01 2.699446e+01
2.870000e+02 9.236923e-01 2.532118e+01
2.875000e+02 9.244495e-01 2.518377e+01
2.880000e+02 9.239101e-01 2.531987e+01
2.885000e+02 9.208028e-01 2.599106e+01
2.890000e+02 8.391710e-01 4.365354e+01
2.895000e+02 9.212275e-01 2.595162e+01
2.900000e+02 9.228288e-01 2.564495e+01
2.905000e+02 9.230062e-01 2.563110e+01
2.910000e+02 9.160672e-01 2.718511e+01
2.915000e+02 9.223732e-01 2.581442e+01
2.920000e+02 9.220939e-01 2.589785e+01
2.925000e+02 9.208309e-01 2.619091e+01
2.930000e+02 9.120213e-01 2.806575e+01
2.935000e+02 9.085334e-01 2.887681e+01
2.940000e+02 9.199035e-01 2.646214e+01
2.945000e+02 9.203035e-01 2.640704e+01
2.950000e+02 9.200832e-01 2.648163e+01
2.955000e+02 9.195911e-01 2.661585e+01
2.960000e+02 9.191099e-01 2.674743e+01
2.965000e+02 9.185003e-01 2.690995e+01
2.970000e+02 9.174125e-01 2.717964e+01
2.975000e+02 9.159208e-01 2.754599e+01
2.980000e+02 9.122037e-01 2.839609e+01
2.985000e+02 8.945909e-01 3.211517e+01
2.990000e+02 9.115098e-01 2.860357e+01
2.995000e+02 9.109692e-01 2.875536e+01
3.000000e+02 9.131355e-01 2.828141e+01
3.005000e+02 9.087420e-01 2.924124e+01
3.010000e+02 9.064528e-01 2.976247e+01
3.015000e+02 8.919250e-01 3.279877e+01
3.020000e+02 8.889328e-01 3.347519e+01
3.025000e+02 9.074917e-01 2.961722e+01
3.030000e+02 8.974882e-01 3.173205e+01
3.035000e+02 9.065305e-01 2.985710e+01
3.040000e+02 9.099714e-01 2.917745e+01
3.045000e+02 9.090194e-01 2.941467e+01
3.050000e+02 9.073049e-01 2.981930e+01
3.055000e+02 9.094233e-01 2.939875e+01
3.060000e+02 9.093311e-01 2.944871e+01
3.065000e+02 9.089581e-01 2.956206e+01
3.070000e+02 9.083453e-01 2.973079e+01
3.075000e+02 9.073656e-01 2.998253e+01
3.080000e+02 9.069088e-01 3.012209e+01
3.085000e+02 9.056664e-01 3.043557e+01
3.090000e+02 9.049782e-01 3.063256e+01
3.095000e+02 9.036838e-01 3.096397e+01
3.100000e+02 8.939762e-01 3.310124e+01
3.105000e+02 9.010699e-01 3.164211e+01
3.110000e+02 9.005339e-01 3.181577e+01
3.115000e+02 8.995774e-01 3.207755e+01
3.120000e+02 8.983630e-01 3.240188e+01
3.125000e+02 8.967559e-01 3.282086e+01
3.130000e+02 8.949118e-01 3.330194e+01
3.135000e+02 8.927872e-01 3.385044e+01
3.140000e+02 8.903094e-01 3.447772e+01
3.145000e+02 8.889697e-01 3.484549e+01
3.150000e+02 8.862758e-01 3.551912e+01
3.155000e+02 8.806538e-01 3.681928e+01
3.160000e+02 8.600269e-01 4.127972e+01
3.165000e+02 8.610059e-01 4.124484e+01
3.170000e+02 8.700202e-01 3.959110e+01
3.175000e+02 8.675827e-01 4.034898e+01
3.180000e+02 8.628532e-01 4.162985e+01
3.185000e+02 8.557463e-01 4.347448e+01
3.190000e+02 8.463233e-01 4.589650e+01
3.195000e+02 8.326976e-01 4.933033e+01
3.200000e+02 6.703731e-01 8.607792e+01
3.205000e+02 7.945687e-01 5.912336e+01
3.210000e+02 7.717898e-01 6.499380e+01
3.215000e+02 7.505487e-01 7.045785e+01
3.220000e+02 7.191581e-01 7.843694e+01
3.225000e+02 6.761487e-01 8.947367e+01
3.230000e+02 6.115634e-01 1.059547e+02
3.235000e+02 5.226093e-01 1.286153e+02
3.240000e+02 4.109013e-01 1.570263e+02
3.245000e+02 2.947250e-01 1.863824e+02
3.250000e+02 2.164253e-01 2.056355e+02
3.255000e+02 2.432549e-01 1.991071e+02
3.260000e+02 3.436781e-01 1.739342e+02
3.265000e+02 4.508771e-01 1.462890e+02
3.270000e+02 5.295245e-01 1.252368e+02
3.275000e+02 6.371423e-01 9.923984e+01
3.280000e+02 6.937178e-01 8.480500e+01
3.285000e+02 7.391164e-01 7.342453e+01
3.290000e+02 7.700616e-01 6.556005e+01
3.295000e+02 7.927673e-01 5.977339e+01
3.300000e+02 8.098503e-01 5.541512e+01
3.305000e+02 8.228833e-01 5.208583e+01
3.310000e+02 8.328374e-01 4.953436e+01
3.315000e+02 8.404032e-01 4.758142e+01
3.320000e+02 8.453001e-01 4.625887e+01
3.325000e+02 8.375992e-01 4.759075e+01
3.330000e+02 8.375608e-01 4.742570e+01
3.335000e+02 8.577370e-01 4.308327e+01
3.340000e+02 8.616211e-01 4.215905e+01
3.345000e+02 8.641608e-01 4.153532e+01
3.350000e+02 8.645968e-01 4.137001e+01
3.355000e+02 8.655418e-01 4.111076e+01
3.360000e+02 8.686978e-01 4.039610e+01
3.365000e+02 8.703716e-01 3.999281e+01
3.370000e+02 8.715076e-01 3.971164e+01
3.375000e+02 8.722045e-01 3.953416e+01
3.380000e+02 8.730253e-01 3.933874e+01
3.385000e+02 8.733975e-01 3.924662e+01
3.390000e+02 8.737476e-01 3.916579e+01
3.395000e+02 8.739836e-01 3.911460e+01
3.400000e+02 8.740517e-01 3.910350e+01
3.405000e+02 8.740221e-01 3.911738e+01
3.410000e+02 8.739129e-01 3.915198e+01
3.415000e+02 8.737121e-01 3.920900e+01
3.420000e+02 8.732505e-01 3.932445e+01
3.425000e+02 8.725722e-01 3.948859e+01
3.430000e+02 8.688189e-01 4.029148e+01
3.435000e+02 8.553552e-01 4.333540e+01
3.440000e+02 8.707893e-01 3.994909e+01
3.445000e+02 8.699428e-01 4.016869e+01
3.450000e+02 8.641148e-01 4.142157e+01
3.455000e+02 8.678941e-01 4.067004e+01
3.460000e+02 8.677474e-01 4.072700e+01
3.465000e+02 8.682898e-01 4.065018e+01
3.470000e+02 8.679012e-01 4.076725e+01
3.475000e+02 8.672762e-01 4.093871e+01
3.480000e+02 8.663934e-01 4.116914e+01
3.485000e+02 8.655215e-01 4.139999e+01
3.490000e+02 8.641710e-01 4.174124e+01
3.495000e+02 8.627192e-01 4.209767e+01
3.500000e+02 8.613285e-01 4.245240e+01
3.505000e+02 8.593754e-01 4.293500e+01
3.510000e+02 8.556692e-01 4.379215e+01
3.515000e+02 8.462589e-01 4.579115e+01
3.520000e+02 8.419296e-01 4.676147e+01
3.525000e+02 8.231302e-01 5.072477e+01
3.530000e+02 8.425081e-01 4.675356e+01
3.535000e+02 8.508911e-01 4.508151e+01
3.540000e+02 8.508595e-01 4.515476e+01
3.545000e+02 8.485640e-01 4.570363e+01
3.550000e+02 7.863708e-01 5.926800e+01
3.555000e+02 8.450582e-01 4.660214e+01
3.560000e+02 8.438268e-01 4.695571e+01
3.565000e+02 8.416172e-01 4.751752e+01
3.570000e+02 8.393588e-01 4.808402e+01
3.575000e+02 8.202696e-01 5.215385e+01
3.580000e+02 8.249764e-01 5.128174e+01
3.585000e+02 8.198972e-01 5.244256e+01
3.590000e+02 7.925602e-01 5.822906e+01
3.595000e+02 8.128506e-01 5.419841e+01
3.600000e+02 8.207330e-01 5.271988e+01
3.605000e+02 8.208690e-01 5.285555e+01
3.610000e+02 8.175012e-01 5.372706e+01
3.615000e+02 8.104268e-01 5.537793e+01
3.620000e+02 8.080751e-01 5.607224e+01
3.625000e+02 8.035615e-01 5.723710e+01
3.630000e+02 7.966288e-01 5.892338e+01
3.635000e+02 7.514655e-01 6.882629e+01
3.640000e+02 7.764975e-01 6.366870e+01
3.645000e+02 6.591874e-01 8.870826e+01
3.650000e+02 7.586660e-01 6.816556e+01
3.655000e+02 7.467559e-01 7.117470e+01
3.660000e+02 7.262147e-01 7.611582e+01
3.665000e+02 6.911637e-01 8.431662e+01
3.670000e+02 6.373811e-01 9.691218e+01
3.675000e+02 5.433906e-01 1.188541e+02
3.680000e+02 3.368603e-01 1.655782e+02
3.685000e+02 2.231309e-03 2.370876e+02
3.690000e+02 3.253100e-01 1.688073e+02
3.695000e+02 5.113127e-01 1.274109e+02
3.700000e+02 5.846257e-01 1.109656e+02
3.705000e+02 6.097271e-01 1.055486e+02
3.710000e+02 5.517546e-01 1.183256e+02
3.715000e+02 6.048110e-01 1.076406e+02
3.720000e+02 5.896743e-01 1.117684e+02
3.725000e+02 5.673465e-01 1.176243e+02
3.730000e+02 5.380475e-01 1.251849e+02
3.735000e+02 5.049350e-01 1.337773e+02
3.740000e+02 4.647341e-01 1.441452e+02
3.745000e+02 4.175848e-01 1.562828e+02
3.750000e+02 3.577877e-01 1.713838e+02
3.755000e+02 3.029834e-01 1.858674e+02
3.760000e+02 2.382150e-01 2.027792e+02
3.765000e+02 1.724843e-01 2.201179e+02
3.770000e+02 1.095252e-01 2.369522e+02
3.775000e+02 5.708883e-02 2.513168e+02
3.780000e+02 2.125088e-02 2.615184e+02
3.785000e+02 4.698383e-03 2.667269e+02
3.790000e+02 4.902744e-04 2.684985e+02
3.795000e+02 2.088327e-05 2.689964e+02
3.800000e+02 9.353386e-07 2.691511e+02
3.805000e+02 2.079730e-06 2.691190e+02
3.810000e+02 6.225372e-05 2.688831e+02
3.815000e+02 1.117916e-03 2.681406e+02
3.820000e+02 8.094077e-03 2.655711e+02
3.825000e+02 2.960515e-02 2.590778e+02
3.830000e+02 6.967123e-02 2.478550e+02
3.835000e+02 1.244595e-01 2.330379e+02
3.840000e+02 1.867257e-01 2.165206e+02
3.845000e+02 2.499466e-01 1.999412e+02
3.850000e+02 3.100363e-01 1.843029e+02
3.855000e+02 3.648197e-01 1.701125e+02
3.860000e+02 4.140050e-01 1.574204e+02
3.865000e+02 4.574334e-01 1.462309e+02
3.870000e+02 4.885160e-01 1.378767e+02
3.875000e+02 5.239247e-01 1.289101e+02
3.880000e+02 5.577258e-01 1.205331e+02
3.885000e+02 5.827547e-01 1.141726e+02
3.890000e+02 6.029427e-01 1.090161e+02
3.895000e+02 6.191405e-01 1.048757e+02
3.900000e+02 6.314415e-01 1.016907e+02
3.905000e+02 6.426847e-01 9.874036e+01
3.910000e+02 6.584712e-01 9.476566e+01
3.915000e+02 6.742234e-01 9.077363e+01
3.920000e+02 6.877914e-01 8.729417e+01
3.925000e+02 6.826201e-01 8.776270e+01
3.930000e+02 7.062758e-01 8.241044e+01
3.935000e+02 7.193697e-01 7.930959e+01
3.940000e+02 7.274822e-01 7.727765e+01
3.945000e+02 7.341149e-01 7.559404e+01
3.950000e+02 7.333320e-01 7.550073e+01
3.955000e+02 7.446538e-01 7.289846e+01
3.960000e+02 7.486180e-01 7.186329e+01
3.965000e+02 7.061822e-01 8.075165e+01
3.970000e+02 7.323826e-01 7.503423e+01
3.975000e+02 7.595676e-01 6.909003e+01
3.980000e+02 7.628214e-01 6.828559e+01
3.985000e+02 7.651730e-01 6.768345e+01
3.990000e+02 7.666137e-01 6.728650e+01
3.995000e+02 7.660415e-01 6.732539e+01
4.000000e+02 7.361469e-01 7.349433e+01
4.005000e+02 7.631814e-01 6.782387e+01
4.010000e+02 7.488276e-01 7.080917e+01
4.015000e+02 7.344779e-01 7.377289e+01
4.020000e+02 7.270557e-01 7.522161e+01
4.025000e+02 6.976636e-01 8.123365e+01
4.030000e+02 7.672249e-01 6.676140e+01
4.035000e+02 7.726014e-01 6.557231e+01
4.040000e+02 7.727670e-01 6.547978e+01
4.045000e+02 7.780549e-01 6.435848e+01
4.050000e+02 7.793449e-01 6.407070e+01
4.055000e+02 7.798105e-01 6.396231e+01
4.060000e+02 7.798935e-01 6.394154e+01
4.065000e+02 7.797675e-01 6.397054e+01
4.070000e+02 7.791417e-01 6.410969e+01
4.075000e+02 7.776716e-01 6.442645e+01
4.080000e+02 7.690544e-01 6.620066e+01
4.085000e+02 7.609946e-01 6.787978e+01
4.090000e+02 7.744042e-01 6.518536e+01
4.095000e+02 7.752834e-01 6.503918e+01
4.100000e+02 7.744053e-01 6.526494e+01
4.105000e+02 7.728177e-01 6.564753e+01
4.110000e+02 7.712086e-01 6.603754e+01
4.115000e+02 7.684265e-01 6.668498e+01
4.120000e+02 7.635715e-01 6.776903e+01
4.125000e+02 7.597491e-01 6.863208e+01
4.130000e+02 7.148016e-01 7.844148e+01
4.135000e+02 7.551027e-01 6.976341e+01
4.140000e+02 7.363800e-01 7.366842e+01
4.145000e+02 7.320562e-01 7.467315e+01
4.150000e+02 7.453456e-01 7.212687e+01
4.155000e+02 7.426099e-01 7.284948e+01
4.160000e+02 7.377550e-01 7.402620e+01
4.165000e+02 7.312908e-01 7.556363e+01
4.170000e+02 7.239395e-01 7.731123e+01
4.175000e+02 7.150462e-01 7.941963e+01
4.180000e+02 7.040009e-01 8.202461e+01
4.185000e+02 6.911176e-01 8.506959e+01
4.190000e+02 6.749124e-01 8.888802e+01
4.195000e+02 6.547247e-01 9.364465e+01
4.200000e+02 6.289548e-01 9.971158e+01
4.205000e+02 5.956585e-01 1.075382e+02
4.210000e+02 5.525670e-01 1.176970e+02
4.215000e+02 4.966694e-01 1.309829e+02
4.220000e+02 4.197278e-01 1.493412e+02
4.225000e+02 3.171022e-01 1.741356e+02
4.230000e+02 1.895685e-01 2.057687e+02
4.235000e+02 6.274906e-02 2.392907e+02
4.240000e+02 4.087001e-03 2.591840e+02
4.245000e+02 2.014923e-07 2.641948e+02
4.250000e+02 6.330825e-08 2.642974e+02
4.255000e+02 3.156371e-03 2.597778e+02
4.260000e+02 5.715009e-02 2.411333e+02
4.265000e+02 1.758303e-01 2.094687e+02
4.270000e+02 2.880250e-01 1.812143e+02
4.275000e+02 3.946747e-01 1.557504e+02
4.280000e+02 4.661270e-01 1.387313e+02
4.285000e+02 5.177209e-01 1.265315e+02
4.290000e+02 5.515093e-01 1.185138e+02
4.295000e+02 5.786246e-01 1.122544e+02
4.300000e+02 6.024587e-01 1.068603e+02
4.305000e+02 6.077040e-01 1.054754e+02
4.310000e+02 6.294924e-01 1.008744e+02
4.315000e+02 6.376952e-01 9.914569e+01
4.320000e+02 6.413563e-01 9.844707e+01
4.325000e+02 6.423950e-01 9.837554e+01
4.330000e+02 6.404575e-01 9.901296e+01
4.335000e+02 6.370484e-01 1.000240e+02
4.340000e+02 6.310752e-01 1.016732e+02
4.345000e+02 6.219290e-01 1.041004e+02
4.350000e+02 6.097329e-01 1.073147e+02
4.355000e+02 5.922932e-01 1.118327e+02
4.360000e+02 5.686902e-01 1.179373e+02
4.365000e+02 5.346869e-01 1.266708e+02
4.370000e+02 4.853064e-01 1.392002e+02
4.375000e+02 2.762312e-01 1.866944e+02
4.380000e+02 3.648139e-01 1.702253e+02
4.385000e+02 2.641976e-01 1.954775e+02
4.390000e+02 2.000363e-01 2.122365e+02
4.395000e+02 2.094745e-01 2.100815e+02
4.400000e+02 2.772954e-01 1.929714e+02
4.405000e+02 3.326756e-01 1.787579e+02
4.410000e+02 3.527370e-01 1.733073e+02
4.415000e+02 3.356885e-01 1.768782e+02
4.420000e+02 3.198613e-01 1.814303e+02
4.425000e+02 2.897129e-01 1.898316e+02
4.430000e+02 2.439148e-01 2.017070e+02
4.435000e+02 2.136418e-01 2.097712e+02
4.440000e+02 1.783749e-01 2.190735e+02
4.445000e+02 1.313127e-01 2.315099e+02
4.450000e+02 8.043277e-02 2.451103e+02
4.455000e+02 3.553640e-02 2.573118e+02
4.460000e+02 1.203660e-02 2.644229e+02
4.465000e+02 1.926111e-03 2.678607e+02
4.470000e+02 1.092887e-04 2.688754e+02
4.475000e+02 2.264693e-06 2.691783e+02
4.480000e+02 6.361368e-08 2.692541e+02
4.485000e+02 3.625336e-06 2.691474e+02
4.490000e+02 1.593845e-04 2.687949e+02
4.495000e+02 2.562417e-03 2.675849e+02
4.500000e+02 1.445783e-02 2.636662e+02
4.505000e+02 4.331998e-02 2.553296e+02
4.510000e+02 8.825178e-02 2.430026e+02
4.515000e+02 1.422138e-01 2.285480e+02
4.520000e+02 1.959330e-01 2.141834e+02
4.525000e+02 2.531874e-01 1.993819e+02
4.530000e+02 3.054296e-01 1.859211e+02
4.535000e+02 3.512628e-01 1.741190e+02
4.540000e+02 3.910208e-01 1.638944e+02
4.545000e+02 4.241505e-01 1.553243e+02
4.550000e+02 4.550136e-01 1.474832e+02
4.555000e+02 4.810981e-01 1.408438e+02
4.560000e+02 5.029911e-01 1.352493e+02
4.565000e+02 5.210382e-01 1.305999e+02
4.570000e+02 5.333224e-01 1.272505e+02
4.575000e+02 5.011274e-01 1.331835e+02
4.580000e+02 5.614994e-01 1.201929e+02
4.585000e+02 5.738010e-01 1.171686e+02
4.590000e+02 5.834627e-01 1.147528e+02
4.595000e+02 5.903830e-01 1.129698e+02
4.600000e+02 5.972285e-01 1.112501e+02
4.605000e+02 6.018701e-01 1.100415e+02
4.610000e+02 6.027749e-01 1.096291e+02
4.615000e+02 6.086092e-01 1.082732e+02
4.620000e+02 6.083142e-01 1.081881e+02
4.625000e+02 5.943314e-01 1.109491e+02
4.630000e+02 5.919061e-01 1.113835e+02
4.635000e+02 5.980617e-01 1.101556e+02
4.640000e+02 5.981961e-01 1.101720e+02
4.645000e+02 6.102557e-01 1.077535e+02
4.650000e+02 6.105495e-01 1.077452e+02
4.655000e+02 6.101925e-01 1.078731e+02
4.660000e+02 6.068160e-01 1.086621e+02
4.665000e+02 5.804328e-01 1.141829e+02
4.670000e+02 5.933941e-01 1.118093e+02
4.675000e+02 5.857817e-01 1.137386e+02
4.680000e+02 4.096999e-01 1.509906e+02
4.685000e+02 5.332916e-01 1.257665e+02
4.690000e+02 5.227906e-01 1.290214e+02
4.695000e+02 4.277346e-01 1.506751e+02
4.700000e+02 4.065242e-01 1.569798e+02
4.705000e+02 4.010986e-01 1.607040e+02
4.710000e+02 2.543799e-01 1.934570e+02
4.715000e+02 3.858035e-01 1.649590e+02
4.720000e+02 4.013006e-01 1.612164e+02
4.725000e+02 3.830961e-01 1.657217e+02
4.730000e+02 3.128806e-01 1.825301e+02
4.735000e+02 2.621877e-01 1.968885e+02
4.740000e+02 1.720723e-01 2.199888e+02
4.745000e+02 1.075456e-01 2.362767e+02
4.750000e+02 1.203409e-01 2.330539e+02
4.755000e+02 1.984490e-01 2.131280e+02
4.760000e+02 2.131678e-01 2.057167e+02
4.765000e+02 3.700357e-01 1.690097e+02
4.770000e+02 4.252709e-01 1.547154e+02
4.775000e+02 4.667021e-01 1.441900e+02
4.780000e+02 4.981430e-01 1.363446e+02
4.785000e+02 5.176130e-01 1.313816e+02
4.790000e+02 5.294548e-01 1.283007e+02
4.795000e+02 5.295259e-01 1.278826e+02
4.800000e+02 5.162142e-01 1.304448e+02
4.805000e+02 5.219093e-01 1.289385e+02
4.810000e+02 5.146472e-01 1.303589e+02
4.815000e+02 4.785892e-01 1.377650e+02
4.820000e+02 5.222864e-01 1.290554e+02
4.825000e+02 5.226751e-01 1.292469e+02
4.830000e+02 5.127803e-01 1.316202e+02
4.835000e+02 4.948950e-01 1.357987e+02
4.840000e+02 4.728152e-01 1.410496e+02
4.845000e+02 4.373714e-01 1.493975e+02
4.850000e+02 3.855194e-01 1.616677e+02
4.855000e+02 3.061147e-01 1.805425e+02
4.860000e+02 1.889577e-01 2.087901e+02
4.865000e+02 5.490058e-02 2.427025e+02
4.870000e+02 5.663524e-04 2.600104e+02
4.875000e+02 5.240131e-04 2.603555e+02
4.880000e+02 4.490168e-02 2.466210e+02
4.885000e+02 1.387149e-01 2.230670e+02
4.890000e+02 2.288443e-01 2.012563e+02
4.895000e+02 2.939726e-01 1.851030e+02
4.900000e+02 3.624119e-01 1.688680e+02
4.905000e+02 4.017995e-01 1.592995e+02
4.910000e+02 4.319590e-01 1.520455e+02
4.915000e+02 4.548783e-01 1.465445e+02
4.920000e+02 4.628806e-01 1.443735e+02
4.925000e+02 4.821243e-01 1.400311e+02
4.930000e+02 4.895000e-01 1.382996e+02
4.935000e+02 4.939410e-01 1.372731e+02
4.940000e+02 4.965175e-01 1.367041e+02
4.945000e+02 4.974118e-01 1.365348e+02
4.950000e+02 4.971103e-01 1.366513e+02
4.955000e+02 4.951814e-01 1.371306e+02
4.960000e+02 4.808385e-01 1.402178e+02
4.965000e+02 4.812817e-01 1.401820e+02
4.970000e+02 4.687061e-01 1.429395e+02
4.975000e+02 4.841199e-01 1.399628e+02
4.980000e+02 4.651894e-01 1.441278e+02
4.985000e+02 4.734398e-01 1.425170e+02
4.990000e+02 4.709202e-01 1.432373e+02
4.995000e+02 4.722453e-01 1.432100e+02
5.000000e+02 4.674961e-01 1.444261e+02
5.005000e+02 4.532997e-01 1.476005e+02
5.010000e+02 4.577239e-01 1.469531e+02
5.015000e+02 4.505280e-01 1.487408e+02
5.020000e+02 4.406335e-01 1.510939e+02
5.025000e+02 4.311885e-01 1.534161e+02
5.030000e+02 4.269922e-01 1.547994e+02
5.035000e+02 4.170026e-01 1.573942e+02
5.040000e+02 4.133598e-01 1.583872e+02
5.045000e+02 4.117521e-01 1.588037e+02
5.050000e+02 4.095093e-01 1.593407e+02
5.055000e+02 4.055543e-01 1.602988e+02
5.060000e+02 4.022654e-01 1.612266e+02
5.065000e+02 3.952680e-01 1.629865e+02
5.070000e+02 3.869044e-01 1.650817e+02
5.075000e+02 3.693969e-01 1.690840e+02
5.080000e+02 3.475427e-01 1.740843e+02
5.085000e+02 3.500634e-01 1.741685e+02
5.090000e+02 3.348059e-01 1.778566e+02
5.095000e+02 3.339808e-01 1.783323e+02
5.100000e+02 3.366494e-01 1.779103e+02
5.105000e+02 3.375585e-01 1.777865e+02
5.110000e+02 3.362348e-01 1.781740e+02
5.115000e+02 3.330541e-01 1.790137e+02
5.120000e+02 3.275303e-01 1.803951e+02
5.125000e+02 3.231444e-01 1.815779e+02
5.130000e+02 3.170963e-01 1.831354e+02
5.135000e+02 3.106535e-01 1.847962e+02
5.140000e+02 3.039156e-01 1.865328e+02
5.145000e+02 2.965537e-01 1.884104e+02
5.150000e+02 2.654293e-01 1.954255e+02
5.155000e+02 2.819603e-01 1.921760e+02
5.160000e+02 2.746156e-01 1.940831e+02
5.165000e+02 2.666645e-01 1.961200e+02
5.170000e+02 2.570159e-01 1.985023e+02
5.175000e+02 2.253614e-01 2.054132e+02
5.180000e+02 2.423974e-01 2.023532e+02
5.185000e+02 2.350461e-01 2.043009e+02
5.190000e+02 2.271672e-01 2.063574e+02
5.195000e+02 2.179098e-01 2.087012e+02
5.200000e+02 1.934396e-01 2.141142e+02
5.205000e+02 1.992380e-01 2.134186e+02
5.210000e+02 1.942416e-01 2.149063e+02
5.215000e+02 1.861212e-01 2.170216e+02
5.220000e+02 1.550935e-01 2.238787e+02
5.225000e+02 1.692550e-01 2.213973e+02
5.230000e+02 1.583552e-01 2.240815e+02
5.235000e+02 1.406822e-01 2.281775e+02
5.240000e+02 1.458933e-01 2.275968e+02
5.245000e+02 1.386029e-01 2.295668e+02
5.250000e+02 1.310644e-01 2.315852e+02
5.255000e+02 1.233563e-01 2.336381e+02
5.260000e+02 1.155880e-01 2.357037e+02
5.265000e+02 1.075637e-01 2.378229e+02
5.270000e+02 9.961054e-02 2.399213e+02
5.275000e+02 9.118373e-02 2.421001e+02
5.280000e+02 8.587083e-02 2.436536e+02
5.285000e+02 7.943522e-02 2.454177e+02
5.290000e+02 7.289525e-02 2.471988e+02
5.295000e+02 6.617952e-02 2.490088e+02
5.300000e+02 6.034207e-02 2.506340e+02
5.305000e+02 5.380895e-02 2.524042e+02
5.310000e+02 4.859472e-02 2.538706e+02
5.315000e+02 4.351937e-02 2.553099e+02
5.320000e+02 3.866111e-02 2.566900e+02
5.325000e+02 3.394761e-02 2.580285e+02
5.330000e+02 2.954540e-02 2.592891e+02
5.335000e+02 2.547236e-02 2.604670e+02
5.340000e+02 2.161041e-02 2.615848e+02
5.345000e+02 1.820948e-02 2.625923e+02
5.350000e+02 1.536045e-02 2.634706e+02
5.355000e+02 1.265364e-02 2.643013e+02
5.360000e+02 9.980288e-03 2.651074e+02
5.365000e+02 8.242079e-03 2.657044e+02
5.370000e+02 6.486599e-03 2.662867e+02
5.375000e+02 5.009689e-03 2.667934e+02
5.380000e+02 3.795100e-03 2.672287e+02
5.385000e+02 2.806929e-03 2.676013e+02
5.390000e+02 2.010630e-03 2.679191e+02
5.395000e+02 1.363377e-03 2.681919e+02
5.400000e+02 9.564909e-04 2.684021e+02
5.405000e+02 6.221896e-04 2.685848e+02
5.410000e+02 3.940452e-04 2.687348e+02
5.415000e+02 2.361889e-04 2.688607e+02
5.420000e+02 1.339740e-04 2.689668e+02
5.425000e+02 7.118263e-05 2.690576e+02
5.430000e+02 3.546864e-05 2.691366e+02
5.435000e+02 1.618494e-05 2.692071e+02
5.440000e+02 6.694322e-06 2.692712e+02
5.445000e+02 2.435117e-06 2.693307e+02
5.450000e+02 7.525370e-07 2.693866e+02
5.455000e+02 2.090175e-07 2.694396e+02
5.460000e+02 4.469291e-08 2.694901e+02
5.465000e+02 7.183520e-09 2.695382e+02
5.470000e+02 8.229971e-10 2.695831e+02
5.475000e+02 6.920279e-11 2.696238e+02
5.480000e+02 6.397265e-12 2.696595e+02
5.485000e+02 5.606314e-13 2.696917e+02
5.490000e+02 2.829937e-14 2.697223e+02
5.495000e+02 7.025165e-16 2.697522e+02
5.500000e+02 6.819115e-18 2.697811e+02
5.505000e+02 2.109494e-20 2.698087e+02
5.510000e+02 1.012671e-23 2.698345e+02
5.515000e+02 1.613823e-27 2.698585e+02
5.520000e+02 1.464445e-32 2.698805e+02
5.525000e+02 4.222944e-39 2.699004e+02
5.530000e+02 9.643286e-48 2.699182e+02
5.535000e+02 1.631858e-59 2.699340e+02
5.540000e+02 6.555973e-76 2.699477e+02
5.545000e+02 2.706792e-99 2.699593e+02
5.550000e+02 2.611795e-133 2.699689e+02
5.555000e+02 4.396297e-183 2.699763e+02
5.560000e+02 1.133356e-253 2.699817e+02
5.565000e+02 0.000000e+00 2.699850e+02
5.570000e+02 0.000000e+00 2.699862e+02
5.575000e+02 0.000000e+00 2.699854e+02
5.580000e+02 3.718223e-260 2.699825e+02
5.585000e+02 8.418217e-190 2.699776e+02
5.590000e+02 5.662809e-139 2.699706e+02
5.595000e+02 8.129606e-104 2.699617e+02
5.600000e+02 1.697485e-79 2.699507e+02
5.605000e+02 2.247882e-62 2.699378e+02
5.610000e+02 4.716215e-50 2.699229e+02
5.615000e+02 5.716092e-41 2.699061e+02
5.620000e+02 4.036447e-34 2.698873e+02
5.625000e+02 7.531622e-29 2.698667e+02
5.630000e+02 1.019339e-24 2.698441e+02
5.635000e+02 1.986802e-21 2.698196e+02
5.640000e+02 9.182248e-19 2.697933e+02
5.645000e+02 1.391742e-16 2.697652e+02
5.650000e+02 8.917922e-15 2.697352e+02
5.655000e+02 2.882023e-13 2.697034e+02
5.660000e+02 5.339857e-12 2.696699e+02
5.665000e+02 6.267769e-11 2.696346e+02
5.670000e+02 5.506930e-10 2.695976e+02
5.675000e+02 3.811920e-09 2.695587e+02
5.680000e+02 1.969553e-08 2.695181e+02
5.685000e+02 8.254437e-08 2.694756e+02
5.690000e+02 2.906861e-07 2.694312e+02
5.695000e+02 8.835306e-07 2.693846e+02
5.700000e+02 2.209535e-06 2.693357e+02
5.705000e+02 5.697735e-06 2.692838e+02
5.710000e+02 3.553467e-06 2.692304e+02
5.715000e+02 2.611056e-05 2.691685e+02
5.720000e+02 5.030382e-05 2.691027e+02
5.725000e+02 9.031504e-05 2.690294e+02
5.730000e+02 1.506626e-04 2.689469e+02
5.735000e+02 2.444138e-04 2.688521e+02
5.740000e+02 3.919546e-04 2.687399e+02
5.745000e+02 5.690818e-04 2.686145e+02
5.750000e+02 8.608751e-04 2.684579e+02
5.755000e+02 1.215695e-03 2.682798e+02
5.760000e+02 1.659964e-03 2.680743e+02
5.765000e+02 1.734387e-03 2.679374e+02
5.770000e+02 2.920657e-03 2.675574e+02
5.775000e+02 3.708173e-03 2.672504e+02
5.780000e+02 4.788686e-03 2.668728e+02
5.785000e+02 6.025568e-03 2.664509e+02
5.790000e+02 7.429974e-03 2.659830e+02
5.795000e+02 9.027902e-03 2.654641e+02
5.800000e+02 1.080337e-02 2.648978e+02
5.805000e+02 1.281469e-02 2.642719e+02
5.810000e+02 1.499479e-02 2.636010e+02
5.815000e+02 1.731600e-02 2.628905e+02
5.820000e+02 1.874481e-02 2.623473e+02
5.825000e+02 2.233975e-02 2.613598e+02
5.830000e+02 2.574644e-02 2.604001e+02
5.835000e+02 2.539549e-02 2.602128e+02
5.840000e+02 3.260219e-02 2.584421e+02
5.845000e+02 3.637745e-02 2.573809e+02
5.850000e+02 4.024961e-02 2.562932e+02
5.855000e+02 4.427527e-02 2.551680e+02
5.860000e+02 4.844290e-02 2.540084e+02
5.865000e+02 5.278170e-02 2.528089e+02
5.870000e+02 5.721634e-02 2.515862e+02
5.875000e+02 6.185992e-02 2.503165e+02
5.880000e+02 6.659058e-02 2.490263e+02
5.885000e+02 7.140317e-02 2.477172e+02
5.890000e+02 7.610481e-02 2.464286e+02
5.895000e+02 8.126620e-02 2.450460e+02
5.900000e+02 8.617185e-02 2.437134e+02
5.905000e+02 9.065454e-02 2.424658e+02
5.910000e+02 8.847034e-02 2.426697e+02
5.915000e+02 1.012219e-01 2.396513e+02
5.920000e+02 1.068920e-01 2.381701e+02
5.925000e+02 1.088843e-01 2.374284e+02
5.930000e+02 1.170492e-01 2.354489e+02
5.935000e+02 1.228474e-01 2.339516e+02
5.940000e+02 1.280512e-01 2.325769e+02
5.945000e+02 1.325446e-01 2.313510e+02
5.950000e+02 1.240026e-01 2.327742e+02
5.955000e+02 1.419498e-01 2.288348e+02
5.960000e+02 1.480631e-01 2.273141e+02
5.965000e+02 1.528748e-01 2.260692e+02
5.970000e+02 1.571090e-01 2.249652e+02
5.975000e+02 1.606616e-01 2.240338e+02
5.980000e+02 1.632835e-01 2.233402e+02
5.985000e+02 1.645499e-01 2.229881e+02
5.990000e+02 1.639791e-01 2.230778e+02
5.995000e+02 1.619267e-01 2.234748e+02
6.000000e+02 1.524840e-01 2.252831e+02
6.005000e+02 1.721802e-01 2.208352e+02
6.010000e+02 1.827480e-01 2.181782e+02
6.015000e+02 1.924002e-01 2.157226e+02
6.020000e+02 1.998187e-01 2.137896e+02
6.025000e+02 2.033266e-01 2.126904e+02
6.030000e+02 2.110761e-01 2.107908e+02
6.035000e+02 2.189110e-01 2.088906e+02
6.040000e+02 2.247669e-01 2.074092e+02
6.045000e+02 2.300318e-01 2.060740e+02
6.050000e+02 2.347000e-01 2.048810e+02
6.055000e+02 2.388883e-01 2.038039e+02
6.060000e+02 2.427847e-01 2.028025e+02
6.065000e+02 2.465789e-01 2.018356e+02
6.070000e+02 2.498795e-01 2.009847e+02
6.075000e+02 2.527117e-01 2.002433e+02
6.080000e+02 2.544701e-01 1.997354e+02
6.085000e+02 2.579744e-01 1.988970e+02
6.090000e+02 2.594858e-01 1.984772e+02
6.095000e+02 2.561802e-01 1.990364e+02
6.100000e+02 2.521751e-01 1.997590e+02
6.105000e+02 2.366593e-01 2.028193e+02
6.110000e+02 2.560859e-01 1.989194e+02
6.115000e+02 2.549465e-01 1.991728e+02
6.120000e+02 2.621423e-01 1.978237e+02
6.125000e+02 2.610625e-01 1.981671e+02
6.130000e+02 2.582790e-01 1.989159e+02
6.135000e+02 2.540066e-01 2.000383e+02
6.140000e+02 2.477577e-01 2.016533e+02
6.145000e+02 2.382960e-01 2.040265e+02
6.150000e+02 2.270138e-01 2.069125e+02
6.155000e+02 2.152023e-01 2.100877e+02
6.160000e+02 1.975788e-01 2.146456e+02
6.165000e+02 1.757597e-01 2.203161e+02
6.170000e+02 1.497678e-01 2.271424e+02
6.175000e+02 1.181287e-01 2.354451e+02
6.180000e+02 8.378213e-02 2.446012e+02
6.185000e+02 4.915732e-02 2.539616e+02
6.190000e+02 2.119154e-02 2.617883e+02
6.195000e+02 5.590856e-03 2.665174e+02
6.200000e+02 7.888389e-04 2.683243e+02
6.205000e+02 9.879273e-05 2.687749e+02
6.210000e+02 1.358315e-04 2.687336e+02
6.215000e+02 1.237097e-03 2.681101e+02
6.220000e+02 7.834748e-03 2.657853e+02
6.225000e+02 2.676728e-02 2.601849e+02
6.230000e+02 5.838945e-02 2.514289e+02
6.235000e+02 9.411293e-02 2.416517e+02
6.240000e+02 1.343684e-01 2.311035e+02
6.245000e+02 1.720674e-01 2.213528e+02
6.250000e+02 2.036520e-01 2.131387e+02
6.255000e+02 2.285617e-01 2.065581e+02
6.260000e+02 2.544769e-01 2.000349e+02
6.265000e+02 2.738660e-01 1.950391e+02
6.270000e+02 2.890609e-01 1.910721e+02
6.275000e+02 2.973268e-01 1.886225e+02
6.280000e+02 3.089807e-01 1.855904e+02
6.285000e+02 3.272615e-01 1.812819e+02
6.290000e+02 3.393779e-01 1.782730e+02
6.295000e+02 3.491949e-01 1.758040e+02
6.300000e+02 3.573703e-01 1.737277e+02
6.305000e+02 3.647925e-01 1.718484e+02
6.310000e+02 3.712303e-01 1.702093e+02
6.315000e+02 3.764120e-01 1.688548e+02
6.320000e+02 3.721483e-01 1.694077e+02
6.325000e+02 3.835482e-01 1.668659e+02
6.330000e+02 3.906314e-01 1.652132e+02
6.335000e+02 3.928409e-01 1.645456e+02
6.340000e+02 3.963695e-01 1.636258e+02
6.345000e+02 3.111136e-01 1.809516e+02
6.350000e+02 4.049684e-01 1.615279e+02
6.355000e+02 4.103714e-01 1.602805e+02
6.360000e+02 4.139169e-01 1.594099e+02
6.365000e+02 4.169947e-01 1.586424e+02
6.370000e+02 4.196610e-01 1.579676e+02
6.375000e+02 4.220394e-01 1.573563e+02
6.380000e+02 4.236430e-01 1.569072e+02
6.385000e+02 4.196418e-01 1.575852e+02
6.390000e+02 3.831752e-01 1.647896e+02
6.395000e+02 4.273479e-01 1.558210e+02
6.400000e+02 4.210237e-01 1.570067e+02
6.405000e+02 4.328527e-01 1.545197e+02
6.410000e+02 4.359873e-01 1.538005e+02
6.415000e+02 4.267843e-01 1.556187e+02
6.420000e+02 4.324474e-01 1.543175e+02
6.425000e+02 4.141649e-01 1.578886e+02
6.430000e+02 4.397581e-01 1.527267e+02
6.435000e+02 4.412615e-01 1.523656e+02
6.440000e+02 4.434593e-01 1.518595e+02
6.445000e+02 4.360019e-01 1.532728e+02
6.450000e+02 4.270416e-01 1.550268e+02
6.455000e+02 4.403996e-01 1.524103e+02
6.460000e+02 4.423448e-01 1.520513e+02
6.465000e+02 4.466948e-01 1.510521e+02
6.470000e+02 4.494137e-01 1.503700e+02
6.475000e+02 4.424810e-01 1.516599e+02
6.480000e+02 4.254284e-01 1.549798e+02
6.485000e+02 4.529249e-01 1.494725e+02
6.490000e+02 4.555950e-01 1.489024e+02
6.495000e+02 4.564845e-01 1.486927e+02
6.500000e+02 4.560065e-01 1.487667e+02
6.505000e+02 4.522179e-01 1.495077e+02
6.510000e+02 4.469587e-01 1.505317e+02
6.515000e+02 2.528756e-01 1.903261e+02
6.520000e+02 4.457094e-01 1.508329e+02
6.525000e+02 4.464759e-01 1.507452e+02
6.530000e+02 4.412492e-01 1.518065e+02
6.535000e+02 4.304229e-01 1.539910e+02
6.540000e+02 4.239199e-01 1.553151e+02
6.545000e+02 4.051751e-01 1.591120e+02
6.550000e+02 1.594606e-01 2.100296e+02
6.555000e+02 3.279644e-01 1.747735e+02
6.560000e+02 1.344412e-01 2.152785e+02
6.565000e+02 2.582874e-01 1.899793e+02
6.570000e+02 3.994200e-01 1.622073e+02
6.575000e+02 3.551021e-01 1.722317e+02
6.580000e+02 3.183255e-01 1.799932e+02
6.585000e+02 3.941056e-01 1.642772e+02
6.590000e+02 4.094215e-01 1.605262e+02
6.595000e+02 4.275808e-01 1.561397e+02
6.600000e+02 4.396485e-01 1.531190e+02
6.605000e+02 4.478838e-01 1.510316e+02
6.610000e+02 4.515068e-01 1.499933e+02
6.615000e+02 3.924571e-01 1.618824e+02
6.620000e+02 4.597125e-01 1.479774e+02
6.625000e+02 4.633620e-01 1.471360e+02
6.630000e+02 4.651799e-01 1.466885e+02
6.635000e+02 4.666692e-01 1.463268e+02
6.640000e+02 4.673019e-01 1.461554e+02
6.645000e+02 4.617326e-01 1.473073e+02
6.650000e+02 4.653263e-01 1.464910e+02
6.655000e+02 4.443119e-01 1.506312e+02
6.660000e+02 4.567667e-01 1.481471e+02
6.665000e+02 4.486922e-01 1.497876e+02
6.670000e+02 4.634743e-01 1.468255e+02
6.675000e+02 4.647570e-01 1.466063e+02
6.680000e+02 4.677308e-01 1.459873e+02
6.685000e+02 4.689356e-01 1.457511e+02
6.690000e+02 4.677469e-01 1.460011e+02
6.695000e+02 4.598953e-01 1.475673e+02
6.700000e+02 4.327121e-01 1.529938e+02
6.705000e+02 4.645132e-01 1.467002e+02
6.710000e+02 4.639816e-01 1.468269e+02
6.715000e+02 4.378557e-01 1.520260e+02
6.720000e+02 4.513787e-01 1.493884e+02
6.725000e+02 4.544083e-01 1.488281e+02
6.730000e+02 4.602861e-01 1.477052e+02
6.735000e+02 4.628607e-01 1.472063e+02
6.740000e+02 4.441549e-01 1.510100e+02
6.745000e+02 4.636801e-01 1.471047e+02
6.750000e+02 4.637320e-01 1.471336e+02
6.755000e+02 4.628055e-01 1.473606e+02
6.760000e+02 4.478918e-01 1.504317e+02
6.765000e+02 4.600399e-01 1.480220e+02
6.770000e+02 4.562099e-01 1.488666e+02
6.775000e+02 4.542997e-01 1.493251e+02
6.780000e+02 4.467680e-01 1.508541e+02
6.785000e+02 4.541756e-01 1.494454e+02
6.790000e+02 4.546184e-01 1.493846e+02
6.795000e+02 4.557543e-01 1.491774e+02
6.800000e+02 4.556684e-01 1.492362e+02
6.805000e+02 4.550087e-01 1.494169e+02
6.810000e+02 4.541215e-01 1.496489e+02
6.815000e+02 4.529383e-01 1.499460e+02
6.820000e+02 4.516726e-01 1.502617e+02
6.825000e+02 4.505389e-01 1.505532e+02
6.830000e+02 4.483725e-01 1.510606e+02
6.835000e+02 4.397510e-01 1.528459e+02
6.840000e+02 4.431282e-01 1.522399e+02
6.845000e+02 4.434862e-01 1.522475e+02
6.850000e+02 4.437028e-01 1.522865e+02
6.855000e+02 4.423477e-01 1.526387e+02
6.860000e+02 4.408304e-01 1.530259e+02
6.865000e+02 4.393069e-01 1.534173e+02
6.870000e+02 4.376568e-01 1.538379e+02
6.875000e+02 4.358078e-01 1.543024e+02
6.880000e+02 4.340284e-01 1.547572e+02
6.885000e+02 4.320241e-01 1.552628e+02
6.890000e+02 4.298211e-01 1.558161e+02
6.895000e+02 4.273282e-01 1.564382e+02
6.900000e+02 4.243963e-01 1.571650e+02
6.905000e+02 4.205564e-01 1.580999e+02
6.910000e+02 4.147570e-01 1.594603e+02
6.915000e+02 3.995311e-01 1.627141e+02
6.920000e+02 3.958562e-01 1.636572e+02
6.925000e+02 3.756926e-01 1.676761e+02
6.930000e+02 4.001657e-01 1.628122e+02
6.935000e+02 2.726692e-01 1.890091e+02
6.940000e+02 4.015684e-01 1.626265e+02
6.945000e+02 3.982104e-01 1.633839e+02
6.950000e+02 3.960551e-01 1.639192e+02
6.955000e+02 3.998566e-01 1.632932e+02
6.960000e+02 3.892916e-01 1.655419e+02
6.965000e+02 3.956776e-01 1.643838e+02
6.970000e+02 3.933182e-01 1.649960e+02
6.975000e+02 3.875966e-01 1.663205e+02
6.980000e+02 3.885019e-01 1.662477e+02
6.985000e+02 3.852129e-01 1.670576e+02
6.990000e+02 3.583869e-01 1.727776e+02
6.995000e+02 3.787131e-01 1.686804e+02
7.000000e+02 3.747087e-01 1.696518e+02
7.005000e+02 3.654318e-01 1.716616e+02
7.010000e+02 3.413018e-01 1.766274e+02
7.015000e+02 3.197826e-01 1.816326e+02
7.020000e+02 3.595722e-01 1.734228e+02
7.025000e+02 3.548643e-01 1.745787e+02
7.030000e+02 3.393070e-01 1.779250e+02
7.035000e+02 3.481351e-01 1.763124e+02
7.040000e+02 3.464620e-01 1.768234e+02
7.045000e+02 3.432974e-01 1.776449e+02
7.050000e+02 3.396934e-01 1.785685e+02
7.055000e+02 3.356512e-01 1.795899e+02
7.060000e+02 3.311607e-01 1.807144e+02
7.065000e+02 3.269237e-01 1.817900e+02
7.070000e+02 3.221705e-01 1.829805e+02
7.075000e+02 3.171525e-01 1.842314e+02
7.080000e+02 3.097280e-01 1.859694e+02
7.085000e+02 3.062279e-01 1.869382e+02
7.090000e+02 3.009885e-01 1.882653e+02
7.095000e+02 2.922397e-01 1.903021e+02
7.100000e+02 2.881510e-01 1.914321e+02
7.105000e+02 2.815687e-01 1.930805e+02
7.110000e+02 2.731554e-01 1.951251e+02
7.115000e+02 2.330121e-01 2.040040e+02
7.120000e+02 2.538146e-01 1.998298e+02
7.125000e+02 2.405553e-01 2.030160e+02
7.130000e+02 2.225828e-01 2.072871e+02
7.135000e+02 1.964749e-01 2.134433e+02
7.140000e+02 1.554879e-01 2.230699e+02
7.145000e+02 9.013365e-02 2.384961e+02
7.150000e+02 1.571163e-02 2.567604e+02
7.155000e+02 3.926338e-04 2.613166e+02
7.160000e+02 4.169189e-02 2.505212e+02
7.165000e+02 1.084834e-01 2.347636e+02
7.170000e+02 1.486455e-01 2.255446e+02
7.175000e+02 1.684319e-01 2.211258e+02
7.180000e+02 1.734367e-01 2.200120e+02
7.185000e+02 1.721378e-01 2.203516e+02
7.190000e+02 1.782324e-01 2.193543e+02
7.195000e+02 1.730685e-01 2.206360e+02
7.200000e+02 1.667503e-01 2.221962e+02
7.205000e+02 1.674512e-01 2.224145e+02
7.210000e+02 1.627754e-01 2.237066e+02
7.215000e+02 1.570896e-01 2.252174e+02
7.220000e+02 1.509512e-01 2.268319e+02
7.225000e+02 1.442596e-01 2.285669e+02
7.230000e+02 1.331849e-01 2.312119e+02
7.235000e+02 1.183262e-01 2.345420e+02
7.240000e+02 1.240815e-01 2.338446e+02
7.245000e+02 1.180567e-01 2.354813e+02
7.250000e+02 1.114889e-01 2.372276e+02
7.255000e+02 1.045917e-01 2.390452e+02
7.260000e+02 9.792306e-02 2.408159e+02
7.265000e+02 9.023016e-02 2.427939e+02
7.270000e+02 8.395293e-02 2.444955e+02
7.275000e+02 7.749134e-02 2.462336e+02
7.280000e+02 6.976617e-02 2.482122e+02
7.285000e+02 6.487826e-02 2.496272e+02
7.290000e+02 5.924440e-02 2.511786e+02
7.295000e+02 5.342369e-02 2.527645e+02
7.300000e+02 4.453983e-02 2.549939e+02
7.305000e+02 4.198942e-02 2.558844e+02
7.310000e+02 3.563136e-02 2.575544e+02
7.315000e+02 3.166822e-02 2.587340e+02
7.320000e+02 2.808843e-02 2.598140e+02
7.325000e+02 2.416212e-02 2.609525e+02
7.330000e+02 2.043551e-02 2.620390e+02
7.335000e+02 1.699540e-02 2.630530e+02
7.340000e+02 1.380545e-02 2.639991e+02
7.345000e+02 1.059170e-02 2.649308e+02
7.350000e+02 7.793896e-03 2.657767e+02
7.355000e+02 6.836334e-03 2.662048e+02
7.360000e+02 5.165947e-03 2.667693e+02
7.365000e+02 3.695281e-03 2.672744e+02
7.370000e+02 2.696752e-03 2.676640e+02
7.375000e+02 1.851324e-03 2.680049e+02
7.380000e+02 1.219575e-03 2.682854e+02
7.385000e+02 7.667957e-04 2.685138e+02
7.390000e+02 4.565076e-04 2.686990e+02
7.395000e+02 2.546486e-04 2.688496e+02
7.400000e+02 1.297275e-04 2.689736e+02
7.405000e+02 5.738914e-05 2.690777e+02
7.410000e+02 2.716056e-05 2.691654e+02
7.415000e+02 1.040503e-05 2.692440e+02
7.420000e+02 3.427212e-06 2.693153e+02
7.425000e+02 9.404815e-07 2.693812e+02
7.430000e+02 2.057473e-07 2.694429e+02
7.435000e+02 3.411119e-08 2.695011e+02
7.440000e+02 3.930297e-09 2.695559e+02
7.445000e+02 2.859366e-10 2.696073e+02
7.450000e+02 1.207201e-11 2.696546e+02
7.455000e+02 3.202862e-13 2.696974e+02
7.460000e+02 5.255081e-15 2.697362e+02
7.465000e+02 2.640173e-17 2.697722e+02
7.470000e+02 3.517571e-20 2.698059e+02
7.475000e+02 5.742970e-24 2.698372e+02
7.480000e+02 4.662138e-29 2.698656e+02
7.485000e+02 5.551595e-36 2.698910e+02
7.490000e+02 1.612165e-45 2.699133e+02
7.495000e+02 4.053145e-59 2.699324e+02
7.500000e+02 5.703802e-79 2.699482e+02
7.505000e+02 2.626491e-108 2.699608e+02
7.510000e+02 6.242431e-151 2.699702e+02
7.515000e+02 4.051094e-207 2.699762e+02
7.520000e+02 4.662147e-261 2.699789e+02
7.525000e+02 4.656692e-234 2.699784e+02
7.530000e+02 1.052505e-179 2.699746e+02
7.535000e+02 6.988003e-131 2.699676e+02
7.540000e+02 4.353453e-95 2.699573e+02
7.545000e+02 1.817338e-70 2.699438e+02
7.550000e+02 1.704272e-53 2.699272e+02
7.555000e+02 1.016694e-41 2.699074e+02
7.560000e+02 2.511940e-33 2.698845e+02
7.565000e+02 3.393405e-27 2.698586e+02
7.570000e+02 1.263175e-22 2.698296e+02
7.575000e+02 4.057703e-19 2.697977e+02
7.580000e+02 2.279410e-16 2.697628e+02
7.585000e+02 3.357766e-14 2.697251e+02
7.590000e+02 1.862572e-12 2.696846e+02
7.595000e+02 4.927557e-11 2.696414e+02
7.600000e+02 7.349147e-10 2.695954e+02
7.605000e+02 6.970165e-09 2.695468e+02
7.610000e+02 4.718653e-08 2.694954e+02
7.615000e+02 2.379110e-07 2.694411e+02
7.620000e+02 9.511199e-07 2.693838e+02
7.625000e+02 3.147680e-06 2.693228e+02
7.630000e+02 8.895330e-06 2.692574e+02
7.635000e+02 2.202949e-05 2.691862e+02
7.640000e+02 4.881550e-05 2.691071e+02
7.645000e+02 9.838409e-05 2.690175e+02
7.650000e+02 1.806074e-04 2.689143e+02
7.655000e+02 3.157334e-04 2.687926e+02
7.660000e+02 5.085167e-04 2.686501e+02
7.665000e+02 7.727745e-04 2.684834e+02
7.670000e+02 1.180176e-03 2.682777e+02
7.675000e+02 1.667024e-03 2.680450e+02
7.680000e+02 2.270125e-03 2.677788e+02
7.685000e+02 2.964317e-03 2.674854e+02
7.690000e+02 3.716720e-03 2.671740e+02
7.695000e+02 4.459849e-03 2.668625e+02
7.700000e+02 5.068802e-03 2.665834e+02
7.705000e+02 5.407438e-03 2.663759e+02
7.710000e+02 5.198439e-03 2.663161e+02
7.715000e+02 4.216218e-03 2.664826e+02
7.720000e+02 2.443236e-03 2.669277e+02
7.725000e+02 6.508328e-04 2.675445e+02
7.730000e+02 1.863557e-05 2.680646e+02
7.735000e+02 7.212838e-11 2.684240e+02
7.740000e+02 1.592170e-16 2.684676e+02
7.745000e+02 1.820497e-06 2.680662e+02
7.750000e+02 4.874011e-04 2.672626e+02
7.755000e+02 4.007147e-03 2.657131e+02
7.760000e+02 1.067851e-02 2.635659e+02
7.765000e+02 1.877042e-02 2.612294e+02
7.770000e+02 2.820645e-02 2.587200e+02
7.775000e+02 3.703430e-02 2.563971e+02
7.780000e+02 4.486925e-02 2.543182e+02
7.785000e+02 5.278509e-02 2.522564e+02
7.790000e+02 6.059369e-02 2.502346e+02
7.795000e+02 6.627604e-02 2.486481e+02
7.800000e+02 7.399167e-02 2.466826e+02
7.805000e+02 8.206100e-02 2.446635e+02
7.810000e+02 8.893324e-02 2.428887e+02
7.815000e+02 9.531716e-02 2.412199e+02
7.820000e+02 1.002337e-01 2.398432e+02
7.825000e+02 8.191515e-02 2.431218e+02
7.830000e+02 1.132122e-01 2.365129e+02
7.835000e+02 1.192124e-01 2.349563e+02
7.840000e+02 1.258450e-01 2.332778e+02
7.845000e+02 1.247450e-01 2.331114e+02
7.850000e+02 1.348818e-01 2.307649e+02
7.855000e+02 1.425677e-01 2.289131e+02
7.860000e+02 1.501784e-01 2.270730e+02
7.865000e+02 1.566069e-01 2.254719e+02
7.870000e+02 1.623802e-01 2.240054e+02
7.875000e+02 1.679922e-01 2.225772e+02
7.880000e+02 1.734442e-01 2.211876e+02
7.885000e+02 1.787408e-01 2.198356e+02
7.890000e+02 1.838751e-01 2.185229e+02
7.895000e+02 1.890360e-01 2.172123e+02
7.900000e+02 1.938604e-01 2.159776e+02
7.905000e+02 1.978711e-01 2.149192e+02
7.910000e+02 2.009258e-01 2.140563e+02
7.915000e+02 2.045943e-01 2.130615e+02
7.920000e+02 2.114928e-01 2.114259e+02
7.925000e+02 2.159066e-01 2.102834e+02
7.930000e+02 2.107069e-01 2.110509e+02
7.935000e+02 2.216683e-01 2.086312e+02
7.940000e+02 2.302904e-01 2.066989e+02
7.945000e+02 2.347507e-01 2.055841e+02
7.950000e+02 2.394027e-01 2.044368e+02
7.955000e+02 2.435364e-01 2.034006e+02
7.960000e+02 2.471153e-01 2.024880e+02
7.965000e+02 2.511622e-01 2.014799e+02
7.970000e+02 2.546860e-01 2.005881e+02
7.975000e+02 2.581045e-01 1.997165e+02
7.980000e+02 2.618250e-01 1.987774e+02
7.985000e+02 2.639340e-01 1.981533e+02
7.990000e+02 2.673143e-01 1.972847e+02
7.995000e+02 2.718489e-01 1.962048e+02
8.000000e+02 2.764524e-01 1.951078e+02
8.005000e+02 2.797812e-01 1.942730e+02
8.010000e+02 2.828675e-01 1.934934e+02
8.015000e+02 2.857428e-01 1.927624e+02
8.020000e+02 2.876587e-01 1.922294e+02
8.025000e+02 2.863815e-01 1.923454e+02
8.030000e+02 2.908442e-01 1.913193e+02
8.035000e+02 2.935043e-01 1.906451e+02
8.040000e+02 2.987375e-01 1.894543e+02
8.045000e+02 3.017471e-01 1.886994e+02
8.050000e+02 3.047789e-01 1.879552e+02
8.055000e+02 3.073719e-01 1.873062e+02
8.060000e+02 3.088888e-01 1.868832e+02
8.065000e+02 3.073248e-01 1.870520e+02
8.070000e+02 3.092240e-01 1.865493e+02
8.075000e+02 2.749169e-01 1.931266e+02
8.080000e+02 3.111225e-01 1.858773e+02
8.085000e+02 3.205525e-01 1.839265e+02
8.090000e+02 3.238563e-01 1.831628e+02
8.095000e+02 3.246907e-01 1.829054e+02
8.100000e+02 3.268790e-01 1.823560e+02
8.105000e+02 3.219052e-01 1.832177e+02
8.110000e+02 3.154511e-01 1.844386e+02
8.115000e+02 2.854617e-01 1.904341e+02
8.120000e+02 3.343376e-01 1.804784e+02
8.125000e+02 3.363852e-01 1.799765e+02
8.130000e+02 3.230774e-01 1.824942e+02
8.135000e+02 3.357812e-01 1.799007e+02
8.140000e+02 1.900608e-01 2.100743e+02
8.145000e+02 3.426184e-01 1.783909e+02
8.150000e+02 3.460782e-01 1.776287e+02
8.155000e+02 3.482107e-01 1.771278e+02
8.160000e+02 3.496454e-01 1.767691e+02
8.165000e+02 3.512629e-01 1.763764e+02
8.170000e+02 3.525739e-01 1.760481e+02
8.175000e+02 3.536312e-01 1.757736e+02
8.180000e+02 3.543636e-01 1.755639e+02
8.185000e+02 3.489672e-01 1.765838e+02
8.190000e+02 3.558985e-01 1.751440e+02
8.195000e+02 3.523753e-01 1.757734e+02
8.200000e+02 3.538041e-01 1.754404e+02
8.205000e+02 3.584067e-01 1.745005e+02
8.210000e+02 3.602663e-01 1.740848e+02
8.215000e+02 3.610572e-01 1.738890e+02
8.220000e+02 3.612775e-01 1.738154e+02
8.225000e+02 3.616474e-01 1.737112e+02
8.230000e+02 3.618431e-01 1.736521e+02
8.235000e+02 3.614362e-01 1.737248e+02
8.240000e+02 3.603810e-01 1.739380e+02
8.245000e+02 3.589620e-01 1.742307e+02
8.250000e+02 3.551082e-01 1.750275e+02
8.255000e+02 3.335033e-01 1.792913e+02
8.260000e+02 3.278422e-01 1.805312e+02
8.265000e+02 3.037221e-01 1.856321e+02
8.270000e+02 3.393975e-01 1.786699e+02
8.275000e+02 3.361339e-01 1.793842e+02
8.280000e+02 3.007131e-01 1.868426e+02
8.285000e+02 3.373273e-01 1.790331e+02
8.290000e+02 3.379841e-01 1.789041e+02
8.295000e+02 3.325307e-01 1.800749e+02
8.300000e+02 3.237102e-01 1.819884e+02
8.305000e+02 2.920425e-01 1.885892e+02
8.310000e+02 1.701480e-01 2.136680e+02
8.315000e+02 2.318372e-01 2.017993e+02
8.320000e+02 2.158862e-01 2.062672e+02
8.325000e+02 1.589816e-01 2.197115e+02
8.330000e+02 7.615615e-02 2.397917e+02
8.335000e+02 1.111847e-02 2.578647e+02
8.340000e+02 2.055515e-06 2.635884e+02
8.345000e+02 5.212346e-04 2.625195e+02
8.350000e+02 3.340267e-02 2.511876e+02
8.355000e+02 1.149228e-01 2.303360e+02
8.360000e+02 1.925027e-01 2.119707e+02
8.365000e+02 2.409254e-01 2.005743e+02
8.370000e+02 2.584826e-01 1.959296e+02
8.375000e+02 2.991067e-01 1.871588e+02
8.380000e+02 3.013876e-01 1.861656e+02
8.385000e+02 2.943846e-01 1.872308e+02
8.390000e+02 3.358065e-01 1.788367e+02
8.395000e+02 2.979081e-01 1.859673e+02
8.400000e+02 3.259532e-01 1.803660e+02
8.405000e+02 3.310227e-01 1.793245e+02
8.410000e+02 2.515665e-01 1.950190e+02
8.415000e+02 2.730136e-01 1.905967e+02
8.420000e+02 2.769343e-01 1.896705e+02
8.425000e+02 2.277941e-01 1.988252e+02
8.430000e+02 9.341629e-02 2.251646e+02
8.435000e+02 3.335632e-01 1.781847e+02
8.440000e+02 3.659626e-01 1.718571e+02
8.445000e+02 3.760240e-01 1.698508e+02
8.450000e+02 3.797007e-01 1.691041e+02
8.455000e+02 3.799344e-01 1.690676e+02
8.460000e+02 3.829115e-01 1.684583e+02
8.465000e+02 3.824806e-01 1.685759e+02
8.470000e+02 3.835853e-01 1.683819e+02
8.475000e+02 3.822357e-01 1.687203e+02
8.480000e+02 3.796052e-01 1.693466e+02
8.485000e+02 3.758597e-01 1.701988e+02
8.490000e+02 3.267271e-01 1.800502e+02
8.495000e+02 3.756653e-01 1.702137e+02
8.500000e+02 3.779972e-01 1.696462e+02
8.505000e+02 3.842595e-01 1.683001e+02
8.510000e+02 3.861230e-01 1.678672e+02
8.515000e+02 3.863443e-01 1.677891e+02
8.520000e+02 3.872707e-01 1.675980e+02
8.525000e+02 3.851654e-01 1.680326e+02
8.530000e+02 3.830747e-01 1.684828e+02
8.535000e+02 3.819059e-01 1.687301e+02
8.540000e+02 3.852088e-01 1.680957e+02
8.545000e+02 3.864040e-01 1.678424e+02
8.550000e+02 3.867029e-01 1.677795e+02
8.555000e+02 3.825722e-01 1.686385e+02
8.560000e+02 3.855728e-01 1.680701e+02
8.565000e+02 3.824464e-01 1.687700e+02
8.570000e+02 3.782879e-01 1.696914e+02
8.575000e+02 3.695081e-01 1.715246e+02
8.580000e+02 2.117045e-01 2.033306e+02
8.585000e+02 3.651177e-01 1.728991e+02
8.590000e+02 3.627575e-01 1.737799e+02
8.595000e+02 3.554928e-01 1.756397e+02
8.600000e+02 3.502914e-01 1.769158e+02
8.605000e+02 3.505754e-01 1.767437e+02
8.610000e+02 3.581149e-01 1.748728e+02
8.615000e+02 2.888754e-01 1.884452e+02
8.620000e+02 3.705661e-01 1.717373e+02
8.625000e+02 3.706473e-01 1.714942e+02
8.630000e+02 3.150974e-01 1.822811e+02
8.635000e+02 3.785105e-01 1.697482e+02
8.640000e+02 3.823926e-01 1.689428e+02
8.645000e+02 3.839690e-01 1.685847e+02
8.650000e+02 3.845585e-01 1.684406e+02
8.655000e+02 3.803570e-01 1.692784e+02
8.660000e+02 3.732369e-01 1.706377e+02
8.665000e+02 3.834605e-01 1.686302e+02
8.670000e+02 3.853467e-01 1.682706e+02
8.675000e+02 3.854806e-01 1.682554e+02
8.680000e+02 3.852785e-01 1.683097e+02
8.685000e+02 3.819317e-01 1.690030e+02
8.690000e+02 3.755334e-01 1.702800e+02
8.695000e+02 3.778600e-01 1.699278e+02
8.700000e+02 3.836483e-01 1.687165e+02
8.705000e+02 3.828061e-01 1.689062e+02
8.710000e+02 3.833445e-01 1.688267e+02
8.715000e+02 3.829057e-01 1.689416e+02
8.720000e+02 3.824335e-01 1.690647e+02
8.725000e+02 3.818677e-01 1.692092e+02
8.730000e+02 3.813720e-01 1.693382e+02
8.735000e+02 3.808135e-01 1.694822e+02
8.740000e+02 3.792341e-01 1.698322e+02
8.745000e+02 3.795018e-01 1.698130e+02
8.750000e+02 3.787389e-01 1.700013e+02
8.755000e+02 3.701558e-01 1.717768e+02
8.760000e+02 3.771728e-01 1.703927e+02
8.765000e+02 3.764106e-01 1.705893e+02
8.770000e+02 3.753556e-01 1.708479e+02
8.775000e+02 3.739233e-01 1.711898e+02
8.780000e+02 3.715471e-01 1.717222e+02
8.785000e+02 3.675228e-01 1.725536e+02
8.790000e+02 3.705550e-01 1.720062e+02
8.795000e+02 3.706349e-01 1.720213e+02
8.800000e+02 3.702811e-01 1.721264e+02
8.805000e+02 3.693618e-01 1.723516e+02
8.810000e+02 3.675261e-01 1.727615e+02
8.815000e+02 3.628287e-01 1.737486e+02
8.820000e+02 3.649727e-01 1.733659e+02
8.825000e+02 3.596481e-01 1.744479e+02
8.830000e+02 2.448916e-01 1.971706e+02
8.835000e+02 3.543879e-01 1.755883e+02
8.840000e+02 3.600912e-01 1.745697e+02
8.845000e+02 3.600405e-01 1.746525e+02
8.850000e+02 3.588839e-01 1.749513e+02
8.855000e+02 3.554668e-01 1.757081e+02
8.860000e+02 3.540440e-01 1.760550e+02
8.865000e+02 3.038076e-01 1.861365e+02
8.870000e+02 3.459870e-01 1.777983e+02
8.875000e+02 3.422564e-01 1.786214e+02
8.880000e+02 3.191946e-01 1.831859e+02
8.885000e+02 3.381422e-01 1.796349e+02
8.890000e+02 3.436417e-01 1.787286e+02
8.895000e+02 3.420458e-01 1.792014e+02
8.900000e+02 3.390757e-01 1.799669e+02
8.905000e+02 3.351056e-01 1.809605e+02
8.910000e+02 3.302033e-01 1.821866e+02
8.915000e+02 3.235997e-01 1.838250e+02
8.920000e+02 3.145057e-01 1.860667e+02
8.925000e+02 3.019135e-01 1.891312e+02
8.930000e+02 2.858828e-01 1.929475e+02
8.935000e+02 2.697452e-01 1.965994e+02
8.940000e+02 2.711963e-01 1.963682e+02
8.945000e+02 2.756104e-01 1.952383e+02
8.950000e+02 2.637929e-01 1.971365e+02
8.955000e+02 2.865938e-01 1.925381e+02
8.960000e+02 2.340234e-01 2.026906e+02
8.965000e+02 2.974467e-01 1.900998e+02
8.970000e+02 3.022671e-01 1.891644e+02
8.975000e+02 3.018146e-01 1.893479e+02
8.980000e+02 2.989857e-01 1.900889e+02
8.985000e+02 2.943452e-01 1.912604e+02
8.990000e+02 2.894814e-01 1.924893e+02
8.995000e+02 2.860743e-01 1.933489e+02
9.000000e+02 2.846098e-01 1.937331e+02
9.005000e+02 2.826336e-01 1.942212e+02
9.010000e+02 2.772437e-01 1.954540e+02
9.015000e+02 2.737367e-01 1.964131e+02
9.020000e+02 2.682047e-01 1.978563e+02
9.025000e+02 2.602219e-01 1.998124e+02
9.030000e+02 2.540922e-01 2.013795e+02
9.035000e+02 2.449333e-01 2.035436e+02
9.040000e+02 2.392502e-01 2.051483e+02
9.045000e+02 2.215829e-01 2.093322e+02
9.050000e+02 2.119598e-01 2.120791e+02
9.055000e+02 1.918977e-01 2.171212e+02
9.060000e+02 1.735962e-01 2.216652e+02
9.065000e+02 1.667156e-01 2.233464e+02
9.070000e+02 1.726736e-01 2.220084e+02
9.075000e+02 1.726705e-01 2.219682e+02
9.080000e+02 1.594612e-01 2.247690e+02
9.085000e+02 1.480859e-01 2.275119e+02
9.090000e+02 1.454981e-01 2.288000e+02
9.095000e+02 1.334309e-01 2.320825e+02
9.100000e+02 1.152346e-01 2.367283e+02
9.105000e+02 9.806682e-02 2.412713e+02
9.110000e+02 7.846949e-02 2.464209e+02
9.115000e+02 5.836365e-02 2.517500e+02
9.120000e+02 3.801068e-02 2.571535e+02
9.125000e+02 2.298718e-02 2.614397e+02
9.130000e+02 1.079784e-02 2.650059e+02
9.135000e+02 3.613036e-03 2.673291e+02
9.140000e+02 7.048297e-04 2.685226e+02
9.145000e+02 5.833765e-05 2.690406e+02
9.150000e+02 1.353034e-06 2.693010e+02
9.155000e+02 7.689013e-09 2.694564e+02
9.160000e+02 5.807301e-11 2.695255e+02
9.165000e+02 2.785679e-10 2.695073e+02
9.170000e+02 6.592584e-08 2.694030e+02
9.175000e+02 6.867695e-06 2.692127e+02
9.180000e+02 1.661240e-04 2.688909e+02
9.185000e+02 1.316035e-03 2.682145e+02
9.190000e+02 5.050615e-03 2.667986e+02
9.195000e+02 1.283528e-02 2.643359e+02
9.200000e+02 2.523901e-02 2.607585e+02
9.205000e+02 4.114708e-02 2.563740e+02
9.210000e+02 5.863389e-02 2.516568e+02
9.215000e+02 7.601039e-02 2.470107e+02
9.220000e+02 9.286793e-02 2.425523e+02
9.225000e+02 1.101589e-01 2.381212e+02
9.230000e+02 1.253185e-01 2.342128e+02
9.235000e+02 1.387286e-01 2.307502e+02
9.240000e+02 1.510769e-01 2.275868e+02
9.245000e+02 1.612688e-01 2.249374e+02
9.250000e+02 1.644361e-01 2.237233e+02
9.255000e+02 1.738116e-01 2.214037e+02
9.260000e+02 1.842282e-01 2.189615e+02
9.265000e+02 1.825097e-01 2.189250e+02
9.270000e+02 1.973061e-01 2.157318e+02
9.275000e+02 1.798170e-01 2.189734e+02
9.280000e+02 2.052112e-01 2.137035e+02
9.285000e+02 2.058868e-01 2.133994e+02
9.290000e+02 2.127732e-01 2.118593e+02
9.295000e+02 2.155534e-01 2.111667e+02
9.300000e+02 2.180807e-01 2.105505e+02
9.305000e+02 2.197911e-01 2.101201e+02
9.310000e+02 2.209984e-01 2.098097e+02
9.315000e+02 2.213082e-01 2.096930e+02
9.320000e+02 2.214974e-01 2.096161e+02
9.325000e+02 2.189757e-01 2.100746e+02
9.330000e+02 1.876639e-01 2.160834e+02
9.335000e+02 2.116951e-01 2.114724e+02
9.340000e+02 2.210642e-01 2.096782e+02
9.345000e+02 2.221085e-01 2.095015e+02
9.350000e+02 2.219287e-01 2.095700e+02
9.355000e+02 2.211601e-01 2.097613e+02
9.360000e+02 2.193343e-01 2.101742e+02
9.365000e+02 2.195158e-01 2.101957e+02
9.370000e+02 2.172662e-01 2.107016e+02
9.375000e+02 2.166749e-01 2.108984e+02
9.380000e+02 2.156179e-01 2.111944e+02
9.385000e+02 2.140653e-01 2.115874e+02
9.390000e+02 2.126179e-01 2.119580e+02
9.395000e+02 2.110336e-01 2.123598e+02
9.400000e+02 2.089667e-01 2.128644e+02
9.405000e+02 2.073337e-01 2.132916e+02
9.410000e+02 2.053435e-01 2.137959e+02
9.415000e+02 2.032464e-01 2.143278e+02
9.420000e+02 2.010539e-01 2.148852e+02
9.425000e+02 1.985042e-01 2.155208e+02
9.430000e+02 1.958626e-01 2.161821e+02
9.435000e+02 1.924438e-01 2.170095e+02
9.440000e+02 1.905195e-01 2.175464e+02
9.445000e+02 1.868834e-01 2.184270e+02
9.450000e+02 1.814072e-01 2.196532e+02
9.455000e+02 1.822272e-01 2.196414e+02
9.460000e+02 1.799669e-01 2.202307e+02
9.465000e+02 1.773139e-01 2.209065e+02
9.470000e+02 1.743964e-01 2.216443e+02
9.475000e+02 1.710078e-01 2.224849e+02
9.480000e+02 1.675225e-01 2.233463e+02
9.485000e+02 1.607977e-01 2.248333e+02
9.490000e+02 1.473198e-01 2.276328e+02
9.495000e+02 1.568292e-01 2.260255e+02
9.500000e+02 1.537106e-01 2.268474e+02
9.505000e+02 1.451376e-01 2.287158e+02
9.510000e+02 1.432771e-01 2.293083e+02
9.515000e+02 1.330199e-01 2.316657e+02
9.520000e+02 1.395898e-01 2.305147e+02
9.525000e+02 1.356540e-01 2.315302e+02
9.530000e+02 1.313327e-01 2.326309e+02
9.535000e+02 1.256588e-01 2.340010e+02
9.540000e+02 1.223471e-01 2.349166e+02
9.545000e+02 1.158926e-01 2.364333e+02
9.550000e+02 1.136015e-01 2.371631e+02
9.555000e+02 1.096360e-01 2.382075e+02
9.560000e+02 1.008671e-01 2.402034e+02
9.565000e+02 1.010450e-01 2.404672e+02
9.570000e+02 9.577725e-02 2.418057e+02
9.575000e+02 9.133834e-02 2.429874e+02
9.580000e+02 8.498197e-02 2.445485e+02
9.585000e+02 2.438764e-02 2.570126e+02
9.590000e+02 7.525975e-02 2.471288e+02
9.595000e+02 7.143615e-02 2.482335e+02
9.600000e+02 6.641573e-02 2.495775e+02
9.605000e+02 6.136667e-02 2.509381e+02
9.610000e+02 5.608052e-02 2.523566e+02
9.615000e+02 5.069554e-02 2.538062e+02
9.620000e+02 4.524374e-02 2.552805e+02
9.625000e+02 3.954414e-02 2.568145e+02
9.630000e+02 3.445254e-02 2.582421e+02
9.635000e+02 2.913250e-02 2.597240e+02
9.640000e+02 2.393503e-02 2.611906e+02
9.645000e+02 1.893972e-02 2.626237e+02
9.650000e+02 1.426026e-02 2.639967e+02
9.655000e+02 1.003779e-02 2.652754e+02
9.660000e+02 6.425648e-03 2.664202e+02
9.665000e+02 3.581524e-03 2.673880e+02
9.670000e+02 1.621154e-03 2.681423e+02
9.675000e+02 5.299016e-04 2.686745e+02
9.680000e+02 1.020791e-04 2.690219e+02
9.685000e+02 8.112224e-06 2.692558e+02
9.690000e+02 1.240484e-07 2.694326e+02
9.695000e+02 3.798045e-10 2.695640e+02
9.700000e+02 3.609034e-13 2.696379e+02
9.705000e+02 1.599380e-13 2.696436e+02
9.710000e+02 1.068717e-10 2.695837e+02
9.715000e+02 3.754368e-08 2.694759e+02
9.720000e+02 1.702954e-06 2.693446e+02
9.725000e+02 1.675457e-05 2.692095e+02
9.730000e+02 3.431378e-05 2.690887e+02
9.735000e+02 1.395126e-04 2.689763e+02
9.740000e+02 2.108517e-04 2.689029e+02
9.745000e+02 2.477279e-04 2.688687e+02
9.750000e+02 2.431377e-04 2.688712e+02
9.755000e+02 2.072264e-04 2.689023e+02
9.760000e+02 1.563042e-04 2.689526e+02
9.765000e+02 1.024472e-04 2.690143e+02
9.770000e+02 6.359927e-05 2.690795e+02
9.775000e+02 3.428454e-05 2.691463e+02
9.780000e+02 1.617517e-05 2.692123e+02
9.785000e+02 6.546301e-06 2.692765e+02
9.790000e+02 2.253454e-06 2.693389e+02
9.795000e+02 6.264919e-07 2.693995e+02
9.800000e+02 1.189108e-07 2.694582e+02
9.805000e+02 2.139513e-08 2.695149e+02
9.810000e+02 2.250559e-09 2.695695e+02
9.815000e+02 1.398041e-10 2.696217e+02
9.820000e+02 4.352465e-12 2.696711e+02
9.825000e+02 5.269959e-14 2.697176e+02
9.830000e+02 1.572022e-16 2.697608e+02
9.835000e+02 1.161743e-19 2.698004e+02
9.840000e+02 6.019837e-24 2.698362e+02
9.845000e+02 8.890817e-30 2.698681e+02
9.850000e+02 5.660351e-38 2.698959e+02
9.855000e+02 7.550546e-50 2.699196e+02
9.860000e+02 1.918626e-67 2.699391e+02
9.865000e+02 1.450779e-93 2.699542e+02
9.870000e+02 7.305779e-131 2.699648e+02
9.875000e+02 5.700486e-176 2.699710e+02
9.880000e+02 7.089732e-201 2.699726e+02
9.885000e+02 8.703550e-163 2.699697e+02
9.890000e+02 6.885611e-119 2.699622e+02
9.895000e+02 4.326054e-85 2.699504e+02
9.900000e+02 7.523615e-62 2.699342e+02
9.905000e+02 3.183775e-46 2.699137e+02
9.910000e+02 1.353567e-35 2.698892e+02
9.915000e+02 3.439872e-28 2.698608e+02
9.920000e+02 7.187100e-23 2.698287e+02
9.925000e+02 5.543513e-19 2.697931e+02
9.930000e+02 4.673387e-16 2.697546e+02
9.935000e+02 7.556536e-14 2.697138e+02
9.940000e+02 3.431495e-12 2.696712e+02
9.945000e+02 6.589075e-11 2.696267e+02
9.950000e+02 1.020699e-09 2.695790e+02
9.955000e+02 1.077525e-08 2.695266e+02
9.960000e+02 8.571294e-08 2.694695e+02
9.965000e+02 4.751300e-07 2.694085e+02
9.970000e+02 1.950430e-06 2.693443e+02
9.975000e+02 6.298240e-06 2.692769e+02
9.980000e+02 1.706526e-05 2.692051e+02
9.985000e+02 3.956865e-05 2.691275e+02
9.990000e+02 8.081671e-05 2.690421e+02
9.995000e+02 1.556488e-04 2.689452e+02
1.000000e+03 2.722740e-04 2.688348e+02
0.7 1 0
1.000000e+01 9.963561e-01 3.582102e+00
1.050000e+01 9.962994e-01 3.596050e+00
1.100000e+01 9.962180e-01 3.615382e+00
1.150000e+01 9.961815e-01 3.625157e+00
1.200000e+01 9.961172e-01 3.641062e+00
1.250000e+01 9.960471e-01 3.658322e+00
1.300000e+01 9.959723e-01 3.676731e+00
1.350000e+01 9.958927e-01 3.696343e+00
1.400000e+01 9.958079e-01 3.717220e+00
1.450000e+01 9.957163e-01 3.739756e+00
1.500000e+01 9.956122e-01 3.765171e+00
1.550000e+01 9.955184e-01 3.788662e+00
1.600000e+01 9.954030e-01 3.817060e+00
1.650000e+01 9.952876e-01 3.845820e+00
1.700000e+01 9.951584e-01 3.877974e+00
1.750000e+01 9.950138e-01 3.913991e+00
1.800000e+01 9.948505e-01 3.954772e+00
1.850000e+01 9.946618e-01 4.002070e+00
1.900000e+01 9.944364e-01 4.058810e+00
1.950000e+01 9.941553e-01 4.129877e+00
2.000000e+01 9.937856e-01 4.223703e+00
2.050000e+01 9.932721e-01 4.354376e+00
2.100000e+01 9.925294e-01 4.543361e+00
2.150000e+01 9.914757e-01 4.809451e+00
2.200000e+01 9.902867e-01 5.103111e+00
2.250000e+01 9.900177e-01 5.170816e+00
2.300000e+01 9.906872e-01 5.006558e+00
2.350000e+01 9.913136e-01 4.846286e+00
2.400000e+01 9.916748e-01 4.750395e+00
2.450000e+01 9.918879e-01 4.694325e+00
2.500000e+01 9.919266e-01 4.681207e+00
2.550000e+01 9.918429e-01 4.698443e+00
2.600000e+01 9.917693e-01 4.715688e+00
2.650000e+01 9.916172e-01 4.751849e+00
2.700000e+01 9.914256e-01 4.797825e+00
2.750000e+01 9.912002e-01 4.852168e+00
2.800000e+01 9.909559e-01 4.911419e+00
2.850000e+01 9.906850e-01 4.977204e+00
2.900000e+01 9.902720e-01 5.074721e+00
2.950000e+01 9.900711e-01 5.126423e+00
3.000000e+01 9.894974e-01 5.259785e+00
3.050000e+01 9.892469e-01 5.324241e+00
3.100000e+01 9.890056e-01 5.386584e+00
3.150000e+01 9.886070e-01 5.484045e+00
3.200000e+01 9.881785e-01 5.588660e+00
3.250000e+01 9.877229e-01 5.699843e+00
3.300000e+01 9.872377e-01 5.818206e+00
3.350000e+01 9.867212e-01 5.944143e+00
3.400000e+01 9.861726e-01 6.077896e+00
3.450000e+01 9.855875e-01 6.220481e+00
3.500000e+01 9.849615e-01 6.372909e+00
3.550000e+01 9.842936e-01 6.535430e+00
3.600000e+01 9.832827e-01 6.774764e+00
3.650000e+01 9.828219e-01 6.893471e+00
3.700000e+01 9.820112e-01 7.090678e+00
3.750000e+01 9.811169e-01 7.307275e+00
3.800000e+01 9.801247e-01 7.546546e+00
3.850000e+01 9.791958e-01 7.774556e+00
3.900000e+01 9.781149e-01 8.037026e+00
3.950000e+01 9.769268e-01 8.324789e+00
4.000000e+01 9.756832e-01 8.626875e+00
4.050000e+01 9.743118e-01 8.959234e+00
4.100000e+01 9.728211e-01 9.320284e+00
4.150000e+01 9.711975e-01 9.713325e+00
4.200000e+01 9.694225e-01 1.014275e+01
4.250000e+01 9.674672e-01 1.061512e+01
4.300000e+01 9.652991e-01 1.113810e+01
4.350000e+01 9.629175e-01 1.171247e+01
4.400000e+01 9.603938e-01 1.232412e+01
4.450000e+01 9.575468e-01 1.301241e+01
4.500000e+01 9.543303e-01 1.378834e+01
4.550000e+01 9.507912e-01 1.464358e+01
4.600000e+01 9.467835e-01 1.561082e+01
4.650000e+01 9.422581e-01 1.670287e+01
4.700000e+01 9.371179e-01 1.794318e+01
4.750000e+01 9.312430e-01 1.936088e+01
4.800000e+01 9.244776e-01 2.099381e+01
4.850000e+01 9.166156e-01 2.289205e+01
4.900000e+01 9.073822e-01 2.512278e+01
4.950000e+01 8.963777e-01 2.778355e+01
5.000000e+01 8.828571e-01 3.105276e+01
5.050000e+01 8.662524e-01 3.508403e+01
5.100000e+01 8.439547e-01 4.049950e+01
5.150000e+01 8.102774e-01 4.867923e+01
5.200000e+01 7.666670e-01 5.929177e+01
5.250000e+01 6.988879e-01 7.584241e+01
5.300000e+01 5.964194e-01 1.009287e+02
5.350000e+01 4.545277e-01 1.359838e+02
5.400000e+01 2.878104e-01 1.780843e+02
5.450000e+01 1.363888e-01 2.181511e+02
5.500000e+01 4.230319e-02 2.456473e+02
5.550000e+01 6.723137e-03 2.588564e+02
5.600000e+01 2.568684e-04 2.635927e+02
5.650000e+01 7.180424e-06 2.652795e+02
5.700000e+01 1.399479e-08 2.661528e+02
5.750000e+01 2.183260e-08 2.667183e+02
5.800000e+01 1.578540e-08 2.671324e+02
5.850000e+01 3.747820e-13 2.674040e+02
5.900000e+01 7.214524e-11 2.674537e+02
5.950000e+01 1.935916e-12 2.675375e+02
6.000000e+01 5.651590e-11 2.676917e+02
6.050000e+01 8.481610e-16 2.677991e+02
6.100000e+01 2.300997e-11 2.677083e+02
6.150000e+01 1.130567e-09 2.676129e+02
6.200000e+01 9.148755e-10 2.675056e+02
6.250000e+01 7.538977e-15 2.672318e+02
6.300000e+01 1.393449e-11 2.663902e+02
6.350000e+01 4.048774e-05 2.647713e+02
6.400000e+01 2.411608e-03 2.614660e+02
6.450000e+01 2.497837e-02 2.518145e+02
6.500000e+01 1.031402e-01 2.282938e+02
6.550000e+01 2.410014e-01 1.913052e+02
6.600000e+01 3.996216e-01 1.506718e+02
6.650000e+01 5.399228e-01 1.154968e+02
6.700000e+01 6.456932e-01 8.924797e+01
6.750000e+01 7.188503e-01 7.118622e+01
6.800000e+01 7.694786e-01 5.876839e+01
6.850000e+01 8.043284e-01 5.024140e+01
6.900000e+01 8.298348e-01 4.402814e+01
6.950000e+01 8.492481e-01 3.931437e+01
7.000000e+01 8.648213e-01 3.554489e+01
7.050000e+01 8.776243e-01 3.245188e+01
7.100000e+01 8.883904e-01 2.985523e+01
7.150000e+01 8.975579e-01 2.764669e+01
7.200000e+01 9.054999e-01 2.573624e+01
7.250000e+01 9.123759e-01 2.408304e+01
7.300000e+01 9.184380e-01 2.262740e+01
7.350000e+01 9.237653e-01 2.134879e+01
7.400000e+01 9.284766e-01 2.021849e+01
7.450000e+01 9.326734e-01 1.921226e+01
7.500000e+01 9.363728e-01 1.832397e+01
7.550000e+01 9.396543e-01 1.753468e+01
7.600000e+01 9.427461e-01 1.679620e+01
7.650000e+01 9.424649e-01 1.679853e+01
7.700000e+01 9.480811e-01 1.552170e+01
7.750000e+01 9.500849e-01 1.503623e+01
7.800000e+01 9.525581e-01 1.445587e+01
7.850000e+01 9.545063e-01 1.399274e+01
7.900000e+01 9.559544e-01 1.364505e+01
7.950000e+01 9.578551e-01 1.319622e+01
8.000000e+01 9.593000e-01 1.285287e+01
8.050000e+01 9.606302e-01 1.253650e+01
8.100000e+01 9.619124e-01 1.223188e+01
8.150000e+01 9.631323e-01 1.194207e+01
8.200000e+01 9.642551e-01 1.167536e+01
8.250000e+01 9.652834e-01 1.143130e+01
8.300000e+01 9.662288e-01 1.120726e+01
8.350000e+01 9.671005e-01 1.100100e+01
8.400000e+01 9.679064e-01 1.081065e+01
8.450000e+01 9.686535e-01 1.063453e+01
8.500000e+01 9.693435e-01 1.047211e+01
8.550000e+01 9.699837e-01 1.032177e+01
8.600000e+01 9.705771e-01 1.018275e+01
8.650000e+01 9.711232e-01 1.005510e+01
8.700000e+01 9.716285e-01 9.937391e+00
8.750000e+01 9.720933e-01 9.829472e+00
8.800000e+01 9.725223e-01 9.730075e+00
8.850000e+01 9.729244e-01 9.637036e+00
8.900000e+01 9.733075e-01 9.548789e+00
8.950000e+01 9.736512e-01 9.469949e+00
9.000000e+01 9.739416e-01 9.403922e+00
9.050000e+01 9.742424e-01 9.335524e+00
9.100000e+01 9.744825e-01 9.281545e+00
9.150000e+01 9.747262e-01 9.227284e+00
9.200000e+01 9.749240e-01 9.183756e+00
9.250000e+01 9.750906e-01 9.147610e+00
9.300000e+01 9.752089e-01 9.122478e+00
9.350000e+01 9.751348e-01 9.138747e+00
9.400000e+01 9.726499e-01 9.686218e+00
9.450000e+01 9.754136e-01 9.083648e+00
9.500000e+01 9.755646e-01 9.054243e+00
9.550000e+01 9.755121e-01 9.069042e+00
9.600000e+01 9.747936e-01 9.226681e+00
9.650000e+01 9.750601e-01 9.174418e+00
9.700000e+01 9.755508e-01 9.076090e+00
9.750000e+01 9.755555e-01 9.081883e+00
9.800000e+01 9.754632e-01 9.109229e+00
9.850000e+01 9.753784e-01 9.135562e+00
9.900000e+01 9.751998e-01 9.183264e+00
9.950000e+01 9.749717e-01 9.242715e+00
1.000000e+02 9.746397e-01 9.325179e+00
1.005000e+02 9.735103e-01 9.584104e+00
1.010000e+02 9.739319e-01 9.501024e+00
1.015000e+02 9.725371e-01 9.810938e+00
1.020000e+02 9.723431e-01 9.866914e+00
1.025000e+02 9.731186e-01 9.718728e+00
1.030000e+02 9.727939e-01 9.806082e+00
1.035000e+02 9.721147e-01 9.971117e+00
1.040000e+02 9.708721e-01 1.025886e+01
1.045000e+02 9.711303e-01 1.022588e+01
1.050000e+02 9.704766e-01 1.039138e+01
1.055000e+02 9.696789e-01 1.059017e+01
1.060000e+02 9.687638e-01 1.081697e+01
1.065000e+02 9.677188e-01 1.107480e+01
1.070000e+02 9.665296e-01 1.136724e+01
1.075000e+02 9.651642e-01 1.170172e+01
1.080000e+02 9.635599e-01 1.209274e+01
1.085000e+02 9.617857e-01 1.252527e+01
1.090000e+02 9.596276e-01 1.304712e+01
1.095000e+02 9.549499e-01 1.412307e+01
1.100000e+02 9.541383e-01 1.436832e+01
1.105000e+02 9.499278e-01 1.535620e+01
1.110000e+02 9.435856e-01 1.681536e+01
1.115000e+02 9.420113e-01 1.728716e+01
1.120000e+02 9.364103e-01 1.863814e+01
1.125000e+02 9.292347e-01 2.035755e+01
1.130000e+02 9.201552e-01 2.252759e+01
1.135000e+02 9.085829e-01 2.529020e+01
1.140000e+02 8.934233e-01 2.890403e+01
1.145000e+02 8.733015e-01 3.369706e+01
1.150000e+02 8.426084e-01 4.095047e+01
1.155000e+02 8.068531e-01 4.952949e+01
1.160000e+02 7.501195e-01 6.307034e+01
1.165000e+02 6.642449e-01 8.362282e+01
1.170000e+02 5.314940e-01 1.155883e+02
1.175000e+02 3.330677e-01 1.640480e+02
1.180000e+02 1.013696e-01 2.230479e+02
1.185000e+02 1.457745e-03 2.538138e+02
1.190000e+02 1.474439e-03 2.537657e+02
1.195000e+02 1.035660e-01 2.224127e+02
1.200000e+02 3.391194e-01 1.625386e+02
1.205000e+02 5.392457e-01 1.137330e+02
1.210000e+02 6.721360e-01 8.177673e+01
1.215000e+02 7.575785e-01 6.135773e+01
1.220000e+02 8.137548e-01 4.797487e+01
1.225000e+02 8.519511e-01 3.889001e+01
1.230000e+02 8.786858e-01 3.253248e+01
1.235000e+02 8.975444e-01 2.803411e+01
1.240000e+02 9.026512e-01 2.659061e+01
1.245000e+02 9.227887e-01 2.202631e+01
1.250000e+02 9.314739e-01 1.996578e+01
1.255000e+02 9.325884e-01 1.955842e+01
1.260000e+02 9.444119e-01 1.690686e+01
1.265000e+02 9.495127e-01 1.571011e+01
1.270000e+02 9.535014e-01 1.476702e+01
1.275000e+02 9.566336e-01 1.402222e+01
1.280000e+02 9.588517e-01 1.348491e+01
1.285000e+02 9.610349e-01 1.296467e+01
1.290000e+02 9.634901e-01 1.239582e+01
1.295000e+02 9.651647e-01 1.200035e+01
1.300000e+02 9.666048e-01 1.166011e+01
1.305000e+02 9.678240e-01 1.137222e+01
1.310000e+02 9.684808e-01 1.121211e+01
1.315000e+02 9.698131e-01 1.090447e+01
1.320000e+02 9.706210e-01 1.071531e+01
1.325000e+02 9.712354e-01 1.057053e+01
1.330000e+02 9.719328e-01 1.041002e+01
1.335000e+02 9.725645e-01 1.026493e+01
1.340000e+02 9.729866e-01 1.016881e+01
1.345000e+02 9.733710e-01 1.008259e+01
1.350000e+02 9.738834e-01 9.965276e+00
1.355000e+02 9.742140e-01 9.891635e+00
1.360000e+02 9.744665e-01 9.836077e+00
1.365000e+02 9.745236e-01 9.823825e+00
1.370000e+02 9.740017e-01 9.939441e+00
1.375000e+02 9.751085e-01 9.701200e+00
1.380000e+02 9.753225e-01 9.658319e+00
1.385000e+02 9.754701e-01 9.629968e+00
1.390000e+02 9.755960e-01 9.606037e+00
1.395000e+02 9.757638e-01 9.572565e+00
1.400000e+02 9.756359e-01 9.607744e+00
1.405000e+02 9.758878e-01 9.554407e+00
1.410000e+02 9.758295e-01 9.572830e+00
1.415000e+02 9.754542e-01 9.660186e+00
1.420000e+02 9.699826e-01 1.085136e+01
1.425000e+02 9.737396e-01 1.004485e+01
1.430000e+02 9.756471e-01 9.644221e+00
1.435000e+02 9.758661e-01 9.606487e+00
1.440000e+02 9.758681e-01 9.613792e+00
1.445000e+02 9.755711e-01 9.683089e+00
1.450000e+02 9.704500e-01 1.081966e+01
1.455000e+02 9.759112e-01 9.622119e+00
1.460000e+02 9.761086e-01 9.587292e+00
1.465000e+02 9.761867e-01 9.578414e+00
1.470000e+02 9.761717e-01 9.590615e+00
1.475000e+02 9.761137e-01 9.612795e+00
1.480000e+02 9.759768e-01 9.652645e+00
1.485000e+02 9.752696e-01 9.816766e+00
1.490000e+02 9.751937e-01 9.844862e+00
1.495000e+02 9.755815e-01 9.773947e+00
1.500000e+02 9.752938e-01 9.850743e+00
1.505000e+02 9.745083e-01 1.003145e+01
1.510000e+02 9.744711e-01 1.005171e+01
1.515000e+02 9.750825e-01 9.931179e+00
1.520000e+02 9.751984e-01 9.915350e+00
1.525000e+02 9.752657e-01 9.908341e+00
1.530000e+02 9.751764e-01 9.937957e+00
1.535000e+02 9.748293e-01 1.002414e+01
1.540000e+02 9.673752e-01 1.170030e+01
1.545000e+02 9.746645e-01 1.008332e+01
1.550000e+02 9.748216e-01 1.006196e+01
1.555000e+02 9.747475e-01 1.009091e+01
1.560000e+02 9.743864e-01 1.018366e+01
1.565000e+02 9.743526e-01 1.020603e+01
1.570000e+02 9.743644e-01 1.021500e+01
1.575000e+02 9.742337e-01 1.025732e+01
1.580000e+02 9.740866e-01 1.030382e+01
1.585000e+02 9.738134e-01 1.037932e+01
1.590000e+02 9.737419e-01 1.040898e+01
1.595000e+02 9.735345e-01 1.047009e+01
1.600000e+02 9.733570e-01 1.052454e+01
1.605000e+02 9.731646e-01 1.058286e+01
1.610000e+02 9.729511e-01 1.064627e+01
1.615000e+02 9.727348e-01 1.071056e+01
1.620000e+02 9.724943e-01 1.078084e+01
1.625000e+02 9.722317e-01 1.085652e+01
1.630000e+02 9.719375e-01 1.093974e+01
1.635000e+02 9.716000e-01 1.103308e+01
1.640000e+02 9.711583e-01 1.114978e+01
1.645000e+02 9.702305e-01 1.137133e+01
1.650000e+02 9.590024e-01 1.388172e+01
1.655000e+02 9.662564e-01 1.227079e+01
1.660000e+02 9.642044e-01 1.273848e+01
1.665000e+02 9.688161e-01 1.177435e+01
1.670000e+02 9.689153e-01 1.178009e+01
1.675000e+02 9.666989e-01 1.229601e+01
1.680000e+02 9.681686e-01 1.199987e+01
1.685000e+02 9.678195e-01 1.210784e+01
1.690000e+02 9.668453e-01 1.235754e+01
1.695000e+02 9.667047e-01 1.242012e+01
1.700000e+02 9.659227e-01 1.263032e+01
1.705000e+02 9.653249e-01 1.280082e+01
1.710000e+02 9.644753e-01 1.303118e+01
1.715000e+02 9.633582e-01 1.332422e+01
1.720000e+02 9.625596e-01 1.355213e+01
1.725000e+02 9.613871e-01 1.386751e+01
1.730000e+02 9.599748e-01 1.424149e+01
1.735000e+02 9.541236e-01 1.562567e+01
1.740000e+02 9.566489e-01 1.512607e+01
1.745000e+02 9.545044e-01 1.569062e+01
1.750000e+02 9.512446e-01 1.650855e+01
1.755000e+02 9.433068e-01 1.836128e+01
1.760000e+02 9.440970e-01 1.832710e+01
1.765000e+02 9.418367e-01 1.900875e+01
1.770000e+02 9.376178e-01 2.013537e+01
1.775000e+02 9.319656e-01 2.161810e+01
1.780000e+02 9.246602e-01 2.352122e+01
1.785000e+02 9.151460e-01 2.598603e+01
1.790000e+02 9.029196e-01 2.915265e+01
1.795000e+02 8.865243e-01 3.338164e+01
1.800000e+02 8.629422e-01 3.941423e+01
1.805000e+02 8.335149e-01 4.699981e+01
1.810000e+02 7.903786e-01 5.804052e+01
1.815000e+02 7.300872e-01 7.342616e+01
1.820000e+02 6.485926e-01 9.411525e+01
1.825000e+02 5.499046e-01 1.189062e+02
1.830000e+02 4.592089e-01 1.410692e+02
1.835000e+02 4.475840e-01 1.437448e+02
1.840000e+02 5.312712e-01 1.234426e+02
1.845000e+02 6.227488e-01 1.002866e+02
1.850000e+02 7.125529e-01 7.784953e+01
1.855000e+02 7.750196e-01 6.197041e+01
1.860000e+02 8.205545e-01 5.038137e+01
1.865000e+02 8.526247e-01 4.218038e+01
1.870000e+02 8.758133e-01 3.623769e+01
1.875000e+02 8.929931e-01 3.183155e+01
1.880000e+02 9.058145e-01 2.853431e+01
1.885000e+02 9.157635e-01 2.597829e+01
1.890000e+02 9.233943e-01 2.401046e+01
1.895000e+02 9.295246e-01 2.243185e+01
1.900000e+02 9.343972e-01 2.117447e+01
1.905000e+02 9.382039e-01 2.018568e+01
1.910000e+02 9.415779e-01 1.931987e+01
1.915000e+02 9.442397e-01 1.863195e+01
1.920000e+02 9.464180e-01 1.806782e+01
1.925000e+02 9.481913e-01 1.760707e+01
1.930000e+02 9.492667e-01 1.730865e+01
1.935000e+02 9.490739e-01 1.729455e+01
1.940000e+02 9.518064e-01 1.666264e+01
1.945000e+02 9.526384e-01 1.644098e+01
1.950000e+02 9.517971e-01 1.657826e+01
1.955000e+02 9.254113e-01 2.224917e+01
1.960000e+02 9.533889e-01 1.618044e+01
1.965000e+02 9.557063e-01 1.566634e+01
1.970000e+02 9.565393e-01 1.547057e+01
1.975000e+02 9.569790e-01 1.536328e+01
1.980000e+02 9.571996e-01 1.530983e+01
1.985000e+02 9.576990e-01 1.519108e+01
1.990000e+02 9.576913e-01 1.518936e+01
1.995000e+02 9.567997e-01 1.538408e+01
2.000000e+02 9.576376e-01 1.520696e+01
2.005000e+02 9.568730e-01 1.537798e+01
2.010000e+02 9.527820e-01 1.626483e+01
2.015000e+02 9.568790e-01 1.539135e+01
2.020000e+02 9.576853e-01 1.522578e+01
2.025000e+02 9.577612e-01 1.522230e+01
2.030000e+02 9.575314e-01 1.528763e+01
2.035000e+02 9.568127e-01 1.545353e+01
2.040000e+02 9.579333e-01 1.520109e+01
2.045000e+02 9.584813e-01 1.507038e+01
2.050000e+02 9.587941e-01 1.499511e+01
2.055000e+02 9.588786e-01 1.497506e+01
2.060000e+02 9.578486e-01 1.519836e+01
2.065000e+02 9.585699e-01 1.505285e+01
2.070000e+02 9.591123e-01 1.493427e+01
2.075000e+02 9.587073e-01 1.503249e+01
2.080000e+02 9.584804e-01 1.508275e+01
2.085000e+02 9.508823e-01 1.672700e+01
2.090000e+02 9.570104e-01 1.541257e+01
2.095000e+02 9.582270e-01 1.516908e+01
2.100000e+02 9.586314e-01 1.508814e+01
2.105000e+02 9.569409e-01 1.546454e+01
2.110000e+02 9.569404e-01 1.547114e+01
2.115000e+02 9.586386e-01 1.511728e+01
2.120000e+02 9.587347e-01 1.510791e+01
2.125000e+02 9.586861e-01 1.512989e+01
2.130000e+02 9.585780e-01 1.516507e+01
2.135000e+02 9.584334e-01 1.520823e+01
2.140000e+02 9.581906e-01 1.527286e+01
2.145000e+02 9.573001e-01 1.547542e+01
2.150000e+02 9.358049e-01 2.021651e+01
2.155000e+02 9.572880e-01 1.550572e+01
2.160000e+02 9.574290e-01 1.549348e+01
2.165000e+02 9.577858e-01 1.542435e+01
2.170000e+02 9.577102e-01 1.545397e+01
2.175000e+02 9.572837e-01 1.556463e+01
2.180000e+02 9.573532e-01 1.555861e+01
2.185000e+02 9.573170e-01 1.557993e+01
2.190000e+02 9.571948e-01 1.562043e+01
2.195000e+02 9.570405e-01 1.566798e+01
2.200000e+02 9.568294e-01 1.572876e+01
2.205000e+02 9.567473e-01 1.576058e+01
2.210000e+02 9.565829e-01 1.581119e+01
2.215000e+02 9.563993e-01 1.586633e+01
2.220000e+02 9.562173e-01 1.592166e+01
2.225000e+02 9.559720e-01 1.599151e+01
2.230000e+02 9.557329e-01 1.606103e+01
2.235000e+02 9.554291e-01 1.614603e+01
2.240000e+02 9.550239e-01 1.625568e+01
2.245000e+02 9.544766e-01 1.639969e+01
2.250000e+02 9.534844e-01 1.664573e+01
2.255000e+02 9.519195e-01 1.701395e+01
2.260000e+02 9.394063e-01 1.973869e+01
2.265000e+02 9.506621e-01 1.731185e+01
2.270000e+02 9.526058e-01 1.689717e+01
2.275000e+02 9.532747e-01 1.675277e+01
2.280000e+02 9.534852e-01 1.671236e+01
2.285000e+02 9.534702e-01 1.672495e+01
2.290000e+02 9.532105e-01 1.679333e+01
2.295000e+02 9.495391e-01 1.760975e+01
2.300000e+02 9.522801e-01 1.702550e+01
2.305000e+02 9.510386e-01 1.730778e+01
2.310000e+02 9.470728e-01 1.816873e+01
2.315000e+02 9.443115e-01 1.877944e+01
2.320000e+02 9.501625e-01 1.756741e+01
2.325000e+02 9.497577e-01 1.768993e+01
2.330000e+02 9.476156e-01 1.820823e+01
2.335000e+02 9.411691e-01 1.966614e+01
2.340000e+02 9.177722e-01 2.457553e+01
2.345000e+02 9.423604e-01 1.943320e+01
2.350000e+02 9.461652e-01 1.856878e+01
2.355000e+02 9.375874e-01 2.036523e+01
2.360000e+02 9.421420e-01 1.939571e+01
2.365000e+02 9.470018e-01 1.837336e+01
2.370000e+02 9.298652e-01 2.203603e+01
2.375000e+02 9.443013e-01 1.896972e+01
2.380000e+02 9.479470e-01 1.821785e+01
2.385000e+02 9.454696e-01 1.877417e+01
2.390000e+02 9.158647e-01 2.514306e+01
2.395000e+02 9.423186e-01 1.948409e+01
2.400000e+02 9.437829e-01 1.920537e+01
2.405000e+02 9.460009e-01 1.875496e+01
2.410000e+02 9.467941e-01 1.859710e+01
2.415000e+02 9.460391e-01 1.877602e+01
2.420000e+02 9.413016e-01 1.978422e+01
2.425000e+02 9.326207e-01 2.163742e+01
2.430000e+02 9.428524e-01 1.947463e+01
2.435000e+02 8.852666e-01 3.196784e+01
2.440000e+02 9.424482e-01 1.958424e+01
2.445000e+02 9.460769e-01 1.882367e+01
2.450000e+02 9.470826e-01 1.862541e+01
2.455000e+02 9.472150e-01 1.861249e+01
2.460000e+02 9.470526e-01 1.866375e+01
2.465000e+02 9.450112e-01 1.914377e+01
2.470000e+02 9.460958e-01 1.890396e+01
2.475000e+02 9.436629e-01 1.943936e+01
2.480000e+02 9.318024e-01 2.197601e+01
2.485000e+02 9.397455e-01 2.030807e+01
2.490000e+02 9.429163e-01 1.965979e+01
2.495000e+02 9.363730e-01 2.105990e+01
2.500000e+02 8.644615e-01 3.666355e+01
2.505000e+02 9.396458e-01 2.043191e+01
2.510000e+02 9.390185e-01 2.058228e+01
2.515000e+02 9.402083e-01 2.035267e+01
2.520000e+02 9.427515e-01 1.982894e+01
2.525000e+02 9.433331e-01 1.971353e+01
2.530000e+02 9.438482e-01 1.961288e+01
2.535000e+02 9.438500e-01 1.962876e+01
2.540000e+02 9.436659e-01 1.968828e+01
2.545000e+02 9.433563e-01 1.977785e+01
2.550000e+02 9.430772e-01 1.985896e+01
2.555000e+02 9.430832e-01 1.987102e+01
2.560000e+02 9.430165e-01 1.989523e+01
2.565000e+02 9.428077e-01 1.995297e+01
2.570000e+02 9.426172e-01 2.000625e+01
2.575000e+02 9.421188e-01 2.012865e+01
2.580000e+02 9.399415e-01 2.060798e+01
2.585000e+02 9.321991e-01 2.225902e+01
2.590000e+02 9.358054e-01 2.151100e+01
2.595000e+02 9.406788e-01 2.050434e+01
2.600000e+02 9.412468e-01 2.040093e+01
2.605000e+02 9.412937e-01 2.040853e+01
2.610000e+02 9.411038e-01 2.046727e+01
2.615000e+02 9.409105e-01 2.052757e+01
2.620000e+02 9.404487e-01 2.064588e+01
2.625000e+02 9.391572e-01 2.094126e+01
2.630000e+02 9.351875e-01 2.180797e+01
2.635000e+02 9.285482e-01 2.322889e+01
2.640000e+02 9.331206e-01 2.228205e+01
2.645000e+02 9.377530e-01 2.132397e+01
2.650000e+02 9.319882e-01 2.259835e+01
2.655000e+02 9.380679e-01 2.130748e+01
2.660000e+02 9.378166e-01 2.138556e+01
2.665000e+02 9.371696e-01 2.153960e+01
2.670000e+02 9.324189e-01 2.255200e+01
2.675000e+02 9.311745e-01 2.282732e+01
2.680000e+02 9.369573e-01 2.162242e+01
2.685000e+02 9.373249e-01 2.156184e+01
2.690000e+02 9.374637e-01 2.154854e+01
2.695000e+02 9.373532e-01 2.158983e+01
2.700000e+02 9.371608e-01 2.164907e+01
2.705000e+02 9.368004e-01 2.174569e+01
2.710000e+02 9.361643e-01 2.190163e+01
2.715000e+02 9.361833e-01 2.191607e+01
2.720000e+02 9.353567e-01 2.211427e+01
2.725000e+02 9.340018e-01 2.241945e+01
2.730000e+02 8.866908e-01 3.265107e+01
2.735000e+02 9.322514e-01 2.283180e+01
2.740000e+02 9.325841e-01 2.278593e+01
2.745000e+02 8.849490e-01 3.329889e+01
2.750000e+02 9.321185e-01 2.294011e+01
2.755000e+02 9.318362e-01 2.303672e+01
2.760000e+02 9.288695e-01 2.369069e+01
2.765000e+02 9.258509e-01 2.433629e+01
2.770000e+02 9.215250e-01 2.531734e+01
2.775000e+02 9.315132e-01 2.317588e+01
2.780000e+02 9.321865e-01 2.304087e+01
2.785000e+02 9.312231e-01 2.327017e+01
2.790000e+02 9.318064e-01 2.314758e+01
2.795000e+02 9.068891e-01 2.871721e+01
2.800000e+02 9.298862e-01 2.359575e+01
2.805000e+02 9.317322e-01 2.321966e+01
2.810000e+02 9.284653e-01 2.399070e+01
2.815000e+02 9.306699e-01 2.349215e+01
2.820000e+02 9.307073e-01 2.350144e+01
2.825000e+02 9.302415e-01 2.361661e+01
2.830000e+02 9.283319e-01 2.404531e+01
2.835000e+02 9.301179e-01 2.368645e+01
2.840000e+02 9.298794e-01 2.375809e+01
2.845000e+02 9.293659e-01 2.388781e+01
2.850000e+02 9.286391e-01 2.406313e+01
2.855000e+02 9.263854e-01 2.455909e+01
2.860000e+02 8.930892e-01 3.163355e+01
2.865000e+02 9.181550e-01 2.632865e+01
2.870000e+02 9.263226e-01 2.463895e+01
2.875000e+02 9.271204e-01 2.449086e+01
2.880000e+02 9.266193e-01 2.461709e+01
2.885000e+02 9.235438e-01 2.528043e+01
2.890000e+02 8.417074e-01 4.299626e+01
2.895000e+02 9.240555e-01 2.521836e+01
2.900000e+02 9.257065e-01 2.489855e+01
2.905000e+02 9.259306e-01 2.487253e+01
2.910000e+02 9.190168e-01 2.642128e+01
2.915000e+02 9.253920e-01 2.503142e+01
2.920000e+02 9.251624e-01 2.510199e+01
2.925000e+02 9.239474e-01 2.538279e+01
2.930000e+02 9.151617e-01 2.725252e+01
2.935000e+02 9.117169e-01 2.805296e+01
2.940000e+02 9.231831e-01 2.561182e+01
2.945000e+02 9.236422e-01 2.554133e+01
2.950000e+02 9.234811e-01 2.560060e+01
2.955000e+02 9.230496e-01 2.571920e+01
2.960000e+02 9.226314e-01 2.583453e+01
2.965000e+02 9.220867e-01 2.598033e+01
2.970000e+02 9.210646e-01 2.623322e+01
2.975000e+02 9.196391e-01 2.658275e+01
2.980000e+02 9.159811e-01 2.741822e+01
2.985000e+02 8.983713e-01 3.113758e+01
2.990000e+02 9.154423e-01 2.758561e+01
2.995000e+02 9.149837e-01 2.771632e+01
3.000000e+02 9.172477e-01 2.721645e+01
3.005000e+02 9.129264e-01 2.815816e+01
3.010000e+02 9.107230e-01 2.865747e+01
3.015000e+02 8.962263e-01 3.168614e+01
3.020000e+02 8.933242e-01 3.233934e+01
3.025000e+02 9.120878e-01 2.842757e+01
3.030000e+02 9.021528e-01 3.052531e+01
3.035000e+02 9.113714e-01 2.860394e+01
3.040000e+02 9.149722e-01 2.788250e+01
3.045000e+02 9.141700e-01 2.808112e+01
3.050000e+02 9.126074e-01 2.844692e+01
3.055000e+02 9.148840e-01 2.798483e+01
3.060000e+02 9.149424e-01 2.799563e+01
3.065000e+02 9.147365e-01 2.806575e+01
3.070000e+02 9.143082e-01 2.818679e+01
3.075000e+02 9.135306e-01 2.838639e+01
3.080000e+02 9.133023e-01 2.846686e+01
3.085000e+02 9.123109e-01 2.871569e+01
3.090000e+02 9.119137e-01 2.883760e+01
3.095000e+02 9.109525e-01 2.908335e+01
3.100000e+02 9.015581e-01 3.114193e+01
3.105000e+02 9.091234e-01 2.956159e+01
3.110000e+02 9.088900e-01 2.965575e+01
3.115000e+02 9.082490e-01 2.983526e+01
3.120000e+02 9.074309e-01 3.005716e+01
3.125000e+02 9.063217e-01 3.034803e+01
3.130000e+02 9.050915e-01 3.067180e+01
3.135000e+02 9.036729e-01 3.104069e+01
3.140000e+02 9.018173e-01 3.150808e+01
3.145000e+02 9.010472e-01 3.172708e+01
3.150000e+02 8.990380e-01 3.222384e+01
3.155000e+02 8.942406e-01 3.331151e+01
3.160000e+02 8.743876e-01 3.756904e+01
3.165000e+02 8.767166e-01 3.718792e+01
3.170000e+02 8.875152e-01 3.508052e+01
3.175000e+02 8.869021e-01 3.537073e+01
3.180000e+02 8.843289e-01 3.609875e+01
3.185000e+02 8.799031e-01 3.725659e+01
3.190000e+02 8.739056e-01 3.880158e+01
3.195000e+02 8.647276e-01 4.109586e+01
3.200000e+02 7.016470e-01 7.786502e+01
3.205000e+02 8.406078e-01 4.731332e+01
3.210000e+02 8.265530e-01 5.097506e+01
3.215000e+02 8.128402e-01 5.451485e+01
3.220000e+02 7.913221e-01 5.996747e+01
3.225000e+02 7.633750e-01 6.716503e+01
3.230000e+02 7.186634e-01 7.855807e+01
3.235000e+02 6.538149e-01 9.501701e+01
3.240000e+02 5.658859e-01 1.172363e+02
3.245000e+02 4.634944e-01 1.428212e+02
3.250000e+02 3.849490e-01 1.618125e+02
3.255000e+02 4.126092e-01 1.552055e+02
3.260000e+02 5.067706e-01 1.319278e+02
3.265000e+02 5.915575e-01 1.100539e+02
3.270000e+02 6.417598e-01 9.618124e+01
3.275000e+02 7.333246e-01 7.461800e+01
3.280000e+02 7.717545e-01 6.482790e+01
3.285000e+02 8.035491e-01 5.693979e+01
3.290000e+02 8.238351e-01 5.179561e+01
3.295000e+02 8.383657e-01 4.809369e+01
3.300000e+02 8.491367e-01 4.534518e+01
3.305000e+02 8.572394e-01 4.327372e+01
3.310000e+02 8.632925e-01 4.171792e+01
3.315000e+02 8.677348e-01 4.056253e+01
3.320000e+02 8.700823e-01 3.989072e+01
3.325000e+02 8.600055e-01 4.182171e+01
3.330000e+02 8.582292e-01 4.210090e+01
3.335000e+02 8.774596e-01 3.801074e+01
3.340000e+02 8.802650e-01 3.736388e+01
3.345000e+02 8.819332e-01 3.696440e+01
3.350000e+02 8.816530e-01 3.698400e+01
3.355000e+02 8.819691e-01 3.688746e+01
3.360000e+02 8.844814e-01 3.633651e+01
3.365000e+02 8.855504e-01 3.608762e+01
3.370000e+02 8.861664e-01 3.593967e+01
3.375000e+02 8.864333e-01 3.587263e+01
3.380000e+02 8.869110e-01 3.576550e+01
3.385000e+02 8.870022e-01 3.574575e+01
3.390000e+02 8.871276e-01 3.572284e+01
3.395000e+02 8.871846e-01 3.571787e+01
3.400000e+02 8.871119e-01 3.574318e+01
3.405000e+02 8.869758e-01 3.578471e+01
3.410000e+02 8.867904e-01 3.583914e+01
3.415000e+02 8.865404e-01 3.590903e+01
3.420000e+02 8.860519e-01 3.603167e+01
3.425000e+02 8.853672e-01 3.619769e+01
3.430000e+02 8.815846e-01 3.700781e+01
3.435000e+02 8.679687e-01 4.009166e+01
3.440000e+02 8.836966e-01 3.663025e+01
3.445000e+02 8.829225e-01 3.683168e+01
3.450000e+02 8.771100e-01 3.807995e+01
3.455000e+02 8.810666e-01 3.728404e+01
3.460000e+02 8.810554e-01 3.730643e+01
3.465000e+02 8.817606e-01 3.718827e+01
3.470000e+02 8.815372e-01 3.726320e+01
3.475000e+02 8.810906e-01 3.738918e+01
3.480000e+02 8.803993e-01 3.757080e+01
3.485000e+02 8.797360e-01 3.774847e+01
3.490000e+02 8.786033e-01 3.803425e+01
3.495000e+02 8.773850e-01 3.833104e+01
3.500000e+02 8.762466e-01 3.862149e+01
3.505000e+02 8.745542e-01 3.903765e+01
3.510000e+02 8.710959e-01 3.983126e+01
3.515000e+02 8.618465e-01 4.178572e+01
3.520000e+02 8.577878e-01 4.268556e+01
3.525000e+02 8.389992e-01 4.663680e+01
3.530000e+02 8.591482e-01 4.247854e+01
3.535000e+02 8.681241e-01 4.065907e+01
3.540000e+02 8.685469e-01 4.061667e+01
3.545000e+02 8.666869e-01 4.105385e+01
3.550000e+02 8.036430e-01 5.480894e+01
3.555000e+02 8.641665e-01 4.170070e+01
3.560000e+02 8.634887e-01 4.191340e+01
3.565000e+02 8.618442e-01 4.233099e+01
3.570000e+02 8.601876e-01 4.274365e+01
3.575000e+02 8.413094e-01 4.674786e+01
3.580000e+02 8.468742e-01 4.566121e+01
3.585000e+02 8.424456e-01 4.665301e+01
3.590000e+02 8.151718e-01 5.239936e+01
3.595000e+02 8.369391e-01 4.801404e+01
3.600000e+02 8.460311e-01 4.623670e+01
3.605000e+02 8.472234e-01 4.610616e+01
3.610000e+02 8.448790e-01 4.671694e+01
3.615000e+02 8.387815e-01 4.811522e+01
3.620000e+02 8.376597e-01 4.849809e+01
3.625000e+02 8.343989e-01 4.934398e+01
3.630000e+02 8.287312e-01 5.070543e+01
3.635000e+02 7.833254e-01 6.061908e+01
3.640000e+02 8.112035e-01 5.477336e+01
3.645000e+02 6.903142e-01 8.052452e+01
3.650000e+02 7.966000e-01 5.844321e+01
3.655000e+02 7.863897e-01 6.101655e+01
3.660000e+02 7.672345e-01 6.558804e+01
3.665000e+02 7.328282e-01 7.358031e+01
3.670000e+02 6.785102e-01 8.623420e+01
3.675000e+02 5.810476e-01 1.089009e+02
3.680000e+02 3.620201e-01 1.583179e+02
3.685000e+02 2.411611e-03 2.349853e+02
3.690000e+02 3.538607e-01 1.605507e+02
3.695000e+02 5.602765e-01 1.144578e+02
3.700000e+02 6.460193e-01 9.503665e+01
3.705000e+02 6.803333e-01 8.735169e+01
3.710000e+02 6.226437e-01 9.978524e+01
3.715000e+02 6.916185e-01 8.536907e+01
3.720000e+02 6.849551e-01 8.734938e+01
3.725000e+02 6.714595e-01 9.094836e+01
3.730000e+02 6.513145e-01 9.614929e+01
3.735000e+02 6.283029e-01 1.021393e+02
3.740000e+02 5.983293e-01 1.098444e+02
3.745000e+02 5.611415e-01 1.193505e+02
3.750000e+02 5.078165e-01 1.325398e+02
3.755000e+02 4.617885e-01 1.447049e+02
3.760000e+02 3.992114e-01 1.608190e+02
3.765000e+02 3.290500e-01 1.789969e+02
3.770000e+02 2.506579e-01 1.994381e+02
3.775000e+02 1.700639e-01 2.207158e+02
3.780000e+02 9.383086e-02 2.410385e+02
3.785000e+02 3.782098e-02 2.564717e+02
3.790000e+02 9.809046e-03 2.647949e+02
3.795000e+02 1.478668e-03 2.677320e+02
3.800000e+02 2.294847e-04 2.683940e+02
3.805000e+02 3.707206e-04 2.682854e+02
3.810000e+02 2.849205e-03 2.671479e+02
3.815000e+02 1.611449e-02 2.628143e+02
3.820000e+02 5.283425e-02 2.522863e+02
3.825000e+02 1.150524e-01 2.353798e+02
3.830000e+02 1.922521e-01 2.149286e+02
3.835000e+02 2.722703e-01 1.940217e+02
3.840000e+02 3.472714e-01 1.745891e+02
3.845000e+02 4.135861e-01 1.574921e+02
3.850000e+02 4.706047e-01 1.428456e+02
3.855000e+02 5.187780e-01 1.304942e+02
3.860000e+02 5.595356e-01 1.200604e+02
3.865000e+02 5.936696e-01 1.113097e+02
3.870000e+02 6.137782e-01 1.057167e+02
3.875000e+02 6.412883e-01 9.883791e+01
3.880000e+02 6.683545e-01 9.226432e+01
3.885000e+02 6.864664e-01 8.769383e+01
3.890000e+02 7.005677e-01 8.410458e+01
3.895000e+02 7.117844e-01 8.124958e+01
3.900000e+02 7.201029e-01 7.910087e+01
3.905000e+02 7.276340e-01 7.712894e+01
3.910000e+02 7.381496e-01 7.448492e+01
3.915000e+02 7.481572e-01 7.193617e+01
3.920000e+02 7.566538e-01 6.973831e+01
3.925000e+02 7.456503e-01 7.161995e+01
3.930000e+02 7.669423e-01 6.692655e+01
3.935000e+02 7.772520e-01 6.455269e+01
3.940000e+02 7.826233e-01 6.322133e+01
3.945000e+02 7.867789e-01 6.216896e+01
3.950000e+02 7.833242e-01 6.273972e+01
3.955000e+02 7.930665e-01 6.055554e+01
3.960000e+02 7.951834e-01 5.998959e+01
3.965000e+02 7.483314e-01 6.990915e+01
3.970000e+02 7.744409e-01 6.426529e+01
3.975000e+02 8.016415e-01 5.836136e+01
3.980000e+02 8.036740e-01 5.786913e+01
3.985000e+02 8.048797e-01 5.755885e+01
3.990000e+02 8.052405e-01 5.743595e+01
3.995000e+02 8.035927e-01 5.774503e+01
4.000000e+02 7.713193e-01 6.446504e+01
4.005000e+02 7.987852e-01 5.873221e+01
4.010000e+02 7.829948e-01 6.205988e+01
4.015000e+02 7.673071e-01 6.533962e+01
4.020000e+02 7.589388e-01 6.701405e+01
4.025000e+02 7.277229e-01 7.343743e+01
4.030000e+02 7.997486e-01 5.845568e+01
4.035000e+02 8.048681e-01 5.733792e+01
4.040000e+02 8.046034e-01 5.735346e+01
4.045000e+02 8.097135e-01 5.628461e+01
4.050000e+02 8.107015e-01 5.607517e+01
4.055000e+02 8.108699e-01 5.604294e+01
4.060000e+02 8.106770e-01 5.609272e+01
4.065000e+02 8.103011e-01 5.618549e+01
4.070000e+02 8.094386e-01 5.638461e+01
4.075000e+02 8.077303e-01 5.676064e+01
4.080000e+02 7.986297e-01 5.864567e+01
4.085000e+02 7.901387e-01 6.042371e+01
4.090000e+02 8.039647e-01 5.764529e+01
4.095000e+02 8.048060e-01 5.751133e+01
4.100000e+02 8.038477e-01 5.775795e+01
4.105000e+02 8.021767e-01 5.816153e+01
4.110000e+02 8.005067e-01 5.856684e+01
4.115000e+02 7.976416e-01 5.923408e+01
4.120000e+02 7.926464e-01 6.034972e+01
4.125000e+02 7.887441e-01 6.123006e+01
4.130000e+02 7.421629e-01 7.140668e+01
4.135000e+02 7.841142e-01 6.235619e+01
4.140000e+02 7.647974e-01 6.638483e+01
4.145000e+02 7.604515e-01 6.739204e+01
4.150000e+02 7.744243e-01 6.469962e+01
4.155000e+02 7.717701e-01 6.540271e+01
4.160000e+02 7.669323e-01 6.657340e+01
4.165000e+02 7.604397e-01 6.811474e+01
4.170000e+02 7.530416e-01 6.987016e+01
4.175000e+02 7.440557e-01 7.199673e+01
4.180000e+02 7.328452e-01 7.463622e+01
4.185000e+02 7.197341e-01 7.773009e+01
4.190000e+02 7.031736e-01 8.162645e+01
4.195000e+02 6.824700e-01 8.649802e+01
4.200000e+02 6.559477e-01 9.273421e+01
4.205000e+02 6.215673e-01 1.008061e+02
4.210000e+02 5.769443e-01 1.113141e+02
4.215000e+02 5.189106e-01 1.250931e+02
4.220000e+02 4.388223e-01 1.441826e+02
4.225000e+02 3.317703e-01 1.700199e+02
4.230000e+02 1.984933e-01 2.030403e+02
4.235000e+02 6.575925e-02 2.380745e+02
4.240000e+02 4.287076e-03 2.588592e+02
4.245000e+02 2.115769e-07 2.640663e+02
4.250000e+02 6.654470e-08 2.641696e+02
4.255000e+02 3.321025e-03 2.594583e+02
4.260000e+02 6.019830e-02 2.398732e+02
4.265000e+02 1.854361e-01 2.064968e+02
4.270000e+02 3.041678e-01 1.766141e+02
4.275000e+02 4.174030e-01 1.495770e+02
4.280000e+02 4.937521e-01 1.313810e+02
4.285000e+02 5.493512e-01 1.182151e+02
4.290000e+02 5.863077e-01 1.094220e+02
4.295000e+02 6.164058e-01 1.024377e+02
4.300000e+02 6.432563e-01 9.631221e+01
4.305000e+02 6.504893e-01 9.441093e+01
4.310000e+02 6.756979e-01 8.899636e+01
4.315000e+02 6.866493e-01 8.658660e+01
4.320000e+02 6.930368e-01 8.520420e+01
4.325000e+02 6.969619e-01 8.440550e+01
4.330000e+02 6.980960e-01 8.426491e+01
4.335000e+02 6.981641e-01 8.439417e+01
4.340000e+02 6.961071e-01 8.504819e+01
4.345000e+02 6.914441e-01 8.633171e+01
4.350000e+02 6.846115e-01 8.817710e+01
4.355000e+02 6.736358e-01 9.103832e+01
4.360000e+02 6.582678e-01 9.503052e+01
4.365000e+02 6.348642e-01 1.010358e+02
4.370000e+02 5.983867e-01 1.102136e+02
4.375000e+02 3.578238e-01 1.639463e+02
4.380000e+02 5.048476e-01 1.341754e+02
4.385000e+02 4.085519e-01 1.578576e+02
4.390000e+02 3.532628e-01 1.724127e+02
4.395000e+02 3.633047e-01 1.701372e+02
4.400000e+02 4.301380e-01 1.534963e+02
4.405000e+02 4.793322e-01 1.409696e+02
4.410000e+02 4.936225e-01 1.369302e+02
4.415000e+02 4.708720e-01 1.416384e+02
4.420000e+02 4.613698e-01 1.446778e+02
4.425000e+02 4.410576e-01 1.507250e+02
4.430000e+02 3.989146e-01 1.615839e+02
4.435000e+02 3.686564e-01 1.695246e+02
4.440000e+02 3.309176e-01 1.793051e+02
4.445000e+02 2.753307e-01 1.936767e+02
4.450000e+02 2.043316e-01 2.120621e+02
4.455000e+02 1.213273e-01 2.333953e+02
4.460000e+02 6.526345e-02 2.490654e+02
4.465000e+02 2.181260e-02 2.613095e+02
4.470000e+02 3.909322e-03 2.669105e+02
4.475000e+02 3.821065e-04 2.684195e+02
4.480000e+02 4.477782e-05 2.686684e+02
4.485000e+02 5.046434e-04 2.683199e+02
4.490000e+02 4.787647e-03 2.665263e+02
4.495000e+02 2.590511e-02 2.600812e+02
4.500000e+02 7.317150e-02 2.469202e+02
4.505000e+02 1.414955e-01 2.286523e+02
4.510000e+02 2.167028e-01 2.089032e+02
4.515000e+02 2.879722e-01 1.903361e+02
4.520000e+02 3.466622e-01 1.748455e+02
4.525000e+02 4.063533e-01 1.597517e+02
4.530000e+02 4.559767e-01 1.471697e+02
4.535000e+02 4.963359e-01 1.368938e+02
4.540000e+02 5.294413e-01 1.284514e+02
4.545000e+02 5.552913e-01 1.217779e+02
4.550000e+02 5.798557e-01 1.156057e+02
4.555000e+02 5.998406e-01 1.105609e+02
4.560000e+02 6.159976e-01 1.064508e+02
4.565000e+02 6.287066e-01 1.031701e+02
4.570000e+02 6.356210e-01 1.011623e+02
4.575000e+02 5.910865e-01 1.098590e+02
4.580000e+02 6.565288e-01 9.599944e+01
4.585000e+02 6.659675e-01 9.372790e+01
4.590000e+02 6.729502e-01 9.200546e+01
4.595000e+02 6.773271e-01 9.087057e+01
4.600000e+02 6.821168e-01 8.968016e+01
4.605000e+02 6.848387e-01 8.895880e+01
4.610000e+02 6.837352e-01 8.903636e+01
4.615000e+02 6.886122e-01 8.794214e+01
4.620000e+02 6.869249e-01 8.819326e+01
4.625000e+02 6.701762e-01 9.156375e+01
4.630000e+02 6.668366e-01 9.221103e+01
4.635000e+02 6.735100e-01 9.089401e+01
4.640000e+02 6.738075e-01 9.087899e+01
4.645000e+02 6.879786e-01 8.801010e+01
4.650000e+02 6.889792e-01 8.783961e+01
4.655000e+02 6.887511e-01 8.792421e+01
4.660000e+02 6.855041e-01 8.866235e+01
4.665000e+02 6.569117e-01 9.459072e+01
4.670000e+02 6.736637e-01 9.136159e+01
4.675000e+02 6.681378e-01 9.275115e+01
4.680000e+02 4.705212e-01 1.343869e+02
4.685000e+02 6.187325e-01 1.037640e+02
4.690000e+02 6.160585e-01 1.050814e+02
4.695000e+02 5.165508e-01 1.273051e+02
4.700000e+02 5.102779e-01 1.298389e+02
4.705000e+02 5.318148e-01 1.272970e+02
4.710000e+02 3.501227e-01 1.672920e+02
4.715000e+02 5.203967e-01 1.305213e+02
4.720000e+02 5.330813e-01 1.274911e+02
4.725000e+02 5.164269e-01 1.315049e+02
4.730000e+02 4.442472e-01 1.482383e+02
4.735000e+02 4.125385e-01 1.581213e+02
4.740000e+02 3.205555e-01 1.813426e+02
4.745000e+02 2.415678e-01 2.007882e+02
4.750000e+02 2.580641e-01 1.967524e+02
4.755000e+02 3.478669e-01 1.743460e+02
4.760000e+02 3.195789e-01 1.764908e+02
4.765000e+02 5.034823e-01 1.347660e+02
4.770000e+02 5.457189e-01 1.238451e+02
4.775000e+02 5.775206e-01 1.158554e+02
4.780000e+02 6.022090e-01 1.098069e+02
4.785000e+02 6.161629e-01 1.062724e+02
4.790000e+02 6.237532e-01 1.042796e+02
4.795000e+02 6.194907e-01 1.049132e+02
4.800000e+02 6.010337e-01 1.086683e+02
4.805000e+02 6.055290e-01 1.074649e+02
4.810000e+02 5.957660e-01 1.094631e+02
4.815000e+02 5.533839e-01 1.182170e+02
4.820000e+02 6.035553e-01 1.082276e+02
4.825000e+02 6.038336e-01 1.084864e+02
4.830000e+02 5.926121e-01 1.111702e+02
4.835000e+02 5.725726e-01 1.158325e+02
4.840000e+02 5.480615e-01 1.216317e+02
4.845000e+02 5.083903e-01 1.309258e+02
4.850000e+02 4.498764e-01 1.446989e+02
4.855000e+02 3.591812e-01 1.661443e+02
4.860000e+02 2.234596e-01 1.986912e+02
4.865000e+02 6.568031e-02 2.383420e+02
4.870000e+02 6.895682e-04 2.587590e+02
4.875000e+02 6.551697e-04 2.589984e+02
4.880000e+02 5.817655e-02 2.412213e+02
4.885000e+02 1.853467e-01 2.094026e+02
4.890000e+02 3.008735e-01 1.816453e+02
4.895000e+02 3.755151e-01 1.633513e+02
4.900000e+02 4.529541e-01 1.452602e+02
4.905000e+02 4.957776e-01 1.350299e+02
4.910000e+02 5.271749e-01 1.275757e+02
4.915000e+02 5.503654e-01 1.220751e+02
4.920000e+02 5.569931e-01 1.202331e+02
4.925000e+02 5.784258e-01 1.154487e+02
4.930000e+02 5.865348e-01 1.135629e+02
4.935000e+02 5.917944e-01 1.123507e+02
4.940000e+02 5.953000e-01 1.115635e+02
4.945000e+02 5.971346e-01 1.111669e+02
4.950000e+02 5.977857e-01 1.110486e+02
4.955000e+02 5.966812e-01 1.113150e+02
4.960000e+02 5.807464e-01 1.146926e+02
4.965000e+02 5.827753e-01 1.142648e+02
4.970000e+02 5.691283e-01 1.171988e+02
4.975000e+02 5.895977e-01 1.131296e+02
4.980000e+02 5.683376e-01 1.177442e+02
4.985000e+02 5.803527e-01 1.152752e+02
4.990000e+02 5.792938e-01 1.156363e+02
4.995000e+02 5.830784e-01 1.150485e+02
5.000000e+02 5.794807e-01 1.159685e+02
5.005000e+02 5.642315e-01 1.193007e+02
5.010000e+02 5.723001e-01 1.178333e+02
5.015000e+02 5.660843e-01 1.193523e+02
5.020000e+02 5.567686e-01 1.215041e+02
5.025000e+02 5.486074e-01 1.234620e+02
5.030000e+02 5.483208e-01 1.239184e+02
5.035000e+02 5.413866e-01 1.257431e+02
5.040000e+02 5.390955e-01 1.263934e+02
5.045000e+02 5.379829e-01 1.266858e+02
5.050000e+02 5.358454e-01 1.271821e+02
5.055000e+02 5.322271e-01 1.280377e+02
5.060000e+02 5.304972e-01 1.285915e+02
5.065000e+02 5.246152e-01 1.300523e+02
5.070000e+02 5.175365e-01 1.317984e+02
5.075000e+02 4.988077e-01 1.359432e+02
5.080000e+02 4.747285e-01 1.412930e+02
5.085000e+02 4.848142e-01 1.397188e+02
5.090000e+02 4.706075e-01 1.431068e+02
5.095000e+02 4.731761e-01 1.428180e+02
5.100000e+02 4.764773e-01 1.422438e+02
5.105000e+02 4.774485e-01 1.420965e+02
5.110000e+02 4.763706e-01 1.424143e+02
5.115000e+02 4.736625e-01 1.431254e+02
5.120000e+02 4.683231e-01 1.444294e+02
5.125000e+02 4.650798e-01 1.453285e+02
5.130000e+02 4.597612e-01 1.466850e+02
5.135000e+02 4.540730e-01 1.481378e+02
5.140000e+02 4.480895e-01 1.496648e+02
5.145000e+02 4.412727e-01 1.513752e+02
5.150000e+02 3.988053e-01 1.607940e+02
5.155000e+02 4.279695e-01 1.547697e+02
5.160000e+02 4.212699e-01 1.564942e+02
5.165000e+02 4.136413e-01 1.584151e+02
5.170000e+02 4.033268e-01 1.608809e+02
5.175000e+02 3.579373e-01 1.705683e+02
5.180000e+02 3.898483e-01 1.644163e+02
5.185000e+02 3.830139e-01 1.662244e+02
5.190000e+02 3.753053e-01 1.682111e+02
5.195000e+02 3.652634e-01 1.706822e+02
5.200000e+02 3.291939e-01 1.784090e+02
5.205000e+02 3.442989e-01 1.758133e+02
5.210000e+02 3.409899e-01 1.769522e+02
5.215000e+02 3.321886e-01 1.791961e+02
5.220000e+02 2.816746e-01 1.900784e+02
5.225000e+02 3.130654e-01 1.840295e+02
5.230000e+02 2.985704e-01 1.874448e+02
5.235000e+02 2.706266e-01 1.936670e+02
5.240000e+02 2.866157e-01 1.909146e+02
5.245000e+02 2.783617e-01 1.931186e+02
5.250000e+02 2.693769e-01 1.954761e+02
5.255000e+02 2.597590e-01 1.979725e+02
5.260000e+02 2.496789e-01 2.005754e+02
5.265000e+02 2.386468e-01 2.033883e+02
5.270000e+02 2.273082e-01 2.062642e+02
5.275000e+02 2.143318e-01 2.094545e+02
5.280000e+02 2.082376e-01 2.112847e+02
5.285000e+02 1.990693e-01 2.137177e+02
5.290000e+02 1.891277e-01 2.163188e+02
5.295000e+02 1.781104e-01 2.191450e+02
5.300000e+02 1.688127e-01 2.216321e+02
5.305000e+02 1.568300e-01 2.247074e+02
5.310000e+02 1.479102e-01 2.270902e+02
5.315000e+02 1.386963e-01 2.295724e+02
5.320000e+02 1.293789e-01 2.320686e+02
5.325000e+02 1.196579e-01 2.346511e+02
5.330000e+02 1.100564e-01 2.372074e+02
5.335000e+02 1.006376e-01 2.397216e+02
5.340000e+02 9.091004e-02 2.422905e+02
5.345000e+02 8.191653e-02 2.447046e+02
5.350000e+02 7.424288e-02 2.468443e+02
5.355000e+02 6.605376e-02 2.490743e+02
5.360000e+02 5.659054e-02 2.515525e+02
5.365000e+02 5.108704e-02 2.532066e+02
5.370000e+02 4.425664e-02 2.551144e+02
5.375000e+02 3.789347e-02 2.569050e+02
5.380000e+02 3.207195e-02 2.585619e+02
5.385000e+02 2.675090e-02 2.600936e+02
5.390000e+02 2.183879e-02 2.615170e+02
5.395000e+02 1.707657e-02 2.628831e+02
5.400000e+02 1.399506e-02 2.638807e+02
5.405000e+02 1.078787e-02 2.648737e+02
5.410000e+02 8.230733e-03 2.657055e+02
5.415000e+02 6.056479e-03 2.664301e+02
5.420000e+02 4.309180e-03 2.670395e+02
5.425000e+02 2.943685e-03 2.675438e+02
5.430000e+02 1.940539e-03 2.679486e+02
5.435000e+02 1.211303e-03 2.682738e+02
5.440000e+02 7.129119e-04 2.685307e+02
5.445000e+02 3.868355e-04 2.687339e+02
5.450000e+02 1.888557e-04 2.688951e+02
5.455000e+02 8.897407e-05 2.690232e+02
5.460000e+02 3.529762e-05 2.691310e+02
5.465000e+02 1.178892e-05 2.692235e+02
5.470000e+02 3.213055e-06 2.693042e+02
5.475000e+02 7.272242e-07 2.693743e+02
5.480000e+02 1.742482e-07 2.694346e+02
5.485000e+02 4.041896e-08 2.694883e+02
5.490000e+02 6.679989e-09 2.695392e+02
5.495000e+02 7.327903e-10 2.695886e+02
5.500000e+02 4.540956e-11 2.696365e+02
5.505000e+02 1.413311e-12 2.696821e+02
5.510000e+02 1.219329e-14 2.697250e+02
5.515000e+02 7.462556e-17 2.697648e+02
5.520000e+02 7.152606e-20 2.698012e+02
5.525000e+02 8.402340e-24 2.698342e+02
5.530000e+02 5.579788e-29 2.698638e+02
5.535000e+02 4.842869e-36 2.698901e+02
5.540000e+02 7.058500e-46 2.699129e+02
5.545000e+02 6.595859e-60 2.699322e+02
5.550000e+02 2.578247e-80 2.699481e+02
5.555000e+02 3.537014e-110 2.699605e+02
5.560000e+02 1.576389e-152 2.699695e+02
5.565000e+02 3.267656e-205 2.699750e+02
5.570000e+02 8.398389e-243 2.699770e+02
5.575000e+02 1.275523e-206 2.699756e+02
5.580000e+02 1.997363e-156 2.699708e+02
5.585000e+02 3.294635e-114 2.699626e+02
5.590000e+02 1.028846e-83 2.699511e+02
5.595000e+02 1.265657e-62 2.699362e+02
5.600000e+02 4.925827e-48 2.699180e+02
5.605000e+02 9.298416e-38 2.698965e+02
5.610000e+02 2.297760e-30 2.698717e+02
5.615000e+02 6.470812e-25 2.698437e+02
5.620000e+02 8.316681e-21 2.698126e+02
5.625000e+02 1.208335e-17 2.697783e+02
5.630000e+02 3.636166e-15 2.697409e+02
5.635000e+02 3.413953e-13 2.697004e+02
5.640000e+02 1.358019e-11 2.696568e+02
5.645000e+02 2.759812e-10 2.696102e+02
5.650000e+02 3.343937e-09 2.695607e+02
5.655000e+02 2.677938e-08 2.695080e+02
5.660000e+02 1.525057e-07 2.694522e+02
5.665000e+02 6.544866e-07 2.693929e+02
5.670000e+02 2.421639e-06 2.693296e+02
5.675000e+02 7.929027e-06 2.692610e+02
5.680000e+02 2.133910e-05 2.691857e+02
5.685000e+02 5.049230e-05 2.691011e+02
5.690000e+02 1.074414e-04 2.690034e+02
5.695000e+02 2.090180e-04 2.688877e+02
5.700000e+02 3.514160e-04 2.687531e+02
5.705000e+02 6.354901e-04 2.685774e+02
5.710000e+02 2.882503e-04 2.685248e+02
5.715000e+02 1.589934e-03 2.681035e+02
5.720000e+02 2.363654e-03 2.677810e+02
5.725000e+02 3.354549e-03 2.673956e+02
5.730000e+02 4.518440e-03 2.669553e+02
5.735000e+02 6.030691e-03 2.664239e+02
5.740000e+02 8.090193e-03 2.657607e+02
5.745000e+02 9.972478e-03 2.651141e+02
5.750000e+02 1.297795e-02 2.642160e+02
5.755000e+02 1.595365e-02 2.633059e+02
5.760000e+02 1.916512e-02 2.623284e+02
5.765000e+02 1.778634e-02 2.623014e+02
5.770000e+02 2.683475e-02 2.600691e+02
5.775000e+02 3.076442e-02 2.588918e+02
5.780000e+02 3.612875e-02 2.574132e+02
5.785000e+02 4.160669e-02 2.558921e+02
5.790000e+02 4.723072e-02 2.543287e+02
5.795000e+02 5.311664e-02 2.527026e+02
5.800000e+02 5.912156e-02 2.510452e+02
5.805000e+02 6.552324e-02 2.492979e+02
5.810000e+02 7.193269e-02 2.475452e+02
5.815000e+02 7.823241e-02 2.458093e+02
5.820000e+02 8.003854e-02 2.449669e+02
5.825000e+02 9.044487e-02 2.423999e+02
5.830000e+02 9.913197e-02 2.401773e+02
5.835000e+02 9.325058e-02 2.409797e+02
5.840000e+02 1.144618e-01 2.361311e+02
5.845000e+02 1.224069e-01 2.340533e+02
5.850000e+02 1.300962e-01 2.320297e+02
5.855000e+02 1.377515e-01 2.300161e+02
5.860000e+02 1.453584e-01 2.280165e+02
5.865000e+02 1.530228e-01 2.260088e+02
5.870000e+02 1.605434e-01 2.240367e+02
5.875000e+02 1.682565e-01 2.220283e+02
5.880000e+02 1.758384e-01 2.200532e+02
5.885000e+02 1.833015e-01 2.181085e+02
5.890000e+02 1.901874e-01 2.162872e+02
5.895000e+02 1.979436e-01 2.142972e+02
5.900000e+02 2.048190e-01 2.124900e+02
5.905000e+02 2.105001e-01 2.109308e+02
5.910000e+02 2.008995e-01 2.127044e+02
5.915000e+02 2.250159e-01 2.072038e+02
5.920000e+02 2.328413e-01 2.052419e+02
5.925000e+02 2.326220e-01 2.049021e+02
5.930000e+02 2.454684e-01 2.019440e+02
5.935000e+02 2.531129e-01 2.000467e+02
5.940000e+02 2.594394e-01 1.984204e+02
5.945000e+02 2.643031e-01 1.970984e+02
5.950000e+02 2.435641e-01 2.009799e+02
5.955000e+02 2.748351e-01 1.943260e+02
5.960000e+02 2.828375e-01 1.924230e+02
5.965000e+02 2.884568e-01 1.910132e+02
5.970000e+02 2.932298e-01 1.898011e+02
5.975000e+02 2.971400e-01 1.888006e+02
5.980000e+02 2.999847e-01 1.880670e+02
5.985000e+02 3.013311e-01 1.877050e+02
5.990000e+02 3.006050e-01 1.878336e+02
5.995000e+02 2.981039e-01 1.883288e+02
6.000000e+02 2.801131e-01 1.919339e+02
6.005000e+02 3.090505e-01 1.855702e+02
6.010000e+02 3.199710e-01 1.828673e+02
6.015000e+02 3.298720e-01 1.803936e+02
6.020000e+02 3.368176e-01 1.785970e+02
6.025000e+02 3.379592e-01 1.780068e+02
6.030000e+02 3.466733e-01 1.759510e+02
6.035000e+02 3.557915e-01 1.738202e+02
6.040000e+02 3.618899e-01 1.723138e+02
6.045000e+02 3.672101e-01 1.709945e+02
6.050000e+02 3.717275e-01 1.698608e+02
6.055000e+02 3.756238e-01 1.688728e+02
6.060000e+02 3.791957e-01 1.679672e+02
6.065000e+02 3.827410e-01 1.670795e+02
6.070000e+02 3.856582e-01 1.663346e+02
6.075000e+02 3.880038e-01 1.657188e+02
6.080000e+02 3.888713e-01 1.654166e+02
6.085000e+02 3.925850e-01 1.645617e+02
6.090000e+02 3.934619e-01 1.642918e+02
6.095000e+02 3.872857e-01 1.654429e+02
6.100000e+02 3.803443e-01 1.667663e+02
6.105000e+02 3.563817e-01 1.715317e+02
6.110000e+02 3.853629e-01 1.657219e+02
6.115000e+02 3.837623e-01 1.660682e+02
6.120000e+02 3.951816e-01 1.638761e+02
6.125000e+02 3.947059e-01 1.640858e+02
6.130000e+02 3.923225e-01 1.647331e+02
6.135000e+02 3.884729e-01 1.657388e+02
6.140000e+02 3.825655e-01 1.672430e+02
6.145000e+02 3.728326e-01 1.696155e+02
6.150000e+02 3.616012e-01 1.724271e+02
6.155000e+02 3.512354e-01 1.752419e+02
6.160000e+02 3.333852e-01 1.797735e+02
6.165000e+02 3.105466e-01 1.855969e+02
6.170000e+02 2.823616e-01 1.928700e+02
6.175000e+02 2.445664e-01 2.025424e+02
6.180000e+02 1.993234e-01 2.142682e+02
6.185000e+02 1.447214e-01 2.284397e+02
6.190000e+02 8.729967e-02 2.435215e+02
6.195000e+02 3.920865e-02 2.564641e+02
6.200000e+02 1.207158e-02 2.641469e+02
6.205000e+02 3.391554e-03 2.668231e+02
6.210000e+02 4.077494e-03 2.665846e+02
6.215000e+02 1.580264e-02 2.630414e+02
6.220000e+02 4.794212e-02 2.540671e+02
6.225000e+02 1.002317e-01 2.400916e+02
6.230000e+02 1.598965e-01 2.244632e+02
6.235000e+02 2.104688e-01 2.110092e+02
6.240000e+02 2.623600e-01 1.978518e+02
6.245000e+02 3.057012e-01 1.869406e+02
6.250000e+02 3.380116e-01 1.786759e+02
6.255000e+02 3.606214e-01 1.727115e+02
6.260000e+02 3.862431e-01 1.664256e+02
6.265000e+02 4.032188e-01 1.620982e+02
6.270000e+02 4.153356e-01 1.589316e+02
6.275000e+02 4.187784e-01 1.576155e+02
6.280000e+02 4.280360e-01 1.552127e+02
6.285000e+02 4.470577e-01 1.508786e+02
6.290000e+02 4.580875e-01 1.481969e+02
6.295000e+02 4.664709e-01 1.461207e+02
6.300000e+02 4.730713e-01 1.444608e+02
6.305000e+02 4.790289e-01 1.429685e+02
6.310000e+02 4.839972e-01 1.417122e+02
6.315000e+02 4.875958e-01 1.407577e+02
6.320000e+02 4.792623e-01 1.422023e+02
6.325000e+02 4.913171e-01 1.396019e+02
6.330000e+02 4.979500e-01 1.381099e+02
6.335000e+02 4.985144e-01 1.378371e+02
6.340000e+02 5.008964e-01 1.372072e+02
6.345000e+02 3.916335e-01 1.595358e+02
6.350000e+02 5.079332e-01 1.355357e+02
6.355000e+02 5.129634e-01 1.344166e+02
6.360000e+02 5.157446e-01 1.337494e+02
6.365000e+02 5.180165e-01 1.331918e+02
6.370000e+02 5.198460e-01 1.327314e+02
6.375000e+02 5.213838e-01 1.323331e+02
6.380000e+02 5.220269e-01 1.321194e+02
6.385000e+02 5.158398e-01 1.332777e+02
6.390000e+02 4.699240e-01 1.424284e+02
6.395000e+02 5.229412e-01 1.317123e+02
6.400000e+02 5.141183e-01 1.334431e+02
6.405000e+02 5.275013e-01 1.306733e+02
6.410000e+02 5.303024e-01 1.300553e+02
6.415000e+02 5.181585e-01 1.325128e+02
6.420000e+02 5.241183e-01 1.311648e+02
6.425000e+02 5.011284e-01 1.357126e+02
6.430000e+02 5.312632e-01 1.296711e+02
6.435000e+02 5.323026e-01 1.294318e+02
6.440000e+02 5.342498e-01 1.289993e+02
6.445000e+02 5.246911e-01 1.308502e+02
6.450000e+02 5.135570e-01 1.330524e+02
6.455000e+02 5.296141e-01 1.299028e+02
6.460000e+02 5.317312e-01 1.295275e+02
6.465000e+02 5.356614e-01 1.286539e+02
6.470000e+02 5.377216e-01 1.281413e+02
6.475000e+02 5.285569e-01 1.299095e+02
6.480000e+02 5.075112e-01 1.340543e+02
6.485000e+02 5.396938e-01 1.276336e+02
6.490000e+02 5.423259e-01 1.270927e+02
6.495000e+02 5.428951e-01 1.269665e+02
6.500000e+02 5.418935e-01 1.271638e+02
6.505000e+02 5.370175e-01 1.281396e+02
6.510000e+02 5.304614e-01 1.294350e+02
6.515000e+02 2.999808e-01 1.767363e+02
6.520000e+02 5.285695e-01 1.298933e+02
6.525000e+02 5.294061e-01 1.298047e+02
6.530000e+02 5.232547e-01 1.310500e+02
6.535000e+02 5.106158e-01 1.335899e+02
6.540000e+02 5.033068e-01 1.350543e+02
6.545000e+02 4.817224e-01 1.393873e+02
6.550000e+02 1.900130e-01 1.998019e+02
6.555000e+02 3.921786e-01 1.573907e+02
6.560000e+02 1.616390e-01 2.055140e+02
6.565000e+02 3.130971e-01 1.743398e+02
6.570000e+02 4.898664e-01 1.391845e+02
6.575000e+02 4.416148e-01 1.499092e+02
6.580000e+02 4.001081e-01 1.584861e+02
6.585000e+02 4.923286e-01 1.394472e+02
6.590000e+02 5.043376e-01 1.365535e+02
6.595000e+02 5.194111e-01 1.330016e+02
6.600000e+02 5.284057e-01 1.307776e+02
6.605000e+02 5.342613e-01 1.293026e+02
6.610000e+02 5.357451e-01 1.287921e+02
6.615000e+02 4.639263e-01 1.433797e+02
6.620000e+02 5.419330e-01 1.273091e+02
6.625000e+02 5.451074e-01 1.266055e+02
6.630000e+02 5.463759e-01 1.263017e+02
6.635000e+02 5.474251e-01 1.260557e+02
6.640000e+02 5.476025e-01 1.259989e+02
6.645000e+02 5.406269e-01 1.274657e+02
6.650000e+02 5.444684e-01 1.266023e+02
6.655000e+02 5.195976e-01 1.315256e+02
6.660000e+02 5.339265e-01 1.286777e+02
6.665000e+02 5.242851e-01 1.306499e+02
6.670000e+02 5.413810e-01 1.272295e+02
6.675000e+02 5.427399e-01 1.270087e+02
6.680000e+02 5.461055e-01 1.263122e+02
6.685000e+02 5.474336e-01 1.260559e+02
6.690000e+02 5.459933e-01 1.263612e+02
6.695000e+02 5.367997e-01 1.281988e+02
6.700000e+02 5.050647e-01 1.345415e+02
6.705000e+02 5.421971e-01 1.271831e+02
6.710000e+02 5.416104e-01 1.273224e+02
6.715000e+02 5.111634e-01 1.333854e+02
6.720000e+02 5.270201e-01 1.302843e+02
6.725000e+02 5.306453e-01 1.296064e+02
6.730000e+02 5.376158e-01 1.282663e+02
6.735000e+02 5.407480e-01 1.276512e+02
6.740000e+02 5.190311e-01 1.320654e+02
6.745000e+02 5.420082e-01 1.274552e+02
6.750000e+02 5.422464e-01 1.274438e+02
6.755000e+02 5.413577e-01 1.276598e+02
6.760000e+02 5.241179e-01 1.312038e+02
6.765000e+02 5.385619e-01 1.283218e+02
6.770000e+02 5.343221e-01 1.292491e+02
6.775000e+02 5.323453e-01 1.297194e+02
6.780000e+02 5.237933e-01 1.314428e+02
6.785000e+02 5.327741e-01 1.297144e+02
6.790000e+02 5.336082e-01 1.295635e+02
6.795000e+02 5.352756e-01 1.292354e+02
6.800000e+02 5.355279e-01 1.292149e+02
6.805000e+02 5.351245e-01 1.293331e+02
6.810000e+02 5.344720e-01 1.295070e+02
6.815000e+02 5.334896e-01 1.297528e+02
6.820000e+02 5.324284e-01 1.300159e+02
6.825000e+02 5.315414e-01 1.302456e+02
6.830000e+02 5.294546e-01 1.307256e+02
6.835000e+02 5.197560e-01 1.327133e+02
6.840000e+02 5.242562e-01 1.318666e+02
6.845000e+02 5.252127e-01 1.317398e+02
6.850000e+02 5.260274e-01 1.316441e+02
6.855000e+02 5.250037e-01 1.319140e+02
6.860000e+02 5.238118e-01 1.322193e+02
6.865000e+02 5.226384e-01 1.325228e+02
6.870000e+02 5.213432e-01 1.328540e+02
6.875000e+02 5.198428e-01 1.332292e+02
6.880000e+02 5.184630e-01 1.335834e+02
6.885000e+02 5.168613e-01 1.339865e+02
6.890000e+02 5.150823e-01 1.344311e+02
6.895000e+02 5.130410e-01 1.349368e+02
6.900000e+02 5.105998e-01 1.355358e+02
6.905000e+02 5.072659e-01 1.363350e+02
6.910000e+02 5.018696e-01 1.375724e+02
6.915000e+02 4.853642e-01 1.410307e+02
6.920000e+02 4.827137e-01 1.417313e+02
6.925000e+02 4.583666e-01 1.465611e+02
6.930000e+02 4.879570e-01 1.406767e+02
6.935000e+02 3.325287e-01 1.726315e+02
6.940000e+02 4.901412e-01 1.403238e+02
6.945000e+02 4.866984e-01 1.410813e+02
6.950000e+02 4.848753e-01 1.415287e+02
6.955000e+02 4.904596e-01 1.405241e+02
6.960000e+02 4.784889e-01 1.430324e+02
6.965000e+02 4.874116e-01 1.413334e+02
6.970000e+02 4.856331e-01 1.418006e+02
6.975000e+02 4.797360e-01 1.431395e+02
6.980000e+02 4.820807e-01 1.427368e+02
6.985000e+02 4.792669e-01 1.434191e+02
6.990000e+02 4.471210e-01 1.502255e+02
6.995000e+02 4.738360e-01 1.447616e+02
7.000000e+02 4.702285e-01 1.456193e+02
7.005000e+02 4.600189e-01 1.477761e+02
7.010000e+02 4.310174e-01 1.536755e+02
7.015000e+02 4.051490e-01 1.596587e+02
7.020000e+02 4.570957e-01 1.488530e+02
7.025000e+02 4.526955e-01 1.499164e+02
7.030000e+02 4.344292e-01 1.537806e+02
7.035000e+02 4.474201e-01 1.512810e+02
7.040000e+02 4.470180e-01 1.514910e+02
7.045000e+02 4.447376e-01 1.520899e+02
7.050000e+02 4.419252e-01 1.528114e+02
7.055000e+02 4.385765e-01 1.536510e+02
7.060000e+02 4.346712e-01 1.546172e+02
7.065000e+02 4.311280e-01 1.555112e+02
7.070000e+02 4.269321e-01 1.565487e+02
7.075000e+02 4.224093e-01 1.576595e+02
7.080000e+02 4.146874e-01 1.594160e+02
7.085000e+02 4.122362e-01 1.601362e+02
7.090000e+02 4.074762e-01 1.613303e+02
7.095000e+02 3.979578e-01 1.634853e+02
7.100000e+02 3.947866e-01 1.644016e+02
7.105000e+02 3.882165e-01 1.660230e+02
7.110000e+02 3.791012e-01 1.681930e+02
7.115000e+02 3.256070e-01 1.799253e+02
7.120000e+02 3.572081e-01 1.734150e+02
7.125000e+02 3.410630e-01 1.772247e+02
7.130000e+02 3.180229e-01 1.826111e+02
7.135000e+02 2.829830e-01 1.907590e+02
7.140000e+02 2.258309e-01 2.040268e+02
7.145000e+02 1.320576e-01 2.259337e+02
7.150000e+02 2.323030e-02 2.523362e+02
7.155000e+02 5.860661e-04 2.588978e+02
7.160000e+02 6.284874e-02 2.427325e+02
7.165000e+02 1.652303e-01 2.186758e+02
7.170000e+02 2.288579e-01 2.040646e+02
7.175000e+02 2.622654e-01 1.965229e+02
7.180000e+02 2.732659e-01 1.939570e+02
7.185000e+02 2.745916e-01 1.936020e+02
7.190000e+02 2.880174e-01 1.910346e+02
7.195000e+02 2.834918e-01 1.920924e+02
7.200000e+02 2.770552e-01 1.936025e+02
7.205000e+02 2.824031e-01 1.928520e+02
7.210000e+02 2.788536e-01 1.938762e+02
7.215000e+02 2.735816e-01 1.952710e+02
7.220000e+02 2.674832e-01 1.968528e+02
7.225000e+02 2.603270e-01 1.986629e+02
7.230000e+02 2.449993e-01 2.021700e+02
7.235000e+02 2.221147e-01 2.070573e+02
7.240000e+02 2.379430e-01 2.043787e+02
7.245000e+02 2.315497e-01 2.061098e+02
7.250000e+02 2.239390e-01 2.080913e+02
7.255000e+02 2.154464e-01 2.102665e+02
7.260000e+02 2.071649e-01 2.124042e+02
7.265000e+02 1.963669e-01 2.150595e+02
7.270000e+02 1.882738e-01 2.171987e+02
7.275000e+02 1.794149e-01 2.195037e+02
7.280000e+02 1.671027e-01 2.224868e+02
7.285000e+02 1.611121e-01 2.242345e+02
7.290000e+02 1.528999e-01 2.264154e+02
7.295000e+02 1.436674e-01 2.288148e+02
7.300000e+02 1.251626e-01 2.331817e+02
7.305000e+02 1.236859e-01 2.339679e+02
7.310000e+02 1.103949e-01 2.371996e+02
7.315000e+02 1.035864e-01 2.391459e+02
7.320000e+02 9.740011e-02 2.409407e+02
7.325000e+02 8.922654e-02 2.431389e+02
7.330000e+02 8.077081e-02 2.454014e+02
7.335000e+02 7.229861e-02 2.476673e+02
7.340000e+02 6.360160e-02 2.499715e+02
7.345000e+02 5.321079e-02 2.526026e+02
7.350000e+02 4.302867e-02 2.552721e+02
7.355000e+02 4.183654e-02 2.559657e+02
7.360000e+02 3.538671e-02 2.577703e+02
7.365000e+02 2.864586e-02 2.596181e+02
7.370000e+02 2.395458e-02 2.610192e+02
7.375000e+02 1.911304e-02 2.624296e+02
7.380000e+02 1.487333e-02 2.636901e+02
7.385000e+02 1.125470e-02 2.647946e+02
7.390000e+02 8.239769e-03 2.657452e+02
7.395000e+02 5.795498e-03 2.665474e+02
7.400000e+02 3.833273e-03 2.672190e+02
7.405000e+02 2.278828e-03 2.677757e+02
7.410000e+02 1.509757e-03 2.681454e+02
7.415000e+02 8.502315e-04 2.684638e+02
7.420000e+02 4.367661e-04 2.687079e+02
7.425000e+02 2.009658e-04 2.688949e+02
7.430000e+02 8.065263e-05 2.690413e+02
7.435000e+02 2.747362e-05 2.691602e+02
7.440000e+02 7.515720e-06 2.692613e+02
7.445000e+02 1.559426e-06 2.693502e+02
7.450000e+02 2.333702e-07 2.694296e+02
7.455000e+02 2.641524e-08 2.695003e+02
7.460000e+02 2.234697e-09 2.695641e+02
7.465000e+02 8.814402e-11 2.696232e+02
7.470000e+02 1.705514e-12 2.696786e+02
7.475000e+02 9.392510e-15 2.697301e+02
7.480000e+02 8.293810e-18 2.697770e+02
7.485000e+02 5.700807e-22 2.698190e+02
7.490000e+02 1.095849e-27 2.698559e+02
7.495000e+02 7.642419e-36 2.698875e+02
7.500000e+02 9.397057e-48 2.699139e+02
7.505000e+02 2.350675e-65 2.699348e+02
7.510000e+02 6.248203e-91 2.699503e+02
7.515000e+02 1.212759e-124 2.699604e+02
7.520000e+02 5.256664e-157 2.699649e+02
7.525000e+02 8.364618e-141 2.699640e+02
7.530000e+02 3.398930e-108 2.699577e+02
7.535000e+02 6.672139e-79 2.699460e+02
7.540000e+02 1.995132e-57 2.699289e+02
7.545000e+02 1.116008e-42 2.699065e+02
7.550000e+02 1.796238e-32 2.698789e+02
7.555000e+02 2.086861e-25 2.698461e+02
7.560000e+02 2.262337e-20 2.698083e+02
7.565000e+02 1.075533e-16 2.697654e+02
7.570000e+02 5.845313e-14 2.697177e+02
7.575000e+02 7.419966e-12 2.696651e+02
7.580000e+02 3.360360e-10 2.696079e+02
7.585000e+02 6.723917e-09 2.695461e+02
7.590000e+02 7.477317e-08 2.694795e+02
7.595000e+02 5.329990e-07 2.694079e+02
7.600000e+02 2.690908e-06 2.693304e+02
7.605000e+02 1.032961e-05 2.692454e+02
7.610000e+02 3.261540e-05 2.691497e+02
7.615000e+02 8.594794e-05 2.690381e+02
7.620000e+02 1.969770e-04 2.689028e+02
7.625000e+02 4.031255e-04 2.687337e+02
7.630000e+02 7.500778e-04 2.685190e+02
7.635000e+02 1.288707e-03 2.682459e+02
7.640000e+02 2.070164e-03 2.679021e+02
7.645000e+02 3.139307e-03 2.674771e+02
7.650000e+02 4.475974e-03 2.669743e+02
7.655000e+02 6.245139e-03 2.663610e+02
7.660000e+02 8.218537e-03 2.656826e+02
7.665000e+02 1.041338e-02 2.649384e+02
7.670000e+02 1.349424e-02 2.640016e+02
7.675000e+02 1.642087e-02 2.630799e+02
7.680000e+02 1.952822e-02 2.621147e+02
7.685000e+02 2.253938e-02 2.611696e+02
7.690000e+02 2.524711e-02 2.602969e+02
7.695000e+02 2.732184e-02 2.595780e+02
7.700000e+02 2.824141e-02 2.591412e+02
7.705000e+02 2.760767e-02 2.590982e+02
7.710000e+02 2.448488e-02 2.596924e+02
7.715000e+02 1.843197e-02 2.610923e+02
7.720000e+02 9.968239e-03 2.632978e+02
7.725000e+02 2.490497e-03 2.656800e+02
7.730000e+02 6.718825e-05 2.672007e+02
7.735000e+02 2.460391e-10 2.679442e+02
7.740000e+02 5.157303e-16 2.680460e+02
7.745000e+02 5.617420e-06 2.673778e+02
7.750000e+02 1.437072e-03 2.657323e+02
7.755000e+02 1.132074e-02 2.620082e+02
7.760000e+02 2.898325e-02 2.568203e+02
7.765000e+02 4.906467e-02 2.514181e+02
7.770000e+02 7.116624e-02 2.458804e+02
7.775000e+02 9.037601e-02 2.411037e+02
7.780000e+02 1.061070e-01 2.371520e+02
7.785000e+02 1.211750e-01 2.334296e+02
7.790000e+02 1.352507e-01 2.299648e+02
7.795000e+02 1.440564e-01 2.275900e+02
7.800000e+02 1.568302e-01 2.244928e+02
7.805000e+02 1.698321e-01 2.213949e+02
7.810000e+02 1.799325e-01 2.188950e+02
7.815000e+02 1.887429e-01 2.166758e+02
7.820000e+02 1.944583e-01 2.150790e+02
7.825000e+02 1.558547e-01 2.223707e+02
7.830000e+02 2.114433e-01 2.108867e+02
7.835000e+02 2.187480e-01 2.090524e+02
7.840000e+02 2.270568e-01 2.070271e+02
7.845000e+02 2.214778e-01 2.077214e+02
7.850000e+02 2.358204e-01 2.045501e+02
7.855000e+02 2.456205e-01 2.022951e+02
7.860000e+02 2.551195e-01 2.000941e+02
7.865000e+02 2.624831e-01 1.983242e+02
7.870000e+02 2.686732e-01 1.967943e+02
7.875000e+02 2.745458e-01 1.953369e+02
7.880000e+02 2.801176e-01 1.939496e+02
7.885000e+02 2.854090e-01 1.926277e+02
7.890000e+02 2.904211e-01 1.913710e+02
7.895000e+02 2.954599e-01 1.901192e+02
7.900000e+02 2.999644e-01 1.889857e+02
7.905000e+02 3.032205e-01 1.881207e+02
7.910000e+02 3.050482e-01 1.875451e+02
7.915000e+02 3.078477e-01 1.867608e+02
7.920000e+02 3.154959e-01 1.850140e+02
7.925000e+02 3.194183e-01 1.840046e+02
7.930000e+02 3.092448e-01 1.857957e+02
7.935000e+02 3.228385e-01 1.828940e+02
7.940000e+02 3.329191e-01 1.807214e+02
7.945000e+02 3.369550e-01 1.797346e+02
7.950000e+02 3.412863e-01 1.786944e+02
7.955000e+02 3.449093e-01 1.778036e+02
7.960000e+02 3.477978e-01 1.770740e+02
7.965000e+02 3.514094e-01 1.761932e+02
7.970000e+02 3.543497e-01 1.754603e+02
7.975000e+02 3.571372e-01 1.747584e+02
7.980000e+02 3.600982e-01 1.740167e+02
7.985000e+02 3.608468e-01 1.737094e+02
7.990000e+02 3.634041e-01 1.730513e+02
7.995000e+02 3.675854e-01 1.720913e+02
8.000000e+02 3.718940e-01 1.710983e+02
8.005000e+02 3.745199e-01 1.704489e+02
8.010000e+02 3.768561e-01 1.698641e+02
8.015000e+02 3.789438e-01 1.693355e+02
8.020000e+02 3.797953e-01 1.690601e+02
8.025000e+02 3.764876e-01 1.696290e+02
8.030000e+02 3.807656e-01 1.686850e+02
8.035000e+02 3.826999e-01 1.681979e+02
8.040000e+02 3.880008e-01 1.670336e+02
8.045000e+02 3.904229e-01 1.664325e+02
8.050000e+02 3.928932e-01 1.658395e+02
8.055000e+02 3.948185e-01 1.653633e+02
8.060000e+02 3.953884e-01 1.651707e+02
8.065000e+02 3.920584e-01 1.657258e+02
8.070000e+02 3.931867e-01 1.654151e+02
8.075000e+02 3.484493e-01 1.740799e+02
8.080000e+02 3.931158e-01 1.651973e+02
8.085000e+02 4.038094e-01 1.630413e+02
8.090000e+02 4.067745e-01 1.623827e+02
8.095000e+02 4.066587e-01 1.623551e+02
8.100000e+02 4.082627e-01 1.619552e+02
8.105000e+02 4.009643e-01 1.633097e+02
8.110000e+02 3.918919e-01 1.650967e+02
8.115000e+02 3.537277e-01 1.727892e+02
8.120000e+02 4.132596e-01 1.607041e+02
8.125000e+02 4.147821e-01 1.603392e+02
8.130000e+02 3.974322e-01 1.636877e+02
8.135000e+02 4.121100e-01 1.607356e+02
8.140000e+02 2.327427e-01 1.979428e+02
8.145000e+02 4.186457e-01 1.593514e+02
8.150000e+02 4.219758e-01 1.586463e+02
8.155000e+02 4.236989e-01 1.582569e+02
8.160000e+02 4.245891e-01 1.580362e+02
8.165000e+02 4.257186e-01 1.577699e+02
8.170000e+02 4.264939e-01 1.575771e+02
8.175000e+02 4.269807e-01 1.574447e+02
8.180000e+02 4.270950e-01 1.573857e+02
8.185000e+02 4.198556e-01 1.588024e+02
8.190000e+02 4.274685e-01 1.572517e+02
8.195000e+02 4.225411e-01 1.581844e+02
8.200000e+02 4.235799e-01 1.579553e+02
8.205000e+02 4.284322e-01 1.569949e+02
8.210000e+02 4.300204e-01 1.566575e+02
8.215000e+02 4.303572e-01 1.565765e+02
8.220000e+02 4.300444e-01 1.566334e+02
8.225000e+02 4.299469e-01 1.566446e+02
8.230000e+02 4.296881e-01 1.566977e+02
8.235000e+02 4.287739e-01 1.568924e+02
8.240000e+02 4.271741e-01 1.572328e+02
8.245000e+02 4.252621e-01 1.576375e+02
8.250000e+02 4.206440e-01 1.585953e+02
8.255000e+02 3.952581e-01 1.635982e+02
8.260000e+02 3.891332e-01 1.649228e+02
8.265000e+02 3.614944e-01 1.707376e+02
8.270000e+02 4.052613e-01 1.621465e+02
8.275000e+02 4.009915e-01 1.630949e+02
8.280000e+02 3.567928e-01 1.724642e+02
8.285000e+02 3.982068e-01 1.636884e+02
8.290000e+02 3.974485e-01 1.639171e+02
8.295000e+02 3.899201e-01 1.655730e+02
8.300000e+02 3.787434e-01 1.680247e+02
8.305000e+02 3.410847e-01 1.759018e+02
8.310000e+02 1.984221e-01 2.052800e+02
8.315000e+02 2.700072e-01 1.915127e+02
8.320000e+02 2.511339e-01 1.967686e+02
8.325000e+02 1.847402e-01 2.124191e+02
8.330000e+02 8.840840e-02 2.357019e+02
8.335000e+02 1.289576e-02 2.565671e+02
8.340000e+02 2.382195e-06 2.631041e+02
8.345000e+02 6.035802e-04 2.619015e+02
8.350000e+02 3.865017e-02 2.489184e+02
8.355000e+02 1.328933e-01 2.249209e+02
8.360000e+02 2.225002e-01 2.037736e+02
8.365000e+02 2.783890e-01 1.906581e+02
8.370000e+02 2.986105e-01 1.853325e+02
8.375000e+02 3.453210e-01 1.752645e+02
8.380000e+02 3.478009e-01 1.741662e+02
8.385000e+02 3.396853e-01 1.754131e+02
8.390000e+02 3.874215e-01 1.657436e+02
8.395000e+02 3.434718e-01 1.740341e+02
8.400000e+02 3.757123e-01 1.675963e+02
8.405000e+02 3.818354e-01 1.663231e+02
8.410000e+02 2.906172e-01 1.843192e+02
8.415000e+02 3.151162e-01 1.792812e+02
8.420000e+02 3.187625e-01 1.784501e+02
8.425000e+02 2.616518e-01 1.891530e+02
8.430000e+02 1.071599e-01 2.194766e+02
8.435000e+02 3.823061e-01 1.656544e+02
8.440000e+02 4.191825e-01 1.584638e+02
8.445000e+02 4.305199e-01 1.562122e+02
8.450000e+02 4.346087e-01 1.553878e+02
8.455000e+02 4.348270e-01 1.553590e+02
8.460000e+02 4.382741e-01 1.546516e+02
8.465000e+02 4.379468e-01 1.547455e+02
8.470000e+02 4.395683e-01 1.544352e+02
8.475000e+02 4.386673e-01 1.546650e+02
8.480000e+02 4.366938e-01 1.551317e+02
8.485000e+02 4.337797e-01 1.557866e+02
8.490000e+02 3.779000e-01 1.669848e+02
8.495000e+02 4.331268e-01 1.559060e+02
8.500000e+02 4.342480e-01 1.556232e+02
8.505000e+02 4.402546e-01 1.543641e+02
8.510000e+02 4.416020e-01 1.540612e+02
8.515000e+02 4.413563e-01 1.540949e+02
8.520000e+02 4.421174e-01 1.539495e+02
8.525000e+02 4.395855e-01 1.544770e+02
8.530000e+02 4.372251e-01 1.549841e+02
8.535000e+02 4.360012e-01 1.552398e+02
8.540000e+02 4.397544e-01 1.545169e+02
8.545000e+02 4.409843e-01 1.542590e+02
8.550000e+02 4.412528e-01 1.542041e+02
8.555000e+02 4.366475e-01 1.551566e+02
8.560000e+02 4.403599e-01 1.544332e+02
8.565000e+02 4.372697e-01 1.551102e+02
8.570000e+02 4.332267e-01 1.559822e+02
8.575000e+02 4.242045e-01 1.578180e+02
8.580000e+02 2.439422e-01 1.940859e+02
8.585000e+02 4.230553e-01 1.584060e+02
8.590000e+02 4.236123e-01 1.585978e+02
8.595000e+02 4.188447e-01 1.598427e+02
8.600000e+02 4.150012e-01 1.607837e+02
8.605000e+02 4.137602e-01 1.609590e+02
8.610000e+02 4.190450e-01 1.596510e+02
8.615000e+02 3.352548e-01 1.762809e+02
8.620000e+02 4.274320e-01 1.575437e+02
8.625000e+02 4.257324e-01 1.577208e+02
8.630000e+02 3.609103e-01 1.703905e+02
8.635000e+02 4.327589e-01 1.562249e+02
8.640000e+02 4.366332e-01 1.554471e+02
8.645000e+02 4.378921e-01 1.551754e+02
8.650000e+02 4.381703e-01 1.551112e+02
8.655000e+02 4.331225e-01 1.561332e+02
8.660000e+02 4.248415e-01 1.577267e+02
8.665000e+02 4.363590e-01 1.554700e+02
8.670000e+02 4.384285e-01 1.550800e+02
8.675000e+02 4.385375e-01 1.550737e+02
8.680000e+02 4.382913e-01 1.551397e+02
8.685000e+02 4.344900e-01 1.559276e+02
8.690000e+02 4.272358e-01 1.573753e+02
8.695000e+02 4.299239e-01 1.569637e+02
8.700000e+02 4.365666e-01 1.555698e+02
8.705000e+02 4.356783e-01 1.557681e+02
8.710000e+02 4.363739e-01 1.556565e+02
8.715000e+02 4.359687e-01 1.557635e+02
8.720000e+02 4.355366e-01 1.558769e+02
8.725000e+02 4.350082e-01 1.560123e+02
8.730000e+02 4.345699e-01 1.561273e+02
8.735000e+02 4.340702e-01 1.562568e+02
8.740000e+02 4.324160e-01 1.566192e+02
8.745000e+02 4.328776e-01 1.565575e+02
8.750000e+02 4.321737e-01 1.567305e+02
8.755000e+02 4.225524e-01 1.587143e+02
8.760000e+02 4.307489e-01 1.570856e+02
8.765000e+02 4.300751e-01 1.572605e+02
8.770000e+02 4.290769e-01 1.575037e+02
8.775000e+02 4.276573e-01 1.578395e+02
8.780000e+02 4.251679e-01 1.583908e+02
8.785000e+02 4.208009e-01 1.592823e+02
8.790000e+02 4.245263e-01 1.585912e+02
8.795000e+02 4.248859e-01 1.585411e+02
8.800000e+02 4.247626e-01 1.585907e+02
8.805000e+02 4.240008e-01 1.587753e+02
8.810000e+02 4.221975e-01 1.591695e+02
8.815000e+02 4.171197e-01 1.602238e+02
8.820000e+02 4.199265e-01 1.596971e+02
8.825000e+02 4.141603e-01 1.608519e+02
8.830000e+02 2.822693e-01 1.869629e+02
8.835000e+02 4.088572e-01 1.619748e+02
8.840000e+02 4.158340e-01 1.606981e+02
8.845000e+02 4.162011e-01 1.606862e+02
8.850000e+02 4.153227e-01 1.609159e+02
8.855000e+02 4.118598e-01 1.616682e+02
8.860000e+02 4.107425e-01 1.619360e+02
8.865000e+02 3.529582e-01 1.735108e+02
8.870000e+02 4.025836e-01 1.636588e+02
8.875000e+02 3.989264e-01 1.644438e+02
8.880000e+02 3.727637e-01 1.695835e+02
8.885000e+02 3.957623e-01 1.652124e+02
8.890000e+02 4.032358e-01 1.638898e+02
8.895000e+02 4.025999e-01 1.641343e+02
8.900000e+02 4.005950e-01 1.646624e+02
8.905000e+02 3.976797e-01 1.653919e+02
8.910000e+02 3.940858e-01 1.662903e+02
8.915000e+02 3.892211e-01 1.674941e+02
8.920000e+02 3.824933e-01 1.691474e+02
8.925000e+02 3.730235e-01 1.714410e+02
8.930000e+02 3.607035e-01 1.743575e+02
8.935000e+02 3.474105e-01 1.773398e+02
8.940000e+02 3.478596e-01 1.773117e+02
8.945000e+02 3.477913e-01 1.771707e+02
8.950000e+02 3.287248e-01 1.805744e+02
8.955000e+02 3.546907e-01 1.754428e+02
8.960000e+02 2.885636e-01 1.882964e+02
8.965000e+02 3.657257e-01 1.730045e+02
8.970000e+02 3.714175e-01 1.719009e+02
8.975000e+02 3.715344e-01 1.719488e+02
8.980000e+02 3.695708e-01 1.724722e+02
8.985000e+02 3.660604e-01 1.733556e+02
8.990000e+02 3.624500e-01 1.742699e+02
8.995000e+02 3.597899e-01 1.749382e+02
9.000000e+02 3.585541e-01 1.752586e+02
9.005000e+02 3.567727e-01 1.756890e+02
9.010000e+02 3.513936e-01 1.768811e+02
9.015000e+02 3.492492e-01 1.775103e+02
9.020000e+02 3.452819e-01 1.785660e+02
9.025000e+02 3.384087e-01 1.802197e+02
9.030000e+02 3.334885e-01 1.814742e+02
9.035000e+02 3.246540e-01 1.834928e+02
9.040000e+02 3.215209e-01 1.844909e+02
9.045000e+02 3.038642e-01 1.885461e+02
9.050000e+02 2.992983e-01 1.900990e+02
9.055000e+02 2.818763e-01 1.944304e+02
9.060000e+02 2.653175e-01 1.984899e+02
9.065000e+02 2.575155e-01 2.003279e+02
9.070000e+02 2.641062e-01 1.988727e+02
9.075000e+02 2.633136e-01 1.989936e+02
9.080000e+02 2.455196e-01 2.026399e+02
9.085000e+02 2.328360e-01 2.055726e+02
9.090000e+02 2.360341e-01 2.056781e+02
9.095000e+02 2.257201e-01 2.085538e+02
9.100000e+02 2.057958e-01 2.135099e+02
9.105000e+02 1.877618e-01 2.182146e+02
9.110000e+02 1.643796e-01 2.241937e+02
9.115000e+02 1.375498e-01 2.310541e+02
9.120000e+02 1.048459e-01 2.392736e+02
9.125000e+02 7.862297e-02 2.463483e+02
9.130000e+02 4.996590e-02 2.539631e+02
9.135000e+02 2.590234e-02 2.605555e+02
9.140000e+02 9.711815e-03 2.652657e+02
9.145000e+02 2.176788e-03 2.677865e+02
9.150000e+02 2.275539e-04 2.687564e+02
9.155000e+02 1.022749e-05 2.690978e+02
9.160000e+02 5.452198e-07 2.692198e+02
9.165000e+02 1.396245e-06 2.691886e+02
9.170000e+02 3.708252e-05 2.689954e+02
9.175000e+02 6.013023e-04 2.684935e+02
9.180000e+02 4.066929e-03 2.670819e+02
9.185000e+02 1.403538e-02 2.639387e+02
9.190000e+02 3.121437e-02 2.589836e+02
9.195000e+02 5.465994e-02 2.525792e+02
9.200000e+02 8.233100e-02 2.452946e+02
9.205000e+02 1.106616e-01 2.379634e+02
9.210000e+02 1.367761e-01 2.312319e+02
9.215000e+02 1.593161e-01 2.253982e+02
9.220000e+02 1.793241e-01 2.202463e+02
9.225000e+02 1.995460e-01 2.152359e+02
9.230000e+02 2.157807e-01 2.111495e+02
9.235000e+02 2.292099e-01 2.077445e+02
9.240000e+02 2.412636e-01 2.047139e+02
9.245000e+02 2.504310e-01 2.023466e+02
9.250000e+02 2.495223e-01 2.020002e+02
9.255000e+02 2.587483e-01 1.997924e+02
9.260000e+02 2.699044e-01 1.972893e+02
9.265000e+02 2.637996e-01 1.981799e+02
9.270000e+02 2.819388e-01 1.944031e+02
9.275000e+02 2.544747e-01 1.996970e+02
9.280000e+02 2.880547e-01 1.928431e+02
9.285000e+02 2.870276e-01 1.929281e+02
9.290000e+02 2.949255e-01 1.912191e+02
9.295000e+02 2.973473e-01 1.906281e+02
9.300000e+02 2.996395e-01 1.900855e+02
9.305000e+02 3.010090e-01 1.897463e+02
9.310000e+02 3.018731e-01 1.895242e+02
9.315000e+02 3.016797e-01 1.895236e+02
9.320000e+02 3.014761e-01 1.895377e+02
9.325000e+02 2.977257e-01 1.902443e+02
9.330000e+02 2.549883e-01 1.984646e+02
9.335000e+02 2.875657e-01 1.922147e+02
9.340000e+02 3.003216e-01 1.897687e+02
9.345000e+02 3.018692e-01 1.894958e+02
9.350000e+02 3.018462e-01 1.895325e+02
9.355000e+02 3.011095e-01 1.897138e+02
9.360000e+02 2.990163e-01 1.901757e+02
9.365000e+02 2.997437e-01 1.900819e+02
9.370000e+02 2.972371e-01 1.906280e+02
9.375000e+02 2.970880e-01 1.907282e+02
9.380000e+02 2.963871e-01 1.909430e+02
9.385000e+02 2.950226e-01 1.912867e+02
9.390000e+02 2.937495e-01 1.916111e+02
9.395000e+02 2.923368e-01 1.919664e+02
9.400000e+02 2.903344e-01 1.924442e+02
9.405000e+02 2.890077e-01 1.927955e+02
9.410000e+02 2.872492e-01 1.932374e+02
9.415000e+02 2.854015e-01 1.937020e+02
9.420000e+02 2.834801e-01 1.941868e+02
9.425000e+02 2.811181e-01 1.947655e+02
9.430000e+02 2.786974e-01 1.953618e+02
9.435000e+02 2.752538e-01 1.961728e+02
9.440000e+02 2.740542e-01 1.965415e+02
9.445000e+02 2.704645e-01 1.973887e+02
9.450000e+02 2.640234e-01 1.987803e+02
9.455000e+02 2.664749e-01 1.984306e+02
9.460000e+02 2.644925e-01 1.989463e+02
9.465000e+02 2.620488e-01 1.995608e+02
9.470000e+02 2.593101e-01 2.002421e+02
9.475000e+02 2.559388e-01 2.010582e+02
9.480000e+02 2.524699e-01 2.018917e+02
9.485000e+02 2.441199e-01 2.036648e+02
9.490000e+02 2.253938e-01 2.074521e+02
9.495000e+02 2.419019e-01 2.044770e+02
9.500000e+02 2.391272e-01 2.052108e+02
9.505000e+02 2.278283e-01 2.075780e+02
9.510000e+02 2.270425e-01 2.079425e+02
9.515000e+02 2.128934e-01 2.111161e+02
9.520000e+02 2.257568e-01 2.086520e+02
9.525000e+02 2.218219e-01 2.096519e+02
9.530000e+02 2.172651e-01 2.107863e+02
9.535000e+02 2.104443e-01 2.123689e+02
9.540000e+02 2.075724e-01 2.131888e+02
9.545000e+02 1.993396e-01 2.150314e+02
9.550000e+02 1.982639e-01 2.155197e+02
9.555000e+02 1.943256e-01 2.165427e+02
9.560000e+02 1.817518e-01 2.192724e+02
9.565000e+02 1.853019e-01 2.188748e+02
9.570000e+02 1.789801e-01 2.204227e+02
9.575000e+02 1.741750e-01 2.216799e+02
9.580000e+02 1.656308e-01 2.236728e+02
9.585000e+02 4.866155e-02 2.474657e+02
9.590000e+02 1.539697e-01 2.266782e+02
9.595000e+02 1.501541e-01 2.278222e+02
9.600000e+02 1.438002e-01 2.294709e+02
9.605000e+02 1.372729e-01 2.311745e+02
9.610000e+02 1.300539e-01 2.330373e+02
9.615000e+02 1.223761e-01 2.350165e+02
9.620000e+02 1.142340e-01 2.371152e+02
9.625000e+02 1.050425e-01 2.394505e+02
9.630000e+02 9.697705e-02 2.416042e+02
9.635000e+02 8.767795e-02 2.440366e+02
9.640000e+02 7.790766e-02 2.466039e+02
9.645000e+02 6.767286e-02 2.493084e+02
9.650000e+02 5.705089e-02 2.521373e+02
9.655000e+02 4.619667e-02 2.550598e+02
9.660000e+02 3.533786e-02 2.580253e+02
9.665000e+02 2.487277e-02 2.609406e+02
9.670000e+02 1.544942e-02 2.636483e+02
9.675000e+02 7.891232e-03 2.659372e+02
9.680000e+02 2.932446e-03 2.676000e+02
9.685000e+02 6.379640e-04 2.685737e+02
9.690000e+02 4.726881e-05 2.690468e+02
9.695000e+02 1.543928e-06 2.692855e+02
9.700000e+02 2.313522e-08 2.694076e+02
9.705000e+02 1.522974e-08 2.694169e+02
9.710000e+02 7.557041e-07 2.693185e+02
9.715000e+02 2.548064e-05 2.691294e+02
9.720000e+02 2.511727e-04 2.688362e+02
9.725000e+02 9.873913e-04 2.684020e+02
9.730000e+02 1.178642e-03 2.680856e+02
9.735000e+02 3.517314e-03 2.673854e+02
9.740000e+02 4.516748e-03 2.670353e+02
9.745000e+02 4.976993e-03 2.668755e+02
9.750000e+02 4.921723e-03 2.668914e+02
9.755000e+02 4.471509e-03 2.670432e+02
9.760000e+02 3.772667e-03 2.672855e+02
9.765000e+02 2.892222e-03 2.675903e+02
9.770000e+02 2.195333e-03 2.678726e+02
9.775000e+02 1.516195e-03 2.681562e+02
9.780000e+02 9.649218e-04 2.684119e+02
9.785000e+02 5.587013e-04 2.686318e+02
9.790000e+02 2.948641e-04 2.688139e+02
9.795000e+02 1.365976e-04 2.689646e+02
9.800000e+02 4.784625e-05 2.690917e+02
9.805000e+02 1.804582e-05 2.691981e+02
9.810000e+02 4.677684e-06 2.692937e+02
9.815000e+02 8.824096e-07 2.693808e+02
9.820000e+02 1.098099e-07 2.694616e+02
9.825000e+02 7.682380e-09 2.695369e+02
9.830000e+02 2.191726e-10 2.696069e+02
9.835000e+02 3.125830e-12 2.696713e+02
9.840000e+02 8.429212e-15 2.697297e+02
9.845000e+02 2.679018e-18 2.697818e+02
9.850000e+02 3.240166e-23 2.698276e+02
9.855000e+02 2.433257e-30 2.698667e+02
9.860000e+02 6.656769e-41 2.698989e+02
9.865000e+02 1.437120e-56 2.699239e+02
9.870000e+02 6.025442e-79 2.699415e+02
9.875000e+02 5.192247e-106 2.699517e+02
9.880000e+02 5.935256e-121 2.699544e+02
9.885000e+02 4.227863e-98 2.699495e+02
9.890000e+02 9.190080e-72 2.699372e+02
9.895000e+02 1.743154e-51 2.699175e+02
9.900000e+02 1.528832e-37 2.698907e+02
9.905000e+02 3.627516e-28 2.698570e+02
9.910000e+02 8.630179e-22 2.698166e+02
9.915000e+02 2.389896e-17 2.697699e+02
9.920000e+02 3.710126e-14 2.697174e+02
9.925000e+02 7.838223e-12 2.696595e+02
9.930000e+02 4.500868e-10 2.695970e+02
9.935000e+02 9.548184e-09 2.695310e+02
9.940000e+02 9.229305e-08 2.694620e+02
9.945000e+02 5.312555e-07 2.693896e+02
9.950000e+02 2.863674e-06 2.693105e+02
9.955000e+02 1.174197e-05 2.692204e+02
9.960000e+02 4.104572e-05 2.691148e+02
9.965000e+02 1.148345e-04 2.689881e+02
9.970000e+02 2.679151e-04 2.688328e+02
9.975000e+02 5.400560e-04 2.686398e+02
9.980000e+02 9.829862e-04 2.683976e+02
9.985000e+02 1.622717e-03 2.681000e+02
9.990000e+02 2.472862e-03 2.677434e+02
9.995000e+02 3.692536e-03 2.672975e+02
1.000000e+03 5.170386e-03 2.667839e+02
0.9 1 0
1.000000e+01 9.963641e-01 3.580058e+00
1.050000e+01 9.963088e-01 3.593637e+00
1.100000e+01 9.962282e-01 3.612767e+00
1.150000e+01 9.961927e-01 3.622287e+00
1.200000e+01 9.961297e-01 3.637822e+00
1.250000e+01 9.960614e-01 3.654606e+00
1.300000e+01 9.959891e-01 3.672395e+00
1.350000e+01 9.959125e-01 3.691210e+00
1.400000e+01 9.958315e-01 3.711102e+00
1.450000e+01 9.957447e-01 3.732393e+00
1.500000e+01 9.956467e-01 3.756217e+00
1.550000e+01 9.955608e-01 3.777666e+00
1.600000e+01 9.954555e-01 3.803425e+00
1.650000e+01 9.953534e-01 3.828741e+00
1.700000e+01 9.952418e-01 3.856331e+00
1.750000e+01 9.951209e-01 3.886197e+00
1.800000e+01 9.949902e-01 3.918513e+00
1.850000e+01 9.948476e-01 3.953870e+00
1.900000e+01 9.946889e-01 3.993286e+00
1.950000e+01 9.945079e-01 4.038414e+00
2.000000e+01 9.942933e-01 4.092138e+00
2.050000e+01 9.940266e-01 4.159177e+00
2.100000e+01 9.936789e-01 4.246783e+00
2.150000e+01 9.932227e-01 4.361317e+00
2.200000e+01 9.927162e-01 4.486336e+00
2.250000e+01 9.925117e-01 4.537097e+00
2.300000e+01 9.926148e-01 4.511712e+00
2.350000e+01 9.926934e-01 4.490015e+00
2.400000e+01 9.926646e-01 4.494042e+00
2.450000e+01 9.926186e-01 4.504736e+00
2.500000e+01 9.924845e-01 4.536315e+00
2.550000e+01 9.922822e-01 4.584279e+00
2.600000e+01 9.921248e-01 4.623259e+00
2.650000e+01 9.919117e-01 4.675262e+00
2.700000e+01 9.916741e-01 4.733203e+00
2.750000e+01 9.914125e-01 4.796929e+00
2.800000e+01 9.911396e-01 4.863620e+00
2.850000e+01 9.908457e-01 4.935375e+00
2.900000e+01 9.904140e-01 5.037764e+00
2.950000e+01 9.901977e-01 5.093487e+00
3.000000e+01 9.896110e-01 5.230237e+00
3.050000e+01 9.893495e-01 5.297558e+00
3.100000e+01 9.890988e-01 5.362362e+00
3.150000e+01 9.886920e-01 5.461963e+00
3.200000e+01 9.882562e-01 5.568451e+00
3.250000e+01 9.877943e-01 5.681291e+00
3.300000e+01 9.873034e-01 5.801127e+00
3.350000e+01 9.867819e-01 5.928383e+00
3.400000e+01 9.862288e-01 6.063325e+00
3.450000e+01 9.856395e-01 6.206988e+00
3.500000e+01 9.850097e-01 6.360399e+00
3.550000e+01 9.843383e-01 6.523820e+00
3.600000e+01 9.833244e-01 6.763987e+00
3.650000e+01 9.828606e-01 6.883456e+00
3.700000e+01 9.820472e-01 7.081373e+00
3.750000e+01 9.811503e-01 7.298631e+00
3.800000e+01 9.801558e-01 7.538521e+00
3.850000e+01 9.792247e-01 7.767111e+00
3.900000e+01 9.781416e-01 8.030128e+00
3.950000e+01 9.769516e-01 8.318405e+00
4.000000e+01 9.757062e-01 8.620975e+00
4.050000e+01 9.743330e-01 8.953792e+00
4.100000e+01 9.728407e-01 9.315274e+00
4.150000e+01 9.712155e-01 9.708724e+00
4.200000e+01 9.694390e-01 1.013853e+01
4.250000e+01 9.674823e-01 1.061127e+01
4.300000e+01 9.653129e-01 1.113459e+01
4.350000e+01 9.629301e-01 1.170927e+01
4.400000e+01 9.604053e-01 1.232121e+01
4.450000e+01 9.575573e-01 1.300977e+01
4.500000e+01 9.543400e-01 1.378593e+01
4.550000e+01 9.508000e-01 1.464136e+01
4.600000e+01 9.467918e-01 1.560875e+01
4.650000e+01 9.422661e-01 1.670088e+01
4.700000e+01 9.371261e-01 1.794117e+01
4.750000e+01 9.312518e-01 1.935871e+01
4.800000e+01 9.244878e-01 2.099126e+01
4.850000e+01 9.166287e-01 2.288878e+01
4.900000e+01 9.074002e-01 2.511825e+01
4.950000e+01 8.964034e-01 2.777709e+01
5.000000e+01 8.828915e-01 3.104419e+01
5.050000e+01 8.662860e-01 3.507562e+01
5.100000e+01 8.439790e-01 4.049338e+01
5.150000e+01 8.102936e-01 4.867513e+01
5.200000e+01 7.666783e-01 5.928895e+01
5.250000e+01 6.988967e-01 7.584019e+01
5.300000e+01 5.964277e-01 1.009266e+02
5.350000e+01 4.545365e-01 1.359814e+02
5.400000e+01 2.878193e-01 1.780817e+02
5.450000e+01 1.363956e-01 2.181488e+02
5.500000e+01 4.230659e-02 2.456458e+02
5.550000e+01 6.723972e-03 2.588556e+02
5.600000e+01 2.569154e-04 2.635922e+02
5.650000e+01 7.182163e-06 2.652791e+02
5.700000e+01 1.399892e-08 2.661525e+02
5.750000e+01 2.184007e-08 2.667180e+02
5.800000e+01 1.579154e-08 2.671322e+02
5.850000e+01 3.749496e-13 2.674037e+02
5.900000e+01 7.217745e-11 2.674535e+02
5.950000e+01 1.936820e-12 2.675373e+02
6.000000e+01 5.654382e-11 2.676915e+02
6.050000e+01 8.486203e-16 2.677989e+02
6.100000e+01 2.302161e-11 2.677081e+02
6.150000e+01 1.131108e-09 2.676127e+02
6.200000e+01 9.152924e-10 2.675054e+02
6.250000e+01 7.542175e-15 2.672315e+02
6.300000e+01 1.393889e-11 2.663898e+02
6.350000e+01 4.049658e-05 2.647709e+02
6.400000e+01 2.411970e-03 2.614653e+02
6.450000e+01 2.498084e-02 2.518132e+02
6.500000e+01 1.031462e-01 2.282918e+02
6.550000e+01 2.410086e-01 1.913032e+02
6.600000e+01 3.996270e-01 1.506704e+02
6.650000e+01 5.399256e-01 1.154962e+02
6.700000e+01 6.456951e-01 8.924763e+01
6.750000e+01 7.188525e-01 7.118582e+01
6.800000e+01 7.694786e-01 5.876858e+01
6.850000e+01 8.043225e-01 5.024316e+01
6.900000e+01 8.298222e-01 4.403162e+01
6.950000e+01 8.492302e-01 3.931926e+01
7.000000e+01 8.647992e-01 3.555088e+01
7.050000e+01 8.775989e-01 3.245873e+01
7.100000e+01 8.883625e-01 2.986276e+01
7.150000e+01 8.975278e-01 2.765477e+01
7.200000e+01 9.054681e-01 2.574476e+01
7.250000e+01 9.123427e-01 2.409193e+01
7.300000e+01 9.184036e-01 2.263660e+01
7.350000e+01 9.237300e-01 2.135824e+01
7.400000e+01 9.284406e-01 2.022813e+01
7.450000e+01 9.326370e-01 1.922202e+01
7.500000e+01 9.363362e-01 1.833377e+01
7.550000e+01 9.396179e-01 1.754444e+01
7.600000e+01 9.427103e-01 1.680580e+01
7.650000e+01 9.424305e-01 1.680778e+01
7.700000e+01 9.480489e-01 1.553042e+01
7.750000e+01 9.500562e-01 1.504404e+01
7.800000e+01 9.525350e-01 1.446224e+01
7.850000e+01 9.544921e-01 1.399682e+01
7.900000e+01 9.559544e-01 1.364553e+01
7.950000e+01 9.578768e-01 1.319122e+01
8.000000e+01 9.593514e-01 1.284052e+01
8.050000e+01 9.607089e-01 1.251770e+01
8.100000e+01 9.619750e-01 1.221679e+01
8.150000e+01 9.631641e-01 1.193456e+01
8.200000e+01 9.642613e-01 1.167428e+01
8.250000e+01 9.652718e-01 1.143480e+01
8.300000e+01 9.662050e-01 1.121390e+01
8.350000e+01 9.670685e-01 1.100978e+01
8.400000e+01 9.678685e-01 1.082095e+01
8.450000e+01 9.686114e-01 1.064591e+01
8.500000e+01 9.692986e-01 1.048427e+01
8.550000e+01 9.699368e-01 1.033444e+01
8.600000e+01 9.705292e-01 1.019568e+01
8.650000e+01 9.710756e-01 1.006797e+01
8.700000e+01 9.715829e-01 9.949767e+00
8.750000e+01 9.720513e-01 9.840933e+00
8.800000e+01 9.724826e-01 9.741003e+00
8.850000e+01 9.728797e-01 9.649230e+00
8.900000e+01 9.732570e-01 9.562479e+00
8.950000e+01 9.735965e-01 9.484747e+00
9.000000e+01 9.738841e-01 9.419482e+00
9.050000e+01 9.741828e-01 9.351627e+00
9.100000e+01 9.744214e-01 9.298056e+00
9.150000e+01 9.746640e-01 9.244117e+00
9.200000e+01 9.748608e-01 9.200852e+00
9.250000e+01 9.750266e-01 9.164926e+00
9.300000e+01 9.751442e-01 9.139977e+00
9.350000e+01 9.750696e-01 9.156391e+00
9.400000e+01 9.725844e-01 9.703898e+00
9.450000e+01 9.753477e-01 9.101479e+00
9.500000e+01 9.754987e-01 9.072083e+00
9.550000e+01 9.754466e-01 9.086804e+00
9.600000e+01 9.747285e-01 9.244312e+00
9.650000e+01 9.749948e-01 9.192135e+00
9.700000e+01 9.754844e-01 9.094117e+00
9.750000e+01 9.754880e-01 9.100198e+00
9.800000e+01 9.753950e-01 9.127753e+00
9.850000e+01 9.753096e-01 9.154236e+00
9.900000e+01 9.751307e-01 9.202042e+00
9.950000e+01 9.749023e-01 9.261569e+00
1.000000e+02 9.745701e-01 9.344085e+00
1.005000e+02 9.734406e-01 9.603021e+00
1.010000e+02 9.738620e-01 9.519993e+00
1.015000e+02 9.724673e-01 9.829886e+00
1.020000e+02 9.722733e-01 9.885869e+00
1.025000e+02 9.730488e-01 9.737709e+00
1.030000e+02 9.727242e-01 9.825043e+00
1.035000e+02 9.720451e-01 9.990037e+00
1.040000e+02 9.708028e-01 1.027771e+01
1.045000e+02 9.710611e-01 1.024470e+01
1.050000e+02 9.704077e-01 1.041013e+01
1.055000e+02 9.696103e-01 1.060883e+01
1.060000e+02 9.686955e-01 1.083553e+01
1.065000e+02 9.676510e-01 1.109323e+01
1.070000e+02 9.664623e-01 1.138554e+01
1.075000e+02 9.650975e-01 1.171986e+01
1.080000e+02 9.634938e-01 1.211071e+01
1.085000e+02 9.617203e-01 1.254304e+01
1.090000e+02 9.595631e-01 1.306467e+01
1.095000e+02 9.548863e-01 1.414035e+01
1.100000e+02 9.540756e-01 1.438538e+01
1.105000e+02 9.498662e-01 1.537295e+01
1.110000e+02 9.435254e-01 1.683174e+01
1.115000e+02 9.419523e-01 1.730324e+01
1.120000e+02 9.363528e-01 1.865380e+01
1.125000e+02 9.291790e-01 2.037275e+01
1.130000e+02 9.201015e-01 2.254226e+01
1.135000e+02 9.085317e-01 2.530426e+01
1.140000e+02 8.933749e-01 2.891737e+01
1.145000e+02 8.732564e-01 3.370953e+01
1.150000e+02 8.425676e-01 4.096186e+01
1.155000e+02 8.068172e-01 4.953961e+01
1.160000e+02 7.500901e-01 6.307882e+01
1.165000e+02 6.642236e-01 8.362919e+01
1.170000e+02 5.314826e-01 1.155920e+02
1.175000e+02 3.330665e-01 1.640489e+02
1.180000e+02 1.013724e-01 2.230472e+02
1.185000e+02 1.457860e-03 2.538134e+02
1.190000e+02 1.474583e-03 2.537651e+02
1.195000e+02 1.035748e-01 2.224098e+02
1.200000e+02 3.391516e-01 1.625300e+02
1.205000e+02 5.393062e-01 1.137176e+02
1.210000e+02 6.722071e-01 8.175909e+01
1.215000e+02 7.576324e-01 6.134455e+01
1.220000e+02 8.137879e-01 4.796708e+01
1.225000e+02 8.519683e-01 3.888636e+01
1.230000e+02 8.786925e-01 3.253159e+01
1.235000e+02 8.975444e-01 2.803494e+01
1.240000e+02 9.026475e-01 2.659245e+01
1.245000e+02 9.227829e-01 2.202868e+01
1.250000e+02 9.314675e-01 1.996833e+01
1.255000e+02 9.325824e-01 1.956089e+01
1.260000e+02 9.444069e-01 1.690906e+01
1.265000e+02 9.495095e-01 1.571188e+01
1.270000e+02 9.535004e-01 1.476823e+01
1.275000e+02 9.566350e-01 1.402278e+01
1.280000e+02 9.588558e-01 1.348480e+01
1.285000e+02 9.610418e-01 1.296383e+01
1.290000e+02 9.635002e-01 1.239415e+01
1.295000e+02 9.651783e-01 1.199776e+01
1.300000e+02 9.666222e-01 1.165652e+01
1.305000e+02 9.678455e-01 1.136756e+01
1.310000e+02 9.685067e-01 1.120629e+01
1.315000e+02 9.698437e-01 1.089739e+01
1.320000e+02 9.706567e-01 1.070690e+01
1.325000e+02 9.712765e-01 1.056067e+01
1.330000e+02 9.719798e-01 1.039860e+01
1.335000e+02 9.726180e-01 1.025179e+01
1.340000e+02 9.730472e-01 1.015377e+01
1.345000e+02 9.734395e-01 1.006544e+01
1.350000e+02 9.739602e-01 9.945937e+00
1.355000e+02 9.742995e-01 9.869960e+00
1.360000e+02 9.745625e-01 9.811608e+00
1.365000e+02 9.746328e-01 9.795857e+00
1.370000e+02 9.741279e-01 9.906967e+00
1.375000e+02 9.752577e-01 9.662591e+00
1.380000e+02 9.755006e-01 9.612174e+00
1.385000e+02 9.756747e-01 9.577100e+00
1.390000e+02 9.757973e-01 9.553710e+00
1.395000e+02 9.759563e-01 9.522344e+00
1.400000e+02 9.758254e-01 9.558271e+00
1.405000e+02 9.760813e-01 9.503813e+00
1.410000e+02 9.760333e-01 9.519469e+00
1.415000e+02 9.756748e-01 9.602394e+00
1.420000e+02 9.702265e-01 1.078781e+01
1.425000e+02 9.740203e-01 9.971294e+00
1.430000e+02 9.759779e-01 9.557312e+00
1.435000e+02 9.762517e-01 9.505567e+00
1.440000e+02 9.762634e-01 9.510174e+00
1.445000e+02 9.759358e-01 9.587033e+00
1.450000e+02 9.707883e-01 1.073108e+01
1.455000e+02 9.762396e-01 9.535334e+00
1.460000e+02 9.764353e-01 9.500889e+00
1.465000e+02 9.765182e-01 9.490691e+00
1.470000e+02 9.765125e-01 9.500408e+00
1.475000e+02 9.764668e-01 9.519252e+00
1.480000e+02 9.763448e-01 9.555113e+00
1.485000e+02 9.756545e-01 9.714824e+00
1.490000e+02 9.755978e-01 9.737770e+00
1.495000e+02 9.760074e-01 9.660940e+00
1.500000e+02 9.757439e-01 9.731274e+00
1.505000e+02 9.749861e-01 9.904701e+00
1.510000e+02 9.749815e-01 9.916276e+00
1.515000e+02 9.756270e-01 9.786573e+00
1.520000e+02 9.757652e-01 9.764608e+00
1.525000e+02 9.758505e-01 9.752653e+00
1.530000e+02 9.757829e-01 9.776415e+00
1.535000e+02 9.754618e-01 9.855687e+00
1.540000e+02 9.680326e-01 1.152707e+01
1.545000e+02 9.753597e-01 9.898061e+00
1.550000e+02 9.755524e-01 9.867049e+00
1.555000e+02 9.755164e-01 9.885766e+00
1.560000e+02 9.751957e-01 9.967754e+00
1.565000e+02 9.752053e-01 9.978462e+00
1.570000e+02 9.752634e-01 9.974970e+00
1.575000e+02 9.751818e-01 1.000411e+01
1.580000e+02 9.750870e-01 1.003660e+01
1.585000e+02 9.748696e-01 1.009723e+01
1.590000e+02 9.748578e-01 1.011083e+01
1.595000e+02 9.747143e-01 1.015486e+01
1.600000e+02 9.746054e-01 1.019097e+01
1.605000e+02 9.744857e-01 1.022983e+01
1.610000e+02 9.743491e-01 1.027268e+01
1.615000e+02 9.742155e-01 1.031486e+01
1.620000e+02 9.740642e-01 1.036134e+01
1.625000e+02 9.738977e-01 1.041138e+01
1.630000e+02 9.737071e-01 1.046700e+01
1.635000e+02 9.734813e-01 1.053058e+01
1.640000e+02 9.731603e-01 1.061524e+01
1.645000e+02 9.723622e-01 1.080276e+01
1.650000e+02 9.612507e-01 1.328914e+01
1.655000e+02 9.686766e-01 1.162815e+01
1.660000e+02 9.667882e-01 1.205375e+01
1.665000e+02 9.715974e-01 1.103313e+01
1.670000e+02 9.719000e-01 1.098434e+01
1.675000e+02 9.698995e-01 1.144498e+01
1.680000e+02 9.716199e-01 1.108013e+01
1.685000e+02 9.715416e-01 1.111615e+01
1.690000e+02 9.708650e-01 1.128763e+01
1.695000e+02 9.710582e-01 1.126122e+01
1.700000e+02 9.706449e-01 1.137417e+01
1.705000e+02 9.704616e-01 1.143500e+01
1.710000e+02 9.700774e-01 1.154270e+01
1.715000e+02 9.694849e-01 1.169796e+01
1.720000e+02 9.692845e-01 1.176816e+01
1.725000e+02 9.687923e-01 1.190492e+01
1.730000e+02 9.681594e-01 1.207474e+01
1.735000e+02 9.631670e-01 1.324297e+01
1.740000e+02 9.667775e-01 1.245124e+01
1.745000e+02 9.658530e-01 1.269795e+01
1.750000e+02 9.640206e-01 1.314632e+01
1.755000e+02 9.577135e-01 1.458520e+01
1.760000e+02 9.606150e-01 1.399569e+01
1.765000e+02 9.608737e-01 1.402224e+01
1.770000e+02 9.597223e-01 1.435528e+01
1.775000e+02 9.578743e-01 1.485682e+01
1.780000e+02 9.553587e-01 1.552762e+01
1.785000e+02 9.519683e-01 1.642019e+01
1.790000e+02 9.477179e-01 1.754237e+01
1.795000e+02 9.418801e-01 1.906939e+01
1.800000e+02 9.324198e-01 2.149272e+01
1.805000e+02 9.225692e-01 2.407795e+01
1.810000e+02 9.062655e-01 2.827154e+01
1.815000e+02 8.825480e-01 3.433510e+01
1.820000e+02 8.482936e-01 4.301174e+01
1.825000e+02 8.027990e-01 5.436522e+01
1.830000e+02 7.558726e-01 6.570163e+01
1.835000e+02 7.491976e-01 6.722447e+01
1.840000e+02 7.921117e-01 5.691809e+01
1.845000e+02 8.292478e-01 4.737055e+01
1.850000e+02 8.737392e-01 3.654266e+01
1.855000e+02 8.988394e-01 3.018668e+01
1.860000e+02 9.167153e-01 2.565496e+01
1.865000e+02 9.284807e-01 2.263602e+01
1.870000e+02 9.367366e-01 2.050739e+01
1.875000e+02 9.427840e-01 1.894762e+01
1.880000e+02 9.471534e-01 1.781423e+01
1.885000e+02 9.505824e-01 1.692983e+01
1.890000e+02 9.530903e-01 1.627783e+01
1.895000e+02 9.551403e-01 1.574899e+01
1.900000e+02 9.567140e-01 1.534203e+01
1.905000e+02 9.578185e-01 1.505152e+01
1.910000e+02 9.589628e-01 1.476242e+01
1.915000e+02 9.597608e-01 1.455774e+01
1.920000e+02 9.603719e-01 1.440080e+01
1.925000e+02 9.608213e-01 1.428473e+01
1.930000e+02 9.607722e-01 1.428044e+01
1.935000e+02 9.596130e-01 1.452171e+01
1.940000e+02 9.615387e-01 1.409895e+01
1.945000e+02 9.615558e-01 1.408973e+01
1.950000e+02 9.599775e-01 1.442202e+01
1.955000e+02 9.327457e-01 2.033366e+01
1.960000e+02 9.603883e-01 1.433338e+01
1.965000e+02 9.622328e-01 1.394123e+01
1.970000e+02 9.626381e-01 1.385751e+01
1.975000e+02 9.626958e-01 1.385082e+01
1.980000e+02 9.625752e-01 1.388753e+01
1.985000e+02 9.627725e-01 1.384818e+01
1.990000e+02 9.624946e-01 1.391812e+01
1.995000e+02 9.613617e-01 1.417779e+01
2.000000e+02 9.619998e-01 1.405282e+01
2.005000e+02 9.610640e-01 1.427000e+01
2.010000e+02 9.568306e-01 1.519794e+01
2.015000e+02 9.608751e-01 1.433540e+01
2.020000e+02 9.616894e-01 1.416764e+01
2.025000e+02 9.618633e-01 1.413987e+01
2.030000e+02 9.617952e-01 1.416690e+01
2.035000e+02 9.610756e-01 1.433754e+01
2.040000e+02 9.618010e-01 1.418278e+01
2.045000e+02 9.619426e-01 1.415625e+01
2.050000e+02 9.619348e-01 1.416456e+01
2.055000e+02 9.617779e-01 1.420803e+01
2.060000e+02 9.605607e-01 1.448150e+01
2.065000e+02 9.611397e-01 1.437327e+01
2.070000e+02 9.615662e-01 1.428512e+01
2.075000e+02 9.610537e-01 1.441217e+01
2.080000e+02 9.607223e-01 1.449012e+01
2.085000e+02 9.530146e-01 1.616659e+01
2.090000e+02 9.590759e-01 1.486734e+01
2.095000e+02 9.602242e-01 1.464147e+01
2.100000e+02 9.605670e-01 1.457671e+01
2.105000e+02 9.588116e-01 1.497108e+01
2.110000e+02 9.587472e-01 1.499458e+01
2.115000e+02 9.603900e-01 1.465473e+01
2.120000e+02 9.604336e-01 1.465928e+01
2.125000e+02 9.603367e-01 1.469408e+01
2.130000e+02 9.601840e-01 1.474115e+01
2.135000e+02 9.599980e-01 1.479540e+01
2.140000e+02 9.597162e-01 1.487047e+01
2.145000e+02 9.587882e-01 1.508328e+01
2.150000e+02 9.372266e-01 1.984645e+01
2.155000e+02 9.587107e-01 1.513095e+01
2.160000e+02 9.588223e-01 1.512650e+01
2.165000e+02 9.591519e-01 1.506447e+01
2.170000e+02 9.590503e-01 1.510103e+01
2.175000e+02 9.585990e-01 1.521841e+01
2.180000e+02 9.586462e-01 1.521829e+01
2.185000e+02 9.585893e-01 1.524511e+01
2.190000e+02 9.584481e-01 1.529069e+01
2.195000e+02 9.582767e-01 1.534284e+01
2.200000e+02 9.580505e-01 1.540771e+01
2.205000e+02 9.579557e-01 1.544291e+01
2.210000e+02 9.577813e-01 1.549622e+01
2.215000e+02 9.575912e-01 1.555316e+01
2.220000e+02 9.574071e-01 1.560911e+01
2.225000e+02 9.571658e-01 1.567799e+01
2.230000e+02 9.569398e-01 1.574415e+01
2.235000e+02 9.566628e-01 1.582222e+01
2.240000e+02 9.563060e-01 1.591932e+01
2.245000e+02 9.558409e-01 1.604211e+01
2.250000e+02 9.549778e-01 1.625533e+01
2.255000e+02 9.535777e-01 1.658293e+01
2.260000e+02 9.411173e-01 1.929875e+01
2.265000e+02 9.522326e-01 1.690314e+01
2.270000e+02 9.540059e-01 1.653121e+01
2.275000e+02 9.545482e-01 1.641941e+01
2.280000e+02 9.546734e-01 1.640128e+01
2.285000e+02 9.546006e-01 1.642906e+01
2.290000e+02 9.543005e-01 1.650813e+01
2.295000e+02 9.505964e-01 1.733389e+01
2.300000e+02 9.533195e-01 1.675384e+01
2.305000e+02 9.520612e-01 1.704080e+01
2.310000e+02 9.480794e-01 1.790660e+01
2.315000e+02 9.453069e-01 1.852061e+01
2.320000e+02 9.511593e-01 1.730743e+01
2.325000e+02 9.507510e-01 1.743101e+01
2.330000e+02 9.486004e-01 1.795196e+01
2.335000e+02 9.421399e-01 1.941443e+01
2.340000e+02 9.187141e-01 2.433260e+01
2.345000e+02 9.433247e-01 1.918310e+01
2.350000e+02 9.471326e-01 1.831733e+01
2.355000e+02 9.385471e-01 2.011666e+01
2.360000e+02 9.431092e-01 1.914473e+01
2.365000e+02 9.479789e-01 1.811919e+01
2.370000e+02 9.308319e-01 2.178618e+01
2.375000e+02 9.452940e-01 1.871182e+01
2.380000e+02 9.489591e-01 1.795437e+01
2.385000e+02 9.465016e-01 1.850586e+01
2.390000e+02 9.168964e-01 2.487705e+01
2.395000e+02 9.434293e-01 1.919565e+01
2.400000e+02 9.449708e-01 1.889675e+01
2.405000e+02 9.473059e-01 1.841582e+01
2.410000e+02 9.482580e-01 1.821754e+01
2.415000e+02 9.476554e-01 1.835949e+01
2.420000e+02 9.428623e-01 1.938154e+01
2.425000e+02 9.340113e-01 2.127815e+01
2.430000e+02 9.441217e-01 1.914492e+01
2.435000e+02 8.863723e-01 3.168318e+01
2.440000e+02 9.435677e-01 1.929351e+01
2.445000e+02 9.471648e-01 1.854069e+01
2.450000e+02 9.481493e-01 1.834783e+01
2.455000e+02 9.482683e-01 1.833844e+01
2.460000e+02 9.480979e-01 1.839182e+01
2.465000e+02 9.460506e-01 1.887377e+01
2.470000e+02 9.471357e-01 1.863362e+01
2.475000e+02 9.447018e-01 1.916965e+01
2.480000e+02 9.328314e-01 2.171008e+01
2.485000e+02 9.407881e-01 2.003788e+01
2.490000e+02 9.439689e-01 1.938663e+01
2.495000e+02 9.374264e-01 2.078726e+01
2.500000e+02 8.654431e-01 3.641091e+01
2.505000e+02 9.407247e-01 2.015231e+01
2.510000e+02 9.401114e-01 2.029909e+01
2.515000e+02 9.413211e-01 2.006415e+01
2.520000e+02 9.438911e-01 1.953307e+01
2.525000e+02 9.445058e-01 1.940888e+01
2.530000e+02 9.450682e-01 1.929573e+01
2.535000e+02 9.451384e-01 1.929372e+01
2.540000e+02 9.450526e-01 1.932780e+01
2.545000e+02 9.448780e-01 1.938298e+01
2.550000e+02 9.447219e-01 1.943409e+01
2.555000e+02 9.446537e-01 1.946378e+01
2.560000e+02 9.444659e-01 1.951855e+01
2.565000e+02 9.441729e-01 1.959802e+01
2.570000e+02 9.439373e-01 1.966307e+01
2.575000e+02 9.434214e-01 1.979016e+01
2.580000e+02 9.412412e-01 2.027066e+01
2.585000e+02 9.334838e-01 2.192656e+01
2.590000e+02 9.370849e-01 2.117943e+01
2.595000e+02 9.419623e-01 2.017112e+01
2.600000e+02 9.425355e-01 2.006628e+01
2.605000e+02 9.425913e-01 2.007156e+01
2.610000e+02 9.424137e-01 2.012711e+01
2.615000e+02 9.422366e-01 2.018324e+01
2.620000e+02 9.417943e-01 2.029648e+01
2.625000e+02 9.405262e-01 2.058599e+01
2.630000e+02 9.365822e-01 2.144656e+01
2.635000e+02 9.299732e-01 2.286030e+01
2.640000e+02 9.346059e-01 2.189730e+01
2.645000e+02 9.393199e-01 2.091743e+01
2.650000e+02 9.336506e-01 2.216821e+01
2.655000e+02 9.398834e-01 2.083753e+01
2.660000e+02 9.397731e-01 2.088125e+01
2.665000e+02 9.391044e-01 2.104015e+01
2.670000e+02 9.342264e-01 2.208455e+01
2.675000e+02 9.328816e-01 2.238540e+01
2.680000e+02 9.386120e-01 2.119304e+01
2.685000e+02 9.389448e-01 2.114140e+01
2.690000e+02 9.390666e-01 2.113247e+01
2.695000e+02 9.389504e-01 2.117523e+01
2.700000e+02 9.387601e-01 2.123396e+01
2.705000e+02 9.384071e-01 2.132872e+01
2.710000e+02 9.377823e-01 2.148183e+01
2.715000e+02 9.378178e-01 2.149194e+01
2.720000e+02 9.370111e-01 2.168509e+01
2.725000e+02 9.356800e-01 2.198429e+01
2.730000e+02 8.883056e-01 3.223522e+01
2.735000e+02 9.339588e-01 2.238926e+01
2.740000e+02 9.343028e-01 2.234041e+01
2.745000e+02 8.865941e-01 3.287559e+01
2.750000e+02 9.338694e-01 2.248633e+01
2.755000e+02 9.336066e-01 2.257794e+01
2.760000e+02 9.306557e-01 2.322824e+01
2.765000e+02 9.276536e-01 2.386986e+01
2.770000e+02 9.233424e-01 2.484766e+01
2.775000e+02 9.333746e-01 2.269345e+01
2.780000e+02 9.340742e-01 2.255141e+01
2.785000e+02 9.331347e-01 2.277465e+01
2.790000e+02 9.337459e-01 2.264463e+01
2.795000e+02 9.088035e-01 2.822387e+01
2.800000e+02 9.318774e-01 2.307964e+01
2.805000e+02 9.337568e-01 2.269452e+01
2.810000e+02 9.305136e-01 2.346009e+01
2.815000e+02 9.327561e-01 2.295112e+01
2.820000e+02 9.328300e-01 2.295090e+01
2.825000e+02 9.324042e-01 2.305572e+01
2.830000e+02 9.305345e-01 2.347443e+01
2.835000e+02 9.323597e-01 2.310508e+01
2.840000e+02 9.321416e-01 2.317133e+01
2.845000e+02 9.316499e-01 2.329544e+01
2.850000e+02 9.309495e-01 2.346399e+01
2.855000e+02 9.287218e-01 2.395357e+01
2.860000e+02 8.953733e-01 3.104393e+01
2.865000e+02 9.205374e-01 2.571220e+01
2.870000e+02 9.287625e-01 2.400650e+01
2.875000e+02 9.296004e-01 2.384785e+01
2.880000e+02 9.291372e-01 2.396429e+01
2.885000e+02 9.260938e-01 2.461974e+01
2.890000e+02 8.440694e-01 4.238531e+01
2.895000e+02 9.266915e-01 2.453522e+01
2.900000e+02 9.283914e-01 2.420240e+01
2.905000e+02 9.286618e-01 2.416428e+01
2.910000e+02 9.217743e-01 2.570757e+01
2.915000e+02 9.282172e-01 2.429882e+01
2.920000e+02 9.280369e-01 2.435659e+01
2.925000e+02 9.268698e-01 2.462512e+01
2.930000e+02 9.181096e-01 2.648948e+01
2.935000e+02 9.147083e-01 2.727921e+01
2.940000e+02 9.262678e-01 2.481203e+01
2.945000e+02 9.267856e-01 2.472619e+01
2.950000e+02 9.266836e-01 2.477014e+01
2.955000e+02 9.263125e-01 2.487311e+01
2.960000e+02 9.259571e-01 2.497218e+01
2.965000e+02 9.254774e-01 2.510123e+01
2.970000e+02 9.245210e-01 2.533728e+01
2.975000e+02 9.231619e-01 2.566991e+01
2.980000e+02 9.195638e-01 2.649063e+01
2.985000e+02 9.019607e-01 3.020972e+01
2.990000e+02 9.191802e-01 2.661780e+01
2.995000e+02 9.188036e-01 2.672734e+01
3.000000e+02 9.211651e-01 2.620150e+01
3.005000e+02 9.169170e-01 2.712490e+01
3.010000e+02 9.147999e-01 2.760213e+01
3.015000e+02 9.003376e-01 3.062270e+01
3.020000e+02 8.975266e-01 3.125246e+01
3.025000e+02 9.164913e-01 2.728707e+01
3.030000e+02 9.066274e-01 2.936736e+01
3.035000e+02 9.160212e-01 2.739941e+01
3.040000e+02 9.197819e-01 2.663583e+01
3.045000e+02 9.191307e-01 2.679544e+01
3.050000e+02 9.177213e-01 2.712198e+01
3.055000e+02 9.201566e-01 2.661790e+01
3.060000e+02 9.203669e-01 2.658907e+01
3.065000e+02 9.203293e-01 2.661542e+01
3.070000e+02 9.200872e-01 2.668814e+01
3.075000e+02 9.195139e-01 2.683485e+01
3.080000e+02 9.195167e-01 2.685533e+01
3.085000e+02 9.187792e-01 2.703846e+01
3.090000e+02 9.186768e-01 2.708400e+01
3.095000e+02 9.180536e-01 2.724252e+01
3.100000e+02 9.089797e-01 2.922107e+01
3.105000e+02 9.170217e-01 2.751685e+01
3.110000e+02 9.170955e-01 2.752982e+01
3.115000e+02 9.167754e-01 2.762526e+01
3.120000e+02 9.163610e-01 2.774235e+01
3.125000e+02 9.157595e-01 2.790197e+01
3.130000e+02 9.151563e-01 2.806427e+01
3.135000e+02 9.144600e-01 2.824848e+01
3.140000e+02 9.132421e-01 2.855131e+01
3.145000e+02 9.130562e-01 2.861687e+01
3.150000e+02 9.117510e-01 2.893103e+01
3.155000e+02 9.078042e-01 2.979922e+01
3.160000e+02 8.887592e-01 3.384795e+01
3.165000e+02 8.924832e-01 3.310677e+01
3.170000e+02 9.051272e-01 3.052421e+01
3.175000e+02 9.064156e-01 3.032351e+01
3.180000e+02 9.061019e-01 3.046866e+01
3.185000e+02 9.045039e-01 3.089837e+01
3.190000e+02 9.021483e-01 3.150655e+01
3.195000e+02 8.977509e-01 3.257186e+01
3.200000e+02 7.341831e-01 6.932561e+01
3.205000e+02 8.890741e-01 3.483604e+01
3.210000e+02 8.849606e-01 3.597610e+01
3.215000e+02 8.800593e-01 3.726404e+01
3.220000e+02 8.704851e-01 3.966890e+01
3.225000e+02 8.616105e-01 4.202031e+01
3.230000e+02 8.442756e-01 4.645686e+01
3.235000e+02 8.177174e-01 5.320024e+01
3.240000e+02 7.790863e-01 6.294107e+01
3.245000e+02 7.286697e-01 7.544655e+01
3.250000e+02 6.844670e-01 8.599997e+01
3.255000e+02 6.996349e-01 8.242504e+01
3.260000e+02 7.470190e-01 7.078392e+01
3.265000e+02 7.758929e-01 6.287243e+01
3.270000e+02 7.775513e-01 6.115032e+01
3.275000e+02 8.437791e-01 4.635201e+01
3.280000e+02 8.583213e-01 4.264215e+01
3.285000e+02 8.733482e-01 3.903986e+01
3.290000e+02 8.811121e-01 3.708925e+01
3.295000e+02 8.863345e-01 3.576371e+01
3.300000e+02 8.900759e-01 3.481226e+01
3.305000e+02 8.927762e-01 3.412365e+01
3.310000e+02 8.946069e-01 3.364995e+01
3.315000e+02 8.957005e-01 3.335368e+01
3.320000e+02 8.953360e-01 3.337811e+01
3.325000e+02 8.827593e-01 3.594767e+01
3.330000e+02 8.791562e-01 3.669686e+01
3.335000e+02 8.973786e-01 3.287081e+01
3.340000e+02 8.990542e-01 3.251545e+01
3.345000e+02 8.998121e-01 3.235121e+01
3.350000e+02 8.987864e-01 3.256465e+01
3.355000e+02 8.984484e-01 3.263832e+01
3.360000e+02 9.002909e-01 3.225814e+01
3.365000e+02 9.007321e-01 3.217022e+01
3.370000e+02 9.008093e-01 3.216103e+01
3.375000e+02 9.006311e-01 3.220894e+01
3.380000e+02 9.007537e-01 3.219361e+01
3.385000e+02 9.005542e-01 3.224913e+01
3.390000e+02 9.004474e-01 3.228644e+01
3.395000e+02 9.003192e-01 3.232955e+01
3.400000e+02 9.001008e-01 3.239276e+01
3.405000e+02 8.998541e-01 3.246310e+01
3.410000e+02 8.995896e-01 3.253826e+01
3.415000e+02 8.992886e-01 3.262166e+01
3.420000e+02 8.987717e-01 3.275195e+01
3.425000e+02 8.980802e-01 3.292012e+01
3.430000e+02 8.942685e-01 3.373809e+01
3.435000e+02 8.805023e-01 3.686362e+01
3.440000e+02 8.965236e-01 3.332442e+01
3.445000e+02 8.958238e-01 3.350727e+01
3.450000e+02 8.900294e-01 3.475115e+01
3.455000e+02 8.941658e-01 3.390935e+01
3.460000e+02 8.942933e-01 3.389609e+01
3.465000e+02 8.951652e-01 3.373526e+01
3.470000e+02 8.951116e-01 3.376669e+01
3.475000e+02 8.948484e-01 3.384571e+01
3.480000e+02 8.943543e-01 3.397689e+01
3.485000e+02 8.939059e-01 3.409958e+01
3.490000e+02 8.929981e-01 3.432800e+01
3.495000e+02 8.920210e-01 3.456304e+01
3.500000e+02 8.911434e-01 3.478690e+01
3.505000e+02 8.897212e-01 3.513421e+01
3.510000e+02 8.865209e-01 3.586202e+01
3.515000e+02 8.774435e-01 3.777048e+01
3.520000e+02 8.736674e-01 3.859711e+01
3.525000e+02 8.549020e-01 4.253549e+01
3.530000e+02 8.758372e-01 3.818277e+01
3.535000e+02 8.854226e-01 3.620913e+01
3.540000e+02 8.863172e-01 3.604584e+01
3.545000e+02 8.849119e-01 3.636624e+01
3.550000e+02 8.210292e-01 5.031833e+01
3.555000e+02 8.834205e-01 3.674938e+01
3.560000e+02 8.833215e-01 3.681412e+01
3.565000e+02 8.822695e-01 3.708006e+01
3.570000e+02 8.812450e-01 3.733068e+01
3.575000e+02 8.626058e-01 4.126614e+01
3.580000e+02 8.690671e-01 3.995291e+01
3.585000e+02 8.653284e-01 4.076583e+01
3.590000e+02 8.381508e-01 4.646822e+01
3.595000e+02 8.614552e-01 4.170769e+01
3.600000e+02 8.718182e-01 3.961198e+01
3.605000e+02 8.741315e-01 3.919689e+01
3.610000e+02 8.728809e-01 3.952833e+01
3.615000e+02 8.678361e-01 4.065528e+01
3.620000e+02 8.680342e-01 4.070249e+01
3.625000e+02 8.661260e-01 4.120342e+01
3.630000e+02 8.618342e-01 4.221219e+01
3.635000e+02 8.162574e-01 5.212914e+01
3.640000e+02 8.471705e-01 4.553896e+01
3.645000e+02 7.226624e-01 7.202449e+01
3.650000e+02 8.361421e-01 4.829501e+01
3.655000e+02 8.278402e-01 5.038130e+01
3.660000e+02 8.102893e-01 5.453135e+01
3.665000e+02 7.767329e-01 6.226768e+01
3.670000e+02 7.220401e-01 7.494212e+01
3.675000e+02 6.210954e-01 9.833251e+01
3.680000e+02 3.889214e-01 1.505766e+02
3.685000e+02 2.605556e-03 2.327479e+02
3.690000e+02 3.847796e-01 1.516380e+02
3.695000e+02 6.137084e-01 1.003536e+02
3.700000e+02 7.136020e-01 7.752941e+01
3.705000e+02 7.588393e-01 6.714206e+01
3.710000e+02 7.023831e-01 7.897536e+01
3.715000e+02 7.905931e-01 6.000183e+01
3.720000e+02 7.953353e-01 5.909604e+01
3.725000e+02 7.943790e-01 5.950740e+01
3.730000e+02 7.881259e-01 6.116191e+01
3.735000e+02 7.815112e-01 6.297519e+01
3.740000e+02 7.700272e-01 6.595163e+01
3.745000e+02 7.537495e-01 7.008477e+01
3.750000e+02 7.204625e-01 7.791589e+01
3.755000e+02 7.035352e-01 8.268004e+01
3.760000e+02 6.687271e-01 9.153221e+01
3.765000e+02 6.274485e-01 1.020827e+02
3.770000e+02 5.733779e-01 1.159322e+02
3.775000e+02 5.063484e-01 1.332832e+02
3.780000e+02 4.140639e-01 1.567889e+02
3.785000e+02 3.042538e-01 1.848890e+02
3.790000e+02 1.961035e-01 2.130578e+02
3.795000e+02 1.046059e-01 2.368492e+02
3.800000e+02 5.624835e-02 2.493034e+02
3.805000e+02 6.601876e-02 2.467674e+02
3.810000e+02 1.302909e-01 2.300957e+02
3.815000e+02 2.321187e-01 2.037456e+02
3.820000e+02 3.446607e-01 1.748090e+02
3.825000e+02 4.468696e-01 1.486705e+02
3.830000e+02 5.302312e-01 1.274046e+02
3.835000e+02 5.953365e-01 1.108198e+02
3.840000e+02 6.455548e-01 9.804139e+01
3.845000e+02 6.840542e-01 8.824041e+01
3.850000e+02 7.140207e-01 8.061742e+01
3.855000e+02 7.373935e-01 7.466561e+01
3.860000e+02 7.559048e-01 6.994497e+01
3.865000e+02 7.701599e-01 6.627240e+01
3.870000e+02 7.708414e-01 6.553683e+01
3.875000e+02 7.846207e-01 6.220755e+01
3.880000e+02 8.006006e-01 5.852885e+01
3.885000e+02 8.083072e-01 5.661967e+01
3.890000e+02 8.136699e-01 5.526064e+01
3.895000e+02 8.179598e-01 5.417908e+01
3.900000e+02 8.208816e-01 5.342471e+01
3.905000e+02 8.234791e-01 5.274425e+01
3.910000e+02 8.271356e-01 5.182403e+01
3.915000e+02 8.298636e-01 5.109983e+01
3.920000e+02 8.320753e-01 5.048784e+01
3.925000e+02 8.141722e-01 5.405835e+01
3.930000e+02 8.324841e-01 5.017492e+01
3.935000e+02 8.394529e-01 4.866738e+01
3.940000e+02 8.416040e-01 4.815828e+01
3.945000e+02 8.428801e-01 4.783991e+01
3.950000e+02 8.363859e-01 4.917217e+01
3.955000e+02 8.442845e-01 4.747088e+01
3.960000e+02 8.443025e-01 4.743920e+01
3.965000e+02 7.926740e-01 5.849731e+01
3.970000e+02 8.185812e-01 5.295071e+01
3.975000e+02 8.457009e-01 4.710296e+01
3.980000e+02 8.463685e-01 4.696013e+01
3.985000e+02 8.463003e-01 4.697515e+01
3.990000e+02 8.454666e-01 4.715657e+01
3.995000e+02 8.426382e-01 4.776433e+01
4.000000e+02 8.078394e-01 5.508193e+01
4.005000e+02 8.357049e-01 4.928912e+01
4.010000e+02 8.183825e-01 5.298823e+01
4.015000e+02 8.012715e-01 5.660888e+01
4.020000e+02 7.918911e-01 5.852716e+01
4.025000e+02 7.587615e-01 6.538758e+01
4.030000e+02 8.333033e-01 4.987380e+01
4.035000e+02 8.381320e-01 4.883500e+01
4.040000e+02 8.374006e-01 4.896829e+01
4.045000e+02 8.423066e-01 4.795753e+01
4.050000e+02 8.429648e-01 4.783353e+01
4.055000e+02 8.428109e-01 4.788418e+01
4.060000e+02 8.423193e-01 4.801059e+01
4.065000e+02 8.416736e-01 4.817261e+01
4.070000e+02 8.405565e-01 4.843672e+01
4.075000e+02 8.385937e-01 4.887679e+01
4.080000e+02 8.289886e-01 5.088025e+01
4.085000e+02 8.200480e-01 5.276360e+01
4.090000e+02 8.342959e-01 4.989725e+01
4.095000e+02 8.350939e-01 4.977678e+01
4.100000e+02 8.340500e-01 5.004592e+01
4.105000e+02 8.322916e-01 5.047201e+01
4.110000e+02 8.305583e-01 5.089367e+01
4.115000e+02 8.276083e-01 5.158185e+01
4.120000e+02 8.224707e-01 5.273068e+01
4.125000e+02 8.184887e-01 5.362894e+01
4.130000e+02 7.702349e-01 6.418860e+01
4.135000e+02 8.138838e-01 5.474858e+01
4.140000e+02 7.939628e-01 5.890585e+01
4.145000e+02 7.896006e-01 5.991456e+01
4.150000e+02 8.042826e-01 5.706805e+01
4.155000e+02 8.017206e-01 5.774931e+01
4.160000e+02 7.969102e-01 5.891209e+01
4.165000e+02 7.903991e-01 6.045563e+01
4.170000e+02 7.829648e-01 6.221707e+01
4.175000e+02 7.738965e-01 6.436014e+01
4.180000e+02 7.625299e-01 6.703281e+01
4.185000e+02 7.491992e-01 7.017443e+01
4.190000e+02 7.322888e-01 7.414831e+01
4.195000e+02 7.110703e-01 7.913532e+01
4.200000e+02 6.837898e-01 8.554281e+01
4.205000e+02 6.483091e-01 9.386416e+01
4.210000e+02 6.021233e-01 1.047290e+02
4.215000e+02 5.419009e-01 1.190134e+02
4.220000e+02 4.585761e-01 1.388548e+02
4.225000e+02 3.469581e-01 1.657670e+02
4.230000e+02 2.077429e-01 2.002206e+02
4.235000e+02 6.888213e-02 2.368192e+02
4.240000e+02 4.494873e-03 2.585262e+02
4.245000e+02 2.220634e-07 2.639355e+02
4.250000e+02 6.991418e-08 2.640396e+02
4.255000e+02 3.492645e-03 2.591300e+02
4.260000e+02 6.337955e-02 2.385655e+02
4.265000e+02 1.954753e-01 2.034007e+02
4.270000e+02 3.210648e-01 1.718107e+02
4.275000e+02 4.412328e-01 1.431172e+02
4.280000e+02 5.227681e-01 1.236740e+02
4.285000e+02 5.826385e-01 1.094763e+02
4.290000e+02 6.230066e-01 9.984670e+01
4.295000e+02 6.563419e-01 9.207339e+01
4.300000e+02 6.864894e-01 8.514551e+01
4.305000e+02 6.959542e-01 8.266447e+01
4.310000e+02 7.249473e-01 7.634403e+01
4.315000e+02 7.390059e-01 7.316116e+01
4.320000e+02 7.485204e-01 7.099216e+01
4.325000e+02 7.557977e-01 6.934694e+01
4.330000e+02 7.605519e-01 6.828825e+01
4.335000e+02 7.647697e-01 6.736429e+01
4.340000e+02 7.674645e-01 6.681070e+01
4.345000e+02 7.683507e-01 6.668028e+01
4.350000e+02 7.683053e-01 6.679678e+01
4.355000e+02 7.657684e-01 6.750320e+01
4.360000e+02 7.615733e-01 6.864369e+01
4.365000e+02 7.534288e-01 7.075142e+01
4.370000e+02 7.374374e-01 7.467952e+01
4.375000e+02 4.632757e-01 1.348078e+02
4.380000e+02 6.982620e-01 8.472046e+01
4.385000e+02 6.314345e-01 1.004767e+02
4.390000e+02 6.235091e-01 1.035601e+02
4.395000e+02 6.297479e-01 1.021561e+02
4.400000e+02 6.668580e-01 9.301913e+01
4.405000e+02 6.902661e-01 8.704235e+01
4.410000e+02 6.904056e-01 8.647184e+01
4.415000e+02 6.601369e-01 9.267189e+01
4.420000e+02 6.651189e-01 9.219646e+01
4.425000e+02 6.710914e-01 9.186698e+01
4.430000e+02 6.520426e-01 9.689934e+01
4.435000e+02 6.357810e-01 1.011541e+02
4.440000e+02 6.135515e-01 1.068539e+02
4.445000e+02 5.769519e-01 1.161628e+02
4.450000e+02 5.187556e-01 1.307848e+02
4.455000e+02 4.139522e-01 1.559570e+02
4.460000e+02 3.536022e-01 1.729081e+02
4.465000e+02 2.468143e-01 2.005138e+02
4.470000e+02 1.397025e-01 2.283242e+02
4.475000e+02 6.439735e-02 2.480214e+02
4.480000e+02 3.148129e-02 2.562516e+02
4.485000e+02 7.016782e-02 2.463700e+02
4.490000e+02 1.436755e-01 2.267133e+02
4.495000e+02 2.616749e-01 1.966717e+02
4.500000e+02 3.700498e-01 1.689052e+02
4.505000e+02 4.618509e-01 1.455399e+02
4.510000e+02 5.317738e-01 1.277242e+02
4.515000e+02 5.827630e-01 1.146570e+02
4.520000e+02 6.129794e-01 1.064244e+02
4.525000e+02 6.517959e-01 9.699479e+01
4.530000e+02 6.803375e-01 8.994841e+01
4.535000e+02 7.009263e-01 8.477903e+01
4.540000e+02 7.164587e-01 8.084550e+01
4.545000e+02 7.265722e-01 7.817366e+01
4.550000e+02 7.385395e-01 7.524420e+01
4.555000e+02 7.474759e-01 7.302826e+01
4.560000e+02 7.539762e-01 7.137934e+01
4.565000e+02 7.582051e-01 7.024943e+01
4.570000e+02 7.571243e-01 7.023462e+01
4.575000e+02 6.968104e-01 8.252251e+01
4.580000e+02 7.672185e-01 6.785349e+01
4.585000e+02 7.725125e-01 6.665582e+01
4.590000e+02 7.757351e-01 6.589711e+01
4.595000e+02 7.766470e-01 6.564094e+01
4.600000e+02 7.786410e-01 6.516482e+01
4.605000e+02 7.788143e-01 6.508833e+01
4.610000e+02 7.751406e-01 6.579634e+01
4.615000e+02 7.787003e-01 6.505446e+01
4.620000e+02 7.752642e-01 6.573117e+01
4.625000e+02 7.552802e-01 6.982819e+01
4.630000e+02 7.508347e-01 7.073616e+01
4.635000e+02 7.580537e-01 6.932492e+01
4.640000e+02 7.585522e-01 6.927024e+01
4.645000e+02 7.751663e-01 6.587030e+01
4.650000e+02 7.770476e-01 6.549582e+01
4.655000e+02 7.769866e-01 6.552471e+01
4.660000e+02 7.739596e-01 6.618794e+01
4.665000e+02 7.430477e-01 7.254746e+01
4.670000e+02 7.643582e-01 6.827275e+01
4.675000e+02 7.616395e-01 6.894155e+01
4.680000e+02 5.400633e-01 1.154773e+02
4.685000e+02 7.174508e-01 7.839171e+01
4.690000e+02 7.255472e-01 7.703790e+01
4.695000e+02 6.234466e-01 9.930123e+01
4.700000e+02 6.401355e-01 9.605026e+01
4.705000e+02 7.047111e-01 8.339082e+01
4.710000e+02 4.816115e-01 1.318307e+02
4.715000e+02 7.015229e-01 8.447309e+01
4.720000e+02 7.077115e-01 8.304064e+01
4.725000e+02 6.957411e-01 8.576090e+01
4.730000e+02 6.303834e-01 1.000739e+02
4.735000e+02 6.487010e-01 9.795704e+01
4.740000e+02 5.967802e-01 1.109589e+02
4.745000e+02 5.422452e-01 1.241261e+02
4.750000e+02 5.530368e-01 1.215295e+02
4.755000e+02 6.093934e-01 1.076720e+02
4.760000e+02 4.788095e-01 1.333873e+02
4.765000e+02 6.846333e-01 8.858643e+01
4.770000e+02 6.998560e-01 8.452443e+01
4.775000e+02 7.142222e-01 8.102448e+01
4.780000e+02 7.275778e-01 7.792263e+01
4.785000e+02 7.330364e-01 7.656126e+01
4.790000e+02 7.344065e-01 7.614863e+01
4.795000e+02 7.243061e-01 7.820753e+01
4.800000e+02 6.993703e-01 8.348261e+01
4.805000e+02 7.021245e-01 8.271556e+01
4.810000e+02 6.892562e-01 8.543911e+01
4.815000e+02 6.394824e-01 9.578440e+01
4.820000e+02 6.970492e-01 8.432223e+01
4.825000e+02 6.971725e-01 8.466479e+01
4.830000e+02 6.844579e-01 8.770109e+01
4.835000e+02 6.620403e-01 9.290013e+01
4.840000e+02 6.348966e-01 9.929403e+01
4.845000e+02 5.905808e-01 1.096273e+02
4.850000e+02 5.246559e-01 1.250686e+02
4.855000e+02 4.211886e-01 1.494125e+02
4.860000e+02 2.640987e-01 1.868889e+02
4.865000e+02 7.852805e-02 2.332302e+02
4.870000e+02 8.390688e-04 2.573164e+02
4.875000e+02 8.186408e-04 2.574045e+02
4.880000e+02 7.532843e-02 2.344284e+02
4.885000e+02 2.474972e-01 1.915078e+02
4.890000e+02 3.953226e-01 1.562227e+02
4.895000e+02 4.793720e-01 1.358768e+02
4.900000e+02 5.657588e-01 1.160328e+02
4.905000e+02 6.113503e-01 1.053491e+02
4.910000e+02 6.429729e-01 9.795558e+01
4.915000e+02 6.654766e-01 9.269422e+01
4.920000e+02 6.698171e-01 9.140119e+01
4.925000e+02 6.935240e-01 8.616407e+01
4.930000e+02 7.023597e-01 8.412717e+01
4.935000e+02 7.085832e-01 8.269405e+01
4.940000e+02 7.132813e-01 8.162396e+01
4.945000e+02 7.163932e-01 8.091671e+01
4.950000e+02 7.183909e-01 8.046597e+01
4.955000e+02 7.185258e-01 8.041561e+01
4.960000e+02 7.009629e-01 8.408081e+01
4.965000e+02 7.052182e-01 8.310100e+01
4.970000e+02 6.906207e-01 8.617035e+01
4.975000e+02 7.175923e-01 8.067279e+01
4.980000e+02 6.939073e-01 8.574574e+01
4.985000e+02 7.109467e-01 8.211570e+01
4.990000e+02 7.121435e-01 8.192203e+01
4.995000e+02 7.194532e-01 8.051878e+01
5.000000e+02 7.178199e-01 8.094177e+01
5.005000e+02 7.018495e-01 8.433560e+01
5.010000e+02 7.150856e-01 8.168602e+01
5.015000e+02 7.108104e-01 8.269720e+01
5.020000e+02 7.030470e-01 8.439825e+01
5.025000e+02 6.975374e-01 8.564678e+01
5.030000e+02 7.036549e-01 8.457174e+01
5.035000e+02 7.024016e-01 8.498231e+01
5.040000e+02 7.026054e-01 8.500529e+01
5.045000e+02 7.024394e-01 8.506355e+01
5.050000e+02 7.006842e-01 8.544790e+01
5.055000e+02 6.979935e-01 8.605295e+01
5.060000e+02 6.991319e-01 8.591588e+01
5.065000e+02 6.958165e-01 8.671828e+01
5.070000e+02 6.918025e-01 8.767350e+01
5.075000e+02 6.730939e-01 9.161733e+01
5.080000e+02 6.480133e-01 9.696464e+01
5.085000e+02 6.709718e-01 9.250551e+01
5.090000e+02 6.610339e-01 9.482237e+01
5.095000e+02 6.699189e-01 9.308445e+01
5.100000e+02 6.739135e-01 9.231518e+01
5.105000e+02 6.748400e-01 9.215314e+01
5.110000e+02 6.744401e-01 9.228684e+01
5.115000e+02 6.731603e-01 9.262969e+01
5.120000e+02 6.691662e-01 9.356134e+01
5.125000e+02 6.688859e-01 9.373097e+01
5.130000e+02 6.661409e-01 9.442881e+01
5.135000e+02 6.632339e-01 9.517088e+01
5.140000e+02 6.601871e-01 9.594658e+01
5.145000e+02 6.561455e-01 9.693258e+01
5.150000e+02 5.987718e-01 1.094718e+02
5.155000e+02 6.491199e-01 9.871663e+01
5.160000e+02 6.457756e-01 9.958664e+01
5.165000e+02 6.411615e-01 1.007176e+02
5.170000e+02 6.324668e-01 1.026696e+02
5.175000e+02 5.680895e-01 1.161055e+02
5.180000e+02 6.265337e-01 1.043061e+02
5.185000e+02 6.236712e-01 1.051237e+02
5.190000e+02 6.195867e-01 1.061807e+02
5.195000e+02 6.118041e-01 1.079957e+02
5.200000e+02 5.598011e-01 1.187524e+02
5.205000e+02 5.945289e-01 1.119781e+02
5.210000e+02 5.981545e-01 1.115269e+02
5.215000e+02 5.924403e-01 1.129483e+02
5.220000e+02 5.111769e-01 1.300346e+02
5.225000e+02 5.786238e-01 1.163080e+02
5.230000e+02 5.625058e-01 1.198404e+02
5.235000e+02 5.201950e-01 1.288371e+02
5.240000e+02 5.626352e-01 1.204808e+02
5.245000e+02 5.586081e-01 1.216367e+02
5.250000e+02 5.532160e-01 1.230736e+02
5.255000e+02 5.465580e-01 1.247828e+02
5.260000e+02 5.388965e-01 1.267164e+02
5.265000e+02 5.290515e-01 1.291249e+02
5.270000e+02 5.182924e-01 1.317169e+02
5.275000e+02 5.033889e-01 1.351083e+02
5.280000e+02 5.045657e-01 1.353197e+02
5.285000e+02 4.984691e-01 1.369585e+02
5.290000e+02 4.902879e-01 1.390467e+02
5.295000e+02 4.789523e-01 1.417939e+02
5.300000e+02 4.718720e-01 1.437064e+02
5.305000e+02 4.567040e-01 1.473961e+02
5.310000e+02 4.498165e-01 1.492081e+02
5.315000e+02 4.416439e-01 1.514123e+02
5.320000e+02 4.325876e-01 1.537927e+02
5.325000e+02 4.213965e-01 1.566453e+02
5.330000e+02 4.095944e-01 1.596457e+02
5.335000e+02 3.972468e-01 1.627766e+02
5.340000e+02 3.820902e-01 1.664935e+02
5.345000e+02 3.681679e-01 1.699914e+02
5.350000e+02 3.585099e-01 1.726613e+02
5.355000e+02 3.444845e-01 1.762311e+02
5.360000e+02 3.205746e-01 1.818511e+02
5.365000e+02 3.163467e-01 1.834732e+02
5.370000e+02 3.016560e-01 1.872611e+02
5.375000e+02 2.863409e-01 1.911968e+02
5.380000e+02 2.707605e-01 1.952105e+02
5.385000e+02 2.546803e-01 1.993509e+02
5.390000e+02 2.369553e-01 2.038475e+02
5.395000e+02 2.136573e-01 2.094978e+02
5.400000e+02 2.045459e-01 2.123040e+02
5.405000e+02 1.868356e-01 2.168662e+02
5.410000e+02 1.717236e-01 2.209222e+02
5.415000e+02 1.551197e-01 2.252908e+02
5.420000e+02 1.384333e-01 2.296863e+02
5.425000e+02 1.215806e-01 2.341210e+02
5.430000e+02 1.060323e-01 2.382874e+02
5.435000e+02 9.053417e-02 2.424360e+02
5.440000e+02 7.581608e-02 2.464095e+02
5.445000e+02 6.136263e-02 2.503039e+02
5.450000e+02 4.732334e-02 2.540778e+02
5.455000e+02 3.781416e-02 2.568956e+02
5.460000e+02 2.783073e-02 2.597494e+02
5.465000e+02 1.931254e-02 2.622333e+02
5.470000e+02 1.252034e-02 2.642726e+02
5.475000e+02 7.626673e-03 2.658074e+02
5.480000e+02 4.735928e-03 2.668158e+02
5.485000e+02 2.907309e-03 2.675229e+02
5.490000e+02 1.572888e-03 2.680788e+02
5.495000e+02 7.623142e-04 2.684884e+02
5.500000e+02 3.014980e-04 2.687892e+02
5.505000e+02 9.437890e-05 2.690050e+02
5.510000e+02 1.462774e-05 2.691680e+02
5.515000e+02 3.436401e-06 2.692966e+02
5.520000e+02 3.476661e-07 2.694081e+02
5.525000e+02 1.662394e-08 2.695067e+02
5.530000e+02 3.206923e-10 2.695944e+02
5.535000e+02 1.425508e-12 2.696721e+02
5.540000e+02 7.522626e-16 2.697398e+02
5.545000e+02 1.586596e-20 2.697974e+02
5.550000e+02 2.502671e-27 2.698448e+02
5.555000e+02 2.783330e-37 2.698818e+02
5.560000e+02 2.130082e-51 2.699085e+02
5.565000e+02 5.850283e-69 2.699249e+02
5.570000e+02 1.729001e-81 2.699310e+02
5.575000e+02 1.985966e-69 2.699269e+02
5.580000e+02 1.041131e-52 2.699125e+02
5.585000e+02 1.259779e-38 2.698880e+02
5.590000e+02 1.836417e-28 2.698535e+02
5.595000e+02 1.943717e-21 2.698091e+02
5.600000e+02 1.414137e-16 2.697550e+02
5.605000e+02 3.813264e-13 2.696911e+02
5.610000e+02 1.111567e-10 2.696178e+02
5.615000e+02 7.281740e-09 2.695350e+02
5.620000e+02 1.704886e-07 2.694424e+02
5.625000e+02 1.930067e-06 2.693386e+02
5.630000e+02 1.292068e-05 2.692198e+02
5.635000e+02 5.846021e-05 2.690765e+02
5.640000e+02 2.002217e-04 2.688898e+02
5.645000e+02 5.457214e-04 2.686293e+02
5.650000e+02 1.250617e-03 2.682538e+02
5.655000e+02 2.482335e-03 2.677200e+02
5.660000e+02 4.345810e-03 2.669990e+02
5.665000e+02 6.819901e-03 2.660906e+02
5.670000e+02 1.062799e-02 2.648438e+02
5.675000e+02 1.646204e-02 2.631207e+02
5.680000e+02 2.307871e-02 2.611699e+02
5.685000e+02 3.083361e-02 2.589313e+02
5.690000e+02 3.964709e-02 2.564276e+02
5.695000e+02 4.937019e-02 2.536955e+02
5.700000e+02 5.580653e-02 2.515931e+02
5.705000e+02 7.077492e-02 2.477336e+02
5.710000e+02 2.334911e-02 2.572558e+02
5.715000e+02 9.668130e-02 2.407855e+02
5.720000e+02 1.109130e-01 2.370409e+02
5.725000e+02 1.244336e-01 2.334345e+02
5.730000e+02 1.353361e-01 2.303617e+02
5.735000e+02 1.486149e-01 2.268177e+02
5.740000e+02 1.667808e-01 2.222962e+02
5.745000e+02 1.745442e-01 2.199272e+02
5.750000e+02 1.954136e-01 2.148619e+02
5.755000e+02 2.091153e-01 2.113005e+02
5.760000e+02 2.210153e-01 2.081201e+02
5.765000e+02 1.821931e-01 2.156403e+02
5.770000e+02 2.462778e-01 2.015481e+02
5.775000e+02 2.549494e-01 1.990637e+02
5.780000e+02 2.722774e-01 1.948907e+02
5.785000e+02 2.869823e-01 1.912304e+02
5.790000e+02 2.999116e-01 1.879503e+02
5.795000e+02 3.121836e-01 1.848315e+02
5.800000e+02 3.232006e-01 1.819997e+02
5.805000e+02 3.346770e-01 1.790865e+02
5.810000e+02 3.447140e-01 1.764977e+02
5.815000e+02 3.530822e-01 1.742642e+02
5.820000e+02 3.414050e-01 1.760596e+02
5.825000e+02 3.658012e-01 1.706486e+02
5.830000e+02 3.813013e-01 1.670504e+02
5.835000e+02 3.420636e-01 1.748423e+02
5.840000e+02 4.014550e-01 1.620496e+02
5.845000e+02 4.114761e-01 1.595876e+02
5.850000e+02 4.200821e-01 1.574293e+02
5.855000e+02 4.281539e-01 1.553955e+02
5.860000e+02 4.357331e-01 1.534783e+02
5.865000e+02 4.432009e-01 1.515968e+02
5.870000e+02 4.500265e-01 1.498642e+02
5.875000e+02 4.572030e-01 1.480665e+02
5.880000e+02 4.638638e-01 1.463893e+02
5.885000e+02 4.701014e-01 1.448112e+02
5.890000e+02 4.748205e-01 1.435532e+02
5.895000e+02 4.816732e-01 1.418757e+02
5.900000e+02 4.863574e-01 1.406424e+02
5.905000e+02 4.883106e-01 1.399716e+02
5.910000e+02 4.557659e-01 1.468333e+02
5.915000e+02 4.997292e-01 1.371519e+02
5.920000e+02 5.067090e-01 1.355082e+02
5.925000e+02 4.965011e-01 1.373281e+02
5.930000e+02 5.142892e-01 1.335172e+02
5.935000e+02 5.210121e-01 1.319554e+02
5.940000e+02 5.251388e-01 1.309163e+02
5.945000e+02 5.265367e-01 1.304332e+02
5.950000e+02 4.779500e-01 1.401173e+02
5.955000e+02 5.316140e-01 1.290364e+02
5.960000e+02 5.397770e-01 1.272449e+02
5.965000e+02 5.437674e-01 1.262935e+02
5.970000e+02 5.467676e-01 1.255578e+02
5.975000e+02 5.490323e-01 1.249932e+02
5.980000e+02 5.506091e-01 1.245978e+02
5.985000e+02 5.512870e-01 1.244243e+02
5.990000e+02 5.505422e-01 1.245800e+02
5.995000e+02 5.482814e-01 1.250462e+02
6.000000e+02 5.140781e-01 1.321426e+02
6.005000e+02 5.541951e-01 1.235815e+02
6.010000e+02 5.597010e-01 1.222259e+02
6.015000e+02 5.650324e-01 1.209189e+02
6.020000e+02 5.672074e-01 1.203103e+02
6.025000e+02 5.612071e-01 1.213456e+02
6.030000e+02 5.688408e-01 1.196782e+02
6.035000e+02 5.777136e-01 1.177352e+02
6.040000e+02 5.821162e-01 1.166925e+02
6.045000e+02 5.856396e-01 1.158539e+02
6.050000e+02 5.882002e-01 1.152290e+02
6.055000e+02 5.900655e-01 1.147605e+02
6.060000e+02 5.916901e-01 1.143523e+02
6.065000e+02 5.935298e-01 1.139055e+02
6.070000e+02 5.946522e-01 1.136145e+02
6.075000e+02 5.951613e-01 1.134540e+02
6.080000e+02 5.936942e-01 1.137019e+02
6.085000e+02 5.968681e-01 1.130272e+02
6.090000e+02 5.960450e-01 1.131628e+02
6.095000e+02 5.849304e-01 1.153581e+02
6.100000e+02 5.731101e-01 1.177013e+02
6.105000e+02 5.361585e-01 1.251140e+02
6.110000e+02 5.793481e-01 1.164524e+02
6.115000e+02 5.771125e-01 1.169239e+02
6.120000e+02 5.951695e-01 1.133843e+02
6.125000e+02 5.961920e-01 1.132477e+02
6.130000e+02 5.953605e-01 1.135103e+02
6.135000e+02 5.935508e-01 1.139979e+02
6.140000e+02 5.901532e-01 1.148494e+02
6.145000e+02 5.827604e-01 1.165505e+02
6.150000e+02 5.754196e-01 1.183171e+02
6.155000e+02 5.726968e-01 1.192547e+02
6.160000e+02 5.619851e-01 1.219116e+02
6.165000e+02 5.481546e-01 1.253699e+02
6.170000e+02 5.318107e-01 1.295809e+02
6.175000e+02 5.058196e-01 1.360753e+02
6.180000e+02 4.737110e-01 1.442942e+02
6.185000e+02 4.256103e-01 1.564317e+02
6.190000e+02 3.592338e-01 1.731623e+02
6.195000e+02 2.746436e-01 1.944858e+02
6.200000e+02 1.844948e-01 2.171379e+02
6.205000e+02 1.162742e-01 2.337499e+02
6.210000e+02 1.222366e-01 2.321858e+02
6.215000e+02 2.016077e-01 2.128277e+02
6.220000e+02 2.930205e-01 1.898455e+02
6.225000e+02 3.749057e-01 1.692065e+02
6.230000e+02 4.373989e-01 1.534074e+02
6.235000e+02 4.701886e-01 1.444168e+02
6.240000e+02 5.117431e-01 1.343589e+02
6.245000e+02 5.425689e-01 1.269229e+02
6.250000e+02 5.604509e-01 1.223928e+02
6.255000e+02 5.684147e-01 1.200877e+02
6.260000e+02 5.856534e-01 1.160917e+02
6.265000e+02 5.930789e-01 1.142039e+02
6.270000e+02 5.961823e-01 1.133014e+02
6.275000e+02 5.892576e-01 1.144529e+02
6.280000e+02 5.923801e-01 1.136067e+02
6.285000e+02 6.101041e-01 1.097927e+02
6.290000e+02 6.177107e-01 1.080240e+02
6.295000e+02 6.225196e-01 1.068726e+02
6.300000e+02 6.256143e-01 1.061068e+02
6.305000e+02 6.284190e-01 1.054191e+02
6.310000e+02 6.303968e-01 1.049211e+02
6.315000e+02 6.309981e-01 1.047135e+02
6.320000e+02 6.165977e-01 1.075128e+02
6.325000e+02 6.287457e-01 1.050131e+02
6.330000e+02 6.341256e-01 1.038878e+02
6.335000e+02 6.319887e-01 1.042654e+02
6.340000e+02 6.323621e-01 1.041372e+02
6.345000e+02 4.925049e-01 1.328966e+02
6.350000e+02 6.364461e-01 1.032392e+02
6.355000e+02 6.405674e-01 1.023858e+02
6.360000e+02 6.419854e-01 1.020708e+02
6.365000e+02 6.428729e-01 1.018659e+02
6.370000e+02 6.433079e-01 1.017574e+02
6.375000e+02 6.434722e-01 1.017030e+02
6.380000e+02 6.426182e-01 1.018553e+02
6.385000e+02 6.334580e-01 1.036771e+02
6.390000e+02 5.757370e-01 1.152871e+02
6.395000e+02 6.392785e-01 1.024836e+02
6.400000e+02 6.271698e-01 1.049416e+02
6.405000e+02 6.422024e-01 1.018800e+02
6.410000e+02 6.443737e-01 1.014384e+02
6.415000e+02 6.284647e-01 1.047254e+02
6.420000e+02 6.345837e-01 1.033668e+02
6.425000e+02 6.057424e-01 1.091442e+02
6.430000e+02 6.411627e-01 1.020761e+02
6.435000e+02 6.414802e-01 1.020228e+02
6.440000e+02 6.429789e-01 1.017137e+02
6.445000e+02 6.307833e-01 1.041220e+02
6.450000e+02 6.169752e-01 1.068824e+02
6.455000e+02 6.362565e-01 1.030896e+02
6.460000e+02 6.385322e-01 1.027056e+02
6.465000e+02 6.416953e-01 1.020450e+02
6.470000e+02 6.427281e-01 1.017927e+02
6.475000e+02 6.307351e-01 1.041759e+02
6.480000e+02 6.048147e-01 1.093401e+02
6.485000e+02 6.424298e-01 1.018552e+02
6.490000e+02 6.449088e-01 1.013741e+02
6.495000e+02 6.450032e-01 1.013697e+02
6.500000e+02 6.432982e-01 1.017337e+02
6.505000e+02 6.370653e-01 1.030062e+02
6.510000e+02 6.289188e-01 1.046387e+02
6.515000e+02 3.554953e-01 1.608364e+02
6.520000e+02 6.261893e-01 1.053020e+02
6.525000e+02 6.270937e-01 1.052155e+02
6.530000e+02 6.198612e-01 1.066774e+02
6.535000e+02 6.051242e-01 1.096304e+02
6.540000e+02 5.969426e-01 1.112429e+02
6.545000e+02 5.721383e-01 1.161811e+02
6.550000e+02 2.261843e-01 1.878165e+02
6.555000e+02 4.684783e-01 1.368493e+02
6.560000e+02 1.941366e-01 1.939808e+02
6.565000e+02 3.791413e-01 1.556312e+02
6.570000e+02 6.001649e-01 1.112250e+02
6.575000e+02 5.486277e-01 1.224478e+02
6.580000e+02 5.023724e-01 1.317749e+02
6.585000e+02 6.143839e-01 1.087304e+02
6.590000e+02 6.206038e-01 1.073030e+02
6.595000e+02 6.302995e-01 1.051569e+02
6.600000e+02 6.344129e-01 1.041776e+02
6.605000e+02 6.366266e-01 1.036280e+02
6.610000e+02 6.350304e-01 1.038763e+02
6.615000e+02 5.478327e-01 1.217475e+02
6.620000e+02 6.381848e-01 1.031801e+02
6.625000e+02 6.405970e-01 1.026873e+02
6.630000e+02 6.410661e-01 1.025896e+02
6.635000e+02 6.414760e-01 1.025090e+02
6.640000e+02 6.410219e-01 1.026105e+02
6.645000e+02 6.323301e-01 1.044659e+02
6.650000e+02 6.363943e-01 1.035623e+02
6.655000e+02 6.069938e-01 1.094153e+02
6.660000e+02 6.234562e-01 1.061512e+02
6.665000e+02 6.119604e-01 1.085200e+02
6.670000e+02 6.317084e-01 1.045705e+02
6.675000e+02 6.331305e-01 1.043537e+02
6.680000e+02 6.369308e-01 1.035708e+02
6.685000e+02 6.383872e-01 1.032943e+02
6.690000e+02 6.366454e-01 1.036667e+02
6.695000e+02 6.258914e-01 1.058230e+02
6.700000e+02 5.888811e-01 1.132363e+02
6.705000e+02 6.321911e-01 1.046335e+02
6.710000e+02 6.315456e-01 1.047863e+02
6.715000e+02 5.961004e-01 1.118570e+02
6.720000e+02 6.146721e-01 1.082116e+02
6.725000e+02 6.190019e-01 1.073928e+02
6.730000e+02 6.272566e-01 1.057946e+02
6.735000e+02 6.310560e-01 1.050387e+02
6.740000e+02 6.058710e-01 1.101617e+02
6.745000e+02 6.328785e-01 1.047202e+02
6.750000e+02 6.333631e-01 1.046545e+02
6.755000e+02 6.325517e-01 1.048498e+02
6.760000e+02 6.126468e-01 1.089398e+02
6.765000e+02 6.297966e-01 1.054950e+02
6.770000e+02 6.251231e-01 1.065092e+02
6.775000e+02 6.231143e-01 1.069828e+02
6.780000e+02 6.134237e-01 1.089230e+02
6.785000e+02 6.242873e-01 1.068071e+02
6.790000e+02 6.256327e-01 1.065375e+02
6.795000e+02 6.279788e-01 1.060535e+02
6.800000e+02 6.286882e-01 1.059252e+02
6.805000e+02 6.286507e-01 1.059543e+02
6.810000e+02 6.283428e-01 1.060433e+02
6.815000e+02 6.276694e-01 1.062114e+02
6.820000e+02 6.269257e-01 1.063942e+02
6.825000e+02 6.264102e-01 1.065317e+02
6.830000e+02 6.245032e-01 1.069592e+02
6.835000e+02 6.136316e-01 1.091655e+02
6.840000e+02 6.195446e-01 1.080115e+02
6.845000e+02 6.213044e-01 1.077023e+02
6.850000e+02 6.229282e-01 1.074221e+02
6.855000e+02 6.224060e-01 1.075683e+02
6.860000e+02 6.217146e-01 1.077489e+02
6.865000e+02 6.210779e-01 1.079192e+02
6.870000e+02 6.203322e-01 1.081133e+02
6.875000e+02 6.193826e-01 1.083500e+02
6.880000e+02 6.186240e-01 1.085495e+02
6.885000e+02 6.176587e-01 1.087929e+02
6.890000e+02 6.165572e-01 1.090668e+02
6.895000e+02 6.152472e-01 1.093874e+02
6.900000e+02 6.136151e-01 1.097805e+02
6.905000e+02 6.111567e-01 1.103529e+02
6.910000e+02 6.065867e-01 1.113619e+02
6.915000e+02 5.889642e-01 1.149702e+02
6.920000e+02 5.879562e-01 1.152829e+02
6.925000e+02 5.585935e-01 1.210877e+02
6.930000e+02 5.943264e-01 1.139700e+02
6.935000e+02 4.050639e-01 1.529311e+02
6.940000e+02 5.975627e-01 1.133876e+02
6.945000e+02 5.941650e-01 1.141103e+02
6.950000e+02 5.929301e-01 1.144067e+02
6.955000e+02 6.008977e-01 1.128874e+02
6.960000e+02 5.874438e-01 1.156606e+02
6.965000e+02 5.997180e-01 1.132362e+02
6.970000e+02 5.989198e-01 1.134613e+02
6.975000e+02 5.930891e-01 1.147521e+02
6.980000e+02 5.975042e-01 1.138698e+02
6.985000e+02 5.955906e-01 1.143198e+02
6.990000e+02 5.571742e-01 1.224065e+02
6.995000e+02 5.921583e-01 1.151536e+02
7.000000e+02 5.894071e-01 1.157834e+02
7.005000e+02 5.784097e-01 1.180364e+02
7.010000e+02 5.436766e-01 1.250248e+02
7.015000e+02 5.127003e-01 1.321578e+02
7.020000e+02 5.803850e-01 1.179614e+02
7.025000e+02 5.768160e-01 1.188024e+02
7.030000e+02 5.555607e-01 1.232216e+02
7.035000e+02 5.743393e-01 1.194698e+02
7.040000e+02 5.760749e-01 1.191711e+02
7.045000e+02 5.754677e-01 1.193552e+02
7.050000e+02 5.742400e-01 1.196809e+02
7.055000e+02 5.723799e-01 1.201437e+02
7.060000e+02 5.698547e-01 1.207561e+02
7.065000e+02 5.678663e-01 1.212573e+02
7.070000e+02 5.650816e-01 1.219316e+02
7.075000e+02 5.619235e-01 1.226874e+02
7.080000e+02 5.545472e-01 1.242927e+02
7.085000e+02 5.542731e-01 1.244938e+02
7.090000e+02 5.509725e-01 1.253138e+02
7.095000e+02 5.412642e-01 1.274265e+02
7.100000e+02 5.402290e-01 1.278380e+02
7.105000e+02 5.346086e-01 1.291988e+02
7.110000e+02 5.254990e-01 1.313087e+02
7.115000e+02 4.544428e-01 1.467846e+02
7.120000e+02 5.021056e-01 1.367578e+02
7.125000e+02 4.829724e-01 1.411863e+02
7.130000e+02 4.538289e-01 1.478911e+02
7.135000e+02 4.070796e-01 1.586238e+02
7.140000e+02 3.275930e-01 1.768875e+02
7.145000e+02 1.932429e-01 2.079893e+02
7.150000e+02 3.430449e-02 2.461552e+02
7.155000e+02 8.737087e-04 2.556200e+02
7.160000e+02 9.462403e-02 2.314360e+02
7.165000e+02 2.513477e-01 1.947492e+02
7.170000e+02 3.519147e-01 1.716557e+02
7.175000e+02 4.078624e-01 1.589327e+02
7.180000e+02 4.300160e-01 1.536687e+02
7.185000e+02 4.374734e-01 1.517363e+02
7.190000e+02 4.648388e-01 1.461156e+02
7.195000e+02 4.637813e-01 1.462227e+02
7.200000e+02 4.597424e-01 1.470223e+02
7.205000e+02 4.756615e-01 1.439668e+02
7.210000e+02 4.770998e-01 1.437915e+02
7.215000e+02 4.758500e-01 1.441859e+02
7.220000e+02 4.733678e-01 1.448519e+02
7.225000e+02 4.691742e-01 1.458778e+02
7.230000e+02 4.501047e-01 1.499874e+02
7.235000e+02 4.163998e-01 1.567733e+02
7.240000e+02 4.556943e-01 1.492503e+02
7.245000e+02 4.535558e-01 1.499545e+02
7.250000e+02 4.492196e-01 1.511019e+02
7.255000e+02 4.432103e-01 1.526083e+02
7.260000e+02 4.376969e-01 1.540147e+02
7.265000e+02 4.267844e-01 1.565224e+02
7.270000e+02 4.216627e-01 1.579146e+02
7.275000e+02 4.148418e-01 1.596676e+02
7.280000e+02 3.997034e-01 1.630513e+02
7.285000e+02 3.995490e-01 1.635012e+02
7.290000e+02 3.940733e-01 1.649875e+02
7.295000e+02 3.858242e-01 1.670608e+02
7.300000e+02 3.512402e-01 1.747227e+02
7.305000e+02 3.638316e-01 1.724440e+02
7.310000e+02 3.415557e-01 1.773834e+02
7.315000e+02 3.383563e-01 1.785678e+02
7.320000e+02 3.372713e-01 1.792676e+02
7.325000e+02 3.290308e-01 1.814323e+02
7.330000e+02 3.187880e-01 1.840502e+02
7.335000e+02 3.071156e-01 1.869938e+02
7.340000e+02 2.925858e-01 1.905345e+02
7.345000e+02 2.669290e-01 1.963161e+02
7.350000e+02 2.372011e-01 2.034457e+02
7.355000e+02 2.556446e-01 2.000678e+02
7.360000e+02 2.420312e-01 2.035689e+02
7.365000e+02 2.217220e-01 2.084910e+02
7.370000e+02 2.124514e-01 2.111392e+02
7.375000e+02 1.970111e-01 2.151033e+02
7.380000e+02 1.810966e-01 2.191935e+02
7.385000e+02 1.649221e-01 2.233642e+02
7.390000e+02 1.484770e-01 2.276150e+02
7.395000e+02 1.316748e-01 2.319576e+02
7.400000e+02 1.130715e-01 2.366706e+02
7.405000e+02 9.032751e-02 2.422059e+02
7.410000e+02 8.376857e-02 2.445576e+02
7.415000e+02 6.934453e-02 2.484460e+02
7.420000e+02 5.555332e-02 2.521818e+02
7.425000e+02 4.285633e-02 2.556631e+02
7.430000e+02 3.154902e-02 2.588149e+02
7.435000e+02 2.207871e-02 2.615316e+02
7.440000e+02 1.433843e-02 2.638176e+02
7.445000e+02 8.483638e-03 2.656258e+02
7.450000e+02 4.499444e-03 2.669457e+02
7.455000e+02 2.172356e-03 2.678203e+02
7.460000e+02 9.473592e-04 2.683829e+02
7.465000e+02 2.932803e-04 2.687669e+02
7.470000e+02 8.238247e-05 2.690132e+02
7.475000e+02 1.529616e-05 2.691958e+02
7.480000e+02 1.468249e-06 2.693419e+02
7.485000e+02 5.820465e-08 2.694661e+02
7.490000e+02 7.397473e-10 2.695738e+02
7.495000e+02 1.428726e-12 2.696664e+02
7.500000e+02 1.531416e-16 2.697439e+02
7.505000e+02 2.074311e-22 2.698057e+02
7.510000e+02 6.139785e-31 2.698517e+02
7.515000e+02 3.547213e-42 2.698816e+02
7.520000e+02 5.772146e-53 2.698952e+02
7.525000e+02 1.464490e-47 2.698925e+02
7.530000e+02 1.074263e-36 2.698737e+02
7.535000e+02 6.264273e-27 2.698389e+02
7.540000e+02 9.026025e-20 2.697883e+02
7.545000e+02 6.784753e-15 2.697223e+02
7.550000e+02 1.878070e-11 2.696413e+02
7.555000e+02 4.255526e-09 2.695455e+02
7.560000e+02 2.026375e-07 2.694349e+02
7.565000e+02 3.392845e-06 2.693072e+02
7.570000e+02 2.693763e-05 2.691546e+02
7.575000e+02 1.351844e-04 2.689557e+02
7.580000e+02 4.937478e-04 2.686644e+02
7.585000e+02 1.342368e-03 2.682176e+02
7.590000e+02 2.993325e-03 2.675387e+02
7.595000e+02 5.750114e-03 2.665568e+02
7.600000e+02 9.828385e-03 2.652248e+02
7.605000e+02 1.527220e-02 2.635361e+02
7.610000e+02 2.249315e-02 2.614168e+02
7.615000e+02 3.098266e-02 2.589789e+02
7.620000e+02 4.070914e-02 2.562419e+02
7.625000e+02 5.152463e-02 2.532499e+02
7.630000e+02 6.312492e-02 2.500776e+02
7.635000e+02 7.524478e-02 2.467909e+02
7.640000e+02 8.762805e-02 2.434533e+02
7.645000e+02 9.998874e-02 2.401331e+02
7.650000e+02 1.107294e-01 2.371591e+02
7.655000e+02 1.233106e-01 2.338483e+02
7.660000e+02 1.325966e-01 2.312180e+02
7.665000e+02 1.400845e-01 2.289923e+02
7.670000e+02 1.540347e-01 2.255635e+02
7.675000e+02 1.614834e-01 2.234769e+02
7.680000e+02 1.677107e-01 2.217160e+02
7.685000e+02 1.711006e-01 2.206204e+02
7.690000e+02 1.712230e-01 2.203014e+02
7.695000e+02 1.671106e-01 2.209900e+02
7.700000e+02 1.571003e-01 2.230817e+02
7.705000e+02 1.407285e-01 2.267431e+02
7.710000e+02 1.151441e-01 2.326929e+02
7.715000e+02 8.045312e-02 2.410974e+02
7.720000e+02 4.060670e-02 2.513712e+02
7.725000e+02 9.515509e-03 2.606738e+02
7.730000e+02 2.418671e-04 2.654639e+02
7.735000e+02 8.379874e-10 2.671408e+02
7.740000e+02 1.667991e-15 2.673714e+02
7.745000e+02 1.730710e-05 2.661691e+02
7.750000e+02 4.230708e-03 2.624996e+02
7.755000e+02 3.193441e-02 2.531293e+02
7.760000e+02 7.854705e-02 2.402889e+02
7.765000e+02 1.280595e-01 2.276376e+02
7.770000e+02 1.792872e-01 2.153738e+02
7.775000e+02 2.202182e-01 2.056513e+02
7.780000e+02 2.505484e-01 1.983812e+02
7.785000e+02 2.777590e-01 1.919782e+02
7.790000e+02 3.014438e-01 1.864267e+02
7.795000e+02 3.126541e-01 1.834587e+02
7.800000e+02 3.319198e-01 1.790344e+02
7.805000e+02 3.509619e-01 1.747484e+02
7.810000e+02 3.635074e-01 1.717964e+02
7.815000e+02 3.731893e-01 1.694599e+02
7.820000e+02 3.767027e-01 1.683616e+02
7.825000e+02 2.960980e-01 1.841534e+02
7.830000e+02 3.943255e-01 1.642434e+02
7.835000e+02 4.008000e-01 1.626882e+02
7.840000e+02 4.090670e-01 1.607850e+02
7.845000e+02 3.926438e-01 1.637189e+02
7.850000e+02 4.116910e-01 1.597515e+02
7.855000e+02 4.225424e-01 1.574312e+02
7.860000e+02 4.327552e-01 1.552198e+02
7.865000e+02 4.392930e-01 1.537443e+02
7.870000e+02 4.438933e-01 1.526588e+02
7.875000e+02 4.480263e-01 1.516752e+02
7.880000e+02 4.517352e-01 1.507860e+02
7.885000e+02 4.550664e-01 1.499811e+02
7.890000e+02 4.580328e-01 1.492579e+02
7.895000e+02 4.611217e-01 1.485197e+02
7.900000e+02 4.634611e-01 1.479433e+02
7.905000e+02 4.639784e-01 1.477542e+02
7.910000e+02 4.624492e-01 1.479737e+02
7.915000e+02 4.625312e-01 1.478447e+02
7.920000e+02 4.699531e-01 1.462535e+02
7.925000e+02 4.718632e-01 1.457489e+02
7.930000e+02 4.531984e-01 1.493347e+02
7.935000e+02 4.694931e-01 1.459992e+02
7.940000e+02 4.805777e-01 1.437409e+02
7.945000e+02 4.829464e-01 1.431904e+02
7.950000e+02 4.858143e-01 1.425427e+02
7.955000e+02 4.877612e-01 1.420849e+02
7.960000e+02 4.887820e-01 1.418268e+02
7.965000e+02 4.909457e-01 1.413240e+02
7.970000e+02 4.922884e-01 1.410001e+02
7.975000e+02 4.934407e-01 1.407155e+02
7.980000e+02 4.945279e-01 1.404415e+02
7.985000e+02 4.926178e-01 1.407583e+02
7.990000e+02 4.933065e-01 1.405649e+02
7.995000e+02 4.963044e-01 1.399347e+02
8.000000e+02 4.995476e-01 1.392398e+02
8.005000e+02 5.005988e-01 1.389895e+02
8.010000e+02 5.013329e-01 1.388078e+02
8.015000e+02 5.018016e-01 1.386842e+02
8.020000e+02 5.007015e-01 1.388795e+02
8.025000e+02 4.942121e-01 1.401677e+02
8.030000e+02 4.977503e-01 1.394486e+02
8.035000e+02 4.982627e-01 1.393189e+02
8.040000e+02 5.031891e-01 1.382981e+02
8.045000e+02 5.044088e-01 1.380010e+02
8.050000e+02 5.057303e-01 1.377039e+02
8.055000e+02 5.063903e-01 1.375467e+02
8.060000e+02 5.053586e-01 1.377418e+02
8.065000e+02 4.994102e-01 1.388785e+02
8.070000e+02 4.992035e-01 1.388965e+02
8.075000e+02 4.409918e-01 1.502827e+02
8.080000e+02 4.959774e-01 1.394132e+02
8.085000e+02 5.079319e-01 1.370745e+02
8.090000e+02 5.101601e-01 1.366216e+02
8.095000e+02 5.085588e-01 1.369525e+02
8.100000e+02 5.091465e-01 1.368073e+02
8.105000e+02 4.986930e-01 1.388403e+02
8.110000e+02 4.861271e-01 1.413912e+02
8.115000e+02 4.376624e-01 1.512381e+02
8.120000e+02 5.100458e-01 1.365818e+02
8.125000e+02 5.106826e-01 1.364423e+02
8.130000e+02 4.881652e-01 1.408648e+02
8.135000e+02 5.050296e-01 1.375252e+02
8.140000e+02 2.845811e-01 1.833507e+02
8.145000e+02 5.107735e-01 1.363939e+02
8.150000e+02 5.137434e-01 1.358059e+02
8.155000e+02 5.147749e-01 1.355977e+02
8.160000e+02 5.148186e-01 1.355889e+02
8.165000e+02 5.151773e-01 1.355181e+02
8.170000e+02 5.151322e-01 1.355301e+02
8.175000e+02 5.147646e-01 1.356088e+02
8.180000e+02 5.139750e-01 1.357693e+02
8.185000e+02 5.043790e-01 1.376988e+02
8.190000e+02 5.126527e-01 1.360506e+02
8.195000e+02 5.059097e-01 1.373798e+02
8.200000e+02 5.063466e-01 1.373071e+02
8.205000e+02 5.113609e-01 1.363536e+02
8.210000e+02 5.124995e-01 1.361391e+02
8.215000e+02 5.121775e-01 1.362229e+02
8.220000e+02 5.111208e-01 1.364614e+02
8.225000e+02 5.103657e-01 1.366340e+02
8.230000e+02 5.094750e-01 1.368424e+02
8.235000e+02 5.078801e-01 1.372007e+02
8.240000e+02 5.055723e-01 1.377071e+02
8.245000e+02 5.030369e-01 1.382544e+02
8.250000e+02 4.975113e-01 1.394044e+02
8.255000e+02 4.677298e-01 1.452687e+02
8.260000e+02 4.611737e-01 1.466667e+02
8.265000e+02 4.295948e-01 1.532782e+02
8.270000e+02 4.831623e-01 1.427025e+02
8.275000e+02 4.776269e-01 1.439465e+02
8.280000e+02 4.226785e-01 1.556664e+02
8.285000e+02 4.693489e-01 1.458393e+02
8.290000e+02 4.666540e-01 1.465530e+02
8.295000e+02 4.565080e-01 1.488223e+02
8.300000e+02 4.424479e-01 1.519350e+02
8.305000e+02 3.977465e-01 1.613184e+02
8.310000e+02 2.310366e-01 1.956833e+02
8.315000e+02 3.139745e-01 1.797367e+02
8.320000e+02 2.916836e-01 1.859105e+02
8.325000e+02 2.143393e-01 2.041037e+02
8.330000e+02 1.024725e-01 2.310620e+02
8.335000e+02 1.493392e-02 2.551191e+02
8.340000e+02 2.756499e-06 2.625780e+02
8.345000e+02 6.978468e-04 2.612258e+02
8.350000e+02 4.465236e-02 2.463678e+02
8.355000e+02 1.534341e-01 2.187873e+02
8.360000e+02 2.567707e-01 1.944707e+02
8.365000e+02 3.211754e-01 1.793971e+02
8.370000e+02 3.444284e-01 1.732986e+02
8.375000e+02 3.980518e-01 1.617572e+02
8.380000e+02 4.007329e-01 1.605458e+02
8.385000e+02 3.913422e-01 1.620029e+02
8.390000e+02 4.462684e-01 1.508784e+02
8.395000e+02 3.953820e-01 1.605041e+02
8.400000e+02 4.323864e-01 1.531144e+02
8.405000e+02 4.397546e-01 1.515659e+02
8.410000e+02 3.352006e-01 1.721739e+02
8.415000e+02 3.631380e-01 1.664429e+02
8.420000e+02 3.663293e-01 1.657560e+02
8.425000e+02 3.000673e-01 1.782456e+02
8.430000e+02 1.227312e-01 2.131013e+02
8.435000e+02 4.374784e-01 1.515296e+02
8.440000e+02 4.793816e-01 1.433685e+02
8.445000e+02 4.921325e-01 1.408454e+02
8.450000e+02 4.966676e-01 1.399374e+02
8.455000e+02 4.968602e-01 1.399193e+02
8.460000e+02 5.008439e-01 1.390993e+02
8.465000e+02 5.006587e-01 1.391605e+02
8.470000e+02 5.029197e-01 1.387055e+02
8.475000e+02 5.026277e-01 1.387887e+02
8.480000e+02 5.015662e-01 1.390357e+02
8.485000e+02 4.998255e-01 1.394149e+02
8.490000e+02 4.363889e-01 1.521262e+02
8.495000e+02 4.985784e-01 1.396699e+02
8.500000e+02 4.980705e-01 1.397686e+02
8.505000e+02 5.036010e-01 1.386511e+02
8.510000e+02 5.042423e-01 1.385240e+02
8.515000e+02 5.033920e-01 1.387021e+02
8.520000e+02 5.039207e-01 1.386189e+02
8.525000e+02 5.008879e-01 1.392563e+02
8.530000e+02 4.982269e-01 1.398271e+02
8.535000e+02 4.969570e-01 1.400886e+02
8.540000e+02 5.012140e-01 1.392659e+02
8.545000e+02 5.024619e-01 1.390076e+02
8.550000e+02 5.026844e-01 1.389644e+02
8.555000e+02 4.975602e-01 1.400189e+02
8.560000e+02 5.021177e-01 1.391099e+02
8.565000e+02 4.991416e-01 1.397437e+02
8.570000e+02 4.953395e-01 1.405337e+02
8.575000e+02 4.862065e-01 1.423339e+02
8.580000e+02 2.806319e-01 1.836329e+02
8.585000e+02 4.893884e-01 1.418715e+02
8.590000e+02 4.938690e-01 1.411342e+02
8.595000e+02 4.926802e-01 1.415038e+02
8.600000e+02 4.908609e-01 1.419507e+02
8.605000e+02 4.875336e-01 1.426029e+02
8.610000e+02 4.895391e-01 1.421053e+02
8.615000e+02 3.884432e-01 1.623993e+02
8.620000e+02 4.922169e-01 1.414283e+02
8.625000e+02 4.882027e-01 1.421535e+02
8.630000e+02 4.127063e-01 1.570046e+02
8.635000e+02 4.939701e-01 1.410153e+02
8.640000e+02 4.977488e-01 1.402893e+02
8.645000e+02 4.985671e-01 1.401346e+02
8.650000e+02 4.984349e-01 1.401748e+02
8.655000e+02 4.923960e-01 1.414139e+02
8.660000e+02 4.827843e-01 1.432780e+02
8.665000e+02 4.957361e-01 1.407448e+02
8.670000e+02 4.979992e-01 1.403234e+02
8.675000e+02 4.980729e-01 1.403288e+02
8.680000e+02 4.977740e-01 1.404086e+02
8.685000e+02 4.934630e-01 1.413030e+02
8.690000e+02 4.852514e-01 1.429423e+02
8.695000e+02 4.883506e-01 1.424626e+02
8.700000e+02 4.959597e-01 1.408611e+02
8.705000e+02 4.950296e-01 1.410667e+02
8.710000e+02 4.959133e-01 1.409162e+02
8.715000e+02 4.955594e-01 1.410111e+02
8.720000e+02 4.951873e-01 1.411102e+02
8.725000e+02 4.947179e-01 1.412312e+02
8.730000e+02 4.943625e-01 1.413261e+02
8.735000e+02 4.939486e-01 1.414348e+02
8.740000e+02 4.922319e-01 1.418059e+02
8.745000e+02 4.929347e-01 1.416911e+02
8.750000e+02 4.923218e-01 1.418408e+02
8.755000e+02 4.815574e-01 1.440541e+02
8.760000e+02 4.911103e-01 1.421424e+02
8.765000e+02 4.905657e-01 1.422858e+02
8.770000e+02 4.896627e-01 1.425041e+02
8.775000e+02 4.882905e-01 1.428252e+02
8.780000e+02 4.857080e-01 1.433897e+02
8.785000e+02 4.809908e-01 1.443409e+02
8.790000e+02 4.855383e-01 1.434777e+02
8.795000e+02 4.862557e-01 1.433440e+02
8.800000e+02 4.864369e-01 1.433202e+02
8.805000e+02 4.858995e-01 1.434480e+02
8.810000e+02 4.841807e-01 1.438132e+02
8.815000e+02 4.787220e-01 1.449321e+02
8.820000e+02 4.823354e-01 1.442286e+02
8.825000e+02 4.761254e-01 1.454529e+02
8.830000e+02 3.247992e-01 1.754153e+02
8.835000e+02 4.708963e-01 1.465272e+02
8.840000e+02 4.793886e-01 1.449399e+02
8.845000e+02 4.803023e-01 1.448032e+02
8.850000e+02 4.798175e-01 1.449361e+02
8.855000e+02 4.763847e-01 1.456638e+02
8.860000e+02 4.757069e-01 1.458198e+02
8.865000e+02 4.093592e-01 1.590913e+02
8.870000e+02 4.676365e-01 1.474708e+02
8.875000e+02 4.641828e-01 1.481839e+02
8.880000e+02 4.345764e-01 1.539583e+02
8.885000e+02 4.624058e-01 1.486008e+02
8.890000e+02 4.723513e-01 1.467504e+02
8.895000e+02 4.730588e-01 1.466755e+02
8.900000e+02 4.724605e-01 1.468603e+02
8.905000e+02 4.711244e-01 1.471993e+02
8.910000e+02 4.695150e-01 1.476070e+02
8.915000e+02 4.673400e-01 1.481479e+02
8.920000e+02 4.643723e-01 1.488798e+02
8.925000e+02 4.600823e-01 1.499157e+02
8.930000e+02 4.543148e-01 1.512736e+02
8.935000e+02 4.466578e-01 1.529653e+02
8.940000e+02 4.454167e-01 1.532763e+02
8.945000e+02 4.381106e-01 1.547304e+02
8.950000e+02 4.089249e-01 1.602625e+02
8.955000e+02 4.382021e-01 1.546076e+02
8.960000e+02 3.551935e-01 1.708460e+02
8.965000e+02 4.488924e-01 1.522991e+02
8.970000e+02 4.555896e-01 1.510012e+02
8.975000e+02 4.565590e-01 1.508452e+02
8.980000e+02 4.560192e-01 1.510149e+02
8.985000e+02 4.544496e-01 1.514130e+02
8.990000e+02 4.530141e-01 1.517903e+02
8.995000e+02 4.517045e-01 1.521207e+02
9.000000e+02 4.509144e-01 1.523223e+02
9.005000e+02 4.495657e-01 1.526350e+02
9.010000e+02 4.445891e-01 1.536842e+02
9.015000e+02 4.448052e-01 1.537442e+02
9.020000e+02 4.437230e-01 1.540942e+02
9.025000e+02 4.393074e-01 1.551149e+02
9.030000e+02 4.369165e-01 1.557346e+02
9.035000e+02 4.295568e-01 1.573128e+02
9.040000e+02 4.313118e-01 1.571463e+02
9.045000e+02 4.159550e-01 1.604852e+02
9.050000e+02 4.218675e-01 1.595542e+02
9.055000e+02 4.133000e-01 1.616668e+02
9.060000e+02 4.047687e-01 1.637329e+02
9.065000e+02 3.970494e-01 1.654511e+02
9.070000e+02 4.032226e-01 1.641269e+02
9.075000e+02 4.008127e-01 1.645877e+02
9.080000e+02 3.773369e-01 1.692134e+02
9.085000e+02 3.654235e-01 1.717648e+02
9.090000e+02 3.822077e-01 1.689253e+02
9.095000e+02 3.811432e-01 1.696029e+02
9.100000e+02 3.668512e-01 1.730262e+02
9.105000e+02 3.588288e-01 1.752321e+02
9.110000e+02 3.437032e-01 1.790476e+02
9.115000e+02 3.235624e-01 1.840577e+02
9.120000e+02 2.886472e-01 1.922688e+02
9.125000e+02 2.683920e-01 1.978669e+02
9.130000e+02 2.307534e-01 2.073232e+02
9.135000e+02 1.853173e-01 2.187780e+02
9.140000e+02 1.335328e-01 2.319227e+02
9.145000e+02 8.103966e-02 2.454226e+02
9.150000e+02 3.817629e-02 2.567250e+02
9.155000e+02 1.356769e-02 2.635154e+02
9.160000e+02 5.104332e-03 2.659874e+02
9.165000e+02 6.978811e-03 2.654202e+02
9.170000e+02 2.080454e-02 2.614477e+02
9.175000e+02 5.252186e-02 2.528681e+02
9.180000e+02 9.934243e-02 2.406675e+02
9.185000e+02 1.493696e-01 2.278105e+02
9.190000e+02 1.925208e-01 2.166568e+02
9.195000e+02 2.323100e-01 2.066252e+02
9.200000e+02 2.680431e-01 1.978065e+02
9.205000e+02 2.970409e-01 1.906731e+02
9.210000e+02 3.184499e-01 1.853273e+02
9.215000e+02 3.332898e-01 1.815095e+02
9.220000e+02 3.456141e-01 1.783537e+02
9.225000e+02 3.607864e-01 1.747946e+02
9.230000e+02 3.708483e-01 1.723291e+02
9.235000e+02 3.779973e-01 1.705312e+02
9.240000e+02 3.845697e-01 1.689108e+02
9.245000e+02 3.881650e-01 1.679327e+02
9.250000e+02 3.779316e-01 1.696566e+02
9.255000e+02 3.844753e-01 1.682052e+02
9.260000e+02 3.946903e-01 1.660954e+02
9.265000e+02 3.805881e-01 1.687262e+02
9.270000e+02 4.021260e-01 1.644403e+02
9.275000e+02 3.594605e-01 1.729084e+02
9.280000e+02 4.035910e-01 1.640468e+02
9.285000e+02 3.994029e-01 1.648625e+02
9.290000e+02 4.080376e-01 1.630757e+02
9.295000e+02 4.094162e-01 1.627551e+02
9.300000e+02 4.109345e-01 1.624204e+02
9.305000e+02 4.114719e-01 1.622927e+02
9.310000e+02 4.115763e-01 1.622603e+02
9.315000e+02 4.104734e-01 1.624713e+02
9.320000e+02 4.095687e-01 1.626489e+02
9.325000e+02 4.040414e-01 1.637198e+02
9.330000e+02 3.458185e-01 1.749500e+02
9.335000e+02 3.898983e-01 1.664888e+02
9.340000e+02 4.072321e-01 1.631581e+02
9.345000e+02 4.095050e-01 1.627440e+02
9.350000e+02 4.097737e-01 1.627188e+02
9.355000e+02 4.091923e-01 1.628602e+02
9.360000e+02 4.068813e-01 1.633547e+02
9.365000e+02 4.085247e-01 1.630625e+02
9.370000e+02 4.058794e-01 1.636140e+02
9.375000e+02 4.065780e-01 1.635243e+02
9.380000e+02 4.066449e-01 1.635616e+02
9.385000e+02 4.058309e-01 1.637688e+02
9.390000e+02 4.050739e-01 1.639639e+02
9.395000e+02 4.041985e-01 1.641839e+02
9.400000e+02 4.026226e-01 1.645452e+02
9.405000e+02 4.020929e-01 1.647031e+02
9.410000e+02 4.010637e-01 1.649618e+02
9.415000e+02 4.000052e-01 1.652283e+02
9.420000e+02 3.989402e-01 1.654987e+02
9.425000e+02 3.973581e-01 1.658752e+02
9.430000e+02 3.958105e-01 1.662470e+02
9.435000e+02 3.929479e-01 1.668894e+02
9.440000e+02 3.934638e-01 1.668568e+02
9.445000e+02 3.906789e-01 1.674827e+02
9.450000e+02 3.835301e-01 1.689526e+02
9.455000e+02 3.889265e-01 1.679723e+02
9.460000e+02 3.879730e-01 1.682323e+02
9.465000e+02 3.865341e-01 1.685912e+02
9.470000e+02 3.848282e-01 1.690069e+02
9.475000e+02 3.823143e-01 1.695894e+02
9.480000e+02 3.797598e-01 1.701703e+02
9.485000e+02 3.699035e-01 1.721520e+02
9.490000e+02 3.441784e-01 1.772122e+02
9.495000e+02 3.724017e-01 1.718957e+02
9.500000e+02 3.712896e-01 1.722241e+02
9.505000e+02 3.569380e-01 1.750867e+02
9.510000e+02 3.590823e-01 1.747947e+02
9.515000e+02 3.400657e-01 1.789542e+02
9.520000e+02 3.644029e-01 1.740469e+02
9.525000e+02 3.620166e-01 1.746528e+02
9.530000e+02 3.587223e-01 1.754495e+02
9.535000e+02 3.517477e-01 1.769680e+02
9.540000e+02 3.514743e-01 1.771818e+02
9.545000e+02 3.421985e-01 1.791053e+02
9.550000e+02 3.453414e-01 1.786675e+02
9.555000e+02 3.437561e-01 1.791017e+02
9.560000e+02 3.268510e-01 1.825544e+02
9.565000e+02 3.391446e-01 1.803204e+02
9.570000e+02 3.337992e-01 1.815545e+02
9.575000e+02 3.314782e-01 1.821904e+02
9.580000e+02 3.221734e-01 1.841847e+02
9.585000e+02 9.690238e-02 2.296245e+02
9.590000e+02 3.143677e-01 1.861692e+02
9.595000e+02 3.149810e-01 1.863248e+02
9.600000e+02 3.107228e-01 1.874276e+02
9.605000e+02 3.064499e-01 1.885507e+02
9.610000e+02 3.009918e-01 1.899285e+02
9.615000e+02 2.948085e-01 1.914758e+02
9.620000e+02 2.878360e-01 1.932082e+02
9.625000e+02 2.784563e-01 1.954477e+02
9.630000e+02 2.724091e-01 1.970870e+02
9.635000e+02 2.633317e-01 1.993691e+02
9.640000e+02 2.530584e-01 2.019500e+02
9.645000e+02 2.412923e-01 2.049042e+02
9.650000e+02 2.277600e-01 2.083048e+02
9.655000e+02 2.121554e-01 2.122383e+02
9.660000e+02 1.939199e-01 2.168465e+02
9.665000e+02 1.723551e-01 2.223091e+02
9.670000e+02 1.469005e-01 2.287833e+02
9.675000e+02 1.172436e-01 2.363715e+02
9.680000e+02 8.403836e-02 2.449454e+02
9.685000e+02 5.004332e-02 2.538485e+02
9.690000e+02 1.796231e-02 2.622244e+02
9.695000e+02 6.257149e-03 2.660524e+02
9.700000e+02 1.478168e-03 2.677090e+02
9.705000e+02 1.445402e-03 2.677626e+02
9.710000e+02 5.327161e-03 2.664386e+02
9.715000e+02 1.724458e-02 2.628986e+02
9.720000e+02 3.694829e-02 2.574490e+02
9.725000e+02 5.804305e-02 2.517765e+02
9.730000e+02 4.038609e-02 2.542782e+02
9.735000e+02 8.846346e-02 2.437633e+02
9.740000e+02 9.652486e-02 2.417003e+02
9.745000e+02 9.975327e-02 2.408654e+02
9.750000e+02 9.939150e-02 2.409574e+02
9.755000e+02 9.625558e-02 2.417689e+02
9.760000e+02 9.084101e-02 2.431653e+02
9.765000e+02 8.145329e-02 2.454588e+02
9.770000e+02 7.559292e-02 2.471317e+02
9.775000e+02 6.688499e-02 2.494414e+02
9.780000e+02 5.741603e-02 2.519504e+02
9.785000e+02 4.755963e-02 2.545662e+02
9.790000e+02 3.848072e-02 2.570467e+02
9.795000e+02 2.970210e-02 2.594657e+02
9.800000e+02 1.919786e-02 2.622152e+02
9.805000e+02 1.517647e-02 2.636376e+02
9.810000e+02 9.692774e-03 2.653020e+02
9.815000e+02 5.551742e-03 2.666336e+02
9.820000e+02 2.761032e-03 2.676212e+02
9.825000e+02 1.115839e-03 2.683032e+02
9.830000e+02 3.043647e-04 2.687480e+02
9.835000e+02 8.373812e-05 2.690173e+02
9.840000e+02 1.174511e-05 2.692134e+02
9.845000e+02 8.027119e-07 2.693676e+02
9.850000e+02 1.842477e-08 2.694981e+02
9.855000e+02 7.778349e-11 2.696095e+02
9.860000e+02 2.286340e-14 2.697021e+02
9.865000e+02 1.405249e-19 2.697748e+02
9.870000e+02 4.887738e-27 2.698264e+02
9.875000e+02 4.635267e-36 2.698564e+02
9.880000e+02 4.863862e-41 2.698643e+02
9.885000e+02 2.014706e-33 2.698499e+02
9.890000e+02 1.207720e-24 2.698138e+02
9.895000e+02 6.939574e-18 2.697563e+02
9.900000e+02 3.077289e-13 2.696786e+02
9.905000e+02 4.101542e-10 2.695818e+02
9.910000e+02 5.467509e-08 2.694670e+02
9.915000e+02 1.651365e-06 2.693337e+02
9.920000e+02 1.906073e-05 2.691757e+02
9.925000e+02 1.103519e-04 2.689743e+02
9.930000e+02 4.317688e-04 2.686883e+02
9.935000e+02 1.202076e-03 2.682654e+02
9.940000e+02 2.473788e-03 2.676900e+02
9.945000e+02 4.269388e-03 2.669534e+02
9.950000e+02 8.009330e-03 2.657676e+02
9.955000e+02 1.275723e-02 2.642909e+02
9.960000e+02 1.959923e-02 2.623190e+02
9.965000e+02 2.767720e-02 2.600433e+02
9.970000e+02 3.670179e-02 2.575496e+02
9.975000e+02 4.618593e-02 2.549554e+02
9.980000e+02 5.647510e-02 2.522050e+02
9.985000e+02 6.637885e-02 2.495440e+02
9.990000e+02 7.547642e-02 2.470486e+02
9.995000e+02 8.738387e-02 2.440431e+02
1.000000e+03 9.794457e-02 2.413144e+02
