# am version 14.0 (build date Sep 30 2024 09:36:11)

# run time 0.765 s
# dcache hit: 230  miss: 40  discard: 40

f 10 GHz  400 GHz  400 MHz
output text  f GHz  tx none  Tb K

tol 0.0001
selfbroad_vmr_tol 0.003

geometry plane-parallel
refract none
za 30 deg
PTmode Pbase Tbase

g 980.665 cm*s^-2
dg_dz 0 s^-2

Nscale troposphere h2o 30.05

T0 2.7 K

layer mesosphere
# P 0.1 mbar
# T 107.8 K
# dP 0.1 mbar
Pbase 0.1 mbar
Tbase 107.8 K
Mair 28.964 h2o o3  (28.964)
lineshape Voigt-Kielkopf ch4 co co2 h2o_lines n2o o2_coupled o2_uncoupled o3
column dry_air hydrostatic (0.999992)  (2.12016e+21 cm^-2)
! Warning: Column included 3047 unresolved lines.
column h2o hydrostatic 6.22e-06  (1.31875e+16 cm^-2)
! Warning: Column included 332 unresolved lines.
column o3 hydrostatic 1.78e-06  (3.77392e+15 cm^-2)
! Warning: Column included 9503 unresolved lines.

layer mesosphere
# P 0.2 mbar
# T 114.866 K
# dP 0.2 mbar
Pbase 0.3 mbar
Tbase 119 K
Mair 28.964 h2o o3  (28.964)
lineshape Voigt-Kielkopf ch4 co co2 h2o_lines n2o o2_coupled o2_uncoupled o3
column dry_air hydrostatic (0.999992)  (4.24032e+21 cm^-2)
! Warning: Column included 3047 unresolved lines.
column h2o hydrostatic 6.47e-06  (2.74351e+16 cm^-2)
! Warning: Column included 332 unresolved lines.
column o3 hydrostatic 1.66e-06  (7.03899e+15 cm^-2)
! Warning: Column included 9503 unresolved lines.

layer mesosphere
# P 0.35 mbar
# T 120.661 K
# dP 0.1 mbar
Pbase 0.4 mbar
Tbase 122.1 K
Mair 28.964 h2o o3  (28.964)
lineshape Voigt-Kielkopf ch4 co co2 h2o_lines n2o o2_coupled o2_uncoupled o3
column dry_air hydrostatic (0.999992)  (2.12016e+21 cm^-2)
! Warning: Column included 3047 unresolved lines.
column h2o hydrostatic 6.72e-06  (1.42476e+16 cm^-2)
! Warning: Column included 332 unresolved lines.
column o3 hydrostatic 1.61e-06  (3.41349e+15 cm^-2)
! Warning: Column included 9503 unresolved lines.

layer mesosphere
# P 0.45 mbar
# T 123.631 K
# dP 0.1 mbar
Pbase 0.5 mbar
Tbase 125 K
Mair 28.964 h2o o3  (28.964)
lineshape Voigt-Kielkopf ch4 co co2 h2o_lines n2o o2_coupled o2_uncoupled o3
column dry_air hydrostatic (0.999992)  (2.12016e+21 cm^-2)
! Warning: Column included 3047 unresolved lines.
column h2o hydrostatic 6.7e-06  (1.42052e+16 cm^-2)
! Warning: Column included 332 unresolved lines.
column o3 hydrostatic 1.78e-06  (3.77392e+15 cm^-2)
! Warning: Column included 9503 unresolved lines.

layer mesosphere
# P 0.6 mbar
# T 127.005 K
# dP 0.2 mbar
Pbase 0.7 mbar
Tbase 128.7 K
Mair 28.964 h2o o3  (28.964)
lineshape Voigt-Kielkopf ch4 co co2 h2o_lines n2o o2_coupled o2_uncoupled o3
column dry_air hydrostatic (0.999991)  (4.24032e+21 cm^-2)
! Warning: Column included 3047 unresolved lines.
column h2o hydrostatic 6.63e-06  (2.81136e+16 cm^-2)
! Warning: Column included 332 unresolved lines.
column o3 hydrostatic 2.07e-06  (8.77753e+15 cm^-2)
! Warning: Column included 9503 unresolved lines.

layer stratosphere
# P 0.85 mbar
# T 129.517 K
# dP 0.3 mbar
Pbase 1 mbar
Tbase 130.2 K
Mair 28.964 h2o o3  (28.964)
lineshape Voigt-Kielkopf ch4 co co2 h2o_lines n2o o2_coupled o2_uncoupled o3
column dry_air hydrostatic (0.999991)  (6.36047e+21 cm^-2)
! Warning: Column included 3047 unresolved lines.
column h2o hydrostatic 6.46e-06  (4.1089e+16 cm^-2)
! Warning: Column included 332 unresolved lines.
column o3 hydrostatic 2.58e-06  (1.64102e+16 cm^-2)
! Warning: Column included 9503 unresolved lines.

layer stratosphere
# P 1.5 mbar
# T 128.036 K
# dP 1 mbar
Pbase 2 mbar
Tbase 126.5 K
Mair 28.964 h2o o3  (28.964)
lineshape Gross ch4 co co2 n2o o2_uncoupled o3
lineshape VVW_coupled o2_coupled
lineshape VVH_750 h2o_lines
column dry_air hydrostatic (0.99999)  (2.12015e+22 cm^-2)
! Warning: Column included 3047 unresolved lines.
column h2o hydrostatic 6.09e-06  (1.29119e+17 cm^-2)
! Warning: Column included 332 unresolved lines.
column o3 hydrostatic 3.87e-06  (8.20508e+16 cm^-2)
! Warning: Column included 9503 unresolved lines.

layer stratosphere
# P 2.5 mbar
# T 124.464 K
# dP 1 mbar
Pbase 3 mbar
Tbase 122.8 K
Mair 28.964 h2o o3  (28.964)
lineshape Gross ch4 co co2 n2o o2_uncoupled o3
lineshape VVW_coupled o2_coupled
lineshape VVH_750 h2o_lines
column dry_air hydrostatic (0.999989)  (2.12015e+22 cm^-2)
! Warning: Column included 3047 unresolved lines.
column h2o hydrostatic 5.66e-06  (1.20002e+17 cm^-2)
! Warning: Column included 332 unresolved lines.
column o3 hydrostatic 5.7e-06  (1.2085e+17 cm^-2)
! Warning: Column included 9503 unresolved lines.

layer stratosphere
# P 3.5 mbar
# T 121.568 K
# dP 1 mbar
Pbase 4 mbar
Tbase 120.5 K
Mair 28.964 h2o o3  (28.9641)
lineshape Gross ch4 co co2 n2o o2_uncoupled o3
lineshape VVW_coupled o2_coupled
lineshape VVH_750 h2o_lines
column dry_air hydrostatic (0.999987)  (2.12014e+22 cm^-2)
! Warning: Column included 3047 unresolved lines.
column h2o hydrostatic 5.38e-06  (1.14065e+17 cm^-2)
! Warning: Column included 332 unresolved lines.
column o3 hydrostatic 7.19e-06  (1.5244e+17 cm^-2)
! Warning: Column included 9503 unresolved lines.

layer stratosphere
# P 4.5 mbar
# T 119.603 K
# dP 1 mbar
Pbase 5 mbar
Tbase 118.8 K
Mair 28.964 h2o o3  (28.9641)
lineshape Gross ch4 co co2 n2o o2_uncoupled o3
lineshape VVW_coupled o2_coupled
lineshape VVH_750 h2o_lines
column dry_air hydrostatic (0.999987)  (2.12014e+22 cm^-2)
! Warning: Column included 3047 unresolved lines.
column h2o hydrostatic 5.2e-06  (1.10249e+17 cm^-2)
! Warning: Column included 332 unresolved lines.
column o3 hydrostatic 8.18e-06  (1.7343e+17 cm^-2)
! Warning: Column included 9503 unresolved lines.

layer stratosphere
# P 6 mbar
# T 117.174 K
# dP 2 mbar
Pbase 7 mbar
Tbase 115.8 K
Mair 28.964 h2o o3  (28.9641)
lineshape Gross ch4 co co2 n2o o2_uncoupled o3
lineshape VVW_coupled o2_coupled
lineshape VVH_750 h2o_lines
column dry_air hydrostatic (0.999986)  (4.24027e+22 cm^-2)
! Warning: Column included 3047 unresolved lines.
column h2o hydrostatic 5.03e-06  (2.13289e+17 cm^-2)
! Warning: Column included 332 unresolved lines.
column o3 hydrostatic 8.88e-06  (3.76542e+17 cm^-2)
! Warning: Column included 9503 unresolved lines.

layer stratosphere
# P 8.5 mbar
# T 114.548 K
# dP 3 mbar
Pbase 10 mbar
Tbase 113.5 K
Mair 28.964 h2o o3  (28.9641)
lineshape Gross ch4 co co2 n2o o2_uncoupled o3
lineshape VVW_coupled o2_coupled
lineshape VVH_750 h2o_lines
column dry_air hydrostatic (0.999986)  (6.36041e+22 cm^-2)
! Warning: Column included 3047 unresolved lines.
column h2o hydrostatic 4.86e-06  (3.0912e+17 cm^-2)
! Warning: Column included 332 unresolved lines.
column o3 hydrostatic 9.2e-06  (5.85166e+17 cm^-2)
! Warning: Column included 9503 unresolved lines.

layer stratosphere
# P 15 mbar
# T 111.043 K
# dP 10 mbar
Pbase 20 mbar
Tbase 109.3 K
Mair 28.964 h2o o3  (28.9641)
lineshape Gross ch4 co co2 n2o o2_uncoupled o3
lineshape VVW_coupled o2_coupled
lineshape VVH_750 h2o_lines
column dry_air hydrostatic (0.999987)  (2.12014e+23 cm^-2)
! Warning: Column included 3047 unresolved lines.
column h2o hydrostatic 4.66e-06  (9.87998e+17 cm^-2)
! Warning: Column included 332 unresolved lines.
column o3 hydrostatic 7.99e-06  (1.69401e+18 cm^-2)
! Warning: Column included 9503 unresolved lines.

layer stratosphere
# P 25 mbar
# T 107.814 K
# dP 10 mbar
Pbase 30 mbar
Tbase 106.6 K
Mair 28.964 h2o o3  (28.9641)
lineshape Gross ch4 co co2 n2o o2_uncoupled o3
lineshape VVW_coupled o2_coupled
lineshape VVH_750 h2o_lines
column dry_air hydrostatic (0.99999)  (2.12015e+23 cm^-2)
! Warning: Column included 3047 unresolved lines.
column h2o hydrostatic 4.48e-06  (9.49837e+17 cm^-2)
! Warning: Column included 332 unresolved lines.
column o3 hydrostatic 5.53e-06  (1.17245e+18 cm^-2)
! Warning: Column included 9503 unresolved lines.

layer stratosphere
# P 35 mbar
# T 105.26 K
# dP 10 mbar
Pbase 40 mbar
Tbase 104.1 K
Mair 28.964 h2o o3  (28.964)
lineshape Gross ch4 co co2 n2o o2_uncoupled o3
lineshape VVW_coupled o2_coupled
lineshape VVH_750 h2o_lines
column dry_air hydrostatic (0.999992)  (2.12016e+23 cm^-2)
! Warning: Column included 3047 unresolved lines.
column h2o hydrostatic 4.4e-06  (9.32876e+17 cm^-2)
! Warning: Column included 332 unresolved lines.
column o3 hydrostatic 3.44e-06  (7.2934e+17 cm^-2)
! Warning: Column included 9503 unresolved lines.

layer stratosphere
# P 45 mbar
# T 102.728 K
# dP 10 mbar
Pbase 50 mbar
Tbase 101.5 K
Mair 28.964 h2o o3  (28.964)
lineshape Gross ch4 co co2 n2o o2_uncoupled o3
lineshape VVW_coupled o2_coupled
lineshape VVH_750 h2o_lines
column dry_air hydrostatic (0.999994)  (2.12016e+23 cm^-2)
! Warning: Column included 3047 unresolved lines.
column h2o hydrostatic 4.35e-06  (9.22276e+17 cm^-2)
! Warning: Column included 332 unresolved lines.
column o3 hydrostatic 2.08e-06  (4.40997e+17 cm^-2)
! Warning: Column included 9503 unresolved lines.

layer stratosphere
# P 60 mbar
# T 98.7907 K
# dP 20 mbar
Pbase 70 mbar
Tbase 96.5 K
Mair 28.964 h2o o3  (28.964)
lineshape Gross ch4 co co2 n2o o2_uncoupled o3
lineshape VVW_coupled o2_coupled
lineshape VVH_750 h2o_lines
column dry_air hydrostatic (0.999995)  (4.24033e+23 cm^-2)
! Warning: Column included 3047 unresolved lines.
column h2o hydrostatic 4.18e-06  (1.77247e+18 cm^-2)
! Warning: Column included 318 unresolved lines.
column o3 hydrostatic 1.04e-06  (4.40997e+17 cm^-2)
! Warning: Column included 9503 unresolved lines.

layer troposphere
# P 85 mbar
# T 96.1734 K
# dP 30 mbar
Pbase 100 mbar
Tbase 95.9 K
Mair 28.964 h2o o3  (28.9629)
lineshape Gross ch4 co co2 n2o o2_uncoupled o3
lineshape VVW_coupled o2_coupled
lineshape VVH_750 h2o_lines
column dry_air hydrostatic (0.999897)  (6.36012e+23 cm^-2)
! Warning: Column included 2328 unresolved lines.
column h2o hydrostatic 3.41e-06  (2.16902e+18 cm^-2)  (* 30.0500)
! Warning: Column included 178 unresolved lines.
column o3 hydrostatic 3.23e-07  (2.05453e+17 cm^-2)
! Warning: Column included 1 unresolved line.

layer troposphere
# P 125 mbar
# T 99.4222 K
# dP 50 mbar
Pbase 150 mbar
Tbase 102.3 K
Mair 28.964 h2o o3  (28.9621)
lineshape Gross ch4 co co2 n2o o2_uncoupled o3
lineshape VVW_coupled o2_coupled
lineshape VVH_750 h2o_lines
column dry_air hydrostatic (0.999828)  (1.05997e+24 cm^-2)
! Warning: Column included 2071 unresolved lines.
column h2o hydrostatic 5.73e-06  (6.0747e+18 cm^-2)  (* 30.0500)
! Warning: Column included 98 unresolved lines.
column o3 hydrostatic 9.5e-08  (1.00715e+17 cm^-2)

layer troposphere
# P 175 mbar
# T 105.997 K
# dP 50 mbar
Pbase 200 mbar
Tbase 109.2 K
Mair 28.964 h2o o3  (28.9581)
lineshape Gross ch4 co co2 n2o o2_uncoupled o3
lineshape VVW_coupled o2_coupled
lineshape VVH_750 h2o_lines
column dry_air hydrostatic (0.999459)  (1.05973e+24 cm^-2)
! Warning: Column included 1303 unresolved lines.
column h2o hydrostatic 1.8e-05  (1.90855e+19 cm^-2)  (* 30.0500)
! Warning: Column included 60 unresolved lines.
column o3 hydrostatic 5.11e-08  (5.41815e+16 cm^-2)

layer troposphere
# P 225 mbar
# T 112.261 K
# dP 50 mbar
Pbase 250 mbar
Tbase 115 K
Mair 28.964 h2o o3  (28.952)
lineshape Gross ch4 co co2 n2o o2_uncoupled o3
lineshape VVW_coupled o2_coupled
lineshape VVH_750 h2o_lines
column dry_air hydrostatic (0.9989)  (1.05936e+24 cm^-2)
! Warning: Column included 11 unresolved lines.
column h2o hydrostatic 3.66e-05  (3.88153e+19 cm^-2)  (* 30.0500)
! Warning: Column included 41 unresolved lines.
column o3 hydrostatic 4.31e-08  (4.57088e+16 cm^-2)

layer troposphere
# P 275 mbar
# T 117.509 K
# dP 50 mbar
Pbase 300 mbar
Tbase 119.8 K
Mair 28.964 h2o o3  (28.9487)
lineshape Gross ch4 co co2 n2o o2_uncoupled o3
lineshape VVW_coupled o2_coupled
lineshape VVH_750 h2o_lines
column dry_air hydrostatic (0.998603)  (1.05917e+24 cm^-2)
column h2o hydrostatic 4.65e-05  (4.93201e+19 cm^-2)  (* 30.0500)
! Warning: Column included 26 unresolved lines.
column o3 hydrostatic 4.26e-08  (4.51836e+16 cm^-2)

layer troposphere
# P 325 mbar
# T 121.877 K
# dP 50 mbar
Pbase 350 mbar
Tbase 123.8 K
Mair 28.964 h2o o3  (28.9481)
lineshape Gross ch4 co co2 n2o o2_uncoupled o3
lineshape VVW_coupled o2_coupled
lineshape VVH_750 h2o_lines
column dry_air hydrostatic (0.998549)  (1.05913e+24 cm^-2)
column h2o hydrostatic 4.83e-05  (5.12303e+19 cm^-2)  (* 30.0500)
! Warning: Column included 22 unresolved lines.
column o3 hydrostatic 4.31e-08  (4.57149e+16 cm^-2)

layer troposphere
# P 375 mbar
# T 125.608 K
# dP 50 mbar
Pbase 400 mbar
Tbase 127.3 K
Mair 28.964 h2o o3  (28.9414)
lineshape Gross ch4 co co2 n2o o2_uncoupled o3
lineshape VVW_coupled o2_coupled
lineshape VVH_750 h2o_lines
column dry_air hydrostatic (0.997939)  (1.05873e+24 cm^-2)
column h2o hydrostatic 6.86e-05  (7.27787e+19 cm^-2)  (* 30.0500)
! Warning: Column included 18 unresolved lines.
column o3 hydrostatic 4.38e-08  (4.6468e+16 cm^-2)

layer troposphere
# P 425 mbar
# T 128.896 K
# dP 50 mbar
Pbase 450 mbar
Tbase 130.4 K
Mair 28.964 h2o o3  (28.9193)
lineshape Gross ch4 co co2 n2o o2_uncoupled o3
lineshape VVW_coupled o2_coupled
lineshape VVH_750 h2o_lines
column dry_air hydrostatic (0.995913)  (1.05739e+24 cm^-2)
column h2o hydrostatic 0.000136  (1.44395e+20 cm^-2)  (* 30.0500)
! Warning: Column included 16 unresolved lines.
column o3 hydrostatic 4.41e-08  (4.68222e+16 cm^-2)

layer troposphere
# P 475 mbar
# T 131.837 K
# dP 50 mbar
Pbase 500 mbar
Tbase 133.2 K
Mair 28.964 h2o o3  (28.8791)
lineshape Gross ch4 co co2 n2o o2_uncoupled o3
lineshape VVW_coupled o2_coupled
lineshape VVH_750 h2o_lines
column dry_air hydrostatic (0.992247)  (1.05496e+24 cm^-2)
column h2o hydrostatic 0.000258  (2.74306e+20 cm^-2)  (* 30.0500)
! Warning: Column included 13 unresolved lines.
column o3 hydrostatic 4.36e-08  (4.63557e+16 cm^-2)

layer troposphere
# P 521 mbar
# T 134.118 K
# dP 42 mbar
Pbase 542 mbar (observing level)
Tbase 135 K
Mair 28.964 h2o o3  (28.7969)
lineshape Gross ch4 co co2 n2o o2_uncoupled o3
lineshape VVW_coupled o2_coupled
lineshape VVH_750 h2o_lines
column dry_air hydrostatic (0.984735)  (8.81969e+23 cm^-2)
column h2o hydrostatic 0.000508  (4.54986e+20 cm^-2)  (* 30.0500)
! Warning: Column included 10 unresolved lines.
column o3 hydrostatic 4.26e-08  (3.81543e+16 cm^-2)

#
# column densities [cm^-2], including scale factors
#
#                           zenith             line-of-sight     
# mesosphere (5 layers):
#                  dry_air  1.484112e+22       1.713705e+22      
#                      h2o  9.718894e+16       1.122241e+17      
#                            (0.029075 um_pwv)  (0.0335729 um_pwv)
#                       o3  2.677784e+16       3.092039e+16      
#                            (0.996644 DU)      (1.15083 DU)      
#
# stratosphere (12 layers):
#                  dry_air  1.469267e+24       1.696564e+24      
#                      h2o  6.602387e+18       7.623780e+18      
#                            (1.97517 um_pwv)   (2.28073 um_pwv)  
#                       o3  5.984689e+18       6.910524e+18      
#                            (222.744 DU)       (257.203 DU)      
#
# troposphere (10 layers):
#                  dry_air  9.986419e+24       1.153132e+25      
#                      h2o  3.345049e+22       3.862530e+22      
#                            (10007 um_pwv)     (11555.1 um_pwv)  
#                       o3  6.747567e+17       7.791419e+17      
#                            (25.1138 DU)       (28.9989 DU)      
#
# total (27 layers):
#                  dry_air  1.147053e+25       1.324502e+25      
#                      h2o  3.345719e+22       3.863304e+22      
#                            (10009 um_pwv)     (11557.4 um_pwv)  
#                       o3  6.686224e+18       7.720586e+18      
#                            (248.855 DU)       (287.352 DU)      
#

! Warning: Encountered in-band lines narrower than the frequency
!          grid spacing.  The output configuration data includes
!          the unresolved line count after each column definition
!          for which this occurred.  Count: 157

# am version 14.0 (build date Sep 30 2024 09:36:11)

# run time 0.799 s
# dcache hit: 221  miss: 49  discard: 49

f 10 GHz  400 GHz  400 MHz
output text  f GHz  tx none  Tb K

tol 0.0001
selfbroad_vmr_tol 0.003

geometry plane-parallel
refract none
za 30 deg
PTmode Pbase Tbase

g 980.665 cm*s^-2
dg_dz 0 s^-2

Nscale troposphere h2o 30.05

T0 2.7 K

layer mesosphere
# P 0.1 mbar
# T 129.4 K
# dP 0.1 mbar
Pbase 0.1 mbar
Tbase 129.4 K
Mair 28.964 h2o o3  (28.964)
lineshape Voigt-Kielkopf ch4 co co2 h2o_lines n2o o2_coupled o2_uncoupled o3
column dry_air hydrostatic (0.999992)  (2.12016e+21 cm^-2)
! Warning: Column included 3047 unresolved lines.
column h2o hydrostatic 6.22e-06  (1.31875e+16 cm^-2)
! Warning: Column included 332 unresolved lines.
column o3 hydrostatic 1.78e-06  (3.77392e+15 cm^-2)
! Warning: Column included 9503 unresolved lines.

layer mesosphere
# P 0.2 mbar
# T 137.791 K
# dP 0.2 mbar
Pbase 0.3 mbar
Tbase 142.7 K
Mair 28.964 h2o o3  (28.964)
lineshape Voigt-Kielkopf ch4 co co2 h2o_lines n2o o2_coupled o2_uncoupled o3
column dry_air hydrostatic (0.999992)  (4.24032e+21 cm^-2)
! Warning: Column included 3047 unresolved lines.
column h2o hydrostatic 6.47e-06  (2.74351e+16 cm^-2)
! Warning: Column included 332 unresolved lines.
column o3 hydrostatic 1.66e-06  (7.03899e+15 cm^-2)
! Warning: Column included 9503 unresolved lines.

layer mesosphere
# P 0.35 mbar
# T 144.736 K
# dP 0.1 mbar
Pbase 0.4 mbar
Tbase 146.5 K
Mair 28.964 h2o o3  (28.964)
lineshape Voigt-Kielkopf ch4 co co2 h2o_lines n2o o2_coupled o2_uncoupled o3
column dry_air hydrostatic (0.999992)  (2.12016e+21 cm^-2)
! Warning: Column included 3047 unresolved lines.
column h2o hydrostatic 6.72e-06  (1.42476e+16 cm^-2)
! Warning: Column included 332 unresolved lines.
column o3 hydrostatic 1.61e-06  (3.41349e+15 cm^-2)
! Warning: Column included 9503 unresolved lines.

layer mesosphere
# P 0.45 mbar
# T 148.295 K
# dP 0.1 mbar
Pbase 0.5 mbar
Tbase 149.9 K
Mair 28.964 h2o o3  (28.964)
lineshape Voigt-Kielkopf ch4 co co2 h2o_lines n2o o2_coupled o2_uncoupled o3
column dry_air hydrostatic (0.999992)  (2.12016e+21 cm^-2)
! Warning: Column included 3047 unresolved lines.
column h2o hydrostatic 6.7e-06  (1.42052e+16 cm^-2)
! Warning: Column included 332 unresolved lines.
column o3 hydrostatic 1.78e-06  (3.77392e+15 cm^-2)
! Warning: Column included 9503 unresolved lines.

layer mesosphere
# P 0.6 mbar
# T 152.338 K
# dP 0.2 mbar
Pbase 0.7 mbar
Tbase 154.4 K
Mair 28.964 h2o o3  (28.964)
lineshape Voigt-Kielkopf ch4 co co2 h2o_lines n2o o2_coupled o2_uncoupled o3
column dry_air hydrostatic (0.999991)  (4.24032e+21 cm^-2)
! Warning: Column included 3047 unresolved lines.
column h2o hydrostatic 6.63e-06  (2.81136e+16 cm^-2)
! Warning: Column included 332 unresolved lines.
column o3 hydrostatic 2.07e-06  (8.77753e+15 cm^-2)
! Warning: Column included 9503 unresolved lines.

layer stratosphere
# P 0.85 mbar
# T 155.434 K
# dP 0.3 mbar
Pbase 1 mbar
Tbase 156.3 K
Mair 28.964 h2o o3  (28.964)
lineshape Voigt-Kielkopf ch4 co co2 h2o_lines n2o o2_coupled o2_uncoupled o3
column dry_air hydrostatic (0.999991)  (6.36047e+21 cm^-2)
! Warning: Column included 3047 unresolved lines.
column h2o hydrostatic 6.46e-06  (4.1089e+16 cm^-2)
! Warning: Column included 332 unresolved lines.
column o3 hydrostatic 2.58e-06  (1.64102e+16 cm^-2)
! Warning: Column included 9503 unresolved lines.

layer stratosphere
# P 1.5 mbar
# T 153.609 K
# dP 1 mbar
Pbase 2 mbar
Tbase 151.7 K
Mair 28.964 h2o o3  (28.964)
lineshape Gross ch4 co co2 n2o o2_uncoupled o3
lineshape VVW_coupled o2_coupled
lineshape VVH_750 h2o_lines
column dry_air hydrostatic (0.99999)  (2.12015e+22 cm^-2)
! Warning: Column included 3047 unresolved lines.
column h2o hydrostatic 6.09e-06  (1.29119e+17 cm^-2)
! Warning: Column included 332 unresolved lines.
column o3 hydrostatic 3.87e-06  (8.20508e+16 cm^-2)
! Warning: Column included 9503 unresolved lines.

layer stratosphere
# P 2.5 mbar
# T 149.279 K
# dP 1 mbar
Pbase 3 mbar
Tbase 147.3 K
Mair 28.964 h2o o3  (28.964)
lineshape Gross ch4 co co2 n2o o2_uncoupled o3
lineshape VVW_coupled o2_coupled
lineshape VVH_750 h2o_lines
column dry_air hydrostatic (0.999989)  (2.12015e+22 cm^-2)
! Warning: Column included 3047 unresolved lines.
column h2o hydrostatic 5.66e-06  (1.20002e+17 cm^-2)
! Warning: Column included 332 unresolved lines.
column o3 hydrostatic 5.7e-06  (1.2085e+17 cm^-2)
! Warning: Column included 9503 unresolved lines.

layer stratosphere
# P 3.5 mbar
# T 145.907 K
# dP 1 mbar
Pbase 4 mbar
Tbase 144.7 K
Mair 28.964 h2o o3  (28.9641)
lineshape Gross ch4 co co2 n2o o2_uncoupled o3
lineshape VVW_coupled o2_coupled
lineshape VVH_750 h2o_lines
column dry_air hydrostatic (0.999987)  (2.12014e+22 cm^-2)
! Warning: Column included 3047 unresolved lines.
column h2o hydrostatic 5.38e-06  (1.14065e+17 cm^-2)
! Warning: Column included 332 unresolved lines.
column o3 hydrostatic 7.19e-06  (1.5244e+17 cm^-2)
! Warning: Column included 9503 unresolved lines.

layer stratosphere
# P 4.5 mbar
# T 143.539 K
# dP 1 mbar
Pbase 5 mbar
Tbase 142.5 K
Mair 28.964 h2o o3  (28.9641)
lineshape Gross ch4 co co2 n2o o2_uncoupled o3
lineshape VVW_coupled o2_coupled
lineshape VVH_750 h2o_lines
column dry_air hydrostatic (0.999987)  (2.12014e+22 cm^-2)
! Warning: Column included 3047 unresolved lines.
column h2o hydrostatic 5.2e-06  (1.10249e+17 cm^-2)
! Warning: Column included 332 unresolved lines.
column o3 hydrostatic 8.18e-06  (1.7343e+17 cm^-2)
! Warning: Column included 9503 unresolved lines.

layer stratosphere
# P 6 mbar
# T 140.603 K
# dP 2 mbar
Pbase 7 mbar
Tbase 139 K
Mair 28.964 h2o o3  (28.9641)
lineshape Gross ch4 co co2 n2o o2_uncoupled o3
lineshape VVW_coupled o2_coupled
lineshape VVH_750 h2o_lines
column dry_air hydrostatic (0.999986)  (4.24027e+22 cm^-2)
! Warning: Column included 3047 unresolved lines.
column h2o hydrostatic 5.03e-06  (2.13289e+17 cm^-2)
! Warning: Column included 332 unresolved lines.
column o3 hydrostatic 8.88e-06  (3.76542e+17 cm^-2)
! Warning: Column included 9503 unresolved lines.

layer stratosphere
# P 8.5 mbar
# T 137.53 K
# dP 3 mbar
Pbase 10 mbar
Tbase 136.3 K
Mair 28.964 h2o o3  (28.9641)
lineshape Gross ch4 co co2 n2o o2_uncoupled o3
lineshape VVW_coupled o2_coupled
lineshape VVH_750 h2o_lines
column dry_air hydrostatic (0.999986)  (6.36041e+22 cm^-2)
! Warning: Column included 3047 unresolved lines.
column h2o hydrostatic 4.86e-06  (3.0912e+17 cm^-2)
! Warning: Column included 332 unresolved lines.
column o3 hydrostatic 9.2e-06  (5.85166e+17 cm^-2)
! Warning: Column included 9503 unresolved lines.

layer stratosphere
# P 15 mbar
# T 133.317 K
# dP 10 mbar
Pbase 20 mbar
Tbase 131.2 K
Mair 28.964 h2o o3  (28.9641)
lineshape Gross ch4 co co2 n2o o2_uncoupled o3
lineshape VVW_coupled o2_coupled
lineshape VVH_750 h2o_lines
column dry_air hydrostatic (0.999987)  (2.12014e+23 cm^-2)
! Warning: Column included 3047 unresolved lines.
column h2o hydrostatic 4.66e-06  (9.87998e+17 cm^-2)
! Warning: Column included 332 unresolved lines.
column o3 hydrostatic 7.99e-06  (1.69401e+18 cm^-2)
! Warning: Column included 9503 unresolved lines.

layer stratosphere
# P 25 mbar
# T 129.384 K
# dP 10 mbar
Pbase 30 mbar
Tbase 127.9 K
Mair 28.964 h2o o3  (28.9641)
lineshape Gross ch4 co co2 n2o o2_uncoupled o3
lineshape VVW_coupled o2_coupled
lineshape VVH_750 h2o_lines
column dry_air hydrostatic (0.99999)  (2.12015e+23 cm^-2)
! Warning: Column included 3047 unresolved lines.
column h2o hydrostatic 4.48e-06  (9.49837e+17 cm^-2)
! Warning: Column included 332 unresolved lines.
column o3 hydrostatic 5.53e-06  (1.17245e+18 cm^-2)
! Warning: Column included 9503 unresolved lines.

layer stratosphere
# P 35 mbar
# T 126.292 K
# dP 10 mbar
Pbase 40 mbar
Tbase 124.9 K
Mair 28.964 h2o o3  (28.964)
lineshape Gross ch4 co co2 n2o o2_uncoupled o3
lineshape VVW_coupled o2_coupled
lineshape VVH_750 h2o_lines
column dry_air hydrostatic (0.999992)  (2.12016e+23 cm^-2)
! Warning: Column included 3047 unresolved lines.
column h2o hydrostatic 4.4e-06  (9.32876e+17 cm^-2)
! Warning: Column included 332 unresolved lines.
column o3 hydrostatic 3.44e-06  (7.2934e+17 cm^-2)
! Warning: Column included 9503 unresolved lines.

layer stratosphere
# P 45 mbar
# T 123.264 K
# dP 10 mbar
Pbase 50 mbar
Tbase 121.8 K
Mair 28.964 h2o o3  (28.964)
lineshape Gross ch4 co co2 n2o o2_uncoupled o3
lineshape VVW_coupled o2_coupled
lineshape VVH_750 h2o_lines
column dry_air hydrostatic (0.999994)  (2.12016e+23 cm^-2)
! Warning: Column included 3047 unresolved lines.
column h2o hydrostatic 4.35e-06  (9.22276e+17 cm^-2)
! Warning: Column included 332 unresolved lines.
column o3 hydrostatic 2.08e-06  (4.40997e+17 cm^-2)
! Warning: Column included 9503 unresolved lines.

layer stratosphere
# P 60 mbar
# T 118.549 K
# dP 20 mbar
Pbase 70 mbar
Tbase 115.8 K
Mair 28.964 h2o o3  (28.964)
lineshape Gross ch4 co co2 n2o o2_uncoupled o3
lineshape VVW_coupled o2_coupled
lineshape VVH_750 h2o_lines
column dry_air hydrostatic (0.999995)  (4.24033e+23 cm^-2)
! Warning: Column included 3047 unresolved lines.
column h2o hydrostatic 4.18e-06  (1.77247e+18 cm^-2)
! Warning: Column included 332 unresolved lines.
column o3 hydrostatic 1.04e-06  (4.40997e+17 cm^-2)
! Warning: Column included 9503 unresolved lines.

layer troposphere
# P 85 mbar
# T 115.419 K
# dP 30 mbar
Pbase 100 mbar
Tbase 115.1 K
Mair 28.964 h2o o3  (28.9629)
lineshape Gross ch4 co co2 n2o o2_uncoupled o3
lineshape VVW_coupled o2_coupled
lineshape VVH_750 h2o_lines
column dry_air hydrostatic (0.999897)  (6.36012e+23 cm^-2)
! Warning: Column included 2727 unresolved lines.
column h2o hydrostatic 3.41e-06  (2.16902e+18 cm^-2)  (* 30.0500)
! Warning: Column included 222 unresolved lines.
column o3 hydrostatic 3.23e-07  (2.05453e+17 cm^-2)
! Warning: Column included 5944 unresolved lines.

layer troposphere
# P 125 mbar
# T 119.338 K
# dP 50 mbar
Pbase 150 mbar
Tbase 122.8 K
Mair 28.964 h2o o3  (28.9621)
lineshape Gross ch4 co co2 n2o o2_uncoupled o3
lineshape VVW_coupled o2_coupled
lineshape VVH_750 h2o_lines
column dry_air hydrostatic (0.999828)  (1.05997e+24 cm^-2)
! Warning: Column included 2206 unresolved lines.
column h2o hydrostatic 5.73e-06  (6.0747e+18 cm^-2)  (* 30.0500)
! Warning: Column included 116 unresolved lines.
column o3 hydrostatic 9.5e-08  (1.00715e+17 cm^-2)

layer troposphere
# P 175 mbar
# T 127.194 K
# dP 50 mbar
Pbase 200 mbar
Tbase 131 K
Mair 28.964 h2o o3  (28.9581)
lineshape Gross ch4 co co2 n2o o2_uncoupled o3
lineshape VVW_coupled o2_coupled
lineshape VVH_750 h2o_lines
column dry_air hydrostatic (0.999459)  (1.05973e+24 cm^-2)
! Warning: Column included 1641 unresolved lines.
column h2o hydrostatic 1.8e-05  (1.90855e+19 cm^-2)  (* 30.0500)
! Warning: Column included 69 unresolved lines.
column o3 hydrostatic 5.11e-08  (5.41815e+16 cm^-2)

layer troposphere
# P 225 mbar
# T 134.642 K
# dP 50 mbar
Pbase 250 mbar
Tbase 137.9 K
Mair 28.964 h2o o3  (28.952)
lineshape Gross ch4 co co2 n2o o2_uncoupled o3
lineshape VVW_coupled o2_coupled
lineshape VVH_750 h2o_lines
column dry_air hydrostatic (0.9989)  (1.05936e+24 cm^-2)
! Warning: Column included 11 unresolved lines.
column h2o hydrostatic 3.66e-05  (3.88153e+19 cm^-2)  (* 30.0500)
! Warning: Column included 43 unresolved lines.
column o3 hydrostatic 4.31e-08  (4.57088e+16 cm^-2)

layer troposphere
# P 275 mbar
# T 140.932 K
# dP 50 mbar
Pbase 300 mbar
Tbase 143.7 K
Mair 28.964 h2o o3  (28.9487)
lineshape Gross ch4 co co2 n2o o2_uncoupled o3
lineshape VVW_coupled o2_coupled
lineshape VVH_750 h2o_lines
column dry_air hydrostatic (0.998603)  (1.05917e+24 cm^-2)
! Warning: Column included 11 unresolved lines.
column h2o hydrostatic 4.65e-05  (4.93201e+19 cm^-2)  (* 30.0500)
! Warning: Column included 31 unresolved lines.
column o3 hydrostatic 4.26e-08  (4.51836e+16 cm^-2)

layer troposphere
# P 325 mbar
# T 146.244 K
# dP 50 mbar
Pbase 350 mbar
Tbase 148.6 K
Mair 28.964 h2o o3  (28.9481)
lineshape Gross ch4 co co2 n2o o2_uncoupled o3
lineshape VVW_coupled o2_coupled
lineshape VVH_750 h2o_lines
column dry_air hydrostatic (0.998549)  (1.05913e+24 cm^-2)
column h2o hydrostatic 4.83e-05  (5.12303e+19 cm^-2)  (* 30.0500)
! Warning: Column included 23 unresolved lines.
column o3 hydrostatic 4.31e-08  (4.57149e+16 cm^-2)

layer troposphere
# P 375 mbar
# T 150.77 K
# dP 50 mbar
Pbase 400 mbar
Tbase 152.8 K
Mair 28.964 h2o o3  (28.9414)
lineshape Gross ch4 co co2 n2o o2_uncoupled o3
lineshape VVW_coupled o2_coupled
lineshape VVH_750 h2o_lines
column dry_air hydrostatic (0.997939)  (1.05873e+24 cm^-2)
column h2o hydrostatic 6.86e-05  (7.27787e+19 cm^-2)  (* 30.0500)
! Warning: Column included 19 unresolved lines.
column o3 hydrostatic 4.38e-08  (4.6468e+16 cm^-2)

layer troposphere
# P 425 mbar
# T 154.704 K
# dP 50 mbar
Pbase 450 mbar
Tbase 156.5 K
Mair 28.964 h2o o3  (28.9193)
lineshape Gross ch4 co co2 n2o o2_uncoupled o3
lineshape VVW_coupled o2_coupled
lineshape VVH_750 h2o_lines
column dry_air hydrostatic (0.995913)  (1.05739e+24 cm^-2)
column h2o hydrostatic 0.000136  (1.44395e+20 cm^-2)  (* 30.0500)
! Warning: Column included 17 unresolved lines.
column o3 hydrostatic 4.41e-08  (4.68222e+16 cm^-2)

layer troposphere
# P 475 mbar
# T 158.193 K
# dP 50 mbar
Pbase 500 mbar
Tbase 159.8 K
Mair 28.964 h2o o3  (28.8791)
lineshape Gross ch4 co co2 n2o o2_uncoupled o3
lineshape VVW_coupled o2_coupled
lineshape VVH_750 h2o_lines
column dry_air hydrostatic (0.992247)  (1.05496e+24 cm^-2)
column h2o hydrostatic 0.000258  (2.74306e+20 cm^-2)  (* 30.0500)
! Warning: Column included 16 unresolved lines.
column o3 hydrostatic 4.36e-08  (4.63557e+16 cm^-2)

layer troposphere
# P 521 mbar
# T 160.922 K
# dP 42 mbar
Pbase 542 mbar (observing level)
Tbase 162 K
Mair 28.964 h2o o3  (28.7969)
lineshape Gross ch4 co co2 n2o o2_uncoupled o3
lineshape VVW_coupled o2_coupled
lineshape VVH_750 h2o_lines
column dry_air hydrostatic (0.984735)  (8.81969e+23 cm^-2)
column h2o hydrostatic 0.000508  (4.54986e+20 cm^-2)  (* 30.0500)
! Warning: Column included 10 unresolved lines.
column o3 hydrostatic 4.26e-08  (3.81543e+16 cm^-2)

#
# column densities [cm^-2], including scale factors
#
#                           zenith             line-of-sight     
# mesosphere (5 layers):
#                  dry_air  1.484112e+22       1.713705e+22      
#                      h2o  9.718894e+16       1.122241e+17      
#                            (0.029075 um_pwv)  (0.0335729 um_pwv)
#                       o3  2.677784e+16       3.092039e+16      
#                            (0.996644 DU)      (1.15083 DU)      
#
# stratosphere (12 layers):
#                  dry_air  1.469267e+24       1.696564e+24      
#                      h2o  6.602387e+18       7.623780e+18      
#                            (1.97517 um_pwv)   (2.28073 um_pwv)  
#                       o3  5.984689e+18       6.910524e+18      
#                            (222.744 DU)       (257.203 DU)      
#
# troposphere (10 layers):
#                  dry_air  9.986419e+24       1.153132e+25      
#                      h2o  3.345049e+22       3.862530e+22      
#                            (10007 um_pwv)     (11555.1 um_pwv)  
#                       o3  6.747567e+17       7.791419e+17      
#                            (25.1138 DU)       (28.9989 DU)      
#
# total (27 layers):
#                  dry_air  1.147053e+25       1.324502e+25      
#                      h2o  3.345719e+22       3.863304e+22      
#                            (10009 um_pwv)     (11557.4 um_pwv)  
#                       o3  6.686224e+18       7.720586e+18      
#                            (248.855 DU)       (287.352 DU)      
#

! Warning: Encountered in-band lines narrower than the frequency
!          grid spacing.  The output configuration data includes
!          the unresolved line count after each column definition
!          for which this occurred.  Count: 161

# am version 14.0 (build date Sep 30 2024 09:36:11)

# run time 1.159 s
# dcache hit: 213  miss: 57  discard: 57

f 10 GHz  400 GHz  400 MHz
output text  f GHz  tx none  Tb K

tol 0.0001
selfbroad_vmr_tol 0.003

geometry plane-parallel
refract none
za 30 deg
PTmode Pbase Tbase

g 980.665 cm*s^-2
dg_dz 0 s^-2

Nscale troposphere h2o 30.05

T0 2.7 K

layer mesosphere
# P 0.1 mbar
# T 151 K
# dP 0.1 mbar
Pbase 0.1 mbar
Tbase 151 K
Mair 28.964 h2o o3  (28.964)
lineshape Voigt-Kielkopf ch4 co co2 h2o_lines n2o o2_coupled o2_uncoupled o3
column dry_air hydrostatic (0.999992)  (2.12016e+21 cm^-2)
! Warning: Column included 3047 unresolved lines.
column h2o hydrostatic 6.22e-06  (1.31875e+16 cm^-2)
! Warning: Column included 332 unresolved lines.
column o3 hydrostatic 1.78e-06  (3.77392e+15 cm^-2)
! Warning: Column included 9503 unresolved lines.

layer mesosphere
# P 0.2 mbar
# T 160.779 K
# dP 0.2 mbar
Pbase 0.3 mbar
Tbase 166.5 K
Mair 28.964 h2o o3  (28.964)
lineshape Voigt-Kielkopf ch4 co co2 h2o_lines n2o o2_coupled o2_uncoupled o3
column dry_air hydrostatic (0.999992)  (4.24032e+21 cm^-2)
! Warning: Column included 3047 unresolved lines.
column h2o hydrostatic 6.47e-06  (2.74351e+16 cm^-2)
! Warning: Column included 332 unresolved lines.
column o3 hydrostatic 1.66e-06  (7.03899e+15 cm^-2)
! Warning: Column included 9503 unresolved lines.

layer mesosphere
# P 0.35 mbar
# T 168.858 K
# dP 0.1 mbar
Pbase 0.4 mbar
Tbase 170.9 K
Mair 28.964 h2o o3  (28.964)
lineshape Voigt-Kielkopf ch4 co co2 h2o_lines n2o o2_coupled o2_uncoupled o3
column dry_air hydrostatic (0.999992)  (2.12016e+21 cm^-2)
! Warning: Column included 3047 unresolved lines.
column h2o hydrostatic 6.72e-06  (1.42476e+16 cm^-2)
! Warning: Column included 332 unresolved lines.
column o3 hydrostatic 1.61e-06  (3.41349e+15 cm^-2)
! Warning: Column included 9503 unresolved lines.

layer mesosphere
# P 0.45 mbar
# T 173.011 K
# dP 0.1 mbar
Pbase 0.5 mbar
Tbase 174.9 K
Mair 28.964 h2o o3  (28.964)
lineshape Voigt-Kielkopf ch4 co co2 h2o_lines n2o o2_coupled o2_uncoupled o3
column dry_air hydrostatic (0.999992)  (2.12016e+21 cm^-2)
! Warning: Column included 3047 unresolved lines.
column h2o hydrostatic 6.7e-06  (1.42052e+16 cm^-2)
! Warning: Column included 332 unresolved lines.
column o3 hydrostatic 1.78e-06  (3.77392e+15 cm^-2)
! Warning: Column included 9503 unresolved lines.

layer mesosphere
# P 0.6 mbar
# T 177.772 K
# dP 0.2 mbar
Pbase 0.7 mbar
Tbase 180.2 K
Mair 28.964 h2o o3  (28.964)
lineshape Voigt-Kielkopf ch4 co co2 h2o_lines n2o o2_coupled o2_uncoupled o3
column dry_air hydrostatic (0.999991)  (4.24032e+21 cm^-2)
! Warning: Column included 3047 unresolved lines.
column h2o hydrostatic 6.63e-06  (2.81136e+16 cm^-2)
! Warning: Column included 332 unresolved lines.
column o3 hydrostatic 2.07e-06  (8.77753e+15 cm^-2)
! Warning: Column included 9503 unresolved lines.

layer stratosphere
# P 0.85 mbar
# T 181.343 K
# dP 0.3 mbar
Pbase 1 mbar
Tbase 182.3 K
Mair 28.964 h2o o3  (28.964)
lineshape Voigt-Kielkopf ch4 co co2 h2o_lines n2o o2_coupled o2_uncoupled o3
column dry_air hydrostatic (0.999991)  (6.36047e+21 cm^-2)
! Warning: Column included 3047 unresolved lines.
column h2o hydrostatic 6.46e-06  (4.1089e+16 cm^-2)
! Warning: Column included 332 unresolved lines.
column o3 hydrostatic 2.58e-06  (1.64102e+16 cm^-2)
! Warning: Column included 9503 unresolved lines.

layer stratosphere
# P 1.5 mbar
# T 179.2 K
# dP 1 mbar
Pbase 2 mbar
Tbase 177 K
Mair 28.964 h2o o3  (28.964)
lineshape Gross ch4 co co2 n2o o2_uncoupled o3
lineshape VVW_coupled o2_coupled
lineshape VVH_750 h2o_lines
column dry_air hydrostatic (0.99999)  (2.12015e+22 cm^-2)
! Warning: Column included 3047 unresolved lines.
column h2o hydrostatic 6.09e-06  (1.29119e+17 cm^-2)
! Warning: Column included 332 unresolved lines.
column o3 hydrostatic 3.87e-06  (8.20508e+16 cm^-2)
! Warning: Column included 9503 unresolved lines.

layer stratosphere
# P 2.5 mbar
# T 174.138 K
# dP 1 mbar
Pbase 3 mbar
Tbase 171.8 K
Mair 28.964 h2o o3  (28.964)
lineshape Gross ch4 co co2 n2o o2_uncoupled o3
lineshape VVW_coupled o2_coupled
lineshape VVH_750 h2o_lines
column dry_air hydrostatic (0.999989)  (2.12015e+22 cm^-2)
! Warning: Column included 3047 unresolved lines.
column h2o hydrostatic 5.66e-06  (1.20002e+17 cm^-2)
! Warning: Column included 332 unresolved lines.
column o3 hydrostatic 5.7e-06  (1.2085e+17 cm^-2)
! Warning: Column included 9503 unresolved lines.

layer stratosphere
# P 3.5 mbar
# T 170.192 K
# dP 1 mbar
Pbase 4 mbar
Tbase 168.8 K
Mair 28.964 h2o o3  (28.9641)
lineshape Gross ch4 co co2 n2o o2_uncoupled o3
lineshape VVW_coupled o2_coupled
lineshape VVH_750 h2o_lines
column dry_air hydrostatic (0.999987)  (2.12014e+22 cm^-2)
! Warning: Column included 3047 unresolved lines.
column h2o hydrostatic 5.38e-06  (1.14065e+17 cm^-2)
! Warning: Column included 332 unresolved lines.
column o3 hydrostatic 7.19e-06  (1.5244e+17 cm^-2)
! Warning: Column included 9503 unresolved lines.

layer stratosphere
# P 4.5 mbar
# T 167.428 K
# dP 1 mbar
Pbase 5 mbar
Tbase 166.2 K
Mair 28.964 h2o o3  (28.9641)
lineshape Gross ch4 co co2 n2o o2_uncoupled o3
lineshape VVW_coupled o2_coupled
lineshape VVH_750 h2o_lines
column dry_air hydrostatic (0.999987)  (2.12014e+22 cm^-2)
! Warning: Column included 3047 unresolved lines.
column h2o hydrostatic 5.2e-06  (1.10249e+17 cm^-2)
! Warning: Column included 332 unresolved lines.
column o3 hydrostatic 8.18e-06  (1.7343e+17 cm^-2)
! Warning: Column included 9503 unresolved lines.

layer stratosphere
# P 6 mbar
# T 163.978 K
# dP 2 mbar
Pbase 7 mbar
Tbase 162.1 K
Mair 28.964 h2o o3  (28.9641)
lineshape Gross ch4 co co2 n2o o2_uncoupled o3
lineshape VVW_coupled o2_coupled
lineshape VVH_750 h2o_lines
column dry_air hydrostatic (0.999986)  (4.24027e+22 cm^-2)
! Warning: Column included 3047 unresolved lines.
column h2o hydrostatic 5.03e-06  (2.13289e+17 cm^-2)
! Warning: Column included 332 unresolved lines.
column o3 hydrostatic 8.88e-06  (3.76542e+17 cm^-2)
! Warning: Column included 9503 unresolved lines.

layer stratosphere
# P 8.5 mbar
# T 160.413 K
# dP 3 mbar
Pbase 10 mbar
Tbase 159 K
Mair 28.964 h2o o3  (28.9641)
lineshape Gross ch4 co co2 n2o o2_uncoupled o3
lineshape VVW_coupled o2_coupled
lineshape VVH_750 h2o_lines
column dry_air hydrostatic (0.999986)  (6.36041e+22 cm^-2)
! Warning: Column included 3047 unresolved lines.
column h2o hydrostatic 4.86e-06  (3.0912e+17 cm^-2)
! Warning: Column included 332 unresolved lines.
column o3 hydrostatic 9.2e-06  (5.85166e+17 cm^-2)
! Warning: Column included 9503 unresolved lines.

layer stratosphere
# P 15 mbar
# T 155.549 K
# dP 10 mbar
Pbase 20 mbar
Tbase 153.1 K
Mair 28.964 h2o o3  (28.9641)
lineshape Gross ch4 co co2 n2o o2_uncoupled o3
lineshape VVW_coupled o2_coupled
lineshape VVH_750 h2o_lines
column dry_air hydrostatic (0.999987)  (2.12014e+23 cm^-2)
! Warning: Column included 3047 unresolved lines.
column h2o hydrostatic 4.66e-06  (9.87998e+17 cm^-2)
! Warning: Column included 332 unresolved lines.
column o3 hydrostatic 7.99e-06  (1.69401e+18 cm^-2)
! Warning: Column included 9503 unresolved lines.

layer stratosphere
# P 25 mbar
# T 150.954 K
# dP 10 mbar
Pbase 30 mbar
Tbase 149.2 K
Mair 28.964 h2o o3  (28.9641)
lineshape Gross ch4 co co2 n2o o2_uncoupled o3
lineshape VVW_coupled o2_coupled
lineshape VVH_750 h2o_lines
column dry_air hydrostatic (0.99999)  (2.12015e+23 cm^-2)
! Warning: Column included 3047 unresolved lines.
column h2o hydrostatic 4.48e-06  (9.49837e+17 cm^-2)
! Warning: Column included 332 unresolved lines.
column o3 hydrostatic 5.53e-06  (1.17245e+18 cm^-2)
! Warning: Column included 9503 unresolved lines.

layer stratosphere
# P 35 mbar
# T 147.325 K
# dP 10 mbar
Pbase 40 mbar
Tbase 145.7 K
Mair 28.964 h2o o3  (28.964)
lineshape Gross ch4 co co2 n2o o2_uncoupled o3
lineshape VVW_coupled o2_coupled
lineshape VVH_750 h2o_lines
column dry_air hydrostatic (0.999992)  (2.12016e+23 cm^-2)
! Warning: Column included 3047 unresolved lines.
column h2o hydrostatic 4.4e-06  (9.32876e+17 cm^-2)
! Warning: Column included 332 unresolved lines.
column o3 hydrostatic 3.44e-06  (7.2934e+17 cm^-2)
! Warning: Column included 9503 unresolved lines.

layer stratosphere
# P 45 mbar
# T 143.8 K
# dP 10 mbar
Pbase 50 mbar
Tbase 142.1 K
Mair 28.964 h2o o3  (28.964)
lineshape Gross ch4 co co2 n2o o2_uncoupled o3
lineshape VVW_coupled o2_coupled
lineshape VVH_750 h2o_lines
column dry_air hydrostatic (0.999994)  (2.12016e+23 cm^-2)
! Warning: Column included 3047 unresolved lines.
column h2o hydrostatic 4.35e-06  (9.22276e+17 cm^-2)
! Warning: Column included 332 unresolved lines.
column o3 hydrostatic 2.08e-06  (4.40997e+17 cm^-2)
! Warning: Column included 9503 unresolved lines.

layer stratosphere
# P 60 mbar
# T 138.307 K
# dP 20 mbar
Pbase 70 mbar
Tbase 135.1 K
Mair 28.964 h2o o3  (28.964)
lineshape Gross ch4 co co2 n2o o2_uncoupled o3
lineshape VVW_coupled o2_coupled
lineshape VVH_750 h2o_lines
column dry_air hydrostatic (0.999995)  (4.24033e+23 cm^-2)
! Warning: Column included 3047 unresolved lines.
column h2o hydrostatic 4.18e-06  (1.77247e+18 cm^-2)
! Warning: Column included 332 unresolved lines.
column o3 hydrostatic 1.04e-06  (4.40997e+17 cm^-2)
! Warning: Column included 9503 unresolved lines.

layer troposphere
# P 85 mbar
# T 134.665 K
# dP 30 mbar
Pbase 100 mbar
Tbase 134.3 K
Mair 28.964 h2o o3  (28.9629)
lineshape Gross ch4 co co2 n2o o2_uncoupled o3
lineshape VVW_coupled o2_coupled
lineshape VVH_750 h2o_lines
column dry_air hydrostatic (0.999897)  (6.36012e+23 cm^-2)
! Warning: Column included 2989 unresolved lines.
column h2o hydrostatic 3.41e-06  (2.16902e+18 cm^-2)  (* 30.0500)
! Warning: Column included 269 unresolved lines.
column o3 hydrostatic 3.23e-07  (2.05453e+17 cm^-2)
! Warning: Column included 9012 unresolved lines.

layer troposphere
# P 125 mbar
# T 139.253 K
# dP 50 mbar
Pbase 150 mbar
Tbase 143.3 K
Mair 28.964 h2o o3  (28.9621)
lineshape Gross ch4 co co2 n2o o2_uncoupled o3
lineshape VVW_coupled o2_coupled
lineshape VVH_750 h2o_lines
column dry_air hydrostatic (0.999828)  (1.05997e+24 cm^-2)
! Warning: Column included 2267 unresolved lines.
column h2o hydrostatic 5.73e-06  (6.0747e+18 cm^-2)  (* 30.0500)
! Warning: Column included 134 unresolved lines.
column o3 hydrostatic 9.5e-08  (1.00715e+17 cm^-2)

layer troposphere
# P 175 mbar
# T 148.444 K
# dP 50 mbar
Pbase 200 mbar
Tbase 152.9 K
Mair 28.964 h2o o3  (28.9581)
lineshape Gross ch4 co co2 n2o o2_uncoupled o3
lineshape VVW_coupled o2_coupled
lineshape VVH_750 h2o_lines
column dry_air hydrostatic (0.999459)  (1.05973e+24 cm^-2)
! Warning: Column included 1983 unresolved lines.
column h2o hydrostatic 1.8e-05  (1.90855e+19 cm^-2)  (* 30.0500)
! Warning: Column included 82 unresolved lines.
column o3 hydrostatic 5.11e-08  (5.41815e+16 cm^-2)

layer troposphere
# P 225 mbar
# T 157.123 K
# dP 50 mbar
Pbase 250 mbar
Tbase 160.9 K
Mair 28.964 h2o o3  (28.952)
lineshape Gross ch4 co co2 n2o o2_uncoupled o3
lineshape VVW_coupled o2_coupled
lineshape VVH_750 h2o_lines
column dry_air hydrostatic (0.9989)  (1.05936e+24 cm^-2)
! Warning: Column included 1363 unresolved lines.
column h2o hydrostatic 3.66e-05  (3.88153e+19 cm^-2)  (* 30.0500)
! Warning: Column included 52 unresolved lines.
column o3 hydrostatic 4.31e-08  (4.57088e+16 cm^-2)

layer troposphere
# P 275 mbar
# T 164.402 K
# dP 50 mbar
Pbase 300 mbar
Tbase 167.6 K
Mair 28.964 h2o o3  (28.9487)
lineshape Gross ch4 co co2 n2o o2_uncoupled o3
lineshape VVW_coupled o2_coupled
lineshape VVH_750 h2o_lines
column dry_air hydrostatic (0.998603)  (1.05917e+24 cm^-2)
! Warning: Column included 11 unresolved lines.
column h2o hydrostatic 4.65e-05  (4.93201e+19 cm^-2)  (* 30.0500)
! Warning: Column included 37 unresolved lines.
column o3 hydrostatic 4.26e-08  (4.51836e+16 cm^-2)

layer troposphere
# P 325 mbar
# T 170.612 K
# dP 50 mbar
Pbase 350 mbar
Tbase 173.4 K
Mair 28.964 h2o o3  (28.9481)
lineshape Gross ch4 co co2 n2o o2_uncoupled o3
lineshape VVW_coupled o2_coupled
lineshape VVH_750 h2o_lines
column dry_air hydrostatic (0.998549)  (1.05913e+24 cm^-2)
! Warning: Column included 11 unresolved lines.
column h2o hydrostatic 4.83e-05  (5.12303e+19 cm^-2)  (* 30.0500)
! Warning: Column included 25 unresolved lines.
column o3 hydrostatic 4.31e-08  (4.57149e+16 cm^-2)

layer troposphere
# P 375 mbar
# T 175.932 K
# dP 50 mbar
Pbase 400 mbar
Tbase 178.3 K
Mair 28.964 h2o o3  (28.9414)
lineshape Gross ch4 co co2 n2o o2_uncoupled o3
lineshape VVW_coupled o2_coupled
lineshape VVH_750 h2o_lines
column dry_air hydrostatic (0.997939)  (1.05873e+24 cm^-2)
column h2o hydrostatic 6.86e-05  (7.27787e+19 cm^-2)  (* 30.0500)
! Warning: Column included 22 unresolved lines.
column o3 hydrostatic 4.38e-08  (4.6468e+16 cm^-2)

layer troposphere
# P 425 mbar
# T 180.513 K
# dP 50 mbar
Pbase 450 mbar
Tbase 182.6 K
Mair 28.964 h2o o3  (28.9193)
lineshape Gross ch4 co co2 n2o o2_uncoupled o3
lineshape VVW_coupled o2_coupled
lineshape VVH_750 h2o_lines
column dry_air hydrostatic (0.995913)  (1.05739e+24 cm^-2)
column h2o hydrostatic 0.000136  (1.44395e+20 cm^-2)  (* 30.0500)
! Warning: Column included 18 unresolved lines.
column o3 hydrostatic 4.41e-08  (4.68222e+16 cm^-2)

layer troposphere
# P 475 mbar
# T 184.55 K
# dP 50 mbar
Pbase 500 mbar
Tbase 186.4 K
Mair 28.964 h2o o3  (28.8791)
lineshape Gross ch4 co co2 n2o o2_uncoupled o3
lineshape VVW_coupled o2_coupled
lineshape VVH_750 h2o_lines
column dry_air hydrostatic (0.992247)  (1.05496e+24 cm^-2)
column h2o hydrostatic 0.000258  (2.74306e+20 cm^-2)  (* 30.0500)
! Warning: Column included 16 unresolved lines.
column o3 hydrostatic 4.36e-08  (4.63557e+16 cm^-2)

layer troposphere
# P 521 mbar
# T 187.726 K
# dP 42 mbar
Pbase 542 mbar (observing level)
Tbase 189 K
Mair 28.964 h2o o3  (28.7969)
lineshape Gross ch4 co co2 n2o o2_uncoupled o3
lineshape VVW_coupled o2_coupled
lineshape VVH_750 h2o_lines
column dry_air hydrostatic (0.984735)  (8.81969e+23 cm^-2)
column h2o hydrostatic 0.000508  (4.54986e+20 cm^-2)  (* 30.0500)
! Warning: Column included 13 unresolved lines.
column o3 hydrostatic 4.26e-08  (3.81543e+16 cm^-2)

#
# column densities [cm^-2], including scale factors
#
#                           zenith             line-of-sight     
# mesosphere (5 layers):
#                  dry_air  1.484112e+22       1.713705e+22      
#                      h2o  9.718894e+16       1.122241e+17      
#                            (0.029075 um_pwv)  (0.0335729 um_pwv)
#                       o3  2.677784e+16       3.092039e+16      
#                            (0.996644 DU)      (1.15083 DU)      
#
# stratosphere (12 layers):
#                  dry_air  1.469267e+24       1.696564e+24      
#                      h2o  6.602387e+18       7.623780e+18      
#                            (1.97517 um_pwv)   (2.28073 um_pwv)  
#                       o3  5.984689e+18       6.910524e+18      
#                            (222.744 DU)       (257.203 DU)      
#
# troposphere (10 layers):
#                  dry_air  9.986419e+24       1.153132e+25      
#                      h2o  3.345049e+22       3.862530e+22      
#                            (10007 um_pwv)     (11555.1 um_pwv)  
#                       o3  6.747567e+17       7.791419e+17      
#                            (25.1138 DU)       (28.9989 DU)      
#
# total (27 layers):
#                  dry_air  1.147053e+25       1.324502e+25      
#                      h2o  3.345719e+22       3.863304e+22      
#                            (10009 um_pwv)     (11557.4 um_pwv)  
#                       o3  6.686224e+18       7.720586e+18      
#                            (248.855 DU)       (287.352 DU)      
#

! Warning: Encountered in-band lines narrower than the frequency
!          grid spacing.  The output configuration data includes
!          the unresolved line count after each column definition
!          for which this occurred.  Count: 164

# am version 14.0 (build date Sep 30 2024 09:36:11)

# run time 0.892 s
# dcache hit: 237  miss: 33  discard: 33

f 10 GHz  400 GHz  400 MHz
output text  f GHz  tx none  Tb K

tol 0.0001
selfbroad_vmr_tol 0.003

geometry plane-parallel
refract none
za 30 deg
PTmode Pbase Tbase

g 980.665 cm*s^-2
dg_dz 0 s^-2

Nscale troposphere h2o 30.05

T0 2.7 K

layer mesosphere
# P 0.1 mbar
# T 172.6 K
# dP 0.1 mbar
Pbase 0.1 mbar
Tbase 172.6 K
Mair 28.964 h2o o3  (28.964)
lineshape Voigt-Kielkopf ch4 co co2 h2o_lines n2o o2_coupled o2_uncoupled o3
column dry_air hydrostatic (0.999992)  (2.12016e+21 cm^-2)
! Warning: Column included 3047 unresolved lines.
column h2o hydrostatic 6.22e-06  (1.31875e+16 cm^-2)
! Warning: Column included 332 unresolved lines.
column o3 hydrostatic 1.78e-06  (3.77392e+15 cm^-2)
! Warning: Column included 9503 unresolved lines.

layer mesosphere
# P 0.2 mbar
# T 183.767 K
# dP 0.2 mbar
Pbase 0.3 mbar
Tbase 190.3 K
Mair 28.964 h2o o3  (28.964)
lineshape Voigt-Kielkopf ch4 co co2 h2o_lines n2o o2_coupled o2_uncoupled o3
column dry_air hydrostatic (0.999992)  (4.24032e+21 cm^-2)
! Warning: Column included 3047 unresolved lines.
column h2o hydrostatic 6.47e-06  (2.74351e+16 cm^-2)
! Warning: Column included 332 unresolved lines.
column o3 hydrostatic 1.66e-06  (7.03899e+15 cm^-2)
! Warning: Column included 9503 unresolved lines.

layer mesosphere
# P 0.35 mbar
# T 193.033 K
# dP 0.1 mbar
Pbase 0.4 mbar
Tbase 195.4 K
Mair 28.964 h2o o3  (28.964)
lineshape Voigt-Kielkopf ch4 co co2 h2o_lines n2o o2_coupled o2_uncoupled o3
column dry_air hydrostatic (0.999992)  (2.12016e+21 cm^-2)
! Warning: Column included 3047 unresolved lines.
column h2o hydrostatic 6.72e-06  (1.42476e+16 cm^-2)
! Warning: Column included 332 unresolved lines.
column o3 hydrostatic 1.61e-06  (3.41349e+15 cm^-2)
! Warning: Column included 9503 unresolved lines.

layer mesosphere
# P 0.45 mbar
# T 197.775 K
# dP 0.1 mbar
Pbase 0.5 mbar
Tbase 199.9 K
Mair 28.964 h2o o3  (28.964)
lineshape Voigt-Kielkopf ch4 co co2 h2o_lines n2o o2_coupled o2_uncoupled o3
column dry_air hydrostatic (0.999992)  (2.12016e+21 cm^-2)
! Warning: Column included 3047 unresolved lines.
column h2o hydrostatic 6.7e-06  (1.42052e+16 cm^-2)
! Warning: Column included 332 unresolved lines.
column o3 hydrostatic 1.78e-06  (3.77392e+15 cm^-2)
! Warning: Column included 9503 unresolved lines.

layer mesosphere
# P 0.6 mbar
# T 203.151 K
# dP 0.2 mbar
Pbase 0.7 mbar
Tbase 205.9 K
Mair 28.964 h2o o3  (28.964)
lineshape Voigt-Kielkopf ch4 co co2 h2o_lines n2o o2_coupled o2_uncoupled o3
column dry_air hydrostatic (0.999991)  (4.24032e+21 cm^-2)
! Warning: Column included 3047 unresolved lines.
column h2o hydrostatic 6.63e-06  (2.81136e+16 cm^-2)
! Warning: Column included 332 unresolved lines.
column o3 hydrostatic 2.07e-06  (8.77753e+15 cm^-2)
! Warning: Column included 9503 unresolved lines.

layer stratosphere
# P 0.85 mbar
# T 207.261 K
# dP 0.3 mbar
Pbase 1 mbar
Tbase 208.4 K
Mair 28.964 h2o o3  (28.964)
lineshape Voigt-Kielkopf ch4 co co2 h2o_lines n2o o2_coupled o2_uncoupled o3
column dry_air hydrostatic (0.999991)  (6.36047e+21 cm^-2)
! Warning: Column included 3047 unresolved lines.
column h2o hydrostatic 6.46e-06  (4.1089e+16 cm^-2)
! Warning: Column included 332 unresolved lines.
column o3 hydrostatic 2.58e-06  (1.64102e+16 cm^-2)
! Warning: Column included 9503 unresolved lines.

layer stratosphere
# P 1.5 mbar
# T 204.832 K
# dP 1 mbar
Pbase 2 mbar
Tbase 202.3 K
Mair 28.964 h2o o3  (28.964)
lineshape Gross ch4 co co2 n2o o2_uncoupled o3
lineshape VVW_coupled o2_coupled
lineshape VVH_750 h2o_lines
column dry_air hydrostatic (0.99999)  (2.12015e+22 cm^-2)
! Warning: Column included 3047 unresolved lines.
column h2o hydrostatic 6.09e-06  (1.29119e+17 cm^-2)
! Warning: Column included 332 unresolved lines.
column o3 hydrostatic 3.87e-06  (8.20508e+16 cm^-2)
! Warning: Column included 9503 unresolved lines.

layer stratosphere
# P 2.5 mbar
# T 199.053 K
# dP 1 mbar
Pbase 3 mbar
Tbase 196.4 K
Mair 28.964 h2o o3  (28.964)
lineshape Gross ch4 co co2 n2o o2_uncoupled o3
lineshape VVW_coupled o2_coupled
lineshape VVH_750 h2o_lines
column dry_air hydrostatic (0.999989)  (2.12015e+22 cm^-2)
! Warning: Column included 3047 unresolved lines.
column h2o hydrostatic 5.66e-06  (1.20002e+17 cm^-2)
! Warning: Column included 332 unresolved lines.
column o3 hydrostatic 5.7e-06  (1.2085e+17 cm^-2)
! Warning: Column included 9503 unresolved lines.

layer stratosphere
# P 3.5 mbar
# T 194.525 K
# dP 1 mbar
Pbase 4 mbar
Tbase 192.9 K
Mair 28.964 h2o o3  (28.9641)
lineshape Gross ch4 co co2 n2o o2_uncoupled o3
lineshape VVW_coupled o2_coupled
lineshape VVH_750 h2o_lines
column dry_air hydrostatic (0.999987)  (2.12014e+22 cm^-2)
! Warning: Column included 3047 unresolved lines.
column h2o hydrostatic 5.38e-06  (1.14065e+17 cm^-2)
! Warning: Column included 332 unresolved lines.
column o3 hydrostatic 7.19e-06  (1.5244e+17 cm^-2)
! Warning: Column included 9503 unresolved lines.

layer stratosphere
# P 4.5 mbar
# T 191.369 K
# dP 1 mbar
Pbase 5 mbar
Tbase 190 K
Mair 28.964 h2o o3  (28.9641)
lineshape Gross ch4 co co2 n2o o2_uncoupled o3
lineshape VVW_coupled o2_coupled
lineshape VVH_750 h2o_lines
column dry_air hydrostatic (0.999987)  (2.12014e+22 cm^-2)
! Warning: Column included 3047 unresolved lines.
column h2o hydrostatic 5.2e-06  (1.10249e+17 cm^-2)
! Warning: Column included 332 unresolved lines.
column o3 hydrostatic 8.18e-06  (1.7343e+17 cm^-2)
! Warning: Column included 9503 unresolved lines.

layer stratosphere
# P 6 mbar
# T 187.453 K
# dP 2 mbar
Pbase 7 mbar
Tbase 185.3 K
Mair 28.964 h2o o3  (28.9641)
lineshape Gross ch4 co co2 n2o o2_uncoupled o3
lineshape VVW_coupled o2_coupled
lineshape VVH_750 h2o_lines
column dry_air hydrostatic (0.999986)  (4.24027e+22 cm^-2)
! Warning: Column included 3047 unresolved lines.
column h2o hydrostatic 5.03e-06  (2.13289e+17 cm^-2)
! Warning: Column included 332 unresolved lines.
column o3 hydrostatic 8.88e-06  (3.76542e+17 cm^-2)
! Warning: Column included 9503 unresolved lines.

layer stratosphere
# P 8.5 mbar
# T 183.34 K
# dP 3 mbar
Pbase 10 mbar
Tbase 181.7 K
Mair 28.964 h2o o3  (28.9641)
lineshape Gross ch4 co co2 n2o o2_uncoupled o3
lineshape VVW_coupled o2_coupled
lineshape VVH_750 h2o_lines
column dry_air hydrostatic (0.999986)  (6.36041e+22 cm^-2)
! Warning: Column included 3047 unresolved lines.
column h2o hydrostatic 4.86e-06  (3.0912e+17 cm^-2)
! Warning: Column included 332 unresolved lines.
column o3 hydrostatic 9.2e-06  (5.85166e+17 cm^-2)
! Warning: Column included 9503 unresolved lines.

layer stratosphere
# P 15 mbar
# T 177.781 K
# dP 10 mbar
Pbase 20 mbar
Tbase 175 K
Mair 28.964 h2o o3  (28.9641)
lineshape Gross ch4 co co2 n2o o2_uncoupled o3
lineshape VVW_coupled o2_coupled
lineshape VVH_750 h2o_lines
column dry_air hydrostatic (0.999987)  (2.12014e+23 cm^-2)
! Warning: Column included 3047 unresolved lines.
column h2o hydrostatic 4.66e-06  (9.87998e+17 cm^-2)
! Warning: Column included 332 unresolved lines.
column o3 hydrostatic 7.99e-06  (1.69401e+18 cm^-2)
! Warning: Column included 9503 unresolved lines.

layer stratosphere
# P 25 mbar
# T 172.579 K
# dP 10 mbar
Pbase 30 mbar
Tbase 170.6 K
Mair 28.964 h2o o3  (28.9641)
lineshape Gross ch4 co co2 n2o o2_uncoupled o3
lineshape VVW_coupled o2_coupled
lineshape VVH_750 h2o_lines
column dry_air hydrostatic (0.99999)  (2.12015e+23 cm^-2)
! Warning: Column included 3047 unresolved lines.
column h2o hydrostatic 4.48e-06  (9.49837e+17 cm^-2)
! Warning: Column included 332 unresolved lines.
column o3 hydrostatic 5.53e-06  (1.17245e+18 cm^-2)
! Warning: Column included 9503 unresolved lines.

layer stratosphere
# P 35 mbar
# T 168.457 K
# dP 10 mbar
Pbase 40 mbar
Tbase 166.6 K
Mair 28.964 h2o o3  (28.964)
lineshape Gross ch4 co co2 n2o o2_uncoupled o3
lineshape VVW_coupled o2_coupled
lineshape VVH_750 h2o_lines
column dry_air hydrostatic (0.999992)  (2.12016e+23 cm^-2)
! Warning: Column included 3047 unresolved lines.
column h2o hydrostatic 4.4e-06  (9.32876e+17 cm^-2)
! Warning: Column included 332 unresolved lines.
column o3 hydrostatic 3.44e-06  (7.2934e+17 cm^-2)
! Warning: Column included 9503 unresolved lines.

layer stratosphere
# P 45 mbar
# T 164.383 K
# dP 10 mbar
Pbase 50 mbar
Tbase 162.4 K
Mair 28.964 h2o o3  (28.964)
lineshape Gross ch4 co co2 n2o o2_uncoupled o3
lineshape VVW_coupled o2_coupled
lineshape VVH_750 h2o_lines
column dry_air hydrostatic (0.999994)  (2.12016e+23 cm^-2)
! Warning: Column included 3047 unresolved lines.
column h2o hydrostatic 4.35e-06  (9.22276e+17 cm^-2)
! Warning: Column included 332 unresolved lines.
column o3 hydrostatic 2.08e-06  (4.40997e+17 cm^-2)
! Warning: Column included 9503 unresolved lines.

layer stratosphere
# P 60 mbar
# T 158.065 K
# dP 20 mbar
Pbase 70 mbar
Tbase 154.4 K
Mair 28.964 h2o o3  (28.964)
lineshape Gross ch4 co co2 n2o o2_uncoupled o3
lineshape VVW_coupled o2_coupled
lineshape VVH_750 h2o_lines
column dry_air hydrostatic (0.999995)  (4.24033e+23 cm^-2)
! Warning: Column included 3047 unresolved lines.
column h2o hydrostatic 4.18e-06  (1.77247e+18 cm^-2)
! Warning: Column included 332 unresolved lines.
column o3 hydrostatic 1.04e-06  (4.40997e+17 cm^-2)
! Warning: Column included 9503 unresolved lines.

layer troposphere
# P 85 mbar
# T 153.856 K
# dP 30 mbar
Pbase 100 mbar
Tbase 153.4 K
Mair 28.964 h2o o3  (28.9629)
lineshape Gross ch4 co co2 n2o o2_uncoupled o3
lineshape VVW_coupled o2_coupled
lineshape VVH_750 h2o_lines
column dry_air hydrostatic (0.999897)  (6.36012e+23 cm^-2)
! Warning: Column included 3046 unresolved lines.
column h2o hydrostatic 3.41e-06  (2.16902e+18 cm^-2)  (* 30.0500)
! Warning: Column included 314 unresolved lines.
column o3 hydrostatic 3.23e-07  (2.05453e+17 cm^-2)
! Warning: Column included 9503 unresolved lines.

layer troposphere
# P 125 mbar
# T 159.124 K
# dP 50 mbar
Pbase 150 mbar
Tbase 163.8 K
Mair 28.964 h2o o3  (28.9621)
lineshape Gross ch4 co co2 n2o o2_uncoupled o3
lineshape VVW_coupled o2_coupled
lineshape VVH_750 h2o_lines
column dry_air hydrostatic (0.999828)  (1.05997e+24 cm^-2)
! Warning: Column included 2344 unresolved lines.
column h2o hydrostatic 5.73e-06  (6.0747e+18 cm^-2)  (* 30.0500)
! Warning: Column included 168 unresolved lines.
column o3 hydrostatic 9.5e-08  (1.00715e+17 cm^-2)
! Warning: Column included 1 unresolved line.

layer troposphere
# P 175 mbar
# T 169.641 K
# dP 50 mbar
Pbase 200 mbar
Tbase 174.7 K
Mair 28.964 h2o o3  (28.9581)
lineshape Gross ch4 co co2 n2o o2_uncoupled o3
lineshape VVW_coupled o2_coupled
lineshape VVH_750 h2o_lines
column dry_air hydrostatic (0.999459)  (1.05973e+24 cm^-2)
! Warning: Column included 2147 unresolved lines.
column h2o hydrostatic 1.8e-05  (1.90855e+19 cm^-2)  (* 30.0500)
! Warning: Column included 88 unresolved lines.
column o3 hydrostatic 5.11e-08  (5.41815e+16 cm^-2)

layer troposphere
# P 225 mbar
# T 179.556 K
# dP 50 mbar
Pbase 250 mbar
Tbase 183.9 K
Mair 28.964 h2o o3  (28.952)
lineshape Gross ch4 co co2 n2o o2_uncoupled o3
lineshape VVW_coupled o2_coupled
lineshape VVH_750 h2o_lines
column dry_air hydrostatic (0.9989)  (1.05936e+24 cm^-2)
! Warning: Column included 1541 unresolved lines.
column h2o hydrostatic 3.66e-05  (3.88153e+19 cm^-2)  (* 30.0500)
! Warning: Column included 58 unresolved lines.
column o3 hydrostatic 4.31e-08  (4.57088e+16 cm^-2)

layer troposphere
# P 275 mbar
# T 187.925 K
# dP 50 mbar
Pbase 300 mbar
Tbase 191.6 K
Mair 28.964 h2o o3  (28.9487)
lineshape Gross ch4 co co2 n2o o2_uncoupled o3
lineshape VVW_coupled o2_coupled
lineshape VVH_750 h2o_lines
column dry_air hydrostatic (0.998603)  (1.05917e+24 cm^-2)
! Warning: Column included 1088 unresolved lines.
column h2o hydrostatic 4.65e-05  (4.93201e+19 cm^-2)  (* 30.0500)
! Warning: Column included 40 unresolved lines.
column o3 hydrostatic 4.26e-08  (4.51836e+16 cm^-2)

layer troposphere
# P 325 mbar
# T 195.027 K
# dP 50 mbar
Pbase 350 mbar
Tbase 198.2 K
Mair 28.964 h2o o3  (28.9481)
lineshape Gross ch4 co co2 n2o o2_uncoupled o3
lineshape VVW_coupled o2_coupled
lineshape VVH_750 h2o_lines
column dry_air hydrostatic (0.998549)  (1.05913e+24 cm^-2)
! Warning: Column included 11 unresolved lines.
column h2o hydrostatic 4.83e-05  (5.12303e+19 cm^-2)  (* 30.0500)
! Warning: Column included 31 unresolved lines.
column o3 hydrostatic 4.31e-08  (4.57149e+16 cm^-2)

layer troposphere
# P 375 mbar
# T 201.093 K
# dP 50 mbar
Pbase 400 mbar
Tbase 203.8 K
Mair 28.964 h2o o3  (28.9414)
lineshape Gross ch4 co co2 n2o o2_uncoupled o3
lineshape VVW_coupled o2_coupled
lineshape VVH_750 h2o_lines
column dry_air hydrostatic (0.997939)  (1.05873e+24 cm^-2)
! Warning: Column included 6 unresolved lines.
column h2o hydrostatic 6.86e-05  (7.27787e+19 cm^-2)  (* 30.0500)
! Warning: Column included 23 unresolved lines.
column o3 hydrostatic 4.38e-08  (4.6468e+16 cm^-2)

layer troposphere
# P 425 mbar
# T 206.322 K
# dP 50 mbar
Pbase 450 mbar
Tbase 208.7 K
Mair 28.964 h2o o3  (28.9193)
lineshape Gross ch4 co co2 n2o o2_uncoupled o3
lineshape VVW_coupled o2_coupled
lineshape VVH_750 h2o_lines
column dry_air hydrostatic (0.995913)  (1.05739e+24 cm^-2)
column h2o hydrostatic 0.000136  (1.44395e+20 cm^-2)  (* 30.0500)
! Warning: Column included 19 unresolved lines.
column o3 hydrostatic 4.41e-08  (4.68222e+16 cm^-2)

layer troposphere
# P 475 mbar
# T 210.907 K
# dP 50 mbar
Pbase 500 mbar
Tbase 213 K
Mair 28.964 h2o o3  (28.8791)
lineshape Gross ch4 co co2 n2o o2_uncoupled o3
lineshape VVW_coupled o2_coupled
lineshape VVH_750 h2o_lines
column dry_air hydrostatic (0.992247)  (1.05496e+24 cm^-2)
column h2o hydrostatic 0.000258  (2.74306e+20 cm^-2)  (* 30.0500)
! Warning: Column included 17 unresolved lines.
column o3 hydrostatic 4.36e-08  (4.63557e+16 cm^-2)

layer troposphere
# P 521 mbar
# T 214.53 K
# dP 42 mbar
Pbase 542 mbar (observing level)
Tbase 216 K
Mair 28.964 h2o o3  (28.7969)
lineshape Gross ch4 co co2 n2o o2_uncoupled o3
lineshape VVW_coupled o2_coupled
lineshape VVH_750 h2o_lines
column dry_air hydrostatic (0.984735)  (8.81969e+23 cm^-2)
column h2o hydrostatic 0.000508  (4.54986e+20 cm^-2)  (* 30.0500)
! Warning: Column included 13 unresolved lines.
column o3 hydrostatic 4.26e-08  (3.81543e+16 cm^-2)

#
# column densities [cm^-2], including scale factors
#
#                           zenith             line-of-sight     
# mesosphere (5 layers):
#                  dry_air  1.484112e+22       1.713705e+22      
#                      h2o  9.718894e+16       1.122241e+17      
#                            (0.029075 um_pwv)  (0.0335729 um_pwv)
#                       o3  2.677784e+16       3.092039e+16      
#                            (0.996644 DU)      (1.15083 DU)      
#
# stratosphere (12 layers):
#                  dry_air  1.469267e+24       1.696564e+24      
#                      h2o  6.602387e+18       7.623780e+18      
#                            (1.97517 um_pwv)   (2.28073 um_pwv)  
#                       o3  5.984689e+18       6.910524e+18      
#                            (222.744 DU)       (257.203 DU)      
#
# troposphere (10 layers):
#                  dry_air  9.986419e+24       1.153132e+25      
#                      h2o  3.345049e+22       3.862530e+22      
#                            (10007 um_pwv)     (11555.1 um_pwv)  
#                       o3  6.747567e+17       7.791419e+17      
#                            (25.1138 DU)       (28.9989 DU)      
#
# total (27 layers):
#                  dry_air  1.147053e+25       1.324502e+25      
#                      h2o  3.345719e+22       3.863304e+22      
#                            (10009 um_pwv)     (11557.4 um_pwv)  
#                       o3  6.686224e+18       7.720586e+18      
#                            (248.855 DU)       (287.352 DU)      
#

! Warning: Encountered in-band lines narrower than the frequency
!          grid spacing.  The output configuration data includes
!          the unresolved line count after each column definition
!          for which this occurred.  Count: 168

# am version 14.0 (build date Sep 30 2024 09:36:11)

# run time 0.803 s
# dcache hit: 226  miss: 44  discard: 44

f 10 GHz  400 GHz  400 MHz
output text  f GHz  tx none  Tb K

tol 0.0001
selfbroad_vmr_tol 0.003

geometry plane-parallel
refract none
za 30 deg
PTmode Pbase Tbase

g 980.665 cm*s^-2
dg_dz 0 s^-2

Nscale troposphere h2o 30.05

T0 2.7 K

layer mesosphere
# P 0.1 mbar
# T 194.1 K
# dP 0.1 mbar
Pbase 0.1 mbar
Tbase 194.1 K
Mair 28.964 h2o o3  (28.964)
lineshape Voigt-Kielkopf ch4 co co2 h2o_lines n2o o2_coupled o2_uncoupled o3
column dry_air hydrostatic (0.999992)  (2.12016e+21 cm^-2)
! Warning: Column included 3047 unresolved lines.
column h2o hydrostatic 6.22e-06  (1.31875e+16 cm^-2)
! Warning: Column included 332 unresolved lines.
column o3 hydrostatic 1.78e-06  (3.77392e+15 cm^-2)
! Warning: Column included 9503 unresolved lines.

layer mesosphere
# P 0.2 mbar
# T 206.719 K
# dP 0.2 mbar
Pbase 0.3 mbar
Tbase 214.1 K
Mair 28.964 h2o o3  (28.964)
lineshape Voigt-Kielkopf ch4 co co2 h2o_lines n2o o2_coupled o2_uncoupled o3
column dry_air hydrostatic (0.999992)  (4.24032e+21 cm^-2)
! Warning: Column included 3047 unresolved lines.
column h2o hydrostatic 6.47e-06  (2.74351e+16 cm^-2)
! Warning: Column included 332 unresolved lines.
column o3 hydrostatic 1.66e-06  (7.03899e+15 cm^-2)
! Warning: Column included 9503 unresolved lines.

layer mesosphere
# P 0.35 mbar
# T 217.154 K
# dP 0.1 mbar
Pbase 0.4 mbar
Tbase 219.8 K
Mair 28.964 h2o o3  (28.964)
lineshape Voigt-Kielkopf ch4 co co2 h2o_lines n2o o2_coupled o2_uncoupled o3
column dry_air hydrostatic (0.999992)  (2.12016e+21 cm^-2)
! Warning: Column included 3047 unresolved lines.
column h2o hydrostatic 6.72e-06  (1.42476e+16 cm^-2)
! Warning: Column included 332 unresolved lines.
column o3 hydrostatic 1.61e-06  (3.41349e+15 cm^-2)
! Warning: Column included 9503 unresolved lines.

layer mesosphere
# P 0.45 mbar
# T 222.492 K
# dP 0.1 mbar
Pbase 0.5 mbar
Tbase 224.9 K
Mair 28.964 h2o o3  (28.964)
lineshape Voigt-Kielkopf ch4 co co2 h2o_lines n2o o2_coupled o2_uncoupled o3
column dry_air hydrostatic (0.999992)  (2.12016e+21 cm^-2)
! Warning: Column included 3047 unresolved lines.
column h2o hydrostatic 6.7e-06  (1.42052e+16 cm^-2)
! Warning: Column included 332 unresolved lines.
column o3 hydrostatic 1.78e-06  (3.77392e+15 cm^-2)
! Warning: Column included 9503 unresolved lines.

layer mesosphere
# P 0.6 mbar
# T 228.585 K
# dP 0.2 mbar
Pbase 0.7 mbar
Tbase 231.7 K
Mair 28.964 h2o o3  (28.964)
lineshape Voigt-Kielkopf ch4 co co2 h2o_lines n2o o2_coupled o2_uncoupled o3
column dry_air hydrostatic (0.999991)  (4.24032e+21 cm^-2)
! Warning: Column included 3047 unresolved lines.
column h2o hydrostatic 6.63e-06  (2.81136e+16 cm^-2)
! Warning: Column included 332 unresolved lines.
column o3 hydrostatic 2.07e-06  (8.77753e+15 cm^-2)
! Warning: Column included 9503 unresolved lines.

layer stratosphere
# P 0.85 mbar
# T 233.224 K
# dP 0.3 mbar
Pbase 1 mbar
Tbase 234.5 K
Mair 28.964 h2o o3  (28.964)
lineshape Voigt-Kielkopf ch4 co co2 h2o_lines n2o o2_coupled o2_uncoupled o3
column dry_air hydrostatic (0.999991)  (6.36047e+21 cm^-2)
! Warning: Column included 3047 unresolved lines.
column h2o hydrostatic 6.46e-06  (4.1089e+16 cm^-2)
! Warning: Column included 332 unresolved lines.
column o3 hydrostatic 2.58e-06  (1.64102e+16 cm^-2)
! Warning: Column included 9503 unresolved lines.

layer stratosphere
# P 1.5 mbar
# T 230.464 K
# dP 1 mbar
Pbase 2 mbar
Tbase 227.6 K
Mair 28.964 h2o o3  (28.964)
lineshape Gross ch4 co co2 n2o o2_uncoupled o3
lineshape VVW_coupled o2_coupled
lineshape VVH_750 h2o_lines
column dry_air hydrostatic (0.99999)  (2.12015e+22 cm^-2)
! Warning: Column included 3047 unresolved lines.
column h2o hydrostatic 6.09e-06  (1.29119e+17 cm^-2)
! Warning: Column included 332 unresolved lines.
column o3 hydrostatic 3.87e-06  (8.20508e+16 cm^-2)
! Warning: Column included 9503 unresolved lines.

layer stratosphere
# P 2.5 mbar
# T 223.968 K
# dP 1 mbar
Pbase 3 mbar
Tbase 221 K
Mair 28.964 h2o o3  (28.964)
lineshape Gross ch4 co co2 n2o o2_uncoupled o3
lineshape VVW_coupled o2_coupled
lineshape VVH_750 h2o_lines
column dry_air hydrostatic (0.999989)  (2.12015e+22 cm^-2)
! Warning: Column included 3047 unresolved lines.
column h2o hydrostatic 5.66e-06  (1.20002e+17 cm^-2)
! Warning: Column included 332 unresolved lines.
column o3 hydrostatic 5.7e-06  (1.2085e+17 cm^-2)
! Warning: Column included 9503 unresolved lines.

layer stratosphere
# P 3.5 mbar
# T 218.857 K
# dP 1 mbar
Pbase 4 mbar
Tbase 217 K
Mair 28.964 h2o o3  (28.9641)
lineshape Gross ch4 co co2 n2o o2_uncoupled o3
lineshape VVW_coupled o2_coupled
lineshape VVH_750 h2o_lines
column dry_air hydrostatic (0.999987)  (2.12014e+22 cm^-2)
! Warning: Column included 3047 unresolved lines.
column h2o hydrostatic 5.38e-06  (1.14065e+17 cm^-2)
! Warning: Column included 332 unresolved lines.
column o3 hydrostatic 7.19e-06  (1.5244e+17 cm^-2)
! Warning: Column included 9503 unresolved lines.

layer stratosphere
# P 4.5 mbar
# T 215.311 K
# dP 1 mbar
Pbase 5 mbar
Tbase 213.8 K
Mair 28.964 h2o o3  (28.9641)
lineshape Gross ch4 co co2 n2o o2_uncoupled o3
lineshape VVW_coupled o2_coupled
lineshape VVH_750 h2o_lines
column dry_air hydrostatic (0.999987)  (2.12014e+22 cm^-2)
! Warning: Column included 3047 unresolved lines.
column h2o hydrostatic 5.2e-06  (1.10249e+17 cm^-2)
! Warning: Column included 332 unresolved lines.
column o3 hydrostatic 8.18e-06  (1.7343e+17 cm^-2)
! Warning: Column included 9503 unresolved lines.

layer stratosphere
# P 6 mbar
# T 210.874 K
# dP 2 mbar
Pbase 7 mbar
Tbase 208.4 K
Mair 28.964 h2o o3  (28.9641)
lineshape Gross ch4 co co2 n2o o2_uncoupled o3
lineshape VVW_coupled o2_coupled
lineshape VVH_750 h2o_lines
column dry_air hydrostatic (0.999986)  (4.24027e+22 cm^-2)
! Warning: Column included 3047 unresolved lines.
column h2o hydrostatic 5.03e-06  (2.13289e+17 cm^-2)
! Warning: Column included 332 unresolved lines.
column o3 hydrostatic 8.88e-06  (3.76542e+17 cm^-2)
! Warning: Column included 9503 unresolved lines.

layer stratosphere
# P 8.5 mbar
# T 206.223 K
# dP 3 mbar
Pbase 10 mbar
Tbase 204.4 K
Mair 28.964 h2o o3  (28.9641)
lineshape Gross ch4 co co2 n2o o2_uncoupled o3
lineshape VVW_coupled o2_coupled
lineshape VVH_750 h2o_lines
column dry_air hydrostatic (0.999986)  (6.36041e+22 cm^-2)
! Warning: Column included 3047 unresolved lines.
column h2o hydrostatic 4.86e-06  (3.0912e+17 cm^-2)
! Warning: Column included 332 unresolved lines.
column o3 hydrostatic 9.2e-06  (5.85166e+17 cm^-2)
! Warning: Column included 9503 unresolved lines.

layer stratosphere
# P 15 mbar
# T 199.954 K
# dP 10 mbar
Pbase 20 mbar
Tbase 196.8 K
Mair 28.964 h2o o3  (28.9641)
lineshape Gross ch4 co co2 n2o o2_uncoupled o3
lineshape VVW_coupled o2_coupled
lineshape VVH_750 h2o_lines
column dry_air hydrostatic (0.999987)  (2.12014e+23 cm^-2)
! Warning: Column included 3047 unresolved lines.
column h2o hydrostatic 4.66e-06  (9.87998e+17 cm^-2)
! Warning: Column included 332 unresolved lines.
column o3 hydrostatic 7.99e-06  (1.69401e+18 cm^-2)
! Warning: Column included 9503 unresolved lines.

layer stratosphere
# P 25 mbar
# T 194.103 K
# dP 10 mbar
Pbase 30 mbar
Tbase 191.9 K
Mair 28.964 h2o o3  (28.9641)
lineshape Gross ch4 co co2 n2o o2_uncoupled o3
lineshape VVW_coupled o2_coupled
lineshape VVH_750 h2o_lines
column dry_air hydrostatic (0.99999)  (2.12015e+23 cm^-2)
! Warning: Column included 3047 unresolved lines.
column h2o hydrostatic 4.48e-06  (9.49837e+17 cm^-2)
! Warning: Column included 332 unresolved lines.
column o3 hydrostatic 5.53e-06  (1.17245e+18 cm^-2)
! Warning: Column included 9503 unresolved lines.

layer stratosphere
# P 35 mbar
# T 189.489 K
# dP 10 mbar
Pbase 40 mbar
Tbase 187.4 K
Mair 28.964 h2o o3  (28.964)
lineshape Gross ch4 co co2 n2o o2_uncoupled o3
lineshape VVW_coupled o2_coupled
lineshape VVH_750 h2o_lines
column dry_air hydrostatic (0.999992)  (2.12016e+23 cm^-2)
! Warning: Column included 3047 unresolved lines.
column h2o hydrostatic 4.4e-06  (9.32876e+17 cm^-2)
! Warning: Column included 332 unresolved lines.
column o3 hydrostatic 3.44e-06  (7.2934e+17 cm^-2)
! Warning: Column included 9503 unresolved lines.

layer stratosphere
# P 45 mbar
# T 184.919 K
# dP 10 mbar
Pbase 50 mbar
Tbase 182.7 K
Mair 28.964 h2o o3  (28.964)
lineshape Gross ch4 co co2 n2o o2_uncoupled o3
lineshape VVW_coupled o2_coupled
lineshape VVH_750 h2o_lines
column dry_air hydrostatic (0.999994)  (2.12016e+23 cm^-2)
! Warning: Column included 3047 unresolved lines.
column h2o hydrostatic 4.35e-06  (9.22276e+17 cm^-2)
! Warning: Column included 332 unresolved lines.
column o3 hydrostatic 2.08e-06  (4.40997e+17 cm^-2)
! Warning: Column included 9503 unresolved lines.

layer stratosphere
# P 60 mbar
# T 177.823 K
# dP 20 mbar
Pbase 70 mbar
Tbase 173.7 K
Mair 28.964 h2o o3  (28.964)
lineshape Gross ch4 co co2 n2o o2_uncoupled o3
lineshape VVW_coupled o2_coupled
lineshape VVH_750 h2o_lines
column dry_air hydrostatic (0.999995)  (4.24033e+23 cm^-2)
! Warning: Column included 3047 unresolved lines.
column h2o hydrostatic 4.18e-06  (1.77247e+18 cm^-2)
! Warning: Column included 332 unresolved lines.
column o3 hydrostatic 1.04e-06  (4.40997e+17 cm^-2)
! Warning: Column included 9503 unresolved lines.

layer troposphere
# P 85 mbar
# T 173.101 K
# dP 30 mbar
Pbase 100 mbar
Tbase 172.6 K
Mair 28.964 h2o o3  (28.9629)
lineshape Gross ch4 co co2 n2o o2_uncoupled o3
lineshape VVW_coupled o2_coupled
lineshape VVH_750 h2o_lines
column dry_air hydrostatic (0.999897)  (6.36012e+23 cm^-2)
! Warning: Column included 3047 unresolved lines.
column h2o hydrostatic 3.41e-06  (2.16902e+18 cm^-2)  (* 30.0500)
! Warning: Column included 332 unresolved lines.
column o3 hydrostatic 3.23e-07  (2.05453e+17 cm^-2)
! Warning: Column included 9503 unresolved lines.

layer troposphere
# P 125 mbar
# T 178.984 K
# dP 50 mbar
Pbase 150 mbar
Tbase 184.2 K
Mair 28.964 h2o o3  (28.9621)
lineshape Gross ch4 co co2 n2o o2_uncoupled o3
lineshape VVW_coupled o2_coupled
lineshape VVH_750 h2o_lines
column dry_air hydrostatic (0.999828)  (1.05997e+24 cm^-2)
! Warning: Column included 2522 unresolved lines.
column h2o hydrostatic 5.73e-06  (6.0747e+18 cm^-2)  (* 30.0500)
! Warning: Column included 179 unresolved lines.
column o3 hydrostatic 9.5e-08  (1.00715e+17 cm^-2)
! Warning: Column included 4104 unresolved lines.

layer troposphere
# P 175 mbar
# T 190.844 K
# dP 50 mbar
Pbase 200 mbar
Tbase 196.6 K
Mair 28.964 h2o o3  (28.9581)
lineshape Gross ch4 co co2 n2o o2_uncoupled o3
lineshape VVW_coupled o2_coupled
lineshape VVH_750 h2o_lines
column dry_air hydrostatic (0.999459)  (1.05973e+24 cm^-2)
! Warning: Column included 2206 unresolved lines.
column h2o hydrostatic 1.8e-05  (1.90855e+19 cm^-2)  (* 30.0500)
! Warning: Column included 97 unresolved lines.
column o3 hydrostatic 5.11e-08  (5.41815e+16 cm^-2)

layer troposphere
# P 225 mbar
# T 202.037 K
# dP 50 mbar
Pbase 250 mbar
Tbase 206.9 K
Mair 28.964 h2o o3  (28.952)
lineshape Gross ch4 co co2 n2o o2_uncoupled o3
lineshape VVW_coupled o2_coupled
lineshape VVH_750 h2o_lines
column dry_air hydrostatic (0.9989)  (1.05936e+24 cm^-2)
! Warning: Column included 1882 unresolved lines.
column h2o hydrostatic 3.66e-05  (3.88153e+19 cm^-2)  (* 30.0500)
! Warning: Column included 68 unresolved lines.
column o3 hydrostatic 4.31e-08  (4.57088e+16 cm^-2)

layer troposphere
# P 275 mbar
# T 211.448 K
# dP 50 mbar
Pbase 300 mbar
Tbase 215.6 K
Mair 28.964 h2o o3  (28.9487)
lineshape Gross ch4 co co2 n2o o2_uncoupled o3
lineshape VVW_coupled o2_coupled
lineshape VVH_750 h2o_lines
column dry_air hydrostatic (0.998603)  (1.05917e+24 cm^-2)
! Warning: Column included 1365 unresolved lines.
column h2o hydrostatic 4.65e-05  (4.93201e+19 cm^-2)  (* 30.0500)
! Warning: Column included 46 unresolved lines.
column o3 hydrostatic 4.26e-08  (4.51836e+16 cm^-2)

layer troposphere
# P 325 mbar
# T 219.391 K
# dP 50 mbar
Pbase 350 mbar
Tbase 222.9 K
Mair 28.964 h2o o3  (28.9481)
lineshape Gross ch4 co co2 n2o o2_uncoupled o3
lineshape VVW_coupled o2_coupled
lineshape VVH_750 h2o_lines
column dry_air hydrostatic (0.998549)  (1.05913e+24 cm^-2)
! Warning: Column included 11 unresolved lines.
column h2o hydrostatic 4.83e-05  (5.12303e+19 cm^-2)  (* 30.0500)
! Warning: Column included 35 unresolved lines.
column o3 hydrostatic 4.31e-08  (4.57149e+16 cm^-2)

layer troposphere
# P 375 mbar
# T 226.155 K
# dP 50 mbar
Pbase 400 mbar
Tbase 229.2 K
Mair 28.964 h2o o3  (28.9414)
lineshape Gross ch4 co co2 n2o o2_uncoupled o3
lineshape VVW_coupled o2_coupled
lineshape VVH_750 h2o_lines
column dry_air hydrostatic (0.997939)  (1.05873e+24 cm^-2)
! Warning: Column included 11 unresolved lines.
column h2o hydrostatic 6.86e-05  (7.27787e+19 cm^-2)  (* 30.0500)
! Warning: Column included 25 unresolved lines.
column o3 hydrostatic 4.38e-08  (4.6468e+16 cm^-2)

layer troposphere
# P 425 mbar
# T 232.082 K
# dP 50 mbar
Pbase 450 mbar
Tbase 234.8 K
Mair 28.964 h2o o3  (28.9193)
lineshape Gross ch4 co co2 n2o o2_uncoupled o3
lineshape VVW_coupled o2_coupled
lineshape VVH_750 h2o_lines
column dry_air hydrostatic (0.995913)  (1.05739e+24 cm^-2)
column h2o hydrostatic 0.000136  (1.44395e+20 cm^-2)  (* 30.0500)
! Warning: Column included 22 unresolved lines.
column o3 hydrostatic 4.41e-08  (4.68222e+16 cm^-2)

layer troposphere
# P 475 mbar
# T 237.315 K
# dP 50 mbar
Pbase 500 mbar
Tbase 239.7 K
Mair 28.964 h2o o3  (28.8791)
lineshape Gross ch4 co co2 n2o o2_uncoupled o3
lineshape VVW_coupled o2_coupled
lineshape VVH_750 h2o_lines
column dry_air hydrostatic (0.992247)  (1.05496e+24 cm^-2)
column h2o hydrostatic 0.000258  (2.74306e+20 cm^-2)  (* 30.0500)
! Warning: Column included 18 unresolved lines.
column o3 hydrostatic 4.36e-08  (4.63557e+16 cm^-2)

layer troposphere
# P 521 mbar
# T 241.383 K
# dP 42 mbar
Pbase 542 mbar (observing level)
Tbase 243 K
Mair 28.964 h2o o3  (28.7969)
lineshape Gross ch4 co co2 n2o o2_uncoupled o3
lineshape VVW_coupled o2_coupled
lineshape VVH_750 h2o_lines
column dry_air hydrostatic (0.984735)  (8.81969e+23 cm^-2)
column h2o hydrostatic 0.000508  (4.54986e+20 cm^-2)  (* 30.0500)
! Warning: Column included 16 unresolved lines.
column o3 hydrostatic 4.26e-08  (3.81543e+16 cm^-2)

#
# column densities [cm^-2], including scale factors
#
#                           zenith             line-of-sight     
# mesosphere (5 layers):
#                  dry_air  1.484112e+22       1.713705e+22      
#                      h2o  9.718894e+16       1.122241e+17      
#                            (0.029075 um_pwv)  (0.0335729 um_pwv)
#                       o3  2.677784e+16       3.092039e+16      
#                            (0.996644 DU)      (1.15083 DU)      
#
# stratosphere (12 layers):
#                  dry_air  1.469267e+24       1.696564e+24      
#                      h2o  6.602387e+18       7.623780e+18      
#                            (1.97517 um_pwv)   (2.28073 um_pwv)  
#                       o3  5.984689e+18       6.910524e+18      
#                            (222.744 DU)       (257.203 DU)      
#
# troposphere (10 layers):
#                  dry_air  9.986419e+24       1.153132e+25      
#                      h2o  3.345049e+22       3.862530e+22      
#                            (10007 um_pwv)     (11555.1 um_pwv)  
#                       o3  6.747567e+17       7.791419e+17      
#                            (25.1138 DU)       (28.9989 DU)      
#
# total (27 layers):
#                  dry_air  1.147053e+25       1.324502e+25      
#                      h2o  3.345719e+22       3.863304e+22      
#                            (10009 um_pwv)     (11557.4 um_pwv)  
#                       o3  6.686224e+18       7.720586e+18      
#                            (248.855 DU)       (287.352 DU)      
#

! Warning: Encountered in-band lines narrower than the frequency
!          grid spacing.  The output configuration data includes
!          the unresolved line count after each column definition
!          for which this occurred.  Count: 171

# am version 14.0 (build date Sep 30 2024 09:36:11)

# run time 0.887 s
# dcache hit: 216  miss: 54  discard: 54

f 10 GHz  400 GHz  400 MHz
output text  f GHz  tx none  Tb K

tol 0.0001
selfbroad_vmr_tol 0.003

geometry plane-parallel
refract none
za 30 deg
PTmode Pbase Tbase

g 980.665 cm*s^-2
dg_dz 0 s^-2

Nscale troposphere h2o 30.05

T0 2.7 K

layer mesosphere
# P 0.1 mbar
# T 215.7 K
# dP 0.1 mbar
Pbase 0.1 mbar
Tbase 215.7 K
Mair 28.964 h2o o3  (28.964)
lineshape Voigt-Kielkopf ch4 co co2 h2o_lines n2o o2_coupled o2_uncoupled o3
column dry_air hydrostatic (0.999992)  (2.12016e+21 cm^-2)
! Warning: Column included 3047 unresolved lines.
column h2o hydrostatic 6.22e-06  (1.31875e+16 cm^-2)
! Warning: Column included 332 unresolved lines.
column o3 hydrostatic 1.78e-06  (3.77392e+15 cm^-2)
! Warning: Column included 9503 unresolved lines.

layer mesosphere
# P 0.2 mbar
# T 229.707 K
# dP 0.2 mbar
Pbase 0.3 mbar
Tbase 237.9 K
Mair 28.964 h2o o3  (28.964)
lineshape Voigt-Kielkopf ch4 co co2 h2o_lines n2o o2_coupled o2_uncoupled o3
column dry_air hydrostatic (0.999992)  (4.24032e+21 cm^-2)
! Warning: Column included 3047 unresolved lines.
column h2o hydrostatic 6.47e-06  (2.74351e+16 cm^-2)
! Warning: Column included 332 unresolved lines.
column o3 hydrostatic 1.66e-06  (7.03899e+15 cm^-2)
! Warning: Column included 9503 unresolved lines.

layer mesosphere
# P 0.35 mbar
# T 241.276 K
# dP 0.1 mbar
Pbase 0.4 mbar
Tbase 244.2 K
Mair 28.964 h2o o3  (28.964)
lineshape Voigt-Kielkopf ch4 co co2 h2o_lines n2o o2_coupled o2_uncoupled o3
column dry_air hydrostatic (0.999992)  (2.12016e+21 cm^-2)
! Warning: Column included 3047 unresolved lines.
column h2o hydrostatic 6.72e-06  (1.42476e+16 cm^-2)
! Warning: Column included 332 unresolved lines.
column o3 hydrostatic 1.61e-06  (3.41349e+15 cm^-2)
! Warning: Column included 9503 unresolved lines.

layer mesosphere
# P 0.45 mbar
# T 247.209 K
# dP 0.1 mbar
Pbase 0.5 mbar
Tbase 249.9 K
Mair 28.964 h2o o3  (28.964)
lineshape Voigt-Kielkopf ch4 co co2 h2o_lines n2o o2_coupled o2_uncoupled o3
column dry_air hydrostatic (0.999992)  (2.12016e+21 cm^-2)
! Warning: Column included 3047 unresolved lines.
column h2o hydrostatic 6.7e-06  (1.42052e+16 cm^-2)
! Warning: Column included 332 unresolved lines.
column o3 hydrostatic 1.78e-06  (3.77392e+15 cm^-2)
! Warning: Column included 9503 unresolved lines.

layer mesosphere
# P 0.6 mbar
# T 253.964 K
# dP 0.2 mbar
Pbase 0.7 mbar
Tbase 257.4 K
Mair 28.964 h2o o3  (28.964)
lineshape Voigt-Kielkopf ch4 co co2 h2o_lines n2o o2_coupled o2_uncoupled o3
column dry_air hydrostatic (0.999991)  (4.24032e+21 cm^-2)
! Warning: Column included 3047 unresolved lines.
column h2o hydrostatic 6.63e-06  (2.81136e+16 cm^-2)
! Warning: Column included 332 unresolved lines.
column o3 hydrostatic 2.07e-06  (8.77753e+15 cm^-2)
! Warning: Column included 9503 unresolved lines.

layer stratosphere
# P 0.85 mbar
# T 259.087 K
# dP 0.3 mbar
Pbase 1 mbar
Tbase 260.5 K
Mair 28.964 h2o o3  (28.964)
lineshape Voigt-Kielkopf ch4 co co2 h2o_lines n2o o2_coupled o2_uncoupled o3
column dry_air hydrostatic (0.999991)  (6.36047e+21 cm^-2)
! Warning: Column included 3047 unresolved lines.
column h2o hydrostatic 6.46e-06  (4.1089e+16 cm^-2)
! Warning: Column included 332 unresolved lines.
column o3 hydrostatic 2.58e-06  (1.64102e+16 cm^-2)
! Warning: Column included 9503 unresolved lines.

layer stratosphere
# P 1.5 mbar
# T 256.054 K
# dP 1 mbar
Pbase 2 mbar
Tbase 252.9 K
Mair 28.964 h2o o3  (28.964)
lineshape Gross ch4 co co2 n2o o2_uncoupled o3
lineshape VVW_coupled o2_coupled
lineshape VVH_750 h2o_lines
column dry_air hydrostatic (0.99999)  (2.12015e+22 cm^-2)
! Warning: Column included 3047 unresolved lines.
column h2o hydrostatic 6.09e-06  (1.29119e+17 cm^-2)
! Warning: Column included 332 unresolved lines.
column o3 hydrostatic 3.87e-06  (8.20508e+16 cm^-2)
! Warning: Column included 9503 unresolved lines.

layer stratosphere
# P 2.5 mbar
# T 248.827 K
# dP 1 mbar
Pbase 3 mbar
Tbase 245.5 K
Mair 28.964 h2o o3  (28.964)
lineshape Gross ch4 co co2 n2o o2_uncoupled o3
lineshape VVW_coupled o2_coupled
lineshape VVH_750 h2o_lines
column dry_air hydrostatic (0.999989)  (2.12015e+22 cm^-2)
! Warning: Column included 3047 unresolved lines.
column h2o hydrostatic 5.66e-06  (1.20002e+17 cm^-2)
! Warning: Column included 332 unresolved lines.
column o3 hydrostatic 5.7e-06  (1.2085e+17 cm^-2)
! Warning: Column included 9503 unresolved lines.

layer stratosphere
# P 3.5 mbar
# T 243.142 K
# dP 1 mbar
Pbase 4 mbar
Tbase 241.1 K
Mair 28.964 h2o o3  (28.9641)
lineshape Gross ch4 co co2 n2o o2_uncoupled o3
lineshape VVW_coupled o2_coupled
lineshape VVH_750 h2o_lines
column dry_air hydrostatic (0.999987)  (2.12014e+22 cm^-2)
! Warning: Column included 3047 unresolved lines.
column h2o hydrostatic 5.38e-06  (1.14065e+17 cm^-2)
! Warning: Column included 332 unresolved lines.
column o3 hydrostatic 7.19e-06  (1.5244e+17 cm^-2)
! Warning: Column included 9503 unresolved lines.

layer stratosphere
# P 4.5 mbar
# T 239.2 K
# dP 1 mbar
Pbase 5 mbar
Tbase 237.5 K
Mair 28.964 h2o o3  (28.9641)
lineshape Gross ch4 co co2 n2o o2_uncoupled o3
lineshape VVW_coupled o2_coupled
lineshape VVH_750 h2o_lines
column dry_air hydrostatic (0.999987)  (2.12014e+22 cm^-2)
! Warning: Column included 3047 unresolved lines.
column h2o hydrostatic 5.2e-06  (1.10249e+17 cm^-2)
! Warning: Column included 332 unresolved lines.
column o3 hydrostatic 8.18e-06  (1.7343e+17 cm^-2)
! Warning: Column included 9503 unresolved lines.

layer stratosphere
# P 6 mbar
# T 234.303 K
# dP 2 mbar
Pbase 7 mbar
Tbase 231.6 K
Mair 28.964 h2o o3  (28.9641)
lineshape Gross ch4 co co2 n2o o2_uncoupled o3
lineshape VVW_coupled o2_coupled
lineshape VVH_750 h2o_lines
column dry_air hydrostatic (0.999986)  (4.24027e+22 cm^-2)
! Warning: Column included 3047 unresolved lines.
column h2o hydrostatic 5.03e-06  (2.13289e+17 cm^-2)
! Warning: Column included 332 unresolved lines.
column o3 hydrostatic 8.88e-06  (3.76542e+17 cm^-2)
! Warning: Column included 9503 unresolved lines.

layer stratosphere
# P 8.5 mbar
# T 229.15 K
# dP 3 mbar
Pbase 10 mbar
Tbase 227.1 K
Mair 28.964 h2o o3  (28.9641)
lineshape Gross ch4 co co2 n2o o2_uncoupled o3
lineshape VVW_coupled o2_coupled
lineshape VVH_750 h2o_lines
column dry_air hydrostatic (0.999986)  (6.36041e+22 cm^-2)
! Warning: Column included 3047 unresolved lines.
column h2o hydrostatic 4.86e-06  (3.0912e+17 cm^-2)
! Warning: Column included 332 unresolved lines.
column o3 hydrostatic 9.2e-06  (5.85166e+17 cm^-2)
! Warning: Column included 9503 unresolved lines.

layer stratosphere
# P 15 mbar
# T 222.186 K
# dP 10 mbar
Pbase 20 mbar
Tbase 218.7 K
Mair 28.964 h2o o3  (28.9641)
lineshape Gross ch4 co co2 n2o o2_uncoupled o3
lineshape VVW_coupled o2_coupled
lineshape VVH_750 h2o_lines
column dry_air hydrostatic (0.999987)  (2.12014e+23 cm^-2)
! Warning: Column included 3047 unresolved lines.
column h2o hydrostatic 4.66e-06  (9.87998e+17 cm^-2)
! Warning: Column included 332 unresolved lines.
column o3 hydrostatic 7.99e-06  (1.69401e+18 cm^-2)
! Warning: Column included 9503 unresolved lines.

layer stratosphere
# P 25 mbar
# T 215.673 K
# dP 10 mbar
Pbase 30 mbar
Tbase 213.2 K
Mair 28.964 h2o o3  (28.9641)
lineshape Gross ch4 co co2 n2o o2_uncoupled o3
lineshape VVW_coupled o2_coupled
lineshape VVH_750 h2o_lines
column dry_air hydrostatic (0.99999)  (2.12015e+23 cm^-2)
! Warning: Column included 3047 unresolved lines.
column h2o hydrostatic 4.48e-06  (9.49837e+17 cm^-2)
! Warning: Column included 332 unresolved lines.
column o3 hydrostatic 5.53e-06  (1.17245e+18 cm^-2)
! Warning: Column included 9503 unresolved lines.

layer stratosphere
# P 35 mbar
# T 210.521 K
# dP 10 mbar
Pbase 40 mbar
Tbase 208.2 K
Mair 28.964 h2o o3  (28.964)
lineshape Gross ch4 co co2 n2o o2_uncoupled o3
lineshape VVW_coupled o2_coupled
lineshape VVH_750 h2o_lines
column dry_air hydrostatic (0.999992)  (2.12016e+23 cm^-2)
! Warning: Column included 3047 unresolved lines.
column h2o hydrostatic 4.4e-06  (9.32876e+17 cm^-2)
! Warning: Column included 332 unresolved lines.
column o3 hydrostatic 3.44e-06  (7.2934e+17 cm^-2)
! Warning: Column included 9503 unresolved lines.

layer stratosphere
# P 45 mbar
# T 205.455 K
# dP 10 mbar
Pbase 50 mbar
Tbase 203 K
Mair 28.964 h2o o3  (28.964)
lineshape Gross ch4 co co2 n2o o2_uncoupled o3
lineshape VVW_coupled o2_coupled
lineshape VVH_750 h2o_lines
column dry_air hydrostatic (0.999994)  (2.12016e+23 cm^-2)
! Warning: Column included 3047 unresolved lines.
column h2o hydrostatic 4.35e-06  (9.22276e+17 cm^-2)
! Warning: Column included 332 unresolved lines.
column o3 hydrostatic 2.08e-06  (4.40997e+17 cm^-2)
! Warning: Column included 9503 unresolved lines.

layer stratosphere
# P 60 mbar
# T 197.581 K
# dP 20 mbar
Pbase 70 mbar
Tbase 193 K
Mair 28.964 h2o o3  (28.964)
lineshape Gross ch4 co co2 n2o o2_uncoupled o3
lineshape VVW_coupled o2_coupled
lineshape VVH_750 h2o_lines
column dry_air hydrostatic (0.999995)  (4.24033e+23 cm^-2)
! Warning: Column included 3047 unresolved lines.
column h2o hydrostatic 4.18e-06  (1.77247e+18 cm^-2)
! Warning: Column included 332 unresolved lines.
column o3 hydrostatic 1.04e-06  (4.40997e+17 cm^-2)
! Warning: Column included 9503 unresolved lines.

layer troposphere
# P 85 mbar
# T 192.347 K
# dP 30 mbar
Pbase 100 mbar
Tbase 191.8 K
Mair 28.964 h2o o3  (28.9629)
lineshape Gross ch4 co co2 n2o o2_uncoupled o3
lineshape VVW_coupled o2_coupled
lineshape VVH_750 h2o_lines
column dry_air hydrostatic (0.999897)  (6.36012e+23 cm^-2)
! Warning: Column included 3047 unresolved lines.
column h2o hydrostatic 3.41e-06  (2.16902e+18 cm^-2)  (* 30.0500)
! Warning: Column included 332 unresolved lines.
column o3 hydrostatic 3.23e-07  (2.05453e+17 cm^-2)
! Warning: Column included 9503 unresolved lines.

layer troposphere
# P 125 mbar
# T 198.899 K
# dP 50 mbar
Pbase 150 mbar
Tbase 204.7 K
Mair 28.964 h2o o3  (28.9621)
lineshape Gross ch4 co co2 n2o o2_uncoupled o3
lineshape VVW_coupled o2_coupled
lineshape VVH_750 h2o_lines
column dry_air hydrostatic (0.999828)  (1.05997e+24 cm^-2)
! Warning: Column included 2749 unresolved lines.
column h2o hydrostatic 5.73e-06  (6.0747e+18 cm^-2)  (* 30.0500)
! Warning: Column included 216 unresolved lines.
column o3 hydrostatic 9.5e-08  (1.00715e+17 cm^-2)
! Warning: Column included 7176 unresolved lines.

layer troposphere
# P 175 mbar
# T 212.041 K
# dP 50 mbar
Pbase 200 mbar
Tbase 218.4 K
Mair 28.964 h2o o3  (28.9581)
lineshape Gross ch4 co co2 n2o o2_uncoupled o3
lineshape VVW_coupled o2_coupled
lineshape VVH_750 h2o_lines
column dry_air hydrostatic (0.999459)  (1.05973e+24 cm^-2)
! Warning: Column included 2268 unresolved lines.
column h2o hydrostatic 1.8e-05  (1.90855e+19 cm^-2)  (* 30.0500)
! Warning: Column included 108 unresolved lines.
column o3 hydrostatic 5.11e-08  (5.41815e+16 cm^-2)

layer troposphere
# P 225 mbar
# T 224.47 K
# dP 50 mbar
Pbase 250 mbar
Tbase 229.9 K
Mair 28.964 h2o o3  (28.952)
lineshape Gross ch4 co co2 n2o o2_uncoupled o3
lineshape VVW_coupled o2_coupled
lineshape VVH_750 h2o_lines
column dry_air hydrostatic (0.9989)  (1.05936e+24 cm^-2)
! Warning: Column included 2033 unresolved lines.
column h2o hydrostatic 3.66e-05  (3.88153e+19 cm^-2)  (* 30.0500)
! Warning: Column included 74 unresolved lines.
column o3 hydrostatic 4.31e-08  (4.57088e+16 cm^-2)

layer troposphere
# P 275 mbar
# T 234.918 K
# dP 50 mbar
Pbase 300 mbar
Tbase 239.5 K
Mair 28.964 h2o o3  (28.9487)
lineshape Gross ch4 co co2 n2o o2_uncoupled o3
lineshape VVW_coupled o2_coupled
lineshape VVH_750 h2o_lines
column dry_air hydrostatic (0.998603)  (1.05917e+24 cm^-2)
! Warning: Column included 1542 unresolved lines.
column h2o hydrostatic 4.65e-05  (4.93201e+19 cm^-2)  (* 30.0500)
! Warning: Column included 48 unresolved lines.
column o3 hydrostatic 4.26e-08  (4.51836e+16 cm^-2)

layer troposphere
# P 325 mbar
# T 243.758 K
# dP 50 mbar
Pbase 350 mbar
Tbase 247.7 K
Mair 28.964 h2o o3  (28.9481)
lineshape Gross ch4 co co2 n2o o2_uncoupled o3
lineshape VVW_coupled o2_coupled
lineshape VVH_750 h2o_lines
column dry_air hydrostatic (0.998549)  (1.05913e+24 cm^-2)
! Warning: Column included 1202 unresolved lines.
column h2o hydrostatic 4.83e-05  (5.12303e+19 cm^-2)  (* 30.0500)
! Warning: Column included 37 unresolved lines.
column o3 hydrostatic 4.31e-08  (4.57149e+16 cm^-2)

layer troposphere
# P 375 mbar
# T 251.317 K
# dP 50 mbar
Pbase 400 mbar
Tbase 254.7 K
Mair 28.964 h2o o3  (28.9414)
lineshape Gross ch4 co co2 n2o o2_uncoupled o3
lineshape VVW_coupled o2_coupled
lineshape VVH_750 h2o_lines
column dry_air hydrostatic (0.997939)  (1.05873e+24 cm^-2)
! Warning: Column included 11 unresolved lines.
column h2o hydrostatic 6.86e-05  (7.27787e+19 cm^-2)  (* 30.0500)
! Warning: Column included 27 unresolved lines.
column o3 hydrostatic 4.38e-08  (4.6468e+16 cm^-2)

layer troposphere
# P 425 mbar
# T 257.891 K
# dP 50 mbar
Pbase 450 mbar
Tbase 260.9 K
Mair 28.964 h2o o3  (28.9193)
lineshape Gross ch4 co co2 n2o o2_uncoupled o3
lineshape VVW_coupled o2_coupled
lineshape VVH_750 h2o_lines
column dry_air hydrostatic (0.995913)  (1.05739e+24 cm^-2)
! Warning: Column included 11 unresolved lines.
column h2o hydrostatic 0.000136  (1.44395e+20 cm^-2)  (* 30.0500)
! Warning: Column included 22 unresolved lines.
column o3 hydrostatic 4.41e-08  (4.68222e+16 cm^-2)

layer troposphere
# P 475 mbar
# T 263.671 K
# dP 50 mbar
Pbase 500 mbar
Tbase 266.3 K
Mair 28.964 h2o o3  (28.8791)
lineshape Gross ch4 co co2 n2o o2_uncoupled o3
lineshape VVW_coupled o2_coupled
lineshape VVH_750 h2o_lines
column dry_air hydrostatic (0.992247)  (1.05496e+24 cm^-2)
column h2o hydrostatic 0.000258  (2.74306e+20 cm^-2)  (* 30.0500)
! Warning: Column included 18 unresolved lines.
column o3 hydrostatic 4.36e-08  (4.63557e+16 cm^-2)

layer troposphere
# P 521 mbar
# T 268.187 K
# dP 42 mbar
Pbase 542 mbar (observing level)
Tbase 270 K
Mair 28.964 h2o o3  (28.7969)
lineshape Gross ch4 co co2 n2o o2_uncoupled o3
lineshape VVW_coupled o2_coupled
lineshape VVH_750 h2o_lines
column dry_air hydrostatic (0.984735)  (8.81969e+23 cm^-2)
column h2o hydrostatic 0.000508  (4.54986e+20 cm^-2)  (* 30.0500)
! Warning: Column included 16 unresolved lines.
column o3 hydrostatic 4.26e-08  (3.81543e+16 cm^-2)

#
# column densities [cm^-2], including scale factors
#
#                           zenith             line-of-sight     
# mesosphere (5 layers):
#                  dry_air  1.484112e+22       1.713705e+22      
#                      h2o  9.718894e+16       1.122241e+17      
#                            (0.029075 um_pwv)  (0.0335729 um_pwv)
#                       o3  2.677784e+16       3.092039e+16      
#                            (0.996644 DU)      (1.15083 DU)      
#
# stratosphere (12 layers):
#                  dry_air  1.469267e+24       1.696564e+24      
#                      h2o  6.602387e+18       7.623780e+18      
#                            (1.97517 um_pwv)   (2.28073 um_pwv)  
#                       o3  5.984689e+18       6.910524e+18      
#                            (222.744 DU)       (257.203 DU)      
#
# troposphere (10 layers):
#                  dry_air  9.986419e+24       1.153132e+25      
#                      h2o  3.345049e+22       3.862530e+22      
#                            (10007 um_pwv)     (11555.1 um_pwv)  
#                       o3  6.747567e+17       7.791419e+17      
#                            (25.1138 DU)       (28.9989 DU)      
#
# total (27 layers):
#                  dry_air  1.147053e+25       1.324502e+25      
#                      h2o  3.345719e+22       3.863304e+22      
#                            (10009 um_pwv)     (11557.4 um_pwv)  
#                       o3  6.686224e+18       7.720586e+18      
#                            (248.855 DU)       (287.352 DU)      
#

! Warning: Encountered in-band lines narrower than the frequency
!          grid spacing.  The output configuration data includes
!          the unresolved line count after each column definition
!          for which this occurred.  Count: 174

# am version 14.0 (build date Sep 30 2024 09:36:11)

# run time 0.889 s
# dcache hit: 226  miss: 44  discard: 44

f 10 GHz  400 GHz  400 MHz
output text  f GHz  tx none  Tb K

tol 0.0001
selfbroad_vmr_tol 0.003

geometry plane-parallel
refract none
za 30 deg
PTmode Pbase Tbase

g 980.665 cm*s^-2
dg_dz 0 s^-2

Nscale troposphere h2o 30.05

T0 2.7 K

layer mesosphere
# P 0.1 mbar
# T 237.3 K
# dP 0.1 mbar
Pbase 0.1 mbar
Tbase 237.3 K
Mair 28.964 h2o o3  (28.964)
lineshape Voigt-Kielkopf ch4 co co2 h2o_lines n2o o2_coupled o2_uncoupled o3
column dry_air hydrostatic (0.999992)  (2.12016e+21 cm^-2)
! Warning: Column included 3047 unresolved lines.
column h2o hydrostatic 6.22e-06  (1.31875e+16 cm^-2)
! Warning: Column included 332 unresolved lines.
column o3 hydrostatic 1.78e-06  (3.77392e+15 cm^-2)
! Warning: Column included 9503 unresolved lines.

layer mesosphere
# P 0.2 mbar
# T 252.695 K
# dP 0.2 mbar
Pbase 0.3 mbar
Tbase 261.7 K
Mair 28.964 h2o o3  (28.964)
lineshape Voigt-Kielkopf ch4 co co2 h2o_lines n2o o2_coupled o2_uncoupled o3
column dry_air hydrostatic (0.999992)  (4.24032e+21 cm^-2)
! Warning: Column included 3047 unresolved lines.
column h2o hydrostatic 6.47e-06  (2.74351e+16 cm^-2)
! Warning: Column included 332 unresolved lines.
column o3 hydrostatic 1.66e-06  (7.03899e+15 cm^-2)
! Warning: Column included 9503 unresolved lines.

layer mesosphere
# P 0.35 mbar
# T 265.397 K
# dP 0.1 mbar
Pbase 0.4 mbar
Tbase 268.6 K
Mair 28.964 h2o o3  (28.964)
lineshape Voigt-Kielkopf ch4 co co2 h2o_lines n2o o2_coupled o2_uncoupled o3
column dry_air hydrostatic (0.999992)  (2.12016e+21 cm^-2)
! Warning: Column included 3047 unresolved lines.
column h2o hydrostatic 6.72e-06  (1.42476e+16 cm^-2)
! Warning: Column included 332 unresolved lines.
column o3 hydrostatic 1.61e-06  (3.41349e+15 cm^-2)
! Warning: Column included 9503 unresolved lines.

layer mesosphere
# P 0.45 mbar
# T 271.925 K
# dP 0.1 mbar
Pbase 0.5 mbar
Tbase 274.9 K
Mair 28.964 h2o o3  (28.964)
lineshape Voigt-Kielkopf ch4 co co2 h2o_lines n2o o2_coupled o2_uncoupled o3
column dry_air hydrostatic (0.999992)  (2.12016e+21 cm^-2)
! Warning: Column included 3047 unresolved lines.
column h2o hydrostatic 6.7e-06  (1.42052e+16 cm^-2)
! Warning: Column included 332 unresolved lines.
column o3 hydrostatic 1.78e-06  (3.77392e+15 cm^-2)
! Warning: Column included 9503 unresolved lines.

layer mesosphere
# P 0.6 mbar
# T 279.343 K
# dP 0.2 mbar
Pbase 0.7 mbar
Tbase 283.1 K
Mair 28.964 h2o o3  (28.964)
lineshape Voigt-Kielkopf ch4 co co2 h2o_lines n2o o2_coupled o2_uncoupled o3
column dry_air hydrostatic (0.999991)  (4.24032e+21 cm^-2)
! Warning: Column included 3047 unresolved lines.
column h2o hydrostatic 6.63e-06  (2.81136e+16 cm^-2)
! Warning: Column included 332 unresolved lines.
column o3 hydrostatic 2.07e-06  (8.77753e+15 cm^-2)
! Warning: Column included 9503 unresolved lines.

layer stratosphere
# P 0.85 mbar
# T 285.005 K
# dP 0.3 mbar
Pbase 1 mbar
Tbase 286.6 K
Mair 28.964 h2o o3  (28.964)
lineshape Voigt-Kielkopf ch4 co co2 h2o_lines n2o o2_coupled o2_uncoupled o3
column dry_air hydrostatic (0.999991)  (6.36047e+21 cm^-2)
! Warning: Column included 3047 unresolved lines.
column h2o hydrostatic 6.46e-06  (4.1089e+16 cm^-2)
! Warning: Column included 332 unresolved lines.
column o3 hydrostatic 2.58e-06  (1.64102e+16 cm^-2)
! Warning: Column included 9503 unresolved lines.

layer stratosphere
# P 1.5 mbar
# T 281.686 K
# dP 1 mbar
Pbase 2 mbar
Tbase 278.2 K
Mair 28.964 h2o o3  (28.964)
lineshape Gross ch4 co co2 n2o o2_uncoupled o3
lineshape VVW_coupled o2_coupled
lineshape VVH_750 h2o_lines
column dry_air hydrostatic (0.99999)  (2.12015e+22 cm^-2)
! Warning: Column included 3047 unresolved lines.
column h2o hydrostatic 6.09e-06  (1.29119e+17 cm^-2)
! Warning: Column included 332 unresolved lines.
column o3 hydrostatic 3.87e-06  (8.20508e+16 cm^-2)
! Warning: Column included 9503 unresolved lines.

layer stratosphere
# P 2.5 mbar
# T 273.742 K
# dP 1 mbar
Pbase 3 mbar
Tbase 270.1 K
Mair 28.964 h2o o3  (28.964)
lineshape Gross ch4 co co2 n2o o2_uncoupled o3
lineshape VVW_coupled o2_coupled
lineshape VVH_750 h2o_lines
column dry_air hydrostatic (0.999989)  (2.12015e+22 cm^-2)
! Warning: Column included 3047 unresolved lines.
column h2o hydrostatic 5.66e-06  (1.20002e+17 cm^-2)
! Warning: Column included 332 unresolved lines.
column o3 hydrostatic 5.7e-06  (1.2085e+17 cm^-2)
! Warning: Column included 9503 unresolved lines.

layer stratosphere
# P 3.5 mbar
# T 267.474 K
# dP 1 mbar
Pbase 4 mbar
Tbase 265.2 K
Mair 28.964 h2o o3  (28.9641)
lineshape Gross ch4 co co2 n2o o2_uncoupled o3
lineshape VVW_coupled o2_coupled
lineshape VVH_750 h2o_lines
column dry_air hydrostatic (0.999987)  (2.12014e+22 cm^-2)
! Warning: Column included 3047 unresolved lines.
column h2o hydrostatic 5.38e-06  (1.14065e+17 cm^-2)
! Warning: Column included 332 unresolved lines.
column o3 hydrostatic 7.19e-06  (1.5244e+17 cm^-2)
! Warning: Column included 9503 unresolved lines.

layer stratosphere
# P 4.5 mbar
# T 263.089 K
# dP 1 mbar
Pbase 5 mbar
Tbase 261.2 K
Mair 28.964 h2o o3  (28.9641)
lineshape Gross ch4 co co2 n2o o2_uncoupled o3
lineshape VVW_coupled o2_coupled
lineshape VVH_750 h2o_lines
column dry_air hydrostatic (0.999987)  (2.12014e+22 cm^-2)
! Warning: Column included 3047 unresolved lines.
column h2o hydrostatic 5.2e-06  (1.10249e+17 cm^-2)
! Warning: Column included 332 unresolved lines.
column o3 hydrostatic 8.18e-06  (1.7343e+17 cm^-2)
! Warning: Column included 9503 unresolved lines.

layer stratosphere
# P 6 mbar
# T 257.732 K
# dP 2 mbar
Pbase 7 mbar
Tbase 254.8 K
Mair 28.964 h2o o3  (28.9641)
lineshape Gross ch4 co co2 n2o o2_uncoupled o3
lineshape VVW_coupled o2_coupled
lineshape VVH_750 h2o_lines
column dry_air hydrostatic (0.999986)  (4.24027e+22 cm^-2)
! Warning: Column included 3047 unresolved lines.
column h2o hydrostatic 5.03e-06  (2.13289e+17 cm^-2)
! Warning: Column included 332 unresolved lines.
column o3 hydrostatic 8.88e-06  (3.76542e+17 cm^-2)
! Warning: Column included 9503 unresolved lines.

layer stratosphere
# P 8.5 mbar
# T 252.078 K
# dP 3 mbar
Pbase 10 mbar
Tbase 249.8 K
Mair 28.964 h2o o3  (28.9641)
lineshape Gross ch4 co co2 n2o o2_uncoupled o3
lineshape VVW_coupled o2_coupled
lineshape VVH_750 h2o_lines
column dry_air hydrostatic (0.999986)  (6.36041e+22 cm^-2)
! Warning: Column included 3047 unresolved lines.
column h2o hydrostatic 4.86e-06  (3.0912e+17 cm^-2)
! Warning: Column included 332 unresolved lines.
column o3 hydrostatic 9.2e-06  (5.85166e+17 cm^-2)
! Warning: Column included 9503 unresolved lines.

layer stratosphere
# P 15 mbar
# T 244.418 K
# dP 10 mbar
Pbase 20 mbar
Tbase 240.6 K
Mair 28.964 h2o o3  (28.9641)
lineshape Gross ch4 co co2 n2o o2_uncoupled o3
lineshape VVW_coupled o2_coupled
lineshape VVH_750 h2o_lines
column dry_air hydrostatic (0.999987)  (2.12014e+23 cm^-2)
! Warning: Column included 3047 unresolved lines.
column h2o hydrostatic 4.66e-06  (9.87998e+17 cm^-2)
! Warning: Column included 332 unresolved lines.
column o3 hydrostatic 7.99e-06  (1.69401e+18 cm^-2)
! Warning: Column included 9503 unresolved lines.

layer stratosphere
# P 25 mbar
# T 237.243 K
# dP 10 mbar
Pbase 30 mbar
Tbase 234.5 K
Mair 28.964 h2o o3  (28.9641)
lineshape Gross ch4 co co2 n2o o2_uncoupled o3
lineshape VVW_coupled o2_coupled
lineshape VVH_750 h2o_lines
column dry_air hydrostatic (0.99999)  (2.12015e+23 cm^-2)
! Warning: Column included 3047 unresolved lines.
column h2o hydrostatic 4.48e-06  (9.49837e+17 cm^-2)
! Warning: Column included 332 unresolved lines.
column o3 hydrostatic 5.53e-06  (1.17245e+18 cm^-2)
! Warning: Column included 9503 unresolved lines.

layer stratosphere
# P 35 mbar
# T 231.553 K
# dP 10 mbar
Pbase 40 mbar
Tbase 229 K
Mair 28.964 h2o o3  (28.964)
lineshape Gross ch4 co co2 n2o o2_uncoupled o3
lineshape VVW_coupled o2_coupled
lineshape VVH_750 h2o_lines
column dry_air hydrostatic (0.999992)  (2.12016e+23 cm^-2)
! Warning: Column included 3047 unresolved lines.
column h2o hydrostatic 4.4e-06  (9.32876e+17 cm^-2)
! Warning: Column included 332 unresolved lines.
column o3 hydrostatic 3.44e-06  (7.2934e+17 cm^-2)
! Warning: Column included 9503 unresolved lines.

layer stratosphere
# P 45 mbar
# T 225.991 K
# dP 10 mbar
Pbase 50 mbar
Tbase 223.3 K
Mair 28.964 h2o o3  (28.964)
lineshape Gross ch4 co co2 n2o o2_uncoupled o3
lineshape VVW_coupled o2_coupled
lineshape VVH_750 h2o_lines
column dry_air hydrostatic (0.999994)  (2.12016e+23 cm^-2)
! Warning: Column included 3047 unresolved lines.
column h2o hydrostatic 4.35e-06  (9.22276e+17 cm^-2)
! Warning: Column included 332 unresolved lines.
column o3 hydrostatic 2.08e-06  (4.40997e+17 cm^-2)
! Warning: Column included 9503 unresolved lines.

layer stratosphere
# P 60 mbar
# T 217.34 K
# dP 20 mbar
Pbase 70 mbar
Tbase 212.3 K
Mair 28.964 h2o o3  (28.964)
lineshape Gross ch4 co co2 n2o o2_uncoupled o3
lineshape VVW_coupled o2_coupled
lineshape VVH_750 h2o_lines
column dry_air hydrostatic (0.999995)  (4.24033e+23 cm^-2)
! Warning: Column included 3047 unresolved lines.
column h2o hydrostatic 4.18e-06  (1.77247e+18 cm^-2)
! Warning: Column included 332 unresolved lines.
column o3 hydrostatic 1.04e-06  (4.40997e+17 cm^-2)
! Warning: Column included 9503 unresolved lines.

layer troposphere
# P 85 mbar
# T 211.592 K
# dP 30 mbar
Pbase 100 mbar
Tbase 211 K
Mair 28.964 h2o o3  (28.9629)
lineshape Gross ch4 co co2 n2o o2_uncoupled o3
lineshape VVW_coupled o2_coupled
lineshape VVH_750 h2o_lines
column dry_air hydrostatic (0.999897)  (6.36012e+23 cm^-2)
! Warning: Column included 3047 unresolved lines.
column h2o hydrostatic 3.41e-06  (2.16902e+18 cm^-2)  (* 30.0500)
! Warning: Column included 332 unresolved lines.
column o3 hydrostatic 3.23e-07  (2.05453e+17 cm^-2)
! Warning: Column included 9503 unresolved lines.

layer troposphere
# P 125 mbar
# T 218.815 K
# dP 50 mbar
Pbase 150 mbar
Tbase 225.2 K
Mair 28.964 h2o o3  (28.9621)
lineshape Gross ch4 co co2 n2o o2_uncoupled o3
lineshape VVW_coupled o2_coupled
lineshape VVH_750 h2o_lines
column dry_air hydrostatic (0.999828)  (1.05997e+24 cm^-2)
! Warning: Column included 2942 unresolved lines.
column h2o hydrostatic 5.73e-06  (6.0747e+18 cm^-2)  (* 30.0500)
! Warning: Column included 245 unresolved lines.
column o3 hydrostatic 9.5e-08  (1.00715e+17 cm^-2)
! Warning: Column included 8712 unresolved lines.

layer troposphere
# P 175 mbar
# T 233.238 K
# dP 50 mbar
Pbase 200 mbar
Tbase 240.2 K
Mair 28.964 h2o o3  (28.9581)
lineshape Gross ch4 co co2 n2o o2_uncoupled o3
lineshape VVW_coupled o2_coupled
lineshape VVH_750 h2o_lines
column dry_air hydrostatic (0.999459)  (1.05973e+24 cm^-2)
! Warning: Column included 2329 unresolved lines.
column h2o hydrostatic 1.8e-05  (1.90855e+19 cm^-2)  (* 30.0500)
! Warning: Column included 115 unresolved lines.
column o3 hydrostatic 5.11e-08  (5.41815e+16 cm^-2)

layer troposphere
# P 225 mbar
# T 246.904 K
# dP 50 mbar
Pbase 250 mbar
Tbase 252.9 K
Mair 28.964 h2o o3  (28.952)
lineshape Gross ch4 co co2 n2o o2_uncoupled o3
lineshape VVW_coupled o2_coupled
lineshape VVH_750 h2o_lines
column dry_air hydrostatic (0.9989)  (1.05936e+24 cm^-2)
! Warning: Column included 2150 unresolved lines.
column h2o hydrostatic 3.66e-05  (3.88153e+19 cm^-2)  (* 30.0500)
! Warning: Column included 76 unresolved lines.
column o3 hydrostatic 4.31e-08  (4.57088e+16 cm^-2)

layer troposphere
# P 275 mbar
# T 258.441 K
# dP 50 mbar
Pbase 300 mbar
Tbase 263.5 K
Mair 28.964 h2o o3  (28.9487)
lineshape Gross ch4 co co2 n2o o2_uncoupled o3
lineshape VVW_coupled o2_coupled
lineshape VVH_750 h2o_lines
column dry_air hydrostatic (0.998603)  (1.05917e+24 cm^-2)
! Warning: Column included 1779 unresolved lines.
column h2o hydrostatic 4.65e-05  (4.93201e+19 cm^-2)  (* 30.0500)
! Warning: Column included 53 unresolved lines.
column o3 hydrostatic 4.26e-08  (4.51836e+16 cm^-2)

layer troposphere
# P 325 mbar
# T 268.173 K
# dP 50 mbar
Pbase 350 mbar
Tbase 272.5 K
Mair 28.964 h2o o3  (28.9481)
lineshape Gross ch4 co co2 n2o o2_uncoupled o3
lineshape VVW_coupled o2_coupled
lineshape VVH_750 h2o_lines
column dry_air hydrostatic (0.998549)  (1.05913e+24 cm^-2)
! Warning: Column included 1397 unresolved lines.
column h2o hydrostatic 4.83e-05  (5.12303e+19 cm^-2)  (* 30.0500)
! Warning: Column included 38 unresolved lines.
column o3 hydrostatic 4.31e-08  (4.57149e+16 cm^-2)

layer troposphere
# P 375 mbar
# T 276.478 K
# dP 50 mbar
Pbase 400 mbar
Tbase 280.2 K
Mair 28.964 h2o o3  (28.9414)
lineshape Gross ch4 co co2 n2o o2_uncoupled o3
lineshape VVW_coupled o2_coupled
lineshape VVH_750 h2o_lines
column dry_air hydrostatic (0.997939)  (1.05873e+24 cm^-2)
! Warning: Column included 14 unresolved lines.
column h2o hydrostatic 6.86e-05  (7.27787e+19 cm^-2)  (* 30.0500)
! Warning: Column included 33 unresolved lines.
column o3 hydrostatic 4.38e-08  (4.6468e+16 cm^-2)

layer troposphere
# P 425 mbar
# T 283.7 K
# dP 50 mbar
Pbase 450 mbar
Tbase 287 K
Mair 28.964 h2o o3  (28.9193)
lineshape Gross ch4 co co2 n2o o2_uncoupled o3
lineshape VVW_coupled o2_coupled
lineshape VVH_750 h2o_lines
column dry_air hydrostatic (0.995913)  (1.05739e+24 cm^-2)
! Warning: Column included 11 unresolved lines.
column h2o hydrostatic 0.000136  (1.44395e+20 cm^-2)  (* 30.0500)
! Warning: Column included 25 unresolved lines.
column o3 hydrostatic 4.41e-08  (4.68222e+16 cm^-2)

layer troposphere
# P 475 mbar
# T 290.028 K
# dP 50 mbar
Pbase 500 mbar
Tbase 292.9 K
Mair 28.964 h2o o3  (28.8791)
lineshape Gross ch4 co co2 n2o o2_uncoupled o3
lineshape VVW_coupled o2_coupled
lineshape VVH_750 h2o_lines
column dry_air hydrostatic (0.992247)  (1.05496e+24 cm^-2)
! Warning: Column included 11 unresolved lines.
column h2o hydrostatic 0.000258  (2.74306e+20 cm^-2)  (* 30.0500)
! Warning: Column included 19 unresolved lines.
column o3 hydrostatic 4.36e-08  (4.63557e+16 cm^-2)

layer troposphere
# P 521 mbar
# T 294.991 K
# dP 42 mbar
Pbase 542 mbar (observing level)
Tbase 297 K
Mair 28.964 h2o o3  (28.7969)
lineshape Gross ch4 co co2 n2o o2_uncoupled o3
lineshape VVW_coupled o2_coupled
lineshape VVH_750 h2o_lines
column dry_air hydrostatic (0.984735)  (8.81969e+23 cm^-2)
column h2o hydrostatic 0.000508  (4.54986e+20 cm^-2)  (* 30.0500)
! Warning: Column included 16 unresolved lines.
column o3 hydrostatic 4.26e-08  (3.81543e+16 cm^-2)

#
# column densities [cm^-2], including scale factors
#
#                           zenith             line-of-sight     
# mesosphere (5 layers):
#                  dry_air  1.484112e+22       1.713705e+22      
#                      h2o  9.718894e+16       1.122241e+17      
#                            (0.029075 um_pwv)  (0.0335729 um_pwv)
#                       o3  2.677784e+16       3.092039e+16      
#                            (0.996644 DU)      (1.15083 DU)      
#
# stratosphere (12 layers):
#                  dry_air  1.469267e+24       1.696564e+24      
#                      h2o  6.602387e+18       7.623780e+18      
#                            (1.97517 um_pwv)   (2.28073 um_pwv)  
#                       o3  5.984689e+18       6.910524e+18      
#                            (222.744 DU)       (257.203 DU)      
#
# troposphere (10 layers):
#                  dry_air  9.986419e+24       1.153132e+25      
#                      h2o  3.345049e+22       3.862530e+22      
#                            (10007 um_pwv)     (11555.1 um_pwv)  
#                       o3  6.747567e+17       7.791419e+17      
#                            (25.1138 DU)       (28.9989 DU)      
#
# total (27 layers):
#                  dry_air  1.147053e+25       1.324502e+25      
#                      h2o  3.345719e+22       3.863304e+22      
#                            (10009 um_pwv)     (11557.4 um_pwv)  
#                       o3  6.686224e+18       7.720586e+18      
#                            (248.855 DU)       (287.352 DU)      
#

! Warning: Encountered in-band lines narrower than the frequency
!          grid spacing.  The output configuration data includes
!          the unresolved line count after each column definition
!          for which this occurred.  Count: 176

# am version 14.0 (build date Sep 30 2024 09:36:11)

# run time 0.915 s
# dcache hit: 216  miss: 54  discard: 54

f 10 GHz  400 GHz  400 MHz
output text  f GHz  tx none  Tb K

tol 0.0001
selfbroad_vmr_tol 0.003

geometry plane-parallel
refract none
za 30 deg
PTmode Pbase Tbase

g 980.665 cm*s^-2
dg_dz 0 s^-2

Nscale troposphere h2o 30.05

T0 2.7 K

layer mesosphere
# P 0.1 mbar
# T 258.8 K
# dP 0.1 mbar
Pbase 0.1 mbar
Tbase 258.8 K
Mair 28.964 h2o o3  (28.964)
lineshape Voigt-Kielkopf ch4 co co2 h2o_lines n2o o2_coupled o2_uncoupled o3
column dry_air hydrostatic (0.999992)  (2.12016e+21 cm^-2)
! Warning: Column included 3047 unresolved lines.
column h2o hydrostatic 6.22e-06  (1.31875e+16 cm^-2)
! Warning: Column included 332 unresolved lines.
column o3 hydrostatic 1.78e-06  (3.77392e+15 cm^-2)
! Warning: Column included 9503 unresolved lines.

layer mesosphere
# P 0.2 mbar
# T 275.646 K
# dP 0.2 mbar
Pbase 0.3 mbar
Tbase 285.5 K
Mair 28.964 h2o o3  (28.964)
lineshape Voigt-Kielkopf ch4 co co2 h2o_lines n2o o2_coupled o2_uncoupled o3
column dry_air hydrostatic (0.999992)  (4.24032e+21 cm^-2)
! Warning: Column included 3047 unresolved lines.
column h2o hydrostatic 6.47e-06  (2.74351e+16 cm^-2)
! Warning: Column included 332 unresolved lines.
column o3 hydrostatic 1.66e-06  (7.03899e+15 cm^-2)
! Warning: Column included 9503 unresolved lines.

layer mesosphere
# P 0.35 mbar
# T 289.519 K
# dP 0.1 mbar
Pbase 0.4 mbar
Tbase 293 K
Mair 28.964 h2o o3  (28.964)
lineshape Voigt-Kielkopf ch4 co co2 h2o_lines n2o o2_coupled o2_uncoupled o3
column dry_air hydrostatic (0.999992)  (2.12016e+21 cm^-2)
! Warning: Column included 3047 unresolved lines.
column h2o hydrostatic 6.72e-06  (1.42476e+16 cm^-2)
! Warning: Column included 332 unresolved lines.
column o3 hydrostatic 1.61e-06  (3.41349e+15 cm^-2)
! Warning: Column included 9503 unresolved lines.

layer mesosphere
# P 0.45 mbar
# T 296.642 K
# dP 0.1 mbar
Pbase 0.5 mbar
Tbase 299.9 K
Mair 28.964 h2o o3  (28.964)
lineshape Voigt-Kielkopf ch4 co co2 h2o_lines n2o o2_coupled o2_uncoupled o3
column dry_air hydrostatic (0.999992)  (2.12016e+21 cm^-2)
! Warning: Column included 3047 unresolved lines.
column h2o hydrostatic 6.7e-06  (1.42052e+16 cm^-2)
! Warning: Column included 332 unresolved lines.
column o3 hydrostatic 1.78e-06  (3.77392e+15 cm^-2)
! Warning: Column included 9503 unresolved lines.

layer mesosphere
# P 0.6 mbar
# T 304.777 K
# dP 0.2 mbar
Pbase 0.7 mbar
Tbase 308.9 K
Mair 28.964 h2o o3  (28.964)
lineshape Voigt-Kielkopf ch4 co co2 h2o_lines n2o o2_coupled o2_uncoupled o3
column dry_air hydrostatic (0.999991)  (4.24032e+21 cm^-2)
! Warning: Column included 3047 unresolved lines.
column h2o hydrostatic 6.63e-06  (2.81136e+16 cm^-2)
! Warning: Column included 332 unresolved lines.
column o3 hydrostatic 2.07e-06  (8.77753e+15 cm^-2)
! Warning: Column included 9503 unresolved lines.

layer stratosphere
# P 0.85 mbar
# T 310.914 K
# dP 0.3 mbar
Pbase 1 mbar
Tbase 312.6 K
Mair 28.964 h2o o3  (28.964)
lineshape Voigt-Kielkopf ch4 co co2 h2o_lines n2o o2_coupled o2_uncoupled o3
column dry_air hydrostatic (0.999991)  (6.36047e+21 cm^-2)
! Warning: Column included 3047 unresolved lines.
column h2o hydrostatic 6.46e-06  (4.1089e+16 cm^-2)
! Warning: Column included 332 unresolved lines.
column o3 hydrostatic 2.58e-06  (1.64102e+16 cm^-2)
! Warning: Column included 9503 unresolved lines.

layer stratosphere
# P 1.5 mbar
# T 307.277 K
# dP 1 mbar
Pbase 2 mbar
Tbase 303.5 K
Mair 28.964 h2o o3  (28.964)
lineshape Gross ch4 co co2 n2o o2_uncoupled o3
lineshape VVW_coupled o2_coupled
lineshape VVH_750 h2o_lines
column dry_air hydrostatic (0.99999)  (2.12015e+22 cm^-2)
! Warning: Column included 3047 unresolved lines.
column h2o hydrostatic 6.09e-06  (1.29119e+17 cm^-2)
! Warning: Column included 332 unresolved lines.
column o3 hydrostatic 3.87e-06  (8.20508e+16 cm^-2)
! Warning: Column included 9503 unresolved lines.

layer stratosphere
# P 2.5 mbar
# T 298.602 K
# dP 1 mbar
Pbase 3 mbar
Tbase 294.6 K
Mair 28.964 h2o o3  (28.964)
lineshape Gross ch4 co co2 n2o o2_uncoupled o3
lineshape VVW_coupled o2_coupled
lineshape VVH_750 h2o_lines
column dry_air hydrostatic (0.999989)  (2.12015e+22 cm^-2)
! Warning: Column included 3047 unresolved lines.
column h2o hydrostatic 5.66e-06  (1.20002e+17 cm^-2)
! Warning: Column included 332 unresolved lines.
column o3 hydrostatic 5.7e-06  (1.2085e+17 cm^-2)
! Warning: Column included 9503 unresolved lines.

layer stratosphere
# P 3.5 mbar
# T 291.76 K
# dP 1 mbar
Pbase 4 mbar
Tbase 289.3 K
Mair 28.964 h2o o3  (28.9641)
lineshape Gross ch4 co co2 n2o o2_uncoupled o3
lineshape VVW_coupled o2_coupled
lineshape VVH_750 h2o_lines
column dry_air hydrostatic (0.999987)  (2.12014e+22 cm^-2)
! Warning: Column included 3047 unresolved lines.
column h2o hydrostatic 5.38e-06  (1.14065e+17 cm^-2)
! Warning: Column included 332 unresolved lines.
column o3 hydrostatic 7.19e-06  (1.5244e+17 cm^-2)
! Warning: Column included 9503 unresolved lines.

layer stratosphere
# P 4.5 mbar
# T 287.03 K
# dP 1 mbar
Pbase 5 mbar
Tbase 285 K
Mair 28.964 h2o o3  (28.9641)
lineshape Gross ch4 co co2 n2o o2_uncoupled o3
lineshape VVW_coupled o2_coupled
lineshape VVH_750 h2o_lines
column dry_air hydrostatic (0.999987)  (2.12014e+22 cm^-2)
! Warning: Column included 3047 unresolved lines.
column h2o hydrostatic 5.2e-06  (1.10249e+17 cm^-2)
! Warning: Column included 332 unresolved lines.
column o3 hydrostatic 8.18e-06  (1.7343e+17 cm^-2)
! Warning: Column included 9503 unresolved lines.

layer stratosphere
# P 6 mbar
# T 281.153 K
# dP 2 mbar
Pbase 7 mbar
Tbase 277.9 K
Mair 28.964 h2o o3  (28.9641)
lineshape Gross ch4 co co2 n2o o2_uncoupled o3
lineshape VVW_coupled o2_coupled
lineshape VVH_750 h2o_lines
column dry_air hydrostatic (0.999986)  (4.24027e+22 cm^-2)
! Warning: Column included 3047 unresolved lines.
column h2o hydrostatic 5.03e-06  (2.13289e+17 cm^-2)
! Warning: Column included 332 unresolved lines.
column o3 hydrostatic 8.88e-06  (3.76542e+17 cm^-2)
! Warning: Column included 9503 unresolved lines.

layer stratosphere
# P 8.5 mbar
# T 274.961 K
# dP 3 mbar
Pbase 10 mbar
Tbase 272.5 K
Mair 28.964 h2o o3  (28.9641)
lineshape Gross ch4 co co2 n2o o2_uncoupled o3
lineshape VVW_coupled o2_coupled
lineshape VVH_750 h2o_lines
column dry_air hydrostatic (0.999986)  (6.36041e+22 cm^-2)
! Warning: Column included 3047 unresolved lines.
column h2o hydrostatic 4.86e-06  (3.0912e+17 cm^-2)
! Warning: Column included 332 unresolved lines.
column o3 hydrostatic 9.2e-06  (5.85166e+17 cm^-2)
! Warning: Column included 9503 unresolved lines.

layer stratosphere
# P 15 mbar
# T 266.592 K
# dP 10 mbar
Pbase 20 mbar
Tbase 262.4 K
Mair 28.964 h2o o3  (28.9641)
lineshape Gross ch4 co co2 n2o o2_uncoupled o3
lineshape VVW_coupled o2_coupled
lineshape VVH_750 h2o_lines
column dry_air hydrostatic (0.999987)  (2.12014e+23 cm^-2)
! Warning: Column included 3047 unresolved lines.
column h2o hydrostatic 4.66e-06  (9.87998e+17 cm^-2)
! Warning: Column included 332 unresolved lines.
column o3 hydrostatic 7.99e-06  (1.69401e+18 cm^-2)
! Warning: Column included 9503 unresolved lines.

layer stratosphere
# P 25 mbar
# T 258.768 K
# dP 10 mbar
Pbase 30 mbar
Tbase 255.8 K
Mair 28.964 h2o o3  (28.9641)
lineshape Gross ch4 co co2 n2o o2_uncoupled o3
lineshape VVW_coupled o2_coupled
lineshape VVH_750 h2o_lines
column dry_air hydrostatic (0.99999)  (2.12015e+23 cm^-2)
! Warning: Column included 3047 unresolved lines.
column h2o hydrostatic 4.48e-06  (9.49837e+17 cm^-2)
! Warning: Column included 332 unresolved lines.
column o3 hydrostatic 5.53e-06  (1.17245e+18 cm^-2)
! Warning: Column included 9503 unresolved lines.

layer stratosphere
# P 35 mbar
# T 252.585 K
# dP 10 mbar
Pbase 40 mbar
Tbase 249.8 K
Mair 28.964 h2o o3  (28.964)
lineshape Gross ch4 co co2 n2o o2_uncoupled o3
lineshape VVW_coupled o2_coupled
lineshape VVH_750 h2o_lines
column dry_air hydrostatic (0.999992)  (2.12016e+23 cm^-2)
! Warning: Column included 3047 unresolved lines.
column h2o hydrostatic 4.4e-06  (9.32876e+17 cm^-2)
! Warning: Column included 332 unresolved lines.
column o3 hydrostatic 3.44e-06  (7.2934e+17 cm^-2)
! Warning: Column included 9503 unresolved lines.

layer stratosphere
# P 45 mbar
# T 246.527 K
# dP 10 mbar
Pbase 50 mbar
Tbase 243.6 K
Mair 28.964 h2o o3  (28.964)
lineshape Gross ch4 co co2 n2o o2_uncoupled o3
lineshape VVW_coupled o2_coupled
lineshape VVH_750 h2o_lines
column dry_air hydrostatic (0.999994)  (2.12016e+23 cm^-2)
! Warning: Column included 3047 unresolved lines.
column h2o hydrostatic 4.35e-06  (9.22276e+17 cm^-2)
! Warning: Column included 332 unresolved lines.
column o3 hydrostatic 2.08e-06  (4.40997e+17 cm^-2)
! Warning: Column included 9503 unresolved lines.

layer stratosphere
# P 60 mbar
# T 237.098 K
# dP 20 mbar
Pbase 70 mbar
Tbase 231.6 K
Mair 28.964 h2o o3  (28.964)
lineshape Gross ch4 co co2 n2o o2_uncoupled o3
lineshape VVW_coupled o2_coupled
lineshape VVH_750 h2o_lines
column dry_air hydrostatic (0.999995)  (4.24033e+23 cm^-2)
! Warning: Column included 3047 unresolved lines.
column h2o hydrostatic 4.18e-06  (1.77247e+18 cm^-2)
! Warning: Column included 332 unresolved lines.
column o3 hydrostatic 1.04e-06  (4.40997e+17 cm^-2)
! Warning: Column included 9503 unresolved lines.

layer troposphere
# P 85 mbar
# T 230.838 K
# dP 30 mbar
Pbase 100 mbar
Tbase 230.2 K
Mair 28.964 h2o o3  (28.9629)
lineshape Gross ch4 co co2 n2o o2_uncoupled o3
lineshape VVW_coupled o2_coupled
lineshape VVH_750 h2o_lines
column dry_air hydrostatic (0.999897)  (6.36012e+23 cm^-2)
! Warning: Column included 3047 unresolved lines.
column h2o hydrostatic 3.41e-06  (2.16902e+18 cm^-2)  (* 30.0500)
! Warning: Column included 332 unresolved lines.
column o3 hydrostatic 3.23e-07  (2.05453e+17 cm^-2)
! Warning: Column included 9503 unresolved lines.

layer troposphere
# P 125 mbar
# T 238.675 K
# dP 50 mbar
Pbase 150 mbar
Tbase 245.6 K
Mair 28.964 h2o o3  (28.9621)
lineshape Gross ch4 co co2 n2o o2_uncoupled o3
lineshape VVW_coupled o2_coupled
lineshape VVH_750 h2o_lines
column dry_air hydrostatic (0.999828)  (1.05997e+24 cm^-2)
! Warning: Column included 3028 unresolved lines.
column h2o hydrostatic 5.73e-06  (6.0747e+18 cm^-2)  (* 30.0500)
! Warning: Column included 276 unresolved lines.
column o3 hydrostatic 9.5e-08  (1.00715e+17 cm^-2)
! Warning: Column included 9491 unresolved lines.

layer troposphere
# P 175 mbar
# T 254.441 K
# dP 50 mbar
Pbase 200 mbar
Tbase 262.1 K
Mair 28.964 h2o o3  (28.9581)
lineshape Gross ch4 co co2 n2o o2_uncoupled o3
lineshape VVW_coupled o2_coupled
lineshape VVH_750 h2o_lines
column dry_air hydrostatic (0.999459)  (1.05973e+24 cm^-2)
! Warning: Column included 2351 unresolved lines.
column h2o hydrostatic 1.8e-05  (1.90855e+19 cm^-2)  (* 30.0500)
! Warning: Column included 141 unresolved lines.
column o3 hydrostatic 5.11e-08  (5.41815e+16 cm^-2)
! Warning: Column included 1234 unresolved lines.

layer troposphere
# P 225 mbar
# T 269.384 K
# dP 50 mbar
Pbase 250 mbar
Tbase 275.9 K
Mair 28.964 h2o o3  (28.952)
lineshape Gross ch4 co co2 n2o o2_uncoupled o3
lineshape VVW_coupled o2_coupled
lineshape VVH_750 h2o_lines
column dry_air hydrostatic (0.9989)  (1.05936e+24 cm^-2)
! Warning: Column included 2231 unresolved lines.
column h2o hydrostatic 3.66e-05  (3.88153e+19 cm^-2)  (* 30.0500)
! Warning: Column included 88 unresolved lines.
column o3 hydrostatic 4.31e-08  (4.57088e+16 cm^-2)

layer troposphere
# P 275 mbar
# T 281.912 K
# dP 50 mbar
Pbase 300 mbar
Tbase 287.4 K
Mair 28.964 h2o o3  (28.9487)
lineshape Gross ch4 co co2 n2o o2_uncoupled o3
lineshape VVW_coupled o2_coupled
lineshape VVH_750 h2o_lines
column dry_air hydrostatic (0.998603)  (1.05917e+24 cm^-2)
! Warning: Column included 1950 unresolved lines.
column h2o hydrostatic 4.65e-05  (4.93201e+19 cm^-2)  (* 30.0500)
! Warning: Column included 61 unresolved lines.
column o3 hydrostatic 4.26e-08  (4.51836e+16 cm^-2)

layer troposphere
# P 325 mbar
# T 292.489 K
# dP 50 mbar
Pbase 350 mbar
Tbase 297.2 K
Mair 28.964 h2o o3  (28.9481)
lineshape Gross ch4 co co2 n2o o2_uncoupled o3
lineshape VVW_coupled o2_coupled
lineshape VVH_750 h2o_lines
column dry_air hydrostatic (0.998549)  (1.05913e+24 cm^-2)
! Warning: Column included 1510 unresolved lines.
column h2o hydrostatic 4.83e-05  (5.12303e+19 cm^-2)  (* 30.0500)
! Warning: Column included 45 unresolved lines.
column o3 hydrostatic 4.31e-08  (4.57149e+16 cm^-2)

layer troposphere
# P 375 mbar
# T 301.54 K
# dP 50 mbar
Pbase 400 mbar
Tbase 305.6 K
Mair 28.964 h2o o3  (28.9414)
lineshape Gross ch4 co co2 n2o o2_uncoupled o3
lineshape VVW_coupled o2_coupled
lineshape VVH_750 h2o_lines
column dry_air hydrostatic (0.997939)  (1.05873e+24 cm^-2)
! Warning: Column included 1272 unresolved lines.
column h2o hydrostatic 6.86e-05  (7.27787e+19 cm^-2)  (* 30.0500)
! Warning: Column included 37 unresolved lines.
column o3 hydrostatic 4.38e-08  (4.6468e+16 cm^-2)

layer troposphere
# P 425 mbar
# T 309.46 K
# dP 50 mbar
Pbase 450 mbar
Tbase 313.1 K
Mair 28.964 h2o o3  (28.9193)
lineshape Gross ch4 co co2 n2o o2_uncoupled o3
lineshape VVW_coupled o2_coupled
lineshape VVH_750 h2o_lines
column dry_air hydrostatic (0.995913)  (1.05739e+24 cm^-2)
! Warning: Column included 11 unresolved lines.
column h2o hydrostatic 0.000136  (1.44395e+20 cm^-2)  (* 30.0500)
! Warning: Column included 25 unresolved lines.
column o3 hydrostatic 4.41e-08  (4.68222e+16 cm^-2)

layer troposphere
# P 475 mbar
# T 316.436 K
# dP 50 mbar
Pbase 500 mbar
Tbase 319.6 K
Mair 28.964 h2o o3  (28.8791)
lineshape Gross ch4 co co2 n2o o2_uncoupled o3
lineshape VVW_coupled o2_coupled
lineshape VVH_750 h2o_lines
column dry_air hydrostatic (0.992247)  (1.05496e+24 cm^-2)
! Warning: Column included 11 unresolved lines.
column h2o hydrostatic 0.000258  (2.74306e+20 cm^-2)  (* 30.0500)
! Warning: Column included 19 unresolved lines.
column o3 hydrostatic 4.36e-08  (4.63557e+16 cm^-2)

layer troposphere
# P 521 mbar
# T 321.844 K
# dP 42 mbar
Pbase 542 mbar (observing level)
Tbase 324 K
Mair 28.964 h2o o3  (28.7969)
lineshape Gross ch4 co co2 n2o o2_uncoupled o3
lineshape VVW_coupled o2_coupled
lineshape VVH_750 h2o_lines
column dry_air hydrostatic (0.984735)  (8.81969e+23 cm^-2)
! Warning: Column included 11 unresolved lines.
column h2o hydrostatic 0.000508  (4.54986e+20 cm^-2)  (* 30.0500)
! Warning: Column included 18 unresolved lines.
column o3 hydrostatic 4.26e-08  (3.81543e+16 cm^-2)

#
# column densities [cm^-2], including scale factors
#
#                           zenith             line-of-sight     
# mesosphere (5 layers):
#                  dry_air  1.484112e+22       1.713705e+22      
#                      h2o  9.718894e+16       1.122241e+17      
#                            (0.029075 um_pwv)  (0.0335729 um_pwv)
#                       o3  2.677784e+16       3.092039e+16      
#                            (0.996644 DU)      (1.15083 DU)      
#
# stratosphere (12 layers):
#                  dry_air  1.469267e+24       1.696564e+24      
#                      h2o  6.602387e+18       7.623780e+18      
#                            (1.97517 um_pwv)   (2.28073 um_pwv)  
#                       o3  5.984689e+18       6.910524e+18      
#                            (222.744 DU)       (257.203 DU)      
#
# troposphere (10 layers):
#                  dry_air  9.986419e+24       1.153132e+25      
#                      h2o  3.345049e+22       3.862530e+22      
#                            (10007 um_pwv)     (11555.1 um_pwv)  
#                       o3  6.747567e+17       7.791419e+17      
#                            (25.1138 DU)       (28.9989 DU)      
#
# total (27 layers):
#                  dry_air  1.147053e+25       1.324502e+25      
#                      h2o  3.345719e+22       3.863304e+22      
#                            (10009 um_pwv)     (11557.4 um_pwv)  
#                       o3  6.686224e+18       7.720586e+18      
#                            (248.855 DU)       (287.352 DU)      
#

! Warning: Encountered in-band lines narrower than the frequency
!          grid spacing.  The output configuration data includes
!          the unresolved line count after each column definition
!          for which this occurred.  Count: 180

