1 1.0 0
1.000000e+01 9.963680e-01 3.579064e+00
1.010000e+01 9.963502e-01 3.583204e+00
1.020000e+01 9.962983e-01 3.594961e+00
1.030000e+01 9.963175e-01 3.590920e+00
1.040000e+01 9.963212e-01 3.590444e+00
1.050000e+01 9.963134e-01 3.592461e+00
1.060000e+01 9.963010e-01 3.595504e+00
1.070000e+01 9.962914e-01 3.597895e+00
1.080000e+01 9.962788e-01 3.600950e+00
1.090000e+01 9.962626e-01 3.604763e+00
1.100000e+01 9.962331e-01 3.611494e+00
1.110000e+01 9.961905e-01 3.621274e+00
1.120000e+01 9.962223e-01 3.614522e+00
1.130000e+01 9.962184e-01 3.615747e+00
1.140000e+01 9.962091e-01 3.618135e+00
1.150000e+01 9.961981e-01 3.620889e+00
1.160000e+01 9.961863e-01 3.623810e+00
1.170000e+01 9.961741e-01 3.626828e+00
1.180000e+01 9.961616e-01 3.629913e+00
1.190000e+01 9.961488e-01 3.633054e+00
1.200000e+01 9.961358e-01 3.636243e+00
1.210000e+01 9.961227e-01 3.639474e+00
1.220000e+01 9.961094e-01 3.642745e+00
1.230000e+01 9.960959e-01 3.646056e+00
1.240000e+01 9.960823e-01 3.649405e+00
1.250000e+01 9.960685e-01 3.652793e+00
1.260000e+01 9.960544e-01 3.656242e+00
1.270000e+01 9.960404e-01 3.659675e+00
1.280000e+01 9.960262e-01 3.663171e+00
1.290000e+01 9.960118e-01 3.666704e+00
1.300000e+01 9.959973e-01 3.670275e+00
1.310000e+01 9.959826e-01 3.673884e+00
1.320000e+01 9.959677e-01 3.677529e+00
1.330000e+01 9.959527e-01 3.681213e+00
1.340000e+01 9.959375e-01 3.684934e+00
1.350000e+01 9.959222e-01 3.688695e+00
1.360000e+01 9.959067e-01 3.692498e+00
1.370000e+01 9.958911e-01 3.696339e+00
1.380000e+01 9.958753e-01 3.700212e+00
1.390000e+01 9.958593e-01 3.704134e+00
1.400000e+01 9.958431e-01 3.708098e+00
1.410000e+01 9.958268e-01 3.712109e+00
1.420000e+01 9.958102e-01 3.716165e+00
1.430000e+01 9.957934e-01 3.720282e+00
1.440000e+01 9.957763e-01 3.724472e+00
1.450000e+01 9.957587e-01 3.728770e+00
1.460000e+01 9.957401e-01 3.733276e+00
1.470000e+01 9.957189e-01 3.738358e+00
1.480000e+01 9.956827e-01 3.746725e+00
1.490000e+01 9.956483e-01 3.754761e+00
1.500000e+01 9.956638e-01 3.751803e+00
1.510000e+01 9.956515e-01 3.754991e+00
1.520000e+01 9.956354e-01 3.759018e+00
1.530000e+01 9.956181e-01 3.763304e+00
1.540000e+01 9.956001e-01 3.767721e+00
1.550000e+01 9.955818e-01 3.772235e+00
1.560000e+01 9.955630e-01 3.776835e+00
1.570000e+01 9.955439e-01 3.781517e+00
1.580000e+01 9.955245e-01 3.786284e+00
1.590000e+01 9.955041e-01 3.791242e+00
1.600000e+01 9.954815e-01 3.796681e+00
1.610000e+01 9.954480e-01 3.804517e+00
1.620000e+01 9.954162e-01 3.812047e+00
1.630000e+01 9.954207e-01 3.811570e+00
1.640000e+01 9.954048e-01 3.815624e+00
1.650000e+01 9.953860e-01 3.820278e+00
1.660000e+01 9.953662e-01 3.825166e+00
1.670000e+01 9.953459e-01 3.830175e+00
1.680000e+01 9.953250e-01 3.835312e+00
1.690000e+01 9.953043e-01 3.840394e+00
1.700000e+01 9.952832e-01 3.845591e+00
1.710000e+01 9.952618e-01 3.850847e+00
1.720000e+01 9.952402e-01 3.856153e+00
1.730000e+01 9.952184e-01 3.861512e+00
1.740000e+01 9.951963e-01 3.866923e+00
1.750000e+01 9.951741e-01 3.872386e+00
1.760000e+01 9.951516e-01 3.877901e+00
1.770000e+01 9.951290e-01 3.883470e+00
1.780000e+01 9.951060e-01 3.889120e+00
1.790000e+01 9.950829e-01 3.894785e+00
1.800000e+01 9.950597e-01 3.900474e+00
1.810000e+01 9.950363e-01 3.906241e+00
1.820000e+01 9.950125e-01 3.912064e+00
1.830000e+01 9.949886e-01 3.917942e+00
1.840000e+01 9.949645e-01 3.923875e+00
1.850000e+01 9.949401e-01 3.929864e+00
1.860000e+01 9.949154e-01 3.935916e+00
1.870000e+01 9.948905e-01 3.942033e+00
1.880000e+01 9.948656e-01 3.948151e+00
1.890000e+01 9.948403e-01 3.954363e+00
1.900000e+01 9.948148e-01 3.960619e+00
1.910000e+01 9.947888e-01 3.967001e+00
1.920000e+01 9.947631e-01 3.973330e+00
1.930000e+01 9.947370e-01 3.979741e+00
1.940000e+01 9.947106e-01 3.986227e+00
1.950000e+01 9.946839e-01 3.992776e+00
1.960000e+01 9.946570e-01 3.999385e+00
1.970000e+01 9.946298e-01 4.006057e+00
1.980000e+01 9.946024e-01 4.012784e+00
1.990000e+01 9.945748e-01 4.019574e+00
2.000000e+01 9.945468e-01 4.026436e+00
2.010000e+01 9.945187e-01 4.033350e+00
2.020000e+01 9.944903e-01 4.040318e+00
2.030000e+01 9.944615e-01 4.047397e+00
2.040000e+01 9.944327e-01 4.054458e+00
2.050000e+01 9.944036e-01 4.061620e+00
2.060000e+01 9.943741e-01 4.068855e+00
2.070000e+01 9.943444e-01 4.076149e+00
2.080000e+01 9.943143e-01 4.083533e+00
2.090000e+01 9.942842e-01 4.090940e+00
2.100000e+01 9.942536e-01 4.098436e+00
2.110000e+01 9.942228e-01 4.106002e+00
2.120000e+01 9.941917e-01 4.113638e+00
2.130000e+01 9.941603e-01 4.121364e+00
2.140000e+01 9.941287e-01 4.129116e+00
2.150000e+01 9.940967e-01 4.136961e+00
2.160000e+01 9.940645e-01 4.144878e+00
2.170000e+01 9.940319e-01 4.152868e+00
2.180000e+01 9.939991e-01 4.160933e+00
2.190000e+01 9.939659e-01 4.169074e+00
2.200000e+01 9.939325e-01 4.177288e+00
2.210000e+01 9.938987e-01 4.185578e+00
2.220000e+01 9.938646e-01 4.193948e+00
2.230000e+01 9.938301e-01 4.202411e+00
2.240000e+01 9.937954e-01 4.210926e+00
2.250000e+01 9.937603e-01 4.219534e+00
2.260000e+01 9.937249e-01 4.228228e+00
2.270000e+01 9.936891e-01 4.237010e+00
2.280000e+01 9.936530e-01 4.245882e+00
2.290000e+01 9.936164e-01 4.254849e+00
2.300000e+01 9.935794e-01 4.263917e+00
2.310000e+01 9.935419e-01 4.273098e+00
2.320000e+01 9.935039e-01 4.282407e+00
2.330000e+01 9.934652e-01 4.291877e+00
2.340000e+01 9.934254e-01 4.301580e+00
2.350000e+01 9.933834e-01 4.311765e+00
2.360000e+01 9.933389e-01 4.322485e+00
2.370000e+01 9.932850e-01 4.335229e+00
2.380000e+01 9.931789e-01 4.359429e+00
2.390000e+01 9.930992e-01 4.378087e+00
2.400000e+01 9.931592e-01 4.365888e+00
2.410000e+01 9.931378e-01 4.371770e+00
2.420000e+01 9.931034e-01 4.380435e+00
2.430000e+01 9.930652e-01 4.389924e+00
2.440000e+01 9.930250e-01 4.399843e+00
2.450000e+01 9.929835e-01 4.410035e+00
2.460000e+01 9.929412e-01 4.420431e+00
2.470000e+01 9.928980e-01 4.431011e+00
2.480000e+01 9.928540e-01 4.441771e+00
2.490000e+01 9.928091e-01 4.452739e+00
2.500000e+01 9.927629e-01 4.464002e+00
2.510000e+01 9.927129e-01 4.476117e+00
2.520000e+01 9.926684e-01 4.487018e+00
2.530000e+01 9.926246e-01 4.497795e+00
2.540000e+01 9.925753e-01 4.509782e+00
2.550000e+01 9.925012e-01 4.527354e+00
2.560000e+01 9.924227e-01 4.545598e+00
2.570000e+01 9.923761e-01 4.557045e+00
2.580000e+01 9.923821e-01 4.557001e+00
2.590000e+01 9.923457e-01 4.566295e+00
2.600000e+01 9.923018e-01 4.577219e+00
2.610000e+01 9.922552e-01 4.588728e+00
2.620000e+01 9.922073e-01 4.600537e+00
2.630000e+01 9.921583e-01 4.612570e+00
2.640000e+01 9.921086e-01 4.624779e+00
2.650000e+01 9.920582e-01 4.637155e+00
2.660000e+01 9.920073e-01 4.649652e+00
2.670000e+01 9.919557e-01 4.662301e+00
2.680000e+01 9.919036e-01 4.675091e+00
2.690000e+01 9.918508e-01 4.688023e+00
2.700000e+01 9.917975e-01 4.701089e+00
2.710000e+01 9.917436e-01 4.714304e+00
2.720000e+01 9.916890e-01 4.727679e+00
2.730000e+01 9.916336e-01 4.741264e+00
2.740000e+01 9.915755e-01 4.755421e+00
2.750000e+01 9.915179e-01 4.769516e+00
2.760000e+01 9.914634e-01 4.782929e+00
2.770000e+01 9.914070e-01 4.796753e+00
2.780000e+01 9.913461e-01 4.811592e+00
2.790000e+01 9.912839e-01 4.826764e+00
2.800000e+01 9.912306e-01 4.839937e+00
2.810000e+01 9.911725e-01 4.854227e+00
2.820000e+01 9.911123e-01 4.868952e+00
2.830000e+01 9.910511e-01 4.883936e+00
2.840000e+01 9.909888e-01 4.899179e+00
2.850000e+01 9.909252e-01 4.914686e+00
2.860000e+01 9.908601e-01 4.930554e+00
2.870000e+01 9.907915e-01 4.947172e+00
2.880000e+01 9.907138e-01 4.965763e+00
2.890000e+01 9.905864e-01 4.995319e+00
2.900000e+01 9.904842e-01 5.019519e+00
2.910000e+01 9.905108e-01 5.015257e+00
2.920000e+01 9.904601e-01 5.028162e+00
2.930000e+01 9.903974e-01 5.043659e+00
2.940000e+01 9.903302e-01 5.060157e+00
2.950000e+01 9.902601e-01 5.077261e+00
2.960000e+01 9.901869e-01 5.095052e+00
2.970000e+01 9.901091e-01 5.113815e+00
2.980000e+01 9.900224e-01 5.134502e+00
2.990000e+01 9.899102e-01 5.160655e+00
3.000000e+01 9.896668e-01 5.215714e+00
3.010000e+01 9.895258e-01 5.248375e+00
3.020000e+01 9.894420e-01 5.269583e+00
3.030000e+01 9.896040e-01 5.235218e+00
3.040000e+01 9.895570e-01 5.247622e+00
3.050000e+01 9.893998e-01 5.284476e+00
3.060000e+01 9.894071e-01 5.284578e+00
3.070000e+01 9.893645e-01 5.296031e+00
3.080000e+01 9.892965e-01 5.313026e+00
3.090000e+01 9.892219e-01 5.331438e+00
3.100000e+01 9.891443e-01 5.350519e+00
3.110000e+01 9.890648e-01 5.370038e+00
3.120000e+01 9.889837e-01 5.389912e+00
3.130000e+01 9.889013e-01 5.410103e+00
3.140000e+01 9.888180e-01 5.430504e+00
3.150000e+01 9.887334e-01 5.451198e+00
3.160000e+01 9.886478e-01 5.472150e+00
3.170000e+01 9.885610e-01 5.493365e+00
3.180000e+01 9.884732e-01 5.514847e+00
3.190000e+01 9.883842e-01 5.536593e+00
3.200000e+01 9.882940e-01 5.558633e+00
3.210000e+01 9.881969e-01 5.582319e+00
3.220000e+01 9.881110e-01 5.603369e+00
3.230000e+01 9.880183e-01 5.626023e+00
3.240000e+01 9.879242e-01 5.649020e+00
3.250000e+01 9.878289e-01 5.672309e+00
3.260000e+01 9.877322e-01 5.695910e+00
3.270000e+01 9.876341e-01 5.719860e+00
3.280000e+01 9.875356e-01 5.743934e+00
3.290000e+01 9.874359e-01 5.768293e+00
3.300000e+01 9.873352e-01 5.792890e+00
3.310000e+01 9.872331e-01 5.817817e+00
3.320000e+01 9.871296e-01 5.843072e+00
3.330000e+01 9.870249e-01 5.868639e+00
3.340000e+01 9.869188e-01 5.894525e+00
3.350000e+01 9.868111e-01 5.920815e+00
3.360000e+01 9.867028e-01 5.947249e+00
3.370000e+01 9.865932e-01 5.973987e+00
3.380000e+01 9.864821e-01 6.001105e+00
3.390000e+01 9.863696e-01 6.028562e+00
3.400000e+01 9.862556e-01 6.056360e+00
3.410000e+01 9.861400e-01 6.084564e+00
3.420000e+01 9.860234e-01 6.112991e+00
3.430000e+01 9.859052e-01 6.141817e+00
3.440000e+01 9.857855e-01 6.171007e+00
3.450000e+01 9.856643e-01 6.200572e+00
3.460000e+01 9.855414e-01 6.230516e+00
3.470000e+01 9.854169e-01 6.260861e+00
3.480000e+01 9.852904e-01 6.291673e+00
3.490000e+01 9.851581e-01 6.323823e+00
3.500000e+01 9.850325e-01 6.354484e+00
3.510000e+01 9.849027e-01 6.386132e+00
3.520000e+01 9.847698e-01 6.418499e+00
3.530000e+01 9.846343e-01 6.451485e+00
3.540000e+01 9.844985e-01 6.484541e+00
3.550000e+01 9.843594e-01 6.518364e+00
3.560000e+01 9.842170e-01 6.552948e+00
3.570000e+01 9.840703e-01 6.588501e+00
3.580000e+01 9.839160e-01 6.625693e+00
3.590000e+01 9.837359e-01 6.668505e+00
3.600000e+01 9.833438e-01 6.758957e+00
3.610000e+01 9.833941e-01 6.750516e+00
3.620000e+01 9.833132e-01 6.772085e+00
3.630000e+01 9.831788e-01 6.805376e+00
3.640000e+01 9.830318e-01 6.841388e+00
3.650000e+01 9.828785e-01 6.878816e+00
3.660000e+01 9.827213e-01 6.917132e+00
3.670000e+01 9.825611e-01 6.956142e+00
3.680000e+01 9.823980e-01 6.995809e+00
3.690000e+01 9.822323e-01 7.036127e+00
3.700000e+01 9.820637e-01 7.077099e+00
3.710000e+01 9.818923e-01 7.118752e+00
3.720000e+01 9.817176e-01 7.161147e+00
3.730000e+01 9.815393e-01 7.204395e+00
3.740000e+01 9.813561e-01 7.248729e+00
3.750000e+01 9.811656e-01 7.294698e+00
3.760000e+01 9.809601e-01 7.343904e+00
3.770000e+01 9.807091e-01 7.402960e+00
3.780000e+01 9.801459e-01 7.531536e+00
3.790000e+01 9.801867e-01 7.526268e+00
3.800000e+01 9.801699e-01 7.534907e+00
3.810000e+01 9.800172e-01 7.573315e+00
3.820000e+01 9.798352e-01 7.618098e+00
3.830000e+01 9.796417e-01 7.665376e+00
3.840000e+01 9.794424e-01 7.713964e+00
3.850000e+01 9.792376e-01 7.763797e+00
3.860000e+01 9.790286e-01 7.814619e+00
3.870000e+01 9.788156e-01 7.866356e+00
3.880000e+01 9.785990e-01 7.918976e+00
3.890000e+01 9.783784e-01 7.972515e+00
3.900000e+01 9.781534e-01 8.027097e+00
3.910000e+01 9.779136e-01 8.085161e+00
3.920000e+01 9.776910e-01 8.139219e+00
3.930000e+01 9.774557e-01 8.196259e+00
3.940000e+01 9.771930e-01 8.259450e+00
3.950000e+01 9.769623e-01 8.315641e+00
3.960000e+01 9.767328e-01 8.371720e+00
3.970000e+01 9.764867e-01 8.431513e+00
3.980000e+01 9.762344e-01 8.492728e+00
3.990000e+01 9.759774e-01 8.555069e+00
4.000000e+01 9.757160e-01 8.618464e+00
4.010000e+01 9.754501e-01 8.682931e+00
4.020000e+01 9.751798e-01 8.748453e+00
4.030000e+01 9.749052e-01 8.815018e+00
4.040000e+01 9.746257e-01 8.882743e+00
4.050000e+01 9.743419e-01 8.951519e+00
4.060000e+01 9.740529e-01 9.021537e+00
4.070000e+01 9.737589e-01 9.092746e+00
4.080000e+01 9.734604e-01 9.165052e+00
4.090000e+01 9.731573e-01 9.238487e+00
4.100000e+01 9.728487e-01 9.313228e+00
4.110000e+01 9.725347e-01 9.389274e+00
4.120000e+01 9.722153e-01 9.466613e+00
4.130000e+01 9.718901e-01 9.545343e+00
4.140000e+01 9.715586e-01 9.625587e+00
4.150000e+01 9.712227e-01 9.706892e+00
4.160000e+01 9.708802e-01 9.789796e+00
4.170000e+01 9.705314e-01 9.874212e+00
4.180000e+01 9.701759e-01 9.960201e+00
4.190000e+01 9.698116e-01 1.004830e+01
4.200000e+01 9.694454e-01 1.013690e+01
4.210000e+01 9.690707e-01 1.022753e+01
4.220000e+01 9.686881e-01 1.032004e+01
4.230000e+01 9.682974e-01 1.041447e+01
4.240000e+01 9.678964e-01 1.051128e+01
4.250000e+01 9.674881e-01 1.060983e+01
4.260000e+01 9.670641e-01 1.071192e+01
4.270000e+01 9.666084e-01 1.082106e+01
4.280000e+01 9.659981e-01 1.096479e+01
4.290000e+01 9.656702e-01 1.104599e+01
4.300000e+01 9.653179e-01 1.113333e+01
4.310000e+01 9.648882e-01 1.123782e+01
4.320000e+01 9.644290e-01 1.134893e+01
4.330000e+01 9.639627e-01 1.146158e+01
4.340000e+01 9.634694e-01 1.158030e+01
4.350000e+01 9.629345e-01 1.170819e+01
4.360000e+01 9.622190e-01 1.187584e+01
4.370000e+01 9.616711e-01 1.200741e+01
4.380000e+01 9.613880e-01 1.208126e+01
4.390000e+01 9.609090e-01 1.219846e+01
4.400000e+01 9.604091e-01 1.232028e+01
4.410000e+01 9.598715e-01 1.245054e+01
4.420000e+01 9.593157e-01 1.258499e+01
4.430000e+01 9.587450e-01 1.272294e+01
4.440000e+01 9.581601e-01 1.286424e+01
4.450000e+01 9.575606e-01 1.300898e+01
4.460000e+01 9.569438e-01 1.315776e+01
4.470000e+01 9.563054e-01 1.331156e+01
4.480000e+01 9.556256e-01 1.347460e+01
4.490000e+01 9.548908e-01 1.365046e+01
4.500000e+01 9.543427e-01 1.378527e+01
4.510000e+01 9.536797e-01 1.394587e+01
4.520000e+01 9.529886e-01 1.411293e+01
4.530000e+01 9.522771e-01 1.428475e+01
4.540000e+01 9.515484e-01 1.446070e+01
4.550000e+01 9.508024e-01 1.464080e+01
4.560000e+01 9.500390e-01 1.482508e+01
4.570000e+01 9.492571e-01 1.501381e+01
4.580000e+01 9.484560e-01 1.520717e+01
4.590000e+01 9.476352e-01 1.540525e+01
4.600000e+01 9.467939e-01 1.560827e+01
4.610000e+01 9.459316e-01 1.581633e+01
4.620000e+01 9.450499e-01 1.602912e+01
4.630000e+01 9.441463e-01 1.624720e+01
4.640000e+01 9.432190e-01 1.647096e+01
4.650000e+01 9.422680e-01 1.670045e+01
4.660000e+01 9.412921e-01 1.693592e+01
4.670000e+01 9.402895e-01 1.717782e+01
4.680000e+01 9.392643e-01 1.742522e+01
4.690000e+01 9.382101e-01 1.767961e+01
4.700000e+01 9.371279e-01 1.794074e+01
4.710000e+01 9.360163e-01 1.820897e+01
4.720000e+01 9.348743e-01 1.848455e+01
4.730000e+01 9.337007e-01 1.876776e+01
4.740000e+01 9.324943e-01 1.905889e+01
4.750000e+01 9.312539e-01 1.935822e+01
4.760000e+01 9.299781e-01 1.966610e+01
4.770000e+01 9.286655e-01 1.998291e+01
4.780000e+01 9.273144e-01 2.030899e+01
4.790000e+01 9.259233e-01 2.064476e+01
4.800000e+01 9.244906e-01 2.099059e+01
4.810000e+01 9.230144e-01 2.134695e+01
4.820000e+01 9.214927e-01 2.171433e+01
4.830000e+01 9.199234e-01 2.209321e+01
4.840000e+01 9.183039e-01 2.248422e+01
4.850000e+01 9.166329e-01 2.288775e+01
4.860000e+01 9.149085e-01 2.330424e+01
4.870000e+01 9.131262e-01 2.373475e+01
4.880000e+01 9.112820e-01 2.418023e+01
4.890000e+01 9.093780e-01 2.464028e+01
4.900000e+01 9.074069e-01 2.511660e+01
4.910000e+01 9.053659e-01 2.560989e+01
4.920000e+01 9.032504e-01 2.612128e+01
4.930000e+01 9.010558e-01 2.665188e+01
4.940000e+01 8.987777e-01 2.720273e+01
4.950000e+01 8.964139e-01 2.777448e+01
4.960000e+01 8.939588e-01 2.836848e+01
4.970000e+01 8.913991e-01 2.898786e+01
4.980000e+01 8.887295e-01 2.963387e+01
4.990000e+01 8.859274e-01 3.031160e+01
5.000000e+01 8.829063e-01 3.104053e+01
5.010000e+01 8.799576e-01 3.175669e+01
5.020000e+01 8.768293e-01 3.251626e+01
5.030000e+01 8.735141e-01 3.332103e+01
5.040000e+01 8.700221e-01 3.416899e+01
5.050000e+01 8.663005e-01 3.507204e+01
5.060000e+01 8.625236e-01 3.599256e+01
5.070000e+01 8.584551e-01 3.698271e+01
5.080000e+01 8.541043e-01 3.804121e+01
5.090000e+01 8.494189e-01 3.917963e+01
5.100000e+01 8.439889e-01 4.049093e+01
5.110000e+01 8.393518e-01 4.163384e+01
5.120000e+01 8.339291e-01 4.296059e+01
5.130000e+01 8.279498e-01 4.441989e+01
5.140000e+01 8.213193e-01 4.603254e+01
5.150000e+01 8.102995e-01 4.867370e+01
5.160000e+01 8.071039e-01 4.950877e+01
5.170000e+01 7.994794e-01 5.138577e+01
5.180000e+01 7.907654e-01 5.351824e+01
5.190000e+01 7.806352e-01 5.597739e+01
5.200000e+01 7.666817e-01 5.928813e+01
5.210000e+01 7.589968e-01 6.126497e+01
5.220000e+01 7.484526e-01 6.390018e+01
5.230000e+01 7.355631e-01 6.707073e+01
5.240000e+01 7.199302e-01 7.086545e+01
5.250000e+01 6.988991e-01 7.583964e+01
5.260000e+01 6.838970e-01 7.958173e+01
5.270000e+01 6.707223e-01 8.299852e+01
5.280000e+01 6.521859e-01 8.760161e+01
5.290000e+01 6.283717e-01 9.338737e+01
5.300000e+01 5.964301e-01 1.009260e+02
5.310000e+01 5.624316e-01 1.089992e+02
5.320000e+01 5.540686e-01 1.117022e+02
5.330000e+01 5.306657e-01 1.176637e+02
5.340000e+01 4.981958e-01 1.256234e+02
5.350000e+01 4.545396e-01 1.359807e+02
5.360000e+01 3.299532e-01 1.647788e+02
5.370000e+01 3.920088e-01 1.517387e+02
5.380000e+01 3.707971e-01 1.576110e+02
5.390000e+01 3.356519e-01 1.664864e+02
5.400000e+01 2.878228e-01 1.780808e+02
5.410000e+01 2.095953e-01 1.961313e+02
5.420000e+01 2.058338e-01 1.984908e+02
5.430000e+01 1.983076e-01 2.017659e+02
5.440000e+01 1.726991e-01 2.088193e+02
5.450000e+01 1.363986e-01 2.181479e+02
5.460000e+01 8.967324e-02 2.296077e+02
5.470000e+01 5.239218e-02 2.390955e+02
5.480000e+01 6.567648e-02 2.378466e+02
5.490000e+01 5.748555e-02 2.410299e+02
5.500000e+01 4.230816e-02 2.456451e+02
5.510000e+01 2.429875e-02 2.508141e+02
5.520000e+01 5.758099e-03 2.559934e+02
5.530000e+01 8.872717e-03 2.564685e+02
5.540000e+01 9.275698e-03 2.573921e+02
5.550000e+01 6.724368e-03 2.588552e+02
5.560000e+01 3.413409e-03 2.604317e+02
5.570000e+01 9.546480e-04 2.617447e+02
5.580000e+01 6.642033e-05 2.626055e+02
5.590000e+01 3.308044e-04 2.631041e+02
5.600000e+01 2.569381e-04 2.635920e+02
5.610000e+01 9.823903e-05 2.640503e+02
5.620000e+01 1.269756e-05 2.644516e+02
5.630000e+01 7.686147e-07 2.647843e+02
5.640000e+01 5.886616e-07 2.650561e+02
5.650000e+01 7.183009e-06 2.652789e+02
5.660000e+01 1.382488e-05 2.654749e+02
5.670000e+01 1.115662e-05 2.656626e+02
5.680000e+01 3.701886e-06 2.658440e+02
5.690000e+01 2.384873e-07 2.660096e+02
5.700000e+01 1.400094e-08 2.661523e+02
5.710000e+01 5.031575e-07 2.662744e+02
5.720000e+01 1.195371e-06 2.663857e+02
5.730000e+01 9.909431e-07 2.664964e+02
5.740000e+01 3.063080e-07 2.666089e+02
5.750000e+01 2.184374e-08 2.667178e+02
5.760000e+01 1.863773e-12 2.668161e+02
5.770000e+01 2.237206e-09 2.669013e+02
5.780000e+01 2.112874e-08 2.669779e+02
5.790000e+01 3.259972e-08 2.670533e+02
5.800000e+01 1.579456e-08 2.671320e+02
5.810000e+01 2.067428e-09 2.672119e+02
5.820000e+01 3.830673e-11 2.672854e+02
5.830000e+01 1.369251e-15 2.673440e+02
5.840000e+01 6.693357e-15 2.673830e+02
5.850000e+01 3.750321e-13 2.674036e+02
5.860000e+01 6.290680e-11 2.674119e+02
5.870000e+01 5.697546e-10 2.674161e+02
5.880000e+01 1.149406e-09 2.674232e+02
5.890000e+01 6.212632e-10 2.674360e+02
5.900000e+01 7.219330e-11 2.674533e+02
5.910000e+01 4.210680e-13 2.674717e+02
5.920000e+01 1.561014e-14 2.674885e+02
5.930000e+01 8.407968e-12 2.675036e+02
5.940000e+01 2.106994e-11 2.675191e+02
5.950000e+01 1.937265e-12 2.675371e+02
5.960000e+01 3.891280e-17 2.675590e+02
5.970000e+01 4.028915e-12 2.675852e+02
5.980000e+01 5.941841e-11 2.676160e+02
5.990000e+01 1.208150e-10 2.676517e+02
6.000000e+01 5.655757e-11 2.676914e+02
6.010000e+01 5.148653e-12 2.677316e+02
6.020000e+01 4.555342e-14 2.677671e+02
6.030000e+01 3.375081e-21 2.677922e+02
6.040000e+01 8.419911e-19 2.678030e+02
6.050000e+01 8.488467e-16 2.677987e+02
6.060000e+01 1.054460e-12 2.677826e+02
6.070000e+01 3.191570e-11 2.677606e+02
6.080000e+01 1.358708e-10 2.677390e+02
6.090000e+01 1.364900e-10 2.677217e+02
6.100000e+01 2.302735e-11 2.677080e+02
6.110000e+01 9.235365e-14 2.676942e+02
6.120000e+01 1.140140e-13 2.676769e+02
6.130000e+01 5.325042e-11 2.676556e+02
6.140000e+01 5.631113e-10 2.676329e+02
6.150000e+01 1.131373e-09 2.676126e+02
6.160000e+01 5.489893e-10 2.675956e+02
6.170000e+01 3.920257e-11 2.675795e+02
6.180000e+01 7.086232e-25 2.675601e+02
6.190000e+01 6.571805e-11 2.675351e+02
6.200000e+01 9.154971e-10 2.675053e+02
6.210000e+01 1.647305e-09 2.674721e+02
6.220000e+01 6.183590e-10 2.674348e+02
6.230000e+01 3.293101e-11 2.673875e+02
6.240000e+01 1.141197e-15 2.673220e+02
6.250000e+01 7.543744e-15 2.672314e+02
6.260000e+01 2.820699e-10 2.671134e+02
6.270000e+01 1.239165e-08 2.669700e+02
6.280000e+01 7.307280e-08 2.668035e+02
6.290000e+01 8.947805e-08 2.666122e+02
6.300000e+01 1.394104e-11 2.663897e+02
6.310000e+01 1.390478e-06 2.661295e+02
6.320000e+01 1.337285e-05 2.658302e+02
6.330000e+01 4.281105e-05 2.654985e+02
6.340000e+01 6.540164e-05 2.651455e+02
6.350000e+01 4.050082e-05 2.647706e+02
6.360000e+01 2.726522e-05 2.643369e+02
6.370000e+01 4.009362e-04 2.637467e+02
6.380000e+01 1.212134e-03 2.629967e+02
6.390000e+01 2.097218e-03 2.621904e+02
6.400000e+01 2.412140e-03 2.614650e+02
6.410000e+01 1.051996e-03 2.610049e+02
6.420000e+01 4.086538e-03 2.594839e+02
6.430000e+01 1.131451e-02 2.569446e+02
6.440000e+01 1.923783e-02 2.541656e+02
6.450000e+01 2.498196e-02 2.518126e+02
6.460000e+01 2.514275e-02 2.505559e+02
6.470000e+01 1.880968e-02 2.505830e+02
6.480000e+01 5.366651e-02 2.417846e+02
6.490000e+01 8.108262e-02 2.344853e+02
6.500000e+01 1.031488e-01 2.282910e+02
6.510000e+01 1.157980e-01 2.240762e+02
6.520000e+01 9.862342e-02 2.261514e+02
6.530000e+01 1.522062e-01 2.131916e+02
6.540000e+01 2.027088e-01 2.009778e+02
6.550000e+01 2.410112e-01 1.913025e+02
6.560000e+01 2.680908e-01 1.840584e+02
6.570000e+01 2.786938e-01 1.802972e+02
6.580000e+01 2.931845e-01 1.758264e+02
6.590000e+01 3.582430e-01 1.607323e+02
6.600000e+01 3.996279e-01 1.506703e+02
6.610000e+01 4.306331e-01 1.428704e+02
6.620000e+01 4.516539e-01 1.372522e+02
6.630000e+01 3.842954e-01 1.522238e+02
6.640000e+01 5.057927e-01 1.236755e+02
6.650000e+01 5.399245e-01 1.154965e+02
6.660000e+01 5.661565e-01 1.090392e+02
6.670000e+01 5.861581e-01 1.039817e+02
6.680000e+01 5.974986e-01 1.008149e+02
6.690000e+01 6.216208e-01 9.499375e+01
6.700000e+01 6.456930e-01 8.924829e+01
6.710000e+01 6.643082e-01 8.469556e+01
6.720000e+01 6.791983e-01 8.099101e+01
6.730000e+01 6.904509e-01 7.810316e+01
6.740000e+01 7.008938e-01 7.543738e+01
6.750000e+01 7.188502e-01 7.118655e+01
6.760000e+01 7.316625e-01 6.807188e+01
6.770000e+01 7.424748e-01 6.541692e+01
6.780000e+01 7.518778e-01 6.309025e+01
6.790000e+01 7.479182e-01 6.398660e+01
6.800000e+01 7.694749e-01 5.876968e+01
6.810000e+01 7.778560e-01 5.672837e+01
6.820000e+01 7.853300e-01 5.489934e+01
6.830000e+01 7.920792e-01 5.324313e+01
6.840000e+01 7.978543e-01 5.181298e+01
6.850000e+01 8.043155e-01 5.024510e+01
6.860000e+01 8.102350e-01 4.880691e+01
6.870000e+01 8.156453e-01 4.748855e+01
6.880000e+01 8.206703e-01 4.626327e+01
6.890000e+01 8.253496e-01 4.512148e+01
6.900000e+01 8.298118e-01 4.403446e+01
6.910000e+01 8.341787e-01 4.297495e+01
6.920000e+01 8.382636e-01 4.198274e+01
6.930000e+01 8.421251e-01 4.104498e+01
6.940000e+01 8.457856e-01 4.015632e+01
6.950000e+01 8.492170e-01 3.932285e+01
6.960000e+01 8.526552e-01 3.849095e+01
6.970000e+01 8.558844e-01 3.770892e+01
6.980000e+01 8.589777e-01 3.696005e+01
6.990000e+01 8.619430e-01 3.624244e+01
7.000000e+01 8.647837e-01 3.555506e+01
7.010000e+01 8.675422e-01 3.488835e+01
7.020000e+01 8.701919e-01 3.424804e+01
7.030000e+01 8.727451e-01 3.363123e+01
7.040000e+01 8.752067e-01 3.303675e+01
7.050000e+01 8.775816e-01 3.246337e+01
7.060000e+01 8.798803e-01 3.190868e+01
7.070000e+01 8.821019e-01 3.137274e+01
7.080000e+01 8.842512e-01 3.085438e+01
7.090000e+01 8.863306e-01 3.035303e+01
7.100000e+01 8.883438e-01 2.986777e+01
7.110000e+01 8.902936e-01 2.939788e+01
7.120000e+01 8.921840e-01 2.894243e+01
7.130000e+01 8.940149e-01 2.850138e+01
7.140000e+01 8.957805e-01 2.807595e+01
7.150000e+01 8.975079e-01 2.766009e+01
7.160000e+01 8.991937e-01 2.725460e+01
7.170000e+01 9.008292e-01 2.686113e+01
7.180000e+01 9.024131e-01 2.648009e+01
7.190000e+01 9.039517e-01 2.611001e+01
7.200000e+01 9.054473e-01 2.575033e+01
7.210000e+01 9.069016e-01 2.540064e+01
7.220000e+01 9.083160e-01 2.506058e+01
7.230000e+01 9.096919e-01 2.472984e+01
7.240000e+01 9.110278e-01 2.440867e+01
7.250000e+01 9.123210e-01 2.409771e+01
7.260000e+01 9.136012e-01 2.379028e+01
7.270000e+01 9.148392e-01 2.349292e+01
7.280000e+01 9.160547e-01 2.320115e+01
7.290000e+01 9.172333e-01 2.291817e+01
7.300000e+01 9.183813e-01 2.264256e+01
7.310000e+01 9.195003e-01 2.237394e+01
7.320000e+01 9.205915e-01 2.211201e+01
7.330000e+01 9.216559e-01 2.185655e+01
7.340000e+01 9.226943e-01 2.160737e+01
7.350000e+01 9.237071e-01 2.136434e+01
7.360000e+01 9.246931e-01 2.112774e+01
7.370000e+01 9.256610e-01 2.089558e+01
7.380000e+01 9.266011e-01 2.067001e+01
7.390000e+01 9.274960e-01 2.045496e+01
7.400000e+01 9.284173e-01 2.023436e+01
7.410000e+01 9.293008e-01 2.002261e+01
7.420000e+01 9.301585e-01 1.981698e+01
7.430000e+01 9.309974e-01 1.961584e+01
7.440000e+01 9.318152e-01 1.941974e+01
7.450000e+01 9.326133e-01 1.922834e+01
7.460000e+01 9.333920e-01 1.904156e+01
7.470000e+01 9.341503e-01 1.885958e+01
7.480000e+01 9.348912e-01 1.868175e+01
7.490000e+01 9.356130e-01 1.850838e+01
7.500000e+01 9.363124e-01 1.834014e+01
7.510000e+01 9.369803e-01 1.817906e+01
7.520000e+01 9.376402e-01 1.801974e+01
7.530000e+01 9.382433e-01 1.787315e+01
7.540000e+01 9.388345e-01 1.773034e+01
7.550000e+01 9.395941e-01 1.755081e+01
7.560000e+01 9.402662e-01 1.739123e+01
7.570000e+01 9.409077e-01 1.723838e+01
7.580000e+01 9.415049e-01 1.709532e+01
7.590000e+01 9.420993e-01 1.695296e+01
7.600000e+01 9.426868e-01 1.681211e+01
7.610000e+01 9.432107e-01 1.668511e+01
7.620000e+01 9.436453e-01 1.657732e+01
7.630000e+01 9.438059e-01 1.652870e+01
7.640000e+01 9.419200e-01 1.694800e+01
7.650000e+01 9.424076e-01 1.681393e+01
7.660000e+01 9.443781e-01 1.636860e+01
7.670000e+01 9.460528e-01 1.599434e+01
7.680000e+01 9.468622e-01 1.580920e+01
7.690000e+01 9.474811e-01 1.566493e+01
7.700000e+01 9.480268e-01 1.553634e+01
7.710000e+01 9.485327e-01 1.541637e+01
7.720000e+01 9.490087e-01 1.530290e+01
7.730000e+01 9.494525e-01 1.519648e+01
7.740000e+01 9.498392e-01 1.510237e+01
7.750000e+01 9.500359e-01 1.504953e+01
7.760000e+01 9.475735e-01 1.561728e+01
7.770000e+01 9.508827e-01 1.484713e+01
7.780000e+01 9.515824e-01 1.468679e+01
7.790000e+01 9.520784e-01 1.457071e+01
7.800000e+01 9.525173e-01 1.446703e+01
7.810000e+01 9.529376e-01 1.436735e+01
7.820000e+01 9.533397e-01 1.427178e+01
7.830000e+01 9.537233e-01 1.418044e+01
7.840000e+01 9.541125e-01 1.408782e+01
7.850000e+01 9.544789e-01 1.400049e+01
7.860000e+01 9.548529e-01 1.391146e+01
7.870000e+01 9.552091e-01 1.382652e+01
7.880000e+01 9.555580e-01 1.374327e+01
7.890000e+01 9.558762e-01 1.366684e+01
7.900000e+01 9.559481e-01 1.364742e+01
7.910000e+01 9.565614e-01 1.350383e+01
7.920000e+01 9.569145e-01 1.342027e+01
7.930000e+01 9.572453e-01 1.334169e+01
7.940000e+01 9.575667e-01 1.326525e+01
7.950000e+01 9.578813e-01 1.319040e+01
7.960000e+01 9.581899e-01 1.311696e+01
7.970000e+01 9.584931e-01 1.304482e+01
7.980000e+01 9.587909e-01 1.297396e+01
7.990000e+01 9.590836e-01 1.290433e+01
8.000000e+01 9.593706e-01 1.283604e+01
8.010000e+01 9.596534e-01 1.276877e+01
8.020000e+01 9.599186e-01 1.270560e+01
8.030000e+01 9.602060e-01 1.263736e+01
8.040000e+01 9.604767e-01 1.257302e+01
8.050000e+01 9.607417e-01 1.251002e+01
8.060000e+01 9.610013e-01 1.244829e+01
8.070000e+01 9.612534e-01 1.238828e+01
8.080000e+01 9.614762e-01 1.233488e+01
8.090000e+01 9.617367e-01 1.227316e+01
8.100000e+01 9.619997e-01 1.221100e+01
8.110000e+01 9.622407e-01 1.215380e+01
8.120000e+01 9.624723e-01 1.209870e+01
8.130000e+01 9.626608e-01 1.205361e+01
8.140000e+01 9.629348e-01 1.198907e+01
8.150000e+01 9.631733e-01 1.193258e+01
8.160000e+01 9.633978e-01 1.187937e+01
8.170000e+01 9.636137e-01 1.182815e+01
8.180000e+01 9.638327e-01 1.177623e+01
8.190000e+01 9.640460e-01 1.172567e+01
8.200000e+01 9.642577e-01 1.167555e+01
8.210000e+01 9.644645e-01 1.162655e+01
8.220000e+01 9.646678e-01 1.157838e+01
8.230000e+01 9.648680e-01 1.153097e+01
8.240000e+01 9.650651e-01 1.148430e+01
8.250000e+01 9.652591e-01 1.143838e+01
8.260000e+01 9.654497e-01 1.139325e+01
8.270000e+01 9.656375e-01 1.134880e+01
8.280000e+01 9.658238e-01 1.130476e+01
8.290000e+01 9.660064e-01 1.126156e+01
8.300000e+01 9.661862e-01 1.121906e+01
8.310000e+01 9.663627e-01 1.117732e+01
8.320000e+01 9.665339e-01 1.113684e+01
8.330000e+01 9.667092e-01 1.109545e+01
8.340000e+01 9.668787e-01 1.105542e+01
8.350000e+01 9.670454e-01 1.101605e+01
8.360000e+01 9.672082e-01 1.097760e+01
8.370000e+01 9.673683e-01 1.093978e+01
8.380000e+01 9.675275e-01 1.090221e+01
8.390000e+01 9.676856e-01 1.086494e+01
8.400000e+01 9.678424e-01 1.082800e+01
8.410000e+01 9.679951e-01 1.079201e+01
8.420000e+01 9.681432e-01 1.075712e+01
8.430000e+01 9.682936e-01 1.072170e+01
8.440000e+01 9.684396e-01 1.068734e+01
8.450000e+01 9.685832e-01 1.065353e+01
8.460000e+01 9.687246e-01 1.062025e+01
8.470000e+01 9.688637e-01 1.058752e+01
8.480000e+01 9.689998e-01 1.055551e+01
8.490000e+01 9.691355e-01 1.052362e+01
8.500000e+01 9.692688e-01 1.049229e+01
8.510000e+01 9.693976e-01 1.046201e+01
8.520000e+01 9.695272e-01 1.043158e+01
8.530000e+01 9.696567e-01 1.040121e+01
8.540000e+01 9.697819e-01 1.037183e+01
8.550000e+01 9.699060e-01 1.034275e+01
8.560000e+01 9.700282e-01 1.031410e+01
8.570000e+01 9.701485e-01 1.028591e+01
8.580000e+01 9.702668e-01 1.025822e+01
8.590000e+01 9.703831e-01 1.023099e+01
8.600000e+01 9.704978e-01 1.020414e+01
8.610000e+01 9.706107e-01 1.017773e+01
8.620000e+01 9.707218e-01 1.015176e+01
8.630000e+01 9.708309e-01 1.012624e+01
8.640000e+01 9.709386e-01 1.010110e+01
8.650000e+01 9.710442e-01 1.007642e+01
8.660000e+01 9.711469e-01 1.005242e+01
8.670000e+01 9.712363e-01 1.003151e+01
8.680000e+01 9.713497e-01 1.000513e+01
8.690000e+01 9.714530e-01 9.981117e+00
8.700000e+01 9.715524e-01 9.958000e+00
8.710000e+01 9.716496e-01 9.935377e+00
8.720000e+01 9.717452e-01 9.913159e+00
8.730000e+01 9.718392e-01 9.891318e+00
8.740000e+01 9.719316e-01 9.869845e+00
8.750000e+01 9.720226e-01 9.848734e+00
8.760000e+01 9.721119e-01 9.828004e+00
8.770000e+01 9.721982e-01 9.808010e+00
8.780000e+01 9.722865e-01 9.787538e+00
8.790000e+01 9.723716e-01 9.767845e+00
8.800000e+01 9.724550e-01 9.748562e+00
8.810000e+01 9.725386e-01 9.729235e+00
8.820000e+01 9.726198e-01 9.710471e+00
8.830000e+01 9.726993e-01 9.692105e+00
8.840000e+01 9.727769e-01 9.674205e+00
8.850000e+01 9.728494e-01 9.657448e+00
8.860000e+01 9.729245e-01 9.640147e+00
8.870000e+01 9.730043e-01 9.621824e+00
8.880000e+01 9.730796e-01 9.604538e+00
8.890000e+01 9.731525e-01 9.587818e+00
8.900000e+01 9.732238e-01 9.571469e+00
8.910000e+01 9.732936e-01 9.555458e+00
8.920000e+01 9.733618e-01 9.539839e+00
8.930000e+01 9.734292e-01 9.524423e+00
8.940000e+01 9.734959e-01 9.509177e+00
8.950000e+01 9.735610e-01 9.494317e+00
8.960000e+01 9.736248e-01 9.479768e+00
8.970000e+01 9.736874e-01 9.465526e+00
8.980000e+01 9.737485e-01 9.451608e+00
8.990000e+01 9.738078e-01 9.438137e+00
9.000000e+01 9.738471e-01 9.429458e+00
9.010000e+01 9.739229e-01 9.412006e+00
9.020000e+01 9.739788e-01 9.399329e+00
9.030000e+01 9.740185e-01 9.390391e+00
9.040000e+01 9.740867e-01 9.374947e+00
9.050000e+01 9.741447e-01 9.361901e+00
9.060000e+01 9.741969e-01 9.350150e+00
9.070000e+01 9.742434e-01 9.339682e+00
9.080000e+01 9.742649e-01 9.334992e+00
9.090000e+01 9.743364e-01 9.318805e+00
9.100000e+01 9.743825e-01 9.308558e+00
9.110000e+01 9.744382e-01 9.296090e+00
9.120000e+01 9.744870e-01 9.285244e+00
9.130000e+01 9.745342e-01 9.274757e+00
9.140000e+01 9.745808e-01 9.264437e+00
9.150000e+01 9.746243e-01 9.254807e+00
9.160000e+01 9.746663e-01 9.245549e+00
9.170000e+01 9.747068e-01 9.236620e+00
9.180000e+01 9.747463e-01 9.227945e+00
9.190000e+01 9.747841e-01 9.219648e+00
9.200000e+01 9.748205e-01 9.211699e+00
9.210000e+01 9.748555e-01 9.204077e+00
9.220000e+01 9.748891e-01 9.196776e+00
9.230000e+01 9.749215e-01 9.189782e+00
9.240000e+01 9.749536e-01 9.182848e+00
9.250000e+01 9.749858e-01 9.175908e+00
9.260000e+01 9.750146e-01 9.169747e+00
9.270000e+01 9.750411e-01 9.164116e+00
9.280000e+01 9.750650e-01 9.159045e+00
9.290000e+01 9.750860e-01 9.154638e+00
9.300000e+01 9.751030e-01 9.151077e+00
9.310000e+01 9.751146e-01 9.148711e+00
9.320000e+01 9.751178e-01 9.148159e+00
9.330000e+01 9.751050e-01 9.151106e+00
9.340000e+01 9.750838e-01 9.155671e+00
9.350000e+01 9.750281e-01 9.167588e+00
9.360000e+01 9.748871e-01 9.197814e+00
9.370000e+01 9.745064e-01 9.279951e+00
9.380000e+01 9.728863e-01 9.637995e+00
9.390000e+01 9.718530e-01 9.865109e+00
9.400000e+01 9.725428e-01 9.715128e+00
9.410000e+01 9.745047e-01 9.281994e+00
9.420000e+01 9.749702e-01 9.182283e+00
9.430000e+01 9.751624e-01 9.141856e+00
9.440000e+01 9.752602e-01 9.121640e+00
9.450000e+01 9.753057e-01 9.112822e+00
9.460000e+01 9.753687e-01 9.099700e+00
9.470000e+01 9.753973e-01 9.094250e+00
9.480000e+01 9.754207e-01 9.089900e+00
9.490000e+01 9.754431e-01 9.085706e+00
9.500000e+01 9.754567e-01 9.083458e+00
9.510000e+01 9.754637e-01 9.082639e+00
9.520000e+01 9.754644e-01 9.083180e+00
9.530000e+01 9.754576e-01 9.085356e+00
9.540000e+01 9.754391e-01 9.090056e+00
9.550000e+01 9.754046e-01 9.098165e+00
9.560000e+01 9.753316e-01 9.114583e+00
9.570000e+01 9.751412e-01 9.156640e+00
9.580000e+01 9.734465e-01 9.553431e+00
9.590000e+01 9.749143e-01 9.206327e+00
9.600000e+01 9.746867e-01 9.255630e+00
9.610000e+01 9.737787e-01 9.453346e+00
9.620000e+01 9.687257e-01 1.058854e+01
9.630000e+01 9.722092e-01 9.802025e+00
9.640000e+01 9.743634e-01 9.329312e+00
9.650000e+01 9.749527e-01 9.203523e+00
9.660000e+01 9.751943e-01 9.153180e+00
9.670000e+01 9.753129e-01 9.129224e+00
9.680000e+01 9.753756e-01 9.117181e+00
9.690000e+01 9.754071e-01 9.111878e+00
9.700000e+01 9.754416e-01 9.105688e+00
9.710000e+01 9.754543e-01 9.104331e+00
9.720000e+01 9.754622e-01 9.103949e+00
9.730000e+01 9.754622e-01 9.105307e+00
9.740000e+01 9.754540e-01 9.108498e+00
9.750000e+01 9.754446e-01 9.111940e+00
9.760000e+01 9.754382e-01 9.114687e+00
9.770000e+01 9.754233e-01 9.119365e+00
9.780000e+01 9.753999e-01 9.125926e+00
9.790000e+01 9.753240e-01 9.144551e+00
9.800000e+01 9.753511e-01 9.139627e+00
9.810000e+01 9.753546e-01 9.140308e+00
9.820000e+01 9.753388e-01 9.145306e+00
9.830000e+01 9.753142e-01 9.152301e+00
9.840000e+01 9.752913e-01 9.158923e+00
9.850000e+01 9.752654e-01 9.166209e+00
9.860000e+01 9.752318e-01 9.175268e+00
9.870000e+01 9.752006e-01 9.183790e+00
9.880000e+01 9.751691e-01 9.192416e+00
9.890000e+01 9.751306e-01 9.202594e+00
9.900000e+01 9.750862e-01 9.214094e+00
9.910000e+01 9.750208e-01 9.230217e+00
9.920000e+01 9.748340e-01 9.273558e+00
9.930000e+01 9.748092e-01 9.280758e+00
9.940000e+01 9.748866e-01 9.265327e+00
9.950000e+01 9.748576e-01 9.273684e+00
9.960000e+01 9.748068e-01 9.286812e+00
9.970000e+01 9.747365e-01 9.304276e+00
9.980000e+01 9.746714e-01 9.320491e+00
9.990000e+01 9.746053e-01 9.336902e+00
1.000000e+02 9.745252e-01 9.356251e+00
1.001000e+02 9.744270e-01 9.379425e+00
1.002000e+02 9.743022e-01 9.408251e+00
1.003000e+02 9.741571e-01 9.440999e+00
1.004000e+02 9.739317e-01 9.491221e+00
1.005000e+02 9.733955e-01 9.615214e+00
1.006000e+02 9.734798e-01 9.595628e+00
1.007000e+02 9.731744e-01 9.671272e+00
1.008000e+02 9.738056e-01 9.529430e+00
1.009000e+02 9.737267e-01 9.552047e+00
1.010000e+02 9.738168e-01 9.532242e+00
1.011000e+02 9.737434e-01 9.550416e+00
1.012000e+02 9.736078e-01 9.581961e+00
1.013000e+02 9.734185e-01 9.624542e+00
1.014000e+02 9.730837e-01 9.698235e+00
1.015000e+02 9.724220e-01 9.842145e+00
1.016000e+02 9.707169e-01 1.021318e+01
1.017000e+02 9.626489e-01 1.200962e+01
1.018000e+02 9.657326e-01 1.131762e+01
1.019000e+02 9.707399e-01 1.021717e+01
1.020000e+02 9.722279e-01 9.898157e+00
1.021000e+02 9.727209e-01 9.796133e+00
1.022000e+02 9.729075e-01 9.760116e+00
1.023000e+02 9.729998e-01 9.743748e+00
1.024000e+02 9.730210e-01 9.742731e+00
1.025000e+02 9.730032e-01 9.750042e+00
1.026000e+02 9.729641e-01 9.761925e+00
1.027000e+02 9.729091e-01 9.777211e+00
1.028000e+02 9.728439e-01 9.794719e+00
1.029000e+02 9.727669e-01 9.814806e+00
1.030000e+02 9.726786e-01 9.837392e+00
1.031000e+02 9.725662e-01 9.865331e+00
1.032000e+02 9.724593e-01 9.892014e+00
1.033000e+02 9.723583e-01 9.917276e+00
1.034000e+02 9.722030e-01 9.954572e+00
1.035000e+02 9.719995e-01 1.000239e+01
1.036000e+02 9.717789e-01 1.005365e+01
1.037000e+02 9.714630e-01 1.012489e+01
1.038000e+02 9.703246e-01 1.037793e+01
1.039000e+02 9.673687e-01 1.105073e+01
1.040000e+02 9.707572e-01 1.029005e+01
1.041000e+02 9.711860e-01 1.020131e+01
1.042000e+02 9.712470e-01 1.019291e+01
1.043000e+02 9.711928e-01 1.020943e+01
1.044000e+02 9.711058e-01 1.023295e+01
1.045000e+02 9.710155e-01 1.025705e+01
1.046000e+02 9.709027e-01 1.028614e+01
1.047000e+02 9.707791e-01 1.031763e+01
1.048000e+02 9.706471e-01 1.035097e+01
1.049000e+02 9.705077e-01 1.038602e+01
1.050000e+02 9.703621e-01 1.042247e+01
1.051000e+02 9.702099e-01 1.046046e+01
1.052000e+02 9.700384e-01 1.050290e+01
1.053000e+02 9.698919e-01 1.053966e+01
1.054000e+02 9.697317e-01 1.057963e+01
1.055000e+02 9.695648e-01 1.062116e+01
1.056000e+02 9.693924e-01 1.066399e+01
1.057000e+02 9.692146e-01 1.070810e+01
1.058000e+02 9.690318e-01 1.075340e+01
1.059000e+02 9.688439e-01 1.079990e+01
1.060000e+02 9.686501e-01 1.084782e+01
1.061000e+02 9.684529e-01 1.089658e+01
1.062000e+02 9.682474e-01 1.094728e+01
1.063000e+02 9.680411e-01 1.099822e+01
1.064000e+02 9.678266e-01 1.105111e+01
1.065000e+02 9.676057e-01 1.110549e+01
1.066000e+02 9.673708e-01 1.116316e+01
1.067000e+02 9.671471e-01 1.121834e+01
1.068000e+02 9.669119e-01 1.127623e+01
1.069000e+02 9.666681e-01 1.133614e+01
1.070000e+02 9.664172e-01 1.139775e+01
1.071000e+02 9.661588e-01 1.146113e+01
1.072000e+02 9.658867e-01 1.152774e+01
1.073000e+02 9.656175e-01 1.159368e+01
1.074000e+02 9.653291e-01 1.166414e+01
1.075000e+02 9.650525e-01 1.173201e+01
1.076000e+02 9.647584e-01 1.180398e+01
1.077000e+02 9.644541e-01 1.187833e+01
1.078000e+02 9.641389e-01 1.195523e+01
1.079000e+02 9.638067e-01 1.203604e+01
1.080000e+02 9.634491e-01 1.212279e+01
1.081000e+02 9.631402e-01 1.219867e+01
1.082000e+02 9.627946e-01 1.228299e+01
1.083000e+02 9.624344e-01 1.237068e+01
1.084000e+02 9.620612e-01 1.246144e+01
1.085000e+02 9.616759e-01 1.255505e+01
1.086000e+02 9.612771e-01 1.265181e+01
1.087000e+02 9.608640e-01 1.275192e+01
1.088000e+02 9.604351e-01 1.285570e+01
1.089000e+02 9.599881e-01 1.296365e+01
1.090000e+02 9.595190e-01 1.307659e+01
1.091000e+02 9.590205e-01 1.319610e+01
1.092000e+02 9.584760e-01 1.332570e+01
1.093000e+02 9.578369e-01 1.347585e+01
1.094000e+02 9.569699e-01 1.367513e+01
1.095000e+02 9.548427e-01 1.415214e+01
1.096000e+02 9.533753e-01 1.448920e+01
1.097000e+02 9.551983e-01 1.409875e+01
1.098000e+02 9.550619e-01 1.414358e+01
1.099000e+02 9.546062e-01 1.425754e+01
1.100000e+02 9.540323e-01 1.439708e+01
1.101000e+02 9.533842e-01 1.455276e+01
1.102000e+02 9.526667e-01 1.472360e+01
1.103000e+02 9.518670e-01 1.491224e+01
1.104000e+02 9.509468e-01 1.512677e+01
1.105000e+02 9.498234e-01 1.538451e+01
1.106000e+02 9.481947e-01 1.575015e+01
1.107000e+02 9.449863e-01 1.645633e+01
1.108000e+02 9.320127e-01 1.933135e+01
1.109000e+02 9.374175e-01 1.814276e+01
1.110000e+02 9.434833e-01 1.684312e+01
1.111000e+02 9.443718e-01 1.667913e+01
1.112000e+02 9.441961e-01 1.674358e+01
1.113000e+02 9.436053e-01 1.689689e+01
1.114000e+02 9.428174e-01 1.709269e+01
1.115000e+02 9.419106e-01 1.731449e+01
1.116000e+02 9.409213e-01 1.755465e+01
1.117000e+02 9.398590e-01 1.781136e+01
1.118000e+02 9.387277e-01 1.808391e+01
1.119000e+02 9.375540e-01 1.836641e+01
1.120000e+02 9.363119e-01 1.866486e+01
1.121000e+02 9.350084e-01 1.897768e+01
1.122000e+02 9.336424e-01 1.930523e+01
1.123000e+02 9.322114e-01 1.964813e+01
1.124000e+02 9.307119e-01 2.000719e+01
1.125000e+02 9.291389e-01 2.038358e+01
1.126000e+02 9.274785e-01 2.078049e+01
1.127000e+02 9.257444e-01 2.119484e+01
1.128000e+02 9.238208e-01 2.165267e+01
1.129000e+02 9.219699e-01 2.209558e+01
1.130000e+02 9.200625e-01 2.255281e+01
1.131000e+02 9.179913e-01 2.304790e+01
1.132000e+02 9.158061e-01 2.356986e+01
1.133000e+02 9.134977e-01 2.412086e+01
1.134000e+02 9.110506e-01 2.470448e+01
1.135000e+02 9.084939e-01 2.531449e+01
1.136000e+02 9.058130e-01 2.595431e+01
1.137000e+02 9.029685e-01 2.663270e+01
1.138000e+02 8.999598e-01 2.735000e+01
1.139000e+02 8.967730e-01 2.810948e+01
1.140000e+02 8.933386e-01 2.892721e+01
1.141000e+02 8.898332e-01 2.976300e+01
1.142000e+02 8.860488e-01 3.066448e+01
1.143000e+02 8.820196e-01 3.162397e+01
1.144000e+02 8.777659e-01 3.263714e+01
1.145000e+02 8.732220e-01 3.371891e+01
1.146000e+02 8.683579e-01 3.487613e+01
1.147000e+02 8.631273e-01 3.611925e+01
1.148000e+02 8.574314e-01 3.747005e+01
1.149000e+02 8.508168e-01 3.902813e+01
1.150000e+02 8.425356e-01 4.097062e+01
1.151000e+02 8.382908e-01 4.202161e+01
1.152000e+02 8.314927e-01 4.365126e+01
1.153000e+02 8.238891e-01 4.546686e+01
1.154000e+02 8.156854e-01 4.742503e+01
1.155000e+02 8.067881e-01 4.954765e+01
1.156000e+02 7.971677e-01 5.184260e+01
1.157000e+02 7.867628e-01 5.432494e+01
1.158000e+02 7.754982e-01 5.701300e+01
1.159000e+02 7.633021e-01 5.992453e+01
1.160000e+02 7.500649e-01 6.308587e+01
1.161000e+02 7.356821e-01 6.652253e+01
1.162000e+02 7.200311e-01 7.026443e+01
1.163000e+02 7.030147e-01 7.433615e+01
1.164000e+02 6.844545e-01 7.878076e+01
1.165000e+02 6.642036e-01 8.363492e+01
1.166000e+02 6.420954e-01 8.894024e+01
1.167000e+02 6.179499e-01 9.474202e+01
1.168000e+02 5.915893e-01 1.010858e+02
1.169000e+02 5.628211e-01 1.080215e+02
1.170000e+02 5.314695e-01 1.155960e+02
1.171000e+02 4.973829e-01 1.238522e+02
1.172000e+02 4.604537e-01 1.328242e+02
1.173000e+02 4.206757e-01 1.425247e+02
1.174000e+02 3.781169e-01 1.529504e+02
1.175000e+02 3.330611e-01 1.640508e+02
1.176000e+02 2.860345e-01 1.757207e+02
1.177000e+02 2.378919e-01 1.877797e+02
1.178000e+02 1.898863e-01 1.999543e+02
1.179000e+02 1.436980e-01 2.118674e+02
1.180000e+02 1.013723e-01 2.230476e+02
1.181000e+02 6.508948e-02 2.329735e+02
1.182000e+02 3.673015e-02 2.411648e+02
1.183000e+02 1.725740e-02 2.473166e+02
1.184000e+02 6.197555e-03 2.514188e+02
1.185000e+02 1.457897e-03 2.538134e+02
1.186000e+02 1.556597e-04 2.550382e+02
1.187000e+02 1.597645e-06 2.555442e+02
1.188000e+02 1.521041e-06 2.555363e+02
1.189000e+02 1.553904e-04 2.550134e+02
1.190000e+02 1.474633e-03 2.537650e+02
1.191000e+02 6.322734e-03 2.513239e+02
1.192000e+02 1.762908e-02 2.471432e+02
1.193000e+02 3.746837e-02 2.408873e+02
1.194000e+02 6.650809e-02 2.325251e+02
1.195000e+02 1.035776e-01 2.224090e+02
1.196000e+02 1.467598e-01 2.110275e+02
1.197000e+02 1.938089e-01 1.989162e+02
1.198000e+02 2.426256e-01 1.865581e+02
1.199000e+02 2.914603e-01 1.743453e+02
1.200000e+02 3.391626e-01 1.625271e+02
1.201000e+02 3.847566e-01 1.513112e+02
1.202000e+02 4.277452e-01 1.407953e+02
1.203000e+02 4.678722e-01 1.310236e+02
1.204000e+02 5.050594e-01 1.220014e+02
1.205000e+02 5.393283e-01 1.137121e+02
1.206000e+02 5.708003e-01 1.061186e+02
1.207000e+02 5.996386e-01 9.917538e+01
1.208000e+02 6.260251e-01 9.283382e+01
1.209000e+02 6.501579e-01 8.704292e+01
1.210000e+02 6.722325e-01 8.175304e+01
1.211000e+02 6.924249e-01 7.691974e+01
1.212000e+02 7.109061e-01 7.250040e+01
1.213000e+02 7.278413e-01 6.845433e+01
1.214000e+02 7.433795e-01 6.474497e+01
1.215000e+02 7.576478e-01 6.134106e+01
1.216000e+02 7.707612e-01 5.821437e+01
1.217000e+02 7.828378e-01 5.533647e+01
1.218000e+02 7.939878e-01 5.268081e+01
1.219000e+02 8.042655e-01 5.023366e+01
1.220000e+02 8.137920e-01 4.796652e+01
1.221000e+02 8.226032e-01 4.587012e+01
1.222000e+02 8.307714e-01 4.392717e+01
1.223000e+02 8.383546e-01 4.212377e+01
1.224000e+02 8.454037e-01 4.044768e+01
1.225000e+02 8.519638e-01 3.888804e+01
1.226000e+02 8.580708e-01 3.743619e+01
1.227000e+02 8.637694e-01 3.608140e+01
1.228000e+02 8.690936e-01 3.481566e+01
1.229000e+02 8.740585e-01 3.363500e+01
1.230000e+02 8.786821e-01 3.253478e+01
1.231000e+02 8.829578e-01 3.151575e+01
1.232000e+02 8.867248e-01 3.061303e+01
1.233000e+02 8.896859e-01 2.989003e+01
1.234000e+02 8.933359e-01 2.902184e+01
1.235000e+02 8.975304e-01 2.803910e+01
1.236000e+02 9.007177e-01 2.727947e+01
1.237000e+02 9.034312e-01 2.662447e+01
1.238000e+02 9.055533e-01 2.609821e+01
1.239000e+02 9.064305e-01 2.583998e+01
1.240000e+02 9.026313e-01 2.659716e+01
1.241000e+02 8.764598e-01 3.245720e+01
1.242000e+02 9.099620e-01 2.491057e+01
1.243000e+02 9.165972e-01 2.344095e+01
1.244000e+02 9.201445e-01 2.263805e+01
1.245000e+02 9.227653e-01 2.203377e+01
1.246000e+02 9.249606e-01 2.152131e+01
1.247000e+02 9.268928e-01 2.106628e+01
1.248000e+02 9.286214e-01 2.065609e+01
1.249000e+02 9.301534e-01 2.028911e+01
1.250000e+02 9.314493e-01 1.997358e+01
1.251000e+02 9.323823e-01 1.973601e+01
1.252000e+02 9.324707e-01 1.967954e+01
1.253000e+02 9.294132e-01 2.030624e+01
1.254000e+02 9.069749e-01 2.536071e+01
1.255000e+02 9.325642e-01 1.956614e+01
1.256000e+02 9.367447e-01 1.864657e+01
1.257000e+02 9.396584e-01 1.799329e+01
1.258000e+02 9.415766e-01 1.756047e+01
1.259000e+02 9.430462e-01 1.722483e+01
1.260000e+02 9.443889e-01 1.691427e+01
1.261000e+02 9.455588e-01 1.664194e+01
1.262000e+02 9.466353e-01 1.638981e+01
1.263000e+02 9.475748e-01 1.616799e+01
1.264000e+02 9.483128e-01 1.599228e+01
1.265000e+02 9.494922e-01 1.571693e+01
1.266000e+02 9.503920e-01 1.550504e+01
1.267000e+02 9.512256e-01 1.530809e+01
1.268000e+02 9.520153e-01 1.512121e+01
1.269000e+02 9.527675e-01 1.494296e+01
1.270000e+02 9.534840e-01 1.477305e+01
1.271000e+02 9.541765e-01 1.460875e+01
1.272000e+02 9.548355e-01 1.445223e+01
1.273000e+02 9.554607e-01 1.430355e+01
1.274000e+02 9.560448e-01 1.416425e+01
1.275000e+02 9.566198e-01 1.402733e+01
1.276000e+02 9.571960e-01 1.389039e+01
1.277000e+02 9.576729e-01 1.377598e+01
1.278000e+02 9.582020e-01 1.364946e+01
1.279000e+02 9.586235e-01 1.354698e+01
1.280000e+02 9.588416e-01 1.348906e+01
1.281000e+02 9.572721e-01 1.384732e+01
1.282000e+02 9.589681e-01 1.344099e+01
1.283000e+02 9.551984e-01 1.429388e+01
1.284000e+02 9.596315e-01 1.328036e+01
1.285000e+02 9.610289e-01 1.296777e+01
1.286000e+02 9.617271e-01 1.280894e+01
1.287000e+02 9.622463e-01 1.268897e+01
1.288000e+02 9.626948e-01 1.258430e+01
1.289000e+02 9.631048e-01 1.248811e+01
1.290000e+02 9.634887e-01 1.239773e+01
1.291000e+02 9.638574e-01 1.231083e+01
1.292000e+02 9.642080e-01 1.222803e+01
1.293000e+02 9.645445e-01 1.214852e+01
1.294000e+02 9.648681e-01 1.207198e+01
1.295000e+02 9.651684e-01 1.200093e+01
1.296000e+02 9.654851e-01 1.192609e+01
1.297000e+02 9.657804e-01 1.185627e+01
1.298000e+02 9.660523e-01 1.179189e+01
1.299000e+02 9.663425e-01 1.172337e+01
1.300000e+02 9.666141e-01 1.165924e+01
1.301000e+02 9.668752e-01 1.159755e+01
1.302000e+02 9.671260e-01 1.153830e+01
1.303000e+02 9.673731e-01 1.147993e+01
1.304000e+02 9.676107e-01 1.142380e+01
1.305000e+02 9.678393e-01 1.136978e+01
1.306000e+02 9.680574e-01 1.131816e+01
1.307000e+02 9.682595e-01 1.127013e+01
1.308000e+02 9.684230e-01 1.123068e+01
1.309000e+02 9.683740e-01 1.123887e+01
1.310000e+02 9.685025e-01 1.120797e+01
1.311000e+02 9.690231e-01 1.108928e+01
1.312000e+02 9.692731e-01 1.103148e+01
1.313000e+02 9.694802e-01 1.098320e+01
1.314000e+02 9.696705e-01 1.093867e+01
1.315000e+02 9.698418e-01 1.089849e+01
1.316000e+02 9.700270e-01 1.085512e+01
1.317000e+02 9.701976e-01 1.081516e+01
1.318000e+02 9.703530e-01 1.077875e+01
1.319000e+02 9.705118e-01 1.074146e+01
1.320000e+02 9.706571e-01 1.070737e+01
1.321000e+02 9.708088e-01 1.067171e+01
1.322000e+02 9.709249e-01 1.064405e+01
1.323000e+02 9.709340e-01 1.064027e+01
1.324000e+02 9.703705e-01 1.077004e+01
1.325000e+02 9.712795e-01 1.056047e+01
1.326000e+02 9.714995e-01 1.051039e+01
1.327000e+02 9.716559e-01 1.047441e+01
1.328000e+02 9.717923e-01 1.044285e+01
1.329000e+02 9.719139e-01 1.041460e+01
1.330000e+02 9.719856e-01 1.039766e+01
1.331000e+02 9.720776e-01 1.037644e+01
1.332000e+02 9.722721e-01 1.033168e+01
1.333000e+02 9.724017e-01 1.030190e+01
1.334000e+02 9.725178e-01 1.027516e+01
1.335000e+02 9.726269e-01 1.025003e+01
1.336000e+02 9.727335e-01 1.022551e+01
1.337000e+02 9.728391e-01 1.020123e+01
1.338000e+02 9.729395e-01 1.017817e+01
1.339000e+02 9.730325e-01 1.015679e+01
1.340000e+02 9.730596e-01 1.015110e+01
1.341000e+02 9.732200e-01 1.011385e+01
1.342000e+02 9.733185e-01 1.009137e+01
1.343000e+02 9.734077e-01 1.007102e+01
1.344000e+02 9.734877e-01 1.005275e+01
1.345000e+02 9.734557e-01 1.006177e+01
1.346000e+02 9.736567e-01 1.001434e+01
1.347000e+02 9.737458e-01 9.994169e+00
1.348000e+02 9.738270e-01 9.975806e+00
1.349000e+02 9.739026e-01 9.958759e+00
1.350000e+02 9.739803e-01 9.941204e+00
1.351000e+02 9.740538e-01 9.924668e+00
1.352000e+02 9.741247e-01 9.908728e+00
1.353000e+02 9.741936e-01 9.893262e+00
1.354000e+02 9.742600e-01 9.878392e+00
1.355000e+02 9.743239e-01 9.864100e+00
1.356000e+02 9.743858e-01 9.850271e+00
1.357000e+02 9.744428e-01 9.837587e+00
1.358000e+02 9.744931e-01 9.826483e+00
1.359000e+02 9.745503e-01 9.813663e+00
1.360000e+02 9.745919e-01 9.804391e+00
1.361000e+02 9.745979e-01 9.803187e+00
1.362000e+02 9.746300e-01 9.795995e+00
1.363000e+02 9.745954e-01 9.804073e+00
1.364000e+02 9.746255e-01 9.797246e+00
1.365000e+02 9.746687e-01 9.786929e+00
1.366000e+02 9.745740e-01 9.807216e+00
1.367000e+02 9.742003e-01 9.888883e+00
1.368000e+02 9.723657e-01 1.029898e+01
1.369000e+02 9.711946e-01 1.056623e+01
1.370000e+02 9.741723e-01 9.895815e+00
1.371000e+02 9.747642e-01 9.766439e+00
1.372000e+02 9.750160e-01 9.711927e+00
1.373000e+02 9.751538e-01 9.682360e+00
1.374000e+02 9.752447e-01 9.662971e+00
1.375000e+02 9.753135e-01 9.648422e+00
1.376000e+02 9.753839e-01 9.633355e+00
1.377000e+02 9.754396e-01 9.621572e+00
1.378000e+02 9.754889e-01 9.611216e+00
1.379000e+02 9.755332e-01 9.601971e+00
1.380000e+02 9.755706e-01 9.594277e+00
1.381000e+02 9.755395e-01 9.603134e+00
1.382000e+02 9.756219e-01 9.584477e+00
1.383000e+02 9.756865e-01 9.570404e+00
1.384000e+02 9.757253e-01 9.562444e+00
1.385000e+02 9.757578e-01 9.555878e+00
1.386000e+02 9.757832e-01 9.550933e+00
1.387000e+02 9.757707e-01 9.554749e+00
1.388000e+02 9.757357e-01 9.564103e+00
1.389000e+02 9.758573e-01 9.536657e+00
1.390000e+02 9.758787e-01 9.532798e+00
1.391000e+02 9.758484e-01 9.541267e+00
1.392000e+02 9.759549e-01 9.517386e+00
1.393000e+02 9.759876e-01 9.510943e+00
1.394000e+02 9.760126e-01 9.506243e+00
1.395000e+02 9.760331e-01 9.502527e+00
1.396000e+02 9.760427e-01 9.501377e+00
1.397000e+02 9.760521e-01 9.500051e+00
1.398000e+02 9.759908e-01 9.515030e+00
1.399000e+02 9.760075e-01 9.512035e+00
1.400000e+02 9.759005e-01 9.538865e+00
1.401000e+02 9.761055e-01 9.491879e+00
1.402000e+02 9.761362e-01 9.485978e+00
1.403000e+02 9.761407e-01 9.486024e+00
1.404000e+02 9.761600e-01 9.482583e+00
1.405000e+02 9.761583e-01 9.483887e+00
1.406000e+02 9.761336e-01 9.490273e+00
1.407000e+02 9.760089e-01 9.519162e+00
1.408000e+02 9.758328e-01 9.560521e+00
1.409000e+02 9.760913e-01 9.502549e+00
1.410000e+02 9.761153e-01 9.498198e+00
1.411000e+02 9.760988e-01 9.502782e+00
1.412000e+02 9.760589e-01 9.512478e+00
1.413000e+02 9.759955e-01 9.527243e+00
1.414000e+02 9.759049e-01 9.547790e+00
1.415000e+02 9.757650e-01 9.578939e+00
1.416000e+02 9.755478e-01 9.626730e+00
1.417000e+02 9.751942e-01 9.703833e+00
1.418000e+02 9.745793e-01 9.837158e+00
1.419000e+02 9.733486e-01 1.010389e+01
1.420000e+02 9.703285e-01 1.076144e+01
1.421000e+02 9.592155e-01 1.320956e+01
1.422000e+02 9.356093e-01 1.852019e+01
1.423000e+02 9.668862e-01 1.151880e+01
1.424000e+02 9.722620e-01 1.034538e+01
1.425000e+02 9.741404e-01 9.940001e+00
1.426000e+02 9.750159e-01 9.752591e+00
1.427000e+02 9.754973e-01 9.650299e+00
1.428000e+02 9.757924e-01 9.588059e+00
1.429000e+02 9.759873e-01 9.547361e+00
1.430000e+02 9.761228e-01 9.519402e+00
1.431000e+02 9.762210e-01 9.499467e+00
1.432000e+02 9.762946e-01 9.484835e+00
1.433000e+02 9.763499e-01 9.474148e+00
1.434000e+02 9.763924e-01 9.466207e+00
1.435000e+02 9.764239e-01 9.460682e+00
1.436000e+02 9.764461e-01 9.457180e+00
1.437000e+02 9.764589e-01 9.455726e+00
1.438000e+02 9.764557e-01 9.457849e+00
1.439000e+02 9.763677e-01 9.479903e+00
1.440000e+02 9.764404e-01 9.463977e+00
1.441000e+02 9.764434e-01 9.464462e+00
1.442000e+02 9.764140e-01 9.472152e+00
1.443000e+02 9.763587e-01 9.485459e+00
1.444000e+02 9.762629e-01 9.507530e+00
1.445000e+02 9.760974e-01 9.544658e+00
1.446000e+02 9.757786e-01 9.615114e+00
1.447000e+02 9.750587e-01 9.773465e+00
1.448000e+02 9.728238e-01 1.026884e+01
1.449000e+02 9.590744e-01 1.340428e+01
1.450000e+02 9.709366e-01 1.069241e+01
1.451000e+02 9.746057e-01 9.878601e+00
1.452000e+02 9.756219e-01 9.657885e+00
1.453000e+02 9.760443e-01 9.567758e+00
1.454000e+02 9.762496e-01 9.525053e+00
1.455000e+02 9.763828e-01 9.497685e+00
1.456000e+02 9.764668e-01 9.481010e+00
1.457000e+02 9.765224e-01 9.470507e+00
1.458000e+02 9.765612e-01 9.463640e+00
1.459000e+02 9.765839e-01 9.460292e+00
1.460000e+02 9.765774e-01 9.463475e+00
1.461000e+02 9.765724e-01 9.466407e+00
1.462000e+02 9.766300e-01 9.454981e+00
1.463000e+02 9.766461e-01 9.453045e+00
1.464000e+02 9.766535e-01 9.453065e+00
1.465000e+02 9.766626e-01 9.452657e+00
1.466000e+02 9.766658e-01 9.453573e+00
1.467000e+02 9.766652e-01 9.455376e+00
1.468000e+02 9.766645e-01 9.457153e+00
1.469000e+02 9.766596e-01 9.459939e+00
1.470000e+02 9.766613e-01 9.461169e+00
1.471000e+02 9.766572e-01 9.463744e+00
1.472000e+02 9.766508e-01 9.466853e+00
1.473000e+02 9.766431e-01 9.470246e+00
1.474000e+02 9.766285e-01 9.475273e+00
1.475000e+02 9.766217e-01 9.478382e+00
1.476000e+02 9.766034e-01 9.484206e+00
1.477000e+02 9.765909e-01 9.488619e+00
1.478000e+02 9.765713e-01 9.494665e+00
1.479000e+02 9.765448e-01 9.502238e+00
1.480000e+02 9.765071e-01 9.512283e+00
1.481000e+02 9.764438e-01 9.528113e+00
1.482000e+02 9.763981e-01 9.539618e+00
1.483000e+02 9.763103e-01 9.560430e+00
1.484000e+02 9.761499e-01 9.597091e+00
1.485000e+02 9.758250e-01 9.669815e+00
1.486000e+02 9.749750e-01 9.858987e+00
1.487000e+02 9.709895e-01 1.076094e+01
1.488000e+02 9.718597e-01 1.056408e+01
1.489000e+02 9.750567e-01 9.846796e+00
1.490000e+02 9.757778e-01 9.690221e+00
1.491000e+02 9.760395e-01 9.635419e+00
1.492000e+02 9.761519e-01 9.613309e+00
1.493000e+02 9.761986e-01 9.605501e+00
1.494000e+02 9.762034e-01 9.606929e+00
1.495000e+02 9.761981e-01 9.610474e+00
1.496000e+02 9.761842e-01 9.615838e+00
1.497000e+02 9.761521e-01 9.625251e+00
1.498000e+02 9.760994e-01 9.639300e+00
1.499000e+02 9.760396e-01 9.654734e+00
1.500000e+02 9.759466e-01 9.677607e+00
1.501000e+02 9.758415e-01 9.703033e+00
1.502000e+02 9.757600e-01 9.722558e+00
1.503000e+02 9.756121e-01 9.756804e+00
1.504000e+02 9.754465e-01 9.793811e+00
1.505000e+02 9.752026e-01 9.847414e+00
1.506000e+02 9.748286e-01 9.928848e+00
1.507000e+02 9.739917e-01 1.011671e+01
1.508000e+02 9.742984e-01 1.004940e+01
1.509000e+02 9.749130e-01 9.916555e+00
1.510000e+02 9.752141e-01 9.854680e+00
1.511000e+02 9.754025e-01 9.816984e+00
1.512000e+02 9.755813e-01 9.780003e+00
1.513000e+02 9.757057e-01 9.754745e+00
1.514000e+02 9.758012e-01 9.735457e+00
1.515000e+02 9.758764e-01 9.720427e+00
1.516000e+02 9.759355e-01 9.708832e+00
1.517000e+02 9.759838e-01 9.699529e+00
1.518000e+02 9.760213e-01 9.692597e+00
1.519000e+02 9.760488e-01 9.687915e+00
1.520000e+02 9.760258e-01 9.695428e+00
1.521000e+02 9.760907e-01 9.681447e+00
1.522000e+02 9.761062e-01 9.679462e+00
1.523000e+02 9.761155e-01 9.678899e+00
1.524000e+02 9.761203e-01 9.679359e+00
1.525000e+02 9.761198e-01 9.681036e+00
1.526000e+02 9.761192e-01 9.682726e+00
1.527000e+02 9.761141e-01 9.685473e+00
1.528000e+02 9.761045e-01 9.689232e+00
1.529000e+02 9.760901e-01 9.694074e+00
1.530000e+02 9.760630e-01 9.701904e+00
1.531000e+02 9.760402e-01 9.708469e+00
1.532000e+02 9.760056e-01 9.717785e+00
1.533000e+02 9.759597e-01 9.729452e+00
1.534000e+02 9.758833e-01 9.747888e+00
1.535000e+02 9.757547e-01 9.777747e+00
1.536000e+02 9.755043e-01 9.834391e+00
1.537000e+02 9.743869e-01 1.009047e+01
1.538000e+02 9.744696e-01 1.006533e+01
1.539000e+02 9.725571e-01 1.049395e+01
1.540000e+02 9.683379e-01 1.144669e+01
1.541000e+02 9.704717e-01 1.096704e+01
1.542000e+02 9.742415e-01 1.012205e+01
1.543000e+02 9.751434e-01 9.925614e+00
1.544000e+02 9.755105e-01 9.847395e+00
1.545000e+02 9.756836e-01 9.811772e+00
1.546000e+02 9.757776e-01 9.793378e+00
1.547000e+02 9.758321e-01 9.783517e+00
1.548000e+02 9.758647e-01 9.778423e+00
1.549000e+02 9.758838e-01 9.776238e+00
1.550000e+02 9.758941e-01 9.775958e+00
1.551000e+02 9.758984e-01 9.777000e+00
1.552000e+02 9.758981e-01 9.779033e+00
1.553000e+02 9.758942e-01 9.781854e+00
1.554000e+02 9.758872e-01 9.785368e+00
1.555000e+02 9.758770e-01 9.789581e+00
1.556000e+02 9.758629e-01 9.794649e+00
1.557000e+02 9.758426e-01 9.801074e+00
1.558000e+02 9.758083e-01 9.810620e+00
1.559000e+02 9.757365e-01 9.828541e+00
1.560000e+02 9.755764e-01 9.866210e+00
1.561000e+02 9.737583e-01 1.029998e+01
1.562000e+02 9.755151e-01 9.883908e+00
1.563000e+02 9.756934e-01 9.845902e+00
1.564000e+02 9.757172e-01 9.842741e+00
1.565000e+02 9.756076e-01 9.871103e+00
1.566000e+02 9.757210e-01 9.845988e+00
1.567000e+02 9.757167e-01 9.849096e+00
1.568000e+02 9.757235e-01 9.849407e+00
1.569000e+02 9.757140e-01 9.853540e+00
1.570000e+02 9.756886e-01 9.861395e+00
1.571000e+02 9.756824e-01 9.864553e+00
1.572000e+02 9.756458e-01 9.874761e+00
1.573000e+02 9.755721e-01 9.893770e+00
1.574000e+02 9.756329e-01 9.881622e+00
1.575000e+02 9.756315e-01 9.883965e+00
1.576000e+02 9.756216e-01 9.888200e+00
1.577000e+02 9.756085e-01 9.893160e+00
1.578000e+02 9.755941e-01 9.898405e+00
1.579000e+02 9.755788e-01 9.903841e+00
1.580000e+02 9.755628e-01 9.909441e+00
1.581000e+02 9.755459e-01 9.915245e+00
1.582000e+02 9.755270e-01 9.921481e+00
1.583000e+02 9.755046e-01 9.928518e+00
1.584000e+02 9.754745e-01 9.937269e+00
1.585000e+02 9.753731e-01 9.962646e+00
1.586000e+02 9.753858e-01 9.961856e+00
1.587000e+02 9.754310e-01 9.953122e+00
1.588000e+02 9.754187e-01 9.957954e+00
1.589000e+02 9.754081e-01 9.962351e+00
1.590000e+02 9.753911e-01 9.968215e+00
1.591000e+02 9.753650e-01 9.976170e+00
1.592000e+02 9.753360e-01 9.984754e+00
1.593000e+02 9.753250e-01 9.989217e+00
1.594000e+02 9.753186e-01 9.992665e+00
1.595000e+02 9.752794e-01 1.000370e+01
1.596000e+02 9.752769e-01 1.000619e+01
1.597000e+02 9.752704e-01 1.000966e+01
1.598000e+02 9.752520e-01 1.001585e+01
1.599000e+02 9.752206e-01 1.002501e+01
1.600000e+02 9.752047e-01 1.003062e+01
1.601000e+02 9.751943e-01 1.003502e+01
1.602000e+02 9.751772e-01 1.004096e+01
1.603000e+02 9.751636e-01 1.004604e+01
1.604000e+02 9.751336e-01 1.005500e+01
1.605000e+02 9.751213e-01 1.005974e+01
1.606000e+02 9.751086e-01 1.006464e+01
1.607000e+02 9.750911e-01 1.007066e+01
1.608000e+02 9.750718e-01 1.007706e+01
1.609000e+02 9.750510e-01 1.008383e+01
1.610000e+02 9.750232e-01 1.009228e+01
1.611000e+02 9.749775e-01 1.010497e+01
1.612000e+02 9.749826e-01 1.010545e+01
1.613000e+02 9.749533e-01 1.011421e+01
1.614000e+02 9.749485e-01 1.011730e+01
1.615000e+02 9.749308e-01 1.012337e+01
1.616000e+02 9.749108e-01 1.012998e+01
1.617000e+02 9.748898e-01 1.013679e+01
1.618000e+02 9.748678e-01 1.014385e+01
1.619000e+02 9.748435e-01 1.015145e+01
1.620000e+02 9.748240e-01 1.015790e+01
1.621000e+02 9.748015e-01 1.016507e+01
1.622000e+02 9.747775e-01 1.017257e+01
1.623000e+02 9.747467e-01 1.018168e+01
1.624000e+02 9.747293e-01 1.018762e+01
1.625000e+02 9.747055e-01 1.019507e+01
1.626000e+02 9.746797e-01 1.020299e+01
1.627000e+02 9.746546e-01 1.021074e+01
1.628000e+02 9.746272e-01 1.021900e+01
1.629000e+02 9.745979e-01 1.022770e+01
1.630000e+02 9.745667e-01 1.023681e+01
1.631000e+02 9.745284e-01 1.024751e+01
1.632000e+02 9.744587e-01 1.026541e+01
1.633000e+02 9.744146e-01 1.027750e+01
1.634000e+02 9.744267e-01 1.027664e+01
1.635000e+02 9.743968e-01 1.028543e+01
1.636000e+02 9.743543e-01 1.029709e+01
1.637000e+02 9.743131e-01 1.030834e+01
1.638000e+02 9.742644e-01 1.032128e+01
1.639000e+02 9.742071e-01 1.033609e+01
1.640000e+02 9.741361e-01 1.035398e+01
1.641000e+02 9.740600e-01 1.037273e+01
1.642000e+02 9.739610e-01 1.039656e+01
1.643000e+02 9.738332e-01 1.042660e+01
1.644000e+02 9.736589e-01 1.046666e+01
1.645000e+02 9.734030e-01 1.052439e+01
1.646000e+02 9.729822e-01 1.061796e+01
1.647000e+02 9.721492e-01 1.080210e+01
1.648000e+02 9.701851e-01 1.123738e+01
1.649000e+02 9.629834e-01 1.285533e+01
1.650000e+02 9.623501e-01 1.299897e+01
1.651000e+02 9.698187e-01 1.132118e+01
1.652000e+02 9.713112e-01 1.099413e+01
1.653000e+02 9.715493e-01 1.094395e+01
1.654000e+02 9.711404e-01 1.103392e+01
1.655000e+02 9.698619e-01 1.131260e+01
1.656000e+02 9.665101e-01 1.204326e+01
1.657000e+02 9.544225e-01 1.470024e+01
1.658000e+02 9.077896e-01 2.522926e+01
1.659000e+02 9.603661e-01 1.339603e+01
1.660000e+02 9.680554e-01 1.171707e+01
1.661000e+02 9.705852e-01 1.117128e+01
1.662000e+02 9.715014e-01 1.098122e+01
1.663000e+02 9.723535e-01 1.079468e+01
1.664000e+02 9.727533e-01 1.071046e+01
1.665000e+02 9.729635e-01 1.066768e+01
1.666000e+02 9.729520e-01 1.067562e+01
1.667000e+02 9.732297e-01 1.061468e+01
1.668000e+02 9.733130e-01 1.059876e+01
1.669000e+02 9.733556e-01 1.059177e+01
1.670000e+02 9.733680e-01 1.059130e+01
1.671000e+02 9.733463e-01 1.059834e+01
1.672000e+02 9.732889e-01 1.061299e+01
1.673000e+02 9.731409e-01 1.064767e+01
1.674000e+02 9.727971e-01 1.072531e+01
1.675000e+02 9.714759e-01 1.102413e+01
1.676000e+02 9.691498e-01 1.156314e+01
1.677000e+02 9.724282e-01 1.081419e+01
1.678000e+02 9.730228e-01 1.068486e+01
1.679000e+02 9.732299e-01 1.064196e+01
1.680000e+02 9.733221e-01 1.062429e+01
1.681000e+02 9.733647e-01 1.061747e+01
1.682000e+02 9.733855e-01 1.061535e+01
1.683000e+02 9.733919e-01 1.061636e+01
1.684000e+02 9.733894e-01 1.061931e+01
1.685000e+02 9.733797e-01 1.062382e+01
1.686000e+02 9.733621e-01 1.063008e+01
1.687000e+02 9.733380e-01 1.063772e+01
1.688000e+02 9.732871e-01 1.065135e+01
1.689000e+02 9.731055e-01 1.069477e+01
1.690000e+02 9.728528e-01 1.075567e+01
1.691000e+02 9.731888e-01 1.068039e+01
1.692000e+02 9.732425e-01 1.067054e+01
1.693000e+02 9.732435e-01 1.067268e+01
1.694000e+02 9.732335e-01 1.067721e+01
1.695000e+02 9.732137e-01 1.068395e+01
1.696000e+02 9.731816e-01 1.069347e+01
1.697000e+02 9.731557e-01 1.070147e+01
1.698000e+02 9.730887e-01 1.071883e+01
1.699000e+02 9.730532e-01 1.072908e+01
1.700000e+02 9.729859e-01 1.074744e+01
1.701000e+02 9.730728e-01 1.072922e+01
1.702000e+02 9.730608e-01 1.073427e+01
1.703000e+02 9.729300e-01 1.076812e+01
1.704000e+02 9.730266e-01 1.074662e+01
1.705000e+02 9.730113e-01 1.075237e+01
1.706000e+02 9.729898e-01 1.075951e+01
1.707000e+02 9.729656e-01 1.076725e+01
1.708000e+02 9.729388e-01 1.077556e+01
1.709000e+02 9.729075e-01 1.078485e+01
1.710000e+02 9.728615e-01 1.079748e+01
1.711000e+02 9.728079e-01 1.081178e+01
1.712000e+02 9.727474e-01 1.082754e+01
1.713000e+02 9.726222e-01 1.085787e+01
1.714000e+02 9.715760e-01 1.110529e+01
1.715000e+02 9.725336e-01 1.088242e+01
1.716000e+02 9.726591e-01 1.085679e+01
1.717000e+02 9.726859e-01 1.085314e+01
1.718000e+02 9.726771e-01 1.085756e+01
1.719000e+02 9.726584e-01 1.086416e+01
1.720000e+02 9.726350e-01 1.087181e+01
1.721000e+02 9.726090e-01 1.088002e+01
1.722000e+02 9.725789e-01 1.088918e+01
1.723000e+02 9.725472e-01 1.089866e+01
1.724000e+02 9.725199e-01 1.090715e+01
1.725000e+02 9.724866e-01 1.091697e+01
1.726000e+02 9.724498e-01 1.092758e+01
1.727000e+02 9.724074e-01 1.093944e+01
1.728000e+02 9.723438e-01 1.095620e+01
1.729000e+02 9.723092e-01 1.096606e+01
1.730000e+02 9.722480e-01 1.098196e+01
1.731000e+02 9.721586e-01 1.100406e+01
1.732000e+02 9.720120e-01 1.103869e+01
1.733000e+02 9.716638e-01 1.111900e+01
1.734000e+02 9.708720e-01 1.129760e+01
1.735000e+02 9.676908e-01 1.204151e+01
1.736000e+02 9.711786e-01 1.123368e+01
1.737000e+02 9.716809e-01 1.112487e+01
1.738000e+02 9.718217e-01 1.109699e+01
1.739000e+02 9.718585e-01 1.109202e+01
1.740000e+02 9.718516e-01 1.109663e+01
1.741000e+02 9.718220e-01 1.110617e+01
1.742000e+02 9.717708e-01 1.112057e+01
1.743000e+02 9.717170e-01 1.113541e+01
1.744000e+02 9.716462e-01 1.115407e+01
1.745000e+02 9.715473e-01 1.117903e+01
1.746000e+02 9.714496e-01 1.120356e+01
1.747000e+02 9.713254e-01 1.123393e+01
1.748000e+02 9.711556e-01 1.127423e+01
1.749000e+02 9.708999e-01 1.133328e+01
1.750000e+02 9.704421e-01 1.143664e+01
1.751000e+02 9.691864e-01 1.171803e+01
1.752000e+02 9.637270e-01 1.298072e+01
1.753000e+02 9.680982e-01 1.195945e+01
1.754000e+02 9.642070e-01 1.283789e+01
1.755000e+02 9.649682e-01 1.266544e+01
1.756000e+02 9.682651e-01 1.192535e+01
1.757000e+02 9.685549e-01 1.186067e+01
1.758000e+02 9.678541e-01 1.201612e+01
1.759000e+02 9.677416e-01 1.204540e+01
1.760000e+02 9.689509e-01 1.178248e+01
1.761000e+02 9.695232e-01 1.166372e+01
1.762000e+02 9.698707e-01 1.159302e+01
1.763000e+02 9.701222e-01 1.154187e+01
1.764000e+02 9.701780e-01 1.153533e+01
1.765000e+02 9.705043e-01 1.146331e+01
1.766000e+02 9.706538e-01 1.143237e+01
1.767000e+02 9.707568e-01 1.141153e+01
1.768000e+02 9.708232e-01 1.139871e+01
1.769000e+02 9.708878e-01 1.138613e+01
1.770000e+02 9.709372e-01 1.137695e+01
1.771000e+02 9.709858e-01 1.136781e+01
1.772000e+02 9.710190e-01 1.136220e+01
1.773000e+02 9.710408e-01 1.135919e+01
1.774000e+02 9.710479e-01 1.135959e+01
1.775000e+02 9.710652e-01 1.135753e+01
1.776000e+02 9.710722e-01 1.135791e+01
1.777000e+02 9.710728e-01 1.135977e+01
1.778000e+02 9.710664e-01 1.136327e+01
1.779000e+02 9.710507e-01 1.136897e+01
1.780000e+02 9.710553e-01 1.136988e+01
1.781000e+02 9.710494e-01 1.137327e+01
1.782000e+02 9.710368e-01 1.137822e+01
1.783000e+02 9.710182e-01 1.138451e+01
1.784000e+02 9.709871e-01 1.139359e+01
1.785000e+02 9.708982e-01 1.141579e+01
1.786000e+02 9.706521e-01 1.147501e+01
1.787000e+02 9.708660e-01 1.142786e+01
1.788000e+02 9.709219e-01 1.141714e+01
1.789000e+02 9.709224e-01 1.141933e+01
1.790000e+02 9.709099e-01 1.142443e+01
1.791000e+02 9.708931e-01 1.143051e+01
1.792000e+02 9.708736e-01 1.143718e+01
1.793000e+02 9.708530e-01 1.144411e+01
1.794000e+02 9.708308e-01 1.145139e+01
1.795000e+02 9.708064e-01 1.145916e+01
1.796000e+02 9.707795e-01 1.146748e+01
1.797000e+02 9.707474e-01 1.147697e+01
1.798000e+02 9.707004e-01 1.148974e+01
1.799000e+02 9.705880e-01 1.151726e+01
1.800000e+02 9.691933e-01 1.185809e+01
1.801000e+02 9.705411e-01 1.153244e+01
1.802000e+02 9.706046e-01 1.152065e+01
1.803000e+02 9.706038e-01 1.152330e+01
1.804000e+02 9.705856e-01 1.152982e+01
1.805000e+02 9.705663e-01 1.153655e+01
1.806000e+02 9.705414e-01 1.154453e+01
1.807000e+02 9.705179e-01 1.155215e+01
1.808000e+02 9.704918e-01 1.156039e+01
1.809000e+02 9.704591e-01 1.157009e+01
1.810000e+02 9.703941e-01 1.158729e+01
1.811000e+02 9.703825e-01 1.159219e+01
1.812000e+02 9.703790e-01 1.159524e+01
1.813000e+02 9.703527e-01 1.160356e+01
1.814000e+02 9.703106e-01 1.161546e+01
1.815000e+02 9.702899e-01 1.162246e+01
1.816000e+02 9.702656e-01 1.163031e+01
1.817000e+02 9.702334e-01 1.163993e+01
1.818000e+02 9.701975e-01 1.165036e+01
1.819000e+02 9.701546e-01 1.166233e+01
1.820000e+02 9.700925e-01 1.167858e+01
1.821000e+02 9.699446e-01 1.171428e+01
1.822000e+02 9.695070e-01 1.181864e+01
1.823000e+02 9.699312e-01 1.172195e+01
1.824000e+02 9.699264e-01 1.172576e+01
1.825000e+02 9.699389e-01 1.172513e+01
1.826000e+02 9.699090e-01 1.173426e+01
1.827000e+02 9.698689e-01 1.174567e+01
1.828000e+02 9.698238e-01 1.175813e+01
1.829000e+02 9.697724e-01 1.177198e+01
1.830000e+02 9.697146e-01 1.178723e+01
1.831000e+02 9.696490e-01 1.180416e+01
1.832000e+02 9.695734e-01 1.182325e+01
1.833000e+02 9.694847e-01 1.184517e+01
1.834000e+02 9.693778e-01 1.187103e+01
1.835000e+02 9.692443e-01 1.190257e+01
1.836000e+02 9.690702e-01 1.194286e+01
1.837000e+02 9.688252e-01 1.199845e+01
1.838000e+02 9.683659e-01 1.210220e+01
1.839000e+02 9.679023e-01 1.220441e+01
1.840000e+02 9.671612e-01 1.236536e+01
1.841000e+02 9.657239e-01 1.267718e+01
1.842000e+02 9.622216e-01 1.343907e+01
1.843000e+02 9.495829e-01 1.621845e+01
1.844000e+02 9.177903e-01 2.336564e+01
1.845000e+02 9.568617e-01 1.461534e+01
1.846000e+02 9.623136e-01 1.342857e+01
1.847000e+02 9.593038e-01 1.412215e+01
1.848000e+02 9.606446e-01 1.383459e+01
1.849000e+02 9.661355e-01 1.261417e+01
1.850000e+02 9.674862e-01 1.232273e+01
1.851000e+02 9.680417e-01 1.220564e+01
1.852000e+02 9.683403e-01 1.214390e+01
1.853000e+02 9.684188e-01 1.213097e+01
1.854000e+02 9.684733e-01 1.212132e+01
1.855000e+02 9.679400e-01 1.224488e+01
1.856000e+02 9.677279e-01 1.229691e+01
1.857000e+02 9.686288e-01 1.209563e+01
1.858000e+02 9.687942e-01 1.206198e+01
1.859000e+02 9.688718e-01 1.204748e+01
1.860000e+02 9.689032e-01 1.204328e+01
1.861000e+02 9.689164e-01 1.204303e+01
1.862000e+02 9.689186e-01 1.204517e+01
1.863000e+02 9.689100e-01 1.204969e+01
1.864000e+02 9.688868e-01 1.205752e+01
1.865000e+02 9.688649e-01 1.206506e+01
1.866000e+02 9.688762e-01 1.206491e+01
1.867000e+02 9.688612e-01 1.207079e+01
1.868000e+02 9.688379e-01 1.207849e+01
1.869000e+02 9.688031e-01 1.208875e+01
1.870000e+02 9.687320e-01 1.210709e+01
1.871000e+02 9.683661e-01 1.219326e+01
1.872000e+02 9.684607e-01 1.217456e+01
1.873000e+02 9.686799e-01 1.212633e+01
1.874000e+02 9.686931e-01 1.212594e+01
1.875000e+02 9.686740e-01 1.213276e+01
1.876000e+02 9.686108e-01 1.214960e+01
1.877000e+02 9.685899e-01 1.215651e+01
1.878000e+02 9.684854e-01 1.218232e+01
1.879000e+02 9.679982e-01 1.229794e+01
1.880000e+02 9.684883e-01 1.218673e+01
1.881000e+02 9.685211e-01 1.218208e+01
1.882000e+02 9.685120e-01 1.218676e+01
1.883000e+02 9.684892e-01 1.219445e+01
1.884000e+02 9.684631e-01 1.220289e+01
1.885000e+02 9.684487e-01 1.220863e+01
1.886000e+02 9.684232e-01 1.221687e+01
1.887000e+02 9.683916e-01 1.222648e+01
1.888000e+02 9.683420e-01 1.224011e+01
1.889000e+02 9.680866e-01 1.230329e+01
1.890000e+02 9.682581e-01 1.226405e+01
1.891000e+02 9.682588e-01 1.226636e+01
1.892000e+02 9.682441e-01 1.227221e+01
1.893000e+02 9.682033e-01 1.228407e+01
1.894000e+02 9.681986e-01 1.228751e+01
1.895000e+02 9.681753e-01 1.229525e+01
1.896000e+02 9.681457e-01 1.230440e+01
1.897000e+02 9.681039e-01 1.231635e+01
1.898000e+02 9.680836e-01 1.232340e+01
1.899000e+02 9.680621e-01 1.233080e+01
1.900000e+02 9.680352e-01 1.233941e+01
1.901000e+02 9.680056e-01 1.234859e+01
1.902000e+02 9.679734e-01 1.235834e+01
1.903000e+02 9.679357e-01 1.236929e+01
1.904000e+02 9.678820e-01 1.238379e+01
1.905000e+02 9.677426e-01 1.241766e+01
1.906000e+02 9.674629e-01 1.248468e+01
1.907000e+02 9.677661e-01 1.241740e+01
1.908000e+02 9.677802e-01 1.241688e+01
1.909000e+02 9.677637e-01 1.242319e+01
1.910000e+02 9.677388e-01 1.243137e+01
1.911000e+02 9.677090e-01 1.244063e+01
1.912000e+02 9.676803e-01 1.244963e+01
1.913000e+02 9.676488e-01 1.245924e+01
1.914000e+02 9.676156e-01 1.246922e+01
1.915000e+02 9.675803e-01 1.247966e+01
1.916000e+02 9.675411e-01 1.249098e+01
1.917000e+02 9.674893e-01 1.250510e+01
1.918000e+02 9.673134e-01 1.254861e+01
1.919000e+02 9.674092e-01 1.252814e+01
1.920000e+02 9.673892e-01 1.253520e+01
1.921000e+02 9.673526e-01 1.254597e+01
1.922000e+02 9.672915e-01 1.256229e+01
1.923000e+02 9.672294e-01 1.257879e+01
1.924000e+02 9.672089e-01 1.258573e+01
1.925000e+02 9.671625e-01 1.259847e+01
1.926000e+02 9.670949e-01 1.261597e+01
1.927000e+02 9.669918e-01 1.264152e+01
1.928000e+02 9.669154e-01 1.266041e+01
1.929000e+02 9.667668e-01 1.269536e+01
1.930000e+02 9.665404e-01 1.274708e+01
1.931000e+02 9.661000e-01 1.284562e+01
1.932000e+02 9.650570e-01 1.307630e+01
1.933000e+02 9.602397e-01 1.415756e+01
1.934000e+02 9.599175e-01 1.423310e+01
1.935000e+02 9.648895e-01 1.312131e+01
1.936000e+02 9.658953e-01 1.290396e+01
1.937000e+02 9.662350e-01 1.283328e+01
1.938000e+02 9.663666e-01 1.280790e+01
1.939000e+02 9.664095e-01 1.280167e+01
1.940000e+02 9.664051e-01 1.280562e+01
1.941000e+02 9.663691e-01 1.281638e+01
1.942000e+02 9.663049e-01 1.283334e+01
1.943000e+02 9.662333e-01 1.285167e+01
1.944000e+02 9.661374e-01 1.287528e+01
1.945000e+02 9.660086e-01 1.290599e+01
1.946000e+02 9.658382e-01 1.294559e+01
1.947000e+02 9.656088e-01 1.299783e+01
1.948000e+02 9.652879e-01 1.306962e+01
1.949000e+02 9.648135e-01 1.317418e+01
1.950000e+02 9.640568e-01 1.333917e+01
1.951000e+02 9.627110e-01 1.363067e+01
1.952000e+02 9.598850e-01 1.424195e+01
1.953000e+02 9.520563e-01 1.594318e+01
1.954000e+02 9.090915e-01 2.546842e+01
1.955000e+02 9.363984e-01 1.937774e+01
1.956000e+02 9.535203e-01 1.562971e+01
1.957000e+02 9.475922e-01 1.702833e+01
1.958000e+02 9.582651e-01 1.462810e+01
1.959000e+02 9.624432e-01 1.371417e+01
1.960000e+02 9.638698e-01 1.340896e+01
1.961000e+02 9.645629e-01 1.326302e+01
1.962000e+02 9.649466e-01 1.318390e+01
1.963000e+02 9.652009e-01 1.313199e+01
1.964000e+02 9.653246e-01 1.310901e+01
1.965000e+02 9.654750e-01 1.307879e+01
1.966000e+02 9.655552e-01 1.306434e+01
1.967000e+02 9.656060e-01 1.305626e+01
1.968000e+02 9.656357e-01 1.305272e+01
1.969000e+02 9.656508e-01 1.305240e+01
1.970000e+02 9.656641e-01 1.305231e+01
1.971000e+02 9.656586e-01 1.305646e+01
1.972000e+02 9.656545e-01 1.306022e+01
1.973000e+02 9.656438e-01 1.306542e+01
1.974000e+02 9.656178e-01 1.307403e+01
1.975000e+02 9.655289e-01 1.309701e+01
1.976000e+02 9.654651e-01 1.311413e+01
1.977000e+02 9.655126e-01 1.310596e+01
1.978000e+02 9.655157e-01 1.310808e+01
1.979000e+02 9.654790e-01 1.311913e+01
1.980000e+02 9.652361e-01 1.317976e+01
1.981000e+02 9.654131e-01 1.313972e+01
1.982000e+02 9.654027e-01 1.314488e+01
1.983000e+02 9.653696e-01 1.315519e+01
1.984000e+02 9.653287e-01 1.316726e+01
1.985000e+02 9.652809e-01 1.318087e+01
1.986000e+02 9.652278e-01 1.319565e+01
1.987000e+02 9.651678e-01 1.321195e+01
1.988000e+02 9.650948e-01 1.323109e+01
1.989000e+02 9.650013e-01 1.325473e+01
1.990000e+02 9.648668e-01 1.328735e+01
1.991000e+02 9.646229e-01 1.334401e+01
1.992000e+02 9.637202e-01 1.355248e+01
1.993000e+02 9.628978e-01 1.373360e+01
1.994000e+02 9.583717e-01 1.478246e+01
1.995000e+02 9.636122e-01 1.358021e+01
1.996000e+02 9.641824e-01 1.345820e+01
1.997000e+02 9.643257e-01 1.343079e+01
1.998000e+02 9.643212e-01 1.343590e+01
1.999000e+02 9.642559e-01 1.345429e+01
2.000000e+02 9.641495e-01 1.348172e+01
1 10.0 0
1.000000e+01 9.957902e-01 3.728820e+00
1.010000e+01 9.957610e-01 3.735923e+00
1.020000e+01 9.956976e-01 3.750667e+00
1.030000e+01 9.957051e-01 3.749655e+00
1.040000e+01 9.956970e-01 3.752234e+00
1.050000e+01 9.956773e-01 3.757334e+00
1.060000e+01 9.956529e-01 3.763488e+00
1.070000e+01 9.956312e-01 3.769022e+00
1.080000e+01 9.956063e-01 3.775247e+00
1.090000e+01 9.955779e-01 3.782260e+00
1.100000e+01 9.955359e-01 3.792218e+00
1.110000e+01 9.954808e-01 3.805251e+00
1.120000e+01 9.954998e-01 3.801797e+00
1.130000e+01 9.954831e-01 3.806342e+00
1.140000e+01 9.954609e-01 3.812079e+00
1.150000e+01 9.954369e-01 3.818211e+00
1.160000e+01 9.954120e-01 3.824539e+00
1.170000e+01 9.953865e-01 3.830994e+00
1.180000e+01 9.953607e-01 3.837546e+00
1.190000e+01 9.953344e-01 3.844182e+00
1.200000e+01 9.953079e-01 3.850896e+00
1.210000e+01 9.952811e-01 3.857681e+00
1.220000e+01 9.952539e-01 3.864537e+00
1.230000e+01 9.952265e-01 3.871461e+00
1.240000e+01 9.951989e-01 3.878453e+00
1.250000e+01 9.951709e-01 3.885514e+00
1.260000e+01 9.951426e-01 3.892665e+00
1.270000e+01 9.951143e-01 3.899830e+00
1.280000e+01 9.950856e-01 3.907086e+00
1.290000e+01 9.950566e-01 3.914410e+00
1.300000e+01 9.950273e-01 3.921801e+00
1.310000e+01 9.949978e-01 3.929259e+00
1.320000e+01 9.949680e-01 3.936784e+00
1.330000e+01 9.949380e-01 3.944375e+00
1.340000e+01 9.949076e-01 3.952035e+00
1.350000e+01 9.948770e-01 3.959763e+00
1.360000e+01 9.948462e-01 3.967562e+00
1.370000e+01 9.948150e-01 3.975430e+00
1.380000e+01 9.947836e-01 3.983358e+00
1.390000e+01 9.947519e-01 3.991365e+00
1.400000e+01 9.947199e-01 3.999443e+00
1.410000e+01 9.946876e-01 4.007598e+00
1.420000e+01 9.946550e-01 4.015827e+00
1.430000e+01 9.946220e-01 4.024146e+00
1.440000e+01 9.945886e-01 4.032568e+00
1.450000e+01 9.945546e-01 4.041128e+00
1.460000e+01 9.945195e-01 4.049924e+00
1.470000e+01 9.944817e-01 4.059326e+00
1.480000e+01 9.944288e-01 4.072035e+00
1.490000e+01 9.943776e-01 4.084444e+00
1.500000e+01 9.943760e-01 4.085906e+00
1.510000e+01 9.943467e-01 4.093534e+00
1.520000e+01 9.943134e-01 4.102029e+00
1.530000e+01 9.942788e-01 4.110812e+00
1.540000e+01 9.942434e-01 4.119755e+00
1.550000e+01 9.942075e-01 4.128825e+00
1.560000e+01 9.941712e-01 4.138009e+00
1.570000e+01 9.941343e-01 4.147306e+00
1.580000e+01 9.940970e-01 4.156716e+00
1.590000e+01 9.940587e-01 4.166346e+00
1.600000e+01 9.940180e-01 4.176485e+00
1.610000e+01 9.939663e-01 4.189046e+00
1.620000e+01 9.939163e-01 4.201331e+00
1.630000e+01 9.939023e-01 4.205655e+00
1.640000e+01 9.938678e-01 4.214530e+00
1.650000e+01 9.938304e-01 4.224033e+00
1.660000e+01 9.937919e-01 4.233800e+00
1.670000e+01 9.937527e-01 4.243715e+00
1.680000e+01 9.937128e-01 4.253789e+00
1.690000e+01 9.936730e-01 4.263837e+00
1.700000e+01 9.936327e-01 4.274028e+00
1.710000e+01 9.935920e-01 4.284308e+00
1.720000e+01 9.935510e-01 4.294668e+00
1.730000e+01 9.935096e-01 4.305109e+00
1.740000e+01 9.934679e-01 4.315632e+00
1.750000e+01 9.934259e-01 4.326236e+00
1.760000e+01 9.933836e-01 4.336921e+00
1.770000e+01 9.933410e-01 4.347690e+00
1.780000e+01 9.932978e-01 4.358567e+00
1.790000e+01 9.932546e-01 4.369491e+00
1.800000e+01 9.932111e-01 4.380466e+00
1.810000e+01 9.931672e-01 4.391549e+00
1.820000e+01 9.931230e-01 4.402717e+00
1.830000e+01 9.930784e-01 4.413969e+00
1.840000e+01 9.930335e-01 4.425305e+00
1.850000e+01 9.929882e-01 4.436727e+00
1.860000e+01 9.929426e-01 4.448239e+00
1.870000e+01 9.928966e-01 4.459848e+00
1.880000e+01 9.928504e-01 4.471485e+00
1.890000e+01 9.928038e-01 4.483245e+00
1.900000e+01 9.927569e-01 4.495080e+00
1.910000e+01 9.927094e-01 4.507068e+00
1.920000e+01 9.926620e-01 4.519032e+00
1.930000e+01 9.926141e-01 4.531108e+00
1.940000e+01 9.925658e-01 4.543288e+00
1.950000e+01 9.925172e-01 4.555559e+00
1.960000e+01 9.924682e-01 4.567920e+00
1.970000e+01 9.924188e-01 4.580373e+00
1.980000e+01 9.923691e-01 4.592908e+00
1.990000e+01 9.923190e-01 4.605537e+00
2.000000e+01 9.922686e-01 4.618266e+00
2.010000e+01 9.922178e-01 4.631077e+00
2.020000e+01 9.921666e-01 4.643969e+00
2.030000e+01 9.921149e-01 4.657002e+00
2.040000e+01 9.920632e-01 4.670046e+00
2.050000e+01 9.920110e-01 4.683220e+00
2.060000e+01 9.919583e-01 4.696495e+00
2.070000e+01 9.919053e-01 4.709858e+00
2.080000e+01 9.918518e-01 4.723340e+00
2.090000e+01 9.917981e-01 4.736874e+00
2.100000e+01 9.917439e-01 4.750526e+00
2.110000e+01 9.916894e-01 4.764275e+00
2.120000e+01 9.916344e-01 4.778124e+00
2.130000e+01 9.915790e-01 4.792092e+00
2.140000e+01 9.915233e-01 4.806114e+00
2.150000e+01 9.914672e-01 4.820257e+00
2.160000e+01 9.914107e-01 4.834502e+00
2.170000e+01 9.913537e-01 4.848849e+00
2.180000e+01 9.912963e-01 4.863298e+00
2.190000e+01 9.912386e-01 4.877852e+00
2.200000e+01 9.911804e-01 4.892509e+00
2.210000e+01 9.911217e-01 4.907269e+00
2.220000e+01 9.910627e-01 4.922138e+00
2.230000e+01 9.910031e-01 4.937128e+00
2.240000e+01 9.909433e-01 4.952199e+00
2.250000e+01 9.908829e-01 4.967391e+00
2.260000e+01 9.908221e-01 4.982698e+00
2.270000e+01 9.907608e-01 4.998121e+00
2.280000e+01 9.906990e-01 5.013663e+00
2.290000e+01 9.906368e-01 5.029327e+00
2.300000e+01 9.905739e-01 5.045122e+00
2.310000e+01 9.905105e-01 5.061056e+00
2.320000e+01 9.904465e-01 5.077147e+00
2.330000e+01 9.903816e-01 5.093428e+00
2.340000e+01 9.903155e-01 5.109968e+00
2.350000e+01 9.902472e-01 5.127017e+00
2.360000e+01 9.901762e-01 5.144628e+00
2.370000e+01 9.900958e-01 5.164281e+00
2.380000e+01 9.899632e-01 5.195361e+00
2.390000e+01 9.898568e-01 5.220954e+00
2.400000e+01 9.898897e-01 5.215873e+00
2.410000e+01 9.898411e-01 5.228812e+00
2.420000e+01 9.897796e-01 5.244548e+00
2.430000e+01 9.897141e-01 5.261134e+00
2.440000e+01 9.896466e-01 5.278175e+00
2.450000e+01 9.895777e-01 5.295516e+00
2.460000e+01 9.895078e-01 5.313089e+00
2.470000e+01 9.894369e-01 5.330873e+00
2.480000e+01 9.893652e-01 5.348865e+00
2.490000e+01 9.892924e-01 5.367092e+00
2.500000e+01 9.892182e-01 5.385640e+00
2.510000e+01 9.891401e-01 5.405065e+00
2.520000e+01 9.890675e-01 5.423310e+00
2.530000e+01 9.889954e-01 5.441461e+00
2.540000e+01 9.889177e-01 5.460843e+00
2.550000e+01 9.888151e-01 5.485807e+00
2.560000e+01 9.887081e-01 5.511466e+00
2.570000e+01 9.886328e-01 5.530396e+00
2.580000e+01 9.886097e-01 5.537929e+00
2.590000e+01 9.885444e-01 5.554775e+00
2.600000e+01 9.884714e-01 5.573269e+00
2.610000e+01 9.883956e-01 5.592373e+00
2.620000e+01 9.883184e-01 5.611805e+00
2.630000e+01 9.882401e-01 5.631486e+00
2.640000e+01 9.881609e-01 5.651371e+00
2.650000e+01 9.880809e-01 5.671450e+00
2.660000e+01 9.880003e-01 5.691677e+00
2.670000e+01 9.879189e-01 5.712083e+00
2.680000e+01 9.878369e-01 5.732657e+00
2.690000e+01 9.877541e-01 5.753401e+00
2.700000e+01 9.876707e-01 5.774306e+00
2.710000e+01 9.875866e-01 5.795386e+00
2.720000e+01 9.875017e-01 5.816653e+00
2.730000e+01 9.874158e-01 5.838158e+00
2.740000e+01 9.873272e-01 5.860258e+00
2.750000e+01 9.872389e-01 5.882324e+00
2.760000e+01 9.871537e-01 5.903740e+00
2.770000e+01 9.870665e-01 5.925593e+00
2.780000e+01 9.869747e-01 5.948481e+00
2.790000e+01 9.868814e-01 5.971729e+00
2.800000e+01 9.867970e-01 5.993018e+00
2.810000e+01 9.867075e-01 6.015444e+00
2.820000e+01 9.866161e-01 6.038331e+00
2.830000e+01 9.865234e-01 6.061502e+00
2.840000e+01 9.864295e-01 6.084957e+00
2.850000e+01 9.863343e-01 6.108704e+00
2.860000e+01 9.862374e-01 6.132835e+00
2.870000e+01 9.861370e-01 6.157739e+00
2.880000e+01 9.860274e-01 6.184629e+00
2.890000e+01 9.858682e-01 6.222435e+00
2.900000e+01 9.857339e-01 6.254949e+00
2.910000e+01 9.857278e-01 6.259230e+00
2.920000e+01 9.856447e-01 6.280585e+00
2.930000e+01 9.855495e-01 6.304540e+00
2.940000e+01 9.854496e-01 6.329515e+00
2.950000e+01 9.853469e-01 6.355121e+00
2.960000e+01 9.852409e-01 6.381435e+00
2.970000e+01 9.851303e-01 6.408742e+00
2.980000e+01 9.850106e-01 6.437985e+00
2.990000e+01 9.848656e-01 6.472681e+00
3.000000e+01 9.845899e-01 6.536094e+00
3.010000e+01 9.844159e-01 6.577301e+00
3.020000e+01 9.842988e-01 6.607168e+00
3.030000e+01 9.844260e-01 6.581907e+00
3.040000e+01 9.843453e-01 6.603091e+00
3.050000e+01 9.841549e-01 6.648566e+00
3.060000e+01 9.841279e-01 6.657597e+00
3.070000e+01 9.840512e-01 6.677920e+00
3.080000e+01 9.839492e-01 6.703769e+00
3.090000e+01 9.838405e-01 6.731051e+00
3.100000e+01 9.837287e-01 6.759023e+00
3.110000e+01 9.836149e-01 6.787458e+00
3.120000e+01 9.834994e-01 6.816271e+00
3.130000e+01 9.833825e-01 6.845424e+00
3.140000e+01 9.832646e-01 6.874813e+00
3.150000e+01 9.831454e-01 6.904519e+00
3.160000e+01 9.830250e-01 6.934508e+00
3.170000e+01 9.829034e-01 6.964784e+00
3.180000e+01 9.827806e-01 6.995351e+00
3.190000e+01 9.826566e-01 7.026207e+00
3.200000e+01 9.825312e-01 7.057380e+00
3.210000e+01 9.823989e-01 7.090213e+00
3.220000e+01 9.822776e-01 7.120457e+00
3.230000e+01 9.821495e-01 7.152318e+00
3.240000e+01 9.820199e-01 7.184546e+00
3.250000e+01 9.818889e-01 7.217089e+00
3.260000e+01 9.817566e-01 7.249968e+00
3.270000e+01 9.816226e-01 7.283220e+00
3.280000e+01 9.814882e-01 7.316619e+00
3.290000e+01 9.813525e-01 7.350327e+00
3.300000e+01 9.812157e-01 7.384298e+00
3.310000e+01 9.810774e-01 7.418621e+00
3.320000e+01 9.809377e-01 7.453296e+00
3.330000e+01 9.807966e-01 7.488305e+00
3.340000e+01 9.806541e-01 7.523656e+00
3.350000e+01 9.805098e-01 7.559434e+00
3.360000e+01 9.803649e-01 7.595380e+00
3.370000e+01 9.802186e-01 7.631653e+00
3.380000e+01 9.800707e-01 7.668328e+00
3.390000e+01 9.799213e-01 7.705365e+00
3.400000e+01 9.797703e-01 7.742765e+00
3.410000e+01 9.796176e-01 7.780593e+00
3.420000e+01 9.794639e-01 7.818667e+00
3.430000e+01 9.793085e-01 7.857161e+00
3.440000e+01 9.791514e-01 7.896042e+00
3.450000e+01 9.789927e-01 7.935318e+00
3.460000e+01 9.788324e-01 7.974997e+00
3.470000e+01 9.786703e-01 8.015097e+00
3.480000e+01 9.785061e-01 8.055685e+00
3.490000e+01 9.783361e-01 8.097624e+00
3.500000e+01 9.781727e-01 8.138111e+00
3.510000e+01 9.780049e-01 8.179602e+00
3.520000e+01 9.778340e-01 8.221830e+00
3.530000e+01 9.776604e-01 8.264695e+00
3.540000e+01 9.774865e-01 8.307655e+00
3.550000e+01 9.773091e-01 8.351399e+00
3.560000e+01 9.771284e-01 8.395920e+00
3.570000e+01 9.769433e-01 8.441426e+00
3.580000e+01 9.767507e-01 8.488580e+00
3.590000e+01 9.765323e-01 8.541325e+00
3.600000e+01 9.761033e-01 8.641281e+00
3.610000e+01 9.761135e-01 8.643307e+00
3.620000e+01 9.759932e-01 8.675082e+00
3.630000e+01 9.758198e-01 8.718492e+00
3.640000e+01 9.756338e-01 8.764621e+00
3.650000e+01 9.754415e-01 8.812176e+00
3.660000e+01 9.752451e-01 8.860634e+00
3.670000e+01 9.750458e-01 8.909803e+00
3.680000e+01 9.748435e-01 8.959646e+00
3.690000e+01 9.746384e-01 9.010158e+00
3.700000e+01 9.744305e-01 9.061338e+00
3.710000e+01 9.742196e-01 9.113218e+00
3.720000e+01 9.740055e-01 9.165855e+00
3.730000e+01 9.737876e-01 9.219360e+00
3.740000e+01 9.735648e-01 9.273963e+00
3.750000e+01 9.733346e-01 9.330207e+00
3.760000e+01 9.730895e-01 9.389679e+00
3.770000e+01 9.727992e-01 9.458924e+00
3.780000e+01 9.721992e-01 9.597019e+00
3.790000e+01 9.721981e-01 9.602625e+00
3.800000e+01 9.721399e-01 9.622025e+00
3.810000e+01 9.719468e-01 9.670919e+00
3.820000e+01 9.717244e-01 9.726146e+00
3.830000e+01 9.714907e-01 9.783864e+00
3.840000e+01 9.712511e-01 9.842900e+00
3.850000e+01 9.710060e-01 9.903192e+00
3.860000e+01 9.707565e-01 9.964483e+00
3.870000e+01 9.705032e-01 1.002670e+01
3.880000e+01 9.702461e-01 1.008982e+01
3.890000e+01 9.699850e-01 1.015386e+01
3.900000e+01 9.697194e-01 1.021896e+01
3.910000e+01 9.694391e-01 1.028752e+01
3.920000e+01 9.691758e-01 1.035214e+01
3.930000e+01 9.688998e-01 1.041973e+01
3.940000e+01 9.685966e-01 1.049343e+01
3.950000e+01 9.683250e-01 1.056023e+01
3.960000e+01 9.680544e-01 1.062693e+01
3.970000e+01 9.677674e-01 1.069732e+01
3.980000e+01 9.674743e-01 1.076915e+01
3.990000e+01 9.671763e-01 1.084211e+01
4.000000e+01 9.668739e-01 1.091613e+01
4.010000e+01 9.665670e-01 1.099123e+01
4.020000e+01 9.662557e-01 1.106739e+01
4.030000e+01 9.659400e-01 1.114460e+01
4.040000e+01 9.656195e-01 1.122298e+01
4.050000e+01 9.652946e-01 1.130242e+01
4.060000e+01 9.649644e-01 1.138310e+01
4.070000e+01 9.646293e-01 1.146498e+01
4.080000e+01 9.642897e-01 1.154797e+01
4.090000e+01 9.639454e-01 1.163209e+01
4.100000e+01 9.635956e-01 1.171751e+01
4.110000e+01 9.632404e-01 1.180425e+01
4.120000e+01 9.628798e-01 1.189228e+01
4.130000e+01 9.625134e-01 1.198170e+01
4.140000e+01 9.621407e-01 1.207264e+01
4.150000e+01 9.617636e-01 1.216465e+01
4.160000e+01 9.613798e-01 1.225825e+01
4.170000e+01 9.609898e-01 1.235336e+01
4.180000e+01 9.605932e-01 1.245004e+01
4.190000e+01 9.601877e-01 1.254882e+01
4.200000e+01 9.597804e-01 1.264812e+01
4.210000e+01 9.593645e-01 1.274943e+01
4.220000e+01 9.589408e-01 1.285262e+01
4.230000e+01 9.585090e-01 1.295772e+01
4.240000e+01 9.580670e-01 1.306519e+01
4.250000e+01 9.576177e-01 1.317440e+01
4.260000e+01 9.571529e-01 1.328710e+01
4.270000e+01 9.566565e-01 1.340680e+01
4.280000e+01 9.560073e-01 1.356071e+01
4.290000e+01 9.556375e-01 1.365281e+01
4.300000e+01 9.552434e-01 1.375099e+01
4.310000e+01 9.547728e-01 1.386613e+01
4.320000e+01 9.542728e-01 1.398783e+01
4.330000e+01 9.537659e-01 1.411106e+01
4.340000e+01 9.532322e-01 1.424031e+01
4.350000e+01 9.526573e-01 1.437862e+01
4.360000e+01 9.519038e-01 1.455624e+01
4.370000e+01 9.513159e-01 1.469821e+01
4.380000e+01 9.509901e-01 1.478314e+01
4.390000e+01 9.504705e-01 1.491092e+01
4.400000e+01 9.499302e-01 1.504327e+01
4.410000e+01 9.493525e-01 1.518397e+01
4.420000e+01 9.487569e-01 1.532882e+01
4.430000e+01 9.481464e-01 1.547713e+01
4.440000e+01 9.475220e-01 1.562875e+01
4.450000e+01 9.468831e-01 1.578378e+01
4.460000e+01 9.462272e-01 1.594281e+01
4.470000e+01 9.455499e-01 1.610679e+01
4.480000e+01 9.448316e-01 1.627991e+01
4.490000e+01 9.440589e-01 1.646568e+01
4.500000e+01 9.434709e-01 1.661091e+01
4.510000e+01 9.427694e-01 1.678161e+01
4.520000e+01 9.420399e-01 1.695870e+01
4.530000e+01 9.412904e-01 1.714049e+01
4.540000e+01 9.405240e-01 1.732634e+01
4.550000e+01 9.397404e-01 1.751631e+01
4.560000e+01 9.389397e-01 1.771038e+01
4.570000e+01 9.381208e-01 1.790886e+01
4.580000e+01 9.372829e-01 1.811189e+01
4.590000e+01 9.364256e-01 1.831958e+01
4.600000e+01 9.355481e-01 1.853214e+01
4.610000e+01 9.346500e-01 1.874967e+01
4.620000e+01 9.337327e-01 1.897185e+01
4.630000e+01 9.327938e-01 1.919925e+01
4.640000e+01 9.318316e-01 1.943223e+01
4.650000e+01 9.308460e-01 1.967087e+01
4.660000e+01 9.298360e-01 1.991539e+01
4.670000e+01 9.287997e-01 2.016624e+01
4.680000e+01 9.277412e-01 2.042251e+01
4.690000e+01 9.266540e-01 2.068565e+01
4.700000e+01 9.255395e-01 2.095542e+01
4.710000e+01 9.243959e-01 2.123218e+01
4.720000e+01 9.232224e-01 2.151617e+01
4.730000e+01 9.220179e-01 2.180765e+01
4.740000e+01 9.207811e-01 2.210693e+01
4.750000e+01 9.195110e-01 2.241426e+01
4.760000e+01 9.182061e-01 2.273001e+01
4.770000e+01 9.168649e-01 2.305452e+01
4.780000e+01 9.154860e-01 2.338815e+01
4.790000e+01 9.140677e-01 2.373129e+01
4.800000e+01 9.126086e-01 2.408432e+01
4.810000e+01 9.111067e-01 2.444770e+01
4.820000e+01 9.095602e-01 2.482189e+01
4.830000e+01 9.079669e-01 2.520739e+01
4.840000e+01 9.063244e-01 2.560479e+01
4.850000e+01 9.046313e-01 2.601448e+01
4.860000e+01 9.028857e-01 2.643690e+01
4.870000e+01 9.010833e-01 2.687307e+01
4.880000e+01 8.992202e-01 2.732395e+01
4.890000e+01 8.972984e-01 2.778912e+01
4.900000e+01 8.953108e-01 2.827025e+01
4.910000e+01 8.932546e-01 2.876804e+01
4.920000e+01 8.911252e-01 2.928359e+01
4.930000e+01 8.889183e-01 2.981798e+01
4.940000e+01 8.866294e-01 3.037225e+01
4.950000e+01 8.842565e-01 3.094700e+01
4.960000e+01 8.817941e-01 3.154359e+01
4.970000e+01 8.792289e-01 3.216507e+01
4.980000e+01 8.765561e-01 3.281266e+01
4.990000e+01 8.737532e-01 3.349139e+01
5.000000e+01 8.707349e-01 3.422045e+01
5.010000e+01 8.677888e-01 3.493673e+01
5.020000e+01 8.646665e-01 3.569563e+01
5.030000e+01 8.613606e-01 3.649888e+01
5.040000e+01 8.578814e-01 3.734448e+01
5.050000e+01 8.541769e-01 3.824415e+01
5.060000e+01 8.504188e-01 3.916078e+01
5.070000e+01 8.463744e-01 4.014577e+01
5.080000e+01 8.420531e-01 4.119780e+01
5.090000e+01 8.374034e-01 4.232826e+01
5.100000e+01 8.320211e-01 4.362878e+01
5.110000e+01 8.274221e-01 4.476290e+01
5.120000e+01 8.220505e-01 4.607777e+01
5.130000e+01 8.161324e-01 4.752276e+01
5.140000e+01 8.095748e-01 4.911833e+01
5.150000e+01 7.986931e-01 5.172706e+01
5.160000e+01 7.955259e-01 5.255502e+01
5.170000e+01 7.879960e-01 5.440925e+01
5.180000e+01 7.793959e-01 5.651440e+01
5.190000e+01 7.694037e-01 5.894057e+01
5.200000e+01 7.556468e-01 6.220514e+01
5.210000e+01 7.480716e-01 6.415422e+01
5.220000e+01 7.376821e-01 6.675118e+01
5.230000e+01 7.249863e-01 6.987444e+01
5.240000e+01 7.095926e-01 7.361140e+01
5.250000e+01 6.888830e-01 7.850963e+01
5.260000e+01 6.741195e-01 8.219249e+01
5.270000e+01 6.611615e-01 8.555358e+01
5.280000e+01 6.429251e-01 9.008233e+01
5.290000e+01 6.194936e-01 9.577497e+01
5.300000e+01 5.880546e-01 1.031943e+02
5.310000e+01 5.545879e-01 1.111404e+02
5.320000e+01 5.464007e-01 1.137908e+02
5.330000e+01 5.233884e-01 1.196528e+02
5.340000e+01 4.914408e-01 1.274836e+02
5.350000e+01 4.484599e-01 1.376789e+02
5.360000e+01 3.256068e-01 1.660737e+02
5.370000e+01 3.869282e-01 1.531833e+02
5.380000e+01 3.660793e-01 1.589560e+02
5.390000e+01 3.314764e-01 1.676930e+02
5.400000e+01 2.843393e-01 1.791167e+02
5.410000e+01 2.071373e-01 1.969258e+02
5.420000e+01 2.034990e-01 1.992345e+02
5.430000e+01 1.961382e-01 2.024490e+02
5.440000e+01 1.708906e-01 2.094013e+02
5.450000e+01 1.350466e-01 2.186088e+02
5.460000e+01 8.884138e-02 2.299355e+02
5.470000e+01 5.194030e-02 2.393207e+02
5.480000e+01 6.515181e-02 2.380667e+02
5.490000e+01 5.706601e-02 2.412093e+02
5.500000e+01 4.203392e-02 2.457765e+02
5.510000e+01 2.416449e-02 2.509001e+02
5.520000e+01 5.732191e-03 2.560426e+02
5.530000e+01 8.841496e-03 2.565072e+02
5.540000e+01 9.252099e-03 2.574195e+02
5.550000e+01 6.714677e-03 2.588714e+02
5.560000e+01 3.412947e-03 2.604388e+02
5.570000e+01 9.559227e-04 2.617456e+02
5.580000e+01 6.660589e-05 2.626021e+02
5.590000e+01 3.321606e-04 2.630969e+02
5.600000e+01 2.583243e-04 2.635820e+02
5.610000e+01 9.891051e-05 2.640383e+02
5.620000e+01 1.280467e-05 2.644380e+02
5.630000e+01 7.763231e-07 2.647693e+02
5.640000e+01 5.953240e-07 2.650401e+02
5.650000e+01 7.270970e-06 2.652620e+02
5.660000e+01 1.400628e-05 2.654573e+02
5.670000e+01 1.131504e-05 2.656444e+02
5.680000e+01 3.759450e-06 2.658255e+02
5.690000e+01 2.425471e-07 2.659908e+02
5.700000e+01 1.425627e-08 2.661333e+02
5.710000e+01 5.127332e-07 2.662552e+02
5.720000e+01 1.219003e-06 2.663664e+02
5.730000e+01 1.011532e-06 2.664769e+02
5.740000e+01 3.130988e-07 2.665894e+02
5.750000e+01 2.236432e-08 2.666984e+02
5.760000e+01 1.911059e-12 2.667966e+02
5.770000e+01 2.296155e-09 2.668819e+02
5.780000e+01 2.169972e-08 2.669585e+02
5.790000e+01 3.350930e-08 2.670339e+02
5.800000e+01 1.625677e-08 2.671128e+02
5.810000e+01 2.131822e-09 2.671928e+02
5.820000e+01 3.958310e-11 2.672664e+02
5.830000e+01 1.417463e-15 2.673252e+02
5.840000e+01 6.934844e-15 2.673643e+02
5.850000e+01 3.884880e-13 2.673849e+02
5.860000e+01 6.511933e-11 2.673932e+02
5.870000e+01 5.894391e-10 2.673974e+02
5.880000e+01 1.188896e-09 2.674046e+02
5.890000e+01 6.428208e-10 2.674175e+02
5.900000e+01 7.475441e-11 2.674349e+02
5.910000e+01 4.363763e-13 2.674533e+02
5.920000e+01 1.618510e-14 2.674701e+02
5.930000e+01 8.717895e-12 2.674853e+02
5.940000e+01 2.184864e-11 2.675008e+02
5.950000e+01 2.009604e-12 2.675190e+02
5.960000e+01 4.038262e-17 2.675409e+02
5.970000e+01 4.181878e-12 2.675671e+02
5.980000e+01 6.168775e-11 2.675980e+02
5.990000e+01 1.255032e-10 2.676339e+02
6.000000e+01 5.881776e-11 2.676736e+02
6.010000e+01 5.362977e-12 2.677140e+02
6.020000e+01 4.753586e-14 2.677496e+02
6.030000e+01 3.527104e-21 2.677749e+02
6.040000e+01 8.802798e-19 2.677857e+02
6.050000e+01 8.866616e-16 2.677814e+02
6.060000e+01 1.099581e-12 2.677653e+02
6.070000e+01 3.322545e-11 2.677432e+02
6.080000e+01 1.412763e-10 2.677216e+02
6.090000e+01 1.418388e-10 2.677043e+02
6.100000e+01 2.392809e-11 2.676906e+02
6.110000e+01 9.596660e-14 2.676769e+02
6.120000e+01 1.184069e-13 2.676596e+02
6.130000e+01 5.523840e-11 2.676383e+02
6.140000e+01 5.834783e-10 2.676156e+02
6.150000e+01 1.171466e-09 2.675953e+02
6.160000e+01 5.683175e-10 2.675784e+02
6.170000e+01 4.058421e-11 2.675623e+02
6.180000e+01 7.334410e-25 2.675430e+02
6.190000e+01 6.796427e-11 2.675181e+02
6.200000e+01 9.458569e-10 2.674882e+02
6.210000e+01 1.700727e-09 2.674552e+02
6.220000e+01 6.381893e-10 2.674179e+02
6.230000e+01 3.397879e-11 2.673707e+02
6.240000e+01 1.176660e-15 2.673053e+02
6.250000e+01 7.764253e-15 2.672148e+02
6.260000e+01 2.895522e-10 2.670971e+02
6.270000e+01 1.268470e-08 2.669540e+02
6.280000e+01 7.460589e-08 2.667879e+02
6.290000e+01 9.113504e-08 2.665972e+02
6.300000e+01 1.416386e-11 2.663755e+02
6.310000e+01 1.408820e-06 2.661165e+02
6.320000e+01 1.351276e-05 2.658188e+02
6.330000e+01 4.315696e-05 2.654889e+02
6.340000e+01 6.579881e-05 2.651384e+02
6.350000e+01 4.067374e-05 2.647666e+02
6.360000e+01 2.733043e-05 2.643366e+02
6.370000e+01 4.010942e-04 2.637511e+02
6.380000e+01 1.210348e-03 2.630073e+02
6.390000e+01 2.090764e-03 2.622089e+02
6.400000e+01 2.401386e-03 2.614925e+02
6.410000e+01 1.045916e-03 2.610411e+02
6.420000e+01 4.057092e-03 2.595372e+02
6.430000e+01 1.121670e-02 2.570271e+02
6.440000e+01 1.904669e-02 2.542851e+02
6.450000e+01 2.470619e-02 2.519690e+02
6.460000e+01 2.484058e-02 2.507392e+02
6.470000e+01 1.856537e-02 2.507780e+02
6.480000e+01 5.291587e-02 2.421141e+02
6.490000e+01 7.987266e-02 2.349419e+02
6.500000e+01 1.015253e-01 2.288668e+02
6.510000e+01 1.138934e-01 2.247444e+02
6.520000e+01 9.693650e-02 2.268080e+02
6.530000e+01 1.495026e-01 2.141002e+02
6.540000e+01 1.989792e-01 2.021397e+02
6.550000e+01 2.364388e-01 1.926805e+02
6.560000e+01 2.628705e-01 1.856109e+02
6.570000e+01 2.731416e-01 1.819577e+02
6.580000e+01 2.872170e-01 1.776110e+02
6.590000e+01 3.508007e-01 1.628641e+02
6.600000e+01 3.911702e-01 1.530520e+02
6.610000e+01 4.213694e-01 1.454565e+02
6.620000e+01 4.417969e-01 1.399962e+02
6.630000e+01 3.757959e-01 1.546712e+02
6.640000e+01 4.944627e-01 1.267916e+02
6.650000e+01 5.276851e-01 1.188332e+02
6.660000e+01 5.531830e-01 1.125581e+02
6.670000e+01 5.725948e-01 1.076504e+02
6.680000e+01 5.835478e-01 1.045892e+02
6.690000e+01 6.069822e-01 9.893608e+01
6.700000e+01 6.303635e-01 9.335775e+01
6.710000e+01 6.484168e-01 8.894390e+01
6.720000e+01 6.628362e-01 8.535740e+01
6.730000e+01 6.737082e-01 8.256734e+01
6.740000e+01 6.837912e-01 7.999368e+01
6.750000e+01 7.012037e-01 7.587379e+01
6.760000e+01 7.135982e-01 7.286215e+01
6.770000e+01 7.240436e-01 7.029848e+01
6.780000e+01 7.331162e-01 6.805458e+01
6.790000e+01 7.291623e-01 6.895256e+01
6.800000e+01 7.500850e-01 6.389068e+01
6.810000e+01 7.581630e-01 6.192454e+01
6.820000e+01 7.653578e-01 6.016511e+01
6.830000e+01 7.718470e-01 5.857388e+01
6.840000e+01 7.773876e-01 5.720277e+01
6.850000e+01 7.835972e-01 5.569740e+01
6.860000e+01 7.892791e-01 5.431831e+01
6.870000e+01 7.944653e-01 5.305588e+01
6.880000e+01 7.992767e-01 5.188403e+01
6.890000e+01 8.037515e-01 5.079343e+01
6.900000e+01 8.080151e-01 4.975613e+01
6.910000e+01 8.121859e-01 4.874559e+01
6.920000e+01 8.160823e-01 4.780057e+01
6.930000e+01 8.197612e-01 4.690855e+01
6.940000e+01 8.232446e-01 4.606430e+01
6.950000e+01 8.265049e-01 4.527377e+01
6.960000e+01 8.297718e-01 4.448479e+01
6.970000e+01 8.328353e-01 4.374437e+01
6.980000e+01 8.357663e-01 4.303624e+01
6.990000e+01 8.385727e-01 4.235856e+01
7.000000e+01 8.412579e-01 4.171031e+01
7.010000e+01 8.438629e-01 4.108220e+01
7.020000e+01 8.463620e-01 4.047982e+01
7.030000e+01 8.487670e-01 3.990033e+01
7.040000e+01 8.510828e-01 3.934260e+01
7.050000e+01 8.533141e-01 3.880543e+01
7.060000e+01 8.554712e-01 3.828647e+01
7.070000e+01 8.575531e-01 3.778580e+01
7.080000e+01 8.595646e-01 3.730226e+01
7.090000e+01 8.615079e-01 3.683529e+01
7.100000e+01 8.633867e-01 3.638402e+01
7.110000e+01 8.652038e-01 3.594773e+01
7.120000e+01 8.669629e-01 3.552553e+01
7.130000e+01 8.686640e-01 3.511735e+01
7.140000e+01 8.703015e-01 3.472442e+01
7.150000e+01 8.719017e-01 3.434082e+01
7.160000e+01 8.734613e-01 3.396735e+01
7.170000e+01 8.749719e-01 3.360560e+01
7.180000e+01 8.764322e-01 3.325598e+01
7.190000e+01 8.778482e-01 3.291706e+01
7.200000e+01 8.792223e-01 3.258828e+01
7.210000e+01 8.805562e-01 3.226924e+01
7.220000e+01 8.818511e-01 3.195961e+01
7.230000e+01 8.831084e-01 3.165908e+01
7.240000e+01 8.843268e-01 3.136789e+01
7.250000e+01 8.855036e-01 3.108665e+01
7.260000e+01 8.866674e-01 3.080889e+01
7.270000e+01 8.877902e-01 3.054095e+01
7.280000e+01 8.888909e-01 3.027849e+01
7.290000e+01 8.899558e-01 3.002460e+01
7.300000e+01 8.909907e-01 2.977792e+01
7.310000e+01 8.919972e-01 2.953806e+01
7.320000e+01 8.929767e-01 2.930474e+01
7.330000e+01 8.939300e-01 2.907774e+01
7.340000e+01 8.948579e-01 2.885688e+01
7.350000e+01 8.957608e-01 2.864203e+01
7.360000e+01 8.966375e-01 2.843346e+01
7.370000e+01 8.974964e-01 2.822925e+01
7.380000e+01 8.983283e-01 2.803147e+01
7.390000e+01 8.991162e-01 2.784393e+01
7.400000e+01 8.999295e-01 2.765106e+01
7.410000e+01 9.007061e-01 2.746682e+01
7.420000e+01 9.014573e-01 2.728856e+01
7.430000e+01 9.021903e-01 2.711469e+01
7.440000e+01 9.029026e-01 2.694575e+01
7.450000e+01 9.035957e-01 2.678139e+01
7.460000e+01 9.042698e-01 2.662157e+01
7.470000e+01 9.049240e-01 2.646644e+01
7.480000e+01 9.055611e-01 2.631537e+01
7.490000e+01 9.061796e-01 2.616867e+01
7.500000e+01 9.067763e-01 2.602697e+01
7.510000e+01 9.073423e-01 2.589226e+01
7.520000e+01 9.079003e-01 2.575928e+01
7.530000e+01 9.084033e-01 2.563866e+01
7.540000e+01 9.088945e-01 2.552173e+01
7.550000e+01 9.095487e-01 2.536937e+01
7.560000e+01 9.101179e-01 2.523634e+01
7.570000e+01 9.106574e-01 2.510987e+01
7.580000e+01 9.111538e-01 2.499290e+01
7.590000e+01 9.116473e-01 2.487665e+01
7.600000e+01 9.121340e-01 2.476190e+01
7.610000e+01 9.125592e-01 2.466058e+01
7.620000e+01 9.128976e-01 2.457785e+01
7.630000e+01 9.129710e-01 2.455226e+01
7.640000e+01 9.110647e-01 2.497831e+01
7.650000e+01 9.114543e-01 2.487025e+01
7.660000e+01 9.132779e-01 2.446191e+01
7.670000e+01 9.148149e-01 2.412230e+01
7.680000e+01 9.155150e-01 2.396521e+01
7.690000e+01 9.160307e-01 2.384760e+01
7.700000e+01 9.164755e-01 2.374516e+01
7.710000e+01 9.168816e-01 2.365108e+01
7.720000e+01 9.172587e-01 2.356332e+01
7.730000e+01 9.176044e-01 2.348238e+01
7.740000e+01 9.178950e-01 2.341336e+01
7.750000e+01 9.180017e-01 2.338414e+01
7.760000e+01 9.155392e-01 2.395285e+01
7.770000e+01 9.186530e-01 2.323263e+01
7.780000e+01 9.192453e-01 2.309999e+01
7.790000e+01 9.196407e-01 2.301003e+01
7.800000e+01 9.199807e-01 2.293206e+01
7.810000e+01 9.203027e-01 2.285798e+01
7.820000e+01 9.206068e-01 2.278790e+01
7.830000e+01 9.208931e-01 2.272193e+01
7.840000e+01 9.211846e-01 2.265478e+01
7.850000e+01 9.214539e-01 2.259276e+01
7.860000e+01 9.217304e-01 2.252914e+01
7.870000e+01 9.219896e-01 2.246951e+01
7.880000e+01 9.222416e-01 2.241154e+01
7.890000e+01 9.224639e-01 2.236017e+01
7.900000e+01 9.224484e-01 2.236363e+01
7.910000e+01 9.229551e-01 2.224778e+01
7.920000e+01 9.232106e-01 2.218969e+01
7.930000e+01 9.234444e-01 2.213642e+01
7.940000e+01 9.236691e-01 2.208524e+01
7.950000e+01 9.238871e-01 2.203564e+01
7.960000e+01 9.240992e-01 2.198742e+01
7.970000e+01 9.243059e-01 2.194050e+01
7.980000e+01 9.245072e-01 2.189485e+01
7.990000e+01 9.247035e-01 2.185041e+01
8.000000e+01 9.248942e-01 2.180731e+01
8.010000e+01 9.250807e-01 2.176522e+01
8.020000e+01 9.252501e-01 2.172711e+01
8.030000e+01 9.254408e-01 2.168417e+01
8.040000e+01 9.256152e-01 2.164501e+01
8.050000e+01 9.257840e-01 2.160718e+01
8.060000e+01 9.259475e-01 2.157060e+01
8.070000e+01 9.261037e-01 2.153571e+01
8.080000e+01 9.262314e-01 2.150720e+01
8.090000e+01 9.263953e-01 2.147074e+01
8.100000e+01 9.265616e-01 2.143391e+01
8.110000e+01 9.267065e-01 2.140187e+01
8.120000e+01 9.268423e-01 2.137188e+01
8.130000e+01 9.269364e-01 2.135151e+01
8.140000e+01 9.271127e-01 2.131255e+01
8.150000e+01 9.272547e-01 2.128134e+01
8.160000e+01 9.273830e-01 2.125331e+01
8.170000e+01 9.275031e-01 2.122722e+01
8.180000e+01 9.276259e-01 2.120051e+01
8.190000e+01 9.277432e-01 2.117512e+01
8.200000e+01 9.278587e-01 2.115019e+01
8.210000e+01 9.279694e-01 2.112638e+01
8.220000e+01 9.280767e-01 2.110339e+01
8.230000e+01 9.281809e-01 2.108116e+01
8.240000e+01 9.282819e-01 2.105969e+01
8.250000e+01 9.283798e-01 2.103896e+01
8.260000e+01 9.284743e-01 2.101902e+01
8.270000e+01 9.285661e-01 2.099977e+01
8.280000e+01 9.286561e-01 2.098095e+01
8.290000e+01 9.287427e-01 2.096297e+01
8.300000e+01 9.288263e-01 2.094569e+01
8.310000e+01 9.289067e-01 2.092917e+01
8.320000e+01 9.289818e-01 2.091389e+01
8.330000e+01 9.290608e-01 2.089778e+01
8.340000e+01 9.291340e-01 2.088300e+01
8.350000e+01 9.292045e-01 2.086888e+01
8.360000e+01 9.292710e-01 2.085569e+01
8.370000e+01 9.293350e-01 2.084311e+01
8.380000e+01 9.293979e-01 2.083082e+01
8.390000e+01 9.294596e-01 2.081885e+01
8.400000e+01 9.295200e-01 2.080722e+01
8.410000e+01 9.295762e-01 2.079654e+01
8.420000e+01 9.296280e-01 2.078693e+01
8.430000e+01 9.296818e-01 2.077686e+01
8.440000e+01 9.297313e-01 2.076783e+01
8.450000e+01 9.297784e-01 2.075936e+01
8.460000e+01 9.298232e-01 2.075143e+01
8.470000e+01 9.298658e-01 2.074405e+01
8.480000e+01 9.299053e-01 2.073740e+01
8.490000e+01 9.299443e-01 2.073089e+01
8.500000e+01 9.299809e-01 2.072495e+01
8.510000e+01 9.300131e-01 2.072003e+01
8.520000e+01 9.300459e-01 2.071501e+01
8.530000e+01 9.300786e-01 2.071008e+01
8.540000e+01 9.301070e-01 2.070612e+01
8.550000e+01 9.301341e-01 2.070249e+01
8.560000e+01 9.301594e-01 2.069929e+01
8.570000e+01 9.301828e-01 2.069657e+01
8.580000e+01 9.302040e-01 2.069434e+01
8.590000e+01 9.302233e-01 2.069260e+01
8.600000e+01 9.302410e-01 2.069124e+01
8.610000e+01 9.302567e-01 2.069034e+01
8.620000e+01 9.302707e-01 2.068987e+01
8.630000e+01 9.302827e-01 2.068988e+01
8.640000e+01 9.302930e-01 2.069028e+01
8.650000e+01 9.303014e-01 2.069114e+01
8.660000e+01 9.303069e-01 2.069268e+01
8.670000e+01 9.302994e-01 2.069717e+01
8.680000e+01 9.303149e-01 2.069652e+01
8.690000e+01 9.303206e-01 2.069815e+01
8.700000e+01 9.303224e-01 2.070065e+01
8.710000e+01 9.303221e-01 2.070365e+01
8.720000e+01 9.303200e-01 2.070707e+01
8.730000e+01 9.303163e-01 2.071088e+01
8.740000e+01 9.303111e-01 2.071506e+01
8.750000e+01 9.303043e-01 2.071962e+01
8.760000e+01 9.302958e-01 2.072457e+01
8.770000e+01 9.302843e-01 2.073025e+01
8.780000e+01 9.302747e-01 2.073550e+01
8.790000e+01 9.302618e-01 2.074153e+01
8.800000e+01 9.302472e-01 2.074797e+01
8.810000e+01 9.302327e-01 2.075440e+01
8.820000e+01 9.302158e-01 2.076139e+01
8.830000e+01 9.301972e-01 2.076879e+01
8.840000e+01 9.301766e-01 2.077666e+01
8.850000e+01 9.301511e-01 2.078564e+01
8.860000e+01 9.301279e-01 2.079414e+01
8.870000e+01 9.301092e-01 2.080170e+01
8.880000e+01 9.300860e-01 2.081027e+01
8.890000e+01 9.300603e-01 2.081941e+01
8.900000e+01 9.300331e-01 2.082892e+01
8.910000e+01 9.300043e-01 2.083878e+01
8.920000e+01 9.299739e-01 2.084904e+01
8.930000e+01 9.299426e-01 2.085953e+01
8.940000e+01 9.299106e-01 2.087020e+01
8.950000e+01 9.298769e-01 2.088127e+01
8.960000e+01 9.298419e-01 2.089266e+01
8.970000e+01 9.298055e-01 2.090436e+01
8.980000e+01 9.297678e-01 2.091640e+01
8.990000e+01 9.297281e-01 2.092890e+01
9.000000e+01 9.296692e-01 2.094593e+01
9.010000e+01 9.296451e-01 2.095473e+01
9.020000e+01 9.296020e-01 2.096805e+01
9.030000e+01 9.295431e-01 2.098493e+01
9.040000e+01 9.295115e-01 2.099570e+01
9.050000e+01 9.294699e-01 2.100877e+01
9.060000e+01 9.294228e-01 2.102308e+01
9.070000e+01 9.293700e-01 2.103862e+01
9.080000e+01 9.292934e-01 2.105963e+01
9.090000e+01 9.292644e-01 2.106985e+01
9.100000e+01 9.292110e-01 2.108569e+01
9.110000e+01 9.291667e-01 2.109947e+01
9.120000e+01 9.291156e-01 2.111480e+01
9.130000e+01 9.290630e-01 2.113050e+01
9.140000e+01 9.290096e-01 2.114638e+01
9.150000e+01 9.289533e-01 2.116293e+01
9.160000e+01 9.288953e-01 2.117987e+01
9.170000e+01 9.288359e-01 2.119714e+01
9.180000e+01 9.287754e-01 2.121467e+01
9.190000e+01 9.287132e-01 2.123259e+01
9.200000e+01 9.286496e-01 2.125086e+01
9.210000e+01 9.285844e-01 2.126946e+01
9.220000e+01 9.285179e-01 2.128840e+01
9.230000e+01 9.284501e-01 2.130765e+01
9.240000e+01 9.283820e-01 2.132698e+01
9.250000e+01 9.283139e-01 2.134633e+01
9.260000e+01 9.282424e-01 2.136644e+01
9.270000e+01 9.281685e-01 2.138707e+01
9.280000e+01 9.280922e-01 2.140825e+01
9.290000e+01 9.280129e-01 2.143008e+01
9.300000e+01 9.279299e-01 2.145273e+01
9.310000e+01 9.278415e-01 2.147653e+01
9.320000e+01 9.277450e-01 2.150205e+01
9.330000e+01 9.276332e-01 2.153086e+01
9.340000e+01 9.275134e-01 2.156122e+01
9.350000e+01 9.273607e-01 2.159848e+01
9.360000e+01 9.271268e-01 2.165288e+01
9.370000e+01 9.266648e-01 2.175589e+01
9.380000e+01 9.250244e-01 2.211730e+01
9.390000e+01 9.239421e-01 2.235628e+01
9.400000e+01 9.244979e-01 2.224186e+01
9.410000e+01 9.262627e-01 2.186260e+01
9.420000e+01 9.266048e-01 2.179564e+01
9.430000e+01 9.266868e-01 2.178416e+01
9.440000e+01 9.266792e-01 2.179160e+01
9.450000e+01 9.266218e-01 2.180972e+01
9.460000e+01 9.265808e-01 2.182385e+01
9.470000e+01 9.265070e-01 2.184517e+01
9.480000e+01 9.264282e-01 2.186755e+01
9.490000e+01 9.263484e-01 2.189010e+01
9.500000e+01 9.262601e-01 2.191448e+01
9.510000e+01 9.261654e-01 2.194023e+01
9.520000e+01 9.260648e-01 2.196727e+01
9.530000e+01 9.259568e-01 2.199586e+01
9.540000e+01 9.258376e-01 2.202683e+01
9.550000e+01 9.257032e-01 2.206100e+01
9.560000e+01 9.255323e-01 2.210294e+01
9.570000e+01 9.252497e-01 2.216881e+01
9.580000e+01 9.235400e-01 2.256574e+01
9.590000e+01 9.248306e-01 2.226851e+01
9.600000e+01 9.245126e-01 2.234119e+01
9.610000e+01 9.235494e-01 2.255233e+01
9.620000e+01 9.186554e-01 2.364021e+01
9.630000e+01 9.218568e-01 2.293127e+01
9.640000e+01 9.237970e-01 2.251694e+01
9.650000e+01 9.242532e-01 2.242655e+01
9.660000e+01 9.243795e-01 2.240653e+01
9.670000e+01 9.243892e-01 2.241112e+01
9.680000e+01 9.243459e-01 2.242683e+01
9.690000e+01 9.242727e-01 2.244884e+01
9.700000e+01 9.242024e-01 2.247005e+01
9.710000e+01 9.241113e-01 2.249579e+01
9.720000e+01 9.240155e-01 2.252245e+01
9.730000e+01 9.239122e-01 2.255076e+01
9.740000e+01 9.238010e-01 2.258080e+01
9.750000e+01 9.236886e-01 2.261109e+01
9.760000e+01 9.235790e-01 2.264077e+01
9.770000e+01 9.234611e-01 2.267226e+01
9.780000e+01 9.233352e-01 2.270552e+01
9.790000e+01 9.231595e-01 2.275001e+01
9.800000e+01 9.230812e-01 2.277265e+01
9.810000e+01 9.229805e-01 2.280052e+01
9.820000e+01 9.228614e-01 2.283242e+01
9.830000e+01 9.227339e-01 2.286620e+01
9.840000e+01 9.226079e-01 2.289965e+01
9.850000e+01 9.224790e-01 2.293374e+01
9.860000e+01 9.223427e-01 2.296950e+01
9.870000e+01 9.222087e-01 2.300479e+01
9.880000e+01 9.220742e-01 2.304019e+01
9.890000e+01 9.219331e-01 2.307705e+01
9.900000e+01 9.217863e-01 2.311517e+01
9.910000e+01 9.216195e-01 2.315759e+01
9.920000e+01 9.213380e-01 2.322529e+01
9.930000e+01 9.212095e-01 2.325947e+01
9.940000e+01 9.211775e-01 2.327268e+01
9.950000e+01 9.210448e-01 2.330798e+01
9.960000e+01 9.208916e-01 2.334773e+01
9.970000e+01 9.207197e-01 2.339151e+01
9.980000e+01 9.205527e-01 2.343416e+01
9.990000e+01 9.203847e-01 2.347701e+01
1.000000e+02 9.202034e-01 2.352261e+01
1.001000e+02 9.200048e-01 2.357179e+01
1.002000e+02 9.197811e-01 2.362623e+01
1.003000e+02 9.195382e-01 2.368433e+01
1.004000e+02 9.192194e-01 2.375864e+01
1.005000e+02 9.186073e-01 2.390138e+01
1.006000e+02 9.185806e-01 2.391101e+01
1.007000e+02 9.181861e-01 2.400895e+01
1.008000e+02 9.186753e-01 2.390532e+01
1.009000e+02 9.184943e-01 2.395415e+01
1.010000e+02 9.184727e-01 2.396371e+01
1.011000e+02 9.182968e-01 2.400846e+01
1.012000e+02 9.180622e-01 2.406562e+01
1.013000e+02 9.177767e-01 2.413302e+01
1.014000e+02 9.173543e-01 2.422925e+01
1.015000e+02 9.166236e-01 2.439057e+01
1.016000e+02 9.149095e-01 2.476258e+01
1.017000e+02 9.071993e-01 2.646142e+01
1.018000e+02 9.099990e-01 2.584468e+01
1.019000e+02 9.146103e-01 2.485024e+01
1.020000e+02 9.159049e-01 2.458264e+01
1.021000e+02 9.162619e-01 2.451629e+01
1.022000e+02 9.163301e-01 2.451110e+01
1.023000e+02 9.163095e-01 2.452412e+01
1.024000e+02 9.162217e-01 2.455137e+01
1.025000e+02 9.160971e-01 2.458635e+01
1.026000e+02 9.159523e-01 2.462558e+01
1.027000e+02 9.157927e-01 2.466797e+01
1.028000e+02 9.156232e-01 2.471244e+01
1.029000e+02 9.154426e-01 2.475931e+01
1.030000e+02 9.152513e-01 2.480851e+01
1.031000e+02 9.150373e-01 2.486267e+01
1.032000e+02 9.148283e-01 2.491569e+01
1.033000e+02 9.146249e-01 2.496742e+01
1.034000e+02 9.143703e-01 2.503028e+01
1.035000e+02 9.140704e-01 2.510289e+01
1.036000e+02 9.137543e-01 2.517869e+01
1.037000e+02 9.133486e-01 2.527299e+01
1.038000e+02 9.121697e-01 2.553544e+01
1.039000e+02 9.092826e-01 2.618690e+01
1.040000e+02 9.123588e-01 2.551108e+01
1.041000e+02 9.126529e-01 2.545755e+01
1.042000e+02 9.126011e-01 2.547832e+01
1.043000e+02 9.124410e-01 2.552214e+01
1.044000e+02 9.122501e-01 2.557244e+01
1.045000e+02 9.120560e-01 2.562330e+01
1.046000e+02 9.118407e-01 2.567878e+01
1.047000e+02 9.116152e-01 2.573650e+01
1.048000e+02 9.113818e-01 2.579593e+01
1.049000e+02 9.111413e-01 2.585697e+01
1.050000e+02 9.108951e-01 2.591931e+01
1.051000e+02 9.106426e-01 2.598309e+01
1.052000e+02 9.103718e-01 2.605100e+01
1.053000e+02 9.101246e-01 2.611367e+01
1.054000e+02 9.098644e-01 2.617931e+01
1.055000e+02 9.095979e-01 2.624642e+01
1.056000e+02 9.093262e-01 2.631475e+01
1.057000e+02 9.090494e-01 2.638427e+01
1.058000e+02 9.087678e-01 2.645490e+01
1.059000e+02 9.084816e-01 2.652665e+01
1.060000e+02 9.081897e-01 2.659973e+01
1.061000e+02 9.078945e-01 2.667359e+01
1.062000e+02 9.075916e-01 2.674927e+01
1.063000e+02 9.072879e-01 2.682518e+01
1.064000e+02 9.069764e-01 2.690289e+01
1.065000e+02 9.066590e-01 2.698201e+01
1.066000e+02 9.063284e-01 2.706416e+01
1.067000e+02 9.060082e-01 2.714404e+01
1.068000e+02 9.056773e-01 2.722643e+01
1.069000e+02 9.053384e-01 2.731069e+01
1.070000e+02 9.049927e-01 2.739654e+01
1.071000e+02 9.046400e-01 2.748403e+01
1.072000e+02 9.042746e-01 2.757452e+01
1.073000e+02 9.039117e-01 2.766439e+01
1.074000e+02 9.035310e-01 2.775846e+01
1.075000e+02 9.031613e-01 2.785014e+01
1.076000e+02 9.027751e-01 2.794562e+01
1.077000e+02 9.023795e-01 2.804331e+01
1.078000e+02 9.019737e-01 2.814336e+01
1.079000e+02 9.015519e-01 2.824703e+01
1.080000e+02 9.011064e-01 2.835620e+01
1.081000e+02 9.007065e-01 2.845534e+01
1.082000e+02 9.002723e-01 2.856228e+01
1.083000e+02 8.998246e-01 2.867234e+01
1.084000e+02 8.993646e-01 2.878524e+01
1.085000e+02 8.988933e-01 2.890079e+01
1.086000e+02 8.984095e-01 2.901926e+01
1.087000e+02 8.979124e-01 2.914082e+01
1.088000e+02 8.974005e-01 2.926579e+01
1.089000e+02 8.968717e-01 2.939461e+01
1.090000e+02 8.963224e-01 2.952805e+01
1.091000e+02 8.957457e-01 2.966757e+01
1.092000e+02 8.951261e-01 2.981642e+01
1.093000e+02 8.944183e-01 2.998427e+01
1.094000e+02 8.934978e-01 3.019755e+01
1.095000e+02 8.914009e-01 3.066775e+01
1.096000e+02 8.899205e-01 3.100861e+01
1.097000e+02 8.915113e-01 3.067637e+01
1.098000e+02 8.912732e-01 3.074684e+01
1.099000e+02 8.907371e-01 3.088125e+01
1.100000e+02 8.900908e-01 3.103930e+01
1.101000e+02 8.893755e-01 3.121228e+01
1.102000e+02 8.885955e-01 3.139928e+01
1.103000e+02 8.877389e-01 3.160275e+01
1.104000e+02 8.867703e-01 3.183016e+01
1.105000e+02 8.856124e-01 3.209756e+01
1.106000e+02 8.839836e-01 3.246484e+01
1.107000e+02 8.808827e-01 3.314747e+01
1.108000e+02 8.686809e-01 3.584142e+01
1.109000e+02 8.736094e-01 3.476750e+01
1.110000e+02 8.791528e-01 3.359194e+01
1.111000e+02 8.798710e-01 3.346885e+01
1.112000e+02 8.795976e-01 3.355726e+01
1.113000e+02 8.789377e-01 3.372793e+01
1.114000e+02 8.780944e-01 3.393789e+01
1.115000e+02 8.771407e-01 3.417189e+01
1.116000e+02 8.761103e-01 3.442287e+01
1.117000e+02 8.750122e-01 3.468915e+01
1.118000e+02 8.738503e-01 3.497006e+01
1.119000e+02 8.726492e-01 3.526015e+01
1.120000e+02 8.713847e-01 3.556498e+01
1.121000e+02 8.700636e-01 3.588308e+01
1.122000e+02 8.686848e-01 3.621478e+01
1.123000e+02 8.672458e-01 3.656066e+01
1.124000e+02 8.657435e-01 3.692146e+01
1.125000e+02 8.641736e-01 3.729824e+01
1.126000e+02 8.625227e-01 3.769399e+01
1.127000e+02 8.608038e-01 3.810583e+01
1.128000e+02 8.589095e-01 3.855788e+01
1.129000e+02 8.570832e-01 3.899603e+01
1.130000e+02 8.552053e-01 3.944738e+01
1.131000e+02 8.531756e-01 3.993371e+01
1.132000e+02 8.510408e-01 4.044485e+01
1.133000e+02 8.487923e-01 4.098279e+01
1.134000e+02 8.464158e-01 4.155084e+01
1.135000e+02 8.439383e-01 4.214323e+01
1.136000e+02 8.413464e-01 4.276311e+01
1.137000e+02 8.386037e-01 4.341858e+01
1.138000e+02 8.357095e-01 4.410996e+01
1.139000e+02 8.326511e-01 4.484025e+01
1.140000e+02 8.293641e-01 4.562434e+01
1.141000e+02 8.260124e-01 4.642496e+01
1.142000e+02 8.224033e-01 4.728624e+01
1.143000e+02 8.185684e-01 4.820102e+01
1.144000e+02 8.145268e-01 4.916530e+01
1.145000e+02 8.102177e-01 5.019286e+01
1.146000e+02 8.056134e-01 5.129002e+01
1.147000e+02 8.006712e-01 5.246646e+01
1.148000e+02 7.952994e-01 5.374228e+01
1.149000e+02 7.890780e-01 5.520978e+01
1.150000e+02 7.813137e-01 5.703304e+01
1.151000e+02 7.772952e-01 5.802970e+01
1.152000e+02 7.709118e-01 5.956204e+01
1.153000e+02 7.637846e-01 6.126609e+01
1.154000e+02 7.561046e-01 6.310160e+01
1.155000e+02 7.477853e-01 6.508878e+01
1.156000e+02 7.387996e-01 6.723485e+01
1.157000e+02 7.290912e-01 6.955368e+01
1.158000e+02 7.185908e-01 7.206218e+01
1.159000e+02 7.072321e-01 7.477671e+01
1.160000e+02 6.949143e-01 7.772156e+01
1.161000e+02 6.815409e-01 8.092026e+01
1.162000e+02 6.669989e-01 8.440041e+01
1.163000e+02 6.511987e-01 8.818467e+01
1.164000e+02 6.339759e-01 9.231283e+01
1.165000e+02 6.151946e-01 9.681872e+01
1.166000e+02 5.947011e-01 1.017408e+02
1.167000e+02 5.723292e-01 1.071209e+02
1.168000e+02 5.479146e-01 1.130011e+02
1.169000e+02 5.212791e-01 1.194276e+02
1.170000e+02 4.922598e-01 1.264441e+02
1.171000e+02 4.607160e-01 1.340902e+02
1.172000e+02 4.265467e-01 1.423978e+02
1.173000e+02 3.897446e-01 1.513790e+02
1.174000e+02 3.503705e-01 1.610316e+02
1.175000e+02 3.086834e-01 1.713094e+02
1.176000e+02 2.651663e-01 1.821161e+02
1.177000e+02 2.206054e-01 1.932861e+02
1.178000e+02 1.761560e-01 2.045672e+02
1.179000e+02 1.333693e-01 2.156116e+02
1.180000e+02 9.413783e-02 2.259829e+02
1.181000e+02 6.048336e-02 2.351981e+02
1.182000e+02 3.415611e-02 2.428102e+02
1.183000e+02 1.606114e-02 2.485334e+02
1.184000e+02 5.772955e-03 2.523550e+02
1.185000e+02 1.359174e-03 2.545892e+02
1.186000e+02 1.452240e-04 2.557339e+02
1.187000e+02 1.491139e-06 2.562079e+02
1.188000e+02 1.419438e-06 2.562018e+02
1.189000e+02 1.449106e-04 2.557146e+02
1.190000e+02 1.373794e-03 2.545512e+02
1.191000e+02 5.883684e-03 2.522786e+02
1.192000e+02 1.638609e-02 2.483922e+02
1.193000e+02 3.478835e-02 2.425854e+02
1.194000e+02 6.168830e-02 2.348345e+02
1.195000e+02 9.598300e-02 2.254704e+02
1.196000e+02 1.358866e-01 2.149476e+02
1.197000e+02 1.793177e-01 2.037624e+02
1.198000e+02 2.243366e-01 1.923608e+02
1.199000e+02 2.693320e-01 1.811037e+02
1.200000e+02 3.132476e-01 1.702196e+02
1.201000e+02 3.551891e-01 1.598987e+02
1.202000e+02 3.947044e-01 1.502295e+02
1.203000e+02 4.315626e-01 1.412515e+02
1.204000e+02 4.656962e-01 1.329682e+02
1.205000e+02 4.971290e-01 1.253637e+02
1.206000e+02 5.259758e-01 1.184026e+02
1.207000e+02 5.523897e-01 1.120426e+02
1.208000e+02 5.765403e-01 1.062382e+02
1.209000e+02 5.986115e-01 1.009423e+02
1.210000e+02 6.187847e-01 9.610858e+01
1.211000e+02 6.372228e-01 9.169602e+01
1.212000e+02 6.540842e-01 8.766515e+01
1.213000e+02 6.695214e-01 8.397835e+01
1.214000e+02 6.836722e-01 8.060183e+01
1.215000e+02 6.966537e-01 7.750672e+01
1.216000e+02 7.085724e-01 7.466694e+01
1.217000e+02 7.195368e-01 7.205630e+01
1.218000e+02 7.296488e-01 6.965029e+01
1.219000e+02 7.389583e-01 6.743624e+01
1.220000e+02 7.475769e-01 6.538790e+01
1.221000e+02 7.555378e-01 6.349670e+01
1.222000e+02 7.629074e-01 6.174673e+01
1.223000e+02 7.697392e-01 6.012517e+01
1.224000e+02 7.760800e-01 5.862074e+01
1.225000e+02 7.819714e-01 5.722346e+01
1.226000e+02 7.874464e-01 5.592533e+01
1.227000e+02 7.925462e-01 5.471649e+01
1.228000e+02 7.973019e-01 5.358955e+01
1.229000e+02 8.017275e-01 5.254086e+01
1.230000e+02 8.058396e-01 5.156612e+01
1.231000e+02 8.096323e-01 5.066599e+01
1.232000e+02 8.129581e-01 4.987256e+01
1.233000e+02 8.155449e-01 4.924378e+01
1.234000e+02 8.187628e-01 4.848238e+01
1.235000e+02 8.224793e-01 4.761653e+01
1.236000e+02 8.252724e-01 4.695494e+01
1.237000e+02 8.276310e-01 4.638916e+01
1.238000e+02 8.294477e-01 4.594117e+01
1.239000e+02 8.301241e-01 4.573803e+01
1.240000e+02 8.265185e-01 4.646197e+01
1.241000e+02 8.024318e-01 5.184772e+01
1.242000e+02 8.329778e-01 4.498757e+01
1.243000e+02 8.389246e-01 4.367983e+01
1.244000e+02 8.420440e-01 4.298074e+01
1.245000e+02 8.443150e-01 4.246300e+01
1.246000e+02 8.461962e-01 4.202915e+01
1.247000e+02 8.478364e-01 4.164782e+01
1.248000e+02 8.492899e-01 4.130747e+01
1.249000e+02 8.505635e-01 4.100661e+01
1.250000e+02 8.516210e-01 4.075267e+01
1.251000e+02 8.523465e-01 4.056971e+01
1.252000e+02 8.522999e-01 4.055137e+01
1.253000e+02 8.493784e-01 4.115378e+01
1.254000e+02 8.287487e-01 4.578553e+01
1.255000e+02 8.520038e-01 4.054720e+01
1.256000e+02 8.556956e-01 3.974550e+01
1.257000e+02 8.582292e-01 3.918610e+01
1.258000e+02 8.598530e-01 3.882699e+01
1.259000e+02 8.610668e-01 3.855618e+01
1.260000e+02 8.621644e-01 3.830828e+01
1.261000e+02 8.631039e-01 3.809516e+01
1.262000e+02 8.639579e-01 3.790046e+01
1.263000e+02 8.646866e-01 3.773330e+01
1.264000e+02 8.652312e-01 3.760793e+01
1.265000e+02 8.661784e-01 3.739267e+01
1.266000e+02 8.668702e-01 3.723486e+01
1.267000e+02 8.675014e-01 3.709067e+01
1.268000e+02 8.680924e-01 3.695566e+01
1.269000e+02 8.686490e-01 3.682856e+01
1.270000e+02 8.691728e-01 3.670907e+01
1.271000e+02 8.696746e-01 3.659473e+01
1.272000e+02 8.701457e-01 3.648751e+01
1.273000e+02 8.705857e-01 3.638743e+01
1.274000e+02 8.709882e-01 3.629588e+01
1.275000e+02 8.713822e-01 3.620655e+01
1.276000e+02 8.717771e-01 3.611730e+01
1.277000e+02 8.720814e-01 3.604836e+01
1.278000e+02 8.724331e-01 3.596863e+01
1.279000e+02 8.726867e-01 3.591055e+01
1.280000e+02 8.727549e-01 3.589248e+01
1.281000e+02 8.711963e-01 3.624777e+01
1.282000e+02 8.726094e-01 3.591722e+01
1.283000e+02 8.690494e-01 3.671632e+01
1.284000e+02 8.729521e-01 3.584120e+01
1.285000e+02 8.740925e-01 3.559536e+01
1.286000e+02 8.745968e-01 3.548735e+01
1.287000e+02 8.749379e-01 3.541420e+01
1.288000e+02 8.752146e-01 3.535480e+01
1.289000e+02 8.754561e-01 3.530306e+01
1.290000e+02 8.756739e-01 3.525656e+01
1.291000e+02 8.758775e-01 3.521325e+01
1.292000e+02 8.760647e-01 3.517366e+01
1.293000e+02 8.762389e-01 3.513706e+01
1.294000e+02 8.764012e-01 3.510316e+01
1.295000e+02 8.765422e-01 3.507421e+01
1.296000e+02 8.766979e-01 3.504195e+01
1.297000e+02 8.768341e-01 3.501420e+01
1.298000e+02 8.769489e-01 3.499136e+01
1.299000e+02 8.770803e-01 3.496489e+01
1.300000e+02 8.771945e-01 3.494236e+01
1.301000e+02 8.772992e-01 3.492207e+01
1.302000e+02 8.773943e-01 3.490399e+01
1.303000e+02 8.774860e-01 3.488673e+01
1.304000e+02 8.775689e-01 3.487152e+01
1.305000e+02 8.776435e-01 3.485822e+01
1.306000e+02 8.777085e-01 3.484710e+01
1.307000e+02 8.777589e-01 3.483920e+01
1.308000e+02 8.777741e-01 3.483894e+01
1.309000e+02 8.775967e-01 3.488091e+01
1.310000e+02 8.775801e-01 3.488827e+01
1.311000e+02 8.779185e-01 3.481801e+01
1.312000e+02 8.780117e-01 3.480170e+01
1.313000e+02 8.780658e-01 3.479384e+01
1.314000e+02 8.781046e-01 3.478934e+01
1.315000e+02 8.781262e-01 3.478873e+01
1.316000e+02 8.781602e-01 3.478533e+01
1.317000e+02 8.781808e-01 3.478498e+01
1.318000e+02 8.781875e-01 3.478781e+01
1.319000e+02 8.781973e-01 3.478991e+01
1.320000e+02 8.781947e-01 3.479486e+01
1.321000e+02 8.781978e-01 3.479845e+01
1.322000e+02 8.781686e-01 3.480914e+01
1.323000e+02 8.780425e-01 3.484088e+01
1.324000e+02 8.773986e-01 3.499023e+01
1.325000e+02 8.780861e-01 3.484086e+01
1.326000e+02 8.781503e-01 3.483196e+01
1.327000e+02 8.781570e-01 3.483549e+01
1.328000e+02 8.781455e-01 3.484296e+01
1.329000e+02 8.781205e-01 3.485336e+01
1.330000e+02 8.780504e-01 3.487373e+01
1.331000e+02 8.779984e-01 3.489038e+01
1.332000e+02 8.780389e-01 3.488639e+01
1.333000e+02 8.780208e-01 3.489559e+01
1.334000e+02 8.779903e-01 3.490748e+01
1.335000e+02 8.779534e-01 3.492082e+01
1.336000e+02 8.779141e-01 3.493472e+01
1.337000e+02 8.778739e-01 3.494887e+01
1.338000e+02 8.778287e-01 3.496413e+01
1.339000e+02 8.777770e-01 3.498087e+01
1.340000e+02 8.776656e-01 3.501138e+01
1.341000e+02 8.776743e-01 3.501431e+01
1.342000e+02 8.776272e-01 3.503018e+01
1.343000e+02 8.775715e-01 3.504795e+01
1.344000e+02 8.775074e-01 3.506757e+01
1.345000e+02 8.773423e-01 3.511105e+01
1.346000e+02 8.773872e-01 3.510525e+01
1.347000e+02 8.773310e-01 3.512330e+01
1.348000e+02 8.772676e-01 3.514295e+01
1.349000e+02 8.771991e-01 3.516378e+01
1.350000e+02 8.771324e-01 3.518419e+01
1.351000e+02 8.770618e-01 3.520552e+01
1.352000e+02 8.769888e-01 3.522739e+01
1.353000e+02 8.769138e-01 3.524971e+01
1.354000e+02 8.768366e-01 3.527257e+01
1.355000e+02 8.767570e-01 3.529596e+01
1.356000e+02 8.766755e-01 3.531979e+01
1.357000e+02 8.765895e-01 3.534463e+01
1.358000e+02 8.764973e-01 3.537087e+01
1.359000e+02 8.764113e-01 3.539565e+01
1.360000e+02 8.763113e-01 3.542354e+01
1.361000e+02 8.761790e-01 3.545846e+01
1.362000e+02 8.760702e-01 3.548820e+01
1.363000e+02 8.759013e-01 3.553122e+01
1.364000e+02 8.757906e-01 3.556132e+01
1.365000e+02 8.756914e-01 3.558841e+01
1.366000e+02 8.754684e-01 3.564209e+01
1.367000e+02 8.749947e-01 3.574908e+01
1.368000e+02 8.732091e-01 3.614171e+01
1.369000e+02 8.720197e-01 3.641057e+01
1.370000e+02 8.745551e-01 3.586343e+01
1.371000e+02 8.749480e-01 3.578738e+01
1.372000e+02 8.750356e-01 3.577634e+01
1.373000e+02 8.750206e-01 3.578696e+01
1.374000e+02 8.749635e-01 3.580643e+01
1.375000e+02 8.748864e-01 3.583011e+01
1.376000e+02 8.748108e-01 3.585338e+01
1.377000e+02 8.747218e-01 3.587951e+01
1.378000e+02 8.746270e-01 3.590690e+01
1.379000e+02 8.745276e-01 3.593528e+01
1.380000e+02 8.744219e-01 3.596502e+01
1.381000e+02 8.742548e-01 3.600908e+01
1.382000e+02 8.741893e-01 3.602939e+01
1.383000e+02 8.741077e-01 3.605370e+01
1.384000e+02 8.740029e-01 3.608330e+01
1.385000e+02 8.738925e-01 3.611413e+01
1.386000e+02 8.737755e-01 3.614639e+01
1.387000e+02 8.736246e-01 3.618622e+01
1.388000e+02 8.734534e-01 3.623084e+01
1.389000e+02 8.734224e-01 3.624376e+01
1.390000e+02 8.733015e-01 3.627704e+01
1.391000e+02 8.731344e-01 3.632096e+01
1.392000e+02 8.730895e-01 3.633703e+01
1.393000e+02 8.729785e-01 3.636815e+01
1.394000e+02 8.728605e-01 3.640080e+01
1.395000e+02 8.727385e-01 3.643431e+01
1.396000e+02 8.726066e-01 3.647005e+01
1.397000e+02 8.724745e-01 3.650566e+01
1.398000e+02 8.722790e-01 3.655531e+01
1.399000e+02 8.721533e-01 3.658953e+01
1.400000e+02 8.719169e-01 3.664940e+01
1.401000e+02 8.719591e-01 3.664585e+01
1.402000e+02 8.718456e-01 3.667763e+01
1.403000e+02 8.717087e-01 3.671455e+01
1.404000e+02 8.715848e-01 3.674849e+01
1.405000e+02 8.714421e-01 3.678653e+01
1.406000e+02 8.712788e-01 3.682894e+01
1.407000e+02 8.710262e-01 3.689069e+01
1.408000e+02 8.707277e-01 3.696316e+01
1.409000e+02 8.708168e-01 3.695040e+01
1.410000e+02 8.706967e-01 3.698368e+01
1.411000e+02 8.705404e-01 3.702465e+01
1.412000e+02 8.703630e-01 3.707002e+01
1.413000e+02 8.701647e-01 3.711975e+01
1.414000e+02 8.699421e-01 3.717445e+01
1.415000e+02 8.696756e-01 3.723825e+01
1.416000e+02 8.693400e-01 3.731634e+01
1.417000e+02 8.688830e-01 3.741959e+01
1.418000e+02 8.681932e-01 3.757112e+01
1.419000e+02 8.669550e-01 3.783742e+01
1.420000e+02 8.641235e-01 3.844121e+01
1.421000e+02 8.540870e-01 4.060482e+01
1.422000e+02 8.329314e-01 4.530478e+01
1.423000e+02 8.606346e-01 3.920732e+01
1.424000e+02 8.652777e-01 3.823077e+01
1.425000e+02 8.668069e-01 3.791964e+01
1.426000e+02 8.674433e-01 3.779628e+01
1.427000e+02 8.677289e-01 3.774604e+01
1.428000e+02 8.678486e-01 3.773016e+01
1.429000e+02 8.678789e-01 3.773277e+01
1.430000e+02 8.678563e-01 3.774629e+01
1.431000e+02 8.678005e-01 3.776671e+01
1.432000e+02 8.677226e-01 3.779167e+01
1.433000e+02 8.676284e-01 3.782003e+01
1.434000e+02 8.675228e-01 3.785076e+01
1.435000e+02 8.674073e-01 3.788357e+01
1.436000e+02 8.672834e-01 3.791813e+01
1.437000e+02 8.671512e-01 3.795445e+01
1.438000e+02 8.670046e-01 3.799385e+01
1.439000e+02 8.667826e-01 3.805023e+01
1.440000e+02 8.667033e-01 3.807429e+01
1.441000e+02 8.665620e-01 3.811234e+01
1.442000e+02 8.663919e-01 3.815655e+01
1.443000e+02 8.661987e-01 3.820556e+01
1.444000e+02 8.659696e-01 3.826203e+01
1.445000e+02 8.656786e-01 3.833135e+01
1.446000e+02 8.652516e-01 3.842905e+01
1.447000e+02 8.644691e-01 3.860168e+01
1.448000e+02 8.623437e-01 3.906245e+01
1.449000e+02 8.500138e-01 4.180574e+01
1.450000e+02 8.603833e-01 3.950056e+01
1.451000e+02 8.634901e-01 3.884227e+01
1.452000e+02 8.642459e-01 3.869211e+01
1.453000e+02 8.644752e-01 3.865333e+01
1.454000e+02 8.645121e-01 3.865493e+01
1.455000e+02 8.644851e-01 3.866960e+01
1.456000e+02 8.644144e-01 3.869338e+01
1.457000e+02 8.643185e-01 3.872243e+01
1.458000e+02 8.642075e-01 3.875458e+01
1.459000e+02 8.640823e-01 3.878974e+01
1.460000e+02 8.639312e-01 3.883045e+01
1.461000e+02 8.637813e-01 3.887098e+01
1.462000e+02 8.636867e-01 3.889935e+01
1.463000e+02 8.635553e-01 3.893579e+01
1.464000e+02 8.634161e-01 3.897390e+01
1.465000e+02 8.632783e-01 3.901168e+01
1.466000e+02 8.631354e-01 3.905059e+01
1.467000e+02 8.629889e-01 3.909027e+01
1.468000e+02 8.628423e-01 3.912995e+01
1.469000e+02 8.626918e-01 3.917050e+01
1.470000e+02 8.625472e-01 3.920976e+01
1.471000e+02 8.623974e-01 3.925017e+01
1.472000e+02 8.622454e-01 3.929105e+01
1.473000e+02 8.620922e-01 3.933219e+01
1.474000e+02 8.619329e-01 3.937473e+01
1.475000e+02 8.617804e-01 3.941566e+01
1.476000e+02 8.616177e-01 3.945891e+01
1.477000e+02 8.614600e-01 3.950098e+01
1.478000e+02 8.612960e-01 3.954445e+01
1.479000e+02 8.611258e-01 3.958923e+01
1.480000e+02 8.609456e-01 3.963611e+01
1.481000e+02 8.607429e-01 3.968788e+01
1.482000e+02 8.605557e-01 3.973603e+01
1.483000e+02 8.603312e-01 3.979204e+01
1.484000e+02 8.600428e-01 3.986144e+01
1.485000e+02 8.596094e-01 3.996130e+01
1.486000e+02 8.587136e-01 4.015960e+01
1.487000e+02 8.550568e-01 4.096328e+01
1.488000e+02 8.556763e-01 4.083417e+01
1.489000e+02 8.583439e-01 4.026475e+01
1.490000e+02 8.588312e-01 4.017111e+01
1.491000e+02 8.589139e-01 4.016348e+01
1.492000e+02 8.588651e-01 4.018346e+01
1.493000e+02 8.587586e-01 4.021551e+01
1.494000e+02 8.586150e-01 4.025535e+01
1.495000e+02 8.584624e-01 4.029700e+01
1.496000e+02 8.583022e-01 4.034020e+01
1.497000e+02 8.581260e-01 4.038682e+01
1.498000e+02 8.579316e-01 4.043736e+01
1.499000e+02 8.577309e-01 4.048907e+01
1.500000e+02 8.575010e-01 4.054706e+01
1.501000e+02 8.572604e-01 4.060722e+01
1.502000e+02 8.570405e-01 4.066242e+01
1.503000e+02 8.567622e-01 4.073002e+01
1.504000e+02 8.564684e-01 4.079996e+01
1.505000e+02 8.561058e-01 4.088388e+01
1.506000e+02 8.556291e-01 4.099127e+01
1.507000e+02 8.547460e-01 4.118840e+01
1.508000e+02 8.548666e-01 4.117049e+01
1.509000e+02 8.552570e-01 4.109751e+01
1.510000e+02 8.553723e-01 4.108438e+01
1.511000e+02 8.553884e-01 4.109164e+01
1.512000e+02 8.553961e-01 4.109955e+01
1.513000e+02 8.553558e-01 4.111735e+01
1.514000e+02 8.552903e-01 4.114019e+01
1.515000e+02 8.552067e-01 4.116663e+01
1.516000e+02 8.551090e-01 4.119597e+01
1.517000e+02 8.550017e-01 4.122727e+01
1.518000e+02 8.548849e-01 4.126057e+01
1.519000e+02 8.547592e-01 4.129577e+01
1.520000e+02 8.545893e-01 4.134122e+01
1.521000e+02 8.544963e-01 4.136867e+01
1.522000e+02 8.543599e-01 4.140620e+01
1.523000e+02 8.542180e-01 4.144493e+01
1.524000e+02 8.540721e-01 4.148454e+01
1.525000e+02 8.539216e-01 4.152519e+01
1.526000e+02 8.537709e-01 4.156586e+01
1.527000e+02 8.536161e-01 4.160744e+01
1.528000e+02 8.534573e-01 4.164987e+01
1.529000e+02 8.532943e-01 4.169323e+01
1.530000e+02 8.531201e-01 4.173911e+01
1.531000e+02 8.529497e-01 4.178394e+01
1.532000e+02 8.527688e-01 4.183109e+01
1.533000e+02 8.525780e-01 4.188022e+01
1.534000e+02 8.523605e-01 4.193501e+01
1.535000e+02 8.520974e-01 4.199936e+01
1.536000e+02 8.517280e-01 4.208610e+01
1.537000e+02 8.506016e-01 4.233969e+01
1.538000e+02 8.505230e-01 4.235804e+01
1.539000e+02 8.487032e-01 4.275672e+01
1.540000e+02 8.448713e-01 4.359849e+01
1.541000e+02 8.465826e-01 4.323316e+01
1.542000e+02 8.497202e-01 4.256329e+01
1.543000e+02 8.503555e-01 4.243865e+01
1.544000e+02 8.505242e-01 4.241294e+01
1.545000e+02 8.505237e-01 4.242282e+01
1.546000e+02 8.504540e-01 4.244710e+01
1.547000e+02 8.503499e-01 4.247851e+01
1.548000e+02 8.502265e-01 4.251392e+01
1.549000e+02 8.500914e-01 4.255177e+01
1.550000e+02 8.499485e-01 4.259122e+01
1.551000e+02 8.498003e-01 4.263179e+01
1.552000e+02 8.496480e-01 4.267321e+01
1.553000e+02 8.494926e-01 4.271530e+01
1.554000e+02 8.493343e-01 4.275798e+01
1.555000e+02 8.491732e-01 4.280126e+01
1.556000e+02 8.490087e-01 4.284527e+01
1.557000e+02 8.488387e-01 4.289042e+01
1.558000e+02 8.486564e-01 4.293819e+01
1.559000e+02 8.484415e-01 4.299292e+01
1.560000e+02 8.481497e-01 4.306408e+01
1.561000e+02 8.464168e-01 4.346501e+01
1.562000e+02 8.477912e-01 4.315855e+01
1.563000e+02 8.477934e-01 4.316690e+01
1.564000e+02 8.476612e-01 4.320421e+01
1.565000e+02 8.474131e-01 4.326770e+01
1.566000e+02 8.473587e-01 4.328682e+01
1.567000e+02 8.472019e-01 4.332939e+01
1.568000e+02 8.470547e-01 4.336966e+01
1.569000e+02 8.468932e-01 4.341311e+01
1.570000e+02 8.467180e-01 4.345966e+01
1.571000e+02 8.465593e-01 4.350234e+01
1.572000e+02 8.463741e-01 4.355087e+01
1.573000e+02 8.461568e-01 4.360671e+01
1.574000e+02 8.460560e-01 4.363676e+01
1.575000e+02 8.459012e-01 4.367883e+01
1.576000e+02 8.457390e-01 4.372248e+01
1.577000e+02 8.455739e-01 4.376675e+01
1.578000e+02 8.454076e-01 4.381128e+01
1.579000e+02 8.452405e-01 4.385597e+01
1.580000e+02 8.450727e-01 4.390082e+01
1.581000e+02 8.449041e-01 4.394586e+01
1.582000e+02 8.447337e-01 4.399126e+01
1.583000e+02 8.445602e-01 4.403735e+01
1.584000e+02 8.443799e-01 4.408487e+01
1.585000e+02 8.441379e-01 4.414614e+01
1.586000e+02 8.439945e-01 4.418581e+01
1.587000e+02 8.438792e-01 4.421892e+01
1.588000e+02 8.437142e-01 4.426327e+01
1.589000e+02 8.435505e-01 4.430727e+01
1.590000e+02 8.433812e-01 4.435250e+01
1.591000e+02 8.432040e-01 4.439947e+01
1.592000e+02 8.430242e-01 4.444697e+01
1.593000e+02 8.428599e-01 4.449109e+01
1.594000e+02 8.426995e-01 4.453439e+01
1.595000e+02 8.425108e-01 4.458397e+01
1.596000e+02 8.423536e-01 4.462651e+01
1.597000e+02 8.421929e-01 4.466988e+01
1.598000e+02 8.420219e-01 4.471550e+01
1.599000e+02 8.418396e-01 4.476359e+01
1.600000e+02 8.416706e-01 4.480878e+01
1.601000e+02 8.415064e-01 4.485297e+01
1.602000e+02 8.413362e-01 4.489846e+01
1.603000e+02 8.411690e-01 4.494325e+01
1.604000e+02 8.409876e-01 4.499125e+01
1.605000e+02 8.408215e-01 4.503579e+01
1.606000e+02 8.406548e-01 4.508049e+01
1.607000e+02 8.404840e-01 4.512611e+01
1.608000e+02 8.403117e-01 4.517207e+01
1.609000e+02 8.401378e-01 4.521835e+01
1.610000e+02 8.399580e-01 4.526602e+01
1.611000e+02 8.397627e-01 4.531720e+01
1.612000e+02 8.396110e-01 4.535835e+01
1.613000e+02 8.394297e-01 4.540633e+01
1.614000e+02 8.392694e-01 4.544965e+01
1.615000e+02 8.390980e-01 4.549545e+01
1.616000e+02 8.389244e-01 4.554170e+01
1.617000e+02 8.387500e-01 4.558814e+01
1.618000e+02 8.385747e-01 4.563479e+01
1.619000e+02 8.383973e-01 4.568191e+01
1.620000e+02 8.382240e-01 4.572809e+01
1.621000e+02 8.380480e-01 4.577489e+01
1.622000e+02 8.378706e-01 4.582197e+01
1.623000e+02 8.376875e-01 4.587038e+01
1.624000e+02 8.375157e-01 4.591621e+01
1.625000e+02 8.373384e-01 4.596329e+01
1.626000e+02 8.371593e-01 4.601077e+01
1.627000e+02 8.369807e-01 4.605813e+01
1.628000e+02 8.368002e-01 4.610593e+01
1.629000e+02 8.366179e-01 4.615409e+01
1.630000e+02 8.364339e-01 4.620261e+01
1.631000e+02 8.362438e-01 4.625245e+01
1.632000e+02 8.360267e-01 4.630820e+01
1.633000e+02 8.358315e-01 4.635920e+01
1.634000e+02 8.356844e-01 4.639961e+01
1.635000e+02 8.355013e-01 4.644794e+01
1.636000e+02 8.353073e-01 4.649863e+01
1.637000e+02 8.351144e-01 4.654900e+01
1.638000e+02 8.349149e-01 4.660077e+01
1.639000e+02 8.347081e-01 4.665409e+01
1.640000e+02 8.344895e-01 4.670994e+01
1.641000e+02 8.342665e-01 4.676650e+01
1.642000e+02 8.340238e-01 4.682724e+01
1.643000e+02 8.337564e-01 4.689306e+01
1.644000e+02 8.334492e-01 4.696711e+01
1.645000e+02 8.330722e-01 4.705563e+01
1.646000e+02 8.325540e-01 4.717352e+01
1.647000e+02 8.316833e-01 4.736572e+01
1.648000e+02 8.298454e-01 4.776453e+01
1.649000e+02 8.235288e-01 4.914341e+01
1.650000e+02 8.228307e-01 4.930360e+01
1.651000e+02 8.290587e-01 4.795705e+01
1.652000e+02 8.301765e-01 4.772960e+01
1.653000e+02 8.302218e-01 4.772975e+01
1.654000e+02 8.297141e-01 4.784486e+01
1.655000e+02 8.284638e-01 4.811498e+01
1.656000e+02 8.254430e-01 4.875808e+01
1.657000e+02 8.149639e-01 5.100632e+01
1.658000e+02 7.749969e-01 5.992443e+01
1.659000e+02 8.197255e-01 5.000162e+01
1.660000e+02 8.261307e-01 4.865406e+01
1.661000e+02 8.281310e-01 4.824705e+01
1.662000e+02 8.287539e-01 4.813281e+01
1.663000e+02 8.293218e-01 4.802177e+01
1.664000e+02 8.295037e-01 4.799453e+01
1.665000e+02 8.295237e-01 4.800119e+01
1.666000e+02 8.293545e-01 4.804925e+01
1.667000e+02 8.294318e-01 4.804119e+01
1.668000e+02 8.293434e-01 4.806985e+01
1.669000e+02 8.292200e-01 4.810581e+01
1.670000e+02 8.290710e-01 4.814710e+01
1.671000e+02 8.288928e-01 4.819452e+01
1.672000e+02 8.286842e-01 4.824815e+01
1.673000e+02 8.283984e-01 4.831809e+01
1.674000e+02 8.279459e-01 4.842301e+01
1.675000e+02 8.266618e-01 4.870831e+01
1.676000e+02 8.245231e-01 4.919065e+01
1.677000e+02 8.271523e-01 4.862061e+01
1.678000e+02 8.274980e-01 4.855714e+01
1.679000e+02 8.275139e-01 4.856408e+01
1.680000e+02 8.274320e-01 4.859157e+01
1.681000e+02 8.273079e-01 4.862788e+01
1.682000e+02 8.271652e-01 4.866803e+01
1.683000e+02 8.270101e-01 4.871075e+01
1.684000e+02 8.268474e-01 4.875504e+01
1.685000e+02 8.266786e-01 4.880062e+01
1.686000e+02 8.265030e-01 4.884764e+01
1.687000e+02 8.263218e-01 4.889579e+01
1.688000e+02 8.261178e-01 4.894881e+01
1.689000e+02 8.258029e-01 4.902601e+01
1.690000e+02 8.254275e-01 4.911739e+01
1.691000e+02 8.255517e-01 4.909835e+01
1.692000e+02 8.254362e-01 4.913240e+01
1.693000e+02 8.252759e-01 4.917618e+01
1.694000e+02 8.251063e-01 4.922192e+01
1.695000e+02 8.249283e-01 4.926946e+01
1.696000e+02 8.247398e-01 4.931926e+01
1.697000e+02 8.245565e-01 4.936785e+01
1.698000e+02 8.243384e-01 4.942402e+01
1.699000e+02 8.241468e-01 4.947446e+01
1.700000e+02 8.239283e-01 4.953146e+01
1.701000e+02 8.238403e-01 4.955889e+01
1.702000e+02 8.236685e-01 4.960517e+01
1.703000e+02 8.233961e-01 4.967474e+01
1.704000e+02 8.233161e-01 4.969957e+01
1.705000e+02 8.231413e-01 4.974645e+01
1.706000e+02 8.229613e-01 4.979447e+01
1.707000e+02 8.227788e-01 4.984299e+01
1.708000e+02 8.225942e-01 4.989198e+01
1.709000e+02 8.224057e-01 4.994178e+01
1.710000e+02 8.222047e-01 4.999429e+01
1.711000e+02 8.219972e-01 5.004815e+01
1.712000e+02 8.217839e-01 5.010321e+01
1.713000e+02 8.215158e-01 5.017004e+01
1.714000e+02 8.204700e-01 5.041229e+01
1.715000e+02 8.211163e-01 5.027459e+01
1.716000e+02 8.210598e-01 5.029630e+01
1.717000e+02 8.209199e-01 5.033577e+01
1.718000e+02 8.207499e-01 5.038176e+01
1.719000e+02 8.205715e-01 5.042953e+01
1.720000e+02 8.203890e-01 5.047815e+01
1.721000e+02 8.202043e-01 5.052724e+01
1.722000e+02 8.200161e-01 5.057710e+01
1.723000e+02 8.198265e-01 5.062725e+01
1.724000e+02 8.196405e-01 5.067660e+01
1.725000e+02 8.194495e-01 5.072704e+01
1.726000e+02 8.192555e-01 5.077812e+01
1.727000e+02 8.190567e-01 5.083023e+01
1.728000e+02 8.188399e-01 5.088629e+01
1.729000e+02 8.186476e-01 5.093681e+01
1.730000e+02 8.184328e-01 5.099221e+01
1.731000e+02 8.181942e-01 5.105260e+01
1.732000e+02 8.179075e-01 5.112308e+01
1.733000e+02 8.174512e-01 5.123034e+01
1.734000e+02 8.166219e-01 5.141680e+01
1.735000e+02 8.137833e-01 5.206039e+01
1.736000e+02 8.165529e-01 5.145056e+01
1.737000e+02 8.168117e-01 5.140569e+01
1.738000e+02 8.167664e-01 5.142597e+01
1.739000e+02 8.166336e-01 5.146470e+01
1.740000e+02 8.164640e-01 5.151113e+01
1.741000e+02 8.162753e-01 5.156155e+01
1.742000e+02 8.160685e-01 5.161587e+01
1.743000e+02 8.158593e-01 5.167056e+01
1.744000e+02 8.156359e-01 5.172833e+01
1.745000e+02 8.153889e-01 5.179117e+01
1.746000e+02 8.151428e-01 5.185367e+01
1.747000e+02 8.148746e-01 5.192086e+01
1.748000e+02 8.145681e-01 5.199604e+01
1.749000e+02 8.141895e-01 5.208628e+01
1.750000e+02 8.136414e-01 5.221213e+01
1.751000e+02 8.124247e-01 5.248123e+01
1.752000e+02 8.076853e-01 5.354435e+01
1.753000e+02 8.111849e-01 5.276123e+01
1.754000e+02 8.077612e-01 5.351373e+01
1.755000e+02 8.082354e-01 5.341675e+01
1.756000e+02 8.108327e-01 5.286213e+01
1.757000e+02 8.109112e-01 5.285291e+01
1.758000e+02 8.101603e-01 5.302088e+01
1.759000e+02 8.099019e-01 5.308731e+01
1.760000e+02 8.107493e-01 5.291873e+01
1.761000e+02 8.110634e-01 5.286632e+01
1.762000e+02 8.111892e-01 5.285260e+01
1.763000e+02 8.112344e-01 5.285462e+01
1.764000e+02 8.111159e-01 5.289244e+01
1.765000e+02 8.112235e-01 5.287783e+01
1.766000e+02 8.111831e-01 5.289617e+01
1.767000e+02 8.111038e-01 5.292262e+01
1.768000e+02 8.109938e-01 5.295551e+01
1.769000e+02 8.108822e-01 5.298862e+01
1.770000e+02 8.107579e-01 5.302445e+01
1.771000e+02 8.106328e-01 5.306035e+01
1.772000e+02 8.104948e-01 5.309908e+01
1.773000e+02 8.103472e-01 5.313990e+01
1.774000e+02 8.101873e-01 5.318346e+01
1.775000e+02 8.100359e-01 5.322507e+01
1.776000e+02 8.098758e-01 5.326865e+01
1.777000e+02 8.097103e-01 5.331341e+01
1.778000e+02 8.095389e-01 5.335950e+01
1.779000e+02 8.093597e-01 5.340736e+01
1.780000e+02 8.091974e-01 5.345141e+01
1.781000e+02 8.090263e-01 5.349745e+01
1.782000e+02 8.088495e-01 5.354476e+01
1.783000e+02 8.086677e-01 5.359313e+01
1.784000e+02 8.084755e-01 5.364376e+01
1.785000e+02 8.082350e-01 5.370482e+01
1.786000e+02 8.078638e-01 5.379539e+01
1.787000e+02 8.078752e-01 5.380127e+01
1.788000e+02 8.077552e-01 5.383617e+01
1.789000e+02 8.075889e-01 5.388137e+01
1.790000e+02 8.074119e-01 5.392889e+01
1.791000e+02 8.072311e-01 5.397721e+01
1.792000e+02 8.070481e-01 5.402602e+01
1.793000e+02 8.068641e-01 5.407504e+01
1.794000e+02 8.066787e-01 5.412435e+01
1.795000e+02 8.064915e-01 5.417406e+01
1.796000e+02 8.063022e-01 5.422422e+01
1.797000e+02 8.061084e-01 5.427533e+01
1.798000e+02 8.059023e-01 5.432905e+01
1.799000e+02 8.056418e-01 5.439449e+01
1.800000e+02 8.043171e-01 5.470897e+01
1.801000e+02 8.052684e-01 5.449376e+01
1.802000e+02 8.051537e-01 5.452804e+01
1.803000e+02 8.049856e-01 5.457379e+01
1.804000e+02 8.048031e-01 5.462262e+01
1.805000e+02 8.046195e-01 5.467163e+01
1.806000e+02 8.044313e-01 5.472166e+01
1.807000e+02 8.042443e-01 5.477140e+01
1.808000e+02 8.040550e-01 5.482165e+01
1.809000e+02 8.038602e-01 5.487306e+01
1.810000e+02 8.036386e-01 5.493043e+01
1.811000e+02 8.034611e-01 5.497807e+01
1.812000e+02 8.032903e-01 5.502426e+01
1.813000e+02 8.031006e-01 5.507463e+01
1.814000e+02 8.028978e-01 5.512786e+01
1.815000e+02 8.027127e-01 5.517720e+01
1.816000e+02 8.025244e-01 5.522724e+01
1.817000e+02 8.023297e-01 5.527869e+01
1.818000e+02 8.021318e-01 5.533080e+01
1.819000e+02 8.019281e-01 5.538413e+01
1.820000e+02 8.017085e-01 5.544086e+01
1.821000e+02 8.014179e-01 5.551297e+01
1.822000e+02 8.008880e-01 5.563939e+01
1.823000e+02 8.010700e-01 5.560684e+01
1.824000e+02 8.008976e-01 5.565378e+01
1.825000e+02 8.007394e-01 5.569723e+01
1.826000e+02 8.005461e-01 5.574839e+01
1.827000e+02 8.003443e-01 5.580137e+01
1.828000e+02 8.001384e-01 5.585519e+01
1.829000e+02 7.999272e-01 5.591012e+01
1.830000e+02 7.997107e-01 5.596616e+01
1.831000e+02 7.994878e-01 5.602354e+01
1.832000e+02 7.992566e-01 5.608263e+01
1.833000e+02 7.990146e-01 5.614397e+01
1.834000e+02 7.987574e-01 5.620842e+01
1.835000e+02 7.984785e-01 5.627737e+01
1.836000e+02 7.981660e-01 5.635322e+01
1.837000e+02 7.977952e-01 5.644115e+01
1.838000e+02 7.972480e-01 5.656710e+01
1.839000e+02 7.966973e-01 5.669188e+01
1.840000e+02 7.959184e-01 5.686310e+01
1.841000e+02 7.945668e-01 5.715381e+01
1.842000e+02 7.915170e-01 5.780231e+01
1.843000e+02 7.809545e-01 6.006901e+01
1.844000e+02 7.546472e-01 6.589846e+01
1.845000e+02 7.866060e-01 5.887118e+01
1.846000e+02 7.909195e-01 5.796951e+01
1.847000e+02 7.882778e-01 5.856515e+01
1.848000e+02 7.892113e-01 5.838003e+01
1.849000e+02 7.935531e-01 5.745645e+01
1.850000e+02 7.944929e-01 5.727065e+01
1.851000e+02 7.947795e-01 5.722263e+01
1.852000e+02 7.948548e-01 5.721829e+01
1.853000e+02 7.947494e-01 5.725239e+01
1.854000e+02 7.946242e-01 5.728909e+01
1.855000e+02 7.940167e-01 5.743055e+01
1.856000e+02 7.936728e-01 5.751577e+01
1.857000e+02 7.942416e-01 5.740186e+01
1.858000e+02 7.942070e-01 5.741980e+01
1.859000e+02 7.941004e-01 5.745279e+01
1.860000e+02 7.939557e-01 5.749389e+01
1.861000e+02 7.937961e-01 5.753810e+01
1.862000e+02 7.936275e-01 5.758420e+01
1.863000e+02 7.934500e-01 5.763218e+01
1.864000e+02 7.932604e-01 5.768277e+01
1.865000e+02 7.930718e-01 5.773314e+01
1.866000e+02 7.929104e-01 5.777750e+01
1.867000e+02 7.927274e-01 5.782660e+01
1.868000e+02 7.925376e-01 5.787713e+01
1.869000e+02 7.923383e-01 5.792968e+01
1.870000e+02 7.921093e-01 5.798857e+01
1.871000e+02 7.916393e-01 5.810057e+01
1.872000e+02 7.915457e-01 5.813047e+01
1.873000e+02 7.915538e-01 5.813729e+01
1.874000e+02 7.913936e-01 5.818157e+01
1.875000e+02 7.912068e-01 5.823149e+01
1.876000e+02 7.909840e-01 5.828926e+01
1.877000e+02 7.907958e-01 5.833928e+01
1.878000e+02 7.905391e-01 5.840409e+01
1.879000e+02 7.899703e-01 5.853911e+01
1.880000e+02 7.901988e-01 5.849683e+01
1.881000e+02 7.900542e-01 5.853787e+01
1.882000e+02 7.898753e-01 5.858621e+01
1.883000e+02 7.896852e-01 5.863691e+01
1.884000e+02 7.894923e-01 5.868820e+01
1.885000e+02 7.893090e-01 5.873740e+01
1.886000e+02 7.891165e-01 5.878857e+01
1.887000e+02 7.889190e-01 5.884081e+01
1.888000e+02 7.887068e-01 5.889620e+01
1.889000e+02 7.883270e-01 5.899024e+01
1.890000e+02 7.882948e-01 5.900442e+01
1.891000e+02 7.881235e-01 5.905102e+01
1.892000e+02 7.879396e-01 5.910039e+01
1.893000e+02 7.877343e-01 5.915445e+01
1.894000e+02 7.875584e-01 5.920196e+01
1.895000e+02 7.873674e-01 5.925283e+01
1.896000e+02 7.871711e-01 5.930482e+01
1.897000e+02 7.869649e-01 5.935899e+01
1.898000e+02 7.867762e-01 5.940936e+01
1.899000e+02 7.865864e-01 5.946002e+01
1.900000e+02 7.863921e-01 5.951162e+01
1.901000e+02 7.861957e-01 5.956369e+01
1.902000e+02 7.859971e-01 5.961620e+01
1.903000e+02 7.857940e-01 5.966966e+01
1.904000e+02 7.855779e-01 5.972589e+01
1.905000e+02 7.852922e-01 5.979717e+01
1.906000e+02 7.848926e-01 5.989425e+01
1.907000e+02 7.849659e-01 5.988694e+01
1.908000e+02 7.848046e-01 5.993154e+01
1.909000e+02 7.846185e-01 5.998146e+01
1.910000e+02 7.844254e-01 6.003283e+01
1.911000e+02 7.842284e-01 6.008507e+01
1.912000e+02 7.840321e-01 6.013710e+01
1.913000e+02 7.838336e-01 6.018963e+01
1.914000e+02 7.836337e-01 6.024245e+01
1.915000e+02 7.834321e-01 6.029564e+01
1.916000e+02 7.832272e-01 6.034952e+01
1.917000e+02 7.830121e-01 6.040557e+01
1.918000e+02 7.826966e-01 6.048442e+01
1.919000e+02 7.826008e-01 6.051370e+01
1.920000e+02 7.824114e-01 6.056431e+01
1.921000e+02 7.822084e-01 6.061781e+01
1.922000e+02 7.819857e-01 6.067562e+01
1.923000e+02 7.817620e-01 6.073358e+01
1.924000e+02 7.815720e-01 6.078415e+01
1.925000e+02 7.813610e-01 6.083922e+01
1.926000e+02 7.811328e-01 6.089797e+01
1.927000e+02 7.808759e-01 6.096297e+01
1.928000e+02 7.806406e-01 6.102283e+01
1.929000e+02 7.803470e-01 6.109511e+01
1.930000e+02 7.799905e-01 6.118038e+01
1.931000e+02 7.794615e-01 6.130190e+01
1.932000e+02 7.784465e-01 6.152582e+01
1.933000e+02 7.743880e-01 6.241157e+01
1.934000e+02 7.739555e-01 6.251547e+01
1.935000e+02 7.777907e-01 6.169636e+01
1.936000e+02 7.784276e-01 6.157337e+01
1.937000e+02 7.785274e-01 6.156404e+01
1.938000e+02 7.784594e-01 6.158976e+01
1.939000e+02 7.783199e-01 6.163030e+01
1.940000e+02 7.781421e-01 6.167871e+01
1.941000e+02 7.779390e-01 6.173239e+01
1.942000e+02 7.777130e-01 6.179088e+01
1.943000e+02 7.774812e-01 6.185042e+01
1.944000e+02 7.772296e-01 6.191405e+01
1.945000e+02 7.769517e-01 6.198315e+01
1.946000e+02 7.766403e-01 6.205914e+01
1.947000e+02 7.762815e-01 6.214487e+01
1.948000e+02 7.758491e-01 6.224569e+01
1.949000e+02 7.752935e-01 6.237183e+01
1.950000e+02 7.745112e-01 6.254468e+01
1.951000e+02 7.732559e-01 6.281545e+01
1.952000e+02 7.708125e-01 6.333446e+01
1.953000e+02 7.643536e-01 6.470470e+01
1.954000e+02 7.296950e-01 7.227054e+01
1.955000e+02 7.514438e-01 6.749071e+01
1.956000e+02 7.650113e-01 6.459482e+01
1.957000e+02 7.600836e-01 6.573310e+01
1.958000e+02 7.684709e-01 6.390559e+01
1.959000e+02 7.716471e-01 6.324311e+01
1.960000e+02 7.726162e-01 6.305304e+01
1.961000e+02 7.729968e-01 6.298613e+01
1.962000e+02 7.731293e-01 6.297079e+01
1.963000e+02 7.731580e-01 6.297645e+01
1.964000e+02 7.730819e-01 6.300439e+01
1.965000e+02 7.730271e-01 6.302680e+01
1.966000e+02 7.729160e-01 6.306135e+01
1.967000e+02 7.727813e-01 6.310080e+01
1.968000e+02 7.726297e-01 6.314377e+01
1.969000e+02 7.724663e-01 6.318921e+01
1.970000e+02 7.723014e-01 6.323485e+01
1.971000e+02 7.721215e-01 6.328375e+01
1.972000e+02 7.719425e-01 6.333236e+01
1.973000e+02 7.717583e-01 6.338210e+01
1.974000e+02 7.715618e-01 6.343445e+01
1.975000e+02 7.713151e-01 6.349782e+01
1.976000e+02 7.710883e-01 6.355672e+01
1.977000e+02 7.709504e-01 6.359624e+01
1.978000e+02 7.707771e-01 6.364366e+01
1.979000e+02 7.705718e-01 6.369794e+01
1.980000e+02 7.702020e-01 6.379018e+01
1.981000e+02 7.701672e-01 6.380535e+01
1.982000e+02 7.699829e-01 6.385515e+01
1.983000e+02 7.697804e-01 6.390889e+01
1.984000e+02 7.695717e-01 6.396398e+01
1.985000e+02 7.693574e-01 6.402027e+01
1.986000e+02 7.691388e-01 6.407745e+01
1.987000e+02 7.689148e-01 6.413580e+01
1.988000e+02 7.686804e-01 6.419634e+01
1.989000e+02 7.684297e-01 6.426031e+01
1.990000e+02 7.681462e-01 6.433116e+01
1.991000e+02 7.677757e-01 6.442038e+01
1.992000e+02 7.668811e-01 6.462567e+01
1.993000e+02 7.660505e-01 6.481014e+01
1.994000e+02 7.622744e-01 6.566104e+01
1.995000e+02 7.662663e-01 6.478458e+01
1.996000e+02 7.665434e-01 6.473730e+01
1.997000e+02 7.664808e-01 6.476233e+01
1.998000e+02 7.663007e-01 6.481221e+01
1.999000e+02 7.660722e-01 6.487223e+01
2.000000e+02 7.658111e-01 6.493915e+01
