0 1.0 0
1.000000e+01 9.963259e-01 3.589849e+00
1.010000e+01 9.963061e-01 3.594469e+00
1.020000e+01 9.962523e-01 3.606695e+00
1.030000e+01 9.962697e-01 3.603104e+00
1.040000e+01 9.962725e-01 3.602876e+00
1.050000e+01 9.962638e-01 3.605150e+00
1.060000e+01 9.962506e-01 3.608423e+00
1.070000e+01 9.962402e-01 3.611028e+00
1.080000e+01 9.962268e-01 3.614288e+00
1.090000e+01 9.962100e-01 3.618307e+00
1.100000e+01 9.961797e-01 3.625253e+00
1.110000e+01 9.961363e-01 3.635259e+00
1.120000e+01 9.961671e-01 3.628754e+00
1.130000e+01 9.961622e-01 3.630246e+00
1.140000e+01 9.961518e-01 3.632923e+00
1.150000e+01 9.961396e-01 3.635990e+00
1.160000e+01 9.961265e-01 3.639247e+00
1.170000e+01 9.961129e-01 3.642625e+00
1.180000e+01 9.960990e-01 3.646093e+00
1.190000e+01 9.960846e-01 3.649637e+00
1.200000e+01 9.960700e-01 3.653257e+00
1.210000e+01 9.960552e-01 3.656925e+00
1.220000e+01 9.960401e-01 3.660662e+00
1.230000e+01 9.960247e-01 3.664462e+00
1.240000e+01 9.960091e-01 3.668324e+00
1.250000e+01 9.959933e-01 3.672253e+00
1.260000e+01 9.959770e-01 3.676271e+00
1.270000e+01 9.959607e-01 3.680305e+00
1.280000e+01 9.959441e-01 3.684434e+00
1.290000e+01 9.959271e-01 3.688634e+00
1.300000e+01 9.959098e-01 3.692908e+00
1.310000e+01 9.958923e-01 3.697255e+00
1.320000e+01 9.958744e-01 3.701675e+00
1.330000e+01 9.958563e-01 3.706171e+00
1.340000e+01 9.958379e-01 3.710741e+00
1.350000e+01 9.958191e-01 3.715391e+00
1.360000e+01 9.958001e-01 3.720111e+00
1.370000e+01 9.957808e-01 3.724908e+00
1.380000e+01 9.957611e-01 3.729779e+00
1.390000e+01 9.957411e-01 3.734744e+00
1.400000e+01 9.957208e-01 3.739799e+00
1.410000e+01 9.957000e-01 3.744954e+00
1.420000e+01 9.956789e-01 3.750209e+00
1.430000e+01 9.956572e-01 3.755583e+00
1.440000e+01 9.956350e-01 3.761093e+00
1.450000e+01 9.956121e-01 3.766777e+00
1.460000e+01 9.955879e-01 3.772736e+00
1.470000e+01 9.955608e-01 3.779346e+00
1.480000e+01 9.955184e-01 3.789315e+00
1.490000e+01 9.954776e-01 3.799034e+00
1.500000e+01 9.954862e-01 3.797847e+00
1.510000e+01 9.954668e-01 3.802894e+00
1.520000e+01 9.954431e-01 3.808874e+00
1.530000e+01 9.954179e-01 3.815214e+00
1.540000e+01 9.953917e-01 3.821789e+00
1.550000e+01 9.953646e-01 3.828575e+00
1.560000e+01 9.953366e-01 3.835563e+00
1.570000e+01 9.953078e-01 3.842760e+00
1.580000e+01 9.952782e-01 3.850174e+00
1.590000e+01 9.952471e-01 3.857921e+00
1.600000e+01 9.952132e-01 3.866299e+00
1.610000e+01 9.951677e-01 3.877233e+00
1.620000e+01 9.951234e-01 3.888032e+00
1.630000e+01 9.951145e-01 3.891008e+00
1.640000e+01 9.950845e-01 3.898707e+00
1.650000e+01 9.950510e-01 3.907213e+00
1.660000e+01 9.950155e-01 3.916174e+00
1.670000e+01 9.949786e-01 3.925493e+00
1.680000e+01 9.949401e-01 3.935194e+00
1.690000e+01 9.949008e-01 3.945111e+00
1.700000e+01 9.948599e-01 3.955434e+00
1.710000e+01 9.948176e-01 3.966130e+00
1.720000e+01 9.947737e-01 3.977214e+00
1.730000e+01 9.947282e-01 3.988714e+00
1.740000e+01 9.946811e-01 4.000656e+00
1.750000e+01 9.946320e-01 4.013073e+00
1.760000e+01 9.945810e-01 4.025998e+00
1.770000e+01 9.945279e-01 4.039471e+00
1.780000e+01 9.944724e-01 4.053557e+00
1.790000e+01 9.944146e-01 4.068239e+00
1.800000e+01 9.943543e-01 4.083572e+00
1.810000e+01 9.942910e-01 4.099667e+00
1.820000e+01 9.942246e-01 4.116561e+00
1.830000e+01 9.941549e-01 4.134320e+00
1.840000e+01 9.940815e-01 4.153016e+00
1.850000e+01 9.940042e-01 4.172735e+00
1.860000e+01 9.939225e-01 4.193570e+00
1.870000e+01 9.938361e-01 4.215628e+00
1.880000e+01 9.937449e-01 4.238953e+00
1.890000e+01 9.936478e-01 4.263764e+00
1.900000e+01 9.935447e-01 4.290150e+00
1.910000e+01 9.934345e-01 4.318345e+00
1.920000e+01 9.933174e-01 4.348343e+00
1.930000e+01 9.931920e-01 4.380471e+00
1.940000e+01 9.930575e-01 4.414936e+00
1.950000e+01 9.929131e-01 4.451962e+00
1.960000e+01 9.927577e-01 4.491813e+00
1.970000e+01 9.925901e-01 4.534788e+00
1.980000e+01 9.924092e-01 4.581206e+00
1.990000e+01 9.922134e-01 4.631443e+00
2.000000e+01 9.920011e-01 4.685908e+00
2.010000e+01 9.917707e-01 4.745029e+00
2.020000e+01 9.915202e-01 4.809294e+00
2.030000e+01 9.912472e-01 4.879297e+00
2.040000e+01 9.909500e-01 4.955505e+00
2.050000e+01 9.906258e-01 5.038591e+00
2.060000e+01 9.902725e-01 5.129117e+00
2.070000e+01 9.898866e-01 5.227924e+00
2.080000e+01 9.894651e-01 5.335704e+00
2.090000e+01 9.890057e-01 5.453045e+00
2.100000e+01 9.885056e-01 5.580576e+00
2.110000e+01 9.879629e-01 5.718678e+00
2.120000e+01 9.873769e-01 5.867496e+00
2.130000e+01 9.867477e-01 6.026809e+00
2.140000e+01 9.860783e-01 6.195779e+00
2.150000e+01 9.853734e-01 6.372971e+00
2.160000e+01 9.846421e-01 6.555917e+00
2.170000e+01 9.838980e-01 6.740979e+00
2.180000e+01 9.831606e-01 6.923088e+00
2.190000e+01 9.824563e-01 7.095594e+00
2.200000e+01 9.818175e-01 7.250449e+00
2.210000e+01 9.812766e-01 7.379927e+00
2.220000e+01 9.807950e-01 7.492901e+00
2.230000e+01 9.807791e-01 7.499862e+00
2.240000e+01 9.809981e-01 7.452222e+00
2.250000e+01 9.813245e-01 7.376778e+00
2.260000e+01 9.817565e-01 7.273999e+00
2.270000e+01 9.822627e-01 7.151403e+00
2.280000e+01 9.828134e-01 7.016355e+00
2.290000e+01 9.833842e-01 6.875015e+00
2.300000e+01 9.839564e-01 6.732211e+00
2.310000e+01 9.845165e-01 6.591565e+00
2.320000e+01 9.850548e-01 6.455675e+00
2.330000e+01 9.855649e-01 6.326314e+00
2.340000e+01 9.860428e-01 6.204635e+00
2.350000e+01 9.864856e-01 6.091458e+00
2.360000e+01 9.868925e-01 5.987038e+00
2.370000e+01 9.872572e-01 5.892781e+00
2.380000e+01 9.875385e-01 5.817794e+00
2.390000e+01 9.878160e-01 5.744852e+00
2.400000e+01 9.882044e-01 5.648379e+00
2.410000e+01 9.884857e-01 5.576457e+00
2.420000e+01 9.887299e-01 5.513426e+00
2.430000e+01 9.889482e-01 5.456860e+00
2.440000e+01 9.891442e-01 5.405907e+00
2.450000e+01 9.893204e-01 5.359972e+00
2.460000e+01 9.894787e-01 5.318577e+00
2.470000e+01 9.896208e-01 5.281321e+00
2.480000e+01 9.897480e-01 5.247851e+00
2.490000e+01 9.898614e-01 5.217879e+00
2.500000e+01 9.899620e-01 5.191176e+00
2.510000e+01 9.900482e-01 5.168062e+00
2.520000e+01 9.901302e-01 5.146239e+00
2.530000e+01 9.902040e-01 5.126580e+00
2.540000e+01 9.902641e-01 5.110219e+00
2.550000e+01 9.902920e-01 5.101344e+00
2.560000e+01 9.903087e-01 5.094903e+00
2.570000e+01 9.903511e-01 5.083306e+00
2.580000e+01 9.904401e-01 5.061743e+00
2.590000e+01 9.904816e-01 5.050854e+00
2.600000e+01 9.905107e-01 5.042850e+00
2.610000e+01 9.905326e-01 5.036591e+00
2.620000e+01 9.905489e-01 5.031702e+00
2.630000e+01 9.905605e-01 5.028021e+00
2.640000e+01 9.905679e-01 5.025424e+00
2.650000e+01 9.905713e-01 5.023827e+00
2.660000e+01 9.905712e-01 5.023117e+00
2.670000e+01 9.905678e-01 5.023262e+00
2.680000e+01 9.905613e-01 5.024194e+00
2.690000e+01 9.905519e-01 5.025863e+00
2.700000e+01 9.905401e-01 5.028149e+00
2.710000e+01 9.905257e-01 5.031111e+00
2.720000e+01 9.905087e-01 5.034714e+00
2.730000e+01 9.904891e-01 5.038979e+00
2.740000e+01 9.904653e-01 5.044244e+00
2.750000e+01 9.904403e-01 5.049855e+00
2.760000e+01 9.904170e-01 5.055172e+00
2.770000e+01 9.903904e-01 5.061264e+00
2.780000e+01 9.903579e-01 5.068717e+00
2.790000e+01 9.903228e-01 5.076829e+00
2.800000e+01 9.902956e-01 5.083256e+00
2.810000e+01 9.902622e-01 5.091089e+00
2.820000e+01 9.902259e-01 5.099633e+00
2.830000e+01 9.901874e-01 5.108697e+00
2.840000e+01 9.901469e-01 5.118264e+00
2.850000e+01 9.901043e-01 5.128329e+00
2.860000e+01 9.900592e-01 5.138973e+00
2.870000e+01 9.900100e-01 5.150572e+00
2.880000e+01 9.899508e-01 5.164340e+00
2.890000e+01 9.898413e-01 5.189244e+00
2.900000e+01 9.897562e-01 5.208975e+00
2.910000e+01 9.897992e-01 5.200444e+00
2.920000e+01 9.897644e-01 5.209219e+00
2.930000e+01 9.897170e-01 5.220733e+00
2.940000e+01 9.896645e-01 5.233388e+00
2.950000e+01 9.896087e-01 5.246785e+00
2.960000e+01 9.895492e-01 5.260997e+00
2.970000e+01 9.894847e-01 5.276304e+00
2.980000e+01 9.894109e-01 5.293648e+00
2.990000e+01 9.893111e-01 5.316565e+00
3.000000e+01 9.890798e-01 5.368467e+00
3.010000e+01 9.889504e-01 5.398095e+00
3.020000e+01 9.888779e-01 5.416378e+00
3.030000e+01 9.890505e-01 5.379229e+00
3.040000e+01 9.890141e-01 5.388895e+00
3.050000e+01 9.888672e-01 5.423073e+00
3.060000e+01 9.888843e-01 5.420612e+00
3.070000e+01 9.888513e-01 5.429570e+00
3.080000e+01 9.887926e-01 5.444139e+00
3.090000e+01 9.887271e-01 5.460194e+00
3.100000e+01 9.886583e-01 5.476986e+00
3.110000e+01 9.885873e-01 5.494281e+00
3.120000e+01 9.885145e-01 5.511993e+00
3.130000e+01 9.884402e-01 5.530081e+00
3.140000e+01 9.883647e-01 5.548437e+00
3.150000e+01 9.882878e-01 5.567141e+00
3.160000e+01 9.882096e-01 5.586156e+00
3.170000e+01 9.881300e-01 5.605485e+00
3.180000e+01 9.880492e-01 5.625129e+00
3.190000e+01 9.879672e-01 5.645084e+00
3.200000e+01 9.878837e-01 5.665378e+00
3.210000e+01 9.877931e-01 5.687362e+00
3.220000e+01 9.877135e-01 5.706753e+00
3.230000e+01 9.876271e-01 5.727788e+00
3.240000e+01 9.875390e-01 5.749206e+00
3.250000e+01 9.874496e-01 5.770952e+00
3.260000e+01 9.873587e-01 5.793048e+00
3.270000e+01 9.872663e-01 5.815528e+00
3.280000e+01 9.871732e-01 5.838166e+00
3.290000e+01 9.870789e-01 5.861122e+00
3.300000e+01 9.869835e-01 5.884348e+00
3.310000e+01 9.868865e-01 5.907934e+00
3.320000e+01 9.867881e-01 5.931878e+00
3.330000e+01 9.866883e-01 5.956164e+00
3.340000e+01 9.865870e-01 5.980795e+00
3.350000e+01 9.864840e-01 6.005858e+00
3.360000e+01 9.863803e-01 6.031090e+00
3.370000e+01 9.862753e-01 6.056653e+00
3.380000e+01 9.861685e-01 6.082619e+00
3.390000e+01 9.860603e-01 6.108947e+00
3.400000e+01 9.859506e-01 6.135641e+00
3.410000e+01 9.858391e-01 6.162762e+00
3.420000e+01 9.857266e-01 6.190128e+00
3.430000e+01 9.856124e-01 6.217913e+00
3.440000e+01 9.854966e-01 6.246082e+00
3.450000e+01 9.853792e-01 6.274646e+00
3.460000e+01 9.852601e-01 6.303609e+00
3.470000e+01 9.851393e-01 6.332991e+00
3.480000e+01 9.850164e-01 6.362858e+00
3.490000e+01 9.848877e-01 6.394081e+00
3.500000e+01 9.847656e-01 6.423831e+00
3.510000e+01 9.846392e-01 6.454585e+00
3.520000e+01 9.845096e-01 6.486074e+00
3.530000e+01 9.843774e-01 6.518198e+00
3.540000e+01 9.842449e-01 6.550407e+00
3.550000e+01 9.841090e-01 6.583398e+00
3.560000e+01 9.839697e-01 6.617164e+00
3.570000e+01 9.838261e-01 6.651913e+00
3.580000e+01 9.836748e-01 6.688314e+00
3.590000e+01 9.834977e-01 6.730347e+00
3.600000e+01 9.831086e-01 6.820016e+00
3.610000e+01 9.831617e-01 6.810840e+00
3.620000e+01 9.830836e-01 6.831675e+00
3.630000e+01 9.829520e-01 6.864240e+00
3.640000e+01 9.828078e-01 6.899537e+00
3.650000e+01 9.826571e-01 6.936262e+00
3.660000e+01 9.825026e-01 6.973886e+00
3.670000e+01 9.823449e-01 7.012214e+00
3.680000e+01 9.821845e-01 7.051210e+00
3.690000e+01 9.820212e-01 7.090868e+00
3.700000e+01 9.818552e-01 7.131188e+00
3.710000e+01 9.816862e-01 7.172201e+00
3.720000e+01 9.815140e-01 7.213965e+00
3.730000e+01 9.813380e-01 7.256591e+00
3.740000e+01 9.811572e-01 7.300313e+00
3.750000e+01 9.809689e-01 7.345677e+00
3.760000e+01 9.807657e-01 7.394287e+00
3.770000e+01 9.805170e-01 7.452753e+00
3.780000e+01 9.799561e-01 7.580729e+00
3.790000e+01 9.799990e-01 7.574905e+00
3.800000e+01 9.799843e-01 7.582989e+00
3.810000e+01 9.798338e-01 7.620844e+00
3.820000e+01 9.796538e-01 7.665079e+00
3.830000e+01 9.794624e-01 7.711816e+00
3.840000e+01 9.792652e-01 7.759870e+00
3.850000e+01 9.790624e-01 7.809177e+00
3.860000e+01 9.788553e-01 7.859479e+00
3.870000e+01 9.786444e-01 7.910704e+00
3.880000e+01 9.784297e-01 7.962818e+00
3.890000e+01 9.782110e-01 8.015858e+00
3.900000e+01 9.779879e-01 8.069946e+00
3.910000e+01 9.777499e-01 8.127524e+00
3.920000e+01 9.775292e-01 8.181102e+00
3.930000e+01 9.772957e-01 8.237670e+00
3.940000e+01 9.770348e-01 8.300392e+00
3.950000e+01 9.768059e-01 8.356122e+00
3.960000e+01 9.765781e-01 8.411747e+00
3.970000e+01 9.763337e-01 8.471090e+00
3.980000e+01 9.760831e-01 8.531861e+00
3.990000e+01 9.758278e-01 8.593765e+00
4.000000e+01 9.755680e-01 8.656727e+00
4.010000e+01 9.753037e-01 8.720767e+00
4.020000e+01 9.750351e-01 8.785867e+00
4.030000e+01 9.747620e-01 8.852016e+00
4.040000e+01 9.744841e-01 8.919329e+00
4.050000e+01 9.742019e-01 8.987700e+00
4.060000e+01 9.739144e-01 9.057316e+00
4.070000e+01 9.736220e-01 9.128130e+00
4.080000e+01 9.733250e-01 9.200044e+00
4.090000e+01 9.730233e-01 9.273093e+00
4.100000e+01 9.727162e-01 9.347454e+00
4.110000e+01 9.724036e-01 9.423123e+00
4.120000e+01 9.720856e-01 9.500090e+00
4.130000e+01 9.717618e-01 9.578453e+00
4.140000e+01 9.714317e-01 9.658335e+00
4.150000e+01 9.710972e-01 9.739283e+00
4.160000e+01 9.707560e-01 9.821833e+00
4.170000e+01 9.704085e-01 9.905901e+00
4.180000e+01 9.700544e-01 9.991546e+00
4.190000e+01 9.696914e-01 1.007930e+01
4.200000e+01 9.693265e-01 1.016757e+01
4.210000e+01 9.689531e-01 1.025787e+01
4.220000e+01 9.685717e-01 1.035005e+01
4.230000e+01 9.681822e-01 1.044416e+01
4.240000e+01 9.677824e-01 1.054066e+01
4.250000e+01 9.673753e-01 1.063889e+01
4.260000e+01 9.669525e-01 1.074067e+01
4.270000e+01 9.664979e-01 1.084951e+01
4.280000e+01 9.658888e-01 1.099294e+01
4.290000e+01 9.655621e-01 1.107385e+01
4.300000e+01 9.652109e-01 1.116090e+01
4.310000e+01 9.647823e-01 1.126510e+01
4.320000e+01 9.643241e-01 1.137593e+01
4.330000e+01 9.638589e-01 1.148831e+01
4.340000e+01 9.633666e-01 1.160676e+01
4.350000e+01 9.628327e-01 1.173437e+01
4.360000e+01 9.621183e-01 1.190176e+01
4.370000e+01 9.615713e-01 1.203308e+01
4.380000e+01 9.612891e-01 1.210668e+01
4.390000e+01 9.608111e-01 1.222364e+01
4.400000e+01 9.603121e-01 1.234522e+01
4.410000e+01 9.597754e-01 1.247524e+01
4.420000e+01 9.592205e-01 1.260947e+01
4.430000e+01 9.586506e-01 1.274719e+01
4.440000e+01 9.580665e-01 1.288827e+01
4.450000e+01 9.574678e-01 1.303280e+01
4.460000e+01 9.568519e-01 1.318138e+01
4.470000e+01 9.562142e-01 1.333498e+01
4.480000e+01 9.555352e-01 1.349783e+01
4.490000e+01 9.548010e-01 1.367349e+01
4.500000e+01 9.542536e-01 1.380813e+01
4.510000e+01 9.535913e-01 1.396856e+01
4.520000e+01 9.529007e-01 1.413546e+01
4.530000e+01 9.521898e-01 1.430713e+01
4.540000e+01 9.514617e-01 1.448293e+01
4.550000e+01 9.507162e-01 1.466291e+01
4.560000e+01 9.499533e-01 1.484705e+01
4.570000e+01 9.491718e-01 1.503567e+01
4.580000e+01 9.483711e-01 1.522893e+01
4.590000e+01 9.475507e-01 1.542691e+01
4.600000e+01 9.467097e-01 1.562985e+01
4.610000e+01 9.458477e-01 1.583784e+01
4.620000e+01 9.449662e-01 1.605057e+01
4.630000e+01 9.440627e-01 1.626861e+01
4.640000e+01 9.431355e-01 1.649234e+01
4.650000e+01 9.421845e-01 1.672183e+01
4.660000e+01 9.412086e-01 1.695731e+01
4.670000e+01 9.402059e-01 1.719924e+01
4.680000e+01 9.391805e-01 1.744670e+01
4.690000e+01 9.381259e-01 1.770116e+01
4.700000e+01 9.370434e-01 1.796239e+01
4.710000e+01 9.359313e-01 1.823075e+01
4.720000e+01 9.347886e-01 1.850649e+01
4.730000e+01 9.336143e-01 1.878988e+01
4.740000e+01 9.324070e-01 1.908124e+01
4.750000e+01 9.311656e-01 1.938083e+01
4.760000e+01 9.298886e-01 1.968903e+01
4.770000e+01 9.285745e-01 2.000619e+01
4.780000e+01 9.272219e-01 2.033268e+01
4.790000e+01 9.258291e-01 2.066890e+01
4.800000e+01 9.243943e-01 2.101526e+01
4.810000e+01 9.229158e-01 2.137222e+01
4.820000e+01 9.213914e-01 2.174026e+01
4.830000e+01 9.198192e-01 2.211989e+01
4.840000e+01 9.181965e-01 2.251174e+01
4.850000e+01 9.165218e-01 2.291620e+01
4.860000e+01 9.147933e-01 2.333373e+01
4.870000e+01 9.130065e-01 2.376540e+01
4.880000e+01 9.111573e-01 2.421216e+01
4.890000e+01 9.092478e-01 2.467362e+01
4.900000e+01 9.072706e-01 2.515148e+01
4.910000e+01 9.052230e-01 2.564646e+01
4.920000e+01 9.031002e-01 2.615969e+01
4.930000e+01 9.008978e-01 2.669225e+01
4.940000e+01 8.986114e-01 2.724518e+01
4.950000e+01 8.962388e-01 2.781912e+01
4.960000e+01 8.937747e-01 2.841537e+01
4.970000e+01 8.912057e-01 2.903703e+01
4.980000e+01 8.885270e-01 2.968525e+01
4.990000e+01 8.857163e-01 3.036505e+01
5.000000e+01 8.826876e-01 3.109579e+01
5.010000e+01 8.797326e-01 3.181340e+01
5.020000e+01 8.765988e-01 3.257423e+01
5.030000e+01 8.732856e-01 3.337854e+01
5.040000e+01 8.697995e-01 3.422516e+01
5.050000e+01 8.660853e-01 3.512653e+01
5.060000e+01 8.623168e-01 3.604503e+01
5.070000e+01 8.582577e-01 3.703293e+01
5.080000e+01 8.539167e-01 3.808905e+01
5.090000e+01 8.492411e-01 3.922506e+01
5.100000e+01 8.438208e-01 4.053396e+01
5.110000e+01 8.391928e-01 4.167459e+01
5.120000e+01 8.337789e-01 4.299914e+01
5.130000e+01 8.278079e-01 4.445637e+01
5.140000e+01 8.211850e-01 4.606709e+01
5.150000e+01 8.101729e-01 4.870633e+01
5.160000e+01 8.069831e-01 4.953992e+01
5.170000e+01 7.993644e-01 5.141545e+01
5.180000e+01 7.906557e-01 5.354658e+01
5.190000e+01 7.805304e-01 5.600451e+01
5.200000e+01 7.665816e-01 5.931406e+01
5.210000e+01 7.589001e-01 6.129002e+01
5.220000e+01 7.483592e-01 6.392442e+01
5.230000e+01 7.354727e-01 6.709423e+01
5.240000e+01 7.198426e-01 7.088828e+01
5.250000e+01 6.988143e-01 7.586179e+01
5.260000e+01 6.838140e-01 7.960345e+01
5.270000e+01 6.706405e-01 8.301997e+01
5.280000e+01 6.521054e-01 8.762278e+01
5.290000e+01 6.282926e-01 9.340824e+01
5.300000e+01 5.963531e-01 1.009465e+02
5.310000e+01 5.623568e-01 1.090192e+02
5.320000e+01 5.539925e-01 1.117225e+02
5.330000e+01 5.305899e-01 1.176841e+02
5.340000e+01 4.981213e-01 1.256436e+02
5.350000e+01 4.544679e-01 1.360003e+02
5.360000e+01 3.298981e-01 1.647948e+02
5.370000e+01 3.919397e-01 1.517579e+02
5.380000e+01 3.707277e-01 1.576304e+02
5.390000e+01 3.355847e-01 1.665054e+02
5.400000e+01 2.877609e-01 1.780988e+02
5.410000e+01 2.095467e-01 1.961466e+02
5.420000e+01 2.057825e-01 1.985068e+02
5.430000e+01 1.982545e-01 2.017822e+02
5.440000e+01 1.726492e-01 2.088349e+02
5.450000e+01 1.363559e-01 2.181620e+02
5.460000e+01 8.964257e-02 2.296193e+02
5.470000e+01 5.237272e-02 2.391046e+02
5.480000e+01 6.565027e-02 2.378570e+02
5.490000e+01 5.746085e-02 2.410399e+02
5.500000e+01 4.228846e-02 2.456539e+02
5.510000e+01 2.428642e-02 2.508212e+02
5.520000e+01 5.754908e-03 2.559984e+02
5.530000e+01 8.867430e-03 2.564736e+02
5.540000e+01 9.269778e-03 2.573972e+02
5.550000e+01 6.719753e-03 2.588599e+02
5.560000e+01 3.410872e-03 2.604356e+02
5.570000e+01 9.538775e-04 2.617481e+02
5.580000e+01 6.636233e-05 2.626085e+02
5.590000e+01 3.304979e-04 2.631070e+02
5.600000e+01 2.566858e-04 2.635948e+02
5.610000e+01 9.813642e-05 2.640529e+02
5.620000e+01 1.268340e-05 2.644540e+02
5.630000e+01 7.677035e-07 2.647867e+02
5.640000e+01 5.879312e-07 2.650584e+02
5.650000e+01 7.173830e-06 2.652811e+02
5.660000e+01 1.380669e-05 2.654770e+02
5.670000e+01 1.114143e-05 2.656646e+02
5.680000e+01 3.696626e-06 2.658460e+02
5.690000e+01 2.381329e-07 2.660115e+02
5.700000e+01 1.397935e-08 2.661542e+02
5.710000e+01 5.023666e-07 2.662762e+02
5.720000e+01 1.193454e-06 2.663875e+02
5.730000e+01 9.893105e-07 2.664982e+02
5.740000e+01 3.057850e-07 2.666106e+02
5.750000e+01 2.180486e-08 2.667195e+02
5.760000e+01 1.860308e-12 2.668177e+02
5.770000e+01 2.232979e-09 2.669029e+02
5.780000e+01 2.108823e-08 2.669794e+02
5.790000e+01 3.253597e-08 2.670548e+02
5.800000e+01 1.576275e-08 2.671335e+02
5.810000e+01 2.063098e-09 2.672134e+02
5.820000e+01 3.822292e-11 2.672868e+02
5.830000e+01 1.366129e-15 2.673454e+02
5.840000e+01 6.677866e-15 2.673844e+02
5.850000e+01 3.741674e-13 2.674050e+02
5.860000e+01 6.276366e-11 2.674132e+02
5.870000e+01 5.684711e-10 2.674175e+02
5.880000e+01 1.146822e-09 2.674246e+02
5.890000e+01 6.198550e-10 2.674374e+02
5.900000e+01 7.202700e-11 2.674547e+02
5.910000e+01 4.200789e-13 2.674731e+02
5.920000e+01 1.557303e-14 2.674898e+02
5.930000e+01 8.388001e-12 2.675049e+02
5.940000e+01 2.101972e-11 2.675204e+02
5.950000e+01 1.932602e-12 2.675385e+02
5.960000e+01 3.881753e-17 2.675603e+02
5.970000e+01 4.019071e-12 2.675865e+02
5.980000e+01 5.927242e-11 2.676173e+02
5.990000e+01 1.205144e-10 2.676530e+02
6.000000e+01 5.641377e-11 2.676926e+02
6.010000e+01 5.135170e-12 2.677328e+02
6.020000e+01 4.543013e-14 2.677683e+02
6.030000e+01 3.365628e-21 2.677934e+02
6.040000e+01 8.396203e-19 2.678042e+02
6.050000e+01 8.464865e-16 2.678000e+02
6.060000e+01 1.051598e-12 2.677838e+02
6.070000e+01 3.183105e-11 2.677618e+02
6.080000e+01 1.355159e-10 2.677403e+02
6.090000e+01 1.361354e-10 2.677229e+02
6.100000e+01 2.296736e-11 2.677092e+02
6.110000e+01 9.211169e-14 2.676955e+02
6.120000e+01 1.137171e-13 2.676782e+02
6.130000e+01 5.311477e-11 2.676569e+02
6.140000e+01 5.617045e-10 2.676342e+02
6.150000e+01 1.128583e-09 2.676139e+02
6.160000e+01 5.476418e-10 2.675969e+02
6.170000e+01 3.910633e-11 2.675808e+02
6.180000e+01 7.068461e-25 2.675615e+02
6.190000e+01 6.556008e-11 2.675365e+02
6.200000e+01 9.133396e-10 2.675066e+02
6.210000e+01 1.643478e-09 2.674735e+02
6.220000e+01 6.169330e-10 2.674362e+02
6.230000e+01 3.285540e-11 2.673890e+02
6.240000e+01 1.138596e-15 2.673235e+02
6.250000e+01 7.527140e-15 2.672329e+02
6.260000e+01 2.814842e-10 2.671149e+02
6.270000e+01 1.236741e-08 2.669716e+02
6.280000e+01 7.293782e-08 2.668052e+02
6.290000e+01 8.932165e-08 2.666139e+02
6.300000e+01 1.391785e-11 2.663915e+02
6.310000e+01 1.388348e-06 2.661314e+02
6.320000e+01 1.335386e-05 2.658323e+02
6.330000e+01 4.275435e-05 2.655007e+02
6.340000e+01 6.532024e-05 2.651478e+02
6.350000e+01 4.045323e-05 2.647731e+02
6.360000e+01 2.723514e-05 2.643395e+02
6.370000e+01 4.005264e-04 2.637495e+02
6.380000e+01 1.210984e-03 2.629999e+02
6.390000e+01 2.095356e-03 2.621940e+02
6.400000e+01 2.410123e-03 2.614688e+02
6.410000e+01 1.051167e-03 2.610086e+02
6.420000e+01 4.083544e-03 2.594884e+02
6.430000e+01 1.130686e-02 2.569502e+02
6.440000e+01 1.922577e-02 2.541724e+02
6.450000e+01 2.496743e-02 2.518202e+02
6.460000e+01 2.512915e-02 2.505635e+02
6.470000e+01 1.880027e-02 2.505898e+02
6.480000e+01 5.364203e-02 2.417948e+02
6.490000e+01 8.104895e-02 2.344974e+02
6.500000e+01 1.031096e-01 2.283043e+02
6.510000e+01 1.157576e-01 2.240898e+02
6.520000e+01 9.859180e-02 2.261632e+02
6.530000e+01 1.521617e-01 2.132061e+02
6.540000e+01 2.026551e-01 2.009941e+02
6.550000e+01 2.409530e-01 1.913196e+02
6.560000e+01 2.680315e-01 1.840756e+02
6.570000e+01 2.786370e-01 1.803138e+02
6.580000e+01 2.931294e-01 1.758424e+02
6.590000e+01 3.581812e-01 1.607495e+02
6.600000e+01 3.995642e-01 1.506877e+02
6.610000e+01 4.305693e-01 1.428878e+02
6.620000e+01 4.515910e-01 1.372693e+02
6.630000e+01 3.842446e-01 1.522379e+02
6.640000e+01 5.057295e-01 1.236924e+02
6.650000e+01 5.398601e-01 1.155136e+02
6.660000e+01 5.660913e-01 1.090564e+02
6.670000e+01 5.860923e-01 1.039990e+02
6.680000e+01 5.974325e-01 1.008323e+02
6.690000e+01 6.215527e-01 9.501159e+01
6.700000e+01 6.456225e-01 8.926666e+01
6.710000e+01 6.642357e-01 8.471443e+01
6.720000e+01 6.791236e-01 8.101037e+01
6.730000e+01 6.903745e-01 7.812296e+01
6.740000e+01 7.008158e-01 7.545756e+01
6.750000e+01 7.187702e-01 7.120719e+01
6.760000e+01 7.315814e-01 6.809273e+01
6.770000e+01 7.423936e-01 6.543775e+01
6.780000e+01 7.517953e-01 6.311135e+01
6.790000e+01 7.478413e-01 6.400628e+01
6.800000e+01 7.693998e-01 5.878883e+01
6.810000e+01 7.777849e-01 5.674648e+01
6.820000e+01 7.852636e-01 5.491620e+01
6.830000e+01 7.920181e-01 5.325860e+01
6.840000e+01 7.977989e-01 5.182694e+01
6.850000e+01 8.042660e-01 5.025752e+01
6.860000e+01 8.101914e-01 4.881775e+01
6.870000e+01 8.156077e-01 4.749781e+01
6.880000e+01 8.206386e-01 4.627099e+01
6.890000e+01 8.253236e-01 4.512770e+01
6.900000e+01 8.297913e-01 4.403923e+01
6.910000e+01 8.341634e-01 4.297833e+01
6.920000e+01 8.382533e-01 4.198480e+01
6.930000e+01 8.421195e-01 4.104580e+01
6.940000e+01 8.457845e-01 4.015595e+01
6.950000e+01 8.492201e-01 3.932136e+01
6.960000e+01 8.526624e-01 3.848840e+01
6.970000e+01 8.558954e-01 3.770535e+01
6.980000e+01 8.589924e-01 3.695553e+01
6.990000e+01 8.619611e-01 3.623701e+01
7.000000e+01 8.648051e-01 3.554877e+01
7.010000e+01 8.675667e-01 3.488125e+01
7.020000e+01 8.702193e-01 3.424017e+01
7.030000e+01 8.727753e-01 3.362264e+01
7.040000e+01 8.752395e-01 3.302747e+01
7.050000e+01 8.776169e-01 3.245345e+01
7.060000e+01 8.799179e-01 3.189814e+01
7.070000e+01 8.821417e-01 3.136162e+01
7.080000e+01 8.842931e-01 3.084271e+01
7.090000e+01 8.863745e-01 3.034083e+01
7.100000e+01 8.883895e-01 2.985508e+01
7.110000e+01 8.903411e-01 2.938472e+01
7.120000e+01 8.922333e-01 2.892882e+01
7.130000e+01 8.940658e-01 2.848733e+01
7.140000e+01 8.958329e-01 2.806150e+01
7.150000e+01 8.975618e-01 2.764525e+01
7.160000e+01 8.992490e-01 2.723939e+01
7.170000e+01 9.008858e-01 2.684557e+01
7.180000e+01 9.024710e-01 2.646420e+01
7.190000e+01 9.040108e-01 2.609381e+01
7.200000e+01 9.055075e-01 2.573382e+01
7.210000e+01 9.069629e-01 2.538384e+01
7.220000e+01 9.083784e-01 2.504351e+01
7.230000e+01 9.097552e-01 2.471251e+01
7.240000e+01 9.110921e-01 2.439109e+01
7.250000e+01 9.123862e-01 2.407990e+01
7.260000e+01 9.136672e-01 2.377224e+01
7.270000e+01 9.149060e-01 2.347467e+01
7.280000e+01 9.161222e-01 2.318271e+01
7.290000e+01 9.173016e-01 2.289954e+01
7.300000e+01 9.184502e-01 2.262376e+01
7.310000e+01 9.195698e-01 2.235497e+01
7.320000e+01 9.206617e-01 2.209289e+01
7.330000e+01 9.217266e-01 2.183729e+01
7.340000e+01 9.227654e-01 2.158797e+01
7.350000e+01 9.237787e-01 2.134483e+01
7.360000e+01 9.247651e-01 2.110811e+01
7.370000e+01 9.257333e-01 2.087586e+01
7.380000e+01 9.266737e-01 2.065020e+01
7.390000e+01 9.275689e-01 2.043508e+01
7.400000e+01 9.284904e-01 2.021442e+01
7.410000e+01 9.293741e-01 2.000262e+01
7.420000e+01 9.302319e-01 1.979696e+01
7.430000e+01 9.310709e-01 1.959579e+01
7.440000e+01 9.318887e-01 1.939969e+01
7.450000e+01 9.326868e-01 1.920828e+01
7.460000e+01 9.334654e-01 1.902152e+01
7.470000e+01 9.342236e-01 1.883958e+01
7.480000e+01 9.349642e-01 1.866180e+01
7.490000e+01 9.356857e-01 1.848849e+01
7.500000e+01 9.363848e-01 1.832034e+01
7.510000e+01 9.370523e-01 1.815937e+01
7.520000e+01 9.377117e-01 1.800017e+01
7.530000e+01 9.383143e-01 1.785371e+01
7.540000e+01 9.389048e-01 1.771106e+01
7.550000e+01 9.396637e-01 1.753171e+01
7.560000e+01 9.403349e-01 1.737234e+01
7.570000e+01 9.409756e-01 1.721972e+01
7.580000e+01 9.415718e-01 1.707692e+01
7.590000e+01 9.421650e-01 1.693484e+01
7.600000e+01 9.427513e-01 1.679431e+01
7.610000e+01 9.432739e-01 1.666766e+01
7.620000e+01 9.437069e-01 1.656025e+01
7.630000e+01 9.438659e-01 1.651205e+01
7.640000e+01 9.419780e-01 1.693186e+01
7.650000e+01 9.424636e-01 1.679829e+01
7.660000e+01 9.444321e-01 1.635347e+01
7.670000e+01 9.461046e-01 1.597980e+01
7.680000e+01 9.469114e-01 1.579531e+01
7.690000e+01 9.475276e-01 1.565174e+01
7.700000e+01 9.480703e-01 1.552392e+01
7.710000e+01 9.485729e-01 1.540479e+01
7.720000e+01 9.490454e-01 1.529224e+01
7.730000e+01 9.494852e-01 1.518681e+01
7.740000e+01 9.498677e-01 1.509378e+01
7.750000e+01 9.500598e-01 1.504213e+01
7.760000e+01 9.475924e-01 1.561119e+01
7.770000e+01 9.508962e-01 1.484242e+01
7.780000e+01 9.515899e-01 1.468360e+01
7.790000e+01 9.520794e-01 1.456919e+01
7.800000e+01 9.525113e-01 1.446733e+01
7.810000e+01 9.529238e-01 1.436963e+01
7.820000e+01 9.533174e-01 1.427623e+01
7.830000e+01 9.536919e-01 1.418725e+01
7.840000e+01 9.540710e-01 1.409721e+01
7.850000e+01 9.544263e-01 1.401271e+01
7.860000e+01 9.547883e-01 1.392675e+01
7.870000e+01 9.551313e-01 1.384518e+01
7.880000e+01 9.554658e-01 1.376561e+01
7.890000e+01 9.557683e-01 1.369318e+01
7.900000e+01 9.558232e-01 1.367812e+01
7.910000e+01 9.564178e-01 1.353928e+01
7.920000e+01 9.567506e-01 1.346086e+01
7.930000e+01 9.570594e-01 1.338786e+01
7.940000e+01 9.573570e-01 1.331741e+01
7.950000e+01 9.576461e-01 1.324899e+01
7.960000e+01 9.579275e-01 1.318239e+01
7.970000e+01 9.582017e-01 1.311748e+01
7.980000e+01 9.584691e-01 1.305416e+01
7.990000e+01 9.587302e-01 1.299231e+01
8.000000e+01 9.589851e-01 1.293189e+01
8.010000e+01 9.592357e-01 1.287240e+01
8.020000e+01 9.594699e-01 1.281667e+01
8.030000e+01 9.597286e-01 1.275522e+01
8.040000e+01 9.599742e-01 1.269671e+01
8.050000e+01 9.602179e-01 1.263856e+01
8.060000e+01 9.604614e-01 1.258049e+01
8.070000e+01 9.607352e-01 1.251564e+01
8.080000e+01 9.609781e-01 1.245767e+01
8.090000e+01 9.612632e-01 1.239024e+01
8.100000e+01 9.615543e-01 1.232145e+01
8.110000e+01 9.618254e-01 1.225702e+01
8.120000e+01 9.620881e-01 1.219437e+01
8.130000e+01 9.623078e-01 1.214163e+01
8.140000e+01 9.626124e-01 1.206953e+01
8.150000e+01 9.628805e-01 1.200567e+01
8.160000e+01 9.631332e-01 1.194538e+01
8.170000e+01 9.633760e-01 1.188742e+01
8.180000e+01 9.636202e-01 1.182915e+01
8.190000e+01 9.638571e-01 1.177262e+01
8.200000e+01 9.640907e-01 1.171693e+01
8.210000e+01 9.643178e-01 1.166275e+01
8.220000e+01 9.645401e-01 1.160976e+01
8.230000e+01 9.647577e-01 1.155788e+01
8.240000e+01 9.649709e-01 1.150709e+01
8.250000e+01 9.651797e-01 1.145735e+01
8.260000e+01 9.653841e-01 1.140869e+01
8.270000e+01 9.655846e-01 1.136099e+01
8.280000e+01 9.657825e-01 1.131394e+01
8.290000e+01 9.659760e-01 1.126795e+01
8.300000e+01 9.661656e-01 1.122288e+01
8.310000e+01 9.663514e-01 1.117876e+01
8.320000e+01 9.665311e-01 1.113608e+01
8.330000e+01 9.667143e-01 1.109264e+01
8.340000e+01 9.668911e-01 1.105072e+01
8.350000e+01 9.670646e-01 1.100960e+01
8.360000e+01 9.672337e-01 1.096952e+01
8.370000e+01 9.673996e-01 1.093018e+01
8.380000e+01 9.675643e-01 1.089120e+01
8.390000e+01 9.677274e-01 1.085262e+01
8.400000e+01 9.678889e-01 1.081445e+01
8.410000e+01 9.680460e-01 1.077733e+01
8.420000e+01 9.681982e-01 1.074138e+01
8.430000e+01 9.683523e-01 1.070498e+01
8.440000e+01 9.685018e-01 1.066969e+01
8.450000e+01 9.686487e-01 1.063504e+01
8.460000e+01 9.687931e-01 1.060097e+01
8.470000e+01 9.689350e-01 1.056751e+01
8.480000e+01 9.690736e-01 1.053483e+01
8.490000e+01 9.692117e-01 1.050232e+01
8.500000e+01 9.693471e-01 1.047043e+01
8.510000e+01 9.694779e-01 1.043963e+01
8.520000e+01 9.696093e-01 1.040874e+01
8.530000e+01 9.697404e-01 1.037795e+01
8.540000e+01 9.698670e-01 1.034821e+01
8.550000e+01 9.699922e-01 1.031881e+01
8.560000e+01 9.701154e-01 1.028990e+01
8.570000e+01 9.702365e-01 1.026150e+01
8.580000e+01 9.703554e-01 1.023365e+01
8.590000e+01 9.704720e-01 1.020633e+01
8.600000e+01 9.705869e-01 1.017944e+01
8.610000e+01 9.706997e-01 1.015305e+01
8.620000e+01 9.708104e-01 1.012716e+01
8.630000e+01 9.709190e-01 1.010181e+01
8.640000e+01 9.710257e-01 1.007690e+01
8.650000e+01 9.711301e-01 1.005253e+01
8.660000e+01 9.712313e-01 1.002893e+01
8.670000e+01 9.713186e-01 1.000851e+01
8.680000e+01 9.714298e-01 9.982712e+00
8.690000e+01 9.715304e-01 9.959388e+00
8.700000e+01 9.716267e-01 9.937056e+00
8.710000e+01 9.717205e-01 9.915315e+00
8.720000e+01 9.718122e-01 9.894067e+00
8.730000e+01 9.719021e-01 9.873269e+00
8.740000e+01 9.719902e-01 9.852883e+00
8.750000e+01 9.720768e-01 9.832867e+00
8.760000e+01 9.721619e-01 9.813183e+00
8.770000e+01 9.722443e-01 9.794114e+00
8.780000e+01 9.723296e-01 9.774364e+00
8.790000e+01 9.724126e-01 9.755148e+00
8.800000e+01 9.724958e-01 9.735866e+00
8.810000e+01 9.725827e-01 9.715767e+00
8.820000e+01 9.726679e-01 9.696015e+00
8.830000e+01 9.727524e-01 9.676425e+00
8.840000e+01 9.728354e-01 9.657144e+00
8.850000e+01 9.729137e-01 9.638924e+00
8.860000e+01 9.729946e-01 9.620137e+00
8.870000e+01 9.730802e-01 9.600349e+00
8.880000e+01 9.731609e-01 9.581649e+00
8.890000e+01 9.732390e-01 9.563585e+00
8.900000e+01 9.733151e-01 9.545975e+00
8.910000e+01 9.733895e-01 9.528789e+00
8.920000e+01 9.734618e-01 9.512082e+00
8.930000e+01 9.735331e-01 9.495664e+00
8.940000e+01 9.736033e-01 9.479495e+00
8.950000e+01 9.736716e-01 9.463788e+00
8.960000e+01 9.737384e-01 9.448461e+00
8.970000e+01 9.738036e-01 9.433506e+00
8.980000e+01 9.738673e-01 9.418933e+00
8.990000e+01 9.739288e-01 9.404859e+00
9.000000e+01 9.739702e-01 9.395627e+00
9.010000e+01 9.740479e-01 9.377662e+00
9.020000e+01 9.741057e-01 9.364512e+00
9.030000e+01 9.741469e-01 9.355139e+00
9.040000e+01 9.742167e-01 9.339289e+00
9.050000e+01 9.742761e-01 9.325867e+00
9.060000e+01 9.743296e-01 9.313767e+00
9.070000e+01 9.743773e-01 9.302974e+00
9.080000e+01 9.743999e-01 9.297983e+00
9.090000e+01 9.744725e-01 9.281510e+00
9.100000e+01 9.745195e-01 9.270999e+00
9.110000e+01 9.745762e-01 9.258283e+00
9.120000e+01 9.746258e-01 9.247204e+00
9.130000e+01 9.746739e-01 9.236499e+00
9.140000e+01 9.747212e-01 9.225974e+00
9.150000e+01 9.747654e-01 9.216151e+00
9.160000e+01 9.748080e-01 9.206712e+00
9.170000e+01 9.748492e-01 9.197615e+00
9.180000e+01 9.748893e-01 9.188779e+00
9.190000e+01 9.749277e-01 9.180333e+00
9.200000e+01 9.749646e-01 9.172242e+00
9.210000e+01 9.750000e-01 9.164488e+00
9.220000e+01 9.750341e-01 9.157063e+00
9.230000e+01 9.750669e-01 9.149953e+00
9.240000e+01 9.750994e-01 9.142911e+00
9.250000e+01 9.751320e-01 9.135869e+00
9.260000e+01 9.751611e-01 9.129614e+00
9.270000e+01 9.751879e-01 9.123896e+00
9.280000e+01 9.752121e-01 9.118745e+00
9.290000e+01 9.752333e-01 9.114264e+00
9.300000e+01 9.752506e-01 9.110636e+00
9.310000e+01 9.752624e-01 9.108211e+00
9.320000e+01 9.752657e-01 9.107606e+00
9.330000e+01 9.752530e-01 9.110508e+00
9.340000e+01 9.752320e-01 9.115036e+00
9.350000e+01 9.751764e-01 9.126925e+00
9.360000e+01 9.750355e-01 9.157136e+00
9.370000e+01 9.746547e-01 9.239282e+00
9.380000e+01 9.730344e-01 9.597430e+00
9.390000e+01 9.720009e-01 9.824610e+00
9.400000e+01 9.726908e-01 9.674591e+00
9.410000e+01 9.746529e-01 9.241335e+00
9.420000e+01 9.751184e-01 9.141616e+00
9.430000e+01 9.753104e-01 9.101211e+00
9.440000e+01 9.754081e-01 9.081033e+00
9.450000e+01 9.754534e-01 9.072270e+00
9.460000e+01 9.755161e-01 9.059214e+00
9.470000e+01 9.755444e-01 9.053845e+00
9.480000e+01 9.755673e-01 9.049591e+00
9.490000e+01 9.755893e-01 9.045509e+00
9.500000e+01 9.756024e-01 9.043390e+00
9.510000e+01 9.756088e-01 9.042718e+00
9.520000e+01 9.756089e-01 9.043423e+00
9.530000e+01 9.756014e-01 9.045781e+00
9.540000e+01 9.755821e-01 9.050679e+00
9.550000e+01 9.755468e-01 9.059002e+00
9.560000e+01 9.754729e-01 9.075647e+00
9.570000e+01 9.752816e-01 9.117943e+00
9.580000e+01 9.735858e-01 9.515080e+00
9.590000e+01 9.750531e-01 9.168077e+00
9.600000e+01 9.748246e-01 9.217579e+00
9.610000e+01 9.739160e-01 9.415499e+00
9.620000e+01 9.688618e-01 1.055111e+01
9.630000e+01 9.723457e-01 9.764410e+00
9.640000e+01 9.745003e-01 9.291515e+00
9.650000e+01 9.750900e-01 9.165592e+00
9.660000e+01 9.753322e-01 9.115091e+00
9.670000e+01 9.754515e-01 9.090950e+00
9.680000e+01 9.755150e-01 9.078702e+00
9.690000e+01 9.755473e-01 9.073184e+00
9.700000e+01 9.755826e-01 9.066778e+00
9.710000e+01 9.755960e-01 9.065211e+00
9.720000e+01 9.756046e-01 9.064629e+00
9.730000e+01 9.756053e-01 9.065801e+00
9.740000e+01 9.755977e-01 9.068824e+00
9.750000e+01 9.755889e-01 9.072113e+00
9.760000e+01 9.755830e-01 9.074723e+00
9.770000e+01 9.755685e-01 9.079281e+00
9.780000e+01 9.755455e-01 9.085738e+00
9.790000e+01 9.754699e-01 9.104278e+00
9.800000e+01 9.754973e-01 9.099273e+00
9.810000e+01 9.755010e-01 9.099888e+00
9.820000e+01 9.754854e-01 9.104833e+00
9.830000e+01 9.754610e-01 9.111786e+00
9.840000e+01 9.754381e-01 9.118375e+00
9.850000e+01 9.754123e-01 9.125637e+00
9.860000e+01 9.753787e-01 9.134681e+00
9.870000e+01 9.753475e-01 9.143195e+00
9.880000e+01 9.753160e-01 9.151820e+00
9.890000e+01 9.752775e-01 9.162004e+00
9.900000e+01 9.752330e-01 9.173516e+00
9.910000e+01 9.751675e-01 9.189658e+00
9.920000e+01 9.749806e-01 9.233033e+00
9.930000e+01 9.749557e-01 9.240259e+00
9.940000e+01 9.750330e-01 9.224850e+00
9.950000e+01 9.750038e-01 9.233242e+00
9.960000e+01 9.749529e-01 9.246411e+00
9.970000e+01 9.748824e-01 9.263921e+00
9.980000e+01 9.748171e-01 9.280186e+00
9.990000e+01 9.747507e-01 9.296649e+00
1.000000e+02 9.746704e-01 9.316056e+00
1.001000e+02 9.745720e-01 9.339288e+00
1.002000e+02 9.744470e-01 9.368178e+00
1.003000e+02 9.743016e-01 9.400995e+00
1.004000e+02 9.740760e-01 9.451294e+00
1.005000e+02 9.735394e-01 9.575390e+00
1.006000e+02 9.736234e-01 9.555862e+00
1.007000e+02 9.733177e-01 9.631599e+00
1.008000e+02 9.739487e-01 9.489781e+00
1.009000e+02 9.738695e-01 9.512479e+00
1.010000e+02 9.739593e-01 9.492743e+00
1.011000e+02 9.738856e-01 9.511001e+00
1.012000e+02 9.737497e-01 9.542637e+00
1.013000e+02 9.735599e-01 9.585315e+00
1.014000e+02 9.732248e-01 9.659117e+00
1.015000e+02 9.725626e-01 9.803160e+00
1.016000e+02 9.708568e-01 1.017440e+01
1.017000e+02 9.627873e-01 1.197139e+01
1.018000e+02 9.658711e-01 1.127932e+01
1.019000e+02 9.708788e-01 1.017867e+01
1.020000e+02 9.723665e-01 9.859664e+00
1.021000e+02 9.728592e-01 9.757711e+00
1.022000e+02 9.730454e-01 9.721787e+00
1.023000e+02 9.731373e-01 9.705521e+00
1.024000e+02 9.731581e-01 9.704612e+00
1.025000e+02 9.731399e-01 9.712038e+00
1.026000e+02 9.731002e-01 9.724038e+00
1.027000e+02 9.730448e-01 9.739445e+00
1.028000e+02 9.729791e-01 9.757076e+00
1.029000e+02 9.729017e-01 9.777290e+00
1.030000e+02 9.728128e-01 9.800005e+00
1.031000e+02 9.726999e-01 9.828077e+00
1.032000e+02 9.725925e-01 9.854894e+00
1.033000e+02 9.724910e-01 9.880292e+00
1.034000e+02 9.723351e-01 9.917729e+00
1.035000e+02 9.721311e-01 9.965691e+00
1.036000e+02 9.719099e-01 1.001710e+01
1.037000e+02 9.715934e-01 1.008850e+01
1.038000e+02 9.704543e-01 1.034175e+01
1.039000e+02 9.674975e-01 1.101486e+01
1.040000e+02 9.708859e-01 1.025412e+01
1.041000e+02 9.713142e-01 1.016550e+01
1.042000e+02 9.713746e-01 1.015725e+01
1.043000e+02 9.713198e-01 1.017392e+01
1.044000e+02 9.712322e-01 1.019759e+01
1.045000e+02 9.711413e-01 1.022186e+01
1.046000e+02 9.710278e-01 1.025111e+01
1.047000e+02 9.709036e-01 1.028277e+01
1.048000e+02 9.707710e-01 1.031627e+01
1.049000e+02 9.706309e-01 1.035150e+01
1.050000e+02 9.704846e-01 1.038813e+01
1.051000e+02 9.703317e-01 1.042630e+01
1.052000e+02 9.701595e-01 1.046892e+01
1.053000e+02 9.700123e-01 1.050586e+01
1.054000e+02 9.698514e-01 1.054601e+01
1.055000e+02 9.696838e-01 1.058773e+01
1.056000e+02 9.695107e-01 1.063076e+01
1.057000e+02 9.693321e-01 1.067507e+01
1.058000e+02 9.691485e-01 1.072056e+01
1.059000e+02 9.689599e-01 1.076726e+01
1.060000e+02 9.687654e-01 1.081538e+01
1.061000e+02 9.685673e-01 1.086434e+01
1.062000e+02 9.683611e-01 1.091526e+01
1.063000e+02 9.681540e-01 1.096641e+01
1.064000e+02 9.679386e-01 1.101951e+01
1.065000e+02 9.677169e-01 1.107411e+01
1.066000e+02 9.674811e-01 1.113200e+01
1.067000e+02 9.672566e-01 1.118741e+01
1.068000e+02 9.670205e-01 1.124552e+01
1.069000e+02 9.667759e-01 1.130566e+01
1.070000e+02 9.665240e-01 1.136750e+01
1.071000e+02 9.662648e-01 1.143111e+01
1.072000e+02 9.659918e-01 1.149797e+01
1.073000e+02 9.657216e-01 1.156414e+01
1.074000e+02 9.654323e-01 1.163485e+01
1.075000e+02 9.651548e-01 1.170297e+01
1.076000e+02 9.648597e-01 1.177519e+01
1.077000e+02 9.645545e-01 1.184979e+01
1.078000e+02 9.642383e-01 1.192695e+01
1.079000e+02 9.639051e-01 1.200802e+01
1.080000e+02 9.635464e-01 1.209504e+01
1.081000e+02 9.632365e-01 1.217119e+01
1.082000e+02 9.628899e-01 1.225578e+01
1.083000e+02 9.625287e-01 1.234375e+01
1.084000e+02 9.621544e-01 1.243479e+01
1.085000e+02 9.617679e-01 1.252869e+01
1.086000e+02 9.613680e-01 1.262575e+01
1.087000e+02 9.609538e-01 1.272616e+01
1.088000e+02 9.605237e-01 1.283024e+01
1.089000e+02 9.600755e-01 1.293848e+01
1.090000e+02 9.596053e-01 1.305171e+01
1.091000e+02 9.591057e-01 1.317152e+01
1.092000e+02 9.585601e-01 1.330142e+01
1.093000e+02 9.579198e-01 1.345187e+01
1.094000e+02 9.570517e-01 1.365146e+01
1.095000e+02 9.549231e-01 1.412882e+01
1.096000e+02 9.534545e-01 1.446622e+01
1.097000e+02 9.552765e-01 1.407603e+01
1.098000e+02 9.551388e-01 1.412117e+01
1.099000e+02 9.546819e-01 1.423546e+01
1.100000e+02 9.541067e-01 1.437534e+01
1.101000e+02 9.534573e-01 1.453135e+01
1.102000e+02 9.527385e-01 1.470254e+01
1.103000e+02 9.519373e-01 1.489153e+01
1.104000e+02 9.510158e-01 1.510642e+01
1.105000e+02 9.498910e-01 1.536454e+01
1.106000e+02 9.482608e-01 1.573056e+01
1.107000e+02 9.450508e-01 1.643716e+01
1.108000e+02 9.320750e-01 1.931278e+01
1.109000e+02 9.374787e-01 1.812446e+01
1.110000e+02 9.435435e-01 1.682508e+01
1.111000e+02 9.444306e-01 1.666144e+01
1.112000e+02 9.442534e-01 1.672628e+01
1.113000e+02 9.436610e-01 1.687999e+01
1.114000e+02 9.428716e-01 1.707620e+01
1.115000e+02 9.419632e-01 1.729841e+01
1.116000e+02 9.409723e-01 1.753899e+01
1.117000e+02 9.399083e-01 1.779613e+01
1.118000e+02 9.387754e-01 1.806912e+01
1.119000e+02 9.376000e-01 1.835206e+01
1.120000e+02 9.363561e-01 1.865096e+01
1.121000e+02 9.350508e-01 1.896424e+01
1.122000e+02 9.336831e-01 1.929226e+01
1.123000e+02 9.322502e-01 1.963563e+01
1.124000e+02 9.307488e-01 1.999518e+01
1.125000e+02 9.291740e-01 2.037205e+01
1.126000e+02 9.275117e-01 2.076947e+01
1.127000e+02 9.257755e-01 2.118432e+01
1.128000e+02 9.238500e-01 2.164268e+01
1.129000e+02 9.219970e-01 2.208611e+01
1.130000e+02 9.200876e-01 2.254388e+01
1.131000e+02 9.180143e-01 2.303951e+01
1.132000e+02 9.158269e-01 2.356203e+01
1.133000e+02 9.135163e-01 2.411359e+01
1.134000e+02 9.110670e-01 2.469779e+01
1.135000e+02 9.085080e-01 2.530839e+01
1.136000e+02 9.058248e-01 2.594882e+01
1.137000e+02 9.029780e-01 2.662782e+01
1.138000e+02 8.999668e-01 2.734575e+01
1.139000e+02 8.967775e-01 2.810587e+01
1.140000e+02 8.933407e-01 2.892426e+01
1.141000e+02 8.898326e-01 2.976072e+01
1.142000e+02 8.860456e-01 3.066288e+01
1.143000e+02 8.820138e-01 3.162307e+01
1.144000e+02 8.777573e-01 3.263696e+01
1.145000e+02 8.732106e-01 3.371946e+01
1.146000e+02 8.683437e-01 3.487743e+01
1.147000e+02 8.631101e-01 3.612133e+01
1.148000e+02 8.574112e-01 3.747291e+01
1.149000e+02 8.507936e-01 3.903179e+01
1.150000e+02 8.425093e-01 4.097510e+01
1.151000e+02 8.382612e-01 4.202694e+01
1.152000e+02 8.314598e-01 4.365746e+01
1.153000e+02 8.238528e-01 4.547396e+01
1.154000e+02 8.156457e-01 4.743304e+01
1.155000e+02 8.067450e-01 4.955659e+01
1.156000e+02 7.971210e-01 5.185250e+01
1.157000e+02 7.867124e-01 5.433581e+01
1.158000e+02 7.754443e-01 5.702486e+01
1.159000e+02 7.632444e-01 5.993741e+01
1.160000e+02 7.500035e-01 6.309978e+01
1.161000e+02 7.356169e-01 6.653748e+01
1.162000e+02 7.199622e-01 7.028043e+01
1.163000e+02 7.029420e-01 7.435320e+01
1.164000e+02 6.843782e-01 7.879888e+01
1.165000e+02 6.641237e-01 8.365409e+01
1.166000e+02 6.420120e-01 8.896043e+01
1.167000e+02 6.178633e-01 9.476320e+01
1.168000e+02 5.914999e-01 1.011079e+02
1.169000e+02 5.627292e-01 1.080444e+02
1.170000e+02 5.313756e-01 1.156197e+02
1.171000e+02 4.972879e-01 1.238765e+02
1.172000e+02 4.603583e-01 1.328490e+02
1.173000e+02 4.205810e-01 1.425496e+02
1.174000e+02 3.780244e-01 1.529752e+02
1.175000e+02 3.329723e-01 1.640752e+02
1.176000e+02 2.859511e-01 1.757442e+02
1.177000e+02 2.378159e-01 1.878019e+02
1.178000e+02 1.898197e-01 1.999746e+02
1.179000e+02 1.436425e-01 2.118855e+02
1.180000e+02 1.013291e-01 2.230631e+02
1.181000e+02 6.505888e-02 2.329863e+02
1.182000e+02 3.671108e-02 2.411750e+02
1.183000e+02 1.724752e-02 2.473246e+02
1.184000e+02 6.193654e-03 2.514253e+02
1.185000e+02 1.456896e-03 2.538190e+02
1.186000e+02 1.555444e-04 2.550435e+02
1.187000e+02 1.596388e-06 2.555494e+02
1.188000e+02 1.519816e-06 2.555417e+02
1.189000e+02 1.552666e-04 2.550192e+02
1.190000e+02 1.473482e-03 2.537717e+02
1.191000e+02 6.317920e-03 2.513321e+02
1.192000e+02 1.761597e-02 2.471541e+02
1.193000e+02 3.744102e-02 2.409024e+02
1.194000e+02 6.646015e-02 2.325457e+02
1.195000e+02 1.035033e-01 2.224365e+02
1.196000e+02 1.466543e-01 2.110629e+02
1.197000e+02 1.936683e-01 1.989605e+02
1.198000e+02 2.424468e-01 1.866119e+02
1.199000e+02 2.912414e-01 1.744090e+02
1.200000e+02 3.389010e-01 1.626012e+02
1.201000e+02 3.844540e-01 1.513952e+02
1.202000e+02 4.274005e-01 1.408895e+02
1.203000e+02 4.674860e-01 1.311278e+02
1.204000e+02 5.046332e-01 1.221150e+02
1.205000e+02 5.388644e-01 1.138346e+02
1.206000e+02 5.703020e-01 1.062491e+02
1.207000e+02 5.991098e-01 9.931273e+01
1.208000e+02 6.254707e-01 9.297690e+01
1.209000e+02 6.496002e-01 8.718666e+01
1.210000e+02 6.716740e-01 8.189675e+01
1.211000e+02 6.918712e-01 7.706207e+01
1.212000e+02 7.103617e-01 7.264020e+01
1.213000e+02 7.273096e-01 6.859074e+01
1.214000e+02 7.428629e-01 6.487739e+01
1.215000e+02 7.571477e-01 6.146912e+01
1.216000e+02 7.702784e-01 5.833787e+01
1.217000e+02 7.823724e-01 5.545536e+01
1.218000e+02 7.935396e-01 5.279516e+01
1.219000e+02 8.038340e-01 5.034361e+01
1.220000e+02 8.133764e-01 4.807226e+01
1.221000e+02 8.222027e-01 4.597188e+01
1.222000e+02 8.303851e-01 4.402521e+01
1.223000e+02 8.379814e-01 4.221834e+01
1.224000e+02 8.450426e-01 4.053905e+01
1.225000e+02 8.516138e-01 3.897646e+01
1.226000e+02 8.577311e-01 3.752192e+01
1.227000e+02 8.634390e-01 3.616468e+01
1.228000e+02 8.687717e-01 3.489672e+01
1.229000e+02 8.737442e-01 3.371404e+01
1.230000e+02 8.783746e-01 3.261200e+01
1.231000e+02 8.826566e-01 3.159134e+01
1.232000e+02 8.864292e-01 3.068713e+01
1.233000e+02 8.893954e-01 2.996277e+01
1.234000e+02 8.930497e-01 2.909344e+01
1.235000e+02 8.972478e-01 2.810975e+01
1.236000e+02 9.004384e-01 2.734924e+01
1.237000e+02 9.031549e-01 2.669345e+01
1.238000e+02 9.052797e-01 2.616649e+01
1.239000e+02 9.061595e-01 2.590758e+01
1.240000e+02 9.023639e-01 2.666387e+01
1.241000e+02 8.762022e-01 3.252157e+01
1.242000e+02 9.096963e-01 2.497680e+01
1.243000e+02 9.163310e-01 2.350727e+01
1.244000e+02 9.198784e-01 2.270433e+01
1.245000e+02 9.224993e-01 2.210001e+01
1.246000e+02 9.246945e-01 2.158756e+01
1.247000e+02 9.266265e-01 2.113258e+01
1.248000e+02 9.283547e-01 2.072249e+01
1.249000e+02 9.298861e-01 2.035566e+01
1.250000e+02 9.311813e-01 2.004031e+01
1.251000e+02 9.321136e-01 1.980295e+01
1.252000e+02 9.322012e-01 1.974667e+01
1.253000e+02 9.291437e-01 2.037337e+01
1.254000e+02 9.067110e-01 2.542646e+01
1.255000e+02 9.322917e-01 1.963407e+01
1.256000e+02 9.364697e-01 1.871517e+01
1.257000e+02 9.393810e-01 1.806250e+01
1.258000e+02 9.412970e-01 1.763025e+01
1.259000e+02 9.427644e-01 1.729518e+01
1.260000e+02 9.441049e-01 1.698521e+01
1.261000e+02 9.452725e-01 1.671351e+01
1.262000e+02 9.463466e-01 1.646201e+01
1.263000e+02 9.472835e-01 1.624086e+01
1.264000e+02 9.480189e-01 1.606583e+01
1.265000e+02 9.491956e-01 1.579122e+01
1.266000e+02 9.500926e-01 1.558007e+01
1.267000e+02 9.509232e-01 1.538389e+01
1.268000e+02 9.517099e-01 1.519780e+01
1.269000e+02 9.524592e-01 1.502036e+01
1.270000e+02 9.531725e-01 1.485127e+01
1.271000e+02 9.538618e-01 1.468780e+01
1.272000e+02 9.545176e-01 1.453214e+01
1.273000e+02 9.551396e-01 1.438431e+01
1.274000e+02 9.557205e-01 1.424587e+01
1.275000e+02 9.562922e-01 1.410982e+01
1.276000e+02 9.568652e-01 1.397374e+01
1.277000e+02 9.573389e-01 1.386018e+01
1.278000e+02 9.578648e-01 1.373453e+01
1.279000e+02 9.582831e-01 1.363291e+01
1.280000e+02 9.584979e-01 1.357584e+01
1.281000e+02 9.569258e-01 1.393473e+01
1.282000e+02 9.586179e-01 1.352948e+01
1.283000e+02 9.548463e-01 1.438274e+01
1.284000e+02 9.592744e-01 1.337069e+01
1.285000e+02 9.606678e-01 1.305920e+01
1.286000e+02 9.613623e-01 1.290139e+01
1.287000e+02 9.618777e-01 1.278244e+01
1.288000e+02 9.623224e-01 1.267880e+01
1.289000e+02 9.627284e-01 1.258365e+01
1.290000e+02 9.631085e-01 1.249431e+01
1.291000e+02 9.634731e-01 1.240849e+01
1.292000e+02 9.638197e-01 1.232678e+01
1.293000e+02 9.641520e-01 1.224838e+01
1.294000e+02 9.644715e-01 1.217296e+01
1.295000e+02 9.647675e-01 1.210304e+01
1.296000e+02 9.650799e-01 1.202936e+01
1.297000e+02 9.653709e-01 1.196070e+01
1.298000e+02 9.656383e-01 1.189750e+01
1.299000e+02 9.659241e-01 1.183019e+01
1.300000e+02 9.661912e-01 1.176726e+01
1.301000e+02 9.664477e-01 1.170681e+01
1.302000e+02 9.666938e-01 1.164880e+01
1.303000e+02 9.669363e-01 1.159168e+01
1.304000e+02 9.671691e-01 1.153683e+01
1.305000e+02 9.673929e-01 1.148410e+01
1.306000e+02 9.676061e-01 1.143379e+01
1.307000e+02 9.678033e-01 1.138708e+01
1.308000e+02 9.679618e-01 1.134895e+01
1.309000e+02 9.679079e-01 1.135845e+01
1.310000e+02 9.680314e-01 1.132890e+01
1.311000e+02 9.685466e-01 1.121167e+01
1.312000e+02 9.687914e-01 1.115529e+01
1.313000e+02 9.689931e-01 1.110844e+01
1.314000e+02 9.691780e-01 1.106535e+01
1.315000e+02 9.693439e-01 1.102663e+01
1.316000e+02 9.695236e-01 1.098474e+01
1.317000e+02 9.696887e-01 1.094626e+01
1.318000e+02 9.698384e-01 1.091136e+01
1.319000e+02 9.699915e-01 1.087561e+01
1.320000e+02 9.701311e-01 1.084307e+01
1.321000e+02 9.702769e-01 1.080898e+01
1.322000e+02 9.703871e-01 1.078291e+01
1.323000e+02 9.703902e-01 1.078069e+01
1.324000e+02 9.698210e-01 1.091189e+01
1.325000e+02 9.707235e-01 1.070421e+01
1.326000e+02 9.709371e-01 1.065584e+01
1.327000e+02 9.710872e-01 1.062157e+01
1.328000e+02 9.712171e-01 1.059175e+01
1.329000e+02 9.713322e-01 1.056525e+01
1.330000e+02 9.713973e-01 1.055008e+01
1.331000e+02 9.714825e-01 1.053067e+01
1.332000e+02 9.716700e-01 1.048779e+01
1.333000e+02 9.717927e-01 1.045989e+01
1.334000e+02 9.719016e-01 1.043507e+01
1.335000e+02 9.720035e-01 1.041190e+01
1.336000e+02 9.721026e-01 1.038936e+01
1.337000e+02 9.722007e-01 1.036711e+01
1.338000e+02 9.722934e-01 1.034612e+01
1.339000e+02 9.723786e-01 1.032684e+01
1.340000e+02 9.723977e-01 1.032328e+01
1.341000e+02 9.725498e-01 1.028825e+01
1.342000e+02 9.726400e-01 1.026801e+01
1.343000e+02 9.727207e-01 1.024993e+01
1.344000e+02 9.727921e-01 1.023397e+01
1.345000e+02 9.727515e-01 1.024526e+01
1.346000e+02 9.729437e-01 1.020024e+01
1.347000e+02 9.730239e-01 1.018244e+01
1.348000e+02 9.730963e-01 1.016644e+01
1.349000e+02 9.731632e-01 1.015172e+01
1.350000e+02 9.732322e-01 1.013652e+01
1.351000e+02 9.732967e-01 1.012237e+01
1.352000e+02 9.733586e-01 1.010886e+01
1.353000e+02 9.734183e-01 1.009588e+01
1.354000e+02 9.734752e-01 1.008356e+01
1.355000e+02 9.735293e-01 1.007190e+01
1.356000e+02 9.735811e-01 1.006080e+01
1.357000e+02 9.736274e-01 1.005095e+01
1.358000e+02 9.736668e-01 1.004278e+01
1.359000e+02 9.737125e-01 1.003303e+01
1.360000e+02 9.737423e-01 1.002694e+01
1.361000e+02 9.737358e-01 1.002905e+01
1.362000e+02 9.737549e-01 1.002533e+01
1.363000e+02 9.737067e-01 1.003701e+01
1.364000e+02 9.737225e-01 1.003400e+01
1.365000e+02 9.737506e-01 1.002770e+01
1.366000e+02 9.736402e-01 1.005214e+01
1.367000e+02 9.732502e-01 1.013800e+01
1.368000e+02 9.713998e-01 1.055166e+01
1.369000e+02 9.702113e-01 1.082313e+01
1.370000e+02 9.731664e-01 1.015971e+01
1.371000e+02 9.737368e-01 1.003623e+01
1.372000e+02 9.739663e-01 9.987719e+00
1.373000e+02 9.740805e-01 9.964414e+00
1.374000e+02 9.741467e-01 9.951597e+00
1.375000e+02 9.741893e-01 9.943946e+00
1.376000e+02 9.742323e-01 9.936107e+00
1.377000e+02 9.742594e-01 9.931841e+00
1.378000e+02 9.742790e-01 9.929245e+00
1.379000e+02 9.742928e-01 9.927922e+00
1.380000e+02 9.742994e-01 9.928196e+00
1.381000e+02 9.742379e-01 9.944844e+00
1.382000e+02 9.742908e-01 9.933766e+00
1.383000e+02 9.743279e-01 9.926682e+00
1.384000e+02 9.743423e-01 9.924883e+00
1.385000e+02 9.743516e-01 9.924121e+00
1.386000e+02 9.743713e-01 9.920892e+00
1.387000e+02 9.743597e-01 9.924856e+00
1.388000e+02 9.743285e-01 9.933541e+00
1.389000e+02 9.744565e-01 9.904840e+00
1.390000e+02 9.744862e-01 9.899132e+00
1.391000e+02 9.744650e-01 9.905449e+00
1.392000e+02 9.745805e-01 9.879503e+00
1.393000e+02 9.746218e-01 9.871013e+00
1.394000e+02 9.746544e-01 9.864459e+00
1.395000e+02 9.746815e-01 9.859157e+00
1.396000e+02 9.746963e-01 9.856731e+00
1.397000e+02 9.747097e-01 9.854472e+00
1.398000e+02 9.746509e-01 9.868813e+00
1.399000e+02 9.746687e-01 9.865614e+00
1.400000e+02 9.745615e-01 9.892488e+00
1.401000e+02 9.747644e-01 9.846228e+00
1.402000e+02 9.747919e-01 9.841244e+00
1.403000e+02 9.747919e-01 9.842536e+00
1.404000e+02 9.748053e-01 9.840705e+00
1.405000e+02 9.747965e-01 9.843937e+00
1.406000e+02 9.747634e-01 9.852560e+00
1.407000e+02 9.746293e-01 9.883917e+00
1.408000e+02 9.744426e-01 9.928013e+00
1.409000e+02 9.746886e-01 9.873546e+00
1.410000e+02 9.746992e-01 9.872791e+00
1.411000e+02 9.746681e-01 9.881267e+00
1.412000e+02 9.746123e-01 9.895176e+00
1.413000e+02 9.745317e-01 9.914485e+00
1.414000e+02 9.744226e-01 9.939921e+00
1.415000e+02 9.742628e-01 9.976297e+00
1.416000e+02 9.740242e-01 1.002965e+01
1.417000e+02 9.736478e-01 1.011260e+01
1.418000e+02 9.730087e-01 1.025197e+01
1.419000e+02 9.717530e-01 1.052463e+01
1.420000e+02 9.687088e-01 1.118700e+01
1.421000e+02 9.575836e-01 1.363461e+01
1.422000e+02 9.339852e-01 1.894021e+01
1.423000e+02 9.651720e-01 1.196769e+01
1.424000e+02 9.704996e-01 1.080948e+01
1.425000e+02 9.723329e-01 1.041707e+01
1.426000e+02 9.731623e-01 1.024236e+01
1.427000e+02 9.735954e-01 1.015308e+01
1.428000e+02 9.738398e-01 1.010435e+01
1.429000e+02 9.739814e-01 1.007767e+01
1.430000e+02 9.740615e-01 1.006420e+01
1.431000e+02 9.741027e-01 1.005905e+01
1.432000e+02 9.741186e-01 1.005928e+01
1.433000e+02 9.741168e-01 1.006316e+01
1.434000e+02 9.741048e-01 1.006905e+01
1.435000e+02 9.740863e-01 1.007606e+01
1.436000e+02 9.740651e-01 1.008331e+01
1.437000e+02 9.740363e-01 1.009203e+01
1.438000e+02 9.740338e-01 1.009447e+01
1.439000e+02 9.739591e-01 1.011374e+01
1.440000e+02 9.740513e-01 1.009356e+01
1.441000e+02 9.740800e-01 1.008802e+01
1.442000e+02 9.740803e-01 1.008854e+01
1.443000e+02 9.740565e-01 1.009407e+01
1.444000e+02 9.739926e-01 1.010814e+01
1.445000e+02 9.738582e-01 1.013731e+01
1.446000e+02 9.735691e-01 1.019996e+01
1.447000e+02 9.728776e-01 1.035045e+01
1.448000e+02 9.706717e-01 1.083653e+01
1.449000e+02 9.569738e-01 1.395156e+01
1.450000e+02 9.688287e-01 1.124745e+01
1.451000e+02 9.725059e-01 1.043438e+01
1.452000e+02 9.735334e-01 1.021166e+01
1.453000e+02 9.739659e-01 1.011932e+01
1.454000e+02 9.741794e-01 1.007468e+01
1.455000e+02 9.743189e-01 1.004584e+01
1.456000e+02 9.744074e-01 1.002813e+01
1.457000e+02 9.744656e-01 1.001703e+01
1.458000e+02 9.745054e-01 1.000999e+01
1.459000e+02 9.745275e-01 1.000684e+01
1.460000e+02 9.745192e-01 1.001056e+01
1.461000e+02 9.745111e-01 1.001434e+01
1.462000e+02 9.745643e-01 1.000419e+01
1.463000e+02 9.745750e-01 1.000375e+01
1.464000e+02 9.745760e-01 1.000552e+01
1.465000e+02 9.745776e-01 1.000712e+01
1.466000e+02 9.745726e-01 1.001027e+01
1.467000e+02 9.745630e-01 1.001451e+01
1.468000e+02 9.745525e-01 1.001893e+01
1.469000e+02 9.745371e-01 1.002455e+01
1.470000e+02 9.745276e-01 1.002879e+01
1.471000e+02 9.745117e-01 1.003455e+01
1.472000e+02 9.744928e-01 1.004099e+01
1.473000e+02 9.744721e-01 1.004787e+01
1.474000e+02 9.744440e-01 1.005651e+01
1.475000e+02 9.744232e-01 1.006339e+01
1.476000e+02 9.743904e-01 1.007309e+01
1.477000e+02 9.743629e-01 1.008153e+01
1.478000e+02 9.743278e-01 1.009171e+01
1.479000e+02 9.742854e-01 1.010352e+01
1.480000e+02 9.742313e-01 1.011791e+01
1.481000e+02 9.741514e-01 1.013815e+01
1.482000e+02 9.740886e-01 1.015421e+01
1.483000e+02 9.739833e-01 1.017961e+01
1.484000e+02 9.738052e-01 1.022086e+01
1.485000e+02 9.734625e-01 1.029800e+01
1.486000e+02 9.725957e-01 1.049081e+01
1.487000e+02 9.686007e-01 1.139172e+01
1.488000e+02 9.694490e-01 1.120139e+01
1.489000e+02 9.726179e-01 1.049461e+01
1.490000e+02 9.733166e-01 1.034481e+01
1.491000e+02 9.735565e-01 1.029612e+01
1.492000e+02 9.736470e-01 1.027999e+01
1.493000e+02 9.736716e-01 1.027818e+01
1.494000e+02 9.736538e-01 1.028566e+01
1.495000e+02 9.736253e-01 1.029538e+01
1.496000e+02 9.735878e-01 1.030706e+01
1.497000e+02 9.735316e-01 1.032291e+01
1.498000e+02 9.734540e-01 1.034352e+01
1.499000e+02 9.733689e-01 1.036567e+01
1.500000e+02 9.732499e-01 1.039538e+01
1.501000e+02 9.731181e-01 1.042782e+01
1.502000e+02 9.730090e-01 1.045462e+01
1.503000e+02 9.728329e-01 1.049622e+01
1.504000e+02 9.726383e-01 1.054079e+01
1.505000e+02 9.723647e-01 1.060203e+01
1.506000e+02 9.719605e-01 1.069110e+01
1.507000e+02 9.710938e-01 1.088589e+01
1.508000e+02 9.713666e-01 1.082798e+01
1.509000e+02 9.719453e-01 1.070536e+01
1.510000e+02 9.722110e-01 1.065325e+01
1.511000e+02 9.723637e-01 1.062520e+01
1.512000e+02 9.725069e-01 1.059788e+01
1.513000e+02 9.725960e-01 1.058206e+01
1.514000e+02 9.726575e-01 1.057190e+01
1.515000e+02 9.727001e-01 1.056554e+01
1.516000e+02 9.727268e-01 1.056253e+01
1.517000e+02 9.727525e-01 1.055948e+01
1.518000e+02 9.727686e-01 1.055850e+01
1.519000e+02 9.727762e-01 1.055931e+01
1.520000e+02 9.727347e-01 1.057186e+01
1.521000e+02 9.727815e-01 1.056298e+01
1.522000e+02 9.727791e-01 1.056592e+01
1.523000e+02 9.727702e-01 1.057034e+01
1.524000e+02 9.727563e-01 1.057591e+01
1.525000e+02 9.727363e-01 1.058287e+01
1.526000e+02 9.727153e-01 1.059007e+01
1.527000e+02 9.726889e-01 1.059855e+01
1.528000e+02 9.726570e-01 1.060829e+01
1.529000e+02 9.726194e-01 1.061935e+01
1.530000e+02 9.725682e-01 1.063360e+01
1.531000e+02 9.725204e-01 1.064684e+01
1.532000e+02 9.724600e-01 1.066303e+01
1.533000e+02 9.723875e-01 1.068176e+01
1.534000e+02 9.722838e-01 1.070739e+01
1.535000e+02 9.721274e-01 1.074451e+01
1.536000e+02 9.718489e-01 1.080828e+01
1.537000e+02 9.707059e-01 1.106940e+01
1.538000e+02 9.707580e-01 1.105266e+01
1.539000e+02 9.688219e-01 1.148487e+01
1.540000e+02 9.645875e-01 1.243665e+01
1.541000e+02 9.666810e-01 1.197006e+01
1.542000e+02 9.704034e-01 1.114285e+01
1.543000e+02 9.712684e-01 1.095767e+01
1.544000e+02 9.716001e-01 1.088950e+01
1.545000e+02 9.717381e-01 1.086355e+01
1.546000e+02 9.717967e-01 1.085477e+01
1.547000e+02 9.718155e-01 1.085456e+01
1.548000e+02 9.718119e-01 1.085919e+01
1.549000e+02 9.717943e-01 1.086684e+01
1.550000e+02 9.717676e-01 1.087650e+01
1.551000e+02 9.717342e-01 1.088760e+01
1.552000e+02 9.716959e-01 1.089982e+01
1.553000e+02 9.716534e-01 1.091295e+01
1.554000e+02 9.716073e-01 1.092690e+01
1.555000e+02 9.715575e-01 1.094168e+01
1.556000e+02 9.715033e-01 1.095744e+01
1.557000e+02 9.714425e-01 1.097467e+01
1.558000e+02 9.713672e-01 1.099512e+01
1.559000e+02 9.712540e-01 1.102396e+01
1.560000e+02 9.710524e-01 1.107240e+01
1.561000e+02 9.692000e-01 1.151160e+01
1.562000e+02 9.709053e-01 1.111289e+01
1.563000e+02 9.710389e-01 1.108718e+01
1.564000e+02 9.710182e-01 1.109596e+01
1.565000e+02 9.708642e-01 1.113593e+01
1.566000e+02 9.709316e-01 1.112337e+01
1.567000e+02 9.708813e-01 1.113877e+01
1.568000e+02 9.708414e-01 1.115156e+01
1.569000e+02 9.707847e-01 1.116826e+01
1.570000e+02 9.707117e-01 1.118879e+01
1.571000e+02 9.706571e-01 1.120485e+01
1.572000e+02 9.705717e-01 1.122802e+01
1.573000e+02 9.704487e-01 1.126000e+01
1.574000e+02 9.704590e-01 1.126149e+01
1.575000e+02 9.704067e-01 1.127741e+01
1.576000e+02 9.703454e-01 1.129536e+01
1.577000e+02 9.702801e-01 1.131419e+01
1.578000e+02 9.702130e-01 1.133348e+01
1.579000e+02 9.701443e-01 1.135314e+01
1.580000e+02 9.700742e-01 1.137314e+01
1.581000e+02 9.700025e-01 1.139352e+01
1.582000e+02 9.699281e-01 1.141452e+01
1.583000e+02 9.698495e-01 1.143649e+01
1.584000e+02 9.697626e-01 1.146034e+01
1.585000e+02 9.696039e-01 1.150071e+01
1.586000e+02 9.695580e-01 1.151559e+01
1.587000e+02 9.695436e-01 1.152287e+01
1.588000e+02 9.694713e-01 1.154368e+01
1.589000e+02 9.693998e-01 1.156428e+01
1.590000e+02 9.693211e-01 1.158653e+01
1.591000e+02 9.692326e-01 1.161106e+01
1.592000e+02 9.691402e-01 1.163644e+01
1.593000e+02 9.690650e-01 1.165800e+01
1.594000e+02 9.689934e-01 1.167881e+01
1.595000e+02 9.688883e-01 1.170730e+01
1.596000e+02 9.688187e-01 1.172766e+01
1.597000e+02 9.687441e-01 1.174922e+01
1.598000e+02 9.686569e-01 1.177370e+01
1.599000e+02 9.685558e-01 1.180133e+01
1.600000e+02 9.684691e-01 1.182573e+01
1.601000e+02 9.683871e-01 1.184915e+01
1.602000e+02 9.682976e-01 1.187431e+01
1.603000e+02 9.682109e-01 1.189882e+01
1.604000e+02 9.681073e-01 1.192727e+01
1.605000e+02 9.680206e-01 1.195179e+01
1.606000e+02 9.679326e-01 1.197668e+01
1.607000e+02 9.678390e-01 1.200290e+01
1.608000e+02 9.677427e-01 1.202976e+01
1.609000e+02 9.676436e-01 1.205726e+01
1.610000e+02 9.675366e-01 1.208670e+01
1.611000e+02 9.674107e-01 1.212059e+01
1.612000e+02 9.673338e-01 1.214287e+01
1.613000e+02 9.672217e-01 1.217355e+01
1.614000e+02 9.671327e-01 1.219902e+01
1.615000e+02 9.670296e-01 1.222774e+01
1.616000e+02 9.669228e-01 1.225733e+01
1.617000e+02 9.668139e-01 1.228745e+01
1.618000e+02 9.667025e-01 1.231815e+01
1.619000e+02 9.665876e-01 1.234974e+01
1.620000e+02 9.664762e-01 1.238056e+01
1.621000e+02 9.663603e-01 1.241244e+01
1.622000e+02 9.662416e-01 1.244501e+01
1.623000e+02 9.661147e-01 1.247952e+01
1.624000e+02 9.659997e-01 1.251132e+01
1.625000e+02 9.658769e-01 1.254498e+01
1.626000e+02 9.657505e-01 1.257948e+01
1.627000e+02 9.656234e-01 1.261422e+01
1.628000e+02 9.654924e-01 1.264986e+01
1.629000e+02 9.653580e-01 1.268633e+01
1.630000e+02 9.652201e-01 1.272364e+01
1.631000e+02 9.650735e-01 1.276291e+01
1.632000e+02 9.648942e-01 1.280963e+01
1.633000e+02 9.647385e-01 1.285113e+01
1.634000e+02 9.646367e-01 1.288049e+01
1.635000e+02 9.644917e-01 1.291970e+01
1.636000e+02 9.643323e-01 1.296217e+01
1.637000e+02 9.641724e-01 1.300472e+01
1.638000e+02 9.640031e-01 1.304940e+01
1.639000e+02 9.638235e-01 1.309641e+01
1.640000e+02 9.636284e-01 1.314691e+01
1.641000e+02 9.634263e-01 1.319876e+01
1.642000e+02 9.631994e-01 1.325606e+01
1.643000e+02 9.629421e-01 1.331994e+01
1.644000e+02 9.626367e-01 1.339409e+01
1.645000e+02 9.622484e-01 1.348593e+01
1.646000e+02 9.616951e-01 1.361314e+01
1.647000e+02 9.607322e-01 1.382888e+01
1.648000e+02 9.586498e-01 1.428943e+01
1.649000e+02 9.513908e-01 1.590502e+01
1.650000e+02 9.506201e-01 1.608354e+01
1.651000e+02 9.578489e-01 1.448674e+01
1.652000e+02 9.591716e-01 1.420899e+01
1.653000e+02 9.592527e-01 1.420097e+01
1.654000e+02 9.586924e-01 1.432961e+01
1.655000e+02 9.572712e-01 1.464207e+01
1.656000e+02 9.538016e-01 1.539489e+01
1.657000e+02 9.417109e-01 1.803156e+01
1.658000e+02 8.955423e-01 2.842091e+01
1.659000e+02 9.472408e-01 1.684442e+01
1.660000e+02 9.546519e-01 1.525531e+01
1.661000e+02 9.569700e-01 1.477258e+01
1.662000e+02 9.576934e-01 1.463608e+01
1.663000e+02 9.583501e-01 1.450410e+01
1.664000e+02 9.585575e-01 1.447203e+01
1.665000e+02 9.585745e-01 1.448091e+01
1.666000e+02 9.583695e-01 1.453963e+01
1.667000e+02 9.584458e-01 1.453290e+01
1.668000e+02 9.583271e-01 1.457054e+01
1.669000e+02 9.581644e-01 1.461774e+01
1.670000e+02 9.579683e-01 1.467223e+01
1.671000e+02 9.577345e-01 1.473497e+01
1.672000e+02 9.574618e-01 1.480606e+01
1.673000e+02 9.570958e-01 1.489746e+01
1.674000e+02 9.565332e-01 1.503122e+01
1.675000e+02 9.550055e-01 1.537878e+01
1.676000e+02 9.524865e-01 1.595916e+01
1.677000e+02 9.554708e-01 1.530080e+01
1.678000e+02 9.558125e-01 1.524047e+01
1.679000e+02 9.557686e-01 1.526442e+01
1.680000e+02 9.556068e-01 1.531387e+01
1.681000e+02 9.553913e-01 1.537504e+01
1.682000e+02 9.551491e-01 1.544207e+01
1.683000e+02 9.548875e-01 1.551348e+01
1.684000e+02 9.546117e-01 1.558816e+01
1.685000e+02 9.543232e-01 1.566579e+01
1.686000e+02 9.540212e-01 1.574660e+01
1.687000e+02 9.537069e-01 1.583024e+01
1.688000e+02 9.533604e-01 1.592116e+01
1.689000e+02 9.528798e-01 1.604208e+01
1.690000e+02 9.523233e-01 1.618125e+01
1.691000e+02 9.523369e-01 1.619225e+01
1.692000e+02 9.520676e-01 1.626732e+01
1.693000e+02 9.517402e-01 1.635549e+01
1.694000e+02 9.513954e-01 1.644767e+01
1.695000e+02 9.510340e-01 1.654378e+01
1.696000e+02 9.506533e-01 1.664440e+01
1.697000e+02 9.502710e-01 1.674556e+01
1.698000e+02 9.498408e-01 1.685764e+01
1.699000e+02 9.494331e-01 1.696507e+01
1.700000e+02 9.489861e-01 1.708236e+01
1.701000e+02 9.486807e-01 1.716725e+01
1.702000e+02 9.482699e-01 1.727650e+01
1.703000e+02 9.477342e-01 1.741537e+01
1.704000e+02 9.474105e-01 1.750435e+01
1.705000e+02 9.469680e-01 1.762163e+01
1.706000e+02 9.465094e-01 1.774282e+01
1.707000e+02 9.460379e-01 1.786724e+01
1.708000e+02 9.455532e-01 1.799496e+01
1.709000e+02 9.450532e-01 1.812644e+01
1.710000e+02 9.445275e-01 1.826399e+01
1.711000e+02 9.439828e-01 1.840611e+01
1.712000e+02 9.434194e-01 1.855271e+01
1.713000e+02 9.427810e-01 1.871618e+01
1.714000e+02 9.412375e-01 1.908687e+01
1.715000e+02 9.416221e-01 1.901920e+01
1.716000e+02 9.411867e-01 1.914043e+01
1.717000e+02 9.406417e-01 1.928592e+01
1.718000e+02 9.400475e-01 1.944275e+01
1.719000e+02 9.394287e-01 1.960550e+01
1.720000e+02 9.387897e-01 1.977325e+01
1.721000e+02 9.381322e-01 1.994568e+01
1.722000e+02 9.374539e-01 2.012329e+01
1.723000e+02 9.367571e-01 2.030565e+01
1.724000e+02 9.360464e-01 2.049166e+01
1.725000e+02 9.353117e-01 2.068369e+01
1.726000e+02 9.345545e-01 2.088136e+01
1.727000e+02 9.337720e-01 2.108529e+01
1.728000e+02 9.329487e-01 2.129904e+01
1.729000e+02 9.321321e-01 2.151185e+01
1.730000e+02 9.312680e-01 2.173593e+01
1.731000e+02 9.303540e-01 2.197160e+01
1.732000e+02 9.293618e-01 2.222490e+01
1.733000e+02 9.281526e-01 2.252661e+01
1.734000e+02 9.264953e-01 2.292539e+01
1.735000e+02 9.225350e-01 2.385312e+01
1.736000e+02 9.249046e-01 2.335522e+01
1.737000e+02 9.243985e-01 2.351065e+01
1.738000e+02 9.235180e-01 2.374820e+01
1.739000e+02 9.225076e-01 2.401474e+01
1.740000e+02 9.214236e-01 2.429832e+01
1.741000e+02 9.202847e-01 2.459500e+01
1.742000e+02 9.190905e-01 2.490503e+01
1.743000e+02 9.178578e-01 2.522474e+01
1.744000e+02 9.165714e-01 2.555757e+01
1.745000e+02 9.152196e-01 2.590618e+01
1.746000e+02 9.138281e-01 2.626486e+01
1.747000e+02 9.123695e-01 2.663970e+01
1.748000e+02 9.108239e-01 2.703487e+01
1.749000e+02 9.091519e-01 2.745875e+01
1.750000e+02 9.072433e-01 2.793480e+01
1.751000e+02 9.045410e-01 2.858382e+01
1.752000e+02 8.978737e-01 3.013222e+01
1.753000e+02 9.003119e-01 2.963245e+01
1.754000e+02 8.950084e-01 3.085953e+01
1.755000e+02 8.939688e-01 3.115559e+01
1.756000e+02 8.952082e-01 3.096107e+01
1.757000e+02 8.935949e-01 3.138941e+01
1.758000e+02 8.909995e-01 3.203126e+01
1.759000e+02 8.888754e-01 3.257918e+01
1.760000e+02 8.878874e-01 3.288814e+01
1.761000e+02 8.862326e-01 3.334588e+01
1.762000e+02 8.842870e-01 3.386780e+01
1.763000e+02 8.821651e-01 3.442961e+01
1.764000e+02 8.797728e-01 3.505412e+01
1.765000e+02 8.775287e-01 3.564652e+01
1.766000e+02 8.750227e-01 3.630075e+01
1.767000e+02 8.723673e-01 3.699130e+01
1.768000e+02 8.695667e-01 3.771759e+01
1.769000e+02 8.666465e-01 3.847438e+01
1.770000e+02 8.635886e-01 3.926595e+01
1.771000e+02 8.603993e-01 4.009110e+01
1.772000e+02 8.570587e-01 4.095457e+01
1.773000e+02 8.535632e-01 4.185744e+01
1.774000e+02 8.499021e-01 4.280237e+01
1.775000e+02 8.460890e-01 4.378658e+01
1.776000e+02 8.420970e-01 4.481645e+01
1.777000e+02 8.379202e-01 4.589359e+01
1.778000e+02 8.335480e-01 4.702070e+01
1.779000e+02 8.289680e-01 4.820098e+01
1.780000e+02 8.241941e-01 4.943161e+01
1.781000e+02 8.191878e-01 5.072167e+01
1.782000e+02 8.139396e-01 5.207368e+01
1.783000e+02 8.084367e-01 5.349097e+01
1.784000e+02 8.026591e-01 5.497840e+01
1.785000e+02 7.965543e-01 5.654801e+01
1.786000e+02 7.900266e-01 5.822239e+01
1.787000e+02 7.835595e-01 5.989460e+01
1.788000e+02 7.766309e-01 6.168081e+01
1.789000e+02 7.693057e-01 6.356750e+01
1.790000e+02 7.615977e-01 6.555222e+01
1.791000e+02 7.534920e-01 6.763915e+01
1.792000e+02 7.449670e-01 6.983394e+01
1.793000e+02 7.359997e-01 7.214260e+01
1.794000e+02 7.265643e-01 7.457178e+01
1.795000e+02 7.166340e-01 7.712845e+01
1.796000e+02 7.061807e-01 7.981982e+01
1.797000e+02 6.951741e-01 8.265374e+01
1.798000e+02 6.835780e-01 8.563926e+01
1.799000e+02 6.713280e-01 8.879167e+01
1.800000e+02 6.575703e-01 9.231215e+01
1.801000e+02 6.450033e-01 9.557336e+01
1.802000e+02 6.308620e-01 9.921986e+01
1.803000e+02 6.159480e-01 1.030644e+02
1.804000e+02 6.002660e-01 1.071073e+02
1.805000e+02 5.838021e-01 1.113528e+02
1.806000e+02 5.665329e-01 1.158071e+02
1.807000e+02 5.484472e-01 1.204736e+02
1.808000e+02 5.295337e-01 1.253554e+02
1.809000e+02 5.097900e-01 1.304534e+02
1.810000e+02 4.892136e-01 1.357683e+02
1.811000e+02 4.678710e-01 1.412849e+02
1.812000e+02 4.457759e-01 1.469992e+02
1.813000e+02 4.229706e-01 1.529003e+02
1.814000e+02 3.995363e-01 1.589680e+02
1.815000e+02 3.755882e-01 1.651735e+02
1.816000e+02 3.512403e-01 1.714876e+02
1.817000e+02 3.266423e-01 1.778719e+02
1.818000e+02 3.019728e-01 1.842805e+02
1.819000e+02 2.774330e-01 1.906615e+02
1.820000e+02 2.532434e-01 1.969576e+02
1.821000e+02 2.296288e-01 2.031093e+02
1.822000e+02 2.067991e-01 2.090604e+02
1.823000e+02 1.852399e-01 2.146920e+02
1.824000e+02 1.649107e-01 2.200022e+02
1.825000e+02 1.461183e-01 2.249122e+02
1.826000e+02 1.290349e-01 2.293733e+02
1.827000e+02 1.138102e-01 2.333430e+02
1.828000e+02 1.005494e-01 2.367895e+02
1.829000e+02 8.932139e-02 2.396905e+02
1.830000e+02 8.016358e-02 2.420322e+02
1.831000e+02 7.307106e-02 2.438122e+02
1.832000e+02 6.785032e-02 2.450733e+02
1.833000e+02 6.125835e-02 2.465851e+02
1.834000e+02 6.785843e-02 2.450374e+02
1.835000e+02 7.367912e-02 2.436148e+02
1.836000e+02 8.122349e-02 2.417088e+02
1.837000e+02 9.077457e-02 2.392569e+02
1.838000e+02 1.023171e-01 2.362669e+02
1.839000e+02 1.158111e-01 2.327537e+02
1.840000e+02 1.311279e-01 2.287530e+02
1.841000e+02 1.480622e-01 2.243182e+02
1.842000e+02 1.661751e-01 2.195534e+02
1.843000e+02 1.837724e-01 2.148357e+02
1.844000e+02 1.978627e-01 2.108655e+02
1.845000e+02 2.283360e-01 2.032529e+02
1.846000e+02 2.525281e-01 1.970101e+02
1.847000e+02 2.750402e-01 1.911133e+02
1.848000e+02 2.990222e-01 1.848916e+02
1.849000e+02 3.245251e-01 1.783447e+02
1.850000e+02 3.486850e-01 1.720998e+02
1.851000e+02 3.723260e-01 1.659832e+02
1.852000e+02 3.954761e-01 1.599944e+02
1.853000e+02 4.180228e-01 1.541625e+02
1.854000e+02 4.399528e-01 1.484928e+02
1.855000e+02 4.609297e-01 1.430615e+02
1.856000e+02 4.813201e-01 1.377911e+02
1.857000e+02 5.015229e-01 1.325949e+02
1.858000e+02 5.205922e-01 1.276794e+02
1.859000e+02 5.388373e-01 1.229765e+02
1.860000e+02 5.562791e-01 1.184815e+02
1.861000e+02 5.729409e-01 1.141888e+02
1.862000e+02 5.888415e-01 1.100933e+02
1.863000e+02 6.040002e-01 1.061899e+02
1.864000e+02 6.184369e-01 1.024731e+02
1.865000e+02 6.321869e-01 9.893398e+01
1.866000e+02 6.452985e-01 9.556084e+01
1.867000e+02 6.577603e-01 9.235495e+01
1.868000e+02 6.696122e-01 8.930637e+01
1.869000e+02 6.808794e-01 8.640829e+01
1.870000e+02 6.915721e-01 8.365729e+01
1.871000e+02 7.015290e-01 8.108795e+01
1.872000e+02 7.113226e-01 7.857395e+01
1.873000e+02 7.207422e-01 7.615930e+01
1.874000e+02 7.295669e-01 7.389261e+01
1.875000e+02 7.379466e-01 7.173942e+01
1.876000e+02 7.458942e-01 6.969616e+01
1.877000e+02 7.534971e-01 6.774266e+01
1.878000e+02 7.606777e-01 6.589512e+01
1.879000e+02 7.672167e-01 6.420275e+01
1.880000e+02 7.742117e-01 6.242021e+01
1.881000e+02 7.805432e-01 6.079598e+01
1.882000e+02 7.865560e-01 5.925223e+01
1.883000e+02 7.922877e-01 5.778023e+01
1.884000e+02 7.977611e-01 5.637451e+01
1.885000e+02 8.030024e-01 5.502881e+01
1.886000e+02 8.080054e-01 5.374394e+01
1.887000e+02 8.127863e-01 5.251591e+01
1.888000e+02 8.173466e-01 5.134393e+01
1.889000e+02 8.215372e-01 5.026232e+01
1.890000e+02 8.259053e-01 4.914487e+01
1.891000e+02 8.299537e-01 4.810614e+01
1.892000e+02 8.338227e-01 4.711296e+01
1.893000e+02 8.375115e-01 4.616525e+01
1.894000e+02 8.410818e-01 4.524900e+01
1.895000e+02 8.444938e-01 4.437285e+01
1.896000e+02 8.477649e-01 4.353261e+01
1.897000e+02 8.508967e-01 4.272775e+01
1.898000e+02 8.539250e-01 4.195018e+01
1.899000e+02 8.568358e-01 4.120280e+01
1.900000e+02 8.596310e-01 4.048490e+01
1.901000e+02 8.623181e-01 3.979463e+01
1.902000e+02 8.649021e-01 3.913068e+01
1.903000e+02 8.673852e-01 3.849243e+01
1.904000e+02 8.697622e-01 3.788077e+01
1.905000e+02 8.719743e-01 3.730837e+01
1.906000e+02 8.739757e-01 3.678632e+01
1.907000e+02 8.764239e-01 3.616811e+01
1.908000e+02 8.785349e-01 3.562741e+01
1.909000e+02 8.805452e-01 3.511139e+01
1.910000e+02 8.824779e-01 3.461494e+01
1.911000e+02 8.843393e-01 3.413663e+01
1.912000e+02 8.861374e-01 3.367454e+01
1.913000e+02 8.878716e-01 3.322880e+01
1.914000e+02 8.895451e-01 3.279853e+01
1.915000e+02 8.911600e-01 3.238323e+01
1.916000e+02 8.927167e-01 3.198270e+01
1.917000e+02 8.942095e-01 3.159811e+01
1.918000e+02 8.955368e-01 3.125269e+01
1.919000e+02 8.970670e-01 3.086271e+01
1.920000e+02 8.984434e-01 3.050927e+01
1.921000e+02 8.997591e-01 3.017074e+01
1.922000e+02 9.010083e-01 2.984840e+01
1.923000e+02 9.022144e-01 2.953706e+01
1.924000e+02 9.034185e-01 2.922758e+01
1.925000e+02 9.045590e-01 2.893345e+01
1.926000e+02 9.056413e-01 2.865341e+01
1.927000e+02 9.066534e-01 2.839015e+01
1.928000e+02 9.076545e-01 2.813005e+01
1.929000e+02 9.085532e-01 2.789338e+01
1.930000e+02 9.093451e-01 2.768053e+01
1.931000e+02 9.099028e-01 2.751864e+01
1.932000e+02 9.098610e-01 2.748535e+01
1.933000e+02 9.062264e-01 2.824018e+01
1.934000e+02 9.068022e-01 2.808147e+01
1.935000e+02 9.123587e-01 2.683809e+01
1.936000e+02 9.141477e-01 2.642158e+01
1.937000e+02 9.152880e-01 2.614421e+01
1.938000e+02 9.162152e-01 2.591245e+01
1.939000e+02 9.170442e-01 2.570190e+01
1.940000e+02 9.177739e-01 2.551423e+01
1.941000e+02 9.185850e-01 2.530708e+01
1.942000e+02 9.193156e-01 2.511895e+01
1.943000e+02 9.200267e-01 2.493529e+01
1.944000e+02 9.207013e-01 2.475988e+01
1.945000e+02 9.213296e-01 2.459476e+01
1.946000e+02 9.219020e-01 2.444195e+01
1.947000e+02 9.224007e-01 2.430517e+01
1.948000e+02 9.227941e-01 2.419102e+01
1.949000e+02 9.230226e-01 2.411193e+01
1.950000e+02 9.229624e-01 2.409376e+01
1.951000e+02 9.223194e-01 2.419837e+01
1.952000e+02 9.202385e-01 2.460730e+01
1.953000e+02 9.133379e-01 2.604817e+01
1.954000e+02 8.726826e-01 3.494930e+01
1.955000e+02 8.994598e-01 2.900087e+01
1.956000e+02 9.164654e-01 2.530672e+01
1.957000e+02 9.113087e-01 2.648865e+01
1.958000e+02 9.221060e-01 2.408330e+01
1.959000e+02 9.266482e-01 2.308898e+01
1.960000e+02 9.285310e-01 2.267060e+01
1.961000e+02 9.296955e-01 2.240490e+01
1.962000e+02 9.305501e-01 2.220497e+01
1.963000e+02 9.312683e-01 2.203357e+01
1.964000e+02 9.318492e-01 2.189225e+01
1.965000e+02 9.324449e-01 2.174698e+01
1.966000e+02 9.329621e-01 2.161927e+01
1.967000e+02 9.334405e-01 2.150021e+01
1.968000e+02 9.338886e-01 2.138802e+01
1.969000e+02 9.343126e-01 2.128138e+01
1.970000e+02 9.347256e-01 2.117741e+01
1.971000e+02 9.351110e-01 2.107982e+01
1.972000e+02 9.354888e-01 2.098417e+01
1.973000e+02 9.358516e-01 2.089214e+01
1.974000e+02 9.361910e-01 2.080553e+01
1.975000e+02 9.364611e-01 2.073464e+01
1.976000e+02 9.367474e-01 2.066032e+01
1.977000e+02 9.371338e-01 2.056412e+01
1.978000e+02 9.374695e-01 2.047965e+01
1.979000e+02 9.377589e-01 2.040558e+01
1.980000e+02 9.378406e-01 2.038040e+01
1.981000e+02 9.383231e-01 2.026171e+01
1.982000e+02 9.386164e-01 2.018769e+01
1.983000e+02 9.388807e-01 2.012036e+01
1.984000e+02 9.391305e-01 2.005647e+01
1.985000e+02 9.393668e-01 1.999581e+01
1.986000e+02 9.395912e-01 1.993799e+01
1.987000e+02 9.398024e-01 1.988332e+01
1.988000e+02 9.399944e-01 1.983306e+01
1.989000e+02 9.401600e-01 1.978876e+01
1.990000e+02 9.402790e-01 1.975468e+01
1.991000e+02 9.402851e-01 1.974518e+01
1.992000e+02 9.396424e-01 1.988210e+01
1.993000e+02 9.390711e-01 1.999487e+01
1.994000e+02 9.348803e-01 2.094016e+01
1.995000e+02 9.402105e-01 1.973322e+01
1.996000e+02 9.409787e-01 1.956159e+01
1.997000e+02 9.413239e-01 1.948192e+01
1.998000e+02 9.415184e-01 1.943500e+01
1.999000e+02 9.416468e-01 1.940251e+01
2.000000e+02 9.417282e-01 1.938043e+01
1 1.0 0
1.000000e+01 9.963107e-01 3.594747e+00
1.010000e+01 9.962910e-01 3.599396e+00
1.020000e+01 9.962373e-01 3.611656e+00
1.030000e+01 9.962546e-01 3.608109e+00
1.040000e+01 9.962565e-01 3.608116e+00
1.050000e+01 9.962470e-01 3.610604e+00
1.060000e+01 9.962329e-01 3.614109e+00
1.070000e+01 9.962216e-01 3.616955e+00
1.080000e+01 9.962073e-01 3.620461e+00
1.090000e+01 9.961895e-01 3.624724e+00
1.100000e+01 9.961584e-01 3.631910e+00
1.110000e+01 9.961141e-01 3.642151e+00
1.120000e+01 9.961441e-01 3.635873e+00
1.130000e+01 9.961384e-01 3.637586e+00
1.140000e+01 9.961272e-01 3.640479e+00
1.150000e+01 9.961143e-01 3.643755e+00
1.160000e+01 9.961005e-01 3.647218e+00
1.170000e+01 9.960862e-01 3.650797e+00
1.180000e+01 9.960716e-01 3.654466e+00
1.190000e+01 9.960566e-01 3.658211e+00
1.200000e+01 9.960413e-01 3.662025e+00
1.210000e+01 9.960258e-01 3.665903e+00
1.220000e+01 9.960100e-01 3.669846e+00
1.230000e+01 9.959939e-01 3.673853e+00
1.240000e+01 9.959776e-01 3.677926e+00
1.250000e+01 9.959610e-01 3.682065e+00
1.260000e+01 9.959441e-01 3.686297e+00
1.270000e+01 9.959271e-01 3.690546e+00
1.280000e+01 9.959097e-01 3.694891e+00
1.290000e+01 9.958920e-01 3.699311e+00
1.300000e+01 9.958741e-01 3.703806e+00
1.310000e+01 9.958558e-01 3.708378e+00
1.320000e+01 9.958372e-01 3.713027e+00
1.330000e+01 9.958183e-01 3.717757e+00
1.340000e+01 9.957991e-01 3.722568e+00
1.350000e+01 9.957796e-01 3.727463e+00
1.360000e+01 9.957597e-01 3.732447e+00
1.370000e+01 9.957395e-01 3.737518e+00
1.380000e+01 9.957189e-01 3.742672e+00
1.390000e+01 9.956980e-01 3.747928e+00
1.400000e+01 9.956767e-01 3.753282e+00
1.410000e+01 9.956549e-01 3.758743e+00
1.420000e+01 9.956327e-01 3.764313e+00
1.430000e+01 9.956100e-01 3.770009e+00
1.440000e+01 9.955868e-01 3.775849e+00
1.450000e+01 9.955627e-01 3.781872e+00
1.460000e+01 9.955374e-01 3.788180e+00
1.470000e+01 9.955092e-01 3.795147e+00
1.480000e+01 9.954657e-01 3.805485e+00
1.490000e+01 9.954236e-01 3.815583e+00
1.500000e+01 9.954310e-01 3.814788e+00
1.510000e+01 9.954103e-01 3.820238e+00
1.520000e+01 9.953853e-01 3.826635e+00
1.530000e+01 9.953587e-01 3.833405e+00
1.540000e+01 9.953311e-01 3.840425e+00
1.550000e+01 9.953025e-01 3.847671e+00
1.560000e+01 9.952731e-01 3.855136e+00
1.570000e+01 9.952428e-01 3.862826e+00
1.580000e+01 9.952115e-01 3.870751e+00
1.590000e+01 9.951788e-01 3.879028e+00
1.600000e+01 9.951432e-01 3.887955e+00
1.610000e+01 9.950960e-01 3.899460e+00
1.620000e+01 9.950497e-01 3.910851e+00
1.630000e+01 9.950390e-01 3.914444e+00
1.640000e+01 9.950070e-01 3.922784e+00
1.650000e+01 9.949714e-01 3.931957e+00
1.660000e+01 9.949338e-01 3.941613e+00
1.670000e+01 9.948946e-01 3.951655e+00
1.680000e+01 9.948538e-01 3.962110e+00
1.690000e+01 9.948121e-01 3.972814e+00
1.700000e+01 9.947687e-01 3.983958e+00
1.710000e+01 9.947238e-01 3.995512e+00
1.720000e+01 9.946772e-01 4.007491e+00
1.730000e+01 9.946289e-01 4.019928e+00
1.740000e+01 9.945788e-01 4.032850e+00
1.750000e+01 9.945267e-01 4.046291e+00
1.760000e+01 9.944725e-01 4.060289e+00
1.770000e+01 9.944160e-01 4.074885e+00
1.780000e+01 9.943570e-01 4.090149e+00
1.790000e+01 9.942956e-01 4.106064e+00
1.800000e+01 9.942315e-01 4.122690e+00
1.810000e+01 9.941642e-01 4.140140e+00
1.820000e+01 9.940938e-01 4.158454e+00
1.830000e+01 9.940198e-01 4.177701e+00
1.840000e+01 9.939420e-01 4.197957e+00
1.850000e+01 9.938600e-01 4.219309e+00
1.860000e+01 9.937736e-01 4.241854e+00
1.870000e+01 9.936823e-01 4.265698e+00
1.880000e+01 9.935859e-01 4.290889e+00
1.890000e+01 9.934836e-01 4.317645e+00
1.900000e+01 9.933752e-01 4.346053e+00
1.910000e+01 9.932596e-01 4.376346e+00
1.920000e+01 9.931370e-01 4.408511e+00
1.930000e+01 9.930061e-01 4.442869e+00
1.940000e+01 9.928663e-01 4.479613e+00
1.950000e+01 9.927167e-01 4.518954e+00
1.960000e+01 9.925565e-01 4.561131e+00
1.970000e+01 9.923845e-01 4.606415e+00
1.980000e+01 9.921999e-01 4.655085e+00
1.990000e+01 9.920013e-01 4.707466e+00
2.000000e+01 9.917874e-01 4.763903e+00
2.010000e+01 9.915570e-01 4.824738e+00
2.020000e+01 9.913087e-01 4.890353e+00
2.030000e+01 9.910407e-01 4.961203e+00
2.040000e+01 9.907520e-01 5.037560e+00
2.050000e+01 9.904406e-01 5.119939e+00
2.060000e+01 9.901053e-01 5.208680e+00
2.070000e+01 9.897450e-01 5.304090e+00
2.080000e+01 9.893586e-01 5.406427e+00
2.090000e+01 9.889460e-01 5.515724e+00
2.100000e+01 9.885073e-01 5.631950e+00
2.110000e+01 9.880440e-01 5.754730e+00
2.120000e+01 9.875587e-01 5.883371e+00
2.130000e+01 9.870553e-01 6.016776e+00
2.140000e+01 9.865403e-01 6.153269e+00
2.150000e+01 9.860216e-01 6.290747e+00
2.160000e+01 9.855095e-01 6.426451e+00
2.170000e+01 9.850163e-01 6.557105e+00
2.180000e+01 9.845559e-01 6.679026e+00
2.190000e+01 9.841428e-01 6.788330e+00
2.200000e+01 9.837915e-01 6.881214e+00
2.210000e+01 9.835144e-01 6.954316e+00
2.220000e+01 9.833214e-01 7.005051e+00
2.230000e+01 9.832181e-01 7.031904e+00
2.240000e+01 9.832058e-01 7.034533e+00
2.250000e+01 9.832808e-01 7.013912e+00
2.260000e+01 9.834356e-01 6.972064e+00
2.270000e+01 9.836594e-01 6.911856e+00
2.280000e+01 9.839393e-01 6.836668e+00
2.290000e+01 9.842621e-01 6.750071e+00
2.300000e+01 9.846146e-01 6.655546e+00
2.310000e+01 9.849848e-01 6.556277e+00
2.320000e+01 9.853623e-01 6.455028e+00
2.330000e+01 9.857385e-01 6.354092e+00
2.340000e+01 9.861063e-01 6.255315e+00
2.350000e+01 9.864597e-01 6.160272e+00
2.360000e+01 9.867948e-01 6.069953e+00
2.370000e+01 9.871024e-01 5.986443e+00
2.380000e+01 9.873389e-01 5.919447e+00
2.390000e+01 9.875815e-01 5.852264e+00
2.400000e+01 9.879432e-01 5.759767e+00
2.410000e+01 9.882044e-01 5.690386e+00
2.420000e+01 9.884339e-01 5.628765e+00
2.430000e+01 9.886417e-01 5.572727e+00
2.440000e+01 9.888307e-01 5.521617e+00
2.450000e+01 9.890025e-01 5.475001e+00
2.460000e+01 9.891586e-01 5.432530e+00
2.470000e+01 9.893001e-01 5.393908e+00
2.480000e+01 9.894281e-01 5.358863e+00
2.490000e+01 9.895433e-01 5.327170e+00
2.500000e+01 9.896462e-01 5.298677e+00
2.510000e+01 9.897354e-01 5.273715e+00
2.520000e+01 9.898208e-01 5.250022e+00
2.530000e+01 9.898982e-01 5.228492e+00
2.540000e+01 9.899623e-01 5.210276e+00
2.550000e+01 9.899942e-01 5.199573e+00
2.560000e+01 9.900150e-01 5.191342e+00
2.570000e+01 9.900615e-01 5.178005e+00
2.580000e+01 9.901546e-01 5.154757e+00
2.590000e+01 9.902001e-01 5.142234e+00
2.600000e+01 9.902331e-01 5.132650e+00
2.610000e+01 9.902590e-01 5.124866e+00
2.620000e+01 9.902792e-01 5.118509e+00
2.630000e+01 9.902945e-01 5.113413e+00
2.640000e+01 9.903055e-01 5.109457e+00
2.650000e+01 9.903124e-01 5.106557e+00
2.660000e+01 9.903158e-01 5.104599e+00
2.670000e+01 9.903156e-01 5.103553e+00
2.680000e+01 9.903122e-01 5.103351e+00
2.690000e+01 9.903058e-01 5.103944e+00
2.700000e+01 9.902966e-01 5.105277e+00
2.710000e+01 9.902846e-01 5.107326e+00
2.720000e+01 9.902700e-01 5.110065e+00
2.730000e+01 9.902525e-01 5.113512e+00
2.740000e+01 9.902308e-01 5.118000e+00
2.750000e+01 9.902078e-01 5.122871e+00
2.760000e+01 9.901864e-01 5.127481e+00
2.770000e+01 9.901616e-01 5.132899e+00
2.780000e+01 9.901309e-01 5.139708e+00
2.790000e+01 9.900974e-01 5.147206e+00
2.800000e+01 9.900718e-01 5.153048e+00
2.810000e+01 9.900400e-01 5.160325e+00
2.820000e+01 9.900051e-01 5.168340e+00
2.830000e+01 9.899680e-01 5.176900e+00
2.840000e+01 9.899288e-01 5.185990e+00
2.850000e+01 9.898874e-01 5.195603e+00
2.860000e+01 9.898436e-01 5.205819e+00
2.870000e+01 9.897954e-01 5.217014e+00
2.880000e+01 9.897373e-01 5.230399e+00
2.890000e+01 9.896287e-01 5.254939e+00
2.900000e+01 9.895445e-01 5.274329e+00
2.910000e+01 9.895885e-01 5.265487e+00
2.920000e+01 9.895545e-01 5.273964e+00
2.930000e+01 9.895078e-01 5.285198e+00
2.940000e+01 9.894560e-01 5.297590e+00
2.950000e+01 9.894008e-01 5.310742e+00
2.960000e+01 9.893420e-01 5.324725e+00
2.970000e+01 9.892781e-01 5.339819e+00
2.980000e+01 9.892047e-01 5.356965e+00
2.990000e+01 9.891054e-01 5.379696e+00
3.000000e+01 9.888746e-01 5.431416e+00
3.010000e+01 9.887456e-01 5.460884e+00
3.020000e+01 9.886734e-01 5.479024e+00
3.030000e+01 9.888463e-01 5.441764e+00
3.040000e+01 9.888101e-01 5.451315e+00
3.050000e+01 9.886635e-01 5.485382e+00
3.060000e+01 9.886808e-01 5.482833e+00
3.070000e+01 9.886479e-01 5.491710e+00
3.080000e+01 9.885894e-01 5.506207e+00
3.090000e+01 9.885240e-01 5.522200e+00
3.100000e+01 9.884553e-01 5.538939e+00
3.110000e+01 9.883843e-01 5.556191e+00
3.120000e+01 9.883115e-01 5.573868e+00
3.130000e+01 9.882372e-01 5.591931e+00
3.140000e+01 9.881617e-01 5.610269e+00
3.150000e+01 9.880847e-01 5.628964e+00
3.160000e+01 9.880064e-01 5.647978e+00
3.170000e+01 9.879268e-01 5.667314e+00
3.180000e+01 9.878459e-01 5.686972e+00
3.190000e+01 9.877636e-01 5.706948e+00
3.200000e+01 9.876800e-01 5.727270e+00
3.210000e+01 9.875892e-01 5.749288e+00
3.220000e+01 9.875094e-01 5.768721e+00
3.230000e+01 9.874228e-01 5.789803e+00
3.240000e+01 9.873345e-01 5.811275e+00
3.250000e+01 9.872448e-01 5.833081e+00
3.260000e+01 9.871536e-01 5.855242e+00
3.270000e+01 9.870609e-01 5.877793e+00
3.280000e+01 9.869675e-01 5.900507e+00
3.290000e+01 9.868728e-01 5.923545e+00
3.300000e+01 9.867770e-01 5.946859e+00
3.310000e+01 9.866797e-01 5.970537e+00
3.320000e+01 9.865809e-01 5.994578e+00
3.330000e+01 9.864807e-01 6.018965e+00
3.340000e+01 9.863791e-01 6.043702e+00
3.350000e+01 9.862756e-01 6.068875e+00
3.360000e+01 9.861715e-01 6.094223e+00
3.370000e+01 9.860660e-01 6.119905e+00
3.380000e+01 9.859588e-01 6.145995e+00
3.390000e+01 9.858501e-01 6.172451e+00
3.400000e+01 9.857399e-01 6.199276e+00
3.410000e+01 9.856279e-01 6.226532e+00
3.420000e+01 9.855149e-01 6.254037e+00
3.430000e+01 9.854002e-01 6.281965e+00
3.440000e+01 9.852838e-01 6.310281e+00
3.450000e+01 9.851659e-01 6.338995e+00
3.460000e+01 9.850462e-01 6.368111e+00
3.470000e+01 9.849248e-01 6.397649e+00
3.480000e+01 9.848014e-01 6.427677e+00
3.490000e+01 9.846721e-01 6.459061e+00
3.500000e+01 9.845494e-01 6.488978e+00
3.510000e+01 9.844224e-01 6.519901e+00
3.520000e+01 9.842922e-01 6.551563e+00
3.530000e+01 9.841593e-01 6.583861e+00
3.540000e+01 9.840262e-01 6.616249e+00
3.550000e+01 9.838897e-01 6.649420e+00
3.560000e+01 9.837497e-01 6.683369e+00
3.570000e+01 9.836054e-01 6.718303e+00
3.580000e+01 9.834535e-01 6.754892e+00
3.590000e+01 9.832758e-01 6.797113e+00
3.600000e+01 9.828860e-01 6.886958e+00
3.610000e+01 9.829384e-01 6.877993e+00
3.620000e+01 9.828596e-01 6.899032e+00
3.630000e+01 9.827272e-01 6.931799e+00
3.640000e+01 9.825823e-01 6.967300e+00
3.650000e+01 9.824310e-01 7.004230e+00
3.660000e+01 9.822756e-01 7.042062e+00
3.670000e+01 9.821173e-01 7.080599e+00
3.680000e+01 9.819561e-01 7.119808e+00
3.690000e+01 9.817921e-01 7.159679e+00
3.700000e+01 9.816253e-01 7.200215e+00
3.710000e+01 9.814556e-01 7.241445e+00
3.720000e+01 9.812826e-01 7.283428e+00
3.730000e+01 9.811058e-01 7.326276e+00
3.740000e+01 9.809243e-01 7.370220e+00
3.750000e+01 9.807352e-01 7.415809e+00
3.760000e+01 9.805312e-01 7.464644e+00
3.770000e+01 9.802817e-01 7.523334e+00
3.780000e+01 9.797201e-01 7.651514e+00
3.790000e+01 9.797622e-01 7.645938e+00
3.800000e+01 9.797466e-01 7.654271e+00
3.810000e+01 9.795953e-01 7.692365e+00
3.820000e+01 9.794145e-01 7.736840e+00
3.830000e+01 9.792222e-01 7.783817e+00
3.840000e+01 9.790241e-01 7.832113e+00
3.850000e+01 9.788205e-01 7.881663e+00
3.860000e+01 9.786126e-01 7.932209e+00
3.870000e+01 9.784008e-01 7.983680e+00
3.880000e+01 9.781853e-01 8.036041e+00
3.890000e+01 9.779658e-01 8.089330e+00
3.900000e+01 9.777418e-01 8.143669e+00
3.910000e+01 9.775030e-01 8.201497e+00
3.920000e+01 9.772813e-01 8.255328e+00
3.930000e+01 9.770470e-01 8.312149e+00
3.940000e+01 9.767852e-01 8.375125e+00
3.950000e+01 9.765554e-01 8.431113e+00
3.960000e+01 9.763267e-01 8.486996e+00
3.970000e+01 9.760814e-01 8.546598e+00
3.980000e+01 9.758300e-01 8.607630e+00
3.990000e+01 9.755737e-01 8.669794e+00
4.000000e+01 9.753131e-01 8.733019e+00
4.010000e+01 9.750479e-01 8.797322e+00
4.020000e+01 9.747783e-01 8.862687e+00
4.030000e+01 9.745044e-01 8.929102e+00
4.040000e+01 9.742256e-01 8.996682e+00
4.050000e+01 9.739424e-01 9.065320e+00
4.060000e+01 9.736540e-01 9.135205e+00
4.070000e+01 9.733607e-01 9.206288e+00
4.080000e+01 9.730627e-01 9.278473e+00
4.090000e+01 9.727601e-01 9.351794e+00
4.100000e+01 9.724521e-01 9.426427e+00
4.110000e+01 9.721386e-01 9.502370e+00
4.120000e+01 9.718197e-01 9.579611e+00
4.130000e+01 9.714949e-01 9.658249e+00
4.140000e+01 9.711639e-01 9.738407e+00
4.150000e+01 9.708284e-01 9.819631e+00
4.160000e+01 9.704863e-01 9.902459e+00
4.170000e+01 9.701379e-01 9.986805e+00
4.180000e+01 9.697828e-01 1.007273e+01
4.190000e+01 9.694188e-01 1.016076e+01
4.200000e+01 9.690530e-01 1.024932e+01
4.210000e+01 9.686786e-01 1.033989e+01
4.220000e+01 9.682963e-01 1.043236e+01
4.230000e+01 9.679058e-01 1.052675e+01
4.240000e+01 9.675051e-01 1.062353e+01
4.250000e+01 9.670970e-01 1.072205e+01
4.260000e+01 9.666733e-01 1.082411e+01
4.270000e+01 9.662177e-01 1.093322e+01
4.280000e+01 9.656077e-01 1.107693e+01
4.290000e+01 9.652800e-01 1.115813e+01
4.300000e+01 9.649278e-01 1.124547e+01
4.310000e+01 9.644982e-01 1.134996e+01
4.320000e+01 9.640391e-01 1.146108e+01
4.330000e+01 9.635729e-01 1.157374e+01
4.340000e+01 9.630797e-01 1.169248e+01
4.350000e+01 9.625448e-01 1.182038e+01
4.360000e+01 9.618295e-01 1.198804e+01
4.370000e+01 9.612815e-01 1.211964e+01
4.380000e+01 9.609984e-01 1.219355e+01
4.390000e+01 9.605193e-01 1.231080e+01
4.400000e+01 9.600194e-01 1.243267e+01
4.410000e+01 9.594817e-01 1.256298e+01
4.420000e+01 9.589258e-01 1.269750e+01
4.430000e+01 9.583550e-01 1.283551e+01
4.440000e+01 9.577699e-01 1.297688e+01
4.450000e+01 9.571703e-01 1.312170e+01
4.460000e+01 9.565534e-01 1.327056e+01
4.470000e+01 9.559148e-01 1.342445e+01
4.480000e+01 9.552348e-01 1.358758e+01
4.490000e+01 9.544997e-01 1.376353e+01
4.500000e+01 9.539513e-01 1.389846e+01
4.510000e+01 9.532880e-01 1.405918e+01
4.520000e+01 9.525965e-01 1.422637e+01
4.530000e+01 9.518847e-01 1.439833e+01
4.540000e+01 9.511556e-01 1.457441e+01
4.550000e+01 9.504092e-01 1.475467e+01
4.560000e+01 9.496454e-01 1.493911e+01
4.570000e+01 9.488630e-01 1.512801e+01
4.580000e+01 9.480613e-01 1.532154e+01
4.590000e+01 9.472400e-01 1.551981e+01
4.600000e+01 9.463981e-01 1.572304e+01
4.610000e+01 9.455352e-01 1.593131e+01
4.620000e+01 9.446528e-01 1.614431e+01
4.630000e+01 9.437484e-01 1.636263e+01
4.640000e+01 9.428204e-01 1.658664e+01
4.650000e+01 9.418685e-01 1.681640e+01
4.660000e+01 9.408917e-01 1.705216e+01
4.670000e+01 9.398882e-01 1.729435e+01
4.680000e+01 9.388619e-01 1.754208e+01
4.690000e+01 9.378065e-01 1.779681e+01
4.700000e+01 9.367231e-01 1.805831e+01
4.710000e+01 9.356103e-01 1.832693e+01
4.720000e+01 9.344668e-01 1.860293e+01
4.730000e+01 9.332917e-01 1.888658e+01
4.740000e+01 9.320836e-01 1.917818e+01
4.750000e+01 9.308415e-01 1.947802e+01
4.760000e+01 9.295639e-01 1.978646e+01
4.770000e+01 9.282492e-01 2.010385e+01
4.780000e+01 9.268960e-01 2.043057e+01
4.790000e+01 9.255025e-01 2.076701e+01
4.800000e+01 9.240672e-01 2.111357e+01
4.810000e+01 9.225882e-01 2.147072e+01
4.820000e+01 9.210635e-01 2.183893e+01
4.830000e+01 9.194910e-01 2.221873e+01
4.840000e+01 9.178681e-01 2.261071e+01
4.850000e+01 9.161934e-01 2.301528e+01
4.860000e+01 9.144649e-01 2.343290e+01
4.870000e+01 9.126783e-01 2.386460e+01
4.880000e+01 9.108296e-01 2.431136e+01
4.890000e+01 9.089207e-01 2.477275e+01
4.900000e+01 9.069445e-01 2.525049e+01
4.910000e+01 9.048982e-01 2.574527e+01
4.920000e+01 9.027771e-01 2.625820e+01
4.930000e+01 9.005769e-01 2.679037e+01
4.940000e+01 8.982931e-01 2.734280e+01
4.950000e+01 8.959237e-01 2.791610e+01
4.960000e+01 8.934633e-01 2.851161e+01
4.970000e+01 8.908985e-01 2.913239e+01
4.980000e+01 8.882244e-01 2.977965e+01
4.990000e+01 8.854186e-01 3.045844e+01
5.000000e+01 8.823948e-01 3.118818e+01
5.010000e+01 8.794443e-01 3.190489e+01
5.020000e+01 8.763153e-01 3.266470e+01
5.030000e+01 8.730007e-01 3.346938e+01
5.040000e+01 8.695105e-01 3.431693e+01
5.050000e+01 8.657919e-01 3.521924e+01
5.060000e+01 8.620189e-01 3.613877e+01
5.070000e+01 8.579553e-01 3.712768e+01
5.080000e+01 8.536102e-01 3.818472e+01
5.090000e+01 8.489311e-01 3.932152e+01
5.100000e+01 8.435080e-01 4.063103e+01
5.110000e+01 8.388775e-01 4.177222e+01
5.120000e+01 8.334619e-01 4.309714e+01
5.130000e+01 8.274898e-01 4.455457e+01
5.140000e+01 8.208666e-01 4.616534e+01
5.150000e+01 8.098561e-01 4.880413e+01
5.160000e+01 8.066654e-01 4.963789e+01
5.170000e+01 7.990477e-01 5.151312e+01
5.180000e+01 7.903407e-01 5.364378e+01
5.190000e+01 7.802178e-01 5.610107e+01
5.200000e+01 7.662733e-01 5.940958e+01
5.210000e+01 7.585937e-01 6.138499e+01
5.220000e+01 7.480559e-01 6.401853e+01
5.230000e+01 7.351736e-01 6.718723e+01
5.240000e+01 7.195489e-01 7.097988e+01
5.250000e+01 6.985283e-01 7.595149e+01
5.260000e+01 6.835335e-01 7.969170e+01
5.270000e+01 6.703647e-01 8.310685e+01
5.280000e+01 6.518367e-01 8.770779e+01
5.290000e+01 6.280332e-01 9.349087e+01
5.300000e+01 5.961062e-01 1.010260e+02
5.310000e+01 5.621235e-01 1.090953e+02
5.320000e+01 5.537625e-01 1.117974e+02
5.330000e+01 5.303694e-01 1.177563e+02
5.340000e+01 4.979139e-01 1.257124e+02
5.350000e+01 4.542781e-01 1.360647e+02
5.360000e+01 3.297598e-01 1.648470e+02
5.370000e+01 3.917756e-01 1.518153e+02
5.380000e+01 3.705726e-01 1.576850e+02
5.390000e+01 3.354442e-01 1.665560e+02
5.400000e+01 2.876398e-01 1.781443e+02
5.410000e+01 2.094580e-01 1.961843e+02
5.420000e+01 2.056955e-01 1.985431e+02
5.430000e+01 1.981709e-01 2.018168e+02
5.440000e+01 1.725763e-01 2.088661e+02
5.450000e+01 1.362979e-01 2.181890e+02
5.460000e+01 8.960407e-02 2.296410e+02
5.470000e+01 5.235004e-02 2.391220e+02
5.480000e+01 6.562198e-02 2.378745e+02
5.490000e+01 5.743613e-02 2.410557e+02
5.500000e+01 4.227012e-02 2.456673e+02
5.510000e+01 2.427569e-02 2.508320e+02
5.520000e+01 5.752300e-03 2.560066e+02
5.530000e+01 8.863404e-03 2.564813e+02
5.540000e+01 9.265580e-03 2.574042e+02
5.550000e+01 6.716684e-03 2.588659e+02
5.560000e+01 3.409271e-03 2.604407e+02
5.570000e+01 9.534100e-04 2.617523e+02
5.580000e+01 6.632832e-05 2.626121e+02
5.590000e+01 3.303281e-04 2.631102e+02
5.600000e+01 2.565524e-04 2.635975e+02
5.610000e+01 9.808393e-05 2.640553e+02
5.620000e+01 1.267628e-05 2.644561e+02
5.630000e+01 7.672496e-07 2.647884e+02
5.640000e+01 5.875793e-07 2.650599e+02
5.650000e+01 7.169665e-06 2.652824e+02
5.660000e+01 1.379887e-05 2.654782e+02
5.670000e+01 1.113511e-05 2.656656e+02
5.680000e+01 3.694462e-06 2.658469e+02
5.690000e+01 2.379861e-07 2.660123e+02
5.700000e+01 1.397047e-08 2.661548e+02
5.710000e+01 5.020575e-07 2.662767e+02
5.720000e+01 1.192737e-06 2.663879e+02
5.730000e+01 9.887128e-07 2.664985e+02
5.740000e+01 3.055922e-07 2.666109e+02
5.750000e+01 2.179015e-08 2.667197e+02
5.760000e+01 1.858946e-12 2.668178e+02
5.770000e+01 2.231385e-09 2.669029e+02
5.780000e+01 2.107358e-08 2.669794e+02
5.790000e+01 3.251350e-08 2.670547e+02
5.800000e+01 1.575148e-08 2.671334e+02
5.810000e+01 2.061509e-09 2.672132e+02
5.820000e+01 3.819042e-11 2.672866e+02
5.830000e+01 1.364845e-15 2.673451e+02
5.840000e+01 6.671508e-15 2.673841e+02
5.850000e+01 3.738263e-13 2.674046e+02
5.860000e+01 6.271034e-11 2.674129e+02
5.870000e+01 5.680138e-10 2.674172e+02
5.880000e+01 1.145919e-09 2.674242e+02
5.890000e+01 6.193583e-10 2.674371e+02
5.900000e+01 7.196643e-11 2.674544e+02
5.910000e+01 4.197040e-13 2.674727e+02
5.920000e+01 1.555875e-14 2.674895e+02
5.930000e+01 8.380532e-12 2.675046e+02
5.940000e+01 2.100122e-11 2.675201e+02
5.950000e+01 1.930879e-12 2.675381e+02
5.960000e+01 3.878161e-17 2.675600e+02
5.970000e+01 4.015548e-12 2.675861e+02
5.980000e+01 5.922209e-11 2.676169e+02
5.990000e+01 1.204128e-10 2.676526e+02
6.000000e+01 5.636485e-11 2.676922e+02
6.010000e+01 5.130425e-12 2.677324e+02
6.020000e+01 4.538450e-14 2.677679e+02
6.030000e+01 3.361892e-21 2.677930e+02
6.040000e+01 8.386931e-19 2.678038e+02
6.050000e+01 8.456069e-16 2.677995e+02
6.060000e+01 1.050610e-12 2.677834e+02
6.070000e+01 3.180376e-11 2.677614e+02
6.080000e+01 1.354063e-10 2.677399e+02
6.090000e+01 1.360267e-10 2.677226e+02
6.100000e+01 2.294852e-11 2.677089e+02
6.110000e+01 9.203282e-14 2.676952e+02
6.120000e+01 1.136209e-13 2.676779e+02
6.130000e+01 5.307248e-11 2.676566e+02
6.140000e+01 5.612787e-10 2.676340e+02
6.150000e+01 1.127739e-09 2.676137e+02
6.160000e+01 5.472212e-10 2.675967e+02
6.170000e+01 3.907473e-11 2.675806e+02
6.180000e+01 7.061819e-25 2.675613e+02
6.190000e+01 6.550641e-11 2.675364e+02
6.200000e+01 9.126119e-10 2.675065e+02
6.210000e+01 1.642163e-09 2.674735e+02
6.220000e+01 6.164177e-10 2.674362e+02
6.230000e+01 3.282614e-11 2.673890e+02
6.240000e+01 1.137511e-15 2.673236e+02
6.250000e+01 7.520112e-15 2.672330e+02
6.260000e+01 2.812434e-10 2.671152e+02
6.270000e+01 1.235756e-08 2.669721e+02
6.280000e+01 7.288242e-08 2.668058e+02
6.290000e+01 8.925532e-08 2.666148e+02
6.300000e+01 1.390738e-11 2.663926e+02
6.310000e+01 1.387398e-06 2.661328e+02
6.320000e+01 1.334523e-05 2.658340e+02
6.330000e+01 4.272761e-05 2.655028e+02
6.340000e+01 6.527958e-05 2.651504e+02
6.350000e+01 4.042781e-05 2.647761e+02
6.360000e+01 2.721810e-05 2.643431e+02
6.370000e+01 4.002847e-04 2.637537e+02
6.380000e+01 1.210271e-03 2.630048e+02
6.390000e+01 2.094133e-03 2.621997e+02
6.400000e+01 2.408706e-03 2.614754e+02
6.410000e+01 1.050541e-03 2.610159e+02
6.420000e+01 4.081146e-03 2.594970e+02
6.430000e+01 1.130034e-02 2.569608e+02
6.440000e+01 1.921479e-02 2.541851e+02
6.450000e+01 2.495306e-02 2.518348e+02
6.460000e+01 2.511447e-02 2.505794e+02
6.470000e+01 1.878916e-02 2.506063e+02
6.480000e+01 5.361039e-02 2.418171e+02
6.490000e+01 8.100110e-02 2.345247e+02
6.500000e+01 1.030483e-01 2.283360e+02
6.510000e+01 1.156880e-01 2.241249e+02
6.520000e+01 9.853180e-02 2.261978e+02
6.530000e+01 1.520687e-01 2.132493e+02
6.540000e+01 2.025308e-01 2.010456e+02
6.550000e+01 2.408044e-01 1.913778e+02
6.560000e+01 2.678650e-01 1.841393e+02
6.570000e+01 2.784624e-01 1.803807e+02
6.580000e+01 2.929445e-01 1.759130e+02
6.590000e+01 3.579542e-01 1.608305e+02
6.600000e+01 3.993097e-01 1.507759e+02
6.610000e+01 4.302934e-01 1.429819e+02
6.620000e+01 4.512998e-01 1.373679e+02
6.630000e+01 3.839951e-01 1.523278e+02
6.640000e+01 5.053997e-01 1.238016e+02
6.650000e+01 5.395064e-01 1.156291e+02
6.660000e+01 5.657186e-01 1.091770e+02
6.670000e+01 5.857045e-01 1.041237e+02
6.680000e+01 5.970353e-01 1.009600e+02
6.690000e+01 6.211377e-01 9.514394e+01
6.700000e+01 6.451899e-01 8.940359e+01
6.710000e+01 6.637890e-01 8.485513e+01
6.720000e+01 6.786655e-01 8.115425e+01
6.730000e+01 6.899073e-01 7.826944e+01
6.740000e+01 7.003402e-01 7.560646e+01
6.750000e+01 7.182811e-01 7.135955e+01
6.760000e+01 7.310824e-01 6.824779e+01
6.770000e+01 7.418859e-01 6.559520e+01
6.780000e+01 7.512817e-01 6.327046e+01
6.790000e+01 7.473262e-01 6.416600e+01
6.800000e+01 7.688677e-01 5.895286e+01
6.810000e+01 7.772447e-01 5.691263e+01
6.820000e+01 7.847160e-01 5.508434e+01
6.830000e+01 7.914635e-01 5.342859e+01
6.840000e+01 7.972381e-01 5.199860e+01
6.850000e+01 8.036986e-01 5.043091e+01
6.860000e+01 8.096180e-01 4.899275e+01
6.870000e+01 8.150286e-01 4.767430e+01
6.880000e+01 8.200543e-01 4.644888e+01
6.890000e+01 8.247343e-01 4.530690e+01
6.900000e+01 8.291974e-01 4.421968e+01
6.910000e+01 8.335649e-01 4.316000e+01
6.920000e+01 8.376505e-01 4.216763e+01
6.930000e+01 8.415126e-01 4.122974e+01
6.940000e+01 8.451737e-01 4.034096e+01
6.950000e+01 8.486055e-01 3.950741e+01
6.960000e+01 8.520439e-01 3.867548e+01
6.970000e+01 8.552733e-01 3.789346e+01
6.980000e+01 8.583666e-01 3.714463e+01
6.990000e+01 8.613317e-01 3.642710e+01
7.000000e+01 8.641722e-01 3.573982e+01
7.010000e+01 8.669303e-01 3.507326e+01
7.020000e+01 8.695795e-01 3.443313e+01
7.030000e+01 8.721321e-01 3.381653e+01
7.040000e+01 8.745930e-01 3.322228e+01
7.050000e+01 8.769671e-01 3.264917e+01
7.060000e+01 8.792649e-01 3.209477e+01
7.070000e+01 8.814854e-01 3.155915e+01
7.080000e+01 8.836337e-01 3.104113e+01
7.090000e+01 8.857119e-01 3.054014e+01
7.100000e+01 8.877238e-01 3.005526e+01
7.110000e+01 8.896724e-01 2.958577e+01
7.120000e+01 8.915614e-01 2.913074e+01
7.130000e+01 8.933909e-01 2.869012e+01
7.140000e+01 8.951550e-01 2.826514e+01
7.150000e+01 8.968809e-01 2.784974e+01
7.160000e+01 8.985651e-01 2.744473e+01
7.170000e+01 9.001990e-01 2.705176e+01
7.180000e+01 9.017812e-01 2.667123e+01
7.190000e+01 9.033181e-01 2.630167e+01
7.200000e+01 9.048119e-01 2.594252e+01
7.210000e+01 9.062644e-01 2.559337e+01
7.220000e+01 9.076770e-01 2.525386e+01
7.230000e+01 9.090510e-01 2.492368e+01
7.240000e+01 9.103850e-01 2.460309e+01
7.250000e+01 9.116763e-01 2.429271e+01
7.260000e+01 9.129545e-01 2.398587e+01
7.270000e+01 9.141904e-01 2.368910e+01
7.280000e+01 9.154039e-01 2.339795e+01
7.290000e+01 9.165804e-01 2.311559e+01
7.300000e+01 9.177263e-01 2.284061e+01
7.310000e+01 9.188432e-01 2.257263e+01
7.320000e+01 9.199322e-01 2.231135e+01
7.330000e+01 9.209944e-01 2.205655e+01
7.340000e+01 9.220305e-01 2.180803e+01
7.350000e+01 9.230411e-01 2.156568e+01
7.360000e+01 9.240248e-01 2.132975e+01
7.370000e+01 9.249903e-01 2.109830e+01
7.380000e+01 9.259280e-01 2.087343e+01
7.390000e+01 9.268205e-01 2.065909e+01
7.400000e+01 9.277394e-01 2.043922e+01
7.410000e+01 9.286204e-01 2.022821e+01
7.420000e+01 9.294755e-01 2.002333e+01
7.430000e+01 9.303118e-01 1.982295e+01
7.440000e+01 9.311270e-01 1.962762e+01
7.450000e+01 9.319225e-01 1.943700e+01
7.460000e+01 9.326984e-01 1.925102e+01
7.470000e+01 9.334540e-01 1.906985e+01
7.480000e+01 9.341920e-01 1.889285e+01
7.490000e+01 9.349109e-01 1.872032e+01
7.500000e+01 9.356074e-01 1.855294e+01
7.510000e+01 9.362723e-01 1.839274e+01
7.520000e+01 9.369291e-01 1.823431e+01
7.530000e+01 9.375292e-01 1.808862e+01
7.540000e+01 9.381172e-01 1.794673e+01
7.550000e+01 9.388734e-01 1.776818e+01
7.560000e+01 9.395420e-01 1.760959e+01
7.570000e+01 9.401801e-01 1.745775e+01
7.580000e+01 9.407738e-01 1.731572e+01
7.590000e+01 9.413644e-01 1.717442e+01
7.600000e+01 9.419481e-01 1.703466e+01
7.610000e+01 9.424682e-01 1.690877e+01
7.620000e+01 9.428989e-01 1.680211e+01
7.630000e+01 9.430556e-01 1.675460e+01
7.640000e+01 9.411674e-01 1.717464e+01
7.650000e+01 9.416505e-01 1.704184e+01
7.660000e+01 9.436153e-01 1.659812e+01
7.670000e+01 9.452842e-01 1.622546e+01
7.680000e+01 9.460884e-01 1.604180e+01
7.690000e+01 9.467019e-01 1.589903e+01
7.700000e+01 9.472422e-01 1.577198e+01
7.710000e+01 9.477423e-01 1.565362e+01
7.720000e+01 9.482124e-01 1.554183e+01
7.730000e+01 9.486499e-01 1.543715e+01
7.740000e+01 9.490302e-01 1.534486e+01
7.750000e+01 9.492202e-01 1.529389e+01
7.760000e+01 9.467531e-01 1.586298e+01
7.770000e+01 9.500522e-01 1.509563e+01
7.780000e+01 9.507435e-01 1.493759e+01
7.790000e+01 9.512310e-01 1.482389e+01
7.800000e+01 9.516609e-01 1.472272e+01
7.810000e+01 9.520716e-01 1.462568e+01
7.820000e+01 9.524635e-01 1.453291e+01
7.830000e+01 9.528364e-01 1.444453e+01
7.840000e+01 9.532142e-01 1.435505e+01
7.850000e+01 9.535684e-01 1.427106e+01
7.860000e+01 9.539295e-01 1.418555e+01
7.870000e+01 9.542721e-01 1.410436e+01
7.880000e+01 9.546065e-01 1.402507e+01
7.890000e+01 9.549094e-01 1.395283e+01
7.900000e+01 9.549655e-01 1.393776e+01
7.910000e+01 9.555614e-01 1.379890e+01
7.920000e+01 9.558966e-01 1.372024e+01
7.930000e+01 9.562086e-01 1.364676e+01
7.940000e+01 9.565106e-01 1.357560e+01
7.950000e+01 9.568052e-01 1.350619e+01
7.960000e+01 9.570936e-01 1.343829e+01
7.970000e+01 9.573763e-01 1.337173e+01
7.980000e+01 9.576538e-01 1.330640e+01
7.990000e+01 9.579267e-01 1.324215e+01
8.000000e+01 9.581949e-01 1.317901e+01
8.010000e+01 9.584602e-01 1.311650e+01
8.020000e+01 9.587099e-01 1.305759e+01
8.030000e+01 9.589840e-01 1.299300e+01
8.040000e+01 9.592442e-01 1.293159e+01
8.050000e+01 9.595017e-01 1.287070e+01
8.060000e+01 9.597570e-01 1.281021e+01
8.070000e+01 9.600081e-01 1.275057e+01
8.080000e+01 9.602331e-01 1.269667e+01
8.090000e+01 9.604988e-01 1.263364e+01
8.100000e+01 9.607698e-01 1.256947e+01
8.110000e+01 9.610209e-01 1.250963e+01
8.120000e+01 9.612647e-01 1.245138e+01
8.130000e+01 9.614667e-01 1.240276e+01
8.140000e+01 9.617551e-01 1.233445e+01
8.150000e+01 9.620087e-01 1.227402e+01
8.160000e+01 9.622484e-01 1.221681e+01
8.170000e+01 9.624796e-01 1.216160e+01
8.180000e+01 9.627135e-01 1.210579e+01
8.190000e+01 9.629413e-01 1.205145e+01
8.200000e+01 9.631668e-01 1.199771e+01
8.210000e+01 9.633867e-01 1.194530e+01
8.220000e+01 9.636024e-01 1.189391e+01
8.230000e+01 9.638142e-01 1.184349e+01
8.240000e+01 9.640220e-01 1.179404e+01
8.250000e+01 9.642260e-01 1.174553e+01
8.260000e+01 9.644258e-01 1.169803e+01
8.270000e+01 9.646221e-01 1.165141e+01
8.280000e+01 9.648161e-01 1.160539e+01
8.290000e+01 9.650058e-01 1.156038e+01
8.300000e+01 9.651920e-01 1.151625e+01
8.310000e+01 9.653744e-01 1.147304e+01
8.320000e+01 9.655509e-01 1.143124e+01
8.330000e+01 9.657309e-01 1.138867e+01
8.340000e+01 9.659047e-01 1.134759e+01
8.350000e+01 9.660753e-01 1.130729e+01
8.360000e+01 9.662414e-01 1.126803e+01
8.370000e+01 9.664046e-01 1.122950e+01
8.380000e+01 9.665664e-01 1.119132e+01
8.390000e+01 9.667268e-01 1.115353e+01
8.400000e+01 9.668856e-01 1.111616e+01
8.410000e+01 9.670400e-01 1.107983e+01
8.420000e+01 9.671895e-01 1.104465e+01
8.430000e+01 9.673410e-01 1.100904e+01
8.440000e+01 9.674878e-01 1.097454e+01
8.450000e+01 9.676321e-01 1.094066e+01
8.460000e+01 9.677739e-01 1.090738e+01
8.470000e+01 9.679132e-01 1.087470e+01
8.480000e+01 9.680492e-01 1.084279e+01
8.490000e+01 9.681847e-01 1.081107e+01
8.500000e+01 9.683175e-01 1.077996e+01
8.510000e+01 9.684457e-01 1.074994e+01
8.520000e+01 9.685745e-01 1.071984e+01
8.530000e+01 9.687030e-01 1.068984e+01
8.540000e+01 9.688270e-01 1.066089e+01
8.550000e+01 9.689497e-01 1.063228e+01
8.560000e+01 9.690703e-01 1.060417e+01
8.570000e+01 9.691889e-01 1.057656e+01
8.580000e+01 9.693051e-01 1.054950e+01
8.590000e+01 9.694192e-01 1.052297e+01
8.600000e+01 9.695315e-01 1.049687e+01
8.610000e+01 9.696418e-01 1.047128e+01
8.620000e+01 9.697500e-01 1.044618e+01
8.630000e+01 9.698560e-01 1.042161e+01
8.640000e+01 9.699602e-01 1.039749e+01
8.650000e+01 9.700623e-01 1.037389e+01
8.660000e+01 9.701611e-01 1.035105e+01
8.670000e+01 9.702462e-01 1.033136e+01
8.680000e+01 9.703552e-01 1.030629e+01
8.690000e+01 9.704537e-01 1.028365e+01
8.700000e+01 9.705481e-01 1.026198e+01
8.710000e+01 9.706403e-01 1.024084e+01
8.720000e+01 9.707306e-01 1.022015e+01
8.730000e+01 9.708192e-01 1.019984e+01
8.740000e+01 9.709064e-01 1.017989e+01
8.750000e+01 9.709923e-01 1.016024e+01
8.760000e+01 9.710769e-01 1.014089e+01
8.770000e+01 9.711589e-01 1.012214e+01
8.780000e+01 9.712437e-01 1.010274e+01
8.790000e+01 9.713259e-01 1.008392e+01
8.800000e+01 9.714072e-01 1.006529e+01
8.810000e+01 9.714896e-01 1.004640e+01
8.820000e+01 9.715704e-01 1.002786e+01
8.830000e+01 9.716502e-01 1.000953e+01
8.840000e+01 9.717286e-01 9.991514e+00
8.850000e+01 9.718023e-01 9.974523e+00
8.860000e+01 9.718790e-01 9.956914e+00
8.870000e+01 9.719605e-01 9.938245e+00
8.880000e+01 9.720375e-01 9.920602e+00
8.890000e+01 9.721120e-01 9.903539e+00
8.900000e+01 9.721848e-01 9.886881e+00
8.910000e+01 9.722560e-01 9.870608e+00
8.920000e+01 9.723254e-01 9.854781e+00
8.930000e+01 9.723937e-01 9.839218e+00
8.940000e+01 9.724612e-01 9.823885e+00
8.950000e+01 9.725268e-01 9.808998e+00
8.960000e+01 9.725908e-01 9.794481e+00
8.970000e+01 9.726534e-01 9.780327e+00
8.980000e+01 9.727144e-01 9.766550e+00
8.990000e+01 9.727734e-01 9.753268e+00
9.000000e+01 9.728122e-01 9.744815e+00
9.010000e+01 9.728874e-01 9.727650e+00
9.020000e+01 9.729425e-01 9.715289e+00
9.030000e+01 9.729812e-01 9.706696e+00
9.040000e+01 9.730485e-01 9.691644e+00
9.050000e+01 9.731053e-01 9.679015e+00
9.060000e+01 9.731562e-01 9.667708e+00
9.070000e+01 9.732013e-01 9.657706e+00
9.080000e+01 9.732214e-01 9.653494e+00
9.090000e+01 9.732915e-01 9.637832e+00
9.100000e+01 9.733359e-01 9.628118e+00
9.110000e+01 9.733900e-01 9.616207e+00
9.120000e+01 9.734370e-01 9.605932e+00
9.130000e+01 9.734825e-01 9.596032e+00
9.140000e+01 9.735272e-01 9.586315e+00
9.150000e+01 9.735688e-01 9.577299e+00
9.160000e+01 9.736088e-01 9.568669e+00
9.170000e+01 9.736474e-01 9.560382e+00
9.180000e+01 9.736848e-01 9.552358e+00
9.190000e+01 9.737206e-01 9.544724e+00
9.200000e+01 9.737549e-01 9.537448e+00
9.210000e+01 9.737877e-01 9.530509e+00
9.220000e+01 9.738192e-01 9.523901e+00
9.230000e+01 9.738493e-01 9.517608e+00
9.240000e+01 9.738792e-01 9.511386e+00
9.250000e+01 9.739091e-01 9.505166e+00
9.260000e+01 9.739356e-01 9.499732e+00
9.270000e+01 9.739597e-01 9.494836e+00
9.280000e+01 9.739813e-01 9.490508e+00
9.290000e+01 9.739998e-01 9.486850e+00
9.300000e+01 9.740145e-01 9.484044e+00
9.310000e+01 9.740236e-01 9.482441e+00
9.320000e+01 9.740243e-01 9.482654e+00
9.330000e+01 9.740090e-01 9.486366e+00
9.340000e+01 9.739853e-01 9.491702e+00
9.350000e+01 9.739271e-01 9.504380e+00
9.360000e+01 9.737837e-01 9.535330e+00
9.370000e+01 9.734008e-01 9.618071e+00
9.380000e+01 9.717798e-01 9.976070e+00
9.390000e+01 9.707450e-01 1.020349e+01
9.400000e+01 9.714312e-01 1.005468e+01
9.410000e+01 9.733881e-01 9.623447e+00
9.420000e+01 9.738503e-01 9.524854e+00
9.430000e+01 9.740393e-01 9.485408e+00
9.440000e+01 9.741342e-01 9.466136e+00
9.450000e+01 9.741766e-01 9.458247e+00
9.460000e+01 9.742365e-01 9.446081e+00
9.470000e+01 9.742620e-01 9.441582e+00
9.480000e+01 9.742821e-01 9.438199e+00
9.490000e+01 9.743013e-01 9.434989e+00
9.500000e+01 9.743115e-01 9.433737e+00
9.510000e+01 9.743152e-01 9.433931e+00
9.520000e+01 9.743125e-01 9.435498e+00
9.530000e+01 9.743022e-01 9.438713e+00
9.540000e+01 9.742801e-01 9.444460e+00
9.550000e+01 9.742421e-01 9.453618e+00
9.560000e+01 9.741656e-01 9.471068e+00
9.570000e+01 9.739718e-01 9.514087e+00
9.580000e+01 9.722756e-01 9.910894e+00
9.590000e+01 9.737381e-01 9.565754e+00
9.600000e+01 9.735074e-01 9.615941e+00
9.610000e+01 9.725973e-01 9.814104e+00
9.620000e+01 9.675473e-01 1.094748e+01
9.630000e+01 9.710237e-01 1.016368e+01
9.640000e+01 9.731726e-01 9.693021e+00
9.650000e+01 9.737587e-01 9.568342e+00
9.660000e+01 9.739978e-01 9.518858e+00
9.670000e+01 9.741141e-01 9.495649e+00
9.680000e+01 9.741748e-01 9.484290e+00
9.690000e+01 9.742042e-01 9.479635e+00
9.700000e+01 9.742368e-01 9.474088e+00
9.710000e+01 9.742475e-01 9.473359e+00
9.720000e+01 9.742534e-01 9.473609e+00
9.730000e+01 9.742514e-01 9.475604e+00
9.740000e+01 9.742412e-01 9.479443e+00
9.750000e+01 9.742297e-01 9.483547e+00
9.760000e+01 9.742212e-01 9.486974e+00
9.770000e+01 9.742040e-01 9.492346e+00
9.780000e+01 9.741784e-01 9.499612e+00
9.790000e+01 9.741002e-01 9.518923e+00
9.800000e+01 9.741249e-01 9.514769e+00
9.810000e+01 9.741259e-01 9.516220e+00
9.820000e+01 9.741076e-01 9.521989e+00
9.830000e+01 9.740805e-01 9.529761e+00
9.840000e+01 9.740549e-01 9.537174e+00
9.850000e+01 9.740265e-01 9.545261e+00
9.860000e+01 9.739901e-01 9.555125e+00
9.870000e+01 9.739563e-01 9.564463e+00
9.880000e+01 9.739220e-01 9.573914e+00
9.890000e+01 9.738809e-01 9.584921e+00
9.900000e+01 9.738336e-01 9.597254e+00
9.910000e+01 9.737655e-01 9.614203e+00
9.920000e+01 9.735761e-01 9.658295e+00
9.930000e+01 9.735484e-01 9.666362e+00
9.940000e+01 9.736228e-01 9.651871e+00
9.950000e+01 9.735909e-01 9.661103e+00
9.960000e+01 9.735372e-01 9.675097e+00
9.970000e+01 9.734640e-01 9.693420e+00
9.980000e+01 9.733960e-01 9.710503e+00
9.990000e+01 9.733269e-01 9.727785e+00
1.000000e+02 9.732439e-01 9.748002e+00
1.001000e+02 9.731428e-01 9.772033e+00
1.002000e+02 9.730151e-01 9.801704e+00
1.003000e+02 9.728671e-01 9.835290e+00
1.004000e+02 9.726390e-01 9.886302e+00
1.005000e+02 9.721004e-01 1.001087e+01
1.006000e+02 9.721814e-01 9.992287e+00
1.007000e+02 9.718733e-01 1.006866e+01
1.008000e+02 9.725005e-01 9.928193e+00
1.009000e+02 9.724185e-01 9.951701e+00
1.010000e+02 9.725054e-01 9.932918e+00
1.011000e+02 9.724289e-01 9.952004e+00
1.012000e+02 9.722903e-01 9.984423e+00
1.013000e+02 9.720980e-01 1.002785e+01
1.014000e+02 9.717605e-01 1.010230e+01
1.015000e+02 9.710964e-01 1.024676e+01
1.016000e+02 9.693904e-01 1.061772e+01
1.017000e+02 9.613302e-01 1.241067e+01
1.018000e+02 9.644064e-01 1.172125e+01
1.019000e+02 9.694036e-01 1.062465e+01
1.020000e+02 9.708862e-01 1.030755e+01
1.021000e+02 9.713752e-01 1.020683e+01
1.022000e+02 9.715583e-01 1.017193e+01
1.023000e+02 9.716471e-01 1.015662e+01
1.024000e+02 9.716649e-01 1.015661e+01
1.025000e+02 9.716438e-01 1.016492e+01
1.026000e+02 9.716013e-01 1.017778e+01
1.027000e+02 9.715431e-01 1.019404e+01
1.028000e+02 9.714746e-01 1.021252e+01
1.029000e+02 9.713943e-01 1.023357e+01
1.030000e+02 9.713027e-01 1.025712e+01
1.031000e+02 9.711870e-01 1.028601e+01
1.032000e+02 9.710768e-01 1.031364e+01
1.033000e+02 9.709725e-01 1.033986e+01
1.034000e+02 9.708139e-01 1.037809e+01
1.035000e+02 9.706073e-01 1.042680e+01
1.036000e+02 9.703835e-01 1.047895e+01
1.037000e+02 9.700646e-01 1.055102e+01
1.038000e+02 9.689243e-01 1.080437e+01
1.039000e+02 9.659692e-01 1.147634e+01
1.040000e+02 9.693493e-01 1.071885e+01
1.041000e+02 9.697740e-01 1.063143e+01
1.042000e+02 9.698313e-01 1.062413e+01
1.043000e+02 9.697736e-01 1.064167e+01
1.044000e+02 9.696831e-01 1.066618e+01
1.045000e+02 9.695894e-01 1.069129e+01
1.046000e+02 9.694732e-01 1.072136e+01
1.047000e+02 9.693461e-01 1.075384e+01
1.048000e+02 9.692108e-01 1.078816e+01
1.049000e+02 9.690679e-01 1.082419e+01
1.050000e+02 9.689189e-01 1.086162e+01
1.051000e+02 9.687632e-01 1.090059e+01
1.052000e+02 9.685883e-01 1.094400e+01
1.053000e+02 9.684383e-01 1.098175e+01
1.054000e+02 9.682747e-01 1.102270e+01
1.055000e+02 9.681044e-01 1.106521e+01
1.056000e+02 9.679285e-01 1.110903e+01
1.057000e+02 9.677472e-01 1.115412e+01
1.058000e+02 9.675609e-01 1.120040e+01
1.059000e+02 9.673696e-01 1.124788e+01
1.060000e+02 9.671723e-01 1.129678e+01
1.061000e+02 9.669716e-01 1.134652e+01
1.062000e+02 9.667627e-01 1.139821e+01
1.063000e+02 9.665529e-01 1.145013e+01
1.064000e+02 9.663348e-01 1.150400e+01
1.065000e+02 9.661105e-01 1.155936e+01
1.066000e+02 9.658720e-01 1.161801e+01
1.067000e+02 9.656448e-01 1.167418e+01
1.068000e+02 9.654061e-01 1.173305e+01
1.069000e+02 9.651588e-01 1.179394e+01
1.070000e+02 9.649044e-01 1.185653e+01
1.071000e+02 9.646424e-01 1.192089e+01
1.072000e+02 9.643669e-01 1.198848e+01
1.073000e+02 9.640941e-01 1.205539e+01
1.074000e+02 9.638023e-01 1.212683e+01
1.075000e+02 9.635222e-01 1.219569e+01
1.076000e+02 9.632245e-01 1.226863e+01
1.077000e+02 9.629167e-01 1.234396e+01
1.078000e+02 9.625979e-01 1.242183e+01
1.079000e+02 9.622623e-01 1.250361e+01
1.080000e+02 9.619011e-01 1.259132e+01
1.081000e+02 9.615887e-01 1.266819e+01
1.082000e+02 9.612395e-01 1.275348e+01
1.083000e+02 9.608759e-01 1.284215e+01
1.084000e+02 9.604991e-01 1.293388e+01
1.085000e+02 9.601103e-01 1.302846e+01
1.086000e+02 9.597079e-01 1.312619e+01
1.087000e+02 9.592913e-01 1.322726e+01
1.088000e+02 9.588589e-01 1.333200e+01
1.089000e+02 9.584084e-01 1.344089e+01
1.090000e+02 9.579359e-01 1.355476e+01
1.091000e+02 9.574341e-01 1.367519e+01
1.092000e+02 9.568863e-01 1.380568e+01
1.093000e+02 9.562440e-01 1.395668e+01
1.094000e+02 9.553743e-01 1.415669e+01
1.095000e+02 9.532464e-01 1.463376e+01
1.096000e+02 9.517772e-01 1.497126e+01
1.097000e+02 9.535929e-01 1.458299e+01
1.098000e+02 9.534524e-01 1.462896e+01
1.099000e+02 9.529931e-01 1.474390e+01
1.100000e+02 9.524158e-01 1.488437e+01
1.101000e+02 9.517645e-01 1.504094e+01
1.102000e+02 9.510438e-01 1.521264e+01
1.103000e+02 9.502410e-01 1.540211e+01
1.104000e+02 9.493180e-01 1.561742e+01
1.105000e+02 9.481921e-01 1.587585e+01
1.106000e+02 9.465617e-01 1.624194e+01
1.107000e+02 9.433543e-01 1.694782e+01
1.108000e+02 9.303987e-01 1.981803e+01
1.109000e+02 9.357896e-01 1.863320e+01
1.110000e+02 9.418403e-01 1.733766e+01
1.111000e+02 9.427227e-01 1.717535e+01
1.112000e+02 9.425427e-01 1.724097e+01
1.113000e+02 9.419483e-01 1.739527e+01
1.114000e+02 9.411571e-01 1.759197e+01
1.115000e+02 9.402473e-01 1.781461e+01
1.116000e+02 9.392550e-01 1.805559e+01
1.117000e+02 9.381898e-01 1.831309e+01
1.118000e+02 9.370558e-01 1.858640e+01
1.119000e+02 9.358794e-01 1.886965e+01
1.120000e+02 9.346347e-01 1.916882e+01
1.121000e+02 9.333287e-01 1.948235e+01
1.122000e+02 9.319603e-01 1.981058e+01
1.123000e+02 9.305269e-01 2.015414e+01
1.124000e+02 9.290252e-01 2.051384e+01
1.125000e+02 9.274502e-01 2.089083e+01
1.126000e+02 9.257878e-01 2.128833e+01
1.127000e+02 9.240517e-01 2.170322e+01
1.128000e+02 9.221267e-01 2.216153e+01
1.129000e+02 9.202740e-01 2.260495e+01
1.130000e+02 9.183650e-01 2.306268e+01
1.131000e+02 9.162925e-01 2.355820e+01
1.132000e+02 9.141061e-01 2.408054e+01
1.133000e+02 9.117967e-01 2.463188e+01
1.134000e+02 9.093489e-01 2.521578e+01
1.135000e+02 9.067916e-01 2.582604e+01
1.136000e+02 9.041103e-01 2.646606e+01
1.137000e+02 9.012658e-01 2.714457e+01
1.138000e+02 8.982573e-01 2.786194e+01
1.139000e+02 8.950709e-01 2.862141e+01
1.140000e+02 8.916375e-01 2.943903e+01
1.141000e+02 8.881331e-01 3.027469e+01
1.142000e+02 8.843502e-01 3.117591e+01
1.143000e+02 8.803230e-01 3.213504e+01
1.144000e+02 8.760716e-01 3.314776e+01
1.145000e+02 8.715306e-01 3.422895e+01
1.146000e+02 8.666700e-01 3.538545e+01
1.147000e+02 8.614435e-01 3.662771e+01
1.148000e+02 8.557525e-01 3.797742e+01
1.149000e+02 8.491448e-01 3.953402e+01
1.150000e+02 8.408736e-01 4.147427e+01
1.151000e+02 8.366308e-01 4.252481e+01
1.152000e+02 8.298396e-01 4.415287e+01
1.153000e+02 8.222445e-01 4.596651e+01
1.154000e+02 8.140506e-01 4.792245e+01
1.155000e+02 8.051643e-01 5.004251e+01
1.156000e+02 7.955563e-01 5.233455e+01
1.157000e+02 7.851654e-01 5.481361e+01
1.158000e+02 7.739165e-01 5.749796e+01
1.159000e+02 7.617379e-01 6.040533e+01
1.160000e+02 7.485204e-01 6.356199e+01
1.161000e+02 7.341596e-01 6.699339e+01
1.162000e+02 7.185332e-01 7.072939e+01
1.163000e+02 7.015441e-01 7.479449e+01
1.164000e+02 6.830147e-01 7.923169e+01
1.165000e+02 6.627980e-01 8.407754e+01
1.166000e+02 6.407280e-01 8.937354e+01
1.167000e+02 6.166251e-01 9.516489e+01
1.168000e+02 5.903121e-01 1.014970e+02
1.169000e+02 5.615969e-01 1.084196e+02
1.170000e+02 5.303041e-01 1.159796e+02
1.171000e+02 4.962829e-01 1.242196e+02
1.172000e+02 4.594258e-01 1.331736e+02
1.173000e+02 4.197269e-01 1.428542e+02
1.174000e+02 3.772546e-01 1.532581e+02
1.175000e+02 3.322922e-01 1.643348e+02
1.176000e+02 2.853650e-01 1.759792e+02
1.177000e+02 2.373265e-01 1.880113e+02
1.178000e+02 1.894273e-01 2.001579e+02
1.179000e+02 1.433438e-01 2.120429e+02
1.180000e+02 1.011169e-01 2.231959e+02
1.181000e+02 6.492140e-02 2.330969e+02
1.182000e+02 3.663265e-02 2.412669e+02
1.183000e+02 1.721016e-02 2.474019e+02
1.184000e+02 6.180024e-03 2.514924e+02
1.185000e+02 1.453632e-03 2.538799e+02
1.186000e+02 1.551895e-04 2.551010e+02
1.187000e+02 1.592686e-06 2.556055e+02
1.188000e+02 1.516286e-06 2.555980e+02
1.189000e+02 1.549109e-04 2.550773e+02
1.190000e+02 1.470159e-03 2.538336e+02
1.191000e+02 6.303887e-03 2.514008e+02
1.192000e+02 1.757737e-02 2.472337e+02
1.193000e+02 3.735990e-02 2.409974e+02
1.194000e+02 6.631744e-02 2.326608e+02
1.195000e+02 1.032827e-01 2.225751e+02
1.196000e+02 1.463435e-01 2.112277e+02
1.197000e+02 1.932600e-01 1.991526e+02
1.198000e+02 2.419382e-01 1.868316e+02
1.199000e+02 2.906332e-01 1.746557e+02
1.200000e+02 3.381976e-01 1.628736e+02
1.201000e+02 3.836585e-01 1.516921e+02
1.202000e+02 4.265206e-01 1.412087e+02
1.203000e+02 4.665287e-01 1.314676e+02
1.204000e+02 5.036056e-01 1.224734e+02
1.205000e+02 5.377731e-01 1.142099e+02
1.206000e+02 5.691529e-01 1.066397e+02
1.207000e+02 5.979083e-01 9.971725e+01
1.208000e+02 6.242210e-01 9.339415e+01
1.209000e+02 6.482888e-01 8.761942e+01
1.210000e+02 6.703067e-01 8.234357e+01
1.211000e+02 6.904502e-01 7.752231e+01
1.212000e+02 7.088895e-01 7.311320e+01
1.213000e+02 7.257891e-01 6.907577e+01
1.214000e+02 7.412972e-01 6.537367e+01
1.215000e+02 7.555399e-01 6.197585e+01
1.216000e+02 7.686319e-01 5.885425e+01
1.217000e+02 7.806901e-01 5.598066e+01
1.218000e+02 7.918245e-01 5.332868e+01
1.219000e+02 8.020886e-01 5.088470e+01
1.220000e+02 8.116032e-01 4.862035e+01
1.221000e+02 8.204038e-01 4.652644e+01
1.222000e+02 8.285624e-01 4.458576e+01
1.223000e+02 8.361368e-01 4.278447e+01
1.224000e+02 8.431776e-01 4.111039e+01
1.225000e+02 8.497298e-01 3.955268e+01
1.226000e+02 8.558293e-01 3.810272e+01
1.227000e+02 8.615205e-01 3.674979e+01
1.228000e+02 8.668375e-01 3.548591e+01
1.229000e+02 8.717953e-01 3.430709e+01
1.230000e+02 8.764119e-01 3.320872e+01
1.231000e+02 8.806808e-01 3.219153e+01
1.232000e+02 8.844416e-01 3.129051e+01
1.233000e+02 8.873979e-01 3.056892e+01
1.234000e+02 8.910407e-01 2.970269e+01
1.235000e+02 8.952260e-01 2.872240e+01
1.236000e+02 8.984062e-01 2.796476e+01
1.237000e+02 9.011133e-01 2.731160e+01
1.238000e+02 9.032301e-01 2.678696e+01
1.239000e+02 9.041047e-01 2.652972e+01
1.240000e+02 9.003145e-01 2.728517e+01
1.241000e+02 8.742091e-01 3.312975e+01
1.242000e+02 9.076237e-01 2.560434e+01
1.243000e+02 9.142400e-01 2.413958e+01
1.244000e+02 9.177761e-01 2.333975e+01
1.245000e+02 9.203876e-01 2.273806e+01
1.246000e+02 9.225745e-01 2.222801e+01
1.247000e+02 9.244988e-01 2.177530e+01
1.248000e+02 9.262196e-01 2.136738e+01
1.249000e+02 9.277442e-01 2.100261e+01
1.250000e+02 9.290330e-01 2.068920e+01
1.251000e+02 9.299597e-01 2.045357e+01
1.252000e+02 9.300438e-01 2.039853e+01
1.253000e+02 9.269900e-01 2.102456e+01
1.254000e+02 9.046059e-01 2.606539e+01
1.255000e+02 9.301238e-01 2.028949e+01
1.256000e+02 9.342886e-01 1.937431e+01
1.257000e+02 9.371897e-01 1.872465e+01
1.258000e+02 9.390977e-01 1.829480e+01
1.259000e+02 9.405582e-01 1.796186e+01
1.260000e+02 9.418921e-01 1.765397e+01
1.261000e+02 9.430534e-01 1.738423e+01
1.262000e+02 9.441214e-01 1.713465e+01
1.263000e+02 9.450527e-01 1.691532e+01
1.264000e+02 9.457828e-01 1.674199e+01
1.265000e+02 9.469531e-01 1.646941e+01
1.266000e+02 9.478445e-01 1.626010e+01
1.267000e+02 9.486696e-01 1.606572e+01
1.268000e+02 9.494509e-01 1.588139e+01
1.269000e+02 9.501948e-01 1.570571e+01
1.270000e+02 9.509029e-01 1.553835e+01
1.271000e+02 9.515870e-01 1.537661e+01
1.272000e+02 9.522377e-01 1.522265e+01
1.273000e+02 9.528545e-01 1.507652e+01
1.274000e+02 9.534304e-01 1.493975e+01
1.275000e+02 9.539971e-01 1.480538e+01
1.276000e+02 9.545649e-01 1.467101e+01
1.277000e+02 9.550337e-01 1.455908e+01
1.278000e+02 9.555545e-01 1.443513e+01
1.279000e+02 9.559680e-01 1.433512e+01
1.280000e+02 9.561785e-01 1.427948e+01
1.281000e+02 9.546063e-01 1.463814e+01
1.282000e+02 9.562905e-01 1.423572e+01
1.283000e+02 9.525243e-01 1.508681e+01
1.284000e+02 9.569378e-01 1.408000e+01
1.285000e+02 9.583239e-01 1.377103e+01
1.286000e+02 9.590129e-01 1.361512e+01
1.287000e+02 9.595231e-01 1.349790e+01
1.288000e+02 9.599629e-01 1.339594e+01
1.289000e+02 9.603641e-01 1.330244e+01
1.290000e+02 9.607394e-01 1.321473e+01
1.291000e+02 9.610993e-01 1.313052e+01
1.292000e+02 9.614412e-01 1.305042e+01
1.293000e+02 9.617688e-01 1.297362e+01
1.294000e+02 9.620836e-01 1.289979e+01
1.295000e+02 9.623750e-01 1.283144e+01
1.296000e+02 9.626827e-01 1.275935e+01
1.297000e+02 9.629691e-01 1.269227e+01
1.298000e+02 9.632320e-01 1.263063e+01
1.299000e+02 9.635132e-01 1.256490e+01
1.300000e+02 9.637757e-01 1.250354e+01
1.301000e+02 9.640276e-01 1.244464e+01
1.302000e+02 9.642692e-01 1.238819e+01
1.303000e+02 9.645071e-01 1.233263e+01
1.304000e+02 9.647354e-01 1.227933e+01
1.305000e+02 9.649547e-01 1.222814e+01
1.306000e+02 9.651634e-01 1.217936e+01
1.307000e+02 9.653561e-01 1.213418e+01
1.308000e+02 9.655103e-01 1.209753e+01
1.309000e+02 9.654525e-01 1.210824e+01
1.310000e+02 9.655717e-01 1.208013e+01
1.311000e+02 9.660816e-01 1.196484e+01
1.312000e+02 9.663217e-01 1.191007e+01
1.313000e+02 9.665190e-01 1.186478e+01
1.314000e+02 9.666994e-01 1.182323e+01
1.315000e+02 9.668608e-01 1.178603e+01
1.316000e+02 9.670360e-01 1.174568e+01
1.317000e+02 9.671966e-01 1.170873e+01
1.318000e+02 9.673419e-01 1.167535e+01
1.319000e+02 9.674905e-01 1.164112e+01
1.320000e+02 9.676257e-01 1.161008e+01
1.321000e+02 9.677670e-01 1.157751e+01
1.322000e+02 9.678729e-01 1.155292e+01
1.323000e+02 9.678719e-01 1.155204e+01
1.324000e+02 9.673000e-01 1.168374e+01
1.325000e+02 9.681960e-01 1.147869e+01
1.326000e+02 9.684049e-01 1.143196e+01
1.327000e+02 9.685505e-01 1.139924e+01
1.328000e+02 9.686759e-01 1.137096e+01
1.329000e+02 9.687866e-01 1.134598e+01
1.330000e+02 9.688473e-01 1.133225e+01
1.331000e+02 9.689281e-01 1.131432e+01
1.332000e+02 9.691110e-01 1.127307e+01
1.333000e+02 9.692291e-01 1.124673e+01
1.334000e+02 9.693336e-01 1.122344e+01
1.335000e+02 9.694309e-01 1.120178e+01
1.336000e+02 9.695256e-01 1.118076e+01
1.337000e+02 9.696192e-01 1.116003e+01
1.338000e+02 9.697074e-01 1.114055e+01
1.339000e+02 9.697882e-01 1.112278e+01
1.340000e+02 9.698031e-01 1.112061e+01
1.341000e+02 9.699506e-01 1.108719e+01
1.342000e+02 9.700364e-01 1.106845e+01
1.343000e+02 9.701128e-01 1.105187e+01
1.344000e+02 9.701799e-01 1.103738e+01
1.345000e+02 9.701352e-01 1.104995e+01
1.346000e+02 9.703228e-01 1.100662e+01
1.347000e+02 9.703987e-01 1.099032e+01
1.348000e+02 9.704666e-01 1.097583e+01
1.349000e+02 9.705289e-01 1.096267e+01
1.350000e+02 9.705931e-01 1.094903e+01
1.351000e+02 9.706530e-01 1.093645e+01
1.352000e+02 9.707103e-01 1.092450e+01
1.353000e+02 9.707653e-01 1.091307e+01
1.354000e+02 9.708175e-01 1.090231e+01
1.355000e+02 9.708670e-01 1.089219e+01
1.356000e+02 9.709143e-01 1.088263e+01
1.357000e+02 9.709561e-01 1.087429e+01
1.358000e+02 9.709910e-01 1.086763e+01
1.359000e+02 9.710323e-01 1.085939e+01
1.360000e+02 9.710577e-01 1.085479e+01
1.361000e+02 9.710470e-01 1.085831e+01
1.362000e+02 9.710618e-01 1.085604e+01
1.363000e+02 9.710096e-01 1.086904e+01
1.364000e+02 9.710213e-01 1.086746e+01
1.365000e+02 9.710454e-01 1.086259e+01
1.366000e+02 9.709314e-01 1.088819e+01
1.367000e+02 9.705388e-01 1.097470e+01
1.368000e+02 9.686901e-01 1.138652e+01
1.369000e+02 9.675016e-01 1.165728e+01
1.370000e+02 9.704454e-01 1.099995e+01
1.371000e+02 9.710115e-01 1.087855e+01
1.372000e+02 9.712382e-01 1.083144e+01
1.373000e+02 9.713504e-01 1.080921e+01
1.374000e+02 9.714152e-01 1.079724e+01
1.375000e+02 9.714574e-01 1.079023e+01
1.376000e+02 9.715008e-01 1.078283e+01
1.377000e+02 9.715292e-01 1.077875e+01
1.378000e+02 9.715512e-01 1.077609e+01
1.379000e+02 9.715686e-01 1.077445e+01
1.380000e+02 9.715797e-01 1.077417e+01
1.381000e+02 9.715236e-01 1.078995e+01
1.382000e+02 9.715820e-01 1.077816e+01
1.383000e+02 9.716245e-01 1.077041e+01
1.384000e+02 9.716434e-01 1.076811e+01
1.385000e+02 9.716585e-01 1.076655e+01
1.386000e+02 9.716689e-01 1.076591e+01
1.387000e+02 9.716441e-01 1.077325e+01
1.388000e+02 9.715991e-01 1.078542e+01
1.389000e+02 9.717121e-01 1.076072e+01
1.390000e+02 9.717270e-01 1.075884e+01
1.391000e+02 9.716918e-01 1.076877e+01
1.392000e+02 9.717937e-01 1.074653e+01
1.393000e+02 9.718225e-01 1.074136e+01
1.394000e+02 9.718439e-01 1.073788e+01
1.395000e+02 9.718607e-01 1.073540e+01
1.396000e+02 9.718661e-01 1.073556e+01
1.397000e+02 9.718709e-01 1.073570e+01
1.398000e+02 9.718045e-01 1.075213e+01
1.399000e+02 9.718150e-01 1.075105e+01
1.400000e+02 9.717013e-01 1.077966e+01
1.401000e+02 9.718972e-01 1.073570e+01
1.402000e+02 9.719186e-01 1.073258e+01
1.403000e+02 9.719129e-01 1.073561e+01
1.404000e+02 9.719208e-01 1.073550e+01
1.405000e+02 9.719067e-01 1.074037e+01
1.406000e+02 9.718686e-01 1.075055e+01
1.407000e+02 9.717298e-01 1.078324e+01
1.408000e+02 9.715388e-01 1.082853e+01
1.409000e+02 9.717793e-01 1.077614e+01
1.410000e+02 9.717852e-01 1.077695e+01
1.411000e+02 9.717496e-01 1.078690e+01
1.412000e+02 9.716895e-01 1.080221e+01
1.413000e+02 9.716048e-01 1.082285e+01
1.414000e+02 9.714918e-01 1.084954e+01
1.415000e+02 9.713285e-01 1.088705e+01
1.416000e+02 9.710867e-01 1.094133e+01
1.417000e+02 9.707079e-01 1.102492e+01
1.418000e+02 9.700674e-01 1.116438e+01
1.419000e+02 9.688125e-01 1.143596e+01
1.420000e+02 9.657751e-01 1.209425e+01
1.421000e+02 9.546816e-01 1.452734e+01
1.422000e+02 9.311535e-01 1.980957e+01
1.423000e+02 9.622451e-01 1.287202e+01
1.424000e+02 9.675570e-01 1.172271e+01
1.425000e+02 9.693865e-01 1.133375e+01
1.426000e+02 9.702164e-01 1.116044e+01
1.427000e+02 9.706529e-01 1.107146e+01
1.428000e+02 9.709031e-01 1.102223e+01
1.429000e+02 9.710530e-01 1.099438e+01
1.430000e+02 9.711439e-01 1.097906e+01
1.431000e+02 9.711983e-01 1.097145e+01
1.432000e+02 9.712297e-01 1.096866e+01
1.433000e+02 9.712453e-01 1.096912e+01
1.434000e+02 9.712514e-01 1.097141e+01
1.435000e+02 9.712505e-01 1.097498e+01
1.436000e+02 9.712451e-01 1.097925e+01
1.437000e+02 9.712356e-01 1.098411e+01
1.438000e+02 9.712156e-01 1.099100e+01
1.439000e+02 9.711166e-01 1.101602e+01
1.440000e+02 9.711826e-01 1.100229e+01
1.441000e+02 9.711838e-01 1.100346e+01
1.442000e+02 9.711566e-01 1.101067e+01
1.443000e+02 9.711066e-01 1.102260e+01
1.444000e+02 9.710185e-01 1.104255e+01
1.445000e+02 9.708623e-01 1.107696e+01
1.446000e+02 9.705543e-01 1.114399e+01
1.447000e+02 9.698473e-01 1.129754e+01
1.448000e+02 9.676328e-01 1.178335e+01
1.449000e+02 9.539643e-01 1.488078e+01
1.450000e+02 9.657697e-01 1.219764e+01
1.451000e+02 9.694243e-01 1.139432e+01
1.452000e+02 9.704387e-01 1.117631e+01
1.453000e+02 9.708608e-01 1.108729e+01
1.454000e+02 9.710655e-01 1.104537e+01
1.455000e+02 9.711970e-01 1.101895e+01
1.456000e+02 9.712780e-01 1.100345e+01
1.457000e+02 9.713294e-01 1.099441e+01
1.458000e+02 9.713627e-01 1.098931e+01
1.459000e+02 9.713787e-01 1.098803e+01
1.460000e+02 9.713645e-01 1.099349e+01
1.461000e+02 9.713506e-01 1.099902e+01
1.462000e+02 9.713979e-01 1.099072e+01
1.463000e+02 9.714030e-01 1.099203e+01
1.464000e+02 9.713984e-01 1.099551e+01
1.465000e+02 9.713946e-01 1.099881e+01
1.466000e+02 9.713843e-01 1.100364e+01
1.467000e+02 9.713693e-01 1.100955e+01
1.468000e+02 9.713535e-01 1.101564e+01
1.469000e+02 9.713328e-01 1.102292e+01
1.470000e+02 9.713180e-01 1.102884e+01
1.471000e+02 9.712969e-01 1.103625e+01
1.472000e+02 9.712728e-01 1.104436e+01
1.473000e+02 9.712469e-01 1.105290e+01
1.474000e+02 9.712136e-01 1.106319e+01
1.475000e+02 9.711875e-01 1.107174e+01
1.476000e+02 9.711495e-01 1.108310e+01
1.477000e+02 9.711167e-01 1.109321e+01
1.478000e+02 9.710764e-01 1.110506e+01
1.479000e+02 9.710287e-01 1.111853e+01
1.480000e+02 9.709695e-01 1.113455e+01
1.481000e+02 9.708844e-01 1.115638e+01
1.482000e+02 9.708163e-01 1.117408e+01
1.483000e+02 9.707059e-01 1.120104e+01
1.484000e+02 9.705230e-01 1.124368e+01
1.485000e+02 9.701760e-01 1.132186e+01
1.486000e+02 9.693066e-01 1.151459e+01
1.487000e+02 9.653196e-01 1.240911e+01
1.488000e+02 9.661594e-01 1.222226e+01
1.489000e+02 9.693121e-01 1.152392e+01
1.490000e+02 9.700027e-01 1.137750e+01
1.491000e+02 9.702362e-01 1.133120e+01
1.492000e+02 9.703207e-01 1.131713e+01
1.493000e+02 9.703396e-01 1.131725e+01
1.494000e+02 9.703162e-01 1.132657e+01
1.495000e+02 9.702821e-01 1.133811e+01
1.496000e+02 9.702390e-01 1.135159e+01
1.497000e+02 9.701773e-01 1.136920e+01
1.498000e+02 9.700944e-01 1.139153e+01
1.499000e+02 9.700039e-01 1.141538e+01
1.500000e+02 9.698798e-01 1.144671e+01
1.501000e+02 9.697429e-01 1.148072e+01
1.502000e+02 9.696288e-01 1.150914e+01
1.503000e+02 9.694480e-01 1.155218e+01
1.504000e+02 9.692489e-01 1.159812e+01
1.505000e+02 9.689714e-01 1.166053e+01
1.506000e+02 9.685640e-01 1.175042e+01
1.507000e+02 9.676960e-01 1.194494e+01
1.508000e+02 9.679639e-01 1.188914e+01
1.509000e+02 9.685373e-01 1.176918e+01
1.510000e+02 9.687990e-01 1.171893e+01
1.511000e+02 9.689488e-01 1.169240e+01
1.512000e+02 9.690893e-01 1.166650e+01
1.513000e+02 9.691764e-01 1.165193e+01
1.514000e+02 9.692356e-01 1.164299e+01
1.515000e+02 9.692757e-01 1.163794e+01
1.516000e+02 9.693011e-01 1.163592e+01
1.517000e+02 9.693170e-01 1.163578e+01
1.518000e+02 9.693235e-01 1.163763e+01
1.519000e+02 9.693211e-01 1.164137e+01
1.520000e+02 9.692696e-01 1.165679e+01
1.521000e+02 9.693061e-01 1.165098e+01
1.522000e+02 9.692939e-01 1.165680e+01
1.523000e+02 9.692756e-01 1.166398e+01
1.524000e+02 9.692528e-01 1.167218e+01
1.525000e+02 9.692245e-01 1.168165e+01
1.526000e+02 9.691957e-01 1.169127e+01
1.527000e+02 9.691617e-01 1.170207e+01
1.528000e+02 9.691226e-01 1.171406e+01
1.529000e+02 9.690780e-01 1.172729e+01
1.530000e+02 9.690201e-01 1.174365e+01
1.531000e+02 9.689657e-01 1.175898e+01
1.532000e+02 9.688988e-01 1.177720e+01
1.533000e+02 9.688200e-01 1.179793e+01
1.534000e+02 9.687101e-01 1.182548e+01
1.535000e+02 9.685477e-01 1.186439e+01
1.536000e+02 9.682638e-01 1.192968e+01
1.537000e+02 9.671185e-01 1.219030e+01
1.538000e+02 9.671640e-01 1.217593e+01
1.539000e+02 9.652285e-01 1.260610e+01
1.540000e+02 9.610033e-01 1.355163e+01
1.541000e+02 9.630825e-01 1.309125e+01
1.542000e+02 9.667844e-01 1.227409e+01
1.543000e+02 9.676396e-01 1.209307e+01
1.544000e+02 9.679634e-01 1.202789e+01
1.545000e+02 9.680942e-01 1.200451e+01
1.546000e+02 9.681458e-01 1.199812e+01
1.547000e+02 9.681578e-01 1.200022e+01
1.548000e+02 9.681474e-01 1.200713e+01
1.549000e+02 9.681232e-01 1.201703e+01
1.550000e+02 9.680896e-01 1.202895e+01
1.551000e+02 9.680495e-01 1.204230e+01
1.552000e+02 9.680044e-01 1.205677e+01
1.553000e+02 9.679551e-01 1.207215e+01
1.554000e+02 9.679022e-01 1.208836e+01
1.555000e+02 9.678455e-01 1.210541e+01
1.556000e+02 9.677845e-01 1.212343e+01
1.557000e+02 9.677168e-01 1.214294e+01
1.558000e+02 9.676345e-01 1.216563e+01
1.559000e+02 9.675146e-01 1.219664e+01
1.560000e+02 9.673065e-01 1.224706e+01
1.561000e+02 9.654541e-01 1.268422e+01
1.562000e+02 9.671454e-01 1.229215e+01
1.563000e+02 9.672712e-01 1.226927e+01
1.564000e+02 9.672431e-01 1.228050e+01
1.565000e+02 9.670822e-01 1.232262e+01
1.566000e+02 9.671419e-01 1.231279e+01
1.567000e+02 9.670842e-01 1.233063e+01
1.568000e+02 9.670369e-01 1.234591e+01
1.569000e+02 9.669728e-01 1.236508e+01
1.570000e+02 9.668924e-01 1.238804e+01
1.571000e+02 9.668303e-01 1.240661e+01
1.572000e+02 9.667374e-01 1.243221e+01
1.573000e+02 9.666072e-01 1.246656e+01
1.574000e+02 9.666095e-01 1.247076e+01
1.575000e+02 9.665495e-01 1.248925e+01
1.576000e+02 9.664805e-01 1.250977e+01
1.577000e+02 9.664075e-01 1.253118e+01
1.578000e+02 9.663326e-01 1.255306e+01
1.579000e+02 9.662561e-01 1.257532e+01
1.580000e+02 9.661781e-01 1.259794e+01
1.581000e+02 9.660985e-01 1.262096e+01
1.582000e+02 9.660162e-01 1.264461e+01
1.583000e+02 9.659296e-01 1.266924e+01
1.584000e+02 9.658346e-01 1.269574e+01
1.585000e+02 9.656682e-01 1.273862e+01
1.586000e+02 9.656140e-01 1.275629e+01
1.587000e+02 9.655911e-01 1.276647e+01
1.588000e+02 9.655105e-01 1.279006e+01
1.589000e+02 9.654306e-01 1.281345e+01
1.590000e+02 9.653436e-01 1.283851e+01
1.591000e+02 9.652467e-01 1.286585e+01
1.592000e+02 9.651459e-01 1.289403e+01
1.593000e+02 9.650621e-01 1.291847e+01
1.594000e+02 9.649819e-01 1.294219e+01
1.595000e+02 9.648682e-01 1.297352e+01
1.596000e+02 9.647899e-01 1.299683e+01
1.597000e+02 9.647066e-01 1.302134e+01
1.598000e+02 9.646107e-01 1.304875e+01
1.599000e+02 9.645009e-01 1.307930e+01
1.600000e+02 9.644055e-01 1.310667e+01
1.601000e+02 9.643147e-01 1.313309e+01
1.602000e+02 9.642163e-01 1.316125e+01
1.603000e+02 9.641207e-01 1.318880e+01
1.604000e+02 9.640078e-01 1.322033e+01
1.605000e+02 9.639117e-01 1.324802e+01
1.606000e+02 9.638142e-01 1.327611e+01
1.607000e+02 9.637110e-01 1.330554e+01
1.608000e+02 9.636051e-01 1.333563e+01
1.609000e+02 9.634964e-01 1.336637e+01
1.610000e+02 9.633797e-01 1.339905e+01
1.611000e+02 9.632442e-01 1.343615e+01
1.612000e+02 9.631576e-01 1.346178e+01
1.613000e+02 9.630357e-01 1.349577e+01
1.614000e+02 9.629367e-01 1.352462e+01
1.615000e+02 9.628236e-01 1.355672e+01
1.616000e+02 9.627069e-01 1.358970e+01
1.617000e+02 9.625878e-01 1.362325e+01
1.618000e+02 9.624664e-01 1.365741e+01
1.619000e+02 9.623412e-01 1.369248e+01
1.620000e+02 9.622194e-01 1.372682e+01
1.621000e+02 9.620931e-01 1.376226e+01
1.622000e+02 9.619639e-01 1.379841e+01
1.623000e+02 9.618265e-01 1.383651e+01
1.624000e+02 9.617007e-01 1.387198e+01
1.625000e+02 9.615671e-01 1.390932e+01
1.626000e+02 9.614299e-01 1.394754e+01
1.627000e+02 9.612918e-01 1.398603e+01
1.628000e+02 9.611498e-01 1.402546e+01
1.629000e+02 9.610042e-01 1.406575e+01
1.630000e+02 9.608550e-01 1.410691e+01
1.631000e+02 9.606971e-01 1.415006e+01
1.632000e+02 9.605065e-01 1.420062e+01
1.633000e+02 9.603393e-01 1.424607e+01
1.634000e+02 9.602256e-01 1.427954e+01
1.635000e+02 9.600688e-01 1.432281e+01
1.636000e+02 9.598975e-01 1.436936e+01
1.637000e+02 9.597256e-01 1.441603e+01
1.638000e+02 9.595443e-01 1.446486e+01
1.639000e+02 9.593525e-01 1.451604e+01
1.640000e+02 9.591452e-01 1.457073e+01
1.641000e+02 9.589308e-01 1.462682e+01
1.642000e+02 9.586916e-01 1.468836e+01
1.643000e+02 9.584219e-01 1.475645e+01
1.644000e+02 9.581043e-01 1.483477e+01
1.645000e+02 9.577040e-01 1.493067e+01
1.646000e+02 9.571393e-01 1.506165e+01
1.647000e+02 9.561669e-01 1.528037e+01
1.648000e+02 9.540801e-01 1.574172e+01
1.649000e+02 9.468415e-01 1.734860e+01
1.650000e+02 9.460600e-01 1.753089e+01
1.651000e+02 9.532394e-01 1.595296e+01
1.652000e+02 9.545409e-01 1.568316e+01
1.653000e+02 9.546065e-01 1.568066e+01
1.654000e+02 9.540336e-01 1.581361e+01
1.655000e+02 9.526039e-01 1.612875e+01
1.656000e+02 9.491357e-01 1.688053e+01
1.657000e+02 9.370885e-01 1.950217e+01
1.658000e+02 8.911317e-01 2.983336e+01
1.659000e+02 9.425594e-01 1.833544e+01
1.660000e+02 9.499175e-01 1.676541e+01
1.661000e+02 9.522075e-01 1.629306e+01
1.662000e+02 9.529104e-01 1.616394e+01
1.663000e+02 9.535468e-01 1.603942e+01
1.664000e+02 9.537358e-01 1.601394e+01
1.665000e+02 9.537352e-01 1.602911e+01
1.666000e+02 9.535134e-01 1.609373e+01
1.667000e+02 9.535714e-01 1.609363e+01
1.668000e+02 9.534350e-01 1.613755e+01
1.669000e+02 9.532546e-01 1.619105e+01
1.670000e+02 9.530407e-01 1.625185e+01
1.671000e+02 9.527892e-01 1.632092e+01
1.672000e+02 9.524985e-01 1.639837e+01
1.673000e+02 9.521149e-01 1.649603e+01
1.674000e+02 9.515354e-01 1.663576e+01
1.675000e+02 9.499956e-01 1.698739e+01
1.676000e+02 9.474695e-01 1.756993e+01
1.677000e+02 9.504174e-01 1.692517e+01
1.678000e+02 9.507362e-01 1.687311e+01
1.679000e+02 9.506712e-01 1.690465e+01
1.680000e+02 9.504887e-01 1.696157e+01
1.681000e+02 9.502523e-01 1.703022e+01
1.682000e+02 9.499892e-01 1.710480e+01
1.683000e+02 9.497064e-01 1.718385e+01
1.684000e+02 9.494090e-01 1.726627e+01
1.685000e+02 9.490988e-01 1.735174e+01
1.686000e+02 9.487748e-01 1.744050e+01
1.687000e+02 9.484383e-01 1.753220e+01
1.688000e+02 9.480694e-01 1.763124e+01
1.689000e+02 9.475668e-01 1.776014e+01
1.690000e+02 9.469884e-01 1.790727e+01
1.691000e+02 9.469764e-01 1.792760e+01
1.692000e+02 9.466827e-01 1.801157e+01
1.693000e+02 9.463306e-01 1.810872e+01
1.694000e+02 9.459607e-01 1.821006e+01
1.695000e+02 9.455736e-01 1.831546e+01
1.696000e+02 9.451670e-01 1.842553e+01
1.697000e+02 9.447583e-01 1.853631e+01
1.698000e+02 9.443016e-01 1.865808e+01
1.699000e+02 9.438667e-01 1.877544e+01
1.700000e+02 9.433924e-01 1.890275e+01
1.701000e+02 9.430582e-01 1.899818e+01
1.702000e+02 9.426188e-01 1.911795e+01
1.703000e+02 9.420547e-01 1.926727e+01
1.704000e+02 9.417008e-01 1.936739e+01
1.705000e+02 9.412282e-01 1.949578e+01
1.706000e+02 9.407390e-01 1.962828e+01
1.707000e+02 9.402364e-01 1.976424e+01
1.708000e+02 9.397199e-01 1.990372e+01
1.709000e+02 9.391877e-01 2.004717e+01
1.710000e+02 9.386292e-01 2.019691e+01
1.711000e+02 9.380512e-01 2.035146e+01
1.712000e+02 9.374539e-01 2.051072e+01
1.713000e+02 9.367812e-01 2.068700e+01
1.714000e+02 9.352086e-01 2.106889e+01
1.715000e+02 9.355510e-01 2.101677e+01
1.716000e+02 9.350778e-01 2.115212e+01
1.717000e+02 9.344948e-01 2.131184e+01
1.718000e+02 9.338622e-01 2.148313e+01
1.719000e+02 9.332042e-01 2.166064e+01
1.720000e+02 9.325254e-01 2.184345e+01
1.721000e+02 9.318271e-01 2.203128e+01
1.722000e+02 9.311073e-01 2.222461e+01
1.723000e+02 9.303681e-01 2.242305e+01
1.724000e+02 9.296142e-01 2.262551e+01
1.725000e+02 9.288353e-01 2.283434e+01
1.726000e+02 9.280331e-01 2.304919e+01
1.727000e+02 9.272047e-01 2.327069e+01
1.728000e+02 9.263346e-01 2.350237e+01
1.729000e+02 9.254700e-01 2.373361e+01
1.730000e+02 9.245570e-01 2.397648e+01
1.731000e+02 9.235933e-01 2.423134e+01
1.732000e+02 9.225508e-01 2.450419e+01
1.733000e+02 9.212915e-01 2.482552e+01
1.734000e+02 9.195862e-01 2.524356e+01
1.735000e+02 9.155938e-01 2.618621e+01
1.736000e+02 9.178824e-01 2.571710e+01
1.737000e+02 9.173153e-01 2.589585e+01
1.738000e+02 9.163752e-01 2.615657e+01
1.739000e+02 9.153046e-01 2.644666e+01
1.740000e+02 9.141592e-01 2.675430e+01
1.741000e+02 9.129578e-01 2.707561e+01
1.742000e+02 9.116999e-01 2.741085e+01
1.743000e+02 9.104020e-01 2.775641e+01
1.744000e+02 9.090491e-01 2.811575e+01
1.745000e+02 9.076294e-01 2.849149e+01
1.746000e+02 9.061685e-01 2.887801e+01
1.747000e+02 9.046390e-01 2.928138e+01
1.748000e+02 9.030213e-01 2.970575e+01
1.749000e+02 9.012762e-01 3.015944e+01
1.750000e+02 8.992945e-01 3.066571e+01
1.751000e+02 8.965240e-01 3.134415e+01
1.752000e+02 8.898220e-01 3.291390e+01
1.753000e+02 8.921416e-01 3.245710e+01
1.754000e+02 8.867873e-01 3.371072e+01
1.755000e+02 8.856557e-01 3.404387e+01
1.756000e+02 8.867789e-01 3.389272e+01
1.757000e+02 8.850733e-01 3.435918e+01
1.758000e+02 8.823924e-01 3.503811e+01
1.759000e+02 8.801756e-01 3.562534e+01
1.760000e+02 8.790809e-01 3.597747e+01
1.761000e+02 8.773230e-01 3.647815e+01
1.762000e+02 8.752742e-01 3.704369e+01
1.763000e+02 8.730480e-01 3.765012e+01
1.764000e+02 8.705511e-01 3.832000e+01
1.765000e+02 8.681978e-01 3.895964e+01
1.766000e+02 8.655823e-01 3.966195e+01
1.767000e+02 8.628159e-01 4.040176e+01
1.768000e+02 8.599029e-01 4.117851e+01
1.769000e+02 8.568683e-01 4.198707e+01
1.770000e+02 8.536946e-01 4.283169e+01
1.771000e+02 8.503880e-01 4.371124e+01
1.772000e+02 8.469288e-01 4.463040e+01
1.773000e+02 8.433137e-01 4.559026e+01
1.774000e+02 8.395321e-01 4.659348e+01
1.775000e+02 8.355978e-01 4.763732e+01
1.776000e+02 8.314843e-01 4.872809e+01
1.777000e+02 8.271860e-01 4.986737e+01
1.778000e+02 8.226929e-01 5.105781e+01
1.779000e+02 8.179930e-01 5.230254e+01
1.780000e+02 8.131004e-01 5.359875e+01
1.781000e+02 8.079778e-01 5.495532e+01
1.782000e+02 8.026163e-01 5.637468e+01
1.783000e+02 7.970040e-01 5.785998e+01
1.784000e+02 7.911220e-01 5.941591e+01
1.785000e+02 7.849199e-01 6.105414e+01
1.786000e+02 7.783040e-01 6.279675e+01
1.787000e+02 7.717524e-01 6.453815e+01
1.788000e+02 7.647520e-01 6.639248e+01
1.789000e+02 7.573685e-01 6.834606e+01
1.790000e+02 7.496177e-01 7.039607e+01
1.791000e+02 7.414873e-01 7.254612e+01
1.792000e+02 7.329586e-01 7.480118e+01
1.793000e+02 7.240122e-01 7.716649e+01
1.794000e+02 7.146262e-01 7.964777e+01
1.795000e+02 7.047781e-01 8.225097e+01
1.796000e+02 6.944453e-01 8.498207e+01
1.797000e+02 6.836029e-01 8.784755e+01
1.798000e+02 6.722214e-01 9.085487e+01
1.799000e+02 6.602441e-01 9.401740e+01
1.800000e+02 6.468390e-01 9.753114e+01
1.801000e+02 6.346687e-01 1.007769e+02
1.802000e+02 6.210230e-01 1.043861e+02
1.803000e+02 6.067010e-01 1.081721e+02
1.804000e+02 5.917189e-01 1.121319e+02
1.805000e+02 5.760757e-01 1.162664e+02
1.806000e+02 5.597623e-01 1.205780e+02
1.807000e+02 5.427823e-01 1.250661e+02
1.808000e+02 5.251401e-01 1.297293e+02
1.809000e+02 5.068493e-01 1.345641e+02
1.810000e+02 4.879234e-01 1.395665e+02
1.811000e+02 4.684442e-01 1.447169e+02
1.812000e+02 4.484396e-01 1.500069e+02
1.813000e+02 4.279636e-01 1.554217e+02
1.814000e+02 4.071058e-01 1.609379e+02
1.815000e+02 3.859856e-01 1.665249e+02
1.816000e+02 3.647150e-01 1.721527e+02
1.817000e+02 3.434342e-01 1.777841e+02
1.818000e+02 3.223046e-01 1.833768e+02
1.819000e+02 3.015005e-01 1.888846e+02
1.820000e+02 2.812057e-01 1.942588e+02
1.821000e+02 2.615978e-01 1.994516e+02
1.822000e+02 2.428263e-01 2.044220e+02
1.823000e+02 2.253642e-01 2.090561e+02
1.824000e+02 2.090663e-01 2.133787e+02
1.825000e+02 1.942026e-01 2.173225e+02
1.826000e+02 1.808969e-01 2.208539e+02
1.827000e+02 1.692647e-01 2.239424e+02
1.828000e+02 1.593877e-01 2.265658e+02
1.829000e+02 1.513201e-01 2.287092e+02
1.830000e+02 1.450944e-01 2.303638e+02
1.831000e+02 1.407258e-01 2.315251e+02
1.832000e+02 1.382181e-01 2.321917e+02
1.833000e+02 1.375684e-01 2.323641e+02
1.834000e+02 1.387703e-01 2.320441e+02
1.835000e+02 1.418140e-01 2.312342e+02
1.836000e+02 1.466848e-01 2.299383e+02
1.837000e+02 1.533572e-01 2.281633e+02
1.838000e+02 1.617728e-01 2.259237e+02
1.839000e+02 1.719121e-01 2.232261e+02
1.840000e+02 1.836501e-01 2.201012e+02
1.841000e+02 1.967930e-01 2.165954e+02
1.842000e+02 2.108858e-01 2.128115e+02
1.843000e+02 2.240087e-01 2.091715e+02
1.844000e+02 2.329542e-01 2.064265e+02
1.845000e+02 2.609742e-01 1.994380e+02
1.846000e+02 2.814478e-01 1.940886e+02
1.847000e+02 3.000901e-01 1.891053e+02
1.848000e+02 3.204763e-01 1.837241e+02
1.849000e+02 3.426375e-01 1.779489e+02
1.850000e+02 3.635647e-01 1.724383e+02
1.851000e+02 3.841813e-01 1.669973e+02
1.852000e+02 4.045359e-01 1.616218e+02
1.853000e+02 4.245203e-01 1.563410e+02
1.854000e+02 4.441203e-01 1.511615e+02
1.855000e+02 4.629905e-01 1.461625e+02
1.856000e+02 4.814905e-01 1.412693e+02
1.857000e+02 5.000033e-01 1.363998e+02
1.858000e+02 5.175694e-01 1.317645e+02
1.859000e+02 5.344845e-01 1.272993e+02
1.860000e+02 5.507549e-01 1.230036e+02
1.861000e+02 5.663898e-01 1.188757e+02
1.862000e+02 5.813943e-01 1.149142e+02
1.863000e+02 5.957747e-01 1.111175e+02
1.864000e+02 6.095391e-01 1.074833e+02
1.865000e+02 6.227113e-01 1.040057e+02
1.866000e+02 6.353290e-01 1.006756e+02
1.867000e+02 6.473721e-01 9.749656e+01
1.868000e+02 6.588716e-01 9.446087e+01
1.869000e+02 6.698456e-01 9.156361e+01
1.870000e+02 6.802972e-01 8.880302e+01
1.871000e+02 6.900622e-01 8.621448e+01
1.872000e+02 6.996986e-01 8.367497e+01
1.873000e+02 7.089948e-01 8.122885e+01
1.874000e+02 7.177292e-01 7.892485e+01
1.875000e+02 7.260461e-01 7.672988e+01
1.876000e+02 7.339548e-01 7.464112e+01
1.877000e+02 7.415388e-01 7.263934e+01
1.878000e+02 7.487192e-01 7.074097e+01
1.879000e+02 7.552781e-01 6.899491e+01
1.880000e+02 7.622939e-01 6.716005e+01
1.881000e+02 7.686634e-01 6.548126e+01
1.882000e+02 7.747243e-01 6.388224e+01
1.883000e+02 7.805126e-01 6.235459e+01
1.884000e+02 7.860496e-01 6.089312e+01
1.885000e+02 7.913600e-01 5.949184e+01
1.886000e+02 7.964373e-01 5.815166e+01
1.887000e+02 8.012965e-01 5.686875e+01
1.888000e+02 8.059385e-01 5.564243e+01
1.889000e+02 8.102157e-01 5.450660e+01
1.890000e+02 8.146675e-01 5.333687e+01
1.891000e+02 8.188029e-01 5.224624e+01
1.892000e+02 8.227602e-01 5.120201e+01
1.893000e+02 8.265382e-01 5.020412e+01
1.894000e+02 8.301976e-01 4.923879e+01
1.895000e+02 8.336989e-01 4.831451e+01
1.896000e+02 8.370591e-01 4.742715e+01
1.897000e+02 8.402798e-01 4.657617e+01
1.898000e+02 8.433959e-01 4.575359e+01
1.899000e+02 8.463938e-01 4.496224e+01
1.900000e+02 8.492752e-01 4.420140e+01
1.901000e+02 8.520475e-01 4.346921e+01
1.902000e+02 8.547156e-01 4.276438e+01
1.903000e+02 8.572816e-01 4.208624e+01
1.904000e+02 8.597404e-01 4.143566e+01
1.905000e+02 8.620338e-01 4.082511e+01
1.906000e+02 8.641165e-01 4.026554e+01
1.907000e+02 8.666387e-01 3.961216e+01
1.908000e+02 8.688253e-01 3.903653e+01
1.909000e+02 8.709100e-01 3.848641e+01
1.910000e+02 8.729159e-01 3.795671e+01
1.911000e+02 8.748489e-01 3.744601e+01
1.912000e+02 8.767174e-01 3.695237e+01
1.913000e+02 8.785204e-01 3.647588e+01
1.914000e+02 8.802616e-01 3.601566e+01
1.915000e+02 8.819428e-01 3.557116e+01
1.916000e+02 8.835646e-01 3.514215e+01
1.917000e+02 8.851214e-01 3.472975e+01
1.918000e+02 8.865127e-01 3.435691e+01
1.919000e+02 8.881034e-01 3.394079e+01
1.920000e+02 8.895403e-01 3.356153e+01
1.921000e+02 8.909158e-01 3.319773e+01
1.922000e+02 8.922243e-01 3.285058e+01
1.923000e+02 8.934891e-01 3.251491e+01
1.924000e+02 8.947511e-01 3.218162e+01
1.925000e+02 8.959494e-01 3.186401e+01
1.926000e+02 8.970898e-01 3.156074e+01
1.927000e+02 8.981603e-01 3.127443e+01
1.928000e+02 8.992202e-01 3.099152e+01
1.929000e+02 9.001791e-01 3.073198e+01
1.930000e+02 9.010327e-01 3.049613e+01
1.931000e+02 9.016553e-01 3.031075e+01
1.932000e+02 9.016850e-01 3.025259e+01
1.933000e+02 8.981550e-01 3.097430e+01
1.934000e+02 8.987988e-01 3.079208e+01
1.935000e+02 9.043805e-01 2.953652e+01
1.936000e+02 9.062283e-01 2.909944e+01
1.937000e+02 9.074320e-01 2.880057e+01
1.938000e+02 9.084217e-01 2.854771e+01
1.939000e+02 9.093104e-01 2.831687e+01
1.940000e+02 9.101381e-01 2.809967e+01
1.941000e+02 9.109202e-01 2.789284e+01
1.942000e+02 9.116603e-01 2.769573e+01
1.943000e+02 9.123784e-01 2.750386e+01
1.944000e+02 9.130583e-01 2.732081e+01
1.945000e+02 9.136918e-01 2.714827e+01
1.946000e+02 9.142706e-01 2.698796e+01
1.947000e+02 9.147777e-01 2.684341e+01
1.948000e+02 9.151820e-01 2.672104e+01
1.949000e+02 9.154245e-01 2.663313e+01
1.950000e+02 9.153823e-01 2.660528e+01
1.951000e+02 9.147635e-01 2.669875e+01
1.952000e+02 9.127197e-01 2.709328e+01
1.953000e+02 9.058964e-01 2.850938e+01
1.954000e+02 8.655931e-01 3.731772e+01
1.955000e+02 8.921745e-01 3.141323e+01
1.956000e+02 9.090650e-01 2.774455e+01
1.957000e+02 9.039727e-01 2.890470e+01
1.958000e+02 9.147061e-01 2.651324e+01
1.959000e+02 9.192350e-01 2.551922e+01
1.960000e+02 9.211259e-01 2.509539e+01
1.961000e+02 9.223040e-01 2.482279e+01
1.962000e+02 9.231744e-01 2.461545e+01
1.963000e+02 9.239093e-01 2.443651e+01
1.964000e+02 9.245077e-01 2.428751e+01
1.965000e+02 9.251204e-01 2.413479e+01
1.966000e+02 9.256548e-01 2.399962e+01
1.967000e+02 9.261504e-01 2.387321e+01
1.968000e+02 9.266155e-01 2.375379e+01
1.969000e+02 9.270563e-01 2.364004e+01
1.970000e+02 9.274857e-01 2.352913e+01
1.971000e+02 9.278873e-01 2.342470e+01
1.972000e+02 9.282810e-01 2.332240e+01
1.973000e+02 9.286593e-01 2.322385e+01
1.974000e+02 9.290140e-01 2.313084e+01
1.975000e+02 9.292995e-01 2.305356e+01
1.976000e+02 9.296007e-01 2.297306e+01
1.977000e+02 9.300008e-01 2.287109e+01
1.978000e+02 9.303502e-01 2.278089e+01
1.979000e+02 9.306533e-01 2.270114e+01
1.980000e+02 9.307498e-01 2.266992e+01
1.981000e+02 9.312437e-01 2.254636e+01
1.982000e+02 9.315494e-01 2.246715e+01
1.983000e+02 9.318260e-01 2.239470e+01
1.984000e+02 9.320879e-01 2.232581e+01
1.985000e+02 9.323360e-01 2.226026e+01
1.986000e+02 9.325720e-01 2.219767e+01
1.987000e+02 9.327944e-01 2.213832e+01
1.988000e+02 9.329976e-01 2.208348e+01
1.989000e+02 9.331741e-01 2.203467e+01
1.990000e+02 9.333042e-01 2.199610e+01
1.991000e+02 9.333219e-01 2.198196e+01
1.992000e+02 9.326952e-01 2.211275e+01
1.993000e+02 9.321393e-01 2.221978e+01
1.994000e+02 9.279901e-01 2.315058e+01
1.995000e+02 9.332915e-01 2.195239e+01
1.996000e+02 9.340645e-01 2.177852e+01
1.997000e+02 9.344173e-01 2.169570e+01
1.998000e+02 9.346204e-01 2.164536e+01
1.999000e+02 9.347576e-01 2.160938e+01
2.000000e+02 9.348482e-01 2.158378e+01
