DATE(YYYYMMDD),START TIME(HHMMSS.Microsec),END TIME(HHMMSS.Microsec),TIME PASSED (sec),PWV TOTAL zenith,PWV TOTAL line-of-sight,zenith angle,standard_deviation_of_residuals,Nscale_troposphere_h2o
20260210,090135.838599,090135.838599,0.0,792.502 um_pwv,967.466 um_pwv,35.0,2.306 K,1.86754
20260210,090136.894228,090136.894228,0.0,794.888 um_pwv,970.379 um_pwv,35.0,2.301 K,1.87318
20260210,090137.860529,090137.860529,0.0,795.575 um_pwv,971.218 um_pwv,35.0,2.31 K,1.87480
20260210,090138.815215,090138.815215,0.0,797.729 um_pwv,973.848 um_pwv,35.0,2.503 K,1.87989
20260210,090139.775278,090139.775278,0.0,800.127 um_pwv,976.774 um_pwv,35.0,2.562 K,1.88555
20260210,090140.735155,090140.735155,0.0,799.898 um_pwv,976.495 um_pwv,35.0,2.525 K,1.88501
20260210,090141.697751,090141.697751,0.0,802.381 um_pwv,979.526 um_pwv,35.0,2.609 K,1.89088
20260210,090142.656682,090142.656682,0.0,801.38 um_pwv,978.304 um_pwv,35.0,2.548 K,1.88852
20260210,090143.615251,090143.615251,0.0,802.726 um_pwv,979.947 um_pwv,35.0,2.502 K,1.89170
20260210,090144.574854,090144.574854,0.0,801.787 um_pwv,978.801 um_pwv,35.0,2.395 K,1.88948
20260210,090145.535383,090145.535383,0.0,798.655 um_pwv,974.978 um_pwv,35.0,2.329 K,1.88208
20260210,090146.499122,090146.499122,0.0,798.072 um_pwv,974.267 um_pwv,35.0,2.249 K,1.88070
20260210,090147.458649,090147.458649,0.0,800.471 um_pwv,977.194 um_pwv,35.0,2.242 K,1.88637
20260210,090148.418436,090148.418436,0.0,798.017 um_pwv,974.198 um_pwv,35.0,2.131 K,1.88057
20260210,090149.375478,090149.375478,0.0,799.357 um_pwv,975.835 um_pwv,35.0,2.141 K,1.88374
20260210,090150.337563,090150.337563,0.0,800.332 um_pwv,977.025 um_pwv,35.0,2.187 K,1.88604
20260210,090151.298567,090151.298567,0.0,801.151 um_pwv,978.025 um_pwv,35.0,2.188 K,1.88797
20260210,090152.256077,090152.256077,0.0,804.511 um_pwv,982.126 um_pwv,35.0,2.323 K,1.89591
20260210,090153.216058,090153.216058,0.0,805.922 um_pwv,983.849 um_pwv,35.0,2.42 K,1.89925
20260210,090154.175798,090154.175798,0.0,809.789 um_pwv,988.57 um_pwv,35.0,2.656 K,1.90839
20260210,090155.140408,090155.140408,0.0,810.681 um_pwv,989.658 um_pwv,35.0,2.764 K,1.91050
20260210,090156.096300,090156.096300,0.0,812.182 um_pwv,991.492 um_pwv,35.0,2.737 K,1.91404
20260210,090157.055993,090157.055993,0.0,811.421 um_pwv,990.562 um_pwv,35.0,2.658 K,1.91225
20260210,090158.016142,090158.016142,0.0,808.352 um_pwv,986.815 um_pwv,35.0,2.611 K,1.90499
20260210,090158.977172,090158.977172,0.0,805.981 um_pwv,983.921 um_pwv,35.0,2.416 K,1.89939
20260210,090159.940695,090159.940695,0.0,804.054 um_pwv,981.569 um_pwv,35.0,2.508 K,1.89484
20260210,090200.895842,090200.895842,0.0,799.78 um_pwv,976.35 um_pwv,35.0,2.369 K,1.88473
20260210,090201.855552,090201.855552,0.0,797.954 um_pwv,974.122 um_pwv,35.0,2.279 K,1.88042
20260210,090202.814383,090202.814383,0.0,795.362 um_pwv,970.958 um_pwv,35.0,2.158 K,1.87430
20260210,090203.776088,090203.776088,0.0,793.262 um_pwv,968.394 um_pwv,35.0,2.108 K,1.86933
20260210,090204.736478,090204.736478,0.0,791.99 um_pwv,966.842 um_pwv,35.0,2.072 K,1.86633
20260210,090205.698186,090205.698186,0.0,792.51 um_pwv,967.476 um_pwv,35.0,2.142 K,1.86755
20260210,090206.659223,090206.659223,0.0,794.637 um_pwv,970.072 um_pwv,35.0,2.151 K,1.87258
20260210,090207.618857,090207.618857,0.0,796.99 um_pwv,972.945 um_pwv,35.0,2.376 K,1.87814
20260210,090208.574923,090208.574923,0.0,799.058 um_pwv,975.47 um_pwv,35.0,2.449 K,1.88303
20260210,090209.536347,090209.536347,0.0,798.332 um_pwv,974.583 um_pwv,35.0,2.43 K,1.88131
20260210,090210.497574,090210.497574,0.0,800.648 um_pwv,977.411 um_pwv,35.0,2.566 K,1.88679
20260210,090211.457180,090211.457180,0.0,799.965 um_pwv,976.577 um_pwv,35.0,2.517 K,1.88517
20260210,090212.416114,090212.416114,0.0,802.044 um_pwv,979.115 um_pwv,35.0,2.499 K,1.89009
20260210,090213.375332,090213.375332,0.0,801.063 um_pwv,977.918 um_pwv,35.0,2.409 K,1.88777
20260210,090214.337969,090214.337969,0.0,798.36 um_pwv,974.617 um_pwv,35.0,2.265 K,1.88138
20260210,090215.296599,090215.296599,0.0,798.852 um_pwv,975.219 um_pwv,35.0,2.237 K,1.88254
20260210,090216.256479,090216.256479,0.0,798.154 um_pwv,974.367 um_pwv,35.0,2.278 K,1.88089
20260210,090217.221474,090217.221474,0.0,798.872 um_pwv,975.243 um_pwv,35.0,2.199 K,1.88259
20260210,090218.178184,090218.178184,0.0,799.602 um_pwv,976.134 um_pwv,35.0,2.159 K,1.88431
20260210,090219.139224,090219.139224,0.0,799.03 um_pwv,975.435 um_pwv,35.0,2.079 K,1.88296
20260210,090220.099248,090220.099248,0.0,799.512 um_pwv,976.023 um_pwv,35.0,2.217 K,1.88410
20260210,090221.060659,090221.060659,0.0,800.708 um_pwv,977.484 um_pwv,35.0,2.206 K,1.88693
20260210,090222.016474,090222.016474,0.0,802.488 um_pwv,979.657 um_pwv,35.0,2.305 K,1.89113
20260210,090222.980531,090222.980531,0.0,807.594 um_pwv,985.89 um_pwv,35.0,2.496 K,1.90320
20260210,090223.936707,090223.936707,0.0,808.942 um_pwv,987.536 um_pwv,35.0,2.527 K,1.90639
20260210,090224.896285,090224.896285,0.0,809.998 um_pwv,988.825 um_pwv,35.0,2.573 K,1.90888
20260210,090225.856260,090225.856260,0.0,809.23 um_pwv,987.887 um_pwv,35.0,2.6 K,1.90707
20260210,090226.815565,090226.815565,0.0,808.343 um_pwv,986.805 um_pwv,35.0,2.665 K,1.90497
20260210,090227.776983,090227.776983,0.0,807.933 um_pwv,986.304 um_pwv,35.0,2.633 K,1.90400
20260210,090228.739192,090228.739192,0.0,805.146 um_pwv,982.902 um_pwv,35.0,2.512 K,1.89742
20260210,090229.696620,090229.696620,0.0,803.082 um_pwv,980.383 um_pwv,35.0,2.487 K,1.89254
20260210,090230.656681,090230.656681,0.0,798.852 um_pwv,975.219 um_pwv,35.0,2.313 K,1.88254
20260210,090231.617367,090231.617367,0.0,797.049 um_pwv,973.017 um_pwv,35.0,2.196 K,1.87828
20260210,090232.577299,090232.577299,0.0,794.586 um_pwv,970.01 um_pwv,35.0,2.125 K,1.87246
20260210,090233.540684,090233.540684,0.0,792.412 um_pwv,967.357 um_pwv,35.0,2.11 K,1.86732
20260210,090234.499889,090234.499889,0.0,793.637 um_pwv,968.852 um_pwv,35.0,2.069 K,1.87022
20260210,090235.456049,090235.456049,0.0,794.331 um_pwv,969.699 um_pwv,35.0,2.15 K,1.87186
20260210,090236.418200,090236.418200,0.0,795.932 um_pwv,971.653 um_pwv,35.0,2.288 K,1.87564
20260210,090237.379205,090237.379205,0.0,795.685 um_pwv,971.352 um_pwv,35.0,2.321 K,1.87506
20260210,090238.338218,090238.338218,0.0,799.03 um_pwv,975.435 um_pwv,35.0,2.491 K,1.88296
20260210,090239.300666,090239.300666,0.0,800.372 um_pwv,977.074 um_pwv,35.0,2.456 K,1.88613
20260210,090240.256670,090240.256670,0.0,799.345 um_pwv,975.821 um_pwv,35.0,2.542 K,1.88371
20260210,090241.219261,090241.219261,0.0,800.518 um_pwv,977.253 um_pwv,35.0,2.52 K,1.88648
20260210,090242.181099,090242.181099,0.0,800.332 um_pwv,977.025 um_pwv,35.0,2.381 K,1.88604
20260210,090243.137528,090243.137528,0.0,802.369 um_pwv,979.512 um_pwv,35.0,2.473 K,1.89085
20260210,090244.101209,090244.101209,0.0,800.135 um_pwv,976.784 um_pwv,35.0,2.355 K,1.88557
20260210,090245.061386,090245.061386,0.0,798.301 um_pwv,974.545 um_pwv,35.0,2.247 K,1.88124
20260210,090246.016665,090246.016665,0.0,797.474 um_pwv,973.536 um_pwv,35.0,2.127 K,1.87928
20260210,090246.976762,090246.976762,0.0,798.017 um_pwv,974.198 um_pwv,35.0,2.09 K,1.88057
20260210,090247.938512,090247.938512,0.0,798.084 um_pwv,974.281 um_pwv,35.0,2.07 K,1.88073
20260210,090248.896468,090248.896468,0.0,799.247 um_pwv,975.7 um_pwv,35.0,2.136 K,1.88348
20260210,090249.857330,090249.857330,0.0,800.383 um_pwv,977.088 um_pwv,35.0,2.188 K,1.88616
20260210,090250.816894,090250.816894,0.0,802.021 um_pwv,979.087 um_pwv,35.0,2.216 K,1.89003
20260210,090251.777441,090251.777441,0.0,802.904 um_pwv,980.165 um_pwv,35.0,2.351 K,1.89212
20260210,090252.737062,090252.737062,0.0,807.722 um_pwv,986.047 um_pwv,35.0,2.587 K,1.90350
20260210,090253.698470,090253.698470,0.0,808.831 um_pwv,987.4 um_pwv,35.0,2.557 K,1.90612
20260210,090254.661577,090254.661577,0.0,810.249 um_pwv,989.132 um_pwv,35.0,2.632 K,1.90948
20260210,090255.621594,090255.621594,0.0,810.769 um_pwv,989.766 um_pwv,35.0,2.612 K,1.91070
20260210,090256.581108,090256.581108,0.0,808.831 um_pwv,987.4 um_pwv,35.0,2.564 K,1.90612
20260210,090257.539576,090257.539576,0.0,808.38 um_pwv,986.85 um_pwv,35.0,2.61 K,1.90506
20260210,090258.499845,090258.499845,0.0,805.047 um_pwv,982.781 um_pwv,35.0,2.522 K,1.89718
20260210,090259.459605,090259.459605,0.0,801.289 um_pwv,978.194 um_pwv,35.0,2.375 K,1.88830
20260210,090300.419557,090300.419557,0.0,800.095 um_pwv,976.736 um_pwv,35.0,2.243 K,1.88548
20260210,090301.378755,090301.378755,0.0,796.667 um_pwv,972.551 um_pwv,35.0,2.206 K,1.87738
20260210,090302.339274,090302.339274,0.0,794.272 um_pwv,969.627 um_pwv,35.0,2.182 K,1.87172
20260210,090303.298832,090303.298832,0.0,794.656 um_pwv,970.096 um_pwv,35.0,2.239 K,1.87263
20260210,090304.258247,090304.258247,0.0,794.625 um_pwv,970.058 um_pwv,35.0,2.222 K,1.87255
20260210,090305.218046,090305.218046,0.0,794.821 um_pwv,970.298 um_pwv,35.0,2.246 K,1.87302
20260210,090306.180828,090306.180828,0.0,795.889 um_pwv,971.601 um_pwv,35.0,2.229 K,1.87554
20260210,090307.141306,090307.141306,0.0,798.072 um_pwv,974.267 um_pwv,35.0,2.423 K,1.88070
20260210,090308.100604,090308.100604,0.0,800.55 um_pwv,977.291 um_pwv,35.0,2.515 K,1.88655
20260210,090309.057180,090309.057180,0.0,802.44 um_pwv,979.599 um_pwv,35.0,2.607 K,1.89102
20260210,090310.019118,090310.019118,0.0,801.154 um_pwv,978.028 um_pwv,35.0,2.508 K,1.88798
20260210,090310.976781,090310.976781,0.0,801.665 um_pwv,978.652 um_pwv,35.0,2.523 K,1.88919
20260210,090311.938619,090311.938619,0.0,802.686 um_pwv,979.899 um_pwv,35.0,2.523 K,1.89160
20260210,090312.898685,090312.898685,0.0,801.538 um_pwv,978.497 um_pwv,35.0,2.396 K,1.88889
20260210,090313.862410,090313.862410,0.0,800.826 um_pwv,977.628 um_pwv,35.0,2.309 K,1.88721
20260210,090314.817426,090314.817426,0.0,799.641 um_pwv,976.182 um_pwv,35.0,2.241 K,1.88441
20260210,090315.781364,090315.781364,0.0,796.007 um_pwv,971.745 um_pwv,35.0,2.11 K,1.87582
20260210,090316.737318,090316.737318,0.0,796.923 um_pwv,972.863 um_pwv,35.0,2.147 K,1.87798
20260210,090317.701097,090317.701097,0.0,799.247 um_pwv,975.7 um_pwv,35.0,2.113 K,1.88348
20260210,090318.657344,090318.657344,0.0,800.431 um_pwv,977.146 um_pwv,35.0,2.061 K,1.88627
20260210,090319.620483,090319.620483,0.0,801.507 um_pwv,978.459 um_pwv,35.0,2.204 K,1.88882
20260210,090320.581208,090320.581208,0.0,803.657 um_pwv,981.085 um_pwv,35.0,2.297 K,1.89390
20260210,090321.541215,090321.541215,0.0,803.55 um_pwv,980.953 um_pwv,35.0,2.314 K,1.89364
20260210,090322.498110,090322.498110,0.0,807.195 um_pwv,985.404 um_pwv,35.0,2.533 K,1.90226
20260210,090323.461085,090323.461085,0.0,807.694 um_pwv,986.012 um_pwv,35.0,2.499 K,1.90344
20260210,090324.418935,090324.418935,0.0,808.731 um_pwv,987.278 um_pwv,35.0,2.627 K,1.90589
20260210,090325.378504,090325.378504,0.0,811.679 um_pwv,990.877 um_pwv,35.0,2.643 K,1.91285
20260210,090326.339057,090326.339057,0.0,810.909 um_pwv,989.937 um_pwv,35.0,2.567 K,1.91104
20260210,090327.298534,090327.298534,0.0,808.471 um_pwv,986.961 um_pwv,35.0,2.503 K,1.90527
20260210,090328.259137,090328.259137,0.0,806.538 um_pwv,984.602 um_pwv,35.0,2.528 K,1.90071
20260210,090329.221610,090329.221610,0.0,801.954 um_pwv,979.005 um_pwv,35.0,2.357 K,1.88987
20260210,090330.176840,090330.176840,0.0,800.561 um_pwv,977.305 um_pwv,35.0,2.229 K,1.88658
20260210,090331.138684,090331.138684,0.0,795.312 um_pwv,970.896 um_pwv,35.0,2.093 K,1.87418
20260210,090332.098801,090332.098801,0.0,793.195 um_pwv,968.312 um_pwv,35.0,2.031 K,1.86917
20260210,090333.062108,090333.062108,0.0,794.342 um_pwv,969.713 um_pwv,35.0,2.147 K,1.87189
20260210,090334.017471,090334.017471,0.0,793.254 um_pwv,968.384 um_pwv,35.0,2.132 K,1.86931
20260210,090334.977323,090334.977323,0.0,793.911 um_pwv,969.187 um_pwv,35.0,2.201 K,1.87087
20260210,090335.942419,090335.942419,0.0,796.176 um_pwv,971.951 um_pwv,35.0,2.354 K,1.87622
20260210,090336.898261,090336.898261,0.0,797.415 um_pwv,973.463 um_pwv,35.0,2.368 K,1.87915
20260210,090337.858862,090337.858862,0.0,798.931 um_pwv,975.315 um_pwv,35.0,2.388 K,1.88273
20260210,090338.822212,090338.822212,0.0,800.332 um_pwv,977.025 um_pwv,35.0,2.537 K,1.88604
20260210,090339.778835,090339.778835,0.0,801.47 um_pwv,978.415 um_pwv,35.0,2.57 K,1.88873
20260210,090340.742138,090340.742138,0.0,802.488 um_pwv,979.657 um_pwv,35.0,2.56 K,1.89113
20260210,090341.701227,090341.701227,0.0,802.975 um_pwv,980.251 um_pwv,35.0,2.518 K,1.89229
20260210,090342.657264,090342.657264,0.0,802.448 um_pwv,979.609 um_pwv,35.0,2.388 K,1.89104
20260210,090343.617462,090343.617462,0.0,799.949 um_pwv,976.557 um_pwv,35.0,2.332 K,1.88513
20260210,090344.580045,090344.580045,0.0,797.789 um_pwv,973.92 um_pwv,35.0,2.203 K,1.88003
20260210,090345.537769,090345.537769,0.0,798.734 um_pwv,975.074 um_pwv,35.0,2.142 K,1.88226
20260210,090346.497718,090346.497718,0.0,799.1 um_pwv,975.522 um_pwv,35.0,2.149 K,1.88313
20260210,090347.457749,090347.457749,0.0,799.633 um_pwv,976.172 um_pwv,35.0,2.074 K,1.88439
20260210,090348.417977,090348.417977,0.0,799.819 um_pwv,976.399 um_pwv,35.0,2.051 K,1.88483
20260210,090349.381080,090349.381080,0.0,803.023 um_pwv,980.31 um_pwv,35.0,2.248 K,1.89240
20260210,090350.342112,090350.342112,0.0,803.003 um_pwv,980.286 um_pwv,35.0,2.282 K,1.89235
20260210,090351.299797,090351.299797,0.0,805.436 um_pwv,983.256 um_pwv,35.0,2.452 K,1.89810
20260210,090352.259893,090352.259893,0.0,807.585 um_pwv,985.88 um_pwv,35.0,2.48 K,1.90318
20260210,090353.221156,090353.221156,0.0,808.822 um_pwv,987.389 um_pwv,35.0,2.597 K,1.90610
20260210,090354.181405,090354.181405,0.0,812.16 um_pwv,991.464 um_pwv,35.0,2.7 K,1.91399
20260210,090355.141110,090355.141110,0.0,811.078 um_pwv,990.143 um_pwv,35.0,2.577 K,1.91143
20260210,090356.097624,090356.097624,0.0,810.969 um_pwv,990.011 um_pwv,35.0,2.697 K,1.91118
20260210,090357.058061,090357.058061,0.0,807.913 um_pwv,986.28 um_pwv,35.0,2.615 K,1.90395
20260210,090358.021151,090358.021151,0.0,805.186 um_pwv,982.951 um_pwv,35.0,2.532 K,1.89751
20260210,090358.975727,090358.975727,0.0,803.122 um_pwv,980.431 um_pwv,35.0,2.318 K,1.89263
20260210,090359.939759,090359.939759,0.0,800.719 um_pwv,977.498 um_pwv,35.0,2.28 K,1.88695
20260210,090400.897741,090400.897741,0.0,797.069 um_pwv,973.041 um_pwv,35.0,2.197 K,1.87833
20260210,090401.860217,090401.860217,0.0,795.273 um_pwv,970.848 um_pwv,35.0,2.12 K,1.87408
20260210,090402.820733,090402.820733,0.0,793.606 um_pwv,968.814 um_pwv,35.0,2.109 K,1.87014
20260210,090403.777768,090403.777768,0.0,795.626 um_pwv,971.28 um_pwv,35.0,2.197 K,1.87492
20260210,090404.741395,090404.741395,0.0,794.115 um_pwv,969.436 um_pwv,35.0,2.283 K,1.87135
20260210,090405.699402,090405.699402,0.0,797.8 um_pwv,973.934 um_pwv,35.0,2.398 K,1.88006
20260210,090406.662487,090406.662487,0.0,797.544 um_pwv,973.622 um_pwv,35.0,2.467 K,1.87945
20260210,090407.622012,090407.622012,0.0,801.368 um_pwv,978.29 um_pwv,35.0,2.594 K,1.88849
20260210,090408.576823,090408.576823,0.0,801.767 um_pwv,978.777 um_pwv,35.0,2.58 K,1.88943
20260210,090409.537741,090409.537741,0.0,802.302 um_pwv,979.429 um_pwv,35.0,2.593 K,1.89069
20260210,090410.498253,090410.498253,0.0,804.241 um_pwv,981.797 um_pwv,35.0,2.53 K,1.89528
20260210,090411.461985,090411.461985,0.0,802.845 um_pwv,980.092 um_pwv,35.0,2.487 K,1.89198
20260210,090412.417597,090412.417597,0.0,801.123 um_pwv,977.99 um_pwv,35.0,2.368 K,1.88791
20260210,090413.377915,090413.377915,0.0,801.143 um_pwv,978.014 um_pwv,35.0,2.383 K,1.88796
20260210,090414.340568,090414.340568,0.0,798.585 um_pwv,974.892 um_pwv,35.0,2.238 K,1.88191
20260210,090415.300713,090415.300713,0.0,797.58 um_pwv,973.666 um_pwv,35.0,2.023 K,1.87954
20260210,090416.260445,090416.260445,0.0,798.726 um_pwv,975.064 um_pwv,35.0,2.027 K,1.88224
20260210,090417.220026,090417.220026,0.0,800.629 um_pwv,977.387 um_pwv,35.0,2.029 K,1.88674
20260210,090418.177845,090418.177845,0.0,800.905 um_pwv,977.725 um_pwv,35.0,2.097 K,1.88739
20260210,090419.142642,090419.142642,0.0,802.33 um_pwv,979.464 um_pwv,35.0,2.192 K,1.89076
20260210,090420.096005,090420.096005,0.0,803.51 um_pwv,980.905 um_pwv,35.0,2.252 K,1.89355
20260210,090421.060598,090421.060598,0.0,804.749 um_pwv,982.417 um_pwv,35.0,2.328 K,1.89648
20260210,090422.017530,090422.017530,0.0,807.056 um_pwv,985.233 um_pwv,35.0,2.481 K,1.90193
20260210,090422.977803,090422.977803,0.0,807.825 um_pwv,986.172 um_pwv,35.0,2.616 K,1.90375
20260210,090423.938741,090423.938741,0.0,811.378 um_pwv,990.51 um_pwv,35.0,2.635 K,1.91214
20260210,090424.901257,090424.901257,0.0,810.469 um_pwv,989.4 um_pwv,35.0,2.533 K,1.91000
20260210,090425.861327,090425.861327,0.0,809.738 um_pwv,988.507 um_pwv,35.0,2.49 K,1.90827
20260210,090426.821233,090426.821233,0.0,808.631 um_pwv,987.156 um_pwv,35.0,2.529 K,1.90565
20260210,090427.781626,090427.781626,0.0,805.178 um_pwv,982.94 um_pwv,35.0,2.402 K,1.89749
20260210,090428.741223,090428.741223,0.0,801.075 um_pwv,977.932 um_pwv,35.0,2.273 K,1.88780
20260210,090429.697336,090429.697336,0.0,801.194 um_pwv,978.077 um_pwv,35.0,2.369 K,1.88808
20260210,090430.657796,090430.657796,0.0,797.344 um_pwv,973.377 um_pwv,35.0,2.249 K,1.87898
20260210,090431.621491,090431.621491,0.0,794.084 um_pwv,969.398 um_pwv,35.0,2.136 K,1.87128
20260210,090432.578080,090432.578080,0.0,793.676 um_pwv,968.9 um_pwv,35.0,2.159 K,1.87031
20260210,090433.539986,090433.539986,0.0,795.202 um_pwv,970.763 um_pwv,35.0,2.272 K,1.87392
20260210,090434.498045,090434.498045,0.0,794.382 um_pwv,969.761 um_pwv,35.0,2.274 K,1.87198
20260210,090435.459498,090435.459498,0.0,796.364 um_pwv,972.181 um_pwv,35.0,2.348 K,1.87666
20260210,090436.422882,090436.422882,0.0,796.53 um_pwv,972.383 um_pwv,35.0,2.378 K,1.87705
20260210,090437.382706,090437.382706,0.0,800.846 um_pwv,977.652 um_pwv,35.0,2.496 K,1.88725
20260210,090438.343220,090438.343220,0.0,800.629 um_pwv,977.387 um_pwv,35.0,2.525 K,1.88674
20260210,090439.299951,090439.299951,0.0,801.241 um_pwv,978.135 um_pwv,35.0,2.528 K,1.88819
20260210,090440.262131,090440.262131,0.0,803.063 um_pwv,980.358 um_pwv,35.0,2.446 K,1.89249
20260210,090441.220280,090441.220280,0.0,801.934 um_pwv,978.98 um_pwv,35.0,2.477 K,1.88982
20260210,090442.180614,090442.180614,0.0,800.727 um_pwv,977.508 um_pwv,35.0,2.306 K,1.88697
20260210,090443.141264,090443.141264,0.0,799.247 um_pwv,975.7 um_pwv,35.0,2.236 K,1.88348
20260210,090444.099299,090444.099299,0.0,799.168 um_pwv,975.604 um_pwv,35.0,2.236 K,1.88329
20260210,090445.063049,090445.063049,0.0,798.655 um_pwv,974.978 um_pwv,35.0,2.177 K,1.88208
20260210,090446.021611,090446.021611,0.0,799.128 um_pwv,975.556 um_pwv,35.0,2.011 K,1.88320
20260210,090446.982408,090446.982408,0.0,800.933 um_pwv,977.759 um_pwv,35.0,2.158 K,1.88746
20260210,090447.941468,090447.941468,0.0,801.934 um_pwv,978.98 um_pwv,35.0,2.141 K,1.88982
20260210,090448.901432,090448.901432,0.0,802.904 um_pwv,980.165 um_pwv,35.0,2.218 K,1.89212
20260210,090449.860704,090449.860704,0.0,803.082 um_pwv,980.383 um_pwv,35.0,2.303 K,1.89254
20260210,090450.821424,090450.821424,0.0,805.862 um_pwv,983.776 um_pwv,35.0,2.402 K,1.89911
20260210,090451.783134,090451.783134,0.0,808.431 um_pwv,986.913 um_pwv,35.0,2.63 K,1.90518
20260210,090452.740237,090452.740237,0.0,810.509 um_pwv,989.449 um_pwv,35.0,2.688 K,1.91009
20260210,090453.699757,090453.699757,0.0,812.661 um_pwv,992.076 um_pwv,35.0,2.716 K,1.91518
20260210,090454.661165,090454.661165,0.0,811.81 um_pwv,991.037 um_pwv,35.0,2.678 K,1.91317
20260210,090455.619137,090455.619137,0.0,810.889 um_pwv,989.913 um_pwv,35.0,2.653 K,1.91099
20260210,090456.578439,090456.578439,0.0,808.89 um_pwv,987.473 um_pwv,35.0,2.565 K,1.90627
20260210,090457.539721,090457.539721,0.0,804.471 um_pwv,982.078 um_pwv,35.0,2.408 K,1.89582
20260210,090458.500016,090458.500016,0.0,801.934 um_pwv,978.98 um_pwv,35.0,2.365 K,1.88982
20260210,090459.458368,090459.458368,0.0,800.076 um_pwv,976.712 um_pwv,35.0,2.245 K,1.88543
20260210,090500.423750,090500.423750,0.0,795.744 um_pwv,971.424 um_pwv,35.0,2.237 K,1.87520
20260210,090501.376378,090501.376378,0.0,794.331 um_pwv,969.699 um_pwv,35.0,2.12 K,1.87186
20260210,090502.336738,090502.336738,0.0,794.174 um_pwv,969.508 um_pwv,35.0,2.21 K,1.87149
20260210,090503.303230,090503.303230,0.0,795.362 um_pwv,970.958 um_pwv,35.0,2.22 K,1.87430
20260210,090504.259980,090504.259980,0.0,796.836 um_pwv,972.757 um_pwv,35.0,2.374 K,1.87778
20260210,090505.218495,090505.218495,0.0,797.524 um_pwv,973.598 um_pwv,35.0,2.348 K,1.87940
20260210,090506.178692,090506.178692,0.0,799.906 um_pwv,976.505 um_pwv,35.0,2.482 K,1.88503
20260210,090507.140173,090507.140173,0.0,799.385 um_pwv,975.869 um_pwv,35.0,2.415 K,1.88380
20260210,090508.098572,090508.098572,0.0,800.589 um_pwv,977.339 um_pwv,35.0,2.571 K,1.88665
20260210,090509.060337,090509.060337,0.0,802.341 um_pwv,979.478 um_pwv,35.0,2.63 K,1.89079
20260210,090510.022848,090510.022848,0.0,802.964 um_pwv,980.237 um_pwv,35.0,2.479 K,1.89226
20260210,090510.983393,090510.983393,0.0,803.221 um_pwv,980.552 um_pwv,35.0,2.463 K,1.89287
20260210,090511.942012,090511.942012,0.0,800.945 um_pwv,977.773 um_pwv,35.0,2.361 K,1.88749
20260210,090512.903011,090512.903011,0.0,798.872 um_pwv,975.243 um_pwv,35.0,2.15 K,1.88259
20260210,090513.861795,090513.861795,0.0,799.069 um_pwv,975.483 um_pwv,35.0,2.223 K,1.88306
20260210,090514.823012,090514.823012,0.0,798.604 um_pwv,974.916 um_pwv,35.0,2.195 K,1.88196
20260210,090515.782818,090515.782818,0.0,801.498 um_pwv,978.449 um_pwv,35.0,2.213 K,1.88880
20260210,090516.738977,090516.738977,0.0,800.304 um_pwv,976.991 um_pwv,35.0,2.143 K,1.88597
20260210,090517.700131,090517.700131,0.0,801.787 um_pwv,978.801 um_pwv,35.0,2.074 K,1.88948
20260210,090518.663631,090518.663631,0.0,802.104 um_pwv,979.188 um_pwv,35.0,2.341 K,1.89023
20260210,090519.622137,090519.622137,0.0,805.802 um_pwv,983.703 um_pwv,35.0,2.34 K,1.89897
20260210,090520.582416,090520.582416,0.0,807.944 um_pwv,986.318 um_pwv,35.0,2.426 K,1.90403
20260210,090521.542389,090521.542389,0.0,808.711 um_pwv,987.254 um_pwv,35.0,2.631 K,1.90584
20260210,090522.501740,090522.501740,0.0,809.689 um_pwv,988.448 um_pwv,35.0,2.602 K,1.90815
20260210,090523.462917,090523.462917,0.0,812.724 um_pwv,992.153 um_pwv,35.0,2.701 K,1.91532
20260210,090524.418139,090524.418139,0.0,808.642 um_pwv,987.17 um_pwv,35.0,2.635 K,1.90568
20260210,090525.383125,090525.383125,0.0,809.738 um_pwv,988.507 um_pwv,35.0,2.658 K,1.90827
20260210,090526.343163,090526.343163,0.0,806.678 um_pwv,984.772 um_pwv,35.0,2.533 K,1.90104
20260210,090527.302028,090527.302028,0.0,805.794 um_pwv,983.693 um_pwv,35.0,2.45 K,1.89895
20260210,090528.260421,090528.260421,0.0,801.451 um_pwv,978.391 um_pwv,35.0,2.248 K,1.88868
20260210,090529.220786,090529.220786,0.0,798.143 um_pwv,974.353 um_pwv,35.0,2.175 K,1.88087
20260210,090530.180112,090530.180112,0.0,796.549 um_pwv,972.407 um_pwv,35.0,2.174 K,1.87710
20260210,090531.142050,090531.142050,0.0,795.677 um_pwv,971.342 um_pwv,35.0,2.114 K,1.87504
20260210,090532.101437,090532.101437,0.0,793.908 um_pwv,969.183 um_pwv,35.0,2.204 K,1.87086
20260210,090533.059452,090533.059452,0.0,793.841 um_pwv,969.101 um_pwv,35.0,2.173 K,1.87070
20260210,090534.022038,090534.022038,0.0,796.777 um_pwv,972.685 um_pwv,35.0,2.243 K,1.87764
20260210,090534.981814,090534.981814,0.0,796.993 um_pwv,972.949 um_pwv,35.0,2.359 K,1.87815
20260210,090535.942677,090535.942677,0.0,799.137 um_pwv,975.566 um_pwv,35.0,2.496 K,1.88321
20260210,090536.902649,090536.902649,0.0,801.4 um_pwv,978.328 um_pwv,35.0,2.526 K,1.88856
20260210,090537.863406,090537.863406,0.0,800.253 um_pwv,976.929 um_pwv,35.0,2.455 K,1.88585
20260210,090538.822653,090538.822653,0.0,803.431 um_pwv,980.808 um_pwv,35.0,2.53 K,1.89336
20260210,090539.782357,090539.782357,0.0,802.975 um_pwv,980.251 um_pwv,35.0,2.399 K,1.89229
20260210,090540.740173,090540.740173,0.0,801.815 um_pwv,978.835 um_pwv,35.0,2.391 K,1.88954
20260210,090541.701190,090541.701190,0.0,801.629 um_pwv,978.608 um_pwv,35.0,2.338 K,1.88910
20260210,090542.658888,090542.658888,0.0,800.352 um_pwv,977.049 um_pwv,35.0,2.226 K,1.88609
20260210,090543.618897,090543.618897,0.0,800.854 um_pwv,977.663 um_pwv,35.0,2.201 K,1.88727
20260210,090544.582758,090544.582758,0.0,800.372 um_pwv,977.074 um_pwv,35.0,2.134 K,1.88613
20260210,090545.543008,090545.543008,0.0,799.858 um_pwv,976.447 um_pwv,35.0,2.109 K,1.88492
20260210,090546.503449,090546.503449,0.0,800.569 um_pwv,977.315 um_pwv,35.0,2.018 K,1.88660
20260210,090547.462209,090547.462209,0.0,802.983 um_pwv,980.262 um_pwv,35.0,2.128 K,1.89231
20260210,090548.422583,090548.422583,0.0,804.877 um_pwv,982.573 um_pwv,35.0,2.293 K,1.89678
20260210,090549.382220,090549.382220,0.0,806.467 um_pwv,984.515 um_pwv,35.0,2.338 K,1.90054
20260210,090550.341812,090550.341812,0.0,807.933 um_pwv,986.304 um_pwv,35.0,2.428 K,1.90400
20260210,090551.301900,090551.301900,0.0,809.589 um_pwv,988.326 um_pwv,35.0,2.539 K,1.90792
20260210,090552.262326,090552.262326,0.0,810.389 um_pwv,989.302 um_pwv,35.0,2.622 K,1.90981
20260210,090553.221264,090553.221264,0.0,811.65 um_pwv,990.842 um_pwv,35.0,2.567 K,1.91279
20260210,090554.182010,090554.182010,0.0,811.621 um_pwv,990.807 um_pwv,35.0,2.529 K,1.91272
20260210,090555.142508,090555.142508,0.0,810.261 um_pwv,989.146 um_pwv,35.0,2.507 K,1.90950
20260210,090556.104123,090556.104123,0.0,805.922 um_pwv,983.849 um_pwv,35.0,2.43 K,1.89925
20260210,090557.063787,090557.063787,0.0,804.471 um_pwv,982.078 um_pwv,35.0,2.316 K,1.89582
20260210,090558.022574,090558.022574,0.0,799.799 um_pwv,976.375 um_pwv,35.0,2.254 K,1.88478
20260210,090558.982647,090558.982647,0.0,796.734 um_pwv,972.633 um_pwv,35.0,2.017 K,1.87754
20260210,090559.942893,090559.942893,0.0,795.881 um_pwv,971.591 um_pwv,35.0,2.102 K,1.87552
20260210,090600.902663,090600.902663,0.0,795.205 um_pwv,970.767 um_pwv,35.0,2.186 K,1.87392
20260210,090601.862136,090601.862136,0.0,792.53 um_pwv,967.5 um_pwv,35.0,2.135 K,1.86760
20260210,090602.821931,090602.821931,0.0,794.468 um_pwv,969.867 um_pwv,35.0,2.177 K,1.87218
20260210,090603.777933,090603.777933,0.0,794.782 um_pwv,970.25 um_pwv,35.0,2.258 K,1.87292
20260210,090604.742968,090604.742968,0.0,797.454 um_pwv,973.511 um_pwv,35.0,2.476 K,1.87924
20260210,090605.702184,090605.702184,0.0,800.917 um_pwv,977.739 um_pwv,35.0,2.491 K,1.88742
20260210,090606.661293,090606.661293,0.0,801.787 um_pwv,978.801 um_pwv,35.0,2.53 K,1.88948
20260210,090607.622051,090607.622051,0.0,802.369 um_pwv,979.512 um_pwv,35.0,2.583 K,1.89085
20260210,090608.582631,090608.582631,0.0,802.211 um_pwv,979.319 um_pwv,35.0,2.389 K,1.89048
20260210,090609.544149,090609.544149,0.0,802.5 um_pwv,979.671 um_pwv,35.0,2.372 K,1.89116
20260210,090610.501130,090610.501130,0.0,802.777 um_pwv,980.01 um_pwv,35.0,2.37 K,1.89182
20260210,090611.463143,090611.463143,0.0,800.206 um_pwv,976.871 um_pwv,35.0,2.271 K,1.88574
20260210,090612.423800,090612.423800,0.0,798.813 um_pwv,975.171 um_pwv,35.0,2.155 K,1.88245
20260210,090613.382601,090613.382601,0.0,801.024 um_pwv,977.87 um_pwv,35.0,2.173 K,1.88767
20260210,090614.341661,090614.341661,0.0,799.937 um_pwv,976.543 um_pwv,35.0,2.102 K,1.88511
20260210,090615.303916,090615.303916,0.0,800.332 um_pwv,977.025 um_pwv,35.0,2.125 K,1.88604
20260210,090616.264650,090616.264650,0.0,802.369 um_pwv,979.512 um_pwv,35.0,2.103 K,1.89085
20260210,090617.223558,090617.223558,0.0,803.408 um_pwv,980.78 um_pwv,35.0,2.178 K,1.89331
20260210,090618.183934,090618.183934,0.0,803.955 um_pwv,981.448 um_pwv,35.0,2.22 K,1.89460
20260210,090619.137700,090619.137700,0.0,806.937 um_pwv,985.088 um_pwv,35.0,2.407 K,1.90165
20260210,090620.102432,090620.102432,0.0,808.28 um_pwv,986.728 um_pwv,35.0,2.443 K,1.90482
20260210,090621.064110,090621.064110,0.0,809.749 um_pwv,988.521 um_pwv,35.0,2.513 K,1.90829
20260210,090622.019105,090622.019105,0.0,810.709 um_pwv,989.693 um_pwv,35.0,2.664 K,1.91056
20260210,090622.983394,090622.983394,0.0,810.781 um_pwv,989.78 um_pwv,35.0,2.62 K,1.91073
20260210,090623.939127,090623.939127,0.0,810.721 um_pwv,989.707 um_pwv,35.0,2.56 K,1.91059
20260210,090624.897990,090624.897990,0.0,809.658 um_pwv,988.41 um_pwv,35.0,2.454 K,1.90808
20260210,090625.858229,090625.858229,0.0,806.837 um_pwv,984.966 um_pwv,35.0,2.4 K,1.90141
20260210,090626.817855,090626.817855,0.0,802.916 um_pwv,980.179 um_pwv,35.0,2.271 K,1.89215
20260210,090627.782493,090627.782493,0.0,801.637 um_pwv,978.618 um_pwv,35.0,2.324 K,1.88912
20260210,090628.739386,090628.739386,0.0,798.734 um_pwv,975.074 um_pwv,35.0,2.321 K,1.88226
20260210,090629.700886,090629.700886,0.0,795.116 um_pwv,970.657 um_pwv,35.0,2.095 K,1.87371
20260210,090630.662640,090630.662640,0.0,795.304 um_pwv,970.886 um_pwv,35.0,2.116 K,1.87416
20260210,090631.621772,090631.621772,0.0,793.928 um_pwv,969.207 um_pwv,35.0,2.13 K,1.87090
20260210,090632.583751,090632.583751,0.0,795.449 um_pwv,971.064 um_pwv,35.0,2.2 K,1.87450
20260210,090633.542036,090633.542036,0.0,797.17 um_pwv,973.165 um_pwv,35.0,2.345 K,1.87857
20260210,090634.502688,090634.502688,0.0,798.273 um_pwv,974.511 um_pwv,35.0,2.384 K,1.88117
20260210,090635.462903,090635.462903,0.0,799.622 um_pwv,976.158 um_pwv,35.0,2.396 K,1.88436
20260210,090636.417738,090636.417738,0.0,801.312 um_pwv,978.222 um_pwv,35.0,2.594 K,1.88836
20260210,090637.378403,090637.378403,0.0,802.983 um_pwv,980.262 um_pwv,35.0,2.646 K,1.89231
20260210,090638.341993,090638.341993,0.0,802.825 um_pwv,980.068 um_pwv,35.0,2.562 K,1.89193
20260210,090639.302679,090639.302679,0.0,803.213 um_pwv,980.542 um_pwv,35.0,2.445 K,1.89285
20260210,090640.261065,090640.261065,0.0,802.539 um_pwv,979.719 um_pwv,35.0,2.336 K,1.89126
20260210,090641.220453,090641.220453,0.0,800.818 um_pwv,977.618 um_pwv,35.0,2.267 K,1.88719
20260210,090642.181146,090642.181146,0.0,799.306 um_pwv,975.772 um_pwv,35.0,2.222 K,1.88361
20260210,090643.142192,090643.142192,0.0,798.399 um_pwv,974.665 um_pwv,35.0,2.096 K,1.88147
20260210,090644.099396,090644.099396,0.0,801.19 um_pwv,978.073 um_pwv,35.0,2.137 K,1.88807
20260210,090645.064470,090645.064470,0.0,802.211 um_pwv,979.319 um_pwv,35.0,2.033 K,1.89048
20260210,090646.020571,090646.020571,0.0,802.836 um_pwv,980.082 um_pwv,35.0,2.121 K,1.89196
20260210,090646.984510,090646.984510,0.0,803.479 um_pwv,980.867 um_pwv,35.0,2.214 K,1.89348
20260210,090647.940171,090647.940171,0.0,805.842 um_pwv,983.751 um_pwv,35.0,2.264 K,1.89906
20260210,090648.902955,090648.902955,0.0,808.092 um_pwv,986.499 um_pwv,35.0,2.445 K,1.90438
20260210,090649.863727,090649.863727,0.0,810.089 um_pwv,988.936 um_pwv,35.0,2.501 K,1.90910
20260210,090650.823336,090650.823336,0.0,811.078 um_pwv,990.143 um_pwv,35.0,2.547 K,1.91143
20260210,090651.780523,090651.780523,0.0,813.704 um_pwv,993.35 um_pwv,35.0,2.73 K,1.91764
20260210,090652.742049,090652.742049,0.0,811.61 um_pwv,990.793 um_pwv,35.0,2.607 K,1.91269
20260210,090653.702887,090653.702887,0.0,811.601 um_pwv,990.782 um_pwv,35.0,2.562 K,1.91267
20260210,090654.664483,090654.664483,0.0,809.661 um_pwv,988.413 um_pwv,35.0,2.396 K,1.90809
20260210,090655.624708,090655.624708,0.0,804.967 um_pwv,982.684 um_pwv,35.0,2.32 K,1.89699
20260210,090656.582319,090656.582319,0.0,801.973 um_pwv,979.029 um_pwv,35.0,2.265 K,1.88992
20260210,090657.544356,090657.544356,0.0,799.78 um_pwv,976.35 um_pwv,35.0,2.196 K,1.88473
20260210,090658.498531,090658.498531,0.0,798.47 um_pwv,974.751 um_pwv,35.0,2.093 K,1.88164
20260210,090659.460097,090659.460097,0.0,795.155 um_pwv,970.705 um_pwv,35.0,2.094 K,1.87380
20260210,090700.423837,090700.423837,0.0,795.037 um_pwv,970.561 um_pwv,35.0,2.094 K,1.87353
20260210,090701.380313,090701.380313,0.0,794.731 um_pwv,970.188 um_pwv,35.0,2.151 K,1.87280
20260210,090702.342954,090702.342954,0.0,794.841 um_pwv,970.322 um_pwv,35.0,2.236 K,1.87306
20260210,090703.303288,090703.303288,0.0,798.36 um_pwv,974.617 um_pwv,35.0,2.26 K,1.88138
20260210,090704.260087,090704.260087,0.0,799.799 um_pwv,976.375 um_pwv,35.0,2.41 K,1.88478
20260210,090705.219574,090705.219574,0.0,800.084 um_pwv,976.722 um_pwv,35.0,2.499 K,1.88545
20260210,090706.180246,090706.180246,0.0,800.589 um_pwv,977.339 um_pwv,35.0,2.556 K,1.88665
20260210,090707.139773,090707.139773,0.0,800.933 um_pwv,977.759 um_pwv,35.0,2.518 K,1.88746
20260210,090708.100327,090708.100327,0.0,802.528 um_pwv,979.705 um_pwv,35.0,2.398 K,1.89123
20260210,090709.059460,090709.059460,0.0,800.877 um_pwv,977.691 um_pwv,35.0,2.397 K,1.88733
20260210,090710.020447,090710.020447,0.0,799.712 um_pwv,976.268 um_pwv,35.0,2.316 K,1.88457
20260210,090710.982116,090710.982116,0.0,800.471 um_pwv,977.194 um_pwv,35.0,2.1 K,1.88637
20260210,090711.940244,090711.940244,0.0,799.712 um_pwv,976.268 um_pwv,35.0,2.181 K,1.88457
20260210,090712.904709,090712.904709,0.0,798.9 um_pwv,975.277 um_pwv,35.0,2.069 K,1.88266
20260210,090713.862978,090713.862978,0.0,801.4 um_pwv,978.328 um_pwv,35.0,2.054 K,1.88856
20260210,090714.823787,090714.823787,0.0,802.381 um_pwv,979.526 um_pwv,35.0,2.129 K,1.89088
20260210,090715.784978,090715.784978,0.0,804.908 um_pwv,982.611 um_pwv,35.0,2.212 K,1.89685
20260210,090716.744994,090716.744994,0.0,805.424 um_pwv,983.242 um_pwv,35.0,2.204 K,1.89807
20260210,090717.705111,090717.705111,0.0,806.291 um_pwv,984.3 um_pwv,35.0,2.252 K,1.90012
20260210,090718.664739,090718.664739,0.0,808.312 um_pwv,986.766 um_pwv,35.0,2.251 K,1.90490
20260210,090719.622323,090719.622323,0.0,809.729 um_pwv,988.497 um_pwv,35.0,2.487 K,1.90825
20260210,090720.582227,090720.582227,0.0,810.209 um_pwv,989.083 um_pwv,35.0,2.574 K,1.90938
20260210,090721.540691,090721.540691,0.0,811.87 um_pwv,991.111 um_pwv,35.0,2.51 K,1.91331
20260210,090722.502398,090722.502398,0.0,811.931 um_pwv,991.184 um_pwv,35.0,2.604 K,1.91345
20260210,090723.462261,090723.462261,0.0,810.689 um_pwv,989.669 um_pwv,35.0,2.477 K,1.91052
20260210,090724.421736,090724.421736,0.0,809.51 um_pwv,988.229 um_pwv,35.0,2.429 K,1.90773
20260210,090725.380540,090725.380540,0.0,806.24 um_pwv,984.237 um_pwv,35.0,2.361 K,1.90000
20260210,090726.345036,090726.345036,0.0,801.518 um_pwv,978.473 um_pwv,35.0,2.202 K,1.88884
20260210,090727.300576,090727.300576,0.0,798.32 um_pwv,974.569 um_pwv,35.0,2.158 K,1.88129
20260210,090728.261952,090728.261952,0.0,796.53 um_pwv,972.383 um_pwv,35.0,2.187 K,1.87705
20260210,090729.221193,090729.221193,0.0,795.861 um_pwv,971.567 um_pwv,35.0,2.09 K,1.87547
20260210,090730.182747,090730.182747,0.0,794.519 um_pwv,969.929 um_pwv,35.0,2.105 K,1.87230
20260210,090731.144116,090731.144116,0.0,795.017 um_pwv,970.537 um_pwv,35.0,2.164 K,1.87348
20260210,090732.104400,090732.104400,0.0,797.013 um_pwv,972.973 um_pwv,35.0,2.274 K,1.87820
20260210,090733.064691,090733.064691,0.0,799.03 um_pwv,975.435 um_pwv,35.0,2.315 K,1.88296
20260210,090734.024996,090734.024996,0.0,799.345 um_pwv,975.821 um_pwv,35.0,2.494 K,1.88371
20260210,090734.980082,090734.980082,0.0,800.245 um_pwv,976.919 um_pwv,35.0,2.495 K,1.88583
20260210,090735.943779,090735.943779,0.0,801.855 um_pwv,978.884 um_pwv,35.0,2.537 K,1.88964
20260210,090736.902317,090736.902317,0.0,802.896 um_pwv,980.155 um_pwv,35.0,2.545 K,1.89210
20260210,090737.860796,090737.860796,0.0,801.044 um_pwv,977.894 um_pwv,35.0,2.441 K,1.88772
20260210,090738.824359,090738.824359,0.0,801.253 um_pwv,978.149 um_pwv,35.0,2.353 K,1.88822
20260210,090739.784232,090739.784232,0.0,800.688 um_pwv,977.459 um_pwv,35.0,2.329 K,1.88688
20260210,090740.745283,090740.745283,0.0,800.984 um_pwv,977.821 um_pwv,35.0,2.114 K,1.88758
20260210,090741.702541,090741.702541,0.0,800.206 um_pwv,976.871 um_pwv,35.0,2.08 K,1.88574
20260210,090742.662105,090742.662105,0.0,799.385 um_pwv,975.869 um_pwv,35.0,2.037 K,1.88380
20260210,090743.624844,090743.624844,0.0,801.518 um_pwv,978.473 um_pwv,35.0,2.07 K,1.88884
20260210,090744.582906,090744.582906,0.0,803.162 um_pwv,980.479 um_pwv,35.0,2.171 K,1.89273
20260210,090745.542474,090745.542474,0.0,804.284 um_pwv,981.849 um_pwv,35.0,2.214 K,1.89538
20260210,090746.502188,090746.502188,0.0,806.49 um_pwv,984.543 um_pwv,35.0,2.276 K,1.90059
20260210,090747.464243,090747.464243,0.0,808.323 um_pwv,986.78 um_pwv,35.0,2.355 K,1.90492
20260210,090748.425517,090748.425517,0.0,809.718 um_pwv,988.483 um_pwv,35.0,2.358 K,1.90822
20260210,090749.385223,090749.385223,0.0,810.489 um_pwv,989.424 um_pwv,35.0,2.561 K,1.91004
20260210,090750.342352,090750.342352,0.0,811.85 um_pwv,991.086 um_pwv,35.0,2.525 K,1.91326
20260210,090751.304487,090751.304487,0.0,812.371 um_pwv,991.722 um_pwv,35.0,2.642 K,1.91449
20260210,090752.262533,090752.262533,0.0,812.412 um_pwv,991.771 um_pwv,35.0,2.656 K,1.91459
20260210,090753.223773,090753.223773,0.0,812.884 um_pwv,992.349 um_pwv,35.0,2.62 K,1.91570
20260210,090754.181120,090754.181120,0.0,809.019 um_pwv,987.63 um_pwv,35.0,2.444 K,1.90657
20260210,090755.144000,090755.144000,0.0,806.152 um_pwv,984.13 um_pwv,35.0,2.366 K,1.89979
20260210,090756.100766,090756.100766,0.0,800.64 um_pwv,977.401 um_pwv,35.0,2.215 K,1.88677
20260210,090757.062232,090757.062232,0.0,800.499 um_pwv,977.228 um_pwv,35.0,2.222 K,1.88643
20260210,090758.023835,090758.023835,0.0,796.659 um_pwv,972.541 um_pwv,35.0,2.141 K,1.87736
20260210,090758.985357,090758.985357,0.0,796.344 um_pwv,972.157 um_pwv,35.0,2.143 K,1.87662
20260210,090759.941055,090759.941055,0.0,795.547 um_pwv,971.184 um_pwv,35.0,2.172 K,1.87473
20260210,090800.902304,090800.902304,0.0,798.064 um_pwv,974.257 um_pwv,35.0,2.26 K,1.88068
20260210,090801.863690,090801.863690,0.0,797.198 um_pwv,973.199 um_pwv,35.0,2.267 K,1.87863
20260210,090802.821503,090802.821503,0.0,798.636 um_pwv,974.954 um_pwv,35.0,2.323 K,1.88203
20260210,090803.781006,090803.781006,0.0,801.312 um_pwv,978.222 um_pwv,35.0,2.507 K,1.88836
20260210,090804.745748,090804.745748,0.0,801.4 um_pwv,978.328 um_pwv,35.0,2.539 K,1.88856
20260210,090805.701271,090805.701271,0.0,802.536 um_pwv,979.716 um_pwv,35.0,2.554 K,1.89125
20260210,090806.664030,090806.664030,0.0,802.992 um_pwv,980.272 um_pwv,35.0,2.548 K,1.89233
20260210,090807.624330,090807.624330,0.0,804.57 um_pwv,982.199 um_pwv,35.0,2.467 K,1.89606
20260210,090808.585293,090808.585293,0.0,803.467 um_pwv,980.853 um_pwv,35.0,2.377 K,1.89345
20260210,090809.545489,090809.545489,0.0,801.985 um_pwv,979.043 um_pwv,35.0,2.265 K,1.88995
20260210,090810.502646,090810.502646,0.0,801.309 um_pwv,978.218 um_pwv,35.0,2.225 K,1.88835
20260210,090811.460966,090811.460966,0.0,799.041 um_pwv,975.449 um_pwv,35.0,2.069 K,1.88299
20260210,090812.425578,090812.425578,0.0,801.044 um_pwv,977.894 um_pwv,35.0,2.115 K,1.88772
20260210,090813.385527,090813.385527,0.0,803.3 um_pwv,980.649 um_pwv,35.0,2.226 K,1.89305
20260210,090814.344983,090814.344983,0.0,800.696 um_pwv,977.47 um_pwv,35.0,1.961 K,1.88690
20260210,090815.302660,090815.302660,0.0,803.657 um_pwv,981.085 um_pwv,35.0,2.05 K,1.89390
20260210,090816.265236,090816.265236,0.0,805.694 um_pwv,983.571 um_pwv,35.0,2.159 K,1.89871
20260210,090817.224305,090817.224305,0.0,808.471 um_pwv,986.961 um_pwv,35.0,2.365 K,1.90527
20260210,090818.183265,090818.183265,0.0,810.501 um_pwv,989.438 um_pwv,35.0,2.453 K,1.91007
20260210,090819.140720,090819.140720,0.0,811.481 um_pwv,990.636 um_pwv,35.0,2.499 K,1.91239
20260210,090820.101309,090820.101309,0.0,812.552 um_pwv,991.943 um_pwv,35.0,2.563 K,1.91492
20260210,090821.062921,090821.062921,0.0,815.223 um_pwv,995.204 um_pwv,35.0,2.701 K,1.92123
20260210,090822.023285,090822.023285,0.0,812.853 um_pwv,992.31 um_pwv,35.0,2.589 K,1.91563
20260210,090822.982243,090822.982243,0.0,812.119 um_pwv,991.415 um_pwv,35.0,2.559 K,1.91390
20260210,090823.943400,090823.943400,0.0,809.738 um_pwv,988.507 um_pwv,35.0,2.447 K,1.90827
20260210,090824.903262,090824.903262,0.0,804.026 um_pwv,981.534 um_pwv,35.0,2.289 K,1.89477
20260210,090825.864522,090825.864522,0.0,802.369 um_pwv,979.512 um_pwv,35.0,2.227 K,1.89085
20260210,090826.824862,090826.824862,0.0,798.419 um_pwv,974.689 um_pwv,35.0,2.136 K,1.88152
20260210,090827.784117,090827.784117,0.0,797.395 um_pwv,973.439 um_pwv,35.0,2.23 K,1.87910
20260210,090828.744836,090828.744836,0.0,795.842 um_pwv,971.544 um_pwv,35.0,2.212 K,1.87543
20260210,090829.706241,090829.706241,0.0,794.39 um_pwv,969.771 um_pwv,35.0,2.068 K,1.87200
20260210,090830.661353,090830.661353,0.0,794.95 um_pwv,970.455 um_pwv,35.0,2.18 K,1.87332
20260210,090831.622874,090831.622874,0.0,799.022 um_pwv,975.425 um_pwv,35.0,2.325 K,1.88294
20260210,090832.585597,090832.585597,0.0,799.602 um_pwv,976.134 um_pwv,35.0,2.396 K,1.88431
20260210,090833.546128,090833.546128,0.0,801.301 um_pwv,978.208 um_pwv,35.0,2.518 K,1.88833
20260210,090834.502454,090834.502454,0.0,800.945 um_pwv,977.773 um_pwv,35.0,2.517 K,1.88749
20260210,090835.466125,090835.466125,0.0,802.845 um_pwv,980.092 um_pwv,35.0,2.509 K,1.89198
20260210,090836.421460,090836.421460,0.0,801.558 um_pwv,978.521 um_pwv,35.0,2.502 K,1.88894
20260210,090837.384762,090837.384762,0.0,802.429 um_pwv,979.585 um_pwv,35.0,2.37 K,1.89099
20260210,090838.341785,090838.341785,0.0,802.143 um_pwv,979.236 um_pwv,35.0,2.362 K,1.89032
20260210,090839.301448,090839.301448,0.0,802.845 um_pwv,980.092 um_pwv,35.0,2.28 K,1.89198
20260210,090840.265464,090840.265464,0.0,801.518 um_pwv,978.473 um_pwv,35.0,2.155 K,1.88884
20260210,090841.221772,090841.221772,0.0,801.569 um_pwv,978.535 um_pwv,35.0,2.104 K,1.88896
20260210,090842.181788,090842.181788,0.0,801.883 um_pwv,978.918 um_pwv,35.0,2.162 K,1.88970
20260210,090843.143129,090843.143129,0.0,802.896 um_pwv,980.155 um_pwv,35.0,2.116 K,1.89210
20260210,090844.104401,090844.104401,0.0,803.847 um_pwv,981.316 um_pwv,35.0,2.123 K,1.89435
20260210,090845.061321,090845.061321,0.0,805.217 um_pwv,982.989 um_pwv,35.0,2.132 K,1.89758
20260210,090846.022059,090846.022059,0.0,805.464 um_pwv,983.29 um_pwv,35.0,2.18 K,1.89817
20260210,090846.982376,090846.982376,0.0,808.56 um_pwv,987.069 um_pwv,35.0,2.475 K,1.90548
20260210,090847.940978,090847.940978,0.0,810.149 um_pwv,989.009 um_pwv,35.0,2.481 K,1.90924
20260210,090848.903854,090848.903854,0.0,812.833 um_pwv,992.286 um_pwv,35.0,2.578 K,1.91558
20260210,090849.864234,090849.864234,0.0,814.118 um_pwv,993.854 um_pwv,35.0,2.589 K,1.91862
20260210,090850.824947,090850.824947,0.0,811.91 um_pwv,991.16 um_pwv,35.0,2.56 K,1.91340
20260210,090851.785508,090851.785508,0.0,811.169 um_pwv,990.255 um_pwv,35.0,2.384 K,1.91165
20260210,090852.744681,090852.744681,0.0,809.57 um_pwv,988.302 um_pwv,35.0,2.459 K,1.90787
20260210,090853.704361,090853.704361,0.0,808.312 um_pwv,986.766 um_pwv,35.0,2.45 K,1.90490
20260210,090854.664819,090854.664819,0.0,805.703 um_pwv,983.581 um_pwv,35.0,2.286 K,1.89873
20260210,090855.625478,090855.625478,0.0,801.281 um_pwv,978.183 um_pwv,35.0,2.276 K,1.88828
20260210,090856.584886,090856.584886,0.0,798.439 um_pwv,974.713 um_pwv,35.0,2.285 K,1.88156
20260210,090857.542221,090857.542221,0.0,794.731 um_pwv,970.188 um_pwv,35.0,2.06 K,1.87280
20260210,090858.502635,090858.502635,0.0,794.096 um_pwv,969.412 um_pwv,35.0,2.02 K,1.87130
20260210,090859.462822,090859.462822,0.0,795.029 um_pwv,970.551 um_pwv,35.0,2.189 K,1.87351
20260210,090900.421300,090900.421300,0.0,796.482 um_pwv,972.325 um_pwv,35.0,2.208 K,1.87694
20260210,090901.382799,090901.382799,0.0,798.517 um_pwv,974.81 um_pwv,35.0,2.447 K,1.88175
20260210,090902.342994,090902.342994,0.0,799.373 um_pwv,975.855 um_pwv,35.0,2.356 K,1.88377
20260210,090903.301750,090903.301750,0.0,799.977 um_pwv,976.591 um_pwv,35.0,2.488 K,1.88520
20260210,090904.262152,090904.262152,0.0,801.53 um_pwv,978.487 um_pwv,35.0,2.492 K,1.88887
20260210,090905.226055,090905.226055,0.0,801.716 um_pwv,978.715 um_pwv,35.0,2.54 K,1.88931
20260210,090906.184718,090906.184718,0.0,802.092 um_pwv,979.174 um_pwv,35.0,2.483 K,1.89020
20260210,090907.146640,090907.146640,0.0,801.648 um_pwv,978.632 um_pwv,35.0,2.354 K,1.88915
20260210,090908.103986,090908.103986,0.0,803.479 um_pwv,980.867 um_pwv,35.0,2.365 K,1.89348
20260210,090909.061528,090909.061528,0.0,801.945 um_pwv,978.994 um_pwv,35.0,2.173 K,1.88985
20260210,090910.023559,090910.023559,0.0,801.063 um_pwv,977.918 um_pwv,35.0,2.087 K,1.88777
20260210,090910.984093,090910.984093,0.0,800.332 um_pwv,977.025 um_pwv,35.0,1.996 K,1.88604
20260210,090911.944308,090911.944308,0.0,800.411 um_pwv,977.122 um_pwv,35.0,2.031 K,1.88623
20260210,090912.903730,090912.903730,0.0,802.033 um_pwv,979.101 um_pwv,35.0,2.093 K,1.89006
20260210,090913.863682,090913.863682,0.0,803.082 um_pwv,980.383 um_pwv,35.0,2.064 K,1.89254
20260210,090914.823772,090914.823772,0.0,807.514 um_pwv,985.793 um_pwv,35.0,2.256 K,1.90301
20260210,090915.783460,090915.783460,0.0,808.013 um_pwv,986.401 um_pwv,35.0,2.359 K,1.90419
20260210,090916.742139,090916.742139,0.0,810.278 um_pwv,989.166 um_pwv,35.0,2.364 K,1.90954
20260210,090917.705415,090917.705415,0.0,812.833 um_pwv,992.286 um_pwv,35.0,2.493 K,1.91558
20260210,090918.666489,090918.666489,0.0,813.555 um_pwv,993.168 um_pwv,35.0,2.594 K,1.91729
20260210,090919.621883,090919.621883,0.0,811.61 um_pwv,990.793 um_pwv,35.0,2.618 K,1.91269
20260210,090920.586079,090920.586079,0.0,815.413 um_pwv,995.436 um_pwv,35.0,2.666 K,1.92168
20260210,090921.546010,090921.546010,0.0,812.251 um_pwv,991.576 um_pwv,35.0,2.533 K,1.91421
20260210,090922.503155,090922.503155,0.0,810.598 um_pwv,989.557 um_pwv,35.0,2.467 K,1.91030
20260210,090923.464717,090923.464717,0.0,808.392 um_pwv,986.864 um_pwv,35.0,2.313 K,1.90509
20260210,090924.424530,090924.424530,0.0,802.884 um_pwv,980.141 um_pwv,35.0,2.241 K,1.89207
20260210,090925.386734,090925.386734,0.0,801.349 um_pwv,978.266 um_pwv,35.0,2.17 K,1.88844
20260210,090926.345853,090926.345853,0.0,797.561 um_pwv,973.642 um_pwv,35.0,2.078 K,1.87949
20260210,090927.304281,090927.304281,0.0,794.959 um_pwv,970.465 um_pwv,35.0,2.047 K,1.87334
20260210,090928.265229,090928.265229,0.0,794.115 um_pwv,969.436 um_pwv,35.0,2.024 K,1.87135
20260210,090929.224156,090929.224156,0.0,795.343 um_pwv,970.934 um_pwv,35.0,2.176 K,1.87425
20260210,090930.184810,090930.184810,0.0,796.156 um_pwv,971.927 um_pwv,35.0,2.184 K,1.87617
20260210,090931.146106,090931.146106,0.0,797.521 um_pwv,973.594 um_pwv,35.0,2.372 K,1.87940
20260210,090932.106363,090932.106363,0.0,798.261 um_pwv,974.497 um_pwv,35.0,2.331 K,1.88115
20260210,090933.061648,090933.061648,0.0,800.877 um_pwv,977.691 um_pwv,35.0,2.488 K,1.88733
20260210,090934.023966,090934.023966,0.0,802.457 um_pwv,979.619 um_pwv,35.0,2.498 K,1.89106
20260210,090934.983352,090934.983352,0.0,802.033 um_pwv,979.101 um_pwv,35.0,2.534 K,1.89006
20260210,090935.943180,090935.943180,0.0,800.561 um_pwv,977.305 um_pwv,35.0,2.401 K,1.88658
20260210,090936.901538,090936.901538,0.0,804.343 um_pwv,981.922 um_pwv,35.0,2.461 K,1.89552
20260210,090937.867179,090937.867179,0.0,802.033 um_pwv,979.101 um_pwv,35.0,2.324 K,1.89006
20260210,090938.825013,090938.825013,0.0,800.471 um_pwv,977.194 um_pwv,35.0,2.134 K,1.88637
20260210,090939.786999,090939.786999,0.0,799.701 um_pwv,976.254 um_pwv,35.0,2.059 K,1.88455
20260210,090940.744250,090940.744250,0.0,801.171 um_pwv,978.049 um_pwv,35.0,2.102 K,1.88802
20260210,090941.704053,090941.704053,0.0,801.182 um_pwv,978.063 um_pwv,35.0,2.072 K,1.88805
20260210,090942.663418,090942.663418,0.0,802.18 um_pwv,979.28 um_pwv,35.0,2.115 K,1.89041
20260210,090943.625324,090943.625324,0.0,804.006 um_pwv,981.51 um_pwv,35.0,2.11 K,1.89472
20260210,090944.585495,090944.585495,0.0,805.831 um_pwv,983.737 um_pwv,35.0,2.138 K,1.89903
20260210,090945.543417,090945.543417,0.0,807.235 um_pwv,985.452 um_pwv,35.0,2.219 K,1.90235
20260210,090946.505015,090946.505015,0.0,809.841 um_pwv,988.633 um_pwv,35.0,2.402 K,1.90851
20260210,090947.462031,090947.462031,0.0,811.521 um_pwv,990.685 um_pwv,35.0,2.403 K,1.91248
20260210,090948.426680,090948.426680,0.0,812.861 um_pwv,992.321 um_pwv,35.0,2.485 K,1.91565
20260210,090949.380972,090949.380972,0.0,813.888 um_pwv,993.574 um_pwv,35.0,2.473 K,1.91808
20260210,090950.344335,090950.344335,0.0,813.696 um_pwv,993.339 um_pwv,35.0,2.62 K,1.91762
20260210,090951.306422,090951.306422,0.0,812.833 um_pwv,992.286 um_pwv,35.0,2.484 K,1.91558
20260210,090952.266855,090952.266855,0.0,810.149 um_pwv,989.009 um_pwv,35.0,2.461 K,1.90924
20260210,090953.223397,090953.223397,0.0,808.563 um_pwv,987.073 um_pwv,35.0,2.458 K,1.90549
20260210,090954.185282,090954.185282,0.0,803.471 um_pwv,980.856 um_pwv,35.0,2.302 K,1.89346
20260210,090955.144709,090955.144709,0.0,799.523 um_pwv,976.037 um_pwv,35.0,2.173 K,1.88413
20260210,090956.106437,090956.106437,0.0,797.08 um_pwv,973.055 um_pwv,35.0,2.116 K,1.87835
20260210,090957.064367,090957.064367,0.0,795.901 um_pwv,971.615 um_pwv,35.0,2.095 K,1.87557
20260210,090958.025307,090958.025307,0.0,795.41 um_pwv,971.016 um_pwv,35.0,2.068 K,1.87441
20260210,090958.985291,090958.985291,0.0,796.117 um_pwv,971.879 um_pwv,35.0,2.185 K,1.87608
20260210,090959.945846,090959.945846,0.0,796.844 um_pwv,972.767 um_pwv,35.0,2.235 K,1.87780
20260210,091000.906459,091000.906459,0.0,796.471 um_pwv,972.311 um_pwv,35.0,2.179 K,1.87691
20260210,091001.866132,091001.866132,0.0,800.657 um_pwv,977.421 um_pwv,35.0,2.429 K,1.88681
20260210,091002.825782,091002.825782,0.0,800.372 um_pwv,977.074 um_pwv,35.0,2.486 K,1.88613
20260210,091003.786887,091003.786887,0.0,802.259 um_pwv,979.377 um_pwv,35.0,2.449 K,1.89059
20260210,091004.746385,091004.746385,0.0,802.381 um_pwv,979.526 um_pwv,35.0,2.538 K,1.89088
20260210,091005.707510,091005.707510,0.0,801.744 um_pwv,978.749 um_pwv,35.0,2.513 K,1.88938
20260210,091006.666172,091006.666172,0.0,802.381 um_pwv,979.526 um_pwv,35.0,2.334 K,1.89088
20260210,091007.625345,091007.625345,0.0,801.569 um_pwv,978.535 um_pwv,35.0,2.331 K,1.88896
20260210,091008.586939,091008.586939,0.0,801.072 um_pwv,977.928 um_pwv,35.0,2.07 K,1.88779
20260210,091009.542742,091009.542742,0.0,802.183 um_pwv,979.284 um_pwv,35.0,2.195 K,1.89041
20260210,091010.504316,091010.504316,0.0,798.833 um_pwv,975.195 um_pwv,35.0,1.936 K,1.88250
20260210,091011.463925,091011.463925,0.0,801.629 um_pwv,978.608 um_pwv,35.0,2.047 K,1.88910
20260210,091012.425566,091012.425566,0.0,802.29 um_pwv,979.415 um_pwv,35.0,2.085 K,1.89067
20260210,091013.386380,091013.386380,0.0,804.888 um_pwv,982.587 um_pwv,35.0,2.16 K,1.89681
20260210,091014.347406,091014.347406,0.0,806.459 um_pwv,984.504 um_pwv,35.0,2.202 K,1.90052
20260210,091015.304727,091015.304727,0.0,808.192 um_pwv,986.62 um_pwv,35.0,2.365 K,1.90461
20260210,091016.266860,091016.266860,0.0,809.778 um_pwv,988.556 um_pwv,35.0,2.447 K,1.90836
20260210,091017.227759,091017.227759,0.0,812.051 um_pwv,991.331 um_pwv,35.0,2.516 K,1.91373
20260210,091018.187219,091018.187219,0.0,813.957 um_pwv,993.658 um_pwv,35.0,2.612 K,1.91824
20260210,091019.147551,091019.147551,0.0,814.54 um_pwv,994.369 um_pwv,35.0,2.57 K,1.91962
20260210,091020.107529,091020.107529,0.0,813.073 um_pwv,992.579 um_pwv,35.0,2.655 K,1.91615
20260210,091021.062021,091021.062021,0.0,811.029 um_pwv,990.084 um_pwv,35.0,2.417 K,1.91132
20260210,091022.024633,091022.024633,0.0,810.349 um_pwv,989.254 um_pwv,35.0,2.359 K,1.90971
20260210,091022.984986,091022.984986,0.0,808.121 um_pwv,986.533 um_pwv,35.0,2.289 K,1.90445
20260210,091023.945811,091023.945811,0.0,802.678 um_pwv,979.889 um_pwv,35.0,2.202 K,1.89158
20260210,091024.905861,091024.905861,0.0,799.949 um_pwv,976.557 um_pwv,35.0,2.138 K,1.88513
20260210,091025.867700,091025.867700,0.0,796.038 um_pwv,971.783 um_pwv,35.0,2.025 K,1.87589
20260210,091026.826257,091026.826257,0.0,796.125 um_pwv,971.889 um_pwv,35.0,2.12 K,1.87610
20260210,091027.786886,091027.786886,0.0,796.589 um_pwv,972.455 um_pwv,35.0,2.062 K,1.87719
20260210,091028.746562,091028.746562,0.0,794.527 um_pwv,969.938 um_pwv,35.0,2.201 K,1.87232
20260210,091029.707305,091029.707305,0.0,796.285 um_pwv,972.085 um_pwv,35.0,2.368 K,1.87648
20260210,091030.668058,091030.668058,0.0,798.025 um_pwv,974.208 um_pwv,35.0,2.365 K,1.88059
20260210,091031.626568,091031.626568,0.0,798.852 um_pwv,975.219 um_pwv,35.0,2.409 K,1.88254
20260210,091032.586375,091032.586375,0.0,800.984 um_pwv,977.821 um_pwv,35.0,2.386 K,1.88758
20260210,091033.544787,091033.544787,0.0,802.726 um_pwv,979.947 um_pwv,35.0,2.559 K,1.89170
20260210,091034.506434,091034.506434,0.0,802.448 um_pwv,979.609 um_pwv,35.0,2.457 K,1.89104
20260210,091035.467691,091035.467691,0.0,803.697 um_pwv,981.133 um_pwv,35.0,2.47 K,1.89399
20260210,091036.426260,091036.426260,0.0,802.746 um_pwv,979.971 um_pwv,35.0,2.41 K,1.89174
20260210,091037.386470,091037.386470,0.0,800.886 um_pwv,977.701 um_pwv,35.0,2.229 K,1.88735
20260210,091038.346642,091038.346642,0.0,800.767 um_pwv,977.556 um_pwv,35.0,2.227 K,1.88707
20260210,091039.305829,091039.305829,0.0,802.321 um_pwv,979.453 um_pwv,35.0,2.149 K,1.89074
20260210,091040.266027,091040.266027,0.0,799.148 um_pwv,975.58 um_pwv,35.0,1.921 K,1.88324
20260210,091041.226530,091041.226530,0.0,802.893 um_pwv,980.151 um_pwv,35.0,2.15 K,1.89209
20260210,091042.183091,091042.183091,0.0,803.082 um_pwv,980.383 um_pwv,35.0,2.086 K,1.89254
20260210,091043.145941,091043.145941,0.0,803.459 um_pwv,980.842 um_pwv,35.0,2.144 K,1.89343
20260210,091044.106054,091044.106054,0.0,807.574 um_pwv,985.866 um_pwv,35.0,2.265 K,1.90315
20260210,091045.061150,091045.061150,0.0,808.679 um_pwv,987.215 um_pwv,35.0,2.263 K,1.90577
20260210,091046.025844,091046.025844,0.0,810.461 um_pwv,989.39 um_pwv,35.0,2.347 K,1.90998
20260210,091046.988046,091046.988046,0.0,813.094 um_pwv,992.604 um_pwv,35.0,2.576 K,1.91620
20260210,091047.942883,091047.942883,0.0,813.475 um_pwv,993.07 um_pwv,35.0,2.616 K,1.91710
20260210,091048.904345,091048.904345,0.0,813.796 um_pwv,993.462 um_pwv,35.0,2.617 K,1.91786
20260210,091049.866125,091049.866125,0.0,811.149 um_pwv,990.231 um_pwv,35.0,2.529 K,1.91160
20260210,091050.825609,091050.825609,0.0,809.201 um_pwv,987.853 um_pwv,35.0,2.265 K,1.90700
20260210,091051.787193,091051.787193,0.0,808.32 um_pwv,986.777 um_pwv,35.0,2.43 K,1.90492
20260210,091052.747172,091052.747172,0.0,804.034 um_pwv,981.545 um_pwv,35.0,2.205 K,1.89479
20260210,091053.707119,091053.707119,0.0,800.55 um_pwv,977.291 um_pwv,35.0,2.081 K,1.88655
20260210,091054.667327,091054.667327,0.0,797.985 um_pwv,974.16 um_pwv,35.0,2.05 K,1.88049
20260210,091055.623387,091055.623387,0.0,796.364 um_pwv,972.181 um_pwv,35.0,2.041 K,1.87666
20260210,091056.584091,091056.584091,0.0,796.097 um_pwv,971.855 um_pwv,35.0,1.974 K,1.87603
20260210,091057.544619,091057.544619,0.0,794.774 um_pwv,970.24 um_pwv,35.0,2.122 K,1.87290
20260210,091058.506289,091058.506289,0.0,795.261 um_pwv,970.834 um_pwv,35.0,2.137 K,1.87406
20260210,091059.466272,091059.466272,0.0,796.53 um_pwv,972.383 um_pwv,35.0,2.23 K,1.87705
20260210,091100.426508,091100.426508,0.0,797.375 um_pwv,973.415 um_pwv,35.0,2.352 K,1.87905
20260210,091101.385055,091101.385055,0.0,798.608 um_pwv,974.92 um_pwv,35.0,2.448 K,1.88196
20260210,091102.348236,091102.348236,0.0,801.625 um_pwv,978.604 um_pwv,35.0,2.595 K,1.88910
20260210,091103.308253,091103.308253,0.0,801.467 um_pwv,978.411 um_pwv,35.0,2.502 K,1.88872
20260210,091104.268116,091104.268116,0.0,802.777 um_pwv,980.01 um_pwv,35.0,2.474 K,1.89182
20260210,091105.227916,091105.227916,0.0,799.771 um_pwv,976.34 um_pwv,35.0,2.277 K,1.88471
20260210,091106.183183,091106.183183,0.0,803.252 um_pwv,980.59 um_pwv,35.0,2.293 K,1.89294
20260210,091107.145359,091107.145359,0.0,801.103 um_pwv,977.966 um_pwv,35.0,2.221 K,1.88786
20260210,091108.106453,091108.106453,0.0,799.946 um_pwv,976.553 um_pwv,35.0,2.093 K,1.88513
20260210,091109.066604,091109.066604,0.0,799.653 um_pwv,976.196 um_pwv,35.0,1.992 K,1.88443
20260210,091110.025453,091110.025453,0.0,802.231 um_pwv,979.343 um_pwv,35.0,2.18 K,1.89053
20260210,091110.986658,091110.986658,0.0,801.965 um_pwv,979.018 um_pwv,35.0,2.056 K,1.88990
20260210,091111.947649,091111.947649,0.0,803.471 um_pwv,980.856 um_pwv,35.0,2.104 K,1.89346
20260210,091112.906283,091112.906283,0.0,804.789 um_pwv,982.466 um_pwv,35.0,2.142 K,1.89657
20260210,091113.866128,091113.866128,0.0,807.195 um_pwv,985.404 um_pwv,35.0,2.266 K,1.90226
20260210,091114.826999,091114.826999,0.0,809.45 um_pwv,988.156 um_pwv,35.0,2.422 K,1.90759
20260210,091115.786386,091115.786386,0.0,810.869 um_pwv,989.889 um_pwv,35.0,2.483 K,1.91094
20260210,091116.745671,091116.745671,0.0,812.331 um_pwv,991.674 um_pwv,35.0,2.559 K,1.91440
20260210,091117.705256,091117.705256,0.0,813.094 um_pwv,992.604 um_pwv,35.0,2.539 K,1.91620
20260210,091118.664819,091118.664819,0.0,812.661 um_pwv,992.076 um_pwv,35.0,2.538 K,1.91518
20260210,091119.627733,091119.627733,0.0,811.109 um_pwv,990.182 um_pwv,35.0,2.547 K,1.91151
20260210,091120.587846,091120.587846,0.0,811.931 um_pwv,991.184 um_pwv,35.0,2.508 K,1.91345
20260210,091121.546796,091121.546796,0.0,808.91 um_pwv,987.497 um_pwv,35.0,2.436 K,1.90631
20260210,091122.508926,091122.508926,0.0,807.426 um_pwv,985.685 um_pwv,35.0,2.404 K,1.90280
20260210,091123.468019,091123.468019,0.0,802.845 um_pwv,980.092 um_pwv,35.0,2.18 K,1.89198
20260210,091124.427009,091124.427009,0.0,800.135 um_pwv,976.784 um_pwv,35.0,2.221 K,1.88557
20260210,091125.388428,091125.388428,0.0,798.608 um_pwv,974.92 um_pwv,35.0,2.218 K,1.88196
20260210,091126.348150,091126.348150,0.0,796.069 um_pwv,971.821 um_pwv,35.0,2.095 K,1.87597
20260210,091127.306280,091127.306280,0.0,796.4 um_pwv,972.225 um_pwv,35.0,2.182 K,1.87675
20260210,091128.266779,091128.266779,0.0,795.763 um_pwv,971.448 um_pwv,35.0,2.305 K,1.87524
20260210,091129.226474,091129.226474,0.0,796.038 um_pwv,971.783 um_pwv,35.0,2.289 K,1.87589
20260210,091130.189756,091130.189756,0.0,799.692 um_pwv,976.244 um_pwv,35.0,2.373 K,1.88453
20260210,091131.145914,091131.145914,0.0,801.114 um_pwv,977.98 um_pwv,35.0,2.651 K,1.88789
20260210,091132.108765,091132.108765,0.0,802.044 um_pwv,979.115 um_pwv,35.0,2.561 K,1.89009
20260210,091133.068557,091133.068557,0.0,801.391 um_pwv,978.318 um_pwv,35.0,2.553 K,1.88854
20260210,091134.023307,091134.023307,0.0,802.242 um_pwv,979.357 um_pwv,35.0,2.523 K,1.89055
20260210,091134.985412,091134.985412,0.0,802.726 um_pwv,979.947 um_pwv,35.0,2.398 K,1.89170
20260210,091135.946631,091135.946631,0.0,803.51 um_pwv,980.905 um_pwv,35.0,2.252 K,1.89355
20260210,091136.904822,091136.904822,0.0,802.706 um_pwv,979.923 um_pwv,35.0,2.253 K,1.89165
20260210,091137.865581,091137.865581,0.0,801.498 um_pwv,978.449 um_pwv,35.0,2.149 K,1.88880
20260210,091138.826089,091138.826089,0.0,801.004 um_pwv,977.846 um_pwv,35.0,2.122 K,1.88763
20260210,091139.788022,091139.788022,0.0,801.787 um_pwv,978.801 um_pwv,35.0,2.091 K,1.88948
20260210,091140.748678,091140.748678,0.0,802.092 um_pwv,979.174 um_pwv,35.0,2.096 K,1.89020
20260210,091141.704340,091141.704340,0.0,805.087 um_pwv,982.829 um_pwv,35.0,2.147 K,1.89728
20260210,091142.666901,091142.666901,0.0,806.518 um_pwv,984.577 um_pwv,35.0,2.301 K,1.90066
20260210,091143.624496,091143.624496,0.0,808.224 um_pwv,986.659 um_pwv,35.0,2.375 K,1.90469
20260210,091144.588408,091144.588408,0.0,811.129 um_pwv,990.206 um_pwv,35.0,2.424 K,1.91156
20260210,091145.544611,091145.544611,0.0,812.483 um_pwv,991.859 um_pwv,35.0,2.525 K,1.91476
20260210,091146.503627,091146.503627,0.0,813.595 um_pwv,993.217 um_pwv,35.0,2.541 K,1.91738
20260210,091147.467227,091147.467227,0.0,814.387 um_pwv,994.184 um_pwv,35.0,2.528 K,1.91926
20260210,091148.427187,091148.427187,0.0,812.973 um_pwv,992.457 um_pwv,35.0,2.671 K,1.91591
20260210,091149.388379,091149.388379,0.0,812.724 um_pwv,992.153 um_pwv,35.0,2.602 K,1.91532
20260210,091150.346074,091150.346074,0.0,812.552 um_pwv,991.943 um_pwv,35.0,2.559 K,1.91492
20260210,091151.304891,091151.304891,0.0,808.052 um_pwv,986.45 um_pwv,35.0,2.431 K,1.90428
20260210,091152.264348,091152.264348,0.0,805.615 um_pwv,983.474 um_pwv,35.0,2.227 K,1.89852
20260210,091153.226068,091153.226068,0.0,803.201 um_pwv,980.528 um_pwv,35.0,2.248 K,1.89282
20260210,091154.187513,091154.187513,0.0,798.242 um_pwv,974.473 um_pwv,35.0,2.071 K,1.88110
20260210,091155.148190,091155.148190,0.0,799.748 um_pwv,976.312 um_pwv,35.0,2.107 K,1.88466
20260210,091156.107959,091156.107959,0.0,797.403 um_pwv,973.449 um_pwv,35.0,2.133 K,1.87912
20260210,091157.064724,091157.064724,0.0,796.03 um_pwv,971.773 um_pwv,35.0,2.257 K,1.87587
20260210,091158.027370,091158.027370,0.0,797.698 um_pwv,973.81 um_pwv,35.0,2.213 K,1.87982
20260210,091158.984623,091158.984623,0.0,798.174 um_pwv,974.391 um_pwv,35.0,2.24 K,1.88094
20260210,091159.947802,091159.947802,0.0,801.332 um_pwv,978.246 um_pwv,35.0,2.426 K,1.88840
20260210,091200.908814,091200.908814,0.0,800.304 um_pwv,976.991 um_pwv,35.0,2.501 K,1.88597
20260210,091201.864309,091201.864309,0.0,802.777 um_pwv,980.01 um_pwv,35.0,2.54 K,1.89182
20260210,091202.827343,091202.827343,0.0,802.488 um_pwv,979.657 um_pwv,35.0,2.514 K,1.89113
20260210,091203.789154,091203.789154,0.0,802.508 um_pwv,979.681 um_pwv,35.0,2.46 K,1.89118
20260210,091204.743227,091204.743227,0.0,803.606 um_pwv,981.022 um_pwv,35.0,2.347 K,1.89378
20260210,091205.706693,091205.706693,0.0,804.352 um_pwv,981.932 um_pwv,35.0,2.298 K,1.89554
20260210,091206.665950,091206.665950,0.0,803.221 um_pwv,980.552 um_pwv,35.0,2.258 K,1.89287
20260210,091207.626332,091207.626332,0.0,802.211 um_pwv,979.319 um_pwv,35.0,2.299 K,1.89048
20260210,091208.586710,091208.586710,0.0,802.468 um_pwv,979.633 um_pwv,35.0,2.141 K,1.89109
20260210,091209.547767,091209.547767,0.0,802.132 um_pwv,979.222 um_pwv,35.0,2.066 K,1.89029
20260210,091210.505578,091210.505578,0.0,802.587 um_pwv,979.778 um_pwv,35.0,2.146 K,1.89137
20260210,091211.464204,091211.464204,0.0,805.723 um_pwv,983.606 um_pwv,35.0,2.17 K,1.89878
20260210,091212.425335,091212.425335,0.0,807.156 um_pwv,985.355 um_pwv,35.0,2.167 K,1.90217
20260210,091213.387645,091213.387645,0.0,807.714 um_pwv,986.036 um_pwv,35.0,2.32 K,1.90348
20260210,091214.348513,091214.348513,0.0,810.469 um_pwv,989.4 um_pwv,35.0,2.335 K,1.91000
20260210,091215.309239,091215.309239,0.0,813.214 um_pwv,992.751 um_pwv,35.0,2.502 K,1.91648
20260210,091216.264340,091216.264340,0.0,812.833 um_pwv,992.286 um_pwv,35.0,2.556 K,1.91558
20260210,091217.227738,091217.227738,0.0,812.563 um_pwv,991.957 um_pwv,35.0,2.49 K,1.91494
20260210,091218.184483,091218.184483,0.0,811.75 um_pwv,990.964 um_pwv,35.0,2.52 K,1.91302
20260210,091219.145369,091219.145369,0.0,811.169 um_pwv,990.255 um_pwv,35.0,2.595 K,1.91165
20260210,091220.107931,091220.107931,0.0,811.021 um_pwv,990.074 um_pwv,35.0,2.525 K,1.91130
20260210,091221.066099,091221.066099,0.0,807.395 um_pwv,985.647 um_pwv,35.0,2.305 K,1.90273
20260210,091222.025991,091222.025991,0.0,803.677 um_pwv,981.109 um_pwv,35.0,2.148 K,1.89395
20260210,091222.987923,091222.987923,0.0,801.34 um_pwv,978.256 um_pwv,35.0,2.07 K,1.88842
20260210,091223.947287,091223.947287,0.0,800.253 um_pwv,976.929 um_pwv,35.0,2.227 K,1.88585
20260210,091224.908843,091224.908843,0.0,798.844 um_pwv,975.209 um_pwv,35.0,2.123 K,1.88252
20260210,091225.865047,091225.865047,0.0,796.954 um_pwv,972.901 um_pwv,35.0,2.236 K,1.87806
20260210,091226.824876,091226.824876,0.0,796.816 um_pwv,972.733 um_pwv,35.0,2.192 K,1.87773
20260210,091227.785423,091227.785423,0.0,796.785 um_pwv,972.695 um_pwv,35.0,2.238 K,1.87766
20260210,091228.747945,091228.747945,0.0,796.785 um_pwv,972.695 um_pwv,35.0,2.331 K,1.87766
20260210,091229.706543,091229.706543,0.0,798.892 um_pwv,975.267 um_pwv,35.0,2.357 K,1.88264
20260210,091230.663884,091230.663884,0.0,801.815 um_pwv,978.835 um_pwv,35.0,2.534 K,1.88954
20260210,091231.626899,091231.626899,0.0,801.815 um_pwv,978.835 um_pwv,35.0,2.527 K,1.88954
20260210,091232.588538,091232.588538,0.0,801.024 um_pwv,977.87 um_pwv,35.0,2.437 K,1.88767
20260210,091233.547867,091233.547867,0.0,801.174 um_pwv,978.053 um_pwv,35.0,2.425 K,1.88803
20260210,091234.504665,091234.504665,0.0,803.638 um_pwv,981.06 um_pwv,35.0,2.349 K,1.89385
20260210,091235.466176,091235.466176,0.0,803.309 um_pwv,980.659 um_pwv,35.0,2.269 K,1.89307
20260210,091236.428523,091236.428523,0.0,803.102 um_pwv,980.407 um_pwv,35.0,2.186 K,1.89259
20260210,091237.388797,091237.388797,0.0,802.655 um_pwv,979.861 um_pwv,35.0,2.213 K,1.89153
20260210,091238.348862,091238.348862,0.0,801.546 um_pwv,978.507 um_pwv,35.0,2.043 K,1.88891
20260210,091239.307715,091239.307715,0.0,802.191 um_pwv,979.294 um_pwv,35.0,2.072 K,1.89043
20260210,091240.263768,091240.263768,0.0,801.993 um_pwv,979.053 um_pwv,35.0,2.143 K,1.88997
20260210,091241.225643,091241.225643,0.0,803.38 um_pwv,980.746 um_pwv,35.0,2.108 K,1.89324
20260210,091242.185126,091242.185126,0.0,805.802 um_pwv,983.703 um_pwv,35.0,2.178 K,1.89897
20260210,091243.146286,091243.146286,0.0,807.793 um_pwv,986.134 um_pwv,35.0,2.28 K,1.90367
20260210,091244.107786,091244.107786,0.0,810.269 um_pwv,989.156 um_pwv,35.0,2.367 K,1.90952
20260210,091245.069082,091245.069082,0.0,812.171 um_pwv,991.478 um_pwv,35.0,2.43 K,1.91402
20260210,091246.030073,091246.030073,0.0,812.773 um_pwv,992.212 um_pwv,35.0,2.495 K,1.91544
20260210,091246.989750,091246.989750,0.0,813.114 um_pwv,992.628 um_pwv,35.0,2.582 K,1.91625
20260210,091247.949342,091247.949342,0.0,811.29 um_pwv,990.402 um_pwv,35.0,2.511 K,1.91193
20260210,091248.909084,091248.909084,0.0,811.101 um_pwv,990.171 um_pwv,35.0,2.459 K,1.91149
20260210,091249.864730,091249.864730,0.0,808.292 um_pwv,986.742 um_pwv,35.0,2.386 K,1.90485
20260210,091250.825411,091250.825411,0.0,806.26 um_pwv,984.261 um_pwv,35.0,2.254 K,1.90005
20260210,091251.788474,091251.788474,0.0,803.864 um_pwv,981.337 um_pwv,35.0,2.221 K,1.89439
20260210,091252.744332,091252.744332,0.0,801.705 um_pwv,978.701 um_pwv,35.0,2.174 K,1.88928
20260210,091253.706070,091253.706070,0.0,798.726 um_pwv,975.064 um_pwv,35.0,2.116 K,1.88224
20260210,091254.667954,091254.667954,0.0,796.019 um_pwv,971.759 um_pwv,35.0,2.011 K,1.87585
20260210,091255.628091,091255.628091,0.0,798.21 um_pwv,974.435 um_pwv,35.0,2.102 K,1.88103
20260210,091256.588699,091256.588699,0.0,795.233 um_pwv,970.801 um_pwv,35.0,2.063 K,1.87399
20260210,091257.549670,091257.549670,0.0,796.097 um_pwv,971.855 um_pwv,35.0,2.123 K,1.87603
20260210,091258.503181,091258.503181,0.0,798.253 um_pwv,974.487 um_pwv,35.0,2.302 K,1.88113
20260210,091259.466644,091259.466644,0.0,799.811 um_pwv,976.389 um_pwv,35.0,2.483 K,1.88481
20260210,091300.426187,091300.426187,0.0,802.48 um_pwv,979.647 um_pwv,35.0,2.562 K,1.89112
20260210,091301.385239,091301.385239,0.0,802.239 um_pwv,979.353 um_pwv,35.0,2.554 K,1.89055
20260210,091302.344772,091302.344772,0.0,802.429 um_pwv,979.585 um_pwv,35.0,2.475 K,1.89099
20260210,091303.305233,091303.305233,0.0,802.488 um_pwv,979.657 um_pwv,35.0,2.482 K,1.89113
20260210,091304.266737,091304.266737,0.0,803.51 um_pwv,980.905 um_pwv,35.0,2.35 K,1.89355
20260210,091305.229270,091305.229270,0.0,802.765 um_pwv,979.996 um_pwv,35.0,2.256 K,1.89179
20260210,091306.188344,091306.188344,0.0,802.547 um_pwv,979.73 um_pwv,35.0,2.118 K,1.89128
20260210,091307.149593,091307.149593,0.0,801.261 um_pwv,978.159 um_pwv,35.0,2.047 K,1.88824
20260210,091308.107014,091308.107014,0.0,802.12 um_pwv,979.208 um_pwv,35.0,2.033 K,1.89027
20260210,091309.068016,091309.068016,0.0,801.835 um_pwv,978.86 um_pwv,35.0,2.107 K,1.88959
20260210,091310.025382,091310.025382,0.0,803.677 um_pwv,981.109 um_pwv,35.0,2.18 K,1.89395
20260210,091310.984792,091310.984792,0.0,804.063 um_pwv,981.579 um_pwv,35.0,2.073 K,1.89486
20260210,091311.944190,091311.944190,0.0,806.857 um_pwv,984.99 um_pwv,35.0,2.221 K,1.90146
20260210,091312.907677,091312.907677,0.0,809.19 um_pwv,987.839 um_pwv,35.0,2.389 K,1.90697
20260210,091313.869375,091313.869375,0.0,812.924 um_pwv,992.398 um_pwv,35.0,2.519 K,1.91580
20260210,091314.826746,091314.826746,0.0,813.283 um_pwv,992.835 um_pwv,35.0,2.439 K,1.91664
20260210,091315.785517,091315.785517,0.0,813.475 um_pwv,993.07 um_pwv,35.0,2.584 K,1.91710
20260210,091316.748945,091316.748945,0.0,812.543 um_pwv,991.932 um_pwv,35.0,2.466 K,1.91490
20260210,091317.704057,091317.704057,0.0,812.071 um_pwv,991.355 um_pwv,35.0,2.576 K,1.91378
20260210,091318.664931,091318.664931,0.0,809.829 um_pwv,988.619 um_pwv,35.0,2.358 K,1.90848
20260210,091319.630192,091319.630192,0.0,809.889 um_pwv,988.692 um_pwv,35.0,2.331 K,1.90863
20260210,091320.583671,091320.583671,0.0,808.033 um_pwv,986.426 um_pwv,35.0,2.309 K,1.90424
20260210,091321.546612,091321.546612,0.0,803.657 um_pwv,981.085 um_pwv,35.0,2.152 K,1.89390
20260210,091322.506687,091322.506687,0.0,799.373 um_pwv,975.855 um_pwv,35.0,2.078 K,1.88377
20260210,091323.466525,091323.466525,0.0,799.452 um_pwv,975.951 um_pwv,35.0,2.106 K,1.88396
20260210,091324.427775,091324.427775,0.0,798.872 um_pwv,975.243 um_pwv,35.0,2.151 K,1.88259
20260210,091325.385575,091325.385575,0.0,796.223 um_pwv,972.009 um_pwv,35.0,2.176 K,1.87633
20260210,091326.348546,091326.348546,0.0,796.656 um_pwv,972.537 um_pwv,35.0,2.115 K,1.87735
20260210,091327.310061,091327.310061,0.0,797.434 um_pwv,973.487 um_pwv,35.0,2.31 K,1.87919
20260210,091328.268947,091328.268947,0.0,800.668 um_pwv,977.435 um_pwv,35.0,2.464 K,1.88683
20260210,091329.225732,091329.225732,0.0,802.219 um_pwv,979.329 um_pwv,35.0,2.517 K,1.89050
20260210,091330.184698,091330.184698,0.0,801.993 um_pwv,979.053 um_pwv,35.0,2.46 K,1.88997
20260210,091331.148984,091331.148984,0.0,802.29 um_pwv,979.415 um_pwv,35.0,2.505 K,1.89067
20260210,091332.110018,091332.110018,0.0,801.835 um_pwv,978.86 um_pwv,35.0,2.537 K,1.88959
20260210,091333.065431,091333.065431,0.0,805.436 um_pwv,983.256 um_pwv,35.0,2.455 K,1.89810
20260210,091334.028307,091334.028307,0.0,803.38 um_pwv,980.746 um_pwv,35.0,2.282 K,1.89324
20260210,091334.988898,091334.988898,0.0,803.907 um_pwv,981.389 um_pwv,35.0,2.301 K,1.89449
20260210,091335.948536,091335.948536,0.0,800.66 um_pwv,977.425 um_pwv,35.0,2.182 K,1.88681
20260210,091336.908816,091336.908816,0.0,800.965 um_pwv,977.797 um_pwv,35.0,1.99 K,1.88753
20260210,091337.868869,091337.868869,0.0,801.202 um_pwv,978.087 um_pwv,35.0,2.06 K,1.88810
20260210,091338.824949,091338.824949,0.0,804.301 um_pwv,981.87 um_pwv,35.0,2.216 K,1.89542
20260210,091339.786103,091339.786103,0.0,803.725 um_pwv,981.167 um_pwv,35.0,2.124 K,1.89406
20260210,091340.746509,091340.746509,0.0,805.842 um_pwv,983.751 um_pwv,35.0,2.164 K,1.89906
20260210,091341.706763,091341.706763,0.0,809.042 um_pwv,987.658 um_pwv,35.0,2.342 K,1.90662
20260210,091342.668759,091342.668759,0.0,810.529 um_pwv,989.473 um_pwv,35.0,2.36 K,1.91014
20260210,091343.625174,091343.625174,0.0,812.784 um_pwv,992.226 um_pwv,35.0,2.415 K,1.91547
20260210,091344.587416,091344.587416,0.0,814.278 um_pwv,994.05 um_pwv,35.0,2.535 K,1.91900
20260210,091345.547547,091345.547547,0.0,812.243 um_pwv,991.565 um_pwv,35.0,2.478 K,1.91419
20260210,091346.508550,091346.508550,0.0,813.856 um_pwv,993.535 um_pwv,35.0,2.684 K,1.91800
20260210,091347.465745,091347.465745,0.0,812.34 um_pwv,991.684 um_pwv,35.0,2.521 K,1.91442
20260210,091348.427062,091348.427062,0.0,810.789 um_pwv,989.791 um_pwv,35.0,2.445 K,1.91075
20260210,091349.389058,091349.389058,0.0,808.939 um_pwv,987.532 um_pwv,35.0,2.36 K,1.90638
20260210,091350.349814,091350.349814,0.0,806.291 um_pwv,984.3 um_pwv,35.0,2.247 K,1.90012
20260210,091351.309267,091351.309267,0.0,803.233 um_pwv,980.566 um_pwv,35.0,2.168 K,1.89289
20260210,091352.265789,091352.265789,0.0,802.033 um_pwv,979.101 um_pwv,35.0,2.122 K,1.89006
20260210,091353.228555,091353.228555,0.0,798.439 um_pwv,974.713 um_pwv,35.0,2.083 K,1.88156
20260210,091354.184780,091354.184780,0.0,797.328 um_pwv,973.357 um_pwv,35.0,1.99 K,1.87894
20260210,091355.145479,091355.145479,0.0,797.395 um_pwv,973.439 um_pwv,35.0,2.048 K,1.87910
20260210,091356.105738,091356.105738,0.0,798.576 um_pwv,974.882 um_pwv,35.0,2.208 K,1.88189
20260210,091357.065871,091357.065871,0.0,797.092 um_pwv,973.069 um_pwv,35.0,2.19 K,1.87838
20260210,091358.026754,091358.026754,0.0,800.597 um_pwv,977.349 um_pwv,35.0,2.27 K,1.88667
20260210,091358.987863,091358.987863,0.0,800.866 um_pwv,977.677 um_pwv,35.0,2.38 K,1.88730
20260210,091359.945655,091359.945655,0.0,802.972 um_pwv,980.248 um_pwv,35.0,2.586 K,1.89228
20260210,091400.905850,091400.905850,0.0,803.59 um_pwv,981.002 um_pwv,35.0,2.569 K,1.89374
20260210,091401.866969,091401.866969,0.0,802.556 um_pwv,979.74 um_pwv,35.0,2.462 K,1.89130
20260210,091402.830127,091402.830127,0.0,805.981 um_pwv,983.921 um_pwv,35.0,2.461 K,1.89939
20260210,091403.791200,091403.791200,0.0,804.817 um_pwv,982.5 um_pwv,35.0,2.35 K,1.89664
20260210,091404.745770,091404.745770,0.0,802.983 um_pwv,980.262 um_pwv,35.0,2.189 K,1.89231
20260210,091405.708654,091405.708654,0.0,801.479 um_pwv,978.425 um_pwv,35.0,2.073 K,1.88875
20260210,091406.665226,091406.665226,0.0,801.883 um_pwv,978.918 um_pwv,35.0,2.211 K,1.88970
20260210,091407.626139,091407.626139,0.0,801.479 um_pwv,978.425 um_pwv,35.0,2.027 K,1.88875
20260210,091408.588118,091408.588118,0.0,802.25 um_pwv,979.367 um_pwv,35.0,2.05 K,1.89057
20260210,091409.548111,091409.548111,0.0,802.876 um_pwv,980.131 um_pwv,35.0,2.031 K,1.89205
20260210,091410.508698,091410.508698,0.0,806.24 um_pwv,984.237 um_pwv,35.0,2.198 K,1.90000
20260210,091411.469641,091411.469641,0.0,809.53 um_pwv,988.253 um_pwv,35.0,2.29 K,1.90778
20260210,091412.424549,091412.424549,0.0,809.481 um_pwv,988.194 um_pwv,35.0,2.274 K,1.90766
20260210,091413.386972,091413.386972,0.0,811.29 um_pwv,990.402 um_pwv,35.0,2.445 K,1.91193
20260210,091414.348892,091414.348892,0.0,813.848 um_pwv,993.525 um_pwv,35.0,2.481 K,1.91798
20260210,091415.307408,091415.307408,0.0,814.408 um_pwv,994.208 um_pwv,35.0,2.592 K,1.91930
20260210,091416.266164,091416.266164,0.0,814.037 um_pwv,993.756 um_pwv,35.0,2.589 K,1.91843
20260210,091417.224992,091417.224992,0.0,813.948 um_pwv,993.647 um_pwv,35.0,2.648 K,1.91822
20260210,091418.188674,091418.188674,0.0,813.716 um_pwv,993.364 um_pwv,35.0,2.474 K,1.91767
20260210,091419.144417,091419.144417,0.0,810.601 um_pwv,989.561 um_pwv,35.0,2.349 K,1.91031
20260210,091420.105877,091420.105877,0.0,806.538 um_pwv,984.602 um_pwv,35.0,2.229 K,1.90071
20260210,091421.066528,091421.066528,0.0,803.609 um_pwv,981.026 um_pwv,35.0,2.099 K,1.89378
20260210,091422.029533,091422.029533,0.0,799.416 um_pwv,975.907 um_pwv,35.0,2.054 K,1.88388
20260210,091422.986147,091422.986147,0.0,799.247 um_pwv,975.7 um_pwv,35.0,2.017 K,1.88348
20260210,091423.948108,091423.948108,0.0,797.67 um_pwv,973.776 um_pwv,35.0,2.048 K,1.87975
20260210,091424.905794,091424.905794,0.0,797.513 um_pwv,973.584 um_pwv,35.0,2.061 K,1.87938
20260210,091425.868079,091425.868079,0.0,797.789 um_pwv,973.92 um_pwv,35.0,2.21 K,1.88003
20260210,091426.828879,091426.828879,0.0,800.155 um_pwv,976.808 um_pwv,35.0,2.347 K,1.88562
20260210,091427.786034,091427.786034,0.0,801.863 um_pwv,978.894 um_pwv,35.0,2.399 K,1.88966
20260210,091428.747690,091428.747690,0.0,802.409 um_pwv,979.56 um_pwv,35.0,2.401 K,1.89095
20260210,091429.710765,091429.710765,0.0,803.182 um_pwv,980.504 um_pwv,35.0,2.694 K,1.89277
20260210,091430.668120,091430.668120,0.0,803.054 um_pwv,980.348 um_pwv,35.0,2.451 K,1.89247
20260210,091431.628659,091431.628659,0.0,803.963 um_pwv,981.458 um_pwv,35.0,2.541 K,1.89462
20260210,091432.586328,091432.586328,0.0,805.393 um_pwv,983.203 um_pwv,35.0,2.445 K,1.89800
20260210,091433.548115,091433.548115,0.0,804.837 um_pwv,982.524 um_pwv,35.0,2.272 K,1.89669
20260210,091434.509499,091434.509499,0.0,803.606 um_pwv,981.022 um_pwv,35.0,2.182 K,1.89378
20260210,091435.466102,091435.466102,0.0,801.657 um_pwv,978.642 um_pwv,35.0,2.153 K,1.88917
20260210,091436.426295,091436.426295,0.0,801.625 um_pwv,978.604 um_pwv,35.0,2.213 K,1.88910
20260210,091437.390599,091437.390599,0.0,801.993 um_pwv,979.053 um_pwv,35.0,2.052 K,1.88997
20260210,091438.348086,091438.348086,0.0,802.587 um_pwv,979.778 um_pwv,35.0,2.131 K,1.89137
20260210,091439.309403,091439.309403,0.0,805.197 um_pwv,982.965 um_pwv,35.0,2.173 K,1.89754
20260210,091440.268058,091440.268058,0.0,806.777 um_pwv,984.893 um_pwv,35.0,2.191 K,1.90127
20260210,091441.230098,091441.230098,0.0,808.352 um_pwv,986.815 um_pwv,35.0,2.204 K,1.90499
20260210,091442.186255,091442.186255,0.0,811.45 um_pwv,990.597 um_pwv,35.0,2.335 K,1.91231
20260210,091443.147854,091443.147854,0.0,813.745 um_pwv,993.399 um_pwv,35.0,2.456 K,1.91774
20260210,091444.108165,091444.108165,0.0,813.564 um_pwv,993.178 um_pwv,35.0,2.578 K,1.91731
20260210,091445.071483,091445.071483,0.0,813.768 um_pwv,993.427 um_pwv,35.0,2.605 K,1.91779
20260210,091446.028400,091446.028400,0.0,811.158 um_pwv,990.241 um_pwv,35.0,2.518 K,1.91162
20260210,091446.991198,091446.991198,0.0,813.154 um_pwv,992.677 um_pwv,35.0,2.599 K,1.91634
20260210,091447.948580,091447.948580,0.0,811.702 um_pwv,990.905 um_pwv,35.0,2.398 K,1.91291
20260210,091448.908992,091448.908992,0.0,808.899 um_pwv,987.483 um_pwv,35.0,2.349 K,1.90629
20260210,091449.866581,091449.866581,0.0,806.917 um_pwv,985.063 um_pwv,35.0,2.352 K,1.90160
20260210,091450.826072,091450.826072,0.0,801.942 um_pwv,978.991 um_pwv,35.0,2.192 K,1.88984
20260210,091451.789514,091451.789514,0.0,801.874 um_pwv,978.908 um_pwv,35.0,2.144 K,1.88968
20260210,091452.744502,091452.744502,0.0,799.969 um_pwv,976.581 um_pwv,35.0,2.088 K,1.88518
20260210,091453.707711,091453.707711,0.0,798.782 um_pwv,975.133 um_pwv,35.0,2.051 K,1.88238
20260210,091454.669846,091454.669846,0.0,797.8 um_pwv,973.934 um_pwv,35.0,2.054 K,1.88006
20260210,091455.626357,091455.626357,0.0,801.32 um_pwv,978.232 um_pwv,35.0,2.29 K,1.88838
20260210,091456.586130,091456.586130,0.0,799.701 um_pwv,976.254 um_pwv,35.0,2.277 K,1.88455
20260210,091457.551245,091457.551245,0.0,801.993 um_pwv,979.053 um_pwv,35.0,2.394 K,1.88997
20260210,091458.508742,091458.508742,0.0,803.193 um_pwv,980.518 um_pwv,35.0,2.58 K,1.89280
20260210,091459.471606,091459.471606,0.0,802.48 um_pwv,979.647 um_pwv,35.0,2.592 K,1.89112
20260210,091500.427245,091500.427245,0.0,801.775 um_pwv,978.787 um_pwv,35.0,2.407 K,1.88945
20260210,091501.391557,091501.391557,0.0,803.975 um_pwv,981.472 um_pwv,35.0,2.477 K,1.89465
20260210,091502.349633,091502.349633,0.0,802.805 um_pwv,980.044 um_pwv,35.0,2.261 K,1.89188
20260210,091503.311235,091503.311235,0.0,805.317 um_pwv,983.11 um_pwv,35.0,2.212 K,1.89782
20260210,091504.271743,091504.271743,0.0,802.567 um_pwv,979.754 um_pwv,35.0,2.11 K,1.89132
20260210,091505.226260,091505.226260,0.0,802.242 um_pwv,979.357 um_pwv,35.0,2.049 K,1.89055
20260210,091506.187908,091506.187908,0.0,802.964 um_pwv,980.237 um_pwv,35.0,2.102 K,1.89226
20260210,091507.148827,091507.148827,0.0,802.607 um_pwv,979.802 um_pwv,35.0,2.056 K,1.89142
20260210,091508.108169,091508.108169,0.0,804.709 um_pwv,982.369 um_pwv,35.0,2.111 K,1.89638
20260210,091509.068858,091509.068858,0.0,806.319 um_pwv,984.334 um_pwv,35.0,2.159 K,1.90019
20260210,091510.031502,091510.031502,0.0,806.308 um_pwv,984.32 um_pwv,35.0,2.123 K,1.90016
20260210,091510.985940,091510.985940,0.0,809.901 um_pwv,988.706 um_pwv,35.0,2.231 K,1.90865
20260210,091511.944926,091511.944926,0.0,813.466 um_pwv,993.059 um_pwv,35.0,2.398 K,1.91708
20260210,091512.908767,091512.908767,0.0,812.191 um_pwv,991.502 um_pwv,35.0,2.458 K,1.91406
20260210,091513.869484,091513.869484,0.0,815.022 um_pwv,994.958 um_pwv,35.0,2.618 K,1.92076
20260210,091514.828012,091514.828012,0.0,813.856 um_pwv,993.535 um_pwv,35.0,2.684 K,1.91800
20260210,091515.788995,091515.788995,0.0,814.459 um_pwv,994.271 um_pwv,35.0,2.571 K,1.91943
20260210,091516.750889,091516.750889,0.0,814.6 um_pwv,994.443 um_pwv,35.0,2.568 K,1.91976
20260210,091517.711480,091517.711480,0.0,811.058 um_pwv,990.119 um_pwv,35.0,2.424 K,1.91139
20260210,091518.670983,091518.670983,0.0,809.769 um_pwv,988.546 um_pwv,35.0,2.387 K,1.90834
20260210,091519.627915,091519.627915,0.0,806.288 um_pwv,984.296 um_pwv,35.0,2.229 K,1.90012
20260210,091520.589215,091520.589215,0.0,803.292 um_pwv,980.639 um_pwv,35.0,2.134 K,1.89303
20260210,091521.550123,091521.550123,0.0,801.736 um_pwv,978.739 um_pwv,35.0,2.036 K,1.88936
20260210,091522.508044,091522.508044,0.0,801.431 um_pwv,978.366 um_pwv,35.0,2.159 K,1.88864
20260210,091523.470187,091523.470187,0.0,801.162 um_pwv,978.039 um_pwv,35.0,2.115 K,1.88800
20260210,091524.425890,091524.425890,0.0,799.168 um_pwv,975.604 um_pwv,35.0,2.126 K,1.88329
20260210,091525.391741,091525.391741,0.0,799.878 um_pwv,976.471 um_pwv,35.0,2.298 K,1.88497
20260210,091526.351729,091526.351729,0.0,803.748 um_pwv,981.195 um_pwv,35.0,2.454 K,1.89411
20260210,091527.311611,091527.311611,0.0,802.468 um_pwv,979.633 um_pwv,35.0,2.502 K,1.89109
20260210,091528.271894,091528.271894,0.0,801.38 um_pwv,978.304 um_pwv,35.0,2.484 K,1.88852
20260210,091529.226968,091529.226968,0.0,802.924 um_pwv,980.189 um_pwv,35.0,2.524 K,1.89216
20260210,091530.188585,091530.188585,0.0,803.666 um_pwv,981.095 um_pwv,35.0,2.498 K,1.89392
20260210,091531.152794,091531.152794,0.0,804.61 um_pwv,982.247 um_pwv,35.0,2.474 K,1.89615
20260210,091532.108556,091532.108556,0.0,805.257 um_pwv,983.037 um_pwv,35.0,2.371 K,1.89768
20260210,091533.067691,091533.067691,0.0,804.928 um_pwv,982.635 um_pwv,35.0,2.312 K,1.89690
20260210,091534.029982,091534.029982,0.0,804.201 um_pwv,981.749 um_pwv,35.0,2.173 K,1.89518
20260210,091534.992239,091534.992239,0.0,802.163 um_pwv,979.26 um_pwv,35.0,2.072 K,1.89037
20260210,091535.948537,091535.948537,0.0,803.3 um_pwv,980.649 um_pwv,35.0,2.151 K,1.89305
20260210,091536.910200,091536.910200,0.0,801.922 um_pwv,978.966 um_pwv,35.0,1.922 K,1.88980
20260210,091537.870221,091537.870221,0.0,804.363 um_pwv,981.946 um_pwv,35.0,2.116 K,1.89557
20260210,091538.825579,091538.825579,0.0,805.356 um_pwv,983.159 um_pwv,35.0,2.138 K,1.89791
20260210,091539.791485,091539.791485,0.0,807.933 um_pwv,986.304 um_pwv,35.0,2.179 K,1.90400
20260210,091540.751853,091540.751853,0.0,810.258 um_pwv,989.142 um_pwv,35.0,2.325 K,1.90950
20260210,091541.707394,091541.707394,0.0,812.191 um_pwv,991.502 um_pwv,35.0,2.406 K,1.91406
20260210,091542.669292,091542.669292,0.0,813.033 um_pwv,992.53 um_pwv,35.0,2.384 K,1.91606
20260210,091543.626118,091543.626118,0.0,812.601 um_pwv,992.002 um_pwv,35.0,2.583 K,1.91503
20260210,091544.587560,091544.587560,0.0,814.68 um_pwv,994.541 um_pwv,35.0,2.599 K,1.91995
20260210,091545.547315,091545.547315,0.0,812.732 um_pwv,992.163 um_pwv,35.0,2.436 K,1.91534
20260210,091546.510434,091546.510434,0.0,812.993 um_pwv,992.481 um_pwv,35.0,2.445 K,1.91596
20260210,091547.467164,091547.467164,0.0,811.619 um_pwv,990.803 um_pwv,35.0,2.475 K,1.91271
20260210,091548.425118,091548.425118,0.0,807.355 um_pwv,985.598 um_pwv,35.0,2.432 K,1.90264
20260210,091549.390459,091549.390459,0.0,805.095 um_pwv,982.84 um_pwv,35.0,2.245 K,1.89730
20260210,091550.351598,091550.351598,0.0,802.983 um_pwv,980.262 um_pwv,35.0,2.131 K,1.89231
20260210,091551.307134,091551.307134,0.0,800.798 um_pwv,977.594 um_pwv,35.0,2.01 K,1.88714
20260210,091552.267037,091552.267037,0.0,801.558 um_pwv,978.521 um_pwv,35.0,2.103 K,1.88894
20260210,091553.226768,091553.226768,0.0,800.064 um_pwv,976.698 um_pwv,35.0,2.111 K,1.88541
20260210,091554.187516,091554.187516,0.0,799.365 um_pwv,975.845 um_pwv,35.0,2.118 K,1.88375
20260210,091555.150166,091555.150166,0.0,801.934 um_pwv,978.98 um_pwv,35.0,2.292 K,1.88982
20260210,091556.112540,091556.112540,0.0,802.013 um_pwv,979.077 um_pwv,35.0,2.322 K,1.89001
20260210,091557.068278,091557.068278,0.0,802.27 um_pwv,979.391 um_pwv,35.0,2.345 K,1.89062
20260210,091558.028273,091558.028273,0.0,802.765 um_pwv,979.996 um_pwv,35.0,2.431 K,1.89179
20260210,091558.990194,091558.990194,0.0,802.163 um_pwv,979.26 um_pwv,35.0,2.505 K,1.89037
20260210,091559.951188,091559.951188,0.0,803.043 um_pwv,980.334 um_pwv,35.0,2.497 K,1.89245
20260210,091600.911280,091600.911280,0.0,803.309 um_pwv,980.659 um_pwv,35.0,2.344 K,1.89307
20260210,091601.868037,091601.868037,0.0,804.36 um_pwv,981.943 um_pwv,35.0,2.33 K,1.89556
20260210,091602.830198,091602.830198,0.0,804.173 um_pwv,981.714 um_pwv,35.0,2.177 K,1.89512
20260210,091603.790462,091603.790462,0.0,803.122 um_pwv,980.431 um_pwv,35.0,2.192 K,1.89263
20260210,091604.751307,091604.751307,0.0,800.095 um_pwv,976.736 um_pwv,35.0,2.096 K,1.88548
20260210,091605.712248,091605.712248,0.0,800.984 um_pwv,977.821 um_pwv,35.0,2.034 K,1.88758
20260210,091606.669765,091606.669765,0.0,803.4 um_pwv,980.77 um_pwv,35.0,2.042 K,1.89329
20260210,091607.627301,091607.627301,0.0,803.646 um_pwv,981.071 um_pwv,35.0,2.108 K,1.89387
20260210,091608.590364,091608.590364,0.0,805.595 um_pwv,983.45 um_pwv,35.0,2.18 K,1.89848
20260210,091609.548781,091609.548781,0.0,808.839 um_pwv,987.41 um_pwv,35.0,2.198 K,1.90614
20260210,091610.510820,091610.510820,0.0,810.309 um_pwv,989.205 um_pwv,35.0,2.299 K,1.90962
20260210,091611.472091,091611.472091,0.0,813.968 um_pwv,993.672 um_pwv,35.0,2.384 K,1.91827
20260210,091612.425783,091612.425783,0.0,813.165 um_pwv,992.691 um_pwv,35.0,2.446 K,1.91637
20260210,091613.388020,091613.388020,0.0,812.371 um_pwv,991.722 um_pwv,35.0,2.396 K,1.91449
20260210,091614.350814,091614.350814,0.0,814.419 um_pwv,994.222 um_pwv,35.0,2.554 K,1.91933
20260210,091615.311623,091615.311623,0.0,814.238 um_pwv,994.001 um_pwv,35.0,2.562 K,1.91890
20260210,091616.265847,091616.265847,0.0,813.065 um_pwv,992.569 um_pwv,35.0,2.506 K,1.91613
20260210,091617.229247,091617.229247,0.0,810.969 um_pwv,990.011 um_pwv,35.0,2.394 K,1.91118
20260210,091618.189424,091618.189424,0.0,805.535 um_pwv,983.377 um_pwv,35.0,2.297 K,1.89834
20260210,091619.150192,091619.150192,0.0,802.935 um_pwv,980.203 um_pwv,35.0,2.181 K,1.89219
20260210,091620.111143,091620.111143,0.0,803.348 um_pwv,980.707 um_pwv,35.0,2.131 K,1.89317
20260210,091621.072725,091621.072725,0.0,801.696 um_pwv,978.69 um_pwv,35.0,2.128 K,1.88926
20260210,091622.030474,091622.030474,0.0,800.597 um_pwv,977.349 um_pwv,35.0,2.034 K,1.88667
20260210,091622.992007,091622.992007,0.0,801.032 um_pwv,977.88 um_pwv,35.0,2.11 K,1.88769
20260210,091623.948190,091623.948190,0.0,800.818 um_pwv,977.618 um_pwv,35.0,2.187 K,1.88719
20260210,091624.907442,091624.907442,0.0,802.044 um_pwv,979.115 um_pwv,35.0,2.342 K,1.89009
20260210,091625.872359,091625.872359,0.0,800.482 um_pwv,977.208 um_pwv,35.0,2.442 K,1.88639
20260210,091626.827363,091626.827363,0.0,803.856 um_pwv,981.327 um_pwv,35.0,2.437 K,1.89437
20260210,091627.790510,091627.790510,0.0,804.193 um_pwv,981.738 um_pwv,35.0,2.581 K,1.89516
20260210,091628.749953,091628.749953,0.0,805.345 um_pwv,983.145 um_pwv,35.0,2.607 K,1.89789
20260210,091629.710656,091629.710656,0.0,803.986 um_pwv,981.486 um_pwv,35.0,2.435 K,1.89468
20260210,091630.672239,091630.672239,0.0,805.671 um_pwv,983.543 um_pwv,35.0,2.546 K,1.89866
20260210,091631.627837,091631.627837,0.0,804.82 um_pwv,982.504 um_pwv,35.0,2.31 K,1.89665
20260210,091632.590700,091632.590700,0.0,806.717 um_pwv,984.82 um_pwv,35.0,2.232 K,1.90113
20260210,091633.551630,091633.551630,0.0,804.908 um_pwv,982.611 um_pwv,35.0,2.19 K,1.89685
20260210,091634.507530,091634.507530,0.0,802.955 um_pwv,980.227 um_pwv,35.0,2.04 K,1.89224
20260210,091635.470294,091635.470294,0.0,803.4 um_pwv,980.77 um_pwv,35.0,2.034 K,1.89329
20260210,091636.428923,091636.428923,0.0,804.392 um_pwv,981.981 um_pwv,35.0,2.026 K,1.89563
20260210,091637.390825,091637.390825,0.0,806.797 um_pwv,984.917 um_pwv,35.0,2.127 K,1.90132
20260210,091638.350722,091638.350722,0.0,807.921 um_pwv,986.29 um_pwv,35.0,2.205 K,1.90397
20260210,091639.310989,091639.310989,0.0,809.099 um_pwv,987.727 um_pwv,35.0,2.256 K,1.90676
20260210,091640.270720,091640.270720,0.0,812.051 um_pwv,991.331 um_pwv,35.0,2.301 K,1.91373
20260210,091641.231522,091641.231522,0.0,813.788 um_pwv,993.451 um_pwv,35.0,2.43 K,1.91784
20260210,091642.190933,091642.190933,0.0,812.592 um_pwv,991.992 um_pwv,35.0,2.385 K,1.91501
20260210,091643.151341,091643.151341,0.0,815.192 um_pwv,995.165 um_pwv,35.0,2.516 K,1.92116
20260210,091644.111347,091644.111347,0.0,815.014 um_pwv,994.948 um_pwv,35.0,2.606 K,1.92074
20260210,091645.071922,091645.071922,0.0,814.551 um_pwv,994.383 um_pwv,35.0,2.549 K,1.91964
20260210,091646.028332,091646.028332,0.0,813.314 um_pwv,992.873 um_pwv,35.0,2.497 K,1.91672
20260210,091646.989452,091646.989452,0.0,810.929 um_pwv,989.962 um_pwv,35.0,2.447 K,1.91108
20260210,091647.950398,091647.950398,0.0,807.224 um_pwv,985.438 um_pwv,35.0,2.405 K,1.90233
20260210,091648.910945,091648.910945,0.0,805.285 um_pwv,983.072 um_pwv,35.0,2.2 K,1.89775
20260210,091649.872750,091649.872750,0.0,802.816 um_pwv,980.058 um_pwv,35.0,2.096 K,1.89191
20260210,091650.829453,091650.829453,0.0,802.409 um_pwv,979.56 um_pwv,35.0,2.001 K,1.89095
20260210,091651.792303,091651.792303,0.0,800.965 um_pwv,977.797 um_pwv,35.0,2.02 K,1.88753
20260210,091652.751310,091652.751310,0.0,799.602 um_pwv,976.134 um_pwv,35.0,2.093 K,1.88431
20260210,091653.711258,091653.711258,0.0,803.114 um_pwv,980.421 um_pwv,35.0,2.217 K,1.89261
20260210,091654.671199,091654.671199,0.0,803.012 um_pwv,980.296 um_pwv,35.0,2.282 K,1.89237
20260210,091655.632428,091655.632428,0.0,802.112 um_pwv,979.198 um_pwv,35.0,2.332 K,1.89025
20260210,091656.593166,091656.593166,0.0,805.464 um_pwv,983.29 um_pwv,35.0,2.413 K,1.89817
20260210,091657.548515,091657.548515,0.0,804.36 um_pwv,981.943 um_pwv,35.0,2.499 K,1.89556
20260210,091658.511322,091658.511322,0.0,803.657 um_pwv,981.085 um_pwv,35.0,2.504 K,1.89390
20260210,091659.472561,091659.472561,0.0,806.18 um_pwv,984.164 um_pwv,35.0,2.445 K,1.89986
20260210,091700.428171,091700.428171,0.0,805.305 um_pwv,983.096 um_pwv,35.0,2.375 K,1.89779
20260210,091701.392761,091701.392761,0.0,804.809 um_pwv,982.49 um_pwv,35.0,2.199 K,1.89662
20260210,091702.352149,091702.352149,0.0,806.53 um_pwv,984.591 um_pwv,35.0,2.265 K,1.90069
20260210,091703.312764,091703.312764,0.0,805.552 um_pwv,983.398 um_pwv,35.0,2.155 K,1.89838
20260210,091704.268142,091704.268142,0.0,802.706 um_pwv,979.923 um_pwv,35.0,2.059 K,1.89165
20260210,091705.229880,091705.229880,0.0,803.063 um_pwv,980.358 um_pwv,35.0,2.03 K,1.89249
20260210,091706.193179,091706.193179,0.0,804.292 um_pwv,981.86 um_pwv,35.0,2.076 K,1.89540
20260210,091707.148990,091707.148990,0.0,805.842 um_pwv,983.751 um_pwv,35.0,2.062 K,1.89906
20260210,091708.111441,091708.111441,0.0,806.658 um_pwv,984.747 um_pwv,35.0,2.141 K,1.90099
20260210,091709.072871,091709.072871,0.0,810.249 um_pwv,989.132 um_pwv,35.0,2.178 K,1.90948
20260210,091710.027710,091710.027710,0.0,811.481 um_pwv,990.636 um_pwv,35.0,2.291 K,1.91239
20260210,091710.989712,091710.989712,0.0,814.298 um_pwv,994.075 um_pwv,35.0,2.51 K,1.91905
20260210,091711.950121,091711.950121,0.0,815.738 um_pwv,995.832 um_pwv,35.0,2.561 K,1.92245
20260210,091712.911481,091712.911481,0.0,816.653 um_pwv,996.949 um_pwv,35.0,2.579 K,1.92461
20260210,091713.868515,091713.868515,0.0,817.117 um_pwv,997.515 um_pwv,35.0,2.655 K,1.92571
20260210,091714.827927,091714.827927,0.0,814.741 um_pwv,994.615 um_pwv,35.0,2.61 K,1.92009
20260210,091715.791722,091715.791722,0.0,811.209 um_pwv,990.304 um_pwv,35.0,2.45 K,1.91175
20260210,091716.752699,091716.752699,0.0,810.421 um_pwv,989.341 um_pwv,35.0,2.42 K,1.90988
20260210,091717.710856,091717.710856,0.0,807.355 um_pwv,985.598 um_pwv,35.0,2.31 K,1.90264
20260210,091718.672676,091718.672676,0.0,805.325 um_pwv,983.12 um_pwv,35.0,2.162 K,1.89784
20260210,091719.628023,091719.628023,0.0,802.904 um_pwv,980.165 um_pwv,35.0,2.13 K,1.89212
20260210,091720.590212,091720.590212,0.0,802.381 um_pwv,979.526 um_pwv,35.0,2.146 K,1.89088
20260210,091721.553360,091721.553360,0.0,801.143 um_pwv,978.014 um_pwv,35.0,2.117 K,1.88796
20260210,091722.512984,091722.512984,0.0,802.46 um_pwv,979.623 um_pwv,35.0,2.155 K,1.89107
20260210,091723.471315,091723.471315,0.0,801.846 um_pwv,978.874 um_pwv,35.0,2.283 K,1.88962
20260210,091724.430331,091724.430331,0.0,802.369 um_pwv,979.512 um_pwv,35.0,2.246 K,1.89085
20260210,091725.392239,091725.392239,0.0,803.947 um_pwv,981.438 um_pwv,35.0,2.538 K,1.89458
20260210,091726.348524,091726.348524,0.0,806.789 um_pwv,984.907 um_pwv,35.0,2.609 K,1.90130
20260210,091727.311934,091727.311934,0.0,804.809 um_pwv,982.49 um_pwv,35.0,2.59 K,1.89662
20260210,091728.268524,091728.268524,0.0,806.072 um_pwv,984.033 um_pwv,35.0,2.565 K,1.89960
20260210,091729.231614,091729.231614,0.0,806.22 um_pwv,984.213 um_pwv,35.0,2.405 K,1.89995
20260210,091730.192636,091730.192636,0.0,806.917 um_pwv,985.063 um_pwv,35.0,2.464 K,1.90160
20260210,091731.147426,091731.147426,0.0,806.013 um_pwv,983.96 um_pwv,35.0,2.246 K,1.89946
20260210,091732.108707,091732.108707,0.0,805.99 um_pwv,983.932 um_pwv,35.0,2.142 K,1.89941
20260210,091733.071399,091733.071399,0.0,805.016 um_pwv,982.743 um_pwv,35.0,2.119 K,1.89711
20260210,091734.030597,091734.030597,0.0,804.014 um_pwv,981.52 um_pwv,35.0,2.108 K,1.89474
20260210,091734.988789,091734.988789,0.0,803.479 um_pwv,980.867 um_pwv,35.0,2.077 K,1.89348
20260210,091735.950561,091735.950561,0.0,804.403 um_pwv,981.995 um_pwv,35.0,1.952 K,1.89566
20260210,091736.907384,091736.907384,0.0,805.356 um_pwv,983.159 um_pwv,35.0,2.017 K,1.89791
20260210,091737.870192,091737.870192,0.0,808.42 um_pwv,986.899 um_pwv,35.0,2.123 K,1.90515
20260210,091738.828684,091738.828684,0.0,810.389 um_pwv,989.302 um_pwv,35.0,2.273 K,1.90981
20260210,091739.790755,091739.790755,0.0,813.957 um_pwv,993.658 um_pwv,35.0,2.401 K,1.91824
20260210,091740.748551,091740.748551,0.0,814.571 um_pwv,994.408 um_pwv,35.0,2.499 K,1.91969
20260210,091741.709834,091741.709834,0.0,816.037 um_pwv,996.198 um_pwv,35.0,2.511 K,1.92315
20260210,091742.672487,091742.672487,0.0,814.913 um_pwv,994.825 um_pwv,35.0,2.506 K,1.92050
20260210,091743.628123,091743.628123,0.0,815.554 um_pwv,995.608 um_pwv,35.0,2.591 K,1.92201
20260210,091744.591710,091744.591710,0.0,815.103 um_pwv,995.057 um_pwv,35.0,2.611 K,1.92095
20260210,091745.548442,091745.548442,0.0,811.541 um_pwv,990.709 um_pwv,35.0,2.468 K,1.91253
20260210,091746.509368,091746.509368,0.0,808.252 um_pwv,986.693 um_pwv,35.0,2.305 K,1.90476
20260210,091747.470818,091747.470818,0.0,806.379 um_pwv,984.407 um_pwv,35.0,2.167 K,1.90033
20260210,091748.431207,091748.431207,0.0,803.796 um_pwv,981.254 um_pwv,35.0,2.125 K,1.89423
20260210,091749.393041,091749.393041,0.0,802.29 um_pwv,979.415 um_pwv,35.0,2.026 K,1.89067
20260210,091750.348948,091750.348948,0.0,801.329 um_pwv,978.242 um_pwv,35.0,2.069 K,1.88840
20260210,091751.310904,091751.310904,0.0,801.866 um_pwv,978.898 um_pwv,35.0,2.093 K,1.88966
20260210,091752.272345,091752.272345,0.0,800.676 um_pwv,977.445 um_pwv,35.0,2.098 K,1.88685
20260210,091753.227960,091753.227960,0.0,802.627 um_pwv,979.826 um_pwv,35.0,2.258 K,1.89146
20260210,091754.190436,091754.190436,0.0,803.348 um_pwv,980.707 um_pwv,35.0,2.337 K,1.89317
20260210,091755.153262,091755.153262,0.0,804.324 um_pwv,981.898 um_pwv,35.0,2.467 K,1.89547
20260210,091756.108701,091756.108701,0.0,805.126 um_pwv,982.878 um_pwv,35.0,2.462 K,1.89737
20260210,091757.073150,091757.073150,0.0,805.476 um_pwv,983.304 um_pwv,35.0,2.472 K,1.89820
20260210,091758.032174,091758.032174,0.0,806.101 um_pwv,984.067 um_pwv,35.0,2.545 K,1.89967
20260210,091758.988970,091758.988970,0.0,807.463 um_pwv,985.73 um_pwv,35.0,2.524 K,1.90289
20260210,091759.950507,091759.950507,0.0,806.925 um_pwv,985.074 um_pwv,35.0,2.481 K,1.90162
20260210,091800.911878,091800.911878,0.0,806.061 um_pwv,984.019 um_pwv,35.0,2.209 K,1.89958
20260210,091801.868919,091801.868919,0.0,806.427 um_pwv,984.466 um_pwv,35.0,2.224 K,1.90044
20260210,091802.830854,091802.830854,0.0,804.598 um_pwv,982.233 um_pwv,35.0,2.111 K,1.89612
20260210,091803.793076,091803.793076,0.0,803.031 um_pwv,980.32 um_pwv,35.0,2.038 K,1.89242
20260210,091804.752228,091804.752228,0.0,805.237 um_pwv,983.013 um_pwv,35.0,2.051 K,1.89763
20260210,091805.712236,091805.712236,0.0,805.106 um_pwv,982.854 um_pwv,35.0,2.066 K,1.89732
20260210,091806.671863,091806.671863,0.0,807.483 um_pwv,985.755 um_pwv,35.0,2.147 K,1.90294
20260210,091807.628829,091807.628829,0.0,809.538 um_pwv,988.263 um_pwv,35.0,2.105 K,1.90780
20260210,091808.591128,091808.591128,0.0,810.938 um_pwv,989.972 um_pwv,35.0,2.247 K,1.91110
20260210,091809.552953,091809.552953,0.0,812.612 um_pwv,992.016 um_pwv,35.0,2.317 K,1.91506
20260210,091810.512522,091810.512522,0.0,814.962 um_pwv,994.885 um_pwv,35.0,2.437 K,1.92061
20260210,091811.469126,091811.469126,0.0,816.42 um_pwv,996.665 um_pwv,35.0,2.56 K,1.92406
20260210,091812.429368,091812.429368,0.0,817.005 um_pwv,997.378 um_pwv,35.0,2.555 K,1.92544
20260210,091813.393466,091813.393466,0.0,817.581 um_pwv,998.082 um_pwv,35.0,2.597 K,1.92680
20260210,091814.353807,091814.353807,0.0,812.071 um_pwv,991.355 um_pwv,35.0,2.464 K,1.91378
20260210,091815.311055,091815.311055,0.0,811.762 um_pwv,990.978 um_pwv,35.0,2.378 K,1.91305
20260210,091816.271621,091816.271621,0.0,808.323 um_pwv,986.78 um_pwv,35.0,2.373 K,1.90492
20260210,091817.234021,091817.234021,0.0,805.623 um_pwv,983.484 um_pwv,35.0,2.113 K,1.89854
20260210,091818.191072,091818.191072,0.0,804.36 um_pwv,981.943 um_pwv,35.0,2.147 K,1.89556
20260210,091819.151068,091819.151068,0.0,802.18 um_pwv,979.28 um_pwv,35.0,2.108 K,1.89041
20260210,091820.109322,091820.109322,0.0,800.411 um_pwv,977.122 um_pwv,35.0,1.995 K,1.88623
20260210,091821.070412,091821.070412,0.0,800.835 um_pwv,977.638 um_pwv,35.0,2.102 K,1.88723
20260210,091822.031700,091822.031700,0.0,801.708 um_pwv,978.704 um_pwv,35.0,2.108 K,1.88929
20260210,091822.993832,091822.993832,0.0,802.397 um_pwv,979.546 um_pwv,35.0,2.192 K,1.89092
20260210,091823.958269,091823.958269,0.0,803.102 um_pwv,980.407 um_pwv,35.0,2.403 K,1.89259
20260210,091824.912185,091824.912185,0.0,805.305 um_pwv,983.096 um_pwv,35.0,2.433 K,1.89779
20260210,091825.873335,091825.873335,0.0,805.416 um_pwv,983.231 um_pwv,35.0,2.576 K,1.89805
20260210,091826.829795,091826.829795,0.0,805.067 um_pwv,982.805 um_pwv,35.0,2.525 K,1.89723
20260210,091827.791290,091827.791290,0.0,806.061 um_pwv,984.019 um_pwv,35.0,2.597 K,1.89958
20260210,091828.752699,091828.752699,0.0,808.132 um_pwv,986.547 um_pwv,35.0,2.413 K,1.90447
20260210,091829.713014,091829.713014,0.0,807.582 um_pwv,985.876 um_pwv,35.0,2.418 K,1.90317
20260210,091830.670451,091830.670451,0.0,808.144 um_pwv,986.561 um_pwv,35.0,2.287 K,1.90450
20260210,091831.629737,091831.629737,0.0,806.698 um_pwv,984.796 um_pwv,35.0,2.128 K,1.90108
20260210,091832.589037,091832.589037,0.0,807.403 um_pwv,985.657 um_pwv,35.0,2.11 K,1.90275
20260210,091833.551608,091833.551608,0.0,805.047 um_pwv,982.781 um_pwv,35.0,2.075 K,1.89718
20260210,091834.512721,091834.512721,0.0,805.615 um_pwv,983.474 um_pwv,35.0,2.005 K,1.89852
20260210,091835.474565,091835.474565,0.0,808.132 um_pwv,986.547 um_pwv,35.0,2.023 K,1.90447
20260210,091836.432497,091836.432497,0.0,805.893 um_pwv,983.814 um_pwv,35.0,2.035 K,1.89918
20260210,091837.393038,091837.393038,0.0,808.56 um_pwv,987.069 um_pwv,35.0,2.118 K,1.90548
20260210,091838.353557,091838.353557,0.0,810.989 um_pwv,990.035 um_pwv,35.0,2.26 K,1.91122
20260210,091839.314084,091839.314084,0.0,814.439 um_pwv,994.247 um_pwv,35.0,2.411 K,1.91938
20260210,091840.275677,091840.275677,0.0,816.149 um_pwv,996.334 um_pwv,35.0,2.471 K,1.92342
20260210,091841.231385,091841.231385,0.0,816.783 um_pwv,997.108 um_pwv,35.0,2.516 K,1.92492
20260210,091842.192732,091842.192732,0.0,815.445 um_pwv,995.474 um_pwv,35.0,2.597 K,1.92175
20260210,091843.148095,091843.148095,0.0,815.445 um_pwv,995.474 um_pwv,35.0,2.635 K,1.92175
20260210,091844.109895,091844.109895,0.0,814.227 um_pwv,993.987 um_pwv,35.0,2.55 K,1.91888
20260210,091845.072523,091845.072523,0.0,810.569 um_pwv,989.522 um_pwv,35.0,2.435 K,1.91023
20260210,091846.032493,091846.032493,0.0,809.301 um_pwv,987.974 um_pwv,35.0,2.375 K,1.90724
20260210,091846.994333,091846.994333,0.0,808.272 um_pwv,986.718 um_pwv,35.0,2.258 K,1.90480
20260210,091847.950717,091847.950717,0.0,805.652 um_pwv,983.519 um_pwv,35.0,2.166 K,1.89861
20260210,091848.913311,091848.913311,0.0,802.805 um_pwv,980.044 um_pwv,35.0,2.1 K,1.89188
20260210,091849.873081,091849.873081,0.0,800.68 um_pwv,977.449 um_pwv,35.0,2.023 K,1.88686
20260210,091850.834504,091850.834504,0.0,801.092 um_pwv,977.952 um_pwv,35.0,2.05 K,1.88783
20260210,091851.789656,091851.789656,0.0,804.241 um_pwv,981.797 um_pwv,35.0,2.173 K,1.89528
20260210,091852.751088,091852.751088,0.0,803.054 um_pwv,980.348 um_pwv,35.0,2.245 K,1.89247
20260210,091853.708020,091853.708020,0.0,804.244 um_pwv,981.801 um_pwv,35.0,2.345 K,1.89528
20260210,091854.674585,091854.674585,0.0,804.979 um_pwv,982.698 um_pwv,35.0,2.509 K,1.89702
20260210,091855.634665,091855.634665,0.0,804.55 um_pwv,982.175 um_pwv,35.0,2.505 K,1.89601
20260210,091856.588205,091856.588205,0.0,806.399 um_pwv,984.431 um_pwv,35.0,2.55 K,1.90038
20260210,091857.550681,091857.550681,0.0,805.834 um_pwv,983.741 um_pwv,35.0,2.413 K,1.89904
20260210,091858.510732,091858.510732,0.0,807.554 um_pwv,985.842 um_pwv,35.0,2.338 K,1.90311
20260210,091859.472710,091859.472710,0.0,807.096 um_pwv,985.282 um_pwv,35.0,2.375 K,1.90202
20260210,091900.430937,091900.430937,0.0,808.882 um_pwv,987.463 um_pwv,35.0,2.272 K,1.90624
20260210,091901.388232,091901.388232,0.0,805.683 um_pwv,983.557 um_pwv,35.0,2.215 K,1.89868
20260210,091902.349764,091902.349764,0.0,806.032 um_pwv,983.984 um_pwv,35.0,2.105 K,1.89951
20260210,091903.311975,091903.311975,0.0,804.36 um_pwv,981.943 um_pwv,35.0,1.895 K,1.89556
20260210,091904.271828,091904.271828,0.0,804.511 um_pwv,982.126 um_pwv,35.0,1.977 K,1.89591
20260210,091905.231276,091905.231276,0.0,805.345 um_pwv,983.145 um_pwv,35.0,1.966 K,1.89789
20260210,091906.191883,091906.191883,0.0,807.654 um_pwv,985.963 um_pwv,35.0,2.049 K,1.90334
20260210,091907.153852,091907.153852,0.0,809.03 um_pwv,987.644 um_pwv,35.0,2.067 K,1.90660
20260210,091908.115018,091908.115018,0.0,812.973 um_pwv,992.457 um_pwv,35.0,2.321 K,1.91591
20260210,091909.069736,091909.069736,0.0,814.077 um_pwv,993.805 um_pwv,35.0,2.397 K,1.91852
20260210,091910.032067,091910.032067,0.0,815.778 um_pwv,995.881 um_pwv,35.0,2.444 K,1.92254
20260210,091910.992000,091910.992000,0.0,816.987 um_pwv,997.357 um_pwv,35.0,2.686 K,1.92540
20260210,091911.947937,091911.947937,0.0,815.002 um_pwv,994.934 um_pwv,35.0,2.559 K,1.92071
20260210,091912.912280,091912.912280,0.0,814.37 um_pwv,994.162 um_pwv,35.0,2.614 K,1.91921
20260210,091913.872702,091913.872702,0.0,812.191 um_pwv,991.502 um_pwv,35.0,2.466 K,1.91406
20260210,091914.833281,091914.833281,0.0,811.89 um_pwv,991.135 um_pwv,35.0,2.334 K,1.91335
20260210,091915.789773,091915.789773,0.0,809.15 um_pwv,987.79 um_pwv,35.0,2.245 K,1.90688
20260210,091916.753543,091916.753543,0.0,805.814 um_pwv,983.717 um_pwv,35.0,2.178 K,1.89899
20260210,091917.709955,091917.709955,0.0,802.675 um_pwv,979.885 um_pwv,35.0,2.156 K,1.89158
20260210,091918.674226,091918.674226,0.0,802.932 um_pwv,980.199 um_pwv,35.0,2.14 K,1.89218
20260210,091919.633221,091919.633221,0.0,801.241 um_pwv,978.135 um_pwv,35.0,2.039 K,1.88819
20260210,091920.590690,091920.590690,0.0,802.231 um_pwv,979.343 um_pwv,35.0,2.071 K,1.89053
20260210,091921.551254,091921.551254,0.0,803.233 um_pwv,980.566 um_pwv,35.0,2.191 K,1.89289
20260210,091922.509903,091922.509903,0.0,804.114 um_pwv,981.642 um_pwv,35.0,2.279 K,1.89498
20260210,091923.472122,091923.472122,0.0,805.961 um_pwv,983.897 um_pwv,35.0,2.316 K,1.89934
20260210,091924.433416,091924.433416,0.0,804.78 um_pwv,982.455 um_pwv,35.0,2.359 K,1.89655
20260210,091925.393010,091925.393010,0.0,805.981 um_pwv,983.921 um_pwv,35.0,2.481 K,1.89939
20260210,091926.352955,091926.352955,0.0,806.029 um_pwv,983.98 um_pwv,35.0,2.519 K,1.89950
20260210,091927.313262,091927.313262,0.0,805.922 um_pwv,983.849 um_pwv,35.0,2.452 K,1.89925
20260210,091928.272036,091928.272036,0.0,807.423 um_pwv,985.682 um_pwv,35.0,2.407 K,1.90280
20260210,091929.232657,091929.232657,0.0,807.295 um_pwv,985.525 um_pwv,35.0,2.241 K,1.90249
20260210,091930.189966,091930.189966,0.0,806.996 um_pwv,985.161 um_pwv,35.0,2.141 K,1.90179
20260210,091931.153529,091931.153529,0.0,807.144 um_pwv,985.341 um_pwv,35.0,2.212 K,1.90214
20260210,091932.109981,091932.109981,0.0,806.698 um_pwv,984.796 um_pwv,35.0,2.062 K,1.90108
20260210,091933.070132,091933.070132,0.0,806.487 um_pwv,984.539 um_pwv,35.0,2.045 K,1.90059
20260210,091934.031679,091934.031679,0.0,804.916 um_pwv,982.621 um_pwv,35.0,1.993 K,1.89687
20260210,091934.993487,091934.993487,0.0,807.725 um_pwv,986.05 um_pwv,35.0,2.117 K,1.90351
20260210,091935.955818,091935.955818,0.0,807.403 um_pwv,985.657 um_pwv,35.0,1.971 K,1.90275
20260210,091936.912985,091936.912985,0.0,809.809 um_pwv,988.595 um_pwv,35.0,2.238 K,1.90844
20260210,091937.870494,091937.870494,0.0,812.011 um_pwv,991.282 um_pwv,35.0,2.269 K,1.91364
20260210,091938.833303,091938.833303,0.0,814.479 um_pwv,994.296 um_pwv,35.0,2.316 K,1.91947
20260210,091939.790071,091939.790071,0.0,814.267 um_pwv,994.036 um_pwv,35.0,2.434 K,1.91897
20260210,091940.751929,091940.751929,0.0,816.532 um_pwv,996.802 um_pwv,35.0,2.53 K,1.92432
20260210,091941.712451,091941.712451,0.0,815.635 um_pwv,995.706 um_pwv,35.0,2.564 K,1.92220
20260210,091942.673449,091942.673449,0.0,815.175 um_pwv,995.144 um_pwv,35.0,2.504 K,1.92112
20260210,091943.630108,091943.630108,0.0,813.426 um_pwv,993.01 um_pwv,35.0,2.545 K,1.91698
20260210,091944.591639,091944.591639,0.0,811.158 um_pwv,990.241 um_pwv,35.0,2.319 K,1.91162
20260210,091945.552693,091945.552693,0.0,807.614 um_pwv,985.915 um_pwv,35.0,2.377 K,1.90325
20260210,091946.508745,091946.508745,0.0,805.512 um_pwv,983.349 um_pwv,35.0,2.171 K,1.89828
20260210,091947.469796,091947.469796,0.0,801.934 um_pwv,978.98 um_pwv,35.0,2.087 K,1.88982
20260210,091948.434308,091948.434308,0.0,801.439 um_pwv,978.377 um_pwv,35.0,2.075 K,1.88866
20260210,091949.391220,091949.391220,0.0,802.983 um_pwv,980.262 um_pwv,35.0,2.177 K,1.89231
20260210,091950.353466,091950.353466,0.0,803.082 um_pwv,980.383 um_pwv,35.0,2.115 K,1.89254
20260210,091951.310264,091951.310264,0.0,803.391 um_pwv,980.76 um_pwv,35.0,2.242 K,1.89327
20260210,091952.270830,091952.270830,0.0,804.817 um_pwv,982.5 um_pwv,35.0,2.266 K,1.89664
20260210,091953.234165,091953.234165,0.0,807.335 um_pwv,985.574 um_pwv,35.0,2.49 K,1.90259
20260210,091954.192050,091954.192050,0.0,805.424 um_pwv,983.242 um_pwv,35.0,2.471 K,1.89807
20260210,091955.152304,091955.152304,0.0,806.777 um_pwv,984.893 um_pwv,35.0,2.582 K,1.90127
20260210,091956.112867,091956.112867,0.0,806.845 um_pwv,984.976 um_pwv,35.0,2.512 K,1.90143
20260210,091957.074404,091957.074404,0.0,807.156 um_pwv,985.355 um_pwv,35.0,2.432 K,1.90217
20260210,091958.035440,091958.035440,0.0,807.614 um_pwv,985.915 um_pwv,35.0,2.395 K,1.90325
20260210,091958.993749,091958.993749,0.0,809.079 um_pwv,987.703 um_pwv,35.0,2.3 K,1.90671
20260210,091959.951128,091959.951128,0.0,807.395 um_pwv,985.647 um_pwv,35.0,2.135 K,1.90273
20260210,092000.913924,092000.913924,0.0,806.937 um_pwv,985.088 um_pwv,35.0,2.106 K,1.90165
20260210,092001.874850,092001.874850,0.0,806.61 um_pwv,984.688 um_pwv,35.0,2.09 K,1.90087
20260210,092002.830493,092002.830493,0.0,805.842 um_pwv,983.751 um_pwv,35.0,2.115 K,1.89906
20260210,092003.795294,092003.795294,0.0,807.156 um_pwv,985.355 um_pwv,35.0,2.113 K,1.90217
20260210,092004.750737,092004.750737,0.0,807.474 um_pwv,985.744 um_pwv,35.0,2.078 K,1.90292
20260210,092005.709246,092005.709246,0.0,808.95 um_pwv,987.546 um_pwv,35.0,2.079 K,1.90641
20260210,092006.675255,092006.675255,0.0,813.687 um_pwv,993.329 um_pwv,35.0,2.312 K,1.91760
20260210,092007.633547,092007.633547,0.0,812.752 um_pwv,992.188 um_pwv,35.0,2.282 K,1.91539
20260210,092008.593005,092008.593005,0.0,813.917 um_pwv,993.609 um_pwv,35.0,2.405 K,1.91814
20260210,092009.555313,092009.555313,0.0,816.947 um_pwv,997.308 um_pwv,35.0,2.521 K,1.92530
20260210,092010.513038,092010.513038,0.0,817.339 um_pwv,997.786 um_pwv,35.0,2.666 K,1.92623
20260210,092011.474573,092011.474573,0.0,816.472 um_pwv,996.728 um_pwv,35.0,2.532 K,1.92418
20260210,092012.430332,092012.430332,0.0,817.431 um_pwv,997.899 um_pwv,35.0,2.573 K,1.92645
20260210,092013.394143,092013.394143,0.0,812.4 um_pwv,991.757 um_pwv,35.0,2.36 K,1.91456
20260210,092014.354188,092014.354188,0.0,812.211 um_pwv,991.527 um_pwv,35.0,2.386 K,1.91411
20260210,092015.310560,092015.310560,0.0,806.945 um_pwv,985.098 um_pwv,35.0,2.209 K,1.90167
20260210,092016.271117,092016.271117,0.0,804.244 um_pwv,981.801 um_pwv,35.0,2.072 K,1.89528
20260210,092017.233178,092017.233178,0.0,801.044 um_pwv,977.894 um_pwv,35.0,2.022 K,1.88772
20260210,092018.194184,092018.194184,0.0,799.022 um_pwv,975.425 um_pwv,35.0,1.964 K,1.88294
20260210,092019.155770,092019.155770,0.0,802.29 um_pwv,979.415 um_pwv,35.0,2.045 K,1.89067
20260210,092020.112318,092020.112318,0.0,802.033 um_pwv,979.101 um_pwv,35.0,2.061 K,1.89006
20260210,092021.074220,092021.074220,0.0,802.904 um_pwv,980.165 um_pwv,35.0,2.168 K,1.89212
20260210,092022.029479,092022.029479,0.0,803.471 um_pwv,980.856 um_pwv,35.0,2.235 K,1.89346
20260210,092022.991978,092022.991978,0.0,807.255 um_pwv,985.477 um_pwv,35.0,2.417 K,1.90240
20260210,092023.954150,092023.954150,0.0,807.585 um_pwv,985.88 um_pwv,35.0,2.414 K,1.90318
20260210,092024.912520,092024.912520,0.0,807.805 um_pwv,986.148 um_pwv,35.0,2.425 K,1.90370
20260210,092025.875021,092025.875021,0.0,807.765 um_pwv,986.099 um_pwv,35.0,2.495 K,1.90361
20260210,092026.834154,092026.834154,0.0,808.372 um_pwv,986.84 um_pwv,35.0,2.446 K,1.90504
20260210,092027.791301,092027.791301,0.0,807.805 um_pwv,986.148 um_pwv,35.0,2.388 K,1.90370
20260210,092028.755086,092028.755086,0.0,809.27 um_pwv,987.936 um_pwv,35.0,2.276 K,1.90716
20260210,092029.709844,092029.709844,0.0,809.938 um_pwv,988.751 um_pwv,35.0,2.118 K,1.90874
20260210,092030.672694,092030.672694,0.0,808.651 um_pwv,987.181 um_pwv,35.0,2.143 K,1.90570
20260210,092031.632311,092031.632311,0.0,807.773 um_pwv,986.109 um_pwv,35.0,2.043 K,1.90363
20260210,092032.595816,092032.595816,0.0,806.658 um_pwv,984.747 um_pwv,35.0,2.06 K,1.90099
20260210,092033.549787,092033.549787,0.0,806.052 um_pwv,984.008 um_pwv,35.0,1.975 K,1.89956
20260210,092034.516073,092034.516073,0.0,809.19 um_pwv,987.839 um_pwv,35.0,2.042 K,1.90697
20260210,092035.475912,092035.475912,0.0,811.29 um_pwv,990.402 um_pwv,35.0,2.1 K,1.91193
20260210,092036.432897,092036.432897,0.0,813.756 um_pwv,993.413 um_pwv,35.0,2.209 K,1.91776
20260210,092037.394111,092037.394111,0.0,814.953 um_pwv,994.874 um_pwv,35.0,2.313 K,1.92059
20260210,092038.352780,092038.352780,0.0,816.078 um_pwv,996.247 um_pwv,35.0,2.349 K,1.92325
20260210,092039.318868,092039.318868,0.0,816.904 um_pwv,997.255 um_pwv,35.0,2.399 K,1.92520
20260210,092040.275701,092040.275701,0.0,817.933 um_pwv,998.511 um_pwv,35.0,2.561 K,1.92763
20260210,092041.235914,092041.235914,0.0,816.443 um_pwv,996.693 um_pwv,35.0,2.479 K,1.92411
20260210,092042.192664,092042.192664,0.0,815.384 um_pwv,995.401 um_pwv,35.0,2.414 K,1.92161
20260210,092043.154462,092043.154462,0.0,814.652 um_pwv,994.506 um_pwv,35.0,2.393 K,1.91988
20260210,092044.109909,092044.109909,0.0,810.569 um_pwv,989.522 um_pwv,35.0,2.278 K,1.91023
20260210,092045.073925,092045.073925,0.0,806.638 um_pwv,984.723 um_pwv,35.0,2.131 K,1.90094
20260210,092046.034617,092046.034617,0.0,803.856 um_pwv,981.327 um_pwv,35.0,2.09 K,1.89437
20260210,092046.994846,092046.994846,0.0,802.024 um_pwv,979.091 um_pwv,35.0,2.051 K,1.89004
20260210,092047.955846,092047.955846,0.0,801.301 um_pwv,978.208 um_pwv,35.0,1.963 K,1.88833
20260210,092048.914688,092048.914688,0.0,802.876 um_pwv,980.131 um_pwv,35.0,2.217 K,1.89205
20260210,092049.874557,092049.874557,0.0,802.635 um_pwv,979.836 um_pwv,35.0,2.12 K,1.89148
20260210,092050.834954,092050.834954,0.0,803.697 um_pwv,981.133 um_pwv,35.0,2.189 K,1.89399
20260210,092051.795928,092051.795928,0.0,804.621 um_pwv,982.261 um_pwv,35.0,2.307 K,1.89618
20260210,092052.754283,092052.754283,0.0,805.93 um_pwv,983.859 um_pwv,35.0,2.33 K,1.89927
20260210,092053.714036,092053.714036,0.0,806.885 um_pwv,985.025 um_pwv,35.0,2.465 K,1.90153
20260210,092054.674757,092054.674757,0.0,807.466 um_pwv,985.734 um_pwv,35.0,2.472 K,1.90290
20260210,092055.634400,092055.634400,0.0,807.315 um_pwv,985.55 um_pwv,35.0,2.457 K,1.90254
20260210,092056.594161,092056.594161,0.0,809.781 um_pwv,988.56 um_pwv,35.0,2.434 K,1.90837
20260210,092057.553851,092057.553851,0.0,808.172 um_pwv,986.596 um_pwv,35.0,2.321 K,1.90457
20260210,092058.515780,092058.515780,0.0,809.37 um_pwv,988.058 um_pwv,35.0,2.294 K,1.90740
20260210,092059.476543,092059.476543,0.0,808.802 um_pwv,987.365 um_pwv,35.0,2.105 K,1.90606
20260210,092100.434729,092100.434729,0.0,807.753 um_pwv,986.085 um_pwv,35.0,2.149 K,1.90358
20260210,092101.394485,092101.394485,0.0,805.933 um_pwv,983.863 um_pwv,35.0,2.105 K,1.89928
20260210,092102.354794,092102.354794,0.0,806.28 um_pwv,984.286 um_pwv,35.0,1.997 K,1.90010
20260210,092103.314477,092103.314477,0.0,807.634 um_pwv,985.939 um_pwv,35.0,2.003 K,1.90330
20260210,092104.274335,092104.274335,0.0,809.042 um_pwv,987.658 um_pwv,35.0,1.977 K,1.90662
20260210,092105.234733,092105.234733,0.0,810.301 um_pwv,989.194 um_pwv,35.0,2.046 K,1.90960
20260210,092106.193639,092106.193639,0.0,813.263 um_pwv,992.81 um_pwv,35.0,2.227 K,1.91660
20260210,092107.154152,092107.154152,0.0,814.227 um_pwv,993.987 um_pwv,35.0,2.316 K,1.91888
20260210,092108.109783,092108.109783,0.0,815.574 um_pwv,995.632 um_pwv,35.0,2.433 K,1.92206
20260210,092109.072916,092109.072916,0.0,816.855 um_pwv,997.195 um_pwv,35.0,2.474 K,1.92509
20260210,092110.033185,092110.033185,0.0,817.581 um_pwv,998.082 um_pwv,35.0,2.548 K,1.92680
20260210,092110.995485,092110.995485,0.0,817.653 um_pwv,998.17 um_pwv,35.0,2.586 K,1.92697
20260210,092111.955310,092111.955310,0.0,817.229 um_pwv,997.653 um_pwv,35.0,2.458 K,1.92597
20260210,092112.916125,092112.916125,0.0,814.049 um_pwv,993.77 um_pwv,35.0,2.387 K,1.91845
20260210,092113.873140,092113.873140,0.0,811.001 um_pwv,990.049 um_pwv,35.0,2.353 K,1.91125
20260210,092114.832902,092114.832902,0.0,805.671 um_pwv,983.543 um_pwv,35.0,2.176 K,1.89866
20260210,092115.795286,092115.795286,0.0,803.388 um_pwv,980.756 um_pwv,35.0,2.24 K,1.89326
20260210,092116.754769,092116.754769,0.0,802.746 um_pwv,979.971 um_pwv,35.0,2.165 K,1.89174
20260210,092117.716538,092117.716538,0.0,802.132 um_pwv,979.222 um_pwv,35.0,2.112 K,1.89029
20260210,092118.673185,092118.673185,0.0,801.459 um_pwv,978.401 um_pwv,35.0,1.99 K,1.88870
20260210,092119.634932,092119.634932,0.0,801.36 um_pwv,978.28 um_pwv,35.0,2.091 K,1.88847
20260210,092120.596051,092120.596051,0.0,804.411 um_pwv,982.005 um_pwv,35.0,2.181 K,1.89568
20260210,092121.551744,092121.551744,0.0,804.332 um_pwv,981.908 um_pwv,35.0,2.227 K,1.89549
20260210,092122.511452,092122.511452,0.0,806.16 um_pwv,984.14 um_pwv,35.0,2.391 K,1.89981
20260210,092123.474569,092123.474569,0.0,808.36 um_pwv,986.826 um_pwv,35.0,2.452 K,1.90501
20260210,092124.433139,092124.433139,0.0,809.002 um_pwv,987.609 um_pwv,35.0,2.47 K,1.90653
20260210,092125.392051,092125.392051,0.0,809.39 um_pwv,988.082 um_pwv,35.0,2.479 K,1.90744
20260210,092126.354698,092126.354698,0.0,809.27 um_pwv,987.936 um_pwv,35.0,2.427 K,1.90716
20260210,092127.315308,092127.315308,0.0,807.973 um_pwv,986.353 um_pwv,35.0,2.347 K,1.90410
20260210,092128.275372,092128.275372,0.0,809.179 um_pwv,987.825 um_pwv,35.0,2.2 K,1.90695
20260210,092129.231444,092129.231444,0.0,809.25 um_pwv,987.912 um_pwv,35.0,2.202 K,1.90711
20260210,092130.193385,092130.193385,0.0,806.2 um_pwv,984.189 um_pwv,35.0,2.005 K,1.89991
20260210,092131.154941,092131.154941,0.0,807.295 um_pwv,985.525 um_pwv,35.0,2.017 K,1.90249
20260210,092132.115113,092132.115113,0.0,807.176 um_pwv,985.379 um_pwv,35.0,1.971 K,1.90221
20260210,092133.076511,092133.076511,0.0,808.851 um_pwv,987.424 um_pwv,35.0,2.019 K,1.90617
20260210,092134.031414,092134.031414,0.0,812.503 um_pwv,991.883 um_pwv,35.0,2.093 K,1.91480
20260210,092134.996419,092134.996419,0.0,812.151 um_pwv,991.453 um_pwv,35.0,2.188 K,1.91397
20260210,092135.952389,092135.952389,0.0,814.551 um_pwv,994.383 um_pwv,35.0,2.216 K,1.91964
20260210,092136.913479,092136.913479,0.0,817.117 um_pwv,997.515 um_pwv,35.0,2.422 K,1.92571
20260210,092137.874085,092137.874085,0.0,817.307 um_pwv,997.748 um_pwv,35.0,2.468 K,1.92615
20260210,092138.835337,092138.835337,0.0,816.561 um_pwv,996.837 um_pwv,35.0,2.454 K,1.92439
20260210,092139.791853,092139.791853,0.0,817.5 um_pwv,997.983 um_pwv,35.0,2.521 K,1.92661
20260210,092140.755007,092140.755007,0.0,816.714 um_pwv,997.023 um_pwv,35.0,2.488 K,1.92475
20260210,092141.714720,092141.714720,0.0,817.46 um_pwv,997.934 um_pwv,35.0,2.442 K,1.92652
20260210,092142.676118,092142.676118,0.0,813.463 um_pwv,993.055 um_pwv,35.0,2.371 K,1.91707
20260210,092143.636347,092143.636347,0.0,810.269 um_pwv,989.156 um_pwv,35.0,2.324 K,1.90952
20260210,092144.596875,092144.596875,0.0,805.953 um_pwv,983.887 um_pwv,35.0,2.194 K,1.89932
20260210,092145.553861,092145.553861,0.0,804.244 um_pwv,981.801 um_pwv,35.0,2.158 K,1.89528
20260210,092146.514950,092146.514950,0.0,800.925 um_pwv,977.749 um_pwv,35.0,2.112 K,1.88744
20260210,092147.473496,092147.473496,0.0,800.629 um_pwv,977.387 um_pwv,35.0,2.093 K,1.88674
20260210,092148.435151,092148.435151,0.0,800.68 um_pwv,977.449 um_pwv,35.0,2.074 K,1.88686
20260210,092149.395392,092149.395392,0.0,801.736 um_pwv,978.739 um_pwv,35.0,2.159 K,1.88936
20260210,092150.354593,092150.354593,0.0,801.569 um_pwv,978.535 um_pwv,35.0,2.177 K,1.88896
20260210,092151.315061,092151.315061,0.0,804.272 um_pwv,981.835 um_pwv,35.0,2.373 K,1.89535
20260210,092152.270293,092152.270293,0.0,806.41 um_pwv,984.445 um_pwv,35.0,2.479 K,1.90040
20260210,092153.235987,092153.235987,0.0,808.99 um_pwv,987.595 um_pwv,35.0,2.517 K,1.90650
20260210,092154.192059,092154.192059,0.0,809.29 um_pwv,987.96 um_pwv,35.0,2.533 K,1.90721
20260210,092155.157671,092155.157671,0.0,809.01 um_pwv,987.619 um_pwv,35.0,2.489 K,1.90655
20260210,092156.112180,092156.112180,0.0,808.631 um_pwv,987.156 um_pwv,35.0,2.348 K,1.90565
20260210,092157.075559,092157.075559,0.0,808.033 um_pwv,986.426 um_pwv,35.0,2.253 K,1.90424
20260210,092158.035657,092158.035657,0.0,810.978 um_pwv,990.021 um_pwv,35.0,2.225 K,1.91120
20260210,092158.993374,092158.993374,0.0,806.407 um_pwv,984.442 um_pwv,35.0,1.958 K,1.90040
20260210,092159.953269,092159.953269,0.0,805.822 um_pwv,983.727 um_pwv,35.0,2.066 K,1.89901
20260210,092200.916197,092200.916197,0.0,806.649 um_pwv,984.737 um_pwv,35.0,2.042 K,1.90097
20260210,092201.876317,092201.876317,0.0,806.678 um_pwv,984.772 um_pwv,35.0,2.057 K,1.90104
20260210,092202.832922,092202.832922,0.0,806.817 um_pwv,984.942 um_pwv,35.0,1.973 K,1.90137
20260210,092203.792892,092203.792892,0.0,811.189 um_pwv,990.279 um_pwv,35.0,2.11 K,1.91170
20260210,092204.754850,092204.754850,0.0,812.231 um_pwv,991.551 um_pwv,35.0,2.111 K,1.91416
20260210,092205.716734,092205.716734,0.0,814.399 um_pwv,994.198 um_pwv,35.0,2.291 K,1.91928
20260210,092206.670052,092206.670052,0.0,817.54 um_pwv,998.033 um_pwv,35.0,2.457 K,1.92671
20260210,092207.630931,092207.630931,0.0,818.723 um_pwv,999.476 um_pwv,35.0,2.44 K,1.92950
20260210,092208.596722,092208.596722,0.0,819.104 um_pwv,999.942 um_pwv,35.0,2.496 K,1.93040
20260210,092209.554123,092209.554123,0.0,819.52 um_pwv,1000.45 um_pwv,35.0,2.613 K,1.93139
20260210,092210.516794,092210.516794,0.0,818.743 um_pwv,999.501 um_pwv,35.0,2.529 K,1.92955
20260210,092211.471479,092211.471479,0.0,818.469 um_pwv,999.166 um_pwv,35.0,2.583 K,1.92890
20260210,092212.432646,092212.432646,0.0,812.24 um_pwv,991.562 um_pwv,35.0,2.303 K,1.91418
20260210,092213.394112,092213.394112,0.0,807.654 um_pwv,985.963 um_pwv,35.0,2.269 K,1.90334
20260210,092214.354502,092214.354502,0.0,803.538 um_pwv,980.939 um_pwv,35.0,2.079 K,1.89362
20260210,092215.313653,092215.313653,0.0,803.666 um_pwv,981.095 um_pwv,35.0,2.103 K,1.89392
20260210,092216.275593,092216.275593,0.0,801.835 um_pwv,978.86 um_pwv,35.0,2.238 K,1.88959
20260210,092217.235834,092217.235834,0.0,801.744 um_pwv,978.749 um_pwv,35.0,2.077 K,1.88938
20260210,092218.196670,092218.196670,0.0,800.727 um_pwv,977.508 um_pwv,35.0,2.126 K,1.88697
20260210,092219.155656,092219.155656,0.0,801.586 um_pwv,978.556 um_pwv,35.0,2.223 K,1.88900
20260210,092220.114196,092220.114196,0.0,803.193 um_pwv,980.518 um_pwv,35.0,2.324 K,1.89280
20260210,092221.075874,092221.075874,0.0,804.023 um_pwv,981.531 um_pwv,35.0,2.296 K,1.89476
20260210,092222.037283,092222.037283,0.0,805.297 um_pwv,983.086 um_pwv,35.0,2.464 K,1.89777
20260210,092222.996723,092222.996723,0.0,807.554 um_pwv,985.842 um_pwv,35.0,2.514 K,1.90311
20260210,092223.956275,092223.956275,0.0,810.249 um_pwv,989.132 um_pwv,35.0,2.565 K,1.90948
20260210,092224.915714,092224.915714,0.0,810.649 um_pwv,989.62 um_pwv,35.0,2.486 K,1.91042
20260210,092225.875837,092225.875837,0.0,809.609 um_pwv,988.351 um_pwv,35.0,2.431 K,1.90796
20260210,092226.832486,092226.832486,0.0,807.901 um_pwv,986.266 um_pwv,35.0,2.351 K,1.90393
20260210,092227.795930,092227.795930,0.0,807.614 um_pwv,985.915 um_pwv,35.0,2.214 K,1.90325
20260210,092228.755210,092228.755210,0.0,807.674 um_pwv,985.988 um_pwv,35.0,2.138 K,1.90339
20260210,092229.712502,092229.712502,0.0,807.264 um_pwv,985.487 um_pwv,35.0,1.944 K,1.90242
20260210,092230.674142,092230.674142,0.0,807.534 um_pwv,985.817 um_pwv,35.0,1.92 K,1.90306
20260210,092231.633368,092231.633368,0.0,806.937 um_pwv,985.088 um_pwv,35.0,1.898 K,1.90165
20260210,092232.596159,092232.596159,0.0,809.181 um_pwv,987.828 um_pwv,35.0,2.143 K,1.90695
20260210,092233.552479,092233.552479,0.0,813.375 um_pwv,992.947 um_pwv,35.0,2.189 K,1.91686
20260210,092234.514531,092234.514531,0.0,813.303 um_pwv,992.859 um_pwv,35.0,2.172 K,1.91669
20260210,092235.474311,092235.474311,0.0,816.541 um_pwv,996.812 um_pwv,35.0,2.229 K,1.92434
20260210,092236.435717,092236.435717,0.0,816.765 um_pwv,997.086 um_pwv,35.0,2.378 K,1.92488
20260210,092237.397061,092237.397061,0.0,817.411 um_pwv,997.874 um_pwv,35.0,2.499 K,1.92640
20260210,092238.357173,092238.357173,0.0,819.277 um_pwv,1000.15 um_pwv,35.0,2.503 K,1.93081
20260210,092239.317661,092239.317661,0.0,818.862 um_pwv,999.646 um_pwv,35.0,2.517 K,1.92983
20260210,092240.277532,092240.277532,0.0,817.278 um_pwv,997.712 um_pwv,35.0,2.42 K,1.92609
20260210,092241.234729,092241.234729,0.0,814.821 um_pwv,994.713 um_pwv,35.0,2.401 K,1.92028
20260210,092242.192992,092242.192992,0.0,812.311 um_pwv,991.649 um_pwv,35.0,2.358 K,1.91435
20260210,092243.154419,092243.154419,0.0,807.264 um_pwv,985.487 um_pwv,35.0,2.225 K,1.90242
20260210,092244.114276,092244.114276,0.0,805.333 um_pwv,983.131 um_pwv,35.0,2.242 K,1.89786
20260210,092245.074741,092245.074741,0.0,802.401 um_pwv,979.55 um_pwv,35.0,1.985 K,1.89093
20260210,092246.035810,092246.035810,0.0,801.479 um_pwv,978.425 um_pwv,35.0,1.985 K,1.88875
20260210,092246.997226,092246.997226,0.0,802.053 um_pwv,979.125 um_pwv,35.0,2.135 K,1.89011
20260210,092247.953238,092247.953238,0.0,801.151 um_pwv,978.025 um_pwv,35.0,2.149 K,1.88797
20260210,092248.914939,092248.914939,0.0,801.371 um_pwv,978.294 um_pwv,35.0,2.233 K,1.88850
20260210,092249.874246,092249.874246,0.0,801.569 um_pwv,978.535 um_pwv,35.0,2.32 K,1.88896
20260210,092250.835842,092250.835842,0.0,803.895 um_pwv,981.375 um_pwv,35.0,2.426 K,1.89446
20260210,092251.792560,092251.792560,0.0,806.052 um_pwv,984.008 um_pwv,35.0,2.421 K,1.89956
20260210,092252.754500,092252.754500,0.0,806.638 um_pwv,984.723 um_pwv,35.0,2.49 K,1.90094
20260210,092253.716514,092253.716514,0.0,809.301 um_pwv,987.974 um_pwv,35.0,2.511 K,1.90724
20260210,092254.676223,092254.676223,0.0,810.329 um_pwv,989.229 um_pwv,35.0,2.493 K,1.90966
20260210,092255.635747,092255.635747,0.0,809.829 um_pwv,988.619 um_pwv,35.0,2.452 K,1.90848
20260210,092256.596478,092256.596478,0.0,808.839 um_pwv,987.41 um_pwv,35.0,2.219 K,1.90614
20260210,092257.556210,092257.556210,0.0,808.172 um_pwv,986.596 um_pwv,35.0,2.177 K,1.90457
20260210,092258.514459,092258.514459,0.0,807.853 um_pwv,986.207 um_pwv,35.0,2.152 K,1.90381
20260210,092259.476292,092259.476292,0.0,807.993 um_pwv,986.377 um_pwv,35.0,2.044 K,1.90414
20260210,092300.436645,092300.436645,0.0,808.164 um_pwv,986.586 um_pwv,35.0,2.059 K,1.90455
20260210,092301.397632,092301.397632,0.0,807.953 um_pwv,986.328 um_pwv,35.0,2.014 K,1.90405
20260210,092302.353775,092302.353775,0.0,809.929 um_pwv,988.741 um_pwv,35.0,2.11 K,1.90872
20260210,092303.313749,092303.313749,0.0,811.939 um_pwv,991.195 um_pwv,35.0,2.114 K,1.91347
20260210,092304.274608,092304.274608,0.0,813.805 um_pwv,993.472 um_pwv,35.0,2.223 K,1.91788
20260210,092305.236248,092305.236248,0.0,816.342 um_pwv,996.57 um_pwv,35.0,2.338 K,1.92387
20260210,092306.195090,092306.195090,0.0,816.935 um_pwv,997.294 um_pwv,35.0,2.401 K,1.92528
20260210,092307.156881,092307.156881,0.0,818.622 um_pwv,999.353 um_pwv,35.0,2.643 K,1.92926
20260210,092308.116571,092308.116571,0.0,818.885 um_pwv,999.674 um_pwv,35.0,2.527 K,1.92988
20260210,092309.076333,092309.076333,0.0,819.511 um_pwv,1000.44 um_pwv,35.0,2.473 K,1.93136
20260210,092310.036241,092310.036241,0.0,817.552 um_pwv,998.047 um_pwv,35.0,2.481 K,1.92673
20260210,092310.996745,092310.996745,0.0,814.669 um_pwv,994.527 um_pwv,35.0,2.365 K,1.91992
20260210,092311.957076,092311.957076,0.0,811.338 um_pwv,990.461 um_pwv,35.0,2.311 K,1.91205
20260210,092312.916565,092312.916565,0.0,807.494 um_pwv,985.769 um_pwv,35.0,2.269 K,1.90297
20260210,092313.874665,092313.874665,0.0,804.979 um_pwv,982.698 um_pwv,35.0,2.161 K,1.89702
20260210,092314.837539,092314.837539,0.0,802.18 um_pwv,979.28 um_pwv,35.0,2.092 K,1.89041
20260210,092315.793433,092315.793433,0.0,801.668 um_pwv,978.656 um_pwv,35.0,2.084 K,1.88920
20260210,092316.757642,092316.757642,0.0,801.004 um_pwv,977.846 um_pwv,35.0,2.092 K,1.88763
20260210,092317.714167,092317.714167,0.0,800.637 um_pwv,977.397 um_pwv,35.0,2.187 K,1.88676
20260210,092318.673901,092318.673901,0.0,800.973 um_pwv,977.807 um_pwv,35.0,2.186 K,1.88755
20260210,092319.633459,092319.633459,0.0,803.272 um_pwv,980.614 um_pwv,35.0,2.381 K,1.89299
20260210,092320.596440,092320.596440,0.0,804.769 um_pwv,982.441 um_pwv,35.0,2.512 K,1.89652
20260210,092321.556246,092321.556246,0.0,806.2 um_pwv,984.189 um_pwv,35.0,2.483 K,1.89991
20260210,092322.513425,092322.513425,0.0,807.822 um_pwv,986.168 um_pwv,35.0,2.458 K,1.90374
20260210,092323.475820,092323.475820,0.0,809.441 um_pwv,988.145 um_pwv,35.0,2.469 K,1.90757
20260210,092324.444005,092324.444005,0.0,810.189 um_pwv,989.058 um_pwv,35.0,2.488 K,1.90933
20260210,092325.393625,092325.393625,0.0,809.849 um_pwv,988.643 um_pwv,35.0,2.392 K,1.90853
20260210,092326.358013,092326.358013,0.0,808.463 um_pwv,986.951 um_pwv,35.0,2.203 K,1.90525
20260210,092327.313489,092327.313489,0.0,809.789 um_pwv,988.57 um_pwv,35.0,2.166 K,1.90839
20260210,092328.273350,092328.273350,0.0,807.694 um_pwv,986.012 um_pwv,35.0,2.09 K,1.90344
20260210,092329.238134,092329.238134,0.0,806.678 um_pwv,984.772 um_pwv,35.0,2 K,1.90104
20260210,092330.192109,092330.192109,0.0,807.802 um_pwv,986.144 um_pwv,35.0,1.954 K,1.90369
20260210,092331.154893,092331.154893,0.0,809.25 um_pwv,987.912 um_pwv,35.0,1.948 K,1.90711
20260210,092332.118553,092332.118553,0.0,810.829 um_pwv,989.84 um_pwv,35.0,2.044 K,1.91085
20260210,092333.073578,092333.073578,0.0,812.824 um_pwv,992.275 um_pwv,35.0,2.157 K,1.91556
20260210,092334.033596,092334.033596,0.0,813.707 um_pwv,993.353 um_pwv,35.0,2.125 K,1.91765
20260210,092334.995363,092334.995363,0.0,817.29 um_pwv,997.726 um_pwv,35.0,2.267 K,1.92611
20260210,092335.956655,092335.956655,0.0,819.682 um_pwv,1000.65 um_pwv,35.0,2.445 K,1.93177
20260210,092336.918051,092336.918051,0.0,819.592 um_pwv,1000.54 um_pwv,35.0,2.488 K,1.93156
20260210,092337.876411,092337.876411,0.0,821.201 um_pwv,1002.5 um_pwv,35.0,2.552 K,1.93536
20260210,092338.837498,092338.837498,0.0,818.934 um_pwv,999.734 um_pwv,35.0,2.546 K,1.93000
20260210,092339.793098,092339.793098,0.0,816.702 um_pwv,997.009 um_pwv,35.0,2.407 K,1.92473
20260210,092340.751746,092340.751746,0.0,816.08 um_pwv,996.25 um_pwv,35.0,2.334 K,1.92326
20260210,092341.712361,092341.712361,0.0,813.045 um_pwv,992.544 um_pwv,35.0,2.351 K,1.91608
20260210,092342.674585,092342.674585,0.0,807.147 um_pwv,985.345 um_pwv,35.0,2.205 K,1.90215
20260210,092343.635093,092343.635093,0.0,806.379 um_pwv,984.407 um_pwv,35.0,2.284 K,1.90033
20260210,092344.593769,092344.593769,0.0,803.669 um_pwv,981.098 um_pwv,35.0,2.07 K,1.89393
20260210,092345.555087,092345.555087,0.0,800.49 um_pwv,977.218 um_pwv,35.0,2.113 K,1.88641
20260210,092346.515788,092346.515788,0.0,797.71 um_pwv,973.824 um_pwv,35.0,2.095 K,1.87984
20260210,092347.478247,092347.478247,0.0,801.312 um_pwv,978.222 um_pwv,35.0,2.154 K,1.88836
20260210,092348.438318,092348.438318,0.0,801.648 um_pwv,978.632 um_pwv,35.0,2.198 K,1.88915
20260210,092349.393722,092349.393722,0.0,803.966 um_pwv,981.462 um_pwv,35.0,2.417 K,1.89463
20260210,092350.355179,092350.355179,0.0,805.941 um_pwv,983.873 um_pwv,35.0,2.433 K,1.89930
20260210,092351.316334,092351.316334,0.0,808.372 um_pwv,986.84 um_pwv,35.0,2.611 K,1.90504
20260210,092352.275833,092352.275833,0.0,809.33 um_pwv,988.009 um_pwv,35.0,2.608 K,1.90730
20260210,092353.236756,092353.236756,0.0,808.942 um_pwv,987.536 um_pwv,35.0,2.503 K,1.90639
20260210,092354.197985,092354.197985,0.0,810.729 um_pwv,989.718 um_pwv,35.0,2.569 K,1.91061
20260210,092355.153761,092355.153761,0.0,809.07 um_pwv,987.692 um_pwv,35.0,2.415 K,1.90669
20260210,092356.117503,092356.117503,0.0,811.221 um_pwv,990.318 um_pwv,35.0,2.291 K,1.91177
20260210,092357.075527,092357.075527,0.0,810.929 um_pwv,989.962 um_pwv,35.0,2.234 K,1.91108
20260210,092358.037192,092358.037192,0.0,808.272 um_pwv,986.718 um_pwv,35.0,2.046 K,1.90480
20260210,092358.993742,092358.993742,0.0,808.523 um_pwv,987.024 um_pwv,35.0,1.995 K,1.90540
20260210,092359.957348,092359.957348,0.0,810.389 um_pwv,989.302 um_pwv,35.0,2.102 K,1.90981
20260210,092400.917964,092400.917964,0.0,811.178 um_pwv,990.265 um_pwv,35.0,2.077 K,1.91167
20260210,092401.872288,092401.872288,0.0,811.65 um_pwv,990.842 um_pwv,35.0,2.132 K,1.91279
20260210,092402.835442,092402.835442,0.0,813.243 um_pwv,992.786 um_pwv,35.0,2.061 K,1.91655
20260210,092403.797839,092403.797839,0.0,814.982 um_pwv,994.909 um_pwv,35.0,2.298 K,1.92066
20260210,092404.753536,092404.753536,0.0,816.4 um_pwv,996.64 um_pwv,35.0,2.301 K,1.92401
20260210,092405.716582,092405.716582,0.0,820.318 um_pwv,1001.42 um_pwv,35.0,2.484 K,1.93327
20260210,092406.676961,092406.676961,0.0,821.354 um_pwv,1002.69 um_pwv,35.0,2.513 K,1.93572
20260210,092407.637010,092407.637010,0.0,819.772 um_pwv,1000.76 um_pwv,35.0,2.488 K,1.93198
20260210,092408.596624,092408.596624,0.0,819.136 um_pwv,999.98 um_pwv,35.0,2.489 K,1.93048
20260210,092409.555755,092409.555755,0.0,817.177 um_pwv,997.589 um_pwv,35.0,2.485 K,1.92585
20260210,092410.516976,092410.516976,0.0,814.721 um_pwv,994.59 um_pwv,35.0,2.391 K,1.92004
20260210,092411.472882,092411.472882,0.0,810.918 um_pwv,989.948 um_pwv,35.0,2.291 K,1.91106
20260210,092412.435553,092412.435553,0.0,805.285 um_pwv,983.072 um_pwv,35.0,2.093 K,1.89775
20260210,092413.397239,092413.397239,0.0,804.61 um_pwv,982.247 um_pwv,35.0,2.098 K,1.89615
20260210,092414.355000,092414.355000,0.0,801.795 um_pwv,978.811 um_pwv,35.0,2.042 K,1.88950
20260210,092415.316456,092415.316456,0.0,801.823 um_pwv,978.846 um_pwv,35.0,2.095 K,1.88956
20260210,092416.278068,092416.278068,0.0,800.174 um_pwv,976.833 um_pwv,35.0,2.131 K,1.88567
20260210,092417.234127,092417.234127,0.0,800.668 um_pwv,977.435 um_pwv,35.0,2.18 K,1.88683
20260210,092418.198867,092418.198867,0.0,803.3 um_pwv,980.649 um_pwv,35.0,2.321 K,1.89305
20260210,092419.157027,092419.157027,0.0,804.145 um_pwv,981.68 um_pwv,35.0,2.396 K,1.89505
20260210,092420.116364,092420.116364,0.0,805.504 um_pwv,983.339 um_pwv,35.0,2.379 K,1.89826
20260210,092421.076458,092421.076458,0.0,807.395 um_pwv,985.647 um_pwv,35.0,2.513 K,1.90273
20260210,092422.036859,092422.036859,0.0,809.41 um_pwv,988.107 um_pwv,35.0,2.589 K,1.90749
20260210,092422.993954,092422.993954,0.0,808.811 um_pwv,987.375 um_pwv,35.0,2.489 K,1.90608
20260210,092423.955589,092423.955589,0.0,809.03 um_pwv,987.644 um_pwv,35.0,2.377 K,1.90660
20260210,092424.913622,092424.913622,0.0,811.55 um_pwv,990.719 um_pwv,35.0,2.406 K,1.91255
20260210,092425.876798,092425.876798,0.0,809.629 um_pwv,988.375 um_pwv,35.0,2.28 K,1.90801
20260210,092426.838300,092426.838300,0.0,810.049 um_pwv,988.887 um_pwv,35.0,2.075 K,1.90900
20260210,092427.794159,092427.794159,0.0,808.212 um_pwv,986.645 um_pwv,35.0,1.99 K,1.90466
20260210,092428.757554,092428.757554,0.0,808.603 um_pwv,987.121 um_pwv,35.0,1.984 K,1.90558
20260210,092429.717662,092429.717662,0.0,809.541 um_pwv,988.267 um_pwv,35.0,2.062 K,1.90780
20260210,092430.673886,092430.673886,0.0,810.269 um_pwv,989.156 um_pwv,35.0,2.134 K,1.90952
20260210,092431.635794,092431.635794,0.0,812.864 um_pwv,992.324 um_pwv,35.0,2.099 K,1.91566
20260210,092432.598538,092432.598538,0.0,815.284 um_pwv,995.278 um_pwv,35.0,2.277 K,1.92137
20260210,092433.554542,092433.554542,0.0,816.262 um_pwv,996.471 um_pwv,35.0,2.282 K,1.92368
20260210,092434.517542,092434.517542,0.0,818.481 um_pwv,999.18 um_pwv,35.0,2.46 K,1.92893
20260210,092435.477249,092435.477249,0.0,820.289 um_pwv,1001.39 um_pwv,35.0,2.445 K,1.93320
20260210,092436.437840,092436.437840,0.0,820.33 um_pwv,1001.44 um_pwv,35.0,2.473 K,1.93330
20260210,092437.397669,092437.397669,0.0,822.023 um_pwv,1003.51 um_pwv,35.0,2.511 K,1.93730
20260210,092438.358110,092438.358110,0.0,821.412 um_pwv,1002.76 um_pwv,35.0,2.565 K,1.93586
20260210,092439.317830,092439.317830,0.0,817.794 um_pwv,998.342 um_pwv,35.0,2.429 K,1.92731
20260210,092440.274376,092440.274376,0.0,813.977 um_pwv,993.682 um_pwv,35.0,2.332 K,1.91829
20260210,092441.237523,092441.237523,0.0,810.089 um_pwv,988.936 um_pwv,35.0,2.24 K,1.90910
20260210,092442.197612,092442.197612,0.0,806.319 um_pwv,984.334 um_pwv,35.0,2.191 K,1.90019
20260210,092443.158604,092443.158604,0.0,804.482 um_pwv,982.092 um_pwv,35.0,2.092 K,1.89585
20260210,092444.114395,092444.114395,0.0,802.16 um_pwv,979.256 um_pwv,35.0,2.069 K,1.89036
20260210,092445.077136,092445.077136,0.0,800.874 um_pwv,977.687 um_pwv,35.0,2.048 K,1.88732
20260210,092446.039235,092446.039235,0.0,801.973 um_pwv,979.029 um_pwv,35.0,2.128 K,1.88992
20260210,092446.995772,092446.995772,0.0,800.589 um_pwv,977.339 um_pwv,35.0,2.162 K,1.88665
20260210,092447.955125,092447.955125,0.0,802.239 um_pwv,979.353 um_pwv,35.0,2.334 K,1.89055
20260210,092448.916114,092448.916114,0.0,805.345 um_pwv,983.145 um_pwv,35.0,2.474 K,1.89789
20260210,092449.879157,092449.879157,0.0,807.195 um_pwv,985.404 um_pwv,35.0,2.46 K,1.90226
20260210,092450.834060,092450.834060,0.0,807.785 um_pwv,986.123 um_pwv,35.0,2.491 K,1.90365
20260210,092451.794182,092451.794182,0.0,809.35 um_pwv,988.034 um_pwv,35.0,2.535 K,1.90735
20260210,092452.757169,092452.757169,0.0,809.521 um_pwv,988.243 um_pwv,35.0,2.432 K,1.90776
20260210,092453.718264,092453.718264,0.0,810.558 um_pwv,989.508 um_pwv,35.0,2.368 K,1.91020
20260210,092454.679767,092454.679767,0.0,809.969 um_pwv,988.79 um_pwv,35.0,2.317 K,1.90881
20260210,092455.635108,092455.635108,0.0,810.269 um_pwv,989.156 um_pwv,35.0,2.151 K,1.90952
20260210,092456.599530,092456.599530,0.0,807.964 um_pwv,986.342 um_pwv,35.0,2.012 K,1.90408
20260210,092457.559560,092457.559560,0.0,807.375 um_pwv,985.623 um_pwv,35.0,2.035 K,1.90268
20260210,092458.517401,092458.517401,0.0,807.634 um_pwv,985.939 um_pwv,35.0,1.964 K,1.90330
20260210,092459.477328,092459.477328,0.0,808.483 um_pwv,986.975 um_pwv,35.0,1.95 K,1.90530
20260210,092500.436473,092500.436473,0.0,809.11 um_pwv,987.741 um_pwv,35.0,1.925 K,1.90678
20260210,092501.396874,092501.396874,0.0,812.572 um_pwv,991.967 um_pwv,35.0,1.988 K,1.91497
20260210,092502.358207,092502.358207,0.0,813.022 um_pwv,992.516 um_pwv,35.0,2.042 K,1.91603
20260210,092503.318013,092503.318013,0.0,816.492 um_pwv,996.753 um_pwv,35.0,2.247 K,1.92423
20260210,092504.276314,092504.276314,0.0,817.794 um_pwv,998.342 um_pwv,35.0,2.207 K,1.92731
20260210,092505.236209,092505.236209,0.0,821.322 um_pwv,1002.65 um_pwv,35.0,2.399 K,1.93564
20260210,092506.196779,092506.196779,0.0,822.386 um_pwv,1003.95 um_pwv,35.0,2.504 K,1.93816
20260210,092507.159208,092507.159208,0.0,823.291 um_pwv,1005.05 um_pwv,35.0,2.555 K,1.94030
20260210,092508.116431,092508.116431,0.0,821.111 um_pwv,1002.39 um_pwv,35.0,2.561 K,1.93514
20260210,092509.076043,092509.076043,0.0,817.5 um_pwv,997.983 um_pwv,35.0,2.462 K,1.92661
20260210,092510.037776,092510.037776,0.0,814.448 um_pwv,994.257 um_pwv,35.0,2.401 K,1.91940
20260210,092510.995163,092510.995163,0.0,809.401 um_pwv,988.096 um_pwv,35.0,2.288 K,1.90747
20260210,092511.956874,092511.956874,0.0,806.072 um_pwv,984.033 um_pwv,35.0,2.209 K,1.89960
20260210,092512.915799,092512.915799,0.0,803.915 um_pwv,981.399 um_pwv,35.0,2.094 K,1.89451
20260210,092513.877851,092513.877851,0.0,802.29 um_pwv,979.415 um_pwv,35.0,2.11 K,1.89067
20260210,092514.833326,092514.833326,0.0,801.202 um_pwv,978.087 um_pwv,35.0,2.043 K,1.88810
20260210,092515.796336,092515.796336,0.0,800.55 um_pwv,977.291 um_pwv,35.0,2.195 K,1.88655
20260210,092516.758277,092516.758277,0.0,800.778 um_pwv,977.57 um_pwv,35.0,2.23 K,1.88709
20260210,092517.717468,092517.717468,0.0,803.796 um_pwv,981.254 um_pwv,35.0,2.394 K,1.89423
20260210,092518.674382,092518.674382,0.0,803.352 um_pwv,980.711 um_pwv,35.0,2.366 K,1.89318
20260210,092519.638211,092519.638211,0.0,807.076 um_pwv,985.258 um_pwv,35.0,2.47 K,1.90198
20260210,092520.598411,092520.598411,0.0,808.779 um_pwv,987.337 um_pwv,35.0,2.453 K,1.90600
20260210,092521.558471,092521.558471,0.0,808.819 um_pwv,987.386 um_pwv,35.0,2.429 K,1.90610
20260210,092522.514501,092522.514501,0.0,810.289 um_pwv,989.18 um_pwv,35.0,2.504 K,1.90957
20260210,092523.476965,092523.476965,0.0,808.959 um_pwv,987.556 um_pwv,35.0,2.274 K,1.90643
20260210,092524.438510,092524.438510,0.0,810.689 um_pwv,989.669 um_pwv,35.0,2.26 K,1.91052
20260210,092525.398175,092525.398175,0.0,810.581 um_pwv,989.536 um_pwv,35.0,2.154 K,1.91026
20260210,092526.358634,092526.358634,0.0,807.825 um_pwv,986.172 um_pwv,35.0,2.069 K,1.90375
20260210,092527.318217,092527.318217,0.0,807.714 um_pwv,986.036 um_pwv,35.0,2.021 K,1.90348
20260210,092528.277138,092528.277138,0.0,808.511 um_pwv,987.01 um_pwv,35.0,2.039 K,1.90537
20260210,092529.236495,092529.236495,0.0,810.749 um_pwv,989.742 um_pwv,35.0,2.069 K,1.91066
20260210,092530.197845,092530.197845,0.0,813.314 um_pwv,992.873 um_pwv,35.0,2.135 K,1.91672
20260210,092531.159268,092531.159268,0.0,813.234 um_pwv,992.775 um_pwv,35.0,2.039 K,1.91653
20260210,092532.119783,092532.119783,0.0,814.138 um_pwv,993.879 um_pwv,35.0,2.102 K,1.91867
20260210,092533.079358,092533.079358,0.0,818.639 um_pwv,999.374 um_pwv,35.0,2.275 K,1.92930
20260210,092534.039581,092534.039581,0.0,821.453 um_pwv,1002.81 um_pwv,35.0,2.449 K,1.93595
20260210,092534.999454,092534.999454,0.0,822.203 um_pwv,1003.72 um_pwv,35.0,2.556 K,1.93773
20260210,092535.957270,092535.957270,0.0,821.76 um_pwv,1003.18 um_pwv,35.0,2.507 K,1.93668
20260210,092536.919751,092536.919751,0.0,822.052 um_pwv,1003.54 um_pwv,35.0,2.496 K,1.93737
20260210,092537.879132,092537.879132,0.0,820.876 um_pwv,1002.11 um_pwv,35.0,2.447 K,1.93459
20260210,092538.839797,092538.839797,0.0,816.693 um_pwv,996.999 um_pwv,35.0,2.463 K,1.92470
20260210,092539.797423,092539.797423,0.0,812.732 um_pwv,992.163 um_pwv,35.0,2.244 K,1.91534
20260210,092540.757827,092540.757827,0.0,808.879 um_pwv,987.459 um_pwv,35.0,2.276 K,1.90624
20260210,092541.719847,092541.719847,0.0,806.399 um_pwv,984.431 um_pwv,35.0,2.254 K,1.90038
20260210,092542.679056,092542.679056,0.0,803.467 um_pwv,980.853 um_pwv,35.0,2.039 K,1.89345
20260210,092543.635161,092543.635161,0.0,801.993 um_pwv,979.053 um_pwv,35.0,2.036 K,1.88997
20260210,092544.598224,092544.598224,0.0,801.36 um_pwv,978.28 um_pwv,35.0,2.076 K,1.88847
20260210,092545.558499,092545.558499,0.0,801.934 um_pwv,978.98 um_pwv,35.0,2.206 K,1.88982
20260210,092546.518829,092546.518829,0.0,800.925 um_pwv,977.749 um_pwv,35.0,2.281 K,1.88744
20260210,092547.480209,092547.480209,0.0,803.479 um_pwv,980.867 um_pwv,35.0,2.301 K,1.89348
20260210,092548.435825,092548.435825,0.0,805.345 um_pwv,983.145 um_pwv,35.0,2.546 K,1.89789
20260210,092549.398306,092549.398306,0.0,807.454 um_pwv,985.72 um_pwv,35.0,2.502 K,1.90287
20260210,092550.358483,092550.358483,0.0,808.033 um_pwv,986.426 um_pwv,35.0,2.535 K,1.90424
20260210,092551.316819,092551.316819,0.0,810.289 um_pwv,989.18 um_pwv,35.0,2.569 K,1.90957
20260210,092552.278410,092552.278410,0.0,810.389 um_pwv,989.302 um_pwv,35.0,2.629 K,1.90981
20260210,092553.236068,092553.236068,0.0,810.729 um_pwv,989.718 um_pwv,35.0,2.445 K,1.91061
20260210,092554.198359,092554.198359,0.0,811.441 um_pwv,990.587 um_pwv,35.0,2.325 K,1.91229
20260210,092555.158423,092555.158423,0.0,809.541 um_pwv,988.267 um_pwv,35.0,2.197 K,1.90780
20260210,092556.118327,092556.118327,0.0,808.013 um_pwv,986.401 um_pwv,35.0,2.068 K,1.90419
20260210,092557.079528,092557.079528,0.0,806.905 um_pwv,985.049 um_pwv,35.0,1.99 K,1.90157
20260210,092558.037749,092558.037749,0.0,809.929 um_pwv,988.741 um_pwv,35.0,2.008 K,1.90872
20260210,092558.999041,092558.999041,0.0,811.018 um_pwv,990.07 um_pwv,35.0,1.975 K,1.91129
20260210,092559.960213,092559.960213,0.0,813.925 um_pwv,993.619 um_pwv,35.0,2.098 K,1.91816
20260210,092600.915693,092600.915693,0.0,814.609 um_pwv,994.453 um_pwv,35.0,2.198 K,1.91978
20260210,092601.877359,092601.877359,0.0,815.827 um_pwv,995.941 um_pwv,35.0,2.147 K,1.92266
20260210,092602.838254,092602.838254,0.0,820.836 um_pwv,1002.06 um_pwv,35.0,2.389 K,1.93449
20260210,092603.797173,092603.797173,0.0,822.113 um_pwv,1003.61 um_pwv,35.0,2.465 K,1.93751
20260210,092604.758294,092604.758294,0.0,820.35 um_pwv,1001.46 um_pwv,35.0,2.45 K,1.93335
20260210,092605.717215,092605.717215,0.0,823.079 um_pwv,1004.79 um_pwv,35.0,2.617 K,1.93979
20260210,092606.678245,092606.678245,0.0,822.487 um_pwv,1004.07 um_pwv,35.0,2.551 K,1.93840
20260210,092607.635779,092607.635779,0.0,820.897 um_pwv,1002.13 um_pwv,35.0,2.471 K,1.93464
20260210,092608.599956,092608.599956,0.0,816.262 um_pwv,996.471 um_pwv,35.0,2.468 K,1.92368
20260210,092609.559960,092609.559960,0.0,811.189 um_pwv,990.279 um_pwv,35.0,2.307 K,1.91170
20260210,092610.515152,092610.515152,0.0,806.192 um_pwv,984.178 um_pwv,35.0,2.214 K,1.89989
20260210,092611.476270,092611.476270,0.0,805.385 um_pwv,983.193 um_pwv,35.0,2.098 K,1.89798
20260210,092612.438137,092612.438137,0.0,803.32 um_pwv,980.673 um_pwv,35.0,2.12 K,1.89310
20260210,092613.399008,092613.399008,0.0,800.561 um_pwv,977.305 um_pwv,35.0,1.981 K,1.88658
20260210,092614.359743,092614.359743,0.0,801.151 um_pwv,978.025 um_pwv,35.0,2.104 K,1.88797
20260210,092615.316069,092615.316069,0.0,801.222 um_pwv,978.111 um_pwv,35.0,2.274 K,1.88814
20260210,092616.279680,092616.279680,0.0,801.767 um_pwv,978.777 um_pwv,35.0,2.249 K,1.88943
20260210,092617.239396,092617.239396,0.0,801.973 um_pwv,979.029 um_pwv,35.0,2.297 K,1.88992
20260210,092618.200916,092618.200916,0.0,805.356 um_pwv,983.159 um_pwv,35.0,2.38 K,1.89791
20260210,092619.157776,092619.157776,0.0,806.2 um_pwv,984.189 um_pwv,35.0,2.503 K,1.89991
20260210,092620.115257,092620.115257,0.0,807.204 um_pwv,985.414 um_pwv,35.0,2.506 K,1.90228
20260210,092621.076277,092621.076277,0.0,808.132 um_pwv,986.547 um_pwv,35.0,2.508 K,1.90447
20260210,092622.039025,092622.039025,0.0,808.802 um_pwv,987.365 um_pwv,35.0,2.354 K,1.90606
20260210,092623.000492,092623.000492,0.0,810.549 um_pwv,989.498 um_pwv,35.0,2.342 K,1.91018
20260210,092623.957656,092623.957656,0.0,809.11 um_pwv,987.741 um_pwv,35.0,2.141 K,1.90678
20260210,092624.918741,092624.918741,0.0,809.481 um_pwv,988.194 um_pwv,35.0,2.149 K,1.90766
20260210,092625.879425,092625.879425,0.0,808.041 um_pwv,986.436 um_pwv,35.0,2.109 K,1.90426
20260210,092626.839779,092626.839779,0.0,810.538 um_pwv,989.484 um_pwv,35.0,2.176 K,1.91016
20260210,092627.796069,092627.796069,0.0,809.07 um_pwv,987.692 um_pwv,35.0,1.999 K,1.90669
20260210,092628.759191,092628.759191,0.0,810.449 um_pwv,989.376 um_pwv,35.0,1.966 K,1.90995
20260210,092629.720123,092629.720123,0.0,813.274 um_pwv,992.824 um_pwv,35.0,2.048 K,1.91662
20260210,092630.676503,092630.676503,0.0,814.741 um_pwv,994.615 um_pwv,35.0,2.201 K,1.92009
20260210,092631.638724,092631.638724,0.0,817.731 um_pwv,998.265 um_pwv,35.0,2.211 K,1.92716
20260210,092632.600205,092632.600205,0.0,820.359 um_pwv,1001.47 um_pwv,35.0,2.348 K,1.93337
20260210,092633.557275,092633.557275,0.0,821.039 um_pwv,1002.3 um_pwv,35.0,2.385 K,1.93497
20260210,092634.517171,092634.517171,0.0,821.334 um_pwv,1002.66 um_pwv,35.0,2.52 K,1.93567
20260210,092635.478823,092635.478823,0.0,823.16 um_pwv,1004.89 um_pwv,35.0,2.568 K,1.93999
20260210,092636.440246,092636.440246,0.0,821.331 um_pwv,1002.66 um_pwv,35.0,2.513 K,1.93566
20260210,092637.397753,092637.397753,0.0,819.815 um_pwv,1000.81 um_pwv,35.0,2.478 K,1.93208
20260210,092638.357759,092638.357759,0.0,815.767 um_pwv,995.867 um_pwv,35.0,2.402 K,1.92252
20260210,092639.319074,092639.319074,0.0,812.42 um_pwv,991.782 um_pwv,35.0,2.352 K,1.91461
20260210,092640.274029,092640.274029,0.0,808.979 um_pwv,987.581 um_pwv,35.0,2.295 K,1.90647
20260210,092641.239852,092641.239852,0.0,804.185 um_pwv,981.728 um_pwv,35.0,2.149 K,1.89514
20260210,092642.197267,092642.197267,0.0,802.686 um_pwv,979.899 um_pwv,35.0,2.171 K,1.89160
20260210,092643.155846,092643.155846,0.0,802.282 um_pwv,979.405 um_pwv,35.0,2.081 K,1.89065
20260210,092644.118986,092644.118986,0.0,803.182 um_pwv,980.504 um_pwv,35.0,2.172 K,1.89277
20260210,092645.076518,092645.076518,0.0,801.171 um_pwv,978.049 um_pwv,35.0,2.267 K,1.88802
20260210,092646.040309,092646.040309,0.0,800.787 um_pwv,977.58 um_pwv,35.0,2.247 K,1.88711
20260210,092646.999448,092646.999448,0.0,804.908 um_pwv,982.611 um_pwv,35.0,2.496 K,1.89685
20260210,092647.957351,092647.957351,0.0,805.771 um_pwv,983.665 um_pwv,35.0,2.425 K,1.89889
20260210,092648.915740,092648.915740,0.0,808.623 um_pwv,987.146 um_pwv,35.0,2.559 K,1.90563
20260210,092649.878816,092649.878816,0.0,809.15 um_pwv,987.79 um_pwv,35.0,2.537 K,1.90688
20260210,092650.838994,092650.838994,0.0,809.761 um_pwv,988.535 um_pwv,35.0,2.515 K,1.90832
20260210,092651.800828,092651.800828,0.0,810.049 um_pwv,988.887 um_pwv,35.0,2.459 K,1.90900
20260210,092652.760533,092652.760533,0.0,810.458 um_pwv,989.386 um_pwv,35.0,2.381 K,1.90997
20260210,092653.716602,092653.716602,0.0,810.441 um_pwv,989.365 um_pwv,35.0,2.228 K,1.90993
20260210,092654.676514,092654.676514,0.0,808.831 um_pwv,987.4 um_pwv,35.0,2.095 K,1.90612
20260210,092655.636138,092655.636138,0.0,807.753 um_pwv,986.085 um_pwv,35.0,2.07 K,1.90358
20260210,092656.598477,092656.598477,0.0,809.758 um_pwv,988.532 um_pwv,35.0,2.122 K,1.90831
20260210,092657.559644,092657.559644,0.0,809.301 um_pwv,987.974 um_pwv,35.0,2.006 K,1.90724
20260210,092658.519354,092658.519354,0.0,811.381 um_pwv,990.513 um_pwv,35.0,1.956 K,1.91215
20260210,092659.478939,092659.478939,0.0,812.904 um_pwv,992.373 um_pwv,35.0,2.02 K,1.91575
20260210,092700.439248,092700.439248,0.0,815.839 um_pwv,995.955 um_pwv,35.0,2.129 K,1.92269
20260210,092701.396155,092701.396155,0.0,817.944 um_pwv,998.525 um_pwv,35.0,2.287 K,1.92766
20260210,092702.359663,092702.359663,0.0,819.205 um_pwv,1000.07 um_pwv,35.0,2.409 K,1.93064
20260210,092703.317588,092703.317588,0.0,821.667 um_pwv,1003.07 um_pwv,35.0,2.479 K,1.93646
20260210,092704.275062,092704.275062,0.0,823.311 um_pwv,1005.08 um_pwv,35.0,2.533 K,1.94034
20260210,092705.238027,092705.238027,0.0,822.6 um_pwv,1004.21 um_pwv,35.0,2.597 K,1.93866
20260210,092706.197436,092706.197436,0.0,821.009 um_pwv,1002.27 um_pwv,35.0,2.498 K,1.93490
20260210,092707.158088,092707.158088,0.0,818.792 um_pwv,999.561 um_pwv,35.0,2.507 K,1.92967
20260210,092708.115894,092708.115894,0.0,815.172 um_pwv,995.141 um_pwv,35.0,2.467 K,1.92111
20260210,092709.079854,092709.079854,0.0,810.081 um_pwv,988.926 um_pwv,35.0,2.238 K,1.90908
20260210,092710.040013,092710.040013,0.0,807.622 um_pwv,985.925 um_pwv,35.0,2.238 K,1.90327
20260210,092710.999387,092710.999387,0.0,802.726 um_pwv,979.947 um_pwv,35.0,2.112 K,1.89170
20260210,092711.959365,092711.959365,0.0,803.17 um_pwv,980.49 um_pwv,35.0,2.101 K,1.89275
20260210,092712.919244,092712.919244,0.0,802.754 um_pwv,979.982 um_pwv,35.0,2.089 K,1.89176
20260210,092713.880894,092713.880894,0.0,799.926 um_pwv,976.529 um_pwv,35.0,2.071 K,1.88508
20260210,092714.838243,092714.838243,0.0,799.168 um_pwv,975.604 um_pwv,35.0,2.149 K,1.88329
20260210,092715.800922,092715.800922,0.0,802.567 um_pwv,979.754 um_pwv,35.0,2.347 K,1.89132
20260210,092716.756421,092716.756421,0.0,804.023 um_pwv,981.531 um_pwv,35.0,2.372 K,1.89476
20260210,092717.717626,092717.717626,0.0,805.734 um_pwv,983.62 um_pwv,35.0,2.504 K,1.89881
20260210,092718.678044,092718.678044,0.0,806.777 um_pwv,984.893 um_pwv,35.0,2.473 K,1.90127
20260210,092719.640853,092719.640853,0.0,810.149 um_pwv,989.009 um_pwv,35.0,2.581 K,1.90924
20260210,092720.596192,092720.596192,0.0,809.749 um_pwv,988.521 um_pwv,35.0,2.469 K,1.90829
20260210,092721.559302,092721.559302,0.0,811.839 um_pwv,991.072 um_pwv,35.0,2.527 K,1.91323
20260210,092722.521007,092722.521007,0.0,811.209 um_pwv,990.304 um_pwv,35.0,2.331 K,1.91175
20260210,092723.480644,092723.480644,0.0,811.33 um_pwv,990.451 um_pwv,35.0,2.22 K,1.91203
20260210,092724.442292,092724.442292,0.0,809.621 um_pwv,988.365 um_pwv,35.0,2.166 K,1.90799
20260210,092725.398881,092725.398881,0.0,811.39 um_pwv,990.524 um_pwv,35.0,2.092 K,1.91217
20260210,092726.359818,092726.359818,0.0,812.022 um_pwv,991.296 um_pwv,35.0,1.985 K,1.91367
20260210,092727.320921,092727.320921,0.0,810.918 um_pwv,989.948 um_pwv,35.0,1.879 K,1.91106
20260210,092728.281470,092728.281470,0.0,813.094 um_pwv,992.604 um_pwv,35.0,2.016 K,1.91620
20260210,092729.235145,092729.235145,0.0,814.64 um_pwv,994.492 um_pwv,35.0,2.123 K,1.91985
20260210,092730.198377,092730.198377,0.0,816.886 um_pwv,997.234 um_pwv,35.0,2.271 K,1.92516
20260210,092731.159990,092731.159990,0.0,819.156 um_pwv,1000.01 um_pwv,35.0,2.224 K,1.93052
20260210,092732.120111,092732.120111,0.0,819.763 um_pwv,1000.75 um_pwv,35.0,2.427 K,1.93196
20260210,092733.080873,092733.080873,0.0,823.038 um_pwv,1004.74 um_pwv,35.0,2.524 K,1.93970
20260210,092734.040682,092734.040682,0.0,822.487 um_pwv,1004.07 um_pwv,35.0,2.466 K,1.93840
20260210,092734.996657,092734.996657,0.0,821.476 um_pwv,1002.84 um_pwv,35.0,2.56 K,1.93601
20260210,092735.956796,092735.956796,0.0,821.98 um_pwv,1003.45 um_pwv,35.0,2.539 K,1.93720
20260210,092736.918233,092736.918233,0.0,817.754 um_pwv,998.293 um_pwv,35.0,2.467 K,1.92721
20260210,092737.881182,092737.881182,0.0,815.384 um_pwv,995.401 um_pwv,35.0,2.438 K,1.92161
20260210,092738.838461,092738.838461,0.0,808.851 um_pwv,987.424 um_pwv,35.0,2.21 K,1.90617
20260210,092739.796931,092739.796931,0.0,808.252 um_pwv,986.693 um_pwv,35.0,2.239 K,1.90476
20260210,092740.757963,092740.757963,0.0,807.005 um_pwv,985.171 um_pwv,35.0,2.279 K,1.90181
20260210,092741.717026,092741.717026,0.0,805.098 um_pwv,982.843 um_pwv,35.0,2.2 K,1.89730
20260210,092742.677421,092742.677421,0.0,803.043 um_pwv,980.334 um_pwv,35.0,2.135 K,1.89245
20260210,092743.640124,092743.640124,0.0,801.546 um_pwv,978.507 um_pwv,35.0,2.189 K,1.88891
20260210,092744.599848,092744.599848,0.0,802.726 um_pwv,979.947 um_pwv,35.0,2.226 K,1.89170
20260210,092745.561116,092745.561116,0.0,803.717 um_pwv,981.157 um_pwv,35.0,2.433 K,1.89404
20260210,092746.515824,092746.515824,0.0,805.535 um_pwv,983.377 um_pwv,35.0,2.536 K,1.89834
20260210,092747.478655,092747.478655,0.0,807.136 um_pwv,985.331 um_pwv,35.0,2.448 K,1.90212
20260210,092748.441124,092748.441124,0.0,809.521 um_pwv,988.243 um_pwv,35.0,2.753 K,1.90776
20260210,092749.396988,092749.396988,0.0,807.933 um_pwv,986.304 um_pwv,35.0,2.485 K,1.90400
20260210,092750.357289,092750.357289,0.0,810.081 um_pwv,988.926 um_pwv,35.0,2.466 K,1.90908
20260210,092751.320754,092751.320754,0.0,811.23 um_pwv,990.328 um_pwv,35.0,2.439 K,1.91179
20260210,092752.282342,092752.282342,0.0,813.162 um_pwv,992.688 um_pwv,35.0,2.368 K,1.91636
20260210,092753.240435,092753.240435,0.0,811.991 um_pwv,991.258 um_pwv,35.0,2.279 K,1.91359
20260210,092754.196825,092754.196825,0.0,810.749 um_pwv,989.742 um_pwv,35.0,2.084 K,1.91066
20260210,092755.160265,092755.160265,0.0,809.57 um_pwv,988.302 um_pwv,35.0,2.114 K,1.90787
20260210,092756.120238,092756.120238,0.0,811.169 um_pwv,990.255 um_pwv,35.0,2.063 K,1.91165
20260210,092757.076565,092757.076565,0.0,814.669 um_pwv,994.527 um_pwv,35.0,2.162 K,1.91992
20260210,092758.038631,092758.038631,0.0,814.551 um_pwv,994.383 um_pwv,35.0,2.089 K,1.91964
20260210,092759.000405,092759.000405,0.0,818.409 um_pwv,999.092 um_pwv,35.0,2.296 K,1.92876
20260210,092759.959954,092759.959954,0.0,817.177 um_pwv,997.589 um_pwv,35.0,2.301 K,1.92585
20260210,092800.918695,092800.918695,0.0,819.549 um_pwv,1000.48 um_pwv,35.0,2.238 K,1.93145
20260210,092801.880510,092801.880510,0.0,822.032 um_pwv,1003.52 um_pwv,35.0,2.43 K,1.93732
20260210,092802.840105,092802.840105,0.0,823.607 um_pwv,1005.44 um_pwv,35.0,2.5 K,1.94104
20260210,092803.795598,092803.795598,0.0,822.742 um_pwv,1004.38 um_pwv,35.0,2.536 K,1.93900
20260210,092804.757909,092804.757909,0.0,822.58 um_pwv,1004.18 um_pwv,35.0,2.504 K,1.93862
20260210,092805.721593,092805.721593,0.0,821.496 um_pwv,1002.86 um_pwv,35.0,2.561 K,1.93605
20260210,092806.675989,092806.675989,0.0,819.046 um_pwv,999.871 um_pwv,35.0,2.547 K,1.93027
20260210,092807.636599,092807.636599,0.0,814.79 um_pwv,994.674 um_pwv,35.0,2.516 K,1.92021
20260210,092808.601840,092808.601840,0.0,810.669 um_pwv,989.644 um_pwv,35.0,2.444 K,1.91047
20260210,092809.555135,092809.555135,0.0,808.292 um_pwv,986.742 um_pwv,35.0,2.267 K,1.90485
20260210,092810.519798,092810.519798,0.0,804.928 um_pwv,982.635 um_pwv,35.0,2.164 K,1.89690
20260210,092811.481472,092811.481472,0.0,803.499 um_pwv,980.891 um_pwv,35.0,2.193 K,1.89352
20260210,092812.437346,092812.437346,0.0,802.726 um_pwv,979.947 um_pwv,35.0,2.114 K,1.89170
20260210,092813.400648,092813.400648,0.0,801.063 um_pwv,977.918 um_pwv,35.0,2.184 K,1.88777
20260210,092814.359823,092814.359823,0.0,802.587 um_pwv,979.778 um_pwv,35.0,2.286 K,1.89137
20260210,092815.320332,092815.320332,0.0,803.558 um_pwv,980.963 um_pwv,35.0,2.324 K,1.89366
20260210,092816.277093,092816.277093,0.0,806.28 um_pwv,984.286 um_pwv,35.0,2.463 K,1.90010
20260210,092817.237359,092817.237359,0.0,807.546 um_pwv,985.831 um_pwv,35.0,2.565 K,1.90309
20260210,092818.199154,092818.199154,0.0,809.838 um_pwv,988.629 um_pwv,35.0,2.699 K,1.90850
20260210,092819.157843,092819.157843,0.0,808.702 um_pwv,987.243 um_pwv,35.0,2.427 K,1.90582
20260210,092820.121152,092820.121152,0.0,811.101 um_pwv,990.171 um_pwv,35.0,2.434 K,1.91149
20260210,092821.078873,092821.078873,0.0,811.619 um_pwv,990.803 um_pwv,35.0,2.417 K,1.91271
20260210,092822.040537,092822.040537,0.0,812.231 um_pwv,991.551 um_pwv,35.0,2.421 K,1.91416
20260210,092822.999738,092822.999738,0.0,811.398 um_pwv,990.534 um_pwv,35.0,2.131 K,1.91219
20260210,092823.961573,092823.961573,0.0,809.05 um_pwv,987.668 um_pwv,35.0,2.092 K,1.90664
20260210,092824.917476,092824.917476,0.0,809.941 um_pwv,988.755 um_pwv,35.0,2.007 K,1.90875
20260210,092825.878632,092825.878632,0.0,811.218 um_pwv,990.314 um_pwv,35.0,2.052 K,1.91177
20260210,092826.837302,092826.837302,0.0,812.692 um_pwv,992.114 um_pwv,35.0,1.915 K,1.91525
20260210,092827.798967,092827.798967,0.0,814.431 um_pwv,994.236 um_pwv,35.0,1.949 K,1.91936
20260210,092828.757420,092828.757420,0.0,816.29 um_pwv,996.507 um_pwv,35.0,2.135 K,1.92375
20260210,092829.718066,092829.718066,0.0,818.377 um_pwv,999.054 um_pwv,35.0,2.216 K,1.92868
20260210,092830.677984,092830.677984,0.0,820.775 um_pwv,1001.98 um_pwv,35.0,2.349 K,1.93435
20260210,092831.639000,092831.639000,0.0,822.125 um_pwv,1003.63 um_pwv,35.0,2.486 K,1.93754
20260210,092832.600467,092832.600467,0.0,821.899 um_pwv,1003.35 um_pwv,35.0,2.453 K,1.93701
20260210,092833.556117,092833.556117,0.0,822.551 um_pwv,1004.15 um_pwv,35.0,2.566 K,1.93855
20260210,092834.518704,092834.518704,0.0,823.535 um_pwv,1005.35 um_pwv,35.0,2.462 K,1.94087
20260210,092835.475584,092835.475584,0.0,820.341 um_pwv,1001.45 um_pwv,35.0,2.421 K,1.93332
20260210,092836.436084,092836.436084,0.0,817.218 um_pwv,997.639 um_pwv,35.0,2.4 K,1.92594
20260210,092837.398854,092837.398854,0.0,813.033 um_pwv,992.53 um_pwv,35.0,2.351 K,1.91606
20260210,092838.358861,092838.358861,0.0,809.45 um_pwv,988.156 um_pwv,35.0,2.185 K,1.90759
20260210,092839.321082,092839.321082,0.0,806.041 um_pwv,983.994 um_pwv,35.0,2.147 K,1.89953
20260210,092840.281333,092840.281333,0.0,804.888 um_pwv,982.587 um_pwv,35.0,2.219 K,1.89681
20260210,092841.242288,092841.242288,0.0,800.095 um_pwv,976.736 um_pwv,35.0,2.055 K,1.88548
20260210,092842.201997,092842.201997,0.0,801.312 um_pwv,978.222 um_pwv,35.0,2.135 K,1.88836
20260210,092843.157983,092843.157983,0.0,800.976 um_pwv,977.811 um_pwv,35.0,2.138 K,1.88756
20260210,092844.120743,092844.120743,0.0,800.945 um_pwv,977.773 um_pwv,35.0,2.284 K,1.88749
20260210,092845.076047,092845.076047,0.0,803.924 um_pwv,981.41 um_pwv,35.0,2.436 K,1.89453
20260210,092846.037765,092846.037765,0.0,804.63 um_pwv,982.272 um_pwv,35.0,2.452 K,1.89620
20260210,092846.997483,092846.997483,0.0,808.751 um_pwv,987.302 um_pwv,35.0,2.589 K,1.90593
20260210,092847.960471,092847.960471,0.0,808.679 um_pwv,987.215 um_pwv,35.0,2.474 K,1.90577
20260210,092848.922298,092848.922298,0.0,808.97 um_pwv,987.57 um_pwv,35.0,2.558 K,1.90645
20260210,092849.878763,092849.878763,0.0,810.578 um_pwv,989.533 um_pwv,35.0,2.427 K,1.91025
20260210,092850.837990,092850.837990,0.0,810.109 um_pwv,988.961 um_pwv,35.0,2.287 K,1.90914
20260210,092851.799892,092851.799892,0.0,811.979 um_pwv,991.244 um_pwv,35.0,2.215 K,1.91356
20260210,092852.759333,092852.759333,0.0,812.182 um_pwv,991.492 um_pwv,35.0,2.165 K,1.91404
20260210,092853.720218,092853.720218,0.0,810.489 um_pwv,989.424 um_pwv,35.0,2.271 K,1.91004
20260210,092854.680721,092854.680721,0.0,809.461 um_pwv,988.17 um_pwv,35.0,2.02 K,1.90761
20260210,092855.641609,092855.641609,0.0,812.512 um_pwv,991.894 um_pwv,35.0,2.02 K,1.91482
20260210,092856.599074,092856.599074,0.0,813.716 um_pwv,993.364 um_pwv,35.0,2.057 K,1.91767
20260210,092857.562085,092857.562085,0.0,814.017 um_pwv,993.731 um_pwv,35.0,2.044 K,1.91838
20260210,092858.522461,092858.522461,0.0,816.19 um_pwv,996.384 um_pwv,35.0,2.148 K,1.92351
20260210,092859.478336,092859.478336,0.0,817.189 um_pwv,997.603 um_pwv,35.0,2.239 K,1.92588
20260210,092900.442040,092900.442040,0.0,820.217 um_pwv,1001.3 um_pwv,35.0,2.345 K,1.93303
20260210,092901.397713,092901.397713,0.0,821.716 um_pwv,1003.13 um_pwv,35.0,2.483 K,1.93657
20260210,092902.359721,092902.359721,0.0,824.031 um_pwv,1005.96 um_pwv,35.0,2.488 K,1.94205
20260210,092903.321005,092903.321005,0.0,822.499 um_pwv,1004.09 um_pwv,35.0,2.549 K,1.93842
20260210,092904.281207,092904.281207,0.0,822.316 um_pwv,1003.86 um_pwv,35.0,2.555 K,1.93799
20260210,092905.241322,092905.241322,0.0,819.722 um_pwv,1000.7 um_pwv,35.0,2.509 K,1.93186
20260210,092906.201862,092906.201862,0.0,816.241 um_pwv,996.447 um_pwv,35.0,2.509 K,1.92364
20260210,092907.162521,092907.162521,0.0,813.073 um_pwv,992.579 um_pwv,35.0,2.36 K,1.91615
20260210,092908.118422,092908.118422,0.0,809.701 um_pwv,988.462 um_pwv,35.0,2.217 K,1.90818
20260210,092909.078109,092909.078109,0.0,804.689 um_pwv,982.344 um_pwv,35.0,2.123 K,1.89634
20260210,092910.039628,092910.039628,0.0,803.915 um_pwv,981.399 um_pwv,35.0,2.228 K,1.89451
20260210,092911.000380,092911.000380,0.0,799.03 um_pwv,975.435 um_pwv,35.0,2.019 K,1.88296
20260210,092911.961494,092911.961494,0.0,800.234 um_pwv,976.905 um_pwv,35.0,2.056 K,1.88581
20260210,092912.922707,092912.922707,0.0,798.588 um_pwv,974.896 um_pwv,35.0,2.114 K,1.88192
20260210,092913.877960,092913.877960,0.0,801.301 um_pwv,978.208 um_pwv,35.0,2.227 K,1.88833
20260210,092914.839719,092914.839719,0.0,803.043 um_pwv,980.334 um_pwv,35.0,2.367 K,1.89245
20260210,092915.798734,092915.798734,0.0,804.729 um_pwv,982.393 um_pwv,35.0,2.318 K,1.89643
20260210,092916.758528,092916.758528,0.0,808.064 um_pwv,986.464 um_pwv,35.0,2.458 K,1.90431
20260210,092917.722641,092917.722641,0.0,807.842 um_pwv,986.193 um_pwv,35.0,2.43 K,1.90379
20260210,092918.677843,092918.677843,0.0,810.869 um_pwv,989.889 um_pwv,35.0,2.595 K,1.91094
20260210,092919.640739,092919.640739,0.0,809.749 um_pwv,988.521 um_pwv,35.0,2.409 K,1.90829
20260210,092920.599356,092920.599356,0.0,810.921 um_pwv,989.951 um_pwv,35.0,2.258 K,1.91106
20260210,092921.561733,092921.561733,0.0,809.709 um_pwv,988.473 um_pwv,35.0,2.224 K,1.90820
20260210,092922.517906,092922.517906,0.0,811.301 um_pwv,990.416 um_pwv,35.0,2.124 K,1.91196
20260210,092923.480188,092923.480188,0.0,810.981 um_pwv,990.025 um_pwv,35.0,2.074 K,1.91120
20260210,092924.440852,092924.440852,0.0,811.478 um_pwv,990.632 um_pwv,35.0,2.046 K,1.91238
20260210,092925.399275,092925.399275,0.0,811.189 um_pwv,990.279 um_pwv,35.0,1.963 K,1.91170
20260210,092926.360594,092926.360594,0.0,813.443 um_pwv,993.031 um_pwv,35.0,1.947 K,1.91702
20260210,092927.322883,092927.322883,0.0,814.347 um_pwv,994.134 um_pwv,35.0,1.928 K,1.91916
20260210,092928.278301,092928.278301,0.0,813.877 um_pwv,993.56 um_pwv,35.0,2.127 K,1.91805
20260210,092929.242454,092929.242454,0.0,819.711 um_pwv,1000.68 um_pwv,35.0,2.251 K,1.93184
20260210,092930.197969,092930.197969,0.0,821.464 um_pwv,1002.82 um_pwv,35.0,2.305 K,1.93598
20260210,092931.158149,092931.158149,0.0,822.305 um_pwv,1003.85 um_pwv,35.0,2.361 K,1.93797
20260210,092932.122828,092932.122828,0.0,821.261 um_pwv,1002.58 um_pwv,35.0,2.511 K,1.93550
20260210,092933.077040,092933.077040,0.0,822.844 um_pwv,1004.51 um_pwv,35.0,2.528 K,1.93924
20260210,092934.040494,092934.040494,0.0,821.444 um_pwv,1002.8 um_pwv,35.0,2.518 K,1.93593
20260210,092934.999977,092934.999977,0.0,817.984 um_pwv,998.575 um_pwv,35.0,2.469 K,1.92776
20260210,092935.959598,092935.959598,0.0,815.626 um_pwv,995.695 um_pwv,35.0,2.298 K,1.92218
20260210,092936.921964,092936.921964,0.0,811.81 um_pwv,991.037 um_pwv,35.0,2.267 K,1.91317
20260210,092937.879617,092937.879617,0.0,807.642 um_pwv,985.949 um_pwv,35.0,2.128 K,1.90332
20260210,092938.839603,092938.839603,0.0,804.749 um_pwv,982.417 um_pwv,35.0,2.07 K,1.89648
20260210,092939.803004,092939.803004,0.0,802.627 um_pwv,979.826 um_pwv,35.0,2.09 K,1.89146
20260210,092940.758832,092940.758832,0.0,802.219 um_pwv,979.329 um_pwv,35.0,2.073 K,1.89050
20260210,092941.718515,092941.718515,0.0,799.909 um_pwv,976.509 um_pwv,35.0,2.034 K,1.88504
20260210,092942.680311,092942.680311,0.0,801.174 um_pwv,978.053 um_pwv,35.0,2.198 K,1.88803
20260210,092943.639979,092943.639979,0.0,799.918 um_pwv,976.519 um_pwv,35.0,2.161 K,1.88506
20260210,092944.598413,092944.598413,0.0,804.661 um_pwv,982.31 um_pwv,35.0,2.363 K,1.89627
20260210,092945.561753,092945.561753,0.0,807.722 um_pwv,986.047 um_pwv,35.0,2.365 K,1.90350
20260210,092946.523443,092946.523443,0.0,809.649 um_pwv,988.399 um_pwv,35.0,2.522 K,1.90806
20260210,092947.479455,092947.479455,0.0,811.799 um_pwv,991.023 um_pwv,35.0,2.537 K,1.91314
20260210,092948.439974,092948.439974,0.0,811.23 um_pwv,990.328 um_pwv,35.0,2.494 K,1.91179
20260210,092949.401281,092949.401281,0.0,809.969 um_pwv,988.79 um_pwv,35.0,2.402 K,1.90881
20260210,092950.361598,092950.361598,0.0,812.572 um_pwv,991.967 um_pwv,35.0,2.393 K,1.91497
20260210,092951.322347,092951.322347,0.0,809.27 um_pwv,987.936 um_pwv,35.0,2.13 K,1.90716
20260210,092952.278888,092952.278888,0.0,812.32 um_pwv,991.66 um_pwv,35.0,2.119 K,1.91437
20260210,092953.241818,092953.241818,0.0,811.75 um_pwv,990.964 um_pwv,35.0,2.156 K,1.91302
20260210,092954.200775,092954.200775,0.0,810.929 um_pwv,989.962 um_pwv,35.0,2.012 K,1.91108
20260210,092955.159029,092955.159029,0.0,813.475 um_pwv,993.07 um_pwv,35.0,1.976 K,1.91710
20260210,092956.119142,092956.119142,0.0,814.52 um_pwv,994.345 um_pwv,35.0,1.976 K,1.91957
20260210,092957.079758,092957.079758,0.0,814.68 um_pwv,994.541 um_pwv,35.0,1.931 K,1.91995
20260210,092958.042179,092958.042179,0.0,817.621 um_pwv,998.131 um_pwv,35.0,2.035 K,1.92690
20260210,092959.000461,092959.000461,0.0,820.359 um_pwv,1001.47 um_pwv,35.0,2.224 K,1.93337
20260210,092959.961740,092959.961740,0.0,823.027 um_pwv,1004.73 um_pwv,35.0,2.391 K,1.93967
20260210,093000.920343,093000.920343,0.0,822.499 um_pwv,1004.09 um_pwv,35.0,2.494 K,1.93842
20260210,093001.881242,093001.881242,0.0,823.697 um_pwv,1005.55 um_pwv,35.0,2.436 K,1.94126
20260210,093002.839113,093002.839113,0.0,823.352 um_pwv,1005.13 um_pwv,35.0,2.5 K,1.94044
20260210,093003.798108,093003.798108,0.0,821.18 um_pwv,1002.48 um_pwv,35.0,2.502 K,1.93531
20260210,093004.763700,093004.763700,0.0,817.832 um_pwv,998.388 um_pwv,35.0,2.502 K,1.92739
20260210,093005.718970,093005.718970,0.0,817.976 um_pwv,998.564 um_pwv,35.0,2.537 K,1.92774
20260210,093006.681401,093006.681401,0.0,812.483 um_pwv,991.859 um_pwv,35.0,2.395 K,1.91476
20260210,093007.638220,093007.638220,0.0,807.674 um_pwv,985.988 um_pwv,35.0,2.287 K,1.90339
20260210,093008.596949,093008.596949,0.0,805.166 um_pwv,982.926 um_pwv,35.0,2.141 K,1.89746
20260210,093009.563970,093009.563970,0.0,802.595 um_pwv,979.788 um_pwv,35.0,2.108 K,1.89139
20260210,093010.523219,093010.523219,0.0,800.056 um_pwv,976.688 um_pwv,35.0,2.038 K,1.88539
20260210,093011.481663,093011.481663,0.0,800.569 um_pwv,977.315 um_pwv,35.0,2.121 K,1.88660
20260210,093012.440723,093012.440723,0.0,799.543 um_pwv,976.061 um_pwv,35.0,2.221 K,1.88417
20260210,093013.403126,093013.403126,0.0,801.024 um_pwv,977.87 um_pwv,35.0,2.17 K,1.88767
20260210,093014.358771,093014.358771,0.0,802.754 um_pwv,979.982 um_pwv,35.0,2.236 K,1.89176
20260210,093015.320502,093015.320502,0.0,807.745 um_pwv,986.075 um_pwv,35.0,2.456 K,1.90356
20260210,093016.280720,093016.280720,0.0,808.93 um_pwv,987.522 um_pwv,35.0,2.43 K,1.90636
20260210,093017.243793,093017.243793,0.0,810.398 um_pwv,989.313 um_pwv,35.0,2.453 K,1.90983
20260210,093018.200595,093018.200595,0.0,810.098 um_pwv,988.947 um_pwv,35.0,2.381 K,1.90912
20260210,093019.159852,093019.159852,0.0,813.386 um_pwv,992.961 um_pwv,35.0,2.44 K,1.91689
20260210,093020.122840,093020.122840,0.0,811.018 um_pwv,990.07 um_pwv,35.0,2.249 K,1.91129
20260210,093021.077884,093021.077884,0.0,810.249 um_pwv,989.132 um_pwv,35.0,2.186 K,1.90948
20260210,093022.042688,093022.042688,0.0,811.719 um_pwv,990.926 um_pwv,35.0,2.019 K,1.91295
20260210,093022.998196,093022.998196,0.0,813.266 um_pwv,992.814 um_pwv,35.0,2.055 K,1.91660
20260210,093023.959511,093023.959511,0.0,810.709 um_pwv,989.693 um_pwv,35.0,1.901 K,1.91056
20260210,093024.920686,093024.920686,0.0,814.669 um_pwv,994.527 um_pwv,35.0,2.023 K,1.91992
20260210,093025.878113,093025.878113,0.0,815.103 um_pwv,995.057 um_pwv,35.0,2.095 K,1.92095
20260210,093026.841595,093026.841595,0.0,815.405 um_pwv,995.425 um_pwv,35.0,2.03 K,1.92166
20260210,093027.798938,093027.798938,0.0,819.399 um_pwv,1000.3 um_pwv,35.0,2.21 K,1.93110
20260210,093028.760631,093028.760631,0.0,820.33 um_pwv,1001.44 um_pwv,35.0,2.197 K,1.93330
20260210,093029.722028,093029.722028,0.0,821.525 um_pwv,1002.9 um_pwv,35.0,2.356 K,1.93612
20260210,093030.681277,093030.681277,0.0,822.58 um_pwv,1004.18 um_pwv,35.0,2.388 K,1.93862
20260210,093031.642662,093031.642662,0.0,823.697 um_pwv,1005.55 um_pwv,35.0,2.489 K,1.94126
20260210,093032.604195,093032.604195,0.0,822.365 um_pwv,1003.92 um_pwv,35.0,2.575 K,1.93811
20260210,093033.563809,093033.563809,0.0,820.937 um_pwv,1002.18 um_pwv,35.0,2.588 K,1.93473
20260210,093034.520083,093034.520083,0.0,818.55 um_pwv,999.265 um_pwv,35.0,2.457 K,1.92909
20260210,093035.483144,093035.483144,0.0,816.17 um_pwv,996.359 um_pwv,35.0,2.418 K,1.92347
20260210,093036.442415,093036.442415,0.0,811.109 um_pwv,990.182 um_pwv,35.0,2.24 K,1.91151
20260210,093037.398995,093037.398995,0.0,807.195 um_pwv,985.404 um_pwv,35.0,2.236 K,1.90226
20260210,093038.360554,093038.360554,0.0,804.749 um_pwv,982.417 um_pwv,35.0,2.219 K,1.89648
20260210,093039.320699,093039.320699,0.0,801.558 um_pwv,978.521 um_pwv,35.0,2.038 K,1.88894
20260210,093040.280336,093040.280336,0.0,800.984 um_pwv,977.821 um_pwv,35.0,2.048 K,1.88758
20260210,093041.241641,093041.241641,0.0,800.933 um_pwv,977.759 um_pwv,35.0,2.171 K,1.88746
20260210,093042.202416,093042.202416,0.0,800.866 um_pwv,977.677 um_pwv,35.0,2.099 K,1.88730
20260210,093043.163707,093043.163707,0.0,803.439 um_pwv,980.818 um_pwv,35.0,2.257 K,1.89338
20260210,093044.124266,093044.124266,0.0,804.828 um_pwv,982.514 um_pwv,35.0,2.422 K,1.89667
20260210,093045.079581,093045.079581,0.0,809.13 um_pwv,987.765 um_pwv,35.0,2.429 K,1.90683
20260210,093046.039324,093046.039324,0.0,809.059 um_pwv,987.678 um_pwv,35.0,2.481 K,1.90666
20260210,093046.998900,093046.998900,0.0,810.249 um_pwv,989.132 um_pwv,35.0,2.54 K,1.90948
20260210,093047.960999,093047.960999,0.0,808.959 um_pwv,987.556 um_pwv,35.0,2.445 K,1.90643
20260210,093048.922414,093048.922414,0.0,811.719 um_pwv,990.926 um_pwv,35.0,2.474 K,1.91295
20260210,093049.877191,093049.877191,0.0,810.901 um_pwv,989.927 um_pwv,35.0,2.352 K,1.91102
20260210,093050.839271,093050.839271,0.0,810.381 um_pwv,989.292 um_pwv,35.0,2.14 K,1.90979
20260210,093051.801309,093051.801309,0.0,811.931 um_pwv,991.184 um_pwv,35.0,2.091 K,1.91345
20260210,093052.761450,093052.761450,0.0,812.592 um_pwv,991.992 um_pwv,35.0,2.078 K,1.91501
20260210,093053.720932,093053.720932,0.0,814.017 um_pwv,993.731 um_pwv,35.0,1.975 K,1.91838
20260210,093054.682025,093054.682025,0.0,812.4 um_pwv,991.757 um_pwv,35.0,1.928 K,1.91456
20260210,093055.639353,093055.639353,0.0,815.557 um_pwv,995.611 um_pwv,35.0,1.96 K,1.92202
20260210,093056.602350,093056.602350,0.0,816.322 um_pwv,996.545 um_pwv,35.0,2.077 K,1.92383
20260210,093057.561189,093057.561189,0.0,817.734 um_pwv,998.268 um_pwv,35.0,2.143 K,1.92716
20260210,093058.522648,093058.522648,0.0,819.249 um_pwv,1000.12 um_pwv,35.0,2.241 K,1.93074
20260210,093059.479076,093059.479076,0.0,820.269 um_pwv,1001.36 um_pwv,35.0,2.323 K,1.93315
20260210,093100.441540,093100.441540,0.0,824.267 um_pwv,1006.24 um_pwv,35.0,2.553 K,1.94260
20260210,093101.402666,093101.402666,0.0,822.925 um_pwv,1004.61 um_pwv,35.0,2.581 K,1.93943
20260210,093102.362260,093102.362260,0.0,821.951 um_pwv,1003.42 um_pwv,35.0,2.573 K,1.93713
20260210,093103.323741,093103.323741,0.0,820.066 um_pwv,1001.12 um_pwv,35.0,2.691 K,1.93268
20260210,093104.280511,093104.280511,0.0,817.532 um_pwv,998.022 um_pwv,35.0,2.399 K,1.92669
20260210,093105.239411,093105.239411,0.0,813.615 um_pwv,993.241 um_pwv,35.0,2.338 K,1.91743
20260210,093106.201770,093106.201770,0.0,811.418 um_pwv,990.559 um_pwv,35.0,2.323 K,1.91224
20260210,093107.159217,093107.159217,0.0,807.953 um_pwv,986.328 um_pwv,35.0,2.345 K,1.90405
20260210,093108.120249,093108.120249,0.0,804.281 um_pwv,981.846 um_pwv,35.0,2.095 K,1.89537
20260210,093109.079128,093109.079128,0.0,803.638 um_pwv,981.06 um_pwv,35.0,2.058 K,1.89385
20260210,093110.039851,093110.039851,0.0,801.846 um_pwv,978.874 um_pwv,35.0,2.115 K,1.88962
20260210,093111.002976,093111.002976,0.0,801.4 um_pwv,978.328 um_pwv,35.0,2.18 K,1.88856
20260210,093111.964393,093111.964393,0.0,801.004 um_pwv,977.846 um_pwv,35.0,2.152 K,1.88763
20260210,093112.921723,093112.921723,0.0,802.46 um_pwv,979.623 um_pwv,35.0,2.349 K,1.89107
20260210,093113.878662,093113.878662,0.0,805.811 um_pwv,983.713 um_pwv,35.0,2.435 K,1.89899
20260210,093114.842342,093114.842342,0.0,808.759 um_pwv,987.313 um_pwv,35.0,2.472 K,1.90595
20260210,093115.799886,093115.799886,0.0,809.33 um_pwv,988.009 um_pwv,35.0,2.525 K,1.90730
20260210,093116.763061,093116.763061,0.0,808.332 um_pwv,986.791 um_pwv,35.0,2.431 K,1.90494
20260210,093117.724925,093117.724925,0.0,809.989 um_pwv,988.814 um_pwv,35.0,2.477 K,1.90886
20260210,093118.679868,093118.679868,0.0,811.238 um_pwv,990.339 um_pwv,35.0,2.406 K,1.91181
20260210,093119.644530,093119.644530,0.0,810.238 um_pwv,989.117 um_pwv,35.0,2.336 K,1.90945
20260210,093120.603356,093120.603356,0.0,810.329 um_pwv,989.229 um_pwv,35.0,2.182 K,1.90966
20260210,093121.563537,093121.563537,0.0,811.41 um_pwv,990.548 um_pwv,35.0,2.107 K,1.91222
20260210,093122.521279,093122.521279,0.0,811.931 um_pwv,991.184 um_pwv,35.0,1.98 K,1.91345
20260210,093123.481839,093123.481839,0.0,811.659 um_pwv,990.852 um_pwv,35.0,1.982 K,1.91281
20260210,093124.444331,093124.444331,0.0,814.479 um_pwv,994.296 um_pwv,35.0,1.991 K,1.91947
20260210,093125.401823,093125.401823,0.0,814.66 um_pwv,994.517 um_pwv,35.0,2.041 K,1.91990
20260210,093126.363354,093126.363354,0.0,814.772 um_pwv,994.653 um_pwv,35.0,1.969 K,1.92016
20260210,093127.319919,093127.319919,0.0,819.249 um_pwv,1000.12 um_pwv,35.0,2.201 K,1.93074
20260210,093128.282313,093128.282313,0.0,820.683 um_pwv,1001.87 um_pwv,35.0,2.293 K,1.93413
20260210,093129.243756,093129.243756,0.0,821.545 um_pwv,1002.92 um_pwv,35.0,2.362 K,1.93617
20260210,093130.204436,093130.204436,0.0,822.641 um_pwv,1004.26 um_pwv,35.0,2.461 K,1.93876
20260210,093131.164564,093131.164564,0.0,821.009 um_pwv,1002.27 um_pwv,35.0,2.578 K,1.93490
20260210,093132.121289,093132.121289,0.0,820.584 um_pwv,1001.75 um_pwv,35.0,2.526 K,1.93390
20260210,093133.081034,093133.081034,0.0,819.035 um_pwv,999.857 um_pwv,35.0,2.51 K,1.93024
20260210,093134.041643,093134.041643,0.0,816.25 um_pwv,996.457 um_pwv,35.0,2.275 K,1.92366
20260210,093135.002496,093135.002496,0.0,813.495 um_pwv,993.094 um_pwv,35.0,2.309 K,1.91715
20260210,093135.960676,093135.960676,0.0,809.829 um_pwv,988.619 um_pwv,35.0,2.234 K,1.90848
20260210,093136.922744,093136.922744,0.0,805.734 um_pwv,983.62 um_pwv,35.0,2.114 K,1.89881
20260210,093137.883349,093137.883349,0.0,804.86 um_pwv,982.552 um_pwv,35.0,2.077 K,1.89674
20260210,093138.844556,093138.844556,0.0,802.358 um_pwv,979.498 um_pwv,35.0,2.074 K,1.89083
20260210,093139.803175,093139.803175,0.0,802.191 um_pwv,979.294 um_pwv,35.0,2.142 K,1.89043
20260210,093140.763683,093140.763683,0.0,801.846 um_pwv,978.874 um_pwv,35.0,2.22 K,1.88962
20260210,093141.720886,093141.720886,0.0,803.142 um_pwv,980.455 um_pwv,35.0,2.289 K,1.89268
20260210,093142.681039,093142.681039,0.0,804.689 um_pwv,982.344 um_pwv,35.0,2.307 K,1.89634
20260210,093143.643012,093143.643012,0.0,805.842 um_pwv,983.751 um_pwv,35.0,2.35 K,1.89906
20260210,093144.604400,093144.604400,0.0,808.212 um_pwv,986.645 um_pwv,35.0,2.491 K,1.90466
20260210,093145.562114,093145.562114,0.0,809.042 um_pwv,987.658 um_pwv,35.0,2.475 K,1.90662
20260210,093146.525303,093146.525303,0.0,809.701 um_pwv,988.462 um_pwv,35.0,2.373 K,1.90818
20260210,093147.478820,093147.478820,0.0,810.841 um_pwv,989.854 um_pwv,35.0,2.396 K,1.91087
20260210,093148.441472,093148.441472,0.0,812.22 um_pwv,991.537 um_pwv,35.0,2.428 K,1.91413
20260210,093149.402498,093149.402498,0.0,809.958 um_pwv,988.776 um_pwv,35.0,2.188 K,1.90879
20260210,093150.363402,093150.363402,0.0,810.369 um_pwv,989.278 um_pwv,35.0,2.082 K,1.90976
20260210,093151.322975,093151.322975,0.0,812.904 um_pwv,992.373 um_pwv,35.0,2.066 K,1.91575
20260210,093152.282456,093152.282456,0.0,813.194 um_pwv,992.726 um_pwv,35.0,2.099 K,1.91643
20260210,093153.245470,093153.245470,0.0,813.094 um_pwv,992.604 um_pwv,35.0,1.984 K,1.91620
20260210,093154.200455,093154.200455,0.0,814.106 um_pwv,993.84 um_pwv,35.0,1.963 K,1.91859
20260210,093155.161647,093155.161647,0.0,814.689 um_pwv,994.552 um_pwv,35.0,2.063 K,1.91997
20260210,093156.124825,093156.124825,0.0,815.514 um_pwv,995.559 um_pwv,35.0,1.984 K,1.92192
20260210,093157.084442,093157.084442,0.0,819.824 um_pwv,1000.82 um_pwv,35.0,2.278 K,1.93210
20260210,093158.044625,093158.044625,0.0,820.512 um_pwv,1001.66 um_pwv,35.0,2.199 K,1.93373
20260210,093159.000988,093159.000988,0.0,819.795 um_pwv,1000.78 um_pwv,35.0,2.49 K,1.93203
20260210,093159.962837,093159.962837,0.0,821.493 um_pwv,1002.86 um_pwv,35.0,2.475 K,1.93605
20260210,093200.923325,093200.923325,0.0,821.363 um_pwv,1002.7 um_pwv,35.0,2.488 K,1.93574
20260210,093201.879655,093201.879655,0.0,820.662 um_pwv,1001.84 um_pwv,35.0,2.467 K,1.93408
20260210,093202.840257,093202.840257,0.0,818.227 um_pwv,998.87 um_pwv,35.0,2.456 K,1.92833
20260210,093203.803908,093203.803908,0.0,815.344 um_pwv,995.351 um_pwv,35.0,2.375 K,1.92152
20260210,093204.761048,093204.761048,0.0,812.732 um_pwv,992.163 um_pwv,35.0,2.308 K,1.91534
20260210,093205.722118,093205.722118,0.0,809.438 um_pwv,988.142 um_pwv,35.0,2.193 K,1.90756
20260210,093206.681121,093206.681121,0.0,806.271 um_pwv,984.275 um_pwv,35.0,2.095 K,1.90008
20260210,093207.644100,093207.644100,0.0,802.924 um_pwv,980.189 um_pwv,35.0,2.093 K,1.89216
20260210,093208.600506,093208.600506,0.0,801.349 um_pwv,978.266 um_pwv,35.0,2.065 K,1.88844
20260210,093209.563399,093209.563399,0.0,801.589 um_pwv,978.56 um_pwv,35.0,2.153 K,1.88901
20260210,093210.522079,093210.522079,0.0,801.292 um_pwv,978.197 um_pwv,35.0,2.15 K,1.88831
20260210,093211.484540,093211.484540,0.0,805.194 um_pwv,982.961 um_pwv,35.0,2.39 K,1.89753
20260210,093212.443749,093212.443749,0.0,803.122 um_pwv,980.431 um_pwv,35.0,2.192 K,1.89263
20260210,093213.403397,093213.403397,0.0,806.618 um_pwv,984.699 um_pwv,35.0,2.273 K,1.90089
20260210,093214.363642,093214.363642,0.0,810.038 um_pwv,988.873 um_pwv,35.0,2.532 K,1.90898
20260210,093215.323902,093215.323902,0.0,809.969 um_pwv,988.79 um_pwv,35.0,2.482 K,1.90881
20260210,093216.279830,093216.279830,0.0,810.641 um_pwv,989.609 um_pwv,35.0,2.392 K,1.91040
20260210,093217.245076,093217.245076,0.0,811.218 um_pwv,990.314 um_pwv,35.0,2.443 K,1.91177
20260210,093218.204751,093218.204751,0.0,813.073 um_pwv,992.579 um_pwv,35.0,2.426 K,1.91615
20260210,093219.164656,093219.164656,0.0,811.71 um_pwv,990.915 um_pwv,35.0,2.208 K,1.91293
20260210,093220.120744,093220.120744,0.0,811.089 um_pwv,990.157 um_pwv,35.0,2.142 K,1.91146
20260210,093221.082128,093221.082128,0.0,814.077 um_pwv,993.805 um_pwv,35.0,2.148 K,1.91852
20260210,093222.045030,093222.045030,0.0,814.64 um_pwv,994.492 um_pwv,35.0,2.171 K,1.91985
20260210,093223.004557,093223.004557,0.0,812.423 um_pwv,991.785 um_pwv,35.0,2.044 K,1.91461
20260210,093223.959809,093223.959809,0.0,814.479 um_pwv,994.296 um_pwv,35.0,2.015 K,1.91947
20260210,093224.922231,093224.922231,0.0,815.977 um_pwv,996.124 um_pwv,35.0,1.986 K,1.92301
20260210,093225.883916,093225.883916,0.0,817.572 um_pwv,998.071 um_pwv,35.0,2.123 K,1.92678
20260210,093226.845423,093226.845423,0.0,819.884 um_pwv,1000.89 um_pwv,35.0,2.209 K,1.93225
20260210,093227.800756,093227.800756,0.0,820.998 um_pwv,1002.25 um_pwv,35.0,2.318 K,1.93488
20260210,093228.764863,093228.764863,0.0,822.954 um_pwv,1004.64 um_pwv,35.0,2.488 K,1.93950
20260210,093229.720662,093229.720662,0.0,821.82 um_pwv,1003.26 um_pwv,35.0,2.491 K,1.93682
20260210,093230.683263,093230.683263,0.0,822.073 um_pwv,1003.57 um_pwv,35.0,2.609 K,1.93742
20260210,093231.638909,093231.638909,0.0,821.079 um_pwv,1002.35 um_pwv,35.0,2.528 K,1.93507
20260210,093232.604977,093232.604977,0.0,818.853 um_pwv,999.635 um_pwv,35.0,2.48 K,1.92981
20260210,093233.559736,093233.559736,0.0,814.149 um_pwv,993.893 um_pwv,35.0,2.295 K,1.91869
20260210,093234.519854,093234.519854,0.0,810.989 um_pwv,990.035 um_pwv,35.0,2.243 K,1.91122
20260210,093235.484142,093235.484142,0.0,809.01 um_pwv,987.619 um_pwv,35.0,2.186 K,1.90655
20260210,093236.440953,093236.440953,0.0,805.635 um_pwv,983.498 um_pwv,35.0,2.187 K,1.89857
20260210,093237.403462,093237.403462,0.0,804.769 um_pwv,982.441 um_pwv,35.0,2.227 K,1.89652
20260210,093238.364483,093238.364483,0.0,802.112 um_pwv,979.198 um_pwv,35.0,2.06 K,1.89025
20260210,093239.325640,093239.325640,0.0,800.719 um_pwv,977.498 um_pwv,35.0,2.105 K,1.88695
20260210,093240.284937,093240.284937,0.0,800.601 um_pwv,977.353 um_pwv,35.0,2.118 K,1.88667
20260210,093241.240509,093241.240509,0.0,802.746 um_pwv,979.971 um_pwv,35.0,2.167 K,1.89174
20260210,093242.205271,093242.205271,0.0,804.689 um_pwv,982.344 um_pwv,35.0,2.35 K,1.89634
20260210,093243.161762,093243.161762,0.0,807.267 um_pwv,985.491 um_pwv,35.0,2.5 K,1.90243
20260210,093244.124343,093244.124343,0.0,809.809 um_pwv,988.595 um_pwv,35.0,2.551 K,1.90844
20260210,093245.083976,093245.083976,0.0,810.778 um_pwv,989.777 um_pwv,35.0,2.513 K,1.91072
20260210,093246.040542,093246.040542,0.0,809.809 um_pwv,988.595 um_pwv,35.0,2.402 K,1.90844
20260210,093247.002281,093247.002281,0.0,812.122 um_pwv,991.418 um_pwv,35.0,2.432 K,1.91390
20260210,093247.960768,093247.960768,0.0,811.281 um_pwv,990.391 um_pwv,35.0,2.295 K,1.91191
20260210,093248.923028,093248.923028,0.0,813.587 um_pwv,993.206 um_pwv,35.0,2.206 K,1.91736
20260210,093249.880259,093249.880259,0.0,811.719 um_pwv,990.926 um_pwv,35.0,2.022 K,1.91295
20260210,093250.840751,093250.840751,0.0,812.36 um_pwv,991.708 um_pwv,35.0,2.076 K,1.91446
20260210,093251.802966,093251.802966,0.0,812.922 um_pwv,992.394 um_pwv,35.0,2.036 K,1.91579
20260210,093252.761097,093252.761097,0.0,813.845 um_pwv,993.521 um_pwv,35.0,2.037 K,1.91797
20260210,093253.722388,093253.722388,0.0,813.676 um_pwv,993.315 um_pwv,35.0,1.971 K,1.91757
20260210,093254.684474,093254.684474,0.0,816.008 um_pwv,996.162 um_pwv,35.0,1.976 K,1.92309
20260210,093255.643708,093255.643708,0.0,817.702 um_pwv,998.23 um_pwv,35.0,2.126 K,1.92709
20260210,093256.603371,093256.603371,0.0,819.439 um_pwv,1000.35 um_pwv,35.0,2.109 K,1.93119
20260210,093257.562727,093257.562727,0.0,820.581 um_pwv,1001.74 um_pwv,35.0,2.245 K,1.93389
20260210,093258.524313,093258.524313,0.0,820.966 um_pwv,1002.21 um_pwv,35.0,2.392 K,1.93480
20260210,093259.482631,093259.482631,0.0,820.824 um_pwv,1002.04 um_pwv,35.0,2.51 K,1.93447
20260210,093300.444656,093300.444656,0.0,821.07 um_pwv,1002.34 um_pwv,35.0,2.513 K,1.93505
20260210,093301.405232,093301.405232,0.0,821.322 um_pwv,1002.65 um_pwv,35.0,2.481 K,1.93564
20260210,093302.360971,093302.360971,0.0,819.055 um_pwv,999.882 um_pwv,35.0,2.476 K,1.93029
20260210,093303.322657,093303.322657,0.0,815.014 um_pwv,994.948 um_pwv,35.0,2.395 K,1.92074
20260210,093304.283926,093304.283926,0.0,813.406 um_pwv,992.985 um_pwv,35.0,2.371 K,1.91694
20260210,093305.245516,093305.245516,0.0,809.41 um_pwv,988.107 um_pwv,35.0,2.21 K,1.90749
20260210,093306.205649,093306.205649,0.0,805.615 um_pwv,983.474 um_pwv,35.0,2.208 K,1.89852
20260210,093307.160780,093307.160780,0.0,803.598 um_pwv,981.012 um_pwv,35.0,2.071 K,1.89376
20260210,093308.123199,093308.123199,0.0,803.737 um_pwv,981.181 um_pwv,35.0,2.2 K,1.89409
20260210,093309.079543,093309.079543,0.0,801.459 um_pwv,978.401 um_pwv,35.0,2.109 K,1.88870
20260210,093310.041400,093310.041400,0.0,801.945 um_pwv,978.994 um_pwv,35.0,2.23 K,1.88985
20260210,093311.003008,093311.003008,0.0,801.657 um_pwv,978.642 um_pwv,35.0,2.223 K,1.88917
20260210,093311.960836,093311.960836,0.0,805.305 um_pwv,983.096 um_pwv,35.0,2.355 K,1.89779
20260210,093312.921299,093312.921299,0.0,808.303 um_pwv,986.756 um_pwv,35.0,2.461 K,1.90488
20260210,093313.881159,093313.881159,0.0,810.569 um_pwv,989.522 um_pwv,35.0,2.567 K,1.91023
20260210,093314.845718,093314.845718,0.0,811.55 um_pwv,990.719 um_pwv,35.0,2.562 K,1.91255
20260210,093315.805353,093315.805353,0.0,812.191 um_pwv,991.502 um_pwv,35.0,2.453 K,1.91406
20260210,093316.765398,093316.765398,0.0,813.475 um_pwv,993.07 um_pwv,35.0,2.351 K,1.91710
20260210,093317.725623,093317.725623,0.0,814.772 um_pwv,994.653 um_pwv,35.0,2.461 K,1.92016
20260210,093318.686202,093318.686202,0.0,811.722 um_pwv,990.929 um_pwv,35.0,2.134 K,1.91296
20260210,093319.642750,093319.642750,0.0,811.902 um_pwv,991.149 um_pwv,35.0,2.116 K,1.91338
20260210,093320.604317,093320.604317,0.0,813.334 um_pwv,992.898 um_pwv,35.0,2.094 K,1.91677
20260210,093321.565752,093321.565752,0.0,811.038 um_pwv,990.094 um_pwv,35.0,1.991 K,1.91134
20260210,093322.524913,093322.524913,0.0,813.877 um_pwv,993.56 um_pwv,35.0,2.033 K,1.91805
20260210,093323.481049,093323.481049,0.0,814.491 um_pwv,994.31 um_pwv,35.0,1.947 K,1.91950
20260210,093324.442153,093324.442153,0.0,815.152 um_pwv,995.116 um_pwv,35.0,1.904 K,1.92106
20260210,093325.405553,093325.405553,0.0,817.065 um_pwv,997.452 um_pwv,35.0,2.092 K,1.92558
20260210,093326.360913,093326.360913,0.0,818.844 um_pwv,999.624 um_pwv,35.0,2.194 K,1.92979
20260210,093327.324731,093327.324731,0.0,820.804 um_pwv,1002.02 um_pwv,35.0,2.339 K,1.93442
20260210,093328.282591,093328.282591,0.0,820.856 um_pwv,1002.08 um_pwv,35.0,2.293 K,1.93454
20260210,093329.242288,093329.242288,0.0,821.444 um_pwv,1002.8 um_pwv,35.0,2.549 K,1.93593
20260210,093330.201356,093330.201356,0.0,820.359 um_pwv,1001.47 um_pwv,35.0,2.507 K,1.93337
20260210,093331.165632,093331.165632,0.0,818.611 um_pwv,999.339 um_pwv,35.0,2.43 K,1.92924
20260210,093332.121748,093332.121748,0.0,817.126 um_pwv,997.526 um_pwv,35.0,2.432 K,1.92573
20260210,093333.079957,093333.079957,0.0,815.948 um_pwv,996.089 um_pwv,35.0,2.323 K,1.92294
20260210,093334.042954,093334.042954,0.0,810.118 um_pwv,988.971 um_pwv,35.0,2.201 K,1.90917
20260210,093335.002837,093335.002837,0.0,808.95 um_pwv,987.546 um_pwv,35.0,2.212 K,1.90641
20260210,093335.962982,093335.962982,0.0,804.828 um_pwv,982.514 um_pwv,35.0,2.156 K,1.89667
20260210,093336.924389,093336.924389,0.0,802.714 um_pwv,979.933 um_pwv,35.0,2.126 K,1.89167
20260210,093337.884111,093337.884111,0.0,800.66 um_pwv,977.425 um_pwv,35.0,2.097 K,1.88681
20260210,093338.840299,093338.840299,0.0,802.183 um_pwv,979.284 um_pwv,35.0,2.194 K,1.89041
20260210,093339.802549,093339.802549,0.0,802.033 um_pwv,979.101 um_pwv,35.0,2.15 K,1.89006
20260210,093340.763392,093340.763392,0.0,803.765 um_pwv,981.216 um_pwv,35.0,2.253 K,1.89415
20260210,093341.724294,093341.724294,0.0,807.514 um_pwv,985.793 um_pwv,35.0,2.432 K,1.90301
20260210,093342.684693,093342.684693,0.0,807.694 um_pwv,986.012 um_pwv,35.0,2.415 K,1.90344
20260210,093343.640188,093343.640188,0.0,808.799 um_pwv,987.361 um_pwv,35.0,2.344 K,1.90605
20260210,093344.601608,093344.601608,0.0,811.49 um_pwv,990.646 um_pwv,35.0,2.526 K,1.91241
20260210,093345.563646,093345.563646,0.0,812.781 um_pwv,992.223 um_pwv,35.0,2.42 K,1.91546
20260210,093346.523506,093346.523506,0.0,814.64 um_pwv,994.492 um_pwv,35.0,2.352 K,1.91985
20260210,093347.483060,093347.483060,0.0,813.636 um_pwv,993.266 um_pwv,35.0,2.282 K,1.91748
20260210,093348.444343,093348.444343,0.0,813.073 um_pwv,992.579 um_pwv,35.0,2.177 K,1.91615
20260210,093349.404570,093349.404570,0.0,813.564 um_pwv,993.178 um_pwv,35.0,2.148 K,1.91731
20260210,093350.366085,093350.366085,0.0,811.75 um_pwv,990.964 um_pwv,35.0,2.043 K,1.91302
20260210,093351.325610,093351.325610,0.0,814.129 um_pwv,993.868 um_pwv,35.0,2.027 K,1.91864
20260210,093352.286684,093352.286684,0.0,813.615 um_pwv,993.241 um_pwv,35.0,1.942 K,1.91743
20260210,093353.243075,093353.243075,0.0,815.014 um_pwv,994.948 um_pwv,35.0,1.989 K,1.92074
20260210,093354.203474,093354.203474,0.0,816.339 um_pwv,996.566 um_pwv,35.0,1.983 K,1.92387
20260210,093355.164513,093355.164513,0.0,817.875 um_pwv,998.441 um_pwv,35.0,2.062 K,1.92750
20260210,093356.125613,093356.125613,0.0,819.783 um_pwv,1000.77 um_pwv,35.0,2.25 K,1.93201
20260210,093357.081197,093357.081197,0.0,821.108 um_pwv,1002.39 um_pwv,35.0,2.339 K,1.93514
20260210,093358.042829,093358.042829,0.0,822.163 um_pwv,1003.68 um_pwv,35.0,2.477 K,1.93763
20260210,093359.003864,093359.003864,0.0,821.351 um_pwv,1002.68 um_pwv,35.0,2.534 K,1.93571
20260210,093359.966663,093359.966663,0.0,822.438 um_pwv,1004.01 um_pwv,35.0,2.486 K,1.93828
20260210,093400.923802,093400.923802,0.0,820.442 um_pwv,1001.58 um_pwv,35.0,2.533 K,1.93356
20260210,093401.884673,093401.884673,0.0,817.924 um_pwv,998.501 um_pwv,35.0,2.494 K,1.92761
20260210,093402.844557,093402.844557,0.0,816.665 um_pwv,996.963 um_pwv,35.0,2.33 K,1.92464
20260210,093403.804495,093403.804495,0.0,811.53 um_pwv,990.695 um_pwv,35.0,2.188 K,1.91250
20260210,093404.764841,093404.764841,0.0,809.381 um_pwv,988.072 um_pwv,35.0,2.252 K,1.90742
20260210,093405.720023,093405.720023,0.0,804.193 um_pwv,981.738 um_pwv,35.0,2.042 K,1.89516
20260210,093406.683859,093406.683859,0.0,801.241 um_pwv,978.135 um_pwv,35.0,2.084 K,1.88819
20260210,093407.641570,093407.641570,0.0,799.574 um_pwv,976.099 um_pwv,35.0,2.09 K,1.88425
20260210,093408.603600,093408.603600,0.0,801.775 um_pwv,978.787 um_pwv,35.0,2.143 K,1.88945
20260210,093409.563882,093409.563882,0.0,802.33 um_pwv,979.464 um_pwv,35.0,2.134 K,1.89076
20260210,093410.524422,093410.524422,0.0,803.824 um_pwv,981.288 um_pwv,35.0,2.304 K,1.89429
20260210,093411.482455,093411.482455,0.0,806.737 um_pwv,984.845 um_pwv,35.0,2.495 K,1.90118
20260210,093412.446518,093412.446518,0.0,807.383 um_pwv,985.633 um_pwv,35.0,2.466 K,1.90270
20260210,093413.403332,093413.403332,0.0,811.381 um_pwv,990.513 um_pwv,35.0,2.492 K,1.91215
20260210,093414.365803,093414.365803,0.0,810.981 um_pwv,990.025 um_pwv,35.0,2.479 K,1.91120
20260210,093415.327820,093415.327820,0.0,812.761 um_pwv,992.198 um_pwv,35.0,2.46 K,1.91541
20260210,093416.284684,093416.284684,0.0,814.39 um_pwv,994.187 um_pwv,35.0,2.445 K,1.91926
20260210,093417.246761,093417.246761,0.0,813.234 um_pwv,992.775 um_pwv,35.0,2.214 K,1.91653
20260210,093418.200649,093418.200649,0.0,814.95 um_pwv,994.871 um_pwv,35.0,2.168 K,1.92059
20260210,093419.162805,093419.162805,0.0,814.853 um_pwv,994.751 um_pwv,35.0,2.24 K,1.92035
20260210,093420.124171,093420.124171,0.0,811.91 um_pwv,991.16 um_pwv,35.0,1.897 K,1.91340
20260210,093421.082010,093421.082010,0.0,812.452 um_pwv,991.82 um_pwv,35.0,1.947 K,1.91468
20260210,093422.046553,093422.046553,0.0,813.415 um_pwv,992.996 um_pwv,35.0,1.939 K,1.91696
20260210,093423.005502,093423.005502,0.0,814.531 um_pwv,994.359 um_pwv,35.0,2.125 K,1.91959
20260210,093423.960622,093423.960622,0.0,817.569 um_pwv,998.068 um_pwv,35.0,2.182 K,1.92677
20260210,093424.922076,093424.922076,0.0,818.036 um_pwv,998.638 um_pwv,35.0,2.168 K,1.92788
20260210,093425.883423,093425.883423,0.0,818.238 um_pwv,998.884 um_pwv,35.0,2.203 K,1.92836
20260210,093426.844008,093426.844008,0.0,822.325 um_pwv,1003.87 um_pwv,35.0,2.332 K,1.93801
20260210,093427.805642,093427.805642,0.0,823.169 um_pwv,1004.9 um_pwv,35.0,2.498 K,1.94001
20260210,093428.763373,093428.763373,0.0,821.088 um_pwv,1002.36 um_pwv,35.0,2.443 K,1.93509
20260210,093429.726516,093429.726516,0.0,822.487 um_pwv,1004.07 um_pwv,35.0,2.568 K,1.93840
20260210,093430.682044,093430.682044,0.0,820.836 um_pwv,1002.06 um_pwv,35.0,2.436 K,1.93449
20260210,093431.642988,093431.642988,0.0,817.621 um_pwv,998.131 um_pwv,35.0,2.385 K,1.92690
20260210,093432.603746,093432.603746,0.0,814.419 um_pwv,994.222 um_pwv,35.0,2.321 K,1.91933
20260210,093433.564821,093433.564821,0.0,811.931 um_pwv,991.184 um_pwv,35.0,2.268 K,1.91345
20260210,093434.520290,093434.520290,0.0,805.424 um_pwv,983.242 um_pwv,35.0,2.098 K,1.89807
20260210,093435.485301,093435.485301,0.0,803.332 um_pwv,980.687 um_pwv,35.0,2.043 K,1.89313
20260210,093436.445857,093436.445857,0.0,801.143 um_pwv,978.014 um_pwv,35.0,2.029 K,1.88796
20260210,093437.406626,093437.406626,0.0,798.269 um_pwv,974.507 um_pwv,35.0,1.961 K,1.88117
20260210,093438.363875,093438.363875,0.0,800.62 um_pwv,977.377 um_pwv,35.0,2.134 K,1.88672
20260210,093439.326698,093439.326698,0.0,803.467 um_pwv,980.853 um_pwv,35.0,2.232 K,1.89345
20260210,093440.282506,093440.282506,0.0,802.638 um_pwv,979.84 um_pwv,35.0,2.237 K,1.89149
20260210,093441.242252,093441.242252,0.0,806.57 um_pwv,984.64 um_pwv,35.0,2.414 K,1.90078
20260210,093442.205232,093442.205232,0.0,807.104 um_pwv,985.292 um_pwv,35.0,2.431 K,1.90204
20260210,093443.162244,093443.162244,0.0,808.651 um_pwv,987.181 um_pwv,35.0,2.425 K,1.90570
20260210,093444.123154,093444.123154,0.0,810.969 um_pwv,990.011 um_pwv,35.0,2.448 K,1.91118
20260210,093445.087382,093445.087382,0.0,812.311 um_pwv,991.649 um_pwv,35.0,2.364 K,1.91435
20260210,093446.044199,093446.044199,0.0,813.254 um_pwv,992.8 um_pwv,35.0,2.188 K,1.91658
20260210,093447.005178,093447.005178,0.0,813.905 um_pwv,993.595 um_pwv,35.0,2.274 K,1.91812
20260210,093447.962444,093447.962444,0.0,812.311 um_pwv,991.649 um_pwv,35.0,2.132 K,1.91435
20260210,093448.922112,093448.922112,0.0,812.432 um_pwv,991.796 um_pwv,35.0,2.009 K,1.91463
20260210,093449.884047,093449.884047,0.0,812.223 um_pwv,991.541 um_pwv,35.0,2.057 K,1.91414
20260210,093450.842231,093450.842231,0.0,813.005 um_pwv,992.495 um_pwv,35.0,2.029 K,1.91599
20260210,093451.805519,093451.805519,0.0,811.899 um_pwv,991.146 um_pwv,35.0,2.047 K,1.91337
20260210,093452.767611,093452.767611,0.0,813.535 um_pwv,993.143 um_pwv,35.0,1.995 K,1.91724
20260210,093453.722321,093453.722321,0.0,817.33 um_pwv,997.776 um_pwv,35.0,2.145 K,1.92621
20260210,093454.684408,093454.684408,0.0,819.327 um_pwv,1000.21 um_pwv,35.0,2.148 K,1.93093
20260210,093455.643449,093455.643449,0.0,821.919 um_pwv,1003.38 um_pwv,35.0,2.358 K,1.93705
20260210,093456.605508,093456.605508,0.0,821.201 um_pwv,1002.5 um_pwv,35.0,2.344 K,1.93536
20260210,093457.567182,093457.567182,0.0,820.836 um_pwv,1002.06 um_pwv,35.0,2.415 K,1.93449
20260210,093458.523901,093458.523901,0.0,821.261 um_pwv,1002.58 um_pwv,35.0,2.533 K,1.93550
20260210,093459.484841,093459.484841,0.0,819.936 um_pwv,1000.96 um_pwv,35.0,2.407 K,1.93237
20260210,093500.444927,093500.444927,0.0,820.35 um_pwv,1001.46 um_pwv,35.0,2.365 K,1.93335
20260210,093501.405025,093501.405025,0.0,817.912 um_pwv,998.487 um_pwv,35.0,2.324 K,1.92759
20260210,093502.360952,093502.360952,0.0,813.294 um_pwv,992.849 um_pwv,35.0,2.233 K,1.91667
20260210,093503.323029,093503.323029,0.0,808.451 um_pwv,986.937 um_pwv,35.0,2.093 K,1.90523
20260210,093504.287631,093504.287631,0.0,804.134 um_pwv,981.666 um_pwv,35.0,1.987 K,1.89502
20260210,093505.244450,093505.244450,0.0,802.033 um_pwv,979.101 um_pwv,35.0,2.018 K,1.89006
20260210,093506.206074,093506.206074,0.0,801.47 um_pwv,978.415 um_pwv,35.0,2.127 K,1.88873
20260210,093507.167393,093507.167393,0.0,800.846 um_pwv,977.652 um_pwv,35.0,2.125 K,1.88725
20260210,093508.124351,093508.124351,0.0,801.546 um_pwv,978.507 um_pwv,35.0,2.238 K,1.88891
20260210,093509.084052,093509.084052,0.0,802.488 um_pwv,979.657 um_pwv,35.0,2.261 K,1.89113
20260210,093510.046952,093510.046952,0.0,803.122 um_pwv,980.431 um_pwv,35.0,2.302 K,1.89263
20260210,093511.004517,093511.004517,0.0,806.22 um_pwv,984.213 um_pwv,35.0,2.468 K,1.89995
20260210,093511.964103,093511.964103,0.0,807.235 um_pwv,985.452 um_pwv,35.0,2.474 K,1.90235
20260210,093512.925870,093512.925870,0.0,809.558 um_pwv,988.288 um_pwv,35.0,2.397 K,1.90784
20260210,093513.883872,093513.883872,0.0,811.009 um_pwv,990.06 um_pwv,35.0,2.388 K,1.91127
20260210,093514.844096,093514.844096,0.0,813.334 um_pwv,992.898 um_pwv,35.0,2.495 K,1.91677
20260210,093515.804798,093515.804798,0.0,811.951 um_pwv,991.209 um_pwv,35.0,2.304 K,1.91350
20260210,093516.764742,093516.764742,0.0,814.017 um_pwv,993.731 um_pwv,35.0,2.215 K,1.91838
20260210,093517.726664,093517.726664,0.0,810.729 um_pwv,989.718 um_pwv,35.0,2.04 K,1.91061
20260210,093518.682934,093518.682934,0.0,811.69 um_pwv,990.891 um_pwv,35.0,2.059 K,1.91288
20260210,093519.643641,093519.643641,0.0,812.463 um_pwv,991.834 um_pwv,35.0,1.975 K,1.91471
20260210,093520.607048,093520.607048,0.0,812.011 um_pwv,991.282 um_pwv,35.0,2.047 K,1.91364
20260210,093521.566140,093521.566140,0.0,812.171 um_pwv,991.478 um_pwv,35.0,1.889 K,1.91402
20260210,093522.526725,093522.526725,0.0,813.905 um_pwv,993.595 um_pwv,35.0,2.022 K,1.91812
20260210,093523.481379,093523.481379,0.0,816.138 um_pwv,996.32 um_pwv,35.0,1.926 K,1.92339
20260210,093524.441629,093524.441629,0.0,816.561 um_pwv,996.837 um_pwv,35.0,2.149 K,1.92439
20260210,093525.402735,093525.402735,0.0,820.237 um_pwv,1001.32 um_pwv,35.0,2.252 K,1.93308
20260210,093526.364747,093526.364747,0.0,820.816 um_pwv,1002.03 um_pwv,35.0,2.356 K,1.93445
20260210,093527.323260,093527.323260,0.0,822.365 um_pwv,1003.92 um_pwv,35.0,2.529 K,1.93811
20260210,093528.286851,093528.286851,0.0,821.232 um_pwv,1002.54 um_pwv,35.0,2.486 K,1.93543
20260210,093529.243867,093529.243867,0.0,821.16 um_pwv,1002.45 um_pwv,35.0,2.493 K,1.93526
20260210,093530.206331,093530.206331,0.0,817.379 um_pwv,997.836 um_pwv,35.0,2.314 K,1.92633
20260210,093531.166111,093531.166111,0.0,816.956 um_pwv,997.319 um_pwv,35.0,2.278 K,1.92532
20260210,093532.126034,093532.126034,0.0,811.338 um_pwv,990.461 um_pwv,35.0,2.176 K,1.91205
20260210,093533.083090,093533.083090,0.0,808.343 um_pwv,986.805 um_pwv,35.0,2.117 K,1.90497
20260210,093534.047777,093534.047777,0.0,803.4 um_pwv,980.77 um_pwv,35.0,2.034 K,1.89329
20260210,093535.007875,093535.007875,0.0,801.874 um_pwv,978.908 um_pwv,35.0,2.106 K,1.88968
20260210,093535.966167,093535.966167,0.0,802.27 um_pwv,979.391 um_pwv,35.0,2.036 K,1.89062
20260210,093536.926750,093536.926750,0.0,800.62 um_pwv,977.377 um_pwv,35.0,2.07 K,1.88672
20260210,093537.887786,093537.887786,0.0,801.973 um_pwv,979.029 um_pwv,35.0,2.135 K,1.88992
20260210,093538.844752,093538.844752,0.0,802.211 um_pwv,979.319 um_pwv,35.0,2.232 K,1.89048
20260210,093539.807646,093539.807646,0.0,805.217 um_pwv,982.989 um_pwv,35.0,2.336 K,1.89758
20260210,093540.763216,093540.763216,0.0,806.717 um_pwv,984.82 um_pwv,35.0,2.354 K,1.90113
20260210,093541.725910,093541.725910,0.0,809.181 um_pwv,987.828 um_pwv,35.0,2.396 K,1.90695
20260210,093542.686378,093542.686378,0.0,811.23 um_pwv,990.328 um_pwv,35.0,2.452 K,1.91179
20260210,093543.644687,093543.644687,0.0,812.833 um_pwv,992.286 um_pwv,35.0,2.461 K,1.91558
20260210,093544.605996,093544.605996,0.0,813.948 um_pwv,993.647 um_pwv,35.0,2.351 K,1.91822
20260210,093545.567228,093545.567228,0.0,813.547 um_pwv,993.157 um_pwv,35.0,2.152 K,1.91727
20260210,093546.523050,093546.523050,0.0,814.31 um_pwv,994.089 um_pwv,35.0,2.147 K,1.91907
20260210,093547.483941,093547.483941,0.0,812.652 um_pwv,992.065 um_pwv,35.0,2.081 K,1.91515
20260210,093548.443508,093548.443508,0.0,813.125 um_pwv,992.642 um_pwv,35.0,2.004 K,1.91627
20260210,093549.406120,093549.406120,0.0,811.87 um_pwv,991.111 um_pwv,35.0,1.982 K,1.91331
20260210,093550.367546,093550.367546,0.0,813.796 um_pwv,993.462 um_pwv,35.0,2.059 K,1.91786
20260210,093551.323259,093551.323259,0.0,813.443 um_pwv,993.031 um_pwv,35.0,1.947 K,1.91702
20260210,093552.284820,093552.284820,0.0,815.192 um_pwv,995.165 um_pwv,35.0,2.129 K,1.92116
20260210,093553.247019,093553.247019,0.0,817.419 um_pwv,997.885 um_pwv,35.0,2.145 K,1.92642
20260210,093554.207099,093554.207099,0.0,819.338 um_pwv,1000.23 um_pwv,35.0,2.197 K,1.93095
20260210,093555.168343,093555.168343,0.0,820.917 um_pwv,1002.15 um_pwv,35.0,2.338 K,1.93469
20260210,093556.123277,093556.123277,0.0,821.151 um_pwv,1002.44 um_pwv,35.0,2.393 K,1.93524
20260210,093557.085652,093557.085652,0.0,822.998 um_pwv,1004.69 um_pwv,35.0,2.52 K,1.93960
20260210,093558.046392,093558.046392,0.0,822.226 um_pwv,1003.75 um_pwv,35.0,2.571 K,1.93778
20260210,093559.007199,093559.007199,0.0,820.897 um_pwv,1002.13 um_pwv,35.0,2.398 K,1.93464
20260210,093559.963112,093559.963112,0.0,820.46 um_pwv,1001.6 um_pwv,35.0,2.458 K,1.93361
20260210,093600.924488,093600.924488,0.0,817.411 um_pwv,997.874 um_pwv,35.0,2.387 K,1.92640
20260210,093601.892376,093601.892376,0.0,812.893 um_pwv,992.359 um_pwv,35.0,2.267 K,1.91572
20260210,093602.847049,093602.847049,0.0,808.751 um_pwv,987.302 um_pwv,35.0,2.24 K,1.90593
20260210,093603.806604,093603.806604,0.0,806.081 um_pwv,984.043 um_pwv,35.0,2.221 K,1.89962
20260210,093604.763932,093604.763932,0.0,803.479 um_pwv,980.867 um_pwv,35.0,2.138 K,1.89348
20260210,093605.726681,093605.726681,0.0,801.261 um_pwv,978.159 um_pwv,35.0,2.09 K,1.88824
20260210,093606.687649,093606.687649,0.0,801.371 um_pwv,978.294 um_pwv,35.0,2.064 K,1.88850
20260210,093607.648127,093607.648127,0.0,802.675 um_pwv,979.885 um_pwv,35.0,2.191 K,1.89158
20260210,093608.603226,093608.603226,0.0,804.122 um_pwv,981.652 um_pwv,35.0,2.301 K,1.89500
20260210,093609.565557,093609.565557,0.0,806.749 um_pwv,984.859 um_pwv,35.0,2.413 K,1.90120
20260210,093610.526465,093610.526465,0.0,808.132 um_pwv,986.547 um_pwv,35.0,2.449 K,1.90447
20260210,093611.481708,093611.481708,0.0,809.05 um_pwv,987.668 um_pwv,35.0,2.442 K,1.90664
20260210,093612.441736,093612.441736,0.0,811.27 um_pwv,990.377 um_pwv,35.0,2.552 K,1.91189
20260210,093613.403229,093613.403229,0.0,815.453 um_pwv,995.485 um_pwv,35.0,2.535 K,1.92177
20260210,093614.365583,093614.365583,0.0,816.017 um_pwv,996.173 um_pwv,35.0,2.391 K,1.92311
20260210,093615.326948,093615.326948,0.0,815.353 um_pwv,995.362 um_pwv,35.0,2.298 K,1.92154
20260210,093616.286218,093616.286218,0.0,815.695 um_pwv,995.78 um_pwv,35.0,2.284 K,1.92235
20260210,093617.246921,093617.246921,0.0,811.53 um_pwv,990.695 um_pwv,35.0,2.084 K,1.91250
20260210,093618.206706,093618.206706,0.0,812.583 um_pwv,991.981 um_pwv,35.0,2.1 K,1.91499
20260210,093619.166801,093619.166801,0.0,810.861 um_pwv,989.878 um_pwv,35.0,2.005 K,1.91092
20260210,093620.127665,093620.127665,0.0,811.301 um_pwv,990.416 um_pwv,35.0,1.965 K,1.91196
20260210,093621.086864,093621.086864,0.0,814.6 um_pwv,994.443 um_pwv,35.0,2.12 K,1.91976
20260210,093622.046884,093622.046884,0.0,816.109 um_pwv,996.285 um_pwv,35.0,2.031 K,1.92332
20260210,093623.006304,093623.006304,0.0,818.4 um_pwv,999.082 um_pwv,35.0,2.133 K,1.92874
20260210,093623.968316,093623.968316,0.0,819.067 um_pwv,999.896 um_pwv,35.0,2.23 K,1.93031
20260210,093624.926867,093624.926867,0.0,820.836 um_pwv,1002.06 um_pwv,35.0,2.389 K,1.93449
20260210,093625.887364,093625.887364,0.0,821.435 um_pwv,1002.79 um_pwv,35.0,2.456 K,1.93591
20260210,093626.845377,093626.845377,0.0,823.587 um_pwv,1005.41 um_pwv,35.0,2.64 K,1.94100
20260210,093627.806762,093627.806762,0.0,821.383 um_pwv,1002.72 um_pwv,35.0,2.513 K,1.93579
20260210,093628.768264,093628.768264,0.0,822.255 um_pwv,1003.79 um_pwv,35.0,2.481 K,1.93785
20260210,093629.725504,093629.725504,0.0,819.277 um_pwv,1000.15 um_pwv,35.0,2.468 K,1.93081
20260210,093630.685430,093630.685430,0.0,815.485 um_pwv,995.523 um_pwv,35.0,2.293 K,1.92185
20260210,093631.643187,093631.643187,0.0,809.07 um_pwv,987.692 um_pwv,35.0,2.214 K,1.90669
20260210,093632.603821,093632.603821,0.0,805.592 um_pwv,983.446 um_pwv,35.0,2.127 K,1.89847
20260210,093633.566802,093633.566802,0.0,803.538 um_pwv,980.939 um_pwv,35.0,2.093 K,1.89362
20260210,093634.527705,093634.527705,0.0,802.409 um_pwv,979.56 um_pwv,35.0,2.005 K,1.89095
20260210,093635.483284,093635.483284,0.0,800.854 um_pwv,977.663 um_pwv,35.0,2.032 K,1.88727
20260210,093636.447568,093636.447568,0.0,800.146 um_pwv,976.798 um_pwv,35.0,2.109 K,1.88560
20260210,093637.407707,093637.407707,0.0,802.27 um_pwv,979.391 um_pwv,35.0,2.283 K,1.89062
20260210,093638.367981,093638.367981,0.0,802.627 um_pwv,979.826 um_pwv,35.0,2.238 K,1.89146
20260210,093639.324019,093639.324019,0.0,804.797 um_pwv,982.476 um_pwv,35.0,2.321 K,1.89659
20260210,093640.288411,093640.288411,0.0,808.511 um_pwv,987.01 um_pwv,35.0,2.445 K,1.90537
20260210,093641.244386,093641.244386,0.0,810.809 um_pwv,989.815 um_pwv,35.0,2.556 K,1.91080
20260210,093642.207797,093642.207797,0.0,811.982 um_pwv,991.247 um_pwv,35.0,2.567 K,1.91357
20260210,093643.166089,093643.166089,0.0,813.988 um_pwv,993.696 um_pwv,35.0,2.398 K,1.91831
20260210,093644.127438,093644.127438,0.0,816.734 um_pwv,997.048 um_pwv,35.0,2.422 K,1.92480
20260210,093645.084237,093645.084237,0.0,814.499 um_pwv,994.32 um_pwv,35.0,2.215 K,1.91952
20260210,093646.043195,093646.043195,0.0,813.495 um_pwv,993.094 um_pwv,35.0,2.094 K,1.91715
20260210,093647.005439,093647.005439,0.0,812.059 um_pwv,991.341 um_pwv,35.0,2.016 K,1.91375
20260210,093647.967216,093647.967216,0.0,811.882 um_pwv,991.125 um_pwv,35.0,1.956 K,1.91333
20260210,093648.928407,093648.928407,0.0,812.793 um_pwv,992.237 um_pwv,35.0,1.88 K,1.91549
20260210,093649.885487,093649.885487,0.0,813.094 um_pwv,992.604 um_pwv,35.0,1.93 K,1.91620
20260210,093650.846072,093650.846072,0.0,813.684 um_pwv,993.325 um_pwv,35.0,2.019 K,1.91759
20260210,093651.808367,093651.808367,0.0,814.861 um_pwv,994.762 um_pwv,35.0,2.033 K,1.92038
20260210,093652.767863,093652.767863,0.0,816.42 um_pwv,996.665 um_pwv,35.0,2.062 K,1.92406
20260210,093653.727765,093653.727765,0.0,820.411 um_pwv,1001.54 um_pwv,35.0,2.273 K,1.93349
20260210,093654.688451,093654.688451,0.0,820.836 um_pwv,1002.06 um_pwv,35.0,2.307 K,1.93449
20260210,093655.651282,093655.651282,0.0,821.209 um_pwv,1002.51 um_pwv,35.0,2.349 K,1.93538
20260210,093656.606364,093656.606364,0.0,822.478 um_pwv,1004.06 um_pwv,35.0,2.576 K,1.93838
20260210,093657.566899,093657.566899,0.0,821.841 um_pwv,1003.28 um_pwv,35.0,2.41 K,1.93687
20260210,093658.526115,093658.526115,0.0,823.494 um_pwv,1005.3 um_pwv,35.0,2.407 K,1.94078
20260210,093659.488012,093659.488012,0.0,821.192 um_pwv,1002.49 um_pwv,35.0,2.37 K,1.93534
20260210,093700.449782,093700.449782,0.0,813.937 um_pwv,993.633 um_pwv,35.0,2.219 K,1.91819
20260210,093701.406970,093701.406970,0.0,809.37 um_pwv,988.058 um_pwv,35.0,2.354 K,1.90740
20260210,093702.368639,093702.368639,0.0,806.789 um_pwv,984.907 um_pwv,35.0,2.206 K,1.90130
20260210,093703.326415,093703.326415,0.0,802.401 um_pwv,979.55 um_pwv,35.0,1.998 K,1.89093
20260210,093704.288609,093704.288609,0.0,803.856 um_pwv,981.327 um_pwv,35.0,2.17 K,1.89437
20260210,093705.247700,093705.247700,0.0,800.798 um_pwv,977.594 um_pwv,35.0,2.075 K,1.88714
20260210,093706.207408,093706.207408,0.0,801.439 um_pwv,978.377 um_pwv,35.0,2.168 K,1.88866
20260210,093707.168434,093707.168434,0.0,801.53 um_pwv,978.487 um_pwv,35.0,2.227 K,1.88887
20260210,093708.128478,093708.128478,0.0,802.765 um_pwv,979.996 um_pwv,35.0,2.303 K,1.89179
20260210,093709.086291,093709.086291,0.0,805.138 um_pwv,982.892 um_pwv,35.0,2.353 K,1.89740
20260210,093710.044138,093710.044138,0.0,806.746 um_pwv,984.855 um_pwv,35.0,2.312 K,1.90120
20260210,093711.007859,093711.007859,0.0,809.47 um_pwv,988.18 um_pwv,35.0,2.474 K,1.90763
20260210,093711.968024,093711.968024,0.0,809.829 um_pwv,988.619 um_pwv,35.0,2.409 K,1.90848
20260210,093712.922467,093712.922467,0.0,813.595 um_pwv,993.217 um_pwv,35.0,2.367 K,1.91738
20260210,093713.888481,093713.888481,0.0,814.098 um_pwv,993.83 um_pwv,35.0,2.237 K,1.91857
20260210,093714.847922,093714.847922,0.0,813.314 um_pwv,992.873 um_pwv,35.0,2.178 K,1.91672
20260210,093715.804420,093715.804420,0.0,812.4 um_pwv,991.757 um_pwv,35.0,2.047 K,1.91456
20260210,093716.766424,093716.766424,0.0,811.979 um_pwv,991.244 um_pwv,35.0,1.936 K,1.91356
20260210,093717.728166,093717.728166,0.0,811.862 um_pwv,991.1 um_pwv,35.0,1.994 K,1.91329
20260210,093718.684334,093718.684334,0.0,811.69 um_pwv,990.891 um_pwv,35.0,2.007 K,1.91288
20260210,093719.648699,093719.648699,0.0,811.659 um_pwv,990.852 um_pwv,35.0,1.943 K,1.91281
20260210,093720.606036,093720.606036,0.0,813.945 um_pwv,993.644 um_pwv,35.0,2.031 K,1.91821
20260210,093721.564635,093721.564635,0.0,815.405 um_pwv,995.425 um_pwv,35.0,2.061 K,1.92166
20260210,093722.524779,093722.524779,0.0,817.319 um_pwv,997.762 um_pwv,35.0,2.2 K,1.92618
20260210,093723.482624,093723.482624,0.0,819.52 um_pwv,1000.45 um_pwv,35.0,2.319 K,1.93139
20260210,093724.446292,093724.446292,0.0,820.949 um_pwv,1002.19 um_pwv,35.0,2.361 K,1.93476
20260210,093725.406176,093725.406176,0.0,822.418 um_pwv,1003.99 um_pwv,35.0,2.468 K,1.93823
20260210,093726.364473,093726.364473,0.0,821.302 um_pwv,1002.62 um_pwv,35.0,2.504 K,1.93560
20260210,093727.324368,093727.324368,0.0,823.575 um_pwv,1005.4 um_pwv,35.0,2.521 K,1.94097
20260210,093728.286002,093728.286002,0.0,821.151 um_pwv,1002.44 um_pwv,35.0,2.491 K,1.93524
20260210,093729.244688,093729.244688,0.0,818.429 um_pwv,999.117 um_pwv,35.0,2.472 K,1.92881
20260210,093730.208476,093730.208476,0.0,814.479 um_pwv,994.296 um_pwv,35.0,2.362 K,1.91947
20260210,093731.166693,093731.166693,0.0,809.23 um_pwv,987.887 um_pwv,35.0,2.234 K,1.90707
20260210,093732.126307,093732.126307,0.0,805.087 um_pwv,982.829 um_pwv,35.0,2.097 K,1.89728
20260210,093733.087548,093733.087548,0.0,801.945 um_pwv,978.994 um_pwv,35.0,1.986 K,1.88985
20260210,093734.048809,093734.048809,0.0,803.003 um_pwv,980.286 um_pwv,35.0,2.089 K,1.89235
20260210,093735.009425,093735.009425,0.0,800.222 um_pwv,976.891 um_pwv,35.0,2.09 K,1.88578
20260210,093735.964521,093735.964521,0.0,800.49 um_pwv,977.218 um_pwv,35.0,2.081 K,1.88641
20260210,093736.926260,093736.926260,0.0,801.815 um_pwv,978.835 um_pwv,35.0,2.178 K,1.88954
20260210,093737.886653,093737.886653,0.0,803.162 um_pwv,980.479 um_pwv,35.0,2.286 K,1.89273
20260210,093738.848004,093738.848004,0.0,805.953 um_pwv,983.887 um_pwv,35.0,2.346 K,1.89932
20260210,093739.809311,093739.809311,0.0,809.21 um_pwv,987.863 um_pwv,35.0,2.434 K,1.90702
20260210,093740.766126,093740.766126,0.0,812.933 um_pwv,992.408 um_pwv,35.0,2.515 K,1.91582
20260210,093741.725269,093741.725269,0.0,813.234 um_pwv,992.775 um_pwv,35.0,2.486 K,1.91653
20260210,093742.687902,093742.687902,0.0,815.275 um_pwv,995.267 um_pwv,35.0,2.37 K,1.92135
20260210,093743.644571,093743.644571,0.0,813.435 um_pwv,993.02 um_pwv,35.0,2.185 K,1.91700
20260210,093744.606456,093744.606456,0.0,813.406 um_pwv,992.985 um_pwv,35.0,2.161 K,1.91694
20260210,093745.565916,093745.565916,0.0,812.54 um_pwv,991.929 um_pwv,35.0,2.088 K,1.91489
20260210,093746.528804,093746.528804,0.0,811.201 um_pwv,990.293 um_pwv,35.0,1.989 K,1.91173
20260210,093747.485002,093747.485002,0.0,812.563 um_pwv,991.957 um_pwv,35.0,2.004 K,1.91494
20260210,093748.446891,093748.446891,0.0,810.009 um_pwv,988.839 um_pwv,35.0,1.909 K,1.90891
20260210,093749.408361,093749.408361,0.0,813.225 um_pwv,992.765 um_pwv,35.0,1.95 K,1.91651
20260210,093750.364789,093750.364789,0.0,812.813 um_pwv,992.261 um_pwv,35.0,2.003 K,1.91553
20260210,093751.329023,093751.329023,0.0,814.761 um_pwv,994.639 um_pwv,35.0,2.014 K,1.92014
20260210,093752.285016,093752.285016,0.0,819.087 um_pwv,999.92 um_pwv,35.0,2.246 K,1.93036
20260210,093753.246482,093753.246482,0.0,819.318 um_pwv,1000.2 um_pwv,35.0,2.287 K,1.93091
20260210,093754.208066,093754.208066,0.0,821.18 um_pwv,1002.48 um_pwv,35.0,2.432 K,1.93531
20260210,093755.167974,093755.167974,0.0,822.377 um_pwv,1003.94 um_pwv,35.0,2.434 K,1.93814
20260210,093756.126918,093756.126918,0.0,821.363 um_pwv,1002.7 um_pwv,35.0,2.508 K,1.93574
20260210,093757.086664,093757.086664,0.0,822.693 um_pwv,1004.32 um_pwv,35.0,2.495 K,1.93888
20260210,093758.047558,093758.047558,0.0,820.298 um_pwv,1001.4 um_pwv,35.0,2.5 K,1.93322
20260210,093759.007131,093759.007131,0.0,818.005 um_pwv,998.599 um_pwv,35.0,2.443 K,1.92780
20260210,093759.968141,093759.968141,0.0,812.583 um_pwv,991.981 um_pwv,35.0,2.249 K,1.91499
20260210,093800.928123,093800.928123,0.0,808.192 um_pwv,986.62 um_pwv,35.0,2.214 K,1.90461
20260210,093801.888876,093801.888876,0.0,805.393 um_pwv,983.203 um_pwv,35.0,2.144 K,1.89800
20260210,093802.846225,093802.846225,0.0,801.696 um_pwv,978.69 um_pwv,35.0,2.01 K,1.88926
20260210,093803.805860,093803.805860,0.0,802.607 um_pwv,979.802 um_pwv,35.0,2.059 K,1.89142
20260210,093804.767952,093804.767952,0.0,799.997 um_pwv,976.616 um_pwv,35.0,2.045 K,1.88525
20260210,093805.726427,093805.726427,0.0,800.123 um_pwv,976.77 um_pwv,35.0,2.155 K,1.88555
20260210,093806.688251,093806.688251,0.0,802.437 um_pwv,979.595 um_pwv,35.0,2.332 K,1.89101
20260210,093807.645216,093807.645216,0.0,804.59 um_pwv,982.223 um_pwv,35.0,2.274 K,1.89610
20260210,093808.607238,093808.607238,0.0,805.842 um_pwv,983.751 um_pwv,35.0,2.342 K,1.89906
20260210,093809.569113,093809.569113,0.0,807.326 um_pwv,985.564 um_pwv,35.0,2.39 K,1.90257
20260210,093810.525116,093810.525116,0.0,811.198 um_pwv,990.29 um_pwv,35.0,2.473 K,1.91172
20260210,093811.488707,093811.488707,0.0,813.446 um_pwv,993.034 um_pwv,35.0,2.472 K,1.91703
20260210,093812.446676,093812.446676,0.0,814.278 um_pwv,994.05 um_pwv,35.0,2.289 K,1.91900
20260210,093813.408147,093813.408147,0.0,814.077 um_pwv,993.805 um_pwv,35.0,2.287 K,1.91852
20260210,093814.368721,093814.368721,0.0,813.254 um_pwv,992.8 um_pwv,35.0,2.164 K,1.91658
20260210,093815.325851,093815.325851,0.0,811.358 um_pwv,990.485 um_pwv,35.0,2.113 K,1.91210
20260210,093816.285065,093816.285065,0.0,810.841 um_pwv,989.854 um_pwv,35.0,1.982 K,1.91087
20260210,093817.247506,093817.247506,0.0,811.59 um_pwv,990.768 um_pwv,35.0,1.918 K,1.91264
20260210,093818.206030,093818.206030,0.0,812.051 um_pwv,991.331 um_pwv,35.0,2.02 K,1.91373
20260210,093819.168333,093819.168333,0.0,813.696 um_pwv,993.339 um_pwv,35.0,1.986 K,1.91762
20260210,093820.127111,093820.127111,0.0,814.499 um_pwv,994.32 um_pwv,35.0,2.078 K,1.91952
20260210,093821.087370,093821.087370,0.0,816.924 um_pwv,997.28 um_pwv,35.0,2.118 K,1.92525
20260210,093822.048844,093822.048844,0.0,819.945 um_pwv,1000.97 um_pwv,35.0,2.243 K,1.93239
20260210,093823.007138,093823.007138,0.0,821.554 um_pwv,1002.93 um_pwv,35.0,2.347 K,1.93619
20260210,093823.969893,093823.969893,0.0,821.221 um_pwv,1002.53 um_pwv,35.0,2.382 K,1.93540
20260210,093824.925276,093824.925276,0.0,822.429 um_pwv,1004 um_pwv,35.0,2.503 K,1.93826
20260210,093825.885526,093825.885526,0.0,822.499 um_pwv,1004.09 um_pwv,35.0,2.513 K,1.93842
20260210,093826.849027,093826.849027,0.0,823.006 um_pwv,1004.71 um_pwv,35.0,2.522 K,1.93962
20260210,093827.808098,093827.808098,0.0,819.884 um_pwv,1000.89 um_pwv,35.0,2.377 K,1.93225
20260210,093828.769351,093828.769351,0.0,816.512 um_pwv,996.777 um_pwv,35.0,2.363 K,1.92428
20260210,093829.725497,093829.725497,0.0,812.403 um_pwv,991.761 um_pwv,35.0,2.31 K,1.91457
20260210,093830.686458,093830.686458,0.0,807.295 um_pwv,985.525 um_pwv,35.0,2.242 K,1.90249
20260210,093831.648786,093831.648786,0.0,804.213 um_pwv,981.763 um_pwv,35.0,2.127 K,1.89521
20260210,093832.606265,093832.606265,0.0,802.401 um_pwv,979.55 um_pwv,35.0,2.058 K,1.89093
20260210,093833.567098,093833.567098,0.0,801.518 um_pwv,978.473 um_pwv,35.0,2.064 K,1.88884
20260210,093834.528468,093834.528468,0.0,801.823 um_pwv,978.846 um_pwv,35.0,2.18 K,1.88956
20260210,093835.485362,093835.485362,0.0,802.001 um_pwv,979.063 um_pwv,35.0,2.142 K,1.88998
20260210,093836.445451,093836.445451,0.0,802.199 um_pwv,979.305 um_pwv,35.0,2.114 K,1.89045
20260210,093837.409917,093837.409917,0.0,804.185 um_pwv,981.728 um_pwv,35.0,2.224 K,1.89514
20260210,093838.368262,093838.368262,0.0,808.303 um_pwv,986.756 um_pwv,35.0,2.366 K,1.90488
20260210,093839.329106,093839.329106,0.0,807.645 um_pwv,985.953 um_pwv,35.0,2.347 K,1.90332
20260210,093840.289803,093840.289803,0.0,809.082 um_pwv,987.706 um_pwv,35.0,2.379 K,1.90672
20260210,093841.249897,093841.249897,0.0,812.953 um_pwv,992.432 um_pwv,35.0,2.364 K,1.91587
20260210,093842.204365,093842.204365,0.0,812.652 um_pwv,992.065 um_pwv,35.0,2.271 K,1.91515
20260210,093843.166416,093843.166416,0.0,812.813 um_pwv,992.261 um_pwv,35.0,2.168 K,1.91553
20260210,093844.129156,093844.129156,0.0,813.243 um_pwv,992.786 um_pwv,35.0,2.106 K,1.91655
20260210,093845.089731,093845.089731,0.0,810.009 um_pwv,988.839 um_pwv,35.0,2.053 K,1.90891
20260210,093846.047596,093846.047596,0.0,808.919 um_pwv,987.508 um_pwv,35.0,1.931 K,1.90633
20260210,093847.006503,093847.006503,0.0,809.809 um_pwv,988.595 um_pwv,35.0,1.882 K,1.90844
20260210,093847.976060,093847.976060,0.0,811.209 um_pwv,990.304 um_pwv,35.0,1.937 K,1.91175
20260210,093848.925898,093848.925898,0.0,810.569 um_pwv,989.522 um_pwv,35.0,1.9 K,1.91023
20260210,093849.886999,093849.886999,0.0,814.62 um_pwv,994.467 um_pwv,35.0,2.055 K,1.91981
20260210,093850.846861,093850.846861,0.0,815.988 um_pwv,996.138 um_pwv,35.0,2.071 K,1.92304
20260210,093851.807686,093851.807686,0.0,818.994 um_pwv,999.808 um_pwv,35.0,2.174 K,1.93014
20260210,093852.768902,093852.768902,0.0,819.48 um_pwv,1000.4 um_pwv,35.0,2.213 K,1.93129
20260210,093853.725503,093853.725503,0.0,821.76 um_pwv,1003.18 um_pwv,35.0,2.32 K,1.93668
20260210,093854.688302,093854.688302,0.0,821.667 um_pwv,1003.07 um_pwv,35.0,2.403 K,1.93646
20260210,093855.649855,093855.649855,0.0,822.508 um_pwv,1004.1 um_pwv,35.0,2.413 K,1.93844
20260210,093856.605466,093856.605466,0.0,820.532 um_pwv,1001.68 um_pwv,35.0,2.467 K,1.93378
20260210,093857.569035,093857.569035,0.0,817.5 um_pwv,997.983 um_pwv,35.0,2.404 K,1.92661
20260210,093858.529943,093858.529943,0.0,813.475 um_pwv,993.07 um_pwv,35.0,2.194 K,1.91710
20260210,093859.487176,093859.487176,0.0,809.801 um_pwv,988.584 um_pwv,35.0,2.232 K,1.90842
20260210,093900.449017,093900.449017,0.0,805.842 um_pwv,983.751 um_pwv,35.0,2.03 K,1.89906
20260210,093901.407329,093901.407329,0.0,804.392 um_pwv,981.981 um_pwv,35.0,2.09 K,1.89563
20260210,093902.366892,093902.366892,0.0,803.329 um_pwv,980.683 um_pwv,35.0,2.021 K,1.89312
20260210,093903.326749,093903.326749,0.0,797.347 um_pwv,973.381 um_pwv,35.0,1.821 K,1.87899
20260210,093904.284792,093904.284792,0.0,799.957 um_pwv,976.567 um_pwv,35.0,2.032 K,1.88515
20260210,093905.247047,093905.247047,0.0,799.622 um_pwv,976.158 um_pwv,35.0,2.011 K,1.88436
20260210,093906.208196,093906.208196,0.0,801.411 um_pwv,978.342 um_pwv,35.0,2.104 K,1.88859
20260210,093907.166660,093907.166660,0.0,804.65 um_pwv,982.296 um_pwv,35.0,2.252 K,1.89624
20260210,093908.131273,093908.131273,0.0,806.24 um_pwv,984.237 um_pwv,35.0,2.326 K,1.90000
20260210,093909.089333,093909.089333,0.0,808.072 um_pwv,986.474 um_pwv,35.0,2.363 K,1.90433
20260210,093910.046466,093910.046466,0.0,810.681 um_pwv,989.658 um_pwv,35.0,2.454 K,1.91050
20260210,093911.008752,093911.008752,0.0,812.873 um_pwv,992.335 um_pwv,35.0,2.402 K,1.91568
20260210,093911.967451,093911.967451,0.0,813.885 um_pwv,993.57 um_pwv,35.0,2.289 K,1.91807
20260210,093912.929721,093912.929721,0.0,813.062 um_pwv,992.565 um_pwv,35.0,2.227 K,1.91612
20260210,093913.890420,093913.890420,0.0,812.684 um_pwv,992.104 um_pwv,35.0,2.131 K,1.91523
20260210,093914.850004,093914.850004,0.0,811.438 um_pwv,990.583 um_pwv,35.0,2.085 K,1.91229
20260210,093915.809327,093915.809327,0.0,810.909 um_pwv,989.937 um_pwv,35.0,2.049 K,1.91104
20260210,093916.764715,093916.764715,0.0,809.29 um_pwv,987.96 um_pwv,35.0,1.958 K,1.90721
20260210,093917.725947,093917.725947,0.0,812.945 um_pwv,992.422 um_pwv,35.0,2.046 K,1.91585
20260210,093918.684912,093918.684912,0.0,811.91 um_pwv,991.16 um_pwv,35.0,1.98 K,1.91340
20260210,093919.648213,093919.648213,0.0,814.057 um_pwv,993.781 um_pwv,35.0,1.997 K,1.91848
20260210,093920.608353,093920.608353,0.0,816.642 um_pwv,996.935 um_pwv,35.0,2.096 K,1.92458
20260210,093921.566660,093921.566660,0.0,818.247 um_pwv,998.895 um_pwv,35.0,2.14 K,1.92838
20260210,093922.528318,093922.528318,0.0,818.934 um_pwv,999.734 um_pwv,35.0,2.139 K,1.93000
20260210,093923.489767,093923.489767,0.0,822.58 um_pwv,1004.18 um_pwv,35.0,2.253 K,1.93862
20260210,093924.449848,093924.449848,0.0,820.978 um_pwv,1002.23 um_pwv,35.0,2.374 K,1.93483
20260210,093925.407713,093925.407713,0.0,821.707 um_pwv,1003.12 um_pwv,35.0,2.416 K,1.93655
20260210,093926.368449,093926.368449,0.0,821.169 um_pwv,1002.46 um_pwv,35.0,2.369 K,1.93528
20260210,093927.330706,093927.330706,0.0,816.331 um_pwv,996.556 um_pwv,35.0,2.225 K,1.92385
20260210,093928.287973,093928.287973,0.0,811.83 um_pwv,991.062 um_pwv,35.0,2.171 K,1.91321
20260210,093929.249902,093929.249902,0.0,809.678 um_pwv,988.434 um_pwv,35.0,2.12 K,1.90813
20260210,093930.210712,093930.210712,0.0,805.226 um_pwv,982.999 um_pwv,35.0,2.038 K,1.89760
20260210,093931.166976,093931.166976,0.0,800.581 um_pwv,977.329 um_pwv,35.0,1.821 K,1.88663
20260210,093932.125864,093932.125864,0.0,798.844 um_pwv,975.209 um_pwv,35.0,1.92 K,1.88252
20260210,093933.089450,093933.089450,0.0,800.956 um_pwv,977.787 um_pwv,35.0,2.037 K,1.88752
20260210,093934.046962,093934.046962,0.0,800.293 um_pwv,976.977 um_pwv,35.0,2.08 K,1.88595
20260210,093935.009900,093935.009900,0.0,800.917 um_pwv,977.739 um_pwv,35.0,2.059 K,1.88742
20260210,093935.969567,093935.969567,0.0,802.053 um_pwv,979.125 um_pwv,35.0,2.202 K,1.89011
20260210,093936.927732,093936.927732,0.0,805.473 um_pwv,983.301 um_pwv,35.0,2.332 K,1.89819
20260210,093937.889878,093937.889878,0.0,807.395 um_pwv,985.647 um_pwv,35.0,2.337 K,1.90273
20260210,093938.845743,093938.845743,0.0,809.609 um_pwv,988.351 um_pwv,35.0,2.364 K,1.90796
20260210,093939.807735,093939.807735,0.0,809.37 um_pwv,988.058 um_pwv,35.0,2.341 K,1.90740
20260210,093940.767889,093940.767889,0.0,812.151 um_pwv,991.453 um_pwv,35.0,2.351 K,1.91397
20260210,093941.730330,093941.730330,0.0,813.363 um_pwv,992.933 um_pwv,35.0,2.286 K,1.91683
20260210,093942.686248,093942.686248,0.0,812.22 um_pwv,991.537 um_pwv,35.0,2.105 K,1.91413
20260210,093943.646299,093943.646299,0.0,811.882 um_pwv,991.125 um_pwv,35.0,2.095 K,1.91333
20260210,093944.608121,093944.608121,0.0,812.031 um_pwv,991.306 um_pwv,35.0,2.126 K,1.91369
20260210,093945.569890,093945.569890,0.0,809.358 um_pwv,988.044 um_pwv,35.0,1.915 K,1.90737
20260210,093946.527050,093946.527050,0.0,810.041 um_pwv,988.877 um_pwv,35.0,1.912 K,1.90898
20260210,093947.489398,093947.489398,0.0,811.178 um_pwv,990.265 um_pwv,35.0,1.933 K,1.91167
20260210,093948.448414,093948.448414,0.0,812.973 um_pwv,992.457 um_pwv,35.0,1.977 K,1.91591
20260210,093949.406577,093949.406577,0.0,814.58 um_pwv,994.418 um_pwv,35.0,2.008 K,1.91971
20260210,093950.368655,093950.368655,0.0,819.844 um_pwv,1000.84 um_pwv,35.0,2.208 K,1.93215
20260210,093951.325314,093951.325314,0.0,819.067 um_pwv,999.896 um_pwv,35.0,2.157 K,1.93031
20260210,093952.285124,093952.285124,0.0,820.523 um_pwv,1001.67 um_pwv,35.0,2.255 K,1.93376
20260210,093953.248755,093953.248755,0.0,822.255 um_pwv,1003.79 um_pwv,35.0,2.501 K,1.93785
20260210,093954.206521,093954.206521,0.0,820.856 um_pwv,1002.08 um_pwv,35.0,2.411 K,1.93454
20260210,093955.172176,093955.172176,0.0,821.12 um_pwv,1002.4 um_pwv,35.0,2.422 K,1.93516
20260210,093956.128327,093956.128327,0.0,820.926 um_pwv,1002.17 um_pwv,35.0,2.495 K,1.93471
20260210,093957.089442,093957.089442,0.0,816.069 um_pwv,996.236 um_pwv,35.0,2.43 K,1.92323
20260210,093958.046054,093958.046054,0.0,814.942 um_pwv,994.86 um_pwv,35.0,2.323 K,1.92057
20260210,093959.010855,093959.010855,0.0,810.369 um_pwv,989.278 um_pwv,35.0,2.208 K,1.90976
20260210,093959.968683,093959.968683,0.0,806.857 um_pwv,984.99 um_pwv,35.0,2.152 K,1.90146
20260210,094000.928441,094000.928441,0.0,802.516 um_pwv,979.691 um_pwv,35.0,2.029 K,1.89120
20260210,094001.889827,094001.889827,0.0,800.914 um_pwv,977.735 um_pwv,35.0,2.055 K,1.88741
20260210,094002.851180,094002.851180,0.0,800.925 um_pwv,977.749 um_pwv,35.0,2.031 K,1.88744
20260210,094003.808057,094003.808057,0.0,799.484 um_pwv,975.989 um_pwv,35.0,2.023 K,1.88403
20260210,094004.768060,094004.768060,0.0,801.736 um_pwv,978.739 um_pwv,35.0,2.165 K,1.88936
20260210,094005.728229,094005.728229,0.0,803.527 um_pwv,980.925 um_pwv,35.0,2.263 K,1.89359
20260210,094006.686236,094006.686236,0.0,804.531 um_pwv,982.15 um_pwv,35.0,2.344 K,1.89596
20260210,094007.648338,094007.648338,0.0,806.268 um_pwv,984.272 um_pwv,35.0,2.361 K,1.90007
20260210,094008.608535,094008.608535,0.0,809.761 um_pwv,988.535 um_pwv,35.0,2.458 K,1.90832
20260210,094009.568064,094009.568064,0.0,810.769 um_pwv,989.766 um_pwv,35.0,2.434 K,1.91070
20260210,094010.529053,094010.529053,0.0,812.191 um_pwv,991.502 um_pwv,35.0,2.35 K,1.91406
20260210,094011.490024,094011.490024,0.0,813.515 um_pwv,993.119 um_pwv,35.0,2.345 K,1.91719
20260210,094012.449609,094012.449609,0.0,812.773 um_pwv,992.212 um_pwv,35.0,2.307 K,1.91544
20260210,094013.411112,094013.411112,0.0,811.378 um_pwv,990.51 um_pwv,35.0,2.135 K,1.91214
20260210,094014.368451,094014.368451,0.0,811.37 um_pwv,990.499 um_pwv,35.0,2.13 K,1.91212
20260210,094015.330423,094015.330423,0.0,810.721 um_pwv,989.707 um_pwv,35.0,1.954 K,1.91059
20260210,094016.286582,094016.286582,0.0,810.769 um_pwv,989.766 um_pwv,35.0,1.989 K,1.91070
20260210,094017.248887,094017.248887,0.0,813.524 um_pwv,993.129 um_pwv,35.0,2.061 K,1.91721
20260210,094018.209915,094018.209915,0.0,815.304 um_pwv,995.302 um_pwv,35.0,2.057 K,1.92142
20260210,094019.169162,094019.169162,0.0,817.783 um_pwv,998.328 um_pwv,35.0,2.111 K,1.92728
20260210,094020.125771,094020.125771,0.0,818.619 um_pwv,999.35 um_pwv,35.0,2.249 K,1.92926
20260210,094021.088453,094021.088453,0.0,821.91 um_pwv,1003.37 um_pwv,35.0,2.22 K,1.93703
20260210,094022.051051,094022.051051,0.0,823.352 um_pwv,1005.13 um_pwv,35.0,2.5 K,1.94044
20260210,094023.005923,094023.005923,0.0,824.685 um_pwv,1006.75 um_pwv,35.0,2.504 K,1.94359
20260210,094023.968281,094023.968281,0.0,822.276 um_pwv,1003.81 um_pwv,35.0,2.463 K,1.93790
20260210,094024.928403,094024.928403,0.0,822.548 um_pwv,1004.15 um_pwv,35.0,2.63 K,1.93854
20260210,094025.888372,094025.888372,0.0,819.338 um_pwv,1000.23 um_pwv,35.0,2.473 K,1.93095
20260210,094026.850317,094026.850317,0.0,817.148 um_pwv,997.554 um_pwv,35.0,2.383 K,1.92578
20260210,094027.810505,094027.810505,0.0,813.877 um_pwv,993.56 um_pwv,35.0,2.286 K,1.91805
20260210,094028.771202,094028.771202,0.0,809.401 um_pwv,988.096 um_pwv,35.0,2.235 K,1.90747
20260210,094029.731092,094029.731092,0.0,806.001 um_pwv,983.946 um_pwv,35.0,2.126 K,1.89944
20260210,094030.688499,094030.688499,0.0,804.868 um_pwv,982.563 um_pwv,35.0,2.206 K,1.89676
20260210,094031.648787,094031.648787,0.0,802.013 um_pwv,979.077 um_pwv,35.0,2.067 K,1.89001
20260210,094032.610008,094032.610008,0.0,800.984 um_pwv,977.821 um_pwv,35.0,2.092 K,1.88758
20260210,094033.569914,094033.569914,0.0,801.807 um_pwv,978.825 um_pwv,35.0,2.11 K,1.88952
20260210,094034.529843,094034.529843,0.0,803.32 um_pwv,980.673 um_pwv,35.0,2.26 K,1.89310
20260210,094035.487855,094035.487855,0.0,805.93 um_pwv,983.859 um_pwv,35.0,2.453 K,1.89927
20260210,094036.448656,094036.448656,0.0,805.734 um_pwv,983.62 um_pwv,35.0,2.375 K,1.89881
20260210,094037.412056,094037.412056,0.0,809.789 um_pwv,988.57 um_pwv,35.0,2.518 K,1.90839
20260210,094038.371749,094038.371749,0.0,809.849 um_pwv,988.643 um_pwv,35.0,2.521 K,1.90853
20260210,094039.330237,094039.330237,0.0,811.971 um_pwv,991.233 um_pwv,35.0,2.382 K,1.91354
20260210,094040.291124,094040.291124,0.0,812.191 um_pwv,991.502 um_pwv,35.0,2.334 K,1.91406
20260210,094041.248935,094041.248935,0.0,813.615 um_pwv,993.241 um_pwv,35.0,2.29 K,1.91743
20260210,094042.208543,094042.208543,0.0,815.496 um_pwv,995.537 um_pwv,35.0,2.292 K,1.92188
20260210,094043.169644,094043.169644,0.0,811.882 um_pwv,991.125 um_pwv,35.0,2.164 K,1.91333
20260210,094044.129621,094044.129621,0.0,810.418 um_pwv,989.337 um_pwv,35.0,2.051 K,1.90987
20260210,094045.091734,094045.091734,0.0,810.978 um_pwv,990.021 um_pwv,35.0,2.045 K,1.91120
20260210,094046.050017,094046.050017,0.0,812.764 um_pwv,992.202 um_pwv,35.0,1.979 K,1.91542
20260210,094047.010317,094047.010317,0.0,812.993 um_pwv,992.481 um_pwv,35.0,1.982 K,1.91596
20260210,094047.970900,094047.970900,0.0,816.069 um_pwv,996.236 um_pwv,35.0,2.003 K,1.92323
20260210,094048.930726,094048.930726,0.0,819.185 um_pwv,1000.04 um_pwv,35.0,2.084 K,1.93059
20260210,094049.891270,094049.891270,0.0,821.12 um_pwv,1002.4 um_pwv,35.0,2.086 K,1.93516
20260210,094050.847388,094050.847388,0.0,821.618 um_pwv,1003.01 um_pwv,35.0,2.291 K,1.93634
20260210,094051.808811,094051.808811,0.0,823.413 um_pwv,1005.2 um_pwv,35.0,2.388 K,1.94058
20260210,094052.770186,094052.770186,0.0,824.246 um_pwv,1006.22 um_pwv,35.0,2.441 K,1.94255
20260210,094053.730622,094053.730622,0.0,820.876 um_pwv,1002.11 um_pwv,35.0,2.508 K,1.93459
20260210,094054.691927,094054.691927,0.0,821.809 um_pwv,1003.24 um_pwv,35.0,2.404 K,1.93679
20260210,094055.650440,094055.650440,0.0,819.795 um_pwv,1000.78 um_pwv,35.0,2.386 K,1.93203
20260210,094056.606662,094056.606662,0.0,815.948 um_pwv,996.089 um_pwv,35.0,2.351 K,1.92294
20260210,094057.567847,094057.567847,0.0,813.968 um_pwv,993.672 um_pwv,35.0,2.365 K,1.91827
20260210,094058.527918,094058.527918,0.0,808.372 um_pwv,986.84 um_pwv,35.0,2.191 K,1.90504
20260210,094059.490152,094059.490152,0.0,804.479 um_pwv,982.088 um_pwv,35.0,2.127 K,1.89584
20260210,094100.449800,094100.449800,0.0,802.714 um_pwv,979.933 um_pwv,35.0,2.157 K,1.89167
20260210,094101.411283,094101.411283,0.0,802.627 um_pwv,979.826 um_pwv,35.0,2.048 K,1.89146
20260210,094102.366811,094102.366811,0.0,802.013 um_pwv,979.077 um_pwv,35.0,2.111 K,1.89001
20260210,094103.330143,094103.330143,0.0,798.884 um_pwv,975.257 um_pwv,35.0,2.064 K,1.88262
20260210,094104.290568,094104.290568,0.0,801.874 um_pwv,978.908 um_pwv,35.0,2.2 K,1.88968
20260210,094105.251830,094105.251830,0.0,803.788 um_pwv,981.244 um_pwv,35.0,2.214 K,1.89421
20260210,094106.206587,094106.206587,0.0,806.956 um_pwv,985.112 um_pwv,35.0,2.429 K,1.90169
20260210,094107.170947,094107.170947,0.0,806.845 um_pwv,984.976 um_pwv,35.0,2.323 K,1.90143
20260210,094108.127478,094108.127478,0.0,810.529 um_pwv,989.473 um_pwv,35.0,2.54 K,1.91014
20260210,094109.088746,094109.088746,0.0,811.91 um_pwv,991.16 um_pwv,35.0,2.395 K,1.91340
20260210,094110.050776,094110.050776,0.0,811.209 um_pwv,990.304 um_pwv,35.0,2.328 K,1.91175
20260210,094111.010544,094111.010544,0.0,812.071 um_pwv,991.355 um_pwv,35.0,2.305 K,1.91378
20260210,094111.970353,094111.970353,0.0,811.971 um_pwv,991.233 um_pwv,35.0,2.082 K,1.91354
20260210,094112.931348,094112.931348,0.0,810.618 um_pwv,989.581 um_pwv,35.0,2.117 K,1.91035
20260210,094113.886947,094113.886947,0.0,810.818 um_pwv,989.826 um_pwv,35.0,2.055 K,1.91082
20260210,094114.849240,094114.849240,0.0,813.102 um_pwv,992.614 um_pwv,35.0,2.036 K,1.91622
20260210,094115.810271,094115.810271,0.0,812.119 um_pwv,991.415 um_pwv,35.0,1.881 K,1.91390
20260210,094116.770827,094116.770827,0.0,811.39 um_pwv,990.524 um_pwv,35.0,1.817 K,1.91217
20260210,094117.731198,094117.731198,0.0,816.23 um_pwv,996.433 um_pwv,35.0,1.989 K,1.92361
20260210,094118.688277,094118.688277,0.0,816.863 um_pwv,997.206 um_pwv,35.0,1.962 K,1.92511
20260210,094119.647464,094119.647464,0.0,821.687 um_pwv,1003.09 um_pwv,35.0,2.256 K,1.93651
20260210,094120.611093,094120.611093,0.0,820.552 um_pwv,1001.71 um_pwv,35.0,2.249 K,1.93382
20260210,094121.571511,094121.571511,0.0,822.832 um_pwv,1004.49 um_pwv,35.0,2.342 K,1.93921
20260210,094122.531515,094122.531515,0.0,823.973 um_pwv,1005.89 um_pwv,35.0,2.473 K,1.94191
20260210,094123.487656,094123.487656,0.0,823.198 um_pwv,1004.94 um_pwv,35.0,2.508 K,1.94008
20260210,094124.450286,094124.450286,0.0,820.269 um_pwv,1001.36 um_pwv,35.0,2.454 K,1.93315
20260210,094125.412408,094125.412408,0.0,818.126 um_pwv,998.747 um_pwv,35.0,2.483 K,1.92809
20260210,094126.372002,094126.372002,0.0,815.103 um_pwv,995.057 um_pwv,35.0,2.325 K,1.92095
20260210,094127.326371,094127.326371,0.0,813.885 um_pwv,993.57 um_pwv,35.0,2.203 K,1.91807
20260210,094128.290698,094128.290698,0.0,809.301 um_pwv,987.974 um_pwv,35.0,2.132 K,1.90724
20260210,094129.252628,094129.252628,0.0,805.146 um_pwv,982.902 um_pwv,35.0,2.134 K,1.89742
20260210,094130.208548,094130.208548,0.0,801.883 um_pwv,978.918 um_pwv,35.0,2.038 K,1.88970
20260210,094131.169828,094131.169828,0.0,801.747 um_pwv,978.753 um_pwv,35.0,2.039 K,1.88938
20260210,094132.129378,094132.129378,0.0,801.787 um_pwv,978.801 um_pwv,35.0,2.091 K,1.88948
20260210,094133.091108,094133.091108,0.0,800.245 um_pwv,976.919 um_pwv,35.0,2.164 K,1.88583
20260210,094134.047529,094134.047529,0.0,802.448 um_pwv,979.609 um_pwv,35.0,2.239 K,1.89104
20260210,094135.010212,094135.010212,0.0,804.877 um_pwv,982.573 um_pwv,35.0,2.348 K,1.89678
20260210,094135.971512,094135.971512,0.0,808.6 um_pwv,987.118 um_pwv,35.0,2.382 K,1.90558
20260210,094136.927440,094136.927440,0.0,809.969 um_pwv,988.79 um_pwv,35.0,2.507 K,1.90881
20260210,094137.889321,094137.889321,0.0,810.989 um_pwv,990.035 um_pwv,35.0,2.47 K,1.91122
20260210,094138.845895,094138.845895,0.0,810.338 um_pwv,989.24 um_pwv,35.0,2.364 K,1.90968
20260210,094139.809532,094139.809532,0.0,813.948 um_pwv,993.647 um_pwv,35.0,2.399 K,1.91822
20260210,094140.772095,094140.772095,0.0,813.025 um_pwv,992.52 um_pwv,35.0,2.199 K,1.91604
20260210,094141.730158,094141.730158,0.0,813.294 um_pwv,992.849 um_pwv,35.0,2.208 K,1.91667
20260210,094142.691747,094142.691747,0.0,811.378 um_pwv,990.51 um_pwv,35.0,2.064 K,1.91214
20260210,094143.650144,094143.650144,0.0,811.421 um_pwv,990.562 um_pwv,35.0,1.988 K,1.91225
20260210,094144.611373,094144.611373,0.0,811.91 um_pwv,991.16 um_pwv,35.0,1.988 K,1.91340
20260210,094145.572175,094145.572175,0.0,812.684 um_pwv,992.104 um_pwv,35.0,1.973 K,1.91523
20260210,094146.530411,094146.530411,0.0,814.479 um_pwv,994.296 um_pwv,35.0,1.888 K,1.91947
20260210,094147.491488,094147.491488,0.0,816.149 um_pwv,996.334 um_pwv,35.0,2.063 K,1.92342
20260210,094148.448162,094148.448162,0.0,819.419 um_pwv,1000.33 um_pwv,35.0,2.104 K,1.93115
20260210,094149.412684,094149.412684,0.0,821.16 um_pwv,1002.45 um_pwv,35.0,2.13 K,1.93526
20260210,094150.372095,094150.372095,0.0,822.873 um_pwv,1004.54 um_pwv,35.0,2.306 K,1.93931
20260210,094151.328181,094151.328181,0.0,823.291 um_pwv,1005.05 um_pwv,35.0,2.275 K,1.94030
20260210,094152.288295,094152.288295,0.0,824.002 um_pwv,1005.92 um_pwv,35.0,2.383 K,1.94198
20260210,094153.251302,094153.251302,0.0,822.681 um_pwv,1004.31 um_pwv,35.0,2.432 K,1.93886
20260210,094154.207072,094154.207072,0.0,822.255 um_pwv,1003.79 um_pwv,35.0,2.582 K,1.93785
20260210,094155.169828,094155.169828,0.0,818.429 um_pwv,999.117 um_pwv,35.0,2.339 K,1.92881
20260210,094156.130275,094156.130275,0.0,814.652 um_pwv,994.506 um_pwv,35.0,2.287 K,1.91988
20260210,094157.091148,094157.091148,0.0,811.37 um_pwv,990.499 um_pwv,35.0,2.211 K,1.91212
20260210,094158.050229,094158.050229,0.0,805.373 um_pwv,983.179 um_pwv,35.0,2.121 K,1.89795
20260210,094159.012796,094159.012796,0.0,802.856 um_pwv,980.106 um_pwv,35.0,2.066 K,1.89200
20260210,094159.968516,094159.968516,0.0,802.222 um_pwv,979.333 um_pwv,35.0,2.028 K,1.89051
20260210,094200.928309,094200.928309,0.0,800.874 um_pwv,977.687 um_pwv,35.0,2.001 K,1.88732
20260210,094201.889916,094201.889916,0.0,801.815 um_pwv,978.835 um_pwv,35.0,2.062 K,1.88954
20260210,094202.852244,094202.852244,0.0,801.143 um_pwv,978.014 um_pwv,35.0,2.132 K,1.88796
20260210,094203.810420,094203.810420,0.0,802.33 um_pwv,979.464 um_pwv,35.0,2.186 K,1.89076
20260210,094204.768571,094204.768571,0.0,804.63 um_pwv,982.272 um_pwv,35.0,2.306 K,1.89620
20260210,094205.732537,094205.732537,0.0,807.435 um_pwv,985.696 um_pwv,35.0,2.427 K,1.90282
20260210,094206.690029,094206.690029,0.0,808.939 um_pwv,987.532 um_pwv,35.0,2.491 K,1.90638
20260210,094207.652027,094207.652027,0.0,809.581 um_pwv,988.316 um_pwv,35.0,2.387 K,1.90790
20260210,094208.611554,094208.611554,0.0,810.709 um_pwv,989.693 um_pwv,35.0,2.394 K,1.91056
20260210,094209.572856,094209.572856,0.0,812.924 um_pwv,992.398 um_pwv,35.0,2.32 K,1.91580
20260210,094210.528631,094210.528631,0.0,810.929 um_pwv,989.962 um_pwv,35.0,2.238 K,1.91108
20260210,094211.490235,094211.490235,0.0,811.398 um_pwv,990.534 um_pwv,35.0,2.125 K,1.91219
20260210,094212.449966,094212.449966,0.0,811.241 um_pwv,990.342 um_pwv,35.0,2.088 K,1.91182
20260210,094213.412923,094213.412923,0.0,810.709 um_pwv,989.693 um_pwv,35.0,2.066 K,1.91056
20260210,094214.368624,094214.368624,0.0,811.51 um_pwv,990.671 um_pwv,35.0,2.024 K,1.91246
20260210,094215.327926,094215.327926,0.0,813.696 um_pwv,993.339 um_pwv,35.0,1.952 K,1.91762
20260210,094216.290244,094216.290244,0.0,812.924 um_pwv,992.398 um_pwv,35.0,1.939 K,1.91580
20260210,094217.252468,094217.252468,0.0,815.919 um_pwv,996.053 um_pwv,35.0,2.051 K,1.92288
20260210,094218.212229,094218.212229,0.0,819.459 um_pwv,1000.38 um_pwv,35.0,2.175 K,1.93124
20260210,094219.168217,094219.168217,0.0,820.625 um_pwv,1001.8 um_pwv,35.0,2.236 K,1.93399
20260210,094220.131509,094220.131509,0.0,822.183 um_pwv,1003.7 um_pwv,35.0,2.334 K,1.93768
20260210,094221.092386,094221.092386,0.0,822.487 um_pwv,1004.07 um_pwv,35.0,2.409 K,1.93840
20260210,094222.052866,094222.052866,0.0,821.557 um_pwv,1002.94 um_pwv,35.0,2.466 K,1.93620
20260210,094223.013219,094223.013219,0.0,820.845 um_pwv,1002.07 um_pwv,35.0,2.409 K,1.93452
20260210,094223.968894,094223.968894,0.0,819.046 um_pwv,999.871 um_pwv,35.0,2.436 K,1.93027
20260210,094224.931142,094224.931142,0.0,814.861 um_pwv,994.762 um_pwv,35.0,2.328 K,1.92038
20260210,094225.888254,094225.888254,0.0,812.764 um_pwv,992.202 um_pwv,35.0,2.363 K,1.91542
20260210,094226.851876,094226.851876,0.0,812.042 um_pwv,991.32 um_pwv,35.0,2.305 K,1.91371
20260210,094227.808541,094227.808541,0.0,805.961 um_pwv,983.897 um_pwv,35.0,2.167 K,1.89934
20260210,094228.770198,094228.770198,0.0,803.21 um_pwv,980.538 um_pwv,35.0,2.124 K,1.89284
20260210,094229.730141,094229.730141,0.0,799.701 um_pwv,976.254 um_pwv,35.0,2.054 K,1.88455
20260210,094230.688754,094230.688754,0.0,800.076 um_pwv,976.712 um_pwv,35.0,2.004 K,1.88543
20260210,094231.650345,094231.650345,0.0,799.898 um_pwv,976.495 um_pwv,35.0,2.147 K,1.88501
20260210,094232.609900,094232.609900,0.0,801.261 um_pwv,978.159 um_pwv,35.0,2.244 K,1.88824
20260210,094233.569740,094233.569740,0.0,802.536 um_pwv,979.716 um_pwv,35.0,2.308 K,1.89125
20260210,094234.531871,094234.531871,0.0,805.294 um_pwv,983.082 um_pwv,35.0,2.368 K,1.89777
20260210,094235.488468,094235.488468,0.0,807.255 um_pwv,985.477 um_pwv,35.0,2.446 K,1.90240
20260210,094236.451530,094236.451530,0.0,809.33 um_pwv,988.009 um_pwv,35.0,2.512 K,1.90730
20260210,094237.412105,094237.412105,0.0,809.43 um_pwv,988.131 um_pwv,35.0,2.524 K,1.90754
20260210,094238.373490,094238.373490,0.0,811.241 um_pwv,990.342 um_pwv,35.0,2.36 K,1.91182
20260210,094239.329328,094239.329328,0.0,813.174 um_pwv,992.702 um_pwv,35.0,2.39 K,1.91639
20260210,094240.293079,094240.293079,0.0,811.862 um_pwv,991.1 um_pwv,35.0,2.28 K,1.91329
20260210,094241.251893,094241.251893,0.0,810.958 um_pwv,989.997 um_pwv,35.0,2.061 K,1.91115
20260210,094242.212755,094242.212755,0.0,810.689 um_pwv,989.669 um_pwv,35.0,2.051 K,1.91052
20260210,094243.173163,094243.173163,0.0,811.098 um_pwv,990.168 um_pwv,35.0,2.071 K,1.91148
20260210,094244.129204,094244.129204,0.0,810.049 um_pwv,988.887 um_pwv,35.0,1.916 K,1.90900
20260210,094245.088763,094245.088763,0.0,811.39 um_pwv,990.524 um_pwv,35.0,1.937 K,1.91217
20260210,094246.051938,094246.051938,0.0,814.729 um_pwv,994.601 um_pwv,35.0,1.971 K,1.92006
20260210,094247.013208,094247.013208,0.0,817.35 um_pwv,997.8 um_pwv,35.0,2.06 K,1.92626
20260210,094247.968686,094247.968686,0.0,817.924 um_pwv,998.501 um_pwv,35.0,2.152 K,1.92761
20260210,094248.928074,094248.928074,0.0,819.711 um_pwv,1000.68 um_pwv,35.0,2.231 K,1.93184
20260210,094249.890878,094249.890878,0.0,823.25 um_pwv,1005 um_pwv,35.0,2.433 K,1.94020
20260210,094250.852162,094250.852162,0.0,824.368 um_pwv,1006.37 um_pwv,35.0,2.429 K,1.94284
20260210,094251.812639,094251.812639,0.0,823.677 um_pwv,1005.52 um_pwv,35.0,2.521 K,1.94121
20260210,094252.771962,094252.771962,0.0,820.037 um_pwv,1001.08 um_pwv,35.0,2.544 K,1.93261
20260210,094253.729309,094253.729309,0.0,819.509 um_pwv,1000.44 um_pwv,35.0,2.513 K,1.93136
20260210,094254.689175,094254.689175,0.0,816.008 um_pwv,996.162 um_pwv,35.0,2.343 K,1.92309
20260210,094255.653396,094255.653396,0.0,813.676 um_pwv,993.315 um_pwv,35.0,2.376 K,1.91757
20260210,094256.613742,094256.613742,0.0,809.25 um_pwv,987.912 um_pwv,35.0,2.102 K,1.90711
20260210,094257.570442,094257.570442,0.0,806.26 um_pwv,984.261 um_pwv,35.0,2.161 K,1.90005
20260210,094258.530367,094258.530367,0.0,803.329 um_pwv,980.683 um_pwv,35.0,2.073 K,1.89312
20260210,094259.488555,094259.488555,0.0,800.127 um_pwv,976.774 um_pwv,35.0,1.9 K,1.88555
20260210,094300.452119,094300.452119,0.0,800.242 um_pwv,976.915 um_pwv,35.0,2.086 K,1.88583
20260210,094301.412081,094301.412081,0.0,801.637 um_pwv,978.618 um_pwv,35.0,2.069 K,1.88912
20260210,094302.373554,094302.373554,0.0,802.081 um_pwv,979.16 um_pwv,35.0,2.162 K,1.89017
20260210,094303.332639,094303.332639,0.0,802.726 um_pwv,979.947 um_pwv,35.0,2.31 K,1.89170
20260210,094304.292384,094304.292384,0.0,804.749 um_pwv,982.417 um_pwv,35.0,2.374 K,1.89648
20260210,094305.249826,094305.249826,0.0,807.067 um_pwv,985.247 um_pwv,35.0,2.443 K,1.90196
20260210,094306.212890,094306.212890,0.0,809.858 um_pwv,988.654 um_pwv,35.0,2.6 K,1.90855
20260210,094307.169310,094307.169310,0.0,810.278 um_pwv,989.166 um_pwv,35.0,2.45 K,1.90954
20260210,094308.129419,094308.129419,0.0,811.341 um_pwv,990.465 um_pwv,35.0,2.379 K,1.91206
20260210,094309.091081,094309.091081,0.0,812.583 um_pwv,991.981 um_pwv,35.0,2.393 K,1.91499
20260210,094310.050639,094310.050639,0.0,812.151 um_pwv,991.453 um_pwv,35.0,2.26 K,1.91397
20260210,094311.011490,094311.011490,0.0,811.962 um_pwv,991.223 um_pwv,35.0,2.165 K,1.91352
20260210,094311.972355,094311.972355,0.0,811.209 um_pwv,990.304 um_pwv,35.0,2.105 K,1.91175
20260210,094312.932881,094312.932881,0.0,810.018 um_pwv,988.849 um_pwv,35.0,1.985 K,1.90893
20260210,094313.893714,094313.893714,0.0,811.67 um_pwv,990.866 um_pwv,35.0,1.921 K,1.91283
20260210,094314.849650,094314.849650,0.0,814.138 um_pwv,993.879 um_pwv,35.0,1.982 K,1.91867
20260210,094315.807572,094315.807572,0.0,816.178 um_pwv,996.37 um_pwv,35.0,2.005 K,1.92349
20260210,094316.772016,094316.772016,0.0,817.077 um_pwv,997.466 um_pwv,35.0,2.182 K,1.92561
20260210,094317.732302,094317.732302,0.0,819.702 um_pwv,1000.67 um_pwv,35.0,2.192 K,1.93182
20260210,094318.692962,094318.692962,0.0,823.546 um_pwv,1005.36 um_pwv,35.0,2.283 K,1.94090
20260210,094319.652841,094319.652841,0.0,823.84 um_pwv,1005.72 um_pwv,35.0,2.426 K,1.94159
20260210,094320.612845,094320.612845,0.0,823.23 um_pwv,1004.98 um_pwv,35.0,2.508 K,1.94015
20260210,094321.568639,094321.568639,0.0,822.632 um_pwv,1004.25 um_pwv,35.0,2.501 K,1.93874
20260210,094322.529084,094322.529084,0.0,820.917 um_pwv,1002.15 um_pwv,35.0,2.492 K,1.93469
20260210,094323.490352,094323.490352,0.0,818.489 um_pwv,999.191 um_pwv,35.0,2.398 K,1.92895
20260210,094324.452736,094324.452736,0.0,816.604 um_pwv,996.89 um_pwv,35.0,2.362 K,1.92449
20260210,094325.409109,094325.409109,0.0,812.18 um_pwv,991.488 um_pwv,35.0,2.304 K,1.91404
20260210,094326.370139,094326.370139,0.0,808.791 um_pwv,987.351 um_pwv,35.0,2.204 K,1.90603
20260210,094327.331601,094327.331601,0.0,804.44 um_pwv,982.039 um_pwv,35.0,2.044 K,1.89575
20260210,094328.292370,094328.292370,0.0,803.102 um_pwv,980.407 um_pwv,35.0,2.153 K,1.89259
20260210,094329.251412,094329.251412,0.0,800.044 um_pwv,976.674 um_pwv,35.0,2.03 K,1.88536
20260210,094330.208770,094330.208770,0.0,801.419 um_pwv,978.352 um_pwv,35.0,2.097 K,1.88861
20260210,094331.167827,094331.167827,0.0,801.51 um_pwv,978.463 um_pwv,35.0,2.125 K,1.88882
20260210,094332.129214,094332.129214,0.0,801.301 um_pwv,978.208 um_pwv,35.0,2.264 K,1.88833
20260210,094333.090887,094333.090887,0.0,803.487 um_pwv,980.877 um_pwv,35.0,2.236 K,1.89350
20260210,094334.052232,094334.052232,0.0,804.403 um_pwv,981.995 um_pwv,35.0,2.407 K,1.89566
20260210,094335.012375,094335.012375,0.0,806.746 um_pwv,984.855 um_pwv,35.0,2.526 K,1.90120
20260210,094335.969619,094335.969619,0.0,808.859 um_pwv,987.435 um_pwv,35.0,2.489 K,1.90619
20260210,094336.930106,094336.930106,0.0,809.25 um_pwv,987.912 um_pwv,35.0,2.515 K,1.90711
20260210,094337.892478,094337.892478,0.0,811.378 um_pwv,990.51 um_pwv,35.0,2.405 K,1.91214
20260210,094338.852749,094338.852749,0.0,812.712 um_pwv,992.139 um_pwv,35.0,2.406 K,1.91530
20260210,094339.813323,094339.813323,0.0,811.009 um_pwv,990.06 um_pwv,35.0,2.23 K,1.91127
20260210,094340.769617,094340.769617,0.0,808.99 um_pwv,987.595 um_pwv,35.0,2.095 K,1.90650
20260210,094341.729737,094341.729737,0.0,810.901 um_pwv,989.927 um_pwv,35.0,2.104 K,1.91102
20260210,094342.688202,094342.688202,0.0,809.159 um_pwv,987.8 um_pwv,35.0,2.004 K,1.90690
20260210,094343.654042,094343.654042,0.0,812.042 um_pwv,991.32 um_pwv,35.0,1.988 K,1.91371
20260210,094344.610139,094344.610139,0.0,815.626 um_pwv,995.695 um_pwv,35.0,1.981 K,1.92218
20260210,094345.571333,094345.571333,0.0,814.971 um_pwv,994.895 um_pwv,35.0,1.952 K,1.92063
20260210,094346.532368,094346.532368,0.0,820.431 um_pwv,1001.56 um_pwv,35.0,2.217 K,1.93354
20260210,094347.494067,094347.494067,0.0,821.728 um_pwv,1003.14 um_pwv,35.0,2.2 K,1.93660
20260210,094348.450729,094348.450729,0.0,822.47 um_pwv,1004.05 um_pwv,35.0,2.192 K,1.93836
20260210,094349.410830,094349.410830,0.0,823.483 um_pwv,1005.29 um_pwv,35.0,2.247 K,1.94075
20260210,094350.369810,094350.369810,0.0,823.962 um_pwv,1005.87 um_pwv,35.0,2.43 K,1.94188
20260210,094351.329998,094351.329998,0.0,823.758 um_pwv,1005.62 um_pwv,35.0,2.518 K,1.94140
20260210,094352.293517,094352.293517,0.0,819.257 um_pwv,1000.13 um_pwv,35.0,2.436 K,1.93076
20260210,094353.253274,094353.253274,0.0,819.188 um_pwv,1000.04 um_pwv,35.0,2.515 K,1.93060
20260210,094354.213483,094354.213483,0.0,813.254 um_pwv,992.8 um_pwv,35.0,2.286 K,1.91658
20260210,094355.171143,094355.171143,0.0,812.291 um_pwv,991.625 um_pwv,35.0,2.332 K,1.91430
20260210,094356.132312,094356.132312,0.0,807.594 um_pwv,985.89 um_pwv,35.0,2.143 K,1.90320
20260210,094357.093061,094357.093061,0.0,804.976 um_pwv,982.694 um_pwv,35.0,2.154 K,1.89701
20260210,094358.049866,094358.049866,0.0,802.853 um_pwv,980.103 um_pwv,35.0,2.064 K,1.89200
20260210,094359.011476,094359.011476,0.0,801.368 um_pwv,978.29 um_pwv,35.0,2.17 K,1.88849
20260210,094359.969764,094359.969764,0.0,800.953 um_pwv,977.783 um_pwv,35.0,2.221 K,1.88751
20260210,094400.930935,094400.930935,0.0,802.092 um_pwv,979.174 um_pwv,35.0,2.21 K,1.89020
20260210,094401.893957,094401.893957,0.0,803.391 um_pwv,980.76 um_pwv,35.0,2.284 K,1.89327
20260210,094402.851680,094402.851680,0.0,804.153 um_pwv,981.69 um_pwv,35.0,2.462 K,1.89507
20260210,094403.809694,094403.809694,0.0,803.816 um_pwv,981.278 um_pwv,35.0,2.408 K,1.89427
20260210,094404.770052,094404.770052,0.0,806.208 um_pwv,984.199 um_pwv,35.0,2.529 K,1.89993
20260210,094405.730875,094405.730875,0.0,807.685 um_pwv,986.002 um_pwv,35.0,2.462 K,1.90342
20260210,094406.693134,094406.693134,0.0,808.902 um_pwv,987.487 um_pwv,35.0,2.485 K,1.90629
20260210,094407.653038,094407.653038,0.0,810.989 um_pwv,990.035 um_pwv,35.0,2.429 K,1.91122
20260210,094408.609728,094408.609728,0.0,811.87 um_pwv,991.111 um_pwv,35.0,2.35 K,1.91331
20260210,094409.571799,094409.571799,0.0,811.682 um_pwv,990.88 um_pwv,35.0,2.281 K,1.91286
20260210,094410.531472,094410.531472,0.0,811.33 um_pwv,990.451 um_pwv,35.0,2.138 K,1.91203
20260210,094411.489766,094411.489766,0.0,811.581 um_pwv,990.758 um_pwv,35.0,2.05 K,1.91262
20260210,094412.449547,094412.449547,0.0,810.769 um_pwv,989.766 um_pwv,35.0,1.995 K,1.91070
20260210,094413.412537,094413.412537,0.0,811.89 um_pwv,991.135 um_pwv,35.0,1.911 K,1.91335
20260210,094414.370446,094414.370446,0.0,813.334 um_pwv,992.898 um_pwv,35.0,1.951 K,1.91677
20260210,094415.333254,094415.333254,0.0,815.816 um_pwv,995.927 um_pwv,35.0,1.945 K,1.92263
20260210,094416.289915,094416.289915,0.0,819.731 um_pwv,1000.71 um_pwv,35.0,2.069 K,1.93188
20260210,094417.252748,094417.252748,0.0,822.632 um_pwv,1004.25 um_pwv,35.0,2.202 K,1.93874
20260210,094418.213396,094418.213396,0.0,822.803 um_pwv,1004.46 um_pwv,35.0,2.268 K,1.93914
20260210,094419.173081,094419.173081,0.0,823.331 um_pwv,1005.1 um_pwv,35.0,2.321 K,1.94039
20260210,094420.131745,094420.131745,0.0,824.644 um_pwv,1006.71 um_pwv,35.0,2.482 K,1.94349
20260210,094421.093022,094421.093022,0.0,822.061 um_pwv,1003.55 um_pwv,35.0,2.466 K,1.93739
20260210,094422.050899,094422.050899,0.0,820.795 um_pwv,1002.01 um_pwv,35.0,2.503 K,1.93440
20260210,094423.014486,094423.014486,0.0,817.238 um_pwv,997.663 um_pwv,35.0,2.411 K,1.92599
20260210,094423.972220,094423.972220,0.0,815.767 um_pwv,995.867 um_pwv,35.0,2.415 K,1.92252
20260210,094424.934450,094424.934450,0.0,812.881 um_pwv,992.345 um_pwv,35.0,2.25 K,1.91570
20260210,094425.889851,094425.889851,0.0,807.773 um_pwv,986.109 um_pwv,35.0,2.174 K,1.90363
20260210,094426.851563,094426.851563,0.0,804.967 um_pwv,982.684 um_pwv,35.0,2.173 K,1.89699
20260210,094427.813571,094427.813571,0.0,802.25 um_pwv,979.367 um_pwv,35.0,2.088 K,1.89057
20260210,094428.771964,094428.771964,0.0,802.211 um_pwv,979.319 um_pwv,35.0,2.077 K,1.89048
20260210,094429.730355,094429.730355,0.0,802.061 um_pwv,979.135 um_pwv,35.0,2.037 K,1.89013
20260210,094430.693159,094430.693159,0.0,802.845 um_pwv,980.092 um_pwv,35.0,2.166 K,1.89198
20260210,094431.654761,094431.654761,0.0,803.657 um_pwv,981.085 um_pwv,35.0,2.226 K,1.89390
20260210,094432.611975,094432.611975,0.0,804.502 um_pwv,982.116 um_pwv,35.0,2.332 K,1.89589
20260210,094433.570191,094433.570191,0.0,806.746 um_pwv,984.855 um_pwv,35.0,2.469 K,1.90120
20260210,094434.531793,094434.531793,0.0,806.288 um_pwv,984.296 um_pwv,35.0,2.443 K,1.90012
20260210,094435.492185,094435.492185,0.0,809.589 um_pwv,988.326 um_pwv,35.0,2.514 K,1.90792
20260210,094436.450067,094436.450067,0.0,812.071 um_pwv,991.355 um_pwv,35.0,2.499 K,1.91378
20260210,094437.413517,094437.413517,0.0,812.171 um_pwv,991.478 um_pwv,35.0,2.461 K,1.91402
20260210,094438.373623,094438.373623,0.0,813.194 um_pwv,992.726 um_pwv,35.0,2.361 K,1.91643
20260210,094439.331004,094439.331004,0.0,811.49 um_pwv,990.646 um_pwv,35.0,2.191 K,1.91241
20260210,094440.294237,094440.294237,0.0,811.23 um_pwv,990.328 um_pwv,35.0,2.159 K,1.91179
20260210,094441.251939,094441.251939,0.0,810.049 um_pwv,988.887 um_pwv,35.0,2.007 K,1.90900
20260210,094442.213879,094442.213879,0.0,812.039 um_pwv,991.317 um_pwv,35.0,1.983 K,1.91371
20260210,094443.169764,094443.169764,0.0,812.773 um_pwv,992.212 um_pwv,35.0,1.983 K,1.91544
20260210,094444.130106,094444.130106,0.0,815.646 um_pwv,995.72 um_pwv,35.0,2.116 K,1.92223
20260210,094445.094254,094445.094254,0.0,817.339 um_pwv,997.786 um_pwv,35.0,2.054 K,1.92623
20260210,094446.053893,094446.053893,0.0,818.579 um_pwv,999.3 um_pwv,35.0,2.137 K,1.92916
20260210,094447.012001,094447.012001,0.0,822.388 um_pwv,1003.95 um_pwv,35.0,2.14 K,1.93816
20260210,094447.974190,094447.974190,0.0,823.677 um_pwv,1005.52 um_pwv,35.0,2.29 K,1.94121
20260210,094448.935317,094448.935317,0.0,824.816 um_pwv,1006.91 um_pwv,35.0,2.332 K,1.94390
20260210,094449.890654,094449.890654,0.0,823.352 um_pwv,1005.13 um_pwv,35.0,2.47 K,1.94044
20260210,094450.852036,094450.852036,0.0,822.052 um_pwv,1003.54 um_pwv,35.0,2.485 K,1.93737
20260210,094451.814189,094451.814189,0.0,820.625 um_pwv,1001.8 um_pwv,35.0,2.485 K,1.93399
20260210,094452.770162,094452.770162,0.0,818.057 um_pwv,998.663 um_pwv,35.0,2.419 K,1.92793
20260210,094453.732540,094453.732540,0.0,815.425 um_pwv,995.45 um_pwv,35.0,2.308 K,1.92171
20260210,094454.693702,094454.693702,0.0,810.349 um_pwv,989.254 um_pwv,35.0,2.181 K,1.90971
20260210,094455.650316,094455.650316,0.0,807.383 um_pwv,985.633 um_pwv,35.0,2.084 K,1.90270
20260210,094456.610417,094456.610417,0.0,806.081 um_pwv,984.043 um_pwv,35.0,2.059 K,1.89962
20260210,094457.573408,094457.573408,0.0,802.381 um_pwv,979.526 um_pwv,35.0,2.032 K,1.89088
20260210,094458.532933,094458.532933,0.0,802.183 um_pwv,979.284 um_pwv,35.0,1.965 K,1.89041
20260210,094459.494386,094459.494386,0.0,802.746 um_pwv,979.971 um_pwv,35.0,2.178 K,1.89174
20260210,094500.450885,094500.450885,0.0,801.569 um_pwv,978.535 um_pwv,35.0,2.116 K,1.88896
20260210,094501.412656,094501.412656,0.0,804.003 um_pwv,981.506 um_pwv,35.0,2.271 K,1.89471
20260210,094502.374184,094502.374184,0.0,803.479 um_pwv,980.867 um_pwv,35.0,2.334 K,1.89348
20260210,094503.334843,094503.334843,0.0,804.114 um_pwv,981.642 um_pwv,35.0,2.385 K,1.89498
20260210,094504.290300,094504.290300,0.0,806.391 um_pwv,984.421 um_pwv,35.0,2.481 K,1.90036
20260210,094505.252455,094505.252455,0.0,807.514 um_pwv,985.793 um_pwv,35.0,2.538 K,1.90301
20260210,094506.214766,094506.214766,0.0,809.458 um_pwv,988.166 um_pwv,35.0,2.427 K,1.90761
20260210,094507.172456,094507.172456,0.0,810.118 um_pwv,988.971 um_pwv,35.0,2.411 K,1.90917
20260210,094508.133507,094508.133507,0.0,812.452 um_pwv,991.82 um_pwv,35.0,2.306 K,1.91468
20260210,094509.095101,094509.095101,0.0,810.669 um_pwv,989.644 um_pwv,35.0,2.266 K,1.91047
20260210,094510.050569,094510.050569,0.0,810.109 um_pwv,988.961 um_pwv,35.0,2.052 K,1.90914
20260210,094511.012388,094511.012388,0.0,810.809 um_pwv,989.815 um_pwv,35.0,1.998 K,1.91080
20260210,094511.973940,094511.973940,0.0,810.858 um_pwv,989.875 um_pwv,35.0,1.951 K,1.91091
20260210,094512.931961,094512.931961,0.0,812.721 um_pwv,992.149 um_pwv,35.0,1.854 K,1.91532
20260210,094513.894592,094513.894592,0.0,814.942 um_pwv,994.86 um_pwv,35.0,1.929 K,1.92057
20260210,094514.852661,094514.852661,0.0,815.997 um_pwv,996.148 um_pwv,35.0,1.949 K,1.92306
20260210,094515.813186,094515.813186,0.0,818.631 um_pwv,999.364 um_pwv,35.0,2.131 K,1.92928
20260210,094516.774250,094516.774250,0.0,821.626 um_pwv,1003.02 um_pwv,35.0,2.254 K,1.93636
20260210,094517.729150,094517.729150,0.0,822.284 um_pwv,1003.82 um_pwv,35.0,2.296 K,1.93792
20260210,094518.692549,094518.692549,0.0,824.104 um_pwv,1006.05 um_pwv,35.0,2.343 K,1.94222
20260210,094519.653661,094519.653661,0.0,823.088 um_pwv,1004.8 um_pwv,35.0,2.47 K,1.93982
20260210,094520.614087,094520.614087,0.0,823.291 um_pwv,1005.05 um_pwv,35.0,2.498 K,1.94030
20260210,094521.571470,094521.571470,0.0,820.22 um_pwv,1001.3 um_pwv,35.0,2.549 K,1.93304
20260210,094522.533521,094522.533521,0.0,819.015 um_pwv,999.832 um_pwv,35.0,2.476 K,1.93019
20260210,094523.491097,094523.491097,0.0,815.686 um_pwv,995.769 um_pwv,35.0,2.371 K,1.92232
20260210,094524.452561,094524.452561,0.0,812.881 um_pwv,992.345 um_pwv,35.0,2.338 K,1.91570
20260210,094525.423370,094525.423370,0.0,808.451 um_pwv,986.937 um_pwv,35.0,2.143 K,1.90523
20260210,094526.370872,094526.370872,0.0,805.464 um_pwv,983.29 um_pwv,35.0,2.198 K,1.89817
20260210,094527.332265,094527.332265,0.0,804.094 um_pwv,981.617 um_pwv,35.0,2.139 K,1.89493
20260210,094528.290844,094528.290844,0.0,803.448 um_pwv,980.828 um_pwv,35.0,2.025 K,1.89340
20260210,094529.250937,094529.250937,0.0,802.084 um_pwv,979.163 um_pwv,35.0,2.177 K,1.89018
20260210,094530.213983,094530.213983,0.0,801.846 um_pwv,978.874 um_pwv,35.0,2.112 K,1.88962
20260210,094531.170706,094531.170706,0.0,802.816 um_pwv,980.058 um_pwv,35.0,2.266 K,1.89191
20260210,094532.132884,094532.132884,0.0,803.728 um_pwv,981.171 um_pwv,35.0,2.312 K,1.89407
20260210,094533.093147,094533.093147,0.0,804.661 um_pwv,982.31 um_pwv,35.0,2.348 K,1.89627
20260210,094534.053786,094534.053786,0.0,806.288 um_pwv,984.296 um_pwv,35.0,2.395 K,1.90012
20260210,094535.010671,094535.010671,0.0,808.392 um_pwv,986.864 um_pwv,35.0,2.462 K,1.90509
20260210,094535.975643,094535.975643,0.0,809.07 um_pwv,987.692 um_pwv,35.0,2.415 K,1.90669
20260210,094536.935727,094536.935727,0.0,812.902 um_pwv,992.369 um_pwv,35.0,2.373 K,1.91574
20260210,094537.895974,094537.895974,0.0,812.512 um_pwv,991.894 um_pwv,35.0,2.296 K,1.91482
20260210,094538.850932,094538.850932,0.0,809.801 um_pwv,988.584 um_pwv,35.0,2.13 K,1.90842
20260210,094539.811561,094539.811561,0.0,810.169 um_pwv,989.034 um_pwv,35.0,2.06 K,1.90929
20260210,094540.769957,094540.769957,0.0,811.35 um_pwv,990.475 um_pwv,35.0,2.012 K,1.91208
20260210,094541.731414,094541.731414,0.0,811.049 um_pwv,990.108 um_pwv,35.0,1.952 K,1.91137
20260210,094542.694028,094542.694028,0.0,812.062 um_pwv,991.345 um_pwv,35.0,1.942 K,1.91376
20260210,094543.655806,094543.655806,0.0,815.255 um_pwv,995.243 um_pwv,35.0,1.944 K,1.92131
20260210,094544.612639,094544.612639,0.0,816.693 um_pwv,996.999 um_pwv,35.0,1.918 K,1.92470
20260210,094545.573033,094545.573033,0.0,818.824 um_pwv,999.6 um_pwv,35.0,2.116 K,1.92974
20260210,094546.534009,094546.534009,0.0,819.176 um_pwv,1000.03 um_pwv,35.0,2.193 K,1.93057
20260210,094547.494301,094547.494301,0.0,822.447 um_pwv,1004.02 um_pwv,35.0,2.35 K,1.93830
20260210,094548.454691,094548.454691,0.0,822.986 um_pwv,1004.68 um_pwv,35.0,2.451 K,1.93958
20260210,094549.413183,094549.413183,0.0,824.075 um_pwv,1006.01 um_pwv,35.0,2.437 K,1.94215
20260210,094550.375168,094550.375168,0.0,821.87 um_pwv,1003.32 um_pwv,35.0,2.46 K,1.93694
20260210,094551.334954,094551.334954,0.0,819.399 um_pwv,1000.3 um_pwv,35.0,2.372 K,1.93110
20260210,094552.291637,094552.291637,0.0,817.662 um_pwv,998.18 um_pwv,35.0,2.449 K,1.92699
20260210,094553.254218,094553.254218,0.0,814.611 um_pwv,994.457 um_pwv,35.0,2.27 K,1.91978
20260210,094554.216337,094554.216337,0.0,810.029 um_pwv,988.863 um_pwv,35.0,2.118 K,1.90896
20260210,094555.172754,094555.172754,0.0,808.682 um_pwv,987.219 um_pwv,35.0,2.118 K,1.90577
20260210,094556.130403,094556.130403,0.0,805.603 um_pwv,983.46 um_pwv,35.0,2.052 K,1.89850
20260210,094557.093874,094557.093874,0.0,803.507 um_pwv,980.901 um_pwv,35.0,2.08 K,1.89354
20260210,094558.055322,094558.055322,0.0,802.053 um_pwv,979.125 um_pwv,35.0,2.014 K,1.89011
20260210,094559.014944,094559.014944,0.0,804.272 um_pwv,981.835 um_pwv,35.0,2.168 K,1.89535
20260210,094559.971072,094559.971072,0.0,804.343 um_pwv,981.922 um_pwv,35.0,2.177 K,1.89552
20260210,094600.932700,094600.932700,0.0,804.789 um_pwv,982.466 um_pwv,35.0,2.292 K,1.89657
20260210,094601.894395,094601.894395,0.0,806.041 um_pwv,983.994 um_pwv,35.0,2.462 K,1.89953
20260210,094602.855252,094602.855252,0.0,807.802 um_pwv,986.144 um_pwv,35.0,2.505 K,1.90369
20260210,094603.815240,094603.815240,0.0,806.749 um_pwv,984.859 um_pwv,35.0,2.571 K,1.90120
20260210,094604.772788,094604.772788,0.0,809.23 um_pwv,987.887 um_pwv,35.0,2.47 K,1.90707
20260210,094605.730445,094605.730445,0.0,810.509 um_pwv,989.449 um_pwv,35.0,2.395 K,1.91009
20260210,094606.691735,094606.691735,0.0,810.961 um_pwv,990 um_pwv,35.0,2.283 K,1.91116
20260210,094607.653003,094607.653003,0.0,811.058 um_pwv,990.119 um_pwv,35.0,2.188 K,1.91139
20260210,094608.613742,094608.613742,0.0,811.129 um_pwv,990.206 um_pwv,35.0,2.154 K,1.91156
20260210,094609.574918,094609.574918,0.0,810.121 um_pwv,988.975 um_pwv,35.0,2.062 K,1.90917
20260210,094610.530747,094610.530747,0.0,809.421 um_pwv,988.121 um_pwv,35.0,2.024 K,1.90752
20260210,094611.496048,094611.496048,0.0,809.921 um_pwv,988.731 um_pwv,35.0,1.953 K,1.90870
20260210,094612.450976,094612.450976,0.0,811.57 um_pwv,990.744 um_pwv,35.0,1.906 K,1.91260
20260210,094613.414288,094613.414288,0.0,815.908 um_pwv,996.039 um_pwv,35.0,1.996 K,1.92285
20260210,094614.375094,094614.375094,0.0,817.085 um_pwv,997.477 um_pwv,35.0,2.065 K,1.92563
20260210,094615.330652,094615.330652,0.0,819.633 um_pwv,1000.59 um_pwv,35.0,2.08 K,1.93165
20260210,094616.292077,094616.292077,0.0,822.641 um_pwv,1004.26 um_pwv,35.0,2.322 K,1.93876
20260210,094617.254961,094617.254961,0.0,823.189 um_pwv,1004.93 um_pwv,35.0,2.342 K,1.94006
20260210,094618.215564,094618.215564,0.0,824.267 um_pwv,1006.24 um_pwv,35.0,2.407 K,1.94260
20260210,094619.172051,094619.172051,0.0,824.775 um_pwv,1006.86 um_pwv,35.0,2.469 K,1.94380
20260210,094620.134390,094620.134390,0.0,821.618 um_pwv,1003.01 um_pwv,35.0,2.494 K,1.93634
20260210,094621.095856,094621.095856,0.0,820.856 um_pwv,1002.08 um_pwv,35.0,2.547 K,1.93454
20260210,094622.052421,094622.052421,0.0,818.437 um_pwv,999.128 um_pwv,35.0,2.338 K,1.92883
20260210,094623.014419,094623.014419,0.0,816.311 um_pwv,996.531 um_pwv,35.0,2.332 K,1.92380
20260210,094623.975040,094623.975040,0.0,812.452 um_pwv,991.82 um_pwv,35.0,2.134 K,1.91468
20260210,094624.932482,094624.932482,0.0,808.591 um_pwv,987.107 um_pwv,35.0,2.1 K,1.90556
20260210,094625.893712,094625.893712,0.0,807.235 um_pwv,985.452 um_pwv,35.0,2.171 K,1.90235
20260210,094626.856406,094626.856406,0.0,804.431 um_pwv,982.029 um_pwv,35.0,2.142 K,1.89573
20260210,094627.811921,094627.811921,0.0,802.576 um_pwv,979.764 um_pwv,35.0,2.035 K,1.89134
20260210,094628.776221,094628.776221,0.0,802.401 um_pwv,979.55 um_pwv,35.0,2.073 K,1.89093
20260210,094629.731715,094629.731715,0.0,804.701 um_pwv,982.358 um_pwv,35.0,2.172 K,1.89636
20260210,094630.694384,094630.694384,0.0,805.595 um_pwv,983.45 um_pwv,35.0,2.275 K,1.89848
20260210,094631.654737,094631.654737,0.0,804.471 um_pwv,982.078 um_pwv,35.0,2.316 K,1.89582
20260210,094632.614261,094632.614261,0.0,807.474 um_pwv,985.744 um_pwv,35.0,2.479 K,1.90292
20260210,094633.576007,094633.576007,0.0,808.659 um_pwv,987.191 um_pwv,35.0,2.541 K,1.90572
20260210,094634.534550,094634.534550,0.0,809.25 um_pwv,987.912 um_pwv,35.0,2.461 K,1.90711
20260210,094635.494988,094635.494988,0.0,811.181 um_pwv,990.269 um_pwv,35.0,2.522 K,1.91168
20260210,094636.451498,094636.451498,0.0,811.029 um_pwv,990.084 um_pwv,35.0,2.257 K,1.91132
20260210,094637.413216,094637.413216,0.0,810.621 um_pwv,989.585 um_pwv,35.0,2.165 K,1.91035
20260210,094638.375966,094638.375966,0.0,811.979 um_pwv,991.244 um_pwv,35.0,2.131 K,1.91356
20260210,094639.331493,094639.331493,0.0,811.971 um_pwv,991.233 um_pwv,35.0,2.097 K,1.91354
20260210,094640.295318,094640.295318,0.0,811.67 um_pwv,990.866 um_pwv,35.0,2.115 K,1.91283
20260210,094641.252108,094641.252108,0.0,811.401 um_pwv,990.538 um_pwv,35.0,1.998 K,1.91220
20260210,094642.216064,094642.216064,0.0,815.445 um_pwv,995.474 um_pwv,35.0,2.059 K,1.92175
20260210,094643.171772,094643.171772,0.0,818.074 um_pwv,998.684 um_pwv,35.0,2.143 K,1.92797
20260210,094644.132828,094644.132828,0.0,818.954 um_pwv,999.758 um_pwv,35.0,2.122 K,1.93005
20260210,094645.094821,094645.094821,0.0,819.48 um_pwv,1000.4 um_pwv,35.0,2.173 K,1.93129
20260210,094646.053241,094646.053241,0.0,822.742 um_pwv,1004.38 um_pwv,35.0,2.366 K,1.93900
20260210,094647.016464,094647.016464,0.0,824.581 um_pwv,1006.63 um_pwv,35.0,2.396 K,1.94334
20260210,094647.976703,094647.976703,0.0,824.226 um_pwv,1006.19 um_pwv,35.0,2.501 K,1.94251
20260210,094648.935879,094648.935879,0.0,824.043 um_pwv,1005.97 um_pwv,35.0,2.522 K,1.94207
20260210,094649.892429,094649.892429,0.0,822.081 um_pwv,1003.58 um_pwv,35.0,2.506 K,1.93744
20260210,094650.855005,094650.855005,0.0,819.803 um_pwv,1000.8 um_pwv,35.0,2.442 K,1.93205
20260210,094651.813433,094651.813433,0.0,816.06 um_pwv,996.226 um_pwv,35.0,2.272 K,1.92321
20260210,094652.774906,094652.774906,0.0,815.376 um_pwv,995.39 um_pwv,35.0,2.313 K,1.92159
20260210,094653.732446,094653.732446,0.0,811.57 um_pwv,990.744 um_pwv,35.0,2.194 K,1.91260
20260210,094654.696652,094654.696652,0.0,807.745 um_pwv,986.075 um_pwv,35.0,2.048 K,1.90356
20260210,094655.652136,094655.652136,0.0,806.598 um_pwv,984.674 um_pwv,35.0,2.075 K,1.90085
20260210,094656.613831,094656.613831,0.0,802.944 um_pwv,980.213 um_pwv,35.0,2.035 K,1.89221
20260210,094657.576478,094657.576478,0.0,804.67 um_pwv,982.32 um_pwv,35.0,2.156 K,1.89629
20260210,094658.534702,094658.534702,0.0,802.647 um_pwv,979.85 um_pwv,35.0,2.083 K,1.89151
20260210,094659.493609,094659.493609,0.0,804.522 um_pwv,982.14 um_pwv,35.0,2.27 K,1.89594
20260210,094700.456305,094700.456305,0.0,804.987 um_pwv,982.708 um_pwv,35.0,2.303 K,1.89704
20260210,094701.412666,094701.412666,0.0,806.797 um_pwv,984.917 um_pwv,35.0,2.356 K,1.90132
20260210,094702.375421,094702.375421,0.0,806.288 um_pwv,984.296 um_pwv,35.0,2.554 K,1.90012
20260210,094703.332099,094703.332099,0.0,807.215 um_pwv,985.428 um_pwv,35.0,2.438 K,1.90231
20260210,094704.296486,094704.296486,0.0,809.15 um_pwv,987.79 um_pwv,35.0,2.37 K,1.90688
20260210,094705.254674,094705.254674,0.0,810.829 um_pwv,989.84 um_pwv,35.0,2.308 K,1.91085
20260210,094706.215682,094706.215682,0.0,809.789 um_pwv,988.57 um_pwv,35.0,2.238 K,1.90839
20260210,094707.172205,094707.172205,0.0,811.37 um_pwv,990.499 um_pwv,35.0,2.294 K,1.91212
20260210,094708.133705,094708.133705,0.0,808.759 um_pwv,987.313 um_pwv,35.0,2.097 K,1.90595
20260210,094709.092104,094709.092104,0.0,810.329 um_pwv,989.229 um_pwv,35.0,1.999 K,1.90966
20260210,094710.055085,094710.055085,0.0,810.549 um_pwv,989.498 um_pwv,35.0,1.973 K,1.91018
20260210,094711.015334,094711.015334,0.0,810.069 um_pwv,988.912 um_pwv,35.0,1.843 K,1.90905
20260210,094711.972487,094711.972487,0.0,813.294 um_pwv,992.849 um_pwv,35.0,1.884 K,1.91667
20260210,094712.932988,094712.932988,0.0,817.027 um_pwv,997.406 um_pwv,35.0,2.003 K,1.92549
20260210,094713.896514,094713.896514,0.0,816.492 um_pwv,996.753 um_pwv,35.0,2.042 K,1.92423
20260210,094714.854147,094714.854147,0.0,820.249 um_pwv,1001.34 um_pwv,35.0,2.179 K,1.93311
20260210,094715.815596,094715.815596,0.0,820.33 um_pwv,1001.44 um_pwv,35.0,2.343 K,1.93330
20260210,094716.772210,094716.772210,0.0,822.539 um_pwv,1004.14 um_pwv,35.0,2.378 K,1.93852
20260210,094717.733458,094717.733458,0.0,823.16 um_pwv,1004.89 um_pwv,35.0,2.363 K,1.93999
20260210,094718.697682,094718.697682,0.0,822.742 um_pwv,1004.38 um_pwv,35.0,2.456 K,1.93900
20260210,094719.654250,094719.654250,0.0,820.735 um_pwv,1001.93 um_pwv,35.0,2.531 K,1.93425
20260210,094720.614347,094720.614347,0.0,817.077 um_pwv,997.466 um_pwv,35.0,2.316 K,1.92561
20260210,094721.574775,094721.574775,0.0,816.524 um_pwv,996.791 um_pwv,35.0,2.349 K,1.92430
20260210,094722.533768,094722.533768,0.0,814.83 um_pwv,994.723 um_pwv,35.0,2.284 K,1.92030
20260210,094723.495940,094723.495940,0.0,809.102 um_pwv,987.731 um_pwv,35.0,2.208 K,1.90676
20260210,094724.452364,094724.452364,0.0,807.264 um_pwv,985.487 um_pwv,35.0,2.087 K,1.90242
20260210,094725.416902,094725.416902,0.0,804.233 um_pwv,981.787 um_pwv,35.0,2.038 K,1.89526
20260210,094726.374052,094726.374052,0.0,804.423 um_pwv,982.019 um_pwv,35.0,2.051 K,1.89571
20260210,094727.330916,094727.330916,0.0,803.201 um_pwv,980.528 um_pwv,35.0,2.051 K,1.89282
20260210,094728.292452,094728.292452,0.0,802.29 um_pwv,979.415 um_pwv,35.0,2.059 K,1.89067
20260210,094729.255079,094729.255079,0.0,802.896 um_pwv,980.155 um_pwv,35.0,2.173 K,1.89210
20260210,094730.212550,094730.212550,0.0,805.444 um_pwv,983.266 um_pwv,35.0,2.359 K,1.89812
20260210,094731.176491,094731.176491,0.0,806.081 um_pwv,984.043 um_pwv,35.0,2.416 K,1.89962
20260210,094732.135093,094732.135093,0.0,807.008 um_pwv,985.175 um_pwv,35.0,2.395 K,1.90182
20260210,094733.093028,094733.093028,0.0,808.303 um_pwv,986.756 um_pwv,35.0,2.402 K,1.90488
20260210,094734.053013,094734.053013,0.0,810.069 um_pwv,988.912 um_pwv,35.0,2.418 K,1.90905
20260210,094735.015821,094735.015821,0.0,809.43 um_pwv,988.131 um_pwv,35.0,2.364 K,1.90754
20260210,094735.972869,094735.972869,0.0,808.791 um_pwv,987.351 um_pwv,35.0,2.157 K,1.90603
20260210,094736.933316,094736.933316,0.0,809.921 um_pwv,988.731 um_pwv,35.0,2.155 K,1.90870
20260210,094737.894976,094737.894976,0.0,808.172 um_pwv,986.596 um_pwv,35.0,2.071 K,1.90457
20260210,094738.854710,094738.854710,0.0,809.869 um_pwv,988.668 um_pwv,35.0,2.029 K,1.90858
20260210,094739.814579,094739.814579,0.0,809.849 um_pwv,988.643 um_pwv,35.0,1.968 K,1.90853
20260210,094740.775704,094740.775704,0.0,811.77 um_pwv,990.988 um_pwv,35.0,1.941 K,1.91307
20260210,094741.731159,094741.731159,0.0,814.439 um_pwv,994.247 um_pwv,35.0,2.11 K,1.91938
20260210,094742.694154,094742.694154,0.0,815.192 um_pwv,995.165 um_pwv,35.0,1.949 K,1.92116
20260210,094743.652853,094743.652853,0.0,817.713 um_pwv,998.244 um_pwv,35.0,2.11 K,1.92712
20260210,094744.614519,094744.614519,0.0,819.379 um_pwv,1000.28 um_pwv,35.0,2.224 K,1.93105
20260210,094745.575985,094745.575985,0.0,821.18 um_pwv,1002.48 um_pwv,35.0,2.397 K,1.93531
20260210,094746.533567,094746.533567,0.0,821.922 um_pwv,1003.38 um_pwv,35.0,2.366 K,1.93706
20260210,094747.495397,094747.495397,0.0,820.674 um_pwv,1001.86 um_pwv,35.0,2.393 K,1.93411
20260210,094748.455584,094748.455584,0.0,821.82 um_pwv,1003.26 um_pwv,35.0,2.537 K,1.93682
20260210,094749.415954,094749.415954,0.0,820.116 um_pwv,1001.18 um_pwv,35.0,2.495 K,1.93279
20260210,094750.373082,094750.373082,0.0,817.005 um_pwv,997.378 um_pwv,35.0,2.343 K,1.92544
20260210,094751.337057,094751.337057,0.0,814.54 um_pwv,994.369 um_pwv,35.0,2.261 K,1.91962
20260210,094752.294274,094752.294274,0.0,814.853 um_pwv,994.751 um_pwv,35.0,2.236 K,1.92035
20260210,094753.254624,094753.254624,0.0,808.95 um_pwv,987.546 um_pwv,35.0,2.119 K,1.90641
20260210,094754.216590,094754.216590,0.0,807.642 um_pwv,985.949 um_pwv,35.0,2.095 K,1.90332
20260210,094755.172531,094755.172531,0.0,803.391 um_pwv,980.76 um_pwv,35.0,1.962 K,1.89327
20260210,094756.131563,094756.131563,0.0,804.658 um_pwv,982.306 um_pwv,35.0,2.091 K,1.89626
20260210,094757.093539,094757.093539,0.0,804.837 um_pwv,982.524 um_pwv,35.0,2 K,1.89669
20260210,094758.056402,094758.056402,0.0,803.519 um_pwv,980.915 um_pwv,35.0,2.142 K,1.89357
20260210,094759.017729,094759.017729,0.0,804.61 um_pwv,982.247 um_pwv,35.0,2.173 K,1.89615
20260210,094759.973488,094759.973488,0.0,804.848 um_pwv,982.538 um_pwv,35.0,2.288 K,1.89671
20260210,094800.936099,094800.936099,0.0,807.733 um_pwv,986.061 um_pwv,35.0,2.378 K,1.90353
20260210,094801.893756,094801.893756,0.0,808.91 um_pwv,987.497 um_pwv,35.0,2.447 K,1.90631
20260210,094802.854673,094802.854673,0.0,808.511 um_pwv,987.01 um_pwv,35.0,2.459 K,1.90537
20260210,094803.813089,094803.813089,0.0,807.882 um_pwv,986.241 um_pwv,35.0,2.34 K,1.90388
20260210,094804.776835,094804.776835,0.0,810.301 um_pwv,989.194 um_pwv,35.0,2.352 K,1.90960
20260210,094805.730816,094805.730816,0.0,810.318 um_pwv,989.215 um_pwv,35.0,2.257 K,1.90964
20260210,094806.694182,094806.694182,0.0,811.53 um_pwv,990.695 um_pwv,35.0,2.182 K,1.91250
20260210,094807.653990,094807.653990,0.0,808.882 um_pwv,987.463 um_pwv,35.0,2.059 K,1.90624
20260210,094808.614703,094808.614703,0.0,809.17 um_pwv,987.814 um_pwv,35.0,1.994 K,1.90693
20260210,094809.576161,094809.576161,0.0,811.29 um_pwv,990.402 um_pwv,35.0,2.016 K,1.91193
20260210,094810.532128,094810.532128,0.0,812.561 um_pwv,991.953 um_pwv,35.0,1.949 K,1.91494
20260210,094811.492064,094811.492064,0.0,815.304 um_pwv,995.302 um_pwv,35.0,1.99 K,1.92142
20260210,094812.453250,094812.453250,0.0,817.169 um_pwv,997.579 um_pwv,35.0,2.049 K,1.92583
20260210,094813.413790,094813.413790,0.0,818.691 um_pwv,999.438 um_pwv,35.0,2.148 K,1.92943
20260210,094814.377368,094814.377368,0.0,820.33 um_pwv,1001.44 um_pwv,35.0,2.283 K,1.93330
20260210,094815.331708,094815.331708,0.0,819.916 um_pwv,1000.93 um_pwv,35.0,2.312 K,1.93232
20260210,094816.293581,094816.293581,0.0,822.742 um_pwv,1004.38 um_pwv,35.0,2.458 K,1.93900
20260210,094817.253826,094817.253826,0.0,822.426 um_pwv,1004 um_pwv,35.0,2.457 K,1.93825
20260210,094818.214719,094818.214719,0.0,819.226 um_pwv,1000.09 um_pwv,35.0,2.46 K,1.93069
20260210,094819.173449,094819.173449,0.0,819.006 um_pwv,999.822 um_pwv,35.0,2.573 K,1.93017
20260210,094820.136829,094820.136829,0.0,817.411 um_pwv,997.874 um_pwv,35.0,2.352 K,1.92640
20260210,094821.092316,094821.092316,0.0,816.855 um_pwv,997.195 um_pwv,35.0,2.385 K,1.92509
20260210,094822.053948,094822.053948,0.0,813.314 um_pwv,992.873 um_pwv,35.0,2.288 K,1.91672
20260210,094823.013797,094823.013797,0.0,810.478 um_pwv,989.41 um_pwv,35.0,2.206 K,1.91002
20260210,094823.976690,094823.976690,0.0,807.594 um_pwv,985.89 um_pwv,35.0,2.049 K,1.90320
20260210,094824.936255,094824.936255,0.0,806.598 um_pwv,984.674 um_pwv,35.0,2.186 K,1.90085
20260210,094825.895092,094825.895092,0.0,805.016 um_pwv,982.743 um_pwv,35.0,2.077 K,1.89711
20260210,094826.855362,094826.855362,0.0,804.125 um_pwv,981.656 um_pwv,35.0,2.049 K,1.89500
20260210,094827.817050,094827.817050,0.0,804.749 um_pwv,982.417 um_pwv,35.0,2.215 K,1.89648
20260210,094828.773658,094828.773658,0.0,804.789 um_pwv,982.466 um_pwv,35.0,2.246 K,1.89657
20260210,094829.734192,094829.734192,0.0,805.226 um_pwv,982.999 um_pwv,35.0,2.31 K,1.89760
20260210,094830.698025,094830.698025,0.0,806.908 um_pwv,985.053 um_pwv,35.0,2.408 K,1.90158
20260210,094831.653558,094831.653558,0.0,807.625 um_pwv,985.929 um_pwv,35.0,2.436 K,1.90328
20260210,094832.616625,094832.616625,0.0,808.999 um_pwv,987.605 um_pwv,35.0,2.484 K,1.90652
20260210,094833.576871,094833.576871,0.0,809.27 um_pwv,987.936 um_pwv,35.0,2.517 K,1.90716
20260210,094834.533404,094834.533404,0.0,809.17 um_pwv,987.814 um_pwv,35.0,2.309 K,1.90693
20260210,094835.495141,094835.495141,0.0,808.491 um_pwv,986.986 um_pwv,35.0,2.189 K,1.90532
20260210,094836.458693,094836.458693,0.0,808.503 um_pwv,987 um_pwv,35.0,2.094 K,1.90535
20260210,094837.413742,094837.413742,0.0,810.681 um_pwv,989.658 um_pwv,35.0,2.165 K,1.91050
20260210,094838.375692,094838.375692,0.0,807.753 um_pwv,986.085 um_pwv,35.0,1.973 K,1.90358
20260210,094839.338053,094839.338053,0.0,811.029 um_pwv,990.084 um_pwv,35.0,1.935 K,1.91132
20260210,094840.293160,094840.293160,0.0,812.752 um_pwv,992.188 um_pwv,35.0,1.901 K,1.91539
20260210,094841.254736,094841.254736,0.0,813.756 um_pwv,993.413 um_pwv,35.0,1.859 K,1.91776
20260210,094842.217606,094842.217606,0.0,818.388 um_pwv,999.068 um_pwv,35.0,1.985 K,1.92871
20260210,094843.178447,094843.178447,0.0,819.711 um_pwv,1000.68 um_pwv,35.0,2.082 K,1.93184
20260210,094844.134801,094844.134801,0.0,818.085 um_pwv,998.698 um_pwv,35.0,2.098 K,1.92799
20260210,094845.097584,094845.097584,0.0,820.208 um_pwv,1001.29 um_pwv,35.0,2.289 K,1.93301
20260210,094846.057533,094846.057533,0.0,820.816 um_pwv,1002.03 um_pwv,35.0,2.361 K,1.93445
20260210,094847.018977,094847.018977,0.0,821.169 um_pwv,1002.46 um_pwv,35.0,2.435 K,1.93528
20260210,094847.974642,094847.974642,0.0,819.451 um_pwv,1000.36 um_pwv,35.0,2.484 K,1.93122
20260210,094848.936612,094848.936612,0.0,819.954 um_pwv,1000.98 um_pwv,35.0,2.532 K,1.93241
20260210,094849.894133,094849.894133,0.0,819.217 um_pwv,1000.08 um_pwv,35.0,2.431 K,1.93067
20260210,094850.856557,094850.856557,0.0,818.963 um_pwv,999.769 um_pwv,35.0,2.4 K,1.93007
20260210,094851.813746,094851.813746,0.0,814.801 um_pwv,994.688 um_pwv,35.0,2.257 K,1.92023
20260210,094852.773783,094852.773783,0.0,810.678 um_pwv,989.655 um_pwv,35.0,2.192 K,1.91049
20260210,094853.734878,094853.734878,0.0,807.904 um_pwv,986.269 um_pwv,35.0,2.084 K,1.90393
20260210,094854.696736,094854.696736,0.0,805.356 um_pwv,983.159 um_pwv,35.0,2.016 K,1.89791
20260210,094855.656806,094855.656806,0.0,804.579 um_pwv,982.209 um_pwv,35.0,2.125 K,1.89608
20260210,094856.617892,094856.617892,0.0,804.61 um_pwv,982.247 um_pwv,35.0,2.126 K,1.89615
20260210,094857.578276,094857.578276,0.0,804.916 um_pwv,982.621 um_pwv,35.0,2.122 K,1.89687
20260210,094858.534154,094858.534154,0.0,806.459 um_pwv,984.504 um_pwv,35.0,2.234 K,1.90052
20260210,094859.496770,094859.496770,0.0,805.671 um_pwv,983.543 um_pwv,35.0,2.259 K,1.89866
20260210,094900.457973,094900.457973,0.0,808.192 um_pwv,986.62 um_pwv,35.0,2.466 K,1.90461
20260210,094901.412256,094901.412256,0.0,806.172 um_pwv,984.154 um_pwv,35.0,2.39 K,1.89984
20260210,094902.373246,094902.373246,0.0,810.581 um_pwv,989.536 um_pwv,35.0,2.541 K,1.91026
20260210,094903.335401,094903.335401,0.0,809.561 um_pwv,988.291 um_pwv,35.0,2.428 K,1.90785
20260210,094904.295575,094904.295575,0.0,810.661 um_pwv,989.634 um_pwv,35.0,2.308 K,1.91045
20260210,094905.255505,094905.255505,0.0,810.078 um_pwv,988.922 um_pwv,35.0,2.17 K,1.90907
20260210,094906.213387,094906.213387,0.0,809.889 um_pwv,988.692 um_pwv,35.0,2.138 K,1.90863
20260210,094907.174658,094907.174658,0.0,808.811 um_pwv,987.375 um_pwv,35.0,2.085 K,1.90608
20260210,094908.135821,094908.135821,0.0,809.438 um_pwv,988.142 um_pwv,35.0,1.977 K,1.90756
20260210,094909.096843,094909.096843,0.0,811.859 um_pwv,991.097 um_pwv,35.0,2.062 K,1.91328
20260210,094910.057068,094910.057068,0.0,812.933 um_pwv,992.408 um_pwv,35.0,2.049 K,1.91582
20260210,094911.013756,094911.013756,0.0,814.933 um_pwv,994.85 um_pwv,35.0,1.999 K,1.92055
20260210,094911.978238,094911.978238,0.0,817.419 um_pwv,997.885 um_pwv,35.0,2.05 K,1.92642
20260210,094912.934816,094912.934816,0.0,819.197 um_pwv,1000.05 um_pwv,35.0,2.179 K,1.93062
20260210,094913.894257,094913.894257,0.0,821.395 um_pwv,1002.74 um_pwv,35.0,2.343 K,1.93581
20260210,094914.858259,094914.858259,0.0,819.905 um_pwv,1000.92 um_pwv,35.0,2.356 K,1.93229
20260210,094915.812545,094915.812545,0.0,821.29 um_pwv,1002.61 um_pwv,35.0,2.503 K,1.93557
20260210,094916.778250,094916.778250,0.0,821.313 um_pwv,1002.64 um_pwv,35.0,2.584 K,1.93562
20260210,094917.735985,094917.735985,0.0,820.471 um_pwv,1001.61 um_pwv,35.0,2.526 K,1.93363
20260210,094918.694137,094918.694137,0.0,818.218 um_pwv,998.86 um_pwv,35.0,2.466 K,1.92831
20260210,094919.654095,094919.654095,0.0,818.429 um_pwv,999.117 um_pwv,35.0,2.426 K,1.92881
20260210,094920.617244,094920.617244,0.0,815.453 um_pwv,995.485 um_pwv,35.0,2.335 K,1.92177
20260210,094921.571969,094921.571969,0.0,813.756 um_pwv,993.413 um_pwv,35.0,2.209 K,1.91776
20260210,094922.533734,094922.533734,0.0,812.182 um_pwv,991.492 um_pwv,35.0,2.203 K,1.91404
20260210,094923.496052,094923.496052,0.0,807.973 um_pwv,986.353 um_pwv,35.0,2.114 K,1.90410
20260210,094924.458561,094924.458561,0.0,806.112 um_pwv,984.081 um_pwv,35.0,2.108 K,1.89970
20260210,094925.416008,094925.416008,0.0,805.612 um_pwv,983.47 um_pwv,35.0,2.106 K,1.89852
20260210,094926.375982,094926.375982,0.0,806.538 um_pwv,984.602 um_pwv,35.0,2.136 K,1.90071
20260210,094927.334510,094927.334510,0.0,804.343 um_pwv,981.922 um_pwv,35.0,2.14 K,1.89552
20260210,094928.297387,094928.297387,0.0,805.087 um_pwv,982.829 um_pwv,35.0,2.277 K,1.89728
20260210,094929.257284,094929.257284,0.0,806.001 um_pwv,983.946 um_pwv,35.0,2.394 K,1.89944
20260210,094930.216069,094930.216069,0.0,808.54 um_pwv,987.045 um_pwv,35.0,2.513 K,1.90544
20260210,094931.172046,094931.172046,0.0,810.569 um_pwv,989.522 um_pwv,35.0,2.553 K,1.91023
20260210,094932.133161,094932.133161,0.0,810.149 um_pwv,989.009 um_pwv,35.0,2.549 K,1.90924
20260210,094933.094595,094933.094595,0.0,810.278 um_pwv,989.166 um_pwv,35.0,2.47 K,1.90954
20260210,094934.057596,094934.057596,0.0,810.329 um_pwv,989.229 um_pwv,35.0,2.297 K,1.90966
20260210,094935.014406,094935.014406,0.0,810.069 um_pwv,988.912 um_pwv,35.0,2.292 K,1.90905
20260210,094935.977661,094935.977661,0.0,808.46 um_pwv,986.947 um_pwv,35.0,2.116 K,1.90525
20260210,094936.935267,094936.935267,0.0,809.521 um_pwv,988.243 um_pwv,35.0,2.104 K,1.90776
20260210,094937.896632,094937.896632,0.0,810.301 um_pwv,989.194 um_pwv,35.0,2.047 K,1.90960
20260210,094938.857583,094938.857583,0.0,810.609 um_pwv,989.571 um_pwv,35.0,2.029 K,1.91033
20260210,094939.818019,094939.818019,0.0,811.51 um_pwv,990.671 um_pwv,35.0,1.896 K,1.91246
20260210,094940.774107,094940.774107,0.0,813.165 um_pwv,992.691 um_pwv,35.0,2.07 K,1.91637
20260210,094941.734090,094941.734090,0.0,816.644 um_pwv,996.939 um_pwv,35.0,2.113 K,1.92459
20260210,094942.694915,094942.694915,0.0,818.752 um_pwv,999.512 um_pwv,35.0,2.22 K,1.92957
20260210,094943.657666,094943.657666,0.0,820.998 um_pwv,1002.25 um_pwv,35.0,2.343 K,1.93488
20260210,094944.613967,094944.613967,0.0,821.383 um_pwv,1002.72 um_pwv,35.0,2.385 K,1.93579
20260210,094945.577432,094945.577432,0.0,821.12 um_pwv,1002.4 um_pwv,35.0,2.468 K,1.93516
20260210,094946.539187,094946.539187,0.0,819.772 um_pwv,1000.76 um_pwv,35.0,2.444 K,1.93198
20260210,094947.496076,094947.496076,0.0,819.228 um_pwv,1000.09 um_pwv,35.0,2.427 K,1.93070
20260210,094948.457500,094948.457500,0.0,816.855 um_pwv,997.195 um_pwv,35.0,2.497 K,1.92509
20260210,094949.418040,094949.418040,0.0,817.702 um_pwv,998.23 um_pwv,35.0,2.377 K,1.92709
20260210,094950.374423,094950.374423,0.0,815.496 um_pwv,995.537 um_pwv,35.0,2.269 K,1.92188
20260210,094951.335452,094951.335452,0.0,813.446 um_pwv,993.034 um_pwv,35.0,2.246 K,1.91703
20260210,094952.294040,094952.294040,0.0,809.29 um_pwv,987.96 um_pwv,35.0,2.056 K,1.90721
20260210,094953.254440,094953.254440,0.0,805.922 um_pwv,983.849 um_pwv,35.0,2.012 K,1.89925
20260210,094954.214272,094954.214272,0.0,806.956 um_pwv,985.112 um_pwv,35.0,2.086 K,1.90169
20260210,094955.172455,094955.172455,0.0,804.221 um_pwv,981.773 um_pwv,35.0,2.087 K,1.89523
20260210,094956.138201,094956.138201,0.0,804.443 um_pwv,982.043 um_pwv,35.0,2.108 K,1.89575
20260210,094957.092603,094957.092603,0.0,804.809 um_pwv,982.49 um_pwv,35.0,2.211 K,1.89662
20260210,094958.058211,094958.058211,0.0,806.391 um_pwv,984.421 um_pwv,35.0,2.321 K,1.90036
20260210,094959.012866,094959.012866,0.0,805.575 um_pwv,983.426 um_pwv,35.0,2.326 K,1.89843
20260210,094959.974695,094959.974695,0.0,808.343 um_pwv,986.805 um_pwv,35.0,2.446 K,1.90497
20260210,095000.937420,095000.937420,0.0,808.58 um_pwv,987.093 um_pwv,35.0,2.507 K,1.90553
20260210,095001.895366,095001.895366,0.0,810.621 um_pwv,989.585 um_pwv,35.0,2.503 K,1.91035
20260210,095002.856536,095002.856536,0.0,810.121 um_pwv,988.975 um_pwv,35.0,2.371 K,1.90917
20260210,095003.814371,095003.814371,0.0,808.731 um_pwv,987.278 um_pwv,35.0,2.135 K,1.90589
20260210,095004.776589,095004.776589,0.0,810.169 um_pwv,989.034 um_pwv,35.0,2.211 K,1.90929
20260210,095005.738816,095005.738816,0.0,807.654 um_pwv,985.963 um_pwv,35.0,2.036 K,1.90334
20260210,095006.696385,095006.696385,0.0,807.762 um_pwv,986.095 um_pwv,35.0,2.045 K,1.90360
20260210,095007.654348,095007.654348,0.0,807.036 um_pwv,985.209 um_pwv,35.0,1.852 K,1.90188
20260210,095008.614617,095008.614617,0.0,809.889 um_pwv,988.692 um_pwv,35.0,1.921 K,1.90863
20260210,095009.574289,095009.574289,0.0,812.5 um_pwv,991.88 um_pwv,35.0,1.99 K,1.91480
20260210,095010.534139,095010.534139,0.0,815.658 um_pwv,995.734 um_pwv,35.0,2.038 K,1.92226
20260210,095011.497490,095011.497490,0.0,816.573 um_pwv,996.851 um_pwv,35.0,2.058 K,1.92442
20260210,095012.454051,095012.454051,0.0,820.633 um_pwv,1001.81 um_pwv,35.0,2.226 K,1.93402
20260210,095013.416293,095013.416293,0.0,820.784 um_pwv,1001.99 um_pwv,35.0,2.256 K,1.93437
20260210,095014.378239,095014.378239,0.0,820.098 um_pwv,1001.16 um_pwv,35.0,2.386 K,1.93275
20260210,095015.332957,095015.332957,0.0,819.905 um_pwv,1000.92 um_pwv,35.0,2.446 K,1.93229
20260210,095016.298946,095016.298946,0.0,821.14 um_pwv,1002.43 um_pwv,35.0,2.509 K,1.93521
20260210,095017.252910,095017.252910,0.0,819.662 um_pwv,1000.62 um_pwv,35.0,2.593 K,1.93172
20260210,095018.219731,095018.219731,0.0,817.399 um_pwv,997.86 um_pwv,35.0,2.437 K,1.92637
20260210,095019.175008,095019.175008,0.0,817.832 um_pwv,998.388 um_pwv,35.0,2.356 K,1.92739
20260210,095020.134963,095020.134963,0.0,816.221 um_pwv,996.422 um_pwv,35.0,2.272 K,1.92359
20260210,095021.099386,095021.099386,0.0,813.073 um_pwv,992.579 um_pwv,35.0,2.231 K,1.91615
20260210,095022.053796,095022.053796,0.0,809.33 um_pwv,988.009 um_pwv,35.0,2.091 K,1.90730
20260210,095023.020015,095023.020015,0.0,806.547 um_pwv,984.612 um_pwv,35.0,1.869 K,1.90073
20260210,095023.976429,095023.976429,0.0,806.598 um_pwv,984.674 um_pwv,35.0,2.129 K,1.90085
20260210,095024.938133,095024.938133,0.0,803.876 um_pwv,981.351 um_pwv,35.0,2.041 K,1.89441
20260210,095025.899752,095025.899752,0.0,804.999 um_pwv,982.722 um_pwv,35.0,2.136 K,1.89707
20260210,095026.853746,095026.853746,0.0,806.817 um_pwv,984.942 um_pwv,35.0,2.275 K,1.90137
20260210,095027.818377,095027.818377,0.0,805.743 um_pwv,983.63 um_pwv,35.0,2.289 K,1.89883
20260210,095028.773372,095028.773372,0.0,805.862 um_pwv,983.776 um_pwv,35.0,2.306 K,1.89911
20260210,095029.736732,095029.736732,0.0,807.275 um_pwv,985.501 um_pwv,35.0,2.423 K,1.90245
20260210,095030.696846,095030.696846,0.0,807.454 um_pwv,985.72 um_pwv,35.0,2.451 K,1.90287
20260210,095031.656640,095031.656640,0.0,809.47 um_pwv,988.18 um_pwv,35.0,2.433 K,1.90763
20260210,095032.618735,095032.618735,0.0,810.469 um_pwv,989.4 um_pwv,35.0,2.37 K,1.91000
20260210,095033.578650,095033.578650,0.0,811.39 um_pwv,990.524 um_pwv,35.0,2.219 K,1.91217
20260210,095034.533777,095034.533777,0.0,811.081 um_pwv,990.147 um_pwv,35.0,2.218 K,1.91144
20260210,095035.496769,095035.496769,0.0,810.709 um_pwv,989.693 um_pwv,35.0,2.073 K,1.91056
20260210,095036.457805,095036.457805,0.0,810.421 um_pwv,989.341 um_pwv,35.0,2.041 K,1.90988
20260210,095037.415546,095037.415546,0.0,810.749 um_pwv,989.742 um_pwv,35.0,1.97 K,1.91066
20260210,095038.376960,095038.376960,0.0,810.709 um_pwv,989.693 um_pwv,35.0,1.987 K,1.91056
20260210,095039.337755,095039.337755,0.0,813.254 um_pwv,992.8 um_pwv,35.0,1.962 K,1.91658
20260210,095040.295392,095040.295392,0.0,813.997 um_pwv,993.707 um_pwv,35.0,1.919 K,1.91833
20260210,095041.257529,095041.257529,0.0,818.501 um_pwv,999.205 um_pwv,35.0,2.216 K,1.92898
20260210,095042.213714,095042.213714,0.0,820.735 um_pwv,1001.93 um_pwv,35.0,2.27 K,1.93425
20260210,095043.177161,095043.177161,0.0,821.25 um_pwv,1002.56 um_pwv,35.0,2.293 K,1.93547
20260210,095044.137460,095044.137460,0.0,821.676 um_pwv,1003.08 um_pwv,35.0,2.337 K,1.93648
20260210,095045.094987,095045.094987,0.0,822.742 um_pwv,1004.38 um_pwv,35.0,2.634 K,1.93900
20260210,095046.057182,095046.057182,0.0,819.722 um_pwv,1000.7 um_pwv,35.0,2.432 K,1.93186
20260210,095047.019109,095047.019109,0.0,819.682 um_pwv,1000.65 um_pwv,35.0,2.594 K,1.93177
20260210,095047.978588,095047.978588,0.0,818.691 um_pwv,999.438 um_pwv,35.0,2.481 K,1.92943
20260210,095048.938701,095048.938701,0.0,816.098 um_pwv,996.271 um_pwv,35.0,2.34 K,1.92330
20260210,095049.899338,095049.899338,0.0,813.796 um_pwv,993.462 um_pwv,35.0,2.201 K,1.91786
20260210,095050.858928,095050.858928,0.0,810.358 um_pwv,989.264 um_pwv,35.0,2.09 K,1.90973
20260210,095051.820403,095051.820403,0.0,808.89 um_pwv,987.473 um_pwv,35.0,1.994 K,1.90627
20260210,095052.778426,095052.778426,0.0,805.365 um_pwv,983.169 um_pwv,35.0,1.981 K,1.89793
20260210,095053.739696,095053.739696,0.0,804.976 um_pwv,982.694 um_pwv,35.0,2.007 K,1.89701
20260210,095054.695545,095054.695545,0.0,803.657 um_pwv,981.085 um_pwv,35.0,1.899 K,1.89390
20260210,095055.658867,095055.658867,0.0,804.332 um_pwv,981.908 um_pwv,35.0,2.135 K,1.89549
20260210,095056.619813,095056.619813,0.0,804.721 um_pwv,982.383 um_pwv,35.0,2.173 K,1.89641
20260210,095057.578144,095057.578144,0.0,806.908 um_pwv,985.053 um_pwv,35.0,2.319 K,1.90158
20260210,095058.538452,095058.538452,0.0,805.603 um_pwv,983.46 um_pwv,35.0,2.399 K,1.89850
20260210,095059.499806,095059.499806,0.0,807.343 um_pwv,985.584 um_pwv,35.0,2.417 K,1.90261
20260210,095100.458355,095100.458355,0.0,808.999 um_pwv,987.605 um_pwv,35.0,2.479 K,1.90652
20260210,095101.418667,095101.418667,0.0,811.018 um_pwv,990.07 um_pwv,35.0,2.501 K,1.91129
20260210,095102.378472,095102.378472,0.0,810.609 um_pwv,989.571 um_pwv,35.0,2.296 K,1.91033
20260210,095103.338687,095103.338687,0.0,812.011 um_pwv,991.282 um_pwv,35.0,2.293 K,1.91364
20260210,095104.298020,095104.298020,0.0,810.201 um_pwv,989.072 um_pwv,35.0,2.088 K,1.90936
20260210,095105.259430,095105.259430,0.0,810.149 um_pwv,989.009 um_pwv,35.0,2.065 K,1.90924
20260210,095106.218746,095106.218746,0.0,808.811 um_pwv,987.375 um_pwv,35.0,1.994 K,1.90608
20260210,095107.178962,095107.178962,0.0,810.821 um_pwv,989.829 um_pwv,35.0,1.947 K,1.91083
20260210,095108.138600,095108.138600,0.0,811.951 um_pwv,991.209 um_pwv,35.0,1.998 K,1.91350
20260210,095109.093641,095109.093641,0.0,813.423 um_pwv,993.006 um_pwv,35.0,1.959 K,1.91698
20260210,095110.053570,095110.053570,0.0,815.96 um_pwv,996.103 um_pwv,35.0,2.011 K,1.92297
20260210,095111.019354,095111.019354,0.0,817.54 um_pwv,998.033 um_pwv,35.0,2.1 K,1.92671
20260210,095111.980348,095111.980348,0.0,820.836 um_pwv,1002.06 um_pwv,35.0,2.251 K,1.93449
20260210,095112.936868,095112.936868,0.0,821.829 um_pwv,1003.27 um_pwv,35.0,2.343 K,1.93684
20260210,095113.900358,095113.900358,0.0,822.429 um_pwv,1004 um_pwv,35.0,2.413 K,1.93826
20260210,095114.856221,095114.856221,0.0,821.719 um_pwv,1003.13 um_pwv,35.0,2.533 K,1.93658
20260210,095115.818350,095115.818350,0.0,820.278 um_pwv,1001.37 um_pwv,35.0,2.559 K,1.93318
20260210,095116.778598,095116.778598,0.0,818.671 um_pwv,999.413 um_pwv,35.0,2.461 K,1.92938
20260210,095117.734291,095117.734291,0.0,818.357 um_pwv,999.029 um_pwv,35.0,2.337 K,1.92864
20260210,095118.697654,095118.697654,0.0,815.787 um_pwv,995.892 um_pwv,35.0,2.315 K,1.92256
20260210,095119.655240,095119.655240,0.0,813.736 um_pwv,993.388 um_pwv,35.0,2.227 K,1.91772
20260210,095120.618619,095120.618619,0.0,809.778 um_pwv,988.556 um_pwv,35.0,2.153 K,1.90836
20260210,095121.575300,095121.575300,0.0,808.851 um_pwv,987.424 um_pwv,35.0,2.111 K,1.90617
20260210,095122.538281,095122.538281,0.0,806.626 um_pwv,984.709 um_pwv,35.0,2.047 K,1.90091
20260210,095123.500373,095123.500373,0.0,807.873 um_pwv,986.231 um_pwv,35.0,2.195 K,1.90386
20260210,095124.458729,095124.458729,0.0,804.84 um_pwv,982.528 um_pwv,35.0,2.092 K,1.89669
20260210,095125.415383,095125.415383,0.0,804.848 um_pwv,982.538 um_pwv,35.0,2.2 K,1.89671
20260210,095126.377077,095126.377077,0.0,806.717 um_pwv,984.82 um_pwv,35.0,2.313 K,1.90113
20260210,095127.333911,095127.333911,0.0,807.096 um_pwv,985.282 um_pwv,35.0,2.387 K,1.90202
20260210,095128.300607,095128.300607,0.0,808.851 um_pwv,987.424 um_pwv,35.0,2.483 K,1.90617
20260210,095129.256094,095129.256094,0.0,810.329 um_pwv,989.229 um_pwv,35.0,2.527 K,1.90966
20260210,095130.218468,095130.218468,0.0,810.821 um_pwv,989.829 um_pwv,35.0,2.495 K,1.91083
20260210,095131.180376,095131.180376,0.0,810.549 um_pwv,989.498 um_pwv,35.0,2.463 K,1.91018
20260210,095132.137445,095132.137445,0.0,809.441 um_pwv,988.145 um_pwv,35.0,2.327 K,1.90757
20260210,095133.095755,095133.095755,0.0,812.44 um_pwv,991.806 um_pwv,35.0,2.245 K,1.91465
20260210,095134.058532,095134.058532,0.0,811.979 um_pwv,991.244 um_pwv,35.0,2.159 K,1.91356
20260210,095135.020112,095135.020112,0.0,811.029 um_pwv,990.084 um_pwv,35.0,2.061 K,1.91132
20260210,095135.979987,095135.979987,0.0,809.51 um_pwv,988.229 um_pwv,35.0,1.992 K,1.90773
20260210,095136.936260,095136.936260,0.0,809.022 um_pwv,987.633 um_pwv,35.0,1.932 K,1.90658
20260210,095137.899577,095137.899577,0.0,810.341 um_pwv,989.243 um_pwv,35.0,1.886 K,1.90969
20260210,095138.860536,095138.860536,0.0,813.354 um_pwv,992.922 um_pwv,35.0,1.933 K,1.91681
20260210,095139.817352,095139.817352,0.0,817.307 um_pwv,997.748 um_pwv,35.0,2.115 K,1.92615
20260210,095140.779341,095140.779341,0.0,819.621 um_pwv,1000.57 um_pwv,35.0,2.115 K,1.93162
20260210,095141.738717,095141.738717,0.0,820.532 um_pwv,1001.68 um_pwv,35.0,2.204 K,1.93378
20260210,095142.699548,095142.699548,0.0,821.566 um_pwv,1002.95 um_pwv,35.0,2.391 K,1.93622
20260210,095143.660423,095143.660423,0.0,822.893 um_pwv,1004.57 um_pwv,35.0,2.521 K,1.93936
20260210,095144.620264,095144.620264,0.0,819.39 um_pwv,1000.29 um_pwv,35.0,2.482 K,1.93108
20260210,095145.579413,095145.579413,0.0,820.098 um_pwv,1001.16 um_pwv,35.0,2.472 K,1.93275
20260210,095146.540351,095146.540351,0.0,818.065 um_pwv,998.673 um_pwv,35.0,2.418 K,1.92795
20260210,095147.498109,095147.498109,0.0,818.4 um_pwv,999.082 um_pwv,35.0,2.46 K,1.92874
20260210,095148.456369,095148.456369,0.0,815.839 um_pwv,995.955 um_pwv,35.0,2.351 K,1.92269
20260210,095149.419171,095149.419171,0.0,812.552 um_pwv,991.943 um_pwv,35.0,2.204 K,1.91492
20260210,095150.378460,095150.378460,0.0,809.941 um_pwv,988.755 um_pwv,35.0,2.189 K,1.90875
20260210,095151.339915,095151.339915,0.0,807.406 um_pwv,985.661 um_pwv,35.0,2.101 K,1.90276
20260210,095152.296374,095152.296374,0.0,808.164 um_pwv,986.586 um_pwv,35.0,2.138 K,1.90455
20260210,095153.257776,095153.257776,0.0,805.99 um_pwv,983.932 um_pwv,35.0,2.15 K,1.89941
20260210,095154.219907,095154.219907,0.0,804.928 um_pwv,982.635 um_pwv,35.0,2.098 K,1.89690
20260210,095155.180799,095155.180799,0.0,806.172 um_pwv,984.154 um_pwv,35.0,2.245 K,1.89984
20260210,095156.138265,095156.138265,0.0,806.618 um_pwv,984.699 um_pwv,35.0,2.258 K,1.90089
20260210,095157.099836,095157.099836,0.0,808.48 um_pwv,986.972 um_pwv,35.0,2.406 K,1.90529
20260210,095158.056221,095158.056221,0.0,808.551 um_pwv,987.059 um_pwv,35.0,2.481 K,1.90546
20260210,095159.017090,095159.017090,0.0,809.958 um_pwv,988.776 um_pwv,35.0,2.402 K,1.90879
20260210,095159.980366,095159.980366,0.0,810.618 um_pwv,989.581 um_pwv,35.0,2.488 K,1.91035
20260210,095200.938911,095200.938911,0.0,812.18 um_pwv,991.488 um_pwv,35.0,2.496 K,1.91404
20260210,095201.901233,095201.901233,0.0,811.75 um_pwv,990.964 um_pwv,35.0,2.444 K,1.91302
20260210,095202.856254,095202.856254,0.0,813.202 um_pwv,992.737 um_pwv,35.0,2.374 K,1.91646
20260210,095203.819242,095203.819242,0.0,812.191 um_pwv,991.502 um_pwv,35.0,2.289 K,1.91406
20260210,095204.780289,095204.780289,0.0,813.555 um_pwv,993.168 um_pwv,35.0,2.167 K,1.91729
20260210,095205.738102,095205.738102,0.0,811.318 um_pwv,990.437 um_pwv,35.0,1.965 K,1.91200
20260210,095206.694739,095206.694739,0.0,811.991 um_pwv,991.258 um_pwv,35.0,2.028 K,1.91359
20260210,095207.656738,095207.656738,0.0,812.612 um_pwv,992.016 um_pwv,35.0,1.965 K,1.91506
20260210,095208.620180,095208.620180,0.0,814.367 um_pwv,994.159 um_pwv,35.0,1.974 K,1.91921
20260210,095209.577154,095209.577154,0.0,819.075 um_pwv,999.906 um_pwv,35.0,2.183 K,1.93033
20260210,095210.541086,095210.541086,0.0,820.492 um_pwv,1001.64 um_pwv,35.0,2.17 K,1.93368
20260210,095211.498057,095211.498057,0.0,821.395 um_pwv,1002.74 um_pwv,35.0,2.136 K,1.93581
20260210,095212.459993,095212.459993,0.0,822.388 um_pwv,1003.95 um_pwv,35.0,2.26 K,1.93816
20260210,095213.420513,095213.420513,0.0,821.748 um_pwv,1003.17 um_pwv,35.0,2.372 K,1.93665
20260210,095214.376494,095214.376494,0.0,821.412 um_pwv,1002.76 um_pwv,35.0,2.444 K,1.93586
20260210,095215.336004,095215.336004,0.0,819.985 um_pwv,1001.02 um_pwv,35.0,2.49 K,1.93248
20260210,095216.296372,095216.296372,0.0,819.743 um_pwv,1000.72 um_pwv,35.0,2.458 K,1.93191
20260210,095217.256216,095217.256216,0.0,817.298 um_pwv,997.737 um_pwv,35.0,2.411 K,1.92613
20260210,095218.219802,095218.219802,0.0,817.249 um_pwv,997.677 um_pwv,35.0,2.391 K,1.92602
20260210,095219.180788,095219.180788,0.0,811.81 um_pwv,991.037 um_pwv,35.0,2.19 K,1.91317
20260210,095220.136270,095220.136270,0.0,809.11 um_pwv,987.741 um_pwv,35.0,2.193 K,1.90678
20260210,095221.097286,095221.097286,0.0,807.045 um_pwv,985.219 um_pwv,35.0,2.132 K,1.90190
20260210,095222.060831,095222.060831,0.0,806.101 um_pwv,984.067 um_pwv,35.0,2.101 K,1.89967
20260210,095223.016890,095223.016890,0.0,805.433 um_pwv,983.252 um_pwv,35.0,2.193 K,1.89809
20260210,095223.980861,095223.980861,0.0,806.248 um_pwv,984.247 um_pwv,35.0,2.217 K,1.90002
20260210,095224.941211,095224.941211,0.0,805.754 um_pwv,983.644 um_pwv,35.0,2.185 K,1.89885
20260210,095225.898331,095225.898331,0.0,808.742 um_pwv,987.292 um_pwv,35.0,2.421 K,1.90591
20260210,095226.860717,095226.860717,0.0,808.332 um_pwv,986.791 um_pwv,35.0,2.391 K,1.90494
20260210,095227.821043,095227.821043,0.0,810.089 um_pwv,988.936 um_pwv,35.0,2.538 K,1.90910
20260210,095228.781043,095228.781043,0.0,810.269 um_pwv,989.156 um_pwv,35.0,2.516 K,1.90952
20260210,095229.736745,095229.736745,0.0,813.555 um_pwv,993.168 um_pwv,35.0,2.495 K,1.91729
20260210,095230.701153,095230.701153,0.0,810.949 um_pwv,989.986 um_pwv,35.0,2.358 K,1.91113
20260210,095231.658991,095231.658991,0.0,813.225 um_pwv,992.765 um_pwv,35.0,2.513 K,1.91651
20260210,095232.621239,095232.621239,0.0,812.824 um_pwv,992.275 um_pwv,35.0,2.315 K,1.91556
20260210,095233.577886,095233.577886,0.0,813.013 um_pwv,992.506 um_pwv,35.0,2.215 K,1.91601
20260210,095234.540157,095234.540157,0.0,813.615 um_pwv,993.241 um_pwv,35.0,2.088 K,1.91743
20260210,095235.500895,095235.500895,0.0,812.051 um_pwv,991.331 um_pwv,35.0,2.065 K,1.91373
20260210,095236.461311,095236.461311,0.0,813.254 um_pwv,992.8 um_pwv,35.0,2.022 K,1.91658
20260210,095237.416590,095237.416590,0.0,814.942 um_pwv,994.86 um_pwv,35.0,2.03 K,1.92057
20260210,095238.379410,095238.379410,0.0,816.826 um_pwv,997.16 um_pwv,35.0,2.07 K,1.92502
20260210,095239.340895,095239.340895,0.0,817.673 um_pwv,998.194 um_pwv,35.0,2.138 K,1.92702
20260210,095240.295825,095240.295825,0.0,820.249 um_pwv,1001.34 um_pwv,35.0,2.182 K,1.93311
20260210,095241.259283,095241.259283,0.0,821.707 um_pwv,1003.12 um_pwv,35.0,2.339 K,1.93655
20260210,095242.220017,095242.220017,0.0,820.411 um_pwv,1001.54 um_pwv,35.0,2.294 K,1.93349
20260210,095243.177974,095243.177974,0.0,820.451 um_pwv,1001.59 um_pwv,35.0,2.37 K,1.93358
20260210,095244.141024,095244.141024,0.0,821.189 um_pwv,1002.49 um_pwv,35.0,2.456 K,1.93533
20260210,095245.098883,095245.098883,0.0,817.904 um_pwv,998.476 um_pwv,35.0,2.377 K,1.92757
20260210,095246.056496,095246.056496,0.0,819.419 um_pwv,1000.33 um_pwv,35.0,2.47 K,1.93115
20260210,095247.021082,095247.021082,0.0,814.571 um_pwv,994.408 um_pwv,35.0,2.289 K,1.91969
20260210,095247.976613,095247.976613,0.0,813.354 um_pwv,992.922 um_pwv,35.0,2.282 K,1.91681
20260210,095248.940580,095248.940580,0.0,809.41 um_pwv,988.107 um_pwv,35.0,2.146 K,1.90749
20260210,095249.896532,095249.896532,0.0,808.232 um_pwv,986.669 um_pwv,35.0,2.137 K,1.90471
20260210,095250.858586,095250.858586,0.0,805.444 um_pwv,983.266 um_pwv,35.0,2.079 K,1.89812
20260210,095251.819835,095251.819835,0.0,804.046 um_pwv,981.559 um_pwv,35.0,2.11 K,1.89482
20260210,095252.779471,095252.779471,0.0,805.643 um_pwv,983.509 um_pwv,35.0,2.101 K,1.89859
20260210,095253.738825,095253.738825,0.0,804.84 um_pwv,982.528 um_pwv,35.0,2.113 K,1.89669
20260210,095254.697558,095254.697558,0.0,805.433 um_pwv,983.252 um_pwv,35.0,2.127 K,1.89809
20260210,095255.658686,095255.658686,0.0,808.181 um_pwv,986.606 um_pwv,35.0,2.266 K,1.90459
20260210,095256.619079,095256.619079,0.0,808.719 um_pwv,987.264 um_pwv,35.0,2.355 K,1.90586
20260210,095257.578691,095257.578691,0.0,808.531 um_pwv,987.034 um_pwv,35.0,2.416 K,1.90542
20260210,095258.539848,095258.539848,0.0,810.829 um_pwv,989.84 um_pwv,35.0,2.382 K,1.91085
20260210,095259.500529,095259.500529,0.0,811.029 um_pwv,990.084 um_pwv,35.0,2.494 K,1.91132
20260210,095300.460257,095300.460257,0.0,810.409 um_pwv,989.327 um_pwv,35.0,2.377 K,1.90985
20260210,095301.419057,095301.419057,0.0,812.572 um_pwv,991.967 um_pwv,35.0,2.214 K,1.91497
20260210,095302.380064,095302.380064,0.0,811.999 um_pwv,991.268 um_pwv,35.0,2.164 K,1.91361
20260210,095303.341308,095303.341308,0.0,810.989 um_pwv,990.035 um_pwv,35.0,2.108 K,1.91122
20260210,095304.298676,095304.298676,0.0,812.211 um_pwv,991.527 um_pwv,35.0,2.07 K,1.91411
20260210,095305.258399,095305.258399,0.0,813.202 um_pwv,992.737 um_pwv,35.0,2.07 K,1.91646
20260210,095306.218480,095306.218480,0.0,813.856 um_pwv,993.535 um_pwv,35.0,1.999 K,1.91800
20260210,095307.180575,095307.180575,0.0,815.807 um_pwv,995.917 um_pwv,35.0,2.036 K,1.92261
20260210,095308.137177,095308.137177,0.0,816.279 um_pwv,996.493 um_pwv,35.0,2.064 K,1.92373
20260210,095309.100329,095309.100329,0.0,819.48 um_pwv,1000.4 um_pwv,35.0,2.131 K,1.93129
20260210,095310.060894,095310.060894,0.0,818.801 um_pwv,999.572 um_pwv,35.0,2.135 K,1.92969
20260210,095311.021760,095311.021760,0.0,820.471 um_pwv,1001.61 um_pwv,35.0,2.237 K,1.93363
20260210,095311.977062,095311.977062,0.0,821.241 um_pwv,1002.55 um_pwv,35.0,2.365 K,1.93545
20260210,095312.936856,095312.936856,0.0,821.901 um_pwv,1003.36 um_pwv,35.0,2.391 K,1.93701
20260210,095313.898537,095313.898537,0.0,820.431 um_pwv,1001.56 um_pwv,35.0,2.474 K,1.93354
20260210,095314.858628,095314.858628,0.0,821.018 um_pwv,1002.28 um_pwv,35.0,2.518 K,1.93493
20260210,095315.820527,095315.820527,0.0,817.46 um_pwv,997.934 um_pwv,35.0,2.504 K,1.92652
20260210,095316.782919,095316.782919,0.0,815.011 um_pwv,994.944 um_pwv,35.0,2.28 K,1.92073
20260210,095317.740425,095317.740425,0.0,813.636 um_pwv,993.266 um_pwv,35.0,2.326 K,1.91748
20260210,095318.701768,095318.701768,0.0,808.751 um_pwv,987.302 um_pwv,35.0,2.169 K,1.90593
20260210,095319.655352,095319.655352,0.0,807.506 um_pwv,985.783 um_pwv,35.0,2.096 K,1.90299
20260210,095320.618177,095320.618177,0.0,804.411 um_pwv,982.005 um_pwv,35.0,2.028 K,1.89568
20260210,095321.578756,095321.578756,0.0,805.771 um_pwv,983.665 um_pwv,35.0,2.142 K,1.89889
20260210,095322.541144,095322.541144,0.0,804.443 um_pwv,982.043 um_pwv,35.0,2.091 K,1.89575
20260210,095323.496850,095323.496850,0.0,805.524 um_pwv,983.363 um_pwv,35.0,2.146 K,1.89831
20260210,095324.458478,095324.458478,0.0,805.882 um_pwv,983.8 um_pwv,35.0,2.254 K,1.89915
20260210,095325.418487,095325.418487,0.0,807.833 um_pwv,986.182 um_pwv,35.0,2.273 K,1.90377
20260210,095326.380645,095326.380645,0.0,809.198 um_pwv,987.849 um_pwv,35.0,2.431 K,1.90699
20260210,095327.337118,095327.337118,0.0,810.238 um_pwv,989.117 um_pwv,35.0,2.477 K,1.90945
20260210,095328.299374,095328.299374,0.0,809.949 um_pwv,988.765 um_pwv,35.0,2.477 K,1.90877
20260210,095329.261929,095329.261929,0.0,808.511 um_pwv,987.01 um_pwv,35.0,2.326 K,1.90537
20260210,095330.220767,095330.220767,0.0,810.998 um_pwv,990.046 um_pwv,35.0,2.361 K,1.91125
20260210,095331.182104,095331.182104,0.0,810.829 um_pwv,989.84 um_pwv,35.0,2.259 K,1.91085
20260210,095332.138041,095332.138041,0.0,811.41 um_pwv,990.548 um_pwv,35.0,2.21 K,1.91222
20260210,095333.102028,095333.102028,0.0,811.201 um_pwv,990.293 um_pwv,35.0,2.034 K,1.91173
20260210,095334.058820,095334.058820,0.0,811.181 um_pwv,990.269 um_pwv,35.0,2.035 K,1.91168
20260210,095335.020548,095335.020548,0.0,810.889 um_pwv,989.913 um_pwv,35.0,1.91 K,1.91099
20260210,095335.979153,095335.979153,0.0,813.495 um_pwv,993.094 um_pwv,35.0,1.902 K,1.91715
20260210,095336.940924,095336.940924,0.0,813.925 um_pwv,993.619 um_pwv,35.0,1.943 K,1.91816
20260210,095337.902356,095337.902356,0.0,817.46 um_pwv,997.934 um_pwv,35.0,2.027 K,1.92652
20260210,095338.862298,095338.862298,0.0,818.166 um_pwv,998.796 um_pwv,35.0,2.021 K,1.92819
20260210,095339.818907,095339.818907,0.0,820.309 um_pwv,1001.41 um_pwv,35.0,2.12 K,1.93325
20260210,095340.775826,095340.775826,0.0,820.795 um_pwv,1002.01 um_pwv,35.0,2.267 K,1.93440
20260210,095341.737179,095341.737179,0.0,820.26 um_pwv,1001.35 um_pwv,35.0,2.376 K,1.93313
20260210,095342.700642,095342.700642,0.0,821.951 um_pwv,1003.42 um_pwv,35.0,2.455 K,1.93713
20260210,095343.655647,095343.655647,0.0,818.824 um_pwv,999.6 um_pwv,35.0,2.452 K,1.92974
20260210,095344.621739,095344.621739,0.0,820.419 um_pwv,1001.55 um_pwv,35.0,2.478 K,1.93351
20260210,095345.576970,095345.576970,0.0,817.572 um_pwv,998.071 um_pwv,35.0,2.407 K,1.92678
20260210,095346.536046,095346.536046,0.0,813.707 um_pwv,993.353 um_pwv,35.0,2.302 K,1.91765
20260210,095347.496056,095347.496056,0.0,812.142 um_pwv,991.443 um_pwv,35.0,2.281 K,1.91395
20260210,095348.460373,095348.460373,0.0,808.751 um_pwv,987.302 um_pwv,35.0,2.181 K,1.90593
20260210,095349.421595,095349.421595,0.0,807.036 um_pwv,985.209 um_pwv,35.0,2.122 K,1.90188
20260210,095350.377199,095350.377199,0.0,806.308 um_pwv,984.32 um_pwv,35.0,2.006 K,1.90016
20260210,095351.339054,095351.339054,0.0,801.942 um_pwv,978.991 um_pwv,35.0,1.874 K,1.88984
20260210,095352.301820,095352.301820,0.0,804.122 um_pwv,981.652 um_pwv,35.0,2.011 K,1.89500
20260210,095353.259053,095353.259053,0.0,805.325 um_pwv,983.12 um_pwv,35.0,2.188 K,1.89784
20260210,095354.219371,095354.219371,0.0,806.558 um_pwv,984.626 um_pwv,35.0,2.222 K,1.90075
20260210,095355.180130,095355.180130,0.0,806.948 um_pwv,985.102 um_pwv,35.0,2.352 K,1.90167
20260210,095356.142287,095356.142287,0.0,808.112 um_pwv,986.523 um_pwv,35.0,2.386 K,1.90443
20260210,095357.099965,095357.099965,0.0,809.378 um_pwv,988.068 um_pwv,35.0,2.451 K,1.90742
20260210,095358.060585,095358.060585,0.0,809.21 um_pwv,987.863 um_pwv,35.0,2.461 K,1.90702
20260210,095359.017308,095359.017308,0.0,809.969 um_pwv,988.79 um_pwv,35.0,2.315 K,1.90881
20260210,095359.980124,095359.980124,0.0,810.289 um_pwv,989.18 um_pwv,35.0,2.417 K,1.90957
20260210,095400.937795,095400.937795,0.0,812.291 um_pwv,991.625 um_pwv,35.0,2.314 K,1.91430
20260210,095401.897890,095401.897890,0.0,811.71 um_pwv,990.915 um_pwv,35.0,2.189 K,1.91293
20260210,095402.858075,095402.858075,0.0,811.301 um_pwv,990.416 um_pwv,35.0,2.04 K,1.91196
20260210,095403.820513,095403.820513,0.0,813.314 um_pwv,992.873 um_pwv,35.0,2.07 K,1.91672
20260210,095404.781042,095404.781042,0.0,812.5 um_pwv,991.88 um_pwv,35.0,1.931 K,1.91480
20260210,095405.738064,095405.738064,0.0,810.738 um_pwv,989.728 um_pwv,35.0,1.884 K,1.91063
20260210,095406.702003,095406.702003,0.0,815.134 um_pwv,995.095 um_pwv,35.0,1.931 K,1.92102
20260210,095407.660767,095407.660767,0.0,815.617 um_pwv,995.685 um_pwv,35.0,1.988 K,1.92216
20260210,095408.622103,095408.622103,0.0,817.682 um_pwv,998.205 um_pwv,35.0,2.109 K,1.92704
20260210,095409.577737,095409.577737,0.0,820.422 um_pwv,1001.55 um_pwv,35.0,2.188 K,1.93352
20260210,095410.537863,095410.537863,0.0,821.322 um_pwv,1002.65 um_pwv,35.0,2.36 K,1.93564
20260210,095411.500246,095411.500246,0.0,820.492 um_pwv,1001.64 um_pwv,35.0,2.434 K,1.93368
20260210,095412.461503,095412.461503,0.0,818.943 um_pwv,999.744 um_pwv,35.0,2.431 K,1.93002
20260210,095413.421720,095413.421720,0.0,818.994 um_pwv,999.808 um_pwv,35.0,2.395 K,1.93014
20260210,095414.380194,095414.380194,0.0,818.974 um_pwv,999.783 um_pwv,35.0,2.498 K,1.93009
20260210,095415.342531,095415.342531,0.0,816.573 um_pwv,996.851 um_pwv,35.0,2.407 K,1.92442
20260210,095416.299198,095416.299198,0.0,813.455 um_pwv,993.045 um_pwv,35.0,2.301 K,1.91705
20260210,095417.259819,095417.259819,0.0,809.689 um_pwv,988.448 um_pwv,35.0,2.117 K,1.90815
20260210,095418.221207,095418.221207,0.0,808.221 um_pwv,986.655 um_pwv,35.0,2.058 K,1.90468
20260210,095419.180128,095419.180128,0.0,806.12 um_pwv,984.091 um_pwv,35.0,2.06 K,1.89972
20260210,095420.142510,095420.142510,0.0,804.034 um_pwv,981.545 um_pwv,35.0,1.983 K,1.89479
20260210,095421.099753,095421.099753,0.0,803.796 um_pwv,981.254 um_pwv,35.0,2.06 K,1.89423
20260210,095422.061544,095422.061544,0.0,802.884 um_pwv,980.141 um_pwv,35.0,1.964 K,1.89207
20260210,095423.019041,095423.019041,0.0,805.166 um_pwv,982.926 um_pwv,35.0,2.118 K,1.89746
20260210,095423.978001,095423.978001,0.0,804.987 um_pwv,982.708 um_pwv,35.0,2.213 K,1.89704
20260210,095424.940344,095424.940344,0.0,809.43 um_pwv,988.131 um_pwv,35.0,2.376 K,1.90754
20260210,095425.904401,095425.904401,0.0,809.998 um_pwv,988.825 um_pwv,35.0,2.516 K,1.90888
20260210,095426.862087,095426.862087,0.0,811.699 um_pwv,990.901 um_pwv,35.0,2.448 K,1.91290
20260210,095427.822917,095427.822917,0.0,811.169 um_pwv,990.255 um_pwv,35.0,2.481 K,1.91165
20260210,095428.778072,095428.778072,0.0,810.581 um_pwv,989.536 um_pwv,35.0,2.426 K,1.91026
20260210,095429.740024,095429.740024,0.0,809.361 um_pwv,988.048 um_pwv,35.0,2.29 K,1.90738
20260210,095430.698142,095430.698142,0.0,811.43 um_pwv,990.573 um_pwv,35.0,2.227 K,1.91227
20260210,095431.661745,095431.661745,0.0,811.441 um_pwv,990.587 um_pwv,35.0,2.067 K,1.91229
20260210,095432.621537,095432.621537,0.0,810.618 um_pwv,989.581 um_pwv,35.0,2.023 K,1.91035
20260210,095433.581937,095433.581937,0.0,810.881 um_pwv,989.903 um_pwv,35.0,1.968 K,1.91097
20260210,095434.539972,095434.539972,0.0,811.029 um_pwv,990.084 um_pwv,35.0,1.886 K,1.91132
20260210,095435.502262,095435.502262,0.0,812.331 um_pwv,991.674 um_pwv,35.0,1.905 K,1.91440
20260210,095436.460458,095436.460458,0.0,814.95 um_pwv,994.871 um_pwv,35.0,1.99 K,1.92059
20260210,095437.421501,095437.421501,0.0,815.617 um_pwv,995.685 um_pwv,35.0,1.993 K,1.92216
20260210,095438.381638,095438.381638,0.0,817.561 um_pwv,998.057 um_pwv,35.0,2.085 K,1.92675
20260210,095439.342694,095439.342694,0.0,818.853 um_pwv,999.635 um_pwv,35.0,2.117 K,1.92981
20260210,095440.302682,095440.302682,0.0,821.099 um_pwv,1002.38 um_pwv,35.0,2.32 K,1.93512
20260210,095441.261580,095441.261580,0.0,820.804 um_pwv,1002.02 um_pwv,35.0,2.401 K,1.93442
20260210,095442.223753,095442.223753,0.0,822.531 um_pwv,1004.12 um_pwv,35.0,2.508 K,1.93850
20260210,095443.180101,095443.180101,0.0,820.107 um_pwv,1001.17 um_pwv,35.0,2.459 K,1.93277
20260210,095444.141901,095444.141901,0.0,820.046 um_pwv,1001.09 um_pwv,35.0,2.481 K,1.93263
20260210,095445.097862,095445.097862,0.0,816.4 um_pwv,996.64 um_pwv,35.0,2.37 K,1.92401
20260210,095446.058070,095446.058070,0.0,814.198 um_pwv,993.952 um_pwv,35.0,2.179 K,1.91881
20260210,095447.021627,095447.021627,0.0,809.878 um_pwv,988.678 um_pwv,35.0,2.158 K,1.90860
20260210,095447.981569,095447.981569,0.0,807.563 um_pwv,985.852 um_pwv,35.0,2.102 K,1.90313
20260210,095448.943198,095448.943198,0.0,807.543 um_pwv,985.828 um_pwv,35.0,2.029 K,1.90308
20260210,095449.899790,095449.899790,0.0,805.416 um_pwv,983.231 um_pwv,35.0,2.095 K,1.89805
20260210,095450.862308,095450.862308,0.0,804.403 um_pwv,981.995 um_pwv,35.0,2.009 K,1.89566
20260210,095451.821238,095451.821238,0.0,804.908 um_pwv,982.611 um_pwv,35.0,2.147 K,1.89685
20260210,095452.781532,095452.781532,0.0,803.955 um_pwv,981.448 um_pwv,35.0,2.137 K,1.89460
20260210,095453.741568,095453.741568,0.0,807.287 um_pwv,985.515 um_pwv,35.0,2.25 K,1.90247
20260210,095454.702685,095454.702685,0.0,809.478 um_pwv,988.19 um_pwv,35.0,2.367 K,1.90765
20260210,095455.658732,095455.658732,0.0,810.801 um_pwv,989.805 um_pwv,35.0,2.39 K,1.91078
20260210,095456.621834,095456.621834,0.0,811.521 um_pwv,990.685 um_pwv,35.0,2.525 K,1.91248
20260210,095457.577372,095457.577372,0.0,811.29 um_pwv,990.402 um_pwv,35.0,2.461 K,1.91193
20260210,095458.538284,095458.538284,0.0,810.401 um_pwv,989.316 um_pwv,35.0,2.409 K,1.90983
20260210,095459.503658,095459.503658,0.0,812.793 um_pwv,992.237 um_pwv,35.0,2.423 K,1.91549
20260210,095500.460820,095500.460820,0.0,810.949 um_pwv,989.986 um_pwv,35.0,2.27 K,1.91113
20260210,095501.420916,095501.420916,0.0,810.538 um_pwv,989.484 um_pwv,35.0,2.129 K,1.91016
20260210,095502.380217,095502.380217,0.0,811.418 um_pwv,990.559 um_pwv,35.0,2.02 K,1.91224
20260210,095503.343547,095503.343547,0.0,813.274 um_pwv,992.824 um_pwv,35.0,1.988 K,1.91662
20260210,095504.300542,095504.300542,0.0,813.042 um_pwv,992.541 um_pwv,35.0,1.984 K,1.91608
20260210,095505.261839,095505.261839,0.0,813.908 um_pwv,993.598 um_pwv,35.0,1.982 K,1.91812
20260210,095506.221410,095506.221410,0.0,816.008 um_pwv,996.162 um_pwv,35.0,2.029 K,1.92309
20260210,095507.177944,095507.177944,0.0,816.078 um_pwv,996.247 um_pwv,35.0,2.056 K,1.92325
20260210,095508.140493,095508.140493,0.0,818.279 um_pwv,998.934 um_pwv,35.0,2.135 K,1.92845
20260210,095509.100752,095509.100752,0.0,822.612 um_pwv,1004.22 um_pwv,35.0,2.312 K,1.93869
20260210,095510.062334,095510.062334,0.0,820.37 um_pwv,1001.49 um_pwv,35.0,2.271 K,1.93339
20260210,095511.020178,095511.020178,0.0,821.343 um_pwv,1002.67 um_pwv,35.0,2.402 K,1.93569
20260210,095511.981938,095511.981938,0.0,821.505 um_pwv,1002.87 um_pwv,35.0,2.539 K,1.93607
20260210,095512.937406,095512.937406,0.0,820.633 um_pwv,1001.81 um_pwv,35.0,2.505 K,1.93402
20260210,095513.898622,095513.898622,0.0,820.442 um_pwv,1001.58 um_pwv,35.0,2.527 K,1.93356
20260210,095514.857476,095514.857476,0.0,816.622 um_pwv,996.911 um_pwv,35.0,2.368 K,1.92453
20260210,095515.823538,095515.823538,0.0,815.163 um_pwv,995.13 um_pwv,35.0,2.4 K,1.92109
20260210,095516.778465,095516.778465,0.0,812.291 um_pwv,991.625 um_pwv,35.0,2.208 K,1.91430
20260210,095517.740421,095517.740421,0.0,808.121 um_pwv,986.533 um_pwv,35.0,2.207 K,1.90445
20260210,095518.701565,095518.701565,0.0,806.888 um_pwv,985.029 um_pwv,35.0,2.076 K,1.90153
20260210,095519.660205,095519.660205,0.0,804.809 um_pwv,982.49 um_pwv,35.0,2.047 K,1.89662
20260210,095520.622505,095520.622505,0.0,806.021 um_pwv,983.97 um_pwv,35.0,2.109 K,1.89948
20260210,095521.583771,095521.583771,0.0,805.743 um_pwv,983.63 um_pwv,35.0,2.227 K,1.89883
20260210,095522.544111,095522.544111,0.0,806.112 um_pwv,984.081 um_pwv,35.0,2.236 K,1.89970
20260210,095523.500447,095523.500447,0.0,808.93 um_pwv,987.522 um_pwv,35.0,2.408 K,1.90636
20260210,095524.460889,095524.460889,0.0,810.749 um_pwv,989.742 um_pwv,35.0,2.544 K,1.91066
20260210,095525.421407,095525.421407,0.0,811.81 um_pwv,991.037 um_pwv,35.0,2.558 K,1.91317
20260210,095526.382302,095526.382302,0.0,811.79 um_pwv,991.013 um_pwv,35.0,2.557 K,1.91312
20260210,095527.338699,095527.338699,0.0,810.801 um_pwv,989.805 um_pwv,35.0,2.496 K,1.91078
20260210,095528.301948,095528.301948,0.0,811.51 um_pwv,990.671 um_pwv,35.0,2.539 K,1.91246
20260210,095529.260590,095529.260590,0.0,811.83 um_pwv,991.062 um_pwv,35.0,2.383 K,1.91321
20260210,095530.222532,095530.222532,0.0,811.879 um_pwv,991.121 um_pwv,35.0,2.241 K,1.91333
20260210,095531.180639,095531.180639,0.0,811.189 um_pwv,990.279 um_pwv,35.0,2.135 K,1.91170
20260210,095532.141862,095532.141862,0.0,811.882 um_pwv,991.125 um_pwv,35.0,2.054 K,1.91333
20260210,095533.102201,095533.102201,0.0,811.27 um_pwv,990.377 um_pwv,35.0,2.009 K,1.91189
20260210,095534.061608,095534.061608,0.0,812.913 um_pwv,992.384 um_pwv,35.0,1.973 K,1.91577
20260210,095535.022092,095535.022092,0.0,813.174 um_pwv,992.702 um_pwv,35.0,1.945 K,1.91639
20260210,095535.983267,095535.983267,0.0,816.42 um_pwv,996.665 um_pwv,35.0,1.975 K,1.92406
20260210,095536.943734,095536.943734,0.0,817.238 um_pwv,997.663 um_pwv,35.0,2.179 K,1.92599
20260210,095537.903827,095537.903827,0.0,819.803 um_pwv,1000.8 um_pwv,35.0,2.233 K,1.93205
20260210,095538.863714,095538.863714,0.0,820.359 um_pwv,1001.47 um_pwv,35.0,2.236 K,1.93337
20260210,095539.823156,095539.823156,0.0,820.269 um_pwv,1001.36 um_pwv,35.0,2.332 K,1.93315
20260210,095540.783727,095540.783727,0.0,822.47 um_pwv,1004.05 um_pwv,35.0,2.356 K,1.93836
20260210,095541.738042,095541.738042,0.0,824.052 um_pwv,1005.98 um_pwv,35.0,2.484 K,1.94209
20260210,095542.698892,095542.698892,0.0,822.458 um_pwv,1004.04 um_pwv,35.0,2.489 K,1.93833
20260210,095543.660868,095543.660868,0.0,819.5 um_pwv,1000.42 um_pwv,35.0,2.447 K,1.93134
20260210,095544.622359,095544.622359,0.0,818.319 um_pwv,998.983 um_pwv,35.0,2.393 K,1.92855
20260210,095545.582887,095545.582887,0.0,814.158 um_pwv,993.903 um_pwv,35.0,2.28 K,1.91871
20260210,095546.542992,095546.542992,0.0,811.59 um_pwv,990.768 um_pwv,35.0,2.284 K,1.91264
20260210,095547.498721,095547.498721,0.0,809.13 um_pwv,987.765 um_pwv,35.0,2.17 K,1.90683
20260210,095548.460437,095548.460437,0.0,806.789 um_pwv,984.907 um_pwv,35.0,2.002 K,1.90130
20260210,095549.422324,095549.422324,0.0,803.629 um_pwv,981.05 um_pwv,35.0,2.133 K,1.89383
20260210,095550.381729,095550.381729,0.0,805.115 um_pwv,982.864 um_pwv,35.0,2.193 K,1.89734
20260210,095551.341430,095551.341430,0.0,803.915 um_pwv,981.399 um_pwv,35.0,2.194 K,1.89451
20260210,095552.300028,095552.300028,0.0,803.966 um_pwv,981.462 um_pwv,35.0,2.224 K,1.89463
20260210,095553.259459,095553.259459,0.0,803.816 um_pwv,981.278 um_pwv,35.0,2.265 K,1.89427
20260210,095554.219954,095554.219954,0.0,804.094 um_pwv,981.617 um_pwv,35.0,2.173 K,1.89493
20260210,095555.179580,095555.179580,0.0,802.777 um_pwv,980.01 um_pwv,35.0,2.137 K,1.89182
20260210,095556.140412,095556.140412,0.0,804.213 um_pwv,981.763 um_pwv,35.0,2.318 K,1.89521
20260210,095557.099440,095557.099440,0.0,803.269 um_pwv,980.611 um_pwv,35.0,2.25 K,1.89298
20260210,095558.061738,095558.061738,0.0,804.312 um_pwv,981.884 um_pwv,35.0,2.203 K,1.89545
20260210,095559.018034,095559.018034,0.0,804.411 um_pwv,982.005 um_pwv,35.0,2.265 K,1.89568
20260210,095559.981471,095559.981471,0.0,804.928 um_pwv,982.635 um_pwv,35.0,2.216 K,1.89690
20260210,095600.939619,095600.939619,0.0,804.134 um_pwv,981.666 um_pwv,35.0,2.206 K,1.89502
20260210,095601.898359,095601.898359,0.0,803.241 um_pwv,980.576 um_pwv,35.0,2.197 K,1.89291
20260210,095602.859694,095602.859694,0.0,803.32 um_pwv,980.673 um_pwv,35.0,2.165 K,1.89310
20260210,095603.818334,095603.818334,0.0,803.499 um_pwv,980.891 um_pwv,35.0,2.155 K,1.89352
20260210,095604.778537,095604.778537,0.0,803.618 um_pwv,981.036 um_pwv,35.0,2.26 K,1.89380
20260210,095605.740785,095605.740785,0.0,804.006 um_pwv,981.51 um_pwv,35.0,2.284 K,1.89472
20260210,095606.698382,095606.698382,0.0,802.123 um_pwv,979.212 um_pwv,35.0,2.22 K,1.89027
20260210,095607.659551,095607.659551,0.0,802.658 um_pwv,979.864 um_pwv,35.0,2.158 K,1.89154
20260210,095608.619322,095608.619322,0.0,803.015 um_pwv,980.3 um_pwv,35.0,2.238 K,1.89238
20260210,095609.578911,095609.578911,0.0,802.587 um_pwv,979.778 um_pwv,35.0,2.134 K,1.89137
20260210,095610.538178,095610.538178,0.0,803.578 um_pwv,980.988 um_pwv,35.0,2.24 K,1.89371
20260210,095611.499391,095611.499391,0.0,803.439 um_pwv,980.818 um_pwv,35.0,2.308 K,1.89338
20260210,095612.459455,095612.459455,0.0,804.332 um_pwv,981.908 um_pwv,35.0,2.195 K,1.89549
20260210,095613.419273,095613.419273,0.0,803.4 um_pwv,980.77 um_pwv,35.0,2.147 K,1.89329
20260210,095614.380785,095614.380785,0.0,806.001 um_pwv,983.946 um_pwv,35.0,2.264 K,1.89944
20260210,095615.339418,095615.339418,0.0,802.33 um_pwv,979.464 um_pwv,35.0,2.205 K,1.89076
20260210,095616.299468,095616.299468,0.0,803.281 um_pwv,980.625 um_pwv,35.0,2.236 K,1.89301
20260210,095617.260287,095617.260287,0.0,801.716 um_pwv,978.715 um_pwv,35.0,2.111 K,1.88931
20260210,095618.221145,095618.221145,0.0,802.191 um_pwv,979.294 um_pwv,35.0,2.195 K,1.89043
20260210,095619.179812,095619.179812,0.0,803.907 um_pwv,981.389 um_pwv,35.0,2.11 K,1.89449
20260210,095620.140059,095620.140059,0.0,802.44 um_pwv,979.599 um_pwv,35.0,2.125 K,1.89102
20260210,095621.099713,095621.099713,0.0,803.348 um_pwv,980.707 um_pwv,35.0,2.181 K,1.89317
20260210,095622.059685,095622.059685,0.0,804.272 um_pwv,981.835 um_pwv,35.0,2.2 K,1.89535
20260210,095623.019632,095623.019632,0.0,805.376 um_pwv,983.183 um_pwv,35.0,2.2 K,1.89796
20260210,095623.979286,095623.979286,0.0,802.151 um_pwv,979.246 um_pwv,35.0,2.192 K,1.89034
20260210,095624.938383,095624.938383,0.0,803.459 um_pwv,980.842 um_pwv,35.0,2.172 K,1.89343
20260210,095625.899811,095625.899811,0.0,803.122 um_pwv,980.431 um_pwv,35.0,2.285 K,1.89263
20260210,095626.859947,095626.859947,0.0,802.341 um_pwv,979.478 um_pwv,35.0,2.124 K,1.89079
20260210,095627.821821,095627.821821,0.0,802.528 um_pwv,979.705 um_pwv,35.0,2.184 K,1.89123
20260210,095628.781778,095628.781778,0.0,803.431 um_pwv,980.808 um_pwv,35.0,2.207 K,1.89336
20260210,095629.739459,095629.739459,0.0,803.269 um_pwv,980.611 um_pwv,35.0,2.143 K,1.89298
20260210,095630.700040,095630.700040,0.0,804.233 um_pwv,981.787 um_pwv,35.0,2.261 K,1.89526
20260210,095631.659143,095631.659143,0.0,802.302 um_pwv,979.429 um_pwv,35.0,2.157 K,1.89069
20260210,095632.619216,095632.619216,0.0,804.312 um_pwv,981.884 um_pwv,35.0,2.211 K,1.89545
20260210,095633.580114,095633.580114,0.0,803.895 um_pwv,981.375 um_pwv,35.0,2.224 K,1.89446
20260210,095634.540399,095634.540399,0.0,802.112 um_pwv,979.198 um_pwv,35.0,2.121 K,1.89025
20260210,095635.499832,095635.499832,0.0,805.106 um_pwv,982.854 um_pwv,35.0,2.346 K,1.89732
20260210,100136.236398,100136.236398,0.0,802.805 um_pwv,980.044 um_pwv,35.0,2.123 K,1.89188
20260210,100137.322409,100137.322409,0.0,804.61 um_pwv,982.247 um_pwv,35.0,2.172 K,1.89615
20260210,100138.289651,100138.289651,0.0,807.625 um_pwv,985.929 um_pwv,35.0,2.268 K,1.90328
20260210,100139.250125,100139.250125,0.0,808.691 um_pwv,987.229 um_pwv,35.0,2.47 K,1.90579
20260210,100140.211768,100140.211768,0.0,809.49 um_pwv,988.204 um_pwv,35.0,2.432 K,1.90768
20260210,100141.173893,100141.173893,0.0,810.609 um_pwv,989.571 um_pwv,35.0,2.527 K,1.91033
20260210,100142.126009,100142.126009,0.0,809.961 um_pwv,988.779 um_pwv,35.0,2.52 K,1.90879
20260210,100143.088251,100143.088251,0.0,809.461 um_pwv,988.17 um_pwv,35.0,2.625 K,1.90761
20260210,100144.050989,100144.050989,0.0,808.392 um_pwv,986.864 um_pwv,35.0,2.481 K,1.90509
20260210,100145.010765,100145.010765,0.0,809.37 um_pwv,988.058 um_pwv,35.0,2.38 K,1.90740
20260210,100145.968754,100145.968754,0.0,810.069 um_pwv,988.912 um_pwv,35.0,2.242 K,1.90905
20260210,100146.930221,100146.930221,0.0,810.169 um_pwv,989.034 um_pwv,35.0,2.091 K,1.90929
20260210,100147.891011,100147.891011,0.0,810.889 um_pwv,989.913 um_pwv,35.0,2.058 K,1.91099
20260210,100148.851144,100148.851144,0.0,811.742 um_pwv,990.954 um_pwv,35.0,1.91 K,1.91300
20260210,100149.812037,100149.812037,0.0,812.661 um_pwv,992.076 um_pwv,35.0,1.901 K,1.91518
20260210,100150.772335,100150.772335,0.0,813.085 um_pwv,992.593 um_pwv,35.0,1.951 K,1.91618
20260210,100151.730477,100151.730477,0.0,815.867 um_pwv,995.99 um_pwv,35.0,1.889 K,1.92275
20260210,100152.690857,100152.690857,0.0,819.064 um_pwv,999.892 um_pwv,35.0,2.088 K,1.93031
20260210,100153.650255,100153.650255,0.0,820.642 um_pwv,1001.82 um_pwv,35.0,2.254 K,1.93404
20260210,100154.612169,100154.612169,0.0,822.235 um_pwv,1003.76 um_pwv,35.0,2.355 K,1.93780
20260210,100155.568462,100155.568462,0.0,820.379 um_pwv,1001.5 um_pwv,35.0,2.251 K,1.93341
20260210,100156.530700,100156.530700,0.0,822.832 um_pwv,1004.49 um_pwv,35.0,2.485 K,1.93921
20260210,100157.488241,100157.488241,0.0,820.075 um_pwv,1001.13 um_pwv,35.0,2.383 K,1.93270
20260210,100158.450146,100158.450146,0.0,818.914 um_pwv,999.709 um_pwv,35.0,2.414 K,1.92995
20260210,100159.411672,100159.411672,0.0,817.641 um_pwv,998.156 um_pwv,35.0,2.366 K,1.92694
20260210,100200.373748,100200.373748,0.0,817.025 um_pwv,997.403 um_pwv,35.0,2.346 K,1.92549
20260210,100201.330157,100201.330157,0.0,812.953 um_pwv,992.432 um_pwv,35.0,2.174 K,1.91587
20260210,100202.291998,100202.291998,0.0,809.35 um_pwv,988.034 um_pwv,35.0,2.126 K,1.90735
20260210,100203.252776,100203.252776,0.0,806.848 um_pwv,984.98 um_pwv,35.0,2.047 K,1.90144
20260210,100204.213495,100204.213495,0.0,804.928 um_pwv,982.635 um_pwv,35.0,2.083 K,1.89690
20260210,100205.170353,100205.170353,0.0,805.197 um_pwv,982.965 um_pwv,35.0,2.171 K,1.89754
20260210,100206.130031,100206.130031,0.0,805.274 um_pwv,983.058 um_pwv,35.0,2.161 K,1.89772
20260210,100207.090630,100207.090630,0.0,806.328 um_pwv,984.345 um_pwv,35.0,2.284 K,1.90021
20260210,100208.049014,100208.049014,0.0,807.765 um_pwv,986.099 um_pwv,35.0,2.383 K,1.90361
20260210,100209.010668,100209.010668,0.0,808.691 um_pwv,987.229 um_pwv,35.0,2.498 K,1.90579
20260210,100209.969881,100209.969881,0.0,809.829 um_pwv,988.619 um_pwv,35.0,2.453 K,1.90848
20260210,100210.932340,100210.932340,0.0,808.791 um_pwv,987.351 um_pwv,35.0,2.47 K,1.90603
20260210,100211.892864,100211.892864,0.0,808.471 um_pwv,986.961 um_pwv,35.0,2.511 K,1.90527
20260210,100212.850158,100212.850158,0.0,808.871 um_pwv,987.449 um_pwv,35.0,2.591 K,1.90622
20260210,100213.813181,100213.813181,0.0,808.531 um_pwv,987.034 um_pwv,35.0,2.49 K,1.90542
20260210,100214.770190,100214.770190,0.0,808.759 um_pwv,987.313 um_pwv,35.0,2.29 K,1.90595
20260210,100215.729053,100215.729053,0.0,810.269 um_pwv,989.156 um_pwv,35.0,2.21 K,1.90952
20260210,100216.694915,100216.694915,0.0,810.249 um_pwv,989.132 um_pwv,35.0,2.031 K,1.90948
20260210,100217.649756,100217.649756,0.0,810.549 um_pwv,989.498 um_pwv,35.0,1.93 K,1.91018
20260210,100218.610096,100218.610096,0.0,812.492 um_pwv,991.869 um_pwv,35.0,1.961 K,1.91478
20260210,100219.567810,100219.567810,0.0,813.395 um_pwv,992.971 um_pwv,35.0,1.998 K,1.91691
20260210,100220.529905,100220.529905,0.0,816.411 um_pwv,996.654 um_pwv,35.0,2.023 K,1.92404
20260210,100221.491665,100221.491665,0.0,817.44 um_pwv,997.909 um_pwv,35.0,1.998 K,1.92647
20260210,100222.452625,100222.452625,0.0,818.106 um_pwv,998.723 um_pwv,35.0,2.122 K,1.92804
20260210,100223.407890,100223.407890,0.0,821.707 um_pwv,1003.12 um_pwv,35.0,2.294 K,1.93655
20260210,100224.371132,100224.371132,0.0,822.064 um_pwv,1003.55 um_pwv,35.0,2.434 K,1.93740
20260210,100225.329470,100225.329470,0.0,821.809 um_pwv,1003.24 um_pwv,35.0,2.4 K,1.93679
20260210,100226.289055,100226.289055,0.0,821.728 um_pwv,1003.14 um_pwv,35.0,2.521 K,1.93660
20260210,100227.248472,100227.248472,0.0,821.484 um_pwv,1002.85 um_pwv,35.0,2.523 K,1.93603
20260210,100228.208394,100228.208394,0.0,818.986 um_pwv,999.797 um_pwv,35.0,2.454 K,1.93012
20260210,100229.168750,100229.168750,0.0,817.186 um_pwv,997.6 um_pwv,35.0,2.436 K,1.92587
20260210,100230.128576,100230.128576,0.0,816.21 um_pwv,996.408 um_pwv,35.0,2.355 K,1.92356
20260210,100231.089810,100231.089810,0.0,812.592 um_pwv,991.992 um_pwv,35.0,2.242 K,1.91501
20260210,100232.047263,100232.047263,0.0,809.43 um_pwv,988.131 um_pwv,35.0,2.14 K,1.90754
20260210,100233.012900,100233.012900,0.0,807.363 um_pwv,985.609 um_pwv,35.0,2.135 K,1.90266
20260210,100233.970676,100233.970676,0.0,804.392 um_pwv,981.981 um_pwv,35.0,2.069 K,1.89563
20260210,100234.930618,100234.930618,0.0,802.805 um_pwv,980.044 um_pwv,35.0,2.053 K,1.89188
20260210,100235.888852,100235.888852,0.0,804.919 um_pwv,982.625 um_pwv,35.0,2.248 K,1.89688
20260210,100236.848742,100236.848742,0.0,805.89 um_pwv,983.81 um_pwv,35.0,2.193 K,1.89917
20260210,100237.809115,100237.809115,0.0,806.678 um_pwv,984.772 um_pwv,35.0,2.369 K,1.90104
20260210,100238.770308,100238.770308,0.0,809.33 um_pwv,988.009 um_pwv,35.0,2.464 K,1.90730
20260210,100239.731686,100239.731686,0.0,808.651 um_pwv,987.181 um_pwv,35.0,2.458 K,1.90570
20260210,100240.689034,100240.689034,0.0,808.58 um_pwv,987.093 um_pwv,35.0,2.495 K,1.90553
20260210,100241.650040,100241.650040,0.0,807.984 um_pwv,986.367 um_pwv,35.0,2.529 K,1.90412
20260210,100242.609906,100242.609906,0.0,808.882 um_pwv,987.463 um_pwv,35.0,2.547 K,1.90624
20260210,100243.570374,100243.570374,0.0,808.443 um_pwv,986.927 um_pwv,35.0,2.416 K,1.90521
20260210,100244.530164,100244.530164,0.0,809.669 um_pwv,988.424 um_pwv,35.0,2.307 K,1.90811
20260210,100245.490135,100245.490135,0.0,809.561 um_pwv,988.291 um_pwv,35.0,2.244 K,1.90785
20260210,100246.451824,100246.451824,0.0,810.169 um_pwv,989.034 um_pwv,35.0,2.046 K,1.90929
20260210,100247.413486,100247.413486,0.0,811.59 um_pwv,990.768 um_pwv,35.0,2.026 K,1.91264
20260210,100248.374075,100248.374075,0.0,812.142 um_pwv,991.443 um_pwv,35.0,1.961 K,1.91395
20260210,100249.329886,100249.329886,0.0,814.017 um_pwv,993.731 um_pwv,35.0,1.966 K,1.91838
20260210,100250.291012,100250.291012,0.0,817.005 um_pwv,997.378 um_pwv,35.0,1.979 K,1.92544
20260210,100251.250202,100251.250202,0.0,816.472 um_pwv,996.728 um_pwv,35.0,2.115 K,1.92418
20260210,100252.209157,100252.209157,0.0,819.145 um_pwv,999.991 um_pwv,35.0,2.229 K,1.93050
20260210,100253.173398,100253.173398,0.0,821.261 um_pwv,1002.58 um_pwv,35.0,2.324 K,1.93550
20260210,100254.130054,100254.130054,0.0,821.149 um_pwv,1002.44 um_pwv,35.0,2.378 K,1.93523
20260210,100255.089411,100255.089411,0.0,821.82 um_pwv,1003.26 um_pwv,35.0,2.448 K,1.93682
20260210,100256.051848,100256.051848,0.0,821.383 um_pwv,1002.72 um_pwv,35.0,2.547 K,1.93579
20260210,100257.012770,100257.012770,0.0,821.76 um_pwv,1003.18 um_pwv,35.0,2.516 K,1.93668
20260210,100257.974612,100257.974612,0.0,820.847 um_pwv,1002.07 um_pwv,35.0,2.477 K,1.93452
20260210,100258.930115,100258.930115,0.0,818.227 um_pwv,998.87 um_pwv,35.0,2.373 K,1.92833
20260210,100259.890508,100259.890508,0.0,817.117 um_pwv,997.515 um_pwv,35.0,2.352 K,1.92571
20260210,100300.849407,100300.849407,0.0,813.504 um_pwv,993.105 um_pwv,35.0,2.233 K,1.91717
20260210,100301.810498,100301.810498,0.0,809.789 um_pwv,988.57 um_pwv,35.0,2.149 K,1.90839
20260210,100302.770467,100302.770467,0.0,807.782 um_pwv,986.12 um_pwv,35.0,2.131 K,1.90365
20260210,100303.733533,100303.733533,0.0,806.331 um_pwv,984.348 um_pwv,35.0,2.178 K,1.90022
20260210,100304.689403,100304.689403,0.0,803.649 um_pwv,981.074 um_pwv,35.0,2.062 K,1.89388
20260210,100305.651775,100305.651775,0.0,804.431 um_pwv,982.029 um_pwv,35.0,2.223 K,1.89573
20260210,100306.614071,100306.614071,0.0,805.436 um_pwv,983.256 um_pwv,35.0,2.317 K,1.89810
20260210,100307.569179,100307.569179,0.0,806.845 um_pwv,984.976 um_pwv,35.0,2.352 K,1.90143
20260210,100308.531962,100308.531962,0.0,809.03 um_pwv,987.644 um_pwv,35.0,2.431 K,1.90660
20260210,100309.491352,100309.491352,0.0,808.999 um_pwv,987.605 um_pwv,35.0,2.45 K,1.90652
20260210,100310.453629,100310.453629,0.0,808.93 um_pwv,987.522 um_pwv,35.0,2.548 K,1.90636
20260210,100311.409380,100311.409380,0.0,809.809 um_pwv,988.595 um_pwv,35.0,2.581 K,1.90844
20260210,100312.369116,100312.369116,0.0,808.312 um_pwv,986.766 um_pwv,35.0,2.52 K,1.90490
20260210,100313.327412,100313.327412,0.0,808.831 um_pwv,987.4 um_pwv,35.0,2.319 K,1.90612
20260210,100314.292084,100314.292084,0.0,809.729 um_pwv,988.497 um_pwv,35.0,2.378 K,1.90825
20260210,100315.252715,100315.252715,0.0,810.221 um_pwv,989.097 um_pwv,35.0,2.161 K,1.90941
20260210,100316.212538,100316.212538,0.0,811.201 um_pwv,990.293 um_pwv,35.0,2.111 K,1.91173
20260210,100317.169073,100317.169073,0.0,810.569 um_pwv,989.522 um_pwv,35.0,1.976 K,1.91023
20260210,100318.129393,100318.129393,0.0,812.701 um_pwv,992.125 um_pwv,35.0,1.94 K,1.91527
20260210,100319.090094,100319.090094,0.0,815.364 um_pwv,995.376 um_pwv,35.0,1.988 K,1.92156
20260210,100320.051934,100320.051934,0.0,816.984 um_pwv,997.354 um_pwv,35.0,2.005 K,1.92539
20260210,100321.013549,100321.013549,0.0,818.267 um_pwv,998.92 um_pwv,35.0,2.228 K,1.92842
20260210,100321.970296,100321.970296,0.0,818.761 um_pwv,999.522 um_pwv,35.0,2.198 K,1.92959
20260210,100322.929869,100322.929869,0.0,818.994 um_pwv,999.808 um_pwv,35.0,2.272 K,1.93014
20260210,100323.891482,100323.891482,0.0,820.37 um_pwv,1001.49 um_pwv,35.0,2.446 K,1.93339
20260210,100324.850597,100324.850597,0.0,820.168 um_pwv,1001.24 um_pwv,35.0,2.499 K,1.93292
20260210,100325.810193,100325.810193,0.0,821.545 um_pwv,1002.92 um_pwv,35.0,2.505 K,1.93617
20260210,100326.769968,100326.769968,0.0,821.586 um_pwv,1002.97 um_pwv,35.0,2.538 K,1.93627
20260210,100327.731237,100327.731237,0.0,820.338 um_pwv,1001.45 um_pwv,35.0,2.542 K,1.93332
20260210,100328.691699,100328.691699,0.0,818.792 um_pwv,999.561 um_pwv,35.0,2.333 K,1.92967
20260210,100329.650659,100329.650659,0.0,815.968 um_pwv,996.113 um_pwv,35.0,2.396 K,1.92299
20260210,100330.610545,100330.610545,0.0,812.011 um_pwv,991.282 um_pwv,35.0,2.148 K,1.91364
20260210,100331.570178,100331.570178,0.0,807.654 um_pwv,985.963 um_pwv,35.0,2.061 K,1.90334
20260210,100332.533475,100332.533475,0.0,806.976 um_pwv,985.136 um_pwv,35.0,2.08 K,1.90174
20260210,100333.493415,100333.493415,0.0,806.749 um_pwv,984.859 um_pwv,35.0,2.072 K,1.90120
20260210,100334.453948,100334.453948,0.0,807.028 um_pwv,985.199 um_pwv,35.0,2.219 K,1.90186
20260210,100335.413596,100335.413596,0.0,806.527 um_pwv,984.588 um_pwv,35.0,2.258 K,1.90068
20260210,100336.371585,100336.371585,0.0,806.328 um_pwv,984.345 um_pwv,35.0,2.311 K,1.90021
20260210,100337.331156,100337.331156,0.0,808.021 um_pwv,986.412 um_pwv,35.0,2.451 K,1.90421
20260210,100338.291826,100338.291826,0.0,808.092 um_pwv,986.499 um_pwv,35.0,2.489 K,1.90438
20260210,100339.249800,100339.249800,0.0,811.021 um_pwv,990.074 um_pwv,35.0,2.681 K,1.91130
20260210,100340.210371,100340.210371,0.0,811.89 um_pwv,991.135 um_pwv,35.0,2.639 K,1.91335
20260210,100341.170509,100341.170509,0.0,809.961 um_pwv,988.779 um_pwv,35.0,2.606 K,1.90879
20260210,100342.131013,100342.131013,0.0,809.969 um_pwv,988.79 um_pwv,35.0,2.502 K,1.90881
20260210,100343.091731,100343.091731,0.0,808.551 um_pwv,987.059 um_pwv,35.0,2.304 K,1.90546
20260210,100344.052032,100344.052032,0.0,809.829 um_pwv,988.619 um_pwv,35.0,2.355 K,1.90848
20260210,100345.012576,100345.012576,0.0,810.058 um_pwv,988.898 um_pwv,35.0,2.205 K,1.90902
20260210,100345.973335,100345.973335,0.0,811.882 um_pwv,991.125 um_pwv,35.0,2.13 K,1.91333
20260210,100346.934917,100346.934917,0.0,811.63 um_pwv,990.817 um_pwv,35.0,1.978 K,1.91274
20260210,100347.889632,100347.889632,0.0,812.893 um_pwv,992.359 um_pwv,35.0,1.961 K,1.91572
20260210,100348.854231,100348.854231,0.0,815.244 um_pwv,995.229 um_pwv,35.0,1.973 K,1.92128
20260210,100349.810395,100349.810395,0.0,816.029 um_pwv,996.187 um_pwv,35.0,2.074 K,1.92313
20260210,100350.767956,100350.767956,0.0,818.862 um_pwv,999.646 um_pwv,35.0,2.036 K,1.92983
20260210,100351.731442,100351.731442,0.0,819.035 um_pwv,999.857 um_pwv,35.0,2.17 K,1.93024
20260210,100352.691853,100352.691853,0.0,819.217 um_pwv,1000.08 um_pwv,35.0,2.27 K,1.93067
20260210,100353.651155,100353.651155,0.0,817.722 um_pwv,998.254 um_pwv,35.0,2.362 K,1.92714
20260210,100354.611743,100354.611743,0.0,819.815 um_pwv,1000.81 um_pwv,35.0,2.521 K,1.93208
20260210,100355.571954,100355.571954,0.0,819.884 um_pwv,1000.89 um_pwv,35.0,2.448 K,1.93225
20260210,100356.533983,100356.533983,0.0,818.963 um_pwv,999.769 um_pwv,35.0,2.436 K,1.93007
20260210,100357.491685,100357.491685,0.0,818.66 um_pwv,999.399 um_pwv,35.0,2.402 K,1.92935
20260210,100358.450930,100358.450930,0.0,818.489 um_pwv,999.191 um_pwv,35.0,2.333 K,1.92895
20260210,100359.411128,100359.411128,0.0,815.051 um_pwv,994.994 um_pwv,35.0,2.256 K,1.92082
20260210,100400.368490,100400.368490,0.0,812.28 um_pwv,991.611 um_pwv,35.0,2.245 K,1.91427
20260210,100401.335558,100401.335558,0.0,808.343 um_pwv,986.805 um_pwv,35.0,2.2 K,1.90497
20260210,100402.289937,100402.289937,0.0,806.407 um_pwv,984.442 um_pwv,35.0,2.059 K,1.90040
20260210,100403.251730,100403.251730,0.0,805.019 um_pwv,982.746 um_pwv,35.0,2.132 K,1.89712
20260210,100404.213620,100404.213620,0.0,804.621 um_pwv,982.261 um_pwv,35.0,2.148 K,1.89618
20260210,100405.172650,100405.172650,0.0,804.959 um_pwv,982.674 um_pwv,35.0,2.191 K,1.89697
20260210,100406.132079,100406.132079,0.0,805.743 um_pwv,983.63 um_pwv,35.0,2.341 K,1.89883
20260210,100407.094117,100407.094117,0.0,807.386 um_pwv,985.637 um_pwv,35.0,2.466 K,1.90271
20260210,100408.053484,100408.053484,0.0,809.07 um_pwv,987.692 um_pwv,35.0,2.562 K,1.90669
20260210,100409.010920,100409.010920,0.0,810.429 um_pwv,989.351 um_pwv,35.0,2.603 K,1.90990
20260210,100409.969420,100409.969420,0.0,810.129 um_pwv,988.985 um_pwv,35.0,2.666 K,1.90919
20260210,100410.930040,100410.930040,0.0,810.249 um_pwv,989.132 um_pwv,35.0,2.517 K,1.90948
20260210,100411.891106,100411.891106,0.0,809.718 um_pwv,988.483 um_pwv,35.0,2.519 K,1.90822
20260210,100412.850334,100412.850334,0.0,809.05 um_pwv,987.668 um_pwv,35.0,2.338 K,1.90664
20260210,100413.811005,100413.811005,0.0,809.258 um_pwv,987.922 um_pwv,35.0,2.25 K,1.90713
20260210,100414.770828,100414.770828,0.0,811.049 um_pwv,990.108 um_pwv,35.0,2.181 K,1.91137
20260210,100415.730550,100415.730550,0.0,812.552 um_pwv,991.943 um_pwv,35.0,2.127 K,1.91492
20260210,100416.690294,100416.690294,0.0,812.211 um_pwv,991.527 um_pwv,35.0,1.983 K,1.91411
20260210,100417.651666,100417.651666,0.0,815.807 um_pwv,995.917 um_pwv,35.0,2.045 K,1.92261
20260210,100418.612489,100418.612489,0.0,814.29 um_pwv,994.064 um_pwv,35.0,1.967 K,1.91902
20260210,100419.569995,100419.569995,0.0,817.771 um_pwv,998.314 um_pwv,35.0,2.124 K,1.92725
20260210,100420.532012,100420.532012,0.0,820.24 um_pwv,1001.33 um_pwv,35.0,2.177 K,1.93309
20260210,100421.492546,100421.492546,0.0,820.694 um_pwv,1001.88 um_pwv,35.0,2.233 K,1.93416
20260210,100422.453067,100422.453067,0.0,819.104 um_pwv,999.942 um_pwv,35.0,2.383 K,1.93040
20260210,100423.412137,100423.412137,0.0,820.512 um_pwv,1001.66 um_pwv,35.0,2.551 K,1.93373
20260210,100424.372491,100424.372491,0.0,820.674 um_pwv,1001.86 um_pwv,35.0,2.473 K,1.93411
20260210,100425.331202,100425.331202,0.0,821.586 um_pwv,1002.97 um_pwv,35.0,2.539 K,1.93627
20260210,100426.292351,100426.292351,0.0,819.803 um_pwv,1000.8 um_pwv,35.0,2.422 K,1.93205
20260210,100427.253489,100427.253489,0.0,821.018 um_pwv,1002.28 um_pwv,35.0,2.468 K,1.93493
20260210,100428.213870,100428.213870,0.0,817.48 um_pwv,997.959 um_pwv,35.0,2.316 K,1.92656
20260210,100429.169589,100429.169589,0.0,814.588 um_pwv,994.429 um_pwv,35.0,2.258 K,1.91973
20260210,100430.130485,100430.130485,0.0,810.841 um_pwv,989.854 um_pwv,35.0,2.159 K,1.91087
20260210,100431.090427,100431.090427,0.0,807.984 um_pwv,986.367 um_pwv,35.0,2.097 K,1.90412
20260210,100432.055890,100432.055890,0.0,806.686 um_pwv,984.782 um_pwv,35.0,2.223 K,1.90106
20260210,100433.014743,100433.014743,0.0,805.572 um_pwv,983.422 um_pwv,35.0,2.119 K,1.89842
20260210,100433.968964,100433.968964,0.0,803.043 um_pwv,980.334 um_pwv,35.0,2.102 K,1.89245
20260210,100434.933351,100434.933351,0.0,805.464 um_pwv,983.29 um_pwv,35.0,2.326 K,1.89817
20260210,100435.894499,100435.894499,0.0,807.235 um_pwv,985.452 um_pwv,35.0,2.376 K,1.90235
20260210,100436.850246,100436.850246,0.0,807.964 um_pwv,986.342 um_pwv,35.0,2.469 K,1.90408
20260210,100437.813892,100437.813892,0.0,810.278 um_pwv,989.166 um_pwv,35.0,2.667 K,1.90954
20260210,100438.772286,100438.772286,0.0,810.461 um_pwv,989.39 um_pwv,35.0,2.583 K,1.90998
20260210,100439.732317,100439.732317,0.0,810.469 um_pwv,989.4 um_pwv,35.0,2.565 K,1.91000
20260210,100440.693004,100440.693004,0.0,810.661 um_pwv,989.634 um_pwv,35.0,2.567 K,1.91045
20260210,100441.654216,100441.654216,0.0,810.101 um_pwv,988.95 um_pwv,35.0,2.52 K,1.90912
20260210,100442.610516,100442.610516,0.0,810.629 um_pwv,989.595 um_pwv,35.0,2.453 K,1.91037
20260210,100443.569664,100443.569664,0.0,811.098 um_pwv,990.168 um_pwv,35.0,2.223 K,1.91148
20260210,100444.533073,100444.533073,0.0,810.741 um_pwv,989.732 um_pwv,35.0,2.177 K,1.91064
20260210,100445.494595,100445.494595,0.0,811.902 um_pwv,991.149 um_pwv,35.0,2.108 K,1.91338
20260210,100446.452010,100446.452010,0.0,813.587 um_pwv,993.206 um_pwv,35.0,2.048 K,1.91736
20260210,100447.412002,100447.412002,0.0,814.367 um_pwv,994.159 um_pwv,35.0,1.989 K,1.91921
20260210,100448.371515,100448.371515,0.0,815.545 um_pwv,995.597 um_pwv,35.0,2.009 K,1.92199
20260210,100449.334691,100449.334691,0.0,818.085 um_pwv,998.698 um_pwv,35.0,2.177 K,1.92799
20260210,100450.293302,100450.293302,0.0,819.65 um_pwv,1000.61 um_pwv,35.0,2.179 K,1.93169
20260210,100451.253814,100451.253814,0.0,817.218 um_pwv,997.639 um_pwv,35.0,2.323 K,1.92594
20260210,100452.213407,100452.213407,0.0,819.408 um_pwv,1000.31 um_pwv,35.0,2.336 K,1.93112
20260210,100453.169742,100453.169742,0.0,821.209 um_pwv,1002.51 um_pwv,35.0,2.503 K,1.93538
20260210,100454.131310,100454.131310,0.0,822.348 um_pwv,1003.9 um_pwv,35.0,2.556 K,1.93807
20260210,100455.096134,100455.096134,0.0,822.215 um_pwv,1003.74 um_pwv,35.0,2.552 K,1.93775
20260210,100456.052866,100456.052866,0.0,821.444 um_pwv,1002.8 um_pwv,35.0,2.563 K,1.93593
20260210,100457.010763,100457.010763,0.0,819.026 um_pwv,999.846 um_pwv,35.0,2.444 K,1.93022
20260210,100457.970533,100457.970533,0.0,816.956 um_pwv,997.319 um_pwv,35.0,2.32 K,1.92532
20260210,100458.932442,100458.932442,0.0,814.873 um_pwv,994.776 um_pwv,35.0,2.32 K,1.92040
20260210,100459.890748,100459.890748,0.0,811.63 um_pwv,990.817 um_pwv,35.0,2.224 K,1.91274
20260210,100500.852564,100500.852564,0.0,808.172 um_pwv,986.596 um_pwv,35.0,2.125 K,1.90457
20260210,100501.810626,100501.810626,0.0,805.842 um_pwv,983.751 um_pwv,35.0,2.155 K,1.89906
20260210,100502.773024,100502.773024,0.0,805.106 um_pwv,982.854 um_pwv,35.0,2.031 K,1.89732
20260210,100503.733201,100503.733201,0.0,804.153 um_pwv,981.69 um_pwv,35.0,2.222 K,1.89507
20260210,100504.690771,100504.690771,0.0,806.18 um_pwv,984.164 um_pwv,35.0,2.244 K,1.89986
20260210,100505.653804,100505.653804,0.0,807.395 um_pwv,985.647 um_pwv,35.0,2.365 K,1.90273
20260210,100506.610926,100506.610926,0.0,807.964 um_pwv,986.342 um_pwv,35.0,2.478 K,1.90408
20260210,100507.570462,100507.570462,0.0,810.629 um_pwv,989.595 um_pwv,35.0,2.557 K,1.91037
20260210,100508.531119,100508.531119,0.0,810.289 um_pwv,989.18 um_pwv,35.0,2.5 K,1.90957
20260210,100509.491355,100509.491355,0.0,810.969 um_pwv,990.011 um_pwv,35.0,2.641 K,1.91118
20260210,100510.456507,100510.456507,0.0,810.841 um_pwv,989.854 um_pwv,35.0,2.573 K,1.91087
20260210,100511.414356,100511.414356,0.0,808.93 um_pwv,987.522 um_pwv,35.0,2.453 K,1.90636
20260210,100512.369991,100512.369991,0.0,810.501 um_pwv,989.438 um_pwv,35.0,2.451 K,1.91007
20260210,100513.330607,100513.330607,0.0,811.71 um_pwv,990.915 um_pwv,35.0,2.325 K,1.91293
20260210,100514.292262,100514.292262,0.0,810.369 um_pwv,989.278 um_pwv,35.0,2.2 K,1.90976
20260210,100515.252981,100515.252981,0.0,810.569 um_pwv,989.522 um_pwv,35.0,1.97 K,1.91023
20260210,100516.215156,100516.215156,0.0,812.985 um_pwv,992.471 um_pwv,35.0,1.991 K,1.91594
20260210,100517.168471,100517.168471,0.0,814.499 um_pwv,994.32 um_pwv,35.0,1.976 K,1.91952
20260210,100518.133570,100518.133570,0.0,815.718 um_pwv,995.808 um_pwv,35.0,1.968 K,1.92240
20260210,100519.093637,100519.093637,0.0,817.229 um_pwv,997.653 um_pwv,35.0,2.096 K,1.92597
20260210,100520.053535,100520.053535,0.0,817.238 um_pwv,997.663 um_pwv,35.0,2.177 K,1.92599
20260210,100521.015796,100521.015796,0.0,818.449 um_pwv,999.142 um_pwv,35.0,2.338 K,1.92885
20260210,100521.971544,100521.971544,0.0,820.098 um_pwv,1001.16 um_pwv,35.0,2.502 K,1.93275
20260210,100522.933238,100522.933238,0.0,820.865 um_pwv,1002.09 um_pwv,35.0,2.535 K,1.93456
20260210,100523.893708,100523.893708,0.0,820.33 um_pwv,1001.44 um_pwv,35.0,2.528 K,1.93330
20260210,100524.853430,100524.853430,0.0,820.957 um_pwv,1002.2 um_pwv,35.0,2.647 K,1.93478
20260210,100525.814892,100525.814892,0.0,818.994 um_pwv,999.808 um_pwv,35.0,2.462 K,1.93014
20260210,100526.773213,100526.773213,0.0,816.653 um_pwv,996.949 um_pwv,35.0,2.413 K,1.92461
20260210,100527.733021,100527.733021,0.0,815.715 um_pwv,995.804 um_pwv,35.0,2.398 K,1.92239
20260210,100528.693544,100528.693544,0.0,812.982 um_pwv,992.467 um_pwv,35.0,2.14 K,1.91593
20260210,100529.654624,100529.654624,0.0,808.959 um_pwv,987.556 um_pwv,35.0,2.153 K,1.90643
20260210,100530.614700,100530.614700,0.0,807.486 um_pwv,985.758 um_pwv,35.0,2.127 K,1.90295
20260210,100531.574693,100531.574693,0.0,804.272 um_pwv,981.835 um_pwv,35.0,2.042 K,1.89535
20260210,100532.534494,100532.534494,0.0,804.145 um_pwv,981.68 um_pwv,35.0,2.106 K,1.89505
20260210,100533.493777,100533.493777,0.0,804.094 um_pwv,981.617 um_pwv,35.0,2.189 K,1.89493
20260210,100534.454998,100534.454998,0.0,805.762 um_pwv,983.654 um_pwv,35.0,2.268 K,1.89887
20260210,100535.415066,100535.415066,0.0,807.136 um_pwv,985.331 um_pwv,35.0,2.347 K,1.90212
20260210,100536.374038,100536.374038,0.0,808.004 um_pwv,986.391 um_pwv,35.0,2.546 K,1.90417
20260210,100537.332915,100537.332915,0.0,808.819 um_pwv,987.386 um_pwv,35.0,2.497 K,1.90610
20260210,100538.292232,100538.292232,0.0,812.162 um_pwv,991.467 um_pwv,35.0,2.678 K,1.91400
20260210,100539.255194,100539.255194,0.0,809.03 um_pwv,987.644 um_pwv,35.0,2.503 K,1.90660
20260210,100540.216321,100540.216321,0.0,809.949 um_pwv,988.765 um_pwv,35.0,2.47 K,1.90877
20260210,100541.170617,100541.170617,0.0,810.741 um_pwv,989.732 um_pwv,35.0,2.438 K,1.91064
20260210,100542.131752,100542.131752,0.0,809.929 um_pwv,988.741 um_pwv,35.0,2.323 K,1.90872
20260210,100543.094086,100543.094086,0.0,809.381 um_pwv,988.072 um_pwv,35.0,2.242 K,1.90742
20260210,100544.055002,100544.055002,0.0,809.51 um_pwv,988.229 um_pwv,35.0,2.052 K,1.90773
20260210,100545.013806,100545.013806,0.0,810.901 um_pwv,989.927 um_pwv,35.0,2.039 K,1.91102
20260210,100545.973239,100545.973239,0.0,813.234 um_pwv,992.775 um_pwv,35.0,1.942 K,1.91653
20260210,100546.931487,100546.931487,0.0,814.611 um_pwv,994.457 um_pwv,35.0,2.016 K,1.91978
20260210,100547.891010,100547.891010,0.0,814.138 um_pwv,993.879 um_pwv,35.0,2.014 K,1.91867
20260210,100548.856163,100548.856163,0.0,815.988 um_pwv,996.138 um_pwv,35.0,1.969 K,1.92304
20260210,100549.809971,100549.809971,0.0,817.399 um_pwv,997.86 um_pwv,35.0,2.226 K,1.92637
20260210,100550.773503,100550.773503,0.0,817.662 um_pwv,998.18 um_pwv,35.0,2.254 K,1.92699
20260210,100551.736183,100551.736183,0.0,819.581 um_pwv,1000.52 um_pwv,35.0,2.416 K,1.93153
20260210,100552.691103,100552.691103,0.0,819.026 um_pwv,999.846 um_pwv,35.0,2.404 K,1.93022
20260210,100553.654981,100553.654981,0.0,819.693 um_pwv,1000.66 um_pwv,35.0,2.487 K,1.93179
20260210,100554.614097,100554.614097,0.0,819.61 um_pwv,1000.56 um_pwv,35.0,2.343 K,1.93160
20260210,100555.571471,100555.571471,0.0,818.712 um_pwv,999.462 um_pwv,35.0,2.408 K,1.92947
20260210,100556.530121,100556.530121,0.0,818.51 um_pwv,999.216 um_pwv,35.0,2.304 K,1.92900
20260210,100557.495125,100557.495125,0.0,812.861 um_pwv,992.321 um_pwv,35.0,2.196 K,1.91565
20260210,100558.456104,100558.456104,0.0,811.43 um_pwv,990.573 um_pwv,35.0,2.195 K,1.91227
20260210,100559.414958,100559.414958,0.0,807.662 um_pwv,985.974 um_pwv,35.0,2.161 K,1.90336
20260210,100600.373980,100600.373980,0.0,804.661 um_pwv,982.31 um_pwv,35.0,1.938 K,1.89627
20260210,100601.334742,100601.334742,0.0,802.924 um_pwv,980.189 um_pwv,35.0,1.981 K,1.89216
20260210,100602.293840,100602.293840,0.0,803.4 um_pwv,980.77 um_pwv,35.0,2.068 K,1.89329
20260210,100603.256207,100603.256207,0.0,806.041 um_pwv,983.994 um_pwv,35.0,2.262 K,1.89953
20260210,100604.216414,100604.216414,0.0,805.603 um_pwv,983.46 um_pwv,35.0,2.264 K,1.89850
20260210,100605.171520,100605.171520,0.0,808.659 um_pwv,987.191 um_pwv,35.0,2.418 K,1.90572
20260210,100606.132832,100606.132832,0.0,808.702 um_pwv,987.243 um_pwv,35.0,2.462 K,1.90582
20260210,100607.093875,100607.093875,0.0,810.678 um_pwv,989.655 um_pwv,35.0,2.565 K,1.91049
20260210,100608.051397,100608.051397,0.0,810.229 um_pwv,989.107 um_pwv,35.0,2.539 K,1.90943
20260210,100609.012644,100609.012644,0.0,810.689 um_pwv,989.669 um_pwv,35.0,2.557 K,1.91052
20260210,100609.970848,100609.970848,0.0,810.281 um_pwv,989.17 um_pwv,35.0,2.517 K,1.90955
20260210,100610.934896,100610.934896,0.0,809.598 um_pwv,988.337 um_pwv,35.0,2.314 K,1.90794
20260210,100611.894832,100611.894832,0.0,809.581 um_pwv,988.316 um_pwv,35.0,2.26 K,1.90790
20260210,100612.854378,100612.854378,0.0,811.641 um_pwv,990.831 um_pwv,35.0,2.256 K,1.91277
20260210,100613.814932,100613.814932,0.0,810.509 um_pwv,989.449 um_pwv,35.0,2.108 K,1.91009
20260210,100614.773914,100614.773914,0.0,811.29 um_pwv,990.402 um_pwv,35.0,2 K,1.91193
20260210,100615.732844,100615.732844,0.0,812.131 um_pwv,991.429 um_pwv,35.0,2.014 K,1.91392
20260210,100616.693476,100616.693476,0.0,813.905 um_pwv,993.595 um_pwv,35.0,1.984 K,1.91812
20260210,100617.656373,100617.656373,0.0,816.109 um_pwv,996.285 um_pwv,35.0,2.037 K,1.92332
20260210,100618.616142,100618.616142,0.0,815.908 um_pwv,996.039 um_pwv,35.0,2.131 K,1.92285
20260210,100619.572926,100619.572926,0.0,816.411 um_pwv,996.654 um_pwv,35.0,2.212 K,1.92404
20260210,100620.533796,100620.533796,0.0,819.824 um_pwv,1000.82 um_pwv,35.0,2.469 K,1.93210
20260210,100621.495244,100621.495244,0.0,819.925 um_pwv,1000.94 um_pwv,35.0,2.402 K,1.93234
20260210,100622.455459,100622.455459,0.0,820.674 um_pwv,1001.86 um_pwv,35.0,2.563 K,1.93411
20260210,100623.416005,100623.416005,0.0,820.217 um_pwv,1001.3 um_pwv,35.0,2.503 K,1.93303
20260210,100624.374455,100624.374455,0.0,819.905 um_pwv,1000.92 um_pwv,35.0,2.576 K,1.93229
20260210,100625.335977,100625.335977,0.0,819.338 um_pwv,1000.23 um_pwv,35.0,2.449 K,1.93095
20260210,100626.291301,100626.291301,0.0,816.492 um_pwv,996.753 um_pwv,35.0,2.375 K,1.92423
20260210,100627.255738,100627.255738,0.0,814.479 um_pwv,994.296 um_pwv,35.0,2.318 K,1.91947
20260210,100628.210115,100628.210115,0.0,810.961 um_pwv,990 um_pwv,35.0,2.186 K,1.91116
20260210,100629.174956,100629.174956,0.0,806.59 um_pwv,984.664 um_pwv,35.0,2.173 K,1.90083
20260210,100630.134234,100630.134234,0.0,806.021 um_pwv,983.97 um_pwv,35.0,2.078 K,1.89948
20260210,100631.094098,100631.094098,0.0,803.034 um_pwv,980.324 um_pwv,35.0,2.021 K,1.89243
20260210,100632.053824,100632.053824,0.0,802.856 um_pwv,980.106 um_pwv,35.0,2.126 K,1.89200
20260210,100633.016380,100633.016380,0.0,804.046 um_pwv,981.559 um_pwv,35.0,2.307 K,1.89482
20260210,100633.972298,100633.972298,0.0,805.674 um_pwv,983.547 um_pwv,35.0,2.371 K,1.89867
20260210,100634.937289,100634.937289,0.0,807.622 um_pwv,985.925 um_pwv,35.0,2.461 K,1.90327
20260210,100635.894903,100635.894903,0.0,807.315 um_pwv,985.55 um_pwv,35.0,2.436 K,1.90254
20260210,100636.856057,100636.856057,0.0,810.461 um_pwv,989.39 um_pwv,35.0,2.635 K,1.90998
20260210,100637.812221,100637.812221,0.0,809.681 um_pwv,988.438 um_pwv,35.0,2.595 K,1.90813
20260210,100638.774243,100638.774243,0.0,809.558 um_pwv,988.288 um_pwv,35.0,2.467 K,1.90784
20260210,100639.740974,100639.740974,0.0,811.221 um_pwv,990.318 um_pwv,35.0,2.532 K,1.91177
20260210,100640.694860,100640.694860,0.0,809.23 um_pwv,987.887 um_pwv,35.0,2.347 K,1.90707
20260210,100641.656008,100641.656008,0.0,809.05 um_pwv,987.668 um_pwv,35.0,2.226 K,1.90664
20260210,100642.616094,100642.616094,0.0,808.56 um_pwv,987.069 um_pwv,35.0,2.146 K,1.90548
20260210,100643.573976,100643.573976,0.0,810.418 um_pwv,989.337 um_pwv,35.0,2.081 K,1.90987
20260210,100644.533492,100644.533492,0.0,810.429 um_pwv,989.351 um_pwv,35.0,2.051 K,1.90990
20260210,100645.494084,100645.494084,0.0,812.371 um_pwv,991.722 um_pwv,35.0,2.075 K,1.91449
20260210,100646.455554,100646.455554,0.0,814.138 um_pwv,993.879 um_pwv,35.0,2.078 K,1.91867
20260210,100647.416147,100647.416147,0.0,816.17 um_pwv,996.359 um_pwv,35.0,2.1 K,1.92347
20260210,100648.372012,100648.372012,0.0,816.351 um_pwv,996.58 um_pwv,35.0,2.175 K,1.92390
20260210,100649.334140,100649.334140,0.0,817.702 um_pwv,998.23 um_pwv,35.0,2.314 K,1.92709
20260210,100650.295211,100650.295211,0.0,820.523 um_pwv,1001.67 um_pwv,35.0,2.445 K,1.93376
20260210,100651.255021,100651.255021,0.0,820.463 um_pwv,1001.6 um_pwv,35.0,2.486 K,1.93361
20260210,100652.212316,100652.212316,0.0,821.192 um_pwv,1002.49 um_pwv,35.0,2.594 K,1.93534
20260210,100653.174169,100653.174169,0.0,821.513 um_pwv,1002.88 um_pwv,35.0,2.62 K,1.93610
20260210,100654.136278,100654.136278,0.0,821.201 um_pwv,1002.5 um_pwv,35.0,2.535 K,1.93536
20260210,100655.097070,100655.097070,0.0,819.266 um_pwv,1000.14 um_pwv,35.0,2.495 K,1.93078
20260210,100656.052140,100656.052140,0.0,817.662 um_pwv,998.18 um_pwv,35.0,2.434 K,1.92699
20260210,100657.014342,100657.014342,0.0,813.607 um_pwv,993.231 um_pwv,35.0,2.225 K,1.91741
20260210,100657.974463,100657.974463,0.0,811.65 um_pwv,990.842 um_pwv,35.0,2.239 K,1.91279
20260210,100658.937118,100658.937118,0.0,808.551 um_pwv,987.059 um_pwv,35.0,2.161 K,1.90546
20260210,100659.896035,100659.896035,0.0,806.291 um_pwv,984.3 um_pwv,35.0,2.227 K,1.90012
20260210,100700.854372,100700.854372,0.0,806.996 um_pwv,985.161 um_pwv,35.0,2.169 K,1.90179
20260210,100701.813873,100701.813873,0.0,805.922 um_pwv,983.849 um_pwv,35.0,2.201 K,1.89925
20260210,100702.773282,100702.773282,0.0,807.267 um_pwv,985.491 um_pwv,35.0,2.364 K,1.90243
20260210,100703.731372,100703.731372,0.0,805.99 um_pwv,983.932 um_pwv,35.0,2.325 K,1.89941
20260210,100704.694840,100704.694840,0.0,809.341 um_pwv,988.023 um_pwv,35.0,2.464 K,1.90733
20260210,100705.655033,100705.655033,0.0,810.658 um_pwv,989.63 um_pwv,35.0,2.649 K,1.91044
20260210,100706.614629,100706.614629,0.0,812.873 um_pwv,992.335 um_pwv,35.0,2.628 K,1.91568
20260210,100707.572823,100707.572823,0.0,812.601 um_pwv,992.002 um_pwv,35.0,2.635 K,1.91503
20260210,100708.533624,100708.533624,0.0,811.33 um_pwv,990.451 um_pwv,35.0,2.657 K,1.91203
20260210,100709.492167,100709.492167,0.0,811.991 um_pwv,991.258 um_pwv,35.0,2.493 K,1.91359
20260210,100710.457169,100710.457169,0.0,810.961 um_pwv,990 um_pwv,35.0,2.373 K,1.91116
20260210,100711.412393,100711.412393,0.0,811.201 um_pwv,990.293 um_pwv,35.0,2.263 K,1.91173
20260210,100712.374898,100712.374898,0.0,812.062 um_pwv,991.345 um_pwv,35.0,2.239 K,1.91376
20260210,100713.335735,100713.335735,0.0,810.749 um_pwv,989.742 um_pwv,35.0,2.069 K,1.91066
20260210,100714.296015,100714.296015,0.0,812.552 um_pwv,991.943 um_pwv,35.0,2.095 K,1.91492
20260210,100715.255090,100715.255090,0.0,813.415 um_pwv,992.996 um_pwv,35.0,2.065 K,1.91696
20260210,100716.216427,100716.216427,0.0,815.413 um_pwv,995.436 um_pwv,35.0,2.065 K,1.92168
20260210,100717.172486,100717.172486,0.0,816.633 um_pwv,996.925 um_pwv,35.0,2.131 K,1.92456
20260210,100718.135192,100718.135192,0.0,817.016 um_pwv,997.392 um_pwv,35.0,2.204 K,1.92547
20260210,100719.092680,100719.092680,0.0,817.693 um_pwv,998.219 um_pwv,35.0,2.287 K,1.92707
20260210,100720.054056,100720.054056,0.0,821.27 um_pwv,1002.59 um_pwv,35.0,2.502 K,1.93552
20260210,100721.017228,100721.017228,0.0,821.435 um_pwv,1002.79 um_pwv,35.0,2.523 K,1.93591
20260210,100721.972490,100721.972490,0.0,822.783 um_pwv,1004.43 um_pwv,35.0,2.481 K,1.93910
20260210,100722.932425,100722.932425,0.0,820.876 um_pwv,1002.11 um_pwv,35.0,2.499 K,1.93459
20260210,100723.894082,100723.894082,0.0,820.928 um_pwv,1002.17 um_pwv,35.0,2.561 K,1.93471
20260210,100724.862638,100724.862638,0.0,821.079 um_pwv,1002.35 um_pwv,35.0,2.551 K,1.93507
20260210,100725.812773,100725.812773,0.0,819.208 um_pwv,1000.07 um_pwv,35.0,2.341 K,1.93065
20260210,100726.775097,100726.775097,0.0,813.584 um_pwv,993.203 um_pwv,35.0,2.265 K,1.91736
20260210,100727.734362,100727.734362,0.0,811.178 um_pwv,990.265 um_pwv,35.0,2.221 K,1.91167
20260210,100728.695669,100728.695669,0.0,807.845 um_pwv,986.196 um_pwv,35.0,2.151 K,1.90379
20260210,100729.655144,100729.655144,0.0,807.235 um_pwv,985.452 um_pwv,35.0,2.249 K,1.90235
20260210,100730.616721,100730.616721,0.0,806.877 um_pwv,985.015 um_pwv,35.0,2.241 K,1.90151
20260210,100731.576529,100731.576529,0.0,805.075 um_pwv,982.815 um_pwv,35.0,2.242 K,1.89725
20260210,100732.536646,100732.536646,0.0,807.602 um_pwv,985.901 um_pwv,35.0,2.318 K,1.90322
20260210,100733.494944,100733.494944,0.0,807.523 um_pwv,985.803 um_pwv,35.0,2.42 K,1.90303
20260210,100734.454222,100734.454222,0.0,811.078 um_pwv,990.143 um_pwv,35.0,2.659 K,1.91143
20260210,100735.413116,100735.413116,0.0,809.618 um_pwv,988.361 um_pwv,35.0,2.528 K,1.90798
20260210,100736.373667,100736.373667,0.0,811.101 um_pwv,990.171 um_pwv,35.0,2.627 K,1.91149
20260210,100737.334259,100737.334259,0.0,812.813 um_pwv,992.261 um_pwv,35.0,2.719 K,1.91553
20260210,100738.292888,100738.292888,0.0,810.829 um_pwv,989.84 um_pwv,35.0,2.529 K,1.91085
20260210,100739.257117,100739.257117,0.0,809.898 um_pwv,988.703 um_pwv,35.0,2.409 K,1.90865
20260210,100740.217004,100740.217004,0.0,811.149 um_pwv,990.231 um_pwv,35.0,2.319 K,1.91160
20260210,100741.175604,100741.175604,0.0,811.281 um_pwv,990.391 um_pwv,35.0,2.266 K,1.91191
20260210,100742.135322,100742.135322,0.0,811.038 um_pwv,990.094 um_pwv,35.0,2.082 K,1.91134
20260210,100743.093956,100743.093956,0.0,810.529 um_pwv,989.473 um_pwv,35.0,2.099 K,1.91014
20260210,100744.055791,100744.055791,0.0,811.85 um_pwv,991.086 um_pwv,35.0,1.977 K,1.91326
20260210,100745.013057,100745.013057,0.0,812.031 um_pwv,991.306 um_pwv,35.0,1.973 K,1.91369
20260210,100745.972843,100745.972843,0.0,814.049 um_pwv,993.77 um_pwv,35.0,2.05 K,1.91845
20260210,100746.933521,100746.933521,0.0,816.774 um_pwv,997.097 um_pwv,35.0,2.087 K,1.92490
20260210,100747.895662,100747.895662,0.0,817.258 um_pwv,997.688 um_pwv,35.0,2.19 K,1.92604
20260210,100748.855456,100748.855456,0.0,818.388 um_pwv,999.068 um_pwv,35.0,2.335 K,1.92871
20260210,100749.813498,100749.813498,0.0,820.876 um_pwv,1002.11 um_pwv,35.0,2.434 K,1.93459
20260210,100750.773871,100750.773871,0.0,820.593 um_pwv,1001.76 um_pwv,35.0,2.503 K,1.93392
20260210,100751.733588,100751.733588,0.0,822.357 um_pwv,1003.91 um_pwv,35.0,2.586 K,1.93809
20260210,100752.693279,100752.693279,0.0,822.519 um_pwv,1004.11 um_pwv,35.0,2.523 K,1.93847
20260210,100753.655060,100753.655060,0.0,822.125 um_pwv,1003.63 um_pwv,35.0,2.528 K,1.93754
20260210,100754.613891,100754.613891,0.0,820.442 um_pwv,1001.58 um_pwv,35.0,2.54 K,1.93356
20260210,100755.572805,100755.572805,0.0,816.492 um_pwv,996.753 um_pwv,35.0,2.35 K,1.92423
20260210,100756.533992,100756.533992,0.0,813.796 um_pwv,993.462 um_pwv,35.0,2.28 K,1.91786
20260210,100757.493878,100757.493878,0.0,810.529 um_pwv,989.473 um_pwv,35.0,2.204 K,1.91014
20260210,100758.457451,100758.457451,0.0,808.623 um_pwv,987.146 um_pwv,35.0,2.186 K,1.90563
20260210,100759.417308,100759.417308,0.0,808.691 um_pwv,987.229 um_pwv,35.0,2.187 K,1.90579
20260210,100800.373096,100800.373096,0.0,806.51 um_pwv,984.567 um_pwv,35.0,2.15 K,1.90064
20260210,100801.332450,100801.332450,0.0,806.319 um_pwv,984.334 um_pwv,35.0,2.265 K,1.90019
20260210,100802.293588,100802.293588,0.0,808.164 um_pwv,986.586 um_pwv,35.0,2.389 K,1.90455
20260210,100803.252008,100803.252008,0.0,808.839 um_pwv,987.41 um_pwv,35.0,2.416 K,1.90614
20260210,100804.216504,100804.216504,0.0,810.669 um_pwv,989.644 um_pwv,35.0,2.553 K,1.91047
20260210,100805.176578,100805.176578,0.0,810.349 um_pwv,989.254 um_pwv,35.0,2.576 K,1.90971
20260210,100806.134392,100806.134392,0.0,811.739 um_pwv,990.95 um_pwv,35.0,2.632 K,1.91300
20260210,100807.094378,100807.094378,0.0,812.412 um_pwv,991.771 um_pwv,35.0,2.583 K,1.91459
20260210,100808.053986,100808.053986,0.0,810.409 um_pwv,989.327 um_pwv,35.0,2.48 K,1.90985
20260210,100809.013749,100809.013749,0.0,811.71 um_pwv,990.915 um_pwv,35.0,2.428 K,1.91293
20260210,100809.972700,100809.972700,0.0,810.089 um_pwv,988.936 um_pwv,35.0,2.271 K,1.90910
20260210,100810.934232,100810.934232,0.0,812.022 um_pwv,991.296 um_pwv,35.0,2.308 K,1.91367
20260210,100811.896733,100811.896733,0.0,810.858 um_pwv,989.875 um_pwv,35.0,2.139 K,1.91091
20260210,100812.851634,100812.851634,0.0,810.189 um_pwv,989.058 um_pwv,35.0,2.02 K,1.90933
20260210,100813.811838,100813.811838,0.0,810.989 um_pwv,990.035 um_pwv,35.0,1.978 K,1.91122
20260210,100814.776459,100814.776459,0.0,812.953 um_pwv,992.432 um_pwv,35.0,1.998 K,1.91587
20260210,100815.736393,100815.736393,0.0,812.721 um_pwv,992.149 um_pwv,35.0,2.086 K,1.91532
20260210,100816.694769,100816.694769,0.0,817.794 um_pwv,998.342 um_pwv,35.0,2.27 K,1.92731
20260210,100817.655244,100817.655244,0.0,817.52 um_pwv,998.008 um_pwv,35.0,2.232 K,1.92666
20260210,100818.615519,100818.615519,0.0,819.176 um_pwv,1000.03 um_pwv,35.0,2.421 K,1.93057
20260210,100819.575055,100819.575055,0.0,822.56 um_pwv,1004.16 um_pwv,35.0,2.514 K,1.93857
20260210,100820.535802,100820.535802,0.0,823.23 um_pwv,1004.98 um_pwv,35.0,2.497 K,1.94015
20260210,100821.495848,100821.495848,0.0,821.707 um_pwv,1003.12 um_pwv,35.0,2.529 K,1.93655
20260210,100822.455222,100822.455222,0.0,821.789 um_pwv,1003.22 um_pwv,35.0,2.542 K,1.93675
20260210,100823.415618,100823.415618,0.0,820.127 um_pwv,1001.19 um_pwv,35.0,2.52 K,1.93282
20260210,100824.375344,100824.375344,0.0,819.035 um_pwv,999.857 um_pwv,35.0,2.328 K,1.93024
20260210,100825.331897,100825.331897,0.0,814.861 um_pwv,994.762 um_pwv,35.0,2.261 K,1.92038
20260210,100826.294590,100826.294590,0.0,813.073 um_pwv,992.579 um_pwv,35.0,2.25 K,1.91615
20260210,100827.256248,100827.256248,0.0,810.701 um_pwv,989.683 um_pwv,35.0,2.168 K,1.91054
20260210,100828.217205,100828.217205,0.0,808.791 um_pwv,987.351 um_pwv,35.0,2.129 K,1.90603
20260210,100829.177578,100829.177578,0.0,805.99 um_pwv,983.932 um_pwv,35.0,2.125 K,1.89941
20260210,100830.133744,100830.133744,0.0,806.996 um_pwv,985.161 um_pwv,35.0,2.192 K,1.90179
20260210,100831.095317,100831.095317,0.0,806.649 um_pwv,984.737 um_pwv,35.0,2.255 K,1.90097
20260210,100832.056737,100832.056737,0.0,808.181 um_pwv,986.606 um_pwv,35.0,2.379 K,1.90459
20260210,100833.016919,100833.016919,0.0,810.318 um_pwv,989.215 um_pwv,35.0,2.528 K,1.90964
20260210,100833.973536,100833.973536,0.0,808.5 um_pwv,986.996 um_pwv,35.0,2.432 K,1.90534
20260210,100834.934947,100834.934947,0.0,808.431 um_pwv,986.913 um_pwv,35.0,2.549 K,1.90518
20260210,100835.894705,100835.894705,0.0,808.451 um_pwv,986.937 um_pwv,35.0,2.464 K,1.90523
20260210,100836.854741,100836.854741,0.0,810.838 um_pwv,989.85 um_pwv,35.0,2.461 K,1.91087
20260210,100837.814591,100837.814591,0.0,811.581 um_pwv,990.758 um_pwv,35.0,2.578 K,1.91262
20260210,100838.777318,100838.777318,0.0,811.89 um_pwv,991.135 um_pwv,35.0,2.355 K,1.91335
20260210,100839.736447,100839.736447,0.0,810.598 um_pwv,989.557 um_pwv,35.0,2.261 K,1.91030
20260210,100840.697300,100840.697300,0.0,810.629 um_pwv,989.595 um_pwv,35.0,2.084 K,1.91037
20260210,100841.654091,100841.654091,0.0,810.001 um_pwv,988.828 um_pwv,35.0,2.04 K,1.90889
20260210,100842.619052,100842.619052,0.0,809.541 um_pwv,988.267 um_pwv,35.0,1.969 K,1.90780
20260210,100843.573710,100843.573710,0.0,810.209 um_pwv,989.083 um_pwv,35.0,1.899 K,1.90938
20260210,100844.537593,100844.537593,0.0,812.079 um_pwv,991.366 um_pwv,35.0,2.003 K,1.91380
20260210,100845.498309,100845.498309,0.0,814.873 um_pwv,994.776 um_pwv,35.0,2 K,1.92040
20260210,100846.453789,100846.453789,0.0,815.315 um_pwv,995.316 um_pwv,35.0,2.084 K,1.92145
20260210,100847.417140,100847.417140,0.0,817.702 um_pwv,998.23 um_pwv,35.0,2.262 K,1.92709
20260210,100848.378349,100848.378349,0.0,820.006 um_pwv,1001.04 um_pwv,35.0,2.326 K,1.93253
20260210,100849.336427,100849.336427,0.0,821.261 um_pwv,1002.58 um_pwv,35.0,2.456 K,1.93550
20260210,100850.294120,100850.294120,0.0,822.621 um_pwv,1004.23 um_pwv,35.0,2.43 K,1.93871
20260210,100851.257768,100851.257768,0.0,822.824 um_pwv,1004.48 um_pwv,35.0,2.498 K,1.93919
20260210,100852.217409,100852.217409,0.0,822.064 um_pwv,1003.55 um_pwv,35.0,2.487 K,1.93740
20260210,100853.172849,100853.172849,0.0,822.032 um_pwv,1003.52 um_pwv,35.0,2.471 K,1.93732
20260210,100854.135967,100854.135967,0.0,819.702 um_pwv,1000.67 um_pwv,35.0,2.499 K,1.93182
20260210,100855.097740,100855.097740,0.0,815.98 um_pwv,996.127 um_pwv,35.0,2.324 K,1.92302
20260210,100856.053045,100856.053045,0.0,811.951 um_pwv,991.209 um_pwv,35.0,2.176 K,1.91350
20260210,100857.015660,100857.015660,0.0,811.57 um_pwv,990.744 um_pwv,35.0,2.214 K,1.91260
20260210,100857.978476,100857.978476,0.0,808.052 um_pwv,986.45 um_pwv,35.0,2.123 K,1.90428
20260210,100858.934734,100858.934734,0.0,805.981 um_pwv,983.921 um_pwv,35.0,2.07 K,1.89939
20260210,100859.897441,100859.897441,0.0,806.996 um_pwv,985.161 um_pwv,35.0,2.136 K,1.90179
20260210,100900.856977,100900.856977,0.0,805.731 um_pwv,983.616 um_pwv,35.0,2.157 K,1.89880
20260210,100901.812881,100901.812881,0.0,807.634 um_pwv,985.939 um_pwv,35.0,2.274 K,1.90330
20260210,100902.773111,100902.773111,0.0,810.081 um_pwv,988.926 um_pwv,35.0,2.54 K,1.90908
20260210,100903.734030,100903.734030,0.0,810.069 um_pwv,988.912 um_pwv,35.0,2.576 K,1.90905
20260210,100904.695027,100904.695027,0.0,809.998 um_pwv,988.825 um_pwv,35.0,2.493 K,1.90888
20260210,100905.655930,100905.655930,0.0,809.689 um_pwv,988.448 um_pwv,35.0,2.435 K,1.90815
20260210,100906.616072,100906.616072,0.0,810.649 um_pwv,989.62 um_pwv,35.0,2.491 K,1.91042
20260210,100907.576276,100907.576276,0.0,810.581 um_pwv,989.536 um_pwv,35.0,2.452 K,1.91026
20260210,100908.538221,100908.538221,0.0,812.142 um_pwv,991.443 um_pwv,35.0,2.438 K,1.91395
20260210,100909.491948,100909.491948,0.0,811.89 um_pwv,991.135 um_pwv,35.0,2.323 K,1.91335
20260210,100910.458214,100910.458214,0.0,811.962 um_pwv,991.223 um_pwv,35.0,2.198 K,1.91352
20260210,100911.415761,100911.415761,0.0,810.729 um_pwv,989.718 um_pwv,35.0,1.911 K,1.91061
20260210,100912.377730,100912.377730,0.0,811.601 um_pwv,990.782 um_pwv,35.0,1.967 K,1.91267
20260210,100913.333752,100913.333752,0.0,811.641 um_pwv,990.831 um_pwv,35.0,2.003 K,1.91277
20260210,100914.296325,100914.296325,0.0,813.435 um_pwv,993.02 um_pwv,35.0,1.987 K,1.91700
20260210,100915.255265,100915.255265,0.0,814.973 um_pwv,994.899 um_pwv,35.0,2.123 K,1.92064
20260210,100916.213702,100916.213702,0.0,815.968 um_pwv,996.113 um_pwv,35.0,2.167 K,1.92299
20260210,100917.177344,100917.177344,0.0,818.732 um_pwv,999.487 um_pwv,35.0,2.267 K,1.92952
20260210,100918.137827,100918.137827,0.0,818.72 um_pwv,999.473 um_pwv,35.0,2.33 K,1.92949
20260210,100919.093091,100919.093091,0.0,822.125 um_pwv,1003.63 um_pwv,35.0,2.334 K,1.93754
20260210,100920.057085,100920.057085,0.0,822.296 um_pwv,1003.84 um_pwv,35.0,2.478 K,1.93794
20260210,100921.018130,100921.018130,0.0,822.296 um_pwv,1003.84 um_pwv,35.0,2.476 K,1.93794
20260210,100921.977003,100921.977003,0.0,821.647 um_pwv,1003.05 um_pwv,35.0,2.479 K,1.93641
20260210,100922.936445,100922.936445,0.0,818.703 um_pwv,999.452 um_pwv,35.0,2.431 K,1.92945
20260210,100923.896222,100923.896222,0.0,816.915 um_pwv,997.269 um_pwv,35.0,2.394 K,1.92523
20260210,100924.857464,100924.857464,0.0,814.077 um_pwv,993.805 um_pwv,35.0,2.265 K,1.91852
20260210,100925.818212,100925.818212,0.0,810.629 um_pwv,989.595 um_pwv,35.0,2.148 K,1.91037
20260210,100926.778371,100926.778371,0.0,808.272 um_pwv,986.718 um_pwv,35.0,2.018 K,1.90480
20260210,100927.735226,100927.735226,0.0,808.192 um_pwv,986.62 um_pwv,35.0,2.096 K,1.90461
20260210,100928.698195,100928.698195,0.0,806.669 um_pwv,984.761 um_pwv,35.0,2.017 K,1.90102
20260210,100929.652761,100929.652761,0.0,805.583 um_pwv,983.436 um_pwv,35.0,2.101 K,1.89845
20260210,100930.614647,100930.614647,0.0,806.192 um_pwv,984.178 um_pwv,35.0,2.13 K,1.89989
20260210,100931.575679,100931.575679,0.0,807.725 um_pwv,986.05 um_pwv,35.0,2.206 K,1.90351
20260210,100932.538418,100932.538418,0.0,809.25 um_pwv,987.912 um_pwv,35.0,2.377 K,1.90711
20260210,100933.498054,100933.498054,0.0,810.689 um_pwv,989.669 um_pwv,35.0,2.595 K,1.91052
20260210,100934.453393,100934.453393,0.0,811.109 um_pwv,990.182 um_pwv,35.0,2.52 K,1.91151
20260210,100935.414824,100935.414824,0.0,810.061 um_pwv,988.901 um_pwv,35.0,2.496 K,1.90903
20260210,100936.375857,100936.375857,0.0,810.801 um_pwv,989.805 um_pwv,35.0,2.424 K,1.91078
20260210,100937.339182,100937.339182,0.0,811.53 um_pwv,990.695 um_pwv,35.0,2.42 K,1.91250
20260210,100938.294683,100938.294683,0.0,811.25 um_pwv,990.353 um_pwv,35.0,2.267 K,1.91184
20260210,100939.255216,100939.255216,0.0,811.39 um_pwv,990.524 um_pwv,35.0,2.16 K,1.91217
20260210,100940.218202,100940.218202,0.0,811.069 um_pwv,990.133 um_pwv,35.0,2.134 K,1.91141
20260210,100941.178245,100941.178245,0.0,808.451 um_pwv,986.937 um_pwv,35.0,1.881 K,1.90523
20260210,100942.134500,100942.134500,0.0,809.609 um_pwv,988.351 um_pwv,35.0,1.886 K,1.90796
20260210,100943.097198,100943.097198,0.0,812.38 um_pwv,991.733 um_pwv,35.0,1.912 K,1.91451
20260210,100944.053046,100944.053046,0.0,814.721 um_pwv,994.59 um_pwv,35.0,2.004 K,1.92004
20260210,100945.015838,100945.015838,0.0,813.997 um_pwv,993.707 um_pwv,35.0,2.006 K,1.91833
20260210,100945.974190,100945.974190,0.0,816.745 um_pwv,997.062 um_pwv,35.0,2.141 K,1.92483
20260210,100946.933230,100946.933230,0.0,817.823 um_pwv,998.377 um_pwv,35.0,2.282 K,1.92737
20260210,100947.899188,100947.899188,0.0,821.545 um_pwv,1002.92 um_pwv,35.0,2.347 K,1.93617
20260210,100948.858433,100948.858433,0.0,821.412 um_pwv,1002.76 um_pwv,35.0,2.432 K,1.93586
20260210,100949.818436,100949.818436,0.0,821.311 um_pwv,1002.64 um_pwv,35.0,2.345 K,1.93562
20260210,100950.776077,100950.776077,0.0,823.038 um_pwv,1004.74 um_pwv,35.0,2.486 K,1.93970
20260210,100951.737139,100951.737139,0.0,821.849 um_pwv,1003.29 um_pwv,35.0,2.42 K,1.93689
20260210,100952.698634,100952.698634,0.0,820.654 um_pwv,1001.83 um_pwv,35.0,2.336 K,1.93406
20260210,100953.654310,100953.654310,0.0,816.423 um_pwv,996.668 um_pwv,35.0,2.229 K,1.92407
20260210,100954.617762,100954.617762,0.0,814.479 um_pwv,994.296 um_pwv,35.0,2.218 K,1.91947
20260210,100955.579096,100955.579096,0.0,811.61 um_pwv,990.793 um_pwv,35.0,2.156 K,1.91269
20260210,100956.534979,100956.534979,0.0,809.918 um_pwv,988.727 um_pwv,35.0,2.174 K,1.90869
20260210,100957.497621,100957.497621,0.0,808.132 um_pwv,986.547 um_pwv,35.0,2.024 K,1.90447
20260210,100958.457918,100958.457918,0.0,808.91 um_pwv,987.497 um_pwv,35.0,2.164 K,1.90631
20260210,100959.417974,100959.417974,0.0,809.761 um_pwv,988.535 um_pwv,35.0,2.317 K,1.90832
20260210,101000.376632,101000.376632,0.0,808.831 um_pwv,987.4 um_pwv,35.0,2.314 K,1.90612
20260210,101001.337858,101001.337858,0.0,807.973 um_pwv,986.353 um_pwv,35.0,2.288 K,1.90410
20260210,101002.299733,101002.299733,0.0,810.509 um_pwv,989.449 um_pwv,35.0,2.549 K,1.91009
20260210,101003.256882,101003.256882,0.0,810.661 um_pwv,989.634 um_pwv,35.0,2.593 K,1.91045
20260210,101004.217536,101004.217536,0.0,811.79 um_pwv,991.013 um_pwv,35.0,2.534 K,1.91312
20260210,101005.177522,101005.177522,0.0,813.254 um_pwv,992.8 um_pwv,35.0,2.609 K,1.91658
20260210,101006.138674,101006.138674,0.0,811.61 um_pwv,990.793 um_pwv,35.0,2.426 K,1.91269
20260210,101007.095706,101007.095706,0.0,814.41 um_pwv,994.212 um_pwv,35.0,2.543 K,1.91931
20260210,101008.057160,101008.057160,0.0,811.951 um_pwv,991.209 um_pwv,35.0,2.213 K,1.91350
20260210,101009.017910,101009.017910,0.0,812.712 um_pwv,992.139 um_pwv,35.0,2.159 K,1.91530
20260210,101009.977377,101009.977377,0.0,811.581 um_pwv,990.758 um_pwv,35.0,2.095 K,1.91262
20260210,101010.937673,101010.937673,0.0,810.469 um_pwv,989.4 um_pwv,35.0,1.949 K,1.91000
20260210,101011.894709,101011.894709,0.0,811.51 um_pwv,990.671 um_pwv,35.0,1.922 K,1.91246
20260210,101012.857757,101012.857757,0.0,813.154 um_pwv,992.677 um_pwv,35.0,2.004 K,1.91634
20260210,101013.818248,101013.818248,0.0,816.391 um_pwv,996.63 um_pwv,35.0,2.167 K,1.92399
20260210,101014.779243,101014.779243,0.0,816.17 um_pwv,996.359 um_pwv,35.0,2.107 K,1.92347
20260210,101015.735796,101015.735796,0.0,818.175 um_pwv,998.807 um_pwv,35.0,2.239 K,1.92821
20260210,101016.698890,101016.698890,0.0,819.511 um_pwv,1000.44 um_pwv,35.0,2.229 K,1.93136
20260210,101017.659927,101017.659927,0.0,822.154 um_pwv,1003.66 um_pwv,35.0,2.343 K,1.93761
20260210,101018.617569,101018.617569,0.0,823.413 um_pwv,1005.2 um_pwv,35.0,2.402 K,1.94058
20260210,101019.579243,101019.579243,0.0,823.535 um_pwv,1005.35 um_pwv,35.0,2.517 K,1.94087
20260210,101020.538276,101020.538276,0.0,821.534 um_pwv,1002.91 um_pwv,35.0,2.429 K,1.93614
20260210,101021.498586,101021.498586,0.0,822.885 um_pwv,1004.56 um_pwv,35.0,2.42 K,1.93934
20260210,101022.459677,101022.459677,0.0,819.127 um_pwv,999.97 um_pwv,35.0,2.349 K,1.93046
20260210,101023.418986,101023.418986,0.0,814.721 um_pwv,994.59 um_pwv,35.0,2.227 K,1.92004
20260210,101024.374364,101024.374364,0.0,813.033 um_pwv,992.53 um_pwv,35.0,2.096 K,1.91606
20260210,101025.339276,101025.339276,0.0,810.258 um_pwv,989.142 um_pwv,35.0,2.175 K,1.90950
20260210,101026.295347,101026.295347,0.0,809.541 um_pwv,988.267 um_pwv,35.0,2.02 K,1.90780
20260210,101027.256171,101027.256171,0.0,808.052 um_pwv,986.45 um_pwv,35.0,2.1 K,1.90428
20260210,101028.216241,101028.216241,0.0,807.096 um_pwv,985.282 um_pwv,35.0,2.123 K,1.90202
20260210,101029.177599,101029.177599,0.0,807.993 um_pwv,986.377 um_pwv,35.0,2.209 K,1.90414
20260210,101030.139630,101030.139630,0.0,807.924 um_pwv,986.294 um_pwv,35.0,2.251 K,1.90398
20260210,101031.100157,101031.100157,0.0,809.809 um_pwv,988.595 um_pwv,35.0,2.359 K,1.90844
20260210,101032.057338,101032.057338,0.0,811.049 um_pwv,990.108 um_pwv,35.0,2.509 K,1.91137
20260210,101033.017912,101033.017912,0.0,810.369 um_pwv,989.278 um_pwv,35.0,2.654 K,1.90976
20260210,101033.979268,101033.979268,0.0,811.361 um_pwv,990.489 um_pwv,35.0,2.661 K,1.91210
20260210,101034.937111,101034.937111,0.0,810.029 um_pwv,988.863 um_pwv,35.0,2.557 K,1.90896
20260210,101035.897800,101035.897800,0.0,812.171 um_pwv,991.478 um_pwv,35.0,2.478 K,1.91402
20260210,101036.860110,101036.860110,0.0,811.83 um_pwv,991.062 um_pwv,35.0,2.365 K,1.91321
20260210,101037.820067,101037.820067,0.0,813.254 um_pwv,992.8 um_pwv,35.0,2.39 K,1.91658
20260210,101038.779121,101038.779121,0.0,811.939 um_pwv,991.195 um_pwv,35.0,2.178 K,1.91347
20260210,101039.739116,101039.739116,0.0,811.742 um_pwv,990.954 um_pwv,35.0,2.114 K,1.91300
20260210,101040.698329,101040.698329,0.0,811.338 um_pwv,990.461 um_pwv,35.0,1.959 K,1.91205
20260210,101041.659577,101041.659577,0.0,810.889 um_pwv,989.913 um_pwv,35.0,1.943 K,1.91099
20260210,101042.620323,101042.620323,0.0,812.22 um_pwv,991.537 um_pwv,35.0,1.965 K,1.91413
20260210,101043.580182,101043.580182,0.0,815.796 um_pwv,995.903 um_pwv,35.0,2.179 K,1.92258
20260210,101044.537613,101044.537613,0.0,816.219 um_pwv,996.419 um_pwv,35.0,2.043 K,1.92358
20260210,101045.495825,101045.495825,0.0,818.458 um_pwv,999.152 um_pwv,35.0,2.289 K,1.92887
20260210,101046.457749,101046.457749,0.0,821.849 um_pwv,1003.29 um_pwv,35.0,2.375 K,1.93689
20260210,101047.418657,101047.418657,0.0,823.514 um_pwv,1005.33 um_pwv,35.0,2.448 K,1.94082
20260210,101048.373825,101048.373825,0.0,824.226 um_pwv,1006.19 um_pwv,35.0,2.41 K,1.94251
20260210,101049.333756,101049.333756,0.0,825.171 um_pwv,1007.35 um_pwv,35.0,2.536 K,1.94474
20260210,101050.295266,101050.295266,0.0,823.709 um_pwv,1005.56 um_pwv,35.0,2.516 K,1.94128
20260210,101051.260178,101051.260178,0.0,822.855 um_pwv,1004.52 um_pwv,35.0,2.504 K,1.93927
20260210,101052.215291,101052.215291,0.0,816.391 um_pwv,996.63 um_pwv,35.0,2.314 K,1.92399
20260210,101053.175819,101053.175819,0.0,814.87 um_pwv,994.773 um_pwv,35.0,2.249 K,1.92040
20260210,101054.140396,101054.140396,0.0,812.171 um_pwv,991.478 um_pwv,35.0,2.179 K,1.91402
20260210,101055.096377,101055.096377,0.0,811.61 um_pwv,990.793 um_pwv,35.0,2.113 K,1.91269
20260210,101056.058897,101056.058897,0.0,808.942 um_pwv,987.536 um_pwv,35.0,2.114 K,1.90639
20260210,101057.018571,101057.018571,0.0,810.518 um_pwv,989.459 um_pwv,35.0,2.2 K,1.91011
20260210,101057.979028,101057.979028,0.0,808.871 um_pwv,987.449 um_pwv,35.0,2.154 K,1.90622
20260210,101058.939362,101058.939362,0.0,805.444 um_pwv,983.266 um_pwv,35.0,2.156 K,1.89812
20260210,101059.898833,101059.898833,0.0,809.43 um_pwv,988.131 um_pwv,35.0,2.269 K,1.90754
20260210,101100.859380,101100.859380,0.0,809.589 um_pwv,988.326 um_pwv,35.0,2.434 K,1.90792
20260210,101101.819074,101101.819074,0.0,809.35 um_pwv,988.034 um_pwv,35.0,2.492 K,1.90735
20260210,101102.775095,101102.775095,0.0,810.389 um_pwv,989.302 um_pwv,35.0,2.579 K,1.90981
20260210,101103.735186,101103.735186,0.0,811.39 um_pwv,990.524 um_pwv,35.0,2.629 K,1.91217
20260210,101104.695277,101104.695277,0.0,810.661 um_pwv,989.634 um_pwv,35.0,2.527 K,1.91045
20260210,101105.655812,101105.655812,0.0,811.659 um_pwv,990.852 um_pwv,35.0,2.503 K,1.91281
20260210,101106.616405,101106.616405,0.0,811.939 um_pwv,991.195 um_pwv,35.0,2.396 K,1.91347
20260210,101107.578110,101107.578110,0.0,811.931 um_pwv,991.184 um_pwv,35.0,2.289 K,1.91345
20260210,101108.540652,101108.540652,0.0,812.692 um_pwv,992.114 um_pwv,35.0,2.126 K,1.91525
20260210,101109.496004,101109.496004,0.0,811.619 um_pwv,990.803 um_pwv,35.0,2.098 K,1.91271
20260210,101110.459296,101110.459296,0.0,811.39 um_pwv,990.524 um_pwv,35.0,2.007 K,1.91217
20260210,101111.419987,101111.419987,0.0,811.081 um_pwv,990.147 um_pwv,35.0,1.977 K,1.91144
20260210,101112.377432,101112.377432,0.0,812.042 um_pwv,991.32 um_pwv,35.0,1.895 K,1.91371
20260210,101113.338129,101113.338129,0.0,815.235 um_pwv,995.218 um_pwv,35.0,2.065 K,1.92126
20260210,101114.298265,101114.298265,0.0,817.44 um_pwv,997.909 um_pwv,35.0,2.045 K,1.92647
20260210,101115.258608,101115.258608,0.0,817.278 um_pwv,997.712 um_pwv,35.0,2.197 K,1.92609
20260210,101116.224794,101116.224794,0.0,822.183 um_pwv,1003.7 um_pwv,35.0,2.386 K,1.93768
20260210,101117.176122,101117.176122,0.0,823.401 um_pwv,1005.19 um_pwv,35.0,2.351 K,1.94056
20260210,101118.137128,101118.137128,0.0,826.353 um_pwv,1008.79 um_pwv,35.0,2.483 K,1.94753
20260210,101119.100131,101119.100131,0.0,823.474 um_pwv,1005.28 um_pwv,35.0,2.486 K,1.94073
20260210,101120.060089,101120.060089,0.0,823.828 um_pwv,1005.71 um_pwv,35.0,2.464 K,1.94157
20260210,101121.016881,101121.016881,0.0,820.359 um_pwv,1001.47 um_pwv,35.0,2.448 K,1.93337
20260210,101121.977360,101121.977360,0.0,818.397 um_pwv,999.078 um_pwv,35.0,2.367 K,1.92873
20260210,101122.936057,101122.936057,0.0,814.821 um_pwv,994.713 um_pwv,35.0,2.234 K,1.92028
20260210,101123.900173,101123.900173,0.0,812.031 um_pwv,991.306 um_pwv,35.0,2.275 K,1.91369
20260210,101124.860463,101124.860463,0.0,812.22 um_pwv,991.537 um_pwv,35.0,2.173 K,1.91413
20260210,101125.817915,101125.817915,0.0,810.081 um_pwv,988.926 um_pwv,35.0,2.155 K,1.90908
20260210,101126.777163,101126.777163,0.0,806.988 um_pwv,985.15 um_pwv,35.0,2.175 K,1.90177
20260210,101127.739077,101127.739077,0.0,807.742 um_pwv,986.071 um_pwv,35.0,2.183 K,1.90355
20260210,101128.696320,101128.696320,0.0,807.634 um_pwv,985.939 um_pwv,35.0,2.22 K,1.90330
20260210,101129.659838,101129.659838,0.0,807.785 um_pwv,986.123 um_pwv,35.0,2.34 K,1.90365
20260210,101130.619370,101130.619370,0.0,808.052 um_pwv,986.45 um_pwv,35.0,2.392 K,1.90428
20260210,101131.580037,101131.580037,0.0,809.261 um_pwv,987.926 um_pwv,35.0,2.447 K,1.90714
20260210,101132.536137,101132.536137,0.0,811.049 um_pwv,990.108 um_pwv,35.0,2.598 K,1.91137
20260210,101133.498379,101133.498379,0.0,810.529 um_pwv,989.473 um_pwv,35.0,2.619 K,1.91014
20260210,101134.456334,101134.456334,0.0,811.218 um_pwv,990.314 um_pwv,35.0,2.57 K,1.91177
20260210,101135.418566,101135.418566,0.0,812.251 um_pwv,991.576 um_pwv,35.0,2.526 K,1.91421
20260210,101136.380316,101136.380316,0.0,813.234 um_pwv,992.775 um_pwv,35.0,2.383 K,1.91653
20260210,101137.337764,101137.337764,0.0,811.35 um_pwv,990.475 um_pwv,35.0,2.135 K,1.91208
20260210,101138.297827,101138.297827,0.0,811.702 um_pwv,990.905 um_pwv,35.0,2.06 K,1.91291
20260210,101139.258267,101139.258267,0.0,810.661 um_pwv,989.634 um_pwv,35.0,1.97 K,1.91045
20260210,101140.218319,101140.218319,0.0,811.241 um_pwv,990.342 um_pwv,35.0,2.088 K,1.91182
20260210,101141.175836,101141.175836,0.0,812.18 um_pwv,991.488 um_pwv,35.0,2.067 K,1.91404
20260210,101142.139757,101142.139757,0.0,814.158 um_pwv,993.903 um_pwv,35.0,2.054 K,1.91871
20260210,101143.096226,101143.096226,0.0,817.025 um_pwv,997.403 um_pwv,35.0,2.048 K,1.92549
20260210,101144.058317,101144.058317,0.0,817.964 um_pwv,998.55 um_pwv,35.0,2.168 K,1.92771
20260210,101145.020602,101145.020602,0.0,820.289 um_pwv,1001.39 um_pwv,35.0,2.29 K,1.93320
20260210,101145.977636,101145.977636,0.0,820.998 um_pwv,1002.25 um_pwv,35.0,2.353 K,1.93488
20260210,101146.940595,101146.940595,0.0,824.348 um_pwv,1006.34 um_pwv,35.0,2.374 K,1.94279
20260210,101147.897399,101147.897399,0.0,827.374 um_pwv,1010.04 um_pwv,35.0,2.556 K,1.94994
20260210,101148.856756,101148.856756,0.0,825.092 um_pwv,1007.25 um_pwv,35.0,2.542 K,1.94455
20260210,101149.816440,101149.816440,0.0,822.388 um_pwv,1003.95 um_pwv,35.0,2.354 K,1.93816
20260210,101150.778355,101150.778355,0.0,822.998 um_pwv,1004.69 um_pwv,35.0,2.414 K,1.93960
20260210,101151.740383,101151.740383,0.0,819.064 um_pwv,999.892 um_pwv,35.0,2.426 K,1.93031
20260210,101152.698990,101152.698990,0.0,815.787 um_pwv,995.892 um_pwv,35.0,2.256 K,1.92256
20260210,101153.658765,101153.658765,0.0,814.057 um_pwv,993.781 um_pwv,35.0,2.317 K,1.91848
20260210,101154.620582,101154.620582,0.0,810.289 um_pwv,989.18 um_pwv,35.0,2.172 K,1.90957
20260210,101155.580814,101155.580814,0.0,809.801 um_pwv,988.584 um_pwv,35.0,2.157 K,1.90842
20260210,101156.536065,101156.536065,0.0,808.332 um_pwv,986.791 um_pwv,35.0,2.127 K,1.90494
20260210,101157.500904,101157.500904,0.0,807.645 um_pwv,985.953 um_pwv,35.0,2.226 K,1.90332
20260210,101158.456697,101158.456697,0.0,808.879 um_pwv,987.459 um_pwv,35.0,2.318 K,1.90624
20260210,101159.418178,101159.418178,0.0,809.27 um_pwv,987.936 um_pwv,35.0,2.391 K,1.90716
20260210,101200.380842,101200.380842,0.0,809.458 um_pwv,988.166 um_pwv,35.0,2.501 K,1.90761
20260210,101201.338281,101201.338281,0.0,812.844 um_pwv,992.3 um_pwv,35.0,2.631 K,1.91561
20260210,101202.300313,101202.300313,0.0,812.962 um_pwv,992.443 um_pwv,35.0,2.609 K,1.91589
20260210,101203.260353,101203.260353,0.0,812.323 um_pwv,991.663 um_pwv,35.0,2.576 K,1.91438
20260210,101204.219199,101204.219199,0.0,813.564 um_pwv,993.178 um_pwv,35.0,2.533 K,1.91731
20260210,101205.177572,101205.177572,0.0,812.853 um_pwv,992.31 um_pwv,35.0,2.472 K,1.91563
20260210,101206.136744,101206.136744,0.0,814.428 um_pwv,994.233 um_pwv,35.0,2.433 K,1.91935
20260210,101207.098115,101207.098115,0.0,813.475 um_pwv,993.07 um_pwv,35.0,2.263 K,1.91710
20260210,101208.059297,101208.059297,0.0,812.331 um_pwv,991.674 um_pwv,35.0,2.102 K,1.91440
20260210,101209.017981,101209.017981,0.0,811.979 um_pwv,991.244 um_pwv,35.0,2.021 K,1.91356
20260210,101209.977759,101209.977759,0.0,813.627 um_pwv,993.255 um_pwv,35.0,2.047 K,1.91746
20260210,101210.939235,101210.939235,0.0,811.719 um_pwv,990.926 um_pwv,35.0,1.922 K,1.91295
20260210,101211.898132,101211.898132,0.0,815.223 um_pwv,995.204 um_pwv,35.0,1.964 K,1.92123
20260210,101212.860669,101212.860669,0.0,817.471 um_pwv,997.948 um_pwv,35.0,2.116 K,1.92654
20260210,101213.817111,101213.817111,0.0,818.279 um_pwv,998.934 um_pwv,35.0,2.237 K,1.92845
20260210,101214.777035,101214.777035,0.0,821.282 um_pwv,1002.6 um_pwv,35.0,2.26 K,1.93555
20260210,101215.739651,101215.739651,0.0,824.177 um_pwv,1006.13 um_pwv,35.0,2.368 K,1.94239
20260210,101216.698697,101216.698697,0.0,825.223 um_pwv,1007.41 um_pwv,35.0,2.401 K,1.94486
20260210,101217.660400,101217.660400,0.0,827.855 um_pwv,1010.62 um_pwv,35.0,2.504 K,1.95108
20260210,101218.621267,101218.621267,0.0,825.998 um_pwv,1008.36 um_pwv,35.0,2.513 K,1.94669
20260210,101219.576529,101219.576529,0.0,824.113 um_pwv,1006.06 um_pwv,35.0,2.47 K,1.94224
20260210,101220.540774,101220.540774,0.0,820.492 um_pwv,1001.64 um_pwv,35.0,2.38 K,1.93368
20260210,101221.498223,101221.498223,0.0,818.247 um_pwv,998.895 um_pwv,35.0,2.379 K,1.92838
20260210,101222.458199,101222.458199,0.0,816.262 um_pwv,996.471 um_pwv,35.0,2.372 K,1.92368
20260210,101223.420833,101223.420833,0.0,811.49 um_pwv,990.646 um_pwv,35.0,2.184 K,1.91241
20260210,101224.376527,101224.376527,0.0,809.438 um_pwv,988.142 um_pwv,35.0,2.043 K,1.90756
20260210,101225.337459,101225.337459,0.0,808.232 um_pwv,986.669 um_pwv,35.0,2.006 K,1.90471
20260210,101226.298719,101226.298719,0.0,808.252 um_pwv,986.693 um_pwv,35.0,2.126 K,1.90476
20260210,101227.259269,101227.259269,0.0,806.848 um_pwv,984.98 um_pwv,35.0,2.14 K,1.90144
20260210,101228.216944,101228.216944,0.0,807.005 um_pwv,985.171 um_pwv,35.0,2.195 K,1.90181
20260210,101229.176938,101229.176938,0.0,808.722 um_pwv,987.268 um_pwv,35.0,2.326 K,1.90587
20260210,101230.137483,101230.137483,0.0,811.029 um_pwv,990.084 um_pwv,35.0,2.502 K,1.91132
20260210,101231.099448,101231.099448,0.0,813.234 um_pwv,992.775 um_pwv,35.0,2.559 K,1.91653
20260210,101232.055473,101232.055473,0.0,812.492 um_pwv,991.869 um_pwv,35.0,2.543 K,1.91478
20260210,101233.017475,101233.017475,0.0,811.169 um_pwv,990.255 um_pwv,35.0,2.509 K,1.91165
20260210,101233.979188,101233.979188,0.0,812.343 um_pwv,991.688 um_pwv,35.0,2.512 K,1.91442
20260210,101234.937052,101234.937052,0.0,813.515 um_pwv,993.119 um_pwv,35.0,2.443 K,1.91719
20260210,101235.896910,101235.896910,0.0,813.595 um_pwv,993.217 um_pwv,35.0,2.302 K,1.91738
20260210,101236.857763,101236.857763,0.0,813.567 um_pwv,993.182 um_pwv,35.0,2.249 K,1.91732
20260210,101237.823786,101237.823786,0.0,813.696 um_pwv,993.339 um_pwv,35.0,2.009 K,1.91762
20260210,101238.781407,101238.781407,0.0,812.684 um_pwv,992.104 um_pwv,35.0,2.081 K,1.91523
20260210,101239.741116,101239.741116,0.0,812.581 um_pwv,991.978 um_pwv,35.0,2.031 K,1.91499
20260210,101240.696941,101240.696941,0.0,812.122 um_pwv,991.418 um_pwv,35.0,1.858 K,1.91390
20260210,101241.660679,101241.660679,0.0,815.376 um_pwv,995.39 um_pwv,35.0,2.058 K,1.92159
20260210,101242.616828,101242.616828,0.0,815.727 um_pwv,995.818 um_pwv,35.0,1.989 K,1.92242
20260210,101243.576922,101243.576922,0.0,817.944 um_pwv,998.525 um_pwv,35.0,2.137 K,1.92766
20260210,101244.541507,101244.541507,0.0,821.586 um_pwv,1002.97 um_pwv,35.0,2.291 K,1.93627
20260210,101245.497181,101245.497181,0.0,823.474 um_pwv,1005.28 um_pwv,35.0,2.268 K,1.94073
20260210,101246.457288,101246.457288,0.0,825.774 um_pwv,1008.08 um_pwv,35.0,2.315 K,1.94616
20260210,101247.420413,101247.420413,0.0,827.753 um_pwv,1010.5 um_pwv,35.0,2.489 K,1.95084
20260210,101248.378851,101248.378851,0.0,824.653 um_pwv,1006.72 um_pwv,35.0,2.496 K,1.94352
20260210,101249.341739,101249.341739,0.0,824.45 um_pwv,1006.47 um_pwv,35.0,2.435 K,1.94303
20260210,101250.296431,101250.296431,0.0,820.633 um_pwv,1001.81 um_pwv,35.0,2.318 K,1.93402
20260210,101251.260962,101251.260962,0.0,818.077 um_pwv,998.687 um_pwv,35.0,2.152 K,1.92797
20260210,101252.218388,101252.218388,0.0,813.443 um_pwv,993.031 um_pwv,35.0,2.182 K,1.91702
20260210,101253.180250,101253.180250,0.0,811.301 um_pwv,990.416 um_pwv,35.0,2.135 K,1.91196
20260210,101254.141485,101254.141485,0.0,809.709 um_pwv,988.473 um_pwv,35.0,2.058 K,1.90820
20260210,101255.098127,101255.098127,0.0,807.494 um_pwv,985.769 um_pwv,35.0,2.071 K,1.90297
20260210,101256.061409,101256.061409,0.0,807.873 um_pwv,986.231 um_pwv,35.0,2.159 K,1.90386
20260210,101257.018840,101257.018840,0.0,806.717 um_pwv,984.82 um_pwv,35.0,2.103 K,1.90113
20260210,101257.978622,101257.978622,0.0,808.292 um_pwv,986.742 um_pwv,35.0,2.238 K,1.90485
20260210,101258.939792,101258.939792,0.0,809.589 um_pwv,988.326 um_pwv,35.0,2.305 K,1.90792
20260210,101259.898460,101259.898460,0.0,811.189 um_pwv,990.279 um_pwv,35.0,2.467 K,1.91170
20260210,101300.860123,101300.860123,0.0,812.091 um_pwv,991.38 um_pwv,35.0,2.427 K,1.91383
20260210,101301.817849,101301.817849,0.0,813.234 um_pwv,992.775 um_pwv,35.0,2.459 K,1.91653
20260210,101302.777449,101302.777449,0.0,812.563 um_pwv,991.957 um_pwv,35.0,2.45 K,1.91494
20260210,101303.738390,101303.738390,0.0,812.853 um_pwv,992.31 um_pwv,35.0,2.299 K,1.91563
20260210,101304.697356,101304.697356,0.0,813.263 um_pwv,992.81 um_pwv,35.0,2.402 K,1.91660
20260210,101305.661061,101305.661061,0.0,815.034 um_pwv,994.972 um_pwv,35.0,2.311 K,1.92078
20260210,101306.617362,101306.617362,0.0,812.741 um_pwv,992.174 um_pwv,35.0,2.096 K,1.91536
20260210,101307.581586,101307.581586,0.0,813.957 um_pwv,993.658 um_pwv,35.0,2.091 K,1.91824
20260210,101308.537500,101308.537500,0.0,812.813 um_pwv,992.261 um_pwv,35.0,1.963 K,1.91553
20260210,101309.501651,101309.501651,0.0,813.897 um_pwv,993.584 um_pwv,35.0,1.943 K,1.91810
20260210,101310.457292,101310.457292,0.0,813.105 um_pwv,992.618 um_pwv,35.0,1.884 K,1.91622
20260210,101311.417145,101311.417145,0.0,814.319 um_pwv,994.099 um_pwv,35.0,1.908 K,1.91909
20260210,101312.377356,101312.377356,0.0,817.007 um_pwv,997.382 um_pwv,35.0,1.973 K,1.92545
20260210,101313.341562,101313.341562,0.0,819.702 um_pwv,1000.67 um_pwv,35.0,2.208 K,1.93182
20260210,101314.301262,101314.301262,0.0,821.313 um_pwv,1002.64 um_pwv,35.0,2.124 K,1.93562
20260210,101315.260271,101315.260271,0.0,827.12 um_pwv,1009.73 um_pwv,35.0,2.358 K,1.94934
20260210,101316.222115,101316.222115,0.0,827.335 um_pwv,1009.99 um_pwv,35.0,2.452 K,1.94985
20260210,101317.178966,101317.178966,0.0,827.621 um_pwv,1010.34 um_pwv,35.0,2.461 K,1.95053
20260210,101318.137721,101318.137721,0.0,824.581 um_pwv,1006.63 um_pwv,35.0,2.405 K,1.94334
20260210,101319.098358,101319.098358,0.0,823.738 um_pwv,1005.6 um_pwv,35.0,2.384 K,1.94135
20260210,101320.061310,101320.061310,0.0,821.728 um_pwv,1003.14 um_pwv,35.0,2.328 K,1.93660
20260210,101321.021059,101321.021059,0.0,818.469 um_pwv,999.166 um_pwv,35.0,2.291 K,1.92890
20260210,101321.978423,101321.978423,0.0,812.993 um_pwv,992.481 um_pwv,35.0,2.098 K,1.91596
20260210,101322.940237,101322.940237,0.0,809.869 um_pwv,988.668 um_pwv,35.0,2.152 K,1.90858
20260210,101323.901500,101323.901500,0.0,806.777 um_pwv,984.893 um_pwv,35.0,2.072 K,1.90127
20260210,101324.858812,101324.858812,0.0,806.339 um_pwv,984.359 um_pwv,35.0,2.092 K,1.90024
20260210,101325.818816,101325.818816,0.0,805.743 um_pwv,983.63 um_pwv,35.0,2.05 K,1.89883
20260210,101326.778629,101326.778629,0.0,806.797 um_pwv,984.917 um_pwv,35.0,2.164 K,1.90132
20260210,101327.740433,101327.740433,0.0,809.13 um_pwv,987.765 um_pwv,35.0,2.322 K,1.90683
20260210,101328.697778,101328.697778,0.0,808.95 um_pwv,987.546 um_pwv,35.0,2.339 K,1.90641
20260210,101329.658543,101329.658543,0.0,809.29 um_pwv,987.96 um_pwv,35.0,2.372 K,1.90721
20260210,101330.619327,101330.619327,0.0,812.151 um_pwv,991.453 um_pwv,35.0,2.512 K,1.91397
20260210,101331.579169,101331.579169,0.0,813.435 um_pwv,993.02 um_pwv,35.0,2.449 K,1.91700
20260210,101332.537602,101332.537602,0.0,813.274 um_pwv,992.824 um_pwv,35.0,2.592 K,1.91662
20260210,101333.499878,101333.499878,0.0,811.73 um_pwv,990.94 um_pwv,35.0,2.333 K,1.91298
20260210,101334.460184,101334.460184,0.0,813.816 um_pwv,993.486 um_pwv,35.0,2.455 K,1.91791
20260210,101335.417649,101335.417649,0.0,813.426 um_pwv,993.01 um_pwv,35.0,2.173 K,1.91698
20260210,101336.378895,101336.378895,0.0,812.443 um_pwv,991.81 um_pwv,35.0,2.048 K,1.91466
20260210,101337.336120,101337.336120,0.0,812.042 um_pwv,991.32 um_pwv,35.0,2.005 K,1.91371
20260210,101338.301708,101338.301708,0.0,813.062 um_pwv,992.565 um_pwv,35.0,1.967 K,1.91612
20260210,101339.255866,101339.255866,0.0,811.501 um_pwv,990.66 um_pwv,35.0,1.923 K,1.91243
20260210,101340.221615,101340.221615,0.0,813.828 um_pwv,993.5 um_pwv,35.0,1.944 K,1.91793
20260210,101341.181486,101341.181486,0.0,815.123 um_pwv,995.081 um_pwv,35.0,1.986 K,1.92099
20260210,101342.138497,101342.138497,0.0,816.693 um_pwv,996.999 um_pwv,35.0,2.126 K,1.92470
20260210,101343.098135,101343.098135,0.0,820.492 um_pwv,1001.64 um_pwv,35.0,2.115 K,1.93368
20260210,101344.059056,101344.059056,0.0,821.363 um_pwv,1002.7 um_pwv,35.0,2.181 K,1.93574
20260210,101345.021529,101345.021529,0.0,824.429 um_pwv,1006.44 um_pwv,35.0,2.365 K,1.94299
20260210,101345.977411,101345.977411,0.0,825.744 um_pwv,1008.05 um_pwv,35.0,2.334 K,1.94609
20260210,101346.942355,101346.942355,0.0,825.692 um_pwv,1007.98 um_pwv,35.0,2.394 K,1.94597
20260210,101347.898531,101347.898531,0.0,825.672 um_pwv,1007.96 um_pwv,35.0,2.524 K,1.94592
20260210,101348.860552,101348.860552,0.0,822.142 um_pwv,1003.65 um_pwv,35.0,2.306 K,1.93758
20260210,101349.817788,101349.817788,0.0,820.957 um_pwv,1002.2 um_pwv,35.0,2.338 K,1.93478
20260210,101350.777951,101350.777951,0.0,814.772 um_pwv,994.653 um_pwv,35.0,2.26 K,1.92016
20260210,101351.740641,101351.740641,0.0,810.878 um_pwv,989.899 um_pwv,35.0,2.116 K,1.91096
20260210,101352.700206,101352.700206,0.0,809.361 um_pwv,988.048 um_pwv,35.0,2.075 K,1.90738
20260210,101353.660967,101353.660967,0.0,806.937 um_pwv,985.088 um_pwv,35.0,2.113 K,1.90165
20260210,101354.622603,101354.622603,0.0,806.331 um_pwv,984.348 um_pwv,35.0,2.141 K,1.90022
20260210,101355.584666,101355.584666,0.0,805.166 um_pwv,982.926 um_pwv,35.0,2.071 K,1.89746
20260210,101356.536496,101356.536496,0.0,806.26 um_pwv,984.261 um_pwv,35.0,2.195 K,1.90005
20260210,101357.500119,101357.500119,0.0,809.11 um_pwv,987.741 um_pwv,35.0,2.31 K,1.90678
20260210,101358.461338,101358.461338,0.0,808.999 um_pwv,987.605 um_pwv,35.0,2.411 K,1.90652
20260210,101359.417421,101359.417421,0.0,812.131 um_pwv,991.429 um_pwv,35.0,2.402 K,1.91392
20260210,101400.380063,101400.380063,0.0,811.521 um_pwv,990.685 um_pwv,35.0,2.503 K,1.91248
20260210,101401.341550,101401.341550,0.0,813.403 um_pwv,992.982 um_pwv,35.0,2.577 K,1.91693
20260210,101402.301935,101402.301935,0.0,813.575 um_pwv,993.192 um_pwv,35.0,2.573 K,1.91734
20260210,101403.261810,101403.261810,0.0,812.922 um_pwv,992.394 um_pwv,35.0,2.426 K,1.91579
20260210,101404.221826,101404.221826,0.0,812.363 um_pwv,991.712 um_pwv,35.0,2.359 K,1.91447
20260210,101405.178379,101405.178379,0.0,813.977 um_pwv,993.682 um_pwv,35.0,2.327 K,1.91829
20260210,101406.140838,101406.140838,0.0,813.202 um_pwv,992.737 um_pwv,35.0,2.159 K,1.91646
20260210,101407.098567,101407.098567,0.0,812.684 um_pwv,992.104 um_pwv,35.0,1.948 K,1.91523
20260210,101408.062241,101408.062241,0.0,812.059 um_pwv,991.341 um_pwv,35.0,1.923 K,1.91375
20260210,101409.020157,101409.020157,0.0,813.676 um_pwv,993.315 um_pwv,35.0,1.969 K,1.91757
20260210,101409.982296,101409.982296,0.0,814.962 um_pwv,994.885 um_pwv,35.0,1.989 K,1.92061
20260210,101410.941392,101410.941392,0.0,816.754 um_pwv,997.072 um_pwv,35.0,2.088 K,1.92485
20260210,101411.901189,101411.901189,0.0,816.976 um_pwv,997.343 um_pwv,35.0,2.024 K,1.92537
20260210,101412.858083,101412.858083,0.0,820.026 um_pwv,1001.07 um_pwv,35.0,2.147 K,1.93258
20260210,101413.822937,101413.822937,0.0,823.433 um_pwv,1005.23 um_pwv,35.0,2.243 K,1.94063
20260210,101414.778419,101414.778419,0.0,824.837 um_pwv,1006.94 um_pwv,35.0,2.365 K,1.94395
20260210,101415.742107,101415.742107,0.0,826.1 um_pwv,1008.48 um_pwv,35.0,2.452 K,1.94693
20260210,101416.697890,101416.697890,0.0,825.826 um_pwv,1008.15 um_pwv,35.0,2.4 K,1.94629
20260210,101417.662793,101417.662793,0.0,825.314 um_pwv,1007.52 um_pwv,35.0,2.482 K,1.94508
20260210,101418.620092,101418.620092,0.0,823.575 um_pwv,1005.4 um_pwv,35.0,2.525 K,1.94097
20260210,101419.582977,101419.582977,0.0,820.532 um_pwv,1001.68 um_pwv,35.0,2.302 K,1.93378
20260210,101420.538944,101420.538944,0.0,815.094 um_pwv,995.046 um_pwv,35.0,2.191 K,1.92093
20260210,101421.501635,101421.501635,0.0,811.61 um_pwv,990.793 um_pwv,35.0,2.288 K,1.91269
20260210,101422.458147,101422.458147,0.0,810.161 um_pwv,989.023 um_pwv,35.0,2.187 K,1.90927
20260210,101423.419068,101423.419068,0.0,804.621 um_pwv,982.261 um_pwv,35.0,2.099 K,1.89618
20260210,101424.380910,101424.380910,0.0,807.793 um_pwv,986.134 um_pwv,35.0,2.233 K,1.90367
20260210,101425.341548,101425.341548,0.0,806.391 um_pwv,984.421 um_pwv,35.0,2.214 K,1.90036
20260210,101426.297622,101426.297622,0.0,805.671 um_pwv,983.543 um_pwv,35.0,2.114 K,1.89866
20260210,101427.260197,101427.260197,0.0,806.678 um_pwv,984.772 um_pwv,35.0,2.231 K,1.90104
20260210,101428.223037,101428.223037,0.0,811.85 um_pwv,991.086 um_pwv,35.0,2.491 K,1.91326
20260210,101429.180416,101429.180416,0.0,812.351 um_pwv,991.698 um_pwv,35.0,2.56 K,1.91444
20260210,101430.140062,101430.140062,0.0,812.732 um_pwv,992.163 um_pwv,35.0,2.545 K,1.91534
20260210,101431.098045,101431.098045,0.0,814.841 um_pwv,994.737 um_pwv,35.0,2.576 K,1.92033
20260210,101432.058978,101432.058978,0.0,814.347 um_pwv,994.134 um_pwv,35.0,2.49 K,1.91916
20260210,101433.022395,101433.022395,0.0,813.406 um_pwv,992.985 um_pwv,35.0,2.434 K,1.91694
20260210,101433.978072,101433.978072,0.0,814.077 um_pwv,993.805 um_pwv,35.0,2.43 K,1.91852
20260210,101434.940554,101434.940554,0.0,813.627 um_pwv,993.255 um_pwv,35.0,2.246 K,1.91746
20260210,101435.900526,101435.900526,0.0,812.331 um_pwv,991.674 um_pwv,35.0,2.156 K,1.91440
20260210,101436.858509,101436.858509,0.0,812.492 um_pwv,991.869 um_pwv,35.0,1.999 K,1.91478
20260210,101437.820780,101437.820780,0.0,812.664 um_pwv,992.079 um_pwv,35.0,1.994 K,1.91518
20260210,101438.778393,101438.778393,0.0,813.274 um_pwv,992.824 um_pwv,35.0,1.879 K,1.91662
20260210,101439.741538,101439.741538,0.0,814.39 um_pwv,994.187 um_pwv,35.0,1.907 K,1.91926
20260210,101440.700049,101440.700049,0.0,816.673 um_pwv,996.974 um_pwv,35.0,2.028 K,1.92466
20260210,101441.660814,101441.660814,0.0,819.318 um_pwv,1000.2 um_pwv,35.0,2.04 K,1.93091
20260210,101442.622035,101442.622035,0.0,823.047 um_pwv,1004.75 um_pwv,35.0,2.201 K,1.93972
20260210,101443.579318,101443.579318,0.0,824.988 um_pwv,1007.12 um_pwv,35.0,2.344 K,1.94431
20260210,101444.542543,101444.542543,0.0,824.97 um_pwv,1007.1 um_pwv,35.0,2.314 K,1.94426
20260210,101445.499999,101445.499999,0.0,826.732 um_pwv,1009.25 um_pwv,35.0,2.461 K,1.94843
20260210,101446.459962,101446.459962,0.0,827.335 um_pwv,1009.99 um_pwv,35.0,2.52 K,1.94985
20260210,101447.420464,101447.420464,0.0,825.04 um_pwv,1007.19 um_pwv,35.0,2.408 K,1.94443
20260210,101448.377658,101448.377658,0.0,823.433 um_pwv,1005.23 um_pwv,35.0,2.371 K,1.94063
20260210,101449.340084,101449.340084,0.0,818.198 um_pwv,998.835 um_pwv,35.0,2.32 K,1.92826
20260210,101450.302712,101450.302712,0.0,815.666 um_pwv,995.745 um_pwv,35.0,2.233 K,1.92228
20260210,101451.260387,101451.260387,0.0,811.181 um_pwv,990.269 um_pwv,35.0,2.194 K,1.91168
20260210,101452.221333,101452.221333,0.0,810.529 um_pwv,989.473 um_pwv,35.0,2.122 K,1.91014
20260210,101453.179422,101453.179422,0.0,805.385 um_pwv,983.193 um_pwv,35.0,2.132 K,1.89798
20260210,101454.137066,101454.137066,0.0,807.554 um_pwv,985.842 um_pwv,35.0,2.166 K,1.90311
20260210,101455.099959,101455.099959,0.0,806.547 um_pwv,984.612 um_pwv,35.0,2.199 K,1.90073
20260210,101456.061724,101456.061724,0.0,807.813 um_pwv,986.158 um_pwv,35.0,2.19 K,1.90372
20260210,101457.023130,101457.023130,0.0,809.53 um_pwv,988.253 um_pwv,35.0,2.33 K,1.90778
20260210,101457.983815,101457.983815,0.0,809.301 um_pwv,987.974 um_pwv,35.0,2.412 K,1.90724
20260210,101458.940032,101458.940032,0.0,812.472 um_pwv,991.845 um_pwv,35.0,2.534 K,1.91473
20260210,101459.896518,101459.896518,0.0,813.243 um_pwv,992.786 um_pwv,35.0,2.514 K,1.91655
20260210,101500.863123,101500.863123,0.0,814.419 um_pwv,994.222 um_pwv,35.0,2.568 K,1.91933
20260210,101501.819874,101501.819874,0.0,814.077 um_pwv,993.805 um_pwv,35.0,2.501 K,1.91852
20260210,101502.780266,101502.780266,0.0,813.082 um_pwv,992.59 um_pwv,35.0,2.41 K,1.91617
20260210,101503.741313,101503.741313,0.0,813.446 um_pwv,993.034 um_pwv,35.0,2.332 K,1.91703
20260210,101504.702765,101504.702765,0.0,815.433 um_pwv,995.46 um_pwv,35.0,2.238 K,1.92173
20260210,101505.661528,101505.661528,0.0,813.696 um_pwv,993.339 um_pwv,35.0,2.033 K,1.91762
20260210,101506.618588,101506.618588,0.0,814.499 um_pwv,994.32 um_pwv,35.0,2.015 K,1.91952
20260210,101507.581622,101507.581622,0.0,812.251 um_pwv,991.576 um_pwv,35.0,2.021 K,1.91421
20260210,101508.540940,101508.540940,0.0,813.403 um_pwv,992.982 um_pwv,35.0,1.884 K,1.91693
20260210,101509.502072,101509.502072,0.0,816.351 um_pwv,996.58 um_pwv,35.0,2.006 K,1.92390
20260210,101510.463221,101510.463221,0.0,817.157 um_pwv,997.565 um_pwv,35.0,2.076 K,1.92580
20260210,101511.420179,101511.420179,0.0,819.327 um_pwv,1000.21 um_pwv,35.0,1.979 K,1.93093
20260210,101512.378645,101512.378645,0.0,822.458 um_pwv,1004.04 um_pwv,35.0,2.139 K,1.93833
20260210,101513.341480,101513.341480,0.0,825.468 um_pwv,1007.71 um_pwv,35.0,2.245 K,1.94544
20260210,101514.300267,101514.300267,0.0,827.19 um_pwv,1009.81 um_pwv,35.0,2.465 K,1.94951
20260210,101515.259451,101515.259451,0.0,826.059 um_pwv,1008.43 um_pwv,35.0,2.46 K,1.94684
20260210,101516.218579,101516.218579,0.0,826.365 um_pwv,1008.81 um_pwv,35.0,2.399 K,1.94756
20260210,101517.181741,101517.181741,0.0,826.895 um_pwv,1009.45 um_pwv,35.0,2.466 K,1.94881
20260210,101518.144334,101518.144334,0.0,824.319 um_pwv,1006.31 um_pwv,35.0,2.545 K,1.94273
20260210,101519.098529,101519.098529,0.0,820.318 um_pwv,1001.42 um_pwv,35.0,2.292 K,1.93327
20260210,101520.060075,101520.060075,0.0,814.991 um_pwv,994.92 um_pwv,35.0,2.235 K,1.92068
20260210,101521.020457,101521.020457,0.0,813.214 um_pwv,992.751 um_pwv,35.0,2.266 K,1.91648
20260210,101521.983008,101521.983008,0.0,809.079 um_pwv,987.703 um_pwv,35.0,2.136 K,1.90671
20260210,101522.941978,101522.941978,0.0,805.922 um_pwv,983.849 um_pwv,35.0,2.059 K,1.89925
20260210,101523.900442,101523.900442,0.0,807.036 um_pwv,985.209 um_pwv,35.0,2.093 K,1.90188
20260210,101524.863553,101524.863553,0.0,805.674 um_pwv,983.547 um_pwv,35.0,2.14 K,1.89867
20260210,101525.820796,101525.820796,0.0,807.714 um_pwv,986.036 um_pwv,35.0,2.276 K,1.90348
20260210,101526.783424,101526.783424,0.0,807.144 um_pwv,985.341 um_pwv,35.0,2.301 K,1.90214
20260210,101527.739062,101527.739062,0.0,811.149 um_pwv,990.231 um_pwv,35.0,2.428 K,1.91160
20260210,101528.703234,101528.703234,0.0,812.712 um_pwv,992.139 um_pwv,35.0,2.576 K,1.91530
20260210,101529.658888,101529.658888,0.0,812.243 um_pwv,991.565 um_pwv,35.0,2.462 K,1.91419
20260210,101530.620319,101530.620319,0.0,814.359 um_pwv,994.148 um_pwv,35.0,2.606 K,1.91919
20260210,101531.578953,101531.578953,0.0,813.816 um_pwv,993.486 um_pwv,35.0,2.59 K,1.91791
20260210,101532.540217,101532.540217,0.0,813.687 um_pwv,993.329 um_pwv,35.0,2.438 K,1.91760
20260210,101533.502218,101533.502218,0.0,815.675 um_pwv,995.755 um_pwv,35.0,2.336 K,1.92230
20260210,101534.463370,101534.463370,0.0,815.574 um_pwv,995.632 um_pwv,35.0,2.154 K,1.92206
20260210,101535.423723,101535.423723,0.0,814.812 um_pwv,994.702 um_pwv,35.0,2.034 K,1.92026
20260210,101536.383242,101536.383242,0.0,814.7 um_pwv,994.566 um_pwv,35.0,1.984 K,1.92000
20260210,101537.343761,101537.343761,0.0,814.58 um_pwv,994.418 um_pwv,35.0,1.957 K,1.91971
20260210,101538.298564,101538.298564,0.0,815.545 um_pwv,995.597 um_pwv,35.0,1.887 K,1.92199
20260210,101539.259441,101539.259441,0.0,816.431 um_pwv,996.679 um_pwv,35.0,1.948 K,1.92409
20260210,101540.224807,101540.224807,0.0,819.884 um_pwv,1000.89 um_pwv,35.0,1.964 K,1.93225
20260210,101541.182904,101541.182904,0.0,821.838 um_pwv,1003.28 um_pwv,35.0,2.104 K,1.93686
20260210,101542.141299,101542.141299,0.0,824.226 um_pwv,1006.19 um_pwv,35.0,2.128 K,1.94251
20260210,101543.102220,101543.102220,0.0,828.284 um_pwv,1011.15 um_pwv,35.0,2.351 K,1.95210
20260210,101544.063684,101544.063684,0.0,826.752 um_pwv,1009.28 um_pwv,35.0,2.462 K,1.94848
20260210,101545.019712,101545.019712,0.0,825.875 um_pwv,1008.21 um_pwv,35.0,2.323 K,1.94640
20260210,101545.979909,101545.979909,0.0,827.152 um_pwv,1009.77 um_pwv,35.0,2.452 K,1.94942
20260210,101546.940707,101546.940707,0.0,826.161 um_pwv,1008.56 um_pwv,35.0,2.441 K,1.94708
20260210,101547.900786,101547.900786,0.0,823.241 um_pwv,1004.99 um_pwv,35.0,2.468 K,1.94018
20260210,101548.863499,101548.863499,0.0,819.306 um_pwv,1000.19 um_pwv,35.0,2.349 K,1.93088
20260210,101549.819902,101549.819902,0.0,815.517 um_pwv,995.562 um_pwv,35.0,2.248 K,1.92192
20260210,101550.783513,101550.783513,0.0,810.741 um_pwv,989.732 um_pwv,35.0,2.159 K,1.91064
20260210,101551.739563,101551.739563,0.0,808.204 um_pwv,986.634 um_pwv,35.0,2.093 K,1.90464
20260210,101552.702293,101552.702293,0.0,807.901 um_pwv,986.266 um_pwv,35.0,2.061 K,1.90393
20260210,101553.663310,101553.663310,0.0,807.156 um_pwv,985.355 um_pwv,35.0,2.126 K,1.90217
20260210,101554.619736,101554.619736,0.0,805.822 um_pwv,983.727 um_pwv,35.0,2.149 K,1.89901
20260210,101555.581085,101555.581085,0.0,807.873 um_pwv,986.231 um_pwv,35.0,2.271 K,1.90386
20260210,101556.539589,101556.539589,0.0,807.116 um_pwv,985.306 um_pwv,35.0,2.288 K,1.90207
20260210,101557.499905,101557.499905,0.0,810.498 um_pwv,989.435 um_pwv,35.0,2.383 K,1.91006
20260210,101558.460106,101558.460106,0.0,813.836 um_pwv,993.511 um_pwv,35.0,2.472 K,1.91795
20260210,101559.418531,101559.418531,0.0,816.149 um_pwv,996.334 um_pwv,35.0,2.604 K,1.92342
20260210,101600.379098,101600.379098,0.0,814.508 um_pwv,994.331 um_pwv,35.0,2.431 K,1.91954
20260210,101601.340517,101601.340517,0.0,815.364 um_pwv,995.376 um_pwv,35.0,2.524 K,1.92156
20260210,101602.302485,101602.302485,0.0,815.022 um_pwv,994.958 um_pwv,35.0,2.465 K,1.92076
20260210,101603.262226,101603.262226,0.0,816.564 um_pwv,996.84 um_pwv,35.0,2.247 K,1.92440
20260210,101604.219327,101604.219327,0.0,816.351 um_pwv,996.58 um_pwv,35.0,2.177 K,1.92390
20260210,101605.181158,101605.181158,0.0,816.512 um_pwv,996.777 um_pwv,35.0,2.056 K,1.92428
20260210,101606.141762,101606.141762,0.0,817.177 um_pwv,997.589 um_pwv,35.0,1.998 K,1.92585
20260210,101607.101140,101607.101140,0.0,814.499 um_pwv,994.32 um_pwv,35.0,1.969 K,1.91952
20260210,101608.062350,101608.062350,0.0,816.319 um_pwv,996.542 um_pwv,35.0,2.016 K,1.92382
20260210,101609.018216,101609.018216,0.0,817.48 um_pwv,997.959 um_pwv,35.0,1.969 K,1.92656
20260210,101609.980711,101609.980711,0.0,820.006 um_pwv,1001.04 um_pwv,35.0,2.013 K,1.93253
20260210,101610.942391,101610.942391,0.0,822.397 um_pwv,1003.96 um_pwv,35.0,2.147 K,1.93818
20260210,101611.901123,101611.901123,0.0,826.446 um_pwv,1008.9 um_pwv,35.0,2.203 K,1.94775
20260210,101612.862311,101612.862311,0.0,828.232 um_pwv,1011.08 um_pwv,35.0,2.348 K,1.95197
20260210,101613.821542,101613.821542,0.0,827.14 um_pwv,1009.75 um_pwv,35.0,2.428 K,1.94939
20260210,101614.782298,101614.782298,0.0,829.307 um_pwv,1012.4 um_pwv,35.0,2.522 K,1.95451
20260210,101615.740152,101615.740152,0.0,828.141 um_pwv,1010.97 um_pwv,35.0,2.433 K,1.95176
20260210,101616.699484,101616.699484,0.0,824.4 um_pwv,1006.41 um_pwv,35.0,2.412 K,1.94292
20260210,101617.657757,101617.657757,0.0,822.803 um_pwv,1004.46 um_pwv,35.0,2.278 K,1.93914
20260210,101618.619194,101618.619194,0.0,819.015 um_pwv,999.832 um_pwv,35.0,2.316 K,1.93019
20260210,101619.579144,101619.579144,0.0,813.937 um_pwv,993.633 um_pwv,35.0,2.242 K,1.91819
20260210,101620.542808,101620.542808,0.0,811.089 um_pwv,990.157 um_pwv,35.0,2.173 K,1.91146
20260210,101621.502576,101621.502576,0.0,808.871 um_pwv,987.449 um_pwv,35.0,2.165 K,1.90622
20260210,101622.462290,101622.462290,0.0,806.01 um_pwv,983.956 um_pwv,35.0,2.026 K,1.89946
20260210,101623.421467,101623.421467,0.0,805.007 um_pwv,982.732 um_pwv,35.0,2.09 K,1.89709
20260210,101624.383768,101624.383768,0.0,805.822 um_pwv,983.727 um_pwv,35.0,2.166 K,1.89901
20260210,101625.343858,101625.343858,0.0,805.583 um_pwv,983.436 um_pwv,35.0,2.234 K,1.89845
20260210,101626.299709,101626.299709,0.0,807.415 um_pwv,985.671 um_pwv,35.0,2.385 K,1.90278
20260210,101627.261918,101627.261918,0.0,811.79 um_pwv,991.013 um_pwv,35.0,2.452 K,1.91312
20260210,101628.223738,101628.223738,0.0,813.326 um_pwv,992.887 um_pwv,35.0,2.467 K,1.91675
20260210,101629.181481,101629.181481,0.0,813.395 um_pwv,992.971 um_pwv,35.0,2.437 K,1.91691
20260210,101630.144084,101630.144084,0.0,814.568 um_pwv,994.404 um_pwv,35.0,2.455 K,1.91968
20260210,101631.100362,101631.100362,0.0,813.415 um_pwv,992.996 um_pwv,35.0,2.408 K,1.91696
20260210,101632.063074,101632.063074,0.0,815.456 um_pwv,995.488 um_pwv,35.0,2.377 K,1.92178
20260210,101633.018704,101633.018704,0.0,816.904 um_pwv,997.255 um_pwv,35.0,2.235 K,1.92520
20260210,101633.981758,101633.981758,0.0,815.163 um_pwv,995.13 um_pwv,35.0,2.087 K,1.92109
20260210,101634.944344,101634.944344,0.0,815.698 um_pwv,995.783 um_pwv,35.0,2.055 K,1.92235
20260210,101635.900623,101635.900623,0.0,814.029 um_pwv,993.745 um_pwv,35.0,1.848 K,1.91841
20260210,101636.861431,101636.861431,0.0,815.908 um_pwv,996.039 um_pwv,35.0,1.929 K,1.92285
20260210,101637.824671,101637.824671,0.0,817.128 um_pwv,997.529 um_pwv,35.0,1.851 K,1.92573
20260210,101638.782730,101638.782730,0.0,819.459 um_pwv,1000.38 um_pwv,35.0,1.948 K,1.93124
20260210,101639.744205,101639.744205,0.0,821.363 um_pwv,1002.7 um_pwv,35.0,1.962 K,1.93574
20260210,101640.704510,101640.704510,0.0,824.267 um_pwv,1006.24 um_pwv,35.0,2.22 K,1.94260
20260210,101641.659953,101641.659953,0.0,826.213 um_pwv,1008.62 um_pwv,35.0,2.249 K,1.94720
20260210,101642.621235,101642.621235,0.0,829.205 um_pwv,1012.27 um_pwv,35.0,2.367 K,1.95427
20260210,101643.582637,101643.582637,0.0,827.344 um_pwv,1010 um_pwv,35.0,2.405 K,1.94987
20260210,101644.540111,101644.540111,0.0,828.345 um_pwv,1011.22 um_pwv,35.0,2.459 K,1.95224
20260210,101645.501723,101645.501723,0.0,826.548 um_pwv,1009.03 um_pwv,35.0,2.444 K,1.94799
20260210,101646.460318,101646.460318,0.0,824.522 um_pwv,1006.56 um_pwv,35.0,2.427 K,1.94321
20260210,101647.422156,101647.422156,0.0,821.586 um_pwv,1002.97 um_pwv,35.0,2.3 K,1.93627
20260210,101648.379985,101648.379985,0.0,817.561 um_pwv,998.057 um_pwv,35.0,2.272 K,1.92675
20260210,101649.340691,101649.340691,0.0,815.284 um_pwv,995.278 um_pwv,35.0,2.293 K,1.92137
20260210,101650.300888,101650.300888,0.0,809.398 um_pwv,988.093 um_pwv,35.0,2.068 K,1.90746
20260210,101651.261507,101651.261507,0.0,807.534 um_pwv,985.817 um_pwv,35.0,2.076 K,1.90306
20260210,101652.220520,101652.220520,0.0,804.681 um_pwv,982.334 um_pwv,35.0,2.063 K,1.89632
20260210,101653.182137,101653.182137,0.0,804.423 um_pwv,982.019 um_pwv,35.0,2.018 K,1.89571
20260210,101654.142255,101654.142255,0.0,804.372 um_pwv,981.957 um_pwv,35.0,2.151 K,1.89559
20260210,101655.102140,101655.102140,0.0,806.021 um_pwv,983.97 um_pwv,35.0,2.245 K,1.89948
20260210,101656.062739,101656.062739,0.0,808.132 um_pwv,986.547 um_pwv,35.0,2.244 K,1.90447
20260210,101657.021182,101657.021182,0.0,810.529 um_pwv,989.473 um_pwv,35.0,2.385 K,1.91014
20260210,101657.983518,101657.983518,0.0,813.294 um_pwv,992.849 um_pwv,35.0,2.496 K,1.91667
20260210,101658.941118,101658.941118,0.0,816.601 um_pwv,996.886 um_pwv,35.0,2.486 K,1.92449
20260210,101659.903192,101659.903192,0.0,815.698 um_pwv,995.783 um_pwv,35.0,2.56 K,1.92235
20260210,101700.865046,101700.865046,0.0,816.48 um_pwv,996.739 um_pwv,35.0,2.4 K,1.92420
20260210,101701.824426,101701.824426,0.0,816.924 um_pwv,997.28 um_pwv,35.0,2.358 K,1.92525
20260210,101702.780770,101702.780770,0.0,817.408 um_pwv,997.871 um_pwv,35.0,2.192 K,1.92639
20260210,101703.741355,101703.741355,0.0,817.186 um_pwv,997.6 um_pwv,35.0,2.148 K,1.92587
20260210,101704.702667,101704.702667,0.0,816.826 um_pwv,997.16 um_pwv,35.0,2.102 K,1.92502
20260210,101705.658502,101705.658502,0.0,814.35 um_pwv,994.138 um_pwv,35.0,1.896 K,1.91917
20260210,101706.620639,101706.620639,0.0,815.465 um_pwv,995.499 um_pwv,35.0,1.91 K,1.92180
20260210,101707.584056,101707.584056,0.0,816.362 um_pwv,996.594 um_pwv,35.0,1.859 K,1.92392
20260210,101708.540546,101708.540546,0.0,819.439 um_pwv,1000.35 um_pwv,35.0,1.909 K,1.93119
20260210,101709.502512,101709.502512,0.0,822.693 um_pwv,1004.32 um_pwv,35.0,2.063 K,1.93888
20260210,101710.460047,101710.460047,0.0,824.807 um_pwv,1006.9 um_pwv,35.0,2.146 K,1.94388
20260210,101711.425924,101711.425924,0.0,825.622 um_pwv,1007.9 um_pwv,35.0,2.165 K,1.94580
20260210,101712.380417,101712.380417,0.0,828.611 um_pwv,1011.55 um_pwv,35.0,2.345 K,1.95287
20260210,101713.344178,101713.344178,0.0,828.579 um_pwv,1011.51 um_pwv,35.0,2.4 K,1.95279
20260210,101714.300290,101714.300290,0.0,827.957 um_pwv,1010.75 um_pwv,35.0,2.407 K,1.95132
20260210,101715.262209,101715.262209,0.0,826.14 um_pwv,1008.53 um_pwv,35.0,2.349 K,1.94703
20260210,101716.223267,101716.223267,0.0,822.316 um_pwv,1003.86 um_pwv,35.0,2.302 K,1.93799
20260210,101717.180235,101717.180235,0.0,819.318 um_pwv,1000.2 um_pwv,35.0,2.283 K,1.93091
20260210,101718.145140,101718.145140,0.0,816.613 um_pwv,996.9 um_pwv,35.0,2.288 K,1.92451
20260210,101719.100564,101719.100564,0.0,813.747 um_pwv,993.402 um_pwv,35.0,2.111 K,1.91774
20260210,101720.065615,101720.065615,0.0,810.718 um_pwv,989.704 um_pwv,35.0,2.156 K,1.91058
20260210,101721.021275,101721.021275,0.0,807.275 um_pwv,985.501 um_pwv,35.0,2.169 K,1.90245
20260210,101721.983031,101721.983031,0.0,805.337 um_pwv,983.134 um_pwv,35.0,2.051 K,1.89787
20260210,101722.942442,101722.942442,0.0,804.431 um_pwv,982.029 um_pwv,35.0,2.184 K,1.89573
20260210,101723.903115,101723.903115,0.0,807.005 um_pwv,985.171 um_pwv,35.0,2.193 K,1.90181
20260210,101724.860792,101724.860792,0.0,807.714 um_pwv,986.036 um_pwv,35.0,2.323 K,1.90348
20260210,101725.821611,101725.821611,0.0,810.358 um_pwv,989.264 um_pwv,35.0,2.42 K,1.90973
20260210,101726.783366,101726.783366,0.0,813.346 um_pwv,992.912 um_pwv,35.0,2.47 K,1.91679
20260210,101727.740364,101727.740364,0.0,813.234 um_pwv,992.775 um_pwv,35.0,2.493 K,1.91653
20260210,101728.700548,101728.700548,0.0,813.716 um_pwv,993.364 um_pwv,35.0,2.537 K,1.91767
20260210,101729.662181,101729.662181,0.0,814.029 um_pwv,993.745 um_pwv,35.0,2.486 K,1.91841
20260210,101730.624434,101730.624434,0.0,816.371 um_pwv,996.605 um_pwv,35.0,2.486 K,1.92394
20260210,101731.584259,101731.584259,0.0,815.376 um_pwv,995.39 um_pwv,35.0,2.306 K,1.92159
20260210,101732.541242,101732.541242,0.0,816.814 um_pwv,997.146 um_pwv,35.0,2.191 K,1.92499
20260210,101733.501274,101733.501274,0.0,816.008 um_pwv,996.162 um_pwv,35.0,2.114 K,1.92309
20260210,101734.462581,101734.462581,0.0,817.177 um_pwv,997.589 um_pwv,35.0,2.03 K,1.92585
20260210,101735.420685,101735.420685,0.0,814.479 um_pwv,994.296 um_pwv,35.0,1.854 K,1.91947
20260210,101736.386075,101736.386075,0.0,814.52 um_pwv,994.345 um_pwv,35.0,1.854 K,1.91957
20260210,101737.341049,101737.341049,0.0,818.308 um_pwv,998.969 um_pwv,35.0,1.939 K,1.92852
20260210,101738.302472,101738.302472,0.0,819.5 um_pwv,1000.42 um_pwv,35.0,1.967 K,1.93134
20260210,101739.263876,101739.263876,0.0,824.215 um_pwv,1006.18 um_pwv,35.0,2.018 K,1.94248
20260210,101740.223693,101740.223693,0.0,825.957 um_pwv,1008.31 um_pwv,35.0,2.117 K,1.94660
20260210,101741.179657,101741.179657,0.0,827.027 um_pwv,1009.61 um_pwv,35.0,2.23 K,1.94912
20260210,101742.143441,101742.143441,0.0,827.957 um_pwv,1010.75 um_pwv,35.0,2.283 K,1.95132
20260210,101743.103414,101743.103414,0.0,827.047 um_pwv,1009.64 um_pwv,35.0,2.375 K,1.94917
20260210,101744.063315,101744.063315,0.0,826.476 um_pwv,1008.94 um_pwv,35.0,2.43 K,1.94782
20260210,101745.023444,101745.023444,0.0,825.468 um_pwv,1007.71 um_pwv,35.0,2.352 K,1.94544
20260210,101745.983809,101745.983809,0.0,823.352 um_pwv,1005.13 um_pwv,35.0,2.361 K,1.94044
20260210,101746.942518,101746.942518,0.0,819.087 um_pwv,999.92 um_pwv,35.0,2.289 K,1.93036
20260210,101747.902518,101747.902518,0.0,816.44 um_pwv,996.689 um_pwv,35.0,2.141 K,1.92411
20260210,101748.862207,101748.862207,0.0,813.506 um_pwv,993.108 um_pwv,35.0,2.098 K,1.91717
20260210,101749.825428,101749.825428,0.0,807.355 um_pwv,985.598 um_pwv,35.0,2.004 K,1.90264
20260210,101750.780869,101750.780869,0.0,805.277 um_pwv,983.062 um_pwv,35.0,2.057 K,1.89773
20260210,101751.742547,101751.742547,0.0,804.737 um_pwv,982.403 um_pwv,35.0,2.151 K,1.89645
20260210,101752.704785,101752.704785,0.0,804.145 um_pwv,981.68 um_pwv,35.0,2.035 K,1.89505
20260210,101753.664766,101753.664766,0.0,804.383 um_pwv,981.971 um_pwv,35.0,2.103 K,1.89561
20260210,101754.620731,101754.620731,0.0,806.041 um_pwv,983.994 um_pwv,35.0,2.199 K,1.89953
20260210,101755.581800,101755.581800,0.0,810.498 um_pwv,989.435 um_pwv,35.0,2.415 K,1.91006
20260210,101756.540667,101756.540667,0.0,813.524 um_pwv,993.129 um_pwv,35.0,2.472 K,1.91721
20260210,101757.504256,101757.504256,0.0,814.049 um_pwv,993.77 um_pwv,35.0,2.47 K,1.91845
20260210,101758.464929,101758.464929,0.0,813.937 um_pwv,993.633 um_pwv,35.0,2.48 K,1.91819
20260210,101759.421907,101759.421907,0.0,816 um_pwv,996.152 um_pwv,35.0,2.423 K,1.92307
20260210,101800.381156,101800.381156,0.0,816.029 um_pwv,996.187 um_pwv,35.0,2.397 K,1.92313
20260210,101801.343940,101801.343940,0.0,818.296 um_pwv,998.955 um_pwv,35.0,2.284 K,1.92849
20260210,101802.305353,101802.305353,0.0,816.915 um_pwv,997.269 um_pwv,35.0,2.173 K,1.92523
20260210,101803.262213,101803.262213,0.0,814.991 um_pwv,994.92 um_pwv,35.0,1.984 K,1.92068
20260210,101804.219218,101804.219218,0.0,817.088 um_pwv,997.48 um_pwv,35.0,2.021 K,1.92564
20260210,101805.181263,101805.181263,0.0,816.431 um_pwv,996.679 um_pwv,35.0,1.951 K,1.92409
20260210,101806.145277,101806.145277,0.0,817.924 um_pwv,998.501 um_pwv,35.0,2.062 K,1.92761
20260210,101807.101573,101807.101573,0.0,816.956 um_pwv,997.319 um_pwv,35.0,1.818 K,1.92532
20260210,101808.065369,101808.065369,0.0,821.403 um_pwv,1002.75 um_pwv,35.0,2.047 K,1.93584
20260210,101809.020474,101809.020474,0.0,824.063 um_pwv,1006 um_pwv,35.0,2.031 K,1.94212
20260210,101809.981321,101809.981321,0.0,825.672 um_pwv,1007.96 um_pwv,35.0,2.2 K,1.94592
20260210,101810.944136,101810.944136,0.0,826.19 um_pwv,1008.59 um_pwv,35.0,2.264 K,1.94715
20260210,101811.902315,101811.902315,0.0,828.518 um_pwv,1011.43 um_pwv,35.0,2.368 K,1.95265
20260210,101812.862600,101812.862600,0.0,828.173 um_pwv,1011.01 um_pwv,35.0,2.417 K,1.95183
20260210,101813.822875,101813.822875,0.0,828.538 um_pwv,1011.46 um_pwv,35.0,2.469 K,1.95270
20260210,101814.783891,101814.783891,0.0,825.11 um_pwv,1007.27 um_pwv,35.0,2.434 K,1.94460
20260210,101815.745387,101815.745387,0.0,822.122 um_pwv,1003.63 um_pwv,35.0,2.364 K,1.93753
20260210,101816.705622,101816.705622,0.0,818.986 um_pwv,999.797 um_pwv,35.0,2.237 K,1.93012
20260210,101817.661761,101817.661761,0.0,815.384 um_pwv,995.401 um_pwv,35.0,2.153 K,1.92161
20260210,101818.623812,101818.623812,0.0,812.652 um_pwv,992.065 um_pwv,35.0,2.14 K,1.91515
20260210,101819.584126,101819.584126,0.0,809.701 um_pwv,988.462 um_pwv,35.0,2.156 K,1.90818
20260210,101820.542350,101820.542350,0.0,805.754 um_pwv,983.644 um_pwv,35.0,2.025 K,1.89885
20260210,101821.506426,101821.506426,0.0,807.215 um_pwv,985.428 um_pwv,35.0,2.18 K,1.90231
20260210,101822.462698,101822.462698,0.0,805.592 um_pwv,983.446 um_pwv,35.0,2.105 K,1.89847
20260210,101823.421033,101823.421033,0.0,807.147 um_pwv,985.345 um_pwv,35.0,2.229 K,1.90215
20260210,101824.386735,101824.386735,0.0,808.221 um_pwv,986.655 um_pwv,35.0,2.348 K,1.90468
20260210,101825.340974,101825.340974,0.0,810.809 um_pwv,989.815 um_pwv,35.0,2.459 K,1.91080
20260210,101826.302593,101826.302593,0.0,812.423 um_pwv,991.785 um_pwv,35.0,2.539 K,1.91461
20260210,101827.264190,101827.264190,0.0,814.399 um_pwv,994.198 um_pwv,35.0,2.481 K,1.91928
20260210,101828.223575,101828.223575,0.0,816.04 um_pwv,996.201 um_pwv,35.0,2.504 K,1.92316
20260210,101829.183550,101829.183550,0.0,815.807 um_pwv,995.917 um_pwv,35.0,2.451 K,1.92261
20260210,101830.144098,101830.144098,0.0,816.544 um_pwv,996.816 um_pwv,35.0,2.38 K,1.92435
20260210,101831.103961,101831.103961,0.0,817.532 um_pwv,998.022 um_pwv,35.0,2.329 K,1.92669
20260210,101832.061203,101832.061203,0.0,817.451 um_pwv,997.923 um_pwv,35.0,2.189 K,1.92650
20260210,101833.020374,101833.020374,0.0,816.653 um_pwv,996.949 um_pwv,35.0,2.094 K,1.92461
20260210,101833.981750,101833.981750,0.0,816.814 um_pwv,997.146 um_pwv,35.0,2.047 K,1.92499
20260210,101834.943983,101834.943983,0.0,816.17 um_pwv,996.359 um_pwv,35.0,1.864 K,1.92347
20260210,101835.903850,101835.903850,0.0,817.388 um_pwv,997.846 um_pwv,35.0,1.965 K,1.92635
20260210,101836.861518,101836.861518,0.0,819.691 um_pwv,1000.66 um_pwv,35.0,1.966 K,1.93179
20260210,101837.820831,101837.820831,0.0,822.621 um_pwv,1004.23 um_pwv,35.0,2.031 K,1.93871
20260210,101838.786163,101838.786163,0.0,823.453 um_pwv,1005.25 um_pwv,35.0,1.964 K,1.94068
20260210,101839.741482,101839.741482,0.0,825.875 um_pwv,1008.21 um_pwv,35.0,2.131 K,1.94640
20260210,101840.703986,101840.703986,0.0,828.366 um_pwv,1011.25 um_pwv,35.0,2.256 K,1.95229
20260210,101841.664972,101841.664972,0.0,829.082 um_pwv,1012.12 um_pwv,35.0,2.413 K,1.95398
20260210,101842.620652,101842.620652,0.0,828.407 um_pwv,1011.3 um_pwv,35.0,2.44 K,1.95239
20260210,101843.584136,101843.584136,0.0,826.487 um_pwv,1008.95 um_pwv,35.0,2.539 K,1.94785
20260210,101844.540424,101844.540424,0.0,823.433 um_pwv,1005.23 um_pwv,35.0,2.432 K,1.94063
20260210,101845.505588,101845.505588,0.0,819.954 um_pwv,1000.98 um_pwv,35.0,2.354 K,1.93241
20260210,101846.461039,101846.461039,0.0,818.4 um_pwv,999.082 um_pwv,35.0,2.386 K,1.92874
20260210,101847.420421,101847.420421,0.0,815.335 um_pwv,995.341 um_pwv,35.0,2.265 K,1.92150
20260210,101848.380117,101848.380117,0.0,811.49 um_pwv,990.646 um_pwv,35.0,2.048 K,1.91241
20260210,101849.341201,101849.341201,0.0,809.55 um_pwv,988.277 um_pwv,35.0,2.239 K,1.90782
20260210,101850.305243,101850.305243,0.0,805.337 um_pwv,983.134 um_pwv,35.0,2.095 K,1.89787
20260210,101851.260659,101851.260659,0.0,807.546 um_pwv,985.831 um_pwv,35.0,2.187 K,1.90309
20260210,101852.221463,101852.221463,0.0,804.61 um_pwv,982.247 um_pwv,35.0,2.08 K,1.89615
20260210,101853.183918,101853.183918,0.0,806.877 um_pwv,985.015 um_pwv,35.0,2.249 K,1.90151
20260210,101854.142445,101854.142445,0.0,809.769 um_pwv,988.546 um_pwv,35.0,2.341 K,1.90834
20260210,101855.104766,101855.104766,0.0,811.158 um_pwv,990.241 um_pwv,35.0,2.466 K,1.91162
20260210,101856.062128,101856.062128,0.0,812.945 um_pwv,992.422 um_pwv,35.0,2.32 K,1.91585
20260210,101857.024494,101857.024494,0.0,814.7 um_pwv,994.566 um_pwv,35.0,2.561 K,1.92000
20260210,101857.985824,101857.985824,0.0,814.68 um_pwv,994.541 um_pwv,35.0,2.475 K,1.91995
20260210,101858.941253,101858.941253,0.0,815.264 um_pwv,995.253 um_pwv,35.0,2.484 K,1.92133
20260210,101859.902714,101859.902714,0.0,819.379 um_pwv,1000.28 um_pwv,35.0,2.418 K,1.93105
20260210,101900.865856,101900.865856,0.0,819.116 um_pwv,999.956 um_pwv,35.0,2.3 K,1.93043
20260210,101901.824404,101901.824404,0.0,818.166 um_pwv,998.796 um_pwv,35.0,2.154 K,1.92819
20260210,101902.781738,101902.781738,0.0,816.682 um_pwv,996.985 um_pwv,35.0,2.074 K,1.92468
20260210,101903.742150,101903.742150,0.0,818.097 um_pwv,998.712 um_pwv,35.0,2.083 K,1.92802
20260210,101904.704220,101904.704220,0.0,817.532 um_pwv,998.022 um_pwv,35.0,1.951 K,1.92669
20260210,101905.665753,101905.665753,0.0,819.5 um_pwv,1000.42 um_pwv,35.0,2.071 K,1.93134
20260210,101906.624265,101906.624265,0.0,820.107 um_pwv,1001.17 um_pwv,35.0,1.949 K,1.93277
20260210,101907.585319,101907.585319,0.0,821.525 um_pwv,1002.9 um_pwv,35.0,1.922 K,1.93612
20260210,101908.546670,101908.546670,0.0,826.65 um_pwv,1009.15 um_pwv,35.0,2.129 K,1.94823
20260210,101909.506458,101909.506458,0.0,828.027 um_pwv,1010.83 um_pwv,35.0,2.198 K,1.95149
20260210,101910.462303,101910.462303,0.0,829.748 um_pwv,1012.94 um_pwv,35.0,2.4 K,1.95556
20260210,101911.424697,101911.424697,0.0,831.069 um_pwv,1014.55 um_pwv,35.0,2.465 K,1.95868
20260210,101912.382107,101912.382107,0.0,828.62 um_pwv,1011.56 um_pwv,35.0,2.319 K,1.95289
20260210,101913.340965,101913.340965,0.0,825.703 um_pwv,1008 um_pwv,35.0,2.453 K,1.94600
20260210,101914.304592,101914.304592,0.0,823.831 um_pwv,1005.71 um_pwv,35.0,2.465 K,1.94157
20260210,101915.261834,101915.261834,0.0,822.012 um_pwv,1003.49 um_pwv,35.0,2.399 K,1.93727
20260210,101916.224132,101916.224132,0.0,819.055 um_pwv,999.882 um_pwv,35.0,2.3 K,1.93029
20260210,101917.187085,101917.187085,0.0,814.982 um_pwv,994.909 um_pwv,35.0,2.143 K,1.92066
20260210,101918.144192,101918.144192,0.0,813.957 um_pwv,993.658 um_pwv,35.0,2.182 K,1.91824
20260210,101919.105706,101919.105706,0.0,810.229 um_pwv,989.107 um_pwv,35.0,2.082 K,1.90943
20260210,101920.066043,101920.066043,0.0,808.004 um_pwv,986.391 um_pwv,35.0,2.207 K,1.90417
20260210,101921.024302,101921.024302,0.0,807.454 um_pwv,985.72 um_pwv,35.0,2.19 K,1.90287
20260210,101921.980769,101921.980769,0.0,806.897 um_pwv,985.039 um_pwv,35.0,2.284 K,1.90155
20260210,101922.940566,101922.940566,0.0,808.292 um_pwv,986.742 um_pwv,35.0,2.35 K,1.90485
20260210,101923.907409,101923.907409,0.0,810.009 um_pwv,988.839 um_pwv,35.0,2.374 K,1.90891
20260210,101924.864903,101924.864903,0.0,812.42 um_pwv,991.782 um_pwv,35.0,2.47 K,1.91461
20260210,101925.825255,101925.825255,0.0,814.399 um_pwv,994.198 um_pwv,35.0,2.493 K,1.91928
20260210,101926.785436,101926.785436,0.0,814.801 um_pwv,994.688 um_pwv,35.0,2.507 K,1.92023
20260210,101927.746536,101927.746536,0.0,815.436 um_pwv,995.464 um_pwv,35.0,2.535 K,1.92173
20260210,101928.702563,101928.702563,0.0,817.532 um_pwv,998.022 um_pwv,35.0,2.496 K,1.92669
20260210,101929.665613,101929.665613,0.0,820.613 um_pwv,1001.78 um_pwv,35.0,2.535 K,1.93397
20260210,101930.623148,101930.623148,0.0,821.099 um_pwv,1002.38 um_pwv,35.0,2.298 K,1.93512
20260210,101931.583695,101931.583695,0.0,816.956 um_pwv,997.319 um_pwv,35.0,2.125 K,1.92532
20260210,101932.545433,101932.545433,0.0,818.146 um_pwv,998.772 um_pwv,35.0,2.044 K,1.92814
20260210,101933.505715,101933.505715,0.0,817.601 um_pwv,998.106 um_pwv,35.0,1.941 K,1.92685
20260210,101934.466387,101934.466387,0.0,816.604 um_pwv,996.89 um_pwv,35.0,1.926 K,1.92449
20260210,101935.426508,101935.426508,0.0,817.771 um_pwv,998.314 um_pwv,35.0,1.945 K,1.92725
20260210,101936.382099,101936.382099,0.0,820.746 um_pwv,1001.95 um_pwv,35.0,1.97 K,1.93428
20260210,101937.347302,101937.347302,0.0,825.069 um_pwv,1007.22 um_pwv,35.0,2.099 K,1.94450
20260210,101938.302541,101938.302541,0.0,828.877 um_pwv,1011.87 um_pwv,35.0,2.246 K,1.95350
20260210,101939.264738,101939.264738,0.0,829.848 um_pwv,1013.06 um_pwv,35.0,2.296 K,1.95579
20260210,101940.226104,101940.226104,0.0,831.409 um_pwv,1014.96 um_pwv,35.0,2.441 K,1.95948
20260210,101941.182479,101941.182479,0.0,829.582 um_pwv,1012.73 um_pwv,35.0,2.5 K,1.95516
20260210,101942.144535,101942.144535,0.0,828.264 um_pwv,1011.12 um_pwv,35.0,2.388 K,1.95205
20260210,101943.102268,101943.102268,0.0,827.05 um_pwv,1009.64 um_pwv,35.0,2.521 K,1.94918
20260210,101944.064167,101944.064167,0.0,822.336 um_pwv,1003.89 um_pwv,35.0,2.49 K,1.93804
20260210,101945.024523,101945.024523,0.0,820.766 um_pwv,1001.97 um_pwv,35.0,2.355 K,1.93433
20260210,101945.986711,101945.986711,0.0,817.431 um_pwv,997.899 um_pwv,35.0,2.25 K,1.92645
20260210,101946.946897,101946.946897,0.0,814.37 um_pwv,994.162 um_pwv,35.0,2.18 K,1.91921
20260210,101947.907528,101947.907528,0.0,811.971 um_pwv,991.233 um_pwv,35.0,2.111 K,1.91354
20260210,101948.863079,101948.863079,0.0,808.603 um_pwv,987.121 um_pwv,35.0,2.1 K,1.90558
20260210,101949.822425,101949.822425,0.0,807.845 um_pwv,986.196 um_pwv,35.0,2.142 K,1.90379
20260210,101950.784071,101950.784071,0.0,806.339 um_pwv,984.359 um_pwv,35.0,2.157 K,1.90024
20260210,101951.744376,101951.744376,0.0,804.848 um_pwv,982.538 um_pwv,35.0,2.119 K,1.89671
20260210,101952.705527,101952.705527,0.0,808.232 um_pwv,986.669 um_pwv,35.0,2.364 K,1.90471
20260210,101953.664284,101953.664284,0.0,810.658 um_pwv,989.63 um_pwv,35.0,2.424 K,1.91044
20260210,101954.624982,101954.624982,0.0,811.118 um_pwv,990.192 um_pwv,35.0,2.394 K,1.91153
20260210,101955.581033,101955.581033,0.0,813.205 um_pwv,992.74 um_pwv,35.0,2.562 K,1.91646
20260210,101956.544383,101956.544383,0.0,813.957 um_pwv,993.658 um_pwv,35.0,2.512 K,1.91824
20260210,101957.502431,101957.502431,0.0,815.787 um_pwv,995.892 um_pwv,35.0,2.468 K,1.92256
20260210,101958.468610,101958.468610,0.0,817.904 um_pwv,998.476 um_pwv,35.0,2.486 K,1.92757
20260210,101959.425378,101959.425378,0.0,818.57 um_pwv,999.29 um_pwv,35.0,2.295 K,1.92914
20260210,102000.387278,102000.387278,0.0,819.358 um_pwv,1000.25 um_pwv,35.0,2.26 K,1.93100
20260210,102001.347091,102001.347091,0.0,818.752 um_pwv,999.512 um_pwv,35.0,2.254 K,1.92957
20260210,102002.302932,102002.302932,0.0,816.826 um_pwv,997.16 um_pwv,35.0,2.062 K,1.92502
20260210,102003.262429,102003.262429,0.0,816.846 um_pwv,997.185 um_pwv,35.0,1.906 K,1.92507
20260210,102004.224365,102004.224365,0.0,817.088 um_pwv,997.48 um_pwv,35.0,1.908 K,1.92564
20260210,102005.185574,102005.185574,0.0,819.309 um_pwv,1000.19 um_pwv,35.0,1.962 K,1.93089
20260210,102006.147301,102006.147301,0.0,821.322 um_pwv,1002.65 um_pwv,35.0,1.957 K,1.93564
20260210,102007.102716,102007.102716,0.0,825.765 um_pwv,1008.07 um_pwv,35.0,2.102 K,1.94614
20260210,102008.066200,102008.066200,0.0,827.569 um_pwv,1010.28 um_pwv,35.0,2.166 K,1.95041
20260210,102009.027138,102009.027138,0.0,829.83 um_pwv,1013.04 um_pwv,35.0,2.214 K,1.95575
20260210,102009.982653,102009.982653,0.0,830.445 um_pwv,1013.79 um_pwv,35.0,2.433 K,1.95720
20260210,102010.944378,102010.944378,0.0,830.065 um_pwv,1013.32 um_pwv,35.0,2.479 K,1.95630
20260210,102011.904361,102011.904361,0.0,828.529 um_pwv,1011.45 um_pwv,35.0,2.461 K,1.95268
20260210,102012.866004,102012.866004,0.0,826.251 um_pwv,1008.67 um_pwv,35.0,2.482 K,1.94729
20260210,102013.827012,102013.827012,0.0,824.185 um_pwv,1006.14 um_pwv,35.0,2.486 K,1.94241
20260210,102014.782982,102014.782982,0.0,821.009 um_pwv,1002.27 um_pwv,35.0,2.406 K,1.93490
20260210,102015.746950,102015.746950,0.0,816.907 um_pwv,997.259 um_pwv,35.0,2.259 K,1.92521
20260210,102016.707711,102016.707711,0.0,814.026 um_pwv,993.742 um_pwv,35.0,2.211 K,1.91840
20260210,102017.667628,102017.667628,0.0,811.81 um_pwv,991.037 um_pwv,35.0,2.162 K,1.91317
20260210,102018.623256,102018.623256,0.0,809.749 um_pwv,988.521 um_pwv,35.0,2.084 K,1.90829
20260210,102019.582919,102019.582919,0.0,808.112 um_pwv,986.523 um_pwv,35.0,2.134 K,1.90443
20260210,102020.544335,102020.544335,0.0,805.723 um_pwv,983.606 um_pwv,35.0,2.168 K,1.89878
20260210,102021.505389,102021.505389,0.0,807.016 um_pwv,985.185 um_pwv,35.0,2.221 K,1.90184
20260210,102022.463461,102022.463461,0.0,807.582 um_pwv,985.876 um_pwv,35.0,2.274 K,1.90317
20260210,102023.423911,102023.423911,0.0,811.361 um_pwv,990.489 um_pwv,35.0,2.351 K,1.91210
20260210,102024.385823,102024.385823,0.0,813.877 um_pwv,993.56 um_pwv,35.0,2.5 K,1.91805
20260210,102025.347321,102025.347321,0.0,813.888 um_pwv,993.574 um_pwv,35.0,2.539 K,1.91808
20260210,102026.303687,102026.303687,0.0,814.571 um_pwv,994.408 um_pwv,35.0,2.453 K,1.91969
20260210,102027.265081,102027.265081,0.0,816.29 um_pwv,996.507 um_pwv,35.0,2.525 K,1.92375
20260210,102028.227444,102028.227444,0.0,819.488 um_pwv,1000.41 um_pwv,35.0,2.575 K,1.93131
20260210,102029.183172,102029.183172,0.0,820.633 um_pwv,1001.81 um_pwv,35.0,2.331 K,1.93402
20260210,102030.147545,102030.147545,0.0,820.755 um_pwv,1001.96 um_pwv,35.0,2.238 K,1.93430
20260210,102031.105050,102031.105050,0.0,818.247 um_pwv,998.895 um_pwv,35.0,2.012 K,1.92838
20260210,102032.062562,102032.062562,0.0,818.489 um_pwv,999.191 um_pwv,35.0,1.985 K,1.92895
20260210,102033.026861,102033.026861,0.0,817.44 um_pwv,997.909 um_pwv,35.0,1.908 K,1.92647
20260210,102033.986350,102033.986350,0.0,818.267 um_pwv,998.92 um_pwv,35.0,1.99 K,1.92842
20260210,102034.948107,102034.948107,0.0,821.395 um_pwv,1002.74 um_pwv,35.0,2.039 K,1.93581
20260210,102035.907081,102035.907081,0.0,822.641 um_pwv,1004.26 um_pwv,35.0,1.961 K,1.93876
20260210,102036.867962,102036.867962,0.0,825.57 um_pwv,1007.83 um_pwv,35.0,2.105 K,1.94568
20260210,102037.822532,102037.822532,0.0,827.487 um_pwv,1010.18 um_pwv,35.0,2.187 K,1.95021
20260210,102038.786464,102038.786464,0.0,829.439 um_pwv,1012.56 um_pwv,35.0,2.306 K,1.95482
20260210,102039.742844,102039.742844,0.0,828.714 um_pwv,1011.67 um_pwv,35.0,2.314 K,1.95311
20260210,102040.704334,102040.704334,0.0,828.743 um_pwv,1011.71 um_pwv,35.0,2.383 K,1.95318
20260210,102041.666031,102041.666031,0.0,827.978 um_pwv,1010.77 um_pwv,35.0,2.411 K,1.95137
20260210,102042.623416,102042.623416,0.0,826.335 um_pwv,1008.77 um_pwv,35.0,2.493 K,1.94749
20260210,102043.583712,102043.583712,0.0,823.137 um_pwv,1004.86 um_pwv,35.0,2.366 K,1.93993
20260210,102044.545923,102044.545923,0.0,817.5 um_pwv,997.983 um_pwv,35.0,2.223 K,1.92661
20260210,102045.506011,102045.506011,0.0,815.695 um_pwv,995.78 um_pwv,35.0,2.18 K,1.92235
20260210,102046.466156,102046.466156,0.0,813.627 um_pwv,993.255 um_pwv,35.0,2.083 K,1.91746
20260210,102047.422491,102047.422491,0.0,810.578 um_pwv,989.533 um_pwv,35.0,2.027 K,1.91025
20260210,102048.387784,102048.387784,0.0,807.235 um_pwv,985.452 um_pwv,35.0,2.038 K,1.90235
20260210,102049.343583,102049.343583,0.0,806.419 um_pwv,984.456 um_pwv,35.0,2.008 K,1.90042
20260210,102050.304566,102050.304566,0.0,804.321 um_pwv,981.894 um_pwv,35.0,2.104 K,1.89547
20260210,102051.265197,102051.265197,0.0,806.24 um_pwv,984.237 um_pwv,35.0,2.275 K,1.90000
20260210,102052.226165,102052.226165,0.0,808.084 um_pwv,986.488 um_pwv,35.0,2.309 K,1.90436
20260210,102053.191907,102053.191907,0.0,811.498 um_pwv,990.657 um_pwv,35.0,2.357 K,1.91243
20260210,102054.147737,102054.147737,0.0,813.856 um_pwv,993.535 um_pwv,35.0,2.585 K,1.91800
20260210,102055.103435,102055.103435,0.0,813.917 um_pwv,993.609 um_pwv,35.0,2.483 K,1.91814
20260210,102056.064766,102056.064766,0.0,815.977 um_pwv,996.124 um_pwv,35.0,2.525 K,1.92301
20260210,102057.025722,102057.025722,0.0,817.791 um_pwv,998.339 um_pwv,35.0,2.532 K,1.92730
20260210,102057.983832,102057.983832,0.0,819.985 um_pwv,1001.02 um_pwv,35.0,2.424 K,1.93248
20260210,102058.944173,102058.944173,0.0,820.208 um_pwv,1001.29 um_pwv,35.0,2.302 K,1.93301
20260210,102059.906817,102059.906817,0.0,820.928 um_pwv,1002.17 um_pwv,35.0,2.274 K,1.93471
20260210,102100.862599,102100.862599,0.0,817.319 um_pwv,997.762 um_pwv,35.0,2.047 K,1.92618
20260210,102101.825281,102101.825281,0.0,816.693 um_pwv,996.999 um_pwv,35.0,1.907 K,1.92470
20260210,102102.786976,102102.786976,0.0,818.893 um_pwv,999.684 um_pwv,35.0,1.949 K,1.92990
20260210,102103.748136,102103.748136,0.0,818.276 um_pwv,998.93 um_pwv,35.0,1.898 K,1.92844
20260210,102104.707567,102104.707567,0.0,821.12 um_pwv,1002.4 um_pwv,35.0,1.958 K,1.93516
20260210,102105.663975,102105.663975,0.0,823.851 um_pwv,1005.74 um_pwv,35.0,2.062 K,1.94162
20260210,102106.627546,102106.627546,0.0,825.203 um_pwv,1007.39 um_pwv,35.0,2.038 K,1.94481
20260210,102107.588027,102107.588027,0.0,828.591 um_pwv,1011.52 um_pwv,35.0,2.229 K,1.95282
20260210,102108.548103,102108.548103,0.0,830.454 um_pwv,1013.8 um_pwv,35.0,2.319 K,1.95722
20260210,102109.507862,102109.507862,0.0,829.983 um_pwv,1013.22 um_pwv,35.0,2.429 K,1.95611
20260210,102110.468747,102110.468747,0.0,829.132 um_pwv,1012.18 um_pwv,35.0,2.429 K,1.95410
20260210,102111.424406,102111.424406,0.0,829.541 um_pwv,1012.68 um_pwv,35.0,2.543 K,1.95507
20260210,102112.385455,102112.385455,0.0,827.058 um_pwv,1009.65 um_pwv,35.0,2.377 K,1.94920
20260210,102113.344092,102113.344092,0.0,823.514 um_pwv,1005.33 um_pwv,35.0,2.506 K,1.94082
20260210,102114.305072,102114.305072,0.0,819.884 um_pwv,1000.89 um_pwv,35.0,2.338 K,1.93225
20260210,102115.263873,102115.263873,0.0,815.879 um_pwv,996.004 um_pwv,35.0,2.137 K,1.92278
20260210,102116.226660,102116.226660,0.0,814.68 um_pwv,994.541 um_pwv,35.0,2.077 K,1.91995
20260210,102117.187809,102117.187809,0.0,811.481 um_pwv,990.636 um_pwv,35.0,2.158 K,1.91239
20260210,102118.143372,102118.143372,0.0,809.159 um_pwv,987.8 um_pwv,35.0,2.087 K,1.90690
20260210,102119.107866,102119.107866,0.0,807.634 um_pwv,985.939 um_pwv,35.0,2.086 K,1.90330
20260210,102120.064488,102120.064488,0.0,804.082 um_pwv,981.603 um_pwv,35.0,2.07 K,1.89490
20260210,102121.025596,102121.025596,0.0,805.794 um_pwv,983.693 um_pwv,35.0,2.229 K,1.89895
20260210,102121.987632,102121.987632,0.0,809.079 um_pwv,987.703 um_pwv,35.0,2.284 K,1.90671
20260210,102122.948024,102122.948024,0.0,813.025 um_pwv,992.52 um_pwv,35.0,2.474 K,1.91604
20260210,102123.904364,102123.904364,0.0,813.294 um_pwv,992.849 um_pwv,35.0,2.498 K,1.91667
20260210,102124.866689,102124.866689,0.0,814.468 um_pwv,994.282 um_pwv,35.0,2.584 K,1.91945
20260210,102125.828481,102125.828481,0.0,815.597 um_pwv,995.66 um_pwv,35.0,2.487 K,1.92211
20260210,102126.784274,102126.784274,0.0,817.148 um_pwv,997.554 um_pwv,35.0,2.425 K,1.92578
20260210,102127.747113,102127.747113,0.0,819.864 um_pwv,1000.87 um_pwv,35.0,2.387 K,1.93220
20260210,102128.706689,102128.706689,0.0,819.5 um_pwv,1000.42 um_pwv,35.0,2.197 K,1.93134
20260210,102129.664081,102129.664081,0.0,819.803 um_pwv,1000.8 um_pwv,35.0,2.12 K,1.93205
20260210,102130.628080,102130.628080,0.0,818.893 um_pwv,999.684 um_pwv,35.0,2.029 K,1.92990
20260210,102131.585112,102131.585112,0.0,818.258 um_pwv,998.909 um_pwv,35.0,1.972 K,1.92840
20260210,102132.547822,102132.547822,0.0,818.914 um_pwv,999.709 um_pwv,35.0,1.849 K,1.92995
20260210,102133.507961,102133.507961,0.0,818.893 um_pwv,999.684 um_pwv,35.0,1.894 K,1.92990
20260210,102134.467993,102134.467993,0.0,821.03 um_pwv,1002.29 um_pwv,35.0,2.048 K,1.93495
20260210,102135.424451,102135.424451,0.0,823.912 um_pwv,1005.81 um_pwv,35.0,1.936 K,1.94176
20260210,102136.385647,102136.385647,0.0,825.447 um_pwv,1007.69 um_pwv,35.0,2.102 K,1.94539
20260210,102137.348828,102137.348828,0.0,827.303 um_pwv,1009.95 um_pwv,35.0,2.213 K,1.94978
20260210,102138.308575,102138.308575,0.0,829.869 um_pwv,1013.08 um_pwv,35.0,2.291 K,1.95584
20260210,102139.268054,102139.268054,0.0,828.202 um_pwv,1011.05 um_pwv,35.0,2.383 K,1.95190
20260210,102140.228324,102140.228324,0.0,829.164 um_pwv,1012.22 um_pwv,35.0,2.527 K,1.95417
20260210,102141.185435,102141.185435,0.0,827.152 um_pwv,1009.77 um_pwv,35.0,2.41 K,1.94942
20260210,102142.143970,102142.143970,0.0,824.877 um_pwv,1006.99 um_pwv,35.0,2.317 K,1.94404
20260210,102143.104736,102143.104736,0.0,822.954 um_pwv,1004.64 um_pwv,35.0,2.419 K,1.93950
20260210,102144.065331,102144.065331,0.0,818.38 um_pwv,999.057 um_pwv,35.0,2.307 K,1.92869
20260210,102145.028745,102145.028745,0.0,815.597 um_pwv,995.66 um_pwv,35.0,2.303 K,1.92211
20260210,102145.986936,102145.986936,0.0,814.419 um_pwv,994.222 um_pwv,35.0,2.115 K,1.91933
20260210,102146.948407,102146.948407,0.0,811.581 um_pwv,990.758 um_pwv,35.0,2.077 K,1.91262
20260210,102147.905970,102147.905970,0.0,809.17 um_pwv,987.814 um_pwv,35.0,2.03 K,1.90693
20260210,102148.868756,102148.868756,0.0,806.368 um_pwv,984.393 um_pwv,35.0,2.099 K,1.90030
20260210,102149.824329,102149.824329,0.0,804.908 um_pwv,982.611 um_pwv,35.0,2.104 K,1.89685
20260210,102150.786230,102150.786230,0.0,807.215 um_pwv,985.428 um_pwv,35.0,2.243 K,1.90231
20260210,102151.747016,102151.747016,0.0,810.669 um_pwv,989.644 um_pwv,35.0,2.383 K,1.91047
20260210,102152.704709,102152.704709,0.0,811.198 um_pwv,990.29 um_pwv,35.0,2.415 K,1.91172
20260210,102153.667785,102153.667785,0.0,813.535 um_pwv,993.143 um_pwv,35.0,2.38 K,1.91724
20260210,102154.626229,102154.626229,0.0,814.913 um_pwv,994.825 um_pwv,35.0,2.466 K,1.92050
20260210,102155.585974,102155.585974,0.0,815.545 um_pwv,995.597 um_pwv,35.0,2.515 K,1.92199
20260210,102156.547129,102156.547129,0.0,816.794 um_pwv,997.122 um_pwv,35.0,2.453 K,1.92494
20260210,102157.505837,102157.505837,0.0,818.691 um_pwv,999.438 um_pwv,35.0,2.318 K,1.92943
20260210,102158.467988,102158.467988,0.0,819.015 um_pwv,999.832 um_pwv,35.0,2.228 K,1.93019
20260210,102159.426124,102159.426124,0.0,818.639 um_pwv,999.374 um_pwv,35.0,2.162 K,1.92930
20260210,102200.388111,102200.388111,0.0,818.328 um_pwv,998.994 um_pwv,35.0,1.979 K,1.92857
20260210,102201.344457,102201.344457,0.0,817.711 um_pwv,998.24 um_pwv,35.0,1.929 K,1.92711
20260210,102202.307638,102202.307638,0.0,820.017 um_pwv,1001.06 um_pwv,35.0,1.931 K,1.93256
20260210,102203.263869,102203.263869,0.0,820.442 um_pwv,1001.58 um_pwv,35.0,1.807 K,1.93356
20260210,102204.225570,102204.225570,0.0,821.849 um_pwv,1003.29 um_pwv,35.0,1.944 K,1.93689
20260210,102205.186130,102205.186130,0.0,825.192 um_pwv,1007.37 um_pwv,35.0,2.131 K,1.94479
20260210,102206.148604,102206.148604,0.0,826.129 um_pwv,1008.52 um_pwv,35.0,2.109 K,1.94700
20260210,102207.104468,102207.104468,0.0,829.339 um_pwv,1012.44 um_pwv,35.0,2.276 K,1.95459
20260210,102208.069922,102208.069922,0.0,829.594 um_pwv,1012.75 um_pwv,35.0,2.276 K,1.95519
20260210,102209.027738,102209.027738,0.0,829.134 um_pwv,1012.19 um_pwv,35.0,2.457 K,1.95410
20260210,102209.984587,102209.984587,0.0,829.737 um_pwv,1012.92 um_pwv,35.0,2.524 K,1.95553
20260210,102210.947391,102210.947391,0.0,828.448 um_pwv,1011.35 um_pwv,35.0,2.453 K,1.95248
20260210,102211.907998,102211.907998,0.0,825.171 um_pwv,1007.35 um_pwv,35.0,2.416 K,1.94474
20260210,102212.864019,102212.864019,0.0,822.003 um_pwv,1003.48 um_pwv,35.0,2.381 K,1.93725
20260210,102213.826723,102213.826723,0.0,816.069 um_pwv,996.236 um_pwv,35.0,2.22 K,1.92323
20260210,102214.787243,102214.787243,0.0,815.393 um_pwv,995.411 um_pwv,35.0,2.167 K,1.92163
20260210,102215.747344,102215.747344,0.0,814.046 um_pwv,993.766 um_pwv,35.0,2.183 K,1.91845
20260210,102216.705945,102216.705945,0.0,811.109 um_pwv,990.182 um_pwv,35.0,2.065 K,1.91151
20260210,102217.664937,102217.664937,0.0,807.346 um_pwv,985.588 um_pwv,35.0,2.049 K,1.90262
20260210,102218.626922,102218.626922,0.0,804.996 um_pwv,982.718 um_pwv,35.0,2.1 K,1.89706
20260210,102219.587198,102219.587198,0.0,806.419 um_pwv,984.456 um_pwv,35.0,2.239 K,1.90042
20260210,102220.544459,102220.544459,0.0,808.052 um_pwv,986.45 um_pwv,35.0,2.27 K,1.90428
20260210,102221.506012,102221.506012,0.0,809.57 um_pwv,988.302 um_pwv,35.0,2.39 K,1.90787
20260210,102222.464659,102222.464659,0.0,812.392 um_pwv,991.747 um_pwv,35.0,2.459 K,1.91454
20260210,102223.425996,102223.425996,0.0,813.314 um_pwv,992.873 um_pwv,35.0,2.461 K,1.91672
20260210,102224.388539,102224.388539,0.0,813.957 um_pwv,993.658 um_pwv,35.0,2.572 K,1.91824
20260210,102225.345323,102225.345323,0.0,815.525 um_pwv,995.573 um_pwv,35.0,2.496 K,1.92194
20260210,102226.304517,102226.304517,0.0,817.117 um_pwv,997.515 um_pwv,35.0,2.468 K,1.92571
20260210,102227.269708,102227.269708,0.0,818.639 um_pwv,999.374 um_pwv,35.0,2.388 K,1.92930
20260210,102228.225731,102228.225731,0.0,818.51 um_pwv,999.216 um_pwv,35.0,2.177 K,1.92900
20260210,102229.189234,102229.189234,0.0,819.532 um_pwv,1000.46 um_pwv,35.0,2.157 K,1.93141
20260210,102230.145417,102230.145417,0.0,819.884 um_pwv,1000.89 um_pwv,35.0,2.065 K,1.93225
20260210,102231.104584,102231.104584,0.0,818.642 um_pwv,999.378 um_pwv,35.0,1.979 K,1.92931
20260210,102232.068636,102232.068636,0.0,819.682 um_pwv,1000.65 um_pwv,35.0,1.925 K,1.93177
20260210,102233.024436,102233.024436,0.0,821.23 um_pwv,1002.54 um_pwv,35.0,1.913 K,1.93542
20260210,102233.986675,102233.986675,0.0,824.194 um_pwv,1006.16 um_pwv,35.0,2.052 K,1.94243
20260210,102234.944588,102234.944588,0.0,827.549 um_pwv,1010.25 um_pwv,35.0,2.068 K,1.95036
20260210,102235.909016,102235.909016,0.0,826.528 um_pwv,1009 um_pwv,35.0,2.133 K,1.94795
20260210,102236.864707,102236.864707,0.0,828.959 um_pwv,1011.97 um_pwv,35.0,2.181 K,1.95369
20260210,102237.825465,102237.825465,0.0,830.24 um_pwv,1013.54 um_pwv,35.0,2.31 K,1.95672
20260210,102238.784196,102238.784196,0.0,830.483 um_pwv,1013.83 um_pwv,35.0,2.489 K,1.95729
20260210,102239.745303,102239.745303,0.0,828.632 um_pwv,1011.57 um_pwv,35.0,2.473 K,1.95292
20260210,102240.704205,102240.704205,0.0,828.529 um_pwv,1011.45 um_pwv,35.0,2.57 K,1.95268
20260210,102241.665999,102241.665999,0.0,824.217 um_pwv,1006.18 um_pwv,35.0,2.454 K,1.94248
20260210,102242.627329,102242.627329,0.0,819.488 um_pwv,1000.41 um_pwv,35.0,2.313 K,1.93131
20260210,102243.586710,102243.586710,0.0,816.259 um_pwv,996.468 um_pwv,35.0,2.143 K,1.92368
20260210,102244.547838,102244.547838,0.0,814.408 um_pwv,994.208 um_pwv,35.0,2.163 K,1.91930
20260210,102245.508422,102245.508422,0.0,812.764 um_pwv,992.202 um_pwv,35.0,2.118 K,1.91542
20260210,102246.467260,102246.467260,0.0,812.059 um_pwv,991.341 um_pwv,35.0,2.133 K,1.91375
20260210,102247.425283,102247.425283,0.0,807.187 um_pwv,985.393 um_pwv,35.0,2.136 K,1.90224
20260210,102248.385888,102248.385888,0.0,805.91 um_pwv,983.835 um_pwv,35.0,2.131 K,1.89922
20260210,102249.347190,102249.347190,0.0,802.983 um_pwv,980.262 um_pwv,35.0,2.117 K,1.89231
20260210,102250.307250,102250.307250,0.0,807.665 um_pwv,985.977 um_pwv,35.0,2.271 K,1.90337
20260210,102251.268887,102251.268887,0.0,811.129 um_pwv,990.206 um_pwv,35.0,2.375 K,1.91156
20260210,102252.225748,102252.225748,0.0,812.761 um_pwv,992.198 um_pwv,35.0,2.424 K,1.91541
20260210,102253.187744,102253.187744,0.0,812.712 um_pwv,992.139 um_pwv,35.0,2.531 K,1.91530
20260210,102254.145290,102254.145290,0.0,813.776 um_pwv,993.437 um_pwv,35.0,2.438 K,1.91781
20260210,102255.109159,102255.109159,0.0,816.653 um_pwv,996.949 um_pwv,35.0,2.48 K,1.92461
20260210,102256.068158,102256.068158,0.0,817.924 um_pwv,998.501 um_pwv,35.0,2.488 K,1.92761
20260210,102257.026018,102257.026018,0.0,819.329 um_pwv,1000.22 um_pwv,35.0,2.317 K,1.93093
20260210,102257.989226,102257.989226,0.0,817.319 um_pwv,997.762 um_pwv,35.0,2.141 K,1.92618
20260210,102258.944805,102258.944805,0.0,818.057 um_pwv,998.663 um_pwv,35.0,2.083 K,1.92793
20260210,102259.908132,102259.908132,0.0,818.804 um_pwv,999.575 um_pwv,35.0,2.012 K,1.92969
20260210,102300.867785,102300.867785,0.0,818.218 um_pwv,998.86 um_pwv,35.0,1.968 K,1.92831
20260210,102301.829120,102301.829120,0.0,820.816 um_pwv,1002.03 um_pwv,35.0,1.907 K,1.93445
20260210,102302.784178,102302.784178,0.0,823.494 um_pwv,1005.3 um_pwv,35.0,2.009 K,1.94078
20260210,102303.745940,102303.745940,0.0,824.735 um_pwv,1006.82 um_pwv,35.0,2.005 K,1.94371
20260210,102304.708221,102304.708221,0.0,826.639 um_pwv,1009.14 um_pwv,35.0,2.188 K,1.94821
20260210,102305.667854,102305.667854,0.0,829.318 um_pwv,1012.41 um_pwv,35.0,2.293 K,1.95454
20260210,102306.626681,102306.626681,0.0,828.498 um_pwv,1011.41 um_pwv,35.0,2.331 K,1.95260
20260210,102307.589449,102307.589449,0.0,829.889 um_pwv,1013.11 um_pwv,35.0,2.413 K,1.95589
20260210,102308.549741,102308.549741,0.0,829.491 um_pwv,1012.62 um_pwv,35.0,2.421 K,1.95495
20260210,102309.505498,102309.505498,0.0,828.345 um_pwv,1011.22 um_pwv,35.0,2.415 K,1.95224
20260210,102310.465331,102310.465331,0.0,827.651 um_pwv,1010.37 um_pwv,35.0,2.442 K,1.95060
20260210,102311.426877,102311.426877,0.0,823.271 um_pwv,1005.03 um_pwv,35.0,2.377 K,1.94025
20260210,102312.389824,102312.389824,0.0,819.662 um_pwv,1000.62 um_pwv,35.0,2.364 K,1.93172
20260210,102313.345363,102313.345363,0.0,818.146 um_pwv,998.772 um_pwv,35.0,2.221 K,1.92814
20260210,102314.310131,102314.310131,0.0,814.339 um_pwv,994.124 um_pwv,35.0,2.131 K,1.91914
20260210,102315.265356,102315.265356,0.0,812.721 um_pwv,992.149 um_pwv,35.0,2.239 K,1.91532
20260210,102316.227487,102316.227487,0.0,810.158 um_pwv,989.02 um_pwv,35.0,2.106 K,1.90926
20260210,102317.187980,102317.187980,0.0,807.574 um_pwv,985.866 um_pwv,35.0,2.159 K,1.90315
20260210,102318.145653,102318.145653,0.0,805.583 um_pwv,983.436 um_pwv,35.0,2.111 K,1.89845
20260210,102319.106543,102319.106543,0.0,807.574 um_pwv,985.866 um_pwv,35.0,2.254 K,1.90315
20260210,102320.064572,102320.064572,0.0,810.258 um_pwv,989.142 um_pwv,35.0,2.287 K,1.90950
20260210,102321.025411,102321.025411,0.0,811.318 um_pwv,990.437 um_pwv,35.0,2.331 K,1.91200
20260210,102321.985365,102321.985365,0.0,814.531 um_pwv,994.359 um_pwv,35.0,2.473 K,1.91959
20260210,102322.947934,102322.947934,0.0,814.327 um_pwv,994.11 um_pwv,35.0,2.478 K,1.91911
20260210,102323.905720,102323.905720,0.0,816.705 um_pwv,997.013 um_pwv,35.0,2.55 K,1.92473
20260210,102324.867447,102324.867447,0.0,819.237 um_pwv,1000.1 um_pwv,35.0,2.564 K,1.93072
20260210,102325.827852,102325.827852,0.0,817.379 um_pwv,997.836 um_pwv,35.0,2.442 K,1.92633
20260210,102326.787647,102326.787647,0.0,819.572 um_pwv,1000.51 um_pwv,35.0,2.308 K,1.93151
20260210,102327.743904,102327.743904,0.0,819.468 um_pwv,1000.39 um_pwv,35.0,2.195 K,1.93126
20260210,102328.709561,102328.709561,0.0,817.924 um_pwv,998.501 um_pwv,35.0,2.063 K,1.92761
20260210,102329.670328,102329.670328,0.0,818.449 um_pwv,999.142 um_pwv,35.0,1.945 K,1.92885
20260210,102330.629958,102330.629958,0.0,821.403 um_pwv,1002.75 um_pwv,35.0,1.882 K,1.93584
20260210,102331.586982,102331.586982,0.0,821.739 um_pwv,1003.16 um_pwv,35.0,1.918 K,1.93663
20260210,102332.549555,102332.549555,0.0,823.779 um_pwv,1005.65 um_pwv,35.0,1.936 K,1.94145
20260210,102333.509801,102333.509801,0.0,825.162 um_pwv,1007.34 um_pwv,35.0,1.997 K,1.94472
20260210,102334.468649,102334.468649,0.0,826.805 um_pwv,1009.34 um_pwv,35.0,2.116 K,1.94860
20260210,102335.425672,102335.425672,0.0,827.671 um_pwv,1010.4 um_pwv,35.0,2.079 K,1.95065
20260210,102336.386632,102336.386632,0.0,828.377 um_pwv,1011.26 um_pwv,35.0,2.263 K,1.95232
20260210,102337.347127,102337.347127,0.0,829.439 um_pwv,1012.56 um_pwv,35.0,2.295 K,1.95482
20260210,102338.307802,102338.307802,0.0,832.136 um_pwv,1015.85 um_pwv,35.0,2.398 K,1.96120
20260210,102339.270014,102339.270014,0.0,830.422 um_pwv,1013.76 um_pwv,35.0,2.537 K,1.95715
20260210,102340.227868,102340.227868,0.0,826.132 um_pwv,1008.52 um_pwv,35.0,2.312 K,1.94701
20260210,102341.185726,102341.185726,0.0,823.311 um_pwv,1005.08 um_pwv,35.0,2.361 K,1.94034
20260210,102342.146098,102342.146098,0.0,818.126 um_pwv,998.747 um_pwv,35.0,2.253 K,1.92809
20260210,102343.106643,102343.106643,0.0,818.227 um_pwv,998.87 um_pwv,35.0,2.255 K,1.92833
20260210,102344.068896,102344.068896,0.0,813.142 um_pwv,992.663 um_pwv,35.0,2.183 K,1.91631
20260210,102345.029864,102345.029864,0.0,813.575 um_pwv,993.192 um_pwv,35.0,2.171 K,1.91734
20260210,102345.985765,102345.985765,0.0,809.661 um_pwv,988.413 um_pwv,35.0,2.077 K,1.90809
20260210,102346.945862,102346.945862,0.0,806.837 um_pwv,984.966 um_pwv,35.0,2.116 K,1.90141
20260210,102347.909426,102347.909426,0.0,805.683 um_pwv,983.557 um_pwv,35.0,2.096 K,1.89868
20260210,102348.864721,102348.864721,0.0,808.221 um_pwv,986.655 um_pwv,35.0,2.215 K,1.90468
20260210,102349.828688,102349.828688,0.0,810.929 um_pwv,989.962 um_pwv,35.0,2.305 K,1.91108
20260210,102350.789496,102350.789496,0.0,813.575 um_pwv,993.192 um_pwv,35.0,2.455 K,1.91734
20260210,102351.748388,102351.748388,0.0,813.707 um_pwv,993.353 um_pwv,35.0,2.447 K,1.91765
20260210,102352.706522,102352.706522,0.0,813.848 um_pwv,993.525 um_pwv,35.0,2.519 K,1.91798
20260210,102353.663854,102353.663854,0.0,816.532 um_pwv,996.802 um_pwv,35.0,2.574 K,1.92432
20260210,102354.623811,102354.623811,0.0,816.483 um_pwv,996.742 um_pwv,35.0,2.5 K,1.92421
20260210,102355.583873,102355.583873,0.0,819.067 um_pwv,999.896 um_pwv,35.0,2.523 K,1.93031
20260210,102356.547988,102356.547988,0.0,818.134 um_pwv,998.758 um_pwv,35.0,2.297 K,1.92811
20260210,102357.509020,102357.509020,0.0,819.642 um_pwv,1000.6 um_pwv,35.0,2.138 K,1.93167
20260210,102358.469302,102358.469302,0.0,819.48 um_pwv,1000.4 um_pwv,35.0,2.076 K,1.93129
20260210,102359.425797,102359.425797,0.0,819.176 um_pwv,1000.03 um_pwv,35.0,1.941 K,1.93057
20260210,102400.385737,102400.385737,0.0,820.39 um_pwv,1001.51 um_pwv,35.0,1.93 K,1.93344
20260210,102401.349029,102401.349029,0.0,822.316 um_pwv,1003.86 um_pwv,35.0,2.011 K,1.93799
20260210,102402.308814,102402.308814,0.0,824.267 um_pwv,1006.24 um_pwv,35.0,1.888 K,1.94260
20260210,102403.268015,102403.268015,0.0,826.671 um_pwv,1009.18 um_pwv,35.0,1.973 K,1.94828
20260210,102404.229838,102404.229838,0.0,825.631 um_pwv,1007.91 um_pwv,35.0,2.026 K,1.94583
20260210,102405.184821,102405.184821,0.0,826.07 um_pwv,1008.45 um_pwv,35.0,2.179 K,1.94686
20260210,102406.148454,102406.148454,0.0,829.061 um_pwv,1012.1 um_pwv,35.0,2.298 K,1.95393
20260210,102407.109871,102407.109871,0.0,830.015 um_pwv,1013.26 um_pwv,35.0,2.329 K,1.95619
20260210,102408.068501,102408.068501,0.0,827.916 um_pwv,1010.7 um_pwv,35.0,2.359 K,1.95123
20260210,102409.029187,102409.029187,0.0,828.939 um_pwv,1011.95 um_pwv,35.0,2.462 K,1.95364
20260210,102409.989382,102409.989382,0.0,824.787 um_pwv,1006.88 um_pwv,35.0,2.414 K,1.94383
20260210,102410.949078,102410.949078,0.0,822.113 um_pwv,1003.61 um_pwv,35.0,2.358 K,1.93751
20260210,102411.910608,102411.910608,0.0,819.306 um_pwv,1000.19 um_pwv,35.0,2.254 K,1.93088
20260210,102412.870122,102412.870122,0.0,815.758 um_pwv,995.857 um_pwv,35.0,2.154 K,1.92249
20260210,102413.830231,102413.830231,0.0,814.58 um_pwv,994.418 um_pwv,35.0,2.121 K,1.91971
20260210,102414.788356,102414.788356,0.0,811.759 um_pwv,990.974 um_pwv,35.0,2.144 K,1.91304
20260210,102415.746894,102415.746894,0.0,808.072 um_pwv,986.474 um_pwv,35.0,2.003 K,1.90433
20260210,102416.710176,102416.710176,0.0,807.355 um_pwv,985.598 um_pwv,35.0,2.138 K,1.90264
20260210,102417.670125,102417.670125,0.0,806.16 um_pwv,984.14 um_pwv,35.0,2.095 K,1.89981
20260210,102418.625871,102418.625871,0.0,809.19 um_pwv,987.839 um_pwv,35.0,2.191 K,1.90697
20260210,102419.591469,102419.591469,0.0,812.171 um_pwv,991.478 um_pwv,35.0,2.237 K,1.91402
20260210,102420.545853,102420.545853,0.0,813.636 um_pwv,993.266 um_pwv,35.0,2.403 K,1.91748
20260210,102421.508653,102421.508653,0.0,814.026 um_pwv,993.742 um_pwv,35.0,2.558 K,1.91840
20260210,102422.469168,102422.469168,0.0,816.322 um_pwv,996.545 um_pwv,35.0,2.533 K,1.92383
20260210,102423.431000,102423.431000,0.0,816.21 um_pwv,996.408 um_pwv,35.0,2.469 K,1.92356
20260210,102424.389330,102424.389330,0.0,815.928 um_pwv,996.064 um_pwv,35.0,2.388 K,1.92290
20260210,102425.350197,102425.350197,0.0,818.994 um_pwv,999.808 um_pwv,35.0,2.432 K,1.93014
20260210,102426.308689,102426.308689,0.0,819.803 um_pwv,1000.8 um_pwv,35.0,2.335 K,1.93205
20260210,102427.269589,102427.269589,0.0,818.57 um_pwv,999.29 um_pwv,35.0,2.18 K,1.92914
20260210,102428.226997,102428.226997,0.0,819.419 um_pwv,1000.33 um_pwv,35.0,2.056 K,1.93115
20260210,102429.188030,102429.188030,0.0,820.33 um_pwv,1001.44 um_pwv,35.0,2.055 K,1.93330
20260210,102430.146554,102430.146554,0.0,820.694 um_pwv,1001.88 um_pwv,35.0,1.903 K,1.93416
20260210,102431.107415,102431.107415,0.0,821.699 um_pwv,1003.11 um_pwv,35.0,1.907 K,1.93653
20260210,102432.068673,102432.068673,0.0,824.307 um_pwv,1006.29 um_pwv,35.0,1.934 K,1.94270
20260210,102433.025719,102433.025719,0.0,825.081 um_pwv,1007.24 um_pwv,35.0,1.949 K,1.94453
20260210,102433.988665,102433.988665,0.0,828.03 um_pwv,1010.84 um_pwv,35.0,2.119 K,1.95150
20260210,102434.950306,102434.950306,0.0,829.02 um_pwv,1012.05 um_pwv,35.0,2.212 K,1.95384
20260210,102435.910047,102435.910047,0.0,829.041 um_pwv,1012.07 um_pwv,35.0,2.35 K,1.95388
20260210,102436.870516,102436.870516,0.0,831.327 um_pwv,1014.86 um_pwv,35.0,2.4 K,1.95929
20260210,102437.826260,102437.826260,0.0,830.24 um_pwv,1013.54 um_pwv,35.0,2.494 K,1.95672
20260210,102438.788187,102438.788187,0.0,829.471 um_pwv,1012.6 um_pwv,35.0,2.488 K,1.95490
20260210,102439.750080,102439.750080,0.0,825.264 um_pwv,1007.46 um_pwv,35.0,2.37 K,1.94496
20260210,102440.704776,102440.704776,0.0,823.18 um_pwv,1004.92 um_pwv,35.0,2.348 K,1.94003
20260210,102441.668061,102441.668061,0.0,820.017 um_pwv,1001.06 um_pwv,35.0,2.34 K,1.93256
20260210,102442.629300,102442.629300,0.0,815.948 um_pwv,996.089 um_pwv,35.0,2.185 K,1.92294
20260210,102443.589347,102443.589347,0.0,814.278 um_pwv,994.05 um_pwv,35.0,2.176 K,1.91900
20260210,102444.549100,102444.549100,0.0,810.209 um_pwv,989.083 um_pwv,35.0,2.101 K,1.90938
20260210,102445.510668,102445.510668,0.0,808.243 um_pwv,986.683 um_pwv,35.0,2.053 K,1.90474
20260210,102446.466416,102446.466416,0.0,807.993 um_pwv,986.377 um_pwv,35.0,2.152 K,1.90414
20260210,102447.429355,102447.429355,0.0,808.691 um_pwv,987.229 um_pwv,35.0,2.246 K,1.90579
20260210,102448.390166,102448.390166,0.0,808.292 um_pwv,986.742 um_pwv,35.0,2.253 K,1.90485
20260210,102449.346766,102449.346766,0.0,813.346 um_pwv,992.912 um_pwv,35.0,2.392 K,1.91679
20260210,102450.308644,102450.308644,0.0,813.765 um_pwv,993.423 um_pwv,35.0,2.468 K,1.91778
20260210,102451.269125,102451.269125,0.0,815.152 um_pwv,995.116 um_pwv,35.0,2.588 K,1.92106
20260210,102452.231321,102452.231321,0.0,814.531 um_pwv,994.359 um_pwv,35.0,2.371 K,1.91959
20260210,102453.187871,102453.187871,0.0,816.835 um_pwv,997.171 um_pwv,35.0,2.49 K,1.92504
20260210,102454.148996,102454.148996,0.0,817.278 um_pwv,997.712 um_pwv,35.0,2.48 K,1.92609
20260210,102455.110669,102455.110669,0.0,818.579 um_pwv,999.3 um_pwv,35.0,2.306 K,1.92916
20260210,102456.069811,102456.069811,0.0,817.964 um_pwv,998.55 um_pwv,35.0,2.329 K,1.92771
20260210,102457.031142,102457.031142,0.0,818.862 um_pwv,999.646 um_pwv,35.0,2.162 K,1.92983
20260210,102457.987143,102457.987143,0.0,820.836 um_pwv,1002.06 um_pwv,35.0,2.143 K,1.93449
20260210,102458.950888,102458.950888,0.0,821.525 um_pwv,1002.9 um_pwv,35.0,2.057 K,1.93612
20260210,102459.906755,102459.906755,0.0,822.548 um_pwv,1004.15 um_pwv,35.0,2.012 K,1.93854
20260210,102500.869577,102500.869577,0.0,822.966 um_pwv,1004.66 um_pwv,35.0,1.894 K,1.93953
20260210,102501.831388,102501.831388,0.0,825.622 um_pwv,1007.9 um_pwv,35.0,2.04 K,1.94580
20260210,102502.789720,102502.789720,0.0,825.712 um_pwv,1008.01 um_pwv,35.0,2.088 K,1.94602
20260210,102503.749282,102503.749282,0.0,825.916 um_pwv,1008.26 um_pwv,35.0,2.14 K,1.94650
20260210,102504.711046,102504.711046,0.0,829.707 um_pwv,1012.89 um_pwv,35.0,2.24 K,1.95546
20260210,102505.669421,102505.669421,0.0,830.135 um_pwv,1013.41 um_pwv,35.0,2.375 K,1.95647
20260210,102506.630766,102506.630766,0.0,830.782 um_pwv,1014.2 um_pwv,35.0,2.41 K,1.95800
20260210,102507.591440,102507.591440,0.0,831.819 um_pwv,1015.46 um_pwv,35.0,2.502 K,1.96045
20260210,102508.551101,102508.551101,0.0,827.152 um_pwv,1009.77 um_pwv,35.0,2.539 K,1.94942
20260210,102509.508717,102509.508717,0.0,827.58 um_pwv,1010.29 um_pwv,35.0,2.517 K,1.95043
20260210,102510.470092,102510.470092,0.0,824.063 um_pwv,1006 um_pwv,35.0,2.41 K,1.94212
20260210,102511.428828,102511.428828,0.0,819.601 um_pwv,1000.55 um_pwv,35.0,2.28 K,1.93158
20260210,102512.388335,102512.388335,0.0,818.46 um_pwv,999.156 um_pwv,35.0,2.341 K,1.92888
20260210,102513.349843,102513.349843,0.0,813.968 um_pwv,993.672 um_pwv,35.0,2.083 K,1.91827
20260210,102514.311147,102514.311147,0.0,810.318 um_pwv,989.215 um_pwv,35.0,2.215 K,1.90964
20260210,102515.269113,102515.269113,0.0,806.689 um_pwv,984.786 um_pwv,35.0,2.08 K,1.90106
20260210,102516.232012,102516.232012,0.0,809.681 um_pwv,988.438 um_pwv,35.0,2.108 K,1.90813
20260210,102517.187975,102517.187975,0.0,810.169 um_pwv,989.034 um_pwv,35.0,2.265 K,1.90929
20260210,102518.148491,102518.148491,0.0,811.762 um_pwv,990.978 um_pwv,35.0,2.328 K,1.91305
20260210,102519.106478,102519.106478,0.0,812.612 um_pwv,992.016 um_pwv,35.0,2.389 K,1.91506
20260210,102520.070322,102520.070322,0.0,813.443 um_pwv,993.031 um_pwv,35.0,2.472 K,1.91702
20260210,102521.029885,102521.029885,0.0,817.572 um_pwv,998.071 um_pwv,35.0,2.595 K,1.92678
20260210,102521.987134,102521.987134,0.0,817.298 um_pwv,997.737 um_pwv,35.0,2.583 K,1.92613
20260210,102522.949571,102522.949571,0.0,818.44 um_pwv,999.131 um_pwv,35.0,2.497 K,1.92883
20260210,102523.910457,102523.910457,0.0,817.803 um_pwv,998.353 um_pwv,35.0,2.416 K,1.92733
20260210,102524.866479,102524.866479,0.0,818.914 um_pwv,999.709 um_pwv,35.0,2.436 K,1.92995
20260210,102525.825391,102525.825391,0.0,819.905 um_pwv,1000.92 um_pwv,35.0,2.334 K,1.93229
20260210,102526.785046,102526.785046,0.0,818.328 um_pwv,998.994 um_pwv,35.0,2.155 K,1.92857
20260210,102527.745913,102527.745913,0.0,820.22 um_pwv,1001.3 um_pwv,35.0,2.128 K,1.93304
20260210,102528.710881,102528.710881,0.0,821.919 um_pwv,1003.38 um_pwv,35.0,2.015 K,1.93705
20260210,102529.665411,102529.665411,0.0,823.331 um_pwv,1005.1 um_pwv,35.0,2.096 K,1.94039
20260210,102530.629660,102530.629660,0.0,823.86 um_pwv,1005.75 um_pwv,35.0,1.963 K,1.94164
20260210,102531.589977,102531.589977,0.0,825.538 um_pwv,1007.8 um_pwv,35.0,2.083 K,1.94561
20260210,102532.547204,102532.547204,0.0,825.867 um_pwv,1008.2 um_pwv,35.0,2.076 K,1.94638
20260210,102533.506742,102533.506742,0.0,830.065 um_pwv,1013.32 um_pwv,35.0,2.256 K,1.95630
20260210,102534.468547,102534.468547,0.0,830.668 um_pwv,1014.06 um_pwv,35.0,2.317 K,1.95773
20260210,102535.430134,102535.430134,0.0,830.77 um_pwv,1014.18 um_pwv,35.0,2.375 K,1.95797
20260210,102536.390508,102536.390508,0.0,832.629 um_pwv,1016.45 um_pwv,35.0,2.501 K,1.96236
20260210,102537.351340,102537.351340,0.0,831.427 um_pwv,1014.98 um_pwv,35.0,2.545 K,1.95952
20260210,102538.311575,102538.311575,0.0,828.918 um_pwv,1011.92 um_pwv,35.0,2.446 K,1.95359
20260210,102539.267451,102539.267451,0.0,827.692 um_pwv,1010.42 um_pwv,35.0,2.516 K,1.95070
20260210,102540.230897,102540.230897,0.0,823.625 um_pwv,1005.46 um_pwv,35.0,2.318 K,1.94109
20260210,102541.190654,102541.190654,0.0,820.44 um_pwv,1001.57 um_pwv,35.0,2.28 K,1.93356
20260210,102542.145651,102542.145651,0.0,818.602 um_pwv,999.328 um_pwv,35.0,2.221 K,1.92921
20260210,102543.108134,102543.108134,0.0,813.587 um_pwv,993.206 um_pwv,35.0,2.216 K,1.91736
20260210,102544.070468,102544.070468,0.0,810.878 um_pwv,989.899 um_pwv,35.0,2.18 K,1.91096
20260210,102545.027448,102545.027448,0.0,809.51 um_pwv,988.229 um_pwv,35.0,2.152 K,1.90773
20260210,102545.988461,102545.988461,0.0,811.481 um_pwv,990.636 um_pwv,35.0,2.198 K,1.91239
20260210,102546.950181,102546.950181,0.0,812.223 um_pwv,991.541 um_pwv,35.0,2.242 K,1.91414
20260210,102547.910594,102547.910594,0.0,811.65 um_pwv,990.842 um_pwv,35.0,2.319 K,1.91279
20260210,102548.869746,102548.869746,0.0,812.993 um_pwv,992.481 um_pwv,35.0,2.391 K,1.91596
20260210,102549.826993,102549.826993,0.0,814.459 um_pwv,994.271 um_pwv,35.0,2.449 K,1.91943
20260210,102550.789989,102550.789989,0.0,818.247 um_pwv,998.895 um_pwv,35.0,2.588 K,1.92838
20260210,102551.751362,102551.751362,0.0,819.783 um_pwv,1000.77 um_pwv,35.0,2.767 K,1.93201
20260210,102552.707860,102552.707860,0.0,819.197 um_pwv,1000.05 um_pwv,35.0,2.623 K,1.93062
20260210,102553.671552,102553.671552,0.0,818.743 um_pwv,999.501 um_pwv,35.0,2.448 K,1.92955
20260210,102554.631468,102554.631468,0.0,819.035 um_pwv,999.857 um_pwv,35.0,2.391 K,1.93024
20260210,102555.587191,102555.587191,0.0,819.237 um_pwv,1000.1 um_pwv,35.0,2.255 K,1.93072
20260210,102556.550019,102556.550019,0.0,819.237 um_pwv,1000.1 um_pwv,35.0,2.103 K,1.93072
20260210,102557.507737,102557.507737,0.0,820.917 um_pwv,1002.15 um_pwv,35.0,2.138 K,1.93469
20260210,102558.468113,102558.468113,0.0,820.775 um_pwv,1001.98 um_pwv,35.0,1.999 K,1.93435
20260210,102559.429277,102559.429277,0.0,823.076 um_pwv,1004.79 um_pwv,35.0,1.892 K,1.93979
20260210,102600.391195,102600.391195,0.0,825.153 um_pwv,1007.33 um_pwv,35.0,1.941 K,1.94470
20260210,102601.351705,102601.351705,0.0,826.548 um_pwv,1009.03 um_pwv,35.0,2.039 K,1.94799
20260210,102602.311230,102602.311230,0.0,826.997 um_pwv,1009.58 um_pwv,35.0,2.132 K,1.94905
20260210,102603.271655,102603.271655,0.0,829.275 um_pwv,1012.36 um_pwv,35.0,2.175 K,1.95444
20260210,102604.228116,102604.228116,0.0,830.896 um_pwv,1014.34 um_pwv,35.0,2.351 K,1.95827
20260210,102605.187959,102605.187959,0.0,831.069 um_pwv,1014.55 um_pwv,35.0,2.359 K,1.95868
20260210,102606.151743,102606.151743,0.0,831.984 um_pwv,1015.66 um_pwv,35.0,2.483 K,1.96084
20260210,102607.108249,102607.108249,0.0,830.24 um_pwv,1013.54 um_pwv,35.0,2.508 K,1.95672
20260210,102608.069189,102608.069189,0.0,828.121 um_pwv,1010.95 um_pwv,35.0,2.51 K,1.95171
20260210,102609.031834,102609.031834,0.0,824.438 um_pwv,1006.45 um_pwv,35.0,2.366 K,1.94301
20260210,102609.989116,102609.989116,0.0,821.079 um_pwv,1002.35 um_pwv,35.0,2.32 K,1.93507
20260210,102610.951692,102610.951692,0.0,817.933 um_pwv,998.511 um_pwv,35.0,2.138 K,1.92763
20260210,102611.909651,102611.909651,0.0,814.91 um_pwv,994.822 um_pwv,35.0,2.064 K,1.92049
20260210,102612.869769,102612.869769,0.0,813.194 um_pwv,992.726 um_pwv,35.0,2.19 K,1.91643
20260210,102613.832299,102613.832299,0.0,808.132 um_pwv,986.547 um_pwv,35.0,2.076 K,1.90447
20260210,102614.787929,102614.787929,0.0,808.52 um_pwv,987.02 um_pwv,35.0,2.172 K,1.90539
20260210,102615.749574,102615.749574,0.0,809.15 um_pwv,987.79 um_pwv,35.0,2.088 K,1.90688
20260210,102616.710164,102616.710164,0.0,809.421 um_pwv,988.121 um_pwv,35.0,2.141 K,1.90752
20260210,102617.668421,102617.668421,0.0,812.612 um_pwv,992.016 um_pwv,35.0,2.365 K,1.91506
20260210,102618.631695,102618.631695,0.0,812.924 um_pwv,992.398 um_pwv,35.0,2.359 K,1.91580
20260210,102619.586139,102619.586139,0.0,813.756 um_pwv,993.413 um_pwv,35.0,2.545 K,1.91776
20260210,102620.548233,102620.548233,0.0,815.626 um_pwv,995.695 um_pwv,35.0,2.455 K,1.92218
20260210,102621.511343,102621.511343,0.0,818.287 um_pwv,998.944 um_pwv,35.0,2.54 K,1.92847
20260210,102622.468306,102622.468306,0.0,820.037 um_pwv,1001.08 um_pwv,35.0,2.516 K,1.93261
20260210,102623.428867,102623.428867,0.0,819.552 um_pwv,1000.49 um_pwv,35.0,2.404 K,1.93146
20260210,102624.390555,102624.390555,0.0,818.417 um_pwv,999.103 um_pwv,35.0,2.341 K,1.92878
20260210,102625.346152,102625.346152,0.0,817.339 um_pwv,997.786 um_pwv,35.0,2.215 K,1.92623
20260210,102626.309801,102626.309801,0.0,818.914 um_pwv,999.709 um_pwv,35.0,2.085 K,1.92995
20260210,102627.271180,102627.271180,0.0,819.026 um_pwv,999.846 um_pwv,35.0,2.019 K,1.93022
20260210,102628.232095,102628.232095,0.0,819.621 um_pwv,1000.57 um_pwv,35.0,1.927 K,1.93162
20260210,102629.188097,102629.188097,0.0,821.96 um_pwv,1003.43 um_pwv,35.0,2.035 K,1.93715
20260210,102630.148054,102630.148054,0.0,824.002 um_pwv,1005.92 um_pwv,35.0,1.961 K,1.94198
20260210,102631.112537,102631.112537,0.0,826.038 um_pwv,1008.41 um_pwv,35.0,2.063 K,1.94679
20260210,102632.072478,102632.072478,0.0,827.986 um_pwv,1010.78 um_pwv,35.0,2.094 K,1.95139
20260210,102633.029058,102633.029058,0.0,828.745 um_pwv,1011.71 um_pwv,35.0,2.199 K,1.95319
20260210,102633.992711,102633.992711,0.0,829.687 um_pwv,1012.86 um_pwv,35.0,2.339 K,1.95541
20260210,102634.952371,102634.952371,0.0,832.104 um_pwv,1015.81 um_pwv,35.0,2.444 K,1.96112
20260210,102635.910166,102635.910166,0.0,831.655 um_pwv,1015.26 um_pwv,35.0,2.414 K,1.96006
20260210,102636.869437,102636.869437,0.0,828.714 um_pwv,1011.67 um_pwv,35.0,2.398 K,1.95311
20260210,102637.828565,102637.828565,0.0,827.835 um_pwv,1010.6 um_pwv,35.0,2.489 K,1.95103
20260210,102638.790798,102638.790798,0.0,826.05 um_pwv,1008.42 um_pwv,35.0,2.409 K,1.94682
20260210,102639.750443,102639.750443,0.0,822.142 um_pwv,1003.65 um_pwv,35.0,2.305 K,1.93758
20260210,102640.711260,102640.711260,0.0,818.619 um_pwv,999.35 um_pwv,35.0,2.226 K,1.92926
20260210,102641.668394,102641.668394,0.0,814.801 um_pwv,994.688 um_pwv,35.0,2.136 K,1.92023
20260210,102642.632641,102642.632641,0.0,810.709 um_pwv,989.693 um_pwv,35.0,2.108 K,1.91056
20260210,102643.592450,102643.592450,0.0,808.6 um_pwv,987.118 um_pwv,35.0,2.189 K,1.90558
20260210,102644.548153,102644.548153,0.0,808.831 um_pwv,987.4 um_pwv,35.0,2.152 K,1.90612
20260210,102645.511714,102645.511714,0.0,808.332 um_pwv,986.791 um_pwv,35.0,2.074 K,1.90494
20260210,102646.469441,102646.469441,0.0,808.272 um_pwv,986.718 um_pwv,35.0,2.182 K,1.90480
20260210,102647.432088,102647.432088,0.0,810.769 um_pwv,989.766 um_pwv,35.0,2.364 K,1.91070
20260210,102648.392248,102648.392248,0.0,811.63 um_pwv,990.817 um_pwv,35.0,2.404 K,1.91274
20260210,102649.348809,102649.348809,0.0,812.924 um_pwv,992.398 um_pwv,35.0,2.526 K,1.91580
20260210,102650.311492,102650.311492,0.0,816.431 um_pwv,996.679 um_pwv,35.0,2.581 K,1.92409
20260210,102651.272024,102651.272024,0.0,817.984 um_pwv,998.575 um_pwv,35.0,2.514 K,1.92776
20260210,102652.228192,102652.228192,0.0,820.014 um_pwv,1001.05 um_pwv,35.0,2.559 K,1.93255
20260210,102653.191367,102653.191367,0.0,820.604 um_pwv,1001.77 um_pwv,35.0,2.38 K,1.93395
20260210,102654.152569,102654.152569,0.0,818.974 um_pwv,999.783 um_pwv,35.0,2.306 K,1.93009
20260210,102655.108627,102655.108627,0.0,818.198 um_pwv,998.835 um_pwv,35.0,2.244 K,1.92826
20260210,102656.071151,102656.071151,0.0,819.327 um_pwv,1000.21 um_pwv,35.0,2.166 K,1.93093
20260210,102657.032706,102657.032706,0.0,819.997 um_pwv,1001.03 um_pwv,35.0,2.022 K,1.93251
20260210,102657.989843,102657.989843,0.0,822.539 um_pwv,1004.14 um_pwv,35.0,2.093 K,1.93852
20260210,102658.951753,102658.951753,0.0,821.618 um_pwv,1003.01 um_pwv,35.0,1.89 K,1.93634
20260210,102659.908377,102659.908377,0.0,822.934 um_pwv,1004.62 um_pwv,35.0,2.08 K,1.93945
20260210,102700.871164,102700.871164,0.0,826.03 um_pwv,1008.4 um_pwv,35.0,2.045 K,1.94677
20260210,102701.831322,102701.831322,0.0,828.661 um_pwv,1011.61 um_pwv,35.0,2.214 K,1.95299
20260210,102702.790214,102702.790214,0.0,829.07 um_pwv,1012.11 um_pwv,35.0,2.217 K,1.95395
20260210,102703.751732,102703.751732,0.0,830.383 um_pwv,1013.71 um_pwv,35.0,2.25 K,1.95706
20260210,102704.708372,102704.708372,0.0,831.388 um_pwv,1014.94 um_pwv,35.0,2.37 K,1.95943
20260210,102705.672582,102705.672582,0.0,830.823 um_pwv,1014.25 um_pwv,35.0,2.356 K,1.95810
20260210,102706.633097,102706.633097,0.0,829.132 um_pwv,1012.18 um_pwv,35.0,2.532 K,1.95410
20260210,102707.589270,102707.589270,0.0,826.152 um_pwv,1008.55 um_pwv,35.0,2.437 K,1.94706
20260210,102708.548684,102708.548684,0.0,823.86 um_pwv,1005.75 um_pwv,35.0,2.416 K,1.94164
20260210,102709.512918,102709.512918,0.0,821.768 um_pwv,1003.19 um_pwv,35.0,2.337 K,1.93670
20260210,102710.470945,102710.470945,0.0,819.511 um_pwv,1000.44 um_pwv,35.0,2.307 K,1.93136
20260210,102711.431765,102711.431765,0.0,813.736 um_pwv,993.388 um_pwv,35.0,2.23 K,1.91772
20260210,102712.391320,102712.391320,0.0,810.509 um_pwv,989.449 um_pwv,35.0,2.191 K,1.91009
20260210,102713.352689,102713.352689,0.0,810.849 um_pwv,989.864 um_pwv,35.0,2.193 K,1.91089
20260210,102714.309051,102714.309051,0.0,810.569 um_pwv,989.522 um_pwv,35.0,2.21 K,1.91023
20260210,102715.270678,102715.270678,0.0,810.958 um_pwv,989.997 um_pwv,35.0,2.193 K,1.91115
20260210,102716.232599,102716.232599,0.0,809.042 um_pwv,987.658 um_pwv,35.0,2.212 K,1.90662
20260210,102717.192068,102717.192068,0.0,810.581 um_pwv,989.536 um_pwv,35.0,2.33 K,1.91026
20260210,102718.153083,102718.153083,0.0,812.031 um_pwv,991.306 um_pwv,35.0,2.412 K,1.91369
20260210,102719.109889,102719.109889,0.0,812.942 um_pwv,992.418 um_pwv,35.0,2.422 K,1.91584
20260210,102720.069023,102720.069023,0.0,816.17 um_pwv,996.359 um_pwv,35.0,2.564 K,1.92347
20260210,102721.030998,102721.030998,0.0,819.096 um_pwv,999.931 um_pwv,35.0,2.596 K,1.93038
20260210,102721.992334,102721.992334,0.0,818.377 um_pwv,999.054 um_pwv,35.0,2.544 K,1.92868
20260210,102722.948809,102722.948809,0.0,819.722 um_pwv,1000.7 um_pwv,35.0,2.449 K,1.93186
20260210,102723.912462,102723.912462,0.0,819.107 um_pwv,999.945 um_pwv,35.0,2.389 K,1.93041
20260210,102724.872794,102724.872794,0.0,818.258 um_pwv,998.909 um_pwv,35.0,2.303 K,1.92840
20260210,102725.829747,102725.829747,0.0,818.267 um_pwv,998.92 um_pwv,35.0,2.103 K,1.92842
20260210,102726.788765,102726.788765,0.0,819.824 um_pwv,1000.82 um_pwv,35.0,2.021 K,1.93210
20260210,102727.752882,102727.752882,0.0,821.363 um_pwv,1002.7 um_pwv,35.0,2.09 K,1.93574
20260210,102728.706957,102728.706957,0.0,822.934 um_pwv,1004.62 um_pwv,35.0,2.007 K,1.93945
20260210,102729.667728,102729.667728,0.0,823.059 um_pwv,1004.77 um_pwv,35.0,2.001 K,1.93975
20260210,102730.629620,102730.629620,0.0,823.84 um_pwv,1005.72 um_pwv,35.0,2.069 K,1.94159
20260210,102731.590070,102731.590070,0.0,827.446 um_pwv,1010.13 um_pwv,35.0,2.21 K,1.95012
20260210,102732.551642,102732.551642,0.0,828.693 um_pwv,1011.65 um_pwv,35.0,2.257 K,1.95306
20260210,102733.508102,102733.508102,0.0,830.65 um_pwv,1014.04 um_pwv,35.0,2.347 K,1.95769
20260210,102734.471214,102734.471214,0.0,829.521 um_pwv,1012.66 um_pwv,35.0,2.433 K,1.95502
20260210,102735.429341,102735.429341,0.0,829.839 um_pwv,1013.05 um_pwv,35.0,2.565 K,1.95577
20260210,102736.392198,102736.392198,0.0,827.948 um_pwv,1010.74 um_pwv,35.0,2.445 K,1.95130
20260210,102737.352292,102737.352292,0.0,826.222 um_pwv,1008.63 um_pwv,35.0,2.591 K,1.94722
20260210,102738.309603,102738.309603,0.0,824.988 um_pwv,1007.12 um_pwv,35.0,2.423 K,1.94431
20260210,102739.269947,102739.269947,0.0,821.455 um_pwv,1002.81 um_pwv,35.0,2.403 K,1.93596
20260210,102740.231757,102740.231757,0.0,817.298 um_pwv,997.737 um_pwv,35.0,2.148 K,1.92613
20260210,102741.192447,102741.192447,0.0,811.742 um_pwv,990.954 um_pwv,35.0,2.158 K,1.91300
20260210,102742.150401,102742.150401,0.0,810.601 um_pwv,989.561 um_pwv,35.0,2.192 K,1.91031
20260210,102743.110935,102743.110935,0.0,808.631 um_pwv,987.156 um_pwv,35.0,2.148 K,1.90565
20260210,102744.071826,102744.071826,0.0,810.469 um_pwv,989.4 um_pwv,35.0,2.182 K,1.91000
20260210,102745.032773,102745.032773,0.0,809.461 um_pwv,988.17 um_pwv,35.0,2.296 K,1.90761
20260210,102745.990717,102745.990717,0.0,809.102 um_pwv,987.731 um_pwv,35.0,2.18 K,1.90676
20260210,102746.952200,102746.952200,0.0,809.218 um_pwv,987.873 um_pwv,35.0,2.347 K,1.90704
20260210,102747.909468,102747.909468,0.0,812.412 um_pwv,991.771 um_pwv,35.0,2.548 K,1.91459
20260210,102748.871552,102748.871552,0.0,813.897 um_pwv,993.584 um_pwv,35.0,2.498 K,1.91810
20260210,102749.829167,102749.829167,0.0,816.552 um_pwv,996.826 um_pwv,35.0,2.467 K,1.92437
20260210,102750.793652,102750.793652,0.0,818.42 um_pwv,999.106 um_pwv,35.0,2.574 K,1.92879
20260210,102751.748882,102751.748882,0.0,819.197 um_pwv,1000.05 um_pwv,35.0,2.56 K,1.93062
20260210,102752.712746,102752.712746,0.0,819.237 um_pwv,1000.1 um_pwv,35.0,2.433 K,1.93072
20260210,102753.667513,102753.667513,0.0,818.501 um_pwv,999.205 um_pwv,35.0,2.35 K,1.92898
20260210,102754.628681,102754.628681,0.0,819.136 um_pwv,999.98 um_pwv,35.0,2.256 K,1.93048
20260210,102755.590396,102755.590396,0.0,818.4 um_pwv,999.082 um_pwv,35.0,2.103 K,1.92874
20260210,102756.551999,102756.551999,0.0,820.674 um_pwv,1001.86 um_pwv,35.0,1.976 K,1.93411
20260210,102757.507978,102757.507978,0.0,821.363 um_pwv,1002.7 um_pwv,35.0,1.992 K,1.93574
20260210,102758.469992,102758.469992,0.0,822.803 um_pwv,1004.46 um_pwv,35.0,1.871 K,1.93914
20260210,102759.430408,102759.430408,0.0,823.77 um_pwv,1005.64 um_pwv,35.0,2.015 K,1.94143
20260210,102800.391665,102800.391665,0.0,824.563 um_pwv,1006.61 um_pwv,35.0,2.09 K,1.94330
20260210,102801.350396,102801.350396,0.0,825.235 um_pwv,1007.43 um_pwv,35.0,2.105 K,1.94489
20260210,102802.311235,102802.311235,0.0,828.048 um_pwv,1010.86 um_pwv,35.0,2.223 K,1.95154
20260210,102803.272217,102803.272217,0.0,829.544 um_pwv,1012.69 um_pwv,35.0,2.338 K,1.95507
20260210,102804.229425,102804.229425,0.0,830.065 um_pwv,1013.32 um_pwv,35.0,2.368 K,1.95630
20260210,102805.194597,102805.194597,0.0,830.076 um_pwv,1013.34 um_pwv,35.0,2.485 K,1.95633
20260210,102806.149471,102806.149471,0.0,828.693 um_pwv,1011.65 um_pwv,35.0,2.484 K,1.95306
20260210,102807.111655,102807.111655,0.0,826.639 um_pwv,1009.14 um_pwv,35.0,2.489 K,1.94821
20260210,102808.072106,102808.072106,0.0,824.319 um_pwv,1006.31 um_pwv,35.0,2.432 K,1.94273
20260210,102809.031719,102809.031719,0.0,819.884 um_pwv,1000.89 um_pwv,35.0,2.244 K,1.93225
20260210,102809.992504,102809.992504,0.0,815.718 um_pwv,995.808 um_pwv,35.0,2.216 K,1.92240
20260210,102810.952331,102810.952331,0.0,811.098 um_pwv,990.168 um_pwv,35.0,2.133 K,1.91148
20260210,102811.912159,102811.912159,0.0,810.581 um_pwv,989.536 um_pwv,35.0,2.085 K,1.91026
20260210,102812.872802,102812.872802,0.0,811.619 um_pwv,990.803 um_pwv,35.0,2.168 K,1.91271
20260210,102813.827651,102813.827651,0.0,809.661 um_pwv,988.413 um_pwv,35.0,2.073 K,1.90809
20260210,102814.792479,102814.792479,0.0,808.124 um_pwv,986.537 um_pwv,35.0,2.178 K,1.90445
20260210,102815.750721,102815.750721,0.0,808.132 um_pwv,986.547 um_pwv,35.0,2.227 K,1.90447
20260210,102816.712006,102816.712006,0.0,809.022 um_pwv,987.633 um_pwv,35.0,2.359 K,1.90658
20260210,102817.669791,102817.669791,0.0,812.403 um_pwv,991.761 um_pwv,35.0,2.346 K,1.91457
20260210,102818.633273,102818.633273,0.0,814.781 um_pwv,994.664 um_pwv,35.0,2.481 K,1.92019
20260210,102819.592593,102819.592593,0.0,817.895 um_pwv,998.465 um_pwv,35.0,2.677 K,1.92754
20260210,102820.547731,102820.547731,0.0,819.905 um_pwv,1000.92 um_pwv,35.0,2.563 K,1.93229
20260210,102821.508297,102821.508297,0.0,819.662 um_pwv,1000.62 um_pwv,35.0,2.51 K,1.93172
20260210,102822.469096,102822.469096,0.0,820.289 um_pwv,1001.39 um_pwv,35.0,2.498 K,1.93320
20260210,102823.430136,102823.430136,0.0,818.117 um_pwv,998.737 um_pwv,35.0,2.285 K,1.92807
20260210,102824.387991,102824.387991,0.0,818.51 um_pwv,999.216 um_pwv,35.0,2.241 K,1.92900
20260210,102825.353409,102825.353409,0.0,819.217 um_pwv,1000.08 um_pwv,35.0,2.043 K,1.93067
20260210,102826.313029,102826.313029,0.0,820.39 um_pwv,1001.51 um_pwv,35.0,2.023 K,1.93344
20260210,102827.270802,102827.270802,0.0,821.98 um_pwv,1003.45 um_pwv,35.0,1.966 K,1.93720
20260210,102828.232176,102828.232176,0.0,823.157 um_pwv,1004.89 um_pwv,35.0,1.97 K,1.93998
20260210,102829.193881,102829.193881,0.0,825.602 um_pwv,1007.87 um_pwv,35.0,2.035 K,1.94576
20260210,102830.151651,102830.151651,0.0,824.267 um_pwv,1006.24 um_pwv,35.0,2.021 K,1.94260
20260210,102831.111379,102831.111379,0.0,825.875 um_pwv,1008.21 um_pwv,35.0,2.074 K,1.94640
20260210,102832.071396,102832.071396,0.0,829.184 um_pwv,1012.25 um_pwv,35.0,2.274 K,1.95422
20260210,102833.032095,102833.032095,0.0,829.523 um_pwv,1012.66 um_pwv,35.0,2.272 K,1.95502
20260210,102833.991786,102833.991786,0.0,831.007 um_pwv,1014.47 um_pwv,35.0,2.497 K,1.95853
20260210,102834.953815,102834.953815,0.0,830.556 um_pwv,1013.92 um_pwv,35.0,2.508 K,1.95747
20260210,102835.910403,102835.910403,0.0,829.082 um_pwv,1012.12 um_pwv,35.0,2.457 K,1.95398
20260210,102836.873079,102836.873079,0.0,826.764 um_pwv,1009.29 um_pwv,35.0,2.485 K,1.94850
20260210,102837.829748,102837.829748,0.0,825.06 um_pwv,1007.21 um_pwv,35.0,2.506 K,1.94448
20260210,102838.793854,102838.793854,0.0,819.783 um_pwv,1000.77 um_pwv,35.0,2.31 K,1.93201
20260210,102839.751162,102839.751162,0.0,816.02 um_pwv,996.176 um_pwv,35.0,2.342 K,1.92311
20260210,102840.711465,102840.711465,0.0,811.69 um_pwv,990.891 um_pwv,35.0,2.293 K,1.91288
20260210,102841.669632,102841.669632,0.0,809.849 um_pwv,988.643 um_pwv,35.0,2.128 K,1.90853
20260210,102842.628851,102842.628851,0.0,811.799 um_pwv,991.023 um_pwv,35.0,2.215 K,1.91314
20260210,102843.589443,102843.589443,0.0,808.36 um_pwv,986.826 um_pwv,35.0,2.168 K,1.90501
20260210,102844.552026,102844.552026,0.0,807.506 um_pwv,985.783 um_pwv,35.0,2.207 K,1.90299
20260210,102845.511361,102845.511361,0.0,808.842 um_pwv,987.414 um_pwv,35.0,2.348 K,1.90615
20260210,102846.472179,102846.472179,0.0,811.87 um_pwv,991.111 um_pwv,35.0,2.368 K,1.91331
20260210,102847.433492,102847.433492,0.0,813.868 um_pwv,993.549 um_pwv,35.0,2.501 K,1.91803
20260210,102848.388251,102848.388251,0.0,816.302 um_pwv,996.521 um_pwv,35.0,2.592 K,1.92378
20260210,102849.348471,102849.348471,0.0,818.772 um_pwv,999.536 um_pwv,35.0,2.63 K,1.92962
20260210,102850.314870,102850.314870,0.0,818.256 um_pwv,998.906 um_pwv,35.0,2.544 K,1.92840
20260210,102851.271511,102851.271511,0.0,819.367 um_pwv,1000.26 um_pwv,35.0,2.52 K,1.93102
20260210,102852.230854,102852.230854,0.0,820.431 um_pwv,1001.56 um_pwv,35.0,2.452 K,1.93354
20260210,102853.194166,102853.194166,0.0,819.812 um_pwv,1000.81 um_pwv,35.0,2.353 K,1.93207
20260210,102854.151830,102854.151830,0.0,818.085 um_pwv,998.698 um_pwv,35.0,2.121 K,1.92799
20260210,102855.113627,102855.113627,0.0,818.821 um_pwv,999.596 um_pwv,35.0,2.072 K,1.92973
20260210,102856.070163,102856.070163,0.0,820.197 um_pwv,1001.28 um_pwv,35.0,2.003 K,1.93298
20260210,102857.033524,102857.033524,0.0,822.296 um_pwv,1003.84 um_pwv,35.0,2.059 K,1.93794
20260210,102857.993512,102857.993512,0.0,825.416 um_pwv,1007.65 um_pwv,35.0,2.043 K,1.94532
20260210,102858.953993,102858.953993,0.0,823.697 um_pwv,1005.55 um_pwv,35.0,1.967 K,1.94126
20260210,102859.910276,102859.910276,0.0,826.61 um_pwv,1009.1 um_pwv,35.0,2.177 K,1.94814
20260210,102900.873281,102900.873281,0.0,825.579 um_pwv,1007.85 um_pwv,35.0,2.154 K,1.94570
20260210,102901.829883,102901.829883,0.0,827.805 um_pwv,1010.56 um_pwv,35.0,2.235 K,1.95096
20260210,102902.792778,102902.792778,0.0,831.438 um_pwv,1015 um_pwv,35.0,2.358 K,1.95955
20260210,102903.752928,102903.752928,0.0,830.732 um_pwv,1014.14 um_pwv,35.0,2.454 K,1.95788
20260210,102904.710515,102904.710515,0.0,830.638 um_pwv,1014.02 um_pwv,35.0,2.533 K,1.95766
20260210,102905.670431,102905.670431,0.0,829.994 um_pwv,1013.24 um_pwv,35.0,2.408 K,1.95614
20260210,102906.633162,102906.633162,0.0,827.242 um_pwv,1009.88 um_pwv,35.0,2.407 K,1.94963
20260210,102907.588822,102907.588822,0.0,822.447 um_pwv,1004.02 um_pwv,35.0,2.361 K,1.93830
20260210,102908.553332,102908.553332,0.0,819.055 um_pwv,999.882 um_pwv,35.0,2.375 K,1.93029
20260210,102909.510741,102909.510741,0.0,814.881 um_pwv,994.787 um_pwv,35.0,2.289 K,1.92042
20260210,102910.472200,102910.472200,0.0,810.878 um_pwv,989.899 um_pwv,35.0,2.11 K,1.91096
20260210,102911.433754,102911.433754,0.0,811.418 um_pwv,990.559 um_pwv,35.0,2.045 K,1.91224
20260210,102912.392349,102912.392349,0.0,809.869 um_pwv,988.668 um_pwv,35.0,2.128 K,1.90858
20260210,102913.349329,102913.349329,0.0,809.558 um_pwv,988.288 um_pwv,35.0,2.103 K,1.90784
20260210,102914.310735,102914.310735,0.0,807.227 um_pwv,985.442 um_pwv,35.0,2.136 K,1.90233
20260210,102915.272925,102915.272925,0.0,809.358 um_pwv,988.044 um_pwv,35.0,2.334 K,1.90737
20260210,102916.230664,102916.230664,0.0,811.209 um_pwv,990.304 um_pwv,35.0,2.427 K,1.91175
20260210,102917.193618,102917.193618,0.0,814.319 um_pwv,994.099 um_pwv,35.0,2.41 K,1.91909
20260210,102918.150058,102918.150058,0.0,815.586 um_pwv,995.646 um_pwv,35.0,2.576 K,1.92209
20260210,102919.111341,102919.111341,0.0,818.065 um_pwv,998.673 um_pwv,35.0,2.537 K,1.92795
20260210,102920.069237,102920.069237,0.0,819.217 um_pwv,1000.08 um_pwv,35.0,2.528 K,1.93067
20260210,102921.032851,102921.032851,0.0,818.178 um_pwv,998.81 um_pwv,35.0,2.453 K,1.92821
20260210,102921.988820,102921.988820,0.0,819.5 um_pwv,1000.42 um_pwv,35.0,2.346 K,1.93134
20260210,102922.953264,102922.953264,0.0,819.491 um_pwv,1000.41 um_pwv,35.0,2.33 K,1.93132
20260210,102923.914816,102923.914816,0.0,820.017 um_pwv,1001.06 um_pwv,35.0,2.212 K,1.93256
20260210,102924.871985,102924.871985,0.0,818.57 um_pwv,999.29 um_pwv,35.0,2.034 K,1.92914
20260210,102925.828577,102925.828577,0.0,820.937 um_pwv,1002.18 um_pwv,35.0,1.969 K,1.93473
20260210,102926.789764,102926.789764,0.0,822.844 um_pwv,1004.51 um_pwv,35.0,2.002 K,1.93924
20260210,102927.752794,102927.752794,0.0,824.642 um_pwv,1006.7 um_pwv,35.0,2.006 K,1.94349
20260210,102928.712997,102928.712997,0.0,824.583 um_pwv,1006.63 um_pwv,35.0,2.077 K,1.94335
20260210,102929.674719,102929.674719,0.0,824.674 um_pwv,1006.74 um_pwv,35.0,2.102 K,1.94356
20260210,102930.634437,102930.634437,0.0,826.854 um_pwv,1009.4 um_pwv,35.0,2.184 K,1.94872
20260210,102931.590849,102931.590849,0.0,829.602 um_pwv,1012.76 um_pwv,35.0,2.294 K,1.95521
20260210,102932.552716,102932.552716,0.0,830.987 um_pwv,1014.45 um_pwv,35.0,2.419 K,1.95848
20260210,102933.514139,102933.514139,0.0,830.925 um_pwv,1014.37 um_pwv,35.0,2.418 K,1.95834
20260210,102934.474613,102934.474613,0.0,830.34 um_pwv,1013.66 um_pwv,35.0,2.525 K,1.95695
20260210,102935.431140,102935.431140,0.0,829.707 um_pwv,1012.89 um_pwv,35.0,2.525 K,1.95546
20260210,102936.392783,102936.392783,0.0,827.222 um_pwv,1009.85 um_pwv,35.0,2.496 K,1.94959
20260210,102937.354635,102937.354635,0.0,822.824 um_pwv,1004.48 um_pwv,35.0,2.396 K,1.93919
20260210,102938.312170,102938.312170,0.0,816.049 um_pwv,996.212 um_pwv,35.0,2.325 K,1.92318
20260210,102939.274207,102939.274207,0.0,812.452 um_pwv,991.82 um_pwv,35.0,2.245 K,1.91468
20260210,102940.233626,102940.233626,0.0,811.962 um_pwv,991.223 um_pwv,35.0,2.156 K,1.91352
20260210,102941.194131,102941.194131,0.0,812.182 um_pwv,991.492 um_pwv,35.0,2.176 K,1.91404
20260210,102942.152156,102942.152156,0.0,809.29 um_pwv,987.96 um_pwv,35.0,2.147 K,1.90721
20260210,102943.114433,102943.114433,0.0,809.11 um_pwv,987.741 um_pwv,35.0,2.207 K,1.90678
20260210,102944.071211,102944.071211,0.0,807.913 um_pwv,986.28 um_pwv,35.0,2.222 K,1.90395
20260210,102945.032267,102945.032267,0.0,807.762 um_pwv,986.095 um_pwv,35.0,2.248 K,1.90360
20260210,102945.993607,102945.993607,0.0,810.369 um_pwv,989.278 um_pwv,35.0,2.409 K,1.90976
20260210,102946.953015,102946.953015,0.0,813.808 um_pwv,993.476 um_pwv,35.0,2.42 K,1.91789
20260210,102947.911217,102947.911217,0.0,816.411 um_pwv,996.654 um_pwv,35.0,2.519 K,1.92404
20260210,102948.871459,102948.871459,0.0,816.633 um_pwv,996.925 um_pwv,35.0,2.582 K,1.92456
20260210,102949.834175,102949.834175,0.0,818.873 um_pwv,999.66 um_pwv,35.0,2.494 K,1.92986
20260210,102950.794474,102950.794474,0.0,819.277 um_pwv,1000.15 um_pwv,35.0,2.466 K,1.93081
20260210,102951.751014,102951.751014,0.0,818.267 um_pwv,998.92 um_pwv,35.0,2.332 K,1.92842
20260210,102952.713572,102952.713572,0.0,819.812 um_pwv,1000.81 um_pwv,35.0,2.252 K,1.93207
20260210,102953.674875,102953.674875,0.0,817.46 um_pwv,997.934 um_pwv,35.0,2.105 K,1.92652
20260210,102954.632510,102954.632510,0.0,819.347 um_pwv,1000.24 um_pwv,35.0,2.067 K,1.93098
20260210,102955.593197,102955.593197,0.0,819.653 um_pwv,1000.61 um_pwv,35.0,1.879 K,1.93170
20260210,102956.553564,102956.553564,0.0,823.006 um_pwv,1004.71 um_pwv,35.0,1.926 K,1.93962
20260210,102957.513610,102957.513610,0.0,823.027 um_pwv,1004.73 um_pwv,35.0,1.855 K,1.93967
20260210,102958.469539,102958.469539,0.0,826.641 um_pwv,1009.14 um_pwv,35.0,1.976 K,1.94821
20260210,102959.430584,102959.430584,0.0,825.977 um_pwv,1008.33 um_pwv,35.0,2.12 K,1.94664
20260210,103000.389963,103000.389963,0.0,827.435 um_pwv,1010.11 um_pwv,35.0,2.117 K,1.95009
20260210,103001.351476,103001.351476,0.0,831.242 um_pwv,1014.76 um_pwv,35.0,2.289 K,1.95909
20260210,103002.311406,103002.311406,0.0,830.29 um_pwv,1013.6 um_pwv,35.0,2.29 K,1.95684
20260210,103003.272455,103003.272455,0.0,830.843 um_pwv,1014.27 um_pwv,35.0,2.422 K,1.95814
20260210,103004.232862,103004.232862,0.0,829.778 um_pwv,1012.97 um_pwv,35.0,2.343 K,1.95563
20260210,103005.189043,103005.189043,0.0,829.45 um_pwv,1012.57 um_pwv,35.0,2.437 K,1.95485
20260210,103006.154859,103006.154859,0.0,825.844 um_pwv,1008.17 um_pwv,35.0,2.371 K,1.94633
20260210,103007.113652,103007.113652,0.0,820.503 um_pwv,1001.65 um_pwv,35.0,2.241 K,1.93371
20260210,103008.068944,103008.068944,0.0,814.077 um_pwv,993.805 um_pwv,35.0,2.117 K,1.91852
20260210,103009.031356,103009.031356,0.0,813.214 um_pwv,992.751 um_pwv,35.0,2.206 K,1.91648
20260210,103009.993543,103009.993543,0.0,810.921 um_pwv,989.951 um_pwv,35.0,2.086 K,1.91106
20260210,103010.953430,103010.953430,0.0,810.641 um_pwv,989.609 um_pwv,35.0,2.049 K,1.91040
20260210,103011.912374,103011.912374,0.0,808.782 um_pwv,987.341 um_pwv,35.0,2.178 K,1.90601
20260210,103012.873094,103012.873094,0.0,809.142 um_pwv,987.779 um_pwv,35.0,2.156 K,1.90686
20260210,103013.831271,103013.831271,0.0,809.658 um_pwv,988.41 um_pwv,35.0,2.287 K,1.90808
20260210,103014.795337,103014.795337,0.0,809.298 um_pwv,987.971 um_pwv,35.0,2.29 K,1.90723
20260210,103015.753382,103015.753382,0.0,813.326 um_pwv,992.887 um_pwv,35.0,2.424 K,1.91675
20260210,103016.714651,103016.714651,0.0,815.755 um_pwv,995.853 um_pwv,35.0,2.556 K,1.92249
20260210,103017.671100,103017.671100,0.0,819.197 um_pwv,1000.05 um_pwv,35.0,2.634 K,1.93062
20260210,103018.631245,103018.631245,0.0,816.129 um_pwv,996.31 um_pwv,35.0,2.467 K,1.92337
20260210,103019.592870,103019.592870,0.0,818.319 um_pwv,998.983 um_pwv,35.0,2.463 K,1.92855
20260210,103020.551526,103020.551526,0.0,819.691 um_pwv,1000.66 um_pwv,35.0,2.422 K,1.93179
20260210,103021.515347,103021.515347,0.0,819.075 um_pwv,999.906 um_pwv,35.0,2.357 K,1.93033
20260210,103022.472241,103022.472241,0.0,820.359 um_pwv,1001.47 um_pwv,35.0,2.216 K,1.93337
20260210,103023.433644,103023.433644,0.0,818.68 um_pwv,999.424 um_pwv,35.0,2.095 K,1.92940
20260210,103024.394755,103024.394755,0.0,817.682 um_pwv,998.205 um_pwv,35.0,1.966 K,1.92704
20260210,103025.355046,103025.355046,0.0,819.772 um_pwv,1000.76 um_pwv,35.0,1.885 K,1.93198
20260210,103026.315096,103026.315096,0.0,823.25 um_pwv,1005 um_pwv,35.0,1.934 K,1.94020
20260210,103027.277347,103027.277347,0.0,826.17 um_pwv,1008.57 um_pwv,35.0,2.034 K,1.94710
20260210,103028.235797,103028.235797,0.0,827.088 um_pwv,1009.69 um_pwv,35.0,2.024 K,1.94927
20260210,103029.189833,103029.189833,0.0,828.243 um_pwv,1011.1 um_pwv,35.0,2.14 K,1.95200
20260210,103030.152721,103030.152721,0.0,828.529 um_pwv,1011.45 um_pwv,35.0,2.157 K,1.95268
20260210,103031.115662,103031.115662,0.0,831.676 um_pwv,1015.29 um_pwv,35.0,2.223 K,1.96011
20260210,103032.073658,103032.073658,0.0,831.685 um_pwv,1015.3 um_pwv,35.0,2.351 K,1.96013
20260210,103033.034020,103033.034020,0.0,831.049 um_pwv,1014.52 um_pwv,35.0,2.385 K,1.95863
20260210,103033.995213,103033.995213,0.0,831.509 um_pwv,1015.08 um_pwv,35.0,2.393 K,1.95972
20260210,103034.955432,103034.955432,0.0,828.623 um_pwv,1011.56 um_pwv,35.0,2.361 K,1.95290
20260210,103035.912350,103035.912350,0.0,825.203 um_pwv,1007.39 um_pwv,35.0,2.348 K,1.94481
20260210,103036.873637,103036.873637,0.0,819.722 um_pwv,1000.7 um_pwv,35.0,2.236 K,1.93186
20260210,103037.831048,103037.831048,0.0,814.821 um_pwv,994.713 um_pwv,35.0,2.194 K,1.92028
20260210,103038.794167,103038.794167,0.0,812.764 um_pwv,992.202 um_pwv,35.0,2.091 K,1.91542
20260210,103039.751438,103039.751438,0.0,811.141 um_pwv,990.22 um_pwv,35.0,1.934 K,1.91158
20260210,103040.715391,103040.715391,0.0,809.589 um_pwv,988.326 um_pwv,35.0,2.107 K,1.90792
20260210,103041.671736,103041.671736,0.0,807.805 um_pwv,986.148 um_pwv,35.0,1.985 K,1.90370
20260210,103042.634872,103042.634872,0.0,807.028 um_pwv,985.199 um_pwv,35.0,2.098 K,1.90186
20260210,103043.595502,103043.595502,0.0,807.913 um_pwv,986.28 um_pwv,35.0,2.154 K,1.90395
20260210,103044.552835,103044.552835,0.0,811.49 um_pwv,990.646 um_pwv,35.0,2.277 K,1.91241
20260210,103045.515497,103045.515497,0.0,813.194 um_pwv,992.726 um_pwv,35.0,2.355 K,1.91643
20260210,103046.473315,103046.473315,0.0,815.626 um_pwv,995.695 um_pwv,35.0,2.488 K,1.92218
20260210,103047.434270,103047.434270,0.0,814.56 um_pwv,994.394 um_pwv,35.0,2.376 K,1.91966
20260210,103048.395382,103048.395382,0.0,816.443 um_pwv,996.693 um_pwv,35.0,2.514 K,1.92411
20260210,103049.350082,103049.350082,0.0,816.884 um_pwv,997.231 um_pwv,35.0,2.529 K,1.92515
20260210,103050.311342,103050.311342,0.0,816.472 um_pwv,996.728 um_pwv,35.0,2.373 K,1.92418
20260210,103051.270815,103051.270815,0.0,817.258 um_pwv,997.688 um_pwv,35.0,2.286 K,1.92604
20260210,103052.235262,103052.235262,0.0,817.702 um_pwv,998.23 um_pwv,35.0,2.102 K,1.92709
20260210,103053.191253,103053.191253,0.0,816.935 um_pwv,997.294 um_pwv,35.0,2.029 K,1.92528
20260210,103054.152837,103054.152837,0.0,818.44 um_pwv,999.131 um_pwv,35.0,1.958 K,1.92883
20260210,103055.113146,103055.113146,0.0,820.625 um_pwv,1001.8 um_pwv,35.0,1.935 K,1.93399
20260210,103056.074204,103056.074204,0.0,822.998 um_pwv,1004.69 um_pwv,35.0,1.918 K,1.93960
20260210,103057.035974,103057.035974,0.0,825.203 um_pwv,1007.39 um_pwv,35.0,1.844 K,1.94481
20260210,103057.992021,103057.992021,0.0,827.018 um_pwv,1009.6 um_pwv,35.0,1.972 K,1.94910
20260210,103058.955074,103058.955074,0.0,826.825 um_pwv,1009.37 um_pwv,35.0,2.107 K,1.94865
20260210,103059.913333,103059.913333,0.0,830.987 um_pwv,1014.45 um_pwv,35.0,2.177 K,1.95848
20260210,103100.870325,103100.870325,0.0,831.479 um_pwv,1015.05 um_pwv,35.0,2.233 K,1.95965
20260210,103101.830083,103101.830083,0.0,833.42 um_pwv,1017.42 um_pwv,35.0,2.422 K,1.96423
20260210,103102.792625,103102.792625,0.0,832.527 um_pwv,1016.33 um_pwv,35.0,2.389 K,1.96212
20260210,103103.755788,103103.755788,0.0,832.045 um_pwv,1015.74 um_pwv,35.0,2.442 K,1.96098
20260210,103104.711423,103104.711423,0.0,828.509 um_pwv,1011.42 um_pwv,35.0,2.363 K,1.95263
20260210,103105.674109,103105.674109,0.0,824.947 um_pwv,1007.07 um_pwv,35.0,2.288 K,1.94421
20260210,103106.634515,103106.634515,0.0,820.228 um_pwv,1001.31 um_pwv,35.0,2.255 K,1.93306
20260210,103107.595804,103107.595804,0.0,815.957 um_pwv,996.099 um_pwv,35.0,2.163 K,1.92296
20260210,103108.556130,103108.556130,0.0,812.841 um_pwv,992.296 um_pwv,35.0,2.076 K,1.91560
20260210,103109.512068,103109.512068,0.0,810.909 um_pwv,989.937 um_pwv,35.0,2.119 K,1.91104
20260210,103110.472010,103110.472010,0.0,808.751 um_pwv,987.302 um_pwv,35.0,2.12 K,1.90593
20260210,103111.433408,103111.433408,0.0,807.534 um_pwv,985.817 um_pwv,35.0,2.055 K,1.90306
20260210,103112.389946,103112.389946,0.0,806.629 um_pwv,984.713 um_pwv,35.0,1.995 K,1.90092
20260210,103113.353883,103113.353883,0.0,809.062 um_pwv,987.682 um_pwv,35.0,2.229 K,1.90667
20260210,103114.314011,103114.314011,0.0,812.022 um_pwv,991.296 um_pwv,35.0,2.316 K,1.91367
20260210,103115.274034,103115.274034,0.0,814.428 um_pwv,994.233 um_pwv,35.0,2.399 K,1.91935
20260210,103116.236008,103116.236008,0.0,815.022 um_pwv,994.958 um_pwv,35.0,2.367 K,1.92076
20260210,103117.192979,103117.192979,0.0,816.161 um_pwv,996.349 um_pwv,35.0,2.459 K,1.92345
20260210,103118.149941,103118.149941,0.0,817.811 um_pwv,998.363 um_pwv,35.0,2.435 K,1.92735
20260210,103119.113401,103119.113401,0.0,816.008 um_pwv,996.162 um_pwv,35.0,2.423 K,1.92309
20260210,103120.076698,103120.076698,0.0,816.241 um_pwv,996.447 um_pwv,35.0,2.354 K,1.92364
20260210,103121.034637,103121.034637,0.0,816.431 um_pwv,996.679 um_pwv,35.0,2.206 K,1.92409
20260210,103121.994162,103121.994162,0.0,817.226 um_pwv,997.649 um_pwv,35.0,2.105 K,1.92596
20260210,103122.955827,103122.955827,0.0,818.611 um_pwv,999.339 um_pwv,35.0,2.034 K,1.92924
20260210,103123.916275,103123.916275,0.0,818.582 um_pwv,999.304 um_pwv,35.0,1.975 K,1.92917
20260210,103124.872181,103124.872181,0.0,820.613 um_pwv,1001.78 um_pwv,35.0,1.844 K,1.93397
20260210,103125.833628,103125.833628,0.0,821.128 um_pwv,1002.41 um_pwv,35.0,1.797 K,1.93519
20260210,103126.793734,103126.793734,0.0,825.631 um_pwv,1007.91 um_pwv,35.0,1.822 K,1.94583
20260210,103127.754705,103127.754705,0.0,827.896 um_pwv,1010.67 um_pwv,35.0,2.007 K,1.95118
20260210,103128.716455,103128.716455,0.0,830.864 um_pwv,1014.3 um_pwv,35.0,2.149 K,1.95819
20260210,103129.677489,103129.677489,0.0,832.239 um_pwv,1015.98 um_pwv,35.0,2.213 K,1.96144
20260210,103130.633375,103130.633375,0.0,832.351 um_pwv,1016.11 um_pwv,35.0,2.245 K,1.96171
20260210,103131.594757,103131.594757,0.0,834.346 um_pwv,1018.55 um_pwv,35.0,2.358 K,1.96642
20260210,103132.556242,103132.556242,0.0,832.579 um_pwv,1016.39 um_pwv,35.0,2.458 K,1.96225
20260210,103133.511705,103133.511705,0.0,829.737 um_pwv,1012.92 um_pwv,35.0,2.328 K,1.95553
20260210,103134.472044,103134.472044,0.0,827.855 um_pwv,1010.62 um_pwv,35.0,2.298 K,1.95108
20260210,103135.432163,103135.432163,0.0,824.002 um_pwv,1005.92 um_pwv,35.0,2.332 K,1.94198
20260210,103136.394556,103136.394556,0.0,819.107 um_pwv,999.945 um_pwv,35.0,2.238 K,1.93041
20260210,103137.356071,103137.356071,0.0,817.157 um_pwv,997.565 um_pwv,35.0,2.226 K,1.92580
20260210,103138.315138,103138.315138,0.0,813.025 um_pwv,992.52 um_pwv,35.0,2.125 K,1.91604
20260210,103139.274436,103139.274436,0.0,811.441 um_pwv,990.587 um_pwv,35.0,2.016 K,1.91229
20260210,103140.235340,103140.235340,0.0,807.454 um_pwv,985.72 um_pwv,35.0,2 K,1.90287
20260210,103141.194186,103141.194186,0.0,807.742 um_pwv,986.071 um_pwv,35.0,2.094 K,1.90355
20260210,103142.154502,103142.154502,0.0,809.13 um_pwv,987.765 um_pwv,35.0,2.081 K,1.90683
20260210,103143.116612,103143.116612,0.0,810.949 um_pwv,989.986 um_pwv,35.0,2.296 K,1.91113
20260210,103144.073078,103144.073078,0.0,812.664 um_pwv,992.079 um_pwv,35.0,2.415 K,1.91518
20260210,103145.034259,103145.034259,0.0,816.089 um_pwv,996.261 um_pwv,35.0,2.465 K,1.92328
20260210,103145.996339,103145.996339,0.0,814.833 um_pwv,994.727 um_pwv,35.0,2.407 K,1.92031
20260210,103146.952840,103146.952840,0.0,815.255 um_pwv,995.243 um_pwv,35.0,2.524 K,1.92131
20260210,103147.917615,103147.917615,0.0,815.715 um_pwv,995.804 um_pwv,35.0,2.467 K,1.92239
20260210,103148.874884,103148.874884,0.0,815.525 um_pwv,995.573 um_pwv,35.0,2.409 K,1.92194
20260210,103149.837406,103149.837406,0.0,816.996 um_pwv,997.368 um_pwv,35.0,2.432 K,1.92542
20260210,103150.794072,103150.794072,0.0,815.787 um_pwv,995.892 um_pwv,35.0,2.137 K,1.92256
20260210,103151.752766,103151.752766,0.0,818.106 um_pwv,998.723 um_pwv,35.0,2.196 K,1.92804
20260210,103152.712477,103152.712477,0.0,819.197 um_pwv,1000.05 um_pwv,35.0,2.13 K,1.93062
20260210,103153.674658,103153.674658,0.0,817.532 um_pwv,998.022 um_pwv,35.0,1.917 K,1.92669
20260210,103154.631238,103154.631238,0.0,819.743 um_pwv,1000.72 um_pwv,35.0,1.92 K,1.93191
20260210,103155.594280,103155.594280,0.0,822.539 um_pwv,1004.14 um_pwv,35.0,1.829 K,1.93852
20260210,103156.556928,103156.556928,0.0,827.528 um_pwv,1010.23 um_pwv,35.0,1.945 K,1.95031
20260210,103157.511397,103157.511397,0.0,828.436 um_pwv,1011.33 um_pwv,35.0,1.977 K,1.95246
20260210,103158.470289,103158.470289,0.0,829.757 um_pwv,1012.95 um_pwv,35.0,1.978 K,1.95558
20260210,103159.434066,103159.434066,0.0,833.123 um_pwv,1017.06 um_pwv,35.0,2.224 K,1.96353
20260210,103200.394861,103200.394861,0.0,834.037 um_pwv,1018.17 um_pwv,35.0,2.279 K,1.96569
20260210,103201.355069,103201.355069,0.0,833.514 um_pwv,1017.53 um_pwv,35.0,2.35 K,1.96445
20260210,103202.312073,103202.312073,0.0,833.502 um_pwv,1017.52 um_pwv,35.0,2.431 K,1.96443
20260210,103203.272522,103203.272522,0.0,832.054 um_pwv,1015.75 um_pwv,35.0,2.438 K,1.96101
20260210,103204.237157,103204.237157,0.0,827.312 um_pwv,1009.96 um_pwv,35.0,2.412 K,1.94980
20260210,103205.194871,103205.194871,0.0,822.998 um_pwv,1004.69 um_pwv,35.0,2.327 K,1.93960
20260210,103206.152510,103206.152510,0.0,818.914 um_pwv,999.709 um_pwv,35.0,2.218 K,1.92995
20260210,103207.113537,103207.113537,0.0,815.505 um_pwv,995.548 um_pwv,35.0,2.085 K,1.92190
20260210,103208.075298,103208.075298,0.0,814.439 um_pwv,994.247 um_pwv,35.0,2.106 K,1.91938
20260210,103209.036577,103209.036577,0.0,809.669 um_pwv,988.424 um_pwv,35.0,2.071 K,1.90811
20260210,103209.992799,103209.992799,0.0,809.47 um_pwv,988.18 um_pwv,35.0,2.015 K,1.90763
20260210,103210.952926,103210.952926,0.0,810.618 um_pwv,989.581 um_pwv,35.0,2.222 K,1.91035
20260210,103211.916799,103211.916799,0.0,808.711 um_pwv,987.254 um_pwv,35.0,2.154 K,1.90584
20260210,103212.874445,103212.874445,0.0,810.938 um_pwv,989.972 um_pwv,35.0,2.262 K,1.91110
20260210,103213.833434,103213.833434,0.0,812.392 um_pwv,991.747 um_pwv,35.0,2.329 K,1.91454
20260210,103214.791063,103214.791063,0.0,814.588 um_pwv,994.429 um_pwv,35.0,2.411 K,1.91973
20260210,103215.752786,103215.752786,0.0,815.594 um_pwv,995.657 um_pwv,35.0,2.456 K,1.92211
20260210,103216.715176,103216.715176,0.0,816.02 um_pwv,996.176 um_pwv,35.0,2.414 K,1.92311
20260210,103217.674542,103217.674542,0.0,817.31 um_pwv,997.751 um_pwv,35.0,2.554 K,1.92616
20260210,103218.633612,103218.633612,0.0,816.734 um_pwv,997.048 um_pwv,35.0,2.415 K,1.92480
20260210,103219.596455,103219.596455,0.0,817.077 um_pwv,997.466 um_pwv,35.0,2.401 K,1.92561
20260210,103220.552511,103220.552511,0.0,817.399 um_pwv,997.86 um_pwv,35.0,2.25 K,1.92637
20260210,103221.514377,103221.514377,0.0,817.783 um_pwv,998.328 um_pwv,35.0,2.149 K,1.92728
20260210,103222.473786,103222.473786,0.0,819.035 um_pwv,999.857 um_pwv,35.0,2.055 K,1.93024
20260210,103223.432802,103223.432802,0.0,819.965 um_pwv,1000.99 um_pwv,35.0,1.871 K,1.93244
20260210,103224.392889,103224.392889,0.0,820.723 um_pwv,1001.92 um_pwv,35.0,1.878 K,1.93423
20260210,103225.354296,103225.354296,0.0,824.154 um_pwv,1006.11 um_pwv,35.0,1.938 K,1.94233
20260210,103226.314180,103226.314180,0.0,827.192 um_pwv,1009.82 um_pwv,35.0,1.899 K,1.94952
20260210,103227.273544,103227.273544,0.0,829.614 um_pwv,1012.77 um_pwv,35.0,1.987 K,1.95524
20260210,103228.237269,103228.237269,0.0,831.356 um_pwv,1014.9 um_pwv,35.0,2.142 K,1.95936
20260210,103229.192921,103229.192921,0.0,833.514 um_pwv,1017.53 um_pwv,35.0,2.284 K,1.96445
20260210,103230.154743,103230.154743,0.0,834.131 um_pwv,1018.29 um_pwv,35.0,2.363 K,1.96591
20260210,103231.113085,103231.113085,0.0,836.543 um_pwv,1021.23 um_pwv,35.0,2.45 K,1.97161
20260210,103232.074038,103232.074038,0.0,833.884 um_pwv,1017.98 um_pwv,35.0,2.383 K,1.96533
20260210,103233.035200,103233.035200,0.0,831.409 um_pwv,1014.96 um_pwv,35.0,2.397 K,1.95948
20260210,103233.997845,103233.997845,0.0,828.018 um_pwv,1010.82 um_pwv,35.0,2.399 K,1.95147
20260210,103234.954227,103234.954227,0.0,823.117 um_pwv,1004.84 um_pwv,35.0,2.378 K,1.93988
20260210,103235.915707,103235.915707,0.0,820.836 um_pwv,1002.06 um_pwv,35.0,2.2 K,1.93449
20260210,103236.873416,103236.873416,0.0,816.633 um_pwv,996.925 um_pwv,35.0,2.261 K,1.92456
20260210,103237.833932,103237.833932,0.0,813.334 um_pwv,992.898 um_pwv,35.0,2.071 K,1.91677
20260210,103238.793444,103238.793444,0.0,810.329 um_pwv,989.229 um_pwv,35.0,2.135 K,1.90966
20260210,103239.753444,103239.753444,0.0,808.363 um_pwv,986.829 um_pwv,35.0,2.048 K,1.90502
20260210,103240.714868,103240.714868,0.0,809.43 um_pwv,988.131 um_pwv,35.0,2.141 K,1.90754
20260210,103241.670850,103241.670850,0.0,811.819 um_pwv,991.048 um_pwv,35.0,2.185 K,1.91319
20260210,103242.634489,103242.634489,0.0,812.492 um_pwv,991.869 um_pwv,35.0,2.284 K,1.91478
20260210,103243.596442,103243.596442,0.0,813.225 um_pwv,992.765 um_pwv,35.0,2.38 K,1.91651
20260210,103244.555555,103244.555555,0.0,815.666 um_pwv,995.745 um_pwv,35.0,2.489 K,1.92228
20260210,103245.516018,103245.516018,0.0,814.781 um_pwv,994.664 um_pwv,35.0,2.413 K,1.92019
20260210,103246.471192,103246.471192,0.0,815.264 um_pwv,995.253 um_pwv,35.0,2.505 K,1.92133
20260210,103247.432914,103247.432914,0.0,817.612 um_pwv,998.121 um_pwv,35.0,2.581 K,1.92688
20260210,103248.395260,103248.395260,0.0,815.879 um_pwv,996.004 um_pwv,35.0,2.499 K,1.92278
20260210,103249.356767,103249.356767,0.0,816.411 um_pwv,996.654 um_pwv,35.0,2.342 K,1.92404
20260210,103250.315373,103250.315373,0.0,816.855 um_pwv,997.195 um_pwv,35.0,2.177 K,1.92509
20260210,103251.271330,103251.271330,0.0,817.984 um_pwv,998.575 um_pwv,35.0,2.06 K,1.92776
20260210,103252.233501,103252.233501,0.0,820.055 um_pwv,1001.1 um_pwv,35.0,1.953 K,1.93265
20260210,103253.193361,103253.193361,0.0,819.468 um_pwv,1000.39 um_pwv,35.0,1.918 K,1.93126
20260210,103254.154699,103254.154699,0.0,821.18 um_pwv,1002.48 um_pwv,35.0,1.911 K,1.93531
20260210,103255.114695,103255.114695,0.0,826.263 um_pwv,1008.68 um_pwv,35.0,2.089 K,1.94732
20260210,103256.075654,103256.075654,0.0,828.275 um_pwv,1011.14 um_pwv,35.0,1.931 K,1.95207
20260210,103257.033876,103257.033876,0.0,833.431 um_pwv,1017.43 um_pwv,35.0,2.134 K,1.96426
20260210,103257.995181,103257.995181,0.0,833.061 um_pwv,1016.98 um_pwv,35.0,2.166 K,1.96338
20260210,103258.956462,103258.956462,0.0,835.841 um_pwv,1020.37 um_pwv,35.0,2.376 K,1.96996
20260210,103259.917276,103259.917276,0.0,834.996 um_pwv,1019.34 um_pwv,35.0,2.294 K,1.96796
20260210,103300.872004,103300.872004,0.0,835.903 um_pwv,1020.45 um_pwv,35.0,2.466 K,1.97010
20260210,103301.833487,103301.833487,0.0,833.811 um_pwv,1017.89 um_pwv,35.0,2.449 K,1.96516
20260210,103302.795302,103302.795302,0.0,830.504 um_pwv,1013.86 um_pwv,35.0,2.371 K,1.95734
20260210,103303.757521,103303.757521,0.0,828.1 um_pwv,1010.92 um_pwv,35.0,2.408 K,1.95166
20260210,103304.711972,103304.711972,0.0,822.093 um_pwv,1003.59 um_pwv,35.0,2.383 K,1.93746
20260210,103305.672833,103305.672833,0.0,821.392 um_pwv,1002.73 um_pwv,35.0,2.261 K,1.93581
20260210,103306.635772,103306.635772,0.0,817.025 um_pwv,997.403 um_pwv,35.0,2.208 K,1.92549
20260210,103307.598045,103307.598045,0.0,810.969 um_pwv,990.011 um_pwv,35.0,2.102 K,1.91118
20260210,103308.554035,103308.554035,0.0,811.109 um_pwv,990.182 um_pwv,35.0,2.118 K,1.91151
20260210,103309.515273,103309.515273,0.0,809.858 um_pwv,988.654 um_pwv,35.0,2.004 K,1.90855
20260210,103310.476341,103310.476341,0.0,809.378 um_pwv,988.068 um_pwv,35.0,2.172 K,1.90742
20260210,103311.437921,103311.437921,0.0,810.789 um_pwv,989.791 um_pwv,35.0,2.173 K,1.91075
20260210,103312.393449,103312.393449,0.0,814.25 um_pwv,994.015 um_pwv,35.0,2.317 K,1.91893
20260210,103313.354768,103313.354768,0.0,813.314 um_pwv,992.873 um_pwv,35.0,2.378 K,1.91672
20260210,103314.317219,103314.317219,0.0,816.391 um_pwv,996.63 um_pwv,35.0,2.472 K,1.92399
20260210,103315.277006,103315.277006,0.0,817.419 um_pwv,997.885 um_pwv,35.0,2.488 K,1.92642
20260210,103316.233019,103316.233019,0.0,818.319 um_pwv,998.983 um_pwv,35.0,2.568 K,1.92855
20260210,103317.193713,103317.193713,0.0,817.601 um_pwv,998.106 um_pwv,35.0,2.541 K,1.92685
20260210,103318.155375,103318.155375,0.0,816.895 um_pwv,997.245 um_pwv,35.0,2.432 K,1.92518
20260210,103319.115076,103319.115076,0.0,816.492 um_pwv,996.753 um_pwv,35.0,2.342 K,1.92423
20260210,103320.074309,103320.074309,0.0,817.319 um_pwv,997.762 um_pwv,35.0,2.191 K,1.92618
20260210,103321.033143,103321.033143,0.0,818.085 um_pwv,998.698 um_pwv,35.0,2.105 K,1.92799
20260210,103321.996860,103321.996860,0.0,818.51 um_pwv,999.216 um_pwv,35.0,1.976 K,1.92900
20260210,103322.953749,103322.953749,0.0,822.296 um_pwv,1003.84 um_pwv,35.0,1.951 K,1.93794
20260210,103323.913426,103323.913426,0.0,821.313 um_pwv,1002.64 um_pwv,35.0,1.988 K,1.93562
20260210,103324.875865,103324.875865,0.0,824.348 um_pwv,1006.34 um_pwv,35.0,2.009 K,1.94279
20260210,103325.838984,103325.838984,0.0,829.114 um_pwv,1012.16 um_pwv,35.0,2.06 K,1.95406
20260210,103326.794843,103326.794843,0.0,831.685 um_pwv,1015.3 um_pwv,35.0,2.084 K,1.96013
20260210,103327.755772,103327.755772,0.0,833.472 um_pwv,1017.48 um_pwv,35.0,2.193 K,1.96436
20260210,103328.716170,103328.716170,0.0,834.749 um_pwv,1019.04 um_pwv,35.0,2.313 K,1.96737
20260210,103329.673160,103329.673160,0.0,837.411 um_pwv,1022.29 um_pwv,35.0,2.402 K,1.97366
20260210,103330.633782,103330.633782,0.0,836.059 um_pwv,1020.64 um_pwv,35.0,2.406 K,1.97047
20260210,103331.596393,103331.596393,0.0,836.018 um_pwv,1020.59 um_pwv,35.0,2.466 K,1.97037
20260210,103332.557757,103332.557757,0.0,831.192 um_pwv,1014.7 um_pwv,35.0,2.468 K,1.95897
20260210,103333.513855,103333.513855,0.0,827.324 um_pwv,1009.98 um_pwv,35.0,2.402 K,1.94983
20260210,103334.471949,103334.471949,0.0,823.982 um_pwv,1005.9 um_pwv,35.0,2.326 K,1.94193
20260210,103335.433924,103335.433924,0.0,820.159 um_pwv,1001.23 um_pwv,35.0,2.188 K,1.93289
20260210,103336.394310,103336.394310,0.0,815.525 um_pwv,995.573 um_pwv,35.0,2.133 K,1.92194
20260210,103337.357616,103337.357616,0.0,812.492 um_pwv,991.869 um_pwv,35.0,2.142 K,1.91478
20260210,103338.312366,103338.312366,0.0,810.961 um_pwv,990 um_pwv,35.0,2.167 K,1.91116
20260210,103339.274563,103339.274563,0.0,811.33 um_pwv,990.451 um_pwv,35.0,2.122 K,1.91203
20260210,103340.237509,103340.237509,0.0,809.801 um_pwv,988.584 um_pwv,35.0,2.13 K,1.90842
20260210,103341.204379,103341.204379,0.0,810.321 um_pwv,989.219 um_pwv,35.0,2.147 K,1.90964
20260210,103342.154075,103342.154075,0.0,812.26 um_pwv,991.586 um_pwv,35.0,2.316 K,1.91423
20260210,103343.117380,103343.117380,0.0,814.962 um_pwv,994.885 um_pwv,35.0,2.387 K,1.92061
20260210,103344.074525,103344.074525,0.0,815.324 um_pwv,995.327 um_pwv,35.0,2.504 K,1.92147
20260210,103345.037932,103345.037932,0.0,815.384 um_pwv,995.401 um_pwv,35.0,2.524 K,1.92161
20260210,103345.995998,103345.995998,0.0,817.278 um_pwv,997.712 um_pwv,35.0,2.588 K,1.92609
20260210,103346.958053,103346.958053,0.0,816.512 um_pwv,996.777 um_pwv,35.0,2.46 K,1.92428
20260210,103347.914196,103347.914196,0.0,816.371 um_pwv,996.605 um_pwv,35.0,2.366 K,1.92394
20260210,103348.874284,103348.874284,0.0,816.613 um_pwv,996.9 um_pwv,35.0,2.416 K,1.92451
20260210,103349.836626,103349.836626,0.0,815.313 um_pwv,995.313 um_pwv,35.0,2.162 K,1.92144
20260210,103350.792471,103350.792471,0.0,817.238 um_pwv,997.663 um_pwv,35.0,2.002 K,1.92599
20260210,103351.752618,103351.752618,0.0,818.42 um_pwv,999.106 um_pwv,35.0,2.059 K,1.92879
20260210,103352.713721,103352.713721,0.0,819.459 um_pwv,1000.38 um_pwv,35.0,1.894 K,1.93124
20260210,103353.673369,103353.673369,0.0,822.276 um_pwv,1003.81 um_pwv,35.0,2.039 K,1.93790
20260210,103354.637048,103354.637048,0.0,825.334 um_pwv,1007.55 um_pwv,35.0,1.987 K,1.94512
20260210,103355.597371,103355.597371,0.0,828.007 um_pwv,1010.81 um_pwv,35.0,2.061 K,1.95144
20260210,103356.556813,103356.556813,0.0,831.11 um_pwv,1014.6 um_pwv,35.0,2.123 K,1.95877
20260210,103357.519102,103357.519102,0.0,832.844 um_pwv,1016.71 um_pwv,35.0,2.292 K,1.96287
20260210,103358.476129,103358.476129,0.0,835.686 um_pwv,1020.18 um_pwv,35.0,2.315 K,1.96959
20260210,103359.433845,103359.433845,0.0,836.481 um_pwv,1021.15 um_pwv,35.0,2.36 K,1.97147
20260210,103400.396535,103400.396535,0.0,835.789 um_pwv,1020.31 um_pwv,35.0,2.347 K,1.96983
20260210,103401.356766,103401.356766,0.0,833.111 um_pwv,1017.04 um_pwv,35.0,2.428 K,1.96350
20260210,103402.314644,103402.314644,0.0,830.249 um_pwv,1013.55 um_pwv,35.0,2.497 K,1.95674
20260210,103403.274132,103403.274132,0.0,827.374 um_pwv,1010.04 um_pwv,35.0,2.421 K,1.94994
20260210,103404.237083,103404.237083,0.0,823.169 um_pwv,1004.9 um_pwv,35.0,2.273 K,1.94001
20260210,103405.197892,103405.197892,0.0,819.003 um_pwv,999.818 um_pwv,35.0,2.165 K,1.93016
20260210,103406.159172,103406.159172,0.0,815.485 um_pwv,995.523 um_pwv,35.0,2.171 K,1.92185
20260210,103407.116526,103407.116526,0.0,812.824 um_pwv,992.275 um_pwv,35.0,2.129 K,1.91556
20260210,103408.078263,103408.078263,0.0,810.589 um_pwv,989.547 um_pwv,35.0,2.089 K,1.91028
20260210,103409.038713,103409.038713,0.0,808.52 um_pwv,987.02 um_pwv,35.0,2.014 K,1.90539
20260210,103409.997303,103409.997303,0.0,809.022 um_pwv,987.633 um_pwv,35.0,2.104 K,1.90658
20260210,103410.958228,103410.958228,0.0,811.27 um_pwv,990.377 um_pwv,35.0,2.32 K,1.91189
20260210,103411.916045,103411.916045,0.0,810.589 um_pwv,989.547 um_pwv,35.0,2.269 K,1.91028
20260210,103412.875411,103412.875411,0.0,813.736 um_pwv,993.388 um_pwv,35.0,2.531 K,1.91772
20260210,103413.833895,103413.833895,0.0,814.861 um_pwv,994.762 um_pwv,35.0,2.529 K,1.92038
20260210,103414.798516,103414.798516,0.0,816.624 um_pwv,996.914 um_pwv,35.0,2.48 K,1.92454
20260210,103415.753819,103415.753819,0.0,816.302 um_pwv,996.521 um_pwv,35.0,2.527 K,1.92378
20260210,103416.715050,103416.715050,0.0,817.581 um_pwv,998.082 um_pwv,35.0,2.467 K,1.92680
20260210,103417.676425,103417.676425,0.0,815.284 um_pwv,995.278 um_pwv,35.0,2.444 K,1.92137
20260210,103418.639104,103418.639104,0.0,814.712 um_pwv,994.58 um_pwv,35.0,2.317 K,1.92002
20260210,103419.594287,103419.594287,0.0,814.611 um_pwv,994.457 um_pwv,35.0,2.169 K,1.91978
20260210,103420.556348,103420.556348,0.0,816.794 um_pwv,997.122 um_pwv,35.0,2.014 K,1.92494
20260210,103421.519369,103421.519369,0.0,818.097 um_pwv,998.712 um_pwv,35.0,1.866 K,1.92802
20260210,103422.479169,103422.479169,0.0,819.621 um_pwv,1000.57 um_pwv,35.0,1.835 K,1.93162
20260210,103423.437418,103423.437418,0.0,821.088 um_pwv,1002.36 um_pwv,35.0,1.828 K,1.93509
20260210,103424.395060,103424.395060,0.0,823.535 um_pwv,1005.35 um_pwv,35.0,1.93 K,1.94087
20260210,103425.354301,103425.354301,0.0,828.427 um_pwv,1011.32 um_pwv,35.0,2.033 K,1.95243
20260210,103426.317924,103426.317924,0.0,830.024 um_pwv,1013.27 um_pwv,35.0,2.02 K,1.95621
20260210,103427.272828,103427.272828,0.0,832.958 um_pwv,1016.85 um_pwv,35.0,2.211 K,1.96314
20260210,103428.235390,103428.235390,0.0,834.831 um_pwv,1019.14 um_pwv,35.0,2.326 K,1.96757
20260210,103429.197011,103429.197011,0.0,835.182 um_pwv,1019.57 um_pwv,35.0,2.454 K,1.96840
20260210,103430.157856,103430.157856,0.0,834.181 um_pwv,1018.35 um_pwv,35.0,2.428 K,1.96603
20260210,103431.118759,103431.118759,0.0,833.143 um_pwv,1017.08 um_pwv,35.0,2.413 K,1.96358
20260210,103432.074243,103432.074243,0.0,829.871 um_pwv,1013.09 um_pwv,35.0,2.424 K,1.95585
20260210,103433.038032,103433.038032,0.0,826.079 um_pwv,1008.46 um_pwv,35.0,2.475 K,1.94689
20260210,103433.997217,103433.997217,0.0,824.307 um_pwv,1006.29 um_pwv,35.0,2.357 K,1.94270
20260210,103434.958969,103434.958969,0.0,819.075 um_pwv,999.906 um_pwv,35.0,2.355 K,1.93033
20260210,103435.916008,103435.916008,0.0,813.386 um_pwv,992.961 um_pwv,35.0,2.078 K,1.91689
20260210,103436.878215,103436.878215,0.0,812.993 um_pwv,992.481 um_pwv,35.0,2.116 K,1.91596
20260210,103437.839232,103437.839232,0.0,810.218 um_pwv,989.093 um_pwv,35.0,2.053 K,1.90940
20260210,103438.797449,103438.797449,0.0,809.31 um_pwv,987.985 um_pwv,35.0,2.065 K,1.90726
20260210,103439.754748,103439.754748,0.0,810.721 um_pwv,989.707 um_pwv,35.0,2.221 K,1.91059
20260210,103440.714539,103440.714539,0.0,810.789 um_pwv,989.791 um_pwv,35.0,2.321 K,1.91075
20260210,103441.675755,103441.675755,0.0,809.421 um_pwv,988.121 um_pwv,35.0,2.284 K,1.90752
20260210,103442.637314,103442.637314,0.0,813.386 um_pwv,992.961 um_pwv,35.0,2.521 K,1.91689
20260210,103443.597592,103443.597592,0.0,814.982 um_pwv,994.909 um_pwv,35.0,2.458 K,1.92066
20260210,103444.557239,103444.557239,0.0,813.395 um_pwv,992.971 um_pwv,35.0,2.533 K,1.91691
20260210,103445.518163,103445.518163,0.0,815.384 um_pwv,995.401 um_pwv,35.0,2.474 K,1.92161
20260210,103446.474301,103446.474301,0.0,815.948 um_pwv,996.089 um_pwv,35.0,2.482 K,1.92294
20260210,103447.438600,103447.438600,0.0,815.465 um_pwv,995.499 um_pwv,35.0,2.323 K,1.92180
20260210,103448.392945,103448.392945,0.0,813.102 um_pwv,992.614 um_pwv,35.0,2.314 K,1.91622
20260210,103449.353826,103449.353826,0.0,813.403 um_pwv,992.982 um_pwv,35.0,2.219 K,1.91693
20260210,103450.319667,103450.319667,0.0,816.069 um_pwv,996.236 um_pwv,35.0,2.007 K,1.92323
20260210,103451.273518,103451.273518,0.0,818.691 um_pwv,999.438 um_pwv,35.0,1.964 K,1.92943
20260210,103452.237214,103452.237214,0.0,820.908 um_pwv,1002.14 um_pwv,35.0,1.917 K,1.93467
20260210,103453.196525,103453.196525,0.0,821.566 um_pwv,1002.95 um_pwv,35.0,2.006 K,1.93622
20260210,103454.154486,103454.154486,0.0,825.456 um_pwv,1007.7 um_pwv,35.0,1.942 K,1.94541
20260210,103455.114608,103455.114608,0.0,827.079 um_pwv,1009.68 um_pwv,35.0,2.037 K,1.94925
20260210,103456.076312,103456.076312,0.0,831.397 um_pwv,1014.95 um_pwv,35.0,2.131 K,1.95945
20260210,103457.038699,103457.038699,0.0,832.28 um_pwv,1016.03 um_pwv,35.0,2.222 K,1.96154
20260210,103457.995151,103457.995151,0.0,834.481 um_pwv,1018.71 um_pwv,35.0,2.365 K,1.96674
20260210,103458.955676,103458.955676,0.0,834.307 um_pwv,1018.5 um_pwv,35.0,2.337 K,1.96633
20260210,103459.917970,103459.917970,0.0,831.726 um_pwv,1015.35 um_pwv,35.0,2.419 K,1.96023
20260210,103500.872976,103500.872976,0.0,831.612 um_pwv,1015.21 um_pwv,35.0,2.524 K,1.95996
20260210,103501.839024,103501.839024,0.0,826.365 um_pwv,1008.81 um_pwv,35.0,2.369 K,1.94756
20260210,103502.794707,103502.794707,0.0,825.753 um_pwv,1008.06 um_pwv,35.0,2.436 K,1.94611
20260210,103503.757846,103503.757846,0.0,822.429 um_pwv,1004 um_pwv,35.0,2.302 K,1.93826
20260210,103504.714053,103504.714053,0.0,818.146 um_pwv,998.772 um_pwv,35.0,2.237 K,1.92814
20260210,103505.678925,103505.678925,0.0,814.069 um_pwv,993.795 um_pwv,35.0,2.124 K,1.91850
20260210,103506.634477,103506.634477,0.0,812.452 um_pwv,991.82 um_pwv,35.0,2.089 K,1.91468
20260210,103507.597750,103507.597750,0.0,810.438 um_pwv,989.362 um_pwv,35.0,2.097 K,1.90992
20260210,103508.558653,103508.558653,0.0,809.921 um_pwv,988.731 um_pwv,35.0,2.098 K,1.90870
20260210,103509.513480,103509.513480,0.0,808.779 um_pwv,987.337 um_pwv,35.0,2.205 K,1.90600
20260210,103510.475172,103510.475172,0.0,810.629 um_pwv,989.595 um_pwv,35.0,2.293 K,1.91037
20260210,103511.436061,103511.436061,0.0,811.43 um_pwv,990.573 um_pwv,35.0,2.311 K,1.91227
20260210,103512.397625,103512.397625,0.0,814.841 um_pwv,994.737 um_pwv,35.0,2.519 K,1.92033
20260210,103513.358227,103513.358227,0.0,816.311 um_pwv,996.531 um_pwv,35.0,2.631 K,1.92380
20260210,103514.316253,103514.316253,0.0,815.594 um_pwv,995.657 um_pwv,35.0,2.631 K,1.92211
20260210,103515.277746,103515.277746,0.0,815.554 um_pwv,995.608 um_pwv,35.0,2.433 K,1.92201
20260210,103516.239413,103516.239413,0.0,815.787 um_pwv,995.892 um_pwv,35.0,2.598 K,1.92256
20260210,103517.197083,103517.197083,0.0,815.376 um_pwv,995.39 um_pwv,35.0,2.377 K,1.92159
20260210,103518.155280,103518.155280,0.0,814.399 um_pwv,994.198 um_pwv,35.0,2.409 K,1.91928
20260210,103519.117048,103519.117048,0.0,812.784 um_pwv,992.226 um_pwv,35.0,2.201 K,1.91547
20260210,103520.075005,103520.075005,0.0,815.787 um_pwv,995.892 um_pwv,35.0,2.093 K,1.92256
20260210,103521.039206,103521.039206,0.0,820.908 um_pwv,1002.14 um_pwv,35.0,2.07 K,1.93467
20260210,103521.997340,103521.997340,0.0,819.844 um_pwv,1000.84 um_pwv,35.0,1.936 K,1.93215
20260210,103522.958996,103522.958996,0.0,823.483 um_pwv,1005.29 um_pwv,35.0,1.943 K,1.94075
20260210,103523.920136,103523.920136,0.0,824.938 um_pwv,1007.06 um_pwv,35.0,2.018 K,1.94419
20260210,103524.879950,103524.879950,0.0,827.344 um_pwv,1010 um_pwv,35.0,2.131 K,1.94987
20260210,103525.836868,103525.836868,0.0,830.024 um_pwv,1013.27 um_pwv,35.0,2.154 K,1.95621
20260210,103526.799797,103526.799797,0.0,832.732 um_pwv,1016.58 um_pwv,35.0,2.28 K,1.96261
20260210,103527.757368,103527.757368,0.0,832.876 um_pwv,1016.75 um_pwv,35.0,2.4 K,1.96295
20260210,103528.715401,103528.715401,0.0,833.276 um_pwv,1017.24 um_pwv,35.0,2.455 K,1.96389
20260210,103529.679012,103529.679012,0.0,832.538 um_pwv,1016.34 um_pwv,35.0,2.507 K,1.96215
20260210,103530.639229,103530.639229,0.0,830.978 um_pwv,1014.44 um_pwv,35.0,2.531 K,1.95846
20260210,103531.593924,103531.593924,0.0,829.471 um_pwv,1012.6 um_pwv,35.0,2.488 K,1.95490
20260210,103532.558792,103532.558792,0.0,826.845 um_pwv,1009.39 um_pwv,35.0,2.39 K,1.94870
20260210,103533.519374,103533.519374,0.0,821.453 um_pwv,1002.81 um_pwv,35.0,2.279 K,1.93595
20260210,103534.477713,103534.477713,0.0,815.606 um_pwv,995.671 um_pwv,35.0,2.212 K,1.92213
20260210,103535.438511,103535.438511,0.0,813.627 um_pwv,993.255 um_pwv,35.0,2.14 K,1.91746
20260210,103536.394866,103536.394866,0.0,813.395 um_pwv,992.971 um_pwv,35.0,2.132 K,1.91691
20260210,103537.353741,103537.353741,0.0,808.919 um_pwv,987.508 um_pwv,35.0,2.045 K,1.90633
20260210,103538.320391,103538.320391,0.0,809.23 um_pwv,987.887 um_pwv,35.0,2.19 K,1.90707
20260210,103539.275725,103539.275725,0.0,810.129 um_pwv,988.985 um_pwv,35.0,2.255 K,1.90919
20260210,103540.239518,103540.239518,0.0,809.43 um_pwv,988.131 um_pwv,35.0,2.304 K,1.90754
20260210,103541.197036,103541.197036,0.0,812.291 um_pwv,991.625 um_pwv,35.0,2.398 K,1.91430
20260210,103542.160097,103542.160097,0.0,812.913 um_pwv,992.384 um_pwv,35.0,2.492 K,1.91577
20260210,103543.119489,103543.119489,0.0,816.049 um_pwv,996.212 um_pwv,35.0,2.582 K,1.92318
20260210,103544.078912,103544.078912,0.0,815.284 um_pwv,995.278 um_pwv,35.0,2.576 K,1.92137
20260210,103545.040316,103545.040316,0.0,817.036 um_pwv,997.417 um_pwv,35.0,2.655 K,1.92551
20260210,103545.994865,103545.994865,0.0,817.169 um_pwv,997.579 um_pwv,35.0,2.528 K,1.92583
20260210,103546.953341,103546.953341,0.0,816.403 um_pwv,996.644 um_pwv,35.0,2.597 K,1.92402
20260210,103547.915747,103547.915747,0.0,813.888 um_pwv,993.574 um_pwv,35.0,2.34 K,1.91808
20260210,103548.878002,103548.878002,0.0,814.669 um_pwv,994.527 um_pwv,35.0,2.225 K,1.91992
20260210,103549.836013,103549.836013,0.0,817.007 um_pwv,997.382 um_pwv,35.0,2.122 K,1.92545
20260210,103550.796069,103550.796069,0.0,820.683 um_pwv,1001.87 um_pwv,35.0,2.012 K,1.93413
20260210,103551.759628,103551.759628,0.0,821.91 um_pwv,1003.37 um_pwv,35.0,1.959 K,1.93703
20260210,103552.721089,103552.721089,0.0,822.966 um_pwv,1004.66 um_pwv,35.0,1.991 K,1.93953
20260210,103553.678376,103553.678376,0.0,826.487 um_pwv,1008.95 um_pwv,35.0,2.115 K,1.94785
20260210,103554.638565,103554.638565,0.0,826.548 um_pwv,1009.03 um_pwv,35.0,2.09 K,1.94799
20260210,103555.594012,103555.594012,0.0,830.035 um_pwv,1013.29 um_pwv,35.0,2.257 K,1.95623
20260210,103556.560550,103556.560550,0.0,832.773 um_pwv,1016.63 um_pwv,35.0,2.342 K,1.96270
20260210,103557.518182,103557.518182,0.0,833.246 um_pwv,1017.21 um_pwv,35.0,2.378 K,1.96382
20260210,103558.475329,103558.475329,0.0,832.515 um_pwv,1016.31 um_pwv,35.0,2.447 K,1.96209
20260210,103559.438072,103559.438072,0.0,833.319 um_pwv,1017.3 um_pwv,35.0,2.477 K,1.96399
20260210,103600.397982,103600.397982,0.0,828.889 um_pwv,1011.89 um_pwv,35.0,2.515 K,1.95352
20260210,103601.361328,103601.361328,0.0,828.161 um_pwv,1011 um_pwv,35.0,2.366 K,1.95181
20260210,103602.318364,103602.318364,0.0,825.031 um_pwv,1007.18 um_pwv,35.0,2.379 K,1.94441
20260210,103603.278752,103603.278752,0.0,820.694 um_pwv,1001.88 um_pwv,35.0,2.298 K,1.93416
20260210,103604.239756,103604.239756,0.0,816.057 um_pwv,996.222 um_pwv,35.0,2.229 K,1.92320
20260210,103605.197942,103605.197942,0.0,815.324 um_pwv,995.327 um_pwv,35.0,2.163 K,1.92147
20260210,103606.160084,103606.160084,0.0,811.578 um_pwv,990.754 um_pwv,35.0,2.136 K,1.91262
20260210,103607.119756,103607.119756,0.0,810.141 um_pwv,988.999 um_pwv,35.0,2.122 K,1.90922
20260210,103608.079888,103608.079888,0.0,807.395 um_pwv,985.647 um_pwv,35.0,2.164 K,1.90273
20260210,103609.040762,103609.040762,0.0,810.241 um_pwv,989.121 um_pwv,35.0,2.205 K,1.90946
20260210,103609.995923,103609.995923,0.0,810.909 um_pwv,989.937 um_pwv,35.0,2.35 K,1.91104
20260210,103610.955971,103610.955971,0.0,812.243 um_pwv,991.565 um_pwv,35.0,2.453 K,1.91419
20260210,103611.919778,103611.919778,0.0,814.089 um_pwv,993.819 um_pwv,35.0,2.515 K,1.91855
20260210,103612.880122,103612.880122,0.0,816.36 um_pwv,996.591 um_pwv,35.0,2.6 K,1.92392
20260210,103613.840607,103613.840607,0.0,816.21 um_pwv,996.408 um_pwv,35.0,2.509 K,1.92356
20260210,103614.795676,103614.795676,0.0,815.614 um_pwv,995.681 um_pwv,35.0,2.569 K,1.92216
20260210,103615.759347,103615.759347,0.0,815.715 um_pwv,995.804 um_pwv,35.0,2.523 K,1.92239
20260210,103616.719761,103616.719761,0.0,815.626 um_pwv,995.695 um_pwv,35.0,2.401 K,1.92218
20260210,103617.676190,103617.676190,0.0,813.957 um_pwv,993.658 um_pwv,35.0,2.322 K,1.91824
20260210,103618.638455,103618.638455,0.0,811.53 um_pwv,990.695 um_pwv,35.0,2.158 K,1.91250
20260210,103619.599673,103619.599673,0.0,814.861 um_pwv,994.762 um_pwv,35.0,1.965 K,1.92038
20260210,103620.560176,103620.560176,0.0,819.743 um_pwv,1000.72 um_pwv,35.0,2.012 K,1.93191
20260210,103621.520113,103621.520113,0.0,822.49 um_pwv,1004.07 um_pwv,35.0,2.013 K,1.93840
20260210,103622.475026,103622.475026,0.0,824.563 um_pwv,1006.61 um_pwv,35.0,1.98 K,1.94330
20260210,103623.437592,103623.437592,0.0,823.912 um_pwv,1005.81 um_pwv,35.0,1.976 K,1.94176
20260210,103624.398930,103624.398930,0.0,829.061 um_pwv,1012.1 um_pwv,35.0,2.222 K,1.95393
20260210,103625.357523,103625.357523,0.0,827.978 um_pwv,1010.77 um_pwv,35.0,2.126 K,1.95137
20260210,103626.320294,103626.320294,0.0,831.961 um_pwv,1015.64 um_pwv,35.0,2.373 K,1.96078
20260210,103627.278131,103627.278131,0.0,831.037 um_pwv,1014.51 um_pwv,35.0,2.486 K,1.95860
20260210,103628.238812,103628.238812,0.0,833.216 um_pwv,1017.17 um_pwv,35.0,2.501 K,1.96375
20260210,103629.194446,103629.194446,0.0,831.172 um_pwv,1014.67 um_pwv,35.0,2.453 K,1.95892
20260210,103630.155348,103630.155348,0.0,830.219 um_pwv,1013.51 um_pwv,35.0,2.41 K,1.95667
20260210,103631.115262,103631.115262,0.0,828.714 um_pwv,1011.67 um_pwv,35.0,2.413 K,1.95311
20260210,103632.076172,103632.076172,0.0,823.718 um_pwv,1005.57 um_pwv,35.0,2.343 K,1.94130
20260210,103633.037978,103633.037978,0.0,819.439 um_pwv,1000.35 um_pwv,35.0,2.278 K,1.93119
20260210,103633.994857,103633.994857,0.0,817.722 um_pwv,998.254 um_pwv,35.0,2.268 K,1.92714
20260210,103634.958386,103634.958386,0.0,816.057 um_pwv,996.222 um_pwv,35.0,2.274 K,1.92320
20260210,103635.918908,103635.918908,0.0,811.919 um_pwv,991.17 um_pwv,35.0,2.06 K,1.91342
20260210,103636.876884,103636.876884,0.0,810.918 um_pwv,989.948 um_pwv,35.0,2.144 K,1.91106
20260210,103637.840962,103637.840962,0.0,810.341 um_pwv,989.243 um_pwv,35.0,2.216 K,1.90969
20260210,103638.795407,103638.795407,0.0,809.41 um_pwv,988.107 um_pwv,35.0,2.239 K,1.90749
20260210,103639.758991,103639.758991,0.0,810.678 um_pwv,989.655 um_pwv,35.0,2.393 K,1.91049
20260210,103640.714949,103640.714949,0.0,812.039 um_pwv,991.317 um_pwv,35.0,2.404 K,1.91371
20260210,103641.676311,103641.676311,0.0,813.707 um_pwv,993.353 um_pwv,35.0,2.437 K,1.91765
20260210,103642.636470,103642.636470,0.0,815.356 um_pwv,995.365 um_pwv,35.0,2.599 K,1.92154
20260210,103643.597516,103643.597516,0.0,815.244 um_pwv,995.229 um_pwv,35.0,2.459 K,1.92128
20260210,103644.556651,103644.556651,0.0,815.183 um_pwv,995.155 um_pwv,35.0,2.658 K,1.92114
20260210,103645.519338,103645.519338,0.0,814.749 um_pwv,994.625 um_pwv,35.0,2.41 K,1.92011
20260210,103646.480888,103646.480888,0.0,814.278 um_pwv,994.05 um_pwv,35.0,2.322 K,1.91900
20260210,103647.437632,103647.437632,0.0,814.54 um_pwv,994.369 um_pwv,35.0,2.196 K,1.91962
20260210,103648.397653,103648.397653,0.0,813.435 um_pwv,993.02 um_pwv,35.0,2.22 K,1.91700
20260210,103649.360099,103649.360099,0.0,816.391 um_pwv,996.63 um_pwv,35.0,2.108 K,1.92399
20260210,103650.320378,103650.320378,0.0,820.199 um_pwv,1001.28 um_pwv,35.0,1.941 K,1.93299
20260210,103651.278194,103651.278194,0.0,823.302 um_pwv,1005.07 um_pwv,35.0,1.958 K,1.94032
20260210,103652.239078,103652.239078,0.0,824.328 um_pwv,1006.32 um_pwv,35.0,2.006 K,1.94275
20260210,103653.200282,103653.200282,0.0,826.691 um_pwv,1009.2 um_pwv,35.0,2.122 K,1.94833
20260210,103654.155262,103654.155262,0.0,826.406 um_pwv,1008.85 um_pwv,35.0,2.017 K,1.94766
20260210,103655.116652,103655.116652,0.0,831.623 um_pwv,1015.22 um_pwv,35.0,2.252 K,1.95999
20260210,103656.077645,103656.077645,0.0,830.351 um_pwv,1013.67 um_pwv,35.0,2.312 K,1.95698
20260210,103657.038838,103657.038838,0.0,831.213 um_pwv,1014.72 um_pwv,35.0,2.353 K,1.95902
20260210,103657.999481,103657.999481,0.0,832.066 um_pwv,1015.76 um_pwv,35.0,2.487 K,1.96103
20260210,103658.956291,103658.956291,0.0,830.474 um_pwv,1013.82 um_pwv,35.0,2.361 K,1.95727
20260210,103659.918246,103659.918246,0.0,828.407 um_pwv,1011.3 um_pwv,35.0,2.413 K,1.95239
20260210,103700.880735,103700.880735,0.0,828.109 um_pwv,1010.93 um_pwv,35.0,2.275 K,1.95168
20260210,103701.838709,103701.838709,0.0,825.619 um_pwv,1007.9 um_pwv,35.0,2.326 K,1.94580
20260210,103702.796674,103702.796674,0.0,820.552 um_pwv,1001.71 um_pwv,35.0,2.203 K,1.93382
20260210,103703.758159,103703.758159,0.0,816.653 um_pwv,996.949 um_pwv,35.0,2.153 K,1.92461
20260210,103704.721143,103704.721143,0.0,814.922 um_pwv,994.836 um_pwv,35.0,2.161 K,1.92052
20260210,103705.677258,103705.677258,0.0,812.079 um_pwv,991.366 um_pwv,35.0,2.053 K,1.91380
20260210,103706.637737,103706.637737,0.0,810.678 um_pwv,989.655 um_pwv,35.0,2.08 K,1.91049
20260210,103707.596465,103707.596465,0.0,809.31 um_pwv,987.985 um_pwv,35.0,2.136 K,1.90726
20260210,103708.559226,103708.559226,0.0,810.549 um_pwv,989.498 um_pwv,35.0,2.239 K,1.91018
20260210,103709.516852,103709.516852,0.0,811.77 um_pwv,990.988 um_pwv,35.0,2.31 K,1.91307
20260210,103710.476968,103710.476968,0.0,810.949 um_pwv,989.986 um_pwv,35.0,2.325 K,1.91113
20260210,103711.436722,103711.436722,0.0,814.568 um_pwv,994.404 um_pwv,35.0,2.389 K,1.91968
20260210,103712.399473,103712.399473,0.0,814.479 um_pwv,994.296 um_pwv,35.0,2.437 K,1.91947
20260210,103713.356792,103713.356792,0.0,815.022 um_pwv,994.958 um_pwv,35.0,2.49 K,1.92076
20260210,103714.316817,103714.316817,0.0,814.853 um_pwv,994.751 um_pwv,35.0,2.434 K,1.92035
20260210,103715.278116,103715.278116,0.0,814.23 um_pwv,993.991 um_pwv,35.0,2.391 K,1.91888
20260210,103716.236772,103716.236772,0.0,814.158 um_pwv,993.903 um_pwv,35.0,2.269 K,1.91871
20260210,103717.198884,103717.198884,0.0,813.415 um_pwv,992.996 um_pwv,35.0,2.208 K,1.91696
20260210,103718.156722,103718.156722,0.0,810.669 um_pwv,989.644 um_pwv,35.0,2.041 K,1.91047
20260210,103719.118290,103719.118290,0.0,816.017 um_pwv,996.173 um_pwv,35.0,2.005 K,1.92311
20260210,103720.079535,103720.079535,0.0,820.107 um_pwv,1001.17 um_pwv,35.0,1.83 K,1.93277
20260210,103721.039655,103721.039655,0.0,822.133 um_pwv,1003.64 um_pwv,35.0,1.87 K,1.93756
20260210,103721.998370,103721.998370,0.0,823.758 um_pwv,1005.62 um_pwv,35.0,2.027 K,1.94140
20260210,103722.960030,103722.960030,0.0,825.61 um_pwv,1007.88 um_pwv,35.0,2.092 K,1.94578
20260210,103723.918384,103723.918384,0.0,826.904 um_pwv,1009.46 um_pwv,35.0,2.163 K,1.94883
20260210,103724.876591,103724.876591,0.0,830.188 um_pwv,1013.47 um_pwv,35.0,2.251 K,1.95659
20260210,103725.837733,103725.837733,0.0,830.987 um_pwv,1014.45 um_pwv,35.0,2.25 K,1.95848
20260210,103726.798961,103726.798961,0.0,832.547 um_pwv,1016.35 um_pwv,35.0,2.446 K,1.96217
20260210,103727.755358,103727.755358,0.0,831.265 um_pwv,1014.79 um_pwv,35.0,2.451 K,1.95914
20260210,103728.715661,103728.715661,0.0,831.561 um_pwv,1015.15 um_pwv,35.0,2.456 K,1.95984
20260210,103729.680143,103729.680143,0.0,831.028 um_pwv,1014.5 um_pwv,35.0,2.54 K,1.95858
20260210,103730.635093,103730.635093,0.0,827.937 um_pwv,1010.72 um_pwv,35.0,2.391 K,1.95127
20260210,103731.597638,103731.597638,0.0,822.783 um_pwv,1004.43 um_pwv,35.0,2.281 K,1.93910
20260210,103732.558648,103732.558648,0.0,820.411 um_pwv,1001.54 um_pwv,35.0,2.176 K,1.93349
20260210,103733.517596,103733.517596,0.0,817.189 um_pwv,997.603 um_pwv,35.0,2.151 K,1.92588
20260210,103734.479088,103734.479088,0.0,815.525 um_pwv,995.573 um_pwv,35.0,2.075 K,1.92194
20260210,103735.440651,103735.440651,0.0,812.884 um_pwv,992.349 um_pwv,35.0,2.063 K,1.91570
20260210,103736.394949,103736.394949,0.0,811.029 um_pwv,990.084 um_pwv,35.0,2.101 K,1.91132
20260210,103737.357477,103737.357477,0.0,809.45 um_pwv,988.156 um_pwv,35.0,2.208 K,1.90759
20260210,103738.318157,103738.318157,0.0,809.758 um_pwv,988.532 um_pwv,35.0,2.16 K,1.90831
20260210,103739.275226,103739.275226,0.0,810.749 um_pwv,989.742 um_pwv,35.0,2.312 K,1.91066
20260210,103740.237106,103740.237106,0.0,812.563 um_pwv,991.957 um_pwv,35.0,2.451 K,1.91494
20260210,103741.200255,103741.200255,0.0,813.174 um_pwv,992.702 um_pwv,35.0,2.503 K,1.91639
20260210,103742.156423,103742.156423,0.0,815.295 um_pwv,995.292 um_pwv,35.0,2.562 K,1.92140
20260210,103743.117674,103743.117674,0.0,815.566 um_pwv,995.622 um_pwv,35.0,2.587 K,1.92204
20260210,103744.081477,103744.081477,0.0,814.64 um_pwv,994.492 um_pwv,35.0,2.563 K,1.91985
20260210,103745.042031,103745.042031,0.0,813.848 um_pwv,993.525 um_pwv,35.0,2.375 K,1.91798
20260210,103745.997311,103745.997311,0.0,814.56 um_pwv,994.394 um_pwv,35.0,2.22 K,1.91966
20260210,103746.957447,103746.957447,0.0,812.632 um_pwv,992.041 um_pwv,35.0,2.212 K,1.91511
20260210,103747.917073,103747.917073,0.0,811.53 um_pwv,990.695 um_pwv,35.0,2.074 K,1.91250
20260210,103748.879717,103748.879717,0.0,815.755 um_pwv,995.853 um_pwv,35.0,1.983 K,1.92249
20260210,103749.838661,103749.838661,0.0,817.731 um_pwv,998.265 um_pwv,35.0,1.866 K,1.92716
20260210,103750.797792,103750.797792,0.0,822.49 um_pwv,1004.07 um_pwv,35.0,2.004 K,1.93840
20260210,103751.756776,103751.756776,0.0,823.625 um_pwv,1005.46 um_pwv,35.0,1.972 K,1.94109
20260210,103752.718167,103752.718167,0.0,824.642 um_pwv,1006.7 um_pwv,35.0,1.97 K,1.94349
20260210,103753.680013,103753.680013,0.0,826.172 um_pwv,1008.57 um_pwv,35.0,2.05 K,1.94711
20260210,103754.641710,103754.641710,0.0,827.732 um_pwv,1010.47 um_pwv,35.0,2.19 K,1.95079
20260210,103755.597351,103755.597351,0.0,828.886 um_pwv,1011.88 um_pwv,35.0,2.192 K,1.95352
20260210,103756.561632,103756.561632,0.0,831.52 um_pwv,1015.1 um_pwv,35.0,2.431 K,1.95974
20260210,103757.521577,103757.521577,0.0,831.007 um_pwv,1014.47 um_pwv,35.0,2.443 K,1.95853
20260210,103758.476949,103758.476949,0.0,830.864 um_pwv,1014.3 um_pwv,35.0,2.397 K,1.95819
20260210,103759.440166,103759.440166,0.0,830.679 um_pwv,1014.07 um_pwv,35.0,2.397 K,1.95776
20260210,103800.398366,103800.398366,0.0,825.314 um_pwv,1007.52 um_pwv,35.0,2.385 K,1.94508
20260210,103801.358663,103801.358663,0.0,823.474 um_pwv,1005.28 um_pwv,35.0,2.301 K,1.94073
20260210,103802.319878,103802.319878,0.0,818.045 um_pwv,998.649 um_pwv,35.0,2.039 K,1.92790
20260210,103803.280321,103803.280321,0.0,817.976 um_pwv,998.564 um_pwv,35.0,2.101 K,1.92774
20260210,103804.241526,103804.241526,0.0,814.189 um_pwv,993.942 um_pwv,35.0,2.133 K,1.91879
20260210,103805.197467,103805.197467,0.0,812.563 um_pwv,991.957 um_pwv,35.0,2.167 K,1.91494
20260210,103806.157414,103806.157414,0.0,810.601 um_pwv,989.561 um_pwv,35.0,2.102 K,1.91031
20260210,103807.117612,103807.117612,0.0,811.33 um_pwv,990.451 um_pwv,35.0,2.192 K,1.91203
20260210,103808.079829,103808.079829,0.0,811.45 um_pwv,990.597 um_pwv,35.0,2.261 K,1.91231
20260210,103809.035873,103809.035873,0.0,813.647 um_pwv,993.28 um_pwv,35.0,2.397 K,1.91751
20260210,103809.997182,103809.997182,0.0,811.63 um_pwv,990.817 um_pwv,35.0,2.328 K,1.91274
20260210,103810.957368,103810.957368,0.0,814.098 um_pwv,993.83 um_pwv,35.0,2.454 K,1.91857
20260210,103811.916961,103811.916961,0.0,815.706 um_pwv,995.794 um_pwv,35.0,2.487 K,1.92237
20260210,103812.877643,103812.877643,0.0,816.029 um_pwv,996.187 um_pwv,35.0,2.566 K,1.92313
20260210,103813.841595,103813.841595,0.0,815.706 um_pwv,995.794 um_pwv,35.0,2.42 K,1.92237
20260210,103814.796033,103814.796033,0.0,815.094 um_pwv,995.046 um_pwv,35.0,2.354 K,1.92093
20260210,103815.760079,103815.760079,0.0,814.528 um_pwv,994.355 um_pwv,35.0,2.242 K,1.91959
20260210,103816.716199,103816.716199,0.0,814.64 um_pwv,994.492 um_pwv,35.0,2.159 K,1.91985
20260210,103817.680120,103817.680120,0.0,813.403 um_pwv,992.982 um_pwv,35.0,2.034 K,1.91693
20260210,103818.641498,103818.641498,0.0,817.641 um_pwv,998.156 um_pwv,35.0,2.004 K,1.92694
20260210,103819.601963,103819.601963,0.0,819.168 um_pwv,1000.02 um_pwv,35.0,1.991 K,1.93055
20260210,103820.558594,103820.558594,0.0,822.186 um_pwv,1003.7 um_pwv,35.0,1.925 K,1.93768
20260210,103821.520678,103821.520678,0.0,826.05 um_pwv,1008.42 um_pwv,35.0,2.055 K,1.94682
20260210,103822.480634,103822.480634,0.0,826.72 um_pwv,1009.24 um_pwv,35.0,2.136 K,1.94840
20260210,103823.441158,103823.441158,0.0,827.589 um_pwv,1010.3 um_pwv,35.0,2.168 K,1.95045
20260210,103824.401516,103824.401516,0.0,830.331 um_pwv,1013.65 um_pwv,35.0,2.259 K,1.95693
20260210,103825.361615,103825.361615,0.0,831.84 um_pwv,1015.49 um_pwv,35.0,2.343 K,1.96050
20260210,103826.320833,103826.320833,0.0,833.184 um_pwv,1017.13 um_pwv,35.0,2.489 K,1.96368
20260210,103827.277739,103827.277739,0.0,832.157 um_pwv,1015.88 um_pwv,35.0,2.448 K,1.96125
20260210,103828.240422,103828.240422,0.0,832.435 um_pwv,1016.22 um_pwv,35.0,2.604 K,1.96191
20260210,103829.197734,103829.197734,0.0,830.106 um_pwv,1013.37 um_pwv,35.0,2.479 K,1.95640
20260210,103830.162004,103830.162004,0.0,825.814 um_pwv,1008.13 um_pwv,35.0,2.398 K,1.94626
20260210,103831.120373,103831.120373,0.0,822.215 um_pwv,1003.74 um_pwv,35.0,2.311 K,1.93775
20260210,103832.079064,103832.079064,0.0,820.787 um_pwv,1002 um_pwv,35.0,2.236 K,1.93438
20260210,103833.040090,103833.040090,0.0,817.359 um_pwv,997.811 um_pwv,35.0,2.17 K,1.92628
20260210,103833.998518,103833.998518,0.0,814.227 um_pwv,993.987 um_pwv,35.0,2.05 K,1.91888
20260210,103834.958720,103834.958720,0.0,813.395 um_pwv,992.971 um_pwv,35.0,2.055 K,1.91691
20260210,103835.920820,103835.920820,0.0,810.418 um_pwv,989.337 um_pwv,35.0,2.054 K,1.90987
20260210,103836.880660,103836.880660,0.0,812.291 um_pwv,991.625 um_pwv,35.0,2.228 K,1.91430
20260210,103837.837507,103837.837507,0.0,812.893 um_pwv,992.359 um_pwv,35.0,2.355 K,1.91572
20260210,103838.800009,103838.800009,0.0,811.951 um_pwv,991.209 um_pwv,35.0,2.385 K,1.91350
20260210,103839.761510,103839.761510,0.0,813.747 um_pwv,993.402 um_pwv,35.0,2.394 K,1.91774
20260210,103840.720917,103840.720917,0.0,816.29 um_pwv,996.507 um_pwv,35.0,2.574 K,1.92375
20260210,103841.680573,103841.680573,0.0,814.588 um_pwv,994.429 um_pwv,35.0,2.598 K,1.91973
20260210,103842.640145,103842.640145,0.0,816.754 um_pwv,997.072 um_pwv,35.0,2.536 K,1.92485
20260210,103843.601311,103843.601311,0.0,817.267 um_pwv,997.698 um_pwv,35.0,2.487 K,1.92606
20260210,103844.558224,103844.558224,0.0,814.588 um_pwv,994.429 um_pwv,35.0,2.268 K,1.91973
20260210,103845.516672,103845.516672,0.0,815.879 um_pwv,996.004 um_pwv,35.0,2.232 K,1.92278
20260210,103846.477753,103846.477753,0.0,816.311 um_pwv,996.531 um_pwv,35.0,2.245 K,1.92380
20260210,103847.440673,103847.440673,0.0,816.04 um_pwv,996.201 um_pwv,35.0,2.121 K,1.92316
20260210,103848.398076,103848.398076,0.0,817.327 um_pwv,997.772 um_pwv,35.0,1.961 K,1.92620
20260210,103849.357990,103849.357990,0.0,822.58 um_pwv,1004.18 um_pwv,35.0,2.074 K,1.93862
20260210,103850.320809,103850.320809,0.0,823.352 um_pwv,1005.13 um_pwv,35.0,1.943 K,1.94044
20260210,103851.281262,103851.281262,0.0,825.66 um_pwv,1007.94 um_pwv,35.0,2.136 K,1.94589
20260210,103852.241638,103852.241638,0.0,829.196 um_pwv,1012.26 um_pwv,35.0,2.167 K,1.95425
20260210,103853.199792,103853.199792,0.0,828.436 um_pwv,1011.33 um_pwv,35.0,2.188 K,1.95246
20260210,103854.160737,103854.160737,0.0,829.523 um_pwv,1012.66 um_pwv,35.0,2.245 K,1.95502
20260210,103855.118209,103855.118209,0.0,832.403 um_pwv,1016.18 um_pwv,35.0,2.383 K,1.96183
20260210,103856.078165,103856.078165,0.0,831.603 um_pwv,1015.2 um_pwv,35.0,2.494 K,1.95994
20260210,103857.039940,103857.039940,0.0,831.183 um_pwv,1014.69 um_pwv,35.0,2.418 K,1.95895
20260210,103857.997857,103857.997857,0.0,831.019 um_pwv,1014.49 um_pwv,35.0,2.519 K,1.95856
20260210,103858.961665,103858.961665,0.0,829.503 um_pwv,1012.64 um_pwv,35.0,2.442 K,1.95498
20260210,103859.917922,103859.917922,0.0,826.397 um_pwv,1008.84 um_pwv,35.0,2.329 K,1.94764
20260210,103900.881663,103900.881663,0.0,822.305 um_pwv,1003.85 um_pwv,35.0,2.253 K,1.93797
20260210,103901.839350,103901.839350,0.0,819.884 um_pwv,1000.89 um_pwv,35.0,2.241 K,1.93225
20260210,103902.802415,103902.802415,0.0,817.509 um_pwv,997.994 um_pwv,35.0,2.124 K,1.92663
20260210,103903.759862,103903.759862,0.0,815.675 um_pwv,995.755 um_pwv,35.0,2.148 K,1.92230
20260210,103904.722658,103904.722658,0.0,813.283 um_pwv,992.835 um_pwv,35.0,2.155 K,1.91664
20260210,103905.679782,103905.679782,0.0,812.902 um_pwv,992.369 um_pwv,35.0,2.191 K,1.91574
20260210,103906.641027,103906.641027,0.0,812.002 um_pwv,991.272 um_pwv,35.0,2.161 K,1.91362
20260210,103907.598738,103907.598738,0.0,810.778 um_pwv,989.777 um_pwv,35.0,2.213 K,1.91072
20260210,103908.561407,103908.561407,0.0,813.986 um_pwv,993.693 um_pwv,35.0,2.487 K,1.91831
20260210,103909.521178,103909.521178,0.0,815.876 um_pwv,996.001 um_pwv,35.0,2.507 K,1.92277
20260210,103910.482684,103910.482684,0.0,816.089 um_pwv,996.261 um_pwv,35.0,2.627 K,1.92328
20260210,103911.438846,103911.438846,0.0,817.512 um_pwv,997.997 um_pwv,35.0,2.544 K,1.92664
20260210,103912.402256,103912.402256,0.0,818.348 um_pwv,999.018 um_pwv,35.0,2.702 K,1.92861
20260210,103913.361506,103913.361506,0.0,817.852 um_pwv,998.413 um_pwv,35.0,2.53 K,1.92744
20260210,103914.320004,103914.320004,0.0,817.177 um_pwv,997.589 um_pwv,35.0,2.365 K,1.92585
20260210,103915.276336,103915.276336,0.0,816.644 um_pwv,996.939 um_pwv,35.0,2.253 K,1.92459
20260210,103916.237304,103916.237304,0.0,818.458 um_pwv,999.152 um_pwv,35.0,2.199 K,1.92887
20260210,103917.197274,103917.197274,0.0,816.774 um_pwv,997.097 um_pwv,35.0,2.034 K,1.92490
20260210,103918.160683,103918.160683,0.0,818.215 um_pwv,998.856 um_pwv,35.0,1.961 K,1.92830
20260210,103919.117833,103919.117833,0.0,822.388 um_pwv,1003.95 um_pwv,35.0,2.042 K,1.93816
20260210,103920.078027,103920.078027,0.0,824.807 um_pwv,1006.9 um_pwv,35.0,2.051 K,1.94388
20260210,103921.040620,103921.040620,0.0,825.753 um_pwv,1008.06 um_pwv,35.0,1.992 K,1.94611
20260210,103921.996795,103921.996795,0.0,829.848 um_pwv,1013.06 um_pwv,35.0,2.171 K,1.95579
20260210,103922.962890,103922.962890,0.0,832.794 um_pwv,1016.65 um_pwv,35.0,2.372 K,1.96275
20260210,103923.921751,103923.921751,0.0,832.588 um_pwv,1016.4 um_pwv,35.0,2.38 K,1.96227
20260210,103924.882680,103924.882680,0.0,831.406 um_pwv,1014.96 um_pwv,35.0,2.426 K,1.95947
20260210,103925.841275,103925.841275,0.0,833.637 um_pwv,1017.68 um_pwv,35.0,2.55 K,1.96475
20260210,103926.798686,103926.798686,0.0,833.287 um_pwv,1017.26 um_pwv,35.0,2.508 K,1.96392
20260210,103927.758549,103927.758549,0.0,830.495 um_pwv,1013.85 um_pwv,35.0,2.53 K,1.95732
20260210,103928.721828,103928.721828,0.0,829.983 um_pwv,1013.22 um_pwv,35.0,2.567 K,1.95611
20260210,103929.678860,103929.678860,0.0,824.36 um_pwv,1006.36 um_pwv,35.0,2.377 K,1.94282
20260210,103930.641494,103930.641494,0.0,823.392 um_pwv,1005.18 um_pwv,35.0,2.403 K,1.94054
20260210,103931.598211,103931.598211,0.0,820.361 um_pwv,1001.48 um_pwv,35.0,2.185 K,1.93337
20260210,103932.562183,103932.562183,0.0,816.996 um_pwv,997.368 um_pwv,35.0,2.197 K,1.92542
20260210,103933.523588,103933.523588,0.0,813.656 um_pwv,993.29 um_pwv,35.0,2.14 K,1.91753
20260210,103934.479436,103934.479436,0.0,813.664 um_pwv,993.301 um_pwv,35.0,2.065 K,1.91755
20260210,103935.440097,103935.440097,0.0,811.69 um_pwv,990.891 um_pwv,35.0,2.153 K,1.91288
20260210,103936.398580,103936.398580,0.0,814.077 um_pwv,993.805 um_pwv,35.0,2.416 K,1.91852
20260210,103937.361057,103937.361057,0.0,812.363 um_pwv,991.712 um_pwv,35.0,2.406 K,1.91447
20260210,103938.316881,103938.316881,0.0,814.812 um_pwv,994.702 um_pwv,35.0,2.399 K,1.92026
20260210,103939.278532,103939.278532,0.0,817.391 um_pwv,997.85 um_pwv,35.0,2.633 K,1.92635
20260210,103940.242982,103940.242982,0.0,818.68 um_pwv,999.424 um_pwv,35.0,2.517 K,1.92940
20260210,103941.198449,103941.198449,0.0,817.097 um_pwv,997.491 um_pwv,35.0,2.516 K,1.92566
20260210,103942.161274,103942.161274,0.0,817.843 um_pwv,998.402 um_pwv,35.0,2.523 K,1.92742
20260210,103943.122955,103943.122955,0.0,818.489 um_pwv,999.191 um_pwv,35.0,2.582 K,1.92895
20260210,103944.081310,103944.081310,0.0,817.088 um_pwv,997.48 um_pwv,35.0,2.384 K,1.92564
20260210,103945.039130,103945.039130,0.0,817.431 um_pwv,997.899 um_pwv,35.0,2.318 K,1.92645
20260210,103946.001374,103946.001374,0.0,817.863 um_pwv,998.427 um_pwv,35.0,2.105 K,1.92747
20260210,103946.958712,103946.958712,0.0,816.705 um_pwv,997.013 um_pwv,35.0,2.026 K,1.92473
20260210,103947.924422,103947.924422,0.0,817.904 um_pwv,998.476 um_pwv,35.0,1.985 K,1.92757
20260210,103948.880065,103948.880065,0.0,820.766 um_pwv,1001.97 um_pwv,35.0,1.915 K,1.93433
20260210,103949.840312,103949.840312,0.0,822.794 um_pwv,1004.45 um_pwv,35.0,1.915 K,1.93912
20260210,103950.801819,103950.801819,0.0,826.397 um_pwv,1008.84 um_pwv,35.0,2.107 K,1.94764
20260210,103951.763260,103951.763260,0.0,828.541 um_pwv,1011.46 um_pwv,35.0,2.116 K,1.95270
20260210,103952.718846,103952.718846,0.0,829.246 um_pwv,1012.32 um_pwv,35.0,2.151 K,1.95437
20260210,103953.682954,103953.682954,0.0,831.787 um_pwv,1015.42 um_pwv,35.0,2.263 K,1.96037
20260210,103954.642768,103954.642768,0.0,831.89 um_pwv,1015.55 um_pwv,35.0,2.339 K,1.96062
20260210,103955.603031,103955.603031,0.0,832.394 um_pwv,1016.17 um_pwv,35.0,2.396 K,1.96181
20260210,103956.563039,103956.563039,0.0,832.125 um_pwv,1015.84 um_pwv,35.0,2.45 K,1.96117
20260210,103957.519143,103957.519143,0.0,830.606 um_pwv,1013.98 um_pwv,35.0,2.427 K,1.95758
20260210,103958.478973,103958.478973,0.0,826.251 um_pwv,1008.67 um_pwv,35.0,2.416 K,1.94729
20260210,103959.441474,103959.441474,0.0,824.857 um_pwv,1006.96 um_pwv,35.0,2.463 K,1.94400
20260210,104000.399397,104000.399397,0.0,820.957 um_pwv,1002.2 um_pwv,35.0,2.136 K,1.93478
20260210,104001.361433,104001.361433,0.0,818.186 um_pwv,998.821 um_pwv,35.0,2.167 K,1.92823
20260210,104002.322220,104002.322220,0.0,814.761 um_pwv,994.639 um_pwv,35.0,2.04 K,1.92014
20260210,104003.279292,104003.279292,0.0,812.082 um_pwv,991.369 um_pwv,35.0,2.089 K,1.91381
20260210,104004.240027,104004.240027,0.0,811.41 um_pwv,990.548 um_pwv,35.0,2.026 K,1.91222
20260210,104005.196626,104005.196626,0.0,812.131 um_pwv,991.429 um_pwv,35.0,2.149 K,1.91392
20260210,104006.162325,104006.162325,0.0,811.822 um_pwv,991.051 um_pwv,35.0,2.212 K,1.91319
20260210,104007.122556,104007.122556,0.0,812.764 um_pwv,992.202 um_pwv,35.0,2.31 K,1.91542
20260210,104008.077740,104008.077740,0.0,814.379 um_pwv,994.173 um_pwv,35.0,2.432 K,1.91924
20260210,104009.038125,104009.038125,0.0,814.861 um_pwv,994.762 um_pwv,35.0,2.492 K,1.92038
20260210,104009.998864,104009.998864,0.0,816.423 um_pwv,996.668 um_pwv,35.0,2.444 K,1.92407
20260210,104010.961312,104010.961312,0.0,816.512 um_pwv,996.777 um_pwv,35.0,2.478 K,1.92428
20260210,104011.919283,104011.919283,0.0,816.492 um_pwv,996.753 um_pwv,35.0,2.431 K,1.92423
20260210,104012.882600,104012.882600,0.0,816.19 um_pwv,996.384 um_pwv,35.0,2.315 K,1.92351
20260210,104013.843288,104013.843288,0.0,817.025 um_pwv,997.403 um_pwv,35.0,2.377 K,1.92549
20260210,104014.800082,104014.800082,0.0,815.666 um_pwv,995.745 um_pwv,35.0,2.165 K,1.92228
20260210,104015.758449,104015.758449,0.0,816.322 um_pwv,996.545 um_pwv,35.0,2.031 K,1.92383
20260210,104016.721470,104016.721470,0.0,816.29 um_pwv,996.507 um_pwv,35.0,1.915 K,1.92375
20260210,104017.681961,104017.681961,0.0,816.492 um_pwv,996.753 um_pwv,35.0,1.846 K,1.92423
20260210,104018.643720,104018.643720,0.0,820.735 um_pwv,1001.93 um_pwv,35.0,1.898 K,1.93425
20260210,104019.599388,104019.599388,0.0,823.636 um_pwv,1005.47 um_pwv,35.0,1.954 K,1.94111
20260210,104020.557468,104020.557468,0.0,825.753 um_pwv,1008.06 um_pwv,35.0,1.888 K,1.94611
20260210,104021.518894,104021.518894,0.0,826.712 um_pwv,1009.23 um_pwv,35.0,2.096 K,1.94838
20260210,104022.484950,104022.484950,0.0,830.832 um_pwv,1014.26 um_pwv,35.0,2.207 K,1.95812
20260210,104023.441230,104023.441230,0.0,832.116 um_pwv,1015.83 um_pwv,35.0,2.276 K,1.96115
20260210,104024.403324,104024.403324,0.0,834.172 um_pwv,1018.34 um_pwv,35.0,2.453 K,1.96601
20260210,104025.357003,104025.357003,0.0,833.04 um_pwv,1016.95 um_pwv,35.0,2.483 K,1.96334
20260210,104026.319607,104026.319607,0.0,830.711 um_pwv,1014.11 um_pwv,35.0,2.472 K,1.95783
20260210,104027.282066,104027.282066,0.0,828.337 um_pwv,1011.21 um_pwv,35.0,2.327 K,1.95222
20260210,104028.244243,104028.244243,0.0,826.05 um_pwv,1008.42 um_pwv,35.0,2.391 K,1.94682
20260210,104029.197749,104029.197749,0.0,823.23 um_pwv,1004.98 um_pwv,35.0,2.261 K,1.94015
20260210,104030.158582,104030.158582,0.0,820.257 um_pwv,1001.35 um_pwv,35.0,2.145 K,1.93313
20260210,104031.119191,104031.119191,0.0,817.63 um_pwv,998.142 um_pwv,35.0,2.154 K,1.92692
20260210,104032.077362,104032.077362,0.0,815.867 um_pwv,995.99 um_pwv,35.0,2.046 K,1.92275
20260210,104033.043829,104033.043829,0.0,812.833 um_pwv,992.286 um_pwv,35.0,2.075 K,1.91558
20260210,104034.003723,104034.003723,0.0,812.351 um_pwv,991.698 um_pwv,35.0,2 K,1.91444
20260210,104034.960036,104034.960036,0.0,812.423 um_pwv,991.785 um_pwv,35.0,2.059 K,1.91461
20260210,104035.921637,104035.921637,0.0,811.481 um_pwv,990.636 um_pwv,35.0,2.071 K,1.91239
20260210,104036.882969,104036.882969,0.0,812.893 um_pwv,992.359 um_pwv,35.0,2.273 K,1.91572
20260210,104037.843047,104037.843047,0.0,815.525 um_pwv,995.573 um_pwv,35.0,2.419 K,1.92194
20260210,104038.803770,104038.803770,0.0,815.888 um_pwv,996.015 um_pwv,35.0,2.472 K,1.92280
20260210,104039.759929,104039.759929,0.0,816.27 um_pwv,996.482 um_pwv,35.0,2.456 K,1.92370
20260210,104040.722407,104040.722407,0.0,817.399 um_pwv,997.86 um_pwv,35.0,2.517 K,1.92637
20260210,104041.684437,104041.684437,0.0,816.673 um_pwv,996.974 um_pwv,35.0,2.367 K,1.92466
20260210,104042.643248,104042.643248,0.0,817.347 um_pwv,997.797 um_pwv,35.0,2.413 K,1.92625
20260210,104043.603492,104043.603492,0.0,816.121 um_pwv,996.299 um_pwv,35.0,2.37 K,1.92335
20260210,104044.562288,104044.562288,0.0,816.745 um_pwv,997.062 um_pwv,35.0,2.182 K,1.92483
20260210,104045.518118,104045.518118,0.0,818.368 um_pwv,999.043 um_pwv,35.0,2.131 K,1.92866
20260210,104046.483082,104046.483082,0.0,816.754 um_pwv,997.072 um_pwv,35.0,1.973 K,1.92485
20260210,104047.438891,104047.438891,0.0,818.247 um_pwv,998.895 um_pwv,35.0,1.93 K,1.92838
20260210,104048.397737,104048.397737,0.0,818.417 um_pwv,999.103 um_pwv,35.0,1.908 K,1.92878
20260210,104049.359948,104049.359948,0.0,823.006 um_pwv,1004.71 um_pwv,35.0,1.963 K,1.93962
20260210,104050.323175,104050.323175,0.0,826.843 um_pwv,1009.39 um_pwv,35.0,2.063 K,1.94869
20260210,104051.284049,104051.284049,0.0,829.368 um_pwv,1012.47 um_pwv,35.0,2.121 K,1.95466
20260210,104052.238680,104052.238680,0.0,830.659 um_pwv,1014.05 um_pwv,35.0,2.162 K,1.95771
20260210,104053.201933,104053.201933,0.0,832.641 um_pwv,1016.47 um_pwv,35.0,2.317 K,1.96239
20260210,104054.158988,104054.158988,0.0,834.934 um_pwv,1019.27 um_pwv,35.0,2.546 K,1.96781
20260210,104055.120800,104055.120800,0.0,831.787 um_pwv,1015.42 um_pwv,35.0,2.387 K,1.96037
20260210,104056.080542,104056.080542,0.0,830.638 um_pwv,1014.02 um_pwv,35.0,2.478 K,1.95766
20260210,104057.040207,104057.040207,0.0,828.754 um_pwv,1011.72 um_pwv,35.0,2.431 K,1.95321
20260210,104058.000133,104058.000133,0.0,826.17 um_pwv,1008.57 um_pwv,35.0,2.389 K,1.94710
20260210,104058.962521,104058.962521,0.0,822.133 um_pwv,1003.64 um_pwv,35.0,2.235 K,1.93756
20260210,104059.923241,104059.923241,0.0,820.552 um_pwv,1001.71 um_pwv,35.0,2.238 K,1.93382
20260210,104100.884011,104100.884011,0.0,817.762 um_pwv,998.304 um_pwv,35.0,2.189 K,1.92723
20260210,104101.842945,104101.842945,0.0,814.79 um_pwv,994.674 um_pwv,35.0,2.116 K,1.92021
20260210,104102.803739,104102.803739,0.0,813.957 um_pwv,993.658 um_pwv,35.0,2.148 K,1.91824
20260210,104103.764462,104103.764462,0.0,812.042 um_pwv,991.32 um_pwv,35.0,2.085 K,1.91371
20260210,104104.721756,104104.721756,0.0,812.022 um_pwv,991.296 um_pwv,35.0,2.123 K,1.91367
20260210,104105.681451,104105.681451,0.0,812.363 um_pwv,991.712 um_pwv,35.0,2.308 K,1.91447
20260210,104106.639624,104106.639624,0.0,814.379 um_pwv,994.173 um_pwv,35.0,2.383 K,1.91924
20260210,104107.603758,104107.603758,0.0,815.264 um_pwv,995.253 um_pwv,35.0,2.439 K,1.92133
20260210,104108.561037,104108.561037,0.0,818.134 um_pwv,998.758 um_pwv,35.0,2.577 K,1.92811
20260210,104109.523760,104109.523760,0.0,817.468 um_pwv,997.945 um_pwv,35.0,2.493 K,1.92654
20260210,104110.480306,104110.480306,0.0,818.559 um_pwv,999.276 um_pwv,35.0,2.565 K,1.92911
20260210,104111.442000,104111.442000,0.0,818.328 um_pwv,998.994 um_pwv,35.0,2.383 K,1.92857
20260210,104112.402622,104112.402622,0.0,818.336 um_pwv,999.004 um_pwv,35.0,2.401 K,1.92859
20260210,104113.363128,104113.363128,0.0,816.763 um_pwv,997.083 um_pwv,35.0,2.263 K,1.92487
20260210,104114.324529,104114.324529,0.0,817.249 um_pwv,997.677 um_pwv,35.0,2.17 K,1.92602
20260210,104115.282812,104115.282812,0.0,818.449 um_pwv,999.142 um_pwv,35.0,2.051 K,1.92885
20260210,104116.242905,104116.242905,0.0,819.52 um_pwv,1000.45 um_pwv,35.0,2.042 K,1.93139
20260210,104117.198115,104117.198115,0.0,819.399 um_pwv,1000.3 um_pwv,35.0,1.944 K,1.93110
20260210,104118.162938,104118.162938,0.0,820.573 um_pwv,1001.73 um_pwv,35.0,1.881 K,1.93387
20260210,104119.123266,104119.123266,0.0,824.115 um_pwv,1006.06 um_pwv,35.0,1.964 K,1.94224
20260210,104120.082755,104120.082755,0.0,827.642 um_pwv,1010.36 um_pwv,35.0,2.018 K,1.95058
20260210,104121.040719,104121.040719,0.0,830.106 um_pwv,1013.37 um_pwv,35.0,2.165 K,1.95640
20260210,104122.001462,104122.001462,0.0,832.189 um_pwv,1015.92 um_pwv,35.0,2.288 K,1.96132
20260210,104122.962647,104122.962647,0.0,835.874 um_pwv,1020.41 um_pwv,35.0,2.45 K,1.97003
20260210,104123.922188,104123.922188,0.0,833.246 um_pwv,1017.21 um_pwv,35.0,2.353 K,1.96382
20260210,104124.882698,104124.882698,0.0,833.637 um_pwv,1017.68 um_pwv,35.0,2.59 K,1.96475
20260210,104125.844153,104125.844153,0.0,832.034 um_pwv,1015.73 um_pwv,35.0,2.421 K,1.96096
20260210,104126.800187,104126.800187,0.0,828.182 um_pwv,1011.02 um_pwv,35.0,2.363 K,1.95185
20260210,104127.763011,104127.763011,0.0,826.202 um_pwv,1008.61 um_pwv,35.0,2.435 K,1.94717
20260210,104128.723052,104128.723052,0.0,824.36 um_pwv,1006.36 um_pwv,35.0,2.417 K,1.94282
20260210,104129.678562,104129.678562,0.0,818.934 um_pwv,999.734 um_pwv,35.0,2.25 K,1.93000
20260210,104130.640456,104130.640456,0.0,817.379 um_pwv,997.836 um_pwv,35.0,2.112 K,1.92633
20260210,104131.601888,104131.601888,0.0,816.19 um_pwv,996.384 um_pwv,35.0,2.135 K,1.92351
20260210,104132.561518,104132.561518,0.0,814.138 um_pwv,993.879 um_pwv,35.0,2.056 K,1.91867
20260210,104133.523296,104133.523296,0.0,813.246 um_pwv,992.789 um_pwv,35.0,2.111 K,1.91656
20260210,104134.481627,104134.481627,0.0,813.214 um_pwv,992.751 um_pwv,35.0,2.204 K,1.91648
20260210,104135.443157,104135.443157,0.0,814.672 um_pwv,994.531 um_pwv,35.0,2.316 K,1.91993
20260210,104136.403535,104136.403535,0.0,815.344 um_pwv,995.351 um_pwv,35.0,2.365 K,1.92152
20260210,104137.360268,104137.360268,0.0,816.259 um_pwv,996.468 um_pwv,35.0,2.366 K,1.92368
20260210,104138.322174,104138.322174,0.0,818.792 um_pwv,999.561 um_pwv,35.0,2.547 K,1.92967
20260210,104139.284892,104139.284892,0.0,818.905 um_pwv,999.698 um_pwv,35.0,2.557 K,1.92993
20260210,104140.241711,104140.241711,0.0,819.52 um_pwv,1000.45 um_pwv,35.0,2.652 K,1.93139
20260210,104141.201819,104141.201819,0.0,818.882 um_pwv,999.67 um_pwv,35.0,2.431 K,1.92988
20260210,104142.164828,104142.164828,0.0,818.437 um_pwv,999.128 um_pwv,35.0,2.403 K,1.92883
20260210,104143.121458,104143.121458,0.0,817.298 um_pwv,997.737 um_pwv,35.0,2.275 K,1.92613
20260210,104144.082736,104144.082736,0.0,819.176 um_pwv,1000.03 um_pwv,35.0,2.267 K,1.93057
20260210,104145.042926,104145.042926,0.0,818.155 um_pwv,998.782 um_pwv,35.0,2.038 K,1.92816
20260210,104146.004673,104146.004673,0.0,816.492 um_pwv,996.753 um_pwv,35.0,1.923 K,1.92423
20260210,104146.960643,104146.960643,0.0,818.538 um_pwv,999.251 um_pwv,35.0,1.96 K,1.92906
20260210,104147.920567,104147.920567,0.0,821.009 um_pwv,1002.27 um_pwv,35.0,1.986 K,1.93490
20260210,104148.880256,104148.880256,0.0,824.927 um_pwv,1007.05 um_pwv,35.0,1.998 K,1.94416
20260210,104149.840397,104149.840397,0.0,827.946 um_pwv,1010.73 um_pwv,35.0,2.118 K,1.95130
20260210,104150.805059,104150.805059,0.0,831.007 um_pwv,1014.47 um_pwv,35.0,2.288 K,1.95853
20260210,104151.763818,104151.763818,0.0,832.013 um_pwv,1015.7 um_pwv,35.0,2.307 K,1.96091
20260210,104152.720644,104152.720644,0.0,834.39 um_pwv,1018.6 um_pwv,35.0,2.372 K,1.96652
20260210,104153.684487,104153.684487,0.0,832.744 um_pwv,1016.59 um_pwv,35.0,2.479 K,1.96263
20260210,104154.641727,104154.641727,0.0,832.333 um_pwv,1016.09 um_pwv,35.0,2.502 K,1.96166
20260210,104155.601154,104155.601154,0.0,830.003 um_pwv,1013.25 um_pwv,35.0,2.497 K,1.95616
20260210,104156.563745,104156.563745,0.0,828.243 um_pwv,1011.1 um_pwv,35.0,2.527 K,1.95200
20260210,104157.520335,104157.520335,0.0,824.653 um_pwv,1006.72 um_pwv,35.0,2.38 K,1.94352
20260210,104158.482534,104158.482534,0.0,821.797 um_pwv,1003.23 um_pwv,35.0,2.292 K,1.93677
20260210,104159.440434,104159.440434,0.0,819.116 um_pwv,999.956 um_pwv,35.0,2.213 K,1.93043
20260210,104200.401878,104200.401878,0.0,816.665 um_pwv,996.963 um_pwv,35.0,2.243 K,1.92464
20260210,104201.363700,104201.363700,0.0,814.066 um_pwv,993.791 um_pwv,35.0,2.064 K,1.91850
20260210,104202.322961,104202.322961,0.0,814.138 um_pwv,993.879 um_pwv,35.0,2.097 K,1.91867
20260210,104203.280395,104203.280395,0.0,815.062 um_pwv,995.008 um_pwv,35.0,2.179 K,1.92085
20260210,104204.240729,104204.240729,0.0,812.641 um_pwv,992.051 um_pwv,35.0,2.228 K,1.91513
20260210,104205.200636,104205.200636,0.0,815.223 um_pwv,995.204 um_pwv,35.0,2.346 K,1.92123
20260210,104206.160545,104206.160545,0.0,814.902 um_pwv,994.811 um_pwv,35.0,2.426 K,1.92047
20260210,104207.122599,104207.122599,0.0,817.713 um_pwv,998.244 um_pwv,35.0,2.524 K,1.92712
20260210,104208.082203,104208.082203,0.0,818.016 um_pwv,998.613 um_pwv,35.0,2.547 K,1.92783
20260210,104209.042417,104209.042417,0.0,819.277 um_pwv,1000.15 um_pwv,35.0,2.624 K,1.93081
20260210,104210.002750,104210.002750,0.0,818.498 um_pwv,999.202 um_pwv,35.0,2.506 K,1.92897
20260210,104210.963203,104210.963203,0.0,819.54 um_pwv,1000.47 um_pwv,35.0,2.433 K,1.93143
20260210,104211.925074,104211.925074,0.0,818.925 um_pwv,999.723 um_pwv,35.0,2.435 K,1.92998
20260210,104212.880469,104212.880469,0.0,818.873 um_pwv,999.66 um_pwv,35.0,2.244 K,1.92986
20260210,104213.840846,104213.840846,0.0,817.742 um_pwv,998.279 um_pwv,35.0,2.271 K,1.92718
20260210,104214.800638,104214.800638,0.0,818.316 um_pwv,998.98 um_pwv,35.0,2.145 K,1.92854
20260210,104215.762994,104215.762994,0.0,818.579 um_pwv,999.3 um_pwv,35.0,1.916 K,1.92916
20260210,104216.723276,104216.723276,0.0,820.35 um_pwv,1001.46 um_pwv,35.0,2.041 K,1.93335
20260210,104217.683068,104217.683068,0.0,821.302 um_pwv,1002.62 um_pwv,35.0,1.995 K,1.93560
20260210,104218.644838,104218.644838,0.0,825.285 um_pwv,1007.49 um_pwv,35.0,2.129 K,1.94501
20260210,104219.602524,104219.602524,0.0,827.986 um_pwv,1010.78 um_pwv,35.0,2.168 K,1.95139
20260210,104220.560604,104220.560604,0.0,830.814 um_pwv,1014.24 um_pwv,35.0,2.247 K,1.95807
20260210,104221.521005,104221.521005,0.0,832.773 um_pwv,1016.63 um_pwv,35.0,2.307 K,1.96270
20260210,104222.485836,104222.485836,0.0,833.514 um_pwv,1017.53 um_pwv,35.0,2.461 K,1.96445
20260210,104223.443274,104223.443274,0.0,833.678 um_pwv,1017.73 um_pwv,35.0,2.516 K,1.96484
20260210,104224.402160,104224.402160,0.0,831.735 um_pwv,1015.36 um_pwv,35.0,2.417 K,1.96025
20260210,104225.363242,104225.363242,0.0,831.603 um_pwv,1015.2 um_pwv,35.0,2.514 K,1.95994
20260210,104226.322869,104226.322869,0.0,826.875 um_pwv,1009.43 um_pwv,35.0,2.435 K,1.94877
20260210,104227.285401,104227.285401,0.0,825.072 um_pwv,1007.23 um_pwv,35.0,2.379 K,1.94450
20260210,104228.240881,104228.240881,0.0,821.951 um_pwv,1003.42 um_pwv,35.0,2.383 K,1.93713
20260210,104229.204506,104229.204506,0.0,819.257 um_pwv,1000.13 um_pwv,35.0,2.181 K,1.93076
20260210,104230.164146,104230.164146,0.0,817.117 um_pwv,997.515 um_pwv,35.0,2.115 K,1.92571
20260210,104231.120816,104231.120816,0.0,814.881 um_pwv,994.787 um_pwv,35.0,2.019 K,1.92042
20260210,104232.081526,104232.081526,0.0,814.209 um_pwv,993.966 um_pwv,35.0,2.008 K,1.91883
20260210,104233.044755,104233.044755,0.0,812.664 um_pwv,992.079 um_pwv,35.0,1.959 K,1.91518
20260210,104234.003441,104234.003441,0.0,813.928 um_pwv,993.623 um_pwv,35.0,2.184 K,1.91817
20260210,104234.965220,104234.965220,0.0,813.466 um_pwv,993.059 um_pwv,35.0,2.299 K,1.91708
20260210,104235.921032,104235.921032,0.0,815.505 um_pwv,995.548 um_pwv,35.0,2.43 K,1.92190
20260210,104236.881077,104236.881077,0.0,818.207 um_pwv,998.846 um_pwv,35.0,2.457 K,1.92828
20260210,104237.845546,104237.845546,0.0,818.662 um_pwv,999.402 um_pwv,35.0,2.473 K,1.92936
20260210,104238.803149,104238.803149,0.0,820.625 um_pwv,1001.8 um_pwv,35.0,2.544 K,1.93399
20260210,104239.765594,104239.765594,0.0,818.732 um_pwv,999.487 um_pwv,35.0,2.535 K,1.92952
20260210,104240.722759,104240.722759,0.0,820.694 um_pwv,1001.88 um_pwv,35.0,2.474 K,1.93416
20260210,104241.689150,104241.689150,0.0,820.552 um_pwv,1001.71 um_pwv,35.0,2.288 K,1.93382
20260210,104242.645482,104242.645482,0.0,816.452 um_pwv,996.703 um_pwv,35.0,2.205 K,1.92413
20260210,104243.601458,104243.601458,0.0,817.924 um_pwv,998.501 um_pwv,35.0,2.128 K,1.92761
20260210,104244.564431,104244.564431,0.0,818.498 um_pwv,999.202 um_pwv,35.0,1.951 K,1.92897
20260210,104245.523752,104245.523752,0.0,818.518 um_pwv,999.226 um_pwv,35.0,1.973 K,1.92902
20260210,104246.480685,104246.480685,0.0,820.986 um_pwv,1002.24 um_pwv,35.0,1.933 K,1.93485
20260210,104247.443458,104247.443458,0.0,821.586 um_pwv,1002.97 um_pwv,35.0,1.988 K,1.93627
20260210,104248.403755,104248.403755,0.0,824.197 um_pwv,1006.16 um_pwv,35.0,1.979 K,1.94244
20260210,104249.362724,104249.362724,0.0,828.109 um_pwv,1010.93 um_pwv,35.0,2.095 K,1.95168
20260210,104250.324580,104250.324580,0.0,830.811 um_pwv,1014.23 um_pwv,35.0,2.291 K,1.95807
20260210,104251.285476,104251.285476,0.0,833.575 um_pwv,1017.61 um_pwv,35.0,2.434 K,1.96460
20260210,104252.241505,104252.241505,0.0,834.955 um_pwv,1019.29 um_pwv,35.0,2.503 K,1.96786
20260210,104253.201495,104253.201495,0.0,833.987 um_pwv,1018.11 um_pwv,35.0,2.559 K,1.96557
20260210,104254.163750,104254.163750,0.0,832.929 um_pwv,1016.82 um_pwv,35.0,2.639 K,1.96307
20260210,104255.125185,104255.125185,0.0,830.188 um_pwv,1013.47 um_pwv,35.0,2.436 K,1.95659
20260210,104256.081339,104256.081339,0.0,827.662 um_pwv,1010.39 um_pwv,35.0,2.461 K,1.95063
20260210,104257.044250,104257.044250,0.0,822.945 um_pwv,1004.63 um_pwv,35.0,2.347 K,1.93948
20260210,104258.001162,104258.001162,0.0,819.673 um_pwv,1000.64 um_pwv,35.0,2.311 K,1.93175
20260210,104258.964100,104258.964100,0.0,818.521 um_pwv,999.23 um_pwv,35.0,2.232 K,1.92902
20260210,104259.922408,104259.922408,0.0,816.452 um_pwv,996.703 um_pwv,35.0,2.036 K,1.92413
20260210,104300.881215,104300.881215,0.0,815.002 um_pwv,994.934 um_pwv,35.0,2.063 K,1.92071
20260210,104301.844312,104301.844312,0.0,813.836 um_pwv,993.511 um_pwv,35.0,1.982 K,1.91795
20260210,104302.801452,104302.801452,0.0,813.716 um_pwv,993.364 um_pwv,35.0,2.079 K,1.91767
20260210,104303.762420,104303.762420,0.0,814.953 um_pwv,994.874 um_pwv,35.0,2.233 K,1.92059
20260210,104304.721747,104304.721747,0.0,815.586 um_pwv,995.646 um_pwv,35.0,2.241 K,1.92209
20260210,104305.684094,104305.684094,0.0,817.532 um_pwv,998.022 um_pwv,35.0,2.389 K,1.92669
20260210,104306.645347,104306.645347,0.0,816.431 um_pwv,996.679 um_pwv,35.0,2.514 K,1.92409
20260210,104307.603937,104307.603937,0.0,818.005 um_pwv,998.599 um_pwv,35.0,2.535 K,1.92780
20260210,104308.559778,104308.559778,0.0,819.54 um_pwv,1000.47 um_pwv,35.0,2.554 K,1.93143
20260210,104309.525601,104309.525601,0.0,819.844 um_pwv,1000.84 um_pwv,35.0,2.537 K,1.93215
20260210,104310.481496,104310.481496,0.0,820.492 um_pwv,1001.64 um_pwv,35.0,2.436 K,1.93368
20260210,104311.444929,104311.444929,0.0,819.226 um_pwv,1000.09 um_pwv,35.0,2.327 K,1.93069
20260210,104312.401458,104312.401458,0.0,818.833 um_pwv,999.61 um_pwv,35.0,2.287 K,1.92976
20260210,104313.361457,104313.361457,0.0,819.026 um_pwv,999.846 um_pwv,35.0,2.076 K,1.93022
20260210,104314.323738,104314.323738,0.0,819.693 um_pwv,1000.66 um_pwv,35.0,2.099 K,1.93179
20260210,104315.284288,104315.284288,0.0,817.54 um_pwv,998.033 um_pwv,35.0,1.94 K,1.92671
20260210,104316.241872,104316.241872,0.0,820.359 um_pwv,1001.47 um_pwv,35.0,2.004 K,1.93337
20260210,104317.203084,104317.203084,0.0,822.145 um_pwv,1003.65 um_pwv,35.0,1.962 K,1.93759
20260210,104318.164198,104318.164198,0.0,823.474 um_pwv,1005.28 um_pwv,35.0,2.015 K,1.94073
20260210,104319.121278,104319.121278,0.0,827.589 um_pwv,1010.3 um_pwv,35.0,2.121 K,1.95045
20260210,104320.084252,104320.084252,0.0,831.529 um_pwv,1015.11 um_pwv,35.0,2.209 K,1.95977
20260210,104321.044708,104321.044708,0.0,833.184 um_pwv,1017.13 um_pwv,35.0,2.366 K,1.96368
20260210,104322.003211,104322.003211,0.0,834.234 um_pwv,1018.41 um_pwv,35.0,2.437 K,1.96616
20260210,104322.963733,104322.963733,0.0,834.996 um_pwv,1019.34 um_pwv,35.0,2.554 K,1.96796
20260210,104323.925220,104323.925220,0.0,831.952 um_pwv,1015.63 um_pwv,35.0,2.575 K,1.96076
20260210,104324.883066,104324.883066,0.0,829.983 um_pwv,1013.22 um_pwv,35.0,2.476 K,1.95611
20260210,104325.846100,104325.846100,0.0,827.467 um_pwv,1010.15 um_pwv,35.0,2.461 K,1.95016
20260210,104326.809256,104326.809256,0.0,824.104 um_pwv,1006.05 um_pwv,35.0,2.339 K,1.94222
20260210,104327.764477,104327.764477,0.0,821.241 um_pwv,1002.55 um_pwv,35.0,2.323 K,1.93545
20260210,104328.725602,104328.725602,0.0,819.63 um_pwv,1000.58 um_pwv,35.0,2.232 K,1.93164
20260210,104329.686170,104329.686170,0.0,817.408 um_pwv,997.871 um_pwv,35.0,2.129 K,1.92639
20260210,104330.641835,104330.641835,0.0,815.807 um_pwv,995.917 um_pwv,35.0,2.098 K,1.92261
20260210,104331.603375,104331.603375,0.0,817.399 um_pwv,997.86 um_pwv,35.0,2.172 K,1.92637
20260210,104332.566142,104332.566142,0.0,815.819 um_pwv,995.931 um_pwv,35.0,2.199 K,1.92264
20260210,104333.523716,104333.523716,0.0,815.867 um_pwv,995.99 um_pwv,35.0,2.273 K,1.92275
20260210,104334.484527,104334.484527,0.0,816.221 um_pwv,996.422 um_pwv,35.0,2.365 K,1.92359
20260210,104335.441653,104335.441653,0.0,818.994 um_pwv,999.808 um_pwv,35.0,2.505 K,1.93014
20260210,104336.401748,104336.401748,0.0,817.924 um_pwv,998.501 um_pwv,35.0,2.46 K,1.92761
20260210,104337.363307,104337.363307,0.0,818.68 um_pwv,999.424 um_pwv,35.0,2.614 K,1.92940
20260210,104338.325932,104338.325932,0.0,820.544 um_pwv,1001.7 um_pwv,35.0,2.674 K,1.93380
20260210,104339.288621,104339.288621,0.0,820.168 um_pwv,1001.24 um_pwv,35.0,2.558 K,1.93292
20260210,104340.246009,104340.246009,0.0,820.107 um_pwv,1001.17 um_pwv,35.0,2.478 K,1.93277
20260210,104341.203421,104341.203421,0.0,820.937 um_pwv,1002.18 um_pwv,35.0,2.42 K,1.93473
20260210,104342.165592,104342.165592,0.0,819.026 um_pwv,999.846 um_pwv,35.0,2.205 K,1.93022
20260210,104343.124023,104343.124023,0.0,820.006 um_pwv,1001.04 um_pwv,35.0,2.181 K,1.93253
20260210,104344.084493,104344.084493,0.0,819.722 um_pwv,1000.7 um_pwv,35.0,2.083 K,1.93186
20260210,104345.041943,104345.041943,0.0,819.156 um_pwv,1000.01 um_pwv,35.0,1.948 K,1.93052
20260210,104346.003953,104346.003953,0.0,819.561 um_pwv,1000.5 um_pwv,35.0,1.981 K,1.93148
20260210,104346.961739,104346.961739,0.0,822.133 um_pwv,1003.64 um_pwv,35.0,2.119 K,1.93756
20260210,104347.925194,104347.925194,0.0,824.124 um_pwv,1006.07 um_pwv,35.0,2.062 K,1.94227
20260210,104348.881868,104348.881868,0.0,828.366 um_pwv,1011.25 um_pwv,35.0,2.171 K,1.95229
20260210,104349.845720,104349.845720,0.0,830.085 um_pwv,1013.35 um_pwv,35.0,2.292 K,1.95635
20260210,104350.806042,104350.806042,0.0,832.23 um_pwv,1015.97 um_pwv,35.0,2.322 K,1.96142
20260210,104351.762241,104351.762241,0.0,833.957 um_pwv,1018.07 um_pwv,35.0,2.419 K,1.96550
20260210,104352.724208,104352.724208,0.0,831.081 um_pwv,1014.56 um_pwv,35.0,2.454 K,1.95870
20260210,104353.684143,104353.684143,0.0,831.511 um_pwv,1015.09 um_pwv,35.0,2.488 K,1.95972
20260210,104354.645754,104354.645754,0.0,828.632 um_pwv,1011.57 um_pwv,35.0,2.424 K,1.95292
20260210,104355.606216,104355.606216,0.0,825.497 um_pwv,1007.75 um_pwv,35.0,2.385 K,1.94551
20260210,104356.563562,104356.563562,0.0,823.95 um_pwv,1005.86 um_pwv,35.0,2.371 K,1.94185
20260210,104357.524905,104357.524905,0.0,820.604 um_pwv,1001.77 um_pwv,35.0,2.2 K,1.93395
20260210,104358.480323,104358.480323,0.0,817.641 um_pwv,998.156 um_pwv,35.0,2.171 K,1.92694
20260210,104359.443757,104359.443757,0.0,818.267 um_pwv,998.92 um_pwv,35.0,2.094 K,1.92842
20260210,104400.406297,104400.406297,0.0,815.054 um_pwv,994.997 um_pwv,35.0,2.111 K,1.92083
20260210,104401.363993,104401.363993,0.0,816.371 um_pwv,996.605 um_pwv,35.0,2.06 K,1.92394
20260210,104402.326034,104402.326034,0.0,815.847 um_pwv,995.966 um_pwv,35.0,2.181 K,1.92271
20260210,104403.283728,104403.283728,0.0,816.069 um_pwv,996.236 um_pwv,35.0,2.25 K,1.92323
20260210,104404.246035,104404.246035,0.0,817.198 um_pwv,997.614 um_pwv,35.0,2.31 K,1.92590
20260210,104405.203112,104405.203112,0.0,819.156 um_pwv,1000.01 um_pwv,35.0,2.48 K,1.93052
20260210,104406.164050,104406.164050,0.0,819.347 um_pwv,1000.24 um_pwv,35.0,2.535 K,1.93098
20260210,104407.125989,104407.125989,0.0,818.853 um_pwv,999.635 um_pwv,35.0,2.521 K,1.92981
20260210,104408.085488,104408.085488,0.0,818.974 um_pwv,999.783 um_pwv,35.0,2.552 K,1.93009
20260210,104409.047244,104409.047244,0.0,820.037 um_pwv,1001.08 um_pwv,35.0,2.502 K,1.93261
20260210,104410.006766,104410.006766,0.0,820.532 um_pwv,1001.68 um_pwv,35.0,2.436 K,1.93378
20260210,104410.965237,104410.965237,0.0,817.177 um_pwv,997.589 um_pwv,35.0,2.207 K,1.92585
20260210,104411.923696,104411.923696,0.0,818.388 um_pwv,999.068 um_pwv,35.0,2.184 K,1.92871
20260210,104412.885000,104412.885000,0.0,817.148 um_pwv,997.554 um_pwv,35.0,2.111 K,1.92578
20260210,104413.845447,104413.845447,0.0,817.711 um_pwv,998.24 um_pwv,35.0,2.026 K,1.92711
20260210,104414.803114,104414.803114,0.0,818.66 um_pwv,999.399 um_pwv,35.0,1.956 K,1.92935
20260210,104415.763465,104415.763465,0.0,818.833 um_pwv,999.61 um_pwv,35.0,1.874 K,1.92976
20260210,104416.724728,104416.724728,0.0,821.931 um_pwv,1003.39 um_pwv,35.0,2.03 K,1.93708
20260210,104417.686763,104417.686763,0.0,825.153 um_pwv,1007.33 um_pwv,35.0,2.079 K,1.94470
20260210,104418.643244,104418.643244,0.0,828.398 um_pwv,1011.29 um_pwv,35.0,2.113 K,1.95236
20260210,104419.603968,104419.603968,0.0,828.836 um_pwv,1011.82 um_pwv,35.0,2.216 K,1.95340
20260210,104420.563993,104420.563993,0.0,829.798 um_pwv,1013 um_pwv,35.0,2.347 K,1.95567
20260210,104421.522443,104421.522443,0.0,832.403 um_pwv,1016.18 um_pwv,35.0,2.387 K,1.96183
20260210,104422.486939,104422.486939,0.0,830.035 um_pwv,1013.29 um_pwv,35.0,2.49 K,1.95623
20260210,104423.443673,104423.443673,0.0,831.254 um_pwv,1014.77 um_pwv,35.0,2.429 K,1.95911
20260210,104424.402849,104424.402849,0.0,828.121 um_pwv,1010.95 um_pwv,35.0,2.5 K,1.95171
20260210,104425.365377,104425.365377,0.0,826.088 um_pwv,1008.47 um_pwv,35.0,2.326 K,1.94691
20260210,104426.325847,104426.325847,0.0,822.478 um_pwv,1004.06 um_pwv,35.0,2.308 K,1.93838
20260210,104427.285796,104427.285796,0.0,820.552 um_pwv,1001.71 um_pwv,35.0,2.168 K,1.93382
20260210,104428.245350,104428.245350,0.0,817.368 um_pwv,997.822 um_pwv,35.0,2.169 K,1.92630
20260210,104429.201578,104429.201578,0.0,815.727 um_pwv,995.818 um_pwv,35.0,2.022 K,1.92242
20260210,104430.164366,104430.164366,0.0,816.532 um_pwv,996.802 um_pwv,35.0,2.135 K,1.92432
20260210,104431.125903,104431.125903,0.0,816.19 um_pwv,996.384 um_pwv,35.0,2.151 K,1.92351
20260210,104432.086176,104432.086176,0.0,815.876 um_pwv,996.001 um_pwv,35.0,2.141 K,1.92277
20260210,104433.042713,104433.042713,0.0,816.584 um_pwv,996.865 um_pwv,35.0,2.216 K,1.92445
20260210,104434.005493,104434.005493,0.0,818.538 um_pwv,999.251 um_pwv,35.0,2.355 K,1.92906
20260210,104434.963994,104434.963994,0.0,818.409 um_pwv,999.092 um_pwv,35.0,2.393 K,1.92876
20260210,104435.925170,104435.925170,0.0,819.116 um_pwv,999.956 um_pwv,35.0,2.628 K,1.93043
20260210,104436.882570,104436.882570,0.0,819.145 um_pwv,999.991 um_pwv,35.0,2.555 K,1.93050
20260210,104437.845256,104437.845256,0.0,818.732 um_pwv,999.487 um_pwv,35.0,2.446 K,1.92952
20260210,104438.803027,104438.803027,0.0,820.561 um_pwv,1001.72 um_pwv,35.0,2.511 K,1.93384
20260210,104439.764227,104439.764227,0.0,818.368 um_pwv,999.043 um_pwv,35.0,2.309 K,1.92866
20260210,104440.723010,104440.723010,0.0,819.763 um_pwv,1000.75 um_pwv,35.0,2.262 K,1.93196
20260210,104441.683877,104441.683877,0.0,817.964 um_pwv,998.55 um_pwv,35.0,2.249 K,1.92771
20260210,104442.645829,104442.645829,0.0,816.642 um_pwv,996.935 um_pwv,35.0,2.075 K,1.92458
20260210,104443.601916,104443.601916,0.0,817.751 um_pwv,998.29 um_pwv,35.0,2.121 K,1.92720
20260210,104444.565604,104444.565604,0.0,818.683 um_pwv,999.427 um_pwv,35.0,2.004 K,1.92941
20260210,104445.521924,104445.521924,0.0,820.816 um_pwv,1002.03 um_pwv,35.0,2.011 K,1.93445
20260210,104446.483651,104446.483651,0.0,822.336 um_pwv,1003.89 um_pwv,35.0,1.976 K,1.93804
20260210,104447.446022,104447.446022,0.0,823.596 um_pwv,1005.42 um_pwv,35.0,2.042 K,1.94102
20260210,104448.406531,104448.406531,0.0,827.61 um_pwv,1010.33 um_pwv,35.0,2.2 K,1.95050
20260210,104449.364861,104449.364861,0.0,828.927 um_pwv,1011.93 um_pwv,35.0,2.263 K,1.95362
20260210,104450.322887,104450.322887,0.0,832.054 um_pwv,1015.75 um_pwv,35.0,2.49 K,1.96101
20260210,104451.282771,104451.282771,0.0,831.438 um_pwv,1015 um_pwv,35.0,2.4 K,1.95955
20260210,104452.245470,104452.245470,0.0,831.213 um_pwv,1014.72 um_pwv,35.0,2.531 K,1.95902
20260210,104453.206070,104453.206070,0.0,830.003 um_pwv,1013.25 um_pwv,35.0,2.492 K,1.95616
20260210,104454.162389,104454.162389,0.0,828.121 um_pwv,1010.95 um_pwv,35.0,2.476 K,1.95171
20260210,104455.126478,104455.126478,0.0,825.386 um_pwv,1007.61 um_pwv,35.0,2.362 K,1.94525
20260210,104456.082420,104456.082420,0.0,821.939 um_pwv,1003.4 um_pwv,35.0,2.188 K,1.93710
20260210,104457.044413,104457.044413,0.0,820.674 um_pwv,1001.86 um_pwv,35.0,2.192 K,1.93411
20260210,104458.005419,104458.005419,0.0,816.029 um_pwv,996.187 um_pwv,35.0,2.052 K,1.92313
20260210,104458.966826,104458.966826,0.0,816.391 um_pwv,996.63 um_pwv,35.0,2.066 K,1.92399
20260210,104459.923148,104459.923148,0.0,818.489 um_pwv,999.191 um_pwv,35.0,2.114 K,1.92895
20260210,104500.886509,104500.886509,0.0,815.867 um_pwv,995.99 um_pwv,35.0,2.055 K,1.92275
20260210,104501.842043,104501.842043,0.0,816.742 um_pwv,997.058 um_pwv,35.0,2.18 K,1.92482
20260210,104502.805299,104502.805299,0.0,816.895 um_pwv,997.245 um_pwv,35.0,2.276 K,1.92518
20260210,104503.763347,104503.763347,0.0,818.074 um_pwv,998.684 um_pwv,35.0,2.251 K,1.92797
20260210,104504.722346,104504.722346,0.0,819.208 um_pwv,1000.07 um_pwv,35.0,2.422 K,1.93065
20260210,104505.684763,104505.684763,0.0,817.601 um_pwv,998.106 um_pwv,35.0,2.484 K,1.92685
20260210,104506.647336,104506.647336,0.0,818.065 um_pwv,998.673 um_pwv,35.0,2.412 K,1.92795
20260210,104507.604042,104507.604042,0.0,818.126 um_pwv,998.747 um_pwv,35.0,2.46 K,1.92809
20260210,104508.561253,104508.561253,0.0,817.61 um_pwv,998.117 um_pwv,35.0,2.26 K,1.92687
20260210,104509.522544,104509.522544,0.0,819.491 um_pwv,1000.41 um_pwv,35.0,2.371 K,1.93132
20260210,104510.484307,104510.484307,0.0,818.925 um_pwv,999.723 um_pwv,35.0,2.207 K,1.92998
20260210,104511.444912,104511.444912,0.0,818.388 um_pwv,999.068 um_pwv,35.0,2.088 K,1.92871
20260210,104512.406010,104512.406010,0.0,815.496 um_pwv,995.537 um_pwv,35.0,1.952 K,1.92188
20260210,104513.367756,104513.367756,0.0,816.161 um_pwv,996.349 um_pwv,35.0,1.91 K,1.92345
20260210,104514.328703,104514.328703,0.0,817.762 um_pwv,998.304 um_pwv,35.0,2.004 K,1.92723
20260210,104515.283007,104515.283007,0.0,819.379 um_pwv,1000.28 um_pwv,35.0,1.999 K,1.93105
20260210,104516.244290,104516.244290,0.0,820.957 um_pwv,1002.2 um_pwv,35.0,2.058 K,1.93478
20260210,104517.205871,104517.205871,0.0,824.246 um_pwv,1006.22 um_pwv,35.0,2.117 K,1.94255
20260210,104518.165928,104518.165928,0.0,826.202 um_pwv,1008.61 um_pwv,35.0,2.253 K,1.94717
20260210,104519.123094,104519.123094,0.0,827.455 um_pwv,1010.14 um_pwv,35.0,2.317 K,1.95014
20260210,104520.083471,104520.083471,0.0,828.407 um_pwv,1011.3 um_pwv,35.0,2.28 K,1.95239
20260210,104521.043071,104521.043071,0.0,827.19 um_pwv,1009.81 um_pwv,35.0,2.317 K,1.94951
20260210,104522.004460,104522.004460,0.0,830.053 um_pwv,1013.31 um_pwv,35.0,2.425 K,1.95628
20260210,104522.965974,104522.965974,0.0,828.734 um_pwv,1011.7 um_pwv,35.0,2.394 K,1.95316
20260210,104523.926390,104523.926390,0.0,825.937 um_pwv,1008.28 um_pwv,35.0,2.409 K,1.94655
20260210,104524.887131,104524.887131,0.0,824.45 um_pwv,1006.47 um_pwv,35.0,2.309 K,1.94303
20260210,104525.843743,104525.843743,0.0,821.777 um_pwv,1003.2 um_pwv,35.0,2.192 K,1.93672
20260210,104526.801543,104526.801543,0.0,818.862 um_pwv,999.646 um_pwv,35.0,2.14 K,1.92983
20260210,104527.763265,104527.763265,0.0,818.368 um_pwv,999.043 um_pwv,35.0,2.049 K,1.92866
20260210,104528.724537,104528.724537,0.0,817.238 um_pwv,997.663 um_pwv,35.0,2.044 K,1.92599
20260210,104529.685657,104529.685657,0.0,815.939 um_pwv,996.078 um_pwv,35.0,2.081 K,1.92292
20260210,104530.645842,104530.645842,0.0,816.371 um_pwv,996.605 um_pwv,35.0,2.112 K,1.92394
20260210,104531.607733,104531.607733,0.0,817.48 um_pwv,997.959 um_pwv,35.0,2.184 K,1.92656
20260210,104532.567682,104532.567682,0.0,817.419 um_pwv,997.885 um_pwv,35.0,2.318 K,1.92642
20260210,104533.525109,104533.525109,0.0,818.085 um_pwv,998.698 um_pwv,35.0,2.433 K,1.92799
20260210,104534.486019,104534.486019,0.0,818.864 um_pwv,999.649 um_pwv,35.0,2.527 K,1.92984
20260210,104535.445440,104535.445440,0.0,818.036 um_pwv,998.638 um_pwv,35.0,2.516 K,1.92788
20260210,104536.403299,104536.403299,0.0,818.966 um_pwv,999.772 um_pwv,35.0,2.569 K,1.93007
20260210,104537.366278,104537.366278,0.0,818.873 um_pwv,999.66 um_pwv,35.0,2.614 K,1.92986
20260210,104538.323421,104538.323421,0.0,819.35 um_pwv,1000.24 um_pwv,35.0,2.501 K,1.93098
20260210,104539.287979,104539.287979,0.0,819.318 um_pwv,1000.2 um_pwv,35.0,2.366 K,1.93091
20260210,104540.244722,104540.244722,0.0,818.804 um_pwv,999.575 um_pwv,35.0,2.213 K,1.92969
20260210,104541.206881,104541.206881,0.0,816.976 um_pwv,997.343 um_pwv,35.0,2.146 K,1.92537
20260210,104542.165996,104542.165996,0.0,813.627 um_pwv,993.255 um_pwv,35.0,2.033 K,1.91746
20260210,104543.125950,104543.125950,0.0,815.485 um_pwv,995.523 um_pwv,35.0,2.026 K,1.92185
20260210,104544.088070,104544.088070,0.0,817.278 um_pwv,997.712 um_pwv,35.0,1.937 K,1.92609
20260210,104545.043276,104545.043276,0.0,819.41 um_pwv,1000.32 um_pwv,35.0,2.054 K,1.93113
20260210,104546.004957,104546.004957,0.0,820.784 um_pwv,1001.99 um_pwv,35.0,2.019 K,1.93437
20260210,104546.966007,104546.966007,0.0,824.511 um_pwv,1006.54 um_pwv,35.0,2.13 K,1.94318
20260210,104547.926035,104547.926035,0.0,828.457 um_pwv,1011.36 um_pwv,35.0,2.245 K,1.95250
20260210,104548.885204,104548.885204,0.0,828.959 um_pwv,1011.97 um_pwv,35.0,2.259 K,1.95369
20260210,104549.843333,104549.843333,0.0,829.705 um_pwv,1012.88 um_pwv,35.0,2.405 K,1.95545
20260210,104550.808060,104550.808060,0.0,830.044 um_pwv,1013.3 um_pwv,35.0,2.413 K,1.95625
20260210,104551.765457,104551.765457,0.0,831.418 um_pwv,1014.97 um_pwv,35.0,2.531 K,1.95950
20260210,104552.725049,104552.725049,0.0,828.836 um_pwv,1011.82 um_pwv,35.0,2.511 K,1.95340
20260210,104553.686032,104553.686032,0.0,826.374 um_pwv,1008.82 um_pwv,35.0,2.44 K,1.94758
20260210,104554.647741,104554.647741,0.0,824.206 um_pwv,1006.17 um_pwv,35.0,2.306 K,1.94246
20260210,104555.604167,104555.604167,0.0,821.302 um_pwv,1002.62 um_pwv,35.0,2.26 K,1.93560
20260210,104556.567561,104556.567561,0.0,820.179 um_pwv,1001.25 um_pwv,35.0,2.183 K,1.93294
20260210,104557.525747,104557.525747,0.0,817.601 um_pwv,998.106 um_pwv,35.0,2.167 K,1.92685
20260210,104558.486742,104558.486742,0.0,819.136 um_pwv,999.98 um_pwv,35.0,2.112 K,1.93048
20260210,104559.447719,104559.447719,0.0,817.226 um_pwv,997.649 um_pwv,35.0,2.07 K,1.92596
20260210,104600.405145,104600.405145,0.0,816.705 um_pwv,997.013 um_pwv,35.0,2.237 K,1.92473
20260210,104601.362189,104601.362189,0.0,815.304 um_pwv,995.302 um_pwv,35.0,2.168 K,1.92142
20260210,104602.322085,104602.322085,0.0,817.662 um_pwv,998.18 um_pwv,35.0,2.371 K,1.92699
20260210,104603.288063,104603.288063,0.0,817.448 um_pwv,997.92 um_pwv,35.0,2.389 K,1.92649
20260210,104604.245860,104604.245860,0.0,819.205 um_pwv,1000.07 um_pwv,35.0,2.562 K,1.93064
20260210,104605.203975,104605.203975,0.0,818.469 um_pwv,999.166 um_pwv,35.0,2.556 K,1.92890
20260210,104606.162412,104606.162412,0.0,818.057 um_pwv,998.663 um_pwv,35.0,2.617 K,1.92793
20260210,104607.124523,104607.124523,0.0,821.03 um_pwv,1002.29 um_pwv,35.0,2.57 K,1.93495
20260210,104608.086374,104608.086374,0.0,820.359 um_pwv,1001.47 um_pwv,35.0,2.394 K,1.93337
20260210,104609.046397,104609.046397,0.0,819.168 um_pwv,1000.02 um_pwv,35.0,2.286 K,1.93055
20260210,104610.004310,104610.004310,0.0,819.269 um_pwv,1000.14 um_pwv,35.0,2.398 K,1.93079
20260210,104610.968424,104610.968424,0.0,817.713 um_pwv,998.244 um_pwv,35.0,2.169 K,1.92712
20260210,104611.925010,104611.925010,0.0,816.803 um_pwv,997.132 um_pwv,35.0,2.095 K,1.92496
20260210,104612.888223,104612.888223,0.0,815.083 um_pwv,995.032 um_pwv,35.0,1.995 K,1.92090
20260210,104613.846520,104613.846520,0.0,816.339 um_pwv,996.566 um_pwv,35.0,1.998 K,1.92387
20260210,104614.808334,104614.808334,0.0,818.215 um_pwv,998.856 um_pwv,35.0,2.018 K,1.92830
20260210,104615.764368,104615.764368,0.0,821.638 um_pwv,1003.03 um_pwv,35.0,2.087 K,1.93639
20260210,104616.724729,104616.724729,0.0,825.477 um_pwv,1007.72 um_pwv,35.0,2.234 K,1.94546
20260210,104617.686961,104617.686961,0.0,828.059 um_pwv,1010.87 um_pwv,35.0,2.281 K,1.95156
20260210,104618.648439,104618.648439,0.0,829.807 um_pwv,1013.01 um_pwv,35.0,2.388 K,1.95570
20260210,104619.604380,104619.604380,0.0,831.304 um_pwv,1014.83 um_pwv,35.0,2.477 K,1.95923
20260210,104620.566200,104620.566200,0.0,832.424 um_pwv,1016.2 um_pwv,35.0,2.563 K,1.96188
20260210,104621.523401,104621.523401,0.0,830.627 um_pwv,1014.01 um_pwv,35.0,2.536 K,1.95763
20260210,104622.486118,104622.486118,0.0,827.896 um_pwv,1010.67 um_pwv,35.0,2.509 K,1.95118
20260210,104623.448147,104623.448147,0.0,827.54 um_pwv,1010.24 um_pwv,35.0,2.409 K,1.95034
20260210,104624.404694,104624.404694,0.0,823.697 um_pwv,1005.55 um_pwv,35.0,2.346 K,1.94126
20260210,104625.366569,104625.366569,0.0,822.235 um_pwv,1003.76 um_pwv,35.0,2.275 K,1.93780
20260210,104626.326559,104626.326559,0.0,819.096 um_pwv,999.931 um_pwv,35.0,2.187 K,1.93038
20260210,104627.286474,104627.286474,0.0,819.642 um_pwv,1000.6 um_pwv,35.0,2.188 K,1.93167
20260210,104628.246598,104628.246598,0.0,816.786 um_pwv,997.111 um_pwv,35.0,2.082 K,1.92492
20260210,104629.209038,104629.209038,0.0,816.121 um_pwv,996.299 um_pwv,35.0,2.09 K,1.92335
20260210,104630.166916,104630.166916,0.0,815.847 um_pwv,995.966 um_pwv,35.0,2.109 K,1.92271
20260210,104631.124619,104631.124619,0.0,817.088 um_pwv,997.48 um_pwv,35.0,2.258 K,1.92564
20260210,104632.086239,104632.086239,0.0,819.408 um_pwv,1000.31 um_pwv,35.0,2.428 K,1.93112
20260210,104633.046678,104633.046678,0.0,818.328 um_pwv,998.994 um_pwv,35.0,2.45 K,1.92857
20260210,104634.004634,104634.004634,0.0,817.884 um_pwv,998.451 um_pwv,35.0,2.484 K,1.92752
20260210,104634.964452,104634.964452,0.0,816.653 um_pwv,996.949 um_pwv,35.0,2.466 K,1.92461
20260210,104635.924372,104635.924372,0.0,819.217 um_pwv,1000.08 um_pwv,35.0,2.707 K,1.93067
20260210,104636.886114,104636.886114,0.0,819.884 um_pwv,1000.89 um_pwv,35.0,2.663 K,1.93225
20260210,104637.845075,104637.845075,0.0,819.864 um_pwv,1000.87 um_pwv,35.0,2.501 K,1.93220
20260210,104638.806569,104638.806569,0.0,819.298 um_pwv,1000.18 um_pwv,35.0,2.376 K,1.93086
20260210,104639.763192,104639.763192,0.0,817.682 um_pwv,998.205 um_pwv,35.0,2.266 K,1.92704
20260210,104640.726315,104640.726315,0.0,817.803 um_pwv,998.353 um_pwv,35.0,2.244 K,1.92733
20260210,104641.687166,104641.687166,0.0,816.532 um_pwv,996.802 um_pwv,35.0,2.213 K,1.92432
20260210,104642.644474,104642.644474,0.0,815.103 um_pwv,995.057 um_pwv,35.0,2.051 K,1.92095
20260210,104643.606164,104643.606164,0.0,816.843 um_pwv,997.181 um_pwv,35.0,2.059 K,1.92506
20260210,104644.568596,104644.568596,0.0,819.408 um_pwv,1000.31 um_pwv,35.0,2.099 K,1.93112
20260210,104645.524251,104645.524251,0.0,821.951 um_pwv,1003.42 um_pwv,35.0,2.145 K,1.93713
20260210,104646.486583,104646.486583,0.0,826.977 um_pwv,1009.55 um_pwv,35.0,2.291 K,1.94901
20260210,104647.446075,104647.446075,0.0,828.427 um_pwv,1011.32 um_pwv,35.0,2.321 K,1.95243
20260210,104648.406126,104648.406126,0.0,830.568 um_pwv,1013.94 um_pwv,35.0,2.41 K,1.95749
20260210,104649.366698,104649.366698,0.0,831.099 um_pwv,1014.58 um_pwv,35.0,2.445 K,1.95875
20260210,104650.327567,104650.327567,0.0,830.834 um_pwv,1014.26 um_pwv,35.0,2.589 K,1.95812
20260210,104651.285985,104651.285985,0.0,828.652 um_pwv,1011.6 um_pwv,35.0,2.532 K,1.95297
20260210,104652.245852,104652.245852,0.0,828.591 um_pwv,1011.52 um_pwv,35.0,2.474 K,1.95282
20260210,104653.205994,104653.205994,0.0,827.435 um_pwv,1010.11 um_pwv,35.0,2.374 K,1.95009
20260210,104654.162549,104654.162549,0.0,824.816 um_pwv,1006.91 um_pwv,35.0,2.338 K,1.94390
20260210,104655.124559,104655.124559,0.0,820.795 um_pwv,1002.01 um_pwv,35.0,2.162 K,1.93440
20260210,104656.087131,104656.087131,0.0,819.561 um_pwv,1000.5 um_pwv,35.0,2.175 K,1.93148
20260210,104657.048799,104657.048799,0.0,817.258 um_pwv,997.688 um_pwv,35.0,2.094 K,1.92604
20260210,104658.007485,104658.007485,0.0,816.685 um_pwv,996.988 um_pwv,35.0,2.09 K,1.92468
20260210,104658.964497,104658.964497,0.0,817.892 um_pwv,998.462 um_pwv,35.0,2.178 K,1.92754
20260210,104659.924830,104659.924830,0.0,816.855 um_pwv,997.195 um_pwv,35.0,2.175 K,1.92509
20260210,104700.886864,104700.886864,0.0,817.54 um_pwv,998.033 um_pwv,35.0,2.245 K,1.92671
20260210,104701.845770,104701.845770,0.0,819.044 um_pwv,999.868 um_pwv,35.0,2.422 K,1.93026
20260210,104702.805388,104702.805388,0.0,820.431 um_pwv,1001.56 um_pwv,35.0,2.532 K,1.93354
20260210,104703.766725,104703.766725,0.0,819.358 um_pwv,1000.25 um_pwv,35.0,2.58 K,1.93100
20260210,104704.726979,104704.726979,0.0,819.884 um_pwv,1000.89 um_pwv,35.0,2.637 K,1.93225
20260210,104705.688576,104705.688576,0.0,820.573 um_pwv,1001.73 um_pwv,35.0,2.62 K,1.93387
20260210,104706.646238,104706.646238,0.0,820.309 um_pwv,1001.41 um_pwv,35.0,2.565 K,1.93325
20260210,104707.605072,104707.605072,0.0,820.471 um_pwv,1001.61 um_pwv,35.0,2.454 K,1.93363
20260210,104708.566291,104708.566291,0.0,820.095 um_pwv,1001.15 um_pwv,35.0,2.398 K,1.93274
20260210,104709.527006,104709.527006,0.0,818.541 um_pwv,999.254 um_pwv,35.0,2.264 K,1.92907
20260210,104710.486496,104710.486496,0.0,816.371 um_pwv,996.605 um_pwv,35.0,2.075 K,1.92394
20260210,104711.443103,104711.443103,0.0,816.008 um_pwv,996.162 um_pwv,35.0,2.148 K,1.92309
20260210,104712.404610,104712.404610,0.0,816.42 um_pwv,996.665 um_pwv,35.0,2.002 K,1.92406
20260210,104713.367475,104713.367475,0.0,816.613 um_pwv,996.9 um_pwv,35.0,2.063 K,1.92451
20260210,104714.324624,104714.324624,0.0,819.884 um_pwv,1000.89 um_pwv,35.0,2.048 K,1.93225
20260210,104715.286553,104715.286553,0.0,823.686 um_pwv,1005.53 um_pwv,35.0,2.101 K,1.94123
20260210,104716.243705,104716.243705,0.0,828.673 um_pwv,1011.62 um_pwv,35.0,2.274 K,1.95301
20260210,104717.207072,104717.207072,0.0,830.199 um_pwv,1013.49 um_pwv,35.0,2.34 K,1.95662
20260210,104718.164752,104718.164752,0.0,830.691 um_pwv,1014.09 um_pwv,35.0,2.338 K,1.95778
20260210,104719.124717,104719.124717,0.0,830.691 um_pwv,1014.09 um_pwv,35.0,2.434 K,1.95778
20260210,104720.085378,104720.085378,0.0,831.213 um_pwv,1014.72 um_pwv,35.0,2.409 K,1.95902
20260210,104721.046088,104721.046088,0.0,832.157 um_pwv,1015.88 um_pwv,35.0,2.564 K,1.96125
20260210,104722.008149,104722.008149,0.0,829.011 um_pwv,1012.04 um_pwv,35.0,2.465 K,1.95381
20260210,104722.966425,104722.966425,0.0,828.407 um_pwv,1011.3 um_pwv,35.0,2.378 K,1.95239
20260210,104723.927471,104723.927471,0.0,826.14 um_pwv,1008.53 um_pwv,35.0,2.422 K,1.94703
20260210,104724.885635,104724.885635,0.0,823.392 um_pwv,1005.18 um_pwv,35.0,2.206 K,1.94054
20260210,104725.847146,104725.847146,0.0,819.714 um_pwv,1000.69 um_pwv,35.0,2.179 K,1.93184
20260210,104726.806438,104726.806438,0.0,819.408 um_pwv,1000.31 um_pwv,35.0,2.092 K,1.93112
20260210,104727.766367,104727.766367,0.0,818.207 um_pwv,998.846 um_pwv,35.0,2.154 K,1.92828
20260210,104728.724380,104728.724380,0.0,816.532 um_pwv,996.802 um_pwv,35.0,2.074 K,1.92432
20260210,104729.686320,104729.686320,0.0,816.443 um_pwv,996.693 um_pwv,35.0,2.164 K,1.92411
20260210,104730.646716,104730.646716,0.0,817.621 um_pwv,998.131 um_pwv,35.0,2.279 K,1.92690
20260210,104731.607412,104731.607412,0.0,816.763 um_pwv,997.083 um_pwv,35.0,2.253 K,1.92487
20260210,104732.564772,104732.564772,0.0,818.752 um_pwv,999.512 um_pwv,35.0,2.509 K,1.92957
20260210,104733.527348,104733.527348,0.0,819.613 um_pwv,1000.56 um_pwv,35.0,2.542 K,1.93160
20260210,104734.487032,104734.487032,0.0,819.015 um_pwv,999.832 um_pwv,35.0,2.624 K,1.93019
20260210,104735.449000,104735.449000,0.0,818.238 um_pwv,998.884 um_pwv,35.0,2.584 K,1.92836
20260210,104736.409505,104736.409505,0.0,819.015 um_pwv,999.832 um_pwv,35.0,2.544 K,1.93019
20260210,104737.369844,104737.369844,0.0,819.581 um_pwv,1000.52 um_pwv,35.0,2.456 K,1.93153
20260210,104738.330161,104738.330161,0.0,819.451 um_pwv,1000.36 um_pwv,35.0,2.424 K,1.93122
20260210,104739.289613,104739.289613,0.0,818.287 um_pwv,998.944 um_pwv,35.0,2.232 K,1.92847
20260210,104740.250368,104740.250368,0.0,816.452 um_pwv,996.703 um_pwv,35.0,2.208 K,1.92413
20260210,104741.205275,104741.205275,0.0,816.049 um_pwv,996.212 um_pwv,35.0,2.079 K,1.92318
20260210,104742.167245,104742.167245,0.0,816.371 um_pwv,996.605 um_pwv,35.0,2.055 K,1.92394
20260210,104743.126749,104743.126749,0.0,816.492 um_pwv,996.753 um_pwv,35.0,1.902 K,1.92423
20260210,104744.085655,104744.085655,0.0,820.775 um_pwv,1001.98 um_pwv,35.0,2.03 K,1.93435
20260210,104745.048103,104745.048103,0.0,821.719 um_pwv,1003.13 um_pwv,35.0,2.018 K,1.93658
20260210,104746.008715,104746.008715,0.0,828.591 um_pwv,1011.52 um_pwv,35.0,2.131 K,1.95282
20260210,104746.969526,104746.969526,0.0,830.495 um_pwv,1013.85 um_pwv,35.0,2.321 K,1.95732
20260210,104747.924631,104747.924631,0.0,830.167 um_pwv,1013.45 um_pwv,35.0,2.372 K,1.95655
20260210,104748.886001,104748.886001,0.0,830.609 um_pwv,1013.99 um_pwv,35.0,2.392 K,1.95759
20260210,104749.845160,104749.845160,0.0,831.541 um_pwv,1015.12 um_pwv,35.0,2.516 K,1.95979
20260210,104750.806141,104750.806141,0.0,831.459 um_pwv,1015.02 um_pwv,35.0,2.581 K,1.95960
20260210,104751.768215,104751.768215,0.0,829.38 um_pwv,1012.49 um_pwv,35.0,2.477 K,1.95469
20260210,104752.729751,104752.729751,0.0,826.14 um_pwv,1008.53 um_pwv,35.0,2.345 K,1.94703
20260210,104753.683863,104753.683863,0.0,824.613 um_pwv,1006.67 um_pwv,35.0,2.238 K,1.94342
20260210,104754.646533,104754.646533,0.0,822.681 um_pwv,1004.31 um_pwv,35.0,2.247 K,1.93886
20260210,104755.606925,104755.606925,0.0,819.985 um_pwv,1001.02 um_pwv,35.0,2.147 K,1.93248
20260210,104756.567840,104756.567840,0.0,817.944 um_pwv,998.525 um_pwv,35.0,2.141 K,1.92766
20260210,104757.527837,104757.527837,0.0,817.287 um_pwv,997.723 um_pwv,35.0,2.153 K,1.92611
20260210,104758.489364,104758.489364,0.0,817.512 um_pwv,997.997 um_pwv,35.0,2.138 K,1.92664
20260210,104759.444799,104759.444799,0.0,816.342 um_pwv,996.57 um_pwv,35.0,2.179 K,1.92387
20260210,104800.406051,104800.406051,0.0,817.924 um_pwv,998.501 um_pwv,35.0,2.232 K,1.92761
20260210,104801.366914,104801.366914,0.0,817.924 um_pwv,998.501 um_pwv,35.0,2.312 K,1.92761
20260210,104802.326848,104802.326848,0.0,818.954 um_pwv,999.758 um_pwv,35.0,2.433 K,1.93005
20260210,104803.289182,104803.289182,0.0,818.902 um_pwv,999.695 um_pwv,35.0,2.561 K,1.92992
20260210,104804.245739,104804.245739,0.0,820.046 um_pwv,1001.09 um_pwv,35.0,2.564 K,1.93263
20260210,104805.207176,104805.207176,0.0,821.151 um_pwv,1002.44 um_pwv,35.0,2.624 K,1.93524
20260210,104806.167713,104806.167713,0.0,819.662 um_pwv,1000.62 um_pwv,35.0,2.455 K,1.93172
20260210,104807.128740,104807.128740,0.0,820.836 um_pwv,1002.06 um_pwv,35.0,2.366 K,1.93449
20260210,104808.089192,104808.089192,0.0,819.569 um_pwv,1000.51 um_pwv,35.0,2.351 K,1.93150
20260210,104809.045514,104809.045514,0.0,815.827 um_pwv,995.941 um_pwv,35.0,2.118 K,1.92266
20260210,104810.007647,104810.007647,0.0,814.91 um_pwv,994.822 um_pwv,35.0,2.019 K,1.92049
20260210,104810.965756,104810.965756,0.0,815.525 um_pwv,995.573 um_pwv,35.0,2.032 K,1.92194
20260210,104811.927671,104811.927671,0.0,817.148 um_pwv,997.554 um_pwv,35.0,2.065 K,1.92578
20260210,104812.890484,104812.890484,0.0,818.207 um_pwv,998.846 um_pwv,35.0,2.031 K,1.92828
20260210,104813.847348,104813.847348,0.0,822.284 um_pwv,1003.82 um_pwv,35.0,2.081 K,1.93792
20260210,104814.808956,104814.808956,0.0,825.703 um_pwv,1008 um_pwv,35.0,2.072 K,1.94600
20260210,104815.768138,104815.768138,0.0,827.467 um_pwv,1010.15 um_pwv,35.0,2.206 K,1.95016
20260210,104816.727815,104816.727815,0.0,831.224 um_pwv,1014.74 um_pwv,35.0,2.4 K,1.95904
20260210,104817.685662,104817.685662,0.0,832.661 um_pwv,1016.49 um_pwv,35.0,2.39 K,1.96244
20260210,104818.645769,104818.645769,0.0,832.148 um_pwv,1015.86 um_pwv,35.0,2.398 K,1.96123
20260210,104819.607050,104819.607050,0.0,833.328 um_pwv,1017.31 um_pwv,35.0,2.511 K,1.96402
20260210,104820.569753,104820.569753,0.0,831.55 um_pwv,1015.14 um_pwv,35.0,2.409 K,1.95981
20260210,104821.524879,104821.524879,0.0,830.709 um_pwv,1014.11 um_pwv,35.0,2.406 K,1.95783
20260210,104822.487820,104822.487820,0.0,827.712 um_pwv,1010.45 um_pwv,35.0,2.339 K,1.95074
20260210,104823.449087,104823.449087,0.0,826.251 um_pwv,1008.67 um_pwv,35.0,2.198 K,1.94729
20260210,104824.405268,104824.405268,0.0,822.307 um_pwv,1003.85 um_pwv,35.0,2.155 K,1.93797
20260210,104825.367730,104825.367730,0.0,817.814 um_pwv,998.367 um_pwv,35.0,2.027 K,1.92735
20260210,104826.323850,104826.323850,0.0,817.742 um_pwv,998.279 um_pwv,35.0,2.017 K,1.92718
20260210,104827.287633,104827.287633,0.0,818.53 um_pwv,999.24 um_pwv,35.0,2.082 K,1.92904
20260210,104828.246321,104828.246321,0.0,816.846 um_pwv,997.185 um_pwv,35.0,2.041 K,1.92507
20260210,104829.207456,104829.207456,0.0,816.351 um_pwv,996.58 um_pwv,35.0,2.078 K,1.92390
20260210,104830.165861,104830.165861,0.0,817.589 um_pwv,998.092 um_pwv,35.0,2.23 K,1.92682
20260210,104831.126451,104831.126451,0.0,819.682 um_pwv,1000.65 um_pwv,35.0,2.309 K,1.93177
20260210,104832.088438,104832.088438,0.0,819.075 um_pwv,999.906 um_pwv,35.0,2.455 K,1.93033
20260210,104833.049102,104833.049102,0.0,822.629 um_pwv,1004.25 um_pwv,35.0,2.534 K,1.93873
20260210,104834.005026,104834.005026,0.0,818.034 um_pwv,998.635 um_pwv,35.0,2.464 K,1.92787
20260210,104834.969731,104834.969731,0.0,818.792 um_pwv,999.561 um_pwv,35.0,2.508 K,1.92967
20260210,104835.924914,104835.924914,0.0,819.096 um_pwv,999.931 um_pwv,35.0,2.473 K,1.93038
20260210,104836.886584,104836.886584,0.0,819.5 um_pwv,1000.42 um_pwv,35.0,2.387 K,1.93134
20260210,104837.843927,104837.843927,0.0,816.008 um_pwv,996.162 um_pwv,35.0,2.16 K,1.92309
20260210,104838.804267,104838.804267,0.0,815.767 um_pwv,995.867 um_pwv,35.0,2.06 K,1.92252
20260210,104839.765183,104839.765183,0.0,814.741 um_pwv,994.615 um_pwv,35.0,1.995 K,1.92009
20260210,104840.725350,104840.725350,0.0,815.445 um_pwv,995.474 um_pwv,35.0,2.003 K,1.92175
20260210,104841.687822,104841.687822,0.0,814.741 um_pwv,994.615 um_pwv,35.0,1.961 K,1.92009
20260210,104842.649033,104842.649033,0.0,817.924 um_pwv,998.501 um_pwv,35.0,1.957 K,1.92761
20260210,104843.605752,104843.605752,0.0,821.313 um_pwv,1002.64 um_pwv,35.0,1.881 K,1.93562
20260210,104844.571172,104844.571172,0.0,824.714 um_pwv,1006.79 um_pwv,35.0,2.101 K,1.94366
20260210,104845.526622,104845.526622,0.0,827.333 um_pwv,1009.99 um_pwv,35.0,2.151 K,1.94985
20260210,104846.490321,104846.490321,0.0,829.4 um_pwv,1012.51 um_pwv,35.0,2.184 K,1.95473
20260210,104847.447496,104847.447496,0.0,830.433 um_pwv,1013.77 um_pwv,35.0,2.357 K,1.95717
20260210,104848.409222,104848.409222,0.0,831.213 um_pwv,1014.72 um_pwv,35.0,2.443 K,1.95902
20260210,104849.365283,104849.365283,0.0,831.388 um_pwv,1014.94 um_pwv,35.0,2.409 K,1.95943
20260210,104850.328111,104850.328111,0.0,830.053 um_pwv,1013.31 um_pwv,35.0,2.394 K,1.95628
20260210,104851.288647,104851.288647,0.0,831.283 um_pwv,1014.81 um_pwv,35.0,2.377 K,1.95918
20260210,104852.248347,104852.248347,0.0,828.804 um_pwv,1011.78 um_pwv,35.0,2.354 K,1.95333
20260210,104853.204500,104853.204500,0.0,825.194 um_pwv,1007.38 um_pwv,35.0,2.141 K,1.94479
20260210,104854.167203,104854.167203,0.0,821.606 um_pwv,1003 um_pwv,35.0,1.981 K,1.93631
20260210,104855.124888,104855.124888,0.0,819.642 um_pwv,1000.6 um_pwv,35.0,2.013 K,1.93167
20260210,104856.088142,104856.088142,0.0,816.452 um_pwv,996.703 um_pwv,35.0,2.09 K,1.92413
20260210,104857.051668,104857.051668,0.0,816.23 um_pwv,996.433 um_pwv,35.0,2.04 K,1.92361
20260210,104858.009416,104858.009416,0.0,815.376 um_pwv,995.39 um_pwv,35.0,1.99 K,1.92159
20260210,104858.966643,104858.966643,0.0,816.371 um_pwv,996.605 um_pwv,35.0,2.111 K,1.92394
20260210,104859.926761,104859.926761,0.0,817.904 um_pwv,998.476 um_pwv,35.0,2.252 K,1.92757
20260210,104900.889562,104900.889562,0.0,818.781 um_pwv,999.547 um_pwv,35.0,2.363 K,1.92964
20260210,104901.849724,104901.849724,0.0,820.006 um_pwv,1001.04 um_pwv,35.0,2.49 K,1.93253
20260210,104902.805863,104902.805863,0.0,819.824 um_pwv,1000.82 um_pwv,35.0,2.444 K,1.93210
20260210,104903.770628,104903.770628,0.0,820.654 um_pwv,1001.83 um_pwv,35.0,2.487 K,1.93406
20260210,104904.728409,104904.728409,0.0,816.21 um_pwv,996.408 um_pwv,35.0,2.348 K,1.92356
20260210,104905.685661,104905.685661,0.0,819.367 um_pwv,1000.26 um_pwv,35.0,2.373 K,1.93102
20260210,104906.648881,104906.648881,0.0,818.974 um_pwv,999.783 um_pwv,35.0,2.351 K,1.93009
20260210,104907.608024,104907.608024,0.0,816.855 um_pwv,997.195 um_pwv,35.0,2.263 K,1.92509
20260210,104908.568827,104908.568827,0.0,817.63 um_pwv,998.142 um_pwv,35.0,2.19 K,1.92692
20260210,104909.529583,104909.529583,0.0,816.331 um_pwv,996.556 um_pwv,35.0,2.012 K,1.92385
20260210,104910.489376,104910.489376,0.0,812.922 um_pwv,992.394 um_pwv,35.0,1.867 K,1.91579
20260210,104911.449272,104911.449272,0.0,815.988 um_pwv,996.138 um_pwv,35.0,1.915 K,1.92304
20260210,104912.411296,104912.411296,0.0,817.468 um_pwv,997.945 um_pwv,35.0,1.919 K,1.92654
20260210,104913.368136,104913.368136,0.0,822.223 um_pwv,1003.75 um_pwv,35.0,2.001 K,1.93777
20260210,104914.326161,104914.326161,0.0,825.162 um_pwv,1007.34 um_pwv,35.0,2.139 K,1.94472
20260210,104915.289816,104915.289816,0.0,829.286 um_pwv,1012.37 um_pwv,35.0,2.212 K,1.95446
20260210,104916.248175,104916.248175,0.0,829.942 um_pwv,1013.17 um_pwv,35.0,2.285 K,1.95601
20260210,104917.210650,104917.210650,0.0,833.287 um_pwv,1017.26 um_pwv,35.0,2.44 K,1.96392
20260210,104918.164776,104918.164776,0.0,831.86 um_pwv,1015.51 um_pwv,35.0,2.461 K,1.96055
20260210,104919.127252,104919.127252,0.0,832.876 um_pwv,1016.75 um_pwv,35.0,2.441 K,1.96295
20260210,104920.089322,104920.089322,0.0,831.488 um_pwv,1015.06 um_pwv,35.0,2.344 K,1.95967
20260210,104921.048960,104921.048960,0.0,833.184 um_pwv,1017.13 um_pwv,35.0,2.419 K,1.96368
20260210,104922.009061,104922.009061,0.0,831.828 um_pwv,1015.47 um_pwv,35.0,2.276 K,1.96047
20260210,104922.966520,104922.966520,0.0,825.549 um_pwv,1007.81 um_pwv,35.0,2.178 K,1.94563
20260210,104923.929100,104923.929100,0.0,822.125 um_pwv,1003.63 um_pwv,35.0,2.156 K,1.93754
20260210,104924.887066,104924.887066,0.0,820.066 um_pwv,1001.12 um_pwv,35.0,2.038 K,1.93268
20260210,104925.848265,104925.848265,0.0,817.52 um_pwv,998.008 um_pwv,35.0,2.117 K,1.92666
20260210,104926.804718,104926.804718,0.0,815.393 um_pwv,995.411 um_pwv,35.0,1.99 K,1.92163
20260210,104927.766497,104927.766497,0.0,815.445 um_pwv,995.474 um_pwv,35.0,2.026 K,1.92175
20260210,104928.729315,104928.729315,0.0,817.048 um_pwv,997.431 um_pwv,35.0,2.125 K,1.92554
20260210,104929.686238,104929.686238,0.0,818.166 um_pwv,998.796 um_pwv,35.0,2.212 K,1.92819
20260210,104930.649282,104930.649282,0.0,818.287 um_pwv,998.944 um_pwv,35.0,2.281 K,1.92847
20260210,104931.607189,104931.607189,0.0,819.844 um_pwv,1000.84 um_pwv,35.0,2.419 K,1.93215
20260210,104932.569738,104932.569738,0.0,820.431 um_pwv,1001.56 um_pwv,35.0,2.48 K,1.93354
20260210,104933.526134,104933.526134,0.0,821.12 um_pwv,1002.4 um_pwv,35.0,2.551 K,1.93516
20260210,104934.489024,104934.489024,0.0,818.227 um_pwv,998.87 um_pwv,35.0,2.488 K,1.92833
20260210,104935.449502,104935.449502,0.0,818.59 um_pwv,999.314 um_pwv,35.0,2.319 K,1.92919
20260210,104936.408366,104936.408366,0.0,818.925 um_pwv,999.723 um_pwv,35.0,2.184 K,1.92998
20260210,104937.366986,104937.366986,0.0,816.907 um_pwv,997.259 um_pwv,35.0,2.2 K,1.92521
20260210,104938.328614,104938.328614,0.0,815.284 um_pwv,995.278 um_pwv,35.0,1.982 K,1.92137
20260210,104939.292397,104939.292397,0.0,815.223 um_pwv,995.204 um_pwv,35.0,1.968 K,1.92123
20260210,104940.250218,104940.250218,0.0,815.876 um_pwv,996.001 um_pwv,35.0,2.013 K,1.92277
20260210,104941.205600,104941.205600,0.0,817.379 um_pwv,997.836 um_pwv,35.0,2.008 K,1.92633
20260210,104942.168869,104942.168869,0.0,817.964 um_pwv,998.55 um_pwv,35.0,1.883 K,1.92771
20260210,104943.126143,104943.126143,0.0,823.088 um_pwv,1004.8 um_pwv,35.0,2 K,1.93982
20260210,104944.089563,104944.089563,0.0,826.528 um_pwv,1009 um_pwv,35.0,2.109 K,1.94795
20260210,104945.049243,104945.049243,0.0,828.232 um_pwv,1011.08 um_pwv,35.0,2.181 K,1.95197
20260210,104946.011264,104946.011264,0.0,830.158 um_pwv,1013.44 um_pwv,35.0,2.244 K,1.95652
20260210,104946.964784,104946.964784,0.0,834.101 um_pwv,1018.25 um_pwv,35.0,2.436 K,1.96584
20260210,104947.926111,104947.926111,0.0,833.102 um_pwv,1017.03 um_pwv,35.0,2.481 K,1.96348
20260210,104948.889250,104948.889250,0.0,832.723 um_pwv,1016.57 um_pwv,35.0,2.505 K,1.96259
20260210,104949.851112,104949.851112,0.0,833.205 um_pwv,1017.16 um_pwv,35.0,2.453 K,1.96372
20260210,104950.808809,104950.808809,0.0,832.844 um_pwv,1016.71 um_pwv,35.0,2.357 K,1.96287
20260210,104951.770686,104951.770686,0.0,829.983 um_pwv,1013.22 um_pwv,35.0,2.316 K,1.95611
20260210,104952.726866,104952.726866,0.0,826.181 um_pwv,1008.58 um_pwv,35.0,2.156 K,1.94713
20260210,104953.688488,104953.688488,0.0,824.438 um_pwv,1006.45 um_pwv,35.0,2.164 K,1.94301
20260210,104954.646949,104954.646949,0.0,819.318 um_pwv,1000.2 um_pwv,35.0,2.137 K,1.93091
20260210,104955.610496,104955.610496,0.0,818.842 um_pwv,999.621 um_pwv,35.0,2.062 K,1.92978
20260210,104956.571774,104956.571774,0.0,817.209 um_pwv,997.628 um_pwv,35.0,2.043 K,1.92592
20260210,104957.528987,104957.528987,0.0,816.765 um_pwv,997.086 um_pwv,35.0,2.139 K,1.92488
20260210,104958.491398,104958.491398,0.0,819.65 um_pwv,1000.61 um_pwv,35.0,2.183 K,1.93169
20260210,104959.447743,104959.447743,0.0,819.075 um_pwv,999.906 um_pwv,35.0,2.274 K,1.93033
20260210,105000.412402,105000.412402,0.0,819.945 um_pwv,1000.97 um_pwv,35.0,2.317 K,1.93239
20260210,105001.371424,105001.371424,0.0,819.954 um_pwv,1000.98 um_pwv,35.0,2.413 K,1.93241
20260210,105002.327092,105002.327092,0.0,821.983 um_pwv,1003.46 um_pwv,35.0,2.53 K,1.93720
20260210,105003.289257,105003.289257,0.0,821.25 um_pwv,1002.56 um_pwv,35.0,2.61 K,1.93547
20260210,105004.245076,105004.245076,0.0,819.552 um_pwv,1000.49 um_pwv,35.0,2.446 K,1.93146
20260210,105005.207779,105005.207779,0.0,818.611 um_pwv,999.339 um_pwv,35.0,2.356 K,1.92924
20260210,105006.170433,105006.170433,0.0,819.116 um_pwv,999.956 um_pwv,35.0,2.29 K,1.93043
20260210,105007.131043,105007.131043,0.0,816.109 um_pwv,996.285 um_pwv,35.0,2.192 K,1.92332
20260210,105008.091059,105008.091059,0.0,815.646 um_pwv,995.72 um_pwv,35.0,2.085 K,1.92223
20260210,105009.051559,105009.051559,0.0,815.344 um_pwv,995.351 um_pwv,35.0,2.064 K,1.92152
20260210,105010.006514,105010.006514,0.0,816.915 um_pwv,997.269 um_pwv,35.0,1.961 K,1.92523
20260210,105010.968554,105010.968554,0.0,816.855 um_pwv,997.195 um_pwv,35.0,2.03 K,1.92509
20260210,105011.925527,105011.925527,0.0,821.951 um_pwv,1003.42 um_pwv,35.0,2.07 K,1.93713
20260210,105012.891447,105012.891447,0.0,823.932 um_pwv,1005.84 um_pwv,35.0,2.074 K,1.94181
20260210,105013.851356,105013.851356,0.0,825.497 um_pwv,1007.75 um_pwv,35.0,2.186 K,1.94551
20260210,105014.808620,105014.808620,0.0,828.918 um_pwv,1011.92 um_pwv,35.0,2.22 K,1.95359
20260210,105015.769832,105015.769832,0.0,832.333 um_pwv,1016.09 um_pwv,35.0,2.355 K,1.96166
20260210,105016.729385,105016.729385,0.0,831.787 um_pwv,1015.42 um_pwv,35.0,2.338 K,1.96037
20260210,105017.689888,105017.689888,0.0,833.443 um_pwv,1017.45 um_pwv,35.0,2.406 K,1.96429
20260210,105018.652353,105018.652353,0.0,832.444 um_pwv,1016.23 um_pwv,35.0,2.329 K,1.96193
20260210,105019.608096,105019.608096,0.0,833.102 um_pwv,1017.03 um_pwv,35.0,2.296 K,1.96348
20260210,105020.565849,105020.565849,0.0,832.814 um_pwv,1016.68 um_pwv,35.0,2.394 K,1.96280
20260210,105021.525205,105021.525205,0.0,830.647 um_pwv,1014.03 um_pwv,35.0,2.256 K,1.95768
20260210,105022.491123,105022.491123,0.0,826.181 um_pwv,1008.58 um_pwv,35.0,2.186 K,1.94713
20260210,105023.448731,105023.448731,0.0,821.777 um_pwv,1003.2 um_pwv,35.0,2.014 K,1.93672
20260210,105024.411371,105024.411371,0.0,819.896 um_pwv,1000.91 um_pwv,35.0,2.068 K,1.93227
20260210,105025.367256,105025.367256,0.0,819.226 um_pwv,1000.09 um_pwv,35.0,1.997 K,1.93069
20260210,105026.327542,105026.327542,0.0,817.814 um_pwv,998.367 um_pwv,35.0,2.066 K,1.92735
20260210,105027.291450,105027.291450,0.0,816.763 um_pwv,997.083 um_pwv,35.0,2.05 K,1.92487
20260210,105028.248650,105028.248650,0.0,817.52 um_pwv,998.008 um_pwv,35.0,2.172 K,1.92666
20260210,105029.210322,105029.210322,0.0,818.328 um_pwv,998.994 um_pwv,35.0,2.184 K,1.92857
20260210,105030.171779,105030.171779,0.0,821.253 um_pwv,1002.56 um_pwv,35.0,2.332 K,1.93548
20260210,105031.130262,105031.130262,0.0,821.12 um_pwv,1002.4 um_pwv,35.0,2.505 K,1.93516
20260210,105032.095171,105032.095171,0.0,821.931 um_pwv,1003.39 um_pwv,35.0,2.543 K,1.93708
20260210,105033.050340,105033.050340,0.0,821.172 um_pwv,1002.47 um_pwv,35.0,2.461 K,1.93529
20260210,105034.012076,105034.012076,0.0,818.481 um_pwv,999.18 um_pwv,35.0,2.364 K,1.92893
20260210,105034.968380,105034.968380,0.0,819.488 um_pwv,1000.41 um_pwv,35.0,2.343 K,1.93131
20260210,105035.926272,105035.926272,0.0,817.137 um_pwv,997.54 um_pwv,35.0,2.162 K,1.92575
20260210,105036.887335,105036.887335,0.0,815.727 um_pwv,995.818 um_pwv,35.0,2.124 K,1.92242
20260210,105037.847338,105037.847338,0.0,815.758 um_pwv,995.857 um_pwv,35.0,2.093 K,1.92249
20260210,105038.811756,105038.811756,0.0,816.702 um_pwv,997.009 um_pwv,35.0,1.995 K,1.92473
20260210,105039.772921,105039.772921,0.0,816.282 um_pwv,996.496 um_pwv,35.0,1.976 K,1.92373
20260210,105040.728970,105040.728970,0.0,818.368 um_pwv,999.043 um_pwv,35.0,1.897 K,1.92866
20260210,105041.691464,105041.691464,0.0,821.473 um_pwv,1002.83 um_pwv,35.0,2.019 K,1.93600
20260210,105042.645849,105042.645849,0.0,824.848 um_pwv,1006.95 um_pwv,35.0,2.139 K,1.94398
20260210,105043.611692,105043.611692,0.0,826.027 um_pwv,1008.39 um_pwv,35.0,2.232 K,1.94676
20260210,105044.568904,105044.568904,0.0,828.652 um_pwv,1011.6 um_pwv,35.0,2.355 K,1.95297
20260210,105045.531139,105045.531139,0.0,832.086 um_pwv,1015.79 um_pwv,35.0,2.506 K,1.96108
20260210,105046.487940,105046.487940,0.0,831.131 um_pwv,1014.62 um_pwv,35.0,2.493 K,1.95882
20260210,105047.449478,105047.449478,0.0,833.04 um_pwv,1016.95 um_pwv,35.0,2.449 K,1.96334
20260210,105048.410719,105048.410719,0.0,832.568 um_pwv,1016.38 um_pwv,35.0,2.349 K,1.96222
20260210,105049.371820,105049.371820,0.0,834.09 um_pwv,1018.24 um_pwv,35.0,2.375 K,1.96582
20260210,105050.329185,105050.329185,0.0,830.372 um_pwv,1013.7 um_pwv,35.0,2.268 K,1.95703
20260210,105051.291490,105051.291490,0.0,828.398 um_pwv,1011.29 um_pwv,35.0,2.165 K,1.95236
20260210,105052.251913,105052.251913,0.0,826.875 um_pwv,1009.43 um_pwv,35.0,2.201 K,1.94877
20260210,105053.212001,105053.212001,0.0,823.627 um_pwv,1005.46 um_pwv,35.0,2.102 K,1.94109
20260210,105054.169760,105054.169760,0.0,821.8 um_pwv,1003.23 um_pwv,35.0,2.057 K,1.93677
20260210,105055.131828,105055.131828,0.0,817.884 um_pwv,998.451 um_pwv,35.0,2.018 K,1.92752
20260210,105056.089298,105056.089298,0.0,817.077 um_pwv,997.466 um_pwv,35.0,2.128 K,1.92561
20260210,105057.051703,105057.051703,0.0,817.298 um_pwv,997.737 um_pwv,35.0,2.155 K,1.92613
20260210,105058.009467,105058.009467,0.0,817.359 um_pwv,997.811 um_pwv,35.0,2.111 K,1.92628
20260210,105058.970855,105058.970855,0.0,819.702 um_pwv,1000.67 um_pwv,35.0,2.356 K,1.93182
20260210,105059.931683,105059.931683,0.0,818.792 um_pwv,999.561 um_pwv,35.0,2.396 K,1.92967
20260210,105100.889829,105100.889829,0.0,822.58 um_pwv,1004.18 um_pwv,35.0,2.607 K,1.93862
20260210,105101.852527,105101.852527,0.0,821.403 um_pwv,1002.75 um_pwv,35.0,2.508 K,1.93584
20260210,105102.808473,105102.808473,0.0,821.07 um_pwv,1002.34 um_pwv,35.0,2.582 K,1.93505
20260210,105103.769109,105103.769109,0.0,819.601 um_pwv,1000.55 um_pwv,35.0,2.544 K,1.93158
20260210,105104.728748,105104.728748,0.0,818.893 um_pwv,999.684 um_pwv,35.0,2.357 K,1.92990
20260210,105105.690570,105105.690570,0.0,816.544 um_pwv,996.816 um_pwv,35.0,2.217 K,1.92435
20260210,105106.652698,105106.652698,0.0,814.609 um_pwv,994.453 um_pwv,35.0,2.203 K,1.91978
20260210,105107.608250,105107.608250,0.0,815.594 um_pwv,995.657 um_pwv,35.0,2.052 K,1.92211
20260210,105108.569457,105108.569457,0.0,816.803 um_pwv,997.132 um_pwv,35.0,1.998 K,1.92496
20260210,105109.530107,105109.530107,0.0,818.054 um_pwv,998.659 um_pwv,35.0,1.88 K,1.92792
20260210,105110.490378,105110.490378,0.0,817.783 um_pwv,998.328 um_pwv,35.0,1.966 K,1.92728
20260210,105111.449109,105111.449109,0.0,821.597 um_pwv,1002.99 um_pwv,35.0,1.984 K,1.93629
20260210,105112.410330,105112.410330,0.0,824.775 um_pwv,1006.86 um_pwv,35.0,2.097 K,1.94380
20260210,105113.366341,105113.366341,0.0,826.598 um_pwv,1009.09 um_pwv,35.0,2.2 K,1.94811
20260210,105114.330232,105114.330232,0.0,829.983 um_pwv,1013.22 um_pwv,35.0,2.332 K,1.95611
20260210,105115.291887,105115.291887,0.0,830.495 um_pwv,1013.85 um_pwv,35.0,2.481 K,1.95732
20260210,105116.248020,105116.248020,0.0,831.746 um_pwv,1015.37 um_pwv,35.0,2.44 K,1.96028
20260210,105117.210827,105117.210827,0.0,831.233 um_pwv,1014.75 um_pwv,35.0,2.387 K,1.95906
20260210,105118.167788,105118.167788,0.0,833.669 um_pwv,1017.72 um_pwv,35.0,2.415 K,1.96482
20260210,105119.129453,105119.129453,0.0,834.172 um_pwv,1018.34 um_pwv,35.0,2.444 K,1.96601
20260210,105120.090384,105120.090384,0.0,832.157 um_pwv,1015.88 um_pwv,35.0,2.288 K,1.96125
20260210,105121.047323,105121.047323,0.0,829.953 um_pwv,1013.19 um_pwv,35.0,2.196 K,1.95604
20260210,105122.010020,105122.010020,0.0,825.925 um_pwv,1008.27 um_pwv,35.0,2.163 K,1.94652
20260210,105122.970265,105122.970265,0.0,823.779 um_pwv,1005.65 um_pwv,35.0,2.098 K,1.94145
20260210,105123.932173,105123.932173,0.0,820.633 um_pwv,1001.81 um_pwv,35.0,2.201 K,1.93402
20260210,105124.892377,105124.892377,0.0,818.238 um_pwv,998.884 um_pwv,35.0,2.118 K,1.92836
20260210,105125.853769,105125.853769,0.0,815.183 um_pwv,995.155 um_pwv,35.0,2.083 K,1.92114
20260210,105126.808687,105126.808687,0.0,817.045 um_pwv,997.428 um_pwv,35.0,2.143 K,1.92554
20260210,105127.771652,105127.771652,0.0,818.097 um_pwv,998.712 um_pwv,35.0,2.217 K,1.92802
20260210,105128.730255,105128.730255,0.0,821.18 um_pwv,1002.48 um_pwv,35.0,2.471 K,1.93531
20260210,105129.686123,105129.686123,0.0,820.402 um_pwv,1001.53 um_pwv,35.0,2.404 K,1.93347
20260210,105130.649377,105130.649377,0.0,820.532 um_pwv,1001.68 um_pwv,35.0,2.443 K,1.93378
20260210,105131.612308,105131.612308,0.0,820.237 um_pwv,1001.32 um_pwv,35.0,2.518 K,1.93308
20260210,105132.568653,105132.568653,0.0,821.16 um_pwv,1002.45 um_pwv,35.0,2.584 K,1.93526
20260210,105133.536443,105133.536443,0.0,818.489 um_pwv,999.191 um_pwv,35.0,2.392 K,1.92895
20260210,105134.491723,105134.491723,0.0,816.391 um_pwv,996.63 um_pwv,35.0,2.351 K,1.92399
20260210,105135.453038,105135.453038,0.0,815.566 um_pwv,995.622 um_pwv,35.0,2.208 K,1.92204
20260210,105136.408167,105136.408167,0.0,813.986 um_pwv,993.693 um_pwv,35.0,2.129 K,1.91831
20260210,105137.370767,105137.370767,0.0,815.686 um_pwv,995.769 um_pwv,35.0,1.998 K,1.92232
20260210,105138.332632,105138.332632,0.0,814.881 um_pwv,994.787 um_pwv,35.0,1.936 K,1.92042
20260210,105139.287678,105139.287678,0.0,817.177 um_pwv,997.589 um_pwv,35.0,1.997 K,1.92585
20260210,105140.248707,105140.248707,0.0,818.215 um_pwv,998.856 um_pwv,35.0,1.886 K,1.92830
20260210,105141.210159,105141.210159,0.0,820.856 um_pwv,1002.08 um_pwv,35.0,1.996 K,1.93454
20260210,105142.172730,105142.172730,0.0,823.506 um_pwv,1005.31 um_pwv,35.0,2.088 K,1.94080
20260210,105143.129721,105143.129721,0.0,825.09 um_pwv,1007.25 um_pwv,35.0,2.207 K,1.94455
20260210,105144.092501,105144.092501,0.0,829.757 um_pwv,1012.95 um_pwv,35.0,2.345 K,1.95558
20260210,105145.052264,105145.052264,0.0,831.183 um_pwv,1014.69 um_pwv,35.0,2.416 K,1.95895
20260210,105146.008351,105146.008351,0.0,831.685 um_pwv,1015.3 um_pwv,35.0,2.429 K,1.96013
20260210,105146.968203,105146.968203,0.0,833.555 um_pwv,1017.58 um_pwv,35.0,2.406 K,1.96455
20260210,105147.930178,105147.930178,0.0,834.131 um_pwv,1018.29 um_pwv,35.0,2.384 K,1.96591
20260210,105148.890280,105148.890280,0.0,834.028 um_pwv,1018.16 um_pwv,35.0,2.378 K,1.96567
20260210,105149.850202,105149.850202,0.0,831.849 um_pwv,1015.5 um_pwv,35.0,2.19 K,1.96052
20260210,105150.810203,105150.810203,0.0,830.401 um_pwv,1013.73 um_pwv,35.0,2.165 K,1.95710
20260210,105151.768394,105151.768394,0.0,827.435 um_pwv,1010.11 um_pwv,35.0,2.178 K,1.95009
20260210,105152.730452,105152.730452,0.0,822.905 um_pwv,1004.58 um_pwv,35.0,2.087 K,1.93938
20260210,105153.689166,105153.689166,0.0,819.985 um_pwv,1001.02 um_pwv,35.0,2.131 K,1.93248
20260210,105154.647599,105154.647599,0.0,818.137 um_pwv,998.761 um_pwv,35.0,2.001 K,1.92812
20260210,105155.607108,105155.607108,0.0,817.258 um_pwv,997.688 um_pwv,35.0,2.075 K,1.92604
20260210,105156.570070,105156.570070,0.0,817.218 um_pwv,997.639 um_pwv,35.0,2.201 K,1.92594
20260210,105157.532244,105157.532244,0.0,818.611 um_pwv,999.339 um_pwv,35.0,2.261 K,1.92924
20260210,105158.492568,105158.492568,0.0,819.48 um_pwv,1000.4 um_pwv,35.0,2.468 K,1.93129
20260210,105159.450018,105159.450018,0.0,819.217 um_pwv,1000.08 um_pwv,35.0,2.37 K,1.93067
20260210,105200.410262,105200.410262,0.0,819.217 um_pwv,1000.08 um_pwv,35.0,2.344 K,1.93067
20260210,105201.370053,105201.370053,0.0,820.743 um_pwv,1001.94 um_pwv,35.0,2.575 K,1.93428
20260210,105202.328302,105202.328302,0.0,820.37 um_pwv,1001.49 um_pwv,35.0,2.532 K,1.93339
20260210,105203.289754,105203.289754,0.0,819.309 um_pwv,1000.19 um_pwv,35.0,2.51 K,1.93089
20260210,105204.253056,105204.253056,0.0,817.379 um_pwv,997.836 um_pwv,35.0,2.348 K,1.92633
20260210,105205.210151,105205.210151,0.0,814.359 um_pwv,994.148 um_pwv,35.0,2.125 K,1.91919
20260210,105206.172422,105206.172422,0.0,813.254 um_pwv,992.8 um_pwv,35.0,2.031 K,1.91658
20260210,105207.132614,105207.132614,0.0,815.244 um_pwv,995.229 um_pwv,35.0,2.031 K,1.92128
20260210,105208.092864,105208.092864,0.0,817.379 um_pwv,997.836 um_pwv,35.0,1.98 K,1.92633
20260210,105209.049132,105209.049132,0.0,818.065 um_pwv,998.673 um_pwv,35.0,1.959 K,1.92795
20260210,105210.010128,105210.010128,0.0,819.936 um_pwv,1000.96 um_pwv,35.0,1.995 K,1.93237
20260210,105210.968589,105210.968589,0.0,823.982 um_pwv,1005.9 um_pwv,35.0,2.027 K,1.94193
20260210,105211.931851,105211.931851,0.0,825.692 um_pwv,1007.98 um_pwv,35.0,2.144 K,1.94597
20260210,105212.889005,105212.889005,0.0,827.957 um_pwv,1010.75 um_pwv,35.0,2.184 K,1.95132
20260210,105213.853188,105213.853188,0.0,830.638 um_pwv,1014.02 um_pwv,35.0,2.349 K,1.95766
20260210,105214.810192,105214.810192,0.0,831.685 um_pwv,1015.3 um_pwv,35.0,2.436 K,1.96013
20260210,105215.771345,105215.771345,0.0,832.559 um_pwv,1016.37 um_pwv,35.0,2.394 K,1.96220
20260210,105216.730094,105216.730094,0.0,833.751 um_pwv,1017.82 um_pwv,35.0,2.494 K,1.96502
20260210,105217.691295,105217.691295,0.0,834.399 um_pwv,1018.61 um_pwv,35.0,2.439 K,1.96655
20260210,105218.653103,105218.653103,0.0,834.202 um_pwv,1018.37 um_pwv,35.0,2.311 K,1.96608
20260210,105219.613854,105219.613854,0.0,833.925 um_pwv,1018.03 um_pwv,35.0,2.223 K,1.96543
20260210,105220.569061,105220.569061,0.0,830.506 um_pwv,1013.86 um_pwv,35.0,2.15 K,1.95735
20260210,105221.528958,105221.528958,0.0,826.478 um_pwv,1008.94 um_pwv,35.0,2.089 K,1.94783
20260210,105222.489119,105222.489119,0.0,825.069 um_pwv,1007.22 um_pwv,35.0,2.169 K,1.94450
20260210,105223.450063,105223.450063,0.0,819.63 um_pwv,1000.58 um_pwv,35.0,2.034 K,1.93164
20260210,105224.408919,105224.408919,0.0,820.419 um_pwv,1001.55 um_pwv,35.0,2.106 K,1.93351
20260210,105225.373172,105225.373172,0.0,818.155 um_pwv,998.782 um_pwv,35.0,2.06 K,1.92816
20260210,105226.330257,105226.330257,0.0,819.015 um_pwv,999.832 um_pwv,35.0,2.173 K,1.93019
20260210,105227.292080,105227.292080,0.0,820.037 um_pwv,1001.08 um_pwv,35.0,2.251 K,1.93261
20260210,105228.249596,105228.249596,0.0,821.232 um_pwv,1002.54 um_pwv,35.0,2.318 K,1.93543
20260210,105229.209494,105229.209494,0.0,819.673 um_pwv,1000.64 um_pwv,35.0,2.322 K,1.93175
20260210,105230.170168,105230.170168,0.0,820.33 um_pwv,1001.44 um_pwv,35.0,2.486 K,1.93330
20260210,105231.131718,105231.131718,0.0,819.905 um_pwv,1000.92 um_pwv,35.0,2.517 K,1.93229
20260210,105232.091212,105232.091212,0.0,821.027 um_pwv,1002.29 um_pwv,35.0,2.45 K,1.93495
20260210,105233.053416,105233.053416,0.0,818.359 um_pwv,999.032 um_pwv,35.0,2.272 K,1.92864
20260210,105234.009151,105234.009151,0.0,817.44 um_pwv,997.909 um_pwv,35.0,2.257 K,1.92647
20260210,105234.968758,105234.968758,0.0,816.786 um_pwv,997.111 um_pwv,35.0,2.225 K,1.92492
20260210,105235.931902,105235.931902,0.0,814.64 um_pwv,994.492 um_pwv,35.0,2.065 K,1.91985
20260210,105236.893490,105236.893490,0.0,816.38 um_pwv,996.616 um_pwv,35.0,2.063 K,1.92396
20260210,105237.849518,105237.849518,0.0,817.63 um_pwv,998.142 um_pwv,35.0,1.928 K,1.92692
20260210,105238.810818,105238.810818,0.0,819.714 um_pwv,1000.69 um_pwv,35.0,2.065 K,1.93184
20260210,105239.771943,105239.771943,0.0,820.824 um_pwv,1002.04 um_pwv,35.0,1.942 K,1.93447
20260210,105240.732855,105240.732855,0.0,824.063 um_pwv,1006 um_pwv,35.0,2.038 K,1.94212
20260210,105241.692013,105241.692013,0.0,824.674 um_pwv,1006.74 um_pwv,35.0,2.078 K,1.94356
20260210,105242.650073,105242.650073,0.0,827.732 um_pwv,1010.47 um_pwv,35.0,2.153 K,1.95079
20260210,105243.612812,105243.612812,0.0,830.855 um_pwv,1014.29 um_pwv,35.0,2.39 K,1.95817
20260210,105244.572384,105244.572384,0.0,831.069 um_pwv,1014.55 um_pwv,35.0,2.45 K,1.95868
20260210,105245.529534,105245.529534,0.0,833.411 um_pwv,1017.41 um_pwv,35.0,2.495 K,1.96421
20260210,105246.491152,105246.491152,0.0,833.658 um_pwv,1017.71 um_pwv,35.0,2.354 K,1.96479
20260210,105247.452087,105247.452087,0.0,835.264 um_pwv,1019.67 um_pwv,35.0,2.409 K,1.96859
20260210,105248.408520,105248.408520,0.0,835.078 um_pwv,1019.44 um_pwv,35.0,2.239 K,1.96815
20260210,105249.370930,105249.370930,0.0,832.289 um_pwv,1016.04 um_pwv,35.0,2.16 K,1.96156
20260210,105250.331453,105250.331453,0.0,832.67 um_pwv,1016.5 um_pwv,35.0,2.057 K,1.96246
20260210,105251.293307,105251.293307,0.0,826.793 um_pwv,1009.33 um_pwv,35.0,2.02 K,1.94857
20260210,105252.251867,105252.251867,0.0,822.722 um_pwv,1004.36 um_pwv,35.0,1.953 K,1.93895
20260210,105253.213318,105253.213318,0.0,819.509 um_pwv,1000.44 um_pwv,35.0,2.014 K,1.93136
20260210,105254.170836,105254.170836,0.0,819.468 um_pwv,1000.39 um_pwv,35.0,2.167 K,1.93126
20260210,105255.129670,105255.129670,0.0,817.509 um_pwv,997.994 um_pwv,35.0,2.17 K,1.92663
20260210,105256.090074,105256.090074,0.0,818.691 um_pwv,999.438 um_pwv,35.0,2.184 K,1.92943
20260210,105257.049500,105257.049500,0.0,821.273 um_pwv,1002.59 um_pwv,35.0,2.269 K,1.93553
20260210,105258.011809,105258.011809,0.0,820.957 um_pwv,1002.2 um_pwv,35.0,2.385 K,1.93478
20260210,105258.973840,105258.973840,0.0,822.041 um_pwv,1003.53 um_pwv,35.0,2.435 K,1.93734
20260210,105259.933946,105259.933946,0.0,821.881 um_pwv,1003.33 um_pwv,35.0,2.499 K,1.93696
20260210,105300.887674,105300.887674,0.0,821.383 um_pwv,1002.72 um_pwv,35.0,2.51 K,1.93579
20260210,105301.851574,105301.851574,0.0,820.957 um_pwv,1002.2 um_pwv,35.0,2.403 K,1.93478
20260210,105302.812031,105302.812031,0.0,819.257 um_pwv,1000.13 um_pwv,35.0,2.375 K,1.93076
20260210,105303.772247,105303.772247,0.0,817.964 um_pwv,998.55 um_pwv,35.0,2.366 K,1.92771
20260210,105304.733918,105304.733918,0.0,816.383 um_pwv,996.619 um_pwv,35.0,2.232 K,1.92397
20260210,105305.688920,105305.688920,0.0,815.888 um_pwv,996.015 um_pwv,35.0,2.13 K,1.92280
20260210,105306.647574,105306.647574,0.0,817.734 um_pwv,998.268 um_pwv,35.0,2.055 K,1.92716
20260210,105307.609616,105307.609616,0.0,819.722 um_pwv,1000.7 um_pwv,35.0,2.063 K,1.93186
20260210,105308.571847,105308.571847,0.0,822.133 um_pwv,1003.64 um_pwv,35.0,2.018 K,1.93756
20260210,105309.532023,105309.532023,0.0,822.763 um_pwv,1004.41 um_pwv,35.0,2.071 K,1.93905
20260210,105310.490704,105310.490704,0.0,824.113 um_pwv,1006.06 um_pwv,35.0,2.059 K,1.94224
20260210,105311.452163,105311.452163,0.0,828.509 um_pwv,1011.42 um_pwv,35.0,2.184 K,1.95263
20260210,105312.408126,105312.408126,0.0,828.754 um_pwv,1011.72 um_pwv,35.0,2.274 K,1.95321
20260210,105313.371923,105313.371923,0.0,830.527 um_pwv,1013.89 um_pwv,35.0,2.377 K,1.95740
20260210,105314.332180,105314.332180,0.0,833.246 um_pwv,1017.21 um_pwv,35.0,2.49 K,1.96382
20260210,105315.290017,105315.290017,0.0,834.46 um_pwv,1018.69 um_pwv,35.0,2.524 K,1.96669
20260210,105316.252257,105316.252257,0.0,835.376 um_pwv,1019.81 um_pwv,35.0,2.469 K,1.96886
20260210,105317.213244,105317.213244,0.0,837.204 um_pwv,1022.04 um_pwv,35.0,2.505 K,1.97318
20260210,105318.169457,105318.169457,0.0,834.749 um_pwv,1019.04 um_pwv,35.0,2.256 K,1.96737
20260210,105319.132913,105319.132913,0.0,835.841 um_pwv,1020.37 um_pwv,35.0,2.22 K,1.96996
20260210,105320.088135,105320.088135,0.0,831.213 um_pwv,1014.72 um_pwv,35.0,2.133 K,1.95902
20260210,105321.047684,105321.047684,0.0,828.03 um_pwv,1010.84 um_pwv,35.0,2.181 K,1.95150
20260210,105322.008128,105322.008128,0.0,823.819 um_pwv,1005.7 um_pwv,35.0,2.104 K,1.94154
20260210,105322.971699,105322.971699,0.0,820.613 um_pwv,1001.78 um_pwv,35.0,2.039 K,1.93397
20260210,105323.932954,105323.932954,0.0,820.361 um_pwv,1001.48 um_pwv,35.0,2.135 K,1.93337
20260210,105324.893964,105324.893964,0.0,818.489 um_pwv,999.191 um_pwv,35.0,2.054 K,1.92895
20260210,105325.849533,105325.849533,0.0,820.989 um_pwv,1002.24 um_pwv,35.0,2.166 K,1.93486
20260210,105326.813352,105326.813352,0.0,821.201 um_pwv,1002.5 um_pwv,35.0,2.372 K,1.93536
20260210,105327.770906,105327.770906,0.0,819.52 um_pwv,1000.45 um_pwv,35.0,2.338 K,1.93139
20260210,105328.729749,105328.729749,0.0,822.061 um_pwv,1003.55 um_pwv,35.0,2.513 K,1.93739
20260210,105329.692589,105329.692589,0.0,821.696 um_pwv,1003.11 um_pwv,35.0,2.521 K,1.93653
20260210,105330.653399,105330.653399,0.0,819.974 um_pwv,1001 um_pwv,35.0,2.388 K,1.93246
20260210,105331.609753,105331.609753,0.0,820.48 um_pwv,1001.62 um_pwv,35.0,2.397 K,1.93365
20260210,105332.570276,105332.570276,0.0,820.573 um_pwv,1001.73 um_pwv,35.0,2.466 K,1.93387
20260210,105333.533838,105333.533838,0.0,817.379 um_pwv,997.836 um_pwv,35.0,2.235 K,1.92633
20260210,105334.489853,105334.489853,0.0,817.31 um_pwv,997.751 um_pwv,35.0,2.267 K,1.92616
20260210,105335.452725,105335.452725,0.0,816.532 um_pwv,996.802 um_pwv,35.0,2.117 K,1.92432
20260210,105336.413454,105336.413454,0.0,817.924 um_pwv,998.501 um_pwv,35.0,2.061 K,1.92761
20260210,105337.372278,105337.372278,0.0,820.269 um_pwv,1001.36 um_pwv,35.0,2.041 K,1.93315
20260210,105338.332722,105338.332722,0.0,820.249 um_pwv,1001.34 um_pwv,35.0,1.998 K,1.93311
20260210,105339.290039,105339.290039,0.0,822.438 um_pwv,1004.01 um_pwv,35.0,1.973 K,1.93828
20260210,105340.254078,105340.254078,0.0,823.851 um_pwv,1005.74 um_pwv,35.0,2.075 K,1.94162
20260210,105341.209728,105341.209728,0.0,827.283 um_pwv,1009.93 um_pwv,35.0,2.234 K,1.94973
20260210,105342.173250,105342.173250,0.0,828.386 um_pwv,1011.27 um_pwv,35.0,2.333 K,1.95234
20260210,105343.130475,105343.130475,0.0,830.802 um_pwv,1014.22 um_pwv,35.0,2.382 K,1.95805
20260210,105344.092465,105344.092465,0.0,834.11 um_pwv,1018.26 um_pwv,35.0,2.576 K,1.96586
20260210,105345.052001,105345.052001,0.0,834.522 um_pwv,1018.76 um_pwv,35.0,2.484 K,1.96684
20260210,105346.008002,105346.008002,0.0,837.018 um_pwv,1021.81 um_pwv,35.0,2.391 K,1.97274
20260210,105346.971933,105346.971933,0.0,838.249 um_pwv,1023.31 um_pwv,35.0,2.415 K,1.97565
20260210,105347.933076,105347.933076,0.0,835.573 um_pwv,1020.05 um_pwv,35.0,2.266 K,1.96932
20260210,105348.892834,105348.892834,0.0,834.543 um_pwv,1018.79 um_pwv,35.0,2.299 K,1.96689
20260210,105349.853957,105349.853957,0.0,831.787 um_pwv,1015.42 um_pwv,35.0,2.18 K,1.96037
20260210,105350.814238,105350.814238,0.0,827.703 um_pwv,1010.44 um_pwv,35.0,2.147 K,1.95072
20260210,105351.774081,105351.774081,0.0,823.738 um_pwv,1005.6 um_pwv,35.0,2.107 K,1.94135
20260210,105352.732087,105352.732087,0.0,821.647 um_pwv,1003.05 um_pwv,35.0,2.114 K,1.93641
20260210,105353.690286,105353.690286,0.0,820.723 um_pwv,1001.92 um_pwv,35.0,2.148 K,1.93423
20260210,105354.651761,105354.651761,0.0,818.296 um_pwv,998.955 um_pwv,35.0,2.128 K,1.92849
20260210,105355.614268,105355.614268,0.0,820.451 um_pwv,1001.59 um_pwv,35.0,2.143 K,1.93358
20260210,105356.574483,105356.574483,0.0,821.861 um_pwv,1003.31 um_pwv,35.0,2.335 K,1.93692
20260210,105357.527968,105357.527968,0.0,823.474 um_pwv,1005.28 um_pwv,35.0,2.44 K,1.94073
20260210,105358.490015,105358.490015,0.0,821.658 um_pwv,1003.06 um_pwv,35.0,2.445 K,1.93644
20260210,105359.452500,105359.452500,0.0,822.284 um_pwv,1003.82 um_pwv,35.0,2.505 K,1.93792
20260210,105400.409369,105400.409369,0.0,822 um_pwv,1003.48 um_pwv,35.0,2.546 K,1.93725
20260210,105401.371695,105401.371695,0.0,820.897 um_pwv,1002.13 um_pwv,35.0,2.411 K,1.93464
20260210,105402.335299,105402.335299,0.0,820.037 um_pwv,1001.08 um_pwv,35.0,2.394 K,1.93261
20260210,105403.292680,105403.292680,0.0,818.106 um_pwv,998.723 um_pwv,35.0,2.272 K,1.92804
20260210,105404.248286,105404.248286,0.0,814.431 um_pwv,994.236 um_pwv,35.0,2.178 K,1.91936
20260210,105405.212350,105405.212350,0.0,817.589 um_pwv,998.092 um_pwv,35.0,2.108 K,1.92682
20260210,105406.174294,105406.174294,0.0,817.964 um_pwv,998.55 um_pwv,35.0,2.101 K,1.92771
20260210,105407.134324,105407.134324,0.0,819.208 um_pwv,1000.07 um_pwv,35.0,2.087 K,1.93065
20260210,105408.092497,105408.092497,0.0,819.974 um_pwv,1001 um_pwv,35.0,1.89 K,1.93246
20260210,105409.050959,105409.050959,0.0,823.657 um_pwv,1005.5 um_pwv,35.0,2.068 K,1.94116
20260210,105410.014179,105410.014179,0.0,825.366 um_pwv,1007.59 um_pwv,35.0,2.169 K,1.94520
20260210,105410.973565,105410.973565,0.0,825.937 um_pwv,1008.28 um_pwv,35.0,2.234 K,1.94655
20260210,105411.933437,105411.933437,0.0,830.106 um_pwv,1013.37 um_pwv,35.0,2.343 K,1.95640
20260210,105412.889578,105412.889578,0.0,831.961 um_pwv,1015.64 um_pwv,35.0,2.354 K,1.96078
20260210,105413.853176,105413.853176,0.0,834.213 um_pwv,1018.39 um_pwv,35.0,2.504 K,1.96611
20260210,105414.814210,105414.814210,0.0,833.966 um_pwv,1018.08 um_pwv,35.0,2.459 K,1.96552
20260210,105415.774652,105415.774652,0.0,836.77 um_pwv,1021.51 um_pwv,35.0,2.476 K,1.97215
20260210,105416.734284,105416.734284,0.0,836.759 um_pwv,1021.49 um_pwv,35.0,2.384 K,1.97212
20260210,105417.693256,105417.693256,0.0,837.039 um_pwv,1021.84 um_pwv,35.0,2.331 K,1.97278
20260210,105418.651816,105418.651816,0.0,833.893 um_pwv,1018 um_pwv,35.0,2.247 K,1.96535
20260210,105419.614539,105419.614539,0.0,829.421 um_pwv,1012.54 um_pwv,35.0,2.167 K,1.95478
20260210,105420.572544,105420.572544,0.0,827.773 um_pwv,1010.52 um_pwv,35.0,2.133 K,1.95089
20260210,105421.533441,105421.533441,0.0,824.226 um_pwv,1006.19 um_pwv,35.0,2.125 K,1.94251
20260210,105422.491691,105422.491691,0.0,821.412 um_pwv,1002.76 um_pwv,35.0,2.056 K,1.93586
20260210,105423.450100,105423.450100,0.0,820.39 um_pwv,1001.51 um_pwv,35.0,2.099 K,1.93344
20260210,105424.414664,105424.414664,0.0,820.37 um_pwv,1001.49 um_pwv,35.0,2.174 K,1.93339
20260210,105425.370495,105425.370495,0.0,819.864 um_pwv,1000.87 um_pwv,35.0,2.288 K,1.93220
20260210,105426.336134,105426.336134,0.0,822.235 um_pwv,1003.76 um_pwv,35.0,2.376 K,1.93780
20260210,105427.294206,105427.294206,0.0,822.783 um_pwv,1004.43 um_pwv,35.0,2.491 K,1.93910
20260210,105428.250609,105428.250609,0.0,823.799 um_pwv,1005.67 um_pwv,35.0,2.56 K,1.94150
20260210,105429.212296,105429.212296,0.0,823.117 um_pwv,1004.84 um_pwv,35.0,2.622 K,1.93988
20260210,105430.175252,105430.175252,0.0,821.18 um_pwv,1002.48 um_pwv,35.0,2.533 K,1.93531
20260210,105431.132171,105431.132171,0.0,819.722 um_pwv,1000.7 um_pwv,35.0,2.424 K,1.93186
20260210,105432.090666,105432.090666,0.0,819.621 um_pwv,1000.57 um_pwv,35.0,2.381 K,1.93162
20260210,105433.053137,105433.053137,0.0,819.026 um_pwv,999.846 um_pwv,35.0,2.365 K,1.93022
20260210,105434.010830,105434.010830,0.0,815.514 um_pwv,995.559 um_pwv,35.0,2.226 K,1.92192
20260210,105434.973273,105434.973273,0.0,816.141 um_pwv,996.324 um_pwv,35.0,2.196 K,1.92340
20260210,105435.934440,105435.934440,0.0,816.754 um_pwv,997.072 um_pwv,35.0,2.043 K,1.92485
20260210,105436.890832,105436.890832,0.0,819.318 um_pwv,1000.2 um_pwv,35.0,1.986 K,1.93091
20260210,105437.850228,105437.850228,0.0,821.455 um_pwv,1002.81 um_pwv,35.0,1.994 K,1.93596
20260210,105438.815129,105438.815129,0.0,823.3 um_pwv,1005.06 um_pwv,35.0,2.135 K,1.94032
20260210,105439.770671,105439.770671,0.0,824.744 um_pwv,1006.83 um_pwv,35.0,2.184 K,1.94373
20260210,105440.734083,105440.734083,0.0,825.59 um_pwv,1007.86 um_pwv,35.0,2.25 K,1.94573
20260210,105441.692299,105441.692299,0.0,830.249 um_pwv,1013.55 um_pwv,35.0,2.462 K,1.95674
20260210,105442.652136,105442.652136,0.0,830.843 um_pwv,1014.27 um_pwv,35.0,2.518 K,1.95814
20260210,105443.612822,105443.612822,0.0,832.433 um_pwv,1016.21 um_pwv,35.0,2.546 K,1.96190
20260210,105444.572555,105444.572555,0.0,834.502 um_pwv,1018.74 um_pwv,35.0,2.512 K,1.96679
20260210,105445.533749,105445.533749,0.0,836.688 um_pwv,1021.41 um_pwv,35.0,2.481 K,1.97195
20260210,105446.495331,105446.495331,0.0,837.866 um_pwv,1022.85 um_pwv,35.0,2.454 K,1.97474
20260210,105447.452196,105447.452196,0.0,836.451 um_pwv,1021.12 um_pwv,35.0,2.415 K,1.97140
20260210,105448.413181,105448.413181,0.0,834.79 um_pwv,1019.09 um_pwv,35.0,2.194 K,1.96747
20260210,105449.371790,105449.371790,0.0,831.295 um_pwv,1014.82 um_pwv,35.0,2.141 K,1.95921
20260210,105450.333045,105450.333045,0.0,825.439 um_pwv,1007.67 um_pwv,35.0,2.091 K,1.94537
20260210,105451.294320,105451.294320,0.0,822.734 um_pwv,1004.37 um_pwv,35.0,2.075 K,1.93898
20260210,105452.255967,105452.255967,0.0,820.321 um_pwv,1001.43 um_pwv,35.0,2.024 K,1.93328
20260210,105453.211138,105453.211138,0.0,821.099 um_pwv,1002.38 um_pwv,35.0,2.163 K,1.93512
20260210,105454.174027,105454.174027,0.0,818.279 um_pwv,998.934 um_pwv,35.0,2.137 K,1.92845
20260210,105455.134638,105455.134638,0.0,820.714 um_pwv,1001.91 um_pwv,35.0,2.238 K,1.93421
20260210,105456.095039,105456.095039,0.0,821.313 um_pwv,1002.64 um_pwv,35.0,2.395 K,1.93562
20260210,105457.051033,105457.051033,0.0,821.768 um_pwv,1003.19 um_pwv,35.0,2.46 K,1.93670
20260210,105458.012781,105458.012781,0.0,823.056 um_pwv,1004.77 um_pwv,35.0,2.473 K,1.93974
20260210,105458.975052,105458.975052,0.0,823.015 um_pwv,1004.72 um_pwv,35.0,2.539 K,1.93964
20260210,105459.933552,105459.933552,0.0,821.453 um_pwv,1002.81 um_pwv,35.0,2.507 K,1.93595
20260210,105500.893981,105500.893981,0.0,821.07 um_pwv,1002.34 um_pwv,35.0,2.52 K,1.93505
20260210,105501.855572,105501.855572,0.0,820.442 um_pwv,1001.58 um_pwv,35.0,2.378 K,1.93356
20260210,105502.815707,105502.815707,0.0,818.954 um_pwv,999.758 um_pwv,35.0,2.356 K,1.93005
20260210,105503.771439,105503.771439,0.0,815.284 um_pwv,995.278 um_pwv,35.0,2.116 K,1.92137
20260210,105504.732427,105504.732427,0.0,814.781 um_pwv,994.664 um_pwv,35.0,2.016 K,1.92019
20260210,105505.689640,105505.689640,0.0,817.206 um_pwv,997.625 um_pwv,35.0,2.037 K,1.92592
20260210,105506.654100,105506.654100,0.0,818.267 um_pwv,998.92 um_pwv,35.0,1.977 K,1.92842
20260210,105507.615316,105507.615316,0.0,819.023 um_pwv,999.843 um_pwv,35.0,1.972 K,1.93021
20260210,105508.573460,105508.573460,0.0,822.876 um_pwv,1004.55 um_pwv,35.0,2.058 K,1.93931
20260210,105509.533996,105509.533996,0.0,824.857 um_pwv,1006.96 um_pwv,35.0,2.182 K,1.94400
20260210,105510.489892,105510.489892,0.0,825.998 um_pwv,1008.36 um_pwv,35.0,2.205 K,1.94669
20260210,105511.449948,105511.449948,0.0,827.671 um_pwv,1010.4 um_pwv,35.0,2.343 K,1.95065
20260210,105512.413042,105512.413042,0.0,831.274 um_pwv,1014.8 um_pwv,35.0,2.455 K,1.95916
20260210,105513.374201,105513.374201,0.0,834.119 um_pwv,1018.27 um_pwv,35.0,2.51 K,1.96589
20260210,105514.334147,105514.334147,0.0,835.223 um_pwv,1019.62 um_pwv,35.0,2.462 K,1.96849
20260210,105515.289570,105515.289570,0.0,837.493 um_pwv,1022.39 um_pwv,35.0,2.538 K,1.97386
20260210,105516.251435,105516.251435,0.0,836.513 um_pwv,1021.19 um_pwv,35.0,2.244 K,1.97154
20260210,105517.213873,105517.213873,0.0,834.82 um_pwv,1019.13 um_pwv,35.0,2.249 K,1.96754
20260210,105518.173374,105518.173374,0.0,832.136 um_pwv,1015.85 um_pwv,35.0,2.131 K,1.96120
20260210,105519.134741,105519.134741,0.0,828.807 um_pwv,1011.79 um_pwv,35.0,2.034 K,1.95333
20260210,105520.094105,105520.094105,0.0,825.008 um_pwv,1007.15 um_pwv,35.0,1.954 K,1.94435
20260210,105521.055197,105521.055197,0.0,823.21 um_pwv,1004.95 um_pwv,35.0,2.008 K,1.94010
20260210,105522.013939,105522.013939,0.0,822.345 um_pwv,1003.9 um_pwv,35.0,2.048 K,1.93806
20260210,105522.971026,105522.971026,0.0,819.581 um_pwv,1000.52 um_pwv,35.0,2.086 K,1.93153
20260210,105523.935426,105523.935426,0.0,821.322 um_pwv,1002.65 um_pwv,35.0,2.219 K,1.93564
20260210,105524.893971,105524.893971,0.0,822.003 um_pwv,1003.48 um_pwv,35.0,2.35 K,1.93725
20260210,105525.854217,105525.854217,0.0,823.483 um_pwv,1005.29 um_pwv,35.0,2.371 K,1.94075
20260210,105526.813163,105526.813163,0.0,823.596 um_pwv,1005.42 um_pwv,35.0,2.431 K,1.94102
20260210,105527.771609,105527.771609,0.0,824.337 um_pwv,1006.33 um_pwv,35.0,2.564 K,1.94277
20260210,105528.731895,105528.731895,0.0,821.962 um_pwv,1003.43 um_pwv,35.0,2.521 K,1.93716
20260210,105529.690625,105529.690625,0.0,820.807 um_pwv,1002.02 um_pwv,35.0,2.481 K,1.93443
20260210,105530.655897,105530.655897,0.0,821.464 um_pwv,1002.82 um_pwv,35.0,2.404 K,1.93598
20260210,105531.611900,105531.611900,0.0,819.459 um_pwv,1000.38 um_pwv,35.0,2.334 K,1.93124
20260210,105532.574225,105532.574225,0.0,817.117 um_pwv,997.515 um_pwv,35.0,2.147 K,1.92571
20260210,105533.534135,105533.534135,0.0,814.761 um_pwv,994.639 um_pwv,35.0,2.075 K,1.92014
20260210,105534.491873,105534.491873,0.0,815.083 um_pwv,995.032 um_pwv,35.0,1.947 K,1.92090
20260210,105535.455694,105535.455694,0.0,815.706 um_pwv,995.794 um_pwv,35.0,1.891 K,1.92237
20260210,105536.415821,105536.415821,0.0,818.945 um_pwv,999.748 um_pwv,35.0,1.963 K,1.93003
20260210,105537.372094,105537.372094,0.0,821.151 um_pwv,1002.44 um_pwv,35.0,1.98 K,1.93524
20260210,105538.333889,105538.333889,0.0,822.305 um_pwv,1003.85 um_pwv,35.0,2.049 K,1.93797
20260210,105539.296478,105539.296478,0.0,825.357 um_pwv,1007.58 um_pwv,35.0,2.189 K,1.94518
20260210,105540.253933,105540.253933,0.0,827.365 um_pwv,1010.03 um_pwv,35.0,2.257 K,1.94992
20260210,105541.211863,105541.211863,0.0,828.979 um_pwv,1012 um_pwv,35.0,2.263 K,1.95374
20260210,105542.173843,105542.173843,0.0,830.916 um_pwv,1014.36 um_pwv,35.0,2.362 K,1.95832
20260210,105543.131379,105543.131379,0.0,833.678 um_pwv,1017.73 um_pwv,35.0,2.466 K,1.96484
20260210,105544.093954,105544.093954,0.0,834.284 um_pwv,1018.47 um_pwv,35.0,2.371 K,1.96627
20260210,105545.056197,105545.056197,0.0,837.369 um_pwv,1022.24 um_pwv,35.0,2.432 K,1.97357
20260210,105546.011964,105546.011964,0.0,836.11 um_pwv,1020.7 um_pwv,35.0,2.276 K,1.97059
20260210,105546.973917,105546.973917,0.0,832.125 um_pwv,1015.84 um_pwv,35.0,2.169 K,1.96117
20260210,105547.931673,105547.931673,0.0,832.867 um_pwv,1016.74 um_pwv,35.0,2.176 K,1.96293
20260210,105548.892186,105548.892186,0.0,827.417 um_pwv,1010.09 um_pwv,35.0,2.061 K,1.95005
20260210,105549.855967,105549.855967,0.0,825.427 um_pwv,1007.66 um_pwv,35.0,2.083 K,1.94534
20260210,105550.812492,105550.812492,0.0,823.697 um_pwv,1005.55 um_pwv,35.0,2.048 K,1.94126
20260210,105551.775372,105551.775372,0.0,821.079 um_pwv,1002.35 um_pwv,35.0,2.047 K,1.93507
20260210,105552.733308,105552.733308,0.0,820.136 um_pwv,1001.2 um_pwv,35.0,2.117 K,1.93284
20260210,105553.692061,105553.692061,0.0,817.5 um_pwv,997.983 um_pwv,35.0,2.059 K,1.92661
20260210,105554.652341,105554.652341,0.0,818.74 um_pwv,999.498 um_pwv,35.0,2.092 K,1.92954
20260210,105555.610141,105555.610141,0.0,819.569 um_pwv,1000.51 um_pwv,35.0,2.125 K,1.93150
20260210,105556.572285,105556.572285,0.0,820.28 um_pwv,1001.38 um_pwv,35.0,2.119 K,1.93318
20260210,105557.531841,105557.531841,0.0,819.925 um_pwv,1000.94 um_pwv,35.0,2.048 K,1.93234
20260210,105558.493943,105558.493943,0.0,819.147 um_pwv,999.994 um_pwv,35.0,2.122 K,1.93050
20260210,105559.454172,105559.454172,0.0,820.662 um_pwv,1001.84 um_pwv,35.0,2.139 K,1.93408
20260210,105600.411421,105600.411421,0.0,819.459 um_pwv,1000.38 um_pwv,35.0,2.105 K,1.93124
20260210,105601.372161,105601.372161,0.0,819.185 um_pwv,1000.04 um_pwv,35.0,2.05 K,1.93059
20260210,105602.332810,105602.332810,0.0,819.48 um_pwv,1000.4 um_pwv,35.0,2.025 K,1.93129
20260210,105603.294288,105603.294288,0.0,818.974 um_pwv,999.783 um_pwv,35.0,2.057 K,1.93009
20260210,105604.252213,105604.252213,0.0,819.197 um_pwv,1000.05 um_pwv,35.0,2.084 K,1.93062
20260210,105605.211827,105605.211827,0.0,820.269 um_pwv,1001.36 um_pwv,35.0,2.174 K,1.93315
20260210,105606.172436,105606.172436,0.0,820.107 um_pwv,1001.17 um_pwv,35.0,2.109 K,1.93277
20260210,105607.133533,105607.133533,0.0,819.075 um_pwv,999.906 um_pwv,35.0,2.102 K,1.93033
20260210,105608.090013,105608.090013,0.0,818.437 um_pwv,999.128 um_pwv,35.0,2.074 K,1.92883
20260210,105609.053200,105609.053200,0.0,819.399 um_pwv,1000.3 um_pwv,35.0,2.034 K,1.93110
20260210,105610.011966,105610.011966,0.0,819.367 um_pwv,1000.26 um_pwv,35.0,2.081 K,1.93102
20260210,105610.971963,105610.971963,0.0,819.864 um_pwv,1000.87 um_pwv,35.0,2.144 K,1.93220
20260210,105611.932285,105611.932285,0.0,818.954 um_pwv,999.758 um_pwv,35.0,2.036 K,1.93005
20260210,105612.890864,105612.890864,0.0,819.379 um_pwv,1000.28 um_pwv,35.0,2.037 K,1.93105
20260210,105613.852926,105613.852926,0.0,819.419 um_pwv,1000.33 um_pwv,35.0,2.079 K,1.93115
20260210,105614.813303,105614.813303,0.0,819.743 um_pwv,1000.72 um_pwv,35.0,2.075 K,1.93191
20260210,105615.772147,105615.772147,0.0,818.662 um_pwv,999.402 um_pwv,35.0,2.049 K,1.92936
20260210,105616.734213,105616.734213,0.0,818.186 um_pwv,998.821 um_pwv,35.0,2.075 K,1.92823
20260210,105617.692423,105617.692423,0.0,817.973 um_pwv,998.561 um_pwv,35.0,2.031 K,1.92773
20260210,105618.654057,105618.654057,0.0,818.481 um_pwv,999.18 um_pwv,35.0,2.001 K,1.92893
20260210,105619.613204,105619.613204,0.0,818.267 um_pwv,998.92 um_pwv,35.0,1.972 K,1.92842
20260210,105620.572197,105620.572197,0.0,819.228 um_pwv,1000.09 um_pwv,35.0,2.088 K,1.93070
20260210,105621.533120,105621.533120,0.0,818.651 um_pwv,999.388 um_pwv,35.0,1.995 K,1.92933
20260210,105622.492669,105622.492669,0.0,821.212 um_pwv,1002.51 um_pwv,35.0,2.236 K,1.93538
20260210,105623.452293,105623.452293,0.0,820.118 um_pwv,1001.18 um_pwv,35.0,2.074 K,1.93280
20260210,105624.414011,105624.414011,0.0,821.059 um_pwv,1002.33 um_pwv,35.0,2.153 K,1.93502
20260210,105625.372667,105625.372667,0.0,819.358 um_pwv,1000.25 um_pwv,35.0,2.065 K,1.93100
20260210,105626.332801,105626.332801,0.0,818.862 um_pwv,999.646 um_pwv,35.0,1.983 K,1.92983
20260210,105627.293666,105627.293666,0.0,820.228 um_pwv,1001.31 um_pwv,35.0,1.999 K,1.93306
20260210,105628.252231,105628.252231,0.0,818.873 um_pwv,999.66 um_pwv,35.0,2.042 K,1.92986
20260210,105629.214103,105629.214103,0.0,819.309 um_pwv,1000.19 um_pwv,35.0,2.166 K,1.93089
20260210,105630.174459,105630.174459,0.0,821.534 um_pwv,1002.91 um_pwv,35.0,2.139 K,1.93614
20260210,105631.132166,105631.132166,0.0,818.922 um_pwv,999.72 um_pwv,35.0,2.068 K,1.92997
20260210,105632.094164,105632.094164,0.0,820.269 um_pwv,1001.36 um_pwv,35.0,2.146 K,1.93315
20260210,105633.052755,105633.052755,0.0,817.924 um_pwv,998.501 um_pwv,35.0,2.08 K,1.92761
20260210,105634.014503,105634.014503,0.0,819.925 um_pwv,1000.94 um_pwv,35.0,2.058 K,1.93234
20260210,105634.972371,105634.972371,0.0,819.046 um_pwv,999.871 um_pwv,35.0,2.049 K,1.93027
20260210,105635.933175,105635.933175,0.0,818.743 um_pwv,999.501 um_pwv,35.0,2.086 K,1.92955
20260210,110135.643985,110135.643985,0.0,821.777 um_pwv,1003.2 um_pwv,35.0,2.154 K,1.93672
20260210,110136.704400,110136.704400,0.0,824.848 um_pwv,1006.95 um_pwv,35.0,2.296 K,1.94398
20260210,110137.669665,110137.669665,0.0,825.122 um_pwv,1007.29 um_pwv,35.0,2.294 K,1.94462
20260210,110138.627965,110138.627965,0.0,825.346 um_pwv,1007.56 um_pwv,35.0,2.355 K,1.94515
20260210,110139.587927,110139.587927,0.0,827.671 um_pwv,1010.4 um_pwv,35.0,2.464 K,1.95065
20260210,110140.546711,110140.546711,0.0,829.082 um_pwv,1012.12 um_pwv,35.0,2.515 K,1.95398
20260210,110141.506335,110141.506335,0.0,829.082 um_pwv,1012.12 um_pwv,35.0,2.536 K,1.95398
20260210,110142.464064,110142.464064,0.0,826.344 um_pwv,1008.78 um_pwv,35.0,2.416 K,1.94751
20260210,110143.426124,110143.426124,0.0,825.977 um_pwv,1008.33 um_pwv,35.0,2.521 K,1.94664
20260210,110144.384567,110144.384567,0.0,825.203 um_pwv,1007.39 um_pwv,35.0,2.328 K,1.94481
20260210,110145.344434,110145.344434,0.0,824.938 um_pwv,1007.06 um_pwv,35.0,2.181 K,1.94419
20260210,110146.304189,110146.304189,0.0,822.186 um_pwv,1003.7 um_pwv,35.0,1.993 K,1.93768
20260210,110147.267081,110147.267081,0.0,823.25 um_pwv,1005 um_pwv,35.0,2.06 K,1.94020
20260210,110148.228357,110148.228357,0.0,821.983 um_pwv,1003.46 um_pwv,35.0,1.946 K,1.93720
20260210,110149.187157,110149.187157,0.0,822.885 um_pwv,1004.56 um_pwv,35.0,1.921 K,1.93934
20260210,110150.146663,110150.146663,0.0,823.758 um_pwv,1005.62 um_pwv,35.0,2.061 K,1.94140
20260210,110151.106077,110151.106077,0.0,827.222 um_pwv,1009.85 um_pwv,35.0,2.118 K,1.94959
20260210,110152.065252,110152.065252,0.0,828.602 um_pwv,1011.54 um_pwv,35.0,2.045 K,1.95285
20260210,110153.024411,110153.024411,0.0,831.91 um_pwv,1015.58 um_pwv,35.0,2.319 K,1.96067
20260210,110153.984337,110153.984337,0.0,833.39 um_pwv,1017.38 um_pwv,35.0,2.342 K,1.96416
20260210,110154.948649,110154.948649,0.0,836.679 um_pwv,1021.4 um_pwv,35.0,2.419 K,1.97193
20260210,110155.909100,110155.909100,0.0,839.708 um_pwv,1025.09 um_pwv,35.0,2.614 K,1.97909
20260210,110156.865043,110156.865043,0.0,838.983 um_pwv,1024.21 um_pwv,35.0,2.507 K,1.97738
20260210,110157.824443,110157.824443,0.0,840.757 um_pwv,1026.37 um_pwv,35.0,2.528 K,1.98157
20260210,110158.784506,110158.784506,0.0,838.279 um_pwv,1023.35 um_pwv,35.0,2.414 K,1.97572
20260210,110159.747862,110159.747862,0.0,838.9 um_pwv,1024.11 um_pwv,35.0,2.26 K,1.97718
20260210,110200.704368,110200.704368,0.0,835.821 um_pwv,1020.35 um_pwv,35.0,2.134 K,1.96991
20260210,110201.669155,110201.669155,0.0,834.522 um_pwv,1018.76 um_pwv,35.0,2.169 K,1.96684
20260210,110202.624961,110202.624961,0.0,831.377 um_pwv,1014.92 um_pwv,35.0,2.149 K,1.95940
20260210,110203.585105,110203.585105,0.0,827.805 um_pwv,1010.56 um_pwv,35.0,2.023 K,1.95096
20260210,110204.545740,110204.545740,0.0,827.528 um_pwv,1010.23 um_pwv,35.0,2.022 K,1.95031
20260210,110205.506265,110205.506265,0.0,825.794 um_pwv,1008.11 um_pwv,35.0,2.112 K,1.94621
20260210,110206.466372,110206.466372,0.0,825.162 um_pwv,1007.34 um_pwv,35.0,2.217 K,1.94472
20260210,110207.424997,110207.424997,0.0,826.671 um_pwv,1009.18 um_pwv,35.0,2.263 K,1.94828
20260210,110208.386158,110208.386158,0.0,828.071 um_pwv,1010.89 um_pwv,35.0,2.371 K,1.95159
20260210,110209.344569,110209.344569,0.0,828.1 um_pwv,1010.92 um_pwv,35.0,2.478 K,1.95166
20260210,110210.304687,110210.304687,0.0,828.939 um_pwv,1011.95 um_pwv,35.0,2.479 K,1.95364
20260210,110211.264924,110211.264924,0.0,828.191 um_pwv,1011.03 um_pwv,35.0,2.498 K,1.95188
20260210,110212.229388,110212.229388,0.0,827.038 um_pwv,1009.63 um_pwv,35.0,2.545 K,1.94915
20260210,110213.183049,110213.183049,0.0,825.049 um_pwv,1007.2 um_pwv,35.0,2.453 K,1.94445
20260210,110214.143565,110214.143565,0.0,826.467 um_pwv,1008.93 um_pwv,35.0,2.317 K,1.94780
20260210,110215.104788,110215.104788,0.0,824.063 um_pwv,1006 um_pwv,35.0,2.149 K,1.94212
20260210,110216.065896,110216.065896,0.0,825.069 um_pwv,1007.22 um_pwv,35.0,2.129 K,1.94450
20260210,110217.028018,110217.028018,0.0,822.064 um_pwv,1003.55 um_pwv,35.0,1.907 K,1.93740
20260210,110217.987669,110217.987669,0.0,820.127 um_pwv,1001.19 um_pwv,35.0,1.872 K,1.93282
20260210,110218.945541,110218.945541,0.0,820.662 um_pwv,1001.84 um_pwv,35.0,1.85 K,1.93408
20260210,110219.907769,110219.907769,0.0,824.703 um_pwv,1006.78 um_pwv,35.0,1.97 K,1.94363
20260210,110220.866796,110220.866796,0.0,827.671 um_pwv,1010.4 um_pwv,35.0,2.071 K,1.95065
20260210,110221.825841,110221.825841,0.0,829.983 um_pwv,1013.22 um_pwv,35.0,2.107 K,1.95611
20260210,110222.784669,110222.784669,0.0,832.218 um_pwv,1015.95 um_pwv,35.0,2.239 K,1.96139
20260210,110223.745887,110223.745887,0.0,833.175 um_pwv,1017.12 um_pwv,35.0,2.19 K,1.96365
20260210,110224.705468,110224.705468,0.0,835.461 um_pwv,1019.91 um_pwv,35.0,2.332 K,1.96906
20260210,110225.665322,110225.665322,0.0,838.229 um_pwv,1023.29 um_pwv,35.0,2.483 K,1.97560
20260210,110226.626465,110226.626465,0.0,839.782 um_pwv,1025.18 um_pwv,35.0,2.486 K,1.97927
20260210,110227.585527,110227.585527,0.0,839.957 um_pwv,1025.4 um_pwv,35.0,2.44 K,1.97968
20260210,110228.544215,110228.544215,0.0,839.708 um_pwv,1025.09 um_pwv,35.0,2.345 K,1.97909
20260210,110229.503995,110229.503995,0.0,838.992 um_pwv,1024.22 um_pwv,35.0,2.22 K,1.97740
20260210,110230.464605,110230.464605,0.0,835.718 um_pwv,1020.22 um_pwv,35.0,2.169 K,1.96966
20260210,110231.427277,110231.427277,0.0,833.349 um_pwv,1017.33 um_pwv,35.0,2.044 K,1.96406
20260210,110232.384193,110232.384193,0.0,830.761 um_pwv,1014.17 um_pwv,35.0,2.045 K,1.95795
20260210,110233.345908,110233.345908,0.0,828.193 um_pwv,1011.04 um_pwv,35.0,2.039 K,1.95188
20260210,110234.306490,110234.306490,0.0,825.192 um_pwv,1007.37 um_pwv,35.0,2.047 K,1.94479
20260210,110235.266422,110235.266422,0.0,825.223 um_pwv,1007.41 um_pwv,35.0,2.176 K,1.94486
20260210,110236.225673,110236.225673,0.0,824.389 um_pwv,1006.39 um_pwv,35.0,2.193 K,1.94289
20260210,110237.188172,110237.188172,0.0,825.875 um_pwv,1008.21 um_pwv,35.0,2.256 K,1.94640
20260210,110238.149128,110238.149128,0.0,829.246 um_pwv,1012.32 um_pwv,35.0,2.316 K,1.95437
20260210,110239.103877,110239.103877,0.0,830.003 um_pwv,1013.25 um_pwv,35.0,2.413 K,1.95616
20260210,110240.064285,110240.064285,0.0,829.398 um_pwv,1012.51 um_pwv,35.0,2.461 K,1.95473
20260210,110241.025257,110241.025257,0.0,828.714 um_pwv,1011.67 um_pwv,35.0,2.599 K,1.95311
20260210,110241.987842,110241.987842,0.0,829.216 um_pwv,1012.29 um_pwv,35.0,2.528 K,1.95430
20260210,110242.949037,110242.949037,0.0,826.621 um_pwv,1009.12 um_pwv,35.0,2.411 K,1.94817
20260210,110243.905963,110243.905963,0.0,826.802 um_pwv,1009.34 um_pwv,35.0,2.282 K,1.94859
20260210,110244.866181,110244.866181,0.0,824.531 um_pwv,1006.57 um_pwv,35.0,2.15 K,1.94323
20260210,110245.829328,110245.829328,0.0,823.34 um_pwv,1005.11 um_pwv,35.0,2.072 K,1.94041
20260210,110246.787524,110246.787524,0.0,823.648 um_pwv,1005.49 um_pwv,35.0,2.02 K,1.94114
20260210,110247.747386,110247.747386,0.0,822.235 um_pwv,1003.76 um_pwv,35.0,1.976 K,1.93780
20260210,110248.709542,110248.709542,0.0,824.246 um_pwv,1006.22 um_pwv,35.0,2.004 K,1.94255
20260210,110249.664184,110249.664184,0.0,825.497 um_pwv,1007.75 um_pwv,35.0,1.871 K,1.94551
20260210,110250.623683,110250.623683,0.0,828.907 um_pwv,1011.91 um_pwv,35.0,2.107 K,1.95357
20260210,110251.585444,110251.585444,0.0,831.028 um_pwv,1014.5 um_pwv,35.0,2.082 K,1.95858
20260210,110252.546975,110252.546975,0.0,833.996 um_pwv,1018.12 um_pwv,35.0,2.253 K,1.96559
20260210,110253.506356,110253.506356,0.0,836.564 um_pwv,1021.26 um_pwv,35.0,2.373 K,1.97166
20260210,110254.466330,110254.466330,0.0,838.59 um_pwv,1023.73 um_pwv,35.0,2.459 K,1.97645
20260210,110255.427643,110255.427643,0.0,841.252 um_pwv,1026.98 um_pwv,35.0,2.556 K,1.98274
20260210,110256.388023,110256.388023,0.0,841.492 um_pwv,1027.27 um_pwv,35.0,2.472 K,1.98331
20260210,110257.349307,110257.349307,0.0,841.077 um_pwv,1026.77 um_pwv,35.0,2.401 K,1.98233
20260210,110258.304727,110258.304727,0.0,838.995 um_pwv,1024.22 um_pwv,35.0,2.272 K,1.97741
20260210,110259.265612,110259.265612,0.0,837.751 um_pwv,1022.7 um_pwv,35.0,2.227 K,1.97447
20260210,110300.225719,110300.225719,0.0,836.676 um_pwv,1021.39 um_pwv,35.0,2.258 K,1.97193
20260210,110301.187953,110301.187953,0.0,833.502 um_pwv,1017.52 um_pwv,35.0,2.132 K,1.96443
20260210,110302.146095,110302.146095,0.0,830.413 um_pwv,1013.75 um_pwv,35.0,2.052 K,1.95713
20260210,110303.105253,110303.105253,0.0,827.896 um_pwv,1010.67 um_pwv,35.0,2.077 K,1.95118
20260210,110304.065349,110304.065349,0.0,826.61 um_pwv,1009.1 um_pwv,35.0,2.084 K,1.94814
20260210,110305.025383,110305.025383,0.0,825.113 um_pwv,1007.28 um_pwv,35.0,2.126 K,1.94460
20260210,110305.985426,110305.985426,0.0,827.201 um_pwv,1009.83 um_pwv,35.0,2.116 K,1.94954
20260210,110306.947821,110306.947821,0.0,827.662 um_pwv,1010.39 um_pwv,35.0,2.349 K,1.95063
20260210,110307.910149,110307.910149,0.0,829.409 um_pwv,1012.52 um_pwv,35.0,2.355 K,1.95475
20260210,110308.866863,110308.866863,0.0,831.931 um_pwv,1015.6 um_pwv,35.0,2.484 K,1.96071
20260210,110309.827814,110309.827814,0.0,828.743 um_pwv,1011.71 um_pwv,35.0,2.425 K,1.95318
20260210,110310.785152,110310.785152,0.0,828.652 um_pwv,1011.6 um_pwv,35.0,2.4 K,1.95297
20260210,110311.750000,110311.750000,0.0,828.959 um_pwv,1011.97 um_pwv,35.0,2.515 K,1.95369
20260210,110312.706134,110312.706134,0.0,829.953 um_pwv,1013.19 um_pwv,35.0,2.471 K,1.95604
20260210,110313.664514,110313.664514,0.0,828.17 um_pwv,1011.01 um_pwv,35.0,2.262 K,1.95183
20260210,110314.625755,110314.625755,0.0,825.794 um_pwv,1008.11 um_pwv,35.0,2.17 K,1.94621
20260210,110315.589881,110315.589881,0.0,824.145 um_pwv,1006.09 um_pwv,35.0,2.08 K,1.94231
20260210,110316.547617,110316.547617,0.0,823.901 um_pwv,1005.8 um_pwv,35.0,2.011 K,1.94174
20260210,110317.506831,110317.506831,0.0,824.296 um_pwv,1006.28 um_pwv,35.0,2.058 K,1.94267
20260210,110318.464718,110318.464718,0.0,824.328 um_pwv,1006.32 um_pwv,35.0,1.976 K,1.94275
20260210,110319.425775,110319.425775,0.0,826.63 um_pwv,1009.13 um_pwv,35.0,1.935 K,1.94819
20260210,110320.387244,110320.387244,0.0,830.67 um_pwv,1014.06 um_pwv,35.0,2.072 K,1.95774
20260210,110321.347577,110321.347577,0.0,834.296 um_pwv,1018.49 um_pwv,35.0,2.184 K,1.96630
20260210,110322.307489,110322.307489,0.0,834.872 um_pwv,1019.19 um_pwv,35.0,2.274 K,1.96767
20260210,110323.267581,110323.267581,0.0,837.048 um_pwv,1021.85 um_pwv,35.0,2.393 K,1.97281
20260210,110324.230643,110324.230643,0.0,838.247 um_pwv,1023.31 um_pwv,35.0,2.425 K,1.97564
20260210,110325.187800,110325.187800,0.0,839.584 um_pwv,1024.94 um_pwv,35.0,2.484 K,1.97880
20260210,110326.145481,110326.145481,0.0,840.289 um_pwv,1025.8 um_pwv,35.0,2.517 K,1.98046
20260210,110327.109474,110327.109474,0.0,840.434 um_pwv,1025.98 um_pwv,35.0,2.307 K,1.98081
20260210,110328.068273,110328.068273,0.0,837.969 um_pwv,1022.97 um_pwv,35.0,2.25 K,1.97498
20260210,110329.028395,110329.028395,0.0,837.266 um_pwv,1022.11 um_pwv,35.0,2.222 K,1.97332
20260210,110329.987770,110329.987770,0.0,834.646 um_pwv,1018.91 um_pwv,35.0,2.163 K,1.96713
20260210,110330.948570,110330.948570,0.0,831.315 um_pwv,1014.85 um_pwv,35.0,2.022 K,1.95926
20260210,110331.909100,110331.909100,0.0,829.359 um_pwv,1012.46 um_pwv,35.0,1.955 K,1.95464
20260210,110332.869577,110332.869577,0.0,826.945 um_pwv,1009.51 um_pwv,35.0,2.003 K,1.94893
20260210,110333.827701,110333.827701,0.0,824.409 um_pwv,1006.42 um_pwv,35.0,2.012 K,1.94294
20260210,110334.789066,110334.789066,0.0,825.977 um_pwv,1008.33 um_pwv,35.0,2.146 K,1.94664
20260210,110335.753975,110335.753975,0.0,825.651 um_pwv,1007.93 um_pwv,35.0,2.145 K,1.94587
20260210,110336.704006,110336.704006,0.0,828.407 um_pwv,1011.3 um_pwv,35.0,2.28 K,1.95239
20260210,110337.666295,110337.666295,0.0,830.504 um_pwv,1013.86 um_pwv,35.0,2.422 K,1.95734
20260210,110338.628045,110338.628045,0.0,832.054 um_pwv,1015.75 um_pwv,35.0,2.537 K,1.96101
20260210,110339.590385,110339.590385,0.0,830.536 um_pwv,1013.9 um_pwv,35.0,2.54 K,1.95742
20260210,110340.547993,110340.547993,0.0,831.007 um_pwv,1014.47 um_pwv,35.0,2.533 K,1.95853
20260210,110341.505905,110341.505905,0.0,827.589 um_pwv,1010.3 um_pwv,35.0,2.428 K,1.95045
20260210,110342.466261,110342.466261,0.0,828.57 um_pwv,1011.5 um_pwv,35.0,2.314 K,1.95277
20260210,110343.429664,110343.429664,0.0,825.957 um_pwv,1008.31 um_pwv,35.0,2.204 K,1.94660
20260210,110344.389592,110344.389592,0.0,824.848 um_pwv,1006.95 um_pwv,35.0,2.161 K,1.94398
20260210,110345.345758,110345.345758,0.0,822.954 um_pwv,1004.64 um_pwv,35.0,1.95 K,1.93950
20260210,110346.306086,110346.306086,0.0,821.273 um_pwv,1002.59 um_pwv,35.0,1.922 K,1.93553
20260210,110347.265467,110347.265467,0.0,821.849 um_pwv,1003.29 um_pwv,35.0,1.818 K,1.93689
20260210,110348.228879,110348.228879,0.0,824.735 um_pwv,1006.82 um_pwv,35.0,1.9 K,1.94371
20260210,110349.186106,110349.186106,0.0,826.519 um_pwv,1008.99 um_pwv,35.0,2.057 K,1.94792
20260210,110350.146922,110350.146922,0.0,829.675 um_pwv,1012.85 um_pwv,35.0,1.976 K,1.95538
20260210,110351.107219,110351.107219,0.0,832.054 um_pwv,1015.75 um_pwv,35.0,2.162 K,1.96101
20260210,110352.065389,110352.065389,0.0,834.843 um_pwv,1019.15 um_pwv,35.0,2.268 K,1.96759
20260210,110353.026499,110353.026499,0.0,837.555 um_pwv,1022.47 um_pwv,35.0,2.397 K,1.97401
20260210,110353.986013,110353.986013,0.0,839.335 um_pwv,1024.64 um_pwv,35.0,2.592 K,1.97821
20260210,110354.948844,110354.948844,0.0,841.439 um_pwv,1027.21 um_pwv,35.0,2.544 K,1.98318
20260210,110355.907989,110355.907989,0.0,840.392 um_pwv,1025.93 um_pwv,35.0,2.457 K,1.98071
20260210,110356.868917,110356.868917,0.0,840.704 um_pwv,1026.31 um_pwv,35.0,2.358 K,1.98145
20260210,110357.828186,110357.828186,0.0,840.413 um_pwv,1025.95 um_pwv,35.0,2.268 K,1.98076
20260210,110358.788491,110358.788491,0.0,836.708 um_pwv,1021.43 um_pwv,35.0,2.15 K,1.97200
20260210,110359.745571,110359.745571,0.0,836.139 um_pwv,1020.74 um_pwv,35.0,2.198 K,1.97066
20260210,110400.706661,110400.706661,0.0,831.931 um_pwv,1015.6 um_pwv,35.0,2.038 K,1.96071
20260210,110401.670455,110401.670455,0.0,828.334 um_pwv,1011.21 um_pwv,35.0,2.054 K,1.95221
20260210,110402.629272,110402.629272,0.0,827.528 um_pwv,1010.23 um_pwv,35.0,2.001 K,1.95031
20260210,110403.590427,110403.590427,0.0,825.977 um_pwv,1008.33 um_pwv,35.0,2.067 K,1.94664
20260210,110404.550398,110404.550398,0.0,825.194 um_pwv,1007.38 um_pwv,35.0,2.081 K,1.94479
20260210,110405.510431,110405.510431,0.0,826.406 um_pwv,1008.85 um_pwv,35.0,2.29 K,1.94766
20260210,110406.468677,110406.468677,0.0,827.426 um_pwv,1010.1 um_pwv,35.0,2.155 K,1.95007
20260210,110407.427325,110407.427325,0.0,830.106 um_pwv,1013.37 um_pwv,35.0,2.391 K,1.95640
20260210,110408.389447,110408.389447,0.0,829.728 um_pwv,1012.91 um_pwv,35.0,2.351 K,1.95551
20260210,110409.350405,110409.350405,0.0,828.264 um_pwv,1011.12 um_pwv,35.0,2.448 K,1.95205
20260210,110410.311031,110410.311031,0.0,828.509 um_pwv,1011.42 um_pwv,35.0,2.369 K,1.95263
20260210,110411.266759,110411.266759,0.0,828.664 um_pwv,1011.61 um_pwv,35.0,2.387 K,1.95299
20260210,110412.230224,110412.230224,0.0,826.956 um_pwv,1009.53 um_pwv,35.0,2.245 K,1.94896
20260210,110413.187788,110413.187788,0.0,826.426 um_pwv,1008.88 um_pwv,35.0,2.264 K,1.94770
20260210,110414.150295,110414.150295,0.0,822.893 um_pwv,1004.57 um_pwv,35.0,2.047 K,1.93936
20260210,110415.106141,110415.106141,0.0,823.587 um_pwv,1005.41 um_pwv,35.0,2.008 K,1.94100
20260210,110416.066488,110416.066488,0.0,823.982 um_pwv,1005.9 um_pwv,35.0,2.039 K,1.94193
20260210,110417.030371,110417.030371,0.0,823.23 um_pwv,1004.98 um_pwv,35.0,1.952 K,1.94015
20260210,110417.988403,110417.988403,0.0,824.287 um_pwv,1006.27 um_pwv,35.0,1.91 K,1.94265
20260210,110418.949119,110418.949119,0.0,828.08 um_pwv,1010.9 um_pwv,35.0,2.007 K,1.95161
20260210,110419.907766,110419.907766,0.0,830.752 um_pwv,1014.16 um_pwv,35.0,2.043 K,1.95793
20260210,110420.867070,110420.867070,0.0,833.317 um_pwv,1017.29 um_pwv,35.0,2.178 K,1.96399
20260210,110421.828145,110421.828145,0.0,835.346 um_pwv,1019.77 um_pwv,35.0,2.327 K,1.96879
20260210,110422.788058,110422.788058,0.0,837.732 um_pwv,1022.68 um_pwv,35.0,2.31 K,1.97442
20260210,110423.749862,110423.749862,0.0,840.256 um_pwv,1025.76 um_pwv,35.0,2.473 K,1.98039
20260210,110424.710721,110424.710721,0.0,839.904 um_pwv,1025.33 um_pwv,35.0,2.462 K,1.97956
20260210,110425.665805,110425.665805,0.0,841.276 um_pwv,1027.01 um_pwv,35.0,2.502 K,1.98280
20260210,110426.628164,110426.628164,0.0,841.181 um_pwv,1026.89 um_pwv,35.0,2.298 K,1.98257
20260210,110427.587064,110427.587064,0.0,838.765 um_pwv,1023.94 um_pwv,35.0,2.18 K,1.97686
20260210,110428.551354,110428.551354,0.0,837.411 um_pwv,1022.29 um_pwv,35.0,2.179 K,1.97366
20260210,110429.508497,110429.508497,0.0,832.568 um_pwv,1016.38 um_pwv,35.0,2.019 K,1.96222
20260210,110430.467340,110430.467340,0.0,830.679 um_pwv,1014.07 um_pwv,35.0,2.026 K,1.95776
20260210,110431.426764,110431.426764,0.0,829.254 um_pwv,1012.33 um_pwv,35.0,2.016 K,1.95439
20260210,110432.389101,110432.389101,0.0,826.907 um_pwv,1009.47 um_pwv,35.0,2.028 K,1.94884
20260210,110433.349165,110433.349165,0.0,826.63 um_pwv,1009.13 um_pwv,35.0,2.043 K,1.94819
20260210,110434.311892,110434.311892,0.0,826.752 um_pwv,1009.28 um_pwv,35.0,2.11 K,1.94848
20260210,110435.266052,110435.266052,0.0,827.896 um_pwv,1010.67 um_pwv,35.0,2.255 K,1.95118
20260210,110436.230318,110436.230318,0.0,829.789 um_pwv,1012.99 um_pwv,35.0,2.311 K,1.95565
20260210,110437.189467,110437.189467,0.0,830.515 um_pwv,1013.87 um_pwv,35.0,2.352 K,1.95737
20260210,110438.150225,110438.150225,0.0,830.577 um_pwv,1013.95 um_pwv,35.0,2.404 K,1.95751
20260210,110439.110489,110439.110489,0.0,829.38 um_pwv,1012.49 um_pwv,35.0,2.356 K,1.95469
20260210,110440.066251,110440.066251,0.0,827.496 um_pwv,1010.19 um_pwv,35.0,2.5 K,1.95023
20260210,110441.027815,110441.027815,0.0,829.441 um_pwv,1012.56 um_pwv,35.0,2.423 K,1.95483
20260210,110441.987846,110441.987846,0.0,826.242 um_pwv,1008.66 um_pwv,35.0,2.165 K,1.94727
20260210,110442.948584,110442.948584,0.0,824.633 um_pwv,1006.69 um_pwv,35.0,2.103 K,1.94347
20260210,110443.909512,110443.909512,0.0,826.406 um_pwv,1008.85 um_pwv,35.0,2.11 K,1.94766
20260210,110444.869884,110444.869884,0.0,824.031 um_pwv,1005.96 um_pwv,35.0,1.94 K,1.94205
20260210,110445.828204,110445.828204,0.0,821.606 um_pwv,1003 um_pwv,35.0,1.875 K,1.93631
20260210,110446.791998,110446.791998,0.0,825.276 um_pwv,1007.48 um_pwv,35.0,2.026 K,1.94499
20260210,110447.751566,110447.751566,0.0,826.397 um_pwv,1008.84 um_pwv,35.0,1.975 K,1.94764
20260210,110448.706523,110448.706523,0.0,831.09 um_pwv,1014.57 um_pwv,35.0,2.091 K,1.95873
20260210,110449.668036,110449.668036,0.0,832.926 um_pwv,1016.82 um_pwv,35.0,2.147 K,1.96307
20260210,110450.627410,110450.627410,0.0,832.897 um_pwv,1016.78 um_pwv,35.0,2.133 K,1.96300
20260210,110451.590692,110451.590692,0.0,836.275 um_pwv,1020.9 um_pwv,35.0,2.343 K,1.97098
20260210,110452.551039,110452.551039,0.0,840.745 um_pwv,1026.36 um_pwv,35.0,2.372 K,1.98154
20260210,110453.507153,110453.507153,0.0,842 um_pwv,1027.89 um_pwv,35.0,2.564 K,1.98451
20260210,110454.466820,110454.466820,0.0,840.558 um_pwv,1026.13 um_pwv,35.0,2.324 K,1.98110
20260210,110455.426261,110455.426261,0.0,841.899 um_pwv,1027.77 um_pwv,35.0,2.371 K,1.98427
20260210,110456.389809,110456.389809,0.0,841.024 um_pwv,1026.7 um_pwv,35.0,2.307 K,1.98220
20260210,110457.351459,110457.351459,0.0,840.455 um_pwv,1026.01 um_pwv,35.0,2.193 K,1.98086
20260210,110458.311575,110458.311575,0.0,837.399 um_pwv,1022.28 um_pwv,35.0,2.183 K,1.97364
20260210,110459.267267,110459.267267,0.0,832.988 um_pwv,1016.89 um_pwv,35.0,2.041 K,1.96321
20260210,110500.228089,110500.228089,0.0,830.413 um_pwv,1013.75 um_pwv,35.0,1.971 K,1.95713
20260210,110501.188249,110501.188249,0.0,828.877 um_pwv,1011.87 um_pwv,35.0,1.926 K,1.95350
20260210,110502.148112,110502.148112,0.0,827.773 um_pwv,1010.52 um_pwv,35.0,2.005 K,1.95089
20260210,110503.106899,110503.106899,0.0,826.129 um_pwv,1008.52 um_pwv,35.0,2.106 K,1.94700
20260210,110504.065907,110504.065907,0.0,826.251 um_pwv,1008.67 um_pwv,35.0,2.13 K,1.94729
20260210,110505.027176,110505.027176,0.0,828.141 um_pwv,1010.97 um_pwv,35.0,2.165 K,1.95176
20260210,110505.986914,110505.986914,0.0,830.167 um_pwv,1013.45 um_pwv,35.0,2.318 K,1.95655
20260210,110506.949213,110506.949213,0.0,830.556 um_pwv,1013.92 um_pwv,35.0,2.358 K,1.95747
20260210,110507.910005,110507.910005,0.0,830.741 um_pwv,1014.15 um_pwv,35.0,2.405 K,1.95790
20260210,110508.870758,110508.870758,0.0,830.065 um_pwv,1013.32 um_pwv,35.0,2.452 K,1.95630
20260210,110509.829380,110509.829380,0.0,828.939 um_pwv,1011.95 um_pwv,35.0,2.414 K,1.95364
20260210,110510.792319,110510.792319,0.0,829.214 um_pwv,1012.28 um_pwv,35.0,2.452 K,1.95429
20260210,110511.750917,110511.750917,0.0,828.804 um_pwv,1011.78 um_pwv,35.0,2.233 K,1.95333
20260210,110512.709653,110512.709653,0.0,826.018 um_pwv,1008.38 um_pwv,35.0,2.126 K,1.94674
20260210,110513.668038,110513.668038,0.0,823.828 um_pwv,1005.71 um_pwv,35.0,2.011 K,1.94157
20260210,110514.626453,110514.626453,0.0,822.772 um_pwv,1004.42 um_pwv,35.0,1.91 K,1.93907
20260210,110515.587511,110515.587511,0.0,824.531 um_pwv,1006.57 um_pwv,35.0,2.043 K,1.94323
20260210,110516.547243,110516.547243,0.0,826.446 um_pwv,1008.9 um_pwv,35.0,1.917 K,1.94775
20260210,110517.512323,110517.512323,0.0,829.687 um_pwv,1012.86 um_pwv,35.0,1.965 K,1.95541
20260210,110518.464859,110518.464859,0.0,831.52 um_pwv,1015.1 um_pwv,35.0,2.068 K,1.95974
20260210,110519.429669,110519.429669,0.0,833.998 um_pwv,1018.12 um_pwv,35.0,2.101 K,1.96560
20260210,110520.390838,110520.390838,0.0,835.862 um_pwv,1020.4 um_pwv,35.0,2.204 K,1.97000
20260210,110521.347499,110521.347499,0.0,839.128 um_pwv,1024.39 um_pwv,35.0,2.356 K,1.97772
20260210,110522.309481,110522.309481,0.0,841.659 um_pwv,1027.48 um_pwv,35.0,2.47 K,1.98370
20260210,110523.270579,110523.270579,0.0,841.97 um_pwv,1027.86 um_pwv,35.0,2.385 K,1.98444
20260210,110524.229169,110524.229169,0.0,841.379 um_pwv,1027.13 um_pwv,35.0,2.344 K,1.98304
20260210,110525.187032,110525.187032,0.0,840.475 um_pwv,1026.03 um_pwv,35.0,2.304 K,1.98091
20260210,110526.149755,110526.149755,0.0,840.413 um_pwv,1025.95 um_pwv,35.0,2.272 K,1.98076
20260210,110527.111103,110527.111103,0.0,841.617 um_pwv,1027.42 um_pwv,35.0,2.288 K,1.98360
20260210,110528.069472,110528.069472,0.0,835.965 um_pwv,1020.53 um_pwv,35.0,2.054 K,1.97025
20260210,110529.029836,110529.029836,0.0,833.205 um_pwv,1017.16 um_pwv,35.0,2.047 K,1.96372
20260210,110529.987681,110529.987681,0.0,829.81 um_pwv,1013.01 um_pwv,35.0,1.973 K,1.95570
20260210,110530.947714,110530.947714,0.0,828.643 um_pwv,1011.59 um_pwv,35.0,1.981 K,1.95294
20260210,110531.909671,110531.909671,0.0,827.855 um_pwv,1010.62 um_pwv,35.0,1.982 K,1.95108
20260210,110532.869853,110532.869853,0.0,826.782 um_pwv,1009.31 um_pwv,35.0,2.087 K,1.94855
20260210,110533.827668,110533.827668,0.0,827.957 um_pwv,1010.75 um_pwv,35.0,2.177 K,1.95132
20260210,110534.788225,110534.788225,0.0,830.363 um_pwv,1013.69 um_pwv,35.0,2.33 K,1.95701
20260210,110535.747945,110535.747945,0.0,831.603 um_pwv,1015.2 um_pwv,35.0,2.336 K,1.95994
20260210,110536.712063,110536.712063,0.0,832.228 um_pwv,1015.96 um_pwv,35.0,2.49 K,1.96141
20260210,110537.672105,110537.672105,0.0,832.292 um_pwv,1016.04 um_pwv,35.0,2.521 K,1.96157
20260210,110538.627880,110538.627880,0.0,830.219 um_pwv,1013.51 um_pwv,35.0,2.446 K,1.95667
20260210,110539.587991,110539.587991,0.0,832.086 um_pwv,1015.79 um_pwv,35.0,2.478 K,1.96108
20260210,110540.551202,110540.551202,0.0,831.019 um_pwv,1014.49 um_pwv,35.0,2.502 K,1.95856
20260210,110541.510837,110541.510837,0.0,830.126 um_pwv,1013.4 um_pwv,35.0,2.283 K,1.95645
20260210,110542.469392,110542.469392,0.0,827.753 um_pwv,1010.5 um_pwv,35.0,2.146 K,1.95084
20260210,110543.431945,110543.431945,0.0,825.113 um_pwv,1007.28 um_pwv,35.0,2.042 K,1.94460
20260210,110544.387925,110544.387925,0.0,826.773 um_pwv,1009.3 um_pwv,35.0,2.091 K,1.94852
20260210,110545.350692,110545.350692,0.0,825.712 um_pwv,1008.01 um_pwv,35.0,1.978 K,1.94602
20260210,110546.312210,110546.312210,0.0,828.591 um_pwv,1011.52 um_pwv,35.0,2.101 K,1.95282
20260210,110547.269372,110547.269372,0.0,830.199 um_pwv,1013.49 um_pwv,35.0,2.099 K,1.95662
20260210,110548.230139,110548.230139,0.0,833.319 um_pwv,1017.3 um_pwv,35.0,2.066 K,1.96399
20260210,110549.188331,110549.188331,0.0,835.326 um_pwv,1019.74 um_pwv,35.0,2.189 K,1.96874
20260210,110550.149630,110550.149630,0.0,838.477 um_pwv,1023.59 um_pwv,35.0,2.325 K,1.97618
20260210,110551.108545,110551.108545,0.0,840.04 um_pwv,1025.5 um_pwv,35.0,2.3 K,1.97988
20260210,110552.069747,110552.069747,0.0,843.084 um_pwv,1029.22 um_pwv,35.0,2.451 K,1.98707
20260210,110553.031903,110553.031903,0.0,844.206 um_pwv,1030.59 um_pwv,35.0,2.489 K,1.98972
20260210,110553.988230,110553.988230,0.0,842.927 um_pwv,1029.02 um_pwv,35.0,2.419 K,1.98670
20260210,110554.951648,110554.951648,0.0,842.044 um_pwv,1027.95 um_pwv,35.0,2.31 K,1.98461
20260210,110555.911244,110555.911244,0.0,841.326 um_pwv,1027.07 um_pwv,35.0,2.321 K,1.98292
20260210,110556.867383,110556.867383,0.0,838.144 um_pwv,1023.18 um_pwv,35.0,2.115 K,1.97540
20260210,110557.828608,110557.828608,0.0,837.213 um_pwv,1022.05 um_pwv,35.0,2.144 K,1.97320
20260210,110558.791695,110558.791695,0.0,833.678 um_pwv,1017.73 um_pwv,35.0,2.128 K,1.96484
20260210,110559.748211,110559.748211,0.0,831.181 um_pwv,1014.68 um_pwv,35.0,2.034 K,1.95894
20260210,110600.707889,110600.707889,0.0,828.632 um_pwv,1011.57 um_pwv,35.0,2.054 K,1.95292
20260210,110601.667858,110601.667858,0.0,827.496 um_pwv,1010.19 um_pwv,35.0,1.97 K,1.95023
20260210,110602.627243,110602.627243,0.0,829.348 um_pwv,1012.45 um_pwv,35.0,2.181 K,1.95461
20260210,110603.593387,110603.593387,0.0,828.202 um_pwv,1011.05 um_pwv,35.0,2.181 K,1.95190
20260210,110604.552206,110604.552206,0.0,832.075 um_pwv,1015.78 um_pwv,35.0,2.372 K,1.96105
20260210,110605.512002,110605.512002,0.0,831.119 um_pwv,1014.61 um_pwv,35.0,2.307 K,1.95880
20260210,110606.470097,110606.470097,0.0,830.855 um_pwv,1014.29 um_pwv,35.0,2.417 K,1.95817
20260210,110607.429901,110607.429901,0.0,831.632 um_pwv,1015.24 um_pwv,35.0,2.507 K,1.96001
20260210,110608.390155,110608.390155,0.0,832.433 um_pwv,1016.21 um_pwv,35.0,2.523 K,1.96190
20260210,110609.350358,110609.350358,0.0,830.536 um_pwv,1013.9 um_pwv,35.0,2.429 K,1.95742
20260210,110610.312087,110610.312087,0.0,828.877 um_pwv,1011.87 um_pwv,35.0,2.28 K,1.95350
20260210,110611.271840,110611.271840,0.0,829.257 um_pwv,1012.34 um_pwv,35.0,2.242 K,1.95439
20260210,110612.229746,110612.229746,0.0,826.14 um_pwv,1008.53 um_pwv,35.0,2.144 K,1.94703
20260210,110613.190587,110613.190587,0.0,823.767 um_pwv,1005.63 um_pwv,35.0,2.028 K,1.94142
20260210,110614.148563,110614.148563,0.0,824.592 um_pwv,1006.64 um_pwv,35.0,1.937 K,1.94337
20260210,110615.108049,110615.108049,0.0,827.152 um_pwv,1009.77 um_pwv,35.0,1.982 K,1.94942
20260210,110616.069415,110616.069415,0.0,829.143 um_pwv,1012.2 um_pwv,35.0,2.013 K,1.95413
20260210,110617.030001,110617.030001,0.0,829.86 um_pwv,1013.07 um_pwv,35.0,1.956 K,1.95582
20260210,110617.992208,110617.992208,0.0,834.316 um_pwv,1018.51 um_pwv,35.0,2.083 K,1.96635
20260210,110618.949355,110618.949355,0.0,834.728 um_pwv,1019.01 um_pwv,35.0,2.227 K,1.96732
20260210,110619.908847,110619.908847,0.0,838.817 um_pwv,1024.01 um_pwv,35.0,2.396 K,1.97699
20260210,110620.869555,110620.869555,0.0,842.261 um_pwv,1028.21 um_pwv,35.0,2.403 K,1.98513
20260210,110621.830858,110621.830858,0.0,844.563 um_pwv,1031.02 um_pwv,35.0,2.448 K,1.99056
20260210,110622.791833,110622.791833,0.0,845.061 um_pwv,1031.63 um_pwv,35.0,2.457 K,1.99174
20260210,110623.748027,110623.748027,0.0,845.019 um_pwv,1031.58 um_pwv,35.0,2.491 K,1.99164
20260210,110624.707611,110624.707611,0.0,844.354 um_pwv,1030.77 um_pwv,35.0,2.453 K,1.99007
20260210,110625.667479,110625.667479,0.0,842.844 um_pwv,1028.92 um_pwv,35.0,2.314 K,1.98650
20260210,110626.626453,110626.626453,0.0,840.528 um_pwv,1026.1 um_pwv,35.0,2.276 K,1.98103
20260210,110627.588773,110627.588773,0.0,836.564 um_pwv,1021.26 um_pwv,35.0,2.165 K,1.97166
20260210,110628.548626,110628.548626,0.0,834.346 um_pwv,1018.55 um_pwv,35.0,2 K,1.96642
20260210,110629.508472,110629.508472,0.0,830.987 um_pwv,1014.45 um_pwv,35.0,2.024 K,1.95848
20260210,110630.472099,110630.472099,0.0,828.979 um_pwv,1012 um_pwv,35.0,1.987 K,1.95374
20260210,110631.432236,110631.432236,0.0,828.959 um_pwv,1011.97 um_pwv,35.0,2.13 K,1.95369
20260210,110632.390935,110632.390935,0.0,830.117 um_pwv,1013.39 um_pwv,35.0,2.184 K,1.95643
20260210,110633.352140,110633.352140,0.0,829.634 um_pwv,1012.8 um_pwv,35.0,2.25 K,1.95529
20260210,110634.307564,110634.307564,0.0,829.839 um_pwv,1013.05 um_pwv,35.0,2.22 K,1.95577
20260210,110635.268704,110635.268704,0.0,831.952 um_pwv,1015.63 um_pwv,35.0,2.363 K,1.96076
20260210,110636.228483,110636.228483,0.0,831.541 um_pwv,1015.12 um_pwv,35.0,2.495 K,1.95979
20260210,110637.190131,110637.190131,0.0,832.157 um_pwv,1015.88 um_pwv,35.0,2.507 K,1.96125
20260210,110638.152469,110638.152469,0.0,830.864 um_pwv,1014.3 um_pwv,35.0,2.447 K,1.95819
20260210,110639.112352,110639.112352,0.0,831.397 um_pwv,1014.95 um_pwv,35.0,2.493 K,1.95945
20260210,110640.069342,110640.069342,0.0,828.509 um_pwv,1011.42 um_pwv,35.0,2.238 K,1.95263
20260210,110641.030949,110641.030949,0.0,829.257 um_pwv,1012.34 um_pwv,35.0,2.235 K,1.95439
20260210,110641.989487,110641.989487,0.0,826.344 um_pwv,1008.78 um_pwv,35.0,2.119 K,1.94751
20260210,110642.947072,110642.947072,0.0,825.366 um_pwv,1007.59 um_pwv,35.0,2.035 K,1.94520
20260210,110643.908941,110643.908941,0.0,826.712 um_pwv,1009.23 um_pwv,35.0,2.075 K,1.94838
20260210,110644.867973,110644.867973,0.0,826.986 um_pwv,1009.56 um_pwv,35.0,1.892 K,1.94903
20260210,110645.828096,110645.828096,0.0,829.45 um_pwv,1012.57 um_pwv,35.0,2.049 K,1.95485
20260210,110646.791223,110646.791223,0.0,831.049 um_pwv,1014.52 um_pwv,35.0,1.99 K,1.95863
20260210,110647.749270,110647.749270,0.0,833.082 um_pwv,1017 um_pwv,35.0,2.143 K,1.96343
20260210,110648.708720,110648.708720,0.0,837.225 um_pwv,1022.06 um_pwv,35.0,2.211 K,1.97322
20260210,110649.669761,110649.669761,0.0,839.708 um_pwv,1025.09 um_pwv,35.0,2.276 K,1.97909
20260210,110650.630307,110650.630307,0.0,843.239 um_pwv,1029.4 um_pwv,35.0,2.398 K,1.98744
20260210,110651.590994,110651.590994,0.0,844.655 um_pwv,1031.13 um_pwv,35.0,2.496 K,1.99078
20260210,110652.551895,110652.551895,0.0,842.864 um_pwv,1028.95 um_pwv,35.0,2.481 K,1.98655
20260210,110653.507242,110653.507242,0.0,843.001 um_pwv,1029.11 um_pwv,35.0,2.49 K,1.98687
20260210,110654.466951,110654.466951,0.0,842.668 um_pwv,1028.71 um_pwv,35.0,2.255 K,1.98609
20260210,110655.431550,110655.431550,0.0,841.213 um_pwv,1026.93 um_pwv,35.0,2.227 K,1.98265
20260210,110656.388898,110656.388898,0.0,839.862 um_pwv,1025.28 um_pwv,35.0,2.225 K,1.97946
20260210,110657.353474,110657.353474,0.0,834.616 um_pwv,1018.88 um_pwv,35.0,2.139 K,1.96706
20260210,110658.313629,110658.313629,0.0,831.315 um_pwv,1014.85 um_pwv,35.0,1.95 K,1.95926
20260210,110659.269156,110659.269156,0.0,829.398 um_pwv,1012.51 um_pwv,35.0,1.977 K,1.95473
20260210,110700.229243,110700.229243,0.0,829.409 um_pwv,1012.52 um_pwv,35.0,2.056 K,1.95475
20260210,110701.190687,110701.190687,0.0,827.639 um_pwv,1010.36 um_pwv,35.0,1.996 K,1.95057
20260210,110702.150731,110702.150731,0.0,826.17 um_pwv,1008.57 um_pwv,35.0,2.114 K,1.94710
20260210,110703.109229,110703.109229,0.0,828.071 um_pwv,1010.89 um_pwv,35.0,2.11 K,1.95159
20260210,110704.070489,110704.070489,0.0,829.737 um_pwv,1012.92 um_pwv,35.0,2.219 K,1.95553
20260210,110705.031772,110705.031772,0.0,831.397 um_pwv,1014.95 um_pwv,35.0,2.36 K,1.95945
20260210,110705.992425,110705.992425,0.0,830.556 um_pwv,1013.92 um_pwv,35.0,2.416 K,1.95747
20260210,110706.948938,110706.948938,0.0,832.228 um_pwv,1015.96 um_pwv,35.0,2.463 K,1.96141
20260210,110707.908767,110707.908767,0.0,830.802 um_pwv,1014.22 um_pwv,35.0,2.48 K,1.95805
20260210,110708.872200,110708.872200,0.0,831.007 um_pwv,1014.47 um_pwv,35.0,2.4 K,1.95853
20260210,110709.830039,110709.830039,0.0,827.406 um_pwv,1010.08 um_pwv,35.0,2.228 K,1.95002
20260210,110710.791926,110710.791926,0.0,827.303 um_pwv,1009.95 um_pwv,35.0,2.152 K,1.94978
20260210,110711.753372,110711.753372,0.0,824.389 um_pwv,1006.39 um_pwv,35.0,2.131 K,1.94289
20260210,110712.711956,110712.711956,0.0,825.171 um_pwv,1007.35 um_pwv,35.0,1.997 K,1.94474
20260210,110713.670003,110713.670003,0.0,823.442 um_pwv,1005.24 um_pwv,35.0,1.88 K,1.94065
20260210,110714.629182,110714.629182,0.0,826.884 um_pwv,1009.44 um_pwv,35.0,1.916 K,1.94879
20260210,110715.591190,110715.591190,0.0,828.529 um_pwv,1011.45 um_pwv,35.0,1.935 K,1.95268
20260210,110716.550397,110716.550397,0.0,833.008 um_pwv,1016.92 um_pwv,35.0,2.042 K,1.96326
20260210,110717.510297,110717.510297,0.0,832.908 um_pwv,1016.79 um_pwv,35.0,2.012 K,1.96302
20260210,110718.469183,110718.469183,0.0,836.121 um_pwv,1020.72 um_pwv,35.0,2.195 K,1.97062
20260210,110719.430902,110719.430902,0.0,838.466 um_pwv,1023.58 um_pwv,35.0,2.262 K,1.97616
20260210,110720.390117,110720.390117,0.0,842.374 um_pwv,1028.35 um_pwv,35.0,2.338 K,1.98539
20260210,110721.352143,110721.352143,0.0,842.116 um_pwv,1028.03 um_pwv,35.0,2.33 K,1.98478
20260210,110722.309046,110722.309046,0.0,845.072 um_pwv,1031.64 um_pwv,35.0,2.458 K,1.99177
20260210,110723.273477,110723.273477,0.0,843.29 um_pwv,1029.47 um_pwv,35.0,2.362 K,1.98756
20260210,110724.233188,110724.233188,0.0,842.365 um_pwv,1028.34 um_pwv,35.0,2.308 K,1.98537
20260210,110725.193547,110725.193547,0.0,839.812 um_pwv,1025.22 um_pwv,35.0,2.196 K,1.97934
20260210,110726.148770,110726.148770,0.0,837.349 um_pwv,1022.21 um_pwv,35.0,2.132 K,1.97352
20260210,110727.113022,110727.113022,0.0,834.419 um_pwv,1018.64 um_pwv,35.0,2.05 K,1.96659
20260210,110728.073158,110728.073158,0.0,831.397 um_pwv,1014.95 um_pwv,35.0,1.974 K,1.95945
20260210,110729.029308,110729.029308,0.0,830.556 um_pwv,1013.92 um_pwv,35.0,1.992 K,1.95747
20260210,110729.989648,110729.989648,0.0,827.732 um_pwv,1010.47 um_pwv,35.0,1.977 K,1.95079
20260210,110730.950181,110730.950181,0.0,827.549 um_pwv,1010.25 um_pwv,35.0,2.047 K,1.95036
20260210,110731.908858,110731.908858,0.0,829.184 um_pwv,1012.25 um_pwv,35.0,2.167 K,1.95422
20260210,110732.870588,110732.870588,0.0,831.787 um_pwv,1015.42 um_pwv,35.0,2.319 K,1.96037
20260210,110733.833413,110733.833413,0.0,829.532 um_pwv,1012.67 um_pwv,35.0,2.365 K,1.95504
20260210,110734.791747,110734.791747,0.0,829.942 um_pwv,1013.17 um_pwv,35.0,2.302 K,1.95601
20260210,110735.750372,110735.750372,0.0,830.401 um_pwv,1013.73 um_pwv,35.0,2.408 K,1.95710
20260210,110736.711330,110736.711330,0.0,829.43 um_pwv,1012.55 um_pwv,35.0,2.428 K,1.95480
20260210,110737.672637,110737.672637,0.0,829.983 um_pwv,1013.22 um_pwv,35.0,2.38 K,1.95611
20260210,110738.633115,110738.633115,0.0,829 um_pwv,1012.02 um_pwv,35.0,2.32 K,1.95379
20260210,110739.591373,110739.591373,0.0,828.141 um_pwv,1010.97 um_pwv,35.0,2.302 K,1.95176
20260210,110740.553248,110740.553248,0.0,827.152 um_pwv,1009.77 um_pwv,35.0,2.289 K,1.94942
20260210,110741.512565,110741.512565,0.0,824.368 um_pwv,1006.37 um_pwv,35.0,2.043 K,1.94284
20260210,110742.469125,110742.469125,0.0,824.438 um_pwv,1006.45 um_pwv,35.0,1.918 K,1.94301
20260210,110743.433952,110743.433952,0.0,826.548 um_pwv,1009.03 um_pwv,35.0,1.968 K,1.94799
20260210,110744.389896,110744.389896,0.0,828.386 um_pwv,1011.27 um_pwv,35.0,1.961 K,1.95234
20260210,110745.353518,110745.353518,0.0,830.413 um_pwv,1013.75 um_pwv,35.0,1.885 K,1.95713
20260210,110746.313154,110746.313154,0.0,831.356 um_pwv,1014.9 um_pwv,35.0,2.064 K,1.95936
20260210,110747.273004,110747.273004,0.0,835.851 um_pwv,1020.39 um_pwv,35.0,2.116 K,1.96998
20260210,110748.232309,110748.232309,0.0,837.287 um_pwv,1022.14 um_pwv,35.0,2.196 K,1.97337
20260210,110749.191960,110749.191960,0.0,841.566 um_pwv,1027.36 um_pwv,35.0,2.328 K,1.98348
20260210,110750.150931,110750.150931,0.0,844.947 um_pwv,1031.49 um_pwv,35.0,2.456 K,1.99147
20260210,110751.110756,110751.110756,0.0,846.785 um_pwv,1033.73 um_pwv,35.0,2.476 K,1.99582
20260210,110752.072152,110752.072152,0.0,844.415 um_pwv,1030.84 um_pwv,35.0,2.401 K,1.99021
20260210,110753.030553,110753.030553,0.0,845.991 um_pwv,1032.76 um_pwv,35.0,2.351 K,1.99394
20260210,110753.990334,110753.990334,0.0,842.719 um_pwv,1028.77 um_pwv,35.0,2.323 K,1.98621
20260210,110754.950576,110754.950576,0.0,840.724 um_pwv,1026.33 um_pwv,35.0,2.273 K,1.98149
20260210,110755.911389,110755.911389,0.0,837.257 um_pwv,1022.1 um_pwv,35.0,2.084 K,1.97330
20260210,110756.874328,110756.874328,0.0,833.699 um_pwv,1017.76 um_pwv,35.0,2.043 K,1.96489
20260210,110757.829781,110757.829781,0.0,831.573 um_pwv,1015.16 um_pwv,35.0,1.933 K,1.95987
20260210,110758.789582,110758.789582,0.0,830.29 um_pwv,1013.6 um_pwv,35.0,1.963 K,1.95684
20260210,110759.752517,110759.752517,0.0,828.702 um_pwv,1011.66 um_pwv,35.0,1.995 K,1.95308
20260210,110800.707790,110800.707790,0.0,828.509 um_pwv,1011.42 um_pwv,35.0,2.062 K,1.95263
20260210,110801.673227,110801.673227,0.0,828.673 um_pwv,1011.62 um_pwv,35.0,2.097 K,1.95301
20260210,110802.631891,110802.631891,0.0,828.08 um_pwv,1010.9 um_pwv,35.0,2.091 K,1.95161
20260210,110803.592704,110803.592704,0.0,832.148 um_pwv,1015.86 um_pwv,35.0,2.345 K,1.96123
20260210,110804.552336,110804.552336,0.0,830.814 um_pwv,1014.24 um_pwv,35.0,2.343 K,1.95807
20260210,110805.513394,110805.513394,0.0,830.802 um_pwv,1014.22 um_pwv,35.0,2.418 K,1.95805
20260210,110806.469741,110806.469741,0.0,830.668 um_pwv,1014.06 um_pwv,35.0,2.355 K,1.95773
20260210,110807.433589,110807.433589,0.0,830.893 um_pwv,1014.33 um_pwv,35.0,2.478 K,1.95826
20260210,110808.388825,110808.388825,0.0,827.803 um_pwv,1010.56 um_pwv,35.0,2.275 K,1.95096
20260210,110809.350348,110809.350348,0.0,825.04 um_pwv,1007.19 um_pwv,35.0,2.228 K,1.94443
20260210,110810.312027,110810.312027,0.0,823.706 um_pwv,1005.56 um_pwv,35.0,2.065 K,1.94128
20260210,110811.269526,110811.269526,0.0,824.674 um_pwv,1006.74 um_pwv,35.0,1.981 K,1.94356
20260210,110812.229098,110812.229098,0.0,825.66 um_pwv,1007.94 um_pwv,35.0,1.987 K,1.94589
20260210,110813.190156,110813.190156,0.0,826.528 um_pwv,1009 um_pwv,35.0,1.891 K,1.94795
20260210,110814.147927,110814.147927,0.0,827.435 um_pwv,1010.11 um_pwv,35.0,1.88 K,1.95009
20260210,110815.113343,110815.113343,0.0,829.675 um_pwv,1012.85 um_pwv,35.0,1.897 K,1.95538
20260210,110816.073292,110816.073292,0.0,832.794 um_pwv,1016.65 um_pwv,35.0,1.95 K,1.96275
20260210,110817.033754,110817.033754,0.0,836.357 um_pwv,1021 um_pwv,35.0,2.103 K,1.97117
20260210,110817.993209,110817.993209,0.0,839.252 um_pwv,1024.54 um_pwv,35.0,2.235 K,1.97802
20260210,110818.953581,110818.953581,0.0,841.813 um_pwv,1027.66 um_pwv,35.0,2.365 K,1.98407
20260210,110819.913892,110819.913892,0.0,845.448 um_pwv,1032.1 um_pwv,35.0,2.325 K,1.99266
20260210,110820.869906,110820.869906,0.0,843.822 um_pwv,1030.12 um_pwv,35.0,2.261 K,1.98881
20260210,110821.832011,110821.832011,0.0,844.811 um_pwv,1031.32 um_pwv,35.0,2.3 K,1.99115
20260210,110822.790314,110822.790314,0.0,844.748 um_pwv,1031.25 um_pwv,35.0,2.254 K,1.99100
20260210,110823.752046,110823.752046,0.0,841.252 um_pwv,1026.98 um_pwv,35.0,2.138 K,1.98274
20260210,110824.714457,110824.714457,0.0,839.243 um_pwv,1024.53 um_pwv,35.0,2.162 K,1.97799
20260210,110825.673046,110825.673046,0.0,836.472 um_pwv,1021.14 um_pwv,35.0,2.001 K,1.97145
20260210,110826.633843,110826.633843,0.0,832.157 um_pwv,1015.88 um_pwv,35.0,1.926 K,1.96125
20260210,110827.592654,110827.592654,0.0,831.787 um_pwv,1015.42 um_pwv,35.0,1.976 K,1.96037
20260210,110828.551393,110828.551393,0.0,830.67 um_pwv,1014.06 um_pwv,35.0,2.031 K,1.95774
20260210,110829.512375,110829.512375,0.0,828.1 um_pwv,1010.92 um_pwv,35.0,1.942 K,1.95166
20260210,110830.473714,110830.473714,0.0,828.039 um_pwv,1010.85 um_pwv,35.0,1.96 K,1.95152
20260210,110831.430443,110831.430443,0.0,829.175 um_pwv,1012.24 um_pwv,35.0,2.123 K,1.95420
20260210,110832.388697,110832.388697,0.0,830.688 um_pwv,1014.08 um_pwv,35.0,2.201 K,1.95778
20260210,110833.353282,110833.353282,0.0,831.295 um_pwv,1014.82 um_pwv,35.0,2.381 K,1.95921
20260210,110834.313252,110834.313252,0.0,830.691 um_pwv,1014.09 um_pwv,35.0,2.363 K,1.95778
20260210,110835.269828,110835.269828,0.0,830.811 um_pwv,1014.23 um_pwv,35.0,2.383 K,1.95807
20260210,110836.228990,110836.228990,0.0,830.916 um_pwv,1014.36 um_pwv,35.0,2.417 K,1.95832
20260210,110837.187912,110837.187912,0.0,829.828 um_pwv,1013.03 um_pwv,35.0,2.405 K,1.95574
20260210,110838.153638,110838.153638,0.0,826.671 um_pwv,1009.18 um_pwv,35.0,2.161 K,1.94828
20260210,110839.110337,110839.110337,0.0,826.822 um_pwv,1009.36 um_pwv,35.0,2.236 K,1.94864
20260210,110840.074395,110840.074395,0.0,824.918 um_pwv,1007.04 um_pwv,35.0,2.056 K,1.94414
20260210,110841.034094,110841.034094,0.0,824.968 um_pwv,1007.1 um_pwv,35.0,1.986 K,1.94426
20260210,110841.993341,110841.993341,0.0,825.092 um_pwv,1007.25 um_pwv,35.0,1.909 K,1.94455
20260210,110842.950098,110842.950098,0.0,828.611 um_pwv,1011.55 um_pwv,35.0,1.896 K,1.95287
20260210,110843.912148,110843.912148,0.0,829.123 um_pwv,1012.17 um_pwv,35.0,1.858 K,1.95408
20260210,110844.870946,110844.870946,0.0,832.084 um_pwv,1015.79 um_pwv,35.0,1.901 K,1.96107
20260210,110845.833707,110845.833707,0.0,834.099 um_pwv,1018.25 um_pwv,35.0,2.046 K,1.96584
20260210,110846.790039,110846.790039,0.0,836.903 um_pwv,1021.67 um_pwv,35.0,2.117 K,1.97246
20260210,110847.757164,110847.757164,0.0,840.713 um_pwv,1026.32 um_pwv,35.0,2.262 K,1.98147
20260210,110848.710056,110848.710056,0.0,844.301 um_pwv,1030.7 um_pwv,35.0,2.4 K,1.98995
20260210,110849.674193,110849.674193,0.0,846.826 um_pwv,1033.78 um_pwv,35.0,2.315 K,1.99591
20260210,110850.630656,110850.630656,0.0,845.29 um_pwv,1031.91 um_pwv,35.0,2.376 K,1.99228
20260210,110851.591791,110851.591791,0.0,845.824 um_pwv,1032.56 um_pwv,35.0,2.395 K,1.99354
20260210,110852.552869,110852.552869,0.0,845.249 um_pwv,1031.86 um_pwv,35.0,2.332 K,1.99219
20260210,110853.512691,110853.512691,0.0,842.365 um_pwv,1028.34 um_pwv,35.0,2.291 K,1.98537
20260210,110854.474605,110854.474605,0.0,838.735 um_pwv,1023.91 um_pwv,35.0,2.145 K,1.97679
20260210,110855.435179,110855.435179,0.0,835.656 um_pwv,1020.15 um_pwv,35.0,2.093 K,1.96952
20260210,110856.390954,110856.390954,0.0,835.028 um_pwv,1019.38 um_pwv,35.0,2.065 K,1.96803
20260210,110857.354123,110857.354123,0.0,832.949 um_pwv,1016.84 um_pwv,35.0,2.045 K,1.96312
20260210,110858.314671,110858.314671,0.0,830.515 um_pwv,1013.87 um_pwv,35.0,1.948 K,1.95737
20260210,110859.274996,110859.274996,0.0,828.202 um_pwv,1011.05 um_pwv,35.0,2.063 K,1.95190
20260210,110900.231449,110900.231449,0.0,829.88 um_pwv,1013.1 um_pwv,35.0,2.114 K,1.95587
20260210,110901.189953,110901.189953,0.0,829.901 um_pwv,1013.12 um_pwv,35.0,2.221 K,1.95592
20260210,110902.150088,110902.150088,0.0,830.7 um_pwv,1014.1 um_pwv,35.0,2.237 K,1.95780
20260210,110903.112832,110903.112832,0.0,830.72 um_pwv,1014.12 um_pwv,35.0,2.345 K,1.95785
20260210,110904.071788,110904.071788,0.0,830.937 um_pwv,1014.39 um_pwv,35.0,2.372 K,1.95836
20260210,110905.032487,110905.032487,0.0,830.547 um_pwv,1013.91 um_pwv,35.0,2.502 K,1.95744
20260210,110905.993117,110905.993117,0.0,832.075 um_pwv,1015.78 um_pwv,35.0,2.456 K,1.96105
20260210,110906.952586,110906.952586,0.0,829.246 um_pwv,1012.32 um_pwv,35.0,2.34 K,1.95437
20260210,110907.911879,110907.911879,0.0,827.957 um_pwv,1010.75 um_pwv,35.0,2.172 K,1.95132
20260210,110908.873499,110908.873499,0.0,826.274 um_pwv,1008.69 um_pwv,35.0,2.19 K,1.94735
20260210,110909.835883,110909.835883,0.0,826.161 um_pwv,1008.56 um_pwv,35.0,2.092 K,1.94708
20260210,110910.796084,110910.796084,0.0,825.855 um_pwv,1008.18 um_pwv,35.0,2.09 K,1.94636
20260210,110911.752013,110911.752013,0.0,826.12 um_pwv,1008.51 um_pwv,35.0,1.894 K,1.94698
20260210,110912.713955,110912.713955,0.0,829.871 um_pwv,1013.09 um_pwv,35.0,1.887 K,1.95585
20260210,110913.670434,110913.670434,0.0,830.085 um_pwv,1013.35 um_pwv,35.0,1.91 K,1.95635
20260210,110914.634183,110914.634183,0.0,833.02 um_pwv,1016.93 um_pwv,35.0,1.954 K,1.96329
20260210,110915.594630,110915.594630,0.0,835.193 um_pwv,1019.58 um_pwv,35.0,2.018 K,1.96842
20260210,110916.551091,110916.551091,0.0,837.133 um_pwv,1021.95 um_pwv,35.0,2.054 K,1.97301
20260210,110917.510807,110917.510807,0.0,840.621 um_pwv,1026.21 um_pwv,35.0,2.347 K,1.98125
20260210,110918.472680,110918.472680,0.0,843.061 um_pwv,1029.19 um_pwv,35.0,2.4 K,1.98702
20260210,110919.433596,110919.433596,0.0,844.697 um_pwv,1031.18 um_pwv,35.0,2.383 K,1.99088
20260210,110920.394296,110920.394296,0.0,845.063 um_pwv,1031.63 um_pwv,35.0,2.337 K,1.99175
20260210,110921.350087,110921.350087,0.0,846.012 um_pwv,1032.79 um_pwv,35.0,2.352 K,1.99399
20260210,110922.313847,110922.313847,0.0,845.522 um_pwv,1032.19 um_pwv,35.0,2.281 K,1.99283
20260210,110923.273037,110923.273037,0.0,841.857 um_pwv,1027.72 um_pwv,35.0,2.134 K,1.98417
20260210,110924.229874,110924.229874,0.0,838.693 um_pwv,1023.86 um_pwv,35.0,2.009 K,1.97669
20260210,110925.192191,110925.192191,0.0,835.346 um_pwv,1019.77 um_pwv,35.0,2.064 K,1.96879
20260210,110926.153673,110926.153673,0.0,835.193 um_pwv,1019.58 um_pwv,35.0,1.95 K,1.96842
20260210,110927.113721,110927.113721,0.0,831.172 um_pwv,1014.67 um_pwv,35.0,1.944 K,1.95892
20260210,110928.074084,110928.074084,0.0,829.073 um_pwv,1012.11 um_pwv,35.0,2.033 K,1.95396
20260210,110929.034360,110929.034360,0.0,829.482 um_pwv,1012.61 um_pwv,35.0,1.988 K,1.95493
20260210,110929.995709,110929.995709,0.0,829.143 um_pwv,1012.2 um_pwv,35.0,2.093 K,1.95413
20260210,110930.955863,110930.955863,0.0,830.556 um_pwv,1013.92 um_pwv,35.0,2.183 K,1.95747
20260210,110931.913560,110931.913560,0.0,831.04 um_pwv,1014.51 um_pwv,35.0,2.284 K,1.95861
20260210,110932.871978,110932.871978,0.0,830.536 um_pwv,1013.9 um_pwv,35.0,2.441 K,1.95742
20260210,110933.833603,110933.833603,0.0,829.295 um_pwv,1012.38 um_pwv,35.0,2.324 K,1.95449
20260210,110934.791130,110934.791130,0.0,829.851 um_pwv,1013.06 um_pwv,35.0,2.412 K,1.95580
20260210,110935.752845,110935.752845,0.0,831.91 um_pwv,1015.58 um_pwv,35.0,2.454 K,1.96067
20260210,110936.713905,110936.713905,0.0,828.232 um_pwv,1011.08 um_pwv,35.0,2.26 K,1.95197
20260210,110937.674254,110937.674254,0.0,826.977 um_pwv,1009.55 um_pwv,35.0,2.205 K,1.94901
20260210,110938.635280,110938.635280,0.0,827.009 um_pwv,1009.59 um_pwv,35.0,2.099 K,1.94908
20260210,110939.590482,110939.590482,0.0,823.81 um_pwv,1005.69 um_pwv,35.0,1.922 K,1.94152
20260210,110940.550552,110940.550552,0.0,825.122 um_pwv,1007.29 um_pwv,35.0,1.932 K,1.94462
20260210,110941.513876,110941.513876,0.0,825.998 um_pwv,1008.36 um_pwv,35.0,1.79 K,1.94669
20260210,110942.474069,110942.474069,0.0,828.223 um_pwv,1011.07 um_pwv,35.0,1.831 K,1.95195
20260210,110943.431145,110943.431145,0.0,831.254 um_pwv,1014.77 um_pwv,35.0,1.932 K,1.95911
20260210,110944.395114,110944.395114,0.0,833.699 um_pwv,1017.76 um_pwv,35.0,1.956 K,1.96489
20260210,110945.355175,110945.355175,0.0,835.388 um_pwv,1019.82 um_pwv,35.0,2.094 K,1.96888
20260210,110946.314872,110946.314872,0.0,837.287 um_pwv,1022.14 um_pwv,35.0,2.07 K,1.97337
20260210,110947.274987,110947.274987,0.0,839.377 um_pwv,1024.69 um_pwv,35.0,2.209 K,1.97831
20260210,110948.233217,110948.233217,0.0,843.209 um_pwv,1029.37 um_pwv,35.0,2.26 K,1.98737
20260210,110949.194878,110949.194878,0.0,844.521 um_pwv,1030.97 um_pwv,35.0,2.296 K,1.99047
20260210,110950.155200,110950.155200,0.0,846.063 um_pwv,1032.85 um_pwv,35.0,2.346 K,1.99411
20260210,110951.114293,110951.114293,0.0,846.513 um_pwv,1033.4 um_pwv,35.0,2.309 K,1.99517
20260210,110952.073293,110952.073293,0.0,845.385 um_pwv,1032.02 um_pwv,35.0,2.184 K,1.99251
20260210,110953.033417,110953.033417,0.0,841.97 um_pwv,1027.86 um_pwv,35.0,2.155 K,1.98444
20260210,110953.989724,110953.989724,0.0,836.162 um_pwv,1020.77 um_pwv,35.0,2.063 K,1.97071
20260210,110954.950878,110954.950878,0.0,835.069 um_pwv,1019.43 um_pwv,35.0,2.077 K,1.96813
20260210,110955.908982,110955.908982,0.0,832.794 um_pwv,1016.65 um_pwv,35.0,1.902 K,1.96275
20260210,110956.874277,110956.874277,0.0,831.397 um_pwv,1014.95 um_pwv,35.0,1.932 K,1.95945
20260210,110957.829826,110957.829826,0.0,829.123 um_pwv,1012.17 um_pwv,35.0,1.889 K,1.95408
20260210,110958.791199,110958.791199,0.0,827.651 um_pwv,1010.37 um_pwv,35.0,1.971 K,1.95060
20260210,110959.755114,110959.755114,0.0,828.223 um_pwv,1011.07 um_pwv,35.0,1.978 K,1.95195
20260210,111000.714010,111000.714010,0.0,829.553 um_pwv,1012.7 um_pwv,35.0,2.142 K,1.95509
20260210,111001.671033,111001.671033,0.0,830.053 um_pwv,1013.31 um_pwv,35.0,2.264 K,1.95628
20260210,111002.630630,111002.630630,0.0,830.638 um_pwv,1014.02 um_pwv,35.0,2.287 K,1.95766
20260210,111003.595332,111003.595332,0.0,831.265 um_pwv,1014.79 um_pwv,35.0,2.373 K,1.95914
20260210,111004.551784,111004.551784,0.0,830.905 um_pwv,1014.35 um_pwv,35.0,2.32 K,1.95829
20260210,111005.514651,111005.514651,0.0,831.541 um_pwv,1015.12 um_pwv,35.0,2.353 K,1.95979
20260210,111006.476613,111006.476613,0.0,830.688 um_pwv,1014.08 um_pwv,35.0,2.368 K,1.95778
20260210,111007.432159,111007.432159,0.0,828.091 um_pwv,1010.91 um_pwv,35.0,2.268 K,1.95164
20260210,111008.393819,111008.393819,0.0,827.018 um_pwv,1009.6 um_pwv,35.0,2.161 K,1.94910
20260210,111009.351039,111009.351039,0.0,824.825 um_pwv,1006.93 um_pwv,35.0,2.025 K,1.94392
20260210,111010.314838,111010.314838,0.0,826.548 um_pwv,1009.03 um_pwv,35.0,1.947 K,1.94799
20260210,111011.271665,111011.271665,0.0,828.541 um_pwv,1011.46 um_pwv,35.0,1.798 K,1.95270
20260210,111012.235401,111012.235401,0.0,828.6 um_pwv,1011.53 um_pwv,35.0,1.914 K,1.95284
20260210,111013.195129,111013.195129,0.0,831.511 um_pwv,1015.09 um_pwv,35.0,1.857 K,1.95972
20260210,111014.155533,111014.155533,0.0,833.987 um_pwv,1018.11 um_pwv,35.0,1.895 K,1.96557
20260210,111015.110606,111015.110606,0.0,836.924 um_pwv,1021.7 um_pwv,35.0,2.065 K,1.97251
20260210,111016.074380,111016.074380,0.0,837.99 um_pwv,1023 um_pwv,35.0,2.154 K,1.97503
20260210,111017.034378,111017.034378,0.0,840.309 um_pwv,1025.83 um_pwv,35.0,2.213 K,1.98051
20260210,111017.994204,111017.994204,0.0,843.281 um_pwv,1029.46 um_pwv,35.0,2.304 K,1.98753
20260210,111018.955139,111018.955139,0.0,846.2 um_pwv,1033.02 um_pwv,35.0,2.368 K,1.99443
20260210,111019.915931,111019.915931,0.0,845.74 um_pwv,1032.46 um_pwv,35.0,2.33 K,1.99335
20260210,111020.871496,111020.871496,0.0,846.262 um_pwv,1033.1 um_pwv,35.0,2.309 K,1.99458
20260210,111021.831844,111021.831844,0.0,842.448 um_pwv,1028.44 um_pwv,35.0,2.149 K,1.98557
20260210,111022.791907,111022.791907,0.0,841.128 um_pwv,1026.83 um_pwv,35.0,2.157 K,1.98245
20260210,111023.752343,111023.752343,0.0,838.85 um_pwv,1024.05 um_pwv,35.0,2.091 K,1.97706
20260210,111024.713579,111024.713579,0.0,836.513 um_pwv,1021.19 um_pwv,35.0,2.044 K,1.97154
20260210,111025.674696,111025.674696,0.0,833.308 um_pwv,1017.28 um_pwv,35.0,1.997 K,1.96397
20260210,111026.634650,111026.634650,0.0,829.942 um_pwv,1013.17 um_pwv,35.0,1.921 K,1.95601
20260210,111027.596075,111027.596075,0.0,829.778 um_pwv,1012.97 um_pwv,35.0,1.97 K,1.95563
20260210,111028.552766,111028.552766,0.0,829.491 um_pwv,1012.62 um_pwv,35.0,1.953 K,1.95495
20260210,111029.512467,111029.512467,0.0,830.219 um_pwv,1013.51 um_pwv,35.0,2.064 K,1.95667
20260210,111030.473636,111030.473636,0.0,829.983 um_pwv,1013.22 um_pwv,35.0,2.203 K,1.95611
20260210,111031.433358,111031.433358,0.0,830.987 um_pwv,1014.45 um_pwv,35.0,2.207 K,1.95848
20260210,111032.394838,111032.394838,0.0,832.157 um_pwv,1015.88 um_pwv,35.0,2.435 K,1.96125
20260210,111033.353632,111033.353632,0.0,831.315 um_pwv,1014.85 um_pwv,35.0,2.412 K,1.95926
20260210,111034.315249,111034.315249,0.0,831.694 um_pwv,1015.31 um_pwv,35.0,2.448 K,1.96015
20260210,111035.271400,111035.271400,0.0,831.849 um_pwv,1015.5 um_pwv,35.0,2.259 K,1.96052
20260210,111036.234707,111036.234707,0.0,829.091 um_pwv,1012.13 um_pwv,35.0,2.278 K,1.95400
20260210,111037.195792,111037.195792,0.0,828.723 um_pwv,1011.68 um_pwv,35.0,2.185 K,1.95313
20260210,111038.153153,111038.153153,0.0,827.038 um_pwv,1009.63 um_pwv,35.0,2.21 K,1.94915
20260210,111039.112628,111039.112628,0.0,825.509 um_pwv,1007.76 um_pwv,35.0,1.926 K,1.94554
20260210,111040.072108,111040.072108,0.0,826.904 um_pwv,1009.46 um_pwv,35.0,1.939 K,1.94883
20260210,111041.035308,111041.035308,0.0,828.754 um_pwv,1011.72 um_pwv,35.0,1.894 K,1.95321
20260210,111041.991062,111041.991062,0.0,831.151 um_pwv,1014.65 um_pwv,35.0,1.915 K,1.95887
20260210,111042.953940,111042.953940,0.0,831.664 um_pwv,1015.27 um_pwv,35.0,1.906 K,1.96008
20260210,111043.914169,111043.914169,0.0,833.584 um_pwv,1017.62 um_pwv,35.0,1.932 K,1.96462
20260210,111044.872942,111044.872942,0.0,836.605 um_pwv,1021.31 um_pwv,35.0,2.031 K,1.97176
20260210,111045.833733,111045.833733,0.0,839.273 um_pwv,1024.56 um_pwv,35.0,2.165 K,1.97806
20260210,111046.794177,111046.794177,0.0,842.615 um_pwv,1028.64 um_pwv,35.0,2.27 K,1.98596
20260210,111047.753633,111047.753633,0.0,843.239 um_pwv,1029.4 um_pwv,35.0,2.288 K,1.98744
20260210,111048.713252,111048.713252,0.0,845.084 um_pwv,1031.66 um_pwv,35.0,2.296 K,1.99180
20260210,111049.674823,111049.674823,0.0,844.959 um_pwv,1031.5 um_pwv,35.0,2.254 K,1.99150
20260210,111050.634538,111050.634538,0.0,847.37 um_pwv,1034.45 um_pwv,35.0,2.302 K,1.99720
20260210,111051.592121,111051.592121,0.0,843.634 um_pwv,1029.89 um_pwv,35.0,2.108 K,1.98837
20260210,111052.554759,111052.554759,0.0,841.795 um_pwv,1027.64 um_pwv,35.0,2.058 K,1.98402
20260210,111053.514296,111053.514296,0.0,837.886 um_pwv,1022.87 um_pwv,35.0,2.066 K,1.97479
20260210,111054.476050,111054.476050,0.0,834.728 um_pwv,1019.01 um_pwv,35.0,1.978 K,1.96732
20260210,111055.432960,111055.432960,0.0,831.418 um_pwv,1014.97 um_pwv,35.0,1.936 K,1.95950
20260210,111056.395489,111056.395489,0.0,830.301 um_pwv,1013.61 um_pwv,35.0,1.929 K,1.95686
20260210,111057.354477,111057.354477,0.0,830.629 um_pwv,1014.01 um_pwv,35.0,1.962 K,1.95764
20260210,111058.316821,111058.316821,0.0,829.421 um_pwv,1012.54 um_pwv,35.0,2.079 K,1.95478
20260210,111059.273509,111059.273509,0.0,829.839 um_pwv,1013.05 um_pwv,35.0,2.09 K,1.95577
20260210,111100.236049,111100.236049,0.0,830.179 um_pwv,1013.46 um_pwv,35.0,2.182 K,1.95657
20260210,111101.196351,111101.196351,0.0,831.541 um_pwv,1015.12 um_pwv,35.0,2.323 K,1.95979
20260210,111102.155835,111102.155835,0.0,832.865 um_pwv,1016.74 um_pwv,35.0,2.385 K,1.96292
20260210,111103.116356,111103.116356,0.0,832.897 um_pwv,1016.78 um_pwv,35.0,2.524 K,1.96300
20260210,111104.076205,111104.076205,0.0,833.267 um_pwv,1017.23 um_pwv,35.0,2.461 K,1.96387
20260210,111105.032203,111105.032203,0.0,830.873 um_pwv,1014.31 um_pwv,35.0,2.375 K,1.95821
20260210,111105.995043,111105.995043,0.0,830.474 um_pwv,1013.82 um_pwv,35.0,2.303 K,1.95727
20260210,111106.952276,111106.952276,0.0,827.753 um_pwv,1010.5 um_pwv,35.0,2.234 K,1.95084
20260210,111107.914574,111107.914574,0.0,827.312 um_pwv,1009.96 um_pwv,35.0,2.112 K,1.94980
20260210,111108.872279,111108.872279,0.0,826.548 um_pwv,1009.03 um_pwv,35.0,1.957 K,1.94799
20260210,111109.836856,111109.836856,0.0,828.293 um_pwv,1011.16 um_pwv,35.0,1.969 K,1.95212
20260210,111110.793226,111110.793226,0.0,831.04 um_pwv,1014.51 um_pwv,35.0,1.89 K,1.95861
20260210,111111.755199,111111.755199,0.0,830.834 um_pwv,1014.26 um_pwv,35.0,1.928 K,1.95812
20260210,111112.716773,111112.716773,0.0,833.111 um_pwv,1017.04 um_pwv,35.0,2.003 K,1.96350
20260210,111113.674160,111113.674160,0.0,836.078 um_pwv,1020.66 um_pwv,35.0,2.013 K,1.97051
20260210,111114.632127,111114.632127,0.0,837.193 um_pwv,1022.02 um_pwv,35.0,2.091 K,1.97315
20260210,111115.592490,111115.592490,0.0,842.074 um_pwv,1027.98 um_pwv,35.0,2.242 K,1.98468
20260210,111116.552733,111116.552733,0.0,843.281 um_pwv,1029.46 um_pwv,35.0,2.342 K,1.98753
20260210,111117.516399,111117.516399,0.0,845.457 um_pwv,1032.11 um_pwv,35.0,2.4 K,1.99268
20260210,111118.471685,111118.471685,0.0,847.212 um_pwv,1034.25 um_pwv,35.0,2.353 K,1.99683
20260210,111119.434263,111119.434263,0.0,848.437 um_pwv,1035.75 um_pwv,35.0,2.413 K,1.99972
20260210,111120.392126,111120.392126,0.0,847.056 um_pwv,1034.06 um_pwv,35.0,2.411 K,1.99646
20260210,111121.353949,111121.353949,0.0,844.625 um_pwv,1031.1 um_pwv,35.0,2.235 K,1.99071
20260210,111122.314495,111122.314495,0.0,841.128 um_pwv,1026.83 um_pwv,35.0,2.228 K,1.98245
20260210,111123.274425,111123.274425,0.0,838.859 um_pwv,1024.06 um_pwv,35.0,2.023 K,1.97709
20260210,111124.234478,111124.234478,0.0,834.728 um_pwv,1019.01 um_pwv,35.0,1.977 K,1.96732
20260210,111125.194881,111125.194881,0.0,832.897 um_pwv,1016.78 um_pwv,35.0,1.946 K,1.96300
20260210,111126.154682,111126.154682,0.0,831.993 um_pwv,1015.68 um_pwv,35.0,1.995 K,1.96086
20260210,111127.115379,111127.115379,0.0,830.126 um_pwv,1013.4 um_pwv,35.0,1.994 K,1.95645
20260210,111128.070980,111128.070980,0.0,830.465 um_pwv,1013.81 um_pwv,35.0,2.055 K,1.95725
20260210,111129.035354,111129.035354,0.0,830.823 um_pwv,1014.25 um_pwv,35.0,2.158 K,1.95810
20260210,111129.995112,111129.995112,0.0,832.157 um_pwv,1015.88 um_pwv,35.0,2.248 K,1.96125
20260210,111130.954621,111130.954621,0.0,833.813 um_pwv,1017.9 um_pwv,35.0,2.33 K,1.96516
20260210,111131.915203,111131.915203,0.0,831.808 um_pwv,1015.45 um_pwv,35.0,2.418 K,1.96042
20260210,111132.872533,111132.872533,0.0,831.11 um_pwv,1014.6 um_pwv,35.0,2.397 K,1.95877
20260210,111133.831537,111133.831537,0.0,832.394 um_pwv,1016.17 um_pwv,35.0,2.481 K,1.96181
20260210,111134.793764,111134.793764,0.0,831.028 um_pwv,1014.5 um_pwv,35.0,2.39 K,1.95858
20260210,111135.751385,111135.751385,0.0,829.889 um_pwv,1013.11 um_pwv,35.0,2.358 K,1.95589
20260210,111136.714400,111136.714400,0.0,830.188 um_pwv,1013.47 um_pwv,35.0,2.258 K,1.95659
20260210,111137.675124,111137.675124,0.0,828.979 um_pwv,1012 um_pwv,35.0,2.285 K,1.95374
20260210,111138.633775,111138.633775,0.0,826.895 um_pwv,1009.45 um_pwv,35.0,2.004 K,1.94881
20260210,111139.593863,111139.593863,0.0,829.594 um_pwv,1012.75 um_pwv,35.0,1.986 K,1.95519
20260210,111140.553436,111140.553436,0.0,830.72 um_pwv,1014.12 um_pwv,35.0,1.951 K,1.95785
20260210,111141.512047,111141.512047,0.0,831.336 um_pwv,1014.87 um_pwv,35.0,1.928 K,1.95931
20260210,111142.475559,111142.475559,0.0,832.835 um_pwv,1016.7 um_pwv,35.0,1.935 K,1.96285
20260210,111143.437009,111143.437009,0.0,835.149 um_pwv,1019.53 um_pwv,35.0,2.093 K,1.96832
20260210,111144.392868,111144.392868,0.0,839.48 um_pwv,1024.82 um_pwv,35.0,2.244 K,1.97855
20260210,111145.354941,111145.354941,0.0,841.649 um_pwv,1027.46 um_pwv,35.0,2.251 K,1.98368
20260210,111146.315241,111146.315241,0.0,843.364 um_pwv,1029.56 um_pwv,35.0,2.372 K,1.98773
20260210,111147.275149,111147.275149,0.0,844.667 um_pwv,1031.15 um_pwv,35.0,2.379 K,1.99081
20260210,111148.236283,111148.236283,0.0,847.131 um_pwv,1034.16 um_pwv,35.0,2.443 K,1.99663
20260210,111149.192404,111149.192404,0.0,845.418 um_pwv,1032.06 um_pwv,35.0,2.258 K,1.99259
20260210,111150.155146,111150.155146,0.0,846.408 um_pwv,1033.27 um_pwv,35.0,2.366 K,1.99493
20260210,111151.115078,111151.115078,0.0,843.197 um_pwv,1029.35 um_pwv,35.0,2.206 K,1.98734
20260210,111152.072968,111152.072968,0.0,841.056 um_pwv,1026.74 um_pwv,35.0,2.178 K,1.98228
20260210,111153.035841,111153.035841,0.0,836.596 um_pwv,1021.3 um_pwv,35.0,1.955 K,1.97174
20260210,111153.997857,111153.997857,0.0,835.172 um_pwv,1019.56 um_pwv,35.0,2.036 K,1.96837
20260210,111154.953150,111154.953150,0.0,833.863 um_pwv,1017.96 um_pwv,35.0,2.092 K,1.96528
20260210,111155.914161,111155.914161,0.0,830.843 um_pwv,1014.27 um_pwv,35.0,1.983 K,1.95814
20260210,111156.877063,111156.877063,0.0,830.864 um_pwv,1014.3 um_pwv,35.0,2.051 K,1.95819
20260210,111157.832608,111157.832608,0.0,830.167 um_pwv,1013.45 um_pwv,35.0,2.129 K,1.95655
20260210,111158.793827,111158.793827,0.0,830.588 um_pwv,1013.96 um_pwv,35.0,2.164 K,1.95754
20260210,111159.755414,111159.755414,0.0,832.189 um_pwv,1015.92 um_pwv,35.0,2.368 K,1.96132
20260210,111200.715858,111200.715858,0.0,833.699 um_pwv,1017.76 um_pwv,35.0,2.415 K,1.96489
20260210,111201.674303,111201.674303,0.0,833.114 um_pwv,1017.04 um_pwv,35.0,2.468 K,1.96351
20260210,111202.636490,111202.636490,0.0,833.287 um_pwv,1017.26 um_pwv,35.0,2.466 K,1.96392
20260210,111203.592090,111203.592090,0.0,832.239 um_pwv,1015.98 um_pwv,35.0,2.412 K,1.96144
20260210,111204.553762,111204.553762,0.0,833.02 um_pwv,1016.93 um_pwv,35.0,2.514 K,1.96329
20260210,111205.514052,111205.514052,0.0,830.413 um_pwv,1013.75 um_pwv,35.0,2.286 K,1.95713
20260210,111206.472997,111206.472997,0.0,829.655 um_pwv,1012.82 um_pwv,35.0,2.275 K,1.95534
20260210,111207.437626,111207.437626,0.0,829.491 um_pwv,1012.62 um_pwv,35.0,2.235 K,1.95495
20260210,111208.394677,111208.394677,0.0,827.937 um_pwv,1010.72 um_pwv,35.0,2.128 K,1.95127
20260210,111209.354929,111209.354929,0.0,829.102 um_pwv,1012.15 um_pwv,35.0,2.028 K,1.95403
20260210,111210.315688,111210.315688,0.0,831.356 um_pwv,1014.9 um_pwv,35.0,1.958 K,1.95936
20260210,111211.277585,111211.277585,0.0,832.075 um_pwv,1015.78 um_pwv,35.0,1.91 K,1.96105
20260210,111212.233032,111212.233032,0.0,833.566 um_pwv,1017.6 um_pwv,35.0,2.043 K,1.96458
20260210,111213.194131,111213.194131,0.0,836.078 um_pwv,1020.66 um_pwv,35.0,2.072 K,1.97051
20260210,111214.152987,111214.152987,0.0,839.853 um_pwv,1025.27 um_pwv,35.0,2.179 K,1.97944
20260210,111215.114361,111215.114361,0.0,841.825 um_pwv,1027.68 um_pwv,35.0,2.249 K,1.98409
20260210,111216.075657,111216.075657,0.0,843.218 um_pwv,1029.38 um_pwv,35.0,2.364 K,1.98739
20260210,111217.034369,111217.034369,0.0,844.718 um_pwv,1031.21 um_pwv,35.0,2.543 K,1.99093
20260210,111217.997487,111217.997487,0.0,846.921 um_pwv,1033.9 um_pwv,35.0,2.408 K,1.99614
20260210,111218.953585,111218.953585,0.0,847.967 um_pwv,1035.18 um_pwv,35.0,2.342 K,1.99861
20260210,111219.918081,111219.918081,0.0,846.587 um_pwv,1033.49 um_pwv,35.0,2.36 K,1.99535
20260210,111220.873753,111220.873753,0.0,842.116 um_pwv,1028.03 um_pwv,35.0,2.143 K,1.98478
20260210,111221.835118,111221.835118,0.0,839.459 um_pwv,1024.79 um_pwv,35.0,2.056 K,1.97851
20260210,111222.796052,111222.796052,0.0,835.264 um_pwv,1019.67 um_pwv,35.0,2.091 K,1.96859
20260210,111223.753262,111223.753262,0.0,834.584 um_pwv,1018.84 um_pwv,35.0,1.984 K,1.96698
20260210,111224.713432,111224.713432,0.0,834.101 um_pwv,1018.25 um_pwv,35.0,2.027 K,1.96584
20260210,111225.672752,111225.672752,0.0,832.917 um_pwv,1016.8 um_pwv,35.0,2.073 K,1.96304
20260210,111226.632683,111226.632683,0.0,830.208 um_pwv,1013.5 um_pwv,35.0,2.043 K,1.95664
20260210,111227.596430,111227.596430,0.0,831.952 um_pwv,1015.63 um_pwv,35.0,2.115 K,1.96076
20260210,111228.552717,111228.552717,0.0,833.184 um_pwv,1017.13 um_pwv,35.0,2.241 K,1.96368
20260210,111229.514928,111229.514928,0.0,833.431 um_pwv,1017.43 um_pwv,35.0,2.263 K,1.96426
20260210,111230.476302,111230.476302,0.0,832.826 um_pwv,1016.69 um_pwv,35.0,2.336 K,1.96283
20260210,111231.433492,111231.433492,0.0,832.084 um_pwv,1015.79 um_pwv,35.0,2.423 K,1.96107
20260210,111232.391442,111232.391442,0.0,833.699 um_pwv,1017.76 um_pwv,35.0,2.432 K,1.96489
20260210,111233.353428,111233.353428,0.0,834.666 um_pwv,1018.94 um_pwv,35.0,2.403 K,1.96718
20260210,111234.316377,111234.316377,0.0,831.233 um_pwv,1014.75 um_pwv,35.0,2.446 K,1.95906
20260210,111235.275001,111235.275001,0.0,830.811 um_pwv,1014.23 um_pwv,35.0,2.371 K,1.95807
20260210,111236.231882,111236.231882,0.0,830.864 um_pwv,1014.3 um_pwv,35.0,2.322 K,1.95819
20260210,111237.194432,111237.194432,0.0,829.787 um_pwv,1012.98 um_pwv,35.0,2.087 K,1.95565
20260210,111238.153410,111238.153410,0.0,827.957 um_pwv,1010.75 um_pwv,35.0,1.894 K,1.95132
20260210,111239.117590,111239.117590,0.0,830.003 um_pwv,1013.25 um_pwv,35.0,2.056 K,1.95616
20260210,111240.071192,111240.071192,0.0,831.295 um_pwv,1014.82 um_pwv,35.0,1.953 K,1.95921
20260210,111241.032772,111241.032772,0.0,834.122 um_pwv,1018.27 um_pwv,35.0,2.021 K,1.96589
20260210,111241.994678,111241.994678,0.0,833.802 um_pwv,1017.88 um_pwv,35.0,2.009 K,1.96513
20260210,111242.955847,111242.955847,0.0,835.883 um_pwv,1020.42 um_pwv,35.0,2.138 K,1.97005
20260210,111243.916801,111243.916801,0.0,840.588 um_pwv,1026.17 um_pwv,35.0,2.262 K,1.98117
20260210,111244.876447,111244.876447,0.0,842.532 um_pwv,1028.54 um_pwv,35.0,2.349 K,1.98576
20260210,111245.833783,111245.833783,0.0,844.176 um_pwv,1030.55 um_pwv,35.0,2.399 K,1.98965
20260210,111246.797446,111246.797446,0.0,845.979 um_pwv,1032.75 um_pwv,35.0,2.475 K,1.99391
20260210,111247.752794,111247.752794,0.0,846.722 um_pwv,1033.66 um_pwv,35.0,2.293 K,1.99567
20260210,111248.717881,111248.717881,0.0,846.116 um_pwv,1032.92 um_pwv,35.0,2.281 K,1.99424
20260210,111249.671924,111249.671924,0.0,843.947 um_pwv,1030.27 um_pwv,35.0,2.214 K,1.98911
20260210,111250.633198,111250.633198,0.0,842.772 um_pwv,1028.83 um_pwv,35.0,2.143 K,1.98633
20260210,111251.593742,111251.593742,0.0,838.932 um_pwv,1024.15 um_pwv,35.0,2.147 K,1.97726
20260210,111252.556808,111252.556808,0.0,837.39 um_pwv,1022.26 um_pwv,35.0,2.134 K,1.97361
20260210,111253.516374,111253.516374,0.0,832.988 um_pwv,1016.89 um_pwv,35.0,2.059 K,1.96321
20260210,111254.477235,111254.477235,0.0,832.814 um_pwv,1016.68 um_pwv,35.0,2.022 K,1.96280
20260210,111255.437741,111255.437741,0.0,830.208 um_pwv,1013.5 um_pwv,35.0,1.971 K,1.95664
20260210,111256.396379,111256.396379,0.0,830.618 um_pwv,1014 um_pwv,35.0,2.071 K,1.95761
20260210,111257.352612,111257.352612,0.0,828.714 um_pwv,1011.67 um_pwv,35.0,2.089 K,1.95311
20260210,111258.314018,111258.314018,0.0,830.381 um_pwv,1013.71 um_pwv,35.0,2.141 K,1.95705
20260210,111259.274607,111259.274607,0.0,832.465 um_pwv,1016.25 um_pwv,35.0,2.225 K,1.96198
20260210,111300.236188,111300.236188,0.0,832.004 um_pwv,1015.69 um_pwv,35.0,2.347 K,1.96089
20260210,111301.194733,111301.194733,0.0,833.596 um_pwv,1017.63 um_pwv,35.0,2.486 K,1.96465
20260210,111302.158407,111302.158407,0.0,834.337 um_pwv,1018.54 um_pwv,35.0,2.462 K,1.96640
20260210,111303.114443,111303.114443,0.0,832.353 um_pwv,1016.12 um_pwv,35.0,2.369 K,1.96171
20260210,111304.076450,111304.076450,0.0,831.984 um_pwv,1015.66 um_pwv,35.0,2.386 K,1.96084
20260210,111305.037671,111305.037671,0.0,829.912 um_pwv,1013.14 um_pwv,35.0,2.22 K,1.95594
20260210,111305.998772,111305.998772,0.0,830.351 um_pwv,1013.67 um_pwv,35.0,2.133 K,1.95698
20260210,111306.956118,111306.956118,0.0,827.732 um_pwv,1010.47 um_pwv,35.0,2.073 K,1.95079
20260210,111307.916634,111307.916634,0.0,828.979 um_pwv,1012 um_pwv,35.0,1.905 K,1.95374
20260210,111308.873743,111308.873743,0.0,828.988 um_pwv,1012.01 um_pwv,35.0,1.98 K,1.95376
20260210,111309.833746,111309.833746,0.0,831.181 um_pwv,1014.68 um_pwv,35.0,1.995 K,1.95894
20260210,111310.794020,111310.794020,0.0,830.465 um_pwv,1013.81 um_pwv,35.0,1.893 K,1.95725
20260210,111311.753508,111311.753508,0.0,834.76 um_pwv,1019.05 um_pwv,35.0,2.003 K,1.96740
20260210,111312.716870,111312.716870,0.0,837.154 um_pwv,1021.98 um_pwv,35.0,2.179 K,1.97306
20260210,111313.674401,111313.674401,0.0,840.828 um_pwv,1026.46 um_pwv,35.0,2.263 K,1.98174
20260210,111314.637015,111314.637015,0.0,842.948 um_pwv,1029.05 um_pwv,35.0,2.328 K,1.98675
20260210,111315.597531,111315.597531,0.0,843.822 um_pwv,1030.12 um_pwv,35.0,2.366 K,1.98881
20260210,111316.557200,111316.557200,0.0,846.775 um_pwv,1033.72 um_pwv,35.0,2.443 K,1.99579
20260210,111317.514345,111317.514345,0.0,845.678 um_pwv,1032.38 um_pwv,35.0,2.411 K,1.99320
20260210,111318.474144,111318.474144,0.0,845.439 um_pwv,1032.09 um_pwv,35.0,2.225 K,1.99263
20260210,111319.435677,111319.435677,0.0,846.492 um_pwv,1033.38 um_pwv,35.0,2.222 K,1.99512
20260210,111320.398051,111320.398051,0.0,842.137 um_pwv,1028.06 um_pwv,35.0,2.174 K,1.98483
20260210,111321.356838,111321.356838,0.0,838.072 um_pwv,1023.1 um_pwv,35.0,2.09 K,1.97523
20260210,111322.318345,111322.318345,0.0,835.111 um_pwv,1019.48 um_pwv,35.0,2.075 K,1.96823
20260210,111323.274805,111323.274805,0.0,831.89 um_pwv,1015.55 um_pwv,35.0,1.992 K,1.96062
20260210,111324.236467,111324.236467,0.0,830.056 um_pwv,1013.31 um_pwv,35.0,1.989 K,1.95628
20260210,111325.194164,111325.194164,0.0,829.951 um_pwv,1013.18 um_pwv,35.0,1.963 K,1.95603
20260210,111326.156120,111326.156120,0.0,830.033 um_pwv,1013.28 um_pwv,35.0,2.032 K,1.95623
20260210,111327.116061,111327.116061,0.0,830.342 um_pwv,1013.66 um_pwv,35.0,2.131 K,1.95696
20260210,111328.073396,111328.073396,0.0,832.104 um_pwv,1015.81 um_pwv,35.0,2.281 K,1.96112
20260210,111329.034904,111329.034904,0.0,832.794 um_pwv,1016.65 um_pwv,35.0,2.324 K,1.96275
20260210,111329.992453,111329.992453,0.0,833.781 um_pwv,1017.86 um_pwv,35.0,2.405 K,1.96509
20260210,111330.955273,111330.955273,0.0,833.884 um_pwv,1017.98 um_pwv,35.0,2.465 K,1.96533
20260210,111331.916373,111331.916373,0.0,832.876 um_pwv,1016.75 um_pwv,35.0,2.432 K,1.96295
20260210,111332.876976,111332.876976,0.0,832.958 um_pwv,1016.85 um_pwv,35.0,2.431 K,1.96314
20260210,111333.837627,111333.837627,0.0,832.579 um_pwv,1016.39 um_pwv,35.0,2.329 K,1.96225
20260210,111334.798867,111334.798867,0.0,830.627 um_pwv,1014.01 um_pwv,35.0,2.146 K,1.95763
20260210,111335.756097,111335.756097,0.0,829.614 um_pwv,1012.77 um_pwv,35.0,2.093 K,1.95524
20260210,111336.717653,111336.717653,0.0,828.048 um_pwv,1010.86 um_pwv,35.0,2.019 K,1.95154
20260210,111337.677147,111337.677147,0.0,828.354 um_pwv,1011.23 um_pwv,35.0,1.887 K,1.95226
20260210,111338.639116,111338.639116,0.0,829.471 um_pwv,1012.6 um_pwv,35.0,1.978 K,1.95490
20260210,111339.595854,111339.595854,0.0,830.597 um_pwv,1013.97 um_pwv,35.0,1.975 K,1.95756
20260210,111340.553620,111340.553620,0.0,830.884 um_pwv,1014.32 um_pwv,35.0,1.896 K,1.95824
20260210,111341.517742,111341.517742,0.0,834.163 um_pwv,1018.33 um_pwv,35.0,2.023 K,1.96599
20260210,111342.475015,111342.475015,0.0,837.287 um_pwv,1022.14 um_pwv,35.0,2.131 K,1.97337
20260210,111343.436516,111343.436516,0.0,841.172 um_pwv,1026.88 um_pwv,35.0,2.21 K,1.98255
20260210,111344.398552,111344.398552,0.0,843.813 um_pwv,1030.1 um_pwv,35.0,2.323 K,1.98879
20260210,111345.355856,111345.355856,0.0,844.822 um_pwv,1031.34 um_pwv,35.0,2.333 K,1.99118
20260210,111346.315037,111346.315037,0.0,844.343 um_pwv,1030.75 um_pwv,35.0,2.282 K,1.99004
20260210,111347.271874,111347.271874,0.0,845.583 um_pwv,1032.27 um_pwv,35.0,2.282 K,1.99297
20260210,111348.238141,111348.238141,0.0,845.865 um_pwv,1032.61 um_pwv,35.0,2.24 K,1.99364
20260210,111349.194325,111349.194325,0.0,844.384 um_pwv,1030.8 um_pwv,35.0,2.166 K,1.99014
20260210,111350.157803,111350.157803,0.0,839.895 um_pwv,1025.32 um_pwv,35.0,2.215 K,1.97953
20260210,111351.116203,111351.116203,0.0,834.811 um_pwv,1019.12 um_pwv,35.0,2.026 K,1.96752
20260210,111352.078415,111352.078415,0.0,835.326 um_pwv,1019.74 um_pwv,35.0,2.046 K,1.96874
20260210,111353.038198,111353.038198,0.0,832.28 um_pwv,1016.03 um_pwv,35.0,2.01 K,1.96154
20260210,111353.998464,111353.998464,0.0,831.204 um_pwv,1014.71 um_pwv,35.0,2.004 K,1.95900
20260210,111354.959111,111354.959111,0.0,831.603 um_pwv,1015.2 um_pwv,35.0,2.072 K,1.95994
20260210,111355.915239,111355.915239,0.0,829.91 um_pwv,1013.13 um_pwv,35.0,2.092 K,1.95594
20260210,111356.874042,111356.874042,0.0,830.638 um_pwv,1014.02 um_pwv,35.0,2.176 K,1.95766
20260210,111357.837163,111357.837163,0.0,831.922 um_pwv,1015.59 um_pwv,35.0,2.163 K,1.96069
20260210,111358.798882,111358.798882,0.0,834.11 um_pwv,1018.26 um_pwv,35.0,2.344 K,1.96586
20260210,111359.756902,111359.756902,0.0,833.452 um_pwv,1017.46 um_pwv,35.0,2.403 K,1.96431
20260210,111400.714714,111400.714714,0.0,834.666 um_pwv,1018.94 um_pwv,35.0,2.375 K,1.96718
20260210,111401.674622,111401.674622,0.0,835.573 um_pwv,1020.05 um_pwv,35.0,2.532 K,1.96932
20260210,111402.639081,111402.639081,0.0,834.09 um_pwv,1018.24 um_pwv,35.0,2.476 K,1.96582
20260210,111403.595141,111403.595141,0.0,831.418 um_pwv,1014.97 um_pwv,35.0,2.28 K,1.95950
20260210,111404.560080,111404.560080,0.0,830.454 um_pwv,1013.8 um_pwv,35.0,2.166 K,1.95722
20260210,111405.516461,111405.516461,0.0,830.26 um_pwv,1013.56 um_pwv,35.0,2.04 K,1.95677
20260210,111406.477661,111406.477661,0.0,829.83 um_pwv,1013.04 um_pwv,35.0,1.959 K,1.95575
20260210,111407.439525,111407.439525,0.0,828.857 um_pwv,1011.85 um_pwv,35.0,1.893 K,1.95345
20260210,111408.396049,111408.396049,0.0,829.86 um_pwv,1013.07 um_pwv,35.0,2.002 K,1.95582
20260210,111409.355719,111409.355719,0.0,830.597 um_pwv,1013.97 um_pwv,35.0,1.921 K,1.95756
20260210,111410.322445,111410.322445,0.0,831.529 um_pwv,1015.11 um_pwv,35.0,2.026 K,1.95977
20260210,111411.278362,111411.278362,0.0,834.348 um_pwv,1018.55 um_pwv,35.0,2.022 K,1.96643
20260210,111412.238338,111412.238338,0.0,837.133 um_pwv,1021.95 um_pwv,35.0,2.061 K,1.97301
20260210,111413.194143,111413.194143,0.0,839.252 um_pwv,1024.54 um_pwv,35.0,2.119 K,1.97802
20260210,111414.158855,111414.158855,0.0,844.697 um_pwv,1031.18 um_pwv,35.0,2.294 K,1.99088
20260210,111415.114603,111415.114603,0.0,842.585 um_pwv,1028.61 um_pwv,35.0,2.298 K,1.98589
20260210,111416.076319,111416.076319,0.0,845.123 um_pwv,1031.71 um_pwv,35.0,2.316 K,1.99189
20260210,111417.035195,111417.035195,0.0,845.615 um_pwv,1032.31 um_pwv,35.0,2.264 K,1.99305
20260210,111417.998610,111417.998610,0.0,844.686 um_pwv,1031.17 um_pwv,35.0,2.191 K,1.99086
20260210,111418.956062,111418.956062,0.0,843.04 um_pwv,1029.16 um_pwv,35.0,2.141 K,1.98697
20260210,111419.916940,111419.916940,0.0,839.397 um_pwv,1024.71 um_pwv,35.0,2.096 K,1.97836
20260210,111420.877709,111420.877709,0.0,835.605 um_pwv,1020.09 um_pwv,35.0,1.928 K,1.96940
20260210,111421.836992,111421.836992,0.0,833.575 um_pwv,1017.61 um_pwv,35.0,2.013 K,1.96460
20260210,111422.797617,111422.797617,0.0,830.565 um_pwv,1013.93 um_pwv,35.0,1.969 K,1.95749
20260210,111423.755051,111423.755051,0.0,829.769 um_pwv,1012.96 um_pwv,35.0,1.908 K,1.95560
20260210,111424.718093,111424.718093,0.0,831.573 um_pwv,1015.16 um_pwv,35.0,2.058 K,1.95987
20260210,111425.678964,111425.678964,0.0,829.532 um_pwv,1012.67 um_pwv,35.0,2.037 K,1.95504
20260210,111426.634669,111426.634669,0.0,830.711 um_pwv,1014.11 um_pwv,35.0,2.162 K,1.95783
20260210,111427.593149,111427.593149,0.0,830.586 um_pwv,1013.96 um_pwv,35.0,2.215 K,1.95754
20260210,111428.554378,111428.554378,0.0,833.04 um_pwv,1016.95 um_pwv,35.0,2.343 K,1.96334
20260210,111429.515891,111429.515891,0.0,836.11 um_pwv,1020.7 um_pwv,35.0,2.557 K,1.97059
20260210,111430.477266,111430.477266,0.0,833.481 um_pwv,1017.49 um_pwv,35.0,2.369 K,1.96438
20260210,111431.440056,111431.440056,0.0,834.872 um_pwv,1019.19 um_pwv,35.0,2.454 K,1.96767
20260210,111432.397874,111432.397874,0.0,832.136 um_pwv,1015.85 um_pwv,35.0,2.336 K,1.96120
20260210,111433.359387,111433.359387,0.0,831.409 um_pwv,1014.96 um_pwv,35.0,2.255 K,1.95948
20260210,111434.317509,111434.317509,0.0,830.688 um_pwv,1014.08 um_pwv,35.0,2.172 K,1.95778
20260210,111435.277747,111435.277747,0.0,828.857 um_pwv,1011.85 um_pwv,35.0,2.02 K,1.95345
20260210,111436.234832,111436.234832,0.0,826.712 um_pwv,1009.23 um_pwv,35.0,1.923 K,1.94838
20260210,111437.196543,111437.196543,0.0,828.579 um_pwv,1011.51 um_pwv,35.0,1.899 K,1.95279
20260210,111438.158990,111438.158990,0.0,829.082 um_pwv,1012.12 um_pwv,35.0,1.932 K,1.95398
20260210,111439.119706,111439.119706,0.0,830.424 um_pwv,1013.76 um_pwv,35.0,1.934 K,1.95715
20260210,111440.076721,111440.076721,0.0,832.209 um_pwv,1015.94 um_pwv,35.0,1.992 K,1.96137
20260210,111441.038111,111441.038111,0.0,835.635 um_pwv,1020.12 um_pwv,35.0,2.065 K,1.96947
20260210,111441.997657,111441.997657,0.0,837.866 um_pwv,1022.85 um_pwv,35.0,2.227 K,1.97474
20260210,111442.956513,111442.956513,0.0,842.76 um_pwv,1028.82 um_pwv,35.0,2.293 K,1.98631
20260210,111443.918059,111443.918059,0.0,844.635 um_pwv,1031.11 um_pwv,35.0,2.334 K,1.99073
20260210,111444.878923,111444.878923,0.0,846.032 um_pwv,1032.81 um_pwv,35.0,2.435 K,1.99404
20260210,111445.839090,111445.839090,0.0,846.596 um_pwv,1033.5 um_pwv,35.0,2.416 K,1.99537
20260210,111446.796780,111446.796780,0.0,846.429 um_pwv,1033.3 um_pwv,35.0,2.332 K,1.99498
20260210,111447.759283,111447.759283,0.0,843.914 um_pwv,1030.23 um_pwv,35.0,2.23 K,1.98903
20260210,111448.720210,111448.720210,0.0,842.074 um_pwv,1027.98 um_pwv,35.0,2.192 K,1.98468
20260210,111449.676871,111449.676871,0.0,839.8 um_pwv,1025.21 um_pwv,35.0,2.154 K,1.97931
20260210,111450.637654,111450.637654,0.0,836.408 um_pwv,1021.07 um_pwv,35.0,2.148 K,1.97129
20260210,111451.594853,111451.594853,0.0,833.751 um_pwv,1017.82 um_pwv,35.0,2.026 K,1.96502
20260210,111452.559878,111452.559878,0.0,831.5 um_pwv,1015.07 um_pwv,35.0,2.069 K,1.95970
20260210,111453.520657,111453.520657,0.0,830.77 um_pwv,1014.18 um_pwv,35.0,1.999 K,1.95797
20260210,111454.477995,111454.477995,0.0,830.925 um_pwv,1014.37 um_pwv,35.0,2.126 K,1.95834
20260210,111455.439162,111455.439162,0.0,830.875 um_pwv,1014.31 um_pwv,35.0,2.04 K,1.95822
20260210,111456.400219,111456.400219,0.0,830.445 um_pwv,1013.79 um_pwv,35.0,2.153 K,1.95720
20260210,111457.356181,111457.356181,0.0,831.767 um_pwv,1015.4 um_pwv,35.0,2.255 K,1.96033
20260210,111458.313320,111458.313320,0.0,833.42 um_pwv,1017.42 um_pwv,35.0,2.408 K,1.96423
20260210,111459.273578,111459.273578,0.0,834.09 um_pwv,1018.24 um_pwv,35.0,2.471 K,1.96582
20260210,111500.235111,111500.235111,0.0,833.978 um_pwv,1018.1 um_pwv,35.0,2.476 K,1.96555
20260210,111501.198206,111501.198206,0.0,833.123 um_pwv,1017.06 um_pwv,35.0,2.406 K,1.96353
20260210,111502.159405,111502.159405,0.0,831.746 um_pwv,1015.37 um_pwv,35.0,2.231 K,1.96028
20260210,111503.116369,111503.116369,0.0,831.685 um_pwv,1015.3 um_pwv,35.0,2.251 K,1.96013
20260210,111504.075305,111504.075305,0.0,830.454 um_pwv,1013.8 um_pwv,35.0,2.088 K,1.95722
20260210,111505.037715,111505.037715,0.0,829.839 um_pwv,1013.05 um_pwv,35.0,2.048 K,1.95577
20260210,111505.999350,111505.999350,0.0,829.43 um_pwv,1012.55 um_pwv,35.0,2.04 K,1.95480
20260210,111506.957604,111506.957604,0.0,828.673 um_pwv,1011.62 um_pwv,35.0,1.935 K,1.95301
20260210,111507.916767,111507.916767,0.0,828.366 um_pwv,1011.25 um_pwv,35.0,1.875 K,1.95229
20260210,111508.878049,111508.878049,0.0,828.723 um_pwv,1011.68 um_pwv,35.0,1.825 K,1.95313
20260210,111509.841093,111509.841093,0.0,832.177 um_pwv,1015.9 um_pwv,35.0,2.039 K,1.96130
20260210,111510.797360,111510.797360,0.0,834.357 um_pwv,1018.56 um_pwv,35.0,2.039 K,1.96645
20260210,111511.759377,111511.759377,0.0,838.217 um_pwv,1023.27 um_pwv,35.0,2.139 K,1.97557
20260210,111512.714161,111512.714161,0.0,843.489 um_pwv,1029.71 um_pwv,35.0,2.275 K,1.98803
20260210,111513.676836,111513.676836,0.0,844.438 um_pwv,1030.87 um_pwv,35.0,2.343 K,1.99027
20260210,111514.635945,111514.635945,0.0,845.928 um_pwv,1032.69 um_pwv,35.0,2.302 K,1.99379
20260210,111515.600127,111515.600127,0.0,846.585 um_pwv,1033.49 um_pwv,35.0,2.361 K,1.99534
20260210,111516.554653,111516.554653,0.0,845.427 um_pwv,1032.08 um_pwv,35.0,2.365 K,1.99261
20260210,111517.517191,111517.517191,0.0,843.729 um_pwv,1030 um_pwv,35.0,2.256 K,1.98860
20260210,111518.479753,111518.479753,0.0,840.362 um_pwv,1025.89 um_pwv,35.0,2.231 K,1.98064
20260210,111519.436827,111519.436827,0.0,835.45 um_pwv,1019.9 um_pwv,35.0,2.094 K,1.96903
20260210,111520.398667,111520.398667,0.0,835.709 um_pwv,1020.21 um_pwv,35.0,2.177 K,1.96964
20260210,111521.356350,111521.356350,0.0,832.865 um_pwv,1016.74 um_pwv,35.0,1.971 K,1.96292
20260210,111522.318002,111522.318002,0.0,831.776 um_pwv,1015.41 um_pwv,35.0,1.998 K,1.96035
20260210,111523.279776,111523.279776,0.0,829.43 um_pwv,1012.55 um_pwv,35.0,1.861 K,1.95480
20260210,111524.238048,111524.238048,0.0,829.152 um_pwv,1012.21 um_pwv,35.0,1.907 K,1.95415
20260210,111525.195744,111525.195744,0.0,830.7 um_pwv,1014.1 um_pwv,35.0,2.187 K,1.95780
20260210,111526.159543,111526.159543,0.0,829.705 um_pwv,1012.88 um_pwv,35.0,2.131 K,1.95545
20260210,111527.117364,111527.117364,0.0,830.076 um_pwv,1013.34 um_pwv,35.0,2.234 K,1.95633
20260210,111528.078207,111528.078207,0.0,830.299 um_pwv,1013.61 um_pwv,35.0,2.261 K,1.95686
20260210,111529.039651,111529.039651,0.0,831.828 um_pwv,1015.47 um_pwv,35.0,2.429 K,1.96047
20260210,111529.998176,111529.998176,0.0,832.865 um_pwv,1016.74 um_pwv,35.0,2.517 K,1.96292
20260210,111530.958389,111530.958389,0.0,833.481 um_pwv,1017.49 um_pwv,35.0,2.388 K,1.96438
20260210,111531.916307,111531.916307,0.0,832.506 um_pwv,1016.3 um_pwv,35.0,2.305 K,1.96207
20260210,111532.878171,111532.878171,0.0,831.714 um_pwv,1015.34 um_pwv,35.0,2.245 K,1.96020
20260210,111533.839767,111533.839767,0.0,831.685 um_pwv,1015.3 um_pwv,35.0,2.179 K,1.96013
20260210,111534.800074,111534.800074,0.0,828.477 um_pwv,1011.38 um_pwv,35.0,1.975 K,1.95255
20260210,111535.757816,111535.757816,0.0,828.161 um_pwv,1011 um_pwv,35.0,1.94 K,1.95181
20260210,111536.719705,111536.719705,0.0,828.55 um_pwv,1011.47 um_pwv,35.0,1.954 K,1.95272
20260210,111537.680515,111537.680515,0.0,829.482 um_pwv,1012.61 um_pwv,35.0,1.934 K,1.95493
20260210,111538.637761,111538.637761,0.0,830.586 um_pwv,1013.96 um_pwv,35.0,1.969 K,1.95754
20260210,111539.599225,111539.599225,0.0,832.938 um_pwv,1016.83 um_pwv,35.0,2.087 K,1.96309
20260210,111540.555207,111540.555207,0.0,836.16 um_pwv,1020.76 um_pwv,35.0,2.082 K,1.97071
20260210,111541.514957,111541.514957,0.0,839.045 um_pwv,1024.29 um_pwv,35.0,2.184 K,1.97753
20260210,111542.477983,111542.477983,0.0,843.614 um_pwv,1029.86 um_pwv,35.0,2.277 K,1.98832
20260210,111543.438681,111543.438681,0.0,844.644 um_pwv,1031.12 um_pwv,35.0,2.336 K,1.99076
20260210,111544.394721,111544.394721,0.0,847.747 um_pwv,1034.91 um_pwv,35.0,2.534 K,1.99809
20260210,111545.355726,111545.355726,0.0,846.504 um_pwv,1033.39 um_pwv,35.0,2.466 K,1.99515
20260210,111546.318239,111546.318239,0.0,846.585 um_pwv,1033.49 um_pwv,35.0,2.502 K,1.99534
20260210,111547.277444,111547.277444,0.0,841.543 um_pwv,1027.33 um_pwv,35.0,2.275 K,1.98343
20260210,111548.236368,111548.236368,0.0,839.895 um_pwv,1025.32 um_pwv,35.0,2.256 K,1.97953
20260210,111549.198304,111549.198304,0.0,836.844 um_pwv,1021.6 um_pwv,35.0,2.146 K,1.97232
20260210,111550.158889,111550.158889,0.0,834.749 um_pwv,1019.04 um_pwv,35.0,2.177 K,1.96737
20260210,111551.114111,111551.114111,0.0,829.953 um_pwv,1013.19 um_pwv,35.0,1.906 K,1.95604
20260210,111552.077360,111552.077360,0.0,832.661 um_pwv,1016.49 um_pwv,35.0,2.04 K,1.96244
20260210,111553.039665,111553.039665,0.0,829.152 um_pwv,1012.21 um_pwv,35.0,1.896 K,1.95415
20260210,111553.997804,111553.997804,0.0,830.486 um_pwv,1013.84 um_pwv,35.0,2.034 K,1.95730
20260210,111554.956526,111554.956526,0.0,831.14 um_pwv,1014.63 um_pwv,35.0,2.137 K,1.95884
20260210,111555.919794,111555.919794,0.0,830.31 um_pwv,1013.62 um_pwv,35.0,2.228 K,1.95688
20260210,111556.876067,111556.876067,0.0,830.094 um_pwv,1013.36 um_pwv,35.0,2.261 K,1.95637
20260210,111557.834576,111557.834576,0.0,831.028 um_pwv,1014.5 um_pwv,35.0,2.391 K,1.95858
20260210,111558.796304,111558.796304,0.0,834.09 um_pwv,1018.24 um_pwv,35.0,2.471 K,1.96582
20260210,111559.758176,111559.758176,0.0,830.7 um_pwv,1014.1 um_pwv,35.0,2.432 K,1.95780
20260210,111600.719136,111600.719136,0.0,833.226 um_pwv,1017.18 um_pwv,35.0,2.361 K,1.96377
20260210,111601.678691,111601.678691,0.0,833.216 um_pwv,1017.17 um_pwv,35.0,2.36 K,1.96375
20260210,111602.635363,111602.635363,0.0,832.465 um_pwv,1016.25 um_pwv,35.0,2.148 K,1.96198
20260210,111603.597715,111603.597715,0.0,830.044 um_pwv,1013.3 um_pwv,35.0,2.215 K,1.95625
20260210,111604.559262,111604.559262,0.0,829.798 um_pwv,1013 um_pwv,35.0,2.038 K,1.95567
20260210,111605.518158,111605.518158,0.0,830.504 um_pwv,1013.86 um_pwv,35.0,2.001 K,1.95734
20260210,111606.480614,111606.480614,0.0,828.734 um_pwv,1011.7 um_pwv,35.0,1.905 K,1.95316
20260210,111607.437469,111607.437469,0.0,829.705 um_pwv,1012.88 um_pwv,35.0,1.928 K,1.95545
20260210,111608.400524,111608.400524,0.0,831.14 um_pwv,1014.63 um_pwv,35.0,1.904 K,1.95884
20260210,111609.358557,111609.358557,0.0,833.184 um_pwv,1017.13 um_pwv,35.0,2.04 K,1.96368
20260210,111610.316594,111610.316594,0.0,835.346 um_pwv,1019.77 um_pwv,35.0,2.106 K,1.96879
20260210,111611.278256,111611.278256,0.0,838.744 um_pwv,1023.92 um_pwv,35.0,2.177 K,1.97681
20260210,111612.236262,111612.236262,0.0,843.905 um_pwv,1030.22 um_pwv,35.0,2.42 K,1.98901
20260210,111613.199650,111613.199650,0.0,844.271 um_pwv,1030.66 um_pwv,35.0,2.337 K,1.98988
20260210,111614.157762,111614.157762,0.0,847.475 um_pwv,1034.58 um_pwv,35.0,2.389 K,1.99745
20260210,111615.118265,111615.118265,0.0,846.065 um_pwv,1032.85 um_pwv,35.0,2.316 K,1.99411
20260210,111616.078005,111616.078005,0.0,844.185 um_pwv,1030.56 um_pwv,35.0,2.292 K,1.98967
20260210,111617.038956,111617.038956,0.0,841.813 um_pwv,1027.66 um_pwv,35.0,2.299 K,1.98407
20260210,111617.999073,111617.999073,0.0,838.702 um_pwv,1023.87 um_pwv,35.0,2.15 K,1.97672
20260210,111618.960735,111618.960735,0.0,835.912 um_pwv,1020.46 um_pwv,35.0,1.985 K,1.97012
20260210,111619.916710,111619.916710,0.0,834.614 um_pwv,1018.88 um_pwv,35.0,2.141 K,1.96705
20260210,111620.878992,111620.878992,0.0,830.966 um_pwv,1014.42 um_pwv,35.0,2.007 K,1.95843
20260210,111621.838335,111621.838335,0.0,829.582 um_pwv,1012.73 um_pwv,35.0,1.94 K,1.95516
20260210,111622.797991,111622.797991,0.0,830.228 um_pwv,1013.52 um_pwv,35.0,2.088 K,1.95669
20260210,111623.755704,111623.755704,0.0,829.623 um_pwv,1012.78 um_pwv,35.0,2.019 K,1.95526
20260210,111624.718683,111624.718683,0.0,830.864 um_pwv,1014.3 um_pwv,35.0,2.231 K,1.95819
20260210,111625.677454,111625.677454,0.0,831.151 um_pwv,1014.65 um_pwv,35.0,2.245 K,1.95887
20260210,111626.640269,111626.640269,0.0,830.679 um_pwv,1014.07 um_pwv,35.0,2.226 K,1.95776
20260210,111627.597260,111627.597260,0.0,832.353 um_pwv,1016.12 um_pwv,35.0,2.338 K,1.96171
20260210,111628.559674,111628.559674,0.0,833.39 um_pwv,1017.38 um_pwv,35.0,2.406 K,1.96416
20260210,111629.516818,111629.516818,0.0,833.872 um_pwv,1017.97 um_pwv,35.0,2.392 K,1.96530
20260210,111630.476774,111630.476774,0.0,833.658 um_pwv,1017.71 um_pwv,35.0,2.381 K,1.96479
20260210,111631.439346,111631.439346,0.0,835.358 um_pwv,1019.78 um_pwv,35.0,2.341 K,1.96881
20260210,111632.398743,111632.398743,0.0,831.696 um_pwv,1015.31 um_pwv,35.0,2.243 K,1.96016
20260210,111633.357425,111633.357425,0.0,832.218 um_pwv,1015.95 um_pwv,35.0,2.183 K,1.96139
20260210,111634.317010,111634.317010,0.0,830.998 um_pwv,1014.46 um_pwv,35.0,2.065 K,1.95851
20260210,111635.278142,111635.278142,0.0,829.953 um_pwv,1013.19 um_pwv,35.0,2.083 K,1.95604
20260210,111636.239261,111636.239261,0.0,829.254 um_pwv,1012.33 um_pwv,35.0,1.846 K,1.95439
20260210,111637.198684,111637.198684,0.0,830.782 um_pwv,1014.2 um_pwv,35.0,1.935 K,1.95800
20260210,111638.159168,111638.159168,0.0,830.802 um_pwv,1014.22 um_pwv,35.0,1.912 K,1.95805
20260210,111639.120297,111639.120297,0.0,833.114 um_pwv,1017.04 um_pwv,35.0,1.982 K,1.96351
20260210,111640.080126,111640.080126,0.0,838.942 um_pwv,1024.16 um_pwv,35.0,2.046 K,1.97728
20260210,111641.036711,111641.036711,0.0,840.621 um_pwv,1026.21 um_pwv,35.0,2.175 K,1.98125
20260210,111641.999393,111641.999393,0.0,843.103 um_pwv,1029.24 um_pwv,35.0,2.317 K,1.98711
20260210,111642.959802,111642.959802,0.0,845.928 um_pwv,1032.69 um_pwv,35.0,2.319 K,1.99379
20260210,111643.915619,111643.915619,0.0,845.594 um_pwv,1032.28 um_pwv,35.0,2.239 K,1.99300
20260210,111644.876380,111644.876380,0.0,845.52 um_pwv,1032.19 um_pwv,35.0,2.338 K,1.99283
20260210,111645.838509,111645.838509,0.0,844.155 um_pwv,1030.52 um_pwv,35.0,2.301 K,1.98960
20260210,111646.800343,111646.800343,0.0,840.796 um_pwv,1026.42 um_pwv,35.0,2.255 K,1.98166
20260210,111647.758031,111647.758031,0.0,840.176 um_pwv,1025.67 um_pwv,35.0,2.148 K,1.98020
20260210,111648.718604,111648.718604,0.0,836.204 um_pwv,1020.82 um_pwv,35.0,2.088 K,1.97081
20260210,111649.679725,111649.679725,0.0,832.773 um_pwv,1016.63 um_pwv,35.0,2.035 K,1.96270
20260210,111650.635425,111650.635425,0.0,830.074 um_pwv,1013.33 um_pwv,35.0,1.851 K,1.95632
20260210,111651.598518,111651.598518,0.0,829.254 um_pwv,1012.33 um_pwv,35.0,1.862 K,1.95439
20260210,111652.559178,111652.559178,0.0,829.082 um_pwv,1012.12 um_pwv,35.0,1.923 K,1.95398
20260210,111653.520724,111653.520724,0.0,830.586 um_pwv,1013.96 um_pwv,35.0,1.951 K,1.95754
20260210,111654.481387,111654.481387,0.0,830.135 um_pwv,1013.41 um_pwv,35.0,2.102 K,1.95647
20260210,111655.438679,111655.438679,0.0,831.213 um_pwv,1014.72 um_pwv,35.0,2.196 K,1.95902
20260210,111656.400828,111656.400828,0.0,832.177 um_pwv,1015.9 um_pwv,35.0,2.374 K,1.96130
20260210,111657.360956,111657.360956,0.0,832.054 um_pwv,1015.75 um_pwv,35.0,2.444 K,1.96101
20260210,111658.317174,111658.317174,0.0,832.97 um_pwv,1016.87 um_pwv,35.0,2.358 K,1.96317
20260210,111659.278449,111659.278449,0.0,834.028 um_pwv,1018.16 um_pwv,35.0,2.451 K,1.96567
20260210,111700.238732,111700.238732,0.0,835.874 um_pwv,1020.41 um_pwv,35.0,2.49 K,1.97003
20260210,111701.198209,111701.198209,0.0,835.553 um_pwv,1020.02 um_pwv,35.0,2.307 K,1.96927
20260210,111702.157038,111702.157038,0.0,834.058 um_pwv,1018.2 um_pwv,35.0,2.128 K,1.96574
20260210,111703.118085,111703.118085,0.0,833.308 um_pwv,1017.28 um_pwv,35.0,2.2 K,1.96397
20260210,111704.078192,111704.078192,0.0,830.269 um_pwv,1013.57 um_pwv,35.0,2.036 K,1.95679
20260210,111705.037393,111705.037393,0.0,829.45 um_pwv,1012.57 um_pwv,35.0,1.939 K,1.95485
20260210,111705.999784,111705.999784,0.0,830.916 um_pwv,1014.36 um_pwv,35.0,1.887 K,1.95832
20260210,111706.961749,111706.961749,0.0,829.625 um_pwv,1012.79 um_pwv,35.0,1.925 K,1.95527
20260210,111707.917026,111707.917026,0.0,832.835 um_pwv,1016.7 um_pwv,35.0,1.965 K,1.96285
20260210,111708.880046,111708.880046,0.0,834.007 um_pwv,1018.14 um_pwv,35.0,1.98 K,1.96562
20260210,111709.836971,111709.836971,0.0,839.054 um_pwv,1024.3 um_pwv,35.0,2.116 K,1.97755
20260210,111710.797109,111710.797109,0.0,841.202 um_pwv,1026.92 um_pwv,35.0,2.14 K,1.98262
20260210,111711.760246,111711.760246,0.0,845.114 um_pwv,1031.69 um_pwv,35.0,2.274 K,1.99187
20260210,111712.718143,111712.718143,0.0,847.788 um_pwv,1034.96 um_pwv,35.0,2.349 K,1.99819
20260210,111713.679740,111713.679740,0.0,847.861 um_pwv,1035.05 um_pwv,35.0,2.453 K,1.99836
20260210,111714.639947,111714.639947,0.0,844.093 um_pwv,1030.45 um_pwv,35.0,2.281 K,1.98945
20260210,111715.597661,111715.597661,0.0,842.469 um_pwv,1028.46 um_pwv,35.0,2.209 K,1.98562
20260210,111716.558192,111716.558192,0.0,838.631 um_pwv,1023.78 um_pwv,35.0,2.124 K,1.97655
20260210,111717.517345,111717.517345,0.0,838.643 um_pwv,1023.79 um_pwv,35.0,2.085 K,1.97657
20260210,111718.478699,111718.478699,0.0,836.369 um_pwv,1021.02 um_pwv,35.0,2.021 K,1.97120
20260210,111719.439492,111719.439492,0.0,834.881 um_pwv,1019.2 um_pwv,35.0,2.007 K,1.96769
20260210,111720.399898,111720.399898,0.0,832.095 um_pwv,1015.8 um_pwv,35.0,1.997 K,1.96110
20260210,111721.360248,111721.360248,0.0,830.176 um_pwv,1013.46 um_pwv,35.0,1.881 K,1.95657
20260210,111722.315689,111722.315689,0.0,829.111 um_pwv,1012.16 um_pwv,35.0,1.961 K,1.95405
20260210,111723.278469,111723.278469,0.0,828.816 um_pwv,1011.8 um_pwv,35.0,2.196 K,1.95335
20260210,111724.235816,111724.235816,0.0,831.119 um_pwv,1014.61 um_pwv,35.0,2.192 K,1.95880
20260210,111725.196877,111725.196877,0.0,832.506 um_pwv,1016.3 um_pwv,35.0,2.157 K,1.96207
20260210,111726.158154,111726.158154,0.0,834.131 um_pwv,1018.29 um_pwv,35.0,2.366 K,1.96591
20260210,111727.115709,111727.115709,0.0,833.226 um_pwv,1017.18 um_pwv,35.0,2.388 K,1.96377
20260210,111728.077869,111728.077869,0.0,833.957 um_pwv,1018.07 um_pwv,35.0,2.397 K,1.96550
20260210,111729.040114,111729.040114,0.0,833.358 um_pwv,1017.34 um_pwv,35.0,2.393 K,1.96409
20260210,111730.000329,111730.000329,0.0,833.082 um_pwv,1017 um_pwv,35.0,2.201 K,1.96343
20260210,111730.959002,111730.959002,0.0,836.676 um_pwv,1021.39 um_pwv,35.0,2.306 K,1.97193
20260210,111731.920236,111731.920236,0.0,834.996 um_pwv,1019.34 um_pwv,35.0,2.206 K,1.96796
20260210,111732.880066,111732.880066,0.0,831.726 um_pwv,1015.35 um_pwv,35.0,1.992 K,1.96023
20260210,111733.838244,111733.838244,0.0,831.787 um_pwv,1015.42 um_pwv,35.0,1.974 K,1.96037
20260210,111734.795435,111734.795435,0.0,831.491 um_pwv,1015.06 um_pwv,35.0,1.873 K,1.95967
20260210,111735.758359,111735.758359,0.0,829.778 um_pwv,1012.97 um_pwv,35.0,1.826 K,1.95563
20260210,111736.718215,111736.718215,0.0,832.465 um_pwv,1016.25 um_pwv,35.0,1.947 K,1.96198
20260210,111737.680290,111737.680290,0.0,831.561 um_pwv,1015.15 um_pwv,35.0,1.994 K,1.95984
20260210,111738.640473,111738.640473,0.0,837.245 um_pwv,1022.09 um_pwv,35.0,2.046 K,1.97327
20260210,111739.601644,111739.601644,0.0,839.821 um_pwv,1025.23 um_pwv,35.0,2.02 K,1.97936
20260210,111740.559704,111740.559704,0.0,843.665 um_pwv,1029.92 um_pwv,35.0,2.217 K,1.98844
20260210,111741.516948,111741.516948,0.0,847.161 um_pwv,1034.19 um_pwv,35.0,2.28 K,1.99670
20260210,111742.480501,111742.480501,0.0,848.605 um_pwv,1035.96 um_pwv,35.0,2.424 K,2.00012
20260210,111743.437746,111743.437746,0.0,846.534 um_pwv,1033.43 um_pwv,35.0,2.346 K,1.99522
20260210,111744.399405,111744.399405,0.0,845.824 um_pwv,1032.56 um_pwv,35.0,2.195 K,1.99354
20260210,111745.359166,111745.359166,0.0,842.844 um_pwv,1028.92 um_pwv,35.0,2.209 K,1.98650
20260210,111746.321148,111746.321148,0.0,841.555 um_pwv,1027.35 um_pwv,35.0,2.211 K,1.98346
20260210,111747.280836,111747.280836,0.0,838.735 um_pwv,1023.91 um_pwv,35.0,2.22 K,1.97679
20260210,111748.240403,111748.240403,0.0,834.987 um_pwv,1019.33 um_pwv,35.0,1.963 K,1.96794
20260210,111749.197159,111749.197159,0.0,834.378 um_pwv,1018.59 um_pwv,35.0,2.073 K,1.96650
20260210,111750.156986,111750.156986,0.0,832.938 um_pwv,1016.83 um_pwv,35.0,1.975 K,1.96309
20260210,111751.120209,111751.120209,0.0,830.126 um_pwv,1013.4 um_pwv,35.0,1.935 K,1.95645
20260210,111752.082124,111752.082124,0.0,830.627 um_pwv,1014.01 um_pwv,35.0,2.053 K,1.95763
20260210,111753.038898,111753.038898,0.0,832.157 um_pwv,1015.88 um_pwv,35.0,2.162 K,1.96125
20260210,111754.000607,111754.000607,0.0,832.609 um_pwv,1016.43 um_pwv,35.0,2.145 K,1.96232
20260210,111754.964027,111754.964027,0.0,832.938 um_pwv,1016.83 um_pwv,35.0,2.239 K,1.96309
20260210,111755.918579,111755.918579,0.0,832.741 um_pwv,1016.59 um_pwv,35.0,2.224 K,1.96263
20260210,111756.881596,111756.881596,0.0,834.985 um_pwv,1019.33 um_pwv,35.0,2.41 K,1.96793
20260210,111757.838911,111757.838911,0.0,834.543 um_pwv,1018.79 um_pwv,35.0,2.426 K,1.96689
20260210,111758.800381,111758.800381,0.0,834.595 um_pwv,1018.85 um_pwv,35.0,2.411 K,1.96701
20260210,111759.756460,111759.756460,0.0,835.058 um_pwv,1019.42 um_pwv,35.0,2.367 K,1.96810
20260210,111800.718710,111800.718710,0.0,835.408 um_pwv,1019.85 um_pwv,35.0,2.227 K,1.96893
20260210,111801.680815,111801.680815,0.0,834.172 um_pwv,1018.34 um_pwv,35.0,2.096 K,1.96601
20260210,111802.639670,111802.639670,0.0,832.506 um_pwv,1016.3 um_pwv,35.0,2.147 K,1.96207
20260210,111803.600288,111803.600288,0.0,829.971 um_pwv,1013.21 um_pwv,35.0,2 K,1.95608
20260210,111804.560949,111804.560949,0.0,829.716 um_pwv,1012.9 um_pwv,35.0,1.837 K,1.95548
20260210,111805.521147,111805.521147,0.0,831.459 um_pwv,1015.02 um_pwv,35.0,1.859 K,1.95960
20260210,111806.476691,111806.476691,0.0,831.356 um_pwv,1014.9 um_pwv,35.0,1.88 K,1.95936
20260210,111807.439465,111807.439465,0.0,833.772 um_pwv,1017.85 um_pwv,35.0,1.986 K,1.96506
20260210,111808.402299,111808.402299,0.0,836.72 um_pwv,1021.45 um_pwv,35.0,2.024 K,1.97203
20260210,111809.361023,111809.361023,0.0,841.243 um_pwv,1026.97 um_pwv,35.0,2.06 K,1.98272
20260210,111810.320868,111810.320868,0.0,845.552 um_pwv,1032.23 um_pwv,35.0,2.266 K,1.99290
20260210,111811.277708,111811.277708,0.0,845.293 um_pwv,1031.91 um_pwv,35.0,2.191 K,1.99229
20260210,111812.238900,111812.238900,0.0,848.458 um_pwv,1035.78 um_pwv,35.0,2.465 K,1.99977
20260210,111813.201722,111813.201722,0.0,847.068 um_pwv,1034.08 um_pwv,35.0,2.384 K,1.99648
20260210,111814.160721,111814.160721,0.0,846.167 um_pwv,1032.98 um_pwv,35.0,2.276 K,1.99436
20260210,111815.115893,111815.115893,0.0,840.63 um_pwv,1026.22 um_pwv,35.0,2.147 K,1.98127
20260210,111816.077212,111816.077212,0.0,839.978 um_pwv,1025.42 um_pwv,35.0,2.115 K,1.97973
20260210,111817.040815,111817.040815,0.0,838.134 um_pwv,1023.17 um_pwv,35.0,2.192 K,1.97537
20260210,111817.996121,111817.996121,0.0,834.646 um_pwv,1018.91 um_pwv,35.0,1.961 K,1.96713
20260210,111818.958523,111818.958523,0.0,831.869 um_pwv,1015.52 um_pwv,35.0,1.986 K,1.96057
20260210,111819.920063,111819.920063,0.0,829.696 um_pwv,1012.87 um_pwv,35.0,1.917 K,1.95543
20260210,111820.878728,111820.878728,0.0,831.356 um_pwv,1014.9 um_pwv,35.0,2.016 K,1.95936
20260210,111821.840565,111821.840565,0.0,831.049 um_pwv,1014.52 um_pwv,35.0,2.004 K,1.95863
20260210,111822.797221,111822.797221,0.0,829.277 um_pwv,1012.36 um_pwv,35.0,2.053 K,1.95444
20260210,111823.760455,111823.760455,0.0,831.142 um_pwv,1014.64 um_pwv,35.0,2.156 K,1.95885
20260210,111824.720418,111824.720418,0.0,834.016 um_pwv,1018.15 um_pwv,35.0,2.288 K,1.96564
20260210,111825.682552,111825.682552,0.0,834.213 um_pwv,1018.39 um_pwv,35.0,2.434 K,1.96611
20260210,111826.640225,111826.640225,0.0,834.605 um_pwv,1018.86 um_pwv,35.0,2.379 K,1.96703
20260210,111827.601560,111827.601560,0.0,834.152 um_pwv,1018.31 um_pwv,35.0,2.411 K,1.96596
20260210,111828.559187,111828.559187,0.0,834.634 um_pwv,1018.9 um_pwv,35.0,2.444 K,1.96710
20260210,111829.519666,111829.519666,0.0,836.233 um_pwv,1020.85 um_pwv,35.0,2.321 K,1.97088
20260210,111830.476575,111830.476575,0.0,833.925 um_pwv,1018.03 um_pwv,35.0,2.195 K,1.96543
20260210,111831.442892,111831.442892,0.0,832.773 um_pwv,1016.63 um_pwv,35.0,2.096 K,1.96270
20260210,111832.401576,111832.401576,0.0,831.664 um_pwv,1015.27 um_pwv,35.0,2.022 K,1.96008
20260210,111833.360913,111833.360913,0.0,831.327 um_pwv,1014.86 um_pwv,35.0,1.994 K,1.95929
20260210,111834.322069,111834.322069,0.0,831.081 um_pwv,1014.56 um_pwv,35.0,1.818 K,1.95870
20260210,111835.281147,111835.281147,0.0,831.878 um_pwv,1015.54 um_pwv,35.0,1.974 K,1.96059
20260210,111836.242228,111836.242228,0.0,833.987 um_pwv,1018.11 um_pwv,35.0,2.008 K,1.96557
20260210,111837.199622,111837.199622,0.0,834.028 um_pwv,1018.16 um_pwv,35.0,2.019 K,1.96567
20260210,111838.158906,111838.158906,0.0,836.977 um_pwv,1021.76 um_pwv,35.0,2.021 K,1.97264
20260210,111839.119100,111839.119100,0.0,842.73 um_pwv,1028.78 um_pwv,35.0,2.184 K,1.98623
20260210,111840.076721,111840.076721,0.0,846.901 um_pwv,1033.87 um_pwv,35.0,2.285 K,1.99609
20260210,111841.038267,111841.038267,0.0,848.793 um_pwv,1036.19 um_pwv,35.0,2.331 K,2.00056
20260210,111842.002654,111842.002654,0.0,848.656 um_pwv,1036.02 um_pwv,35.0,2.462 K,2.00024
20260210,111842.959595,111842.959595,0.0,849.569 um_pwv,1037.13 um_pwv,35.0,2.409 K,2.00240
20260210,111843.917523,111843.917523,0.0,843.935 um_pwv,1030.25 um_pwv,35.0,2.357 K,1.98908
20260210,111844.881703,111844.881703,0.0,842.689 um_pwv,1028.73 um_pwv,35.0,2.204 K,1.98614
20260210,111845.842225,111845.842225,0.0,838.88 um_pwv,1024.08 um_pwv,35.0,2.133 K,1.97713
20260210,111846.800138,111846.800138,0.0,837.059 um_pwv,1021.86 um_pwv,35.0,2.056 K,1.97283
20260210,111847.757432,111847.757432,0.0,833.925 um_pwv,1018.03 um_pwv,35.0,2.081 K,1.96543
20260210,111848.720770,111848.720770,0.0,832.888 um_pwv,1016.77 um_pwv,35.0,2.055 K,1.96297
20260210,111849.676814,111849.676814,0.0,831.192 um_pwv,1014.7 um_pwv,35.0,1.959 K,1.95897
20260210,111850.642899,111850.642899,0.0,831.365 um_pwv,1014.91 um_pwv,35.0,1.997 K,1.95938
20260210,111851.597952,111851.597952,0.0,831.306 um_pwv,1014.84 um_pwv,35.0,2.095 K,1.95924
20260210,111852.558757,111852.558757,0.0,829.83 um_pwv,1013.04 um_pwv,35.0,2.122 K,1.95575
20260210,111853.519981,111853.519981,0.0,831.655 um_pwv,1015.26 um_pwv,35.0,2.213 K,1.96006
20260210,111854.481521,111854.481521,0.0,833.402 um_pwv,1017.4 um_pwv,35.0,2.259 K,1.96419
20260210,111855.439552,111855.439552,0.0,835.223 um_pwv,1019.62 um_pwv,35.0,2.374 K,1.96849
20260210,111856.403349,111856.403349,0.0,836.006 um_pwv,1020.58 um_pwv,35.0,2.409 K,1.97035
20260210,111857.362142,111857.362142,0.0,835.223 um_pwv,1019.62 um_pwv,35.0,2.44 K,1.96849
20260210,111858.322551,111858.322551,0.0,836.142 um_pwv,1020.74 um_pwv,35.0,2.448 K,1.97066
20260210,111859.279702,111859.279702,0.0,836.284 um_pwv,1020.91 um_pwv,35.0,2.231 K,1.97100
20260210,111900.241315,111900.241315,0.0,835.974 um_pwv,1020.54 um_pwv,35.0,2.245 K,1.97027
20260210,111901.201113,111901.201113,0.0,835.367 um_pwv,1019.79 um_pwv,35.0,2.174 K,1.96883
20260210,111902.158210,111902.158210,0.0,831.758 um_pwv,1015.39 um_pwv,35.0,2.099 K,1.96030
20260210,111903.122254,111903.122254,0.0,833.69 um_pwv,1017.75 um_pwv,35.0,1.886 K,1.96487
20260210,111904.081468,111904.081468,0.0,831.808 um_pwv,1015.45 um_pwv,35.0,1.896 K,1.96042
20260210,111905.040744,111905.040744,0.0,831.942 um_pwv,1015.61 um_pwv,35.0,1.833 K,1.96074
20260210,111906.002091,111906.002091,0.0,833.299 um_pwv,1017.27 um_pwv,35.0,1.889 K,1.96395
20260210,111906.957708,111906.957708,0.0,837.059 um_pwv,1021.86 um_pwv,35.0,2.094 K,1.97283
20260210,111907.919122,111907.919122,0.0,840.662 um_pwv,1026.26 um_pwv,35.0,2.112 K,1.98135
20260210,111908.882613,111908.882613,0.0,844.468 um_pwv,1030.9 um_pwv,35.0,2.196 K,1.99034
20260210,111909.843105,111909.843105,0.0,846.065 um_pwv,1032.85 um_pwv,35.0,2.194 K,1.99411
20260210,111910.802621,111910.802621,0.0,846.994 um_pwv,1033.99 um_pwv,35.0,2.383 K,1.99631
20260210,111911.762205,111911.762205,0.0,847.003 um_pwv,1034 um_pwv,35.0,2.232 K,1.99633
20260210,111912.722446,111912.722446,0.0,848.207 um_pwv,1035.47 um_pwv,35.0,2.395 K,1.99918
20260210,111913.681561,111913.681561,0.0,844.301 um_pwv,1030.7 um_pwv,35.0,2.327 K,1.98995
20260210,111914.638386,111914.638386,0.0,843.968 um_pwv,1030.29 um_pwv,35.0,2.316 K,1.98916
20260210,111915.597376,111915.597376,0.0,839.087 um_pwv,1024.34 um_pwv,35.0,2.115 K,1.97762
20260210,111916.558401,111916.558401,0.0,837.431 um_pwv,1022.32 um_pwv,35.0,2.068 K,1.97371
20260210,111917.520742,111917.520742,0.0,833.728 um_pwv,1017.79 um_pwv,35.0,2.1 K,1.96496
20260210,111918.480071,111918.480071,0.0,831.963 um_pwv,1015.64 um_pwv,35.0,2.003 K,1.96079
20260210,111919.441436,111919.441436,0.0,830.834 um_pwv,1014.26 um_pwv,35.0,1.902 K,1.95812
20260210,111920.401985,111920.401985,0.0,830.258 um_pwv,1013.56 um_pwv,35.0,1.987 K,1.95676
20260210,111921.361729,111921.361729,0.0,829.766 um_pwv,1012.96 um_pwv,35.0,2.042 K,1.95560
20260210,111922.321110,111922.321110,0.0,828.714 um_pwv,1011.67 um_pwv,35.0,2.142 K,1.95311
20260210,111923.282703,111923.282703,0.0,832.99 um_pwv,1016.89 um_pwv,35.0,2.207 K,1.96322
20260210,111924.238941,111924.238941,0.0,833.328 um_pwv,1017.31 um_pwv,35.0,2.318 K,1.96402
20260210,111925.200230,111925.200230,0.0,835.046 um_pwv,1019.4 um_pwv,35.0,2.415 K,1.96808
20260210,111926.161977,111926.161977,0.0,836.048 um_pwv,1020.63 um_pwv,35.0,2.564 K,1.97044
20260210,111927.119926,111927.119926,0.0,835.42 um_pwv,1019.86 um_pwv,35.0,2.437 K,1.96896
20260210,111928.078755,111928.078755,0.0,836.419 um_pwv,1021.08 um_pwv,35.0,2.435 K,1.97132
20260210,111929.041791,111929.041791,0.0,835.017 um_pwv,1019.37 um_pwv,35.0,2.231 K,1.96801
20260210,111930.002578,111930.002578,0.0,834.625 um_pwv,1018.89 um_pwv,35.0,2.22 K,1.96708
20260210,111930.958723,111930.958723,0.0,833.955 um_pwv,1018.07 um_pwv,35.0,2.193 K,1.96550
20260210,111931.922874,111931.922874,0.0,832.65 um_pwv,1016.48 um_pwv,35.0,2.041 K,1.96241
20260210,111932.879271,111932.879271,0.0,833.575 um_pwv,1017.61 um_pwv,35.0,2.098 K,1.96460
20260210,111933.839534,111933.839534,0.0,833.596 um_pwv,1017.63 um_pwv,35.0,2.11 K,1.96465
20260210,111934.799082,111934.799082,0.0,833.42 um_pwv,1017.42 um_pwv,35.0,1.915 K,1.96423
20260210,111935.758159,111935.758159,0.0,835.924 um_pwv,1020.47 um_pwv,35.0,1.946 K,1.97015
20260210,111936.718506,111936.718506,0.0,837.278 um_pwv,1022.13 um_pwv,35.0,2.037 K,1.97335
20260210,111937.682836,111937.682836,0.0,840.994 um_pwv,1026.66 um_pwv,35.0,2.173 K,1.98213
20260210,111938.642685,111938.642685,0.0,846.283 um_pwv,1033.12 um_pwv,35.0,2.271 K,1.99463
20260210,111939.598061,111939.598061,0.0,846.671 um_pwv,1033.59 um_pwv,35.0,2.261 K,1.99555
20260210,111940.559917,111940.559917,0.0,847.986 um_pwv,1035.2 um_pwv,35.0,2.376 K,1.99865
20260210,111941.521584,111941.521584,0.0,848.835 um_pwv,1036.24 um_pwv,35.0,2.419 K,2.00066
20260210,111942.479011,111942.479011,0.0,846.931 um_pwv,1033.91 um_pwv,35.0,2.28 K,1.99616
20260210,111943.442746,111943.442746,0.0,845.907 um_pwv,1032.66 um_pwv,35.0,2.325 K,1.99374
20260210,111944.403826,111944.403826,0.0,842.365 um_pwv,1028.34 um_pwv,35.0,2.259 K,1.98537
20260210,111945.357630,111945.357630,0.0,841.151 um_pwv,1026.86 um_pwv,35.0,2.176 K,1.98250
20260210,111946.320514,111946.320514,0.0,835.841 um_pwv,1020.37 um_pwv,35.0,2.039 K,1.96996
20260210,111947.277813,111947.277813,0.0,834.522 um_pwv,1018.76 um_pwv,35.0,2.054 K,1.96684
20260210,111948.241458,111948.241458,0.0,832.107 um_pwv,1015.81 um_pwv,35.0,2.046 K,1.96113
20260210,111949.197003,111949.197003,0.0,831.254 um_pwv,1014.77 um_pwv,35.0,1.984 K,1.95911
20260210,111950.164649,111950.164649,0.0,831.181 um_pwv,1014.68 um_pwv,35.0,1.947 K,1.95894
20260210,111951.121580,111951.121580,0.0,829.666 um_pwv,1012.84 um_pwv,35.0,2.039 K,1.95536
20260210,111952.079459,111952.079459,0.0,830.998 um_pwv,1014.46 um_pwv,35.0,2.204 K,1.95851
20260210,111953.043333,111953.043333,0.0,831.714 um_pwv,1015.34 um_pwv,35.0,2.259 K,1.96020
20260210,111954.004018,111954.004018,0.0,833.42 um_pwv,1017.42 um_pwv,35.0,2.412 K,1.96423
20260210,111954.959806,111954.959806,0.0,836.428 um_pwv,1021.09 um_pwv,35.0,2.409 K,1.97134
20260210,111955.920897,111955.920897,0.0,836.348 um_pwv,1020.99 um_pwv,35.0,2.443 K,1.97115
20260210,111956.880731,111956.880731,0.0,835.346 um_pwv,1019.77 um_pwv,35.0,2.396 K,1.96879
20260210,111957.839837,111957.839837,0.0,836.337 um_pwv,1020.98 um_pwv,35.0,2.443 K,1.97113
20260210,111958.802310,111958.802310,0.0,837.771 um_pwv,1022.73 um_pwv,35.0,2.323 K,1.97452
20260210,111959.759550,111959.759550,0.0,836.481 um_pwv,1021.15 um_pwv,35.0,2.232 K,1.97147
20260210,112000.721796,112000.721796,0.0,835.367 um_pwv,1019.79 um_pwv,35.0,2.134 K,1.96883
20260210,112001.681171,112001.681171,0.0,833.514 um_pwv,1017.53 um_pwv,35.0,2.046 K,1.96445
20260210,112002.641725,112002.641725,0.0,832.99 um_pwv,1016.89 um_pwv,35.0,1.924 K,1.96322
20260210,112003.599396,112003.599396,0.0,832.588 um_pwv,1016.4 um_pwv,35.0,1.906 K,1.96227
20260210,112004.560897,112004.560897,0.0,833.957 um_pwv,1018.07 um_pwv,35.0,1.891 K,1.96550
20260210,112005.518536,112005.518536,0.0,834.44 um_pwv,1018.66 um_pwv,35.0,1.9 K,1.96664
20260210,112006.479624,112006.479624,0.0,838.921 um_pwv,1024.13 um_pwv,35.0,2.05 K,1.97723
20260210,112007.440965,112007.440965,0.0,841.721 um_pwv,1027.55 um_pwv,35.0,2.129 K,1.98385
20260210,112008.400838,112008.400838,0.0,843.438 um_pwv,1029.65 um_pwv,35.0,2.13 K,1.98791
20260210,112009.357841,112009.357841,0.0,846.2 um_pwv,1033.02 um_pwv,35.0,2.274 K,1.99443
20260210,112010.321321,112010.321321,0.0,847.695 um_pwv,1034.84 um_pwv,35.0,2.316 K,1.99797
20260210,112011.278011,112011.278011,0.0,847.842 um_pwv,1035.02 um_pwv,35.0,2.307 K,1.99831
20260210,112012.244124,112012.244124,0.0,848.584 um_pwv,1035.93 um_pwv,35.0,2.26 K,2.00007
20260210,112013.200229,112013.200229,0.0,845.103 um_pwv,1031.68 um_pwv,35.0,2.318 K,1.99184
20260210,112014.162313,112014.162313,0.0,842.968 um_pwv,1029.07 um_pwv,35.0,2.275 K,1.98680
20260210,112015.123718,112015.123718,0.0,839.149 um_pwv,1024.41 um_pwv,35.0,2.217 K,1.97777
20260210,112016.080372,112016.080372,0.0,836.089 um_pwv,1020.68 um_pwv,35.0,2.042 K,1.97054
20260210,112017.039179,112017.039179,0.0,832.116 um_pwv,1015.83 um_pwv,35.0,2.067 K,1.96115
20260210,112017.999818,112017.999818,0.0,831.315 um_pwv,1014.85 um_pwv,35.0,1.954 K,1.95926
20260210,112018.960328,112018.960328,0.0,830.29 um_pwv,1013.6 um_pwv,35.0,1.975 K,1.95684
20260210,112019.922305,112019.922305,0.0,830.217 um_pwv,1013.51 um_pwv,35.0,2.008 K,1.95666
20260210,112020.881942,112020.881942,0.0,829.359 um_pwv,1012.46 um_pwv,35.0,2.076 K,1.95464
20260210,112021.841955,112021.841955,0.0,831.406 um_pwv,1014.96 um_pwv,35.0,2.23 K,1.95947
20260210,112022.801967,112022.801967,0.0,833.287 um_pwv,1017.26 um_pwv,35.0,2.298 K,1.96392
20260210,112023.762266,112023.762266,0.0,833.299 um_pwv,1017.27 um_pwv,35.0,2.314 K,1.96395
20260210,112024.723978,112024.723978,0.0,836.172 um_pwv,1020.78 um_pwv,35.0,2.4 K,1.97074
20260210,112025.684173,112025.684173,0.0,838.486 um_pwv,1023.6 um_pwv,35.0,2.505 K,1.97621
20260210,112026.642103,112026.642103,0.0,838.114 um_pwv,1023.15 um_pwv,35.0,2.399 K,1.97533
20260210,112027.602393,112027.602393,0.0,835.791 um_pwv,1020.31 um_pwv,35.0,2.35 K,1.96984
20260210,112028.562277,112028.562277,0.0,837.585 um_pwv,1022.5 um_pwv,35.0,2.373 K,1.97408
20260210,112029.519321,112029.519321,0.0,836.44 um_pwv,1021.1 um_pwv,35.0,2.18 K,1.97137
20260210,112030.479526,112030.479526,0.0,832.794 um_pwv,1016.65 um_pwv,35.0,2.004 K,1.96275
20260210,112031.440237,112031.440237,0.0,832.641 um_pwv,1016.47 um_pwv,35.0,2.028 K,1.96239
20260210,112032.401345,112032.401345,0.0,833.69 um_pwv,1017.75 um_pwv,35.0,1.916 K,1.96487
20260210,112033.364249,112033.364249,0.0,834.543 um_pwv,1018.79 um_pwv,35.0,1.995 K,1.96689
20260210,112034.320989,112034.320989,0.0,834.007 um_pwv,1018.14 um_pwv,35.0,1.938 K,1.96562
20260210,112035.284257,112035.284257,0.0,836.337 um_pwv,1020.98 um_pwv,35.0,1.954 K,1.97113
20260210,112036.239982,112036.239982,0.0,839.782 um_pwv,1025.18 um_pwv,35.0,1.982 K,1.97927
20260210,112037.203931,112037.203931,0.0,843.426 um_pwv,1029.63 um_pwv,35.0,2.138 K,1.98788
20260210,112038.161252,112038.161252,0.0,844.364 um_pwv,1030.78 um_pwv,35.0,2.14 K,1.99009
20260210,112039.124096,112039.124096,0.0,847.651 um_pwv,1034.79 um_pwv,35.0,2.295 K,1.99786
20260210,112040.081605,112040.081605,0.0,848.458 um_pwv,1035.78 um_pwv,35.0,2.439 K,1.99977
20260210,112041.042545,112041.042545,0.0,849.264 um_pwv,1036.76 um_pwv,35.0,2.359 K,2.00167
20260210,112041.997614,112041.997614,0.0,846.376 um_pwv,1033.23 um_pwv,35.0,2.286 K,1.99485
20260210,112042.958390,112042.958390,0.0,844.31 um_pwv,1030.71 um_pwv,35.0,2.277 K,1.98997
20260210,112043.924056,112043.924056,0.0,841.846 um_pwv,1027.7 um_pwv,35.0,2.247 K,1.98414
20260210,112044.882185,112044.882185,0.0,840.392 um_pwv,1025.93 um_pwv,35.0,2.191 K,1.98071
20260210,112045.844264,112045.844264,0.0,834.966 um_pwv,1019.31 um_pwv,35.0,2.026 K,1.96789
20260210,112046.801391,112046.801391,0.0,834.266 um_pwv,1018.45 um_pwv,35.0,1.983 K,1.96623
20260210,112047.764700,112047.764700,0.0,831.438 um_pwv,1015 um_pwv,35.0,2.087 K,1.95955
20260210,112048.722548,112048.722548,0.0,829.102 um_pwv,1012.15 um_pwv,35.0,1.989 K,1.95403
20260210,112049.680207,112049.680207,0.0,828.807 um_pwv,1011.79 um_pwv,35.0,2.022 K,1.95333
20260210,112050.642571,112050.642571,0.0,828.775 um_pwv,1011.75 um_pwv,35.0,2.085 K,1.95326
20260210,112051.600138,112051.600138,0.0,830.896 um_pwv,1014.34 um_pwv,35.0,2.177 K,1.95827
20260210,112052.564153,112052.564153,0.0,832.209 um_pwv,1015.94 um_pwv,35.0,2.212 K,1.96137
20260210,112053.521734,112053.521734,0.0,835.191 um_pwv,1019.58 um_pwv,35.0,2.293 K,1.96842
20260210,112054.481961,112054.481961,0.0,834.213 um_pwv,1018.39 um_pwv,35.0,2.386 K,1.96611
20260210,112055.440050,112055.440050,0.0,837.08 um_pwv,1021.89 um_pwv,35.0,2.406 K,1.97288
20260210,112056.400350,112056.400350,0.0,836.885 um_pwv,1021.65 um_pwv,35.0,2.409 K,1.97242
20260210,112057.360285,112057.360285,0.0,835.894 um_pwv,1020.44 um_pwv,35.0,2.352 K,1.97008
20260210,112058.323329,112058.323329,0.0,835.585 um_pwv,1020.06 um_pwv,35.0,2.24 K,1.96935
20260210,112059.282865,112059.282865,0.0,835.131 um_pwv,1019.51 um_pwv,35.0,2.227 K,1.96828
20260210,112100.240279,112100.240279,0.0,834.213 um_pwv,1018.39 um_pwv,35.0,2.037 K,1.96611
20260210,112101.201341,112101.201341,0.0,833.349 um_pwv,1017.33 um_pwv,35.0,2.036 K,1.96406
20260210,112102.162343,112102.162343,0.0,835.026 um_pwv,1019.38 um_pwv,35.0,1.964 K,1.96803
20260210,112103.119982,112103.119982,0.0,832.412 um_pwv,1016.19 um_pwv,35.0,1.841 K,1.96185
20260210,112104.078485,112104.078485,0.0,833.998 um_pwv,1018.12 um_pwv,35.0,1.855 K,1.96560
20260210,112105.044144,112105.044144,0.0,837.399 um_pwv,1022.28 um_pwv,35.0,2.032 K,1.97364
20260210,112106.000126,112106.000126,0.0,840.226 um_pwv,1025.73 um_pwv,35.0,2.04 K,1.98032
20260210,112106.964320,112106.964320,0.0,843.29 um_pwv,1029.47 um_pwv,35.0,2.118 K,1.98756
20260210,112107.921301,112107.921301,0.0,845.531 um_pwv,1032.2 um_pwv,35.0,2.275 K,1.99285
20260210,112108.883227,112108.883227,0.0,845.791 um_pwv,1032.52 um_pwv,35.0,2.187 K,1.99347
20260210,112109.840558,112109.840558,0.0,848.521 um_pwv,1035.85 um_pwv,35.0,2.231 K,1.99992
20260210,112110.799052,112110.799052,0.0,848.06 um_pwv,1035.29 um_pwv,35.0,2.331 K,1.99883
20260210,112111.759607,112111.759607,0.0,846.952 um_pwv,1033.94 um_pwv,35.0,2.283 K,1.99621
20260210,112112.719895,112112.719895,0.0,845.731 um_pwv,1032.45 um_pwv,35.0,2.182 K,1.99333
20260210,112113.682947,112113.682947,0.0,840.051 um_pwv,1025.51 um_pwv,35.0,2.072 K,1.97990
20260210,112114.640692,112114.640692,0.0,834.966 um_pwv,1019.31 um_pwv,35.0,2.058 K,1.96789
20260210,112115.601580,112115.601580,0.0,835.924 um_pwv,1020.47 um_pwv,35.0,1.975 K,1.97015
20260210,112116.560357,112116.560357,0.0,831.5 um_pwv,1015.07 um_pwv,35.0,1.921 K,1.95970
20260210,112117.523315,112117.523315,0.0,830.597 um_pwv,1013.97 um_pwv,35.0,1.974 K,1.95756
20260210,112118.484290,112118.484290,0.0,826.875 um_pwv,1009.43 um_pwv,35.0,1.91 K,1.94877
20260210,112119.443632,112119.443632,0.0,826.079 um_pwv,1008.46 um_pwv,35.0,1.982 K,1.94689
20260210,112120.400770,112120.400770,0.0,829.234 um_pwv,1012.31 um_pwv,35.0,2.085 K,1.95434
20260210,112121.358983,112121.358983,0.0,830.278 um_pwv,1013.58 um_pwv,35.0,2.124 K,1.95681
20260210,112122.323418,112122.323418,0.0,831.151 um_pwv,1014.65 um_pwv,35.0,2.229 K,1.95887
20260210,112123.280641,112123.280641,0.0,832.26 um_pwv,1016 um_pwv,35.0,2.322 K,1.96149
20260210,112124.241744,112124.241744,0.0,836.782 um_pwv,1021.52 um_pwv,35.0,2.405 K,1.97218
20260210,112125.202360,112125.202360,0.0,836.926 um_pwv,1021.7 um_pwv,35.0,2.336 K,1.97252
20260210,112126.165140,112126.165140,0.0,836.522 um_pwv,1021.21 um_pwv,35.0,2.357 K,1.97156
20260210,112127.120045,112127.120045,0.0,835.017 um_pwv,1019.37 um_pwv,35.0,2.351 K,1.96801
20260210,112128.084374,112128.084374,0.0,836.47 um_pwv,1021.14 um_pwv,35.0,2.223 K,1.97144
20260210,112129.040339,112129.040339,0.0,834.44 um_pwv,1018.66 um_pwv,35.0,2.118 K,1.96664
20260210,112130.003101,112130.003101,0.0,833.114 um_pwv,1017.04 um_pwv,35.0,2.042 K,1.96351
20260210,112130.963622,112130.963622,0.0,833.596 um_pwv,1017.63 um_pwv,35.0,1.949 K,1.96465
20260210,112131.924134,112131.924134,0.0,833.719 um_pwv,1017.78 um_pwv,35.0,1.96 K,1.96494
20260210,112132.882067,112132.882067,0.0,834.946 um_pwv,1019.28 um_pwv,35.0,1.98 K,1.96784
20260210,112133.842972,112133.842972,0.0,834.225 um_pwv,1018.4 um_pwv,35.0,1.91 K,1.96613
20260210,112134.804173,112134.804173,0.0,839.43 um_pwv,1024.75 um_pwv,35.0,1.964 K,1.97843
20260210,112135.760565,112135.760565,0.0,840.558 um_pwv,1026.13 um_pwv,35.0,2.006 K,1.98110
20260210,112136.724523,112136.724523,0.0,845.719 um_pwv,1032.43 um_pwv,35.0,2.202 K,1.99330
20260210,112137.680776,112137.680776,0.0,848.177 um_pwv,1035.43 um_pwv,35.0,2.313 K,1.99911
20260210,112138.644055,112138.644055,0.0,849.077 um_pwv,1036.53 um_pwv,35.0,2.303 K,2.00123
20260210,112139.605445,112139.605445,0.0,850.357 um_pwv,1038.09 um_pwv,35.0,2.388 K,2.00426
20260210,112140.562496,112140.562496,0.0,850.555 um_pwv,1038.34 um_pwv,35.0,2.39 K,2.00473
20260210,112141.522129,112141.522129,0.0,848.165 um_pwv,1035.42 um_pwv,35.0,2.231 K,1.99908
20260210,112142.482897,112142.482897,0.0,845.105 um_pwv,1031.68 um_pwv,35.0,2.228 K,1.99185
20260210,112143.444468,112143.444468,0.0,839.812 um_pwv,1025.22 um_pwv,35.0,2.169 K,1.97934
20260210,112144.403569,112144.403569,0.0,837.918 um_pwv,1022.91 um_pwv,35.0,1.984 K,1.97486
20260210,112145.364507,112145.364507,0.0,834.749 um_pwv,1019.04 um_pwv,35.0,2.078 K,1.96737
20260210,112146.321891,112146.321891,0.0,831.603 um_pwv,1015.2 um_pwv,35.0,1.816 K,1.95994
20260210,112147.282175,112147.282175,0.0,830.987 um_pwv,1014.45 um_pwv,35.0,2.009 K,1.95848
20260210,112148.239346,112148.239346,0.0,827.875 um_pwv,1010.65 um_pwv,35.0,1.976 K,1.95113
20260210,112149.203815,112149.203815,0.0,827.946 um_pwv,1010.73 um_pwv,35.0,2.058 K,1.95130
20260210,112150.163278,112150.163278,0.0,829.152 um_pwv,1012.21 um_pwv,35.0,2.1 K,1.95415
20260210,112151.121736,112151.121736,0.0,829.983 um_pwv,1013.22 um_pwv,35.0,2.232 K,1.95611
20260210,112152.084167,112152.084167,0.0,834.348 um_pwv,1018.55 um_pwv,35.0,2.448 K,1.96643
20260210,112153.040714,112153.040714,0.0,835.759 um_pwv,1020.27 um_pwv,35.0,2.438 K,1.96976
20260210,112154.003544,112154.003544,0.0,837.535 um_pwv,1022.44 um_pwv,35.0,2.375 K,1.97396
20260210,112154.965470,112154.965470,0.0,837.225 um_pwv,1022.06 um_pwv,35.0,2.366 K,1.97322
20260210,112155.920877,112155.920877,0.0,836.596 um_pwv,1021.3 um_pwv,35.0,2.438 K,1.97174
20260210,112156.880670,112156.880670,0.0,836.059 um_pwv,1020.64 um_pwv,35.0,2.32 K,1.97047
20260210,112157.841952,112157.841952,0.0,835.511 um_pwv,1019.97 um_pwv,35.0,2.174 K,1.96918
20260210,112158.804224,112158.804224,0.0,834.357 um_pwv,1018.56 um_pwv,35.0,2.148 K,1.96645
20260210,112159.759768,112159.759768,0.0,834.119 um_pwv,1018.27 um_pwv,35.0,1.985 K,1.96589
20260210,112200.725073,112200.725073,0.0,833.143 um_pwv,1017.08 um_pwv,35.0,1.876 K,1.96358
20260210,112201.682348,112201.682348,0.0,834.337 um_pwv,1018.54 um_pwv,35.0,1.875 K,1.96640
20260210,112202.642552,112202.642552,0.0,834.378 um_pwv,1018.59 um_pwv,35.0,1.873 K,1.96650
20260210,112203.605030,112203.605030,0.0,835.624 um_pwv,1020.11 um_pwv,35.0,1.944 K,1.96944
20260210,112204.561117,112204.561117,0.0,838.445 um_pwv,1023.55 um_pwv,35.0,1.837 K,1.97611
20260210,112205.521282,112205.521282,0.0,841.377 um_pwv,1027.13 um_pwv,35.0,2.029 K,1.98304
20260210,112206.482700,112206.482700,0.0,844.822 um_pwv,1031.34 um_pwv,35.0,2.12 K,1.99118
20260210,112207.441452,112207.441452,0.0,847.182 um_pwv,1034.22 um_pwv,35.0,2.215 K,1.99675
20260210,112208.403289,112208.403289,0.0,849.087 um_pwv,1036.54 um_pwv,35.0,2.325 K,2.00126
20260210,112209.361294,112209.361294,0.0,850.282 um_pwv,1038 um_pwv,35.0,2.516 K,2.00408
20260210,112210.324095,112210.324095,0.0,850.544 um_pwv,1038.32 um_pwv,35.0,2.316 K,2.00470
20260210,112211.286509,112211.286509,0.0,847.549 um_pwv,1034.67 um_pwv,35.0,2.42 K,1.99762
20260210,112212.242110,112212.242110,0.0,844.855 um_pwv,1031.38 um_pwv,35.0,2.29 K,1.99125
20260210,112213.205426,112213.205426,0.0,839.158 um_pwv,1024.42 um_pwv,35.0,2.199 K,1.97779
20260210,112214.165446,112214.165446,0.0,836.502 um_pwv,1021.18 um_pwv,35.0,2.061 K,1.97152
20260210,112215.125288,112215.125288,0.0,834.843 um_pwv,1019.15 um_pwv,35.0,1.982 K,1.96759
20260210,112216.081413,112216.081413,0.0,832.321 um_pwv,1016.08 um_pwv,35.0,1.907 K,1.96164
20260210,112217.043494,112217.043494,0.0,829.573 um_pwv,1012.72 um_pwv,35.0,1.918 K,1.95514
20260210,112218.002405,112218.002405,0.0,828.182 um_pwv,1011.02 um_pwv,35.0,2.021 K,1.95185
20260210,112218.963706,112218.963706,0.0,827.723 um_pwv,1010.46 um_pwv,35.0,2.039 K,1.95077
20260210,112219.925929,112219.925929,0.0,827.283 um_pwv,1009.93 um_pwv,35.0,2.041 K,1.94973
20260210,112220.886022,112220.886022,0.0,828.939 um_pwv,1011.95 um_pwv,35.0,2.114 K,1.95364
20260210,112221.842029,112221.842029,0.0,831.45 um_pwv,1015.01 um_pwv,35.0,2.304 K,1.95958
20260210,112222.801507,112222.801507,0.0,833.082 um_pwv,1017 um_pwv,35.0,2.304 K,1.96343
20260210,112223.761067,112223.761067,0.0,835.379 um_pwv,1019.81 um_pwv,35.0,2.324 K,1.96886
20260210,112224.722527,112224.722527,0.0,836.812 um_pwv,1021.56 um_pwv,35.0,2.326 K,1.97225
20260210,112225.685143,112225.685143,0.0,835.12 um_pwv,1019.49 um_pwv,35.0,2.348 K,1.96825
20260210,112226.640904,112226.640904,0.0,834.399 um_pwv,1018.61 um_pwv,35.0,2.312 K,1.96655
20260210,112227.600993,112227.600993,0.0,836.254 um_pwv,1020.88 um_pwv,35.0,2.253 K,1.97093
20260210,112228.561964,112228.561964,0.0,834.616 um_pwv,1018.88 um_pwv,35.0,2.059 K,1.96706
20260210,112229.524940,112229.524940,0.0,834.996 um_pwv,1019.34 um_pwv,35.0,2.047 K,1.96796
20260210,112230.480757,112230.480757,0.0,831.233 um_pwv,1014.75 um_pwv,35.0,1.838 K,1.95906
20260210,112231.444456,112231.444456,0.0,834.49 um_pwv,1018.72 um_pwv,35.0,1.837 K,1.96676
20260210,112232.401672,112232.401672,0.0,834.955 um_pwv,1019.29 um_pwv,35.0,1.905 K,1.96786
20260210,112233.366184,112233.366184,0.0,836.41 um_pwv,1021.07 um_pwv,35.0,2.007 K,1.97130
20260210,112234.321456,112234.321456,0.0,840.072 um_pwv,1025.54 um_pwv,35.0,2.111 K,1.97995
20260210,112235.285580,112235.285580,0.0,843.343 um_pwv,1029.53 um_pwv,35.0,2.067 K,1.98768
20260210,112236.241749,112236.241749,0.0,845.323 um_pwv,1031.95 um_pwv,35.0,2.131 K,1.99236
20260210,112237.201405,112237.201405,0.0,847.475 um_pwv,1034.58 um_pwv,35.0,2.296 K,1.99745
20260210,112238.163058,112238.163058,0.0,849.401 um_pwv,1036.93 um_pwv,35.0,2.465 K,2.00200
20260210,112239.125926,112239.125926,0.0,851.615 um_pwv,1039.63 um_pwv,35.0,2.433 K,2.00723
20260210,112240.082287,112240.082287,0.0,852.468 um_pwv,1040.67 um_pwv,35.0,2.385 K,2.00925
20260210,112241.042377,112241.042377,0.0,847.672 um_pwv,1034.82 um_pwv,35.0,2.359 K,1.99791
20260210,112242.003118,112242.003118,0.0,844.102 um_pwv,1030.46 um_pwv,35.0,2.373 K,1.98948
20260210,112242.964261,112242.964261,0.0,838.652 um_pwv,1023.8 um_pwv,35.0,2.197 K,1.97660
20260210,112243.923902,112243.923902,0.0,836.646 um_pwv,1021.36 um_pwv,35.0,2.148 K,1.97186
20260210,112244.881888,112244.881888,0.0,834.007 um_pwv,1018.14 um_pwv,35.0,2.003 K,1.96562
20260210,112245.841968,112245.841968,0.0,831.787 um_pwv,1015.42 um_pwv,35.0,1.924 K,1.96037
20260210,112246.804635,112246.804635,0.0,830.527 um_pwv,1013.89 um_pwv,35.0,2.005 K,1.95740
20260210,112247.765641,112247.765641,0.0,828.509 um_pwv,1011.42 um_pwv,35.0,1.953 K,1.95263
20260210,112248.721125,112248.721125,0.0,827.957 um_pwv,1010.75 um_pwv,35.0,2.06 K,1.95132
20260210,112249.681765,112249.681765,0.0,828.071 um_pwv,1010.89 um_pwv,35.0,2.174 K,1.95159
20260210,112250.641642,112250.641642,0.0,830.392 um_pwv,1013.72 um_pwv,35.0,2.285 K,1.95708
20260210,112251.603840,112251.603840,0.0,832.351 um_pwv,1016.11 um_pwv,35.0,2.271 K,1.96171
20260210,112252.561500,112252.561500,0.0,835.883 um_pwv,1020.42 um_pwv,35.0,2.454 K,1.97005
20260210,112253.524556,112253.524556,0.0,837.39 um_pwv,1022.26 um_pwv,35.0,2.425 K,1.97361
20260210,112254.484926,112254.484926,0.0,837.131 um_pwv,1021.95 um_pwv,35.0,2.396 K,1.97300
20260210,112255.442491,112255.442491,0.0,837.833 um_pwv,1022.81 um_pwv,35.0,2.55 K,1.97466
20260210,112256.401732,112256.401732,0.0,836.018 um_pwv,1020.59 um_pwv,35.0,2.346 K,1.97037
20260210,112257.362207,112257.362207,0.0,836.802 um_pwv,1021.55 um_pwv,35.0,2.279 K,1.97223
20260210,112258.320575,112258.320575,0.0,836.08 um_pwv,1020.67 um_pwv,35.0,2.167 K,1.97052
20260210,112259.285743,112259.285743,0.0,835.017 um_pwv,1019.37 um_pwv,35.0,1.959 K,1.96801
20260210,112300.247134,112300.247134,0.0,834.213 um_pwv,1018.39 um_pwv,35.0,1.917 K,1.96611
20260210,112301.201775,112301.201775,0.0,833.781 um_pwv,1017.86 um_pwv,35.0,1.923 K,1.96509
20260210,112302.165474,112302.165474,0.0,836.729 um_pwv,1021.46 um_pwv,35.0,2.002 K,1.97205
20260210,112303.125359,112303.125359,0.0,837.163 um_pwv,1021.99 um_pwv,35.0,1.956 K,1.97308
20260210,112304.082725,112304.082725,0.0,841.442 um_pwv,1027.21 um_pwv,35.0,2.05 K,1.98319
20260210,112305.046050,112305.046050,0.0,843.572 um_pwv,1029.81 um_pwv,35.0,2.116 K,1.98822
20260210,112306.006444,112306.006444,0.0,846.388 um_pwv,1033.25 um_pwv,35.0,2.144 K,1.99488
20260210,112306.964371,112306.964371,0.0,849.087 um_pwv,1036.54 um_pwv,35.0,2.279 K,2.00126
20260210,112307.924840,112307.924840,0.0,848.635 um_pwv,1035.99 um_pwv,35.0,2.359 K,2.00019
20260210,112308.885722,112308.885722,0.0,849.821 um_pwv,1037.44 um_pwv,35.0,2.413 K,2.00299
20260210,112309.846163,112309.846163,0.0,848.521 um_pwv,1035.85 um_pwv,35.0,2.241 K,1.99992
20260210,112310.809439,112310.809439,0.0,846.483 um_pwv,1033.36 um_pwv,35.0,2.297 K,1.99510
20260210,112311.764865,112311.764865,0.0,843.364 um_pwv,1029.56 um_pwv,35.0,2.123 K,1.98773
20260210,112312.725334,112312.725334,0.0,839.294 um_pwv,1024.59 um_pwv,35.0,2.207 K,1.97811
20260210,112313.683984,112313.683984,0.0,835.553 um_pwv,1020.02 um_pwv,35.0,2.058 K,1.96927
20260210,112314.645519,112314.645519,0.0,832.435 um_pwv,1016.22 um_pwv,35.0,1.937 K,1.96191
20260210,112315.606083,112315.606083,0.0,829.553 um_pwv,1012.7 um_pwv,35.0,1.866 K,1.95509
20260210,112316.564803,112316.564803,0.0,830.741 um_pwv,1014.15 um_pwv,35.0,1.937 K,1.95790
20260210,112317.525072,112317.525072,0.0,827.038 um_pwv,1009.63 um_pwv,35.0,1.978 K,1.94915
20260210,112318.485858,112318.485858,0.0,827.712 um_pwv,1010.45 um_pwv,35.0,2.057 K,1.95074
20260210,112319.443990,112319.443990,0.0,828.173 um_pwv,1011.01 um_pwv,35.0,2.071 K,1.95183
20260210,112320.401688,112320.401688,0.0,830.864 um_pwv,1014.3 um_pwv,35.0,2.141 K,1.95819
20260210,112321.364552,112321.364552,0.0,832.474 um_pwv,1016.26 um_pwv,35.0,2.304 K,1.96200
20260210,112322.325382,112322.325382,0.0,833.484 um_pwv,1017.5 um_pwv,35.0,2.403 K,1.96438
20260210,112323.280596,112323.280596,0.0,836.316 um_pwv,1020.95 um_pwv,35.0,2.398 K,1.97108
20260210,112324.245193,112324.245193,0.0,836.101 um_pwv,1020.69 um_pwv,35.0,2.402 K,1.97057
20260210,112325.206314,112325.206314,0.0,833.04 um_pwv,1016.95 um_pwv,35.0,2.339 K,1.96334
20260210,112326.164004,112326.164004,0.0,835.273 um_pwv,1019.68 um_pwv,35.0,2.291 K,1.96861
20260210,112327.122985,112327.122985,0.0,837.009 um_pwv,1021.8 um_pwv,35.0,2.112 K,1.97271
20260210,112328.085624,112328.085624,0.0,835.17 um_pwv,1019.55 um_pwv,35.0,2.052 K,1.96837
20260210,112329.046625,112329.046625,0.0,837.493 um_pwv,1022.39 um_pwv,35.0,2.007 K,1.97386
20260210,112330.004775,112330.004775,0.0,833.834 um_pwv,1017.92 um_pwv,35.0,1.778 K,1.96521
20260210,112330.966005,112330.966005,0.0,833.884 um_pwv,1017.98 um_pwv,35.0,1.856 K,1.96533
20260210,112331.925266,112331.925266,0.0,835.933 um_pwv,1020.49 um_pwv,35.0,1.837 K,1.97017
20260210,112332.887019,112332.887019,0.0,836.49 um_pwv,1021.17 um_pwv,35.0,1.858 K,1.97149
20260210,112333.846184,112333.846184,0.0,841.793 um_pwv,1027.64 um_pwv,35.0,2.006 K,1.98402
20260210,112334.801750,112334.801750,0.0,845.01 um_pwv,1031.57 um_pwv,35.0,2.159 K,1.99162
20260210,112335.764078,112335.764078,0.0,845.645 um_pwv,1032.34 um_pwv,35.0,2.213 K,1.99312
20260210,112336.722359,112336.722359,0.0,849.233 um_pwv,1036.72 um_pwv,35.0,2.198 K,2.00160
20260210,112337.685333,112337.685333,0.0,850.093 um_pwv,1037.77 um_pwv,35.0,2.274 K,2.00363
20260210,112338.645382,112338.645382,0.0,848.898 um_pwv,1036.31 um_pwv,35.0,2.331 K,2.00081
20260210,112339.606703,112339.606703,0.0,850.303 um_pwv,1038.03 um_pwv,35.0,2.278 K,2.00413
20260210,112340.563443,112340.563443,0.0,847.275 um_pwv,1034.33 um_pwv,35.0,2.166 K,1.99697
20260210,112341.525612,112341.525612,0.0,841.564 um_pwv,1027.36 um_pwv,35.0,2.181 K,1.98348
20260210,112342.482667,112342.482667,0.0,836.832 um_pwv,1021.58 um_pwv,35.0,2.075 K,1.97230
20260210,112343.445138,112343.445138,0.0,835.924 um_pwv,1020.47 um_pwv,35.0,2.066 K,1.97015
20260210,112344.404753,112344.404753,0.0,833.452 um_pwv,1017.46 um_pwv,35.0,1.917 K,1.96431
20260210,112345.363267,112345.363267,0.0,830.147 um_pwv,1013.42 um_pwv,35.0,1.883 K,1.95650
20260210,112346.320865,112346.320865,0.0,829.869 um_pwv,1013.08 um_pwv,35.0,1.921 K,1.95584
20260210,112347.280781,112347.280781,0.0,827.826 um_pwv,1010.59 um_pwv,35.0,1.898 K,1.95101
20260210,112348.240700,112348.240700,0.0,826.1 um_pwv,1008.48 um_pwv,35.0,1.998 K,1.94693
20260210,112349.204515,112349.204515,0.0,829.748 um_pwv,1012.94 um_pwv,35.0,2.173 K,1.95556
20260210,112350.165502,112350.165502,0.0,829.892 um_pwv,1013.11 um_pwv,35.0,2.237 K,1.95589
20260210,112351.120846,112351.120846,0.0,832.125 um_pwv,1015.84 um_pwv,35.0,2.24 K,1.96117
20260210,112352.081343,112352.081343,0.0,834.563 um_pwv,1018.81 um_pwv,35.0,2.38 K,1.96693
20260210,112353.045920,112353.045920,0.0,834.007 um_pwv,1018.14 um_pwv,35.0,2.273 K,1.96562
20260210,112354.006576,112354.006576,0.0,835.479 um_pwv,1019.93 um_pwv,35.0,2.371 K,1.96910
20260210,112354.967775,112354.967775,0.0,835.058 um_pwv,1019.42 um_pwv,35.0,2.435 K,1.96810
20260210,112355.922730,112355.922730,0.0,834.266 um_pwv,1018.45 um_pwv,35.0,2.171 K,1.96623
20260210,112356.887039,112356.887039,0.0,834.019 um_pwv,1018.15 um_pwv,35.0,1.937 K,1.96565
20260210,112357.845010,112357.845010,0.0,835.532 um_pwv,1020 um_pwv,35.0,1.983 K,1.96922
20260210,112358.806361,112358.806361,0.0,834.831 um_pwv,1019.14 um_pwv,35.0,1.901 K,1.96757
20260210,112359.762734,112359.762734,0.0,833.646 um_pwv,1017.69 um_pwv,35.0,1.867 K,1.96477
20260210,112400.726822,112400.726822,0.0,833.884 um_pwv,1017.98 um_pwv,35.0,1.779 K,1.96533
20260210,112401.684013,112401.684013,0.0,836.121 um_pwv,1020.72 um_pwv,35.0,1.889 K,1.97062
20260210,112402.646163,112402.646163,0.0,837.36 um_pwv,1022.23 um_pwv,35.0,1.758 K,1.97354
20260210,112403.605627,112403.605627,0.0,839.729 um_pwv,1025.12 um_pwv,35.0,1.874 K,1.97914
20260210,112404.562650,112404.562650,0.0,844.509 um_pwv,1030.96 um_pwv,35.0,2.128 K,1.99044
20260210,112405.526437,112405.526437,0.0,845.991 um_pwv,1032.76 um_pwv,35.0,2.138 K,1.99394
20260210,112406.485257,112406.485257,0.0,848.102 um_pwv,1035.34 um_pwv,35.0,2.19 K,1.99893
20260210,112407.446256,112407.446256,0.0,848.793 um_pwv,1036.19 um_pwv,35.0,2.244 K,2.00056
20260210,112408.402976,112408.402976,0.0,850.786 um_pwv,1038.62 um_pwv,35.0,2.306 K,2.00527
20260210,112409.366232,112409.366232,0.0,850.366 um_pwv,1038.11 um_pwv,35.0,2.312 K,2.00428
20260210,112410.326253,112410.326253,0.0,845.782 um_pwv,1032.51 um_pwv,35.0,2.291 K,1.99345
20260210,112411.284618,112411.284618,0.0,840.081 um_pwv,1025.55 um_pwv,35.0,2.102 K,1.97997
20260210,112412.246656,112412.246656,0.0,836.224 um_pwv,1020.84 um_pwv,35.0,2.074 K,1.97086
20260210,112413.206613,112413.206613,0.0,834.11 um_pwv,1018.26 um_pwv,35.0,1.959 K,1.96586
20260210,112414.163926,112414.163926,0.0,832.177 um_pwv,1015.9 um_pwv,35.0,1.925 K,1.96130
20260210,112415.126958,112415.126958,0.0,829.655 um_pwv,1012.82 um_pwv,35.0,1.937 K,1.95534
20260210,112416.082949,112416.082949,0.0,829.521 um_pwv,1012.66 um_pwv,35.0,1.928 K,1.95502
20260210,112417.046933,112417.046933,0.0,830.176 um_pwv,1013.46 um_pwv,35.0,2.059 K,1.95657
20260210,112418.004172,112418.004172,0.0,828.714 um_pwv,1011.67 um_pwv,35.0,2.108 K,1.95311
20260210,112418.963278,112418.963278,0.0,829.082 um_pwv,1012.12 um_pwv,35.0,2.141 K,1.95398
20260210,112419.925814,112419.925814,0.0,831.942 um_pwv,1015.61 um_pwv,35.0,2.183 K,1.96074
20260210,112420.883091,112420.883091,0.0,832.394 um_pwv,1016.17 um_pwv,35.0,2.325 K,1.96181
20260210,112421.845890,112421.845890,0.0,834.481 um_pwv,1018.71 um_pwv,35.0,2.334 K,1.96674
20260210,112422.805048,112422.805048,0.0,835.544 um_pwv,1020.01 um_pwv,35.0,2.349 K,1.96925
20260210,112423.762669,112423.762669,0.0,834.028 um_pwv,1018.16 um_pwv,35.0,2.348 K,1.96567
20260210,112424.725837,112424.725837,0.0,834.366 um_pwv,1018.57 um_pwv,35.0,2.272 K,1.96647
20260210,112425.683680,112425.683680,0.0,837.815 um_pwv,1022.78 um_pwv,35.0,2.239 K,1.97462
20260210,112426.644456,112426.644456,0.0,835.211 um_pwv,1019.6 um_pwv,35.0,2.103 K,1.96847
20260210,112427.604504,112427.604504,0.0,836.048 um_pwv,1020.63 um_pwv,35.0,2.014 K,1.97044
20260210,112428.566711,112428.566711,0.0,835.17 um_pwv,1019.55 um_pwv,35.0,1.908 K,1.96837
20260210,112429.527033,112429.527033,0.0,836.564 um_pwv,1021.26 um_pwv,35.0,1.908 K,1.97166
20260210,112430.482954,112430.482954,0.0,833.893 um_pwv,1018 um_pwv,35.0,1.881 K,1.96535
20260210,112431.444054,112431.444054,0.0,837.03 um_pwv,1021.82 um_pwv,35.0,1.934 K,1.97276
20260210,112432.405835,112432.405835,0.0,840.392 um_pwv,1025.93 um_pwv,35.0,1.962 K,1.98071
20260210,112433.366874,112433.366874,0.0,842.636 um_pwv,1028.67 um_pwv,35.0,2.106 K,1.98601
20260210,112434.322070,112434.322070,0.0,843.706 um_pwv,1029.98 um_pwv,35.0,2.08 K,1.98854
20260210,112435.285893,112435.285893,0.0,847.214 um_pwv,1034.26 um_pwv,35.0,2.147 K,1.99683
20260210,112436.246955,112436.246955,0.0,847.821 um_pwv,1035 um_pwv,35.0,2.223 K,1.99826
20260210,112437.202951,112437.202951,0.0,850.261 um_pwv,1037.98 um_pwv,35.0,2.188 K,2.00403
20260210,112438.164128,112438.164128,0.0,851.573 um_pwv,1039.58 um_pwv,35.0,2.308 K,2.00713
20260210,112439.124383,112439.124383,0.0,849.485 um_pwv,1037.03 um_pwv,35.0,2.268 K,2.00220
20260210,112440.085751,112440.085751,0.0,844.76 um_pwv,1031.26 um_pwv,35.0,2.23 K,1.99103
20260210,112441.043074,112441.043074,0.0,839.542 um_pwv,1024.89 um_pwv,35.0,2.171 K,1.97870
20260210,112442.006604,112442.006604,0.0,837.969 um_pwv,1022.97 um_pwv,35.0,2.119 K,1.97498
20260210,112442.963267,112442.963267,0.0,836.348 um_pwv,1020.99 um_pwv,35.0,1.985 K,1.97115
20260210,112443.922932,112443.922932,0.0,832.403 um_pwv,1016.18 um_pwv,35.0,1.966 K,1.96183
20260210,112444.883899,112444.883899,0.0,829.933 um_pwv,1013.16 um_pwv,35.0,1.945 K,1.95599
20260210,112445.844758,112445.844758,0.0,830.331 um_pwv,1013.65 um_pwv,35.0,1.843 K,1.95693
20260210,112446.804640,112446.804640,0.0,826.875 um_pwv,1009.43 um_pwv,35.0,1.923 K,1.94877
20260210,112447.765996,112447.765996,0.0,830.167 um_pwv,1013.45 um_pwv,35.0,2.081 K,1.95655
20260210,112448.726152,112448.726152,0.0,828.775 um_pwv,1011.75 um_pwv,35.0,2.19 K,1.95326
20260210,112449.687714,112449.687714,0.0,830.237 um_pwv,1013.53 um_pwv,35.0,2.206 K,1.95671
20260210,112450.645402,112450.645402,0.0,832.897 um_pwv,1016.78 um_pwv,35.0,2.348 K,1.96300
20260210,112451.606142,112451.606142,0.0,834.481 um_pwv,1018.71 um_pwv,35.0,2.379 K,1.96674
20260210,112452.567921,112452.567921,0.0,835.903 um_pwv,1020.45 um_pwv,35.0,2.454 K,1.97010
20260210,112453.525628,112453.525628,0.0,835.09 um_pwv,1019.46 um_pwv,35.0,2.348 K,1.96818
20260210,112454.487048,112454.487048,0.0,834.39 um_pwv,1018.6 um_pwv,35.0,2.248 K,1.96652
20260210,112455.447237,112455.447237,0.0,835.5 um_pwv,1019.96 um_pwv,35.0,2.227 K,1.96915
20260210,112456.404517,112456.404517,0.0,836.812 um_pwv,1021.56 um_pwv,35.0,2.157 K,1.97225
20260210,112457.364673,112457.364673,0.0,834.737 um_pwv,1019.03 um_pwv,35.0,1.985 K,1.96735
20260210,112458.326084,112458.326084,0.0,836.399 um_pwv,1021.05 um_pwv,35.0,2.03 K,1.97127
20260210,112459.282283,112459.282283,0.0,836.254 um_pwv,1020.88 um_pwv,35.0,1.871 K,1.97093
20260210,112500.243788,112500.243788,0.0,835.511 um_pwv,1019.97 um_pwv,35.0,1.82 K,1.96918
20260210,112501.207226,112501.207226,0.0,835.017 um_pwv,1019.37 um_pwv,35.0,1.689 K,1.96801
20260210,112502.164065,112502.164065,0.0,840.413 um_pwv,1025.95 um_pwv,35.0,2.005 K,1.98076
20260210,112503.127587,112503.127587,0.0,842.187 um_pwv,1028.12 um_pwv,35.0,1.961 K,1.98495
20260210,112504.088430,112504.088430,0.0,844.917 um_pwv,1031.45 um_pwv,35.0,2.151 K,1.99140
20260210,112505.045037,112505.045037,0.0,846.722 um_pwv,1033.66 um_pwv,35.0,2.25 K,1.99567
20260210,112506.005501,112506.005501,0.0,848.731 um_pwv,1036.11 um_pwv,35.0,2.157 K,2.00041
20260210,112506.967159,112506.967159,0.0,851.227 um_pwv,1039.16 um_pwv,35.0,2.231 K,2.00631
20260210,112507.927992,112507.927992,0.0,851.521 um_pwv,1039.52 um_pwv,35.0,2.339 K,2.00701
20260210,112508.887787,112508.887787,0.0,849.317 um_pwv,1036.83 um_pwv,35.0,2.237 K,2.00180
20260210,112509.844685,112509.844685,0.0,847.328 um_pwv,1034.4 um_pwv,35.0,2.333 K,1.99710
20260210,112510.804075,112510.804075,0.0,841.243 um_pwv,1026.97 um_pwv,35.0,2.193 K,1.98272
20260210,112511.766582,112511.766582,0.0,837.142 um_pwv,1021.96 um_pwv,35.0,2.079 K,1.97303
20260210,112512.726410,112512.726410,0.0,835.986 um_pwv,1020.55 um_pwv,35.0,2.031 K,1.97030
20260210,112513.686719,112513.686719,0.0,832.609 um_pwv,1016.43 um_pwv,35.0,2.055 K,1.96232
20260210,112514.647767,112514.647767,0.0,828.786 um_pwv,1011.76 um_pwv,35.0,1.895 K,1.95328
20260210,112515.605976,112515.605976,0.0,829.582 um_pwv,1012.73 um_pwv,35.0,1.887 K,1.95516
20260210,112516.567776,112516.567776,0.0,828.407 um_pwv,1011.3 um_pwv,35.0,2.021 K,1.95239
20260210,112517.524046,112517.524046,0.0,829.675 um_pwv,1012.85 um_pwv,35.0,2.189 K,1.95538
20260210,112518.488387,112518.488387,0.0,830.823 um_pwv,1014.25 um_pwv,35.0,2.145 K,1.95810
20260210,112519.445237,112519.445237,0.0,833.575 um_pwv,1017.61 um_pwv,35.0,2.317 K,1.96460
20260210,112520.406638,112520.406638,0.0,833.175 um_pwv,1017.12 um_pwv,35.0,2.4 K,1.96365
20260210,112521.364457,112521.364457,0.0,834.563 um_pwv,1018.81 um_pwv,35.0,2.439 K,1.96693
20260210,112522.327952,112522.327952,0.0,834.696 um_pwv,1018.98 um_pwv,35.0,2.445 K,1.96725
20260210,112523.287841,112523.287841,0.0,835.182 um_pwv,1019.57 um_pwv,35.0,2.429 K,1.96840
20260210,112524.248260,112524.248260,0.0,835.14 um_pwv,1019.52 um_pwv,35.0,2.391 K,1.96830
20260210,112525.203453,112525.203453,0.0,837.461 um_pwv,1022.35 um_pwv,35.0,2.242 K,1.97378
20260210,112526.164006,112526.164006,0.0,837.112 um_pwv,1021.93 um_pwv,35.0,2.088 K,1.97296
20260210,112527.127625,112527.127625,0.0,836.378 um_pwv,1021.03 um_pwv,35.0,1.984 K,1.97122
20260210,112528.084270,112528.084270,0.0,836.305 um_pwv,1020.94 um_pwv,35.0,1.995 K,1.97105
20260210,112529.044875,112529.044875,0.0,835.285 um_pwv,1019.69 um_pwv,35.0,1.86 K,1.96864
20260210,112530.006951,112530.006951,0.0,835.986 um_pwv,1020.55 um_pwv,35.0,1.858 K,1.97030
20260210,112530.964951,112530.964951,0.0,837.918 um_pwv,1022.91 um_pwv,35.0,1.914 K,1.97486
20260210,112531.926928,112531.926928,0.0,841.056 um_pwv,1026.74 um_pwv,35.0,1.95 K,1.98228
20260210,112532.888167,112532.888167,0.0,842.959 um_pwv,1029.06 um_pwv,35.0,2.022 K,1.98678
20260210,112533.844296,112533.844296,0.0,846.731 um_pwv,1033.67 um_pwv,35.0,2.214 K,1.99569
20260210,112534.808200,112534.808200,0.0,847.684 um_pwv,1034.83 um_pwv,35.0,2.189 K,1.99794
20260210,112535.766035,112535.766035,0.0,850.387 um_pwv,1038.13 um_pwv,35.0,2.304 K,2.00433
20260210,112536.726010,112536.726010,0.0,852.627 um_pwv,1040.86 um_pwv,35.0,2.233 K,2.00962
20260210,112537.687059,112537.687059,0.0,850.756 um_pwv,1038.58 um_pwv,35.0,2.206 K,2.00520
20260210,112538.646464,112538.646464,0.0,848.521 um_pwv,1035.85 um_pwv,35.0,2.162 K,1.99992
20260210,112539.606791,112539.606791,0.0,845.49 um_pwv,1032.15 um_pwv,35.0,2.202 K,1.99276
20260210,112540.568584,112540.568584,0.0,840.662 um_pwv,1026.26 um_pwv,35.0,2.127 K,1.98135
20260210,112541.523996,112541.523996,0.0,836.101 um_pwv,1020.69 um_pwv,35.0,2.05 K,1.97057
20260210,112542.483571,112542.483571,0.0,832.351 um_pwv,1016.11 um_pwv,35.0,1.93 K,1.96171
20260210,112543.446687,112543.446687,0.0,831.776 um_pwv,1015.41 um_pwv,35.0,1.976 K,1.96035
20260210,112544.408191,112544.408191,0.0,830.097 um_pwv,1013.36 um_pwv,35.0,1.939 K,1.95638
20260210,112545.365505,112545.365505,0.0,829.675 um_pwv,1012.85 um_pwv,35.0,2.009 K,1.95538
20260210,112546.326727,112546.326727,0.0,829.225 um_pwv,1012.3 um_pwv,35.0,2.033 K,1.95432
20260210,112547.284260,112547.284260,0.0,828.55 um_pwv,1011.47 um_pwv,35.0,2.096 K,1.95272
20260210,112548.246271,112548.246271,0.0,831.52 um_pwv,1015.1 um_pwv,35.0,2.126 K,1.95974
20260210,112549.207327,112549.207327,0.0,833.278 um_pwv,1017.24 um_pwv,35.0,2.288 K,1.96390
20260210,112550.165386,112550.165386,0.0,833.946 um_pwv,1018.06 um_pwv,35.0,2.269 K,1.96547
20260210,112551.127090,112551.127090,0.0,834.449 um_pwv,1018.67 um_pwv,35.0,2.398 K,1.96666
20260210,112552.088389,112552.088389,0.0,834.881 um_pwv,1019.2 um_pwv,35.0,2.306 K,1.96769
20260210,112553.047956,112553.047956,0.0,834.511 um_pwv,1018.75 um_pwv,35.0,2.417 K,1.96681
20260210,112554.005905,112554.005905,0.0,835.812 um_pwv,1020.34 um_pwv,35.0,2.216 K,1.96988
20260210,112554.966299,112554.966299,0.0,835.915 um_pwv,1020.46 um_pwv,35.0,2.086 K,1.97013
20260210,112555.928278,112555.928278,0.0,837.278 um_pwv,1022.13 um_pwv,35.0,2.043 K,1.97335
20260210,112556.884125,112556.884125,0.0,836.997 um_pwv,1021.79 um_pwv,35.0,1.979 K,1.97269
20260210,112557.844335,112557.844335,0.0,836.027 um_pwv,1020.6 um_pwv,35.0,1.921 K,1.97039
20260210,112558.807770,112558.807770,0.0,836.305 um_pwv,1020.94 um_pwv,35.0,1.812 K,1.97105
20260210,112559.766099,112559.766099,0.0,835.915 um_pwv,1020.46 um_pwv,35.0,1.807 K,1.97013
20260210,112600.724422,112600.724422,0.0,837.691 um_pwv,1022.63 um_pwv,35.0,1.841 K,1.97433
20260210,112601.686994,112601.686994,0.0,842.719 um_pwv,1028.77 um_pwv,35.0,1.969 K,1.98621
20260210,112602.648549,112602.648549,0.0,845.543 um_pwv,1032.22 um_pwv,35.0,2.07 K,1.99288
20260210,112603.604274,112603.604274,0.0,846.627 um_pwv,1033.54 um_pwv,35.0,2.175 K,1.99544
20260210,112604.568192,112604.568192,0.0,849.222 um_pwv,1036.71 um_pwv,35.0,2.301 K,2.00158
20260210,112605.525592,112605.525592,0.0,852.32 um_pwv,1040.49 um_pwv,35.0,2.376 K,2.00890
20260210,112606.488654,112606.488654,0.0,851.134 um_pwv,1039.04 um_pwv,35.0,2.365 K,2.00609
20260210,112607.446151,112607.446151,0.0,850.87 um_pwv,1038.72 um_pwv,35.0,2.313 K,2.00547
20260210,112608.407096,112608.407096,0.0,849.014 um_pwv,1036.46 um_pwv,35.0,2.349 K,2.00109
20260210,112609.366198,112609.366198,0.0,844.417 um_pwv,1030.84 um_pwv,35.0,2.233 K,1.99022
20260210,112610.324798,112610.324798,0.0,840.796 um_pwv,1026.42 um_pwv,35.0,2.167 K,1.98166
20260210,112611.286989,112611.286989,0.0,836.316 um_pwv,1020.95 um_pwv,35.0,2.108 K,1.97108
20260210,112612.248647,112612.248647,0.0,834.419 um_pwv,1018.64 um_pwv,35.0,2.054 K,1.96659
20260210,112613.205747,112613.205747,0.0,831.295 um_pwv,1014.82 um_pwv,35.0,1.864 K,1.95921
20260210,112614.167153,112614.167153,0.0,830.884 um_pwv,1014.32 um_pwv,35.0,1.944 K,1.95824
20260210,112615.127189,112615.127189,0.0,829.716 um_pwv,1012.9 um_pwv,35.0,1.955 K,1.95548
20260210,112616.083186,112616.083186,0.0,827.508 um_pwv,1010.2 um_pwv,35.0,1.991 K,1.95026
20260210,112617.044026,112617.044026,0.0,830.761 um_pwv,1014.17 um_pwv,35.0,2.076 K,1.95795
20260210,112618.006839,112618.006839,0.0,831.142 um_pwv,1014.64 um_pwv,35.0,2.233 K,1.95885
20260210,112618.965711,112618.965711,0.0,831.899 um_pwv,1015.56 um_pwv,35.0,2.303 K,1.96064
20260210,112619.924355,112619.924355,0.0,834.296 um_pwv,1018.49 um_pwv,35.0,2.298 K,1.96630
20260210,112620.886189,112620.886189,0.0,835.511 um_pwv,1019.97 um_pwv,35.0,2.467 K,1.96918
20260210,112621.848438,112621.848438,0.0,836.142 um_pwv,1020.74 um_pwv,35.0,2.464 K,1.97066
20260210,112622.806633,112622.806633,0.0,834.152 um_pwv,1018.31 um_pwv,35.0,2.409 K,1.96596
20260210,112623.766047,112623.766047,0.0,835.058 um_pwv,1019.42 um_pwv,35.0,2.286 K,1.96810
20260210,112624.722799,112624.722799,0.0,837.08 um_pwv,1021.89 um_pwv,35.0,2.29 K,1.97288
20260210,112625.685858,112625.685858,0.0,836.275 um_pwv,1020.9 um_pwv,35.0,2.065 K,1.97098
20260210,112626.648186,112626.648186,0.0,838.424 um_pwv,1023.53 um_pwv,35.0,2.093 K,1.97606
20260210,112627.606131,112627.606131,0.0,837.928 um_pwv,1022.92 um_pwv,35.0,1.937 K,1.97489
20260210,112628.567255,112628.567255,0.0,836.275 um_pwv,1020.9 um_pwv,35.0,1.832 K,1.97098
20260210,112629.526288,112629.526288,0.0,837.948 um_pwv,1022.95 um_pwv,35.0,1.849 K,1.97493
20260210,112630.485261,112630.485261,0.0,841.317 um_pwv,1027.06 um_pwv,35.0,1.973 K,1.98289
20260210,112631.446409,112631.446409,0.0,842.344 um_pwv,1028.31 um_pwv,35.0,2.033 K,1.98532
20260210,112632.406665,112632.406665,0.0,845.803 um_pwv,1032.53 um_pwv,35.0,2.11 K,1.99350
20260210,112633.366613,112633.366613,0.0,847.298 um_pwv,1034.36 um_pwv,35.0,2.214 K,1.99703
20260210,112634.329075,112634.329075,0.0,850.271 um_pwv,1037.99 um_pwv,35.0,2.333 K,2.00405
20260210,112635.286066,112635.286066,0.0,852.341 um_pwv,1040.52 um_pwv,35.0,2.426 K,2.00895
20260210,112636.246114,112636.246114,0.0,853.406 um_pwv,1041.82 um_pwv,35.0,2.403 K,2.01146
20260210,112637.206171,112637.206171,0.0,851.26 um_pwv,1039.2 um_pwv,35.0,2.363 K,2.00639
20260210,112638.166638,112638.166638,0.0,847.14 um_pwv,1034.17 um_pwv,35.0,2.252 K,1.99666
20260210,112639.127997,112639.127997,0.0,845.365 um_pwv,1032 um_pwv,35.0,2.173 K,1.99246
20260210,112640.085154,112640.085154,0.0,840.485 um_pwv,1026.04 um_pwv,35.0,2.099 K,1.98093
20260210,112641.048258,112641.048258,0.0,836.688 um_pwv,1021.41 um_pwv,35.0,2.058 K,1.97195
20260210,112642.003049,112642.003049,0.0,833.502 um_pwv,1017.52 um_pwv,35.0,2.018 K,1.96443
20260210,112642.966340,112642.966340,0.0,831.11 um_pwv,1014.6 um_pwv,35.0,1.982 K,1.95877
20260210,112643.927119,112643.927119,0.0,828.693 um_pwv,1011.65 um_pwv,35.0,1.9 K,1.95306
20260210,112644.887788,112644.887788,0.0,829.491 um_pwv,1012.62 um_pwv,35.0,1.941 K,1.95495
20260210,112645.848061,112645.848061,0.0,830.167 um_pwv,1013.45 um_pwv,35.0,2.079 K,1.95655
20260210,112646.809076,112646.809076,0.0,832.043 um_pwv,1015.74 um_pwv,35.0,2.185 K,1.96098
20260210,112647.770366,112647.770366,0.0,832.823 um_pwv,1016.69 um_pwv,35.0,2.227 K,1.96282
20260210,112648.725642,112648.725642,0.0,832.885 um_pwv,1016.76 um_pwv,35.0,2.265 K,1.96297
20260210,112649.686708,112649.686708,0.0,832.753 um_pwv,1016.6 um_pwv,35.0,2.395 K,1.96266
20260210,112650.649627,112650.649627,0.0,835.078 um_pwv,1019.44 um_pwv,35.0,2.278 K,1.96815
20260210,112651.606788,112651.606788,0.0,834.161 um_pwv,1018.32 um_pwv,35.0,2.398 K,1.96598
20260210,112652.568863,112652.568863,0.0,833.575 um_pwv,1017.61 um_pwv,35.0,2.365 K,1.96460
20260210,112653.527444,112653.527444,0.0,835.851 um_pwv,1020.39 um_pwv,35.0,2.258 K,1.96998
20260210,112654.489504,112654.489504,0.0,837.204 um_pwv,1022.04 um_pwv,35.0,2.135 K,1.97318
20260210,112655.452851,112655.452851,0.0,836.791 um_pwv,1021.53 um_pwv,35.0,1.986 K,1.97220
20260210,112656.405455,112656.405455,0.0,834.975 um_pwv,1019.32 um_pwv,35.0,1.849 K,1.96791
20260210,112657.367590,112657.367590,0.0,834.369 um_pwv,1018.58 um_pwv,35.0,1.889 K,1.96648
20260210,112658.326682,112658.326682,0.0,835.718 um_pwv,1020.22 um_pwv,35.0,1.809 K,1.96966
20260210,112659.286512,112659.286512,0.0,839.024 um_pwv,1024.26 um_pwv,35.0,1.878 K,1.97748
20260210,112700.246092,112700.246092,0.0,841.502 um_pwv,1027.28 um_pwv,35.0,1.98 K,1.98333
20260210,112701.207497,112701.207497,0.0,843.593 um_pwv,1029.84 um_pwv,35.0,2 K,1.98827
20260210,112702.168047,112702.168047,0.0,844.834 um_pwv,1031.35 um_pwv,35.0,1.964 K,1.99121
20260210,112703.127017,112703.127017,0.0,845.919 um_pwv,1032.68 um_pwv,35.0,2.161 K,1.99377
20260210,112704.086605,112704.086605,0.0,848.835 um_pwv,1036.24 um_pwv,35.0,2.26 K,2.00066
20260210,112705.049291,112705.049291,0.0,852.889 um_pwv,1041.18 um_pwv,35.0,2.357 K,2.01024
20260210,112706.008987,112706.008987,0.0,851.521 um_pwv,1039.52 um_pwv,35.0,2.341 K,2.00701
20260210,112706.966069,112706.966069,0.0,849.758 um_pwv,1037.36 um_pwv,35.0,2.276 K,2.00284
20260210,112707.928298,112707.928298,0.0,847.379 um_pwv,1034.46 um_pwv,35.0,2.157 K,1.99722
20260210,112708.884223,112708.884223,0.0,842.74 um_pwv,1028.8 um_pwv,35.0,2.183 K,1.98626
20260210,112709.845048,112709.845048,0.0,839.605 um_pwv,1024.97 um_pwv,35.0,2.049 K,1.97885
20260210,112710.805027,112710.805027,0.0,835.791 um_pwv,1020.31 um_pwv,35.0,2.017 K,1.96984
20260210,112711.767725,112711.767725,0.0,833.546 um_pwv,1017.57 um_pwv,35.0,1.932 K,1.96453
20260210,112712.728593,112712.728593,0.0,831.573 um_pwv,1015.16 um_pwv,35.0,1.956 K,1.95987
20260210,112713.688730,112713.688730,0.0,829.951 um_pwv,1013.18 um_pwv,35.0,1.925 K,1.95603
20260210,112714.644935,112714.644935,0.0,829.091 um_pwv,1012.13 um_pwv,35.0,1.974 K,1.95400
20260210,112715.607124,112715.607124,0.0,828.979 um_pwv,1012 um_pwv,35.0,2.133 K,1.95374
20260210,112716.568522,112716.568522,0.0,831.787 um_pwv,1015.42 um_pwv,35.0,2.129 K,1.96037
20260210,112717.530016,112717.530016,0.0,832.33 um_pwv,1016.09 um_pwv,35.0,2.269 K,1.96166
20260210,112718.483710,112718.483710,0.0,832.371 um_pwv,1016.14 um_pwv,35.0,2.264 K,1.96175
20260210,112719.446963,112719.446963,0.0,833.246 um_pwv,1017.21 um_pwv,35.0,2.355 K,1.96382
20260210,112720.408828,112720.408828,0.0,833.02 um_pwv,1016.93 um_pwv,35.0,2.405 K,1.96329
20260210,112721.364827,112721.364827,0.0,835.729 um_pwv,1020.24 um_pwv,35.0,2.433 K,1.96969
20260210,112722.327015,112722.327015,0.0,832.433 um_pwv,1016.21 um_pwv,35.0,2.254 K,1.96190
20260210,112723.288331,112723.288331,0.0,835.511 um_pwv,1019.97 um_pwv,35.0,2.255 K,1.96918
20260210,112724.244164,112724.244164,0.0,836.461 um_pwv,1021.13 um_pwv,35.0,2.186 K,1.97142
20260210,112725.207748,112725.207748,0.0,837.608 um_pwv,1022.53 um_pwv,35.0,2.029 K,1.97413
20260210,112726.164814,112726.164814,0.0,835.974 um_pwv,1020.54 um_pwv,35.0,1.925 K,1.97027
20260210,112727.126185,112727.126185,0.0,836.584 um_pwv,1021.28 um_pwv,35.0,1.868 K,1.97171
20260210,112728.086635,112728.086635,0.0,836.74 um_pwv,1021.47 um_pwv,35.0,1.844 K,1.97208
20260210,112729.048365,112729.048365,0.0,839.77 um_pwv,1025.17 um_pwv,35.0,1.894 K,1.97924
20260210,112730.003832,112730.003832,0.0,840.04 um_pwv,1025.5 um_pwv,35.0,1.859 K,1.97988
20260210,112730.965713,112730.965713,0.0,842.781 um_pwv,1028.85 um_pwv,35.0,1.956 K,1.98635
20260210,112731.926451,112731.926451,0.0,846.304 um_pwv,1033.15 um_pwv,35.0,2.115 K,1.99468
20260210,112732.884083,112732.884083,0.0,847.119 um_pwv,1034.14 um_pwv,35.0,2.243 K,1.99661
20260210,112733.846974,112733.846974,0.0,850.693 um_pwv,1038.5 um_pwv,35.0,2.239 K,2.00505
20260210,112734.806428,112734.806428,0.0,850.754 um_pwv,1038.58 um_pwv,35.0,2.366 K,2.00519
20260210,112735.766852,112735.766852,0.0,849.821 um_pwv,1037.44 um_pwv,35.0,2.284 K,2.00299
20260210,112736.728097,112736.728097,0.0,850.544 um_pwv,1038.32 um_pwv,35.0,2.339 K,2.00470
20260210,112737.687920,112737.687920,0.0,848.135 um_pwv,1035.38 um_pwv,35.0,2.239 K,1.99901
20260210,112738.649447,112738.649447,0.0,842.76 um_pwv,1028.82 um_pwv,35.0,2.164 K,1.98631
20260210,112739.609737,112739.609737,0.0,839.699 um_pwv,1025.08 um_pwv,35.0,2.099 K,1.97907
20260210,112740.568193,112740.568193,0.0,835.656 um_pwv,1020.15 um_pwv,35.0,2.063 K,1.96952
20260210,112741.524414,112741.524414,0.0,832.239 um_pwv,1015.98 um_pwv,35.0,2.047 K,1.96144
20260210,112742.489546,112742.489546,0.0,829.45 um_pwv,1012.57 um_pwv,35.0,1.927 K,1.95485
20260210,112743.449736,112743.449736,0.0,829.246 um_pwv,1012.32 um_pwv,35.0,1.998 K,1.95437
20260210,112744.410887,112744.410887,0.0,829.643 um_pwv,1012.81 um_pwv,35.0,1.978 K,1.95531
20260210,112745.370246,112745.370246,0.0,829.307 um_pwv,1012.4 um_pwv,35.0,2.046 K,1.95451
20260210,112746.327741,112746.327741,0.0,831.119 um_pwv,1014.61 um_pwv,35.0,2.222 K,1.95880
20260210,112747.287967,112747.287967,0.0,832.814 um_pwv,1016.68 um_pwv,35.0,2.213 K,1.96280
20260210,112748.250133,112748.250133,0.0,833.678 um_pwv,1017.73 um_pwv,35.0,2.415 K,1.96484
20260210,112749.205616,112749.205616,0.0,834.469 um_pwv,1018.7 um_pwv,35.0,2.339 K,1.96671
20260210,112750.171079,112750.171079,0.0,834.366 um_pwv,1018.57 um_pwv,35.0,2.411 K,1.96647
20260210,112751.123697,112751.123697,0.0,835.326 um_pwv,1019.74 um_pwv,35.0,2.349 K,1.96874
20260210,112752.086954,112752.086954,0.0,836.266 um_pwv,1020.89 um_pwv,35.0,2.381 K,1.97096
20260210,112753.049334,112753.049334,0.0,835.111 um_pwv,1019.48 um_pwv,35.0,2.223 K,1.96823
20260210,112754.010467,112754.010467,0.0,836.688 um_pwv,1021.41 um_pwv,35.0,2.1 K,1.97195
20260210,112754.966398,112754.966398,0.0,837.659 um_pwv,1022.59 um_pwv,35.0,2.054 K,1.97425
20260210,112755.928485,112755.928485,0.0,837.287 um_pwv,1022.14 um_pwv,35.0,1.954 K,1.97337
20260210,112756.884209,112756.884209,0.0,836.791 um_pwv,1021.53 um_pwv,35.0,1.803 K,1.97220
20260210,112757.845468,112757.845468,0.0,836.295 um_pwv,1020.93 um_pwv,35.0,1.866 K,1.97103
20260210,112758.805235,112758.805235,0.0,838.424 um_pwv,1023.53 um_pwv,35.0,1.863 K,1.97606
20260210,112759.766773,112759.766773,0.0,840.061 um_pwv,1025.52 um_pwv,35.0,1.817 K,1.97993
20260210,112800.726391,112800.726391,0.0,843.331 um_pwv,1029.52 um_pwv,35.0,1.982 K,1.98766
20260210,112801.688491,112801.688491,0.0,844.635 um_pwv,1031.11 um_pwv,35.0,2.063 K,1.99073
20260210,112802.644373,112802.644373,0.0,849.285 um_pwv,1036.79 um_pwv,35.0,2.189 K,2.00172
20260210,112803.608288,112803.608288,0.0,849.842 um_pwv,1037.47 um_pwv,35.0,2.327 K,2.00304
20260210,112804.563515,112804.563515,0.0,850.492 um_pwv,1038.26 um_pwv,35.0,2.318 K,2.00458
20260210,112805.527887,112805.527887,0.0,850.502 um_pwv,1038.27 um_pwv,35.0,2.255 K,2.00460
20260210,112806.488797,112806.488797,0.0,847.777 um_pwv,1034.94 um_pwv,35.0,2.171 K,1.99816
20260210,112807.446708,112807.446708,0.0,845.239 um_pwv,1031.85 um_pwv,35.0,2.148 K,1.99216
20260210,112808.403824,112808.403824,0.0,842.917 um_pwv,1029.01 um_pwv,35.0,2.12 K,1.98668
20260210,112809.366041,112809.366041,0.0,838.714 um_pwv,1023.88 um_pwv,35.0,2.063 K,1.97674
20260210,112810.329022,112810.329022,0.0,832.618 um_pwv,1016.44 um_pwv,35.0,1.854 K,1.96234
20260210,112811.286226,112811.286226,0.0,831.664 um_pwv,1015.27 um_pwv,35.0,1.882 K,1.96008
20260210,112812.246361,112812.246361,0.0,829.634 um_pwv,1012.8 um_pwv,35.0,1.96 K,1.95529
20260210,112813.205752,112813.205752,0.0,829.634 um_pwv,1012.8 um_pwv,35.0,1.937 K,1.95529
20260210,112814.168071,112814.168071,0.0,830.659 um_pwv,1014.05 um_pwv,35.0,2.062 K,1.95771
20260210,112815.124002,112815.124002,0.0,830.577 um_pwv,1013.95 um_pwv,35.0,2.055 K,1.95751
20260210,112816.084820,112816.084820,0.0,830.875 um_pwv,1014.31 um_pwv,35.0,2.21 K,1.95822
20260210,112817.049260,112817.049260,0.0,832.084 um_pwv,1015.79 um_pwv,35.0,2.273 K,1.96107
20260210,112818.008500,112818.008500,0.0,832.538 um_pwv,1016.34 um_pwv,35.0,2.353 K,1.96215
20260210,112818.965418,112818.965418,0.0,835.553 um_pwv,1020.02 um_pwv,35.0,2.527 K,1.96927
20260210,112819.928413,112819.928413,0.0,834.081 um_pwv,1018.22 um_pwv,35.0,2.383 K,1.96579
20260210,112820.887190,112820.887190,0.0,836.575 um_pwv,1021.27 um_pwv,35.0,2.493 K,1.97169
20260210,112821.844199,112821.844199,0.0,834.881 um_pwv,1019.2 um_pwv,35.0,2.253 K,1.96769
20260210,112822.807768,112822.807768,0.0,836.584 um_pwv,1021.28 um_pwv,35.0,2.281 K,1.97171
20260210,112823.769646,112823.769646,0.0,837.317 um_pwv,1022.17 um_pwv,35.0,2.115 K,1.97344
20260210,112824.726725,112824.726725,0.0,837.804 um_pwv,1022.77 um_pwv,35.0,2.037 K,1.97459
20260210,112825.687225,112825.687225,0.0,836.708 um_pwv,1021.43 um_pwv,35.0,1.917 K,1.97200
20260210,112826.648794,112826.648794,0.0,836.101 um_pwv,1020.69 um_pwv,35.0,1.86 K,1.97057
20260210,112827.608811,112827.608811,0.0,836.305 um_pwv,1020.94 um_pwv,35.0,1.825 K,1.97105
20260210,112828.566456,112828.566456,0.0,841.024 um_pwv,1026.7 um_pwv,35.0,1.961 K,1.98220
20260210,112829.527051,112829.527051,0.0,841.119 um_pwv,1026.82 um_pwv,35.0,1.877 K,1.98243
20260210,112830.490527,112830.490527,0.0,843.884 um_pwv,1030.19 um_pwv,35.0,2.007 K,1.98896
20260210,112831.449973,112831.449973,0.0,845.678 um_pwv,1032.38 um_pwv,35.0,2.191 K,1.99320
20260210,112832.408333,112832.408333,0.0,849.275 um_pwv,1036.77 um_pwv,35.0,2.261 K,2.00170
20260210,112833.367784,112833.367784,0.0,850.828 um_pwv,1038.67 um_pwv,35.0,2.269 K,2.00537
20260210,112834.329483,112834.329483,0.0,850.177 um_pwv,1037.87 um_pwv,35.0,2.39 K,2.00383
20260210,112835.285948,112835.285948,0.0,848.763 um_pwv,1036.15 um_pwv,35.0,2.289 K,2.00049
20260210,112836.248335,112836.248335,0.0,849.024 um_pwv,1036.47 um_pwv,35.0,2.294 K,2.00111
20260210,112837.210226,112837.210226,0.0,845.135 um_pwv,1031.72 um_pwv,35.0,2.084 K,1.99192
20260210,112838.168491,112838.168491,0.0,841.16 um_pwv,1026.87 um_pwv,35.0,2.107 K,1.98252
20260210,112839.129171,112839.129171,0.0,838.291 um_pwv,1023.36 um_pwv,35.0,2.05 K,1.97574
20260210,112840.090126,112840.090126,0.0,835.862 um_pwv,1020.4 um_pwv,35.0,1.989 K,1.97000
20260210,112841.046744,112841.046744,0.0,832.536 um_pwv,1016.34 um_pwv,35.0,1.99 K,1.96214
20260210,112842.007138,112842.007138,0.0,830.709 um_pwv,1014.11 um_pwv,35.0,1.9 K,1.95783
20260210,112842.968681,112842.968681,0.0,829.173 um_pwv,1012.23 um_pwv,35.0,1.887 K,1.95420
20260210,112843.929401,112843.929401,0.0,828.193 um_pwv,1011.04 um_pwv,35.0,1.931 K,1.95188
20260210,112844.888791,112844.888791,0.0,828.489 um_pwv,1011.4 um_pwv,35.0,2.005 K,1.95258
20260210,112845.850417,112845.850417,0.0,831.582 um_pwv,1015.17 um_pwv,35.0,2.087 K,1.95989
20260210,112846.807555,112846.807555,0.0,832.97 um_pwv,1016.87 um_pwv,35.0,2.338 K,1.96317
20260210,112847.769060,112847.769060,0.0,834.337 um_pwv,1018.54 um_pwv,35.0,2.352 K,1.96640
20260210,112848.727402,112848.727402,0.0,834.614 um_pwv,1018.88 um_pwv,35.0,2.366 K,1.96705
20260210,112849.691140,112849.691140,0.0,836.532 um_pwv,1021.22 um_pwv,35.0,2.448 K,1.97159
20260210,112850.647996,112850.647996,0.0,834.296 um_pwv,1018.49 um_pwv,35.0,2.341 K,1.96630
20260210,112851.608763,112851.608763,0.0,835.45 um_pwv,1019.9 um_pwv,35.0,2.21 K,1.96903
20260210,112852.567136,112852.567136,0.0,836.472 um_pwv,1021.14 um_pwv,35.0,2.164 K,1.97145
20260210,112853.528051,112853.528051,0.0,836.564 um_pwv,1021.26 um_pwv,35.0,1.987 K,1.97166
20260210,112854.488303,112854.488303,0.0,837.266 um_pwv,1022.11 um_pwv,35.0,1.927 K,1.97332
20260210,112855.447232,112855.447232,0.0,836.027 um_pwv,1020.6 um_pwv,35.0,1.869 K,1.97039
20260210,112856.408238,112856.408238,0.0,838.27 um_pwv,1023.34 um_pwv,35.0,1.916 K,1.97569
20260210,112857.368995,112857.368995,0.0,837.42 um_pwv,1022.3 um_pwv,35.0,1.876 K,1.97369
20260210,112858.324922,112858.324922,0.0,839.294 um_pwv,1024.59 um_pwv,35.0,1.857 K,1.97811
20260210,112859.289189,112859.289189,0.0,841.679 um_pwv,1027.5 um_pwv,35.0,1.942 K,1.98375
20260210,112900.247330,112900.247330,0.0,844.479 um_pwv,1030.92 um_pwv,35.0,2.089 K,1.99037
20260210,112901.207516,112901.207516,0.0,847.881 um_pwv,1035.07 um_pwv,35.0,2.122 K,1.99841
20260210,112902.166247,112902.166247,0.0,849.748 um_pwv,1037.35 um_pwv,35.0,2.288 K,2.00282
20260210,112903.132149,112903.132149,0.0,851.05 um_pwv,1038.94 um_pwv,35.0,2.372 K,2.00589
20260210,112904.087939,112904.087939,0.0,848.249 um_pwv,1035.52 um_pwv,35.0,2.204 K,1.99928
20260210,112905.049489,112905.049489,0.0,849.443 um_pwv,1036.98 um_pwv,35.0,2.315 K,2.00210
20260210,112906.009272,112906.009272,0.0,846.253 um_pwv,1033.08 um_pwv,35.0,2.184 K,1.99456
20260210,112906.970418,112906.970418,0.0,845.021 um_pwv,1031.58 um_pwv,35.0,2.202 K,1.99165
20260210,112907.927136,112907.927136,0.0,839.987 um_pwv,1025.43 um_pwv,35.0,2.072 K,1.97975
20260210,112908.889891,112908.889891,0.0,837.895 um_pwv,1022.88 um_pwv,35.0,2.037 K,1.97481
20260210,112909.851843,112909.851843,0.0,834.369 um_pwv,1018.58 um_pwv,35.0,2.003 K,1.96648
20260210,112910.811658,112910.811658,0.0,830.34 um_pwv,1013.66 um_pwv,35.0,1.84 K,1.95695
20260210,112911.767479,112911.767479,0.0,832.495 um_pwv,1016.29 um_pwv,35.0,2.023 K,1.96205
20260210,112912.726873,112912.726873,0.0,828.468 um_pwv,1011.37 um_pwv,35.0,1.94 K,1.95253
20260210,112913.690634,112913.690634,0.0,830.679 um_pwv,1014.07 um_pwv,35.0,1.943 K,1.95776
20260210,112914.646696,112914.646696,0.0,831.45 um_pwv,1015.01 um_pwv,35.0,2.16 K,1.95958
20260210,112915.609480,112915.609480,0.0,831.726 um_pwv,1015.35 um_pwv,35.0,2.252 K,1.96023
20260210,112916.566811,112916.566811,0.0,833.175 um_pwv,1017.12 um_pwv,35.0,2.312 K,1.96365
20260210,112917.528366,112917.528366,0.0,833.514 um_pwv,1017.53 um_pwv,35.0,2.341 K,1.96445
20260210,112918.489045,112918.489045,0.0,834.543 um_pwv,1018.79 um_pwv,35.0,2.393 K,1.96689
20260210,112919.447188,112919.447188,0.0,835.243 um_pwv,1019.64 um_pwv,35.0,2.316 K,1.96854
20260210,112920.408739,112920.408739,0.0,834.872 um_pwv,1019.19 um_pwv,35.0,2.361 K,1.96767
20260210,112921.368006,112921.368006,0.0,835.544 um_pwv,1020.01 um_pwv,35.0,2.265 K,1.96925
20260210,112922.328977,112922.328977,0.0,836.844 um_pwv,1021.6 um_pwv,35.0,2.141 K,1.97232
20260210,112923.289511,112923.289511,0.0,835.665 um_pwv,1020.16 um_pwv,35.0,1.969 K,1.96954
20260210,112924.251246,112924.251246,0.0,836.844 um_pwv,1021.6 um_pwv,35.0,2.001 K,1.97232
20260210,112925.208658,112925.208658,0.0,837.11 um_pwv,1021.92 um_pwv,35.0,1.789 K,1.97295
20260210,112926.170237,112926.170237,0.0,835.635 um_pwv,1020.12 um_pwv,35.0,1.827 K,1.96947
20260210,112927.131757,112927.131757,0.0,837.379 um_pwv,1022.25 um_pwv,35.0,1.752 K,1.97359
20260210,112928.087225,112928.087225,0.0,838.105 um_pwv,1023.14 um_pwv,35.0,1.863 K,1.97530
20260210,112929.049748,112929.049748,0.0,841.255 um_pwv,1026.98 um_pwv,35.0,1.929 K,1.98275
20260210,112930.010122,112930.010122,0.0,843.51 um_pwv,1029.73 um_pwv,35.0,2.036 K,1.98808
20260210,112930.965558,112930.965558,0.0,847.579 um_pwv,1034.7 um_pwv,35.0,2.098 K,1.99769
20260210,112931.927373,112931.927373,0.0,849.222 um_pwv,1036.71 um_pwv,35.0,2.283 K,2.00158
20260210,112932.889755,112932.889755,0.0,850.208 um_pwv,1037.91 um_pwv,35.0,2.319 K,2.00390
20260210,112933.844983,112933.844983,0.0,850.756 um_pwv,1038.58 um_pwv,35.0,2.338 K,2.00520
20260210,112934.806816,112934.806816,0.0,849.632 um_pwv,1037.21 um_pwv,35.0,2.391 K,2.00254
20260210,112935.768263,112935.768263,0.0,846.388 um_pwv,1033.25 um_pwv,35.0,2.23 K,1.99488
20260210,112936.726871,112936.726871,0.0,844.864 um_pwv,1031.39 um_pwv,35.0,2.135 K,1.99128
20260210,112937.688596,112937.688596,0.0,841.006 um_pwv,1026.68 um_pwv,35.0,2.028 K,1.98216
20260210,112938.649763,112938.649763,0.0,836.853 um_pwv,1021.61 um_pwv,35.0,2.045 K,1.97235
20260210,112939.611621,112939.611621,0.0,833.123 um_pwv,1017.06 um_pwv,35.0,1.94 K,1.96353
20260210,112940.571117,112940.571117,0.0,830.814 um_pwv,1014.24 um_pwv,35.0,1.955 K,1.95807
20260210,112941.531268,112941.531268,0.0,830.301 um_pwv,1013.61 um_pwv,35.0,1.934 K,1.95686
20260210,112942.487456,112942.487456,0.0,829.389 um_pwv,1012.5 um_pwv,35.0,1.934 K,1.95471
20260210,112943.451851,112943.451851,0.0,830.012 um_pwv,1013.26 um_pwv,35.0,2.019 K,1.95618
20260210,112944.407645,112944.407645,0.0,831.418 um_pwv,1014.97 um_pwv,35.0,2.055 K,1.95950
20260210,112945.366582,112945.366582,0.0,831.541 um_pwv,1015.12 um_pwv,35.0,2.187 K,1.95979
20260210,112946.329006,112946.329006,0.0,833.431 um_pwv,1017.43 um_pwv,35.0,2.275 K,1.96426
20260210,112947.289867,112947.289867,0.0,833.863 um_pwv,1017.96 um_pwv,35.0,2.307 K,1.96528
20260210,112948.247269,112948.247269,0.0,834.09 um_pwv,1018.24 um_pwv,35.0,2.265 K,1.96582
20260210,112949.207905,112949.207905,0.0,834.275 um_pwv,1018.46 um_pwv,35.0,2.351 K,1.96625
20260210,112950.167164,112950.167164,0.0,835.603 um_pwv,1020.08 um_pwv,35.0,2.268 K,1.96939
20260210,112951.125543,112951.125543,0.0,836.461 um_pwv,1021.13 um_pwv,35.0,2.155 K,1.97142
20260210,112952.087008,112952.087008,0.0,836.812 um_pwv,1021.56 um_pwv,35.0,2.086 K,1.97225
20260210,112953.048122,112953.048122,0.0,837.193 um_pwv,1022.02 um_pwv,35.0,2.05 K,1.97315
20260210,112954.009903,112954.009903,0.0,837.546 um_pwv,1022.46 um_pwv,35.0,1.964 K,1.97398
20260210,112954.967289,112954.967289,0.0,836.213 um_pwv,1020.83 um_pwv,35.0,1.774 K,1.97083
20260210,112955.927917,112955.927917,0.0,836.018 um_pwv,1020.59 um_pwv,35.0,1.792 K,1.97037
20260210,112956.888703,112956.888703,0.0,836.936 um_pwv,1021.71 um_pwv,35.0,1.844 K,1.97254
20260210,112957.850177,112957.850177,0.0,838.259 um_pwv,1023.32 um_pwv,35.0,1.862 K,1.97567
20260210,112958.806761,112958.806761,0.0,842.116 um_pwv,1028.03 um_pwv,35.0,1.978 K,1.98478
20260210,112959.772563,112959.772563,0.0,846.513 um_pwv,1033.4 um_pwv,35.0,2.078 K,1.99517
20260210,113000.730013,113000.730013,0.0,847.872 um_pwv,1035.06 um_pwv,35.0,2.176 K,1.99839
20260210,113001.691934,113001.691934,0.0,847.83 um_pwv,1035.01 um_pwv,35.0,2.276 K,1.99829
20260210,113002.647320,113002.647320,0.0,849.842 um_pwv,1037.47 um_pwv,35.0,2.337 K,2.00304
20260210,113003.607752,113003.607752,0.0,849.192 um_pwv,1036.67 um_pwv,35.0,2.276 K,2.00150
20260210,113004.567089,113004.567089,0.0,849.192 um_pwv,1036.67 um_pwv,35.0,2.352 K,2.00150
20260210,113005.532162,113005.532162,0.0,845.031 um_pwv,1031.59 um_pwv,35.0,2.277 K,1.99167
20260210,113006.487937,113006.487937,0.0,843.052 um_pwv,1029.18 um_pwv,35.0,2.2 K,1.98699
20260210,113007.449746,113007.449746,0.0,839.676 um_pwv,1025.06 um_pwv,35.0,2.084 K,1.97902
20260210,113008.407519,113008.407519,0.0,835.078 um_pwv,1019.44 um_pwv,35.0,1.98 K,1.96815
20260210,113009.366155,113009.366155,0.0,834.131 um_pwv,1018.29 um_pwv,35.0,2.038 K,1.96591
20260210,113010.330037,113010.330037,0.0,831.635 um_pwv,1015.24 um_pwv,35.0,1.895 K,1.96001
20260210,113011.292192,113011.292192,0.0,828.682 um_pwv,1011.63 um_pwv,35.0,1.939 K,1.95304
20260210,113012.248115,113012.248115,0.0,829.225 um_pwv,1012.3 um_pwv,35.0,1.865 K,1.95432
20260210,113013.207515,113013.207515,0.0,829.307 um_pwv,1012.4 um_pwv,35.0,2.052 K,1.95451
20260210,113014.170231,113014.170231,0.0,830.085 um_pwv,1013.35 um_pwv,35.0,2.139 K,1.95635
20260210,113015.132511,113015.132511,0.0,831.151 um_pwv,1014.65 um_pwv,35.0,2.181 K,1.95887
20260210,113016.089495,113016.089495,0.0,831.952 um_pwv,1015.63 um_pwv,35.0,2.319 K,1.96076
20260210,113017.051241,113017.051241,0.0,832.967 um_pwv,1016.87 um_pwv,35.0,2.352 K,1.96316
20260210,113018.008044,113018.008044,0.0,833.555 um_pwv,1017.58 um_pwv,35.0,2.3 K,1.96455
20260210,113018.970280,113018.970280,0.0,831.746 um_pwv,1015.37 um_pwv,35.0,2.308 K,1.96028
20260210,113019.930171,113019.930171,0.0,834.378 um_pwv,1018.59 um_pwv,35.0,2.299 K,1.96650
20260210,113020.890067,113020.890067,0.0,835.644 um_pwv,1020.13 um_pwv,35.0,2.225 K,1.96949
20260210,113021.847115,113021.847115,0.0,835.026 um_pwv,1019.38 um_pwv,35.0,1.975 K,1.96803
20260210,113022.808406,113022.808406,0.0,835.482 um_pwv,1019.93 um_pwv,35.0,2.021 K,1.96910
20260210,113023.768636,113023.768636,0.0,835.397 um_pwv,1019.83 um_pwv,35.0,1.844 K,1.96890
20260210,113024.728188,113024.728188,0.0,836.679 um_pwv,1021.4 um_pwv,35.0,1.843 K,1.97193
20260210,113025.690233,113025.690233,0.0,834.74 um_pwv,1019.03 um_pwv,35.0,1.849 K,1.96735
20260210,113026.650376,113026.650376,0.0,836.717 um_pwv,1021.44 um_pwv,35.0,1.843 K,1.97203
20260210,113027.609436,113027.609436,0.0,838.507 um_pwv,1023.63 um_pwv,35.0,1.953 K,1.97625
20260210,113028.567055,113028.567055,0.0,842.303 um_pwv,1028.26 um_pwv,35.0,1.895 K,1.98522
20260210,113029.530571,113029.530571,0.0,844.813 um_pwv,1031.33 um_pwv,35.0,2.094 K,1.99116
20260210,113030.489759,113030.489759,0.0,846.669 um_pwv,1033.59 um_pwv,35.0,2.09 K,1.99554
20260210,113031.450143,113031.450143,0.0,849.748 um_pwv,1037.35 um_pwv,35.0,2.266 K,2.00282
20260210,113032.406295,113032.406295,0.0,848.354 um_pwv,1035.65 um_pwv,35.0,2.324 K,1.99952
20260210,113033.368562,113033.368562,0.0,848.123 um_pwv,1035.37 um_pwv,35.0,2.316 K,1.99898
20260210,113034.332207,113034.332207,0.0,848.312 um_pwv,1035.6 um_pwv,35.0,2.302 K,1.99942
20260210,113035.289778,113035.289778,0.0,844.834 um_pwv,1031.35 um_pwv,35.0,2.216 K,1.99121
20260210,113036.248039,113036.248039,0.0,842.033 um_pwv,1027.93 um_pwv,35.0,2.092 K,1.98459
20260210,113037.206730,113037.206730,0.0,838.673 um_pwv,1023.83 um_pwv,35.0,2.149 K,1.97665
20260210,113038.170231,113038.170231,0.0,835.367 um_pwv,1019.79 um_pwv,35.0,1.973 K,1.96883
20260210,113039.131886,113039.131886,0.0,831.664 um_pwv,1015.27 um_pwv,35.0,1.836 K,1.96008
20260210,113040.090148,113040.090148,0.0,829.625 um_pwv,1012.79 um_pwv,35.0,1.934 K,1.95527
20260210,113041.048088,113041.048088,0.0,827.814 um_pwv,1010.57 um_pwv,35.0,1.896 K,1.95099
20260210,113042.009565,113042.009565,0.0,828.529 um_pwv,1011.45 um_pwv,35.0,1.879 K,1.95268
20260210,113042.971984,113042.971984,0.0,830.003 um_pwv,1013.25 um_pwv,35.0,1.996 K,1.95616
20260210,113043.930451,113043.930451,0.0,829.757 um_pwv,1012.95 um_pwv,35.0,2.08 K,1.95558
20260210,113044.888352,113044.888352,0.0,831.84 um_pwv,1015.49 um_pwv,35.0,2.221 K,1.96050
20260210,113045.848084,113045.848084,0.0,834.131 um_pwv,1018.29 um_pwv,35.0,2.333 K,1.96591
20260210,113046.811228,113046.811228,0.0,833.061 um_pwv,1016.98 um_pwv,35.0,2.327 K,1.96338
20260210,113047.772257,113047.772257,0.0,835.697 um_pwv,1020.2 um_pwv,35.0,2.462 K,1.96961
20260210,113048.729724,113048.729724,0.0,834.222 um_pwv,1018.4 um_pwv,35.0,2.376 K,1.96613
20260210,113049.689431,113049.689431,0.0,836.543 um_pwv,1021.23 um_pwv,35.0,2.351 K,1.97161
20260210,113050.652261,113050.652261,0.0,836.573 um_pwv,1021.27 um_pwv,35.0,2.304 K,1.97168
20260210,113051.608539,113051.608539,0.0,837.659 um_pwv,1022.59 um_pwv,35.0,2.155 K,1.97425
20260210,113052.569458,113052.569458,0.0,836.419 um_pwv,1021.08 um_pwv,35.0,1.968 K,1.97132
20260210,113053.530808,113053.530808,0.0,835.14 um_pwv,1019.52 um_pwv,35.0,1.824 K,1.96830
20260210,113054.489644,113054.489644,0.0,835.161 um_pwv,1019.54 um_pwv,35.0,1.868 K,1.96835
20260210,113055.452559,113055.452559,0.0,834.987 um_pwv,1019.33 um_pwv,35.0,1.812 K,1.96794
20260210,113056.407580,113056.407580,0.0,836.245 um_pwv,1020.87 um_pwv,35.0,1.846 K,1.97091
20260210,113057.370874,113057.370874,0.0,839.004 um_pwv,1024.23 um_pwv,35.0,1.94 K,1.97743
20260210,113058.327982,113058.327982,0.0,841.878 um_pwv,1027.74 um_pwv,35.0,2.002 K,1.98422
20260210,113059.292101,113059.292101,0.0,845.23 um_pwv,1031.84 um_pwv,35.0,2.1 K,1.99214
20260210,113100.250159,113100.250159,0.0,847.077 um_pwv,1034.09 um_pwv,35.0,2.158 K,1.99651
20260210,113101.214068,113101.214068,0.0,846.397 um_pwv,1033.26 um_pwv,35.0,2.247 K,1.99490
20260210,113102.170838,113102.170838,0.0,848.761 um_pwv,1036.15 um_pwv,35.0,2.406 K,2.00049
20260210,113103.131184,113103.131184,0.0,848.165 um_pwv,1035.42 um_pwv,35.0,2.345 K,1.99908
20260210,113104.091284,113104.091284,0.0,846.074 um_pwv,1032.87 um_pwv,35.0,2.331 K,1.99414
20260210,113105.051110,113105.051110,0.0,844.718 um_pwv,1031.21 um_pwv,35.0,2.321 K,1.99093
20260210,113106.011708,113106.011708,0.0,840.694 um_pwv,1026.3 um_pwv,35.0,2.029 K,1.98142
20260210,113106.967327,113106.967327,0.0,836.266 um_pwv,1020.89 um_pwv,35.0,1.928 K,1.97096
20260210,113107.928655,113107.928655,0.0,833.543 um_pwv,1017.57 um_pwv,35.0,2.011 K,1.96452
20260210,113108.888772,113108.888772,0.0,831.878 um_pwv,1015.54 um_pwv,35.0,2.023 K,1.96059
20260210,113109.850415,113109.850415,0.0,830.106 um_pwv,1013.37 um_pwv,35.0,2.046 K,1.95640
20260210,113110.811123,113110.811123,0.0,830.044 um_pwv,1013.3 um_pwv,35.0,1.951 K,1.95625
20260210,113111.767356,113111.767356,0.0,829.237 um_pwv,1012.31 um_pwv,35.0,2.115 K,1.95435
20260210,113112.729283,113112.729283,0.0,829.757 um_pwv,1012.95 um_pwv,35.0,2.074 K,1.95558
20260210,113113.690341,113113.690341,0.0,829.409 um_pwv,1012.52 um_pwv,35.0,2.208 K,1.95475
20260210,113114.651595,113114.651595,0.0,831.612 um_pwv,1015.21 um_pwv,35.0,2.26 K,1.95996
20260210,113115.612833,113115.612833,0.0,832.095 um_pwv,1015.8 um_pwv,35.0,2.224 K,1.96110
20260210,113116.568007,113116.568007,0.0,832.609 um_pwv,1016.43 um_pwv,35.0,2.427 K,1.96232
20260210,113117.529941,113117.529941,0.0,835.553 um_pwv,1020.02 um_pwv,35.0,2.458 K,1.96927
20260210,113118.490371,113118.490371,0.0,835.264 um_pwv,1019.67 um_pwv,35.0,2.405 K,1.96859
20260210,113119.450853,113119.450853,0.0,835.821 um_pwv,1020.35 um_pwv,35.0,2.291 K,1.96991
20260210,113120.411236,113120.411236,0.0,836.016 um_pwv,1020.59 um_pwv,35.0,2.261 K,1.97037
20260210,113121.367977,113121.367977,0.0,836.997 um_pwv,1021.79 um_pwv,35.0,2.135 K,1.97269
20260210,113122.332073,113122.332073,0.0,835.17 um_pwv,1019.55 um_pwv,35.0,2.009 K,1.96837
20260210,113123.291002,113123.291002,0.0,834.399 um_pwv,1018.61 um_pwv,35.0,1.847 K,1.96655
20260210,113124.252144,113124.252144,0.0,835.605 um_pwv,1020.09 um_pwv,35.0,1.961 K,1.96940
20260210,113125.208730,113125.208730,0.0,835.285 um_pwv,1019.69 um_pwv,35.0,1.917 K,1.96864
20260210,113126.170688,113126.170688,0.0,835.326 um_pwv,1019.74 um_pwv,35.0,1.864 K,1.96874
20260210,113127.129027,113127.129027,0.0,840.031 um_pwv,1025.49 um_pwv,35.0,1.922 K,1.97985
20260210,113128.091296,113128.091296,0.0,841.762 um_pwv,1027.6 um_pwv,35.0,1.928 K,1.98395
20260210,113129.046922,113129.046922,0.0,846.524 um_pwv,1033.42 um_pwv,35.0,2.156 K,1.99520
20260210,113130.008249,113130.008249,0.0,847.549 um_pwv,1034.67 um_pwv,35.0,2.194 K,1.99762
20260210,113130.967291,113130.967291,0.0,848.342 um_pwv,1035.63 um_pwv,35.0,2.229 K,1.99950
20260210,113131.929893,113131.929893,0.0,846.785 um_pwv,1033.73 um_pwv,35.0,2.209 K,1.99582
20260210,113132.889371,113132.889371,0.0,849.024 um_pwv,1036.47 um_pwv,35.0,2.384 K,2.00111
20260210,113133.851460,113133.851460,0.0,845.156 um_pwv,1031.74 um_pwv,35.0,2.308 K,1.99197
20260210,113134.813105,113134.813105,0.0,843.438 um_pwv,1029.65 um_pwv,35.0,2.22 K,1.98791
20260210,113135.769959,113135.769959,0.0,841.181 um_pwv,1026.89 um_pwv,35.0,2.12 K,1.98257
20260210,113136.733240,113136.733240,0.0,838.702 um_pwv,1023.87 um_pwv,35.0,2.097 K,1.97672
20260210,113137.690275,113137.690275,0.0,832.629 um_pwv,1016.45 um_pwv,35.0,1.899 K,1.96236
20260210,113138.651631,113138.651631,0.0,830.905 um_pwv,1014.35 um_pwv,35.0,1.921 K,1.95829
20260210,113139.609379,113139.609379,0.0,830.299 um_pwv,1013.61 um_pwv,35.0,1.95 K,1.95686
20260210,113140.569875,113140.569875,0.0,829.532 um_pwv,1012.67 um_pwv,35.0,1.893 K,1.95504
20260210,113141.530409,113141.530409,0.0,829.134 um_pwv,1012.19 um_pwv,35.0,1.937 K,1.95410
20260210,113142.491021,113142.491021,0.0,830.351 um_pwv,1013.67 um_pwv,35.0,2.148 K,1.95698
20260210,113143.447245,113143.447245,0.0,829.664 um_pwv,1012.83 um_pwv,35.0,2.2 K,1.95536
20260210,113144.406964,113144.406964,0.0,832.846 um_pwv,1016.72 um_pwv,35.0,2.273 K,1.96288
20260210,113145.369261,113145.369261,0.0,835.273 um_pwv,1019.68 um_pwv,35.0,2.438 K,1.96861
20260210,113146.328907,113146.328907,0.0,834.76 um_pwv,1019.05 um_pwv,35.0,2.339 K,1.96740
20260210,113147.292916,113147.292916,0.0,835.665 um_pwv,1020.16 um_pwv,35.0,2.461 K,1.96954
20260210,113148.249016,113148.249016,0.0,835.408 um_pwv,1019.85 um_pwv,35.0,2.365 K,1.96893
20260210,113149.211748,113149.211748,0.0,835.935 um_pwv,1020.49 um_pwv,35.0,2.312 K,1.97018
20260210,113150.171372,113150.171372,0.0,836.543 um_pwv,1021.23 um_pwv,35.0,2.168 K,1.97161
20260210,113151.131782,113151.131782,0.0,835.729 um_pwv,1020.24 um_pwv,35.0,2.141 K,1.96969
20260210,113152.091106,113152.091106,0.0,836.832 um_pwv,1021.58 um_pwv,35.0,2.071 K,1.97230
20260210,113153.050674,113153.050674,0.0,834.74 um_pwv,1019.03 um_pwv,35.0,1.891 K,1.96735
20260210,113154.011471,113154.011471,0.0,837.505 um_pwv,1022.4 um_pwv,35.0,1.941 K,1.97389
20260210,113154.969423,113154.969423,0.0,836.968 um_pwv,1021.75 um_pwv,35.0,1.939 K,1.97262
20260210,113155.935721,113155.935721,0.0,838.217 um_pwv,1023.27 um_pwv,35.0,1.823 K,1.97557
20260210,113156.891904,113156.891904,0.0,840.072 um_pwv,1025.54 um_pwv,35.0,1.955 K,1.97995
20260210,113157.851407,113157.851407,0.0,844.947 um_pwv,1031.49 um_pwv,35.0,2.162 K,1.99147
20260210,113158.810493,113158.810493,0.0,845.928 um_pwv,1032.69 um_pwv,35.0,2.099 K,1.99379
20260210,113159.771635,113159.771635,0.0,848.575 um_pwv,1035.92 um_pwv,35.0,2.232 K,2.00005
20260210,113200.732092,113200.732092,0.0,848.165 um_pwv,1035.42 um_pwv,35.0,2.342 K,1.99908
20260210,113201.692200,113201.692200,0.0,849.548 um_pwv,1037.11 um_pwv,35.0,2.343 K,2.00235
20260210,113202.651713,113202.651713,0.0,846.564 um_pwv,1033.46 um_pwv,35.0,2.31 K,1.99529
20260210,113203.609569,113203.609569,0.0,844.53 um_pwv,1030.98 um_pwv,35.0,2.225 K,1.99049
20260210,113204.571740,113204.571740,0.0,843.688 um_pwv,1029.95 um_pwv,35.0,2.174 K,1.98850
20260210,113205.529761,113205.529761,0.0,840.404 um_pwv,1025.94 um_pwv,35.0,2.161 K,1.98074
20260210,113206.494893,113206.494893,0.0,837.804 um_pwv,1022.77 um_pwv,35.0,2.077 K,1.97459
20260210,113207.449293,113207.449293,0.0,833.822 um_pwv,1017.91 um_pwv,35.0,2.065 K,1.96518
20260210,113208.410524,113208.410524,0.0,832.424 um_pwv,1016.2 um_pwv,35.0,1.984 K,1.96188
20260210,113209.369029,113209.369029,0.0,830.474 um_pwv,1013.82 um_pwv,35.0,2.011 K,1.95727
20260210,113210.332068,113210.332068,0.0,831.081 um_pwv,1014.56 um_pwv,35.0,1.987 K,1.95870
20260210,113211.293946,113211.293946,0.0,828.509 um_pwv,1011.42 um_pwv,35.0,2.173 K,1.95263
20260210,113212.250693,113212.250693,0.0,829.205 um_pwv,1012.27 um_pwv,35.0,2.18 K,1.95427
20260210,113213.211693,113213.211693,0.0,830.884 um_pwv,1014.32 um_pwv,35.0,2.29 K,1.95824
20260210,113214.171461,113214.171461,0.0,833.226 um_pwv,1017.18 um_pwv,35.0,2.276 K,1.96377
20260210,113215.133340,113215.133340,0.0,834.698 um_pwv,1018.98 um_pwv,35.0,2.418 K,1.96725
20260210,113216.093900,113216.093900,0.0,835.821 um_pwv,1020.35 um_pwv,35.0,2.528 K,1.96991
20260210,113217.050481,113217.050481,0.0,837.112 um_pwv,1021.93 um_pwv,35.0,2.513 K,1.97296
20260210,113218.013562,113218.013562,0.0,836.874 um_pwv,1021.63 um_pwv,35.0,2.449 K,1.97239
20260210,113218.969742,113218.969742,0.0,837.307 um_pwv,1022.16 um_pwv,35.0,2.352 K,1.97342
20260210,113219.929738,113219.929738,0.0,838.371 um_pwv,1023.46 um_pwv,35.0,2.137 K,1.97593
20260210,113220.891034,113220.891034,0.0,836.656 um_pwv,1021.37 um_pwv,35.0,2.141 K,1.97188
20260210,113221.852635,113221.852635,0.0,834.428 um_pwv,1018.65 um_pwv,35.0,1.877 K,1.96662
20260210,113222.811991,113222.811991,0.0,835.647 um_pwv,1020.14 um_pwv,35.0,1.882 K,1.96949
20260210,113223.769056,113223.769056,0.0,834.634 um_pwv,1018.9 um_pwv,35.0,1.877 K,1.96710
20260210,113224.730430,113224.730430,0.0,836.357 um_pwv,1021 um_pwv,35.0,1.936 K,1.97117
20260210,113225.690007,113225.690007,0.0,839.77 um_pwv,1025.17 um_pwv,35.0,1.904 K,1.97924
20260210,113226.649268,113226.649268,0.0,842.532 um_pwv,1028.54 um_pwv,35.0,1.99 K,1.98576
20260210,113227.614073,113227.614073,0.0,846.587 um_pwv,1033.49 um_pwv,35.0,2.169 K,1.99535
20260210,113228.572339,113228.572339,0.0,846.295 um_pwv,1033.13 um_pwv,35.0,2.255 K,1.99466
20260210,113229.529744,113229.529744,0.0,848.95 um_pwv,1036.38 um_pwv,35.0,2.303 K,2.00093
20260210,113230.490808,113230.490808,0.0,851.657 um_pwv,1039.68 um_pwv,35.0,2.421 K,2.00733
20260210,113231.452039,113231.452039,0.0,850.303 um_pwv,1038.03 um_pwv,35.0,2.476 K,2.00413
20260210,113232.413496,113232.413496,0.0,847.119 um_pwv,1034.14 um_pwv,35.0,2.496 K,1.99661
20260210,113233.371952,113233.371952,0.0,846.22 um_pwv,1033.04 um_pwv,35.0,2.358 K,1.99448
20260210,113234.333992,113234.333992,0.0,845.144 um_pwv,1031.73 um_pwv,35.0,2.371 K,1.99194
20260210,113235.293339,113235.293339,0.0,840.662 um_pwv,1026.26 um_pwv,35.0,2.182 K,1.98135
20260210,113236.249643,113236.249643,0.0,837.452 um_pwv,1022.34 um_pwv,35.0,2.23 K,1.97376
20260210,113237.210032,113237.210032,0.0,834.369 um_pwv,1018.58 um_pwv,35.0,2.119 K,1.96648
20260210,113238.169507,113238.169507,0.0,829.655 um_pwv,1012.82 um_pwv,35.0,1.939 K,1.95534
20260210,113239.132068,113239.132068,0.0,830.228 um_pwv,1013.52 um_pwv,35.0,1.991 K,1.95669
20260210,113240.093306,113240.093306,0.0,828.816 um_pwv,1011.8 um_pwv,35.0,1.967 K,1.95335
20260210,113241.053893,113241.053893,0.0,828.121 um_pwv,1010.95 um_pwv,35.0,2.044 K,1.95171
20260210,113242.011286,113242.011286,0.0,829.377 um_pwv,1012.48 um_pwv,35.0,2.255 K,1.95468
20260210,113242.970970,113242.970970,0.0,830.679 um_pwv,1014.07 um_pwv,35.0,2.23 K,1.95776
20260210,113243.931591,113243.931591,0.0,833.276 um_pwv,1017.24 um_pwv,35.0,2.274 K,1.96389
20260210,113244.891560,113244.891560,0.0,834.387 um_pwv,1018.6 um_pwv,35.0,2.386 K,1.96652
20260210,113245.852798,113245.852798,0.0,836.254 um_pwv,1020.88 um_pwv,35.0,2.472 K,1.97093
20260210,113246.814626,113246.814626,0.0,836.245 um_pwv,1020.87 um_pwv,35.0,2.482 K,1.97091
20260210,113247.770654,113247.770654,0.0,836.926 um_pwv,1021.7 um_pwv,35.0,2.432 K,1.97252
20260210,113248.731237,113248.731237,0.0,837.67 um_pwv,1022.61 um_pwv,35.0,2.305 K,1.97428
20260210,113249.693543,113249.693543,0.0,838.022 um_pwv,1023.04 um_pwv,35.0,2.13 K,1.97511
20260210,113250.651671,113250.651671,0.0,837.225 um_pwv,1022.06 um_pwv,35.0,2.079 K,1.97322
20260210,113251.612662,113251.612662,0.0,839.158 um_pwv,1024.42 um_pwv,35.0,2.092 K,1.97779
20260210,113252.570655,113252.570655,0.0,835.75 um_pwv,1020.26 um_pwv,35.0,1.984 K,1.96974
20260210,113253.533051,113253.533051,0.0,837.255 um_pwv,1022.1 um_pwv,35.0,1.947 K,1.97329
20260210,113254.492467,113254.492467,0.0,837.163 um_pwv,1021.99 um_pwv,35.0,1.918 K,1.97308
20260210,113255.455151,113255.455151,0.0,839.252 um_pwv,1024.54 um_pwv,35.0,1.981 K,1.97802
20260210,113256.409056,113256.409056,0.0,842.407 um_pwv,1028.39 um_pwv,35.0,2.018 K,1.98547
20260210,113257.369620,113257.369620,0.0,844.164 um_pwv,1030.53 um_pwv,35.0,2.069 K,1.98962
20260210,113258.330996,113258.330996,0.0,848.551 um_pwv,1035.89 um_pwv,35.0,2.345 K,1.99999
20260210,113259.291403,113259.291403,0.0,848.449 um_pwv,1035.76 um_pwv,35.0,2.295 K,1.99975
20260210,113300.252728,113300.252728,0.0,849.893 um_pwv,1037.53 um_pwv,35.0,2.42 K,2.00316
20260210,113301.215303,113301.215303,0.0,849.8 um_pwv,1037.41 um_pwv,35.0,2.4 K,2.00294
20260210,113302.174286,113302.174286,0.0,847.516 um_pwv,1034.63 um_pwv,35.0,2.371 K,1.99754
20260210,113303.131462,113303.131462,0.0,846.032 um_pwv,1032.81 um_pwv,35.0,2.336 K,1.99404
20260210,113304.088504,113304.088504,0.0,842.137 um_pwv,1028.06 um_pwv,35.0,2.238 K,1.98483
20260210,113305.051692,113305.051692,0.0,839.407 um_pwv,1024.73 um_pwv,35.0,2.172 K,1.97838
20260210,113306.014868,113306.014868,0.0,836.936 um_pwv,1021.71 um_pwv,35.0,2.007 K,1.97254
20260210,113306.974129,113306.974129,0.0,831.479 um_pwv,1015.05 um_pwv,35.0,2.002 K,1.95965
20260210,113307.929912,113307.929912,0.0,829.839 um_pwv,1013.05 um_pwv,35.0,1.964 K,1.95577
20260210,113308.891971,113308.891971,0.0,830.074 um_pwv,1013.33 um_pwv,35.0,2.088 K,1.95632
20260210,113309.849918,113309.849918,0.0,829.032 um_pwv,1012.06 um_pwv,35.0,2.025 K,1.95386
20260210,113310.811482,113310.811482,0.0,829.368 um_pwv,1012.47 um_pwv,35.0,2.078 K,1.95466
20260210,113311.772342,113311.772342,0.0,830.823 um_pwv,1014.25 um_pwv,35.0,2.271 K,1.95810
20260210,113312.730951,113312.730951,0.0,833.555 um_pwv,1017.58 um_pwv,35.0,2.418 K,1.96455
20260210,113313.693300,113313.693300,0.0,835.399 um_pwv,1019.83 um_pwv,35.0,2.378 K,1.96891
20260210,113314.649800,113314.649800,0.0,836.295 um_pwv,1020.93 um_pwv,35.0,2.461 K,1.97103
20260210,113315.609315,113315.609315,0.0,838.167 um_pwv,1023.21 um_pwv,35.0,2.518 K,1.97545
20260210,113316.572059,113316.572059,0.0,838.105 um_pwv,1023.14 um_pwv,35.0,2.553 K,1.97530
20260210,113317.530294,113317.530294,0.0,837.928 um_pwv,1022.92 um_pwv,35.0,2.433 K,1.97489
20260210,113318.495499,113318.495499,0.0,837.606 um_pwv,1022.53 um_pwv,35.0,2.244 K,1.97412
20260210,113319.450062,113319.450062,0.0,838.312 um_pwv,1023.39 um_pwv,35.0,2.16 K,1.97579
20260210,113320.413160,113320.413160,0.0,837.101 um_pwv,1021.91 um_pwv,35.0,2.063 K,1.97293
20260210,113321.372650,113321.372650,0.0,836.224 um_pwv,1020.84 um_pwv,35.0,1.983 K,1.97086
20260210,113322.334166,113322.334166,0.0,835.75 um_pwv,1020.26 um_pwv,35.0,1.96 K,1.96974
20260210,113323.289843,113323.289843,0.0,836.089 um_pwv,1020.68 um_pwv,35.0,1.919 K,1.97054
20260210,113324.254621,113324.254621,0.0,838.04 um_pwv,1023.06 um_pwv,35.0,1.998 K,1.97515
20260210,113325.212274,113325.212274,0.0,839.874 um_pwv,1025.3 um_pwv,35.0,2.027 K,1.97948
20260210,113326.174139,113326.174139,0.0,844.25 um_pwv,1030.64 um_pwv,35.0,2.174 K,1.98983
20260210,113327.130492,113327.130492,0.0,844.093 um_pwv,1030.45 um_pwv,35.0,2.218 K,1.98945
20260210,113328.093112,113328.093112,0.0,847.861 um_pwv,1035.05 um_pwv,35.0,2.212 K,1.99836
20260210,113329.052338,113329.052338,0.0,850.124 um_pwv,1037.81 um_pwv,35.0,2.224 K,2.00371
20260210,113330.014237,113330.014237,0.0,848.426 um_pwv,1035.74 um_pwv,35.0,2.406 K,1.99969
20260210,113330.974498,113330.974498,0.0,847.14 um_pwv,1034.17 um_pwv,35.0,2.344 K,1.99666
20260210,113331.930639,113331.930639,0.0,846.513 um_pwv,1033.4 um_pwv,35.0,2.395 K,1.99517
20260210,113332.898644,113332.898644,0.0,845.543 um_pwv,1032.22 um_pwv,35.0,2.315 K,1.99288
20260210,113333.854373,113333.854373,0.0,842.73 um_pwv,1028.78 um_pwv,35.0,2.206 K,1.98623
20260210,113334.810452,113334.810452,0.0,837.647 um_pwv,1022.58 um_pwv,35.0,2.133 K,1.97422
20260210,113335.773621,113335.773621,0.0,835.429 um_pwv,1019.87 um_pwv,35.0,2.009 K,1.96898
20260210,113336.730390,113336.730390,0.0,831.869 um_pwv,1015.52 um_pwv,35.0,2.059 K,1.96057
20260210,113337.694882,113337.694882,0.0,829.86 um_pwv,1013.07 um_pwv,35.0,2.108 K,1.95582
20260210,113338.650580,113338.650580,0.0,829.286 um_pwv,1012.37 um_pwv,35.0,2.081 K,1.95446
20260210,113339.614757,113339.614757,0.0,829.123 um_pwv,1012.17 um_pwv,35.0,2.119 K,1.95408
20260210,113340.572237,113340.572237,0.0,828.714 um_pwv,1011.67 um_pwv,35.0,2.092 K,1.95311
20260210,113341.531523,113341.531523,0.0,829.971 um_pwv,1013.21 um_pwv,35.0,2.283 K,1.95608
20260210,113342.493080,113342.493080,0.0,832.465 um_pwv,1016.25 um_pwv,35.0,2.274 K,1.96198
20260210,113343.450903,113343.450903,0.0,835.644 um_pwv,1020.13 um_pwv,35.0,2.456 K,1.96949
20260210,113344.410688,113344.410688,0.0,836.204 um_pwv,1020.82 um_pwv,35.0,2.482 K,1.97081
20260210,113345.372574,113345.372574,0.0,837.071 um_pwv,1021.87 um_pwv,35.0,2.433 K,1.97286
20260210,113346.334736,113346.334736,0.0,836.522 um_pwv,1021.21 um_pwv,35.0,2.379 K,1.97156
20260210,113347.291926,113347.291926,0.0,837.957 um_pwv,1022.96 um_pwv,35.0,2.358 K,1.97496
20260210,113348.250625,113348.250625,0.0,837.535 um_pwv,1022.44 um_pwv,35.0,2.244 K,1.97396
20260210,113349.210514,113349.210514,0.0,838.114 um_pwv,1023.15 um_pwv,35.0,2.126 K,1.97533
20260210,113350.174806,113350.174806,0.0,836.605 um_pwv,1021.31 um_pwv,35.0,2.036 K,1.97176
20260210,113351.132008,113351.132008,0.0,834.625 um_pwv,1018.89 um_pwv,35.0,1.888 K,1.96708
20260210,113352.093262,113352.093262,0.0,834.264 um_pwv,1018.45 um_pwv,35.0,1.843 K,1.96623
20260210,113353.054844,113353.054844,0.0,836.885 um_pwv,1021.65 um_pwv,35.0,1.919 K,1.97242
20260210,113354.009277,113354.009277,0.0,837.576 um_pwv,1022.49 um_pwv,35.0,1.895 K,1.97405
20260210,113354.968439,113354.968439,0.0,843.01 um_pwv,1029.13 um_pwv,35.0,2.075 K,1.98690
20260210,113355.930624,113355.930624,0.0,842.199 um_pwv,1028.14 um_pwv,35.0,2.066 K,1.98498
20260210,113356.889417,113356.889417,0.0,845.647 um_pwv,1032.34 um_pwv,35.0,2.133 K,1.99313
20260210,113357.850987,113357.850987,0.0,848.931 um_pwv,1036.35 um_pwv,35.0,2.222 K,2.00089
20260210,113358.813249,113358.813249,0.0,851.134 um_pwv,1039.04 um_pwv,35.0,2.373 K,2.00609
20260210,113359.770623,113359.770623,0.0,849.893 um_pwv,1037.53 um_pwv,35.0,2.427 K,2.00316
20260210,113400.730864,113400.730864,0.0,849.474 um_pwv,1037.02 um_pwv,35.0,2.45 K,2.00217
20260210,113401.694682,113401.694682,0.0,846.388 um_pwv,1033.25 um_pwv,35.0,2.3 K,1.99488
20260210,113402.653873,113402.653873,0.0,845.323 um_pwv,1031.95 um_pwv,35.0,2.266 K,1.99236
20260210,113403.610678,113403.610678,0.0,841.243 um_pwv,1026.97 um_pwv,35.0,2.246 K,1.98272
20260210,113404.571254,113404.571254,0.0,839.418 um_pwv,1024.74 um_pwv,35.0,2.066 K,1.97841
20260210,113405.532109,113405.532109,0.0,833.616 um_pwv,1017.66 um_pwv,35.0,2.006 K,1.96470
20260210,113406.491110,113406.491110,0.0,832.897 um_pwv,1016.78 um_pwv,35.0,2.019 K,1.96300
20260210,113407.454753,113407.454753,0.0,830.424 um_pwv,1013.76 um_pwv,35.0,2.017 K,1.95715
20260210,113408.409308,113408.409308,0.0,827.242 um_pwv,1009.88 um_pwv,35.0,2.054 K,1.94963
20260210,113409.370535,113409.370535,0.0,826.233 um_pwv,1008.64 um_pwv,35.0,2.057 K,1.94725
20260210,113410.331955,113410.331955,0.0,828.529 um_pwv,1011.45 um_pwv,35.0,2.125 K,1.95268
20260210,113411.289101,113411.289101,0.0,832.054 um_pwv,1015.75 um_pwv,35.0,2.263 K,1.96101
20260210,113412.252428,113412.252428,0.0,832.988 um_pwv,1016.89 um_pwv,35.0,2.362 K,1.96321
20260210,113413.215389,113413.215389,0.0,834.728 um_pwv,1019.01 um_pwv,35.0,2.292 K,1.96732
20260210,113414.170912,113414.170912,0.0,837.101 um_pwv,1021.91 um_pwv,35.0,2.463 K,1.97293
20260210,113415.132732,113415.132732,0.0,838.312 um_pwv,1023.39 um_pwv,35.0,2.401 K,1.97579
20260210,113416.093539,113416.093539,0.0,837.898 um_pwv,1022.88 um_pwv,35.0,2.409 K,1.97481
20260210,113417.054968,113417.054968,0.0,840.111 um_pwv,1025.59 um_pwv,35.0,2.326 K,1.98005
20260210,113418.011387,113418.011387,0.0,838.725 um_pwv,1023.89 um_pwv,35.0,2.193 K,1.97677
20260210,113418.972393,113418.972393,0.0,839.625 um_pwv,1024.99 um_pwv,35.0,2.199 K,1.97890
20260210,113419.931704,113419.931704,0.0,835.933 um_pwv,1020.49 um_pwv,35.0,2.047 K,1.97017
20260210,113420.895695,113420.895695,0.0,833.998 um_pwv,1018.12 um_pwv,35.0,1.824 K,1.96560
20260210,113421.851338,113421.851338,0.0,835.585 um_pwv,1020.06 um_pwv,35.0,1.9 K,1.96935
20260210,113422.810370,113422.810370,0.0,836.461 um_pwv,1021.13 um_pwv,35.0,1.88 K,1.97142
20260210,113423.775345,113423.775345,0.0,838.374 um_pwv,1023.47 um_pwv,35.0,1.945 K,1.97594
20260210,113424.732203,113424.732203,0.0,840.455 um_pwv,1026.01 um_pwv,35.0,1.917 K,1.98086
20260210,113425.693272,113425.693272,0.0,845.198 um_pwv,1031.8 um_pwv,35.0,2.13 K,1.99207
20260210,113426.651349,113426.651349,0.0,847.84 um_pwv,1035.02 um_pwv,35.0,2.213 K,1.99831
20260210,113427.612261,113427.612261,0.0,849.359 um_pwv,1036.88 um_pwv,35.0,2.164 K,2.00190
20260210,113428.572366,113428.572366,0.0,849.874 um_pwv,1037.5 um_pwv,35.0,2.284 K,2.00312
20260210,113429.534907,113429.534907,0.0,848.312 um_pwv,1035.6 um_pwv,35.0,2.295 K,1.99942
20260210,113430.491267,113430.491267,0.0,848.575 um_pwv,1035.92 um_pwv,35.0,2.391 K,2.00005
20260210,113431.455142,113431.455142,0.0,845.218 um_pwv,1031.82 um_pwv,35.0,2.284 K,1.99211
20260210,113432.416084,113432.416084,0.0,843.718 um_pwv,1029.99 um_pwv,35.0,2.25 K,1.98857
20260210,113433.371005,113433.371005,0.0,841.026 um_pwv,1026.7 um_pwv,35.0,2.255 K,1.98221
20260210,113434.333808,113434.333808,0.0,837.957 um_pwv,1022.96 um_pwv,35.0,2.124 K,1.97496
20260210,113435.295655,113435.295655,0.0,833.79 um_pwv,1017.87 um_pwv,35.0,2.084 K,1.96511
20260210,113436.251094,113436.251094,0.0,830.392 um_pwv,1013.72 um_pwv,35.0,1.978 K,1.95708
20260210,113437.211186,113437.211186,0.0,827.426 um_pwv,1010.1 um_pwv,35.0,1.979 K,1.95007
20260210,113438.172438,113438.172438,0.0,828.17 um_pwv,1011.01 um_pwv,35.0,2.014 K,1.95183
20260210,113439.135407,113439.135407,0.0,826.589 um_pwv,1009.08 um_pwv,35.0,2.095 K,1.94809
20260210,113440.096204,113440.096204,0.0,827.437 um_pwv,1010.11 um_pwv,35.0,2.132 K,1.95010
20260210,113441.050943,113441.050943,0.0,830.422 um_pwv,1013.76 um_pwv,35.0,2.198 K,1.95715
20260210,113442.013722,113442.013722,0.0,832.938 um_pwv,1016.83 um_pwv,35.0,2.235 K,1.96309
20260210,113442.975565,113442.975565,0.0,836.575 um_pwv,1021.27 um_pwv,35.0,2.505 K,1.97169
20260210,113443.931865,113443.931865,0.0,835.977 um_pwv,1020.54 um_pwv,35.0,2.412 K,1.97027
20260210,113444.893081,113444.893081,0.0,838.578 um_pwv,1023.71 um_pwv,35.0,2.324 K,1.97642
20260210,113445.854013,113445.854013,0.0,838.187 um_pwv,1023.24 um_pwv,35.0,2.347 K,1.97550
20260210,113446.815762,113446.815762,0.0,839.459 um_pwv,1024.79 um_pwv,35.0,2.285 K,1.97851
20260210,113447.771809,113447.771809,0.0,838.433 um_pwv,1023.54 um_pwv,35.0,2.178 K,1.97608
20260210,113448.733199,113448.733199,0.0,837.597 um_pwv,1022.52 um_pwv,35.0,2.062 K,1.97410
20260210,113449.692297,113449.692297,0.0,836.399 um_pwv,1021.05 um_pwv,35.0,2.056 K,1.97127
20260210,113450.652015,113450.652015,0.0,836.243 um_pwv,1020.86 um_pwv,35.0,2.033 K,1.97090
20260210,113451.613096,113451.613096,0.0,834.254 um_pwv,1018.44 um_pwv,35.0,1.893 K,1.96620
20260210,113452.571550,113452.571550,0.0,837.337 um_pwv,1022.2 um_pwv,35.0,1.959 K,1.97349
20260210,113453.532646,113453.532646,0.0,838.288 um_pwv,1023.36 um_pwv,35.0,1.873 K,1.97574
20260210,113454.491450,113454.491450,0.0,841.825 um_pwv,1027.68 um_pwv,35.0,1.916 K,1.98409
20260210,113455.451742,113455.451742,0.0,845.313 um_pwv,1031.94 um_pwv,35.0,2.119 K,1.99234
20260210,113456.414337,113456.414337,0.0,847.861 um_pwv,1035.05 um_pwv,35.0,2.141 K,1.99836
20260210,113457.375557,113457.375557,0.0,849.474 um_pwv,1037.02 um_pwv,35.0,2.299 K,2.00217
20260210,113458.332192,113458.332192,0.0,849.853 um_pwv,1037.48 um_pwv,35.0,2.381 K,2.00307
20260210,113459.294096,113459.294096,0.0,847.84 um_pwv,1035.02 um_pwv,35.0,2.445 K,1.99831
20260210,113500.255840,113500.255840,0.0,848.656 um_pwv,1036.02 um_pwv,35.0,2.456 K,2.00024
20260210,113501.215846,113501.215846,0.0,846.021 um_pwv,1032.8 um_pwv,35.0,2.411 K,1.99401
20260210,113502.172161,113502.172161,0.0,844.081 um_pwv,1030.43 um_pwv,35.0,2.282 K,1.98943
20260210,113503.131800,113503.131800,0.0,839.966 um_pwv,1025.41 um_pwv,35.0,2.097 K,1.97970
20260210,113504.091997,113504.091997,0.0,836.357 um_pwv,1021 um_pwv,35.0,2.115 K,1.97117
20260210,113505.055943,113505.055943,0.0,831.796 um_pwv,1015.44 um_pwv,35.0,1.99 K,1.96040
20260210,113506.013756,113506.013756,0.0,829.295 um_pwv,1012.38 um_pwv,35.0,1.983 K,1.95449
20260210,113506.971787,113506.971787,0.0,826.193 um_pwv,1008.6 um_pwv,35.0,2.013 K,1.94715
20260210,113507.932588,113507.932588,0.0,825.814 um_pwv,1008.13 um_pwv,35.0,2.014 K,1.94626
20260210,113508.893955,113508.893955,0.0,826.211 um_pwv,1008.62 um_pwv,35.0,2.089 K,1.94720
20260210,113509.852192,113509.852192,0.0,827.067 um_pwv,1009.66 um_pwv,35.0,2.271 K,1.94922
20260210,113510.813980,113510.813980,0.0,830.392 um_pwv,1013.72 um_pwv,35.0,2.342 K,1.95708
20260210,113511.773549,113511.773549,0.0,832.926 um_pwv,1016.82 um_pwv,35.0,2.357 K,1.96307
20260210,113512.735834,113512.735834,0.0,835.47 um_pwv,1019.92 um_pwv,35.0,2.514 K,1.96908
20260210,113513.691263,113513.691263,0.0,837.266 um_pwv,1022.11 um_pwv,35.0,2.47 K,1.97332
20260210,113514.652160,113514.652160,0.0,837.981 um_pwv,1022.99 um_pwv,35.0,2.384 K,1.97501
20260210,113515.616254,113515.616254,0.0,838.259 um_pwv,1023.32 um_pwv,35.0,2.381 K,1.97567
20260210,113516.573154,113516.573154,0.0,838.62 um_pwv,1023.77 um_pwv,35.0,2.357 K,1.97652
20260210,113517.533543,113517.533543,0.0,837.762 um_pwv,1022.72 um_pwv,35.0,2.179 K,1.97449
20260210,113518.490418,113518.490418,0.0,835.264 um_pwv,1019.67 um_pwv,35.0,2.102 K,1.96859
20260210,113519.456049,113519.456049,0.0,834.657 um_pwv,1018.93 um_pwv,35.0,1.97 K,1.96716
20260210,113520.413325,113520.413325,0.0,832.885 um_pwv,1016.76 um_pwv,35.0,1.81 K,1.96297
20260210,113521.374506,113521.374506,0.0,834.534 um_pwv,1018.78 um_pwv,35.0,1.894 K,1.96686
20260210,113522.335762,113522.335762,0.0,836.614 um_pwv,1021.32 um_pwv,35.0,1.781 K,1.97178
20260210,113523.292536,113523.292536,0.0,839.812 um_pwv,1025.22 um_pwv,35.0,1.948 K,1.97934
20260210,113524.256033,113524.256033,0.0,842.344 um_pwv,1028.31 um_pwv,35.0,2.014 K,1.98532
20260210,113525.212109,113525.212109,0.0,843.405 um_pwv,1029.61 um_pwv,35.0,2.09 K,1.98783
20260210,113526.175962,113526.175962,0.0,846.638 um_pwv,1033.55 um_pwv,35.0,2.216 K,1.99547
20260210,113527.132683,113527.132683,0.0,848.479 um_pwv,1035.8 um_pwv,35.0,2.295 K,1.99982
20260210,113528.095105,113528.095105,0.0,849.338 um_pwv,1036.85 um_pwv,35.0,2.391 K,2.00185
20260210,113529.051088,113529.051088,0.0,851.575 um_pwv,1039.58 um_pwv,35.0,2.464 K,2.00714
20260210,113530.010100,113530.010100,0.0,850.525 um_pwv,1038.3 um_pwv,35.0,2.478 K,2.00465
20260210,113530.970581,113530.970581,0.0,846.053 um_pwv,1032.84 um_pwv,35.0,2.302 K,1.99409
20260210,113531.936207,113531.936207,0.0,842.407 um_pwv,1028.39 um_pwv,35.0,2.231 K,1.98547
20260210,113532.896560,113532.896560,0.0,841.024 um_pwv,1026.7 um_pwv,35.0,2.207 K,1.98220
20260210,113533.853796,113533.853796,0.0,835.005 um_pwv,1019.35 um_pwv,35.0,2.066 K,1.96798
20260210,113534.816886,113534.816886,0.0,832.958 um_pwv,1016.85 um_pwv,35.0,2.02 K,1.96314
20260210,113535.772291,113535.772291,0.0,828.723 um_pwv,1011.68 um_pwv,35.0,1.99 K,1.95313
20260210,113536.734200,113536.734200,0.0,826.487 um_pwv,1008.95 um_pwv,35.0,2.001 K,1.94785
20260210,113537.692328,113537.692328,0.0,825.447 um_pwv,1007.69 um_pwv,35.0,2.086 K,1.94539
20260210,113538.656619,113538.656619,0.0,825.663 um_pwv,1007.95 um_pwv,35.0,2.078 K,1.94590
20260210,113539.614469,113539.614469,0.0,828.652 um_pwv,1011.6 um_pwv,35.0,2.183 K,1.95297
20260210,113540.573570,113540.573570,0.0,830.044 um_pwv,1013.3 um_pwv,35.0,2.315 K,1.95625
20260210,113541.534770,113541.534770,0.0,833.411 um_pwv,1017.41 um_pwv,35.0,2.246 K,1.96421
20260210,113542.496152,113542.496152,0.0,834.584 um_pwv,1018.84 um_pwv,35.0,2.281 K,1.96698
20260210,113543.453286,113543.453286,0.0,838.063 um_pwv,1023.09 um_pwv,35.0,2.393 K,1.97521
20260210,113544.416507,113544.416507,0.0,838.063 um_pwv,1023.09 um_pwv,35.0,2.301 K,1.97521
20260210,113545.372298,113545.372298,0.0,836.977 um_pwv,1021.76 um_pwv,35.0,2.294 K,1.97264
20260210,113546.336649,113546.336649,0.0,838.921 um_pwv,1024.13 um_pwv,35.0,2.239 K,1.97723
20260210,113547.292772,113547.292772,0.0,839.057 um_pwv,1024.3 um_pwv,35.0,2.16 K,1.97755
20260210,113548.252678,113548.252678,0.0,835.718 um_pwv,1020.22 um_pwv,35.0,2.115 K,1.96966
20260210,113549.214491,113549.214491,0.0,834.934 um_pwv,1019.27 um_pwv,35.0,1.98 K,1.96781
20260210,113550.176237,113550.176237,0.0,834.657 um_pwv,1018.93 um_pwv,35.0,1.939 K,1.96716
20260210,113551.135342,113551.135342,0.0,835.397 um_pwv,1019.83 um_pwv,35.0,1.906 K,1.96890
20260210,113552.096308,113552.096308,0.0,837.059 um_pwv,1021.86 um_pwv,35.0,1.934 K,1.97283
20260210,113553.052182,113553.052182,0.0,839.812 um_pwv,1025.22 um_pwv,35.0,1.962 K,1.97934
20260210,113554.012439,113554.012439,0.0,842.876 um_pwv,1028.96 um_pwv,35.0,1.954 K,1.98658
20260210,113554.973535,113554.973535,0.0,844.197 um_pwv,1030.57 um_pwv,35.0,2.099 K,1.98970
20260210,113555.933089,113555.933089,0.0,847.851 um_pwv,1035.04 um_pwv,35.0,2.163 K,1.99834
20260210,113556.895926,113556.895926,0.0,848.312 um_pwv,1035.6 um_pwv,35.0,2.302 K,1.99942
20260210,113557.856951,113557.856951,0.0,850.492 um_pwv,1038.26 um_pwv,35.0,2.387 K,2.00458
20260210,113558.813480,113558.813480,0.0,851.386 um_pwv,1039.35 um_pwv,35.0,2.435 K,2.00669
20260210,113559.775021,113559.775021,0.0,849.14 um_pwv,1036.61 um_pwv,35.0,2.376 K,2.00138
20260210,113600.735221,113600.735221,0.0,844.635 um_pwv,1031.11 um_pwv,35.0,2.276 K,1.99073
20260210,113601.695679,113601.695679,0.0,840.9 um_pwv,1026.55 um_pwv,35.0,2.197 K,1.98191
20260210,113602.652594,113602.652594,0.0,839.024 um_pwv,1024.26 um_pwv,35.0,2.177 K,1.97748
20260210,113603.612723,113603.612723,0.0,833.04 um_pwv,1016.95 um_pwv,35.0,1.939 K,1.96334
20260210,113604.573907,113604.573907,0.0,830.752 um_pwv,1014.16 um_pwv,35.0,1.926 K,1.95793
20260210,113605.534296,113605.534296,0.0,829.184 um_pwv,1012.25 um_pwv,35.0,2.008 K,1.95422
20260210,113606.495865,113606.495865,0.0,827.764 um_pwv,1010.51 um_pwv,35.0,2.032 K,1.95087
20260210,113607.454688,113607.454688,0.0,825.325 um_pwv,1007.54 um_pwv,35.0,2.101 K,1.94510
20260210,113608.414860,113608.414860,0.0,825.427 um_pwv,1007.66 um_pwv,35.0,2.094 K,1.94534
20260210,113609.375199,113609.375199,0.0,826.222 um_pwv,1008.63 um_pwv,35.0,2.136 K,1.94722
20260210,113610.330403,113610.330403,0.0,829.114 um_pwv,1012.16 um_pwv,35.0,2.217 K,1.95406
20260210,113611.290984,113611.290984,0.0,833.37 um_pwv,1017.36 um_pwv,35.0,2.263 K,1.96411
20260210,113612.252895,113612.252895,0.0,836.617 um_pwv,1021.32 um_pwv,35.0,2.356 K,1.97179
20260210,113613.216465,113613.216465,0.0,837.854 um_pwv,1022.83 um_pwv,35.0,2.362 K,1.97471
20260210,113614.177428,113614.177428,0.0,838.88 um_pwv,1024.08 um_pwv,35.0,2.364 K,1.97713
20260210,113615.133774,113615.133774,0.0,837.597 um_pwv,1022.52 um_pwv,35.0,2.287 K,1.97410
20260210,113616.096662,113616.096662,0.0,837.287 um_pwv,1022.14 um_pwv,35.0,2.3 K,1.97337
20260210,113617.051718,113617.051718,0.0,837.526 um_pwv,1022.43 um_pwv,35.0,2.129 K,1.97394
20260210,113618.015718,113618.015718,0.0,835.152 um_pwv,1019.53 um_pwv,35.0,2.036 K,1.96833
20260210,113618.975489,113618.975489,0.0,835.676 um_pwv,1020.17 um_pwv,35.0,1.95 K,1.96957
20260210,113619.935226,113619.935226,0.0,833.813 um_pwv,1017.9 um_pwv,35.0,1.944 K,1.96516
20260210,113620.897278,113620.897278,0.0,835.688 um_pwv,1020.19 um_pwv,35.0,1.873 K,1.96959
20260210,113621.853830,113621.853830,0.0,838.176 um_pwv,1023.22 um_pwv,35.0,1.994 K,1.97547
20260210,113622.815295,113622.815295,0.0,840.621 um_pwv,1026.21 um_pwv,35.0,1.994 K,1.98125
20260210,113623.775793,113623.775793,0.0,843.563 um_pwv,1029.8 um_pwv,35.0,2.048 K,1.98820
20260210,113624.736760,113624.736760,0.0,844.76 um_pwv,1031.26 um_pwv,35.0,2.077 K,1.99103
20260210,113625.692463,113625.692463,0.0,848.028 um_pwv,1035.25 um_pwv,35.0,2.239 K,1.99875
20260210,113626.654693,113626.654693,0.0,849.704 um_pwv,1037.3 um_pwv,35.0,2.329 K,2.00272
20260210,113627.613840,113627.613840,0.0,851.647 um_pwv,1039.67 um_pwv,35.0,2.351 K,2.00731
20260210,113628.572670,113628.572670,0.0,850.471 um_pwv,1038.23 um_pwv,35.0,2.296 K,2.00453
20260210,113629.533560,113629.533560,0.0,847.286 um_pwv,1034.35 um_pwv,35.0,2.275 K,1.99700
20260210,113630.494979,113630.494979,0.0,843.572 um_pwv,1029.81 um_pwv,35.0,2.3 K,1.98822
20260210,113631.456958,113631.456958,0.0,842.398 um_pwv,1028.38 um_pwv,35.0,2.239 K,1.98545
20260210,113632.417106,113632.417106,0.0,838.765 um_pwv,1023.94 um_pwv,35.0,2.168 K,1.97686
20260210,113633.371138,113633.371138,0.0,834.44 um_pwv,1018.66 um_pwv,35.0,2.095 K,1.96664
20260210,113634.333623,113634.333623,0.0,830.618 um_pwv,1014 um_pwv,35.0,2.03 K,1.95761
20260210,113635.295448,113635.295448,0.0,826.65 um_pwv,1009.15 um_pwv,35.0,1.853 K,1.94823
20260210,113636.252988,113636.252988,0.0,824.755 um_pwv,1006.84 um_pwv,35.0,1.93 K,1.94376
20260210,113637.211287,113637.211287,0.0,824.633 um_pwv,1006.69 um_pwv,35.0,1.939 K,1.94347
20260210,113638.173268,113638.173268,0.0,823.767 um_pwv,1005.63 um_pwv,35.0,2.02 K,1.94142
20260210,113639.133478,113639.133478,0.0,826.109 um_pwv,1008.49 um_pwv,35.0,2.145 K,1.94695
20260210,113640.095657,113640.095657,0.0,828.918 um_pwv,1011.92 um_pwv,35.0,2.143 K,1.95359
20260210,113641.056130,113641.056130,0.0,832.075 um_pwv,1015.78 um_pwv,35.0,2.261 K,1.96105
20260210,113642.017546,113642.017546,0.0,836.945 um_pwv,1021.72 um_pwv,35.0,2.459 K,1.97256
20260210,113642.973320,113642.973320,0.0,839.522 um_pwv,1024.87 um_pwv,35.0,2.481 K,1.97865
20260210,113643.935282,113643.935282,0.0,839.708 um_pwv,1025.09 um_pwv,35.0,2.46 K,1.97909
20260210,113644.892757,113644.892757,0.0,838.052 um_pwv,1023.07 um_pwv,35.0,2.269 K,1.97518
20260210,113645.854315,113645.854315,0.0,839.895 um_pwv,1025.32 um_pwv,35.0,2.288 K,1.97953
20260210,113646.816642,113646.816642,0.0,836.472 um_pwv,1021.14 um_pwv,35.0,2.167 K,1.97145
20260210,113647.772429,113647.772429,0.0,837.204 um_pwv,1022.04 um_pwv,35.0,1.988 K,1.97318
20260210,113648.734221,113648.734221,0.0,835.399 um_pwv,1019.83 um_pwv,35.0,1.919 K,1.96891
20260210,113649.695426,113649.695426,0.0,836.027 um_pwv,1020.6 um_pwv,35.0,1.886 K,1.97039
20260210,113650.657308,113650.657308,0.0,835.264 um_pwv,1019.67 um_pwv,35.0,1.791 K,1.96859
20260210,113651.617310,113651.617310,0.0,837.204 um_pwv,1022.04 um_pwv,35.0,1.789 K,1.97318
20260210,113652.577661,113652.577661,0.0,841.192 um_pwv,1026.91 um_pwv,35.0,1.956 K,1.98260
20260210,113653.533731,113653.533731,0.0,845.239 um_pwv,1031.85 um_pwv,35.0,2.072 K,1.99216
20260210,113654.497460,113654.497460,0.0,845.666 um_pwv,1032.37 um_pwv,35.0,2.101 K,1.99317
20260210,113655.454672,113655.454672,0.0,848.542 um_pwv,1035.88 um_pwv,35.0,2.205 K,1.99997
20260210,113656.413481,113656.413481,0.0,849.213 um_pwv,1036.7 um_pwv,35.0,2.296 K,2.00155
20260210,113657.374449,113657.374449,0.0,852.099 um_pwv,1040.22 um_pwv,35.0,2.377 K,2.00837
20260210,113658.333747,113658.333747,0.0,852.795 um_pwv,1041.07 um_pwv,35.0,2.39 K,2.01002
20260210,113659.296692,113659.296692,0.0,847.589 um_pwv,1034.71 um_pwv,35.0,2.329 K,1.99772
20260210,113700.253460,113700.253460,0.0,845.531 um_pwv,1032.2 um_pwv,35.0,2.206 K,1.99285
20260210,113701.217709,113701.217709,0.0,841.596 um_pwv,1027.4 um_pwv,35.0,2.166 K,1.98355
20260210,113702.175032,113702.175032,0.0,837.68 um_pwv,1022.62 um_pwv,35.0,2.128 K,1.97430
20260210,113703.135988,113703.135988,0.0,834.41 um_pwv,1018.63 um_pwv,35.0,2.139 K,1.96657
20260210,113704.095863,113704.095863,0.0,828.816 um_pwv,1011.8 um_pwv,35.0,1.843 K,1.95335
20260210,113705.058001,113705.058001,0.0,827.589 um_pwv,1010.3 um_pwv,35.0,2.023 K,1.95045
20260210,113706.018096,113706.018096,0.0,825.937 um_pwv,1008.28 um_pwv,35.0,1.999 K,1.94655
20260210,113706.973380,113706.973380,0.0,827.192 um_pwv,1009.82 um_pwv,35.0,2.099 K,1.94952
20260210,113707.935024,113707.935024,0.0,826.272 um_pwv,1008.69 um_pwv,35.0,2.041 K,1.94734
20260210,113708.895726,113708.895726,0.0,828.407 um_pwv,1011.3 um_pwv,35.0,2.153 K,1.95239
20260210,113709.856412,113709.856412,0.0,830.504 um_pwv,1013.86 um_pwv,35.0,2.296 K,1.95734
20260210,113710.814430,113710.814430,0.0,837.018 um_pwv,1021.81 um_pwv,35.0,2.418 K,1.97274
20260210,113711.776473,113711.776473,0.0,837.39 um_pwv,1022.26 um_pwv,35.0,2.345 K,1.97361
20260210,113712.736513,113712.736513,0.0,839.572 um_pwv,1024.93 um_pwv,35.0,2.43 K,1.97877
20260210,113713.696737,113713.696737,0.0,841.234 um_pwv,1026.96 um_pwv,35.0,2.351 K,1.98270
20260210,113714.652686,113714.652686,0.0,839.356 um_pwv,1024.66 um_pwv,35.0,2.241 K,1.97826
20260210,113715.615205,113715.615205,0.0,839.024 um_pwv,1024.26 um_pwv,35.0,2.142 K,1.97748
20260210,113716.576749,113716.576749,0.0,837.555 um_pwv,1022.47 um_pwv,35.0,2.052 K,1.97401
20260210,113717.537138,113717.537138,0.0,836.006 um_pwv,1020.58 um_pwv,35.0,1.993 K,1.97035
20260210,113718.496108,113718.496108,0.0,835.367 um_pwv,1019.79 um_pwv,35.0,1.884 K,1.96883
20260210,113719.457273,113719.457273,0.0,834.687 um_pwv,1018.96 um_pwv,35.0,1.787 K,1.96723
20260210,113720.413788,113720.413788,0.0,838.445 um_pwv,1023.55 um_pwv,35.0,1.825 K,1.97611
20260210,113721.371809,113721.371809,0.0,839.729 um_pwv,1025.12 um_pwv,35.0,1.911 K,1.97914
20260210,113722.333808,113722.333808,0.0,842.395 um_pwv,1028.37 um_pwv,35.0,1.9 K,1.98544
20260210,113723.292028,113723.292028,0.0,844.873 um_pwv,1031.4 um_pwv,35.0,2.003 K,1.99130
20260210,113724.252669,113724.252669,0.0,846.952 um_pwv,1033.94 um_pwv,35.0,2.183 K,1.99621
20260210,113725.214727,113725.214727,0.0,848.605 um_pwv,1035.96 um_pwv,35.0,2.157 K,2.00012
20260210,113726.175553,113726.175553,0.0,849.83 um_pwv,1037.45 um_pwv,35.0,2.245 K,2.00301
20260210,113727.133856,113727.133856,0.0,852.311 um_pwv,1040.48 um_pwv,35.0,2.278 K,2.00888
20260210,113728.093985,113728.093985,0.0,851.5 um_pwv,1039.49 um_pwv,35.0,2.263 K,2.00696
20260210,113729.055475,113729.055475,0.0,846.596 um_pwv,1033.5 um_pwv,35.0,2.212 K,1.99537
20260210,113730.013454,113730.013454,0.0,843.343 um_pwv,1029.53 um_pwv,35.0,2.173 K,1.98768
20260210,113730.978057,113730.978057,0.0,839.179 um_pwv,1024.45 um_pwv,35.0,2.096 K,1.97784
20260210,113731.934801,113731.934801,0.0,836.511 um_pwv,1021.19 um_pwv,35.0,2.145 K,1.97154
20260210,113732.897535,113732.897535,0.0,831.849 um_pwv,1015.5 um_pwv,35.0,2.012 K,1.96052
20260210,113733.863290,113733.863290,0.0,830.196 um_pwv,1013.48 um_pwv,35.0,2.078 K,1.95662
20260210,113734.818065,113734.818065,0.0,827.487 um_pwv,1010.18 um_pwv,35.0,1.955 K,1.95021
20260210,113735.772074,113735.772074,0.0,826.181 um_pwv,1008.58 um_pwv,35.0,1.987 K,1.94713
20260210,113736.731715,113736.731715,0.0,824.235 um_pwv,1006.21 um_pwv,35.0,1.993 K,1.94253
20260210,113737.692972,113737.692972,0.0,827.152 um_pwv,1009.77 um_pwv,35.0,2.07 K,1.94942
20260210,113738.656094,113738.656094,0.0,829.523 um_pwv,1012.66 um_pwv,35.0,2.252 K,1.95502
20260210,113739.617099,113739.617099,0.0,833.422 um_pwv,1017.42 um_pwv,35.0,2.263 K,1.96424
20260210,113740.576628,113740.576628,0.0,834.696 um_pwv,1018.98 um_pwv,35.0,2.313 K,1.96725
20260210,113741.537522,113741.537522,0.0,837.895 um_pwv,1022.88 um_pwv,35.0,2.396 K,1.97481
20260210,113742.497337,113742.497337,0.0,838.889 um_pwv,1024.09 um_pwv,35.0,2.331 K,1.97716
20260210,113743.453787,113743.453787,0.0,840.443 um_pwv,1025.99 um_pwv,35.0,2.403 K,1.98083
20260210,113744.418604,113744.418604,0.0,839.107 um_pwv,1024.36 um_pwv,35.0,2.212 K,1.97767
20260210,113745.373674,113745.373674,0.0,837.089 um_pwv,1021.9 um_pwv,35.0,2.055 K,1.97290
20260210,113746.335621,113746.335621,0.0,837.771 um_pwv,1022.73 um_pwv,35.0,1.989 K,1.97452
20260210,113747.297883,113747.297883,0.0,834.749 um_pwv,1019.04 um_pwv,35.0,2.01 K,1.96737
20260210,113748.253226,113748.253226,0.0,836.121 um_pwv,1020.72 um_pwv,35.0,1.824 K,1.97062
20260210,113749.217182,113749.217182,0.0,836.346 um_pwv,1020.99 um_pwv,35.0,1.815 K,1.97115
20260210,113750.178150,113750.178150,0.0,838.921 um_pwv,1024.13 um_pwv,35.0,1.842 K,1.97723
20260210,113751.134702,113751.134702,0.0,841.264 um_pwv,1026.99 um_pwv,35.0,1.896 K,1.98277
20260210,113752.097787,113752.097787,0.0,843.979 um_pwv,1030.31 um_pwv,35.0,1.925 K,1.98919
20260210,113753.056326,113753.056326,0.0,843.676 um_pwv,1029.94 um_pwv,35.0,2.042 K,1.98847
20260210,113754.018183,113754.018183,0.0,849.054 um_pwv,1036.5 um_pwv,35.0,2.245 K,2.00118
20260210,113754.974070,113754.974070,0.0,848.835 um_pwv,1036.24 um_pwv,35.0,2.245 K,2.00066
20260210,113755.938392,113755.938392,0.0,849.851 um_pwv,1037.48 um_pwv,35.0,2.397 K,2.00306
20260210,113756.895986,113756.895986,0.0,852.795 um_pwv,1041.07 um_pwv,35.0,2.285 K,2.01002
20260210,113757.858652,113757.858652,0.0,852.047 um_pwv,1040.16 um_pwv,35.0,2.389 K,2.00825
20260210,113758.817030,113758.817030,0.0,847.005 um_pwv,1034 um_pwv,35.0,2.263 K,1.99634
20260210,113759.776672,113759.776672,0.0,844.218 um_pwv,1030.6 um_pwv,35.0,2.195 K,1.98975
20260210,113800.734281,113800.734281,0.0,839.024 um_pwv,1024.26 um_pwv,35.0,2.124 K,1.97748
20260210,113801.696700,113801.696700,0.0,834.131 um_pwv,1018.29 um_pwv,35.0,2.042 K,1.96591
20260210,113802.658909,113802.658909,0.0,831.623 um_pwv,1015.22 um_pwv,35.0,2.011 K,1.95999
20260210,113803.614476,113803.614476,0.0,827.946 um_pwv,1010.73 um_pwv,35.0,1.953 K,1.95130
20260210,113804.578174,113804.578174,0.0,823.901 um_pwv,1005.8 um_pwv,35.0,1.971 K,1.94174
20260210,113805.537879,113805.537879,0.0,825.151 um_pwv,1007.32 um_pwv,35.0,1.979 K,1.94469
20260210,113806.495754,113806.495754,0.0,823.973 um_pwv,1005.89 um_pwv,35.0,1.863 K,1.94191
20260210,113807.458933,113807.458933,0.0,826.528 um_pwv,1009 um_pwv,35.0,2.147 K,1.94795
20260210,113808.417619,113808.417619,0.0,828.366 um_pwv,1011.25 um_pwv,35.0,2.108 K,1.95229
20260210,113809.375203,113809.375203,0.0,832.228 um_pwv,1015.96 um_pwv,35.0,2.254 K,1.96141
20260210,113810.336573,113810.336573,0.0,835.397 um_pwv,1019.83 um_pwv,35.0,2.309 K,1.96890
20260210,113811.296304,113811.296304,0.0,837.948 um_pwv,1022.95 um_pwv,35.0,2.339 K,1.97493
20260210,113812.254462,113812.254462,0.0,839.335 um_pwv,1024.64 um_pwv,35.0,2.352 K,1.97821
20260210,113813.217612,113813.217612,0.0,841.13 um_pwv,1026.83 um_pwv,35.0,2.338 K,1.98245
20260210,113814.178574,113814.178574,0.0,839.554 um_pwv,1024.91 um_pwv,35.0,2.23 K,1.97873
20260210,113815.138032,113815.138032,0.0,838.321 um_pwv,1023.4 um_pwv,35.0,2.151 K,1.97581
20260210,113816.097875,113816.097875,0.0,835.956 um_pwv,1020.51 um_pwv,35.0,1.967 K,1.97023
20260210,113817.053971,113817.053971,0.0,834.431 um_pwv,1018.65 um_pwv,35.0,1.865 K,1.96662
20260210,113818.016314,113818.016314,0.0,837.296 um_pwv,1022.15 um_pwv,35.0,1.953 K,1.97339
20260210,113818.979002,113818.979002,0.0,836.584 um_pwv,1021.28 um_pwv,35.0,1.891 K,1.97171
20260210,113819.935818,113819.935818,0.0,840.911 um_pwv,1026.56 um_pwv,35.0,1.919 K,1.98194
20260210,113820.896604,113820.896604,0.0,841.762 um_pwv,1027.6 um_pwv,35.0,1.892 K,1.98395
20260210,113821.858220,113821.858220,0.0,842.24 um_pwv,1028.19 um_pwv,35.0,1.909 K,1.98508
20260210,113822.817609,113822.817609,0.0,844.968 um_pwv,1031.52 um_pwv,35.0,2.041 K,1.99152
20260210,113823.778172,113823.778172,0.0,847.244 um_pwv,1034.29 um_pwv,35.0,2.194 K,1.99690
20260210,113824.732868,113824.732868,0.0,849.872 um_pwv,1037.5 um_pwv,35.0,2.25 K,2.00311
20260210,113825.692567,113825.692567,0.0,850.786 um_pwv,1038.62 um_pwv,35.0,2.32 K,2.00527
20260210,113826.657175,113826.657175,0.0,852.519 um_pwv,1040.73 um_pwv,35.0,2.276 K,2.00937
20260210,113827.616881,113827.616881,0.0,850.492 um_pwv,1038.26 um_pwv,35.0,2.277 K,2.00458
20260210,113828.578983,113828.578983,0.0,846.994 um_pwv,1033.99 um_pwv,35.0,2.31 K,1.99631
20260210,113829.536166,113829.536166,0.0,844.051 um_pwv,1030.4 um_pwv,35.0,2.219 K,1.98936
20260210,113830.498096,113830.498096,0.0,838.601 um_pwv,1023.74 um_pwv,35.0,2.177 K,1.97648
20260210,113831.458883,113831.458883,0.0,835.152 um_pwv,1019.53 um_pwv,35.0,2.095 K,1.96833
20260210,113832.416923,113832.416923,0.0,829.05 um_pwv,1012.08 um_pwv,35.0,2.021 K,1.95391
20260210,113833.372674,113833.372674,0.0,827.478 um_pwv,1010.16 um_pwv,35.0,1.987 K,1.95019
20260210,113834.335591,113834.335591,0.0,825.215 um_pwv,1007.4 um_pwv,35.0,1.933 K,1.94484
20260210,113835.297094,113835.297094,0.0,823.648 um_pwv,1005.49 um_pwv,35.0,1.989 K,1.94114
20260210,113836.256151,113836.256151,0.0,824.441 um_pwv,1006.46 um_pwv,35.0,2.104 K,1.94301
20260210,113837.218830,113837.218830,0.0,827.14 um_pwv,1009.75 um_pwv,35.0,2.131 K,1.94939
20260210,113838.174430,113838.174430,0.0,829.594 um_pwv,1012.75 um_pwv,35.0,2.204 K,1.95519
20260210,113839.135000,113839.135000,0.0,834.378 um_pwv,1018.59 um_pwv,35.0,2.405 K,1.96650
20260210,113840.096035,113840.096035,0.0,837.213 um_pwv,1022.05 um_pwv,35.0,2.433 K,1.97320
20260210,113841.057480,113841.057480,0.0,839.045 um_pwv,1024.29 um_pwv,35.0,2.499 K,1.97753
20260210,113842.012831,113842.012831,0.0,841.774 um_pwv,1027.62 um_pwv,35.0,2.416 K,1.98397
20260210,113842.975479,113842.975479,0.0,841.679 um_pwv,1027.5 um_pwv,35.0,2.363 K,1.98375
20260210,113843.938632,113843.938632,0.0,840.496 um_pwv,1026.06 um_pwv,35.0,2.185 K,1.98095
20260210,113844.895591,113844.895591,0.0,838.176 um_pwv,1023.22 um_pwv,35.0,2.171 K,1.97547
20260210,113845.856837,113845.856837,0.0,837.886 um_pwv,1022.87 um_pwv,35.0,2.046 K,1.97479
20260210,113846.817744,113846.817744,0.0,836.408 um_pwv,1021.07 um_pwv,35.0,1.845 K,1.97129
20260210,113847.773238,113847.773238,0.0,836.502 um_pwv,1021.18 um_pwv,35.0,1.924 K,1.97152
20260210,113848.733708,113848.733708,0.0,837.411 um_pwv,1022.29 um_pwv,35.0,1.894 K,1.97366
20260210,113849.695284,113849.695284,0.0,841.721 um_pwv,1027.55 um_pwv,35.0,1.865 K,1.98385
20260210,113850.656978,113850.656978,0.0,841.626 um_pwv,1027.44 um_pwv,35.0,1.857 K,1.98363
20260210,113851.618492,113851.618492,0.0,843.917 um_pwv,1030.23 um_pwv,35.0,1.986 K,1.98904
20260210,113852.573949,113852.573949,0.0,848.428 um_pwv,1035.74 um_pwv,35.0,2.178 K,1.99970
20260210,113853.534122,113853.534122,0.0,847.798 um_pwv,1034.97 um_pwv,35.0,2.205 K,1.99821
20260210,113854.494685,113854.494685,0.0,851.489 um_pwv,1039.48 um_pwv,35.0,2.365 K,2.00693
20260210,113855.457235,113855.457235,0.0,850.996 um_pwv,1038.87 um_pwv,35.0,2.309 K,2.00577
20260210,113856.416908,113856.416908,0.0,853.13 um_pwv,1041.48 um_pwv,35.0,2.379 K,2.01081
20260210,113857.377342,113857.377342,0.0,850.387 um_pwv,1038.13 um_pwv,35.0,2.413 K,2.00433
20260210,113858.338542,113858.338542,0.0,846.408 um_pwv,1033.27 um_pwv,35.0,2.38 K,1.99493
20260210,113859.296304,113859.296304,0.0,841.919 um_pwv,1027.79 um_pwv,35.0,2.192 K,1.98432
20260210,113900.257187,113900.257187,0.0,838.983 um_pwv,1024.21 um_pwv,35.0,2.207 K,1.97738
20260210,113901.217618,113901.217618,0.0,834.06 um_pwv,1018.2 um_pwv,35.0,2.159 K,1.96575
20260210,113902.180307,113902.180307,0.0,829.532 um_pwv,1012.67 um_pwv,35.0,2.156 K,1.95504
20260210,113903.138208,113903.138208,0.0,826.732 um_pwv,1009.25 um_pwv,35.0,2.129 K,1.94843
20260210,113904.094661,113904.094661,0.0,827.108 um_pwv,1009.71 um_pwv,35.0,2.108 K,1.94932
20260210,113905.055207,113905.055207,0.0,826.793 um_pwv,1009.33 um_pwv,35.0,2.121 K,1.94857
20260210,113906.018554,113906.018554,0.0,825.069 um_pwv,1007.22 um_pwv,35.0,2.106 K,1.94450
20260210,113906.974159,113906.974159,0.0,828.193 um_pwv,1011.04 um_pwv,35.0,2.146 K,1.95188
20260210,113907.936753,113907.936753,0.0,831.049 um_pwv,1014.52 um_pwv,35.0,2.2 K,1.95863
20260210,113908.897586,113908.897586,0.0,834.964 um_pwv,1019.3 um_pwv,35.0,2.264 K,1.96788
20260210,113909.857979,113909.857979,0.0,837.328 um_pwv,1022.19 um_pwv,35.0,2.406 K,1.97347
20260210,113910.819320,113910.819320,0.0,838.631 um_pwv,1023.78 um_pwv,35.0,2.383 K,1.97655
20260210,113911.775492,113911.775492,0.0,841.026 um_pwv,1026.7 um_pwv,35.0,2.461 K,1.98221
20260210,113912.739119,113912.739119,0.0,841.419 um_pwv,1027.18 um_pwv,35.0,2.293 K,1.98313
20260210,113913.695473,113913.695473,0.0,840.04 um_pwv,1025.5 um_pwv,35.0,2.183 K,1.97988
20260210,113914.660355,113914.660355,0.0,838.164 um_pwv,1023.21 um_pwv,35.0,2.122 K,1.97544
20260210,113915.617808,113915.617808,0.0,836.389 um_pwv,1021.04 um_pwv,35.0,2.052 K,1.97125
20260210,113916.577948,113916.577948,0.0,836.337 um_pwv,1020.98 um_pwv,35.0,1.872 K,1.97113
20260210,113917.538225,113917.538225,0.0,836.844 um_pwv,1021.6 um_pwv,35.0,1.934 K,1.97232
20260210,113918.499802,113918.499802,0.0,839.575 um_pwv,1024.93 um_pwv,35.0,1.903 K,1.97878
20260210,113919.459756,113919.459756,0.0,842.636 um_pwv,1028.67 um_pwv,35.0,1.871 K,1.98601
20260210,113920.417399,113920.417399,0.0,843.989 um_pwv,1030.32 um_pwv,35.0,2.012 K,1.98921
20260210,113921.378890,113921.378890,0.0,846.545 um_pwv,1033.44 um_pwv,35.0,2.077 K,1.99525
20260210,113922.339298,113922.339298,0.0,848.312 um_pwv,1035.6 um_pwv,35.0,2.111 K,1.99942
20260210,113923.295395,113923.295395,0.0,851.185 um_pwv,1039.11 um_pwv,35.0,2.288 K,2.00621
20260210,113924.255847,113924.255847,0.0,851.984 um_pwv,1040.08 um_pwv,35.0,2.314 K,2.00810
20260210,113925.219081,113925.219081,0.0,851.732 um_pwv,1039.77 um_pwv,35.0,2.316 K,2.00751
20260210,113926.176438,113926.176438,0.0,853.457 um_pwv,1041.88 um_pwv,35.0,2.368 K,2.01158
20260210,113927.135393,113927.135393,0.0,850.777 um_pwv,1038.61 um_pwv,35.0,2.383 K,2.00525
20260210,113928.095674,113928.095674,0.0,848.835 um_pwv,1036.24 um_pwv,35.0,2.435 K,2.00066
20260210,113929.056604,113929.056604,0.0,842.095 um_pwv,1028.01 um_pwv,35.0,2.156 K,1.98473
20260210,113930.016786,113930.016786,0.0,837.981 um_pwv,1022.99 um_pwv,35.0,2.244 K,1.97501
20260210,113930.978954,113930.978954,0.0,831.922 um_pwv,1015.59 um_pwv,35.0,2.193 K,1.96069
20260210,113931.940188,113931.940188,0.0,830.914 um_pwv,1014.36 um_pwv,35.0,2.13 K,1.95831
20260210,113932.894002,113932.894002,0.0,828.284 um_pwv,1011.15 um_pwv,35.0,2.108 K,1.95210
20260210,113933.855318,113933.855318,0.0,825.497 um_pwv,1007.75 um_pwv,35.0,2.08 K,1.94551
20260210,113934.818112,113934.818112,0.0,824.999 um_pwv,1007.14 um_pwv,35.0,2.105 K,1.94433
20260210,113935.780327,113935.780327,0.0,826.079 um_pwv,1008.46 um_pwv,35.0,2.122 K,1.94689
20260210,113936.738037,113936.738037,0.0,828.664 um_pwv,1011.61 um_pwv,35.0,2.334 K,1.95299
20260210,113937.699292,113937.699292,0.0,831.069 um_pwv,1014.55 um_pwv,35.0,2.26 K,1.95868
20260210,113938.656994,113938.656994,0.0,836.243 um_pwv,1020.86 um_pwv,35.0,2.422 K,1.97090
20260210,113939.619741,113939.619741,0.0,839.367 um_pwv,1024.68 um_pwv,35.0,2.535 K,1.97829
20260210,113940.577831,113940.577831,0.0,839.883 um_pwv,1025.31 um_pwv,35.0,2.498 K,1.97951
20260210,113941.539491,113941.539491,0.0,842.481 um_pwv,1028.48 um_pwv,35.0,2.461 K,1.98564
20260210,113942.495153,113942.495153,0.0,840.422 um_pwv,1025.97 um_pwv,35.0,2.348 K,1.98078
20260210,113943.456944,113943.456944,0.0,841.377 um_pwv,1027.13 um_pwv,35.0,2.274 K,1.98304
20260210,113944.419945,113944.419945,0.0,837.804 um_pwv,1022.77 um_pwv,35.0,2.215 K,1.97459
20260210,113945.378287,113945.378287,0.0,838.031 um_pwv,1023.05 um_pwv,35.0,2.117 K,1.97513
20260210,113946.340080,113946.340080,0.0,837.473 um_pwv,1022.37 um_pwv,35.0,1.989 K,1.97381
20260210,113947.295651,113947.295651,0.0,837.721 um_pwv,1022.67 um_pwv,35.0,1.9 K,1.97440
20260210,113948.257464,113948.257464,0.0,840.662 um_pwv,1026.26 um_pwv,35.0,1.859 K,1.98135
20260210,113949.215093,113949.215093,0.0,842.324 um_pwv,1028.29 um_pwv,35.0,1.902 K,1.98527
20260210,113950.179311,113950.179311,0.0,845.731 um_pwv,1032.45 um_pwv,35.0,2.031 K,1.99333
20260210,113951.136075,113951.136075,0.0,845.478 um_pwv,1032.14 um_pwv,35.0,2.022 K,1.99273
20260210,113952.097944,113952.097944,0.0,848.458 um_pwv,1035.78 um_pwv,35.0,2.117 K,1.99977
20260210,113953.059883,113953.059883,0.0,850.198 um_pwv,1037.9 um_pwv,35.0,2.269 K,2.00388
20260210,113954.020557,113954.020557,0.0,852.741 um_pwv,1041 um_pwv,35.0,2.34 K,2.00989
20260210,113954.977811,113954.977811,0.0,854.089 um_pwv,1042.65 um_pwv,35.0,2.417 K,2.01308
20260210,113955.939675,113955.939675,0.0,853.258 um_pwv,1041.64 um_pwv,35.0,2.389 K,2.01111
20260210,113956.895494,113956.895494,0.0,850.252 um_pwv,1037.97 um_pwv,35.0,2.397 K,2.00401
20260210,113957.858038,113957.858038,0.0,845.94 um_pwv,1032.7 um_pwv,35.0,2.268 K,1.99382
20260210,113958.816005,113958.816005,0.0,841.107 um_pwv,1026.8 um_pwv,35.0,2.25 K,1.98240
20260210,113959.776074,113959.776074,0.0,836.635 um_pwv,1021.34 um_pwv,35.0,2.183 K,1.97183
20260210,114000.738965,114000.738965,0.0,832.127 um_pwv,1015.84 um_pwv,35.0,2.095 K,1.96118
20260210,114001.694034,114001.694034,0.0,828.325 um_pwv,1011.2 um_pwv,35.0,1.968 K,1.95219
20260210,114002.660372,114002.660372,0.0,826.03 um_pwv,1008.4 um_pwv,35.0,1.984 K,1.94677
20260210,114003.617270,114003.617270,0.0,824.604 um_pwv,1006.66 um_pwv,35.0,2.079 K,1.94340
20260210,114004.578739,114004.578739,0.0,824.653 um_pwv,1006.72 um_pwv,35.0,2.154 K,1.94352
20260210,114005.540172,114005.540172,0.0,825.162 um_pwv,1007.34 um_pwv,35.0,2.074 K,1.94472
20260210,114006.498147,114006.498147,0.0,828.836 um_pwv,1011.82 um_pwv,35.0,2.207 K,1.95340
20260210,114007.459758,114007.459758,0.0,830.925 um_pwv,1014.37 um_pwv,35.0,2.219 K,1.95834
20260210,114008.420588,114008.420588,0.0,835.429 um_pwv,1019.87 um_pwv,35.0,2.422 K,1.96898
20260210,114009.377718,114009.377718,0.0,838.27 um_pwv,1023.34 um_pwv,35.0,2.509 K,1.97569
20260210,114010.335762,114010.335762,0.0,839.034 um_pwv,1024.27 um_pwv,35.0,2.442 K,1.97750
20260210,114011.299009,114011.299009,0.0,841.442 um_pwv,1027.21 um_pwv,35.0,2.364 K,1.98319
20260210,114012.254514,114012.254514,0.0,841.4 um_pwv,1027.16 um_pwv,35.0,2.299 K,1.98309
20260210,114013.218680,114013.218680,0.0,842.053 um_pwv,1027.96 um_pwv,35.0,2.265 K,1.98463
20260210,114014.180143,114014.180143,0.0,836.522 um_pwv,1021.21 um_pwv,35.0,2.05 K,1.97156
20260210,114015.136917,114015.136917,0.0,837.018 um_pwv,1021.81 um_pwv,35.0,2.004 K,1.97274
20260210,114016.096340,114016.096340,0.0,836.44 um_pwv,1021.1 um_pwv,35.0,1.905 K,1.97137
20260210,114017.057502,114017.057502,0.0,837.349 um_pwv,1022.21 um_pwv,35.0,1.868 K,1.97352
20260210,114018.017844,114018.017844,0.0,840.102 um_pwv,1025.58 um_pwv,35.0,1.902 K,1.98002
20260210,114018.978585,114018.978585,0.0,843.167 um_pwv,1029.32 um_pwv,35.0,1.915 K,1.98727
20260210,114019.940033,114019.940033,0.0,845.376 um_pwv,1032.01 um_pwv,35.0,1.973 K,1.99249
20260210,114020.899893,114020.899893,0.0,846.836 um_pwv,1033.8 um_pwv,35.0,2.06 K,1.99594
20260210,114021.856609,114021.856609,0.0,848.312 um_pwv,1035.6 um_pwv,35.0,2.117 K,1.99942
20260210,114022.817587,114022.817587,0.0,851.458 um_pwv,1039.44 um_pwv,35.0,2.233 K,2.00686
20260210,114023.773956,114023.773956,0.0,853.015 um_pwv,1041.34 um_pwv,35.0,2.437 K,2.01054
20260210,114024.737717,114024.737717,0.0,854.532 um_pwv,1043.19 um_pwv,35.0,2.422 K,2.01412
20260210,114025.698903,114025.698903,0.0,853.921 um_pwv,1042.44 um_pwv,35.0,2.407 K,2.01268
20260210,114026.658861,114026.658861,0.0,850.777 um_pwv,1038.61 um_pwv,35.0,2.358 K,2.00525
20260210,114027.617281,114027.617281,0.0,846.868 um_pwv,1033.84 um_pwv,35.0,2.325 K,1.99601
20260210,114028.579399,114028.579399,0.0,842.481 um_pwv,1028.48 um_pwv,35.0,2.231 K,1.98564
20260210,114029.535908,114029.535908,0.0,836.295 um_pwv,1020.93 um_pwv,35.0,2.165 K,1.97103
20260210,114030.498799,114030.498799,0.0,834.09 um_pwv,1018.24 um_pwv,35.0,2.195 K,1.96582
20260210,114031.460401,114031.460401,0.0,828.048 um_pwv,1010.86 um_pwv,35.0,2.022 K,1.95154
20260210,114032.417509,114032.417509,0.0,825.966 um_pwv,1008.32 um_pwv,35.0,1.994 K,1.94662
20260210,114033.377279,114033.377279,0.0,823.363 um_pwv,1005.14 um_pwv,35.0,1.981 K,1.94047
20260210,114034.334529,114034.334529,0.0,825.011 um_pwv,1007.15 um_pwv,35.0,2.163 K,1.94436
20260210,114035.296514,114035.296514,0.0,827.651 um_pwv,1010.37 um_pwv,35.0,2.245 K,1.95060
20260210,114036.255935,114036.255935,0.0,829.819 um_pwv,1013.02 um_pwv,35.0,2.315 K,1.95572
20260210,114037.219000,114037.219000,0.0,830.413 um_pwv,1013.75 um_pwv,35.0,2.383 K,1.95713
20260210,114038.177214,114038.177214,0.0,835.367 um_pwv,1019.79 um_pwv,35.0,2.373 K,1.96883
20260210,114039.140182,114039.140182,0.0,837.617 um_pwv,1022.54 um_pwv,35.0,2.341 K,1.97415
20260210,114040.098169,114040.098169,0.0,840.6 um_pwv,1026.18 um_pwv,35.0,2.532 K,1.98120
20260210,114041.058110,114041.058110,0.0,841.389 um_pwv,1027.15 um_pwv,35.0,2.31 K,1.98306
20260210,114042.020392,114042.020392,0.0,841.451 um_pwv,1027.22 um_pwv,35.0,2.275 K,1.98321
20260210,114042.976620,114042.976620,0.0,839.74 um_pwv,1025.13 um_pwv,35.0,2.16 K,1.97917
20260210,114043.939270,114043.939270,0.0,838.238 um_pwv,1023.3 um_pwv,35.0,2.048 K,1.97562
20260210,114044.901271,114044.901271,0.0,838.185 um_pwv,1023.23 um_pwv,35.0,2.11 K,1.97549
20260210,114045.857741,114045.857741,0.0,838.063 um_pwv,1023.09 um_pwv,35.0,1.996 K,1.97521
20260210,114046.819180,114046.819180,0.0,838.643 um_pwv,1023.79 um_pwv,35.0,1.936 K,1.97657
20260210,114047.776166,114047.776166,0.0,842.552 um_pwv,1028.57 um_pwv,35.0,2.004 K,1.98581
20260210,114048.740171,114048.740171,0.0,842.927 um_pwv,1029.02 um_pwv,35.0,1.927 K,1.98670
20260210,114049.700272,114049.700272,0.0,843.769 um_pwv,1030.05 um_pwv,35.0,1.94 K,1.98869
20260210,114050.656429,114050.656429,0.0,847.956 um_pwv,1035.16 um_pwv,35.0,2.002 K,1.99858
20260210,114051.619041,114051.619041,0.0,850.523 um_pwv,1038.3 um_pwv,35.0,2.17 K,2.00465
20260210,114052.579005,114052.579005,0.0,850.534 um_pwv,1038.31 um_pwv,35.0,2.215 K,2.00468
20260210,114053.541044,114053.541044,0.0,852.603 um_pwv,1040.84 um_pwv,35.0,2.283 K,2.00957
20260210,114054.498414,114054.498414,0.0,853.499 um_pwv,1041.93 um_pwv,35.0,2.292 K,2.01168
20260210,114055.457963,114055.457963,0.0,853.605 um_pwv,1042.06 um_pwv,35.0,2.362 K,2.01193
20260210,114056.419848,114056.419848,0.0,850.084 um_pwv,1037.76 um_pwv,35.0,2.332 K,2.00361
20260210,114057.376604,114057.376604,0.0,844.292 um_pwv,1030.69 um_pwv,35.0,2.26 K,1.98992
20260210,114058.338904,114058.338904,0.0,839.862 um_pwv,1025.28 um_pwv,35.0,2.185 K,1.97946
20260210,114059.300729,114059.300729,0.0,835.273 um_pwv,1019.68 um_pwv,35.0,2.087 K,1.96861
20260210,114100.256470,114100.256470,0.0,829.992 um_pwv,1013.23 um_pwv,35.0,2.094 K,1.95613
20260210,114101.218751,114101.218751,0.0,828.109 um_pwv,1010.93 um_pwv,35.0,2.021 K,1.95168
20260210,114102.179563,114102.179563,0.0,824.938 um_pwv,1007.06 um_pwv,35.0,1.932 K,1.94419
20260210,114103.135825,114103.135825,0.0,824.206 um_pwv,1006.17 um_pwv,35.0,2.048 K,1.94246
20260210,114104.098705,114104.098705,0.0,823.088 um_pwv,1004.8 um_pwv,35.0,1.988 K,1.93982
20260210,114105.056281,114105.056281,0.0,823.372 um_pwv,1005.15 um_pwv,35.0,2.056 K,1.94049
20260210,114106.018138,114106.018138,0.0,828.541 um_pwv,1011.46 um_pwv,35.0,2.159 K,1.95270
20260210,114106.979228,114106.979228,0.0,831.52 um_pwv,1015.1 um_pwv,35.0,2.303 K,1.95974
20260210,114107.938760,114107.938760,0.0,833.481 um_pwv,1017.49 um_pwv,35.0,2.331 K,1.96438
20260210,114108.899054,114108.899054,0.0,837.978 um_pwv,1022.98 um_pwv,35.0,2.48 K,1.97500
20260210,114109.857072,114109.857072,0.0,840.114 um_pwv,1025.59 um_pwv,35.0,2.41 K,1.98005
20260210,114110.817989,114110.817989,0.0,840.941 um_pwv,1026.6 um_pwv,35.0,2.37 K,1.98201
20260210,114111.778450,114111.778450,0.0,841.504 um_pwv,1027.29 um_pwv,35.0,2.196 K,1.98334
20260210,114112.734838,114112.734838,0.0,837.96 um_pwv,1022.96 um_pwv,35.0,2.101 K,1.97496
20260210,114113.698131,114113.698131,0.0,835.883 um_pwv,1020.42 um_pwv,35.0,2.014 K,1.97005
20260210,114114.659452,114114.659452,0.0,836.513 um_pwv,1021.19 um_pwv,35.0,2.033 K,1.97154
20260210,114115.618554,114115.618554,0.0,836.13 um_pwv,1020.73 um_pwv,35.0,1.752 K,1.97064
20260210,114116.581109,114116.581109,0.0,836.965 um_pwv,1021.75 um_pwv,35.0,1.766 K,1.97261
20260210,114117.537985,114117.537985,0.0,839.895 um_pwv,1025.32 um_pwv,35.0,1.831 K,1.97953
20260210,114118.500030,114118.500030,0.0,842.178 um_pwv,1028.11 um_pwv,35.0,1.848 K,1.98493
20260210,114119.456466,114119.456466,0.0,843.833 um_pwv,1030.13 um_pwv,35.0,1.945 K,1.98884
20260210,114120.417128,114120.417128,0.0,846.534 um_pwv,1033.43 um_pwv,35.0,2.083 K,1.99522
20260210,114121.376782,114121.376782,0.0,851.846 um_pwv,1039.91 um_pwv,35.0,2.182 K,2.00778
20260210,114122.340208,114122.340208,0.0,851.47 um_pwv,1039.45 um_pwv,35.0,2.222 K,2.00689
20260210,114123.300791,114123.300791,0.0,853.394 um_pwv,1041.8 um_pwv,35.0,2.329 K,2.01143
20260210,114124.256501,114124.256501,0.0,854.839 um_pwv,1043.57 um_pwv,35.0,2.315 K,2.01485
20260210,114125.219664,114125.219664,0.0,852.047 um_pwv,1040.16 um_pwv,35.0,2.423 K,2.00825
20260210,114126.181344,114126.181344,0.0,846.462 um_pwv,1033.34 um_pwv,35.0,2.254 K,1.99505
20260210,114127.139621,114127.139621,0.0,843.917 um_pwv,1030.23 um_pwv,35.0,2.244 K,1.98904
20260210,114128.098263,114128.098263,0.0,838.684 um_pwv,1023.84 um_pwv,35.0,2.136 K,1.97667
20260210,114129.058214,114129.058214,0.0,834.161 um_pwv,1018.32 um_pwv,35.0,2.164 K,1.96598
20260210,114130.017106,114130.017106,0.0,831.254 um_pwv,1014.77 um_pwv,35.0,2.07 K,1.95911
20260210,114130.976749,114130.976749,0.0,826.394 um_pwv,1008.84 um_pwv,35.0,1.919 K,1.94763
20260210,114131.939691,114131.939691,0.0,824.174 um_pwv,1006.13 um_pwv,35.0,1.932 K,1.94238
20260210,114132.896573,114132.896573,0.0,823.059 um_pwv,1004.77 um_pwv,35.0,1.985 K,1.93975
20260210,114133.859786,114133.859786,0.0,823.86 um_pwv,1005.75 um_pwv,35.0,2.143 K,1.94164
20260210,114134.817003,114134.817003,0.0,826.365 um_pwv,1008.81 um_pwv,35.0,2.233 K,1.94756
20260210,114135.778497,114135.778497,0.0,826.446 um_pwv,1008.9 um_pwv,35.0,2.102 K,1.94775
20260210,114136.739852,114136.739852,0.0,832.412 um_pwv,1016.19 um_pwv,35.0,2.207 K,1.96185
20260210,114137.701260,114137.701260,0.0,834.369 um_pwv,1018.58 um_pwv,35.0,2.242 K,1.96648
20260210,114138.657262,114138.657262,0.0,837.009 um_pwv,1021.8 um_pwv,35.0,2.358 K,1.97271
20260210,114139.618624,114139.618624,0.0,839.542 um_pwv,1024.89 um_pwv,35.0,2.482 K,1.97870
20260210,114140.578419,114140.578419,0.0,840.061 um_pwv,1025.52 um_pwv,35.0,2.338 K,1.97993
20260210,114141.540026,114141.540026,0.0,841.887 um_pwv,1027.75 um_pwv,35.0,2.245 K,1.98424
20260210,114142.499630,114142.499630,0.0,839.708 um_pwv,1025.09 um_pwv,35.0,2.077 K,1.97909
20260210,114143.461337,114143.461337,0.0,836.915 um_pwv,1021.68 um_pwv,35.0,2.014 K,1.97249
20260210,114144.417366,114144.417366,0.0,837.647 um_pwv,1022.58 um_pwv,35.0,1.917 K,1.97422
20260210,114145.379271,114145.379271,0.0,836.812 um_pwv,1021.56 um_pwv,35.0,1.842 K,1.97225
20260210,114146.338496,114146.338496,0.0,837.473 um_pwv,1022.37 um_pwv,35.0,1.675 K,1.97381
20260210,114147.299579,114147.299579,0.0,840.526 um_pwv,1026.09 um_pwv,35.0,1.785 K,1.98103
20260210,114148.259162,114148.259162,0.0,842.012 um_pwv,1027.91 um_pwv,35.0,1.79 K,1.98454
20260210,114149.220255,114149.220255,0.0,844.083 um_pwv,1030.44 um_pwv,35.0,1.9 K,1.98943
20260210,114150.178366,114150.178366,0.0,847.589 um_pwv,1034.71 um_pwv,35.0,2.025 K,1.99772
20260210,114151.141371,114151.141371,0.0,849.096 um_pwv,1036.56 um_pwv,35.0,2.051 K,2.00128
20260210,114152.097338,114152.097338,0.0,851.374 um_pwv,1039.34 um_pwv,35.0,2.243 K,2.00666
20260210,114153.057469,114153.057469,0.0,854.331 um_pwv,1042.95 um_pwv,35.0,2.335 K,2.01365
20260210,114154.019562,114154.019562,0.0,853.836 um_pwv,1042.34 um_pwv,35.0,2.386 K,2.01248
20260210,114154.978705,114154.978705,0.0,851.668 um_pwv,1039.7 um_pwv,35.0,2.242 K,2.00736
20260210,114155.941939,114155.941939,0.0,846.22 um_pwv,1033.04 um_pwv,35.0,2.32 K,1.99448
20260210,114156.900009,114156.900009,0.0,841.472 um_pwv,1027.25 um_pwv,35.0,2.216 K,1.98326
20260210,114157.856732,114157.856732,0.0,838.433 um_pwv,1023.54 um_pwv,35.0,2.084 K,1.97608
20260210,114158.819657,114158.819657,0.0,833.411 um_pwv,1017.41 um_pwv,35.0,2.003 K,1.96421
20260210,114159.779977,114159.779977,0.0,828.939 um_pwv,1011.95 um_pwv,35.0,1.994 K,1.95364
20260210,114200.741762,114200.741762,0.0,825.945 um_pwv,1008.29 um_pwv,35.0,1.916 K,1.94657
20260210,114201.697747,114201.697747,0.0,825.733 um_pwv,1008.03 um_pwv,35.0,2.095 K,1.94607
20260210,114202.658145,114202.658145,0.0,822.519 um_pwv,1004.11 um_pwv,35.0,1.975 K,1.93847
20260210,114203.620086,114203.620086,0.0,824.52 um_pwv,1006.55 um_pwv,35.0,2.142 K,1.94320
20260210,114204.577399,114204.577399,0.0,825.223 um_pwv,1007.41 um_pwv,35.0,2.145 K,1.94486
20260210,114205.538719,114205.538719,0.0,830.126 um_pwv,1013.4 um_pwv,35.0,2.258 K,1.95645
20260210,114206.500091,114206.500091,0.0,831.819 um_pwv,1015.46 um_pwv,35.0,2.288 K,1.96045
20260210,114207.457750,114207.457750,0.0,836.181 um_pwv,1020.79 um_pwv,35.0,2.438 K,1.97076
20260210,114208.419908,114208.419908,0.0,837.691 um_pwv,1022.63 um_pwv,35.0,2.362 K,1.97433
20260210,114209.377791,114209.377791,0.0,838.992 um_pwv,1024.22 um_pwv,35.0,2.33 K,1.97740
20260210,114210.337973,114210.337973,0.0,841.804 um_pwv,1027.65 um_pwv,35.0,2.217 K,1.98405
20260210,114211.299790,114211.299790,0.0,841.857 um_pwv,1027.72 um_pwv,35.0,2.307 K,1.98417
20260210,114212.260072,114212.260072,0.0,839.202 um_pwv,1024.48 um_pwv,35.0,2.045 K,1.97790
20260210,114213.220950,114213.220950,0.0,838.031 um_pwv,1023.05 um_pwv,35.0,2.035 K,1.97513
20260210,114214.177399,114214.177399,0.0,836.337 um_pwv,1020.98 um_pwv,35.0,1.9 K,1.97113
20260210,114215.140420,114215.140420,0.0,834.955 um_pwv,1019.29 um_pwv,35.0,1.787 K,1.96786
20260210,114216.101247,114216.101247,0.0,837.928 um_pwv,1022.92 um_pwv,35.0,1.79 K,1.97489
20260210,114217.058742,114217.058742,0.0,840.185 um_pwv,1025.68 um_pwv,35.0,1.851 K,1.98022
20260210,114218.020068,114218.020068,0.0,843.197 um_pwv,1029.35 um_pwv,35.0,1.911 K,1.98734
20260210,114218.982001,114218.982001,0.0,845.657 um_pwv,1032.36 um_pwv,35.0,1.982 K,1.99315
20260210,114219.938923,114219.938923,0.0,848.154 um_pwv,1035.4 um_pwv,35.0,2.048 K,1.99905
20260210,114220.898855,114220.898855,0.0,850.933 um_pwv,1038.8 um_pwv,35.0,2.166 K,2.00562
20260210,114221.860597,114221.860597,0.0,853.436 um_pwv,1041.85 um_pwv,35.0,2.256 K,2.01153
20260210,114222.820472,114222.820472,0.0,854.659 um_pwv,1043.35 um_pwv,35.0,2.324 K,2.01442
20260210,114223.778980,114223.778980,0.0,853.605 um_pwv,1042.06 um_pwv,35.0,2.339 K,2.01193
20260210,114224.739948,114224.739948,0.0,850.828 um_pwv,1038.67 um_pwv,35.0,2.233 K,2.00537
20260210,114225.700999,114225.700999,0.0,846.357 um_pwv,1033.21 um_pwv,35.0,2.328 K,1.99481
20260210,114226.657403,114226.657403,0.0,839.915 um_pwv,1025.35 um_pwv,35.0,2.197 K,1.97958
20260210,114227.619032,114227.619032,0.0,836.44 um_pwv,1021.1 um_pwv,35.0,2.063 K,1.97137
20260210,114228.579170,114228.579170,0.0,834.172 um_pwv,1018.34 um_pwv,35.0,2.084 K,1.96601
20260210,114229.538649,114229.538649,0.0,829.082 um_pwv,1012.12 um_pwv,35.0,2.018 K,1.95398
20260210,114230.500788,114230.500788,0.0,827.018 um_pwv,1009.6 um_pwv,35.0,1.975 K,1.94910
20260210,114231.457748,114231.457748,0.0,824.511 um_pwv,1006.54 um_pwv,35.0,1.92 K,1.94318
20260210,114232.419836,114232.419836,0.0,823.494 um_pwv,1005.3 um_pwv,35.0,2.013 K,1.94078
20260210,114233.380522,114233.380522,0.0,823.189 um_pwv,1004.93 um_pwv,35.0,2.036 K,1.94006
20260210,114234.340872,114234.340872,0.0,825.264 um_pwv,1007.46 um_pwv,35.0,2.187 K,1.94496
20260210,114235.302673,114235.302673,0.0,828.141 um_pwv,1010.97 um_pwv,35.0,2.27 K,1.95176
20260210,114236.259658,114236.259658,0.0,832.054 um_pwv,1015.75 um_pwv,35.0,2.198 K,1.96101
20260210,114237.222029,114237.222029,0.0,835.851 um_pwv,1020.39 um_pwv,35.0,2.345 K,1.96998
20260210,114238.180342,114238.180342,0.0,837.928 um_pwv,1022.92 um_pwv,35.0,2.322 K,1.97489
20260210,114239.141500,114239.141500,0.0,839.305 um_pwv,1024.6 um_pwv,35.0,2.367 K,1.97814
20260210,114240.102166,114240.102166,0.0,839.729 um_pwv,1025.12 um_pwv,35.0,2.173 K,1.97914
20260210,114241.058274,114241.058274,0.0,842.698 um_pwv,1028.74 um_pwv,35.0,2.139 K,1.98616
20260210,114242.020044,114242.020044,0.0,840.123 um_pwv,1025.6 um_pwv,35.0,1.999 K,1.98007
20260210,114242.980083,114242.980083,0.0,839.045 um_pwv,1024.29 um_pwv,35.0,2.017 K,1.97753
20260210,114243.941871,114243.941871,0.0,837.597 um_pwv,1022.52 um_pwv,35.0,1.937 K,1.97410
20260210,114244.899676,114244.899676,0.0,838.238 um_pwv,1023.3 um_pwv,35.0,1.899 K,1.97562
20260210,114245.861784,114245.861784,0.0,839.989 um_pwv,1025.44 um_pwv,35.0,1.769 K,1.97976
20260210,114246.818249,114246.818249,0.0,842.354 um_pwv,1028.32 um_pwv,35.0,1.908 K,1.98534
20260210,114247.784908,114247.784908,0.0,842.552 um_pwv,1028.57 um_pwv,35.0,1.851 K,1.98581
20260210,114248.741638,114248.741638,0.0,847.014 um_pwv,1034.01 um_pwv,35.0,2.039 K,1.99636
20260210,114249.700712,114249.700712,0.0,847.861 um_pwv,1035.05 um_pwv,35.0,2.087 K,1.99836
20260210,114250.661556,114250.661556,0.0,851.869 um_pwv,1039.94 um_pwv,35.0,2.252 K,2.00783
20260210,114251.622717,114251.622717,0.0,855.545 um_pwv,1044.43 um_pwv,35.0,2.239 K,2.01652
20260210,114252.578097,114252.578097,0.0,853.415 um_pwv,1041.83 um_pwv,35.0,2.203 K,2.01148
20260210,114253.540272,114253.540272,0.0,853.026 um_pwv,1041.35 um_pwv,35.0,2.329 K,2.01057
20260210,114254.501799,114254.501799,0.0,848.71 um_pwv,1036.08 um_pwv,35.0,2.37 K,2.00036
20260210,114255.459407,114255.459407,0.0,843.864 um_pwv,1030.17 um_pwv,35.0,2.298 K,1.98891
20260210,114256.420179,114256.420179,0.0,838.962 um_pwv,1024.18 um_pwv,35.0,2.178 K,1.97733
20260210,114257.379611,114257.379611,0.0,836.016 um_pwv,1020.59 um_pwv,35.0,1.992 K,1.97037
20260210,114258.339526,114258.339526,0.0,831.972 um_pwv,1015.65 um_pwv,35.0,2.006 K,1.96081
20260210,114259.298718,114259.298718,0.0,828.477 um_pwv,1011.38 um_pwv,35.0,1.982 K,1.95255
20260210,114300.260035,114300.260035,0.0,826.385 um_pwv,1008.83 um_pwv,35.0,1.979 K,1.94761
20260210,114301.219048,114301.219048,0.0,824.316 um_pwv,1006.3 um_pwv,35.0,1.958 K,1.94272
20260210,114302.179771,114302.179771,0.0,822.081 um_pwv,1003.58 um_pwv,35.0,2.01 K,1.93744
20260210,114303.141900,114303.141900,0.0,825.162 um_pwv,1007.34 um_pwv,35.0,2.19 K,1.94472
20260210,114304.102896,114304.102896,0.0,825.835 um_pwv,1008.16 um_pwv,35.0,2.163 K,1.94631
20260210,114305.059745,114305.059745,0.0,829.102 um_pwv,1012.15 um_pwv,35.0,2.267 K,1.95403
20260210,114306.023805,114306.023805,0.0,832.885 um_pwv,1016.76 um_pwv,35.0,2.317 K,1.96297
20260210,114306.981608,114306.981608,0.0,835.532 um_pwv,1020 um_pwv,35.0,2.402 K,1.96922
20260210,114307.939767,114307.939767,0.0,838.02 um_pwv,1023.03 um_pwv,35.0,2.351 K,1.97510
20260210,114308.902613,114308.902613,0.0,838.912 um_pwv,1024.12 um_pwv,35.0,2.283 K,1.97721
20260210,114309.858525,114309.858525,0.0,841.793 um_pwv,1027.64 um_pwv,35.0,2.365 K,1.98402
20260210,114310.820296,114310.820296,0.0,843.135 um_pwv,1029.28 um_pwv,35.0,2.137 K,1.98719
20260210,114311.781772,114311.781772,0.0,839.241 um_pwv,1024.52 um_pwv,35.0,2.078 K,1.97799
20260210,114312.738220,114312.738220,0.0,839.542 um_pwv,1024.89 um_pwv,35.0,1.964 K,1.97870
20260210,114313.696976,114313.696976,0.0,835.47 um_pwv,1019.92 um_pwv,35.0,1.839 K,1.96908
20260210,114314.659869,114314.659869,0.0,839.024 um_pwv,1024.26 um_pwv,35.0,1.863 K,1.97748
20260210,114315.620411,114315.620411,0.0,840.111 um_pwv,1025.59 um_pwv,35.0,1.75 K,1.98005
20260210,114316.578471,114316.578471,0.0,841.617 um_pwv,1027.42 um_pwv,35.0,1.898 K,1.98360
20260210,114317.540212,114317.540212,0.0,842.356 um_pwv,1028.33 um_pwv,35.0,1.945 K,1.98535
20260210,114318.500346,114318.500346,0.0,845.919 um_pwv,1032.68 um_pwv,35.0,2.035 K,1.99377
20260210,114319.462699,114319.462699,0.0,848.563 um_pwv,1035.9 um_pwv,35.0,2.099 K,2.00002
20260210,114320.420855,114320.420855,0.0,850.177 um_pwv,1037.87 um_pwv,35.0,2.076 K,2.00383
20260210,114321.382954,114321.382954,0.0,854.164 um_pwv,1042.74 um_pwv,35.0,2.263 K,2.01325
20260210,114322.342231,114322.342231,0.0,853.015 um_pwv,1041.34 um_pwv,35.0,2.249 K,2.01054
20260210,114323.300178,114323.300178,0.0,853.214 um_pwv,1041.58 um_pwv,35.0,2.325 K,2.01101
20260210,114324.263322,114324.263322,0.0,845.854 um_pwv,1032.6 um_pwv,35.0,2.241 K,1.99362
20260210,114325.219138,114325.219138,0.0,843.052 um_pwv,1029.18 um_pwv,35.0,2.211 K,1.98699
20260210,114326.178673,114326.178673,0.0,839.211 um_pwv,1024.49 um_pwv,35.0,2.194 K,1.97792
20260210,114327.137970,114327.137970,0.0,836.305 um_pwv,1020.94 um_pwv,35.0,2.104 K,1.97105
20260210,114328.101233,114328.101233,0.0,829.86 um_pwv,1013.07 um_pwv,35.0,1.934 K,1.95582
20260210,114329.060976,114329.060976,0.0,828.918 um_pwv,1011.92 um_pwv,35.0,1.954 K,1.95359
20260210,114330.019326,114330.019326,0.0,825.631 um_pwv,1007.91 um_pwv,35.0,1.949 K,1.94583
20260210,114330.981546,114330.981546,0.0,823.869 um_pwv,1005.76 um_pwv,35.0,1.958 K,1.94166
20260210,114331.942475,114331.942475,0.0,823.291 um_pwv,1005.05 um_pwv,35.0,2.034 K,1.94030
20260210,114332.901258,114332.901258,0.0,824.531 um_pwv,1006.57 um_pwv,35.0,2.081 K,1.94323
20260210,114333.862098,114333.862098,0.0,826.385 um_pwv,1008.83 um_pwv,35.0,2.265 K,1.94761
20260210,114334.824549,114334.824549,0.0,829.143 um_pwv,1012.2 um_pwv,35.0,2.354 K,1.95413
20260210,114335.780114,114335.780114,0.0,833.822 um_pwv,1017.91 um_pwv,35.0,2.391 K,1.96518
20260210,114336.741539,114336.741539,0.0,835.573 um_pwv,1020.05 um_pwv,35.0,2.417 K,1.96932
20260210,114337.698320,114337.698320,0.0,838.144 um_pwv,1023.18 um_pwv,35.0,2.34 K,1.97540
20260210,114338.661526,114338.661526,0.0,839.034 um_pwv,1024.27 um_pwv,35.0,2.433 K,1.97750
20260210,114339.621044,114339.621044,0.0,841.525 um_pwv,1027.31 um_pwv,35.0,2.322 K,1.98339
20260210,114340.582637,114340.582637,0.0,841.689 um_pwv,1027.51 um_pwv,35.0,2.179 K,1.98377
20260210,114341.538685,114341.538685,0.0,841.629 um_pwv,1027.44 um_pwv,35.0,2.037 K,1.98363
20260210,114342.501377,114342.501377,0.0,839.998 um_pwv,1025.45 um_pwv,35.0,1.989 K,1.97978
20260210,114343.459016,114343.459016,0.0,838.383 um_pwv,1023.48 um_pwv,35.0,1.843 K,1.97596
20260210,114344.419109,114344.419109,0.0,839.655 um_pwv,1025.03 um_pwv,35.0,1.842 K,1.97897
20260210,114345.381910,114345.381910,0.0,839.439 um_pwv,1024.77 um_pwv,35.0,1.831 K,1.97846
20260210,114346.345556,114346.345556,0.0,841.762 um_pwv,1027.6 um_pwv,35.0,1.799 K,1.98395
20260210,114347.298396,114347.298396,0.0,844.322 um_pwv,1030.73 um_pwv,35.0,1.935 K,1.99000
20260210,114348.260104,114348.260104,0.0,846.042 um_pwv,1032.83 um_pwv,35.0,2.02 K,1.99406
20260210,114349.220776,114349.220776,0.0,848.961 um_pwv,1036.39 um_pwv,35.0,2.062 K,2.00096
20260210,114350.181567,114350.181567,0.0,852.741 um_pwv,1041 um_pwv,35.0,2.215 K,2.00989
20260210,114351.142953,114351.142953,0.0,854.364 um_pwv,1042.99 um_pwv,35.0,2.24 K,2.01373
20260210,114352.101089,114352.101089,0.0,853.677 um_pwv,1042.15 um_pwv,35.0,2.323 K,2.01210
20260210,114353.061040,114353.061040,0.0,850.03 um_pwv,1037.7 um_pwv,35.0,2.387 K,2.00349
20260210,114354.018490,114354.018490,0.0,847.307 um_pwv,1034.37 um_pwv,35.0,2.282 K,1.99705
20260210,114354.982485,114354.982485,0.0,841.629 um_pwv,1027.44 um_pwv,35.0,2.222 K,1.98363
20260210,114355.943207,114355.943207,0.0,840.351 um_pwv,1025.88 um_pwv,35.0,2.217 K,1.98061
20260210,114356.898355,114356.898355,0.0,835.945 um_pwv,1020.5 um_pwv,35.0,2.075 K,1.97020
20260210,114357.861446,114357.861446,0.0,830.864 um_pwv,1014.3 um_pwv,35.0,2.021 K,1.95819
20260210,114358.819509,114358.819509,0.0,828.232 um_pwv,1011.08 um_pwv,35.0,2 K,1.95197
20260210,114359.781617,114359.781617,0.0,825.264 um_pwv,1007.46 um_pwv,35.0,1.925 K,1.94496
20260210,114400.744164,114400.744164,0.0,825.651 um_pwv,1007.93 um_pwv,35.0,2.026 K,1.94587
20260210,114401.700013,114401.700013,0.0,825.142 um_pwv,1007.31 um_pwv,35.0,2.044 K,1.94467
20260210,114402.663329,114402.663329,0.0,823.79 um_pwv,1005.66 um_pwv,35.0,2.148 K,1.94148
20260210,114403.620229,114403.620229,0.0,826.129 um_pwv,1008.52 um_pwv,35.0,2.263 K,1.94700
20260210,114404.581769,114404.581769,0.0,829.983 um_pwv,1013.22 um_pwv,35.0,2.368 K,1.95611
20260210,114405.543283,114405.543283,0.0,833.102 um_pwv,1017.03 um_pwv,35.0,2.411 K,1.96348
20260210,114406.503056,114406.503056,0.0,836.461 um_pwv,1021.13 um_pwv,35.0,2.468 K,1.97142
20260210,114407.459116,114407.459116,0.0,838.061 um_pwv,1023.08 um_pwv,35.0,2.43 K,1.97520
20260210,114408.422827,114408.422827,0.0,840.019 um_pwv,1025.47 um_pwv,35.0,2.269 K,1.97983
20260210,114409.379773,114409.379773,0.0,840.443 um_pwv,1025.99 um_pwv,35.0,2.245 K,1.98083
20260210,114410.340241,114410.340241,0.0,842.065 um_pwv,1027.97 um_pwv,35.0,2.192 K,1.98466
20260210,114411.298830,114411.298830,0.0,842.74 um_pwv,1028.8 um_pwv,35.0,2.1 K,1.98626
20260210,114412.257602,114412.257602,0.0,840.985 um_pwv,1026.65 um_pwv,35.0,1.944 K,1.98211
20260210,114413.217711,114413.217711,0.0,839.593 um_pwv,1024.95 um_pwv,35.0,1.942 K,1.97882
20260210,114414.178725,114414.178725,0.0,840.277 um_pwv,1025.79 um_pwv,35.0,1.845 K,1.98044
20260210,114415.143493,114415.143493,0.0,841.347 um_pwv,1027.1 um_pwv,35.0,1.81 K,1.98297
20260210,114416.098923,114416.098923,0.0,844.646 um_pwv,1031.12 um_pwv,35.0,1.973 K,1.99076
20260210,114417.062199,114417.062199,0.0,844.917 um_pwv,1031.45 um_pwv,35.0,1.975 K,1.99140
20260210,114418.016948,114418.016948,0.0,845.105 um_pwv,1031.68 um_pwv,35.0,2.032 K,1.99185
20260210,114418.982515,114418.982515,0.0,850.492 um_pwv,1038.26 um_pwv,35.0,2.056 K,2.00458
20260210,114419.937617,114419.937617,0.0,853.668 um_pwv,1042.14 um_pwv,35.0,2.205 K,2.01208
20260210,114420.900734,114420.900734,0.0,854.902 um_pwv,1043.64 um_pwv,35.0,2.251 K,2.01500
20260210,114421.859954,114421.859954,0.0,852.152 um_pwv,1040.29 um_pwv,35.0,2.324 K,2.00850
20260210,114422.821499,114422.821499,0.0,848.384 um_pwv,1035.69 um_pwv,35.0,2.346 K,1.99960
20260210,114423.779135,114423.779135,0.0,846.241 um_pwv,1033.07 um_pwv,35.0,2.342 K,1.99453
20260210,114424.738553,114424.738553,0.0,843.343 um_pwv,1029.53 um_pwv,35.0,2.234 K,1.98768
20260210,114425.698263,114425.698263,0.0,838.249 um_pwv,1023.31 um_pwv,35.0,2.167 K,1.97565
20260210,114426.659954,114426.659954,0.0,833.946 um_pwv,1018.06 um_pwv,35.0,2.089 K,1.96547
20260210,114427.617303,114427.617303,0.0,830.597 um_pwv,1013.97 um_pwv,35.0,2.049 K,1.95756
20260210,114428.578964,114428.578964,0.0,828.386 um_pwv,1011.27 um_pwv,35.0,2.017 K,1.95234
20260210,114429.539639,114429.539639,0.0,826.181 um_pwv,1008.58 um_pwv,35.0,1.923 K,1.94713
20260210,114430.501725,114430.501725,0.0,823.901 um_pwv,1005.8 um_pwv,35.0,1.975 K,1.94174
20260210,114431.461857,114431.461857,0.0,824.357 um_pwv,1006.35 um_pwv,35.0,2.066 K,1.94282
20260210,114432.423472,114432.423472,0.0,824.683 um_pwv,1006.75 um_pwv,35.0,2.182 K,1.94358
20260210,114433.379392,114433.379392,0.0,827.181 um_pwv,1009.8 um_pwv,35.0,2.284 K,1.94949
20260210,114434.339109,114434.339109,0.0,829.992 um_pwv,1013.23 um_pwv,35.0,2.279 K,1.95613
20260210,114435.299170,114435.299170,0.0,831.163 um_pwv,1014.66 um_pwv,35.0,2.228 K,1.95890
20260210,114436.260684,114436.260684,0.0,834.09 um_pwv,1018.24 um_pwv,35.0,2.189 K,1.96582
20260210,114437.220328,114437.220328,0.0,839.439 um_pwv,1024.77 um_pwv,35.0,2.439 K,1.97846
20260210,114438.182223,114438.182223,0.0,839.862 um_pwv,1025.28 um_pwv,35.0,2.227 K,1.97946
20260210,114439.142181,114439.142181,0.0,843.084 um_pwv,1029.22 um_pwv,35.0,2.227 K,1.98707
20260210,114440.099155,114440.099155,0.0,840.879 um_pwv,1026.52 um_pwv,35.0,2.119 K,1.98186
20260210,114441.059289,114441.059289,0.0,840.683 um_pwv,1026.28 um_pwv,35.0,1.981 K,1.98140
20260210,114442.024057,114442.024057,0.0,840.321 um_pwv,1025.84 um_pwv,35.0,1.871 K,1.98054
20260210,114442.981242,114442.981242,0.0,839.655 um_pwv,1025.03 um_pwv,35.0,1.899 K,1.97897
20260210,114443.943736,114443.943736,0.0,838.601 um_pwv,1023.74 um_pwv,35.0,1.805 K,1.97648
20260210,114444.899724,114444.899724,0.0,841.825 um_pwv,1027.68 um_pwv,35.0,1.901 K,1.98409
20260210,114445.863769,114445.863769,0.0,843.459 um_pwv,1029.67 um_pwv,35.0,1.942 K,1.98796
20260210,114446.819847,114446.819847,0.0,845.302 um_pwv,1031.92 um_pwv,35.0,1.984 K,1.99231
20260210,114447.781970,114447.781970,0.0,846.982 um_pwv,1033.97 um_pwv,35.0,1.964 K,1.99628
20260210,114448.739573,114448.739573,0.0,848.973 um_pwv,1036.4 um_pwv,35.0,2.095 K,2.00099
20260210,114449.705134,114449.705134,0.0,853.406 um_pwv,1041.82 um_pwv,35.0,2.216 K,2.01146
20260210,114450.663805,114450.663805,0.0,855.25 um_pwv,1044.07 um_pwv,35.0,2.283 K,2.01582
20260210,114451.618051,114451.618051,0.0,851.365 um_pwv,1039.32 um_pwv,35.0,2.331 K,2.00664
20260210,114452.579810,114452.579810,0.0,849.455 um_pwv,1036.99 um_pwv,35.0,2.372 K,2.00213
20260210,114453.539910,114453.539910,0.0,846.053 um_pwv,1032.84 um_pwv,35.0,2.321 K,1.99409
20260210,114454.501175,114454.501175,0.0,843.176 um_pwv,1029.33 um_pwv,35.0,2.077 K,1.98729
20260210,114455.462705,114455.462705,0.0,836.759 um_pwv,1021.49 um_pwv,35.0,2.108 K,1.97212
20260210,114456.423756,114456.423756,0.0,832.721 um_pwv,1016.56 um_pwv,35.0,2.126 K,1.96258
20260210,114457.379803,114457.379803,0.0,830.383 um_pwv,1013.71 um_pwv,35.0,1.928 K,1.95706
20260210,114458.341719,114458.341719,0.0,827.272 um_pwv,1009.91 um_pwv,35.0,2.024 K,1.94970
20260210,114459.299807,114459.299807,0.0,825.916 um_pwv,1008.26 um_pwv,35.0,1.912 K,1.94650
20260210,114500.260424,114500.260424,0.0,825.081 um_pwv,1007.24 um_pwv,35.0,1.978 K,1.94453
20260210,114501.222259,114501.222259,0.0,825.072 um_pwv,1007.23 um_pwv,35.0,2.011 K,1.94450
20260210,114502.179816,114502.179816,0.0,825.631 um_pwv,1007.91 um_pwv,35.0,2.092 K,1.94583
20260210,114503.142444,114503.142444,0.0,827.528 um_pwv,1010.23 um_pwv,35.0,2.196 K,1.95031
20260210,114504.100236,114504.100236,0.0,829.02 um_pwv,1012.05 um_pwv,35.0,2.238 K,1.95384
20260210,114505.060982,114505.060982,0.0,831.972 um_pwv,1015.65 um_pwv,35.0,2.319 K,1.96081
20260210,114506.023939,114506.023939,0.0,836.254 um_pwv,1020.88 um_pwv,35.0,2.464 K,1.97093
20260210,114506.981078,114506.981078,0.0,837.762 um_pwv,1022.72 um_pwv,35.0,2.337 K,1.97449
20260210,114507.941985,114507.941985,0.0,841.151 um_pwv,1026.86 um_pwv,35.0,2.29 K,1.98250
20260210,114508.898178,114508.898178,0.0,841.252 um_pwv,1026.98 um_pwv,35.0,2.23 K,1.98274
20260210,114509.860135,114509.860135,0.0,840.902 um_pwv,1026.55 um_pwv,35.0,2.116 K,1.98191
20260210,114510.823921,114510.823921,0.0,841.525 um_pwv,1027.31 um_pwv,35.0,1.955 K,1.98339
20260210,114511.780157,114511.780157,0.0,839.087 um_pwv,1024.34 um_pwv,35.0,1.831 K,1.97762
20260210,114512.743025,114512.743025,0.0,839.397 um_pwv,1024.71 um_pwv,35.0,1.797 K,1.97836
20260210,114513.704063,114513.704063,0.0,839.427 um_pwv,1024.75 um_pwv,35.0,1.76 K,1.97843
20260210,114514.658751,114514.658751,0.0,839.998 um_pwv,1025.45 um_pwv,35.0,1.719 K,1.97978
20260210,114515.623753,114515.623753,0.0,843.301 um_pwv,1029.48 um_pwv,35.0,1.815 K,1.98758
20260210,114516.581773,114516.581773,0.0,844.697 um_pwv,1031.18 um_pwv,35.0,1.909 K,1.99088
20260210,114517.549598,114517.549598,0.0,848.805 um_pwv,1036.2 um_pwv,35.0,2.047 K,2.00059
20260210,114518.502751,114518.502751,0.0,852.058 um_pwv,1040.17 um_pwv,35.0,2.137 K,2.00828
20260210,114519.461476,114519.461476,0.0,853.216 um_pwv,1041.58 um_pwv,35.0,2.291 K,2.01101
20260210,114520.424873,114520.424873,0.0,853.394 um_pwv,1041.8 um_pwv,35.0,2.271 K,2.01143
20260210,114521.382425,114521.382425,0.0,848.982 um_pwv,1036.42 um_pwv,35.0,2.226 K,2.00101
20260210,114522.341457,114522.341457,0.0,846.576 um_pwv,1033.48 um_pwv,35.0,2.237 K,1.99532
20260210,114523.300364,114523.300364,0.0,845.135 um_pwv,1031.72 um_pwv,35.0,2.297 K,1.99192
20260210,114524.262115,114524.262115,0.0,840.757 um_pwv,1026.37 um_pwv,35.0,2.236 K,1.98157
20260210,114525.222275,114525.222275,0.0,836.233 um_pwv,1020.85 um_pwv,35.0,2.033 K,1.97088
20260210,114526.182884,114526.182884,0.0,832.477 um_pwv,1016.27 um_pwv,35.0,1.955 K,1.96200
20260210,114527.142622,114527.142622,0.0,830.188 um_pwv,1013.47 um_pwv,35.0,1.988 K,1.95659
20260210,114528.102360,114528.102360,0.0,825.386 um_pwv,1007.61 um_pwv,35.0,1.86 K,1.94525
20260210,114529.064117,114529.064117,0.0,825.835 um_pwv,1008.16 um_pwv,35.0,1.893 K,1.94631
20260210,114530.021954,114530.021954,0.0,822.551 um_pwv,1004.15 um_pwv,35.0,1.869 K,1.93855
20260210,114530.982503,114530.982503,0.0,824.644 um_pwv,1006.71 um_pwv,35.0,2.122 K,1.94349
20260210,114531.943208,114531.943208,0.0,825.774 um_pwv,1008.08 um_pwv,35.0,2.161 K,1.94616
20260210,114532.901391,114532.901391,0.0,826.723 um_pwv,1009.24 um_pwv,35.0,2.15 K,1.94841
20260210,114533.864149,114533.864149,0.0,831.532 um_pwv,1015.11 um_pwv,35.0,2.361 K,1.95977
20260210,114534.818018,114534.818018,0.0,832.609 um_pwv,1016.43 um_pwv,35.0,2.3 K,1.96232
20260210,114535.782388,114535.782388,0.0,835.956 um_pwv,1020.51 um_pwv,35.0,2.361 K,1.97023
20260210,114536.742547,114536.742547,0.0,840.466 um_pwv,1026.02 um_pwv,35.0,2.336 K,1.98088
20260210,114537.704002,114537.704002,0.0,841.243 um_pwv,1026.97 um_pwv,35.0,2.248 K,1.98272
20260210,114538.659658,114538.659658,0.0,842.573 um_pwv,1028.59 um_pwv,35.0,2.149 K,1.98586
20260210,114539.621555,114539.621555,0.0,839.998 um_pwv,1025.45 um_pwv,35.0,2.06 K,1.97978
20260210,114540.582361,114540.582361,0.0,840.736 um_pwv,1026.35 um_pwv,35.0,1.952 K,1.98152
20260210,114541.539041,114541.539041,0.0,841.804 um_pwv,1027.65 um_pwv,35.0,1.887 K,1.98405
20260210,114542.500470,114542.500470,0.0,839.936 um_pwv,1025.37 um_pwv,35.0,1.79 K,1.97963
20260210,114543.459300,114543.459300,0.0,840.579 um_pwv,1026.16 um_pwv,35.0,1.745 K,1.98115
20260210,114544.421462,114544.421462,0.0,842.178 um_pwv,1028.11 um_pwv,35.0,1.8 K,1.98493
20260210,114545.382018,114545.382018,0.0,843.447 um_pwv,1029.66 um_pwv,35.0,1.856 K,1.98793
20260210,114546.342566,114546.342566,0.0,845.126 um_pwv,1031.71 um_pwv,35.0,1.884 K,1.99190
20260210,114547.303939,114547.303939,0.0,848.868 um_pwv,1036.28 um_pwv,35.0,1.995 K,2.00074
20260210,114548.262131,114548.262131,0.0,852.984 um_pwv,1041.3 um_pwv,35.0,2.068 K,2.01047
20260210,114549.218406,114549.218406,0.0,854.174 um_pwv,1042.75 um_pwv,35.0,2.209 K,2.01328
20260210,114550.180471,114550.180471,0.0,855.693 um_pwv,1044.61 um_pwv,35.0,2.354 K,2.01687
20260210,114551.142719,114551.142719,0.0,851.008 um_pwv,1038.89 um_pwv,35.0,2.331 K,2.00580
20260210,114552.102272,114552.102272,0.0,850.135 um_pwv,1037.82 um_pwv,35.0,2.351 K,2.00373
20260210,114553.063391,114553.063391,0.0,845.021 um_pwv,1031.58 um_pwv,35.0,2.355 K,1.99165
20260210,114554.020559,114554.020559,0.0,840.505 um_pwv,1026.07 um_pwv,35.0,2.16 K,1.98098
20260210,114554.980775,114554.980775,0.0,837.009 um_pwv,1021.8 um_pwv,35.0,2.125 K,1.97271
20260210,114555.943601,114555.943601,0.0,833.073 um_pwv,1016.99 um_pwv,35.0,1.954 K,1.96341
20260210,114556.900974,114556.900974,0.0,829.359 um_pwv,1012.46 um_pwv,35.0,2.02 K,1.95464
20260210,114557.862966,114557.862966,0.0,827.855 um_pwv,1010.62 um_pwv,35.0,2.048 K,1.95108
20260210,114558.821743,114558.821743,0.0,826.292 um_pwv,1008.72 um_pwv,35.0,1.957 K,1.94739
20260210,114559.782055,114559.782055,0.0,825.334 um_pwv,1007.55 um_pwv,35.0,2.017 K,1.94512
20260210,114600.743090,114600.743090,0.0,825.529 um_pwv,1007.78 um_pwv,35.0,2.046 K,1.94558
20260210,114601.702448,114601.702448,0.0,826.925 um_pwv,1009.49 um_pwv,35.0,2.154 K,1.94888
20260210,114602.665220,114602.665220,0.0,829.237 um_pwv,1012.31 um_pwv,35.0,2.309 K,1.95435
20260210,114603.621031,114603.621031,0.0,831.315 um_pwv,1014.85 um_pwv,35.0,2.326 K,1.95926
20260210,114604.581948,114604.581948,0.0,834.357 um_pwv,1018.56 um_pwv,35.0,2.403 K,1.96645
20260210,114605.538578,114605.538578,0.0,838.114 um_pwv,1023.15 um_pwv,35.0,2.391 K,1.97533
20260210,114606.502435,114606.502435,0.0,840.247 um_pwv,1025.75 um_pwv,35.0,2.362 K,1.98037
20260210,114607.463274,114607.463274,0.0,842.615 um_pwv,1028.64 um_pwv,35.0,2.323 K,1.98596
20260210,114608.423275,114608.423275,0.0,842.552 um_pwv,1028.57 um_pwv,35.0,2.14 K,1.98581
20260210,114609.379022,114609.379022,0.0,841.929 um_pwv,1027.81 um_pwv,35.0,2.052 K,1.98434
20260210,114610.341748,114610.341748,0.0,841.056 um_pwv,1026.74 um_pwv,35.0,1.934 K,1.98228
20260210,114611.302894,114611.302894,0.0,841.119 um_pwv,1026.82 um_pwv,35.0,1.889 K,1.98243
20260210,114612.264975,114612.264975,0.0,840.434 um_pwv,1025.98 um_pwv,35.0,1.825 K,1.98081
20260210,114613.221749,114613.221749,0.0,840.372 um_pwv,1025.9 um_pwv,35.0,1.727 K,1.98066
20260210,114614.182927,114614.182927,0.0,842.012 um_pwv,1027.91 um_pwv,35.0,1.848 K,1.98454
20260210,114615.144882,114615.144882,0.0,844.697 um_pwv,1031.18 um_pwv,35.0,1.942 K,1.99088
20260210,114616.100096,114616.100096,0.0,848.207 um_pwv,1035.47 um_pwv,35.0,1.938 K,1.99918
20260210,114617.062150,114617.062150,0.0,853.036 um_pwv,1041.36 um_pwv,35.0,2.062 K,2.01059
20260210,114618.025276,114618.025276,0.0,854.279 um_pwv,1042.88 um_pwv,35.0,2.187 K,2.01353
20260210,114618.981371,114618.981371,0.0,854.816 um_pwv,1043.54 um_pwv,35.0,2.256 K,2.01480
20260210,114619.945134,114619.945134,0.0,851.479 um_pwv,1039.46 um_pwv,35.0,2.175 K,2.00691
20260210,114620.901133,114620.901133,0.0,850.891 um_pwv,1038.75 um_pwv,35.0,2.316 K,2.00552
20260210,114621.861337,114621.861337,0.0,849.317 um_pwv,1036.83 um_pwv,35.0,2.289 K,2.00180
20260210,114622.823055,114622.823055,0.0,842.772 um_pwv,1028.83 um_pwv,35.0,2.187 K,1.98633
20260210,114623.784545,114623.784545,0.0,839.459 um_pwv,1024.79 um_pwv,35.0,2.173 K,1.97851
20260210,114624.740769,114624.740769,0.0,835.429 um_pwv,1019.87 um_pwv,35.0,2.039 K,1.96898
20260210,114625.702535,114625.702535,0.0,833.843 um_pwv,1017.93 um_pwv,35.0,2.065 K,1.96523
20260210,114626.662648,114626.662648,0.0,829.336 um_pwv,1012.43 um_pwv,35.0,2.003 K,1.95458
20260210,114627.620544,114627.620544,0.0,828.009 um_pwv,1010.81 um_pwv,35.0,1.971 K,1.95145
20260210,114628.585467,114628.585467,0.0,825.855 um_pwv,1008.18 um_pwv,35.0,1.974 K,1.94636
20260210,114629.541043,114629.541043,0.0,825.395 um_pwv,1007.62 um_pwv,35.0,1.989 K,1.94527
20260210,114630.501954,114630.501954,0.0,825.142 um_pwv,1007.31 um_pwv,35.0,2.056 K,1.94467
20260210,114631.465229,114631.465229,0.0,827.496 um_pwv,1010.19 um_pwv,35.0,2.157 K,1.95023
20260210,114632.425344,114632.425344,0.0,829.585 um_pwv,1012.74 um_pwv,35.0,2.174 K,1.95517
20260210,114633.379922,114633.379922,0.0,832.732 um_pwv,1016.58 um_pwv,35.0,2.276 K,1.96261
20260210,114634.341267,114634.341267,0.0,834.708 um_pwv,1018.99 um_pwv,35.0,2.333 K,1.96728
20260210,114635.303799,114635.303799,0.0,838.197 um_pwv,1023.25 um_pwv,35.0,2.349 K,1.97552
20260210,114636.263004,114636.263004,0.0,839.448 um_pwv,1024.78 um_pwv,35.0,2.228 K,1.97848
20260210,114637.221440,114637.221440,0.0,841.472 um_pwv,1027.25 um_pwv,35.0,2.244 K,1.98326
20260210,114638.184916,114638.184916,0.0,841.753 um_pwv,1027.59 um_pwv,35.0,2.132 K,1.98393
20260210,114639.146698,114639.146698,0.0,842.668 um_pwv,1028.71 um_pwv,35.0,2.039 K,1.98609
20260210,114640.099924,114640.099924,0.0,840.238 um_pwv,1025.74 um_pwv,35.0,1.879 K,1.98034
20260210,114641.063994,114641.063994,0.0,839.957 um_pwv,1025.4 um_pwv,35.0,1.797 K,1.97968
20260210,114642.021985,114642.021985,0.0,839.862 um_pwv,1025.28 um_pwv,35.0,1.858 K,1.97946
20260210,114642.983915,114642.983915,0.0,840.715 um_pwv,1026.32 um_pwv,35.0,1.715 K,1.98147
20260210,114643.943434,114643.943434,0.0,842.125 um_pwv,1028.04 um_pwv,35.0,1.868 K,1.98480
20260210,114644.901276,114644.901276,0.0,844.396 um_pwv,1030.82 um_pwv,35.0,1.916 K,1.99017
20260210,114645.861792,114645.861792,0.0,846.671 um_pwv,1033.59 um_pwv,35.0,1.868 K,1.99555
20260210,114646.820565,114646.820565,0.0,849.851 um_pwv,1037.48 um_pwv,35.0,1.98 K,2.00306
20260210,114647.781760,114647.781760,0.0,853.478 um_pwv,1041.9 um_pwv,35.0,2.106 K,2.01163
20260210,114648.744651,114648.744651,0.0,851.323 um_pwv,1039.27 um_pwv,35.0,2.209 K,2.00654
20260210,114649.701353,114649.701353,0.0,850.387 um_pwv,1038.13 um_pwv,35.0,2.293 K,2.00433
20260210,114650.665332,114650.665332,0.0,848.521 um_pwv,1035.85 um_pwv,35.0,2.281 K,1.99992
20260210,114651.622681,114651.622681,0.0,846.45 um_pwv,1033.32 um_pwv,35.0,2.243 K,1.99503
20260210,114652.582627,114652.582627,0.0,841.751 um_pwv,1027.59 um_pwv,35.0,2.155 K,1.98392
20260210,114653.544161,114653.544161,0.0,840.434 um_pwv,1025.98 um_pwv,35.0,2.182 K,1.98081
20260210,114654.505251,114654.505251,0.0,837.009 um_pwv,1021.8 um_pwv,35.0,1.977 K,1.97271
20260210,114655.463828,114655.463828,0.0,832.157 um_pwv,1015.88 um_pwv,35.0,1.943 K,1.96125
20260210,114656.420977,114656.420977,0.0,829.553 um_pwv,1012.7 um_pwv,35.0,2.042 K,1.95509
20260210,114657.383146,114657.383146,0.0,827.712 um_pwv,1010.45 um_pwv,35.0,2.038 K,1.95074
20260210,114658.341500,114658.341500,0.0,825.59 um_pwv,1007.86 um_pwv,35.0,1.921 K,1.94573
20260210,114659.303658,114659.303658,0.0,824.877 um_pwv,1006.99 um_pwv,35.0,1.953 K,1.94404
20260210,114700.265715,114700.265715,0.0,824.613 um_pwv,1006.67 um_pwv,35.0,2.1 K,1.94342
20260210,114701.220973,114701.220973,0.0,826.875 um_pwv,1009.43 um_pwv,35.0,2.165 K,1.94877
20260210,114702.186381,114702.186381,0.0,830.126 um_pwv,1013.4 um_pwv,35.0,2.319 K,1.95645
20260210,114703.141233,114703.141233,0.0,830.884 um_pwv,1014.32 um_pwv,35.0,2.212 K,1.95824
20260210,114704.103883,114704.103883,0.0,835.78 um_pwv,1020.3 um_pwv,35.0,2.367 K,1.96981
20260210,114705.065377,114705.065377,0.0,837.473 um_pwv,1022.37 um_pwv,35.0,2.235 K,1.97381
20260210,114706.020853,114706.020853,0.0,839.181 um_pwv,1024.45 um_pwv,35.0,2.14 K,1.97785
20260210,114706.983713,114706.983713,0.0,840.268 um_pwv,1025.78 um_pwv,35.0,2.126 K,1.98042
20260210,114707.941519,114707.941519,0.0,841.409 um_pwv,1027.17 um_pwv,35.0,2.115 K,1.98311
20260210,114708.899785,114708.899785,0.0,840.941 um_pwv,1026.6 um_pwv,35.0,2.011 K,1.98201
20260210,114709.861744,114709.861744,0.0,838.362 um_pwv,1023.45 um_pwv,35.0,1.834 K,1.97591
20260210,114710.821576,114710.821576,0.0,839.77 um_pwv,1025.17 um_pwv,35.0,1.781 K,1.97924
20260210,114711.783440,114711.783440,0.0,839.625 um_pwv,1024.99 um_pwv,35.0,1.763 K,1.97890
20260210,114712.744165,114712.744165,0.0,840.185 um_pwv,1025.68 um_pwv,35.0,1.785 K,1.98022
20260210,114713.704701,114713.704701,0.0,840.3 um_pwv,1025.82 um_pwv,35.0,1.683 K,1.98049
20260210,114714.663002,114714.663002,0.0,843.78 um_pwv,1030.07 um_pwv,35.0,1.938 K,1.98872
20260210,114715.624011,114715.624011,0.0,847.412 um_pwv,1034.5 um_pwv,35.0,1.896 K,1.99730
20260210,114716.582250,114716.582250,0.0,852.288 um_pwv,1040.45 um_pwv,35.0,2.073 K,2.00882
20260210,114717.544185,114717.544185,0.0,854.448 um_pwv,1043.09 um_pwv,35.0,2.175 K,2.01393
20260210,114718.505021,114718.505021,0.0,851.458 um_pwv,1039.44 um_pwv,35.0,2.148 K,2.00686
20260210,114719.461457,114719.461457,0.0,850.933 um_pwv,1038.8 um_pwv,35.0,2.288 K,2.00562
20260210,114720.422359,114720.422359,0.0,849.359 um_pwv,1036.88 um_pwv,35.0,2.344 K,2.00190
20260210,114721.385597,114721.385597,0.0,847.486 um_pwv,1034.59 um_pwv,35.0,2.278 K,1.99747
20260210,114722.339669,114722.339669,0.0,843.093 um_pwv,1029.23 um_pwv,35.0,2.258 K,1.98709
20260210,114723.300700,114723.300700,0.0,839.024 um_pwv,1024.26 um_pwv,35.0,2.086 K,1.97748
20260210,114724.262205,114724.262205,0.0,836.924 um_pwv,1021.7 um_pwv,35.0,2.009 K,1.97251
20260210,114725.224389,114725.224389,0.0,832.703 um_pwv,1016.54 um_pwv,35.0,2.041 K,1.96254
20260210,114726.181992,114726.181992,0.0,828.959 um_pwv,1011.97 um_pwv,35.0,2.031 K,1.95369
20260210,114727.144858,114727.144858,0.0,826.916 um_pwv,1009.48 um_pwv,35.0,2.04 K,1.94886
20260210,114728.103644,114728.103644,0.0,826.773 um_pwv,1009.3 um_pwv,35.0,1.917 K,1.94852
20260210,114729.060073,114729.060073,0.0,826.05 um_pwv,1008.42 um_pwv,35.0,2.021 K,1.94682
20260210,114730.022673,114730.022673,0.0,826.854 um_pwv,1009.4 um_pwv,35.0,2.101 K,1.94872
20260210,114730.983050,114730.983050,0.0,828.652 um_pwv,1011.6 um_pwv,35.0,2.14 K,1.95297
20260210,114731.945794,114731.945794,0.0,830.711 um_pwv,1014.11 um_pwv,35.0,2.213 K,1.95783
20260210,114733.908897,114733.908897,0.0,836.688 um_pwv,1021.41 um_pwv,35.0,2.383 K,1.97195
20260210,114734.870402,114734.870402,0.0,839.542 um_pwv,1024.89 um_pwv,35.0,2.262 K,1.97870
20260210,114735.830795,114735.830795,0.0,840.164 um_pwv,1025.65 um_pwv,35.0,2.233 K,1.98017
20260210,114736.793149,114736.793149,0.0,840.724 um_pwv,1026.33 um_pwv,35.0,2.145 K,1.98149
20260210,114737.750390,114737.750390,0.0,842.354 um_pwv,1028.32 um_pwv,35.0,2.159 K,1.98534
20260210,114738.712124,114738.712124,0.0,840.289 um_pwv,1025.8 um_pwv,35.0,1.924 K,1.98046
20260210,114739.675077,114739.675077,0.0,839.273 um_pwv,1024.56 um_pwv,35.0,2.001 K,1.97806
20260210,114740.633233,114740.633233,0.0,837.856 um_pwv,1022.83 um_pwv,35.0,1.737 K,1.97472
20260210,114741.595306,114741.595306,0.0,839.687 um_pwv,1025.07 um_pwv,35.0,1.845 K,1.97904
20260210,114742.550536,114742.550536,0.0,840.621 um_pwv,1026.21 um_pwv,35.0,1.882 K,1.98125
20260210,114743.513740,114743.513740,0.0,844.333 um_pwv,1030.74 um_pwv,35.0,1.94 K,1.99002
20260210,114744.475381,114744.475381,0.0,845.898 um_pwv,1032.65 um_pwv,35.0,2.014 K,1.99372
20260210,114745.430797,114745.430797,0.0,848.186 um_pwv,1035.44 um_pwv,35.0,2.053 K,1.99913
20260210,114746.390847,114746.390847,0.0,850.735 um_pwv,1038.56 um_pwv,35.0,2.112 K,2.00515
20260210,114747.352377,114747.352377,0.0,851.071 um_pwv,1038.97 um_pwv,35.0,2.197 K,2.00594
20260210,114748.314696,114748.314696,0.0,851.932 um_pwv,1040.02 um_pwv,35.0,2.276 K,2.00798
20260210,114749.272415,114749.272415,0.0,850.46 um_pwv,1038.22 um_pwv,35.0,2.372 K,2.00450
20260210,114750.232293,114750.232293,0.0,849.108 um_pwv,1036.57 um_pwv,35.0,2.453 K,2.00131
20260210,114751.190853,114751.190853,0.0,846.805 um_pwv,1033.76 um_pwv,35.0,2.384 K,1.99586
20260210,114752.153950,114752.153950,0.0,840.879 um_pwv,1026.52 um_pwv,35.0,2.122 K,1.98186
20260210,114753.111394,114753.111394,0.0,839.625 um_pwv,1024.99 um_pwv,35.0,2.145 K,1.97890
20260210,114754.072591,114754.072591,0.0,834.058 um_pwv,1018.2 um_pwv,35.0,1.948 K,1.96574
20260210,114755.031604,114755.031604,0.0,829.482 um_pwv,1012.61 um_pwv,35.0,1.941 K,1.95493
20260210,114755.991154,114755.991154,0.0,828.089 um_pwv,1010.91 um_pwv,35.0,1.988 K,1.95163
20260210,114756.951545,114756.951545,0.0,826.356 um_pwv,1008.79 um_pwv,35.0,2.041 K,1.94754
20260210,114757.913067,114757.913067,0.0,826.009 um_pwv,1008.37 um_pwv,35.0,1.982 K,1.94672
20260210,114758.872328,114758.872328,0.0,824.319 um_pwv,1006.31 um_pwv,35.0,2.111 K,1.94273
20260210,114759.834020,114759.834020,0.0,827.805 um_pwv,1010.56 um_pwv,35.0,2.171 K,1.95096
20260210,114800.792033,114800.792033,0.0,830.033 um_pwv,1013.28 um_pwv,35.0,2.199 K,1.95623
20260210,114801.755150,114801.755150,0.0,830.905 um_pwv,1014.35 um_pwv,35.0,2.297 K,1.95829
20260210,114802.713528,114802.713528,0.0,834.502 um_pwv,1018.74 um_pwv,35.0,2.377 K,1.96679
20260210,114803.674632,114803.674632,0.0,836.708 um_pwv,1021.43 um_pwv,35.0,2.349 K,1.97200
20260210,114804.632965,114804.632965,0.0,838.105 um_pwv,1023.14 um_pwv,35.0,2.287 K,1.97530
20260210,114805.597066,114805.597066,0.0,838.88 um_pwv,1024.08 um_pwv,35.0,2.17 K,1.97713
20260210,114806.553113,114806.553113,0.0,840.268 um_pwv,1025.78 um_pwv,35.0,2.226 K,1.98042
20260210,114807.508987,114807.508987,0.0,840.985 um_pwv,1026.65 um_pwv,35.0,2.06 K,1.98211
20260210,114808.473774,114808.473774,0.0,838.59 um_pwv,1023.73 um_pwv,35.0,1.898 K,1.97645
20260210,114809.431854,114809.431854,0.0,839.563 um_pwv,1024.92 um_pwv,35.0,1.884 K,1.97875
20260210,114810.393619,114810.393619,0.0,838.767 um_pwv,1023.95 um_pwv,35.0,1.833 K,1.97687
20260210,114811.353190,114811.353190,0.0,840.173 um_pwv,1025.66 um_pwv,35.0,1.839 K,1.98019
20260210,114812.315499,114812.315499,0.0,840.694 um_pwv,1026.3 um_pwv,35.0,1.926 K,1.98142
20260210,114813.273089,114813.273089,0.0,844.364 um_pwv,1030.78 um_pwv,35.0,1.99 K,1.99009
20260210,114814.235560,114814.235560,0.0,844.384 um_pwv,1030.8 um_pwv,35.0,1.919 K,1.99014
20260210,114815.193500,114815.193500,0.0,848.458 um_pwv,1035.78 um_pwv,35.0,1.958 K,1.99977
20260210,114816.155001,114816.155001,0.0,849.935 um_pwv,1037.58 um_pwv,35.0,2.059 K,2.00326
20260210,114817.109940,114817.109940,0.0,851.395 um_pwv,1039.36 um_pwv,35.0,2.319 K,2.00671
20260210,114818.071071,114818.071071,0.0,852.51 um_pwv,1040.72 um_pwv,35.0,2.311 K,2.00935
20260210,114819.032938,114819.032938,0.0,850.324 um_pwv,1038.05 um_pwv,35.0,2.32 K,2.00418
20260210,114819.994245,114819.994245,0.0,847.726 um_pwv,1034.88 um_pwv,35.0,2.224 K,1.99804
20260210,114820.952833,114820.952833,0.0,845.147 um_pwv,1031.73 um_pwv,35.0,2.328 K,1.99194
20260210,114821.913635,114821.913635,0.0,839.978 um_pwv,1025.42 um_pwv,35.0,2.19 K,1.97973
20260210,114822.873465,114822.873465,0.0,839.667 um_pwv,1025.04 um_pwv,35.0,2.109 K,1.97899
20260210,114823.832644,114823.832644,0.0,833.957 um_pwv,1018.07 um_pwv,35.0,1.977 K,1.96550
20260210,114824.793421,114824.793421,0.0,829.091 um_pwv,1012.13 um_pwv,35.0,1.916 K,1.95400
20260210,114825.753301,114825.753301,0.0,828.579 um_pwv,1011.51 um_pwv,35.0,2.024 K,1.95279
20260210,114826.714144,114826.714144,0.0,828.232 um_pwv,1011.08 um_pwv,35.0,2.01 K,1.95197
20260210,114827.675114,114827.675114,0.0,824.968 um_pwv,1007.1 um_pwv,35.0,2.02 K,1.94426
20260210,114828.633604,114828.633604,0.0,825.375 um_pwv,1007.6 um_pwv,35.0,2.113 K,1.94522
20260210,114829.593965,114829.593965,0.0,827.978 um_pwv,1010.77 um_pwv,35.0,2.179 K,1.95137
20260210,114830.552805,114830.552805,0.0,831.007 um_pwv,1014.47 um_pwv,35.0,2.167 K,1.95853
20260210,114831.514643,114831.514643,0.0,833.246 um_pwv,1017.21 um_pwv,35.0,2.337 K,1.96382
20260210,114832.471517,114832.471517,0.0,835.573 um_pwv,1020.05 um_pwv,35.0,2.289 K,1.96932
20260210,114833.433483,114833.433483,0.0,838.394 um_pwv,1023.49 um_pwv,35.0,2.387 K,1.97599
20260210,114834.394817,114834.394817,0.0,838.797 um_pwv,1023.98 um_pwv,35.0,2.293 K,1.97694
20260210,114835.353749,114835.353749,0.0,839.285 um_pwv,1024.58 um_pwv,35.0,2.288 K,1.97809
20260210,114836.312028,114836.312028,0.0,840.061 um_pwv,1025.52 um_pwv,35.0,2.121 K,1.97993
20260210,114837.275328,114837.275328,0.0,839.978 um_pwv,1025.42 um_pwv,35.0,2.076 K,1.97973
20260210,114838.232978,114838.232978,0.0,839.48 um_pwv,1024.82 um_pwv,35.0,1.999 K,1.97855
20260210,114839.191257,114839.191257,0.0,837.824 um_pwv,1022.79 um_pwv,35.0,1.934 K,1.97464
20260210,114840.152108,114840.152108,0.0,836.926 um_pwv,1021.7 um_pwv,35.0,1.874 K,1.97252
20260210,114841.114597,114841.114597,0.0,838.146 um_pwv,1023.19 um_pwv,35.0,1.834 K,1.97540
20260210,114842.073464,114842.073464,0.0,840.051 um_pwv,1025.51 um_pwv,35.0,1.847 K,1.97990
20260210,114843.032991,114843.032991,0.0,843.001 um_pwv,1029.11 um_pwv,35.0,2.003 K,1.98687
20260210,114843.994280,114843.994280,0.0,847.256 um_pwv,1034.31 um_pwv,35.0,1.994 K,1.99693
20260210,114844.953590,114844.953590,0.0,850.303 um_pwv,1038.03 um_pwv,35.0,2.184 K,2.00413
20260210,114845.915999,114845.915999,0.0,850.114 um_pwv,1037.8 um_pwv,35.0,2.173 K,2.00368
20260210,114846.870597,114846.870597,0.0,851.575 um_pwv,1039.58 um_pwv,35.0,2.234 K,2.00714
20260210,114847.833743,114847.833743,0.0,851.848 um_pwv,1039.91 um_pwv,35.0,2.361 K,2.00778
20260210,114848.796230,114848.796230,0.0,850.114 um_pwv,1037.8 um_pwv,35.0,2.337 K,2.00368
20260210,114849.753389,114849.753389,0.0,848.91 um_pwv,1036.33 um_pwv,35.0,2.386 K,2.00084
20260210,114850.715906,114850.715906,0.0,844.76 um_pwv,1031.26 um_pwv,35.0,2.37 K,1.99103
20260210,114851.676079,114851.676079,0.0,841.172 um_pwv,1026.88 um_pwv,35.0,2.209 K,1.98255
20260210,114852.632204,114852.632204,0.0,838.022 um_pwv,1023.04 um_pwv,35.0,2.117 K,1.97511
20260210,114853.591391,114853.591391,0.0,832.785 um_pwv,1016.64 um_pwv,35.0,2.082 K,1.96273
20260210,114854.550250,114854.550250,0.0,828.57 um_pwv,1011.5 um_pwv,35.0,2.003 K,1.95277
20260210,114855.511097,114855.511097,0.0,825.957 um_pwv,1008.31 um_pwv,35.0,1.915 K,1.94660
20260210,114856.473376,114856.473376,0.0,826.478 um_pwv,1008.94 um_pwv,35.0,1.974 K,1.94783
20260210,114857.434665,114857.434665,0.0,826.487 um_pwv,1008.95 um_pwv,35.0,2.133 K,1.94785
20260210,114858.389625,114858.389625,0.0,827.957 um_pwv,1010.75 um_pwv,35.0,2.108 K,1.95132
20260210,114859.355148,114859.355148,0.0,828.457 um_pwv,1011.36 um_pwv,35.0,2.131 K,1.95250
20260210,114900.313534,114900.313534,0.0,831.91 um_pwv,1015.58 um_pwv,35.0,2.29 K,1.96067
20260210,114901.270590,114901.270590,0.0,834.749 um_pwv,1019.04 um_pwv,35.0,2.399 K,1.96737
20260210,114902.233331,114902.233331,0.0,836.555 um_pwv,1021.24 um_pwv,35.0,2.376 K,1.97164
20260210,114903.193217,114903.193217,0.0,839.729 um_pwv,1025.12 um_pwv,35.0,2.446 K,1.97914
20260210,114904.152255,114904.152255,0.0,840.591 um_pwv,1026.17 um_pwv,35.0,2.329 K,1.98118
20260210,114905.111167,114905.111167,0.0,839.978 um_pwv,1025.42 um_pwv,35.0,2.315 K,1.97973
20260210,114906.072259,114906.072259,0.0,840.072 um_pwv,1025.54 um_pwv,35.0,2.136 K,1.97995
20260210,114907.033489,114907.033489,0.0,841.368 um_pwv,1027.12 um_pwv,35.0,2.195 K,1.98301
20260210,114907.992079,114907.992079,0.0,840.164 um_pwv,1025.65 um_pwv,35.0,2.05 K,1.98017
20260210,114908.952413,114908.952413,0.0,838.134 um_pwv,1023.17 um_pwv,35.0,1.951 K,1.97537
20260210,114909.913709,114909.913709,0.0,837.204 um_pwv,1022.04 um_pwv,35.0,1.966 K,1.97318
20260210,114910.871493,114910.871493,0.0,838.942 um_pwv,1024.16 um_pwv,35.0,1.839 K,1.97728
20260210,114911.832523,114911.832523,0.0,839.397 um_pwv,1024.71 um_pwv,35.0,1.935 K,1.97836
20260210,114912.793642,114912.793642,0.0,843.563 um_pwv,1029.8 um_pwv,35.0,1.946 K,1.98820
20260210,114913.750551,114913.750551,0.0,847.756 um_pwv,1034.92 um_pwv,35.0,2.066 K,1.99811
20260210,114914.713736,114914.713736,0.0,848.647 um_pwv,1036.01 um_pwv,35.0,2.108 K,2.00022
20260210,114915.674745,114915.674745,0.0,851.995 um_pwv,1040.09 um_pwv,35.0,2.212 K,2.00813
20260210,114916.635065,114916.635065,0.0,854.385 um_pwv,1043.01 um_pwv,35.0,2.341 K,2.01378
20260210,114917.590527,114917.590527,0.0,850.996 um_pwv,1038.87 um_pwv,35.0,2.294 K,2.00577
20260210,114918.553330,114918.553330,0.0,851.038 um_pwv,1038.93 um_pwv,35.0,2.444 K,2.00587
20260210,114919.514920,114919.514920,0.0,848.845 um_pwv,1036.25 um_pwv,35.0,2.316 K,2.00068
20260210,114920.472730,114920.472730,0.0,843.78 um_pwv,1030.07 um_pwv,35.0,2.274 K,1.98872
20260210,114921.434600,114921.434600,0.0,840.798 um_pwv,1026.42 um_pwv,35.0,2.196 K,1.98167
20260210,114922.396114,114922.396114,0.0,836.006 um_pwv,1020.58 um_pwv,35.0,2.066 K,1.97035
20260210,114923.356695,114923.356695,0.0,831.644 um_pwv,1015.25 um_pwv,35.0,2.025 K,1.96003
20260210,114924.312068,114924.312068,0.0,828.641 um_pwv,1011.58 um_pwv,35.0,1.955 K,1.95294
20260210,114925.270762,114925.270762,0.0,827.292 um_pwv,1009.94 um_pwv,35.0,1.953 K,1.94975
20260210,114926.232297,114926.232297,0.0,825.765 um_pwv,1008.07 um_pwv,35.0,1.977 K,1.94614
20260210,114927.195369,114927.195369,0.0,825.998 um_pwv,1008.36 um_pwv,35.0,2.091 K,1.94669
20260210,114928.152285,114928.152285,0.0,825.622 um_pwv,1007.9 um_pwv,35.0,2.052 K,1.94580
20260210,114929.113645,114929.113645,0.0,829.123 um_pwv,1012.17 um_pwv,35.0,2.244 K,1.95408
20260210,114930.070494,114930.070494,0.0,830.577 um_pwv,1013.95 um_pwv,35.0,2.295 K,1.95751
20260210,114931.033711,114931.033711,0.0,834.316 um_pwv,1018.51 um_pwv,35.0,2.313 K,1.96635
20260210,114931.994269,114931.994269,0.0,837.266 um_pwv,1022.11 um_pwv,35.0,2.339 K,1.97332
20260210,114932.952320,114932.952320,0.0,839.181 um_pwv,1024.45 um_pwv,35.0,2.391 K,1.97785
20260210,114933.913315,114933.913315,0.0,841.047 um_pwv,1026.73 um_pwv,35.0,2.365 K,1.98226
20260210,114934.874425,114934.874425,0.0,839.107 um_pwv,1024.36 um_pwv,35.0,2.271 K,1.97767
20260210,114935.835156,114935.835156,0.0,838.962 um_pwv,1024.18 um_pwv,35.0,2.149 K,1.97733
20260210,114936.794190,114936.794190,0.0,840.455 um_pwv,1026.01 um_pwv,35.0,2.048 K,1.98086
20260210,114937.752489,114937.752489,0.0,839.883 um_pwv,1025.31 um_pwv,35.0,2.006 K,1.97951
20260210,114938.713946,114938.713946,0.0,838.59 um_pwv,1023.73 um_pwv,35.0,1.798 K,1.97645
20260210,114939.676210,114939.676210,0.0,838.061 um_pwv,1023.08 um_pwv,35.0,1.838 K,1.97520
20260210,114940.632018,114940.632018,0.0,839.978 um_pwv,1025.42 um_pwv,35.0,1.842 K,1.97973
20260210,114941.591027,114941.591027,0.0,843.56 um_pwv,1029.8 um_pwv,35.0,2.004 K,1.98820
20260210,114942.554233,114942.554233,0.0,846.095 um_pwv,1032.89 um_pwv,35.0,2.008 K,1.99419
20260210,114943.516143,114943.516143,0.0,846.462 um_pwv,1033.34 um_pwv,35.0,1.979 K,1.99505
20260210,114944.476339,114944.476339,0.0,849.905 um_pwv,1037.54 um_pwv,35.0,2.194 K,2.00319
20260210,114945.432279,114945.432279,0.0,850.945 um_pwv,1038.81 um_pwv,35.0,2.285 K,2.00565
20260210,114946.395675,114946.395675,0.0,853.984 um_pwv,1042.52 um_pwv,35.0,2.369 K,2.01283
20260210,114947.352460,114947.352460,0.0,852.341 um_pwv,1040.52 um_pwv,35.0,2.302 K,2.00895
20260210,114948.314186,114948.314186,0.0,851.416 um_pwv,1039.39 um_pwv,35.0,2.299 K,2.00676
20260210,114949.272476,114949.272476,0.0,848.365 um_pwv,1035.66 um_pwv,35.0,2.259 K,1.99955
20260210,114950.234587,114950.234587,0.0,843.456 um_pwv,1029.67 um_pwv,35.0,2.243 K,1.98795
20260210,114951.195778,114951.195778,0.0,839.19 um_pwv,1024.46 um_pwv,35.0,2.158 K,1.97787
20260210,114952.154110,114952.154110,0.0,835.037 um_pwv,1019.39 um_pwv,35.0,2.014 K,1.96805
20260210,114953.116182,114953.116182,0.0,831.409 um_pwv,1014.96 um_pwv,35.0,2.011 K,1.95948
20260210,114954.072829,114954.072829,0.0,828.345 um_pwv,1011.22 um_pwv,35.0,1.94 K,1.95224
20260210,114955.037008,114955.037008,0.0,828.173 um_pwv,1011.01 um_pwv,35.0,1.941 K,1.95183
20260210,114955.991303,114955.991303,0.0,823.86 um_pwv,1005.75 um_pwv,35.0,1.89 K,1.94164
20260210,114956.952888,114956.952888,0.0,823.808 um_pwv,1005.68 um_pwv,35.0,1.961 K,1.94152
20260210,114957.912734,114957.912734,0.0,826.732 um_pwv,1009.25 um_pwv,35.0,2.052 K,1.94843
20260210,114958.875518,114958.875518,0.0,828.909 um_pwv,1011.91 um_pwv,35.0,2.149 K,1.95357
20260210,114959.833549,114959.833549,0.0,831.89 um_pwv,1015.55 um_pwv,35.0,2.276 K,1.96062
20260210,115000.798569,115000.798569,0.0,835.234 um_pwv,1019.63 um_pwv,35.0,2.298 K,1.96852
20260210,115001.753763,115001.753763,0.0,837.813 um_pwv,1022.78 um_pwv,35.0,2.339 K,1.97461
20260210,115002.711087,115002.711087,0.0,837.845 um_pwv,1022.82 um_pwv,35.0,2.349 K,1.97469
20260210,115003.671837,115003.671837,0.0,839.107 um_pwv,1024.36 um_pwv,35.0,2.247 K,1.97767
20260210,115004.633271,115004.633271,0.0,839.823 um_pwv,1025.23 um_pwv,35.0,2.199 K,1.97936
20260210,115005.594470,115005.594470,0.0,838.082 um_pwv,1023.11 um_pwv,35.0,2.058 K,1.97525
20260210,115006.552735,115006.552735,0.0,838.539 um_pwv,1023.67 um_pwv,35.0,2.085 K,1.97633
20260210,115007.513195,115007.513195,0.0,836.637 um_pwv,1021.35 um_pwv,35.0,1.997 K,1.97184
20260210,115008.474080,115008.474080,0.0,838.247 um_pwv,1023.31 um_pwv,35.0,1.885 K,1.97564
20260210,115009.436752,115009.436752,0.0,837.369 um_pwv,1022.24 um_pwv,35.0,1.845 K,1.97357
20260210,115010.392226,115010.392226,0.0,838.817 um_pwv,1024.01 um_pwv,35.0,1.919 K,1.97699
20260210,115011.350653,115011.350653,0.0,840.413 um_pwv,1025.95 um_pwv,35.0,1.891 K,1.98076
20260210,115012.315188,115012.315188,0.0,845.239 um_pwv,1031.85 um_pwv,35.0,2.047 K,1.99216
20260210,115013.276320,115013.276320,0.0,847.024 um_pwv,1034.03 um_pwv,35.0,1.993 K,1.99638
20260210,115014.232104,115014.232104,0.0,849.161 um_pwv,1036.63 um_pwv,35.0,2.224 K,2.00143
20260210,115015.193037,115015.193037,0.0,851.774 um_pwv,1039.82 um_pwv,35.0,2.316 K,2.00761
20260210,115016.154265,115016.154265,0.0,851.72 um_pwv,1039.76 um_pwv,35.0,2.311 K,2.00748
20260210,115017.112858,115017.112858,0.0,852.426 um_pwv,1040.62 um_pwv,35.0,2.398 K,2.00915
20260210,115018.074124,115018.074124,0.0,850.166 um_pwv,1037.86 um_pwv,35.0,2.337 K,2.00381
20260210,115019.035957,115019.035957,0.0,848.009 um_pwv,1035.23 um_pwv,35.0,2.332 K,1.99871
20260210,115019.997971,115019.997971,0.0,844.354 um_pwv,1030.77 um_pwv,35.0,2.254 K,1.99007
20260210,115020.959018,115020.959018,0.0,839.427 um_pwv,1024.75 um_pwv,35.0,2.179 K,1.97843
20260210,115021.914279,115021.914279,0.0,833.667 um_pwv,1017.72 um_pwv,35.0,2.09 K,1.96482
20260210,115022.873760,115022.873760,0.0,830.24 um_pwv,1013.54 um_pwv,35.0,2.017 K,1.95672
20260210,115023.833382,115023.833382,0.0,828.284 um_pwv,1011.15 um_pwv,35.0,1.86 K,1.95210
20260210,115024.794529,115024.794529,0.0,826.437 um_pwv,1008.89 um_pwv,35.0,1.956 K,1.94773
20260210,115025.755832,115025.755832,0.0,823.32 um_pwv,1005.09 um_pwv,35.0,1.973 K,1.94036
20260210,115026.717464,115026.717464,0.0,825.966 um_pwv,1008.32 um_pwv,35.0,2.023 K,1.94662
20260210,115027.671742,115027.671742,0.0,828.059 um_pwv,1010.87 um_pwv,35.0,2.156 K,1.95156
20260210,115028.634452,115028.634452,0.0,829.348 um_pwv,1012.45 um_pwv,35.0,2.202 K,1.95461
20260210,115029.591259,115029.591259,0.0,833.596 um_pwv,1017.63 um_pwv,35.0,2.35 K,1.96465
20260210,115030.554361,115030.554361,0.0,836.717 um_pwv,1021.44 um_pwv,35.0,2.423 K,1.97203
20260210,115031.515813,115031.515813,0.0,837.999 um_pwv,1023.01 um_pwv,35.0,2.367 K,1.97505
20260210,115032.474575,115032.474575,0.0,839.294 um_pwv,1024.59 um_pwv,35.0,2.44 K,1.97811
20260210,115033.434686,115033.434686,0.0,838.951 um_pwv,1024.17 um_pwv,35.0,2.181 K,1.97730
20260210,115034.391297,115034.391297,0.0,839.004 um_pwv,1024.23 um_pwv,35.0,2.138 K,1.97743
20260210,115035.355564,115035.355564,0.0,839.036 um_pwv,1024.27 um_pwv,35.0,2.164 K,1.97750
20260210,115036.312083,115036.312083,0.0,837.804 um_pwv,1022.77 um_pwv,35.0,1.98 K,1.97459
20260210,115037.274143,115037.274143,0.0,837.638 um_pwv,1022.57 um_pwv,35.0,1.89 K,1.97420
20260210,115038.235888,115038.235888,0.0,836.968 um_pwv,1021.75 um_pwv,35.0,1.863 K,1.97262
20260210,115039.192657,115039.192657,0.0,838.516 um_pwv,1023.64 um_pwv,35.0,1.765 K,1.97628
20260210,115040.156708,115040.156708,0.0,839.833 um_pwv,1025.25 um_pwv,35.0,1.855 K,1.97939
20260210,115041.116134,115041.116134,0.0,843.989 um_pwv,1030.32 um_pwv,35.0,1.929 K,1.98921
20260210,115042.076190,115042.076190,0.0,846.889 um_pwv,1033.86 um_pwv,35.0,1.994 K,1.99606
20260210,115043.033159,115043.033159,0.0,847.34 um_pwv,1034.41 um_pwv,35.0,1.961 K,1.99713
20260210,115043.995118,115043.995118,0.0,849.329 um_pwv,1036.84 um_pwv,35.0,2.115 K,2.00183
20260210,115044.956225,115044.956225,0.0,851.479 um_pwv,1039.46 um_pwv,35.0,2.296 K,2.00691
20260210,115045.912865,115045.912865,0.0,851.059 um_pwv,1038.95 um_pwv,35.0,2.185 K,2.00592
20260210,115046.871801,115046.871801,0.0,851.027 um_pwv,1038.91 um_pwv,35.0,2.27 K,2.00584
20260210,115047.835147,115047.835147,0.0,849.674 um_pwv,1037.26 um_pwv,35.0,2.299 K,2.00264
20260210,115048.794612,115048.794612,0.0,848.512 um_pwv,1035.84 um_pwv,35.0,2.364 K,1.99990
20260210,115049.755175,115049.755175,0.0,844.114 um_pwv,1030.47 um_pwv,35.0,2.284 K,1.98950
20260210,115050.716076,115050.716076,0.0,838.829 um_pwv,1024.02 um_pwv,35.0,2.173 K,1.97702
20260210,115051.674577,115051.674577,0.0,833.708 um_pwv,1017.77 um_pwv,35.0,2.051 K,1.96491
20260210,115052.634554,115052.634554,0.0,831.222 um_pwv,1014.73 um_pwv,35.0,2.059 K,1.95904
20260210,115053.596343,115053.596343,0.0,828.754 um_pwv,1011.72 um_pwv,35.0,1.952 K,1.95321
20260210,115054.557439,115054.557439,0.0,826.222 um_pwv,1008.63 um_pwv,35.0,1.95 K,1.94722
20260210,115055.519416,115055.519416,0.0,824.47 um_pwv,1006.49 um_pwv,35.0,1.932 K,1.94308
20260210,115056.473284,115056.473284,0.0,825.765 um_pwv,1008.07 um_pwv,35.0,2.047 K,1.94614
20260210,115057.435599,115057.435599,0.0,826.793 um_pwv,1009.33 um_pwv,35.0,1.94 K,1.94857
20260210,115058.396640,115058.396640,0.0,828.763 um_pwv,1011.73 um_pwv,35.0,2.084 K,1.95323
20260210,115059.352051,115059.352051,0.0,833.196 um_pwv,1017.14 um_pwv,35.0,2.13 K,1.96370
20260210,115100.314612,115100.314612,0.0,836.286 um_pwv,1020.92 um_pwv,35.0,2.364 K,1.97101
20260210,115101.275107,115101.275107,0.0,837.195 um_pwv,1022.03 um_pwv,35.0,2.307 K,1.97315
20260210,115102.231918,115102.231918,0.0,839.552 um_pwv,1024.9 um_pwv,35.0,2.357 K,1.97872
20260210,115103.193585,115103.193585,0.0,838.043 um_pwv,1023.06 um_pwv,35.0,2.329 K,1.97516
20260210,115104.154149,115104.154149,0.0,837.514 um_pwv,1022.42 um_pwv,35.0,2.065 K,1.97391
20260210,115105.115659,115105.115659,0.0,838.27 um_pwv,1023.34 um_pwv,35.0,2.07 K,1.97569
20260210,115106.073170,115106.073170,0.0,836.926 um_pwv,1021.7 um_pwv,35.0,1.913 K,1.97252
20260210,115107.035891,115107.035891,0.0,835.995 um_pwv,1020.56 um_pwv,35.0,1.841 K,1.97032
20260210,115107.997546,115107.997546,0.0,836.192 um_pwv,1020.8 um_pwv,35.0,1.774 K,1.97078
20260210,115108.954182,115108.954182,0.0,837.969 um_pwv,1022.97 um_pwv,35.0,1.828 K,1.97498
20260210,115109.916238,115109.916238,0.0,840.807 um_pwv,1026.44 um_pwv,35.0,1.865 K,1.98169
20260210,115110.874731,115110.874731,0.0,842.137 um_pwv,1028.06 um_pwv,35.0,1.849 K,1.98483
20260210,115111.833731,115111.833731,0.0,844.646 um_pwv,1031.12 um_pwv,35.0,1.91 K,1.99076
20260210,115112.795286,115112.795286,0.0,847.809 um_pwv,1034.98 um_pwv,35.0,2.011 K,1.99824
20260210,115113.756543,115113.756543,0.0,850.009 um_pwv,1037.67 um_pwv,35.0,2.185 K,2.00344
20260210,115114.717223,115114.717223,0.0,851.143 um_pwv,1039.05 um_pwv,35.0,2.271 K,2.00612
20260210,115115.675405,115115.675405,0.0,852.047 um_pwv,1040.16 um_pwv,35.0,2.348 K,2.00825
20260210,115116.637085,115116.637085,0.0,849.317 um_pwv,1036.83 um_pwv,35.0,2.291 K,2.00180
20260210,115117.594610,115117.594610,0.0,850.849 um_pwv,1038.69 um_pwv,35.0,2.323 K,2.00542
20260210,115118.555602,115118.555602,0.0,848.919 um_pwv,1036.34 um_pwv,35.0,2.273 K,2.00086
20260210,115119.518451,115119.518451,0.0,841.398 um_pwv,1027.16 um_pwv,35.0,2.14 K,1.98309
20260210,115120.474980,115120.474980,0.0,837.721 um_pwv,1022.67 um_pwv,35.0,2.055 K,1.97440
20260210,115121.434998,115121.434998,0.0,834.234 um_pwv,1018.41 um_pwv,35.0,1.958 K,1.96616
20260210,115122.394216,115122.394216,0.0,828.775 um_pwv,1011.75 um_pwv,35.0,1.901 K,1.95326
20260210,115123.356986,115123.356986,0.0,829.193 um_pwv,1012.26 um_pwv,35.0,1.932 K,1.95424
20260210,115124.313894,115124.313894,0.0,824.845 um_pwv,1006.95 um_pwv,35.0,1.893 K,1.94397
20260210,115125.275116,115125.275116,0.0,823.851 um_pwv,1005.74 um_pwv,35.0,1.886 K,1.94162
20260210,115126.236863,115126.236863,0.0,826.009 um_pwv,1008.37 um_pwv,35.0,2.06 K,1.94672
20260210,115127.192926,115127.192926,0.0,828.714 um_pwv,1011.67 um_pwv,35.0,2.126 K,1.95311
20260210,115128.151744,115128.151744,0.0,832.095 um_pwv,1015.8 um_pwv,35.0,2.233 K,1.96110
20260210,115129.115591,115129.115591,0.0,833.772 um_pwv,1017.85 um_pwv,35.0,2.223 K,1.96506
20260210,115130.076847,115130.076847,0.0,835.894 um_pwv,1020.44 um_pwv,35.0,2.278 K,1.97008
20260210,115131.036290,115131.036290,0.0,836.555 um_pwv,1021.24 um_pwv,35.0,2.279 K,1.97164
20260210,115131.997055,115131.997055,0.0,836.708 um_pwv,1021.43 um_pwv,35.0,2.272 K,1.97200
20260210,115132.959772,115132.959772,0.0,837.328 um_pwv,1022.19 um_pwv,35.0,2.261 K,1.97347
20260210,115133.915358,115133.915358,0.0,838.102 um_pwv,1023.13 um_pwv,35.0,2.135 K,1.97530
20260210,115134.877340,115134.877340,0.0,838.238 um_pwv,1023.3 um_pwv,35.0,2.037 K,1.97562
20260210,115135.836427,115135.836427,0.0,837.597 um_pwv,1022.52 um_pwv,35.0,2.008 K,1.97410
20260210,115136.797735,115136.797735,0.0,837.101 um_pwv,1021.91 um_pwv,35.0,1.816 K,1.97293
20260210,115137.755704,115137.755704,0.0,837.071 um_pwv,1021.87 um_pwv,35.0,1.876 K,1.97286
20260210,115138.716029,115138.716029,0.0,837.588 um_pwv,1022.51 um_pwv,35.0,1.867 K,1.97408
20260210,115139.675004,115139.675004,0.0,839.48 um_pwv,1024.82 um_pwv,35.0,1.821 K,1.97855
20260210,115140.637185,115140.637185,0.0,842.532 um_pwv,1028.54 um_pwv,35.0,1.844 K,1.98576
20260210,115141.592741,115141.592741,0.0,845.803 um_pwv,1032.53 um_pwv,35.0,1.925 K,1.99350
20260210,115142.556387,115142.556387,0.0,848.386 um_pwv,1035.69 um_pwv,35.0,1.991 K,1.99960
20260210,115143.513004,115143.513004,0.0,849.266 um_pwv,1036.76 um_pwv,35.0,2.113 K,2.00168
20260210,115144.474087,115144.474087,0.0,850.156 um_pwv,1037.85 um_pwv,35.0,2.234 K,2.00378
20260210,115145.435435,115145.435435,0.0,850.975 um_pwv,1038.85 um_pwv,35.0,2.343 K,2.00572
20260210,115146.396763,115146.396763,0.0,851.363 um_pwv,1039.32 um_pwv,35.0,2.356 K,2.00663
20260210,115147.352597,115147.352597,0.0,850.324 um_pwv,1038.05 um_pwv,35.0,2.382 K,2.00418
20260210,115148.312350,115148.312350,0.0,845.824 um_pwv,1032.56 um_pwv,35.0,2.272 K,1.99354
20260210,115149.275886,115149.275886,0.0,842.033 um_pwv,1027.93 um_pwv,35.0,2.063 K,1.98459
20260210,115150.236676,115150.236676,0.0,837.845 um_pwv,1022.82 um_pwv,35.0,2.151 K,1.97469
20260210,115151.198170,115151.198170,0.0,833.102 um_pwv,1017.03 um_pwv,35.0,2.099 K,1.96348
20260210,115152.158480,115152.158480,0.0,829.389 um_pwv,1012.5 um_pwv,35.0,2.032 K,1.95471
20260210,115153.118721,115153.118721,0.0,826.58 um_pwv,1009.07 um_pwv,35.0,1.883 K,1.94807
20260210,115154.074607,115154.074607,0.0,826.181 um_pwv,1008.58 um_pwv,35.0,1.965 K,1.94713
20260210,115155.035514,115155.035514,0.0,823.993 um_pwv,1005.91 um_pwv,35.0,1.956 K,1.94196
20260210,115155.998060,115155.998060,0.0,826.283 um_pwv,1008.71 um_pwv,35.0,2.122 K,1.94737
20260210,115156.956040,115156.956040,0.0,829.778 um_pwv,1012.97 um_pwv,35.0,2.199 K,1.95563
20260210,115157.917964,115157.917964,0.0,832.166 um_pwv,1015.89 um_pwv,35.0,2.298 K,1.96127
20260210,115158.875416,115158.875416,0.0,833.605 um_pwv,1017.64 um_pwv,35.0,2.283 K,1.96467
20260210,115159.837351,115159.837351,0.0,836.348 um_pwv,1020.99 um_pwv,35.0,2.361 K,1.97115
20260210,115200.794183,115200.794183,0.0,836.089 um_pwv,1020.68 um_pwv,35.0,2.353 K,1.97054
20260210,115201.760495,115201.760495,0.0,838.197 um_pwv,1023.25 um_pwv,35.0,2.264 K,1.97552
20260210,115202.715875,115202.715875,0.0,837.647 um_pwv,1022.58 um_pwv,35.0,2.336 K,1.97422
20260210,115203.672602,115203.672602,0.0,837.431 um_pwv,1022.32 um_pwv,35.0,2.175 K,1.97371
20260210,115204.632843,115204.632843,0.0,836.006 um_pwv,1020.58 um_pwv,35.0,1.998 K,1.97035
20260210,115205.593363,115205.593363,0.0,836.759 um_pwv,1021.49 um_pwv,35.0,1.927 K,1.97212
20260210,115206.558288,115206.558288,0.0,835.399 um_pwv,1019.83 um_pwv,35.0,1.794 K,1.96891
20260210,115207.515937,115207.515937,0.0,834.852 um_pwv,1019.17 um_pwv,35.0,1.829 K,1.96762
20260210,115208.477238,115208.477238,0.0,837.638 um_pwv,1022.57 um_pwv,35.0,1.863 K,1.97420
20260210,115209.437257,115209.437257,0.0,839.874 um_pwv,1025.3 um_pwv,35.0,1.778 K,1.97948
20260210,115210.395967,115210.395967,0.0,844.239 um_pwv,1030.62 um_pwv,35.0,1.884 K,1.98980
20260210,115211.357133,115211.357133,0.0,846.429 um_pwv,1033.3 um_pwv,35.0,1.963 K,1.99498
20260210,115212.317341,115212.317341,0.0,846.743 um_pwv,1033.68 um_pwv,35.0,2.003 K,1.99572
20260210,115213.275100,115213.275100,0.0,849.401 um_pwv,1036.93 um_pwv,35.0,2.126 K,2.00200
20260210,115214.236804,115214.236804,0.0,849.769 um_pwv,1037.38 um_pwv,35.0,2.269 K,2.00287
20260210,115215.196148,115215.196148,0.0,849.946 um_pwv,1037.59 um_pwv,35.0,2.357 K,2.00329
20260210,115216.154306,115216.154306,0.0,850.009 um_pwv,1037.67 um_pwv,35.0,2.378 K,2.00344
20260210,115217.116432,115217.116432,0.0,848.91 um_pwv,1036.33 um_pwv,35.0,2.31 K,2.00084
20260210,115218.077427,115218.077427,0.0,843.292 um_pwv,1029.47 um_pwv,35.0,2.222 K,1.98756
20260210,115219.036420,115219.036420,0.0,840.081 um_pwv,1025.55 um_pwv,35.0,2.213 K,1.97997
20260210,115219.996656,115219.996656,0.0,836.098 um_pwv,1020.69 um_pwv,35.0,2.231 K,1.97056
20260210,115220.957533,115220.957533,0.0,831.345 um_pwv,1014.88 um_pwv,35.0,2.165 K,1.95933
20260210,115221.916037,115221.916037,0.0,827.213 um_pwv,1009.84 um_pwv,35.0,1.905 K,1.94956
20260210,115222.877478,115222.877478,0.0,824.613 um_pwv,1006.67 um_pwv,35.0,1.868 K,1.94342
20260210,115223.838552,115223.838552,0.0,824.746 um_pwv,1006.83 um_pwv,35.0,2.029 K,1.94374
20260210,115224.798338,115224.798338,0.0,823.372 um_pwv,1005.15 um_pwv,35.0,1.971 K,1.94049
20260210,115225.754079,115225.754079,0.0,825.215 um_pwv,1007.4 um_pwv,35.0,2.145 K,1.94484
20260210,115226.715793,115226.715793,0.0,826.854 um_pwv,1009.4 um_pwv,35.0,2.078 K,1.94872
20260210,115227.675976,115227.675976,0.0,831.019 um_pwv,1014.49 um_pwv,35.0,2.222 K,1.95856
20260210,115228.638692,115228.638692,0.0,833.37 um_pwv,1017.36 um_pwv,35.0,2.357 K,1.96411
20260210,115229.597530,115229.597530,0.0,835.821 um_pwv,1020.35 um_pwv,35.0,2.269 K,1.96991
20260210,115230.554686,115230.554686,0.0,834.914 um_pwv,1019.24 um_pwv,35.0,2.275 K,1.96776
20260210,115231.516184,115231.516184,0.0,836.245 um_pwv,1020.87 um_pwv,35.0,2.333 K,1.97091
20260210,115232.477632,115232.477632,0.0,838.332 um_pwv,1023.41 um_pwv,35.0,2.217 K,1.97584
20260210,115233.435581,115233.435581,0.0,837.898 um_pwv,1022.88 um_pwv,35.0,2.153 K,1.97481
20260210,115234.397637,115234.397637,0.0,836.605 um_pwv,1021.31 um_pwv,35.0,1.866 K,1.97176
20260210,115235.357947,115235.357947,0.0,835.47 um_pwv,1019.92 um_pwv,35.0,1.832 K,1.96908
20260210,115236.314545,115236.314545,0.0,835.573 um_pwv,1020.05 um_pwv,35.0,1.84 K,1.96932
20260210,115237.277185,115237.277185,0.0,835.502 um_pwv,1019.96 um_pwv,35.0,1.83 K,1.96915
20260210,115238.236421,115238.236421,0.0,835.965 um_pwv,1020.53 um_pwv,35.0,1.763 K,1.97025
20260210,115239.192667,115239.192667,0.0,838.3 um_pwv,1023.38 um_pwv,35.0,1.796 K,1.97577
20260210,115240.153306,115240.153306,0.0,842.668 um_pwv,1028.71 um_pwv,35.0,1.853 K,1.98609
20260210,115241.115443,115241.115443,0.0,846.627 um_pwv,1033.54 um_pwv,35.0,1.992 K,1.99544
20260210,115242.074532,115242.074532,0.0,848.437 um_pwv,1035.75 um_pwv,35.0,2.095 K,1.99972
20260210,115243.037071,115243.037071,0.0,847.212 um_pwv,1034.25 um_pwv,35.0,2.161 K,1.99683
20260210,115243.994711,115243.994711,0.0,849.548 um_pwv,1037.11 um_pwv,35.0,2.328 K,2.00235
20260210,115244.957427,115244.957427,0.0,851.542 um_pwv,1039.54 um_pwv,35.0,2.362 K,2.00706
20260210,115245.918432,115245.918432,0.0,850.399 um_pwv,1038.15 um_pwv,35.0,2.377 K,2.00436
20260210,115246.874637,115246.874637,0.0,845.928 um_pwv,1032.69 um_pwv,35.0,2.293 K,1.99379
20260210,115247.838093,115247.838093,0.0,844.947 um_pwv,1031.49 um_pwv,35.0,2.335 K,1.99147
20260210,115248.794964,115248.794964,0.0,841.483 um_pwv,1027.26 um_pwv,35.0,2.311 K,1.98329
20260210,115249.758345,115249.758345,0.0,835.367 um_pwv,1019.79 um_pwv,35.0,2.076 K,1.96883
20260210,115250.717137,115250.717137,0.0,830.814 um_pwv,1014.24 um_pwv,35.0,2.046 K,1.95807
20260210,115251.677616,115251.677616,0.0,826.895 um_pwv,1009.45 um_pwv,35.0,1.985 K,1.94881
20260210,115252.634627,115252.634627,0.0,825.855 um_pwv,1008.18 um_pwv,35.0,1.889 K,1.94636
20260210,115253.596263,115253.596263,0.0,824.491 um_pwv,1006.52 um_pwv,35.0,2.095 K,1.94313
20260210,115254.556317,115254.556317,0.0,825.314 um_pwv,1007.52 um_pwv,35.0,2.051 K,1.94508
20260210,115255.515832,115255.515832,0.0,825.66 um_pwv,1007.94 um_pwv,35.0,2.175 K,1.94589
20260210,115256.478563,115256.478563,0.0,829.666 um_pwv,1012.84 um_pwv,35.0,2.247 K,1.95536
20260210,115257.434672,115257.434672,0.0,831.479 um_pwv,1015.05 um_pwv,35.0,2.302 K,1.95965
20260210,115258.401405,115258.401405,0.0,836.036 um_pwv,1020.61 um_pwv,35.0,2.378 K,1.97042
20260210,115259.356823,115259.356823,0.0,837.452 um_pwv,1022.34 um_pwv,35.0,2.468 K,1.97376
20260210,115300.318125,115300.318125,0.0,838.652 um_pwv,1023.8 um_pwv,35.0,2.426 K,1.97660
20260210,115301.275287,115301.275287,0.0,838.755 um_pwv,1023.93 um_pwv,35.0,2.471 K,1.97684
20260210,115302.238202,115302.238202,0.0,838.808 um_pwv,1024 um_pwv,35.0,2.3 K,1.97697
20260210,115303.197057,115303.197057,0.0,838.146 um_pwv,1023.19 um_pwv,35.0,2.173 K,1.97540
20260210,115304.156690,115304.156690,0.0,838.146 um_pwv,1023.19 um_pwv,35.0,2.088 K,1.97540
20260210,115305.116283,115305.116283,0.0,835.656 um_pwv,1020.15 um_pwv,35.0,1.994 K,1.96952
20260210,115306.077992,115306.077992,0.0,834.266 um_pwv,1018.45 um_pwv,35.0,1.893 K,1.96623
20260210,115307.032859,115307.032859,0.0,836.449 um_pwv,1021.12 um_pwv,35.0,1.88 K,1.97139
20260210,115307.994022,115307.994022,0.0,838.01 um_pwv,1023.02 um_pwv,35.0,1.934 K,1.97508
20260210,115308.956100,115308.956100,0.0,841.451 um_pwv,1027.22 um_pwv,35.0,1.907 K,1.98321
20260210,115309.919177,115309.919177,0.0,842.864 um_pwv,1028.95 um_pwv,35.0,1.952 K,1.98655
20260210,115310.876671,115310.876671,0.0,849.203 um_pwv,1036.69 um_pwv,35.0,2.163 K,2.00153
20260210,115311.840307,115311.840307,0.0,847.884 um_pwv,1035.07 um_pwv,35.0,2.173 K,1.99841
20260210,115312.795572,115312.795572,0.0,849.853 um_pwv,1037.48 um_pwv,35.0,2.316 K,2.00307
20260210,115313.757481,115313.757481,0.0,850.534 um_pwv,1038.31 um_pwv,35.0,2.391 K,2.00468
20260210,115314.717536,115314.717536,0.0,850.231 um_pwv,1037.94 um_pwv,35.0,2.311 K,2.00396
20260210,115315.675237,115315.675237,0.0,850.271 um_pwv,1037.99 um_pwv,35.0,2.303 K,2.00405
20260210,115316.637542,115316.637542,0.0,846.71 um_pwv,1033.64 um_pwv,35.0,2.343 K,1.99564
20260210,115317.595991,115317.595991,0.0,842.543 um_pwv,1028.56 um_pwv,35.0,2.325 K,1.98579
20260210,115318.557193,115318.557193,0.0,838.392 um_pwv,1023.49 um_pwv,35.0,2.213 K,1.97598
20260210,115319.516919,115319.516919,0.0,834.234 um_pwv,1018.41 um_pwv,35.0,2.218 K,1.96616
20260210,115320.477069,115320.477069,0.0,829.614 um_pwv,1012.77 um_pwv,35.0,2.14 K,1.95524
20260210,115321.437964,115321.437964,0.0,828.509 um_pwv,1011.42 um_pwv,35.0,2.058 K,1.95263
20260210,115322.398994,115322.398994,0.0,826.324 um_pwv,1008.76 um_pwv,35.0,1.934 K,1.94746
20260210,115323.356325,115323.356325,0.0,824.909 um_pwv,1007.03 um_pwv,35.0,2.075 K,1.94412
20260210,115324.318194,115324.318194,0.0,824.287 um_pwv,1006.27 um_pwv,35.0,2.003 K,1.94265
20260210,115325.278967,115325.278967,0.0,824.857 um_pwv,1006.96 um_pwv,35.0,2.13 K,1.94400
20260210,115326.237306,115326.237306,0.0,828.939 um_pwv,1011.95 um_pwv,35.0,2.246 K,1.95364
20260210,115327.198727,115327.198727,0.0,832.465 um_pwv,1016.25 um_pwv,35.0,2.297 K,1.96198
20260210,115328.155865,115328.155865,0.0,836.41 um_pwv,1021.07 um_pwv,35.0,2.354 K,1.97130
20260210,115329.117377,115329.117377,0.0,837.08 um_pwv,1021.89 um_pwv,35.0,2.378 K,1.97288
20260210,115330.076746,115330.076746,0.0,836.605 um_pwv,1021.31 um_pwv,35.0,2.341 K,1.97176
20260210,115331.037473,115331.037473,0.0,837.121 um_pwv,1021.94 um_pwv,35.0,2.319 K,1.97298
20260210,115331.999454,115331.999454,0.0,838.85 um_pwv,1024.05 um_pwv,35.0,2.342 K,1.97706
20260210,115332.954375,115332.954375,0.0,837.059 um_pwv,1021.86 um_pwv,35.0,2.033 K,1.97283
20260210,115333.918999,115333.918999,0.0,837.369 um_pwv,1022.24 um_pwv,35.0,2.072 K,1.97357
20260210,115334.876754,115334.876754,0.0,834.419 um_pwv,1018.64 um_pwv,35.0,1.977 K,1.96659
20260210,115335.834490,115335.834490,0.0,835.088 um_pwv,1019.45 um_pwv,35.0,1.897 K,1.96817
20260210,115336.793767,115336.793767,0.0,836.192 um_pwv,1020.8 um_pwv,35.0,1.942 K,1.97078
20260210,115337.759005,115337.759005,0.0,837.67 um_pwv,1022.61 um_pwv,35.0,1.851 K,1.97428
20260210,115338.721494,115338.721494,0.0,841.949 um_pwv,1027.83 um_pwv,35.0,2.032 K,1.98439
20260210,115339.678288,115339.678288,0.0,844.581 um_pwv,1031.04 um_pwv,35.0,1.936 K,1.99061
20260210,115340.635681,115340.635681,0.0,847.319 um_pwv,1034.39 um_pwv,35.0,2.11 K,1.99708
20260210,115341.595417,115341.595417,0.0,847.505 um_pwv,1034.61 um_pwv,35.0,2.075 K,1.99752
20260210,115342.558894,115342.558894,0.0,848.689 um_pwv,1036.06 um_pwv,35.0,2.18 K,2.00032
20260210,115343.521592,115343.521592,0.0,849.695 um_pwv,1037.29 um_pwv,35.0,2.422 K,2.00269
20260210,115344.478003,115344.478003,0.0,850.735 um_pwv,1038.56 um_pwv,35.0,2.405 K,2.00515
20260210,115345.435030,115345.435030,0.0,850.429 um_pwv,1038.18 um_pwv,35.0,2.434 K,2.00443
20260210,115346.397541,115346.397541,0.0,845.626 um_pwv,1032.32 um_pwv,35.0,2.384 K,1.99308
20260210,115347.355917,115347.355917,0.0,842.552 um_pwv,1028.57 um_pwv,35.0,2.305 K,1.98581
20260210,115348.318203,115348.318203,0.0,838.362 um_pwv,1023.45 um_pwv,35.0,2.256 K,1.97591
20260210,115349.278926,115349.278926,0.0,834.563 um_pwv,1018.81 um_pwv,35.0,2.161 K,1.96693
20260210,115350.237319,115350.237319,0.0,828.5 um_pwv,1011.41 um_pwv,35.0,2.083 K,1.95261
20260210,115351.195589,115351.195589,0.0,823.982 um_pwv,1005.9 um_pwv,35.0,1.912 K,1.94193
20260210,115352.162037,115352.162037,0.0,826.242 um_pwv,1008.66 um_pwv,35.0,1.995 K,1.94727
20260210,115353.118087,115353.118087,0.0,824.52 um_pwv,1006.55 um_pwv,35.0,1.961 K,1.94320
20260210,115354.078766,115354.078766,0.0,825.753 um_pwv,1008.06 um_pwv,35.0,2.011 K,1.94611
20260210,115355.039492,115355.039492,0.0,826.805 um_pwv,1009.34 um_pwv,35.0,2.149 K,1.94860
20260210,115355.995471,115355.995471,0.0,828.918 um_pwv,1011.92 um_pwv,35.0,2.137 K,1.95359
20260210,115356.957303,115356.957303,0.0,831.901 um_pwv,1015.56 um_pwv,35.0,2.323 K,1.96064
20260210,115357.918014,115357.918014,0.0,835.438 um_pwv,1019.88 um_pwv,35.0,2.3 K,1.96900
20260210,115358.875336,115358.875336,0.0,835.491 um_pwv,1019.95 um_pwv,35.0,2.436 K,1.96913
20260210,115359.836902,115359.836902,0.0,836.11 um_pwv,1020.7 um_pwv,35.0,2.434 K,1.97059
20260210,115400.797333,115400.797333,0.0,835.131 um_pwv,1019.51 um_pwv,35.0,2.39 K,1.96828
20260210,115401.759347,115401.759347,0.0,837.379 um_pwv,1022.25 um_pwv,35.0,2.201 K,1.97359
20260210,115402.715891,115402.715891,0.0,838.797 um_pwv,1023.98 um_pwv,35.0,2.187 K,1.97694
20260210,115403.675888,115403.675888,0.0,835.149 um_pwv,1019.53 um_pwv,35.0,2.092 K,1.96832
20260210,115404.640067,115404.640067,0.0,835.924 um_pwv,1020.47 um_pwv,35.0,1.961 K,1.97015
20260210,115405.598850,115405.598850,0.0,834.408 um_pwv,1018.62 um_pwv,35.0,1.899 K,1.96657
20260210,115406.561800,115406.561800,0.0,835.995 um_pwv,1020.56 um_pwv,35.0,1.798 K,1.97032
20260210,115407.517758,115407.517758,0.0,837.617 um_pwv,1022.54 um_pwv,35.0,1.836 K,1.97415
20260210,115408.476086,115408.476086,0.0,841.098 um_pwv,1026.79 um_pwv,35.0,1.896 K,1.98238
20260210,115409.437757,115409.437757,0.0,844.185 um_pwv,1030.56 um_pwv,35.0,1.978 K,1.98967
20260210,115410.399959,115410.399959,0.0,847.735 um_pwv,1034.89 um_pwv,35.0,2.125 K,1.99806
20260210,115411.356181,115411.356181,0.0,848.175 um_pwv,1035.43 um_pwv,35.0,2.202 K,1.99910
20260210,115412.317550,115412.317550,0.0,849.077 um_pwv,1036.53 um_pwv,35.0,2.247 K,2.00123
20260210,115413.278147,115413.278147,0.0,850.567 um_pwv,1038.35 um_pwv,35.0,2.321 K,2.00475
20260210,115414.236447,115414.236447,0.0,850.576 um_pwv,1038.36 um_pwv,35.0,2.394 K,2.00478
20260210,115415.196359,115415.196359,0.0,849.863 um_pwv,1037.49 um_pwv,35.0,2.357 K,2.00309
20260210,115416.158439,115416.158439,0.0,845.52 um_pwv,1032.19 um_pwv,35.0,2.292 K,1.99283
20260210,115417.118670,115417.118670,0.0,841.377 um_pwv,1027.13 um_pwv,35.0,2.307 K,1.98304
20260210,115418.073966,115418.073966,0.0,836.399 um_pwv,1021.05 um_pwv,35.0,2.196 K,1.97127
20260210,115419.039326,115419.039326,0.0,831.429 um_pwv,1014.99 um_pwv,35.0,2.109 K,1.95953
20260210,115419.998892,115419.998892,0.0,828.305 um_pwv,1011.17 um_pwv,35.0,2.001 K,1.95214
20260210,115420.960414,115420.960414,0.0,825.447 um_pwv,1007.69 um_pwv,35.0,1.951 K,1.94539
20260210,115421.917338,115421.917338,0.0,824.613 um_pwv,1006.67 um_pwv,35.0,1.992 K,1.94342
20260210,115422.881719,115422.881719,0.0,822.58 um_pwv,1004.18 um_pwv,35.0,2.033 K,1.93862
20260210,115423.836226,115423.836226,0.0,824.429 um_pwv,1006.44 um_pwv,35.0,2.055 K,1.94299
20260210,115424.797808,115424.797808,0.0,825.896 um_pwv,1008.23 um_pwv,35.0,2.109 K,1.94645
20260210,115425.759567,115425.759567,0.0,826.07 um_pwv,1008.45 um_pwv,35.0,2.253 K,1.94686
20260210,115426.718083,115426.718083,0.0,830.691 um_pwv,1014.09 um_pwv,35.0,2.305 K,1.95778
20260210,115427.676092,115427.676092,0.0,834.634 um_pwv,1018.9 um_pwv,35.0,2.385 K,1.96710
20260210,115428.637806,115428.637806,0.0,834.872 um_pwv,1019.19 um_pwv,35.0,2.389 K,1.96767
20260210,115429.599182,115429.599182,0.0,836.791 um_pwv,1021.53 um_pwv,35.0,2.31 K,1.97220
20260210,115430.560529,115430.560529,0.0,836.089 um_pwv,1020.68 um_pwv,35.0,2.223 K,1.97054
20260210,115431.520243,115431.520243,0.0,837.121 um_pwv,1021.94 um_pwv,35.0,2.165 K,1.97298
20260210,115432.480525,115432.480525,0.0,836.357 um_pwv,1021 um_pwv,35.0,2.129 K,1.97117
20260210,115433.436032,115433.436032,0.0,836.844 um_pwv,1021.6 um_pwv,35.0,1.971 K,1.97232
20260210,115434.402011,115434.402011,0.0,835.09 um_pwv,1019.46 um_pwv,35.0,1.84 K,1.96818
20260210,115435.358281,115435.358281,0.0,834.492 um_pwv,1018.73 um_pwv,35.0,1.83 K,1.96677
20260210,115436.319627,115436.319627,0.0,835.017 um_pwv,1019.37 um_pwv,35.0,1.752 K,1.96801
20260210,115437.279692,115437.279692,0.0,839.407 um_pwv,1024.73 um_pwv,35.0,1.798 K,1.97838
20260210,115438.236453,115438.236453,0.0,841.389 um_pwv,1027.15 um_pwv,35.0,1.956 K,1.98306
20260210,115439.197231,115439.197231,0.0,845.353 um_pwv,1031.99 um_pwv,35.0,1.924 K,1.99243
20260210,115440.158625,115440.158625,0.0,845.218 um_pwv,1031.82 um_pwv,35.0,1.942 K,1.99211
20260210,115441.119142,115441.119142,0.0,848.952 um_pwv,1036.38 um_pwv,35.0,2.192 K,2.00094
20260210,115442.077577,115442.077577,0.0,849.506 um_pwv,1037.06 um_pwv,35.0,2.263 K,2.00225
20260210,115443.037391,115443.037391,0.0,851.521 um_pwv,1039.52 um_pwv,35.0,2.328 K,2.00701
20260210,115443.998972,115443.998972,0.0,850.828 um_pwv,1038.67 um_pwv,35.0,2.306 K,2.00537
20260210,115444.956409,115444.956409,0.0,850.189 um_pwv,1037.89 um_pwv,35.0,2.404 K,2.00386
20260210,115445.916602,115445.916602,0.0,846.88 um_pwv,1033.85 um_pwv,35.0,2.265 K,1.99604
20260210,115446.876460,115446.876460,0.0,841.213 um_pwv,1026.93 um_pwv,35.0,2.231 K,1.98265
20260210,115447.840432,115447.840432,0.0,835.408 um_pwv,1019.85 um_pwv,35.0,2.17 K,1.96893
20260210,115448.799059,115448.799059,0.0,832.054 um_pwv,1015.75 um_pwv,35.0,2.133 K,1.96101
20260210,115449.759300,115449.759300,0.0,828.284 um_pwv,1011.15 um_pwv,35.0,2.003 K,1.95210
20260210,115450.716817,115450.716817,0.0,826.487 um_pwv,1008.95 um_pwv,35.0,1.969 K,1.94785
20260210,115451.679550,115451.679550,0.0,824.418 um_pwv,1006.43 um_pwv,35.0,1.882 K,1.94296
20260210,115452.637968,115452.637968,0.0,824.735 um_pwv,1006.82 um_pwv,35.0,2.078 K,1.94371
20260210,115453.596894,115453.596894,0.0,824.828 um_pwv,1006.93 um_pwv,35.0,2.121 K,1.94393
20260210,115454.559059,115454.559059,0.0,826.03 um_pwv,1008.4 um_pwv,35.0,2.214 K,1.94677
20260210,115455.519006,115455.519006,0.0,830.7 um_pwv,1014.1 um_pwv,35.0,2.218 K,1.95780
20260210,115456.478453,115456.478453,0.0,832.794 um_pwv,1016.65 um_pwv,35.0,2.426 K,1.96275
20260210,115457.436699,115457.436699,0.0,836.44 um_pwv,1021.1 um_pwv,35.0,2.404 K,1.97137
20260210,115458.397494,115458.397494,0.0,837.948 um_pwv,1022.95 um_pwv,35.0,2.41 K,1.97493
20260210,115459.359963,115459.359963,0.0,836.885 um_pwv,1021.65 um_pwv,35.0,2.212 K,1.97242
20260210,115500.318700,115500.318700,0.0,838.725 um_pwv,1023.89 um_pwv,35.0,2.324 K,1.97677
20260210,115501.279669,115501.279669,0.0,836.543 um_pwv,1021.23 um_pwv,35.0,2.146 K,1.97161
20260210,115502.235184,115502.235184,0.0,837.213 um_pwv,1022.05 um_pwv,35.0,2.118 K,1.97320
20260210,115503.197054,115503.197054,0.0,836.534 um_pwv,1021.22 um_pwv,35.0,1.952 K,1.97159
20260210,115504.158056,115504.158056,0.0,836.181 um_pwv,1020.79 um_pwv,35.0,1.878 K,1.97076
20260210,115505.118119,115505.118119,0.0,836.036 um_pwv,1020.61 um_pwv,35.0,1.739 K,1.97042
20260210,115506.074585,115506.074585,0.0,837.172 um_pwv,1022 um_pwv,35.0,1.78 K,1.97310
20260210,115507.034514,115507.034514,0.0,839.522 um_pwv,1024.87 um_pwv,35.0,1.873 K,1.97865
20260210,115507.998151,115507.998151,0.0,844.655 um_pwv,1031.13 um_pwv,35.0,1.91 K,1.99078
20260210,115508.955860,115508.955860,0.0,847.068 um_pwv,1034.08 um_pwv,35.0,2.028 K,1.99648
20260210,115509.918600,115509.918600,0.0,847.923 um_pwv,1035.12 um_pwv,35.0,2.084 K,1.99851
20260210,115510.876951,115510.876951,0.0,850.429 um_pwv,1038.18 um_pwv,35.0,2.272 K,2.00443
20260210,115511.836786,115511.836786,0.0,851.113 um_pwv,1039.02 um_pwv,35.0,2.329 K,2.00604
20260210,115512.799311,115512.799311,0.0,851.774 um_pwv,1039.82 um_pwv,35.0,2.402 K,2.00761
20260210,115513.758528,115513.758528,0.0,851.09 um_pwv,1038.99 um_pwv,35.0,2.374 K,2.00599
20260210,115514.714931,115514.714931,0.0,847.087 um_pwv,1034.1 um_pwv,35.0,2.321 K,1.99653
20260210,115515.681498,115515.681498,0.0,845.603 um_pwv,1032.29 um_pwv,35.0,2.275 K,1.99302
20260210,115516.640832,115516.640832,0.0,838.229 um_pwv,1023.29 um_pwv,35.0,2.231 K,1.97560
20260210,115517.600048,115517.600048,0.0,834.543 um_pwv,1018.79 um_pwv,35.0,2.027 K,1.96689
20260210,115518.557190,115518.557190,0.0,829.716 um_pwv,1012.9 um_pwv,35.0,2.019 K,1.95548
20260210,115519.518390,115519.518390,0.0,826.508 um_pwv,1008.98 um_pwv,35.0,1.968 K,1.94790
20260210,115520.479737,115520.479737,0.0,825.823 um_pwv,1008.14 um_pwv,35.0,1.935 K,1.94628
20260210,115521.439863,115521.439863,0.0,824.775 um_pwv,1006.86 um_pwv,35.0,1.944 K,1.94380
20260210,115522.399112,115522.399112,0.0,823.462 um_pwv,1005.26 um_pwv,35.0,1.98 K,1.94070
20260210,115523.360269,115523.360269,0.0,825.651 um_pwv,1007.93 um_pwv,35.0,2.142 K,1.94587
20260210,115524.322819,115524.322819,0.0,825.855 um_pwv,1008.18 um_pwv,35.0,2.178 K,1.94636
20260210,115525.277746,115525.277746,0.0,828.652 um_pwv,1011.6 um_pwv,35.0,2.195 K,1.95297
20260210,115526.239804,115526.239804,0.0,832.066 um_pwv,1015.76 um_pwv,35.0,2.368 K,1.96103
20260210,115527.199800,115527.199800,0.0,834.419 um_pwv,1018.64 um_pwv,35.0,2.297 K,1.96659
20260210,115528.157037,115528.157037,0.0,836.098 um_pwv,1020.69 um_pwv,35.0,2.346 K,1.97056
20260210,115529.117727,115529.117727,0.0,835.871 um_pwv,1020.41 um_pwv,35.0,2.249 K,1.97003
20260210,115530.079268,115530.079268,0.0,836.791 um_pwv,1021.53 um_pwv,35.0,2.275 K,1.97220
20260210,115531.040260,115531.040260,0.0,837.121 um_pwv,1021.94 um_pwv,35.0,2.129 K,1.97298
20260210,115531.998657,115531.998657,0.0,837.101 um_pwv,1021.91 um_pwv,35.0,2.04 K,1.97293
20260210,115532.958920,115532.958920,0.0,835.945 um_pwv,1020.5 um_pwv,35.0,1.928 K,1.97020
20260210,115533.919177,115533.919177,0.0,835.202 um_pwv,1019.59 um_pwv,35.0,1.86 K,1.96844
20260210,115534.879878,115534.879878,0.0,837.505 um_pwv,1022.4 um_pwv,35.0,1.888 K,1.97389
20260210,115535.840442,115535.840442,0.0,838.788 um_pwv,1023.97 um_pwv,35.0,1.885 K,1.97692
20260210,115536.795985,115536.795985,0.0,840.953 um_pwv,1026.61 um_pwv,35.0,1.847 K,1.98203
20260210,115537.756971,115537.756971,0.0,843.385 um_pwv,1029.58 um_pwv,35.0,1.91 K,1.98778
20260210,115538.718085,115538.718085,0.0,847.914 um_pwv,1035.11 um_pwv,35.0,2.115 K,1.99848
20260210,115539.680499,115539.680499,0.0,850.523 um_pwv,1038.3 um_pwv,35.0,2.258 K,2.00465
20260210,115540.638665,115540.638665,0.0,850.261 um_pwv,1037.98 um_pwv,35.0,2.234 K,2.00403
20260210,115541.599114,115541.599114,0.0,851.867 um_pwv,1039.94 um_pwv,35.0,2.35 K,2.00783
20260210,115542.558414,115542.558414,0.0,852.311 um_pwv,1040.48 um_pwv,35.0,2.385 K,2.00888
20260210,115543.517440,115543.517440,0.0,851.416 um_pwv,1039.39 um_pwv,35.0,2.371 K,2.00676
20260210,115544.478652,115544.478652,0.0,848.689 um_pwv,1036.06 um_pwv,35.0,2.372 K,2.00032
20260210,115545.434916,115545.434916,0.0,844.78 um_pwv,1031.29 um_pwv,35.0,2.244 K,1.99108
20260210,115546.396132,115546.396132,0.0,839.222 um_pwv,1024.5 um_pwv,35.0,2.231 K,1.97794
20260210,115547.358412,115547.358412,0.0,834.502 um_pwv,1018.74 um_pwv,35.0,2.114 K,1.96679
20260210,115548.318332,115548.318332,0.0,830.322 um_pwv,1013.64 um_pwv,35.0,2.128 K,1.95691
20260210,115549.278916,115549.278916,0.0,829.357 um_pwv,1012.46 um_pwv,35.0,1.92 K,1.95463
20260210,115550.239501,115550.239501,0.0,825.721 um_pwv,1008.02 um_pwv,35.0,1.97 K,1.94604
20260210,115551.198937,115551.198937,0.0,823.433 um_pwv,1005.23 um_pwv,35.0,1.876 K,1.94063
20260210,115552.155730,115552.155730,0.0,824.685 um_pwv,1006.75 um_pwv,35.0,1.976 K,1.94359
20260210,115553.115865,115553.115865,0.0,823.34 um_pwv,1005.11 um_pwv,35.0,1.985 K,1.94041
20260210,115554.077758,115554.077758,0.0,824.104 um_pwv,1006.05 um_pwv,35.0,2.053 K,1.94222
20260210,115555.038300,115555.038300,0.0,822.986 um_pwv,1004.68 um_pwv,35.0,2.06 K,1.93958
20260210,115555.996972,115555.996972,0.0,824.735 um_pwv,1006.82 um_pwv,35.0,2.079 K,1.94371
20260210,115556.957537,115556.957537,0.0,825.488 um_pwv,1007.74 um_pwv,35.0,2.194 K,1.94549
20260210,115557.915903,115557.915903,0.0,825.366 um_pwv,1007.59 um_pwv,35.0,2.139 K,1.94520
20260210,115558.876294,115558.876294,0.0,824.52 um_pwv,1006.55 um_pwv,35.0,2.019 K,1.94320
20260210,115559.836612,115559.836612,0.0,823.474 um_pwv,1005.28 um_pwv,35.0,2.063 K,1.94073
20260210,115600.797203,115600.797203,0.0,824.307 um_pwv,1006.29 um_pwv,35.0,2.072 K,1.94270
20260210,115601.757854,115601.757854,0.0,823.555 um_pwv,1005.38 um_pwv,35.0,2.031 K,1.94092
20260210,115602.719675,115602.719675,0.0,826.233 um_pwv,1008.64 um_pwv,35.0,2.148 K,1.94725
20260210,115603.678408,115603.678408,0.0,824.552 um_pwv,1006.59 um_pwv,35.0,2.151 K,1.94328
20260210,115604.637845,115604.637845,0.0,823.81 um_pwv,1005.69 um_pwv,35.0,2.057 K,1.94152
20260210,115605.597748,115605.597748,0.0,823.718 um_pwv,1005.57 um_pwv,35.0,1.971 K,1.94130
20260210,115606.556759,115606.556759,0.0,824.043 um_pwv,1005.97 um_pwv,35.0,2.114 K,1.94207
20260210,115607.516929,115607.516929,0.0,822.916 um_pwv,1004.6 um_pwv,35.0,1.898 K,1.93941
20260210,115608.477400,115608.477400,0.0,824.837 um_pwv,1006.94 um_pwv,35.0,2.035 K,1.94395
20260210,115609.435918,115609.435918,0.0,824.633 um_pwv,1006.69 um_pwv,35.0,2.076 K,1.94347
20260210,115610.397779,115610.397779,0.0,825.875 um_pwv,1008.21 um_pwv,35.0,2.072 K,1.94640
20260210,115611.357026,115611.357026,0.0,825.733 um_pwv,1008.03 um_pwv,35.0,2.078 K,1.94607
20260210,115612.317652,115612.317652,0.0,826.009 um_pwv,1008.37 um_pwv,35.0,2.189 K,1.94672
20260210,115613.277747,115613.277747,0.0,826.272 um_pwv,1008.69 um_pwv,35.0,2.107 K,1.94734
20260210,115614.238065,115614.238065,0.0,825.194 um_pwv,1007.38 um_pwv,35.0,2.011 K,1.94479
20260210,115615.198195,115615.198195,0.0,825.631 um_pwv,1007.91 um_pwv,35.0,2.085 K,1.94583
20260210,115616.156583,115616.156583,0.0,824.938 um_pwv,1007.06 um_pwv,35.0,2.16 K,1.94419
20260210,115617.117468,115617.117468,0.0,823.067 um_pwv,1004.78 um_pwv,35.0,1.908 K,1.93977
20260210,115618.077165,115618.077165,0.0,825.122 um_pwv,1007.29 um_pwv,35.0,2.074 K,1.94462
20260210,115619.039886,115619.039886,0.0,824.031 um_pwv,1005.96 um_pwv,35.0,2.032 K,1.94205
20260210,115619.996435,115619.996435,0.0,823.921 um_pwv,1005.82 um_pwv,35.0,1.99 K,1.94178
20260210,115620.956499,115620.956499,0.0,825.742 um_pwv,1008.04 um_pwv,35.0,2.085 K,1.94609
20260210,115621.917407,115621.917407,0.0,824.857 um_pwv,1006.96 um_pwv,35.0,1.928 K,1.94400
20260210,115622.878171,115622.878171,0.0,824.206 um_pwv,1006.17 um_pwv,35.0,2.022 K,1.94246
20260210,115623.836902,115623.836902,0.0,823.941 um_pwv,1005.85 um_pwv,35.0,2.01 K,1.94183
20260210,115624.797336,115624.797336,0.0,825.599 um_pwv,1007.87 um_pwv,35.0,2.094 K,1.94575
20260210,115625.756679,115625.756679,0.0,823.3 um_pwv,1005.06 um_pwv,35.0,1.989 K,1.94032
20260210,115626.716590,115626.716590,0.0,824.959 um_pwv,1007.09 um_pwv,35.0,2.028 K,1.94424
20260210,115627.678772,115627.678772,0.0,825.316 um_pwv,1007.53 um_pwv,35.0,2.086 K,1.94508
20260210,115628.638125,115628.638125,0.0,824.531 um_pwv,1006.57 um_pwv,35.0,1.939 K,1.94323
20260210,115629.599341,115629.599341,0.0,825.925 um_pwv,1008.27 um_pwv,35.0,2.085 K,1.94652
20260210,115630.559936,115630.559936,0.0,822.65 um_pwv,1004.27 um_pwv,35.0,2.066 K,1.93878
20260210,115631.517373,115631.517373,0.0,823.901 um_pwv,1005.8 um_pwv,35.0,1.942 K,1.94174
20260210,115632.478242,115632.478242,0.0,823.93 um_pwv,1005.83 um_pwv,35.0,2.066 K,1.94181
20260210,115633.438828,115633.438828,0.0,824.063 um_pwv,1006 um_pwv,35.0,1.935 K,1.94212
20260210,115634.398212,115634.398212,0.0,824.034 um_pwv,1005.96 um_pwv,35.0,2.008 K,1.94205
20260210,115635.358302,115635.358302,0.0,824.857 um_pwv,1006.96 um_pwv,35.0,2.051 K,1.94400
