2025-01-01T02:01:36.521259  17137	19.018	19.058	23.048	23.289	18.212	27.399	23.531	23.531	21.355	30.864	50.215	50.161	20.425	2440.430	0	0	0	0.00	-135.000	-135.000	225.000	36.527
2025-01-01T02:01:37.721242  17138	19.099	19.062	23.128	23.128	18.535	27.560	23.370	23.612	21.436	30.945	50.210	50.242	20.183	2429.597	0	0	0	0.00	-135.000	-135.000	225.000	36.527
2025-01-01T02:01:38.921354  17139	19.179	19.074	22.967	23.128	18.535	27.480	23.531	23.773	21.597	31.267	50.213	50.161	20.183	2399.578	0	0	0	0.00	-135.000	-135.000	225.000	36.527
2025-01-01T02:01:40.121316  17140	18.938	19.060	23.048	23.048	18.293	27.238	23.209	23.773	21.516	31.348	50.208	50.242	20.345	2433.686	0	0	0	0.00	-135.000	-135.000	225.000	36.527
2025-01-01T02:01:41.321515  17141	19.099	19.064	22.967	23.128	18.293	27.399	23.209	23.612	21.355	30.945	50.187	50.242	20.345	2423.217	0	0	0	0.00	-135.000	-135.000	225.000	36.527
2025-01-01T02:01:42.521392  17142	19.099	19.068	22.806	23.370	18.293	27.399	23.370	23.451	21.275	31.026	50.176	50.242	20.425	2414.050	0	0	0	0.00	-135.000	-135.000	225.000	36.527
2025-01-01T02:01:43.721639  17143	19.018	19.063	22.725	23.370	18.212	27.480	23.451	23.773	21.597	31.106	50.183	50.000	20.264	2426.091	0	0	0	0.00	-135.000	-135.000	225.000	36.527
2025-01-01T02:01:44.921622  17144	19.018	19.058	23.128	23.289	18.374	27.399	23.209	23.451	21.436	30.864	50.181	50.242	20.667	2436.756	0	0	0	0.00	-135.000	-135.000	225.000	36.527
2025-01-01T02:01:46.121644  17145	19.018	19.054	23.048	23.209	18.454	27.641	23.048	23.451	21.678	31.187	50.187	50.242	20.586	2446.338	0	0	0	0.00	-135.000	-135.000	225.000	36.527
2025-01-01T02:01:47.321774  17146	19.179	19.067	22.886	23.048	18.535	27.319	23.370	23.853	21.516	31.267	50.192	50.323	20.667	2414.221	0	0	0	0.00	-135.000	-135.000	225.000	36.527
2025-01-01T02:01:48.521879  17147	19.018	19.062	22.967	23.128	18.212	27.319	23.209	23.451	21.436	31.026	50.189	50.242	20.667	2426.242	0	0	0	0.00	-135.000	-135.000	225.000	36.527
2025-01-01T02:01:49.721662  17148	19.260	19.082	23.048	23.289	18.535	27.480	23.289	23.451	21.758	31.106	50.195	50.323	20.828	2375.634	0	0	0	0.00	-135.000	-135.000	225.000	36.527
2025-01-01T02:01:50.921705  17149	19.018	19.075	22.645	23.209	18.454	27.399	23.370	23.692	21.516	30.945	50.215	50.242	20.747	2391.479	0	0	0	0.00	-135.000	-135.000	225.000	36.527
2025-01-01T02:01:52.121898  17150	18.857	19.054	22.886	23.128	18.374	27.399	23.531	23.612	21.436	31.187	50.218	50.242	20.828	2445.974	0	0	0	0.00	-135.000	-135.000	225.000	36.527
2025-01-01T02:01:53.321794  17151	19.099	19.058	22.967	23.209	18.374	27.319	23.370	23.612	21.597	31.348	50.229	50.161	20.909	2433.705	0	0	0	0.00	-135.000	-135.000	225.000	36.527
2025-01-01T02:01:54.521833  17152	19.018	19.054	22.725	23.048	18.212	27.480	23.289	23.451	21.919	31.026	50.222	50.161	21.231	2443.439	0	0	0	0.00	-135.000	-135.000	225.000	36.527
2025-01-01T02:01:55.721875  17153	19.099	19.059	22.806	23.128	18.374	27.319	23.209	23.531	21.678	30.945	50.232	50.161	21.070	2431.663	0	0	0	0.00	-135.000	-135.000	225.000	36.527
2025-01-01T02:01:56.921983  17154	19.018	19.055	22.806	23.289	18.132	27.480	23.209	23.773	21.678	31.187	50.225	50.161	21.312	2441.522	0	0	0	0.00	-135.000	-135.000	225.000	36.527
2025-01-01T02:01:58.121985  17155	19.099	19.059	22.645	23.128	18.535	27.399	23.289	23.773	21.597	31.106	50.235	50.242	21.392	2429.854	0	0	0	0.00	-135.000	-135.000	225.000	36.527
2025-01-01T02:01:59.322130  17156	19.018	19.055	22.806	23.128	18.212	27.480	23.209	23.451	21.597	31.026	50.219	50.161	21.392	2439.810	0	0	0	0.00	-135.000	-135.000	225.000	36.527
2025-01-01T02:02:00.522046  17157	19.018	19.051	22.645	23.209	18.051	27.480	23.209	23.773	21.678	30.945	50.221	50.081	21.392	2448.598	0	0	0	0.00	-135.000	-135.000	225.000	36.527
2025-01-01T02:02:01.722219  17158	18.857	19.032	22.564	23.048	18.132	27.480	23.289	23.531	21.678	30.945	50.224	50.242	21.553	2497.223	0	0	0	0.00	-135.000	-135.000	225.000	36.527
2025-01-01T02:02:02.922226  17159	19.018	19.031	22.806	23.128	18.212	27.158	23.370	23.934	21.355	30.945	50.225	50.242	21.634	2500.034	0	0	0	0.00	-135.000	-135.000	225.000	36.527
2025-01-01T02:02:04.122320  17160	19.018	19.029	22.806	23.128	18.293	27.158	23.289	23.612	21.516	30.945	50.227	50.323	21.634	2502.873	0	0	0	0.00	-135.000	-135.000	225.000	36.527
2025-01-01T02:02:05.322244  17161	19.179	19.044	22.886	23.289	18.454	27.560	23.289	23.773	21.597	31.267	50.229	50.161	21.795	2464.687	0	0	0	0.00	-135.000	-135.000	225.000	36.527
2025-01-01T02:02:06.522336  17162	19.260	19.066	22.806	23.370	18.374	27.560	23.289	23.692	21.355	30.784	50.214	50.242	22.037	2410.150	0	0	0	0.00	-135.000	-135.000	225.000	36.527
2025-01-01T02:02:07.722326  17163	19.018	19.061	22.806	23.209	18.051	27.480	22.967	23.209	21.758	31.267	50.217	50.161	21.795	2422.141	0	0	0	0.00	-135.000	-135.000	225.000	36.527
2025-01-01T02:02:08.922371  17164	18.938	19.049	22.967	23.128	18.293	27.238	23.289	23.692	21.678	31.267	50.219	50.161	21.876	2452.798	0	0	0	0.00	-135.000	-135.000	225.000	36.527
2025-01-01T02:02:10.122400  17165	19.018	19.046	22.725	22.967	18.454	27.399	23.289	23.451	21.436	31.026	50.221	50.081	21.876	2459.907	0	0	0	0.00	-135.000	-135.000	225.000	36.527
2025-01-01T02:02:11.322526  17166	19.099	19.051	22.806	23.048	18.212	27.158	23.289	23.289	21.355	31.348	50.223	50.161	21.956	2446.093	0	0	0	0.00	-135.000	-135.000	225.000	36.527
2025-01-01T02:02:12.522486  17167	19.018	19.048	22.484	22.967	18.212	27.560	23.289	23.531	21.436	31.106	50.217	50.242	22.198	2454.113	0	0	0	0.00	-135.000	-135.000	225.000	36.527
2025-01-01T02:02:13.722564  17168	19.099	19.053	22.806	23.209	18.293	27.319	23.289	23.612	21.678	30.784	50.220	50.242	22.117	2440.795	0	0	0	0.00	-135.000	-135.000	225.000	36.527
2025-01-01T02:02:14.922571  17169	19.099	19.057	22.645	23.048	18.293	27.560	23.370	23.370	21.678	31.348	50.222	50.242	22.198	2428.902	0	0	0	0.00	-135.000	-135.000	225.000	36.527
2025-01-01T02:02:16.122618  17170	18.938	19.046	22.725	23.128	18.212	27.319	23.370	23.773	21.758	30.703	50.224	50.242	22.279	2458.855	0	0	0	0.00	-135.000	-135.000	225.000	36.527
2025-01-01T02:02:17.322719  17171	19.179	19.059	22.725	23.209	18.293	27.560	23.370	23.531	21.597	31.106	50.226	50.242	22.279	2424.442	0	0	0	0.00	-135.000	-135.000	225.000	36.527
2025-01-01T02:02:18.522815  17172	18.938	19.047	22.806	23.209	18.293	27.399	23.370	23.692	21.436	31.106	50.227	50.161	22.279	2454.923	0	0	0	0.00	-135.000	-135.000	225.000	36.527
2025-01-01T02:02:19.722750  17173	18.857	19.028	22.564	23.128	18.212	27.319	23.451	23.853	21.516	30.945	50.221	50.242	22.359	2502.277	0	0	0	0.00	-135.000	-135.000	225.000	36.527
2025-01-01T02:02:20.922860  17174	19.099	19.035	22.725	22.967	18.132	27.480	23.451	23.370	21.516	31.106	50.223	50.242	22.359	2483.744	0	0	0	0.00	-135.000	-135.000	225.000	36.527
2025-01-01T02:02:22.123014  17175	18.857	19.017	22.725	23.048	18.132	27.319	23.370	23.370	21.516	30.864	50.201	50.161	22.601	2528.568	0	0	0	0.00	-135.000	-135.000	225.000	36.527
2025-01-01T02:02:23.323066  17176	19.018	19.017	22.886	23.048	18.132	27.319	23.370	23.773	21.597	30.784	50.205	50.242	22.601	2527.798	0	0	0	0.00	-135.000	-135.000	225.000	36.527
2025-01-01T02:02:24.522916  17177	19.018	19.017	22.886	23.048	18.293	27.480	23.531	23.451	21.678	30.945	50.192	50.242	22.520	2527.414	0	0	0	0.00	-135.000	-135.000	225.000	36.527
2025-01-01T02:02:25.722957  17178	19.260	19.042	22.886	23.048	18.212	27.319	23.451	23.451	21.678	31.106	50.197	50.161	22.601	2465.967	0	0	0	0.00	-135.000	-135.000	225.000	36.527
2025-01-01T02:02:26.923068  17179	19.260	19.063	22.564	23.128	18.293	27.480	23.531	23.451	21.275	31.106	50.194	50.242	22.601	2410.963	0	0	0	0.00	-135.000	-135.000	225.000	36.527
2025-01-01T02:02:28.123191  17180	18.938	19.051	22.564	23.209	18.374	27.480	23.289	23.531	21.275	31.187	50.207	50.161	22.601	2442.738	0	0	0	0.00	-135.000	-135.000	225.000	36.527
2025-01-01T02:02:29.323378  17181	19.099	19.056	22.564	23.048	18.212	27.319	23.451	23.451	21.597	31.187	50.210	50.161	22.601	2430.003	0	0	0	0.00	-135.000	-135.000	225.000	36.527
2025-01-01T02:02:30.523200  17182	18.696	19.020	22.645	23.048	17.971	27.399	23.531	23.531	21.678	30.945	50.205	50.242	22.762	2520.617	0	0	0	0.00	-135.000	-135.000	225.000	36.527
2025-01-01T02:02:31.723178  17183	18.857	19.003	22.564	23.209	18.132	27.319	23.451	23.289	21.597	31.026	50.209	50.242	22.682	2560.848	0	0	0	0.00	-135.000	-135.000	225.000	36.527
2025-01-01T02:02:32.923425  17184	19.179	19.021	22.564	23.128	18.212	27.319	23.692	23.531	21.436	31.026	50.212	50.242	22.682	2516.021	0	0	0	0.00	-135.000	-135.000	225.000	36.527
2025-01-01T02:02:34.123325  17185	19.099	19.029	22.886	22.967	18.212	27.480	23.612	23.773	21.436	30.864	50.199	50.161	22.923	2496.560	0	0	0	0.00	-135.000	-135.000	225.000	36.527
2025-01-01T02:02:35.323382  17186	18.777	19.004	22.725	22.967	18.132	27.238	23.531	23.853	21.678	30.864	50.195	50.242	22.923	2560.271	0	0	0	0.00	-135.000	-135.000	225.000	36.527
2025-01-01T02:02:36.523343  17187	18.857	18.989	22.806	23.128	18.051	27.399	23.370	23.451	21.597	30.864	50.200	50.161	22.843	2596.758	0	0	0	0.00	-135.000	-135.000	225.000	36.527
2025-01-01T02:02:37.723459  17188	19.018	18.992	22.806	22.886	18.212	27.399	23.612	23.692	21.516	31.267	50.204	50.242	22.843	2589.129	0	0	0	0.00	-135.000	-135.000	225.000	36.527
2025-01-01T02:02:38.923564  17189	18.696	18.962	22.645	22.886	18.051	27.319	23.612	23.370	21.436	31.267	50.208	50.161	22.923	2664.029	0	0	0	0.00	-135.000	-135.000	225.000	36.527
2025-01-01T02:02:40.123468  17190	19.099	18.976	22.564	23.128	18.051	27.077	23.692	23.370	21.355	31.026	50.211	50.323	23.004	2629.186	0	0	0	0.00	-135.000	-135.000	225.000	36.527
2025-01-01T02:02:41.323779  17191	18.857	18.964	22.645	23.209	18.212	27.399	23.370	23.451	21.758	30.703	50.214	50.161	22.923	2659.655	0	0	0	0.00	-135.000	-135.000	225.000	36.527
2025-01-01T02:02:42.523803  17192	18.938	18.961	22.484	23.289	17.971	27.399	23.692	23.773	21.275	31.267	50.217	50.242	23.004	2666.330	0	0	0	0.00	-135.000	-135.000	225.000	36.527
2025-01-01T02:02:43.723870  17193	18.938	18.959	22.806	23.128	18.051	27.480	23.612	23.451	21.436	31.106	50.204	50.242	23.004	2672.543	0	0	0	0.00	-135.000	-135.000	225.000	36.527
2025-01-01T02:02:44.923659  17194	18.857	18.949	23.048	23.128	17.971	27.319	23.934	23.370	21.516	30.864	50.199	50.161	23.246	2698.544	0	0	0	0.00	-135.000	-135.000	225.000	36.527
2025-01-01T02:02:46.123964  17195	19.018	18.956	22.886	23.048	18.132	27.480	23.934	23.934	21.516	30.945	50.204	50.403	23.084	2681.153	0	0	0	0.00	-135.000	-135.000	225.000	36.527
2025-01-01T02:02:47.323736  17196	18.857	18.946	22.725	23.128	18.132	27.399	23.612	23.370	21.194	31.026	50.207	50.242	23.084	2706.539	0	0	0	0.00	-135.000	-135.000	225.000	36.527
2025-01-01T02:02:48.523769  17197	19.018	18.953	22.806	23.128	18.212	27.480	23.853	23.531	21.114	31.187	50.211	50.242	23.004	2688.438	0	0	0	0.00	-135.000	-135.000	225.000	36.527
2025-01-01T02:02:49.723861  17198	18.938	18.952	22.806	22.967	18.293	27.158	23.853	23.289	21.436	31.267	50.206	50.242	23.084	2692.819	0	0	0	0.00	-135.000	-135.000	225.000	36.527
2025-01-01T02:02:50.923875  17199	18.777	18.934	22.967	22.967	17.971	27.480	23.934	23.612	21.516	30.864	50.193	50.161	23.326	2737.373	0	0	0	0.00	-135.000	-135.000	225.000	36.527
2025-01-01T02:02:52.123983  17200	19.018	18.943	23.048	22.967	18.212	27.560	24.015	23.451	21.597	31.026	50.190	50.242	23.165	2716.214	0	0	0	0.00	-135.000	-135.000	225.000	36.527
2025-01-01T02:02:53.324019  17201	18.857	18.934	23.128	23.128	18.132	27.319	23.853	23.853	21.839	31.026	50.203	50.242	23.084	2738.368	0	0	0	0.00	-135.000	-135.000	225.000	36.527
2025-01-01T02:02:54.524027  17202	18.857	18.926	23.048	23.289	18.132	27.319	24.095	23.531	21.678	31.026	50.199	50.161	23.326	2758.087	0	0	0	0.00	-135.000	-135.000	225.000	36.527
2025-01-01T02:02:55.724079  17203	18.938	18.927	22.725	22.806	18.212	27.399	24.095	23.612	21.516	31.187	50.195	50.081	23.165	2755.572	0	0	0	0.00	-135.000	-135.000	225.000	36.527
2025-01-01T02:02:56.924085  17204	19.018	18.937	23.048	22.886	18.212	27.319	24.176	23.692	21.516	31.187	50.192	50.081	23.326	2733.145	0	0	0	0.00	-135.000	-135.000	225.000	36.527
2025-01-01T02:02:58.124190  17205	18.938	18.937	23.048	23.048	18.132	27.399	24.015	23.773	21.597	30.784	50.197	50.323	23.246	2733.477	0	0	0	0.00	-135.000	-135.000	225.000	36.527
2025-01-01T02:02:59.324174  17206	19.018	18.945	22.967	23.048	18.051	26.996	23.934	23.773	21.516	31.106	50.202	50.081	23.165	2713.294	0	0	0	0.00	-135.000	-135.000	225.000	36.527
2025-01-01T02:03:00.524428  17207	18.938	18.944	22.967	22.967	18.051	27.319	24.015	23.692	21.678	30.784	50.206	50.161	23.165	2715.641	0	0	0	0.00	-135.000	-135.000	225.000	36.527
2025-01-01T02:03:01.724289  17208	18.938	18.943	22.967	23.048	18.132	27.319	24.256	23.370	21.516	30.864	50.193	50.161	23.407	2717.632	0	0	0	0.00	-135.000	-135.000	225.000	36.527
2025-01-01T02:03:02.924306  17209	18.857	18.935	23.209	22.886	18.132	27.238	23.934	23.692	21.516	31.106	50.182	50.242	23.246	2739.835	0	0	0	0.00	-135.000	-135.000	225.000	36.527
2025-01-01T02:03:04.124468  17210	19.018	18.943	23.289	22.886	18.374	27.238	24.095	23.612	21.678	31.026	50.164	50.161	23.487	2719.026	0	0	0	0.00	-135.000	-135.000	225.000	36.527
2025-01-01T02:03:05.324643  17211	19.018	18.951	23.289	23.048	18.132	27.560	24.176	23.531	21.839	30.945	50.172	50.242	23.326	2700.610	0	0	0	0.00	-135.000	-135.000	225.000	36.527
2025-01-01T02:03:06.524475  17212	19.179	18.974	23.128	23.048	18.132	27.319	24.095	23.853	21.678	30.945	50.170	50.403	23.246	2643.296	0	0	0	0.00	-135.000	-135.000	225.000	36.527
2025-01-01T02:03:07.724666  17213	19.099	18.986	23.209	23.128	18.293	27.238	24.337	23.612	21.678	30.703	50.194	50.242	23.326	2612.271	0	0	0	0.00	-135.000	-135.000	225.000	36.527
2025-01-01T02:03:08.924578  17214	19.099	18.997	23.209	23.128	18.051	27.319	24.015	23.289	21.597	31.106	50.207	50.161	23.407	2584.119	0	0	0	0.00	-135.000	-135.000	225.000	36.527
2025-01-01T02:03:10.124602  17215	18.857	18.983	23.370	22.967	18.454	27.238	24.095	23.692	21.516	31.106	50.202	50.242	23.326	2619.804	0	0	0	0.00	-135.000	-135.000	225.000	36.527
2025-01-01T02:03:11.324603  17216	18.857	18.971	23.128	23.048	18.051	27.560	24.015	23.531	21.436	31.187	50.214	50.242	23.246	2651.537	0	0	0	0.00	-135.000	-135.000	225.000	36.527
2025-01-01T02:03:12.524724  17217	18.857	18.959	23.128	23.209	18.374	27.238	23.934	23.773	21.678	30.945	50.225	50.323	23.326	2680.197	0	0	0	0.00	-135.000	-135.000	225.000	36.527
2025-01-01T02:03:13.724757  17218	19.018	18.965	22.886	22.967	18.374	27.319	24.256	23.209	21.436	30.945	50.235	50.242	23.326	2665.365	0	0	0	0.00	-135.000	-135.000	225.000	36.527
2025-01-01T02:03:14.924737  17219	18.938	18.963	23.128	23.048	18.293	27.319	24.418	23.370	21.839	31.187	50.235	50.161	23.407	2672.686	0	0	0	0.00	-135.000	-135.000	225.000	36.527
2025-01-01T02:03:16.124800  17220	19.099	18.976	23.289	22.886	18.374	27.319	24.337	23.773	21.275	30.945	50.228	50.242	23.326	2638.431	0	0	0	0.00	-135.000	-135.000	225.000	36.527
2025-01-01T02:03:17.324890  17221	18.857	18.964	23.048	22.967	17.971	27.238	24.256	23.451	21.436	31.026	50.213	50.161	23.487	2668.947	0	0	0	0.00	-135.000	-135.000	225.000	36.527
2025-01-01T02:03:18.524858  17222	18.857	18.954	23.209	22.806	18.132	27.238	24.418	23.451	21.678	30.945	50.216	50.161	23.326	2696.027	0	0	0	0.00	-135.000	-135.000	225.000	36.527
2025-01-01T02:03:19.725025  17223	19.018	18.960	22.967	22.806	18.374	27.560	24.498	23.853	21.436	30.864	50.219	50.242	23.407	2679.770	0	0	0	0.00	-135.000	-135.000	225.000	36.527
2025-01-01T02:03:20.925014  17224	18.938	18.958	23.451	23.128	18.293	27.480	24.337	23.853	21.597	30.945	50.221	50.323	23.487	2685.813	0	0	0	0.00	-135.000	-135.000	225.000	36.527
2025-01-01T02:03:22.124992  17225	19.018	18.964	23.370	22.886	18.454	27.238	24.498	23.370	21.597	31.106	50.215	50.161	23.568	2670.771	0	0	0	0.00	-135.000	-135.000	225.000	36.527
2025-01-01T02:03:23.325148  17226	19.018	18.969	23.209	23.128	18.212	27.560	24.337	23.853	21.516	31.026	50.218	50.081	23.487	2657.379	0	0	0	0.00	-135.000	-135.000	225.000	36.527
2025-01-01T02:03:24.525080  17227	18.857	18.958	23.289	23.048	18.374	27.399	24.256	23.853	21.516	31.026	50.204	50.161	23.649	2686.044	0	0	0	0.00	-135.000	-135.000	225.000	36.527
2025-01-01T02:03:25.725129  17228	18.938	18.956	23.209	23.128	18.374	27.158	24.579	23.531	21.355	30.945	50.216	50.323	23.487	2691.256	0	0	0	0.00	-135.000	-135.000	225.000	36.527
2025-01-01T02:03:26.925418  17229	19.179	18.978	22.886	23.048	18.454	27.319	24.579	23.612	21.436	31.106	50.202	50.323	23.487	2635.058	0	0	0	0.00	-135.000	-135.000	225.000	36.527
2025-01-01T02:03:28.125328  17230	19.099	18.990	23.370	22.967	18.293	27.480	24.498	23.773	21.597	31.106	50.190	50.323	23.568	2605.204	0	0	0	0.00	-135.000	-135.000	225.000	36.527
2025-01-01T02:03:29.325446  17231	19.179	19.009	23.128	22.967	18.212	27.319	24.498	23.451	21.597	31.026	50.187	50.242	23.568	2557.742	0	0	0	0.00	-135.000	-135.000	225.000	36.527
2025-01-01T02:03:30.525303  17232	19.018	19.010	23.451	23.128	18.293	27.238	24.418	23.451	21.436	30.703	50.185	50.242	23.649	2555.790	0	0	0	0.00	-135.000	-135.000	225.000	36.527
2025-01-01T02:03:31.725331  17233	19.099	19.019	23.048	22.967	18.293	27.399	24.418	23.451	21.758	31.106	50.182	50.242	23.326	2533.333	0	0	0	0.00	-135.000	-135.000	225.000	36.527
2025-01-01T02:03:32.925567  17234	19.018	19.019	23.370	22.886	18.212	27.319	24.418	23.773	21.597	31.106	50.180	50.242	23.568	2533.579	0	0	0	0.00	-135.000	-135.000	225.000	36.527
2025-01-01T02:03:34.125476  17235	18.857	19.003	23.209	23.289	18.374	27.641	24.740	23.289	21.597	31.106	50.186	50.242	23.729	2574.350	0	0	0	0.00	-135.000	-135.000	225.000	36.527
2025-01-01T02:03:35.325658  17236	19.099	19.012	23.128	23.048	18.454	27.399	24.418	23.692	21.597	31.267	50.192	50.323	23.568	2549.734	0	0	0	0.00	-135.000	-135.000	225.000	36.527
2025-01-01T02:03:36.525696  17237	19.018	19.013	23.289	23.209	18.374	27.399	24.579	23.451	21.597	31.106	50.197	50.000	23.487	2548.354	0	0	0	0.00	-135.000	-135.000	225.000	36.527
2025-01-01T02:03:37.725554  17238	18.857	18.997	23.289	23.289	18.293	27.399	24.659	23.934	21.919	31.106	50.193	50.242	23.729	2587.667	0	0	0	0.00	-135.000	-135.000	225.000	36.527
2025-01-01T02:03:38.925657  17239	19.099	19.008	23.128	23.128	18.374	27.319	24.659	23.451	21.436	31.026	50.206	50.161	23.568	2561.737	0	0	0	0.00	-135.000	-135.000	225.000	36.527
2025-01-01T02:03:40.125748  17240	19.018	19.009	22.967	23.048	18.293	27.238	24.821	23.692	21.678	30.945	50.202	50.242	23.407	2559.178	0	0	0	0.00	-135.000	-135.000	225.000	36.527
2025-01-01T02:03:41.325869  17241	19.099	19.018	23.128	23.128	18.293	27.399	24.579	23.692	21.355	31.348	50.206	50.161	23.407	2536.336	0	0	0	0.00	-135.000	-135.000	225.000	36.527
2025-01-01T02:03:42.525814  17242	19.018	19.018	23.451	23.128	18.293	27.238	24.821	23.370	21.919	31.187	50.218	50.242	23.568	2536.233	0	0	0	0.00	-135.000	-135.000	225.000	36.527
2025-01-01T02:03:43.725830  17243	19.099	19.026	23.370	23.128	18.212	27.399	24.659	23.612	21.436	30.864	50.204	50.161	23.729	2515.602	0	0	0	0.00	-135.000	-135.000	225.000	36.527
2025-01-01T02:03:44.925995  17244	18.938	19.017	23.289	23.048	18.293	27.238	24.740	23.773	21.839	30.945	50.208	50.242	23.568	2537.855	0	0	0	0.00	-135.000	-135.000	225.000	36.527
2025-01-01T02:03:46.125929  17245	19.099	19.025	23.209	23.048	18.293	27.560	24.740	23.773	21.355	31.187	50.211	50.323	23.568	2516.878	0	0	0	0.00	-135.000	-135.000	225.000	36.527
2025-01-01T02:03:47.325965  17246	18.938	19.016	23.209	23.289	18.293	27.319	24.901	23.692	21.597	31.106	50.214	50.242	23.568	2538.978	0	0	0	0.00	-135.000	-135.000	225.000	36.527
2025-01-01T02:03:48.525937  17247	18.938	19.009	23.209	23.048	18.374	27.319	24.659	23.451	21.597	31.187	50.209	50.242	23.729	2558.589	0	0	0	0.00	-135.000	-135.000	225.000	36.527
2025-01-01T02:03:49.725983  17248	19.260	19.034	23.289	22.967	18.535	27.560	24.982	23.289	21.678	31.106	50.204	50.323	23.568	2494.826	0	0	0	0.00	-135.000	-135.000	225.000	36.527
2025-01-01T02:03:50.926085  17249	19.018	19.032	23.209	23.048	18.535	27.319	24.982	23.612	21.355	30.864	50.208	50.323	23.568	2498.992	0	0	0	0.00	-135.000	-135.000	225.000	36.527
2025-01-01T02:03:52.126233  17250	18.938	19.023	23.128	22.967	18.293	27.319	24.821	23.853	21.597	30.864	50.203	50.242	23.729	2522.613	0	0	0	0.00	-135.000	-135.000	225.000	36.527
2025-01-01T02:03:53.326224  17251	19.018	19.022	23.209	23.128	18.293	27.399	24.740	23.531	21.516	31.187	50.207	50.242	23.568	2523.388	0	0	0	0.00	-135.000	-135.000	225.000	36.527
2025-01-01T02:03:54.526353  17252	19.099	19.030	23.289	23.128	18.212	27.238	24.740	23.692	21.839	31.187	50.211	50.161	23.487	2503.871	0	0	0	0.00	-135.000	-135.000	225.000	36.527
2025-01-01T02:03:55.726226  17253	19.018	19.029	22.886	23.048	18.454	27.319	24.901	23.531	21.516	30.864	50.206	50.323	23.729	2506.759	0	0	0	0.00	-135.000	-135.000	225.000	36.527
2025-01-01T02:03:56.926257  17254	19.179	19.044	22.725	23.048	18.212	27.399	24.821	23.451	21.516	31.106	50.201	50.161	23.729	2468.457	0	0	0	0.00	-135.000	-135.000	225.000	36.527
2025-01-01T02:03:58.126285  17255	19.179	19.057	23.048	22.967	18.454	27.399	24.740	23.209	21.758	30.784	50.197	50.323	23.568	2434.182	0	0	0	0.00	-135.000	-135.000	225.000	36.527
2025-01-01T02:03:59.326337  17256	19.179	19.070	23.048	22.967	18.293	27.399	24.901	23.531	21.516	31.348	50.194	50.242	23.649	2403.209	0	0	0	0.00	-135.000	-135.000	225.000	36.527
2025-01-01T02:04:00.526501  17257	19.260	19.089	22.967	23.048	18.293	27.641	24.821	23.612	21.355	31.187	50.190	50.161	23.649	2354.844	0	0	0	0.00	-135.000	-135.000	225.000	36.527
2025-01-01T02:04:01.726611  17258	18.938	19.074	23.048	23.128	18.212	27.158	24.901	23.612	21.516	30.864	50.204	50.323	23.649	2392.753	0	0	0	0.00	-135.000	-135.000	225.000	36.527
2025-01-01T02:04:02.926530  17259	18.857	19.052	23.128	23.209	18.293	27.399	24.982	23.451	21.436	31.026	50.216	50.161	23.568	2446.632	0	0	0	0.00	-135.000	-135.000	225.000	36.527
2025-01-01T02:04:04.126472  17260	19.018	19.049	23.128	23.048	18.374	27.238	24.901	23.773	21.355	31.187	50.202	50.161	23.729	2454.333	0	0	0	0.00	-135.000	-135.000	225.000	36.527
2025-01-01T02:04:05.326796  17261	18.938	19.038	22.886	23.048	18.293	27.560	25.062	23.531	21.516	31.187	50.198	50.161	23.649	2481.938	0	0	0	0.00	-135.000	-135.000	225.000	36.527
2025-01-01T02:04:06.526646  17262	19.018	19.036	22.886	23.048	18.374	27.399	24.821	23.612	21.678	30.945	50.194	50.242	23.810	2486.303	0	0	0	0.00	-135.000	-135.000	225.000	36.527
2025-01-01T02:04:07.726630  17263	19.018	19.034	23.048	23.128	18.293	27.480	25.143	23.531	21.597	30.784	50.191	50.242	23.729	2490.378	0	0	0	0.00	-135.000	-135.000	225.000	36.527
2025-01-01T02:04:08.926681  17264	19.099	19.040	22.886	23.128	18.535	27.641	25.143	23.370	21.678	30.945	50.188	50.323	23.729	2473.670	0	0	0	0.00	-135.000	-135.000	225.000	36.527
2025-01-01T02:04:10.126781  17265	19.099	19.046	22.967	23.128	18.454	27.480	24.982	23.370	21.355	31.026	50.185	50.242	23.649	2458.726	0	0	0	0.00	-135.000	-135.000	225.000	36.527
2025-01-01T02:04:11.326894  17266	19.018	19.043	22.967	23.048	18.374	27.319	25.143	23.531	21.678	30.864	50.175	50.242	23.810	2465.571	0	0	0	0.00	-135.000	-135.000	225.000	36.527
2025-01-01T02:04:12.526866  17267	19.099	19.049	23.128	23.209	18.293	27.319	25.143	23.370	21.839	30.945	50.190	50.323	23.729	2451.190	0	0	0	0.00	-135.000	-135.000	225.000	36.527
2025-01-01T02:04:13.727101  17268	19.018	19.046	23.128	23.048	18.293	27.480	25.062	23.934	21.678	30.945	50.187	50.323	23.729	2458.704	0	0	0	0.00	-135.000	-135.000	225.000	36.527
2025-01-01T02:04:14.926952  17269	18.857	19.027	22.967	23.128	18.615	27.158	25.223	23.692	21.516	31.106	50.176	50.242	23.729	2506.018	0	0	0	0.00	-135.000	-135.000	225.000	36.527
2025-01-01T02:04:16.127070  17270	18.938	19.018	22.886	23.289	18.454	27.238	25.304	23.853	21.597	30.864	50.167	50.242	23.810	2528.018	0	0	0	0.00	-135.000	-135.000	225.000	36.527
2025-01-01T02:04:17.327163  17271	19.018	19.018	22.886	23.128	18.535	27.158	25.062	23.934	21.678	31.106	50.158	50.161	23.890	2527.660	0	0	0	0.00	-135.000	-135.000	225.000	36.527
2025-01-01T02:04:18.527147  17272	19.179	19.034	22.725	22.967	18.293	27.560	24.982	23.531	21.678	31.026	50.166	50.242	23.649	2486.757	0	0	0	0.00	-135.000	-135.000	225.000	36.527
2025-01-01T02:04:19.727214  17273	18.777	19.008	23.048	23.128	18.293	27.238	25.062	23.853	21.758	30.945	50.174	50.242	23.568	2551.961	0	0	0	0.00	-135.000	-135.000	225.000	36.527
2025-01-01T02:04:20.927211  17274	18.777	18.985	23.048	22.967	18.454	27.158	25.223	23.531	21.516	30.864	50.165	50.161	23.810	2609.996	0	0	0	0.00	-135.000	-135.000	225.000	36.527
2025-01-01T02:04:22.127281  17275	19.018	18.989	22.806	23.289	18.374	27.319	25.223	23.692	21.597	30.945	50.164	50.323	23.649	2601.292	0	0	0	0.00	-135.000	-135.000	225.000	36.527
2025-01-01T02:04:23.327265  17276	18.938	18.984	22.967	23.128	18.293	27.238	25.223	23.853	21.516	31.187	50.172	50.242	23.568	2614.292	0	0	0	0.00	-135.000	-135.000	225.000	36.527
2025-01-01T02:04:24.527234  17277	19.018	18.987	22.806	22.967	18.374	27.399	25.223	23.531	21.516	31.267	50.179	50.323	23.649	2605.510	0	0	0	0.00	-135.000	-135.000	225.000	36.527
2025-01-01T02:04:25.727279  17278	19.018	18.990	22.806	23.370	18.454	27.238	25.223	23.692	21.436	31.187	50.185	50.323	23.729	2597.756	0	0	0	0.00	-135.000	-135.000	225.000	36.527
2025-01-01T02:04:26.927456  17279	18.938	18.985	22.806	23.128	18.454	27.238	25.304	23.370	21.436	31.348	50.191	50.161	23.649	2611.128	0	0	0	0.00	-135.000	-135.000	225.000	36.527
2025-01-01T02:04:28.127561  17280	18.857	18.972	22.886	23.048	18.374	27.238	25.143	23.853	21.919	31.267	50.196	50.242	23.729	2643.408	0	0	0	0.00	-135.000	-135.000	225.000	36.527
2025-01-01T02:04:29.327474  17281	19.018	18.977	22.967	23.289	18.212	27.319	25.223	23.531	21.436	31.267	50.201	50.161	23.649	2631.669	0	0	0	0.00	-135.000	-135.000	225.000	36.527
2025-01-01T02:04:30.527578  17282	18.938	18.973	23.209	23.209	18.212	27.238	25.304	23.692	22.000	31.026	50.205	50.242	23.729	2641.781	0	0	0	0.00	-135.000	-135.000	225.000	36.527
2025-01-01T02:04:31.727616  17283	18.777	18.953	22.886	22.967	18.132	27.319	25.304	23.531	21.758	30.945	50.209	50.242	23.568	2691.490	0	0	0	0.00	-135.000	-135.000	225.000	36.527
2025-01-01T02:04:32.927600  17284	19.018	18.960	23.209	23.209	18.454	27.480	25.223	23.612	21.355	31.187	50.204	50.242	23.729	2674.970	0	0	0	0.00	-135.000	-135.000	225.000	36.527
2025-01-01T02:04:34.127785  17285	19.018	18.966	23.048	23.128	18.132	27.319	25.385	23.370	21.758	31.267	50.208	50.323	23.729	2660.575	0	0	0	0.00	-135.000	-135.000	225.000	36.527
2025-01-01T02:04:35.327705  17286	18.857	18.955	22.967	22.967	18.132	27.158	25.385	23.853	21.678	30.945	50.211	50.323	23.649	2688.334	0	0	0	0.00	-135.000	-135.000	225.000	36.527
2025-01-01T02:04:36.527704  17287	19.099	18.969	23.128	22.886	18.454	27.399	25.062	23.612	21.597	31.026	50.214	50.323	23.649	2652.001	0	0	0	0.00	-135.000	-135.000	225.000	36.527
2025-01-01T02:04:37.727713  17288	19.018	18.974	22.967	22.967	18.374	27.319	25.143	23.692	21.678	31.187	50.217	50.161	23.649	2640.080	0	0	0	0.00	-135.000	-135.000	225.000	36.527
2025-01-01T02:04:38.927750  17289	19.099	18.987	23.209	23.128	18.212	27.319	25.143	23.612	21.758	31.026	50.219	50.161	23.568	2608.813	0	0	0	0.00	-135.000	-135.000	225.000	36.527
2025-01-01T02:04:40.127883  17290	18.857	18.974	23.128	23.370	18.212	27.238	25.223	23.451	21.919	30.945	50.214	50.242	23.890	2641.855	0	0	0	0.00	-135.000	-135.000	225.000	36.527
2025-01-01T02:04:41.327834  17291	18.777	18.954	23.128	22.967	18.212	27.480	25.143	23.531	21.516	30.945	50.216	50.161	23.810	2691.575	0	0	0	0.00	-135.000	-135.000	225.000	36.527
2025-01-01T02:04:42.527888  17292	18.857	18.944	23.048	23.370	18.212	27.158	25.223	23.773	21.516	30.864	50.227	50.323	23.810	2715.955	0	0	0	0.00	-135.000	-135.000	225.000	36.527
2025-01-01T02:04:43.728001  17293	18.857	18.936	22.886	23.128	18.212	27.319	25.465	23.853	21.678	31.187	50.229	50.161	23.729	2738.159	0	0	0	0.00	-135.000	-135.000	225.000	36.527
2025-01-01T02:04:44.928101  17294	18.857	18.928	23.048	23.128	18.293	27.238	25.304	23.692	21.597	31.106	50.230	50.081	23.568	2758.241	0	0	0	0.00	-135.000	-135.000	225.000	36.527
2025-01-01T02:04:46.128030  17295	19.099	18.945	23.209	22.967	18.293	27.399	25.304	23.692	21.436	31.267	50.215	50.242	23.810	2715.323	0	0	0	0.00	-135.000	-135.000	225.000	36.527
2025-01-01T02:04:47.328053  17296	19.179	18.968	23.048	23.048	18.132	27.480	25.465	23.692	21.758	31.026	50.210	50.242	23.649	2656.748	0	0	0	0.00	-135.000	-135.000	225.000	36.527
2025-01-01T02:04:48.528167  17297	19.179	18.989	23.209	23.128	18.293	27.399	25.304	23.773	21.678	31.106	50.221	50.323	23.649	2604.064	0	0	0	0.00	-135.000	-135.000	225.000	36.527
2025-01-01T02:04:49.728190  17298	19.018	18.992	23.048	23.289	18.212	27.399	25.385	23.612	21.919	31.026	50.231	50.323	23.729	2597.254	0	0	0	0.00	-135.000	-135.000	225.000	36.527
2025-01-01T02:04:50.928193  17299	18.857	18.979	23.209	23.128	18.132	27.319	25.385	23.531	21.355	30.864	50.232	50.242	23.649	2631.514	0	0	0	0.00	-135.000	-135.000	225.000	36.527
2025-01-01T02:04:52.128233  17300	19.179	18.999	22.886	23.048	18.212	27.319	25.223	23.531	21.597	31.026	50.225	50.161	23.568	2580.673	0	0	0	0.00	-135.000	-135.000	225.000	36.527
2025-01-01T02:04:53.328274  17301	18.938	18.993	22.886	23.128	18.212	27.238	25.304	23.773	21.516	30.945	50.219	50.323	23.649	2596.525	0	0	0	0.00	-135.000	-135.000	225.000	36.527
2025-01-01T02:04:54.528392  17302	19.018	18.995	23.209	23.128	18.212	27.319	25.385	23.934	21.758	31.106	50.213	50.161	23.568	2589.991	0	0	0	0.00	-135.000	-135.000	225.000	36.527
2025-01-01T02:04:55.728490  17303	18.777	18.973	23.048	23.128	18.212	27.238	25.385	23.773	21.436	31.026	50.200	50.242	23.890	2645.349	0	0	0	0.00	-135.000	-135.000	225.000	36.527
2025-01-01T02:04:56.928528  17304	18.857	18.962	23.128	23.209	18.051	27.319	25.223	23.289	21.597	31.267	50.212	50.242	23.568	2674.480	0	0	0	0.00	-135.000	-135.000	225.000	36.527
2025-01-01T02:04:58.128511  17305	18.857	18.951	23.128	23.451	18.293	27.480	25.465	23.612	21.678	30.945	50.215	50.323	23.649	2700.956	0	0	0	0.00	-135.000	-135.000	225.000	36.527
2025-01-01T02:04:59.328621  17306	18.857	18.942	23.128	23.128	18.374	27.238	25.304	23.853	21.678	30.864	50.210	50.242	23.810	2724.888	0	0	0	0.00	-135.000	-135.000	225.000	36.527
2025-01-01T02:05:00.528673  17307	19.179	18.966	23.209	23.370	18.212	27.560	25.385	23.853	21.597	31.187	50.213	50.161	23.729	2665.070	0	0	0	0.00	-135.000	-135.000	225.000	36.527
2025-01-01T02:05:01.728631  17308	18.938	18.963	23.048	23.128	18.293	27.158	25.223	23.451	21.678	31.026	50.216	50.161	23.810	2672.847	0	0	0	0.00	-135.000	-135.000	225.000	36.527
2025-01-01T02:05:02.928803  17309	18.777	18.944	23.289	23.370	18.132	27.480	25.465	23.370	21.678	30.864	50.202	50.161	23.810	2720.131	0	0	0	0.00	-135.000	-135.000	225.000	36.527
2025-01-01T02:05:04.128773  17310	19.018	18.952	23.370	23.128	18.293	27.238	25.465	23.612	21.678	30.784	50.198	50.242	23.810	2701.428	0	0	0	0.00	-135.000	-135.000	225.000	36.527
2025-01-01T02:05:05.328961  17311	18.938	18.950	23.289	23.289	18.132	27.399	25.546	23.612	21.839	30.784	50.186	50.161	23.810	2705.434	0	0	0	0.00	-135.000	-135.000	225.000	36.527
2025-01-01T02:05:06.528915  17312	19.018	18.957	23.048	23.048	18.293	27.238	25.385	23.451	21.436	31.267	50.192	50.161	23.568	2688.557	0	0	0	0.00	-135.000	-135.000	225.000	36.527
2025-01-01T02:05:07.728844  17313	18.857	18.947	23.370	23.370	18.212	27.399	25.546	23.773	21.355	31.026	50.181	50.161	23.810	2714.240	0	0	0	0.00	-135.000	-135.000	225.000	36.527
2025-01-01T02:05:08.928871  17314	19.018	18.954	23.128	23.209	18.051	27.238	25.465	23.209	21.758	30.703	50.187	50.242	23.810	2696.408	0	0	0	0.00	-135.000	-135.000	225.000	36.527
2025-01-01T02:05:10.129007  17315	18.777	18.936	23.128	23.289	18.212	27.158	25.385	23.853	21.516	30.945	50.201	50.242	23.649	2741.759	0	0	0	0.00	-135.000	-135.000	225.000	36.527
2025-01-01T02:05:11.328976  17316	19.018	18.945	23.209	23.289	18.293	27.399	25.546	23.370	21.678	31.187	50.205	50.242	23.729	2721.157	0	0	0	0.00	-135.000	-135.000	225.000	36.527
2025-01-01T02:05:12.529024  17317	19.179	18.968	23.128	23.128	18.293	27.480	25.465	23.370	21.597	31.348	50.208	50.242	23.649	2662.356	0	0	0	0.00	-135.000	-135.000	225.000	36.527
2025-01-01T02:05:13.729079  17318	18.938	18.965	23.289	23.128	18.212	27.399	25.385	23.612	21.839	31.106	50.196	50.161	23.810	2670.727	0	0	0	0.00	-135.000	-135.000	225.000	36.527
2025-01-01T02:05:14.929037  17319	19.099	18.978	23.370	23.128	18.293	27.238	25.546	23.692	21.597	31.026	50.200	50.242	23.729	2637.090	0	0	0	0.00	-135.000	-135.000	225.000	36.527
2025-01-01T02:05:16.129247  17320	18.777	18.958	23.209	23.048	18.132	27.560	25.385	23.451	21.355	30.945	50.188	50.323	23.729	2688.527	0	0	0	0.00	-135.000	-135.000	225.000	36.527
2025-01-01T02:05:17.329147  17321	18.857	18.948	22.886	23.128	18.293	27.319	25.626	23.692	21.839	31.026	50.178	50.242	23.810	2713.965	0	0	0	0.00	-135.000	-135.000	225.000	36.527
2025-01-01T02:05:18.529180  17322	18.938	18.947	23.128	23.289	18.293	27.399	25.707	23.612	21.678	30.945	50.184	50.323	23.729	2716.758	0	0	0	0.00	-135.000	-135.000	225.000	36.527
2025-01-01T02:05:19.729282  17323	19.099	18.962	22.967	22.967	18.374	27.238	25.546	23.209	21.516	30.784	50.190	50.161	23.649	2678.750	0	0	0	0.00	-135.000	-135.000	225.000	36.527
2025-01-01T02:05:20.929323  17324	18.857	18.952	23.048	23.209	18.374	27.238	25.385	23.451	21.597	31.187	50.195	50.161	23.729	2705.890	0	0	0	0.00	-135.000	-135.000	225.000	36.527
2025-01-01T02:05:22.129306  17325	18.777	18.934	23.128	23.128	18.051	27.158	25.546	23.531	21.597	31.106	50.200	50.161	23.649	2750.292	0	0	0	0.00	-135.000	-135.000	225.000	36.527
2025-01-01T02:05:23.329511  17326	18.857	18.927	22.967	23.048	18.293	27.319	25.707	23.612	21.678	31.106	50.204	50.161	23.729	2769.889	0	0	0	0.00	-135.000	-135.000	225.000	36.527
2025-01-01T02:05:24.529468  17327	18.777	18.912	23.128	23.289	18.212	27.238	25.465	23.451	21.597	30.864	50.192	50.161	23.890	2808.148	0	0	0	0.00	-135.000	-135.000	225.000	36.527
2025-01-01T02:05:25.729524  17328	18.938	18.914	22.806	23.048	18.293	27.480	25.707	23.370	21.516	31.267	50.197	50.161	23.649	2801.849	0	0	0	0.00	-135.000	-135.000	225.000	36.527
2025-01-01T02:05:26.929485  17329	18.938	18.917	23.370	23.289	18.051	27.399	25.626	23.773	21.597	31.026	50.193	50.242	23.810	2796.545	0	0	0	0.00	-135.000	-135.000	225.000	36.527
2025-01-01T02:05:28.129655  17330	19.018	18.927	23.289	23.209	18.212	27.399	25.626	23.612	21.678	30.864	50.198	50.323	23.810	2771.453	0	0	0	0.00	-135.000	-135.000	225.000	36.527
2025-01-01T02:05:29.329669  17331	18.938	18.928	23.048	23.289	18.293	27.158	25.546	23.451	21.275	30.784	50.186	50.242	23.890	2769.384	0	0	0	0.00	-135.000	-135.000	225.000	36.527
2025-01-01T02:05:30.529632  17332	19.018	18.937	23.209	23.370	18.293	27.399	25.707	23.612	21.516	31.026	50.184	50.161	23.890	2747.036	0	0	0	0.00	-135.000	-135.000	225.000	36.527
2025-01-01T02:05:31.729847  17333	19.099	18.953	22.967	23.289	18.212	27.319	25.465	23.451	21.516	31.187	50.190	50.323	23.649	2706.709	0	0	0	0.00	-135.000	-135.000	225.000	36.527
2025-01-01T02:05:32.929691  17334	18.857	18.943	23.209	23.451	18.132	27.399	25.626	23.209	21.355	31.106	50.195	50.323	23.729	2731.601	0	0	0	0.00	-135.000	-135.000	225.000	36.527
2025-01-01T02:05:34.129802  17335	19.099	18.959	22.967	23.209	18.132	27.399	25.788	23.692	21.678	30.864	50.208	50.242	23.649	2692.528	0	0	0	0.00	-135.000	-135.000	225.000	36.527
2025-01-01T02:05:35.329907  17336	19.018	18.965	23.370	23.209	18.374	27.399	25.385	23.370	21.355	31.106	50.203	50.161	23.568	2678.141	0	0	0	0.00	-135.000	-135.000	225.000	36.527
2025-01-01T02:05:36.529897  17337	18.857	18.954	23.370	23.289	18.293	27.319	25.707	23.612	21.678	30.945	50.207	50.323	23.568	2705.746	0	0	0	0.00	-135.000	-135.000	225.000	36.527
2025-01-01T02:05:37.729931  17338	18.857	18.944	23.531	23.289	18.212	27.480	25.626	23.773	21.758	30.784	50.202	50.242	23.890	2730.365	0	0	0	0.00	-135.000	-135.000	225.000	36.527
2025-01-01T02:05:38.929915  17339	18.857	18.936	23.209	23.128	18.374	27.319	25.788	23.531	21.678	31.106	50.206	50.081	23.649	2752.626	0	0	0	0.00	-135.000	-135.000	225.000	36.527
2025-01-01T02:05:40.130049  17340	19.018	18.944	23.289	23.209	18.293	27.238	25.546	23.612	21.678	30.703	50.210	50.242	23.810	2732.031	0	0	0	0.00	-135.000	-135.000	225.000	36.527
2025-01-01T02:05:41.329998  17341	19.099	18.959	23.128	23.209	18.293	27.319	25.788	23.289	21.597	30.864	50.213	50.161	23.649	2693.441	0	0	0	0.00	-135.000	-135.000	225.000	36.527
2025-01-01T02:05:42.530092  17342	19.018	18.965	23.209	23.209	18.535	27.480	25.465	23.612	21.758	31.026	50.200	50.242	23.649	2679.165	0	0	0	0.00	-135.000	-135.000	225.000	36.527
2025-01-01T02:05:43.730081  17343	18.857	18.955	23.128	23.209	18.374	27.238	25.707	23.128	21.758	31.267	50.204	50.081	23.568	2706.873	0	0	0	0.00	-135.000	-135.000	225.000	36.527
2025-01-01T02:05:44.930313  17344	18.938	18.953	23.289	23.209	18.293	27.319	25.788	23.612	21.839	30.864	50.208	50.323	23.649	2711.221	0	0	0	0.00	-135.000	-135.000	225.000	36.527
2025-01-01T02:05:46.130255  17345	18.938	18.951	23.370	23.209	18.374	27.399	25.546	23.289	21.436	31.106	50.211	50.323	23.649	2715.340	0	0	0	0.00	-135.000	-135.000	225.000	36.527
2025-01-01T02:05:47.330401  17346	19.018	18.958	23.370	23.370	18.212	27.238	25.707	23.289	21.758	30.945	50.214	50.323	23.649	2698.728	0	0	0	0.00	-135.000	-135.000	225.000	36.527
2025-01-01T02:05:48.530328  17347	19.018	18.964	23.209	23.451	18.374	27.399	25.788	23.531	21.758	31.106	50.225	50.242	23.649	2683.924	0	0	0	0.00	-135.000	-135.000	225.000	36.527
2025-01-01T02:05:49.730447  17348	19.018	18.969	23.209	23.289	18.132	27.238	25.788	23.692	21.597	31.026	50.235	50.242	23.729	2670.589	0	0	0	0.00	-135.000	-135.000	225.000	36.527
2025-01-01T02:05:50.930487  17349	18.938	18.966	23.370	23.209	18.212	27.319	25.707	23.692	21.597	31.026	50.244	50.161	23.649	2678.936	0	0	0	0.00	-135.000	-135.000	225.000	36.527
2025-01-01T02:05:52.130456  17350	18.857	18.955	23.370	23.289	18.051	27.480	25.465	23.451	21.597	31.348	50.252	50.161	23.729	2706.697	0	0	0	0.00	-135.000	-135.000	225.000	36.527
2025-01-01T02:05:53.330501  17351	18.857	18.946	23.128	23.289	18.293	27.319	25.707	23.692	21.436	30.945	50.251	50.242	23.729	2731.618	0	0	0	0.00	-135.000	-135.000	225.000	36.527
2025-01-01T02:05:54.530597  17352	19.018	18.953	23.048	23.289	18.293	27.399	25.707	23.370	21.597	31.267	50.250	50.161	23.649	2713.419	0	0	0	0.00	-135.000	-135.000	225.000	36.527
2025-01-01T02:05:55.730667  17353	19.018	18.959	23.451	23.370	18.132	27.158	25.707	23.612	21.355	30.945	50.241	50.161	23.649	2697.353	0	0	0	0.00	-135.000	-135.000	225.000	36.527
2025-01-01T02:05:56.930741  17354	18.938	18.957	22.967	23.289	18.212	27.077	25.546	23.612	21.758	31.187	50.225	50.323	23.810	2703.243	0	0	0	0.00	-135.000	-135.000	225.000	36.527
2025-01-01T02:05:58.130671  17355	18.938	18.955	23.048	23.289	18.212	27.238	25.868	23.531	21.436	31.106	50.235	50.161	23.568	2708.425	0	0	0	0.00	-135.000	-135.000	225.000	36.527
2025-01-01T02:05:59.330791  17356	18.938	18.954	23.209	23.128	18.132	27.319	25.546	23.612	21.516	31.106	50.235	50.161	23.649	2713.134	0	0	0	0.00	-135.000	-135.000	225.000	36.527
2025-01-01T02:06:00.530947  17357	18.777	18.936	23.289	23.209	18.132	27.238	25.626	23.612	21.758	31.187	50.236	50.161	23.568	2758.143	0	0	0	0.00	-135.000	-135.000	225.000	36.527
2025-01-01T02:06:01.730954  17358	18.938	18.936	23.128	23.209	18.132	27.560	25.707	23.612	21.758	31.026	50.237	50.161	23.649	2757.756	0	0	0	0.00	-135.000	-135.000	225.000	36.527
2025-01-01T02:06:02.930764  17359	18.777	18.920	23.289	23.370	18.132	27.158	25.707	23.853	21.436	31.106	50.221	50.161	23.890	2798.502	0	0	0	0.00	-135.000	-135.000	225.000	36.527
2025-01-01T02:06:04.130950  17360	18.857	18.914	23.370	23.289	17.971	27.319	25.707	23.773	21.516	31.026	50.223	50.242	23.729	2814.643	0	0	0	0.00	-135.000	-135.000	225.000	36.527
2025-01-01T02:06:05.330922  17361	18.938	18.916	23.451	23.370	18.374	27.238	25.707	23.692	21.678	30.864	50.209	50.242	23.810	2809.067	0	0	0	0.00	-135.000	-135.000	225.000	36.527
2025-01-01T02:06:06.530973  17362	18.938	18.918	23.370	23.370	18.212	27.480	25.949	23.773	21.597	30.945	50.212	50.323	23.729	2804.255	0	0	0	0.00	-135.000	-135.000	225.000	36.527
2025-01-01T02:06:07.731169  17363	19.018	18.928	23.289	23.370	18.374	27.399	25.707	23.773	21.355	31.026	50.215	50.323	23.810	2779.604	0	0	0	0.00	-135.000	-135.000	225.000	36.527
2025-01-01T02:06:08.931122  17364	19.018	18.937	23.531	23.289	18.293	27.399	25.707	23.773	21.516	31.026	50.226	50.403	23.729	2757.565	0	0	0	0.00	-135.000	-135.000	225.000	36.527
2025-01-01T02:06:10.131157  17365	19.018	18.945	23.048	23.209	18.212	27.399	25.788	23.773	21.678	30.784	50.236	50.242	23.649	2737.719	0	0	0	0.00	-135.000	-135.000	225.000	36.527
2025-01-01T02:06:11.331083  17366	18.857	18.937	23.451	23.289	18.132	27.641	25.707	23.370	21.516	30.864	50.236	50.242	23.729	2760.574	0	0	0	0.00	-135.000	-135.000	225.000	36.527
2025-01-01T02:06:12.531197  17367	19.018	18.945	23.048	23.370	18.374	27.399	25.707	23.370	21.516	30.945	50.237	50.323	23.810	2740.193	0	0	0	0.00	-135.000	-135.000	225.000	36.527
2025-01-01T02:06:13.731183  17368	18.938	18.944	23.128	23.370	18.212	27.238	25.949	23.612	21.678	30.864	50.237	50.242	23.729	2742.521	0	0	0	0.00	-135.000	-135.000	225.000	36.527
2025-01-01T02:06:14.931204  17369	18.938	18.943	23.128	23.209	18.454	27.238	25.707	23.773	21.436	31.348	50.246	50.161	23.649	2744.499	0	0	0	0.00	-135.000	-135.000	225.000	36.527
2025-01-01T02:06:16.131277  17370	19.099	18.959	23.370	23.451	18.212	27.399	25.868	23.612	21.678	31.106	50.229	50.161	23.729	2705.595	0	0	0	0.00	-135.000	-135.000	225.000	36.527
2025-01-01T02:06:17.331420  17371	19.018	18.965	23.289	23.209	18.132	27.319	25.868	23.934	21.516	31.267	50.223	50.242	23.649	2691.199	0	0	0	0.00	-135.000	-135.000	225.000	36.527
2025-01-01T02:06:18.531406  17372	18.857	18.954	23.370	23.370	18.132	27.399	25.707	23.773	21.516	30.945	50.224	50.323	23.649	2718.795	0	0	0	0.00	-135.000	-135.000	225.000	36.527
2025-01-01T02:06:19.731389  17373	18.777	18.936	22.967	23.128	18.051	27.158	25.546	23.289	21.678	31.187	50.218	50.161	23.649	2763.774	0	0	0	0.00	-135.000	-135.000	225.000	36.527
2025-01-01T02:06:20.931504  17374	18.857	18.928	23.209	23.289	17.890	27.399	25.546	23.531	21.436	30.784	50.229	50.242	23.649	2783.886	0	0	0	0.00	-135.000	-135.000	225.000	36.527
2025-01-01T02:06:22.131466  17375	19.018	18.937	23.451	23.209	18.051	27.399	25.626	23.773	21.758	31.106	50.230	50.323	23.649	2761.522	0	0	0	0.00	-135.000	-135.000	225.000	36.527
2025-01-01T02:06:23.331647  17376	18.857	18.929	23.209	23.370	18.293	27.158	25.788	23.451	21.516	30.945	50.239	50.242	23.649	2782.431	0	0	0	0.00	-135.000	-135.000	225.000	36.527
2025-01-01T02:06:24.531560  17377	18.857	18.922	23.289	23.451	18.212	27.077	25.788	23.692	21.436	30.945	50.248	50.242	23.649	2801.027	0	0	0	0.00	-135.000	-135.000	225.000	36.527
2025-01-01T02:06:25.731661  17378	19.018	18.932	23.451	23.209	18.212	27.399	25.707	23.773	21.436	31.106	50.255	50.323	23.729	2777.135	0	0	0	0.00	-135.000	-135.000	225.000	36.527
2025-01-01T02:06:26.931837  17379	18.938	18.932	23.370	23.209	18.374	27.158	25.707	23.289	21.436	31.187	50.246	50.323	23.649	2776.305	0	0	0	0.00	-135.000	-135.000	225.000	36.527
2025-01-01T02:06:28.131682  17380	18.857	18.925	23.128	23.451	18.293	27.077	25.868	23.853	21.355	31.026	50.245	50.242	23.971	2795.805	0	0	0	0.00	-135.000	-135.000	225.000	36.527
2025-01-01T02:06:29.331935  17381	18.857	18.918	23.209	23.451	18.132	27.399	25.949	23.531	21.355	31.187	50.245	50.161	23.568	2813.296	0	0	0	0.00	-135.000	-135.000	225.000	36.527
2025-01-01T02:06:30.531895  17382	18.938	18.920	23.209	23.370	17.971	27.399	25.788	23.612	21.758	31.187	50.253	50.323	23.729	2808.774	0	0	0	0.00	-135.000	-135.000	225.000	36.527
2025-01-01T02:06:31.732013  17383	18.857	18.914	23.451	23.209	18.212	27.319	25.788	23.692	21.919	31.106	50.244	50.242	23.649	2825.269	0	0	0	0.00	-135.000	-135.000	225.000	36.527
2025-01-01T02:06:32.931859  17384	18.857	18.908	23.128	23.451	18.051	27.077	25.949	23.612	21.597	30.945	50.251	50.161	23.649	2840.057	0	0	0	0.00	-135.000	-135.000	225.000	36.527
2025-01-01T02:06:34.132064  17385	18.938	18.911	23.209	23.451	18.212	27.158	25.868	23.531	21.597	30.945	50.259	50.323	23.649	2833.101	0	0	0	0.00	-135.000	-135.000	225.000	36.527
2025-01-01T02:06:35.332134  17386	18.777	18.898	23.370	23.451	17.890	27.319	25.868	23.531	22.000	30.945	50.265	50.242	23.649	2867.773	0	0	0	0.00	-135.000	-135.000	225.000	36.527
2025-01-01T02:06:36.532116  17387	18.857	18.894	23.289	23.370	18.132	27.560	25.868	23.773	21.436	31.187	50.247	50.242	23.810	2878.448	0	0	0	0.00	-135.000	-135.000	225.000	36.527
2025-01-01T02:06:37.732163  17388	18.857	18.890	23.451	23.209	17.971	27.238	25.788	23.531	21.436	31.026	50.238	50.161	23.729	2888.318	0	0	0	0.00	-135.000	-135.000	225.000	36.527
2025-01-01T02:06:38.932139  17389	18.777	18.879	23.289	23.370	18.132	27.480	25.868	23.531	21.839	30.864	50.238	50.081	23.568	2917.665	0	0	0	0.00	-135.000	-135.000	225.000	36.527
2025-01-01T02:06:40.132252  17390	18.857	18.876	23.128	23.289	18.212	27.238	25.868	23.692	21.597	30.864	50.215	50.161	23.810	2923.706	0	0	0	0.00	-135.000	-135.000	225.000	36.527
2025-01-01T02:06:41.332166  17391	18.857	18.875	23.209	23.370	18.132	27.319	25.868	23.289	21.839	31.187	50.217	50.242	23.810	2929.405	0	0	0	0.00	-135.000	-135.000	225.000	36.527
2025-01-01T02:06:42.532281  17392	18.857	18.873	23.128	23.370	18.212	27.399	25.788	23.370	21.758	31.187	50.228	50.242	23.649	2934.636	0	0	0	0.00	-135.000	-135.000	225.000	36.527
2025-01-01T02:06:43.732263  17393	19.018	18.887	23.370	23.370	17.971	27.399	25.868	23.451	21.436	31.106	50.245	50.242	23.568	2898.716	0	0	0	0.00	-135.000	-135.000	225.000	36.527
2025-01-01T02:06:44.932285  17394	18.857	18.884	23.370	23.370	18.212	27.319	26.029	23.289	21.597	31.348	50.237	50.242	23.649	2907.426	0	0	0	0.00	-135.000	-135.000	225.000	36.527
2025-01-01T02:06:46.132393  17395	18.777	18.874	23.370	23.451	18.132	27.238	25.949	23.612	21.436	31.026	50.237	50.323	23.729	2935.403	0	0	0	0.00	-135.000	-135.000	225.000	36.527
2025-01-01T02:06:47.332443  17396	18.857	18.872	23.370	23.209	18.374	27.077	25.949	23.692	21.758	30.945	50.246	50.242	23.649	2940.213	0	0	0	0.00	-135.000	-135.000	225.000	36.527
2025-01-01T02:06:48.532419  17397	18.696	18.854	23.531	23.370	18.132	27.480	25.868	23.773	21.516	30.945	50.246	50.323	23.649	2985.530	0	0	0	0.00	-135.000	-135.000	225.000	36.527
2025-01-01T02:06:49.732468  17398	18.938	18.863	23.370	23.209	18.132	27.158	25.949	23.370	21.597	30.864	50.245	50.242	23.649	2965.116	0	0	0	0.00	-135.000	-135.000	225.000	36.527
2025-01-01T02:06:50.932692  17399	19.099	18.886	23.531	23.370	18.132	27.480	25.949	23.451	21.516	31.026	50.245	50.242	23.649	2906.545	0	0	0	0.00	-135.000	-135.000	225.000	36.527
2025-01-01T02:06:52.132614  17400	19.018	18.899	23.370	23.370	18.051	27.238	25.949	23.853	21.436	30.784	50.245	50.323	23.729	2874.446	0	0	0	0.00	-135.000	-135.000	225.000	36.527
2025-01-01T02:06:53.332599  17401	18.777	18.887	23.451	23.370	18.051	27.480	25.626	23.692	21.678	31.187	50.236	50.242	23.729	2906.473	0	0	0	0.00	-135.000	-135.000	225.000	36.527
2025-01-01T02:06:54.532787  17402	19.018	18.900	23.289	23.370	18.212	27.158	25.949	23.451	21.516	31.106	50.245	50.242	23.649	2873.880	0	0	0	0.00	-135.000	-135.000	225.000	36.527
2025-01-01T02:06:55.732737  17403	19.018	18.912	23.451	23.289	18.051	27.238	25.949	23.612	21.919	31.187	50.245	50.242	23.971	2845.020	0	0	0	0.00	-135.000	-135.000	225.000	36.527
2025-01-01T02:06:56.932944  17404	18.777	18.899	23.451	23.370	17.971	27.480	26.029	23.853	21.436	30.945	50.244	50.323	23.568	2880.121	0	0	0	0.00	-135.000	-135.000	225.000	36.527
2025-01-01T02:06:58.132842  17405	18.777	18.886	23.451	23.370	18.132	27.238	25.868	23.531	21.516	30.864	50.228	50.161	23.729	2911.388	0	0	0	0.00	-135.000	-135.000	225.000	36.527
2025-01-01T02:06:59.332987  17406	19.018	18.900	23.209	23.531	18.051	27.399	25.707	23.451	21.919	30.945	50.229	50.323	23.810	2878.591	0	0	0	0.00	-135.000	-135.000	225.000	36.527
2025-01-01T02:07:00.532842  17407	18.857	18.895	23.370	23.451	18.132	27.238	25.949	23.773	21.678	31.106	50.239	50.242	23.810	2890.273	0	0	0	0.00	-135.000	-135.000	225.000	36.527
2025-01-01T02:07:01.732893  17408	18.777	18.883	23.289	23.531	18.293	27.238	25.868	23.773	21.355	31.187	50.247	50.323	23.729	2920.929	0	0	0	0.00	-135.000	-135.000	225.000	36.527
2025-01-01T02:07:02.932949  17409	18.938	18.889	23.612	23.370	17.890	27.399	25.868	23.692	21.758	30.945	50.247	50.242	23.649	2907.785	0	0	0	0.00	-135.000	-135.000	225.000	36.527
2025-01-01T02:07:04.132982  17410	19.018	18.902	23.612	23.451	18.212	27.158	25.868	23.531	21.275	31.187	50.230	50.323	23.810	2875.959	0	0	0	0.00	-135.000	-135.000	225.000	36.527
2025-01-01T02:07:05.333169  17411	19.018	18.913	23.289	23.128	18.212	27.399	25.868	23.692	21.678	31.267	50.231	50.242	23.649	2847.461	0	0	0	0.00	-135.000	-135.000	225.000	36.527
2025-01-01T02:07:06.533191  17412	19.018	18.924	23.209	23.451	18.051	27.077	25.949	23.451	21.678	30.945	50.248	50.161	23.568	2821.800	0	0	0	0.00	-135.000	-135.000	225.000	36.527
2025-01-01T02:07:07.733104  17413	19.099	18.941	23.612	23.531	18.212	27.238	26.110	23.773	21.758	31.026	50.256	50.323	23.649	2778.330	0	0	0	0.00	-135.000	-135.000	225.000	36.527
2025-01-01T02:07:08.933154  17414	19.099	18.957	23.531	23.128	18.293	27.480	25.868	23.289	21.678	31.267	50.254	50.242	23.649	2739.297	0	0	0	0.00	-135.000	-135.000	225.000	36.527
2025-01-01T02:07:10.133461  17415	19.099	18.971	23.612	23.370	18.293	27.238	26.029	23.692	21.839	30.784	50.245	50.242	23.810	2704.100	0	0	0	0.00	-135.000	-135.000	225.000	36.527
2025-01-01T02:07:11.333295  17416	19.018	18.976	23.370	23.370	18.212	27.319	25.949	23.370	21.355	31.187	50.253	50.242	23.649	2692.717	0	0	0	0.00	-135.000	-135.000	225.000	36.527
2025-01-01T02:07:12.533335  17417	18.857	18.964	23.451	23.451	18.051	27.238	25.868	23.451	21.516	31.187	50.252	50.081	23.649	2723.026	0	0	0	0.00	-135.000	-135.000	225.000	36.527
2025-01-01T02:07:13.733319  17418	18.938	18.962	23.531	23.531	18.051	27.319	25.949	23.531	21.678	31.106	50.243	50.242	23.729	2729.719	0	0	0	0.00	-135.000	-135.000	225.000	36.527
2025-01-01T02:07:14.933672  17419	18.777	18.943	23.531	23.531	18.212	27.319	25.788	23.612	21.436	31.106	50.218	50.242	23.890	2776.674	0	0	0	0.00	-135.000	-135.000	225.000	36.527
2025-01-01T02:07:16.133532  17420	18.777	18.926	23.370	23.531	18.051	27.480	25.949	23.692	21.597	30.864	50.221	50.242	23.649	2818.770	0	0	0	0.00	-135.000	-135.000	225.000	36.527
2025-01-01T02:07:17.333451  17421	18.696	18.903	23.612	23.531	18.051	27.399	25.868	23.692	21.597	31.106	50.223	50.242	23.649	2877.177	0	0	0	0.00	-135.000	-135.000	225.000	36.527
2025-01-01T02:07:18.533565  17422	18.777	18.891	23.289	23.289	18.212	27.480	26.029	23.451	21.597	31.187	50.225	50.161	23.487	2909.430	0	0	0	0.00	-135.000	-135.000	225.000	36.527
2025-01-01T02:07:19.733681  17423	18.777	18.879	23.531	23.289	18.051	27.319	26.029	23.692	21.597	31.348	50.235	50.242	23.649	2938.775	0	0	0	0.00	-135.000	-135.000	225.000	36.527
2025-01-01T02:07:20.933709  17424	19.099	18.901	23.451	23.451	17.971	27.399	26.110	23.692	21.839	30.945	50.227	50.323	23.729	2883.886	0	0	0	0.00	-135.000	-135.000	225.000	36.527
2025-01-01T02:07:22.133748  17425	18.857	18.897	23.531	23.451	18.051	27.077	25.868	23.773	21.597	31.106	50.229	50.242	23.649	2896.151	0	0	0	0.00	-135.000	-135.000	225.000	36.527
2025-01-01T02:07:23.333724  17426	18.857	18.893	23.370	23.451	18.051	27.399	25.707	23.370	21.758	30.945	50.238	50.323	23.649	2906.805	0	0	0	0.00	-135.000	-135.000	225.000	36.527
2025-01-01T02:07:24.533717  17427	18.777	18.881	23.370	23.531	18.051	27.158	25.949	23.289	21.436	31.348	50.239	50.242	23.649	2936.863	0	0	0	0.00	-135.000	-135.000	225.000	36.527
2025-01-01T02:07:25.733759  17428	18.938	18.887	23.451	23.451	18.132	27.077	25.868	23.612	21.597	31.348	50.223	50.242	23.810	2923.180	0	0	0	0.00	-135.000	-135.000	225.000	36.527
2025-01-01T02:07:26.934060  17429	18.938	18.892	23.289	23.370	18.132	27.238	25.949	23.773	21.436	31.106	50.225	50.242	23.568	2911.231	0	0	0	0.00	-135.000	-135.000	225.000	36.527
2025-01-01T02:07:28.133970  17430	18.777	18.880	23.048	23.370	18.132	27.077	25.868	23.531	21.597	31.187	50.218	50.323	23.810	2941.249	0	0	0	0.00	-135.000	-135.000	225.000	36.527
2025-01-01T02:07:29.334020  17431	19.018	18.894	23.209	23.451	17.971	27.158	25.949	23.692	21.597	30.864	50.221	50.242	23.649	2907.008	0	0	0	0.00	-135.000	-135.000	225.000	36.527
2025-01-01T02:07:30.533928  17432	18.777	18.882	23.370	23.451	18.132	27.158	26.029	23.853	21.758	31.187	50.231	50.323	23.810	2937.753	0	0	0	0.00	-135.000	-135.000	225.000	36.527
2025-01-01T02:07:31.733967  17433	18.938	18.888	23.209	23.370	17.810	27.238	25.868	23.612	21.678	30.864	50.240	50.161	23.649	2924.368	0	0	0	0.00	-135.000	-135.000	225.000	36.527
2025-01-01T02:07:32.934088  17434	18.857	18.885	22.967	23.370	17.971	27.480	25.868	23.612	21.194	31.106	50.240	50.161	23.649	2933.051	0	0	0	0.00	-135.000	-135.000	225.000	36.527
2025-01-01T02:07:34.134015  17435	18.857	18.882	23.289	23.048	18.051	27.077	25.949	23.612	21.839	30.864	50.240	50.323	23.729	2940.804	0	0	0	0.00	-135.000	-135.000	225.000	36.527
2025-01-01T02:07:35.334161  17436	19.099	18.904	23.128	23.209	18.051	27.158	26.029	23.531	21.597	30.864	50.241	50.081	23.649	2886.791	0	0	0	0.00	-135.000	-135.000	225.000	36.527
2025-01-01T02:07:36.534240  17437	18.857	18.899	23.370	23.531	18.132	27.399	26.190	23.853	21.597	31.026	50.233	50.242	23.729	2899.687	0	0	0	0.00	-135.000	-135.000	225.000	36.527
2025-01-01T02:07:37.734316  17438	18.696	18.879	23.531	23.451	18.051	27.238	25.788	23.612	21.597	30.864	50.234	50.242	23.649	2951.636	0	0	0	0.00	-135.000	-135.000	225.000	36.527
2025-01-01T02:07:38.934380  17439	18.938	18.885	23.531	23.370	18.051	27.077	25.949	23.531	21.275	31.106	50.234	50.242	23.729	2937.190	0	0	0	0.00	-135.000	-135.000	225.000	36.527
2025-01-01T02:07:40.134462  17440	18.938	18.890	23.531	23.370	18.293	27.077	25.868	23.531	21.597	30.945	50.219	50.403	23.729	2924.715	0	0	0	0.00	-135.000	-135.000	225.000	36.527
2025-01-01T02:07:41.334316  17441	18.938	18.895	23.692	23.289	18.212	27.319	25.949	23.531	21.516	30.945	50.229	50.323	23.649	2913.532	0	0	0	0.00	-135.000	-135.000	225.000	36.527
2025-01-01T02:07:42.534425  17442	18.857	18.891	23.451	23.531	18.212	27.238	26.110	23.531	21.597	31.026	50.239	50.242	23.729	2923.874	0	0	0	0.00	-135.000	-135.000	225.000	36.527
2025-01-01T02:07:43.734401  17443	19.018	18.904	23.531	23.531	17.971	27.238	26.190	23.451	21.597	31.187	50.223	50.242	23.890	2892.394	0	0	0	0.00	-135.000	-135.000	225.000	36.527
2025-01-01T02:07:44.934653  17444	18.777	18.891	23.289	23.692	18.132	27.399	26.029	23.531	21.678	30.945	50.241	50.242	23.568	2925.461	0	0	0	0.00	-135.000	-135.000	225.000	36.527
2025-01-01T02:07:46.134678  17445	18.777	18.880	23.692	23.370	18.051	27.399	25.949	23.289	21.758	31.187	50.241	50.323	23.729	2954.893	0	0	0	0.00	-135.000	-135.000	225.000	36.527
2025-01-01T02:07:47.334542  17446	18.857	18.877	23.289	23.531	18.212	27.319	26.110	23.531	21.919	31.267	50.249	50.323	23.729	2961.175	0	0	0	0.00	-135.000	-135.000	225.000	36.527
2025-01-01T02:07:48.534851  17447	18.938	18.883	23.209	23.531	18.132	27.238	26.110	23.451	21.436	31.106	50.248	50.323	23.649	2946.729	0	0	0	0.00	-135.000	-135.000	225.000	36.527
2025-01-01T02:07:49.734619  17448	18.857	18.881	23.692	23.289	18.293	27.399	26.029	23.531	21.839	31.267	50.256	50.403	23.729	2954.294	0	0	0	0.00	-135.000	-135.000	225.000	36.527
2025-01-01T02:07:50.934723  17449	18.938	18.886	23.451	23.370	18.132	27.158	26.029	23.773	21.839	31.026	50.238	50.242	23.810	2940.679	0	0	0	0.00	-135.000	-135.000	225.000	36.527
2025-01-01T02:07:52.135045  17450	18.777	18.875	23.612	23.451	18.051	27.238	26.190	23.531	21.597	31.106	50.239	50.242	23.729	2969.355	0	0	0	0.00	-135.000	-135.000	225.000	36.527
2025-01-01T02:07:53.334978  17451	18.857	18.874	23.531	23.612	18.132	27.319	26.110	23.451	21.678	30.945	50.247	50.323	23.649	2974.634	0	0	0	0.00	-135.000	-135.000	225.000	36.527
2025-01-01T02:07:54.534920  17452	18.938	18.880	23.451	23.289	18.051	27.158	26.029	23.370	21.355	31.106	50.255	50.242	23.568	2959.283	0	0	0	0.00	-135.000	-135.000	225.000	36.527
2025-01-01T02:07:55.734850  17453	18.777	18.870	23.531	23.531	18.051	26.996	26.029	23.692	21.678	31.026	50.261	50.242	23.649	2986.398	0	0	0	0.00	-135.000	-135.000	225.000	36.527
2025-01-01T02:07:56.934939  17454	19.018	18.885	23.370	23.451	18.132	27.319	26.110	23.531	21.436	31.267	50.259	50.161	23.568	2949.547	0	0	0	0.00	-135.000	-135.000	225.000	36.527
2025-01-01T02:07:58.134912  17455	18.777	18.874	23.531	23.531	18.132	27.158	26.190	23.370	21.678	31.187	50.250	50.161	23.810	2977.943	0	0	0	0.00	-135.000	-135.000	225.000	36.527
2025-01-01T02:07:59.335021  17456	18.938	18.880	23.370	23.209	18.212	27.399	26.110	23.451	21.678	31.026	50.257	50.323	23.729	2962.444	0	0	0	0.00	-135.000	-135.000	225.000	36.527
2025-01-01T02:08:00.535211  17457	18.777	18.870	23.289	23.531	17.890	27.238	26.110	23.370	21.919	31.106	50.264	50.323	23.649	2989.588	0	0	0	0.00	-135.000	-135.000	225.000	36.527
2025-01-01T02:08:01.735109  17458	18.938	18.877	23.289	23.692	18.132	27.319	26.110	23.692	21.275	31.267	50.245	50.161	23.810	2973.124	0	0	0	0.00	-135.000	-135.000	225.000	36.527
2025-01-01T02:08:02.935227  17459	18.696	18.859	23.612	23.289	17.971	27.319	26.110	23.612	21.839	30.945	50.245	50.242	23.649	3019.763	0	0	0	0.00	-135.000	-135.000	225.000	36.527
2025-01-01T02:08:04.135207  17460	18.696	18.842	23.531	23.531	18.132	27.238	26.110	23.612	21.355	30.945	50.237	50.323	23.568	3061.467	0	0	0	0.00	-135.000	-135.000	225.000	36.527
2025-01-01T02:08:05.335176  17461	18.857	18.844	23.370	23.128	18.212	27.480	26.271	23.531	21.597	31.348	50.237	50.081	23.568	3058.486	0	0	0	0.00	-135.000	-135.000	225.000	36.527
2025-01-01T02:08:06.535219  17462	19.018	18.861	23.289	23.612	18.212	27.077	26.110	23.773	21.758	31.106	50.238	50.323	23.810	3015.498	0	0	0	0.00	-135.000	-135.000	225.000	36.527
2025-01-01T02:08:07.735390  17463	19.018	18.877	23.451	23.209	18.293	27.238	26.110	23.531	21.355	31.187	50.246	50.161	23.649	2977.118	0	0	0	0.00	-135.000	-135.000	225.000	36.527
2025-01-01T02:08:08.935367  17464	19.099	18.899	23.773	23.370	18.132	27.158	26.110	23.531	21.678	30.945	50.246	50.323	23.729	2922.200	0	0	0	0.00	-135.000	-135.000	225.000	36.527
2025-01-01T02:08:10.135358  17465	18.615	18.871	23.612	23.370	18.212	27.158	25.949	23.612	21.839	31.187	50.229	50.161	23.890	2995.050	0	0	0	0.00	-135.000	-135.000	225.000	36.527
2025-01-01T02:08:11.335403  17466	18.777	18.861	23.612	23.451	18.132	27.158	26.110	23.451	21.436	30.945	50.247	50.242	23.729	3019.188	0	0	0	0.00	-135.000	-135.000	225.000	36.527
2025-01-01T02:08:12.535428  17467	18.857	18.861	23.209	23.692	18.212	27.319	26.110	23.773	21.597	31.106	50.246	50.161	23.649	3021.030	0	0	0	0.00	-135.000	-135.000	225.000	36.527
2025-01-01T02:08:13.735477  17468	19.179	18.893	23.612	23.370	18.212	27.480	26.110	23.289	21.516	31.187	50.246	50.323	23.729	2941.494	0	0	0	0.00	-135.000	-135.000	225.000	36.527
2025-01-01T02:08:14.935519  17469	18.857	18.889	23.612	23.370	18.212	27.480	26.029	23.612	21.678	31.187	50.253	50.242	23.649	2951.885	0	0	0	0.00	-135.000	-135.000	225.000	36.527
2025-01-01T02:08:16.135557  17470	18.857	18.886	23.370	23.612	18.212	27.158	26.190	23.451	21.436	31.106	50.260	50.323	23.729	2960.692	0	0	0	0.00	-135.000	-135.000	225.000	36.527
2025-01-01T02:08:17.335737  17471	18.938	18.891	23.209	23.612	18.212	27.077	26.271	23.531	21.919	31.348	50.258	50.161	23.810	2948.354	0	0	0	0.00	-135.000	-135.000	225.000	36.527
2025-01-01T02:08:18.535650  17472	18.777	18.880	23.773	23.370	17.971	27.238	26.029	23.370	21.839	30.945	50.257	50.323	23.729	2978.182	0	0	0	0.00	-135.000	-135.000	225.000	36.527
2025-01-01T02:08:19.735758  17473	19.099	18.902	23.451	23.370	18.132	27.319	25.949	23.531	21.678	31.429	50.247	50.161	23.649	2923.405	0	0	0	0.00	-135.000	-135.000	225.000	36.527
2025-01-01T02:08:20.935997  17474	18.938	18.905	23.853	23.531	18.051	27.238	25.949	23.773	21.436	31.429	50.247	50.161	23.568	2915.408	0	0	0	0.00	-135.000	-135.000	225.000	36.527
2025-01-01T02:08:22.136147  17475	18.857	18.900	23.370	23.370	18.051	27.319	26.029	23.370	21.758	31.187	50.246	50.161	23.729	2928.299	0	0	0	0.00	-135.000	-135.000	225.000	36.527
2025-01-01T02:08:23.335812  17476	18.696	18.880	23.773	23.370	17.890	27.560	25.949	23.531	21.839	31.026	50.230	50.242	23.729	2980.564	0	0	0	0.00	-135.000	-135.000	225.000	36.527
2025-01-01T02:08:24.536012  17477	18.696	18.862	23.612	23.531	18.132	27.319	26.110	23.773	21.516	30.945	50.231	50.323	23.649	3027.497	0	0	0	0.00	-135.000	-135.000	225.000	36.527
2025-01-01T02:08:25.735973  17478	19.099	18.885	23.531	23.612	18.132	27.077	26.110	23.531	21.758	31.348	50.216	50.242	23.729	2968.129	0	0	0	0.00	-135.000	-135.000	225.000	36.527
2025-01-01T02:08:26.936019  17479	18.696	18.866	23.692	23.451	18.132	27.399	26.190	23.612	21.355	31.187	50.202	50.242	23.810	3017.253	0	0	0	0.00	-135.000	-135.000	225.000	36.527
2025-01-01T02:08:28.136053  17480	19.018	18.882	23.451	23.692	18.132	27.158	26.190	23.692	21.839	31.348	50.190	50.081	23.810	2979.415	0	0	0	0.00	-135.000	-135.000	225.000	36.527
2025-01-01T02:08:29.336103  17481	18.696	18.863	23.692	23.451	17.971	27.077	26.190	23.370	21.516	31.106	50.187	50.242	23.810	3027.450	0	0	0	0.00	-135.000	-135.000	225.000	36.527
2025-01-01T02:08:30.536214  17482	18.857	18.862	23.692	23.451	18.212	27.399	26.190	23.451	21.678	31.106	50.185	50.161	23.649	3029.522	0	0	0	0.00	-135.000	-135.000	225.000	36.527
2025-01-01T02:08:31.736320  17483	19.099	18.886	23.451	23.451	18.132	27.399	26.110	23.853	21.597	31.348	50.182	50.242	23.649	2970.717	0	0	0	0.00	-135.000	-135.000	225.000	36.527
2025-01-01T02:08:32.936425  17484	18.938	18.891	23.692	23.612	18.212	27.399	26.029	23.531	21.516	31.026	50.172	50.161	23.810	2958.935	0	0	0	0.00	-135.000	-135.000	225.000	36.527
2025-01-01T02:08:34.136285  17485	18.857	18.888	23.370	23.451	18.212	27.399	26.110	23.370	21.355	31.267	50.179	50.161	23.568	2968.417	0	0	0	0.00	-135.000	-135.000	225.000	36.527
2025-01-01T02:08:35.336247  17486	19.018	18.901	23.934	23.370	18.051	27.077	26.029	23.773	21.436	30.945	50.185	50.323	23.729	2936.161	0	0	0	0.00	-135.000	-135.000	225.000	36.527
2025-01-01T02:08:36.536358  17487	18.938	18.905	23.934	23.612	18.051	27.319	25.949	23.451	21.758	31.187	50.183	50.161	23.649	2927.804	0	0	0	0.00	-135.000	-135.000	225.000	36.527
2025-01-01T02:08:37.736344  17488	19.018	18.916	23.773	23.531	18.132	27.319	26.271	23.692	21.516	31.026	50.173	50.161	23.810	2899.800	0	0	0	0.00	-135.000	-135.000	225.000	36.527
2025-01-01T02:08:38.936390  17489	18.857	18.910	23.773	23.289	18.374	27.319	26.271	23.451	21.516	31.187	50.172	50.161	23.649	2915.471	0	0	0	0.00	-135.000	-135.000	225.000	36.527
2025-01-01T02:08:40.136486  17490	19.018	18.921	23.934	23.451	18.293	27.238	26.271	23.531	21.597	30.784	50.163	50.161	23.810	2888.625	0	0	0	0.00	-135.000	-135.000	225.000	36.527
2025-01-01T02:08:41.336531  17491	18.777	18.906	23.692	23.370	18.212	27.319	26.110	23.612	21.597	31.106	50.154	50.161	23.971	2925.868	0	0	0	0.00	-135.000	-135.000	225.000	36.527
2025-01-01T02:08:42.536584  17492	18.777	18.893	23.531	23.451	18.132	27.238	26.352	23.370	21.436	31.106	50.147	50.161	23.971	2959.057	0	0	0	0.00	-135.000	-135.000	225.000	36.527
2025-01-01T02:08:43.736559  17493	18.938	18.898	23.773	23.531	18.212	27.319	26.271	23.531	21.436	31.106	50.148	50.242	23.810	2948.356	0	0	0	0.00	-135.000	-135.000	225.000	36.527
2025-01-01T02:08:44.936607  17494	19.099	18.918	23.773	23.531	18.454	27.399	26.352	23.612	21.678	31.026	50.142	50.242	23.890	2898.363	0	0	0	0.00	-135.000	-135.000	225.000	36.527
2025-01-01T02:08:46.136645  17495	19.018	18.928	23.853	23.773	18.293	27.238	26.271	23.612	21.839	31.187	50.152	50.161	23.729	2873.986	0	0	0	0.00	-135.000	-135.000	225.000	36.527
2025-01-01T02:08:47.336753  17496	18.938	18.929	23.612	23.289	18.212	27.158	26.352	23.692	21.758	31.429	50.161	50.242	23.649	2872.237	0	0	0	0.00	-135.000	-135.000	225.000	36.527
2025-01-01T02:08:48.536740  17497	19.018	18.938	23.612	23.612	18.293	27.238	26.190	23.451	21.516	31.187	50.169	50.242	23.568	2850.182	0	0	0	0.00	-135.000	-135.000	225.000	36.527
2025-01-01T02:08:49.736761  17498	18.857	18.930	23.692	23.773	18.374	27.077	26.110	23.612	22.000	31.187	50.168	50.242	23.810	2871.208	0	0	0	0.00	-135.000	-135.000	225.000	36.527
2025-01-01T02:08:50.936880  17499	18.857	18.923	23.934	23.612	18.212	27.319	26.271	23.451	21.758	31.026	50.176	50.323	23.649	2889.910	0	0	0	0.00	-135.000	-135.000	225.000	36.527
2025-01-01T02:08:52.136966  17500	18.857	18.916	24.015	23.531	18.132	27.399	26.190	23.773	21.839	30.945	50.182	50.323	23.649	2906.844	0	0	0	0.00	-135.000	-135.000	225.000	36.527
2025-01-01T02:08:53.336903  17501	18.938	18.918	23.853	23.612	18.293	27.319	26.110	23.853	21.275	31.187	50.180	50.242	23.810	2901.821	0	0	0	0.00	-135.000	-135.000	225.000	36.527
2025-01-01T02:08:54.537012  17502	19.099	18.936	23.853	23.531	18.293	27.319	26.190	23.612	21.839	31.348	50.178	50.242	23.810	2856.773	0	0	0	0.00	-135.000	-135.000	225.000	36.527
2025-01-01T02:08:55.736980  17503	19.018	18.944	24.015	23.531	18.212	27.238	26.190	23.934	21.839	30.864	50.177	50.161	23.810	2836.850	0	0	0	0.00	-135.000	-135.000	225.000	36.527
2025-01-01T02:08:56.937362  17504	19.099	18.960	23.853	23.370	18.535	27.319	26.110	23.289	21.758	31.267	50.175	50.081	23.568	2798.381	0	0	0	0.00	-135.000	-135.000	225.000	36.527
2025-01-01T02:08:58.137161  17505	18.777	18.942	23.934	23.531	18.212	27.480	26.029	23.612	21.758	31.187	50.174	50.242	23.810	2845.304	0	0	0	0.00	-135.000	-135.000	225.000	36.527
2025-01-01T02:08:59.337173  17506	18.938	18.941	23.531	23.370	18.374	27.319	26.271	23.692	21.678	31.106	50.180	50.081	23.649	2846.320	0	0	0	0.00	-135.000	-135.000	225.000	36.527
2025-01-01T02:09:00.537180  17507	18.857	18.933	23.773	23.612	18.374	27.319	26.271	23.531	21.839	31.106	50.195	50.403	23.729	2867.965	0	0	0	0.00	-135.000	-135.000	225.000	36.527
2025-01-01T02:09:01.737201  17508	18.938	18.933	23.773	23.531	18.454	27.399	26.190	23.451	21.597	31.106	50.175	50.161	23.729	2867.019	0	0	0	0.00	-135.000	-135.000	225.000	36.527
2025-01-01T02:09:02.937449  17509	18.938	18.934	23.773	23.692	18.535	27.319	26.190	23.612	21.919	31.106	50.174	50.242	23.729	2866.373	0	0	0	0.00	-135.000	-135.000	225.000	36.527
2025-01-01T02:09:04.137366  17510	18.938	18.934	23.612	23.451	18.293	27.238	26.432	23.853	21.919	31.348	50.181	50.242	23.890	2865.833	0	0	0	0.00	-135.000	-135.000	225.000	36.527
2025-01-01T02:09:05.337399  17511	19.018	18.943	24.015	23.451	18.454	27.158	26.352	23.773	21.516	31.026	50.171	50.161	23.890	2845.027	0	0	0	0.00	-135.000	-135.000	225.000	36.527
2025-01-01T02:09:06.537482  17512	19.018	18.950	23.692	23.289	18.535	27.319	26.513	23.692	21.758	31.267	50.170	50.242	23.649	2826.453	0	0	0	0.00	-135.000	-135.000	225.000	36.527
2025-01-01T02:09:07.737418  17513	18.857	18.941	23.692	23.692	18.293	27.158	26.432	23.531	21.758	31.187	50.169	50.323	23.810	2850.451	0	0	0	0.00	-135.000	-135.000	225.000	36.527
2025-01-01T02:09:08.937460  17514	19.018	18.949	23.531	23.692	18.374	27.158	26.190	23.451	21.597	31.429	50.168	50.242	23.729	2831.096	0	0	0	0.00	-135.000	-135.000	225.000	36.527
2025-01-01T02:09:10.137498  17515	19.099	18.964	23.692	23.692	18.374	27.238	26.271	23.773	22.000	31.026	50.192	50.403	23.729	2793.625	0	0	0	0.00	-135.000	-135.000	225.000	36.527
2025-01-01T02:09:11.337544  17516	19.099	18.977	23.612	23.612	18.454	27.158	26.352	23.370	21.597	31.106	50.197	50.242	23.729	2759.993	0	0	0	0.00	-135.000	-135.000	225.000	36.527
2025-01-01T02:09:12.537597  17517	19.260	19.005	23.853	23.692	18.293	27.319	26.190	23.692	21.758	31.267	50.201	50.323	23.568	2688.926	0	0	0	0.00	-135.000	-135.000	225.000	36.527
2025-01-01T02:09:13.737701  17518	19.099	19.015	23.612	23.531	18.454	27.238	26.352	23.853	21.516	31.187	50.205	50.242	23.649	2665.836	0	0	0	0.00	-135.000	-135.000	225.000	36.527
2025-01-01T02:09:14.937673  17519	19.018	19.015	23.773	23.451	18.454	27.158	26.432	23.934	22.081	31.187	50.193	50.161	23.810	2665.028	0	0	0	0.00	-135.000	-135.000	225.000	36.527
2025-01-01T02:09:16.137734  17520	19.099	19.024	23.612	23.370	18.535	27.158	26.352	23.289	21.597	31.267	50.190	50.161	23.729	2643.760	0	0	0	0.00	-135.000	-135.000	225.000	36.527
2025-01-01T02:09:17.338066  17521	19.179	19.039	23.451	23.451	18.535	27.560	26.271	23.692	21.839	31.429	50.195	50.081	23.649	2604.346	0	0	0	0.00	-135.000	-135.000	225.000	36.527
2025-01-01T02:09:18.537878  17522	19.018	19.037	23.451	23.370	18.454	27.480	26.271	23.612	21.678	31.429	50.183	50.161	23.729	2609.638	0	0	0	0.00	-135.000	-135.000	225.000	36.527
2025-01-01T02:09:19.737844  17523	18.777	19.011	23.692	23.612	18.374	27.399	26.190	23.531	21.919	31.187	50.181	50.242	23.810	2675.158	0	0	0	0.00	-135.000	-135.000	225.000	36.527
2025-01-01T02:09:20.937891  17524	18.938	19.004	23.451	23.370	18.374	27.158	26.271	23.451	21.758	31.187	50.179	50.242	23.649	2693.068	0	0	0	0.00	-135.000	-135.000	225.000	36.527
2025-01-01T02:09:22.137970  17525	19.099	19.013	23.370	23.692	18.374	27.158	26.190	23.531	21.758	31.429	50.186	50.161	23.649	2668.825	0	0	0	0.00	-135.000	-135.000	225.000	36.527
2025-01-01T02:09:23.338036  17526	19.099	19.022	23.612	23.692	18.374	27.319	26.271	23.451	22.000	31.026	50.175	50.323	23.890	2647.263	0	0	0	0.00	-135.000	-135.000	225.000	36.527
2025-01-01T02:09:24.538024  17527	19.099	19.029	23.612	23.451	18.454	27.399	26.190	23.934	21.758	31.429	50.174	50.242	23.729	2627.786	0	0	0	0.00	-135.000	-135.000	225.000	36.527
2025-01-01T02:09:25.738065  17528	19.018	19.028	23.451	23.773	18.293	27.158	26.190	23.531	21.758	31.187	50.181	50.403	23.729	2630.553	0	0	0	0.00	-135.000	-135.000	225.000	36.527
2025-01-01T02:09:26.938104  17529	19.099	19.035	23.289	23.451	18.454	27.319	26.271	23.451	21.436	31.509	50.187	50.242	23.729	2612.504	0	0	0	0.00	-135.000	-135.000	225.000	36.527
2025-01-01T02:09:28.138148  17530	19.099	19.042	23.451	23.531	18.454	27.319	26.352	23.370	21.597	31.348	50.192	50.323	23.649	2596.352	0	0	0	0.00	-135.000	-135.000	225.000	36.527
2025-01-01T02:09:29.338344  17531	19.099	19.047	23.451	23.612	18.454	26.996	26.190	23.773	21.839	31.429	50.197	50.323	23.810	2581.746	0	0	0	0.00	-135.000	-135.000	225.000	36.527
2025-01-01T02:09:30.538244  17532	18.857	19.028	23.370	23.531	18.293	27.319	26.190	23.531	21.597	31.429	50.194	50.242	23.810	2629.626	0	0	0	0.00	-135.000	-135.000	225.000	36.527
2025-01-01T02:09:31.738440  17533	19.099	19.035	23.370	23.612	18.374	27.238	26.432	23.773	21.839	31.267	50.198	50.161	23.649	2611.241	0	0	0	0.00	-135.000	-135.000	225.000	36.527
2025-01-01T02:09:32.938405  17534	18.938	19.026	23.531	23.531	18.535	27.158	26.271	23.531	21.919	31.267	50.187	50.242	23.810	2635.836	0	0	0	0.00	-135.000	-135.000	225.000	36.527
2025-01-01T02:09:34.138513  17535	18.857	19.009	23.612	23.692	18.293	27.399	26.190	23.451	21.758	31.106	50.176	50.161	23.890	2678.058	0	0	0	0.00	-135.000	-135.000	225.000	36.527
2025-01-01T02:09:35.338432  17536	18.938	19.002	23.531	23.451	18.293	27.238	26.190	23.692	21.758	31.348	50.175	50.161	23.729	2695.632	0	0	0	0.00	-135.000	-135.000	225.000	36.527
2025-01-01T02:09:36.538473  17537	19.018	19.003	23.612	23.531	18.535	27.077	26.352	23.531	21.597	31.429	50.165	50.242	23.810	2691.289	0	0	0	0.00	-135.000	-135.000	225.000	36.527
2025-01-01T02:09:37.738562  17538	19.260	19.029	23.531	23.370	18.615	27.399	26.352	23.531	21.919	31.429	50.173	50.161	23.729	2626.438	0	0	0	0.00	-135.000	-135.000	225.000	36.527
2025-01-01T02:09:38.938671  17539	19.179	19.044	23.612	23.612	18.454	27.158	26.432	23.370	21.919	31.348	50.180	50.242	23.810	2588.738	0	0	0	0.00	-135.000	-135.000	225.000	36.527
2025-01-01T02:09:40.138774  17540	19.018	19.042	23.692	23.612	18.374	27.158	26.190	23.451	21.678	31.106	50.170	50.161	23.890	2595.246	0	0	0	0.00	-135.000	-135.000	225.000	36.527
2025-01-01T02:09:41.338627  17541	19.260	19.063	23.209	23.692	18.535	27.158	26.352	23.692	21.597	31.348	50.177	50.161	23.568	2539.678	0	0	0	0.00	-135.000	-135.000	225.000	36.527
2025-01-01T02:09:42.538670  17542	19.099	19.067	23.370	23.853	18.454	27.238	26.352	23.773	21.597	31.267	50.192	50.242	23.810	2530.697	0	0	0	0.00	-135.000	-135.000	225.000	36.527
2025-01-01T02:09:43.738705  17543	19.179	19.078	23.451	23.612	18.454	27.399	26.513	23.853	22.000	31.348	50.205	50.161	23.649	2501.857	0	0	0	0.00	-135.000	-135.000	225.000	36.527
2025-01-01T02:09:44.938880  17544	19.018	19.072	23.370	23.612	18.535	27.238	26.432	23.209	21.839	31.026	50.208	50.242	23.729	2516.665	0	0	0	0.00	-135.000	-135.000	225.000	36.527
2025-01-01T02:09:46.138805  17545	19.179	19.083	23.612	23.612	18.535	27.480	26.271	23.451	21.839	31.267	50.204	50.403	23.729	2488.928	0	0	0	0.00	-135.000	-135.000	225.000	36.527
2025-01-01T02:09:47.338913  17546	19.341	19.109	23.531	23.370	18.615	27.399	26.271	23.289	21.758	31.429	50.200	50.323	23.729	2423.436	0	0	0	0.00	-135.000	-135.000	225.000	36.527
2025-01-01T02:09:48.538881  17547	19.099	19.108	23.209	23.773	18.777	27.319	26.352	23.773	21.597	31.509	50.196	50.242	23.810	2425.667	0	0	0	0.00	-135.000	-135.000	225.000	36.527
2025-01-01T02:09:49.738924  17548	19.341	19.131	23.370	23.692	18.454	27.399	26.190	23.289	21.758	31.509	50.208	50.242	23.649	2366.029	0	0	0	0.00	-135.000	-135.000	225.000	36.527
2025-01-01T02:09:50.939050  17549	19.260	19.144	23.370	23.531	18.535	27.238	26.352	23.773	21.678	31.187	50.204	50.242	23.729	2332.966	0	0	0	0.00	-135.000	-135.000	225.000	36.527
2025-01-01T02:09:52.139011  17550	19.018	19.131	23.209	23.692	18.615	27.238	26.432	23.531	21.839	31.429	50.199	50.161	23.810	2363.956	0	0	0	0.00	-135.000	-135.000	225.000	36.527
2025-01-01T02:09:53.339257  17551	19.179	19.136	22.967	23.612	18.535	27.238	26.271	23.451	21.597	31.348	50.204	50.161	23.649	2350.624	0	0	0	0.00	-135.000	-135.000	225.000	36.527
2025-01-01T02:09:54.539104  17552	19.179	19.141	23.289	23.612	18.615	27.238	26.513	23.612	22.081	31.348	50.216	50.323	23.649	2338.821	0	0	0	0.00	-135.000	-135.000	225.000	36.527
2025-01-01T02:09:55.739213  17553	19.018	19.128	23.128	23.612	18.374	27.158	26.432	23.531	21.758	31.106	50.194	50.161	23.971	2368.801	0	0	0	0.00	-135.000	-135.000	225.000	36.527
2025-01-01T02:09:56.939244  17554	19.099	19.125	23.370	23.692	18.293	27.399	26.352	23.692	22.000	31.026	50.191	50.242	23.890	2375.086	0	0	0	0.00	-135.000	-135.000	225.000	36.527
2025-01-01T02:09:58.139305  17555	19.260	19.139	23.128	23.531	18.454	27.238	26.432	23.531	21.758	31.267	50.188	50.323	23.810	2340.107	0	0	0	0.00	-135.000	-135.000	225.000	36.527
2025-01-01T02:09:59.339349  17556	19.099	19.135	23.128	23.612	18.615	27.319	26.432	23.531	21.516	31.187	50.177	50.161	23.971	2349.492	0	0	0	0.00	-135.000	-135.000	225.000	36.527
2025-01-01T02:10:00.539319  17557	19.018	19.123	23.370	23.451	18.696	27.077	26.513	23.773	21.919	31.267	50.184	50.323	23.729	2377.913	0	0	0	0.00	-135.000	-135.000	225.000	36.527
2025-01-01T02:10:01.739621  17558	19.179	19.129	23.451	23.451	18.535	27.238	26.352	23.773	21.678	31.348	50.197	50.323	23.810	2362.590	0	0	0	0.00	-135.000	-135.000	225.000	36.527
2025-01-01T02:10:02.939534  17559	19.099	19.126	23.289	23.612	18.615	27.238	26.513	23.773	21.839	31.267	50.202	50.323	23.890	2369.358	0	0	0	0.00	-135.000	-135.000	225.000	36.527
2025-01-01T02:10:04.139516  17560	19.018	19.115	23.048	23.612	18.615	27.238	26.432	23.451	21.839	31.187	50.206	50.161	23.729	2395.582	0	0	0	0.00	-135.000	-135.000	225.000	36.527
2025-01-01T02:10:05.339628  17561	19.341	19.138	23.289	23.773	18.696	27.238	26.271	23.531	21.678	31.348	50.218	50.323	23.729	2337.552	0	0	0	0.00	-135.000	-135.000	225.000	36.527
2025-01-01T02:10:06.540284  17562	19.099	19.134	22.967	23.692	18.535	27.319	26.513	23.531	21.839	31.187	50.220	50.323	23.810	2346.825	0	0	0	0.00	-135.000	-135.000	225.000	36.527
2025-01-01T02:10:07.741538  17563	19.179	19.138	23.048	23.612	18.535	27.238	26.513	23.773	21.919	31.267	50.214	50.323	23.890	2334.253	0	0	0	0.00	-135.000	-135.000	225.000	36.527
2025-01-01T02:10:08.942424  17564	19.018	19.126	23.209	23.692	18.535	27.238	26.190	23.451	21.839	31.348	50.217	50.081	23.810	2363.702	0	0	0	0.00	-135.000	-135.000	225.000	36.527
2025-01-01T02:10:10.143400  17565	19.018	19.116	23.289	23.773	18.535	27.158	26.432	23.692	22.000	31.026	50.211	50.161	23.890	2389.873	0	0	0	0.00	-135.000	-135.000	225.000	36.527
2025-01-01T02:10:11.344090  17566	19.018	19.106	23.048	23.692	18.696	26.916	26.513	23.853	21.678	31.509	50.214	50.161	23.729	2413.415	0	0	0	0.00	-135.000	-135.000	225.000	36.527
2025-01-01T02:10:12.543750  17567	19.099	19.105	23.048	23.692	18.535	27.238	26.513	23.451	21.758	31.106	50.217	50.323	23.729	2414.225	0	0	0	0.00	-135.000	-135.000	225.000	36.527
2025-01-01T02:10:13.743970  17568	19.260	19.121	22.967	23.531	18.454	27.238	26.190	23.853	21.839	31.670	50.212	50.242	23.810	2374.319	0	0	0	0.00	-135.000	-135.000	225.000	36.527
2025-01-01T02:10:14.943898  17569	19.179	19.127	23.128	23.934	18.696	26.996	26.432	23.692	21.758	31.509	50.215	50.242	23.810	2358.905	0	0	0	0.00	-135.000	-135.000	225.000	36.527
2025-01-01T02:10:16.144195  17570	19.099	19.124	23.048	23.773	18.696	27.158	26.190	23.692	21.758	31.509	50.209	50.323	23.729	2365.112	0	0	0	0.00	-135.000	-135.000	225.000	36.527
2025-01-01T02:10:17.343915  17571	19.341	19.145	23.048	23.692	18.615	27.238	26.593	23.531	22.000	31.267	50.196	50.161	23.890	2309.374	0	0	0	0.00	-135.000	-135.000	225.000	36.527
2025-01-01T02:10:18.544016  17572	19.179	19.149	22.725	23.692	18.777	27.319	26.352	23.612	21.678	31.348	50.193	50.161	23.729	2300.182	0	0	0	0.00	-135.000	-135.000	225.000	36.527
2025-01-01T02:10:19.744066  17573	19.179	19.152	23.048	23.773	18.777	27.399	26.513	23.531	21.839	31.187	50.206	50.323	23.810	2291.462	0	0	0	0.00	-135.000	-135.000	225.000	36.527
2025-01-01T02:10:20.944060  17574	19.099	19.147	22.967	23.773	18.615	27.319	26.352	23.853	21.839	31.267	50.201	50.323	23.729	2303.855	0	0	0	0.00	-135.000	-135.000	225.000	36.527
2025-01-01T02:10:22.144098  17575	19.099	19.142	22.886	23.531	18.857	27.238	26.432	23.612	21.597	31.106	50.189	50.242	23.971	2314.777	0	0	0	0.00	-135.000	-135.000	225.000	36.527
2025-01-01T02:10:23.344140  17576	19.179	19.146	23.209	23.531	18.454	27.238	26.432	23.531	21.758	31.026	50.195	50.242	23.810	2304.174	0	0	0	0.00	-135.000	-135.000	225.000	36.527
2025-01-01T02:10:24.544179  17577	19.179	19.149	23.048	23.773	18.696	27.238	26.352	23.370	21.919	31.267	50.207	50.242	23.810	2294.666	0	0	0	0.00	-135.000	-135.000	225.000	36.527
2025-01-01T02:10:25.744692  17578	19.179	19.152	22.806	23.531	18.777	27.238	26.271	23.612	21.839	31.429	50.211	50.242	23.810	2285.983	0	0	0	0.00	-135.000	-135.000	225.000	36.527
2025-01-01T02:10:26.944274  17579	19.179	19.155	23.128	23.773	18.615	27.158	26.271	23.451	21.597	31.429	50.222	50.323	23.890	2278.044	0	0	0	0.00	-135.000	-135.000	225.000	36.527
2025-01-01T02:10:28.144721  17580	19.260	19.165	22.967	23.773	18.696	26.996	26.432	23.451	21.678	31.670	50.224	50.161	23.810	2250.410	0	0	0	0.00	-135.000	-135.000	225.000	36.527
2025-01-01T02:10:29.344358  17581	19.341	19.183	22.886	23.692	18.615	27.158	26.432	23.612	21.597	31.429	50.218	50.323	23.729	2205.154	0	0	0	0.00	-135.000	-135.000	225.000	36.527
2025-01-01T02:10:30.544468  17582	19.341	19.199	22.725	23.692	18.696	27.319	26.352	23.612	21.839	31.187	50.228	50.242	23.729	2164.346	0	0	0	0.00	-135.000	-135.000	225.000	36.527
2025-01-01T02:10:31.744718  17583	19.341	19.213	22.886	23.773	18.777	27.319	26.513	23.692	21.678	31.348	50.230	50.242	23.729	2127.377	0	0	0	0.00	-135.000	-135.000	225.000	36.527
2025-01-01T02:10:32.944689  17584	19.341	19.226	22.967	23.692	18.696	27.158	26.513	23.531	21.597	31.106	50.231	50.242	23.729	2093.869	0	0	0	0.00	-135.000	-135.000	225.000	36.527
2025-01-01T02:10:34.144536  17585	19.099	19.213	22.806	23.612	18.615	27.319	26.271	23.934	21.839	31.106	50.232	50.242	23.971	2124.564	0	0	0	0.00	-135.000	-135.000	225.000	36.527
2025-01-01T02:10:35.344601  17586	19.341	19.226	22.725	23.934	18.696	27.238	26.432	23.934	21.678	31.348	50.233	50.161	23.810	2090.546	0	0	0	0.00	-135.000	-135.000	225.000	36.527
2025-01-01T02:10:36.544614  17587	19.179	19.221	22.564	23.451	18.696	27.238	26.513	23.853	21.839	31.267	50.226	50.161	23.810	2100.900	0	0	0	0.00	-135.000	-135.000	225.000	36.527
2025-01-01T02:10:37.744696  17588	19.179	19.217	22.806	23.773	18.615	27.158	26.513	23.451	22.000	31.348	50.227	50.242	23.890	2109.772	0	0	0	0.00	-135.000	-135.000	225.000	36.527
2025-01-01T02:10:38.944701  17589	19.179	19.213	22.564	23.531	18.615	27.158	26.271	23.451	21.758	31.267	50.221	50.161	23.890	2117.631	0	0	0	0.00	-135.000	-135.000	225.000	36.527
2025-01-01T02:10:40.144738  17590	19.099	19.202	22.806	23.612	18.535	27.319	26.352	23.612	21.839	31.106	50.207	50.242	23.971	2144.945	0	0	0	0.00	-135.000	-135.000	225.000	36.527
2025-01-01T02:10:41.344758  17591	19.099	19.191	22.403	23.531	18.454	27.319	26.432	23.773	21.839	31.429	50.210	50.161	23.729	2169.297	0	0	0	0.00	-135.000	-135.000	225.000	36.527
2025-01-01T02:10:42.544831  17592	19.260	19.198	22.725	23.612	18.535	27.399	26.271	23.853	21.597	31.187	50.222	50.403	23.971	2150.414	0	0	0	0.00	-135.000	-135.000	225.000	36.527
2025-01-01T02:10:43.744933  17593	19.179	19.196	22.806	23.612	18.696	27.158	26.271	23.934	21.919	31.187	50.216	50.242	23.810	2153.925	0	0	0	0.00	-135.000	-135.000	225.000	36.527
2025-01-01T02:10:44.944985  17594	19.099	19.187	22.564	23.612	18.374	27.399	26.352	23.612	21.839	31.106	50.202	50.242	23.971	2177.161	0	0	0	0.00	-135.000	-135.000	225.000	36.527
2025-01-01T02:10:46.145401  17595	19.018	19.170	22.725	23.612	18.293	27.480	26.271	23.773	21.919	31.026	50.214	50.323	23.890	2218.209	0	0	0	0.00	-135.000	-135.000	225.000	36.527
2025-01-01T02:10:47.345073  17596	19.099	19.163	22.564	23.612	18.374	27.480	26.271	23.289	21.516	31.429	50.209	50.242	23.729	2234.613	0	0	0	0.00	-135.000	-135.000	225.000	36.527
2025-01-01T02:10:48.545367  17597	19.099	19.156	22.484	23.612	18.293	27.238	26.513	23.612	21.678	31.106	50.196	50.081	23.971	2249.469	0	0	0	0.00	-135.000	-135.000	225.000	36.527
2025-01-01T02:10:49.745151  17598	19.099	19.151	22.564	23.692	18.615	27.238	26.352	24.015	21.758	31.429	50.201	50.323	23.890	2262.769	0	0	0	0.00	-135.000	-135.000	225.000	36.527
2025-01-01T02:10:50.945266  17599	19.179	19.154	22.403	23.692	18.615	27.319	26.432	23.451	21.758	31.348	50.189	50.161	24.051	2254.307	0	0	0	0.00	-135.000	-135.000	225.000	36.527
2025-01-01T02:10:52.145241  17600	19.260	19.164	22.645	23.773	18.535	27.158	26.513	23.934	21.678	31.187	50.186	50.242	23.810	2226.361	0	0	0	0.00	-135.000	-135.000	225.000	36.527
2025-01-01T02:10:53.345471  17601	19.260	19.174	22.564	23.531	18.615	27.319	26.352	23.370	21.919	31.267	50.192	50.081	23.810	2201.191	0	0	0	0.00	-135.000	-135.000	225.000	36.527
2025-01-01T02:10:54.545525  17602	19.018	19.158	22.806	23.692	18.615	27.480	26.432	23.853	21.839	31.187	50.188	50.161	23.810	2239.448	0	0	0	0.00	-135.000	-135.000	225.000	36.527
2025-01-01T02:10:55.745548  17603	19.018	19.144	22.564	23.612	18.454	27.319	26.352	23.612	21.597	31.106	50.202	50.161	23.729	2273.384	0	0	0	0.00	-135.000	-135.000	225.000	36.527
2025-01-01T02:10:56.945409  17604	19.341	19.164	22.806	23.853	18.615	27.480	26.432	23.612	21.919	31.267	50.214	50.323	23.810	2222.455	0	0	0	0.00	-135.000	-135.000	225.000	36.527
2025-01-01T02:10:58.145467  17605	19.179	19.165	22.645	23.692	18.374	27.399	26.432	23.612	21.597	31.348	50.193	50.242	23.971	2217.753	0	0	0	0.00	-135.000	-135.000	225.000	36.527
2025-01-01T02:10:59.345573  17606	19.179	19.167	22.967	23.612	18.615	27.238	26.432	23.531	21.597	31.106	50.189	50.323	23.810	2213.074	0	0	0	0.00	-135.000	-135.000	225.000	36.527
2025-01-01T02:11:00.545461  17607	19.260	19.176	22.725	23.612	18.777	27.319	26.432	23.692	21.678	31.187	50.187	50.242	23.971	2188.374	0	0	0	0.00	-135.000	-135.000	225.000	36.527
2025-01-01T02:11:01.745915  17608	19.341	19.193	22.806	23.531	18.696	27.158	26.352	23.531	21.919	31.348	50.184	50.242	23.890	2145.756	0	0	0	0.00	-135.000	-135.000	225.000	36.527
2025-01-01T02:11:02.945815  17609	19.260	19.199	22.886	23.612	18.615	27.238	26.352	23.612	21.919	31.267	50.190	50.242	23.890	2127.689	0	0	0	0.00	-135.000	-135.000	225.000	36.527
2025-01-01T02:11:04.146065  17610	19.341	19.213	22.645	23.612	18.615	27.238	26.432	23.612	21.758	31.348	50.187	50.323	23.810	2090.723	0	0	0	0.00	-135.000	-135.000	225.000	36.527
2025-01-01T02:11:05.345786  17611	19.099	19.202	22.725	23.692	18.777	27.158	26.593	23.692	21.919	31.348	50.184	50.403	23.810	2118.464	0	0	0	0.00	-135.000	-135.000	225.000	36.527
2025-01-01T02:11:06.545696  17612	19.099	19.192	22.886	23.612	18.535	27.319	26.271	23.773	21.919	31.267	50.182	50.242	23.971	2142.882	0	0	0	0.00	-135.000	-135.000	225.000	36.527
2025-01-01T02:11:07.745800  17613	19.179	19.190	22.725	23.692	18.696	27.238	26.674	23.612	21.919	31.509	50.172	50.242	23.890	2144.423	0	0	0	0.00	-135.000	-135.000	225.000	36.527
2025-01-01T02:11:08.946274  17614	19.341	19.206	22.645	23.853	18.615	27.238	26.593	23.531	21.678	31.106	50.171	50.161	24.051	2105.118	0	0	0	0.00	-135.000	-135.000	225.000	36.527
2025-01-01T02:11:10.145958  17615	19.099	19.195	22.645	23.692	18.454	27.319	26.271	23.612	21.758	31.106	50.178	50.323	23.810	2130.918	0	0	0	0.00	-135.000	-135.000	225.000	36.527
2025-01-01T02:11:11.345975  17616	19.260	19.201	22.564	23.853	18.454	27.238	26.593	23.853	21.516	31.348	50.184	50.242	23.810	2112.857	0	0	0	0.00	-135.000	-135.000	225.000	36.527
2025-01-01T02:11:12.545912  17617	19.341	19.215	22.403	23.692	18.615	27.399	26.593	23.853	21.516	31.187	50.174	50.161	23.971	2076.379	0	0	0	0.00	-135.000	-135.000	225.000	36.527
2025-01-01T02:11:13.746151  17618	19.099	19.204	22.725	23.773	18.535	27.399	26.432	23.531	22.000	31.267	50.173	50.161	23.890	2104.566	0	0	0	0.00	-135.000	-135.000	225.000	36.527
2025-01-01T02:11:14.946213  17619	19.018	19.185	22.403	23.612	18.535	27.399	26.352	23.612	21.597	31.187	50.164	50.242	23.890	2149.742	0	0	0	0.00	-135.000	-135.000	225.000	36.527
2025-01-01T02:11:16.146067  17620	19.018	19.168	22.645	23.934	18.374	27.238	26.513	23.853	22.000	31.106	50.171	50.242	23.729	2190.230	0	0	0	0.00	-135.000	-135.000	225.000	36.527
2025-01-01T02:11:17.346141  17621	19.099	19.161	22.403	23.773	18.777	27.319	26.352	23.692	21.516	31.267	50.178	50.161	23.890	2206.290	0	0	0	0.00	-135.000	-135.000	225.000	36.527
2025-01-01T02:11:18.546261  17622	19.099	19.155	22.322	23.853	18.454	27.238	26.513	23.531	21.919	31.267	50.185	50.323	23.890	2220.835	0	0	0	0.00	-135.000	-135.000	225.000	36.527
2025-01-01T02:11:19.746533  17623	19.260	19.166	22.645	23.853	18.615	27.319	26.593	23.853	21.839	31.267	50.199	50.323	23.810	2193.128	0	0	0	0.00	-135.000	-135.000	225.000	36.527
2025-01-01T02:11:20.946446  17624	19.179	19.167	22.725	23.773	18.615	27.319	26.432	23.853	21.839	31.026	50.187	50.323	23.890	2188.698	0	0	0	0.00	-135.000	-135.000	225.000	36.527
2025-01-01T02:11:22.146248  17625	19.099	19.160	22.645	23.612	18.374	27.319	26.352	23.451	21.919	31.187	50.200	50.484	23.890	2204.787	0	0	0	0.00	-135.000	-135.000	225.000	36.527
2025-01-01T02:11:23.346307  17626	19.179	19.162	22.403	23.612	18.615	27.480	26.432	23.451	21.436	31.267	50.180	50.242	23.890	2198.675	0	0	0	0.00	-135.000	-135.000	225.000	36.527
2025-01-01T02:11:24.546351  17627	19.341	19.180	22.403	23.773	18.535	27.399	26.271	23.692	21.919	31.187	50.187	50.242	23.890	2152.478	0	0	0	0.00	-135.000	-135.000	225.000	36.527
2025-01-01T02:11:25.746451  17628	19.179	19.180	22.242	23.773	18.535	27.238	26.593	23.853	21.758	31.348	50.200	50.323	23.810	2151.715	0	0	0	0.00	-135.000	-135.000	225.000	36.527
2025-01-01T02:11:26.946520  17629	19.179	19.180	22.403	23.692	18.374	27.158	26.352	23.934	21.758	31.267	50.188	50.161	23.971	2150.579	0	0	0	0.00	-135.000	-135.000	225.000	36.527
2025-01-01T02:11:28.146565  17630	19.421	19.204	22.322	23.692	18.696	27.238	26.513	23.531	21.678	31.187	50.202	50.161	23.729	2088.342	0	0	0	0.00	-135.000	-135.000	225.000	36.527
2025-01-01T02:11:29.346517  17631	19.421	19.226	22.645	23.853	18.535	27.319	26.352	23.370	21.597	31.267	50.190	50.242	24.051	2032.517	0	0	0	0.00	-135.000	-135.000	225.000	36.527
2025-01-01T02:11:30.546561  17632	19.099	19.213	22.564	23.612	18.535	27.238	26.110	23.612	21.355	31.187	50.187	50.242	23.729	2063.433	0	0	0	0.00	-135.000	-135.000	225.000	36.527
2025-01-01T02:11:31.746754  17633	19.179	19.210	22.484	23.853	18.454	27.399	26.593	23.773	21.597	31.267	50.176	50.161	23.971	2070.180	0	0	0	0.00	-135.000	-135.000	225.000	36.527
2025-01-01T02:11:32.946639  17634	19.260	19.215	22.322	23.451	18.615	27.238	26.593	23.773	21.516	31.348	50.167	50.161	23.810	2055.925	0	0	0	0.00	-135.000	-135.000	225.000	36.527
2025-01-01T02:11:34.146683  17635	19.018	19.195	22.403	23.853	18.777	27.158	26.352	23.692	21.758	31.348	50.182	50.242	23.810	2104.167	0	0	0	0.00	-135.000	-135.000	225.000	36.527
2025-01-01T02:11:35.347086  17636	19.179	19.194	22.403	23.531	18.454	27.319	26.513	23.692	21.597	31.348	50.188	50.081	23.810	2106.360	0	0	0	0.00	-135.000	-135.000	225.000	36.527
2025-01-01T02:11:36.546911  17637	19.179	19.192	22.484	23.853	18.374	27.238	26.432	23.612	21.758	31.429	50.194	50.081	23.810	2108.531	0	0	0	0.00	-135.000	-135.000	225.000	36.527
2025-01-01T02:11:37.747002  17638	19.260	19.199	22.564	23.773	18.696	27.077	26.593	23.853	22.000	31.267	50.190	50.161	23.890	2089.994	0	0	0	0.00	-135.000	-135.000	225.000	36.527
2025-01-01T02:11:38.946862  17639	19.179	19.197	22.564	23.853	18.696	27.238	26.352	23.451	21.758	31.026	50.195	50.081	23.729	2093.654	0	0	0	0.00	-135.000	-135.000	225.000	36.527
2025-01-01T02:11:40.146958  17640	19.260	19.203	22.403	23.692	18.615	27.158	26.513	23.853	21.839	31.187	50.184	50.161	23.971	2076.296	0	0	0	0.00	-135.000	-135.000	225.000	36.527
2025-01-01T02:11:41.347140  17641	19.018	19.185	22.403	23.692	18.374	27.399	26.432	23.612	21.839	31.106	50.182	50.242	23.971	2121.747	0	0	0	0.00	-135.000	-135.000	225.000	36.527
2025-01-01T02:11:42.547060  17642	19.099	19.176	22.403	23.934	18.535	27.238	26.593	23.853	21.919	31.187	50.188	50.323	23.890	2141.792	0	0	0	0.00	-135.000	-135.000	225.000	36.527
2025-01-01T02:11:43.747786  17643	19.260	19.185	22.322	23.692	18.374	27.238	26.513	23.773	21.758	31.348	50.177	50.242	23.890	2119.199	0	0	0	0.00	-135.000	-135.000	225.000	36.527
2025-01-01T02:11:44.947084  17644	19.179	19.184	22.403	24.015	18.454	27.319	26.513	23.531	21.839	31.026	50.192	50.323	23.810	2119.366	0	0	0	0.00	-135.000	-135.000	225.000	36.527
2025-01-01T02:11:46.147177  17645	19.260	19.192	22.242	23.612	18.615	27.399	26.352	23.451	21.597	31.429	50.197	50.242	23.810	2098.865	0	0	0	0.00	-135.000	-135.000	225.000	36.527
2025-01-01T02:11:47.347318  17646	19.179	19.190	22.484	23.692	18.535	27.238	26.513	24.015	21.597	31.026	50.185	50.242	23.971	2100.760	0	0	0	0.00	-135.000	-135.000	225.000	36.527
2025-01-01T02:11:48.547207  17647	19.099	19.181	22.161	23.692	18.374	27.399	26.513	23.451	21.919	31.106	50.199	50.323	23.890	2122.542	0	0	0	0.00	-135.000	-135.000	225.000	36.527
2025-01-01T02:11:49.747453  17648	19.099	19.173	22.322	23.853	18.374	27.077	26.271	23.451	21.758	31.348	50.187	50.242	23.810	2141.916	0	0	0	0.00	-135.000	-135.000	225.000	36.527
2025-01-01T02:11:50.947359  17649	19.018	19.158	22.322	23.773	18.454	27.077	26.513	23.531	21.597	31.267	50.184	50.081	23.971	2179.648	0	0	0	0.00	-135.000	-135.000	225.000	36.527
2025-01-01T02:11:52.147671  17650	18.938	19.136	22.161	23.853	18.293	27.238	26.593	23.773	21.678	31.026	50.182	50.161	23.890	2233.794	0	0	0	0.00	-135.000	-135.000	225.000	36.527
2025-01-01T02:11:53.347789  17651	19.341	19.156	22.403	23.934	18.454	27.238	26.593	23.773	21.758	30.945	50.188	50.323	23.729	2180.587	0	0	0	0.00	-135.000	-135.000	225.000	36.527
2025-01-01T02:11:54.547428  17652	19.099	19.150	22.484	23.612	18.535	27.319	26.593	23.773	21.516	31.106	50.177	50.242	23.729	2194.364	0	0	0	0.00	-135.000	-135.000	225.000	36.527
2025-01-01T02:11:55.747602  17653	19.018	19.137	22.403	23.612	18.454	27.238	26.352	23.692	21.436	31.187	50.192	50.323	23.729	2226.574	0	0	0	0.00	-135.000	-135.000	225.000	36.527
2025-01-01T02:11:56.947641  17654	19.018	19.125	22.322	23.692	18.535	27.399	26.432	23.773	21.516	31.348	50.197	50.242	23.729	2255.387	0	0	0	0.00	-135.000	-135.000	225.000	36.527
2025-01-01T02:11:58.147559  17655	18.938	19.107	22.322	23.692	18.293	27.158	26.593	23.853	21.678	31.106	50.201	50.242	23.729	2301.671	0	0	0	0.00	-135.000	-135.000	225.000	36.527
2025-01-01T02:11:59.347817  17656	19.099	19.106	22.242	23.853	18.374	27.319	26.432	23.773	21.678	31.106	50.214	50.242	23.890	2302.478	0	0	0	0.00	-135.000	-135.000	225.000	36.527
2025-01-01T02:12:00.547619  17657	19.018	19.097	22.322	23.692	18.374	27.238	26.190	23.692	21.839	31.106	50.200	50.242	23.890	2323.821	0	0	0	0.00	-135.000	-135.000	225.000	36.527
2025-01-01T02:12:01.747724  17658	18.857	19.073	22.242	23.612	18.293	27.399	26.513	23.531	21.758	31.187	50.204	50.161	23.729	2383.587	0	0	0	0.00	-135.000	-135.000	225.000	36.527
2025-01-01T02:12:02.947983  17659	19.179	19.084	22.484	23.934	18.374	27.399	26.352	23.531	21.678	31.187	50.200	50.242	23.890	2355.696	0	0	0	0.00	-135.000	-135.000	225.000	36.527
2025-01-01T02:12:04.147782  17660	19.179	19.093	22.484	23.773	18.454	27.158	26.593	23.612	21.678	31.267	50.204	50.323	23.890	2331.113	0	0	0	0.00	-135.000	-135.000	225.000	36.527
2025-01-01T02:12:05.347880  17661	19.099	19.094	22.564	23.692	18.374	27.480	26.432	23.692	21.839	31.187	50.216	50.403	23.810	2329.230	0	0	0	0.00	-135.000	-135.000	225.000	36.527
2025-01-01T02:12:06.547912  17662	19.099	19.094	22.564	23.773	18.293	27.158	26.513	23.451	22.000	31.106	50.227	50.323	23.810	2327.302	0	0	0	0.00	-135.000	-135.000	225.000	36.527
2025-01-01T02:12:07.747965  17663	19.341	19.119	22.403	23.773	18.535	27.319	26.352	23.451	21.758	31.509	50.228	50.242	23.729	2264.408	0	0	0	0.00	-135.000	-135.000	225.000	36.527
2025-01-01T02:12:08.948072  17664	19.179	19.125	22.403	23.773	18.293	27.238	26.432	23.451	21.678	31.106	50.222	50.161	23.971	2248.774	0	0	0	0.00	-135.000	-135.000	225.000	36.527
2025-01-01T02:12:10.148113  17665	19.099	19.122	22.645	23.531	18.454	27.319	26.352	23.692	21.678	31.106	50.216	50.242	23.729	2254.618	0	0	0	0.00	-135.000	-135.000	225.000	36.527
2025-01-01T02:12:11.348002  17666	19.179	19.128	22.484	23.934	18.293	27.319	26.432	23.692	21.758	31.348	50.210	50.323	23.890	2239.288	0	0	0	0.00	-135.000	-135.000	225.000	36.527
2025-01-01T02:12:12.548184  17667	19.260	19.141	22.725	23.612	18.454	27.238	26.593	23.773	21.516	31.267	50.197	50.081	23.971	2205.162	0	0	0	0.00	-135.000	-135.000	225.000	36.527
2025-01-01T02:12:13.748375  17668	19.260	19.153	22.645	23.612	18.293	27.238	26.432	23.934	21.678	31.187	50.202	50.323	23.810	2174.428	0	0	0	0.00	-135.000	-135.000	225.000	36.527
2025-01-01T02:12:14.948224  17669	19.018	19.140	22.645	23.853	18.293	27.238	26.432	23.853	21.678	30.945	50.198	50.242	23.810	2207.674	0	0	0	0.00	-135.000	-135.000	225.000	36.527
2025-01-01T02:12:16.148196  17670	19.099	19.136	22.403	23.773	18.374	27.480	26.190	23.853	21.839	30.945	50.194	50.242	23.810	2216.736	0	0	0	0.00	-135.000	-135.000	225.000	36.527
2025-01-01T02:12:17.348270  17671	19.099	19.132	22.484	23.531	18.454	27.238	26.513	23.289	21.355	31.267	50.191	50.161	23.649	2224.984	0	0	0	0.00	-135.000	-135.000	225.000	36.527
2025-01-01T02:12:18.548378  17672	19.099	19.129	22.484	23.612	18.454	27.319	26.513	23.451	21.678	31.026	50.180	50.242	23.729	2232.339	0	0	0	0.00	-135.000	-135.000	225.000	36.527
2025-01-01T02:12:19.748326  17673	19.099	19.126	22.564	23.612	18.374	27.641	26.271	23.370	21.758	31.106	50.170	50.161	23.890	2238.887	0	0	0	0.00	-135.000	-135.000	225.000	36.527
2025-01-01T02:12:20.948402  17674	19.018	19.115	22.564	23.612	18.535	27.399	26.352	23.289	21.516	31.026	50.169	50.161	23.729	2265.074	0	0	0	0.00	-135.000	-135.000	225.000	36.527
2025-01-01T02:12:22.148417  17675	19.099	19.113	22.403	23.853	18.454	27.158	26.513	23.612	21.516	31.187	50.176	50.242	23.810	2268.108	0	0	0	0.00	-135.000	-135.000	225.000	36.527
2025-01-01T02:12:23.350437  17676	19.099	19.112	22.564	23.451	18.374	27.238	26.432	23.612	21.597	31.429	50.183	50.242	23.729	2270.931	0	0	0	0.00	-135.000	-135.000	225.000	36.527
2025-01-01T02:12:24.548477  17677	19.260	19.127	22.645	23.451	18.454	27.399	26.352	23.692	21.678	31.187	50.181	50.242	23.729	2232.674	0	0	0	0.00	-135.000	-135.000	225.000	36.527
2025-01-01T02:12:25.748629  17678	19.018	19.116	22.564	23.531	18.454	27.238	26.593	23.773	21.516	31.429	50.187	50.323	23.729	2259.474	0	0	0	0.00	-135.000	-135.000	225.000	36.527
2025-01-01T02:12:26.948786  17679	19.179	19.122	22.322	23.853	18.535	27.319	26.352	23.209	21.758	31.187	50.208	50.242	23.729	2242.367	0	0	0	0.00	-135.000	-135.000	225.000	36.527
2025-01-01T02:12:28.148701  17680	19.260	19.136	22.725	23.692	18.535	27.399	26.513	23.612	21.758	31.026	50.220	50.323	23.890	2206.806	0	0	0	0.00	-135.000	-135.000	225.000	36.527
2025-01-01T02:12:29.348668  17681	19.099	19.132	22.645	23.773	18.374	27.238	26.513	23.853	22.081	31.026	50.222	50.323	23.810	2215.509	0	0	0	0.00	-135.000	-135.000	225.000	36.527
2025-01-01T02:12:30.548794  17682	19.179	19.137	22.645	23.531	18.454	27.560	26.593	23.692	21.839	31.106	50.216	50.242	23.729	2202.584	0	0	0	0.00	-135.000	-135.000	225.000	36.527
2025-01-01T02:12:31.748816  17683	19.099	19.133	22.645	23.692	18.535	27.158	26.432	23.934	21.597	31.026	50.202	50.242	23.971	2211.354	0	0	0	0.00	-135.000	-135.000	225.000	36.527
2025-01-01T02:12:32.948807  17684	19.018	19.122	22.564	23.934	18.535	27.319	26.513	23.773	21.758	31.026	50.190	50.161	23.971	2239.380	0	0	0	0.00	-135.000	-135.000	225.000	36.527
2025-01-01T02:12:34.148842  17685	19.099	19.119	22.403	23.612	18.615	27.399	26.513	23.289	21.758	31.106	50.195	50.242	23.810	2244.063	0	0	0	0.00	-135.000	-135.000	225.000	36.527
2025-01-01T02:12:35.348970  17686	19.099	19.117	22.322	23.773	18.374	27.238	26.593	23.612	21.355	31.187	50.192	50.161	23.810	2248.372	0	0	0	0.00	-135.000	-135.000	225.000	36.527
2025-01-01T02:12:36.548909  17687	19.099	19.116	22.645	23.934	18.535	27.158	26.432	23.531	21.919	31.187	50.205	50.323	23.810	2252.180	0	0	0	0.00	-135.000	-135.000	225.000	36.527
2025-01-01T02:12:37.749056  17688	19.099	19.114	22.242	23.692	18.535	27.319	26.432	23.370	21.758	31.267	50.217	50.242	23.729	2255.537	0	0	0	0.00	-135.000	-135.000	225.000	36.527
2025-01-01T02:12:38.949160  17689	18.857	19.088	22.645	23.934	18.535	27.480	26.432	23.531	22.000	30.945	50.227	50.242	23.729	2319.582	0	0	0	0.00	-135.000	-135.000	225.000	36.527
2025-01-01T02:12:40.149099  17690	19.341	19.113	22.725	23.612	18.454	27.399	26.513	23.531	21.597	31.267	50.221	50.161	23.649	2254.655	0	0	0	0.00	-135.000	-135.000	225.000	36.527
2025-01-01T02:12:41.349122  17691	19.179	19.120	22.806	23.612	18.535	27.399	26.432	23.853	21.678	31.106	50.223	50.323	23.890	2237.675	0	0	0	0.00	-135.000	-135.000	225.000	36.527
2025-01-01T02:12:42.549162  17692	19.018	19.110	22.725	23.612	18.615	27.319	26.513	23.692	21.678	31.106	50.217	50.323	23.729	2262.676	0	0	0	0.00	-135.000	-135.000	225.000	36.527
2025-01-01T02:12:43.749331  17693	19.179	19.117	22.645	23.773	18.454	27.319	26.352	23.692	21.758	31.026	50.227	50.323	23.729	2244.111	0	0	0	0.00	-135.000	-135.000	225.000	36.527
2025-01-01T02:12:44.949317  17694	19.179	19.123	22.725	23.612	18.696	27.158	26.432	23.531	21.355	31.267	50.229	50.242	23.810	2227.599	0	0	0	0.00	-135.000	-135.000	225.000	36.527
2025-01-01T02:12:46.149357  17695	19.018	19.113	22.886	23.773	18.696	27.319	26.352	23.451	21.919	31.026	50.222	50.242	23.729	2253.343	0	0	0	0.00	-135.000	-135.000	225.000	36.527
2025-01-01T02:12:47.349536  17696	19.179	19.119	22.967	23.773	18.454	27.319	26.513	23.531	21.597	30.945	50.224	50.323	23.729	2235.446	0	0	0	0.00	-135.000	-135.000	225.000	36.527
2025-01-01T02:12:48.549499  17697	19.099	19.117	22.564	23.853	18.615	27.399	26.593	23.531	21.678	31.026	50.242	50.323	23.810	2239.902	0	0	0	0.00	-135.000	-135.000	225.000	36.527
2025-01-01T02:12:49.749423  17698	19.099	19.115	22.725	23.612	18.454	27.319	26.352	23.853	21.597	30.864	50.226	50.161	23.971	2243.682	0	0	0	0.00	-135.000	-135.000	225.000	36.527
2025-01-01T02:12:50.949528  17699	19.099	19.114	22.564	23.692	18.696	27.238	26.352	23.934	21.597	30.945	50.236	50.242	23.810	2247.016	0	0	0	0.00	-135.000	-135.000	225.000	36.527
2025-01-01T02:12:52.149581  17700	19.099	19.112	22.645	23.934	18.454	27.319	26.513	23.531	21.839	30.864	50.228	50.161	23.810	2249.946	0	0	0	0.00	-135.000	-135.000	225.000	36.527
2025-01-01T02:12:53.349613  17701	19.099	19.111	22.725	23.692	18.696	27.077	26.674	23.612	21.758	31.348	50.238	50.242	23.729	2252.514	0	0	0	0.00	-135.000	-135.000	225.000	36.527
2025-01-01T02:12:54.549655  17702	19.179	19.118	22.967	23.612	18.615	27.399	26.513	23.451	21.758	30.864	50.230	50.161	23.890	2234.392	0	0	0	0.00	-135.000	-135.000	225.000	36.527
2025-01-01T02:12:55.749698  17703	18.938	19.100	22.725	23.692	18.374	27.399	26.352	23.612	21.839	31.026	50.223	50.161	23.729	2279.209	0	0	0	0.00	-135.000	-135.000	225.000	36.527
2025-01-01T02:12:56.949825  17704	19.018	19.092	22.886	23.773	18.374	27.480	26.271	23.692	21.839	30.945	50.225	50.323	23.729	2298.741	0	0	0	0.00	-135.000	-135.000	225.000	36.527
2025-01-01T02:12:58.149803  17705	19.341	19.117	22.886	23.934	18.615	27.319	26.513	23.853	21.597	31.026	50.219	50.161	23.890	2235.013	0	0	0	0.00	-135.000	-135.000	225.000	36.527
2025-01-01T02:12:59.350053  17706	19.018	19.107	22.645	23.853	18.454	27.399	26.352	23.612	21.516	31.106	50.205	50.161	23.971	2259.517	0	0	0	0.00	-135.000	-135.000	225.000	36.527
2025-01-01T02:13:00.549858  17707	19.099	19.106	22.725	23.934	18.535	27.319	26.593	23.370	21.919	31.026	50.209	50.081	23.890	2260.550	0	0	0	0.00	-135.000	-135.000	225.000	36.527
2025-01-01T02:13:01.750058  17708	19.018	19.097	22.725	23.692	18.374	27.319	26.513	23.612	21.597	30.864	50.220	50.242	23.729	2281.935	0	0	0	0.00	-135.000	-135.000	225.000	36.527
2025-01-01T02:13:02.950021  17709	19.179	19.105	22.806	23.853	18.374	27.480	26.352	23.853	21.516	30.945	50.214	50.242	23.729	2260.282	0	0	0	0.00	-135.000	-135.000	225.000	36.527
2025-01-01T02:13:04.149947  17710	19.179	19.113	22.725	23.692	18.615	27.399	26.432	23.934	21.919	31.187	50.209	50.242	23.649	2240.988	0	0	0	0.00	-135.000	-135.000	225.000	36.527
2025-01-01T02:13:05.350041  17711	19.099	19.111	22.806	23.531	18.615	27.560	26.352	23.612	21.436	31.187	50.212	50.323	23.729	2243.865	0	0	0	0.00	-135.000	-135.000	225.000	36.527
2025-01-01T02:13:06.550142  17712	19.099	19.110	22.806	23.773	18.535	27.480	26.352	23.531	21.919	31.026	50.215	50.403	23.890	2246.224	0	0	0	0.00	-135.000	-135.000	225.000	36.527
2025-01-01T02:13:07.750059  17713	19.260	19.125	22.806	23.692	18.615	27.319	26.674	23.451	21.597	31.106	50.226	50.323	23.729	2207.548	0	0	0	0.00	-135.000	-135.000	225.000	36.527
2025-01-01T02:13:08.950269  17714	19.179	19.131	22.967	23.934	18.615	27.319	26.432	23.612	21.758	31.187	50.236	50.323	23.810	2193.245	0	0	0	0.00	-135.000	-135.000	225.000	36.527
2025-01-01T02:13:10.150222  17715	19.260	19.144	22.886	23.692	18.615	27.399	26.432	23.531	21.919	31.106	50.244	50.242	23.729	2159.722	0	0	0	0.00	-135.000	-135.000	225.000	36.527
2025-01-01T02:13:11.350238  17716	18.938	19.123	22.645	23.612	18.454	27.560	26.593	23.370	21.678	31.026	50.236	50.323	23.890	2210.987	0	0	0	0.00	-135.000	-135.000	225.000	36.527
2025-01-01T02:13:12.550382  17717	19.099	19.121	22.806	23.773	18.535	27.480	26.513	23.531	21.678	31.187	50.237	50.323	23.729	2215.797	0	0	0	0.00	-135.000	-135.000	225.000	36.527
2025-01-01T02:13:13.750411  17718	19.099	19.118	22.725	23.692	18.454	27.319	26.513	23.451	21.678	31.106	50.237	50.242	23.890	2220.376	0	0	0	0.00	-135.000	-135.000	225.000	36.527
2025-01-01T02:13:14.950424  17719	19.179	19.125	22.806	23.692	18.535	27.560	26.593	23.612	21.758	31.026	50.238	50.323	23.971	2204.066	0	0	0	0.00	-135.000	-135.000	225.000	36.527
2025-01-01T02:13:16.150495  17720	19.018	19.114	22.725	23.853	18.535	27.399	26.593	23.531	22.000	30.864	50.238	50.242	23.649	2230.148	0	0	0	0.00	-135.000	-135.000	225.000	36.527
2025-01-01T02:13:17.350435  17721	19.179	19.120	22.564	23.934	18.454	27.641	26.352	23.692	22.081	30.945	50.238	50.323	23.729	2212.559	0	0	0	0.00	-135.000	-135.000	225.000	36.527
2025-01-01T02:13:18.550540  17722	19.260	19.134	22.645	23.853	18.454	27.238	26.513	23.451	21.597	30.864	50.239	50.323	23.890	2176.560	0	0	0	0.00	-135.000	-135.000	225.000	36.527
2025-01-01T02:13:19.750533  17723	18.938	19.115	22.645	23.853	18.293	27.560	26.593	23.612	21.678	30.864	50.231	50.242	23.810	2225.601	0	0	0	0.00	-135.000	-135.000	225.000	36.527
2025-01-01T02:13:20.950706  17724	19.260	19.129	22.403	23.934	18.615	27.480	26.593	23.531	21.678	31.187	50.224	50.161	23.649	2187.677	0	0	0	0.00	-135.000	-135.000	225.000	36.527
2025-01-01T02:13:22.150581  17725	19.018	19.118	22.484	24.015	18.454	27.560	26.513	23.612	21.758	30.945	50.226	50.242	23.649	2215.100	0	0	0	0.00	-135.000	-135.000	225.000	36.527
2025-01-01T02:13:23.350634  17726	19.260	19.132	22.484	23.853	18.615	27.399	26.593	23.612	21.839	31.026	50.227	50.323	23.810	2178.196	0	0	0	0.00	-135.000	-135.000	225.000	36.527
2025-01-01T02:13:24.550735  17727	19.179	19.137	22.484	23.773	18.454	27.399	26.755	23.370	21.678	31.106	50.229	50.323	23.810	2165.648	0	0	0	0.00	-135.000	-135.000	225.000	36.527
2025-01-01T02:13:25.750851  17728	19.018	19.125	22.725	23.773	18.293	27.238	26.352	23.773	21.597	30.864	50.214	50.242	23.890	2194.796	0	0	0	0.00	-135.000	-135.000	225.000	36.527
2025-01-01T02:13:26.950824  17729	19.099	19.123	22.484	23.853	18.374	27.399	26.513	23.531	21.839	30.945	50.217	50.323	23.729	2200.329	0	0	0	0.00	-135.000	-135.000	225.000	36.527
2025-01-01T02:13:28.150881  17730	19.099	19.120	22.484	23.612	18.535	27.480	26.513	23.773	21.355	30.945	50.187	50.242	23.810	2205.399	0	0	0	0.00	-135.000	-135.000	225.000	36.527
2025-01-01T02:13:29.350972  17731	19.018	19.110	22.564	23.692	18.212	27.480	26.432	23.451	21.516	30.864	50.185	50.403	23.890	2230.258	0	0	0	0.00	-135.000	-135.000	225.000	36.527
2025-01-01T02:13:30.550920  17732	19.341	19.133	22.725	23.773	18.374	27.560	26.432	23.289	21.758	31.026	50.190	50.161	23.729	2171.003	0	0	0	0.00	-135.000	-135.000	225.000	36.527
2025-01-01T02:13:31.750963  17733	19.179	19.138	22.322	23.692	18.454	27.319	26.513	23.451	21.516	31.026	50.179	50.161	23.890	2158.806	0	0	0	0.00	-135.000	-135.000	225.000	36.527
2025-01-01T02:13:32.951047  17734	19.179	19.142	22.564	23.934	18.454	27.399	26.593	23.451	21.597	31.026	50.186	50.242	23.890	2147.379	0	0	0	0.00	-135.000	-135.000	225.000	36.527
2025-01-01T02:13:34.151052  17735	19.018	19.130	22.564	24.015	18.374	27.158	26.432	23.692	21.678	30.945	50.183	50.323	23.649	2177.697	0	0	0	0.00	-135.000	-135.000	225.000	36.527
2025-01-01T02:13:35.351133  17736	19.099	19.126	22.403	23.853	18.454	27.238	26.432	23.773	21.919	31.187	50.189	50.242	23.729	2184.284	0	0	0	0.00	-135.000	-135.000	225.000	36.527
2025-01-01T02:13:36.551112  17737	19.018	19.116	22.645	23.692	18.454	27.399	26.432	23.692	21.758	30.864	50.178	50.242	23.890	2210.671	0	0	0	0.00	-135.000	-135.000	225.000	36.527
2025-01-01T02:13:37.751348  17738	19.179	19.122	22.725	23.773	18.454	27.641	26.593	23.773	21.758	30.864	50.168	50.161	23.890	2193.517	0	0	0	0.00	-135.000	-135.000	225.000	36.527
2025-01-01T02:13:38.951266  17739	19.099	19.120	22.564	23.773	18.696	27.238	26.432	23.612	21.597	30.784	50.176	50.161	23.649	2198.637	0	0	0	0.00	-135.000	-135.000	225.000	36.527
2025-01-01T02:13:40.151299  17740	19.179	19.126	22.967	23.773	18.615	27.480	26.513	23.934	21.758	30.784	50.166	50.242	23.890	2182.652	0	0	0	0.00	-135.000	-135.000	225.000	36.527
2025-01-01T02:13:41.351279  17741	19.179	19.131	22.886	23.692	18.535	27.399	26.593	23.773	21.758	30.945	50.190	50.403	23.568	2168.300	0	0	0	0.00	-135.000	-135.000	225.000	36.527
2025-01-01T02:13:42.551584  17742	19.421	19.160	22.645	23.853	18.696	27.319	26.593	23.370	21.919	30.945	50.195	50.161	23.729	2094.165	0	0	0	0.00	-135.000	-135.000	225.000	36.527
2025-01-01T02:13:43.751496  17743	19.179	19.162	22.967	23.853	18.454	27.238	26.593	23.692	21.597	30.784	50.200	50.242	23.729	2088.723	0	0	0	0.00	-135.000	-135.000	225.000	36.527
2025-01-01T02:13:44.951530  17744	19.099	19.156	23.048	23.612	18.777	27.319	26.593	23.531	21.839	31.026	50.212	50.323	23.810	2103.581	0	0	0	0.00	-135.000	-135.000	225.000	36.527
2025-01-01T02:13:46.151507  17745	19.018	19.142	22.806	23.612	18.454	27.319	26.432	23.612	22.000	30.945	50.223	50.161	23.729	2137.087	0	0	0	0.00	-135.000	-135.000	225.000	36.527
2025-01-01T02:13:47.351495  17746	19.018	19.130	22.806	23.853	18.857	27.319	26.593	23.773	21.678	31.187	50.225	50.161	23.649	2167.070	0	0	0	0.00	-135.000	-135.000	225.000	36.527
2025-01-01T02:13:48.551615  17747	19.341	19.151	22.886	23.531	18.777	27.319	26.432	23.692	21.839	31.106	50.227	50.242	23.729	2112.584	0	0	0	0.00	-135.000	-135.000	225.000	36.527
2025-01-01T02:13:49.751577  17748	19.018	19.137	22.967	23.853	18.615	27.319	26.432	23.773	21.597	30.784	50.204	50.161	23.890	2145.410	0	0	0	0.00	-135.000	-135.000	225.000	36.527
2025-01-01T02:13:50.951805  17749	19.260	19.150	22.645	23.773	18.777	27.560	26.593	23.370	21.678	31.267	50.200	50.242	23.729	2113.206	0	0	0	0.00	-135.000	-135.000	225.000	36.527
2025-01-01T02:13:52.151794  17750	19.099	19.145	22.564	23.773	18.696	27.238	26.674	23.853	21.516	31.026	50.204	50.161	23.649	2125.248	0	0	0	0.00	-135.000	-135.000	225.000	36.527
2025-01-01T02:13:53.351717  17751	19.099	19.140	22.967	23.773	18.615	27.399	26.674	23.451	22.000	30.784	50.216	50.161	23.649	2135.696	0	0	0	0.00	-135.000	-135.000	225.000	36.527
2025-01-01T02:13:54.551810  17752	19.099	19.136	22.564	23.773	18.777	27.480	26.432	23.451	21.516	31.187	50.218	50.323	23.649	2145.030	0	0	0	0.00	-135.000	-135.000	225.000	36.527
2025-01-01T02:13:55.751807  17753	19.179	19.140	22.645	23.692	18.857	27.399	26.513	23.451	21.839	31.106	50.221	50.161	23.649	2132.997	0	0	0	0.00	-135.000	-135.000	225.000	36.527
2025-01-01T02:13:56.952089  17754	19.018	19.128	22.886	23.773	18.696	27.158	26.271	23.531	21.758	30.784	50.207	50.242	23.649	2162.930	0	0	0	0.00	-135.000	-135.000	225.000	36.527
2025-01-01T02:13:58.152156  17755	19.179	19.133	22.886	23.853	18.535	27.480	26.432	23.612	21.919	30.945	50.194	50.323	23.810	2148.809	0	0	0	0.00	-135.000	-135.000	225.000	36.527
2025-01-01T02:13:59.352064  17756	19.179	19.138	22.725	23.692	18.777	27.399	26.513	23.773	21.597	30.945	50.199	50.323	23.810	2136.296	0	0	0	0.00	-135.000	-135.000	225.000	36.527
2025-01-01T02:14:00.552042  17757	19.018	19.126	22.886	23.692	18.777	27.319	26.593	23.773	21.758	30.864	50.187	50.161	23.971	2165.634	0	0	0	0.00	-135.000	-135.000	225.000	36.527
2025-01-01T02:14:01.752032  17758	19.099	19.123	22.806	23.853	18.777	27.319	26.432	23.773	21.678	30.784	50.177	50.242	23.971	2171.343	0	0	0	0.00	-135.000	-135.000	225.000	36.527
2025-01-01T02:14:02.952130  17759	19.260	19.137	22.967	23.773	18.777	27.319	26.674	23.451	21.758	30.784	50.167	50.242	23.890	2135.844	0	0	0	0.00	-135.000	-135.000	225.000	36.527
2025-01-01T02:14:04.152095  17760	19.099	19.133	22.725	23.853	18.696	27.238	26.513	23.692	22.000	31.026	50.174	50.081	23.649	2144.760	0	0	0	0.00	-135.000	-135.000	225.000	36.527
2025-01-01T02:14:05.352146  17761	19.260	19.146	22.806	24.015	18.615	27.641	26.593	23.934	21.919	31.026	50.181	50.242	23.890	2111.667	0	0	0	0.00	-135.000	-135.000	225.000	36.527
2025-01-01T02:14:06.552482  17762	19.260	19.157	22.886	23.612	18.777	27.399	26.432	23.773	21.516	30.945	50.171	50.242	23.890	2082.024	0	0	0	0.00	-135.000	-135.000	225.000	36.527
2025-01-01T02:14:07.752298  17763	19.179	19.159	22.886	23.853	19.018	27.480	26.593	23.853	21.839	31.026	50.162	50.161	23.890	2075.527	0	0	0	0.00	-135.000	-135.000	225.000	36.527
2025-01-01T02:14:08.952407  17764	19.341	19.178	23.289	23.773	18.938	27.480	26.593	23.531	21.839	30.864	50.154	50.161	23.890	2028.667	0	0	0	0.00	-135.000	-135.000	225.000	36.527
2025-01-01T02:14:10.152709  17765	19.341	19.194	22.967	23.934	18.938	27.480	26.513	23.934	21.758	30.945	50.147	50.081	23.649	1986.576	0	0	0	0.00	-135.000	-135.000	225.000	36.527
2025-01-01T02:14:11.352559  17766	19.260	19.201	22.967	24.095	18.857	27.319	26.593	23.451	21.678	30.703	50.156	50.161	23.729	1968.820	0	0	0	0.00	-135.000	-135.000	225.000	36.527
2025-01-01T02:14:12.552538  17767	19.502	19.231	22.967	23.853	18.857	27.319	26.593	23.531	22.161	30.945	50.165	50.323	23.729	1891.405	0	0	0	0.00	-135.000	-135.000	225.000	36.527
2025-01-01T02:14:13.752522  17768	19.341	19.242	22.886	23.934	18.857	27.641	26.432	23.531	21.758	30.864	50.172	50.242	23.729	1862.587	0	0	0	0.00	-135.000	-135.000	225.000	36.527
2025-01-01T02:14:14.952492  17769	19.341	19.252	22.886	23.934	18.938	27.319	26.755	23.451	22.000	30.703	50.171	50.242	23.810	1836.091	0	0	0	0.00	-135.000	-135.000	225.000	36.527
2025-01-01T02:14:16.152600  17770	19.260	19.252	22.806	23.934	18.696	27.480	26.593	23.370	21.678	30.703	50.178	50.161	23.729	1832.374	0	0	0	0.00	-135.000	-135.000	225.000	36.527
2025-01-01T02:14:17.352758  17771	19.341	19.261	22.725	23.934	18.777	27.480	26.593	23.853	21.919	30.945	50.193	50.403	23.729	1808.318	0	0	0	0.00	-135.000	-135.000	225.000	36.527
2025-01-01T02:14:18.552692  17772	19.179	19.253	22.886	23.692	18.777	27.319	26.593	23.692	21.839	30.784	50.198	50.161	23.729	1827.319	0	0	0	0.00	-135.000	-135.000	225.000	36.527
2025-01-01T02:14:19.752737  17773	19.099	19.238	22.725	23.773	18.777	27.480	26.674	23.853	21.758	30.864	50.210	50.242	23.729	1864.338	0	0	0	0.00	-135.000	-135.000	225.000	36.527
2025-01-01T02:14:20.952714  17774	19.179	19.232	22.564	23.773	18.777	27.238	26.593	23.531	21.516	31.026	50.197	50.323	23.890	1877.058	0	0	0	0.00	-135.000	-135.000	225.000	36.527
2025-01-01T02:14:22.152743  17775	19.421	19.251	22.564	23.934	18.777	27.238	26.674	23.531	22.000	30.945	50.202	50.323	23.729	1827.452	0	0	0	0.00	-135.000	-135.000	225.000	36.527
2025-01-01T02:14:23.352846  17776	19.341	19.260	22.564	23.612	18.857	27.399	26.674	23.612	21.758	30.945	50.190	50.323	23.810	1803.360	0	0	0	0.00	-135.000	-135.000	225.000	36.527
2025-01-01T02:14:24.552837  17777	19.260	19.260	22.725	23.853	18.696	27.399	26.432	23.612	21.919	30.864	50.203	50.161	23.729	1801.639	0	0	0	0.00	-135.000	-135.000	225.000	36.527
2025-01-01T02:14:25.753006  17778	19.341	19.268	22.403	23.692	18.938	27.399	26.674	23.692	21.919	30.945	50.207	50.242	23.729	1779.385	0	0	0	0.00	-135.000	-135.000	225.000	36.527
2025-01-01T02:14:26.952994  17779	19.260	19.267	22.484	23.773	18.938	27.480	26.755	23.773	21.516	31.026	50.210	50.242	23.729	1779.643	0	0	0	0.00	-135.000	-135.000	225.000	36.527
2025-01-01T02:14:28.153037  17780	19.260	19.266	22.645	23.934	18.777	27.560	26.593	23.692	22.081	30.623	50.214	50.323	23.890	1779.532	0	0	0	0.00	-135.000	-135.000	225.000	36.527
2025-01-01T02:14:29.353084  17781	19.260	19.266	22.564	23.853	18.696	27.399	26.352	23.692	21.839	30.784	50.216	50.323	23.729	1779.248	0	0	0	0.00	-135.000	-135.000	225.000	36.527
2025-01-01T02:14:30.553061  17782	19.260	19.265	22.564	24.095	18.857	27.641	26.513	23.612	21.678	30.703	50.203	50.242	23.810	1778.812	0	0	0	0.00	-135.000	-135.000	225.000	36.527
2025-01-01T02:14:31.753104  17783	19.502	19.289	22.484	23.853	18.938	27.641	26.513	23.451	21.758	30.945	50.199	50.242	23.810	1717.144	0	0	0	0.00	-135.000	-135.000	225.000	36.527
2025-01-01T02:14:32.953218  17784	19.341	19.294	22.322	24.015	18.857	27.238	26.593	23.692	21.919	31.026	50.203	50.242	23.729	1702.505	0	0	0	0.00	-135.000	-135.000	225.000	36.527
2025-01-01T02:14:34.153177  17785	19.260	19.291	22.322	23.773	18.615	27.319	26.674	23.692	22.000	30.945	50.199	50.242	23.568	1709.129	0	0	0	0.00	-135.000	-135.000	225.000	36.527
2025-01-01T02:14:35.353297  17786	19.341	19.296	22.242	23.612	18.454	27.480	26.513	23.531	21.678	30.784	50.195	50.161	23.729	1694.384	0	0	0	0.00	-135.000	-135.000	225.000	36.527
2025-01-01T02:14:36.553363  17787	19.179	19.284	22.161	23.934	18.777	27.319	26.513	23.692	21.678	30.784	50.184	50.161	23.890	1721.768	0	0	0	0.00	-135.000	-135.000	225.000	36.527
2025-01-01T02:14:37.753444  17788	19.099	19.266	22.403	23.853	18.696	27.319	26.674	23.451	21.919	31.106	50.189	50.242	23.810	1766.329	0	0	0	0.00	-135.000	-135.000	225.000	36.527
2025-01-01T02:14:38.953350  17789	19.260	19.265	22.242	23.934	18.615	27.399	26.432	23.531	21.919	30.703	50.203	50.323	23.810	1765.474	0	0	0	0.00	-135.000	-135.000	225.000	36.527
2025-01-01T02:14:40.153454  17790	19.341	19.273	22.242	23.773	18.615	27.480	26.432	23.451	21.839	30.945	50.199	50.323	23.890	1744.483	0	0	0	0.00	-135.000	-135.000	225.000	36.527
2025-01-01T02:14:41.353461  17791	19.421	19.287	22.322	23.773	18.777	27.238	26.755	23.773	21.678	30.784	50.195	50.242	23.890	1705.146	0	0	0	0.00	-135.000	-135.000	225.000	36.527
2025-01-01T02:14:42.553569  17792	19.260	19.285	22.161	23.773	18.777	27.641	26.593	23.289	21.516	30.864	50.183	50.242	23.729	1710.338	0	0	0	0.00	-135.000	-135.000	225.000	36.527
2025-01-01T02:14:43.753530  17793	19.260	19.282	22.161	24.015	18.696	27.399	26.593	23.692	21.919	31.106	50.189	50.323	23.971	1714.509	0	0	0	0.00	-135.000	-135.000	225.000	36.527
2025-01-01T02:14:44.953581  17794	19.341	19.288	22.161	23.773	18.777	27.560	26.593	23.692	22.000	30.945	50.162	50.161	23.810	1697.716	0	0	0	0.00	-135.000	-135.000	225.000	36.527
2025-01-01T02:14:46.153618  17795	19.099	19.269	22.081	23.934	18.615	27.480	26.513	23.451	22.000	30.864	50.178	50.161	23.649	1743.615	0	0	0	0.00	-135.000	-135.000	225.000	36.527
2025-01-01T02:14:47.353731  17796	19.260	19.268	22.322	23.773	18.777	27.480	26.674	23.692	22.161	30.945	50.193	50.161	23.729	1743.642	0	0	0	0.00	-135.000	-135.000	225.000	36.527
2025-01-01T02:14:48.553763  17797	19.179	19.259	22.403	23.934	18.696	27.399	26.352	23.451	21.839	31.026	50.190	50.161	23.729	1764.173	0	0	0	0.00	-135.000	-135.000	225.000	36.527
2025-01-01T02:14:49.753905  17798	19.179	19.251	22.161	23.934	18.615	27.319	26.674	23.531	21.839	30.864	50.179	50.242	23.810	1782.366	0	0	0	0.00	-135.000	-135.000	225.000	36.527
2025-01-01T02:14:50.953856  17799	19.179	19.244	22.000	23.853	18.615	27.158	26.513	23.692	21.758	30.623	50.185	50.161	23.649	1798.612	0	0	0	0.00	-135.000	-135.000	225.000	36.527
2025-01-01T02:14:52.153959  17800	19.341	19.254	22.081	24.015	18.696	27.319	26.352	23.370	21.597	31.106	50.183	50.242	23.729	1772.380	0	0	0	0.00	-135.000	-135.000	225.000	36.527
2025-01-01T02:14:53.354125  17801	19.260	19.254	22.000	23.934	18.857	27.399	26.674	23.692	21.839	30.703	50.173	50.242	23.890	1769.220	0	0	0	0.00	-135.000	-135.000	225.000	36.527
2025-01-01T02:14:54.553913  17802	19.260	19.255	22.081	24.095	18.857	27.399	26.593	23.612	21.839	30.784	50.171	50.242	23.890	1766.030	0	0	0	0.00	-135.000	-135.000	225.000	36.527
2025-01-01T02:14:55.754142  17803	19.421	19.272	21.919	24.095	18.857	27.641	26.593	23.531	21.839	30.945	50.195	50.161	23.568	1722.251	0	0	0	0.00	-135.000	-135.000	225.000	36.527
2025-01-01T02:14:56.953989  17804	19.421	19.287	22.322	23.934	18.938	27.560	26.593	23.692	21.758	31.106	50.199	50.323	23.890	1682.875	0	0	0	0.00	-135.000	-135.000	225.000	36.527
2025-01-01T02:14:58.154108  17805	19.260	19.284	22.322	23.773	18.938	27.480	26.513	23.451	22.081	30.784	50.212	50.323	23.890	1687.872	0	0	0	0.00	-135.000	-135.000	225.000	36.527
2025-01-01T02:14:59.354091  17806	19.179	19.274	22.322	23.853	18.615	27.641	26.674	23.451	21.758	30.703	50.207	50.323	23.890	1712.230	0	0	0	0.00	-135.000	-135.000	225.000	36.527
2025-01-01T02:15:00.554134  17807	19.502	19.296	21.919	23.934	18.696	27.238	26.513	23.612	22.000	30.784	50.218	50.242	23.568	1652.408	0	0	0	0.00	-135.000	-135.000	225.000	36.527
2025-01-01T02:15:01.754209  17808	19.421	19.309	22.081	23.692	18.938	27.319	26.755	23.451	21.758	31.026	50.196	50.242	23.890	1619.225	0	0	0	0.00	-135.000	-135.000	225.000	36.527
2025-01-01T02:15:02.954219  17809	19.421	19.320	22.000	23.692	18.777	27.399	26.674	23.370	21.516	30.784	50.185	50.161	23.890	1588.904	0	0	0	0.00	-135.000	-135.000	225.000	36.527
2025-01-01T02:15:04.154469  17810	19.341	19.322	22.000	24.015	18.696	27.560	26.513	23.692	21.678	30.784	50.199	50.242	23.810	1581.683	0	0	0	0.00	-135.000	-135.000	225.000	36.527
2025-01-01T02:15:05.354509  17811	19.341	19.324	22.161	23.773	18.857	27.480	26.755	24.015	21.758	30.784	50.187	50.161	23.890	1574.784	0	0	0	0.00	-135.000	-135.000	225.000	36.527
2025-01-01T02:15:06.554417  17812	19.502	19.342	22.000	24.015	18.696	27.480	26.513	23.692	21.678	30.945	50.176	50.242	23.890	1527.613	0	0	0	0.00	-135.000	-135.000	225.000	36.527
2025-01-01T02:15:07.754401  17813	19.260	19.334	21.919	24.015	18.615	27.319	26.513	23.612	22.000	30.542	50.183	50.161	23.729	1546.220	0	0	0	0.00	-135.000	-135.000	225.000	36.527
2025-01-01T02:15:08.954576  17814	19.502	19.350	22.081	23.773	18.777	27.560	26.432	23.531	21.758	30.784	50.189	50.323	23.729	1501.210	0	0	0	0.00	-135.000	-135.000	225.000	36.527
2025-01-01T02:15:10.154542  17815	19.179	19.333	22.000	23.773	18.857	27.480	26.593	23.853	21.839	30.703	50.170	50.242	23.971	1542.289	0	0	0	0.00	-135.000	-135.000	225.000	36.527
2025-01-01T02:15:11.354547  17816	19.421	19.342	21.919	23.853	18.615	27.560	26.513	23.773	21.678	30.784	50.177	50.242	23.649	1517.399	0	0	0	0.00	-135.000	-135.000	225.000	36.527
2025-01-01T02:15:12.554803  17817	19.341	19.342	21.839	24.015	18.777	27.399	26.513	23.934	21.597	30.703	50.167	50.242	23.810	1515.547	0	0	0	0.00	-135.000	-135.000	225.000	36.527
2025-01-01T02:15:13.754690  17818	19.179	19.326	21.758	23.853	18.777	27.399	26.674	23.612	21.678	30.945	50.175	50.323	23.649	1554.210	0	0	0	0.00	-135.000	-135.000	225.000	36.527
2025-01-01T02:15:14.954733  17819	19.421	19.335	22.081	23.773	18.696	27.399	26.593	23.692	21.597	30.784	50.182	50.323	23.729	1527.467	0	0	0	0.00	-135.000	-135.000	225.000	36.527
2025-01-01T02:15:16.154773  17820	19.421	19.344	21.919	23.934	18.615	27.399	26.674	23.531	21.758	30.703	50.204	50.323	23.729	1503.588	0	0	0	0.00	-135.000	-135.000	225.000	36.527
2025-01-01T02:15:17.354736  17821	19.260	19.335	21.839	23.773	18.857	27.560	26.755	23.773	22.000	30.784	50.224	50.323	23.729	1522.527	0	0	0	0.00	-135.000	-135.000	225.000	36.527
2025-01-01T02:15:18.554793  17822	19.341	19.336	21.678	23.853	18.938	27.480	26.513	23.451	21.597	30.864	50.234	50.323	23.729	1518.705	0	0	0	0.00	-135.000	-135.000	225.000	36.527
2025-01-01T02:15:19.754835  17823	19.421	19.345	22.161	23.934	18.938	27.480	26.755	23.773	21.839	30.703	50.226	50.242	23.810	1494.823	0	0	0	0.00	-135.000	-135.000	225.000	36.527
2025-01-01T02:15:20.954876  17824	19.260	19.336	21.839	23.773	18.777	27.480	26.432	24.015	21.597	30.784	50.236	50.403	23.649	1513.924	0	0	0	0.00	-135.000	-135.000	225.000	36.527
2025-01-01T02:15:22.154998  17825	19.341	19.337	21.839	24.015	18.777	27.480	26.593	23.531	21.678	30.542	50.245	50.161	23.729	1510.246	0	0	0	0.00	-135.000	-135.000	225.000	36.527
2025-01-01T02:15:23.355004  17826	19.099	19.313	21.678	23.773	18.615	27.319	26.513	23.934	22.081	30.864	50.236	50.242	23.729	1567.950	0	0	0	0.00	-135.000	-135.000	225.000	36.527
2025-01-01T02:15:24.555143  17827	19.341	19.316	21.678	23.934	18.696	27.158	26.513	23.612	21.678	30.703	50.237	50.161	23.568	1558.238	0	0	0	0.00	-135.000	-135.000	225.000	36.527
2025-01-01T02:15:25.755119  17828	19.260	19.310	21.678	24.015	18.696	27.238	26.755	23.773	21.597	30.864	50.237	50.242	23.729	1570.111	0	0	0	0.00	-135.000	-135.000	225.000	36.527
2025-01-01T02:15:26.955751  17829	19.341	19.313	21.758	23.853	18.777	27.319	26.593	23.451	21.919	30.864	50.238	50.242	23.729	1560.089	0	0	0	0.00	-135.000	-135.000	225.000	36.527
2025-01-01T02:15:28.155134  17830	19.260	19.308	21.597	23.934	18.696	27.560	26.432	23.531	21.758	30.703	50.238	50.081	23.649	1571.353	0	0	0	0.00	-135.000	-135.000	225.000	36.527
2025-01-01T02:15:29.355236  17831	19.260	19.303	21.678	23.853	18.857	27.641	26.593	23.531	21.839	30.864	50.239	50.081	23.649	1581.147	0	0	0	0.00	-135.000	-135.000	225.000	36.527
2025-01-01T02:15:30.555253  17832	19.260	19.299	21.597	23.934	18.857	27.319	26.674	23.773	21.758	30.623	50.223	50.161	23.890	1589.780	0	0	0	0.00	-135.000	-135.000	225.000	36.527
2025-01-01T02:15:31.755262  17833	19.502	19.319	21.678	24.095	18.696	27.238	26.674	23.934	21.597	30.703	50.225	50.242	23.729	1536.276	0	0	0	0.00	-135.000	-135.000	225.000	36.527
2025-01-01T02:15:32.955445  17834	19.341	19.321	22.081	23.773	18.777	27.480	26.674	23.773	21.597	30.864	50.226	50.323	23.729	1528.983	0	0	0	0.00	-135.000	-135.000	225.000	36.527
2025-01-01T02:15:34.155410  17835	19.421	19.331	21.839	23.853	18.696	27.480	26.432	23.773	22.000	30.623	50.228	50.242	23.810	1501.493	0	0	0	0.00	-135.000	-135.000	225.000	36.527
2025-01-01T02:15:35.355508  17836	19.421	19.340	22.000	23.934	18.696	27.480	26.352	23.773	21.678	30.945	50.221	50.161	23.810	1476.620	0	0	0	0.00	-135.000	-135.000	225.000	36.527
2025-01-01T02:15:36.555438  17837	19.341	19.340	21.597	23.934	18.696	27.158	26.593	23.853	21.758	30.784	50.231	50.242	23.729	1474.303	0	0	0	0.00	-135.000	-135.000	225.000	36.527
2025-01-01T02:15:37.755484  17838	19.341	19.340	21.839	23.853	18.777	27.560	26.674	23.370	21.919	30.623	50.233	50.242	23.971	1471.821	0	0	0	0.00	-135.000	-135.000	225.000	36.527
2025-01-01T02:15:38.955530  17839	19.421	19.348	21.839	23.934	18.777	27.399	26.674	23.692	21.758	30.784	50.233	50.161	23.729	1448.984	0	0	0	0.00	-135.000	-135.000	225.000	36.527
2025-01-01T02:15:40.155630  17840	19.341	19.348	21.758	23.934	18.777	27.319	26.593	23.934	22.000	30.703	50.242	50.403	23.810	1448.660	0	0	0	0.00	-135.000	-135.000	225.000	36.527
2025-01-01T02:15:41.355651  17841	19.341	19.347	21.758	23.934	18.777	27.480	26.432	23.451	21.758	30.864	50.218	50.242	23.729	1447.970	0	0	0	0.00	-135.000	-135.000	225.000	36.527
2025-01-01T02:15:42.555651  17842	19.341	19.346	21.678	23.853	18.696	27.158	26.755	23.773	21.678	30.703	50.212	50.161	23.729	1447.109	0	0	0	0.00	-135.000	-135.000	225.000	36.527
2025-01-01T02:15:43.755770  17843	19.341	19.346	21.678	23.934	18.777	27.480	26.755	23.451	21.597	30.864	50.207	50.242	23.971	1446.094	0	0	0	0.00	-135.000	-135.000	225.000	36.527
2025-01-01T02:15:44.955808  17844	19.099	19.321	21.597	23.934	18.777	27.399	26.755	23.773	21.839	30.703	50.195	50.242	24.051	1506.037	0	0	0	0.00	-135.000	-135.000	225.000	36.527
2025-01-01T02:15:46.155849  17845	19.260	19.315	21.436	23.853	18.696	27.480	26.513	23.531	21.839	30.703	50.199	50.242	23.649	1518.705	0	0	0	0.00	-135.000	-135.000	225.000	36.527
2025-01-01T02:15:47.355855  17846	19.179	19.301	21.678	23.853	18.615	27.560	26.513	23.612	21.678	30.703	50.196	50.323	23.810	1550.609	0	0	0	0.00	-135.000	-135.000	225.000	36.527
2025-01-01T02:15:48.555879  17847	19.341	19.305	21.758	23.934	18.615	27.560	26.513	23.531	21.597	30.703	50.192	50.242	23.810	1538.309	0	0	0	0.00	-135.000	-135.000	225.000	36.527
2025-01-01T02:15:49.755918  17848	19.421	19.317	21.436	23.853	18.696	27.399	26.513	23.773	22.000	30.542	50.197	50.242	23.729	1506.960	0	0	0	0.00	-135.000	-135.000	225.000	36.527
2025-01-01T02:15:50.956065  17849	19.421	19.327	21.436	23.853	18.777	27.560	26.513	23.531	21.839	31.026	50.210	50.242	23.729	1478.608	0	0	0	0.00	-135.000	-135.000	225.000	36.527
2025-01-01T02:15:52.156195  17850	19.341	19.329	21.516	23.934	18.535	27.560	26.593	23.612	21.919	30.784	50.221	50.323	23.729	1473.161	0	0	0	0.00	-135.000	-135.000	225.000	36.527
2025-01-01T02:15:53.356059  17851	19.421	19.338	21.597	23.692	18.777	27.319	26.674	23.531	21.758	30.623	50.223	50.242	23.649	1447.496	0	0	0	0.00	-135.000	-135.000	225.000	36.527
2025-01-01T02:15:54.556100  17852	19.179	19.322	21.355	23.934	18.535	27.399	26.513	23.451	21.839	30.462	50.225	50.242	23.649	1485.354	0	0	0	0.00	-135.000	-135.000	225.000	36.527
2025-01-01T02:15:55.756120  17853	19.099	19.300	21.436	23.692	18.777	27.560	26.755	23.934	21.516	30.623	50.227	50.323	23.810	1539.185	0	0	0	0.00	-135.000	-135.000	225.000	36.527
2025-01-01T02:15:56.956178  17854	19.260	19.296	21.355	23.773	18.696	27.480	26.513	23.612	21.839	30.623	50.228	50.161	23.729	1546.670	0	0	0	0.00	-135.000	-135.000	225.000	36.527
2025-01-01T02:15:58.156211  17855	19.099	19.276	21.355	23.934	18.615	27.319	26.432	23.531	21.516	30.703	50.230	50.323	23.729	1594.276	0	0	0	0.00	-135.000	-135.000	225.000	36.527
2025-01-01T02:15:59.356475  17856	19.260	19.275	21.436	23.853	18.535	27.560	26.513	23.773	21.919	30.945	50.223	50.242	23.810	1596.003	0	0	0	0.00	-135.000	-135.000	225.000	36.527
2025-01-01T02:16:00.556305  17857	19.421	19.289	21.436	23.692	18.454	27.480	26.593	23.612	21.919	30.703	50.233	50.242	23.810	1556.970	0	0	0	0.00	-135.000	-135.000	225.000	36.527
2025-01-01T02:16:01.756471  17858	19.341	19.294	21.436	23.773	18.615	27.560	26.593	23.612	21.516	30.784	50.226	50.403	23.649	1542.230	0	0	0	0.00	-135.000	-135.000	225.000	36.527
2025-01-01T02:16:02.956488  17859	19.099	19.275	21.436	23.773	18.535	27.560	26.593	23.773	22.081	30.462	50.243	50.242	23.649	1589.657	0	0	0	0.00	-135.000	-135.000	225.000	36.527
2025-01-01T02:16:04.156503  17860	19.018	19.249	21.355	23.773	18.615	27.480	26.593	23.934	21.758	30.703	50.227	50.323	23.890	1652.155	0	0	0	0.00	-135.000	-135.000	225.000	36.527
2025-01-01T02:16:05.356610  17861	19.341	19.258	21.678	23.773	18.454	27.319	26.674	23.531	21.839	30.623	50.237	50.242	23.729	1626.773	0	0	0	0.00	-135.000	-135.000	225.000	36.527
2025-01-01T02:16:06.556531  17862	19.421	19.275	21.194	23.934	18.535	27.399	26.513	23.451	21.758	30.784	50.229	50.161	23.568	1583.971	0	0	0	0.00	-135.000	-135.000	225.000	36.527
2025-01-01T02:16:07.756629  17863	19.179	19.265	21.355	23.692	18.454	27.560	26.835	23.692	21.839	30.542	50.238	50.242	23.810	1606.407	0	0	0	0.00	-135.000	-135.000	225.000	36.527
2025-01-01T02:16:08.957330  17864	18.938	19.232	21.436	23.853	18.374	27.319	26.593	23.612	22.000	30.703	50.223	50.081	23.810	1687.080	0	0	0	0.00	-135.000	-135.000	225.000	36.527
2025-01-01T02:16:10.157299  17865	19.179	19.227	21.194	23.773	18.454	27.238	26.755	23.531	21.678	30.864	50.217	50.161	23.568	1698.155	0	0	0	0.00	-135.000	-135.000	225.000	36.527
2025-01-01T02:16:11.356709  17866	19.421	19.246	21.355	23.692	18.535	27.480	26.513	23.289	21.516	30.542	50.203	50.161	23.649	1647.388	0	0	0	0.00	-135.000	-135.000	225.000	36.527
2025-01-01T02:16:12.556810  17867	19.341	19.256	21.516	23.773	18.454	27.399	26.432	23.451	21.758	30.623	50.191	50.161	23.890	1622.251	0	0	0	0.00	-135.000	-135.000	225.000	36.527
2025-01-01T02:16:13.756929  17868	19.099	19.240	21.114	23.692	18.535	27.399	26.593	23.289	21.436	30.784	50.188	50.242	23.649	1660.320	0	0	0	0.00	-135.000	-135.000	225.000	36.527
2025-01-01T02:16:14.956874  17869	19.018	19.218	21.516	23.773	18.535	27.480	26.432	23.531	21.597	30.784	50.193	50.242	23.729	1714.395	0	0	0	0.00	-135.000	-135.000	225.000	36.527
2025-01-01T02:16:16.156937  17870	19.260	19.222	21.436	23.773	18.535	27.399	26.593	23.531	21.758	30.542	50.198	50.242	23.729	1701.797	0	0	0	0.00	-135.000	-135.000	225.000	36.527
2025-01-01T02:16:17.356905  17871	18.938	19.194	21.597	23.692	18.374	27.560	26.593	23.853	21.678	30.462	50.170	50.081	23.810	1772.214	0	0	0	0.00	-135.000	-135.000	225.000	36.527
2025-01-01T02:16:18.558334  17872	19.099	19.184	21.516	23.692	18.374	27.560	26.593	23.370	21.597	30.462	50.169	50.242	23.649	1794.262	0	0	0	0.00	-135.000	-135.000	225.000	36.527
2025-01-01T02:16:19.756995  17873	19.018	19.168	21.275	23.934	18.293	27.319	26.674	23.853	21.678	30.784	50.185	50.323	23.649	1834.720	0	0	0	0.00	-135.000	-135.000	225.000	36.527
2025-01-01T02:16:20.957109  17874	19.018	19.153	21.355	23.934	18.535	27.399	26.593	23.451	21.839	30.623	50.182	50.242	23.810	1870.959	0	0	0	0.00	-135.000	-135.000	225.000	36.527
2025-01-01T02:16:22.157150  17875	18.938	19.131	21.678	23.934	18.374	27.399	26.432	23.451	21.516	30.462	50.172	50.161	23.810	1923.926	0	0	0	0.00	-135.000	-135.000	225.000	36.527
2025-01-01T02:16:23.357122  17876	19.018	19.120	21.355	23.853	18.293	27.399	26.513	24.015	21.839	30.462	50.179	50.242	23.649	1951.115	0	0	0	0.00	-135.000	-135.000	225.000	36.527
2025-01-01T02:16:24.557260  17877	19.018	19.110	21.436	23.612	18.374	27.722	26.593	23.289	21.678	30.542	50.177	50.403	23.649	1975.735	0	0	0	0.00	-135.000	-135.000	225.000	36.527
2025-01-01T02:16:25.757353  17878	19.260	19.125	21.516	23.853	18.293	27.480	26.674	23.692	21.839	30.300	50.168	50.242	23.810	1936.787	0	0	0	0.00	-135.000	-135.000	225.000	36.527
2025-01-01T02:16:26.957313  17879	19.179	19.130	21.355	23.853	18.374	27.480	26.674	23.370	21.355	30.784	50.175	50.161	23.649	1922.400	0	0	0	0.00	-135.000	-135.000	225.000	36.527
2025-01-01T02:16:28.157358  17880	19.018	19.119	21.678	23.853	18.454	27.319	26.513	23.612	21.436	30.542	50.166	50.161	23.810	1949.890	0	0	0	0.00	-135.000	-135.000	225.000	36.527
2025-01-01T02:16:29.357412  17881	19.018	19.109	21.597	23.934	18.132	27.560	26.593	23.451	21.436	30.462	50.157	50.161	23.810	1974.296	0	0	0	0.00	-135.000	-135.000	225.000	36.527
2025-01-01T02:16:30.557556  17882	19.018	19.100	21.597	23.853	18.374	27.319	26.432	23.692	21.678	30.381	50.150	50.161	23.729	1996.250	0	0	0	0.00	-135.000	-135.000	225.000	36.527
2025-01-01T02:16:31.757948  17883	18.938	19.084	21.758	23.773	18.212	27.560	26.352	23.370	21.436	30.623	50.135	50.161	23.890	2036.357	0	0	0	0.00	-135.000	-135.000	225.000	36.527
2025-01-01T02:16:32.958540  17884	19.179	19.093	21.839	23.853	18.212	27.560	26.432	23.773	21.839	30.220	50.137	50.242	23.810	2011.246	0	0	0	0.00	-135.000	-135.000	225.000	36.527
2025-01-01T02:16:34.158769  17885	19.018	19.086	21.758	23.692	18.374	27.722	26.352	23.773	21.758	30.300	50.132	50.323	23.729	2029.731	0	0	0	0.00	-135.000	-135.000	225.000	36.527
2025-01-01T02:16:35.358652  17886	18.938	19.071	21.758	23.853	18.535	27.399	26.593	23.853	21.597	30.462	50.151	50.242	23.568	2066.398	0	0	0	0.00	-135.000	-135.000	225.000	36.527
2025-01-01T02:16:36.558605  17887	19.099	19.074	21.919	23.853	18.293	27.560	26.513	23.531	21.516	30.220	50.160	50.323	23.649	2058.553	0	0	0	0.00	-135.000	-135.000	225.000	36.527
2025-01-01T02:16:37.758709  17888	18.938	19.060	21.758	23.853	18.454	27.480	26.593	23.289	21.516	30.623	50.168	50.161	23.568	2092.472	0	0	0	0.00	-135.000	-135.000	225.000	36.527
2025-01-01T02:16:38.958727  17889	18.857	19.040	21.758	23.853	18.212	27.480	26.352	23.612	21.758	30.381	50.159	50.242	23.810	2143.087	0	0	0	0.00	-135.000	-135.000	225.000	36.527
2025-01-01T02:16:40.158928  17890	19.099	19.046	21.919	24.015	18.293	27.560	26.593	23.289	21.436	30.703	50.151	50.242	23.649	2127.484	0	0	0	0.00	-135.000	-135.000	225.000	36.527
2025-01-01T02:16:41.358844  17891	18.938	19.035	22.000	23.853	18.374	27.722	26.513	23.692	21.678	30.462	50.161	50.323	23.649	2154.586	0	0	0	0.00	-135.000	-135.000	225.000	36.527
2025-01-01T02:16:42.558851  17892	18.857	19.017	21.919	23.692	18.293	27.399	26.352	23.289	21.597	30.462	50.161	50.242	23.568	2199.061	0	0	0	0.00	-135.000	-135.000	225.000	36.527
2025-01-01T02:16:43.758860  17893	19.179	19.033	21.758	24.015	18.212	27.399	26.513	23.853	21.516	30.381	50.161	50.161	23.729	2157.572	0	0	0	0.00	-135.000	-135.000	225.000	36.527
2025-01-01T02:16:44.958971  17894	19.099	19.040	21.839	23.773	18.293	27.560	26.593	23.612	21.678	30.462	50.185	50.403	23.649	2141.116	0	0	0	0.00	-135.000	-135.000	225.000	36.527
2025-01-01T02:16:46.159071  17895	18.938	19.030	21.758	23.773	18.132	27.641	26.432	23.612	21.597	30.300	50.183	50.242	23.729	2166.802	0	0	0	0.00	-135.000	-135.000	225.000	36.527
2025-01-01T02:16:47.359056  17896	19.018	19.029	21.919	23.853	18.212	27.399	26.513	23.853	21.678	30.381	50.180	50.242	23.649	2169.277	0	0	0	0.00	-135.000	-135.000	225.000	36.527
2025-01-01T02:16:48.559023  17897	18.938	19.020	22.081	23.853	18.374	27.480	26.593	23.853	21.516	30.300	50.179	50.242	23.729	2192.015	0	0	0	0.00	-135.000	-135.000	225.000	36.527
2025-01-01T02:16:49.759073  17898	18.857	19.003	22.081	23.773	18.293	27.399	26.513	23.451	21.597	30.542	50.185	50.242	23.568	2232.729	0	0	0	0.00	-135.000	-135.000	225.000	36.527
2025-01-01T02:16:50.959184  17899	19.099	19.013	22.000	23.692	18.374	27.399	26.513	23.531	21.436	30.381	50.191	50.242	23.729	2208.214	0	0	0	0.00	-135.000	-135.000	225.000	36.527
2025-01-01T02:16:52.159227  17900	18.857	18.997	22.000	23.853	18.212	27.641	26.352	23.531	21.678	30.462	50.188	50.161	23.729	2247.660	0	0	0	0.00	-135.000	-135.000	225.000	36.527
2025-01-01T02:16:53.359558  17901	18.857	18.983	21.919	23.853	18.212	27.319	26.593	23.370	21.678	30.623	50.177	50.161	23.649	2282.779	0	0	0	0.00	-135.000	-135.000	225.000	36.527
2025-01-01T02:16:54.559387  17902	19.099	18.995	21.839	23.773	18.212	27.399	26.593	23.209	21.436	30.381	50.175	50.323	23.568	2253.393	0	0	0	0.00	-135.000	-135.000	225.000	36.527
2025-01-01T02:16:55.759291  17903	19.099	19.005	22.322	23.773	18.293	27.480	26.513	23.934	21.516	30.462	50.182	50.323	23.729	2227.359	0	0	0	0.00	-135.000	-135.000	225.000	36.527
2025-01-01T02:16:56.959337  17904	19.018	19.007	22.000	23.934	17.971	27.560	26.432	23.451	21.839	30.220	50.196	50.242	23.487	2224.224	0	0	0	0.00	-135.000	-135.000	225.000	36.527
2025-01-01T02:16:58.159413  17905	19.179	19.024	21.919	23.853	18.051	27.480	26.352	23.451	21.436	30.623	50.209	50.242	23.487	2180.498	0	0	0	0.00	-135.000	-135.000	225.000	36.527
2025-01-01T02:16:59.359486  17906	19.018	19.023	22.161	23.692	18.293	27.560	26.352	23.451	21.678	30.542	50.212	50.323	23.568	2182.070	0	0	0	0.00	-135.000	-135.000	225.000	36.527
2025-01-01T02:17:00.559538  17907	19.099	19.031	22.322	23.773	18.374	27.399	26.593	23.773	21.436	30.139	50.207	50.323	23.649	2162.785	0	0	0	0.00	-135.000	-135.000	225.000	36.527
2025-01-01T02:17:01.759643  17908	18.857	19.013	22.322	23.853	17.971	27.319	26.271	23.853	21.516	30.300	50.194	50.161	23.810	2206.615	0	0	0	0.00	-135.000	-135.000	225.000	36.527
2025-01-01T02:17:02.959819  17909	19.018	19.014	22.242	23.853	18.212	27.560	26.593	23.531	21.516	30.381	50.215	50.403	23.568	2204.949	0	0	0	0.00	-135.000	-135.000	225.000	36.527
2025-01-01T02:17:04.159603  17910	19.099	19.022	21.919	23.773	18.212	27.238	26.432	23.853	21.516	30.381	50.218	50.161	23.407	2183.398	0	0	0	0.00	-135.000	-135.000	225.000	36.527
2025-01-01T02:17:05.359761  17911	18.857	19.006	22.161	24.095	18.293	27.560	26.674	23.451	21.436	30.381	50.228	50.323	23.568	2225.184	0	0	0	0.00	-135.000	-135.000	225.000	36.527
2025-01-01T02:17:06.559684  17912	18.938	18.999	22.242	23.934	18.132	27.480	26.513	23.370	21.436	30.381	50.230	50.161	23.568	2242.043	0	0	0	0.00	-135.000	-135.000	225.000	36.527
2025-01-01T02:17:07.759788  17913	19.099	19.009	22.081	23.773	18.212	27.480	26.593	23.370	21.516	30.542	50.231	50.242	23.487	2216.695	0	0	0	0.00	-135.000	-135.000	225.000	36.527
2025-01-01T02:17:08.959808  17914	18.938	19.002	22.081	23.853	18.293	27.319	26.513	23.451	21.597	30.381	50.224	50.242	23.487	2234.863	0	0	0	0.00	-135.000	-135.000	225.000	36.527
2025-01-01T02:17:10.159873  17915	19.018	19.004	22.403	23.773	18.293	27.722	26.593	23.451	21.436	30.139	50.218	50.323	23.649	2230.571	0	0	0	0.00	-135.000	-135.000	225.000	36.527
2025-01-01T02:17:11.359930  17916	18.857	18.989	22.161	23.934	17.971	27.480	26.352	23.289	21.597	30.381	50.220	50.242	23.729	2267.585	0	0	0	0.00	-135.000	-135.000	225.000	36.527
2025-01-01T02:17:12.559893  17917	18.938	18.984	22.081	23.773	18.132	27.399	26.674	23.692	21.516	30.300	50.206	50.242	23.729	2280.311	0	0	0	0.00	-135.000	-135.000	225.000	36.527
2025-01-01T02:17:13.760140  17918	19.018	18.987	22.242	23.773	18.212	27.399	26.513	23.692	21.678	30.542	50.210	50.242	23.487	2271.603	0	0	0	0.00	-135.000	-135.000	225.000	36.527
2025-01-01T02:17:14.959986  17919	19.099	18.998	22.161	23.692	18.132	27.560	26.593	23.612	21.516	30.220	50.213	50.242	23.487	2243.550	0	0	0	0.00	-135.000	-135.000	225.000	36.527
2025-01-01T02:17:16.160220  17920	19.099	19.008	21.919	24.015	18.212	27.399	26.593	23.612	21.678	30.220	50.224	50.000	23.407	2218.393	0	0	0	0.00	-135.000	-135.000	225.000	36.527
2025-01-01T02:17:17.360202  17921	18.938	19.001	22.484	23.853	18.051	27.399	26.352	23.289	21.516	30.300	50.234	50.242	23.568	2236.412	0	0	0	0.00	-135.000	-135.000	225.000	36.527
2025-01-01T02:17:18.560169  17922	19.099	19.011	22.000	23.692	18.051	27.560	26.432	23.370	21.758	30.139	50.235	50.323	23.487	2211.621	0	0	0	0.00	-135.000	-135.000	225.000	36.527
2025-01-01T02:17:19.760222  17923	18.938	19.004	22.242	24.015	18.051	27.399	26.432	23.370	21.516	30.139	50.243	50.161	23.487	2230.295	0	0	0	0.00	-135.000	-135.000	225.000	36.527
2025-01-01T02:17:20.960198  17924	19.018	19.005	22.322	23.934	18.132	27.480	26.674	23.289	21.758	30.300	50.251	50.242	23.649	2226.458	0	0	0	0.00	-135.000	-135.000	225.000	36.527
2025-01-01T02:17:22.160387  17925	18.938	18.999	22.242	23.773	18.051	27.238	26.271	23.451	21.114	30.220	50.250	50.242	23.487	2243.517	0	0	0	0.00	-135.000	-135.000	225.000	36.527
2025-01-01T02:17:23.360291  17926	18.696	18.968	22.564	23.773	18.132	27.480	26.432	23.853	21.355	30.139	50.241	50.161	23.568	2319.841	0	0	0	0.00	-135.000	-135.000	225.000	36.527
2025-01-01T02:17:24.560406  17927	19.099	18.981	22.242	23.612	18.374	27.641	26.432	23.612	21.355	30.381	50.242	50.161	23.487	2286.442	0	0	0	0.00	-135.000	-135.000	225.000	36.527
2025-01-01T02:17:25.760374  17928	18.938	18.977	22.403	23.612	17.971	27.802	26.513	23.209	21.678	30.139	50.250	50.161	23.568	2297.847	0	0	0	0.00	-135.000	-135.000	225.000	36.527
2025-01-01T02:17:26.960550  17929	18.857	18.965	22.403	23.531	18.293	27.399	26.432	23.370	21.355	30.542	50.249	50.081	23.407	2328.200	0	0	0	0.00	-135.000	-135.000	225.000	36.527
2025-01-01T02:17:28.160533  17930	18.938	18.962	22.322	23.773	18.212	27.560	26.432	23.531	21.516	30.300	50.248	50.161	23.568	2335.093	0	0	0	0.00	-135.000	-135.000	225.000	36.527
2025-01-01T02:17:29.360512  17931	18.777	18.944	22.403	23.934	18.051	27.641	26.593	23.128	21.516	30.542	50.248	50.161	23.487	2382.229	0	0	0	0.00	-135.000	-135.000	225.000	36.527
2025-01-01T02:17:30.560553  17932	18.938	18.943	22.564	23.934	18.212	27.399	26.593	23.451	21.678	30.059	50.231	50.161	23.729	2383.755	0	0	0	0.00	-135.000	-135.000	225.000	36.527
2025-01-01T02:17:31.760861  17933	18.938	18.943	22.242	23.692	18.293	27.399	26.352	23.209	21.436	30.139	50.232	50.161	23.407	2385.496	0	0	0	0.00	-135.000	-135.000	225.000	36.527
2025-01-01T02:17:32.960781  17934	19.018	18.950	22.322	23.853	18.212	27.399	26.593	23.451	21.516	30.381	50.217	50.242	23.729	2366.743	0	0	0	0.00	-135.000	-135.000	225.000	36.527
2025-01-01T02:17:34.160648  17935	18.938	18.949	22.403	23.853	18.051	27.319	26.513	23.370	21.839	30.300	50.227	50.242	23.407	2370.376	0	0	0	0.00	-135.000	-135.000	225.000	36.527
2025-01-01T02:17:35.360782  17936	18.696	18.924	22.322	23.853	17.971	27.480	26.513	23.692	21.436	30.300	50.229	50.242	23.487	2434.621	0	0	0	0.00	-135.000	-135.000	225.000	36.527
2025-01-01T02:17:36.561031  17937	18.857	18.917	22.322	23.773	17.890	27.319	26.593	23.370	21.436	30.220	50.230	50.242	23.649	2451.442	0	0	0	0.00	-135.000	-135.000	225.000	36.527
2025-01-01T02:17:37.760811  17938	19.099	18.935	22.484	24.015	17.971	27.399	26.352	23.773	21.758	30.381	50.239	50.323	23.649	2405.914	0	0	0	0.00	-135.000	-135.000	225.000	36.527
2025-01-01T02:17:38.961170  17939	18.938	18.935	22.322	24.095	18.051	27.238	26.513	23.370	21.355	29.978	50.240	50.323	23.407	2406.081	0	0	0	0.00	-135.000	-135.000	225.000	36.527
2025-01-01T02:17:40.160965  17940	18.777	18.920	22.403	23.853	18.051	27.480	26.352	23.692	21.516	30.381	50.232	50.242	23.407	2446.678	0	0	0	0.00	-135.000	-135.000	225.000	36.527
2025-01-01T02:17:41.360919  17941	18.938	18.921	22.403	23.853	18.132	27.641	26.352	23.773	21.678	30.300	50.233	50.161	23.487	2442.321	0	0	0	0.00	-135.000	-135.000	225.000	36.527
2025-01-01T02:17:42.561020  17942	18.857	18.915	22.403	24.015	18.051	27.158	26.593	23.773	21.678	30.139	50.234	50.242	23.487	2459.131	0	0	0	0.00	-135.000	-135.000	225.000	36.527
2025-01-01T02:17:43.761030  17943	18.938	18.917	22.322	23.934	18.132	27.399	26.593	23.531	21.516	30.381	50.243	50.242	23.487	2453.834	0	0	0	0.00	-135.000	-135.000	225.000	36.527
2025-01-01T02:17:44.961256  17944	18.857	18.911	22.322	23.934	18.051	27.319	26.513	23.289	21.758	30.220	50.243	50.161	23.407	2469.637	0	0	0	0.00	-135.000	-135.000	225.000	36.527
2025-01-01T02:17:46.161143  17945	18.777	18.898	22.645	23.853	18.051	27.399	26.513	23.692	21.355	30.220	50.243	50.161	23.568	2504.162	0	0	0	0.00	-135.000	-135.000	225.000	36.527
2025-01-01T02:17:47.361235  17946	18.938	18.902	22.322	23.692	18.132	27.319	26.352	23.451	21.516	30.220	50.218	50.161	23.649	2494.501	0	0	0	0.00	-135.000	-135.000	225.000	36.527
2025-01-01T02:17:48.561332  17947	18.777	18.889	22.242	23.853	18.051	27.641	26.513	23.289	21.516	30.381	50.221	50.081	23.407	2526.902	0	0	0	0.00	-135.000	-135.000	225.000	36.527
2025-01-01T02:17:49.761256  17948	18.696	18.870	22.403	23.773	17.971	27.319	26.593	23.773	21.758	30.059	50.199	50.242	23.729	2576.257	0	0	0	0.00	-135.000	-135.000	225.000	36.527
2025-01-01T02:17:50.961410  17949	18.857	18.869	22.645	23.853	17.890	27.399	26.432	23.773	21.597	30.300	50.203	50.242	23.568	2580.001	0	0	0	0.00	-135.000	-135.000	225.000	36.527
2025-01-01T02:17:52.161334  17950	18.777	18.859	22.322	23.773	17.971	27.319	26.432	23.773	21.275	30.300	50.199	50.161	23.407	2604.156	0	0	0	0.00	-135.000	-135.000	225.000	36.527
2025-01-01T02:17:53.361344  17951	18.938	18.867	22.242	23.934	17.890	27.238	26.432	23.692	21.436	30.220	50.203	50.242	23.487	2585.165	0	0	0	0.00	-135.000	-135.000	225.000	36.527
2025-01-01T02:17:54.561479  17952	18.696	18.850	22.322	23.853	17.890	27.238	26.674	23.773	21.516	30.300	50.215	50.403	23.487	2629.529	0	0	0	0.00	-135.000	-135.000	225.000	36.527
2025-01-01T02:17:55.761541  17953	18.615	18.827	22.645	23.773	17.810	27.480	26.513	23.370	21.436	30.059	50.210	50.242	23.649	2689.554	0	0	0	0.00	-135.000	-135.000	225.000	36.527
2025-01-01T02:17:56.961496  17954	19.018	18.846	22.161	23.853	18.051	27.560	26.432	23.531	21.516	30.059	50.221	50.161	23.407	2641.863	0	0	0	0.00	-135.000	-135.000	225.000	36.527
2025-01-01T02:17:58.161698  17955	18.615	18.823	22.564	23.853	17.729	27.399	26.352	23.692	21.678	30.059	50.231	50.161	23.407	2701.554	0	0	0	0.00	-135.000	-135.000	225.000	36.527
2025-01-01T02:17:59.361666  17956	18.857	18.826	22.564	23.934	17.890	27.399	26.271	23.612	21.436	30.300	50.224	50.242	23.649	2693.649	0	0	0	0.00	-135.000	-135.000	225.000	36.527
2025-01-01T02:18:00.561741  17957	18.777	18.821	22.645	23.934	17.810	27.399	26.593	23.692	21.436	29.978	50.210	50.161	23.649	2707.480	0	0	0	0.00	-135.000	-135.000	225.000	36.527
2025-01-01T02:18:01.761816  17958	18.615	18.801	22.725	23.773	17.810	27.399	26.513	23.612	21.597	30.059	50.205	50.242	23.649	2760.653	0	0	0	0.00	-135.000	-135.000	225.000	36.527
2025-01-01T02:18:02.961690  17959	18.696	18.790	22.484	23.934	17.729	27.480	26.352	23.451	21.678	29.897	50.209	50.242	23.487	2788.088	0	0	0	0.00	-135.000	-135.000	225.000	36.527
2025-01-01T02:18:04.161754  17960	18.938	18.805	22.564	23.773	17.890	27.480	26.271	23.370	21.436	30.462	50.212	50.242	23.487	2752.061	0	0	0	0.00	-135.000	-135.000	225.000	36.527
2025-01-01T02:18:05.361807  17961	18.696	18.794	22.645	23.531	18.051	27.238	26.271	23.612	21.597	30.300	50.215	50.161	23.487	2781.257	0	0	0	0.00	-135.000	-135.000	225.000	36.527
2025-01-01T02:18:06.562007  17962	18.857	18.800	22.725	23.853	17.890	27.238	26.432	23.531	21.597	30.059	50.218	50.242	23.649	2766.537	0	0	0	0.00	-135.000	-135.000	225.000	36.527
2025-01-01T02:18:07.761960  17963	18.615	18.782	22.806	24.015	17.729	27.480	26.593	23.612	21.678	30.059	50.220	50.242	23.487	2814.803	0	0	0	0.00	-135.000	-135.000	225.000	36.527
2025-01-01T02:18:08.962148  17964	18.615	18.765	22.806	23.853	18.051	27.399	26.593	23.612	21.436	30.462	50.222	50.242	23.326	2858.028	0	0	0	0.00	-135.000	-135.000	225.000	36.527
2025-01-01T02:18:10.162025  17965	18.777	18.766	22.806	23.934	17.729	27.560	26.432	23.853	21.678	29.978	50.216	50.161	23.568	2856.471	0	0	0	0.00	-135.000	-135.000	225.000	36.527
2025-01-01T02:18:11.362236  17966	18.938	18.783	22.806	23.773	17.971	27.641	26.352	23.612	21.275	30.381	50.219	50.242	23.487	2814.818	0	0	0	0.00	-135.000	-135.000	225.000	36.527
2025-01-01T02:18:12.562127  17967	18.777	18.783	22.806	23.853	17.971	27.560	26.432	23.531	21.355	30.059	50.205	50.323	23.568	2818.426	0	0	0	0.00	-135.000	-135.000	225.000	36.527
2025-01-01T02:18:13.762205  17968	18.777	18.782	22.645	23.692	17.890	27.480	26.432	23.612	21.597	30.220	50.193	50.242	23.649	2821.509	0	0	0	0.00	-135.000	-135.000	225.000	36.527
2025-01-01T02:18:14.962220  17969	18.696	18.774	22.806	23.934	17.810	27.560	26.513	23.531	21.597	29.817	50.181	50.242	23.729	2844.802	0	0	0	0.00	-135.000	-135.000	225.000	36.527
2025-01-01T02:18:16.162269  17970	18.777	18.774	23.048	24.015	17.971	27.480	26.513	23.531	21.597	30.139	50.171	50.323	23.568	2845.453	0	0	0	0.00	-135.000	-135.000	225.000	36.527
2025-01-01T02:18:17.362401  17971	18.777	18.774	23.048	23.853	17.810	27.399	26.352	23.531	21.516	29.897	50.162	50.242	23.729	2846.358	0	0	0	0.00	-135.000	-135.000	225.000	36.527
2025-01-01T02:18:18.562292  17972	18.938	18.790	22.967	23.853	17.810	27.480	26.432	23.773	21.275	30.139	50.154	50.242	23.568	2806.599	0	0	0	0.00	-135.000	-135.000	225.000	36.527
2025-01-01T02:18:19.762508  17973	18.857	18.797	23.128	23.692	17.971	27.480	26.271	23.370	21.516	30.381	50.163	50.242	23.487	2791.548	0	0	0	0.00	-135.000	-135.000	225.000	36.527
2025-01-01T02:18:20.962567  17974	18.777	18.795	23.048	23.934	17.810	27.399	26.593	23.289	21.597	29.978	50.171	50.242	23.487	2798.302	0	0	0	0.00	-135.000	-135.000	225.000	36.527
2025-01-01T02:18:22.162486  17975	18.696	18.785	23.048	23.773	17.729	27.399	26.352	23.692	21.436	30.381	50.178	50.242	23.568	2824.744	0	0	0	0.00	-135.000	-135.000	225.000	36.527
2025-01-01T02:18:23.362462  17976	18.615	18.768	22.806	23.692	17.971	27.480	26.432	23.531	21.355	30.381	50.184	50.242	23.487	2868.956	0	0	0	0.00	-135.000	-135.000	225.000	36.527
2025-01-01T02:18:24.562557  17977	18.696	18.761	23.048	23.773	17.810	27.480	26.352	23.853	21.194	30.059	50.166	50.242	23.649	2888.491	0	0	0	0.00	-135.000	-135.000	225.000	36.527
2025-01-01T02:18:25.762748  17978	18.696	18.754	23.128	23.692	17.729	27.238	26.432	23.692	21.275	30.139	50.157	50.161	23.407	2906.446	0	0	0	0.00	-135.000	-135.000	225.000	36.527
2025-01-01T02:18:26.962654  17979	18.615	18.741	23.289	23.692	17.971	27.399	26.593	23.853	21.678	30.300	50.150	50.242	23.487	2943.181	0	0	0	0.00	-135.000	-135.000	225.000	36.527
2025-01-01T02:18:28.162698  17980	18.777	18.744	22.886	23.934	17.890	27.560	26.432	23.451	21.436	30.139	50.143	50.242	23.649	2935.624	0	0	0	0.00	-135.000	-135.000	225.000	36.527
2025-01-01T02:18:29.362864  17981	18.696	18.739	23.289	23.773	17.890	27.399	26.432	23.612	21.436	30.059	50.137	50.242	23.649	2949.667	0	0	0	0.00	-135.000	-135.000	225.000	36.527
2025-01-01T02:18:30.562684  17982	18.777	18.743	23.209	23.934	17.810	27.641	26.513	23.128	21.355	30.220	50.147	50.242	23.729	2941.991	0	0	0	0.00	-135.000	-135.000	225.000	36.527
2025-01-01T02:18:31.762822  17983	18.615	18.730	23.289	23.934	17.971	27.319	26.352	23.531	21.516	30.220	50.149	50.161	23.407	2976.128	0	0	0	0.00	-135.000	-135.000	225.000	36.527
2025-01-01T02:18:32.962875  17984	18.615	18.719	23.289	23.853	17.810	27.480	26.432	23.612	21.436	30.059	50.142	50.242	23.649	3006.801	0	0	0	0.00	-135.000	-135.000	225.000	36.527
2025-01-01T02:18:34.162923  17985	18.777	18.725	23.209	24.095	18.051	27.399	26.352	23.451	21.516	30.381	50.152	50.323	23.487	2993.944	0	0	0	0.00	-135.000	-135.000	225.000	36.527
2025-01-01T02:18:35.363181  17986	18.777	18.730	23.370	24.015	17.971	27.641	26.352	23.612	21.597	29.817	50.145	50.242	23.810	2982.854	0	0	0	0.00	-135.000	-135.000	225.000	36.527
2025-01-01T02:18:36.562987  17987	18.615	18.718	23.370	23.773	17.810	27.480	26.352	23.692	21.516	30.300	50.146	50.242	23.568	3013.754	0	0	0	0.00	-135.000	-135.000	225.000	36.527
2025-01-01T02:18:37.763044  17988	18.696	18.716	23.289	23.934	17.971	27.399	26.432	23.531	21.597	30.300	50.148	50.242	23.487	3021.150	0	0	0	0.00	-135.000	-135.000	225.000	36.527
2025-01-01T02:18:38.963086  17989	18.615	18.706	23.451	23.853	17.810	27.319	26.271	23.692	21.516	30.220	50.149	50.242	23.568	3048.542	0	0	0	0.00	-135.000	-135.000	225.000	36.527
2025-01-01T02:18:40.163118  17990	18.696	18.705	23.370	23.773	17.971	27.560	26.432	23.370	21.597	29.978	50.142	50.081	23.649	3052.938	0	0	0	0.00	-135.000	-135.000	225.000	36.527
2025-01-01T02:18:41.363104  17991	18.615	18.696	23.612	23.773	17.810	27.319	26.271	23.370	21.597	30.059	50.128	50.081	23.568	3077.636	0	0	0	0.00	-135.000	-135.000	225.000	36.527
2025-01-01T02:18:42.563267  17992	18.777	18.704	23.048	23.773	17.890	27.560	26.432	23.451	21.597	30.300	50.140	50.242	23.326	3059.245	0	0	0	0.00	-135.000	-135.000	225.000	36.527
2025-01-01T02:18:43.763313  17993	18.696	18.703	23.531	23.773	17.971	27.641	26.352	23.773	21.597	30.300	50.142	50.081	23.568	3063.535	0	0	0	0.00	-135.000	-135.000	225.000	36.527
2025-01-01T02:18:44.963225  17994	18.857	18.719	23.451	23.773	17.890	27.480	26.513	23.209	21.516	30.059	50.152	50.161	23.568	3026.718	0	0	0	0.00	-135.000	-135.000	225.000	36.527
2025-01-01T02:18:46.163277  17995	18.938	18.741	23.370	23.853	17.971	27.399	26.432	23.370	21.436	30.220	50.161	50.242	23.487	2973.644	0	0	0	0.00	-135.000	-135.000	225.000	36.527
2025-01-01T02:18:47.363416  17996	18.777	18.744	23.531	23.692	17.890	27.560	26.352	23.612	21.436	30.139	50.169	50.242	23.568	2966.808	0	0	0	0.00	-135.000	-135.000	225.000	36.527
2025-01-01T02:18:48.563356  17997	18.615	18.731	23.289	23.934	17.890	27.399	26.513	23.370	21.275	30.300	50.160	50.242	23.568	3001.219	0	0	0	0.00	-135.000	-135.000	225.000	36.527
2025-01-01T02:18:49.763471  17998	18.857	18.744	23.612	23.692	18.051	27.560	26.352	23.531	21.355	30.220	50.168	50.242	23.568	2971.040	0	0	0	0.00	-135.000	-135.000	225.000	36.527
2025-01-01T02:18:50.963525  17999	18.777	18.747	23.612	23.934	18.132	27.319	26.352	23.451	21.597	30.059	50.184	50.403	23.487	2964.828	0	0	0	0.00	-135.000	-135.000	225.000	36.527
2025-01-01T02:18:52.163647  18000	18.857	18.758	23.692	23.853	18.212	27.480	26.593	23.773	21.597	29.978	50.173	50.242	23.729	2938.867	0	0	0	0.00	-135.000	-135.000	225.000	36.527
2025-01-01T02:18:53.363541  18001	18.777	18.760	23.612	23.934	18.212	27.399	26.432	23.370	21.839	30.381	50.188	50.323	23.487	2936.129	0	0	0	0.00	-135.000	-135.000	225.000	36.527
2025-01-01T02:18:54.563583  18002	18.857	18.770	23.531	24.015	18.132	27.238	26.513	23.370	21.516	30.220	50.178	50.323	23.649	2913.298	0	0	0	0.00	-135.000	-135.000	225.000	36.527
2025-01-01T02:18:55.763639  18003	18.857	18.778	23.531	23.853	18.212	27.399	26.352	23.692	21.597	30.059	50.184	50.242	23.649	2893.010	0	0	0	0.00	-135.000	-135.000	225.000	36.527
2025-01-01T02:18:56.963901  18004	18.857	18.786	23.692	24.095	18.132	27.319	26.513	23.531	21.355	30.300	50.190	50.323	23.649	2874.849	0	0	0	0.00	-135.000	-135.000	225.000	36.527
2025-01-01T02:18:58.163847  18005	18.777	18.785	23.773	23.773	18.293	27.319	26.593	23.934	21.436	30.381	50.195	50.323	23.568	2878.970	0	0	0	0.00	-135.000	-135.000	225.000	36.527
2025-01-01T02:18:59.363756  18006	19.018	18.809	23.692	23.773	18.132	27.560	26.432	23.853	21.436	30.139	50.192	50.161	23.568	2821.583	0	0	0	0.00	-135.000	-135.000	225.000	36.527
2025-01-01T02:19:00.563926  18007	18.777	18.805	23.531	23.853	18.132	27.238	26.593	23.531	21.678	30.139	50.205	50.323	23.649	2831.496	0	0	0	0.00	-135.000	-135.000	225.000	36.527
2025-01-01T02:19:01.763836  18008	18.857	18.811	23.773	23.853	18.212	27.319	26.755	23.531	21.758	30.059	50.225	50.403	23.649	2819.727	0	0	0	0.00	-135.000	-135.000	225.000	36.527
2025-01-01T02:19:02.963954  18009	18.938	18.823	23.773	23.853	18.293	27.399	26.674	23.692	21.436	30.139	50.218	50.323	23.729	2789.031	0	0	0	0.00	-135.000	-135.000	225.000	36.527
2025-01-01T02:19:04.163965  18010	18.777	18.819	23.692	23.773	18.374	27.480	26.593	23.370	21.436	30.139	50.213	50.242	23.568	2802.341	0	0	0	0.00	-135.000	-135.000	225.000	36.527
2025-01-01T02:19:05.363989  18011	18.696	18.806	23.531	23.934	18.132	27.319	26.755	23.370	21.758	29.978	50.199	50.323	23.649	2834.513	0	0	0	0.00	-135.000	-135.000	225.000	36.527
2025-01-01T02:19:06.564142  18012	19.018	18.828	23.773	24.015	18.293	27.480	26.513	23.370	21.758	30.139	50.196	50.323	23.729	2782.065	0	0	0	0.00	-135.000	-135.000	225.000	36.527
2025-01-01T02:19:07.764172  18013	19.099	18.855	23.773	23.853	18.132	27.560	26.432	23.773	21.678	30.139	50.192	50.323	23.729	2715.128	0	0	0	0.00	-135.000	-135.000	225.000	36.527
2025-01-01T02:19:08.964161  18014	18.938	18.863	23.853	23.773	18.374	27.399	26.755	23.451	21.597	30.300	50.189	50.242	23.649	2695.707	0	0	0	0.00	-135.000	-135.000	225.000	36.527
2025-01-01T02:19:10.164154  18015	18.938	18.870	23.612	24.095	18.212	27.560	26.593	23.612	21.516	30.059	50.194	50.242	23.568	2677.948	0	0	0	0.00	-135.000	-135.000	225.000	36.527
2025-01-01T02:19:11.364312  18016	18.777	18.861	23.773	23.692	18.535	27.480	26.432	23.692	21.678	30.381	50.199	50.242	23.487	2702.737	0	0	0	0.00	-135.000	-135.000	225.000	36.527
2025-01-01T02:19:12.564366  18017	18.777	18.853	23.692	23.853	18.293	27.319	26.513	23.451	21.597	30.139	50.179	50.081	23.487	2724.883	0	0	0	0.00	-135.000	-135.000	225.000	36.527
2025-01-01T02:19:13.764272  18018	18.857	18.853	23.612	24.015	18.212	27.319	26.674	23.531	21.516	30.381	50.185	50.242	23.729	2724.608	0	0	0	0.00	-135.000	-135.000	225.000	36.527
2025-01-01T02:19:14.964288  18019	18.777	18.845	23.692	23.773	18.293	27.480	26.513	23.531	21.597	30.139	50.183	50.161	23.568	2744.983	0	0	0	0.00	-135.000	-135.000	225.000	36.527
2025-01-01T02:19:16.164494  18020	19.099	18.871	23.612	23.934	18.293	27.641	26.593	23.209	21.597	30.059	50.197	50.161	23.487	2681.860	0	0	0	0.00	-135.000	-135.000	225.000	36.527
2025-01-01T02:19:17.364487  18021	18.938	18.877	23.531	24.095	18.293	27.399	26.432	23.773	21.839	29.978	50.202	50.242	23.568	2666.354	0	0	0	0.00	-135.000	-135.000	225.000	36.527
2025-01-01T02:19:18.564508  18022	18.938	18.884	23.289	24.095	18.132	27.319	26.674	23.451	21.678	29.978	50.206	50.161	23.568	2652.120	0	0	0	0.00	-135.000	-135.000	225.000	36.527
2025-01-01T02:19:19.764505  18023	18.777	18.873	23.612	24.015	18.293	27.399	26.513	23.370	21.919	30.139	50.217	50.323	23.487	2680.081	0	0	0	0.00	-135.000	-135.000	225.000	36.527
2025-01-01T02:19:20.964540  18024	18.857	18.871	23.692	23.853	18.454	27.399	26.513	23.853	21.678	30.220	50.220	50.242	23.649	2684.714	0	0	0	0.00	-135.000	-135.000	225.000	36.527
2025-01-01T02:19:22.164583  18025	18.938	18.878	23.531	24.095	18.293	27.238	26.674	23.531	22.000	30.220	50.214	50.242	23.729	2668.782	0	0	0	0.00	-135.000	-135.000	225.000	36.527
2025-01-01T02:19:23.364745  18026	18.938	18.884	23.451	23.692	18.454	27.480	26.513	23.370	21.597	30.220	50.209	50.242	23.487	2654.650	0	0	0	0.00	-135.000	-135.000	225.000	36.527
2025-01-01T02:19:24.564726  18027	18.938	18.889	23.612	23.773	18.454	27.238	26.593	23.692	21.678	30.220	50.188	50.161	23.810	2641.971	0	0	0	0.00	-135.000	-135.000	225.000	36.527
2025-01-01T02:19:25.764733  18028	18.696	18.870	23.612	23.934	18.293	27.399	26.432	23.853	21.758	30.059	50.177	50.161	23.729	2691.698	0	0	0	0.00	-135.000	-135.000	225.000	36.527
2025-01-01T02:19:26.964793  18029	18.857	18.869	23.692	23.853	18.535	27.319	26.755	23.370	21.678	30.059	50.184	50.242	23.649	2695.452	0	0	0	0.00	-135.000	-135.000	225.000	36.527
2025-01-01T02:19:28.164795  18030	19.018	18.884	23.692	23.853	18.293	27.641	26.674	23.934	21.678	30.059	50.181	50.323	23.729	2658.524	0	0	0	0.00	-135.000	-135.000	225.000	36.527
2025-01-01T02:19:29.364979  18031	19.099	18.905	23.531	23.934	18.374	27.319	26.513	23.370	21.678	29.978	50.171	50.323	23.649	2605.236	0	0	0	0.00	-135.000	-135.000	225.000	36.527
2025-01-01T02:19:30.564872  18032	18.938	18.908	23.531	23.934	18.374	27.480	26.593	23.370	21.919	30.139	50.178	50.323	23.649	2598.098	0	0	0	0.00	-135.000	-135.000	225.000	36.527
2025-01-01T02:19:31.764986  18033	19.018	18.919	23.289	23.934	18.535	27.399	26.593	23.451	21.275	30.381	50.177	50.161	23.487	2571.028	0	0	0	0.00	-135.000	-135.000	225.000	36.527
2025-01-01T02:19:32.965064  18034	19.099	18.937	23.289	23.773	18.293	27.560	26.513	23.370	21.355	30.381	50.175	50.161	23.568	2526.452	0	0	0	0.00	-135.000	-135.000	225.000	36.527
2025-01-01T02:19:34.165022  18035	18.696	18.913	23.370	23.773	18.374	27.480	26.674	23.692	21.516	30.300	50.166	50.242	23.729	2588.245	0	0	0	0.00	-135.000	-135.000	225.000	36.527
2025-01-01T02:19:35.365133  18036	19.099	18.932	23.289	23.692	18.374	27.399	26.432	23.209	22.000	29.897	50.181	50.242	23.568	2541.443	0	0	0	0.00	-135.000	-135.000	225.000	36.527
2025-01-01T02:19:36.565093  18037	18.777	18.916	23.451	24.015	18.293	27.560	26.674	23.692	21.678	30.059	50.163	50.161	23.729	2581.516	0	0	0	0.00	-135.000	-135.000	225.000	36.527
2025-01-01T02:19:37.765204  18038	18.938	18.918	23.370	24.095	18.374	27.480	26.593	23.531	21.678	30.300	50.171	50.161	23.487	2576.365	0	0	0	0.00	-135.000	-135.000	225.000	36.527
2025-01-01T02:19:38.965392  18039	18.857	18.912	23.209	23.692	18.212	27.399	26.352	23.531	22.000	30.059	50.170	50.242	23.568	2592.460	0	0	0	0.00	-135.000	-135.000	225.000	36.527
2025-01-01T02:19:40.165354  18040	18.777	18.899	23.289	23.773	18.454	27.480	26.432	23.773	21.758	30.220	50.177	50.323	23.649	2627.250	0	0	0	0.00	-135.000	-135.000	225.000	36.527
2025-01-01T02:19:41.365291  18041	18.857	18.895	23.289	23.853	18.374	27.480	26.432	23.531	21.516	30.462	50.184	50.242	23.649	2638.190	0	0	0	0.00	-135.000	-135.000	225.000	36.527
2025-01-01T02:19:42.565317  18042	18.938	18.899	23.048	23.934	18.293	27.399	26.593	23.692	21.758	30.059	50.182	50.323	23.649	2627.933	0	0	0	0.00	-135.000	-135.000	225.000	36.527
2025-01-01T02:19:43.765478  18043	18.938	18.903	23.370	23.934	18.374	27.399	26.513	23.853	21.678	30.059	50.180	50.242	23.729	2618.904	0	0	0	0.00	-135.000	-135.000	225.000	36.527
2025-01-01T02:19:44.965474  18044	19.179	18.930	23.048	23.934	18.374	27.560	26.593	23.612	21.516	30.462	50.194	50.161	23.326	2549.731	0	0	0	0.00	-135.000	-135.000	225.000	36.527
2025-01-01T02:19:46.165442  18045	18.777	18.915	23.370	23.692	18.374	27.560	26.271	23.531	21.678	30.220	50.183	50.242	23.810	2589.654	0	0	0	0.00	-135.000	-135.000	225.000	36.527
2025-01-01T02:19:47.365472  18046	18.938	18.917	23.048	24.015	18.454	27.480	26.674	23.370	21.516	30.462	50.188	50.242	23.487	2584.205	0	0	0	0.00	-135.000	-135.000	225.000	36.527
2025-01-01T02:19:48.565522  18047	19.099	18.935	23.289	23.692	18.535	27.399	26.593	23.370	21.758	30.300	50.186	50.242	23.568	2538.939	0	0	0	0.00	-135.000	-135.000	225.000	36.527
2025-01-01T02:19:49.765724  18048	19.018	18.944	23.370	23.853	18.535	27.319	26.593	23.289	21.758	30.462	50.183	50.161	23.568	2518.821	0	0	0	0.00	-135.000	-135.000	225.000	36.527
2025-01-01T02:19:50.965677  18049	18.938	18.943	23.451	23.853	18.454	27.319	26.593	23.531	21.678	30.220	50.189	50.242	23.568	2520.904	0	0	0	0.00	-135.000	-135.000	225.000	36.527
2025-01-01T02:19:52.165661  18050	18.857	18.935	23.370	23.934	18.374	27.319	26.513	23.451	21.839	30.220	50.178	50.242	23.729	2543.022	0	0	0	0.00	-135.000	-135.000	225.000	36.527
2025-01-01T02:19:53.365703  18051	19.099	18.951	23.612	24.015	18.535	27.399	26.593	23.612	21.678	30.300	50.193	50.161	23.649	2501.776	0	0	0	0.00	-135.000	-135.000	225.000	36.527
2025-01-01T02:19:54.565805  18052	19.179	18.974	23.451	23.773	18.535	27.560	26.593	23.612	21.839	30.300	50.190	50.242	23.568	2444.705	0	0	0	0.00	-135.000	-135.000	225.000	36.527
2025-01-01T02:19:55.765923  18053	19.018	18.978	23.531	23.934	18.615	27.319	26.593	23.451	21.758	30.220	50.171	50.161	23.729	2434.106	0	0	0	0.00	-135.000	-135.000	225.000	36.527
2025-01-01T02:19:56.965895  18054	19.018	18.982	23.451	23.853	18.454	27.399	26.835	23.853	21.758	30.220	50.178	50.323	23.649	2424.230	0	0	0	0.00	-135.000	-135.000	225.000	36.527
2025-01-01T02:19:58.165982  18055	19.018	18.986	23.370	23.853	18.535	27.399	26.593	23.773	21.678	30.220	50.168	50.161	23.729	2415.329	0	0	0	0.00	-135.000	-135.000	225.000	36.527
2025-01-01T02:19:59.365976  18056	18.938	18.981	23.531	23.934	18.374	27.480	26.513	23.612	21.919	30.220	50.184	50.323	23.649	2427.670	0	0	0	0.00	-135.000	-135.000	225.000	36.527
2025-01-01T02:20:00.566163  18057	18.857	18.969	23.289	23.853	18.374	27.158	26.755	23.289	21.839	30.220	50.189	50.323	23.729	2459.025	0	0	0	0.00	-135.000	-135.000	225.000	36.527
2025-01-01T02:20:01.765999  18058	18.938	18.966	23.370	23.853	18.696	27.480	26.513	23.451	21.919	30.462	50.187	50.323	23.729	2466.819	0	0	0	0.00	-135.000	-135.000	225.000	36.527
2025-01-01T02:20:02.966204  18059	19.018	18.971	23.128	24.095	18.696	27.399	26.755	23.612	21.516	30.300	50.192	50.242	23.487	2453.671	0	0	0	0.00	-135.000	-135.000	225.000	36.527
2025-01-01T02:20:04.166082  18060	19.099	18.984	23.209	24.015	18.535	27.319	26.513	23.370	21.839	30.220	50.205	50.242	23.568	2421.625	0	0	0	0.00	-135.000	-135.000	225.000	36.527
2025-01-01T02:20:05.366318  18061	19.018	18.987	23.370	23.934	18.374	27.480	26.593	23.692	22.000	30.220	50.209	50.323	23.568	2413.238	0	0	0	0.00	-135.000	-135.000	225.000	36.527
2025-01-01T02:20:06.566203  18062	19.018	18.990	23.289	23.934	18.293	27.480	26.674	23.692	21.839	29.978	50.212	50.242	23.568	2405.517	0	0	0	0.00	-135.000	-135.000	225.000	36.527
2025-01-01T02:20:07.766311  18063	19.099	19.001	23.209	23.934	18.374	27.480	26.513	23.451	21.919	30.220	50.215	50.323	23.649	2378.188	0	0	0	0.00	-135.000	-135.000	225.000	36.527
2025-01-01T02:20:08.966388  18064	19.099	19.011	23.451	23.773	18.535	27.319	26.513	23.692	21.597	30.300	50.226	50.323	23.729	2353.686	0	0	0	0.00	-135.000	-135.000	225.000	36.527
2025-01-01T02:20:10.166393  18065	18.938	19.004	23.209	23.853	18.535	27.399	26.674	23.370	21.678	30.381	50.219	50.161	23.649	2372.295	0	0	0	0.00	-135.000	-135.000	225.000	36.527
2025-01-01T02:20:11.366357  18066	19.099	19.013	23.048	24.015	18.535	27.480	26.755	23.370	21.919	30.300	50.222	50.323	23.568	2348.034	0	0	0	0.00	-135.000	-135.000	225.000	36.527
2025-01-01T02:20:12.566458  18067	19.179	19.030	22.886	23.934	18.454	27.480	26.755	23.451	21.678	30.300	50.216	50.242	23.568	2306.089	0	0	0	0.00	-135.000	-135.000	225.000	36.527
2025-01-01T02:20:13.766457  18068	19.018	19.029	22.967	23.934	18.615	27.399	26.835	23.853	21.678	30.462	50.218	50.161	23.568	2309.100	0	0	0	0.00	-135.000	-135.000	225.000	36.527
2025-01-01T02:20:14.966478  18069	19.179	19.044	22.967	23.934	18.535	27.399	26.513	23.370	21.597	30.381	50.221	50.161	23.326	2270.747	0	0	0	0.00	-135.000	-135.000	225.000	36.527
2025-01-01T02:20:16.166589  18070	19.099	19.049	23.048	23.934	18.454	27.238	26.593	23.370	21.436	30.462	50.199	50.161	23.649	2256.794	0	0	0	0.00	-135.000	-135.000	225.000	36.527
2025-01-01T02:20:17.366563  18071	18.777	19.022	22.806	23.773	18.374	27.319	26.674	23.692	21.678	30.300	50.187	50.161	23.729	2325.460	0	0	0	0.00	-135.000	-135.000	225.000	36.527
2025-01-01T02:20:18.566610  18072	19.179	19.038	22.886	23.934	18.454	27.560	26.593	23.531	21.758	30.462	50.184	50.242	23.487	2284.949	0	0	0	0.00	-135.000	-135.000	225.000	36.527
2025-01-01T02:20:19.766771  18073	19.018	19.036	22.806	23.934	18.454	27.319	26.674	23.853	21.758	30.300	50.166	50.242	23.729	2289.897	0	0	0	0.00	-135.000	-135.000	225.000	36.527
2025-01-01T02:20:20.966760  18074	19.179	19.050	22.886	23.612	18.454	27.560	26.593	23.289	21.597	30.381	50.173	50.242	23.568	2253.290	0	0	0	0.00	-135.000	-135.000	225.000	36.527
2025-01-01T02:20:22.166846  18075	18.938	19.039	23.048	24.095	18.293	27.319	26.674	23.370	22.000	30.300	50.180	50.242	23.729	2281.630	0	0	0	0.00	-135.000	-135.000	225.000	36.527
2025-01-01T02:20:23.366809  18076	19.018	19.037	23.128	24.015	18.615	27.319	26.593	23.773	21.839	30.220	50.170	50.323	23.729	2286.334	0	0	0	0.00	-135.000	-135.000	225.000	36.527
2025-01-01T02:20:24.566966  18077	19.099	19.043	22.967	23.692	18.615	27.480	26.755	23.370	21.839	30.542	50.178	50.323	23.568	2270.351	0	0	0	0.00	-135.000	-135.000	225.000	36.527
2025-01-01T02:20:25.766859  18078	19.099	19.049	23.048	24.176	18.615	27.399	26.593	23.531	22.081	30.300	50.176	50.161	23.729	2256.061	0	0	0	0.00	-135.000	-135.000	225.000	36.527
2025-01-01T02:20:26.966901  18079	19.018	19.046	22.967	23.853	18.454	27.319	26.513	23.692	22.000	30.542	50.199	50.161	23.487	2263.491	0	0	0	0.00	-135.000	-135.000	225.000	36.527
2025-01-01T02:20:28.166957  18080	19.099	19.051	22.967	23.853	18.696	27.238	26.593	23.612	21.597	30.139	50.195	50.242	23.568	2249.640	0	0	0	0.00	-135.000	-135.000	225.000	36.527
2025-01-01T02:20:29.366995  18081	19.179	19.064	22.886	23.934	18.454	27.319	26.835	23.853	21.678	30.381	50.208	50.323	23.649	2216.904	0	0	0	0.00	-135.000	-135.000	225.000	36.527
2025-01-01T02:20:30.567171  18082	19.179	19.075	22.967	24.015	18.535	27.480	26.755	23.451	21.839	30.462	50.219	50.403	23.649	2187.477	0	0	0	0.00	-135.000	-135.000	225.000	36.527
2025-01-01T02:20:31.767095  18083	18.938	19.062	22.886	23.853	18.374	27.319	26.513	23.451	21.678	30.220	50.205	50.242	23.729	2221.961	0	0	0	0.00	-135.000	-135.000	225.000	36.527
2025-01-01T02:20:32.967166  18084	19.099	19.065	22.967	24.015	18.535	27.399	26.835	23.370	21.919	30.462	50.209	50.242	23.568	2211.827	0	0	0	0.00	-135.000	-135.000	225.000	36.527
2025-01-01T02:20:34.167167  18085	18.938	19.053	22.806	23.934	18.454	27.399	26.755	23.531	21.678	30.300	50.196	50.242	23.729	2243.689	0	0	0	0.00	-135.000	-135.000	225.000	36.527
2025-01-01T02:20:35.367176  18086	19.099	19.057	22.806	23.853	18.696	27.480	26.916	23.692	21.919	30.542	50.193	50.081	23.568	2231.359	0	0	0	0.00	-135.000	-135.000	225.000	36.527
2025-01-01T02:20:36.567265  18087	19.179	19.069	22.886	23.773	18.615	27.319	26.674	23.692	21.597	30.381	50.198	50.161	23.568	2200.146	0	0	0	0.00	-135.000	-135.000	225.000	36.527
2025-01-01T02:20:37.767495  18088	19.179	19.080	22.564	23.853	18.615	27.722	26.755	23.209	21.758	30.220	50.202	50.081	23.568	2172.094	0	0	0	0.00	-135.000	-135.000	225.000	36.527
2025-01-01T02:20:38.967477  18089	19.179	19.090	22.967	23.934	18.535	27.480	26.835	23.934	21.839	30.220	50.222	50.323	23.649	2146.721	0	0	0	0.00	-135.000	-135.000	225.000	36.527
2025-01-01T02:20:40.167384  18090	18.938	19.075	22.725	24.095	18.535	27.480	26.593	23.612	21.758	30.300	50.216	50.161	23.568	2184.851	0	0	0	0.00	-135.000	-135.000	225.000	36.527
2025-01-01T02:20:41.367434  18091	19.260	19.094	22.967	23.773	18.615	27.399	26.593	23.451	21.597	30.381	50.219	50.161	23.568	2137.272	0	0	0	0.00	-135.000	-135.000	225.000	36.527
2025-01-01T02:20:42.567533  18092	19.018	19.086	22.886	23.853	18.615	27.319	26.835	23.531	21.919	30.462	50.229	50.242	23.649	2156.006	0	0	0	0.00	-135.000	-135.000	225.000	36.527
2025-01-01T02:20:43.767542  18093	19.341	19.112	22.564	23.934	18.696	27.319	26.835	23.451	21.839	30.059	50.246	50.242	23.568	2090.913	0	0	0	0.00	-135.000	-135.000	225.000	36.527
2025-01-01T02:20:44.967555  18094	19.179	19.118	22.564	24.015	18.696	27.319	26.513	23.853	21.597	30.139	50.254	50.081	23.568	2073.463	0	0	0	0.00	-135.000	-135.000	225.000	36.527
2025-01-01T02:20:46.167606  18095	19.179	19.124	22.886	24.015	18.535	27.399	26.755	23.773	21.839	30.542	50.261	50.403	23.649	2057.309	0	0	0	0.00	-135.000	-135.000	225.000	36.527
2025-01-01T02:20:47.367701  18096	19.099	19.122	22.645	24.015	18.615	27.319	26.513	23.773	22.081	30.300	50.267	50.323	23.649	2063.009	0	0	0	0.00	-135.000	-135.000	225.000	36.527
2025-01-01T02:20:48.567695  18097	19.179	19.128	22.806	24.015	18.615	27.238	26.674	23.531	21.597	30.462	50.273	50.242	23.568	2047.544	0	0	0	0.00	-135.000	-135.000	225.000	36.527
2025-01-01T02:20:49.767717  18098	19.099	19.125	22.725	24.015	18.615	27.480	26.835	23.692	21.597	30.220	50.253	50.081	23.810	2054.030	0	0	0	0.00	-135.000	-135.000	225.000	36.527
2025-01-01T02:20:50.967918  18099	19.099	19.122	22.886	24.176	18.454	27.399	26.593	23.773	21.919	30.300	50.252	50.323	23.729	2059.635	0	0	0	0.00	-135.000	-135.000	225.000	36.527
2025-01-01T02:20:52.167793  18100	19.179	19.128	22.645	23.934	18.615	27.319	26.674	23.853	21.516	30.220	50.259	50.323	23.649	2044.244	0	0	0	0.00	-135.000	-135.000	225.000	36.527
2025-01-01T02:20:53.367861  18101	19.179	19.133	22.725	24.015	18.615	27.399	26.593	23.773	21.919	30.300	50.266	50.323	23.649	2030.430	0	0	0	0.00	-135.000	-135.000	225.000	36.527
2025-01-01T02:20:54.568109  18102	19.341	19.154	22.564	23.773	18.696	27.238	26.835	23.612	21.839	30.139	50.263	50.161	23.487	1977.142	0	0	0	0.00	-135.000	-135.000	225.000	36.527
2025-01-01T02:20:55.767979  18103	19.099	19.148	22.806	24.095	18.696	27.158	26.755	23.612	21.919	30.300	50.253	50.161	23.649	1990.362	0	0	0	0.00	-135.000	-135.000	225.000	36.527
2025-01-01T02:20:56.968123  18104	19.260	19.160	22.645	24.095	18.454	27.560	26.513	23.370	21.919	30.300	50.252	50.242	23.649	1960.979	0	0	0	0.00	-135.000	-135.000	225.000	36.527
2025-01-01T02:20:58.168134  18105	19.179	19.162	22.564	24.176	18.615	27.238	26.755	23.773	21.758	30.623	50.243	50.161	23.568	1955.035	0	0	0	0.00	-135.000	-135.000	225.000	36.527
2025-01-01T02:20:59.368080  18106	19.099	19.155	22.645	23.934	18.777	27.238	26.593	23.692	21.839	30.220	50.227	50.242	23.810	1969.763	0	0	0	0.00	-135.000	-135.000	225.000	36.527
2025-01-01T02:21:00.568209  18107	19.179	19.158	22.725	23.853	18.615	27.238	26.674	23.612	21.597	30.381	50.236	50.323	23.729	1962.425	0	0	0	0.00	-135.000	-135.000	225.000	36.527
2025-01-01T02:21:01.768264  18108	19.099	19.152	22.564	23.853	18.777	27.480	26.674	23.289	21.678	30.623	50.229	50.242	23.649	1976.220	0	0	0	0.00	-135.000	-135.000	225.000	36.527
2025-01-01T02:21:02.968296  18109	19.099	19.147	22.564	24.095	18.535	27.238	26.593	23.531	21.516	30.300	50.214	50.242	23.810	1988.405	0	0	0	0.00	-135.000	-135.000	225.000	36.527
2025-01-01T02:21:04.168384  18110	19.341	19.166	22.645	23.853	18.696	27.399	26.674	23.370	21.919	30.381	50.225	50.403	23.649	1938.212	0	0	0	0.00	-135.000	-135.000	225.000	36.527
2025-01-01T02:21:05.368297  18111	19.260	19.175	22.806	24.095	18.696	27.238	26.593	23.451	21.678	30.300	50.210	50.323	23.649	1913.648	0	0	0	0.00	-135.000	-135.000	225.000	36.527
2025-01-01T02:21:06.568335  18112	19.018	19.160	22.725	24.015	18.696	27.480	26.513	23.289	21.678	30.139	50.230	50.242	23.568	1952.286	0	0	0	0.00	-135.000	-135.000	225.000	36.527
2025-01-01T02:21:07.768583  18113	19.179	19.162	22.645	23.692	18.938	27.560	26.835	23.692	21.839	30.542	50.223	50.242	23.568	1945.837	0	0	0	0.00	-135.000	-135.000	225.000	36.527
2025-01-01T02:21:08.968480  18114	19.341	19.180	22.725	24.176	18.535	27.480	26.755	23.692	22.000	30.139	50.217	50.242	23.729	1899.502	0	0	0	0.00	-135.000	-135.000	225.000	36.527
2025-01-01T02:21:10.168706  18115	19.099	19.171	22.645	24.176	18.857	27.480	26.593	23.934	21.597	30.462	50.211	50.242	23.568	1918.977	0	0	0	0.00	-135.000	-135.000	225.000	36.527
2025-01-01T02:21:11.368579  18116	19.179	19.172	22.564	24.095	18.696	27.480	26.593	23.289	21.678	30.220	50.222	50.161	23.487	1915.586	0	0	0	0.00	-135.000	-135.000	225.000	36.527
2025-01-01T02:21:12.568545  18117	19.099	19.165	22.564	24.095	18.615	27.480	26.593	23.531	22.000	30.300	50.208	50.242	23.729	1932.933	0	0	0	0.00	-135.000	-135.000	225.000	36.527
2025-01-01T02:21:13.768728  18118	19.341	19.183	22.484	23.853	18.857	27.480	26.835	23.692	21.678	30.381	50.195	50.161	23.649	1887.227	0	0	0	0.00	-135.000	-135.000	225.000	36.527
2025-01-01T02:21:14.968769  18119	19.179	19.182	22.484	23.934	18.696	27.158	26.432	23.773	21.919	30.462	50.192	50.161	23.810	1887.062	0	0	0	0.00	-135.000	-135.000	225.000	36.527
2025-01-01T02:21:16.168753  18120	19.179	19.182	22.484	24.176	18.777	27.480	26.755	23.773	22.081	30.542	50.197	50.323	23.729	1886.465	0	0	0	0.00	-135.000	-135.000	225.000	36.527
2025-01-01T02:21:17.368722  18121	19.179	19.182	22.484	23.934	18.374	27.319	26.674	23.612	21.919	30.381	50.201	50.242	23.729	1885.803	0	0	0	0.00	-135.000	-135.000	225.000	36.527
2025-01-01T02:21:18.568768  18122	19.260	19.190	22.403	24.095	18.696	27.238	26.593	23.289	21.436	30.381	50.206	50.242	23.568	1864.717	0	0	0	0.00	-135.000	-135.000	225.000	36.527
2025-01-01T02:21:19.768877  18123	19.341	19.205	22.322	23.692	18.696	27.319	26.835	23.612	21.678	30.139	50.209	50.161	23.568	1825.354	0	0	0	0.00	-135.000	-135.000	225.000	36.527
2025-01-01T02:21:20.968870  18124	19.099	19.194	22.242	23.853	18.615	27.319	26.835	23.853	21.839	30.381	50.204	50.161	23.649	1850.941	0	0	0	0.00	-135.000	-135.000	225.000	36.527
2025-01-01T02:21:22.169008  18125	19.179	19.193	22.403	24.095	18.615	27.480	26.916	23.531	21.678	30.300	50.200	50.242	23.810	1853.053	0	0	0	0.00	-135.000	-135.000	225.000	36.527
2025-01-01T02:21:23.369002  18126	19.179	19.191	22.161	24.015	18.777	27.399	26.593	23.531	21.516	30.220	50.188	50.161	23.810	1854.992	0	0	0	0.00	-135.000	-135.000	225.000	36.527
2025-01-01T02:21:24.569052  18127	19.018	19.174	22.242	23.934	18.615	27.319	26.674	23.612	22.081	30.381	50.177	50.242	23.649	1897.338	0	0	0	0.00	-135.000	-135.000	225.000	36.527
2025-01-01T02:21:25.769125  18128	19.018	19.158	22.242	24.095	18.696	27.480	26.755	23.451	22.000	30.381	50.184	50.403	23.649	1935.114	0	0	0	0.00	-135.000	-135.000	225.000	36.527
2025-01-01T02:21:26.969196  18129	19.018	19.144	22.242	23.934	18.615	27.399	26.593	23.773	21.597	30.300	50.182	50.403	23.729	1969.100	0	0	0	0.00	-135.000	-135.000	225.000	36.527
2025-01-01T02:21:28.169248  18130	19.179	19.148	21.839	23.773	18.696	27.158	26.674	23.451	21.919	30.300	50.172	50.161	23.729	1958.945	0	0	0	0.00	-135.000	-135.000	225.000	36.527
2025-01-01T02:21:29.369223  18131	19.341	19.167	21.919	24.095	18.615	27.480	26.755	23.531	21.516	30.542	50.187	50.323	23.568	1909.275	0	0	0	0.00	-135.000	-135.000	225.000	36.527
2025-01-01T02:21:30.569266  18132	19.179	19.168	22.161	24.095	18.535	27.319	26.513	23.612	21.919	30.139	50.200	50.242	23.649	1905.386	0	0	0	0.00	-135.000	-135.000	225.000	36.527
2025-01-01T02:21:31.769322  18133	19.179	19.170	22.242	23.773	18.535	27.319	26.593	23.773	21.919	30.381	50.212	50.323	23.649	1901.436	0	0	0	0.00	-135.000	-135.000	225.000	36.527
2025-01-01T02:21:32.969322  18134	19.341	19.187	22.081	23.934	18.615	27.319	26.593	23.209	21.758	30.300	50.215	50.242	23.649	1857.028	0	0	0	0.00	-135.000	-135.000	225.000	36.527
2025-01-01T02:21:34.169299  18135	19.018	19.170	22.322	23.853	18.454	27.480	26.755	23.531	21.678	30.381	50.210	50.242	23.729	1898.599	0	0	0	0.00	-135.000	-135.000	225.000	36.527
2025-01-01T02:21:35.369430  18136	19.341	19.187	21.919	24.015	18.535	27.480	26.674	23.370	21.678	30.462	50.213	50.161	23.568	1853.902	0	0	0	0.00	-135.000	-135.000	225.000	36.527
2025-01-01T02:21:36.569565  18137	19.018	19.170	22.242	23.853	18.615	27.399	26.674	23.934	21.758	30.542	50.216	50.242	23.810	1895.533	0	0	0	0.00	-135.000	-135.000	225.000	36.527
2025-01-01T02:21:37.769461  18138	19.179	19.171	22.081	24.015	18.454	27.399	26.593	23.853	21.839	30.220	50.203	50.161	23.729	1891.620	0	0	0	0.00	-135.000	-135.000	225.000	36.527
2025-01-01T02:21:38.969484  18139	19.260	19.180	22.242	23.692	18.454	27.480	26.674	23.289	21.678	30.462	50.206	50.242	23.568	1867.928	0	0	0	0.00	-135.000	-135.000	225.000	36.527
2025-01-01T02:21:40.169607  18140	19.018	19.164	21.919	24.095	18.615	27.560	26.674	23.370	21.839	30.542	50.202	50.161	23.729	1907.676	0	0	0	0.00	-135.000	-135.000	225.000	36.527
2025-01-01T02:21:41.369581  18141	19.179	19.165	21.919	23.934	18.374	27.399	26.513	23.853	21.516	30.542	50.206	50.161	23.568	1902.226	0	0	0	0.00	-135.000	-135.000	225.000	36.527
2025-01-01T02:21:42.569608  18142	19.341	19.183	21.919	24.095	18.454	27.399	26.674	23.531	21.758	30.381	50.210	50.161	23.649	1856.791	0	0	0	0.00	-135.000	-135.000	225.000	36.527
2025-01-01T02:21:43.769731  18143	19.099	19.174	22.322	23.934	18.374	27.238	26.513	23.692	21.839	30.381	50.205	50.242	23.729	1877.074	0	0	0	0.00	-135.000	-135.000	225.000	36.527
2025-01-01T02:21:44.969733  18144	19.179	19.175	21.919	24.095	18.374	27.480	26.835	23.692	21.516	30.381	50.208	50.242	23.568	1874.412	0	0	0	0.00	-135.000	-135.000	225.000	36.527
2025-01-01T02:21:46.169768  18145	19.260	19.183	22.081	23.773	18.535	27.722	26.755	23.612	21.758	30.542	50.220	50.161	23.568	1851.687	0	0	0	0.00	-135.000	-135.000	225.000	36.527
2025-01-01T02:21:47.369965  18146	19.099	19.175	22.081	23.934	18.454	27.480	26.674	23.531	21.839	30.462	50.222	50.242	23.729	1871.944	0	0	0	0.00	-135.000	-135.000	225.000	36.527
2025-01-01T02:21:48.569974  18147	18.938	19.151	22.322	23.773	18.454	27.399	26.755	23.451	21.597	30.300	50.224	50.242	23.810	1930.509	0	0	0	0.00	-135.000	-135.000	225.000	36.527
2025-01-01T02:21:49.770029  18148	19.099	19.146	22.161	24.095	18.535	27.399	26.755	23.773	21.597	30.462	50.210	50.161	23.729	1942.211	0	0	0	0.00	-135.000	-135.000	225.000	36.527
2025-01-01T02:21:50.969997  18149	19.018	19.133	22.322	24.015	18.535	27.399	26.593	23.773	21.678	30.300	50.213	50.242	23.649	1973.362	0	0	0	0.00	-135.000	-135.000	225.000	36.527
2025-01-01T02:21:52.170052  18150	19.018	19.122	22.081	24.015	18.454	27.560	26.593	23.692	21.919	30.300	50.216	50.242	23.649	2001.223	0	0	0	0.00	-135.000	-135.000	225.000	36.527
2025-01-01T02:21:53.370108  18151	19.099	19.119	22.242	23.934	18.615	27.480	26.674	23.692	21.919	30.462	50.210	50.242	23.649	2005.920	0	0	0	0.00	-135.000	-135.000	225.000	36.527
2025-01-01T02:21:54.570058  18152	19.018	19.109	22.081	23.934	18.454	27.560	26.593	23.531	21.839	30.300	50.197	50.242	23.729	2030.602	0	0	0	0.00	-135.000	-135.000	225.000	36.527
2025-01-01T02:21:55.770272  18153	19.099	19.108	22.161	23.934	18.454	27.399	26.593	23.692	21.839	30.139	50.202	50.161	23.649	2032.280	0	0	0	0.00	-135.000	-135.000	225.000	36.527
2025-01-01T02:21:56.970166  18154	19.260	19.124	22.161	24.095	18.615	27.319	26.593	23.773	21.597	30.462	50.206	50.161	23.568	1993.154	0	0	0	0.00	-135.000	-135.000	225.000	36.527
2025-01-01T02:21:58.170232  18155	19.260	19.137	22.161	24.176	18.454	27.399	26.755	23.531	21.597	30.381	50.201	50.242	23.649	1958.083	0	0	0	0.00	-135.000	-135.000	225.000	36.527
2025-01-01T02:21:59.370316  18156	19.260	19.149	22.081	23.934	18.535	27.319	26.755	23.612	21.839	30.139	50.214	50.242	23.649	1926.337	0	0	0	0.00	-135.000	-135.000	225.000	36.527
2025-01-01T02:22:00.570366  18157	19.018	19.136	22.242	24.015	18.535	27.319	26.755	23.692	21.839	30.381	50.216	50.323	23.568	1958.673	0	0	0	0.00	-135.000	-135.000	225.000	36.527
2025-01-01T02:22:01.770352  18158	19.179	19.141	22.322	24.015	18.535	27.480	26.835	23.853	21.758	30.139	50.211	50.323	23.729	1946.554	0	0	0	0.00	-135.000	-135.000	225.000	36.527
2025-01-01T02:22:02.970429  18159	19.260	19.153	22.081	24.015	18.615	27.319	26.755	23.370	21.678	30.462	50.198	50.242	23.810	1915.478	0	0	0	0.00	-135.000	-135.000	225.000	36.527
2025-01-01T02:22:04.170430  18160	19.018	19.139	22.000	23.934	18.374	27.319	26.755	23.451	21.516	30.381	50.186	50.161	23.729	1948.581	0	0	0	0.00	-135.000	-135.000	225.000	36.527
2025-01-01T02:22:05.370534  18161	19.179	19.143	22.242	23.934	18.615	27.399	26.755	23.370	21.516	30.462	50.192	50.242	23.487	1937.149	0	0	0	0.00	-135.000	-135.000	225.000	36.527
2025-01-01T02:22:06.570651  18162	19.260	19.155	22.322	24.015	18.615	27.319	26.755	23.370	21.678	30.139	50.189	50.323	23.810	1906.691	0	0	0	0.00	-135.000	-135.000	225.000	36.527
2025-01-01T02:22:07.770608  18163	19.099	19.149	22.081	24.095	18.535	27.238	26.674	23.451	21.758	30.462	50.178	50.161	23.810	1919.987	0	0	0	0.00	-135.000	-135.000	225.000	36.527
2025-01-01T02:22:08.970727  18164	19.099	19.144	22.000	23.934	18.535	27.399	26.674	23.370	21.758	30.462	50.168	50.161	23.729	1931.564	0	0	0	0.00	-135.000	-135.000	225.000	36.527
2025-01-01T02:22:10.170749  18165	19.018	19.132	22.242	23.934	18.615	27.560	26.674	23.692	21.597	30.300	50.176	50.242	23.890	1962.274	0	0	0	0.00	-135.000	-135.000	225.000	36.527
2025-01-01T02:22:11.370676  18166	19.099	19.128	22.322	23.773	18.454	27.319	26.835	23.531	22.081	30.059	50.182	50.161	23.729	1969.376	0	0	0	0.00	-135.000	-135.000	225.000	36.527
2025-01-01T02:22:12.570715  18167	19.179	19.133	21.919	24.176	18.374	27.399	26.674	23.370	21.436	30.300	50.188	50.161	23.568	1955.495	0	0	0	0.00	-135.000	-135.000	225.000	36.527
2025-01-01T02:22:13.770882  18168	19.260	19.146	22.242	23.773	18.696	27.158	26.593	23.451	21.839	30.300	50.186	50.242	23.407	1922.673	0	0	0	0.00	-135.000	-135.000	225.000	36.527
2025-01-01T02:22:14.970858  18169	19.179	19.149	22.081	23.934	18.615	27.399	26.674	23.531	22.000	30.139	50.167	50.161	23.810	1913.478	0	0	0	0.00	-135.000	-135.000	225.000	36.527
2025-01-01T02:22:16.170848  18170	19.179	19.152	22.000	24.095	18.374	27.480	26.674	23.773	21.597	30.139	50.166	50.161	23.810	1904.917	0	0	0	0.00	-135.000	-135.000	225.000	36.527
2025-01-01T02:22:17.370956  18171	19.099	19.147	22.242	23.853	18.454	27.480	26.593	23.612	21.839	30.300	50.182	50.242	23.568	1917.448	0	0	0	0.00	-135.000	-135.000	225.000	36.527
2025-01-01T02:22:18.570928  18172	19.179	19.150	22.242	24.095	18.535	27.560	26.513	23.612	21.758	30.059	50.172	50.323	23.810	1908.132	0	0	0	0.00	-135.000	-135.000	225.000	36.527
2025-01-01T02:22:19.770970  18173	19.179	19.153	22.000	23.934	18.615	27.319	26.593	23.773	21.839	30.220	50.171	50.323	23.649	1899.784	0	0	0	0.00	-135.000	-135.000	225.000	36.527
2025-01-01T02:22:20.971069  18174	19.018	19.140	22.081	24.015	18.454	27.480	26.755	23.289	21.678	30.300	50.186	50.242	23.568	1932.875	0	0	0	0.00	-135.000	-135.000	225.000	36.527
2025-01-01T02:22:22.171118  18175	19.099	19.136	21.919	24.095	18.535	27.560	26.755	23.531	21.678	30.300	50.200	50.242	23.568	1941.956	0	0	0	0.00	-135.000	-135.000	225.000	36.527
2025-01-01T02:22:23.371179  18176	19.018	19.124	22.161	23.853	18.454	27.319	26.674	23.531	21.678	30.542	50.204	50.242	23.568	1970.585	0	0	0	0.00	-135.000	-135.000	225.000	36.527
2025-01-01T02:22:24.571285  18177	19.099	19.121	22.081	23.853	18.454	27.238	26.674	23.612	21.597	30.381	50.192	50.161	23.729	1975.811	0	0	0	0.00	-135.000	-135.000	225.000	36.527
2025-01-01T02:22:25.771195  18178	19.179	19.127	22.000	24.015	18.374	27.399	26.674	23.692	21.758	30.300	50.197	50.161	23.487	1960.244	0	0	0	0.00	-135.000	-135.000	225.000	36.527
2025-01-01T02:22:26.971348  18179	19.018	19.116	22.161	24.015	18.374	27.560	26.674	23.612	21.839	30.220	50.201	50.161	23.649	1986.996	0	0	0	0.00	-135.000	-135.000	225.000	36.527
2025-01-01T02:22:28.171276  18180	19.018	19.107	22.000	24.095	18.535	27.238	26.916	23.773	21.758	30.381	50.205	50.161	23.568	2010.738	0	0	0	0.00	-135.000	-135.000	225.000	36.527
2025-01-01T02:22:29.371453  18181	19.018	19.098	22.081	23.934	18.374	27.480	26.674	23.692	21.839	30.381	50.217	50.081	23.568	2032.092	0	0	0	0.00	-135.000	-135.000	225.000	36.527
2025-01-01T02:22:30.571394  18182	19.018	19.090	22.081	23.853	18.454	27.319	26.674	23.773	21.919	30.381	50.211	50.323	23.810	2051.302	0	0	0	0.00	-135.000	-135.000	225.000	36.527
2025-01-01T02:22:31.771396  18183	19.099	19.091	22.322	24.015	18.454	27.319	26.674	23.370	21.839	30.462	50.214	50.323	23.729	2048.210	0	0	0	0.00	-135.000	-135.000	225.000	36.527
2025-01-01T02:22:32.971520  18184	19.099	19.092	22.081	23.853	18.454	27.399	26.835	23.531	21.839	30.381	50.217	50.323	23.649	2045.521	0	0	0	0.00	-135.000	-135.000	225.000	36.527
2025-01-01T02:22:34.171565  18185	19.179	19.100	22.322	24.015	18.293	27.641	26.674	23.370	21.597	30.139	50.212	50.242	23.729	2022.667	0	0	0	0.00	-135.000	-135.000	225.000	36.527
2025-01-01T02:22:35.371592  18186	19.099	19.100	22.000	24.095	18.293	27.319	26.593	23.531	22.000	30.059	50.199	50.403	23.810	2022.498	0	0	0	0.00	-135.000	-135.000	225.000	36.527
2025-01-01T02:22:36.571618  18187	19.018	19.092	22.403	23.934	18.374	27.399	26.513	23.612	21.597	30.381	50.211	50.323	23.649	2042.481	0	0	0	0.00	-135.000	-135.000	225.000	36.527
2025-01-01T02:22:37.771680  18188	19.099	19.093	22.322	23.853	18.293	27.319	26.513	23.531	21.516	30.059	50.198	50.161	23.810	2039.928	0	0	0	0.00	-135.000	-135.000	225.000	36.527
2025-01-01T02:22:38.971710  18189	19.099	19.093	22.081	24.095	18.374	27.399	26.674	23.531	21.919	30.381	50.202	50.323	23.568	2037.722	0	0	0	0.00	-135.000	-135.000	225.000	36.527
2025-01-01T02:22:40.171701  18190	19.018	19.086	22.242	24.095	18.454	27.560	26.835	23.773	21.839	30.300	50.190	50.161	23.890	2056.033	0	0	0	0.00	-135.000	-135.000	225.000	36.527
2025-01-01T02:22:41.371967  18191	19.341	19.111	22.000	23.934	18.454	27.399	26.674	23.370	21.758	30.542	50.195	50.242	23.568	1990.879	0	0	0	0.00	-135.000	-135.000	225.000	36.527
2025-01-01T02:22:42.571991  18192	19.018	19.102	22.081	24.015	18.293	27.319	26.916	23.531	22.000	30.139	50.208	50.161	23.568	2014.107	0	0	0	0.00	-135.000	-135.000	225.000	36.527
2025-01-01T02:22:43.771878  18193	19.018	19.094	22.242	23.934	18.615	27.399	26.593	23.531	21.436	30.381	50.211	50.242	23.568	2034.351	0	0	0	0.00	-135.000	-135.000	225.000	36.527
2025-01-01T02:22:44.971889  18194	19.179	19.102	22.322	24.095	18.293	27.399	26.755	23.531	21.597	30.139	50.215	50.242	23.649	2011.830	0	0	0	0.00	-135.000	-135.000	225.000	36.527
2025-01-01T02:22:46.171989  18195	19.179	19.110	22.403	23.934	18.454	27.319	26.755	23.451	21.597	30.300	50.217	50.323	23.729	1991.760	0	0	0	0.00	-135.000	-135.000	225.000	36.527
2025-01-01T02:22:47.372000  18196	19.179	19.117	22.242	23.853	18.454	27.319	26.674	23.451	21.919	30.139	50.228	50.323	23.729	1973.572	0	0	0	0.00	-135.000	-135.000	225.000	36.527
2025-01-01T02:22:48.572218  18197	19.179	19.123	22.322	23.934	18.454	27.480	26.835	23.289	21.758	30.381	50.229	50.323	23.729	1957.074	0	0	0	0.00	-135.000	-135.000	225.000	36.527
2025-01-01T02:22:49.772125  18198	19.018	19.113	22.161	23.934	18.454	27.238	26.593	23.612	21.516	30.381	50.214	50.161	23.810	1982.827	0	0	0	0.00	-135.000	-135.000	225.000	36.527
2025-01-01T02:22:50.972220  18199	19.018	19.103	22.161	23.934	18.535	27.399	26.674	23.692	21.678	30.300	50.193	50.161	23.810	2005.673	0	0	0	0.00	-135.000	-135.000	225.000	36.527
2025-01-01T02:22:52.172290  18200	19.179	19.111	22.242	23.934	18.615	27.238	26.593	23.934	21.678	30.300	50.174	50.161	23.729	1985.492	0	0	0	0.00	-135.000	-135.000	225.000	36.527
2025-01-01T02:22:53.372193  18201	18.857	19.085	22.403	23.853	18.374	27.480	26.674	23.451	21.919	30.381	50.189	50.403	23.810	2048.982	0	0	0	0.00	-135.000	-135.000	225.000	36.527
2025-01-01T02:22:54.572298  18202	19.018	19.079	22.242	23.692	18.615	27.399	26.755	23.289	21.758	30.462	50.178	50.242	23.487	2064.852	0	0	0	0.00	-135.000	-135.000	225.000	36.527
2025-01-01T02:22:55.772278  18203	19.018	19.073	22.081	23.853	18.374	27.319	26.513	23.853	21.919	30.220	50.184	50.323	23.729	2079.445	0	0	0	0.00	-135.000	-135.000	225.000	36.527
2025-01-01T02:22:56.972448  18204	19.099	19.075	21.919	24.176	18.374	27.399	26.916	23.612	21.758	30.139	50.190	50.242	23.568	2072.202	0	0	0	0.00	-135.000	-135.000	225.000	36.527
2025-01-01T02:22:58.172420  18205	19.099	19.078	21.919	23.934	18.535	27.560	26.916	23.370	21.839	30.139	50.195	50.323	23.729	2065.774	0	0	0	0.00	-135.000	-135.000	225.000	36.527
2025-01-01T02:22:59.372612  18206	19.018	19.072	22.081	23.773	18.374	27.238	26.593	23.934	21.516	30.220	50.216	50.242	23.649	2080.282	0	0	0	0.00	-135.000	-135.000	225.000	36.527
2025-01-01T02:23:00.572417  18207	19.018	19.066	22.000	24.015	18.132	27.641	26.674	23.451	22.081	30.139	50.210	50.323	23.568	2093.166	0	0	0	0.00	-135.000	-135.000	225.000	36.527
2025-01-01T02:23:01.772492  18208	19.099	19.070	21.839	23.853	18.293	27.560	26.755	23.773	21.597	30.381	50.214	50.242	23.487	2084.386	0	0	0	0.00	-135.000	-135.000	225.000	36.527
2025-01-01T02:23:02.972710  18209	19.018	19.065	22.000	23.773	18.293	27.319	26.513	23.370	21.516	30.300	50.208	50.161	23.568	2096.938	0	0	0	0.00	-135.000	-135.000	225.000	36.527
2025-01-01T02:23:04.172571  18210	19.018	19.060	22.081	24.095	18.454	27.560	26.593	23.692	21.678	30.139	50.220	50.242	23.649	2108.062	0	0	0	0.00	-135.000	-135.000	225.000	36.527
2025-01-01T02:23:05.372756  18211	18.857	19.040	22.322	24.095	18.293	27.399	26.513	23.692	21.839	30.381	50.222	50.242	23.568	2158.791	0	0	0	0.00	-135.000	-135.000	225.000	36.527
2025-01-01T02:23:06.572728  18212	19.018	19.038	22.081	24.095	18.374	27.319	26.593	23.692	21.678	30.139	50.208	50.161	23.729	2163.491	0	0	0	0.00	-135.000	-135.000	225.000	36.527
2025-01-01T02:23:07.772767  18213	19.099	19.044	22.081	23.934	18.454	27.399	26.593	23.773	21.758	30.059	50.203	50.161	23.729	2147.671	0	0	0	0.00	-135.000	-135.000	225.000	36.527
2025-01-01T02:23:08.972793  18214	18.857	19.025	22.242	23.853	18.293	27.399	26.513	23.531	21.516	29.978	50.191	50.161	23.729	2194.617	0	0	0	0.00	-135.000	-135.000	225.000	36.527
2025-01-01T02:23:10.172848  18215	19.099	19.032	21.758	23.773	18.293	27.641	26.593	23.370	21.355	30.300	50.188	50.242	23.568	2175.392	0	0	0	0.00	-135.000	-135.000	225.000	36.527
2025-01-01T02:23:11.372915  18216	19.018	19.031	22.161	24.015	18.212	27.399	26.674	23.853	21.919	30.381	50.193	50.323	23.649	2178.865	0	0	0	0.00	-135.000	-135.000	225.000	36.527
2025-01-01T02:23:12.572875  18217	19.018	19.030	22.081	23.934	18.212	27.480	26.593	23.692	21.678	30.220	50.174	50.161	23.729	2181.821	0	0	0	0.00	-135.000	-135.000	225.000	36.527
2025-01-01T02:23:13.773044  18218	19.018	19.029	22.242	23.853	18.293	27.319	26.432	23.370	21.678	30.220	50.189	50.161	23.487	2184.465	0	0	0	0.00	-135.000	-135.000	225.000	36.527
2025-01-01T02:23:14.972969  18219	18.938	19.019	22.242	24.015	18.454	27.560	26.593	23.773	21.597	30.381	50.186	50.161	23.729	2207.199	0	0	0	0.00	-135.000	-135.000	225.000	36.527
2025-01-01T02:23:16.172998  18220	19.179	19.035	22.000	24.095	18.374	27.238	26.835	23.612	21.758	30.462	50.192	50.242	23.568	2166.447	0	0	0	0.00	-135.000	-135.000	225.000	36.527
2025-01-01T02:23:17.373024  18221	19.179	19.050	22.081	23.934	18.212	27.399	26.513	23.612	21.758	30.139	50.189	50.242	23.568	2130.129	0	0	0	0.00	-135.000	-135.000	225.000	36.527
2025-01-01T02:23:18.573137  18222	19.179	19.063	22.322	24.015	18.374	27.560	26.593	23.612	21.919	30.381	50.194	50.403	23.487	2097.317	0	0	0	0.00	-135.000	-135.000	225.000	36.527
2025-01-01T02:23:19.773342  18223	18.777	19.034	22.161	24.015	18.293	27.319	26.513	23.451	21.678	30.059	50.191	50.161	23.810	2169.482	0	0	0	0.00	-135.000	-135.000	225.000	36.527
2025-01-01T02:23:20.973262  18224	18.777	19.008	22.242	24.015	18.212	27.399	26.593	23.692	21.678	29.978	50.188	50.323	23.649	2233.782	0	0	0	0.00	-135.000	-135.000	225.000	36.527
2025-01-01T02:23:22.173309  18225	19.018	19.009	22.322	23.934	18.293	27.399	26.755	23.773	21.839	30.059	50.185	50.161	23.729	2230.715	0	0	0	0.00	-135.000	-135.000	225.000	36.527
2025-01-01T02:23:23.373328  18226	18.938	19.002	22.242	23.934	18.454	27.480	26.513	23.370	21.839	30.381	50.191	50.323	23.649	2248.787	0	0	0	0.00	-135.000	-135.000	225.000	36.527
2025-01-01T02:23:24.573361  18227	19.018	19.004	22.000	24.095	18.051	27.480	26.352	23.612	21.678	30.139	50.196	50.161	23.568	2244.574	0	0	0	0.00	-135.000	-135.000	225.000	36.527
2025-01-01T02:23:25.773345  18228	19.018	19.005	22.403	23.934	18.132	27.399	26.593	23.531	21.919	30.381	50.209	50.242	23.729	2240.930	0	0	0	0.00	-135.000	-135.000	225.000	36.527
2025-01-01T02:23:26.973541  18229	19.018	19.007	22.081	24.015	18.293	27.319	26.674	23.531	21.516	30.220	50.204	50.081	23.487	2237.635	0	0	0	0.00	-135.000	-135.000	225.000	36.527
2025-01-01T02:23:28.173572  18230	19.018	19.008	22.242	23.934	18.212	27.641	26.593	23.289	21.678	29.897	50.208	50.161	23.487	2234.660	0	0	0	0.00	-135.000	-135.000	225.000	36.527
2025-01-01T02:23:29.373491  18231	19.099	19.017	22.000	24.095	18.293	27.480	26.513	23.128	21.678	30.139	50.211	50.242	23.407	2211.604	0	0	0	0.00	-135.000	-135.000	225.000	36.527
2025-01-01T02:23:30.573526  18232	18.938	19.009	22.242	23.773	18.293	27.319	26.593	23.128	21.678	30.300	50.214	50.161	23.487	2231.675	0	0	0	0.00	-135.000	-135.000	225.000	36.527
2025-01-01T02:23:31.773654  18233	19.018	19.010	22.403	23.934	18.374	27.560	26.755	23.289	21.436	30.139	50.209	50.242	23.568	2229.092	0	0	0	0.00	-135.000	-135.000	225.000	36.527
2025-01-01T02:23:32.973673  18234	19.179	19.027	22.403	24.095	18.374	27.480	26.755	23.692	21.597	30.462	50.204	50.242	23.568	2186.188	0	0	0	0.00	-135.000	-135.000	225.000	36.527
2025-01-01T02:23:34.173663  18235	18.938	19.018	22.564	24.015	18.212	27.560	26.674	23.451	21.758	30.059	50.192	50.161	23.729	2208.867	0	0	0	0.00	-135.000	-135.000	225.000	36.527
2025-01-01T02:23:35.373899  18236	19.099	19.026	22.403	23.934	18.293	27.480	26.513	23.289	21.597	30.381	50.197	50.242	23.487	2188.108	0	0	0	0.00	-135.000	-135.000	225.000	36.527
2025-01-01T02:23:36.573800  18237	19.099	19.033	22.564	23.934	18.212	27.480	26.593	23.531	21.919	30.300	50.201	50.323	23.649	2169.680	0	0	0	0.00	-135.000	-135.000	225.000	36.527
2025-01-01T02:23:37.773845  18238	19.099	19.040	22.564	24.015	18.454	27.238	26.674	23.692	21.839	30.381	50.205	50.242	23.487	2153.022	0	0	0	0.00	-135.000	-135.000	225.000	36.527
2025-01-01T02:23:38.973816  18239	19.018	19.038	22.645	24.095	18.454	27.560	26.755	23.531	21.678	30.300	50.209	50.242	23.487	2158.325	0	0	0	0.00	-135.000	-135.000	225.000	36.527
2025-01-01T02:23:40.173844  18240	18.938	19.028	22.403	24.015	18.212	27.560	26.513	23.451	21.758	29.978	50.212	50.161	23.568	2183.288	0	0	0	0.00	-135.000	-135.000	225.000	36.527
2025-01-01T02:23:41.373930  18241	19.099	19.035	22.161	23.934	18.454	27.641	26.674	23.451	21.758	30.220	50.207	50.323	23.649	2164.911	0	0	0	0.00	-135.000	-135.000	225.000	36.527
2025-01-01T02:23:42.574109  18242	19.018	19.033	22.242	23.934	18.454	27.560	26.513	23.531	21.516	30.220	50.211	50.161	23.487	2168.988	0	0	0	0.00	-135.000	-135.000	225.000	36.527
2025-01-01T02:23:43.773999  18243	19.099	19.040	22.564	24.015	18.535	27.480	26.674	23.451	21.678	30.059	50.222	50.323	23.568	2152.118	0	0	0	0.00	-135.000	-135.000	225.000	36.527
2025-01-01T02:23:44.974185  18244	19.099	19.046	22.322	24.176	18.293	27.560	26.593	23.692	21.516	29.978	50.224	50.081	23.568	2137.030	0	0	0	0.00	-135.000	-135.000	225.000	36.527
2025-01-01T02:23:46.174246  18245	19.018	19.043	22.322	23.934	18.374	27.238	26.674	23.451	21.275	30.220	50.218	50.161	23.487	2143.745	0	0	0	0.00	-135.000	-135.000	225.000	36.527
2025-01-01T02:23:47.374234  18246	19.018	19.040	22.484	24.015	18.212	27.560	26.755	23.370	21.516	30.220	50.212	50.161	23.487	2149.612	0	0	0	0.00	-135.000	-135.000	225.000	36.527
2025-01-01T02:23:48.574151  18247	19.179	19.054	22.403	24.015	18.374	27.399	26.674	23.773	21.597	30.381	50.207	50.161	23.407	2114.152	0	0	0	0.00	-135.000	-135.000	225.000	36.527
2025-01-01T02:23:49.774308  18248	19.099	19.059	22.161	23.853	18.374	27.641	26.513	23.289	21.597	30.300	50.210	50.161	23.568	2102.799	0	0	0	0.00	-135.000	-135.000	225.000	36.527
2025-01-01T02:23:50.974457  18249	18.857	19.039	22.242	24.095	18.212	27.480	26.593	23.289	21.678	30.220	50.206	50.161	23.729	2153.442	0	0	0	0.00	-135.000	-135.000	225.000	36.527
2025-01-01T02:23:52.174448  18250	18.938	19.029	22.403	23.934	18.132	27.399	26.593	23.531	21.678	29.978	50.193	50.323	23.649	2178.275	0	0	0	0.00	-135.000	-135.000	225.000	36.527
2025-01-01T02:23:53.374477  18251	18.777	19.003	22.322	24.015	18.293	27.480	26.674	23.209	21.839	30.059	50.206	50.323	23.487	2241.558	0	0	0	0.00	-135.000	-135.000	225.000	36.527
2025-01-01T02:23:54.574473  18252	19.099	19.013	22.322	24.095	18.293	27.560	26.674	23.451	21.436	30.059	50.218	50.403	23.649	2216.887	0	0	0	0.00	-135.000	-135.000	225.000	36.527
2025-01-01T02:23:55.774515  18253	18.857	18.997	22.161	23.934	18.293	27.319	26.513	23.612	21.516	29.978	50.220	50.242	23.487	2256.352	0	0	0	0.00	-135.000	-135.000	225.000	36.527
2025-01-01T02:23:56.974554  18254	18.777	18.975	22.322	23.934	18.132	27.319	26.755	23.531	21.597	30.139	50.214	50.242	23.649	2311.854	0	0	0	0.00	-135.000	-135.000	225.000	36.527
2025-01-01T02:23:58.174516  18255	19.018	18.980	22.322	24.015	18.212	27.238	26.835	23.370	21.919	30.220	50.225	50.242	23.568	2300.707	0	0	0	0.00	-135.000	-135.000	225.000	36.527
2025-01-01T02:23:59.374573  18256	18.938	18.975	22.322	24.015	17.971	27.399	26.593	23.370	21.678	29.978	50.235	50.161	23.487	2311.510	0	0	0	0.00	-135.000	-135.000	225.000	36.527
2025-01-01T02:24:00.574679  18257	18.938	18.972	22.403	23.934	18.374	27.480	26.593	23.773	21.678	30.059	50.244	50.323	23.487	2321.113	0	0	0	0.00	-135.000	-135.000	225.000	36.527
2025-01-01T02:24:01.774717  18258	19.018	18.976	22.564	24.095	18.212	27.560	26.513	23.692	22.000	30.139	50.243	50.161	23.649	2309.438	0	0	0	0.00	-135.000	-135.000	225.000	36.527
2025-01-01T02:24:02.974897  18259	19.099	18.989	22.564	24.015	18.132	27.238	26.513	23.451	21.436	30.139	50.235	50.242	23.487	2278.715	0	0	0	0.00	-135.000	-135.000	225.000	36.527
2025-01-01T02:24:04.175015  18260	18.857	18.975	22.645	23.934	18.132	27.319	26.674	23.451	21.678	29.897	50.236	50.242	23.487	2312.249	0	0	0	0.00	-135.000	-135.000	225.000	36.527
2025-01-01T02:24:05.374787  18261	19.018	18.980	22.484	24.015	18.212	27.399	26.835	23.531	21.758	29.978	50.220	50.161	23.649	2301.318	0	0	0	0.00	-135.000	-135.000	225.000	36.527
2025-01-01T02:24:06.574823  18262	19.018	18.984	22.403	23.692	18.374	27.238	26.593	23.451	21.516	30.381	50.214	50.161	23.568	2291.786	0	0	0	0.00	-135.000	-135.000	225.000	36.527
2025-01-01T02:24:07.774874  18263	18.938	18.979	22.242	24.095	18.454	27.560	26.674	23.612	21.597	29.978	50.209	50.081	23.649	2303.560	0	0	0	0.00	-135.000	-135.000	225.000	36.527
2025-01-01T02:24:08.975110  18264	19.099	18.991	22.322	24.015	18.374	27.560	26.513	23.128	21.355	30.220	50.212	50.242	23.568	2273.313	0	0	0	0.00	-135.000	-135.000	225.000	36.527
2025-01-01T02:24:10.175019  18265	19.099	19.002	22.403	24.015	18.212	27.480	26.593	23.451	21.678	30.220	50.223	50.081	23.487	2246.341	0	0	0	0.00	-135.000	-135.000	225.000	36.527
2025-01-01T02:24:11.374998  18266	19.099	19.011	22.081	23.692	18.374	27.319	26.674	23.209	21.436	30.139	50.225	50.161	23.487	2221.997	0	0	0	0.00	-135.000	-135.000	225.000	36.527
2025-01-01T02:24:12.575011  18267	19.099	19.020	22.242	23.853	18.212	27.560	26.593	23.531	21.516	30.300	50.227	50.242	23.487	2200.021	0	0	0	0.00	-135.000	-135.000	225.000	36.527
2025-01-01T02:24:13.775240  18268	18.938	19.012	22.403	23.934	18.293	27.399	26.593	23.370	21.839	30.220	50.237	50.242	23.407	2220.900	0	0	0	0.00	-135.000	-135.000	225.000	36.527
2025-01-01T02:24:14.975264  18269	18.857	18.996	22.242	23.934	18.293	27.319	26.755	23.692	21.839	29.978	50.245	50.242	23.487	2259.774	0	0	0	0.00	-135.000	-135.000	225.000	36.527
2025-01-01T02:24:16.175326  18270	18.696	18.966	22.322	23.773	18.051	27.480	26.513	23.370	21.355	30.381	50.237	50.323	23.568	2335.431	0	0	0	0.00	-135.000	-135.000	225.000	36.527
2025-01-01T02:24:17.375224  18271	18.777	18.947	22.322	23.934	18.132	27.319	26.432	23.451	21.758	30.059	50.229	50.323	23.649	2383.047	0	0	0	0.00	-135.000	-135.000	225.000	36.527
2025-01-01T02:24:18.575418  18272	19.018	18.955	22.564	24.015	18.212	27.641	26.513	23.773	21.758	29.897	50.214	50.242	23.729	2365.129	0	0	0	0.00	-135.000	-135.000	225.000	36.527
2025-01-01T02:24:19.775374  18273	18.857	18.945	22.564	24.015	18.132	27.399	26.755	23.451	21.839	30.059	50.217	50.242	23.568	2390.199	0	0	0	0.00	-135.000	-135.000	225.000	36.527
2025-01-01T02:24:20.975343  18274	18.857	18.936	22.322	24.015	18.051	27.480	26.593	23.289	21.355	29.978	50.220	50.242	23.487	2412.538	0	0	0	0.00	-135.000	-135.000	225.000	36.527
2025-01-01T02:24:22.175518  18275	18.777	18.920	22.564	23.853	18.293	27.399	26.513	23.612	21.919	30.059	50.214	50.242	23.729	2453.109	0	0	0	0.00	-135.000	-135.000	225.000	36.527
2025-01-01T02:24:23.375431  18276	18.938	18.922	22.403	24.095	18.051	27.319	26.352	23.451	21.597	30.220	50.217	50.242	23.407	2448.891	0	0	0	0.00	-135.000	-135.000	225.000	36.527
2025-01-01T02:24:24.575542  18277	19.018	18.932	22.484	24.015	18.132	27.480	26.432	23.451	21.355	30.139	50.211	50.242	23.487	2425.095	0	0	0	0.00	-135.000	-135.000	225.000	36.527
2025-01-01T02:24:25.775526  18278	18.696	18.908	22.484	24.095	18.132	27.319	26.593	23.692	21.678	29.897	50.198	50.242	23.649	2485.283	0	0	0	0.00	-135.000	-135.000	225.000	36.527
2025-01-01T02:24:26.975658  18279	18.938	18.911	22.403	24.256	18.212	27.399	26.755	23.370	21.678	30.139	50.186	50.161	23.568	2477.928	0	0	0	0.00	-135.000	-135.000	225.000	36.527
2025-01-01T02:24:28.175670  18280	18.857	18.906	22.242	24.095	18.212	27.399	26.593	23.612	21.839	29.978	50.184	50.161	23.568	2492.203	0	0	0	0.00	-135.000	-135.000	225.000	36.527
2025-01-01T02:24:29.375669  18281	18.857	18.901	22.564	23.934	18.132	27.158	26.674	23.531	21.678	30.059	50.198	50.323	23.487	2504.989	0	0	0	0.00	-135.000	-135.000	225.000	36.527
2025-01-01T02:24:30.575847  18282	19.018	18.912	22.645	23.934	18.212	27.480	26.674	23.853	21.436	29.736	50.186	50.242	23.568	2475.868	0	0	0	0.00	-135.000	-135.000	225.000	36.527
2025-01-01T02:24:31.775882  18283	18.938	18.915	22.645	24.015	18.212	27.238	26.674	23.289	21.516	30.300	50.192	50.323	23.568	2470.330	0	0	0	0.00	-135.000	-135.000	225.000	36.527
2025-01-01T02:24:32.975846  18284	18.857	18.909	22.484	24.095	17.890	27.480	26.513	23.451	21.516	29.978	50.181	50.242	23.649	2485.594	0	0	0	0.00	-135.000	-135.000	225.000	36.527
2025-01-01T02:24:34.175829  18285	18.857	18.904	22.403	24.095	18.293	27.480	26.674	23.612	21.678	30.220	50.195	50.403	23.649	2499.272	0	0	0	0.00	-135.000	-135.000	225.000	36.527
2025-01-01T02:24:35.375866  18286	18.857	18.899	22.645	24.176	17.971	27.238	26.674	23.289	21.758	29.897	50.207	50.161	23.407	2511.682	0	0	0	0.00	-135.000	-135.000	225.000	36.527
2025-01-01T02:24:36.576020  18287	19.018	18.911	22.645	24.015	18.132	27.319	26.674	23.531	21.678	29.978	50.203	50.242	23.649	2482.222	0	0	0	0.00	-135.000	-135.000	225.000	36.527
2025-01-01T02:24:37.776015  18288	18.777	18.898	22.725	23.934	17.971	27.560	26.674	23.370	21.516	30.059	50.215	50.242	23.487	2517.110	0	0	0	0.00	-135.000	-135.000	225.000	36.527
2025-01-01T02:24:38.976077  18289	18.777	18.886	22.645	23.934	17.890	27.399	26.513	23.612	21.678	29.897	50.201	50.242	23.649	2548.182	0	0	0	0.00	-135.000	-135.000	225.000	36.527
2025-01-01T02:24:40.176039  18290	18.938	18.891	22.806	23.853	18.132	27.560	26.432	23.773	21.758	29.978	50.197	50.242	23.407	2535.572	0	0	0	0.00	-135.000	-135.000	225.000	36.527
2025-01-01T02:24:41.376133  18291	18.857	18.887	22.725	24.015	18.132	27.319	26.513	23.370	21.355	30.139	50.210	50.403	23.568	2544.957	0	0	0	0.00	-135.000	-135.000	225.000	36.527
2025-01-01T02:24:42.576144  18292	18.857	18.884	22.725	23.853	18.051	27.399	26.593	23.289	21.275	30.220	50.213	50.242	23.487	2553.341	0	0	0	0.00	-135.000	-135.000	225.000	36.527
2025-01-01T02:24:43.776243  18293	18.857	18.882	22.564	23.773	18.051	26.996	26.593	23.773	21.597	30.139	50.216	50.161	23.326	2560.986	0	0	0	0.00	-135.000	-135.000	225.000	36.527
2025-01-01T02:24:44.976319  18294	18.938	18.887	22.645	24.095	17.971	27.319	26.593	23.612	21.597	29.978	50.227	50.323	23.487	2547.604	0	0	0	0.00	-135.000	-135.000	225.000	36.527
2025-01-01T02:24:46.176495  18295	18.938	18.892	22.645	24.015	18.051	27.238	26.513	23.289	21.194	30.059	50.212	50.242	23.568	2535.761	0	0	0	0.00	-135.000	-135.000	225.000	36.527
2025-01-01T02:24:47.376297  18296	18.696	18.873	22.484	23.853	18.132	27.399	26.674	23.370	21.516	29.978	50.207	50.161	23.649	2586.241	0	0	0	0.00	-135.000	-135.000	225.000	36.527
2025-01-01T02:24:48.576548  18297	19.018	18.887	22.806	24.176	17.971	27.319	26.674	23.692	21.678	29.897	50.194	50.161	23.649	2549.944	0	0	0	0.00	-135.000	-135.000	225.000	36.527
2025-01-01T02:24:49.776444  18298	19.018	18.900	22.645	23.612	18.212	27.480	26.755	23.128	21.436	30.139	50.191	50.161	23.326	2517.912	0	0	0	0.00	-135.000	-135.000	225.000	36.527
2025-01-01T02:24:50.976557  18299	18.857	18.896	22.725	24.015	18.051	27.560	26.593	23.451	21.516	30.139	50.204	50.161	23.326	2529.798	0	0	0	0.00	-135.000	-135.000	225.000	36.527
2025-01-01T02:24:52.176610  18300	18.696	18.876	22.725	23.853	18.293	27.238	26.513	23.773	21.678	30.139	50.208	50.323	23.568	2580.999	0	0	0	0.00	-135.000	-135.000	225.000	36.527
2025-01-01T02:24:53.376485  18301	18.938	18.882	22.806	23.934	18.293	27.399	26.513	23.370	21.516	30.139	50.203	50.161	23.487	2565.879	0	0	0	0.00	-135.000	-135.000	225.000	36.527
2025-01-01T02:24:54.576576  18302	18.857	18.880	22.886	24.176	18.132	27.319	26.755	23.612	21.597	30.220	50.215	50.323	23.487	2573.161	0	0	0	0.00	-135.000	-135.000	225.000	36.527
2025-01-01T02:24:55.776662  18303	18.857	18.877	22.967	23.853	18.132	27.480	26.755	23.370	21.597	29.897	50.202	50.242	23.568	2579.654	0	0	0	0.00	-135.000	-135.000	225.000	36.527
2025-01-01T02:24:56.976769  18304	18.857	18.875	22.725	23.934	18.051	27.319	26.352	23.289	21.678	30.300	50.206	50.403	23.568	2585.600	0	0	0	0.00	-135.000	-135.000	225.000	36.527
2025-01-01T02:24:58.176682  18305	19.099	18.898	22.886	24.015	18.212	27.319	26.513	23.773	21.597	30.139	50.201	50.323	23.568	2529.957	0	0	0	0.00	-135.000	-135.000	225.000	36.527
2025-01-01T02:24:59.376734  18306	18.777	18.886	22.806	24.256	17.971	27.238	26.674	23.451	21.839	30.059	50.213	50.403	23.649	2561.750	0	0	0	0.00	-135.000	-135.000	225.000	36.527
2025-01-01T02:25:00.576923  18307	18.857	18.883	22.725	23.773	18.293	27.399	26.513	23.531	21.516	30.139	50.224	50.242	23.487	2569.509	0	0	0	0.00	-135.000	-135.000	225.000	36.527
2025-01-01T02:25:01.776824  18308	18.615	18.856	22.886	23.934	18.132	27.399	26.593	23.289	21.678	30.139	50.218	50.242	23.649	2637.847	0	0	0	0.00	-135.000	-135.000	225.000	36.527
2025-01-01T02:25:02.976864  18309	18.857	18.856	22.725	24.015	17.971	27.319	26.513	23.289	21.597	29.817	50.229	50.323	23.487	2638.045	0	0	0	0.00	-135.000	-135.000	225.000	36.527
2025-01-01T02:25:04.177113  18310	18.857	18.856	23.048	24.095	18.132	27.319	26.513	23.289	21.355	29.897	50.222	50.161	23.649	2638.808	0	0	0	0.00	-135.000	-135.000	225.000	36.527
2025-01-01T02:25:05.376923  18311	18.938	18.864	22.886	23.853	18.212	27.480	26.674	23.773	21.436	30.059	50.224	50.242	23.568	2619.230	0	0	0	0.00	-135.000	-135.000	225.000	36.527
2025-01-01T02:25:06.577023  18312	18.938	18.872	22.967	24.015	18.293	27.238	26.593	23.853	21.758	30.139	50.226	50.242	23.487	2601.815	0	0	0	0.00	-135.000	-135.000	225.000	36.527
2025-01-01T02:25:07.777055  18313	18.857	18.870	22.886	24.015	18.051	27.399	26.432	23.289	21.678	30.139	50.235	50.242	23.487	2606.547	0	0	0	0.00	-135.000	-135.000	225.000	36.527
2025-01-01T02:25:08.977219  18314	19.018	18.885	23.128	23.934	18.293	27.319	26.513	23.451	21.678	30.220	50.244	50.242	23.649	2570.018	0	0	0	0.00	-135.000	-135.000	225.000	36.527
2025-01-01T02:25:10.177088  18315	18.938	18.890	22.886	23.934	18.132	27.480	26.513	23.692	21.758	30.059	50.244	50.242	23.649	2557.816	0	0	0	0.00	-135.000	-135.000	225.000	36.527
2025-01-01T02:25:11.377233  18316	18.938	18.895	22.967	23.853	18.132	27.319	26.513	23.531	21.516	30.220	50.236	50.161	23.407	2546.716	0	0	0	0.00	-135.000	-135.000	225.000	36.527
2025-01-01T02:25:12.577202  18317	18.615	18.867	23.048	23.934	17.971	27.399	26.513	23.612	21.678	30.059	50.204	50.161	23.649	2618.224	0	0	0	0.00	-135.000	-135.000	225.000	36.527
2025-01-01T02:25:13.777444  18318	18.857	18.866	22.886	23.934	18.132	27.319	26.593	23.531	21.436	30.139	50.208	50.242	23.407	2621.115	0	0	0	0.00	-135.000	-135.000	225.000	36.527
2025-01-01T02:25:14.977377  18319	18.857	18.865	22.725	24.015	18.051	27.399	26.513	23.451	21.597	30.059	50.211	50.161	23.326	2624.303	0	0	0	0.00	-135.000	-135.000	225.000	36.527
2025-01-01T02:25:16.177571  18320	18.696	18.848	22.886	23.853	18.051	27.480	26.432	23.612	21.194	30.059	50.206	50.242	23.568	2667.995	0	0	0	0.00	-135.000	-135.000	225.000	36.527
2025-01-01T02:25:17.377421  18321	18.938	18.857	22.806	24.095	18.132	27.319	26.674	23.370	21.678	30.059	50.194	50.161	23.810	2646.118	0	0	0	0.00	-135.000	-135.000	225.000	36.527
2025-01-01T02:25:18.577417  18322	18.857	18.857	22.725	23.934	18.212	27.399	26.593	23.209	21.678	29.897	50.215	50.242	23.407	2647.320	0	0	0	0.00	-135.000	-135.000	225.000	36.527
2025-01-01T02:25:19.777474  18323	18.938	18.865	22.886	23.934	18.051	27.158	26.432	23.531	21.436	30.220	50.217	50.242	23.487	2627.979	0	0	0	0.00	-135.000	-135.000	225.000	36.527
2025-01-01T02:25:20.977500  18324	18.777	18.856	23.048	23.853	18.132	27.399	26.513	23.370	21.839	29.817	50.204	50.081	23.649	2651.506	0	0	0	0.00	-135.000	-135.000	225.000	36.527
2025-01-01T02:25:22.177549  18325	18.857	18.856	22.886	23.773	18.212	27.480	26.513	23.612	21.516	30.139	50.208	50.161	23.487	2652.145	0	0	0	0.00	-135.000	-135.000	225.000	36.527
2025-01-01T02:25:23.377659  18326	18.777	18.848	22.806	23.934	18.051	27.077	26.432	23.128	21.597	30.059	50.219	50.242	23.487	2673.347	0	0	0	0.00	-135.000	-135.000	225.000	36.527
2025-01-01T02:25:24.577734  18327	18.696	18.833	22.725	24.015	17.729	27.560	26.755	23.289	21.436	29.978	50.205	50.161	23.649	2712.787	0	0	0	0.00	-135.000	-135.000	225.000	36.527
2025-01-01T02:25:25.777752  18328	18.777	18.828	22.725	23.853	17.890	27.319	26.513	23.531	21.355	29.817	50.193	50.161	23.729	2727.974	0	0	0	0.00	-135.000	-135.000	225.000	36.527
2025-01-01T02:25:26.977718  18329	18.615	18.806	22.967	24.015	17.971	27.480	26.513	23.531	21.678	29.978	50.198	50.081	23.407	2782.684	0	0	0	0.00	-135.000	-135.000	225.000	36.527
2025-01-01T02:25:28.177849  18330	19.018	18.828	22.886	23.934	18.051	27.319	26.593	23.289	21.758	30.059	50.202	50.242	23.487	2730.052	0	0	0	0.00	-135.000	-135.000	225.000	36.527
2025-01-01T02:25:29.377872  18331	18.696	18.814	22.886	23.773	17.971	27.480	26.432	23.853	21.516	30.139	50.206	50.161	23.487	2764.930	0	0	0	0.00	-135.000	-135.000	225.000	36.527
2025-01-01T02:25:30.577896  18332	18.696	18.803	22.725	23.853	17.729	27.399	26.593	23.451	21.678	29.978	50.202	50.161	23.729	2795.893	0	0	0	0.00	-135.000	-135.000	225.000	36.527
2025-01-01T02:25:31.778029  18333	18.696	18.792	23.048	23.934	17.971	27.319	26.674	23.370	21.597	29.978	50.190	50.242	23.649	2823.971	0	0	0	0.00	-135.000	-135.000	225.000	36.527
2025-01-01T02:25:32.978099  18334	18.857	18.798	22.967	23.934	17.971	27.399	26.674	23.289	21.678	29.897	50.187	50.242	23.568	2808.726	0	0	0	0.00	-135.000	-135.000	225.000	36.527
2025-01-01T02:25:34.177979  18335	18.938	18.812	22.806	24.095	18.051	27.480	26.432	23.692	21.516	30.300	50.192	50.161	23.407	2775.063	0	0	0	0.00	-135.000	-135.000	225.000	36.527
2025-01-01T02:25:35.378247  18336	18.777	18.809	22.967	23.773	17.729	27.480	26.352	23.531	21.678	29.656	50.205	50.323	23.407	2785.698	0	0	0	0.00	-135.000	-135.000	225.000	36.527
2025-01-01T02:25:36.578150  18337	18.857	18.814	23.128	24.015	17.890	27.399	26.674	23.531	21.678	29.978	50.201	50.242	23.649	2774.741	0	0	0	0.00	-135.000	-135.000	225.000	36.527
2025-01-01T02:25:37.778117  18338	18.696	18.802	22.806	23.934	17.810	27.480	26.674	23.451	21.678	30.059	50.205	50.242	23.649	2805.867	0	0	0	0.00	-135.000	-135.000	225.000	36.527
2025-01-01T02:25:38.978205  18339	18.535	18.775	22.967	23.853	17.890	27.399	26.432	23.451	21.839	30.139	50.217	50.161	23.407	2874.507	0	0	0	0.00	-135.000	-135.000	225.000	36.527
2025-01-01T02:25:40.178329  18340	18.777	18.775	22.967	24.015	17.810	27.319	26.432	23.612	21.678	30.139	50.235	50.323	23.487	2875.185	0	0	0	0.00	-135.000	-135.000	225.000	36.527
2025-01-01T02:25:41.378251  18341	18.777	18.775	22.967	23.853	17.971	27.399	26.352	23.612	21.597	30.300	50.236	50.323	23.568	2876.438	0	0	0	0.00	-135.000	-135.000	225.000	36.527
2025-01-01T02:25:42.578350  18342	18.615	18.759	23.209	24.095	17.890	27.319	26.674	23.612	21.355	29.817	50.229	50.242	23.407	2918.451	0	0	0	0.00	-135.000	-135.000	225.000	36.527
2025-01-01T02:25:43.778553  18343	18.696	18.753	23.048	23.934	17.971	27.480	26.513	23.370	21.436	30.220	50.230	50.242	23.487	2935.846	0	0	0	0.00	-135.000	-135.000	225.000	36.527
2025-01-01T02:25:44.978463  18344	18.696	18.747	23.048	24.095	17.971	27.319	26.513	23.370	21.678	29.978	50.231	50.161	23.407	2951.874	0	0	0	0.00	-135.000	-135.000	225.000	36.527
2025-01-01T02:25:46.178517  18345	18.696	18.742	23.209	23.934	18.051	27.319	26.513	23.531	21.597	30.059	50.224	50.161	23.568	2966.513	0	0	0	0.00	-135.000	-135.000	225.000	36.527
2025-01-01T02:25:47.378561  18346	18.857	18.754	23.128	23.934	17.971	27.319	26.432	23.531	21.839	29.897	50.218	50.161	23.649	2939.170	0	0	0	0.00	-135.000	-135.000	225.000	36.527
2025-01-01T02:25:48.578645  18347	19.018	18.780	23.209	23.853	17.890	27.319	26.432	23.451	21.436	30.139	50.220	50.161	23.407	2874.258	0	0	0	0.00	-135.000	-135.000	225.000	36.527
2025-01-01T02:25:49.778649  18348	18.857	18.788	23.370	23.773	18.051	27.319	26.593	23.451	21.839	29.817	50.214	50.242	23.487	2856.873	0	0	0	0.00	-135.000	-135.000	225.000	36.527
2025-01-01T02:25:50.978565  18349	18.857	18.795	23.289	24.095	17.971	27.158	26.674	23.531	21.436	30.220	50.201	50.242	23.568	2841.006	0	0	0	0.00	-135.000	-135.000	225.000	36.527
2025-01-01T02:25:52.178710  18350	18.696	18.785	23.209	23.853	17.971	27.319	26.755	23.289	21.678	29.978	50.197	50.242	23.487	2867.553	0	0	0	0.00	-135.000	-135.000	225.000	36.527
2025-01-01T02:25:53.378683  18351	18.938	18.800	23.370	24.015	18.051	27.158	26.352	23.612	21.436	29.978	50.210	50.242	23.407	2830.244	0	0	0	0.00	-135.000	-135.000	225.000	36.527
2025-01-01T02:25:54.578773  18352	18.777	18.798	23.209	24.095	17.971	27.560	26.593	23.370	21.597	30.059	50.213	50.403	23.729	2837.920	0	0	0	0.00	-135.000	-135.000	225.000	36.527
2025-01-01T02:25:55.778893  18353	18.615	18.780	23.209	24.095	17.971	27.319	26.513	23.612	21.678	30.059	50.216	50.323	23.568	2885.390	0	0	0	0.00	-135.000	-135.000	225.000	36.527
2025-01-01T02:25:56.978937  18354	18.857	18.787	23.048	24.095	17.971	27.319	26.593	23.209	21.839	29.817	50.226	50.161	23.487	2866.970	0	0	0	0.00	-135.000	-135.000	225.000	36.527
2025-01-01T02:25:58.178846  18355	18.615	18.770	23.451	24.015	17.971	27.399	26.593	23.370	21.678	30.059	50.236	50.242	23.487	2912.065	0	0	0	0.00	-135.000	-135.000	225.000	36.527
2025-01-01T02:25:59.378955  18356	18.857	18.779	23.209	24.095	18.051	27.399	26.432	23.773	21.839	29.817	50.237	50.242	23.407	2891.347	0	0	0	0.00	-135.000	-135.000	225.000	36.527
2025-01-01T02:26:00.579148  18357	18.777	18.779	23.289	23.853	17.971	27.399	26.432	23.451	21.516	29.897	50.213	50.242	23.810	2893.647	0	0	0	0.00	-135.000	-135.000	225.000	36.527
2025-01-01T02:26:01.778986  18358	18.696	18.770	23.370	24.015	17.971	27.399	26.755	23.531	21.597	29.817	50.200	50.081	23.729	2916.077	0	0	0	0.00	-135.000	-135.000	225.000	36.527
2025-01-01T02:26:02.979143  18359	18.615	18.755	23.289	24.418	17.810	27.238	26.593	23.692	21.839	30.220	50.204	50.161	23.487	2956.680	0	0	0	0.00	-135.000	-135.000	225.000	36.527
2025-01-01T02:26:04.179235  18360	18.938	18.773	23.128	24.015	17.890	27.399	26.593	23.692	21.678	29.897	50.192	50.161	23.568	2911.873	0	0	0	0.00	-135.000	-135.000	225.000	36.527
2025-01-01T02:26:05.379234  18361	18.696	18.765	23.370	23.934	18.051	27.238	26.593	23.128	21.194	30.059	50.189	50.242	23.407	2933.328	0	0	0	0.00	-135.000	-135.000	225.000	36.527
2025-01-01T02:26:06.579156  18362	18.857	18.775	23.612	23.934	18.132	27.399	26.593	23.370	21.919	29.978	50.202	50.242	23.487	2911.637	0	0	0	0.00	-135.000	-135.000	225.000	36.527
2025-01-01T02:26:07.779217  18363	18.777	18.775	23.612	24.015	17.971	27.319	26.432	23.289	21.678	30.059	50.198	50.161	23.568	2912.902	0	0	0	0.00	-135.000	-135.000	225.000	36.527
2025-01-01T02:26:08.979304  18364	18.857	18.783	23.209	23.853	17.890	27.399	26.432	23.370	21.436	30.139	50.202	50.161	23.407	2893.675	0	0	0	0.00	-135.000	-135.000	225.000	36.527
2025-01-01T02:26:10.179289  18365	18.696	18.774	23.531	24.015	18.051	27.319	26.513	23.531	21.678	30.059	50.198	50.242	23.487	2917.356	0	0	0	0.00	-135.000	-135.000	225.000	36.527
2025-01-01T02:26:11.379339  18366	18.777	18.775	23.531	23.773	17.971	27.158	26.593	23.451	21.758	29.978	50.211	50.323	23.568	2918.198	0	0	0	0.00	-135.000	-135.000	225.000	36.527
2025-01-01T02:26:12.579499  18367	18.938	18.791	23.370	23.853	18.132	27.399	26.513	23.289	21.436	30.059	50.206	50.242	23.568	2878.546	0	0	0	0.00	-135.000	-135.000	225.000	36.527
2025-01-01T02:26:13.779494  18368	18.857	18.797	23.370	23.853	17.971	27.399	26.593	23.692	21.597	29.978	50.193	50.242	23.568	2863.588	0	0	0	0.00	-135.000	-135.000	225.000	36.527
2025-01-01T02:26:14.979455  18369	18.696	18.787	23.451	23.853	18.051	27.158	26.432	23.531	21.516	30.059	50.198	50.323	23.407	2890.794	0	0	0	0.00	-135.000	-135.000	225.000	36.527
2025-01-01T02:26:16.179577  18370	18.696	18.778	23.370	24.015	17.971	27.399	26.513	23.451	21.597	30.139	50.211	50.323	23.487	2915.167	0	0	0	0.00	-135.000	-135.000	225.000	36.527
2025-01-01T02:26:17.379533  18371	18.777	18.778	23.370	24.095	17.971	27.480	26.513	23.773	21.839	30.059	50.222	50.242	23.487	2916.951	0	0	0	0.00	-135.000	-135.000	225.000	36.527
2025-01-01T02:26:18.579679  18372	18.938	18.794	23.370	23.692	18.051	27.480	26.593	23.370	21.355	30.059	50.224	50.242	23.487	2878.149	0	0	0	0.00	-135.000	-135.000	225.000	36.527
2025-01-01T02:26:19.779671  18373	18.777	18.792	23.531	23.692	18.051	27.238	26.432	23.370	21.355	30.139	50.226	50.161	23.568	2884.321	0	0	0	0.00	-135.000	-135.000	225.000	36.527
2025-01-01T02:26:20.979671  18374	18.696	18.783	23.451	24.095	17.971	27.399	26.674	23.692	21.839	30.139	50.227	50.242	23.487	2910.071	0	0	0	0.00	-135.000	-135.000	225.000	36.527
2025-01-01T02:26:22.179722  18375	18.777	18.782	23.370	24.095	18.132	27.399	26.513	23.692	21.678	29.978	50.221	50.161	23.729	2912.937	0	0	0	0.00	-135.000	-135.000	225.000	36.527
2025-01-01T02:26:23.379786  18376	18.696	18.773	23.692	23.853	18.212	27.480	26.674	23.451	21.678	30.059	50.215	50.242	23.568	2936.198	0	0	0	0.00	-135.000	-135.000	225.000	36.527
2025-01-01T02:26:24.579803  18377	18.777	18.774	23.692	23.853	18.132	27.560	26.593	23.531	21.516	29.897	50.201	50.161	23.649	2936.817	0	0	0	0.00	-135.000	-135.000	225.000	36.527
2025-01-01T02:26:25.779872  18378	18.777	18.774	23.370	24.015	17.971	27.319	26.835	23.692	21.436	30.139	50.197	50.081	23.649	2937.693	0	0	0	0.00	-135.000	-135.000	225.000	36.527
2025-01-01T02:26:26.979958  18379	18.777	18.774	23.451	24.015	18.051	27.158	26.513	23.612	21.436	30.139	50.194	50.161	23.326	2938.640	0	0	0	0.00	-135.000	-135.000	225.000	36.527
2025-01-01T02:26:28.180001  18380	18.615	18.758	23.692	23.773	17.890	27.399	26.513	23.612	21.597	29.978	50.182	50.242	23.649	2980.374	0	0	0	0.00	-135.000	-135.000	225.000	36.527
2025-01-01T02:26:29.380046  18381	18.857	18.768	23.612	23.853	17.890	27.319	26.674	23.531	21.758	30.059	50.172	50.161	23.649	2956.791	0	0	0	0.00	-135.000	-135.000	225.000	36.527
2025-01-01T02:26:30.580146  18382	18.857	18.777	23.531	24.176	18.051	27.399	26.271	23.451	21.678	30.139	50.187	50.242	23.407	2936.150	0	0	0	0.00	-135.000	-135.000	225.000	36.527
2025-01-01T02:26:31.780073  18383	18.615	18.761	23.692	23.773	18.051	27.238	26.352	23.612	21.597	29.897	50.201	50.242	23.407	2978.765	0	0	0	0.00	-135.000	-135.000	225.000	36.527
2025-01-01T02:26:32.980249  18384	18.857	18.771	23.531	23.934	18.212	27.399	26.674	23.773	21.516	30.059	50.205	50.323	23.487	2955.813	0	0	0	0.00	-135.000	-135.000	225.000	36.527
2025-01-01T02:26:34.180169  18385	18.535	18.747	23.612	23.853	17.971	27.238	26.674	23.531	21.436	30.059	50.201	50.242	23.487	3017.199	0	0	0	0.00	-135.000	-135.000	225.000	36.527
2025-01-01T02:26:35.380186  18386	18.777	18.750	23.773	24.015	18.051	27.158	26.513	23.612	21.436	29.978	50.205	50.323	23.407	3011.032	0	0	0	0.00	-135.000	-135.000	225.000	36.527
2025-01-01T02:26:36.580300  18387	19.099	18.785	23.370	23.853	18.132	27.319	26.593	23.612	21.597	30.300	50.208	50.323	23.487	2924.667	0	0	0	0.00	-135.000	-135.000	225.000	36.527
2025-01-01T02:26:37.780279  18388	18.777	18.784	23.612	24.015	18.051	27.399	26.352	23.128	21.516	30.220	50.212	50.323	23.407	2928.967	0	0	0	0.00	-135.000	-135.000	225.000	36.527
2025-01-01T02:26:38.980511  18389	18.857	18.791	23.370	24.095	18.051	27.319	26.674	23.531	21.758	29.897	50.215	50.242	23.487	2911.983	0	0	0	0.00	-135.000	-135.000	225.000	36.527
2025-01-01T02:26:40.180498  18390	19.018	18.814	23.773	23.934	18.132	27.399	26.513	23.370	21.678	30.139	50.209	50.242	23.649	2856.233	0	0	0	0.00	-135.000	-135.000	225.000	36.527
2025-01-01T02:26:41.380455  18391	18.696	18.802	23.531	24.095	18.051	27.158	26.593	23.451	21.355	30.300	50.221	50.081	23.407	2887.824	0	0	0	0.00	-135.000	-135.000	225.000	36.527
2025-01-01T02:26:42.580454  18392	18.696	18.792	23.531	23.934	18.051	27.399	26.432	23.451	21.678	30.139	50.223	50.161	23.568	2915.824	0	0	0	0.00	-135.000	-135.000	225.000	36.527
2025-01-01T02:26:43.780630  18393	18.857	18.798	23.451	24.015	18.132	27.319	26.755	23.370	21.436	30.220	50.225	50.161	23.326	2900.509	0	0	0	0.00	-135.000	-135.000	225.000	36.527
2025-01-01T02:26:44.980543  18394	18.857	18.804	23.773	24.015	17.971	27.399	26.593	23.531	21.516	30.139	50.218	50.242	23.568	2887.145	0	0	0	0.00	-135.000	-135.000	225.000	36.527
2025-01-01T02:26:46.180586  18395	19.018	18.825	23.773	24.095	18.293	27.399	26.674	23.370	21.839	29.897	50.213	50.242	23.729	2834.493	0	0	0	0.00	-135.000	-135.000	225.000	36.527
2025-01-01T02:26:47.380748  18396	18.777	18.821	23.773	24.015	18.212	27.319	26.432	23.370	21.678	30.139	50.216	50.323	23.729	2848.506	0	0	0	0.00	-135.000	-135.000	225.000	36.527
2025-01-01T02:26:48.580666  18397	18.777	18.816	23.773	24.176	17.971	27.319	26.593	23.692	22.000	29.978	50.226	50.242	23.407	2860.788	0	0	0	0.00	-135.000	-135.000	225.000	36.527
2025-01-01T02:26:49.780712  18398	19.018	18.836	23.289	24.015	18.212	27.319	26.513	23.209	21.678	29.897	50.228	50.242	23.407	2810.911	0	0	0	0.00	-135.000	-135.000	225.000	36.527
2025-01-01T02:26:50.980764  18399	18.615	18.814	23.692	23.934	18.051	27.480	26.674	23.289	21.678	30.059	50.229	50.242	23.487	2868.308	0	0	0	0.00	-135.000	-135.000	225.000	36.527
2025-01-01T02:26:52.180860  18400	18.857	18.819	23.531	23.934	18.212	27.319	26.593	23.209	21.758	30.300	50.231	50.242	23.407	2858.340	0	0	0	0.00	-135.000	-135.000	225.000	36.527
2025-01-01T02:26:53.380899  18401	18.938	18.831	23.370	23.853	18.132	27.158	26.755	23.451	21.597	30.220	50.232	50.242	23.407	2829.586	0	0	0	0.00	-135.000	-135.000	225.000	36.527
2025-01-01T02:26:54.580853  18402	18.696	18.817	23.531	23.853	18.132	27.319	26.432	23.451	21.758	29.978	50.217	50.242	23.649	2865.006	0	0	0	0.00	-135.000	-135.000	225.000	36.527
2025-01-01T02:26:55.781062  18403	18.938	18.829	23.531	24.095	17.971	27.399	26.593	23.289	21.516	30.059	50.227	50.403	23.568	2835.522	0	0	0	0.00	-135.000	-135.000	225.000	36.527
2025-01-01T02:26:56.981036  18404	18.857	18.832	23.531	24.015	18.212	27.238	26.674	23.692	21.597	30.300	50.237	50.403	23.568	2829.874	0	0	0	0.00	-135.000	-135.000	225.000	36.527
2025-01-01T02:26:58.180999  18405	18.777	18.826	23.370	24.095	18.132	27.560	26.674	23.370	21.678	30.220	50.229	50.323	23.568	2845.094	0	0	0	0.00	-135.000	-135.000	225.000	36.527
2025-01-01T02:26:59.381052  18406	18.777	18.821	23.370	23.853	18.132	27.319	26.755	23.692	21.597	30.300	50.239	50.161	23.407	2858.788	0	0	0	0.00	-135.000	-135.000	225.000	36.527
2025-01-01T02:27:00.581087  18407	19.018	18.841	23.209	24.095	18.132	27.480	26.755	23.451	21.678	30.220	50.239	50.081	23.487	2810.178	0	0	0	0.00	-135.000	-135.000	225.000	36.527
2025-01-01T02:27:01.781195  18408	18.696	18.827	23.451	24.095	18.051	27.319	26.513	23.289	21.678	30.059	50.239	50.000	23.407	2848.354	0	0	0	0.00	-135.000	-135.000	225.000	36.527
2025-01-01T02:27:02.981249  18409	18.857	18.830	23.531	24.256	18.051	27.319	26.593	23.451	21.758	30.220	50.239	50.161	23.487	2841.556	0	0	0	0.00	-135.000	-135.000	225.000	36.527
2025-01-01T02:27:04.181235  18410	18.857	18.832	23.612	24.176	17.971	27.560	26.593	23.451	21.839	29.978	50.232	50.161	23.649	2835.860	0	0	0	0.00	-135.000	-135.000	225.000	36.527
2025-01-01T02:27:05.381341  18411	18.857	18.835	23.612	24.095	18.212	27.319	26.674	23.451	21.919	30.059	50.241	50.242	23.568	2830.832	0	0	0	0.00	-135.000	-135.000	225.000	36.527
2025-01-01T02:27:06.581381  18412	18.938	18.845	23.451	23.853	18.212	27.480	26.674	23.370	21.758	30.381	50.233	50.242	23.568	2806.044	0	0	0	0.00	-135.000	-135.000	225.000	36.527
2025-01-01T02:27:07.781413  18413	18.696	18.830	23.531	23.934	18.132	27.319	26.513	23.531	21.436	30.220	50.210	50.161	23.729	2845.030	0	0	0	0.00	-135.000	-135.000	225.000	36.527
2025-01-01T02:27:08.981474  18414	18.938	18.841	23.612	24.015	17.971	27.319	26.513	23.451	22.000	30.220	50.197	50.242	23.729	2818.755	0	0	0	0.00	-135.000	-135.000	225.000	36.527
2025-01-01T02:27:10.181499  18415	18.857	18.843	23.370	24.095	17.971	27.319	26.593	23.451	21.919	30.300	50.217	50.323	23.568	2816.000	0	0	0	0.00	-135.000	-135.000	225.000	36.527
2025-01-01T02:27:11.381489  18416	19.099	18.868	23.370	24.176	18.212	27.158	26.835	23.451	21.678	30.139	50.220	50.242	23.487	2752.365	0	0	0	0.00	-135.000	-135.000	225.000	36.527
2025-01-01T02:27:12.581629  18417	18.938	18.875	23.612	23.934	18.132	27.319	26.755	23.370	21.678	30.300	50.222	50.242	23.649	2736.236	0	0	0	0.00	-135.000	-135.000	225.000	36.527
2025-01-01T02:27:13.781575  18418	19.018	18.889	23.612	24.176	18.293	27.399	26.755	23.370	21.758	30.381	50.224	50.484	23.568	2701.076	0	0	0	0.00	-135.000	-135.000	225.000	36.527
2025-01-01T02:27:14.981676  18419	18.777	18.878	23.370	23.853	18.293	27.319	26.755	23.612	21.678	30.220	50.226	50.403	23.729	2730.674	0	0	0	0.00	-135.000	-135.000	225.000	36.527
2025-01-01T02:27:16.181732  18420	19.099	18.900	23.692	24.015	18.293	27.560	26.593	23.773	21.678	29.978	50.219	50.403	23.568	2675.530	0	0	0	0.00	-135.000	-135.000	225.000	36.527
2025-01-01T02:27:17.381747  18421	18.857	18.896	23.451	24.176	18.293	27.319	26.755	23.773	21.597	30.381	50.222	50.161	23.326	2687.568	0	0	0	0.00	-135.000	-135.000	225.000	36.527
2025-01-01T02:27:18.581889  18422	19.099	18.916	23.451	24.015	18.212	27.560	26.513	23.289	21.839	30.220	50.224	50.323	23.649	2636.926	0	0	0	0.00	-135.000	-135.000	225.000	36.527
2025-01-01T02:27:19.781789  18423	18.777	18.902	23.370	24.176	18.132	27.480	26.593	23.451	21.678	30.220	50.242	50.242	23.487	2673.219	0	0	0	0.00	-135.000	-135.000	225.000	36.527
2025-01-01T02:27:20.981847  18424	19.099	18.922	23.451	23.773	18.212	27.560	26.674	23.209	21.919	30.139	50.234	50.161	23.568	2623.936	0	0	0	0.00	-135.000	-135.000	225.000	36.527
2025-01-01T02:27:22.181906  18425	18.938	18.924	23.451	23.934	18.293	27.238	26.593	23.370	21.436	30.462	50.234	50.242	23.649	2620.884	0	0	0	0.00	-135.000	-135.000	225.000	36.527
2025-01-01T02:27:23.382018  18426	19.018	18.933	23.451	23.853	18.212	27.319	26.593	23.612	21.597	30.381	50.235	50.242	23.568	2597.496	0	0	0	0.00	-135.000	-135.000	225.000	36.527
2025-01-01T02:27:24.582021  18427	19.018	18.942	23.370	23.934	18.374	27.238	26.755	23.531	21.758	30.300	50.220	50.081	23.729	2576.596	0	0	0	0.00	-135.000	-135.000	225.000	36.527
2025-01-01T02:27:25.782083  18428	18.777	18.925	23.289	23.934	18.212	27.319	26.593	23.773	21.516	30.462	50.214	50.242	23.649	2618.863	0	0	0	0.00	-135.000	-135.000	225.000	36.527
2025-01-01T02:27:26.982196  18429	18.938	18.926	23.531	24.015	18.132	27.238	26.674	23.370	22.000	30.059	50.209	50.161	23.729	2615.852	0	0	0	0.00	-135.000	-135.000	225.000	36.527
2025-01-01T02:27:28.182087  18430	18.938	18.927	23.370	24.015	18.293	27.158	26.835	23.531	21.758	30.381	50.204	50.242	23.649	2613.506	0	0	0	0.00	-135.000	-135.000	225.000	36.527
2025-01-01T02:27:29.382168  18431	19.018	18.937	23.128	23.853	18.454	27.319	26.755	23.451	21.839	30.462	50.200	50.242	23.568	2591.075	0	0	0	0.00	-135.000	-135.000	225.000	36.527
2025-01-01T02:27:30.582242  18432	18.938	18.937	23.692	24.015	18.132	27.399	26.352	23.451	21.839	30.139	50.196	50.242	23.729	2591.397	0	0	0	0.00	-135.000	-135.000	225.000	36.527
2025-01-01T02:27:31.782229  18433	18.938	18.937	23.451	23.853	18.374	27.319	26.835	23.531	21.597	30.300	50.184	50.323	23.568	2591.573	0	0	0	0.00	-135.000	-135.000	225.000	36.527
2025-01-01T02:27:32.982309  18434	18.857	18.929	23.451	24.256	18.535	27.560	26.755	23.773	21.758	30.300	50.182	50.161	23.729	2612.136	0	0	0	0.00	-135.000	-135.000	225.000	36.527
2025-01-01T02:27:34.182608  18435	18.777	18.914	23.692	24.015	18.132	27.399	26.755	23.451	21.597	30.300	50.180	50.242	23.729	2650.947	0	0	0	0.00	-135.000	-135.000	225.000	36.527
2025-01-01T02:27:35.382359  18436	19.179	18.940	23.451	24.176	18.454	27.399	26.916	23.612	21.919	30.462	50.194	50.403	23.649	2584.054	0	0	0	0.00	-135.000	-135.000	225.000	36.527
2025-01-01T02:27:36.582482  18437	19.179	18.964	23.370	24.015	18.374	27.399	26.835	23.531	21.839	30.139	50.207	50.323	23.568	2524.530	0	0	0	0.00	-135.000	-135.000	225.000	36.527
2025-01-01T02:27:37.782529  18438	18.938	18.961	23.451	23.934	18.132	27.238	26.513	23.773	21.597	29.978	50.194	50.242	23.649	2531.921	0	0	0	0.00	-135.000	-135.000	225.000	36.527
2025-01-01T02:27:38.982541  18439	19.099	18.975	23.370	23.773	18.535	27.238	26.593	23.531	21.758	30.300	50.207	50.242	23.568	2497.406	0	0	0	0.00	-135.000	-135.000	225.000	36.527
2025-01-01T02:27:40.182524  18440	18.938	18.971	23.531	24.095	18.535	27.480	26.674	23.692	21.839	30.300	50.203	50.323	23.487	2507.325	0	0	0	0.00	-135.000	-135.000	225.000	36.527
2025-01-01T02:27:41.382794  18441	19.099	18.984	23.451	23.853	18.535	27.560	26.755	23.289	21.436	30.059	50.207	50.242	23.487	2475.244	0	0	0	0.00	-135.000	-135.000	225.000	36.527
2025-01-01T02:27:42.582611  18442	19.099	18.996	23.289	24.256	18.454	27.399	26.755	23.773	21.758	30.300	50.194	50.000	23.729	2446.627	0	0	0	0.00	-135.000	-135.000	225.000	36.527
2025-01-01T02:27:43.782722  18443	19.018	18.998	23.209	24.176	18.374	27.319	26.755	23.612	21.919	30.300	50.199	50.161	23.568	2441.166	0	0	0	0.00	-135.000	-135.000	225.000	36.527
2025-01-01T02:27:44.982764  18444	18.777	18.976	23.370	24.015	18.374	27.399	26.593	23.531	21.678	30.059	50.187	50.161	23.810	2497.170	0	0	0	0.00	-135.000	-135.000	225.000	36.527
2025-01-01T02:27:46.182780  18445	18.938	18.972	23.451	24.015	18.293	27.319	26.674	23.451	21.678	30.300	50.184	50.242	23.649	2506.517	0	0	0	0.00	-135.000	-135.000	225.000	36.527
2025-01-01T02:27:47.382904  18446	18.857	18.961	23.289	24.095	18.454	27.399	26.593	23.370	22.081	30.139	50.174	50.242	23.729	2535.657	0	0	0	0.00	-135.000	-135.000	225.000	36.527
2025-01-01T02:27:48.582891  18447	19.018	18.966	23.289	24.095	18.535	27.158	26.835	23.451	21.597	30.139	50.181	50.242	23.649	2521.095	0	0	0	0.00	-135.000	-135.000	225.000	36.527
2025-01-01T02:27:49.783003  18448	18.857	18.955	23.370	23.853	18.454	27.480	26.432	23.612	21.758	30.139	50.171	50.242	23.729	2549.025	0	0	0	0.00	-135.000	-135.000	225.000	36.527
2025-01-01T02:27:50.983036  18449	19.099	18.970	23.209	24.095	18.212	27.238	26.593	23.692	21.758	30.300	50.178	50.161	23.487	2512.850	0	0	0	0.00	-135.000	-135.000	225.000	36.527
2025-01-01T02:27:52.182978  18450	19.179	18.991	23.451	23.934	18.374	27.238	26.755	23.531	21.839	30.300	50.192	50.323	23.649	2460.345	0	0	0	0.00	-135.000	-135.000	225.000	36.527
2025-01-01T02:27:53.382998  18451	19.260	19.018	23.370	24.256	18.535	27.319	26.674	23.692	21.597	30.059	50.189	50.242	23.729	2392.758	0	0	0	0.00	-135.000	-135.000	225.000	36.527
2025-01-01T02:27:54.583112  18452	18.938	19.010	23.370	23.934	18.293	27.158	26.674	23.451	21.597	30.220	50.195	50.242	23.487	2413.369	0	0	0	0.00	-135.000	-135.000	225.000	36.527
2025-01-01T02:27:55.783211  18453	18.857	18.994	23.289	24.015	18.535	27.238	26.674	23.531	21.678	30.300	50.199	50.323	23.568	2451.681	0	0	0	0.00	-135.000	-135.000	225.000	36.527
2025-01-01T02:27:56.983377  18454	19.099	19.005	23.289	24.095	18.615	27.319	26.674	23.934	21.516	30.220	50.196	50.242	23.649	2425.007	0	0	0	0.00	-135.000	-135.000	225.000	36.527
2025-01-01T02:27:58.183228  18455	18.777	18.982	23.128	24.176	18.374	27.158	26.755	23.773	21.839	30.381	50.200	50.242	23.407	2482.871	0	0	0	0.00	-135.000	-135.000	225.000	36.527
2025-01-01T02:27:59.383288  18456	19.179	19.002	23.128	24.015	18.535	27.319	26.835	23.692	21.597	30.381	50.188	50.161	23.729	2432.640	0	0	0	0.00	-135.000	-135.000	225.000	36.527
2025-01-01T02:28:00.583267  18457	18.857	18.987	22.967	24.015	18.374	27.158	26.674	23.289	21.839	30.300	50.186	50.242	23.729	2469.567	0	0	0	0.00	-135.000	-135.000	225.000	36.527
2025-01-01T02:28:01.783609  18458	19.018	18.990	23.048	24.256	18.454	27.077	26.835	23.289	21.678	30.462	50.175	50.242	23.649	2461.530	0	0	0	0.00	-135.000	-135.000	225.000	36.527
2025-01-01T02:28:02.983400  18459	19.099	19.001	22.806	24.095	18.374	27.560	26.593	23.048	21.758	30.542	50.190	50.161	23.407	2434.243	0	0	0	0.00	-135.000	-135.000	225.000	36.527
2025-01-01T02:28:04.183484  18460	19.018	19.003	22.886	23.934	18.535	27.319	26.755	23.209	21.597	30.220	50.195	50.161	23.487	2430.138	0	0	0	0.00	-135.000	-135.000	225.000	36.527
2025-01-01T02:28:05.383522  18461	19.179	19.021	23.128	24.015	18.454	27.158	26.755	23.612	21.758	30.462	50.176	50.081	23.487	2385.543	0	0	0	0.00	-135.000	-135.000	225.000	36.527
2025-01-01T02:28:06.583561  18462	18.857	19.004	23.209	24.095	18.615	27.319	26.593	23.370	21.758	30.300	50.158	50.161	23.729	2427.058	0	0	0	0.00	-135.000	-135.000	225.000	36.527
2025-01-01T02:28:07.783583  18463	19.099	19.014	23.048	24.095	18.454	27.399	26.674	23.451	21.758	30.462	50.166	50.161	23.568	2402.785	0	0	0	0.00	-135.000	-135.000	225.000	36.527
2025-01-01T02:28:08.983704  18464	19.099	19.022	23.209	24.256	18.615	27.319	26.755	23.531	21.597	30.462	50.166	50.161	23.810	2381.358	0	0	0	0.00	-135.000	-135.000	225.000	36.527
2025-01-01T02:28:10.183600  18465	19.018	19.022	23.289	24.015	18.615	27.399	26.674	23.451	21.758	30.300	50.173	50.242	23.487	2382.365	0	0	0	0.00	-135.000	-135.000	225.000	36.527
2025-01-01T02:28:11.383902  18466	19.099	19.030	23.048	23.934	18.535	27.238	26.755	23.289	21.678	30.300	50.180	50.242	23.568	2362.737	0	0	0	0.00	-135.000	-135.000	225.000	36.527
2025-01-01T02:28:12.583824  18467	19.018	19.028	23.209	24.176	18.615	27.560	26.593	23.128	21.839	30.462	50.178	50.242	23.568	2365.523	0	0	0	0.00	-135.000	-135.000	225.000	36.527
2025-01-01T02:28:13.783725  18468	19.018	19.027	23.209	23.853	18.454	27.158	26.593	23.289	22.000	30.220	50.185	50.323	23.568	2367.861	0	0	0	0.00	-135.000	-135.000	225.000	36.527
2025-01-01T02:28:14.983794  18469	18.938	19.018	23.289	24.015	18.615	27.238	26.835	23.612	21.758	30.300	50.199	50.161	23.568	2390.311	0	0	0	0.00	-135.000	-135.000	225.000	36.527
2025-01-01T02:28:16.184009  18470	19.179	19.035	22.806	23.853	18.615	27.319	26.835	23.612	21.597	30.462	50.203	50.242	23.487	2349.309	0	0	0	0.00	-135.000	-135.000	225.000	36.527
2025-01-01T02:28:17.383867  18471	19.099	19.041	23.128	24.256	18.696	27.158	26.835	23.289	21.758	30.462	50.207	50.242	23.568	2333.131	0	0	0	0.00	-135.000	-135.000	225.000	36.527
2025-01-01T02:28:18.583923  18472	19.099	19.047	23.128	24.256	18.615	27.319	26.755	23.451	21.758	30.300	50.218	50.323	23.729	2318.340	0	0	0	0.00	-135.000	-135.000	225.000	36.527
2025-01-01T02:28:19.784138  18473	19.099	19.052	22.967	24.176	18.696	27.077	26.755	23.612	21.678	30.381	50.221	50.161	23.568	2304.956	0	0	0	0.00	-135.000	-135.000	225.000	36.527
2025-01-01T02:28:20.984062  18474	19.179	19.065	23.289	24.015	18.696	27.077	26.755	23.209	21.839	30.139	50.223	50.323	23.649	2272.480	0	0	0	0.00	-135.000	-135.000	225.000	36.527
2025-01-01T02:28:22.184155  18475	18.857	19.044	23.048	24.015	18.454	27.480	26.674	23.451	22.081	30.220	50.209	50.161	23.729	2324.741	0	0	0	0.00	-135.000	-135.000	225.000	36.527
2025-01-01T02:28:23.384154  18476	19.099	19.049	22.967	24.095	18.535	27.319	26.755	23.612	21.839	30.623	50.212	50.161	23.568	2310.142	0	0	0	0.00	-135.000	-135.000	225.000	36.527
2025-01-01T02:28:24.584178  18477	19.099	19.054	22.967	24.015	18.615	27.399	26.674	23.612	22.000	30.220	50.215	50.161	23.568	2297.417	0	0	0	0.00	-135.000	-135.000	225.000	36.527
2025-01-01T02:28:25.784166  18478	19.260	19.075	23.289	24.176	18.535	27.319	26.755	23.451	21.839	30.381	50.202	50.403	23.649	2245.167	0	0	0	0.00	-135.000	-135.000	225.000	36.527
2025-01-01T02:28:26.984271  18479	19.099	19.077	22.806	23.853	18.777	27.480	26.755	23.209	21.758	30.220	50.206	50.323	23.649	2239.009	0	0	0	0.00	-135.000	-135.000	225.000	36.527
2025-01-01T02:28:28.184265  18480	18.938	19.063	22.967	24.095	18.535	27.158	26.835	23.773	21.839	30.220	50.209	50.161	23.568	2273.801	0	0	0	0.00	-135.000	-135.000	225.000	36.527
2025-01-01T02:28:29.384423  18481	19.099	19.067	22.806	24.015	18.777	27.238	26.593	23.128	21.839	30.300	50.204	50.161	23.568	2264.108	0	0	0	0.00	-135.000	-135.000	225.000	36.527
2025-01-01T02:28:30.584327  18482	19.018	19.062	23.048	23.934	18.777	27.399	26.593	23.853	21.839	30.542	50.200	50.242	23.649	2276.001	0	0	0	0.00	-135.000	-135.000	225.000	36.527
2025-01-01T02:28:31.784351  18483	19.099	19.066	22.886	24.337	18.454	27.319	26.916	23.531	21.919	30.542	50.204	50.242	23.810	2266.167	0	0	0	0.00	-135.000	-135.000	225.000	36.527
2025-01-01T02:28:32.984791  18484	19.099	19.069	22.806	23.934	18.454	27.399	26.593	23.370	21.758	30.542	50.200	50.242	23.649	2257.408	0	0	0	0.00	-135.000	-135.000	225.000	36.527
2025-01-01T02:28:34.184534  18485	18.938	19.056	22.806	24.095	18.374	27.238	26.835	23.773	22.081	30.300	50.196	50.242	23.810	2290.185	0	0	0	0.00	-135.000	-135.000	225.000	36.527
2025-01-01T02:28:35.384579  18486	19.099	19.060	22.886	24.176	18.535	27.238	26.593	23.451	21.919	30.381	50.201	50.323	23.649	2278.676	0	0	0	0.00	-135.000	-135.000	225.000	36.527
2025-01-01T02:28:36.584643  18487	19.179	19.072	22.725	24.015	18.454	27.319	26.755	23.612	21.839	30.139	50.189	50.242	23.729	2248.211	0	0	0	0.00	-135.000	-135.000	225.000	36.527
2025-01-01T02:28:37.784616  18488	19.179	19.083	22.806	24.176	18.454	27.319	26.674	23.773	21.839	30.300	50.178	50.242	23.729	2220.828	0	0	0	0.00	-135.000	-135.000	225.000	36.527
2025-01-01T02:28:38.984722  18489	19.341	19.109	22.645	23.934	18.535	27.238	26.674	23.451	21.919	30.381	50.184	50.242	23.729	2155.327	0	0	0	0.00	-135.000	-135.000	225.000	36.527
2025-01-01T02:28:40.184755  18490	19.260	19.124	22.645	24.176	18.454	27.238	26.755	23.451	21.839	30.139	50.182	50.242	23.729	2116.826	0	0	0	0.00	-135.000	-135.000	225.000	36.527
2025-01-01T02:28:41.384948  18491	18.938	19.105	22.806	23.934	18.454	27.238	26.835	23.370	21.919	30.462	50.196	50.323	23.649	2163.285	0	0	0	0.00	-135.000	-135.000	225.000	36.527
2025-01-01T02:28:42.584775  18492	19.179	19.113	22.886	23.853	18.535	27.238	26.674	23.370	21.678	30.623	50.201	50.242	23.649	2143.407	0	0	0	0.00	-135.000	-135.000	225.000	36.527
2025-01-01T02:28:43.784814  18493	19.179	19.119	22.725	24.015	18.454	27.319	26.835	23.451	21.516	30.381	50.205	50.000	23.649	2125.874	0	0	0	0.00	-135.000	-135.000	225.000	36.527
2025-01-01T02:28:44.984930  18494	19.018	19.109	22.645	24.176	18.454	27.158	26.755	23.531	21.758	30.542	50.200	50.161	23.487	2150.698	0	0	0	0.00	-135.000	-135.000	225.000	36.527
2025-01-01T02:28:46.184960  18495	19.018	19.100	22.886	24.015	18.454	27.238	26.593	23.612	21.758	30.220	50.197	50.161	23.729	2172.703	0	0	0	0.00	-135.000	-135.000	225.000	36.527
2025-01-01T02:28:47.385085  18496	19.099	19.100	22.645	23.934	18.696	27.238	26.674	23.289	21.919	30.703	50.201	50.161	23.729	2172.129	0	0	0	0.00	-135.000	-135.000	225.000	36.527
2025-01-01T02:28:48.585042  18497	19.018	19.092	22.725	24.095	18.615	27.319	26.593	23.612	21.919	30.703	50.205	50.242	23.649	2192.070	0	0	0	0.00	-135.000	-135.000	225.000	36.527
2025-01-01T02:28:49.785105  18498	19.179	19.101	22.484	24.176	18.535	27.238	26.755	23.612	21.678	30.462	50.209	50.161	23.568	2169.116	0	0	0	0.00	-135.000	-135.000	225.000	36.527
2025-01-01T02:28:50.985220  18499	18.938	19.084	22.725	24.015	18.293	27.399	26.593	23.773	21.839	30.220	50.212	50.161	23.487	2209.744	0	0	0	0.00	-135.000	-135.000	225.000	36.527
2025-01-01T02:28:52.185124  18500	18.857	19.062	22.806	24.176	18.374	27.158	26.755	23.289	21.839	30.220	50.215	50.242	23.568	2266.233	0	0	0	0.00	-135.000	-135.000	225.000	36.527
2025-01-01T02:28:53.385164  18501	19.179	19.073	22.886	24.176	18.615	27.319	26.674	23.773	21.758	30.462	50.218	50.161	23.487	2235.556	0	0	0	0.00	-135.000	-135.000	225.000	36.527
2025-01-01T02:28:54.585300  18502	19.018	19.068	22.564	24.095	18.454	27.158	26.996	23.612	22.000	30.139	50.212	50.242	23.649	2249.193	0	0	0	0.00	-135.000	-135.000	225.000	36.527
2025-01-01T02:28:55.785372  18503	19.099	19.071	22.484	24.095	18.777	27.399	26.916	23.692	21.919	30.462	50.215	50.161	23.729	2240.770	0	0	0	0.00	-135.000	-135.000	225.000	36.527
2025-01-01T02:28:56.985545  18504	19.179	19.082	22.806	24.015	18.454	27.238	26.996	23.451	21.758	30.300	50.210	50.242	23.649	2212.915	0	0	0	0.00	-135.000	-135.000	225.000	36.527
2025-01-01T02:28:58.185317  18505	19.099	19.084	22.242	24.015	18.696	27.480	26.755	23.370	21.597	30.300	50.213	50.242	23.487	2208.245	0	0	0	0.00	-135.000	-135.000	225.000	36.527
2025-01-01T02:28:59.385444  18506	19.099	19.085	22.564	24.256	18.454	27.319	26.593	23.612	22.000	30.139	50.216	50.323	23.568	2203.815	0	0	0	0.00	-135.000	-135.000	225.000	36.527
2025-01-01T02:29:00.585490  18507	19.018	19.078	22.564	24.015	18.535	27.158	26.755	23.531	21.678	30.703	50.227	50.323	23.487	2220.119	0	0	0	0.00	-135.000	-135.000	225.000	36.527
2025-01-01T02:29:01.785589  18508	19.018	19.072	22.564	24.095	18.293	27.399	26.755	23.451	21.839	30.139	50.220	50.323	23.729	2234.620	0	0	0	0.00	-135.000	-135.000	225.000	36.527
2025-01-01T02:29:02.985597  18509	19.099	19.075	22.806	24.095	18.454	27.399	26.755	23.370	21.919	30.623	50.214	50.242	23.568	2227.293	0	0	0	0.00	-135.000	-135.000	225.000	36.527
2025-01-01T02:29:04.185549  18510	19.018	19.069	22.645	24.015	18.374	27.399	26.755	23.451	21.758	30.220	50.209	50.242	23.649	2241.155	0	0	0	0.00	-135.000	-135.000	225.000	36.527
2025-01-01T02:29:05.385589  18511	19.421	19.105	22.564	23.934	18.535	27.480	26.593	23.209	21.678	30.381	50.220	50.161	23.407	2151.639	0	0	0	0.00	-135.000	-135.000	225.000	36.527
2025-01-01T02:29:06.585634  18512	19.099	19.104	22.403	23.773	18.696	27.319	26.916	23.612	21.839	30.381	50.230	50.242	23.568	2153.042	0	0	0	0.00	-135.000	-135.000	225.000	36.527
2025-01-01T02:29:07.785754  18513	19.018	19.095	22.645	24.015	18.454	27.399	26.593	23.289	21.436	30.381	50.224	50.242	23.568	2173.954	0	0	0	0.00	-135.000	-135.000	225.000	36.527
2025-01-01T02:29:08.985720  18514	18.938	19.080	22.725	23.934	18.374	27.238	26.513	23.773	21.839	30.381	50.209	50.081	23.810	2212.965	0	0	0	0.00	-135.000	-135.000	225.000	36.527
2025-01-01T02:29:10.185830  18515	19.179	19.090	22.645	23.934	18.374	27.480	26.513	23.209	21.758	30.300	50.213	50.242	23.568	2186.865	0	0	0	0.00	-135.000	-135.000	225.000	36.527
2025-01-01T02:29:11.385873  18516	19.099	19.091	22.725	24.095	18.615	27.238	26.835	23.612	22.000	30.542	50.215	50.242	23.729	2184.095	0	0	0	0.00	-135.000	-135.000	225.000	36.527
2025-01-01T02:29:12.586061  18517	19.260	19.108	22.564	24.095	18.615	27.158	26.835	23.531	21.919	30.381	50.218	50.081	23.568	2140.645	0	0	0	0.00	-135.000	-135.000	225.000	36.527
2025-01-01T02:29:13.786158  18518	19.179	19.115	22.725	24.015	18.374	27.560	26.674	23.370	22.000	30.220	50.221	50.242	23.407	2122.046	0	0	0	0.00	-135.000	-135.000	225.000	36.527
2025-01-01T02:29:14.986120  18519	19.179	19.121	22.645	24.256	18.615	27.158	26.835	23.692	21.678	30.300	50.231	50.323	23.649	2105.019	0	0	0	0.00	-135.000	-135.000	225.000	36.527
2025-01-01T02:29:16.185986  18520	19.099	19.119	22.645	24.095	18.615	27.158	26.916	23.773	21.597	30.381	50.224	50.242	23.810	2109.934	0	0	0	0.00	-135.000	-135.000	225.000	36.527
2025-01-01T02:29:17.386105  18521	19.260	19.133	22.484	24.095	18.615	27.319	26.755	23.531	21.919	30.623	50.226	50.323	23.568	2073.399	0	0	0	0.00	-135.000	-135.000	225.000	36.527
2025-01-01T02:29:18.586149  18522	19.260	19.146	22.645	24.256	18.696	26.996	26.674	23.612	21.839	30.300	50.219	50.323	23.649	2040.655	0	0	0	0.00	-135.000	-135.000	225.000	36.527
2025-01-01T02:29:19.786322  18523	19.099	19.141	22.806	24.176	18.696	27.077	26.755	23.370	21.678	30.462	50.221	50.323	23.729	2051.731	0	0	0	0.00	-135.000	-135.000	225.000	36.527
2025-01-01T02:29:20.986366  18524	19.179	19.145	22.806	24.176	18.615	27.560	26.674	23.370	21.919	30.623	50.232	50.403	23.649	2040.947	0	0	0	0.00	-135.000	-135.000	225.000	36.527
2025-01-01T02:29:22.186218  18525	19.341	19.165	22.564	24.256	18.777	27.319	26.916	23.692	21.919	30.300	50.241	50.323	23.649	1990.548	0	0	0	0.00	-135.000	-135.000	225.000	36.527
2025-01-01T02:29:23.386499  18526	19.260	19.174	22.967	24.015	18.777	27.560	26.755	23.451	21.839	30.381	50.233	50.323	23.729	1965.635	0	0	0	0.00	-135.000	-135.000	225.000	36.527
2025-01-01T02:29:24.586439  18527	19.018	19.158	22.725	24.095	18.777	27.319	26.916	23.451	22.081	30.300	50.226	50.000	23.729	2003.962	0	0	0	0.00	-135.000	-135.000	225.000	36.527
2025-01-01T02:29:25.786348  18528	19.099	19.153	22.725	24.015	18.857	27.399	26.593	23.612	21.758	30.220	50.219	50.161	23.649	2017.599	0	0	0	0.00	-135.000	-135.000	225.000	36.527
2025-01-01T02:29:26.986391  18529	19.260	19.163	22.886	24.256	18.857	27.399	26.835	23.370	22.081	30.542	50.229	50.323	23.729	1989.232	0	0	0	0.00	-135.000	-135.000	225.000	36.527
2025-01-01T02:29:28.186418  18530	19.179	19.165	22.806	24.176	18.777	27.158	26.755	23.692	21.919	30.542	50.223	50.242	23.487	1984.208	0	0	0	0.00	-135.000	-135.000	225.000	36.527
2025-01-01T02:29:29.386476  18531	19.341	19.182	22.806	24.095	18.777	27.480	26.674	23.451	21.678	30.462	50.225	50.323	23.729	1938.671	0	0	0	0.00	-135.000	-135.000	225.000	36.527
2025-01-01T02:29:30.586640  18532	19.502	19.214	22.886	24.095	18.777	27.238	26.755	23.451	21.919	30.381	50.226	50.242	23.649	1857.046	0	0	0	0.00	-135.000	-135.000	225.000	36.527
2025-01-01T02:29:31.786589  18533	19.018	19.195	22.806	24.015	18.777	27.399	26.835	23.853	22.000	30.462	50.220	50.161	23.649	1905.737	0	0	0	0.00	-135.000	-135.000	225.000	36.527
2025-01-01T02:29:32.986594  18534	19.341	19.209	22.484	24.176	18.857	27.480	26.835	23.531	22.000	30.703	50.222	50.242	23.568	1867.123	0	0	0	0.00	-135.000	-135.000	225.000	36.527
2025-01-01T02:29:34.186665  18535	19.260	19.214	22.725	24.095	18.857	27.238	26.835	23.612	21.758	30.462	50.216	50.161	23.649	1853.143	0	0	0	0.00	-135.000	-135.000	225.000	36.527
2025-01-01T02:29:35.386801  18536	19.179	19.211	22.886	24.095	18.938	27.399	26.755	23.451	22.081	30.381	50.202	50.242	23.890	1860.578	0	0	0	0.00	-135.000	-135.000	225.000	36.527
2025-01-01T02:29:36.586778  18537	19.099	19.200	22.645	24.015	19.018	27.238	26.916	23.692	21.597	30.381	50.182	50.161	23.971	1887.348	0	0	0	0.00	-135.000	-135.000	225.000	36.527
2025-01-01T02:29:37.786812  18538	19.421	19.222	22.484	24.176	18.938	27.238	26.916	23.289	21.919	30.462	50.180	50.242	23.649	1829.757	0	0	0	0.00	-135.000	-135.000	225.000	36.527
2025-01-01T02:29:38.986903  18539	19.260	19.226	22.484	24.015	18.938	27.238	26.755	23.209	21.839	30.220	50.194	50.081	23.568	1819.002	0	0	0	0.00	-135.000	-135.000	225.000	36.527
2025-01-01T02:29:40.186913  18540	19.179	19.221	22.725	24.095	18.696	27.238	26.755	23.773	22.081	30.300	50.199	50.323	23.649	1829.182	0	0	0	0.00	-135.000	-135.000	225.000	36.527
2025-01-01T02:29:41.387019  18541	19.179	19.217	22.564	24.256	18.857	27.480	26.835	23.612	21.758	30.220	50.195	50.323	23.810	1838.054	0	0	0	0.00	-135.000	-135.000	225.000	36.527
2025-01-01T02:29:42.586998  18542	19.260	19.221	22.484	24.256	18.777	26.996	27.077	23.692	22.161	30.462	50.200	50.323	23.810	1825.549	0	0	0	0.00	-135.000	-135.000	225.000	36.527
2025-01-01T02:29:43.786972  18543	19.099	19.209	22.725	24.256	18.938	27.399	26.755	23.370	22.000	30.462	50.188	50.161	23.810	1855.006	0	0	0	0.00	-135.000	-135.000	225.000	36.527
2025-01-01T02:29:44.987133  18544	19.341	19.222	22.403	24.256	19.018	27.399	26.835	23.289	22.161	30.462	50.193	50.000	23.649	1820.032	0	0	0	0.00	-135.000	-135.000	225.000	36.527
2025-01-01T02:29:46.187031  18545	19.260	19.226	22.564	24.095	18.857	27.319	26.755	23.612	22.000	30.462	50.206	50.161	23.568	1809.163	0	0	0	0.00	-135.000	-135.000	225.000	36.527
2025-01-01T02:29:47.387235  18546	19.099	19.213	22.564	24.095	18.777	27.399	26.674	23.773	21.839	30.220	50.202	50.242	23.649	1839.767	0	0	0	0.00	-135.000	-135.000	225.000	36.527
2025-01-01T02:29:48.587344  18547	19.421	19.234	22.403	24.095	19.099	27.399	26.916	23.612	21.919	30.381	50.206	50.242	23.810	1785.464	0	0	0	0.00	-135.000	-135.000	225.000	36.527
2025-01-01T02:29:49.787279  18548	19.421	19.253	22.564	24.095	18.857	27.238	26.755	23.451	22.081	30.462	50.201	50.161	23.890	1736.939	0	0	0	0.00	-135.000	-135.000	225.000	36.527
2025-01-01T02:29:50.987305  18549	19.179	19.245	22.322	24.015	18.777	27.480	26.835	23.531	21.839	30.462	50.189	50.161	23.810	1754.067	0	0	0	0.00	-135.000	-135.000	225.000	36.527
2025-01-01T02:29:52.187367  18550	19.421	19.263	22.322	24.256	18.857	27.319	26.755	23.692	21.839	30.462	50.179	50.161	23.810	1707.777	0	0	0	0.00	-135.000	-135.000	225.000	36.527
2025-01-01T02:29:53.387442  18551	19.341	19.271	22.403	24.015	18.938	27.319	26.916	23.773	22.000	30.300	50.169	50.242	23.890	1686.671	0	0	0	0.00	-135.000	-135.000	225.000	36.527
2025-01-01T02:29:54.587429  18552	19.260	19.270	22.484	24.095	18.777	27.319	26.916	23.531	21.839	30.059	50.184	50.323	23.729	1687.639	0	0	0	0.00	-135.000	-135.000	225.000	36.527
2025-01-01T02:29:55.787478  18553	19.179	19.261	22.564	24.095	18.777	27.560	26.916	23.773	22.081	30.300	50.182	50.242	23.890	1708.532	0	0	0	0.00	-135.000	-135.000	225.000	36.527
2025-01-01T02:29:56.987447  18554	19.260	19.261	22.161	24.176	18.938	27.319	26.916	23.531	22.081	30.220	50.196	50.403	23.729	1706.686	0	0	0	0.00	-135.000	-135.000	225.000	36.527
2025-01-01T02:29:58.187503  18555	19.502	19.285	22.403	24.095	19.018	27.641	26.835	23.451	21.839	30.703	50.201	50.323	23.649	1643.908	0	0	0	0.00	-135.000	-135.000	225.000	36.527
2025-01-01T02:29:59.387546  18556	19.179	19.274	22.322	24.095	18.857	27.560	26.755	23.531	21.758	30.220	50.205	50.323	23.568	1668.998	0	0	0	0.00	-135.000	-135.000	225.000	36.527
2025-01-01T02:30:00.587629  18557	19.502	19.297	22.403	24.095	19.018	27.319	26.674	23.289	21.678	30.381	50.208	50.242	23.649	1609.353	0	0	0	0.00	-135.000	-135.000	225.000	36.527
2025-01-01T02:30:01.787891  18558	19.179	19.285	22.242	24.176	19.018	27.399	26.916	23.370	21.758	30.381	50.196	50.323	23.729	1637.419	0	0	0	0.00	-135.000	-135.000	225.000	36.527
2025-01-01T02:30:02.987732  18559	19.341	19.291	22.403	24.337	18.938	27.319	26.916	23.853	21.919	30.381	50.200	50.323	23.649	1621.181	0	0	0	0.00	-135.000	-135.000	225.000	36.527
2025-01-01T02:30:04.187773  18560	19.179	19.280	22.161	24.095	18.857	27.399	26.835	23.531	22.000	30.220	50.196	50.242	23.729	1647.380	0	0	0	0.00	-135.000	-135.000	225.000	36.527
2025-01-01T02:30:05.387751  18561	19.421	19.294	22.484	24.337	19.018	27.319	26.916	23.934	21.839	30.703	50.201	50.081	23.568	1609.417	0	0	0	0.00	-135.000	-135.000	225.000	36.527
2025-01-01T02:30:06.587977  18562	19.421	19.307	22.081	23.934	19.179	27.399	27.077	23.853	22.000	30.300	50.205	50.161	23.568	1575.442	0	0	0	0.00	-135.000	-135.000	225.000	36.527
2025-01-01T02:30:07.787856  18563	19.502	19.326	22.322	24.256	19.018	27.560	26.835	23.612	22.161	30.542	50.217	50.323	23.729	1524.206	0	0	0	0.00	-135.000	-135.000	225.000	36.527
2025-01-01T02:30:08.987861  18564	19.421	19.336	22.000	24.176	18.938	27.319	26.835	23.289	21.758	30.623	50.211	50.161	23.649	1498.267	0	0	0	0.00	-135.000	-135.000	225.000	36.527
2025-01-01T02:30:10.187935  18565	19.421	19.344	22.161	24.256	19.099	27.238	26.996	23.612	21.839	30.381	50.214	50.242	23.729	1474.467	0	0	0	0.00	-135.000	-135.000	225.000	36.527
2025-01-01T02:30:11.388118  18566	19.421	19.352	21.919	24.256	19.018	27.319	27.077	23.370	21.919	30.381	50.225	50.242	23.810	1452.752	0	0	0	0.00	-135.000	-135.000	225.000	36.527
2025-01-01T02:30:12.588009  18567	19.341	19.351	22.242	24.337	18.857	27.480	26.755	23.692	22.000	30.300	50.227	50.242	23.649	1453.277	0	0	0	0.00	-135.000	-135.000	225.000	36.527
2025-01-01T02:30:13.788215  18568	19.179	19.334	21.919	24.256	18.938	27.399	26.755	23.209	21.678	30.462	50.236	50.161	23.649	1494.077	0	0	0	0.00	-135.000	-135.000	225.000	36.527
2025-01-01T02:30:14.988099  18569	19.260	19.326	22.081	24.176	18.938	27.480	26.755	23.531	22.000	30.462	50.229	50.242	23.729	1509.985	0	0	0	0.00	-135.000	-135.000	225.000	36.527
2025-01-01T02:30:16.188150  18570	19.179	19.312	21.839	24.256	18.938	27.077	26.835	23.370	21.919	30.542	50.238	50.242	23.729	1544.643	0	0	0	0.00	-135.000	-135.000	225.000	36.527
2025-01-01T02:30:17.388260  18571	19.341	19.315	21.919	24.095	18.857	27.319	26.755	23.451	22.081	30.381	50.247	50.242	23.649	1534.822	0	0	0	0.00	-135.000	-135.000	225.000	36.527
2025-01-01T02:30:18.588304  18572	19.502	19.333	21.919	24.095	18.777	27.319	26.674	23.451	21.839	30.381	50.246	50.323	23.649	1485.338	0	0	0	0.00	-135.000	-135.000	225.000	36.527
2025-01-01T02:30:19.788268  18573	19.341	19.334	22.000	24.095	19.099	27.480	26.674	23.853	21.919	30.623	50.246	50.242	23.810	1481.505	0	0	0	0.00	-135.000	-135.000	225.000	36.527
2025-01-01T02:30:20.988576  18574	19.421	19.343	21.919	24.256	18.777	27.560	26.835	23.531	21.758	30.381	50.237	50.323	23.971	1457.127	0	0	0	0.00	-135.000	-135.000	225.000	36.527
2025-01-01T02:30:22.188549  18575	19.502	19.359	22.081	24.176	18.696	27.399	26.835	23.692	22.000	30.381	50.246	50.242	23.729	1414.690	0	0	0	0.00	-135.000	-135.000	225.000	36.527
2025-01-01T02:30:23.388540  18576	19.502	19.373	21.919	24.256	18.857	27.319	26.835	23.370	21.597	30.220	50.262	50.242	23.649	1376.306	0	0	0	0.00	-135.000	-135.000	225.000	36.527
2025-01-01T02:30:24.588437  18577	19.341	19.370	22.000	24.095	18.938	27.319	26.916	23.531	21.758	30.300	50.243	50.242	23.890	1382.137	0	0	0	0.00	-135.000	-135.000	225.000	36.527
2025-01-01T02:30:25.788548  18578	19.421	19.375	21.678	24.015	18.938	27.641	26.835	23.370	22.000	30.703	50.235	50.242	23.649	1366.461	0	0	0	0.00	-135.000	-135.000	225.000	36.527
2025-01-01T02:30:26.988660  18579	19.341	19.371	22.081	24.256	19.099	27.560	26.916	23.531	21.839	30.542	50.228	50.081	23.568	1372.582	0	0	0	0.00	-135.000	-135.000	225.000	36.527
2025-01-01T02:30:28.188708  18580	19.179	19.352	21.839	24.095	18.857	27.319	26.755	23.692	21.919	30.703	50.229	50.161	23.890	1418.421	0	0	0	0.00	-135.000	-135.000	225.000	36.527
2025-01-01T02:30:29.388607  18581	19.341	19.351	21.597	24.256	19.018	27.238	26.835	23.692	21.758	30.139	50.223	50.242	23.729	1418.501	0	0	0	0.00	-135.000	-135.000	225.000	36.527
2025-01-01T02:30:30.588856  18582	19.421	19.358	21.758	24.337	18.938	27.319	26.916	23.853	22.081	30.300	50.208	50.161	23.890	1398.293	0	0	0	0.00	-135.000	-135.000	225.000	36.527
2025-01-01T02:30:31.788703  18583	19.502	19.372	21.758	24.095	18.857	27.319	26.755	23.773	22.081	30.300	50.188	50.081	23.890	1359.609	0	0	0	0.00	-135.000	-135.000	225.000	36.527
2025-01-01T02:30:32.988730  18584	19.421	19.377	21.597	24.095	18.857	27.480	26.916	23.451	21.758	30.381	50.185	50.242	23.649	1344.965	0	0	0	0.00	-135.000	-135.000	225.000	36.527
2025-01-01T02:30:34.188798  18585	19.341	19.374	21.516	24.176	19.018	27.399	26.916	23.692	21.839	30.220	50.183	50.242	23.810	1351.694	0	0	0	0.00	-135.000	-135.000	225.000	36.527
2025-01-01T02:30:35.388919  18586	19.341	19.370	21.436	24.337	18.777	27.158	26.835	23.289	22.161	30.300	50.197	50.323	23.729	1357.348	0	0	0	0.00	-135.000	-135.000	225.000	36.527
2025-01-01T02:30:36.588940  18587	19.179	19.351	21.597	24.015	18.777	27.238	26.755	23.370	22.000	30.300	50.185	50.242	23.810	1402.927	0	0	0	0.00	-135.000	-135.000	225.000	36.527
2025-01-01T02:30:37.788999  18588	19.260	19.342	21.516	24.015	18.777	27.238	26.996	23.692	21.919	30.381	50.199	50.323	23.649	1423.134	0	0	0	0.00	-135.000	-135.000	225.000	36.527
2025-01-01T02:30:38.988969  18589	19.260	19.334	21.516	23.934	18.777	27.238	26.674	23.773	21.919	30.462	50.203	50.161	23.810	1441.301	0	0	0	0.00	-135.000	-135.000	225.000	36.527
2025-01-01T02:30:40.189078  18590	19.421	19.343	21.355	23.934	18.857	27.399	26.755	23.451	21.758	30.462	50.207	50.000	23.568	1416.744	0	0	0	0.00	-135.000	-135.000	225.000	36.527
2025-01-01T02:30:41.389131  18591	19.179	19.326	21.678	24.015	18.615	27.238	26.835	23.612	21.758	30.139	50.186	50.161	23.890	1455.758	0	0	0	0.00	-135.000	-135.000	225.000	36.527
2025-01-01T02:30:42.589254  18592	19.502	19.344	21.597	24.176	18.857	27.238	26.674	23.451	21.839	30.300	50.176	50.161	23.890	1408.809	0	0	0	0.00	-135.000	-135.000	225.000	36.527
2025-01-01T02:30:43.789212  18593	19.341	19.344	21.436	24.095	18.696	27.158	26.835	23.531	21.839	30.139	50.190	50.161	23.568	1407.577	0	0	0	0.00	-135.000	-135.000	225.000	36.527
2025-01-01T02:30:44.989174  18594	19.260	19.335	21.597	24.095	18.535	27.480	26.674	23.773	22.000	30.139	50.196	50.161	23.568	1426.271	0	0	0	0.00	-135.000	-135.000	225.000	36.527
2025-01-01T02:30:46.189290  18595	19.179	19.320	21.436	24.176	18.696	27.399	26.593	23.531	21.919	30.623	50.184	50.081	23.649	1463.117	0	0	0	0.00	-135.000	-135.000	225.000	36.527
2025-01-01T02:30:47.389419  18596	19.341	19.322	21.516	24.176	18.777	27.480	26.755	23.612	22.000	30.220	50.182	50.323	23.810	1455.261	0	0	0	0.00	-135.000	-135.000	225.000	36.527
2025-01-01T02:30:48.589376  18597	19.502	19.340	21.275	24.095	18.777	27.319	26.674	23.370	21.597	30.623	50.188	50.161	23.649	1407.546	0	0	0	0.00	-135.000	-135.000	225.000	36.527
2025-01-01T02:30:49.789428  18598	19.421	19.348	21.516	24.176	18.696	27.480	26.835	23.531	21.516	30.381	50.193	50.242	23.649	1384.937	0	0	0	0.00	-135.000	-135.000	225.000	36.527
2025-01-01T02:30:50.989483  18599	19.341	19.347	21.275	24.256	18.535	27.399	26.755	23.531	21.678	30.381	50.198	50.323	23.649	1384.501	0	0	0	0.00	-135.000	-135.000	225.000	36.527
2025-01-01T02:30:52.189443  18600	19.341	19.347	21.275	23.853	18.777	27.722	26.755	23.289	21.678	30.220	50.194	50.323	23.568	1383.705	0	0	0	0.00	-135.000	-135.000	225.000	36.527
2025-01-01T02:30:53.389620  18601	19.341	19.346	21.114	24.176	18.777	27.319	26.835	23.531	21.919	30.300	50.207	50.323	23.649	1382.751	0	0	0	0.00	-135.000	-135.000	225.000	36.527
2025-01-01T02:30:54.589652  18602	19.260	19.337	21.114	24.176	18.535	27.399	26.835	23.289	22.000	30.220	50.219	50.323	23.649	1402.016	0	0	0	0.00	-135.000	-135.000	225.000	36.527
2025-01-01T02:30:55.789566  18603	19.260	19.330	21.355	24.176	18.777	27.238	26.674	23.370	21.919	30.300	50.229	50.161	23.729	1419.013	0	0	0	0.00	-135.000	-135.000	225.000	36.527
2025-01-01T02:30:56.989810  18604	19.260	19.323	21.275	24.256	18.535	27.399	26.674	23.370	22.000	30.220	50.238	50.242	23.568	1434.129	0	0	0	0.00	-135.000	-135.000	225.000	36.527
2025-01-01T02:30:58.189852  18605	19.179	19.308	21.436	24.256	18.454	27.560	26.755	23.773	21.678	30.139	50.231	50.242	23.810	1467.914	0	0	0	0.00	-135.000	-135.000	225.000	36.527
2025-01-01T02:30:59.389694  18606	19.179	19.295	21.275	24.095	18.454	27.399	26.674	23.612	21.839	30.300	50.224	50.081	23.810	1498.037	0	0	0	0.00	-135.000	-135.000	225.000	36.527
2025-01-01T02:31:00.589823  18607	19.421	19.308	21.355	23.934	18.696	27.560	26.674	23.451	21.597	30.139	50.218	50.161	23.568	1463.928	0	0	0	0.00	-135.000	-135.000	225.000	36.527
2025-01-01T02:31:01.789914  18608	19.260	19.303	20.952	24.095	18.615	27.319	26.916	23.692	21.597	30.542	50.220	50.161	23.568	1474.146	0	0	0	0.00	-135.000	-135.000	225.000	36.527
2025-01-01T02:31:02.989894  18609	19.179	19.291	21.355	24.256	18.374	27.560	26.835	23.612	22.000	30.139	50.222	50.161	23.649	1503.203	0	0	0	0.00	-135.000	-135.000	225.000	36.527
2025-01-01T02:31:04.189873  18610	19.099	19.272	21.194	24.015	18.615	27.480	26.835	23.692	21.597	30.300	50.240	50.323	23.729	1549.431	0	0	0	0.00	-135.000	-135.000	225.000	36.527
2025-01-01T02:31:05.389978  18611	19.260	19.271	21.114	24.095	18.374	27.480	26.755	23.612	21.758	30.220	50.240	50.242	23.568	1550.076	0	0	0	0.00	-135.000	-135.000	225.000	36.527
2025-01-01T02:31:06.589971  18612	19.179	19.261	21.194	24.176	18.696	27.158	26.835	23.289	21.597	30.139	50.249	50.242	23.649	1571.164	0	0	0	0.00	-135.000	-135.000	225.000	36.527
2025-01-01T02:31:07.790245  18613	19.502	19.285	20.952	24.095	18.535	27.399	26.674	23.209	22.000	30.220	50.248	50.242	23.568	1508.398	0	0	0	0.00	-135.000	-135.000	225.000	36.527
2025-01-01T02:31:08.990112  18614	19.099	19.267	21.114	24.176	18.374	27.319	26.835	23.531	21.516	30.462	50.255	50.403	23.649	1554.024	0	0	0	0.00	-135.000	-135.000	225.000	36.527
2025-01-01T02:31:10.190095  18615	19.179	19.258	21.033	24.095	18.293	27.319	26.593	23.531	21.839	30.381	50.238	50.403	23.649	1573.848	0	0	0	0.00	-135.000	-135.000	225.000	36.527
2025-01-01T02:31:11.390378  18616	19.179	19.250	21.194	23.934	18.454	27.399	26.674	23.612	21.758	30.300	50.246	50.323	23.649	1591.725	0	0	0	0.00	-135.000	-135.000	225.000	36.527
2025-01-01T02:31:12.590249  18617	19.099	19.235	21.114	24.176	18.212	27.480	26.674	23.370	21.919	30.220	50.246	50.484	23.649	1628.052	0	0	0	0.00	-135.000	-135.000	225.000	36.527
2025-01-01T02:31:13.790239  18618	19.099	19.221	21.033	24.015	18.454	27.480	26.916	23.692	21.678	30.462	50.238	50.242	23.568	1660.518	0	0	0	0.00	-135.000	-135.000	225.000	36.527
2025-01-01T02:31:14.990399  18619	19.341	19.233	21.275	24.015	18.535	27.399	26.593	23.531	21.516	30.300	50.230	50.242	23.568	1628.576	0	0	0	0.00	-135.000	-135.000	225.000	36.527
2025-01-01T02:31:16.190302  18620	19.099	19.220	20.952	24.095	18.132	27.319	26.674	23.451	22.000	30.059	50.239	50.242	23.568	1661.166	0	0	0	0.00	-135.000	-135.000	225.000	36.527
2025-01-01T02:31:17.390364  18621	19.099	19.208	21.033	24.256	18.212	27.399	26.674	23.451	21.597	29.978	50.239	50.323	23.568	1689.939	0	0	0	0.00	-135.000	-135.000	225.000	36.527
2025-01-01T02:31:18.590405  18622	19.099	19.197	21.194	24.095	18.293	27.319	26.835	23.531	21.839	30.139	50.248	50.323	23.649	1715.769	0	0	0	0.00	-135.000	-135.000	225.000	36.527
2025-01-01T02:31:19.790512  18623	19.099	19.187	21.194	23.934	18.454	27.319	26.835	23.531	21.436	30.059	50.223	50.161	23.890	1738.946	0	0	0	0.00	-135.000	-135.000	225.000	36.527
2025-01-01T02:31:20.990494  18624	19.179	19.186	21.355	24.176	18.374	27.480	26.755	23.773	21.516	30.139	50.217	50.323	23.729	1739.373	0	0	0	0.00	-135.000	-135.000	225.000	36.527
2025-01-01T02:31:22.190530  18625	19.099	19.178	21.114	23.934	18.535	27.641	26.674	23.209	21.839	30.220	50.219	50.161	23.649	1760.157	0	0	0	0.00	-135.000	-135.000	225.000	36.527
2025-01-01T02:31:23.390712  18626	19.260	19.186	21.194	24.095	18.535	27.319	26.674	23.612	21.678	30.300	50.222	50.161	23.487	1737.902	0	0	0	0.00	-135.000	-135.000	225.000	36.527
2025-01-01T02:31:24.590609  18627	19.099	19.177	21.275	24.176	18.535	27.238	26.593	23.370	21.597	30.300	50.216	50.161	23.487	1758.740	0	0	0	0.00	-135.000	-135.000	225.000	36.527
2025-01-01T02:31:25.790731  18628	19.179	19.177	21.194	23.934	18.535	27.319	26.835	23.451	21.758	30.300	50.210	50.161	23.487	1756.743	0	0	0	0.00	-135.000	-135.000	225.000	36.527
2025-01-01T02:31:26.990697  18629	19.018	19.161	21.516	24.015	18.132	27.480	26.755	23.773	21.839	29.897	50.213	50.242	23.487	1795.708	0	0	0	0.00	-135.000	-135.000	225.000	36.527
2025-01-01T02:31:28.190743  18630	19.018	19.147	21.114	23.934	18.374	27.560	26.593	23.451	21.436	30.462	50.216	50.161	23.407	1830.442	0	0	0	0.00	-135.000	-135.000	225.000	36.527
2025-01-01T02:31:29.390910  18631	19.018	19.134	21.114	24.176	18.454	27.480	26.674	23.451	21.436	30.300	50.211	50.161	23.407	1861.688	0	0	0	0.00	-135.000	-135.000	225.000	36.527
2025-01-01T02:31:30.590825  18632	19.018	19.123	21.436	24.095	18.374	27.319	26.674	23.370	21.678	30.300	50.206	50.242	23.568	1889.795	0	0	0	0.00	-135.000	-135.000	225.000	36.527
2025-01-01T02:31:31.790878  18633	19.018	19.112	21.194	24.095	18.374	27.238	26.513	23.370	21.436	29.978	50.209	50.161	23.487	1915.079	0	0	0	0.00	-135.000	-135.000	225.000	36.527
2025-01-01T02:31:32.990923  18634	19.179	19.119	21.436	23.853	18.454	27.238	26.674	23.451	21.597	30.139	50.205	50.323	23.568	1897.094	0	0	0	0.00	-135.000	-135.000	225.000	36.527
2025-01-01T02:31:34.190977  18635	19.260	19.133	21.436	24.015	18.374	27.238	26.755	23.370	21.919	30.300	50.216	50.403	23.568	1860.743	0	0	0	0.00	-135.000	-135.000	225.000	36.527
2025-01-01T02:31:35.391009  18636	18.938	19.114	21.516	24.015	18.293	27.238	26.755	23.773	21.919	30.139	50.219	50.242	23.729	1909.459	0	0	0	0.00	-135.000	-135.000	225.000	36.527
2025-01-01T02:31:36.591088  18637	19.099	19.112	21.436	23.853	18.535	27.399	26.755	23.289	21.516	30.300	50.221	50.161	23.407	1911.975	0	0	0	0.00	-135.000	-135.000	225.000	36.527
2025-01-01T02:31:37.791099  18638	19.099	19.111	21.758	23.934	18.293	27.399	26.755	23.692	21.516	30.220	50.215	50.323	23.487	1914.492	0	0	0	0.00	-135.000	-135.000	225.000	36.527
2025-01-01T02:31:38.991124  18639	19.099	19.110	21.597	24.176	18.374	27.480	26.674	23.451	21.678	30.059	50.210	50.242	23.729	1916.688	0	0	0	0.00	-135.000	-135.000	225.000	36.527
2025-01-01T02:31:40.191304  18640	19.260	19.125	21.355	23.934	18.374	27.560	26.674	23.289	21.516	30.381	50.213	50.242	23.487	1877.868	0	0	0	0.00	-135.000	-135.000	225.000	36.527
2025-01-01T02:31:41.391345  18641	18.938	19.106	21.758	24.015	18.454	27.560	26.593	23.451	21.597	30.300	50.216	50.242	23.487	1924.527	0	0	0	0.00	-135.000	-135.000	225.000	36.527
2025-01-01T02:31:42.591262  18642	19.179	19.113	21.758	24.015	18.293	27.238	26.755	23.612	21.919	30.059	50.227	50.323	23.568	1904.826	0	0	0	0.00	-135.000	-135.000	225.000	36.527
2025-01-01T02:31:43.791428  18643	19.260	19.128	21.678	24.176	18.374	27.480	26.996	23.289	21.597	30.139	50.220	50.323	23.568	1867.091	0	0	0	0.00	-135.000	-135.000	225.000	36.527
2025-01-01T02:31:44.991462  18644	19.018	19.117	21.839	24.015	18.293	27.399	26.755	23.370	21.516	30.059	50.206	50.081	23.810	1894.198	0	0	0	0.00	-135.000	-135.000	225.000	36.527
2025-01-01T02:31:46.191516  18645	19.099	19.115	21.758	24.015	18.132	27.641	26.593	23.289	21.436	29.897	50.210	50.161	23.407	1897.734	0	0	0	0.00	-135.000	-135.000	225.000	36.527
2025-01-01T02:31:47.391429  18646	19.099	19.114	21.597	23.853	18.374	27.722	26.513	23.451	21.597	30.300	50.205	50.323	23.487	1901.007	0	0	0	0.00	-135.000	-135.000	225.000	36.527
2025-01-01T02:31:48.591475  18647	19.018	19.104	21.516	23.934	18.293	27.319	26.835	23.289	21.597	30.220	50.201	50.161	23.568	1924.250	0	0	0	0.00	-135.000	-135.000	225.000	36.527
2025-01-01T02:31:49.791595  18648	18.938	19.087	21.597	23.934	18.454	27.480	26.916	23.370	21.516	30.220	50.197	50.161	23.487	1965.361	0	0	0	0.00	-135.000	-135.000	225.000	36.527
2025-01-01T02:31:50.991632  18649	18.857	19.064	21.516	24.015	18.293	27.480	26.916	23.289	21.758	30.139	50.193	50.242	23.649	2022.606	0	0	0	0.00	-135.000	-135.000	225.000	36.527
2025-01-01T02:31:52.191618  18650	18.938	19.052	21.919	24.095	18.374	27.399	26.593	23.289	21.839	29.978	50.182	50.242	23.568	2053.699	0	0	0	0.00	-135.000	-135.000	225.000	36.527
2025-01-01T02:31:53.391668  18651	19.018	19.048	21.516	24.095	18.293	27.319	26.835	23.692	21.678	30.059	50.172	50.242	23.729	2061.523	0	0	0	0.00	-135.000	-135.000	225.000	36.527
2025-01-01T02:31:54.591748  18652	19.260	19.070	21.678	24.095	18.293	27.480	26.674	23.370	21.597	30.300	50.179	50.242	23.487	2007.622	0	0	0	0.00	-135.000	-135.000	225.000	36.527
2025-01-01T02:31:55.791727  18653	19.018	19.064	21.758	24.015	18.374	27.238	26.593	23.451	21.758	30.220	50.193	50.403	23.568	2020.505	0	0	0	0.00	-135.000	-135.000	225.000	36.527
2025-01-01T02:31:56.991845  18654	18.938	19.052	21.758	24.095	18.212	27.399	26.674	23.370	21.758	30.220	50.198	50.242	23.487	2051.965	0	0	0	0.00	-135.000	-135.000	225.000	36.527
2025-01-01T02:31:58.191886  18655	19.099	19.056	21.758	24.015	18.051	27.319	26.593	23.451	21.275	30.220	50.202	50.242	23.487	2039.434	0	0	0	0.00	-135.000	-135.000	225.000	36.527
2025-01-01T02:31:59.391864  18656	19.018	19.053	21.758	24.256	18.132	27.480	26.835	23.773	21.678	30.139	50.206	50.403	23.568	2048.773	0	0	0	0.00	-135.000	-135.000	225.000	36.527
2025-01-01T02:32:00.592052  18657	19.099	19.057	21.678	23.934	18.132	27.319	26.755	23.289	21.436	30.139	50.210	50.161	23.407	2036.640	0	0	0	0.00	-135.000	-135.000	225.000	36.527
2025-01-01T02:32:01.792015  18658	19.179	19.070	22.081	24.095	18.051	27.158	26.513	23.370	21.436	29.897	50.213	50.161	23.487	2005.451	0	0	0	0.00	-135.000	-135.000	225.000	36.527
2025-01-01T02:32:02.992168  18659	19.099	19.072	21.758	24.095	18.212	27.480	26.593	23.773	21.597	29.978	50.224	50.242	23.487	1997.781	0	0	0	0.00	-135.000	-135.000	225.000	36.527
2025-01-01T02:32:04.192125  18660	18.777	19.043	21.597	23.934	18.212	27.319	26.674	23.370	21.597	29.897	50.202	50.161	23.729	2072.103	0	0	0	0.00	-135.000	-135.000	225.000	36.527
2025-01-01T02:32:05.392091  18661	18.938	19.032	21.678	23.934	18.051	27.319	26.593	23.451	21.436	30.059	50.198	50.161	23.407	2097.774	0	0	0	0.00	-135.000	-135.000	225.000	36.527
2025-01-01T02:32:06.592117  18662	18.857	19.015	21.597	23.934	18.293	27.480	26.755	23.209	21.355	30.059	50.186	50.242	23.407	2141.608	0	0	0	0.00	-135.000	-135.000	225.000	36.527
2025-01-01T02:32:07.792161  18663	18.938	19.007	21.758	24.015	18.212	27.560	26.674	23.370	21.355	30.220	50.184	50.242	23.568	2160.635	0	0	0	0.00	-135.000	-135.000	225.000	36.527
2025-01-01T02:32:08.992227  18664	18.696	18.976	21.839	24.015	18.132	27.319	26.593	23.289	21.839	30.059	50.189	50.161	23.407	2239.058	0	0	0	0.00	-135.000	-135.000	225.000	36.527
2025-01-01T02:32:10.192254  18665	19.018	18.980	21.839	24.095	18.132	27.560	26.674	23.451	21.516	29.978	50.187	50.242	23.487	2227.908	0	0	0	0.00	-135.000	-135.000	225.000	36.527
2025-01-01T02:32:11.392519  18666	19.018	18.984	21.919	24.176	18.132	27.480	26.755	23.531	21.355	29.978	50.192	50.242	23.487	2218.506	0	0	0	0.00	-135.000	-135.000	225.000	36.527
2025-01-01T02:32:12.592608  18667	18.857	18.971	21.919	24.015	18.212	27.399	26.513	23.289	21.355	29.978	50.181	50.242	23.568	2250.761	0	0	0	0.00	-135.000	-135.000	225.000	36.527
2025-01-01T02:32:13.792462  18668	18.938	18.968	21.919	24.095	18.132	27.319	26.755	23.692	21.355	30.220	50.187	50.323	23.487	2259.205	0	0	0	0.00	-135.000	-135.000	225.000	36.527
2025-01-01T02:32:14.992498  18669	18.857	18.957	22.242	24.095	18.293	27.319	26.513	23.289	21.758	29.817	50.176	50.161	23.487	2287.370	0	0	0	0.00	-135.000	-135.000	225.000	36.527
2025-01-01T02:32:16.192721  18670	18.857	18.947	21.919	24.015	18.132	27.560	26.674	23.209	21.516	30.220	50.167	50.242	23.568	2312.658	0	0	0	0.00	-135.000	-135.000	225.000	36.527
2025-01-01T02:32:17.392607  18671	18.857	18.938	22.242	24.015	18.132	27.480	26.674	23.612	21.839	30.139	50.166	50.323	23.649	2335.517	0	0	0	0.00	-135.000	-135.000	225.000	36.527
2025-01-01T02:32:18.592550  18672	18.857	18.930	22.161	24.095	18.051	27.319	26.593	23.289	21.597	29.978	50.166	50.161	23.407	2356.193	0	0	0	0.00	-135.000	-135.000	225.000	36.527
2025-01-01T02:32:19.792760  18673	19.179	18.955	21.758	24.015	18.132	27.560	26.593	23.370	21.194	30.139	50.173	50.161	23.407	2293.445	0	0	0	0.00	-135.000	-135.000	225.000	36.527
2025-01-01T02:32:20.992649  18674	19.018	18.961	22.242	23.773	18.212	27.480	26.674	23.531	21.597	30.139	50.172	50.161	23.407	2278.220	0	0	0	0.00	-135.000	-135.000	225.000	36.527
2025-01-01T02:32:22.192884  18675	19.099	18.975	22.000	23.853	18.293	27.480	26.674	23.451	21.516	29.978	50.187	50.161	23.407	2243.814	0	0	0	0.00	-135.000	-135.000	225.000	36.527
2025-01-01T02:32:23.392830  18676	18.938	18.971	22.161	24.256	18.132	27.480	26.674	23.451	21.758	29.978	50.193	50.323	23.568	2253.668	0	0	0	0.00	-135.000	-135.000	225.000	36.527
2025-01-01T02:32:24.592831  18677	18.938	18.968	22.000	24.095	18.051	27.560	26.755	23.612	21.275	29.817	50.198	50.161	23.407	2262.259	0	0	0	0.00	-135.000	-135.000	225.000	36.527
2025-01-01T02:32:25.792818  18678	18.696	18.941	22.161	24.015	18.051	27.238	26.513	23.451	21.516	29.978	50.194	50.242	23.407	2331.129	0	0	0	0.00	-135.000	-135.000	225.000	36.527
2025-01-01T02:32:26.992924  18679	18.938	18.940	22.161	24.095	18.051	27.158	26.593	23.289	21.678	29.978	50.199	50.242	23.407	2331.747	0	0	0	0.00	-135.000	-135.000	225.000	36.527
2025-01-01T02:32:28.192911  18680	18.857	18.932	22.081	24.176	18.051	27.480	26.352	23.289	21.516	30.139	50.203	50.242	23.487	2353.197	0	0	0	0.00	-135.000	-135.000	225.000	36.527
2025-01-01T02:32:29.393052  18681	19.018	18.941	21.839	23.853	17.971	27.641	26.432	23.370	21.436	29.978	50.207	50.242	23.407	2331.711	0	0	0	0.00	-135.000	-135.000	225.000	36.527
2025-01-01T02:32:30.593119  18682	18.696	18.916	21.919	24.176	18.051	27.560	26.513	23.370	21.516	29.978	50.202	50.403	23.407	2394.137	0	0	0	0.00	-135.000	-135.000	225.000	36.527
2025-01-01T02:32:31.793041  18683	18.938	18.918	22.081	24.176	17.971	27.399	26.513	23.531	21.516	29.817	50.214	50.403	23.568	2388.798	0	0	0	0.00	-135.000	-135.000	225.000	36.527
2025-01-01T02:32:32.993077  18684	18.938	18.920	21.919	24.176	17.971	27.641	26.674	23.370	21.597	29.817	50.217	50.242	23.326	2384.520	0	0	0	0.00	-135.000	-135.000	225.000	36.527
2025-01-01T02:32:34.193188  18685	18.857	18.914	21.919	24.095	17.810	27.399	26.513	23.612	21.597	30.059	50.220	50.242	23.407	2401.080	0	0	0	0.00	-135.000	-135.000	225.000	36.527
2025-01-01T02:32:35.393233  18686	18.696	18.892	21.919	24.095	17.971	27.399	26.755	23.451	21.355	30.300	50.222	50.242	23.568	2456.647	0	0	0	0.00	-135.000	-135.000	225.000	36.527
2025-01-01T02:32:36.593353  18687	18.777	18.881	22.161	24.095	17.810	27.480	26.432	23.692	21.678	29.897	50.216	50.242	23.568	2486.183	0	0	0	0.00	-135.000	-135.000	225.000	36.527
2025-01-01T02:32:37.793282  18688	18.696	18.862	22.081	24.015	17.568	27.480	26.593	23.531	21.597	29.817	50.218	50.242	23.487	2533.449	0	0	0	0.00	-135.000	-135.000	225.000	36.527
2025-01-01T02:32:38.993332  18689	18.777	18.854	22.081	24.095	17.810	27.238	26.674	23.692	21.275	29.817	50.213	50.161	23.568	2555.676	0	0	0	0.00	-135.000	-135.000	225.000	36.527
2025-01-01T02:32:40.193405  18690	18.777	18.846	22.081	24.015	17.648	27.480	26.593	23.612	21.678	29.978	50.216	50.242	23.649	2575.997	0	0	0	0.00	-135.000	-135.000	225.000	36.527
2025-01-01T02:32:41.393503  18691	18.615	18.823	21.839	23.934	17.729	27.319	26.513	23.289	21.516	29.978	50.194	50.081	23.568	2635.169	0	0	0	0.00	-135.000	-135.000	225.000	36.527
2025-01-01T02:32:42.593556  18692	18.535	18.794	22.000	23.853	17.729	27.238	26.432	23.612	21.355	29.736	50.207	50.161	23.407	2708.743	0	0	0	0.00	-135.000	-135.000	225.000	36.527
2025-01-01T02:32:43.793532  18693	18.777	18.792	22.242	24.015	17.890	27.560	26.352	23.451	21.516	29.736	50.186	50.242	23.649	2714.028	0	0	0	0.00	-135.000	-135.000	225.000	36.527
2025-01-01T02:32:44.993519  18694	18.535	18.767	22.403	23.853	17.568	27.480	26.593	23.853	21.436	29.736	50.176	50.081	23.568	2780.520	0	0	0	0.00	-135.000	-135.000	225.000	36.527
2025-01-01T02:32:46.193656  18695	18.454	18.735	22.484	24.015	17.810	27.480	26.593	23.289	21.597	29.817	50.182	50.242	23.407	2860.570	0	0	0	0.00	-135.000	-135.000	225.000	36.527
2025-01-01T02:32:47.393733  18696	18.857	18.747	22.242	23.853	17.810	27.399	26.513	23.451	21.114	29.736	50.180	50.242	23.568	2831.008	0	0	0	0.00	-135.000	-135.000	225.000	36.527
2025-01-01T02:32:48.593713  18697	18.615	18.734	22.645	23.934	17.810	27.480	26.593	23.209	21.839	29.656	50.194	50.242	23.246	2866.402	0	0	0	0.00	-135.000	-135.000	225.000	36.527
2025-01-01T02:32:49.793661  18698	18.615	18.722	22.242	23.853	17.890	27.319	26.593	23.451	21.516	29.897	50.191	50.242	23.649	2898.040	0	0	0	0.00	-135.000	-135.000	225.000	36.527
2025-01-01T02:32:50.993791  18699	18.696	18.720	22.242	24.176	17.810	27.480	26.513	23.289	21.516	29.817	50.204	50.323	23.487	2906.421	0	0	0	0.00	-135.000	-135.000	225.000	36.527
2025-01-01T02:32:52.193905  18700	18.535	18.701	22.564	23.853	17.729	27.319	26.755	23.451	21.436	29.817	50.200	50.242	23.487	2955.073	0	0	0	0.00	-135.000	-135.000	225.000	36.527
2025-01-01T02:32:53.393954  18701	18.615	18.693	22.645	23.853	17.890	27.238	26.432	23.531	21.516	29.736	50.188	50.242	23.568	2978.493	0	0	0	0.00	-135.000	-135.000	225.000	36.527
2025-01-01T02:32:54.593876  18702	18.857	18.709	22.645	24.176	17.729	27.560	26.593	23.531	21.597	29.897	50.202	50.403	23.568	2938.911	0	0	0	0.00	-135.000	-135.000	225.000	36.527
2025-01-01T02:32:55.793991  18703	18.696	18.708	22.564	23.853	17.729	27.399	26.593	23.451	21.355	29.897	50.198	50.323	23.326	2944.597	0	0	0	0.00	-135.000	-135.000	225.000	36.527
2025-01-01T02:32:56.994011  18704	18.857	18.723	22.806	23.853	17.971	27.560	26.755	23.128	21.597	29.978	50.202	50.323	23.326	2908.877	0	0	0	0.00	-135.000	-135.000	225.000	36.527
2025-01-01T02:32:58.194141  18705	18.615	18.712	22.886	23.934	17.648	27.480	26.593	23.370	21.516	29.736	50.198	50.323	23.568	2938.242	0	0	0	0.00	-135.000	-135.000	225.000	36.527
2025-01-01T02:32:59.394206  18706	18.777	18.718	22.806	24.176	17.890	27.319	26.593	23.531	21.516	30.139	50.210	50.242	23.326	2923.728	0	0	0	0.00	-135.000	-135.000	225.000	36.527
2025-01-01T02:33:00.594076  18707	18.615	18.708	22.886	24.015	17.810	27.319	26.593	23.289	21.597	29.495	50.205	50.161	23.487	2951.875	0	0	0	0.00	-135.000	-135.000	225.000	36.527
2025-01-01T02:33:01.794139  18708	18.777	18.715	22.725	24.015	18.051	27.319	26.432	23.853	21.436	29.656	50.209	50.242	23.407	2936.423	0	0	0	0.00	-135.000	-135.000	225.000	36.527
2025-01-01T02:33:02.994229  18709	18.696	18.713	22.725	23.934	17.810	27.480	26.513	23.289	21.194	29.897	50.204	50.161	23.326	2943.360	0	0	0	0.00	-135.000	-135.000	225.000	36.527
2025-01-01T02:33:04.194533  18710	18.454	18.687	23.048	23.934	17.729	27.560	26.432	23.531	21.516	29.897	50.184	50.081	23.487	3010.750	0	0	0	0.00	-135.000	-135.000	225.000	36.527
2025-01-01T02:33:05.394332  18711	18.615	18.680	22.645	23.692	17.890	27.480	26.513	23.289	21.275	30.220	50.190	50.161	23.246	3030.569	0	0	0	0.00	-135.000	-135.000	225.000	36.527
2025-01-01T02:33:06.594338  18712	18.696	18.682	22.725	23.853	17.890	27.319	26.513	23.612	21.597	30.059	50.179	50.161	23.568	3028.636	0	0	0	0.00	-135.000	-135.000	225.000	36.527
2025-01-01T02:33:07.794408  18713	18.535	18.667	23.289	24.095	17.648	27.399	26.593	23.209	21.516	29.897	50.193	50.323	23.487	3068.000	0	0	0	0.00	-135.000	-135.000	225.000	36.527
2025-01-01T02:33:08.994520  18714	18.777	18.678	23.128	23.934	17.810	27.399	26.593	23.692	21.516	29.736	50.190	50.242	23.487	3042.333	0	0	0	0.00	-135.000	-135.000	225.000	36.527
2025-01-01T02:33:10.194619  18715	18.615	18.672	22.967	23.934	17.890	27.480	26.674	23.289	21.597	29.736	50.179	50.242	23.487	3060.602	0	0	0	0.00	-135.000	-135.000	225.000	36.527
2025-01-01T02:33:11.394627  18716	18.535	18.658	23.048	23.934	17.890	27.399	26.674	23.612	21.436	29.897	50.169	50.161	23.568	3097.358	0	0	0	0.00	-135.000	-135.000	225.000	36.527
2025-01-01T02:33:12.594515  18717	18.696	18.662	23.048	24.015	17.971	27.319	26.674	23.612	21.355	29.978	50.168	50.323	23.487	3089.872	0	0	0	0.00	-135.000	-135.000	225.000	36.527
2025-01-01T02:33:13.794571  18718	18.696	18.665	23.048	24.176	17.810	27.399	26.755	23.451	21.758	29.817	50.168	50.242	23.487	3083.669	0	0	0	0.00	-135.000	-135.000	225.000	36.527
2025-01-01T02:33:14.994665  18719	18.696	18.668	23.451	23.773	17.810	27.641	26.593	23.289	21.275	29.978	50.159	50.081	23.568	3078.302	0	0	0	0.00	-135.000	-135.000	225.000	36.527
2025-01-01T02:33:16.194644  18720	18.696	18.671	23.289	24.095	17.729	27.319	26.674	23.692	21.516	29.897	50.143	50.161	23.568	3073.682	0	0	0	0.00	-135.000	-135.000	225.000	36.527
2025-01-01T02:33:17.394681  18721	19.018	18.706	23.209	24.095	17.971	27.399	26.593	23.692	21.516	29.817	50.153	50.161	23.407	2988.280	0	0	0	0.00	-135.000	-135.000	225.000	36.527
2025-01-01T02:33:18.594714  18722	18.696	18.705	23.451	24.015	17.729	27.480	26.432	23.692	21.436	29.817	50.162	50.242	23.407	2993.507	0	0	0	0.00	-135.000	-135.000	225.000	36.527
2025-01-01T02:33:19.794772  18723	18.615	18.696	23.289	24.015	17.890	27.319	26.674	23.451	21.516	30.139	50.162	50.161	23.326	3018.145	0	0	0	0.00	-135.000	-135.000	225.000	36.527
2025-01-01T02:33:20.994792  18724	18.615	18.688	23.370	23.934	17.810	27.560	26.674	23.692	21.597	29.817	50.178	50.323	23.487	3040.425	0	0	0	0.00	-135.000	-135.000	225.000	36.527
2025-01-01T02:33:22.194864  18725	18.615	18.681	23.451	24.015	17.971	27.238	26.755	23.692	21.194	29.817	50.192	50.323	23.407	3060.746	0	0	0	0.00	-135.000	-135.000	225.000	36.527
2025-01-01T02:33:23.394955  18726	18.857	18.698	23.370	24.095	17.810	27.480	26.513	23.289	21.597	29.897	50.189	50.161	23.568	3018.215	0	0	0	0.00	-135.000	-135.000	225.000	36.527
2025-01-01T02:33:24.595015  18727	18.857	18.714	23.612	24.015	17.971	27.238	26.513	23.531	21.516	29.978	50.195	50.242	23.487	2980.521	0	0	0	0.00	-135.000	-135.000	225.000	36.527
2025-01-01T02:33:25.795113  18728	18.696	18.712	23.692	24.095	17.890	27.399	26.593	23.289	21.516	29.897	50.199	50.242	23.407	2987.424	0	0	0	0.00	-135.000	-135.000	225.000	36.527
2025-01-01T02:33:26.995097  18729	18.857	18.727	23.612	24.015	17.890	27.399	26.593	23.209	21.597	29.978	50.212	50.323	23.487	2952.799	0	0	0	0.00	-135.000	-135.000	225.000	36.527
2025-01-01T02:33:28.195138  18730	18.696	18.724	23.531	24.176	17.971	27.480	26.755	23.289	21.597	29.736	50.207	50.242	23.649	2962.786	0	0	0	0.00	-135.000	-135.000	225.000	36.527
2025-01-01T02:33:29.395232  18731	18.615	18.713	23.612	24.015	18.051	27.319	26.352	23.370	21.597	29.897	50.210	50.323	23.407	2992.030	0	0	0	0.00	-135.000	-135.000	225.000	36.527
2025-01-01T02:33:30.595223  18732	18.696	18.711	23.451	23.853	18.132	27.319	26.593	23.209	21.355	29.736	50.221	50.242	23.165	2998.094	0	0	0	0.00	-135.000	-135.000	225.000	36.527
2025-01-01T02:33:31.795206  18733	18.857	18.726	23.531	23.934	17.890	27.399	26.432	23.289	21.678	29.897	50.223	50.323	23.487	2963.195	0	0	0	0.00	-135.000	-135.000	225.000	36.527
2025-01-01T02:33:32.995378  18734	18.857	18.739	23.451	23.853	18.132	27.399	26.674	23.451	21.516	30.059	50.233	50.242	23.487	2932.208	0	0	0	0.00	-135.000	-135.000	225.000	36.527
2025-01-01T02:33:34.195339  18735	18.857	18.751	23.692	23.934	18.132	27.641	26.513	23.451	21.355	29.817	50.218	50.161	23.407	2904.420	0	0	0	0.00	-135.000	-135.000	225.000	36.527
2025-01-01T02:33:35.395325  18736	18.857	18.761	23.612	24.095	18.212	27.238	26.513	23.773	21.758	29.736	50.220	50.242	23.487	2879.511	0	0	0	0.00	-135.000	-135.000	225.000	36.527
2025-01-01T02:33:36.595392  18737	18.938	18.779	23.773	24.095	17.971	27.319	26.513	23.370	21.758	29.897	50.215	50.242	23.568	2836.829	0	0	0	0.00	-135.000	-135.000	225.000	36.527
2025-01-01T02:33:37.795396  18738	18.777	18.779	23.612	24.015	17.971	27.319	26.835	23.773	21.436	29.978	50.209	50.242	23.649	2839.351	0	0	0	0.00	-135.000	-135.000	225.000	36.527
2025-01-01T02:33:38.995650  18739	18.696	18.770	23.451	24.095	18.132	27.319	26.513	23.289	21.597	29.736	50.188	50.081	23.649	2861.817	0	0	0	0.00	-135.000	-135.000	225.000	36.527
2025-01-01T02:33:40.195584  18740	18.696	18.763	23.289	23.934	17.890	27.480	26.755	23.612	21.597	29.817	50.186	50.242	23.407	2882.090	0	0	0	0.00	-135.000	-135.000	225.000	36.527
2025-01-01T02:33:41.395520  18741	18.615	18.748	23.451	24.176	17.890	27.480	26.513	23.209	21.516	29.817	50.191	50.242	23.487	2920.910	0	0	0	0.00	-135.000	-135.000	225.000	36.527
2025-01-01T02:33:42.595662  18742	18.696	18.743	23.531	23.853	18.051	27.158	26.674	23.692	21.597	29.736	50.188	50.242	23.407	2935.593	0	0	0	0.00	-135.000	-135.000	225.000	36.527
2025-01-01T02:33:43.795704  18743	18.777	18.746	23.451	24.015	17.810	27.319	26.513	23.370	21.758	29.575	50.194	50.242	23.407	2928.818	0	0	0	0.00	-135.000	-135.000	225.000	36.527
2025-01-01T02:33:44.995744  18744	18.696	18.741	23.451	24.095	17.971	27.399	26.513	23.531	21.678	29.817	50.182	50.242	23.649	2943.400	0	0	0	0.00	-135.000	-135.000	225.000	36.527
2025-01-01T02:33:46.195791  18745	18.777	18.745	23.692	23.853	18.051	27.319	26.432	23.451	21.436	29.817	50.180	50.242	23.568	2936.212	0	0	0	0.00	-135.000	-135.000	225.000	36.527
2025-01-01T02:33:47.395781  18746	18.777	18.748	23.531	24.256	18.132	27.480	26.593	23.451	21.839	29.736	50.178	50.242	23.487	2930.062	0	0	0	0.00	-135.000	-135.000	225.000	36.527
2025-01-01T02:33:48.595895  18747	18.777	18.751	23.692	24.095	18.212	27.319	26.755	23.370	21.758	29.897	50.177	50.323	23.568	2924.684	0	0	0	0.00	-135.000	-135.000	225.000	36.527
2025-01-01T02:33:49.795962  18748	19.018	18.778	23.692	24.095	18.132	27.319	26.755	23.370	21.436	29.656	50.183	50.323	23.407	2858.905	0	0	0	0.00	-135.000	-135.000	225.000	36.527
2025-01-01T02:33:50.995887  18749	19.018	18.802	23.370	23.934	18.051	27.399	26.755	23.612	21.678	29.656	50.197	50.242	23.407	2800.175	0	0	0	0.00	-135.000	-135.000	225.000	36.527
2025-01-01T02:33:52.196009  18750	18.938	18.815	23.692	23.773	18.212	27.399	26.513	23.209	21.758	29.736	50.202	50.242	23.487	2767.669	0	0	0	0.00	-135.000	-135.000	225.000	36.527
2025-01-01T02:33:53.396180  18751	18.777	18.811	23.853	23.934	18.212	27.560	26.593	23.692	21.436	29.817	50.206	50.161	23.487	2779.023	0	0	0	0.00	-135.000	-135.000	225.000	36.527
2025-01-01T02:33:54.596031  18752	18.696	18.800	23.773	24.256	18.051	27.480	26.513	23.451	21.436	29.978	50.217	50.161	23.407	2809.440	0	0	0	0.00	-135.000	-135.000	225.000	36.527
2025-01-01T02:33:55.796198  18753	18.938	18.814	23.773	24.015	18.293	27.399	26.755	23.209	21.678	29.897	50.220	50.242	23.407	2775.776	0	0	0	0.00	-135.000	-135.000	225.000	36.527
2025-01-01T02:33:56.996176  18754	18.696	18.802	23.692	23.934	18.212	27.399	26.432	23.451	21.678	29.897	50.222	50.161	23.407	2807.100	0	0	0	0.00	-135.000	-135.000	225.000	36.527
2025-01-01T02:33:58.196159  18755	18.938	18.815	23.853	24.095	18.132	27.319	26.513	23.531	21.919	29.897	50.232	50.403	23.487	2773.929	0	0	0	0.00	-135.000	-135.000	225.000	36.527
2025-01-01T02:33:59.396205  18756	18.938	18.828	23.853	24.256	18.293	27.319	26.835	23.451	21.678	29.656	50.225	50.242	23.407	2744.602	0	0	0	0.00	-135.000	-135.000	225.000	36.527
2025-01-01T02:34:00.596365  18757	18.857	18.831	23.692	24.095	18.374	27.399	26.755	23.612	21.516	29.978	50.227	50.161	23.407	2738.615	0	0	0	0.00	-135.000	-135.000	225.000	36.527
2025-01-01T02:34:01.796288  18758	18.777	18.825	23.853	24.176	18.374	27.238	26.674	23.531	21.678	30.059	50.220	50.323	23.568	2753.528	0	0	0	0.00	-135.000	-135.000	225.000	36.527
2025-01-01T02:34:02.996329  18759	19.018	18.845	23.692	24.256	18.374	27.319	26.674	23.370	21.597	29.897	50.206	50.161	23.649	2705.852	0	0	0	0.00	-135.000	-135.000	225.000	36.527
2025-01-01T02:34:04.196463  18760	18.857	18.846	23.692	24.095	18.535	27.238	26.674	23.692	21.678	29.817	50.210	50.242	23.568	2704.145	0	0	0	0.00	-135.000	-135.000	225.000	36.527
2025-01-01T02:34:05.396482  18761	19.018	18.863	23.692	24.015	18.293	27.480	26.916	23.370	21.839	29.656	50.221	50.323	23.487	2661.659	0	0	0	0.00	-135.000	-135.000	225.000	36.527
2025-01-01T02:34:06.596527  18762	18.857	18.862	23.692	24.095	18.293	27.399	26.674	23.451	21.597	29.817	50.207	50.242	23.649	2664.456	0	0	0	0.00	-135.000	-135.000	225.000	36.527
2025-01-01T02:34:07.796493  18763	18.938	18.870	23.692	24.176	18.374	27.560	26.674	23.370	21.678	29.817	50.194	50.242	23.649	2646.388	0	0	0	0.00	-135.000	-135.000	225.000	36.527
2025-01-01T02:34:08.996575  18764	18.857	18.869	23.853	24.015	18.212	27.480	26.593	23.612	21.597	29.978	50.199	50.403	23.649	2650.697	0	0	0	0.00	-135.000	-135.000	225.000	36.527
2025-01-01T02:34:10.196722  18765	18.777	18.859	23.692	24.095	18.293	27.480	26.674	23.853	21.516	29.817	50.195	50.242	23.649	2674.875	0	0	0	0.00	-135.000	-135.000	225.000	36.527
2025-01-01T02:34:11.396753  18766	18.777	18.851	23.773	24.176	18.374	27.399	26.835	23.370	21.355	29.978	50.192	50.242	23.487	2696.631	0	0	0	0.00	-135.000	-135.000	225.000	36.527
2025-01-01T02:34:12.596695  18767	19.018	18.868	23.853	24.095	18.374	27.480	26.755	23.612	21.758	29.978	50.205	50.323	23.568	2655.275	0	0	0	0.00	-135.000	-135.000	225.000	36.527
2025-01-01T02:34:13.796801  18768	19.018	18.883	23.451	23.934	18.293	27.399	26.593	23.289	21.678	29.817	50.201	50.323	23.568	2618.525	0	0	0	0.00	-135.000	-135.000	225.000	36.527
2025-01-01T02:34:14.996750  18769	18.938	18.888	23.370	24.015	18.454	27.480	26.674	23.531	21.678	29.817	50.189	50.161	23.649	2605.802	0	0	0	0.00	-135.000	-135.000	225.000	36.527
2025-01-01T02:34:16.196937  18770	19.018	18.901	23.612	23.853	18.454	27.480	26.674	23.289	21.516	30.059	50.194	50.242	23.487	2573.869	0	0	0	0.00	-135.000	-135.000	225.000	36.527
2025-01-01T02:34:17.396928  18771	18.777	18.889	23.451	24.095	18.454	27.319	26.835	23.773	21.436	29.736	50.167	50.161	23.649	2606.370	0	0	0	0.00	-135.000	-135.000	225.000	36.527
2025-01-01T02:34:18.596883  18772	19.099	18.910	23.451	24.095	18.374	27.641	26.674	23.773	21.839	29.817	50.158	50.161	23.568	2553.841	0	0	0	0.00	-135.000	-135.000	225.000	36.527
2025-01-01T02:34:19.796934  18773	18.938	18.913	23.209	24.176	18.374	27.238	26.835	23.370	21.678	29.736	50.166	50.242	23.487	2547.864	0	0	0	0.00	-135.000	-135.000	225.000	36.527
2025-01-01T02:34:20.997064  18774	19.179	18.939	23.451	24.095	18.293	27.480	26.755	23.612	21.597	29.817	50.166	50.242	23.568	2481.115	0	0	0	0.00	-135.000	-135.000	225.000	36.527
2025-01-01T02:34:22.197030  18775	18.938	18.939	23.289	24.337	18.132	27.399	26.593	23.289	21.758	29.897	50.165	50.161	23.568	2482.492	0	0	0	0.00	-135.000	-135.000	225.000	36.527
2025-01-01T02:34:23.397126  18776	19.018	18.947	23.128	24.176	18.132	27.238	26.674	23.531	21.436	29.817	50.173	50.242	23.568	2462.926	0	0	0	0.00	-135.000	-135.000	225.000	36.527
2025-01-01T02:34:24.597175  18777	18.777	18.930	23.209	24.095	18.212	27.319	26.755	23.451	21.516	29.897	50.172	50.161	23.649	2506.558	0	0	0	0.00	-135.000	-135.000	225.000	36.527
2025-01-01T02:34:25.797276  18778	19.018	18.939	23.370	24.095	18.293	27.480	26.755	23.289	21.597	29.817	50.171	50.242	23.568	2484.410	0	0	0	0.00	-135.000	-135.000	225.000	36.527
2025-01-01T02:34:26.997395  18779	18.857	18.931	23.209	24.095	18.132	27.399	26.593	23.692	21.678	29.817	50.178	50.242	23.487	2505.672	0	0	0	0.00	-135.000	-135.000	225.000	36.527
2025-01-01T02:34:28.197225  18780	18.696	18.907	23.209	24.095	18.293	27.560	26.755	23.451	21.758	30.059	50.176	50.161	23.568	2565.316	0	0	0	0.00	-135.000	-135.000	225.000	36.527
2025-01-01T02:34:29.397337  18781	19.099	18.926	23.209	24.095	18.293	27.319	26.755	23.612	21.758	29.978	50.175	50.242	23.487	2517.066	0	0	0	0.00	-135.000	-135.000	225.000	36.527
2025-01-01T02:34:30.597460  18782	18.857	18.919	23.048	24.015	18.132	27.319	26.674	23.531	21.839	29.817	50.165	50.403	23.649	2535.470	0	0	0	0.00	-135.000	-135.000	225.000	36.527
2025-01-01T02:34:31.797563  18783	18.938	18.921	23.451	24.095	18.051	27.319	26.674	23.289	21.678	29.656	50.181	50.242	23.649	2531.283	0	0	0	0.00	-135.000	-135.000	225.000	36.527
2025-01-01T02:34:32.997396  18784	19.018	18.931	23.289	24.015	18.374	27.399	26.593	23.370	21.758	30.059	50.203	50.403	23.487	2507.356	0	0	0	0.00	-135.000	-135.000	225.000	36.527
2025-01-01T02:34:34.197455  18785	18.938	18.932	23.289	24.095	18.212	27.399	26.755	23.692	21.919	29.978	50.215	50.161	23.649	2506.336	0	0	0	0.00	-135.000	-135.000	225.000	36.527
2025-01-01T02:34:35.397617  18786	18.938	18.932	23.128	23.934	18.454	27.238	26.755	23.370	21.758	29.978	50.218	50.161	23.487	2505.300	0	0	0	0.00	-135.000	-135.000	225.000	36.527
2025-01-01T02:34:36.597540  18787	18.857	18.925	23.370	24.095	18.293	27.399	26.755	23.612	21.678	29.978	50.204	50.161	23.649	2524.776	0	0	0	0.00	-135.000	-135.000	225.000	36.527
2025-01-01T02:34:37.797572  18788	19.018	18.934	23.209	24.256	18.132	27.560	26.674	23.370	21.678	29.978	50.200	50.242	23.407	2501.516	0	0	0	0.00	-135.000	-135.000	225.000	36.527
2025-01-01T02:34:38.997742  18789	18.857	18.926	23.289	24.176	18.374	27.399	26.674	23.370	22.000	29.736	50.204	50.161	23.487	2521.617	0	0	0	0.00	-135.000	-135.000	225.000	36.527
2025-01-01T02:34:40.197743  18790	19.018	18.936	23.370	24.256	18.374	27.399	26.674	23.451	21.758	30.059	50.208	50.323	23.487	2498.756	0	0	0	0.00	-135.000	-135.000	225.000	36.527
2025-01-01T02:34:41.397718  18791	18.857	18.928	23.370	24.256	18.374	27.319	26.674	23.370	21.597	29.817	50.203	50.242	23.729	2519.219	0	0	0	0.00	-135.000	-135.000	225.000	36.527
2025-01-01T02:34:42.597887  18792	19.099	18.945	23.289	24.176	18.454	27.319	26.755	23.612	21.597	30.059	50.207	50.242	23.487	2476.324	0	0	0	0.00	-135.000	-135.000	225.000	36.527
2025-01-01T02:34:43.797808  18793	18.857	18.936	23.370	24.095	18.374	27.399	26.755	23.370	21.919	30.059	50.219	50.242	23.487	2499.224	0	0	0	0.00	-135.000	-135.000	225.000	36.527
2025-01-01T02:34:44.997901  18794	19.099	18.952	23.289	24.015	18.535	27.480	26.835	23.612	21.678	30.220	50.221	50.242	23.487	2458.358	0	0	0	0.00	-135.000	-135.000	225.000	36.527
2025-01-01T02:34:46.198227  18795	18.938	18.951	23.451	24.176	18.374	27.560	26.593	23.773	21.597	29.817	50.207	50.161	23.649	2462.723	0	0	0	0.00	-135.000	-135.000	225.000	36.527
2025-01-01T02:34:47.398110  18796	19.018	18.958	23.370	24.095	18.454	27.238	26.835	23.692	21.758	29.897	50.202	50.242	23.649	2446.009	0	0	0	0.00	-135.000	-135.000	225.000	36.527
2025-01-01T02:34:48.597962  18797	19.179	18.980	23.048	24.337	18.374	27.319	26.755	23.692	21.597	30.059	50.206	50.161	23.487	2390.385	0	0	0	0.00	-135.000	-135.000	225.000	36.527
2025-01-01T02:34:49.798076  18798	18.938	18.976	23.370	24.095	18.212	27.560	26.835	23.451	21.839	29.817	50.210	50.323	23.487	2401.612	0	0	0	0.00	-135.000	-135.000	225.000	36.527
2025-01-01T02:34:50.998127  18799	18.938	18.972	23.048	24.256	18.212	27.399	26.755	23.692	21.516	29.656	50.205	50.242	23.407	2411.275	0	0	0	0.00	-135.000	-135.000	225.000	36.527
2025-01-01T02:34:52.198084  18800	18.938	18.968	22.967	24.095	18.535	27.480	26.674	23.531	21.839	29.978	50.193	50.161	23.649	2420.014	0	0	0	0.00	-135.000	-135.000	225.000	36.527
2025-01-01T02:34:53.398409  18801	19.018	18.973	23.048	24.015	18.454	27.560	26.755	23.612	21.919	29.897	50.190	50.242	23.487	2407.563	0	0	0	0.00	-135.000	-135.000	225.000	36.527
2025-01-01T02:34:54.598340  18802	19.018	18.978	23.048	23.853	18.535	27.399	26.674	23.451	21.678	30.059	50.187	50.161	23.407	2396.503	0	0	0	0.00	-135.000	-135.000	225.000	36.527
2025-01-01T02:34:55.798360  18803	18.777	18.958	23.128	23.934	18.293	27.238	26.513	23.531	21.678	29.978	50.168	50.081	23.649	2447.630	0	0	0	0.00	-135.000	-135.000	225.000	36.527
2025-01-01T02:34:56.998285  18804	18.938	18.956	22.806	24.337	18.293	27.238	26.755	23.451	21.758	29.978	50.167	50.242	23.649	2452.589	0	0	0	0.00	-135.000	-135.000	225.000	36.527
2025-01-01T02:34:58.198382  18805	19.018	18.962	22.725	24.015	18.374	27.399	26.755	23.209	21.678	29.817	50.175	50.161	23.407	2437.054	0	0	0	0.00	-135.000	-135.000	225.000	36.527
2025-01-01T02:34:59.398364  18806	19.179	18.984	22.886	24.095	18.454	27.480	26.593	23.451	21.758	29.897	50.173	50.323	23.487	2382.494	0	0	0	0.00	-135.000	-135.000	225.000	36.527
2025-01-01T02:35:00.598483  18807	19.018	18.987	23.048	24.176	18.293	27.480	26.835	23.451	22.000	30.059	50.164	50.161	23.729	2374.313	0	0	0	0.00	-135.000	-135.000	225.000	36.527
2025-01-01T02:35:01.798513  18808	18.938	18.982	23.128	24.176	18.454	27.399	26.674	23.531	21.919	30.300	50.156	50.161	23.649	2386.979	0	0	0	0.00	-135.000	-135.000	225.000	36.527
2025-01-01T02:35:02.998488  18809	18.938	18.978	22.967	24.256	18.374	27.480	26.755	23.451	21.597	30.059	50.148	50.403	23.649	2398.259	0	0	0	0.00	-135.000	-135.000	225.000	36.527
2025-01-01T02:35:04.198669  18810	19.099	18.990	23.289	24.095	18.454	27.238	26.674	23.692	21.839	30.139	50.158	50.323	23.568	2367.728	0	0	0	0.00	-135.000	-135.000	225.000	36.527
2025-01-01T02:35:05.398588  18811	18.938	18.985	23.048	24.015	18.293	27.319	26.835	23.289	21.919	29.978	50.174	50.323	23.649	2381.233	0	0	0	0.00	-135.000	-135.000	225.000	36.527
2025-01-01T02:35:06.598748  18812	18.938	18.980	22.886	24.337	18.293	27.158	26.674	23.612	21.839	29.978	50.173	50.242	23.729	2393.107	0	0	0	0.00	-135.000	-135.000	225.000	36.527
2025-01-01T02:35:07.798741  18813	18.938	18.976	23.048	24.095	18.535	27.238	26.835	23.531	21.919	30.059	50.180	50.323	23.568	2403.839	0	0	0	0.00	-135.000	-135.000	225.000	36.527
2025-01-01T02:35:08.998915  18814	18.938	18.972	22.967	24.256	18.293	27.560	26.593	23.370	22.000	29.736	50.170	50.323	23.729	2413.539	0	0	0	0.00	-135.000	-135.000	225.000	36.527
2025-01-01T02:35:10.198817  18815	18.938	18.969	22.886	24.337	18.454	27.399	26.916	23.451	21.839	29.897	50.169	50.323	23.649	2422.311	0	0	0	0.00	-135.000	-135.000	225.000	36.527
2025-01-01T02:35:11.398804  18816	19.099	18.982	23.048	24.095	18.454	27.480	26.674	23.289	21.516	29.978	50.176	50.242	23.487	2389.524	0	0	0	0.00	-135.000	-135.000	225.000	36.527
2025-01-01T02:35:12.598897  18817	19.179	19.001	22.886	24.095	18.454	27.641	26.674	23.209	21.758	29.978	50.183	50.161	23.487	2339.902	0	0	0	0.00	-135.000	-135.000	225.000	36.527
2025-01-01T02:35:13.799038  18818	18.857	18.987	23.048	24.015	18.454	27.319	26.835	23.370	21.678	29.978	50.189	50.161	23.326	2376.736	0	0	0	0.00	-135.000	-135.000	225.000	36.527
2025-01-01T02:35:14.998985  18819	18.938	18.982	23.209	24.176	18.535	27.399	26.835	23.370	21.758	29.978	50.170	50.323	23.568	2388.979	0	0	0	0.00	-135.000	-135.000	225.000	36.527
2025-01-01T02:35:16.199034  18820	19.018	18.986	22.967	24.176	18.374	27.238	26.916	23.370	21.436	29.978	50.161	50.161	23.568	2379.839	0	0	0	0.00	-135.000	-135.000	225.000	36.527
2025-01-01T02:35:17.399086  18821	19.018	18.989	23.289	24.256	18.293	27.319	26.835	23.289	21.919	30.059	50.169	50.242	23.568	2371.760	0	0	0	0.00	-135.000	-135.000	225.000	36.527
2025-01-01T02:35:18.599115  18822	19.099	19.000	22.806	24.176	18.615	27.319	26.755	23.773	21.919	30.059	50.184	50.323	23.487	2344.112	0	0	0	0.00	-135.000	-135.000	225.000	36.527
2025-01-01T02:35:19.799163  18823	19.179	19.018	22.886	24.095	18.535	27.319	26.755	23.531	21.839	29.897	50.190	50.323	23.568	2298.958	0	0	0	0.00	-135.000	-135.000	225.000	36.527
2025-01-01T02:35:20.999109  18824	18.857	19.002	22.806	23.934	18.535	27.319	26.674	23.289	21.597	30.059	50.179	50.242	23.649	2339.809	0	0	0	0.00	-135.000	-135.000	225.000	36.527
2025-01-01T02:35:22.199245  18825	18.938	18.995	23.048	23.853	18.696	27.319	26.593	23.692	21.919	30.300	50.153	50.242	23.568	2355.665	0	0	0	0.00	-135.000	-135.000	225.000	36.527
2025-01-01T02:35:23.399358  18826	19.018	18.998	22.967	24.095	18.535	27.480	26.674	23.612	21.839	29.978	50.146	50.323	23.649	2349.775	0	0	0	0.00	-135.000	-135.000	225.000	36.527
2025-01-01T02:35:24.599395  18827	18.857	18.984	22.967	24.095	18.535	27.399	26.755	23.370	21.839	29.817	50.140	50.242	23.729	2385.355	0	0	0	0.00	-135.000	-135.000	225.000	36.527
2025-01-01T02:35:25.799313  18828	18.938	18.979	23.128	24.015	18.535	27.399	26.755	23.451	21.839	29.817	50.142	50.161	23.407	2396.790	0	0	0	0.00	-135.000	-135.000	225.000	36.527
2025-01-01T02:35:26.999471  18829	19.018	18.983	22.886	24.095	18.454	27.480	26.755	23.531	21.839	29.897	50.160	50.323	23.568	2386.920	0	0	0	0.00	-135.000	-135.000	225.000	36.527
2025-01-01T02:35:28.199488  18830	19.179	19.003	22.967	23.853	18.535	27.560	26.593	23.451	21.758	30.059	50.160	50.242	23.407	2337.459	0	0	0	0.00	-135.000	-135.000	225.000	36.527
2025-01-01T02:35:29.399463  18831	19.099	19.012	22.967	24.176	18.615	27.238	26.996	23.451	22.000	30.139	50.168	50.242	23.487	2313.503	0	0	0	0.00	-135.000	-135.000	225.000	36.527
2025-01-01T02:35:30.599468  18832	19.099	19.021	23.209	24.095	18.535	27.480	26.835	23.370	21.839	29.897	50.176	50.161	23.407	2291.713	0	0	0	0.00	-135.000	-135.000	225.000	36.527
2025-01-01T02:35:31.799596  18833	18.938	19.013	22.806	24.095	18.615	27.319	26.916	23.531	21.758	29.897	50.182	50.161	23.487	2312.759	0	0	0	0.00	-135.000	-135.000	225.000	36.527
2025-01-01T02:35:32.999673  18834	19.099	19.021	23.048	24.176	18.535	27.158	26.593	23.773	21.758	30.059	50.172	50.081	23.649	2290.695	0	0	0	0.00	-135.000	-135.000	225.000	36.527
2025-01-01T02:35:34.199870  18835	18.938	19.013	23.048	24.015	18.454	27.480	26.835	23.451	21.678	29.897	50.155	50.081	23.649	2311.820	0	0	0	0.00	-135.000	-135.000	225.000	36.527
2025-01-01T02:35:35.399648  18836	19.179	19.030	22.967	24.176	18.535	27.480	26.835	23.128	21.839	30.220	50.155	50.161	23.568	2269.461	0	0	0	0.00	-135.000	-135.000	225.000	36.527
2025-01-01T02:35:36.599697  18837	19.260	19.053	23.048	23.934	18.777	27.480	26.835	23.289	21.919	30.059	50.148	50.161	23.568	2211.330	0	0	0	0.00	-135.000	-135.000	225.000	36.527
2025-01-01T02:35:37.799729  18838	19.341	19.081	22.967	24.015	18.615	27.399	26.835	23.451	21.678	30.300	50.157	50.081	23.487	2138.628	0	0	0	0.00	-135.000	-135.000	225.000	36.527
2025-01-01T02:35:39.000112  18839	19.099	19.083	23.128	24.015	18.696	27.480	26.674	23.531	21.839	29.897	50.158	50.161	23.568	2134.210	0	0	0	0.00	-135.000	-135.000	225.000	36.527
2025-01-01T02:35:40.199821  18840	19.260	19.101	22.886	24.095	18.777	27.399	26.755	23.531	21.758	30.300	50.158	50.161	23.649	2088.954	0	0	0	0.00	-135.000	-135.000	225.000	36.527
2025-01-01T02:35:41.399862  18841	19.099	19.101	22.806	24.015	18.696	27.480	26.916	23.531	21.516	30.059	50.167	50.161	23.487	2089.093	0	0	0	0.00	-135.000	-135.000	225.000	36.527
2025-01-01T02:35:42.599992  18842	19.099	19.100	22.886	24.095	18.615	27.399	26.835	23.451	21.839	30.059	50.182	50.242	23.407	2088.828	0	0	0	0.00	-135.000	-135.000	225.000	36.527
2025-01-01T02:35:43.799962  18843	19.179	19.108	22.806	24.176	18.615	27.399	26.674	23.289	21.758	29.978	50.204	50.323	23.568	2068.153	0	0	0	0.00	-135.000	-135.000	225.000	36.527
2025-01-01T02:35:45.000088  18844	19.179	19.115	22.806	24.337	18.615	27.319	26.835	23.289	21.758	30.059	50.216	50.323	23.568	2049.584	0	0	0	0.00	-135.000	-135.000	225.000	36.527
2025-01-01T02:35:46.200133  18845	19.179	19.122	22.645	24.095	18.615	27.319	26.835	23.289	21.839	30.059	50.194	50.242	23.729	2032.747	0	0	0	0.00	-135.000	-135.000	225.000	36.527
2025-01-01T02:35:47.400176  18846	19.179	19.128	22.886	24.015	18.696	27.399	26.674	23.289	22.081	29.897	50.199	50.242	23.487	2017.465	0	0	0	0.00	-135.000	-135.000	225.000	36.527
2025-01-01T02:35:48.600129  18847	19.260	19.141	22.725	24.015	18.777	27.399	26.755	23.451	21.758	30.300	50.203	50.242	23.568	1983.223	0	0	0	0.00	-135.000	-135.000	225.000	36.527
2025-01-01T02:35:49.800241  18848	19.260	19.153	22.725	24.176	18.777	27.641	26.755	23.612	21.678	30.381	50.207	50.242	23.487	1952.382	0	0	0	0.00	-135.000	-135.000	225.000	36.527
2025-01-01T02:35:51.000216  18849	19.260	19.164	22.645	24.256	18.696	27.399	26.755	23.289	21.678	30.300	50.211	50.161	23.487	1924.444	0	0	0	0.00	-135.000	-135.000	225.000	36.527
2025-01-01T02:35:52.200356  18850	19.179	19.165	22.645	24.337	18.777	27.560	26.916	23.612	21.919	30.139	50.206	50.242	23.810	1919.484	0	0	0	0.00	-135.000	-135.000	225.000	36.527
2025-01-01T02:35:53.400351  18851	19.018	19.150	22.725	24.015	18.777	27.399	26.835	23.451	22.161	29.897	50.193	50.161	23.649	1955.459	0	0	0	0.00	-135.000	-135.000	225.000	36.527
2025-01-01T02:35:54.600431  18852	19.018	19.137	22.645	24.015	18.696	27.480	26.593	23.370	22.000	30.139	50.190	50.161	23.487	1987.504	0	0	0	0.00	-135.000	-135.000	225.000	36.527
2025-01-01T02:35:55.800393  18853	19.260	19.150	22.484	24.176	18.857	27.319	26.916	23.612	21.758	30.381	50.195	50.242	23.649	1955.239	0	0	0	0.00	-135.000	-135.000	225.000	36.527
2025-01-01T02:35:57.000449  18854	19.341	19.169	22.645	24.176	18.696	27.319	26.755	23.531	21.919	30.220	50.192	50.081	23.649	1906.138	0	0	0	0.00	-135.000	-135.000	225.000	36.527
2025-01-01T02:35:58.200732  18855	19.260	19.178	22.725	24.256	18.696	27.158	26.755	23.289	22.000	29.978	50.189	50.161	23.568	1882.233	0	0	0	0.00	-135.000	-135.000	225.000	36.527
2025-01-01T02:35:59.400553  18856	19.179	19.178	22.725	24.256	18.696	27.319	26.755	23.289	21.839	29.656	50.202	50.242	23.487	1880.738	0	0	0	0.00	-135.000	-135.000	225.000	36.527
2025-01-01T02:36:00.600680  18857	19.341	19.194	22.564	24.015	18.535	27.480	26.674	23.692	21.919	30.059	50.214	50.242	23.729	1838.377	0	0	0	0.00	-135.000	-135.000	225.000	36.527
2025-01-01T02:36:01.800686  18858	19.018	19.177	22.403	24.176	18.454	27.399	26.996	23.451	21.839	30.059	50.201	50.161	23.729	1881.792	0	0	0	0.00	-135.000	-135.000	225.000	36.527
2025-01-01T02:36:03.000658  18859	19.179	19.177	22.484	24.256	18.454	27.480	26.755	23.612	21.758	29.817	50.205	50.242	23.568	1879.481	0	0	0	0.00	-135.000	-135.000	225.000	36.527
2025-01-01T02:36:04.200814  18860	19.260	19.185	22.403	24.015	18.535	27.641	26.835	23.531	22.000	30.059	50.217	50.403	23.568	1857.234	0	0	0	0.00	-135.000	-135.000	225.000	36.527
2025-01-01T02:36:05.400742  18861	19.179	19.185	22.403	24.256	18.535	27.238	26.916	23.692	21.516	30.059	50.203	50.242	23.729	1857.554	0	0	0	0.00	-135.000	-135.000	225.000	36.527
2025-01-01T02:36:06.601003  18862	19.260	19.192	22.484	24.176	18.615	27.560	26.674	23.773	21.919	30.139	50.207	50.242	23.568	1837.192	0	0	0	0.00	-135.000	-135.000	225.000	36.527
2025-01-01T02:36:07.801006  18863	19.341	19.207	22.161	24.015	18.535	27.480	26.674	23.209	21.839	30.139	50.211	50.323	23.487	1798.480	0	0	0	0.00	-135.000	-135.000	225.000	36.527
2025-01-01T02:36:09.000872  18864	19.260	19.212	22.403	24.256	18.615	27.319	26.996	23.612	21.919	30.059	50.222	50.323	23.649	1783.928	0	0	0	0.00	-135.000	-135.000	225.000	36.527
2025-01-01T02:36:10.200976  18865	19.421	19.233	22.322	24.095	18.696	27.238	26.593	23.612	21.919	30.139	50.216	50.242	23.487	1729.760	0	0	0	0.00	-135.000	-135.000	225.000	36.527
2025-01-01T02:36:11.401086  18866	19.179	19.228	22.484	23.934	18.696	27.077	26.513	23.370	21.678	30.059	50.218	50.242	23.649	1742.128	0	0	0	0.00	-135.000	-135.000	225.000	36.527
2025-01-01T02:36:12.601006  18867	19.018	19.207	22.322	24.176	18.535	27.399	26.755	23.531	22.081	30.059	50.221	50.081	23.487	1793.376	0	0	0	0.00	-135.000	-135.000	225.000	36.527
2025-01-01T02:36:13.801057  18868	19.260	19.212	22.161	24.176	18.777	27.238	26.996	23.209	21.758	29.897	50.215	50.081	23.487	1778.076	0	0	0	0.00	-135.000	-135.000	225.000	36.527
2025-01-01T02:36:15.001211  18869	19.341	19.225	22.484	24.095	18.857	27.319	26.835	23.531	21.839	30.220	50.209	50.161	23.568	1744.240	0	0	0	0.00	-135.000	-135.000	225.000	36.527
2025-01-01T02:36:16.201259  18870	19.341	19.237	22.484	24.256	18.777	27.319	26.996	23.451	21.678	30.059	50.213	50.242	23.649	1713.713	0	0	0	0.00	-135.000	-135.000	225.000	36.527
2025-01-01T02:36:17.401243  18871	19.260	19.239	22.484	24.337	18.696	27.480	26.593	23.531	21.839	30.220	50.208	50.242	23.729	1706.364	0	0	0	0.00	-135.000	-135.000	225.000	36.527
2025-01-01T02:36:18.601275  18872	19.179	19.233	22.322	24.095	18.938	27.319	26.755	23.289	21.597	30.059	50.211	50.323	23.729	1719.771	0	0	0	0.00	-135.000	-135.000	225.000	36.527
2025-01-01T02:36:19.801252  18873	19.099	19.220	22.161	24.095	18.777	27.399	26.674	23.370	22.081	29.978	50.222	50.242	23.487	1751.914	0	0	0	0.00	-135.000	-135.000	225.000	36.527
2025-01-01T02:36:21.001358  18874	19.341	19.232	22.322	23.934	19.018	27.480	26.835	23.370	22.081	30.139	50.216	50.242	23.568	1719.522	0	0	0	0.00	-135.000	-135.000	225.000	36.527
2025-01-01T02:36:22.201405  18875	19.179	19.226	22.161	24.256	18.938	27.399	26.996	23.692	21.839	30.059	50.227	50.161	23.649	1731.339	0	0	0	0.00	-135.000	-135.000	225.000	36.527
2025-01-01T02:36:23.401515  18876	19.341	19.238	22.403	24.337	18.696	27.480	26.755	23.612	22.242	30.059	50.244	50.242	23.568	1700.797	0	0	0	0.00	-135.000	-135.000	225.000	36.527
2025-01-01T02:36:24.601399  18877	19.260	19.240	22.322	24.015	18.777	27.399	26.916	23.612	21.758	30.139	50.244	50.403	23.568	1693.759	0	0	0	0.00	-135.000	-135.000	225.000	36.527
2025-01-01T02:36:25.801539  18878	19.260	19.242	22.081	23.934	19.099	27.399	26.996	23.612	21.597	30.139	50.236	50.323	23.487	1687.081	0	0	0	0.00	-135.000	-135.000	225.000	36.527
2025-01-01T02:36:27.001778  18879	19.260	19.244	22.403	24.176	18.857	27.319	26.996	23.289	22.081	30.139	50.228	50.323	23.649	1680.891	0	0	0	0.00	-135.000	-135.000	225.000	36.527
2025-01-01T02:36:28.201627  18880	19.421	19.262	22.242	24.095	19.018	27.319	26.755	23.451	21.678	30.220	50.238	50.242	23.649	1634.409	0	0	0	0.00	-135.000	-135.000	225.000	36.527
2025-01-01T02:36:29.401593  18881	19.179	19.253	22.403	24.337	19.018	27.560	26.996	23.692	22.081	30.300	50.214	50.161	23.729	1653.696	0	0	0	0.00	-135.000	-135.000	225.000	36.527
2025-01-01T02:36:30.601707  18882	19.179	19.246	22.161	24.256	18.938	27.319	26.916	23.451	21.919	30.220	50.217	50.081	23.729	1670.444	0	0	0	0.00	-135.000	-135.000	225.000	36.527
2025-01-01T02:36:31.801691  18883	19.179	19.239	22.242	24.095	18.857	27.399	26.916	23.773	21.839	30.220	50.195	50.161	23.890	1685.390	0	0	0	0.00	-135.000	-135.000	225.000	36.527
2025-01-01T02:36:33.001695  18884	19.341	19.250	22.484	24.256	18.777	27.399	26.755	23.370	21.758	29.978	50.200	50.161	23.487	1657.988	0	0	0	0.00	-135.000	-135.000	225.000	36.527
2025-01-01T02:36:34.201842  18885	19.421	19.267	22.242	24.095	19.179	27.319	26.674	23.531	21.678	30.381	50.204	50.161	23.568	1613.046	0	0	0	0.00	-135.000	-135.000	225.000	36.527
2025-01-01T02:36:35.401824  18886	19.179	19.258	22.161	24.337	18.938	27.399	26.996	23.531	22.000	29.978	50.192	50.161	23.729	1633.559	0	0	0	0.00	-135.000	-135.000	225.000	36.527
2025-01-01T02:36:36.602046  18887	19.341	19.266	22.081	24.337	19.018	27.480	26.996	23.531	21.678	30.220	50.205	50.323	23.568	1610.680	0	0	0	0.00	-135.000	-135.000	225.000	36.527
2025-01-01T02:36:37.801925  18888	19.260	19.266	22.000	24.256	18.938	27.480	26.916	23.773	22.000	30.059	50.209	50.242	23.649	1610.538	0	0	0	0.00	-135.000	-135.000	225.000	36.527
2025-01-01T02:36:39.002216  18889	19.341	19.273	22.161	24.176	19.018	27.319	26.835	23.209	21.758	30.059	50.212	50.161	23.568	1589.705	0	0	0	0.00	-135.000	-135.000	225.000	36.527
2025-01-01T02:36:40.202049  18890	19.421	19.288	22.161	24.095	18.938	27.399	26.835	23.451	21.839	30.220	50.223	50.403	23.729	1550.512	0	0	0	0.00	-135.000	-135.000	225.000	36.527
2025-01-01T02:36:41.402101  18891	19.260	19.285	21.919	24.176	18.696	27.399	26.755	23.209	21.758	30.059	50.225	50.242	23.568	1555.835	0	0	0	0.00	-135.000	-135.000	225.000	36.527
2025-01-01T02:36:42.602144  18892	19.179	19.275	22.000	24.337	18.696	27.399	26.674	23.451	21.919	30.139	50.218	50.242	23.729	1580.485	0	0	0	0.00	-135.000	-135.000	225.000	36.527
2025-01-01T02:36:43.802153  18893	19.341	19.281	22.000	24.015	19.099	27.480	26.916	23.773	22.000	29.978	50.205	50.323	23.810	1561.656	0	0	0	0.00	-135.000	-135.000	225.000	36.527
2025-01-01T02:36:45.002287  18894	19.260	19.279	21.919	24.176	19.099	27.399	26.755	23.451	22.000	30.139	50.200	50.242	23.487	1565.155	0	0	0	0.00	-135.000	-135.000	225.000	36.527
2025-01-01T02:36:46.202207  18895	19.260	19.277	21.758	24.337	18.857	27.238	26.916	23.934	21.919	30.220	50.205	50.161	23.649	1567.960	0	0	0	0.00	-135.000	-135.000	225.000	36.527
2025-01-01T02:36:47.402259  18896	19.341	19.284	21.678	24.176	19.099	27.399	26.916	23.531	21.516	30.139	50.208	50.161	23.568	1549.941	0	0	0	0.00	-135.000	-135.000	225.000	36.527
2025-01-01T02:36:48.602360  18897	19.502	19.305	22.081	24.095	18.857	27.480	26.755	23.451	21.678	29.897	50.204	50.161	23.729	1492.915	0	0	0	0.00	-135.000	-135.000	225.000	36.527
2025-01-01T02:36:49.802358  18898	19.260	19.301	21.839	24.176	18.777	27.238	26.835	23.612	22.081	30.139	50.215	50.323	23.649	1502.657	0	0	0	0.00	-135.000	-135.000	225.000	36.527
2025-01-01T02:36:51.002384  18899	19.179	19.289	21.839	24.095	18.857	27.399	26.916	23.612	22.081	30.220	50.218	50.242	23.810	1531.124	0	0	0	0.00	-135.000	-135.000	225.000	36.527
2025-01-01T02:36:52.202466  18900	19.502	19.310	21.678	24.015	18.857	27.560	26.674	23.209	21.919	30.220	50.204	50.242	23.649	1474.999	0	0	0	0.00	-135.000	-135.000	225.000	36.527
2025-01-01T02:36:53.402545  18901	19.099	19.289	21.839	24.095	18.696	27.480	26.755	23.289	21.597	29.978	50.200	50.161	23.568	1526.601	0	0	0	0.00	-135.000	-135.000	225.000	36.527
2025-01-01T02:36:54.602573  18902	19.260	19.286	21.839	24.176	18.938	27.480	26.996	23.612	21.678	30.059	50.204	50.323	23.649	1531.440	0	0	0	0.00	-135.000	-135.000	225.000	36.527
2025-01-01T02:36:55.802698  18903	19.260	19.283	22.081	24.256	18.696	27.399	26.513	23.370	21.516	29.978	50.200	50.081	23.487	1535.935	0	0	0	0.00	-135.000	-135.000	225.000	36.527
2025-01-01T02:36:57.002721  18904	19.260	19.281	21.758	24.095	19.018	27.399	26.755	23.451	21.758	30.220	50.204	50.323	23.729	1539.799	0	0	0	0.00	-135.000	-135.000	225.000	36.527
2025-01-01T02:36:58.202633  18905	19.341	19.287	21.516	24.176	18.857	27.480	26.835	23.531	21.678	30.220	50.208	50.081	23.568	1522.732	0	0	0	0.00	-135.000	-135.000	225.000	36.527
2025-01-01T02:36:59.402814  18906	19.502	19.309	21.516	24.095	18.857	27.319	26.835	23.451	21.597	30.220	50.211	50.242	23.568	1466.565	0	0	0	0.00	-135.000	-135.000	225.000	36.527
2025-01-01T02:37:00.602798  18907	19.341	19.312	21.758	24.176	18.857	27.399	26.674	23.692	21.919	30.059	50.222	50.323	23.729	1456.713	0	0	0	0.00	-135.000	-135.000	225.000	36.527
2025-01-01T02:37:01.802779  18908	19.502	19.331	21.678	24.176	18.938	27.480	26.835	23.451	21.758	30.059	50.216	50.484	23.729	1406.561	0	0	0	0.00	-135.000	-135.000	225.000	36.527
2025-01-01T02:37:03.002880  18909	19.421	19.340	21.758	24.256	19.018	27.480	26.835	23.853	21.919	30.462	50.211	50.323	23.568	1381.755	0	0	0	0.00	-135.000	-135.000	225.000	36.527
2025-01-01T02:37:04.202843  18910	19.341	19.340	21.758	24.015	18.938	27.560	26.916	23.289	21.839	29.978	50.206	50.242	23.810	1379.341	0	0	0	0.00	-135.000	-135.000	225.000	36.527
2025-01-01T02:37:05.402891  18911	19.341	19.340	21.758	24.015	18.857	27.399	26.835	23.692	22.161	30.300	50.210	50.242	23.568	1376.766	0	0	0	0.00	-135.000	-135.000	225.000	36.527
2025-01-01T02:37:06.603012  18912	19.582	19.364	21.678	24.095	18.938	27.480	26.916	23.289	21.678	30.381	50.213	50.242	23.649	1313.118	0	0	0	0.00	-135.000	-135.000	225.000	36.527
2025-01-01T02:37:07.803102  18913	19.179	19.346	21.436	24.176	18.938	27.399	26.996	23.370	22.000	30.139	50.200	50.161	23.729	1357.729	0	0	0	0.00	-135.000	-135.000	225.000	36.527
2025-01-01T02:37:09.003099  18914	19.260	19.337	21.436	24.256	18.857	27.238	26.996	23.531	21.597	30.381	50.204	50.161	23.487	1376.585	0	0	0	0.00	-135.000	-135.000	225.000	36.527
2025-01-01T02:37:10.203205  18915	19.502	19.354	21.436	24.337	18.777	27.319	26.835	23.612	21.919	30.381	50.216	50.323	23.729	1332.444	0	0	0	0.00	-135.000	-135.000	225.000	36.527
2025-01-01T02:37:11.403121  18916	19.421	19.360	21.355	24.176	18.777	27.399	26.996	23.773	22.081	29.897	50.226	50.323	23.649	1313.211	0	0	0	0.00	-135.000	-135.000	225.000	36.527
2025-01-01T02:37:12.603162  18917	19.502	19.375	21.597	24.256	18.857	27.560	26.835	23.451	22.000	30.139	50.212	50.161	23.729	1275.084	0	0	0	0.00	-135.000	-135.000	225.000	36.527
2025-01-01T02:37:13.803195  18918	19.341	19.371	21.355	24.095	18.696	27.399	26.674	23.209	21.919	30.220	50.207	50.081	23.649	1281.305	0	0	0	0.00	-135.000	-135.000	225.000	36.527
2025-01-01T02:37:15.003344  18919	19.421	19.376	21.275	24.337	18.777	27.319	26.835	23.370	21.919	30.139	50.210	50.242	23.729	1265.982	0	0	0	0.00	-135.000	-135.000	225.000	36.527
2025-01-01T02:37:16.203374  18920	19.341	19.373	21.516	24.256	18.696	27.399	26.916	23.289	21.597	29.897	50.221	50.161	23.407	1272.419	0	0	0	0.00	-135.000	-135.000	225.000	36.527
2025-01-01T02:37:17.403335  18921	19.260	19.361	21.355	23.934	18.857	27.399	26.916	23.370	21.758	30.139	50.215	50.161	23.568	1298.177	0	0	0	0.00	-135.000	-135.000	225.000	36.527
2025-01-01T02:37:18.603383  18922	19.179	19.343	21.275	24.256	18.857	27.319	26.996	23.370	21.678	30.059	50.226	50.323	23.649	1341.380	0	0	0	0.00	-135.000	-135.000	225.000	36.527
2025-01-01T02:37:19.803420  18923	19.341	19.343	21.678	24.015	18.938	27.399	26.996	23.773	22.161	30.220	50.228	50.403	23.649	1339.250	0	0	0	0.00	-135.000	-135.000	225.000	36.527
2025-01-01T02:37:21.003492  18924	19.421	19.351	21.275	24.015	18.857	27.560	26.835	23.209	22.081	29.978	50.229	50.161	23.487	1317.050	0	0	0	0.00	-135.000	-135.000	225.000	36.527
2025-01-01T02:37:22.203635  18925	19.421	19.358	21.275	24.176	18.777	27.480	26.835	23.370	22.081	30.139	50.230	50.403	23.568	1296.937	0	0	0	0.00	-135.000	-135.000	225.000	36.527
2025-01-01T02:37:23.403618  18926	19.341	19.356	21.355	24.256	18.857	27.560	26.755	23.531	21.839	29.978	50.232	50.403	23.649	1298.906	0	0	0	0.00	-135.000	-135.000	225.000	36.527
2025-01-01T02:37:24.603774  18927	19.099	19.330	21.355	24.095	18.857	27.560	26.835	23.692	21.597	30.139	50.208	50.242	23.729	1361.370	0	0	0	0.00	-135.000	-135.000	225.000	36.527
2025-01-01T02:37:25.803698  18928	19.421	19.339	21.194	24.418	18.857	27.319	27.077	23.289	22.081	30.300	50.204	50.242	23.729	1335.577	0	0	0	0.00	-135.000	-135.000	225.000	36.527
2025-01-01T02:37:27.003808  18929	19.260	19.332	21.194	24.095	18.938	27.560	26.835	23.289	21.678	30.059	50.216	50.242	23.487	1353.443	0	0	0	0.00	-135.000	-135.000	225.000	36.527
2025-01-01T02:37:28.203817  18930	19.260	19.324	21.355	24.095	18.938	27.560	26.916	23.531	22.081	29.897	50.194	50.242	23.649	1369.018	0	0	0	0.00	-135.000	-135.000	225.000	36.527
2025-01-01T02:37:29.403832  18931	19.260	19.318	21.194	24.176	18.857	27.399	26.916	23.451	21.919	30.059	50.199	50.242	23.649	1382.853	0	0	0	0.00	-135.000	-135.000	225.000	36.527
2025-01-01T02:37:30.603878  18932	19.099	19.296	21.194	24.176	18.696	27.399	26.674	23.048	21.839	29.897	50.203	50.242	23.487	1435.850	0	0	0	0.00	-135.000	-135.000	225.000	36.527
2025-01-01T02:37:31.803916  18933	19.260	19.292	21.275	24.176	18.454	27.399	26.916	23.451	21.678	29.817	50.199	50.323	23.568	1442.430	0	0	0	0.00	-135.000	-135.000	225.000	36.527
2025-01-01T02:37:33.003891  18934	19.260	19.289	21.033	24.095	18.696	27.319	26.593	23.209	21.839	29.897	50.203	50.000	23.487	1448.490	0	0	0	0.00	-135.000	-135.000	225.000	36.527
2025-01-01T02:37:34.204004  18935	19.421	19.302	20.952	24.176	18.615	27.399	26.916	23.289	21.436	30.220	50.207	50.161	23.487	1413.033	0	0	0	0.00	-135.000	-135.000	225.000	36.527
2025-01-01T02:37:35.404211  18936	19.179	19.290	21.355	24.176	18.777	27.480	26.755	23.612	21.678	30.220	50.203	50.161	23.568	1442.244	0	0	0	0.00	-135.000	-135.000	225.000	36.527
2025-01-01T02:37:36.604020  18937	19.341	19.295	21.194	23.934	18.615	27.560	26.755	23.692	21.597	30.300	50.207	50.161	23.568	1427.195	0	0	0	0.00	-135.000	-135.000	225.000	36.527
2025-01-01T02:37:37.804194  18938	19.421	19.308	21.194	23.934	18.777	27.560	26.755	23.692	21.839	30.139	50.202	50.161	23.407	1393.370	0	0	0	0.00	-135.000	-135.000	225.000	36.527
2025-01-01T02:37:39.004182  18939	19.341	19.311	21.275	24.176	18.696	27.319	26.835	23.773	21.919	29.978	50.190	50.081	23.568	1383.158	0	0	0	0.00	-135.000	-135.000	225.000	36.527
2025-01-01T02:37:40.204290  18940	19.421	19.322	21.194	24.176	18.696	27.480	26.674	23.531	21.678	29.817	50.195	50.242	23.487	1353.207	0	0	0	0.00	-135.000	-135.000	225.000	36.527
2025-01-01T02:37:41.404163  18941	19.179	19.308	21.275	24.176	18.615	27.641	26.674	23.370	21.758	30.139	50.200	50.242	23.568	1387.206	0	0	0	0.00	-135.000	-135.000	225.000	36.527
2025-01-01T02:37:42.604343  18942	19.502	19.327	21.114	24.176	18.696	27.319	26.916	23.531	21.839	29.978	50.204	50.242	23.568	1335.743	0	0	0	0.00	-135.000	-135.000	225.000	36.527
2025-01-01T02:37:43.804410  18943	19.018	19.296	21.275	24.095	18.696	27.238	26.593	23.289	22.000	29.656	50.216	50.242	23.487	1411.903	0	0	0	0.00	-135.000	-135.000	225.000	36.527
2025-01-01T02:37:45.004449  18944	19.179	19.285	20.952	24.095	18.615	27.399	26.835	23.612	21.678	30.059	50.218	50.242	23.487	1438.738	0	0	0	0.00	-135.000	-135.000	225.000	36.527
2025-01-01T02:37:46.204367  18945	19.179	19.274	21.194	24.015	18.615	27.560	26.593	23.289	22.161	30.139	50.221	50.242	23.487	1463.083	0	0	0	0.00	-135.000	-135.000	225.000	36.527
2025-01-01T02:37:47.404500  18946	19.341	19.281	20.952	24.095	18.777	27.319	26.674	23.128	21.678	29.978	50.215	50.242	23.568	1444.142	0	0	0	0.00	-135.000	-135.000	225.000	36.527
2025-01-01T02:37:48.604438  18947	19.341	19.287	21.033	24.256	18.535	27.399	26.674	23.289	21.839	30.139	50.218	50.323	23.649	1427.180	0	0	0	0.00	-135.000	-135.000	225.000	36.527
2025-01-01T02:37:49.804493  18948	19.179	19.276	21.114	24.095	18.535	27.319	26.916	23.531	21.919	30.059	50.220	50.323	23.568	1452.404	0	0	0	0.00	-135.000	-135.000	225.000	36.527
2025-01-01T02:37:51.004536  18949	19.260	19.274	20.952	24.015	18.696	27.480	26.755	23.370	21.758	29.978	50.230	50.161	23.407	1454.292	0	0	0	0.00	-135.000	-135.000	225.000	36.527
2025-01-01T02:37:52.204584  18950	19.018	19.249	21.114	24.095	18.374	27.399	26.755	23.370	21.678	29.978	50.231	50.161	23.487	1517.065	0	0	0	0.00	-135.000	-135.000	225.000	36.527
2025-01-01T02:37:53.404658  18951	19.421	19.266	20.711	24.015	18.454	27.480	26.755	23.209	21.597	29.897	50.232	50.161	23.407	1471.244	0	0	0	0.00	-135.000	-135.000	225.000	36.527
2025-01-01T02:37:54.604741  18952	19.099	19.249	20.872	24.337	18.212	27.641	26.996	23.451	21.839	29.897	50.233	50.323	23.568	1511.972	0	0	0	0.00	-135.000	-135.000	225.000	36.527
2025-01-01T02:37:55.804978  18953	19.260	19.250	20.791	24.095	18.374	27.480	26.674	23.128	21.758	30.139	50.234	50.161	23.407	1507.183	0	0	0	0.00	-135.000	-135.000	225.000	36.527
2025-01-01T02:37:57.004763  18954	19.099	19.235	21.114	24.176	18.535	27.319	26.755	23.451	21.678	30.059	50.235	50.161	23.487	1543.741	0	0	0	0.00	-135.000	-135.000	225.000	36.527
2025-01-01T02:37:58.204793  18955	19.179	19.230	21.033	24.095	18.374	27.480	26.674	23.451	22.000	29.978	50.220	50.161	23.649	1555.889	0	0	0	0.00	-135.000	-135.000	225.000	36.527
2025-01-01T02:37:59.404855  18956	19.341	19.241	20.872	24.015	18.374	27.399	26.755	23.289	21.597	29.978	50.222	50.242	23.487	1526.128	0	0	0	0.00	-135.000	-135.000	225.000	36.527
2025-01-01T02:38:00.604897  18957	19.179	19.235	20.952	23.853	18.535	27.399	26.674	23.209	21.678	29.978	50.224	50.323	23.407	1540.155	0	0	0	0.00	-135.000	-135.000	225.000	36.527
2025-01-01T02:38:01.805005  18958	19.179	19.229	20.872	24.176	18.454	27.399	26.674	23.692	21.436	29.897	50.210	50.242	23.568	1552.334	0	0	0	0.00	-135.000	-135.000	225.000	36.527
2025-01-01T02:38:03.004968  18959	19.260	19.232	21.033	24.015	18.535	27.399	26.593	23.612	21.597	29.897	50.181	50.161	23.649	1542.806	0	0	0	0.00	-135.000	-135.000	225.000	36.527
2025-01-01T02:38:04.205017  18960	19.260	19.235	20.791	24.015	18.293	27.560	26.674	23.370	21.839	29.978	50.187	50.323	23.487	1534.210	0	0	0	0.00	-135.000	-135.000	225.000	36.527
2025-01-01T02:38:05.405139  18961	19.260	19.238	20.872	24.015	18.374	27.560	26.755	23.128	21.597	30.220	50.184	50.242	23.487	1526.292	0	0	0	0.00	-135.000	-135.000	225.000	36.527
2025-01-01T02:38:06.605259  18962	18.938	19.208	20.952	24.095	18.293	27.319	26.593	23.612	21.919	29.817	50.198	50.403	23.729	1600.438	0	0	0	0.00	-135.000	-135.000	225.000	36.527
2025-01-01T02:38:07.805139  18963	19.018	19.189	21.033	24.095	18.132	27.480	26.593	23.451	21.919	30.059	50.194	50.242	23.649	1646.204	0	0	0	0.00	-135.000	-135.000	225.000	36.527
2025-01-01T02:38:09.005296  18964	18.857	19.155	21.114	24.015	18.132	27.319	26.593	23.612	21.758	29.978	50.199	50.161	23.407	1728.269	0	0	0	0.00	-135.000	-135.000	225.000	36.527
2025-01-01T02:38:10.205304  18965	19.018	19.142	21.033	24.095	18.212	27.480	26.593	23.370	21.758	29.897	50.211	50.323	23.487	1761.178	0	0	0	0.00	-135.000	-135.000	225.000	36.527
2025-01-01T02:38:11.405385  18966	19.099	19.137	21.355	24.095	18.132	27.399	26.835	23.289	21.597	29.736	50.206	50.242	23.568	1770.741	0	0	0	0.00	-135.000	-135.000	225.000	36.527
2025-01-01T02:38:12.605325  18967	19.179	19.142	21.033	24.095	18.293	27.238	26.916	23.289	21.839	29.736	50.210	50.323	23.568	1759.075	0	0	0	0.00	-135.000	-135.000	225.000	36.527
2025-01-01T02:38:13.805359  18968	19.260	19.154	21.194	23.853	18.293	27.480	26.755	23.451	21.597	29.978	50.205	50.242	23.407	1728.250	0	0	0	0.00	-135.000	-135.000	225.000	36.527
2025-01-01T02:38:15.005382  18969	19.099	19.148	21.114	23.934	18.293	27.641	26.835	23.531	21.678	29.897	50.201	50.161	23.568	1741.212	0	0	0	0.00	-135.000	-135.000	225.000	36.527
2025-01-01T02:38:16.205570  18970	19.099	19.143	21.275	24.015	18.374	27.319	26.835	23.370	21.516	29.817	50.181	50.161	23.649	1752.487	0	0	0	0.00	-135.000	-135.000	225.000	36.527
2025-01-01T02:38:17.405664  18971	19.018	19.131	20.952	24.015	18.212	27.319	26.755	23.531	21.839	29.817	50.171	50.242	23.649	1782.928	0	0	0	0.00	-135.000	-135.000	225.000	36.527
2025-01-01T02:38:18.605755  18972	19.099	19.127	21.194	24.095	18.212	27.319	26.916	23.370	21.678	29.817	50.170	50.242	23.568	1789.789	0	0	0	0.00	-135.000	-135.000	225.000	36.527
2025-01-01T02:38:19.805577  18973	19.018	19.117	21.114	24.095	18.293	27.560	26.593	23.773	21.678	29.656	50.169	50.323	23.487	1816.417	0	0	0	0.00	-135.000	-135.000	225.000	36.527
2025-01-01T02:38:21.005838  18974	18.938	19.099	21.114	24.095	18.374	27.560	26.835	23.451	21.355	30.059	50.176	50.081	23.407	1860.574	0	0	0	0.00	-135.000	-135.000	225.000	36.527
2025-01-01T02:38:22.205741  18975	18.938	19.083	21.114	24.095	18.212	27.319	26.835	23.692	21.758	29.897	50.167	50.242	23.568	1900.195	0	0	0	0.00	-135.000	-135.000	225.000	36.527
2025-01-01T02:38:23.405781  18976	18.938	19.068	20.952	24.015	18.132	27.399	26.835	23.370	21.678	29.978	50.166	50.242	23.568	1935.902	0	0	0	0.00	-135.000	-135.000	225.000	36.527
2025-01-01T02:38:24.605881  18977	19.099	19.071	21.275	24.256	18.132	27.238	26.674	23.531	21.597	29.978	50.158	50.081	23.649	1927.352	0	0	0	0.00	-135.000	-135.000	225.000	36.527
2025-01-01T02:38:25.805859  18978	18.857	19.050	21.355	23.934	18.293	27.399	26.755	23.692	21.597	29.736	50.158	50.242	23.407	1981.004	0	0	0	0.00	-135.000	-135.000	225.000	36.527
2025-01-01T02:38:27.005969  18979	19.099	19.055	21.436	23.934	18.132	27.480	26.674	23.773	21.436	29.656	50.158	50.242	23.407	1967.811	0	0	0	0.00	-135.000	-135.000	225.000	36.527
2025-01-01T02:38:28.205943  18980	19.018	19.051	21.275	23.853	18.132	27.319	26.593	23.128	21.678	29.897	50.159	50.161	23.487	1976.718	0	0	0	0.00	-135.000	-135.000	225.000	36.527
2025-01-01T02:38:29.405961  18981	19.018	19.048	21.275	24.095	17.971	27.319	26.674	23.531	21.516	29.817	50.151	50.161	23.568	1984.559	0	0	0	0.00	-135.000	-135.000	225.000	36.527
2025-01-01T02:38:30.606003  18982	18.857	19.029	21.436	23.934	18.212	27.641	26.432	23.451	21.436	29.736	50.144	50.161	23.568	2032.333	0	0	0	0.00	-135.000	-135.000	225.000	36.527
2025-01-01T02:38:31.806152  18983	19.018	19.028	21.194	24.095	18.132	27.399	26.432	23.451	21.436	29.978	50.154	50.161	23.407	2034.378	0	0	0	0.00	-135.000	-135.000	225.000	36.527
2025-01-01T02:38:33.006090  18984	18.857	19.011	21.436	24.015	17.890	27.480	26.593	23.289	21.597	29.736	50.171	50.323	23.407	2077.258	0	0	0	0.00	-135.000	-135.000	225.000	36.527
2025-01-01T02:38:34.206216  18985	18.857	18.995	21.436	24.176	18.132	27.560	26.755	23.612	21.758	29.656	50.170	50.403	23.487	2115.628	0	0	0	0.00	-135.000	-135.000	225.000	36.527
2025-01-01T02:38:35.406138  18986	19.018	18.998	21.355	24.095	18.051	27.077	26.674	23.209	21.516	29.656	50.185	50.161	23.407	2109.531	0	0	0	0.00	-135.000	-135.000	225.000	36.527
2025-01-01T02:38:36.606198  18987	18.857	18.984	21.597	24.095	17.890	27.480	26.513	23.209	21.758	29.575	50.191	50.242	23.326	2145.083	0	0	0	0.00	-135.000	-135.000	225.000	36.527
2025-01-01T02:38:37.806257  18988	19.018	18.987	21.678	23.853	18.212	27.399	26.593	23.289	21.355	30.059	50.196	50.242	23.407	2136.126	0	0	0	0.00	-135.000	-135.000	225.000	36.527
2025-01-01T02:38:39.006289  18989	18.938	18.982	21.758	24.015	18.374	27.319	26.755	23.773	21.597	29.897	50.200	50.323	23.487	2148.741	0	0	0	0.00	-135.000	-135.000	225.000	36.527
2025-01-01T02:38:40.206450  18990	19.018	18.986	21.758	24.176	18.212	27.399	26.674	23.531	21.597	29.817	50.205	50.242	23.487	2139.610	0	0	0	0.00	-135.000	-135.000	225.000	36.527
2025-01-01T02:38:41.406457  18991	18.938	18.981	21.919	23.934	18.132	27.238	26.432	23.451	21.194	29.978	50.200	50.161	23.407	2151.904	0	0	0	0.00	-135.000	-135.000	225.000	36.527
2025-01-01T02:38:42.606534  18992	18.777	18.960	21.678	24.095	18.212	27.399	26.835	23.773	21.355	29.656	50.196	50.242	23.487	2203.582	0	0	0	0.00	-135.000	-135.000	225.000	36.527
2025-01-01T02:38:43.806505  18993	18.938	18.958	22.081	24.015	18.454	27.399	26.835	23.531	21.678	30.059	50.193	50.242	23.568	2209.200	0	0	0	0.00	-135.000	-135.000	225.000	36.527
2025-01-01T02:38:45.006556  18994	18.938	18.956	21.919	24.337	18.293	27.560	26.674	23.048	21.597	29.817	50.182	50.000	23.487	2214.619	0	0	0	0.00	-135.000	-135.000	225.000	36.527
2025-01-01T02:38:46.206546  18995	18.938	18.954	21.919	24.256	18.374	27.641	26.835	23.531	21.516	29.978	50.180	50.161	23.487	2219.541	0	0	0	0.00	-135.000	-135.000	225.000	36.527
2025-01-01T02:38:47.406713  18996	18.857	18.945	21.919	24.095	18.454	27.560	26.674	23.692	21.355	29.736	50.194	50.323	23.487	2244.376	0	0	0	0.00	-135.000	-135.000	225.000	36.527
2025-01-01T02:38:48.606630  18997	19.018	18.952	22.242	24.015	18.293	27.399	26.755	23.531	21.758	29.817	50.183	50.323	23.568	2225.941	0	0	0	0.00	-135.000	-135.000	225.000	36.527
2025-01-01T02:38:49.806800  18998	18.857	18.942	21.919	24.015	18.212	27.560	26.674	23.209	21.839	29.817	50.180	50.242	23.487	2250.384	0	0	0	0.00	-135.000	-135.000	225.000	36.527
2025-01-01T02:38:51.006783  18999	19.018	18.950	22.161	24.095	18.293	27.560	26.755	23.692	21.678	29.656	50.187	50.323	23.487	2231.433	0	0	0	0.00	-135.000	-135.000	225.000	36.527
2025-01-01T02:38:52.206820  19000	18.857	18.941	22.081	24.256	18.212	27.399	26.593	23.531	21.516	29.575	50.168	50.161	23.568	2255.417	0	0	0	0.00	-135.000	-135.000	225.000	36.527
2025-01-01T02:38:53.406862  19001	18.857	18.932	21.839	24.015	18.293	27.480	26.593	23.370	21.758	29.897	50.175	50.242	23.326	2276.781	0	0	0	0.00	-135.000	-135.000	225.000	36.527
2025-01-01T02:38:54.606843  19002	18.938	18.933	21.919	24.176	18.293	27.319	26.835	23.531	21.597	29.897	50.166	50.242	23.568	2275.742	0	0	0	0.00	-135.000	-135.000	225.000	36.527
2025-01-01T02:38:55.806880  19003	19.018	18.941	22.322	24.256	18.293	27.480	26.593	23.773	21.678	29.817	50.174	50.242	23.568	2254.648	0	0	0	0.00	-135.000	-135.000	225.000	36.527
2025-01-01T02:38:57.006990  19004	19.179	18.965	22.242	24.337	18.212	27.319	26.835	23.451	21.436	29.495	50.172	50.161	23.568	2195.086	0	0	0	0.00	-135.000	-135.000	225.000	36.527
2025-01-01T02:38:58.206964  19005	18.938	18.963	22.242	24.095	18.132	27.319	26.674	23.531	21.678	29.656	50.179	50.323	23.407	2202.770	0	0	0	0.00	-135.000	-135.000	225.000	36.527
2025-01-01T02:38:59.407213  19006	19.018	18.968	22.161	24.256	18.374	27.480	26.755	23.773	21.436	29.736	50.194	50.323	23.487	2188.879	0	0	0	0.00	-135.000	-135.000	225.000	36.527
2025-01-01T02:39:00.607093  19007	18.938	18.965	22.322	23.934	18.454	27.319	26.593	23.612	21.436	29.656	50.198	50.323	23.407	2196.892	0	0	0	0.00	-135.000	-135.000	225.000	36.527
2025-01-01T02:39:01.807104  19008	19.018	18.970	22.242	24.337	18.293	27.641	26.835	23.289	21.597	29.736	50.195	50.242	23.568	2183.618	0	0	0	0.00	-135.000	-135.000	225.000	36.527
2025-01-01T02:39:03.007200  19009	19.018	18.975	22.403	24.015	18.293	27.238	26.835	23.531	21.597	29.495	50.191	50.242	23.487	2171.820	0	0	0	0.00	-135.000	-135.000	225.000	36.527
2025-01-01T02:39:04.207251  19010	18.938	18.971	22.081	24.095	18.212	27.319	26.593	23.692	21.758	29.656	50.196	50.323	23.326	2181.555	0	0	0	0.00	-135.000	-135.000	225.000	36.527
2025-01-01T02:39:05.407294  19011	18.938	18.968	22.242	24.256	18.374	27.399	26.835	23.451	21.758	29.736	50.185	50.242	23.568	2190.197	0	0	0	0.00	-135.000	-135.000	225.000	36.527
2025-01-01T02:39:06.607409  19012	18.938	18.965	22.081	24.015	18.374	27.560	26.593	23.531	21.516	29.897	50.191	50.161	23.326	2198.021	0	0	0	0.00	-135.000	-135.000	225.000	36.527
2025-01-01T02:39:07.807508  19013	18.857	18.954	22.403	23.934	18.374	27.319	26.755	23.289	21.436	29.736	50.172	50.242	23.568	2225.472	0	0	0	0.00	-135.000	-135.000	225.000	36.527
2025-01-01T02:39:09.007741  19014	19.018	18.961	22.322	24.095	18.132	27.480	26.755	23.451	21.678	29.817	50.179	50.242	23.407	2209.386	0	0	0	0.00	-135.000	-135.000	225.000	36.527
2025-01-01T02:39:10.207397  19015	18.857	18.950	22.242	24.015	18.212	27.399	26.835	23.612	21.678	29.495	50.177	50.242	23.487	2235.947	0	0	0	0.00	-135.000	-135.000	225.000	36.527
2025-01-01T02:39:11.407672  19016	18.857	18.941	22.564	24.095	18.454	27.399	26.674	23.612	21.758	29.817	50.167	50.242	23.487	2259.628	0	0	0	0.00	-135.000	-135.000	225.000	36.527
2025-01-01T02:39:12.607555  19017	19.018	18.949	22.403	24.176	18.293	27.238	26.593	23.692	21.597	29.575	50.151	50.081	23.568	2240.315	0	0	0	0.00	-135.000	-135.000	225.000	36.527
2025-01-01T02:39:13.807562  19018	18.938	18.948	22.242	24.095	18.293	27.480	26.513	23.531	21.355	29.736	50.136	50.161	23.487	2243.605	0	0	0	0.00	-135.000	-135.000	225.000	36.527
2025-01-01T02:39:15.007635  19019	19.018	18.955	22.242	24.337	18.212	27.722	26.674	23.370	21.919	29.656	50.138	50.242	23.487	2226.082	0	0	0	0.00	-135.000	-135.000	225.000	36.527
2025-01-01T02:39:16.207763  19020	18.857	18.945	22.322	24.337	18.132	27.560	26.755	23.289	21.678	29.575	50.132	50.242	23.568	2251.190	0	0	0	0.00	-135.000	-135.000	225.000	36.527
2025-01-01T02:39:17.407868  19021	18.857	18.936	22.242	24.095	18.374	27.399	26.835	23.451	21.516	29.736	50.143	50.403	23.407	2273.566	0	0	0	0.00	-135.000	-135.000	225.000	36.527
2025-01-01T02:39:18.607842  19022	18.857	18.928	22.322	24.256	18.132	27.319	26.674	23.612	21.516	29.575	50.137	50.242	23.487	2293.801	0	0	0	0.00	-135.000	-135.000	225.000	36.527
2025-01-01T02:39:19.807882  19023	18.777	18.913	22.484	24.256	18.051	27.560	26.432	23.128	21.678	29.575	50.148	50.242	23.326	2332.478	0	0	0	0.00	-135.000	-135.000	225.000	36.527
2025-01-01T02:39:21.007803  19024	18.777	18.899	22.484	24.015	18.293	27.480	26.593	23.370	21.597	29.817	50.149	50.242	23.326	2367.283	0	0	0	0.00	-135.000	-135.000	225.000	36.527
2025-01-01T02:39:22.207838  19025	18.857	18.895	22.564	24.176	18.212	27.560	26.674	23.289	21.597	29.575	50.158	50.323	23.487	2378.400	0	0	0	0.00	-135.000	-135.000	225.000	36.527
2025-01-01T02:39:23.408007  19026	18.938	18.899	22.645	24.015	18.454	27.480	26.674	23.612	21.516	29.575	50.175	50.323	23.407	2368.300	0	0	0	0.00	-135.000	-135.000	225.000	36.527
2025-01-01T02:39:24.607916  19027	19.099	18.919	22.322	24.176	18.293	27.641	26.593	23.209	21.678	29.575	50.181	50.323	23.407	2318.688	0	0	0	0.00	-135.000	-135.000	225.000	36.527
2025-01-01T02:39:25.808154  19028	18.857	18.913	22.806	24.015	18.374	27.560	26.755	23.692	21.678	29.736	50.187	50.323	23.407	2335.383	0	0	0	0.00	-135.000	-135.000	225.000	36.527
2025-01-01T02:39:27.008069  19029	18.938	18.916	22.725	24.176	18.454	27.399	26.593	23.692	21.678	29.575	50.169	50.161	23.487	2329.663	0	0	0	0.00	-135.000	-135.000	225.000	36.527
2025-01-01T02:39:28.208120  19030	18.857	18.910	22.242	24.015	18.454	27.560	26.593	23.048	21.678	29.736	50.168	50.242	23.407	2345.080	0	0	0	0.00	-135.000	-135.000	225.000	36.527
2025-01-01T02:39:29.408258  19031	18.777	18.896	22.564	24.015	18.293	27.319	26.835	23.692	21.355	29.897	50.167	50.242	23.407	2379.262	0	0	0	0.00	-135.000	-135.000	225.000	36.527
2025-01-01T02:39:30.608208  19032	18.777	18.884	22.564	24.176	18.132	27.560	26.755	23.289	21.516	29.495	50.175	50.161	23.407	2410.018	0	0	0	0.00	-135.000	-135.000	225.000	36.527
2025-01-01T02:39:31.808380  19033	19.018	18.898	22.484	24.095	18.454	27.480	26.674	23.531	21.597	29.414	50.165	50.242	23.568	2376.765	0	0	0	0.00	-135.000	-135.000	225.000	36.527
2025-01-01T02:39:33.008320  19034	19.018	18.910	22.564	24.015	18.374	27.480	26.755	23.451	21.678	29.656	50.165	50.242	23.326	2347.306	0	0	0	0.00	-135.000	-135.000	225.000	36.527
2025-01-01T02:39:34.208436  19035	18.857	18.905	22.484	24.176	18.212	27.399	26.755	23.289	21.678	29.656	50.165	50.242	23.326	2361.509	0	0	0	0.00	-135.000	-135.000	225.000	36.527
2025-01-01T02:39:35.408310  19036	18.857	18.900	22.645	23.934	18.293	27.399	26.755	23.531	21.436	29.897	50.164	50.161	23.326	2374.068	0	0	0	0.00	-135.000	-135.000	225.000	36.527
2025-01-01T02:39:36.608414  19037	19.099	18.920	22.484	24.095	18.212	27.238	26.593	23.692	21.919	29.736	50.164	50.323	23.407	2324.383	0	0	0	0.00	-135.000	-135.000	225.000	36.527
2025-01-01T02:39:37.808388  19038	18.938	18.922	22.645	24.015	18.212	27.480	26.593	23.370	21.597	29.414	50.148	50.242	23.487	2320.807	0	0	0	0.00	-135.000	-135.000	225.000	36.527
2025-01-01T02:39:39.008441  19039	19.179	18.947	22.725	24.015	18.374	27.560	26.755	23.531	21.678	29.736	50.149	50.081	23.165	2256.218	0	0	0	0.00	-135.000	-135.000	225.000	36.527
2025-01-01T02:39:40.208479  19040	18.938	18.946	22.564	24.095	18.212	27.319	26.513	23.370	21.597	29.897	50.158	50.161	23.407	2259.536	0	0	0	0.00	-135.000	-135.000	225.000	36.527
2025-01-01T02:39:41.408693  19041	19.018	18.954	22.484	24.095	18.374	27.319	26.755	23.370	21.516	29.656	50.159	50.242	23.407	2241.721	0	0	0	0.00	-135.000	-135.000	225.000	36.527
2025-01-01T02:39:42.608636  19042	19.018	18.960	22.484	24.015	18.293	27.480	26.674	23.209	21.597	29.575	50.175	50.161	23.407	2225.836	0	0	0	0.00	-135.000	-135.000	225.000	36.527
2025-01-01T02:39:43.808841  19043	18.938	18.958	22.725	24.095	18.454	27.480	26.593	23.289	21.839	29.495	50.190	50.403	23.487	2231.889	0	0	0	0.00	-135.000	-135.000	225.000	36.527
2025-01-01T02:39:45.008718  19044	19.018	18.964	22.725	24.095	18.212	27.399	26.593	23.370	21.839	29.575	50.195	50.161	23.326	2216.855	0	0	0	0.00	-135.000	-135.000	225.000	36.527
2025-01-01T02:39:46.208838  19045	18.938	18.961	22.564	24.095	18.212	27.238	26.835	23.692	21.678	29.575	50.184	50.242	23.568	2223.837	0	0	0	0.00	-135.000	-135.000	225.000	36.527
2025-01-01T02:39:47.408949  19046	18.857	18.951	22.564	24.256	18.212	27.319	26.674	23.289	21.678	29.575	50.189	50.242	23.568	2250.368	0	0	0	0.00	-135.000	-135.000	225.000	36.527
2025-01-01T02:39:48.608888  19047	18.938	18.950	22.564	24.095	18.293	27.480	26.755	23.612	21.436	29.656	50.187	50.242	23.326	2253.820	0	0	0	0.00	-135.000	-135.000	225.000	36.527
2025-01-01T02:39:49.809173  19048	18.938	18.948	22.725	24.095	18.212	27.399	26.755	23.289	21.516	29.656	50.192	50.242	23.407	2257.130	0	0	0	0.00	-135.000	-135.000	225.000	36.527
2025-01-01T02:39:51.009099  19049	18.857	18.939	22.725	24.095	18.212	27.399	26.593	23.370	21.678	29.656	50.189	50.242	23.326	2280.516	0	0	0	0.00	-135.000	-135.000	225.000	36.527
2025-01-01T02:39:52.208985  19050	18.857	18.931	22.725	24.015	18.212	27.319	26.755	23.289	21.758	29.656	50.186	50.323	23.326	2301.504	0	0	0	0.00	-135.000	-135.000	225.000	36.527
2025-01-01T02:39:53.409016  19051	19.018	18.940	22.564	24.176	18.293	27.238	26.674	23.370	21.597	29.656	50.192	50.242	23.407	2279.767	0	0	0	0.00	-135.000	-135.000	225.000	36.527
2025-01-01T02:39:54.609248  19052	18.777	18.923	22.886	24.176	18.293	27.641	26.513	23.370	21.516	29.656	50.189	50.242	23.326	2321.602	0	0	0	0.00	-135.000	-135.000	225.000	36.527
2025-01-01T02:39:55.809033  19053	19.018	18.933	22.484	24.176	18.454	27.560	26.835	23.370	21.678	29.736	50.186	50.242	23.407	2297.837	0	0	0	0.00	-135.000	-135.000	225.000	36.527
2025-01-01T02:39:57.009086  19054	19.018	18.941	22.564	24.015	18.374	27.480	26.674	23.128	21.355	29.817	50.192	50.161	23.407	2276.918	0	0	0	0.00	-135.000	-135.000	225.000	36.527
2025-01-01T02:39:58.209263  19055	19.099	18.957	22.806	23.853	18.454	27.399	26.674	23.451	21.597	29.736	50.197	50.161	23.407	2237.715	0	0	0	0.00	-135.000	-135.000	225.000	36.527
2025-01-01T02:39:59.409247  19056	18.857	18.947	22.886	24.176	18.293	27.560	26.755	23.531	21.758	29.575	50.185	50.242	23.568	2263.615	0	0	0	0.00	-135.000	-135.000	225.000	36.527
2025-01-01T02:40:00.609210  19057	19.099	18.962	22.564	24.015	18.374	27.399	26.593	23.289	21.436	29.736	50.191	50.242	23.407	2225.452	0	0	0	0.00	-135.000	-135.000	225.000	36.527
2025-01-01T02:40:01.809253  19058	19.179	18.984	22.725	24.015	18.535	27.238	26.755	23.370	21.678	29.897	50.196	50.242	23.407	2171.154	0	0	0	0.00	-135.000	-135.000	225.000	36.527
2025-01-01T02:40:03.009291  19059	19.099	18.996	22.645	24.095	18.374	27.722	26.835	23.209	21.919	29.736	50.184	50.323	23.487	2142.684	0	0	0	0.00	-135.000	-135.000	225.000	36.527
2025-01-01T02:40:04.209560  19060	19.018	18.998	22.645	24.095	18.615	27.480	26.835	23.612	21.678	29.495	50.206	50.403	23.729	2137.194	0	0	0	0.00	-135.000	-135.000	225.000	36.527
2025-01-01T02:40:05.409378  19061	19.099	19.008	22.806	23.853	18.535	27.319	26.674	23.451	21.597	29.656	50.194	50.242	23.326	2111.719	0	0	0	0.00	-135.000	-135.000	225.000	36.527
2025-01-01T02:40:06.609669  19062	19.099	19.017	22.725	24.015	18.615	27.399	26.755	23.289	21.516	29.656	50.182	50.242	23.407	2088.880	0	0	0	0.00	-135.000	-135.000	225.000	36.527
2025-01-01T02:40:07.809603  19063	19.099	19.025	22.564	23.853	18.696	27.319	26.755	23.531	21.678	29.495	50.196	50.161	23.487	2068.255	0	0	0	0.00	-135.000	-135.000	225.000	36.527
2025-01-01T02:40:09.009513  19064	18.938	19.016	22.725	24.176	18.535	27.238	26.755	23.692	21.678	29.736	50.209	50.323	23.487	2090.351	0	0	0	0.00	-135.000	-135.000	225.000	36.527
2025-01-01T02:40:10.209619  19065	19.099	19.025	22.806	24.176	18.535	27.399	26.593	23.370	21.597	29.495	50.188	50.161	23.649	2069.234	0	0	0	0.00	-135.000	-135.000	225.000	36.527
2025-01-01T02:40:11.409665  19066	19.018	19.024	22.725	24.015	18.454	27.641	26.674	23.692	21.839	29.575	50.202	50.242	23.487	2070.845	0	0	0	0.00	-135.000	-135.000	225.000	36.527
2025-01-01T02:40:12.609810  19067	18.938	19.015	22.564	23.934	18.535	27.238	26.674	23.692	21.597	29.656	50.206	50.323	23.326	2092.484	0	0	0	0.00	-135.000	-135.000	225.000	36.527
2025-01-01T02:40:13.809706  19068	19.018	19.016	22.564	24.337	18.615	27.480	26.755	23.370	21.839	29.575	50.217	50.323	23.487	2091.480	0	0	0	0.00	-135.000	-135.000	225.000	36.527
2025-01-01T02:40:15.009732  19069	19.099	19.024	22.564	24.015	18.535	27.399	26.835	23.451	21.839	29.575	50.196	50.242	23.326	2070.361	0	0	0	0.00	-135.000	-135.000	225.000	36.527
2025-01-01T02:40:16.210029  19070	19.099	19.032	22.564	24.015	18.615	27.641	26.996	23.612	21.436	29.817	50.208	50.323	23.487	2051.445	0	0	0	0.00	-135.000	-135.000	225.000	36.527
2025-01-01T02:40:17.410041  19071	19.260	19.054	22.564	24.176	18.454	27.560	26.755	23.531	21.516	29.736	50.196	50.242	23.407	1993.623	0	0	0	0.00	-135.000	-135.000	225.000	36.527
2025-01-01T02:40:18.609863  19072	19.179	19.067	22.564	24.095	18.374	27.722	26.593	23.612	21.839	29.656	50.192	50.323	23.649	1962.085	0	0	0	0.00	-135.000	-135.000	225.000	36.527
2025-01-01T02:40:19.809905  19073	19.260	19.086	22.886	24.176	18.293	27.641	26.835	23.289	21.758	29.817	50.181	50.323	23.487	1913.052	0	0	0	0.00	-135.000	-135.000	225.000	36.527
2025-01-01T02:40:21.010373  19074	18.938	19.071	22.725	24.095	18.454	27.319	26.916	23.531	21.758	29.656	50.171	50.323	23.407	1950.357	0	0	0	0.00	-135.000	-135.000	225.000	36.527
2025-01-01T02:40:22.210375  19075	18.938	19.058	22.564	24.256	18.374	27.399	26.674	23.531	21.758	29.656	50.178	50.323	23.407	1983.329	0	0	0	0.00	-135.000	-135.000	225.000	36.527
2025-01-01T02:40:23.410162  19076	18.938	19.046	22.806	24.176	18.615	27.480	26.593	23.370	21.678	29.575	50.168	50.242	23.729	2013.049	0	0	0	0.00	-135.000	-135.000	225.000	36.527
2025-01-01T02:40:24.610145  19077	19.018	19.043	22.484	23.934	18.615	27.399	26.755	23.128	21.516	29.897	50.168	50.242	23.326	2019.476	0	0	0	0.00	-135.000	-135.000	225.000	36.527
2025-01-01T02:40:25.810125  19078	19.179	19.057	22.403	24.256	18.535	27.560	26.916	23.451	21.516	29.736	50.175	50.242	23.487	1984.680	0	0	0	0.00	-135.000	-135.000	225.000	36.527
2025-01-01T02:40:27.010237  19079	18.938	19.045	22.322	23.934	18.535	27.480	26.674	23.289	21.516	29.736	50.182	50.161	23.407	2014.655	0	0	0	0.00	-135.000	-135.000	225.000	36.527
2025-01-01T02:40:28.210292  19080	19.179	19.058	22.161	24.176	18.535	27.480	26.835	23.612	21.758	29.495	50.188	50.242	23.487	1980.098	0	0	0	0.00	-135.000	-135.000	225.000	36.527
2025-01-01T02:40:29.410253  19081	18.857	19.038	22.645	24.337	18.293	27.480	26.755	23.451	21.597	29.575	50.185	50.242	23.487	2030.813	0	0	0	0.00	-135.000	-135.000	225.000	36.527
2025-01-01T02:40:30.610351  19082	19.018	19.036	22.403	24.015	18.454	27.480	26.755	23.853	21.436	29.656	50.175	50.161	23.407	2035.184	0	0	0	0.00	-135.000	-135.000	225.000	36.527
2025-01-01T02:40:31.810423  19083	19.099	19.043	22.645	24.337	18.454	27.399	26.755	23.370	21.839	29.736	50.181	50.242	23.407	2019.062	0	0	0	0.00	-135.000	-135.000	225.000	36.527
2025-01-01T02:40:33.010404  19084	18.938	19.032	22.403	24.095	18.454	27.480	26.674	23.692	21.919	29.656	50.187	50.323	23.326	2045.370	0	0	0	0.00	-135.000	-135.000	225.000	36.527
2025-01-01T02:40:34.210510  19085	19.179	19.047	22.322	24.015	18.535	27.480	26.674	23.612	21.436	29.656	50.177	50.161	23.568	2007.678	0	0	0	0.00	-135.000	-135.000	225.000	36.527
2025-01-01T02:40:35.410534  19086	19.018	19.044	22.403	24.176	18.293	27.480	26.755	23.531	21.516	29.656	50.183	50.323	23.487	2014.841	0	0	0	0.00	-135.000	-135.000	225.000	36.527
2025-01-01T02:40:36.610575  19087	19.018	19.041	22.564	24.176	18.454	27.480	26.755	23.531	21.919	29.575	50.189	50.323	23.407	2020.955	0	0	0	0.00	-135.000	-135.000	225.000	36.527
2025-01-01T02:40:37.810619  19088	18.938	19.031	22.322	24.095	18.454	27.560	26.593	23.451	21.516	29.575	50.178	50.403	23.568	2046.805	0	0	0	0.00	-135.000	-135.000	225.000	36.527
2025-01-01T02:40:39.010794  19089	19.018	19.030	22.484	24.095	18.454	27.480	26.674	23.370	21.678	29.575	50.177	50.242	23.568	2049.591	0	0	0	0.00	-135.000	-135.000	225.000	36.527
2025-01-01T02:40:40.210734  19090	18.777	19.004	22.242	24.015	18.374	27.399	26.916	23.612	21.516	29.575	50.183	50.242	23.326	2113.336	0	0	0	0.00	-135.000	-135.000	225.000	36.527
2025-01-01T02:40:41.410684  19091	18.857	18.990	22.242	24.095	18.293	27.641	26.835	23.692	21.919	29.656	50.189	50.403	23.487	2150.018	0	0	0	0.00	-135.000	-135.000	225.000	36.527
2025-01-01T02:40:42.610730  19092	18.938	18.985	22.242	24.095	18.535	27.641	26.755	23.692	21.597	29.736	50.202	50.242	23.487	2162.929	0	0	0	0.00	-135.000	-135.000	225.000	36.527
2025-01-01T02:40:43.810770  19093	18.938	18.980	22.322	24.015	18.535	27.319	26.674	23.370	21.919	29.495	50.206	50.323	23.568	2174.752	0	0	0	0.00	-135.000	-135.000	225.000	36.527
2025-01-01T02:40:45.010816  19094	18.938	18.976	21.919	24.256	18.374	27.480	26.674	23.773	21.839	29.575	50.210	50.161	23.326	2185.437	0	0	0	0.00	-135.000	-135.000	225.000	36.527
2025-01-01T02:40:46.210920  19095	18.938	18.972	22.322	24.015	18.374	27.399	26.593	23.451	21.678	29.495	50.189	50.242	23.568	2195.096	0	0	0	0.00	-135.000	-135.000	225.000	36.527
2025-01-01T02:40:47.410872  19096	18.938	18.968	22.322	24.176	18.374	27.560	26.593	23.773	21.919	29.656	50.186	50.323	23.487	2203.835	0	0	0	0.00	-135.000	-135.000	225.000	36.527
2025-01-01T02:40:48.610942  19097	18.938	18.965	22.242	24.095	18.535	27.480	26.674	23.612	21.516	29.575	50.184	50.081	23.407	2211.743	0	0	0	0.00	-135.000	-135.000	225.000	36.527
2025-01-01T02:40:49.811051  19098	19.099	18.979	22.322	23.773	18.454	27.399	26.835	23.370	21.516	29.656	50.181	50.242	23.568	2178.176	0	0	0	0.00	-135.000	-135.000	225.000	36.527
2025-01-01T02:40:51.011026  19099	19.179	18.999	22.000	24.256	18.293	27.319	26.674	23.692	21.678	29.656	50.188	50.242	23.407	2127.853	0	0	0	0.00	-135.000	-135.000	225.000	36.527
2025-01-01T02:40:52.211065  19100	19.018	19.001	22.161	23.853	18.374	27.480	26.593	23.370	21.597	29.736	50.193	50.242	23.407	2123.328	0	0	0	0.00	-135.000	-135.000	225.000	36.527
2025-01-01T02:40:53.411117  19101	18.777	18.978	22.242	24.095	18.212	27.399	26.835	23.692	21.839	29.575	50.198	50.161	23.326	2180.009	0	0	0	0.00	-135.000	-135.000	225.000	36.527
2025-01-01T02:40:54.611232  19102	18.857	18.966	22.242	24.095	18.454	27.319	26.835	23.773	21.516	29.495	50.210	50.403	23.487	2210.333	0	0	0	0.00	-135.000	-135.000	225.000	36.527
2025-01-01T02:40:55.811208  19103	18.777	18.947	22.242	24.095	18.132	27.319	26.674	23.370	21.839	29.495	50.205	50.161	23.568	2258.252	0	0	0	0.00	-135.000	-135.000	225.000	36.527
2025-01-01T02:40:57.011371  19104	18.777	18.930	22.403	23.934	18.293	27.560	26.835	23.289	21.678	29.656	50.185	50.161	23.487	2301.370	0	0	0	0.00	-135.000	-135.000	225.000	36.527
2025-01-01T02:40:58.211356  19105	18.777	18.915	22.322	23.934	18.132	27.319	26.593	23.451	21.597	29.575	50.183	50.323	23.407	2340.336	0	0	0	0.00	-135.000	-135.000	225.000	36.527
2025-01-01T02:40:59.411399  19106	18.938	18.917	22.403	23.934	18.212	27.641	26.674	23.531	21.597	29.575	50.188	50.242	23.407	2334.832	0	0	0	0.00	-135.000	-135.000	225.000	36.527
2025-01-01T02:41:00.611438  19107	18.857	18.911	22.161	24.095	18.293	27.560	26.835	23.370	21.597	29.575	50.186	50.242	23.487	2350.607	0	0	0	0.00	-135.000	-135.000	225.000	36.527
2025-01-01T02:41:01.811414  19108	18.777	18.898	22.161	23.934	18.132	27.480	26.755	23.612	21.919	29.656	50.183	50.242	23.326	2385.109	0	0	0	0.00	-135.000	-135.000	225.000	36.527
2025-01-01T02:41:03.011449  19109	19.018	18.910	22.403	24.256	18.132	27.399	26.755	23.370	21.355	29.495	50.189	50.323	23.568	2355.066	0	0	0	0.00	-135.000	-135.000	225.000	36.527
2025-01-01T02:41:04.211566  19110	19.099	18.929	22.161	23.934	18.132	27.480	26.674	23.209	21.436	29.333	50.186	50.242	23.407	2308.131	0	0	0	0.00	-135.000	-135.000	225.000	36.527
2025-01-01T02:41:05.411549  19111	18.777	18.913	22.242	24.337	18.051	27.560	26.432	23.209	21.678	29.414	50.192	50.161	23.326	2347.437	0	0	0	0.00	-135.000	-135.000	225.000	36.527
2025-01-01T02:41:06.611781  19112	18.857	18.908	22.242	23.934	18.212	27.560	26.674	23.370	21.355	29.575	50.205	50.242	23.407	2361.962	0	0	0	0.00	-135.000	-135.000	225.000	36.527
2025-01-01T02:41:07.811627  19113	18.777	18.895	22.161	24.095	17.890	27.399	26.593	23.209	21.678	29.495	50.209	50.242	23.407	2395.661	0	0	0	0.00	-135.000	-135.000	225.000	36.527
2025-01-01T02:41:09.011804  19114	18.938	18.899	21.919	24.176	18.212	27.641	26.755	23.370	21.516	29.575	50.212	50.081	23.326	2385.257	0	0	0	0.00	-135.000	-135.000	225.000	36.527
2025-01-01T02:41:10.211725  19115	18.777	18.887	22.403	24.256	17.971	27.480	26.674	23.612	21.597	29.575	50.215	50.242	23.487	2416.984	0	0	0	0.00	-135.000	-135.000	225.000	36.527
2025-01-01T02:41:11.411763  19116	18.777	18.876	22.322	24.015	18.212	27.560	26.835	23.531	21.678	29.656	50.210	50.242	23.407	2445.377	0	0	0	0.00	-135.000	-135.000	225.000	36.527
2025-01-01T02:41:12.611806  19117	19.018	18.890	22.484	23.934	18.212	27.560	26.835	23.128	21.355	29.414	50.197	50.242	23.407	2409.993	0	0	0	0.00	-135.000	-135.000	225.000	36.527
2025-01-01T02:41:13.811847  19118	18.938	18.895	22.242	23.934	18.132	27.480	26.593	23.209	21.678	29.495	50.201	50.081	23.326	2398.979	0	0	0	0.00	-135.000	-135.000	225.000	36.527
2025-01-01T02:41:15.011882  19119	18.857	18.891	22.564	24.015	18.051	27.560	26.513	23.370	21.758	29.575	50.205	50.242	23.407	2409.316	0	0	0	0.00	-135.000	-135.000	225.000	36.527
2025-01-01T02:41:16.211940  19120	18.857	18.888	22.645	24.176	18.132	27.641	26.513	23.370	21.678	29.575	50.209	50.161	23.326	2418.559	0	0	0	0.00	-135.000	-135.000	225.000	36.527
2025-01-01T02:41:17.411983  19121	18.857	18.885	22.242	24.095	18.051	27.158	26.835	23.531	21.678	29.575	50.212	50.242	23.246	2426.976	0	0	0	0.00	-135.000	-135.000	225.000	36.527
2025-01-01T02:41:18.612097  19122	18.777	18.874	22.484	24.176	18.212	27.319	26.674	23.612	21.516	29.495	50.215	50.242	23.568	2455.013	0	0	0	0.00	-135.000	-135.000	225.000	36.527
2025-01-01T02:41:19.812131  19123	18.938	18.880	22.564	24.015	18.212	27.560	26.593	23.128	21.516	29.736	50.226	50.242	23.407	2439.515	0	0	0	0.00	-135.000	-135.000	225.000	36.527
2025-01-01T02:41:21.012109  19124	18.696	18.862	22.322	24.176	17.971	27.480	26.835	23.531	21.678	29.656	50.228	50.323	23.407	2487.027	0	0	0	0.00	-135.000	-135.000	225.000	36.527
2025-01-01T02:41:22.212158  19125	18.777	18.853	22.484	24.015	18.293	27.319	26.674	23.451	21.516	29.656	50.221	50.323	23.326	2509.152	0	0	0	0.00	-135.000	-135.000	225.000	36.527
2025-01-01T02:41:23.412262  19126	18.857	18.854	22.322	24.176	18.051	27.480	26.755	23.370	21.597	29.495	50.231	50.242	23.326	2509.016	0	0	0	0.00	-135.000	-135.000	225.000	36.527
2025-01-01T02:41:24.612371  19127	18.777	18.846	22.645	24.015	18.051	27.480	26.593	23.692	21.597	29.736	50.224	50.081	23.326	2529.521	0	0	0	0.00	-135.000	-135.000	225.000	36.527
2025-01-01T02:41:25.812282  19128	18.938	18.855	22.484	24.095	18.132	27.560	26.674	23.531	21.839	29.414	50.210	50.242	23.487	2507.242	0	0	0	0.00	-135.000	-135.000	225.000	36.527
2025-01-01T02:41:27.012453  19129	19.018	18.871	22.484	24.095	18.132	27.319	26.674	23.451	21.436	29.656	50.213	50.323	23.407	2467.192	0	0	0	0.00	-135.000	-135.000	225.000	36.527
2025-01-01T02:41:28.212440  19130	18.777	18.862	22.725	24.176	18.293	27.560	26.755	23.692	21.436	29.575	50.208	50.161	23.487	2492.388	0	0	0	0.00	-135.000	-135.000	225.000	36.527
2025-01-01T02:41:29.412501  19131	19.018	18.878	22.645	24.176	18.132	27.399	26.755	23.451	21.678	29.495	50.195	50.242	23.568	2453.646	0	0	0	0.00	-135.000	-135.000	225.000	36.527
2025-01-01T02:41:30.612456  19132	19.099	18.900	22.484	24.256	18.212	27.641	26.835	23.209	21.678	29.495	50.192	50.242	23.568	2398.886	0	0	0	0.00	-135.000	-135.000	225.000	36.527
2025-01-01T02:41:31.812632  19133	18.777	18.887	22.484	23.773	18.212	27.560	26.593	23.370	21.114	29.736	50.189	50.161	23.326	2431.148	0	0	0	0.00	-135.000	-135.000	225.000	36.527
2025-01-01T02:41:33.012600  19134	18.938	18.892	22.403	24.176	18.051	27.158	26.835	23.370	21.839	29.495	50.186	50.161	23.407	2418.970	0	0	0	0.00	-135.000	-135.000	225.000	36.527
2025-01-01T02:41:34.212658  19135	18.696	18.873	22.564	24.176	18.132	27.399	26.674	23.612	21.436	29.495	50.175	50.161	23.326	2469.464	0	0	0	0.00	-135.000	-135.000	225.000	36.527
2025-01-01T02:41:35.412630  19136	19.099	18.895	22.161	23.934	18.212	27.399	26.674	23.128	21.355	29.656	50.174	50.403	23.487	2412.822	0	0	0	0.00	-135.000	-135.000	225.000	36.527
2025-01-01T02:41:36.612753  19137	18.857	18.892	22.484	24.256	18.212	27.399	26.674	23.289	21.597	29.575	50.165	50.161	23.487	2423.670	0	0	0	0.00	-135.000	-135.000	225.000	36.527
2025-01-01T02:41:37.812847  19138	18.777	18.880	22.484	24.337	18.132	27.399	26.916	23.612	21.436	29.495	50.156	50.242	23.487	2453.417	0	0	0	0.00	-135.000	-135.000	225.000	36.527
2025-01-01T02:41:39.012882  19139	18.777	18.870	22.564	24.015	18.051	27.319	26.593	23.370	21.597	29.495	50.149	50.242	23.326	2480.184	0	0	0	0.00	-135.000	-135.000	225.000	36.527
2025-01-01T02:41:40.212862  19140	19.018	18.885	22.484	23.934	17.971	27.480	26.513	23.128	21.758	29.736	50.150	50.242	23.326	2443.337	0	0	0	0.00	-135.000	-135.000	225.000	36.527
2025-01-01T02:41:41.412959  19141	18.938	18.890	22.403	24.256	17.890	27.319	26.755	23.209	21.678	29.575	50.167	50.323	23.407	2431.009	0	0	0	0.00	-135.000	-135.000	225.000	36.527
2025-01-01T02:41:42.612886  19142	18.938	18.895	22.725	24.095	18.132	27.480	26.674	23.370	21.758	29.575	50.159	50.161	23.407	2419.798	0	0	0	0.00	-135.000	-135.000	225.000	36.527
2025-01-01T02:41:43.813058  19143	19.099	18.915	22.484	24.015	18.051	27.399	26.835	23.451	21.436	29.414	50.175	50.161	23.326	2369.020	0	0	0	0.00	-135.000	-135.000	225.000	36.527
2025-01-01T02:41:45.013189  19144	19.018	18.925	22.564	23.934	18.212	27.722	26.593	23.531	21.436	29.495	50.166	50.242	23.326	2343.937	0	0	0	0.00	-135.000	-135.000	225.000	36.527
2025-01-01T02:41:46.213020  19145	18.857	18.919	22.564	24.256	18.212	27.480	26.835	23.289	21.516	29.736	50.173	50.242	23.326	2361.916	0	0	0	0.00	-135.000	-135.000	225.000	36.527
2025-01-01T02:41:47.413127  19146	19.099	18.937	22.564	23.934	18.132	27.399	26.674	23.531	21.355	29.897	50.180	50.161	23.407	2316.787	0	0	0	0.00	-135.000	-135.000	225.000	36.527
2025-01-01T02:41:48.613225  19147	18.777	18.921	22.806	24.095	18.212	27.319	26.674	23.612	21.355	29.575	50.170	50.161	23.407	2358.040	0	0	0	0.00	-135.000	-135.000	225.000	36.527
2025-01-01T02:41:49.813219  19148	18.938	18.922	22.886	24.176	18.132	27.319	26.674	23.128	21.919	29.817	50.169	50.161	23.326	2353.952	0	0	0	0.00	-135.000	-135.000	225.000	36.527
2025-01-01T02:41:51.013369  19149	18.857	18.916	22.645	24.095	18.132	27.238	26.674	23.692	21.758	29.414	50.160	50.161	23.487	2370.999	0	0	0	0.00	-135.000	-135.000	225.000	36.527
2025-01-01T02:41:52.213301  19150	18.857	18.910	22.725	24.015	18.374	27.319	26.593	23.451	21.678	29.575	50.169	50.161	23.407	2386.284	0	0	0	0.00	-135.000	-135.000	225.000	36.527
2025-01-01T02:41:53.413404  19151	18.938	18.913	22.725	24.256	18.132	27.560	26.593	23.209	21.678	29.495	50.176	50.323	23.568	2379.775	0	0	0	0.00	-135.000	-135.000	225.000	36.527
2025-01-01T02:41:54.613382  19152	18.777	18.899	22.564	23.934	18.293	27.399	26.674	23.209	21.758	29.817	50.183	50.323	23.487	2414.850	0	0	0	0.00	-135.000	-135.000	225.000	36.527
2025-01-01T02:41:55.813429  19153	19.099	18.919	22.806	23.934	18.212	27.399	26.674	23.209	21.758	29.575	50.180	50.242	23.568	2364.796	0	0	0	0.00	-135.000	-135.000	225.000	36.527
2025-01-01T02:41:57.013469  19154	18.777	18.905	22.725	24.095	17.971	27.480	26.513	23.370	21.758	29.414	50.170	50.242	23.568	2401.776	0	0	0	0.00	-135.000	-135.000	225.000	36.527
2025-01-01T02:41:58.213493  19155	18.696	18.884	22.403	24.015	18.051	27.399	26.593	23.209	21.839	29.414	50.186	50.323	23.487	2454.935	0	0	0	0.00	-135.000	-135.000	225.000	36.527
2025-01-01T02:41:59.413557  19156	18.857	18.881	22.564	24.095	18.132	27.399	26.593	23.128	21.516	29.656	50.183	50.403	23.487	2462.101	0	0	0	0.00	-135.000	-135.000	225.000	36.527
2025-01-01T02:42:00.613668  19157	18.696	18.863	22.725	24.176	18.051	27.399	26.593	23.128	21.436	29.817	50.189	50.242	23.326	2509.704	0	0	0	0.00	-135.000	-135.000	225.000	36.527
2025-01-01T02:42:01.813637  19158	18.777	18.854	22.806	24.015	18.132	27.560	26.593	23.531	21.355	29.736	50.186	50.161	23.326	2532.070	0	0	0	0.00	-135.000	-135.000	225.000	36.527
2025-01-01T02:42:03.013621  19159	18.696	18.838	22.645	24.176	18.212	27.399	26.593	23.209	21.678	29.575	50.200	50.242	23.326	2572.880	0	0	0	0.00	-135.000	-135.000	225.000	36.527
2025-01-01T02:42:04.213728  19160	18.938	18.848	22.725	24.015	18.293	27.319	26.916	23.451	21.597	29.736	50.204	50.242	23.407	2548.570	0	0	0	0.00	-135.000	-135.000	225.000	36.527
2025-01-01T02:42:05.413770  19161	18.857	18.849	22.886	24.256	18.051	27.480	26.593	23.128	21.839	29.817	50.200	50.161	23.326	2547.585	0	0	0	0.00	-135.000	-135.000	225.000	36.527
2025-01-01T02:42:06.613748  19162	18.938	18.858	22.967	24.095	18.051	27.319	26.352	23.370	21.275	29.817	50.196	50.242	23.326	2526.271	0	0	0	0.00	-135.000	-135.000	225.000	36.527
2025-01-01T02:42:07.813903  19163	18.938	18.866	22.886	24.095	18.374	27.238	26.835	23.531	21.597	29.495	50.201	50.242	23.407	2507.295	0	0	0	0.00	-135.000	-135.000	225.000	36.527
2025-01-01T02:42:09.013908  19164	18.857	18.865	22.886	23.934	18.132	27.480	26.674	23.289	21.516	29.575	50.213	50.323	23.487	2510.624	0	0	0	0.00	-135.000	-135.000	225.000	36.527
2025-01-01T02:42:10.213883  19165	18.857	18.864	22.564	24.337	18.212	27.319	26.835	23.451	21.678	29.736	50.200	50.161	23.487	2513.556	0	0	0	0.00	-135.000	-135.000	225.000	36.527
2025-01-01T02:42:11.413992  19166	19.099	18.888	22.725	24.176	18.051	27.238	26.674	23.451	21.758	29.495	50.212	50.242	23.487	2455.205	0	0	0	0.00	-135.000	-135.000	225.000	36.527
2025-01-01T02:42:12.613976  19167	18.777	18.877	22.725	24.256	18.212	27.399	26.674	23.531	21.839	29.414	50.199	50.242	23.568	2484.560	0	0	0	0.00	-135.000	-135.000	225.000	36.527
2025-01-01T02:42:13.814010  19168	19.099	18.899	22.645	23.934	18.212	27.641	26.755	23.370	21.678	29.575	50.187	50.242	23.407	2429.035	0	0	0	0.00	-135.000	-135.000	225.000	36.527
2025-01-01T02:42:15.014051  19169	19.099	18.919	22.806	23.934	18.374	27.480	26.674	23.048	21.355	29.817	50.184	50.161	23.326	2379.637	0	0	0	0.00	-135.000	-135.000	225.000	36.527
2025-01-01T02:42:16.214319  19170	19.099	18.937	22.806	23.934	18.293	27.399	26.755	23.048	21.355	29.656	50.174	50.242	23.487	2335.110	0	0	0	0.00	-135.000	-135.000	225.000	36.527
2025-01-01T02:42:17.414274  19171	18.696	18.913	22.806	23.934	18.132	27.480	26.674	23.370	21.194	29.575	50.173	50.323	23.487	2396.787	0	0	0	0.00	-135.000	-135.000	225.000	36.527
2025-01-01T02:42:18.614510  19172	19.018	18.923	22.806	24.256	18.051	27.480	26.835	23.531	21.516	29.736	50.180	50.242	23.326	2370.247	0	0	0	0.00	-135.000	-135.000	225.000	36.527
2025-01-01T02:42:19.814368  19173	18.938	18.925	22.806	24.095	17.971	27.560	26.674	23.370	21.436	29.495	50.170	50.403	23.568	2367.356	0	0	0	0.00	-135.000	-135.000	225.000	36.527
2025-01-01T02:42:21.014278  19174	18.938	18.926	22.886	24.176	18.293	27.319	26.835	23.451	21.678	29.575	50.177	50.242	23.326	2364.639	0	0	0	0.00	-135.000	-135.000	225.000	36.527
2025-01-01T02:42:22.214360  19175	18.938	18.927	22.806	24.256	18.212	27.399	26.674	23.531	21.436	29.736	50.200	50.484	23.487	2362.233	0	0	0	0.00	-135.000	-135.000	225.000	36.527
2025-01-01T02:42:23.414386  19176	19.018	18.936	22.886	24.176	18.293	27.399	26.755	23.370	21.355	29.656	50.204	50.323	23.326	2339.750	0	0	0	0.00	-135.000	-135.000	225.000	36.527
2025-01-01T02:42:24.614471  19177	18.857	18.928	22.886	23.853	18.212	27.399	26.755	23.128	21.678	29.897	50.200	50.242	23.407	2360.390	0	0	0	0.00	-135.000	-135.000	225.000	36.527
2025-01-01T02:42:25.814572  19178	18.696	18.905	22.967	24.015	17.890	27.722	26.593	23.612	21.355	29.656	50.204	50.242	23.326	2419.473	0	0	0	0.00	-135.000	-135.000	225.000	36.527
2025-01-01T02:42:27.014667  19179	18.857	18.900	22.886	24.176	18.374	27.319	26.674	23.612	21.597	29.575	50.192	50.161	23.487	2431.808	0	0	0	0.00	-135.000	-135.000	225.000	36.527
2025-01-01T02:42:28.214606  19180	18.857	18.896	22.886	24.095	18.212	27.319	26.593	23.612	21.678	29.656	50.197	50.323	23.407	2443.331	0	0	0	0.00	-135.000	-135.000	225.000	36.527
2025-01-01T02:42:29.414579  19181	18.777	18.884	22.806	23.934	18.132	27.319	26.755	23.531	21.597	29.575	50.185	50.161	23.487	2474.169	0	0	0	0.00	-135.000	-135.000	225.000	36.527
2025-01-01T02:42:30.614628  19182	19.018	18.898	22.725	24.015	18.293	27.560	26.674	23.048	21.678	29.736	50.183	50.081	23.326	2440.823	0	0	0	0.00	-135.000	-135.000	225.000	36.527
2025-01-01T02:42:31.814789  19183	19.018	18.910	22.806	23.934	18.293	27.399	26.674	23.451	21.758	29.656	50.172	50.242	23.568	2411.285	0	0	0	0.00	-135.000	-135.000	225.000	36.527
2025-01-01T02:42:33.014764  19184	18.857	18.904	22.725	24.095	18.132	27.480	26.835	23.451	21.839	29.495	50.196	50.242	23.407	2425.414	0	0	0	0.00	-135.000	-135.000	225.000	36.527
2025-01-01T02:42:34.214873  19185	18.696	18.884	22.886	24.095	18.293	27.238	26.674	23.209	21.678	29.656	50.200	50.323	23.326	2478.635	0	0	0	0.00	-135.000	-135.000	225.000	36.527
2025-01-01T02:42:35.414791  19186	18.777	18.873	22.725	24.176	18.293	27.560	26.835	23.451	21.516	29.414	50.204	50.242	23.568	2506.064	0	0	0	0.00	-135.000	-135.000	225.000	36.527
2025-01-01T02:42:36.614901  19187	18.938	18.879	22.806	24.176	18.132	27.238	26.755	23.692	21.436	29.575	50.216	50.323	23.487	2490.338	0	0	0	0.00	-135.000	-135.000	225.000	36.527
2025-01-01T02:42:37.814878  19188	18.777	18.869	23.048	24.015	18.293	27.319	26.835	23.209	21.597	29.575	50.211	50.161	23.487	2517.277	0	0	0	0.00	-135.000	-135.000	225.000	36.527
2025-01-01T02:42:39.014924  19189	18.938	18.876	22.967	24.015	18.374	27.480	26.674	23.692	21.678	29.495	50.214	50.242	23.487	2500.632	0	0	0	0.00	-135.000	-135.000	225.000	36.527
2025-01-01T02:42:40.214965  19190	18.938	18.882	22.967	24.256	18.212	27.319	26.755	23.048	21.436	29.414	50.201	50.242	23.487	2486.017	0	0	0	0.00	-135.000	-135.000	225.000	36.527
2025-01-01T02:42:41.415067  19191	18.938	18.888	22.886	24.015	18.293	27.560	26.755	23.531	21.436	29.575	50.221	50.323	23.407	2472.906	0	0	0	0.00	-135.000	-135.000	225.000	36.527
2025-01-01T02:42:42.615117  19192	18.857	18.885	22.806	23.934	18.293	27.560	26.755	23.451	21.678	29.656	50.215	50.323	23.326	2481.516	0	0	0	0.00	-135.000	-135.000	225.000	36.527
2025-01-01T02:42:43.815220  19193	18.938	18.890	22.886	24.256	18.212	27.480	26.835	23.612	21.516	29.414	50.201	50.081	23.487	2468.839	0	0	0	0.00	-135.000	-135.000	225.000	36.527
2025-01-01T02:42:45.015123  19194	18.777	18.879	22.886	24.176	18.132	27.480	26.674	23.209	21.758	29.736	50.205	50.323	23.407	2498.360	0	0	0	0.00	-135.000	-135.000	225.000	36.527
2025-01-01T02:42:46.215247  19195	18.777	18.868	22.725	23.934	18.454	27.319	26.674	23.531	21.839	29.575	50.201	50.242	23.487	2524.765	0	0	0	0.00	-135.000	-135.000	225.000	36.527
2025-01-01T02:42:47.415233  19196	18.857	18.867	22.725	24.015	18.454	27.319	26.755	23.209	21.758	29.414	50.213	50.242	23.326	2528.321	0	0	0	0.00	-135.000	-135.000	225.000	36.527
2025-01-01T02:42:48.615325  19197	19.018	18.882	22.967	24.256	18.212	27.319	26.835	23.612	21.839	29.414	50.200	50.161	23.568	2491.055	0	0	0	0.00	-135.000	-135.000	225.000	36.527
2025-01-01T02:42:49.815308  19198	19.018	18.896	22.886	24.095	18.212	27.399	26.755	23.370	21.919	29.817	50.204	50.161	23.487	2457.824	0	0	0	0.00	-135.000	-135.000	225.000	36.527
2025-01-01T02:42:51.015416  19199	19.099	18.916	22.725	24.095	18.293	27.480	26.916	23.048	21.516	29.656	50.184	50.242	23.487	2407.541	0	0	0	0.00	-135.000	-135.000	225.000	36.527
2025-01-01T02:42:52.215396  19200	18.777	18.902	22.645	24.095	18.051	27.319	26.674	23.289	21.597	29.575	50.182	50.161	23.246	2443.834	0	0	0	0.00	-135.000	-135.000	225.000	36.527
2025-01-01T02:42:53.416131  19201	19.018	18.914	22.806	24.337	18.132	27.399	26.755	23.209	21.678	29.736	50.171	50.161	23.487	2414.914	0	0	0	0.00	-135.000	-135.000	225.000	36.527
2025-01-01T02:42:54.615478  19202	18.857	18.908	22.725	24.095	18.293	27.399	26.674	23.370	21.678	29.656	50.187	50.323	23.487	2430.088	0	0	0	0.00	-135.000	-135.000	225.000	36.527
2025-01-01T02:42:55.815597  19203	18.938	18.911	22.967	24.015	18.293	27.238	26.593	23.289	21.678	29.414	50.184	50.242	23.246	2423.156	0	0	0	0.00	-135.000	-135.000	225.000	36.527
2025-01-01T02:42:57.015565  19204	19.099	18.930	22.725	23.853	18.293	27.560	26.593	22.967	21.516	29.575	50.182	50.242	23.407	2376.395	0	0	0	0.00	-135.000	-135.000	225.000	36.527
2025-01-01T02:42:58.215807  19205	19.018	18.939	22.886	24.015	18.212	27.319	26.835	23.289	21.758	29.656	50.172	50.242	23.487	2354.926	0	0	0	0.00	-135.000	-135.000	225.000	36.527
2025-01-01T02:42:59.415653  19206	18.938	18.939	22.645	24.095	18.212	27.399	26.674	23.370	21.678	29.817	50.179	50.242	23.407	2355.796	0	0	0	0.00	-135.000	-135.000	225.000	36.527
2025-01-01T02:43:00.615699  19207	19.099	18.955	22.886	24.176	18.132	27.238	26.755	23.370	21.516	29.575	50.185	50.242	23.487	2315.732	0	0	0	0.00	-135.000	-135.000	225.000	36.527
2025-01-01T02:43:01.815906  19208	18.938	18.953	22.967	24.095	18.293	27.560	26.674	23.370	21.436	29.656	50.191	50.242	23.407	2320.654	0	0	0	0.00	-135.000	-135.000	225.000	36.527
2025-01-01T02:43:03.015905  19209	19.099	18.968	22.645	24.095	18.374	27.238	26.674	23.451	21.919	29.656	50.188	50.081	23.568	2284.077	0	0	0	0.00	-135.000	-135.000	225.000	36.527
2025-01-01T02:43:04.215821  19210	19.099	18.981	22.725	24.256	18.132	27.399	26.835	23.370	22.000	29.414	50.201	50.161	23.487	2251.411	0	0	0	0.00	-135.000	-135.000	225.000	36.527
2025-01-01T02:43:05.415935  19211	19.018	18.984	22.967	24.337	18.212	27.480	26.593	23.612	22.000	29.495	50.197	50.242	23.326	2242.309	0	0	0	0.00	-135.000	-135.000	225.000	36.527
2025-01-01T02:43:06.615980  19212	18.938	18.980	22.806	24.256	18.293	27.480	26.755	23.692	21.919	29.736	50.194	50.242	23.326	2254.306	0	0	0	0.00	-135.000	-135.000	225.000	36.527
2025-01-01T02:43:07.816028  19213	18.857	18.968	22.967	24.015	18.454	27.399	26.593	23.531	21.919	29.656	50.190	50.242	23.407	2285.350	0	0	0	0.00	-135.000	-135.000	225.000	36.527
2025-01-01T02:43:09.016081  19214	18.938	18.965	22.967	24.095	18.293	27.560	26.835	23.531	21.678	29.414	50.179	50.242	23.568	2292.866	0	0	0	0.00	-135.000	-135.000	225.000	36.527
2025-01-01T02:43:10.216112  19215	19.018	18.970	22.725	24.095	18.454	27.238	26.835	23.612	21.678	29.656	50.194	50.242	23.487	2279.472	0	0	0	0.00	-135.000	-135.000	225.000	36.527
2025-01-01T02:43:11.416094  19216	19.018	18.975	22.645	24.337	18.293	27.238	26.916	23.531	21.839	29.575	50.191	50.242	23.487	2267.562	0	0	0	0.00	-135.000	-135.000	225.000	36.527
2025-01-01T02:43:12.616626  19217	19.099	18.987	22.886	24.176	18.535	27.399	26.916	23.451	21.678	29.736	50.196	50.161	23.326	2236.467	0	0	0	0.00	-135.000	-135.000	225.000	36.527
2025-01-01T02:43:13.816167  19218	19.179	19.006	22.806	24.015	18.374	27.560	26.674	23.289	21.678	29.817	50.192	50.242	23.407	2188.211	0	0	0	0.00	-135.000	-135.000	225.000	36.527
2025-01-01T02:43:15.016290  19219	18.777	18.983	22.725	24.176	18.293	27.480	26.674	23.289	21.678	29.736	50.197	50.161	23.326	2246.635	0	0	0	0.00	-135.000	-135.000	225.000	36.527
2025-01-01T02:43:16.216333  19220	19.099	18.995	22.645	23.934	18.454	27.641	26.755	23.128	21.839	29.656	50.194	50.242	23.487	2217.112	0	0	0	0.00	-135.000	-135.000	225.000	36.527
2025-01-01T02:43:17.416434  19221	18.938	18.989	22.725	24.095	18.374	27.480	26.916	23.370	21.839	29.495	50.190	50.242	23.568	2231.842	0	0	0	0.00	-135.000	-135.000	225.000	36.527
2025-01-01T02:43:18.616615  19222	19.099	19.000	22.645	24.337	18.212	27.319	26.755	23.289	21.919	29.817	50.179	50.242	23.568	2204.094	0	0	0	0.00	-135.000	-135.000	225.000	36.527
2025-01-01T02:43:19.816448  19223	19.018	19.002	22.403	24.176	18.374	27.399	26.835	23.612	21.516	29.575	50.170	50.161	23.568	2199.737	0	0	0	0.00	-135.000	-135.000	225.000	36.527
2025-01-01T02:43:21.016561  19224	18.938	18.996	22.645	24.015	18.374	27.560	26.755	23.370	21.758	29.656	50.177	50.242	23.326	2216.007	0	0	0	0.00	-135.000	-135.000	225.000	36.527
2025-01-01T02:43:22.216492  19225	18.938	18.990	22.564	24.256	18.454	27.560	26.674	23.531	21.678	29.656	50.167	50.242	23.487	2230.533	0	0	0	0.00	-135.000	-135.000	225.000	36.527
2025-01-01T02:43:23.416594  19226	18.857	18.977	22.564	24.176	18.454	27.399	26.755	23.451	21.839	29.495	50.151	50.081	23.568	2264.015	0	0	0	0.00	-135.000	-135.000	225.000	36.527
2025-01-01T02:43:24.616571  19227	18.777	18.957	22.484	24.176	18.374	27.319	26.674	23.289	21.597	29.575	50.152	50.242	23.568	2314.450	0	0	0	0.00	-135.000	-135.000	225.000	36.527
2025-01-01T02:43:25.816637  19228	18.857	18.947	22.645	24.015	18.293	27.560	26.593	23.370	21.516	29.656	50.145	50.242	23.649	2339.471	0	0	0	0.00	-135.000	-135.000	225.000	36.527
2025-01-01T02:43:27.016844  19229	19.099	18.962	22.484	24.176	18.293	27.399	26.593	23.370	21.919	29.656	50.146	50.161	23.487	2301.159	0	0	0	0.00	-135.000	-135.000	225.000	36.527
2025-01-01T02:43:28.216695  19230	18.696	18.935	22.403	24.015	18.051	27.319	26.513	23.531	21.516	29.736	50.156	50.161	23.326	2368.915	0	0	0	0.00	-135.000	-135.000	225.000	36.527
2025-01-01T02:43:29.416742  19231	19.018	18.944	22.403	24.256	18.374	27.399	26.835	23.289	21.678	29.656	50.156	50.323	23.487	2347.846	0	0	0	0.00	-135.000	-135.000	225.000	36.527
2025-01-01T02:43:30.616884  19232	18.938	18.943	22.645	24.015	18.212	27.480	26.835	23.289	21.436	29.575	50.149	50.242	23.649	2349.877	0	0	0	0.00	-135.000	-135.000	225.000	36.527
2025-01-01T02:43:31.816960  19233	18.938	18.942	22.322	24.015	18.293	27.641	26.755	23.531	21.516	29.736	50.158	50.323	23.407	2351.590	0	0	0	0.00	-135.000	-135.000	225.000	36.527
2025-01-01T02:43:33.016997  19234	18.857	18.934	22.725	24.015	18.132	27.319	26.593	23.531	21.919	29.575	50.175	50.403	23.487	2373.537	0	0	0	0.00	-135.000	-135.000	225.000	36.527
2025-01-01T02:43:34.216979  19235	18.938	18.934	22.806	24.015	18.293	27.319	26.755	23.289	21.678	29.656	50.181	50.323	23.407	2372.865	0	0	0	0.00	-135.000	-135.000	225.000	36.527
2025-01-01T02:43:35.417066  19236	18.857	18.927	22.564	24.095	18.132	27.319	26.674	23.209	21.678	29.736	50.203	50.323	23.326	2392.829	0	0	0	0.00	-135.000	-135.000	225.000	36.527
2025-01-01T02:43:36.617001  19237	18.777	18.912	22.645	24.176	18.212	27.319	26.835	23.370	21.355	29.736	50.191	50.242	23.568	2431.101	0	0	0	0.00	-135.000	-135.000	225.000	36.527
2025-01-01T02:43:37.817461  19238	18.938	18.914	22.725	24.256	18.212	27.480	26.674	23.692	21.678	29.817	50.188	50.242	23.407	2424.812	0	0	0	0.00	-135.000	-135.000	225.000	36.527
2025-01-01T02:43:39.017517  19239	19.018	18.925	22.484	24.256	18.454	27.319	26.674	23.451	21.758	29.736	50.177	50.161	23.568	2399.153	0	0	0	0.00	-135.000	-135.000	225.000	36.527
2025-01-01T02:43:40.217131  19240	18.938	18.926	22.322	24.015	18.374	27.319	26.674	23.370	21.436	29.817	50.176	50.161	23.326	2396.573	0	0	0	0.00	-135.000	-135.000	225.000	36.527
2025-01-01T02:43:41.417244  19241	18.938	18.927	22.645	24.176	18.212	27.238	26.835	23.612	21.597	29.575	50.191	50.323	23.487	2394.135	0	0	0	0.00	-135.000	-135.000	225.000	36.527
2025-01-01T02:43:42.617216  19242	19.018	18.936	22.645	24.095	18.212	27.641	26.835	23.289	21.678	29.897	50.188	50.161	23.407	2371.620	0	0	0	0.00	-135.000	-135.000	225.000	36.527
2025-01-01T02:43:43.817263  19243	19.099	18.952	22.725	23.934	18.212	27.319	26.835	23.128	21.436	29.817	50.185	50.161	23.326	2331.140	0	0	0	0.00	-135.000	-135.000	225.000	36.527
2025-01-01T02:43:45.017303  19244	19.099	18.967	22.806	24.015	18.374	27.480	26.674	23.451	21.758	29.656	50.183	50.242	23.407	2294.800	0	0	0	0.00	-135.000	-135.000	225.000	36.527
2025-01-01T02:43:46.217343  19245	18.777	18.948	22.403	24.015	18.212	27.238	26.755	23.209	21.597	29.495	50.197	50.161	23.407	2343.483	0	0	0	0.00	-135.000	-135.000	225.000	36.527
2025-01-01T02:43:47.417401  19246	18.696	18.923	22.484	24.015	18.293	27.480	26.513	23.370	21.678	29.817	50.201	50.161	23.407	2407.170	0	0	0	0.00	-135.000	-135.000	225.000	36.527
2025-01-01T02:43:48.617883  19247	18.777	18.908	22.484	24.256	17.971	27.399	26.593	23.209	21.839	29.495	50.205	50.242	23.407	2444.179	0	0	0	0.00	-135.000	-135.000	225.000	36.527
2025-01-01T02:43:49.817541  19248	18.857	18.903	22.322	24.015	17.971	27.399	26.835	23.289	21.597	29.656	50.217	50.323	23.407	2457.441	0	0	0	0.00	-135.000	-135.000	225.000	36.527
2025-01-01T02:43:51.017587  19249	18.777	18.890	22.403	24.095	18.132	27.238	26.755	23.451	21.678	29.495	50.211	50.323	23.568	2490.002	0	0	0	0.00	-135.000	-135.000	225.000	36.527
2025-01-01T02:43:52.217574  19250	18.777	18.879	22.725	24.176	18.212	27.319	26.674	23.531	21.436	29.817	50.198	50.242	23.487	2519.299	0	0	0	0.00	-135.000	-135.000	225.000	36.527
2025-01-01T02:43:53.417736  19251	18.938	18.885	22.484	23.773	18.374	27.319	26.755	23.370	21.597	29.817	50.203	50.242	23.407	2505.097	0	0	0	0.00	-135.000	-135.000	225.000	36.527
2025-01-01T02:43:54.617780  19252	18.857	18.882	22.645	24.176	18.212	27.399	26.593	23.209	21.839	29.736	50.215	50.323	23.487	2513.042	0	0	0	0.00	-135.000	-135.000	225.000	36.527
2025-01-01T02:43:55.817763  19253	18.857	18.880	22.725	24.176	18.212	27.319	26.593	23.451	21.678	29.978	50.217	50.081	23.326	2520.135	0	0	0	0.00	-135.000	-135.000	225.000	36.527
2025-01-01T02:43:57.017807  19254	18.777	18.869	22.322	24.256	17.971	27.480	26.755	23.289	21.678	29.575	50.228	50.161	23.407	2546.979	0	0	0	0.00	-135.000	-135.000	225.000	36.527
2025-01-01T02:43:58.217889  19255	19.018	18.884	22.725	23.934	18.212	27.399	26.593	23.209	21.516	29.575	50.221	50.242	23.649	2510.044	0	0	0	0.00	-135.000	-135.000	225.000	36.527
2025-01-01T02:43:59.417883  19256	18.696	18.865	22.322	24.337	17.971	27.560	26.674	23.209	21.436	29.817	50.223	50.323	23.407	2558.729	0	0	0	0.00	-135.000	-135.000	225.000	36.527
2025-01-01T02:44:00.618286  19257	18.696	18.848	22.806	24.095	18.132	27.319	26.432	23.692	21.758	29.575	50.209	50.242	23.568	2602.114	0	0	0	0.00	-135.000	-135.000	225.000	36.527
2025-01-01T02:44:01.817970  19258	18.696	18.833	22.403	24.095	18.132	27.480	26.755	23.370	21.597	29.656	50.196	50.242	23.407	2641.371	0	0	0	0.00	-135.000	-135.000	225.000	36.527
2025-01-01T02:44:03.017955  19259	18.938	18.844	22.645	24.176	18.132	27.399	26.835	23.370	21.678	29.656	50.185	50.161	23.487	2615.825	0	0	0	0.00	-135.000	-135.000	225.000	36.527
2025-01-01T02:44:04.218162  19260	18.938	18.853	22.564	24.176	18.212	27.480	26.593	22.967	21.597	29.978	50.182	50.242	23.407	2593.362	0	0	0	0.00	-135.000	-135.000	225.000	36.527
2025-01-01T02:44:05.418194  19261	18.615	18.829	22.806	24.176	18.212	27.399	26.755	23.451	21.758	29.817	50.180	50.161	23.326	2654.643	0	0	0	0.00	-135.000	-135.000	225.000	36.527
2025-01-01T02:44:06.618224  19262	18.777	18.824	22.886	24.015	18.212	27.480	26.755	23.773	21.597	29.656	50.170	50.161	23.487	2668.694	0	0	0	0.00	-135.000	-135.000	225.000	36.527
2025-01-01T02:44:07.818155  19263	18.777	18.819	22.645	24.337	18.293	27.319	26.835	23.451	21.758	29.575	50.186	50.323	23.487	2681.817	0	0	0	0.00	-135.000	-135.000	225.000	36.527
2025-01-01T02:44:09.018248  19264	18.777	18.815	22.645	24.256	18.132	27.560	26.755	23.451	21.919	29.736	50.191	50.323	23.568	2693.784	0	0	0	0.00	-135.000	-135.000	225.000	36.527
2025-01-01T02:44:10.218520  19265	19.099	18.843	22.645	24.337	18.132	27.399	26.755	23.209	21.436	29.817	50.196	50.323	23.568	2623.254	0	0	0	0.00	-135.000	-135.000	225.000	36.527
2025-01-01T02:44:11.418553  19266	18.777	18.837	22.886	24.095	18.051	27.319	26.432	23.451	21.516	29.736	50.201	50.081	23.326	2641.812	0	0	0	0.00	-135.000	-135.000	225.000	36.527
2025-01-01T02:44:12.618405  19267	19.018	18.855	22.806	24.015	18.374	27.319	26.674	23.370	21.436	29.817	50.205	50.242	23.326	2596.931	0	0	0	0.00	-135.000	-135.000	225.000	36.527
2025-01-01T02:44:13.818915  19268	18.777	18.847	22.806	24.176	18.132	27.560	26.593	23.612	21.758	29.656	50.201	50.323	23.326	2618.100	0	0	0	0.00	-135.000	-135.000	225.000	36.527
2025-01-01T02:44:15.018708  19269	19.099	18.872	22.564	23.934	18.132	27.319	26.513	23.289	21.436	29.817	50.205	50.242	23.326	2555.373	0	0	0	0.00	-135.000	-135.000	225.000	36.527
2025-01-01T02:44:16.218440  19270	18.696	18.855	22.564	24.095	18.132	27.238	26.593	23.289	21.758	29.978	50.208	50.242	23.326	2601.311	0	0	0	0.00	-135.000	-135.000	225.000	36.527
2025-01-01T02:44:17.418543  19271	18.857	18.855	22.806	24.176	18.132	27.319	26.835	23.289	21.758	29.495	50.204	50.242	23.487	2601.335	0	0	0	0.00	-135.000	-135.000	225.000	36.527
2025-01-01T02:44:18.618650  19272	18.857	18.855	22.967	24.015	18.212	27.399	26.755	23.209	21.436	29.656	50.183	50.323	23.487	2601.778	0	0	0	0.00	-135.000	-135.000	225.000	36.527
2025-01-01T02:44:19.818693  19273	18.777	18.847	22.806	24.015	18.132	27.399	26.593	23.692	21.597	29.978	50.181	50.161	23.326	2622.640	0	0	0	0.00	-135.000	-135.000	225.000	36.527
2025-01-01T02:44:21.018666  19274	18.696	18.832	22.725	24.095	18.051	27.399	26.593	23.692	21.758	29.575	50.187	50.161	23.326	2661.779	0	0	0	0.00	-135.000	-135.000	225.000	36.527
2025-01-01T02:44:22.218775  19275	18.696	18.819	22.564	23.934	17.890	27.480	26.432	23.370	21.678	29.817	50.177	50.161	23.568	2697.051	0	0	0	0.00	-135.000	-135.000	225.000	36.527
2025-01-01T02:44:23.419074  19276	18.857	18.822	22.645	23.773	18.132	27.238	26.593	23.451	21.758	29.817	50.167	50.242	23.326	2688.284	0	0	0	0.00	-135.000	-135.000	225.000	36.527
2025-01-01T02:44:24.618806  19277	18.938	18.834	22.564	24.176	18.132	27.319	26.674	23.289	21.436	29.495	50.158	50.081	23.487	2660.450	0	0	0	0.00	-135.000	-135.000	225.000	36.527
2025-01-01T02:44:25.818778  19278	18.777	18.828	22.725	23.934	17.810	27.399	26.593	23.370	21.355	29.736	50.151	50.161	23.568	2676.332	0	0	0	0.00	-135.000	-135.000	225.000	36.527
2025-01-01T02:44:27.018952  19279	18.777	18.823	22.725	24.095	18.051	27.158	26.674	23.209	21.678	29.575	50.160	50.242	23.246	2690.462	0	0	0	0.00	-135.000	-135.000	225.000	36.527
2025-01-01T02:44:28.219170  19280	18.938	18.834	22.645	24.176	18.051	27.319	26.755	23.209	21.839	29.575	50.152	50.161	23.487	2662.606	0	0	0	0.00	-135.000	-135.000	225.000	36.527
2025-01-01T02:44:29.419060  19281	18.535	18.805	22.806	23.934	17.971	27.399	26.432	23.209	21.436	29.656	50.177	50.242	23.326	2739.729	0	0	0	0.00	-135.000	-135.000	225.000	36.527
2025-01-01T02:44:30.618957  19282	18.857	18.810	22.806	24.256	17.971	27.480	26.755	23.612	21.758	29.736	50.167	50.161	23.649	2727.195	0	0	0	0.00	-135.000	-135.000	225.000	36.527
2025-01-01T02:44:31.819067  19283	19.018	18.831	22.645	23.853	18.132	27.560	26.674	23.128	21.516	29.897	50.175	50.161	23.246	2675.932	0	0	0	0.00	-135.000	-135.000	225.000	36.527
2025-01-01T02:44:33.019101  19284	18.777	18.825	23.048	24.015	18.051	27.480	26.513	23.451	21.275	29.736	50.182	50.161	23.246	2691.199	0	0	0	0.00	-135.000	-135.000	225.000	36.527
2025-01-01T02:44:34.219206  19285	18.615	18.804	23.048	24.015	17.971	27.319	26.513	23.531	21.597	29.495	50.188	50.161	23.246	2745.337	0	0	0	0.00	-135.000	-135.000	225.000	36.527
2025-01-01T02:44:35.419186  19286	18.857	18.810	23.128	24.095	18.051	27.480	26.593	23.370	21.678	29.656	50.193	50.242	23.326	2732.918	0	0	0	0.00	-135.000	-135.000	225.000	36.527
2025-01-01T02:44:36.619574  19287	18.696	18.798	22.967	24.015	18.212	27.399	26.755	23.289	21.678	29.978	50.198	50.242	23.407	2763.050	0	0	0	0.00	-135.000	-135.000	225.000	36.527
2025-01-01T02:44:37.819633  19288	18.857	18.804	22.886	23.934	18.132	27.238	26.674	23.451	21.678	29.897	50.186	50.242	23.487	2749.332	0	0	0	0.00	-135.000	-135.000	225.000	36.527
2025-01-01T02:44:39.019887  19289	18.857	18.809	22.806	24.095	18.132	27.641	26.513	22.967	21.758	30.059	50.192	50.161	23.326	2737.408	0	0	0	0.00	-135.000	-135.000	225.000	36.527
2025-01-01T02:44:40.219329  19290	18.938	18.822	22.886	23.934	18.132	27.319	26.593	23.451	21.516	29.736	50.189	50.161	23.326	2706.415	0	0	0	0.00	-135.000	-135.000	225.000	36.527
2025-01-01T02:44:41.419578  19291	18.777	18.818	23.209	24.176	18.051	27.238	26.432	23.289	21.839	29.656	50.194	50.161	23.326	2719.455	0	0	0	0.00	-135.000	-135.000	225.000	36.527
2025-01-01T02:44:42.620048  19292	18.696	18.805	23.209	24.337	18.132	27.560	26.513	23.370	21.839	29.656	50.199	50.242	23.407	2751.386	0	0	0	0.00	-135.000	-135.000	225.000	36.527
2025-01-01T02:44:43.819426  19293	18.857	18.811	23.209	24.095	18.132	27.399	26.674	23.289	21.436	29.736	50.187	50.242	23.407	2739.448	0	0	0	0.00	-135.000	-135.000	225.000	36.527
2025-01-01T02:44:45.019477  19294	18.857	18.815	23.128	24.095	18.132	27.480	26.835	23.289	21.355	29.736	50.184	50.161	23.246	2729.126	0	0	0	0.00	-135.000	-135.000	225.000	36.527
2025-01-01T02:44:46.219524  19295	18.938	18.828	23.289	24.256	18.132	27.319	26.755	23.531	21.758	29.575	50.174	50.323	23.487	2699.573	0	0	0	0.00	-135.000	-135.000	225.000	36.527
2025-01-01T02:44:47.419567  19296	18.857	18.831	22.967	24.256	18.212	27.319	26.835	23.692	21.839	29.575	50.189	50.484	23.487	2693.544	0	0	0	0.00	-135.000	-135.000	225.000	36.527
2025-01-01T02:44:48.619674  19297	18.938	18.841	23.128	24.095	18.132	27.319	26.755	23.531	21.758	29.736	50.194	50.323	23.487	2667.693	0	0	0	0.00	-135.000	-135.000	225.000	36.527
2025-01-01T02:44:49.819647  19298	18.857	18.843	23.289	24.256	18.212	27.560	26.755	23.531	21.597	29.656	50.207	50.323	23.326	2664.994	0	0	0	0.00	-135.000	-135.000	225.000	36.527
2025-01-01T02:44:51.020318  19299	18.857	18.844	23.048	24.256	18.051	27.158	26.593	23.289	21.839	29.575	50.219	50.242	23.407	2662.506	0	0	0	0.00	-135.000	-135.000	225.000	36.527
2025-01-01T02:44:52.219809  19300	18.938	18.854	22.967	23.934	18.132	27.480	26.835	23.451	21.516	29.897	50.213	50.242	23.326	2640.003	0	0	0	0.00	-135.000	-135.000	225.000	36.527
2025-01-01T02:44:53.419842  19301	18.777	18.846	23.048	24.176	17.890	27.319	26.513	23.209	21.919	29.736	50.216	50.242	23.487	2660.682	0	0	0	0.00	-135.000	-135.000	225.000	36.527
2025-01-01T02:44:54.619952  19302	18.857	18.847	23.048	24.015	18.051	27.319	26.593	23.289	21.436	29.817	50.210	50.242	23.326	2658.763	0	0	0	0.00	-135.000	-135.000	225.000	36.527
2025-01-01T02:44:55.819999  19303	18.777	18.840	23.128	24.095	17.971	27.399	26.593	23.289	21.436	29.575	50.214	50.242	23.326	2677.661	0	0	0	0.00	-135.000	-135.000	225.000	36.527
2025-01-01T02:44:57.019904  19304	18.777	18.834	23.128	24.095	18.132	27.158	26.916	23.692	21.597	29.575	50.224	50.403	23.487	2694.666	0	0	0	0.00	-135.000	-135.000	225.000	36.527
2025-01-01T02:44:58.220015  19305	18.777	18.828	22.967	24.095	18.293	27.319	26.755	23.531	21.678	29.817	50.202	50.081	23.568	2710.125	0	0	0	0.00	-135.000	-135.000	225.000	36.527
2025-01-01T02:44:59.420056  19306	18.857	18.831	23.370	24.176	18.132	27.319	26.513	23.289	21.678	29.656	50.206	50.242	23.407	2703.832	0	0	0	0.00	-135.000	-135.000	225.000	36.527
2025-01-01T02:45:00.620168  19307	18.696	18.817	23.128	24.095	18.293	27.319	26.835	23.370	21.516	29.817	50.193	50.242	23.568	2739.155	0	0	0	0.00	-135.000	-135.000	225.000	36.527
2025-01-01T02:45:01.820160  19308	18.938	18.829	23.209	24.256	18.293	27.480	26.674	22.967	21.839	29.736	50.190	50.242	23.568	2709.746	0	0	0	0.00	-135.000	-135.000	225.000	36.527
2025-01-01T02:45:03.020520  19309	18.777	18.824	23.370	23.934	17.971	27.399	26.593	23.289	21.758	29.736	50.171	50.161	23.568	2724.532	0	0	0	0.00	-135.000	-135.000	225.000	36.527
2025-01-01T02:45:04.220244  19310	18.938	18.835	23.048	23.934	18.293	27.480	26.835	23.531	21.758	29.736	50.170	50.161	23.326	2696.945	0	0	0	0.00	-135.000	-135.000	225.000	36.527
2025-01-01T02:45:05.420460  19311	18.857	18.838	23.128	24.337	18.212	27.319	26.674	23.128	21.516	29.575	50.161	50.161	23.487	2692.849	0	0	0	0.00	-135.000	-135.000	225.000	36.527
2025-01-01T02:45:06.620325  19312	18.857	18.840	23.128	24.095	18.293	27.480	26.755	23.048	21.597	29.736	50.169	50.161	23.326	2689.098	0	0	0	0.00	-135.000	-135.000	225.000	36.527
2025-01-01T02:45:07.820308  19313	18.777	18.833	23.531	24.015	18.132	27.399	26.513	23.773	21.758	29.736	50.161	50.242	23.568	2706.189	0	0	0	0.00	-135.000	-135.000	225.000	36.527
2025-01-01T02:45:09.020340  19314	19.018	18.852	23.048	24.256	18.374	27.399	26.674	23.370	21.597	29.897	50.169	50.242	23.326	2660.473	0	0	0	0.00	-135.000	-135.000	225.000	36.527
2025-01-01T02:45:10.220422  19315	18.857	18.852	23.370	24.256	18.454	27.238	26.755	23.531	21.516	29.817	50.176	50.323	23.487	2660.526	0	0	0	0.00	-135.000	-135.000	225.000	36.527
2025-01-01T02:45:11.420623  19316	18.857	18.853	23.451	24.015	18.535	27.158	26.674	23.531	21.839	29.656	50.175	50.242	23.407	2660.351	0	0	0	0.00	-135.000	-135.000	225.000	36.527
2025-01-01T02:45:12.620485  19317	18.938	18.861	23.209	24.095	18.615	27.319	26.755	23.370	21.758	29.656	50.181	50.323	23.407	2639.933	0	0	0	0.00	-135.000	-135.000	225.000	36.527
2025-01-01T02:45:13.820514  19318	19.018	18.877	23.531	24.015	18.535	27.399	26.593	23.128	21.516	29.817	50.179	50.403	23.487	2601.396	0	0	0	0.00	-135.000	-135.000	225.000	36.527
2025-01-01T02:45:15.020560  19319	19.018	18.891	23.451	24.256	18.454	27.399	26.835	23.692	21.516	29.897	50.194	50.403	23.487	2566.861	0	0	0	0.00	-135.000	-135.000	225.000	36.527
2025-01-01T02:45:16.220792  19320	19.099	18.912	23.128	24.176	18.535	27.399	26.755	23.692	22.000	29.817	50.190	50.242	23.568	2515.403	0	0	0	0.00	-135.000	-135.000	225.000	36.527
2025-01-01T02:45:17.420912  19321	18.938	18.914	23.289	24.095	18.293	27.399	26.755	23.692	21.839	29.575	50.196	50.242	23.487	2509.909	0	0	0	0.00	-135.000	-135.000	225.000	36.527
2025-01-01T02:45:18.620824  19322	19.179	18.941	23.531	24.256	18.535	27.319	26.674	23.612	21.678	29.897	50.192	50.161	23.407	2443.596	0	0	0	0.00	-135.000	-135.000	225.000	36.527
2025-01-01T02:45:19.820727  19323	19.179	18.965	23.451	24.176	18.535	27.560	26.996	23.451	21.678	29.656	50.173	50.161	23.568	2384.272	0	0	0	0.00	-135.000	-135.000	225.000	36.527
2025-01-01T02:45:21.021253  19324	19.099	18.978	23.451	24.256	18.535	27.319	26.593	23.289	21.758	29.897	50.180	50.242	23.487	2351.116	0	0	0	0.00	-135.000	-135.000	225.000	36.527
2025-01-01T02:45:22.220815  19325	19.018	18.982	23.289	24.256	18.535	27.238	26.835	23.612	21.516	29.575	50.170	50.081	23.649	2341.410	0	0	0	0.00	-135.000	-135.000	225.000	36.527
2025-01-01T02:45:23.421446  19326	18.857	18.970	23.451	24.176	18.535	27.480	26.674	23.209	21.839	29.897	50.177	50.242	23.407	2373.227	0	0	0	0.00	-135.000	-135.000	225.000	36.527
2025-01-01T02:45:24.621003  19327	19.179	18.991	23.209	24.176	18.535	27.319	26.916	23.289	21.839	29.817	50.184	50.161	23.407	2320.190	0	0	0	0.00	-135.000	-135.000	225.000	36.527
2025-01-01T02:45:25.820997  19328	19.179	19.010	23.209	24.176	18.454	27.560	26.996	23.209	21.839	29.817	50.197	50.242	23.407	2272.972	0	0	0	0.00	-135.000	-135.000	225.000	36.527
2025-01-01T02:45:27.021099  19329	18.938	19.002	23.209	24.256	18.454	27.560	26.916	23.370	21.919	29.978	50.202	50.323	23.568	2291.443	0	0	0	0.00	-135.000	-135.000	225.000	36.527
2025-01-01T02:45:28.221104  19330	18.857	18.988	23.128	24.176	18.374	27.319	26.674	23.289	21.597	29.736	50.214	50.242	23.407	2327.991	0	0	0	0.00	-135.000	-135.000	225.000	36.527
2025-01-01T02:45:29.421070  19331	19.179	19.007	23.370	23.934	18.535	27.560	26.835	23.612	21.516	29.736	50.201	50.242	23.568	2279.365	0	0	0	0.00	-135.000	-135.000	225.000	36.527
2025-01-01T02:45:30.621201  19332	19.099	19.016	22.967	24.015	18.615	27.399	26.916	23.289	21.436	29.897	50.205	50.242	23.326	2256.486	0	0	0	0.00	-135.000	-135.000	225.000	36.527
2025-01-01T02:45:31.821226  19333	18.857	19.000	23.209	24.095	18.615	27.399	26.513	23.531	21.678	29.897	50.192	50.161	23.487	2296.759	0	0	0	0.00	-135.000	-135.000	225.000	36.527
2025-01-01T02:45:33.021214  19334	18.938	18.994	22.886	24.095	18.454	27.399	26.674	23.209	22.000	29.736	50.205	50.242	23.568	2312.257	0	0	0	0.00	-135.000	-135.000	225.000	36.527
2025-01-01T02:45:34.221279  19335	18.938	18.988	22.967	24.176	18.374	27.319	26.755	23.612	22.000	29.656	50.217	50.242	23.487	2326.407	0	0	0	0.00	-135.000	-135.000	225.000	36.527
2025-01-01T02:45:35.421359  19336	19.018	18.991	22.967	23.853	18.615	27.399	26.835	23.531	21.436	29.978	50.195	50.242	23.487	2318.822	0	0	0	0.00	-135.000	-135.000	225.000	36.527
2025-01-01T02:45:36.621694  19337	19.099	19.002	23.209	24.095	18.454	27.560	26.674	23.289	21.597	29.736	50.200	50.242	23.487	2291.782	0	0	0	0.00	-135.000	-135.000	225.000	36.527
2025-01-01T02:45:37.821404  19338	18.857	18.988	22.886	24.176	18.454	27.560	26.835	23.451	21.919	29.897	50.220	50.242	23.568	2328.627	0	0	0	0.00	-135.000	-135.000	225.000	36.527
2025-01-01T02:45:39.021441  19339	18.938	18.983	22.725	24.337	18.535	27.399	26.755	23.370	21.758	29.736	50.206	50.161	23.649	2341.042	0	0	0	0.00	-135.000	-135.000	225.000	36.527
2025-01-01T02:45:40.221531  19340	18.938	18.978	22.886	24.095	18.535	27.238	26.835	23.612	21.597	29.817	50.218	50.242	23.568	2352.419	0	0	0	0.00	-135.000	-135.000	225.000	36.527
2025-01-01T02:45:41.421902  19341	19.018	18.982	22.806	24.256	18.535	27.560	26.593	23.128	21.758	29.978	50.212	50.161	23.487	2342.341	0	0	0	0.00	-135.000	-135.000	225.000	36.527
2025-01-01T02:45:42.621637  19342	19.018	18.986	22.886	24.256	18.535	27.238	26.916	23.531	21.758	29.736	50.207	50.242	23.568	2333.417	0	0	0	0.00	-135.000	-135.000	225.000	36.527
2025-01-01T02:45:43.821702  19343	19.018	18.989	22.725	24.176	18.454	27.399	26.916	23.289	21.919	29.897	50.211	50.323	23.568	2325.371	0	0	0	0.00	-135.000	-135.000	225.000	36.527
2025-01-01T02:45:45.021703  19344	19.099	19.000	23.128	24.015	18.535	27.399	26.674	23.612	21.678	29.736	50.198	50.161	23.649	2297.755	0	0	0	0.00	-135.000	-135.000	225.000	36.527
2025-01-01T02:45:46.221736  19345	19.018	19.002	22.886	24.015	18.535	27.319	26.835	23.128	21.758	29.656	50.202	50.403	23.407	2293.357	0	0	0	0.00	-135.000	-135.000	225.000	36.527
2025-01-01T02:45:47.421820  19346	18.938	18.995	22.967	24.095	18.535	27.238	26.674	23.612	21.758	30.139	50.198	50.161	23.407	2309.589	0	0	0	0.00	-135.000	-135.000	225.000	36.527
2025-01-01T02:45:48.621774  19347	19.099	19.006	22.725	24.176	18.293	27.722	26.835	23.451	22.081	29.495	50.186	50.242	23.649	2283.350	0	0	0	0.00	-135.000	-135.000	225.000	36.527
2025-01-01T02:45:49.821810  19348	19.179	19.023	22.725	24.176	18.454	27.399	26.755	23.209	22.081	29.656	50.200	50.242	23.407	2239.626	0	0	0	0.00	-135.000	-135.000	225.000	36.527
2025-01-01T02:45:51.021850  19349	18.857	19.007	22.645	24.095	18.132	27.399	26.674	23.370	22.081	29.656	50.212	50.242	23.487	2281.764	0	0	0	0.00	-135.000	-135.000	225.000	36.527
2025-01-01T02:45:52.221905  19350	18.938	19.000	22.725	23.934	18.454	27.319	26.835	23.531	21.516	29.817	50.215	50.242	23.487	2298.780	0	0	0	0.00	-135.000	-135.000	225.000	36.527
2025-01-01T02:45:53.422019  19351	18.938	18.993	22.403	24.015	18.454	27.158	26.916	23.451	21.355	29.897	50.226	50.242	23.407	2314.300	0	0	0	0.00	-135.000	-135.000	225.000	36.527
2025-01-01T02:45:54.621946  19352	19.099	19.004	22.403	24.095	18.212	27.480	26.755	23.370	21.919	29.817	50.236	50.403	23.487	2287.582	0	0	0	0.00	-135.000	-135.000	225.000	36.527
2025-01-01T02:45:55.822025  19353	19.018	19.005	22.484	23.934	18.374	27.399	26.835	23.370	21.597	29.817	50.236	50.161	23.407	2284.155	0	0	0	0.00	-135.000	-135.000	225.000	36.527
2025-01-01T02:45:57.022147  19354	19.179	19.023	22.403	24.015	18.374	27.560	26.916	23.370	21.436	29.978	50.245	50.242	23.407	2240.169	0	0	0	0.00	-135.000	-135.000	225.000	36.527
2025-01-01T02:45:58.222123  19355	19.018	19.022	22.645	24.256	18.374	27.158	26.755	23.451	21.516	29.897	50.236	50.161	23.407	2241.504	0	0	0	0.00	-135.000	-135.000	225.000	36.527
2025-01-01T02:45:59.422285  19356	19.099	19.030	22.645	23.934	18.374	27.399	26.996	23.128	21.678	29.897	50.237	50.081	23.407	2222.005	0	0	0	0.00	-135.000	-135.000	225.000	36.527
2025-01-01T02:46:00.622285  19357	19.179	19.045	22.806	24.337	18.374	27.560	26.835	23.370	21.758	29.736	50.238	50.242	23.568	2184.184	0	0	0	0.00	-135.000	-135.000	225.000	36.527
2025-01-01T02:46:01.822260  19358	18.857	19.026	22.806	24.095	18.374	27.238	26.755	23.692	21.516	29.817	50.206	50.161	23.649	2231.639	0	0	0	0.00	-135.000	-135.000	225.000	36.527
2025-01-01T02:46:03.022283  19359	19.018	19.025	22.564	24.015	18.374	27.480	26.674	22.967	21.839	30.059	50.209	50.242	23.407	2233.075	0	0	0	0.00	-135.000	-135.000	225.000	36.527
2025-01-01T02:46:04.222355  19360	18.857	19.009	22.806	24.015	18.293	27.319	26.674	23.451	21.839	29.978	50.213	50.161	23.407	2275.407	0	0	0	0.00	-135.000	-135.000	225.000	36.527
2025-01-01T02:46:05.422407  19361	18.857	18.993	22.886	24.015	18.374	27.238	26.593	23.451	21.919	29.897	50.207	50.242	23.649	2313.280	0	0	0	0.00	-135.000	-135.000	225.000	36.527
2025-01-01T02:46:06.622659  19362	19.099	19.004	22.403	24.095	18.293	27.399	26.996	23.692	21.839	29.736	50.219	50.403	23.568	2286.374	0	0	0	0.00	-135.000	-135.000	225.000	36.527
2025-01-01T02:46:07.822467  19363	19.018	19.005	22.645	24.095	18.374	27.238	26.674	23.289	21.758	30.059	50.229	50.161	23.487	2282.937	0	0	0	0.00	-135.000	-135.000	225.000	36.527
2025-01-01T02:46:09.022507  19364	19.018	19.007	22.645	24.095	18.615	27.399	26.916	23.048	21.597	29.978	50.231	50.161	23.407	2279.669	0	0	0	0.00	-135.000	-135.000	225.000	36.527
2025-01-01T02:46:10.223025  19365	18.938	19.000	22.403	24.176	18.454	27.319	26.755	23.128	21.758	29.736	50.232	50.242	23.487	2297.082	0	0	0	0.00	-135.000	-135.000	225.000	36.527
2025-01-01T02:46:11.422737  19366	19.179	19.018	22.645	24.015	18.374	27.480	26.674	23.209	21.597	29.817	50.233	50.242	23.487	2251.542	0	0	0	0.00	-135.000	-135.000	225.000	36.527
2025-01-01T02:46:12.622823  19367	19.018	19.018	22.564	24.095	18.454	27.238	26.593	23.451	21.758	29.736	50.226	50.242	23.487	2251.642	0	0	0	0.00	-135.000	-135.000	225.000	36.527
2025-01-01T02:46:13.822979  19368	18.938	19.010	22.564	24.176	18.374	27.319	26.755	23.531	21.678	29.978	50.235	50.242	23.487	2271.761	0	0	0	0.00	-135.000	-135.000	225.000	36.527
2025-01-01T02:46:15.022943  19369	19.260	19.035	22.645	24.337	18.454	27.399	26.755	23.209	21.758	30.139	50.236	50.161	23.729	2208.295	0	0	0	0.00	-135.000	-135.000	225.000	36.527
2025-01-01T02:46:16.222911  19370	19.179	19.049	22.645	24.256	18.454	27.399	26.755	23.531	21.758	29.897	50.237	50.242	23.568	2172.003	0	0	0	0.00	-135.000	-135.000	225.000	36.527
2025-01-01T02:46:17.422884  19371	19.179	19.062	22.725	24.095	18.615	27.238	26.755	23.531	21.758	29.817	50.237	50.242	23.568	2139.051	0	0	0	0.00	-135.000	-135.000	225.000	36.527
2025-01-01T02:46:18.622870  19372	18.857	19.042	22.806	24.095	18.454	27.480	26.755	23.451	21.597	29.817	50.221	50.161	23.649	2190.727	0	0	0	0.00	-135.000	-135.000	225.000	36.527
2025-01-01T02:46:19.822904  19373	19.099	19.048	22.645	24.015	18.696	27.238	26.755	23.209	21.839	29.978	50.224	50.242	23.487	2175.598	0	0	0	0.00	-135.000	-135.000	225.000	36.527
2025-01-01T02:46:21.023018  19374	19.179	19.061	22.645	24.176	18.615	27.480	26.674	23.289	21.839	29.817	50.217	50.081	23.487	2142.031	0	0	0	0.00	-135.000	-135.000	225.000	36.527
2025-01-01T02:46:22.223012  19375	19.099	19.065	22.403	24.256	18.454	27.238	26.674	23.451	21.597	29.817	50.204	50.161	23.649	2132.221	0	0	0	0.00	-135.000	-135.000	225.000	36.527
2025-01-01T02:46:23.423063  19376	18.938	19.052	22.564	24.176	18.212	27.238	26.835	23.209	21.597	29.656	50.216	50.242	23.487	2163.888	0	0	0	0.00	-135.000	-135.000	225.000	36.527
2025-01-01T02:46:24.623072  19377	19.179	19.065	22.564	24.095	18.535	27.399	26.593	23.773	21.919	29.978	50.226	50.242	23.649	2131.021	0	0	0	0.00	-135.000	-135.000	225.000	36.527
2025-01-01T02:46:25.823142  19378	19.099	19.068	22.484	24.256	18.454	27.319	26.674	23.128	21.919	29.978	50.220	50.242	23.649	2122.163	0	0	0	0.00	-135.000	-135.000	225.000	36.527
2025-01-01T02:46:27.023141  19379	19.099	19.071	22.725	24.015	18.454	27.238	26.593	23.451	21.597	29.817	50.222	50.242	23.568	2113.956	0	0	0	0.00	-135.000	-135.000	225.000	36.527
2025-01-01T02:46:28.223723  19380	19.018	19.066	22.564	24.095	18.454	27.560	26.674	23.289	22.081	29.897	50.232	50.403	23.649	2126.866	0	0	0	0.00	-135.000	-135.000	225.000	36.527
2025-01-01T02:46:29.423310  19381	19.018	19.061	22.564	24.256	18.454	27.480	26.593	23.370	21.678	30.139	50.225	50.323	23.568	2138.311	0	0	0	0.00	-135.000	-135.000	225.000	36.527
2025-01-01T02:46:30.623572  19382	19.179	19.073	22.645	24.337	18.374	27.399	26.916	23.451	21.597	29.897	50.211	50.242	23.649	2107.871	0	0	0	0.00	-135.000	-135.000	225.000	36.527
2025-01-01T02:46:31.823400  19383	19.099	19.076	22.242	24.015	18.454	27.319	26.996	23.128	21.839	29.978	50.214	50.242	23.407	2101.037	0	0	0	0.00	-135.000	-135.000	225.000	36.527
2025-01-01T02:46:33.023437  19384	19.018	19.070	22.725	24.337	18.374	27.560	26.755	23.451	21.839	29.736	50.200	50.081	23.649	2115.020	0	0	0	0.00	-135.000	-135.000	225.000	36.527
2025-01-01T02:46:34.223551  19385	19.099	19.073	22.322	24.176	18.374	27.399	26.755	23.612	21.516	29.736	50.213	50.323	23.487	2107.067	0	0	0	0.00	-135.000	-135.000	225.000	36.527
2025-01-01T02:46:35.423523  19386	19.018	19.067	22.403	24.256	18.535	27.158	26.755	23.370	21.758	30.059	50.224	50.242	23.487	2120.362	0	0	0	0.00	-135.000	-135.000	225.000	36.527
2025-01-01T02:46:36.623594  19387	19.018	19.062	22.403	24.256	18.535	27.158	26.835	23.289	21.839	29.978	50.217	50.323	23.487	2132.155	0	0	0	0.00	-135.000	-135.000	225.000	36.527
2025-01-01T02:46:37.823608  19388	19.179	19.074	22.403	24.176	18.454	27.319	26.835	23.289	22.000	29.736	50.204	50.323	23.649	2102.031	0	0	0	0.00	-135.000	-135.000	225.000	36.527
2025-01-01T02:46:39.023645  19389	19.260	19.093	22.564	24.015	18.374	27.399	26.755	23.209	21.516	29.736	50.199	50.081	23.407	2054.748	0	0	0	0.00	-135.000	-135.000	225.000	36.527
2025-01-01T02:46:40.223836  19390	19.018	19.085	22.484	24.095	18.535	27.158	26.916	23.612	21.355	30.059	50.196	50.081	23.407	2073.269	0	0	0	0.00	-135.000	-135.000	225.000	36.527
2025-01-01T02:46:41.423782  19391	19.018	19.079	22.645	24.015	18.535	27.399	26.916	23.531	22.000	29.817	50.192	50.161	23.407	2089.441	0	0	0	0.00	-135.000	-135.000	225.000	36.527
2025-01-01T02:46:42.623851  19392	19.099	19.081	22.564	24.095	18.615	27.319	26.755	23.128	21.919	29.978	50.189	50.161	23.568	2083.619	0	0	0	0.00	-135.000	-135.000	225.000	36.527
2025-01-01T02:46:43.823781  19393	19.341	19.107	22.806	24.015	18.696	27.158	26.835	23.289	21.597	29.978	50.186	50.242	23.407	2017.376	0	0	0	0.00	-135.000	-135.000	225.000	36.527
2025-01-01T02:46:45.023805  19394	19.260	19.122	22.484	24.256	18.615	27.399	26.755	23.128	21.758	30.220	50.192	50.081	23.407	1978.370	0	0	0	0.00	-135.000	-135.000	225.000	36.527
2025-01-01T02:46:46.223834  19395	19.260	19.136	22.484	24.095	18.696	27.480	26.755	23.451	21.919	29.978	50.181	50.161	23.568	1942.917	0	0	0	0.00	-135.000	-135.000	225.000	36.527
2025-01-01T02:46:47.424090  19396	19.099	19.132	22.645	24.256	18.696	27.238	26.755	23.612	21.919	29.897	50.187	50.161	23.568	1951.555	0	0	0	0.00	-135.000	-135.000	225.000	36.527
2025-01-01T02:46:48.624207  19397	19.421	19.161	22.725	24.176	18.777	27.319	26.996	23.531	21.758	29.736	50.184	50.323	23.568	1877.483	0	0	0	0.00	-135.000	-135.000	225.000	36.527
2025-01-01T02:46:49.824069  19398	19.179	19.163	22.806	24.256	18.777	27.480	26.755	23.289	21.919	30.059	50.190	50.403	23.487	1872.259	0	0	0	0.00	-135.000	-135.000	225.000	36.527
2025-01-01T02:46:51.024028  19399	19.018	19.148	22.564	24.256	18.857	27.158	26.835	23.370	21.919	29.978	50.203	50.403	23.649	1907.676	0	0	0	0.00	-135.000	-135.000	225.000	36.527
2025-01-01T02:46:52.224201  19400	19.260	19.160	22.484	24.015	18.777	27.238	26.835	23.209	21.597	29.736	50.207	50.242	23.487	1878.128	0	0	0	0.00	-135.000	-135.000	225.000	36.527
2025-01-01T02:46:53.424216  19401	19.179	19.162	22.564	24.176	18.696	27.238	26.674	23.692	21.678	29.897	50.203	50.323	23.487	1872.198	0	0	0	0.00	-135.000	-135.000	225.000	36.527
2025-01-01T02:46:54.624183  19402	19.179	19.163	22.161	24.176	18.857	27.480	26.916	23.451	21.758	30.059	50.207	50.242	23.326	1866.576	0	0	0	0.00	-135.000	-135.000	225.000	36.527
2025-01-01T02:46:55.824267  19403	19.260	19.173	22.403	24.176	18.857	27.399	26.674	23.289	21.678	30.139	50.202	50.323	23.487	1841.027	0	0	0	0.00	-135.000	-135.000	225.000	36.527
2025-01-01T02:46:57.024690  19404	19.260	19.182	22.242	24.337	18.777	27.238	26.835	23.531	21.919	29.897	50.198	50.323	23.649	1818.011	0	0	0	0.00	-135.000	-135.000	225.000	36.527
2025-01-01T02:46:58.224315  19405	19.099	19.173	22.242	24.256	18.857	27.238	26.835	23.612	21.516	29.897	50.178	50.161	23.649	1837.841	0	0	0	0.00	-135.000	-135.000	225.000	36.527
2025-01-01T02:46:59.424471  19406	19.179	19.174	22.242	24.176	18.696	27.319	26.835	23.289	21.678	30.139	50.185	50.161	23.487	1834.934	0	0	0	0.00	-135.000	-135.000	225.000	36.527
2025-01-01T02:47:00.624508  19407	19.260	19.183	22.322	24.337	18.615	27.399	26.916	23.370	22.000	29.817	50.206	50.161	23.487	1811.990	0	0	0	0.00	-135.000	-135.000	225.000	36.527
2025-01-01T02:47:01.824897  19408	19.341	19.198	22.322	24.176	18.777	27.319	26.916	23.370	21.839	29.817	50.218	50.323	23.568	1770.955	0	0	0	0.00	-135.000	-135.000	225.000	36.527
2025-01-01T02:47:03.024480  19409	19.260	19.205	22.242	24.095	18.777	27.319	26.755	23.531	21.919	29.736	50.228	50.161	23.487	1754.309	0	0	0	0.00	-135.000	-135.000	225.000	36.527
2025-01-01T02:47:04.224551  19410	19.179	19.202	22.161	23.934	18.857	27.399	26.755	23.531	21.839	30.220	50.222	50.161	23.487	1759.348	0	0	0	0.00	-135.000	-135.000	225.000	36.527
2025-01-01T02:47:05.424678  19411	19.502	19.232	22.322	24.176	18.696	27.399	26.835	23.209	21.678	29.736	50.224	50.161	23.487	1682.139	0	0	0	0.00	-135.000	-135.000	225.000	36.527
2025-01-01T02:47:06.624789  19412	19.341	19.243	22.242	24.176	18.615	27.399	26.835	23.289	21.839	29.897	50.226	50.403	23.568	1653.674	0	0	0	0.00	-135.000	-135.000	225.000	36.527
2025-01-01T02:47:07.824705  19413	19.260	19.245	22.484	24.176	18.777	27.560	26.755	23.692	21.919	29.897	50.219	50.242	23.568	1647.858	0	0	0	0.00	-135.000	-135.000	225.000	36.527
2025-01-01T02:47:09.024765  19414	19.341	19.254	22.403	24.095	18.777	27.319	26.916	23.692	21.597	29.817	50.213	50.323	23.568	1621.916	0	0	0	0.00	-135.000	-135.000	225.000	36.527
2025-01-01T02:47:10.224763  19415	19.099	19.239	22.081	24.337	18.535	27.560	26.755	23.370	21.678	29.817	50.224	50.323	23.487	1659.586	0	0	0	0.00	-135.000	-135.000	225.000	36.527
2025-01-01T02:47:11.424764  19416	18.938	19.209	22.081	24.176	18.535	27.480	26.674	23.531	22.081	29.817	50.226	50.242	23.407	1733.662	0	0	0	0.00	-135.000	-135.000	225.000	36.527
2025-01-01T02:47:12.624934  19417	19.179	19.206	22.081	23.853	18.696	27.319	26.674	23.451	21.597	29.897	50.228	50.242	23.407	1738.960	0	0	0	0.00	-135.000	-135.000	225.000	36.527
2025-01-01T02:47:13.824925  19418	19.018	19.187	22.161	24.256	18.696	27.399	26.755	23.531	21.678	29.817	50.229	50.161	23.407	1784.812	0	0	0	0.00	-135.000	-135.000	225.000	36.527
2025-01-01T02:47:15.024902  19419	19.179	19.186	22.161	24.498	18.615	27.238	26.513	23.128	21.597	30.139	50.222	50.323	23.568	1785.018	0	0	0	0.00	-135.000	-135.000	225.000	36.527
2025-01-01T02:47:16.225010  19420	19.099	19.177	22.403	24.256	18.777	27.399	26.755	23.451	21.758	29.817	50.208	50.242	23.649	1805.765	0	0	0	0.00	-135.000	-135.000	225.000	36.527
2025-01-01T02:47:17.425116  19421	19.179	19.178	22.000	24.176	18.535	27.238	26.835	23.289	21.678	29.736	50.195	50.161	23.729	1803.842	0	0	0	0.00	-135.000	-135.000	225.000	36.527
2025-01-01T02:47:18.625044  19422	19.179	19.178	21.919	24.176	18.696	27.319	26.755	23.451	22.000	29.656	50.200	50.161	23.568	1802.144	0	0	0	0.00	-135.000	-135.000	225.000	36.527
2025-01-01T02:47:19.825287  19423	19.502	19.210	21.839	24.095	18.777	27.399	26.674	23.048	21.516	30.139	50.204	50.161	23.407	1719.037	0	0	0	0.00	-135.000	-135.000	225.000	36.527
2025-01-01T02:47:21.025176  19424	19.179	19.207	22.081	24.176	18.696	27.238	26.755	23.612	21.758	29.978	50.200	50.081	23.407	1725.988	0	0	0	0.00	-135.000	-135.000	225.000	36.527
2025-01-01T02:47:22.225174  19425	19.260	19.212	22.081	24.256	18.696	27.158	26.835	23.531	21.597	30.139	50.196	50.242	23.568	1711.110	0	0	0	0.00	-135.000	-135.000	225.000	36.527
2025-01-01T02:47:23.425182  19426	19.260	19.217	22.081	24.256	18.615	27.480	26.755	23.692	21.758	30.059	50.201	50.242	23.649	1697.698	0	0	0	0.00	-135.000	-135.000	225.000	36.527
2025-01-01T02:47:24.625349  19427	19.341	19.230	21.758	24.176	18.857	27.319	26.916	23.370	22.000	30.139	50.197	50.323	23.568	1665.083	0	0	0	0.00	-135.000	-135.000	225.000	36.527
2025-01-01T02:47:25.825522  19428	19.179	19.225	21.839	24.418	18.615	27.480	26.916	23.451	22.000	29.897	50.201	50.242	23.487	1676.380	0	0	0	0.00	-135.000	-135.000	225.000	36.527
2025-01-01T02:47:27.025397  19429	19.260	19.228	21.919	24.256	18.535	27.399	26.755	23.209	21.839	29.736	50.205	50.242	23.487	1665.738	0	0	0	0.00	-135.000	-135.000	225.000	36.527
2025-01-01T02:47:28.225367  19430	19.260	19.231	21.839	24.176	18.535	27.319	26.755	23.289	22.081	29.736	50.209	50.242	23.649	1656.139	0	0	0	0.00	-135.000	-135.000	225.000	36.527
2025-01-01T02:47:29.425544  19431	19.179	19.226	22.081	24.176	18.535	27.399	26.593	23.612	21.678	29.736	50.220	50.323	23.487	1667.679	0	0	0	0.00	-135.000	-135.000	225.000	36.527
2025-01-01T02:47:30.625853  19432	19.179	19.221	21.919	24.176	18.535	27.480	26.674	23.531	22.000	29.736	50.214	50.242	23.487	1677.777	0	0	0	0.00	-135.000	-135.000	225.000	36.527
2025-01-01T02:47:31.825487  19433	19.099	19.209	21.758	24.176	18.615	27.480	26.835	23.370	22.081	29.978	50.201	50.242	23.649	1707.106	0	0	0	0.00	-135.000	-135.000	225.000	36.527
2025-01-01T02:47:33.025547  19434	19.179	19.206	21.839	24.256	18.454	27.480	26.755	23.451	22.000	29.736	50.205	50.242	23.487	1712.906	0	0	0	0.00	-135.000	-135.000	225.000	36.527
2025-01-01T02:47:34.225590  19435	19.099	19.196	21.678	24.176	18.454	27.238	26.916	23.209	21.839	29.817	50.209	50.161	23.487	1738.529	0	0	0	0.00	-135.000	-135.000	225.000	36.527
2025-01-01T02:47:35.425903  19436	19.099	19.186	21.597	24.095	18.696	27.158	26.996	23.612	21.516	29.978	50.204	50.161	23.487	1761.358	0	0	0	0.00	-135.000	-135.000	225.000	36.527
2025-01-01T02:47:36.625653  19437	19.260	19.193	21.839	24.015	18.696	27.158	26.674	23.370	21.839	29.978	50.200	50.242	23.568	1741.105	0	0	0	0.00	-135.000	-135.000	225.000	36.527
2025-01-01T02:47:37.825725  19438	19.099	19.184	21.678	24.176	18.535	27.319	26.755	23.531	21.919	29.817	50.196	50.242	23.649	1763.745	0	0	0	0.00	-135.000	-135.000	225.000	36.527
2025-01-01T02:47:39.026017  19439	19.341	19.200	21.919	24.337	18.535	27.399	26.755	23.531	21.758	29.897	50.201	50.161	23.568	1722.640	0	0	0	0.00	-135.000	-135.000	225.000	36.527
2025-01-01T02:47:40.225874  19440	19.099	19.189	21.758	24.176	18.535	27.319	26.755	23.370	21.919	29.897	50.205	50.323	23.568	1746.982	0	0	0	0.00	-135.000	-135.000	225.000	36.527
2025-01-01T02:47:41.425849  19441	19.099	19.180	21.758	24.256	18.374	27.399	26.916	23.289	21.919	30.059	50.216	50.323	23.568	1768.335	0	0	0	0.00	-135.000	-135.000	225.000	36.527
2025-01-01T02:47:42.625898  19442	19.179	19.180	21.758	24.095	18.535	27.238	26.996	23.289	21.839	29.817	50.211	50.242	23.487	1767.122	0	0	0	0.00	-135.000	-135.000	225.000	36.527
2025-01-01T02:47:43.825922  19443	19.260	19.188	21.758	24.418	18.535	27.560	26.755	23.289	22.000	29.817	50.198	50.161	23.649	1745.701	0	0	0	0.00	-135.000	-135.000	225.000	36.527
2025-01-01T02:47:45.026034  19444	19.260	19.195	21.597	24.256	18.374	27.560	26.674	23.209	21.839	29.736	50.210	50.242	23.487	1726.401	0	0	0	0.00	-135.000	-135.000	225.000	36.527
2025-01-01T02:47:46.226023  19445	19.099	19.186	21.516	24.256	18.454	27.480	26.755	23.612	21.516	29.897	50.222	50.161	23.407	1749.579	0	0	0	0.00	-135.000	-135.000	225.000	36.527
2025-01-01T02:47:47.426063  19446	19.099	19.177	21.758	24.095	18.615	27.158	26.916	23.692	21.597	29.897	50.224	50.323	23.649	1770.045	0	0	0	0.00	-135.000	-135.000	225.000	36.527
2025-01-01T02:47:48.626195  19447	19.260	19.185	21.597	24.256	18.454	27.158	26.755	23.531	21.516	29.978	50.217	50.403	23.568	1747.669	0	0	0	0.00	-135.000	-135.000	225.000	36.527
2025-01-01T02:47:49.826409  19448	19.260	19.193	21.597	24.256	18.374	27.480	26.674	23.531	22.000	29.736	50.220	50.242	23.487	1727.672	0	0	0	0.00	-135.000	-135.000	225.000	36.527
2025-01-01T02:47:51.026289  19449	19.179	19.192	21.758	24.176	18.454	27.319	26.835	23.612	21.839	30.059	50.222	50.323	23.568	1729.855	0	0	0	0.00	-135.000	-135.000	225.000	36.527
2025-01-01T02:47:52.226315  19450	19.099	19.182	21.678	24.256	18.293	27.399	26.996	23.451	21.758	29.736	50.216	50.242	23.649	1751.898	0	0	0	0.00	-135.000	-135.000	225.000	36.527
2025-01-01T02:47:53.426298  19451	19.099	19.174	21.839	24.015	18.535	27.238	26.593	23.531	21.758	29.656	50.219	50.403	23.487	1771.504	0	0	0	0.00	-135.000	-135.000	225.000	36.527
2025-01-01T02:47:54.626331  19452	19.421	19.199	21.516	24.095	18.535	27.641	26.674	23.209	21.597	29.817	50.229	50.242	23.407	1707.625	0	0	0	0.00	-135.000	-135.000	225.000	36.527
2025-01-01T02:47:55.826390  19453	19.179	19.197	21.678	24.176	18.615	27.319	26.835	23.612	21.839	29.897	50.230	50.242	23.649	1711.578	0	0	0	0.00	-135.000	-135.000	225.000	36.527
2025-01-01T02:47:57.026422  19454	19.179	19.195	21.597	24.256	18.615	27.399	26.916	23.370	21.355	29.817	50.215	50.081	23.729	1714.524	0	0	0	0.00	-135.000	-135.000	225.000	36.527
2025-01-01T02:47:58.226466  19455	19.099	19.185	21.678	24.095	18.374	27.319	26.593	23.692	21.516	29.817	50.194	50.242	23.649	1737.412	0	0	0	0.00	-135.000	-135.000	225.000	36.527
2025-01-01T02:47:59.426566  19456	19.099	19.177	21.678	24.176	18.615	27.158	26.835	23.531	21.678	29.978	50.183	50.000	23.649	1757.785	0	0	0	0.00	-135.000	-135.000	225.000	36.527
2025-01-01T02:48:00.626551  19457	18.938	19.153	21.597	24.256	18.535	27.319	26.755	23.692	21.597	29.736	50.172	50.161	23.729	1816.777	0	0	0	0.00	-135.000	-135.000	225.000	36.527
2025-01-01T02:48:01.826662  19458	19.099	19.147	21.597	24.176	18.374	27.319	26.755	23.209	21.678	29.897	50.171	50.242	23.649	1828.864	0	0	0	0.00	-135.000	-135.000	225.000	36.527
2025-01-01T02:48:03.026879  19459	18.938	19.126	21.919	24.176	18.374	27.560	26.593	23.289	21.839	29.897	50.162	50.323	23.568	1880.723	0	0	0	0.00	-135.000	-135.000	225.000	36.527
2025-01-01T02:48:04.226680  19460	19.099	19.124	21.597	24.256	18.615	27.480	26.996	23.209	21.597	29.897	50.170	50.242	23.487	1886.388	0	0	0	0.00	-135.000	-135.000	225.000	36.527
2025-01-01T02:48:05.426722  19461	19.179	19.129	21.597	24.015	18.374	27.319	26.593	23.209	21.839	29.736	50.185	50.242	23.487	1871.378	0	0	0	0.00	-135.000	-135.000	225.000	36.527
2025-01-01T02:48:06.626771  19462	19.099	19.126	21.839	24.176	18.454	27.399	26.593	23.773	21.678	29.656	50.191	50.323	23.487	1878.268	0	0	0	0.00	-135.000	-135.000	225.000	36.527
2025-01-01T02:48:07.826855  19463	19.260	19.140	21.516	24.015	18.374	27.480	26.835	23.370	21.436	30.059	50.188	50.242	23.407	1843.511	0	0	0	0.00	-135.000	-135.000	225.000	36.527
2025-01-01T02:48:09.026999  19464	19.260	19.152	21.436	24.176	18.535	27.319	26.835	23.209	21.919	29.978	50.185	50.161	23.568	1812.369	0	0	0	0.00	-135.000	-135.000	225.000	36.527
2025-01-01T02:48:10.227021  19465	19.099	19.146	21.678	24.256	18.293	27.319	26.755	23.370	21.758	29.736	50.199	50.403	23.568	1824.884	0	0	0	0.00	-135.000	-135.000	225.000	36.527
2025-01-01T02:48:11.426936  19466	19.018	19.134	21.436	24.256	18.293	27.319	26.674	23.370	21.597	29.897	50.211	50.242	23.568	1856.124	0	0	0	0.00	-135.000	-135.000	225.000	36.527
2025-01-01T02:48:12.627001  19467	19.018	19.122	21.355	24.337	18.293	27.319	26.674	23.531	21.839	29.736	50.198	50.161	23.729	1884.064	0	0	0	0.00	-135.000	-135.000	225.000	36.527
2025-01-01T02:48:13.827021  19468	19.179	19.128	21.275	24.256	18.293	27.238	26.916	23.531	21.839	29.817	50.187	50.161	23.568	1868.471	0	0	0	0.00	-135.000	-135.000	225.000	36.527
2025-01-01T02:48:15.027190  19469	19.260	19.141	21.275	24.015	18.293	27.480	26.755	23.128	21.597	30.059	50.184	50.161	23.407	1834.270	0	0	0	0.00	-135.000	-135.000	225.000	36.527
2025-01-01T02:48:16.227108  19470	19.018	19.129	21.516	24.176	18.293	27.319	26.674	23.531	21.919	29.817	50.190	50.242	23.487	1864.559	0	0	0	0.00	-135.000	-135.000	225.000	36.527
2025-01-01T02:48:17.427318  19471	19.099	19.126	21.275	24.015	18.212	27.238	26.755	23.209	21.597	29.978	50.179	50.242	23.487	1870.960	0	0	0	0.00	-135.000	-135.000	225.000	36.527
2025-01-01T02:48:18.627285  19472	18.857	19.099	21.516	24.256	18.051	27.238	26.432	23.370	21.516	29.978	50.177	50.242	23.407	1937.902	0	0	0	0.00	-135.000	-135.000	225.000	36.527
2025-01-01T02:48:19.827213  19473	19.018	19.091	21.597	23.934	18.051	27.319	26.674	23.048	21.919	30.059	50.176	50.161	23.487	1957.042	0	0	0	0.00	-135.000	-135.000	225.000	36.527
2025-01-01T02:48:21.027274  19474	18.857	19.067	21.275	24.015	18.051	27.238	26.593	23.451	21.597	29.575	50.182	50.242	23.487	2015.302	0	0	0	0.00	-135.000	-135.000	225.000	36.527
2025-01-01T02:48:22.227393  19475	19.179	19.079	21.275	23.853	18.293	27.399	26.674	23.451	21.436	29.978	50.180	50.242	23.326	1986.060	0	0	0	0.00	-135.000	-135.000	225.000	36.527
2025-01-01T02:48:23.427360  19476	18.777	19.048	21.275	24.015	17.890	27.319	26.755	23.612	21.436	29.897	50.154	50.242	23.568	2062.080	0	0	0	0.00	-135.000	-135.000	225.000	36.527
2025-01-01T02:48:24.627474  19477	19.018	19.045	21.194	24.015	17.890	27.319	26.674	23.451	21.355	29.817	50.155	50.161	23.407	2068.757	0	0	0	0.00	-135.000	-135.000	225.000	36.527
2025-01-01T02:48:25.827492  19478	18.857	19.027	21.194	24.095	18.132	27.238	26.513	23.451	21.194	29.978	50.164	50.242	23.407	2115.965	0	0	0	0.00	-135.000	-135.000	225.000	36.527
2025-01-01T02:48:27.027502  19479	18.938	19.018	21.194	24.176	17.971	27.158	26.593	23.370	21.678	29.736	50.179	50.323	23.407	2137.867	0	0	0	0.00	-135.000	-135.000	225.000	36.527
2025-01-01T02:48:28.227536  19480	19.018	19.018	21.355	23.853	18.051	27.399	26.755	23.370	21.597	29.817	50.186	50.323	23.407	2137.420	0	0	0	0.00	-135.000	-135.000	225.000	36.527
2025-01-01T02:48:29.427667  19481	18.938	19.010	21.355	24.176	18.132	27.399	26.513	23.370	21.436	29.978	50.183	50.242	23.326	2157.531	0	0	0	0.00	-135.000	-135.000	225.000	36.527
2025-01-01T02:48:30.627754  19482	18.777	18.986	21.516	24.015	18.212	27.319	26.593	23.692	21.597	29.656	50.181	50.323	23.407	2216.240	0	0	0	0.00	-135.000	-135.000	225.000	36.527
2025-01-01T02:48:31.827811  19483	18.938	18.982	21.275	24.256	17.810	27.399	26.755	23.209	21.678	29.656	50.195	50.161	23.326	2228.183	0	0	0	0.00	-135.000	-135.000	225.000	36.527
2025-01-01T02:48:33.027799  19484	18.857	18.969	21.516	24.015	17.971	27.238	26.513	23.289	21.597	29.736	50.200	50.242	23.326	2259.659	0	0	0	0.00	-135.000	-135.000	225.000	36.527
2025-01-01T02:48:34.227828  19485	18.857	18.958	21.355	24.095	17.890	27.238	26.835	23.370	21.516	29.897	50.212	50.323	23.407	2287.928	0	0	0	0.00	-135.000	-135.000	225.000	36.527
2025-01-01T02:48:35.427867  19486	18.857	18.948	21.597	24.176	17.890	27.319	26.513	23.209	21.436	29.817	50.215	50.323	23.487	2313.471	0	0	0	0.00	-135.000	-135.000	225.000	36.527
2025-01-01T02:48:36.627904  19487	18.777	18.931	21.678	24.176	17.890	27.238	26.513	23.612	21.436	29.656	50.210	50.242	23.326	2356.922	0	0	0	0.00	-135.000	-135.000	225.000	36.527
2025-01-01T02:48:37.827960  19488	18.777	18.915	21.597	24.095	17.971	27.480	26.674	23.692	21.516	29.978	50.197	50.161	23.487	2396.023	0	0	0	0.00	-135.000	-135.000	225.000	36.527
2025-01-01T02:48:39.028035  19489	18.696	18.893	21.758	24.015	17.810	27.480	26.513	23.612	21.597	29.736	50.185	50.161	23.487	2451.736	0	0	0	0.00	-135.000	-135.000	225.000	36.527
2025-01-01T02:48:40.228101  19490	18.857	18.890	21.758	24.015	18.051	27.238	26.674	23.451	21.597	29.736	50.183	50.161	23.326	2461.201	0	0	0	0.00	-135.000	-135.000	225.000	36.527
2025-01-01T02:48:41.428013  19491	18.857	18.887	21.516	24.015	17.890	27.399	26.674	23.531	21.597	29.736	50.173	50.242	23.487	2470.143	0	0	0	0.00	-135.000	-135.000	225.000	36.527
2025-01-01T02:48:42.628134  19492	18.857	18.884	21.758	24.256	17.890	27.480	26.593	23.451	21.194	29.817	50.163	50.242	23.487	2478.290	0	0	0	0.00	-135.000	-135.000	225.000	36.527
2025-01-01T02:48:43.828114  19493	18.777	18.873	21.839	24.176	17.648	27.238	26.593	23.289	21.355	29.656	50.155	50.161	23.407	2506.085	0	0	0	0.00	-135.000	-135.000	225.000	36.527
2025-01-01T02:48:45.028151  19494	19.018	18.887	21.678	24.095	17.890	27.319	26.674	23.128	21.758	29.736	50.148	50.242	23.568	2470.005	0	0	0	0.00	-135.000	-135.000	225.000	36.527
2025-01-01T02:48:46.228251  19495	18.938	18.892	21.758	24.176	18.051	27.480	26.835	23.370	21.436	29.736	50.149	50.161	23.407	2458.369	0	0	0	0.00	-135.000	-135.000	225.000	36.527
2025-01-01T02:48:47.428327  19496	18.777	18.881	22.161	24.095	17.810	27.641	26.674	23.531	21.516	29.736	50.142	50.242	23.487	2488.503	0	0	0	0.00	-135.000	-135.000	225.000	36.527
2025-01-01T02:48:48.628276  19497	18.777	18.870	22.161	24.095	18.051	27.158	26.755	23.289	21.275	30.059	50.152	50.161	23.326	2515.461	0	0	0	0.00	-135.000	-135.000	225.000	36.527
2025-01-01T02:48:49.828507  19498	18.777	18.861	22.081	23.934	18.132	27.399	26.593	23.451	21.194	29.978	50.153	50.242	23.487	2539.878	0	0	0	0.00	-135.000	-135.000	225.000	36.527
2025-01-01T02:48:51.028523  19499	18.857	18.861	22.000	24.015	17.810	27.399	26.593	23.692	21.678	29.817	50.154	50.242	23.407	2541.646	0	0	0	0.00	-135.000	-135.000	225.000	36.527
2025-01-01T02:48:52.228532  19500	18.857	18.860	22.161	24.256	17.890	27.399	26.755	23.209	21.436	29.817	50.155	50.403	23.407	2543.501	0	0	0	0.00	-135.000	-135.000	225.000	36.527
2025-01-01T02:48:53.428450  19501	18.938	18.868	22.242	24.015	17.971	27.158	26.593	23.370	21.597	29.817	50.163	50.323	23.487	2524.903	0	0	0	0.00	-135.000	-135.000	225.000	36.527
2025-01-01T02:48:54.628519  19502	18.696	18.851	22.161	24.176	18.132	27.319	26.352	23.612	21.839	29.817	50.163	50.323	23.407	2569.461	0	0	0	0.00	-135.000	-135.000	225.000	36.527
2025-01-01T02:48:55.828552  19503	18.857	18.851	22.000	24.015	17.890	27.238	26.755	23.612	21.597	29.736	50.163	50.161	23.487	2568.566	0	0	0	0.00	-135.000	-135.000	225.000	36.527
2025-01-01T02:48:57.028588  19504	18.777	18.844	21.839	24.015	18.051	27.399	26.593	23.370	21.597	29.575	50.171	50.161	23.326	2588.546	0	0	0	0.00	-135.000	-135.000	225.000	36.527
2025-01-01T02:48:58.228624  19505	18.696	18.829	22.161	24.256	18.051	27.158	26.674	23.451	21.436	29.978	50.170	50.161	23.407	2626.890	0	0	0	0.00	-135.000	-135.000	225.000	36.527
2025-01-01T02:48:59.428773  19506	18.938	18.840	22.161	23.934	17.890	27.399	26.352	23.451	21.597	29.897	50.169	50.081	23.407	2600.360	0	0	0	0.00	-135.000	-135.000	225.000	36.527
2025-01-01T02:49:00.628784  19507	18.696	18.826	22.322	24.015	17.971	27.238	26.755	23.612	21.194	29.897	50.168	50.242	23.246	2638.102	0	0	0	0.00	-135.000	-135.000	225.000	36.527
2025-01-01T02:49:01.828884  19508	18.938	18.837	22.161	24.095	17.890	27.319	26.674	23.048	21.436	29.817	50.176	50.161	23.326	2610.703	0	0	0	0.00	-135.000	-135.000	225.000	36.527
2025-01-01T02:49:03.028887  19509	18.696	18.823	22.484	24.015	17.971	27.238	26.674	23.289	21.355	29.736	50.182	50.242	23.407	2647.664	0	0	0	0.00	-135.000	-135.000	225.000	36.527
2025-01-01T02:49:04.228891  19510	18.777	18.818	22.322	24.256	17.890	27.158	26.513	23.612	21.758	29.575	50.172	50.161	23.487	2660.297	0	0	0	0.00	-135.000	-135.000	225.000	36.527
2025-01-01T02:49:05.428978  19511	18.938	18.830	22.161	24.176	17.810	27.319	26.755	23.612	21.597	29.817	50.179	50.242	23.487	2631.252	0	0	0	0.00	-135.000	-135.000	225.000	36.527
2025-01-01T02:49:06.628992  19512	18.857	18.833	22.322	24.095	17.810	27.319	26.593	23.451	21.597	29.575	50.185	50.242	23.568	2625.846	0	0	0	0.00	-135.000	-135.000	225.000	36.527
2025-01-01T02:49:07.829098  19513	18.857	18.835	22.081	24.015	17.971	27.480	26.513	23.209	21.516	29.736	50.199	50.242	23.326	2620.915	0	0	0	0.00	-135.000	-135.000	225.000	36.527
2025-01-01T02:49:09.029145  19514	18.938	18.845	22.484	24.015	17.810	27.399	26.593	23.612	21.678	29.736	50.203	50.242	23.487	2596.216	0	0	0	0.00	-135.000	-135.000	225.000	36.527
2025-01-01T02:49:10.229195  19515	18.857	18.847	22.564	24.015	17.810	27.480	26.513	23.209	21.597	29.978	50.199	50.161	23.326	2594.552	0	0	0	0.00	-135.000	-135.000	225.000	36.527
2025-01-01T02:49:11.429185  19516	18.777	18.840	22.484	24.176	17.729	27.480	26.513	23.612	21.597	29.656	50.203	50.323	23.246	2613.362	0	0	0	0.00	-135.000	-135.000	225.000	36.527
2025-01-01T02:49:12.629150  19517	18.777	18.833	22.322	24.015	17.890	27.319	26.674	23.209	21.436	29.817	50.207	50.161	23.487	2630.284	0	0	0	0.00	-135.000	-135.000	225.000	36.527
2025-01-01T02:49:13.829354  19518	18.777	18.828	22.161	23.853	17.890	27.238	26.674	23.370	21.436	29.978	50.211	50.161	23.246	2645.668	0	0	0	0.00	-135.000	-135.000	225.000	36.527
2025-01-01T02:49:15.029250  19519	18.857	18.831	22.161	24.095	17.810	27.319	26.593	23.209	21.597	29.656	50.198	50.323	23.407	2639.310	0	0	0	0.00	-135.000	-135.000	225.000	36.527
2025-01-01T02:49:16.229273  19520	18.857	18.833	22.242	24.015	17.810	27.399	26.593	23.128	21.516	29.897	50.202	50.161	23.165	2633.845	0	0	0	0.00	-135.000	-135.000	225.000	36.527
2025-01-01T02:49:17.429326  19521	18.857	18.836	22.484	24.015	17.729	27.238	26.432	23.289	21.114	29.736	50.198	50.242	23.246	2629.031	0	0	0	0.00	-135.000	-135.000	225.000	36.527
2025-01-01T02:49:18.629361  19522	18.615	18.814	22.322	24.015	17.648	27.399	26.674	23.451	21.597	29.736	50.194	50.161	23.407	2685.889	0	0	0	0.00	-135.000	-135.000	225.000	36.527
2025-01-01T02:49:19.829500  19523	18.696	18.802	22.484	24.015	17.729	27.399	26.513	23.531	21.678	29.817	50.175	50.242	23.407	2716.482	0	0	0	0.00	-135.000	-135.000	225.000	36.527
2025-01-01T02:49:21.029575  19524	18.535	18.775	22.322	24.015	17.648	27.238	26.755	23.209	21.436	29.817	50.182	50.323	23.326	2785.121	0	0	0	0.00	-135.000	-135.000	225.000	36.527
2025-01-01T02:49:22.229491  19525	18.696	18.767	22.403	23.934	17.648	27.560	26.674	23.289	21.516	29.656	50.180	50.242	23.326	2806.168	0	0	0	0.00	-135.000	-135.000	225.000	36.527
2025-01-01T02:49:23.429597  19526	18.615	18.752	22.564	24.015	17.890	27.319	26.755	23.289	21.597	29.817	50.178	50.161	23.165	2846.010	0	0	0	0.00	-135.000	-135.000	225.000	36.527
2025-01-01T02:49:24.629579  19527	18.615	18.738	22.645	24.015	17.729	27.319	26.593	23.209	21.516	29.817	50.168	50.161	23.326	2881.977	0	0	0	0.00	-135.000	-135.000	225.000	36.527
2025-01-01T02:49:25.829629  19528	18.777	18.742	22.403	24.176	17.648	27.399	26.593	23.209	21.355	29.656	50.167	50.323	23.407	2873.885	0	0	0	0.00	-135.000	-135.000	225.000	36.527
2025-01-01T02:49:27.029770  19529	18.777	18.746	22.484	24.095	17.648	27.158	26.835	23.289	21.194	29.817	50.191	50.323	23.407	2867.086	0	0	0	0.00	-135.000	-135.000	225.000	36.527
2025-01-01T02:49:28.229785  19530	18.777	18.749	22.564	24.015	17.810	27.158	26.755	23.531	21.436	29.736	50.212	50.403	23.407	2861.122	0	0	0	0.00	-135.000	-135.000	225.000	36.527
2025-01-01T02:49:29.429790  19531	18.615	18.735	22.806	24.095	17.568	27.399	26.513	23.209	21.597	29.817	50.223	50.323	23.407	2896.638	0	0	0	0.00	-135.000	-135.000	225.000	36.527
2025-01-01T02:49:30.629872  19532	18.615	18.723	22.645	23.773	17.810	27.319	26.674	22.967	21.275	29.897	50.225	50.323	23.246	2928.551	0	0	0	0.00	-135.000	-135.000	225.000	36.527
2025-01-01T02:49:31.830162  19533	18.615	18.713	22.403	24.015	17.729	27.238	26.513	23.289	21.355	29.897	50.219	50.242	23.326	2957.537	0	0	0	0.00	-135.000	-135.000	225.000	36.527
2025-01-01T02:49:33.030020  19534	18.777	18.719	22.484	23.853	17.648	27.480	26.593	23.451	21.436	29.897	50.213	50.242	23.246	2943.167	0	0	0	0.00	-135.000	-135.000	225.000	36.527
2025-01-01T02:49:34.230007  19535	18.535	18.701	22.645	24.256	17.648	27.319	26.593	23.612	21.516	29.897	50.224	50.242	23.246	2991.812	0	0	0	0.00	-135.000	-135.000	225.000	36.527
2025-01-01T02:49:35.429966  19536	18.535	18.684	22.645	24.015	17.568	27.399	26.593	23.370	21.114	29.897	50.210	50.081	23.487	3035.434	0	0	0	0.00	-135.000	-135.000	225.000	36.527
2025-01-01T02:49:36.630147  19537	18.615	18.677	22.806	23.934	17.729	27.319	26.513	23.451	21.194	29.656	50.197	50.242	23.326	3054.652	0	0	0	0.00	-135.000	-135.000	225.000	36.527
2025-01-01T02:49:37.830054  19538	18.777	18.687	22.967	24.176	17.810	27.399	26.593	23.128	21.678	29.656	50.193	50.242	23.326	3031.648	0	0	0	0.00	-135.000	-135.000	225.000	36.527
2025-01-01T02:49:39.030082  19539	18.615	18.680	22.886	23.853	17.810	27.238	26.513	23.289	21.114	29.736	50.198	50.161	23.246	3052.151	0	0	0	0.00	-135.000	-135.000	225.000	36.527
2025-01-01T02:49:40.230414  19540	18.696	18.682	23.048	24.015	17.729	27.319	26.674	23.209	21.355	29.656	50.178	50.403	23.407	3050.185	0	0	0	0.00	-135.000	-135.000	225.000	36.527
2025-01-01T02:49:41.430276  19541	18.696	18.683	23.209	24.176	17.810	27.319	26.593	23.209	21.678	29.575	50.185	50.323	23.246	3048.793	0	0	0	0.00	-135.000	-135.000	225.000	36.527
2025-01-01T02:49:42.630244  19542	18.454	18.660	23.209	24.015	17.729	27.238	26.593	23.128	21.275	29.656	50.182	50.161	23.246	3108.851	0	0	0	0.00	-135.000	-135.000	225.000	36.527
2025-01-01T02:49:43.830312  19543	18.777	18.672	23.048	24.256	17.810	27.238	26.593	23.451	21.678	29.736	50.196	50.403	23.407	3081.338	0	0	0	0.00	-135.000	-135.000	225.000	36.527
2025-01-01T02:49:45.030403  19544	18.615	18.666	23.289	24.176	17.971	27.480	26.674	23.128	21.516	29.736	50.185	50.081	23.487	3098.106	0	0	0	0.00	-135.000	-135.000	225.000	36.527
2025-01-01T02:49:46.230509  19545	18.535	18.653	23.370	24.095	17.729	27.480	26.513	23.289	21.678	29.736	50.191	50.161	23.487	3133.511	0	0	0	0.00	-135.000	-135.000	225.000	36.527
2025-01-01T02:49:47.430420  19546	18.454	18.633	22.886	24.015	17.729	27.238	26.674	23.289	21.516	29.575	50.188	50.242	23.487	3185.905	0	0	0	0.00	-135.000	-135.000	225.000	36.527
2025-01-01T02:49:48.630443  19547	18.777	18.647	23.048	24.095	17.971	27.158	26.755	23.209	21.597	29.656	50.177	50.323	23.407	3151.821	0	0	0	0.00	-135.000	-135.000	225.000	36.527
2025-01-01T02:49:49.830586  19548	18.777	18.660	22.967	24.176	17.890	27.560	26.674	23.048	21.516	29.736	50.183	50.242	23.326	3121.946	0	0	0	0.00	-135.000	-135.000	225.000	36.527
2025-01-01T02:49:51.030607  19549	18.777	18.672	22.967	24.337	17.729	27.077	26.593	23.370	21.597	29.817	50.181	50.242	23.568	3095.214	0	0	0	0.00	-135.000	-135.000	225.000	36.527
2025-01-01T02:49:52.230642  19550	18.615	18.666	23.289	24.176	17.729	27.399	26.755	23.209	21.355	29.575	50.203	50.161	23.246	3112.038	0	0	0	0.00	-135.000	-135.000	225.000	36.527
2025-01-01T02:49:53.430632  19551	18.535	18.653	23.209	23.934	17.648	27.399	26.513	23.128	21.597	29.575	50.191	50.242	23.326	3147.499	0	0	0	0.00	-135.000	-135.000	225.000	36.527
2025-01-01T02:49:54.630902  19552	18.777	18.666	23.209	24.095	17.810	27.319	26.674	23.370	21.516	29.495	50.196	50.242	23.246	3118.479	0	0	0	0.00	-135.000	-135.000	225.000	36.527
2025-01-01T02:49:55.830786  19553	18.615	18.660	23.209	24.015	17.648	27.077	26.593	23.128	21.516	29.656	50.185	50.242	23.326	3133.729	0	0	0	0.00	-135.000	-135.000	225.000	36.527
2025-01-01T02:49:57.030822  19554	18.696	18.664	23.451	24.095	17.487	27.560	26.432	23.370	21.597	29.575	50.166	50.081	23.487	3127.040	0	0	0	0.00	-135.000	-135.000	225.000	36.527
2025-01-01T02:49:58.230802  19555	18.777	18.675	23.128	24.015	17.648	27.238	26.755	23.128	21.597	29.817	50.174	50.242	23.326	3101.031	0	0	0	0.00	-135.000	-135.000	225.000	36.527
2025-01-01T02:49:59.430898  19556	18.535	18.661	23.531	24.015	17.810	27.480	26.593	23.451	21.194	29.817	50.148	50.000	23.487	3139.032	0	0	0	0.00	-135.000	-135.000	225.000	36.527
2025-01-01T02:50:00.630876  19557	18.615	18.657	23.451	24.095	17.971	27.399	26.674	23.451	21.275	29.736	50.150	50.161	23.246	3152.709	0	0	0	0.00	-135.000	-135.000	225.000	36.527
2025-01-01T02:50:01.831603  19558	18.696	18.661	23.289	24.015	18.051	27.238	26.674	23.370	21.597	29.736	50.151	50.242	23.246	3145.082	0	0	0	0.00	-135.000	-135.000	225.000	36.527
2025-01-01T02:50:03.032546  19559	18.454	18.640	23.370	24.015	17.729	27.238	26.674	23.128	21.758	29.575	50.160	50.242	23.326	3199.692	0	0	0	0.00	-135.000	-135.000	225.000	36.527
2025-01-01T02:50:04.233232  19560	18.615	18.637	23.451	24.256	17.810	27.238	26.674	23.451	21.355	29.575	50.184	50.403	23.326	3208.008	0	0	0	0.00	-135.000	-135.000	225.000	36.527
2025-01-01T02:50:05.433313  19561	18.777	18.651	23.370	24.256	17.890	27.158	26.593	23.451	21.678	29.817	50.182	50.242	23.326	3175.355	0	0	0	0.00	-135.000	-135.000	225.000	36.527
2025-01-01T02:50:06.633222  19562	18.454	18.632	23.692	23.934	17.729	27.399	26.674	23.531	21.919	29.817	50.180	50.242	23.487	3227.906	0	0	0	0.00	-135.000	-135.000	225.000	36.527
2025-01-01T02:50:07.833220  19563	18.535	18.622	23.612	24.176	18.051	27.077	26.674	23.128	21.678	29.897	50.170	50.242	23.326	3254.574	0	0	0	0.00	-135.000	-135.000	225.000	36.527
2025-01-01T02:50:09.034496  19564	18.615	18.621	23.612	24.337	17.810	27.399	26.513	23.128	21.355	29.575	50.161	50.161	23.487	3258.694	0	0	0	0.00	-135.000	-135.000	225.000	36.527
2025-01-01T02:50:10.233771  19565	18.696	18.629	23.370	24.015	17.971	27.319	26.432	23.209	21.516	29.817	50.169	50.161	23.246	3242.467	0	0	0	0.00	-135.000	-135.000	225.000	36.527
2025-01-01T02:50:11.434852  19566	18.696	18.636	23.451	24.256	17.971	27.238	26.755	23.289	21.516	29.495	50.168	50.242	23.407	3228.239	0	0	0	0.00	-135.000	-135.000	225.000	36.527
2025-01-01T02:50:12.635830  19567	18.615	18.634	23.451	24.176	17.890	27.319	26.674	23.289	21.355	29.817	50.192	50.323	23.326	3236.010	0	0	0	0.00	-135.000	-135.000	225.000	36.527
2025-01-01T02:50:13.836334  19568	18.857	18.656	23.531	23.934	17.971	27.480	26.674	23.370	21.516	29.817	50.189	50.403	23.246	3182.017	0	0	0	0.00	-135.000	-135.000	225.000	36.527
2025-01-01T02:50:15.036402  19569	18.938	18.684	23.692	23.934	17.890	27.560	26.755	23.128	21.516	29.978	50.194	50.242	23.246	3113.645	0	0	0	0.00	-135.000	-135.000	225.000	36.527
2025-01-01T02:50:16.236446  19570	18.777	18.693	23.773	24.015	17.810	27.158	26.835	23.612	21.678	29.495	50.183	50.161	23.407	3093.044	0	0	0	0.00	-135.000	-135.000	225.000	36.527
2025-01-01T02:50:17.436497  19571	18.696	18.694	23.531	24.015	18.051	27.238	26.755	23.209	21.758	29.656	50.197	50.081	23.246	3094.701	0	0	0	0.00	-135.000	-135.000	225.000	36.527
2025-01-01T02:50:18.636544  19572	18.696	18.694	23.773	23.934	18.051	27.399	26.755	23.289	21.678	29.656	50.209	50.242	23.246	3096.244	0	0	0	0.00	-135.000	-135.000	225.000	36.527
2025-01-01T02:50:19.836590  19573	18.857	18.710	23.773	24.095	18.051	27.158	26.513	23.370	21.678	29.817	50.221	50.242	23.246	3057.115	0	0	0	0.00	-135.000	-135.000	225.000	36.527
2025-01-01T02:50:21.036812  19574	18.696	18.709	23.773	23.934	18.051	27.158	26.593	23.209	21.516	29.736	50.215	50.161	23.326	3063.052	0	0	0	0.00	-135.000	-135.000	225.000	36.527
2025-01-01T02:50:22.236862  19575	18.938	18.732	23.773	24.256	18.132	27.399	26.674	23.370	21.436	29.575	50.193	50.242	23.487	3007.195	0	0	0	0.00	-135.000	-135.000	225.000	36.527
2025-01-01T02:50:23.436730  19576	18.777	18.736	23.773	24.176	18.051	27.319	26.513	23.370	21.758	29.978	50.206	50.242	23.246	2998.176	0	0	0	0.00	-135.000	-135.000	225.000	36.527
2025-01-01T02:50:24.636832  19577	18.777	18.740	24.095	24.015	18.132	27.238	26.755	23.370	21.678	29.897	50.210	50.242	23.326	2989.895	0	0	0	0.00	-135.000	-135.000	225.000	36.527
2025-01-01T02:50:25.836975  19578	18.615	18.728	24.095	24.176	18.212	27.399	26.674	23.531	21.516	29.817	50.205	50.323	23.407	3023.326	0	0	0	0.00	-135.000	-135.000	225.000	36.527
2025-01-01T02:50:27.036909  19579	18.696	18.725	23.773	23.934	18.051	27.158	26.593	23.128	21.758	29.575	50.209	50.242	23.246	3032.998	0	0	0	0.00	-135.000	-135.000	225.000	36.527
2025-01-01T02:50:28.236930  19580	18.535	18.706	23.692	24.015	18.051	27.319	26.593	23.289	21.194	30.059	50.204	50.161	23.326	3082.807	0	0	0	0.00	-135.000	-135.000	225.000	36.527
2025-01-01T02:50:29.436929  19581	18.777	18.713	23.853	24.176	18.051	26.996	26.674	23.370	21.597	29.897	50.216	50.242	23.246	3066.544	0	0	0	0.00	-135.000	-135.000	225.000	36.527
2025-01-01T02:50:30.636973  19582	18.938	18.735	23.853	24.256	18.051	27.158	26.674	23.531	21.678	29.495	50.226	50.242	23.326	3011.818	0	0	0	0.00	-135.000	-135.000	225.000	36.527
2025-01-01T02:50:31.837011  19583	18.938	18.755	23.531	24.095	18.293	27.480	26.835	23.289	21.436	29.897	50.228	50.242	23.326	2962.930	0	0	0	0.00	-135.000	-135.000	225.000	36.527
2025-01-01T02:50:33.037051  19584	18.857	18.766	23.934	24.015	18.212	27.158	26.674	23.531	21.597	29.978	50.229	50.161	23.487	2939.338	0	0	0	0.00	-135.000	-135.000	225.000	36.527
2025-01-01T02:50:34.237089  19585	18.777	18.767	23.612	24.176	18.293	27.238	26.835	22.967	21.597	29.817	50.231	50.081	23.326	2938.407	0	0	0	0.00	-135.000	-135.000	225.000	36.527
2025-01-01T02:50:35.437148  19586	18.777	18.768	24.095	24.015	18.132	27.319	26.674	23.612	21.919	29.575	50.248	50.161	23.407	2937.565	0	0	0	0.00	-135.000	-135.000	225.000	36.527
2025-01-01T02:50:36.637243  19587	18.938	18.785	24.015	24.337	18.293	27.319	26.835	23.531	21.436	29.656	50.239	50.323	23.326	2896.237	0	0	0	0.00	-135.000	-135.000	225.000	36.527
2025-01-01T02:50:37.837304  19588	18.938	18.800	23.934	24.176	18.132	27.238	26.674	23.451	21.597	29.817	50.223	50.242	23.487	2859.405	0	0	0	0.00	-135.000	-135.000	225.000	36.527
2025-01-01T02:50:39.037327  19589	18.615	18.782	23.934	24.015	18.132	27.480	26.835	23.531	21.516	29.656	50.225	50.403	23.246	2907.758	0	0	0	0.00	-135.000	-135.000	225.000	36.527
2025-01-01T02:50:40.237380  19590	18.857	18.789	24.015	23.934	18.293	27.399	26.593	23.209	21.516	29.897	50.235	50.323	23.407	2889.807	0	0	0	0.00	-135.000	-135.000	225.000	36.527
2025-01-01T02:50:41.437421  19591	18.857	18.796	23.531	24.337	18.212	27.480	26.593	23.128	21.758	29.575	50.220	50.161	23.568	2874.238	0	0	0	0.00	-135.000	-135.000	225.000	36.527
2025-01-01T02:50:42.637466  19592	18.857	18.802	23.853	24.095	18.212	27.480	26.835	23.531	21.839	29.495	50.222	50.242	23.326	2860.321	0	0	0	0.00	-135.000	-135.000	225.000	36.527
2025-01-01T02:50:43.837527  19593	18.696	18.791	23.531	24.256	18.132	27.480	26.593	23.370	21.678	29.495	50.216	50.323	23.326	2888.628	0	0	0	0.00	-135.000	-135.000	225.000	36.527
2025-01-01T02:50:45.037534  19594	18.857	18.798	23.934	24.176	18.374	27.238	26.674	23.451	21.597	29.978	50.226	50.242	23.487	2873.267	0	0	0	0.00	-135.000	-135.000	225.000	36.527
2025-01-01T02:50:46.237527  19595	18.777	18.796	23.853	24.095	17.971	27.560	26.755	23.128	21.516	29.575	50.228	50.242	23.326	2880.225	0	0	0	0.00	-135.000	-135.000	225.000	36.527
2025-01-01T02:50:47.437678  19596	18.857	18.802	23.612	24.095	18.212	27.399	26.916	23.289	21.597	29.817	50.221	50.242	23.407	2866.120	0	0	0	0.00	-135.000	-135.000	225.000	36.527
2025-01-01T02:50:48.637610  19597	18.857	18.807	23.531	24.256	18.051	27.480	26.432	23.209	21.597	29.897	50.223	50.081	23.326	2853.685	0	0	0	0.00	-135.000	-135.000	225.000	36.527
2025-01-01T02:50:49.837661  19598	18.857	18.812	23.612	23.934	18.212	27.399	26.755	23.612	21.597	29.817	50.225	50.081	23.407	2842.597	0	0	0	0.00	-135.000	-135.000	225.000	36.527
2025-01-01T02:50:51.037816  19599	18.777	18.809	23.853	24.015	18.374	27.319	26.755	23.370	21.436	29.656	50.227	50.161	23.326	2853.080	0	0	0	0.00	-135.000	-135.000	225.000	36.527
2025-01-01T02:50:52.237851  19600	18.696	18.798	23.773	24.176	18.132	27.319	26.755	23.692	21.758	29.656	50.228	50.242	23.407	2882.875	0	0	0	0.00	-135.000	-135.000	225.000	36.527
2025-01-01T02:50:53.437849  19601	18.857	18.804	23.773	24.095	18.374	27.480	26.916	23.289	21.436	29.656	50.230	50.242	23.407	2869.013	0	0	0	0.00	-135.000	-135.000	225.000	36.527
2025-01-01T02:50:54.637899  19602	18.857	18.809	24.015	24.337	18.212	27.238	26.916	23.773	21.758	30.059	50.231	50.323	23.568	2856.959	0	0	0	0.00	-135.000	-135.000	225.000	36.527
2025-01-01T02:50:55.838004  19603	18.777	18.806	23.773	24.095	18.293	27.158	26.674	23.531	21.597	29.817	50.216	50.161	23.487	2866.574	0	0	0	0.00	-135.000	-135.000	225.000	36.527
2025-01-01T02:50:57.038118  19604	18.777	18.803	23.853	24.337	18.374	27.319	26.835	23.612	21.436	30.059	50.219	50.242	23.487	2875.225	0	0	0	0.00	-135.000	-135.000	225.000	36.527
2025-01-01T02:50:58.238002  19605	18.938	18.816	23.853	24.015	18.293	27.480	26.755	23.128	21.355	29.897	50.221	50.242	23.407	2842.437	0	0	0	0.00	-135.000	-135.000	225.000	36.527
2025-01-01T02:50:59.438008  19606	19.099	18.845	23.853	24.337	18.454	27.319	26.916	23.370	21.597	30.059	50.223	50.323	23.407	2772.567	0	0	0	0.00	-135.000	-135.000	225.000	36.527
2025-01-01T02:51:00.638050  19607	19.099	18.870	23.692	24.176	18.374	27.480	26.755	23.289	21.436	30.059	50.225	50.242	23.326	2709.938	0	0	0	0.00	-135.000	-135.000	225.000	36.527
2025-01-01T02:51:01.838223  19608	19.179	18.901	23.853	24.095	18.374	27.480	26.674	23.048	21.839	29.978	50.219	50.323	23.407	2633.136	0	0	0	0.00	-135.000	-135.000	225.000	36.527
2025-01-01T02:51:03.038221  19609	18.938	18.905	23.853	24.176	18.374	27.238	26.755	23.370	21.436	29.978	50.205	50.242	23.568	2625.141	0	0	0	0.00	-135.000	-135.000	225.000	36.527
2025-01-01T02:51:04.238205  19610	18.938	18.908	23.612	24.256	18.293	27.319	26.593	23.531	21.678	29.656	50.208	50.403	23.407	2617.506	0	0	0	0.00	-135.000	-135.000	225.000	36.527
2025-01-01T02:51:05.438318  19611	19.018	18.919	23.692	23.934	18.535	27.238	26.916	23.370	21.516	29.897	50.204	50.161	23.326	2590.315	0	0	0	0.00	-135.000	-135.000	225.000	36.527
2025-01-01T02:51:06.638246  19612	18.857	18.913	23.612	24.176	18.454	27.238	26.674	23.531	21.758	29.817	50.191	50.242	23.568	2606.719	0	0	0	0.00	-135.000	-135.000	225.000	36.527
2025-01-01T02:51:07.838338  19613	19.018	18.923	23.531	24.176	18.535	27.238	26.755	23.289	21.678	29.817	50.205	50.323	23.487	2580.533	0	0	0	0.00	-135.000	-135.000	225.000	36.527
2025-01-01T02:51:09.038366  19614	18.857	18.917	23.773	24.176	18.454	27.399	26.674	23.692	21.758	29.897	50.200	50.161	23.649	2598.006	0	0	0	0.00	-135.000	-135.000	225.000	36.527
2025-01-01T02:51:10.238411  19615	19.018	18.927	23.692	24.015	18.454	27.480	26.593	23.451	21.839	29.817	50.196	50.161	23.407	2572.781	0	0	0	0.00	-135.000	-135.000	225.000	36.527
2025-01-01T02:51:11.438524  19616	19.179	18.952	23.451	23.934	18.454	27.319	26.755	23.048	22.000	29.978	50.185	50.081	23.487	2509.657	0	0	0	0.00	-135.000	-135.000	225.000	36.527
2025-01-01T02:51:12.638646  19617	18.777	18.935	23.451	24.015	18.374	27.238	26.916	23.612	21.597	29.817	50.166	50.081	23.649	2554.864	0	0	0	0.00	-135.000	-135.000	225.000	36.527
2025-01-01T02:51:13.838561  19618	18.938	18.935	23.612	24.176	18.454	27.238	26.835	23.692	21.678	30.139	50.174	50.081	23.407	2554.171	0	0	0	0.00	-135.000	-135.000	225.000	36.527
2025-01-01T02:51:15.038638  19619	18.696	18.911	23.451	24.256	18.132	27.238	26.674	23.370	21.839	29.978	50.181	50.161	23.487	2615.007	0	0	0	0.00	-135.000	-135.000	225.000	36.527
2025-01-01T02:51:16.238691  19620	18.857	18.906	23.451	24.095	18.293	27.238	26.755	23.209	21.758	29.978	50.195	50.323	23.487	2628.758	0	0	0	0.00	-135.000	-135.000	225.000	36.527
2025-01-01T02:51:17.438786  19621	18.938	18.909	23.289	24.256	18.212	27.319	26.755	23.692	21.758	29.897	50.183	50.161	23.649	2621.195	0	0	0	0.00	-135.000	-135.000	225.000	36.527
2025-01-01T02:51:18.638674  19622	19.099	18.928	23.289	24.176	18.293	27.319	26.755	23.692	21.839	29.978	50.181	50.242	23.487	2573.862	0	0	0	0.00	-135.000	-135.000	225.000	36.527
2025-01-01T02:51:19.838747  19623	19.018	18.937	23.209	24.095	18.535	27.319	26.916	23.451	21.758	29.978	50.187	50.242	23.568	2551.882	0	0	0	0.00	-135.000	-135.000	225.000	36.527
2025-01-01T02:51:21.038971  19624	18.938	18.937	23.370	24.256	18.374	27.319	26.835	23.451	21.678	30.059	50.193	50.323	23.407	2552.288	0	0	0	0.00	-135.000	-135.000	225.000	36.527
2025-01-01T02:51:22.238961  19625	19.018	18.945	23.370	24.256	18.454	27.319	26.674	23.209	21.839	29.978	50.182	50.323	23.487	2532.174	0	0	0	0.00	-135.000	-135.000	225.000	36.527
2025-01-01T02:51:23.438883  19626	18.777	18.928	23.128	24.256	18.132	27.399	26.674	23.612	21.839	29.978	50.188	50.323	23.407	2575.310	0	0	0	0.00	-135.000	-135.000	225.000	36.527
2025-01-01T02:51:24.639033  19627	19.018	18.937	22.806	24.015	18.293	27.480	26.674	23.048	21.839	30.220	50.193	50.242	23.407	2552.715	0	0	0	0.00	-135.000	-135.000	225.000	36.527
2025-01-01T02:51:25.839044  19628	18.857	18.929	23.128	24.176	18.293	27.238	26.755	23.289	21.839	29.817	50.206	50.323	23.487	2573.578	0	0	0	0.00	-135.000	-135.000	225.000	36.527
2025-01-01T02:51:27.039136  19629	18.938	18.930	23.209	24.256	18.212	27.641	26.593	23.289	21.758	29.575	50.210	50.323	23.487	2571.768	0	0	0	0.00	-135.000	-135.000	225.000	36.527
2025-01-01T02:51:28.239165  19630	18.777	18.915	23.209	24.095	18.374	27.399	26.674	23.128	21.758	30.139	50.205	50.161	23.729	2611.070	0	0	0	0.00	-135.000	-135.000	225.000	36.527
2025-01-01T02:51:29.439087  19631	19.018	18.925	23.128	24.418	18.374	27.319	26.916	23.289	21.678	29.897	50.208	50.323	23.487	2585.188	0	0	0	0.00	-135.000	-135.000	225.000	36.527
2025-01-01T02:51:30.639190  19632	18.857	18.918	23.128	24.095	18.535	27.158	26.916	23.370	21.516	29.978	50.212	50.242	23.487	2603.092	0	0	0	0.00	-135.000	-135.000	225.000	36.527
2025-01-01T02:51:31.839178  19633	18.857	18.912	23.128	24.176	18.212	27.077	26.916	23.451	21.597	30.139	50.191	50.161	23.568	2618.981	0	0	0	0.00	-135.000	-135.000	225.000	36.527
2025-01-01T02:51:33.039230  19634	18.857	18.907	23.048	24.095	18.374	27.399	26.755	23.048	21.516	30.300	50.204	50.161	23.407	2633.383	0	0	0	0.00	-135.000	-135.000	225.000	36.527
2025-01-01T02:51:34.239332  19635	19.099	18.926	23.209	24.256	18.454	27.399	26.593	23.289	21.597	29.736	50.208	50.161	23.487	2585.352	0	0	0	0.00	-135.000	-135.000	225.000	36.527
2025-01-01T02:51:35.439375  19636	19.099	18.943	23.209	24.176	18.212	27.238	26.674	23.370	21.839	29.897	50.219	50.242	23.487	2542.539	0	0	0	0.00	-135.000	-135.000	225.000	36.527
2025-01-01T02:51:36.639419  19637	19.018	18.951	23.128	24.095	18.293	27.238	26.674	23.289	21.839	29.736	50.205	50.242	23.487	2524.302	0	0	0	0.00	-135.000	-135.000	225.000	36.527
2025-01-01T02:51:37.839533  19638	19.099	18.966	23.451	24.176	18.454	27.238	26.674	23.209	21.839	29.817	50.201	50.242	23.568	2487.351	0	0	0	0.00	-135.000	-135.000	225.000	36.527
2025-01-01T02:51:39.039445  19639	19.099	18.979	23.370	24.418	18.374	27.399	26.835	23.370	21.758	29.897	50.197	50.242	23.568	2454.188	0	0	0	0.00	-135.000	-135.000	225.000	36.527
2025-01-01T02:51:40.239684  19640	19.018	18.983	23.048	24.337	18.293	27.238	26.755	23.531	21.678	30.220	50.201	50.242	23.407	2444.635	0	0	0	0.00	-135.000	-135.000	225.000	36.527
2025-01-01T02:51:41.439676  19641	19.018	18.986	23.289	24.095	18.454	27.399	26.835	23.451	21.758	29.978	50.181	50.323	23.649	2435.865	0	0	0	0.00	-135.000	-135.000	225.000	36.527
2025-01-01T02:51:42.639570  19642	18.938	18.982	23.128	24.418	18.374	27.319	26.916	23.451	21.597	29.978	50.171	50.242	23.568	2448.322	0	0	0	0.00	-135.000	-135.000	225.000	36.527
2025-01-01T02:51:43.839674  19643	19.018	18.985	23.209	24.095	18.374	27.319	26.755	23.451	21.597	30.139	50.178	50.242	23.487	2439.052	0	0	0	0.00	-135.000	-135.000	225.000	36.527
2025-01-01T02:51:45.039798  19644	19.018	18.988	23.289	24.256	18.374	27.480	26.835	23.209	21.516	29.817	50.185	50.242	23.487	2430.857	0	0	0	0.00	-135.000	-135.000	225.000	36.527
2025-01-01T02:51:46.239768  19645	18.777	18.967	22.886	24.256	18.293	27.319	26.835	23.370	21.758	29.978	50.174	50.161	23.649	2484.557	0	0	0	0.00	-135.000	-135.000	225.000	36.527
2025-01-01T02:51:47.439892  19646	18.938	18.964	23.128	24.015	18.454	27.319	26.593	23.773	21.678	30.059	50.165	50.161	23.568	2491.833	0	0	0	0.00	-135.000	-135.000	225.000	36.527
2025-01-01T02:51:48.639856  19647	19.018	18.970	23.048	24.337	18.374	27.319	26.835	23.370	21.919	29.897	50.181	50.323	23.649	2478.383	0	0	0	0.00	-135.000	-135.000	225.000	36.527
2025-01-01T02:51:49.839893  19648	18.857	18.958	22.886	24.176	18.293	27.319	26.835	23.370	21.516	29.817	50.171	50.161	23.568	2507.155	0	0	0	0.00	-135.000	-135.000	225.000	36.527
2025-01-01T02:51:51.040085  19649	18.857	18.948	22.967	24.256	18.293	27.399	26.674	23.289	21.839	29.978	50.170	50.161	23.568	2532.828	0	0	0	0.00	-135.000	-135.000	225.000	36.527
2025-01-01T02:51:52.239978  19650	19.018	18.955	23.048	24.256	18.293	27.319	26.755	23.451	21.516	29.897	50.177	50.323	23.568	2515.308	0	0	0	0.00	-135.000	-135.000	225.000	36.527
2025-01-01T02:51:53.440022  19651	19.099	18.970	22.886	24.256	18.212	27.319	26.674	23.692	21.758	29.978	50.167	50.161	23.568	2479.481	0	0	0	0.00	-135.000	-135.000	225.000	36.527
2025-01-01T02:51:54.640023  19652	19.099	18.983	23.128	24.256	18.293	27.399	26.674	23.289	22.000	30.139	50.175	50.323	23.487	2447.330	0	0	0	0.00	-135.000	-135.000	225.000	36.527
2025-01-01T02:51:55.840100  19653	18.938	18.978	22.645	24.176	18.293	27.399	26.593	23.209	21.839	29.817	50.190	50.242	23.407	2459.056	0	0	0	0.00	-135.000	-135.000	225.000	36.527
2025-01-01T02:51:57.040216  19654	18.938	18.974	22.886	24.095	18.212	27.158	26.996	23.612	21.758	29.978	50.187	50.161	23.568	2469.328	0	0	0	0.00	-135.000	-135.000	225.000	36.527
2025-01-01T02:51:58.240107  19655	19.099	18.987	22.967	24.337	18.293	27.319	26.916	23.289	21.919	29.978	50.192	50.323	23.407	2437.887	0	0	0	0.00	-135.000	-135.000	225.000	36.527
2025-01-01T02:51:59.440237  19656	19.018	18.990	22.806	24.176	18.212	27.399	26.755	23.531	22.081	29.817	50.181	50.242	23.649	2430.211	0	0	0	0.00	-135.000	-135.000	225.000	36.527
2025-01-01T02:52:00.640282  19657	18.696	18.960	22.886	24.095	18.212	27.158	26.674	23.370	21.839	29.978	50.171	50.161	23.649	2504.582	0	0	0	0.00	-135.000	-135.000	225.000	36.527
2025-01-01T02:52:01.840285  19658	18.857	18.950	22.725	24.176	18.374	27.158	26.755	23.370	21.678	30.139	50.170	50.161	23.568	2530.357	0	0	0	0.00	-135.000	-135.000	225.000	36.527
2025-01-01T02:52:03.040317  19659	19.099	18.965	22.806	24.176	18.454	27.319	26.916	23.451	21.678	30.059	50.185	50.323	23.487	2492.886	0	0	0	0.00	-135.000	-135.000	225.000	36.527
2025-01-01T02:52:04.240411  19660	19.018	18.970	22.645	24.256	18.293	27.399	26.755	23.451	21.758	29.978	50.207	50.323	23.407	2479.938	0	0	0	0.00	-135.000	-135.000	225.000	36.527
2025-01-01T02:52:05.440393  19661	18.938	18.967	23.048	24.176	18.212	27.238	26.593	23.531	21.758	29.817	50.186	50.242	23.487	2488.475	0	0	0	0.00	-135.000	-135.000	225.000	36.527
2025-01-01T02:52:06.640527  19662	18.938	18.964	22.806	23.934	18.454	27.319	26.755	23.128	21.839	29.978	50.184	50.161	23.487	2496.040	0	0	0	0.00	-135.000	-135.000	225.000	36.527
2025-01-01T02:52:07.840541  19663	18.938	18.961	23.048	24.095	18.374	27.319	26.755	23.612	21.919	30.059	50.182	50.323	23.407	2502.894	0	0	0	0.00	-135.000	-135.000	225.000	36.527
2025-01-01T02:52:09.040592  19664	18.857	18.951	22.645	24.337	18.051	27.158	26.755	22.967	21.516	30.220	50.180	50.161	23.487	2529.470	0	0	0	0.00	-135.000	-135.000	225.000	36.527
2025-01-01T02:52:10.240686  19665	19.018	18.958	22.725	24.256	18.374	27.238	26.916	23.531	22.081	29.897	50.170	50.161	23.568	2512.600	0	0	0	0.00	-135.000	-135.000	225.000	36.527
2025-01-01T02:52:11.440762  19666	19.018	18.964	22.967	24.015	18.454	27.399	26.674	23.048	21.678	29.978	50.161	50.323	23.487	2497.727	0	0	0	0.00	-135.000	-135.000	225.000	36.527
2025-01-01T02:52:12.640710  19667	19.018	18.969	22.886	24.095	18.132	27.480	26.674	23.451	21.678	30.059	50.161	50.161	23.487	2484.327	0	0	0	0.00	-135.000	-135.000	225.000	36.527
2025-01-01T02:52:13.840713  19668	19.099	18.982	22.806	24.256	18.212	27.238	26.674	23.289	21.758	29.978	50.161	50.242	23.568	2451.890	0	0	0	0.00	-135.000	-135.000	225.000	36.527
2025-01-01T02:52:15.040931  19669	19.018	18.986	22.886	24.015	18.454	27.158	26.916	23.773	21.919	30.059	50.161	50.242	23.487	2443.155	0	0	0	0.00	-135.000	-135.000	225.000	36.527
2025-01-01T02:52:16.240772  19670	18.777	18.965	23.048	24.015	18.212	27.480	26.835	23.612	21.758	30.139	50.169	50.242	23.407	2496.210	0	0	0	0.00	-135.000	-135.000	225.000	36.527
2025-01-01T02:52:17.440990  19671	19.179	18.986	22.645	24.015	18.374	27.399	26.674	23.209	21.678	29.897	50.184	50.242	23.407	2441.813	0	0	0	0.00	-135.000	-135.000	225.000	36.527
2025-01-01T02:52:18.641001  19672	18.777	18.965	23.128	24.015	17.971	27.319	26.593	23.370	21.839	29.897	50.166	50.161	23.729	2495.356	0	0	0	0.00	-135.000	-135.000	225.000	36.527
2025-01-01T02:52:19.840972  19673	19.018	18.971	22.886	24.337	18.374	27.158	26.755	23.289	21.678	30.139	50.182	50.323	23.487	2481.804	0	0	0	0.00	-135.000	-135.000	225.000	36.527
2025-01-01T02:52:21.041081  19674	19.179	18.992	22.886	24.176	18.374	27.319	26.996	23.451	21.758	29.897	50.172	50.161	23.568	2429.347	0	0	0	0.00	-135.000	-135.000	225.000	36.527
2025-01-01T02:52:22.240994  19675	18.938	18.986	23.128	24.176	18.535	27.158	26.755	23.289	21.678	29.978	50.154	50.081	23.568	2443.425	0	0	0	0.00	-135.000	-135.000	225.000	36.527
2025-01-01T02:52:23.441171  19676	19.179	19.006	22.967	24.095	18.454	27.480	26.835	23.048	21.436	30.059	50.155	50.161	23.407	2394.565	0	0	0	0.00	-135.000	-135.000	225.000	36.527
2025-01-01T02:52:24.641080  19677	19.179	19.023	23.209	24.256	18.374	27.158	26.755	23.531	21.678	30.059	50.156	50.161	23.487	2350.946	0	0	0	0.00	-135.000	-135.000	225.000	36.527
2025-01-01T02:52:25.841154  19678	19.099	19.031	23.048	24.176	18.535	27.399	26.916	23.612	21.839	30.139	50.164	50.242	23.649	2331.927	0	0	0	0.00	-135.000	-135.000	225.000	36.527
2025-01-01T02:52:27.041196  19679	19.260	19.053	22.886	24.256	18.454	27.399	26.835	23.531	21.597	30.220	50.180	50.242	23.568	2273.853	0	0	0	0.00	-135.000	-135.000	225.000	36.527
2025-01-01T02:52:28.241411  19680	19.179	19.066	22.967	24.176	18.777	27.319	26.916	23.128	21.758	30.220	50.178	50.242	23.487	2242.093	0	0	0	0.00	-135.000	-135.000	225.000	36.527
2025-01-01T02:52:29.441391  19681	19.341	19.094	23.048	24.256	18.615	27.158	26.835	23.289	21.839	29.897	50.177	50.242	23.649	2172.491	0	0	0	0.00	-135.000	-135.000	225.000	36.527
2025-01-01T02:52:30.641434  19682	19.260	19.110	23.128	24.337	18.777	27.238	26.835	23.612	21.758	29.978	50.183	50.161	23.649	2130.299	0	0	0	0.00	-135.000	-135.000	225.000	36.527
2025-01-01T02:52:31.841350  19683	19.179	19.117	23.128	24.418	18.374	27.399	26.835	23.451	22.081	30.139	50.189	50.242	23.568	2112.345	0	0	0	0.00	-135.000	-135.000	225.000	36.527
2025-01-01T02:52:33.041484  19684	19.260	19.131	22.886	24.337	18.615	27.480	26.916	23.209	21.758	30.059	50.194	50.323	23.649	2075.539	0	0	0	0.00	-135.000	-135.000	225.000	36.527
2025-01-01T02:52:34.241490  19685	19.260	19.144	22.806	24.015	18.696	27.319	26.916	23.451	21.597	29.897	50.207	50.242	23.487	2042.390	0	0	0	0.00	-135.000	-135.000	225.000	36.527
2025-01-01T02:52:35.441542  19686	18.938	19.124	22.886	24.176	18.696	27.158	26.755	23.048	21.516	30.059	50.203	50.161	23.568	2093.832	0	0	0	0.00	-135.000	-135.000	225.000	36.527
2025-01-01T02:52:36.641579  19687	19.099	19.121	22.806	24.418	18.615	27.480	26.835	23.289	21.678	29.817	50.198	50.161	23.649	2098.800	0	0	0	0.00	-135.000	-135.000	225.000	36.527
2025-01-01T02:52:37.841634  19688	19.179	19.127	22.967	24.015	18.615	27.158	26.755	23.531	21.678	30.139	50.187	50.242	23.729	2083.159	0	0	0	0.00	-135.000	-135.000	225.000	36.527
2025-01-01T02:52:39.041599  19689	19.179	19.132	22.725	24.015	18.696	27.158	26.835	23.531	21.919	30.220	50.184	50.323	23.568	2069.117	0	0	0	0.00	-135.000	-135.000	225.000	36.527
2025-01-01T02:52:40.241700  19690	19.179	19.137	22.886	24.095	18.615	27.158	26.755	23.451	21.839	29.978	50.182	50.242	23.649	2056.353	0	0	0	0.00	-135.000	-135.000	225.000	36.527
2025-01-01T02:52:41.441753  19691	19.341	19.157	22.564	24.256	18.615	27.560	26.755	23.128	21.678	30.139	50.188	50.242	23.487	2004.013	0	0	0	0.00	-135.000	-135.000	225.000	36.527
2025-01-01T02:52:42.641739  19692	19.099	19.151	22.484	24.256	18.454	27.238	26.835	23.612	22.081	29.897	50.185	50.242	23.568	2018.082	0	0	0	0.00	-135.000	-135.000	225.000	36.527
2025-01-01T02:52:43.841784  19693	19.099	19.146	22.645	24.176	18.696	27.238	26.755	23.370	21.839	30.059	50.183	50.161	23.487	2030.193	0	0	0	0.00	-135.000	-135.000	225.000	36.527
2025-01-01T02:52:45.041819  19694	19.099	19.141	22.806	24.015	18.777	27.319	26.835	23.370	21.919	30.139	50.189	50.161	23.568	2041.022	0	0	0	0.00	-135.000	-135.000	225.000	36.527
2025-01-01T02:52:46.241994  19695	19.341	19.161	22.645	24.176	18.615	27.399	26.916	23.209	22.000	29.897	50.194	50.161	23.487	1989.608	0	0	0	0.00	-135.000	-135.000	225.000	36.527
2025-01-01T02:52:47.442042  19696	19.099	19.155	22.564	24.095	18.615	27.399	26.593	23.531	21.839	30.220	50.207	50.242	23.568	2004.671	0	0	0	0.00	-135.000	-135.000	225.000	36.527
2025-01-01T02:52:48.642006  19697	19.260	19.166	22.322	24.015	18.535	27.319	26.674	23.370	21.597	30.300	50.210	50.161	23.487	1976.951	0	0	0	0.00	-135.000	-135.000	225.000	36.527
2025-01-01T02:52:49.842052  19698	19.179	19.167	22.242	24.337	18.454	27.077	26.835	23.209	21.597	30.300	50.214	50.242	23.487	1972.507	0	0	0	0.00	-135.000	-135.000	225.000	36.527
2025-01-01T02:52:51.042200  19699	19.018	19.152	22.403	24.095	18.615	27.158	26.755	23.209	22.081	30.220	50.200	50.323	23.649	2008.946	0	0	0	0.00	-135.000	-135.000	225.000	36.527
2025-01-01T02:52:52.242191  19700	19.260	19.163	22.081	24.176	18.535	27.319	26.674	23.209	21.597	30.059	50.221	50.161	23.487	1980.312	0	0	0	0.00	-135.000	-135.000	225.000	36.527
2025-01-01T02:52:53.442122  19701	19.018	19.148	22.564	24.095	18.454	27.319	26.755	23.451	22.000	29.897	50.215	50.161	23.487	2015.936	0	0	0	0.00	-135.000	-135.000	225.000	36.527
2025-01-01T02:52:54.642168  19702	19.260	19.160	22.081	24.176	18.454	27.238	26.835	23.289	21.758	30.139	50.209	50.242	23.487	1986.411	0	0	0	0.00	-135.000	-135.000	225.000	36.527
2025-01-01T02:52:55.842364  19703	19.179	19.162	22.161	24.176	18.454	27.560	26.835	23.128	22.081	30.139	50.205	50.161	23.487	1980.504	0	0	0	0.00	-135.000	-135.000	225.000	36.527
2025-01-01T02:52:57.042320  19704	19.179	19.163	22.161	24.337	18.615	27.077	26.755	23.289	21.597	30.381	50.200	50.081	23.649	1974.901	0	0	0	0.00	-135.000	-135.000	225.000	36.527
2025-01-01T02:52:58.242448  19705	19.099	19.157	22.484	24.256	18.454	27.319	26.835	23.289	21.839	30.220	50.204	50.323	23.407	1990.094	0	0	0	0.00	-135.000	-135.000	225.000	36.527
2025-01-01T02:52:59.442360  19706	19.099	19.151	22.403	24.015	18.454	27.238	26.835	23.370	21.758	30.059	50.200	50.242	23.649	2003.538	0	0	0	0.00	-135.000	-135.000	225.000	36.527
2025-01-01T02:53:00.642412  19707	18.938	19.130	22.161	24.256	18.293	27.560	26.755	23.289	22.081	29.897	50.212	50.242	23.487	2056.298	0	0	0	0.00	-135.000	-135.000	225.000	36.527
2025-01-01T02:53:01.842557  19708	19.018	19.119	22.161	24.095	18.535	27.319	26.835	23.370	21.839	30.300	50.223	50.242	23.568	2083.139	0	0	0	0.00	-135.000	-135.000	225.000	36.527
2025-01-01T02:53:03.042459  19709	19.179	19.125	22.000	24.095	18.535	27.560	26.674	23.531	22.000	30.220	50.233	50.242	23.487	2066.715	0	0	0	0.00	-135.000	-135.000	225.000	36.527
2025-01-01T02:53:04.242597  19710	19.179	19.130	21.839	24.015	18.454	27.319	26.593	23.048	21.758	30.220	50.226	50.161	23.487	2052.130	0	0	0	0.00	-135.000	-135.000	225.000	36.527
2025-01-01T02:53:05.442549  19711	19.099	19.127	22.081	24.095	18.454	27.319	26.996	23.209	21.597	30.220	50.228	50.323	23.649	2059.242	0	0	0	0.00	-135.000	-135.000	225.000	36.527
2025-01-01T02:53:06.642659  19712	19.260	19.140	22.081	24.095	18.212	27.560	26.593	23.370	21.516	30.300	50.229	50.242	23.487	2024.686	0	0	0	0.00	-135.000	-135.000	225.000	36.527
2025-01-01T02:53:07.842843  19713	18.938	19.120	22.242	24.176	18.374	27.238	26.674	23.531	21.597	29.897	50.206	50.242	23.649	2075.180	0	0	0	0.00	-135.000	-135.000	225.000	36.527
2025-01-01T02:53:09.042784  19714	18.857	19.094	22.000	24.015	18.454	27.319	26.674	23.370	21.839	30.220	50.194	50.242	23.649	2140.390	0	0	0	0.00	-135.000	-135.000	225.000	36.527
2025-01-01T02:53:10.242738  19715	19.341	19.119	22.081	23.853	18.615	27.238	26.755	23.209	21.919	30.300	50.182	50.161	23.568	2076.833	0	0	0	0.00	-135.000	-135.000	225.000	36.527
2025-01-01T02:53:11.442777  19716	19.260	19.133	21.839	24.095	18.293	27.399	26.674	23.370	21.516	30.139	50.180	50.242	23.487	2040.724	0	0	0	0.00	-135.000	-135.000	225.000	36.527
2025-01-01T02:53:12.642811  19717	19.260	19.145	21.839	24.015	18.212	27.399	26.593	23.370	21.678	30.220	50.186	50.242	23.407	2007.882	0	0	0	0.00	-135.000	-135.000	225.000	36.527
2025-01-01T02:53:13.842872  19718	19.099	19.141	21.678	24.095	18.374	27.319	26.674	23.531	21.758	30.381	50.200	50.323	23.407	2018.870	0	0	0	0.00	-135.000	-135.000	225.000	36.527
2025-01-01T02:53:15.042906  19719	19.018	19.129	22.000	23.853	18.535	27.238	26.674	23.370	21.516	30.220	50.204	50.242	23.487	2048.730	0	0	0	0.00	-135.000	-135.000	225.000	36.527
2025-01-01T02:53:16.243077  19720	19.018	19.117	21.758	24.256	18.051	27.077	26.916	23.209	21.678	30.059	50.192	50.242	23.487	2075.430	0	0	0	0.00	-135.000	-135.000	225.000	36.527
2025-01-01T02:53:17.443088  19721	18.938	19.100	21.758	23.853	18.535	27.399	26.835	23.451	21.516	30.220	50.189	50.323	23.407	2119.815	0	0	0	0.00	-135.000	-135.000	225.000	36.527
2025-01-01T02:53:18.643042  19722	19.260	19.116	21.758	24.176	18.212	27.641	26.674	23.289	21.516	30.381	50.194	50.242	23.487	2078.185	0	0	0	0.00	-135.000	-135.000	225.000	36.527
2025-01-01T02:53:19.843077  19723	19.260	19.130	21.839	23.773	18.374	27.480	26.674	23.451	21.839	30.139	50.191	50.242	23.407	2041.182	0	0	0	0.00	-135.000	-135.000	225.000	36.527
2025-01-01T02:53:21.043165  19724	19.018	19.119	21.758	23.934	18.293	27.399	26.835	23.289	21.355	30.220	50.196	50.242	23.407	2068.790	0	0	0	0.00	-135.000	-135.000	225.000	36.527
2025-01-01T02:53:22.243159  19725	18.938	19.101	22.000	24.176	18.132	27.319	26.674	23.289	21.436	30.220	50.184	50.161	23.568	2113.504	0	0	0	0.00	-135.000	-135.000	225.000	36.527
2025-01-01T02:53:23.443277  19726	18.938	19.084	21.678	24.015	18.132	27.319	26.835	23.612	21.678	30.059	50.198	50.161	23.407	2153.628	0	0	0	0.00	-135.000	-135.000	225.000	36.527
2025-01-01T02:53:24.643338  19727	18.777	19.054	21.839	24.095	18.132	27.238	26.674	23.451	21.839	30.220	50.187	50.161	23.649	2230.513	0	0	0	0.00	-135.000	-135.000	225.000	36.527
2025-01-01T02:53:25.843451  19728	19.018	19.050	21.516	24.176	18.132	27.238	26.835	23.612	22.000	30.059	50.176	50.242	23.649	2238.453	0	0	0	0.00	-135.000	-135.000	225.000	36.527
2025-01-01T02:53:27.043351  19729	18.696	19.015	21.758	24.015	18.051	27.319	26.755	23.451	21.678	29.897	50.183	50.161	23.407	2327.522	0	0	0	0.00	-135.000	-135.000	225.000	36.527
2025-01-01T02:53:28.243436  19730	18.938	19.007	21.678	24.015	18.132	27.399	26.674	23.370	21.597	30.220	50.188	50.081	23.246	2346.163	0	0	0	0.00	-135.000	-135.000	225.000	36.527
2025-01-01T02:53:29.443418  19731	19.018	19.008	21.678	23.934	18.293	27.319	26.674	23.531	21.678	30.220	50.202	50.323	23.487	2343.102	0	0	0	0.00	-135.000	-135.000	225.000	36.527
2025-01-01T02:53:30.643473  19732	18.857	18.993	21.839	24.095	18.132	27.238	26.593	23.612	21.516	30.059	50.198	50.161	23.326	2381.222	0	0	0	0.00	-135.000	-135.000	225.000	36.527
2025-01-01T02:53:31.843635  19733	18.777	18.971	21.919	24.176	17.971	27.399	26.593	23.451	21.516	29.978	50.202	50.242	23.326	2435.674	0	0	0	0.00	-135.000	-135.000	225.000	36.527
2025-01-01T02:53:33.043553  19734	19.018	18.976	21.758	24.256	18.212	27.238	26.593	23.209	21.516	30.139	50.214	50.323	23.649	2423.585	0	0	0	0.00	-135.000	-135.000	225.000	36.527
2025-01-01T02:53:34.243586  19735	18.857	18.964	22.000	24.015	17.971	27.319	26.755	23.612	21.758	29.978	50.201	50.161	23.568	2453.903	0	0	0	0.00	-135.000	-135.000	225.000	36.527
2025-01-01T02:53:35.443761  19736	18.938	18.962	21.839	24.256	17.810	27.480	26.674	23.289	22.000	30.139	50.205	50.323	23.407	2460.600	0	0	0	0.00	-135.000	-135.000	225.000	36.527
2025-01-01T02:53:36.643750  19737	18.857	18.951	22.000	24.176	18.051	27.319	26.513	23.370	21.839	30.139	50.209	50.161	23.326	2487.196	0	0	0	0.00	-135.000	-135.000	225.000	36.527
2025-01-01T02:53:37.843856  19738	19.018	18.958	21.919	23.934	18.051	27.238	26.755	23.289	21.597	30.059	50.220	50.242	23.407	2470.344	0	0	0	0.00	-135.000	-135.000	225.000	36.527
2025-01-01T02:53:39.043894  19739	19.018	18.964	22.081	24.095	17.890	27.399	26.916	23.451	21.678	30.139	50.214	50.242	23.487	2455.485	0	0	0	0.00	-135.000	-135.000	225.000	36.527
2025-01-01T02:53:40.243971  19740	18.938	18.961	22.081	24.015	17.971	27.319	26.513	23.370	21.678	29.978	50.225	50.242	23.326	2462.467	0	0	0	0.00	-135.000	-135.000	225.000	36.527
2025-01-01T02:53:41.443926  19741	19.018	18.967	22.161	24.337	18.212	27.399	26.835	23.612	21.758	30.139	50.211	50.081	23.568	2448.270	0	0	0	0.00	-135.000	-135.000	225.000	36.527
2025-01-01T02:53:42.643961  19742	18.857	18.956	22.242	24.015	18.051	27.319	26.674	23.289	21.597	30.300	50.206	50.161	23.407	2476.368	0	0	0	0.00	-135.000	-135.000	225.000	36.527
2025-01-01T02:53:43.843941  19743	18.938	18.954	22.484	24.015	18.293	27.238	26.755	23.370	21.839	30.139	50.201	50.242	23.407	2481.069	0	0	0	0.00	-135.000	-135.000	225.000	36.527
2025-01-01T02:53:45.044113  19744	19.018	18.961	22.322	23.853	18.212	27.238	26.835	23.370	21.758	30.220	50.189	50.242	23.407	2465.139	0	0	0	0.00	-135.000	-135.000	225.000	36.527
2025-01-01T02:53:46.244126  19745	18.938	18.958	22.484	24.095	18.051	27.158	26.674	23.128	21.839	30.139	50.194	50.242	23.487	2471.318	0	0	0	0.00	-135.000	-135.000	225.000	36.527
2025-01-01T02:53:47.444091  19746	18.777	18.940	22.484	24.015	18.374	27.399	26.916	23.692	21.597	30.139	50.175	50.242	23.649	2517.488	0	0	0	0.00	-135.000	-135.000	225.000	36.527
2025-01-01T02:53:48.644240  19747	18.938	18.940	22.403	24.176	18.454	27.077	26.755	23.370	21.436	30.139	50.174	50.161	23.568	2518.146	0	0	0	0.00	-135.000	-135.000	225.000	36.527
2025-01-01T02:53:49.844158  19748	19.018	18.948	22.322	24.256	18.454	27.319	26.674	23.531	21.839	30.220	50.189	50.323	23.568	2498.738	0	0	0	0.00	-135.000	-135.000	225.000	36.527
2025-01-01T02:53:51.044331  19749	18.938	18.947	22.403	24.095	18.293	27.399	26.755	23.289	21.678	29.978	50.186	50.242	23.649	2501.786	0	0	0	0.00	-135.000	-135.000	225.000	36.527
2025-01-01T02:53:52.244279  19750	18.857	18.938	22.645	24.015	18.293	27.319	26.755	23.612	21.436	30.220	50.191	50.242	23.568	2524.773	0	0	0	0.00	-135.000	-135.000	225.000	36.527
2025-01-01T02:53:53.444391  19751	19.018	18.946	22.242	24.176	18.132	27.158	26.835	23.612	21.758	30.059	50.188	50.242	23.649	2504.675	0	0	0	0.00	-135.000	-135.000	225.000	36.527
2025-01-01T02:53:54.644410  19752	19.018	18.953	22.725	24.176	18.374	27.158	26.674	23.451	21.678	29.978	50.186	50.242	23.568	2486.895	0	0	0	0.00	-135.000	-135.000	225.000	36.527
2025-01-01T02:53:55.844521  19753	19.179	18.976	22.484	24.095	18.212	27.399	26.755	23.531	21.516	29.978	50.175	50.242	23.649	2430.152	0	0	0	0.00	-135.000	-135.000	225.000	36.527
2025-01-01T02:53:57.044492  19754	18.938	18.972	22.564	24.176	18.132	27.399	26.674	23.209	21.758	30.220	50.174	50.161	23.487	2440.371	0	0	0	0.00	-135.000	-135.000	225.000	36.527
2025-01-01T02:53:58.244513  19755	18.857	18.960	22.645	24.176	18.212	27.399	26.674	23.451	21.758	30.139	50.181	50.161	23.326	2469.493	0	0	0	0.00	-135.000	-135.000	225.000	36.527
2025-01-01T02:53:59.444700  19756	19.018	18.966	22.564	24.176	18.132	27.480	26.755	23.612	21.597	29.978	50.179	50.242	23.649	2454.912	0	0	0	0.00	-135.000	-135.000	225.000	36.527
2025-01-01T02:54:00.644621  19757	18.857	18.955	22.564	24.015	18.132	27.158	26.755	23.531	21.758	30.220	50.193	50.161	23.326	2482.829	0	0	0	0.00	-135.000	-135.000	225.000	36.527
2025-01-01T02:54:01.844643  19758	18.857	18.946	22.484	24.256	17.971	27.238	26.674	23.451	21.516	29.897	50.198	50.242	23.407	2507.732	0	0	0	0.00	-135.000	-135.000	225.000	36.527
2025-01-01T02:54:03.044663  19759	18.777	18.929	22.403	24.095	18.212	27.158	26.755	23.531	21.678	30.139	50.186	50.161	23.568	2550.606	0	0	0	0.00	-135.000	-135.000	225.000	36.527
2025-01-01T02:54:04.244673  19760	19.018	18.938	22.564	24.095	18.212	27.077	26.593	23.289	21.678	29.978	50.184	50.161	23.568	2528.100	0	0	0	0.00	-135.000	-135.000	225.000	36.527
2025-01-01T02:54:05.444784  19761	18.857	18.930	22.564	24.015	18.132	27.399	26.674	23.451	21.516	30.300	50.182	50.081	23.407	2549.042	0	0	0	0.00	-135.000	-135.000	225.000	36.527
2025-01-01T02:54:06.644833  19762	18.857	18.922	22.645	24.095	18.212	27.319	26.835	23.692	21.436	29.978	50.188	50.081	23.326	2567.666	0	0	0	0.00	-135.000	-135.000	225.000	36.527
2025-01-01T02:54:07.844960  19763	19.018	18.932	22.564	24.337	18.212	27.319	26.674	23.289	21.839	30.139	50.177	50.161	23.568	2543.802	0	0	0	0.00	-135.000	-135.000	225.000	36.527
2025-01-01T02:54:09.044862  19764	18.777	18.916	22.564	24.015	18.051	27.077	26.835	23.451	21.597	30.220	50.191	50.161	23.487	2583.724	0	0	0	0.00	-135.000	-135.000	225.000	36.527
2025-01-01T02:54:10.244961  19765	18.938	18.919	22.403	24.015	18.293	27.319	26.674	23.128	21.758	30.300	50.188	50.242	23.487	2578.600	0	0	0	0.00	-135.000	-135.000	225.000	36.527
2025-01-01T02:54:11.445119  19766	18.857	18.912	22.806	24.095	18.132	27.158	26.593	23.692	21.516	30.300	50.186	50.242	23.487	2594.719	0	0	0	0.00	-135.000	-135.000	225.000	36.527
2025-01-01T02:54:12.645055  19767	19.099	18.931	22.725	24.256	18.051	27.158	26.593	23.289	21.758	30.300	50.191	50.242	23.326	2548.071	0	0	0	0.00	-135.000	-135.000	225.000	36.527
2025-01-01T02:54:13.845097  19768	18.857	18.924	22.645	23.853	18.132	27.158	26.835	23.531	21.597	30.059	50.180	50.161	23.649	2567.594	0	0	0	0.00	-135.000	-135.000	225.000	36.527
2025-01-01T02:54:15.045128  19769	19.099	18.941	22.725	24.095	18.293	27.399	26.593	23.209	21.597	30.059	50.178	50.242	23.568	2523.691	0	0	0	0.00	-135.000	-135.000	225.000	36.527
2025-01-01T02:54:16.245109  19770	18.777	18.925	22.725	24.095	18.051	27.480	26.674	23.289	21.436	30.381	50.185	50.242	23.407	2566.049	0	0	0	0.00	-135.000	-135.000	225.000	36.527
2025-01-01T02:54:17.445226  19771	18.777	18.910	22.403	24.015	18.293	27.238	26.835	23.128	21.516	30.139	50.182	50.161	23.407	2603.683	0	0	0	0.00	-135.000	-135.000	225.000	36.527
2025-01-01T02:54:18.645258  19772	18.857	18.905	22.564	24.015	18.051	27.319	26.432	22.967	21.678	30.059	50.180	50.161	23.326	2617.345	0	0	0	0.00	-135.000	-135.000	225.000	36.527
2025-01-01T02:54:19.845328  19773	18.938	18.908	22.886	24.256	17.971	27.641	26.513	23.451	21.597	29.897	50.170	50.242	23.649	2609.535	0	0	0	0.00	-135.000	-135.000	225.000	36.527
2025-01-01T02:54:21.045540  19774	18.938	18.911	22.564	24.256	18.051	27.560	26.593	23.289	21.758	30.139	50.178	50.081	23.407	2602.712	0	0	0	0.00	-135.000	-135.000	225.000	36.527
2025-01-01T02:54:22.245302  19775	19.018	18.922	22.806	23.853	18.374	27.480	26.835	23.370	21.355	30.139	50.176	50.242	23.407	2576.250	0	0	0	0.00	-135.000	-135.000	225.000	36.527
2025-01-01T02:54:23.445359  19776	18.938	18.923	22.564	23.853	18.132	27.238	26.593	23.451	21.436	30.381	50.183	50.081	23.326	2572.950	0	0	0	0.00	-135.000	-135.000	225.000	36.527
2025-01-01T02:54:24.645516  19777	18.777	18.909	22.967	24.015	18.132	27.319	26.835	23.451	21.678	30.059	50.172	50.242	23.487	2610.589	0	0	0	0.00	-135.000	-135.000	225.000	36.527
2025-01-01T02:54:25.845462  19778	18.777	18.895	22.725	24.256	18.132	27.158	26.835	23.612	21.597	29.978	50.179	50.161	23.407	2644.299	0	0	0	0.00	-135.000	-135.000	225.000	36.527
2025-01-01T02:54:27.045696  19779	18.857	18.892	22.886	23.934	18.293	27.238	26.674	23.209	21.597	30.059	50.186	50.161	23.326	2654.431	0	0	0	0.00	-135.000	-135.000	225.000	36.527
2025-01-01T02:54:28.245616  19780	18.696	18.872	22.886	24.095	17.971	27.319	26.755	23.531	21.839	29.978	50.183	50.161	23.407	2704.536	0	0	0	0.00	-135.000	-135.000	225.000	36.527
2025-01-01T02:54:29.445675  19781	18.857	18.871	22.806	24.176	18.132	27.480	26.835	23.209	21.758	30.139	50.181	50.242	23.568	2708.796	0	0	0	0.00	-135.000	-135.000	225.000	36.527
2025-01-01T02:54:30.645751  19782	18.777	18.861	22.725	24.095	17.890	27.480	26.513	23.289	21.436	30.059	50.171	50.242	23.568	2733.415	0	0	0	0.00	-135.000	-135.000	225.000	36.527
2025-01-01T02:54:31.846395  19783	18.857	18.861	22.564	24.095	17.971	27.319	26.835	23.612	21.678	30.300	50.178	50.242	23.326	2735.202	0	0	0	0.00	-135.000	-135.000	225.000	36.527
2025-01-01T02:54:33.045903  19784	18.938	18.868	22.564	24.256	18.051	27.319	26.513	22.967	21.758	30.381	50.184	50.242	23.326	2716.706	0	0	0	0.00	-135.000	-135.000	225.000	36.527
2025-01-01T02:54:34.245891  19785	18.938	18.875	23.048	24.095	18.212	27.480	26.593	23.370	21.597	30.300	50.182	50.242	23.407	2700.266	0	0	0	0.00	-135.000	-135.000	225.000	36.527
2025-01-01T02:54:35.445882  19786	18.696	18.857	22.967	23.934	18.132	27.399	26.674	23.289	21.839	29.897	50.180	50.242	23.568	2746.608	0	0	0	0.00	-135.000	-135.000	225.000	36.527
2025-01-01T02:54:36.645856  19787	18.857	18.857	22.886	24.176	18.051	27.319	26.513	23.128	21.516	30.381	50.194	50.242	23.407	2747.315	0	0	0	0.00	-135.000	-135.000	225.000	36.527
2025-01-01T02:54:37.846020  19788	18.857	18.857	23.209	24.015	18.212	27.238	26.432	23.773	21.758	30.139	50.199	50.242	23.487	2748.375	0	0	0	0.00	-135.000	-135.000	225.000	36.527
2025-01-01T02:54:39.046109  19789	18.857	18.857	23.209	23.934	18.132	27.238	26.513	23.451	21.516	29.817	50.203	50.242	23.487	2749.426	0	0	0	0.00	-135.000	-135.000	225.000	36.527
2025-01-01T02:54:40.245986  19790	18.857	18.857	23.128	24.015	18.374	27.399	26.674	23.531	21.597	30.059	50.191	50.161	23.568	2750.472	0	0	0	0.00	-135.000	-135.000	225.000	36.527
2025-01-01T02:54:41.446286  19791	19.018	18.873	23.209	24.015	18.212	27.319	26.674	23.289	21.436	29.897	50.196	50.242	23.407	2710.786	0	0	0	0.00	-135.000	-135.000	225.000	36.527
2025-01-01T02:54:42.646139  19792	18.938	18.880	22.967	24.176	17.971	27.480	26.674	23.612	21.436	30.059	50.193	50.161	23.487	2695.741	0	0	0	0.00	-135.000	-135.000	225.000	36.527
2025-01-01T02:54:43.846118  19793	19.018	18.894	22.967	24.176	18.293	27.399	26.835	23.209	21.597	30.220	50.181	50.161	23.487	2661.724	0	0	0	0.00	-135.000	-135.000	225.000	36.527
2025-01-01T02:54:45.046285  19794	18.857	18.890	23.209	24.256	18.293	27.158	26.835	23.370	21.597	30.059	50.188	50.161	23.407	2671.984	0	0	0	0.00	-135.000	-135.000	225.000	36.527
2025-01-01T02:54:46.246218  19795	18.857	18.887	23.048	23.934	18.293	27.319	26.674	23.289	21.597	29.978	50.185	50.161	23.407	2680.995	0	0	0	0.00	-135.000	-135.000	225.000	36.527
2025-01-01T02:54:47.446462  19796	18.857	18.884	23.048	24.095	18.293	27.238	26.755	23.370	21.919	30.220	50.199	50.242	23.407	2689.202	0	0	0	0.00	-135.000	-135.000	225.000	36.527
2025-01-01T02:54:48.646517  19797	19.018	18.897	22.967	24.337	18.212	27.319	26.835	23.128	21.597	30.139	50.211	50.242	23.326	2655.962	0	0	0	0.00	-135.000	-135.000	225.000	36.527
2025-01-01T02:54:49.846393  19798	18.938	18.901	23.128	24.337	18.132	27.238	26.835	23.370	21.597	29.978	50.222	50.242	23.407	2646.718	0	0	0	0.00	-135.000	-135.000	225.000	36.527
2025-01-01T02:54:51.046499  19799	18.696	18.881	22.967	24.176	18.132	27.238	26.593	23.531	21.758	30.220	50.208	50.081	23.568	2699.375	0	0	0	0.00	-135.000	-135.000	225.000	36.527
2025-01-01T02:54:52.246415  19800	18.696	18.862	23.128	24.015	18.293	27.238	26.755	23.692	21.758	30.059	50.220	50.323	23.407	2746.494	0	0	0	0.00	-135.000	-135.000	225.000	36.527
2025-01-01T02:54:53.446653  19801	18.857	18.862	23.048	24.015	18.212	27.238	26.755	23.209	21.678	30.220	50.214	50.242	23.407	2748.385	0	0	0	0.00	-135.000	-135.000	225.000	36.527
2025-01-01T02:54:54.646638  19802	18.857	18.861	23.289	24.095	18.132	27.399	26.755	23.612	21.758	29.978	50.208	50.242	23.568	2750.514	0	0	0	0.00	-135.000	-135.000	225.000	36.527
2025-01-01T02:54:55.846512  19803	19.099	18.885	23.128	24.095	18.132	27.238	26.593	23.128	21.678	30.059	50.212	50.161	23.407	2691.434	0	0	0	0.00	-135.000	-135.000	225.000	36.527
2025-01-01T02:54:57.046657  19804	18.938	18.890	22.967	23.853	18.293	27.319	26.835	23.451	21.678	30.139	50.199	50.161	23.487	2679.406	0	0	0	0.00	-135.000	-135.000	225.000	36.527
2025-01-01T02:54:58.246710  19805	18.857	18.887	23.209	24.095	18.374	27.319	26.755	23.209	21.758	30.139	50.203	50.242	23.568	2688.666	0	0	0	0.00	-135.000	-135.000	225.000	36.527
2025-01-01T02:54:59.446655  19806	18.857	18.884	23.289	24.095	18.132	27.238	26.916	23.531	21.919	30.300	50.207	50.242	23.487	2696.938	0	0	0	0.00	-135.000	-135.000	225.000	36.527
2025-01-01T02:55:00.646774  19807	19.018	18.897	22.967	24.015	18.374	27.399	26.674	23.128	21.678	30.300	50.202	50.161	23.487	2663.754	0	0	0	0.00	-135.000	-135.000	225.000	36.527
2025-01-01T02:55:01.846849  19808	19.018	18.910	23.048	24.176	18.293	27.319	26.835	23.289	21.758	29.978	50.214	50.242	23.487	2634.201	0	0	0	0.00	-135.000	-135.000	225.000	36.527
2025-01-01T02:55:03.046954  19809	18.777	18.896	23.209	24.176	18.212	27.238	26.513	23.370	21.516	29.978	50.193	50.242	23.487	2668.680	0	0	0	0.00	-135.000	-135.000	225.000	36.527
2025-01-01T02:55:04.246904  19810	18.938	18.900	23.370	24.095	18.212	27.480	26.674	23.370	21.758	29.978	50.190	50.242	23.487	2658.657	0	0	0	0.00	-135.000	-135.000	225.000	36.527
2025-01-01T02:55:05.446939  19811	18.857	18.896	23.209	24.095	18.293	27.238	26.755	23.289	21.758	30.381	50.179	50.161	23.487	2670.364	0	0	0	0.00	-135.000	-135.000	225.000	36.527
2025-01-01T02:55:06.646940  19812	18.857	18.892	23.209	24.095	18.374	27.480	26.674	23.289	21.758	30.220	50.169	50.161	23.487	2680.842	0	0	0	0.00	-135.000	-135.000	225.000	36.527
2025-01-01T02:55:07.846974  19813	18.938	18.897	23.128	24.095	18.374	27.399	26.835	23.128	21.275	30.300	50.176	50.161	23.407	2670.009	0	0	0	0.00	-135.000	-135.000	225.000	36.527
2025-01-01T02:55:09.047098  19814	18.777	18.885	23.451	24.256	18.293	27.319	26.755	23.692	22.081	29.978	50.183	50.242	23.407	2701.189	0	0	0	0.00	-135.000	-135.000	225.000	36.527
2025-01-01T02:55:10.247271  19815	18.857	18.882	23.128	24.256	18.212	27.399	26.835	23.128	21.597	30.139	50.197	50.242	23.407	2708.720	0	0	0	0.00	-135.000	-135.000	225.000	36.527
2025-01-01T02:55:11.447117  19816	18.857	18.879	23.209	24.256	18.454	27.480	26.916	23.289	21.758	30.059	50.193	50.242	23.487	2715.762	0	0	0	0.00	-135.000	-135.000	225.000	36.527
2025-01-01T02:55:12.647206  19817	19.018	18.893	23.370	24.176	18.293	27.158	26.835	23.531	21.597	30.059	50.206	50.403	23.487	2681.472	0	0	0	0.00	-135.000	-135.000	225.000	36.527
2025-01-01T02:55:13.847227  19818	19.018	18.906	23.048	24.095	18.132	27.319	26.674	23.289	21.678	30.139	50.194	50.161	23.649	2650.921	0	0	0	0.00	-135.000	-135.000	225.000	36.527
2025-01-01T02:55:15.047294  19819	18.857	18.901	23.128	24.095	18.293	27.319	26.835	23.209	21.839	30.139	50.207	50.323	23.407	2664.140	0	0	0	0.00	-135.000	-135.000	225.000	36.527
2025-01-01T02:55:16.247278  19820	18.938	18.905	23.289	24.256	18.293	27.158	26.835	23.451	21.516	30.220	50.218	50.323	23.487	2655.448	0	0	0	0.00	-135.000	-135.000	225.000	36.527
2025-01-01T02:55:17.447387  19821	19.099	18.924	23.370	24.256	18.374	27.319	26.916	23.209	21.678	30.220	50.229	50.161	23.649	2607.103	0	0	0	0.00	-135.000	-135.000	225.000	36.527
2025-01-01T02:55:18.647375  19822	18.857	18.917	23.451	24.095	18.454	27.319	26.674	23.451	21.758	29.978	50.214	50.161	23.568	2624.941	0	0	0	0.00	-135.000	-135.000	225.000	36.527
2025-01-01T02:55:19.847414  19823	18.938	18.919	23.370	24.015	18.615	27.238	26.755	23.370	21.597	30.139	50.209	50.242	23.487	2620.247	0	0	0	0.00	-135.000	-135.000	225.000	36.527
2025-01-01T02:55:21.047620  19824	19.179	18.945	23.451	24.095	18.535	27.399	26.916	23.128	21.516	30.059	50.196	50.161	23.407	2555.133	0	0	0	0.00	-135.000	-135.000	225.000	36.527
2025-01-01T02:55:22.247552  19825	19.099	18.961	23.451	24.176	18.535	27.480	26.674	23.451	21.839	30.139	50.184	50.000	23.568	2517.254	0	0	0	0.00	-135.000	-135.000	225.000	36.527
2025-01-01T02:55:23.447568  19826	18.857	18.950	23.209	24.176	18.454	27.238	26.755	23.451	21.516	30.139	50.174	50.161	23.568	2544.022	0	0	0	0.00	-135.000	-135.000	225.000	36.527
2025-01-01T02:55:24.647570  19827	19.018	18.957	23.209	24.176	18.374	27.158	26.916	23.209	22.000	30.300	50.181	50.161	23.407	2527.003	0	0	0	0.00	-135.000	-135.000	225.000	36.527
2025-01-01T02:55:25.847688  19828	18.938	18.955	23.128	24.015	18.454	27.238	26.835	23.612	21.516	30.300	50.163	50.242	23.649	2532.359	0	0	0	0.00	-135.000	-135.000	225.000	36.527
2025-01-01T02:55:27.047747  19829	18.938	18.954	23.289	24.176	18.374	27.399	26.674	23.289	21.839	29.978	50.163	50.323	23.649	2537.063	0	0	0	0.00	-135.000	-135.000	225.000	36.527
2025-01-01T02:55:28.247731  19830	19.099	18.968	23.289	24.176	18.293	27.319	26.755	23.289	21.758	29.978	50.170	50.081	23.407	2500.612	0	0	0	0.00	-135.000	-135.000	225.000	36.527
2025-01-01T02:55:29.447888  19831	19.018	18.973	23.209	24.095	18.374	27.238	26.835	23.531	21.597	30.139	50.178	50.323	23.487	2488.421	0	0	0	0.00	-135.000	-135.000	225.000	36.527
2025-01-01T02:55:30.647821  19832	19.179	18.994	23.048	24.176	18.374	27.158	26.916	23.128	21.597	30.139	50.168	50.161	23.649	2436.549	0	0	0	0.00	-135.000	-135.000	225.000	36.527
2025-01-01T02:55:31.848037  19833	18.938	18.988	23.128	23.934	18.454	27.319	26.755	23.209	21.758	30.139	50.175	50.323	23.487	2451.152	0	0	0	0.00	-135.000	-135.000	225.000	36.527
2025-01-01T02:55:33.048016  19834	18.938	18.983	23.048	24.095	18.374	27.319	26.513	23.370	21.516	30.300	50.174	50.161	23.568	2463.858	0	0	0	0.00	-135.000	-135.000	225.000	36.527
2025-01-01T02:55:34.248006  19835	18.938	18.979	22.967	24.176	18.374	27.399	26.513	23.612	21.678	30.139	50.173	50.323	23.407	2475.332	0	0	0	0.00	-135.000	-135.000	225.000	36.527
2025-01-01T02:55:35.448128  19836	18.938	18.974	23.048	24.176	18.454	27.399	26.835	23.370	21.839	30.220	50.164	50.323	23.649	2485.706	0	0	0	0.00	-135.000	-135.000	225.000	36.527
2025-01-01T02:55:36.648078  19837	18.777	18.955	22.967	24.095	18.051	27.238	26.755	23.048	21.597	30.059	50.163	50.242	23.487	2535.814	0	0	0	0.00	-135.000	-135.000	225.000	36.527
2025-01-01T02:55:37.848056  19838	19.018	18.961	22.967	24.337	18.293	27.238	26.835	23.531	21.839	30.059	50.155	50.242	23.649	2519.652	0	0	0	0.00	-135.000	-135.000	225.000	36.527
2025-01-01T02:55:39.048230  19839	18.938	18.959	22.806	24.256	18.212	27.480	26.674	23.370	21.919	30.300	50.172	50.161	23.568	2525.942	0	0	0	0.00	-135.000	-135.000	225.000	36.527
2025-01-01T02:55:40.248222  19840	19.099	18.973	22.725	24.015	18.212	27.560	26.674	22.967	21.597	30.220	50.187	50.161	23.487	2490.758	0	0	0	0.00	-135.000	-135.000	225.000	36.527
2025-01-01T02:55:41.448259  19841	18.938	18.969	22.886	24.176	18.051	27.238	26.835	22.967	21.516	30.059	50.192	50.161	23.407	2500.074	0	0	0	0.00	-135.000	-135.000	225.000	36.527
2025-01-01T02:55:42.648383  19842	18.857	18.958	22.806	24.015	18.051	27.238	26.593	23.048	21.355	30.381	50.197	50.081	23.487	2528.541	0	0	0	0.00	-135.000	-135.000	225.000	36.527
2025-01-01T02:55:43.848282  19843	18.938	18.956	22.967	24.256	18.132	27.319	26.835	23.531	21.839	29.978	50.186	50.242	23.649	2533.734	0	0	0	0.00	-135.000	-135.000	225.000	36.527
2025-01-01T02:55:45.048388  19844	18.938	18.954	22.967	24.015	18.374	27.319	26.835	23.289	21.597	30.220	50.199	50.323	23.568	2538.614	0	0	0	0.00	-135.000	-135.000	225.000	36.527
2025-01-01T02:55:46.248674  19845	19.018	18.961	22.725	24.256	18.132	27.238	26.674	23.612	21.758	29.978	50.187	50.161	23.568	2522.684	0	0	0	0.00	-135.000	-135.000	225.000	36.527
2025-01-01T02:55:47.448439  19846	18.938	18.958	22.806	24.176	18.212	27.158	26.674	23.289	21.678	29.978	50.169	50.161	23.729	2528.863	0	0	0	0.00	-135.000	-135.000	225.000	36.527
2025-01-01T02:55:48.648492  19847	19.099	18.972	22.806	24.095	18.132	27.319	26.835	23.289	21.678	30.381	50.184	50.161	23.487	2493.577	0	0	0	0.00	-135.000	-135.000	225.000	36.527
2025-01-01T02:55:49.848644  19848	18.777	18.953	22.886	24.176	18.051	27.319	26.513	23.128	21.516	30.381	50.182	50.242	23.487	2543.528	0	0	0	0.00	-135.000	-135.000	225.000	36.527
2025-01-01T02:55:51.048505  19849	18.938	18.951	22.886	24.095	18.293	27.560	26.674	23.370	21.597	30.381	50.180	50.242	23.487	2547.270	0	0	0	0.00	-135.000	-135.000	225.000	36.527
2025-01-01T02:55:52.248701  19850	18.938	18.950	22.645	23.934	18.132	27.480	26.835	23.451	21.516	30.462	50.178	50.242	23.487	2551.003	0	0	0	0.00	-135.000	-135.000	225.000	36.527
2025-01-01T02:55:53.448754  19851	19.018	18.957	22.806	24.095	18.051	27.238	26.674	23.451	21.516	29.897	50.184	50.242	23.568	2534.042	0	0	0	0.00	-135.000	-135.000	225.000	36.527
2025-01-01T02:55:54.648671  19852	18.857	18.947	22.886	24.256	18.132	27.158	26.674	23.692	21.758	30.381	50.190	50.323	23.568	2559.651	0	0	0	0.00	-135.000	-135.000	225.000	36.527
2025-01-01T02:55:55.848758  19853	19.099	18.962	22.645	24.015	18.212	27.560	26.755	23.209	21.516	29.978	50.203	50.161	23.407	2521.386	0	0	0	0.00	-135.000	-135.000	225.000	36.527
2025-01-01T02:55:57.048782  19854	18.777	18.943	22.886	24.095	18.051	27.319	26.513	23.048	21.839	29.897	50.207	50.242	23.407	2568.819	0	0	0	0.00	-135.000	-135.000	225.000	36.527
2025-01-01T02:55:58.248803  19855	19.018	18.951	22.806	23.853	18.132	27.319	26.755	23.209	21.758	29.978	50.203	50.161	23.487	2549.926	0	0	0	0.00	-135.000	-135.000	225.000	36.527
2025-01-01T02:55:59.448879  19856	19.099	18.966	22.806	24.015	18.132	27.480	26.513	23.451	21.758	30.381	50.207	50.242	23.487	2513.032	0	0	0	0.00	-135.000	-135.000	225.000	36.527
2025-01-01T02:56:00.648951  19857	18.938	18.963	22.806	24.176	18.132	27.238	26.593	23.612	21.678	30.220	50.202	50.081	23.407	2520.648	0	0	0	0.00	-135.000	-135.000	225.000	36.527
2025-01-01T02:56:01.849000  19858	18.938	18.960	22.967	24.256	17.971	27.319	26.835	23.128	21.839	30.139	50.190	50.242	23.568	2527.223	0	0	0	0.00	-135.000	-135.000	225.000	36.527
2025-01-01T02:56:03.049115  19859	18.777	18.942	22.967	24.176	18.051	27.158	26.674	23.209	21.839	29.978	50.195	50.242	23.487	2573.913	0	0	0	0.00	-135.000	-135.000	225.000	36.527
2025-01-01T02:56:04.249153  19860	18.938	18.942	22.967	24.176	18.132	27.158	26.674	23.451	21.516	30.381	50.184	50.161	23.407	2575.040	0	0	0	0.00	-135.000	-135.000	225.000	36.527
2025-01-01T02:56:05.449028  19861	18.777	18.925	22.967	24.015	18.051	27.399	26.593	23.289	21.275	30.220	50.190	50.242	23.326	2617.147	0	0	0	0.00	-135.000	-135.000	225.000	36.527
2025-01-01T02:56:06.649105  19862	19.018	18.934	22.886	23.934	18.293	27.238	26.513	23.209	21.597	30.139	50.195	50.161	23.246	2593.786	0	0	0	0.00	-135.000	-135.000	225.000	36.527
2025-01-01T02:56:07.849143  19863	18.777	18.919	22.806	24.176	18.293	27.319	26.755	23.451	21.597	30.059	50.183	50.242	23.246	2634.321	0	0	0	0.00	-135.000	-135.000	225.000	36.527
2025-01-01T02:56:09.049254  19864	18.938	18.921	22.806	24.337	17.971	27.158	26.674	23.209	21.919	29.897	50.189	50.323	23.165	2629.750	0	0	0	0.00	-135.000	-135.000	225.000	36.527
2025-01-01T02:56:10.249230  19865	19.018	18.930	22.967	24.095	18.051	27.158	26.513	23.209	21.678	30.139	50.194	50.242	22.923	2605.638	0	0	0	0.00	-135.000	-135.000	225.000	36.527
2025-01-01T02:56:11.449334  19866	19.018	18.939	22.725	24.176	18.212	27.399	26.674	23.048	21.758	30.462	50.199	50.242	22.762	2584.082	0	0	0	0.00	-135.000	-135.000	225.000	36.527
2025-01-01T02:56:12.649383  19867	18.777	18.923	23.048	24.095	18.212	27.238	26.674	23.289	21.597	30.139	50.187	50.161	22.923	2625.764	0	0	0	0.00	-135.000	-135.000	225.000	36.527
2025-01-01T02:56:13.849424  19868	18.938	18.924	22.886	24.095	18.212	27.158	26.674	23.370	21.678	30.300	50.169	50.081	22.762	2622.224	0	0	0	0.00	-135.000	-135.000	225.000	36.527
2025-01-01T02:56:15.049495  19869	18.857	18.918	23.048	24.176	18.132	27.560	26.674	23.612	21.516	30.300	50.160	50.161	22.762	2639.764	0	0	0	0.00	-135.000	-135.000	225.000	36.527
2025-01-01T02:56:16.249509  19870	18.938	18.920	23.048	24.095	18.132	27.238	26.835	23.692	21.919	30.220	50.176	50.242	22.520	2635.126	0	0	0	0.00	-135.000	-135.000	225.000	36.527
2025-01-01T02:56:17.449499  19871	19.099	18.938	22.967	24.337	18.374	27.238	26.755	23.370	21.516	30.059	50.167	50.161	22.520	2590.431	0	0	0	0.00	-135.000	-135.000	225.000	36.527
2025-01-01T02:56:18.649723  19872	18.857	18.930	22.806	23.934	18.374	27.560	26.674	23.209	21.597	30.139	50.158	50.161	22.279	2611.547	0	0	0	0.00	-135.000	-135.000	225.000	36.527
2025-01-01T02:56:19.849569  19873	18.938	18.930	23.048	24.095	18.293	27.399	26.755	23.370	21.597	30.139	50.150	50.161	22.359	2609.807	0	0	0	0.00	-135.000	-135.000	225.000	36.527
2025-01-01T02:56:21.049690  19874	18.857	18.923	23.048	24.176	18.293	27.238	26.513	23.289	21.919	30.300	50.151	50.242	22.359	2628.810	0	0	0	0.00	-135.000	-135.000	225.000	36.527
2025-01-01T02:56:22.249734  19875	18.857	18.916	23.048	24.256	18.212	27.238	26.755	23.531	22.000	29.978	50.144	50.161	22.117	2645.850	0	0	0	0.00	-135.000	-135.000	225.000	36.527
2025-01-01T02:56:23.449928  19876	19.099	18.935	22.967	23.934	18.374	27.238	26.835	23.451	21.436	30.381	50.146	50.161	21.956	2600.197	0	0	0	0.00	-135.000	-135.000	225.000	36.527
2025-01-01T02:56:24.649752  19877	19.018	18.943	22.967	24.337	18.132	27.399	26.593	23.451	21.919	30.300	50.148	50.323	21.876	2579.883	0	0	0	0.00	-135.000	-135.000	225.000	36.527
2025-01-01T02:56:25.849862  19878	18.857	18.934	22.886	24.256	18.293	27.158	26.593	23.289	21.758	29.897	50.157	50.403	21.876	2602.158	0	0	0	0.00	-135.000	-135.000	225.000	36.527
2025-01-01T02:56:27.049924  19879	18.777	18.919	23.128	24.337	18.132	27.399	26.432	23.531	21.597	29.978	50.166	50.161	21.714	2642.344	0	0	0	0.00	-135.000	-135.000	225.000	36.527
2025-01-01T02:56:28.249948  19880	19.099	18.937	22.725	24.095	18.374	27.319	26.674	23.451	21.436	30.381	50.173	50.242	21.634	2597.050	0	0	0	0.00	-135.000	-135.000	225.000	36.527
2025-01-01T02:56:29.450208  19881	18.938	18.937	22.967	24.256	18.212	27.319	26.674	23.612	21.597	30.300	50.188	50.323	21.634	2597.588	0	0	0	0.00	-135.000	-135.000	225.000	36.527
2025-01-01T02:56:30.650099  19882	19.179	18.961	23.048	24.015	18.454	27.319	26.593	23.451	21.678	30.220	50.193	50.242	21.473	2536.705	0	0	0	0.00	-135.000	-135.000	225.000	36.527
2025-01-01T02:56:31.850145  19883	18.938	18.959	23.048	24.095	18.293	27.158	26.513	23.692	21.919	30.059	50.206	50.323	21.553	2543.357	0	0	0	0.00	-135.000	-135.000	225.000	36.527
2025-01-01T02:56:33.050062  19884	18.777	18.941	23.048	24.256	18.132	27.158	26.674	23.370	21.839	30.139	50.210	50.242	21.392	2589.634	0	0	0	0.00	-135.000	-135.000	225.000	36.527
2025-01-01T02:56:34.250297  19885	18.938	18.940	22.886	24.337	18.212	27.319	26.674	23.289	21.758	30.059	50.213	50.242	21.312	2590.390	0	0	0	0.00	-135.000	-135.000	225.000	36.527
2025-01-01T02:56:35.450350  19886	18.857	18.932	23.128	24.015	18.454	27.238	26.513	23.370	21.516	30.059	50.208	50.161	21.392	2611.798	0	0	0	0.00	-135.000	-135.000	225.000	36.527
