DATE(YYYYMMDD),START TIME(HHMMSS.Microsec),END TIME(HHMMSS.Microsec),TIME PASSED (sec),PWV TOTAL zenith,PWV TOTAL line-of-sight,zenith angle,standard_deviation_of_residuals,Nscale_troposphere_h2o
20240801,010136.514103,011150.063212,613.549109,481.394 um_pwv,587.673 um_pwv,35.0,10.52 K,1.13228
20240801,011151.025290,012204.471245,613.445955,510.232 um_pwv,622.878 um_pwv,35.0,10.96 K,1.20044
20240801,012205.429063,013218.876447,613.447384,530.63 um_pwv,647.779 um_pwv,35.0,11.35 K,1.24865
20240801,013219.839420,014233.285646,613.446226,551.724 um_pwv,673.531 um_pwv,35.0,11.62 K,1.29850
20240801,014234.242884,015247.693356,613.450472,601.717 um_pwv,734.56 um_pwv,35.0,11.95 K,1.41665
20240801,015248.650554,015636.173647,227.523093,625.423 um_pwv,763.5 um_pwv,35.0,11.02 K,1.47268
20240801,020136.319205,021149.869842,613.550637,677.491 um_pwv,827.064 um_pwv,35.0,10.66 K,1.59573
20240801,021150.826219,022204.272124,613.445905,692.767 um_pwv,845.712 um_pwv,35.0,10.18 K,1.63184
20240801,022205.235465,023218.681598,613.446133,695.638 um_pwv,849.217 um_pwv,35.0,9.306 K,1.63862
20240801,023219.644622,024233.093187,613.448565,703.669 um_pwv,859.021 um_pwv,35.0,8.561 K,1.65760
20240801,024234.050880,025247.500259,613.449379,706.033 um_pwv,861.908 um_pwv,35.0,7.589 K,1.66319
20240801,025248.459135,025635.979965,227.52083,725.133 um_pwv,885.223 um_pwv,35.0,8.168 K,1.70833
20240801,030136.121913,031149.675041,613.553128,717.895 um_pwv,876.388 um_pwv,35.0,6.911 K,1.69122
20240801,031150.631725,032204.079144,613.447419,704.381 um_pwv,859.89 um_pwv,35.0,6.439 K,1.65928
20240801,032205.043485,033218.490335,613.44685,711.892 um_pwv,869.06 um_pwv,35.0,6.756 K,1.67704
20240801,033219.447644,034232.900194,613.45255,710.278 um_pwv,867.09 um_pwv,35.0,6.692 K,1.67322
20240801,034233.859781,035247.305599,613.445818,702.385 um_pwv,857.454 um_pwv,35.0,6.366 K,1.65457
20240801,035248.263520,035635.786915,227.523395,700.068 um_pwv,854.625 um_pwv,35.0,6.15 K,1.64909
20240801,050135.940856,051149.475399,613.534543,699.371 um_pwv,853.775 um_pwv,35.0,6.301 K,1.64744
20240801,051150.437272,052203.885283,613.448011,704.913 um_pwv,860.54 um_pwv,35.0,6.406 K,1.66054
20240801,052204.847171,053218.293745,613.446574,706.155 um_pwv,862.056 um_pwv,35.0,6.87 K,1.66348
20240801,053219.255552,054232.698770,613.443218,706.8 um_pwv,862.844 um_pwv,35.0,6.817 K,1.66500
20240801,054233.660288,055247.110439,613.450151,712.314 um_pwv,869.575 um_pwv,35.0,6.819 K,1.67803
20240801,055248.066096,055635.588410,227.522314,704.548 um_pwv,860.095 um_pwv,35.0,6.618 K,1.65968
20240801,060135.733191,061149.280755,613.547564,691.049 um_pwv,843.615 um_pwv,35.0,6.654 K,1.62778
20240801,061150.242024,062203.691987,613.449963,677.312 um_pwv,826.846 um_pwv,35.0,6.8 K,1.59531
20240801,062204.648610,063218.095016,613.446406,656 um_pwv,800.829 um_pwv,35.0,6.191 K,1.54495
20240801,063219.057776,064232.506739,613.448963,655.467 um_pwv,800.177 um_pwv,35.0,6.29 K,1.54368
20240801,064233.462756,065246.913031,613.450275,652.29 um_pwv,796.299 um_pwv,35.0,6.424 K,1.53618
20240801,065247.875086,065635.395594,227.520508,655.079 um_pwv,799.704 um_pwv,35.0,6.425 K,1.54277
20240801,070136.544774,071150.096979,613.552205,646.796 um_pwv,789.592 um_pwv,35.0,6.135 K,1.52319
20240801,071151.057950,072204.500536,613.442586,650.78 um_pwv,794.455 um_pwv,35.0,6.112 K,1.53261
20240801,072205.462702,073218.912638,613.449936,642.979 um_pwv,784.933 um_pwv,35.0,6.095 K,1.51417
20240801,073219.874076,074233.317196,613.44312,639.627 um_pwv,780.84 um_pwv,35.0,6.073 K,1.50625
20240801,074234.279730,075247.723912,613.444182,637.517 um_pwv,778.264 um_pwv,35.0,6.103 K,1.50126
20240801,075248.685710,075636.209117,227.523407,623.321 um_pwv,760.934 um_pwv,35.0,6.141 K,1.46771
20240801,090136.395159,091149.943456,613.548297,593.701 um_pwv,724.775 um_pwv,35.0,6.855 K,1.39771
20240801,091150.906097,092204.353374,613.447277,599.274 um_pwv,731.578 um_pwv,35.0,6.904 K,1.41088
20240801,092205.310276,093218.767204,613.456928,586.24 um_pwv,715.667 um_pwv,35.0,6.972 K,1.38008
20240801,093219.719536,094233.168720,613.449184,566.271 um_pwv,691.29 um_pwv,35.0,7.029 K,1.33288
20240801,094234.127127,095247.576593,613.449466,565.323 um_pwv,690.132 um_pwv,35.0,7.093 K,1.33064
20240801,095248.534109,095636.054293,227.520184,561.74 um_pwv,685.758 um_pwv,35.0,7.074 K,1.32217
20240801,100136.207785,101149.750287,613.542502,565.616 um_pwv,690.489 um_pwv,35.0,7.147 K,1.33133
20240801,101150.706661,102204.156482,613.449821,561.297 um_pwv,685.217 um_pwv,35.0,7.116 K,1.32113
20240801,102205.113398,103218.563769,613.450371,557.203 um_pwv,680.22 um_pwv,35.0,7.285 K,1.31145
20240801,103219.521604,104232.968659,613.447055,551.887 um_pwv,673.73 um_pwv,35.0,7.432 K,1.29889
20240801,104233.932311,105247.377171,613.44486,549.55 um_pwv,670.877 um_pwv,35.0,7.447 K,1.29336
20240801,105248.339851,105635.857903,227.518052,540.94 um_pwv,660.366 um_pwv,35.0,7.333 K,1.27302
20240801,110136.050483,111149.602021,613.551538,530.837 um_pwv,648.032 um_pwv,35.0,7.466 K,1.24914
20240801,111150.558375,112204.005167,613.446792,517.076 um_pwv,631.233 um_pwv,35.0,7.529 K,1.21661
20240801,112204.968523,113218.414087,613.445564,497.571 um_pwv,607.423 um_pwv,35.0,7.596 K,1.17052
20240801,113219.377666,114232.819773,613.442107,483.044 um_pwv,589.688 um_pwv,35.0,7.661 K,1.13618
20240801,114233.784405,115247.229766,613.445361,479.311 um_pwv,585.131 um_pwv,35.0,7.759 K,1.12736
20240801,115248.192517,115635.710522,227.518005,481.465 um_pwv,587.76 um_pwv,35.0,7.731 K,1.13245
20240801,130135.860633,131149.399777,613.539144,444.152 um_pwv,542.21 um_pwv,35.0,8.017 K,1.04426
20240801,131150.355310,132203.805981,613.450671,442.493 um_pwv,540.185 um_pwv,35.0,7.952 K,1.04034
20240801,132204.767476,133219.219783,614.452307,446.894 um_pwv,545.557 um_pwv,35.0,8.014 K,1.05074
20240801,133220.182484,134233.629626,613.447142,441.123 um_pwv,538.512 um_pwv,35.0,7.997 K,1.03710
20240801,134234.585405,135248.037378,613.451973,436.167 um_pwv,532.461 um_pwv,35.0,8.022 K,1.02539
20240801,135248.993319,135635.556598,226.563279,431.819 um_pwv,527.154 um_pwv,35.0,7.994 K,1.01511
20240801,140135.664033,141149.201188,613.537155,445.686 um_pwv,544.082 um_pwv,35.0,8.25 K,1.04788
20240801,141150.163394,142203.611682,613.448288,448.901 um_pwv,548.007 um_pwv,35.0,8.111 K,1.05548
20240801,142204.568527,143218.018939,613.450412,439.692 um_pwv,536.765 um_pwv,35.0,7.802 K,1.03372
20240801,143218.974927,144232.423489,613.448562,442.101 um_pwv,539.706 um_pwv,35.0,7.8 K,1.03941
20240801,144233.385818,145246.830295,613.444477,454.943 um_pwv,555.382 um_pwv,35.0,7.793 K,1.06976
20240801,145247.792037,145635.313860,227.521823,453.712 um_pwv,553.88 um_pwv,35.0,7.786 K,1.06685
20240801,150136.484223,151150.065401,613.581178,456.637 um_pwv,557.451 um_pwv,35.0,8.036 K,1.07377
20240801,151151.021758,152204.471709,613.449951,451.873 um_pwv,551.635 um_pwv,35.0,7.791 K,1.06251
20240801,152205.429541,153218.879538,613.449997,455.873 um_pwv,556.519 um_pwv,35.0,7.539 K,1.07196
20240801,153219.837023,154233.289570,613.452547,453.6 um_pwv,553.744 um_pwv,35.0,7.463 K,1.06659
20240801,154234.245561,155247.692794,613.447233,454.349 um_pwv,554.658 um_pwv,35.0,7.371 K,1.06836
20240801,155248.655553,155636.177190,227.521637,447.919 um_pwv,546.808 um_pwv,35.0,7.212 K,1.05316
20240801,170136.267582,171149.819640,613.552058,454.596 um_pwv,554.959 um_pwv,35.0,6.66 K,1.06894
20240801,171150.776593,172204.224157,613.447564,464.553 um_pwv,567.115 um_pwv,35.0,6.545 K,1.09248
20240801,172205.186839,173218.632966,613.446127,482.937 um_pwv,589.558 um_pwv,35.0,6.549 K,1.13593
20240801,173219.592330,174233.040013,613.447683,477.544 um_pwv,582.974 um_pwv,35.0,6.381 K,1.12318
20240801,174233.996980,175247.444554,613.447574,472.025 um_pwv,576.237 um_pwv,35.0,6.233 K,1.11014
20240801,175248.408174,175635.928409,227.520235,470.517 um_pwv,574.395 um_pwv,35.0,6.263 K,1.10657
20240801,180136.091233,181149.671751,613.580518,472.095 um_pwv,576.322 um_pwv,35.0,6.417 K,1.11030
20240801,181150.628983,182204.076446,613.447463,470.192 um_pwv,573.999 um_pwv,35.0,6.461 K,1.10581
20240801,182205.039149,183218.483099,613.44395,469.984 um_pwv,573.745 um_pwv,35.0,6.543 K,1.10531
20240801,183219.446070,184232.890627,613.444557,478.674 um_pwv,584.354 um_pwv,35.0,6.419 K,1.12585
20240801,184233.854543,185247.301528,613.446985,480.044 um_pwv,586.025 um_pwv,35.0,6.499 K,1.12909
20240801,185248.256534,185635.781270,227.524736,490.393 um_pwv,598.659 um_pwv,35.0,6.599 K,1.15355
20240801,190135.874812,191149.426935,613.552123,499.364 um_pwv,609.611 um_pwv,35.0,6.94 K,1.17475
20240801,191150.382982,192203.835216,613.452234,503.961 um_pwv,615.223 um_pwv,35.0,7.268 K,1.18562
20240801,192204.793956,193218.239196,613.44524,503.825 um_pwv,615.056 um_pwv,35.0,7.458 K,1.18529
20240801,193219.202520,194232.645553,613.443033,499.536 um_pwv,609.821 um_pwv,35.0,7.161 K,1.17516
20240801,194233.608847,195247.056830,613.447983,507.61 um_pwv,619.677 um_pwv,35.0,7.551 K,1.19424
20240801,195248.017845,195635.536619,227.518774,490.189 um_pwv,598.41 um_pwv,35.0,7.434 K,1.15307
20240801,210135.725461,211149.273786,613.548325,480.647 um_pwv,586.762 um_pwv,35.0,6.323 K,1.13052
20240801,211150.234694,212203.680062,613.445368,464.713 um_pwv,567.31 um_pwv,35.0,5.63 K,1.09286
20240801,212204.641483,213218.088761,613.447278,465.08 um_pwv,567.757 um_pwv,35.0,5.46 K,1.09372
20240801,213219.050796,214232.495690,613.444894,480.375 um_pwv,586.43 um_pwv,35.0,5.6 K,1.12987
20240801,214233.457804,215246.905932,613.448128,486.207 um_pwv,593.55 um_pwv,35.0,5.774 K,1.14366
20240801,215247.862622,215635.385063,227.522441,484.45 um_pwv,591.405 um_pwv,35.0,5.774 K,1.13950
20240801,220136.513042,221150.084512,613.57147,474.226 um_pwv,578.924 um_pwv,35.0,5.574 K,1.11534
20240801,221151.047127,222204.491315,613.444188,466.525 um_pwv,569.522 um_pwv,35.0,5.668 K,1.09714
20240801,222205.453996,223218.901703,613.447707,471.886 um_pwv,576.066 um_pwv,35.0,5.871 K,1.10981
20240801,223219.858979,224233.307426,613.448447,475.854 um_pwv,580.91 um_pwv,35.0,6.165 K,1.11919
20240801,224234.268876,225247.712733,613.443857,480.706 um_pwv,586.834 um_pwv,35.0,6.329 K,1.13066
20240801,225248.674708,225636.195290,227.520582,470.227 um_pwv,574.041 um_pwv,35.0,5.806 K,1.10589
20240802,010136.185580,011149.735324,613.549744,484.892 um_pwv,591.944 um_pwv,35.0,6.297 K,1.14055
20240802,011150.697047,012204.143378,613.446331,476.886 um_pwv,582.17 um_pwv,35.0,5.94 K,1.12163
20240802,012205.102540,013218.550541,613.448001,476.628 um_pwv,581.855 um_pwv,35.0,5.918 K,1.12102
20240802,013219.507830,014232.958314,613.450484,483.675 um_pwv,590.459 um_pwv,35.0,6.089 K,1.13767
20240802,014233.915322,015247.362940,613.447618,488.801 um_pwv,596.716 um_pwv,35.0,6.315 K,1.14979
20240802,015248.326243,015635.846536,227.520293,487.719 um_pwv,595.394 um_pwv,35.0,6.259 K,1.14723
20240802,020135.958065,021149.494245,613.53618,493.75 um_pwv,602.757 um_pwv,35.0,6.136 K,1.16148
20240802,021150.450950,022203.898910,613.44796,501.718 um_pwv,612.484 um_pwv,35.0,6.293 K,1.18031
20240802,022204.856983,023218.307758,613.450775,501.361 um_pwv,612.049 um_pwv,35.0,6.768 K,1.17947
20240802,023219.264664,024232.715523,613.450859,493.762 um_pwv,602.772 um_pwv,35.0,6.434 K,1.16151
20240802,024233.672378,025247.123405,613.451027,498.283 um_pwv,608.291 um_pwv,35.0,6.748 K,1.17220
20240802,025248.080559,025635.603601,227.523042,489.235 um_pwv,597.245 um_pwv,35.0,6.496 K,1.15081
20240802,030135.746543,031149.298732,613.552189,481.536 um_pwv,587.847 um_pwv,35.0,6.587 K,1.13262
20240802,031150.254690,032203.702293,613.447603,481.549 um_pwv,587.863 um_pwv,35.0,6.912 K,1.13265
20240802,032204.666528,033218.114499,613.447971,482.295 um_pwv,588.774 um_pwv,35.0,7.239 K,1.13441
20240802,033219.073567,034232.520591,613.447024,470.019 um_pwv,573.787 um_pwv,35.0,7.166 K,1.10540
20240802,034233.477523,035246.927760,613.450237,458.44 um_pwv,559.651 um_pwv,35.0,7.139 K,1.07803
20240802,035247.885277,035635.410041,227.524764,454.148 um_pwv,554.412 um_pwv,35.0,7.122 K,1.06789
20240802,050136.526133,051150.110032,613.583899,375 um_pwv,457.791 um_pwv,35.0,6.593 K,0.880817
20240802,051151.066143,052204.515702,613.449559,378.857 um_pwv,462.499 um_pwv,35.0,6.759 K,0.889931
20240802,052205.477484,053218.920315,613.442831,388.138 um_pwv,473.829 um_pwv,35.0,7.106 K,0.911869
20240802,053219.882408,054233.331975,613.449567,375.961 um_pwv,458.963 um_pwv,35.0,7.443 K,0.883087
20240802,054234.288628,055247.736804,613.448176,358.552 um_pwv,437.712 um_pwv,35.0,7.052 K,0.841941
20240802,055248.700420,055636.218800,227.51838,362.452 um_pwv,442.473 um_pwv,35.0,7.399 K,0.851159
20240802,060136.315749,061149.862053,613.546304,378.335 um_pwv,461.862 um_pwv,35.0,7.993 K,0.888699
20240802,061150.823358,062204.272378,613.44902,400.397 um_pwv,488.795 um_pwv,35.0,9.867 K,0.940844
20240802,062205.234150,063218.680820,613.44667,395.113 um_pwv,482.344 um_pwv,35.0,9.866 K,0.928354
20240802,063219.636538,064233.087436,613.450898,392.015 um_pwv,478.562 um_pwv,35.0,10.1 K,0.921031
20240802,064234.043557,065247.495722,613.452165,391.745 um_pwv,478.232 um_pwv,35.0,10.23 K,0.920393
20240802,065248.452660,065635.973997,227.521337,395.385 um_pwv,482.676 um_pwv,35.0,10.54 K,0.928998
20240802,070136.117744,071149.666343,613.548599,395.463 um_pwv,482.771 um_pwv,35.0,10.22 K,0.929182
20240802,071150.628257,072204.076047,613.44779,411.747 um_pwv,502.65 um_pwv,35.0,10.76 K,0.967669
20240802,072205.037819,073218.485510,613.447691,420.637 um_pwv,513.503 um_pwv,35.0,11.24 K,0.988681
20240802,073219.442959,074232.889864,613.446905,415.574 um_pwv,507.323 um_pwv,35.0,11.17 K,0.976716
20240802,074233.852299,075247.294885,613.442586,424.945 um_pwv,518.761 um_pwv,35.0,11.96 K,0.998862
20240802,075248.257025,075635.779329,227.522304,421.424 um_pwv,514.464 um_pwv,35.0,11.55 K,0.990542
20240802,090135.930831,091149.467855,613.537024,426.327 um_pwv,520.45 um_pwv,35.0,11.16 K,1.00213
20240802,091150.425073,092203.873731,613.448658,418.201 um_pwv,510.529 um_pwv,35.0,10.42 K,0.982923
20240802,092204.830630,093218.279576,613.448946,432.723 um_pwv,528.258 um_pwv,35.0,11.22 K,1.01725
20240802,093219.242239,094232.685312,613.443073,414.512 um_pwv,506.026 um_pwv,35.0,10.29 K,0.974205
20240802,094233.648596,095247.092778,613.444182,404.119 um_pwv,493.338 um_pwv,35.0,9.388 K,0.949639
20240802,095248.056698,095635.574742,227.518044,400.673 um_pwv,489.132 um_pwv,35.0,8.974 K,0.941496
20240802,100135.719897,101149.270567,613.55067,403.284 um_pwv,492.319 um_pwv,35.0,8.617 K,0.947667
20240802,101150.227158,102203.678441,613.451283,397.218 um_pwv,484.914 um_pwv,35.0,8.149 K,0.933330
20240802,102204.638367,103218.081691,613.443324,399.728 um_pwv,487.978 um_pwv,35.0,8.091 K,0.939262
20240802,103219.045353,104232.493496,613.448143,408.839 um_pwv,499.101 um_pwv,35.0,8.271 K,0.960797
20240802,104233.453128,105246.897810,613.444682,417.214 um_pwv,509.324 um_pwv,35.0,8.557 K,0.980591
20240802,105247.860495,105635.379683,227.519188,420.595 um_pwv,513.452 um_pwv,35.0,8.765 K,0.988583
20240802,110136.531496,111150.083648,613.552152,436.177 um_pwv,532.474 um_pwv,35.0,8.774 K,1.02541
20240802,111151.040339,112204.488204,613.447865,441.731 um_pwv,539.255 um_pwv,35.0,8.732 K,1.03854
20240802,112205.451517,113218.894151,613.442634,449.443 um_pwv,548.668 um_pwv,35.0,8.92 K,1.05676
20240802,113219.857982,114233.303563,613.445581,447.445 um_pwv,546.229 um_pwv,35.0,8.632 K,1.05204
20240802,114234.266534,115247.712227,613.445693,449.786 um_pwv,549.087 um_pwv,35.0,8.503 K,1.05758
20240802,115248.669774,115636.192085,227.522311,448.614 um_pwv,547.656 um_pwv,35.0,8.455 K,1.05480
20240802,130136.300657,131149.883677,613.58302,457.008 um_pwv,557.904 um_pwv,35.0,8.436 K,1.07465
20240802,131150.839170,132204.289467,613.450297,471.305 um_pwv,575.357 um_pwv,35.0,8.393 K,1.10844
20240802,132205.251229,133218.695531,613.444302,491.602 um_pwv,600.135 um_pwv,35.0,8.367 K,1.15641
20240802,133219.658194,134233.103341,613.445147,492.742 um_pwv,601.526 um_pwv,35.0,8.325 K,1.15910
20240802,134234.066384,135247.514238,613.447854,507.649 um_pwv,619.725 um_pwv,35.0,8.21 K,1.19433
20240802,135248.469413,135635.992746,227.523333,527.774 um_pwv,644.293 um_pwv,35.0,8.084 K,1.24190
20240802,140136.088410,141149.637560,613.54915,552.309 um_pwv,674.245 um_pwv,35.0,7.91 K,1.29988
20240802,141150.598597,142204.041374,613.442777,589.268 um_pwv,719.364 um_pwv,35.0,7.652 K,1.38723
20240802,142205.003748,143218.452942,613.449194,624.402 um_pwv,762.254 um_pwv,35.0,7.561 K,1.47027
20240802,143219.409007,144232.856186,613.447179,650.234 um_pwv,793.79 um_pwv,35.0,7.38 K,1.53132
20240802,144233.819511,145247.266881,613.44737,670.195 um_pwv,818.157 um_pwv,35.0,7.182 K,1.57849
20240802,145248.224782,145635.747479,227.522697,678.879 um_pwv,828.758 um_pwv,35.0,7.13 K,1.59902
20240802,150135.891226,151149.440578,613.549352,710.881 um_pwv,867.825 um_pwv,35.0,7.418 K,1.67464
20240802,151150.402243,152203.844520,613.442277,733.716 um_pwv,895.702 um_pwv,35.0,7.088 K,1.72861
20240802,152204.806840,153218.258302,613.451462,759.334 um_pwv,926.976 um_pwv,35.0,6.449 K,1.78915
20240802,153219.216460,154232.660273,613.443813,788.025 um_pwv,962.001 um_pwv,35.0,6.25 K,1.85696
20240802,154233.622699,155247.071074,613.448375,818.417 um_pwv,999.103 um_pwv,35.0,5.935 K,1.92878
20240802,155248.032622,155635.552420,227.519798,850.366 um_pwv,1038.11 um_pwv,35.0,5.679 K,2.00428
20240802,170135.711126,171149.289857,613.578731,1072.41 um_pwv,1309.17 um_pwv,35.0,4.76 K,2.52897
20240802,171150.251715,172203.694644,613.442929,1101.45 um_pwv,1344.62 um_pwv,35.0,4.525 K,2.59761
20240802,172204.657861,173218.106991,613.44913,1119.69 um_pwv,1366.89 um_pwv,35.0,4.203 K,2.64071
20240802,173219.063916,174232.513460,613.449544,1089.88 um_pwv,1330.5 um_pwv,35.0,4.064 K,2.57027
20240802,174233.476096,175246.921541,613.445445,1065.82 um_pwv,1301.12 um_pwv,35.0,3.268 K,2.51341
20240802,175247.879030,175635.401558,227.522528,1058.25 um_pwv,1291.89 um_pwv,35.0,2.706 K,2.49552
20240802,180136.503032,181150.053490,613.550458,1076.8 um_pwv,1314.53 um_pwv,35.0,2.377 K,2.53935
20240802,181151.015939,182204.458804,613.442865,1122.68 um_pwv,1370.54 um_pwv,35.0,2.048 K,2.64778
20240802,182205.422153,183218.868223,613.44607,1126.56 um_pwv,1375.27 um_pwv,35.0,1.89 K,2.65693
20240802,183219.825088,184233.273365,613.448277,1113.8 um_pwv,1359.7 um_pwv,35.0,1.947 K,2.62679
20240802,184234.236547,185247.729026,613.492479,1099.41 um_pwv,1342.14 um_pwv,35.0,1.999 K,2.59279
20240802,185248.691640,185636.212473,227.520833,1093.75 um_pwv,1335.22 um_pwv,35.0,1.904 K,2.57941
20240802,190136.327274,191149.903825,613.576551,1083.09 um_pwv,1322.21 um_pwv,35.0,1.917 K,2.55423
20240802,191150.861670,192204.310639,613.448969,1077.94 um_pwv,1315.93 um_pwv,35.0,1.847 K,2.54206
20240802,192205.268736,193218.726240,613.457504,1068.44 um_pwv,1304.32 um_pwv,35.0,1.839 K,2.51960
20240802,193219.677372,194233.123126,613.445754,1047.98 um_pwv,1279.34 um_pwv,35.0,1.93 K,2.47125
20240802,194234.087078,195247.531036,613.443958,1040.51 um_pwv,1270.23 um_pwv,35.0,1.861 K,2.45361
20240802,195248.494018,195636.013322,227.519304,1042.2 um_pwv,1272.29 um_pwv,35.0,1.781 K,2.45759
20240802,210136.150234,211149.698793,613.548559,1128.61 um_pwv,1377.77 um_pwv,35.0,1.068 K,2.66177
20240802,211150.659551,212204.107733,613.448182,1142.07 um_pwv,1394.21 um_pwv,35.0,1.034 K,2.69358
20240802,212205.064615,213218.515983,613.451368,1121.38 um_pwv,1368.95 um_pwv,35.0,1.067 K,2.64470
20240802,213219.472895,214232.923610,613.450715,1101.7 um_pwv,1344.93 um_pwv,35.0,1.149 K,2.59819
20240802,214233.881447,215247.328137,613.44669,1083.37 um_pwv,1322.56 um_pwv,35.0,1.286 K,2.55489
20240802,215248.290870,215635.810854,227.519984,1066.4 um_pwv,1301.83 um_pwv,35.0,1.42 K,2.51477
20240802,220135.954456,221149.504278,613.549822,981.726 um_pwv,1198.47 um_pwv,35.0,1.857 K,2.31470
20240802,221150.464985,222203.908305,613.44332,864.888 um_pwv,1055.83 um_pwv,35.0,2.346 K,2.03860
20240802,222204.871872,223218.315771,613.443899,765.909 um_pwv,935.002 um_pwv,35.0,2.544 K,1.80469
20240802,223219.277230,224232.723450,613.44622,736.643 um_pwv,899.275 um_pwv,35.0,2.45 K,1.73553
20240802,224233.685617,225247.131242,613.445625,800.005 um_pwv,976.626 um_pwv,35.0,2.236 K,1.88527
20240802,225248.094327,225635.614393,227.520066,793.951 um_pwv,969.235 um_pwv,35.0,2.099 K,1.87096
20240803,010136.576104,011150.118065,613.541961,897.657 um_pwv,1095.84 um_pwv,35.0,2.597 K,2.11603
20240803,011151.079869,012204.526396,613.446527,925.573 um_pwv,1129.92 um_pwv,35.0,2.644 K,2.18200
20240803,012205.483694,013218.933317,613.449623,938.123 um_pwv,1145.24 um_pwv,35.0,2.73 K,2.21166
20240803,013219.890260,014233.337409,613.447149,923.792 um_pwv,1127.74 um_pwv,35.0,2.822 K,2.17779
20240803,014234.300737,015247.745639,613.444902,919.152 um_pwv,1122.08 um_pwv,35.0,2.89 K,2.16683
20240803,015248.708625,015636.227814,227.519189,922.277 um_pwv,1125.89 um_pwv,35.0,2.918 K,2.17421
20240803,020136.373346,021149.923967,613.550621,978.459 um_pwv,1194.48 um_pwv,35.0,2.897 K,2.30698
20240803,021150.880871,022204.327378,613.446507,1000.35 um_pwv,1221.2 um_pwv,35.0,2.831 K,2.35870
20240803,022205.291194,023218.739885,613.448691,974.084 um_pwv,1189.14 um_pwv,35.0,2.902 K,2.29664
20240803,023219.698326,024233.147181,613.448855,951.454 um_pwv,1161.51 um_pwv,35.0,3 K,2.24316
20240803,024234.104974,025247.553585,613.448611,915.743 um_pwv,1117.92 um_pwv,35.0,3.163 K,2.15877
20240803,025248.511725,025636.033399,227.521674,900.009 um_pwv,1098.71 um_pwv,35.0,3.154 K,2.12159
20240803,030136.176153,031149.727821,613.551668,897.591 um_pwv,1095.76 um_pwv,35.0,3.188 K,2.11588
20240803,031150.684809,032204.133743,613.448934,907.147 um_pwv,1107.42 um_pwv,35.0,3.111 K,2.13846
20240803,032205.090948,033218.542962,613.452014,920.639 um_pwv,1123.89 um_pwv,35.0,3.041 K,2.17034
20240803,033219.500516,034232.950292,613.449776,936.249 um_pwv,1142.95 um_pwv,35.0,2.981 K,2.20723
20240803,034233.908376,035247.353366,613.44499,942.22 um_pwv,1150.24 um_pwv,35.0,2.967 K,2.22134
20240803,035248.317649,035635.836127,227.518478,921.901 um_pwv,1125.43 um_pwv,35.0,3.068 K,2.17333
20240803,050136.022372,051149.570151,613.547779,843.489 um_pwv,1029.71 um_pwv,35.0,2.814 K,1.98803
20240803,051150.531769,052203.981080,613.449311,873.513 um_pwv,1066.36 um_pwv,35.0,2.746 K,2.05898
20240803,052204.937715,053218.386701,613.448986,909.086 um_pwv,1109.79 um_pwv,35.0,2.67 K,2.14304
20240803,053219.348461,054232.792402,613.443941,943.5 um_pwv,1151.8 um_pwv,35.0,2.474 K,2.22437
20240803,054233.754283,055247.197884,613.443601,959.132 um_pwv,1170.88 um_pwv,35.0,2.382 K,2.26130
20240803,055248.159755,055635.682392,227.522637,924.648 um_pwv,1128.79 um_pwv,35.0,2.461 K,2.17982
20240803,060135.849758,061149.422559,613.572801,852.477 um_pwv,1040.68 um_pwv,35.0,2.769 K,2.00927
20240803,061150.383532,062203.830434,613.446902,804.709 um_pwv,982.369 um_pwv,35.0,2.934 K,1.89638
20240803,062204.787004,063218.238722,613.451718,778.9 um_pwv,950.861 um_pwv,35.0,3.012 K,1.83539
20240803,063219.194731,064232.641920,613.447189,777.114 um_pwv,948.681 um_pwv,35.0,3.008 K,1.83117
20240803,064233.604397,065247.047303,613.442906,777.268 um_pwv,948.869 um_pwv,35.0,2.962 K,1.83153
20240803,065248.009683,065635.531589,227.521906,769.975 um_pwv,939.966 um_pwv,35.0,2.922 K,1.81430
20240803,070135.635134,071149.174237,613.539103,751.766 um_pwv,917.736 um_pwv,35.0,2.952 K,1.77127
20240803,071150.135514,072203.582507,613.446993,735.075 um_pwv,897.361 um_pwv,35.0,3.034 K,1.73182
20240803,072204.543966,073217.991340,613.447374,720.063 um_pwv,879.035 um_pwv,35.0,3.106 K,1.69635
20240803,073218.949123,074232.397190,613.448067,694.187 um_pwv,847.445 um_pwv,35.0,3.168 K,1.63519
20240803,074233.359223,075246.806219,613.446996,672.397 um_pwv,820.845 um_pwv,35.0,3.127 K,1.58370
20240803,075247.763099,075635.284785,227.521686,661.818 um_pwv,807.93 um_pwv,35.0,3.03 K,1.55869
20240803,090136.477644,091150.029792,613.552148,607.425 um_pwv,741.529 um_pwv,35.0,2.773 K,1.43015
20240803,091150.986421,092204.438347,613.451926,592.666 um_pwv,723.512 um_pwv,35.0,2.793 K,1.39526
20240803,092205.397039,093218.843966,613.446927,584.206 um_pwv,713.184 um_pwv,35.0,2.731 K,1.37527
20240803,093219.800875,094233.251919,613.451044,568.663 um_pwv,694.209 um_pwv,35.0,2.732 K,1.33854
20240803,094234.209436,095247.658375,613.448939,553.276 um_pwv,675.425 um_pwv,35.0,2.812 K,1.30217
20240803,095248.616234,095636.138735,227.522501,544.9 um_pwv,665.2 um_pwv,35.0,2.876 K,1.28237
20240803,100136.281367,101149.833222,613.551855,539.37 um_pwv,658.449 um_pwv,35.0,2.845 K,1.26930
20240803,101150.790288,102204.240502,613.450214,533.225 um_pwv,650.947 um_pwv,35.0,2.908 K,1.25478
20240803,102205.199703,103218.647975,613.448272,525.076 um_pwv,641 um_pwv,35.0,2.944 K,1.23552
20240803,103219.608322,104233.050687,613.442365,517.907 um_pwv,632.247 um_pwv,35.0,2.965 K,1.21858
20240803,104234.014579,105247.460389,613.44581,516.556 um_pwv,630.598 um_pwv,35.0,2.906 K,1.21538
20240803,105248.417909,105635.940660,227.522751,510.307 um_pwv,622.97 um_pwv,35.0,2.917 K,1.20062
20240803,110136.096472,111149.635793,613.539321,501.954 um_pwv,612.773 um_pwv,35.0,3 K,1.18087
20240803,111150.592132,112204.040268,613.448136,497.228 um_pwv,607.004 um_pwv,35.0,2.99 K,1.16970
20240803,112205.003228,113218.445808,613.44258,493.227 um_pwv,602.119 um_pwv,35.0,2.88 K,1.16025
20240803,113219.409422,114232.857219,613.447797,484.259 um_pwv,591.172 um_pwv,35.0,2.841 K,1.13905
20240803,114233.818383,115247.264917,613.446534,471.7 um_pwv,575.839 um_pwv,35.0,2.837 K,1.10937
20240803,115248.222190,115635.744711,227.522521,462.783 um_pwv,564.953 um_pwv,35.0,2.844 K,1.08829
20240803,130135.929990,131149.479235,613.549245,416.742 um_pwv,508.748 um_pwv,35.0,2.861 K,0.979475
20240803,131150.439921,132203.887659,613.447738,397.375 um_pwv,485.105 um_pwv,35.0,3.123 K,0.933700
20240803,132204.844792,133218.289628,613.444836,381.175 um_pwv,465.328 um_pwv,35.0,3.173 K,0.895410
20240803,133219.251366,134232.697067,613.445701,376.831 um_pwv,460.026 um_pwv,35.0,3.195 K,0.885143
20240803,134233.660425,135247.106718,613.446293,369.29 um_pwv,450.819 um_pwv,35.0,3.195 K,0.867319
20240803,135248.068462,135635.588484,227.520022,362.292 um_pwv,442.277 um_pwv,35.0,3.23 K,0.850780
20240803,140135.732265,141149.281191,613.548926,358.376 um_pwv,437.497 um_pwv,35.0,3.337 K,0.841524
20240803,141150.237336,142203.686088,613.448752,358.341 um_pwv,437.454 um_pwv,35.0,3.186 K,0.841441
20240803,142204.649380,143218.094728,613.445348,357.742 um_pwv,436.723 um_pwv,35.0,3.133 K,0.840026
20240803,143219.057094,144232.504148,613.447054,351.812 um_pwv,429.483 um_pwv,35.0,3.111 K,0.826008
20240803,144233.461087,145246.908725,613.447638,348.369 um_pwv,425.28 um_pwv,35.0,3.095 K,0.817872
20240803,145247.871179,145635.389784,227.518605,342.494 um_pwv,418.108 um_pwv,35.0,3.043 K,0.803985
20240803,150136.540464,151150.093736,613.553272,342.797 um_pwv,418.478 um_pwv,35.0,3.093 K,0.804701
20240803,151151.048701,152204.501031,613.45233,341.72 um_pwv,417.163 um_pwv,35.0,3.123 K,0.802156
20240803,152205.458583,153218.907976,613.449393,341.855 um_pwv,417.327 um_pwv,35.0,3.259 K,0.802474
20240803,153219.864890,154233.316058,613.451168,344.893 um_pwv,421.037 um_pwv,35.0,3.241 K,0.809655
20240803,154234.274649,155247.719161,613.444512,344.537 um_pwv,420.602 um_pwv,35.0,3.266 K,0.808814
20240803,155248.680935,155636.203151,227.522216,342.225 um_pwv,417.779 um_pwv,35.0,3.167 K,0.803348
20240803,170136.390139,171149.939028,613.548889,363.238 um_pwv,443.431 um_pwv,35.0,3.123 K,0.853014
20240803,171150.895363,172204.347678,613.452315,371.695 um_pwv,453.756 um_pwv,35.0,3.189 K,0.873004
20240803,172205.305383,173218.752781,613.447398,379.491 um_pwv,463.273 um_pwv,35.0,3.237 K,0.891430
20240803,173219.709766,174233.161956,613.45219,388.482 um_pwv,474.249 um_pwv,35.0,3.279 K,0.912682
20240803,174234.120384,175247.567201,613.446817,398.765 um_pwv,486.803 um_pwv,35.0,3.218 K,0.936987
20240803,175248.527141,175636.047498,227.520357,402.234 um_pwv,491.037 um_pwv,35.0,3.167 K,0.945185
20240803,180136.192773,181149.739149,613.546376,415.206 um_pwv,506.873 um_pwv,35.0,3.245 K,0.975846
20240803,181150.702106,182204.150579,613.448473,417.83 um_pwv,510.077 um_pwv,35.0,3.38 K,0.982048
20240803,182205.107796,183218.557046,613.44925,412.437 um_pwv,503.492 um_pwv,35.0,3.566 K,0.969299
20240803,183219.514285,184232.965455,613.45117,407.634 um_pwv,497.629 um_pwv,35.0,3.761 K,0.957948
20240803,184233.923904,185247.370775,613.446871,397.922 um_pwv,485.774 um_pwv,35.0,3.884 K,0.934995
20240803,185248.328002,185635.850256,227.522254,401.937 um_pwv,490.674 um_pwv,35.0,4.001 K,0.944483
20240803,190136.004402,191149.589762,613.58536,417.132 um_pwv,509.224 um_pwv,35.0,4.136 K,0.980397
20240803,191150.552146,192204.000568,613.448422,409.322 um_pwv,499.69 um_pwv,35.0,4.359 K,0.961939
20240803,192204.958642,193218.407588,613.448946,408.678 um_pwv,498.904 um_pwv,35.0,4.367 K,0.960417
20240803,193219.365125,194232.812274,613.447149,406.352 um_pwv,496.064 um_pwv,35.0,4.437 K,0.954918
20240803,194233.775165,195247.223653,613.448488,413.168 um_pwv,504.385 um_pwv,35.0,4.411 K,0.971028
20240803,195248.180817,195635.703887,227.52307,407.714 um_pwv,497.727 um_pwv,35.0,4.419 K,0.958138
20240803,210135.815574,211149.392667,613.577093,446.96 um_pwv,545.638 um_pwv,35.0,4.403 K,1.05090
20240803,211150.347810,212203.799039,613.451229,451.906 um_pwv,551.676 um_pwv,35.0,4.479 K,1.06259
20240803,212204.754711,213218.206465,613.451754,446.213 um_pwv,544.725 um_pwv,35.0,4.572 K,1.04913
20240803,213219.162720,214232.613909,613.451189,444.174 um_pwv,542.236 um_pwv,35.0,4.475 K,1.04431
20240803,214233.570035,215247.020748,613.450713,442.711 um_pwv,540.451 um_pwv,35.0,4.447 K,1.04085
20240803,215247.982253,215635.500415,227.518162,441.568 um_pwv,539.055 um_pwv,35.0,4.467 K,1.03815
20240803,220136.561670,221150.106577,613.544907,445.368 um_pwv,543.693 um_pwv,35.0,4.499 K,1.04713
20240803,221151.062052,222204.513878,613.451826,456.514 um_pwv,557.3 um_pwv,35.0,4.618 K,1.07348
20240803,222205.470487,223218.923871,613.453384,455.2 um_pwv,555.697 um_pwv,35.0,4.786 K,1.07037
20240803,223219.879861,224233.328257,613.448396,445.039 um_pwv,543.292 um_pwv,35.0,4.871 K,1.04636
20240803,224234.284301,225247.732596,613.448295,434.335 um_pwv,530.225 um_pwv,35.0,4.973 K,1.02106
20240803,225248.694637,225636.213959,227.519322,426.894 um_pwv,521.142 um_pwv,35.0,4.84 K,1.00347
20240804,010136.201975,011149.750199,613.548224,383.507 um_pwv,468.176 um_pwv,35.0,5.679 K,0.900923
20240804,011150.712597,012204.155770,613.443173,374.503 um_pwv,457.183 um_pwv,35.0,5.748 K,0.879640
20240804,012205.119330,013218.563198,613.443868,361.029 um_pwv,440.736 um_pwv,35.0,5.762 K,0.847795
20240804,013219.526465,014232.971207,613.444742,350.741 um_pwv,428.175 um_pwv,35.0,5.767 K,0.823477
20240804,014233.934203,015247.380464,613.446261,333.588 um_pwv,407.236 um_pwv,35.0,5.829 K,0.782936
20240804,015248.337403,015635.860936,227.523533,285.46 um_pwv,348.483 um_pwv,35.0,5.198 K,0.669179
20240804,020136.012057,021149.554989,613.542932,279.416 um_pwv,341.104 um_pwv,35.0,5.246 K,0.654893
20240804,021150.510940,022203.959779,613.448839,273.045 um_pwv,333.327 um_pwv,35.0,5.203 K,0.639834
20240804,022204.923353,023218.369650,613.446297,277.312 um_pwv,338.536 um_pwv,35.0,5.185 K,0.649920
20240804,023219.326740,024232.774474,613.447734,280.364 um_pwv,342.261 um_pwv,35.0,5.097 K,0.657133
20240804,024233.738152,025247.181284,613.443132,274.739 um_pwv,335.394 um_pwv,35.0,5.125 K,0.643837
20240804,025248.144724,025635.664679,227.519955,265.984 um_pwv,324.707 um_pwv,35.0,5.225 K,0.623145
20240804,030135.806877,031149.358199,613.551322,263.827 um_pwv,322.074 um_pwv,35.0,5.411 K,0.618046
20240804,031150.314203,032203.766776,613.452573,253.751 um_pwv,309.772 um_pwv,35.0,5.489 K,0.594228
20240804,032204.724885,033218.175668,613.450783,253.527 um_pwv,309.499 um_pwv,35.0,5.545 K,0.593699
20240804,033219.134090,034232.580781,613.446691,253.253 um_pwv,309.165 um_pwv,35.0,5.498 K,0.593053
20240804,034233.540349,035246.985660,613.445311,249.262 um_pwv,304.293 um_pwv,35.0,5.506 K,0.583618
20240804,035247.944556,035635.467724,227.523168,249.702 um_pwv,304.83 um_pwv,35.0,5.473 K,0.584659
20240804,050135.623289,051149.197892,613.574603,240.453 um_pwv,293.539 um_pwv,35.0,5.514 K,0.562796
20240804,051150.161263,052203.607616,613.446353,241.705 um_pwv,295.068 um_pwv,35.0,5.457 K,0.565757
20240804,052204.564215,053218.016381,613.452166,251.324 um_pwv,306.81 um_pwv,35.0,5.369 K,0.588491
20240804,053218.974492,054232.421627,613.447135,251.99 um_pwv,307.623 um_pwv,35.0,5.241 K,0.590066
20240804,054233.383450,055246.829448,613.445998,254.199 um_pwv,310.32 um_pwv,35.0,5.084 K,0.595288
20240804,055247.785137,055635.310093,227.524956,257.891 um_pwv,314.826 um_pwv,35.0,4.943 K,0.604014
20240804,060136.411665,061149.963554,613.551889,264.709 um_pwv,323.15 um_pwv,35.0,4.94 K,0.620129
20240804,061150.918711,062204.370040,613.451329,263.155 um_pwv,321.253 um_pwv,35.0,5.008 K,0.616457
20240804,062205.326016,063218.778604,613.452588,270.22 um_pwv,329.877 um_pwv,35.0,5.076 K,0.633156
20240804,063219.735653,064233.185215,613.449562,270.618 um_pwv,330.363 um_pwv,35.0,5.081 K,0.634096
20240804,064234.141272,065247.588239,613.446967,268.844 um_pwv,328.199 um_pwv,35.0,5.135 K,0.629905
20240804,065248.551043,065636.071478,227.520435,260.868 um_pwv,318.46 um_pwv,35.0,5.179 K,0.611050
20240804,070136.225243,071149.767138,613.541895,264.345 um_pwv,322.706 um_pwv,35.0,5.282 K,0.619271
20240804,071150.722029,072204.172256,613.450227,269.32 um_pwv,328.779 um_pwv,35.0,5.343 K,0.631028
20240804,072205.129189,073218.580643,613.451454,271.602 um_pwv,331.565 um_pwv,35.0,5.452 K,0.636423
20240804,073219.542163,074232.988263,613.4461,271.07 um_pwv,330.915 um_pwv,35.0,5.482 K,0.635164
20240804,074233.944020,075247.395382,613.451362,264.475 um_pwv,322.865 um_pwv,35.0,5.57 K,0.619577
20240804,075248.351443,075635.875350,227.523907,261.354 um_pwv,319.055 um_pwv,35.0,5.594 K,0.612200
20240804,090136.025847,091149.563694,613.537847,226.745 um_pwv,276.805 um_pwv,35.0,5.579 K,0.530395
20240804,091150.521142,092203.969220,613.448078,234.036 um_pwv,285.705 um_pwv,35.0,5.627 K,0.547628
20240804,092204.927590,093218.377392,613.449802,233.967 um_pwv,285.621 um_pwv,35.0,5.601 K,0.547465
20240804,093219.334873,094232.780917,613.446044,233.394 um_pwv,284.922 um_pwv,35.0,5.514 K,0.546112
20240804,094233.744493,095247.189227,613.444734,231.958 um_pwv,283.168 um_pwv,35.0,5.543 K,0.542717
20240804,095248.147798,095635.672711,227.524913,230.531 um_pwv,281.426 um_pwv,35.0,5.467 K,0.539343
20240804,100135.816231,101149.364775,613.548544,232.39 um_pwv,283.696 um_pwv,35.0,5.579 K,0.543739
20240804,101150.326679,102203.773835,613.447156,228.328 um_pwv,278.737 um_pwv,35.0,5.615 K,0.534136
20240804,102204.733093,103218.178515,613.445422,219.361 um_pwv,267.791 um_pwv,35.0,5.606 K,0.512942
20240804,103219.139014,104232.583322,613.444308,215.656 um_pwv,263.267 um_pwv,35.0,5.598 K,0.504183
20240804,104233.547770,105246.992200,613.44443,217.075 um_pwv,265 um_pwv,35.0,5.598 K,0.507538
20240804,105247.955655,105635.473744,227.518089,218.087 um_pwv,266.235 um_pwv,35.0,5.499 K,0.509930
20240804,110135.642090,111149.213495,613.571405,215.722 um_pwv,263.348 um_pwv,35.0,5.534 K,0.504340
20240804,111150.176014,112203.620657,613.444643,213.6 um_pwv,260.757 um_pwv,35.0,5.539 K,0.499324
20240804,112204.583903,113218.027387,613.443484,211.714 um_pwv,258.455 um_pwv,35.0,5.458 K,0.494865
20240804,113218.990374,114232.435391,613.445017,211.324 um_pwv,257.979 um_pwv,35.0,5.512 K,0.493945
20240804,114233.393097,115246.843874,613.450777,209.178 um_pwv,255.359 um_pwv,35.0,5.496 K,0.488872
20240804,115247.800698,115635.324280,227.523582,208.584 um_pwv,254.634 um_pwv,35.0,5.403 K,0.487468
20240804,130136.468538,131150.015112,613.546574,198.608 um_pwv,242.456 um_pwv,35.0,5.442 K,0.463887
20240804,131150.976807,132204.421444,613.444637,202.973 um_pwv,247.785 um_pwv,35.0,5.541 K,0.474205
20240804,132205.385343,133218.827326,613.441983,207.037 um_pwv,252.745 um_pwv,35.0,5.523 K,0.483811
20240804,133219.789335,134233.239583,613.450248,212.068 um_pwv,258.888 um_pwv,35.0,5.622 K,0.495703
20240804,134234.195925,135247.645797,613.449872,211.289 um_pwv,257.936 um_pwv,35.0,5.554 K,0.493861
20240804,135248.601834,135636.124419,227.522585,206.604 um_pwv,252.217 um_pwv,35.0,5.501 K,0.482788
20240804,140136.269654,141149.816121,613.546467,206.985 um_pwv,252.682 um_pwv,35.0,5.544 K,0.483688
20240804,141150.778387,142204.224182,613.445795,213.457 um_pwv,260.583 um_pwv,35.0,5.622 K,0.498986
20240804,142205.186085,143218.629274,613.443189,215.613 um_pwv,263.215 um_pwv,35.0,5.696 K,0.504083
20240804,143219.591439,144233.040121,613.448682,209.038 um_pwv,255.189 um_pwv,35.0,5.625 K,0.488541
20240804,144233.996758,145247.443925,613.447167,214.987 um_pwv,262.451 um_pwv,35.0,5.685 K,0.502603
20240804,145248.406959,145635.925545,227.518586,220.525 um_pwv,269.211 um_pwv,35.0,5.659 K,0.515692
20240804,150136.068737,151149.618271,613.549534,238.832 um_pwv,291.56 um_pwv,35.0,5.804 K,0.558965
20240804,151150.579599,152204.027160,613.447561,260.816 um_pwv,318.398 um_pwv,35.0,5.924 K,0.610929
20240804,152204.988881,153218.436551,613.44767,271.976 um_pwv,332.021 um_pwv,35.0,6.013 K,0.637306
20240804,153219.392488,154232.841116,613.448628,274.712 um_pwv,335.361 um_pwv,35.0,5.976 K,0.643773
20240804,154233.803236,155247.250480,613.447244,275.36 um_pwv,336.152 um_pwv,35.0,5.903 K,0.645304
20240804,155248.212026,155635.732090,227.520064,282.145 um_pwv,344.435 um_pwv,35.0,5.746 K,0.661343
20240804,170135.878719,171149.424833,613.546114,283.033 um_pwv,345.519 um_pwv,35.0,5.638 K,0.663441
20240804,171150.381765,172203.831362,613.449597,282.616 um_pwv,345.011 um_pwv,35.0,5.57 K,0.662456
20240804,172204.790369,173218.239044,613.448675,281.343 um_pwv,343.456 um_pwv,35.0,5.593 K,0.659447
20240804,173219.196881,174232.642521,613.44564,277.176 um_pwv,338.37 um_pwv,35.0,5.555 K,0.649599
20240804,174233.606349,175247.053535,613.447186,272.163 um_pwv,332.249 um_pwv,35.0,5.508 K,0.637747
20240804,175248.011879,175635.534478,227.522599,268.37 um_pwv,327.619 um_pwv,35.0,5.495 K,0.628783
20240804,180135.693694,181149.273390,613.579696,266.638 um_pwv,325.505 um_pwv,35.0,5.459 K,0.624689
20240804,181150.235495,182203.681568,613.446073,267.057 um_pwv,326.016 um_pwv,35.0,5.509 K,0.625679
20240804,182204.639733,183218.087515,613.447782,265.021 um_pwv,323.53 um_pwv,35.0,5.492 K,0.620866
20240804,183219.050428,184232.494567,613.444139,264.345 um_pwv,322.706 um_pwv,35.0,5.508 K,0.619271
20240804,184233.454573,185246.902674,613.448101,265.75 um_pwv,324.42 um_pwv,35.0,5.521 K,0.622590
20240804,185247.865972,185635.385108,227.519136,267.293 um_pwv,326.304 um_pwv,35.0,5.462 K,0.626237
20240804,190136.490495,191150.038519,613.548024,268.581 um_pwv,327.877 um_pwv,35.0,5.576 K,0.629282
20240804,191150.994892,192204.446938,613.452046,271.149 um_pwv,331.012 um_pwv,35.0,5.586 K,0.635353
20240804,192205.405365,193218.854024,613.448659,274.281 um_pwv,334.835 um_pwv,35.0,5.607 K,0.642754
20240804,193219.811935,194233.260048,613.448113,275.711 um_pwv,336.581 um_pwv,35.0,5.629 K,0.646135
20240804,194234.222751,195247.668449,613.445698,276.905 um_pwv,338.038 um_pwv,35.0,5.676 K,0.648956
20240804,195248.625647,195636.146496,227.520849,278.212 um_pwv,339.634 um_pwv,35.0,5.568 K,0.652047
20240804,210136.331780,211149.879106,613.547326,338.145 um_pwv,412.798 um_pwv,35.0,6.826 K,0.793705
20240804,211150.841890,212204.290642,613.448752,285.909 um_pwv,349.031 um_pwv,35.0,5.867 K,0.670240
20240804,212205.246912,213218.696445,613.449533,281.84 um_pwv,344.064 um_pwv,35.0,5.812 K,0.660623
20240804,213219.657841,214233.099807,613.441966,274.874 um_pwv,335.559 um_pwv,35.0,5.663 K,0.644156
20240804,214234.063151,215247.511914,613.448763,270.114 um_pwv,329.748 um_pwv,35.0,5.568 K,0.632905
20240804,215248.470406,215635.990765,227.520359,268.66 um_pwv,327.973 um_pwv,35.0,5.458 K,0.629468
20240804,220136.141728,221149.681621,613.539893,270.167 um_pwv,329.813 um_pwv,35.0,5.512 K,0.633030
20240804,221150.642489,222204.090744,613.448255,270.193 um_pwv,329.845 um_pwv,35.0,5.522 K,0.633093
20240804,222205.053292,223218.497805,613.444513,274.55 um_pwv,335.164 um_pwv,35.0,5.515 K,0.643391
20240804,223219.460743,224232.909228,613.448485,275.847 um_pwv,336.747 um_pwv,35.0,5.545 K,0.646455
20240804,224233.865039,225247.316694,613.451655,276.85 um_pwv,337.972 um_pwv,35.0,5.47 K,0.648827
20240804,225248.273899,225635.796358,227.522459,275.441 um_pwv,336.251 um_pwv,35.0,5.367 K,0.645496
20240805,010135.838712,011149.385067,613.546355,403.96 um_pwv,493.144 um_pwv,35.0,6.901 K,0.949263
20240805,011150.347202,012203.794070,613.446868,410.008 um_pwv,500.527 um_pwv,35.0,6.862 K,0.963559
20240805,012204.757335,013218.203740,613.446405,407.193 um_pwv,497.091 um_pwv,35.0,6.798 K,0.956905
20240805,013219.160854,014232.612560,613.451706,404.119 um_pwv,493.338 um_pwv,35.0,6.833 K,0.949639
20240805,014233.570383,015247.019980,613.449597,401.739 um_pwv,490.433 um_pwv,35.0,6.903 K,0.944016
20240805,015247.979951,015635.498472,227.518521,397.531 um_pwv,485.296 um_pwv,35.0,6.806 K,0.934069
20240805,020135.689742,021149.237715,613.547973,392.401 um_pwv,479.033 um_pwv,35.0,6.858 K,0.921944
20240805,021150.201051,022203.650198,613.449147,384.603 um_pwv,469.513 um_pwv,35.0,6.789 K,0.903513
20240805,022204.608330,023218.057043,613.448713,382.527 um_pwv,466.979 um_pwv,35.0,6.741 K,0.898607
20240805,023219.013909,024232.460159,613.44625,388.329 um_pwv,474.062 um_pwv,35.0,6.691 K,0.912320
20240805,024233.424635,025246.872141,613.447506,391.861 um_pwv,478.373 um_pwv,35.0,6.643 K,0.920667
20240805,025247.829334,025635.349910,227.520576,394.026 um_pwv,481.017 um_pwv,35.0,6.62 K,0.925785
20240805,030136.503481,031150.054267,613.550786,399.944 um_pwv,488.242 um_pwv,35.0,6.62 K,0.939773
20240805,031151.011582,032204.461712,613.45013,406.312 um_pwv,496.015 um_pwv,35.0,6.643 K,0.954824
20240805,032205.418633,033218.867563,613.44893,409.968 um_pwv,500.478 um_pwv,35.0,6.714 K,0.963464
20240805,033219.824743,034234.284244,614.459501,413.046 um_pwv,504.236 um_pwv,35.0,6.818 K,0.970739
20240805,034235.241205,035248.688647,613.447442,415.656 um_pwv,507.423 um_pwv,35.0,6.834 K,0.976909
20240805,035249.652237,035636.212333,226.560096,414.839 um_pwv,506.425 um_pwv,35.0,6.76 K,0.974977
20240805,050136.215392,051149.753527,613.538135,410.169 um_pwv,500.724 um_pwv,35.0,6.851 K,0.963941
20240805,051150.714497,052204.159005,613.444508,411.605 um_pwv,502.477 um_pwv,35.0,6.878 K,0.967334
20240805,052205.120849,053218.569541,613.448692,414.39 um_pwv,505.877 um_pwv,35.0,6.892 K,0.973916
20240805,053219.525288,054232.976481,613.451193,414.961 um_pwv,506.574 um_pwv,35.0,6.903 K,0.975266
20240805,054233.934433,055247.381518,613.447085,416.188 um_pwv,508.072 um_pwv,35.0,6.893 K,0.978167
20240805,055248.343692,055635.862379,227.518687,414.655 um_pwv,506.2 um_pwv,35.0,6.854 K,0.974543
20240805,060108.895430,061122.437210,613.54178,409.443 um_pwv,499.838 um_pwv,35.0,6.886 K,0.962225
20240805,061123.392380,062136.840833,613.448453,405.254 um_pwv,494.723 um_pwv,35.0,6.891 K,0.952322
20240805,062137.802901,063151.250747,613.447846,402.452 um_pwv,491.303 um_pwv,35.0,6.882 K,0.945699
20240805,063152.206716,064205.657455,613.450739,402.491 um_pwv,491.351 um_pwv,35.0,6.911 K,0.945793
20240805,064206.619360,065220.061924,613.442564,396.203 um_pwv,483.675 um_pwv,35.0,6.944 K,0.930931
20240805,065221.024390,065608.544096,227.519706,395.035 um_pwv,482.249 um_pwv,35.0,6.955 K,0.928170
20240805,070108.593889,071122.140171,613.546282,392.942 um_pwv,479.693 um_pwv,35.0,7.054 K,0.923222
20240805,071123.101103,072136.550595,613.449492,388.788 um_pwv,474.622 um_pwv,35.0,7.082 K,0.913405
20240805,072137.506947,073150.955148,613.448201,385.171 um_pwv,470.207 um_pwv,35.0,7.016 K,0.904855
20240805,073151.916910,074205.364377,613.447467,379.939 um_pwv,463.82 um_pwv,35.0,6.987 K,0.892490
20240805,074206.326497,075219.771552,613.445055,369.29 um_pwv,450.819 um_pwv,35.0,6.911 K,0.867319
20240805,075220.728792,075608.251653,227.522861,359.294 um_pwv,438.617 um_pwv,35.0,6.751 K,0.843693
20240805,090136.422696,091150.020542,613.597846,293.829 um_pwv,358.698 um_pwv,35.0,5.046 K,0.688958
20240805,091150.978991,092204.425465,613.446474,345.232 um_pwv,421.451 um_pwv,35.0,5.603 K,0.810457
20240805,092205.388449,093218.834926,613.446477,355.463 um_pwv,433.94 um_pwv,35.0,5.514 K,0.834638
20240805,093219.792780,094233.239983,613.447203,363.416 um_pwv,443.649 um_pwv,35.0,5.511 K,0.853437
20240805,094234.202589,095247.649216,613.446627,372.885 um_pwv,455.209 um_pwv,35.0,5.415 K,0.875817
20240805,095248.607998,095636.131733,227.523735,386.728 um_pwv,472.107 um_pwv,35.0,5.266 K,0.908535
20240805,100136.231507,101149.772621,613.541114,398.158 um_pwv,486.061 um_pwv,35.0,5.136 K,0.935550
20240805,101150.735084,102204.181184,613.4461,401.384 um_pwv,489.999 um_pwv,35.0,5.079 K,0.943175
20240805,102205.144180,103218.597343,613.453163,412.031 um_pwv,502.997 um_pwv,35.0,5.038 K,0.968340
20240805,103219.550985,104232.994006,613.443021,420.016 um_pwv,512.745 um_pwv,35.0,5.043 K,0.987214
20240805,104233.956970,105247.403184,613.446214,427.694 um_pwv,522.118 um_pwv,35.0,4.929 K,1.00536
20240805,105248.366307,105635.883970,227.517663,428.916 um_pwv,523.61 um_pwv,35.0,4.783 K,1.00825
20240805,110136.029671,111149.579624,613.549953,435.052 um_pwv,531.1 um_pwv,35.0,4.777 K,1.02275
20240805,111150.536565,112203.983623,613.447058,454.215 um_pwv,554.494 um_pwv,35.0,4.806 K,1.06804
20240805,112204.946923,113218.392646,613.445723,471.839 um_pwv,576.01 um_pwv,35.0,4.815 K,1.10970
20240805,113219.350539,114232.795473,613.444934,515.183 um_pwv,628.923 um_pwv,35.0,4.897 K,1.21214
20240805,114233.758477,115247.202809,613.444332,543.291 um_pwv,663.236 um_pwv,35.0,4.933 K,1.27857
20240805,115248.165892,115635.685932,227.52004,560.744 um_pwv,684.542 um_pwv,35.0,4.816 K,1.31982
20240805,130135.844478,131149.416624,613.572146,626.916 um_pwv,765.323 um_pwv,35.0,4.037 K,1.47621
20240805,131150.378036,132203.828108,613.450072,631.197 um_pwv,770.55 um_pwv,35.0,4.081 K,1.48633
20240805,132204.784727,133218.231159,613.446432,636.951 um_pwv,777.574 um_pwv,35.0,3.974 K,1.49993
20240805,133219.193646,134232.640625,613.446979,649.85 um_pwv,793.32 um_pwv,35.0,3.878 K,1.53041
20240805,134233.607880,135247.046110,613.43823,642.504 um_pwv,784.352 um_pwv,35.0,3.729 K,1.51305
20240805,135248.007981,135635.526532,227.518551,637.297 um_pwv,777.995 um_pwv,35.0,3.639 K,1.50074
20240805,140136.581948,141150.131565,613.549617,626.793 um_pwv,765.172 um_pwv,35.0,3.615 K,1.47592
20240805,141151.092191,142204.540984,613.448793,619.154 um_pwv,755.848 um_pwv,35.0,3.622 K,1.45787
20240805,142205.496935,143218.943917,613.446982,623.986 um_pwv,761.746 um_pwv,35.0,3.579 K,1.46929
20240805,143219.906313,144233.354722,613.448409,640.132 um_pwv,781.456 um_pwv,35.0,3.432 K,1.50744
20240805,144234.310810,145247.757805,613.446995,670.719 um_pwv,818.796 um_pwv,35.0,3.274 K,1.57973
20240805,145248.720615,145636.241142,227.520527,708.15 um_pwv,864.492 um_pwv,35.0,2.956 K,1.66819
20240805,150136.384493,151149.934407,613.549914,796.05 um_pwv,971.797 um_pwv,35.0,2.591 K,1.87592
20240805,151150.895708,152204.342019,613.446311,863.288 um_pwv,1053.88 um_pwv,35.0,2.129 K,2.03482
20240805,152205.297929,153218.745732,613.447803,918.8 um_pwv,1121.65 um_pwv,35.0,1.814 K,2.16600
20240805,153219.708226,154233.153378,613.445152,964.201 um_pwv,1177.07 um_pwv,35.0,1.577 K,2.27328
20240805,154234.116223,155247.562063,613.44584,999.583 um_pwv,1220.27 um_pwv,35.0,1.42 K,2.35689
20240805,155248.523579,155636.043587,227.520008,1009.84 um_pwv,1232.79 um_pwv,35.0,1.314 K,2.38114
20240805,170136.231361,171149.778059,613.546698,1118.23 um_pwv,1365.1 um_pwv,35.0,1.001 K,2.63725
20240805,171150.740774,172204.187089,613.446315,1111.88 um_pwv,1357.35 um_pwv,35.0,1.11 K,2.62225
20240805,172205.143944,173218.592009,613.448065,1161.2 um_pwv,1417.56 um_pwv,35.0,1.144 K,2.73878
20240805,173219.554969,174234.009254,614.454285,1174.87 um_pwv,1434.25 um_pwv,35.0,1.12 K,2.77109
20240805,174234.968914,175248.419700,613.450786,1171.18 um_pwv,1429.75 um_pwv,35.0,1.112 K,2.76237
20240805,175249.378156,175635.937289,226.559133,1163.45 um_pwv,1420.31 um_pwv,35.0,1.013 K,2.74411
20240805,180136.035119,181149.586296,613.551177,1176.05 um_pwv,1435.69 um_pwv,35.0,0.8648 K,2.77388
20240805,181150.543024,182203.992035,613.449011,1180.5 um_pwv,1441.12 um_pwv,35.0,0.8464 K,2.78439
20240805,182204.955324,183218.402716,613.447392,1174.8 um_pwv,1434.17 um_pwv,35.0,0.8909 K,2.77093
20240805,183219.359918,184232.810624,613.450706,1169.01 um_pwv,1427.1 um_pwv,35.0,0.8707 K,2.75724
20240805,184233.767521,185247.217787,613.450266,1186.5 um_pwv,1448.45 um_pwv,35.0,0.933 K,2.79856
20240805,185248.174672,185635.698086,227.523414,1209.82 um_pwv,1476.92 um_pwv,35.0,1.061 K,2.85367
20240805,190135.850490,191149.394196,613.543706,1199.43 um_pwv,1464.24 um_pwv,35.0,1.041 K,2.82913
20240805,191150.350538,192203.799806,613.449268,1201.81 um_pwv,1467.14 um_pwv,35.0,0.9022 K,2.83474
20240805,192204.756703,193218.204244,613.447541,1206.2 um_pwv,1472.5 um_pwv,35.0,0.9142 K,2.84512
20240805,193219.167313,194232.614415,613.447102,1208.73 um_pwv,1475.59 um_pwv,35.0,0.8617 K,2.85109
20240805,194233.577395,195247.023960,613.446565,1204.81 um_pwv,1470.8 um_pwv,35.0,0.8227 K,2.84183
20240805,195247.983866,195635.503183,227.519317,1192.82 um_pwv,1456.16 um_pwv,35.0,0.8353 K,2.81349
20240805,210135.688803,211149.240292,613.551489,1138.46 um_pwv,1389.81 um_pwv,35.0,1.086 K,2.68506
20240805,211150.196141,212203.646713,613.450572,1137.44 um_pwv,1388.55 um_pwv,35.0,1.316 K,2.68263
20240805,212204.607609,213218.052026,613.444417,1127.97 um_pwv,1376.99 um_pwv,35.0,1.09 K,2.66026
20240805,213219.014129,214232.462422,613.448293,1108.68 um_pwv,1353.45 um_pwv,35.0,0.9903 K,2.61470
20240805,214233.419991,215246.868210,613.448219,1102.73 um_pwv,1346.19 um_pwv,35.0,0.9296 K,2.60063
20240805,215247.829729,215635.347216,227.517487,1104.74 um_pwv,1348.63 um_pwv,35.0,0.8706 K,2.60537
20240805,220136.498533,221150.049323,613.55079,1119.36 um_pwv,1366.49 um_pwv,35.0,0.8909 K,2.63992
20240805,221151.010369,222204.455410,613.445041,1115.03 um_pwv,1361.2 um_pwv,35.0,0.9258 K,2.62969
20240805,222205.417803,223218.863599,613.445796,1093.59 um_pwv,1335.03 um_pwv,35.0,0.9771 K,2.57903
20240805,223219.825904,224233.273337,613.447433,1098.16 um_pwv,1340.61 um_pwv,35.0,0.9336 K,2.58984
20240805,224234.230406,225247.680890,613.450484,1110.88 um_pwv,1356.13 um_pwv,35.0,0.8921 K,2.61988
20240805,225248.636919,225636.160369,227.52345,1120.94 um_pwv,1368.41 um_pwv,35.0,0.9315 K,2.64365
20240806,010136.204538,011149.750405,613.545867,1197.33 um_pwv,1461.67 um_pwv,35.0,0.984 K,2.82416
20240806,011150.712474,012204.158383,613.445909,1205.11 um_pwv,1471.17 um_pwv,35.0,1.316 K,2.84254
20240806,012205.116182,013218.566203,613.450021,1201.64 um_pwv,1466.94 um_pwv,35.0,2.206 K,2.83435
20240806,013219.523477,014232.973684,613.450207,1174.51 um_pwv,1433.81 um_pwv,35.0,2.315 K,2.77024
20240806,014233.930844,015247.379658,613.448814,1129.64 um_pwv,1379.03 um_pwv,35.0,2.424 K,2.66421
20240806,015248.342262,015635.861408,227.519146,1108.89 um_pwv,1353.71 um_pwv,35.0,2.003 K,2.61519
20240806,020136.010708,021149.557023,613.546315,1075.5 um_pwv,1312.94 um_pwv,35.0,2.569 K,2.53627
20240806,021150.513935,022203.964314,613.450379,1053.65 um_pwv,1286.27 um_pwv,35.0,2.449 K,2.48465
20240806,022204.921194,023218.372016,613.450822,1076.4 um_pwv,1314.04 um_pwv,35.0,1.94 K,2.53841
20240806,023219.329259,024232.778480,613.449221,1089.44 um_pwv,1329.96 um_pwv,35.0,1.508 K,2.56922
20240806,024233.735977,025247.186301,613.450324,1073.6 um_pwv,1310.62 um_pwv,35.0,1.559 K,2.53179
20240806,025248.143573,025635.666298,227.522725,1057.19 um_pwv,1290.59 um_pwv,35.0,1.699 K,2.49302
20240806,030135.819979,031149.360861,613.540882,1031.1 um_pwv,1258.74 um_pwv,35.0,1.878 K,2.43136
20240806,031150.322676,032203.770025,613.447349,1029.47 um_pwv,1256.75 um_pwv,35.0,2.006 K,2.42752
20240806,032204.729052,033218.184610,613.455558,1010.4 um_pwv,1233.48 um_pwv,35.0,2.153 K,2.38246
20240806,033219.136398,034232.581037,613.444639,1004.28 um_pwv,1226 um_pwv,35.0,2.167 K,2.36800
20240806,034233.544324,035246.990100,613.445776,1001.55 um_pwv,1222.66 um_pwv,35.0,2.12 K,2.36153
20240806,035247.952849,035635.472450,227.519601,990.15 um_pwv,1208.75 um_pwv,35.0,2.064 K,2.33460
20240806,050135.637191,051149.211014,613.573823,1004.33 um_pwv,1226.07 um_pwv,35.0,2.112 K,2.36812
20240806,051150.171651,052203.619071,613.44742,994.327 um_pwv,1213.85 um_pwv,35.0,2.224 K,2.34447
20240806,052204.578577,053218.026841,613.448264,988.354 um_pwv,1206.56 um_pwv,35.0,2.347 K,2.33036
20240806,053218.984685,054232.431345,613.44666,963.82 um_pwv,1176.61 um_pwv,35.0,2.436 K,2.27238
20240806,054233.393221,055246.840870,613.447649,943.978 um_pwv,1152.38 um_pwv,35.0,2.518 K,2.22550
20240806,055247.796846,055635.318868,227.522022,942.255 um_pwv,1150.28 um_pwv,35.0,2.51 K,2.22142
20240806,060136.432303,061149.972807,613.540504,935.209 um_pwv,1141.68 um_pwv,35.0,2.671 K,2.20477
20240806,061150.934054,062204.378445,613.444391,926.545 um_pwv,1131.1 um_pwv,35.0,2.738 K,2.18430
20240806,062205.340208,063218.785104,613.444896,910.198 um_pwv,1111.15 um_pwv,35.0,2.738 K,2.14567
20240806,063219.746938,064233.195995,613.449057,895.112 um_pwv,1092.73 um_pwv,35.0,2.65 K,2.11002
20240806,064234.151654,065247.601913,613.450259,888.398 um_pwv,1084.53 um_pwv,35.0,2.573 K,2.09415
20240806,065248.563991,065636.083384,227.519393,885.289 um_pwv,1080.74 um_pwv,35.0,2.503 K,2.08681
20240806,070136.232596,071149.776125,613.543529,904.531 um_pwv,1104.23 um_pwv,35.0,2.534 K,2.13228
20240806,071150.737442,072204.184849,613.447407,899.609 um_pwv,1098.22 um_pwv,35.0,2.47 K,2.12065
20240806,072205.140909,073218.587397,613.446488,903.761 um_pwv,1103.29 um_pwv,35.0,2.568 K,2.13046
20240806,073219.550912,074232.999040,613.448128,904.017 um_pwv,1103.6 um_pwv,35.0,2.6 K,2.13106
20240806,074233.955720,075247.402434,613.446714,908.189 um_pwv,1108.69 um_pwv,35.0,2.673 K,2.14092
20240806,075248.364557,075635.885417,227.52086,902.078 um_pwv,1101.23 um_pwv,35.0,2.738 K,2.12648
20240806,090136.045714,091149.619461,613.573747,936.156 um_pwv,1142.84 um_pwv,35.0,2.484 K,2.20701
20240806,091150.582755,092204.029192,613.446437,921.776 um_pwv,1125.28 um_pwv,35.0,2.489 K,2.17303
20240806,092204.986456,093218.438767,613.452311,905.659 um_pwv,1105.61 um_pwv,35.0,2.436 K,2.13494
20240806,093219.397946,094232.844792,613.446846,895.997 um_pwv,1093.81 um_pwv,35.0,2.479 K,2.11211
20240806,094233.802015,095247.253294,613.451279,867.1 um_pwv,1058.53 um_pwv,35.0,2.551 K,2.04382
20240806,095248.210581,095635.732939,227.522358,852.341 um_pwv,1040.52 um_pwv,35.0,2.531 K,2.00895
20240806,100135.828201,101149.426127,613.597926,840.04 um_pwv,1025.5 um_pwv,35.0,2.582 K,1.97988
20240806,101150.388799,102203.834934,613.446135,846.148 um_pwv,1032.96 um_pwv,35.0,2.642 K,1.99431
20240806,102204.793172,103218.243815,613.450643,836.564 um_pwv,1021.26 um_pwv,35.0,2.775 K,1.97166
20240806,103219.201944,104232.651791,613.449847,837.99 um_pwv,1023 um_pwv,35.0,3.022 K,1.97503
20240806,104233.609015,105247.058512,613.449497,843.718 um_pwv,1029.99 um_pwv,35.0,3.084 K,1.98857
20240806,105248.015755,105635.538365,227.52261,842.917 um_pwv,1029.01 um_pwv,35.0,3.061 K,1.98668
20240806,110135.654401,111149.231611,613.57721,848.219 um_pwv,1035.48 um_pwv,35.0,2.956 K,1.99920
20240806,111150.194244,112203.642040,613.447796,850.084 um_pwv,1037.76 um_pwv,35.0,3.006 K,2.00361
20240806,112204.599212,113218.050099,613.450887,872.317 um_pwv,1064.9 um_pwv,35.0,3.024 K,2.05615
20240806,113219.006994,114232.459029,613.452035,890.374 um_pwv,1086.95 um_pwv,35.0,3.098 K,2.09882
20240806,114233.417818,115246.865362,613.447544,891.991 um_pwv,1088.92 um_pwv,35.0,3.35 K,2.10264
20240806,115247.822309,115635.344777,227.522468,900.354 um_pwv,1099.13 um_pwv,35.0,3.63 K,2.12241
20240806,130136.495677,131151.053073,614.557396,890.044 um_pwv,1086.54 um_pwv,35.0,3.099 K,2.09804
20240806,131152.013754,132205.460808,613.447054,874.646 um_pwv,1067.75 um_pwv,35.0,3.162 K,2.06166
20240806,132206.417787,133219.865875,613.448088,883.892 um_pwv,1079.03 um_pwv,35.0,3.249 K,2.08351
20240806,133220.827644,134234.275987,613.448343,886.437 um_pwv,1082.14 um_pwv,35.0,3.196 K,2.08952
20240806,134235.231963,135248.679502,613.447539,884.765 um_pwv,1080.1 um_pwv,35.0,3.335 K,2.08557
20240806,135249.641258,135636.204394,226.563136,886.623 um_pwv,1082.37 um_pwv,35.0,3.24 K,2.08996
20240806,140136.316557,141149.899100,613.582543,885.836 um_pwv,1081.41 um_pwv,35.0,3.471 K,2.08810
20240806,141150.854762,142204.305319,613.450557,891.133 um_pwv,1087.87 um_pwv,35.0,3.505 K,2.10062
20240806,142205.262969,143218.714266,613.451297,896.528 um_pwv,1094.46 um_pwv,35.0,3.562 K,2.11337
20240806,143219.670703,144233.119076,613.448373,889.836 um_pwv,1086.29 um_pwv,35.0,3.741 K,2.09755
20240806,144234.081618,145247.525508,613.44389,883.292 um_pwv,1078.3 um_pwv,35.0,3.679 K,2.08209
20240806,145248.488832,145636.008319,227.519487,874.3 um_pwv,1067.32 um_pwv,35.0,3.527 K,2.06084
20240806,150136.125138,151149.703702,613.578564,832.744 um_pwv,1016.59 um_pwv,35.0,4.153 K,1.96263
20240806,151150.659589,152204.110438,613.450849,802.627 um_pwv,979.826 um_pwv,35.0,4.361 K,1.89146
20240806,152205.066104,153218.516083,613.449979,796.589 um_pwv,972.455 um_pwv,35.0,4.336 K,1.87719
20240806,153219.478821,154232.922872,613.444051,783.209 um_pwv,956.122 um_pwv,35.0,4.482 K,1.84557
20240806,154233.885704,155247.331329,613.445625,756.1 um_pwv,923.028 um_pwv,35.0,4.644 K,1.78151
20240806,155248.293402,155635.813125,227.519723,765.864 um_pwv,934.947 um_pwv,35.0,4.339 K,1.80458
20240806,170135.926059,171149.501020,613.574961,840.63 um_pwv,1026.22 um_pwv,35.0,3.801 K,1.98127
20240806,171150.463543,172203.906600,613.443057,844.134 um_pwv,1030.5 um_pwv,35.0,3.73 K,1.98955
20240806,172204.871428,173218.319448,613.44802,838.776 um_pwv,1023.96 um_pwv,35.0,3.798 K,1.97689
20240806,173219.277582,174232.724045,613.446463,857.914 um_pwv,1047.32 um_pwv,35.0,3.726 K,2.02212
20240806,174233.687352,175247.129852,613.4425,867.753 um_pwv,1059.33 um_pwv,35.0,3.54 K,2.04537
20240806,175248.094063,175635.613648,227.519585,866.245 um_pwv,1057.49 um_pwv,35.0,3.567 K,2.04180
20240806,180135.720507,181149.256894,613.536387,845.729 um_pwv,1032.44 um_pwv,35.0,3.687 K,1.99332
20240806,181150.219947,182203.667153,613.447206,831.746 um_pwv,1015.37 um_pwv,35.0,3.791 K,1.96028
20240806,182204.626232,183218.072472,613.44624,832.383 um_pwv,1016.15 um_pwv,35.0,3.883 K,1.96178
20240806,183219.030376,184232.483490,613.453114,834.996 um_pwv,1019.34 um_pwv,35.0,4.005 K,1.96796
20240806,184233.441383,185246.885962,613.444579,836.534 um_pwv,1021.22 um_pwv,35.0,3.984 K,1.97159
20240806,185247.850438,185635.368401,227.517963,836.8 um_pwv,1021.54 um_pwv,35.0,4.018 K,1.97222
20240806,190136.521858,191150.068891,613.547033,840.081 um_pwv,1025.55 um_pwv,35.0,4.035 K,1.97997
20240806,191151.032217,192204.476336,613.444119,837.452 um_pwv,1022.34 um_pwv,35.0,3.968 K,1.97376
20240806,192205.440237,193218.887420,613.447183,842.22 um_pwv,1028.16 um_pwv,35.0,3.955 K,1.98503
20240806,193219.844583,194233.290644,613.446061,846.764 um_pwv,1033.71 um_pwv,35.0,3.895 K,1.99577
20240806,194234.255479,195247.702287,613.446808,841.377 um_pwv,1027.13 um_pwv,35.0,4.011 K,1.98304
20240806,195248.659218,195636.183556,227.524338,834.554 um_pwv,1018.8 um_pwv,35.0,4.091 K,1.96691
20240806,210136.370473,211149.917832,613.547359,799.069 um_pwv,975.483 um_pwv,35.0,4.44 K,1.88306
20240806,211150.880396,212204.329795,613.449399,801.558 um_pwv,978.521 um_pwv,35.0,4.163 K,1.88894
20240806,212205.287192,213218.732666,613.445474,796.285 um_pwv,972.085 um_pwv,35.0,4.223 K,1.87648
20240806,213219.695028,214233.144342,613.449314,789.415 um_pwv,963.697 um_pwv,35.0,4.388 K,1.86024
20240806,214234.100121,215247.551048,613.450927,792.236 um_pwv,967.142 um_pwv,35.0,4.424 K,1.86691
20240806,215248.513163,215636.031669,227.518506,797.316 um_pwv,973.343 um_pwv,35.0,4.356 K,1.87891
20240806,220136.151352,221149.725203,613.573851,788.297 um_pwv,962.333 um_pwv,35.0,4.678 K,1.85760
20240806,221150.685860,222204.134071,613.448211,778.688 um_pwv,950.603 um_pwv,35.0,4.892 K,1.83489
20240806,222205.090389,223218.541563,613.451174,775.142 um_pwv,946.273 um_pwv,35.0,5.066 K,1.82651
20240806,223219.497281,224232.945544,613.448263,777.816 um_pwv,949.538 um_pwv,35.0,5.099 K,1.83283
20240806,224233.913196,225247.353485,613.440289,773.109 um_pwv,943.792 um_pwv,35.0,4.962 K,1.82171
20240806,225248.315297,225635.836944,227.521647,767.502 um_pwv,936.947 um_pwv,35.0,4.751 K,1.80846
20240807,010135.829849,011149.380108,613.550259,722.49 um_pwv,881.997 um_pwv,35.0,5.324 K,1.70208
20240807,011150.337647,012203.787967,613.45032,718.125 um_pwv,876.669 um_pwv,35.0,5.175 K,1.69176
20240807,012204.746375,013218.193332,613.446957,709.368 um_pwv,865.978 um_pwv,35.0,5.212 K,1.67107
20240807,013219.156356,014232.599401,613.443045,713.31 um_pwv,870.79 um_pwv,35.0,5.323 K,1.68039
20240807,014233.562671,015247.010315,613.447644,712.138 um_pwv,869.36 um_pwv,35.0,5.454 K,1.67762
20240807,015247.967885,015635.490740,227.522855,712.911 um_pwv,870.304 um_pwv,35.0,5.453 K,1.67944
20240807,020135.643428,021149.185919,613.542491,718.367 um_pwv,876.964 um_pwv,35.0,5.546 K,1.69234
20240807,021150.142535,022203.588365,613.44583,714.461 um_pwv,872.196 um_pwv,35.0,5.634 K,1.68311
20240807,022204.551950,023217.999506,613.447556,712.243 um_pwv,869.489 um_pwv,35.0,5.637 K,1.67787
20240807,023218.956403,024232.407660,613.451257,716.497 um_pwv,874.681 um_pwv,35.0,5.44 K,1.68792
20240807,024233.367643,025246.812446,613.444803,714.514 um_pwv,872.26 um_pwv,35.0,5.598 K,1.68323
20240807,025247.775137,025635.294379,227.519242,706.573 um_pwv,862.567 um_pwv,35.0,5.619 K,1.66447
20240807,030136.460804,031149.996225,613.535421,714.52 um_pwv,872.268 um_pwv,35.0,5.884 K,1.68325
20240807,031150.958204,032204.405306,613.447102,717.304 um_pwv,875.667 um_pwv,35.0,5.908 K,1.68982
20240807,032205.362533,033218.811752,613.449219,709.042 um_pwv,865.58 um_pwv,35.0,5.776 K,1.67030
20240807,033219.768673,034233.220607,613.451934,692.402 um_pwv,845.267 um_pwv,35.0,5.872 K,1.63097
20240807,034234.179390,035247.627428,613.448038,680.645 um_pwv,830.914 um_pwv,35.0,5.848 K,1.60319
20240807,035248.584351,035636.106932,227.522581,673.442 um_pwv,822.121 um_pwv,35.0,5.965 K,1.58617
20240807,050136.273410,051149.846927,613.573517,643.979 um_pwv,786.153 um_pwv,35.0,6.112 K,1.51654
20240807,051150.807853,052204.255429,613.447576,642.06 um_pwv,783.811 um_pwv,35.0,6.117 K,1.51200
20240807,052205.211749,053218.661265,613.449516,637.014 um_pwv,777.65 um_pwv,35.0,6.127 K,1.50007
20240807,053219.623676,054233.067014,613.443338,626.36 um_pwv,764.644 um_pwv,35.0,6.189 K,1.47490
20240807,054234.028841,055247.477767,613.448926,619.621 um_pwv,756.417 um_pwv,35.0,6.322 K,1.45897
20240807,055248.439198,055635.958374,227.519176,614.52 um_pwv,750.19 um_pwv,35.0,6.267 K,1.44691
20240807,060136.100963,061149.647961,613.546998,616.979 um_pwv,753.193 um_pwv,35.0,6.304 K,1.45273
20240807,061150.608993,062204.060549,613.451556,613.596 um_pwv,749.063 um_pwv,35.0,6.418 K,1.44473
20240807,062205.016952,063218.467622,613.45067,604.542 um_pwv,738.009 um_pwv,35.0,6.507 K,1.42333
20240807,063219.423837,064232.871299,613.447462,587.571 um_pwv,717.292 um_pwv,35.0,6.71 K,1.38322
20240807,064233.834537,065247.279028,613.444491,575.999 um_pwv,703.164 um_pwv,35.0,6.806 K,1.35587
20240807,065248.242057,065635.760680,227.518623,570.221 um_pwv,696.111 um_pwv,35.0,6.781 K,1.34222
20240807,070135.911512,071149.454779,613.543267,566.606 um_pwv,691.699 um_pwv,35.0,6.872 K,1.33368
20240807,071150.415805,072203.864288,613.448483,558.234 um_pwv,681.478 um_pwv,35.0,6.927 K,1.31389
20240807,072204.821466,073218.269078,613.447612,564.029 um_pwv,688.552 um_pwv,35.0,6.891 K,1.32758
20240807,073219.232041,074232.674119,613.442078,563.834 um_pwv,688.314 um_pwv,35.0,6.897 K,1.32712
20240807,074233.636968,075247.082506,613.445538,557.698 um_pwv,680.823 um_pwv,35.0,6.887 K,1.31262
20240807,075248.042205,075635.564400,227.522195,553.958 um_pwv,676.258 um_pwv,35.0,6.883 K,1.30378
20240807,090135.760911,091149.303732,613.542821,576.055 um_pwv,703.234 um_pwv,35.0,6.329 K,1.35601
20240807,091150.265596,092203.708900,613.443304,569 um_pwv,694.62 um_pwv,35.0,6.325 K,1.33933
20240807,092204.671975,093218.116037,613.444062,578.004 um_pwv,705.612 um_pwv,35.0,6.247 K,1.36061
20240807,093219.080289,094232.526980,613.446691,582.004 um_pwv,710.495 um_pwv,35.0,6.185 K,1.37007
20240807,094233.485070,095246.933978,613.448908,584.221 um_pwv,713.202 um_pwv,35.0,6.084 K,1.37530
20240807,095247.890910,095635.414287,227.523377,582.423 um_pwv,711.007 um_pwv,35.0,6.026 K,1.37106
20240807,100136.567618,101150.112848,613.54523,584.336 um_pwv,713.342 um_pwv,35.0,5.912 K,1.37558
20240807,101151.075127,102204.524942,613.449815,586.573 um_pwv,716.073 um_pwv,35.0,5.858 K,1.38086
20240807,102205.482302,103218.932330,613.450028,595.647 um_pwv,727.151 um_pwv,35.0,5.67 K,1.40231
20240807,103219.889394,104233.339712,613.450318,607.141 um_pwv,741.182 um_pwv,35.0,5.554 K,1.42947
20240807,104234.296616,105247.747513,613.450897,615.551 um_pwv,751.449 um_pwv,35.0,5.494 K,1.44935
20240807,105248.704981,105636.226907,227.521926,619.047 um_pwv,755.717 um_pwv,35.0,5.47 K,1.45761
20240807,110136.419628,111149.970798,613.55117,635.539 um_pwv,775.85 um_pwv,35.0,5.351 K,1.49659
20240807,111150.927790,112204.377202,613.449412,646.094 um_pwv,788.736 um_pwv,35.0,5.322 K,1.52154
20240807,112205.337098,113218.785235,613.448137,642.266 um_pwv,784.062 um_pwv,35.0,5.283 K,1.51249
20240807,113219.742123,114233.192215,613.450092,638.823 um_pwv,779.859 um_pwv,35.0,5.265 K,1.50435
20240807,114234.150046,115247.599853,613.449807,637.265 um_pwv,777.957 um_pwv,35.0,5.305 K,1.50067
20240807,115248.557024,115636.078569,227.521545,639.958 um_pwv,781.244 um_pwv,35.0,5.305 K,1.50703
20240807,130136.267070,131149.817078,613.550008,717.534 um_pwv,875.947 um_pwv,35.0,4.925 K,1.69037
20240807,131150.778748,132204.223151,613.444403,718.367 um_pwv,876.964 um_pwv,35.0,4.809 K,1.69234
20240807,132205.181331,133218.629088,613.447757,716.891 um_pwv,875.162 um_pwv,35.0,4.819 K,1.68885
20240807,133219.590658,134233.040714,613.450056,723.442 um_pwv,883.159 um_pwv,35.0,4.796 K,1.70433
20240807,134233.996833,135247.449544,613.452711,738.96 um_pwv,902.103 um_pwv,35.0,4.69 K,1.74100
20240807,135248.405569,135635.928582,227.523013,735.13 um_pwv,897.428 um_pwv,35.0,4.692 K,1.73195
20240807,140136.070323,141149.618074,613.547751,757.276 um_pwv,924.464 um_pwv,35.0,4.706 K,1.78429
20240807,141150.579729,142204.029313,613.449584,750.265 um_pwv,915.904 um_pwv,35.0,4.725 K,1.76772
20240807,142204.985674,143218.438285,613.452611,757.575 um_pwv,924.829 um_pwv,35.0,4.687 K,1.78500
20240807,143219.396448,144232.845062,613.448614,747.29 um_pwv,912.273 um_pwv,35.0,4.594 K,1.76069
20240807,144233.801222,145247.252514,613.451292,734.162 um_pwv,896.247 um_pwv,35.0,4.668 K,1.72967
20240807,145248.210244,145635.731101,227.520857,720.988 um_pwv,880.163 um_pwv,35.0,4.707 K,1.69853
20240807,150135.874853,151149.422215,613.547362,698.774 um_pwv,853.045 um_pwv,35.0,4.779 K,1.64603
20240807,151150.384150,152203.833718,613.449568,691.401 um_pwv,844.045 um_pwv,35.0,4.717 K,1.62861
20240807,152204.791234,153218.240934,613.4497,694.272 um_pwv,847.55 um_pwv,35.0,4.736 K,1.63539
20240807,153219.197893,154232.647958,613.450065,696.09 um_pwv,849.769 um_pwv,35.0,4.793 K,1.63969
20240807,154233.604326,155247.056448,613.452122,690.515 um_pwv,842.963 um_pwv,35.0,4.805 K,1.62651
20240807,155248.013701,155635.533861,227.52016,679.253 um_pwv,829.215 um_pwv,35.0,4.738 K,1.59990
20240807,170135.721409,171149.272051,613.550642,629.581 um_pwv,768.576 um_pwv,35.0,4.995 K,1.48251
20240807,171150.228108,172203.676196,613.448088,645.055 um_pwv,787.467 um_pwv,35.0,4.844 K,1.51908
20240807,172204.639380,173218.087525,613.448145,697.826 um_pwv,851.889 um_pwv,35.0,4.623 K,1.64379
20240807,173219.044230,174232.491541,613.447311,734.067 um_pwv,896.13 um_pwv,35.0,4.401 K,1.72944
20240807,174233.454647,175246.902784,613.448137,735.384 um_pwv,897.738 um_pwv,35.0,4.452 K,1.73255
20240807,175247.860851,175635.381488,227.520637,739.66 um_pwv,902.958 um_pwv,35.0,4.393 K,1.74266
20240807,180136.534086,181150.083096,613.54901,748.76 um_pwv,914.067 um_pwv,35.0,4.403 K,1.76416
20240807,181151.045791,182204.489683,613.443892,770.204 um_pwv,940.245 um_pwv,35.0,4.333 K,1.81484
20240807,182205.447978,183218.896353,613.448375,800.392 um_pwv,977.098 um_pwv,35.0,4.267 K,1.88618
20240807,183219.859032,184233.304086,613.445054,819.306 um_pwv,1000.19 um_pwv,35.0,4.186 K,1.93088
20240807,184234.267440,185247.711212,613.443772,833.472 um_pwv,1017.48 um_pwv,35.0,4.178 K,1.96436
20240807,185248.674850,185636.193399,227.518549,835.191 um_pwv,1019.58 um_pwv,35.0,4.134 K,1.96842
20240807,190136.353233,191149.934063,613.58083,842.957 um_pwv,1029.06 um_pwv,35.0,4.202 K,1.98677
20240807,191150.896860,192204.343202,613.446342,847.068 um_pwv,1034.08 um_pwv,35.0,4.194 K,1.99648
20240807,192205.301299,193218.747684,613.446385,843.343 um_pwv,1029.53 um_pwv,35.0,4.193 K,1.98768
20240807,193219.710635,194233.155410,613.444775,838.217 um_pwv,1023.27 um_pwv,35.0,4.23 K,1.97557
20240807,194234.118608,195247.565318,613.44671,829.275 um_pwv,1012.36 um_pwv,35.0,4.317 K,1.95444
20240807,195248.523142,195636.047723,227.524581,824.337 um_pwv,1006.33 um_pwv,35.0,4.342 K,1.94277
20240807,210136.183033,211149.732191,613.549158,775.39 um_pwv,946.577 um_pwv,35.0,4.877 K,1.82710
20240807,211150.693200,212204.138819,613.445619,758.772 um_pwv,926.29 um_pwv,35.0,4.998 K,1.78783
20240807,212205.100983,213218.547010,613.446027,739.908 um_pwv,903.261 um_pwv,35.0,5.031 K,1.74324
20240807,213219.509461,214232.957573,613.448112,730.609 um_pwv,891.909 um_pwv,35.0,5.053 K,1.72127
20240807,214233.913888,215247.364783,613.450895,738.238 um_pwv,901.222 um_pwv,35.0,4.971 K,1.73930
20240807,215248.326262,215635.843327,227.517065,736.437 um_pwv,899.023 um_pwv,35.0,4.974 K,1.73504
20240807,220135.991119,221149.585037,613.593918,742.457 um_pwv,906.373 um_pwv,35.0,4.872 K,1.74927
20240807,221150.545953,222203.990288,613.444335,747.966 um_pwv,913.098 um_pwv,35.0,4.908 K,1.76229
20240807,222204.952642,223218.398276,613.445634,754.218 um_pwv,920.73 um_pwv,35.0,5.02 K,1.77706
20240807,223219.360083,224232.807218,613.447135,749.969 um_pwv,915.543 um_pwv,35.0,5.108 K,1.76702
20240807,224233.770265,225247.217800,613.447535,734.719 um_pwv,896.927 um_pwv,35.0,5.214 K,1.73098
20240807,225248.174481,225635.696794,227.522313,719.118 um_pwv,877.881 um_pwv,35.0,5.212 K,1.69411
20240808,010135.651264,011149.188126,613.536862,634.693 um_pwv,774.817 um_pwv,35.0,5.295 K,1.49459
20240808,011150.150255,012203.593859,613.443604,633.88 um_pwv,773.825 um_pwv,35.0,5.314 K,1.49267
20240808,012204.556555,013217.999789,613.443234,612.251 um_pwv,747.421 um_pwv,35.0,5.383 K,1.44155
20240808,013218.963430,014232.413033,613.449603,596.091 um_pwv,727.693 um_pwv,35.0,5.518 K,1.40336
20240808,014233.371204,015246.818277,613.447073,594.257 um_pwv,725.454 um_pwv,35.0,5.518 K,1.39903
20240808,015247.775412,015635.297983,227.522571,596.062 um_pwv,727.657 um_pwv,35.0,5.583 K,1.40329
20240808,020136.451116,021150.001054,613.549938,593.555 um_pwv,724.596 um_pwv,35.0,5.634 K,1.39736
20240808,021150.957392,022204.407561,613.450169,601.124 um_pwv,733.836 um_pwv,35.0,5.622 K,1.41525
20240808,022205.364499,023218.817684,613.453185,596.253 um_pwv,727.891 um_pwv,35.0,5.609 K,1.40374
20240808,023219.776427,024233.221411,613.444984,598.491 um_pwv,730.623 um_pwv,35.0,5.579 K,1.40903
20240808,024234.179798,025247.628207,613.448409,594.8 um_pwv,726.116 um_pwv,35.0,5.494 K,1.40031
20240808,025248.591561,025636.111045,227.519484,591.233 um_pwv,721.762 um_pwv,35.0,5.472 K,1.39188
20240808,030136.255561,031149.806059,613.550498,572.813 um_pwv,699.275 um_pwv,35.0,5.437 K,1.34834
20240808,031150.763962,032204.210881,613.446919,561.172 um_pwv,685.065 um_pwv,35.0,5.427 K,1.32083
20240808,032205.173735,033218.619041,613.445306,550.325 um_pwv,671.823 um_pwv,35.0,5.438 K,1.29520
20240808,033219.576014,034233.024019,613.448005,546.73 um_pwv,667.434 um_pwv,35.0,5.526 K,1.28670
20240808,034233.987036,035247.430931,613.443895,518.494 um_pwv,632.964 um_pwv,35.0,5.713 K,1.21997
20240808,035248.395146,035635.913353,227.518207,493.568 um_pwv,602.535 um_pwv,35.0,5.81 K,1.16105
20240808,050136.101876,051149.647589,613.545713,404.955 um_pwv,494.358 um_pwv,35.0,6.295 K,0.951615
20240808,051150.608869,052204.058776,613.449907,393.251 um_pwv,480.071 um_pwv,35.0,6.343 K,0.923954
20240808,052205.020247,053218.466593,613.446346,378.447 um_pwv,461.998 um_pwv,35.0,6.33 K,0.888963
20240808,053219.422550,054232.874314,613.451764,361.349 um_pwv,441.126 um_pwv,35.0,6.327 K,0.848551
20240808,054233.830706,055247.281056,613.45035,359.93 um_pwv,439.394 um_pwv,35.0,6.369 K,0.845198
20240808,055248.236789,055635.760938,227.524149,352.678 um_pwv,430.54 um_pwv,35.0,6.397 K,0.828055
20240808,060135.910146,061149.451663,613.541517,337.514 um_pwv,412.028 um_pwv,35.0,6.37 K,0.792213
20240808,061150.412892,062203.863146,613.450254,337.646 um_pwv,412.19 um_pwv,35.0,6.457 K,0.792527
20240808,062204.819032,063218.270340,613.451308,276.728 um_pwv,337.822 um_pwv,35.0,5.625 K,0.648538
20240808,063219.226357,064232.673914,613.447557,270.034 um_pwv,329.651 um_pwv,35.0,5.61 K,0.632717
20240808,064233.636345,065247.081690,613.445345,267.109 um_pwv,326.08 um_pwv,35.0,5.58 K,0.625803
20240808,065248.043209,065635.564398,227.521189,274.227 um_pwv,334.769 um_pwv,35.0,5.733 K,0.642627
20240808,070135.728314,071149.303245,613.574931,278.021 um_pwv,339.401 um_pwv,35.0,5.838 K,0.651595
20240808,071150.265411,072203.714437,613.449026,275.198 um_pwv,335.954 um_pwv,35.0,5.929 K,0.644921
20240808,072204.670713,073218.120584,613.449871,272.376 um_pwv,332.51 um_pwv,35.0,5.656 K,0.638253
20240808,073219.082382,074232.529736,613.447354,269.664 um_pwv,329.198 um_pwv,35.0,5.757 K,0.631841
20240808,074233.491681,075246.935787,613.444106,284.453 um_pwv,347.253 um_pwv,35.0,6.262 K,0.666799
20240808,075247.892071,075635.417183,227.525112,283.338 um_pwv,345.892 um_pwv,35.0,6.358 K,0.664164
20240808,090136.563258,091150.112918,613.54966,633.048 um_pwv,772.808 um_pwv,35.0,6.297 K,1.49070
20240808,091151.075028,092204.518733,613.443705,887.477 um_pwv,1083.41 um_pwv,35.0,3.807 K,2.09198
20240808,092205.482225,093218.926684,613.444459,904.162 um_pwv,1103.78 um_pwv,35.0,3.728 K,2.13141
20240808,093219.890000,094233.334462,613.444462,906.99 um_pwv,1107.23 um_pwv,35.0,3.908 K,2.13809
20240808,094234.297679,095247.743178,613.445499,906.476 um_pwv,1106.6 um_pwv,35.0,3.993 K,2.13687
20240808,095248.700121,095636.222967,227.522846,886.985 um_pwv,1082.81 um_pwv,35.0,4.504 K,2.09081
20240808,100136.367670,101149.917585,613.549915,893.49 um_pwv,1090.75 um_pwv,35.0,5.164 K,2.10619
20240808,101150.874796,102204.321359,613.446563,952.618 um_pwv,1162.93 um_pwv,35.0,5.932 K,2.24591
20240808,102205.284905,103218.732617,613.447712,892.63 um_pwv,1089.7 um_pwv,35.0,8.85 K,2.10415
20240808,103219.689509,104233.138217,613.448708,709.158 um_pwv,865.722 um_pwv,35.0,11.59 K,1.67057
20240808,104234.095452,105247.544413,613.448961,521.415 um_pwv,636.53 um_pwv,35.0,12.97 K,1.22687
20240808,105248.508048,105636.027441,227.519393,448.57 um_pwv,547.602 um_pwv,35.0,12.87 K,1.05470
20240808,110136.168625,111149.720428,613.551803,419.19 um_pwv,511.736 um_pwv,35.0,11.12 K,0.985261
20240808,111150.677078,112204.129407,613.452329,364.024 um_pwv,444.392 um_pwv,35.0,9.174 K,0.854874
20240808,112205.088146,113218.533367,613.445221,262.202 um_pwv,320.089 um_pwv,35.0,5.897 K,0.614203
20240808,113219.496340,114232.938765,613.442425,250.217 um_pwv,305.459 um_pwv,35.0,5.698 K,0.585876
20240808,114233.902678,115247.349904,613.447226,243.084 um_pwv,296.75 um_pwv,35.0,5.634 K,0.569014
20240808,115248.306784,115635.830369,227.523585,237.153 um_pwv,289.51 um_pwv,35.0,5.52 K,0.554995
20240808,130136.015184,131149.565053,613.549869,206.156 um_pwv,251.669 um_pwv,35.0,5.4 K,0.481727
20240808,131150.525745,132203.973031,613.447286,206 um_pwv,251.48 um_pwv,35.0,5.363 K,0.481361
20240808,132204.929509,133218.377128,613.447619,208.514 um_pwv,254.549 um_pwv,35.0,5.432 K,0.487303
20240808,133219.340002,134232.784038,613.444036,217.628 um_pwv,265.675 um_pwv,35.0,5.468 K,0.508846
20240808,134233.746674,135247.190952,613.444278,231.323 um_pwv,282.393 um_pwv,35.0,5.556 K,0.541215
20240808,135248.154221,135635.673640,227.519419,240.147 um_pwv,293.165 um_pwv,35.0,5.555 K,0.562072
20240808,140135.816875,141149.363720,613.546845,256.856 um_pwv,313.563 um_pwv,35.0,5.761 K,0.601567
20240808,141150.326211,142203.775607,613.449396,269.664 um_pwv,329.198 um_pwv,35.0,5.851 K,0.631841
20240808,142204.733762,143218.181859,613.448097,271.736 um_pwv,331.728 um_pwv,35.0,5.933 K,0.636738
20240808,143219.138146,144232.584924,613.446778,276.199 um_pwv,337.176 um_pwv,35.0,5.939 K,0.647288
20240808,144233.549014,145246.992410,613.443396,349.467 um_pwv,426.621 um_pwv,35.0,7.056 K,0.820467
20240808,145247.955140,145635.477000,227.52186,368.165 um_pwv,449.447 um_pwv,35.0,7.09 K,0.864662
20240808,150135.618314,151149.171017,613.552703,439.584 um_pwv,536.632 um_pwv,35.0,7.246 K,1.03346
20240808,151150.126868,152203.576214,613.449346,482.474 um_pwv,588.992 um_pwv,35.0,7.277 K,1.13483
20240808,152204.537654,153217.992162,613.454508,495.419 um_pwv,604.795 um_pwv,35.0,7.197 K,1.16543
20240808,153218.944217,154232.391831,613.447614,502.957 um_pwv,613.997 um_pwv,35.0,7.285 K,1.18324
20240808,154233.348741,155246.800617,613.451876,546.891 um_pwv,667.631 um_pwv,35.0,7.58 K,1.28708
20240808,155247.758100,155635.279194,227.521094,558.785 um_pwv,682.15 um_pwv,35.0,7.692 K,1.31519
20240808,170136.384912,171149.930376,613.545464,562.252 um_pwv,686.383 um_pwv,35.0,8.794 K,1.32338
20240808,171150.892480,172204.338524,613.446044,581.591 um_pwv,709.992 um_pwv,35.0,9.733 K,1.36909
20240808,172205.296018,173218.745737,613.449719,585.042 um_pwv,714.204 um_pwv,35.0,9.204 K,1.37725
20240808,173219.702656,174233.154608,613.451952,556.435 um_pwv,679.282 um_pwv,35.0,8.528 K,1.30964
20240808,174234.110350,175247.562795,613.452445,544.176 um_pwv,664.316 um_pwv,35.0,7.817 K,1.28066
20240808,175248.521185,175636.041174,227.519989,515.095 um_pwv,628.814 um_pwv,35.0,6.927 K,1.21193
20240808,180136.186020,181149.731881,613.545861,504.06 um_pwv,615.344 um_pwv,35.0,6.454 K,1.18585
20240808,181150.693978,182204.141289,613.447311,521.171 um_pwv,636.232 um_pwv,35.0,7.141 K,1.22629
20240808,182205.099699,183218.547203,613.447504,572.771 um_pwv,699.224 um_pwv,35.0,8.863 K,1.34824
20240808,183219.511429,184232.958974,613.447545,569.757 um_pwv,695.545 um_pwv,35.0,7.367 K,1.34112
20240808,184233.917428,185247.362975,613.445547,575.644 um_pwv,702.731 um_pwv,35.0,7.509 K,1.35503
20240808,185248.325657,185635.845274,227.519617,550.499 um_pwv,672.035 um_pwv,35.0,7.085 K,1.29561
20240808,190135.990079,191149.540631,613.550552,507.912 um_pwv,620.046 um_pwv,35.0,6.147 K,1.19496
20240808,191150.498227,192203.945837,613.44761,492.972 um_pwv,601.808 um_pwv,35.0,5.901 K,1.15965
20240808,192204.903357,193218.353589,613.450232,500.115 um_pwv,610.528 um_pwv,35.0,5.794 K,1.17653
20240808,193219.316293,194232.763692,613.447399,479.346 um_pwv,585.173 um_pwv,35.0,5.647 K,1.12744
20240808,194233.721774,195247.169975,613.448201,459.129 um_pwv,560.493 um_pwv,35.0,5.546 K,1.07966
20240808,195248.128401,195635.649943,227.521542,443.89 um_pwv,541.889 um_pwv,35.0,5.473 K,1.04364
20240808,210135.765177,211149.339727,613.57455,551.371 um_pwv,673.099 um_pwv,35.0,5.499 K,1.29767
20240808,211150.300384,212203.746363,613.445979,572.573 um_pwv,698.983 um_pwv,35.0,5.407 K,1.34778
20240808,212204.708165,213218.151989,613.443824,580.388 um_pwv,708.523 um_pwv,35.0,5.412 K,1.36625
20240808,213219.110853,214232.562515,613.451662,571.995 um_pwv,698.277 um_pwv,35.0,5.357 K,1.34641
20240808,214233.520502,215246.965964,613.445462,575.63 um_pwv,702.714 um_pwv,35.0,5.406 K,1.35500
20240808,215247.928148,215635.450208,227.52206,575.176 um_pwv,702.16 um_pwv,35.0,5.306 K,1.35393
20240808,220136.571272,221150.152437,613.581165,570.038 um_pwv,695.888 um_pwv,35.0,5.277 K,1.34179
20240808,221151.107908,222204.555424,613.447516,576.709 um_pwv,704.032 um_pwv,35.0,5.327 K,1.35755
20240808,222205.517433,223218.964323,613.44689,595.592 um_pwv,727.084 um_pwv,35.0,5.395 K,1.40218
20240808,223219.926467,224233.369424,613.442957,606.467 um_pwv,740.36 um_pwv,35.0,5.539 K,1.42788
20240808,224234.337492,225247.776437,613.438945,608.786 um_pwv,743.19 um_pwv,35.0,5.624 K,1.43336
20240808,225248.739966,225636.260931,227.520965,612.191 um_pwv,747.347 um_pwv,35.0,5.596 K,1.44141
20240809,010136.223625,011149.800215,613.57659,587.528 um_pwv,717.239 um_pwv,35.0,5.668 K,1.38312
20240809,011150.762623,012204.205989,613.443366,579.045 um_pwv,706.883 um_pwv,35.0,5.771 K,1.36307
20240809,012205.169318,013218.616101,613.446783,575.7 um_pwv,702.8 um_pwv,35.0,5.828 K,1.35517
20240809,013219.573607,014233.025291,613.451684,572.545 um_pwv,698.948 um_pwv,35.0,5.827 K,1.34771
20240809,014233.982166,015247.430259,613.448093,572.291 um_pwv,698.638 um_pwv,35.0,5.903 K,1.34711
20240809,015248.393246,015635.911876,227.51863,566.509 um_pwv,691.579 um_pwv,35.0,5.89 K,1.33344
20240809,020136.057467,021149.656075,613.598608,564.012 um_pwv,688.531 um_pwv,35.0,5.946 K,1.32754
20240809,021150.612376,022204.059225,613.446849,563.32 um_pwv,687.687 um_pwv,35.0,5.981 K,1.32591
20240809,022205.023797,023218.469491,613.445694,557.547 um_pwv,680.639 um_pwv,35.0,6.05 K,1.31226
20240809,023219.427031,024232.874073,613.447042,564.46 um_pwv,689.078 um_pwv,35.0,6.103 K,1.32860
20240809,024233.836480,025247.282612,613.446132,564.735 um_pwv,689.414 um_pwv,35.0,6.143 K,1.32925
20240809,025248.241302,025635.764855,227.523553,551.887 um_pwv,673.73 um_pwv,35.0,6.161 K,1.29889
20240809,030135.830503,031149.410230,613.579727,546.945 um_pwv,667.697 um_pwv,35.0,6.196 K,1.28721
20240809,031150.372101,032203.815891,613.44379,541.968 um_pwv,661.62 um_pwv,35.0,6.303 K,1.27544
20240809,032204.779799,033218.222771,613.442972,536.242 um_pwv,654.631 um_pwv,35.0,6.39 K,1.26191
20240809,033219.186048,034232.634246,613.448198,537.607 um_pwv,656.297 um_pwv,35.0,6.365 K,1.26514
20240809,034233.596985,035247.037353,613.440368,528.255 um_pwv,644.881 um_pwv,35.0,6.411 K,1.24304
20240809,035248.000668,035635.519044,227.518376,511.213 um_pwv,624.076 um_pwv,35.0,6.37 K,1.20276
20240809,050135.587575,051149.160532,613.572957,283.979 um_pwv,346.674 um_pwv,35.0,5.52 K,0.665677
20240809,051150.121915,052203.568878,613.446963,289.696 um_pwv,353.653 um_pwv,35.0,5.593 K,0.679190
20240809,052204.531000,053217.979050,613.44805,345.912 um_pwv,422.28 um_pwv,35.0,6.488 K,0.812063
20240809,053218.934738,054232.386303,613.451565,368.6 um_pwv,449.978 um_pwv,35.0,6.544 K,0.865689
20240809,054233.342658,055246.792793,613.450135,386.652 um_pwv,472.014 um_pwv,35.0,6.601 K,0.908355
20240809,055247.750319,055635.271923,227.521604,381.25 um_pwv,465.42 um_pwv,35.0,6.495 K,0.895587
20240809,060136.374618,061149.924673,613.550055,384.83 um_pwv,469.791 um_pwv,35.0,6.447 K,0.904049
20240809,061150.885672,062204.334577,613.448905,400.555 um_pwv,488.987 um_pwv,35.0,6.375 K,0.941216
20240809,062205.290199,063218.744723,613.454524,426.453 um_pwv,520.603 um_pwv,35.0,6.345 K,1.00243
20240809,063219.702321,064233.148983,613.446662,454.103 um_pwv,554.358 um_pwv,35.0,6.219 K,1.06778
20240809,064234.110882,065247.555980,613.445098,484.629 um_pwv,591.623 um_pwv,35.0,6.175 K,1.13993
20240809,065248.517832,065636.038954,227.521122,496.788 um_pwv,606.466 um_pwv,35.0,6.075 K,1.16866
20240809,070136.183391,071149.732647,613.549256,525.788 um_pwv,641.869 um_pwv,35.0,6.182 K,1.23720
20240809,071150.693599,072204.138838,613.445239,518.315 um_pwv,632.746 um_pwv,35.0,6.164 K,1.21954
20240809,072205.100895,073218.546215,613.44532,531.598 um_pwv,648.961 um_pwv,35.0,6.169 K,1.25094
20240809,073219.507762,074232.955396,613.447634,543.037 um_pwv,662.926 um_pwv,35.0,6.144 K,1.27797
20240809,074233.917165,075247.364085,613.44692,547.134 um_pwv,667.927 um_pwv,35.0,6.145 K,1.28765
20240809,075248.319867,075635.843363,227.523496,559.377 um_pwv,682.874 um_pwv,35.0,6.109 K,1.31659
20240809,090136.003927,091149.583810,613.579883,514.752 um_pwv,628.396 um_pwv,35.0,6.437 K,1.21112
20240809,091150.540174,092203.987725,613.447551,519.901 um_pwv,634.682 um_pwv,35.0,6.438 K,1.22329
20240809,092204.951915,093218.399087,613.447172,515.31 um_pwv,629.078 um_pwv,35.0,6.51 K,1.21244
20240809,093219.357187,094232.802640,613.445453,490.403 um_pwv,598.672 um_pwv,35.0,6.425 K,1.15357
20240809,094233.766555,095247.209762,613.443207,481.939 um_pwv,588.339 um_pwv,35.0,6.548 K,1.13357
20240809,095248.172793,095635.693485,227.520692,459.547 um_pwv,561.004 um_pwv,35.0,6.719 K,1.08065
20240809,100135.789228,101149.338730,613.549502,397.57 um_pwv,485.344 um_pwv,35.0,6.729 K,0.934162
20240809,101150.300540,102203.743818,613.443278,354.033 um_pwv,432.194 um_pwv,35.0,6.667 K,0.831258
20240809,102204.707134,103218.152515,613.445381,258.169 um_pwv,315.166 um_pwv,35.0,5.781 K,0.604672
20240809,103219.109807,104232.562015,613.452208,227.992 um_pwv,278.327 um_pwv,35.0,5.766 K,0.533343
20240809,104233.521661,105246.964869,613.443208,214.309 um_pwv,261.622 um_pwv,35.0,5.616 K,0.500999
20240809,105247.929247,105635.447974,227.518727,205.777 um_pwv,251.207 um_pwv,35.0,5.517 K,0.480832
20240809,110135.595693,111149.143840,613.548147,198.11 um_pwv,241.848 um_pwv,35.0,5.404 K,0.462711
20240809,111150.100460,112203.550332,613.449872,190.829 um_pwv,232.959 um_pwv,35.0,5.282 K,0.445500
20240809,112204.507595,113217.954700,613.447105,194.11 um_pwv,236.965 um_pwv,35.0,5.367 K,0.453256
20240809,113218.912854,114232.362920,613.450066,190.288 um_pwv,232.298 um_pwv,35.0,5.363 K,0.444220
20240809,114233.325683,115246.773021,613.447338,189.115 um_pwv,230.866 um_pwv,35.0,5.284 K,0.441447
20240809,115247.731540,115635.251220,227.51968,189.526 um_pwv,231.368 um_pwv,35.0,5.122 K,0.442419
20240809,130136.444258,131149.993841,613.549583,350.327 um_pwv,427.671 um_pwv,35.0,6.863 K,0.822500
20240809,131150.954555,132204.401775,613.44722,389.42 um_pwv,475.394 um_pwv,35.0,6.938 K,0.914898
20240809,132205.358001,133218.807279,613.449278,398.197 um_pwv,486.108 um_pwv,35.0,6.851 K,0.935643
20240809,133219.769632,134233.216429,613.446797,401.957 um_pwv,490.699 um_pwv,35.0,6.662 K,0.944530
20240809,134234.178288,135247.625140,613.446852,396.867 um_pwv,484.485 um_pwv,35.0,6.431 K,0.932499
20240809,135248.581484,135636.103649,227.522165,382.038 um_pwv,466.383 um_pwv,35.0,6.225 K,0.897451
20240809,140136.254945,141149.798479,613.543534,372.647 um_pwv,454.918 um_pwv,35.0,6.118 K,0.875254
20240809,141150.759153,142204.206299,613.447146,378.428 um_pwv,461.976 um_pwv,35.0,6.111 K,0.888919
20240809,142205.162141,143218.614584,613.452443,389.247 um_pwv,475.183 um_pwv,35.0,5.998 K,0.914490
20240809,143219.571033,144233.020576,613.449543,392.671 um_pwv,479.363 um_pwv,35.0,5.913 K,0.922583
20240809,144233.982584,145247.429702,613.447118,395.035 um_pwv,482.249 um_pwv,35.0,5.717 K,0.928170
20240809,145248.386318,145635.908872,227.522554,390.667 um_pwv,476.916 um_pwv,35.0,5.575 K,0.917846
20240809,150136.063512,151149.600866,613.537354,402.887 um_pwv,491.835 um_pwv,35.0,5.501 K,0.946730
20240809,151150.561866,152204.010499,613.448633,404.477 um_pwv,493.775 um_pwv,35.0,5.442 K,0.950486
20240809,152204.966524,153218.414893,613.448369,401.937 um_pwv,490.674 um_pwv,35.0,5.264 K,0.944483
20240809,153219.377675,154232.822761,613.445086,396.515 um_pwv,484.056 um_pwv,35.0,5.268 K,0.931669
20240809,154233.786445,155247.231175,613.44473,397.14 um_pwv,484.819 um_pwv,35.0,5.299 K,0.933145
20240809,155248.192978,155635.712394,227.519416,397.766 um_pwv,485.582 um_pwv,35.0,5.212 K,0.934624
20240809,170135.874622,171149.451861,613.577239,430.323 um_pwv,525.327 um_pwv,35.0,4.366 K,1.01157
20240809,171150.414266,172203.861513,613.447247,425.677 um_pwv,519.656 um_pwv,35.0,4.463 K,1.00059
20240809,172204.820274,173218.266004,613.44573,423.212 um_pwv,516.646 um_pwv,35.0,4.416 K,0.994767
20240809,173219.228938,174232.674823,613.445885,419.871 um_pwv,512.568 um_pwv,35.0,4.331 K,0.986872
20240809,174233.632385,175247.085282,613.452897,418.86 um_pwv,511.334 um_pwv,35.0,4.332 K,0.984481
20240809,175248.044088,175635.563536,227.519448,409.161 um_pwv,499.494 um_pwv,35.0,4.108 K,0.961558
20240809,180135.621544,181149.162949,613.541405,416.27 um_pwv,508.172 um_pwv,35.0,4.153 K,0.978361
20240809,181150.119870,182203.568726,613.448856,418.736 um_pwv,511.183 um_pwv,35.0,4.236 K,0.984189
20240809,182204.531511,183217.976459,613.444948,413.778 um_pwv,505.13 um_pwv,35.0,4.331 K,0.972471
20240809,183218.933434,184232.381647,613.448213,403.88 um_pwv,493.046 um_pwv,35.0,4.43 K,0.949075
20240809,184233.344987,185246.792529,613.447542,393.89 um_pwv,480.851 um_pwv,35.0,4.441 K,0.925464
20240809,185247.750074,185635.272404,227.52233,393.135 um_pwv,479.929 um_pwv,35.0,4.434 K,0.923679
20240809,190136.423904,191150.981559,614.557655,393.406 um_pwv,480.26 um_pwv,35.0,4.357 K,0.924320
20240809,191151.939901,192205.388767,613.448866,391.302 um_pwv,477.691 um_pwv,35.0,4.354 K,0.919346
20240809,192206.347523,193219.794852,613.447329,393.367 um_pwv,480.213 um_pwv,35.0,4.337 K,0.924228
20240809,193220.758188,194234.202478,613.44429,392.787 um_pwv,479.504 um_pwv,35.0,4.335 K,0.922857
20240809,194235.165241,195248.612217,613.446976,387.489 um_pwv,473.037 um_pwv,35.0,4.325 K,0.910336
20240809,195249.570376,195636.134772,226.564396,385.929 um_pwv,471.133 um_pwv,35.0,4.346 K,0.906648
20240809,210136.273668,211149.823347,613.549679,393.251 um_pwv,480.071 um_pwv,35.0,4.223 K,0.923954
20240809,211150.784330,212204.228507,613.444177,388.024 um_pwv,473.689 um_pwv,35.0,4.203 K,0.911598
20240809,212205.190918,213218.639306,613.448388,380.8 um_pwv,464.871 um_pwv,35.0,4.199 K,0.894524
20240809,213219.594955,214233.045035,613.45008,375.628 um_pwv,458.557 um_pwv,35.0,4.194 K,0.882300
20240809,214234.007282,215247.454449,613.447167,369.399 um_pwv,450.953 um_pwv,35.0,4.202 K,0.867577
20240809,215248.410105,215635.932982,227.522877,363.81 um_pwv,444.13 um_pwv,35.0,4.181 K,0.854367
20240809,220136.077984,221149.626608,613.548624,368.927 um_pwv,450.376 um_pwv,35.0,4.161 K,0.866461
20240809,221150.587803,222204.034619,613.446816,377.963 um_pwv,461.408 um_pwv,35.0,4.062 K,0.887820
20240809,222204.996511,223218.444502,613.447991,385.74 um_pwv,470.901 um_pwv,35.0,3.865 K,0.906200
20240809,223219.400227,224232.850897,613.45067,394.084 um_pwv,481.088 um_pwv,35.0,3.891 K,0.925922
20240809,224233.807806,225247.259693,613.451887,401.147 um_pwv,489.71 um_pwv,35.0,3.69 K,0.942615
20240809,225248.215695,225635.739238,227.523543,409.081 um_pwv,499.395 um_pwv,35.0,3.558 K,0.961368
20240810,010135.754167,011149.331934,613.577767,500.62 um_pwv,611.145 um_pwv,35.0,3.385 K,1.17772
20240810,011150.288304,012203.739193,613.450889,501.472 um_pwv,612.184 um_pwv,35.0,3.44 K,1.17973
20240810,012204.696650,013218.146821,613.450171,497.768 um_pwv,607.662 um_pwv,35.0,3.553 K,1.17098
20240810,013219.103752,014232.551502,613.44775,493.325 um_pwv,602.238 um_pwv,35.0,3.613 K,1.16048
20240810,014233.514766,015246.961579,613.446813,489.066 um_pwv,597.039 um_pwv,35.0,3.647 K,1.15041
20240810,015247.919191,015635.439694,227.520503,484.987 um_pwv,592.06 um_pwv,35.0,3.621 K,1.14077
20240810,020136.591242,021150.143794,613.552552,478.439 um_pwv,584.066 um_pwv,35.0,3.765 K,1.12530
20240810,021151.100210,022204.546493,613.446283,475.725 um_pwv,580.753 um_pwv,35.0,3.76 K,1.11888
20240810,022205.510410,023218.959743,613.449333,480.068 um_pwv,586.054 um_pwv,35.0,3.704 K,1.12915
20240810,023219.917392,024233.363905,613.446513,488.344 um_pwv,596.158 um_pwv,35.0,3.684 K,1.14871
20240810,024234.322467,025247.774882,613.452415,506.226 um_pwv,617.987 um_pwv,35.0,3.591 K,1.19097
20240810,025248.733059,025636.253132,227.520073,518.494 um_pwv,632.964 um_pwv,35.0,3.464 K,1.21997
20240810,030136.397008,031149.948609,613.551601,553.917 um_pwv,676.208 um_pwv,35.0,3.476 K,1.30369
20240810,031150.906237,032204.353246,613.447009,566.526 um_pwv,691.6 um_pwv,35.0,3.377 K,1.33348
20240810,032205.315843,033218.762011,613.446168,571.783 um_pwv,698.018 um_pwv,35.0,3.389 K,1.34591
20240810,033219.720729,034233.169017,613.448288,578.531 um_pwv,706.256 um_pwv,35.0,3.49 K,1.36186
20240810,034234.127070,035247.576600,613.44953,588.949 um_pwv,718.974 um_pwv,35.0,3.589 K,1.38648
20240810,035248.539244,035636.057326,227.518082,601.331 um_pwv,734.09 um_pwv,35.0,3.597 K,1.41574
20240810,050136.195942,051149.743422,613.54748,619.999 um_pwv,756.879 um_pwv,35.0,3.634 K,1.45986
20240810,051150.705569,052204.154477,613.448908,614.323 um_pwv,749.95 um_pwv,35.0,3.693 K,1.44645
20240810,052205.111447,053218.559814,613.448367,615.566 um_pwv,751.468 um_pwv,35.0,3.644 K,1.44939
20240810,053219.521863,054232.969441,613.447578,617.314 um_pwv,753.601 um_pwv,35.0,3.598 K,1.45352
20240810,054233.925478,055247.374696,613.449218,602.459 um_pwv,735.466 um_pwv,35.0,3.7 K,1.41841
20240810,055248.336582,055635.855592,227.51901,593.789 um_pwv,724.882 um_pwv,35.0,3.696 K,1.39792
20240810,060136.001078,061149.547865,613.546787,588.731 um_pwv,718.708 um_pwv,35.0,3.824 K,1.38596
20240810,061150.510957,062203.957024,613.446067,596.871 um_pwv,728.645 um_pwv,35.0,3.813 K,1.40520
20240810,062204.918541,063218.364002,613.445461,605.097 um_pwv,738.687 um_pwv,35.0,3.786 K,1.42464
20240810,063219.325378,064232.770302,613.444924,610.021 um_pwv,744.699 um_pwv,35.0,3.762 K,1.43628
20240810,064233.733968,065247.177632,613.443664,603.767 um_pwv,737.064 um_pwv,35.0,3.81 K,1.42150
20240810,065248.139452,065635.660833,227.521381,594.301 um_pwv,725.508 um_pwv,35.0,3.762 K,1.39913
20240810,070135.804237,071149.354789,613.550552,588.234 um_pwv,718.102 um_pwv,35.0,3.805 K,1.38479
20240810,071150.311534,072203.760636,613.449102,582.466 um_pwv,711.06 um_pwv,35.0,3.838 K,1.37116
20240810,072204.723396,073218.167973,613.444577,569.825 um_pwv,695.627 um_pwv,35.0,3.906 K,1.34128
20240810,073219.130378,074232.575345,613.444967,557.959 um_pwv,681.142 um_pwv,35.0,3.965 K,1.31324
20240810,074233.537411,075246.981225,613.443814,561.449 um_pwv,685.403 um_pwv,35.0,4.003 K,1.32149
20240810,075247.944901,075635.463816,227.518915,566.956 um_pwv,692.125 um_pwv,35.0,3.99 K,1.33450
20240810,090135.624010,091149.198045,613.574035,649.973 um_pwv,793.47 um_pwv,35.0,4.106 K,1.53070
20240810,091150.161044,092203.606759,613.445715,649.769 um_pwv,793.222 um_pwv,35.0,4.125 K,1.53022
20240810,092204.570041,093218.013127,613.443086,662.035 um_pwv,808.196 um_pwv,35.0,4.077 K,1.55921
20240810,093218.977018,094232.423798,613.44678,673.343 um_pwv,822 um_pwv,35.0,4.062 K,1.58593
20240810,094233.380745,095246.831633,613.450888,678.461 um_pwv,828.247 um_pwv,35.0,4.073 K,1.59803
20240810,095247.790071,095635.311355,227.521284,674.723 um_pwv,823.684 um_pwv,35.0,4.065 K,1.58919
20240810,100136.414336,101149.963465,613.549129,709.193 um_pwv,865.765 um_pwv,35.0,3.971 K,1.67066
20240810,101150.925714,102204.371946,613.446232,736.546 um_pwv,899.156 um_pwv,35.0,3.872 K,1.73530
20240810,102205.329952,103218.778876,613.448924,751.351 um_pwv,917.23 um_pwv,35.0,3.786 K,1.77029
20240810,103219.738128,104233.185965,613.447837,766.461 um_pwv,935.676 um_pwv,35.0,3.714 K,1.80600
20240810,104234.143498,105247.591620,613.448122,771.261 um_pwv,941.536 um_pwv,35.0,3.699 K,1.81734
20240810,105248.553967,105636.072959,227.518992,774.492 um_pwv,945.48 um_pwv,35.0,3.675 K,1.82497
20240810,110136.215508,111149.763802,613.548294,783.99 um_pwv,957.076 um_pwv,35.0,3.663 K,1.84742
20240810,111150.727468,112204.175696,613.448228,782.012 um_pwv,954.66 um_pwv,35.0,3.686 K,1.84274
20240810,112205.133742,113218.579337,613.445595,773.193 um_pwv,943.894 um_pwv,35.0,3.845 K,1.82190
20240810,113219.542935,114232.990536,613.447601,770.869 um_pwv,941.057 um_pwv,35.0,3.912 K,1.81641
20240810,114233.948065,115247.395396,613.447331,781.557 um_pwv,954.104 um_pwv,35.0,3.799 K,1.84167
20240810,115248.352941,115635.876490,227.523549,780.604 um_pwv,952.942 um_pwv,35.0,3.742 K,1.83942
20240810,130136.062301,131149.611142,613.548841,816.02 um_pwv,996.176 um_pwv,35.0,3.55 K,1.92311
20240810,131150.572987,132204.017466,613.444479,833.39 um_pwv,1017.38 um_pwv,35.0,3.486 K,1.96416
20240810,132204.980747,133218.428237,613.44749,833.966 um_pwv,1018.08 um_pwv,35.0,3.433 K,1.96552
20240810,133219.384302,134232.834939,613.450637,843.634 um_pwv,1029.89 um_pwv,35.0,3.328 K,1.98837
20240810,134233.796830,135247.240426,613.443596,867.207 um_pwv,1058.66 um_pwv,35.0,3.237 K,2.04408
20240810,135248.202913,135635.722804,227.519891,873.977 um_pwv,1066.93 um_pwv,35.0,3.247 K,2.06007
20240810,140135.867352,141149.415670,613.548318,881.843 um_pwv,1076.53 um_pwv,35.0,3.403 K,2.07866
20240810,141150.376905,142203.825900,613.448995,889.276 um_pwv,1085.61 um_pwv,35.0,3.611 K,2.09623
20240810,142204.783140,143218.228650,613.44551,901.321 um_pwv,1100.31 um_pwv,35.0,3.805 K,2.12469
20240810,143219.190482,144232.636951,613.446469,913.947 um_pwv,1115.72 um_pwv,35.0,3.65 K,2.15453
20240810,144233.600540,145247.045140,613.4446,923.405 um_pwv,1127.27 um_pwv,35.0,3.295 K,2.17688
20240810,145248.008174,145635.527421,227.519247,927.437 um_pwv,1132.19 um_pwv,35.0,3.238 K,2.18641
20240810,150135.670600,151149.219851,613.549251,964.653 um_pwv,1177.62 um_pwv,35.0,2.914 K,2.27435
20240810,151150.182107,152203.630479,613.448372,1005.18 um_pwv,1227.1 um_pwv,35.0,2.775 K,2.37011
20240810,152204.586159,153218.032735,613.446576,1013.56 um_pwv,1237.33 um_pwv,35.0,2.831 K,2.38993
20240810,153218.995820,154232.443986,613.448166,1028.25 um_pwv,1255.26 um_pwv,35.0,2.898 K,2.42463
20240810,154233.400380,155246.852620,613.45224,1034.64 um_pwv,1263.07 um_pwv,35.0,2.869 K,2.43974
20240810,155247.808590,155635.333456,227.524866,1034.46 um_pwv,1262.85 um_pwv,35.0,2.572 K,2.43932
20240810,170136.528522,171150.079195,613.550673,944.526 um_pwv,1153.05 um_pwv,35.0,3.898 K,2.22679
20240810,171151.036139,172204.486456,613.450317,937.255 um_pwv,1144.18 um_pwv,35.0,3.508 K,2.20961
20240810,172205.446302,173218.891122,613.44482,922.789 um_pwv,1126.52 um_pwv,35.0,3.503 K,2.17542
20240810,173219.854474,174233.301727,613.447253,911.019 um_pwv,1112.15 um_pwv,35.0,3.646 K,2.14761
20240810,174234.259590,175247.710565,613.450975,910.288 um_pwv,1111.26 um_pwv,35.0,3.833 K,2.14588
20240810,175248.669000,175636.189313,227.520313,905.693 um_pwv,1105.65 um_pwv,35.0,3.9 K,2.13502
20240810,180136.335009,181149.884050,613.549041,913.744 um_pwv,1115.48 um_pwv,35.0,3.786 K,2.15405
20240810,181150.840153,182204.288656,613.448503,901.466 um_pwv,1100.49 um_pwv,35.0,3.767 K,2.12503
20240810,182205.251675,183218.699918,613.448243,904.162 um_pwv,1103.78 um_pwv,35.0,3.614 K,2.13141
20240810,183219.659617,184233.107074,613.447457,892.079 um_pwv,1089.03 um_pwv,35.0,3.578 K,2.10285
20240810,184234.064628,185247.513710,613.449082,907.259 um_pwv,1107.56 um_pwv,35.0,3.331 K,2.13873
20240810,185248.470777,185635.994228,227.523451,910.715 um_pwv,1111.78 um_pwv,35.0,3.174 K,2.14689
20240810,190136.138192,191149.686265,613.548073,916.15 um_pwv,1118.41 um_pwv,35.0,3.092 K,2.15973
20240810,191150.648691,192204.092886,613.444195,914.771 um_pwv,1116.73 um_pwv,35.0,3.106 K,2.15648
20240810,192205.056785,193218.503894,613.447109,913.564 um_pwv,1115.26 um_pwv,35.0,3.159 K,2.15362
20240810,193219.462632,194232.908813,613.446181,902.557 um_pwv,1101.82 um_pwv,35.0,3.394 K,2.12761
20240810,194233.867369,195247.319236,613.451867,906.118 um_pwv,1106.17 um_pwv,35.0,3.553 K,2.13603
20240810,195248.278259,195635.799209,227.52095,897.026 um_pwv,1095.07 um_pwv,35.0,3.694 K,2.11454
20240810,210135.945524,211149.484761,613.539237,814.64 um_pwv,994.492 um_pwv,35.0,4.52 K,1.91985
20240810,211150.446355,212203.891780,613.445425,800.601 um_pwv,977.353 um_pwv,35.0,4.601 K,1.88667
20240810,212204.853567,213218.308776,613.455209,794.664 um_pwv,970.106 um_pwv,35.0,4.695 K,1.87265
20240810,213219.258984,214232.709120,613.450136,798.99 um_pwv,975.387 um_pwv,35.0,4.702 K,1.88287
20240810,214233.670666,215247.116016,613.44535,801.063 um_pwv,977.918 um_pwv,35.0,4.669 K,1.88777
20240810,215248.077805,215635.597733,227.519928,796.549 um_pwv,972.407 um_pwv,35.0,4.653 K,1.87710
20240810,220135.739709,221149.287694,613.547985,802.785 um_pwv,980.02 um_pwv,35.0,4.703 K,1.89184
20240810,221150.248550,222203.696756,613.448206,795.057 um_pwv,970.585 um_pwv,35.0,4.899 K,1.87357
20240810,222204.659434,223218.102569,613.443135,784.021 um_pwv,957.113 um_pwv,35.0,5.127 K,1.84749
20240810,223219.064374,224232.511553,613.447179,785.85 um_pwv,959.345 um_pwv,35.0,5.211 K,1.85182
20240810,224233.474246,225246.921794,613.447548,783.43 um_pwv,956.391 um_pwv,35.0,5.285 K,1.84610
20240810,225247.877846,225635.399982,227.522136,779.315 um_pwv,951.368 um_pwv,35.0,5.255 K,1.83637
20240811,010136.450641,011149.995903,613.545262,701.053 um_pwv,855.827 um_pwv,35.0,5.458 K,1.65142
20240811,011150.958352,012204.406954,613.448602,698.016 um_pwv,852.12 um_pwv,35.0,5.461 K,1.64424
20240811,012205.364541,013218.814479,613.449938,695.249 um_pwv,848.742 um_pwv,35.0,5.411 K,1.63770
20240811,013219.772624,014233.217850,613.445226,692.972 um_pwv,845.962 um_pwv,35.0,5.38 K,1.63232
20240811,014234.181714,015247.625258,613.443544,688.072 um_pwv,839.981 um_pwv,35.0,5.421 K,1.62074
20240811,015248.589126,015636.109685,227.520559,685.137 um_pwv,836.398 um_pwv,35.0,5.381 K,1.61380
20240811,020136.252617,021149.800730,613.548113,681.799 um_pwv,832.323 um_pwv,35.0,5.376 K,1.60592
20240811,021150.763458,022204.207092,613.443634,686.315 um_pwv,837.836 um_pwv,35.0,5.419 K,1.61659
20240811,022205.170976,023218.618762,613.447786,686.535 um_pwv,838.105 um_pwv,35.0,5.429 K,1.61711
20240811,023219.576931,024233.025987,613.449056,681.715 um_pwv,832.22 um_pwv,35.0,5.481 K,1.60572
20240811,024233.983802,025247.431493,613.447691,679.801 um_pwv,829.883 um_pwv,35.0,5.539 K,1.60119
20240811,025248.389613,025635.911987,227.522374,669.666 um_pwv,817.511 um_pwv,35.0,5.509 K,1.57724
20240811,030136.059764,031149.604943,613.545179,669.05 um_pwv,816.759 um_pwv,35.0,5.604 K,1.57579
20240811,031150.567981,032204.011456,613.443475,659.651 um_pwv,805.285 um_pwv,35.0,5.728 K,1.55357
20240811,032204.970758,033218.422809,613.452051,652.805 um_pwv,796.928 um_pwv,35.0,5.792 K,1.53739
20240811,033219.382772,034232.830564,613.447792,645.357 um_pwv,787.836 um_pwv,35.0,5.781 K,1.51979
20240811,034233.789272,035247.233979,613.444707,636.088 um_pwv,776.52 um_pwv,35.0,5.805 K,1.49789
20240811,035248.197662,035635.717811,227.520149,631.918 um_pwv,771.429 um_pwv,35.0,5.829 K,1.48803
20240811,050135.878876,051149.450522,613.571646,635.884 um_pwv,776.271 um_pwv,35.0,5.839 K,1.49740
20240811,051150.411808,052203.856998,613.44519,640.021 um_pwv,781.321 um_pwv,35.0,5.805 K,1.50718
20240811,052204.820888,053218.268458,613.44757,646.345 um_pwv,789.041 um_pwv,35.0,5.773 K,1.52213
20240811,053219.224227,054232.672640,613.448413,642.71 um_pwv,784.604 um_pwv,35.0,5.72 K,1.51354
20240811,054233.635977,055247.079457,613.44348,652.671 um_pwv,796.765 um_pwv,35.0,5.578 K,1.53708
20240811,055248.042192,055635.562741,227.520549,658.01 um_pwv,803.281 um_pwv,35.0,5.418 K,1.54969
20240811,060135.656810,061149.208953,613.552143,659.428 um_pwv,805.013 um_pwv,35.0,5.378 K,1.55305
20240811,061150.164506,062203.616515,613.452009,656.615 um_pwv,801.579 um_pwv,35.0,5.365 K,1.54640
20240811,062204.572492,063218.018642,613.44615,659.146 um_pwv,804.669 um_pwv,35.0,5.366 K,1.55238
20240811,063218.980919,064232.429674,613.448755,660.404 um_pwv,806.205 um_pwv,35.0,5.266 K,1.55535
20240811,064233.391316,065246.838522,613.447206,663.338 um_pwv,809.786 um_pwv,35.0,5.276 K,1.56229
20240811,065247.794580,065635.316973,227.522393,659.369 um_pwv,804.941 um_pwv,35.0,5.265 K,1.55291
20240811,070136.467015,071150.015786,613.548771,657.053 um_pwv,802.113 um_pwv,35.0,5.388 K,1.54743
20240811,071150.977954,072204.427485,613.449531,654.837 um_pwv,799.408 um_pwv,35.0,5.439 K,1.54220
20240811,072205.385368,073218.831500,613.446132,654.67 um_pwv,799.205 um_pwv,35.0,5.406 K,1.54180
20240811,073219.793869,074233.240097,613.446228,645.649 um_pwv,788.191 um_pwv,35.0,5.41 K,1.52048
20240811,074234.207768,075247.647480,613.439712,633.817 um_pwv,773.748 um_pwv,35.0,5.523 K,1.49252
20240811,075248.609227,075636.126707,227.51748,631.026 um_pwv,770.341 um_pwv,35.0,5.506 K,1.48592
20240811,090136.313029,091149.865851,613.552822,588.862 um_pwv,718.867 um_pwv,35.0,5.375 K,1.38627
20240811,091150.822216,092204.272167,613.449951,556.314 um_pwv,679.134 um_pwv,35.0,5.36 K,1.30935
20240811,092205.230778,093218.675815,613.445037,533.869 um_pwv,651.734 um_pwv,35.0,5.391 K,1.25630
20240811,093219.640023,094233.082779,613.442756,533.317 um_pwv,651.059 um_pwv,35.0,5.408 K,1.25500
20240811,094234.045772,095247.493462,613.44769,567.417 um_pwv,692.688 um_pwv,35.0,5.528 K,1.33559
20240811,095248.450969,095635.973620,227.522651,583.731 um_pwv,712.604 um_pwv,35.0,5.54 K,1.37415
20240811,100136.069111,101149.616258,613.547147,595.225 um_pwv,726.636 um_pwv,35.0,5.643 K,1.40131
20240811,101150.578943,102204.027056,613.448113,583.584 um_pwv,712.424 um_pwv,35.0,5.646 K,1.37380
20240811,102204.985172,103218.433510,613.448338,573.629 um_pwv,700.272 um_pwv,35.0,5.642 K,1.35027
20240811,103219.392131,104232.838068,613.445937,559.157 um_pwv,682.604 um_pwv,35.0,5.557 K,1.31607
20240811,104233.801023,105247.245445,613.444422,545.545 um_pwv,665.988 um_pwv,35.0,5.559 K,1.28390
20240811,105248.208896,105635.727807,227.518911,546.46 um_pwv,667.105 um_pwv,35.0,5.49 K,1.28606
20240811,110135.871743,111149.418956,613.547213,551.86 um_pwv,673.697 um_pwv,35.0,5.566 K,1.29882
20240811,111150.381350,112203.828027,613.446677,549.065 um_pwv,670.285 um_pwv,35.0,5.591 K,1.29222
20240811,112204.791340,113218.233654,613.442314,549.361 um_pwv,670.645 um_pwv,35.0,5.574 K,1.29292
20240811,113219.198127,114232.642782,613.444655,546.474 um_pwv,667.121 um_pwv,35.0,5.593 K,1.28609
20240811,114233.601786,115247.050843,613.449057,524.133 um_pwv,639.848 um_pwv,35.0,5.542 K,1.23329
20240811,115248.008063,115635.531851,227.523788,507.637 um_pwv,619.71 um_pwv,35.0,5.5 K,1.19430
20240811,130135.715857,131149.266188,613.550331,425.887 um_pwv,519.912 um_pwv,35.0,5.49 K,1.00109
20240811,131150.221383,132203.672310,613.450927,426.034 um_pwv,520.091 um_pwv,35.0,5.549 K,1.00144
20240811,132204.628894,133218.079592,613.450698,427.736 um_pwv,522.169 um_pwv,35.0,5.583 K,1.00546
20240811,133219.035599,134232.487430,613.451831,433.523 um_pwv,529.234 um_pwv,35.0,5.61 K,1.01914
20240811,134233.445074,135246.892924,613.44785,435.491 um_pwv,531.636 um_pwv,35.0,5.694 K,1.02379
20240811,135247.850082,135635.372977,227.522895,434.185 um_pwv,530.042 um_pwv,35.0,5.718 K,1.02070
20240811,140136.523824,141150.070079,613.546255,431.076 um_pwv,526.246 um_pwv,35.0,5.804 K,1.01335
20240811,141151.031218,142204.480969,613.449751,432.404 um_pwv,527.868 um_pwv,35.0,5.88 K,1.01649
20240811,142205.442551,143218.885235,613.442684,431.5 um_pwv,526.764 um_pwv,35.0,5.9 K,1.01436
20240811,143219.847491,144233.296412,613.448921,433.139 um_pwv,528.765 um_pwv,35.0,5.848 K,1.01823
20240811,144234.253440,145247.702734,613.449294,429.72 um_pwv,524.591 um_pwv,35.0,5.873 K,1.01015
20240811,145248.659397,145636.180117,227.52072,424.046 um_pwv,517.665 um_pwv,35.0,5.782 K,0.996739
20240811,150136.323489,151149.870722,613.547233,424.924 um_pwv,518.736 um_pwv,35.0,5.824 K,0.998813
20240811,151150.832539,152204.282317,613.449778,425.971 um_pwv,520.014 um_pwv,35.0,5.814 K,1.00129
20240811,152205.238663,153218.686369,613.447706,428.874 um_pwv,523.559 um_pwv,35.0,5.78 K,1.00815
20240811,153219.649343,154233.096596,613.447253,436.65 um_pwv,533.051 um_pwv,35.0,5.795 K,1.02653
20240811,154234.053010,155247.502986,613.449976,442.025 um_pwv,539.613 um_pwv,35.0,5.788 K,1.03923
20240811,155248.460855,155635.982201,227.521346,445.861 um_pwv,544.296 um_pwv,35.0,5.781 K,1.04830
20240811,170136.144572,171149.717771,613.573199,455.963 um_pwv,556.628 um_pwv,35.0,5.717 K,1.07218
20240811,171150.679917,172204.125902,613.445985,454.551 um_pwv,554.904 um_pwv,35.0,5.734 K,1.06884
20240811,172205.085351,173218.533094,613.447743,450.717 um_pwv,550.224 um_pwv,35.0,5.722 K,1.05978
20240811,173219.496740,174232.945174,613.448434,446.531 um_pwv,545.114 um_pwv,35.0,5.745 K,1.04988
20240811,174233.903684,175247.352084,613.4484,445.905 um_pwv,544.35 um_pwv,35.0,5.753 K,1.04840
20240811,175248.309899,175635.830288,227.520389,445.083 um_pwv,543.345 um_pwv,35.0,5.654 K,1.04646
20240811,180135.939995,181149.476395,613.5364,451.028 um_pwv,550.604 um_pwv,35.0,5.714 K,1.06051
20240811,181150.438545,182203.885080,613.446535,455.155 um_pwv,555.642 um_pwv,35.0,5.647 K,1.07027
20240811,182204.842904,183218.291213,613.448309,458.756 um_pwv,560.037 um_pwv,35.0,5.616 K,1.07878
20240811,183219.253946,184232.699904,613.445958,455.38 um_pwv,555.916 um_pwv,35.0,5.552 K,1.07080
20240811,184233.657434,185247.106534,613.4491,450.174 um_pwv,549.561 um_pwv,35.0,5.511 K,1.05849
20240811,185248.063808,185635.586582,227.522774,447.004 um_pwv,545.691 um_pwv,35.0,5.472 K,1.05100
20240811,190135.739087,191149.282886,613.543799,448.658 um_pwv,547.71 um_pwv,35.0,5.468 K,1.05491
20240811,191150.239623,192203.688160,613.448537,451.995 um_pwv,551.784 um_pwv,35.0,5.466 K,1.06280
20240811,192204.650812,193218.095112,613.4443,450.107 um_pwv,549.48 um_pwv,35.0,5.466 K,1.05833
20240811,193219.053290,194232.500392,613.447102,457.763 um_pwv,558.825 um_pwv,35.0,5.51 K,1.07643
20240811,194233.464004,195246.909150,613.445146,464.164 um_pwv,566.64 um_pwv,35.0,5.44 K,1.09156
20240811,195247.872377,195635.390535,227.518158,464.805 um_pwv,567.422 um_pwv,35.0,5.358 K,1.09307
20240811,210136.514430,211150.087370,613.57294,471.339 um_pwv,575.399 um_pwv,35.0,5.076 K,1.10852
20240811,211151.049142,212204.494933,613.445791,471.445 um_pwv,575.527 um_pwv,35.0,5.044 K,1.10877
20240811,212205.457331,213218.902317,613.444986,471.398 um_pwv,575.471 um_pwv,35.0,5.057 K,1.10866
20240811,213219.864717,214233.311333,613.446616,465.928 um_pwv,568.793 um_pwv,35.0,4.975 K,1.09573
20240811,214234.267464,215247.719054,613.45159,464.404 um_pwv,566.933 um_pwv,35.0,4.905 K,1.09213
20240811,215248.674788,215636.198356,227.523568,462.408 um_pwv,564.495 um_pwv,35.0,4.821 K,1.08741
20240811,220136.305970,221149.842895,613.536925,458.914 um_pwv,560.231 um_pwv,35.0,4.771 K,1.07915
20240811,221150.803895,222204.250555,613.44666,456.783 um_pwv,557.63 um_pwv,35.0,4.722 K,1.07411
20240811,222205.212946,223218.661908,613.448962,457.132 um_pwv,558.055 um_pwv,35.0,4.656 K,1.07494
20240811,223219.617931,224233.067991,613.45006,455.783 um_pwv,556.409 um_pwv,35.0,4.545 K,1.07175
20240811,224234.024600,225247.476940,613.45234,452.229 um_pwv,552.07 um_pwv,35.0,4.471 K,1.06335
20240811,225248.434510,225635.955684,227.521174,446.905 um_pwv,545.57 um_pwv,35.0,4.453 K,1.05077
20240812,010136.186332,011149.782352,613.59602,417.522 um_pwv,509.7 um_pwv,35.0,3.966 K,0.981319
20240812,011150.744147,012204.189817,613.44567,415.656 um_pwv,507.423 um_pwv,35.0,3.869 K,0.976909
20240812,012205.148429,013218.598364,613.449935,415.288 um_pwv,506.973 um_pwv,35.0,3.852 K,0.976039
20240812,013219.555883,014233.004735,613.448852,413.697 um_pwv,505.031 um_pwv,35.0,3.902 K,0.972278
20240812,014233.967573,015247.414087,613.446514,405.633 um_pwv,495.186 um_pwv,35.0,3.824 K,0.953218
20240812,015248.371693,015635.895022,227.523329,403.165 um_pwv,492.174 um_pwv,35.0,3.745 K,0.947386
20240812,020135.998460,021149.537646,613.539186,400.653 um_pwv,489.108 um_pwv,35.0,3.779 K,0.941449
20240812,021150.500351,022203.947195,613.446844,394.724 um_pwv,481.87 um_pwv,35.0,3.765 K,0.927436
20240812,022204.905606,023218.350139,613.444533,394.394 um_pwv,481.467 um_pwv,35.0,3.745 K,0.926656
20240812,023219.313716,024232.760663,613.446947,391.861 um_pwv,478.373 um_pwv,35.0,3.704 K,0.920667
20240812,024233.717470,025247.166451,613.448981,388.788 um_pwv,474.622 um_pwv,35.0,3.725 K,0.913405
20240812,025248.129139,025635.647506,227.518367,384.906 um_pwv,469.883 um_pwv,35.0,3.703 K,0.904228
20240812,030135.791583,031149.343608,613.552025,385.626 um_pwv,470.762 um_pwv,35.0,3.761 K,0.905931
20240812,031150.301786,032203.749853,613.448067,389.381 um_pwv,475.347 um_pwv,35.0,3.807 K,0.914807
20240812,032204.706714,033218.152906,613.446192,385.133 um_pwv,470.16 um_pwv,35.0,3.781 K,0.904766
20240812,033219.115988,034232.560497,613.444509,384.868 um_pwv,469.837 um_pwv,35.0,3.754 K,0.904139
20240812,034233.524990,035246.968449,613.443459,388.979 um_pwv,474.856 um_pwv,35.0,3.861 K,0.913857
20240812,035247.931737,035635.450432,227.518695,389.477 um_pwv,475.464 um_pwv,35.0,3.784 K,0.915034
20240812,050135.635914,051149.186766,613.550852,398.863 um_pwv,486.922 um_pwv,35.0,3.695 K,0.937219
20240812,051150.142547,052203.593040,613.450493,403.245 um_pwv,492.271 um_pwv,35.0,3.727 K,0.947573
20240812,052204.550228,053218.000938,613.45071,404.079 um_pwv,493.289 um_pwv,35.0,3.659 K,0.949545
20240812,053218.956656,054232.404544,613.447888,399.492 um_pwv,487.69 um_pwv,35.0,3.53 K,0.938704
20240812,054233.366693,055246.811796,613.445103,404.238 um_pwv,493.483 um_pwv,35.0,3.483 K,0.949921
20240812,055247.773860,055635.294469,227.520609,410.129 um_pwv,500.675 um_pwv,35.0,3.523 K,0.963845
20240812,060136.447218,061149.992103,613.544885,425.573 um_pwv,519.528 um_pwv,35.0,3.635 K,1.00035
20240812,061150.954003,062204.404190,613.450187,438.503 um_pwv,535.313 um_pwv,35.0,3.806 K,1.03091
20240812,062205.361383,063218.806155,613.444772,443.431 um_pwv,541.329 um_pwv,35.0,3.896 K,1.04256
20240812,063219.768289,064233.219205,613.450916,451.761 um_pwv,551.499 um_pwv,35.0,3.984 K,1.06224
20240812,064234.175820,065247.622125,613.446305,460.215 um_pwv,561.818 um_pwv,35.0,3.909 K,1.08222
20240812,065248.585107,065636.104001,227.518894,465.091 um_pwv,567.771 um_pwv,35.0,3.831 K,1.09375
20240812,070136.296937,071149.844874,613.547937,468.69 um_pwv,572.164 um_pwv,35.0,3.909 K,1.10225
20240812,071150.806153,072204.250992,613.444839,465.171 um_pwv,567.869 um_pwv,35.0,3.916 K,1.09394
20240812,072205.213435,073218.659158,613.445723,461.475 um_pwv,563.357 um_pwv,35.0,3.876 K,1.08520
20240812,073219.620628,074233.068181,613.447553,458.937 um_pwv,560.258 um_pwv,35.0,3.86 K,1.07920
20240812,074234.024261,075247.476294,613.452033,457.583 um_pwv,558.605 um_pwv,35.0,3.905 K,1.07600
20240812,075248.433151,075635.954660,227.521509,454.383 um_pwv,554.699 um_pwv,35.0,3.813 K,1.06844
20240812,090136.144624,091149.696613,613.551989,438.611 um_pwv,535.445 um_pwv,35.0,3.867 K,1.03116
20240812,091150.652685,092204.102102,613.449417,432.074 um_pwv,527.465 um_pwv,35.0,3.919 K,1.01571
20240812,092205.064735,093218.507697,613.442962,429.72 um_pwv,524.591 um_pwv,35.0,3.979 K,1.01015
20240812,093219.470694,094232.918662,613.447968,426.558 um_pwv,520.731 um_pwv,35.0,4.065 K,1.00268
20240812,094233.875596,095247.328415,613.452819,421.092 um_pwv,514.059 um_pwv,35.0,4.075 K,0.989758
20240812,095248.286572,095635.807640,227.521068,415.943 um_pwv,507.772 um_pwv,35.0,4.05 K,0.977586
20240812,100135.998801,101149.546608,613.547807,416.598 um_pwv,508.573 um_pwv,35.0,4.061 K,0.979136
20240812,101150.508766,102203.957693,613.448927,409.443 um_pwv,499.838 um_pwv,35.0,4.01 K,0.962225
20240812,102204.914629,103218.361982,613.447353,406.352 um_pwv,496.064 um_pwv,35.0,4.039 K,0.954918
20240812,103219.325552,104232.773823,613.448271,403.066 um_pwv,492.053 um_pwv,35.0,4.061 K,0.947151
20240812,104233.731489,105247.181998,613.450509,397.296 um_pwv,485.009 um_pwv,35.0,3.939 K,0.933515
20240812,105248.138941,105635.659788,227.520847,395.074 um_pwv,482.296 um_pwv,35.0,3.929 K,0.928262
20240812,110135.803634,111149.356134,613.5525,396.71 um_pwv,484.294 um_pwv,35.0,3.932 K,0.932130
20240812,111150.313389,112203.762130,613.448741,395.463 um_pwv,482.771 um_pwv,35.0,3.908 K,0.929182
20240812,112204.720151,113218.170091,613.44994,394.375 um_pwv,481.443 um_pwv,35.0,3.952 K,0.926610
20240812,113219.127210,114232.573737,613.446527,396.398 um_pwv,483.913 um_pwv,35.0,3.896 K,0.931392
20240812,114233.538387,115246.982385,613.443998,398.942 um_pwv,487.018 um_pwv,35.0,3.876 K,0.937404
20240812,115247.945381,115635.465146,227.519765,396.71 um_pwv,484.294 um_pwv,35.0,3.827 K,0.932130
20240812,130135.623202,131149.199235,613.576033,422.712 um_pwv,516.036 um_pwv,35.0,4.035 K,0.993586
20240812,131150.160797,132203.609359,613.448562,423.837 um_pwv,517.41 um_pwv,35.0,3.975 K,0.996245
20240812,132204.565343,133218.013864,613.448521,427.862 um_pwv,522.323 um_pwv,35.0,3.979 K,1.00576
20240812,133218.975988,134232.420730,613.444742,430.969 um_pwv,526.117 um_pwv,35.0,3.985 K,1.01310
20240812,134233.382716,135246.827125,613.444409,432.478 um_pwv,527.959 um_pwv,35.0,3.979 K,1.01667
20240812,135247.789048,135635.309504,227.520456,432.627 um_pwv,528.141 um_pwv,35.0,3.913 K,1.01702
20240812,140136.459902,141150.055317,613.595415,438.179 um_pwv,534.918 um_pwv,35.0,4.026 K,1.03014
20240812,141151.016217,142204.462544,613.446327,438.892 um_pwv,535.788 um_pwv,35.0,4.046 K,1.03183
20240812,142205.424711,143218.879663,613.454952,438.913 um_pwv,535.814 um_pwv,35.0,4.036 K,1.03188
20240812,143219.829906,144233.278090,613.448184,440.103 um_pwv,537.267 um_pwv,35.0,4.026 K,1.03469
20240812,144234.240541,145247.689602,613.449061,442.232 um_pwv,539.866 um_pwv,35.0,4.032 K,1.03972
20240812,145248.646761,145636.169018,227.522257,441.884 um_pwv,539.44 um_pwv,35.0,4.003 K,1.03890
20240812,150136.263306,151149.814827,613.551521,444.896 um_pwv,543.118 um_pwv,35.0,4.113 K,1.04602
20240812,151150.770037,152204.218568,613.448531,443.628 um_pwv,541.569 um_pwv,35.0,4.12 K,1.04302
20240812,152205.181201,153218.628152,613.446951,441.775 um_pwv,539.308 um_pwv,35.0,4.139 K,1.03864
20240812,153219.589782,154233.033876,613.444094,442.188 um_pwv,539.812 um_pwv,35.0,4.173 K,1.03962
20240812,154233.996050,155247.444002,613.447952,442.973 um_pwv,540.77 um_pwv,35.0,4.109 K,1.04147
20240812,155248.400673,155635.923372,227.522699,443.497 um_pwv,541.409 um_pwv,35.0,4.072 K,1.04271
20240812,170136.107450,171149.656682,613.549232,464.347 um_pwv,566.863 um_pwv,35.0,3.902 K,1.09199
20240812,171150.619161,172204.068395,613.449234,468.032 um_pwv,571.362 um_pwv,35.0,3.934 K,1.10070
20240812,172205.026421,173218.474736,613.448315,472.072 um_pwv,576.293 um_pwv,35.0,3.891 K,1.11025
20240812,173219.434476,174232.877638,613.443162,473.912 um_pwv,578.54 um_pwv,35.0,3.899 K,1.11460
20240812,174233.841404,175247.290782,613.449378,474.73 um_pwv,579.538 um_pwv,35.0,3.856 K,1.11653
20240812,175248.249643,175635.767857,227.518214,475.255 um_pwv,580.18 um_pwv,35.0,3.872 K,1.11777
20240812,180135.960682,181149.511650,613.550968,482.854 um_pwv,589.456 um_pwv,35.0,3.895 K,1.13573
20240812,181150.468207,182203.915836,613.447629,487.225 um_pwv,594.792 um_pwv,35.0,3.936 K,1.14606
20240812,182204.873969,183218.324355,613.450386,490.065 um_pwv,598.259 um_pwv,35.0,3.978 K,1.15278
20240812,183219.287640,184232.730393,613.442753,493.167 um_pwv,602.045 um_pwv,35.0,3.98 K,1.16010
20240812,184233.693999,185247.140173,613.446174,495.932 um_pwv,605.421 um_pwv,35.0,3.941 K,1.16664
20240812,185248.097464,185635.620151,227.522687,498.05 um_pwv,608.006 um_pwv,35.0,3.895 K,1.17165
20240812,190135.764878,191149.314924,613.550046,497.988 um_pwv,607.931 um_pwv,35.0,3.988 K,1.17150
20240812,191150.271148,192203.721418,613.45027,498.136 um_pwv,608.111 um_pwv,35.0,4.036 K,1.17185
20240812,192204.678774,193218.126799,613.448025,496.749 um_pwv,606.419 um_pwv,35.0,4.057 K,1.16857
20240812,193219.090350,194232.534836,613.444486,499.536 um_pwv,609.821 um_pwv,35.0,4.014 K,1.17516
20240812,194233.498188,195246.945527,613.447339,499.943 um_pwv,610.317 um_pwv,35.0,3.973 K,1.17612
20240812,195247.903463,195635.425602,227.522139,496.115 um_pwv,605.645 um_pwv,35.0,4.017 K,1.16707
20240812,210136.583897,211150.122089,613.538192,492.717 um_pwv,601.497 um_pwv,35.0,4.238 K,1.15904
20240812,211151.083510,212204.533607,613.450097,490.61 um_pwv,598.924 um_pwv,35.0,4.288 K,1.15406
20240812,212205.489646,213218.941437,613.451791,486.064 um_pwv,593.374 um_pwv,35.0,4.266 K,1.14332
20240812,213219.898037,214233.350210,613.452173,484.558 um_pwv,591.536 um_pwv,35.0,4.328 K,1.13976
20240812,214234.307122,215247.802669,613.495547,483.926 um_pwv,590.764 um_pwv,35.0,4.337 K,1.13826
20240812,215248.764512,215636.284732,227.52022,480.813 um_pwv,586.964 um_pwv,35.0,4.314 K,1.13091
20240812,220136.399842,221149.979068,613.579226,482.628 um_pwv,589.18 um_pwv,35.0,4.418 K,1.13520
20240812,221150.940929,222204.383954,613.443025,480.493 um_pwv,586.574 um_pwv,35.0,4.421 K,1.13015
20240812,222205.345365,223218.803623,613.458258,479.642 um_pwv,585.535 um_pwv,35.0,4.401 K,1.12814
20240812,223219.753855,224233.199998,613.446143,478.274 um_pwv,583.865 um_pwv,35.0,4.465 K,1.12491
20240812,224234.161433,225247.607643,613.44621,478.203 um_pwv,583.778 um_pwv,35.0,4.454 K,1.12474
20240812,225248.570076,225636.091101,227.521025,479.193 um_pwv,584.987 um_pwv,35.0,4.412 K,1.12708
20240813,010136.055512,011149.633802,613.57829,487.707 um_pwv,595.38 um_pwv,35.0,4.686 K,1.14720
20240813,011150.591456,012204.043213,613.451757,490.526 um_pwv,598.821 um_pwv,35.0,4.675 K,1.15386
20240813,012205.000660,013218.447519,613.446859,493.154 um_pwv,602.03 um_pwv,35.0,4.729 K,1.16008
20240813,013219.410526,014232.857515,613.446989,494.054 um_pwv,603.129 um_pwv,35.0,4.728 K,1.16220
20240813,014233.815090,015247.263871,613.448781,493.276 um_pwv,602.179 um_pwv,35.0,4.674 K,1.16036
20240813,015248.221083,015635.743804,227.522721,493.142 um_pwv,602.016 um_pwv,35.0,4.6 K,1.16005
20240813,020135.853362,021149.390040,613.536678,491.602 um_pwv,600.135 um_pwv,35.0,4.629 K,1.15641
20240813,021150.347331,022203.793668,613.446337,492.087 um_pwv,600.727 um_pwv,35.0,4.668 K,1.15755
20240813,022204.757554,023218.204115,613.446561,491.36 um_pwv,599.84 um_pwv,35.0,4.742 K,1.15584
20240813,023219.161137,024232.609698,613.448561,486.591 um_pwv,594.018 um_pwv,35.0,4.752 K,1.14456
20240813,024233.572750,025247.019335,613.446585,483.687 um_pwv,590.473 um_pwv,35.0,4.813 K,1.13770
20240813,025247.976186,025635.499662,227.523476,480.837 um_pwv,586.993 um_pwv,35.0,4.817 K,1.13096
20240813,030135.650566,031149.193141,613.542575,480.991 um_pwv,587.181 um_pwv,35.0,4.858 K,1.13133
20240813,031150.155001,032203.598833,613.443832,479.241 um_pwv,585.045 um_pwv,35.0,4.876 K,1.12719
20240813,032204.562080,033218.008783,613.446703,477.227 um_pwv,582.586 um_pwv,35.0,4.859 K,1.12243
20240813,033218.965706,034232.412422,613.446716,474.624 um_pwv,579.409 um_pwv,35.0,4.894 K,1.11628
20240813,034233.375578,035246.821719,613.446141,471.479 um_pwv,575.57 um_pwv,35.0,4.907 K,1.10885
20240813,035247.779488,035635.303651,227.524163,470.03 um_pwv,573.801 um_pwv,35.0,4.919 K,1.10542
20240813,050136.451684,051150.000503,613.548819,458.824 um_pwv,560.12 um_pwv,35.0,4.761 K,1.07894
20240813,051150.956596,052204.405625,613.449029,455.447 um_pwv,555.998 um_pwv,35.0,4.845 K,1.07096
20240813,052205.368119,053218.816627,613.448508,454.64 um_pwv,555.013 um_pwv,35.0,4.822 K,1.06905
20240813,053219.774748,054233.220319,613.445571,454.014 um_pwv,554.249 um_pwv,35.0,4.848 K,1.06757
20240813,054234.182199,055247.629382,613.447183,450.905 um_pwv,550.454 um_pwv,35.0,4.888 K,1.06022
20240813,055248.591540,055636.110285,227.518745,445.905 um_pwv,544.35 um_pwv,35.0,5.012 K,1.04840
20240813,060136.252857,061149.803736,613.550879,438.935 um_pwv,535.84 um_pwv,35.0,5.027 K,1.03193
20240813,061150.764690,062204.212525,613.447835,432.904 um_pwv,528.479 um_pwv,35.0,5.086 K,1.01768
20240813,062205.168267,063218.619008,613.450741,430.567 um_pwv,525.625 um_pwv,35.0,5.202 K,1.01215
20240813,063219.581191,064233.027667,613.446476,427.357 um_pwv,521.706 um_pwv,35.0,5.172 K,1.00456
20240813,064233.984023,065247.435800,613.451777,422.775 um_pwv,516.113 um_pwv,35.0,5.241 K,0.993734
20240813,065248.391593,065635.914106,227.522513,418.118 um_pwv,510.428 um_pwv,35.0,5.308 K,0.982729
20240813,070136.068642,071149.610650,613.542008,415.656 um_pwv,507.423 um_pwv,35.0,5.293 K,0.976909
20240813,071150.566438,072204.015331,613.448893,406.052 um_pwv,495.698 um_pwv,35.0,5.419 K,0.954210
20240813,072204.974088,073218.420870,613.446782,396.945 um_pwv,484.58 um_pwv,35.0,5.503 K,0.932684
20240813,073219.382390,074232.828269,613.445879,392.169 um_pwv,478.75 um_pwv,35.0,5.534 K,0.921396
20240813,074233.791686,075247.241423,613.449737,389.171 um_pwv,475.09 um_pwv,35.0,5.551 K,0.914309
20240813,075248.197473,075635.720022,227.522549,386.766 um_pwv,472.154 um_pwv,35.0,5.493 K,0.908625
20240813,090135.873883,091149.410047,613.536164,377.629 um_pwv,461 um_pwv,35.0,5.631 K,0.887029
20240813,091150.372053,092203.817868,613.445815,372.427 um_pwv,454.649 um_pwv,35.0,5.684 K,0.874734
20240813,092204.774771,093218.225250,613.450479,372.793 um_pwv,455.097 um_pwv,35.0,5.712 K,0.875601
20240813,093219.182777,094232.632220,613.449443,376.072 um_pwv,459.099 um_pwv,35.0,5.745 K,0.883349
20240813,094233.589730,095247.041152,613.451422,375.628 um_pwv,458.557 um_pwv,35.0,5.796 K,0.882300
20240813,095247.998677,095635.521484,227.522807,373.858 um_pwv,456.397 um_pwv,35.0,5.861 K,0.878118
20240813,100135.737743,101149.312469,613.574726,376.146 um_pwv,459.189 um_pwv,35.0,5.83 K,0.883524
20240813,101150.270319,102203.719167,613.448848,380.875 um_pwv,464.962 um_pwv,35.0,5.787 K,0.894701
20240813,102204.676383,103218.122388,613.446005,383.62 um_pwv,468.314 um_pwv,35.0,5.808 K,0.901190
20240813,103219.085407,104232.534688,613.449281,380.538 um_pwv,464.551 um_pwv,35.0,5.793 K,0.893905
20240813,104233.493050,105246.939672,613.446622,377.666 um_pwv,461.045 um_pwv,35.0,5.744 K,0.887117
20240813,105247.902956,105635.421088,227.518132,378.633 um_pwv,462.226 um_pwv,35.0,5.679 K,0.889403
20240813,110136.525943,111150.076956,613.551013,379.566 um_pwv,463.364 um_pwv,35.0,5.688 K,0.891607
20240813,111151.033888,112204.479215,613.445327,379.342 um_pwv,463.091 um_pwv,35.0,5.682 K,0.891077
20240813,112205.443789,113218.889602,613.445813,383.733 um_pwv,468.452 um_pwv,35.0,5.681 K,0.901458
20240813,113219.852586,114233.298013,613.445427,384.451 um_pwv,469.329 um_pwv,35.0,5.584 K,0.903155
20240813,114234.255223,115247.705142,613.449919,385.284 um_pwv,470.346 um_pwv,35.0,5.56 K,0.905124
20240813,115248.662967,115636.185281,227.522314,383.054 um_pwv,467.623 um_pwv,35.0,5.51 K,0.899853
20240813,130136.376215,131149.926684,613.550469,367.948 um_pwv,449.182 um_pwv,35.0,5.388 K,0.864148
20240813,131150.887394,132204.330711,613.443317,365.891 um_pwv,446.67 um_pwv,35.0,5.411 K,0.859286
20240813,132205.292836,133218.743445,613.450609,363.559 um_pwv,443.824 um_pwv,35.0,5.442 K,0.853775
20240813,133219.701192,134233.147064,613.445872,363.631 um_pwv,443.911 um_pwv,35.0,5.411 K,0.853944
20240813,134234.109187,135247.555578,613.446391,366.395 um_pwv,447.286 um_pwv,35.0,5.398 K,0.860478
20240813,135248.517643,135636.036126,227.518483,362.595 um_pwv,442.647 um_pwv,35.0,5.319 K,0.851496
20240813,140136.187785,141149.728401,613.540616,362.346 um_pwv,442.342 um_pwv,35.0,5.312 K,0.850906
20240813,141150.689398,142204.138128,613.44873,359.895 um_pwv,439.351 um_pwv,35.0,5.338 K,0.845114
20240813,142205.099906,143218.545794,613.445888,358.482 um_pwv,437.626 um_pwv,35.0,5.338 K,0.841774
20240813,143219.507384,144232.951442,613.444058,357.778 um_pwv,436.766 um_pwv,35.0,5.297 K,0.840109
20240813,144233.912900,145247.360764,613.447864,356.426 um_pwv,435.115 um_pwv,35.0,5.263 K,0.836914
20240813,145248.322123,145635.840607,227.518484,352.678 um_pwv,430.54 um_pwv,35.0,5.224 K,0.828055
20240813,150136.046572,151149.580196,613.533624,353.719 um_pwv,431.812 um_pwv,35.0,5.157 K,0.830518
20240813,151150.541469,152203.991688,613.450219,355.148 um_pwv,433.556 um_pwv,35.0,5.118 K,0.833895
20240813,152204.947686,153218.395864,613.448178,355.114 um_pwv,433.514 um_pwv,35.0,5.086 K,0.833813
20240813,153219.357952,154232.803713,613.445761,353.685 um_pwv,431.769 um_pwv,35.0,5.076 K,0.830435
20240813,154233.766200,155247.211638,613.445438,352.678 um_pwv,430.54 um_pwv,35.0,5.069 K,0.828055
20240813,155248.174274,155635.692916,227.518642,351.846 um_pwv,429.525 um_pwv,35.0,5.005 K,0.826090
20240813,170135.899628,171149.478444,613.578816,333.982 um_pwv,407.717 um_pwv,35.0,5.21 K,0.783866
20240813,171150.435706,172203.885566,613.44986,333.654 um_pwv,407.316 um_pwv,35.0,5.184 K,0.783091
20240813,172204.842749,173218.290390,613.447641,336.189 um_pwv,410.411 um_pwv,35.0,5.158 K,0.789083
20240813,173219.249319,174232.695731,613.446412,336.917 um_pwv,411.3 um_pwv,35.0,5.173 K,0.790803
20240813,174233.660514,175247.107362,613.446848,335.1 um_pwv,409.082 um_pwv,35.0,5.18 K,0.786509
20240813,175248.066952,175635.585564,227.518612,332.77 um_pwv,406.237 um_pwv,35.0,5.176 K,0.781001
20240813,180135.699924,181149.279767,613.579843,333.293 um_pwv,406.876 um_pwv,35.0,5.334 K,0.782239
20240813,181150.241812,182203.688205,613.446393,331.464 um_pwv,404.643 um_pwv,35.0,5.365 K,0.777914
20240813,182204.645702,183218.093729,613.448027,331.236 um_pwv,404.364 um_pwv,35.0,5.373 K,0.777375
20240813,183219.050685,184232.503666,613.452981,330.813 um_pwv,403.848 um_pwv,35.0,5.425 K,0.776376
20240813,184233.460811,185246.909907,613.449096,331.92 um_pwv,405.2 um_pwv,35.0,5.429 K,0.778993
20240813,185247.867437,185635.389680,227.522243,331.725 um_pwv,404.961 um_pwv,35.0,5.392 K,0.778531
20240813,190136.542210,191150.092082,613.549872,333.556 um_pwv,407.196 um_pwv,35.0,5.445 K,0.782858
20240813,191151.048087,192204.499868,613.451781,292.554 um_pwv,357.143 um_pwv,35.0,4.86 K,0.685946
20240813,192205.457997,193218.908018,613.450021,290.351 um_pwv,354.453 um_pwv,35.0,4.907 K,0.680738
20240813,193219.864818,194233.315605,613.450787,289.952 um_pwv,353.966 um_pwv,35.0,4.877 K,0.679795
20240813,194234.273970,195247.722118,613.448148,290.037 um_pwv,354.07 um_pwv,35.0,4.915 K,0.679997
20240813,195248.679677,195636.202549,227.522872,289.227 um_pwv,353.081 um_pwv,35.0,4.785 K,0.678081
20240813,210136.438847,211149.984400,613.545553,289.099 um_pwv,352.925 um_pwv,35.0,4.83 K,0.677779
20240813,211150.945641,212204.394674,613.449033,286.415 um_pwv,349.648 um_pwv,35.0,4.885 K,0.671435
20240813,212205.351365,213218.801085,613.44972,285.124 um_pwv,348.073 um_pwv,35.0,4.875 K,0.668385
20240813,213219.762526,214233.206874,613.444348,283.672 um_pwv,346.3 um_pwv,35.0,4.81 K,0.664953
20240813,214234.168694,215247.615777,613.447083,284.258 um_pwv,347.015 um_pwv,35.0,4.844 K,0.666337
20240813,215248.573094,215636.095224,227.52213,283.645 um_pwv,346.266 um_pwv,35.0,4.757 K,0.664887
20240813,220136.287421,221149.837517,613.550096,283.338 um_pwv,345.892 um_pwv,35.0,4.886 K,0.664164
20240813,221150.798814,222204.246523,613.447709,281.453 um_pwv,343.591 um_pwv,35.0,4.915 K,0.659708
20240813,222205.202260,223218.652068,613.449808,281.813 um_pwv,344.03 um_pwv,35.0,4.932 K,0.660557
20240813,223219.613814,224233.056999,613.443185,282.838 um_pwv,345.282 um_pwv,35.0,4.996 K,0.662981
20240813,224234.020062,225247.468134,613.448072,283.561 um_pwv,346.164 um_pwv,35.0,5 K,0.664690
20240813,225248.424371,225635.946199,227.521828,281.177 um_pwv,343.254 um_pwv,35.0,4.966 K,0.659055
20240814,010135.990204,011149.530462,613.540258,279.361 um_pwv,341.037 um_pwv,35.0,4.843 K,0.654763
20240814,011150.492381,012203.934561,613.44218,279.279 um_pwv,340.937 um_pwv,35.0,4.874 K,0.654569
20240814,012204.897578,013218.345356,613.447778,279.224 um_pwv,340.87 um_pwv,35.0,4.871 K,0.654439
20240814,013219.302296,014232.749202,613.446906,279.033 um_pwv,340.636 um_pwv,35.0,4.891 K,0.653986
20240814,014233.712670,015247.157230,613.44456,279.197 um_pwv,340.837 um_pwv,35.0,4.941 K,0.654375
20240814,015248.120271,015635.640758,227.520487,277.639 um_pwv,338.935 um_pwv,35.0,4.874 K,0.650693
20240814,020135.790146,021149.335726,613.54558,276.28 um_pwv,337.276 um_pwv,35.0,4.89 K,0.647480
20240814,021150.292432,022203.738884,613.446452,277.04 um_pwv,338.204 um_pwv,35.0,4.95 K,0.649277
20240814,022204.702789,023218.149756,613.446967,276.28 um_pwv,337.276 um_pwv,35.0,5.021 K,0.647480
20240814,023219.107246,024232.555361,613.448115,277.503 um_pwv,338.769 um_pwv,35.0,5.023 K,0.650371
20240814,024233.517942,025246.961841,613.443899,276.932 um_pwv,338.071 um_pwv,35.0,5.024 K,0.649020
20240814,025247.919428,025635.442229,227.522801,275.414 um_pwv,336.218 um_pwv,35.0,5.002 K,0.645432
20240814,030136.641363,031150.193575,613.552212,275.495 um_pwv,336.317 um_pwv,35.0,5.07 K,0.645624
20240814,031151.150134,032204.601414,613.45128,274.793 um_pwv,335.46 um_pwv,35.0,5.079 K,0.643964
20240814,032205.559605,033219.008059,613.448454,274.793 um_pwv,335.46 um_pwv,35.0,5.067 K,0.643964
20240814,033219.966884,034233.410575,613.443691,275.63 um_pwv,336.482 um_pwv,35.0,5.061 K,0.645944
20240814,034234.373323,035247.820710,613.447387,275.036 um_pwv,335.756 um_pwv,35.0,5.052 K,0.644538
20240814,035248.783433,035636.302098,227.518665,274.766 um_pwv,335.427 um_pwv,35.0,5.088 K,0.643901
20240814,050136.550636,051150.087366,613.53673,276.687 um_pwv,337.773 um_pwv,35.0,5.054 K,0.648442
20240814,051151.048077,052204.491889,613.443812,277.885 um_pwv,339.235 um_pwv,35.0,5.081 K,0.651273
20240814,052205.453842,053218.899866,613.446024,279.773 um_pwv,341.54 um_pwv,35.0,5.156 K,0.655736
20240814,053219.861462,054233.307135,613.445673,282.145 um_pwv,344.435 um_pwv,35.0,5.16 K,0.661343
20240814,054234.264677,055247.714309,613.449632,283.867 um_pwv,346.538 um_pwv,35.0,5.168 K,0.665414
20240814,055248.676164,055636.195612,227.519448,283.366 um_pwv,345.926 um_pwv,35.0,5.172 K,0.664229
20240814,060136.340288,061149.887585,613.547297,288.985 um_pwv,352.786 um_pwv,35.0,5.158 K,0.677511
20240814,061150.848287,062204.297500,613.449213,290.807 um_pwv,355.01 um_pwv,35.0,5.205 K,0.681817
20240814,062205.253870,063218.701387,613.447517,290.636 um_pwv,354.801 um_pwv,35.0,5.195 K,0.681412
20240814,063219.663070,064233.108575,613.445505,289.511 um_pwv,353.427 um_pwv,35.0,5.164 K,0.678753
20240814,064234.070436,065247.517087,613.446651,290.037 um_pwv,354.07 um_pwv,35.0,5.21 K,0.679997
20240814,065248.478824,065635.999890,227.521066,290.18 um_pwv,354.244 um_pwv,35.0,5.133 K,0.680334
20240814,070136.153973,071149.690600,613.536627,290.294 um_pwv,354.383 um_pwv,35.0,5.203 K,0.680603
20240814,071150.652422,072204.097340,613.444918,287.909 um_pwv,351.472 um_pwv,35.0,5.203 K,0.674967
20240814,072205.059354,073218.512143,613.452789,286.007 um_pwv,349.151 um_pwv,35.0,5.225 K,0.670472
20240814,073219.467782,074232.915750,613.447968,285.124 um_pwv,348.073 um_pwv,35.0,5.207 K,0.668385
20240814,074233.871828,075247.318831,613.447003,284.9 um_pwv,347.799 um_pwv,35.0,5.238 K,0.667856
20240814,075248.280593,075635.801117,227.520524,284.23 um_pwv,346.981 um_pwv,35.0,5.207 K,0.666271
20240814,090135.985240,091149.536031,613.550791,289.071 um_pwv,352.89 um_pwv,35.0,5.205 K,0.677712
20240814,091150.493276,092203.939806,613.44653,289.866 um_pwv,353.861 um_pwv,35.0,5.125 K,0.679593
20240814,092204.903060,093218.345942,613.442882,292.346 um_pwv,356.889 um_pwv,35.0,5.16 K,0.685455
20240814,093219.310387,094232.758944,613.448557,334.968 um_pwv,408.921 um_pwv,35.0,5.869 K,0.786198
20240814,094233.717360,095247.163463,613.446103,336.652 um_pwv,410.976 um_pwv,35.0,5.806 K,0.790177
20240814,095248.120333,095635.644417,227.524084,337.182 um_pwv,411.623 um_pwv,35.0,5.766 K,0.791429
20240814,100135.793211,101149.333797,613.540586,338.278 um_pwv,412.961 um_pwv,35.0,5.838 K,0.794019
20240814,101150.296893,102203.746324,613.449431,338.145 um_pwv,412.798 um_pwv,35.0,5.868 K,0.793705
20240814,102204.705313,103218.152698,613.447385,334.936 um_pwv,408.881 um_pwv,35.0,5.898 K,0.786120
20240814,103219.112967,104232.557670,613.444703,292.124 um_pwv,356.617 um_pwv,35.0,5.21 K,0.684929
20240814,104233.515198,105246.966856,613.451658,333.293 um_pwv,406.876 um_pwv,35.0,5.871 K,0.782239
20240814,105247.924938,105635.446269,227.521331,334.048 um_pwv,407.797 um_pwv,35.0,5.884 K,0.784022
20240814,110136.645876,111150.196454,613.550578,336.453 um_pwv,410.734 um_pwv,35.0,5.802 K,0.789708
20240814,111151.152517,112204.600721,613.448204,337.879 um_pwv,412.474 um_pwv,35.0,5.799 K,0.793076
20240814,112205.563748,113219.005835,613.442087,338.377 um_pwv,413.082 um_pwv,35.0,5.79 K,0.794255
20240814,113219.970617,114233.418001,613.447384,339.544 um_pwv,414.506 um_pwv,35.0,5.788 K,0.797011
20240814,114234.374904,115247.822729,613.447825,339.21 um_pwv,414.099 um_pwv,35.0,5.763 K,0.796223
20240814,115248.779976,115636.303469,227.523493,338.577 um_pwv,413.326 um_pwv,35.0,5.76 K,0.794727
20240814,130136.488687,131150.038117,613.54943,289.923 um_pwv,353.931 um_pwv,35.0,5.277 K,0.679728
20240814,131150.994894,132204.444990,613.450096,333.687 um_pwv,407.356 um_pwv,35.0,5.956 K,0.783168
20240814,132205.401326,133218.848876,613.44755,336.09 um_pwv,410.29 um_pwv,35.0,5.96 K,0.788848
20240814,133219.810961,134233.256754,613.445793,338.477 um_pwv,413.204 um_pwv,35.0,5.942 K,0.794491
20240814,134234.218591,135247.665692,613.447101,289.383 um_pwv,353.271 um_pwv,35.0,5.318 K,0.678450
20240814,135248.627160,135636.144848,227.517688,284.035 um_pwv,346.742 um_pwv,35.0,5.366 K,0.665809
20240814,140136.288275,141149.837301,613.549026,285.713 um_pwv,348.791 um_pwv,35.0,5.462 K,0.669776
20240814,141150.798895,142204.246763,613.447868,284.621 um_pwv,347.458 um_pwv,35.0,5.501 K,0.667195
20240814,142205.202821,143218.652425,613.449604,286.809 um_pwv,350.129 um_pwv,35.0,5.436 K,0.672366
20240814,143219.614256,144233.056346,613.44209,286.274 um_pwv,349.476 um_pwv,35.0,5.423 K,0.671103
20240814,144234.018846,145247.467445,613.448599,284.789 um_pwv,347.663 um_pwv,35.0,5.417 K,0.667591
20240814,145248.423669,145635.947442,227.523773,282.034 um_pwv,344.3 um_pwv,35.0,5.262 K,0.661081
20240814,150136.092272,151149.640477,613.548205,279.581 um_pwv,341.305 um_pwv,35.0,5.362 K,0.655282
20240814,151150.601899,152204.049137,613.447238,276.932 um_pwv,338.071 um_pwv,35.0,5.376 K,0.649020
20240814,152205.005535,153218.457002,613.451467,275.684 um_pwv,336.548 um_pwv,35.0,5.384 K,0.646072
20240814,153219.413322,154232.861334,613.448012,275.036 um_pwv,335.756 um_pwv,35.0,5.403 K,0.644538
20240814,154233.823499,155247.268440,613.444941,274.389 um_pwv,334.967 um_pwv,35.0,5.419 K,0.643009
20240814,155248.226653,155635.749646,227.522993,274.496 um_pwv,335.098 um_pwv,35.0,5.394 K,0.643264
20240814,170135.938444,171149.486680,613.548236,278.814 um_pwv,340.369 um_pwv,35.0,5.351 K,0.653468
20240814,171150.443366,172203.889140,613.445774,276.932 um_pwv,338.071 um_pwv,35.0,5.378 K,0.649020
20240814,172204.851919,173218.296882,613.444963,274.577 um_pwv,335.197 um_pwv,35.0,5.339 K,0.643455
20240814,173219.255146,174232.705925,613.450779,274.146 um_pwv,334.671 um_pwv,35.0,5.327 K,0.642436
20240814,174233.675205,175247.159184,613.483979,272.697 um_pwv,332.902 um_pwv,35.0,5.339 K,0.639011
20240814,175248.122005,175635.641573,227.519568,269.716 um_pwv,329.263 um_pwv,35.0,5.221 K,0.631966
20240814,180135.746596,181149.282260,613.535664,268.054 um_pwv,327.234 um_pwv,35.0,5.254 K,0.628037
20240814,181150.244674,182203.693008,613.448334,267.161 um_pwv,326.144 um_pwv,35.0,5.276 K,0.625927
20240814,182204.649906,183218.097059,613.447153,266.991 um_pwv,325.936 um_pwv,35.0,5.276 K,0.625524
20240814,183219.060635,184232.503512,613.442877,265.919 um_pwv,324.627 um_pwv,35.0,5.285 K,0.622990
20240814,184233.467006,185246.910872,613.443866,264.371 um_pwv,322.738 um_pwv,35.0,5.274 K,0.619332
20240814,185247.874105,185635.392123,227.518018,263.646 um_pwv,321.853 um_pwv,35.0,5.216 K,0.617618
20240814,190136.543069,191150.093916,613.550847,264.956 um_pwv,323.451 um_pwv,35.0,5.21 K,0.620713
20240814,191151.055705,192204.499565,613.44386,265.619 um_pwv,324.261 um_pwv,35.0,5.257 K,0.622282
20240814,192205.462540,193218.904534,613.441994,265.619 um_pwv,324.261 um_pwv,35.0,5.208 K,0.622282
20240814,193219.867223,194233.314609,613.447386,266.795 um_pwv,325.696 um_pwv,35.0,5.171 K,0.625060
20240814,194234.277302,195247.723531,613.446229,265.958 um_pwv,324.675 um_pwv,35.0,5.177 K,0.623083
20240814,195248.681356,195636.201911,227.520555,266.167 um_pwv,324.93 um_pwv,35.0,5.111 K,0.623577
20240814,210136.387199,211149.938452,613.551253,265.567 um_pwv,324.198 um_pwv,35.0,5.122 K,0.622158
20240814,211150.894102,212204.344286,613.450184,264.813 um_pwv,323.277 um_pwv,35.0,5.091 K,0.620375
20240814,212205.306203,213218.752268,613.446065,264.397 um_pwv,322.77 um_pwv,35.0,5.147 K,0.619393
20240814,213219.708023,214233.155891,613.447868,263.388 um_pwv,321.537 um_pwv,35.0,5.096 K,0.617007
20240814,214234.117723,215247.566255,613.448532,263.104 um_pwv,321.19 um_pwv,35.0,5.106 K,0.616335
20240814,215248.521965,215636.045730,227.523765,262.022 um_pwv,319.869 um_pwv,35.0,5.017 K,0.613778
20240814,220136.189470,221149.739602,613.550132,260.791 um_pwv,318.367 um_pwv,35.0,5.056 K,0.610868
20240814,221150.695066,222204.146068,613.451002,260.42 um_pwv,317.914 um_pwv,35.0,5.052 K,0.609992
20240814,222205.102033,223218.549959,613.447926,261.508 um_pwv,319.242 um_pwv,35.0,5.043 K,0.612564
20240814,223219.511990,224232.957251,613.445261,261.457 um_pwv,319.18 um_pwv,35.0,5.068 K,0.612443
20240814,224233.920264,225247.368073,613.447809,262.33 um_pwv,320.246 um_pwv,35.0,5.107 K,0.614507
20240814,225248.324436,225635.847811,227.523375,262.742 um_pwv,320.749 um_pwv,35.0,5.019 K,0.615481
20240815,010135.785188,011149.330722,613.545534,258.27 um_pwv,315.29 um_pwv,35.0,5.078 K,0.604911
20240815,011150.293167,012203.741648,613.448481,259.082 um_pwv,316.281 um_pwv,35.0,5.095 K,0.606830
20240815,012204.698555,013218.148484,613.449929,259.184 um_pwv,316.405 um_pwv,35.0,5.069 K,0.607071
20240815,013219.105411,014232.554259,613.448848,259.159 um_pwv,316.374 um_pwv,35.0,5.021 K,0.607011
20240815,014233.517505,015246.963646,613.446141,259.388 um_pwv,316.654 um_pwv,35.0,5.045 K,0.607552
20240815,015247.920455,015635.442543,227.522088,259.006 um_pwv,316.188 um_pwv,35.0,4.977 K,0.606650
20240815,020136.595477,021150.143854,613.548377,259.82 um_pwv,317.182 um_pwv,35.0,5.055 K,0.608575
20240815,021151.105877,022204.553388,613.447511,259.184 um_pwv,316.405 um_pwv,35.0,5.04 K,0.607071
20240815,022205.512083,023218.958342,613.446259,258.93 um_pwv,316.095 um_pwv,35.0,5.057 K,0.606470
20240815,023219.916130,024233.368489,613.452359,260.458 um_pwv,317.961 um_pwv,35.0,5.063 K,0.610083
20240815,024234.326375,025247.772008,613.445633,260.152 um_pwv,317.587 um_pwv,35.0,5.023 K,0.609359
20240815,025248.735400,025636.252620,227.51722,259.871 um_pwv,317.244 um_pwv,35.0,4.883 K,0.608695
20240815,030136.397054,031149.944516,613.547462,260.637 um_pwv,318.179 um_pwv,35.0,5.002 K,0.610506
20240815,031150.907851,032204.355800,613.447949,262.022 um_pwv,319.869 um_pwv,35.0,5.013 K,0.613778
20240815,032205.313241,033218.765851,613.45261,262.665 um_pwv,320.655 um_pwv,35.0,5.063 K,0.615299
20240815,033219.722913,034233.170334,613.447421,262.408 um_pwv,320.34 um_pwv,35.0,5.098 K,0.614690
20240815,034234.127702,035247.575373,613.447671,263.026 um_pwv,321.096 um_pwv,35.0,5.039 K,0.616152
20240815,035248.538237,035636.055415,227.517178,262.022 um_pwv,319.869 um_pwv,35.0,5.034 K,0.613778
20240815,050136.245167,051149.791776,613.546609,254.673 um_pwv,310.899 um_pwv,35.0,5.015 K,0.596409
20240815,051150.753342,052204.197762,613.44442,254.473 um_pwv,310.655 um_pwv,35.0,4.964 K,0.595936
20240815,052205.160121,053218.605870,613.445749,254.598 um_pwv,310.807 um_pwv,35.0,5.01 K,0.596231
20240815,053219.567991,054233.016025,613.448034,256.453 um_pwv,313.071 um_pwv,35.0,5.051 K,0.600615
20240815,054233.977571,055247.424370,613.446799,256.805 um_pwv,313.501 um_pwv,35.0,5.093 K,0.601448
20240815,055248.380673,055635.903670,227.522997,255.574 um_pwv,311.998 um_pwv,35.0,5.009 K,0.598538
20240815,060136.047438,061149.596168,613.54873,254 um_pwv,310.076 um_pwv,35.0,5.039 K,0.594817
20240815,061150.557428,062204.004654,613.447226,252.757 um_pwv,308.56 um_pwv,35.0,5.002 K,0.591880
20240815,062204.960545,063218.413090,613.452545,251.891 um_pwv,307.502 um_pwv,35.0,4.99 K,0.589833
20240815,063219.371776,064232.818510,613.446734,252.311 um_pwv,308.015 um_pwv,35.0,4.992 K,0.590826
20240815,064233.774857,065247.222229,613.447372,252.509 um_pwv,308.257 um_pwv,35.0,4.991 K,0.591294
20240815,065248.184668,065635.704969,227.520301,251.348 um_pwv,306.84 um_pwv,35.0,4.93 K,0.588550
20240815,070135.848032,071149.396881,613.548849,249.115 um_pwv,304.114 um_pwv,35.0,4.882 K,0.583272
20240815,071150.357814,072203.807618,613.449804,251.102 um_pwv,306.539 um_pwv,35.0,4.974 K,0.587967
20240815,072204.763867,073218.214585,613.450718,254.149 um_pwv,310.259 um_pwv,35.0,4.998 K,0.595170
20240815,073219.171157,074232.622540,613.451383,254.399 um_pwv,310.563 um_pwv,35.0,5.006 K,0.595759
20240815,074233.580385,075247.025605,613.44522,254.224 um_pwv,310.35 um_pwv,35.0,4.988 K,0.595347
20240815,075247.988011,075635.509765,227.521754,253.229 um_pwv,309.135 um_pwv,35.0,4.923 K,0.592994
20240815,090135.657191,091149.195074,613.537883,256.73 um_pwv,313.409 um_pwv,35.0,4.878 K,0.601269
20240815,091150.156897,092203.601966,613.445069,257.209 um_pwv,313.994 um_pwv,35.0,4.881 K,0.602401
20240815,092204.558833,093218.007573,613.44874,258.068 um_pwv,315.043 um_pwv,35.0,4.794 K,0.604432
20240815,093218.966543,094232.414068,613.447525,259.26 um_pwv,316.498 um_pwv,35.0,4.877 K,0.607251
20240815,094233.377669,095246.823990,613.446321,257.335 um_pwv,314.148 um_pwv,35.0,4.766 K,0.602700
20240815,095247.783245,095635.304791,227.521546,256.377 um_pwv,312.979 um_pwv,35.0,4.666 K,0.600437
20240815,100136.455467,101150.004191,613.548724,257.31 um_pwv,314.117 um_pwv,35.0,4.838 K,0.602640
20240815,101150.966328,102204.413287,613.446959,257.512 um_pwv,314.364 um_pwv,35.0,4.839 K,0.603117
20240815,102205.371068,103218.820500,613.449432,257.335 um_pwv,314.148 um_pwv,35.0,4.85 K,0.602700
20240815,103219.778957,104233.222822,613.443865,255.825 um_pwv,312.304 um_pwv,35.0,4.83 K,0.599130
20240815,104234.185846,105247.631923,613.446077,255.298 um_pwv,311.662 um_pwv,35.0,4.794 K,0.597886
20240815,105248.595284,105636.114887,227.519603,253.601 um_pwv,309.59 um_pwv,35.0,4.857 K,0.593875
20240815,110136.270838,111149.809569,613.538731,253.427 um_pwv,309.378 um_pwv,35.0,4.87 K,0.593464
20240815,111150.766111,112204.217239,613.451128,253.278 um_pwv,309.196 um_pwv,35.0,4.801 K,0.593111
20240815,112205.175360,113218.624131,613.448771,253.577 um_pwv,309.56 um_pwv,35.0,4.829 K,0.593816
20240815,113219.581014,114233.027139,613.446125,254.074 um_pwv,310.168 um_pwv,35.0,4.846 K,0.594993
20240815,114233.997109,115247.434632,613.437523,254.973 um_pwv,311.265 um_pwv,35.0,4.822 K,0.597117
20240815,115248.398419,115635.918380,227.519961,253.651 um_pwv,309.651 um_pwv,35.0,4.763 K,0.593993
20240815,130136.023837,131149.602239,613.578402,253.651 um_pwv,309.651 um_pwv,35.0,4.819 K,0.593993
20240815,131150.563564,132204.008917,613.445353,253.975 um_pwv,310.046 um_pwv,35.0,4.779 K,0.594758
20240815,132204.972519,133218.419784,613.447265,256.101 um_pwv,312.642 um_pwv,35.0,4.89 K,0.599783
20240815,133219.376062,134232.824405,613.448343,255.75 um_pwv,312.213 um_pwv,35.0,4.855 K,0.598953
20240815,134233.786151,135247.230644,613.444493,255.549 um_pwv,311.968 um_pwv,35.0,4.81 K,0.598478
20240815,135248.193430,135635.712754,227.519324,255.599 um_pwv,312.029 um_pwv,35.0,4.834 K,0.598597
20240815,140135.809606,141149.359542,613.549936,255.599 um_pwv,312.029 um_pwv,35.0,4.841 K,0.598597
20240815,141150.320505,142203.766265,613.44576,256.528 um_pwv,313.163 um_pwv,35.0,4.82 K,0.600793
20240815,142204.728095,143218.171617,613.443522,256.528 um_pwv,313.163 um_pwv,35.0,4.824 K,0.600793
20240815,143219.134287,144232.581780,613.447493,255.198 um_pwv,311.54 um_pwv,35.0,4.836 K,0.597650
20240815,144233.538793,145246.990125,613.451332,256.377 um_pwv,312.979 um_pwv,35.0,4.852 K,0.600437
20240815,145247.946054,145635.466965,227.520911,256.252 um_pwv,312.826 um_pwv,35.0,4.773 K,0.600140
20240815,150135.618415,151149.162338,613.543923,259.235 um_pwv,316.467 um_pwv,35.0,4.857 K,0.607191
20240815,151150.123646,152203.568302,613.444656,260.458 um_pwv,317.961 um_pwv,35.0,4.878 K,0.610083
20240815,152204.530039,153217.975888,613.445849,258.194 um_pwv,315.197 um_pwv,35.0,4.81 K,0.604731
20240815,153218.937682,154232.381872,613.44419,256.176 um_pwv,312.734 um_pwv,35.0,4.854 K,0.599961
20240815,154233.344375,155246.787982,613.443607,256.277 um_pwv,312.856 um_pwv,35.0,4.844 K,0.600199
20240815,155247.750203,155635.271865,227.521662,257.347 um_pwv,314.163 um_pwv,35.0,4.897 K,0.602729
20240815,170136.416725,171149.969769,613.553044,259.693 um_pwv,317.027 um_pwv,35.0,4.841 K,0.608274
20240815,171150.925738,172204.377887,613.452149,258.6 um_pwv,315.692 um_pwv,35.0,4.827 K,0.605690
20240815,172205.335708,173218.782839,613.447131,258.296 um_pwv,315.321 um_pwv,35.0,4.878 K,0.604971
20240815,173219.745500,174233.188877,613.443377,256.302 um_pwv,312.887 um_pwv,35.0,4.844 K,0.600258
20240815,174234.154645,175247.597989,613.443344,255.9 um_pwv,312.396 um_pwv,35.0,4.9 K,0.599308
20240815,175248.555810,175636.079884,227.524074,255.524 um_pwv,311.937 um_pwv,35.0,4.804 K,0.598419
20240815,180136.222856,181149.773763,613.550907,255.75 um_pwv,312.213 um_pwv,35.0,4.905 K,0.598953
20240815,181150.729722,182204.180712,613.45099,256.088 um_pwv,312.626 um_pwv,35.0,4.899 K,0.599754
20240815,182205.138234,183218.583464,613.44523,255.374 um_pwv,311.754 um_pwv,35.0,4.928 K,0.598064
20240815,183219.547388,184232.992940,613.445552,253.005 um_pwv,308.862 um_pwv,35.0,4.889 K,0.592466
20240815,184233.950820,185247.401427,613.450607,254.623 um_pwv,310.838 um_pwv,35.0,4.945 K,0.596290
20240815,185248.358377,185635.882057,227.52368,254.898 um_pwv,311.173 um_pwv,35.0,4.936 K,0.596940
20240815,190136.023973,191149.572747,613.548774,255.073 um_pwv,311.387 um_pwv,35.0,4.968 K,0.597354
20240815,191150.536674,192203.979644,613.44297,256.352 um_pwv,312.948 um_pwv,35.0,4.97 K,0.600377
20240815,192204.943056,193218.397049,613.453993,258.524 um_pwv,315.599 um_pwv,35.0,5.016 K,0.605510
20240815,193219.349847,194232.799554,613.449707,259.464 um_pwv,316.747 um_pwv,35.0,5.077 K,0.607732
20240815,194233.758637,195247.205094,613.446457,257.84 um_pwv,314.765 um_pwv,35.0,4.974 K,0.603894
20240815,195248.161995,195635.685703,227.523708,256.906 um_pwv,313.624 um_pwv,35.0,4.917 K,0.601686
20240815,210135.835648,211149.374267,613.538619,253.925 um_pwv,309.985 um_pwv,35.0,4.941 K,0.594640
20240815,211150.335754,212203.782300,613.446546,255.9 um_pwv,312.396 um_pwv,35.0,4.948 K,0.599308
20240815,212204.738398,213218.187383,613.448985,257.032 um_pwv,313.778 um_pwv,35.0,4.965 K,0.601984
20240815,213219.148786,214232.596926,613.44814,257.246 um_pwv,314.04 um_pwv,35.0,4.961 K,0.602491
20240815,214233.553823,215247.000381,613.446558,257.36 um_pwv,314.179 um_pwv,35.0,4.923 K,0.602759
20240815,215247.962237,215635.481697,227.51946,256.503 um_pwv,313.133 um_pwv,35.0,4.968 K,0.600734
20240815,220135.642549,221149.225213,613.582664,257.082 um_pwv,313.84 um_pwv,35.0,4.964 K,0.602103
20240815,221150.181059,222203.627705,613.446646,257.714 um_pwv,314.61 um_pwv,35.0,4.994 K,0.603595
20240815,222204.589413,223218.035603,613.44619,256.705 um_pwv,313.378 um_pwv,35.0,5.001 K,0.601210
20240815,223218.994224,224232.444298,613.450074,257.79 um_pwv,314.703 um_pwv,35.0,5.057 K,0.603774
20240815,224233.406137,225246.848550,613.442413,257.385 um_pwv,314.209 um_pwv,35.0,5.046 K,0.602819
20240815,225247.810634,225635.332174,227.52154,257.537 um_pwv,314.394 um_pwv,35.0,5.001 K,0.603177
20240816,010136.272926,011149.820029,613.547103,256.755 um_pwv,313.44 um_pwv,35.0,5.037 K,0.601329
20240816,011150.782725,012204.231224,613.448499,258.828 um_pwv,315.971 um_pwv,35.0,5.117 K,0.606230
20240816,012205.189012,013218.637018,613.448006,257.941 um_pwv,314.888 um_pwv,35.0,5.084 K,0.604133
20240816,013219.594517,014233.044360,613.449843,257.108 um_pwv,313.871 um_pwv,35.0,5.083 K,0.602163
20240816,014234.002493,015247.448101,613.445608,258.017 um_pwv,314.981 um_pwv,35.0,5.096 K,0.604313
20240816,015248.412004,015635.930342,227.518338,257.739 um_pwv,314.641 um_pwv,35.0,5.021 K,0.603655
20240816,020136.096989,021149.670818,613.573829,256.982 um_pwv,313.717 um_pwv,35.0,5.098 K,0.601865
20240816,021150.633179,022204.077541,613.444362,256.201 um_pwv,312.764 um_pwv,35.0,5.119 K,0.600021
20240816,022205.041700,023218.489217,613.447517,256.227 um_pwv,312.795 um_pwv,35.0,5.108 K,0.600080
20240816,023219.449173,024232.896100,613.446927,254.998 um_pwv,311.295 um_pwv,35.0,5.105 K,0.597177
20240816,024233.853323,025247.300373,613.44705,253.278 um_pwv,309.196 um_pwv,35.0,5.12 K,0.593111
20240816,025248.260401,025635.784267,227.523866,254.05 um_pwv,310.137 um_pwv,35.0,5.106 K,0.594934
20240816,030135.879935,031149.428669,613.548734,254.773 um_pwv,311.021 um_pwv,35.0,5.152 K,0.596645
20240816,031150.390808,032203.835299,613.444491,254.898 um_pwv,311.173 um_pwv,35.0,5.14 K,0.596940
20240816,032204.798199,033218.241424,613.443225,255.361 um_pwv,311.738 um_pwv,35.0,5.097 K,0.598034
20240816,033219.205283,034232.650201,613.444918,258.372 um_pwv,315.414 um_pwv,35.0,5.166 K,0.605151
20240816,034233.608050,035247.057341,613.449291,258.651 um_pwv,315.754 um_pwv,35.0,5.181 K,0.605810
20240816,035248.020945,035635.540453,227.519508,257.638 um_pwv,314.518 um_pwv,35.0,5.155 K,0.603416
20240816,050135.698206,051149.276407,613.578201,246.491 um_pwv,300.91 um_pwv,35.0,5.035 K,0.577069
20240816,051150.237688,052203.685156,613.447468,246.83 um_pwv,301.324 um_pwv,35.0,5.034 K,0.577869
20240816,052204.642394,053218.091142,613.448748,245.551 um_pwv,299.762 um_pwv,35.0,5.053 K,0.574846
20240816,053219.047807,054232.496696,613.448889,241.99 um_pwv,295.415 um_pwv,35.0,5.031 K,0.566429
20240816,054233.459158,055246.906869,613.447711,241.812 um_pwv,295.198 um_pwv,35.0,5.026 K,0.566009
20240816,055247.864122,055635.384905,227.520783,240.594 um_pwv,293.711 um_pwv,35.0,5.005 K,0.563130
20240816,060136.507138,061150.088890,613.581752,241.244 um_pwv,294.504 um_pwv,35.0,5.047 K,0.564666
20240816,061151.044409,062204.491565,613.447156,237.711 um_pwv,290.192 um_pwv,35.0,5.023 K,0.556315
20240816,062205.454231,063218.899209,613.444978,237.734 um_pwv,290.22 um_pwv,35.0,5.017 K,0.556371
20240816,063219.861542,064233.306158,613.444616,236.955 um_pwv,289.269 um_pwv,35.0,5.025 K,0.554529
20240816,064234.267975,065247.714397,613.446422,234.817 um_pwv,286.658 um_pwv,35.0,5.016 K,0.549474
20240816,065248.676181,065636.197498,227.521317,232.869 um_pwv,284.281 um_pwv,35.0,4.935 K,0.544870
20240816,070136.291650,071149.841778,613.550128,231.708 um_pwv,282.863 um_pwv,35.0,5.029 K,0.542126
20240816,071150.803079,072204.250311,613.447232,230.87 um_pwv,281.84 um_pwv,35.0,4.966 K,0.540144
20240816,072205.206073,073218.656559,613.450486,230.169 um_pwv,280.985 um_pwv,35.0,4.972 K,0.538489
20240816,073219.612435,074233.063823,613.451388,228.888 um_pwv,279.42 um_pwv,35.0,5.032 K,0.535459
20240816,074234.020630,075247.467247,613.446617,229.978 um_pwv,280.751 um_pwv,35.0,5.015 K,0.538036
20240816,075248.431002,075635.949348,227.518346,227.925 um_pwv,278.246 um_pwv,35.0,4.943 K,0.533185
20240816,090136.059595,091149.635071,613.575476,224.139 um_pwv,273.623 um_pwv,35.0,5.022 K,0.524236
20240816,091150.598380,092204.045711,613.447331,221.347 um_pwv,270.214 um_pwv,35.0,4.977 K,0.517635
20240816,092205.004176,093218.453689,613.449513,218.354 um_pwv,266.561 um_pwv,35.0,5.011 K,0.510561
20240816,093219.412738,094232.857389,613.444651,217.341 um_pwv,265.324 um_pwv,35.0,4.982 K,0.508166
20240816,094233.815832,095247.264040,613.448208,218.098 um_pwv,266.248 um_pwv,35.0,5.008 K,0.509955
20240816,095248.227989,095635.745909,227.51792,219.297 um_pwv,267.712 um_pwv,35.0,4.966 K,0.512790
20240816,100135.842068,101149.390293,613.548225,219.921 um_pwv,268.474 um_pwv,35.0,4.972 K,0.514264
20240816,101150.348683,102203.797243,613.44856,217.309 um_pwv,265.285 um_pwv,35.0,5.009 K,0.508091
20240816,102204.760550,103218.203009,613.442459,214.35 um_pwv,261.674 um_pwv,35.0,5.013 K,0.501098
20240816,103219.166227,104232.611017,613.44479,212.477 um_pwv,259.386 um_pwv,35.0,5.07 K,0.496669
20240816,104233.580090,105247.020556,613.440466,211.466 um_pwv,258.152 um_pwv,35.0,5.054 K,0.494279
20240816,105247.977477,105635.499833,227.522356,210.689 um_pwv,257.203 um_pwv,35.0,5.011 K,0.492443
20240816,110135.650533,111149.190312,613.539779,209.879 um_pwv,256.215 um_pwv,35.0,5.089 K,0.490530
20240816,111150.152827,112203.599133,613.446306,207.783 um_pwv,253.656 um_pwv,35.0,5.122 K,0.485574
20240816,112204.561787,113218.008504,613.446717,207.366 um_pwv,253.147 um_pwv,35.0,5.078 K,0.484589
20240816,113218.966409,114232.413887,613.447478,206.57 um_pwv,252.175 um_pwv,35.0,5.152 K,0.482707
20240816,114233.372028,115246.819833,613.447805,204.661 um_pwv,249.845 um_pwv,35.0,5.11 K,0.478194
20240816,115247.783133,115635.302898,227.519765,204.268 um_pwv,249.365 um_pwv,35.0,5.092 K,0.477265
20240816,130136.446618,131149.994390,613.547772,211.607 um_pwv,258.325 um_pwv,35.0,4.992 K,0.494614
20240816,131150.955990,132204.401211,613.445221,215.867 um_pwv,263.525 um_pwv,35.0,4.927 K,0.504682
20240816,132205.364593,133218.810995,613.446402,222.739 um_pwv,271.914 um_pwv,35.0,4.912 K,0.520925
20240816,133219.773222,134233.216383,613.443161,230.305 um_pwv,281.15 um_pwv,35.0,4.907 K,0.538809
20240816,134234.178381,135247.625813,613.447432,233.497 um_pwv,285.048 um_pwv,35.0,4.886 K,0.546355
20240816,135248.587846,135636.105146,227.5173,233.532 um_pwv,285.09 um_pwv,35.0,4.842 K,0.546437
20240816,140136.249297,141149.798961,613.549664,236.735 um_pwv,289 um_pwv,35.0,4.893 K,0.554007
20240816,141150.760263,142204.203883,613.44362,239.277 um_pwv,292.104 um_pwv,35.0,4.852 K,0.560017
20240816,142205.167387,143218.615151,613.447764,239.911 um_pwv,292.878 um_pwv,35.0,4.809 K,0.561516
20240816,143219.571594,144233.019194,613.4476,241.35 um_pwv,294.634 um_pwv,35.0,4.771 K,0.564917
20240816,144233.981922,145247.428917,613.446995,242.917 um_pwv,296.547 um_pwv,35.0,4.789 K,0.568620
20240816,145248.385178,145635.907442,227.522264,244.901 um_pwv,298.969 um_pwv,35.0,4.663 K,0.573311
20240816,150136.050707,151149.598608,613.547901,249.189 um_pwv,304.203 um_pwv,35.0,4.764 K,0.583445
20240816,151150.559929,152204.009885,613.449956,250.807 um_pwv,306.178 um_pwv,35.0,4.781 K,0.587269
20240816,152204.965914,153218.414804,613.44889,248.165 um_pwv,302.953 um_pwv,35.0,4.798 K,0.581024
20240816,153219.376491,154232.823529,613.447038,249.458 um_pwv,304.532 um_pwv,35.0,4.755 K,0.584081
20240816,154233.785055,155247.230845,613.44579,250.389 um_pwv,305.668 um_pwv,35.0,4.792 K,0.586282
20240816,155248.186740,155635.708448,227.521708,249.335 um_pwv,304.382 um_pwv,35.0,4.725 K,0.583792
20240816,170135.820627,171149.395411,613.574784,257.461 um_pwv,314.302 um_pwv,35.0,4.833 K,0.602998
20240816,171150.359307,172203.803978,613.444671,260.561 um_pwv,318.086 um_pwv,35.0,4.84 K,0.610324
20240816,172204.767199,173218.209190,613.441991,265.737 um_pwv,324.405 um_pwv,35.0,4.869 K,0.622559
20240816,173219.173949,174232.616361,613.442412,267.502 um_pwv,326.56 um_pwv,35.0,4.838 K,0.626733
20240816,174233.580600,175247.022903,613.442303,271.016 um_pwv,330.85 um_pwv,35.0,4.822 K,0.635039
20240816,175247.985923,175635.505604,227.519681,271.789 um_pwv,331.793 um_pwv,35.0,4.74 K,0.636864
20240816,180135.619080,181149.202239,613.583159,283.589 um_pwv,346.198 um_pwv,35.0,4.649 K,0.664756
20240816,181150.158215,182203.605011,613.446796,295.064 um_pwv,360.207 um_pwv,35.0,4.549 K,0.691879
20240816,182204.568305,183218.011028,613.442723,335.661 um_pwv,409.766 um_pwv,35.0,5.022 K,0.787834
20240816,183218.973672,184232.419393,613.445721,338.81 um_pwv,413.611 um_pwv,35.0,4.998 K,0.795278
20240816,184233.382630,185246.829870,613.44724,340.848 um_pwv,416.098 um_pwv,35.0,4.973 K,0.800094
20240816,185247.786748,185635.310899,227.524151,340.078 um_pwv,415.159 um_pwv,35.0,4.898 K,0.798275
20240816,190136.366551,191149.913190,613.546639,341.955 um_pwv,417.451 um_pwv,35.0,4.863 K,0.802712
20240816,191150.870826,192204.321199,613.450373,340.329 um_pwv,415.465 um_pwv,35.0,4.86 K,0.798868
20240816,192205.278151,193218.725967,613.447816,337.547 um_pwv,412.068 um_pwv,35.0,4.836 K,0.792292
20240816,193219.689558,194233.135075,613.445517,337.58 um_pwv,412.109 um_pwv,35.0,4.781 K,0.792370
20240816,194234.093172,195247.543821,613.450649,338.843 um_pwv,413.651 um_pwv,35.0,4.797 K,0.795356
20240816,195248.501003,195636.023078,227.522075,340.714 um_pwv,415.935 um_pwv,35.0,4.729 K,0.799778
20240816,210136.177852,211149.758046,613.580194,334.968 um_pwv,408.921 um_pwv,35.0,4.792 K,0.786198
20240816,211150.719378,212204.167994,613.448616,336.024 um_pwv,410.209 um_pwv,35.0,4.82 K,0.788692
20240816,212205.124884,213218.574199,613.449315,334.771 um_pwv,408.68 um_pwv,35.0,4.866 K,0.785731
20240816,213219.530536,214232.977928,613.447392,330.976 um_pwv,404.047 um_pwv,35.0,4.886 K,0.776760
20240816,214233.939750,215247.388918,613.449168,292.152 um_pwv,356.652 um_pwv,35.0,4.368 K,0.684996
20240816,215248.344670,215635.867048,227.522378,290.208 um_pwv,354.279 um_pwv,35.0,4.342 K,0.680401
20240816,220135.964261,221149.514219,613.549958,287.768 um_pwv,351.3 um_pwv,35.0,4.393 K,0.674633
20240816,221150.470584,222203.922425,613.451841,287.514 um_pwv,350.989 um_pwv,35.0,4.387 K,0.674032
20240816,222204.879041,223218.330194,613.451153,285.881 um_pwv,348.996 um_pwv,35.0,4.46 K,0.670174
20240816,223219.286209,224232.733728,613.447519,282.949 um_pwv,345.417 um_pwv,35.0,4.48 K,0.663244
20240816,224233.696235,225247.140809,613.444574,284.537 um_pwv,347.356 um_pwv,35.0,4.435 K,0.666997
20240816,225248.103798,225635.622705,227.518907,285.516 um_pwv,348.551 um_pwv,35.0,4.359 K,0.669312
20240817,010136.598358,011150.167128,613.56877,403.463 um_pwv,492.537 um_pwv,35.0,4.499 K,0.948089
20240817,011151.129584,012204.577782,613.448198,434.506 um_pwv,530.434 um_pwv,35.0,4.374 K,1.02146
20240817,012205.534697,013218.982002,613.447305,442.493 um_pwv,540.185 um_pwv,35.0,4.302 K,1.04034
20240817,013219.945666,014233.393667,613.448001,445.115 um_pwv,543.386 um_pwv,35.0,4.142 K,1.04654
20240817,014234.350582,015247.797233,613.446651,466.502 um_pwv,569.494 um_pwv,35.0,3.995 K,1.09708
20240817,015248.761157,015636.280861,227.519704,477.544 um_pwv,582.974 um_pwv,35.0,3.868 K,1.12318
20240817,020136.376033,021149.927432,613.551399,483.14 um_pwv,589.805 um_pwv,35.0,3.864 K,1.13641
20240817,021150.883782,022204.332522,613.44874,492.995 um_pwv,601.836 um_pwv,35.0,3.802 K,1.15970
20240817,022205.290932,023218.738928,613.447996,502.152 um_pwv,613.014 um_pwv,35.0,3.736 K,1.18134
20240817,023219.697346,024233.148573,613.451227,506.375 um_pwv,618.17 um_pwv,35.0,3.699 K,1.19132
20240817,024234.107362,025247.557112,613.44975,518.66 um_pwv,633.167 um_pwv,35.0,3.585 K,1.22036
20240817,025248.516164,025636.034637,227.518473,525.542 um_pwv,641.568 um_pwv,35.0,3.463 K,1.23662
20240817,030136.178102,031149.728152,613.55005,534.316 um_pwv,652.28 um_pwv,35.0,3.361 K,1.25736
20240817,031150.684776,032204.135760,613.450984,539.915 um_pwv,659.114 um_pwv,35.0,3.289 K,1.27059
20240817,032205.092886,033218.541922,613.449036,532.791 um_pwv,650.418 um_pwv,35.0,3.329 K,1.25376
20240817,033219.499152,034232.947725,613.448573,524.249 um_pwv,639.99 um_pwv,35.0,3.38 K,1.23357
20240817,034233.917385,035247.359024,613.441639,521.903 um_pwv,637.126 um_pwv,35.0,3.446 K,1.22802
20240817,035248.317139,035635.837998,227.520859,520.234 um_pwv,635.089 um_pwv,35.0,3.414 K,1.22408
20240817,050135.975291,051149.526497,613.551206,556.27 um_pwv,679.081 um_pwv,35.0,3.219 K,1.30925
20240817,051150.487188,052203.934318,613.44713,569.182 um_pwv,694.843 um_pwv,35.0,3.131 K,1.33976
20240817,052204.890905,053218.340654,613.449749,569.8 um_pwv,695.597 um_pwv,35.0,3.093 K,1.34122
20240817,053219.299956,054232.744746,613.44479,568.103 um_pwv,693.525 um_pwv,35.0,3.024 K,1.33721
20240817,054233.707316,055247.156410,613.449094,566.062 um_pwv,691.034 um_pwv,35.0,2.987 K,1.33239
20240817,055248.113695,055635.636134,227.522439,558.716 um_pwv,682.066 um_pwv,35.0,2.927 K,1.31503
20240817,060135.777160,061149.327003,613.549843,562.308 um_pwv,686.451 um_pwv,35.0,2.911 K,1.32352
20240817,061150.288274,062203.734342,613.446068,568.982 um_pwv,694.599 um_pwv,35.0,2.889 K,1.33929
20240817,062204.696116,063218.143208,613.447092,573.265 um_pwv,699.827 um_pwv,35.0,2.824 K,1.34941
20240817,063219.104727,064232.548806,613.444079,573.307 um_pwv,699.879 um_pwv,35.0,2.806 K,1.34951
20240817,064233.511584,065246.958264,613.44668,569.982 um_pwv,695.82 um_pwv,35.0,2.807 K,1.34165
20240817,065247.920729,065635.439366,227.518637,568.131 um_pwv,693.56 um_pwv,35.0,2.756 K,1.33728
20240817,070136.592138,071150.143495,613.551357,573.406 um_pwv,700 um_pwv,35.0,2.849 K,1.34975
20240817,071151.098356,072204.547473,613.449117,573.618 um_pwv,700.259 um_pwv,35.0,2.803 K,1.35025
20240817,072205.509472,073218.953585,613.444113,573.604 um_pwv,700.241 um_pwv,35.0,2.849 K,1.35021
20240817,073219.915413,074233.366043,613.45063,572.954 um_pwv,699.448 um_pwv,35.0,2.885 K,1.34868
20240817,074234.322121,075247.772355,613.450234,571.4 um_pwv,697.55 um_pwv,35.0,2.87 K,1.34500
20240817,075248.729037,075636.252663,227.523626,574.623 um_pwv,701.485 um_pwv,35.0,2.864 K,1.35262
20240817,090136.414022,091149.989777,613.575755,577.434 um_pwv,704.917 um_pwv,35.0,2.833 K,1.35927
20240817,091150.946100,092204.396624,613.450524,575.885 um_pwv,703.026 um_pwv,35.0,2.817 K,1.35560
20240817,092205.353838,093218.804940,613.451102,576.979 um_pwv,704.361 um_pwv,35.0,2.92 K,1.35819
20240817,093219.762387,094233.208394,613.446007,571.023 um_pwv,697.09 um_pwv,35.0,2.978 K,1.34411
20240817,094234.171456,095247.617204,613.445748,564.084 um_pwv,688.62 um_pwv,35.0,2.959 K,1.32771
20240817,095248.574401,095636.096858,227.522457,556.846 um_pwv,679.784 um_pwv,35.0,2.936 K,1.31061
20240817,100136.192401,101149.740542,613.548141,555.038 um_pwv,677.576 um_pwv,35.0,2.966 K,1.30633
20240817,101150.702937,102204.152118,613.449181,553.576 um_pwv,675.792 um_pwv,35.0,2.954 K,1.30288
20240817,102205.109350,103218.560074,613.450724,547.228 um_pwv,668.042 um_pwv,35.0,2.985 K,1.28788
20240817,103219.519151,104232.966918,613.447767,540.807 um_pwv,660.203 um_pwv,35.0,3.137 K,1.27270
20240817,104233.924173,105247.372127,613.447954,538.705 um_pwv,657.638 um_pwv,35.0,3.079 K,1.26773
20240817,105248.335482,105635.853631,227.518149,532.699 um_pwv,650.306 um_pwv,35.0,3.037 K,1.25354
20240817,110135.997272,111149.546268,613.548996,531.205 um_pwv,648.482 um_pwv,35.0,3.12 K,1.25001
20240817,111150.509351,112203.951078,613.441727,531.585 um_pwv,648.945 um_pwv,35.0,3.252 K,1.25090
20240817,112204.915938,113218.363085,613.447147,535.503 um_pwv,653.728 um_pwv,35.0,3.232 K,1.26016
20240817,113219.320048,114232.767413,613.447365,543.171 um_pwv,663.089 um_pwv,35.0,3.218 K,1.27829
20240817,114233.731196,115247.174222,613.443026,544.431 um_pwv,664.627 um_pwv,35.0,3.247 K,1.28126
20240817,115248.137832,115635.659132,227.5213,538.652 um_pwv,657.573 um_pwv,35.0,3.233 K,1.26761
20240817,130135.749753,131149.298479,613.548726,524.443 um_pwv,640.226 um_pwv,35.0,3.434 K,1.23402
20240817,131150.259418,132203.703380,613.443962,521.132 um_pwv,636.185 um_pwv,35.0,3.358 K,1.22620
20240817,132204.665126,133218.111538,613.446412,522.804 um_pwv,638.226 um_pwv,35.0,3.435 K,1.23015
20240817,133219.074544,134232.521912,613.447368,517.677 um_pwv,631.967 um_pwv,35.0,3.474 K,1.21803
20240817,134233.477995,135246.928464,613.450469,514.841 um_pwv,628.505 um_pwv,35.0,3.558 K,1.21133
20240817,135247.889961,135635.408083,227.518122,511.88 um_pwv,624.89 um_pwv,35.0,3.549 K,1.20433
20240817,140136.538604,141150.110690,613.572086,519.656 um_pwv,634.383 um_pwv,35.0,3.591 K,1.22271
20240817,141151.071744,142204.518641,613.446897,522.186 um_pwv,637.472 um_pwv,35.0,3.556 K,1.22869
20240817,142205.480094,143218.927691,613.447597,518.022 um_pwv,632.388 um_pwv,35.0,3.616 K,1.21885
20240817,143219.884285,144233.335237,613.450952,512.247 um_pwv,625.338 um_pwv,35.0,3.576 K,1.20520
20240817,144234.291364,145247.741242,613.449878,506.251 um_pwv,618.018 um_pwv,35.0,3.521 K,1.19103
20240817,145248.703148,145636.222805,227.519657,499.98 um_pwv,610.362 um_pwv,35.0,3.506 K,1.17621
20240817,150136.318868,151149.867639,613.548771,502.696 um_pwv,613.679 um_pwv,35.0,3.547 K,1.18263
20240817,151150.828802,152204.274902,613.4461,501.188 um_pwv,611.838 um_pwv,35.0,3.488 K,1.17906
20240817,152205.236988,153218.683943,613.446955,498.627 um_pwv,608.711 um_pwv,35.0,3.564 K,1.17301
20240817,153219.640784,154233.090081,613.449297,493.13 um_pwv,602.001 um_pwv,35.0,3.544 K,1.16002
20240817,154234.051972,155247.499626,613.447654,490.924 um_pwv,599.308 um_pwv,35.0,3.641 K,1.15481
20240817,155248.456250,155635.979037,227.522787,486.878 um_pwv,594.369 um_pwv,35.0,3.562 K,1.14524
20240817,170136.119640,171149.667838,613.548198,461.429 um_pwv,563.301 um_pwv,35.0,3.437 K,1.08509
20240817,171150.629968,172204.077240,613.447272,455.189 um_pwv,555.683 um_pwv,35.0,3.448 K,1.07035
20240817,172205.035394,173218.482736,613.447342,448.503 um_pwv,547.522 um_pwv,35.0,3.421 K,1.05454
20240817,173219.439709,174232.887373,613.447664,449.697 um_pwv,548.979 um_pwv,35.0,3.443 K,1.05737
20240817,174233.850990,175247.297436,613.446446,449.875 um_pwv,549.196 um_pwv,35.0,3.481 K,1.05779
20240817,175248.254371,175635.777075,227.522704,444.787 um_pwv,542.984 um_pwv,35.0,3.419 K,1.04576
20240817,180135.922935,181149.472682,613.549747,442.831 um_pwv,540.597 um_pwv,35.0,3.473 K,1.04114
20240817,181150.430311,182203.877952,613.447641,445.62 um_pwv,544.001 um_pwv,35.0,3.53 K,1.04773
20240817,182204.840914,183218.283793,613.442879,450.495 um_pwv,549.953 um_pwv,35.0,3.453 K,1.05925
20240817,183219.243453,184232.695726,613.452273,447.643 um_pwv,546.471 um_pwv,35.0,3.443 K,1.05251
20240817,184233.653246,185247.102200,613.448954,441.971 um_pwv,539.547 um_pwv,35.0,3.423 K,1.03910
20240817,185248.059150,185635.581934,227.522784,435.555 um_pwv,531.715 um_pwv,35.0,3.333 K,1.02394
20240817,190135.736400,191149.274567,613.538167,432.18 um_pwv,527.595 um_pwv,35.0,3.31 K,1.01596
20240817,191150.236530,192203.683161,613.446631,432.436 um_pwv,527.907 um_pwv,35.0,3.35 K,1.01657
20240817,192204.645993,193218.087547,613.441554,436.543 um_pwv,532.92 um_pwv,35.0,3.34 K,1.02627
20240817,193219.051451,194232.499355,613.447904,437.274 um_pwv,533.813 um_pwv,35.0,3.345 K,1.02800
20240817,194233.458033,195246.903615,613.445582,437.36 um_pwv,533.918 um_pwv,35.0,3.348 K,1.02821
20240817,195247.866315,195635.385632,227.519317,434.859 um_pwv,530.865 um_pwv,35.0,3.352 K,1.02230
20240817,210136.487717,211150.036481,613.548764,440.017 um_pwv,537.161 um_pwv,35.0,3.446 K,1.03449
20240817,211150.991738,212204.442771,613.451033,441.895 um_pwv,539.454 um_pwv,35.0,3.522 K,1.03892
20240817,212205.399103,213218.849346,613.450243,440.125 um_pwv,537.293 um_pwv,35.0,3.582 K,1.03474
20240817,213219.810952,214233.257413,613.446461,438.179 um_pwv,534.918 um_pwv,35.0,3.494 K,1.03014
20240817,214234.218857,215247.662221,613.443364,436.736 um_pwv,533.156 um_pwv,35.0,3.507 K,1.02673
20240817,215248.624351,215636.145594,227.521243,437.532 um_pwv,534.128 um_pwv,35.0,3.361 K,1.02861
20240817,220136.292218,221149.836134,613.543916,443.617 um_pwv,541.556 um_pwv,35.0,3.502 K,1.04299
20240817,221150.797369,222204.244273,613.446904,442.123 um_pwv,539.733 um_pwv,35.0,3.446 K,1.03946
20240817,222205.207059,223218.650814,613.443755,445.708 um_pwv,544.108 um_pwv,35.0,3.479 K,1.04794
20240817,223219.612921,224233.057635,613.444714,446.432 um_pwv,544.993 um_pwv,35.0,3.496 K,1.04965
20240817,224234.020495,225247.468506,613.448011,444.896 um_pwv,543.118 um_pwv,35.0,3.473 K,1.04602
20240817,225248.430227,225635.948292,227.518065,439.475 um_pwv,536.5 um_pwv,35.0,3.449 K,1.03321
20240818,010135.915967,011149.541475,613.625508,387.108 um_pwv,472.572 um_pwv,35.0,3.72 K,0.909435
20240818,011150.497774,012203.948273,613.450499,385.322 um_pwv,470.392 um_pwv,35.0,3.767 K,0.905214
20240818,012204.905478,013218.351825,613.446347,384.603 um_pwv,469.513 um_pwv,35.0,3.721 K,0.903513
20240818,013219.315123,014232.759277,613.444154,380.5 um_pwv,464.505 um_pwv,35.0,3.691 K,0.893816
20240818,014233.724378,015247.166828,613.44245,378.186 um_pwv,461.68 um_pwv,35.0,3.722 K,0.888347
20240818,015248.131701,015635.650661,227.51896,377.48 um_pwv,460.818 um_pwv,35.0,3.631 K,0.886678
20240818,020135.696483,021149.243687,613.547204,378.894 um_pwv,462.544 um_pwv,35.0,3.624 K,0.890020
20240818,021150.206044,022203.651814,613.44577,374.963 um_pwv,457.746 um_pwv,35.0,3.575 K,0.880729
20240818,022204.616285,023218.062618,613.446333,375.998 um_pwv,459.008 um_pwv,35.0,3.573 K,0.883174
20240818,023219.019857,024232.469316,613.449459,372.83 um_pwv,455.142 um_pwv,35.0,3.632 K,0.875687
20240818,024233.426230,025246.874125,613.447895,370.017 um_pwv,451.707 um_pwv,35.0,3.744 K,0.869038
20240818,025247.838087,025635.357239,227.519152,368.51 um_pwv,449.867 um_pwv,35.0,3.638 K,0.865475
20240818,030136.486557,031150.055351,613.568794,362.346 um_pwv,442.342 um_pwv,35.0,3.78 K,0.850906
20240818,031151.018604,032204.467084,613.44848,355.148 um_pwv,433.556 um_pwv,35.0,3.814 K,0.833895
20240818,032205.424737,033218.875008,613.450271,351.5 um_pwv,429.103 um_pwv,35.0,3.814 K,0.825273
20240818,033219.832032,034233.278592,613.44656,350.224 um_pwv,427.544 um_pwv,35.0,3.756 K,0.822255
20240818,034234.242418,035247.685599,613.443181,343.81 um_pwv,419.714 um_pwv,35.0,3.782 K,0.807095
20240818,035248.649189,035636.168546,227.519357,337.281 um_pwv,411.745 um_pwv,35.0,3.755 K,0.791664
20240818,050136.308104,051149.856655,613.548551,257.133 um_pwv,313.901 um_pwv,35.0,3.894 K,0.602222
20240818,051150.817654,052204.263657,613.446003,253.204 um_pwv,309.105 um_pwv,35.0,3.955 K,0.592935
20240818,052205.225661,053218.676200,613.450539,246.987 um_pwv,301.516 um_pwv,35.0,3.925 K,0.578241
20240818,053219.632165,054233.078436,613.446271,240.311 um_pwv,293.366 um_pwv,35.0,3.94 K,0.562462
20240818,054234.040369,055247.490879,613.45051,237.06 um_pwv,289.396 um_pwv,35.0,3.99 K,0.554776
20240818,055248.446957,055635.969333,227.522376,237.432 um_pwv,289.851 um_pwv,35.0,4.018 K,0.555655
20240818,060136.113477,061149.712655,613.599178,231.731 um_pwv,282.891 um_pwv,35.0,4.038 K,0.542180
20240818,061150.673907,062204.116692,613.442785,228.596 um_pwv,279.065 um_pwv,35.0,4.097 K,0.534771
20240818,062205.078471,063218.529194,613.450723,228.104 um_pwv,278.464 um_pwv,35.0,4.148 K,0.533607
20240818,063219.486157,064232.932719,613.446562,225.328 um_pwv,275.075 um_pwv,35.0,4.176 K,0.527045
20240818,064233.896163,065247.339956,613.443793,219.641 um_pwv,268.132 um_pwv,35.0,4.216 K,0.513603
20240818,065248.302972,065635.825248,227.522276,214.497 um_pwv,261.853 um_pwv,35.0,4.344 K,0.501445
20240818,070135.917464,071149.468651,613.551187,214.543 um_pwv,261.908 um_pwv,35.0,4.36 K,0.501552
20240818,071150.430267,072203.875610,613.445343,212.015 um_pwv,258.823 um_pwv,35.0,4.329 K,0.495578
20240818,072204.837618,073218.284256,613.446638,212.246 um_pwv,259.104 um_pwv,35.0,4.327 K,0.496123
20240818,073219.246097,074232.932169,613.686072,211.962 um_pwv,258.758 um_pwv,35.0,4.392 K,0.495452
20240818,074233.889144,075247.338595,613.449451,214.855 um_pwv,262.289 um_pwv,35.0,4.459 K,0.502290
20240818,075248.300123,075635.821177,227.521054,214.602 um_pwv,261.981 um_pwv,35.0,4.514 K,0.501694
20240818,090135.680799,091149.222120,613.541321,257.284 um_pwv,314.086 um_pwv,35.0,4.653 K,0.602580
20240818,091150.183925,092203.626995,613.44307,271.656 um_pwv,331.63 um_pwv,35.0,4.732 K,0.636549
20240818,092204.590349,093218.034102,613.443753,281.979 um_pwv,344.233 um_pwv,35.0,4.725 K,0.660950
20240818,093218.998639,094232.441731,613.443092,334.196 um_pwv,407.977 um_pwv,35.0,5.29 K,0.784371
20240818,094233.406635,095246.853215,613.44658,345.81 um_pwv,422.156 um_pwv,35.0,5.276 K,0.811822
20240818,095247.810420,095635.332624,227.522204,354.172 um_pwv,432.364 um_pwv,35.0,5.107 K,0.831587
20240818,100136.461080,101150.034008,613.572928,365.819 um_pwv,446.583 um_pwv,35.0,4.943 K,0.859116
20240818,101150.996070,102204.439351,613.443281,383.507 um_pwv,468.176 um_pwv,35.0,4.685 K,0.900923
20240818,102205.402880,103218.852251,613.449371,400.279 um_pwv,488.651 um_pwv,35.0,4.498 K,0.940564
20240818,103219.810359,104233.253404,613.443045,410.937 um_pwv,501.662 um_pwv,35.0,4.295 K,0.965755
20240818,104234.217311,105247.664094,613.446783,423.441 um_pwv,516.926 um_pwv,35.0,4.153 K,0.995309
20240818,105248.620952,105636.143041,227.522089,427.567 um_pwv,521.963 um_pwv,35.0,3.983 K,1.00506
20240818,110136.239171,111149.790523,613.551352,433.758 um_pwv,529.52 um_pwv,35.0,3.915 K,1.01969
20240818,111150.746859,112204.193621,613.446762,437.36 um_pwv,533.918 um_pwv,35.0,3.799 K,1.02821
20240818,112205.157422,113218.600797,613.443375,438.546 um_pwv,535.366 um_pwv,35.0,3.705 K,1.03101
20240818,113219.563711,114233.012053,613.448342,437.425 um_pwv,533.997 um_pwv,35.0,3.631 K,1.02836
20240818,114233.969996,115247.420061,613.450065,435.641 um_pwv,531.819 um_pwv,35.0,3.543 K,1.02414
20240818,115248.378647,115635.900204,227.521557,434.538 um_pwv,530.473 um_pwv,35.0,3.465 K,1.02154
20240818,130136.058918,131149.633754,613.574836,376.127 um_pwv,459.167 um_pwv,35.0,3.224 K,0.883480
20240818,131150.594787,132204.042859,613.448072,364.921 um_pwv,445.486 um_pwv,35.0,3.374 K,0.856992
20240818,132205.005299,133218.453853,613.448554,355.393 um_pwv,433.855 um_pwv,35.0,3.563 K,0.834473
20240818,133219.410462,134232.856509,613.446047,344.588 um_pwv,420.664 um_pwv,35.0,3.711 K,0.808934
20240818,134233.817936,135247.268077,613.450141,336.95 um_pwv,411.34 um_pwv,35.0,3.814 K,0.790881
20240818,135248.226805,135635.746587,227.519782,330.845 um_pwv,403.888 um_pwv,35.0,3.77 K,0.776453
20240818,140135.841048,141149.392021,613.550973,327.384 um_pwv,399.662 um_pwv,35.0,3.937 K,0.768272
20240818,141150.352943,142203.799846,613.446903,298.386 um_pwv,364.262 um_pwv,35.0,3.791 K,0.699731
20240818,142204.761319,143218.208527,613.447208,293.446 um_pwv,358.232 um_pwv,35.0,3.808 K,0.688055
20240818,143219.166077,144232.613253,613.447176,286.668 um_pwv,349.957 um_pwv,35.0,3.92 K,0.672034
20240818,144233.575419,145247.022678,613.447259,278.923 um_pwv,340.502 um_pwv,35.0,4.065 K,0.653727
20240818,145247.978641,145635.500647,227.522006,275.252 um_pwv,336.02 um_pwv,35.0,4.047 K,0.645049
20240818,150135.644942,151149.192064,613.547122,276.741 um_pwv,337.839 um_pwv,35.0,4.1 K,0.648571
20240818,151150.152736,152203.601155,613.448419,277.912 um_pwv,339.268 um_pwv,35.0,4.169 K,0.651337
20240818,152204.564155,153218.005911,613.441756,276.253 um_pwv,337.243 um_pwv,35.0,4.214 K,0.647416
20240818,153218.967699,154232.418932,613.451233,275.171 um_pwv,335.921 um_pwv,35.0,4.234 K,0.644857
20240818,154233.387478,155246.822925,613.435447,274.955 um_pwv,335.658 um_pwv,35.0,4.263 K,0.644347
20240818,155247.784659,155635.303444,227.518785,275.117 um_pwv,335.855 um_pwv,35.0,4.243 K,0.644730
20240818,170136.448691,171149.996280,613.547589,274.119 um_pwv,334.638 um_pwv,35.0,4.4 K,0.642373
20240818,171150.959329,172204.403075,613.443746,278.158 um_pwv,339.568 um_pwv,35.0,4.465 K,0.651918
20240818,172205.366653,173218.812988,613.446335,280.516 um_pwv,342.446 um_pwv,35.0,4.483 K,0.657491
20240818,173219.770223,174233.220337,613.450114,280.571 um_pwv,342.514 um_pwv,35.0,4.502 K,0.657621
20240818,174234.177232,175247.629876,613.452644,281.094 um_pwv,343.153 um_pwv,35.0,4.564 K,0.658859
20240818,175248.587726,175636.108560,227.520834,281.343 um_pwv,343.456 um_pwv,35.0,4.497 K,0.659447
20240818,180136.249558,181149.799149,613.549591,283.422 um_pwv,345.994 um_pwv,35.0,4.63 K,0.664361
20240818,181150.762148,182204.206765,613.444617,285.488 um_pwv,348.517 um_pwv,35.0,4.674 K,0.669245
20240818,182205.169429,183218.615834,613.446405,287.853 um_pwv,351.403 um_pwv,35.0,4.723 K,0.674834
20240818,183219.572728,184233.020413,613.447685,290.836 um_pwv,355.045 um_pwv,35.0,4.745 K,0.681884
20240818,184233.978517,185247.429026,613.450509,292.21 um_pwv,356.722 um_pwv,35.0,4.75 K,0.685132
20240818,185248.385971,185635.908622,227.522651,330.683 um_pwv,403.689 um_pwv,35.0,5.308 K,0.776068
20240818,190136.054508,191149.604557,613.550049,336.024 um_pwv,410.209 um_pwv,35.0,5.28 K,0.788692
20240818,191150.563636,192204.010862,613.447226,341.334 um_pwv,416.692 um_pwv,35.0,5.23 K,0.801244
20240818,192204.967777,193218.415884,613.448107,347.172 um_pwv,423.819 um_pwv,35.0,5.177 K,0.815043
20240818,193219.379513,194232.826150,613.446637,350.982 um_pwv,428.47 um_pwv,35.0,5.168 K,0.824048
20240818,194233.783740,195247.232106,613.448366,353.511 um_pwv,431.557 um_pwv,35.0,5.182 K,0.830024
20240818,195248.188967,195635.712509,227.523542,353.129 um_pwv,431.09 um_pwv,35.0,5.095 K,0.829121
20240818,210135.815478,211149.348204,613.532726,359.824 um_pwv,439.264 um_pwv,35.0,5.12 K,0.844947
20240818,211150.309400,212203.759480,613.45008,361.029 um_pwv,440.736 um_pwv,35.0,5.154 K,0.847795
20240818,212204.715478,213218.168785,613.453307,364.454 um_pwv,444.917 um_pwv,35.0,5.095 K,0.855890
20240818,213219.124812,214232.572724,613.447912,366.251 um_pwv,447.11 um_pwv,35.0,5.104 K,0.860137
20240818,214233.534214,215246.980087,613.445873,365.783 um_pwv,446.539 um_pwv,35.0,5.14 K,0.859031
20240818,215247.941587,215635.460784,227.519197,362.559 um_pwv,442.603 um_pwv,35.0,5.041 K,0.851412
20240818,220135.621371,221149.200860,613.579489,364.49 um_pwv,444.96 um_pwv,35.0,5.075 K,0.855975
20240818,221150.162735,222203.607052,613.444317,364.562 um_pwv,445.048 um_pwv,35.0,5.126 K,0.856145
20240818,222204.570101,223218.012469,613.442368,363.989 um_pwv,444.348 um_pwv,35.0,5.123 K,0.854790
20240818,223218.974104,224232.423824,613.44972,363.238 um_pwv,443.431 um_pwv,35.0,5.189 K,0.853014
20240818,224233.380141,225246.826830,613.446689,363.381 um_pwv,443.606 um_pwv,35.0,5.15 K,0.853352
20240818,225247.788300,225635.311616,227.523316,361.669 um_pwv,441.516 um_pwv,35.0,5.136 K,0.849307
20240819,010136.274823,011149.856540,613.581717,348.489 um_pwv,425.427 um_pwv,35.0,5.111 K,0.818155
20240819,011150.813747,012204.262581,613.448834,345.98 um_pwv,422.363 um_pwv,35.0,5.105 K,0.812224
20240819,012205.219480,013218.665593,613.446113,345.385 um_pwv,421.637 um_pwv,35.0,5.11 K,0.810818
20240819,013219.630404,014233.075562,613.445158,344.317 um_pwv,420.333 um_pwv,35.0,5.109 K,0.808294
20240819,014234.032889,015247.479836,613.446947,343.337 um_pwv,419.137 um_pwv,35.0,5.13 K,0.805977
20240819,015248.443729,015635.962263,227.518534,341.418 um_pwv,416.794 um_pwv,35.0,5.14 K,0.801442
20240819,020136.058882,021149.610094,613.551212,339.577 um_pwv,414.547 um_pwv,35.0,5.08 K,0.797090
20240819,021150.566138,022204.012862,613.446724,339.177 um_pwv,414.058 um_pwv,35.0,5.065 K,0.796144
20240819,022204.977342,023218.425161,613.447819,339.677 um_pwv,414.669 um_pwv,35.0,5.117 K,0.797327
20240819,023219.382356,024232.832613,613.450257,339.01 um_pwv,413.855 um_pwv,35.0,5.13 K,0.795750
20240819,024233.791954,025247.240229,613.448275,335.232 um_pwv,409.243 um_pwv,35.0,5.061 K,0.786821
20240819,025248.197213,025635.720702,227.523489,334.574 um_pwv,408.439 um_pwv,35.0,4.995 K,0.785264
20240819,030135.863693,031149.413683,613.54999,336.387 um_pwv,410.653 um_pwv,35.0,5.119 K,0.789551
20240819,031150.375830,032203.821973,613.446143,339.443 um_pwv,414.384 um_pwv,35.0,5.099 K,0.796775
20240819,032204.779150,033218.227693,613.448543,338.51 um_pwv,413.245 um_pwv,35.0,5.07 K,0.794569
20240819,033219.190345,034232.638328,613.447983,337.912 um_pwv,412.514 um_pwv,35.0,5.108 K,0.793155
20240819,034233.595228,035247.045429,613.450201,336.586 um_pwv,410.895 um_pwv,35.0,5.054 K,0.790020
20240819,035248.002648,035635.524694,227.522046,334.672 um_pwv,408.559 um_pwv,35.0,5.026 K,0.785498
20240819,050135.685289,051149.263293,613.578004,334.705 um_pwv,408.6 um_pwv,35.0,5.126 K,0.785575
20240819,051150.219975,052203.666418,613.446443,332.835 um_pwv,406.317 um_pwv,35.0,5.138 K,0.781155
20240819,052204.628489,053218.076166,613.447677,292.813 um_pwv,357.459 um_pwv,35.0,4.472 K,0.686558
20240819,053219.032502,054232.484673,613.452171,288.645 um_pwv,352.371 um_pwv,35.0,4.484 K,0.676707
20240819,054233.441119,055246.890231,613.449112,285.713 um_pwv,348.791 um_pwv,35.0,4.453 K,0.669776
20240819,055247.852133,055635.370896,227.518763,281.343 um_pwv,343.456 um_pwv,35.0,4.399 K,0.659447
20240819,060136.475124,061150.023520,613.548396,277.34 um_pwv,338.569 um_pwv,35.0,4.579 K,0.649985
20240819,061150.985372,062204.431360,613.445988,268.002 um_pwv,327.17 um_pwv,35.0,4.555 K,0.627913
20240819,062205.393708,063218.837408,613.4437,264.878 um_pwv,323.356 um_pwv,35.0,4.607 K,0.620529
20240819,063219.799778,064233.244306,613.444528,263.388 um_pwv,321.537 um_pwv,35.0,4.626 K,0.617007
20240819,064234.207400,065247.649885,613.442485,261.072 um_pwv,318.71 um_pwv,35.0,4.663 K,0.611534
20240819,065248.613278,065636.133181,227.519903,258.245 um_pwv,315.259 um_pwv,35.0,4.631 K,0.604851
20240819,070136.275852,071149.825649,613.549797,254.698 um_pwv,310.929 um_pwv,35.0,4.714 K,0.596468
20240819,071150.787580,072204.233743,613.446163,251.028 um_pwv,306.449 um_pwv,35.0,4.718 K,0.587793
20240819,072205.195499,073218.638047,613.442548,251.077 um_pwv,306.509 um_pwv,35.0,4.718 K,0.587909
20240819,073219.600106,074233.049517,613.449411,250.708 um_pwv,306.058 um_pwv,35.0,4.698 K,0.587037
20240819,074234.005598,075247.456196,613.450598,249.458 um_pwv,304.532 um_pwv,35.0,4.654 K,0.584081
20240819,075248.413456,075635.936518,227.523062,253.502 um_pwv,309.469 um_pwv,35.0,4.588 K,0.593640
20240819,090136.044631,091149.623929,613.579298,225.925 um_pwv,275.803 um_pwv,35.0,4.565 K,0.528456
20240819,091150.579959,092204.028593,613.448634,222.259 um_pwv,271.328 um_pwv,35.0,4.542 K,0.519792
20240819,092204.991305,093218.436085,613.44478,218.29 um_pwv,266.483 um_pwv,35.0,4.492 K,0.510410
20240819,093219.399329,094232.844362,613.445033,212.388 um_pwv,259.278 um_pwv,35.0,4.471 K,0.496459
20240819,094233.807395,095247.253121,613.445726,206.674 um_pwv,252.302 um_pwv,35.0,4.504 K,0.482952
20240819,095248.210030,095635.732711,227.522681,200.812 um_pwv,245.146 um_pwv,35.0,4.45 K,0.469097
20240819,100135.826941,101149.379040,613.552099,199.14 um_pwv,243.105 um_pwv,35.0,4.428 K,0.465145
20240819,101150.335452,102203.787114,613.451662,195.184 um_pwv,238.276 um_pwv,35.0,4.51 K,0.455794
20240819,102204.744338,103218.189591,613.445253,192.72 um_pwv,235.268 um_pwv,35.0,4.403 K,0.449970
20240819,103219.152890,104232.599644,613.446754,188.515 um_pwv,230.134 um_pwv,35.0,4.342 K,0.440030
20240819,104233.556831,105247.008366,613.451535,179.39 um_pwv,218.995 um_pwv,35.0,4.276 K,0.418461
20240819,105247.967666,105635.486460,227.518794,171.884 um_pwv,209.832 um_pwv,35.0,4.182 K,0.400719
20240819,110135.631394,111149.181209,613.549815,162.84 um_pwv,198.79 um_pwv,35.0,4.291 K,0.379340
20240819,111150.143043,112203.587088,613.444045,157.473 um_pwv,192.239 um_pwv,35.0,4.39 K,0.366654
20240819,112204.550681,113217.995821,613.44514,159.056 um_pwv,194.171 um_pwv,35.0,4.424 K,0.370396
20240819,113218.952936,114232.400586,613.44765,173.585 um_pwv,211.909 um_pwv,35.0,4.56 K,0.404740
20240819,114233.363319,115246.807583,613.444264,192.914 um_pwv,235.504 um_pwv,35.0,4.777 K,0.450427
20240819,115247.770208,115635.289980,227.519772,205.398 um_pwv,250.745 um_pwv,35.0,4.956 K,0.479937
20240819,130136.406557,131149.983072,613.576515,432.436 um_pwv,527.907 um_pwv,35.0,4.732 K,1.01657
20240819,131150.945430,132204.392072,613.446642,451.717 um_pwv,551.445 um_pwv,35.0,4.361 K,1.06214
20240819,132205.354113,133218.801256,613.447143,471.259 um_pwv,575.301 um_pwv,35.0,4.044 K,1.10833
20240819,133219.757525,134233.207728,613.450203,496.25 um_pwv,605.809 um_pwv,35.0,3.876 K,1.16739
20240819,134234.169195,135247.612601,613.443406,513.258 um_pwv,626.572 um_pwv,35.0,3.64 K,1.20759
20240819,135248.574962,135636.094317,227.519355,524.197 um_pwv,639.926 um_pwv,35.0,3.443 K,1.23344
20240819,140136.202695,141149.739770,613.537075,557.08 um_pwv,680.069 um_pwv,35.0,3.351 K,1.31116
20240819,141150.700691,142204.147712,613.447021,588.844 um_pwv,718.845 um_pwv,35.0,3.234 K,1.38623
20240819,142205.104253,143218.554761,613.450508,608.084 um_pwv,742.334 um_pwv,35.0,3.149 K,1.43170
20240819,143219.511620,144232.962843,613.451223,613.093 um_pwv,748.449 um_pwv,35.0,3.154 K,1.44354
20240819,144233.919833,145247.368709,613.448876,577.545 um_pwv,705.052 um_pwv,35.0,2.972 K,1.35953
20240819,145248.330437,145635.847823,227.517386,559.736 um_pwv,683.311 um_pwv,35.0,2.821 K,1.31744
20240819,150135.991910,151149.539642,613.547732,578.56 um_pwv,706.291 um_pwv,35.0,2.725 K,1.36193
20240819,151150.500818,152203.946068,613.44525,559.391 um_pwv,682.89 um_pwv,35.0,2.731 K,1.31662
20240819,152204.908493,153218.357395,613.448902,548.714 um_pwv,669.856 um_pwv,35.0,2.668 K,1.29139
20240819,153219.313409,154232.764010,613.450601,542.128 um_pwv,661.816 um_pwv,35.0,2.628 K,1.27582
20240819,154233.725442,155247.172338,613.446896,580.342 um_pwv,708.467 um_pwv,35.0,2.645 K,1.36614
20240819,155248.129908,155635.651111,227.521203,606.782 um_pwv,740.744 um_pwv,35.0,2.691 K,1.42862
20240819,170135.804405,171149.340560,613.536155,676.277 um_pwv,825.582 um_pwv,35.0,2.424 K,1.59287
20240819,171150.296814,172203.745993,613.449179,690.345 um_pwv,842.755 um_pwv,35.0,2.278 K,1.62611
20240819,172204.708909,173218.154457,613.445548,677.708 um_pwv,827.329 um_pwv,35.0,2.299 K,1.59625
20240819,173219.112295,174232.558847,613.446552,689.766 um_pwv,842.049 um_pwv,35.0,2.376 K,1.62474
20240819,174233.522054,175246.970243,613.448189,703.79 um_pwv,859.169 um_pwv,35.0,2.373 K,1.65789
20240819,175247.928653,175635.448454,227.519801,720.223 um_pwv,879.23 um_pwv,35.0,2.372 K,1.69672
20240819,180135.591908,181149.143734,613.551826,773.296 um_pwv,944.02 um_pwv,35.0,2.559 K,1.82215
20240819,181150.100029,182203.547233,613.447204,776.577 um_pwv,948.026 um_pwv,35.0,2.688 K,1.82990
20240819,182204.511430,183217.958444,613.447014,766.62 um_pwv,935.87 um_pwv,35.0,2.651 K,1.80637
20240819,183218.916287,184232.361982,613.445695,765.648 um_pwv,934.684 um_pwv,35.0,2.497 K,1.80407
20240819,184233.325571,185246.772454,613.446883,762.62 um_pwv,930.987 um_pwv,35.0,2.476 K,1.79692
20240819,185247.729659,185635.252282,227.522623,766.196 um_pwv,935.353 um_pwv,35.0,2.384 K,1.80537
20240819,190136.402946,191149.955137,613.552191,770.839 um_pwv,941.02 um_pwv,35.0,2.436 K,1.81634
20240819,191150.911531,192204.360076,613.448545,764.931 um_pwv,933.808 um_pwv,35.0,2.397 K,1.80238
20240819,192205.323060,193218.772024,613.448964,754.237 um_pwv,920.753 um_pwv,35.0,2.239 K,1.77711
20240819,193219.730404,194233.178122,613.447718,750.969 um_pwv,916.763 um_pwv,35.0,2.039 K,1.76938
20240819,194234.137158,195247.583564,613.446406,749.606 um_pwv,915.1 um_pwv,35.0,1.989 K,1.76616
20240819,195248.540446,195636.062892,227.522446,743.759 um_pwv,907.962 um_pwv,35.0,1.979 K,1.75234
20240819,210136.158079,211149.703138,613.545059,724.149 um_pwv,884.023 um_pwv,35.0,2.207 K,1.70600
20240819,211150.664401,212204.113052,613.448651,720.496 um_pwv,879.564 um_pwv,35.0,2.257 K,1.69737
20240819,212205.068806,213218.516347,613.447541,723.239 um_pwv,882.912 um_pwv,35.0,2.213 K,1.70385
20240819,213219.478396,214232.927579,613.449183,728.486 um_pwv,889.317 um_pwv,35.0,2.051 K,1.71625
20240819,214233.885423,215247.331744,613.446321,742.64 um_pwv,906.596 um_pwv,35.0,2.019 K,1.74970
20240819,215248.293200,215635.813265,227.520065,747.781 um_pwv,912.872 um_pwv,35.0,1.968 K,1.76185
20240819,220135.957211,221149.507010,613.549799,765.713 um_pwv,934.762 um_pwv,35.0,1.952 K,1.80423
20240819,221150.468265,222203.913788,613.445523,781.248 um_pwv,953.728 um_pwv,35.0,1.994 K,1.84094
20240819,222204.875159,223218.321285,613.446126,784.61 um_pwv,957.832 um_pwv,35.0,2.25 K,1.84888
20240819,223219.276963,224232.726489,613.449526,781.24 um_pwv,953.718 um_pwv,35.0,2.227 K,1.84092
20240819,224233.688378,225247.133638,613.44526,782.425 um_pwv,955.164 um_pwv,35.0,2.007 K,1.84372
20240819,225248.096104,225635.614619,227.518515,781.769 um_pwv,954.363 um_pwv,35.0,1.934 K,1.84217
20240820,010136.339450,011149.874089,613.534639,727.043 um_pwv,887.555 um_pwv,35.0,2.251 K,1.71284
20240820,011150.836196,012204.281807,613.445611,732.624 um_pwv,894.369 um_pwv,35.0,2.196 K,1.72603
20240820,012205.244772,013218.691607,613.446835,741.286 um_pwv,904.943 um_pwv,35.0,2.194 K,1.74650
20240820,013219.649428,014233.097387,613.447959,748.047 um_pwv,913.196 um_pwv,35.0,2.234 K,1.76248
20240820,014234.061967,015247.509210,613.447243,750.58 um_pwv,916.288 um_pwv,35.0,2.291 K,1.76846
20240820,015248.466118,015635.989321,227.523203,748.416 um_pwv,913.647 um_pwv,35.0,2.358 K,1.76335
20240820,020112.330889,021125.874106,613.543217,741.542 um_pwv,905.255 um_pwv,35.0,2.396 K,1.74710
20240820,021126.831050,022140.278051,613.447001,738.711 um_pwv,901.8 um_pwv,35.0,2.357 K,1.74042
20240820,022141.242044,023154.688850,613.446806,736.364 um_pwv,898.934 um_pwv,35.0,2.311 K,1.73487
20240820,023155.645775,024209.092629,613.446854,737.91 um_pwv,900.822 um_pwv,35.0,2.245 K,1.73852
20240820,024210.061314,025223.504594,613.44328,743.465 um_pwv,907.603 um_pwv,35.0,2.285 K,1.75165
20240820,025224.462187,025611.984261,227.522074,749.628 um_pwv,915.127 um_pwv,35.0,2.26 K,1.76622
20240820,030109.024013,031122.606956,613.582943,752.575 um_pwv,918.725 um_pwv,35.0,2.285 K,1.77318
20240820,031123.563706,032137.014383,613.450677,756.417 um_pwv,923.415 um_pwv,35.0,2.207 K,1.78226
20240820,032137.971356,033151.421228,613.449872,748.453 um_pwv,913.692 um_pwv,35.0,2.067 K,1.76344
20240820,033152.378440,034205.826281,613.447841,761.379 um_pwv,929.473 um_pwv,35.0,2.027 K,1.79399
20240820,034206.789244,035220.234542,613.445298,763.46 um_pwv,932.013 um_pwv,35.0,2.045 K,1.79890
20240820,035221.192042,035608.716232,227.52419,763.317 um_pwv,931.838 um_pwv,35.0,2.044 K,1.79856
20240820,050135.737315,051149.286720,613.549405,796.974 um_pwv,972.925 um_pwv,35.0,2.063 K,1.87810
20240820,051150.247821,052203.694892,613.447071,802.638 um_pwv,979.84 um_pwv,35.0,2.142 K,1.89149
20240820,052204.652349,053218.107638,613.455289,802.706 um_pwv,979.923 um_pwv,35.0,2.299 K,1.89165
20240820,053219.059001,054232.505595,613.446594,791.982 um_pwv,966.832 um_pwv,35.0,2.633 K,1.86631
20240820,054233.467794,055246.916000,613.448206,781.499 um_pwv,954.034 um_pwv,35.0,2.735 K,1.84153
20240820,055247.874403,055635.396330,227.521927,770.527 um_pwv,940.639 um_pwv,35.0,2.794 K,1.81560
20240820,060109.427224,061122.973722,613.546498,762.199 um_pwv,930.473 um_pwv,35.0,2.932 K,1.79592
20240820,061123.934732,062137.384079,613.449347,750.043 um_pwv,915.633 um_pwv,35.0,2.758 K,1.76719
20240820,062138.345540,063151.790468,613.444928,752.088 um_pwv,918.13 um_pwv,35.0,2.703 K,1.77203
20240820,063152.752228,064206.198072,613.445844,780.824 um_pwv,953.21 um_pwv,35.0,3.253 K,1.83994
20240820,064207.159581,065220.603403,613.443822,782 um_pwv,954.646 um_pwv,35.0,3.254 K,1.84272
20240820,065221.565526,065609.085633,227.520107,803.876 um_pwv,981.351 um_pwv,35.0,3.751 K,1.89441
20240820,070109.132885,071122.731991,613.599106,774.186 um_pwv,945.106 um_pwv,35.0,3.046 K,1.82425
20240820,071123.693318,072137.139677,613.446359,738.183 um_pwv,901.155 um_pwv,35.0,3.081 K,1.73917
20240820,072138.095860,073151.544890,613.44903,739.561 um_pwv,902.838 um_pwv,35.0,3.018 K,1.74243
20240820,073152.507286,074205.950568,613.443282,729.943 um_pwv,891.096 um_pwv,35.0,3.09 K,1.71969
20240820,074206.913559,075220.361702,613.448143,714.514 um_pwv,872.26 um_pwv,35.0,3.14 K,1.68323
20240820,075221.317430,075608.840197,227.522767,698.94 um_pwv,853.248 um_pwv,35.0,3.271 K,1.64643
20240820,090135.811747,091149.361504,613.549757,571.174 um_pwv,697.275 um_pwv,35.0,3.021 K,1.34447
20240820,091150.323409,092203.768146,613.444737,551.656 um_pwv,673.448 um_pwv,35.0,2.945 K,1.29834
20240820,092204.730863,093218.173434,613.442571,543.827 um_pwv,663.89 um_pwv,35.0,2.96 K,1.27984
20240820,093219.137024,094232.585220,613.448196,539.011 um_pwv,658.011 um_pwv,35.0,2.961 K,1.26846
20240820,094233.542701,095246.991192,613.448491,521.286 um_pwv,636.373 um_pwv,35.0,2.884 K,1.22656
20240820,095247.948134,095635.471782,227.523648,507.474 um_pwv,619.512 um_pwv,35.0,2.807 K,1.19392
20240820,100135.614059,101149.163903,613.549844,524.378 um_pwv,640.147 um_pwv,35.0,2.901 K,1.23387
20240820,101150.125998,102203.571108,613.44511,523.397 um_pwv,638.95 um_pwv,35.0,2.944 K,1.23155
20240820,102204.528038,103217.980026,613.451988,524.197 um_pwv,639.926 um_pwv,35.0,3.001 K,1.23344
20240820,103218.936956,104232.387696,613.45074,523.216 um_pwv,638.729 um_pwv,35.0,3.141 K,1.23113
20240820,104233.347606,105246.794199,613.446593,528.464 um_pwv,645.135 um_pwv,35.0,3.254 K,1.24353
20240820,105247.751516,105635.274188,227.522672,548.741 um_pwv,669.889 um_pwv,35.0,3.272 K,1.29145
20240820,110136.425120,111149.976636,613.551516,602.905 um_pwv,736.011 um_pwv,35.0,3.488 K,1.41946
20240820,111150.933616,112204.382470,613.448854,605.247 um_pwv,738.87 um_pwv,35.0,3.601 K,1.42500
20240820,112205.339754,113218.791045,613.451291,594.389 um_pwv,725.615 um_pwv,35.0,3.644 K,1.39934
20240820,113219.747960,114233.194871,613.446911,585.201 um_pwv,714.398 um_pwv,35.0,3.647 K,1.37762
20240820,114234.158971,115247.606614,613.447643,593.672 um_pwv,724.739 um_pwv,35.0,3.809 K,1.39764
20240820,115248.565802,115636.085620,227.519818,595.269 um_pwv,726.689 um_pwv,35.0,3.751 K,1.40142
20240820,130136.223663,131149.775777,613.552114,592.56 um_pwv,723.383 um_pwv,35.0,3.895 K,1.39501
20240820,131150.731592,132204.181903,613.450311,589.094 um_pwv,719.151 um_pwv,35.0,3.889 K,1.38682
20240820,132205.143870,133218.586821,613.442951,585.515 um_pwv,714.781 um_pwv,35.0,3.808 K,1.37836
20240820,133219.550333,134232.993920,613.443587,585.72 um_pwv,715.032 um_pwv,35.0,3.808 K,1.37885
20240820,134233.956555,135247.406936,613.450381,585.342 um_pwv,714.57 um_pwv,35.0,3.866 K,1.37795
20240820,135248.362937,135635.884744,227.521807,586.688 um_pwv,716.214 um_pwv,35.0,3.76 K,1.38114
20240820,140136.032512,141149.578697,613.546185,595.166 um_pwv,726.564 um_pwv,35.0,3.876 K,1.40117
20240820,141150.539707,142203.985272,613.445565,594.55 um_pwv,725.812 um_pwv,35.0,3.89 K,1.39972
20240820,142204.947905,143218.391039,613.443134,597.121 um_pwv,728.95 um_pwv,35.0,3.907 K,1.40579
20240820,143219.354732,144232.801472,613.44674,598.226 um_pwv,730.299 um_pwv,35.0,3.946 K,1.40840
20240820,144233.763349,145247.209107,613.445758,589.225 um_pwv,719.311 um_pwv,35.0,4.115 K,1.38713
20240820,145248.165375,145635.689781,227.524406,580.943 um_pwv,709.2 um_pwv,35.0,4.203 K,1.36756
20240820,150135.832751,151149.385106,613.552355,589.544 um_pwv,719.701 um_pwv,35.0,4.215 K,1.38789
20240820,151150.340066,152203.788090,613.448024,587.904 um_pwv,717.699 um_pwv,35.0,4.213 K,1.38401
20240820,152204.751747,153218.196999,613.445252,586.688 um_pwv,716.214 um_pwv,35.0,4.253 K,1.38114
20240820,153219.160301,154232.602719,613.442418,583.544 um_pwv,712.376 um_pwv,35.0,4.266 K,1.37371
20240820,154233.565786,155247.011974,613.446188,584.494 um_pwv,713.536 um_pwv,35.0,4.263 K,1.37595
20240820,155247.974003,155635.494411,227.520408,579.659 um_pwv,707.633 um_pwv,35.0,4.262 K,1.36452
20240820,170135.593741,171149.135943,613.542202,578.428 um_pwv,706.13 um_pwv,35.0,4.639 K,1.36161
20240820,171150.093199,172203.538254,613.445055,568.972 um_pwv,694.586 um_pwv,35.0,4.714 K,1.33927
20240820,172204.501556,173217.950343,613.448787,556.257 um_pwv,679.064 um_pwv,35.0,4.952 K,1.30921
20240820,173218.907854,174232.353350,613.445496,549.81 um_pwv,671.194 um_pwv,35.0,5.041 K,1.29398
20240820,174233.316686,175246.763432,613.446746,547.444 um_pwv,668.306 um_pwv,35.0,5.16 K,1.28839
20240820,175247.721919,175635.245120,227.523201,539.383 um_pwv,658.465 um_pwv,35.0,5.126 K,1.26933
20240820,180136.394399,181149.944060,613.549661,531.965 um_pwv,649.409 um_pwv,35.0,5.177 K,1.25180
20240820,181150.906861,182204.355076,613.448215,538.069 um_pwv,656.86 um_pwv,35.0,5.125 K,1.26623
20240820,182205.313145,183218.766851,613.453706,540.447 um_pwv,659.764 um_pwv,35.0,5.217 K,1.27185
20240820,183219.718032,184233.169061,613.451029,527.592 um_pwv,644.071 um_pwv,35.0,5.401 K,1.24147
20240820,184234.126828,185247.575468,613.44864,509.378 um_pwv,621.836 um_pwv,35.0,5.638 K,1.19842
20240820,185248.532706,185636.054498,227.521792,497.437 um_pwv,607.258 um_pwv,35.0,5.758 K,1.17020
20240820,190136.199389,191149.746125,613.546736,487.983 um_pwv,595.717 um_pwv,35.0,5.714 K,1.14785
20240820,191150.708388,192204.155988,613.4476,482.807 um_pwv,589.398 um_pwv,35.0,5.734 K,1.13562
20240820,192205.118807,193218.562656,613.443849,484.355 um_pwv,591.288 um_pwv,35.0,5.68 K,1.13928
20240820,193219.526118,194232.969640,613.443522,477.133 um_pwv,582.471 um_pwv,35.0,5.714 K,1.12221
20240820,194233.932649,195247.379687,613.447038,472.56 um_pwv,576.89 um_pwv,35.0,5.774 K,1.11140
20240820,195248.337224,195635.859296,227.522072,475.186 um_pwv,580.095 um_pwv,35.0,5.722 K,1.11761
20240820,210136.068380,211149.642903,613.574523,479.028 um_pwv,584.786 um_pwv,35.0,5.772 K,1.12669
20240820,211150.604501,212204.048675,613.444174,464.301 um_pwv,566.807 um_pwv,35.0,5.825 K,1.09188
20240820,212205.007390,213218.458564,613.451174,457.966 um_pwv,559.073 um_pwv,35.0,5.804 K,1.07691
20240820,213219.414786,214232.866306,613.45152,446.916 um_pwv,545.584 um_pwv,35.0,5.787 K,1.05079
20240820,214233.822414,215247.272095,613.449681,439.54 um_pwv,536.58 um_pwv,35.0,5.708 K,1.03336
20240820,215248.233821,215635.752630,227.518809,431.214 um_pwv,526.415 um_pwv,35.0,5.574 K,1.01368
20240820,220135.849238,221149.398394,613.549156,422.879 um_pwv,516.24 um_pwv,35.0,5.526 K,0.993980
20240820,221150.359443,222203.805557,613.446114,408.598 um_pwv,498.806 um_pwv,35.0,5.539 K,0.960226
20240820,222204.768485,223218.215456,613.446971,385.133 um_pwv,470.16 um_pwv,35.0,5.408 K,0.904766
20240820,223219.172077,224232.619522,613.447445,376.516 um_pwv,459.641 um_pwv,35.0,5.482 K,0.884399
20240820,224233.582799,225247.031675,613.448876,359.258 um_pwv,438.574 um_pwv,35.0,5.364 K,0.843609
20240820,225247.987941,225635.509587,227.521646,339.01 um_pwv,413.855 um_pwv,35.0,5.269 K,0.795750
20240821,010136.509223,011150.056761,613.547538,407.233 um_pwv,497.14 um_pwv,35.0,5.292 K,0.957000
20240821,011151.019215,012204.464332,613.445117,412.721 um_pwv,503.839 um_pwv,35.0,5.317 K,0.969971
20240821,012205.423038,013218.873453,613.450415,413.473 um_pwv,504.757 um_pwv,35.0,5.284 K,0.971749
20240821,013219.830569,014233.281105,613.450536,411.18 um_pwv,501.958 um_pwv,35.0,5.273 K,0.966329
20240821,014234.238759,015247.687770,613.449011,413.412 um_pwv,504.683 um_pwv,35.0,5.259 K,0.971605
20240821,015248.650566,015636.168733,227.518167,418.448 um_pwv,510.83 um_pwv,35.0,5.27 K,0.983507
20240821,020136.311064,021149.863438,613.552374,414.757 um_pwv,506.325 um_pwv,35.0,5.275 K,0.974784
20240821,021150.820313,022204.270046,613.449733,410.614 um_pwv,501.267 um_pwv,35.0,5.282 K,0.964991
20240821,022205.226948,023218.678649,613.451701,417.83 um_pwv,510.077 um_pwv,35.0,5.295 K,0.982048
20240821,023219.636466,024233.085466,613.449,423.712 um_pwv,517.257 um_pwv,35.0,5.301 K,0.995950
20240821,024234.042400,025247.490395,613.447995,428.241 um_pwv,522.786 um_pwv,35.0,5.32 K,1.00665
20240821,025248.448844,025635.972851,227.524007,432.085 um_pwv,527.478 um_pwv,35.0,5.235 K,1.01574
20240821,030136.117001,031149.667922,613.550921,449.974 um_pwv,549.317 um_pwv,35.0,5.337 K,1.05802
20240821,031150.624539,032204.071488,613.446949,459.344 um_pwv,560.755 um_pwv,35.0,5.336 K,1.08016
20240821,032205.035290,033218.479168,613.443878,469.14 um_pwv,572.714 um_pwv,35.0,5.338 K,1.10332
20240821,033219.442464,034232.888347,613.445883,472.687 um_pwv,577.045 um_pwv,35.0,5.314 K,1.11170
20240821,034233.845527,035247.294611,613.449084,476.229 um_pwv,581.368 um_pwv,35.0,5.273 K,1.12007
20240821,035248.257948,035635.776464,227.518516,475.502 um_pwv,580.481 um_pwv,35.0,5.261 K,1.11836
20240821,050135.935965,051149.510612,613.574647,510.785 um_pwv,623.554 um_pwv,35.0,5.115 K,1.20175
20240821,051150.471646,052203.919947,613.448301,514.106 um_pwv,627.607 um_pwv,35.0,5.088 K,1.20959
20240821,052204.875847,053218.326208,613.450361,515.463 um_pwv,629.264 um_pwv,35.0,5.047 K,1.21280
20240821,053219.288929,054232.734229,613.4453,517.958 um_pwv,632.31 um_pwv,35.0,5.099 K,1.21870
20240821,054233.696656,055247.142547,613.445891,519.773 um_pwv,634.526 um_pwv,35.0,5.005 K,1.22299
20240821,055248.099671,055635.620859,227.521188,522.742 um_pwv,638.15 um_pwv,35.0,4.862 K,1.23000
20240821,060135.716060,061149.265832,613.549772,540.834 um_pwv,660.236 um_pwv,35.0,4.938 K,1.27276
20240821,061150.228007,062203.674329,613.446322,553.876 um_pwv,676.158 um_pwv,35.0,4.834 K,1.30359
20240821,062204.636069,063218.082221,613.446152,555.052 um_pwv,677.593 um_pwv,35.0,4.797 K,1.30637
20240821,063219.037914,064232.490194,613.45228,559.626 um_pwv,683.177 um_pwv,35.0,4.771 K,1.31718
20240821,064233.446625,065246.898299,613.451674,570.39 um_pwv,696.317 um_pwv,35.0,4.816 K,1.34262
20240821,065247.855571,065635.376474,227.520903,579.902 um_pwv,707.93 um_pwv,35.0,4.876 K,1.36510
20240821,070136.533023,071150.079016,613.545993,592.809 um_pwv,723.686 um_pwv,35.0,4.67 K,1.39560
20240821,071151.039711,072204.485866,613.446155,606.045 um_pwv,739.844 um_pwv,35.0,4.483 K,1.42688
20240821,072205.447307,073218.890091,613.442784,620.209 um_pwv,757.135 um_pwv,35.0,4.459 K,1.46036
20240821,073219.851799,074233.296799,613.445,630.591 um_pwv,769.809 um_pwv,35.0,4.457 K,1.48489
20240821,074234.259119,075247.704633,613.445514,632.943 um_pwv,772.68 um_pwv,35.0,4.437 K,1.49045
20240821,075248.667921,075636.187534,227.519613,638.099 um_pwv,778.974 um_pwv,35.0,4.359 K,1.50264
20240821,090136.373965,091149.924078,613.550113,652.35 um_pwv,796.372 um_pwv,35.0,4.197 K,1.53632
20240821,091150.880426,092204.329745,613.449319,651.422 um_pwv,795.239 um_pwv,35.0,4.239 K,1.53413
20240821,092205.292452,093218.735710,613.443258,652.531 um_pwv,796.594 um_pwv,35.0,4.162 K,1.53675
20240821,093219.700297,094233.144093,613.443796,648.409 um_pwv,791.561 um_pwv,35.0,4.099 K,1.52700
20240821,094234.107198,095247.549659,613.442461,638.382 um_pwv,779.32 um_pwv,35.0,4.111 K,1.50331
20240821,095248.513066,095636.034328,227.521262,628.515 um_pwv,767.275 um_pwv,35.0,4.109 K,1.47999
20240821,100136.176111,101149.727195,613.551084,623.136 um_pwv,760.709 um_pwv,35.0,4.102 K,1.46728
20240821,101150.683345,102204.135346,613.452001,614.535 um_pwv,750.209 um_pwv,35.0,4.102 K,1.44695
20240821,102205.092743,103218.540084,613.447341,611.84 um_pwv,746.919 um_pwv,35.0,4.106 K,1.44058
20240821,103219.502780,104232.944361,613.441581,609.796 um_pwv,744.423 um_pwv,35.0,4.096 K,1.43575
20240821,104233.909193,105247.357351,613.448158,599.185 um_pwv,731.47 um_pwv,35.0,4.111 K,1.41067
20240821,105248.315770,105635.836324,227.520554,589.686 um_pwv,719.874 um_pwv,35.0,4.021 K,1.38822
20240821,110135.986791,111149.529721,613.54293,579.93 um_pwv,707.964 um_pwv,35.0,4.056 K,1.36517
20240821,111150.486019,112203.932864,613.446845,578.175 um_pwv,705.821 um_pwv,35.0,4.074 K,1.36102
20240821,112204.896704,113218.342776,613.446072,571.149 um_pwv,697.245 um_pwv,35.0,4.035 K,1.34441
20240821,113219.305414,114232.749034,613.44362,564.557 um_pwv,689.197 um_pwv,35.0,4.046 K,1.32883
20240821,114233.712076,115247.159117,613.447041,555.257 um_pwv,677.843 um_pwv,35.0,4.06 K,1.30685
20240821,115248.116014,115635.637882,227.521868,547.35 um_pwv,668.191 um_pwv,35.0,4.033 K,1.28816
20240821,130135.786649,131149.323598,613.536949,521.171 um_pwv,636.232 um_pwv,35.0,4.157 K,1.22629
20240821,131150.285137,132203.732009,613.446872,514.078 um_pwv,627.574 um_pwv,35.0,4.178 K,1.20953
20240821,132204.694103,133218.140949,613.446846,507.987 um_pwv,620.138 um_pwv,35.0,4.215 K,1.19513
20240821,133219.102448,134232.547464,613.445016,505.677 um_pwv,617.318 um_pwv,35.0,4.205 K,1.18967
20240821,134233.515380,135246.953086,613.437706,507.824 um_pwv,619.939 um_pwv,35.0,4.178 K,1.19475
20240821,135247.915771,135635.436540,227.520769,503.44 um_pwv,614.587 um_pwv,35.0,4.162 K,1.18439
20240821,140136.586386,141150.137449,613.551063,508 um_pwv,620.153 um_pwv,35.0,4.122 K,1.19516
20240821,141151.098158,142204.543807,613.445649,506.55 um_pwv,618.383 um_pwv,35.0,4.167 K,1.19174
20240821,142205.505908,143218.950992,613.445084,502.969 um_pwv,614.012 um_pwv,35.0,4.232 K,1.18327
20240821,143219.912821,144233.355755,613.442934,510.899 um_pwv,623.692 um_pwv,35.0,4.232 K,1.20201
20240821,144234.317339,145247.767806,613.450467,508.45 um_pwv,620.703 um_pwv,35.0,4.242 K,1.19623
20240821,145248.724726,145636.247162,227.522436,501.781 um_pwv,612.561 um_pwv,35.0,4.147 K,1.18046
20240821,150136.390667,151149.937613,613.546946,502.534 um_pwv,613.481 um_pwv,35.0,4.189 K,1.18224
20240821,151150.900345,152204.349332,613.448987,506.475 um_pwv,618.292 um_pwv,35.0,4.203 K,1.19156
20240821,152205.305891,153218.756602,613.450711,513.612 um_pwv,627.004 um_pwv,35.0,4.25 K,1.20843
20240821,153219.712920,154233.164354,613.451434,521.312 um_pwv,636.404 um_pwv,35.0,4.234 K,1.22663
20240821,154234.121918,155247.571574,613.449656,528.305 um_pwv,644.942 um_pwv,35.0,4.223 K,1.24315
20240821,155248.528608,155636.050654,227.522046,525.646 um_pwv,641.695 um_pwv,35.0,4.169 K,1.23687
20240821,170136.235994,171149.789761,613.553767,531.323 um_pwv,648.626 um_pwv,35.0,4.223 K,1.25029
20240821,171150.746120,172204.192569,613.446449,528.097 um_pwv,644.687 um_pwv,35.0,4.25 K,1.24266
20240821,172205.156514,173218.602135,613.445621,527.306 um_pwv,643.722 um_pwv,35.0,4.216 K,1.24079
20240821,173219.559433,174233.010981,613.451548,523.603 um_pwv,639.202 um_pwv,35.0,4.184 K,1.23204
20240821,174233.969398,175247.419113,613.449715,522.289 um_pwv,637.597 um_pwv,35.0,4.255 K,1.22893
20240821,175248.376612,175635.897790,227.521178,518.673 um_pwv,633.183 um_pwv,35.0,4.214 K,1.22039
20240821,180136.040944,181149.592325,613.551381,513.574 um_pwv,626.958 um_pwv,35.0,4.361 K,1.20834
20240821,181150.549045,182204.000623,613.451578,511.528 um_pwv,624.461 um_pwv,35.0,4.298 K,1.20350
20240821,182204.957594,183218.409545,613.451951,509.765 um_pwv,622.309 um_pwv,35.0,4.308 K,1.19934
20240821,183219.367404,184232.813871,613.446467,509.378 um_pwv,621.836 um_pwv,35.0,4.282 K,1.19842
20240821,184233.776617,185247.219667,613.44305,511.465 um_pwv,624.384 um_pwv,35.0,4.285 K,1.20335
20240821,185248.183813,185635.703193,227.51938,511.97 um_pwv,625 um_pwv,35.0,4.244 K,1.20455
20240821,190135.846432,191149.394138,613.547706,515.931 um_pwv,629.835 um_pwv,35.0,4.314 K,1.21391
20240821,191150.356927,192203.802663,613.445736,515.437 um_pwv,629.233 um_pwv,35.0,4.31 K,1.21274
20240821,192204.766224,193218.209076,613.442852,518.417 um_pwv,632.871 um_pwv,35.0,4.34 K,1.21978
20240821,193219.173243,194232.619728,613.446485,523.629 um_pwv,639.233 um_pwv,35.0,4.329 K,1.23210
20240821,194233.577518,195247.025463,613.447945,520.209 um_pwv,635.057 um_pwv,35.0,4.351 K,1.22402
20240821,195247.988799,195635.507521,227.518722,516.2 um_pwv,630.164 um_pwv,35.0,4.367 K,1.21454
20240821,210135.663898,211149.240913,613.577015,495.443 um_pwv,604.825 um_pwv,35.0,4.466 K,1.16549
20240821,211150.202777,212203.652523,613.449746,493.628 um_pwv,602.609 um_pwv,35.0,4.54 K,1.16120
20240821,212204.608500,213218.059416,613.450916,488.199 um_pwv,595.981 um_pwv,35.0,4.593 K,1.14837
20240821,213219.015736,214232.466985,613.451249,484.081 um_pwv,590.953 um_pwv,35.0,4.665 K,1.13863
20240821,214233.423671,215246.870645,613.446974,479.052 um_pwv,584.814 um_pwv,35.0,4.708 K,1.12675
20240821,215247.832486,215635.353823,227.521337,480.505 um_pwv,586.589 um_pwv,35.0,4.66 K,1.13018
20240821,220136.462921,221150.005808,613.542887,483.806 um_pwv,590.619 um_pwv,35.0,4.705 K,1.13798
20240821,221150.967738,222204.414886,613.447148,483.52 um_pwv,590.27 um_pwv,35.0,4.702 K,1.13731
20240821,222205.376368,223218.827129,613.450761,482.688 um_pwv,589.253 um_pwv,35.0,4.781 K,1.13534
20240821,223219.783163,224233.229711,613.446548,480.233 um_pwv,586.256 um_pwv,35.0,4.805 K,1.12954
20240821,224234.185524,225247.637083,613.451559,478.557 um_pwv,584.21 um_pwv,35.0,4.779 K,1.12557
20240821,225248.593128,225636.117314,227.524186,475.69 um_pwv,580.71 um_pwv,35.0,4.703 K,1.11880
20240822,010136.126308,011149.705178,613.57887,475.795 um_pwv,580.838 um_pwv,35.0,4.742 K,1.11905
20240822,011150.661827,012204.112571,613.450744,476.252 um_pwv,581.397 um_pwv,35.0,4.696 K,1.12013
20240822,012205.070990,013218.517157,613.446167,478.733 um_pwv,584.426 um_pwv,35.0,4.678 K,1.12599
20240822,013219.480452,014232.926575,613.446123,481.299 um_pwv,587.557 um_pwv,35.0,4.664 K,1.13206
20240822,014233.884983,015247.334355,613.449372,480.008 um_pwv,585.982 um_pwv,35.0,4.637 K,1.12901
20240822,015248.291556,015635.813232,227.521676,479.713 um_pwv,585.621 um_pwv,35.0,4.566 K,1.12831
20240822,020135.874441,021149.407801,613.53336,479.737 um_pwv,585.65 um_pwv,35.0,4.593 K,1.12836
20240822,021150.369914,022203.819803,613.449889,480.541 um_pwv,586.632 um_pwv,35.0,4.548 K,1.13026
20240822,022204.776684,023218.225332,613.448648,482.153 um_pwv,588.6 um_pwv,35.0,4.534 K,1.13407
20240822,023219.182525,024232.631946,613.449421,485.131 um_pwv,592.235 um_pwv,35.0,4.488 K,1.14111
20240822,024233.589429,025247.040473,613.451044,488.344 um_pwv,596.158 um_pwv,35.0,4.456 K,1.14871
20240822,025247.997462,025635.519346,227.521884,487.19 um_pwv,594.75 um_pwv,35.0,4.427 K,1.14598
20240822,030135.662637,031149.213505,613.550868,486.675 um_pwv,594.12 um_pwv,35.0,4.477 K,1.14476
20240822,031150.175435,032203.618155,613.44272,489.198 um_pwv,597.201 um_pwv,35.0,4.489 K,1.15073
20240822,032204.581741,033218.026813,613.445072,488.801 um_pwv,596.716 um_pwv,35.0,4.518 K,1.14979
20240822,033218.990157,034232.437343,613.447186,490.284 um_pwv,598.526 um_pwv,35.0,4.548 K,1.15329
20240822,034233.395163,035246.844512,613.449349,495.236 um_pwv,604.572 um_pwv,35.0,4.594 K,1.16500
20240822,035247.801456,035635.324400,227.522944,495.859 um_pwv,605.331 um_pwv,35.0,4.638 K,1.16647
20240822,050136.518016,051150.070168,613.552152,505.852 um_pwv,617.531 um_pwv,35.0,4.604 K,1.19009
20240822,051151.025926,052204.472553,613.446627,512.146 um_pwv,625.215 um_pwv,35.0,4.554 K,1.20496
20240822,052205.437065,053218.882203,613.445138,517.626 um_pwv,631.905 um_pwv,35.0,4.55 K,1.21791
20240822,053219.844339,054233.287045,613.442706,524.249 um_pwv,639.99 um_pwv,35.0,4.634 K,1.23357
20240822,054234.249503,055247.699973,613.45047,526.151 um_pwv,642.312 um_pwv,35.0,4.618 K,1.23806
20240822,055248.657117,055636.177412,227.520295,527.241 um_pwv,643.642 um_pwv,35.0,4.55 K,1.24064
20240822,060136.320804,061149.871568,613.550764,536.533 um_pwv,654.986 um_pwv,35.0,4.682 K,1.26260
20240822,061150.832842,062204.278617,613.445775,547.404 um_pwv,668.256 um_pwv,35.0,4.583 K,1.28829
20240822,062205.240704,063218.687690,613.446986,559.805 um_pwv,683.396 um_pwv,35.0,4.554 K,1.31760
20240822,063219.643757,064233.096016,613.452259,565.476 um_pwv,690.319 um_pwv,35.0,4.543 K,1.33100
20240822,064234.052693,065247.502850,613.450157,566.23 um_pwv,691.239 um_pwv,35.0,4.518 K,1.33278
20240822,065248.464306,065635.981812,227.517506,567.179 um_pwv,692.398 um_pwv,35.0,4.506 K,1.33503
20240822,070136.126371,071149.677566,613.551195,574.708 um_pwv,701.589 um_pwv,35.0,4.553 K,1.35282
20240822,071150.633670,072204.081041,613.447371,578.317 um_pwv,705.995 um_pwv,35.0,4.579 K,1.36135
20240822,072205.043094,073218.490836,613.447742,578.018 um_pwv,705.63 um_pwv,35.0,4.593 K,1.36065
20240822,073219.452643,074232.897522,613.444879,582.434 um_pwv,711.021 um_pwv,35.0,4.508 K,1.37108
20240822,074233.859708,075247.304010,613.444302,582.079 um_pwv,710.587 um_pwv,35.0,4.481 K,1.37024
20240822,075248.267124,075635.786275,227.519151,580.116 um_pwv,708.191 um_pwv,35.0,4.441 K,1.36560
20240822,090135.878250,091149.428183,613.549933,595.254 um_pwv,726.671 um_pwv,35.0,4.714 K,1.40138
20240822,091150.385106,092203.831556,613.44645,610.082 um_pwv,744.772 um_pwv,35.0,4.711 K,1.43642
20240822,092204.794827,093218.238200,613.443373,617.573 um_pwv,753.917 um_pwv,35.0,4.736 K,1.45413
20240822,093219.201559,094232.648775,613.447216,615.87 um_pwv,751.838 um_pwv,35.0,4.695 K,1.45010
20240822,094233.605677,095247.055409,613.449732,617.645 um_pwv,754.005 um_pwv,35.0,4.65 K,1.45430
20240822,095248.017975,095635.535430,227.517455,605.258 um_pwv,738.883 um_pwv,35.0,4.772 K,1.42502
20240822,100135.679604,101149.231861,613.552257,582.093 um_pwv,710.604 um_pwv,35.0,4.774 K,1.37028
20240822,101150.189899,102203.637050,613.447151,573.915 um_pwv,700.621 um_pwv,35.0,4.952 K,1.35095
20240822,102204.594276,103218.045664,613.451388,554.505 um_pwv,676.925 um_pwv,35.0,5.024 K,1.30507
20240822,103219.002553,104232.453397,613.450844,549.333 um_pwv,670.612 um_pwv,35.0,4.989 K,1.29285
20240822,104233.410932,105246.860244,613.449312,553.192 um_pwv,675.322 um_pwv,35.0,4.978 K,1.30197
20240822,105247.819233,105635.340558,227.521325,552.336 um_pwv,674.278 um_pwv,35.0,4.858 K,1.29995
20240822,110136.491412,111150.042324,613.550912,558.95 um_pwv,682.352 um_pwv,35.0,4.803 K,1.31558
20240822,111151.000193,112204.446824,613.446631,560.026 um_pwv,683.665 um_pwv,35.0,4.845 K,1.31812
20240822,112205.409526,113218.857451,613.447925,563.706 um_pwv,688.158 um_pwv,35.0,4.862 K,1.32682
20240822,113219.815335,114233.262203,613.446868,566.076 um_pwv,691.051 um_pwv,35.0,4.9 K,1.33242
20240822,114234.225218,115247.673439,613.448221,545.545 um_pwv,665.988 um_pwv,35.0,5.169 K,1.28390
20240822,115248.630627,115636.151867,227.52124,514.727 um_pwv,628.365 um_pwv,35.0,5.247 K,1.21106
20240822,130136.292314,131149.843772,613.551458,517.448 um_pwv,631.687 um_pwv,35.0,5.274 K,1.21749
20240822,131150.799575,132204.249770,613.450195,506.974 um_pwv,618.902 um_pwv,35.0,5.406 K,1.19274
20240822,132205.211306,133218.656972,613.445666,524.468 um_pwv,640.258 um_pwv,35.0,5.136 K,1.23409
20240822,133219.619029,134233.063897,613.444868,508.4 um_pwv,620.642 um_pwv,35.0,5.114 K,1.19611
20240822,134234.025442,135247.470699,613.445257,488.536 um_pwv,596.393 um_pwv,35.0,5.131 K,1.14916
20240822,135248.432476,135635.952552,227.520076,477.732 um_pwv,583.203 um_pwv,35.0,5.153 K,1.12363
20240822,140136.096164,141149.647814,613.55165,466.502 um_pwv,569.494 um_pwv,35.0,5.276 K,1.09708
20240822,141150.608447,142204.053997,613.44555,454.987 um_pwv,555.436 um_pwv,35.0,5.293 K,1.06987
20240822,142205.015766,143218.463520,613.447754,437.791 um_pwv,534.444 um_pwv,35.0,5.281 K,1.02923
20240822,143219.421985,144232.870145,613.44816,412.234 um_pwv,503.244 um_pwv,35.0,5.271 K,0.968819
20240822,144233.826472,145247.277479,613.451007,398.118 um_pwv,486.013 um_pwv,35.0,5.159 K,0.935457
20240822,145248.239343,145635.757761,227.518418,390.744 um_pwv,477.01 um_pwv,35.0,5.047 K,0.918028
20240822,150135.919107,151149.496407,613.5773,397.922 um_pwv,485.774 um_pwv,35.0,5.02 K,0.934995
20240822,151150.457580,152203.904976,613.447396,396.632 um_pwv,484.199 um_pwv,35.0,5.002 K,0.931945
20240822,152204.867765,153218.315624,613.447859,390.936 um_pwv,477.245 um_pwv,35.0,4.982 K,0.918482
20240822,153219.271700,154232.722915,613.451215,389.132 um_pwv,475.043 um_pwv,35.0,4.982 K,0.914219
20240822,154233.679197,155247.131048,613.451851,384.868 um_pwv,469.837 um_pwv,35.0,5.027 K,0.904139
20240822,155248.087299,155635.609362,227.522063,374.963 um_pwv,457.746 um_pwv,35.0,4.969 K,0.880729
20240822,170135.721350,171149.299383,613.578033,227.39 um_pwv,277.592 um_pwv,35.0,4.7 K,0.531920
20240822,171150.256229,172203.707780,613.451551,227.101 um_pwv,277.239 um_pwv,35.0,4.672 K,0.531236
20240822,172204.665309,173218.111196,613.445887,232.481 um_pwv,283.807 um_pwv,35.0,4.744 K,0.543954
20240822,173219.074749,174232.517742,613.442993,233.738 um_pwv,285.341 um_pwv,35.0,4.801 K,0.546924
20240822,174233.481702,175246.929614,613.447912,234.886 um_pwv,286.743 um_pwv,35.0,4.795 K,0.549637
20240822,175247.886545,175635.408390,227.521845,237.548 um_pwv,289.993 um_pwv,35.0,4.752 K,0.555930
20240822,180136.524226,181150.060311,613.536085,242.037 um_pwv,295.473 um_pwv,35.0,4.833 K,0.566541
20240822,181151.023407,182204.467840,613.444433,247.387 um_pwv,302.004 um_pwv,35.0,4.907 K,0.579187
20240822,182205.431144,183218.878193,613.447049,250.217 um_pwv,305.459 um_pwv,35.0,4.856 K,0.585876
20240822,183219.835370,184233.286460,613.45109,255.048 um_pwv,311.356 um_pwv,35.0,4.963 K,0.597295
20240822,184234.245178,185247.691437,613.446259,258.296 um_pwv,315.321 um_pwv,35.0,4.989 K,0.604971
20240822,185248.648263,185636.171393,227.52313,257.764 um_pwv,314.672 um_pwv,35.0,4.911 K,0.603715
20240822,190136.325306,191149.865284,613.539978,265.906 um_pwv,324.612 um_pwv,35.0,5.025 K,0.622960
20240822,191150.827370,192204.270604,613.443234,268.107 um_pwv,327.298 um_pwv,35.0,5.068 K,0.628161
20240822,192205.234353,193218.678294,613.443941,268.66 um_pwv,327.973 um_pwv,35.0,5.073 K,0.629468
20240822,193219.636428,194233.088029,613.451601,269.558 um_pwv,329.069 um_pwv,35.0,5.019 K,0.631591
20240822,194234.044919,195247.495583,613.450664,272.885 um_pwv,333.131 um_pwv,35.0,5.051 K,0.639454
20240822,195248.455165,195635.975456,227.520291,276.714 um_pwv,337.806 um_pwv,35.0,5.051 K,0.648506
20240822,210136.111682,211149.707443,613.595761,349.295 um_pwv,426.411 um_pwv,35.0,5.847 K,0.820061
20240822,211150.668375,212204.114931,613.446556,355.603 um_pwv,434.111 um_pwv,35.0,6.013 K,0.834969
20240822,212205.078034,213218.521068,613.443034,359.364 um_pwv,438.703 um_pwv,35.0,6.142 K,0.843860
20240822,213219.483983,214232.927175,613.443192,361.1 um_pwv,440.822 um_pwv,35.0,6.206 K,0.847963
20240822,214233.889042,215247.337973,613.448931,365.298 um_pwv,445.946 um_pwv,35.0,6.233 K,0.857884
20240822,215248.293704,215635.815986,227.522282,363.917 um_pwv,444.261 um_pwv,35.0,6.212 K,0.854620
20240822,220135.920364,221149.463496,613.543132,404.278 um_pwv,493.532 um_pwv,35.0,6.315 K,0.950015
20240822,221150.424417,222203.868925,613.444508,413.493 um_pwv,504.782 um_pwv,35.0,6.372 K,0.971797
20240822,222204.830617,223218.278999,613.448382,409.968 um_pwv,500.478 um_pwv,35.0,6.335 K,0.963464
20240822,223219.236198,224232.684510,613.448312,409.363 um_pwv,499.74 um_pwv,35.0,6.321 K,0.962034
20240822,224233.646050,225247.090844,613.444794,413.371 um_pwv,504.633 um_pwv,35.0,6.325 K,0.971509
20240822,225248.052338,225635.572829,227.520491,406.872 um_pwv,496.699 um_pwv,35.0,6.074 K,0.956148
20240823,010136.523738,011150.073425,613.549687,265.047 um_pwv,323.562 um_pwv,35.0,5.058 K,0.620928
20240823,011151.035194,012204.481290,613.446096,266.507 um_pwv,325.345 um_pwv,35.0,5.111 K,0.624380
20240823,012205.438507,013218.889237,613.45073,260.637 um_pwv,318.179 um_pwv,35.0,5.032 K,0.610506
20240823,013219.846706,014233.296400,613.449694,256.78 um_pwv,313.471 um_pwv,35.0,4.994 K,0.601388
20240823,014234.253606,015247.700213,613.446607,255.574 um_pwv,311.998 um_pwv,35.0,4.989 K,0.598538
20240823,015248.663158,015636.183235,227.520077,254.973 um_pwv,311.265 um_pwv,35.0,4.928 K,0.597117
20240823,020136.345178,021149.926511,613.581333,256.78 um_pwv,313.471 um_pwv,35.0,5.033 K,0.601388
20240823,021150.883209,022204.330142,613.446933,253.601 um_pwv,309.59 um_pwv,35.0,5.012 K,0.593875
20240823,022205.293677,023218.737868,613.444191,256.654 um_pwv,313.317 um_pwv,35.0,5.053 K,0.601091
20240823,023219.701178,024233.149620,613.448442,265.698 um_pwv,324.357 um_pwv,35.0,5.025 K,0.622466
20240823,024234.106840,025247.554404,613.447564,278.786 um_pwv,340.335 um_pwv,35.0,5.138 K,0.653404
20240823,025248.512191,025636.036445,227.524254,289.923 um_pwv,353.931 um_pwv,35.0,5.163 K,0.679728
20240823,030136.130120,031149.682512,613.552392,340.011 um_pwv,415.077 um_pwv,35.0,5.976 K,0.798117
20240823,031150.640261,032204.084671,613.44441,341.317 um_pwv,416.672 um_pwv,35.0,5.94 K,0.801204
20240823,032205.048533,033218.495703,613.44717,338.644 um_pwv,413.407 um_pwv,35.0,6.027 K,0.794884
20240823,033219.455230,034232.903173,613.447943,340.613 um_pwv,415.812 um_pwv,35.0,6.123 K,0.799540
20240823,034233.860127,035247.305920,613.445793,347.411 um_pwv,424.111 um_pwv,35.0,6.145 K,0.815608
20240823,035248.270466,035635.790572,227.520106,342.46 um_pwv,418.067 um_pwv,35.0,6.112 K,0.803905
20240823,050135.948190,051149.524104,613.575914,354.311 um_pwv,432.534 um_pwv,35.0,6.628 K,0.831916
20240823,051150.486771,052203.932397,613.445626,355.778 um_pwv,434.324 um_pwv,35.0,6.664 K,0.835382
20240823,052204.894628,053218.342359,613.447731,354.416 um_pwv,432.662 um_pwv,35.0,6.675 K,0.832163
20240823,053219.299391,054232.746492,613.447101,354.555 um_pwv,432.832 um_pwv,35.0,6.647 K,0.832493
20240823,054233.709549,055247.156918,613.447369,356.531 um_pwv,435.244 um_pwv,35.0,6.649 K,0.837162
20240823,055248.113552,055635.634941,227.521389,357.778 um_pwv,436.766 um_pwv,35.0,6.584 K,0.840109
20240823,060135.732160,061149.279624,613.547464,359.188 um_pwv,438.487 um_pwv,35.0,6.613 K,0.843442
20240823,061150.241163,062203.688965,613.447802,364.024 um_pwv,444.392 um_pwv,35.0,6.601 K,0.854874
20240823,062204.650999,063218.098272,613.447273,365.711 um_pwv,446.451 um_pwv,35.0,6.609 K,0.858861
20240823,063219.054268,064232.505933,613.451665,366.503 um_pwv,447.418 um_pwv,35.0,6.553 K,0.860733
20240823,064233.462027,065246.912842,613.450815,365.316 um_pwv,445.968 um_pwv,35.0,6.556 K,0.857926
20240823,065247.868539,065635.392910,227.524371,365.388 um_pwv,446.056 um_pwv,35.0,6.531 K,0.858096
20240823,070136.558932,071150.090373,613.531441,367.333 um_pwv,448.431 um_pwv,35.0,6.513 K,0.862695
20240823,071151.051657,072204.498268,613.446611,366.99 um_pwv,448.012 um_pwv,35.0,6.478 K,0.861884
20240823,072205.461006,073218.911389,613.450383,362.952 um_pwv,443.082 um_pwv,35.0,6.473 K,0.852339
20240823,073219.867934,074233.314849,613.446915,361.527 um_pwv,441.343 um_pwv,35.0,6.462 K,0.848971
20240823,074234.276929,075247.722605,613.445676,363.452 um_pwv,443.693 um_pwv,35.0,6.401 K,0.853521
20240823,075248.684431,075636.203471,227.51904,358.341 um_pwv,437.454 um_pwv,35.0,6.288 K,0.841441
20240823,090136.302313,091149.842484,613.540171,368.818 um_pwv,450.243 um_pwv,35.0,6.411 K,0.866204
20240823,091150.804601,092204.248504,613.443903,368.636 um_pwv,450.022 um_pwv,35.0,6.37 K,0.865775
20240823,092205.212080,093218.656262,613.444182,366.648 um_pwv,447.594 um_pwv,35.0,6.302 K,0.861074
20240823,093219.618968,094233.063941,613.444973,370.746 um_pwv,452.597 um_pwv,35.0,6.255 K,0.870760
20240823,094234.027833,095247.472569,613.444736,372.94 um_pwv,455.276 um_pwv,35.0,6.237 K,0.875947
20240823,095248.435136,095635.955340,227.520204,371.074 um_pwv,452.998 um_pwv,35.0,6.203 K,0.871536
20240823,100136.099076,101149.644776,613.5457,377.183 um_pwv,460.456 um_pwv,35.0,6.172 K,0.885976
20240823,101150.606969,102204.056715,613.449746,384.451 um_pwv,469.329 um_pwv,35.0,6.165 K,0.903155
20240823,102205.013956,103218.461310,613.447354,391.822 um_pwv,478.326 um_pwv,35.0,6.144 K,0.920576
20240823,103219.424891,104232.868816,613.443925,392.439 um_pwv,479.08 um_pwv,35.0,6.17 K,0.922035
20240823,104233.826970,105247.278678,613.451708,395.541 um_pwv,482.866 um_pwv,35.0,6.195 K,0.929366
20240823,105248.235599,105635.758068,227.522469,394.608 um_pwv,481.727 um_pwv,35.0,6.187 K,0.927160
20240823,110135.901219,111149.452497,613.551278,397.492 um_pwv,485.248 um_pwv,35.0,6.216 K,0.933977
20240823,111150.408589,112203.860421,613.451832,397.414 um_pwv,485.153 um_pwv,35.0,6.21 K,0.933792
20240823,112204.817349,113218.266890,613.449541,397.805 um_pwv,485.63 um_pwv,35.0,6.214 K,0.934717
20240823,113219.223837,114232.672365,613.448528,397.57 um_pwv,485.344 um_pwv,35.0,6.25 K,0.934162
20240823,114233.641353,115247.083470,613.442117,403.483 um_pwv,492.561 um_pwv,35.0,6.193 K,0.948136
20240823,115248.041602,115635.560762,227.51916,406.712 um_pwv,496.504 um_pwv,35.0,6.134 K,0.955769
20240823,130135.721000,131149.295969,613.574969,416.352 um_pwv,508.272 um_pwv,35.0,6.144 K,0.978554
20240823,131150.258201,132203.707562,613.449361,417.173 um_pwv,509.274 um_pwv,35.0,6.15 K,0.980494
20240823,132204.664686,133218.111110,613.446424,418.221 um_pwv,510.554 um_pwv,35.0,6.131 K,0.982972
20240823,133219.073267,134232.517417,613.44415,411.747 um_pwv,502.65 um_pwv,35.0,6.09 K,0.967669
20240823,134233.479228,135246.927527,613.448299,414.471 um_pwv,505.976 um_pwv,35.0,6.075 K,0.974109
20240823,135247.883557,135635.408244,227.524687,416.188 um_pwv,508.072 um_pwv,35.0,5.968 K,0.978167
20240823,140136.510754,141150.061359,613.550605,417.46 um_pwv,509.625 um_pwv,35.0,6.111 K,0.981173
20240823,141151.022290,142204.469494,613.447204,415.084 um_pwv,506.724 um_pwv,35.0,6.177 K,0.975556
20240823,142205.426028,143218.882677,613.456649,413.168 um_pwv,504.385 um_pwv,35.0,6.141 K,0.971028
20240823,143219.834476,144233.279748,613.445272,423.212 um_pwv,516.646 um_pwv,35.0,6.192 K,0.994767
20240823,144234.243157,145247.688713,613.445556,414.961 um_pwv,506.574 um_pwv,35.0,6.189 K,0.975266
20240823,145248.650529,145636.169780,227.519251,402.987 um_pwv,491.956 um_pwv,35.0,6.121 K,0.946964
20240823,150136.313648,151149.861926,613.548278,402.808 um_pwv,491.738 um_pwv,35.0,6.134 K,0.946542
20240823,151150.822695,152204.272361,613.449666,406.432 um_pwv,496.162 um_pwv,35.0,6.153 K,0.955107
20240823,152205.229362,153218.676126,613.446764,401.937 um_pwv,490.674 um_pwv,35.0,6.114 K,0.944483
20240823,153219.638881,154233.087393,613.448512,400.476 um_pwv,488.891 um_pwv,35.0,6.152 K,0.941030
20240823,154234.044388,155247.489811,613.445423,405.713 um_pwv,495.284 um_pwv,35.0,6.173 K,0.953407
20240823,155248.451633,155635.971670,227.520037,404.238 um_pwv,493.483 um_pwv,35.0,6.094 K,0.949921
20240823,170136.159509,171149.707358,613.547849,376.016 um_pwv,459.031 um_pwv,35.0,6.221 K,0.883218
20240823,171150.670393,172204.117884,613.447491,373.95 um_pwv,456.509 um_pwv,35.0,6.218 K,0.878335
20240823,172205.076055,173218.525233,613.449178,373.969 um_pwv,456.532 um_pwv,35.0,6.202 K,0.878379
20240823,173219.483923,174232.931657,613.447734,375.665 um_pwv,458.602 um_pwv,35.0,6.203 K,0.882387
20240823,174233.888502,175247.337222,613.44872,373.307 um_pwv,455.724 um_pwv,35.0,6.215 K,0.876815
20240823,175248.299784,175635.818440,227.518656,370.49 um_pwv,452.285 um_pwv,35.0,6.153 K,0.870157
20240823,180135.962043,181149.510544,613.548501,369.835 um_pwv,451.485 um_pwv,35.0,6.229 K,0.868608
20240823,181150.472918,182203.918972,613.446054,367.803 um_pwv,449.005 um_pwv,35.0,6.262 K,0.863806
20240823,182204.875890,183218.326256,613.450366,369.253 um_pwv,450.775 um_pwv,35.0,6.299 K,0.867233
20240823,183219.283511,184232.734720,613.451209,369.78 um_pwv,451.419 um_pwv,35.0,6.247 K,0.868479
20240823,184233.691634,185247.138950,613.447316,370.454 um_pwv,452.241 um_pwv,35.0,6.219 K,0.870071
20240823,185248.102313,185635.621558,227.519245,370.126 um_pwv,451.841 um_pwv,35.0,6.236 K,0.869296
20240823,190135.775660,191149.313824,613.538164,372.464 um_pwv,454.694 um_pwv,35.0,6.257 K,0.874821
20240823,191150.275936,192203.721942,613.446006,373.785 um_pwv,456.307 um_pwv,35.0,6.258 K,0.877944
20240823,192204.679159,193218.127559,613.4484,374.484 um_pwv,457.161 um_pwv,35.0,6.263 K,0.879597
20240823,193219.090439,194232.538187,613.447748,375.573 um_pwv,458.489 um_pwv,35.0,6.319 K,0.882169
20240823,194233.495103,195246.940556,613.445453,379.23 um_pwv,462.954 um_pwv,35.0,6.313 K,0.890813
20240823,195247.904214,195635.423533,227.519319,384.3 um_pwv,469.144 um_pwv,35.0,6.25 K,0.902797
20240823,210136.571164,211150.122480,613.551316,396.047 um_pwv,483.484 um_pwv,35.0,6.26 K,0.930562
20240823,211151.078389,212204.527127,613.448738,393.832 um_pwv,480.78 um_pwv,35.0,6.196 K,0.925327
20240823,212205.490112,213218.937067,613.446955,395.969 um_pwv,483.389 um_pwv,35.0,6.23 K,0.930378
20240823,213219.898449,214233.341215,613.442766,401.542 um_pwv,490.192 um_pwv,35.0,6.231 K,0.943549
20240823,214234.303734,215247.749414,613.44568,401.285 um_pwv,489.878 um_pwv,35.0,6.239 K,0.942942
20240823,215248.711551,215636.231243,227.519692,399.649 um_pwv,487.882 um_pwv,35.0,6.164 K,0.939076
20240823,220136.376174,221149.922199,613.546025,409.443 um_pwv,499.838 um_pwv,35.0,6.246 K,0.962225
20240823,221150.882864,222204.329037,613.446173,411.929 um_pwv,502.873 um_pwv,35.0,6.186 K,0.968100
20240823,222205.291450,223218.738724,613.447274,415.247 um_pwv,506.923 um_pwv,35.0,6.198 K,0.975942
20240823,223219.700706,224233.143768,613.443062,415.206 um_pwv,506.873 um_pwv,35.0,6.155 K,0.975846
20240823,224234.108582,225247.551484,613.442902,407.393 um_pwv,497.335 um_pwv,35.0,6.207 K,0.957379
20240823,225248.513665,225636.035735,227.52207,400.949 um_pwv,489.469 um_pwv,35.0,6.169 K,0.942149
20240824,010136.027738,011149.574355,613.546617,396.242 um_pwv,483.722 um_pwv,35.0,5.91 K,0.931023
20240824,011150.536432,012203.982532,613.4461,399.63 um_pwv,487.858 um_pwv,35.0,5.913 K,0.939029
20240824,012204.945219,013218.391318,613.446099,396.71 um_pwv,484.294 um_pwv,35.0,5.956 K,0.932130
20240824,013219.348304,014232.796723,613.448419,397.179 um_pwv,484.866 um_pwv,35.0,5.915 K,0.933238
20240824,014233.765226,015247.208034,613.442808,402.808 um_pwv,491.738 um_pwv,35.0,5.918 K,0.946542
20240824,015248.166068,015635.687707,227.521639,400.141 um_pwv,488.482 um_pwv,35.0,5.873 K,0.940239
20240824,020135.849497,021149.476757,613.62726,401.147 um_pwv,489.71 um_pwv,35.0,5.87 K,0.942615
20240824,021150.433123,022203.884182,613.451059,401.305 um_pwv,489.902 um_pwv,35.0,5.797 K,0.942988
20240824,022204.841329,023218.289426,613.448097,398.471 um_pwv,486.443 um_pwv,35.0,5.783 K,0.936291
20240824,023219.249022,024232.698519,613.449497,390.705 um_pwv,476.963 um_pwv,35.0,5.789 K,0.917937
20240824,024233.656691,025247.103893,613.447202,387.489 um_pwv,473.037 um_pwv,35.0,5.738 K,0.910336
20240824,025248.067231,025635.584864,227.517633,391.052 um_pwv,477.386 um_pwv,35.0,5.726 K,0.918755
20240824,030135.632163,031149.184328,613.552165,398.001 um_pwv,485.869 um_pwv,35.0,5.719 K,0.935180
20240824,031150.141839,032203.589658,613.447819,397.766 um_pwv,485.582 um_pwv,35.0,5.752 K,0.934624
20240824,032204.552631,033218.000053,613.447422,397.727 um_pwv,485.535 um_pwv,35.0,5.697 K,0.934532
20240824,033218.958829,034232.402649,613.44382,398.197 um_pwv,486.108 um_pwv,35.0,5.67 K,0.935643
20240824,034233.366587,035246.810761,613.444174,399.964 um_pwv,488.266 um_pwv,35.0,5.684 K,0.939820
20240824,035247.769377,035635.293258,227.523881,402.056 um_pwv,490.819 um_pwv,35.0,5.697 K,0.944764
20240824,050136.412331,051149.986282,613.573951,385.322 um_pwv,470.392 um_pwv,35.0,5.821 K,0.905214
20240824,051150.947296,052204.396356,613.44906,387.489 um_pwv,473.037 um_pwv,35.0,5.773 K,0.910336
20240824,052205.352357,053218.801779,613.449422,387.07 um_pwv,472.526 um_pwv,35.0,5.724 K,0.909345
20240824,053219.763885,054233.207635,613.44375,387.375 um_pwv,472.898 um_pwv,35.0,5.748 K,0.910065
20240824,054234.170016,055247.618133,613.448117,385.303 um_pwv,470.369 um_pwv,35.0,5.708 K,0.905169
20240824,055248.574112,055636.099120,227.525008,381.025 um_pwv,465.145 um_pwv,35.0,5.687 K,0.895056
20240824,060136.192774,061149.741320,613.548546,382.001 um_pwv,466.337 um_pwv,35.0,5.638 K,0.897362
20240824,061150.702218,062204.152606,613.450388,379.043 um_pwv,462.726 um_pwv,35.0,5.638 K,0.890372
20240824,062205.108238,063218.557370,613.449132,377.926 um_pwv,461.363 um_pwv,35.0,5.651 K,0.887732
20240824,063219.519532,064232.963311,613.443779,377.592 um_pwv,460.954 um_pwv,35.0,5.669 K,0.886941
20240824,064233.925712,065247.373979,613.448267,369.49 um_pwv,451.063 um_pwv,35.0,5.703 K,0.867791
20240824,065248.330299,065635.852154,227.521855,364.132 um_pwv,444.523 um_pwv,35.0,5.711 K,0.855128
20240824,070136.021040,071149.595047,613.574007,362.31 um_pwv,442.299 um_pwv,35.0,5.829 K,0.850822
20240824,071150.550864,072204.001852,613.450988,359.223 um_pwv,438.53 um_pwv,35.0,5.817 K,0.843526
20240824,072204.963629,073218.408710,613.445081,361.242 um_pwv,440.996 um_pwv,35.0,5.756 K,0.848299
20240824,073219.370798,074232.818817,613.448019,370.126 um_pwv,451.841 um_pwv,35.0,5.798 K,0.869296
20240824,074233.776421,075247.222116,613.445695,372.519 um_pwv,454.761 um_pwv,35.0,5.71 K,0.874951
20240824,075248.184494,075635.704847,227.520353,371.147 um_pwv,453.087 um_pwv,35.0,5.634 K,0.871709
20240824,090135.760365,091149.294226,613.533861,370.928 um_pwv,452.819 um_pwv,35.0,5.415 K,0.871191
20240824,091150.256352,092203.703590,613.447238,366.287 um_pwv,447.154 um_pwv,35.0,5.439 K,0.860222
20240824,092204.662579,093218.119574,613.456995,352.886 um_pwv,430.794 um_pwv,35.0,5.465 K,0.828547
20240824,093219.070973,094232.517525,613.446552,342.191 um_pwv,417.738 um_pwv,35.0,5.364 K,0.803269
20240824,094233.475069,095246.923128,613.448059,293.504 um_pwv,358.302 um_pwv,35.0,4.723 K,0.688191
20240824,095247.886411,095635.403861,227.51745,289.923 um_pwv,353.931 um_pwv,35.0,4.725 K,0.679728
20240824,100136.555778,101150.108317,613.552539,285.657 um_pwv,348.722 um_pwv,35.0,4.692 K,0.669643
20240824,101151.065791,102204.514107,613.448316,288.362 um_pwv,352.025 um_pwv,35.0,4.625 K,0.676037
20240824,102205.471031,103218.923090,613.452059,280.984 um_pwv,343.018 um_pwv,35.0,4.553 K,0.658599
20240824,103219.880211,104233.326457,613.446246,273.233 um_pwv,333.556 um_pwv,35.0,4.562 K,0.640278
20240824,104234.290634,105247.734584,613.44395,265.828 um_pwv,324.516 um_pwv,35.0,4.556 K,0.622775
20240824,105248.697276,105636.217505,227.520229,266.219 um_pwv,324.994 um_pwv,35.0,4.573 K,0.623700
20240824,110136.360250,111149.907378,613.547128,275.765 um_pwv,336.647 um_pwv,35.0,4.534 K,0.646263
20240824,111150.871371,112204.314660,613.443289,274.173 um_pwv,334.704 um_pwv,35.0,4.54 K,0.642500
20240824,112205.278301,113218.727066,613.448765,269.664 um_pwv,329.198 um_pwv,35.0,4.477 K,0.631841
20240824,113219.685765,114233.134268,613.448503,268.265 um_pwv,327.491 um_pwv,35.0,4.438 K,0.628534
20240824,114234.093253,115247.538569,613.445316,268.317 um_pwv,327.555 um_pwv,35.0,4.441 K,0.628659
20240824,115248.502198,115636.019510,227.517312,264.216 um_pwv,322.548 um_pwv,35.0,4.431 K,0.618964
20240824,130136.158116,131149.711223,613.553107,259.922 um_pwv,317.307 um_pwv,35.0,4.35 K,0.608816
20240824,131150.666457,132204.114397,613.44794,262.614 um_pwv,320.592 um_pwv,35.0,4.338 K,0.615177
20240824,132205.076503,133218.523856,613.447353,265.307 um_pwv,323.88 um_pwv,35.0,4.387 K,0.621543
20240824,133219.485262,134232.929018,613.443756,262.511 um_pwv,320.466 um_pwv,35.0,4.498 K,0.614933
20240824,134233.891818,135247.338927,613.447109,262.382 um_pwv,320.309 um_pwv,35.0,4.535 K,0.614629
20240824,135248.300423,135635.821018,227.520595,261.893 um_pwv,319.713 um_pwv,35.0,4.393 K,0.613474
20240824,140135.963842,141149.513002,613.54916,259.922 um_pwv,317.307 um_pwv,35.0,4.421 K,0.608816
20240824,141150.474555,142203.920162,613.445607,259.108 um_pwv,316.312 um_pwv,35.0,4.358 K,0.606890
20240824,142204.881951,143218.330618,613.448667,259.26 um_pwv,316.498 um_pwv,35.0,4.433 K,0.607251
20240824,143219.292453,144232.737696,613.445243,258.778 um_pwv,315.909 um_pwv,35.0,4.445 K,0.606110
20240824,144233.699509,145247.145216,613.445707,259.566 um_pwv,316.871 um_pwv,35.0,4.469 K,0.607973
20240824,145248.107677,145635.628216,227.520539,261.226 um_pwv,318.898 um_pwv,35.0,4.347 K,0.611897
20240824,150135.770403,151149.322141,613.551738,263.413 um_pwv,321.568 um_pwv,35.0,4.421 K,0.617068
20240824,151150.283183,152203.729878,613.446695,264.553 um_pwv,322.96 um_pwv,35.0,4.44 K,0.619761
20240824,152204.691671,153218.137851,613.44618,266.952 um_pwv,325.888 um_pwv,35.0,4.454 K,0.625431
20240824,153219.099997,154232.542376,613.442379,266.978 um_pwv,325.92 um_pwv,35.0,4.481 K,0.625493
20240824,154233.505792,155246.955357,613.449565,264.009 um_pwv,322.295 um_pwv,35.0,4.45 K,0.618474
20240824,155247.911891,155635.435044,227.523153,261.893 um_pwv,319.713 um_pwv,35.0,4.364 K,0.613474
20240824,170136.581981,171150.128226,613.546245,284.733 um_pwv,347.594 um_pwv,35.0,4.538 K,0.667459
20240824,171151.091534,172204.540562,613.449028,283.505 um_pwv,346.096 um_pwv,35.0,4.57 K,0.664558
20240824,172205.499627,173218.942432,613.442805,281.067 um_pwv,343.119 um_pwv,35.0,4.551 K,0.658794
20240824,173219.905123,174233.352854,613.447731,278.677 um_pwv,340.202 um_pwv,35.0,4.584 K,0.653145
20240824,174234.309785,175247.759215,613.44943,268.792 um_pwv,328.134 um_pwv,35.0,4.662 K,0.629780
20240824,175248.722269,175636.239910,227.517641,263.892 um_pwv,322.153 um_pwv,35.0,4.636 K,0.618199
20240824,180136.384671,181149.931524,613.546853,259.273 um_pwv,316.514 um_pwv,35.0,4.727 K,0.607281
20240824,181150.894086,182204.338368,613.444282,257.739 um_pwv,314.641 um_pwv,35.0,4.768 K,0.603655
20240824,182205.302391,183218.747130,613.444739,252.782 um_pwv,308.59 um_pwv,35.0,4.798 K,0.591938
20240824,183219.710013,184233.155909,613.445896,255.173 um_pwv,311.509 um_pwv,35.0,4.755 K,0.597590
20240824,184234.112833,185247.563711,613.450878,254.923 um_pwv,311.204 um_pwv,35.0,4.74 K,0.596999
20240824,185248.521553,185636.044220,227.522667,249.996 um_pwv,305.189 um_pwv,35.0,4.693 K,0.585354
20240824,190136.186502,191149.737292,613.55079,251.398 um_pwv,306.9 um_pwv,35.0,4.754 K,0.588666
20240824,191150.693923,192204.142080,613.448157,253.415 um_pwv,309.363 um_pwv,35.0,4.734 K,0.593434
20240824,192205.105658,193218.548896,613.443238,256.755 um_pwv,313.44 um_pwv,35.0,4.707 K,0.601329
20240824,193219.513064,194232.955720,613.442656,254.623 um_pwv,310.838 um_pwv,35.0,4.697 K,0.596290
20240824,194233.919562,195247.415021,613.495459,252.485 um_pwv,308.227 um_pwv,35.0,4.705 K,0.591236
20240824,195248.371982,195635.893759,227.521777,246.927 um_pwv,301.442 um_pwv,35.0,4.718 K,0.578098
20240824,210136.008673,211149.584060,613.575387,266.873 um_pwv,325.792 um_pwv,35.0,4.66 K,0.625245
20240824,211150.539580,212203.990572,613.450992,268.713 um_pwv,328.038 um_pwv,35.0,4.655 K,0.629593
20240824,212204.946527,213218.399165,613.452638,270.884 um_pwv,330.688 um_pwv,35.0,4.716 K,0.634724
20240824,213219.356684,214232.806664,613.44998,273.662 um_pwv,334.08 um_pwv,35.0,4.698 K,0.641293
20240824,214233.763696,215247.212123,613.448427,276.063 um_pwv,337.011 um_pwv,35.0,4.712 K,0.646967
20240824,215248.173857,215635.693483,227.519626,276.497 um_pwv,337.541 um_pwv,35.0,4.635 K,0.647993
20240824,220135.766166,221149.338293,613.572127,280.901 um_pwv,342.917 um_pwv,35.0,4.744 K,0.658403
20240824,221150.300103,222203.746600,613.446497,285.573 um_pwv,348.62 um_pwv,35.0,4.772 K,0.669444
20240824,222204.708325,223218.153293,613.444968,289.923 um_pwv,353.931 um_pwv,35.0,4.778 K,0.679728
20240824,223219.115472,224232.563778,613.448306,330.683 um_pwv,403.689 um_pwv,35.0,5.339 K,0.776068
20240824,224233.521025,225246.967998,613.446973,333.457 um_pwv,407.076 um_pwv,35.0,5.324 K,0.782626
20240824,225247.931539,225635.450843,227.519304,331.725 um_pwv,404.961 um_pwv,35.0,5.262 K,0.778531
20240825,010136.406778,011149.954773,613.547995,293.304 um_pwv,358.058 um_pwv,35.0,5.025 K,0.687718
20240825,011150.918123,012204.366480,613.448357,334.113 um_pwv,407.877 um_pwv,35.0,5.702 K,0.784177
20240825,012205.323666,013218.773960,613.450294,286.359 um_pwv,349.579 um_pwv,35.0,5.096 K,0.671302
20240825,013219.731137,014233.178800,613.447663,284.202 um_pwv,346.947 um_pwv,35.0,5.11 K,0.666205
20240825,014234.148227,015247.588427,613.4402,280.488 um_pwv,342.413 um_pwv,35.0,5.064 K,0.657426
20240825,015248.545440,015636.068195,227.522755,278.267 um_pwv,339.701 um_pwv,35.0,4.937 K,0.652176
20240825,020136.210311,021149.762430,613.552119,280.543 um_pwv,342.48 um_pwv,35.0,4.951 K,0.657556
20240825,021150.718587,022204.170311,613.451724,282.866 um_pwv,345.316 um_pwv,35.0,4.954 K,0.663047
20240825,022205.128608,023218.573280,613.444672,284.621 um_pwv,347.458 um_pwv,35.0,4.95 K,0.667195
20240825,023219.536874,024232.981123,613.444249,284.817 um_pwv,347.697 um_pwv,35.0,5.009 K,0.667657
20240825,024233.944419,025247.392280,613.447861,283.45 um_pwv,346.028 um_pwv,35.0,4.972 K,0.664427
20240825,025248.351703,025635.871841,227.520138,282.339 um_pwv,344.672 um_pwv,35.0,4.985 K,0.661801
20240825,030136.014421,031149.565070,613.550649,285.937 um_pwv,349.065 um_pwv,35.0,5.032 K,0.670306
20240825,031150.521187,032203.968987,613.4478,288.277 um_pwv,351.921 um_pwv,35.0,5.053 K,0.675836
20240825,032204.932601,033218.378943,613.446342,290.836 um_pwv,355.045 um_pwv,35.0,5.002 K,0.681884
20240825,033219.335915,034232.787079,613.451164,290.978 um_pwv,355.219 um_pwv,35.0,5.063 K,0.682222
20240825,034233.746399,035247.195245,613.448846,291.493 um_pwv,355.848 um_pwv,35.0,5.003 K,0.683439
20240825,035248.154660,035635.674223,227.519563,290.579 um_pwv,354.731 um_pwv,35.0,4.973 K,0.681277
20240825,050135.787439,051149.362460,613.575021,335.463 um_pwv,409.524 um_pwv,35.0,5.618 K,0.787366
20240825,051150.324315,052203.769387,613.445072,336.52 um_pwv,410.815 um_pwv,35.0,5.693 K,0.789864
20240825,052204.731356,053218.177680,613.446324,338.61 um_pwv,413.367 um_pwv,35.0,5.645 K,0.794805
20240825,053219.139190,054232.586199,613.447009,345.334 um_pwv,421.575 um_pwv,35.0,5.631 K,0.810698
20240825,054233.542373,055246.993217,613.450844,347.104 um_pwv,423.736 um_pwv,35.0,5.626 K,0.814882
20240825,055247.949262,055635.473434,227.524172,346.729 um_pwv,423.278 um_pwv,35.0,5.546 K,0.813995
20240825,060136.576671,061150.123549,613.546878,353.511 um_pwv,431.557 um_pwv,35.0,5.672 K,0.830024
20240825,061151.084735,062204.533519,613.448784,356.233 um_pwv,434.88 um_pwv,35.0,5.684 K,0.836458
20240825,062205.495633,063218.943064,613.447431,355.463 um_pwv,433.94 um_pwv,35.0,5.715 K,0.834638
20240825,063219.899098,064233.347623,613.448525,352.054 um_pwv,429.778 um_pwv,35.0,5.689 K,0.826581
20240825,064234.310057,065247.756863,613.446806,351.431 um_pwv,429.018 um_pwv,35.0,5.67 K,0.825109
20240825,065248.719371,065636.238268,227.518897,350.775 um_pwv,428.218 um_pwv,35.0,5.576 K,0.823559
20240825,070136.380065,071149.933246,613.553181,354.555 um_pwv,432.832 um_pwv,35.0,5.688 K,0.832493
20240825,071150.893858,072204.341067,613.447209,355.428 um_pwv,433.897 um_pwv,35.0,5.781 K,0.834556
20240825,072205.297443,073218.748156,613.450713,355.323 um_pwv,433.769 um_pwv,35.0,5.865 K,0.834308
20240825,073219.703837,074233.156339,613.452502,357.602 um_pwv,436.551 um_pwv,35.0,5.909 K,0.839694
20240825,074234.112355,075247.562693,613.450338,363.238 um_pwv,443.431 um_pwv,35.0,5.854 K,0.853014
20240825,075248.519679,075636.042955,227.523276,365.208 um_pwv,445.836 um_pwv,35.0,5.805 K,0.857671
20240825,090136.106490,091149.680358,613.573868,378.447 um_pwv,461.998 um_pwv,35.0,5.719 K,0.888963
20240825,091150.643108,092204.092060,613.448952,379.584 um_pwv,463.387 um_pwv,35.0,5.723 K,0.891651
20240825,092205.050778,093218.495022,613.444244,383.998 um_pwv,468.775 um_pwv,35.0,5.665 K,0.902083
20240825,093219.458367,094232.902762,613.444395,387.756 um_pwv,473.363 um_pwv,35.0,5.693 K,0.910967
20240825,094233.866124,095247.311111,613.444987,389.784 um_pwv,475.838 um_pwv,35.0,5.642 K,0.915759
20240825,095248.273902,095635.792827,227.518925,388.826 um_pwv,474.669 um_pwv,35.0,5.547 K,0.913495
20240825,100135.841101,101149.392575,613.551474,385.778 um_pwv,470.947 um_pwv,35.0,5.697 K,0.906289
20240825,101150.348578,102203.796354,613.447776,381.55 um_pwv,465.786 um_pwv,35.0,5.629 K,0.896297
20240825,102204.760255,103218.203612,613.443357,382.678 um_pwv,467.163 um_pwv,35.0,5.672 K,0.898963
20240825,103219.166856,104232.615082,613.448226,385.436 um_pwv,470.531 um_pwv,35.0,5.648 K,0.905482
20240825,104233.572585,105247.020954,613.448369,385.057 um_pwv,470.068 um_pwv,35.0,5.663 K,0.904586
20240825,105247.983579,105635.502787,227.519208,384.414 um_pwv,469.282 um_pwv,35.0,5.629 K,0.903065
20240825,110135.643985,111149.192416,613.548431,385.512 um_pwv,470.623 um_pwv,35.0,5.63 K,0.905662
20240825,111150.155159,112203.603697,613.448538,385.74 um_pwv,470.901 um_pwv,35.0,5.675 K,0.906200
20240825,112204.561488,113218.009737,613.448249,385.854 um_pwv,471.04 um_pwv,35.0,5.641 K,0.906469
20240825,113218.966964,114232.416529,613.449565,384.3 um_pwv,469.144 um_pwv,35.0,5.628 K,0.902797
20240825,114233.379871,115246.826074,613.446203,383.469 um_pwv,468.129 um_pwv,35.0,5.576 K,0.900833
20240825,115247.782970,115635.304161,227.521191,380.5 um_pwv,464.505 um_pwv,35.0,5.525 K,0.893816
20240825,130136.464608,131150.003914,613.539306,379.267 um_pwv,462.999 um_pwv,35.0,5.768 K,0.890901
20240825,131150.959773,132204.408625,613.448852,376.516 um_pwv,459.641 um_pwv,35.0,5.767 K,0.884399
20240825,132205.370721,133218.818592,613.447871,377.74 um_pwv,461.136 um_pwv,35.0,5.819 K,0.887293
20240825,133219.774166,134233.223843,613.449677,375.628 um_pwv,458.557 um_pwv,35.0,5.928 K,0.882300
20240825,134234.185705,135247.630418,613.444713,373.124 um_pwv,455.5 um_pwv,35.0,5.995 K,0.876381
20240825,135248.592206,135636.112508,227.520302,368.202 um_pwv,449.491 um_pwv,35.0,5.875 K,0.864747
20240825,140136.232855,141149.805247,613.572392,367.55 um_pwv,448.696 um_pwv,35.0,6.041 K,0.863208
20240825,141150.765806,142204.213204,613.447398,367.803 um_pwv,449.005 um_pwv,35.0,6.111 K,0.863806
20240825,142205.174858,143218.617970,613.443112,365.208 um_pwv,445.836 um_pwv,35.0,6.174 K,0.857671
20240825,143219.581975,144233.029270,613.447295,360.639 um_pwv,440.259 um_pwv,35.0,6.217 K,0.846873
20240825,144233.986212,145247.436742,613.45053,356.268 um_pwv,434.923 um_pwv,35.0,6.286 K,0.836541
20240825,145248.393369,145635.915145,227.521776,349.57 um_pwv,426.746 um_pwv,35.0,6.233 K,0.820710
20240825,150136.010781,151149.559578,613.548797,344.283 um_pwv,420.292 um_pwv,35.0,6.314 K,0.808214
20240825,151150.522636,152203.970785,613.448149,338.61 um_pwv,413.367 um_pwv,35.0,6.309 K,0.794805
20240825,152204.926978,153218.374664,613.447686,339.077 um_pwv,413.936 um_pwv,35.0,6.245 K,0.795908
20240825,153219.336424,154232.781391,613.444967,338.411 um_pwv,413.123 um_pwv,35.0,6.181 K,0.794333
20240825,154233.743237,155247.191040,613.447803,338.544 um_pwv,413.285 um_pwv,35.0,6.085 K,0.794648
20240825,155248.152763,155635.672919,227.520156,334.508 um_pwv,408.359 um_pwv,35.0,6.024 K,0.785109
20240825,170135.831516,171149.408811,613.577295,348.335 um_pwv,425.238 um_pwv,35.0,5.648 K,0.817791
20240825,171150.365447,172203.811762,613.446315,352.955 um_pwv,430.879 um_pwv,35.0,5.52 K,0.828711
20240825,172204.771375,173218.223524,613.452149,355.673 um_pwv,434.196 um_pwv,35.0,5.479 K,0.835134
20240825,173219.180695,174232.628074,613.447379,356.724 um_pwv,435.479 um_pwv,35.0,5.464 K,0.837618
20240825,174233.591452,175247.039157,613.447705,357.285 um_pwv,436.165 um_pwv,35.0,5.468 K,0.838946
20240825,175247.996967,175635.517197,227.52023,356.303 um_pwv,434.966 um_pwv,35.0,5.356 K,0.836624
20240825,180135.618763,181149.159208,613.540445,358.271 um_pwv,437.368 um_pwv,35.0,5.361 K,0.841274
20240825,181150.121644,182203.570530,613.448886,359.011 um_pwv,438.272 um_pwv,35.0,5.343 K,0.843025
20240825,182204.527534,183217.978355,613.450821,360.143 um_pwv,439.653 um_pwv,35.0,5.316 K,0.845700
20240825,183218.935239,184232.387130,613.451891,360.568 um_pwv,440.172 um_pwv,35.0,5.303 K,0.846705
20240825,184233.344165,185246.794397,613.450232,357.11 um_pwv,435.95 um_pwv,35.0,5.271 K,0.838531
20240825,185247.751828,185635.273594,227.521766,354.904 um_pwv,433.258 um_pwv,35.0,5.224 K,0.833318
20240825,190136.431052,191149.977452,613.5464,355.253 um_pwv,433.684 um_pwv,35.0,5.273 K,0.834143
20240825,191150.935589,192204.381842,613.446253,356.268 um_pwv,434.923 um_pwv,35.0,5.25 K,0.836541
20240825,192205.345071,193218.793854,613.448783,358.976 um_pwv,438.229 um_pwv,35.0,5.223 K,0.842942
20240825,193219.752006,194233.200086,613.44808,362.488 um_pwv,442.516 um_pwv,35.0,5.211 K,0.851243
20240825,194234.159127,195247.606884,613.447757,363.309 um_pwv,443.518 um_pwv,35.0,5.217 K,0.853183
20240825,195248.564109,195636.084574,227.520465,362.845 um_pwv,442.952 um_pwv,35.0,5.134 K,0.852086
20240825,210136.130278,211149.679970,613.549692,375.48 um_pwv,458.377 um_pwv,35.0,5.003 K,0.881951
20240825,211150.640997,212204.089559,613.448562,376.497 um_pwv,459.618 um_pwv,35.0,4.985 K,0.884355
20240825,212205.046803,213218.495074,613.448271,377.703 um_pwv,461.09 um_pwv,35.0,5.01 K,0.887205
20240825,213219.457494,214232.904048,613.446554,379.118 um_pwv,462.817 um_pwv,35.0,5.059 K,0.890548
20240825,214233.860716,215247.307837,613.447121,377.146 um_pwv,460.41 um_pwv,35.0,5.048 K,0.885888
20240825,215248.270828,215635.792494,227.521666,376.849 um_pwv,460.048 um_pwv,35.0,4.964 K,0.885187
20240825,220135.934121,221149.482747,613.548626,379.155 um_pwv,462.863 um_pwv,35.0,4.935 K,0.890637
20240825,221150.443788,222203.894235,613.450447,379.734 um_pwv,463.569 um_pwv,35.0,4.943 K,0.892004
20240825,222204.850907,223218.301918,613.451011,382.941 um_pwv,467.485 um_pwv,35.0,4.884 K,0.899586
20240825,223219.258279,224232.709240,613.450961,385.209 um_pwv,470.253 um_pwv,35.0,4.82 K,0.904945
20240825,224233.666486,225247.116465,613.449979,386.842 um_pwv,472.247 um_pwv,35.0,4.839 K,0.908805
20240825,225248.073647,225635.595574,227.521927,384.868 um_pwv,469.837 um_pwv,35.0,4.839 K,0.904139
20240826,010136.546919,011150.096707,613.549788,389.477 um_pwv,475.464 um_pwv,35.0,4.924 K,0.915034
20240826,011151.058542,012204.502777,613.444235,391.938 um_pwv,478.468 um_pwv,35.0,4.882 K,0.920849
20240826,012205.460965,013218.909282,613.448317,389.401 um_pwv,475.37 um_pwv,35.0,4.774 K,0.914852
20240826,013219.872946,014233.319863,613.446917,390.014 um_pwv,476.119 um_pwv,35.0,4.761 K,0.916303
20240826,014234.282525,015247.726981,613.444456,388.711 um_pwv,474.529 um_pwv,35.0,4.761 K,0.913224
20240826,015248.684227,015636.207035,227.522808,386.614 um_pwv,471.968 um_pwv,35.0,4.75 K,0.908265
20240826,020136.351597,021149.902674,613.551077,390.667 um_pwv,476.916 um_pwv,35.0,4.772 K,0.917846
20240826,021150.859004,022204.305743,613.446739,390.667 um_pwv,476.916 um_pwv,35.0,4.74 K,0.917846
20240826,022205.270221,023218.717164,613.446943,394.065 um_pwv,481.064 um_pwv,35.0,4.824 K,0.925876
20240826,023219.674705,024233.122703,613.447998,394.065 um_pwv,481.064 um_pwv,35.0,4.814 K,0.925876
20240826,024234.085768,025247.531508,613.44574,391.938 um_pwv,478.468 um_pwv,35.0,4.854 K,0.920849
20240826,025248.488374,025636.012927,227.524553,385.702 um_pwv,470.855 um_pwv,35.0,4.779 K,0.906110
20240826,030136.125812,031149.704270,613.578458,386.918 um_pwv,472.34 um_pwv,35.0,4.813 K,0.908985
20240826,031150.667032,032204.112198,613.445166,389.018 um_pwv,474.903 um_pwv,35.0,4.837 K,0.913947
20240826,032205.075558,033218.520804,613.445246,389.477 um_pwv,475.464 um_pwv,35.0,4.862 K,0.915034
20240826,033219.478363,034232.928360,613.449997,389.861 um_pwv,475.932 um_pwv,35.0,4.905 K,0.915940
20240826,034233.886503,035247.332734,613.446231,390.936 um_pwv,477.245 um_pwv,35.0,4.924 K,0.918482
20240826,035248.295463,035635.817707,227.522244,388.979 um_pwv,474.856 um_pwv,35.0,4.848 K,0.913857
20240826,050135.956261,051149.502354,613.546093,390.782 um_pwv,477.057 um_pwv,35.0,5.053 K,0.918119
20240826,051150.463672,052203.910115,613.446443,394.802 um_pwv,481.964 um_pwv,35.0,5.085 K,0.927619
20240826,052204.872241,053218.318242,613.446001,393.813 um_pwv,480.756 um_pwv,35.0,5.056 K,0.925281
20240826,053219.279728,054232.726291,613.446563,395.171 um_pwv,482.415 um_pwv,35.0,5.03 K,0.928492
20240826,054233.688398,055247.136575,613.448177,395.969 um_pwv,483.389 um_pwv,35.0,5.098 K,0.930378
20240826,055248.098105,055635.617495,227.51939,394.065 um_pwv,481.064 um_pwv,35.0,5.062 K,0.925876
20240826,060135.779633,061149.360581,613.580948,396.632 um_pwv,484.199 um_pwv,35.0,5.173 K,0.931945
20240826,061150.316119,062203.768733,613.452614,396.301 um_pwv,483.794 um_pwv,35.0,5.15 K,0.931161
20240826,062204.724646,063218.172933,613.448287,398.746 um_pwv,486.779 um_pwv,35.0,5.242 K,0.936940
20240826,063219.131089,064232.580268,613.449179,399.807 um_pwv,488.074 um_pwv,35.0,5.314 K,0.939448
20240826,064233.542703,065246.987859,613.445156,400.161 um_pwv,488.506 um_pwv,35.0,5.339 K,0.940285
20240826,065247.951155,065635.471055,227.5199,398.158 um_pwv,486.061 um_pwv,35.0,5.371 K,0.935550
20240826,070136.573413,071150.122040,613.548627,394.647 um_pwv,481.775 um_pwv,35.0,5.41 K,0.927252
20240826,071151.083212,072204.527637,613.444425,392.71 um_pwv,479.41 um_pwv,35.0,5.447 K,0.922674
20240826,072205.490225,073218.935708,613.445483,390.898 um_pwv,477.198 um_pwv,35.0,5.447 K,0.918391
20240826,073219.899906,074233.345118,613.445212,392.478 um_pwv,479.127 um_pwv,35.0,5.517 K,0.922126
20240826,074234.307906,075247.754636,613.44673,399.453 um_pwv,487.642 um_pwv,35.0,5.566 K,0.938611
20240826,075248.716075,075636.233807,227.517732,400.87 um_pwv,489.372 um_pwv,35.0,5.511 K,0.941962
20240826,090136.383940,091149.920416,613.536476,407.393 um_pwv,497.335 um_pwv,35.0,6.1 K,0.957379
20240826,091150.882591,092204.327882,613.445291,407.193 um_pwv,497.091 um_pwv,35.0,6.114 K,0.956905
20240826,092205.291132,093218.738886,613.447754,407.955 um_pwv,498.021 um_pwv,35.0,6.176 K,0.958707
20240826,093219.697152,094233.148118,613.450966,405.673 um_pwv,495.235 um_pwv,35.0,6.209 K,0.953313
20240826,094234.106310,095247.554106,613.447796,402.927 um_pwv,491.883 um_pwv,35.0,6.383 K,0.946823
20240826,095248.511674,095636.033866,227.522192,397.609 um_pwv,485.391 um_pwv,35.0,6.382 K,0.934254
20240826,100136.178268,101149.773279,613.595011,410.775 um_pwv,501.464 um_pwv,35.0,6.489 K,0.965373
20240826,101150.735749,102204.180583,613.444834,417.009 um_pwv,509.074 um_pwv,35.0,6.577 K,0.980105
20240826,102205.143581,103218.590791,613.44721,408.839 um_pwv,499.101 um_pwv,35.0,6.56 K,0.960797
20240826,103219.549143,104232.995565,613.446422,402.59 um_pwv,491.472 um_pwv,35.0,6.582 K,0.946027
20240826,104233.964292,105247.406739,613.442447,409.403 um_pwv,499.789 um_pwv,35.0,6.63 K,0.962129
20240826,105248.363683,105635.885299,227.521616,415.984 um_pwv,507.822 um_pwv,35.0,6.632 K,0.977683
20240826,110135.980078,111149.527677,613.547599,425.593 um_pwv,519.554 um_pwv,35.0,6.766 K,1.00040
20240826,111150.490040,112203.936314,613.446274,425.175 um_pwv,519.042 um_pwv,35.0,6.829 K,0.999406
20240826,112204.899221,113218.345222,613.446001,429.043 um_pwv,523.765 um_pwv,35.0,6.875 K,1.00855
20240826,113219.303057,114232.753993,613.450936,421.424 um_pwv,514.464 um_pwv,35.0,6.884 K,0.990542
20240826,114233.717605,115247.161970,613.444365,441.818 um_pwv,539.361 um_pwv,35.0,7.061 K,1.03874
20240826,115248.119169,115635.641618,227.522449,437.209 um_pwv,533.734 um_pwv,35.0,7.048 K,1.02785
20240826,130135.748396,131149.324954,613.576558,436.006 um_pwv,532.265 um_pwv,35.0,7.179 K,1.02501
20240826,131150.286258,132203.735895,613.449637,452.752 um_pwv,552.709 um_pwv,35.0,7.219 K,1.06459
20240826,132204.692099,133218.141220,613.449121,444.185 um_pwv,542.25 um_pwv,35.0,7.164 K,1.04434
20240826,133219.103389,134232.547011,613.443622,430.164 um_pwv,525.133 um_pwv,35.0,7.117 K,1.01120
20240826,134233.510355,135246.958302,613.447947,435.255 um_pwv,531.348 um_pwv,35.0,7.119 K,1.02323
20240826,135247.914350,135635.437597,227.523247,434.57 um_pwv,530.512 um_pwv,35.0,7.093 K,1.02161
20240826,140109.421702,141122.967411,613.545709,437.037 um_pwv,533.524 um_pwv,35.0,7.122 K,1.02744
20240826,141123.929256,142137.375851,613.446595,449.365 um_pwv,548.574 um_pwv,35.0,7.153 K,1.05658
20240826,142138.338917,143151.787072,613.448155,482.734 um_pwv,589.309 um_pwv,35.0,7.23 K,1.13545
20240826,143152.744243,144206.193784,613.449541,498.307 um_pwv,608.321 um_pwv,35.0,7.246 K,1.17226
20240826,144207.151498,145220.601003,613.449505,506.4 um_pwv,618.201 um_pwv,35.0,7.147 K,1.19138
20240826,145221.558763,145609.080717,227.521954,516.263 um_pwv,630.241 um_pwv,35.0,7.018 K,1.21469
20240826,150109.103612,151122.675680,613.572068,524.365 um_pwv,640.131 um_pwv,35.0,7.096 K,1.23384
20240826,151123.637566,152137.086142,613.448576,525.542 um_pwv,641.568 um_pwv,35.0,7.031 K,1.23662
20240826,152138.042492,153151.491902,613.44941,518.494 um_pwv,632.964 um_pwv,35.0,7 K,1.21997
20240826,153152.453249,154205.901191,613.447942,512.916 um_pwv,626.155 um_pwv,35.0,6.993 K,1.20678
20240826,154206.858408,155220.305174,613.446766,513.182 um_pwv,626.479 um_pwv,35.0,6.934 K,1.20741
20240826,155221.267221,155608.786622,227.519401,512.98 um_pwv,626.233 um_pwv,35.0,6.827 K,1.20693
20240826,170135.711249,171149.258533,613.547284,512.373 um_pwv,625.492 um_pwv,35.0,6.733 K,1.20550
20240826,171150.220900,172203.667492,613.446592,520.311 um_pwv,635.183 um_pwv,35.0,6.658 K,1.22426
20240826,172204.624340,173218.072921,613.448581,531.1 um_pwv,648.354 um_pwv,35.0,6.648 K,1.24976
20240826,173219.035926,174232.482088,613.446162,540.58 um_pwv,659.927 um_pwv,35.0,6.617 K,1.27216
20240826,174233.444770,175246.889987,613.445217,542.021 um_pwv,661.685 um_pwv,35.0,6.563 K,1.27557
20240826,175247.847207,175635.370764,227.523557,533.948 um_pwv,651.83 um_pwv,35.0,6.421 K,1.25649
20240826,180136.540263,181150.118597,613.578334,542.302 um_pwv,662.028 um_pwv,35.0,6.492 K,1.27623
20240826,181151.076183,182204.527515,613.451332,544.35 um_pwv,664.529 um_pwv,35.0,6.541 K,1.28107
20240826,182205.484629,183218.931196,613.446567,531.428 um_pwv,648.753 um_pwv,35.0,6.561 K,1.25053
20240826,183219.893863,184233.337976,613.444113,520.773 um_pwv,635.746 um_pwv,35.0,6.583 K,1.22535
20240826,184234.302458,185247.745496,613.443038,511.39 um_pwv,624.292 um_pwv,35.0,6.477 K,1.20317
20240826,185248.709115,185636.228641,227.519526,508.814 um_pwv,621.147 um_pwv,35.0,6.361 K,1.19709
20240826,190109.927285,191123.517436,613.590151,512.866 um_pwv,626.094 um_pwv,35.0,6.292 K,1.20666
20240826,191124.479966,192137.929934,613.449968,503.936 um_pwv,615.193 um_pwv,35.0,6.283 K,1.18556
20240826,192138.888256,193152.335509,613.447253,509.253 um_pwv,621.683 um_pwv,35.0,6.317 K,1.19812
20240826,193153.293000,194206.741964,613.448964,519.594 um_pwv,634.307 um_pwv,35.0,6.262 K,1.22256
20240826,194207.699217,195221.149445,613.450228,513.043 um_pwv,626.31 um_pwv,35.0,6.271 K,1.20708
20240826,195222.106348,195609.629858,227.52351,519.85 um_pwv,634.62 um_pwv,35.0,6.156 K,1.22317
20240826,210136.553094,211150.100682,613.547588,559.75 um_pwv,683.328 um_pwv,35.0,6.281 K,1.31747
20240826,211151.062914,212204.511863,613.448949,573.533 um_pwv,700.155 um_pwv,35.0,6.241 K,1.35005
20240826,212205.469323,213218.920220,613.450897,588.354 um_pwv,718.247 um_pwv,35.0,6.18 K,1.38507
20240826,213219.876242,214233.327797,613.451555,597.382 um_pwv,729.269 um_pwv,35.0,6.09 K,1.40641
20240826,214234.284723,215247.735629,613.450906,602.128 um_pwv,735.063 um_pwv,35.0,6.074 K,1.41763
20240826,215248.692218,215636.214427,227.522209,602.266 um_pwv,735.231 um_pwv,35.0,6.054 K,1.41795
20240826,220111.109092,221124.659477,613.550385,597.533 um_pwv,729.453 um_pwv,35.0,6.087 K,1.40677
20240826,221125.621042,222139.063405,613.442363,594.653 um_pwv,725.937 um_pwv,35.0,6.247 K,1.39996
20240826,222140.025728,223153.473243,613.447515,602.084 um_pwv,735.009 um_pwv,35.0,6.429 K,1.41752
20240826,223154.436365,224207.880784,613.444419,593.803 um_pwv,724.9 um_pwv,35.0,6.236 K,1.39795
20240826,224208.838384,225222.289198,613.450814,582.179 um_pwv,710.71 um_pwv,35.0,6.217 K,1.37048
20240826,225223.245850,225610.768564,227.522714,568.047 um_pwv,693.457 um_pwv,35.0,6.162 K,1.33708
20240827,010136.610818,011150.180431,613.569613,514.792 um_pwv,628.445 um_pwv,35.0,6.253 K,1.21122
20240827,011151.143786,012204.589277,613.445491,515.183 um_pwv,628.923 um_pwv,35.0,6.13 K,1.21214
20240827,012205.552320,013218.995628,613.443308,509.215 um_pwv,621.637 um_pwv,35.0,6.168 K,1.19803
20240827,013219.958936,014233.406413,613.447477,502.746 um_pwv,613.739 um_pwv,35.0,6.177 K,1.18275
20240827,014234.365425,015247.811793,613.446368,505.528 um_pwv,617.135 um_pwv,35.0,6.171 K,1.18932
20240827,015248.769048,015636.293506,227.524458,511.579 um_pwv,624.522 um_pwv,35.0,6.102 K,1.20362
20240827,020109.268906,021122.815830,613.546924,527.826 um_pwv,644.357 um_pwv,35.0,6.23 K,1.24202
20240827,021123.778509,022137.222672,613.444163,545.169 um_pwv,665.528 um_pwv,35.0,6.26 K,1.28301
20240827,022138.186197,023151.639325,613.453128,544.766 um_pwv,665.037 um_pwv,35.0,6.305 K,1.28206
20240827,023152.590456,024206.040236,613.44978,548.079 um_pwv,669.08 um_pwv,35.0,6.376 K,1.28989
20240827,024207.002983,025220.445953,613.44297,545.102 um_pwv,665.446 um_pwv,35.0,6.417 K,1.28285
20240827,025221.409478,025608.929210,227.519732,538.135 um_pwv,656.941 um_pwv,35.0,6.493 K,1.26639
20240827,030108.946439,031122.528199,613.58176,525.231 um_pwv,641.189 um_pwv,35.0,6.699 K,1.23589
20240827,031123.484209,032136.931154,613.446945,528.633 um_pwv,645.342 um_pwv,35.0,6.485 K,1.24393
20240827,032137.894452,033151.343446,613.448994,537.234 um_pwv,655.842 um_pwv,35.0,6.348 K,1.26426
20240827,033152.301452,034205.750255,613.448803,539.183 um_pwv,658.222 um_pwv,35.0,6.285 K,1.26886
20240827,034206.708941,035220.156838,613.447897,525.516 um_pwv,641.537 um_pwv,35.0,6.319 K,1.23656
20240827,035221.114403,035608.635792,227.521389,514.524 um_pwv,628.118 um_pwv,35.0,6.188 K,1.21058
20240827,050136.568943,051150.119187,613.550244,460.975 um_pwv,562.747 um_pwv,35.0,6.053 K,1.08402
20240827,051151.079911,052204.524828,613.444917,448.051 um_pwv,546.969 um_pwv,35.0,6.02 K,1.05347
20240827,052205.486361,053218.930452,613.444091,438.158 um_pwv,534.892 um_pwv,35.0,5.935 K,1.03009
20240827,053219.893164,054233.339793,613.446629,433.118 um_pwv,528.739 um_pwv,35.0,5.919 K,1.01818
20240827,054234.301317,055247.746450,613.445133,424.631 um_pwv,518.379 um_pwv,35.0,5.86 K,0.998121
20240827,055248.707991,055636.227076,227.519085,414.798 um_pwv,506.375 um_pwv,35.0,5.76 K,0.974880
20240827,060136.386415,061149.923188,613.536773,400.91 um_pwv,489.421 um_pwv,35.0,5.766 K,0.942055
20240827,061150.878388,062204.331045,613.452657,388.291 um_pwv,474.016 um_pwv,35.0,5.795 K,0.912230
20240827,062205.287348,063218.736604,613.449256,373.05 um_pwv,455.41 um_pwv,35.0,5.813 K,0.876208
20240827,063219.698045,064233.141069,613.443024,361.491 um_pwv,441.299 um_pwv,35.0,5.884 K,0.848887
20240827,064234.103527,065247.552352,613.448825,349.364 um_pwv,426.495 um_pwv,35.0,5.955 K,0.820223
20240827,065248.508975,065636.030147,227.521172,336.884 um_pwv,411.259 um_pwv,35.0,5.851 K,0.790725
20240827,070136.175903,071149.721843,613.54594,283.784 um_pwv,346.436 um_pwv,35.0,5.235 K,0.665216
20240827,071150.682817,072204.133323,613.450506,274.119 um_pwv,334.638 um_pwv,35.0,5.178 K,0.642373
20240827,072205.088987,073218.539785,613.450798,262.949 um_pwv,321.001 um_pwv,35.0,5.138 K,0.615969
20240827,073219.501850,074232.948051,613.446201,252.881 um_pwv,308.711 um_pwv,35.0,5.173 K,0.592173
20240827,074233.903832,075247.353936,613.450104,246.902 um_pwv,301.412 um_pwv,35.0,5.183 K,0.578041
20240827,075248.315992,075635.834606,227.518614,237.246 um_pwv,289.623 um_pwv,35.0,5.136 K,0.555215
20240827,090135.988273,091149.526584,613.538311,197.284 um_pwv,240.839 um_pwv,35.0,5.313 K,0.460758
20240827,091150.482873,092203.933212,613.450339,193.301 um_pwv,235.977 um_pwv,35.0,5.302 K,0.451343
20240827,092204.890697,093218.338615,613.447918,196.658 um_pwv,240.075 um_pwv,35.0,5.382 K,0.459279
20240827,093219.296990,094232.747400,613.45041,199.207 um_pwv,243.186 um_pwv,35.0,5.42 K,0.465302
20240827,094233.710010,095247.151997,613.441987,203.892 um_pwv,248.906 um_pwv,35.0,5.423 K,0.476377
20240827,095248.115941,095635.634516,227.518575,206.95 um_pwv,252.64 um_pwv,35.0,5.407 K,0.483606
20240827,100135.778256,101149.330111,613.551855,208.724 um_pwv,254.805 um_pwv,35.0,5.43 K,0.487798
20240827,101150.286080,102203.739061,613.452981,209.844 um_pwv,256.173 um_pwv,35.0,5.481 K,0.490447
20240827,102204.697695,103218.142256,613.444561,207.713 um_pwv,253.571 um_pwv,35.0,5.43 K,0.485410
20240827,103219.100520,104232.548318,613.447798,214.267 um_pwv,261.571 um_pwv,35.0,5.246 K,0.500900
20240827,104233.512879,105246.955776,613.442897,224.04 um_pwv,273.503 um_pwv,35.0,5.079 K,0.524002
20240827,105247.919005,105635.438767,227.519762,230.824 um_pwv,281.785 um_pwv,35.0,5.048 K,0.540037
20240827,110136.590672,111150.141700,613.551028,238.294 um_pwv,290.904 um_pwv,35.0,4.908 K,0.557694
20240827,111151.098672,112204.548018,613.449346,250.684 um_pwv,306.028 um_pwv,35.0,4.712 K,0.586979
20240827,112205.504836,113218.955498,613.450662,272.189 um_pwv,332.282 um_pwv,35.0,4.498 K,0.637811
20240827,113219.915239,114233.363356,613.448117,281.343 um_pwv,343.456 um_pwv,35.0,4.427 K,0.659447
20240827,114234.320270,115247.770237,613.449967,291.894 um_pwv,356.337 um_pwv,35.0,4.318 K,0.684386
20240827,115248.727165,115636.251045,227.52388,339.777 um_pwv,414.791 um_pwv,35.0,4.547 K,0.797564
20240827,130136.434412,131149.985023,613.550611,571.034 um_pwv,697.103 um_pwv,35.0,4.189 K,1.34414
20240827,131150.945975,132204.388626,613.442651,622.756 um_pwv,760.245 um_pwv,35.0,4.408 K,1.46638
20240827,132205.350339,133218.798687,613.448348,625.022 um_pwv,763.011 um_pwv,35.0,4.752 K,1.47173
20240827,133219.760219,134233.203444,613.443225,637.139 um_pwv,777.804 um_pwv,35.0,4.635 K,1.50037
20240827,134234.165861,135247.611882,613.446021,638.445 um_pwv,779.397 um_pwv,35.0,4.623 K,1.50346
20240827,135248.573639,135636.091849,227.51821,635.664 um_pwv,776.003 um_pwv,35.0,4.477 K,1.49689
20240827,140136.235817,141149.782924,613.547107,634.459 um_pwv,774.531 um_pwv,35.0,4.523 K,1.49404
20240827,141150.744261,142204.189116,613.444855,633.177 um_pwv,772.966 um_pwv,35.0,4.381 K,1.49101
20240827,142205.150587,143218.598079,613.447492,629.782 um_pwv,768.822 um_pwv,35.0,4.35 K,1.48298
20240827,143219.559945,144233.002701,613.442756,633.833 um_pwv,773.767 um_pwv,35.0,4.141 K,1.49256
20240827,144233.966955,145247.414033,613.447078,628.433 um_pwv,767.175 um_pwv,35.0,4.187 K,1.47979
20240827,145248.370399,145635.891994,227.521595,624.12 um_pwv,761.91 um_pwv,35.0,4.256 K,1.46960
20240827,150136.036904,151149.582721,613.545817,627.122 um_pwv,765.574 um_pwv,35.0,4.225 K,1.47670
20240827,151150.543419,152203.989800,613.446381,628.367 um_pwv,767.094 um_pwv,35.0,4.361 K,1.47964
20240827,152204.951188,153218.400495,613.449307,629.907 um_pwv,768.974 um_pwv,35.0,4.331 K,1.48328
20240827,153219.356222,154232.804338,613.448116,620.733 um_pwv,757.775 um_pwv,35.0,4.338 K,1.46160
20240827,154233.767399,155247.211425,613.444026,614.486 um_pwv,750.148 um_pwv,35.0,4.282 K,1.44683
20240827,155248.175376,155635.693776,227.5184,610.443 um_pwv,745.213 um_pwv,35.0,4.239 K,1.43728
20240827,170135.840504,171149.384958,613.544454,567.599 um_pwv,692.91 um_pwv,35.0,4.966 K,1.33602
20240827,171150.346835,172203.791990,613.445155,570.544 um_pwv,696.506 um_pwv,35.0,5.067 K,1.34298
20240827,172204.755334,173218.199344,613.44401,567.277 um_pwv,692.518 um_pwv,35.0,5.08 K,1.33526
20240827,173219.162318,174232.608327,613.446009,552.69 um_pwv,674.71 um_pwv,35.0,5.202 K,1.30079
20240827,174233.566738,175247.015806,613.449068,554.644 um_pwv,677.095 um_pwv,35.0,5.275 K,1.30540
20240827,175247.978729,175635.499074,227.520345,559.584 um_pwv,683.126 um_pwv,35.0,5.161 K,1.31708
20240827,180108.569702,181122.122732,613.55303,543.171 um_pwv,663.089 um_pwv,35.0,5.424 K,1.27829
20240827,181123.080799,182136.530001,613.449202,515.006 um_pwv,628.706 um_pwv,35.0,5.699 K,1.21172
20240827,182137.488420,183150.934022,613.445602,453.701 um_pwv,553.867 um_pwv,35.0,6.212 K,1.06683
20240827,183151.897332,184205.347947,613.450615,380.313 um_pwv,464.277 um_pwv,35.0,6.626 K,0.893374
20240827,184206.305368,185219.750829,613.445461,360.639 um_pwv,440.259 um_pwv,35.0,6.874 K,0.846873
20240827,185220.713881,185608.233684,227.519803,282.034 um_pwv,344.3 um_pwv,35.0,5.843 K,0.661081
20240827,190109.252553,191122.795926,613.543373,285.909 um_pwv,349.031 um_pwv,35.0,5.658 K,0.670240
20240827,191123.752932,192137.198736,613.445804,269.478 um_pwv,328.972 um_pwv,35.0,5.542 K,0.631403
20240827,192138.162045,193151.606106,613.444061,268.002 um_pwv,327.17 um_pwv,35.0,5.299 K,0.627913
20240827,193152.569676,194206.017440,613.447764,248.311 um_pwv,303.131 um_pwv,35.0,5.17 K,0.581369
20240827,194206.974324,195220.426519,613.452195,239.183 um_pwv,291.989 um_pwv,35.0,5.119 K,0.559796
20240827,195221.383953,195608.905799,227.521846,226.789 um_pwv,276.859 um_pwv,35.0,5.06 K,0.530500
20240827,210135.934812,211149.478827,613.544015,212.886 um_pwv,259.886 um_pwv,35.0,5.059 K,0.497636
20240827,211150.434510,212203.887526,613.453016,221.759 um_pwv,270.718 um_pwv,35.0,5.132 K,0.518610
20240827,212204.844263,213218.290138,613.445875,224.535 um_pwv,274.106 um_pwv,35.0,5.191 K,0.525171
20240827,213219.252707,214232.702218,613.449511,224.843 um_pwv,274.482 um_pwv,35.0,5.121 K,0.525899
20240827,214233.658403,215247.107274,613.448871,226.168 um_pwv,276.1 um_pwv,35.0,5.156 K,0.529032
20240827,215248.069050,215635.587459,227.518409,228.776 um_pwv,279.283 um_pwv,35.0,5.035 K,0.535195
20240827,220135.691789,221149.231421,613.539632,224.425 um_pwv,273.972 um_pwv,35.0,5.161 K,0.524911
20240827,221150.193141,222203.639047,613.445906,220.266 um_pwv,268.895 um_pwv,35.0,5.251 K,0.515079
20240827,222204.600808,223218.048875,613.448067,227.412 um_pwv,277.619 um_pwv,35.0,5.255 K,0.531973
20240827,223219.004884,224232.457439,613.452555,225.449 um_pwv,275.223 um_pwv,35.0,5.198 K,0.527332
20240827,224233.413486,225246.859791,613.446305,226.113 um_pwv,276.033 um_pwv,35.0,5.211 K,0.528901
20240827,225247.823522,225635.343227,227.519705,223.328 um_pwv,272.634 um_pwv,35.0,5.201 K,0.522319
20240828,010136.346535,011149.892792,613.546257,378.038 um_pwv,461.499 um_pwv,35.0,6.345 K,0.887995
20240828,011150.849131,012204.297011,613.44788,374.779 um_pwv,457.521 um_pwv,35.0,6.377 K,0.880294
20240828,012205.262113,013218.707494,613.445381,360.816 um_pwv,440.476 um_pwv,35.0,6.47 K,0.847292
20240828,013219.665624,014233.115427,613.449803,351.777 um_pwv,429.44 um_pwv,35.0,6.549 K,0.825926
20240828,014234.072305,015247.522677,613.450372,338.377 um_pwv,413.082 um_pwv,35.0,6.587 K,0.794255
20240828,015248.479598,015636.002847,227.523249,288.249 um_pwv,351.887 um_pwv,35.0,5.647 K,0.675769
20240828,020136.146264,021149.696503,613.550239,285.741 um_pwv,348.825 um_pwv,35.0,5.672 K,0.669842
20240828,021150.658303,022204.101500,613.443197,281.619 um_pwv,343.794 um_pwv,35.0,5.689 K,0.660100
20240828,022205.065095,023218.509261,613.444166,282.09 um_pwv,344.368 um_pwv,35.0,5.668 K,0.661212
20240828,023219.472845,024232.916001,613.443156,286.978 um_pwv,350.335 um_pwv,35.0,5.642 K,0.672766
20240828,024233.884837,025247.324621,613.439784,285.04 um_pwv,347.97 um_pwv,35.0,5.596 K,0.668186
20240828,025248.282140,025635.806137,227.523997,285.208 um_pwv,348.175 um_pwv,35.0,5.526 K,0.668583
20240828,030135.950233,031149.497345,613.547112,285.993 um_pwv,349.133 um_pwv,35.0,5.612 K,0.670439
20240828,031150.459789,032203.903509,613.44372,340.346 um_pwv,415.485 um_pwv,35.0,6.492 K,0.798907
20240828,032204.862218,033218.309588,613.44737,342.831 um_pwv,418.519 um_pwv,35.0,6.561 K,0.804781
20240828,033219.273124,034232.715864,613.44274,346.559 um_pwv,423.07 um_pwv,35.0,6.569 K,0.813592
20240828,034233.680255,035247.125374,613.445119,342.426 um_pwv,418.026 um_pwv,35.0,6.643 K,0.803826
20240828,035248.087992,035635.606377,227.518385,338.411 um_pwv,413.123 um_pwv,35.0,6.589 K,0.794333
20240828,050135.763786,051149.338546,613.57476,418.778 um_pwv,511.233 um_pwv,35.0,6.416 K,0.984286
20240828,051150.300697,052203.748663,613.447966,410.614 um_pwv,501.267 um_pwv,35.0,6.218 K,0.964991
20240828,052204.710729,053218.158061,613.447332,364.311 um_pwv,444.742 um_pwv,35.0,6.31 K,0.855551
20240828,053219.113694,054232.564863,613.451169,285.068 um_pwv,348.004 um_pwv,35.0,5.499 K,0.668252
20240828,054233.521474,055246.973724,613.45225,266.037 um_pwv,324.771 um_pwv,35.0,5.43 K,0.623268
20240828,055247.929866,055635.452879,227.523013,255.9 um_pwv,312.396 um_pwv,35.0,5.285 K,0.599308
20240828,060136.557718,061150.107703,613.549985,241.137 um_pwv,294.374 um_pwv,35.0,5.408 K,0.564414
20240828,061151.068467,062204.512440,613.443973,239.923 um_pwv,292.892 um_pwv,35.0,5.388 K,0.561544
20240828,062205.473852,063218.923149,613.449297,248.359 um_pwv,303.191 um_pwv,35.0,5.283 K,0.581484
20240828,063219.880317,064233.332721,613.452404,254.424 um_pwv,310.594 um_pwv,35.0,5.221 K,0.595818
20240828,064234.289432,065247.738088,613.448656,255.599 um_pwv,312.029 um_pwv,35.0,5.194 K,0.598597
20240828,065248.700180,065636.219953,227.519773,255.775 um_pwv,312.243 um_pwv,35.0,5.191 K,0.599012
20240828,070136.362538,071149.914770,613.552232,253.278 um_pwv,309.196 um_pwv,35.0,5.147 K,0.593111
20240828,071150.870477,072204.323219,613.452742,249.286 um_pwv,304.323 um_pwv,35.0,5.025 K,0.583676
20240828,072205.281434,073218.726263,613.444829,251.348 um_pwv,306.84 um_pwv,35.0,5.043 K,0.588550
20240828,073219.688383,074233.137753,613.44937,252.435 um_pwv,308.166 um_pwv,35.0,4.96 K,0.591119
20240828,074234.093564,075247.543813,613.450249,259.769 um_pwv,317.12 um_pwv,35.0,4.955 K,0.608454
20240828,075248.505489,075636.024916,227.519427,258.981 um_pwv,316.157 um_pwv,35.0,4.869 K,0.606590
20240828,090136.269864,091149.813058,613.543194,263.646 um_pwv,321.853 um_pwv,35.0,5.38 K,0.617618
20240828,091150.769655,092204.219538,613.449883,259.795 um_pwv,317.151 um_pwv,35.0,5.404 K,0.608515
20240828,092205.176418,093218.626473,613.450055,262.15 um_pwv,320.026 um_pwv,35.0,5.369 K,0.614082
20240828,093219.583992,094233.031971,613.447979,273.743 um_pwv,334.178 um_pwv,35.0,5.304 K,0.641483
20240828,094233.995627,095247.440488,613.444861,266.298 um_pwv,325.09 um_pwv,35.0,5.277 K,0.623885
20240828,095248.403368,095635.921185,227.517817,260.356 um_pwv,317.836 um_pwv,35.0,5.129 K,0.609841
20240828,100136.078821,101149.613101,613.53428,262.279 um_pwv,320.183 um_pwv,35.0,5.197 K,0.614386
20240828,101150.575853,102204.021112,613.445259,263.31 um_pwv,321.442 um_pwv,35.0,5.182 K,0.616823
20240828,102204.984702,103218.430772,613.44607,262.433 um_pwv,320.372 um_pwv,35.0,5.141 K,0.614751
20240828,103219.387710,104232.837573,613.449863,267.293 um_pwv,326.304 um_pwv,35.0,5.123 K,0.626237
20240828,104233.800311,105247.243843,613.443532,269.32 um_pwv,328.779 um_pwv,35.0,5.145 K,0.631028
20240828,105248.207163,105635.726696,227.519533,263.233 um_pwv,321.348 um_pwv,35.0,5.027 K,0.616640
20240828,110135.879404,111149.417252,613.537848,272.885 um_pwv,333.131 um_pwv,35.0,4.784 K,0.639454
20240828,111150.379395,112203.827181,613.447786,281.896 um_pwv,344.131 um_pwv,35.0,4.583 K,0.660754
20240828,112204.784121,113218.236237,613.452116,287.542 um_pwv,351.024 um_pwv,35.0,4.545 K,0.674099
20240828,113219.194644,114232.639677,613.445033,283.7 um_pwv,346.334 um_pwv,35.0,4.5 K,0.665019
20240828,114233.602639,115247.049886,613.447247,286.246 um_pwv,349.442 um_pwv,35.0,4.272 K,0.671037
20240828,115248.006733,115635.531498,227.524765,290.123 um_pwv,354.174 um_pwv,35.0,4.235 K,0.680199
20240828,130135.695740,131149.267961,613.572221,365.352 um_pwv,446.012 um_pwv,35.0,4.183 K,0.858011
20240828,131150.230027,132203.675732,613.445705,374.558 um_pwv,457.251 um_pwv,35.0,4.139 K,0.879771
20240828,132204.637481,133218.082258,613.444777,381.85 um_pwv,466.153 um_pwv,35.0,4.198 K,0.897007
20240828,133219.044685,134232.488236,613.443551,392.053 um_pwv,478.609 um_pwv,35.0,4.191 K,0.921123
20240828,134233.450720,135246.900420,613.4497,402.61 um_pwv,491.496 um_pwv,35.0,4.193 K,0.946074
20240828,135247.856757,135635.379148,227.522391,402.57 um_pwv,491.448 um_pwv,35.0,4.06 K,0.945980
20240828,140136.492981,141150.029580,613.536599,414.227 um_pwv,505.677 um_pwv,35.0,4.162 K,0.973530
20240828,141150.990968,142204.438884,613.447916,422.754 um_pwv,516.087 um_pwv,35.0,4.215 K,0.993685
20240828,142205.400708,143218.843869,613.443161,431.67 um_pwv,526.972 um_pwv,35.0,4.272 K,1.01476
20240828,143219.806872,144233.253329,613.446457,442.08 um_pwv,539.679 um_pwv,35.0,4.356 K,1.03936
20240828,144234.215800,145247.658289,613.442489,465.526 um_pwv,568.303 um_pwv,35.0,4.395 K,1.09478
20240828,145248.621952,145636.142303,227.520351,474.356 um_pwv,579.082 um_pwv,35.0,4.29 K,1.11565
20240828,150136.310511,151149.882587,613.572076,490.139 um_pwv,598.349 um_pwv,35.0,4.342 K,1.15295
20240828,151150.843536,152204.286391,613.442855,496.91 um_pwv,606.615 um_pwv,35.0,4.456 K,1.16895
20240828,152205.248263,153218.699011,613.450748,501.41 um_pwv,612.109 um_pwv,35.0,4.687 K,1.17959
20240828,153219.657309,154233.105279,613.44797,503.452 um_pwv,614.602 um_pwv,35.0,4.767 K,1.18442
20240828,154234.061426,155247.508428,613.447002,507.012 um_pwv,618.947 um_pwv,35.0,4.816 K,1.19283
20240828,155248.470434,155635.992114,227.52168,505.789 um_pwv,617.455 um_pwv,35.0,4.832 K,1.18994
20240828,170136.104695,171149.681069,613.576374,524.455 um_pwv,640.242 um_pwv,35.0,5.174 K,1.23405
20240828,171150.637568,172204.088714,613.451146,531.388 um_pwv,648.705 um_pwv,35.0,5.195 K,1.25044
20240828,172205.048135,173218.498443,613.450308,540.285 um_pwv,659.566 um_pwv,35.0,5.244 K,1.27147
20240828,173219.456336,174232.902365,613.446029,533.382 um_pwv,651.14 um_pwv,35.0,5.207 K,1.25515
20240828,174233.859363,175247.310342,613.450979,521.815 um_pwv,637.019 um_pwv,35.0,5.256 K,1.22781
20240828,175248.267867,175635.788834,227.520967,524.285 um_pwv,640.034 um_pwv,35.0,5.298 K,1.23365
20240828,180135.844662,181149.386493,613.541831,534.158 um_pwv,652.087 um_pwv,35.0,5.372 K,1.25699
20240828,181150.344089,182203.790900,613.446811,535.276 um_pwv,653.451 um_pwv,35.0,5.254 K,1.25963
20240828,182204.754230,183218.200960,613.44673,545.868 um_pwv,666.382 um_pwv,35.0,5.085 K,1.28466
20240828,183219.158162,184232.608096,613.449934,567.61 um_pwv,692.924 um_pwv,35.0,4.874 K,1.33605
20240828,184233.566219,185247.011829,613.44561,553.726 um_pwv,675.975 um_pwv,35.0,4.918 K,1.30323
20240828,185247.975102,185635.495586,227.520484,553.522 um_pwv,675.725 um_pwv,35.0,4.89 K,1.30275
20240828,190135.638136,191149.188521,613.550385,555.969 um_pwv,678.713 um_pwv,35.0,4.83 K,1.30853
20240828,191150.150344,192203.595715,613.445371,562.71 um_pwv,686.942 um_pwv,35.0,4.727 K,1.32447
20240828,192204.552514,193218.003981,613.451467,561.851 um_pwv,685.893 um_pwv,35.0,4.797 K,1.32244
20240828,193218.963213,194232.407197,613.443984,552.391 um_pwv,674.344 um_pwv,35.0,4.92 K,1.30008
20240828,194233.371795,195246.817168,613.445373,544.86 um_pwv,665.151 um_pwv,35.0,5.016 K,1.28228
20240828,195247.774996,195635.298811,227.523815,546.81 um_pwv,667.532 um_pwv,35.0,4.979 K,1.28689
20240828,210136.457354,211149.994553,613.537199,534.817 um_pwv,652.891 um_pwv,35.0,5.119 K,1.25854
20240828,211150.955289,212204.404027,613.448738,537.671 um_pwv,656.375 um_pwv,35.0,5.095 K,1.26529
20240828,212205.361942,213218.810737,613.448795,537.923 um_pwv,656.682 um_pwv,35.0,5.123 K,1.26588
20240828,213219.768888,214233.214594,613.445706,537.947 um_pwv,656.712 um_pwv,35.0,5.148 K,1.26594
20240828,214234.176610,215247.626125,613.449515,536.705 um_pwv,655.195 um_pwv,35.0,5.162 K,1.26301
20240828,215248.582923,215636.103718,227.520795,536.07 um_pwv,654.421 um_pwv,35.0,5.082 K,1.26151
20240828,220136.248670,221149.798329,613.549659,544.283 um_pwv,664.447 um_pwv,35.0,5.088 K,1.28092
20240828,221150.759326,222204.202287,613.442961,548.335 um_pwv,669.394 um_pwv,35.0,5.064 K,1.29049
20240828,222205.164997,223218.611213,613.446216,550.922 um_pwv,672.552 um_pwv,35.0,5.104 K,1.29661
20240828,223219.574300,224233.019994,613.445694,553.835 um_pwv,676.108 um_pwv,35.0,5.088 K,1.30349
20240828,224233.976452,225247.424000,613.447548,561.543 um_pwv,685.518 um_pwv,35.0,5.037 K,1.32171
20240828,225248.387004,225635.908205,227.521201,562.28 um_pwv,686.417 um_pwv,35.0,4.994 K,1.32345
20240829,010135.873062,011149.451333,613.578271,553.099 um_pwv,675.209 um_pwv,35.0,5.249 K,1.30175
20240829,011150.407749,012203.858928,613.451179,549.174 um_pwv,670.417 um_pwv,35.0,5.258 K,1.29247
20240829,012204.815203,013218.266530,613.451327,548.376 um_pwv,669.443 um_pwv,35.0,5.293 K,1.29059
20240829,013219.224925,014232.674233,613.449308,553.945 um_pwv,676.242 um_pwv,35.0,5.301 K,1.30375
20240829,014233.631975,015247.077938,613.445963,555.9 um_pwv,678.629 um_pwv,35.0,5.215 K,1.30837
20240829,015248.041195,015635.560955,227.51976,554.557 um_pwv,676.989 um_pwv,35.0,5.189 K,1.30520
20240829,020135.607734,021149.157671,613.549937,561.242 um_pwv,685.149 um_pwv,35.0,5.167 K,1.32100
20240829,021150.120336,022203.564926,613.44459,566.732 um_pwv,691.852 um_pwv,35.0,5.151 K,1.33397
20240829,022204.528186,023217.971481,613.443295,568.859 um_pwv,694.449 um_pwv,35.0,5.104 K,1.33900
20240829,023218.935371,024232.380574,613.445203,568.691 um_pwv,694.244 um_pwv,35.0,5.109 K,1.33860
20240829,024233.343859,025246.787549,613.44369,564.85 um_pwv,689.554 um_pwv,35.0,5.099 K,1.32952
20240829,025247.745913,025635.270032,227.524119,563.154 um_pwv,687.484 um_pwv,35.0,5.035 K,1.32552
20240829,030136.421381,031149.972304,613.550923,564.585 um_pwv,689.231 um_pwv,35.0,5.169 K,1.32890
20240829,031150.928311,032204.379521,613.45121,564.335 um_pwv,688.925 um_pwv,35.0,5.145 K,1.32831
20240829,032205.336451,033218.783466,613.447015,570.629 um_pwv,696.609 um_pwv,35.0,5.173 K,1.34318
20240829,033219.746785,034233.191710,613.444925,576.524 um_pwv,703.806 um_pwv,35.0,5.184 K,1.35711
20240829,034234.154912,035247.599814,613.444902,581.864 um_pwv,710.324 um_pwv,35.0,5.122 K,1.36973
20240829,035248.563735,035636.082249,227.518514,584.451 um_pwv,713.483 um_pwv,35.0,5.127 K,1.37585
20240829,050136.270920,051149.818839,613.547919,621.974 um_pwv,759.29 um_pwv,35.0,5.114 K,1.46453
20240829,051150.779420,052204.230934,613.451514,629.456 um_pwv,768.424 um_pwv,35.0,5.13 K,1.48221
20240829,052205.188305,053218.633182,613.444877,624.525 um_pwv,762.404 um_pwv,35.0,5.1 K,1.47056
20240829,053219.594862,054233.042713,613.447851,619.647 um_pwv,756.45 um_pwv,35.0,4.987 K,1.45903
20240829,054234.004315,055247.452297,613.447982,621.131 um_pwv,758.261 um_pwv,35.0,4.933 K,1.46254
20240829,055248.407990,055635.930922,227.522932,625.815 um_pwv,763.979 um_pwv,35.0,4.851 K,1.47361
20240829,060136.078273,061149.626307,613.548034,639.043 um_pwv,780.128 um_pwv,35.0,4.814 K,1.50487
20240829,061150.581506,062204.033340,613.451834,634.099 um_pwv,774.092 um_pwv,35.0,4.77 K,1.49319
20240829,062204.989269,063218.440685,613.451416,620.136 um_pwv,757.047 um_pwv,35.0,4.682 K,1.46019
20240829,063219.397251,064232.843685,613.446434,610.428 um_pwv,745.195 um_pwv,35.0,4.67 K,1.43724
20240829,064233.805548,065247.252531,613.446983,591.087 um_pwv,721.584 um_pwv,35.0,4.588 K,1.39153
20240829,065248.215922,065635.733858,227.517936,589.08 um_pwv,719.133 um_pwv,35.0,4.489 K,1.38679
20240829,070135.894975,071149.478621,613.583646,606.602 um_pwv,740.524 um_pwv,35.0,4.586 K,1.42820
20240829,071150.433778,072203.885024,613.451246,594.638 um_pwv,725.919 um_pwv,35.0,4.656 K,1.39993
20240829,072204.841640,073218.293784,613.452144,582.84 um_pwv,711.516 um_pwv,35.0,4.655 K,1.37204
20240829,073219.249762,074232.699385,613.449623,587.803 um_pwv,717.575 um_pwv,35.0,4.658 K,1.38377
20240829,074233.656359,075247.104377,613.448018,590.883 um_pwv,721.335 um_pwv,35.0,4.659 K,1.39105
20240829,075248.066223,075635.588559,227.522336,586.659 um_pwv,716.179 um_pwv,35.0,4.606 K,1.38107
20240829,090135.704043,091149.279578,613.575535,607.905 um_pwv,742.114 um_pwv,35.0,4.605 K,1.43128
20240829,091150.236200,092203.685196,613.448996,614.172 um_pwv,749.765 um_pwv,35.0,4.581 K,1.44609
20240829,092204.648246,093218.093957,613.445711,623.064 um_pwv,760.62 um_pwv,35.0,4.562 K,1.46711
20240829,093219.051437,094232.500957,613.44952,632.954 um_pwv,772.694 um_pwv,35.0,4.532 K,1.49048
20240829,094233.458515,095246.908392,613.449877,635.19 um_pwv,775.423 um_pwv,35.0,4.535 K,1.49576
20240829,095247.871433,095635.389335,227.517902,637.496 um_pwv,778.239 um_pwv,35.0,4.53 K,1.50121
20240829,100136.494312,101150.046369,613.552057,643.566 um_pwv,785.649 um_pwv,35.0,4.541 K,1.51556
20240829,101151.002724,102204.454121,613.451397,647.008 um_pwv,789.851 um_pwv,35.0,4.51 K,1.52369
20240829,102205.411953,103218.858779,613.446826,651.936 um_pwv,795.867 um_pwv,35.0,4.533 K,1.53534
20240829,103219.818306,104233.270432,613.452126,654.982 um_pwv,799.585 um_pwv,35.0,4.602 K,1.54254
20240829,104234.228838,105247.677690,613.448852,658.01 um_pwv,803.281 um_pwv,35.0,4.548 K,1.54969
20240829,105248.634884,105636.156973,227.522089,659.379 um_pwv,804.953 um_pwv,35.0,4.516 K,1.55293
20240829,110136.300265,111149.897605,613.59734,659.732 um_pwv,805.384 um_pwv,35.0,4.565 K,1.55376
20240829,111150.860978,112204.307897,613.446919,659.163 um_pwv,804.689 um_pwv,35.0,4.55 K,1.55242
20240829,112205.266646,113218.717221,613.450575,663.599 um_pwv,810.105 um_pwv,35.0,4.545 K,1.56290
20240829,113219.674143,114233.125974,613.451831,670.008 um_pwv,817.928 um_pwv,35.0,4.443 K,1.57805
20240829,114234.083193,115247.529686,613.446493,671.944 um_pwv,820.292 um_pwv,35.0,4.409 K,1.58263
20240829,115248.492661,115636.014903,227.522242,672.756 um_pwv,821.284 um_pwv,35.0,4.348 K,1.58455
20240829,130136.159168,131149.705979,613.546811,736.582 um_pwv,899.201 um_pwv,35.0,3.981 K,1.73538
20240829,131150.667323,132204.117020,613.449697,733.915 um_pwv,895.945 um_pwv,35.0,3.926 K,1.72908
20240829,132205.073186,133218.522336,613.44915,735.504 um_pwv,897.884 um_pwv,35.0,3.925 K,1.73284
20240829,133219.483697,134232.928979,613.445282,745.571 um_pwv,910.174 um_pwv,35.0,3.895 K,1.75663
20240829,134233.890307,135247.336989,613.446682,762.15 um_pwv,930.413 um_pwv,35.0,3.892 K,1.79581
20240829,135248.298411,135635.817158,227.518747,758.155 um_pwv,925.536 um_pwv,35.0,3.884 K,1.78637
20240829,140135.980841,141149.558346,613.577505,745.405 um_pwv,909.972 um_pwv,35.0,3.988 K,1.75623
20240829,141150.514982,142203.964604,613.449622,736.673 um_pwv,899.312 um_pwv,35.0,3.98 K,1.73560
20240829,142204.926676,143218.369796,613.44312,747.844 um_pwv,912.949 um_pwv,35.0,3.948 K,1.76200
20240829,143219.332425,144232.777025,613.4446,753.251 um_pwv,919.55 um_pwv,35.0,3.971 K,1.77478
20240829,144233.738829,145247.183877,613.445048,747.936 um_pwv,913.061 um_pwv,35.0,4.118 K,1.76222
20240829,145248.147305,145635.666916,227.519611,743.373 um_pwv,907.491 um_pwv,35.0,4.174 K,1.75143
20240829,150135.760824,151149.308443,613.547619,741.414 um_pwv,905.099 um_pwv,35.0,4.053 K,1.74680
20240829,151150.269344,152203.718574,613.44923,746.358 um_pwv,911.134 um_pwv,35.0,4.022 K,1.75849
20240829,152204.674202,153218.126572,613.45237,741.242 um_pwv,904.889 um_pwv,35.0,3.985 K,1.74640
20240829,153219.082877,154232.532468,613.449591,741.333 um_pwv,905.001 um_pwv,35.0,4.014 K,1.74661
20240829,154233.488489,155246.939752,613.451263,740.817 um_pwv,904.371 um_pwv,35.0,3.921 K,1.74539
20240829,155247.897732,155635.418424,227.520692,743.942 um_pwv,908.186 um_pwv,35.0,3.843 K,1.75278
20240829,170135.577297,171149.155650,613.578353,718.981 um_pwv,877.713 um_pwv,35.0,4.553 K,1.69379
20240829,171150.113306,172203.558506,613.4452,700.327 um_pwv,854.941 um_pwv,35.0,4.427 K,1.64970
20240829,172204.521438,173217.974805,613.453367,703.524 um_pwv,858.844 um_pwv,35.0,4.464 K,1.65726
20240829,173218.926193,174232.376232,613.450039,720.639 um_pwv,879.737 um_pwv,35.0,4.276 K,1.69771
20240829,174233.334635,175246.781454,613.446819,721.332 um_pwv,880.584 um_pwv,35.0,4.261 K,1.69934
20240829,175247.744142,175635.262837,227.518695,718.526 um_pwv,877.158 um_pwv,35.0,4.123 K,1.69271
20240829,180136.319348,181149.869543,613.550195,723.489 um_pwv,883.217 um_pwv,35.0,4.087 K,1.70444
20240829,181150.826094,182204.274540,613.448446,710.179 um_pwv,866.969 um_pwv,35.0,4.33 K,1.67299
20240829,182205.232945,183218.684940,613.451995,700.43 um_pwv,855.067 um_pwv,35.0,4.695 K,1.64995
20240829,183219.643422,184233.092201,613.448779,686.998 um_pwv,838.67 um_pwv,35.0,4.874 K,1.61820
20240829,184234.050014,185247.499296,613.449282,677.758 um_pwv,827.39 um_pwv,35.0,4.958 K,1.59637
20240829,185248.456245,185635.977773,227.521528,678.31 um_pwv,828.064 um_pwv,35.0,4.955 K,1.59767
20240829,190109.008405,191122.547847,613.539442,678.243 um_pwv,827.982 um_pwv,35.0,4.848 K,1.59751
20240829,191123.511145,192136.958606,613.447461,679.527 um_pwv,829.549 um_pwv,35.0,4.901 K,1.60055
20240829,192137.915536,193151.373046,613.45751,682.618 um_pwv,833.322 um_pwv,35.0,4.791 K,1.60785
20240829,193152.325087,194205.774449,613.449362,679.75 um_pwv,829.822 um_pwv,35.0,4.742 K,1.60107
20240829,194206.732231,195220.180187,613.447956,672.723 um_pwv,821.243 um_pwv,35.0,4.705 K,1.58447
20240829,195221.137118,195608.659177,227.522059,672.922 um_pwv,821.487 um_pwv,35.0,4.697 K,1.58494
20240829,210135.687708,211149.229075,613.541367,593.833 um_pwv,724.936 um_pwv,35.0,5.31 K,1.39802
20240829,211150.190158,212203.638853,613.448695,627.334 um_pwv,765.833 um_pwv,35.0,5.166 K,1.47720
20240829,212204.595214,213218.042167,613.446953,637.155 um_pwv,777.823 um_pwv,35.0,5.223 K,1.50041
20240829,213219.004079,214232.451674,613.447595,644.376 um_pwv,786.638 um_pwv,35.0,5.188 K,1.51747
20240829,214233.413510,215246.856355,613.442845,647.322 um_pwv,790.235 um_pwv,35.0,5.139 K,1.52444
20240829,215247.818758,215635.340352,227.521594,627.922 um_pwv,766.551 um_pwv,35.0,5.007 K,1.47859
20240829,220136.538439,221150.086952,613.548513,602.578 um_pwv,735.611 um_pwv,35.0,5.258 K,1.41869
20240829,221151.047709,222204.496444,613.448735,591.783 um_pwv,722.434 um_pwv,35.0,5.37 K,1.39318
20240829,222205.458140,223218.903013,613.444873,598.787 um_pwv,730.984 um_pwv,35.0,5.453 K,1.40973
20240829,223219.864459,224233.307787,613.443328,596.341 um_pwv,727.998 um_pwv,35.0,5.444 K,1.40395
20240829,224234.269855,225247.715636,613.445781,591.641 um_pwv,722.26 um_pwv,35.0,5.361 K,1.39284
20240829,225248.679575,225636.198397,227.518822,605.926 um_pwv,739.699 um_pwv,35.0,5.096 K,1.42660
20240830,010136.380688,011149.928903,613.548215,597.121 um_pwv,728.95 um_pwv,35.0,5.421 K,1.40579
20240830,011150.891639,012204.338711,613.447072,602.975 um_pwv,736.097 um_pwv,35.0,5.534 K,1.41963
20240830,012205.295663,013218.742405,613.446742,607.395 um_pwv,741.493 um_pwv,35.0,5.588 K,1.43008
20240830,013219.705972,014233.151567,613.445595,616.037 um_pwv,752.042 um_pwv,35.0,5.633 K,1.45050
20240830,014234.114498,015247.561209,613.446711,612.101 um_pwv,747.237 um_pwv,35.0,5.563 K,1.44120
20240830,015248.519399,015636.040859,227.52146,607.275 um_pwv,741.346 um_pwv,35.0,5.421 K,1.42979
20240830,020109.783592,021123.331699,613.548107,591.262 um_pwv,721.797 um_pwv,35.0,5.519 K,1.39195
20240830,021124.294035,022137.736892,613.442857,591.218 um_pwv,721.744 um_pwv,35.0,5.486 K,1.39184
20240830,022138.700758,023152.148656,613.447898,606.198 um_pwv,740.032 um_pwv,35.0,5.591 K,1.42725
20240830,023153.106742,024206.554746,613.448004,604.24 um_pwv,737.641 um_pwv,35.0,5.55 K,1.42262
20240830,024207.517997,025220.963005,613.445008,589.472 um_pwv,719.612 um_pwv,35.0,5.411 K,1.38772
20240830,025221.920209,025609.443564,227.523355,593.028 um_pwv,723.954 um_pwv,35.0,5.466 K,1.39612
20240830,030109.639047,031123.183351,613.544304,629.069 um_pwv,767.951 um_pwv,35.0,5.608 K,1.48130
20240830,031124.145452,032137.588987,613.443535,614.565 um_pwv,750.246 um_pwv,35.0,5.509 K,1.44702
20240830,032138.551971,033151.999871,613.4479,606.423 um_pwv,740.305 um_pwv,35.0,5.42 K,1.42778
20240830,033152.956752,034206.407196,613.450444,599.437 um_pwv,731.777 um_pwv,35.0,5.362 K,1.41127
20240830,034207.364023,035220.812186,613.448163,606.243 um_pwv,740.086 um_pwv,35.0,5.406 K,1.42735
20240830,035221.775046,035609.295038,227.519992,612.387 um_pwv,747.587 um_pwv,35.0,5.371 K,1.44187
20240830,050136.267633,051149.818154,613.550521,605.511 um_pwv,739.193 um_pwv,35.0,5.079 K,1.42562
20240830,051150.773651,052204.224843,613.451192,613.672 um_pwv,749.155 um_pwv,35.0,5.167 K,1.44491
20240830,052205.180993,053218.629170,613.448177,612.161 um_pwv,747.31 um_pwv,35.0,5.269 K,1.44134
20240830,053219.592039,054233.041651,613.449612,614.868 um_pwv,750.616 um_pwv,35.0,5.392 K,1.44774
20240830,054233.997800,055247.446606,613.448806,623.936 um_pwv,761.685 um_pwv,35.0,5.392 K,1.46917
20240830,055248.408572,055635.926714,227.518142,619.907 um_pwv,756.767 um_pwv,35.0,5.433 K,1.45964
20240830,060136.071390,061149.622326,613.550936,601.776 um_pwv,734.633 um_pwv,35.0,5.545 K,1.41679
20240830,061150.583038,062204.026461,613.443423,586.674 um_pwv,716.197 um_pwv,35.0,5.497 K,1.38110
20240830,062204.990073,063218.431669,613.441596,586.081 um_pwv,715.473 um_pwv,35.0,5.458 K,1.37970
20240830,063219.393094,064232.841170,613.448076,589.832 um_pwv,720.051 um_pwv,35.0,5.374 K,1.38857
20240830,064233.804061,065247.251762,613.447701,587.296 um_pwv,716.956 um_pwv,35.0,5.258 K,1.38257
20240830,065248.207435,065635.731049,227.523614,577.292 um_pwv,704.743 um_pwv,35.0,5.271 K,1.35893
20240830,070135.872724,071149.425750,613.553026,574.765 um_pwv,701.658 um_pwv,35.0,5.28 K,1.35296
20240830,071150.380692,072203.832018,613.451326,567.61 um_pwv,692.924 um_pwv,35.0,5.361 K,1.33605
20240830,072204.788022,073218.237370,613.449348,566.816 um_pwv,691.955 um_pwv,35.0,5.387 K,1.33417
20240830,073219.200105,074232.648068,613.447963,569.07 um_pwv,694.706 um_pwv,35.0,5.446 K,1.33950
20240830,074233.605034,075247.054461,613.449427,568.411 um_pwv,693.902 um_pwv,35.0,5.587 K,1.33794
20240830,075248.010632,075635.533230,227.522598,568.299 um_pwv,693.765 um_pwv,35.0,5.624 K,1.33768
20240830,090135.687353,091149.222045,613.534692,603.589 um_pwv,736.846 um_pwv,35.0,6.035 K,1.42108
20240830,091150.183886,092203.629255,613.445369,594.477 um_pwv,725.723 um_pwv,35.0,5.904 K,1.39954
20240830,092204.591974,093218.035062,613.443088,574.113 um_pwv,700.863 um_pwv,35.0,5.625 K,1.35142
20240830,093218.998064,094232.445912,613.447848,568.495 um_pwv,694.004 um_pwv,35.0,5.192 K,1.33814
20240830,094233.404346,095246.851830,613.447484,571.332 um_pwv,697.468 um_pwv,35.0,5.197 K,1.34484
20240830,095247.809013,095635.332118,227.523105,566.648 um_pwv,691.75 um_pwv,35.0,5.22 K,1.33377
20240830,100109.375600,101122.914906,613.539306,565.142 um_pwv,689.911 um_pwv,35.0,5.201 K,1.33021
20240830,101123.872466,102137.320992,613.448526,558.069 um_pwv,681.277 um_pwv,35.0,5.199 K,1.31350
20240830,102138.277881,103151.725429,613.447548,544.31 um_pwv,664.48 um_pwv,35.0,5.333 K,1.28098
20240830,103152.688753,104206.137001,613.448248,524.585 um_pwv,640.4 um_pwv,35.0,5.703 K,1.23436
20240830,104207.094480,105220.543526,613.449046,501.67 um_pwv,612.426 um_pwv,35.0,5.857 K,1.18020
20240830,105221.500401,105609.023003,227.522602,483.854 um_pwv,590.677 um_pwv,35.0,5.925 K,1.13810
20240830,110109.039892,111122.621821,613.581929,468.955 um_pwv,572.488 um_pwv,35.0,6.053 K,1.10288
20240830,111123.578552,112137.028750,613.450198,464.53 um_pwv,567.087 um_pwv,35.0,6.113 K,1.09242
20240830,112137.985670,113151.436128,613.450458,449.034 um_pwv,548.169 um_pwv,35.0,6.243 K,1.05580
20240830,113152.393070,114205.840648,613.447578,429.254 um_pwv,524.023 um_pwv,35.0,6.301 K,1.00905
20240830,114206.804209,115220.247803,613.443594,419.479 um_pwv,512.089 um_pwv,35.0,6.377 K,0.985944
20240830,115221.211042,115608.730233,227.519191,410.493 um_pwv,501.119 um_pwv,35.0,6.353 K,0.964704
20240830,130135.799624,131149.348808,613.549184,383.696 um_pwv,468.406 um_pwv,35.0,6.292 K,0.901369
20240830,131150.309765,132203.758967,613.449202,381.175 um_pwv,465.328 um_pwv,35.0,6.314 K,0.895410
20240830,132204.715353,133218.160468,613.445115,388.463 um_pwv,474.226 um_pwv,35.0,6.196 K,0.912636
20240830,133219.122920,134232.571447,613.448527,401.739 um_pwv,490.433 um_pwv,35.0,6.086 K,0.944016
20240830,134233.533141,135246.979580,613.446439,405.753 um_pwv,495.332 um_pwv,35.0,6.005 K,0.953501
20240830,135247.936221,135635.458705,227.522484,410.371 um_pwv,500.971 um_pwv,35.0,5.753 K,0.964418
20240830,140135.612155,141149.153500,613.541345,409.161 um_pwv,499.494 um_pwv,35.0,5.867 K,0.961558
20240830,141150.114418,142203.560365,613.445947,402.135 um_pwv,490.916 um_pwv,35.0,5.931 K,0.944951
20240830,142204.517103,143217.966126,613.449023,424.317 um_pwv,517.996 um_pwv,35.0,5.735 K,0.997380
20240830,143218.925152,144232.372489,613.447337,392.15 um_pwv,478.727 um_pwv,35.0,5.948 K,0.921351
20240830,144233.334377,145246.781248,613.446871,414.553 um_pwv,506.076 um_pwv,35.0,5.692 K,0.974301
20240830,145247.743042,145635.263506,227.520464,430.323 um_pwv,525.327 um_pwv,35.0,5.495 K,1.01157
20240830,150109.297448,151122.846671,613.549223,427.147 um_pwv,521.45 um_pwv,35.0,5.582 K,1.00407
20240830,151123.808232,152137.254560,613.446328,424.84 um_pwv,518.634 um_pwv,35.0,5.696 K,0.998615
20240830,152138.215986,153151.660237,613.444251,439.562 um_pwv,536.606 um_pwv,35.0,5.684 K,1.03341
20240830,153152.622035,154206.068519,613.446484,455.268 um_pwv,555.779 um_pwv,35.0,5.574 K,1.07053
20240830,154207.030729,155220.475659,613.44493,470.25 um_pwv,574.07 um_pwv,35.0,5.548 K,1.10594
20240830,155221.438074,155608.959989,227.521915,490.961 um_pwv,599.352 um_pwv,35.0,5.508 K,1.15489
20240830,170136.094559,171149.675035,613.580476,520.824 um_pwv,635.809 um_pwv,35.0,5.455 K,1.22547
20240830,171150.638644,172204.083036,613.444392,531.847 um_pwv,649.265 um_pwv,35.0,5.403 K,1.25152
20240830,172205.046672,173218.492275,613.445603,549.377 um_pwv,670.665 um_pwv,35.0,5.48 K,1.29295
20240830,173219.449744,174232.900124,613.45038,540.834 um_pwv,660.236 um_pwv,35.0,5.481 K,1.27276
20240830,174233.863710,175247.310145,613.446435,539.33 um_pwv,658.4 um_pwv,35.0,5.369 K,1.26921
20240830,175248.267054,175635.790387,227.523333,548.971 um_pwv,670.169 um_pwv,35.0,5.107 K,1.29199
20240830,180135.885691,181149.433953,613.548262,539.981 um_pwv,659.195 um_pwv,35.0,5.074 K,1.27075
20240830,181150.396425,182203.841654,613.445229,535.582 um_pwv,653.825 um_pwv,35.0,5.041 K,1.26035
20240830,182204.805563,183218.248623,613.44306,573.89 um_pwv,700.591 um_pwv,35.0,5.065 K,1.35089
20240830,183219.211689,184232.659785,613.448096,592.867 um_pwv,723.757 um_pwv,35.0,5.167 K,1.39574
20240830,184233.616711,185247.064944,613.448233,596.411 um_pwv,728.083 um_pwv,35.0,5.137 K,1.40412
20240830,185248.027681,185635.548333,227.520652,601.524 um_pwv,734.325 um_pwv,35.0,5.011 K,1.41620
20240830,190108.582673,191122.122967,613.540294,597.592 um_pwv,729.525 um_pwv,35.0,5.04 K,1.40691
20240830,191123.079403,192136.529477,613.450074,597.828 um_pwv,729.813 um_pwv,35.0,4.985 K,1.40746
20240830,192137.490741,193150.935331,613.44459,596.297 um_pwv,727.944 um_pwv,35.0,5.011 K,1.40385
20240830,193151.898307,194205.341653,613.443346,597.412 um_pwv,729.305 um_pwv,35.0,4.933 K,1.40648
20240830,194206.304420,195219.752066,613.447646,603.41 um_pwv,736.628 um_pwv,35.0,4.914 K,1.42066
20240830,195220.708953,195608.232835,227.523882,606.542 um_pwv,740.451 um_pwv,35.0,4.959 K,1.42806
20240830,210136.261478,211149.809317,613.547839,624.529 um_pwv,762.409 um_pwv,35.0,4.522 K,1.47057
20240830,211150.770305,212204.216692,613.446387,638.166 um_pwv,779.057 um_pwv,35.0,4.667 K,1.50280
20240830,212205.179002,213218.628523,613.449521,639.385 um_pwv,780.546 um_pwv,35.0,4.735 K,1.50568
20240830,213219.584595,214233.036089,613.451494,640.553 um_pwv,781.971 um_pwv,35.0,4.794 K,1.50844
20240830,214233.993342,215247.442713,613.449371,631.337 um_pwv,770.721 um_pwv,35.0,4.881 K,1.48666
20240830,215248.404122,215635.922168,227.518046,621.387 um_pwv,758.574 um_pwv,35.0,4.781 K,1.46314
20240830,220108.946911,221122.497000,613.550089,618.67 um_pwv,755.257 um_pwv,35.0,4.7 K,1.45672
20240830,221123.457674,222136.901284,613.44361,624.078 um_pwv,761.859 um_pwv,35.0,4.581 K,1.46950
20240830,222137.863009,223151.309575,613.446566,631.711 um_pwv,771.177 um_pwv,35.0,4.511 K,1.48754
20240830,223152.271632,224205.717012,613.44538,639.942 um_pwv,781.225 um_pwv,35.0,4.46 K,1.50700
20240830,224206.679403,225220.127449,613.448046,647.849 um_pwv,790.878 um_pwv,35.0,4.45 K,1.52568
20240830,225221.084112,225608.605611,227.521499,650.395 um_pwv,793.985 um_pwv,35.0,4.439 K,1.53170
20240831,010136.103232,011149.645701,613.542469,720.834 um_pwv,879.976 um_pwv,35.0,4.154 K,1.69817
20240831,011150.607537,012204.049551,613.442014,722.098 um_pwv,881.519 um_pwv,35.0,4.074 K,1.70115
20240831,012205.013152,013218.461934,613.448782,729.943 um_pwv,891.096 um_pwv,35.0,3.945 K,1.71969
20240831,013219.419205,014232.865583,613.446378,741.542 um_pwv,905.255 um_pwv,35.0,3.806 K,1.74710
20240831,014233.829225,015247.272536,613.443311,752.582 um_pwv,918.733 um_pwv,35.0,3.765 K,1.77320
20240831,015248.235603,015635.754356,227.518753,754.479 um_pwv,921.048 um_pwv,35.0,3.708 K,1.77768
20240831,020111.179255,021124.726887,613.547632,757.762 um_pwv,925.057 um_pwv,35.0,3.634 K,1.78544
20240831,021125.689640,022139.135939,613.446299,755.119 um_pwv,921.83 um_pwv,35.0,3.706 K,1.77919
20240831,022140.093995,023153.544268,613.450273,755.123 um_pwv,921.835 um_pwv,35.0,3.701 K,1.77920
20240831,023154.502429,024207.952090,613.449661,751.295 um_pwv,917.162 um_pwv,35.0,3.788 K,1.77015
20240831,024208.909952,025222.357427,613.447475,751.18 um_pwv,917.021 um_pwv,35.0,3.79 K,1.76988
20240831,025223.320357,025610.841212,227.520855,752.155 um_pwv,918.212 um_pwv,35.0,3.758 K,1.77219
20240831,030109.543228,031123.092597,613.549369,758.379 um_pwv,925.81 um_pwv,35.0,3.797 K,1.78690
20240831,031124.054411,032137.501909,613.447498,766.809 um_pwv,936.101 um_pwv,35.0,3.817 K,1.80682
20240831,032138.461146,033151.910146,613.449,779.138 um_pwv,951.152 um_pwv,35.0,3.81 K,1.83595
20240831,033152.869556,034206.318196,613.44864,785.997 um_pwv,959.525 um_pwv,35.0,3.866 K,1.85216
20240831,034207.277574,035220.725553,613.447979,802.746 um_pwv,979.971 um_pwv,35.0,3.901 K,1.89174
20240831,035221.685834,035609.208206,227.522372,811.138 um_pwv,990.217 um_pwv,35.0,3.912 K,1.91158
20240831,050135.423019,051148.962283,613.539264,851.447 um_pwv,1039.42 um_pwv,35.0,3.461 K,2.00683
20240831,051149.923790,052203.369536,613.445746,856.052 um_pwv,1045.05 um_pwv,35.0,3.492 K,2.01772
20240831,052204.331445,053217.783015,613.45157,868.085 um_pwv,1059.74 um_pwv,35.0,3.378 K,2.04615
20240831,053218.739177,054232.185067,613.44589,865.464 um_pwv,1056.54 um_pwv,35.0,3.37 K,2.03996
20240831,054233.146957,055246.591440,613.444483,861.372 um_pwv,1051.54 um_pwv,35.0,3.233 K,2.03029
20240831,055247.552966,055635.075551,227.522585,861.319 um_pwv,1051.48 um_pwv,35.0,3.229 K,2.03016
20240831,060114.450860,061128.029092,613.578232,855.102 um_pwv,1043.89 um_pwv,35.0,3.111 K,2.01547
20240831,061128.990376,062142.436984,613.446608,857.586 um_pwv,1046.92 um_pwv,35.0,3.04 K,2.02134
20240831,062143.399414,063156.847855,613.448441,859.854 um_pwv,1049.69 um_pwv,35.0,3.042 K,2.02670
20240831,063157.804418,064211.254639,613.450221,865.486 um_pwv,1056.56 um_pwv,35.0,2.939 K,2.04001
20240831,064212.216204,065225.662103,613.445899,869.05 um_pwv,1060.91 um_pwv,35.0,2.829 K,2.04843
20240831,065226.623638,065614.141201,227.517563,872.845 um_pwv,1065.55 um_pwv,35.0,2.895 K,2.05740
20240831,070117.020917,071130.573654,613.552737,865.187 um_pwv,1056.2 um_pwv,35.0,2.878 K,2.03930
20240831,071131.528784,072144.977146,613.448362,859.005 um_pwv,1048.65 um_pwv,35.0,3.06 K,2.02469
20240831,072145.938987,073159.387974,613.448987,858.528 um_pwv,1048.07 um_pwv,35.0,2.998 K,2.02357
20240831,073200.344728,074213.792747,613.448019,852.278 um_pwv,1040.44 um_pwv,35.0,2.754 K,2.00880
20240831,074214.755637,075228.203869,613.448232,863.203 um_pwv,1053.78 um_pwv,35.0,2.499 K,2.03461
20240831,075229.161705,075616.682706,227.521001,862 um_pwv,1052.31 um_pwv,35.0,2.464 K,2.03177
20240831,090134.773534,091148.323246,613.549712,905.078 um_pwv,1104.9 um_pwv,35.0,2.199 K,2.13357
20240831,091149.286000,092202.731451,613.445451,907.528 um_pwv,1107.89 um_pwv,35.0,2.162 K,2.13936
20240831,092203.689750,093217.138539,613.448789,913.09 um_pwv,1114.68 um_pwv,35.0,2.232 K,2.15250
20240831,093218.096693,094231.545648,613.448955,914.286 um_pwv,1116.14 um_pwv,35.0,2.316 K,2.15533
20240831,094232.503518,095245.953224,613.449706,911.187 um_pwv,1112.35 um_pwv,35.0,2.365 K,2.14801
20240831,095246.913026,095634.433959,227.520933,918.086 um_pwv,1120.78 um_pwv,35.0,2.337 K,2.16431
20240831,100117.202542,101130.752514,613.549972,922.71 um_pwv,1126.42 um_pwv,35.0,2.321 K,2.17524
20240831,101131.714391,102145.161144,613.446753,929.868 um_pwv,1135.16 um_pwv,35.0,2.41 K,2.19215
20240831,102146.118046,103159.565680,613.447634,936.203 um_pwv,1142.89 um_pwv,35.0,2.344 K,2.20712
20240831,103200.528764,104213.976415,613.447651,943.512 um_pwv,1151.82 um_pwv,35.0,2.323 K,2.22439
20240831,104214.933353,105228.382056,613.448703,941.836 um_pwv,1149.77 um_pwv,35.0,2.401 K,2.22043
20240831,105229.345130,105616.863927,227.518797,940.86 um_pwv,1148.58 um_pwv,35.0,2.402 K,2.21813
20240831,110116.862104,111130.410952,613.548848,942.22 um_pwv,1150.24 um_pwv,35.0,2.305 K,2.22134
20240831,111131.373373,112144.819363,613.44599,946.241 um_pwv,1155.15 um_pwv,35.0,2.236 K,2.23084
20240831,112145.779332,113159.227640,613.448308,953.865 um_pwv,1164.45 um_pwv,35.0,2.289 K,2.24886
20240831,113200.190921,114213.634823,613.443902,963.689 um_pwv,1176.45 um_pwv,35.0,2.332 K,2.27207
20240831,114214.594794,115228.043550,613.448756,976.384 um_pwv,1191.94 um_pwv,35.0,2.241 K,2.30207
20240831,115229.001631,115616.531969,227.530338,979.341 um_pwv,1195.56 um_pwv,35.0,2.118 K,2.30906
20240831,130135.841228,131149.412674,613.571446,974.794 um_pwv,1190 um_pwv,35.0,2.204 K,2.29831
20240831,131150.374538,132203.818824,613.444286,977.18 um_pwv,1192.92 um_pwv,35.0,2.27 K,2.30395
20240831,132204.781508,133218.230722,613.449214,972.858 um_pwv,1187.64 um_pwv,35.0,2.37 K,2.29374
20240831,133219.186310,134232.633298,613.446988,973.675 um_pwv,1188.64 um_pwv,35.0,2.418 K,2.29567
20240831,134233.594813,135247.044521,613.449708,985.017 um_pwv,1202.48 um_pwv,35.0,2.565 K,2.32247
20240831,135248.000510,135635.524583,227.524073,998.067 um_pwv,1218.41 um_pwv,35.0,2.651 K,2.35331
20240831,140119.847080,141133.424021,613.576941,988.171 um_pwv,1206.33 um_pwv,35.0,2.892 K,2.32993
20240831,141134.385013,142147.830938,613.445925,975.625 um_pwv,1191.02 um_pwv,35.0,3.067 K,2.30028
20240831,142148.792603,143202.236327,613.443724,979.1 um_pwv,1195.26 um_pwv,35.0,2.907 K,2.30849
20240831,143203.198410,144216.641362,613.442952,987.866 um_pwv,1205.96 um_pwv,35.0,2.935 K,2.32921
20240831,144217.605015,145231.048245,613.44323,1002.24 um_pwv,1223.51 um_pwv,35.0,2.87 K,2.36317
20240831,145232.011588,145619.531951,227.520363,1018.46 um_pwv,1243.31 um_pwv,35.0,2.772 K,2.40149
20240831,150114.837582,151128.376418,613.538836,1014.03 um_pwv,1237.9 um_pwv,35.0,2.742 K,2.39103
20240831,151129.337089,152142.780507,613.443418,1008.57 um_pwv,1231.24 um_pwv,35.0,2.744 K,2.37813
20240831,152143.742615,153157.189128,613.446513,1008.14 um_pwv,1230.71 um_pwv,35.0,2.87 K,2.37710
20240831,153158.150581,154211.592992,613.442411,1004.25 um_pwv,1225.96 um_pwv,35.0,2.578 K,2.36791
20240831,154212.555498,155226.002586,613.447088,1004.05 um_pwv,1225.72 um_pwv,35.0,2.379 K,2.36745
20240831,155226.964041,155614.483585,227.519544,1009.99 um_pwv,1232.97 um_pwv,35.0,2.208 K,2.38149
20240831,170134.638696,171148.191137,613.552441,1067.19 um_pwv,1302.8 um_pwv,35.0,1.907 K,2.51664
20240831,171149.147808,172202.596388,613.44858,1071.43 um_pwv,1307.97 um_pwv,35.0,2.043 K,2.52666
20240831,172203.554490,173217.001726,613.447236,1073.94 um_pwv,1311.04 um_pwv,35.0,2.325 K,2.53260
20240831,173217.964464,174231.410716,613.446252,1081.96 um_pwv,1320.83 um_pwv,35.0,2.244 K,2.55154
20240831,174232.369922,175245.817154,613.447232,1086.29 um_pwv,1326.12 um_pwv,35.0,2.36 K,2.56179
20240831,175246.780851,175634.300523,227.519672,1087.06 um_pwv,1327.05 um_pwv,35.0,2.374 K,2.56360
20240831,180124.939430,181138.488607,613.549177,1086.13 um_pwv,1325.92 um_pwv,35.0,2.448 K,2.56141
20240831,181139.450505,182152.898034,613.447529,1080.88 um_pwv,1319.51 um_pwv,35.0,2.187 K,2.54899
20240831,182153.854944,183207.305878,613.450934,1098.69 um_pwv,1341.26 um_pwv,35.0,2.431 K,2.59109
20240831,183208.264116,184221.713823,613.449707,1115.39 um_pwv,1361.64 um_pwv,35.0,2.396 K,2.63053
20240831,184222.673119,185236.118611,613.445492,1098.9 um_pwv,1341.51 um_pwv,35.0,2.24 K,2.59157
20240831,185237.081593,185624.599692,227.518099,1076.55 um_pwv,1314.22 um_pwv,35.0,2.269 K,2.53876
20240831,190123.689018,191137.238444,613.549426,1075.58 um_pwv,1313.04 um_pwv,35.0,2.412 K,2.53647
20240831,191138.195416,192151.642830,613.447414,1079.77 um_pwv,1318.15 um_pwv,35.0,2.451 K,2.54637
20240831,192152.602441,193206.053492,613.451051,1074.96 um_pwv,1312.29 um_pwv,35.0,2.364 K,2.53502
20240831,193207.010909,194220.459411,613.448502,1057.54 um_pwv,1291.02 um_pwv,35.0,2.329 K,2.49385
20240831,194221.422681,195234.865786,613.443105,1041.7 um_pwv,1271.68 um_pwv,35.0,2.336 K,2.45640
20240831,195235.825439,195623.348835,227.523396,1039.82 um_pwv,1269.38 um_pwv,35.0,2.255 K,2.45197
20240831,210135.920917,211149.517892,613.596975,1031.11 um_pwv,1258.75 um_pwv,35.0,2.091 K,2.43139
20240831,211150.478537,212203.923584,613.445047,1040.31 um_pwv,1269.98 um_pwv,35.0,2.002 K,2.45312
20240831,212204.885285,213218.332941,613.447656,1043.73 um_pwv,1274.16 um_pwv,35.0,2.035 K,2.46121
20240831,213219.288664,214232.737260,613.448596,1048.72 um_pwv,1280.25 um_pwv,35.0,1.905 K,2.47299
20240831,214233.699447,215247.148008,613.448561,1056.27 um_pwv,1289.46 um_pwv,35.0,1.841 K,2.49084
20240831,215248.104927,215635.625984,227.521057,1053.13 um_pwv,1285.63 um_pwv,35.0,1.806 K,2.48342
20240831,220121.371051,221134.917496,613.546445,1047.99 um_pwv,1279.36 um_pwv,35.0,1.763 K,2.47128
20240831,221135.878588,222149.327735,613.449147,1046.06 um_pwv,1277.01 um_pwv,35.0,1.653 K,2.46673
20240831,222150.284195,223203.734346,613.450151,1046.03 um_pwv,1276.96 um_pwv,35.0,1.661 K,2.46664
20240831,223204.691615,224218.140717,613.449102,1053.47 um_pwv,1286.04 um_pwv,35.0,1.757 K,2.48422
20240831,224219.102823,225232.550432,613.447609,1066.63 um_pwv,1302.12 um_pwv,35.0,1.907 K,2.51533
20240831,225233.506427,225621.029604,227.523177,1074.08 um_pwv,1311.2 um_pwv,35.0,2.008 K,2.53292
