DATE(YYYYMMDD),START TIME(HHMMSS.Microsec),END TIME(HHMMSS.Microsec),TIME PASSED (sec),PWV TOTAL zenith,PWV TOTAL line-of-sight,zenith angle,standard_deviation_of_residuals,Nscale_troposphere_h2o
20240401,010135.828335,011149.379322,613.550987,633.692 um_pwv,773.596 um_pwv,35.0,2.436 K,1.49222
20240401,011150.336594,012203.785995,613.449401,634.693 um_pwv,774.817 um_pwv,35.0,2.394 K,1.49459
20240401,012204.745236,013218.192357,613.447121,635.727 um_pwv,776.079 um_pwv,35.0,2.425 K,1.49703
20240401,013219.155401,014232.603098,613.447697,635.461 um_pwv,775.754 um_pwv,35.0,2.464 K,1.49640
20240401,014233.560914,015247.005555,613.444641,635.132 um_pwv,775.353 um_pwv,35.0,2.585 K,1.49563
20240401,015247.968461,015635.490316,227.521855,631.929 um_pwv,771.443 um_pwv,35.0,2.642 K,1.48806
20240401,020135.681442,021149.229978,613.548536,636.668 um_pwv,777.228 um_pwv,35.0,2.594 K,1.49926
20240401,021150.192357,022203.639094,613.446737,648.137 um_pwv,791.229 um_pwv,35.0,2.407 K,1.52636
20240401,022204.596332,023218.049536,613.453204,657.199 um_pwv,802.291 um_pwv,35.0,2.341 K,1.54778
20240401,023219.008260,024232.454369,613.446109,657.864 um_pwv,803.103 um_pwv,35.0,2.533 K,1.54935
20240401,024233.417670,025246.859853,613.442183,660.009 um_pwv,805.722 um_pwv,35.0,2.574 K,1.55442
20240401,025247.822514,025635.343289,227.520775,663.338 um_pwv,809.786 um_pwv,35.0,2.466 K,1.56229
20240401,030136.542912,031150.095604,613.552692,659.857 um_pwv,805.537 um_pwv,35.0,2.633 K,1.55406
20240401,031151.052180,032204.497948,613.445768,657.859 um_pwv,803.097 um_pwv,35.0,2.615 K,1.54934
20240401,032205.461758,033218.912022,613.450264,660.416 um_pwv,806.219 um_pwv,35.0,2.61 K,1.55538
20240401,033219.869520,034233.318504,613.448984,661.883 um_pwv,808.01 um_pwv,35.0,2.659 K,1.55885
20240401,034234.276598,035247.726443,613.449845,657.799 um_pwv,803.024 um_pwv,35.0,2.798 K,1.54920
20240401,035248.684190,035636.205617,227.521427,654.498 um_pwv,798.994 um_pwv,35.0,2.731 K,1.54139
20240401,050136.364110,051149.991482,613.627372,640.005 um_pwv,781.302 um_pwv,35.0,2.919 K,1.50714
20240401,051150.952562,052204.396733,613.444171,638.744 um_pwv,779.762 um_pwv,35.0,2.942 K,1.50416
20240401,052205.358905,053218.804381,613.445476,639.737 um_pwv,780.975 um_pwv,35.0,2.858 K,1.50651
20240401,053219.766197,054233.213017,613.44682,644.138 um_pwv,786.347 um_pwv,35.0,2.735 K,1.51691
20240401,054234.174785,055247.623055,613.44827,647.546 um_pwv,790.508 um_pwv,35.0,2.704 K,1.52497
20240401,055248.579664,055636.102277,227.522613,646.036 um_pwv,788.664 um_pwv,35.0,2.661 K,1.52140
20240401,060136.149834,061149.697919,613.548085,643.804 um_pwv,785.94 um_pwv,35.0,2.775 K,1.51612
20240401,061150.659766,062204.108796,613.44903,641.744 um_pwv,783.424 um_pwv,35.0,2.794 K,1.51125
20240401,062205.064189,063218.518291,613.454102,644.471 um_pwv,786.754 um_pwv,35.0,2.831 K,1.51770
20240401,063219.474921,064232.919236,613.444315,647.168 um_pwv,790.046 um_pwv,35.0,2.919 K,1.52407
20240401,064233.883824,065247.328242,613.444418,646.876 um_pwv,789.689 um_pwv,35.0,2.899 K,1.52338
20240401,065248.290555,065635.809848,227.519293,644.456 um_pwv,786.735 um_pwv,35.0,2.827 K,1.51766
20240401,070135.954252,071149.504582,613.55033,647.338 um_pwv,790.254 um_pwv,35.0,2.872 K,1.52447
20240401,071150.465772,072203.909075,613.443303,645.023 um_pwv,787.428 um_pwv,35.0,2.945 K,1.51900
20240401,072204.870747,073218.320200,613.449453,646.026 um_pwv,788.652 um_pwv,35.0,2.986 K,1.52137
20240401,073219.281430,074232.727101,613.445671,643.455 um_pwv,785.514 um_pwv,35.0,2.971 K,1.51530
20240401,074233.688670,075247.134267,613.445597,638.665 um_pwv,779.666 um_pwv,35.0,2.982 K,1.50398
20240401,075248.092797,075635.618656,227.525859,635.68 um_pwv,776.022 um_pwv,35.0,2.947 K,1.49692
20240401,090135.807256,091149.357442,613.550186,651.39 um_pwv,795.2 um_pwv,35.0,2.932 K,1.53405
20240401,091150.313484,092203.762435,613.448951,650.363 um_pwv,793.946 um_pwv,35.0,2.921 K,1.53162
20240401,092204.725689,093218.174053,613.448364,649.145 um_pwv,792.46 um_pwv,35.0,2.905 K,1.52874
20240401,093219.131439,094232.576438,613.444999,648.548 um_pwv,791.731 um_pwv,35.0,2.899 K,1.52733
20240401,094233.539669,095246.984451,613.444782,650.25 um_pwv,793.809 um_pwv,35.0,2.882 K,1.53136
20240401,095247.948539,095635.468771,227.520232,650.234 um_pwv,793.79 um_pwv,35.0,2.795 K,1.53132
20240401,100135.614433,101149.158899,613.544466,654.385 um_pwv,798.856 um_pwv,35.0,2.815 K,1.54113
20240401,101150.121911,102203.568905,613.446994,651.165 um_pwv,794.926 um_pwv,35.0,2.863 K,1.53352
20240401,102204.527732,103217.973924,613.446192,647.386 um_pwv,790.313 um_pwv,35.0,2.977 K,1.52459
20240401,103218.938062,104232.386063,613.448001,649.662 um_pwv,793.091 um_pwv,35.0,3.035 K,1.52997
20240401,104233.344757,105246.789689,613.444932,650.411 um_pwv,794.005 um_pwv,35.0,3.036 K,1.53174
20240401,105247.753559,105635.272789,227.51923,648.868 um_pwv,792.121 um_pwv,35.0,3.054 K,1.52809
20240401,110136.423641,111149.975466,613.551825,652.049 um_pwv,796.005 um_pwv,35.0,3.117 K,1.53561
20240401,111150.932464,112204.382807,613.450343,647.833 um_pwv,790.859 um_pwv,35.0,3.143 K,1.52564
20240401,112205.340473,113218.786360,613.445887,641.965 um_pwv,783.695 um_pwv,35.0,3.178 K,1.51178
20240401,113219.750248,114233.196463,613.446215,636.323 um_pwv,776.807 um_pwv,35.0,3.257 K,1.49844
20240401,114234.153961,115247.605233,613.451272,634.751 um_pwv,774.888 um_pwv,35.0,3.158 K,1.49473
20240401,115248.562098,115636.085837,227.523739,632.21 um_pwv,771.786 um_pwv,35.0,3.05 K,1.48872
20240401,130136.248785,131149.821444,613.572659,636.668 um_pwv,777.228 um_pwv,35.0,2.999 K,1.49926
20240401,131150.782724,132204.230404,613.44768,637.124 um_pwv,777.784 um_pwv,35.0,3.024 K,1.50033
20240401,132205.192561,133218.637555,613.444994,636.343 um_pwv,776.832 um_pwv,35.0,3.103 K,1.49849
20240401,133219.600334,134233.047005,613.446671,638.114 um_pwv,778.994 um_pwv,35.0,3.097 K,1.50268
20240401,134234.008921,135247.453682,613.444761,641.048 um_pwv,782.575 um_pwv,35.0,3.094 K,1.50961
20240401,135248.415933,135635.935415,227.519482,643.439 um_pwv,785.494 um_pwv,35.0,3.064 K,1.51526
20240401,140136.039868,141149.582511,613.542643,648.761 um_pwv,791.991 um_pwv,35.0,3.006 K,1.52784
20240401,141150.537630,142203.988526,613.450896,650.78 um_pwv,794.455 um_pwv,35.0,3.063 K,1.53261
20240401,142204.950594,143218.396452,613.445858,651.004 um_pwv,794.73 um_pwv,35.0,3.11 K,1.53314
20240401,143219.358453,144232.804121,613.445668,650.571 um_pwv,794.201 um_pwv,35.0,3.084 K,1.53211
20240401,144233.766270,145247.213652,613.447382,647.477 um_pwv,790.424 um_pwv,35.0,3.059 K,1.52480
20240401,145248.169587,145635.692197,227.52261,643.534 um_pwv,785.61 um_pwv,35.0,3.027 K,1.51548
20240401,150135.836507,151149.387472,613.550965,645.033 um_pwv,787.439 um_pwv,35.0,3.024 K,1.51903
20240401,151150.348428,152203.793485,613.445057,645.84 um_pwv,788.425 um_pwv,35.0,2.995 K,1.52093
20240401,152204.755662,153218.203735,613.448073,646.971 um_pwv,789.806 um_pwv,35.0,2.959 K,1.52361
20240401,153219.159697,154232.606553,613.446856,645.028 um_pwv,787.434 um_pwv,35.0,2.986 K,1.51901
20240401,154233.568352,155247.016905,613.448553,638.839 um_pwv,779.878 um_pwv,35.0,3.062 K,1.50439
20240401,155247.978729,155635.498718,227.519989,635.66 um_pwv,775.997 um_pwv,35.0,3.074 K,1.49687
20240401,170135.640026,171149.190946,613.55092,643.328 um_pwv,785.359 um_pwv,35.0,3.182 K,1.51500
20240401,171150.146933,172203.598205,613.451272,644.689 um_pwv,787.02 um_pwv,35.0,3.145 K,1.51821
20240401,172204.555368,173218.014519,613.459151,640.826 um_pwv,782.305 um_pwv,35.0,3.154 K,1.50909
20240401,173218.961668,174232.414021,613.452353,635.848 um_pwv,776.227 um_pwv,35.0,3.188 K,1.49732
20240401,174233.371598,175246.823180,613.451582,633.864 um_pwv,773.805 um_pwv,35.0,3.22 K,1.49263
20240401,175247.781879,175635.301760,227.519881,631.431 um_pwv,770.835 um_pwv,35.0,3.231 K,1.48688
20240401,180136.452774,181150.001973,613.549199,628.355 um_pwv,767.08 um_pwv,35.0,3.265 K,1.47961
20240401,181150.966204,182204.409659,613.443455,625.311 um_pwv,763.363 um_pwv,35.0,3.245 K,1.47242
20240401,182205.373285,183218.819209,613.445924,623.863 um_pwv,761.596 um_pwv,35.0,3.285 K,1.46899
20240401,183219.782235,184233.225752,613.443517,619.388 um_pwv,756.133 um_pwv,35.0,3.303 K,1.45842
20240401,184234.189321,185247.632800,613.443479,614.49 um_pwv,750.153 um_pwv,35.0,3.365 K,1.44684
20240401,185248.595747,185636.117361,227.521614,613.929 um_pwv,749.469 um_pwv,35.0,3.391 K,1.44552
20240401,190136.263485,191149.811333,613.547848,613.203 um_pwv,748.583 um_pwv,35.0,3.451 K,1.44380
20240401,191150.767334,192204.217365,613.450031,614.005 um_pwv,749.562 um_pwv,35.0,3.454 K,1.44570
20240401,192205.180303,193218.627386,613.447083,615.688 um_pwv,751.616 um_pwv,35.0,3.473 K,1.44967
20240401,193219.584726,194233.030722,613.445996,614.671 um_pwv,750.375 um_pwv,35.0,3.552 K,1.44727
20240401,194233.993869,195247.441739,613.44787,613.249 um_pwv,748.638 um_pwv,35.0,3.577 K,1.44391
20240401,195248.399162,195635.922635,227.523473,610.292 um_pwv,745.029 um_pwv,35.0,3.509 K,1.43692
20240401,210136.159008,211149.710999,613.551991,605.974 um_pwv,739.758 um_pwv,35.0,3.556 K,1.42672
20240401,211150.666724,212204.117343,613.450619,609.976 um_pwv,744.644 um_pwv,35.0,3.56 K,1.43618
20240401,212205.078773,213218.521430,613.442657,610.228 um_pwv,744.951 um_pwv,35.0,3.47 K,1.43677
20240401,213219.485000,214232.930969,613.445969,607.995 um_pwv,742.224 um_pwv,35.0,3.508 K,1.43149
20240401,214233.893422,215247.340908,613.447486,602.797 um_pwv,735.879 um_pwv,35.0,3.518 K,1.41921
20240401,215248.296675,215635.820191,227.523516,599.466 um_pwv,731.813 um_pwv,35.0,3.473 K,1.41134
20240401,220135.962615,221149.511392,613.548777,601.02 um_pwv,733.71 um_pwv,35.0,3.586 K,1.41501
20240401,221150.471979,222203.920639,613.44866,599.728 um_pwv,732.133 um_pwv,35.0,3.585 K,1.41196
20240401,222204.882402,223218.325412,613.44301,599.721 um_pwv,732.124 um_pwv,35.0,3.575 K,1.41194
20240401,223219.286908,224232.735771,613.448863,598.152 um_pwv,730.209 um_pwv,35.0,3.602 K,1.40823
20240401,224233.697265,225247.140932,613.443667,598.359 um_pwv,730.461 um_pwv,35.0,3.643 K,1.40872
20240401,225248.103046,225635.623604,227.520558,595.269 um_pwv,726.689 um_pwv,35.0,3.577 K,1.40142
20240402,010135.679034,011149.217650,613.538616,587.368 um_pwv,717.045 um_pwv,35.0,3.639 K,1.38274
20240402,011150.174863,012203.624973,613.45011,588.093 um_pwv,717.929 um_pwv,35.0,3.624 K,1.38446
20240402,012204.581886,013218.029017,613.447131,591.626 um_pwv,722.242 um_pwv,35.0,3.673 K,1.39281
20240402,013218.991945,014232.440168,613.448223,592.181 um_pwv,722.919 um_pwv,35.0,3.654 K,1.39412
20240402,014233.399174,015246.848389,613.449215,589.37 um_pwv,719.488 um_pwv,35.0,3.716 K,1.38747
20240402,015247.805866,015635.327918,227.522052,585.72 um_pwv,715.032 um_pwv,35.0,3.737 K,1.37885
20240402,020136.477900,021150.025526,613.547626,585.98 um_pwv,715.35 um_pwv,35.0,3.722 K,1.37946
20240402,021150.987810,022204.437754,613.449944,585.98 um_pwv,715.35 um_pwv,35.0,3.728 K,1.37946
20240402,022205.395418,023218.842609,613.447191,585.125 um_pwv,714.306 um_pwv,35.0,3.747 K,1.37744
20240402,023219.805693,024233.253341,613.447648,579.916 um_pwv,707.947 um_pwv,35.0,3.756 K,1.36513
20240402,024234.212637,025247.660685,613.448048,578.146 um_pwv,705.786 um_pwv,35.0,3.756 K,1.36095
20240402,025248.617561,025636.139725,227.522164,575.686 um_pwv,702.783 um_pwv,35.0,3.773 K,1.35513
20240402,030136.284316,031149.835692,613.551376,572.884 um_pwv,699.362 um_pwv,35.0,3.855 K,1.34851
20240402,031150.792086,032204.241274,613.449188,569.123 um_pwv,694.771 um_pwv,35.0,3.862 K,1.33962
20240402,032205.203888,033218.651722,613.447834,566.883 um_pwv,692.036 um_pwv,35.0,3.873 K,1.33433
20240402,033219.611713,034233.059175,613.447462,568.229 um_pwv,693.679 um_pwv,35.0,3.811 K,1.33751
20240402,034234.016070,035247.462852,613.446782,569.856 um_pwv,695.665 um_pwv,35.0,3.812 K,1.34135
20240402,035248.426122,035635.946517,227.520395,569.715 um_pwv,695.494 um_pwv,35.0,3.804 K,1.34102
20240402,050136.086922,051149.683782,613.59686,559.901 um_pwv,683.513 um_pwv,35.0,3.675 K,1.31783
20240402,051150.646375,052204.092525,613.44615,559.019 um_pwv,682.436 um_pwv,35.0,3.7 K,1.31574
20240402,052205.054878,053218.501376,613.446498,561.767 um_pwv,685.791 um_pwv,35.0,3.704 K,1.32224
20240402,053219.457381,054232.904602,613.447221,559.515 um_pwv,683.042 um_pwv,35.0,3.65 K,1.31692
20240402,054233.866113,055247.316590,613.450477,556.737 um_pwv,679.65 um_pwv,35.0,3.647 K,1.31035
20240402,055248.273261,055635.795106,227.521845,554.092 um_pwv,676.422 um_pwv,35.0,3.606 K,1.30410
20240402,060135.891690,061149.440804,613.549114,555.268 um_pwv,677.857 um_pwv,35.0,3.642 K,1.30688
20240402,061150.402060,062203.850405,613.448345,554.505 um_pwv,676.925 um_pwv,35.0,3.584 K,1.30507
20240402,062204.806263,063218.254317,613.448054,554.354 um_pwv,676.742 um_pwv,35.0,3.659 K,1.30472
20240402,063219.217366,064232.664190,613.446824,554.341 um_pwv,676.725 um_pwv,35.0,3.661 K,1.30469
20240402,064233.625700,065247.069293,613.443593,555.054 um_pwv,677.596 um_pwv,35.0,3.603 K,1.30637
20240402,065248.031704,065635.552489,227.520785,553.276 um_pwv,675.425 um_pwv,35.0,3.514 K,1.30217
20240402,070135.719851,071149.294473,613.574622,551.71 um_pwv,673.514 um_pwv,35.0,3.567 K,1.29847
20240402,071150.255748,072203.701475,613.445727,551.534 um_pwv,673.298 um_pwv,35.0,3.626 K,1.29805
20240402,072204.663609,073218.107914,613.444305,551.52 um_pwv,673.282 um_pwv,35.0,3.63 K,1.29802
20240402,073219.070028,074232.516695,613.446667,553.726 um_pwv,675.975 um_pwv,35.0,3.591 K,1.30323
20240402,074233.478868,075246.922502,613.443634,554.505 um_pwv,676.925 um_pwv,35.0,3.617 K,1.30507
20240402,075247.885193,075635.403780,227.518587,552.99 um_pwv,675.076 um_pwv,35.0,3.517 K,1.30149
20240402,090136.506488,091150.052907,613.546419,551.438 um_pwv,673.182 um_pwv,35.0,3.495 K,1.29783
20240402,091151.014694,092204.462458,613.447764,554.423 um_pwv,676.825 um_pwv,35.0,3.454 K,1.30488
20240402,092205.426031,093218.869031,613.443,555.284 um_pwv,677.877 um_pwv,35.0,3.435 K,1.30692
20240402,093219.831979,094233.275984,613.444005,552.704 um_pwv,674.727 um_pwv,35.0,3.461 K,1.30082
20240402,094234.239330,095247.685232,613.445902,550 um_pwv,671.426 um_pwv,35.0,3.482 K,1.29443
20240402,095248.648199,095636.167659,227.51946,548.387 um_pwv,669.457 um_pwv,35.0,3.455 K,1.29061
20240402,100136.310494,101149.863132,613.552638,554.423 um_pwv,676.825 um_pwv,35.0,3.532 K,1.30488
20240402,101150.820638,102204.270004,613.449366,559.501 um_pwv,683.025 um_pwv,35.0,3.511 K,1.31688
20240402,102205.226851,103218.674053,613.447202,565.267 um_pwv,690.064 um_pwv,35.0,3.448 K,1.33051
20240402,103219.638872,104233.080806,613.441934,569.196 um_pwv,694.86 um_pwv,35.0,3.387 K,1.33980
20240402,104234.043696,105247.493369,613.449673,570.165 um_pwv,696.043 um_pwv,35.0,3.363 K,1.34209
20240402,105248.451333,105635.973503,227.52217,568.845 um_pwv,694.432 um_pwv,35.0,3.383 K,1.33897
20240402,110136.122243,111149.716807,613.594564,567.179 um_pwv,692.398 um_pwv,35.0,3.443 K,1.33503
20240402,111150.673113,112204.119502,613.446389,563.945 um_pwv,688.45 um_pwv,35.0,3.484 K,1.32739
20240402,112205.084547,113218.530843,613.446296,561.657 um_pwv,685.656 um_pwv,35.0,3.555 K,1.32198
20240402,113219.488401,114232.937351,613.44895,562.724 um_pwv,686.959 um_pwv,35.0,3.559 K,1.32450
20240402,114233.895583,115247.343843,613.44826,561.186 um_pwv,685.082 um_pwv,35.0,3.609 K,1.32087
20240402,115248.302284,115635.826608,227.524324,559.529 um_pwv,683.059 um_pwv,35.0,3.598 K,1.31695
20240402,130135.927182,131149.467486,613.540304,553.74 um_pwv,675.992 um_pwv,35.0,3.638 K,1.30327
20240402,131150.428427,132203.872874,613.444447,554.942 um_pwv,677.459 um_pwv,35.0,3.665 K,1.30611
20240402,132204.834938,133218.283887,613.448949,555.572 um_pwv,678.228 um_pwv,35.0,3.758 K,1.30760
20240402,133219.245607,134232.690538,613.444931,553.249 um_pwv,675.392 um_pwv,35.0,3.789 K,1.30211
20240402,134233.652143,135247.100436,613.448293,550.705 um_pwv,672.287 um_pwv,35.0,3.875 K,1.29609
20240402,135248.056553,135635.579077,227.522524,547.549 um_pwv,668.434 um_pwv,35.0,3.795 K,1.28864
20240402,140135.724340,141149.275550,613.55121,547.619 um_pwv,668.52 um_pwv,35.0,3.899 K,1.28880
20240402,141150.230696,142203.682914,613.452218,543.881 um_pwv,663.956 um_pwv,35.0,3.959 K,1.27997
20240402,142204.638529,143218.090847,613.452318,539.33 um_pwv,658.4 um_pwv,35.0,3.983 K,1.26921
20240402,143219.047051,144232.496755,613.449704,537.446 um_pwv,656.1 um_pwv,35.0,3.98 K,1.26476
20240402,144233.458906,145246.902735,613.443829,537.459 um_pwv,656.116 um_pwv,35.0,3.984 K,1.26479
20240402,145247.865187,145635.385568,227.520381,535.318 um_pwv,653.502 um_pwv,35.0,3.932 K,1.25973
20240402,150136.537541,151150.089962,613.552421,536.506 um_pwv,654.953 um_pwv,35.0,3.916 K,1.26254
20240402,151151.045118,152204.492603,613.447485,534.435 um_pwv,652.424 um_pwv,35.0,3.9 K,1.25764
20240402,152205.454364,153218.900071,613.445707,533.356 um_pwv,651.108 um_pwv,35.0,3.919 K,1.25509
20240402,153219.862666,154233.310366,613.4477,531.428 um_pwv,648.753 um_pwv,35.0,3.867 K,1.25053
20240402,154234.273136,155247.719794,613.446658,531.192 um_pwv,648.466 um_pwv,35.0,3.871 K,1.24998
20240402,155248.676110,155636.200087,227.523977,529.859 um_pwv,646.838 um_pwv,35.0,3.828 K,1.24683
20240402,170136.387845,171149.937029,613.549184,522.469 um_pwv,637.817 um_pwv,35.0,3.867 K,1.22936
20240402,171150.894605,172204.345092,613.450487,521.826 um_pwv,637.032 um_pwv,35.0,3.885 K,1.22784
20240402,172205.301946,173218.749253,613.447307,519.325 um_pwv,633.979 um_pwv,35.0,3.86 K,1.22193
20240402,173219.712847,174233.158580,613.445733,518.837 um_pwv,633.383 um_pwv,35.0,3.868 K,1.22078
20240402,174234.121244,175247.568216,613.446972,518.29 um_pwv,632.715 um_pwv,35.0,3.809 K,1.21948
20240402,175248.526306,175636.049300,227.522994,517.652 um_pwv,631.936 um_pwv,35.0,3.837 K,1.21797
20240402,180136.192200,181149.743031,613.550831,519.594 um_pwv,634.307 um_pwv,35.0,3.817 K,1.22256
20240402,181150.699568,182204.150626,613.451058,520.08 um_pwv,634.901 um_pwv,35.0,3.816 K,1.22371
20240402,182205.107879,183218.558522,613.450643,521.991 um_pwv,637.234 um_pwv,35.0,3.813 K,1.22823
20240402,183219.515498,184232.967808,613.45231,523.474 um_pwv,639.044 um_pwv,35.0,3.851 K,1.23174
20240402,184233.926748,185247.370071,613.443323,523.629 um_pwv,639.233 um_pwv,35.0,3.847 K,1.23210
20240402,185248.333413,185635.854783,227.52137,525.205 um_pwv,641.157 um_pwv,35.0,3.774 K,1.23583
20240402,190135.998602,191149.546248,613.547646,527.969 um_pwv,644.531 um_pwv,35.0,3.859 K,1.24236
20240402,191150.508919,192203.953242,613.444323,529.415 um_pwv,646.296 um_pwv,35.0,3.826 K,1.24578
20240402,192204.916738,193218.364143,613.447405,531.701 um_pwv,649.086 um_pwv,35.0,3.852 K,1.25118
20240402,193219.322229,194232.771835,613.449606,531.624 um_pwv,648.993 um_pwv,35.0,3.763 K,1.25100
20240402,194233.731528,195247.177099,613.445571,531.297 um_pwv,648.594 um_pwv,35.0,3.738 K,1.25022
20240402,195248.140048,195635.659606,227.519558,531.858 um_pwv,649.278 um_pwv,35.0,3.71 K,1.25155
20240402,210135.847554,211149.394317,613.546763,532.356 um_pwv,649.887 um_pwv,35.0,3.636 K,1.25273
20240402,211150.355595,212203.802749,613.447154,531.493 um_pwv,648.833 um_pwv,35.0,3.633 K,1.25069
20240402,212204.766060,213218.216036,613.449976,533.553 um_pwv,651.348 um_pwv,35.0,3.652 K,1.25556
20240402,213219.172857,214232.616930,613.444073,534.646 um_pwv,652.682 um_pwv,35.0,3.669 K,1.25814
20240402,214233.580348,215247.028881,613.448533,533.067 um_pwv,650.755 um_pwv,35.0,3.695 K,1.25441
20240402,215247.985195,215635.508892,227.523697,530.813 um_pwv,648.003 um_pwv,35.0,3.627 K,1.24908
20240402,220135.652276,221149.204411,613.552135,531.677 um_pwv,649.057 um_pwv,35.0,3.638 K,1.25112
20240402,221150.160221,222203.612486,613.452265,533.658 um_pwv,651.477 um_pwv,35.0,3.675 K,1.25581
20240402,222204.569396,223218.020919,613.451523,534.632 um_pwv,652.666 um_pwv,35.0,3.686 K,1.25811
20240402,223218.976980,224232.426930,613.44995,535.938 um_pwv,654.26 um_pwv,35.0,3.724 K,1.26119
20240402,224233.383147,225246.830225,613.447078,536.348 um_pwv,654.76 um_pwv,35.0,3.754 K,1.26216
20240402,225247.792365,225635.312749,227.520384,534.593 um_pwv,652.617 um_pwv,35.0,3.687 K,1.25801
20240403,010136.314573,011149.864658,613.550085,533.711 um_pwv,651.541 um_pwv,35.0,3.836 K,1.25593
20240403,011150.826530,012204.275040,613.44851,533.501 um_pwv,651.284 um_pwv,35.0,3.826 K,1.25543
20240403,012205.232822,013218.677014,613.444192,533.843 um_pwv,651.701 um_pwv,35.0,3.822 K,1.25624
20240403,013219.641741,014233.088887,613.447146,534.87 um_pwv,652.955 um_pwv,35.0,3.864 K,1.25867
20240403,014234.046697,015247.493984,613.447287,535.661 um_pwv,653.921 um_pwv,35.0,3.859 K,1.26054
20240403,015248.456649,015635.975327,227.518678,534.461 um_pwv,652.457 um_pwv,35.0,3.794 K,1.25770
20240403,020136.137408,021149.715629,613.578221,531.727 um_pwv,649.118 um_pwv,35.0,3.913 K,1.25124
20240403,021150.679200,022204.122931,613.443731,529.702 um_pwv,646.647 um_pwv,35.0,3.916 K,1.24645
20240403,022205.085925,023218.531905,613.44598,527.202 um_pwv,643.595 um_pwv,35.0,3.983 K,1.24055
20240403,023219.495167,024232.938298,613.443131,525.516 um_pwv,641.537 um_pwv,35.0,4.014 K,1.23656
20240403,024233.901244,025247.346274,613.44503,524.869 um_pwv,640.747 um_pwv,35.0,4.022 K,1.23503
20240403,025248.309588,025635.829971,227.520383,523.423 um_pwv,638.981 um_pwv,35.0,3.988 K,1.23161
20240403,030135.971605,031149.520446,613.548841,523.227 um_pwv,638.743 um_pwv,35.0,4.048 K,1.23115
20240403,031150.483699,032203.930094,613.446395,521.556 um_pwv,636.702 um_pwv,35.0,4.067 K,1.22720
20240403,032204.887551,033218.335332,613.447781,519.607 um_pwv,634.323 um_pwv,35.0,4.074 K,1.22259
20240403,033219.294631,034232.747837,613.453206,519.376 um_pwv,634.041 um_pwv,35.0,4.1 K,1.22205
20240403,034233.706524,035247.155342,613.448818,520.978 um_pwv,635.997 um_pwv,35.0,4.065 K,1.22584
20240403,035248.114358,035635.634288,227.51993,520.747 um_pwv,635.715 um_pwv,35.0,3.996 K,1.22529
20240403,050135.778994,051149.325318,613.546324,524.223 um_pwv,639.958 um_pwv,35.0,3.843 K,1.23351
20240403,051150.285931,052203.732540,613.446609,524.404 um_pwv,640.179 um_pwv,35.0,3.892 K,1.23393
20240403,052204.693883,053218.140515,613.446632,525.542 um_pwv,641.568 um_pwv,35.0,3.898 K,1.23662
20240403,053219.102004,054232.547456,613.445452,526.371 um_pwv,642.581 um_pwv,35.0,3.918 K,1.23858
20240403,054233.508981,055246.955030,613.446049,526.008 um_pwv,642.138 um_pwv,35.0,3.946 K,1.23773
20240403,055247.916561,055635.435636,227.519075,525.102 um_pwv,641.031 um_pwv,35.0,3.874 K,1.23558
20240403,060136.587554,061150.135502,613.547948,527.254 um_pwv,643.658 um_pwv,35.0,3.998 K,1.24067
20240403,061151.097165,062204.541979,613.444814,526.683 um_pwv,642.961 um_pwv,35.0,4.031 K,1.23932
20240403,062205.504399,063218.949523,613.445124,526.138 um_pwv,642.296 um_pwv,35.0,4.058 K,1.23803
20240403,063219.912004,064233.361215,613.449211,522.289 um_pwv,637.597 um_pwv,35.0,4.113 K,1.22893
20240403,064234.317652,065247.767192,613.44954,518.034 um_pwv,632.403 um_pwv,35.0,4.208 K,1.21888
20240403,065248.728931,065636.248138,227.519207,514.737 um_pwv,628.378 um_pwv,35.0,4.135 K,1.21109
20240403,070136.390890,071149.941900,613.55101,515.818 um_pwv,629.698 um_pwv,35.0,4.223 K,1.21364
20240403,071150.903760,072204.349525,613.445765,519.287 um_pwv,633.932 um_pwv,35.0,4.244 K,1.22184
20240403,072205.311418,073218.758154,613.446736,522.289 um_pwv,637.597 um_pwv,35.0,4.248 K,1.22893
20240403,073219.714408,074233.166983,613.452575,524.675 um_pwv,640.51 um_pwv,35.0,4.287 K,1.23457
20240403,074234.122669,075247.571781,613.449112,525.309 um_pwv,641.284 um_pwv,35.0,4.27 K,1.23607
20240403,075248.533574,075636.053226,227.519652,525.361 um_pwv,641.347 um_pwv,35.0,4.228 K,1.23619
20240403,090136.241043,091149.790593,613.54955,522.778 um_pwv,638.194 um_pwv,35.0,4.228 K,1.23009
20240403,091150.753205,092204.199590,613.446385,523.848 um_pwv,639.501 um_pwv,35.0,4.238 K,1.23262
20240403,092205.156679,093218.607553,613.450874,525.387 um_pwv,641.379 um_pwv,35.0,4.225 K,1.23626
20240403,093219.564475,094233.016193,613.451718,527.631 um_pwv,644.118 um_pwv,35.0,4.253 K,1.24156
20240403,094233.976708,095247.421160,613.444452,527.865 um_pwv,644.404 um_pwv,35.0,4.199 K,1.24211
20240403,095248.384420,095635.903242,227.518822,528.893 um_pwv,645.66 um_pwv,35.0,4.215 K,1.24454
20240403,100136.047661,101149.598564,613.550903,532.778 um_pwv,650.402 um_pwv,35.0,4.241 K,1.25372
20240403,101150.554876,102204.003932,613.449056,533.696 um_pwv,651.522 um_pwv,35.0,4.254 K,1.25589
20240403,102204.966839,103218.414085,613.447246,533.514 um_pwv,651.3 um_pwv,35.0,4.286 K,1.25546
20240403,103219.373677,104232.821552,613.447875,533.395 um_pwv,651.156 um_pwv,35.0,4.289 K,1.25518
20240403,104233.778746,105247.226679,613.447933,534.29 um_pwv,652.248 um_pwv,35.0,4.247 K,1.25730
20240403,105248.189649,105635.707492,227.517843,535.819 um_pwv,654.115 um_pwv,35.0,4.237 K,1.26091
20240403,110135.875800,111149.452093,613.576293,538.838 um_pwv,657.8 um_pwv,35.0,4.262 K,1.26805
20240403,111150.408157,112203.859829,613.451672,540.301 um_pwv,659.585 um_pwv,35.0,4.283 K,1.27150
20240403,112204.816963,113218.264016,613.447053,540.301 um_pwv,659.585 um_pwv,35.0,4.272 K,1.27150
20240403,113219.227347,114232.674006,613.446659,540.58 um_pwv,659.927 um_pwv,35.0,4.318 K,1.27216
20240403,114233.630899,115247.077549,613.44665,538.955 um_pwv,657.943 um_pwv,35.0,4.308 K,1.26832
20240403,115248.042104,115635.560734,227.51863,537.631 um_pwv,656.327 um_pwv,35.0,4.251 K,1.26519
20240403,130135.703559,131149.253023,613.549464,534.975 um_pwv,653.084 um_pwv,35.0,4.462 K,1.25892
20240403,131150.214292,132203.661588,613.447296,535.45 um_pwv,653.663 um_pwv,35.0,4.494 K,1.26004
20240403,132204.617943,133218.067659,613.449716,534.119 um_pwv,652.039 um_pwv,35.0,4.522 K,1.25689
20240403,133219.029435,134232.475625,613.44619,531.808 um_pwv,649.217 um_pwv,35.0,4.585 K,1.25143
20240403,134233.437742,135246.882966,613.445224,530.094 um_pwv,647.125 um_pwv,35.0,4.618 K,1.24738
20240403,135247.844586,135635.363322,227.518736,527.787 um_pwv,644.309 um_pwv,35.0,4.585 K,1.24193
20240403,140136.524503,141150.066239,613.541736,525.335 um_pwv,641.315 um_pwv,35.0,4.643 K,1.23613
20240403,141151.027066,142204.471999,613.444933,524.43 um_pwv,640.21 um_pwv,35.0,4.638 K,1.23399
20240403,142205.434104,143218.880866,613.446762,522.984 um_pwv,638.446 um_pwv,35.0,4.623 K,1.23058
20240403,143219.837587,144233.286149,613.448562,520.326 um_pwv,635.201 um_pwv,35.0,4.623 K,1.22430
20240403,144234.248718,145247.696415,613.447697,517.358 um_pwv,631.578 um_pwv,35.0,4.567 K,1.21728
20240403,145248.653077,145636.177006,227.523929,512.803 um_pwv,626.017 um_pwv,35.0,4.53 K,1.20651
20240403,150136.320240,151149.871508,613.551268,510.836 um_pwv,623.615 um_pwv,35.0,4.491 K,1.20187
20240403,151150.827625,152204.278184,613.450559,509.24 um_pwv,621.667 um_pwv,35.0,4.435 K,1.19809
20240403,152205.239864,153218.695843,613.455979,506.962 um_pwv,618.886 um_pwv,35.0,4.401 K,1.19271
20240403,153219.646870,154233.091478,613.444608,505.764 um_pwv,617.424 um_pwv,35.0,4.418 K,1.18988
20240403,154234.054057,155247.502059,613.448002,504.309 um_pwv,615.647 um_pwv,35.0,4.463 K,1.18644
20240403,155248.458080,155635.981505,227.523425,501.793 um_pwv,612.576 um_pwv,35.0,4.391 K,1.18049
20240403,170136.133861,171149.672714,613.538853,500.818 um_pwv,611.386 um_pwv,35.0,4.395 K,1.17819
20240403,171150.628696,172204.078259,613.449563,501.163 um_pwv,611.807 um_pwv,35.0,4.384 K,1.17900
20240403,172205.041557,173218.487465,613.445908,500.483 um_pwv,610.977 um_pwv,35.0,4.366 K,1.17740
20240403,173219.444341,174232.894681,613.45034,499.512 um_pwv,609.791 um_pwv,35.0,4.449 K,1.17510
20240403,174233.851601,175247.303440,613.451839,497.51 um_pwv,607.348 um_pwv,35.0,4.426 K,1.17037
20240403,175248.261168,175635.782829,227.521661,494.2 um_pwv,603.307 um_pwv,35.0,4.423 K,1.16255
20240403,180135.927869,181149.478392,613.550523,492.584 um_pwv,601.334 um_pwv,35.0,4.402 K,1.15873
20240403,181150.434738,182203.883775,613.449037,489.415 um_pwv,597.466 um_pwv,35.0,4.448 K,1.15124
20240403,182204.846495,183218.289404,613.442909,487.19 um_pwv,594.75 um_pwv,35.0,4.417 K,1.14598
20240403,183219.253305,184232.701069,613.447764,485.213 um_pwv,592.336 um_pwv,35.0,4.404 K,1.14131
20240403,184233.658286,185247.106191,613.447905,483.985 um_pwv,590.837 um_pwv,35.0,4.431 K,1.13840
20240403,185248.069135,185635.587458,227.518323,481.678 um_pwv,588.021 um_pwv,35.0,4.385 K,1.13295
20240403,190135.731667,191149.282830,613.551163,481.322 um_pwv,587.586 um_pwv,35.0,4.4 K,1.13211
20240403,191150.239101,192203.689993,613.450892,479.394 um_pwv,585.232 um_pwv,35.0,4.395 K,1.12755
20240403,192204.646885,193218.099301,613.452416,480.375 um_pwv,586.43 um_pwv,35.0,4.395 K,1.12987
20240403,193219.058310,194232.506233,613.447923,479.524 um_pwv,585.391 um_pwv,35.0,4.394 K,1.12786
20240403,194233.465238,195246.913853,613.448615,478.887 um_pwv,584.613 um_pwv,35.0,4.362 K,1.12635
20240403,195247.871081,195635.392588,227.521507,477.921 um_pwv,583.433 um_pwv,35.0,4.331 K,1.12407
20240403,210136.541134,211150.092698,613.551564,474.297 um_pwv,579.009 um_pwv,35.0,4.492 K,1.11551
20240403,211151.048788,212204.498226,613.449438,474.999 um_pwv,579.867 um_pwv,35.0,4.48 K,1.11717
20240403,212205.460350,213218.904210,613.44386,474.648 um_pwv,579.438 um_pwv,35.0,4.457 K,1.11634
20240403,213219.865936,214233.312758,613.446822,475.245 um_pwv,580.167 um_pwv,35.0,4.425 K,1.11775
20240403,214234.275170,215247.720400,613.44523,477.144 um_pwv,582.486 um_pwv,35.0,4.38 K,1.12224
20240403,215248.683151,215636.201485,227.518334,476.851 um_pwv,582.127 um_pwv,35.0,4.359 K,1.12154
20240403,220136.394588,221149.944279,613.549691,481.085 um_pwv,587.297 um_pwv,35.0,4.425 K,1.13155
20240403,221150.905565,222204.352385,613.44682,482.581 um_pwv,589.122 um_pwv,35.0,4.344 K,1.13509
20240403,222205.314076,223218.760705,613.446629,485.406 um_pwv,592.571 um_pwv,35.0,4.306 K,1.14176
20240403,223219.716372,224233.165629,613.449257,487.226 um_pwv,594.794 um_pwv,35.0,4.316 K,1.14607
20240403,224234.127407,225247.576060,613.448653,487.382 um_pwv,594.984 um_pwv,35.0,4.341 K,1.14643
20240403,225248.532323,225636.055481,227.523158,486.088 um_pwv,593.403 um_pwv,35.0,4.26 K,1.14337
20240404,010136.064197,011149.599103,613.534906,495.82 um_pwv,605.285 um_pwv,35.0,4.292 K,1.16638
20240404,011150.560955,012204.004888,613.443933,497.057 um_pwv,606.794 um_pwv,35.0,4.289 K,1.16930
20240404,012204.967855,013218.420439,613.452584,496.849 um_pwv,606.54 um_pwv,35.0,4.288 K,1.16881
20240404,013219.371613,014232.821725,613.450112,498.541 um_pwv,608.606 um_pwv,35.0,4.268 K,1.17281
20240404,014233.778627,015247.232507,613.45388,498.627 um_pwv,608.711 um_pwv,35.0,4.297 K,1.17301
20240404,015248.186983,015635.710002,227.523019,496.567 um_pwv,606.197 um_pwv,35.0,4.291 K,1.16814
20240404,020135.867266,021149.404075,613.536809,497.522 um_pwv,607.363 um_pwv,35.0,4.307 K,1.17040
20240404,021150.365802,022203.811962,613.44616,498.983 um_pwv,609.146 um_pwv,35.0,4.349 K,1.17385
20240404,022204.769785,023218.221420,613.451635,500.99 um_pwv,611.596 um_pwv,35.0,4.353 K,1.17860
20240404,023219.179632,024232.626970,613.447338,501.176 um_pwv,611.822 um_pwv,35.0,4.348 K,1.17903
20240404,024233.583900,025247.033299,613.449399,499.733 um_pwv,610.062 um_pwv,35.0,4.395 K,1.17563
20240404,025247.996597,025635.514612,227.518015,496.115 um_pwv,605.645 um_pwv,35.0,4.364 K,1.16707
20240404,030135.670273,031149.210054,613.539781,495.859 um_pwv,605.331 um_pwv,35.0,4.41 K,1.16647
20240404,031150.167648,032203.618013,613.450365,494.078 um_pwv,603.158 um_pwv,35.0,4.47 K,1.16226
20240404,032204.578149,033218.024581,613.446432,492.995 um_pwv,601.836 um_pwv,35.0,4.496 K,1.15970
20240404,033218.981778,034232.430893,613.449115,492.05 um_pwv,600.683 um_pwv,35.0,4.521 K,1.15747
20240404,034233.393853,035246.838126,613.444273,489.488 um_pwv,597.554 um_pwv,35.0,4.542 K,1.15141
20240404,035247.801728,035635.319057,227.517329,486.04 um_pwv,593.345 um_pwv,35.0,4.56 K,1.14326
20240404,050136.515718,051150.067015,613.551297,485.477 um_pwv,592.659 um_pwv,35.0,4.589 K,1.14193
20240404,051151.028356,052204.475211,613.446855,485.131 um_pwv,592.235 um_pwv,35.0,4.614 K,1.14111
20240404,052205.436713,053218.880159,613.443446,484.414 um_pwv,591.361 um_pwv,35.0,4.65 K,1.13942
20240404,053219.842768,054233.291892,613.449124,480.612 um_pwv,586.719 um_pwv,35.0,4.655 K,1.13043
20240404,054234.253700,055247.695388,613.441688,477.909 um_pwv,583.419 um_pwv,35.0,4.719 K,1.12404
20240404,055248.658717,055636.177471,227.518754,473.807 um_pwv,578.412 um_pwv,35.0,4.657 K,1.11435
20240404,060136.321832,061149.873933,613.552101,469.66 um_pwv,573.349 um_pwv,35.0,4.83 K,1.10455
20240404,061150.829397,062204.281803,613.452406,465.859 um_pwv,568.709 um_pwv,35.0,4.887 K,1.09556
20240404,062205.238388,063218.688970,613.450582,462.453 um_pwv,564.551 um_pwv,35.0,4.968 K,1.08751
20240404,063219.644894,064233.096617,613.451723,458.982 um_pwv,560.313 um_pwv,35.0,5 K,1.07931
20240404,064234.053263,065247.503343,613.45008,457.335 um_pwv,558.303 um_pwv,35.0,4.984 K,1.07542
20240404,065248.464684,065635.984025,227.519341,455.111 um_pwv,555.588 um_pwv,35.0,4.981 K,1.07016
20240404,070136.126043,071149.678564,613.552521,456.053 um_pwv,556.738 um_pwv,35.0,4.898 K,1.07239
20240404,071150.639618,072204.084336,613.444718,457.087 um_pwv,558 um_pwv,35.0,4.856 K,1.07483
20240404,072205.046371,073218.495042,613.448671,458.665 um_pwv,559.927 um_pwv,35.0,4.844 K,1.07856
20240404,073219.452013,074232.899532,613.447519,460.249 um_pwv,561.861 um_pwv,35.0,4.821 K,1.08231
20240404,074233.861311,075247.310292,613.448981,460.34 um_pwv,561.971 um_pwv,35.0,4.793 K,1.08252
20240404,075248.267193,075635.788182,227.520989,459.706 um_pwv,561.197 um_pwv,35.0,4.787 K,1.08102
20240404,090135.976974,091149.524816,613.547842,455.873 um_pwv,556.519 um_pwv,35.0,4.834 K,1.07196
20240404,091150.488100,092203.936447,613.448347,455.626 um_pwv,556.217 um_pwv,35.0,4.824 K,1.07138
20240404,092204.894553,093218.344673,613.45012,455.391 um_pwv,555.93 um_pwv,35.0,4.844 K,1.07082
20240404,093219.303088,094232.747732,613.444644,454.864 um_pwv,555.287 um_pwv,35.0,4.793 K,1.06958
20240404,094233.710393,095247.156460,613.446067,454.887 um_pwv,555.314 um_pwv,35.0,4.796 K,1.06963
20240404,095248.120024,095635.638248,227.518224,453.388 um_pwv,553.485 um_pwv,35.0,4.753 K,1.06609
20240404,100135.753876,101149.333858,613.579982,451.761 um_pwv,551.499 um_pwv,35.0,4.813 K,1.06224
20240404,101150.290199,102203.741322,613.451123,450.008 um_pwv,549.358 um_pwv,35.0,4.812 K,1.05810
20240404,102204.699419,103218.148384,613.448965,449.808 um_pwv,549.114 um_pwv,35.0,4.847 K,1.05763
20240404,103219.105266,104232.556200,613.450934,449.543 um_pwv,548.79 um_pwv,35.0,4.81 K,1.05700
20240404,104233.515801,105246.962407,613.446606,450.384 um_pwv,549.818 um_pwv,35.0,4.856 K,1.05899
20240404,105247.919675,105635.442769,227.523094,449.255 um_pwv,548.439 um_pwv,35.0,4.812 K,1.05632
20240404,110136.548113,111150.098139,613.550026,451.239 um_pwv,550.861 um_pwv,35.0,4.807 K,1.06101
20240404,111151.055705,112204.506994,613.451289,450.873 um_pwv,550.414 um_pwv,35.0,4.8 K,1.06014
20240404,112205.466009,113218.914277,613.448268,450.828 um_pwv,550.36 um_pwv,35.0,4.795 K,1.06004
20240404,113219.871555,114233.319894,613.448339,449.653 um_pwv,548.925 um_pwv,35.0,4.778 K,1.05726
20240404,114234.277096,115247.728001,613.450905,449.034 um_pwv,548.169 um_pwv,35.0,4.784 K,1.05580
20240404,115248.684892,115636.209072,227.52418,447.775 um_pwv,546.633 um_pwv,35.0,4.764 K,1.05282
20240404,130136.371629,131149.948517,613.576888,443.649 um_pwv,541.596 um_pwv,35.0,4.825 K,1.04307
20240404,131150.903719,132204.355354,613.451635,442.602 um_pwv,540.318 um_pwv,35.0,4.814 K,1.04060
20240404,132205.311937,133218.759145,613.447208,441.329 um_pwv,538.764 um_pwv,35.0,4.808 K,1.03759
20240404,133219.722803,134233.170437,613.447634,439.919 um_pwv,537.042 um_pwv,35.0,4.79 K,1.03426
20240404,134234.126809,135247.577920,613.451111,438.524 um_pwv,535.339 um_pwv,35.0,4.785 K,1.03096
20240404,135248.539374,135636.058757,227.519383,437.339 um_pwv,533.892 um_pwv,35.0,4.738 K,1.02816
20240404,140136.153269,141149.702760,613.549491,438.524 um_pwv,535.339 um_pwv,35.0,4.854 K,1.03096
20240404,141150.664063,142204.110589,613.446526,437.048 um_pwv,533.537 um_pwv,35.0,4.829 K,1.02747
20240404,142205.066871,143218.515827,613.448956,436.779 um_pwv,533.209 um_pwv,35.0,4.867 K,1.02683
20240404,143219.477849,144232.928519,613.45067,435.684 um_pwv,531.872 um_pwv,35.0,4.858 K,1.02424
20240404,144233.886048,145247.335756,613.449708,434.292 um_pwv,530.173 um_pwv,35.0,4.912 K,1.02096
20240404,145248.293935,145635.814088,227.520153,431.734 um_pwv,527.05 um_pwv,35.0,4.901 K,1.01491
20240404,150135.957694,151149.504547,613.546853,431.925 um_pwv,527.283 um_pwv,35.0,4.949 K,1.01536
20240404,151150.466749,152203.915686,613.448937,432.564 um_pwv,528.063 um_pwv,35.0,4.9 K,1.01687
20240404,152204.877747,153218.327458,613.449711,430.429 um_pwv,525.457 um_pwv,35.0,4.901 K,1.01182
20240404,153219.284898,154232.730355,613.445457,429.72 um_pwv,524.591 um_pwv,35.0,4.869 K,1.01015
20240404,154233.692463,155247.138671,613.446208,429.847 um_pwv,524.746 um_pwv,35.0,4.891 K,1.01045
20240404,155248.100122,155635.618887,227.518765,429.212 um_pwv,523.971 um_pwv,35.0,4.879 K,1.00895
20240404,170135.780759,171149.357016,613.576257,426.18 um_pwv,520.27 um_pwv,35.0,4.942 K,1.00178
20240404,171150.319135,172203.766824,613.447689,424.756 um_pwv,518.532 um_pwv,35.0,4.998 K,0.998417
20240404,172204.725277,173218.170372,613.445095,423.65 um_pwv,517.181 um_pwv,35.0,4.954 K,0.995802
20240404,173219.130584,174232.582329,613.451745,423.817 um_pwv,517.384 um_pwv,35.0,4.915 K,0.996196
20240404,174233.540119,175246.989294,613.449175,422.587 um_pwv,515.884 um_pwv,35.0,4.96 K,0.993291
20240404,175247.946233,175635.468181,227.521948,420.678 um_pwv,513.553 um_pwv,35.0,4.894 K,0.988779
20240404,180136.573467,181150.121273,613.547806,422.172 um_pwv,515.376 um_pwv,35.0,4.951 K,0.992308
20240404,181151.084280,182204.532196,613.447916,421.092 um_pwv,514.059 um_pwv,35.0,4.905 K,0.989758
20240404,182205.491941,183218.939743,613.447802,420.264 um_pwv,513.048 um_pwv,35.0,4.879 K,0.987800
20240404,183219.899145,184233.348002,613.448857,418.819 um_pwv,511.283 um_pwv,35.0,4.876 K,0.984384
20240404,184234.305170,185247.752952,613.447782,416.927 um_pwv,508.973 um_pwv,35.0,4.856 K,0.979911
20240404,185248.716224,185636.232835,227.516611,415.984 um_pwv,507.822 um_pwv,35.0,4.876 K,0.977683
20240404,190136.391905,191149.928962,613.537057,415.984 um_pwv,507.822 um_pwv,35.0,4.895 K,0.977683
20240404,191150.884943,192204.332814,613.447871,414.635 um_pwv,506.175 um_pwv,35.0,4.886 K,0.974494
20240404,192205.295799,193218.745604,613.449805,413.249 um_pwv,504.484 um_pwv,35.0,4.895 K,0.971220
20240404,193219.703803,194233.150467,613.446664,412.173 um_pwv,503.17 um_pwv,35.0,4.877 K,0.968676
20240404,194234.113129,195247.558736,613.445607,410.291 um_pwv,500.872 um_pwv,35.0,4.827 K,0.964227
20240404,195248.521382,195636.039422,227.51804,408.477 um_pwv,498.659 um_pwv,35.0,4.818 K,0.959941
20240404,210136.275701,211149.828845,613.553144,404.556 um_pwv,493.872 um_pwv,35.0,4.833 K,0.950674
20240404,211150.784598,212204.233021,613.448423,404.995 um_pwv,494.407 um_pwv,35.0,4.85 K,0.951710
20240404,212205.195727,213218.643221,613.447494,405.274 um_pwv,494.748 um_pwv,35.0,4.816 K,0.952369
20240404,213219.599644,214233.052064,613.45242,405.114 um_pwv,494.553 um_pwv,35.0,4.837 K,0.951992
20240404,214234.008983,215247.455207,613.446224,405.214 um_pwv,494.675 um_pwv,35.0,4.82 K,0.952228
20240404,215248.417010,215635.937899,227.520889,403.403 um_pwv,492.464 um_pwv,35.0,4.815 K,0.947949
20240404,220136.152870,221149.728658,613.575788,402.254 um_pwv,491.061 um_pwv,35.0,4.791 K,0.945231
20240404,221150.689692,222204.135172,613.44548,402.61 um_pwv,491.496 um_pwv,35.0,4.828 K,0.946074
20240404,222205.096662,223218.540041,613.443379,400.713 um_pwv,489.18 um_pwv,35.0,4.845 K,0.941589
20240404,223219.499845,224232.947541,613.447696,398.981 um_pwv,487.066 um_pwv,35.0,4.792 K,0.937497
20240404,224233.909898,225247.360143,613.450245,399.63 um_pwv,487.858 um_pwv,35.0,4.85 K,0.939029
20240404,225248.315884,225635.838234,227.52235,398.236 um_pwv,486.156 um_pwv,35.0,4.817 K,0.935735
20240405,010135.834615,011149.381582,613.546967,394.996 um_pwv,482.202 um_pwv,35.0,4.749 K,0.928079
20240405,011150.343640,012203.790331,613.446691,394.841 um_pwv,482.012 um_pwv,35.0,4.83 K,0.927711
20240405,012204.747807,013218.197181,613.449374,392.806 um_pwv,479.528 um_pwv,35.0,4.799 K,0.922902
20240405,013219.154016,014232.601743,613.447727,392.439 um_pwv,479.08 um_pwv,35.0,4.769 K,0.922035
20240405,014233.565027,015247.010709,613.445682,392.98 um_pwv,479.74 um_pwv,35.0,4.772 K,0.923314
20240405,015247.973354,015635.493780,227.520426,392.826 um_pwv,479.552 um_pwv,35.0,4.724 K,0.922948
20240405,020135.636640,021149.232615,613.595975,394.181 um_pwv,481.206 um_pwv,35.0,4.732 K,0.926151
20240405,021150.195287,022203.639894,613.444607,394.53 um_pwv,481.632 um_pwv,35.0,4.746 K,0.926977
20240405,022204.602826,023218.048147,613.445321,394.608 um_pwv,481.727 um_pwv,35.0,4.779 K,0.927160
20240405,023219.011724,024232.459092,613.447368,393.212 um_pwv,480.024 um_pwv,35.0,4.776 K,0.923862
20240405,024233.415961,025246.865368,613.449407,392.131 um_pwv,478.703 um_pwv,35.0,4.766 K,0.921305
20240405,025247.823200,025635.346561,227.523361,391.283 um_pwv,477.668 um_pwv,35.0,4.717 K,0.919301
20240405,030136.448429,031149.998527,613.550098,392.266 um_pwv,478.868 um_pwv,35.0,4.753 K,0.921624
20240405,031150.960336,032204.408082,613.447746,391.591 um_pwv,478.044 um_pwv,35.0,4.795 K,0.920029
20240405,032205.367444,033218.812929,613.445485,391.398 um_pwv,477.809 um_pwv,35.0,4.752 K,0.919574
20240405,033219.775914,034233.223023,613.447109,390.782 um_pwv,477.057 um_pwv,35.0,4.744 K,0.918119
20240405,034234.179935,035247.626549,613.446614,390.667 um_pwv,476.916 um_pwv,35.0,4.752 K,0.917846
20240405,035248.590072,035636.110097,227.520025,389.018 um_pwv,474.903 um_pwv,35.0,4.724 K,0.913947
20240405,050136.264952,051149.845016,613.580064,386.157 um_pwv,471.411 um_pwv,35.0,4.666 K,0.907187
20240405,051150.805995,052204.254097,613.448102,385.74 um_pwv,470.901 um_pwv,35.0,4.652 K,0.906200
20240405,052205.215909,053218.669015,613.453106,385.512 um_pwv,470.623 um_pwv,35.0,4.656 K,0.905662
20240405,053219.619326,054233.066468,613.447142,385.531 um_pwv,470.646 um_pwv,35.0,4.656 K,0.905706
20240405,054234.028619,055247.478221,613.449602,384.508 um_pwv,469.398 um_pwv,35.0,4.651 K,0.903289
20240405,055248.434603,055635.956472,227.521869,382.904 um_pwv,467.439 um_pwv,35.0,4.621 K,0.899497
20240405,060136.053306,061149.651627,613.598321,382.791 um_pwv,467.301 um_pwv,35.0,4.706 K,0.899230
20240405,061150.608556,062204.058288,613.449732,382.076 um_pwv,466.428 um_pwv,35.0,4.705 K,0.897540
20240405,062205.015513,063218.464850,613.449337,382.151 um_pwv,466.52 um_pwv,35.0,4.695 K,0.897718
20240405,063219.426876,064232.870213,613.443337,381.25 um_pwv,465.42 um_pwv,35.0,4.713 K,0.895587
20240405,064233.831740,065247.279664,613.447924,380.744 um_pwv,464.802 um_pwv,35.0,4.749 K,0.894391
20240405,065248.241655,065635.761637,227.519982,378.95 um_pwv,462.612 um_pwv,35.0,4.711 K,0.890152
20240405,070135.880731,071149.503141,613.62241,380.014 um_pwv,463.911 um_pwv,35.0,4.729 K,0.892667
20240405,071150.463780,072203.908476,613.444696,378.931 um_pwv,462.59 um_pwv,35.0,4.725 K,0.890108
20240405,072204.869816,073218.319826,613.45001,378.969 um_pwv,462.635 um_pwv,35.0,4.671 K,0.890196
20240405,073219.275299,074232.725588,613.450289,379.939 um_pwv,463.82 um_pwv,35.0,4.711 K,0.892490
20240405,074233.687540,075247.133031,613.445491,379.23 um_pwv,462.954 um_pwv,35.0,4.671 K,0.890813
20240405,075248.094849,075635.614584,227.519735,378.596 um_pwv,462.18 um_pwv,35.0,4.627 K,0.889315
20240405,090135.704785,091149.255428,613.550643,376.294 um_pwv,459.37 um_pwv,35.0,4.639 K,0.883874
20240405,091150.211427,092204.667639,614.456212,375.998 um_pwv,459.008 um_pwv,35.0,4.645 K,0.883174
20240405,092205.630922,093219.077023,613.446101,376.775 um_pwv,459.958 um_pwv,35.0,4.651 K,0.885012
20240405,093220.039930,094233.487162,613.447232,377.74 um_pwv,461.136 um_pwv,35.0,4.686 K,0.887293
20240405,094234.444590,095247.893302,613.448712,378.112 um_pwv,461.59 um_pwv,35.0,4.684 K,0.888171
20240405,095248.850078,095635.412799,226.562721,376.331 um_pwv,459.415 um_pwv,35.0,4.638 K,0.883961
20240405,100136.516342,101150.063972,613.54763,376.072 um_pwv,459.099 um_pwv,35.0,4.643 K,0.883349
20240405,101151.026989,102204.474546,613.447557,375.296 um_pwv,458.151 um_pwv,35.0,4.699 K,0.881514
20240405,102205.432364,103218.889307,613.456943,374.89 um_pwv,457.656 um_pwv,35.0,4.727 K,0.880555
20240405,103219.842269,104233.290494,613.448225,375.259 um_pwv,458.106 um_pwv,35.0,4.723 K,0.881427
20240405,104234.248014,105247.697787,613.449773,376.479 um_pwv,459.596 um_pwv,35.0,4.694 K,0.884311
20240405,105248.654678,105636.178357,227.523679,375.332 um_pwv,458.196 um_pwv,35.0,4.67 K,0.881602
20240405,110136.320714,111149.868457,613.547743,376.035 um_pwv,459.054 um_pwv,35.0,4.719 K,0.883261
20240405,111150.830240,112204.275412,613.445172,376.553 um_pwv,459.686 um_pwv,35.0,4.725 K,0.884486
20240405,112205.239511,113218.686912,613.447401,377.295 um_pwv,460.592 um_pwv,35.0,4.739 K,0.886239
20240405,113219.644102,114233.094669,613.450567,375.425 um_pwv,458.309 um_pwv,35.0,4.733 K,0.881820
20240405,114234.052458,115247.499787,613.447329,372.427 um_pwv,454.649 um_pwv,35.0,4.708 K,0.874734
20240405,115248.463048,115635.980812,227.517764,370.163 um_pwv,451.885 um_pwv,35.0,4.666 K,0.869382
20240405,130136.145471,131149.720375,613.574904,363.166 um_pwv,443.344 um_pwv,35.0,4.598 K,0.852846
20240405,131150.675515,132204.127876,613.452361,360.533 um_pwv,440.129 um_pwv,35.0,4.575 K,0.846621
20240405,132205.083903,133218.532869,613.448966,359.612 um_pwv,439.005 um_pwv,35.0,4.58 K,0.844445
20240405,133219.494620,134232.940131,613.445511,359.966 um_pwv,439.437 um_pwv,35.0,4.604 K,0.845281
20240405,134233.903131,135247.346584,613.443453,360.001 um_pwv,439.48 um_pwv,35.0,4.588 K,0.845365
20240405,135248.308669,135635.827715,227.519046,358.165 um_pwv,437.239 um_pwv,35.0,4.515 K,0.841025
20240405,140135.926066,141149.471234,613.545168,359.152 um_pwv,438.444 um_pwv,35.0,4.546 K,0.843359
20240405,141150.432238,142203.880906,613.448668,358.729 um_pwv,437.927 um_pwv,35.0,4.568 K,0.842358
20240405,142204.843070,143218.288724,613.445654,358.094 um_pwv,437.153 um_pwv,35.0,4.555 K,0.840858
20240405,143219.251089,144232.698513,613.447424,357.918 um_pwv,436.938 um_pwv,35.0,4.509 K,0.840442
20240405,144233.654794,145247.102068,613.447274,358.676 um_pwv,437.862 um_pwv,35.0,4.573 K,0.842233
20240405,145248.064525,145635.584919,227.520394,357.356 um_pwv,436.251 um_pwv,35.0,4.52 K,0.839112
20240405,150135.734517,151149.276940,613.542423,358.976 um_pwv,438.229 um_pwv,35.0,4.531 K,0.842942
20240405,151150.235772,152203.687127,613.451355,360.391 um_pwv,439.956 um_pwv,35.0,4.524 K,0.846286
20240405,152204.644050,153218.091170,613.44712,360.852 um_pwv,440.519 um_pwv,35.0,4.535 K,0.847376
20240405,153219.052916,154232.500517,613.447601,360.214 um_pwv,439.74 um_pwv,35.0,4.529 K,0.845867
20240405,154233.463001,155246.909933,613.446932,359.364 um_pwv,438.703 um_pwv,35.0,4.524 K,0.843860
20240405,155247.866272,155635.387899,227.521627,358.059 um_pwv,437.11 um_pwv,35.0,4.495 K,0.840775
20240405,170136.553130,171150.134864,613.581734,358.623 um_pwv,437.798 um_pwv,35.0,4.569 K,0.842108
20240405,171151.096692,172204.541041,613.444349,359.524 um_pwv,438.897 um_pwv,35.0,4.53 K,0.844236
20240405,172205.504000,173218.949631,613.445631,359.753 um_pwv,439.178 um_pwv,35.0,4.539 K,0.844779
20240405,173219.912301,174233.355534,613.443233,359.258 um_pwv,438.574 um_pwv,35.0,4.594 K,0.843609
20240405,174234.317968,175247.764100,613.446132,357.918 um_pwv,436.938 um_pwv,35.0,4.541 K,0.840442
20240405,175248.726948,175636.245088,227.51814,356.899 um_pwv,435.693 um_pwv,35.0,4.517 K,0.838033
20240405,180136.388659,181149.937976,613.549317,357.233 um_pwv,436.101 um_pwv,35.0,4.518 K,0.838821
20240405,181150.900348,182204.344945,613.444597,357.145 um_pwv,435.993 um_pwv,35.0,4.506 K,0.838614
20240405,182205.303328,183218.757238,613.45391,357.215 um_pwv,436.079 um_pwv,35.0,4.561 K,0.838780
20240405,183219.715054,184233.162138,613.447084,356.724 um_pwv,435.479 um_pwv,35.0,4.514 K,0.837618
20240405,184234.119062,185247.570964,613.451902,357.004 um_pwv,435.822 um_pwv,35.0,4.57 K,0.838282
20240405,185248.527844,185636.050056,227.522212,355.358 um_pwv,433.812 um_pwv,35.0,4.57 K,0.834391
20240405,190136.193901,191149.791857,613.597956,355.044 um_pwv,433.428 um_pwv,35.0,4.59 K,0.833648
20240405,191150.749088,192204.199655,613.450567,355.393 um_pwv,433.855 um_pwv,35.0,4.583 K,0.834473
20240405,192205.159178,193218.606673,613.447495,356.408 um_pwv,435.094 um_pwv,35.0,4.574 K,0.836872
20240405,193219.564123,194233.012086,613.447963,356.583 um_pwv,435.308 um_pwv,35.0,4.578 K,0.837287
20240405,194233.974742,195247.418342,613.4436,357.549 um_pwv,436.487 um_pwv,35.0,4.62 K,0.839569
20240405,195248.381949,195635.901237,227.519288,356.338 um_pwv,435.008 um_pwv,35.0,4.55 K,0.836707
20240405,210135.999484,211149.541881,613.542397,350.258 um_pwv,427.586 um_pwv,35.0,4.562 K,0.822337
20240405,211150.502565,212203.951556,613.448991,349.725 um_pwv,426.935 um_pwv,35.0,4.537 K,0.821076
20240405,212204.909528,213218.356049,613.446521,349.467 um_pwv,426.621 um_pwv,35.0,4.529 K,0.820467
20240405,213219.317799,214232.763220,613.445421,348.575 um_pwv,425.531 um_pwv,35.0,4.477 K,0.818358
20240405,214233.725297,215247.170011,613.444714,348.301 um_pwv,425.197 um_pwv,35.0,4.532 K,0.817710
20240405,215248.131834,215635.650901,227.519067,346.422 um_pwv,422.903 um_pwv,35.0,4.419 K,0.813270
20240405,220135.795406,221149.346716,613.55131,347.668 um_pwv,424.424 um_pwv,35.0,4.52 K,0.816214
20240405,221150.307409,222203.754472,613.447063,348.746 um_pwv,425.741 um_pwv,35.0,4.543 K,0.818763
20240405,222204.711206,223218.161767,613.450561,349.295 um_pwv,426.411 um_pwv,35.0,4.564 K,0.820061
20240405,223219.117713,224232.564593,613.44688,348.438 um_pwv,425.364 um_pwv,35.0,4.569 K,0.818034
20240405,224233.526052,225246.977335,613.451283,347.548 um_pwv,424.278 um_pwv,35.0,4.534 K,0.815931
20240405,225247.933371,225635.454871,227.5215,346.797 um_pwv,423.361 um_pwv,35.0,4.521 K,0.814156
20240406,010136.465914,011150.007563,613.541649,348.746 um_pwv,425.741 um_pwv,35.0,4.565 K,0.818763
20240406,011150.964154,012204.409428,613.445274,348.746 um_pwv,425.741 um_pwv,35.0,4.569 K,0.818763
20240406,012205.372681,013218.826380,613.453699,347.89 um_pwv,424.695 um_pwv,35.0,4.586 K,0.816739
20240406,013219.777474,014233.225336,613.447862,347.377 um_pwv,424.069 um_pwv,35.0,4.604 K,0.815527
20240406,014234.188301,015247.632720,613.444419,346.695 um_pwv,423.236 um_pwv,35.0,4.584 K,0.813914
20240406,015248.595826,015636.116869,227.521043,345.98 um_pwv,422.363 um_pwv,35.0,4.538 K,0.812224
20240406,020136.261629,021149.807086,613.545457,347.753 um_pwv,424.528 um_pwv,35.0,4.555 K,0.816416
20240406,021150.769738,022204.217630,613.447892,348.815 um_pwv,425.824 um_pwv,35.0,4.613 K,0.818925
20240406,022205.174451,023218.625981,613.45153,349.57 um_pwv,426.746 um_pwv,35.0,4.724 K,0.820710
20240406,023219.583147,024233.032001,613.448854,348.918 um_pwv,425.95 um_pwv,35.0,4.662 K,0.819168
20240406,024233.994674,025247.440420,613.445746,348.883 um_pwv,425.908 um_pwv,35.0,4.626 K,0.819087
20240406,025248.397305,025635.919922,227.522617,348.438 um_pwv,425.364 um_pwv,35.0,4.637 K,0.818034
20240406,030136.063728,031149.610722,613.546994,348.986 um_pwv,426.034 um_pwv,35.0,4.661 K,0.819330
20240406,031150.573735,032204.022267,613.448532,350.362 um_pwv,427.713 um_pwv,35.0,4.693 K,0.822581
20240406,032204.981837,033218.434761,613.452924,351.328 um_pwv,428.892 um_pwv,35.0,4.721 K,0.824864
20240406,033219.385929,034232.837288,613.451359,350.706 um_pwv,428.133 um_pwv,35.0,4.657 K,0.823396
20240406,034233.794449,035247.244136,613.449687,350.741 um_pwv,428.175 um_pwv,35.0,4.745 K,0.823477
20240406,035248.200973,035635.723423,227.52245,349.124 um_pwv,426.201 um_pwv,35.0,4.647 K,0.819655
20240406,050135.885724,051149.458819,613.573095,348.027 um_pwv,424.862 um_pwv,35.0,4.591 K,0.817063
20240406,051150.420661,052203.866767,613.446106,349.914 um_pwv,427.166 um_pwv,35.0,4.64 K,0.821523
20240406,052204.828825,053218.273758,613.444933,350.568 um_pwv,427.965 um_pwv,35.0,4.63 K,0.823070
20240406,053219.233928,054232.683314,613.449386,351.086 um_pwv,428.597 um_pwv,35.0,4.577 K,0.824293
20240406,054233.644777,055247.090873,613.446096,351.155 um_pwv,428.681 um_pwv,35.0,4.562 K,0.824456
20240406,055248.052987,055635.572449,227.519462,348.952 um_pwv,425.992 um_pwv,35.0,4.524 K,0.819249
20240406,060135.678216,061149.215162,613.536946,350.603 um_pwv,428.007 um_pwv,35.0,4.474 K,0.823151
20240406,061150.176421,062203.622128,613.445707,353.546 um_pwv,431.599 um_pwv,35.0,4.457 K,0.830107
20240406,062204.584737,063218.034309,613.449572,356.233 um_pwv,434.88 um_pwv,35.0,4.416 K,0.836458
20240406,063218.990606,064232.442409,613.451803,357.707 um_pwv,436.68 um_pwv,35.0,4.362 K,0.839943
20240406,064233.399374,065246.848717,613.449343,360.355 um_pwv,439.913 um_pwv,35.0,4.392 K,0.846202
20240406,065247.810199,065635.329572,227.519373,359.789 um_pwv,439.221 um_pwv,35.0,4.317 K,0.844863
20240406,070136.528488,071150.076411,613.547923,363.881 um_pwv,444.217 um_pwv,35.0,4.384 K,0.854536
20240406,071151.037453,072204.484806,613.447353,364.383 um_pwv,444.829 um_pwv,35.0,4.392 K,0.855721
20240406,072205.447149,073218.892388,613.445239,366.377 um_pwv,447.264 um_pwv,35.0,4.411 K,0.860435
20240406,073219.854109,074233.301600,613.447491,368.854 um_pwv,450.288 um_pwv,35.0,4.442 K,0.866289
20240406,074234.263772,075247.711503,613.447731,370.709 um_pwv,452.552 um_pwv,35.0,4.435 K,0.870674
20240406,075248.668058,075636.189711,227.521653,370.6 um_pwv,452.419 um_pwv,35.0,4.36 K,0.870415
20240406,090136.377219,091149.927672,613.550453,364.562 um_pwv,445.048 um_pwv,35.0,4.336 K,0.856145
20240406,091150.889475,092204.331790,613.442315,363.702 um_pwv,443.999 um_pwv,35.0,4.334 K,0.854113
20240406,092205.294711,093218.739769,613.445058,364.921 um_pwv,445.486 um_pwv,35.0,4.356 K,0.856992
20240406,093219.702722,094233.150093,613.447371,366.071 um_pwv,446.89 um_pwv,35.0,4.384 K,0.859711
20240406,094234.106911,095247.556366,613.449455,366.287 um_pwv,447.154 um_pwv,35.0,4.447 K,0.860222
20240406,095248.518982,095636.038996,227.520014,365.459 um_pwv,446.144 um_pwv,35.0,4.377 K,0.858266
20240406,100136.182558,101149.732954,613.550396,367.984 um_pwv,449.226 um_pwv,35.0,4.436 K,0.864234
20240406,101150.689485,102204.140805,613.45132,369.435 um_pwv,450.997 um_pwv,35.0,4.452 K,0.867663
20240406,102205.098859,103218.545922,613.447063,370.454 um_pwv,452.241 um_pwv,35.0,4.419 K,0.870071
20240406,103219.508609,104232.954364,613.445755,372.244 um_pwv,454.426 um_pwv,35.0,4.39 K,0.874301
20240406,104233.911555,105247.361252,613.449697,373.417 um_pwv,455.859 um_pwv,35.0,4.417 K,0.877075
20240406,105248.318476,105635.840896,227.52242,373.271 um_pwv,455.679 um_pwv,35.0,4.379 K,0.876728
20240406,110135.986094,111149.536854,613.55076,374.705 um_pwv,457.431 um_pwv,35.0,4.446 K,0.880119
20240406,111150.492826,112203.943311,613.450485,374.705 um_pwv,457.431 um_pwv,35.0,4.415 K,0.880119
20240406,112204.899949,113218.348108,613.448159,377.554 um_pwv,460.909 um_pwv,35.0,4.48 K,0.886853
20240406,113219.311241,114232.758212,613.446971,378.857 um_pwv,462.499 um_pwv,35.0,4.452 K,0.889931
20240406,114233.715245,115247.167375,613.45213,382.226 um_pwv,466.612 um_pwv,35.0,4.448 K,0.897895
20240406,115248.125121,115635.645422,227.520301,383.545 um_pwv,468.222 um_pwv,35.0,4.467 K,0.901012
20240406,130135.835893,131149.384941,613.549048,393.483 um_pwv,480.355 um_pwv,35.0,4.361 K,0.924503
20240406,131150.345870,132203.790707,613.444837,395.95 um_pwv,483.366 um_pwv,35.0,4.332 K,0.930332
20240406,132204.752742,133218.199403,613.446661,399.807 um_pwv,488.074 um_pwv,35.0,4.358 K,0.939448
20240406,133219.161109,134232.605310,613.444201,401.423 um_pwv,490.047 um_pwv,35.0,4.321 K,0.943268
20240406,134233.568408,135247.012543,613.444135,404.477 um_pwv,493.775 um_pwv,35.0,4.361 K,0.950486
20240406,135247.975705,135635.494407,227.518702,406.512 um_pwv,496.26 um_pwv,35.0,4.296 K,0.955296
20240406,140135.646465,141149.187113,613.540648,409.302 um_pwv,499.666 um_pwv,35.0,4.343 K,0.961891
20240406,141150.148713,142203.597417,613.448704,406.432 um_pwv,496.162 um_pwv,35.0,4.319 K,0.955107
20240406,142204.558884,143218.003188,613.444304,406.412 um_pwv,496.137 um_pwv,35.0,4.306 K,0.955060
20240406,143218.964839,144232.409081,613.444242,410.614 um_pwv,501.267 um_pwv,35.0,4.331 K,0.964991
20240406,144233.371832,145246.821073,613.449241,413.616 um_pwv,504.931 um_pwv,35.0,4.368 K,0.972086
20240406,145247.778327,145635.300955,227.522628,413.209 um_pwv,504.435 um_pwv,35.0,4.264 K,0.971124
20240406,150136.451644,151150.000389,613.548745,416.475 um_pwv,508.423 um_pwv,35.0,4.333 K,0.978845
20240406,151150.961647,152204.408734,613.447087,415.084 um_pwv,506.724 um_pwv,35.0,4.32 K,0.975556
20240406,152205.370225,153218.819128,613.448903,414.512 um_pwv,506.026 um_pwv,35.0,4.328 K,0.974205
20240406,153219.776004,154233.221993,613.445989,415.861 um_pwv,507.672 um_pwv,35.0,4.283 K,0.977393
20240406,154234.184415,155247.633913,613.449498,416.639 um_pwv,508.623 um_pwv,35.0,4.275 K,0.979233
20240406,155248.589595,155636.111804,227.522209,414.635 um_pwv,506.175 um_pwv,35.0,4.2 K,0.974494
20240406,170136.300927,171149.851789,613.550862,421.3 um_pwv,514.312 um_pwv,35.0,4.322 K,0.990248
20240406,171150.808548,172204.253585,613.445037,421.466 um_pwv,514.515 um_pwv,35.0,4.332 K,0.990640
20240406,172205.216682,173218.664926,613.448244,422.38 um_pwv,515.63 um_pwv,35.0,4.347 K,0.992800
20240406,173219.622744,174233.068573,613.445829,422.172 um_pwv,515.376 um_pwv,35.0,4.347 K,0.992308
20240406,174234.031887,175247.479277,613.44739,422.504 um_pwv,515.782 um_pwv,35.0,4.388 K,0.993095
20240406,175248.441940,175635.959955,227.518015,420.927 um_pwv,513.857 um_pwv,35.0,4.348 K,0.989366
20240406,180136.123092,181149.702637,613.579545,424.631 um_pwv,518.379 um_pwv,35.0,4.418 K,0.998121
20240406,181150.658646,182204.109038,613.450392,425.719 um_pwv,519.707 um_pwv,35.0,4.362 K,1.00069
20240406,182205.066507,183218.515753,613.449246,424.715 um_pwv,518.481 um_pwv,35.0,4.344 K,0.998319
20240406,183219.474439,184232.921285,613.446846,425.656 um_pwv,519.63 um_pwv,35.0,4.332 K,1.00054
20240406,184233.883969,185247.331501,613.447532,427.294 um_pwv,521.629 um_pwv,35.0,4.299 K,1.00441
20240406,185248.288931,185635.813485,227.524554,427.357 um_pwv,521.706 um_pwv,35.0,4.299 K,1.00456
20240406,190135.908638,191149.457707,613.549069,427.82 um_pwv,522.272 um_pwv,35.0,4.366 K,1.00566
20240406,191150.419553,192203.861865,613.442312,426.6 um_pwv,520.783 um_pwv,35.0,4.333 K,1.00278
20240406,192204.824912,193218.273516,613.448604,425.552 um_pwv,519.503 um_pwv,35.0,4.427 K,1.00030
20240406,193219.230413,194232.677132,613.446719,425.635 um_pwv,519.605 um_pwv,35.0,4.418 K,1.00050
20240406,194233.640096,195247.088724,613.448628,426.726 um_pwv,520.937 um_pwv,35.0,4.364 K,1.00307
20240406,195248.046190,195635.567302,227.521112,427.273 um_pwv,521.604 um_pwv,35.0,4.309 K,1.00437
20240406,210135.726946,211149.305209,613.578263,420.347 um_pwv,513.149 um_pwv,35.0,4.346 K,0.987996
20240406,211150.265900,212203.713456,613.447556,420.637 um_pwv,513.503 um_pwv,35.0,4.361 K,0.988681
20240406,212204.669400,213218.122045,613.452645,420.761 um_pwv,513.654 um_pwv,35.0,4.491 K,0.988974
20240406,213219.078382,214232.524602,613.44622,417.748 um_pwv,509.976 um_pwv,35.0,4.436 K,0.981853
20240406,214233.486763,215246.935961,613.449198,418.716 um_pwv,511.157 um_pwv,35.0,4.412 K,0.984140
20240406,215247.893137,215635.414942,227.521805,417.296 um_pwv,509.424 um_pwv,35.0,4.275 K,0.980785
20240406,220136.540359,221150.116285,613.575926,425.489 um_pwv,519.426 um_pwv,35.0,4.324 K,1.00015
20240406,221151.076921,222204.525536,613.448615,431.373 um_pwv,526.609 um_pwv,35.0,4.26 K,1.01406
20240406,222205.481876,223218.934057,613.452181,430.461 um_pwv,525.495 um_pwv,35.0,4.3 K,1.01190
20240406,223219.889982,224233.341698,613.451716,430.863 um_pwv,525.987 um_pwv,35.0,4.312 K,1.01285
20240406,224234.297718,225247.748488,613.45077,434.11 um_pwv,529.951 um_pwv,35.0,4.334 K,1.02053
20240406,225248.704502,225636.227920,227.523418,433.715 um_pwv,529.468 um_pwv,35.0,4.145 K,1.01959
20240407,010136.219274,011149.767567,613.548293,464.759 um_pwv,567.366 um_pwv,35.0,4.267 K,1.09296
20240407,011150.729585,012204.177134,613.447549,466.043 um_pwv,568.933 um_pwv,35.0,4.25 K,1.09600
20240407,012205.135659,013218.584772,613.449113,464.462 um_pwv,567.003 um_pwv,35.0,4.265 K,1.09226
20240407,013219.541843,014232.992556,613.450713,460.896 um_pwv,562.65 um_pwv,35.0,4.261 K,1.08383
20240407,014233.950464,015247.400413,613.449949,457.819 um_pwv,558.894 um_pwv,35.0,4.219 K,1.07656
20240407,015248.358240,015635.879138,227.520898,454.775 um_pwv,555.177 um_pwv,35.0,4.19 K,1.06937
20240407,020136.033534,021149.573338,613.539804,455.626 um_pwv,556.217 um_pwv,35.0,4.248 K,1.07138
20240407,021150.535453,022203.982845,613.447392,454.059 um_pwv,554.303 um_pwv,35.0,4.218 K,1.06767
20240407,022204.940956,023218.390521,613.449565,453.835 um_pwv,554.03 um_pwv,35.0,4.24 K,1.06715
20240407,023219.348637,024232.796203,613.447566,453.88 um_pwv,554.085 um_pwv,35.0,4.273 K,1.06725
20240407,024233.753060,025247.206118,613.453058,452.118 um_pwv,551.934 um_pwv,35.0,4.251 K,1.06309
20240407,025248.163359,025635.684258,227.520899,450.251 um_pwv,549.655 um_pwv,35.0,4.217 K,1.05868
20240407,030135.850579,031149.423442,613.572863,447.863 um_pwv,546.74 um_pwv,35.0,4.327 K,1.05303
20240407,031150.387121,032203.833863,613.446742,445.905 um_pwv,544.35 um_pwv,35.0,4.298 K,1.04840
20240407,032204.791883,033218.238089,613.446206,445.949 um_pwv,544.403 um_pwv,35.0,4.328 K,1.04851
20240407,033219.201404,034232.651225,613.449821,441.731 um_pwv,539.255 um_pwv,35.0,4.338 K,1.03854
20240407,034233.608691,035247.058199,613.449508,437.737 um_pwv,534.378 um_pwv,35.0,4.367 K,1.02910
20240407,035248.016900,035635.537537,227.520637,433.971 um_pwv,529.781 um_pwv,35.0,4.394 K,1.02020
20240407,050135.629753,051149.177561,613.547808,448.614 um_pwv,547.656 um_pwv,35.0,4.287 K,1.05480
20240407,051150.139117,052203.583713,613.444596,448.835 um_pwv,547.926 um_pwv,35.0,4.309 K,1.05533
20240407,052204.546654,053217.997374,613.45072,453.478 um_pwv,553.594 um_pwv,35.0,4.346 K,1.06630
20240407,053218.954243,054232.401651,613.447408,452.674 um_pwv,552.613 um_pwv,35.0,4.354 K,1.06440
20240407,054233.363469,055246.806890,613.443421,454.17 um_pwv,554.44 um_pwv,35.0,4.311 K,1.06794
20240407,055247.769347,055635.290230,227.520883,455.492 um_pwv,556.053 um_pwv,35.0,4.255 K,1.07106
20240407,060136.440708,061149.990235,613.549527,458.056 um_pwv,559.183 um_pwv,35.0,4.256 K,1.07712
20240407,061150.951198,062204.398646,613.447448,454.17 um_pwv,554.44 um_pwv,35.0,4.202 K,1.06794
20240407,062205.360179,063218.804746,613.444567,449.853 um_pwv,549.169 um_pwv,35.0,4.216 K,1.05773
20240407,063219.767555,064233.212425,613.44487,449.853 um_pwv,549.169 um_pwv,35.0,4.231 K,1.05773
20240407,064234.174965,065247.619314,613.444349,449.321 um_pwv,548.52 um_pwv,35.0,4.216 K,1.05648
20240407,065248.581362,065636.102010,227.520648,448.183 um_pwv,547.131 um_pwv,35.0,4.206 K,1.05379
20240407,070136.245363,071149.796165,613.550802,451.006 um_pwv,550.576 um_pwv,35.0,4.263 K,1.06046
20240407,071150.757104,072204.200720,613.443616,454.182 um_pwv,554.453 um_pwv,35.0,4.292 K,1.06796
20240407,072205.162770,073218.607999,613.445229,454.607 um_pwv,554.972 um_pwv,35.0,4.24 K,1.06897
20240407,073219.569339,074233.017643,613.448304,455.806 um_pwv,556.436 um_pwv,35.0,4.275 K,1.07180
20240407,074233.980358,075247.425438,613.44508,461.407 um_pwv,563.274 um_pwv,35.0,4.313 K,1.08504
20240407,075248.387019,075635.906384,227.519365,464.347 um_pwv,566.863 um_pwv,35.0,4.272 K,1.09199
20240407,090136.094595,091149.644051,613.549456,473.772 um_pwv,578.369 um_pwv,35.0,4.43 K,1.11427
20240407,091150.606403,092204.051691,613.445288,473.201 um_pwv,577.672 um_pwv,35.0,4.465 K,1.11292
20240407,092205.009728,093218.458804,613.449076,474.87 um_pwv,579.709 um_pwv,35.0,4.55 K,1.11686
20240407,093219.422088,094232.870137,613.448049,469.51 um_pwv,573.166 um_pwv,35.0,4.541 K,1.10419
20240407,094233.829194,095247.273418,613.444224,471.015 um_pwv,575.003 um_pwv,35.0,4.513 K,1.10775
20240407,095248.236696,095635.756633,227.519937,471.363 um_pwv,575.428 um_pwv,35.0,4.442 K,1.10857
20240407,100135.864740,101149.403572,613.538832,473.656 um_pwv,578.227 um_pwv,35.0,4.477 K,1.11399
20240407,101150.361078,102203.807930,613.446852,474.099 um_pwv,578.768 um_pwv,35.0,4.487 K,1.11504
20240407,102204.770624,103218.224631,613.454007,476.252 um_pwv,581.397 um_pwv,35.0,4.499 K,1.12013
20240407,103219.176682,104232.624910,613.448228,475.725 um_pwv,580.753 um_pwv,35.0,4.468 K,1.11888
20240407,104233.582734,105247.034314,613.45158,479.689 um_pwv,585.593 um_pwv,35.0,4.448 K,1.12825
20240407,105247.992142,105635.513497,227.521355,478.297 um_pwv,583.893 um_pwv,35.0,4.407 K,1.12496
20240407,110135.655164,111149.203405,613.548241,488.933 um_pwv,596.877 um_pwv,35.0,4.495 K,1.15010
20240407,111150.165090,112203.615486,613.450396,492.984 um_pwv,601.823 um_pwv,35.0,4.513 K,1.15967
20240407,112204.573293,113218.020940,613.447647,494.601 um_pwv,603.796 um_pwv,35.0,4.574 K,1.16349
20240407,113218.983957,114232.432010,613.448053,495.199 um_pwv,604.527 um_pwv,35.0,4.63 K,1.16491
20240407,114233.389846,115246.885628,613.495782,493.483 um_pwv,602.431 um_pwv,35.0,4.575 K,1.16085
20240407,115247.843091,115635.366778,227.523687,488.945 um_pwv,596.892 um_pwv,35.0,4.577 K,1.15013
20240407,130136.512621,131150.064761,613.55214,486.926 um_pwv,594.427 um_pwv,35.0,4.72 K,1.14536
20240407,131151.025704,132204.471456,613.445752,482.141 um_pwv,588.586 um_pwv,35.0,4.739 K,1.13405
20240407,132205.433229,133218.878335,613.445106,476.604 um_pwv,581.826 um_pwv,35.0,4.753 K,1.12096
20240407,133219.840451,134233.288440,613.447989,478.015 um_pwv,583.548 um_pwv,35.0,4.783 K,1.12429
20240407,134234.246041,135247.690892,613.444851,474.543 um_pwv,579.31 um_pwv,35.0,4.721 K,1.11609
20240407,135248.652692,135636.173862,227.52117,470.482 um_pwv,574.352 um_pwv,35.0,4.55 K,1.10649
20240407,140136.366499,141149.918870,613.552371,469.198 um_pwv,572.785 um_pwv,35.0,4.692 K,1.10345
20240407,141150.876470,142204.323578,613.447108,467.054 um_pwv,570.167 um_pwv,35.0,4.727 K,1.09839
20240407,142205.281367,143218.733065,613.451698,468.84 um_pwv,572.347 um_pwv,35.0,4.812 K,1.10261
20240407,143219.689086,144233.140681,613.451595,481.963 um_pwv,588.368 um_pwv,35.0,4.843 K,1.13363
20240407,144234.096463,145247.544581,613.448118,498.271 um_pwv,608.276 um_pwv,35.0,4.711 K,1.17217
20240407,145248.507276,145636.026744,227.519468,501.396 um_pwv,612.092 um_pwv,35.0,4.578 K,1.17956
20240407,150136.193355,151149.769455,613.5761,501.435 um_pwv,612.139 um_pwv,35.0,4.636 K,1.17965
20240407,151150.730409,152204.176451,613.446042,503.118 um_pwv,614.193 um_pwv,35.0,4.582 K,1.18362
20240407,152205.138609,153218.587021,613.448412,496.213 um_pwv,605.764 um_pwv,35.0,4.643 K,1.16730
20240407,153219.542919,154232.991151,613.448232,494.505 um_pwv,603.679 um_pwv,35.0,4.649 K,1.16327
20240407,154233.952956,155247.397182,613.444226,497.141 um_pwv,606.897 um_pwv,35.0,4.777 K,1.16950
20240407,155248.359335,155635.880381,227.521046,495.48 um_pwv,604.869 um_pwv,35.0,4.665 K,1.16557
20240407,170136.019704,171149.570948,613.551244,515.26 um_pwv,629.016 um_pwv,35.0,4.688 K,1.21232
20240407,171150.532795,172203.978255,613.44546,512.474 um_pwv,625.616 um_pwv,35.0,4.842 K,1.20574
20240407,172204.941158,173218.383748,613.44259,510.71 um_pwv,623.462 um_pwv,35.0,4.865 K,1.20157
20240407,173219.346688,174232.795407,613.448719,509.263 um_pwv,621.696 um_pwv,35.0,4.865 K,1.19815
20240407,174233.752552,175247.198800,613.446248,507.874 um_pwv,620 um_pwv,35.0,4.976 K,1.19487
20240407,175248.162709,175635.682097,227.519388,505.926 um_pwv,617.622 um_pwv,35.0,4.831 K,1.19026
20240407,180135.838579,181149.376021,613.537442,505.279 um_pwv,616.831 um_pwv,35.0,5.04 K,1.18873
20240407,181150.338066,182203.784311,613.446245,499.512 um_pwv,609.791 um_pwv,35.0,4.994 K,1.17510
20240407,182204.744616,183218.191836,613.44722,503.043 um_pwv,614.102 um_pwv,35.0,4.888 K,1.18345
20240407,183219.148649,184232.600406,613.451757,504.446 um_pwv,615.814 um_pwv,35.0,4.875 K,1.18676
20240407,184233.557290,185247.008738,613.451448,504.135 um_pwv,615.435 um_pwv,35.0,4.893 K,1.18603
20240407,185247.966270,185635.488194,227.521924,503.589 um_pwv,614.768 um_pwv,35.0,4.834 K,1.18474
20240407,190135.631556,191149.230740,613.599184,512.247 um_pwv,625.338 um_pwv,35.0,4.898 K,1.20520
20240407,191150.188002,192203.637379,613.449377,514.752 um_pwv,628.396 um_pwv,35.0,5.012 K,1.21112
20240407,192204.595497,193218.044678,613.449181,515.895 um_pwv,629.791 um_pwv,35.0,5.059 K,1.21382
20240407,193219.002661,194232.451781,613.44912,517.218 um_pwv,631.407 um_pwv,35.0,5.132 K,1.21695
20240407,194233.414929,195246.857954,613.443025,517.739 um_pwv,632.043 um_pwv,35.0,5.047 K,1.21818
20240407,195247.820757,195635.342658,227.521901,521.826 um_pwv,637.032 um_pwv,35.0,5.052 K,1.22784
20240407,210136.441319,211149.989746,613.548427,524.727 um_pwv,640.573 um_pwv,35.0,4.85 K,1.23470
20240407,211150.950966,212204.397666,613.4467,515.986 um_pwv,629.902 um_pwv,35.0,4.961 K,1.21404
20240407,212205.360024,213218.809194,613.44917,514.638 um_pwv,628.257 um_pwv,35.0,5.05 K,1.21085
20240407,213219.765266,214233.216978,613.451712,513.84 um_pwv,627.283 um_pwv,35.0,5.202 K,1.20897
20240407,214234.174839,215247.622516,613.447677,511.491 um_pwv,624.415 um_pwv,35.0,5.239 K,1.20341
20240407,215248.583927,215636.102881,227.518954,511.97 um_pwv,625 um_pwv,35.0,5.097 K,1.20455
20240407,220136.268192,221149.843785,613.575593,509.014 um_pwv,621.392 um_pwv,35.0,5.258 K,1.19756
20240407,221150.805068,222204.254282,613.449214,507.749 um_pwv,619.848 um_pwv,35.0,5.258 K,1.19457
20240407,222205.210622,223218.658914,613.448292,500.818 um_pwv,611.386 um_pwv,35.0,5.268 K,1.17819
20240407,223219.621425,224233.068256,613.446831,501.966 um_pwv,612.788 um_pwv,35.0,5.158 K,1.18090
20240407,224234.030070,225247.475587,613.445517,493.726 um_pwv,602.728 um_pwv,35.0,5.184 K,1.16143
20240407,225248.437028,225635.956420,227.519392,489.958 um_pwv,598.128 um_pwv,35.0,5.08 K,1.15252
20240408,010135.903855,011149.454075,613.55022,476.628 um_pwv,581.855 um_pwv,35.0,5.494 K,1.12102
20240408,011150.410423,012203.860066,613.449643,473.807 um_pwv,578.412 um_pwv,35.0,5.496 K,1.11435
20240408,012204.816890,013218.275558,613.458668,466.066 um_pwv,568.961 um_pwv,35.0,5.462 K,1.09605
20240408,013219.227828,014232.674194,613.446366,468.482 um_pwv,571.911 um_pwv,35.0,5.338 K,1.10176
20240408,014233.637400,015247.083204,613.445804,466.146 um_pwv,569.059 um_pwv,35.0,5.282 K,1.09624
20240408,015248.045842,015635.565324,227.519482,463.228 um_pwv,565.497 um_pwv,35.0,5.235 K,1.08935
20240408,020135.707832,021149.259040,613.551208,460.544 um_pwv,562.22 um_pwv,35.0,5.341 K,1.08300
20240408,021150.214911,022203.664417,613.449506,460.737 um_pwv,562.456 um_pwv,35.0,5.273 K,1.08346
20240408,022204.627290,023218.075499,613.448209,465.698 um_pwv,568.513 um_pwv,35.0,5.317 K,1.09518
20240408,023219.032614,024232.481724,613.44911,463.97 um_pwv,566.403 um_pwv,35.0,5.366 K,1.09110
20240408,024233.438669,025246.890692,613.452023,460.794 um_pwv,562.525 um_pwv,35.0,5.353 K,1.08359
20240408,025247.847868,025635.369573,227.521705,458.993 um_pwv,560.327 um_pwv,35.0,5.308 K,1.07934
20240408,030136.521467,031150.073310,613.551843,460.589 um_pwv,562.276 um_pwv,35.0,5.391 K,1.08311
20240408,031151.035750,032204.476766,613.441016,463 um_pwv,565.219 um_pwv,35.0,5.348 K,1.08881
20240408,032205.440086,033218.893422,613.453336,463.685 um_pwv,566.054 um_pwv,35.0,5.363 K,1.09042
20240408,033219.845793,034233.296554,613.450761,462.704 um_pwv,564.857 um_pwv,35.0,5.412 K,1.08811
20240408,034234.253441,035247.700523,613.447082,462.191 um_pwv,564.231 um_pwv,35.0,5.332 K,1.08690
20240408,035248.664756,035636.183670,227.518914,460.249 um_pwv,561.861 um_pwv,35.0,5.29 K,1.08231
20240408,050136.371942,051149.922608,613.550666,463.319 um_pwv,565.608 um_pwv,35.0,5.396 K,1.08956
20240408,051150.883566,052204.330196,613.44663,464.21 um_pwv,566.696 um_pwv,35.0,5.429 K,1.09167
20240408,052205.291922,053218.738962,613.44704,464.645 um_pwv,567.226 um_pwv,35.0,5.501 K,1.09269
20240408,053219.695522,054233.147771,613.452249,466.962 um_pwv,570.055 um_pwv,35.0,5.454 K,1.09817
20240408,054234.104068,055247.551200,613.447132,464.027 um_pwv,566.473 um_pwv,35.0,5.415 K,1.09123
20240408,055248.514214,055636.034546,227.520332,458.857 um_pwv,560.162 um_pwv,35.0,5.38 K,1.07902
20240408,060136.176811,061149.726144,613.549333,453.634 um_pwv,553.785 um_pwv,35.0,5.473 K,1.06667
20240408,061150.687099,062204.133049,613.44595,450.728 um_pwv,550.238 um_pwv,35.0,5.467 K,1.05980
20240408,062205.095079,063218.540781,613.445702,450.584 um_pwv,550.062 um_pwv,35.0,5.424 K,1.05946
20240408,063219.502818,064232.947639,613.444821,452.518 um_pwv,552.423 um_pwv,35.0,5.368 K,1.06403
20240408,064233.910050,065247.357117,613.447067,452.865 um_pwv,552.846 um_pwv,35.0,5.474 K,1.06485
20240408,065248.319821,065635.837616,227.517795,448.084 um_pwv,547.01 um_pwv,35.0,5.378 K,1.05355
20240408,070135.982028,071149.533161,613.551133,451.228 um_pwv,550.848 um_pwv,35.0,5.48 K,1.06098
20240408,071150.494065,072203.942411,613.448346,442.101 um_pwv,539.706 um_pwv,35.0,5.551 K,1.03941
20240408,072204.899277,073218.349105,613.449828,440.103 um_pwv,537.267 um_pwv,35.0,5.616 K,1.03469
20240408,073219.304843,074232.753240,613.448397,438.719 um_pwv,535.577 um_pwv,35.0,5.614 K,1.03142
20240408,074233.716007,075247.160257,613.44425,434.923 um_pwv,530.943 um_pwv,35.0,5.611 K,1.02245
20240408,075248.123549,075635.643118,227.519569,430.991 um_pwv,526.142 um_pwv,35.0,5.587 K,1.01315
20240408,090135.807627,091149.379892,613.572265,437.274 um_pwv,533.813 um_pwv,35.0,5.54 K,1.02800
20240408,091150.342021,092203.792001,613.44998,435.405 um_pwv,531.532 um_pwv,35.0,5.478 K,1.02359
20240408,092204.751020,093218.195020,613.444,442.559 um_pwv,540.264 um_pwv,35.0,5.49 K,1.04049
20240408,093219.158591,094232.605606,613.447015,445.971 um_pwv,544.43 um_pwv,35.0,5.507 K,1.04856
20240408,094233.568259,095247.012533,613.444274,448.426 um_pwv,547.427 um_pwv,35.0,5.476 K,1.05436
20240408,095247.975568,095635.494546,227.518978,445.378 um_pwv,543.707 um_pwv,35.0,5.43 K,1.04716
20240408,100136.596449,101150.146420,613.549971,449.255 um_pwv,548.439 um_pwv,35.0,5.42 K,1.05632
20240408,101151.109069,102204.556684,613.447615,452.34 um_pwv,552.205 um_pwv,35.0,5.405 K,1.06361
20240408,102205.513529,103218.964338,613.450809,454.663 um_pwv,555.041 um_pwv,35.0,5.439 K,1.06910
20240408,103219.921232,104233.370742,613.44951,456.918 um_pwv,557.794 um_pwv,35.0,5.451 K,1.07443
20240408,104234.333396,105247.777308,613.443912,458.688 um_pwv,559.955 um_pwv,35.0,5.468 K,1.07862
20240408,105248.740287,105636.258411,227.518124,457.673 um_pwv,558.715 um_pwv,35.0,5.414 K,1.07622
20240408,110136.404138,111149.954444,613.550306,459.819 um_pwv,561.335 um_pwv,35.0,5.436 K,1.08129
20240408,111150.911032,112204.363004,613.451972,461.702 um_pwv,563.634 um_pwv,35.0,5.444 K,1.08574
20240408,112205.319872,113218.765866,613.445994,463.182 um_pwv,565.441 um_pwv,35.0,5.384 K,1.08924
20240408,113219.730069,114233.174245,613.444176,465.377 um_pwv,568.121 um_pwv,35.0,5.444 K,1.09443
20240408,114234.137811,115247.633559,613.495748,464.873 um_pwv,567.506 um_pwv,35.0,5.365 K,1.09323
20240408,115248.590417,115636.114343,227.523926,464.279 um_pwv,566.78 um_pwv,35.0,5.391 K,1.09183
20240408,130136.220515,131149.753557,613.533042,468.159 um_pwv,571.517 um_pwv,35.0,5.338 K,1.10100
20240408,131150.714830,132204.164311,613.449481,460.249 um_pwv,561.861 um_pwv,35.0,5.392 K,1.08231
20240408,132205.119938,133218.578063,613.458125,468.343 um_pwv,571.742 um_pwv,35.0,5.385 K,1.10144
20240408,133219.529126,134232.979147,613.450021,473.282 um_pwv,577.771 um_pwv,35.0,5.347 K,1.11311
20240408,134233.935124,135247.385146,613.450022,474.566 um_pwv,579.338 um_pwv,35.0,5.38 K,1.11614
20240408,135248.346630,135635.865464,227.518834,472.921 um_pwv,577.33 um_pwv,35.0,5.359 K,1.11226
20240408,140136.032013,141149.609025,613.577012,463.251 um_pwv,565.525 um_pwv,35.0,5.356 K,1.08940
20240408,141150.569860,142204.017340,613.44748,463.57 um_pwv,565.915 um_pwv,35.0,5.293 K,1.09015
20240408,142204.973713,143218.420348,613.446635,467.065 um_pwv,570.181 um_pwv,35.0,5.349 K,1.09841
20240408,143219.381956,144232.827638,613.445682,465.274 um_pwv,567.995 um_pwv,35.0,5.274 K,1.09418
20240408,144233.790112,145247.235185,613.445073,449.144 um_pwv,548.304 um_pwv,35.0,5.254 K,1.05606
20240408,145248.198255,145635.718491,227.520236,454.887 um_pwv,555.314 um_pwv,35.0,5.207 K,1.06963
20240408,150135.786571,151149.365682,613.579111,465.997 um_pwv,568.877 um_pwv,35.0,5.242 K,1.09589
20240408,151150.326397,152203.772171,613.445774,467.721 um_pwv,570.982 um_pwv,35.0,5.322 K,1.09996
20240408,152204.733476,153218.180780,613.447304,468.967 um_pwv,572.503 um_pwv,35.0,5.335 K,1.10291
20240408,153219.142165,154232.588742,613.446577,470.239 um_pwv,574.055 um_pwv,35.0,5.362 K,1.10592
20240408,154233.544846,155246.993598,613.448752,467.1 um_pwv,570.223 um_pwv,35.0,5.396 K,1.09850
20240408,155247.955963,155635.476151,227.520188,467.836 um_pwv,571.123 um_pwv,35.0,5.358 K,1.10024
20240408,170135.616194,171149.168049,613.551855,459.649 um_pwv,561.128 um_pwv,35.0,5.258 K,1.08089
20240408,171150.124392,172203.574677,613.450285,455.963 um_pwv,556.628 um_pwv,35.0,5.233 K,1.07218
20240408,172204.531592,173217.983348,613.451756,454.931 um_pwv,555.369 um_pwv,35.0,5.237 K,1.06974
20240408,173218.940503,174232.390990,613.450487,456.717 um_pwv,557.548 um_pwv,35.0,5.192 K,1.07396
20240408,174233.347962,175246.795569,613.447607,458.282 um_pwv,559.459 um_pwv,35.0,5.23 K,1.07765
20240408,175247.758787,175635.278088,227.519301,462.897 um_pwv,565.093 um_pwv,35.0,5.227 K,1.08856
20240408,180136.429378,181149.981767,613.552389,463.388 um_pwv,565.692 um_pwv,35.0,5.234 K,1.08972
20240408,181150.938935,182204.385564,613.446629,461.759 um_pwv,563.704 um_pwv,35.0,5.241 K,1.08587
20240408,182205.348909,183218.794786,613.445877,464.576 um_pwv,567.143 um_pwv,35.0,5.236 K,1.09253
20240408,183219.757456,184233.201860,613.444404,462.51 um_pwv,564.62 um_pwv,35.0,5.25 K,1.08765
20240408,184234.159675,185247.609460,613.449785,458.959 um_pwv,560.286 um_pwv,35.0,5.202 K,1.07926
20240408,185248.572180,185636.091563,227.519383,455.626 um_pwv,556.217 um_pwv,35.0,5.201 K,1.07138
20240408,190136.238664,191149.782110,613.543446,466.364 um_pwv,569.325 um_pwv,35.0,5.196 K,1.09676
20240408,191150.744535,192204.190383,613.445848,466.755 um_pwv,569.802 um_pwv,35.0,5.227 K,1.09768
20240408,192205.153664,193218.600164,613.4465,469.475 um_pwv,573.123 um_pwv,35.0,5.189 K,1.10411
20240408,193219.556990,194233.004704,613.447714,474.111 um_pwv,578.782 um_pwv,35.0,5.227 K,1.11507
20240408,194233.968353,195247.416801,613.448448,477.45 um_pwv,582.859 um_pwv,35.0,5.221 K,1.12296
20240408,195248.377110,195635.895032,227.517922,479.855 um_pwv,585.795 um_pwv,35.0,5.123 K,1.12864
20240408,210136.083896,211149.633890,613.549994,470.447 um_pwv,574.31 um_pwv,35.0,5.184 K,1.10641
20240408,211150.595427,212204.042091,613.446664,467.652 um_pwv,570.898 um_pwv,35.0,5.158 K,1.09980
20240408,212205.003848,213218.446426,613.442578,461.577 um_pwv,563.482 um_pwv,35.0,5.122 K,1.08544
20240408,213219.409117,214232.858285,613.449168,467.767 um_pwv,571.038 um_pwv,35.0,5.26 K,1.10007
20240408,214233.814933,215247.266596,613.451663,471.712 um_pwv,575.854 um_pwv,35.0,5.279 K,1.10940
20240408,215248.222239,215635.745269,227.52303,474.239 um_pwv,578.939 um_pwv,35.0,5.184 K,1.11537
20240408,220135.902353,221149.436566,613.534213,471.259 um_pwv,575.301 um_pwv,35.0,5.224 K,1.10833
20240408,221150.398107,222203.846131,613.448024,468.205 um_pwv,571.573 um_pwv,35.0,5.215 K,1.10111
20240408,222204.807754,223218.252611,613.444857,467.963 um_pwv,571.277 um_pwv,35.0,5.152 K,1.10054
20240408,223219.214009,224232.659794,613.445785,465.653 um_pwv,568.457 um_pwv,35.0,5.127 K,1.09508
20240408,224233.621421,225247.068821,613.4474,468.54 um_pwv,571.981 um_pwv,35.0,5.12 K,1.10190
20240408,225248.030481,225635.549051,227.51857,468.101 um_pwv,571.446 um_pwv,35.0,5.003 K,1.10086
20240409,010136.551439,011150.097230,613.545791,490.163 um_pwv,598.379 um_pwv,35.0,4.641 K,1.15301
20240409,011151.059651,012204.503831,613.44418,498.676 um_pwv,608.771 um_pwv,35.0,4.613 K,1.17313
20240409,012205.467442,013218.912638,613.445196,499.278 um_pwv,609.506 um_pwv,35.0,4.539 K,1.17455
20240409,013219.875636,014233.319215,613.443579,501.509 um_pwv,612.229 um_pwv,35.0,4.485 K,1.17982
20240409,014234.282197,015247.729874,613.447677,504.309 um_pwv,615.647 um_pwv,35.0,4.438 K,1.18644
20240409,015248.686774,015636.210221,227.523447,504.209 um_pwv,615.526 um_pwv,35.0,4.396 K,1.18620
20240409,020136.354951,021149.900483,613.545532,507.737 um_pwv,619.832 um_pwv,35.0,4.324 K,1.19454
20240409,021150.862608,022204.308148,613.44554,510.257 um_pwv,622.909 um_pwv,35.0,4.282 K,1.20050
20240409,022205.270849,023218.720891,613.450042,512.954 um_pwv,626.202 um_pwv,35.0,4.295 K,1.20687
20240409,023219.677840,024233.126593,613.448753,512.651 um_pwv,625.832 um_pwv,35.0,4.241 K,1.20616
20240409,024234.083447,025247.532552,613.449105,513.106 um_pwv,626.387 um_pwv,35.0,4.172 K,1.20723
20240409,025248.495725,025636.014889,227.519164,514.777 um_pwv,628.427 um_pwv,35.0,4.12 K,1.21118
20240409,030136.157329,031149.709977,613.552648,518.213 um_pwv,632.621 um_pwv,35.0,4.113 K,1.21930
20240409,031150.666038,032204.117538,613.4515,513.22 um_pwv,626.526 um_pwv,35.0,4.107 K,1.20750
20240409,032205.074448,033218.521276,613.446828,517.983 um_pwv,632.341 um_pwv,35.0,4.105 K,1.21876
20240409,033219.485131,034232.928424,613.443293,519.056 um_pwv,633.651 um_pwv,35.0,4.162 K,1.22129
20240409,034233.892649,035247.389051,613.496402,521.363 um_pwv,636.467 um_pwv,35.0,4.174 K,1.22675
20240409,035248.345880,035635.867648,227.521768,519.555 um_pwv,634.26 um_pwv,35.0,4.172 K,1.22247
20240409,050135.968561,051149.507969,613.539408,521.582 um_pwv,636.734 um_pwv,35.0,4.082 K,1.22726
20240409,051150.469798,052203.918941,613.449143,520.824 um_pwv,635.809 um_pwv,35.0,4.016 K,1.22547
20240409,052204.874890,053218.324159,613.449269,520.593 um_pwv,635.527 um_pwv,35.0,4.015 K,1.22493
20240409,053219.285959,054232.734683,613.448724,524.094 um_pwv,639.8 um_pwv,35.0,3.969 K,1.23320
20240409,054233.690683,055247.139132,613.448449,524.311 um_pwv,640.066 um_pwv,35.0,4.011 K,1.23371
20240409,055248.101903,055635.621801,227.519898,523.152 um_pwv,638.651 um_pwv,35.0,3.969 K,1.23097
20240409,060135.769057,061149.312960,613.543903,521.25 um_pwv,636.329 um_pwv,35.0,4.065 K,1.22648
20240409,061150.275578,062203.724720,613.449142,524.753 um_pwv,640.605 um_pwv,35.0,4.047 K,1.23476
20240409,062204.680762,063218.129137,613.448375,526.813 um_pwv,643.119 um_pwv,35.0,4.069 K,1.23963
20240409,063219.091164,064232.539490,613.448326,523.99 um_pwv,639.674 um_pwv,35.0,4.087 K,1.23296
20240409,064233.495151,065246.941949,613.446798,523.242 um_pwv,638.761 um_pwv,35.0,4.06 K,1.23119
20240409,065247.905023,065635.425990,227.520967,521.672 um_pwv,636.844 um_pwv,35.0,4.013 K,1.22748
20240409,070136.575944,071150.125829,613.549885,519.901 um_pwv,634.682 um_pwv,35.0,4.023 K,1.22329
20240409,071151.087416,072204.536547,613.449131,517.346 um_pwv,631.562 um_pwv,35.0,4.054 K,1.21725
20240409,072205.492461,073218.940191,613.44773,517.907 um_pwv,632.247 um_pwv,35.0,4.055 K,1.21858
20240409,073219.903278,074233.351398,613.44812,521.646 um_pwv,636.812 um_pwv,35.0,4.092 K,1.22742
20240409,074234.307524,075247.758921,613.451397,523.913 um_pwv,639.58 um_pwv,35.0,4.049 K,1.23277
20240409,075248.715083,075636.238797,227.523714,525.387 um_pwv,641.379 um_pwv,35.0,3.932 K,1.23626
20240409,090136.378137,091149.973366,613.595229,524.701 um_pwv,640.542 um_pwv,35.0,3.948 K,1.23464
20240409,091150.935764,092204.381463,613.445699,527.28 um_pwv,643.69 um_pwv,35.0,3.95 K,1.24073
20240409,092205.345048,093218.788179,613.443131,525.814 um_pwv,641.9 um_pwv,35.0,3.972 K,1.23727
20240409,093219.751125,094233.197796,613.446671,523.552 um_pwv,639.139 um_pwv,35.0,3.956 K,1.23192
20240409,094234.155645,095247.604797,613.449152,524.856 um_pwv,640.731 um_pwv,35.0,4.01 K,1.23500
20240409,095248.568697,095636.086310,227.517613,523.124 um_pwv,638.617 um_pwv,35.0,4.004 K,1.23091
20240409,100136.184088,101149.729671,613.545583,522.984 um_pwv,638.446 um_pwv,35.0,4.078 K,1.23058
20240409,101150.692684,102204.141710,613.449026,522.12 um_pwv,637.391 um_pwv,35.0,4.051 K,1.22853
20240409,102205.100682,103218.547906,613.447224,521.158 um_pwv,636.216 um_pwv,35.0,4.075 K,1.22626
20240409,103219.504773,104232.956123,613.45135,519.786 um_pwv,634.541 um_pwv,35.0,4.054 K,1.22302
20240409,104233.913581,105247.363870,613.450289,517.167 um_pwv,631.345 um_pwv,35.0,4.095 K,1.21683
20240409,105248.321026,105635.843215,227.522189,514.587 um_pwv,628.195 um_pwv,35.0,4.036 K,1.21073
20240409,110135.986298,111149.537982,613.551684,516.823 um_pwv,630.925 um_pwv,35.0,4.14 K,1.21602
20240409,111150.495117,112203.943229,613.448112,517.499 um_pwv,631.749 um_pwv,35.0,4.179 K,1.21761
20240409,112204.906193,113218.353184,613.446991,515.575 um_pwv,629.401 um_pwv,35.0,4.197 K,1.21307
20240409,113219.310965,114232.761196,613.450231,516.136 um_pwv,630.086 um_pwv,35.0,4.256 K,1.21439
20240409,114233.719226,115247.168497,613.449271,516.022 um_pwv,629.946 um_pwv,35.0,4.249 K,1.21412
20240409,115248.125807,115635.647764,227.521957,515.031 um_pwv,628.737 um_pwv,35.0,4.244 K,1.21178
20240409,130135.835380,131149.386482,613.551102,513.473 um_pwv,626.835 um_pwv,35.0,4.327 K,1.20810
20240409,131150.348046,132203.789867,613.441821,511.667 um_pwv,624.63 um_pwv,35.0,4.318 K,1.20383
20240409,132204.752530,133218.203648,613.451118,512.222 um_pwv,625.308 um_pwv,35.0,4.345 K,1.20514
20240409,133219.161082,134232.609394,613.448312,512.788 um_pwv,625.999 um_pwv,35.0,4.357 K,1.20648
20240409,134233.570794,135247.016950,613.446156,513.005 um_pwv,626.263 um_pwv,35.0,4.339 K,1.20699
20240409,135247.978340,135635.497396,227.519056,511.856 um_pwv,624.861 um_pwv,35.0,4.37 K,1.20428
20240409,140135.647391,141149.191106,613.543715,513.144 um_pwv,626.433 um_pwv,35.0,4.365 K,1.20732
20240409,141150.146273,142203.595424,613.449151,514.22 um_pwv,627.746 um_pwv,35.0,4.335 K,1.20986
20240409,142204.558060,143218.002580,613.44452,515.437 um_pwv,629.233 um_pwv,35.0,4.352 K,1.21274
20240409,143218.965775,144232.414505,613.44873,515.272 um_pwv,629.031 um_pwv,35.0,4.317 K,1.21235
20240409,144233.370451,145246.822078,613.451627,512.006 um_pwv,625.044 um_pwv,35.0,4.303 K,1.20463
20240409,145247.777605,145635.301814,227.524209,508.237 um_pwv,620.443 um_pwv,35.0,4.229 K,1.19572
20240409,150136.463284,151150.001631,613.538347,507.324 um_pwv,619.329 um_pwv,35.0,4.267 K,1.19357
20240409,151150.962508,152204.408766,613.446258,509.755 um_pwv,622.296 um_pwv,35.0,4.281 K,1.19931
20240409,152205.371533,153218.814460,613.442927,508.161 um_pwv,620.35 um_pwv,35.0,4.338 K,1.19554
20240409,153219.774891,154233.223504,613.448613,506.213 um_pwv,617.972 um_pwv,35.0,4.313 K,1.19094
20240409,154234.185207,155247.632602,613.447395,502.746 um_pwv,613.739 um_pwv,35.0,4.296 K,1.18275
20240409,155248.594872,155636.114362,227.51949,501.361 um_pwv,612.049 um_pwv,35.0,4.333 K,1.17947
20240409,170136.216839,171149.757079,613.54024,488.789 um_pwv,596.701 um_pwv,35.0,4.224 K,1.14976
20240409,171150.713655,172204.159848,613.446193,483.223 um_pwv,589.906 um_pwv,35.0,4.238 K,1.13660
20240409,172205.122778,173218.572632,613.449854,479.666 um_pwv,585.564 um_pwv,35.0,4.223 K,1.12820
20240409,173219.530483,174232.974951,613.444468,477.144 um_pwv,582.486 um_pwv,35.0,4.21 K,1.12224
20240409,174233.937933,175247.385642,613.447709,474.169 um_pwv,578.854 um_pwv,35.0,4.324 K,1.11520
20240409,175248.342473,175635.866104,227.523631,470.818 um_pwv,574.763 um_pwv,35.0,4.261 K,1.10728
20240409,180136.023969,181149.605104,613.581135,471.375 um_pwv,575.442 um_pwv,35.0,4.351 K,1.10860
20240409,181150.567227,182204.013624,613.446397,471.073 um_pwv,575.074 um_pwv,35.0,4.343 K,1.10789
20240409,182204.976325,183218.421948,613.445623,468.92 um_pwv,572.446 um_pwv,35.0,4.359 K,1.10280
20240409,183219.380379,184232.827546,613.447167,466.824 um_pwv,569.886 um_pwv,35.0,4.404 K,1.09784
20240409,184233.790211,185247.240060,613.449849,464.519 um_pwv,567.073 um_pwv,35.0,4.437 K,1.09240
20240409,185248.196946,185635.720009,227.523063,461.77 um_pwv,563.718 um_pwv,35.0,4.37 K,1.08590
20240409,190135.812635,191149.362629,613.549994,457.695 um_pwv,558.743 um_pwv,35.0,4.426 K,1.07627
20240409,191150.325955,192203.769435,613.44348,452.34 um_pwv,552.205 um_pwv,35.0,4.435 K,1.06361
20240409,192204.732752,193218.181359,613.448607,447.048 um_pwv,545.745 um_pwv,35.0,4.367 K,1.05110
20240409,193219.139184,194232.586912,613.447728,440.559 um_pwv,537.823 um_pwv,35.0,4.404 K,1.03577
20240409,194233.543812,195246.993468,613.449656,433.886 um_pwv,529.677 um_pwv,35.0,4.429 K,1.02000
20240409,195247.950667,195635.475402,227.524735,428.115 um_pwv,522.632 um_pwv,35.0,4.369 K,1.00636
20240409,210135.638811,211149.258854,613.620043,415.554 um_pwv,507.298 um_pwv,35.0,4.494 K,0.976667
20240409,211150.220120,212203.666259,613.446139,415.615 um_pwv,507.373 um_pwv,35.0,4.559 K,0.976812
20240409,212204.629170,213218.072359,613.443189,414.369 um_pwv,505.852 um_pwv,35.0,4.59 K,0.973868
20240409,213219.033858,214232.483797,613.449939,413.046 um_pwv,504.236 um_pwv,35.0,4.589 K,0.970739
20240409,214233.440754,215246.891681,613.450927,411.504 um_pwv,502.353 um_pwv,35.0,4.614 K,0.967095
20240409,215247.847703,215635.372103,227.5244,410.533 um_pwv,501.168 um_pwv,35.0,4.607 K,0.964800
20240409,220136.431385,221149.974573,613.543188,413.026 um_pwv,504.211 um_pwv,35.0,4.635 K,0.970691
20240409,221150.935854,222204.385600,613.449746,413.656 um_pwv,504.981 um_pwv,35.0,4.615 K,0.972182
20240409,222205.341917,223218.797601,613.455684,416.188 um_pwv,508.072 um_pwv,35.0,4.675 K,0.978167
20240409,223219.753541,224233.201304,613.447763,415.84 um_pwv,507.647 um_pwv,35.0,4.685 K,0.977344
20240409,224234.157130,225247.604182,613.447052,414.961 um_pwv,506.574 um_pwv,35.0,4.698 K,0.975266
20240409,225248.566418,225636.086492,227.520074,412.924 um_pwv,504.087 um_pwv,35.0,4.674 K,0.970451
20240410,010136.093205,011149.680594,613.587389,442.537 um_pwv,540.238 um_pwv,35.0,5.219 K,1.04044
20240410,011150.637786,012204.085756,613.44797,443.147 um_pwv,540.983 um_pwv,35.0,5.244 K,1.04188
20240410,012205.049354,013218.497842,613.448488,441.069 um_pwv,538.445 um_pwv,35.0,5.269 K,1.03697
20240410,013219.455656,014232.905545,613.449889,440.233 um_pwv,537.426 um_pwv,35.0,5.285 K,1.03500
20240410,014233.864856,015247.313485,613.448629,442.232 um_pwv,539.866 um_pwv,35.0,5.322 K,1.03972
20240410,015248.270980,015635.790762,227.519782,438.892 um_pwv,535.788 um_pwv,35.0,5.308 K,1.03183
20240410,020135.945999,021149.484681,613.538682,435.159 um_pwv,531.231 um_pwv,35.0,5.337 K,1.02300
20240410,021150.446639,022203.891028,613.444389,433.961 um_pwv,529.768 um_pwv,35.0,5.4 K,1.02017
20240410,022204.854781,023218.299503,613.444722,436.672 um_pwv,533.078 um_pwv,35.0,5.362 K,1.02658
20240410,023219.262600,024232.705226,613.442626,435.234 um_pwv,531.322 um_pwv,35.0,5.368 K,1.02318
20240410,024233.669165,025247.115402,613.446237,431.426 um_pwv,526.674 um_pwv,35.0,5.406 K,1.01418
20240410,025248.078080,025635.596208,227.518128,431.107 um_pwv,526.285 um_pwv,35.0,5.371 K,1.01343
20240410,030135.738564,031149.286994,613.54843,430.736 um_pwv,525.832 um_pwv,35.0,5.451 K,1.01255
20240410,031150.250660,032203.694958,613.444298,432.106 um_pwv,527.504 um_pwv,35.0,5.452 K,1.01579
20240410,032204.658521,033218.105817,613.447296,433.054 um_pwv,528.661 um_pwv,35.0,5.502 K,1.01803
20240410,033219.062793,034232.512109,613.449316,434.495 um_pwv,530.421 um_pwv,35.0,5.511 K,1.02144
20240410,034233.469017,035246.920959,613.451942,435.427 um_pwv,531.558 um_pwv,35.0,5.475 K,1.02364
20240410,035247.877834,035635.399178,227.521344,432.606 um_pwv,528.115 um_pwv,35.0,5.42 K,1.01697
20240410,050135.561052,051149.139500,613.578448,453.947 um_pwv,554.167 um_pwv,35.0,5.529 K,1.06741
20240410,051150.100362,052203.543242,613.44288,454.484 um_pwv,554.822 um_pwv,35.0,5.566 K,1.06868
20240410,052204.504665,053217.951744,613.447079,458.101 um_pwv,559.238 um_pwv,35.0,5.576 K,1.07723
20240410,053218.914687,054232.364353,613.449666,459.23 um_pwv,560.617 um_pwv,35.0,5.584 K,1.07990
20240410,054233.321294,055246.772075,613.450781,459.197 um_pwv,560.575 um_pwv,35.0,5.544 K,1.07982
20240410,055247.728365,055635.249522,227.521157,457.718 um_pwv,558.77 um_pwv,35.0,5.42 K,1.07632
20240410,060136.353794,061149.901704,613.54791,455.155 um_pwv,555.642 um_pwv,35.0,5.482 K,1.07027
20240410,061150.863325,062204.310517,613.447192,455.615 um_pwv,556.203 um_pwv,35.0,5.375 K,1.07135
20240410,062205.273567,063218.720981,613.447414,458.507 um_pwv,559.734 um_pwv,35.0,5.435 K,1.07819
20240410,063219.676949,064233.125831,613.448882,460.952 um_pwv,562.719 um_pwv,35.0,5.357 K,1.08397
20240410,064234.088238,065247.533785,613.445547,465.24 um_pwv,567.953 um_pwv,35.0,5.426 K,1.09410
20240410,065248.495318,065636.015448,227.52013,467.042 um_pwv,570.153 um_pwv,35.0,5.331 K,1.09836
20240410,070136.165949,071149.711199,613.54525,469.429 um_pwv,573.067 um_pwv,35.0,5.388 K,1.10400
20240410,071150.667345,072204.118361,613.451016,475.28 um_pwv,580.209 um_pwv,35.0,5.314 K,1.11783
20240410,072205.076497,073218.526208,613.449711,478.533 um_pwv,584.181 um_pwv,35.0,5.277 K,1.12552
20240410,073219.482483,074232.932766,613.450283,479.43 um_pwv,585.275 um_pwv,35.0,5.233 K,1.12764
20240410,074233.889139,075247.339789,613.45065,485.633 um_pwv,592.848 um_pwv,35.0,5.249 K,1.14230
20240410,075248.295531,075635.819370,227.523839,487.022 um_pwv,594.545 um_pwv,35.0,5.217 K,1.14558
20240410,090135.979017,091149.557002,613.577985,514.498 um_pwv,628.087 um_pwv,35.0,5.291 K,1.21052
20240410,091150.514157,092203.960043,613.445886,514.068 um_pwv,627.561 um_pwv,35.0,5.292 K,1.20950
20240410,092204.923621,093218.369104,613.445483,512.916 um_pwv,626.155 um_pwv,35.0,5.313 K,1.20678
20240410,093219.332425,094232.780088,613.447663,509.918 um_pwv,622.495 um_pwv,35.0,5.254 K,1.19970
20240410,094233.739414,095247.187794,613.44838,511.667 um_pwv,624.63 um_pwv,35.0,5.204 K,1.20383
20240410,095248.145773,095635.664444,227.518671,505.304 um_pwv,616.862 um_pwv,35.0,5.22 K,1.18879
20240410,100135.763459,101149.311659,613.5482,487.01 um_pwv,594.53 um_pwv,35.0,5.42 K,1.14555
20240410,101150.268000,102203.719899,613.451899,477.345 um_pwv,582.731 um_pwv,35.0,5.524 K,1.12271
20240410,102204.679215,103218.128600,613.449385,468.886 um_pwv,572.404 um_pwv,35.0,5.495 K,1.10272
20240410,103219.086161,104232.534970,613.448809,474.309 um_pwv,579.025 um_pwv,35.0,5.496 K,1.11554
20240410,104233.492501,105246.939141,613.44664,482.426 um_pwv,588.934 um_pwv,35.0,5.378 K,1.13472
20240410,105247.902878,105635.421992,227.519114,492.087 um_pwv,600.727 um_pwv,35.0,5.314 K,1.15755
20240410,110136.574484,111150.125286,613.550802,517.754 um_pwv,632.061 um_pwv,35.0,5.082 K,1.21822
20240410,111151.081291,112204.530586,613.449295,540.008 um_pwv,659.228 um_pwv,35.0,5.01 K,1.27081
20240410,112205.488370,113218.940517,613.452147,554.846 um_pwv,677.342 um_pwv,35.0,4.893 K,1.30588
20240410,113219.899848,114233.342835,613.442987,562.485 um_pwv,686.667 um_pwv,35.0,4.857 K,1.32393
20240410,114234.307687,115247.755094,613.447407,564.836 um_pwv,689.537 um_pwv,35.0,4.85 K,1.32949
20240410,115248.712589,115636.234235,227.521646,568.243 um_pwv,693.696 um_pwv,35.0,4.745 K,1.33754
20240410,130136.421825,131149.968738,613.546913,602.028 um_pwv,734.941 um_pwv,35.0,4.485 K,1.41739
20240410,131150.929964,132204.379858,613.449894,606.004 um_pwv,739.794 um_pwv,35.0,4.435 K,1.42679
20240410,132205.335906,133218.787834,613.451928,618.38 um_pwv,754.903 um_pwv,35.0,4.434 K,1.45604
20240410,133219.744390,134233.191929,613.447539,599.466 um_pwv,731.813 um_pwv,35.0,4.435 K,1.41134
20240410,134234.153383,135247.602325,613.448942,597.883 um_pwv,729.881 um_pwv,35.0,4.561 K,1.40759
20240410,135248.558294,135636.080705,227.522411,601.613 um_pwv,734.434 um_pwv,35.0,4.443 K,1.41641
20240410,140136.244990,141149.821007,613.576017,597.489 um_pwv,729.399 um_pwv,35.0,4.481 K,1.40666
20240410,141150.783146,142204.231602,613.448456,594.858 um_pwv,726.188 um_pwv,35.0,4.423 K,1.40045
20240410,142205.188163,143218.638888,613.450725,588.455 um_pwv,718.371 um_pwv,35.0,4.432 K,1.38531
20240410,143219.600640,144233.045013,613.444373,568.411 um_pwv,693.902 um_pwv,35.0,4.484 K,1.33794
20240410,144234.007772,145247.453363,613.445591,559.143 um_pwv,682.588 um_pwv,35.0,4.511 K,1.31604
20240410,145248.411772,145635.934411,227.522639,554.846 um_pwv,677.342 um_pwv,35.0,4.418 K,1.30588
20240410,150136.036988,151149.579858,613.54287,555.695 um_pwv,678.378 um_pwv,35.0,4.5 K,1.30789
20240410,151150.540798,152203.986993,613.446195,565.49 um_pwv,690.336 um_pwv,35.0,4.487 K,1.33104
20240410,152204.949106,153218.396453,613.447347,575.161 um_pwv,702.143 um_pwv,35.0,4.558 K,1.35389
20240410,153219.352735,154232.803850,613.451115,577.449 um_pwv,704.934 um_pwv,35.0,4.531 K,1.35930
20240410,154233.760822,155247.208732,613.44791,574.283 um_pwv,701.07 um_pwv,35.0,4.524 K,1.35182
20240410,155248.172256,155635.691036,227.51878,565.616 um_pwv,690.489 um_pwv,35.0,4.41 K,1.33133
20240410,170135.856745,171149.431106,613.574361,566.202 um_pwv,691.205 um_pwv,35.0,4.766 K,1.33272
20240410,171150.387136,172203.834401,613.447265,577.392 um_pwv,704.865 um_pwv,35.0,4.826 K,1.35917
20240410,172204.797346,173218.244085,613.446739,572.982 um_pwv,699.482 um_pwv,35.0,4.859 K,1.34874
20240410,173219.201247,174232.650560,613.449313,571.794 um_pwv,698.032 um_pwv,35.0,4.892 K,1.34594
20240410,174233.613234,175247.055725,613.442491,573.717 um_pwv,700.379 um_pwv,35.0,4.988 K,1.35048
20240410,175248.020393,175635.539628,227.519235,569.252 um_pwv,694.928 um_pwv,35.0,4.91 K,1.33993
20240410,180135.641210,181149.187442,613.546232,570.896 um_pwv,696.935 um_pwv,35.0,4.978 K,1.34381
20240410,181150.143699,182203.589868,613.446169,570.98 um_pwv,697.038 um_pwv,35.0,4.953 K,1.34401
20240410,182204.553990,183217.997024,613.443034,570.39 um_pwv,696.317 um_pwv,35.0,5.017 K,1.34262
20240410,183218.960624,184232.408148,613.447524,566.369 um_pwv,691.409 um_pwv,35.0,5.052 K,1.33311
20240410,184233.365023,185246.815299,613.450276,557.354 um_pwv,680.404 um_pwv,35.0,5.066 K,1.31181
20240410,185247.772690,185635.296288,227.523598,551.939 um_pwv,673.793 um_pwv,35.0,5.083 K,1.29901
20240410,190136.447836,191149.998800,613.550964,558.688 um_pwv,682.033 um_pwv,35.0,5.162 K,1.31496
20240410,191150.956649,192204.406740,613.450091,557.522 um_pwv,680.609 um_pwv,35.0,5.268 K,1.31221
20240410,192205.365362,193218.813574,613.448212,549.065 um_pwv,670.285 um_pwv,35.0,5.285 K,1.29222
20240410,193219.772308,194233.218864,613.446556,546.083 um_pwv,666.645 um_pwv,35.0,5.294 K,1.28517
20240410,194234.181516,195247.625224,613.443708,551.819 um_pwv,673.647 um_pwv,35.0,5.403 K,1.29873
20240410,195248.589313,195636.109067,227.519754,547.781 um_pwv,668.718 um_pwv,35.0,5.303 K,1.28918
20240410,210136.295632,211149.845301,613.549669,527.618 um_pwv,644.103 um_pwv,35.0,4.99 K,1.24153
20240410,211150.805912,212204.255443,613.449531,529.011 um_pwv,645.803 um_pwv,35.0,4.941 K,1.24482
20240410,212205.212541,213218.661935,613.449394,533.08 um_pwv,650.771 um_pwv,35.0,4.894 K,1.25444
20240410,213219.618243,214233.067965,613.449722,533.485 um_pwv,651.265 um_pwv,35.0,4.919 K,1.25540
20240410,214234.030353,215247.473851,613.443498,532.686 um_pwv,650.29 um_pwv,35.0,5.041 K,1.25351
20240410,215248.438320,215635.957433,227.519113,536.665 um_pwv,655.147 um_pwv,35.0,4.88 K,1.26291
20240410,220136.100883,221149.648284,613.547401,547.711 um_pwv,668.632 um_pwv,35.0,4.975 K,1.28902
20240410,221150.609566,222204.057582,613.448016,559.308 um_pwv,682.789 um_pwv,35.0,4.959 K,1.31643
20240410,222205.019986,223218.466659,613.446673,555.448 um_pwv,678.077 um_pwv,35.0,4.947 K,1.30730
20240410,223219.422844,224232.870120,613.447276,549.16 um_pwv,670.401 um_pwv,35.0,4.912 K,1.29244
20240410,224233.833707,225247.280079,613.446372,534.58 um_pwv,652.601 um_pwv,35.0,4.895 K,1.25798
20240410,225248.241865,225635.762148,227.520283,538.334 um_pwv,657.184 um_pwv,35.0,4.81 K,1.26686
20240411,010135.727816,011149.301494,613.573678,545.744 um_pwv,666.231 um_pwv,35.0,4.887 K,1.28437
20240411,011150.263221,012203.710166,613.446945,547.997 um_pwv,668.981 um_pwv,35.0,4.932 K,1.28969
20240411,012204.674078,013218.119093,613.445015,543.479 um_pwv,663.465 um_pwv,35.0,4.956 K,1.27902
20240411,013219.081783,014232.525414,613.443631,539.237 um_pwv,658.286 um_pwv,35.0,4.95 K,1.26899
20240411,014233.489257,015246.932496,613.443239,538.321 um_pwv,657.168 um_pwv,35.0,4.951 K,1.26682
20240411,015247.896088,015635.414841,227.518753,536.385 um_pwv,654.805 um_pwv,35.0,4.935 K,1.26225
20240411,020136.517940,021150.070074,613.552134,533.843 um_pwv,651.701 um_pwv,35.0,4.945 K,1.25624
20240411,021151.026745,022204.478535,613.45179,524.947 um_pwv,640.842 um_pwv,35.0,4.954 K,1.23522
20240411,022205.436796,023218.886664,613.449868,520.824 um_pwv,635.809 um_pwv,35.0,4.958 K,1.22547
20240411,023219.845412,024233.291042,613.44563,521.184 um_pwv,636.248 um_pwv,35.0,4.992 K,1.22632
20240411,024234.253986,025247.700874,613.446888,529.833 um_pwv,646.806 um_pwv,35.0,5.02 K,1.24676
20240411,025248.658106,025636.179727,227.521621,533.343 um_pwv,651.091 um_pwv,35.0,4.932 K,1.25506
20240411,030136.326453,031149.874972,613.548519,533.501 um_pwv,651.284 um_pwv,35.0,4.911 K,1.25543
20240411,031150.831656,032204.280530,613.448874,530.721 um_pwv,647.891 um_pwv,35.0,4.939 K,1.24886
20240411,032205.237982,033218.688829,613.450847,524.792 um_pwv,640.652 um_pwv,35.0,4.903 K,1.23485
20240411,033219.645726,034233.096756,613.45103,527.969 um_pwv,644.531 um_pwv,35.0,4.911 K,1.24236
20240411,034234.059750,035247.504875,613.445125,531.781 um_pwv,649.185 um_pwv,35.0,4.831 K,1.25137
20240411,035248.462043,035635.983704,227.521661,528.946 um_pwv,645.723 um_pwv,35.0,4.775 K,1.24467
20240411,050136.145640,051149.722579,613.576939,531.035 um_pwv,648.274 um_pwv,35.0,4.647 K,1.24961
20240411,051150.683845,052204.127238,613.443393,526.203 um_pwv,642.375 um_pwv,35.0,4.631 K,1.23818
20240411,052205.089930,053218.536105,613.446175,524.285 um_pwv,640.034 um_pwv,35.0,4.619 K,1.23365
20240411,053219.499061,054232.944388,613.445327,520.029 um_pwv,634.838 um_pwv,35.0,4.682 K,1.22359
20240411,054233.906444,055247.353716,613.447272,515.539 um_pwv,629.357 um_pwv,35.0,4.723 K,1.21298
20240411,055248.315205,055635.833844,227.518639,509.328 um_pwv,621.775 um_pwv,35.0,4.659 K,1.19830
20240411,060135.937699,061149.479194,613.541495,509.378 um_pwv,621.836 um_pwv,35.0,4.657 K,1.19842
20240411,061150.440459,062203.888511,613.448052,506.987 um_pwv,618.917 um_pwv,35.0,4.583 K,1.19277
20240411,062204.844820,063218.294043,613.449223,503.986 um_pwv,615.253 um_pwv,35.0,4.612 K,1.18568
20240411,063219.252805,064232.698390,613.445585,507.374 um_pwv,619.39 um_pwv,35.0,4.583 K,1.19368
20240411,064233.660507,065247.109533,613.449026,503.415 um_pwv,614.556 um_pwv,35.0,4.66 K,1.18433
20240411,065248.066108,065635.591209,227.525101,506.55 um_pwv,618.383 um_pwv,35.0,4.463 K,1.19174
20240411,070135.734433,071149.283482,613.549049,516.492 um_pwv,630.521 um_pwv,35.0,4.458 K,1.21523
20240411,071150.244388,072203.692169,613.447781,518.366 um_pwv,632.808 um_pwv,35.0,4.451 K,1.21966
20240411,072204.648209,073218.100967,613.452758,521.271 um_pwv,636.355 um_pwv,35.0,4.405 K,1.22653
20240411,073219.058529,074232.504459,613.44593,524.094 um_pwv,639.8 um_pwv,35.0,4.396 K,1.23320
20240411,074233.468112,075246.915834,613.447722,528.047 um_pwv,644.626 um_pwv,35.0,4.36 K,1.24254
20240411,075247.871578,075635.395346,227.523768,528.49 um_pwv,645.167 um_pwv,35.0,4.322 K,1.24359
20240411,090135.584754,091149.133604,613.54885,554.833 um_pwv,677.326 um_pwv,35.0,4.209 K,1.30585
20240411,091150.090269,092203.538496,613.448227,561.671 um_pwv,685.673 um_pwv,35.0,4.107 K,1.32201
20240411,092204.501737,093217.949920,613.448183,569.544 um_pwv,695.284 um_pwv,35.0,4.192 K,1.34062
20240411,093218.907502,094232.356446,613.448944,569.014 um_pwv,694.637 um_pwv,35.0,4.149 K,1.33936
20240411,094233.313289,095246.764038,613.450749,560.647 um_pwv,684.424 um_pwv,35.0,4.208 K,1.31959
20240411,095247.726712,095635.243713,227.517001,558.22 um_pwv,681.461 um_pwv,35.0,4.171 K,1.31386
20240411,100136.395451,101149.946562,613.551111,563.445 um_pwv,687.84 um_pwv,35.0,4.027 K,1.32620
20240411,101150.903297,102204.351211,613.447914,566.537 um_pwv,691.614 um_pwv,35.0,4.062 K,1.33351
20240411,102205.314615,103218.762363,613.447748,567.557 um_pwv,692.859 um_pwv,35.0,3.95 K,1.33592
20240411,103219.719482,104233.168052,613.44857,572.926 um_pwv,699.413 um_pwv,35.0,3.965 K,1.34861
20240411,104234.131162,105247.576342,613.44518,574.637 um_pwv,701.502 um_pwv,35.0,3.863 K,1.35266
20240411,105248.533301,105636.055675,227.522374,576.197 um_pwv,703.407 um_pwv,35.0,3.862 K,1.35634
20240411,110136.199878,111149.748503,613.548625,584.88 um_pwv,714.007 um_pwv,35.0,3.815 K,1.37686
20240411,111150.711155,112204.156612,613.445457,586.732 um_pwv,716.267 um_pwv,35.0,3.794 K,1.38124
20240411,112205.120125,113218.563442,613.443317,582.463 um_pwv,711.056 um_pwv,35.0,3.874 K,1.37115
20240411,113219.527208,114232.974199,613.446991,587.111 um_pwv,716.731 um_pwv,35.0,3.835 K,1.38214
20240411,114233.933445,115247.379736,613.446291,588.804 um_pwv,718.797 um_pwv,35.0,3.749 K,1.38614
20240411,115248.342959,115635.860123,227.517164,590.781 um_pwv,721.21 um_pwv,35.0,3.82 K,1.39081
20240411,130136.047910,131149.599053,613.551143,571.995 um_pwv,698.277 um_pwv,35.0,3.97 K,1.34641
20240411,131150.559637,132204.004752,613.445115,581.448 um_pwv,709.817 um_pwv,35.0,4.022 K,1.36875
20240411,132204.967188,133218.415176,613.447988,582.567 um_pwv,711.183 um_pwv,35.0,4.149 K,1.37140
20240411,133219.373599,134232.818163,613.444564,589.864 um_pwv,720.091 um_pwv,35.0,4.178 K,1.38864
20240411,134233.781432,135247.226243,613.444811,575.445 um_pwv,702.489 um_pwv,35.0,4.05 K,1.35456
20240411,135248.188875,135635.710258,227.521383,567.291 um_pwv,692.535 um_pwv,35.0,4.091 K,1.33529
20240411,140135.859888,141149.401392,613.541504,568.579 um_pwv,694.107 um_pwv,35.0,4.106 K,1.33834
20240411,141150.362345,142203.807008,613.444663,559.777 um_pwv,683.362 um_pwv,35.0,4.21 K,1.31754
20240411,142204.769718,143218.216398,613.44668,553.044 um_pwv,675.143 um_pwv,35.0,4.153 K,1.30162
20240411,143219.179046,144232.625058,613.446012,559.226 um_pwv,682.689 um_pwv,35.0,4.12 K,1.31623
20240411,144233.588131,145247.033529,613.445398,560.94 um_pwv,684.782 um_pwv,35.0,4.114 K,1.32028
20240411,145247.995230,145635.514263,227.519033,560.316 um_pwv,684.019 um_pwv,35.0,4.199 K,1.31881
20240411,150135.667067,151149.208477,613.54141,520.942 um_pwv,635.952 um_pwv,35.0,4.542 K,1.22575
20240411,151150.169412,152203.614448,613.445036,508.764 um_pwv,621.086 um_pwv,35.0,4.48 K,1.19697
20240411,152204.576266,153218.022490,613.446224,509.792 um_pwv,622.342 um_pwv,35.0,4.523 K,1.19940
20240411,153218.984228,154232.428745,613.444517,505.341 um_pwv,616.907 um_pwv,35.0,4.561 K,1.18888
20240411,154233.392746,155246.836286,613.44354,507.574 um_pwv,619.634 um_pwv,35.0,4.623 K,1.19416
20240411,155247.798390,155635.318777,227.520387,505.266 um_pwv,616.816 um_pwv,35.0,4.786 K,1.18870
20240411,170136.469811,171150.014147,613.544336,433.267 um_pwv,528.921 um_pwv,35.0,5.039 K,1.01853
20240411,171150.976536,172204.425185,613.448649,424.171 um_pwv,517.818 um_pwv,35.0,5.059 K,0.997035
20240411,172205.382992,173218.831516,613.448524,420.595 um_pwv,513.452 um_pwv,35.0,5.036 K,0.988583
20240411,173219.794188,174233.236113,613.441925,423.545 um_pwv,517.053 um_pwv,35.0,5.075 K,0.995555
20240411,174234.199142,175247.646818,613.447676,420.844 um_pwv,513.755 um_pwv,35.0,5.048 K,0.989170
20240411,175248.603735,175636.127066,227.523331,416.27 um_pwv,508.172 um_pwv,35.0,5.02 K,0.978361
20240411,180136.279307,181149.820568,613.541261,414.757 um_pwv,506.325 um_pwv,35.0,5.02 K,0.974784
20240411,181150.782355,182204.228229,613.445874,427.084 um_pwv,521.373 um_pwv,35.0,5.054 K,1.00392
20240411,182205.185135,183218.635697,613.450562,444.842 um_pwv,543.051 um_pwv,35.0,5.003 K,1.04589
20240411,183219.592907,184233.042947,613.45004,454.887 um_pwv,555.314 um_pwv,35.0,5.008 K,1.06963
20240411,184234.005827,185247.453136,613.447309,458.044 um_pwv,559.169 um_pwv,35.0,5.082 K,1.07709
20240411,185248.410801,185635.932025,227.521224,464.016 um_pwv,566.459 um_pwv,35.0,5.144 K,1.09121
20240411,190136.084461,191149.622714,613.538253,472.956 um_pwv,577.373 um_pwv,35.0,5.297 K,1.11234
20240411,191150.586014,192204.029800,613.443786,478.203 um_pwv,583.778 um_pwv,35.0,5.268 K,1.12474
20240411,192204.992454,193218.441147,613.448693,495.297 um_pwv,604.646 um_pwv,35.0,5.017 K,1.16514
20240411,193219.398039,194232.846235,613.448196,509.064 um_pwv,621.453 um_pwv,35.0,4.694 K,1.19768
20240411,194233.804341,195247.253875,613.449534,504.469 um_pwv,615.843 um_pwv,35.0,4.57 K,1.18682
20240411,195248.217816,195635.735416,227.5176,508.112 um_pwv,620.29 um_pwv,35.0,4.483 K,1.19543
20240411,210135.893613,211149.472334,613.578721,543.436 um_pwv,663.413 um_pwv,35.0,4.011 K,1.27891
20240411,211150.433224,212203.880906,613.447682,553.808 um_pwv,676.075 um_pwv,35.0,3.662 K,1.30343
20240411,212204.844516,213218.289977,613.445461,556.709 um_pwv,679.616 um_pwv,35.0,3.598 K,1.31028
20240411,213219.252154,214232.699723,613.447569,568.201 um_pwv,693.645 um_pwv,35.0,3.642 K,1.33744
20240411,214233.656097,215247.103128,613.447031,563.168 um_pwv,687.501 um_pwv,35.0,3.675 K,1.32555
20240411,215248.065842,215635.586641,227.520799,543.372 um_pwv,663.334 um_pwv,35.0,3.48 K,1.27876
20240411,220135.690042,221149.230327,613.540285,532.161 um_pwv,649.649 um_pwv,35.0,3.594 K,1.25227
20240411,221150.191716,222203.642262,613.450546,524.792 um_pwv,640.652 um_pwv,35.0,3.62 K,1.23485
20240411,222204.599522,223218.045158,613.445636,524.326 um_pwv,640.084 um_pwv,35.0,3.647 K,1.23375
20240411,223219.006958,224232.454648,613.44769,527.239 um_pwv,643.64 um_pwv,35.0,3.615 K,1.24063
20240411,224233.417415,225246.865427,613.448012,538.016 um_pwv,656.796 um_pwv,35.0,3.632 K,1.26610
20240411,225247.821985,225635.345534,227.523549,531.271 um_pwv,648.562 um_pwv,35.0,3.624 K,1.25016
20240412,010136.394313,011149.942663,613.54835,507.224 um_pwv,619.207 um_pwv,35.0,4.258 K,1.19333
20240412,011150.905395,012204.354859,613.449464,518.571 um_pwv,633.058 um_pwv,35.0,4.254 K,1.22015
20240412,012205.312970,013218.759061,613.446091,523.332 um_pwv,638.871 um_pwv,35.0,4.217 K,1.23140
20240412,013219.722081,014233.169638,613.447557,528.644 um_pwv,645.355 um_pwv,35.0,4.299 K,1.24395
20240412,014234.126547,015247.575006,613.448459,539.117 um_pwv,658.14 um_pwv,35.0,4.189 K,1.26871
20240412,015248.537698,015636.057927,227.520229,536.93 um_pwv,655.47 um_pwv,35.0,4.238 K,1.26354
20240412,020136.201607,021149.752519,613.550912,568.635 um_pwv,694.175 um_pwv,35.0,4.312 K,1.33847
20240412,021150.709180,022204.158777,613.449597,582.667 um_pwv,711.305 um_pwv,35.0,3.937 K,1.37163
20240412,022205.115908,023218.573287,613.457379,572.81 um_pwv,699.272 um_pwv,35.0,4.024 K,1.34834
20240412,023219.526269,024232.975203,613.448934,573.873 um_pwv,700.569 um_pwv,35.0,3.973 K,1.35085
20240412,024233.932140,025247.381093,613.448953,583.803 um_pwv,712.692 um_pwv,35.0,3.894 K,1.37432
20240412,025248.343824,025635.863308,227.519484,584.505 um_pwv,713.549 um_pwv,35.0,3.795 K,1.37598
20240412,030136.007756,031149.553801,613.546045,583.041 um_pwv,711.761 um_pwv,35.0,3.849 K,1.37252
20240412,031150.515883,032203.964988,613.449105,573.746 um_pwv,700.414 um_pwv,35.0,3.904 K,1.35055
20240412,032204.921861,033218.371443,613.449582,563.07 um_pwv,687.382 um_pwv,35.0,3.951 K,1.32532
20240412,033219.334357,034232.781210,613.446853,558.73 um_pwv,682.083 um_pwv,35.0,3.928 K,1.31506
20240412,034233.738069,035247.186754,613.448685,568.439 um_pwv,693.936 um_pwv,35.0,3.937 K,1.33801
20240412,035248.144557,035635.667398,227.522841,554.027 um_pwv,676.342 um_pwv,35.0,3.862 K,1.30394
20240412,050135.828967,051149.408453,613.579486,576.794 um_pwv,704.136 um_pwv,35.0,3.849 K,1.35775
20240412,051150.369078,052203.812801,613.443723,571.009 um_pwv,697.073 um_pwv,35.0,3.886 K,1.34408
20240412,052204.774882,053218.229464,613.454582,572.728 um_pwv,699.172 um_pwv,35.0,3.929 K,1.34814
20240412,053219.185754,054232.633367,613.447613,577.858 um_pwv,705.435 um_pwv,35.0,3.937 K,1.36027
20240412,054233.589770,055247.036287,613.446517,562.973 um_pwv,687.264 um_pwv,35.0,3.926 K,1.32509
20240412,055247.997976,055635.519784,227.521808,562.308 um_pwv,686.451 um_pwv,35.0,3.888 K,1.32352
20240412,060135.617213,061149.165936,613.548723,571.699 um_pwv,697.915 um_pwv,35.0,3.821 K,1.34571
20240412,061150.127188,062203.573851,613.446663,575.786 um_pwv,702.904 um_pwv,35.0,3.75 K,1.35537
20240412,062204.529948,063217.981479,613.451531,576.169 um_pwv,703.372 um_pwv,35.0,3.841 K,1.35628
20240412,063218.937190,064232.387218,613.450028,583.271 um_pwv,712.042 um_pwv,35.0,3.722 K,1.37306
20240412,064233.349300,065246.794720,613.44542,576.226 um_pwv,703.442 um_pwv,35.0,3.724 K,1.35641
20240412,065247.756784,065635.275947,227.519163,571.868 um_pwv,698.122 um_pwv,35.0,3.775 K,1.34611
20240412,070136.428290,071149.978789,613.550499,563.598 um_pwv,688.026 um_pwv,35.0,3.798 K,1.32657
20240412,071150.939524,072204.383358,613.443834,554.327 um_pwv,676.708 um_pwv,35.0,3.833 K,1.30465
20240412,072205.346225,073218.790903,613.444678,553.017 um_pwv,675.109 um_pwv,35.0,3.726 K,1.30156
20240412,073219.752918,074233.201636,613.448718,563.279 um_pwv,687.636 um_pwv,35.0,3.754 K,1.32581
20240412,074234.157377,075247.605422,613.448045,586.182 um_pwv,715.597 um_pwv,35.0,3.73 K,1.37994
20240412,075248.567553,075636.088136,227.520583,586.11 um_pwv,715.508 um_pwv,35.0,3.689 K,1.37977
20240412,090136.276522,091149.830295,613.553773,550.988 um_pwv,672.632 um_pwv,35.0,3.987 K,1.29676
20240412,091150.786860,092204.233139,613.446279,567.725 um_pwv,693.064 um_pwv,35.0,4.027 K,1.33632
20240412,092205.196420,093218.644856,613.448436,538.254 um_pwv,657.087 um_pwv,35.0,4.308 K,1.26667
20240412,093219.602328,094233.052905,613.450577,538.998 um_pwv,657.994 um_pwv,35.0,4.339 K,1.26842
20240412,094234.012200,095247.461593,613.449393,551.221 um_pwv,672.917 um_pwv,35.0,4.233 K,1.29731
20240412,095248.419402,095635.940601,227.521199,551.901 um_pwv,673.746 um_pwv,35.0,4.154 K,1.29892
20240412,100136.103818,101149.683387,613.579569,565.337 um_pwv,690.149 um_pwv,35.0,4.148 K,1.33068
20240412,101150.639630,102204.086855,613.447225,572.443 um_pwv,698.824 um_pwv,35.0,4.114 K,1.34747
20240412,102205.051401,103218.498636,613.447235,576.979 um_pwv,704.361 um_pwv,35.0,4.052 K,1.35819
20240412,103219.455568,104232.907125,613.451557,574.676 um_pwv,701.55 um_pwv,35.0,4.14 K,1.35275
20240412,104233.867379,105247.310928,613.443549,572.277 um_pwv,698.621 um_pwv,35.0,4.114 K,1.34708
20240412,105248.274241,105635.795075,227.520834,593.075 um_pwv,724.011 um_pwv,35.0,3.918 K,1.39623
20240412,110135.888963,111149.437188,613.548225,614.819 um_pwv,750.555 um_pwv,35.0,3.961 K,1.44762
20240412,111150.400411,112203.847357,613.446946,628.355 um_pwv,767.08 um_pwv,35.0,3.938 K,1.47961
20240412,112204.809992,113218.258836,613.448844,620.61 um_pwv,757.626 um_pwv,35.0,3.903 K,1.46131
20240412,113219.218146,114232.664737,613.446591,629.689 um_pwv,768.709 um_pwv,35.0,3.954 K,1.48276
20240412,114233.621597,115247.072749,613.451152,630.559 um_pwv,769.771 um_pwv,35.0,4.019 K,1.48482
20240412,115248.032395,115635.550661,227.518266,622.403 um_pwv,759.814 um_pwv,35.0,3.975 K,1.46554
20240412,130135.717920,131149.290481,613.572561,613.702 um_pwv,749.192 um_pwv,35.0,3.984 K,1.44498
20240412,131150.251108,132203.695895,613.444787,610.879 um_pwv,745.746 um_pwv,35.0,4.013 K,1.43831
20240412,132204.658600,133218.107741,613.449141,615.642 um_pwv,751.56 um_pwv,35.0,3.924 K,1.44957
20240412,133219.064932,134232.511810,613.446878,619.479 um_pwv,756.244 um_pwv,35.0,3.769 K,1.45863
20240412,134233.474246,135246.917228,613.442982,625.465 um_pwv,763.552 um_pwv,35.0,3.76 K,1.47278
20240412,135247.879637,135635.399578,227.519941,627.767 um_pwv,766.362 um_pwv,35.0,3.534 K,1.47822
20240412,140136.517227,141150.053722,613.536495,598.536 um_pwv,730.677 um_pwv,35.0,3.772 K,1.40914
20240412,141151.014671,142204.462233,613.447562,584.422 um_pwv,713.448 um_pwv,35.0,3.825 K,1.37578
20240412,142205.423777,143218.869416,613.445639,579.345 um_pwv,707.249 um_pwv,35.0,3.786 K,1.36378
20240412,143219.826435,144233.277931,613.451496,569.154 um_pwv,694.809 um_pwv,35.0,3.933 K,1.33970
20240412,144234.234850,145247.683968,613.449118,565.142 um_pwv,689.911 um_pwv,35.0,3.874 K,1.33021
20240412,145248.645678,145636.164912,227.519234,559.805 um_pwv,683.396 um_pwv,35.0,3.797 K,1.31760
20240412,150136.311887,151149.860260,613.548373,547.485 um_pwv,668.355 um_pwv,35.0,4.056 K,1.28848
20240412,151150.815982,152204.266212,613.45023,549.837 um_pwv,671.227 um_pwv,35.0,4.018 K,1.29404
20240412,152205.227640,153218.671451,613.443811,552.99 um_pwv,675.076 um_pwv,35.0,4.032 K,1.30149
20240412,153219.630501,154233.079019,613.448518,560.136 um_pwv,683.8 um_pwv,35.0,3.99 K,1.31838
20240412,154234.041185,155247.487836,613.446651,551.928 um_pwv,673.78 um_pwv,35.0,4.065 K,1.29898
20240412,155248.449834,155635.969792,227.519958,550.366 um_pwv,671.873 um_pwv,35.0,4.02 K,1.29529
20240412,170136.158139,171149.709238,613.551099,557.945 um_pwv,681.126 um_pwv,35.0,3.999 K,1.31321
20240412,171150.665813,172204.114837,613.449024,554.737 um_pwv,677.209 um_pwv,35.0,3.993 K,1.30562
20240412,172205.077420,173218.524272,613.446852,558.083 um_pwv,681.293 um_pwv,35.0,3.968 K,1.31353
20240412,173219.481146,174232.929431,613.448285,562.114 um_pwv,686.214 um_pwv,35.0,3.972 K,1.32306
20240412,174233.892632,175247.337535,613.444903,560.564 um_pwv,684.323 um_pwv,35.0,4.061 K,1.31940
20240412,175248.300502,175635.820119,227.519617,565.923 um_pwv,690.864 um_pwv,35.0,3.977 K,1.33206
20240412,180135.978034,181149.517037,613.539003,576.979 um_pwv,704.361 um_pwv,35.0,3.955 K,1.35819
20240412,181150.473083,182203.923027,613.449944,575.374 um_pwv,702.402 um_pwv,35.0,3.944 K,1.35440
20240412,182204.880195,183218.327362,613.447167,576.112 um_pwv,703.303 um_pwv,35.0,3.908 K,1.35614
20240412,183219.291540,184232.740435,613.448895,573.505 um_pwv,700.121 um_pwv,35.0,3.976 K,1.34998
20240412,184233.697967,185247.146020,613.448053,576.425 um_pwv,703.685 um_pwv,35.0,4.003 K,1.35688
20240412,185248.102886,185635.626530,227.523644,578.902 um_pwv,706.709 um_pwv,35.0,4.095 K,1.36274
20240412,190135.768935,191149.316532,613.547597,573.025 um_pwv,699.534 um_pwv,35.0,4.097 K,1.34884
20240412,191150.278942,192203.726006,613.447064,571.093 um_pwv,697.176 um_pwv,35.0,4.092 K,1.34428
20240412,192204.689563,193218.139759,613.450196,580.932 um_pwv,709.187 um_pwv,35.0,4.119 K,1.36753
20240412,193219.092175,194232.544441,613.452266,571.501 um_pwv,697.674 um_pwv,35.0,4.262 K,1.34524
20240412,194233.503772,195246.950034,613.446262,571.992 um_pwv,698.273 um_pwv,35.0,4.36 K,1.34640
20240412,195247.907246,195635.431520,227.524274,573.519 um_pwv,700.138 um_pwv,35.0,4.305 K,1.35001
20240412,210135.619132,211149.170866,613.551734,560.716 um_pwv,684.508 um_pwv,35.0,4.177 K,1.31975
20240412,211150.126512,212203.578955,613.452443,561.837 um_pwv,685.876 um_pwv,35.0,4.178 K,1.32240
20240412,212204.535461,213217.984914,613.449453,563.862 um_pwv,688.348 um_pwv,35.0,4.22 K,1.32719
20240412,213218.946221,214232.391925,613.445704,562.238 um_pwv,686.366 um_pwv,35.0,4.215 K,1.32335
20240412,214233.353401,215246.798882,613.445481,566.565 um_pwv,691.648 um_pwv,35.0,4.14 K,1.33358
20240412,215247.760313,215635.279755,227.519442,568.478 um_pwv,693.983 um_pwv,35.0,4.124 K,1.33810
20240412,220136.432085,221149.980303,613.548218,554.997 um_pwv,677.526 um_pwv,35.0,4.213 K,1.30624
20240412,221150.943014,222204.387780,613.444766,553.29 um_pwv,675.442 um_pwv,35.0,4.193 K,1.30220
20240412,222205.351380,223218.796829,613.445449,554.218 um_pwv,676.575 um_pwv,35.0,4.2 K,1.30440
20240412,223219.758644,224233.203968,613.445324,544.296 um_pwv,664.463 um_pwv,35.0,4.209 K,1.28095
20240412,224234.167077,225247.609596,613.442519,537.221 um_pwv,655.825 um_pwv,35.0,4.247 K,1.26422
20240412,225248.571433,225636.092380,227.520947,536.744 um_pwv,655.244 um_pwv,35.0,4.245 K,1.26310
20240413,010136.102704,011149.638464,613.53576,560.575 um_pwv,684.336 um_pwv,35.0,4.389 K,1.31942
20240413,011150.594784,012204.044343,613.449559,563.015 um_pwv,687.314 um_pwv,35.0,4.357 K,1.32519
20240413,012205.007004,013218.458508,613.451504,569.35 um_pwv,695.048 um_pwv,35.0,4.412 K,1.34016
20240413,013219.409628,014232.860982,613.451354,568.803 um_pwv,694.381 um_pwv,35.0,4.421 K,1.33887
20240413,014233.819748,015247.266685,613.446937,565.686 um_pwv,690.574 um_pwv,35.0,4.471 K,1.33150
20240413,015248.229381,015635.748822,227.519441,560.675 um_pwv,684.457 um_pwv,35.0,4.437 K,1.31966
20240413,020135.891609,021149.439109,613.5475,551.683 um_pwv,673.481 um_pwv,35.0,4.563 K,1.29841
20240413,021150.401557,022203.852551,613.450994,546.999 um_pwv,667.763 um_pwv,35.0,4.643 K,1.28734
20240413,022204.811543,023218.257620,613.446077,546.972 um_pwv,667.73 um_pwv,35.0,4.64 K,1.28727
20240413,023219.215093,024232.663031,613.447938,548.457 um_pwv,669.542 um_pwv,35.0,4.651 K,1.29078
20240413,024233.627536,025247.076683,613.449147,551.602 um_pwv,673.381 um_pwv,35.0,4.683 K,1.29821
20240413,025248.035427,025635.555779,227.520352,546.851 um_pwv,667.582 um_pwv,35.0,4.573 K,1.28698
20240413,030135.710061,031149.245894,613.535833,552.023 um_pwv,673.896 um_pwv,35.0,4.685 K,1.29921
20240413,031150.208631,032203.654268,613.445637,553.194 um_pwv,675.326 um_pwv,35.0,4.673 K,1.30198
20240413,032204.617820,033218.064325,613.446505,553.126 um_pwv,675.242 um_pwv,35.0,4.644 K,1.30182
20240413,033219.021483,034232.471472,613.449989,546.002 um_pwv,666.546 um_pwv,35.0,4.576 K,1.28498
20240413,034233.434161,035246.879431,613.44527,541.474 um_pwv,661.017 um_pwv,35.0,4.565 K,1.27428
20240413,035247.842098,035635.360310,227.518212,535.74 um_pwv,654.018 um_pwv,35.0,4.601 K,1.26073
20240413,050136.460524,051150.009623,613.549099,544.806 um_pwv,665.086 um_pwv,35.0,4.655 K,1.28215
20240413,051150.970870,052204.417107,613.446237,538.652 um_pwv,657.573 um_pwv,35.0,4.731 K,1.26761
20240413,052205.379484,053218.827865,613.448381,537.115 um_pwv,655.696 um_pwv,35.0,4.736 K,1.26397
20240413,053219.784396,054233.231242,613.446846,529.637 um_pwv,646.567 um_pwv,35.0,4.785 K,1.24630
20240413,054234.194274,055247.642348,613.448074,521.697 um_pwv,636.875 um_pwv,35.0,4.887 K,1.22754
20240413,055248.598290,055636.121975,227.523685,517.856 um_pwv,632.185 um_pwv,35.0,4.847 K,1.21846
20240413,060136.266895,061149.817161,613.550266,518.711 um_pwv,633.23 um_pwv,35.0,4.949 K,1.22048
20240413,061150.772930,062204.221739,613.448809,523.965 um_pwv,639.643 um_pwv,35.0,5.071 K,1.23289
20240413,062205.185578,063218.633875,613.448297,525.167 um_pwv,641.11 um_pwv,35.0,5.2 K,1.23574
20240413,063219.590472,064233.039155,613.448683,520.273 um_pwv,635.136 um_pwv,35.0,5.228 K,1.22417
20240413,064234.001675,065247.448638,613.446963,517.078 um_pwv,631.236 um_pwv,35.0,5.285 K,1.21662
20240413,065248.404929,065635.927767,227.522838,511.604 um_pwv,624.553 um_pwv,35.0,5.229 K,1.20368
20240413,070136.081114,071149.621826,613.540712,498.737 um_pwv,608.846 um_pwv,35.0,5.306 K,1.17327
20240413,071150.583373,072204.077179,613.493806,490.683 um_pwv,599.013 um_pwv,35.0,5.328 K,1.15423
20240413,072205.035001,073218.484811,613.44981,491.021 um_pwv,599.426 um_pwv,35.0,5.352 K,1.15503
20240413,073219.442591,074232.891663,613.449072,488.38 um_pwv,596.202 um_pwv,35.0,5.318 K,1.14879
20240413,074233.853767,075247.297767,613.444,492.851 um_pwv,601.66 um_pwv,35.0,5.344 K,1.15936
20240413,075248.259627,075635.783117,227.52349,494.736 um_pwv,603.961 um_pwv,35.0,5.29 K,1.16381
20240413,090135.933329,091149.469666,613.536337,502.003 um_pwv,612.833 um_pwv,35.0,5.399 K,1.18099
20240413,091150.432333,092203.882908,613.450575,505.887 um_pwv,617.574 um_pwv,35.0,5.408 K,1.19017
20240413,092204.840709,093218.286344,613.445635,501.398 um_pwv,612.094 um_pwv,35.0,5.504 K,1.17956
20240413,093219.249050,094232.696206,613.447156,514.814 um_pwv,628.471 um_pwv,35.0,5.5 K,1.21127
20240413,094233.653101,095247.101111,613.44801,513.599 um_pwv,626.989 um_pwv,35.0,5.536 K,1.20840
20240413,095248.064983,095635.583658,227.518675,504.52 um_pwv,615.905 um_pwv,35.0,5.448 K,1.18694
20240413,100135.737796,101149.280131,613.542335,505.752 um_pwv,617.409 um_pwv,35.0,5.434 K,1.18985
20240413,101150.237055,102203.687377,613.450322,514.828 um_pwv,628.489 um_pwv,35.0,5.436 K,1.21130
20240413,102204.644828,103218.090804,613.445976,506.837 um_pwv,618.734 um_pwv,35.0,5.445 K,1.19241
20240413,103219.053747,104232.498679,613.444932,504.905 um_pwv,616.376 um_pwv,35.0,5.469 K,1.18785
20240413,104233.462945,105246.906937,613.443992,507.824 um_pwv,619.939 um_pwv,35.0,5.49 K,1.19475
20240413,105247.870832,105635.391468,227.520636,506.687 um_pwv,618.551 um_pwv,35.0,5.418 K,1.19206
20240413,110136.541447,111150.090561,613.549114,523.423 um_pwv,638.981 um_pwv,35.0,5.458 K,1.23161
20240413,111151.052689,112204.501993,613.449304,519.619 um_pwv,634.338 um_pwv,35.0,5.485 K,1.22263
20240413,112205.460135,113218.908734,613.448599,519.415 um_pwv,634.088 um_pwv,35.0,5.463 K,1.22214
20240413,113219.867131,114233.312400,613.445269,522.843 um_pwv,638.273 um_pwv,35.0,5.436 K,1.23024
20240413,114234.276570,115247.724429,613.447859,530.616 um_pwv,647.763 um_pwv,35.0,5.408 K,1.24862
20240413,115248.682410,115636.203129,227.520719,532.857 um_pwv,650.498 um_pwv,35.0,5.409 K,1.25391
20240413,130136.392490,131149.940954,613.548464,517.994 um_pwv,632.354 um_pwv,35.0,5.361 K,1.21878
20240413,131150.902200,132204.351622,613.449422,534.909 um_pwv,653.003 um_pwv,35.0,5.423 K,1.25876
20240413,132205.308730,133218.754233,613.445503,538.876 um_pwv,657.846 um_pwv,35.0,5.404 K,1.26814
20240413,133219.716044,134233.165551,613.449507,535.107 um_pwv,653.245 um_pwv,35.0,5.356 K,1.25923
20240413,134234.126984,135247.572705,613.445721,546.633 um_pwv,667.315 um_pwv,35.0,5.324 K,1.28647
20240413,135248.529322,135636.052038,227.522716,538.931 um_pwv,657.913 um_pwv,35.0,5.378 K,1.26827
20240413,140136.195852,141149.743779,613.547927,533.317 um_pwv,651.059 um_pwv,35.0,5.415 K,1.25500
20240413,141150.704416,142204.156320,613.451904,533.212 um_pwv,650.931 um_pwv,35.0,5.232 K,1.25475
20240413,142205.116849,143218.560420,613.443571,527.629 um_pwv,644.116 um_pwv,35.0,5.231 K,1.24155
20240413,143219.522764,144232.967996,613.445232,525.84 um_pwv,641.932 um_pwv,35.0,5.186 K,1.23733
20240413,144233.931933,145247.377668,613.445735,526.047 um_pwv,642.185 um_pwv,35.0,5.307 K,1.23782
20240413,145248.340568,145635.858848,227.51828,522.534 um_pwv,637.896 um_pwv,35.0,5.374 K,1.22951
20240413,150136.051722,151149.598987,613.547265,520.337 um_pwv,635.214 um_pwv,35.0,5.414 K,1.22432
20240413,151150.559665,152204.011082,613.451417,525.516 um_pwv,641.537 um_pwv,35.0,5.335 K,1.23656
20240413,152204.965677,153218.414848,613.449171,514.473 um_pwv,628.056 um_pwv,35.0,5.191 K,1.21046
20240413,153219.377573,154232.821805,613.444232,512.752 um_pwv,625.955 um_pwv,35.0,5.201 K,1.20639
20240413,154233.783684,155247.228748,613.445064,510.622 um_pwv,623.354 um_pwv,35.0,5.169 K,1.20136
20240413,155248.191450,155635.712207,227.520757,507.724 um_pwv,619.817 um_pwv,35.0,5.054 K,1.19451
20240413,170135.874383,171149.453056,613.578673,554.874 um_pwv,677.376 um_pwv,35.0,5.214 K,1.30595
20240413,171150.410128,172203.857174,613.447046,539.915 um_pwv,659.114 um_pwv,35.0,5.216 K,1.27059
20240413,172204.819953,173218.267362,613.447409,529.206 um_pwv,646.042 um_pwv,35.0,5.261 K,1.24528
20240413,173219.224475,174232.675982,613.451507,527.813 um_pwv,644.341 um_pwv,35.0,5.252 K,1.24199
20240413,174233.632870,175247.084445,613.451575,519.466 um_pwv,634.151 um_pwv,35.0,5.118 K,1.22226
20240413,175248.042318,175635.562090,227.519772,516.938 um_pwv,631.065 um_pwv,35.0,5 K,1.21629
20240413,180135.676063,181149.253773,613.57771,529.519 um_pwv,646.424 um_pwv,35.0,5.105 K,1.24602
20240413,181150.217659,182203.666035,613.448376,531.585 um_pwv,648.945 um_pwv,35.0,5.176 K,1.25090
20240413,182204.624151,183218.073836,613.449685,525.27 um_pwv,641.236 um_pwv,35.0,5.253 K,1.23598
20240413,183219.030737,184232.482335,613.451598,526.112 um_pwv,642.264 um_pwv,35.0,5.228 K,1.23797
20240413,184233.440705,185246.886328,613.445623,528.333 um_pwv,644.976 um_pwv,35.0,5.141 K,1.24322
20240413,185247.849876,185635.367909,227.518033,538.822 um_pwv,657.781 um_pwv,35.0,5.175 K,1.26801
20240413,190136.471942,191150.019079,613.547137,543.05 um_pwv,662.942 um_pwv,35.0,5.061 K,1.27800
20240413,191150.982300,192204.430605,613.448305,554.149 um_pwv,676.492 um_pwv,35.0,5.181 K,1.30423
20240413,192205.387804,193218.834995,613.447191,567.526 um_pwv,692.821 um_pwv,35.0,5.146 K,1.33585
20240413,193219.798869,194233.246930,613.448061,567.445 um_pwv,692.722 um_pwv,35.0,5.11 K,1.33566
20240413,194234.204127,195248.659394,614.455267,564.769 um_pwv,689.456 um_pwv,35.0,5.039 K,1.32933
20240413,195249.618082,195636.181873,226.563791,554.71 um_pwv,677.175 um_pwv,35.0,4.962 K,1.30556
20240413,210136.321427,211149.871518,613.550091,511.957 um_pwv,624.984 um_pwv,35.0,5.356 K,1.20452
20240413,211150.832986,212204.276750,613.443764,501.806 um_pwv,612.592 um_pwv,35.0,5.349 K,1.18052
20240413,212205.238881,213218.685425,613.446544,499.217 um_pwv,609.431 um_pwv,35.0,5.332 K,1.17440
20240413,213219.648507,214233.091421,613.442914,498.995 um_pwv,609.161 um_pwv,35.0,5.368 K,1.17388
20240413,214234.054140,215247.499087,613.444947,501.756 um_pwv,612.531 um_pwv,35.0,5.281 K,1.18041
20240413,215248.461718,215635.983692,227.521974,506.113 um_pwv,617.85 um_pwv,35.0,5.241 K,1.19070
20240413,220136.134283,221149.678622,613.544339,512.575 um_pwv,625.739 um_pwv,35.0,5.211 K,1.20598
20240413,221150.639234,222204.086407,613.447173,514.448 um_pwv,628.025 um_pwv,35.0,5.249 K,1.21040
20240413,222205.042985,223218.490201,613.447216,519.235 um_pwv,633.869 um_pwv,35.0,5.162 K,1.22172
20240413,223219.451993,224232.902645,613.450652,521.466 um_pwv,636.593 um_pwv,35.0,5.167 K,1.22699
20240413,224233.858917,225247.305782,613.446865,517.947 um_pwv,632.297 um_pwv,35.0,5.116 K,1.21867
20240413,225248.267637,225635.788557,227.52092,520.452 um_pwv,635.355 um_pwv,35.0,5.109 K,1.22459
20240414,010135.807804,011149.384216,613.576412,543.144 um_pwv,663.056 um_pwv,35.0,5.473 K,1.27822
20240414,011150.345951,012203.790570,613.444619,542.622 um_pwv,662.42 um_pwv,35.0,5.474 K,1.27699
20240414,012204.753578,013218.199791,613.446213,527.41 um_pwv,643.849 um_pwv,35.0,5.479 K,1.24104
20240414,013219.157491,014232.608420,613.450929,520.068 um_pwv,634.885 um_pwv,35.0,5.428 K,1.22368
20240414,014233.568380,015247.016439,613.448059,516.378 um_pwv,630.381 um_pwv,35.0,5.39 K,1.21496
20240414,015247.976298,015635.496420,227.520122,512.348 um_pwv,625.462 um_pwv,35.0,5.287 K,1.20544
20240414,020136.647109,021150.195745,613.548636,512.298 um_pwv,625.4 um_pwv,35.0,5.34 K,1.20532
20240414,021151.157839,022204.602952,613.445113,510.848 um_pwv,623.631 um_pwv,35.0,5.251 K,1.20190
20240414,022205.566543,023219.014793,613.44825,515.082 um_pwv,628.799 um_pwv,35.0,5.236 K,1.21190
20240414,023219.970230,024233.422391,613.452161,522.07 um_pwv,637.33 um_pwv,35.0,5.24 K,1.22842
20240414,024234.381429,025247.827863,613.446434,525.218 um_pwv,641.173 um_pwv,35.0,5.255 K,1.23586
20240414,025248.785128,025636.308093,227.522965,528.227 um_pwv,644.846 um_pwv,35.0,5.231 K,1.24297
20240414,030136.452892,031150.001543,613.548651,536.89 um_pwv,655.422 um_pwv,35.0,5.302 K,1.26344
20240414,031150.963726,032204.410100,613.446374,543.037 um_pwv,662.926 um_pwv,35.0,5.292 K,1.27797
20240414,032205.367415,033218.818498,613.451083,546.124 um_pwv,666.694 um_pwv,35.0,5.24 K,1.28527
20240414,033219.775468,034233.226484,613.451016,550.027 um_pwv,671.459 um_pwv,35.0,5.255 K,1.29449
20240414,034234.183067,035247.629733,613.446666,551.493 um_pwv,673.248 um_pwv,35.0,5.221 K,1.29796
20240414,035248.593353,035636.111718,227.518365,550.977 um_pwv,672.618 um_pwv,35.0,5.159 K,1.29674
20240414,050136.272166,051149.900742,613.628576,561.671 um_pwv,685.673 um_pwv,35.0,5.22 K,1.32201
20240414,051150.861626,052204.305598,613.443972,558.978 um_pwv,682.386 um_pwv,35.0,5.236 K,1.31565
20240414,052205.268373,053218.714025,613.445652,556.27 um_pwv,679.081 um_pwv,35.0,5.243 K,1.30925
20240414,053219.676143,054233.122905,613.446762,556.613 um_pwv,679.499 um_pwv,35.0,5.2 K,1.31006
20240414,054234.079539,055247.531854,613.452315,559.432 um_pwv,682.941 um_pwv,35.0,5.258 K,1.31672
20240414,055248.487887,055636.011801,227.523914,556.394 um_pwv,679.231 um_pwv,35.0,5.21 K,1.30954
20240414,060136.057327,061149.608146,613.550819,556.281 um_pwv,679.094 um_pwv,35.0,5.165 K,1.30927
20240414,061150.569156,062204.012619,613.443463,552.554 um_pwv,674.544 um_pwv,35.0,5.141 K,1.30046
20240414,062204.974710,063218.421343,613.446633,549.539 um_pwv,670.863 um_pwv,35.0,5.165 K,1.29334
20240414,063219.383692,064232.829277,613.445585,548.173 um_pwv,669.196 um_pwv,35.0,5.144 K,1.29011
20240414,064233.791438,065247.236674,613.445236,549.12 um_pwv,670.351 um_pwv,35.0,5.11 K,1.29235
20240414,065248.198419,065635.720254,227.521835,548.684 um_pwv,669.82 um_pwv,35.0,5.06 K,1.29132
20240414,070135.884285,071149.458902,613.574617,547.943 um_pwv,668.915 um_pwv,35.0,5.023 K,1.28957
20240414,071150.420157,072203.870638,613.450481,548.646 um_pwv,669.773 um_pwv,35.0,4.97 K,1.29123
20240414,072204.826618,073218.277771,613.451153,550.461 um_pwv,671.989 um_pwv,35.0,4.949 K,1.29552
20240414,073219.233723,074232.683214,613.449491,551.982 um_pwv,673.846 um_pwv,35.0,4.95 K,1.29911
20240414,074233.645707,075247.094498,613.448791,551.357 um_pwv,673.083 um_pwv,35.0,4.941 K,1.29763
20240414,075248.050728,075635.574277,227.523549,548.673 um_pwv,669.806 um_pwv,35.0,4.858 K,1.29129
20240414,090135.723429,091149.265942,613.542513,535.028 um_pwv,653.148 um_pwv,35.0,4.773 K,1.25904
20240414,091150.227745,092203.669961,613.442216,534.053 um_pwv,651.958 um_pwv,35.0,4.789 K,1.25674
20240414,092204.633261,093218.078917,613.445656,534.053 um_pwv,651.958 um_pwv,35.0,4.794 K,1.25674
20240414,093219.041630,094232.485103,613.443473,533.921 um_pwv,651.798 um_pwv,35.0,4.824 K,1.25643
20240414,094233.447805,095246.897088,613.449283,533.948 um_pwv,651.83 um_pwv,35.0,4.793 K,1.25649
20240414,095247.854862,095635.377712,227.52285,530.264 um_pwv,647.332 um_pwv,35.0,4.706 K,1.24778
20240414,100136.527544,101150.075949,613.548405,530.105 um_pwv,647.138 um_pwv,35.0,4.774 K,1.24741
20240414,101151.038283,102204.483688,613.445405,526.125 um_pwv,642.28 um_pwv,35.0,4.801 K,1.23800
20240414,102205.447822,103218.891829,613.444007,523.023 um_pwv,638.493 um_pwv,35.0,4.795 K,1.23067
20240414,103219.854761,104233.299910,613.445149,517.611 um_pwv,631.887 um_pwv,35.0,4.812 K,1.21788
20240414,104234.263170,105247.711609,613.448439,511.176 um_pwv,624.03 um_pwv,35.0,4.813 K,1.20267
20240414,105248.668432,105636.190270,227.521838,507.499 um_pwv,619.542 um_pwv,35.0,4.833 K,1.19398
20240414,110136.332513,111149.881013,613.5485,505.291 um_pwv,616.847 um_pwv,35.0,4.904 K,1.18876
20240414,111150.843429,112204.291578,613.448149,506.176 um_pwv,617.927 um_pwv,35.0,4.906 K,1.19085
20240414,112205.248465,113218.700847,613.452382,506.787 um_pwv,618.673 um_pwv,35.0,4.845 K,1.19230
20240414,113219.658610,114233.107776,613.449166,502.957 um_pwv,613.997 um_pwv,35.0,4.894 K,1.18324
20240414,114234.064617,115247.515898,613.451281,496.47 um_pwv,606.077 um_pwv,35.0,4.971 K,1.16791
20240414,115248.472779,115635.993704,227.520925,489.922 um_pwv,598.084 um_pwv,35.0,4.937 K,1.15244
20240414,130136.249058,131149.826212,613.577154,480.612 um_pwv,586.719 um_pwv,35.0,4.713 K,1.13043
20240414,131150.787203,132204.231314,613.444111,480.103 um_pwv,586.098 um_pwv,35.0,4.728 K,1.12923
20240414,132205.193758,133218.639400,613.445642,477.203 um_pwv,582.557 um_pwv,35.0,4.744 K,1.12238
20240414,133219.600843,134233.049485,613.448642,477.191 um_pwv,582.543 um_pwv,35.0,4.752 K,1.12235
20240414,134234.006538,135247.458494,613.451956,475.596 um_pwv,580.595 um_pwv,35.0,4.769 K,1.11858
20240414,135248.414190,135635.937657,227.523467,473.632 um_pwv,578.198 um_pwv,35.0,4.736 K,1.11394
20240414,140136.054045,141149.629274,613.575229,474.052 um_pwv,578.711 um_pwv,35.0,4.767 K,1.11493
20240414,141150.591488,142204.040716,613.449228,470.772 um_pwv,574.706 um_pwv,35.0,4.746 K,1.10718
20240414,142204.996298,143218.444699,613.448401,469.544 um_pwv,573.208 um_pwv,35.0,4.735 K,1.10427
20240414,143219.407639,144232.852398,613.444759,470.146 um_pwv,573.942 um_pwv,35.0,4.685 K,1.10570
20240414,144233.814230,145247.263450,613.44922,470.736 um_pwv,574.662 um_pwv,35.0,4.662 K,1.10709
20240414,145248.219994,145635.741806,227.521812,467.307 um_pwv,570.476 um_pwv,35.0,4.655 K,1.09899
20240414,150135.849791,151149.389588,613.539797,464.553 um_pwv,567.115 um_pwv,35.0,4.66 K,1.09248
20240414,151150.345808,152203.792298,613.44649,463.285 um_pwv,565.567 um_pwv,35.0,4.64 K,1.08948
20240414,152204.756111,153218.202071,613.44596,464.954 um_pwv,567.605 um_pwv,35.0,4.668 K,1.09343
20240414,153219.163847,154232.612259,613.448412,466.249 um_pwv,569.185 um_pwv,35.0,4.636 K,1.09649
20240414,154233.567981,155247.017195,613.449214,465.183 um_pwv,567.883 um_pwv,35.0,4.658 K,1.09397
20240414,155247.979331,155635.497602,227.518271,464.129 um_pwv,566.597 um_pwv,35.0,4.547 K,1.09148
20240414,170135.657770,171149.233676,613.575906,473.936 um_pwv,578.569 um_pwv,35.0,4.582 K,1.11465
20240414,171150.196730,172203.641960,613.44523,474.613 um_pwv,579.396 um_pwv,35.0,4.6 K,1.11625
20240414,172204.604769,173218.050927,613.446158,473.936 um_pwv,578.569 um_pwv,35.0,4.622 K,1.11465
20240414,173219.008167,174232.455457,613.44729,473.62 um_pwv,578.183 um_pwv,35.0,4.648 K,1.11391
20240414,174233.419027,175246.864839,613.445812,473.959 um_pwv,578.597 um_pwv,35.0,4.59 K,1.11471
20240414,175247.827792,175635.346217,227.518425,474.017 um_pwv,578.668 um_pwv,35.0,4.604 K,1.11485
20240414,180136.450263,181150.001924,613.551661,475.9 um_pwv,580.967 um_pwv,35.0,4.497 K,1.11930
20240414,181150.958154,182204.408909,613.450755,477.168 um_pwv,582.514 um_pwv,35.0,4.491 K,1.12229
20240414,182205.366990,183218.817193,613.450203,479.205 um_pwv,585.002 um_pwv,35.0,4.47 K,1.12711
20240414,183219.774442,184233.224214,613.449772,480.659 um_pwv,586.776 um_pwv,35.0,4.44 K,1.13054
20240414,184234.181020,185247.632631,613.451611,480.127 um_pwv,586.126 um_pwv,35.0,4.453 K,1.12929
20240414,185248.590743,185636.110895,227.520152,479.264 um_pwv,585.074 um_pwv,35.0,4.421 K,1.12725
20240414,190136.301743,191149.851491,613.549748,485.059 um_pwv,592.148 um_pwv,35.0,4.418 K,1.14094
20240414,191150.813160,192204.260492,613.447332,487.683 um_pwv,595.35 um_pwv,35.0,4.334 K,1.14714
20240414,192205.217371,193218.667374,613.450003,489.5 um_pwv,597.569 um_pwv,35.0,4.337 K,1.15144
20240414,193219.630311,194233.077584,613.447273,489.259 um_pwv,597.275 um_pwv,35.0,4.326 K,1.15087
20240414,194234.034763,195247.484758,613.449995,488.055 um_pwv,595.805 um_pwv,35.0,4.338 K,1.14802
20240414,195248.443792,195635.964471,227.520679,487.851 um_pwv,595.556 um_pwv,35.0,4.277 K,1.14754
20240414,210136.124646,211149.703885,613.579239,511.692 um_pwv,624.661 um_pwv,35.0,4.041 K,1.20389
20240414,211150.659438,212204.108574,613.449136,512.197 um_pwv,625.277 um_pwv,35.0,4.048 K,1.20508
20240414,212205.070379,213218.517855,613.447476,509.855 um_pwv,622.418 um_pwv,35.0,4.082 K,1.19955
20240414,213219.479287,214232.925324,613.446037,506.587 um_pwv,618.429 um_pwv,35.0,4.118 K,1.19182
20240414,214233.886817,215247.334375,613.447558,507.249 um_pwv,619.237 um_pwv,35.0,4.093 K,1.19339
20240414,215248.290756,215635.812902,227.522146,506.637 um_pwv,618.49 um_pwv,35.0,4.033 K,1.19194
20240414,220135.865726,221149.414218,613.548492,512.487 um_pwv,625.631 um_pwv,35.0,4.01 K,1.20577
20240414,221150.370567,222203.821420,613.450853,518.673 um_pwv,633.183 um_pwv,35.0,3.955 K,1.22039
20240414,222204.777802,223218.225639,613.447837,522.006 um_pwv,637.252 um_pwv,35.0,3.95 K,1.22827
20240414,223219.188277,224232.633386,613.445109,525.918 um_pwv,642.027 um_pwv,35.0,3.94 K,1.23751
20240414,224233.596188,225247.043905,613.447717,526.397 um_pwv,642.612 um_pwv,35.0,3.878 K,1.23864
20240414,225248.002687,225635.524314,227.521627,522.328 um_pwv,637.644 um_pwv,35.0,3.842 K,1.22903
20240415,010136.538514,011150.077590,613.539076,530.564 um_pwv,647.699 um_pwv,35.0,3.791 K,1.24849
20240415,011151.033934,012204.486080,613.452146,528.229 um_pwv,644.849 um_pwv,35.0,3.85 K,1.24297
20240415,012205.439923,013218.891549,613.451626,527.384 um_pwv,643.817 um_pwv,35.0,3.915 K,1.24098
20240415,013219.848425,014233.295505,613.44708,527.473 um_pwv,643.925 um_pwv,35.0,3.933 K,1.24119
20240415,014234.258700,015247.703785,613.445085,529.937 um_pwv,646.934 um_pwv,35.0,3.975 K,1.24701
20240415,015248.666730,015636.186672,227.519942,530.198 um_pwv,647.253 um_pwv,35.0,3.926 K,1.24763
20240415,020136.331753,021149.881820,613.550067,534.275 um_pwv,652.229 um_pwv,35.0,3.943 K,1.25726
20240415,021150.837939,022204.289135,613.451196,531.375 um_pwv,648.689 um_pwv,35.0,3.952 K,1.25041
20240415,022205.245991,023218.693475,613.447484,530.159 um_pwv,647.205 um_pwv,35.0,3.939 K,1.24753
20240415,023219.656781,024233.101001,613.44422,527.514 um_pwv,643.976 um_pwv,35.0,4.046 K,1.24128
20240415,024234.064881,025247.509531,613.44465,530.185 um_pwv,647.237 um_pwv,35.0,4.046 K,1.24760
20240415,025248.472814,025635.992547,227.519733,534.896 um_pwv,652.987 um_pwv,35.0,3.965 K,1.25873
20240415,030136.143538,031149.687496,613.543958,550.122 um_pwv,671.575 um_pwv,35.0,3.853 K,1.29472
20240415,031150.644309,032204.094897,613.450588,552.431 um_pwv,674.394 um_pwv,35.0,3.85 K,1.30017
20240415,032205.053862,033218.501555,613.447693,557.712 um_pwv,680.84 um_pwv,35.0,3.802 K,1.31265
20240415,033219.458430,034232.910332,613.451902,557.863 um_pwv,681.025 um_pwv,35.0,3.788 K,1.31301
20240415,034233.868133,035247.318598,613.450465,557.67 um_pwv,680.79 um_pwv,35.0,3.792 K,1.31256
20240415,035248.277098,035635.797760,227.520662,559.885 um_pwv,683.493 um_pwv,35.0,3.839 K,1.31779
20240415,050135.987158,051149.537161,613.550003,564.794 um_pwv,689.486 um_pwv,35.0,3.863 K,1.32939
20240415,051150.497927,052203.941583,613.443656,563.918 um_pwv,688.416 um_pwv,35.0,3.846 K,1.32732
20240415,052204.903480,053218.349637,613.446157,564.043 um_pwv,688.569 um_pwv,35.0,3.792 K,1.32762
20240415,053219.311876,054232.760325,613.448449,565.393 um_pwv,690.217 um_pwv,35.0,3.805 K,1.33081
20240415,054233.721879,055247.164754,613.442875,563.154 um_pwv,687.484 um_pwv,35.0,3.814 K,1.32552
20240415,055248.126613,055635.649149,227.522536,558.011 um_pwv,681.206 um_pwv,35.0,3.769 K,1.31336
20240415,060135.814855,061149.392462,613.577607,557.519 um_pwv,680.605 um_pwv,35.0,3.838 K,1.31220
20240415,061150.347664,062203.799443,613.451779,558.237 um_pwv,681.482 um_pwv,35.0,3.798 K,1.31390
20240415,062204.755768,063218.205097,613.449329,561.283 um_pwv,685.2 um_pwv,35.0,3.731 K,1.32109
20240415,063219.166562,064232.614933,613.448371,561.145 um_pwv,685.031 um_pwv,35.0,3.805 K,1.32077
20240415,064233.570939,065247.021038,613.450099,561.643 um_pwv,685.639 um_pwv,35.0,3.776 K,1.32194
20240415,065247.982516,065635.501784,227.519268,561.601 um_pwv,685.589 um_pwv,35.0,3.708 K,1.32185
20240415,070135.567894,071149.147407,613.579513,566.648 um_pwv,691.75 um_pwv,35.0,3.8 K,1.33377
20240415,071150.108045,072203.555995,613.44795,570.98 um_pwv,697.038 um_pwv,35.0,3.82 K,1.34401
20240415,072204.513172,073217.968755,613.455583,573.194 um_pwv,699.741 um_pwv,35.0,3.798 K,1.34925
20240415,073218.922571,074232.371204,613.448633,574.34 um_pwv,701.139 um_pwv,35.0,3.78 K,1.35195
20240415,074233.327620,075246.775337,613.447717,574.623 um_pwv,701.485 um_pwv,35.0,3.781 K,1.35262
20240415,075247.737732,075635.256101,227.518369,574.071 um_pwv,700.811 um_pwv,35.0,3.713 K,1.35132
20240415,090136.453470,091150.004004,613.550534,586.674 um_pwv,716.197 um_pwv,35.0,3.879 K,1.38110
20240415,091150.966242,092204.411231,613.444989,587.282 um_pwv,716.938 um_pwv,35.0,3.944 K,1.38254
20240415,092205.374028,093219.828512,614.454484,589.541 um_pwv,719.697 um_pwv,35.0,3.934 K,1.38788
20240415,093220.786992,094234.236679,613.449687,595.152 um_pwv,726.546 um_pwv,35.0,3.849 K,1.40114
20240415,094235.193385,095248.640434,613.447049,598.975 um_pwv,731.213 um_pwv,35.0,3.738 K,1.41017
20240415,095249.603227,095636.164315,226.561088,597.725 um_pwv,729.687 um_pwv,35.0,3.777 K,1.40722
20240415,100136.307003,101149.858809,613.551806,598.182 um_pwv,730.245 um_pwv,35.0,3.867 K,1.40830
20240415,101150.816017,102204.266510,613.450493,596.077 um_pwv,727.675 um_pwv,35.0,3.829 K,1.40333
20240415,102205.226134,103218.674327,613.448193,590.967 um_pwv,721.437 um_pwv,35.0,3.904 K,1.39125
20240415,103219.631542,104233.080876,613.449334,587.919 um_pwv,717.717 um_pwv,35.0,4.073 K,1.38405
20240415,104234.037767,105247.484957,613.44719,582.926 um_pwv,711.621 um_pwv,35.0,4.168 K,1.37224
20240415,105248.448830,105635.967768,227.518938,572.023 um_pwv,698.311 um_pwv,35.0,4.319 K,1.34648
20240415,110136.110664,111149.661137,613.550473,572.037 um_pwv,698.328 um_pwv,35.0,4.265 K,1.34651
20240415,111150.623213,112204.068373,613.44516,577.374 um_pwv,704.844 um_pwv,35.0,4.063 K,1.35912
20240415,112205.031321,113218.477965,613.446644,579.973 um_pwv,708.017 um_pwv,35.0,4.036 K,1.36527
20240415,113219.434795,114232.884449,613.449654,586.905 um_pwv,716.479 um_pwv,35.0,3.908 K,1.38165
20240415,114233.841324,115247.293635,613.452311,593.935 um_pwv,725.061 um_pwv,35.0,3.921 K,1.39826
20240415,115248.251697,115635.772784,227.521087,590.796 um_pwv,721.228 um_pwv,35.0,3.904 K,1.39084
20240415,130135.934210,131149.510067,613.575857,600.727 um_pwv,733.353 um_pwv,35.0,4.015 K,1.41432
20240415,131150.471663,132203.917505,613.445842,605.452 um_pwv,739.12 um_pwv,35.0,4.133 K,1.42548
20240415,132204.879886,133218.326548,613.446662,605.974 um_pwv,739.758 um_pwv,35.0,4.111 K,1.42672
20240415,133219.282812,134232.731712,613.4489,605.72 um_pwv,739.448 um_pwv,35.0,4.09 K,1.42612
20240415,134233.693282,135247.142950,613.449668,600.294 um_pwv,732.824 um_pwv,35.0,4.244 K,1.41329
20240415,135248.099278,135635.621372,227.522094,599.57 um_pwv,731.939 um_pwv,35.0,4.128 K,1.41158
20240415,140135.716165,141149.268989,613.552824,604.363 um_pwv,737.791 um_pwv,35.0,4.098 K,1.42291
20240415,141150.224795,142203.677328,613.452533,603.023 um_pwv,736.156 um_pwv,35.0,4.123 K,1.41974
20240415,142204.633562,143218.085461,613.451899,599.052 um_pwv,731.308 um_pwv,35.0,4.473 K,1.41036
20240415,143219.042979,144232.491913,613.448934,603.098 um_pwv,736.246 um_pwv,35.0,4.639 K,1.41992
20240415,144233.449770,145246.899348,613.449578,602.875 um_pwv,735.974 um_pwv,35.0,4.627 K,1.41939
20240415,145247.855000,145635.379978,227.524978,606.195 um_pwv,740.027 um_pwv,35.0,4.343 K,1.42724
20240415,150136.530308,151150.081375,613.551067,607.83 um_pwv,742.023 um_pwv,35.0,4.431 K,1.43110
20240415,151151.042406,152204.486423,613.444017,604.046 um_pwv,737.404 um_pwv,35.0,4.489 K,1.42216
20240415,152205.448754,153218.896333,613.447579,605.735 um_pwv,739.466 um_pwv,35.0,4.409 K,1.42615
20240415,153219.857588,154233.305814,613.448226,609.3 um_pwv,743.818 um_pwv,35.0,4.376 K,1.43458
20240415,154234.262209,155247.711483,613.449274,617.649 um_pwv,754.01 um_pwv,35.0,4.074 K,1.45431
20240415,155248.673025,155636.192441,227.519416,616.261 um_pwv,752.315 um_pwv,35.0,3.901 K,1.45103
20240415,170136.379942,171149.932431,613.552489,623.586 um_pwv,761.258 um_pwv,35.0,4.077 K,1.46834
20240415,171150.888731,172204.338393,613.449662,631.773 um_pwv,771.253 um_pwv,35.0,3.94 K,1.48769
20240415,172205.295240,173218.743976,613.448736,636.594 um_pwv,777.138 um_pwv,35.0,3.81 K,1.49908
20240415,173219.708112,174233.155529,613.447417,634.767 um_pwv,774.907 um_pwv,35.0,3.848 K,1.49476
20240415,174234.112966,175247.562719,613.449753,639.185 um_pwv,780.301 um_pwv,35.0,3.792 K,1.50521
20240415,175248.520346,175636.040869,227.520523,638.807 um_pwv,779.839 um_pwv,35.0,3.829 K,1.50431
20240415,180136.184832,181149.735348,613.550516,634.552 um_pwv,774.645 um_pwv,35.0,3.791 K,1.49426
20240415,181150.697456,182204.145839,613.448383,632.74 um_pwv,772.433 um_pwv,35.0,3.775 K,1.48997
20240415,182205.103350,183218.549669,613.446319,643.392 um_pwv,785.436 um_pwv,35.0,3.58 K,1.51515
20240415,183219.513507,184232.960078,613.446571,645.935 um_pwv,788.541 um_pwv,35.0,3.55 K,1.52116
20240415,184233.916919,185247.365449,613.44853,644.36 um_pwv,786.619 um_pwv,35.0,3.539 K,1.51744
20240415,185248.328984,185635.847661,227.518677,644.546 um_pwv,786.846 um_pwv,35.0,3.468 K,1.51788
20240415,190135.999787,191149.540345,613.540558,644.848 um_pwv,787.214 um_pwv,35.0,3.588 K,1.51859
20240415,191150.502114,192203.946399,613.444285,647.115 um_pwv,789.982 um_pwv,35.0,3.567 K,1.52395
20240415,192204.909385,193218.355093,613.445708,652.692 um_pwv,796.79 um_pwv,35.0,3.536 K,1.53713
20240415,193219.317775,194232.764110,613.446335,662.476 um_pwv,808.734 um_pwv,35.0,3.377 K,1.56025
20240415,194233.721025,195247.172993,613.451968,667.292 um_pwv,814.613 um_pwv,35.0,3.364 K,1.57163
20240415,195248.130196,195635.651575,227.521379,664.894 um_pwv,811.685 um_pwv,35.0,3.385 K,1.56596
20240415,210135.840658,211149.391306,613.550648,676.667 um_pwv,826.058 um_pwv,35.0,3.418 K,1.59379
20240415,211150.352267,212203.796436,613.444169,678.394 um_pwv,828.166 um_pwv,35.0,3.511 K,1.59787
20240415,212204.759448,213218.204882,613.445434,686.535 um_pwv,838.105 um_pwv,35.0,3.449 K,1.61711
20240415,213219.166950,214232.613544,613.446594,688.485 um_pwv,840.485 um_pwv,35.0,3.307 K,1.62172
20240415,214233.570115,215247.020430,613.450315,690.594 um_pwv,843.06 um_pwv,35.0,3.262 K,1.62670
20240415,215247.982835,215635.503088,227.520253,689.879 um_pwv,842.187 um_pwv,35.0,3.192 K,1.62501
20240415,220135.654238,221149.195607,613.541369,690.225 um_pwv,842.61 um_pwv,35.0,3.189 K,1.62583
20240415,221150.156790,222203.600562,613.443772,690.305 um_pwv,842.706 um_pwv,35.0,3.308 K,1.62602
20240415,222204.562317,223218.008542,613.446225,692.169 um_pwv,844.982 um_pwv,35.0,3.317 K,1.63042
20240415,223218.970075,224232.418809,613.448734,695.329 um_pwv,848.84 um_pwv,35.0,3.311 K,1.63789
20240415,224233.376389,225246.827677,613.451288,701.848 um_pwv,856.799 um_pwv,35.0,3.347 K,1.65330
20240415,225247.789179,225635.308246,227.519067,703.912 um_pwv,859.318 um_pwv,35.0,3.286 K,1.65818
20240416,010136.313872,011150.054261,613.740389,671.927 um_pwv,820.272 um_pwv,35.0,3.378 K,1.58259
20240416,011151.010847,012204.457195,613.446348,671.27 um_pwv,819.469 um_pwv,35.0,3.391 K,1.58103
20240416,012205.420706,013218.867819,613.447113,673.177 um_pwv,821.797 um_pwv,35.0,3.368 K,1.58554
20240416,013219.824716,014233.275434,613.450718,675.872 um_pwv,825.087 um_pwv,35.0,3.312 K,1.59191
20240416,014234.232344,015247.681340,613.448996,678.595 um_pwv,828.411 um_pwv,35.0,3.266 K,1.59834
20240416,015248.644343,015636.164135,227.519792,683.297 um_pwv,834.152 um_pwv,35.0,3.178 K,1.60946
20240416,020136.116251,021149.663169,613.546918,690.174 um_pwv,842.547 um_pwv,35.0,3.171 K,1.62571
20240416,021150.627502,022204.075163,613.447661,695.649 um_pwv,849.231 um_pwv,35.0,3.165 K,1.63865
20240416,022205.032890,023218.483839,613.450949,703.432 um_pwv,858.732 um_pwv,35.0,3.161 K,1.65704
20240416,023219.442232,024232.889520,613.447288,706.835 um_pwv,862.886 um_pwv,35.0,3.162 K,1.66508
20240416,024233.847041,025247.298452,613.451411,712.296 um_pwv,869.553 um_pwv,35.0,3.195 K,1.67799
20240416,025248.255948,025635.778076,227.522128,711.102 um_pwv,868.096 um_pwv,35.0,3.211 K,1.67517
20240416,030135.933817,031149.471099,613.537282,714.661 um_pwv,872.44 um_pwv,35.0,3.259 K,1.68358
20240416,031150.433505,032203.881745,613.44824,719.874 um_pwv,878.804 um_pwv,35.0,3.256 K,1.69590
20240416,032204.839233,033218.285812,613.446579,720.461 um_pwv,879.52 um_pwv,35.0,3.383 K,1.69729
20240416,033219.248813,034232.692176,613.443363,714.648 um_pwv,872.425 um_pwv,35.0,3.361 K,1.68355
20240416,034233.656057,035247.102780,613.446723,713.686 um_pwv,871.249 um_pwv,35.0,3.257 K,1.68127
20240416,035248.065713,035635.583696,227.517983,713.897 um_pwv,871.507 um_pwv,35.0,3.265 K,1.68177
20240416,050135.699030,051149.270926,613.571896,701.053 um_pwv,855.827 um_pwv,35.0,3.292 K,1.65142
20240416,051150.233695,052203.680824,613.447129,698.239 um_pwv,852.393 um_pwv,35.0,3.336 K,1.64477
20240416,052204.643850,053218.096355,613.452505,702.368 um_pwv,857.433 um_pwv,35.0,3.406 K,1.65453
20240416,053219.049252,054232.496074,613.446822,690.719 um_pwv,843.213 um_pwv,35.0,3.496 K,1.62700
20240416,054233.458098,055246.901900,613.443802,685.48 um_pwv,836.817 um_pwv,35.0,3.627 K,1.61462
20240416,055247.865481,055635.384316,227.518835,687.659 um_pwv,839.477 um_pwv,35.0,3.585 K,1.61977
20240416,060136.488833,061150.039537,613.550704,692.528 um_pwv,845.42 um_pwv,35.0,3.697 K,1.63127
20240416,061151.000437,062204.448511,613.448074,682.13 um_pwv,832.727 um_pwv,35.0,3.823 K,1.60670
20240416,062205.405690,063218.855117,613.449427,663.779 um_pwv,810.325 um_pwv,35.0,4.096 K,1.56333
20240416,063219.811075,064233.263407,613.452332,661.47 um_pwv,807.506 um_pwv,35.0,4.199 K,1.55787
20240416,064234.221217,065247.668267,613.44705,656.162 um_pwv,801.026 um_pwv,35.0,4.041 K,1.54533
20240416,065248.630303,065636.150226,227.519923,650.218 um_pwv,793.77 um_pwv,35.0,3.982 K,1.53128
20240416,070136.292998,071149.842392,613.549394,653.992 um_pwv,798.377 um_pwv,35.0,4.028 K,1.54020
20240416,071150.803916,072204.249985,613.446069,656.939 um_pwv,801.975 um_pwv,35.0,4.068 K,1.54717
20240416,072205.211766,073218.662336,613.45057,642.821 um_pwv,784.739 um_pwv,35.0,4.21 K,1.51380
20240416,073219.619702,074233.069702,613.45,644.217 um_pwv,786.444 um_pwv,35.0,4.178 K,1.51710
20240416,074234.026079,075247.477382,613.451303,644.467 um_pwv,786.749 um_pwv,35.0,4.198 K,1.51769
20240416,075248.434274,075635.957202,227.522928,644.562 um_pwv,786.865 um_pwv,35.0,4.184 K,1.51791
20240416,090136.149415,091149.696425,613.54701,697.276 um_pwv,851.216 um_pwv,35.0,3.511 K,1.64249
20240416,091150.654236,092204.104055,613.449819,699.843 um_pwv,854.351 um_pwv,35.0,3.562 K,1.64856
20240416,092205.062397,093218.511679,613.449282,704.694 um_pwv,860.272 um_pwv,35.0,3.613 K,1.66002
20240416,093219.470077,094232.919833,613.449756,706.382 um_pwv,862.333 um_pwv,35.0,3.6 K,1.66401
20240416,094233.877617,095247.322590,613.444973,698.412 um_pwv,852.603 um_pwv,35.0,3.656 K,1.64518
20240416,095248.285591,095635.805520,227.519929,693.519 um_pwv,846.63 um_pwv,35.0,3.685 K,1.63361
20240416,100135.949484,101149.502028,613.552544,688.644 um_pwv,840.679 um_pwv,35.0,3.749 K,1.62209
20240416,101150.458649,102203.904620,613.445971,688.315 um_pwv,840.278 um_pwv,35.0,3.737 K,1.62132
20240416,102204.867646,103218.312778,613.445132,695.266 um_pwv,848.763 um_pwv,35.0,3.768 K,1.63774
20240416,103219.277290,104232.724380,613.44709,688.519 um_pwv,840.527 um_pwv,35.0,3.817 K,1.62180
20240416,104233.681346,105247.130494,613.449148,686.558 um_pwv,838.132 um_pwv,35.0,3.892 K,1.61716
20240416,105248.093239,105635.611205,227.517966,686.829 um_pwv,838.463 um_pwv,35.0,3.903 K,1.61780
20240416,110135.731529,111149.305963,613.574434,672.259 um_pwv,820.676 um_pwv,35.0,4.093 K,1.58337
20240416,111150.267806,112203.715732,613.447926,658.589 um_pwv,803.989 um_pwv,35.0,4.16 K,1.55106
20240416,112204.674189,113218.128680,613.454491,648.953 um_pwv,792.225 um_pwv,35.0,4.2 K,1.52829
20240416,113219.082032,114232.526381,613.444349,640.016 um_pwv,781.316 um_pwv,35.0,4.294 K,1.50717
20240416,114233.489869,115246.934622,613.444753,630.384 um_pwv,769.557 um_pwv,35.0,4.376 K,1.48441
20240416,115247.897576,115635.417458,227.519882,620.733 um_pwv,757.775 um_pwv,35.0,4.332 K,1.46160
20240416,130136.536965,131150.116494,613.579529,610.202 um_pwv,744.919 um_pwv,35.0,4.467 K,1.43671
20240416,131151.077475,132204.523975,613.4465,609.24 um_pwv,743.745 um_pwv,35.0,4.474 K,1.43443
20240416,132205.485749,133218.932460,613.446711,607.29 um_pwv,741.365 um_pwv,35.0,4.508 K,1.42983
20240416,133219.888461,134233.339585,613.451124,608.699 um_pwv,743.085 um_pwv,35.0,4.45 K,1.43316
20240416,134234.295874,135247.746188,613.450314,608.084 um_pwv,742.334 um_pwv,35.0,4.469 K,1.43170
20240416,135248.707978,135636.228098,227.52012,605.81 um_pwv,739.557 um_pwv,35.0,4.432 K,1.42633
20240416,140136.321732,141149.873549,613.551817,612.856 um_pwv,748.158 um_pwv,35.0,4.382 K,1.44298
20240416,141150.834464,142204.278067,613.443603,613.052 um_pwv,748.398 um_pwv,35.0,4.385 K,1.44344
20240416,142205.240684,143218.685150,613.444466,610.473 um_pwv,745.25 um_pwv,35.0,4.36 K,1.43735
20240416,143219.648711,144233.097800,613.449089,614.683 um_pwv,750.389 um_pwv,35.0,4.347 K,1.44730
20240416,144234.054861,145247.500632,613.445771,617.691 um_pwv,754.061 um_pwv,35.0,4.301 K,1.45441
20240416,145248.462692,145635.983539,227.520847,615.248 um_pwv,751.079 um_pwv,35.0,4.261 K,1.44863
20240416,150136.150951,151149.725158,613.574207,614.565 um_pwv,750.246 um_pwv,35.0,4.215 K,1.44702
20240416,151150.685968,152204.130337,613.444369,616.675 um_pwv,752.821 um_pwv,35.0,4.18 K,1.45201
20240416,152205.093740,153218.543692,613.449952,617.542 um_pwv,753.88 um_pwv,35.0,4.179 K,1.45406
20240416,153219.500236,154232.945647,613.445411,617.025 um_pwv,753.248 um_pwv,35.0,4.1 K,1.45283
20240416,154233.909958,155247.358789,613.448831,614.808 um_pwv,750.542 um_pwv,35.0,4.087 K,1.44759
20240416,155248.315074,155635.837005,227.521931,610.925 um_pwv,745.801 um_pwv,35.0,4.089 K,1.43842
20240416,170135.942683,171150.247734,614.305051,626.896 um_pwv,765.299 um_pwv,35.0,4.017 K,1.47616
20240416,171151.209478,172204.655698,613.44622,637.202 um_pwv,777.88 um_pwv,35.0,3.925 K,1.50052
20240416,172205.618351,173219.065007,613.446656,648.137 um_pwv,791.229 um_pwv,35.0,3.907 K,1.52636
20240416,173220.024895,174233.471890,613.446995,654.643 um_pwv,799.171 um_pwv,35.0,3.869 K,1.54174
20240416,174234.428785,175247.881840,613.453055,654.256 um_pwv,798.699 um_pwv,35.0,3.865 K,1.54082
20240416,175248.839955,175635.399343,226.559388,647.594 um_pwv,790.566 um_pwv,35.0,3.807 K,1.52508
20240416,180135.747873,181149.287044,613.539171,655.37 um_pwv,800.059 um_pwv,35.0,3.755 K,1.54346
20240416,181150.243055,182203.694083,613.451028,664.861 um_pwv,811.645 um_pwv,35.0,3.703 K,1.56589
20240416,182204.650937,183218.099841,613.448904,675.672 um_pwv,824.843 um_pwv,35.0,3.685 K,1.59144
20240416,183219.062797,184232.510123,613.447326,677.858 um_pwv,827.512 um_pwv,35.0,3.605 K,1.59660
20240416,184233.469107,185246.914733,613.445626,675.955 um_pwv,825.189 um_pwv,35.0,3.614 K,1.59211
20240416,185247.878588,185635.396563,227.517975,673.376 um_pwv,822.04 um_pwv,35.0,3.64 K,1.58601
20240416,190136.596716,191150.146694,613.549978,669.897 um_pwv,817.794 um_pwv,35.0,3.671 K,1.57779
20240416,191151.108810,192204.552929,613.444119,670.856 um_pwv,818.964 um_pwv,35.0,3.627 K,1.58006
20240416,192205.516221,193218.969532,613.453311,677.391 um_pwv,826.941 um_pwv,35.0,3.612 K,1.59550
20240416,193219.921612,194233.368755,613.447143,675.989 um_pwv,825.23 um_pwv,35.0,3.572 K,1.59218
20240416,194234.326812,195247.779761,613.452949,671.27 um_pwv,819.469 um_pwv,35.0,3.559 K,1.58103
20240416,195248.738726,195636.257998,227.519272,670.934 um_pwv,819.059 um_pwv,35.0,3.583 K,1.58024
20240416,210136.449440,211150.000385,613.550945,699.878 um_pwv,854.393 um_pwv,35.0,3.431 K,1.64864
20240416,211150.955511,212204.404481,613.44897,703.113 um_pwv,858.343 um_pwv,35.0,3.4 K,1.65629
20240416,212205.367741,213218.816080,613.448339,700.068 um_pwv,854.625 um_pwv,35.0,3.374 K,1.64909
20240416,213219.771695,214233.222755,613.45106,699.233 um_pwv,853.606 um_pwv,35.0,3.419 K,1.64712
20240416,214234.179445,215247.631718,613.452273,700.154 um_pwv,854.73 um_pwv,35.0,3.433 K,1.64929
20240416,215248.587695,215636.110558,227.522863,699.147 um_pwv,853.501 um_pwv,35.0,3.381 K,1.64691
20240416,220136.252722,221149.805739,613.553017,697.671 um_pwv,851.699 um_pwv,35.0,3.462 K,1.64343
20240416,221150.761211,222204.211331,613.45012,689.437 um_pwv,841.647 um_pwv,35.0,3.556 K,1.62397
20240416,222205.173375,223218.618201,613.444826,686.326 um_pwv,837.85 um_pwv,35.0,3.594 K,1.61662
20240416,223219.575494,224233.027901,613.452407,691.162 um_pwv,843.753 um_pwv,35.0,3.616 K,1.62804
20240416,224233.985112,225247.435184,613.450072,689.8 um_pwv,842.09 um_pwv,35.0,3.603 K,1.62482
20240416,225248.390844,225635.915222,227.524378,688.984 um_pwv,841.094 um_pwv,35.0,3.6 K,1.62290
20240417,010135.926241,011149.508214,613.581973,691.088 um_pwv,843.663 um_pwv,35.0,3.471 K,1.62787
20240417,011150.466382,012203.912899,613.446517,693.656 um_pwv,846.798 um_pwv,35.0,3.48 K,1.63394
20240417,012204.876835,013218.323805,613.44697,694.992 um_pwv,848.428 um_pwv,35.0,3.463 K,1.63709
20240417,013219.282859,014232.731325,613.448466,700.77 um_pwv,855.482 um_pwv,35.0,3.446 K,1.65075
20240417,014233.688196,015247.139203,613.451007,704.404 um_pwv,859.919 um_pwv,35.0,3.491 K,1.65934
20240417,015248.098285,015635.617423,227.519138,705.401 um_pwv,861.135 um_pwv,35.0,3.496 K,1.66169
20240417,020135.725580,021149.264876,613.539296,700.476 um_pwv,855.123 um_pwv,35.0,3.554 K,1.65006
20240417,021150.221440,022203.673142,613.451702,691.293 um_pwv,843.913 um_pwv,35.0,3.653 K,1.62835
20240417,022204.630009,023218.078817,613.448808,696.605 um_pwv,850.398 um_pwv,35.0,3.528 K,1.64091
20240417,023219.041552,024232.485807,613.444255,698.935 um_pwv,853.242 um_pwv,35.0,3.511 K,1.64641
20240417,024233.449049,025246.893257,613.444208,699.009 um_pwv,853.332 um_pwv,35.0,3.402 K,1.64659
20240417,025247.856397,025635.376290,227.519893,697.998 um_pwv,852.099 um_pwv,35.0,3.27 K,1.64420
20240417,030136.532078,031150.079428,613.54735,697.637 um_pwv,851.657 um_pwv,35.0,3.255 K,1.64335
20240417,031151.035865,032204.486768,613.450903,702.957 um_pwv,858.153 um_pwv,35.0,3.27 K,1.65592
20240417,032205.443697,033218.891525,613.447828,705.517 um_pwv,861.277 um_pwv,35.0,3.281 K,1.66197
20240417,033219.854428,034233.298599,613.444171,709.42 um_pwv,866.042 um_pwv,35.0,3.32 K,1.67119
20240417,034234.261067,035247.705866,613.444799,709.928 um_pwv,866.662 um_pwv,35.0,3.302 K,1.67239
20240417,035248.669474,035636.189107,227.519633,703.027 um_pwv,858.237 um_pwv,35.0,3.332 K,1.65608
20240417,050136.328390,051149.880385,613.551995,698.136 um_pwv,852.267 um_pwv,35.0,3.315 K,1.64453
20240417,051150.837089,052204.284619,613.44753,702.767 um_pwv,857.92 um_pwv,35.0,3.296 K,1.65547
20240417,052205.246391,053218.692302,613.445911,700.355 um_pwv,854.976 um_pwv,35.0,3.223 K,1.64977
20240417,053219.655121,054233.102056,613.446935,697.499 um_pwv,851.489 um_pwv,35.0,3.192 K,1.64302
20240417,054234.064109,055247.512145,613.448036,693.896 um_pwv,847.09 um_pwv,35.0,3.231 K,1.63450
20240417,055248.468744,055635.991932,227.523188,688.644 um_pwv,840.679 um_pwv,35.0,3.26 K,1.62209
20240417,060136.135546,061149.684071,613.548525,686.089 um_pwv,837.561 um_pwv,35.0,3.276 K,1.61606
20240417,061150.644932,062204.090571,613.445639,681.575 um_pwv,832.049 um_pwv,35.0,3.29 K,1.60539
20240417,062205.053730,063218.500532,613.446802,680.304 um_pwv,830.498 um_pwv,35.0,3.241 K,1.60238
20240417,063219.462242,064232.910507,613.448265,680.768 um_pwv,831.065 um_pwv,35.0,3.215 K,1.60348
20240417,064233.867383,065247.312970,613.445587,679.097 um_pwv,829.024 um_pwv,35.0,3.241 K,1.59953
20240417,065248.275042,065635.797141,227.522099,677.173 um_pwv,826.676 um_pwv,35.0,3.291 K,1.59498
20240417,070135.939688,071149.488759,613.549071,677.056 um_pwv,826.533 um_pwv,35.0,3.294 K,1.59471
20240417,071150.450015,072203.896832,613.446817,677.274 um_pwv,826.798 um_pwv,35.0,3.288 K,1.59522
20240417,072204.854644,073218.305616,613.450972,675.866 um_pwv,825.081 um_pwv,35.0,3.278 K,1.59190
20240417,073219.267129,074232.714449,613.44732,676.383 um_pwv,825.712 um_pwv,35.0,3.221 K,1.59312
20240417,074233.671800,075247.121821,613.450021,674.478 um_pwv,823.386 um_pwv,35.0,3.177 K,1.58862
20240417,075248.083359,075635.601751,227.518392,669.749 um_pwv,817.612 um_pwv,35.0,3.095 K,1.57744
20240417,090135.756249,091149.291878,613.535629,655.074 um_pwv,799.698 um_pwv,35.0,2.881 K,1.54276
20240417,091150.254007,092203.701614,613.447607,652.14 um_pwv,796.116 um_pwv,35.0,2.893 K,1.53582
20240417,092204.660293,093218.105984,613.445691,648.153 um_pwv,791.249 um_pwv,35.0,2.86 K,1.52640
20240417,093219.069039,094232.515915,613.446876,645.457 um_pwv,787.958 um_pwv,35.0,2.816 K,1.52003
20240417,094233.472896,095246.923860,613.450964,645.039 um_pwv,787.447 um_pwv,35.0,2.779 K,1.51904
20240417,095247.881113,095635.403207,227.522094,645.076 um_pwv,787.492 um_pwv,35.0,2.764 K,1.51913
20240417,100136.557756,101150.107236,613.54948,644.61 um_pwv,786.923 um_pwv,35.0,2.749 K,1.51803
20240417,101151.064159,102204.514831,613.450672,645.569 um_pwv,788.094 um_pwv,35.0,2.65 K,1.52029
20240417,102205.472643,103218.921201,613.448558,644.789 um_pwv,787.142 um_pwv,35.0,2.594 K,1.51845
20240417,103219.878066,104233.325489,613.447423,642.884 um_pwv,784.817 um_pwv,35.0,2.578 K,1.51395
20240417,104234.290015,105247.733022,613.443007,641.332 um_pwv,782.922 um_pwv,35.0,2.533 K,1.51028
20240417,105248.696035,105636.216804,227.520769,638.949 um_pwv,780.012 um_pwv,35.0,2.559 K,1.50465
20240417,110136.364014,111149.908312,613.544298,638.319 um_pwv,779.243 um_pwv,35.0,2.554 K,1.50316
20240417,111150.871394,112204.316314,613.44492,638.02 um_pwv,778.878 um_pwv,35.0,2.607 K,1.50245
20240417,112205.279947,113218.726631,613.446684,637.611 um_pwv,778.379 um_pwv,35.0,2.655 K,1.50149
20240417,113219.684172,114233.129695,613.445523,635.743 um_pwv,776.099 um_pwv,35.0,2.617 K,1.49707
20240417,114234.094234,115247.539225,613.444991,633.583 um_pwv,773.462 um_pwv,35.0,2.629 K,1.49197
20240417,115248.502201,115636.022938,227.520737,631.073 um_pwv,770.398 um_pwv,35.0,2.6 K,1.48603
20240417,130129.394122,131143.183575,613.789453,625.295 um_pwv,763.345 um_pwv,35.0,2.527 K,1.47238
20240417,131144.139852,132157.592371,613.452519,619.861 um_pwv,756.711 um_pwv,35.0,2.54 K,1.45954
20240417,132158.551363,133211.998375,613.447012,618.064 um_pwv,754.517 um_pwv,35.0,2.572 K,1.45529
20240417,133212.959895,134226.405175,613.44528,620.381 um_pwv,757.345 um_pwv,35.0,2.534 K,1.46077
20240417,134227.367450,135240.814481,613.447031,620.917 um_pwv,757.999 um_pwv,35.0,2.541 K,1.46203
20240417,135241.770792,135629.295108,227.524316,621.391 um_pwv,758.579 um_pwv,35.0,2.506 K,1.46315
20240417,140136.169928,141149.706853,613.536925,620.722 um_pwv,757.761 um_pwv,35.0,2.585 K,1.46157
20240417,141150.668079,142204.113922,613.445843,622.864 um_pwv,760.376 um_pwv,35.0,2.568 K,1.46663
20240417,142205.076036,143218.520749,613.444713,623.002 um_pwv,760.545 um_pwv,35.0,2.577 K,1.46696
20240417,143219.482864,144232.929171,613.446307,618.914 um_pwv,755.555 um_pwv,35.0,2.602 K,1.45730
20240417,144233.892148,145247.340851,613.448703,618.716 um_pwv,755.313 um_pwv,35.0,2.651 K,1.45683
20240417,145248.298539,145635.818207,227.519668,617.695 um_pwv,754.066 um_pwv,35.0,2.58 K,1.45442
20240417,150136.011370,151149.558036,613.546666,619.143 um_pwv,755.834 um_pwv,35.0,2.57 K,1.45784
20240417,151150.519631,152203.966901,613.44727,621.713 um_pwv,758.972 um_pwv,35.0,2.551 K,1.46391
20240417,152204.926706,153218.376995,613.450289,625.773 um_pwv,763.928 um_pwv,35.0,2.565 K,1.47351
20240417,153219.333393,154232.785804,613.452411,624.787 um_pwv,762.724 um_pwv,35.0,2.55 K,1.47118
20240417,154233.740401,155247.189476,613.449075,622.722 um_pwv,760.203 um_pwv,35.0,2.612 K,1.46630
20240417,155248.148665,155635.672120,227.523455,619.708 um_pwv,756.524 um_pwv,35.0,2.581 K,1.45918
20240417,170135.870480,171149.412760,613.54228,614.732 um_pwv,750.449 um_pwv,35.0,2.497 K,1.44741
20240417,171150.374561,172203.817578,613.443017,614.55 um_pwv,750.227 um_pwv,35.0,2.53 K,1.44698
20240417,172204.782481,173218.227974,613.445493,618.803 um_pwv,755.419 um_pwv,35.0,2.464 K,1.45704
20240417,173219.184941,174232.634795,613.449854,620.366 um_pwv,757.327 um_pwv,35.0,2.436 K,1.46073
20240417,174233.597761,175247.092375,613.494614,621.591 um_pwv,758.822 um_pwv,35.0,2.421 K,1.46362
20240417,175248.048119,175635.570805,227.522686,621.054 um_pwv,758.167 um_pwv,35.0,2.387 K,1.46236
20240417,180135.693633,181149.264248,613.570615,625.461 um_pwv,763.546 um_pwv,35.0,2.509 K,1.47277
20240417,181150.227024,182203.674754,613.44773,628.836 um_pwv,767.667 um_pwv,35.0,2.467 K,1.48075
20240417,182204.631655,183218.081876,613.450221,630.28 um_pwv,769.429 um_pwv,35.0,2.483 K,1.48416
20240417,183219.038996,184232.489594,613.450598,633.708 um_pwv,773.615 um_pwv,35.0,2.407 K,1.49226
20240417,184233.446571,185246.897402,613.450831,637.077 um_pwv,777.727 um_pwv,35.0,2.394 K,1.50022
20240417,185247.854462,185635.378078,227.523616,637.878 um_pwv,778.706 um_pwv,35.0,2.359 K,1.50212
20240417,190136.481261,191150.032159,613.550898,639.611 um_pwv,780.821 um_pwv,35.0,2.384 K,1.50621
20240417,191150.991528,192204.439070,613.447542,637.328 um_pwv,778.034 um_pwv,35.0,2.425 K,1.50082
20240417,192205.395938,193218.847352,613.451414,635.711 um_pwv,776.06 um_pwv,35.0,2.532 K,1.49700
20240417,193219.805679,194233.252579,613.4469,629.131 um_pwv,768.027 um_pwv,35.0,2.669 K,1.48144
20240417,194234.210463,195247.657900,613.447437,619.174 um_pwv,755.872 um_pwv,35.0,2.666 K,1.45791
20240417,195248.622075,195636.141895,227.51982,615.369 um_pwv,751.227 um_pwv,35.0,2.637 K,1.44892
20240417,210136.385317,211149.925257,613.53994,629.301 um_pwv,768.235 um_pwv,35.0,2.601 K,1.48185
20240417,211150.888026,212204.335419,613.447393,630.198 um_pwv,769.329 um_pwv,35.0,2.605 K,1.48397
20240417,212205.292172,213218.739762,613.44759,630.513 um_pwv,769.714 um_pwv,35.0,2.569 K,1.48471
20240417,213219.704287,214233.147505,613.443218,631.68 um_pwv,771.139 um_pwv,35.0,2.601 K,1.48747
20240417,214234.110476,215247.559707,613.449231,628.247 um_pwv,766.948 um_pwv,35.0,2.579 K,1.47936
20240417,215248.516244,215636.038974,227.52273,623.94 um_pwv,761.69 um_pwv,35.0,2.555 K,1.46918
20240417,220136.229943,221149.827041,613.597098,623.402 um_pwv,761.033 um_pwv,35.0,2.579 K,1.46790
20240417,221150.788265,222204.235070,613.446805,623.709 um_pwv,761.408 um_pwv,35.0,2.571 K,1.46863
20240417,222205.197019,223218.641736,613.444717,621.77 um_pwv,759.041 um_pwv,35.0,2.573 K,1.46405
20240417,223219.603278,224233.053998,613.45072,618.228 um_pwv,754.717 um_pwv,35.0,2.556 K,1.45568
20240417,224234.011217,225247.458519,613.447302,616.189 um_pwv,752.228 um_pwv,35.0,2.505 K,1.45086
20240417,225248.420673,225635.940001,227.519328,612.312 um_pwv,747.495 um_pwv,35.0,2.475 K,1.44169
20240418,010135.984345,011149.532470,613.548125,572.855 um_pwv,699.327 um_pwv,35.0,2.458 K,1.34844
20240418,011150.495363,012203.939866,613.444503,569.715 um_pwv,695.494 um_pwv,35.0,2.479 K,1.34102
20240418,012204.903317,013218.350574,613.447257,566.928 um_pwv,692.091 um_pwv,35.0,2.462 K,1.33443
20240418,013219.310783,014232.758599,613.447816,565.518 um_pwv,690.37 um_pwv,35.0,2.492 K,1.33110
20240418,014233.718514,015247.166510,613.447996,564.46 um_pwv,689.078 um_pwv,35.0,2.496 K,1.32860
20240418,015248.125426,015635.645332,227.519906,560.343 um_pwv,684.053 um_pwv,35.0,2.398 K,1.31887
20240418,020135.836311,021149.384259,613.547948,555.569 um_pwv,678.224 um_pwv,35.0,2.504 K,1.30759
20240418,021150.348894,022203.795407,613.446513,553.276 um_pwv,675.425 um_pwv,35.0,2.445 K,1.30217
20240418,022204.752921,023218.204800,613.451879,552.265 um_pwv,674.192 um_pwv,35.0,2.451 K,1.29978
20240418,023219.164139,024232.607859,613.44372,552.527 um_pwv,674.511 um_pwv,35.0,2.444 K,1.30040
20240418,024233.566931,025247.016624,613.449693,552.881 um_pwv,674.943 um_pwv,35.0,2.426 K,1.30124
20240418,025247.979905,025635.497530,227.517625,551.547 um_pwv,673.315 um_pwv,35.0,2.39 K,1.29808
20240418,030135.690940,031149.239883,613.548943,551.411 um_pwv,673.149 um_pwv,35.0,2.398 K,1.29776
20240418,031150.202131,032203.648385,613.446254,549.821 um_pwv,671.208 um_pwv,35.0,2.377 K,1.29400
20240418,032204.605338,033218.057637,613.452299,548.876 um_pwv,670.054 um_pwv,35.0,2.376 K,1.29177
20240418,033219.017709,034232.465502,613.447793,550.23 um_pwv,671.707 um_pwv,35.0,2.34 K,1.29497
20240418,034233.424823,035246.870685,613.445862,550.461 um_pwv,671.989 um_pwv,35.0,2.374 K,1.29552
20240418,035247.828137,035635.351181,227.523044,548.389 um_pwv,669.46 um_pwv,35.0,2.374 K,1.29062
20240418,050135.609214,051149.186808,613.577594,539.848 um_pwv,659.033 um_pwv,35.0,2.422 K,1.27043
20240418,051150.147837,052203.592455,613.444618,537.684 um_pwv,656.391 um_pwv,35.0,2.398 K,1.26532
20240418,052204.555490,053218.009674,613.454184,535.07 um_pwv,653.199 um_pwv,35.0,2.411 K,1.25914
20240418,053218.963864,054232.412570,613.448706,536.914 um_pwv,655.451 um_pwv,35.0,2.303 K,1.26350
20240418,054233.371670,055246.815288,613.443618,537.088 um_pwv,655.664 um_pwv,35.0,2.244 K,1.26391
20240418,055247.777350,055635.299760,227.52241,535.819 um_pwv,654.115 um_pwv,35.0,2.228 K,1.26091
20240418,060136.450505,061149.997516,613.547011,537.87 um_pwv,656.618 um_pwv,35.0,2.245 K,1.26576
20240418,061150.961700,062204.410604,613.448904,538.095 um_pwv,656.893 um_pwv,35.0,2.203 K,1.26629
20240418,062205.368765,063218.816667,613.447902,537.287 um_pwv,655.906 um_pwv,35.0,2.174 K,1.26438
20240418,063219.773576,064233.225424,613.451848,534.896 um_pwv,652.987 um_pwv,35.0,2.241 K,1.25873
20240418,064234.181383,065247.632510,613.451127,533.553 um_pwv,651.348 um_pwv,35.0,2.278 K,1.25556
20240418,065248.594651,065636.111872,227.517221,530.601 um_pwv,647.744 um_pwv,35.0,2.263 K,1.24858
20240418,070136.304533,071149.852329,613.547796,529.206 um_pwv,646.042 um_pwv,35.0,2.303 K,1.24528
20240418,071150.813209,072204.262089,613.44888,526.981 um_pwv,643.325 um_pwv,35.0,2.324 K,1.24002
20240418,072205.224159,073218.667601,613.443442,524.197 um_pwv,639.926 um_pwv,35.0,2.35 K,1.23344
20240418,073219.631337,074233.077627,613.44629,523.758 um_pwv,639.391 um_pwv,35.0,2.374 K,1.23241
20240418,074234.034016,075247.486994,613.452978,523.049 um_pwv,638.525 um_pwv,35.0,2.365 K,1.23073
20240418,075248.442371,075635.964304,227.521933,521.415 um_pwv,636.53 um_pwv,35.0,2.294 K,1.22687
20240418,090136.123738,091149.699101,613.575363,512.058 um_pwv,625.107 um_pwv,35.0,2.471 K,1.20475
20240418,091150.664275,092204.106491,613.442216,508.325 um_pwv,620.55 um_pwv,35.0,2.486 K,1.19593
20240418,092205.065836,093218.514424,613.448588,505.864 um_pwv,617.546 um_pwv,35.0,2.582 K,1.19012
20240418,093219.473941,094232.923945,613.450004,502.35 um_pwv,613.256 um_pwv,35.0,2.628 K,1.18181
20240418,094233.886608,095247.329096,613.442488,498.541 um_pwv,608.606 um_pwv,35.0,2.692 K,1.17281
20240418,095248.293454,095635.813461,227.520007,496.347 um_pwv,605.928 um_pwv,35.0,2.68 K,1.16762
20240418,100135.927416,101149.502972,613.575556,496.47 um_pwv,606.077 um_pwv,35.0,2.748 K,1.16791
20240418,101150.464790,102203.912929,613.448139,496.323 um_pwv,605.898 um_pwv,35.0,2.832 K,1.16756
20240418,102204.870847,103218.319514,613.448667,497.228 um_pwv,607.004 um_pwv,35.0,2.867 K,1.16970
20240418,103219.278425,104232.730530,613.452105,496.519 um_pwv,606.137 um_pwv,35.0,2.915 K,1.16803
20240418,104233.693226,105247.138067,613.444841,492.79 um_pwv,601.586 um_pwv,35.0,2.971 K,1.15922
20240418,105248.095608,105635.616107,227.520499,489.825 um_pwv,597.966 um_pwv,35.0,3.029 K,1.15221
20240418,110135.733063,111149.307431,613.574368,489.343 um_pwv,597.378 um_pwv,35.0,2.971 K,1.15107
20240418,111150.270773,112203.718853,613.44808,488.031 um_pwv,595.776 um_pwv,35.0,3.015 K,1.14797
20240418,112204.677489,113218.126638,613.449149,488.705 um_pwv,596.598 um_pwv,35.0,3.049 K,1.14956
20240418,113219.086291,114232.534139,613.447848,489.789 um_pwv,597.922 um_pwv,35.0,3.01 K,1.15212
20240418,114233.492867,115246.936145,613.443278,491.844 um_pwv,600.431 um_pwv,35.0,2.983 K,1.15698
20240418,115247.899449,115635.419143,227.519694,492.912 um_pwv,601.734 um_pwv,35.0,2.892 K,1.15950
20240418,130135.624522,131149.207388,613.582866,494.931 um_pwv,604.199 um_pwv,35.0,2.842 K,1.16428
20240418,131150.163072,132203.615409,613.452337,495.859 um_pwv,605.331 um_pwv,35.0,2.873 K,1.16647
20240418,132204.575040,133218.026693,613.451653,496.69 um_pwv,606.346 um_pwv,35.0,2.873 K,1.16843
20240418,133218.983433,134232.426530,613.443097,497.89 um_pwv,607.812 um_pwv,35.0,2.863 K,1.17127
20240418,134233.389525,135246.838390,613.448865,495.712 um_pwv,605.153 um_pwv,35.0,2.796 K,1.16612
20240418,135247.794678,135635.318217,227.523539,494.468 um_pwv,603.634 um_pwv,35.0,2.822 K,1.16318
20240418,140136.424604,141149.972291,613.547687,493.106 um_pwv,601.971 um_pwv,35.0,2.858 K,1.15996
20240418,141150.928959,142204.380735,613.451776,491.529 um_pwv,600.047 um_pwv,35.0,2.888 K,1.15624
20240418,142205.336700,143218.788419,613.451719,489.875 um_pwv,598.027 um_pwv,35.0,2.906 K,1.15233
20240418,143219.744710,144233.196071,613.451361,488.043 um_pwv,595.791 um_pwv,35.0,2.884 K,1.14800
20240418,144234.153973,145247.604263,613.45029,486.112 um_pwv,593.433 um_pwv,35.0,2.878 K,1.14343
20240418,145248.560931,145636.083024,227.522093,484.236 um_pwv,591.142 um_pwv,35.0,2.842 K,1.13900
20240418,150136.275032,151149.826201,613.551169,487.731 um_pwv,595.409 um_pwv,35.0,2.899 K,1.14726
20240418,151150.787197,152204.233870,613.446673,487.611 um_pwv,595.263 um_pwv,35.0,2.906 K,1.14697
20240418,152205.191001,153218.639486,613.448485,486.207 um_pwv,593.55 um_pwv,35.0,2.993 K,1.14366
20240418,153219.602431,154233.047754,613.445323,484.57 um_pwv,591.55 um_pwv,35.0,3.027 K,1.13979
20240418,154234.006750,155247.453964,613.447214,485.107 um_pwv,592.206 um_pwv,35.0,3.06 K,1.14106
20240418,155248.415502,155635.936176,227.520674,483.628 um_pwv,590.4 um_pwv,35.0,3.067 K,1.13756
20240418,170136.097659,171149.672939,613.57528,489.102 um_pwv,597.083 um_pwv,35.0,3.178 K,1.15050
20240418,171150.636552,172204.081386,613.444834,489.138 um_pwv,597.127 um_pwv,35.0,3.106 K,1.15058
20240418,172205.040358,173218.487976,613.447618,489.681 um_pwv,597.79 um_pwv,35.0,3.149 K,1.15187
20240418,173219.447906,174232.899535,613.451629,489.596 um_pwv,597.687 um_pwv,35.0,3.131 K,1.15167
20240418,174233.856392,175247.306256,613.449864,489.524 um_pwv,597.598 um_pwv,35.0,3.061 K,1.15150
20240418,175248.263495,175635.787423,227.523928,490.453 um_pwv,598.733 um_pwv,35.0,3.023 K,1.15369
20240418,180135.902680,181149.481923,613.579243,493.179 um_pwv,602.06 um_pwv,35.0,2.999 K,1.16013
20240418,181150.442117,182203.889554,613.447437,494.663 um_pwv,603.872 um_pwv,35.0,3.016 K,1.16364
20240418,182204.849237,183218.298012,613.448775,495.053 um_pwv,604.348 um_pwv,35.0,3.042 K,1.16456
20240418,183219.251866,184232.703832,613.451966,495.895 um_pwv,605.376 um_pwv,35.0,3.039 K,1.16655
20240418,184233.660755,185247.107852,613.447097,496.408 um_pwv,606.003 um_pwv,35.0,3.011 K,1.16777
20240418,185248.072628,185635.592396,227.519768,495.663 um_pwv,605.093 um_pwv,35.0,3.021 K,1.16601
20240418,190135.699053,191149.238739,613.539686,496.274 um_pwv,605.839 um_pwv,35.0,3.03 K,1.16745
20240418,191150.197566,192203.645843,613.448277,495.468 um_pwv,604.855 um_pwv,35.0,3.078 K,1.16554
20240418,192204.602948,193218.055823,613.452875,495.126 um_pwv,604.438 um_pwv,35.0,3.093 K,1.16474
20240418,193219.014504,194232.461873,613.447369,494.529 um_pwv,603.708 um_pwv,35.0,3.075 K,1.16332
20240418,194233.418574,195246.867031,613.448457,494.2 um_pwv,603.307 um_pwv,35.0,3.112 K,1.16255
20240418,195247.830906,195635.350225,227.519319,493.884 um_pwv,602.921 um_pwv,35.0,3.108 K,1.16180
20240418,210136.563324,211150.144086,613.580762,488.849 um_pwv,596.775 um_pwv,35.0,3.184 K,1.14990
20240418,211151.107158,212204.553262,613.446104,489.15 um_pwv,597.142 um_pwv,35.0,3.178 K,1.15061
20240418,212205.515684,213218.958017,613.442333,489.307 um_pwv,597.333 um_pwv,35.0,3.144 K,1.15098
20240418,213219.917980,214233.370236,613.452256,491.215 um_pwv,599.663 um_pwv,35.0,3.157 K,1.15549
20240418,214234.329657,215247.773124,613.443467,492.742 um_pwv,601.526 um_pwv,35.0,3.127 K,1.15910
20240418,215248.737267,215636.255995,227.518728,492.014 um_pwv,600.638 um_pwv,35.0,3.083 K,1.15738
20240418,220136.399118,221149.949605,613.550487,492.087 um_pwv,600.727 um_pwv,35.0,3.188 K,1.15755
20240418,221150.907770,222204.357855,613.450085,490.489 um_pwv,598.777 um_pwv,35.0,3.187 K,1.15378
20240418,222205.319941,223218.769963,613.450022,489.186 um_pwv,597.186 um_pwv,35.0,3.223 K,1.15070
20240418,223219.724110,224233.171751,613.447641,488.258 um_pwv,596.053 um_pwv,35.0,3.304 K,1.14850
20240418,224234.133837,225247.579101,613.445264,487.19 um_pwv,594.75 um_pwv,35.0,3.35 K,1.14598
20240418,225248.542012,225636.062990,227.520978,483.009 um_pwv,589.645 um_pwv,35.0,3.327 K,1.13610
20240419,010136.148780,011149.696860,613.54808,470.285 um_pwv,574.112 um_pwv,35.0,3.239 K,1.10602
20240419,011150.659333,012204.106080,613.446747,469.383 um_pwv,573.01 um_pwv,35.0,3.252 K,1.10389
20240419,012205.062920,013218.513868,613.450948,467.525 um_pwv,570.743 um_pwv,35.0,3.34 K,1.09950
20240419,013219.472836,014232.920977,613.448141,466.996 um_pwv,570.097 um_pwv,35.0,3.399 K,1.09825
20240419,014233.880579,015247.328289,613.44771,465.985 um_pwv,568.863 um_pwv,35.0,3.355 K,1.09586
20240419,015248.287947,015635.806503,227.518556,464.324 um_pwv,566.835 um_pwv,35.0,3.321 K,1.09194
20240419,020135.972914,021149.550203,613.577289,463.114 um_pwv,565.358 um_pwv,35.0,3.423 K,1.08908
20240419,021150.506522,022203.956198,613.449676,460.918 um_pwv,562.677 um_pwv,35.0,3.473 K,1.08389
20240419,022204.913701,023218.360814,613.447113,460.635 um_pwv,562.331 um_pwv,35.0,3.46 K,1.08322
20240419,023219.324034,024303.875907,644.551873,460.476 um_pwv,562.137 um_pwv,35.0,3.5 K,1.08284
20240419,024304.833691,025318.281401,613.44771,459.649 um_pwv,561.128 um_pwv,35.0,3.444 K,1.08089
20240419,025319.244999,025635.084264,195.839265,457.402 um_pwv,558.385 um_pwv,35.0,3.323 K,1.07558
20240419,030135.802510,031149.353296,613.550786,458.203 um_pwv,559.362 um_pwv,35.0,3.429 K,1.07747
20240419,031150.310454,032203.760954,613.4505,455.896 um_pwv,556.546 um_pwv,35.0,3.452 K,1.07202
20240419,032204.718130,033218.169252,613.451122,452.741 um_pwv,552.695 um_pwv,35.0,3.41 K,1.06456
20240419,033219.128079,034232.578900,613.450821,452.518 um_pwv,552.423 um_pwv,35.0,3.379 K,1.06403
20240419,034233.537340,035246.987034,613.449694,449.742 um_pwv,549.033 um_pwv,35.0,3.386 K,1.05747
20240419,035247.946388,035635.464970,227.518582,446.3 um_pwv,544.832 um_pwv,35.0,3.343 K,1.04934
20240419,050135.714716,051149.253781,613.539065,429.931 um_pwv,524.849 um_pwv,35.0,3.395 K,1.01065
20240419,051150.210510,052203.662082,613.451572,429.339 um_pwv,524.126 um_pwv,35.0,3.415 K,1.00925
20240419,052204.619213,053218.070546,613.451333,427.946 um_pwv,522.426 um_pwv,35.0,3.452 K,1.00596
20240419,053219.027528,054232.477056,613.449528,427.525 um_pwv,521.912 um_pwv,35.0,3.446 K,1.00496
20240419,054233.434201,055246.884632,613.450431,426.348 um_pwv,520.475 um_pwv,35.0,3.501 K,1.00218
20240419,055247.843940,055635.363441,227.519501,422.962 um_pwv,516.341 um_pwv,35.0,3.508 K,0.994177
20240419,060136.514962,061150.062873,613.547911,421.964 um_pwv,515.123 um_pwv,35.0,3.555 K,0.991817
20240419,061151.024658,062204.470537,613.445879,420.388 um_pwv,513.199 um_pwv,35.0,3.553 K,0.988094
20240419,062205.432264,063218.884279,613.452015,419.851 um_pwv,512.543 um_pwv,35.0,3.575 K,0.986823
20240419,063219.840523,064233.286400,613.445877,417.666 um_pwv,509.876 um_pwv,35.0,3.577 K,0.981659
20240419,064234.248514,065247.695030,613.446516,419.396 um_pwv,511.988 um_pwv,35.0,3.539 K,0.985749
20240419,065248.658105,065636.178224,227.520119,419.025 um_pwv,511.535 um_pwv,35.0,3.486 K,0.984871
20240419,070136.327873,071149.872264,613.544391,420.968 um_pwv,513.907 um_pwv,35.0,3.504 K,0.989464
20240419,071150.829530,072204.280582,613.451052,420.678 um_pwv,513.553 um_pwv,35.0,3.509 K,0.988779
20240419,072205.237127,073218.683811,613.446684,418.242 um_pwv,510.579 um_pwv,35.0,3.555 K,0.983020
20240419,073219.647993,074233.091671,613.443678,416.844 um_pwv,508.873 um_pwv,35.0,3.533 K,0.979717
20240419,074234.055580,075247.501243,613.445663,415.288 um_pwv,506.973 um_pwv,35.0,3.535 K,0.976039
20240419,075248.463403,075635.982250,227.518847,412.64 um_pwv,503.74 um_pwv,35.0,3.465 K,0.969779
20240419,090136.196752,091149.767090,613.570338,410.008 um_pwv,500.527 um_pwv,35.0,3.448 K,0.963559
20240419,091150.731165,092204.178392,613.447227,408.698 um_pwv,498.929 um_pwv,35.0,3.453 K,0.960464
20240419,092205.136022,093218.584173,613.448151,409.202 um_pwv,499.543 um_pwv,35.0,3.47 K,0.961653
20240419,093219.542604,094232.990098,613.447494,408.075 um_pwv,498.168 um_pwv,35.0,3.422 K,0.958992
20240419,094233.954717,095247.400499,613.445782,408.558 um_pwv,498.757 um_pwv,35.0,3.45 K,0.960131
20240419,095248.357663,095635.880512,227.522849,407.995 um_pwv,498.07 um_pwv,35.0,3.406 K,0.958802
20240419,100136.046837,101149.621130,613.574293,410.129 um_pwv,500.675 um_pwv,35.0,3.396 K,0.963845
20240419,101150.583447,102204.027730,613.444283,408.477 um_pwv,498.659 um_pwv,35.0,3.382 K,0.959941
20240419,102204.987919,103218.439402,613.451483,407.995 um_pwv,498.07 um_pwv,35.0,3.41 K,0.958802
20240419,103219.396813,104232.842473,613.44566,408.839 um_pwv,499.101 um_pwv,35.0,3.392 K,0.960797
20240419,104233.805713,105247.250608,613.444895,408.156 um_pwv,498.266 um_pwv,35.0,3.324 K,0.959181
20240419,105248.210205,105635.733751,227.523546,407.674 um_pwv,497.678 um_pwv,35.0,3.345 K,0.958043
20240419,110135.876438,111149.424567,613.548129,407.955 um_pwv,498.021 um_pwv,35.0,3.345 K,0.958707
20240419,111150.388401,112203.835593,613.447192,408.719 um_pwv,498.953 um_pwv,35.0,3.356 K,0.960512
20240419,112204.792493,113218.238701,613.446208,410.695 um_pwv,501.366 um_pwv,35.0,3.319 K,0.965182
20240419,113219.204097,114232.647771,613.443674,410.452 um_pwv,501.07 um_pwv,35.0,3.264 K,0.964609
20240419,114233.606817,115247.059481,613.452664,410.856 um_pwv,501.563 um_pwv,35.0,3.247 K,0.965564
20240419,115248.018656,115635.537953,227.519297,409.282 um_pwv,499.641 um_pwv,35.0,3.248 K,0.961844
20240419,130135.724665,131149.276903,613.552238,424.673 um_pwv,518.43 um_pwv,35.0,2.983 K,0.998220
20240419,131150.233524,132203.683512,613.449988,425.992 um_pwv,520.04 um_pwv,35.0,2.991 K,1.00134
20240419,132204.640069,133218.089724,613.449655,428.748 um_pwv,523.404 um_pwv,35.0,2.988 K,1.00785
20240419,133219.052034,134232.498669,613.446635,433.971 um_pwv,529.781 um_pwv,35.0,2.914 K,1.02020
20240419,134233.455690,135246.906726,613.451036,435.598 um_pwv,531.767 um_pwv,35.0,2.89 K,1.02404
20240419,135247.865430,135635.386802,227.521372,435.491 um_pwv,531.636 um_pwv,35.0,2.822 K,1.02379
20240419,140136.585456,141150.132302,613.546846,439.356 um_pwv,536.355 um_pwv,35.0,2.859 K,1.03293
20240419,141151.093868,142204.539711,613.445843,441.384 um_pwv,538.83 um_pwv,35.0,2.814 K,1.03772
20240419,142205.503639,143218.947123,613.443484,442.275 um_pwv,539.919 um_pwv,35.0,2.826 K,1.03982
20240419,143219.908881,144233.355441,613.44656,443.693 um_pwv,541.649 um_pwv,35.0,2.831 K,1.04317
20240419,144234.318946,145247.763398,613.444452,450.285 um_pwv,549.696 um_pwv,35.0,2.743 K,1.05875
20240419,145248.726683,145636.246328,227.519645,452.162 um_pwv,551.988 um_pwv,35.0,2.751 K,1.06319
20240419,150136.362894,151149.939704,613.57681,454.707 um_pwv,555.095 um_pwv,35.0,2.72 K,1.06921
20240419,151150.900365,152204.348815,613.44845,454.528 um_pwv,554.877 um_pwv,35.0,2.678 K,1.06878
20240419,152205.305721,153218.752707,613.446986,449.255 um_pwv,548.439 um_pwv,35.0,2.762 K,1.05632
20240419,153219.714519,154233.162293,613.447774,444.973 um_pwv,543.212 um_pwv,35.0,2.76 K,1.04620
20240419,154234.119626,155247.570916,613.45129,442.711 um_pwv,540.451 um_pwv,35.0,2.784 K,1.04085
20240419,155248.527873,155636.051702,227.523829,442.515 um_pwv,540.211 um_pwv,35.0,2.769 K,1.04039
20240419,170136.238725,171150.798352,614.559627,471.595 um_pwv,575.712 um_pwv,35.0,2.917 K,1.10912
20240419,171151.755600,172205.205241,613.449641,478.887 um_pwv,584.613 um_pwv,35.0,2.975 K,1.12635
20240419,172206.162738,173219.611637,613.448899,483.509 um_pwv,590.255 um_pwv,35.0,2.92 K,1.13728
20240419,173220.569681,174234.017812,613.448131,484.629 um_pwv,591.623 um_pwv,35.0,2.882 K,1.13993
20240419,174234.977111,175248.430145,613.453034,484.677 um_pwv,591.681 um_pwv,35.0,2.824 K,1.14004
20240419,175249.387373,175635.948482,226.561109,481.987 um_pwv,588.397 um_pwv,35.0,2.763 K,1.13368
20240419,180136.091067,181149.639962,613.548895,483.926 um_pwv,590.764 um_pwv,35.0,2.862 K,1.13826
20240419,181150.603243,182204.052014,613.448771,487.334 um_pwv,594.925 um_pwv,35.0,2.872 K,1.14632
20240419,182205.008870,183218.454590,613.44572,490.501 um_pwv,598.792 um_pwv,35.0,2.85 K,1.15381
20240419,183219.415463,184232.863637,613.448174,493.154 um_pwv,602.03 um_pwv,35.0,2.837 K,1.16008
20240419,184233.823843,185247.317750,613.493907,495.088 um_pwv,604.391 um_pwv,35.0,2.859 K,1.16465
20240419,185248.280694,185635.801069,227.520375,490.876 um_pwv,599.249 um_pwv,35.0,3.021 K,1.15469
20240419,190135.862156,191149.399084,613.536928,491.542 um_pwv,600.061 um_pwv,35.0,2.995 K,1.15626
20240419,191150.355829,192203.809174,613.453345,497.363 um_pwv,607.168 um_pwv,35.0,3.009 K,1.17002
20240419,192204.768309,193218.216500,613.448191,495.492 um_pwv,604.884 um_pwv,35.0,3.166 K,1.16560
20240419,193219.176023,194232.623368,613.447345,490.731 um_pwv,599.072 um_pwv,35.0,3.252 K,1.15435
20240419,194233.580563,195247.027005,613.446442,484.069 um_pwv,590.939 um_pwv,35.0,3.234 K,1.13860
20240419,195247.991191,195635.509670,227.518479,482.676 um_pwv,589.238 um_pwv,35.0,3.227 K,1.13531
20240419,210135.700164,211149.248856,613.548692,521.685 um_pwv,636.859 um_pwv,35.0,3.288 K,1.22751
20240419,211150.211779,212203.657814,613.446035,513.195 um_pwv,626.495 um_pwv,35.0,3.41 K,1.20744
20240419,212204.619314,213218.066255,613.446941,511.793 um_pwv,624.784 um_pwv,35.0,3.512 K,1.20413
20240419,213219.027651,214232.473936,613.446285,511.44 um_pwv,624.353 um_pwv,35.0,3.502 K,1.20329
20240419,214233.430044,215246.881407,613.451363,513.928 um_pwv,627.391 um_pwv,35.0,3.481 K,1.20917
20240419,215247.837464,215635.360971,227.523507,516.594 um_pwv,630.645 um_pwv,35.0,3.435 K,1.21548
20240419,220136.561347,221150.109486,613.548139,521.338 um_pwv,636.436 um_pwv,35.0,3.387 K,1.22669
20240419,221151.070626,222204.519510,613.448884,520.245 um_pwv,635.102 um_pwv,35.0,3.351 K,1.22410
20240419,222205.474951,223218.924686,613.449735,527.384 um_pwv,643.817 um_pwv,35.0,3.324 K,1.24098
20240419,223219.886678,224233.334832,613.448154,534.275 um_pwv,652.229 um_pwv,35.0,3.283 K,1.25726
20240419,224234.291706,225247.737390,613.445684,529.885 um_pwv,646.87 um_pwv,35.0,3.355 K,1.24689
20240419,225248.701627,225636.219845,227.518218,525.982 um_pwv,642.106 um_pwv,35.0,3.378 K,1.23766
20240420,010136.218475,011149.764480,613.546005,508.15 um_pwv,620.336 um_pwv,35.0,3.817 K,1.19552
20240420,011150.721162,012204.168132,613.44697,505.403 um_pwv,616.983 um_pwv,35.0,3.843 K,1.18903
20240420,012205.130821,013218.577933,613.447112,500.559 um_pwv,611.069 um_pwv,35.0,3.83 K,1.17758
20240420,013219.540613,014232.986614,613.446001,498.725 um_pwv,608.831 um_pwv,35.0,3.788 K,1.17324
20240420,014233.945943,015247.392009,613.446066,495.212 um_pwv,604.542 um_pwv,35.0,3.74 K,1.16494
20240420,015248.355375,015635.875521,227.520146,494.041 um_pwv,603.112 um_pwv,35.0,3.686 K,1.16217
20240420,020136.066186,021149.615385,613.549199,490.707 um_pwv,599.042 um_pwv,35.0,3.814 K,1.15429
20240420,021150.574756,022204.022112,613.447356,495.576 um_pwv,604.987 um_pwv,35.0,3.834 K,1.16580
20240420,022204.981425,023218.429490,613.448065,496.739 um_pwv,606.406 um_pwv,35.0,3.819 K,1.16855
20240420,023219.393914,024232.837011,613.443097,496.152 um_pwv,605.689 um_pwv,35.0,3.877 K,1.16716
20240420,024233.800905,025247.244646,613.443741,495.48 um_pwv,604.869 um_pwv,35.0,3.889 K,1.16557
20240420,025248.209715,025635.728861,227.519146,493.238 um_pwv,602.133 um_pwv,35.0,3.868 K,1.16027
20240420,030135.892118,031149.468103,613.575985,493.762 um_pwv,602.772 um_pwv,35.0,3.87 K,1.16151
20240420,031150.432019,032203.876055,613.444036,492.984 um_pwv,601.823 um_pwv,35.0,3.876 K,1.15967
20240420,032204.834717,033218.283759,613.449042,495.077 um_pwv,604.378 um_pwv,35.0,3.901 K,1.16462
20240420,033219.247659,034232.691482,613.443823,495.224 um_pwv,604.557 um_pwv,35.0,3.86 K,1.16497
20240420,034233.650725,035247.099776,613.449051,497.106 um_pwv,606.854 um_pwv,35.0,3.909 K,1.16942
20240420,035248.058470,035635.581242,227.522772,496.702 um_pwv,606.361 um_pwv,35.0,3.84 K,1.16846
20240420,050135.744075,051149.320608,613.576533,492.995 um_pwv,601.836 um_pwv,35.0,4.103 K,1.15970
20240420,051150.277651,052203.729673,613.452022,493.7 um_pwv,602.696 um_pwv,35.0,4.142 K,1.16137
20240420,052204.689585,053218.136926,613.447341,488.007 um_pwv,595.747 um_pwv,35.0,4.274 K,1.14791
20240420,053219.098322,054232.545239,613.446917,488.344 um_pwv,596.158 um_pwv,35.0,4.21 K,1.14871
20240420,054233.505304,055246.952103,613.446799,486.435 um_pwv,593.827 um_pwv,35.0,4.243 K,1.14419
20240420,055247.908776,055635.431636,227.52286,486.747 um_pwv,594.208 um_pwv,35.0,4.19 K,1.14493
20240420,060136.542782,061150.087285,613.544503,484.701 um_pwv,591.711 um_pwv,35.0,4.266 K,1.14010
20240420,061151.043700,062204.492208,613.448508,482.177 um_pwv,588.629 um_pwv,35.0,4.303 K,1.13413
20240420,062205.454250,063218.900765,613.446515,481.014 um_pwv,587.21 um_pwv,35.0,4.344 K,1.13138
20240420,063219.862815,064233.310721,613.447906,478.651 um_pwv,584.325 um_pwv,35.0,4.308 K,1.12580
20240420,064234.268519,065247.719576,613.451057,479.382 um_pwv,585.218 um_pwv,35.0,4.376 K,1.12753
20240420,065248.677356,065636.197184,227.519828,476.44 um_pwv,581.626 um_pwv,35.0,4.315 K,1.12057
20240420,070136.295677,071149.841889,613.546212,472.874 um_pwv,577.272 um_pwv,35.0,4.411 K,1.11214
20240420,071150.805004,072204.252444,613.44744,473.119 um_pwv,577.572 um_pwv,35.0,4.407 K,1.11272
20240420,072205.214212,073218.658550,613.444338,473.609 um_pwv,578.17 um_pwv,35.0,4.38 K,1.11388
20240420,073219.620228,074233.067216,613.446988,473.726 um_pwv,578.312 um_pwv,35.0,4.351 K,1.11416
20240420,074234.029374,075247.477080,613.447706,468.113 um_pwv,571.46 um_pwv,35.0,4.377 K,1.10089
20240420,075248.434814,075635.957674,227.52286,464.393 um_pwv,566.919 um_pwv,35.0,4.326 K,1.09210
20240420,090136.153960,091149.694722,613.540762,467.445 um_pwv,570.645 um_pwv,35.0,4.389 K,1.09931
20240420,091150.656557,092204.102779,613.446222,464.657 um_pwv,567.241 um_pwv,35.0,4.462 K,1.09272
20240420,092205.060194,093218.509259,613.449065,461.316 um_pwv,563.163 um_pwv,35.0,4.563 K,1.08483
20240420,093219.467652,094232.919677,613.452025,454.887 um_pwv,555.314 um_pwv,35.0,4.601 K,1.06963
20240420,094233.879374,095247.327611,613.448237,454.059 um_pwv,554.303 um_pwv,35.0,4.657 K,1.06767
20240420,095248.284473,095635.806449,227.521976,449.166 um_pwv,548.331 um_pwv,35.0,4.586 K,1.05611
20240420,100135.998517,101149.550920,613.552403,444.087 um_pwv,542.13 um_pwv,35.0,4.752 K,1.04410
20240420,101150.507086,102203.958509,613.451423,439.367 um_pwv,536.368 um_pwv,35.0,4.875 K,1.03295
20240420,102204.915213,103218.363188,613.447975,433.544 um_pwv,529.26 um_pwv,35.0,4.938 K,1.01919
20240420,103219.321249,104232.771389,613.45014,427.946 um_pwv,522.426 um_pwv,35.0,5.004 K,1.00596
20240420,104233.728852,105247.176295,613.447443,424.13 um_pwv,517.767 um_pwv,35.0,5.041 K,0.996936
20240420,105248.136337,105635.660745,227.524408,422.546 um_pwv,515.833 um_pwv,35.0,4.987 K,0.993193
20240420,110135.779762,111149.352372,613.57261,422.671 um_pwv,515.986 um_pwv,35.0,5.185 K,0.993488
20240420,111150.310236,112203.761230,613.450994,423.942 um_pwv,517.537 um_pwv,35.0,5.233 K,0.996492
20240420,112204.718681,113218.170610,613.451929,425.196 um_pwv,519.068 um_pwv,35.0,5.246 K,0.999456
20240420,113219.124484,114232.572131,613.447647,419.851 um_pwv,512.543 um_pwv,35.0,5.182 K,0.986823
20240420,114233.531904,115246.979405,613.447501,421.881 um_pwv,515.021 um_pwv,35.0,5.118 K,0.991621
20240420,115247.941987,115635.461577,227.51959,423.066 um_pwv,516.468 um_pwv,35.0,5.066 K,0.994423
20240420,130135.660455,131149.194156,613.533701,446.278 um_pwv,544.805 um_pwv,35.0,4.873 K,1.04929
20240420,131150.155503,132203.603728,613.448225,448.636 um_pwv,547.683 um_pwv,35.0,4.851 K,1.05486
20240420,132204.560688,133218.012011,613.451323,448.548 um_pwv,547.575 um_pwv,35.0,4.92 K,1.05465
20240420,133218.967765,134232.420187,613.452422,447.621 um_pwv,546.444 um_pwv,35.0,4.894 K,1.05246
20240420,134233.376827,135246.825050,613.448223,448.724 um_pwv,547.791 um_pwv,35.0,4.92 K,1.05507
20240420,135247.786842,135635.305855,227.519013,451.439 um_pwv,551.105 um_pwv,35.0,4.843 K,1.06148
20240420,140136.475835,141150.055370,613.579535,457.222 um_pwv,558.165 um_pwv,35.0,4.859 K,1.07515
20240420,141151.016860,142204.462099,613.445239,463.091 um_pwv,565.33 um_pwv,35.0,4.816 K,1.08902
20240420,142205.425838,143218.871771,613.445933,464.667 um_pwv,567.254 um_pwv,35.0,4.789 K,1.09275
20240420,143219.829535,144233.278203,613.448668,468.528 um_pwv,571.967 um_pwv,35.0,4.739 K,1.10187
20240420,144234.240736,145247.688225,613.447489,472.315 um_pwv,576.59 um_pwv,35.0,4.718 K,1.11082
20240420,145248.645123,145636.166123,227.521,473.714 um_pwv,578.298 um_pwv,35.0,4.663 K,1.11413
20240420,150136.267919,151149.811997,613.544078,481.18 um_pwv,587.413 um_pwv,35.0,4.707 K,1.13178
20240420,151150.773821,152204.220232,613.446411,483.092 um_pwv,589.746 um_pwv,35.0,4.654 K,1.13629
20240420,152205.181652,153218.628962,613.44731,484.629 um_pwv,591.623 um_pwv,35.0,4.622 K,1.13993
20240420,153219.587127,154233.036412,613.449285,484.319 um_pwv,591.244 um_pwv,35.0,4.645 K,1.13919
20240420,154233.993088,155247.442578,613.44949,485.548 um_pwv,592.745 um_pwv,35.0,4.652 K,1.14210
20240420,155248.403978,155635.923087,227.519109,486.1 um_pwv,593.418 um_pwv,35.0,4.527 K,1.14340
20240420,170136.168150,171149.708336,613.540186,504.494 um_pwv,615.873 um_pwv,35.0,4.461 K,1.18688
20240420,171150.670119,172204.116331,613.446212,508.5 um_pwv,620.764 um_pwv,35.0,4.437 K,1.19635
20240420,172205.074097,173218.525729,613.451632,508.876 um_pwv,621.223 um_pwv,35.0,4.446 K,1.19723
20240420,173219.485059,174232.930825,613.445766,503.638 um_pwv,614.829 um_pwv,35.0,4.476 K,1.18485
20240420,174233.893849,175247.341076,613.447227,502.325 um_pwv,613.226 um_pwv,35.0,4.455 K,1.18175
20240420,175248.299781,175635.819577,227.519796,502.895 um_pwv,613.921 um_pwv,35.0,4.418 K,1.18310
20240420,180135.966097,181149.514705,613.548608,505.378 um_pwv,616.953 um_pwv,35.0,4.347 K,1.18897
20240420,181150.470695,182203.921509,613.450814,506.45 um_pwv,618.261 um_pwv,35.0,4.364 K,1.19150
20240420,182204.878666,183218.334392,613.455726,507.412 um_pwv,619.435 um_pwv,35.0,4.344 K,1.19377
20240420,183219.285831,184232.738194,613.452363,506.026 um_pwv,617.744 um_pwv,35.0,4.354 K,1.19050
20240420,184233.698296,185247.146272,613.447976,507.987 um_pwv,620.138 um_pwv,35.0,4.335 K,1.19513
20240420,185248.105908,185635.624011,227.518103,508.901 um_pwv,621.254 um_pwv,35.0,4.251 K,1.19729
20240420,190135.792453,191149.364154,613.571701,508.676 um_pwv,620.979 um_pwv,35.0,4.246 K,1.19676
20240420,191150.326530,192203.774407,613.447877,511.213 um_pwv,624.076 um_pwv,35.0,4.24 K,1.20276
20240420,192204.731922,193218.183580,613.451658,509.127 um_pwv,621.529 um_pwv,35.0,4.278 K,1.19783
20240420,193219.141025,194232.587325,613.4463,508.576 um_pwv,620.856 um_pwv,35.0,4.271 K,1.19652
20240420,194233.551109,195246.997339,613.44623,511.97 um_pwv,625 um_pwv,35.0,4.19 K,1.20455
20240420,195247.954922,195635.479162,227.52424,512.664 um_pwv,625.847 um_pwv,35.0,4.16 K,1.20619
20240420,210136.578862,211150.126275,613.547413,519.683 um_pwv,634.416 um_pwv,35.0,4.124 K,1.22278
20240420,211151.087302,212204.533396,613.446094,520.209 um_pwv,635.057 um_pwv,35.0,4.105 K,1.22402
20240420,212205.495767,213218.943189,613.447422,520.619 um_pwv,635.558 um_pwv,35.0,4.075 K,1.22499
20240420,213219.904668,214233.350846,613.446178,522.598 um_pwv,637.974 um_pwv,35.0,4.042 K,1.22966
20240420,214234.312356,215247.758838,613.446482,525.697 um_pwv,641.758 um_pwv,35.0,4.005 K,1.23699
20240420,215248.721001,215636.238882,227.517881,524.817 um_pwv,640.684 um_pwv,35.0,3.958 K,1.23491
20240420,220136.393724,221149.933591,613.539867,524.727 um_pwv,640.573 um_pwv,35.0,3.989 K,1.23470
20240420,221150.894619,222204.342616,613.447997,526.89 um_pwv,643.214 um_pwv,35.0,3.978 K,1.23981
20240420,222205.300695,223218.749988,613.449293,528.086 um_pwv,644.674 um_pwv,35.0,3.959 K,1.24264
20240420,223219.706977,224233.154968,613.447991,530.878 um_pwv,648.082 um_pwv,35.0,3.956 K,1.24923
20240420,224234.117538,225247.561215,613.443677,533.527 um_pwv,651.316 um_pwv,35.0,3.893 K,1.25549
20240420,225248.523654,225636.046052,227.522398,531.703 um_pwv,649.089 um_pwv,35.0,3.887 K,1.25118
20240421,010136.135024,011149.687029,613.552005,552.363 um_pwv,674.311 um_pwv,35.0,3.644 K,1.30001
20240421,011150.646712,012204.093094,613.446382,555.161 um_pwv,677.726 um_pwv,35.0,3.596 K,1.30663
20240421,012205.050244,013218.502359,613.452115,556.874 um_pwv,679.817 um_pwv,35.0,3.613 K,1.31067
20240421,013219.459860,014232.909427,613.449567,559.008 um_pwv,682.423 um_pwv,35.0,3.613 K,1.31572
20240421,014233.866289,015247.317787,613.451498,561.228 um_pwv,685.133 um_pwv,35.0,3.576 K,1.32096
20240421,015248.277181,015635.795449,227.518268,562.946 um_pwv,687.23 um_pwv,35.0,3.557 K,1.32502
20240421,020135.999285,021149.539412,613.540127,567.501 um_pwv,692.791 um_pwv,35.0,3.604 K,1.33579
20240421,021150.496030,022203.943983,613.447953,566.341 um_pwv,691.375 um_pwv,35.0,3.6 K,1.33305
20240421,022204.904698,023218.350517,613.445819,561.878 um_pwv,685.927 um_pwv,35.0,3.656 K,1.32250
20240421,023219.314052,024232.762334,613.448282,559.802 um_pwv,683.392 um_pwv,35.0,3.659 K,1.31759
20240421,024233.720467,025247.170084,613.449617,561.92 um_pwv,685.977 um_pwv,35.0,3.599 K,1.32260
20240421,025248.129965,025635.649334,227.519369,564.766 um_pwv,689.452 um_pwv,35.0,3.548 K,1.32933
20240421,030135.842115,031149.387699,613.545584,569.771 um_pwv,695.562 um_pwv,35.0,3.619 K,1.34116
20240421,031150.352599,032203.798879,613.44628,568.033 um_pwv,693.44 um_pwv,35.0,3.632 K,1.33705
20240421,032204.755827,033218.207434,613.451607,569.909 um_pwv,695.73 um_pwv,35.0,3.589 K,1.34148
20240421,033219.164533,034232.615546,613.451013,567.753 um_pwv,693.098 um_pwv,35.0,3.702 K,1.33638
20240421,034233.575533,035247.020963,613.44543,564.752 um_pwv,689.435 um_pwv,35.0,3.736 K,1.32929
20240421,035247.978468,035635.502408,227.52394,566.425 um_pwv,691.477 um_pwv,35.0,3.742 K,1.33325
20240421,050135.697213,051149.241922,613.544709,572.855 um_pwv,699.327 um_pwv,35.0,3.638 K,1.34844
20240421,051150.198268,052203.646746,613.448478,573.463 um_pwv,700.069 um_pwv,35.0,3.615 K,1.34988
20240421,052204.608804,053218.055649,613.446845,575.672 um_pwv,702.766 um_pwv,35.0,3.615 K,1.35510
20240421,053219.017411,054232.466577,613.449166,576.311 um_pwv,703.546 um_pwv,35.0,3.65 K,1.35661
20240421,054233.425295,055246.874488,613.449193,574.439 um_pwv,701.26 um_pwv,35.0,3.65 K,1.35219
20240421,055247.832671,055635.354272,227.521601,571.473 um_pwv,697.64 um_pwv,35.0,3.608 K,1.34518
20240421,060136.505333,061150.053002,613.547669,572.771 um_pwv,699.224 um_pwv,35.0,3.651 K,1.34824
20240421,061151.016354,062204.460710,613.444356,572.234 um_pwv,698.569 um_pwv,35.0,3.661 K,1.34698
20240421,062205.425251,063218.870401,613.44515,571.738 um_pwv,697.963 um_pwv,35.0,3.63 K,1.34580
20240421,063219.832461,064233.276631,613.44417,572.474 um_pwv,698.862 um_pwv,35.0,3.614 K,1.34754
20240421,064234.240220,065247.689214,613.448994,573.138 um_pwv,699.672 um_pwv,35.0,3.633 K,1.34911
20240421,065248.646882,065636.166686,227.519804,573.251 um_pwv,699.81 um_pwv,35.0,3.627 K,1.34938
20240421,070136.315874,071149.861343,613.545469,571.628 um_pwv,697.829 um_pwv,35.0,3.613 K,1.34554
20240421,071150.822275,072204.270788,613.448513,567.683 um_pwv,693.013 um_pwv,35.0,3.644 K,1.33622
20240421,072205.228373,073218.678262,613.449889,565.63 um_pwv,690.506 um_pwv,35.0,3.595 K,1.33137
20240421,073219.634311,074233.086289,613.451978,566.034 um_pwv,691 um_pwv,35.0,3.595 K,1.33232
20240421,074234.044807,075247.491805,613.446998,565.797 um_pwv,690.711 um_pwv,35.0,3.539 K,1.33176
20240421,075248.453510,075635.974289,227.520779,564.015 um_pwv,688.535 um_pwv,35.0,3.51 K,1.32755
20240421,090136.208999,091149.760548,613.551549,555.175 um_pwv,677.743 um_pwv,35.0,3.552 K,1.30666
20240421,091150.717162,092204.163974,613.446812,550.705 um_pwv,672.287 um_pwv,35.0,3.571 K,1.29609
20240421,092205.128767,093218.575672,613.446905,553.931 um_pwv,676.225 um_pwv,35.0,3.557 K,1.30372
20240421,093219.532623,094232.982217,613.449594,556.38 um_pwv,679.215 um_pwv,35.0,3.552 K,1.30951
20240421,094233.939779,095247.386738,613.446959,552.892 um_pwv,674.956 um_pwv,35.0,3.506 K,1.30126
20240421,095248.351540,095635.871363,227.519823,546.541 um_pwv,667.203 um_pwv,35.0,3.481 K,1.28625
20240421,100136.062056,101149.614524,613.552468,540.714 um_pwv,660.089 um_pwv,35.0,3.547 K,1.27248
20240421,101150.571440,102204.017422,613.445982,540.445 um_pwv,659.761 um_pwv,35.0,3.506 K,1.27184
20240421,102204.980046,103218.425400,613.445354,538.584 um_pwv,657.489 um_pwv,35.0,3.511 K,1.26745
20240421,103219.385518,104232.833883,613.448365,539.356 um_pwv,658.432 um_pwv,35.0,3.539 K,1.26927
20240421,104233.792572,105247.244588,613.452016,543.305 um_pwv,663.253 um_pwv,35.0,3.527 K,1.27860
20240421,105248.201766,105635.725398,227.523632,544.028 um_pwv,664.136 um_pwv,35.0,3.527 K,1.28031
20240421,110135.835495,111149.415114,613.579619,534.277 um_pwv,652.232 um_pwv,35.0,3.533 K,1.25727
20240421,111150.373946,112203.822077,613.448131,525.102 um_pwv,641.031 um_pwv,35.0,3.542 K,1.23558
20240421,112204.786575,113218.234373,613.447798,524.055 um_pwv,639.753 um_pwv,35.0,3.506 K,1.23311
20240421,113219.194008,114232.638104,613.444096,521.916 um_pwv,637.142 um_pwv,35.0,3.534 K,1.22805
20240421,114233.597113,115247.049638,613.452525,527.202 um_pwv,643.595 um_pwv,35.0,3.556 K,1.24055
20240421,115248.009526,115635.528740,227.519214,523.541 um_pwv,639.125 um_pwv,35.0,3.442 K,1.23189
20240421,130135.671894,131149.217464,613.54557,516.785 um_pwv,630.878 um_pwv,35.0,3.348 K,1.21593
20240421,131150.180945,132203.630202,613.449257,516.007 um_pwv,629.928 um_pwv,35.0,3.303 K,1.21409
20240421,132204.588577,133218.038123,613.449546,519.451 um_pwv,634.133 um_pwv,35.0,3.312 K,1.22223
20240421,133218.996246,134232.444272,613.448026,516.976 um_pwv,631.111 um_pwv,35.0,3.283 K,1.21638
20240421,134233.406105,135246.853444,613.447339,507.624 um_pwv,619.695 um_pwv,35.0,3.291 K,1.19428
20240421,135247.811984,135635.332367,227.520383,504.568 um_pwv,615.964 um_pwv,35.0,3.228 K,1.18705
20240421,140136.532395,141150.080086,613.547691,509.077 um_pwv,621.468 um_pwv,35.0,3.376 K,1.19771
20240421,141151.044157,142204.493014,613.448857,507.524 um_pwv,619.573 um_pwv,35.0,3.407 K,1.19404
20240421,142205.449585,143218.899996,613.450411,503.452 um_pwv,614.602 um_pwv,35.0,3.437 K,1.18442
20240421,143219.859658,144233.308058,613.4484,498.381 um_pwv,608.411 um_pwv,35.0,3.476 K,1.17243
20240421,144234.264359,145247.716298,613.451939,504.123 um_pwv,615.42 um_pwv,35.0,3.43 K,1.18600
20240421,145248.674681,145636.194455,227.519774,509.692 um_pwv,622.219 um_pwv,35.0,3.352 K,1.19916
20240421,150136.387910,151149.937339,613.549429,512.02 um_pwv,625.061 um_pwv,35.0,3.412 K,1.20466
20240421,151150.894032,152204.343513,613.449481,510.408 um_pwv,623.093 um_pwv,35.0,3.476 K,1.20085
20240421,152205.302478,153218.754209,613.451731,499.893 um_pwv,610.257 um_pwv,35.0,3.466 K,1.17600
20240421,153219.710840,154233.158724,613.447884,492.353 um_pwv,601.053 um_pwv,35.0,3.437 K,1.15818
20240421,154234.122872,155247.569893,613.447021,496.201 um_pwv,605.749 um_pwv,35.0,3.454 K,1.16728
20240421,155248.526460,155636.050448,227.523988,490.186 um_pwv,598.407 um_pwv,35.0,3.432 K,1.15306
20240421,170136.241193,171149.791038,613.549845,460.748 um_pwv,562.47 um_pwv,35.0,3.312 K,1.08348
20240421,171150.747410,172204.197275,613.449865,459.74 um_pwv,561.238 um_pwv,35.0,3.443 K,1.08110
20240421,172205.154148,173218.603855,613.449707,458.383 um_pwv,559.583 um_pwv,35.0,3.396 K,1.07789
20240421,173219.566535,174233.010714,613.444179,460.499 um_pwv,562.165 um_pwv,35.0,3.398 K,1.08289
20240421,174233.973399,175247.418099,613.4447,462.294 um_pwv,564.356 um_pwv,35.0,3.326 K,1.08714
20240421,175248.381741,175635.901489,227.519748,458.056 um_pwv,559.183 um_pwv,35.0,3.258 K,1.07712
20240421,180136.112798,181149.692580,613.579782,455.896 um_pwv,556.546 um_pwv,35.0,3.351 K,1.07202
20240421,181150.649396,182204.097101,613.447705,452.474 um_pwv,552.369 um_pwv,35.0,3.303 K,1.06393
20240421,182205.056320,183218.507672,613.451352,451.839 um_pwv,551.594 um_pwv,35.0,3.312 K,1.06243
20240421,183219.465399,184232.911579,613.44618,456.233 um_pwv,556.957 um_pwv,35.0,3.399 K,1.07281
20240421,184233.871533,185247.319845,613.448312,455.346 um_pwv,555.875 um_pwv,35.0,3.439 K,1.07072
20240421,185248.279154,185635.802366,227.523212,452.964 um_pwv,552.967 um_pwv,35.0,3.424 K,1.06509
20240421,190135.945585,191149.493731,613.548146,448.415 um_pwv,547.414 um_pwv,35.0,3.497 K,1.05434
20240421,191150.456718,192203.903749,613.447031,446.246 um_pwv,544.765 um_pwv,35.0,3.5 K,1.04921
20240421,192204.860617,193218.309135,613.448518,442.951 um_pwv,540.743 um_pwv,35.0,3.588 K,1.04142
20240421,193219.272403,194232.720715,613.448312,439.746 um_pwv,536.831 um_pwv,35.0,3.547 K,1.03385
20240421,194233.680345,195247.127428,613.447083,433.993 um_pwv,529.807 um_pwv,35.0,3.529 K,1.02025
20240421,195248.087926,195635.606125,227.518199,432.266 um_pwv,527.699 um_pwv,35.0,3.524 K,1.01617
20240421,210135.769380,211149.343176,613.573796,434.228 um_pwv,530.094 um_pwv,35.0,3.452 K,1.02080
20240421,211150.306208,212203.751197,613.444989,430.312 um_pwv,525.314 um_pwv,35.0,3.426 K,1.01155
20240421,212204.714135,213218.161278,613.447143,429.55 um_pwv,524.384 um_pwv,35.0,3.481 K,1.00975
20240421,213219.123934,214232.570791,613.446857,432.649 um_pwv,528.167 um_pwv,35.0,3.437 K,1.01707
20240421,214233.527396,215246.978858,613.451462,432.862 um_pwv,528.427 um_pwv,35.0,3.417 K,1.01757
20240421,215247.938717,215635.457318,227.518601,428.748 um_pwv,523.404 um_pwv,35.0,3.378 K,1.00785
20240421,220136.584278,221150.156695,613.572417,427.883 um_pwv,522.349 um_pwv,35.0,3.431 K,1.00581
20240421,221151.120384,222204.569004,613.44862,420.099 um_pwv,512.846 um_pwv,35.0,3.44 K,0.987409
20240421,222205.524650,223218.978031,613.453381,416.311 um_pwv,508.222 um_pwv,35.0,3.446 K,0.978458
20240421,223219.936769,224233.381282,613.444513,412.721 um_pwv,503.839 um_pwv,35.0,3.464 K,0.969971
20240421,224234.344954,225247.793043,613.448089,409.605 um_pwv,500.035 um_pwv,35.0,3.474 K,0.962606
20240421,225248.749045,225636.271512,227.522467,405.952 um_pwv,495.576 um_pwv,35.0,3.383 K,0.953973
20240422,010136.363722,011149.912377,613.548655,406.472 um_pwv,496.211 um_pwv,35.0,3.067 K,0.955202
20240422,011150.875144,012204.323047,613.447903,405.992 um_pwv,495.625 um_pwv,35.0,3.101 K,0.954068
20240422,012205.279960,013218.731723,613.451763,403.205 um_pwv,492.222 um_pwv,35.0,3.114 K,0.947480
20240422,013219.691937,014233.135005,613.443068,400.949 um_pwv,489.469 um_pwv,35.0,3.175 K,0.942149
20240422,014234.099209,015247.542806,613.443597,398.197 um_pwv,486.108 um_pwv,35.0,3.15 K,0.935643
20240422,015248.507021,015636.027126,227.520105,391.129 um_pwv,477.48 um_pwv,35.0,3.14 K,0.918937
20240422,020136.185397,021149.767686,613.582289,384.906 um_pwv,469.883 um_pwv,35.0,3.306 K,0.904228
20240422,021150.730304,022204.173268,613.442964,379.752 um_pwv,463.592 um_pwv,35.0,3.315 K,0.892048
20240422,022205.133199,023218.584404,613.451205,373.271 um_pwv,455.679 um_pwv,35.0,3.41 K,0.876728
20240422,023219.541269,024232.989601,613.448332,362.274 um_pwv,442.255 um_pwv,35.0,3.468 K,0.850738
20240422,024233.953537,025247.400975,613.447438,352.192 um_pwv,429.947 um_pwv,35.0,3.475 K,0.826908
20240422,025248.357870,025635.879123,227.521253,350.706 um_pwv,428.133 um_pwv,35.0,3.426 K,0.823396
20240422,030136.041785,031149.619707,613.577922,350.948 um_pwv,428.428 um_pwv,35.0,3.505 K,0.823966
20240422,031150.578699,032204.026776,613.448077,348.918 um_pwv,425.95 um_pwv,35.0,3.516 K,0.819168
20240422,032204.989403,033218.435635,613.446232,349.983 um_pwv,427.25 um_pwv,35.0,3.431 K,0.821686
20240422,033219.395825,034232.843419,613.447594,351.017 um_pwv,428.512 um_pwv,35.0,3.394 K,0.824130
20240422,034233.802928,035247.252827,613.449899,349.983 um_pwv,427.25 um_pwv,35.0,3.294 K,0.821686
20240422,035248.210890,035635.733115,227.522225,344.927 um_pwv,421.078 um_pwv,35.0,3.313 K,0.809735
20240422,050135.846728,051149.424234,613.577506,284.761 um_pwv,347.629 um_pwv,35.0,3.581 K,0.667525
20240422,051150.385229,052203.832782,613.447553,284.314 um_pwv,347.083 um_pwv,35.0,3.598 K,0.666469
20240422,052204.792161,053218.240202,613.448041,284.649 um_pwv,347.492 um_pwv,35.0,3.57 K,0.667261
20240422,053219.196042,054232.648130,613.452088,284.397 um_pwv,347.185 um_pwv,35.0,3.59 K,0.666667
20240422,054233.607771,055247.051574,613.443803,285.18 um_pwv,348.141 um_pwv,35.0,3.603 K,0.668517
20240422,055248.015147,055635.533455,227.518308,283.7 um_pwv,346.334 um_pwv,35.0,3.529 K,0.665019
20240422,060135.727085,061149.275113,613.548028,280.846 um_pwv,342.85 um_pwv,35.0,3.574 K,0.658273
20240422,061150.232989,062203.683650,613.450661,279.91 um_pwv,341.708 um_pwv,35.0,3.602 K,0.656061
20240422,062204.640438,063218.091716,613.451278,280.185 um_pwv,342.043 um_pwv,35.0,3.548 K,0.656711
20240422,063219.048227,064232.500983,613.452756,281.592 um_pwv,343.76 um_pwv,35.0,3.596 K,0.660035
20240422,064233.459003,065246.908084,613.449081,281.979 um_pwv,344.233 um_pwv,35.0,3.596 K,0.660950
20240422,065247.865011,065635.387428,227.522417,280.213 um_pwv,342.077 um_pwv,35.0,3.54 K,0.656776
20240422,070136.555121,071150.135957,613.580836,276.606 um_pwv,337.673 um_pwv,35.0,3.656 K,0.648250
20240422,071151.098998,072204.544037,613.445039,274.227 um_pwv,334.769 um_pwv,35.0,3.749 K,0.642627
20240422,072205.506769,073218.960152,613.453383,275.874 um_pwv,336.78 um_pwv,35.0,3.835 K,0.646519
20240422,073219.912432,074233.361575,613.449143,277.149 um_pwv,338.337 um_pwv,35.0,3.926 K,0.649534
20240422,074234.317856,075247.765839,613.447983,279.499 um_pwv,341.205 um_pwv,35.0,4.012 K,0.655088
20240422,075248.729806,075636.249647,227.519841,278.868 um_pwv,340.435 um_pwv,35.0,3.984 K,0.653598
20240422,090136.397943,091149.939748,613.541805,261.508 um_pwv,319.242 um_pwv,35.0,4.09 K,0.612564
20240422,091150.897066,092204.343946,613.44688,255.624 um_pwv,312.059 um_pwv,35.0,4.128 K,0.598656
20240422,092205.307723,093218.755669,613.447946,250.242 um_pwv,305.489 um_pwv,35.0,4.098 K,0.585934
20240422,093219.714616,094233.160025,613.445409,246.854 um_pwv,301.353 um_pwv,35.0,4.16 K,0.577927
20240422,094234.122706,095247.566565,613.443859,244.494 um_pwv,298.472 um_pwv,35.0,4.151 K,0.572347
20240422,095248.525577,095636.049281,227.523704,241.848 um_pwv,295.241 um_pwv,35.0,4.06 K,0.566093
20240422,100136.246358,101149.787677,613.541319,241.611 um_pwv,294.952 um_pwv,35.0,4.142 K,0.565533
20240422,101150.751219,102204.194916,613.443697,239.676 um_pwv,292.591 um_pwv,35.0,4.141 K,0.560961
20240422,102205.158132,103218.604472,613.44634,237.106 um_pwv,289.453 um_pwv,35.0,4.143 K,0.554885
20240422,103219.561362,104233.011843,613.450481,232.915 um_pwv,284.336 um_pwv,35.0,4.193 K,0.544978
20240422,104233.968699,105247.415869,613.44717,229.426 um_pwv,280.078 um_pwv,35.0,4.101 K,0.536733
20240422,105248.379588,105635.897152,227.517564,228.015 um_pwv,278.355 um_pwv,35.0,4.076 K,0.533396
20240422,110136.089865,111149.636397,613.546532,226.501 um_pwv,276.506 um_pwv,35.0,4.145 K,0.529818
20240422,111150.599477,112204.048434,613.448957,225.151 um_pwv,274.859 um_pwv,35.0,4.16 K,0.526628
20240422,112205.006233,113218.451930,613.445697,223.986 um_pwv,273.436 um_pwv,35.0,4.162 K,0.523872
20240422,113219.411600,114232.859377,613.447777,223.722 um_pwv,273.115 um_pwv,35.0,4.225 K,0.523251
20240422,114233.822872,115247.270139,613.447267,223.964 um_pwv,273.409 um_pwv,35.0,4.204 K,0.523821
20240422,115248.230075,115635.749596,227.519521,224.645 um_pwv,274.241 um_pwv,35.0,4.146 K,0.525431
20240422,130136.006923,131149.585780,613.578857,231.277 um_pwv,282.337 um_pwv,35.0,4.212 K,0.541108
20240422,131150.543328,132203.989586,613.446258,231.119 um_pwv,282.144 um_pwv,35.0,4.156 K,0.540733
20240422,132204.952508,133218.407899,613.455391,230.576 um_pwv,281.481 um_pwv,35.0,4.154 K,0.539450
20240422,133219.358760,134232.809603,613.450843,229.719 um_pwv,280.435 um_pwv,35.0,4.198 K,0.537424
20240422,134233.766983,135247.214617,613.447634,229.011 um_pwv,279.571 um_pwv,35.0,4.186 K,0.535751
20240422,135248.177879,135635.698150,227.520271,227.948 um_pwv,278.273 um_pwv,35.0,4.158 K,0.533238
20240422,140135.848840,141149.388187,613.539347,228.216 um_pwv,278.6 um_pwv,35.0,4.145 K,0.533872
20240422,141150.351297,142203.800446,613.449149,228.585 um_pwv,279.051 um_pwv,35.0,4.153 K,0.534744
20240422,142204.756432,143218.208021,613.451589,228.462 um_pwv,278.901 um_pwv,35.0,4.129 K,0.534453
20240422,143219.164611,144232.615057,613.450446,228.372 um_pwv,278.791 um_pwv,35.0,4.147 K,0.534242
20240422,144233.572573,145247.022259,613.449686,229.101 um_pwv,279.68 um_pwv,35.0,4.106 K,0.535963
20240422,145247.984999,145635.503590,227.518591,228.44 um_pwv,278.873 um_pwv,35.0,4.027 K,0.534400
20240422,150135.672003,151149.246811,613.574808,229.157 um_pwv,279.749 um_pwv,35.0,4.1 K,0.536096
20240422,151150.202551,152203.650417,613.447866,229.606 um_pwv,280.298 um_pwv,35.0,4.101 K,0.537158
20240422,152204.614931,153218.062481,613.44755,230.915 um_pwv,281.895 um_pwv,35.0,4.078 K,0.540251
20240422,153219.023998,154232.469812,613.445814,231.617 um_pwv,282.753 um_pwv,35.0,4.055 K,0.541912
20240422,154233.426405,155246.878405,613.452,231.481 um_pwv,282.586 um_pwv,35.0,4.067 K,0.541590
20240422,155247.837500,155635.358721,227.521221,229.426 um_pwv,280.078 um_pwv,35.0,4.019 K,0.536733
20240422,170136.555733,171150.101587,613.545854,230.621 um_pwv,281.536 um_pwv,35.0,4 K,0.539556
20240422,171151.066214,172204.512095,613.445881,230.576 um_pwv,281.481 um_pwv,35.0,4.017 K,0.539450
20240422,172205.469086,173218.921068,613.451982,230.644 um_pwv,281.564 um_pwv,35.0,3.982 K,0.539610
20240422,173219.881381,174233.325728,613.444347,230.802 um_pwv,281.757 um_pwv,35.0,4.017 K,0.539984
20240422,174234.288979,175247.733153,613.444174,231.277 um_pwv,282.337 um_pwv,35.0,4.04 K,0.541108
20240422,175248.696405,175636.214009,227.517604,232.151 um_pwv,283.404 um_pwv,35.0,3.976 K,0.543174
20240422,180136.429309,181150.004951,613.575642,233.166 um_pwv,284.643 um_pwv,35.0,4.025 K,0.545572
20240422,181150.961593,182204.409459,613.447866,234.794 um_pwv,286.63 um_pwv,35.0,4.013 K,0.549420
20240422,182205.368765,183218.816908,613.448143,235.831 um_pwv,287.897 um_pwv,35.0,4.02 K,0.551873
20240422,183219.777136,184233.223853,613.446717,235.855 um_pwv,287.925 um_pwv,35.0,4.065 K,0.551927
20240422,184234.184388,185247.631400,613.447012,235.762 um_pwv,287.812 um_pwv,35.0,4.067 K,0.551709
20240422,185248.594578,185636.114221,227.519643,235.762 um_pwv,287.812 um_pwv,35.0,4.009 K,0.551709
20240422,190136.258434,191149.806632,613.548198,236.41 um_pwv,288.603 um_pwv,35.0,4.077 K,0.553240
20240422,191150.765620,192204.216393,613.450773,236.827 um_pwv,289.113 um_pwv,35.0,4.075 K,0.554227
20240422,192205.173261,193218.620570,613.447309,237.734 um_pwv,290.22 um_pwv,35.0,4.077 K,0.556371
20240422,193219.583562,194233.027916,613.444354,240.783 um_pwv,293.942 um_pwv,35.0,4.071 K,0.563577
20240422,194233.991455,195247.436449,613.444994,242.346 um_pwv,295.85 um_pwv,35.0,4.071 K,0.567271
20240422,195248.395793,195635.919884,227.524091,242.37 um_pwv,295.879 um_pwv,35.0,4.012 K,0.567327
20240422,210136.063274,211149.608647,613.545373,245.647 um_pwv,299.879 um_pwv,35.0,4.091 K,0.575073
20240422,211150.570850,212204.019091,613.448241,245.551 um_pwv,299.762 um_pwv,35.0,4.088 K,0.574846
20240422,212204.974754,213218.425123,613.450369,247.048 um_pwv,301.59 um_pwv,35.0,4.139 K,0.578384
20240422,213219.386787,214232.833742,613.446955,248.128 um_pwv,302.908 um_pwv,35.0,4.064 K,0.580938
20240422,214233.789698,215247.239945,613.450247,249.286 um_pwv,304.323 um_pwv,35.0,4.113 K,0.583676
20240422,215248.202002,215635.721255,227.519253,248.847 um_pwv,303.786 um_pwv,35.0,4.047 K,0.582637
20240422,220135.922740,221149.461727,613.538987,248.067 um_pwv,302.834 um_pwv,35.0,4.037 K,0.580794
20240422,221150.424200,222203.872095,613.447895,248.019 um_pwv,302.775 um_pwv,35.0,4.043 K,0.580679
20240422,222204.828960,223218.277883,613.448923,247.897 um_pwv,302.626 um_pwv,35.0,4.125 K,0.580392
20240422,223219.240270,224232.687739,613.447469,247.581 um_pwv,302.241 um_pwv,35.0,4.11 K,0.579645
20240422,224233.643990,225247.091704,613.447714,247.12 um_pwv,301.678 um_pwv,35.0,4.117 K,0.578556
20240422,225248.055668,225635.575397,227.519729,246.781 um_pwv,301.265 um_pwv,35.0,4.065 K,0.577755
20240423,010136.682064,011150.222618,613.540554,246.467 um_pwv,300.881 um_pwv,35.0,4.057 K,0.577012
20240423,011151.181062,012204.629221,613.448159,246.467 um_pwv,300.881 um_pwv,35.0,4.092 K,0.577012
20240423,012205.589150,013219.034316,613.445166,247.824 um_pwv,302.537 um_pwv,35.0,4.13 K,0.580220
20240423,013219.993032,014233.443071,613.450039,248.725 um_pwv,303.637 um_pwv,35.0,4.127 K,0.582349
20240423,014234.400596,015247.852127,613.451531,250.782 um_pwv,306.148 um_pwv,35.0,4.14 K,0.587211
20240423,015248.811645,015636.328988,227.517343,251.422 um_pwv,306.93 um_pwv,35.0,4.123 K,0.588724
20240423,020136.520714,021150.068858,613.548144,251.373 um_pwv,306.87 um_pwv,35.0,4.158 K,0.588608
20240423,021151.033675,022204.476754,613.443079,252.039 um_pwv,307.683 um_pwv,35.0,4.122 K,0.590183
20240423,022205.436622,023218.890255,613.453633,254.05 um_pwv,310.137 um_pwv,35.0,4.142 K,0.594934
20240423,023219.843727,024233.293522,613.449795,254.823 um_pwv,311.082 um_pwv,35.0,4.143 K,0.596763
20240423,024234.252517,025247.699231,613.446714,251.595 um_pwv,307.141 um_pwv,35.0,4.078 K,0.589132
20240423,025248.662750,025636.182397,227.519647,248.311 um_pwv,303.131 um_pwv,35.0,4.083 K,0.581369
20240423,030136.282705,031149.828545,613.54584,246.515 um_pwv,300.94 um_pwv,35.0,4.166 K,0.577126
20240423,031150.786121,032204.236863,613.450742,246.491 um_pwv,300.91 um_pwv,35.0,4.145 K,0.577069
20240423,032205.196904,033218.649872,613.452968,247.314 um_pwv,301.915 um_pwv,35.0,4.135 K,0.579015
20240423,033219.601568,034233.051724,613.450156,247.157 um_pwv,301.723 um_pwv,35.0,4.19 K,0.578642
20240423,034234.008516,035247.460114,613.451598,246.177 um_pwv,300.527 um_pwv,35.0,4.157 K,0.576327
20240423,035248.420141,035635.941472,227.521331,245.166 um_pwv,299.292 um_pwv,35.0,4.065 K,0.573936
20240423,050136.179636,051149.729812,613.550176,247.97 um_pwv,302.715 um_pwv,35.0,4.17 K,0.580564
20240423,051150.690520,052204.136957,613.446437,250.119 um_pwv,305.339 um_pwv,35.0,4.183 K,0.585644
20240423,052205.098426,053218.546330,613.447904,251.028 um_pwv,306.449 um_pwv,35.0,4.232 K,0.587793
20240423,053219.502868,054232.952337,613.449469,251.127 um_pwv,306.569 um_pwv,35.0,4.224 K,0.588025
20240423,054233.914741,055247.358345,613.443604,253.253 um_pwv,309.165 um_pwv,35.0,4.215 K,0.593053
20240423,055248.321624,055635.840228,227.518604,254.074 um_pwv,310.168 um_pwv,35.0,4.176 K,0.594993
20240423,060136.039492,061149.582369,613.542877,255.95 um_pwv,312.458 um_pwv,35.0,4.237 K,0.599427
20240423,061150.543372,062203.991408,613.448036,257.158 um_pwv,313.932 um_pwv,35.0,4.25 K,0.602282
20240423,062204.947344,063218.398530,613.451186,258.118 um_pwv,315.104 um_pwv,35.0,4.235 K,0.604552
20240423,063219.354524,064232.805833,613.451309,259.846 um_pwv,317.213 um_pwv,35.0,4.209 K,0.608635
20240423,064233.762743,065247.210140,613.447397,260.177 um_pwv,317.618 um_pwv,35.0,4.193 K,0.609419
20240423,065248.173346,065635.692859,227.519513,259.948 um_pwv,317.338 um_pwv,35.0,4.158 K,0.608876
20240423,070135.845177,071149.385863,613.540686,261.457 um_pwv,319.18 um_pwv,35.0,4.224 K,0.612443
20240423,071150.346523,072203.792954,613.446431,261.893 um_pwv,319.713 um_pwv,35.0,4.237 K,0.613474
20240423,072204.748584,073218.199868,613.451284,263.258 um_pwv,321.379 um_pwv,35.0,4.229 K,0.616701
20240423,073219.156385,074232.607330,613.450945,264.034 um_pwv,322.327 um_pwv,35.0,4.233 K,0.618535
20240423,074233.563712,075247.010225,613.446513,264.553 um_pwv,322.96 um_pwv,35.0,4.245 K,0.619761
20240423,075247.974536,075635.492302,227.517766,263.543 um_pwv,321.726 um_pwv,35.0,4.212 K,0.617373
20240423,090135.677704,091149.230678,613.552974,276.253 um_pwv,337.243 um_pwv,35.0,4.226 K,0.647416
20240423,091150.190346,092203.634055,613.443709,278.158 um_pwv,339.568 um_pwv,35.0,4.254 K,0.651918
20240423,092204.593088,093218.045854,613.452766,278.54 um_pwv,340.035 um_pwv,35.0,4.237 K,0.652822
20240423,093219.003022,094232.454020,613.450998,279.444 um_pwv,341.138 um_pwv,35.0,4.296 K,0.654958
20240423,094233.409655,095246.861141,613.451486,278.677 um_pwv,340.202 um_pwv,35.0,4.303 K,0.653145
20240423,095247.819787,095635.339742,227.519955,278.567 um_pwv,340.068 um_pwv,35.0,4.253 K,0.652886
20240423,100136.500700,101150.042889,613.542189,278.431 um_pwv,339.901 um_pwv,35.0,4.28 K,0.652563
20240423,101150.999569,102204.449382,613.449813,277.558 um_pwv,338.835 um_pwv,35.0,4.304 K,0.650499
20240423,102205.412036,103218.865126,613.45309,276.579 um_pwv,337.64 um_pwv,35.0,4.322 K,0.648185
20240423,103219.817133,104233.263106,613.445973,277.639 um_pwv,338.935 um_pwv,35.0,4.391 K,0.650693
20240423,104234.227036,105247.673780,613.446744,276.741 um_pwv,337.839 um_pwv,35.0,4.365 K,0.648571
20240423,105248.630602,105636.155238,227.524636,275.982 um_pwv,336.912 um_pwv,35.0,4.35 K,0.646775
20240423,110136.346567,111149.895227,613.54866,276.714 um_pwv,337.806 um_pwv,35.0,4.392 K,0.648506
20240423,111150.852755,112204.305787,613.453032,276.741 um_pwv,337.839 um_pwv,35.0,4.386 K,0.648571
20240423,112205.263212,113218.709129,613.445917,276.253 um_pwv,337.243 um_pwv,35.0,4.41 K,0.647416
20240423,113219.672650,114233.121088,613.448438,277.149 um_pwv,338.337 um_pwv,35.0,4.421 K,0.649534
20240423,114234.081902,115247.528979,613.447077,277.231 um_pwv,338.436 um_pwv,35.0,4.444 K,0.649727
20240423,115248.487926,115636.008504,227.520578,276.361 um_pwv,337.375 um_pwv,35.0,4.403 K,0.647672
20240423,130136.218716,131149.793254,613.574538,269.743 um_pwv,329.295 um_pwv,35.0,4.474 K,0.632028
20240423,131150.756327,132204.202764,613.446437,271.549 um_pwv,331.5 um_pwv,35.0,4.465 K,0.636297
20240423,132205.159741,133218.611979,613.452238,271.789 um_pwv,331.793 um_pwv,35.0,4.432 K,0.636864
20240423,133219.568260,134233.015579,613.447319,270.751 um_pwv,330.526 um_pwv,35.0,4.418 K,0.634410
20240423,134233.978483,135247.422977,613.444494,269.214 um_pwv,328.65 um_pwv,35.0,4.415 K,0.630778
20240423,135248.381599,135635.906764,227.525165,267.502 um_pwv,326.56 um_pwv,35.0,4.341 K,0.626733
20240423,140136.025272,141149.600122,613.57485,266.481 um_pwv,325.313 um_pwv,35.0,4.389 K,0.624318
20240423,141150.557125,142204.003985,613.44686,265.099 um_pwv,323.626 um_pwv,35.0,4.377 K,0.621051
20240423,142204.966367,143218.413324,613.446957,264.943 um_pwv,323.435 um_pwv,35.0,4.344 K,0.620682
20240423,143219.371492,144232.818893,613.447401,264.527 um_pwv,322.928 um_pwv,35.0,4.386 K,0.619700
20240423,144233.781031,145247.226316,613.445285,263.258 um_pwv,321.379 um_pwv,35.0,4.396 K,0.616701
20240423,145248.190551,145635.710103,227.519552,261.932 um_pwv,319.76 um_pwv,35.0,4.348 K,0.613565
20240423,150135.826648,151149.403796,613.577148,262.047 um_pwv,319.901 um_pwv,35.0,4.374 K,0.613839
20240423,151150.359224,152203.811691,613.452467,262.897 um_pwv,320.938 um_pwv,35.0,4.345 K,0.615847
20240423,152204.768974,153218.219821,613.450847,264.527 um_pwv,322.928 um_pwv,35.0,4.363 K,0.619700
20240423,153219.179620,154232.623638,613.444018,266.481 um_pwv,325.313 um_pwv,35.0,4.363 K,0.624318
20240423,154233.586125,155247.034929,613.448804,266.455 um_pwv,325.281 um_pwv,35.0,4.324 K,0.624256
20240423,155247.993619,155635.515490,227.521871,266.481 um_pwv,325.313 um_pwv,35.0,4.244 K,0.624318
20240423,170135.631096,171149.205023,613.573927,270.326 um_pwv,330.007 um_pwv,35.0,4.386 K,0.633406
20240423,171150.166639,172203.610294,613.443655,270.14 um_pwv,329.78 um_pwv,35.0,4.45 K,0.632968
20240423,172204.574803,173218.021459,613.446656,269.928 um_pwv,329.522 um_pwv,35.0,4.431 K,0.632466
20240423,173218.979994,174232.429422,613.449428,269.188 um_pwv,328.617 um_pwv,35.0,4.434 K,0.630716
20240423,174233.387162,175246.835785,613.448623,269.558 um_pwv,329.069 um_pwv,35.0,4.443 K,0.631591
20240423,175247.792677,175635.316592,227.523915,269.664 um_pwv,329.198 um_pwv,35.0,4.387 K,0.631841
20240423,180136.419563,181149.966750,613.547187,272.189 um_pwv,332.282 um_pwv,35.0,4.464 K,0.637811
20240423,181150.929774,182204.375419,613.445645,272.296 um_pwv,332.412 um_pwv,35.0,4.469 K,0.638063
20240423,182205.339800,183218.782390,613.44259,273.099 um_pwv,333.392 um_pwv,35.0,4.438 K,0.639961
20240423,183219.747152,184233.190583,613.443431,273.824 um_pwv,334.277 um_pwv,35.0,4.426 K,0.641674
20240423,184234.154647,185247.649780,613.495133,272.697 um_pwv,332.902 um_pwv,35.0,4.45 K,0.639011
20240423,185248.606968,185636.127774,227.520806,272.831 um_pwv,333.065 um_pwv,35.0,4.445 K,0.639328
20240423,190136.271912,191149.823941,613.552029,274.2 um_pwv,334.736 um_pwv,35.0,4.435 K,0.642564
20240423,191150.779935,192204.227229,613.447294,273.824 um_pwv,334.277 um_pwv,35.0,4.458 K,0.641674
20240423,192205.190580,193218.638713,613.448133,273.394 um_pwv,333.752 um_pwv,35.0,4.449 K,0.640658
20240423,193219.596827,194233.041547,613.44472,272.858 um_pwv,333.098 um_pwv,35.0,4.407 K,0.639391
20240423,194234.005148,195247.449225,613.444077,271.976 um_pwv,332.021 um_pwv,35.0,4.461 K,0.637306
20240423,195248.413581,195635.932798,227.519217,270.99 um_pwv,330.818 um_pwv,35.0,4.328 K,0.634976
20240423,210136.094651,211149.669956,613.575305,273.233 um_pwv,333.556 um_pwv,35.0,4.464 K,0.640278
20240423,211150.630088,212204.074255,613.444167,271.283 um_pwv,331.175 um_pwv,35.0,4.424 K,0.635668
20240423,212205.036589,213218.482225,613.445636,269.849 um_pwv,329.425 um_pwv,35.0,4.494 K,0.632279
20240423,213219.445219,214232.889176,613.443957,269.32 um_pwv,328.779 um_pwv,35.0,4.455 K,0.631028
20240423,214233.851650,215247.297334,613.445684,268.265 um_pwv,327.491 um_pwv,35.0,4.429 K,0.628534
20240423,215248.259170,215635.780447,227.521277,267.398 um_pwv,326.432 um_pwv,35.0,4.434 K,0.626485
20240423,220135.892053,221149.474271,613.582218,267.45 um_pwv,326.496 um_pwv,35.0,4.461 K,0.626609
20240423,221150.430307,222203.878398,613.448091,265.854 um_pwv,324.548 um_pwv,35.0,4.496 K,0.622836
20240423,222204.842078,223218.286991,613.444913,264.19 um_pwv,322.516 um_pwv,35.0,4.472 K,0.618903
20240423,223219.250262,224232.695424,613.445162,263.207 um_pwv,321.316 um_pwv,35.0,4.508 K,0.616579
20240423,224233.657454,225247.106406,613.448952,262.022 um_pwv,319.869 um_pwv,35.0,4.453 K,0.613778
20240423,225248.064237,225635.584351,227.520114,260.893 um_pwv,318.492 um_pwv,35.0,4.362 K,0.611110
20240424,010136.678017,011150.229870,613.551853,262.099 um_pwv,319.964 um_pwv,35.0,4.559 K,0.613960
20240424,011151.186216,012204.632099,613.445883,261.636 um_pwv,319.399 um_pwv,35.0,4.594 K,0.612867
20240424,012205.595029,013219.040700,613.445671,261.508 um_pwv,319.242 um_pwv,35.0,4.612 K,0.612564
20240424,013219.999157,014233.445913,613.446756,260.331 um_pwv,317.805 um_pwv,35.0,4.613 K,0.609781
20240424,014234.408590,015247.855658,613.447068,259.286 um_pwv,316.529 um_pwv,35.0,4.585 K,0.607311
20240424,015248.814274,015636.335448,227.521174,257.461 um_pwv,314.302 um_pwv,35.0,4.582 K,0.602998
20240424,020136.478951,021150.030074,613.551123,257.057 um_pwv,313.809 um_pwv,35.0,4.615 K,0.602044
20240424,021150.989005,022204.437874,613.448869,257.234 um_pwv,314.025 um_pwv,35.0,4.653 K,0.602461
20240424,022205.395585,023218.844614,613.449029,256.881 um_pwv,313.594 um_pwv,35.0,4.639 K,0.601627
20240424,023219.804782,024233.246851,613.442069,256.881 um_pwv,313.594 um_pwv,35.0,4.68 K,0.601627
20240424,024234.210135,025247.658758,613.448623,257.739 um_pwv,314.641 um_pwv,35.0,4.626 K,0.603655
20240424,025248.617100,025636.137488,227.520388,257.739 um_pwv,314.641 um_pwv,35.0,4.675 K,0.603655
20240424,030136.328715,031149.875608,613.546893,258.321 um_pwv,315.352 um_pwv,35.0,4.678 K,0.605031
20240424,031150.840032,032204.282483,613.442451,258.676 um_pwv,315.785 um_pwv,35.0,4.67 K,0.605870
20240424,032205.247338,033218.689925,613.442587,259.108 um_pwv,316.312 um_pwv,35.0,4.642 K,0.606890
20240424,033219.655315,034233.101871,613.446556,260.305 um_pwv,317.774 um_pwv,35.0,4.685 K,0.609721
20240424,034234.061537,035247.508980,613.447443,260.586 um_pwv,318.117 um_pwv,35.0,4.686 K,0.610385
20240424,035248.466719,035635.989569,227.52285,260.471 um_pwv,317.977 um_pwv,35.0,4.658 K,0.610113
20240424,050136.176584,051149.724603,613.548019,259.235 um_pwv,316.467 um_pwv,35.0,4.623 K,0.607191
20240424,051150.685512,052204.128340,613.442828,260.267 um_pwv,317.727 um_pwv,35.0,4.649 K,0.609630
20240424,052205.092570,053218.538974,613.446404,260.305 um_pwv,317.774 um_pwv,35.0,4.688 K,0.609721
20240424,053219.500892,054232.948147,613.447255,260.331 um_pwv,317.805 um_pwv,35.0,4.613 K,0.609781
20240424,054233.906631,055247.352175,613.445544,260.305 um_pwv,317.774 um_pwv,35.0,4.621 K,0.609721
20240424,055248.313877,055635.834990,227.521113,259.948 um_pwv,317.338 um_pwv,35.0,4.523 K,0.608876
20240424,060136.027887,061149.576215,613.548328,261.252 um_pwv,318.929 um_pwv,35.0,4.639 K,0.611958
20240424,061150.533027,062203.985906,613.452879,260.458 um_pwv,317.961 um_pwv,35.0,4.603 K,0.610083
20240424,062204.941696,063218.391184,613.449488,260.74 um_pwv,318.304 um_pwv,35.0,4.633 K,0.610747
20240424,063219.353028,064232.798674,613.445646,261.277 um_pwv,318.961 um_pwv,35.0,4.652 K,0.612018
20240424,064233.760581,065247.301586,613.541005,261.559 um_pwv,319.305 um_pwv,35.0,4.695 K,0.612685
20240424,065248.263702,065635.784289,227.520587,260.612 um_pwv,318.148 um_pwv,35.0,4.591 K,0.610445
20240424,070135.900276,071149.477845,613.577569,261.149 um_pwv,318.804 um_pwv,35.0,4.669 K,0.611716
20240424,071150.439101,072203.885414,613.446313,261.662 um_pwv,319.43 um_pwv,35.0,4.585 K,0.612928
20240424,072204.842600,073218.289741,613.447141,261.534 um_pwv,319.274 um_pwv,35.0,4.624 K,0.612625
20240424,073219.252729,074232.699234,613.446505,262.949 um_pwv,321.001 um_pwv,35.0,4.637 K,0.615969
20240424,074233.660734,075247.104527,613.443793,264.579 um_pwv,322.991 um_pwv,35.0,4.557 K,0.619823
20240424,075248.066352,075635.588313,227.521961,264.657 um_pwv,323.086 um_pwv,35.0,4.523 K,0.620007
20240424,090135.824023,091149.377705,613.553682,276.361 um_pwv,337.375 um_pwv,35.0,4.624 K,0.647672
20240424,091150.333950,092203.785831,613.451881,276.741 um_pwv,337.839 um_pwv,35.0,4.627 K,0.648571
20240424,092204.743919,093218.190024,613.446105,278.076 um_pwv,339.468 um_pwv,35.0,4.658 K,0.651724
20240424,093219.153029,094232.600525,613.447496,278.349 um_pwv,339.801 um_pwv,35.0,4.643 K,0.652370
20240424,094233.563547,095247.011805,613.448258,278.239 um_pwv,339.668 um_pwv,35.0,4.617 K,0.652111
20240424,095247.970873,095635.490524,227.519651,277.885 um_pwv,339.235 um_pwv,35.0,4.672 K,0.651273
20240424,100135.653422,101149.231659,613.578237,279.636 um_pwv,341.372 um_pwv,35.0,4.679 K,0.655412
20240424,101150.190209,102203.638485,613.448276,281.371 um_pwv,343.49 um_pwv,35.0,4.778 K,0.659512
20240424,102204.598980,103218.046471,613.447491,282.616 um_pwv,345.011 um_pwv,35.0,4.74 K,0.662456
20240424,103219.010394,104232.454394,613.444,284.649 um_pwv,347.492 um_pwv,35.0,4.731 K,0.667261
20240424,104233.419545,105246.862260,613.442715,286.471 um_pwv,349.717 um_pwv,35.0,4.749 K,0.671568
20240424,105247.825526,105635.346491,227.520965,287.57 um_pwv,351.058 um_pwv,35.0,4.721 K,0.674166
20240424,110136.497841,111150.044838,613.546997,288.39 um_pwv,352.059 um_pwv,35.0,4.765 K,0.676104
20240424,111151.006708,112204.454412,613.447704,289.241 um_pwv,353.098 um_pwv,35.0,4.752 K,0.678115
20240424,112205.412462,113218.862489,613.450027,289.639 um_pwv,353.584 um_pwv,35.0,4.742 K,0.679055
20240424,113219.820270,114233.268614,613.448344,289.696 um_pwv,353.653 um_pwv,35.0,4.674 K,0.679190
20240424,114234.232768,115247.675511,613.442743,290.379 um_pwv,354.487 um_pwv,35.0,4.687 K,0.680805
20240424,115248.639019,115636.158361,227.519342,291.436 um_pwv,355.778 um_pwv,35.0,4.662 K,0.683303
20240424,130136.298636,131149.849473,613.550837,333.392 um_pwv,406.996 um_pwv,35.0,5.243 K,0.782471
20240424,131150.804865,132204.256074,613.451209,333.293 um_pwv,406.876 um_pwv,35.0,5.25 K,0.782239
20240424,132205.212361,133218.663401,613.45104,333.556 um_pwv,407.196 um_pwv,35.0,5.253 K,0.782858
20240424,133219.620014,134233.067385,613.447371,333.425 um_pwv,407.036 um_pwv,35.0,5.222 K,0.782548
20240424,134234.029456,135247.477612,613.448156,333.621 um_pwv,407.276 um_pwv,35.0,5.239 K,0.783013
20240424,135248.435568,135635.957578,227.52201,332.573 um_pwv,405.997 um_pwv,35.0,5.182 K,0.780537
20240424,140136.112050,141149.651410,613.53936,332.377 um_pwv,405.758 um_pwv,35.0,5.255 K,0.780073
20240424,141150.608983,142204.054632,613.445649,332.247 um_pwv,405.598 um_pwv,35.0,5.226 K,0.779765
20240424,142205.017591,143218.463882,613.446291,332.999 um_pwv,406.516 um_pwv,35.0,5.286 K,0.781542
20240424,143219.425621,144232.872419,613.446798,332.279 um_pwv,405.638 um_pwv,35.0,5.248 K,0.779842
20240424,144233.834125,145247.280709,613.446584,333.261 um_pwv,406.836 um_pwv,35.0,5.291 K,0.782161
20240424,145248.236581,145635.760101,227.52352,332.214 um_pwv,405.559 um_pwv,35.0,5.162 K,0.779687
20240424,150135.923339,151149.503780,613.580441,333.556 um_pwv,407.196 um_pwv,35.0,5.221 K,0.782858
20240424,151150.460451,152203.911145,613.450694,334.015 um_pwv,407.757 um_pwv,35.0,5.209 K,0.783944
20240424,152204.867368,153218.319471,613.452103,336.189 um_pwv,410.411 um_pwv,35.0,5.244 K,0.789083
20240424,153219.277220,154232.725938,613.448718,336.751 um_pwv,411.097 um_pwv,35.0,5.264 K,0.790412
20240424,154233.688045,155247.134548,613.446503,335.925 um_pwv,410.088 um_pwv,35.0,5.252 K,0.788458
20240424,155248.090867,155635.615074,227.524207,333.457 um_pwv,407.076 um_pwv,35.0,5.221 K,0.782626
20240424,170135.804324,171149.355757,613.551433,330.976 um_pwv,404.047 um_pwv,35.0,5.167 K,0.776760
20240424,171150.312642,172203.760878,613.448236,332.116 um_pwv,405.439 um_pwv,35.0,5.185 K,0.779456
20240424,172204.720226,173218.168943,613.448717,333.556 um_pwv,407.196 um_pwv,35.0,5.238 K,0.782858
20240424,173219.128220,174232.576037,613.447817,334.804 um_pwv,408.72 um_pwv,35.0,5.23 K,0.785809
20240424,174233.535405,175246.984528,613.449123,334.755 um_pwv,408.66 um_pwv,35.0,5.176 K,0.785692
20240424,175247.943386,175635.468118,227.524732,334.179 um_pwv,407.957 um_pwv,35.0,5.185 K,0.784332
20240424,180136.571243,181150.117770,613.546527,334.87 um_pwv,408.8 um_pwv,35.0,5.239 K,0.785964
20240424,181151.077367,182204.529139,613.451772,336.95 um_pwv,411.34 um_pwv,35.0,5.256 K,0.790881
20240424,182205.488941,183218.936224,613.447283,336.586 um_pwv,410.895 um_pwv,35.0,5.243 K,0.790020
20240424,183219.893171,184233.344390,613.451219,335.892 um_pwv,410.048 um_pwv,35.0,5.209 K,0.788380
20240424,184234.304094,185247.751936,613.447842,337.182 um_pwv,411.623 um_pwv,35.0,5.268 K,0.791429
20240424,185248.709384,185636.231330,227.521946,335.463 um_pwv,409.524 um_pwv,35.0,5.139 K,0.787366
20240424,190136.469769,191150.018392,613.548623,333.195 um_pwv,406.756 um_pwv,35.0,5.209 K,0.782006
20240424,191150.977579,192204.429482,613.451903,332.999 um_pwv,406.516 um_pwv,35.0,5.204 K,0.781542
20240424,192205.386782,193218.833474,613.446692,332.737 um_pwv,406.197 um_pwv,35.0,5.189 K,0.780923
20240424,193219.796757,194233.240505,613.443748,331.008 um_pwv,404.086 um_pwv,35.0,5.191 K,0.776837
20240424,194234.200162,195247.647660,613.447498,331.431 um_pwv,404.603 um_pwv,35.0,5.178 K,0.777837
20240424,195248.610635,195636.130793,227.520158,331.106 um_pwv,404.205 um_pwv,35.0,5.026 K,0.777068
20240424,210136.322073,211149.870065,613.547992,331.366 um_pwv,404.523 um_pwv,35.0,4.614 K,0.777683
20240424,211150.831079,212204.278458,613.447379,331.627 um_pwv,404.842 um_pwv,35.0,4.486 K,0.778299
20240424,212205.240013,213218.687658,613.447645,332.541 um_pwv,405.957 um_pwv,35.0,4.516 K,0.780460
20240424,213219.644934,214233.094800,613.449866,334.212 um_pwv,407.998 um_pwv,35.0,4.566 K,0.784410
20240424,214234.056227,215247.502283,613.446056,334.212 um_pwv,407.998 um_pwv,35.0,4.563 K,0.784410
20240424,215248.463567,215635.981904,227.518337,331.725 um_pwv,404.961 um_pwv,35.0,4.531 K,0.778531
20240424,220136.174307,221149.727294,613.552987,331.529 um_pwv,404.722 um_pwv,35.0,4.6 K,0.778068
20240424,221150.682489,222204.133605,613.451116,332.312 um_pwv,405.678 um_pwv,35.0,4.592 K,0.779919
20240424,222205.095420,223218.541485,613.446065,332.345 um_pwv,405.718 um_pwv,35.0,4.579 K,0.779996
20240424,223219.503593,224232.947453,613.44386,332.083 um_pwv,405.399 um_pwv,35.0,4.554 K,0.779379
20240424,224233.912198,225247.361230,613.449032,333.097 um_pwv,406.636 um_pwv,35.0,4.585 K,0.781774
20240424,225248.319082,225635.839709,227.520627,332.116 um_pwv,405.439 um_pwv,35.0,4.461 K,0.779456
20240425,010135.933052,011149.482715,613.549663,339.777 um_pwv,414.791 um_pwv,35.0,4.232 K,0.797564
20240425,011150.439099,012203.886803,613.447704,341.015 um_pwv,416.303 um_pwv,35.0,4.237 K,0.800490
20240425,012204.846675,013218.296163,613.449488,343.776 um_pwv,419.673 um_pwv,35.0,4.167 K,0.807015
20240425,013219.254622,014232.706999,613.452377,345.776 um_pwv,422.114 um_pwv,35.0,4.251 K,0.811742
20240425,014233.667321,015247.109405,613.442084,342.595 um_pwv,418.231 um_pwv,35.0,4.282 K,0.804223
20240425,015248.074708,015635.592819,227.518111,339.911 um_pwv,414.955 um_pwv,35.0,4.271 K,0.797880
20240425,020135.787856,021149.334109,613.546253,337.049 um_pwv,411.461 um_pwv,35.0,4.287 K,0.791116
20240425,021150.292383,022203.743610,613.451227,333.916 um_pwv,407.637 um_pwv,35.0,4.265 K,0.783711
20240425,022204.701076,023218.149171,613.448095,334.903 um_pwv,408.841 um_pwv,35.0,4.321 K,0.786042
20240425,023219.107000,024232.558422,613.451422,336.321 um_pwv,410.572 um_pwv,35.0,4.297 K,0.789395
20240425,024233.515649,025246.966607,613.450958,335.199 um_pwv,409.202 um_pwv,35.0,4.264 K,0.786743
20240425,025247.924472,025635.445516,227.521044,331.888 um_pwv,405.16 um_pwv,35.0,4.268 K,0.778916
20240425,030136.596265,031150.144236,613.547971,330.293 um_pwv,403.213 um_pwv,35.0,4.329 K,0.775147
20240425,031151.107556,032204.554543,613.446987,329.353 um_pwv,402.066 um_pwv,35.0,4.354 K,0.772925
20240425,032205.512351,033218.959660,613.447309,331.822 um_pwv,405.08 um_pwv,35.0,4.331 K,0.778762
20240425,033219.922948,034233.370530,613.447582,332.116 um_pwv,405.439 um_pwv,35.0,4.288 K,0.779456
20240425,034234.329544,035247.779865,613.450321,330.553 um_pwv,403.531 um_pwv,35.0,4.248 K,0.775761
20240425,035248.737100,035636.259787,227.522687,331.986 um_pwv,405.28 um_pwv,35.0,4.354 K,0.779147
20240425,050136.400557,051149.948556,613.547999,336.057 um_pwv,410.25 um_pwv,35.0,4.299 K,0.788770
20240425,051150.910764,052204.358415,613.447651,334.015 um_pwv,407.757 um_pwv,35.0,4.256 K,0.783944
20240425,052205.316378,053218.773206,613.456828,332.149 um_pwv,405.479 um_pwv,35.0,4.28 K,0.779533
20240425,053219.723470,054233.175380,613.45191,330.748 um_pwv,403.769 um_pwv,35.0,4.322 K,0.776222
20240425,054234.133443,055247.581346,613.447903,328.642 um_pwv,401.197 um_pwv,35.0,4.309 K,0.771244
20240425,055248.543469,055636.061344,227.517875,298.826 um_pwv,364.799 um_pwv,35.0,3.872 K,0.700771
20240425,060136.254702,061149.802113,613.547411,298.621 um_pwv,364.549 um_pwv,35.0,4.026 K,0.700286
20240425,061150.763339,062204.209068,613.445729,298.152 um_pwv,363.976 um_pwv,35.0,4.042 K,0.699177
20240425,062205.170801,063218.620512,613.449711,299.384 um_pwv,365.481 um_pwv,35.0,4.056 K,0.702090
20240425,063219.576278,064233.025097,613.448819,330.228 um_pwv,403.134 um_pwv,35.0,4.333 K,0.774994
20240425,064233.988491,065247.433968,613.445477,333.884 um_pwv,407.597 um_pwv,35.0,4.357 K,0.783634
20240425,065248.392441,065635.915226,227.522785,333.326 um_pwv,406.916 um_pwv,35.0,4.274 K,0.782316
20240425,070136.107745,071149.660390,613.552645,330.976 um_pwv,404.047 um_pwv,35.0,4.353 K,0.776760
20240425,071150.618140,072204.063566,613.445426,298.357 um_pwv,364.227 um_pwv,35.0,4.101 K,0.699662
20240425,072205.025455,073218.475722,613.450267,296.342 um_pwv,361.767 um_pwv,35.0,3.938 K,0.694899
20240425,073219.433343,074232.879594,613.446251,296.604 um_pwv,362.087 um_pwv,35.0,3.895 K,0.695519
20240425,074233.844477,075247.291412,613.446935,296.692 um_pwv,362.193 um_pwv,35.0,3.878 K,0.695725
20240425,075248.250846,075635.772865,227.522019,295.557 um_pwv,360.809 um_pwv,35.0,3.839 K,0.693045
20240425,090136.011006,091149.558992,613.547986,286.499 um_pwv,349.751 um_pwv,35.0,3.994 K,0.671635
20240425,091150.522983,092203.965872,613.442889,284.677 um_pwv,347.526 um_pwv,35.0,3.98 K,0.667327
20240425,092204.926022,093218.375225,613.449203,282.45 um_pwv,344.808 um_pwv,35.0,3.972 K,0.662063
20240425,093219.338546,094232.782528,613.443982,282.561 um_pwv,344.943 um_pwv,35.0,3.981 K,0.662325
20240425,094233.741433,095247.191411,613.449978,281.398 um_pwv,343.524 um_pwv,35.0,3.934 K,0.659577
20240425,095248.151951,095635.672657,227.520706,280.819 um_pwv,342.816 um_pwv,35.0,3.845 K,0.658208
20240425,100135.791437,101149.365913,613.574476,282.145 um_pwv,344.435 um_pwv,35.0,3.977 K,0.661343
20240425,101150.323521,102203.770635,613.447114,282.949 um_pwv,345.417 um_pwv,35.0,4.064 K,0.663244
20240425,102204.730502,103218.177723,613.447221,282.478 um_pwv,344.841 um_pwv,35.0,4.057 K,0.662129
20240425,103219.140388,104232.587633,613.447245,282.478 um_pwv,344.841 um_pwv,35.0,4.097 K,0.662129
20240425,104233.546312,105246.994380,613.448068,282.394 um_pwv,344.74 um_pwv,35.0,4.104 K,0.661932
20240425,105247.953435,105635.475298,227.521863,282.228 um_pwv,344.537 um_pwv,35.0,4.116 K,0.661539
20240425,110136.601265,111150.176551,613.575286,281.426 um_pwv,343.557 um_pwv,35.0,4.144 K,0.659643
20240425,111151.134073,112204.581432,613.447359,281.315 um_pwv,343.423 um_pwv,35.0,4.129 K,0.659381
20240425,112205.541633,113218.993198,613.451565,282.339 um_pwv,344.672 um_pwv,35.0,4.102 K,0.661801
20240425,113219.950539,114233.397184,613.446645,283.088 um_pwv,345.587 um_pwv,35.0,4.156 K,0.663572
20240425,114234.356981,115247.805227,613.448246,282.533 um_pwv,344.909 um_pwv,35.0,4.154 K,0.662260
20240425,115248.766131,115636.287018,227.520887,281.675 um_pwv,343.861 um_pwv,35.0,4.109 K,0.660231
20240425,130136.426926,131149.977215,613.550289,283.088 um_pwv,345.587 um_pwv,35.0,3.971 K,0.663572
20240425,131150.937788,132204.382067,613.444279,283.979 um_pwv,346.674 um_pwv,35.0,3.957 K,0.665677
20240425,132205.344413,133218.793179,613.448766,285.713 um_pwv,348.791 um_pwv,35.0,3.967 K,0.669776
20240425,133219.749533,134233.198610,613.449077,286.668 um_pwv,349.957 um_pwv,35.0,3.941 K,0.672034
20240425,134234.156504,135247.603898,613.447394,285.685 um_pwv,348.757 um_pwv,35.0,3.9 K,0.669709
20240425,135248.563751,135636.087990,227.524239,284.984 um_pwv,347.902 um_pwv,35.0,3.933 K,0.668054
20240425,140136.246009,141149.831150,613.585141,282.283 um_pwv,344.605 um_pwv,35.0,3.961 K,0.661670
20240425,141150.786910,142204.234055,613.447145,281.232 um_pwv,343.321 um_pwv,35.0,3.963 K,0.659186
20240425,142205.197033,143218.650840,613.453807,280.681 um_pwv,342.648 um_pwv,35.0,3.98 K,0.657882
20240425,143219.602625,144233.054572,613.451947,278.513 um_pwv,340.001 um_pwv,35.0,3.984 K,0.652757
20240425,144234.010209,145247.459812,613.449603,278.103 um_pwv,339.501 um_pwv,35.0,3.961 K,0.651789
20240425,145248.417510,145635.941578,227.524068,277.095 um_pwv,338.27 um_pwv,35.0,3.858 K,0.649406
20240425,150136.052210,151149.632565,613.580355,278.076 um_pwv,339.468 um_pwv,35.0,3.943 K,0.651724
20240425,151150.595604,152204.042950,613.447346,279.087 um_pwv,340.703 um_pwv,35.0,3.932 K,0.654116
20240425,152204.998937,153218.450802,613.451865,280.048 um_pwv,341.875 um_pwv,35.0,3.946 K,0.656386
20240425,153219.410200,154232.854703,613.444503,280.984 um_pwv,343.018 um_pwv,35.0,3.959 K,0.658599
20240425,154233.817437,155247.263587,613.44615,281.15 um_pwv,343.22 um_pwv,35.0,3.947 K,0.658990
20240425,155248.221268,155635.745505,227.524237,281.84 um_pwv,344.064 um_pwv,35.0,3.922 K,0.660623
20240425,170135.859277,171149.431902,613.572625,279.307 um_pwv,340.97 um_pwv,35.0,4.067 K,0.654634
20240425,171150.396595,172203.844956,613.448361,278.567 um_pwv,340.068 um_pwv,35.0,4.089 K,0.652886
20240425,172204.803920,173218.251732,613.447812,277.231 um_pwv,338.436 um_pwv,35.0,4.091 K,0.649727
20240425,173219.210111,174232.655112,613.445001,277.503 um_pwv,338.769 um_pwv,35.0,4.077 K,0.650371
20240425,174233.619377,175247.063299,613.443922,278.321 um_pwv,339.768 um_pwv,35.0,4.067 K,0.652305
20240425,175248.027664,175635.547228,227.519564,277.939 um_pwv,339.301 um_pwv,35.0,4.127 K,0.651402
20240425,180135.652608,181149.193096,613.540488,279.581 um_pwv,341.305 um_pwv,35.0,4.134 K,0.655282
20240425,181150.149178,182203.600949,613.451771,279.608 um_pwv,341.339 um_pwv,35.0,4.131 K,0.655347
20240425,182204.558672,183218.004574,613.445902,278.513 um_pwv,340.001 um_pwv,35.0,4.155 K,0.652757
20240425,183218.969900,184232.413565,613.443665,277.653 um_pwv,338.952 um_pwv,35.0,4.201 K,0.650725
20240425,184233.376253,185246.822423,613.44617,277.994 um_pwv,339.368 um_pwv,35.0,4.18 K,0.651531
20240425,185247.780475,185635.304720,227.524245,277.967 um_pwv,339.334 um_pwv,35.0,4.139 K,0.651466
20240425,190136.461325,191150.007088,613.545763,279.087 um_pwv,340.703 um_pwv,35.0,4.179 K,0.654116
20240425,191150.964669,192204.410505,613.445836,279.17 um_pwv,340.803 um_pwv,35.0,4.154 K,0.654310
20240425,192205.369489,193218.823541,613.454052,277.857 um_pwv,339.201 um_pwv,35.0,4.195 K,0.651208
20240425,193219.782583,194233.224858,613.442275,277.721 um_pwv,339.035 um_pwv,35.0,4.199 K,0.650886
20240425,194234.190530,195247.634587,613.444057,276.334 um_pwv,337.342 um_pwv,35.0,4.173 K,0.647608
20240425,195248.592748,195636.115387,227.522639,275.82 um_pwv,336.713 um_pwv,35.0,4.23 K,0.646391
20240425,210136.312278,211149.853006,613.540728,277.068 um_pwv,338.237 um_pwv,35.0,4.285 K,0.649341
20240425,211150.814381,212204.259676,613.445295,277.721 um_pwv,339.035 um_pwv,35.0,4.321 K,0.650886
20240425,212205.222614,213218.671448,613.448834,279.307 um_pwv,340.97 um_pwv,35.0,4.297 K,0.654634
20240425,213219.627739,214233.079149,613.45141,280.543 um_pwv,342.48 um_pwv,35.0,4.338 K,0.657556
20240425,214234.037304,215247.487176,613.449872,281.564 um_pwv,343.726 um_pwv,35.0,4.326 K,0.659969
20240425,215248.441720,215635.966693,227.524973,281.785 um_pwv,343.996 um_pwv,35.0,4.341 K,0.660492
20240425,220136.125804,221149.705259,613.579455,280.791 um_pwv,342.783 um_pwv,35.0,4.36 K,0.658142
20240425,221150.666477,222204.114047,613.44757,280.185 um_pwv,342.043 um_pwv,35.0,4.421 K,0.656711
20240425,222205.071644,223218.521905,613.450261,278.458 um_pwv,339.935 um_pwv,35.0,4.426 K,0.652628
20240425,223219.479485,224232.927694,613.448209,278.759 um_pwv,340.302 um_pwv,35.0,4.398 K,0.653339
20240425,224233.889922,225247.334327,613.444405,278.759 um_pwv,340.302 um_pwv,35.0,4.406 K,0.653339
20240425,225248.294323,225635.819446,227.525123,278.732 um_pwv,340.268 um_pwv,35.0,4.342 K,0.653274
20240426,010135.767058,011149.315771,613.548713,289.923 um_pwv,353.931 um_pwv,35.0,4.193 K,0.679728
20240426,011150.274161,012203.719079,613.444918,289.156 um_pwv,352.994 um_pwv,35.0,4.217 K,0.677913
20240426,012204.683241,013218.130696,613.447455,284.928 um_pwv,347.833 um_pwv,35.0,4.226 K,0.667922
20240426,013219.087606,014232.538583,613.450977,281.785 um_pwv,343.996 um_pwv,35.0,4.277 K,0.660492
20240426,014233.495469,015246.947599,613.45213,280.708 um_pwv,342.682 um_pwv,35.0,4.221 K,0.657947
20240426,015247.904803,015635.428370,227.523567,278.95 um_pwv,340.536 um_pwv,35.0,4.232 K,0.653792
20240426,020136.586332,021150.129048,613.542716,273.179 um_pwv,333.49 um_pwv,35.0,4.279 K,0.640151
20240426,021151.091163,022204.534265,613.443102,272.403 um_pwv,332.543 um_pwv,35.0,4.315 K,0.638316
20240426,022205.498479,023218.945833,613.447354,272.697 um_pwv,332.902 um_pwv,35.0,4.297 K,0.639011
20240426,023219.905443,024233.350017,613.444574,271.896 um_pwv,331.923 um_pwv,35.0,4.338 K,0.637116
20240426,024234.313556,025247.761260,613.447704,275.955 um_pwv,336.879 um_pwv,35.0,4.345 K,0.646711
20240426,025248.719059,025636.242054,227.522995,279.361 um_pwv,341.037 um_pwv,35.0,4.337 K,0.654763
20240426,030136.391630,031149.936158,613.544528,274.982 um_pwv,335.691 um_pwv,35.0,4.435 K,0.644411
20240426,031150.894295,032204.340963,613.446668,275.225 um_pwv,335.987 um_pwv,35.0,4.485 K,0.644985
20240426,032205.304551,033218.746342,613.441791,276.877 um_pwv,338.005 um_pwv,35.0,4.408 K,0.648892
20240426,033219.711703,034233.157909,613.446206,281.536 um_pwv,343.692 um_pwv,35.0,4.247 K,0.659904
20240426,034234.114873,035247.565690,613.450817,284.593 um_pwv,347.424 um_pwv,35.0,4.201 K,0.667129
20240426,035248.525974,035636.045894,227.51992,283.199 um_pwv,345.723 um_pwv,35.0,4.188 K,0.663835
20240426,050136.256391,051149.826137,613.569746,331.855 um_pwv,405.12 um_pwv,35.0,4.283 K,0.778839
20240426,051150.787485,052204.238904,613.451419,337.679 um_pwv,412.231 um_pwv,35.0,4.218 K,0.792605
20240426,052205.198331,053218.643471,613.44514,338.377 um_pwv,413.082 um_pwv,35.0,4.262 K,0.794255
20240426,053219.605149,054233.048923,613.443774,339.644 um_pwv,414.628 um_pwv,35.0,4.281 K,0.797248
20240426,054234.010728,055247.461286,613.450558,340.58 um_pwv,415.771 um_pwv,35.0,4.254 K,0.799461
20240426,055248.418815,055635.940419,227.521604,343.81 um_pwv,419.714 um_pwv,35.0,4.232 K,0.807095
20240426,060136.051578,061149.634955,613.583377,349.33 um_pwv,426.453 um_pwv,35.0,4.238 K,0.820142
20240426,061150.590986,062204.039179,613.448193,354.695 um_pwv,433.002 um_pwv,35.0,4.26 K,0.832823
20240426,062205.001465,063218.450521,613.449056,354.207 um_pwv,432.407 um_pwv,35.0,4.328 K,0.831669
20240426,063219.407449,064232.857887,613.450438,357.707 um_pwv,436.68 um_pwv,35.0,4.392 K,0.839943
20240426,064233.813933,065247.263801,613.449868,360.533 um_pwv,440.129 um_pwv,35.0,4.384 K,0.846621
20240426,065248.225552,065635.744875,227.519323,361.847 um_pwv,441.734 um_pwv,35.0,4.345 K,0.849728
20240426,070135.850562,071149.391156,613.540594,365.316 um_pwv,445.968 um_pwv,35.0,4.406 K,0.857926
20240426,071150.352089,072203.799213,613.447124,365.459 um_pwv,446.144 um_pwv,35.0,4.455 K,0.858266
20240426,072204.756395,073218.209092,613.452697,367.026 um_pwv,448.056 um_pwv,35.0,4.422 K,0.861970
20240426,073219.166099,074232.613974,613.447875,372.335 um_pwv,454.538 um_pwv,35.0,4.453 K,0.874518
20240426,074233.575789,075247.021460,613.445671,378.149 um_pwv,461.635 um_pwv,35.0,4.473 K,0.888259
20240426,075247.983185,075635.501254,227.518069,378.726 um_pwv,462.339 um_pwv,35.0,4.442 K,0.889623
20240426,090135.691734,091149.241516,613.549782,383.036 um_pwv,467.6 um_pwv,35.0,4.417 K,0.899808
20240426,091150.203594,092203.651758,613.448164,379.827 um_pwv,463.683 um_pwv,35.0,4.376 K,0.892225
20240426,092204.609572,093218.058658,613.449086,383.884 um_pwv,468.636 um_pwv,35.0,4.374 K,0.901815
20240426,093219.017343,094232.465295,613.447952,387.489 um_pwv,473.037 um_pwv,35.0,4.382 K,0.910336
20240426,094233.422189,095246.872979,613.45079,389.861 um_pwv,475.932 um_pwv,35.0,4.351 K,0.915940
20240426,095247.829967,095635.354347,227.52438,390.59 um_pwv,476.823 um_pwv,35.0,4.352 K,0.917664
20240426,100136.503884,101150.057649,613.553765,392.71 um_pwv,479.41 um_pwv,35.0,4.405 K,0.922674
20240426,101151.017005,102204.462840,613.445835,391.475 um_pwv,477.903 um_pwv,35.0,4.397 K,0.919756
20240426,102205.420881,103218.874494,613.453613,392.594 um_pwv,479.269 um_pwv,35.0,4.405 K,0.922400
20240426,103219.827538,104233.280197,613.452659,394.297 um_pwv,481.348 um_pwv,35.0,4.421 K,0.926426
20240426,104234.239833,105247.683616,613.443783,394.297 um_pwv,481.348 um_pwv,35.0,4.399 K,0.926426
20240426,105248.647699,105636.166309,227.51861,394.356 um_pwv,481.419 um_pwv,35.0,4.348 K,0.926564
20240426,110136.329648,111149.906064,613.576416,398.706 um_pwv,486.731 um_pwv,35.0,4.483 K,0.936848
20240426,111150.870025,112204.317842,613.447817,402.848 um_pwv,491.786 um_pwv,35.0,4.487 K,0.946636
20240426,112205.277761,113218.723457,613.445696,407.153 um_pwv,497.042 um_pwv,35.0,4.5 K,0.956811
20240426,113219.682498,114233.133139,613.450641,412.193 um_pwv,503.195 um_pwv,35.0,4.527 K,0.968724
20240426,114234.093373,115247.538815,613.445442,413.778 um_pwv,505.13 um_pwv,35.0,4.506 K,0.972471
20240426,115248.501807,115636.019398,227.517591,414.798 um_pwv,506.375 um_pwv,35.0,4.395 K,0.974880
20240426,130136.162606,131149.711391,613.548785,436.135 um_pwv,532.422 um_pwv,35.0,4.543 K,1.02531
20240426,131150.672595,132204.121111,613.448516,437.78 um_pwv,534.431 um_pwv,35.0,4.541 K,1.02920
20240426,132205.077713,133218.528356,613.450643,440.96 um_pwv,538.313 um_pwv,35.0,4.582 K,1.03672
20240426,133219.484363,134232.933979,613.449616,439.908 um_pwv,537.029 um_pwv,35.0,4.57 K,1.03423
20240426,134233.897069,135247.343681,613.446612,442.058 um_pwv,539.653 um_pwv,35.0,4.575 K,1.03931
20240426,135248.301668,135635.822061,227.520393,444.24 um_pwv,542.316 um_pwv,35.0,4.517 K,1.04447
20240426,140136.015495,141149.565816,613.550321,445.664 um_pwv,544.055 um_pwv,35.0,4.528 K,1.04783
20240426,141150.522806,142203.973414,613.450608,450.03 um_pwv,549.385 um_pwv,35.0,4.52 K,1.05815
20240426,142204.929133,143218.381969,613.452836,450.961 um_pwv,550.522 um_pwv,35.0,4.495 K,1.06035
20240426,143219.337885,144232.785083,613.447198,449.93 um_pwv,549.263 um_pwv,35.0,4.506 K,1.05792
20240426,144233.749311,145247.192556,613.443245,449.764 um_pwv,549.06 um_pwv,35.0,4.483 K,1.05752
20240426,145248.157082,145635.675606,227.518524,451.639 um_pwv,551.35 um_pwv,35.0,4.469 K,1.06196
20240426,150135.835801,151149.417179,613.581378,455.268 um_pwv,555.779 um_pwv,35.0,4.505 K,1.07053
20240426,151150.378110,152203.828371,613.450261,457.763 um_pwv,558.825 um_pwv,35.0,4.552 K,1.07643
20240426,152204.785270,153218.233597,613.448327,461.338 um_pwv,563.19 um_pwv,35.0,4.528 K,1.08488
20240426,153219.196289,154232.643354,613.447065,461.418 um_pwv,563.287 um_pwv,35.0,4.537 K,1.08507
20240426,154233.600318,155247.047536,613.447218,460 um_pwv,561.556 um_pwv,35.0,4.529 K,1.08172
20240426,155248.009126,155635.532088,227.522962,459.117 um_pwv,560.479 um_pwv,35.0,4.447 K,1.07963
20240426,170135.718954,171149.266095,613.547141,474.87 um_pwv,579.709 um_pwv,35.0,4.407 K,1.11686
20240426,171150.231068,172203.679526,613.448458,469.198 um_pwv,572.785 um_pwv,35.0,4.442 K,1.10345
20240426,172204.638910,173218.092006,613.453096,465.309 um_pwv,568.037 um_pwv,35.0,4.478 K,1.09426
20240426,173219.043095,174232.492348,613.449253,463.502 um_pwv,565.831 um_pwv,35.0,4.476 K,1.08999
20240426,174233.449888,175246.900986,613.451098,461.407 um_pwv,563.274 um_pwv,35.0,4.435 K,1.08504
20240426,175247.863718,175635.380430,227.516712,460.272 um_pwv,561.888 um_pwv,35.0,4.421 K,1.08236
20240426,180136.554340,181150.128876,613.574536,459.74 um_pwv,561.238 um_pwv,35.0,4.503 K,1.08110
20240426,181151.093170,182204.540810,613.44764,458.97 um_pwv,560.299 um_pwv,35.0,4.471 K,1.07928
20240426,182205.500464,183218.946232,613.445768,461.623 um_pwv,563.537 um_pwv,35.0,4.437 K,1.08555
20240426,183219.904326,184233.351191,613.446865,466.341 um_pwv,569.297 um_pwv,35.0,4.414 K,1.09670
20240426,184234.311932,185247.761989,613.450057,469.753 um_pwv,573.462 um_pwv,35.0,4.349 K,1.10477
20240426,185248.718900,185636.242387,227.523487,467.859 um_pwv,571.151 um_pwv,35.0,4.342 K,1.10029
20240426,190136.387259,191149.937514,613.550255,467.18 um_pwv,570.322 um_pwv,35.0,4.374 K,1.09869
20240426,191150.894085,192204.344506,613.450421,465.687 um_pwv,568.499 um_pwv,35.0,4.401 K,1.09516
20240426,192205.301731,193218.749475,613.447744,465.974 um_pwv,568.849 um_pwv,35.0,4.472 K,1.09584
20240426,193219.713969,194233.161509,613.44754,467.629 um_pwv,570.87 um_pwv,35.0,4.466 K,1.09975
20240426,194234.121413,195247.570108,613.448695,463.673 um_pwv,566.04 um_pwv,35.0,4.521 K,1.09040
20240426,195248.529117,195636.047560,227.518443,460.045 um_pwv,561.612 um_pwv,35.0,4.542 K,1.08182
20240426,210136.284946,211149.835432,613.550486,464.289 um_pwv,566.793 um_pwv,35.0,4.529 K,1.09185
20240426,211150.793834,212204.245073,613.451239,464.027 um_pwv,566.473 um_pwv,35.0,4.513 K,1.09123
20240426,212205.201346,213218.649482,613.448136,461.986 um_pwv,563.98 um_pwv,35.0,4.534 K,1.08641
20240426,213219.613375,214233.062252,613.448877,459.864 um_pwv,561.39 um_pwv,35.0,4.528 K,1.08140
20240426,214234.018583,215247.469265,613.450682,458.417 um_pwv,559.624 um_pwv,35.0,4.544 K,1.07798
20240426,215248.426271,215635.949054,227.522783,455.492 um_pwv,556.053 um_pwv,35.0,4.501 K,1.07106
20240426,220136.091727,221149.644197,613.55247,456.48 um_pwv,557.259 um_pwv,35.0,4.582 K,1.07340
20240426,221150.601485,222204.048363,613.446878,453.779 um_pwv,553.962 um_pwv,35.0,4.535 K,1.06701
20240426,222205.010377,223218.457185,613.446808,452.385 um_pwv,552.26 um_pwv,35.0,4.532 K,1.06372
20240426,223219.418946,224232.862848,613.443902,448.901 um_pwv,548.007 um_pwv,35.0,4.547 K,1.05548
20240426,224233.826722,225247.274577,613.447855,450.24 um_pwv,549.642 um_pwv,35.0,4.562 K,1.05865
20240426,225248.230894,225635.753811,227.522917,450.118 um_pwv,549.493 um_pwv,35.0,4.474 K,1.05836
20240427,010135.702112,011149.300847,613.598735,449.277 um_pwv,548.466 um_pwv,35.0,4.607 K,1.05637
20240427,011150.258094,012203.706993,613.448899,448.967 um_pwv,548.088 um_pwv,35.0,4.634 K,1.05564
20240427,012204.664182,013218.122140,613.457958,447.489 um_pwv,546.283 um_pwv,35.0,4.642 K,1.05215
20240427,013219.076571,014232.524258,613.447687,445.993 um_pwv,544.457 um_pwv,35.0,4.684 K,1.04861
20240427,014233.482102,015246.932331,613.450229,445.729 um_pwv,544.135 um_pwv,35.0,4.695 K,1.04799
20240427,015247.891947,015635.409928,227.517981,444.721 um_pwv,542.904 um_pwv,35.0,4.588 K,1.04560
20240427,020136.523863,021150.064958,613.541095,445.093 um_pwv,543.359 um_pwv,35.0,4.679 K,1.04648
20240427,021151.021711,022204.473990,613.452279,446.586 um_pwv,545.181 um_pwv,35.0,4.694 K,1.05001
20240427,022205.432875,023218.882298,613.449423,448.724 um_pwv,547.791 um_pwv,35.0,4.672 K,1.05507
20240427,023219.842245,024233.290090,613.447845,448.007 um_pwv,546.915 um_pwv,35.0,4.686 K,1.05337
20240427,024234.249176,025247.746239,613.497063,447.577 um_pwv,546.39 um_pwv,35.0,4.697 K,1.05235
20240427,025248.705972,025636.226068,227.520096,446.63 um_pwv,545.235 um_pwv,35.0,4.714 K,1.05012
20240427,030136.342672,031149.917646,613.574974,444.393 um_pwv,542.503 um_pwv,35.0,4.735 K,1.04483
20240427,031150.881351,032204.325229,613.443878,443.18 um_pwv,541.023 um_pwv,35.0,4.77 K,1.04196
20240427,032205.288657,033218.731052,613.442395,441.047 um_pwv,538.419 um_pwv,35.0,4.714 K,1.03692
20240427,033219.696028,034233.143784,613.447756,440.374 um_pwv,537.598 um_pwv,35.0,4.663 K,1.03533
20240427,034234.103715,035247.550121,613.446406,440.526 um_pwv,537.783 um_pwv,35.0,4.645 K,1.03569
20240427,035248.507875,035636.029593,227.521718,438.676 um_pwv,535.524 um_pwv,35.0,4.563 K,1.03132
20240427,050136.171162,051149.718162,613.547,426.013 um_pwv,520.065 um_pwv,35.0,4.551 K,1.00139
20240427,051150.680936,052204.126998,613.446062,425.468 um_pwv,519.4 um_pwv,35.0,4.523 K,1.00010
20240427,052205.089479,053218.536608,613.447129,424.38 um_pwv,518.072 um_pwv,35.0,4.512 K,0.997528
20240427,053219.498096,054232.946202,613.448106,424.004 um_pwv,517.614 um_pwv,35.0,4.507 K,0.996640
20240427,054233.902224,055247.352744,613.45052,426.097 um_pwv,520.168 um_pwv,35.0,4.493 K,1.00159
20240427,055248.309052,055635.832834,227.523782,425.468 um_pwv,519.4 um_pwv,35.0,4.455 K,1.00010
20240427,060136.001273,061149.573734,613.572461,425.363 um_pwv,519.272 um_pwv,35.0,4.535 K,0.999852
20240427,061150.535019,062203.978373,613.443354,426.642 um_pwv,520.834 um_pwv,35.0,4.502 K,1.00287
20240427,062204.941966,063218.392021,613.450055,427.441 um_pwv,521.809 um_pwv,35.0,4.505 K,1.00476
20240427,063219.348070,064232.799541,613.451471,427.862 um_pwv,522.323 um_pwv,35.0,4.51 K,1.00576
20240427,064233.756707,065247.203186,613.446479,429.085 um_pwv,523.817 um_pwv,35.0,4.475 K,1.00865
20240427,065248.161828,065635.685799,227.523971,428.326 um_pwv,522.889 um_pwv,35.0,4.463 K,1.00685
20240427,070135.800281,071149.378211,613.57793,426.768 um_pwv,520.988 um_pwv,35.0,4.524 K,1.00317
20240427,071150.340676,072203.788922,613.448246,423.858 um_pwv,517.435 um_pwv,35.0,4.564 K,0.996295
20240427,072204.748259,073218.193227,613.444968,423.212 um_pwv,516.646 um_pwv,35.0,4.648 K,0.994767
20240427,073219.155203,074232.603565,613.448362,424.547 um_pwv,518.277 um_pwv,35.0,4.734 K,0.997923
20240427,074233.560757,075247.014008,613.453251,423.963 um_pwv,517.563 um_pwv,35.0,4.771 K,0.996541
20240427,075247.969989,075635.493263,227.523274,423.004 um_pwv,516.392 um_pwv,35.0,4.799 K,0.994275
20240427,090135.656111,091149.230945,613.574834,415.738 um_pwv,507.522 um_pwv,35.0,4.844 K,0.977102
20240427,091150.193595,092203.640887,613.447292,414.349 um_pwv,505.827 um_pwv,35.0,4.901 K,0.973819
20240427,092204.598101,093218.053558,613.455457,411.18 um_pwv,501.958 um_pwv,35.0,4.923 K,0.966329
20240427,093219.010450,094232.457915,613.447465,410.553 um_pwv,501.193 um_pwv,35.0,4.941 K,0.964848
20240427,094233.417583,095246.863549,613.445966,410.048 um_pwv,500.577 um_pwv,35.0,4.977 K,0.963655
20240427,095247.820599,095635.343464,227.522865,407.594 um_pwv,497.58 um_pwv,35.0,4.885 K,0.957853
20240427,100136.496100,101150.044607,613.548507,407.654 um_pwv,497.654 um_pwv,35.0,4.84 K,0.957995
20240427,101151.007056,102204.451203,613.444147,406.592 um_pwv,496.357 um_pwv,35.0,4.867 K,0.955486
20240427,102205.412475,103218.858433,613.445958,407.835 um_pwv,497.874 um_pwv,35.0,4.809 K,0.958422
20240427,103219.822372,104233.266452,613.44408,406.532 um_pwv,496.284 um_pwv,35.0,4.793 K,0.955344
20240427,104234.226099,105247.673864,613.447765,403.125 um_pwv,492.125 um_pwv,35.0,4.758 K,0.947292
20240427,105248.633813,105636.156441,227.522628,403.006 um_pwv,491.98 um_pwv,35.0,4.793 K,0.947011
20240427,110136.320717,111149.897449,613.576732,401.957 um_pwv,490.699 um_pwv,35.0,4.843 K,0.944530
20240427,111150.857059,112204.303124,613.446065,401.048 um_pwv,489.589 um_pwv,35.0,4.808 K,0.942382
20240427,112205.267059,113218.713523,613.446464,398.236 um_pwv,486.156 um_pwv,35.0,4.828 K,0.935735
20240427,113219.671380,114233.118270,613.44689,398.432 um_pwv,486.396 um_pwv,35.0,4.863 K,0.936199
20240427,114234.080999,115247.527428,613.446429,399.295 um_pwv,487.45 um_pwv,35.0,4.843 K,0.938240
20240427,115248.490965,115636.008090,227.517125,398.883 um_pwv,486.946 um_pwv,35.0,4.754 K,0.937265
20240427,130136.150868,131149.698323,613.547455,394.958 um_pwv,482.154 um_pwv,35.0,4.832 K,0.927987
20240427,131150.660598,132204.108753,613.448155,397.394 um_pwv,485.129 um_pwv,35.0,4.886 K,0.933746
20240427,132205.067326,133218.512583,613.445257,396.847 um_pwv,484.461 um_pwv,35.0,4.894 K,0.932453
20240427,133219.475323,134232.922611,613.447288,395.463 um_pwv,482.771 um_pwv,35.0,4.899 K,0.929182
20240427,134233.884372,135247.330487,613.446115,397.101 um_pwv,484.771 um_pwv,35.0,4.928 K,0.933053
20240427,135248.292852,135635.811900,227.519048,397.648 um_pwv,485.439 um_pwv,35.0,4.893 K,0.934347
20240427,140135.955477,141149.505681,613.550204,396.984 um_pwv,484.628 um_pwv,35.0,4.977 K,0.932776
20240427,141150.462225,142203.913948,613.451723,394.103 um_pwv,481.111 um_pwv,35.0,5.033 K,0.925968
20240427,142204.872419,143218.317340,613.444921,393.096 um_pwv,479.882 um_pwv,35.0,5.033 K,0.923588
20240427,143219.281151,144232.727893,613.446742,393.464 um_pwv,480.331 um_pwv,35.0,5.077 K,0.924457
20240427,144233.689404,145247.133100,613.443696,391.822 um_pwv,478.326 um_pwv,35.0,5.088 K,0.920576
20240427,145248.095572,145635.615673,227.520101,391.206 um_pwv,477.574 um_pwv,35.0,5.109 K,0.919119
20240427,150135.806678,151149.358638,613.55196,387.242 um_pwv,472.735 um_pwv,35.0,5.192 K,0.909750
20240427,151150.319371,152203.764650,613.445279,381.1 um_pwv,465.237 um_pwv,35.0,5.245 K,0.895233
20240427,152204.726523,153218.171644,613.445121,380.351 um_pwv,464.322 um_pwv,35.0,5.337 K,0.893462
20240427,153219.135007,154232.579034,613.444027,381.587 um_pwv,465.832 um_pwv,35.0,5.392 K,0.896386
20240427,154233.540545,155246.990090,613.449545,381.1 um_pwv,465.237 um_pwv,35.0,5.433 K,0.895233
20240427,155247.946751,155635.467819,227.521068,380.987 um_pwv,465.1 um_pwv,35.0,5.372 K,0.894967
20240427,170135.659252,171149.205545,613.546293,386.271 um_pwv,471.55 um_pwv,35.0,5.287 K,0.907456
20240427,171150.170226,172203.617882,613.447656,384.3 um_pwv,469.144 um_pwv,35.0,5.252 K,0.902797
20240427,172204.573376,173218.023867,613.450491,379.51 um_pwv,463.296 um_pwv,35.0,5.278 K,0.891474
20240427,173218.981349,174232.433566,613.452217,375.074 um_pwv,457.881 um_pwv,35.0,5.28 K,0.880991
20240427,174233.391031,175246.839761,613.44873,370.746 um_pwv,452.597 um_pwv,35.0,5.284 K,0.870760
20240427,175247.797262,175635.321581,227.524319,368.129 um_pwv,449.403 um_pwv,35.0,5.217 K,0.864576
20240427,180136.521482,181150.071422,613.54994,368.636 um_pwv,450.022 um_pwv,35.0,5.323 K,0.865775
20240427,181151.029507,182204.475541,613.446034,369.399 um_pwv,450.953 um_pwv,35.0,5.343 K,0.867577
20240427,182205.438764,183218.888105,613.449341,370.235 um_pwv,451.974 um_pwv,35.0,5.346 K,0.869554
20240427,183219.845917,184233.289933,613.444016,370.782 um_pwv,452.641 um_pwv,35.0,5.364 K,0.870846
20240427,184234.255311,185247.702991,613.44768,374.006 um_pwv,456.577 um_pwv,35.0,5.35 K,0.878466
20240427,185248.662579,185636.182835,227.520256,374.19 um_pwv,456.801 um_pwv,35.0,5.334 K,0.878900
20240427,190136.331863,191149.876094,613.544231,377.035 um_pwv,460.275 um_pwv,35.0,5.4 K,0.885625
20240427,191150.832668,192204.284056,613.451388,378.224 um_pwv,461.726 um_pwv,35.0,5.344 K,0.888435
20240427,192205.240846,193218.697964,613.457118,381.062 um_pwv,465.191 um_pwv,35.0,5.271 K,0.895144
20240427,193219.649675,194233.095112,613.445437,381.362 um_pwv,465.557 um_pwv,35.0,5.304 K,0.895853
20240427,194234.059779,195247.502749,613.44297,381.475 um_pwv,465.695 um_pwv,35.0,5.37 K,0.896120
20240427,195248.468087,195635.987611,227.519524,379.752 um_pwv,463.592 um_pwv,35.0,5.394 K,0.892048
20240427,210136.223724,211149.769638,613.545914,380.126 um_pwv,464.048 um_pwv,35.0,5.496 K,0.892932
20240427,211150.731168,212204.177155,613.445987,382.602 um_pwv,467.071 um_pwv,35.0,5.454 K,0.898785
20240427,212205.138600,213218.591519,613.452919,382.527 um_pwv,466.979 um_pwv,35.0,5.449 K,0.898607
20240427,213219.548448,214232.997197,613.448749,382.452 um_pwv,466.888 um_pwv,35.0,5.445 K,0.898429
20240427,214233.955789,215247.406219,613.45043,383.092 um_pwv,467.669 um_pwv,35.0,5.431 K,0.899942
20240427,215248.362616,215635.883662,227.521046,381.888 um_pwv,466.199 um_pwv,35.0,5.352 K,0.897096
20240427,220136.076799,221149.625523,613.548724,381.325 um_pwv,465.512 um_pwv,35.0,5.428 K,0.895765
20240427,221150.586564,222204.034326,613.447762,380.276 um_pwv,464.231 um_pwv,35.0,5.36 K,0.893285
20240427,222204.991224,223218.445001,613.453777,381.212 um_pwv,465.374 um_pwv,35.0,5.37 K,0.895499
20240427,223219.401758,224232.847713,613.445955,381.775 um_pwv,466.061 um_pwv,35.0,5.388 K,0.896829
20240427,224233.809733,225247.256521,613.446788,382.678 um_pwv,467.163 um_pwv,35.0,5.366 K,0.898963
20240427,225248.212859,225635.737634,227.524775,383.017 um_pwv,467.577 um_pwv,35.0,5.356 K,0.899764
20240428,010135.750710,011149.329561,613.578851,404.119 um_pwv,493.338 um_pwv,35.0,5.388 K,0.949639
20240428,011150.286151,012203.738306,613.452155,404.676 um_pwv,494.018 um_pwv,35.0,5.401 K,0.950956
20240428,012204.695842,013218.145810,613.449968,403.125 um_pwv,492.125 um_pwv,35.0,5.399 K,0.947292
20240428,013219.104985,014232.552527,613.447542,401.028 um_pwv,489.565 um_pwv,35.0,5.386 K,0.942335
20240428,014233.512483,015246.958456,613.445973,400.791 um_pwv,489.276 um_pwv,35.0,5.374 K,0.941776
20240428,015247.916308,015635.439355,227.523047,399.335 um_pwv,487.498 um_pwv,35.0,5.293 K,0.938333
20240428,020136.590443,021150.139218,613.548775,400.634 um_pwv,489.084 um_pwv,35.0,5.334 K,0.941403
20240428,021151.098344,022204.549236,613.450892,402.095 um_pwv,490.868 um_pwv,35.0,5.39 K,0.944857
20240428,022205.506749,023218.954656,613.447907,404.039 um_pwv,493.241 um_pwv,35.0,5.328 K,0.949451
20240428,023219.913360,024233.364227,613.450867,405.673 um_pwv,495.235 um_pwv,35.0,5.3 K,0.953313
20240428,024234.323212,025247.768619,613.445407,407.754 um_pwv,497.776 um_pwv,35.0,5.29 K,0.958232
20240428,025248.731397,025636.251859,227.520462,407.033 um_pwv,496.895 um_pwv,35.0,5.152 K,0.956527
20240428,030136.355714,031149.896062,613.540348,404.815 um_pwv,494.188 um_pwv,35.0,5.226 K,0.951286
20240428,031150.859028,032204.354473,613.495445,400.594 um_pwv,489.035 um_pwv,35.0,5.226 K,0.941310
20240428,032205.311214,033218.758986,613.447772,398.236 um_pwv,486.156 um_pwv,35.0,5.284 K,0.935735
20240428,033219.718847,034233.166216,613.447369,393.271 um_pwv,480.095 um_pwv,35.0,5.298 K,0.923999
20240428,034234.125805,035247.572748,613.446943,390.59 um_pwv,476.823 um_pwv,35.0,5.274 K,0.917664
20240428,035248.535477,035636.056615,227.521138,391.803 um_pwv,478.303 um_pwv,35.0,5.22 K,0.920530
20240428,050136.195246,051149.742891,613.547645,383.96 um_pwv,468.729 um_pwv,35.0,5.3 K,0.901993
20240428,051150.704167,052204.150645,613.446478,385.835 um_pwv,471.017 um_pwv,35.0,5.403 K,0.906424
20240428,052205.115208,053218.560021,613.444813,383.054 um_pwv,467.623 um_pwv,35.0,5.497 K,0.899853
20240428,053219.522449,054232.969671,613.447222,381.925 um_pwv,466.245 um_pwv,35.0,5.577 K,0.897185
20240428,054233.925400,055247.376213,613.450813,379.118 um_pwv,462.817 um_pwv,35.0,5.522 K,0.890548
20240428,055248.337746,055635.857291,227.519545,378.298 um_pwv,461.817 um_pwv,35.0,5.471 K,0.888611
20240428,060136.071223,061149.644131,613.572908,377.926 um_pwv,461.363 um_pwv,35.0,5.493 K,0.887732
20240428,061150.606200,062204.053245,613.447045,380.201 um_pwv,464.14 um_pwv,35.0,5.436 K,0.893109
20240428,062205.016504,063218.461311,613.444807,383.96 um_pwv,468.729 um_pwv,35.0,5.382 K,0.901993
20240428,063219.419797,064232.871962,613.452165,385.209 um_pwv,470.253 um_pwv,35.0,5.324 K,0.904945
20240428,064233.828242,065247.274610,613.446368,388.176 um_pwv,473.876 um_pwv,35.0,5.341 K,0.911959
20240428,065248.236373,065635.760613,227.52424,389.209 um_pwv,475.136 um_pwv,35.0,5.261 K,0.914400
20240428,070135.900794,071149.449308,613.548514,390.667 um_pwv,476.916 um_pwv,35.0,5.322 K,0.917846
20240428,071150.410673,072203.857279,613.446606,387.718 um_pwv,473.317 um_pwv,35.0,5.324 K,0.910876
20240428,072204.822254,073218.265555,613.443301,387.489 um_pwv,473.037 um_pwv,35.0,5.276 K,0.910336
20240428,073219.227317,074232.675204,613.447887,389.286 um_pwv,475.23 um_pwv,35.0,5.294 K,0.914581
20240428,074233.632409,075247.080595,613.448186,388.406 um_pwv,474.156 um_pwv,35.0,5.353 K,0.912501
20240428,075248.043669,075635.563941,227.520272,383.507 um_pwv,468.176 um_pwv,35.0,5.201 K,0.900923
20240428,090135.751521,091149.300965,613.549444,359.718 um_pwv,439.135 um_pwv,35.0,5.015 K,0.844696
20240428,091150.262807,092203.709102,613.446295,364.598 um_pwv,445.092 um_pwv,35.0,5.008 K,0.856229
20240428,092204.666386,093218.118123,613.451737,367.478 um_pwv,448.608 um_pwv,35.0,5.09 K,0.863037
20240428,093219.073171,094232.524580,613.451409,368.238 um_pwv,449.535 um_pwv,35.0,5.076 K,0.864833
20240428,094233.481808,095246.932538,613.45073,370.199 um_pwv,451.929 um_pwv,35.0,5.035 K,0.869468
20240428,095247.890318,095635.412768,227.52245,370.709 um_pwv,452.552 um_pwv,35.0,4.929 K,0.870674
20240428,100136.575269,101150.112029,613.53676,375 um_pwv,457.791 um_pwv,35.0,5.021 K,0.880817
20240428,101151.075791,102204.518902,613.443111,379.454 um_pwv,463.227 um_pwv,35.0,5 K,0.891342
20240428,102205.479124,103218.926984,613.44786,383.62 um_pwv,468.314 um_pwv,35.0,4.896 K,0.901190
20240428,103219.891135,104233.338842,613.447707,385.664 um_pwv,470.809 um_pwv,35.0,4.914 K,0.906020
20240428,104234.295991,105247.746920,613.450929,385.019 um_pwv,470.022 um_pwv,35.0,4.812 K,0.904497
20240428,105248.706842,105636.224740,227.517898,381.925 um_pwv,466.245 um_pwv,35.0,4.779 K,0.897185
20240428,110136.417053,111149.964645,613.547592,392.092 um_pwv,478.656 um_pwv,35.0,4.898 K,0.921214
20240428,111150.927156,112204.372383,613.445227,396.34 um_pwv,483.841 um_pwv,35.0,4.961 K,0.931254
20240428,112205.336039,113218.784326,613.448287,399.099 um_pwv,487.21 um_pwv,35.0,5.017 K,0.937775
20240428,113219.744243,114233.187714,613.443471,399.689 um_pwv,487.93 um_pwv,35.0,5.056 K,0.939169
20240428,114234.152845,115247.600425,613.44758,402.927 um_pwv,491.883 um_pwv,35.0,5.057 K,0.946823
20240428,115248.559763,115636.078928,227.519165,403.88 um_pwv,493.046 um_pwv,35.0,5.044 K,0.949075
20240428,130136.268677,131149.820078,613.551401,391.938 um_pwv,478.468 um_pwv,35.0,5.333 K,0.920849
20240428,131150.776521,132204.227362,613.450841,391.437 um_pwv,477.856 um_pwv,35.0,5.268 K,0.919665
20240428,132205.188784,133218.634573,613.445789,388.903 um_pwv,474.763 um_pwv,35.0,5.257 K,0.913676
20240428,133219.596026,134233.043963,613.447937,386.499 um_pwv,471.829 um_pwv,35.0,5.281 K,0.907996
20240428,134234.000003,135247.449299,613.449296,386.69 um_pwv,472.061 um_pwv,35.0,5.286 K,0.908445
20240428,135248.411665,135635.930952,227.519287,384.451 um_pwv,469.329 um_pwv,35.0,5.163 K,0.903155
20240428,140136.077614,141149.624556,613.546942,386.728 um_pwv,472.107 um_pwv,35.0,5.227 K,0.908535
20240428,141150.585743,142204.029910,613.444167,383.469 um_pwv,468.129 um_pwv,35.0,5.216 K,0.900833
20240428,142204.992571,143218.437759,613.445188,383.733 um_pwv,468.452 um_pwv,35.0,5.184 K,0.901458
20240428,143219.395920,144232.849394,613.453474,386.614 um_pwv,471.968 um_pwv,35.0,5.093 K,0.908265
20240428,144233.807259,145247.251745,613.444486,388.482 um_pwv,474.249 um_pwv,35.0,5.073 K,0.912682
20240428,145248.214677,145635.734387,227.51971,387.185 um_pwv,472.665 um_pwv,35.0,5.114 K,0.909615
20240428,150135.896802,151149.477685,613.580883,387.051 um_pwv,472.502 um_pwv,35.0,5.142 K,0.909300
20240428,151150.433217,152203.886233,613.453016,387.947 um_pwv,473.596 um_pwv,35.0,5.18 K,0.911418
20240428,152204.845589,153218.293806,613.448217,392.903 um_pwv,479.646 um_pwv,35.0,5.155 K,0.923131
20240428,153219.250373,154232.701276,613.450903,401.028 um_pwv,489.565 um_pwv,35.0,5.146 K,0.942335
20240428,154233.659858,155247.106591,613.446733,409.806 um_pwv,500.281 um_pwv,35.0,5.2 K,0.963082
20240428,155248.069026,155635.588397,227.519371,409.222 um_pwv,499.568 um_pwv,35.0,5.165 K,0.961701
20240428,170135.727646,171149.280113,613.552467,394.336 um_pwv,481.396 um_pwv,35.0,5.386 K,0.926518
20240428,171150.237320,172203.687730,613.45041,395.658 um_pwv,483.009 um_pwv,35.0,5.515 K,0.929642
20240428,172204.646996,173218.100838,613.453842,394.724 um_pwv,481.87 um_pwv,35.0,5.506 K,0.927436
20240428,173219.054076,174232.498699,613.444623,390.667 um_pwv,476.916 um_pwv,35.0,5.468 K,0.917846
20240428,174233.463852,175246.909569,613.445717,388.482 um_pwv,474.249 um_pwv,35.0,5.457 K,0.912682
20240428,175247.866412,175635.389841,227.523429,386.69 um_pwv,472.061 um_pwv,35.0,5.47 K,0.908445
20240428,180136.549111,181150.093844,613.544733,386.347 um_pwv,471.643 um_pwv,35.0,5.438 K,0.907636
20240428,181151.051733,182204.499466,613.447733,382.414 um_pwv,466.842 um_pwv,35.0,5.328 K,0.898340
20240428,182205.456826,183218.908604,613.451778,380.575 um_pwv,464.596 um_pwv,35.0,5.252 K,0.893993
20240428,183219.868715,184233.316855,613.44814,379.939 um_pwv,463.82 um_pwv,35.0,5.283 K,0.892490
20240428,184234.274670,185247.724925,613.450255,379.902 um_pwv,463.774 um_pwv,35.0,5.297 K,0.892402
20240428,185248.684017,185636.203750,227.519733,380.089 um_pwv,464.003 um_pwv,35.0,5.289 K,0.892843
20240428,190136.363209,191149.946121,613.582912,376.775 um_pwv,459.958 um_pwv,35.0,5.329 K,0.885012
20240428,191150.902386,192204.352116,613.44973,374.447 um_pwv,457.116 um_pwv,35.0,5.34 K,0.879510
20240428,192205.314738,193218.761324,613.446586,372.83 um_pwv,455.142 um_pwv,35.0,5.306 K,0.875687
20240428,193219.718501,194233.167561,613.44906,372.061 um_pwv,454.202 um_pwv,35.0,5.25 K,0.873869
20240428,194234.125548,195247.576772,613.451224,374.816 um_pwv,457.566 um_pwv,35.0,5.26 K,0.880381
20240428,195248.536664,195636.054996,227.518332,374.521 um_pwv,457.206 um_pwv,35.0,5.191 K,0.879684
20240428,210136.195518,211149.791944,613.596426,365.693 um_pwv,446.429 um_pwv,35.0,5.306 K,0.858818
20240428,211150.754142,212204.201669,613.447527,375.185 um_pwv,458.016 um_pwv,35.0,5.364 K,0.881253
20240428,212205.158800,213218.613427,613.454627,369.181 um_pwv,450.686 um_pwv,35.0,5.492 K,0.867062
20240428,213219.566619,214233.014537,613.447918,368.455 um_pwv,449.801 um_pwv,35.0,5.484 K,0.865347
20240428,214233.976947,215247.422626,613.445679,360.355 um_pwv,439.913 um_pwv,35.0,5.533 K,0.846202
20240428,215248.384123,215635.904538,227.520415,355.428 um_pwv,433.897 um_pwv,35.0,5.503 K,0.834556
20240428,220136.016641,221149.596618,613.579977,354.259 um_pwv,432.47 um_pwv,35.0,5.474 K,0.831793
20240428,221150.558012,222204.005862,613.44785,357.039 um_pwv,435.865 um_pwv,35.0,5.446 K,0.838365
20240428,222204.963936,223218.414166,613.45023,362.738 um_pwv,442.821 um_pwv,35.0,5.447 K,0.851833
20240428,223219.371429,224232.819374,613.447945,359.753 um_pwv,439.178 um_pwv,35.0,5.448 K,0.844779
20240428,224233.782662,225247.226875,613.444213,361.527 um_pwv,441.343 um_pwv,35.0,5.445 K,0.848971
20240428,225248.186521,225635.708799,227.522278,366.792 um_pwv,447.77 um_pwv,35.0,5.432 K,0.861415
20240429,010135.702605,011149.251963,613.549358,388.673 um_pwv,474.482 um_pwv,35.0,4.356 K,0.913133
20240429,011150.214394,012203.658222,613.443828,390.014 um_pwv,476.119 um_pwv,35.0,4.269 K,0.916303
20240429,012204.622121,013218.068928,613.446807,385.436 um_pwv,470.531 um_pwv,35.0,4.271 K,0.905482
20240429,013219.029538,014232.473930,613.444392,384.262 um_pwv,469.098 um_pwv,35.0,4.314 K,0.902708
20240429,014233.432873,015246.885190,613.452317,387.108 um_pwv,472.572 um_pwv,35.0,4.187 K,0.909435
20240429,015247.844793,015635.363840,227.519047,387.413 um_pwv,472.944 um_pwv,35.0,4.151 K,0.910155
20240429,020136.564239,021150.111547,613.547308,390.705 um_pwv,476.963 um_pwv,35.0,4.125 K,0.917937
20240429,021151.074528,022204.519942,613.445414,390.283 um_pwv,476.447 um_pwv,35.0,4.086 K,0.916938
20240429,022205.484377,023218.927991,613.443614,392.98 um_pwv,479.74 um_pwv,35.0,4.061 K,0.923314
20240429,023219.891152,024233.339159,613.448007,395.541 um_pwv,482.866 um_pwv,35.0,4.069 K,0.929366
20240429,024234.295923,025247.742558,613.446635,395.074 um_pwv,482.296 um_pwv,35.0,4.061 K,0.928262
20240429,025248.702447,025636.225519,227.523072,395.891 um_pwv,483.294 um_pwv,35.0,4.001 K,0.930194
20240429,030136.370019,031149.919598,613.549579,400.161 um_pwv,488.506 um_pwv,35.0,4.005 K,0.940285
20240429,031150.876192,032204.327841,613.451649,401.581 um_pwv,490.24 um_pwv,35.0,3.945 K,0.943642
20240429,032205.284651,033218.736320,613.451669,409.363 um_pwv,499.74 um_pwv,35.0,3.913 K,0.962034
20240429,033219.696771,034233.144201,613.44743,418.036 um_pwv,510.328 um_pwv,35.0,4.001 K,0.982534
20240429,034234.101086,035247.549199,613.448113,421.175 um_pwv,514.16 um_pwv,35.0,3.985 K,0.989954
20240429,035248.512546,035636.032366,227.51982,422.754 um_pwv,516.087 um_pwv,35.0,3.842 K,0.993685
20240429,050136.287675,051149.867857,613.580182,453.455 um_pwv,553.567 um_pwv,35.0,3.317 K,1.06625
20240429,051150.825529,052204.274766,613.449237,454.696 um_pwv,555.082 um_pwv,35.0,3.256 K,1.06918
20240429,052205.230964,053218.679416,613.448452,464.988 um_pwv,567.645 um_pwv,35.0,3.131 K,1.09351
20240429,053219.641708,054233.086050,613.444342,469.729 um_pwv,573.434 um_pwv,35.0,3.01 K,1.10471
20240429,054234.049430,055247.498197,613.448767,474.636 um_pwv,579.424 um_pwv,35.0,2.976 K,1.11631
20240429,055248.454492,055635.976690,227.522198,474.216 um_pwv,578.911 um_pwv,35.0,2.965 K,1.11532
20240429,060136.093236,061149.672424,613.579188,479.335 um_pwv,585.16 um_pwv,35.0,3.094 K,1.12741
20240429,061150.628798,062204.077753,613.448955,486.064 um_pwv,593.374 um_pwv,35.0,3.034 K,1.14332
20240429,062205.039734,063218.485322,613.445588,490.949 um_pwv,599.338 um_pwv,35.0,2.839 K,1.15486
20240429,063219.445460,064232.892451,613.446991,494.98 um_pwv,604.259 um_pwv,35.0,2.738 K,1.16439
20240429,064233.856440,065247.301474,613.445034,497.473 um_pwv,607.303 um_pwv,35.0,2.802 K,1.17028
20240429,065248.259365,065635.781765,227.5224,495.029 um_pwv,604.318 um_pwv,35.0,2.691 K,1.16451
20240429,070135.924790,071149.474380,613.54959,502.474 um_pwv,613.407 um_pwv,35.0,2.727 K,1.18210
20240429,071150.436881,072203.885748,613.448867,507.499 um_pwv,619.542 um_pwv,35.0,2.688 K,1.19398
20240429,072204.841655,073218.292288,613.450633,510.697 um_pwv,623.446 um_pwv,35.0,2.78 K,1.20154
20240429,073219.249138,074232.696196,613.447058,518.047 um_pwv,632.419 um_pwv,35.0,2.747 K,1.21891
20240429,074233.657990,075247.103526,613.445536,521.184 um_pwv,636.248 um_pwv,35.0,2.773 K,1.22632
20240429,075248.066141,075635.588977,227.522836,519.89 um_pwv,634.669 um_pwv,35.0,2.714 K,1.22327
20240429,090135.733540,091149.278640,613.5451,526.605 um_pwv,642.866 um_pwv,35.0,2.724 K,1.23913
20240429,091150.234856,092203.685730,613.450874,526.916 um_pwv,643.246 um_pwv,35.0,2.69 K,1.23987
20240429,092204.648332,093218.101447,613.453115,522.186 um_pwv,637.472 um_pwv,35.0,2.674 K,1.22869
20240429,093219.053545,094232.500065,613.44652,523.655 um_pwv,639.265 um_pwv,35.0,2.732 K,1.23216
20240429,094233.462738,095246.908622,613.445884,521.068 um_pwv,636.107 um_pwv,35.0,2.703 K,1.22605
20240429,095247.865487,095635.387970,227.522483,515.12 um_pwv,628.845 um_pwv,35.0,2.658 K,1.21199
20240429,100136.591519,101150.140702,613.549183,513.005 um_pwv,626.263 um_pwv,35.0,2.77 K,1.20699
20240429,101151.100700,102204.543554,613.442854,513.41 um_pwv,626.757 um_pwv,35.0,2.742 K,1.20795
20240429,102205.506574,103218.951939,613.445365,511.894 um_pwv,624.907 um_pwv,35.0,2.752 K,1.20437
20240429,103219.915381,104233.358415,613.443034,509.981 um_pwv,622.572 um_pwv,35.0,2.744 K,1.19984
20240429,104234.321934,105247.766875,613.444941,509.855 um_pwv,622.418 um_pwv,35.0,2.72 K,1.19955
20240429,105248.725870,105636.250064,227.524194,509.165 um_pwv,621.575 um_pwv,35.0,2.685 K,1.19792
20240429,110136.394317,111149.941219,613.546902,510.886 um_pwv,623.677 um_pwv,35.0,2.765 K,1.20198
20240429,111150.903068,112204.349004,613.445936,513.612 um_pwv,627.004 um_pwv,35.0,2.75 K,1.20843
20240429,112205.312342,113218.760474,613.448132,517.46 um_pwv,631.702 um_pwv,35.0,2.803 K,1.21752
20240429,113219.720347,114233.168404,613.448057,516.034 um_pwv,629.962 um_pwv,35.0,2.863 K,1.21415
20240429,114234.128389,115247.571422,613.443033,515.474 um_pwv,629.277 um_pwv,35.0,2.915 K,1.21283
20240429,115248.536436,115636.054569,227.518133,514.549 um_pwv,628.149 um_pwv,35.0,2.854 K,1.21064
20240429,130136.253651,131149.794893,613.541242,517.907 um_pwv,632.247 um_pwv,35.0,2.9 K,1.21858
20240429,131150.755863,132204.202850,613.446987,519.824 um_pwv,634.588 um_pwv,35.0,2.856 K,1.22311
20240429,132205.159758,133218.611935,613.452177,519.758 um_pwv,634.508 um_pwv,35.0,2.89 K,1.22295
20240429,133219.567833,134233.016730,613.448897,518.456 um_pwv,632.918 um_pwv,35.0,2.902 K,1.21987
20240429,134233.979816,135247.425334,613.445518,519.363 um_pwv,634.026 um_pwv,35.0,2.838 K,1.22202
20240429,135248.386816,135635.906226,227.51941,518.52 um_pwv,632.996 um_pwv,35.0,2.798 K,1.22003
20240429,140136.060980,141149.600528,613.539548,521.955 um_pwv,637.189 um_pwv,35.0,2.796 K,1.22814
20240429,141150.562121,142204.008227,613.446106,524.43 um_pwv,640.21 um_pwv,35.0,2.802 K,1.23399
20240429,142204.970572,143218.416259,613.445687,527.514 um_pwv,643.976 um_pwv,35.0,2.826 K,1.24128
20240429,143219.378011,144232.824224,613.446213,529.937 um_pwv,646.934 um_pwv,35.0,2.807 K,1.24701
20240429,144233.785971,145247.231699,613.445728,533.553 um_pwv,651.348 um_pwv,35.0,2.695 K,1.25556
20240429,145248.194061,145635.712191,227.51813,534.935 um_pwv,653.036 um_pwv,35.0,2.658 K,1.25882
20240429,150135.903339,151149.454210,613.550871,539.888 um_pwv,659.082 um_pwv,35.0,2.672 K,1.27053
20240429,151150.415699,152203.860643,613.444944,540.967 um_pwv,660.399 um_pwv,35.0,2.653 K,1.27308
20240429,152204.819038,153218.267637,613.448599,539.383 um_pwv,658.465 um_pwv,35.0,2.72 K,1.26933
20240429,153219.231858,154232.679443,613.447585,547.226 um_pwv,668.039 um_pwv,35.0,2.652 K,1.28787
20240429,154233.635358,155247.083744,613.448386,553.631 um_pwv,675.858 um_pwv,35.0,2.527 K,1.30301
20240429,155248.042813,155635.565460,227.522647,551.656 um_pwv,673.448 um_pwv,35.0,2.537 K,1.29834
20240429,170135.752171,171149.302332,613.550161,529.545 um_pwv,646.456 um_pwv,35.0,2.849 K,1.24608
20240429,171150.260995,172203.709024,613.448029,526.307 um_pwv,642.502 um_pwv,35.0,2.867 K,1.23843
20240429,172204.671568,173218.118087,613.446519,525.076 um_pwv,641 um_pwv,35.0,2.858 K,1.23552
20240429,173219.077292,174232.523875,613.446583,525.231 um_pwv,641.189 um_pwv,35.0,2.871 K,1.23589
20240429,174233.484030,175246.932360,613.44833,524.003 um_pwv,639.69 um_pwv,35.0,2.897 K,1.23299
20240429,175247.891997,175635.414599,227.522602,522.65 um_pwv,638.037 um_pwv,35.0,2.85 K,1.22979
20240429,180136.565589,181150.117622,613.552033,525.723 um_pwv,641.79 um_pwv,35.0,2.788 K,1.23705
20240429,181151.075482,182204.524948,613.449466,526.942 um_pwv,643.278 um_pwv,35.0,2.772 K,1.23993
20240429,182205.484898,183218.928681,613.443783,525.464 um_pwv,641.473 um_pwv,35.0,2.817 K,1.23644
20240429,183219.891960,184233.341212,613.449252,523.242 um_pwv,638.761 um_pwv,35.0,2.868 K,1.23119
20240429,184234.295669,185247.745416,613.449747,521.723 um_pwv,636.906 um_pwv,35.0,2.846 K,1.22760
20240429,185248.708672,185636.227342,227.51867,521.762 um_pwv,636.954 um_pwv,35.0,2.825 K,1.22769
20240429,190136.431000,191150.926441,614.495441,523.578 um_pwv,639.17 um_pwv,35.0,2.832 K,1.23198
20240429,191151.888922,192205.335922,613.447,523.449 um_pwv,639.013 um_pwv,35.0,2.812 K,1.23167
20240429,192206.299177,193219.744671,613.445494,523.795 um_pwv,639.435 um_pwv,35.0,2.782 K,1.23249
20240429,193220.702492,194234.152253,613.449761,526.008 um_pwv,642.138 um_pwv,35.0,2.829 K,1.23773
20240429,194235.111645,195248.562289,613.450644,528.268 um_pwv,644.897 um_pwv,35.0,2.831 K,1.24307
20240429,195249.519512,195636.082847,226.563335,528.125 um_pwv,644.722 um_pwv,35.0,2.812 K,1.24273
20240429,210136.222379,211149.770634,613.548255,544.162 um_pwv,664.299 um_pwv,35.0,2.813 K,1.28063
20240429,211150.732358,212204.179721,613.447363,545.035 um_pwv,665.364 um_pwv,35.0,2.781 K,1.28269
20240429,212205.142699,213218.587593,613.444894,543.222 um_pwv,663.151 um_pwv,35.0,2.741 K,1.27841
20240429,213219.549625,214232.996161,613.446536,543.988 um_pwv,664.087 um_pwv,35.0,2.91 K,1.28022
20240429,214233.958313,215247.449609,613.491296,543.05 um_pwv,662.942 um_pwv,35.0,2.936 K,1.27800
20240429,215248.411893,215635.933748,227.521855,540.94 um_pwv,660.366 um_pwv,35.0,2.832 K,1.27302
20240429,220136.039951,221149.579433,613.539482,548.538 um_pwv,669.641 um_pwv,35.0,2.874 K,1.29097
20240429,221150.536406,222203.988479,613.452073,549.282 um_pwv,670.549 um_pwv,35.0,2.958 K,1.29273
20240429,222204.945942,223218.393613,613.447671,550.825 um_pwv,672.433 um_pwv,35.0,2.972 K,1.29638
20240429,223219.355047,224232.798199,613.443152,551.357 um_pwv,673.083 um_pwv,35.0,2.932 K,1.29763
20240429,224233.760023,225247.208647,613.448624,552.783 um_pwv,674.823 um_pwv,35.0,2.901 K,1.30100
20240429,225248.170466,225635.689458,227.518992,552.554 um_pwv,674.544 um_pwv,35.0,2.819 K,1.30046
20240430,010135.791479,011149.325154,613.533675,594.55 um_pwv,725.812 um_pwv,35.0,2.895 K,1.39972
20240430,011150.288219,012203.738315,613.450096,598.728 um_pwv,730.911 um_pwv,35.0,2.958 K,1.40959
20240430,012204.696059,013218.144961,613.448902,602.815 um_pwv,735.902 um_pwv,35.0,2.868 K,1.41925
20240430,013219.101858,014232.548968,613.44711,605.75 um_pwv,739.484 um_pwv,35.0,2.852 K,1.42619
20240430,014233.513815,015246.960653,613.446838,608.759 um_pwv,743.158 um_pwv,35.0,2.865 K,1.43330
20240430,015247.917566,015635.439607,227.522041,608.639 um_pwv,743.012 um_pwv,35.0,2.771 K,1.43302
20240430,020136.658076,021150.236090,613.578014,612.629 um_pwv,747.882 um_pwv,35.0,2.77 K,1.44244
20240430,021151.198418,022204.645840,613.447422,612.897 um_pwv,748.209 um_pwv,35.0,2.766 K,1.44308
20240430,022205.603954,023219.050633,613.446679,613.177 um_pwv,748.551 um_pwv,35.0,2.721 K,1.44374
20240430,023220.010557,024233.458058,613.447501,615.081 um_pwv,750.875 um_pwv,35.0,2.74 K,1.44824
20240430,024234.421030,025247.865826,613.444796,617.333 um_pwv,753.625 um_pwv,35.0,2.678 K,1.45356
20240430,025248.825777,025636.351211,227.525434,618.152 um_pwv,754.624 um_pwv,35.0,2.624 K,1.45550
20240430,030136.444007,031149.996694,613.552687,619.617 um_pwv,756.412 um_pwv,35.0,2.685 K,1.45896
20240430,031150.954226,032204.404124,613.449898,619.082 um_pwv,755.76 um_pwv,35.0,2.703 K,1.45770
20240430,032205.361835,033218.811822,613.449987,624.551 um_pwv,762.436 um_pwv,35.0,2.676 K,1.47062
20240430,033219.770821,034233.218543,613.447722,622.403 um_pwv,759.814 um_pwv,35.0,2.758 K,1.46554
20240430,034234.175449,035247.623404,613.447955,619.021 um_pwv,755.685 um_pwv,35.0,2.717 K,1.45755
20240430,035248.586342,035636.106692,227.52035,617.908 um_pwv,754.326 um_pwv,35.0,2.654 K,1.45492
20240430,050136.294057,051149.845950,613.551893,635.727 um_pwv,776.079 um_pwv,35.0,2.661 K,1.49703
20240430,051150.801122,052204.250299,613.449177,642.151 um_pwv,783.921 um_pwv,35.0,2.725 K,1.51221
20240430,052205.212079,053218.660249,613.44817,651.759 um_pwv,795.651 um_pwv,35.0,2.726 K,1.53492
20240430,053219.617940,054233.066107,613.448167,661.177 um_pwv,807.147 um_pwv,35.0,2.691 K,1.55718
20240430,054234.028183,055247.471052,613.442869,669.011 um_pwv,816.712 um_pwv,35.0,2.635 K,1.57569
20240430,055248.435290,055635.953526,227.518236,673.077 um_pwv,821.675 um_pwv,35.0,2.472 K,1.58530
20240430,060136.098008,061149.648558,613.55055,681.95 um_pwv,832.508 um_pwv,35.0,2.344 K,1.60627
20240430,061150.609172,062204.052171,613.442999,677.675 um_pwv,827.288 um_pwv,35.0,2.317 K,1.59617
20240430,062205.014389,063218.462954,613.448565,671.767 um_pwv,820.076 um_pwv,35.0,2.307 K,1.58221
20240430,063219.419674,064232.871597,613.451923,669.881 um_pwv,817.774 um_pwv,35.0,2.26 K,1.57775
20240430,064233.831148,065247.279441,613.448293,665.348 um_pwv,812.24 um_pwv,35.0,2.286 K,1.56704
20240430,065248.236671,065635.758286,227.521615,665.812 um_pwv,812.807 um_pwv,35.0,2.324 K,1.56814
20240430,070135.950070,071149.499727,613.549657,672.11 um_pwv,820.494 um_pwv,35.0,2.402 K,1.58302
20240430,071150.461813,072203.906437,613.444624,666.864 um_pwv,814.091 um_pwv,35.0,2.575 K,1.57062
20240430,072204.869149,073218.317378,613.448229,673.105 um_pwv,821.709 um_pwv,35.0,2.472 K,1.58537
20240430,073219.274220,074232.723420,613.4492,682.927 um_pwv,833.699 um_pwv,35.0,2.427 K,1.60858
20240430,074233.680645,075247.130840,613.450195,687.823 um_pwv,839.677 um_pwv,35.0,2.479 K,1.62015
20240430,075248.087063,075635.609175,227.522112,692.721 um_pwv,845.657 um_pwv,35.0,2.266 K,1.63173
20240430,090135.804297,091149.347624,613.543327,728.378 um_pwv,889.185 um_pwv,35.0,2.488 K,1.71600
20240430,091150.309904,092203.756468,613.446564,743.931 um_pwv,908.172 um_pwv,35.0,2.418 K,1.75275
20240430,092204.713661,093218.163552,613.449891,750.024 um_pwv,915.61 um_pwv,35.0,2.499 K,1.76715
20240430,093219.120352,094232.572971,613.452619,740.536 um_pwv,904.028 um_pwv,35.0,2.422 K,1.74473
20240430,094233.531350,095246.975838,613.444488,735.554 um_pwv,897.945 um_pwv,35.0,2.357 K,1.73295
20240430,095247.939042,095635.459190,227.520148,727.749 um_pwv,888.418 um_pwv,35.0,2.211 K,1.71451
20240430,100135.611343,101149.154851,613.543508,715.025 um_pwv,872.884 um_pwv,35.0,2.342 K,1.68444
20240430,101150.110881,102203.562677,613.451796,713.95 um_pwv,871.572 um_pwv,35.0,2.294 K,1.68190
20240430,102204.521385,103217.968366,613.446981,711.365 um_pwv,868.417 um_pwv,35.0,2.337 K,1.67579
20240430,103218.925555,104232.372509,613.446954,720.259 um_pwv,879.274 um_pwv,35.0,2.28 K,1.69681
20240430,104233.337294,105246.783402,613.446108,724.775 um_pwv,884.787 um_pwv,35.0,2.282 K,1.70748
20240430,105247.740302,105635.264176,227.523874,716.561 um_pwv,874.76 um_pwv,35.0,2.296 K,1.68807
20240430,110136.415571,111149.963664,613.548093,719.282 um_pwv,878.081 um_pwv,35.0,2.352 K,1.69450
20240430,111150.925393,112204.370477,613.445084,731.078 um_pwv,892.482 um_pwv,35.0,2.382 K,1.72238
20240430,112205.334451,113218.780750,613.446299,738.413 um_pwv,901.436 um_pwv,35.0,2.397 K,1.73971
20240430,113219.737663,114233.188473,613.45081,739.448 um_pwv,902.699 um_pwv,35.0,2.371 K,1.74216
20240430,114234.145204,115247.596673,613.451469,737.873 um_pwv,900.777 um_pwv,35.0,2.423 K,1.73844
20240430,115248.553450,115636.077157,227.523707,729.169 um_pwv,890.151 um_pwv,35.0,2.34 K,1.71786
20240430,130136.273575,131149.814929,613.541354,744.769 um_pwv,909.195 um_pwv,35.0,3.04 K,1.75473
20240430,131150.775911,132204.224446,613.448535,728.647 um_pwv,889.514 um_pwv,35.0,3.406 K,1.71663
20240430,132205.182582,133218.629179,613.446597,721.528 um_pwv,880.823 um_pwv,35.0,3.32 K,1.69981
20240430,133219.591583,134233.035945,613.444362,720.503 um_pwv,879.571 um_pwv,35.0,3.132 K,1.69738
20240430,134233.997821,135247.442752,613.444931,728.767 um_pwv,889.66 um_pwv,35.0,2.905 K,1.71691
20240430,135248.406771,135635.927666,227.520895,738.365 um_pwv,901.377 um_pwv,35.0,2.814 K,1.73960
20240430,140136.071181,141149.621181,613.55,724.811 um_pwv,884.83 um_pwv,35.0,3.171 K,1.70757
20240430,141150.581812,142204.025004,613.443192,719.75 um_pwv,878.653 um_pwv,35.0,2.946 K,1.69561
20240430,142204.988923,143218.434489,613.445566,736.673 um_pwv,899.312 um_pwv,35.0,2.936 K,1.73560
20240430,143219.397069,144232.845828,613.448759,738.609 um_pwv,901.675 um_pwv,35.0,2.842 K,1.74017
20240430,144233.804663,145247.252536,613.447873,740.335 um_pwv,903.782 um_pwv,35.0,2.89 K,1.74425
20240430,145248.209771,145635.731526,227.521755,743.41 um_pwv,907.536 um_pwv,35.0,2.837 K,1.75152
20240430,150135.924256,151149.470762,613.546506,739.922 um_pwv,903.278 um_pwv,35.0,2.731 K,1.74328
20240430,151150.431866,152203.881752,613.449886,739.222 um_pwv,902.423 um_pwv,35.0,2.649 K,1.74162
20240430,152204.843635,153218.290030,613.446395,741.267 um_pwv,904.92 um_pwv,35.0,2.681 K,1.74646
20240430,153219.246018,154232.696344,613.450326,737.637 um_pwv,900.488 um_pwv,35.0,2.971 K,1.73788
20240430,154233.658396,155247.105413,613.447017,742.952 um_pwv,906.977 um_pwv,35.0,3.247 K,1.75044
20240430,155248.066919,155635.585036,227.518117,733.155 um_pwv,895.017 um_pwv,35.0,3.302 K,1.72729
20240430,170135.773734,171149.368333,613.594599,676.367 um_pwv,825.691 um_pwv,35.0,3.402 K,1.59308
20240430,171150.332826,172203.777737,613.444911,675.35 um_pwv,824.45 um_pwv,35.0,3.324 K,1.59067
20240430,172204.736189,173218.191370,613.455181,676.606 um_pwv,825.983 um_pwv,35.0,3.368 K,1.59364
20240430,173219.149100,174232.594818,613.445718,683.443 um_pwv,834.33 um_pwv,35.0,3.498 K,1.60980
20240430,174233.551773,175246.999450,613.447677,686.575 um_pwv,838.153 um_pwv,35.0,3.549 K,1.61720
20240430,175247.964221,175635.483856,227.519635,683.247 um_pwv,834.09 um_pwv,35.0,3.526 K,1.60934
20240430,180136.633706,181150.181674,613.547968,682.59 um_pwv,833.288 um_pwv,35.0,3.643 K,1.60778
20240430,181151.145016,182204.589140,613.444124,680.203 um_pwv,830.375 um_pwv,35.0,3.791 K,1.60214
20240430,182205.554020,183219.000873,613.446853,688.242 um_pwv,840.188 um_pwv,35.0,3.777 K,1.62114
20240430,183219.958067,184233.408158,613.450091,678.862 um_pwv,828.738 um_pwv,35.0,3.706 K,1.59898
20240430,184234.365129,185247.814199,613.44907,669.864 um_pwv,817.753 um_pwv,35.0,3.753 K,1.57771
20240430,185248.777162,185636.295811,227.518649,669.319 um_pwv,817.088 um_pwv,35.0,3.7 K,1.57642
20240430,190136.441962,191149.990664,613.548702,661.932 um_pwv,808.07 um_pwv,35.0,3.658 K,1.55896
20240430,191150.952854,192204.398588,613.445734,657.377 um_pwv,802.509 um_pwv,35.0,3.622 K,1.54820
20240430,192205.355731,193218.814644,613.458913,650.282 um_pwv,793.848 um_pwv,35.0,3.727 K,1.53143
20240430,193219.765777,194233.214248,613.448471,642.425 um_pwv,784.256 um_pwv,35.0,3.822 K,1.51286
20240430,194234.171137,195247.623396,613.452259,634.286 um_pwv,774.321 um_pwv,35.0,3.852 K,1.49363
20240430,195248.582429,195636.103955,227.521526,634.349 um_pwv,774.397 um_pwv,35.0,3.778 K,1.49378
20240430,210136.297630,211149.843347,613.545717,620.305 um_pwv,757.252 um_pwv,35.0,4.361 K,1.46058
20240430,211150.805236,212204.253570,613.448334,621.575 um_pwv,758.803 um_pwv,35.0,4.273 K,1.46359
20240430,212205.211728,213218.659145,613.447417,625.773 um_pwv,763.928 um_pwv,35.0,4.183 K,1.47351
20240430,213219.620589,214233.067044,613.446455,623.894 um_pwv,761.634 um_pwv,35.0,4.301 K,1.46907
20240430,214234.028685,215247.473216,613.444531,614.262 um_pwv,749.876 um_pwv,35.0,4.388 K,1.44630
20240430,215248.435374,215635.955532,227.520158,600.827 um_pwv,733.475 um_pwv,35.0,4.284 K,1.41455
20240430,220136.121739,221149.698580,613.576841,576.425 um_pwv,703.685 um_pwv,35.0,4.491 K,1.35688
20240430,221150.659800,222204.102929,613.443129,562.613 um_pwv,686.823 um_pwv,35.0,4.625 K,1.32424
20240430,222205.065281,223218.511194,613.445913,552.963 um_pwv,675.043 um_pwv,35.0,4.755 K,1.30143
20240430,223219.474783,224232.921690,613.446907,534.949 um_pwv,653.052 um_pwv,35.0,4.867 K,1.25885
20240430,224233.878378,225247.329547,613.451169,524.986 um_pwv,640.889 um_pwv,35.0,4.903 K,1.23531
20240430,225248.288069,225635.810259,227.52219,522.547 um_pwv,637.912 um_pwv,35.0,4.89 K,1.22954
