DATE(YYYYMMDD),START TIME(HHMMSS.Microsec),END TIME(HHMMSS.Microsec),TIME PASSED (sec),PWV TOTAL zenith,PWV TOTAL line-of-sight,zenith angle,standard_deviation_of_residuals,Nscale_troposphere_h2o
20240103,10135.64147,11149.18966,613.548184,1694.67 um_pwv,2068.81 um_pwv,35,4.029 K,3.99918
20240103,11150.15038,12203.59588,613.445501,1693.51 um_pwv,2067.4 um_pwv,35,4.042 K,3.99645
20240103,12204.55768,13218.53176,613.974079,1690.42 um_pwv,2063.62 um_pwv,35,4.113 K,3.98914
20240103,13219.48991,14233.51452,614.024614,1683.89 um_pwv,2055.65 um_pwv,35,4.069 K,3.97373
20240103,14234.47662,15247.92397,613.44735,1690.33 um_pwv,2063.51 um_pwv,35,3.945 K,3.98894
20240103,15248.8864,15635.44587,226.559473,1695.16 um_pwv,2069.4 um_pwv,35,3.953 K,4.00034
20240103,20136.45371,21151.87591,615.422205,1698.76 um_pwv,2073.81 um_pwv,35,3.956 K,4.00886
20240103,21152.83299,22207.14959,614.316599,1690.18 um_pwv,2063.33 um_pwv,35,3.919 K,3.98858
20240103,22208.10535,23225.87752,617.772168,1688.15 um_pwv,2060.85 um_pwv,35,3.748 K,3.98379
20240103,23226.83454,24240.52406,613.68952,1683.89 um_pwv,2055.65 um_pwv,35,3.789 K,3.97373
20240103,24241.48593,25254.93309,613.447156,1682.58 um_pwv,2054.05 um_pwv,35,3.826 K,3.97063
20240103,25255.88951,25635.73292,219.843414,1679.96 um_pwv,2050.86 um_pwv,35,3.828 K,3.96445
20240103,30136.30882,31149.8597,613.550882,1672.79 um_pwv,2042.1 um_pwv,35,3.867 K,3.94751
20240103,31150.82158,32204.27008,613.448499,1670.42 um_pwv,2039.2 um_pwv,35,3.935 K,3.9419
20240103,32205.2287,33218.67423,613.445532,1676.13 um_pwv,2046.17 um_pwv,35,4.028 K,3.95538
20240103,33219.6361,34233.08532,613.449212,1676.75 um_pwv,2046.93 um_pwv,35,4.095 K,3.95685
20240103,34234.0475,35247.49264,613.445148,1676.13 um_pwv,2046.17 um_pwv,35,4.035 K,3.95538
20240103,35248.45446,35635.97572,227.521253,1676.13 um_pwv,2046.17 um_pwv,35,3.971 K,3.95538
20240103,50136.4059,51150.72352,614.317614,1683.89 um_pwv,2055.65 um_pwv,35,3.648 K,3.97373
20240103,51151.68127,52205.1291,613.447821,1687.14 um_pwv,2059.62 um_pwv,35,3.558 K,3.98141
20240103,52206.08936,53219.53655,613.447187,1695.13 um_pwv,2069.37 um_pwv,35,3.572 K,4.00027
20240103,53220.49935,54233.94286,613.443514,1702.1 um_pwv,2077.88 um_pwv,35,3.641 K,4.01674
20240103,54234.90651,55248.35591,613.449404,1712.84 um_pwv,2090.99 um_pwv,35,3.809 K,4.04212
20240103,55249.31342,55635.87419,226.560772,1718.75 um_pwv,2098.2 um_pwv,35,3.775 K,4.05607
20240103,60136.21816,61149.7615,613.543343,1718.34 um_pwv,2097.71 um_pwv,35,3.864 K,4.05512
20240103,61150.71785,62204.1681,613.450251,1720.93 um_pwv,2100.86 um_pwv,35,3.886 K,4.06122
20240103,62205.12503,63218.57582,613.450794,1715.2 um_pwv,2093.88 um_pwv,35,3.868 K,4.0477
20240103,63219.53281,64232.98034,613.447534,1709.39 um_pwv,2086.78 um_pwv,35,3.938 K,4.03397
20240103,64233.94338,65247.38833,613.444955,1711.76 um_pwv,2089.67 um_pwv,35,3.996 K,4.03957
20240103,65248.35196,65635.87309,227.521124,1714.87 um_pwv,2093.47 um_pwv,35,3.885 K,4.04692
20240103,70136.0265,71149.56437,613.537872,1712.46 um_pwv,2090.53 um_pwv,35,3.853 K,4.04122
20240103,71150.5265,72203.9744,613.447901,1698.47 um_pwv,2073.45 um_pwv,35,3.833 K,4.00817
20240103,72204.93139,73218.42963,613.498245,1694.82 um_pwv,2068.99 um_pwv,35,3.727 K,3.99955
20240103,73219.39267,74232.83577,613.443099,1684.83 um_pwv,2056.8 um_pwv,35,3.676 K,3.97594
20240103,74233.79978,75247.24629,613.446508,1675.94 um_pwv,2045.94 um_pwv,35,3.654 K,3.95494
20240103,75248.20355,75635.72622,227.522676,1671.49 um_pwv,2040.51 um_pwv,35,3.654 K,3.94443
20240103,90135.87029,91149.41779,613.547506,1654.19 um_pwv,2019.39 um_pwv,35,3.33 K,3.90355
20240103,91150.37914,92203.82609,613.446943,1656.87 um_pwv,2022.66 um_pwv,35,3.328 K,3.90988
20240103,92204.78767,93218.23912,613.451454,1655.15 um_pwv,2020.56 um_pwv,35,3.345 K,3.90582
20240103,93219.19485,94232.64542,613.450568,1639.87 um_pwv,2001.91 um_pwv,35,3.389 K,3.86972
20240103,94233.60702,95247.05374,613.446714,1632.03 um_pwv,1992.34 um_pwv,35,3.436 K,3.85121
20240103,95248.01522,95635.53413,227.518912,1625.7 um_pwv,1984.61 um_pwv,35,3.469 K,3.83624
20240103,100135.6803,101149.2267,613.546416,1623.78 um_pwv,1982.27 um_pwv,35,3.484 K,3.83172
20240103,101150.188,102203.6364,613.448419,1623.99 um_pwv,1982.53 um_pwv,35,3.484 K,3.83221
20240103,102204.5984,103218.0445,613.446027,1629.36 um_pwv,1989.08 um_pwv,35,3.498 K,3.84489
20240103,103219.0064,104232.4559,613.449558,1628.81 um_pwv,1988.4 um_pwv,35,3.571 K,3.84359
20240103,104233.413,105246.8601,613.447088,1623.18 um_pwv,1981.54 um_pwv,35,3.608 K,3.8303
20240103,105247.8219,105635.3415,227.519652,1615.5 um_pwv,1972.16 um_pwv,35,3.593 K,3.81215
20240103,110136.495,111150.0441,613.549193,1614.52 um_pwv,1970.96 um_pwv,35,3.563 K,3.80983
20240103,111151.0054,112204.4516,613.446165,1614.87 um_pwv,1971.4 um_pwv,35,3.514 K,3.81068
20240103,112205.414,113218.8637,613.4497,1616.31 um_pwv,1973.15 um_pwv,35,3.47 K,3.81407
20240103,113219.8194,114233.2696,613.450157,1619.36 um_pwv,1976.87 um_pwv,35,3.471 K,3.82127
20240103,114234.2315,115247.6779,613.446344,1615.66 um_pwv,1972.36 um_pwv,35,3.433 K,3.81254
20240103,115248.6395,115636.1583,227.518787,1612.13 um_pwv,1968.05 um_pwv,35,3.376 K,3.8042
20240103,130136.3487,131149.9012,613.552463,1618.16 um_pwv,1975.41 um_pwv,35,3.512 K,3.81845
20240103,131150.8576,132204.3106,613.453085,1616.8 um_pwv,1973.75 um_pwv,35,3.502 K,3.81523
20240103,132205.2682,133218.7161,613.447901,1611.41 um_pwv,1967.16 um_pwv,35,3.5 K,3.80248
20240103,133219.6788,134233.1212,613.442354,1610.53 um_pwv,1966.09 um_pwv,35,3.501 K,3.80041
20240103,134234.0845,135247.5347,613.450229,1607.08 um_pwv,1961.88 um_pwv,35,3.434 K,3.79227
20240103,135248.4926,135636.0145,227.521931,1604.74 um_pwv,1959.02 um_pwv,35,3.456 K,3.78672
20240103,140136.1621,141149.7091,613.547068,1621.9 um_pwv,1979.97 um_pwv,35,3.503 K,3.82726
20240103,141150.6659,142204.1135,613.447554,1632.4 um_pwv,1992.79 um_pwv,35,3.596 K,3.85208
20240103,142205.0773,143218.5214,613.444076,1645.44 um_pwv,2008.71 um_pwv,35,3.637 K,3.88289
20240103,143219.4853,144232.9334,613.448107,1653.56 um_pwv,2018.63 um_pwv,35,3.609 K,3.90207
20240103,144233.8919,145247.3389,613.447063,1656.38 um_pwv,2022.07 um_pwv,35,3.556 K,3.90874
20240103,145248.2968,145635.8214,227.524567,1654.29 um_pwv,2019.51 um_pwv,35,3.513 K,3.90379
20240103,150135.9864,151149.5645,613.578097,1651.5 um_pwv,2016.11 um_pwv,35,3.505 K,3.8972
20240103,151150.5224,152203.9735,613.4511,1650.04 um_pwv,2014.33 um_pwv,35,3.462 K,3.89376
20240103,152204.9308,153218.3849,613.454115,1649.9 um_pwv,2014.15 um_pwv,35,3.45 K,3.89342
20240103,153219.3419,154232.7902,613.448294,1658.75 um_pwv,2024.96 um_pwv,35,3.452 K,3.91434
20240103,154233.7493,155247.1982,613.448907,1670.6 um_pwv,2039.43 um_pwv,35,3.489 K,3.94234
20240103,155248.1573,155635.6771,227.519774,1670.76 um_pwv,2039.62 um_pwv,35,3.497 K,3.9427
20240103,170135.7971,171149.3723,613.575148,1627.51 um_pwv,1986.82 um_pwv,35,3.323 K,3.84053
20240103,171150.3332,172203.7809,613.447735,1625.89 um_pwv,1984.84 um_pwv,35,3.273 K,3.8367
20240103,172204.7373,173218.1891,613.45183,1622.3 um_pwv,1980.47 um_pwv,35,3.235 K,3.82823
20240103,173219.1458,174232.5971,613.451291,1624.54 um_pwv,1983.2 um_pwv,35,3.228 K,3.83352
20240103,174233.5541,175247.0029,613.44881,1621.59 um_pwv,1979.59 um_pwv,35,3.223 K,3.82654
20240103,175247.9651,175635.4842,227.519143,1625.08 um_pwv,1983.85 um_pwv,35,3.223 K,3.83478
20240103,180136.5894,181150.1401,613.550667,1645.82 um_pwv,2009.18 um_pwv,35,3.253 K,3.8838
20240103,181151.1011,182204.5465,613.445452,1651.86 um_pwv,2016.55 um_pwv,35,3.262 K,3.89805
20240103,182205.5083,183218.9548,613.446463,1654.29 um_pwv,2019.51 um_pwv,35,3.301 K,3.90379
20240103,183219.9166,184233.3606,613.444032,1642.26 um_pwv,2004.83 um_pwv,35,3.286 K,3.87537
20240103,184234.3228,185247.7691,613.446291,1635.81 um_pwv,1996.95 um_pwv,35,3.273 K,3.86013
20240103,185248.7319,185636.2516,227.519674,1639.27 um_pwv,2001.18 um_pwv,35,3.23 K,3.86831
20240103,190136.3956,191149.9476,613.552033,1640.1 um_pwv,2002.19 um_pwv,35,3.245 K,3.87027
20240103,191150.9031,192204.3571,613.454023,1640.94 um_pwv,2003.22 um_pwv,35,3.249 K,3.87226
20240103,192205.315,193218.7635,613.44859,1638.03 um_pwv,1999.67 um_pwv,35,3.236 K,3.86539
20240103,193219.7197,194233.1703,613.450591,1624.34 um_pwv,1982.96 um_pwv,35,3.17 K,3.83305
20240103,194234.1327,195247.5758,613.443092,1613.07 um_pwv,1969.19 um_pwv,35,3.151 K,3.80641
20240103,195248.5385,195636.0601,227.52159,1603 um_pwv,1956.91 um_pwv,35,3.148 K,3.78263
20240103,210136.2511,211149.8023,613.55117,1518.91 um_pwv,1854.25 um_pwv,35,3.099 K,3.58397
20240103,211150.7642,212204.2106,613.44643,1521.9 um_pwv,1857.9 um_pwv,35,3.161 K,3.59102
20240103,212205.1694,213218.6184,613.449043,1523.14 um_pwv,1859.41 um_pwv,35,3.171 K,3.59396
20240103,213219.5754,214233.0237,613.448334,1523.14 um_pwv,1859.41 um_pwv,35,3.162 K,3.59396
20240103,214233.9871,215247.4366,613.449491,1523.05 um_pwv,1859.3 um_pwv,35,3.152 K,3.59374
20240103,215248.3944,215635.9151,227.520686,1523.36 um_pwv,1859.67 um_pwv,35,3.168 K,3.59446
20240103,220136.0694,221149.6105,613.541159,1530.69 um_pwv,1868.63 um_pwv,35,3.14 K,3.61179
20240103,221150.5666,222204.0149,613.448337,1534.31 um_pwv,1873.04 um_pwv,35,3.133 K,3.62034
20240103,222204.9788,223218.426,613.447126,1538.94 um_pwv,1878.7 um_pwv,35,3.155 K,3.63128
20240103,223219.3829,224232.8344,613.451525,1538.56 um_pwv,1878.24 um_pwv,35,3.156 K,3.63039
20240103,224233.7916,225247.2402,613.44858,1536.28 um_pwv,1875.45 um_pwv,35,3.112 K,3.625
20240103,225248.1985,225635.7208,227.522289,1535.2 um_pwv,1874.13 um_pwv,35,3.078 K,3.62244
20240104,10135.76828,11149.31782,613.549543,1500.59 um_pwv,1831.88 um_pwv,35,2.631 K,3.54068
20240104,11150.27916,12203.73133,613.452171,1494.93 um_pwv,1824.98 um_pwv,35,2.622 K,3.52732
20240104,12204.68833,13218.13463,613.446297,1489.27 um_pwv,1818.06 um_pwv,35,2.639 K,3.51393
20240104,13219.09618,14232.54803,613.451846,1491.66 um_pwv,1820.98 um_pwv,35,2.686 K,3.51958
20240104,14233.50406,15246.95324,613.449178,1498.18 um_pwv,1828.94 um_pwv,35,2.728 K,3.53499
20240104,15247.91512,15635.43567,227.52055,1497.01 um_pwv,1827.51 um_pwv,35,2.75 K,3.53221
20240104,20136.58706,21150.13851,613.551453,1508.21 um_pwv,1841.19 um_pwv,35,2.786 K,3.55869
20240104,21151.09932,22204.54667,613.447354,1511.18 um_pwv,1844.81 um_pwv,35,2.777 K,3.5657
20240104,22205.50458,23218.95267,613.44809,1512.25 um_pwv,1846.11 um_pwv,35,2.785 K,3.56821
20240104,23219.91482,24233.35803,613.443211,1513.01 um_pwv,1847.05 um_pwv,35,2.785 K,3.57002
20240104,24234.32024,25247.76804,613.447793,1509.58 um_pwv,1842.85 um_pwv,35,2.778 K,3.56191
20240104,25248.73039,25636.2486,227.518212,1503.62 um_pwv,1835.59 um_pwv,35,2.763 K,3.54784
20240104,30136.44038,31149.99223,613.551849,1508.34 um_pwv,1841.35 um_pwv,35,2.794 K,3.559
20240104,31150.9529,32204.40108,613.448182,1511.45 um_pwv,1845.15 um_pwv,35,2.774 K,3.56634
20240104,32205.35691,33218.80857,613.45166,1506.65 um_pwv,1839.28 um_pwv,35,2.748 K,3.55499
20240104,33219.76579,34233.21667,613.450886,1508.64 um_pwv,1841.71 um_pwv,35,2.758 K,3.5597
20240104,34234.17272,35247.62491,613.452186,1509.65 um_pwv,1842.94 um_pwv,35,2.752 K,3.56208
20240104,35248.58074,35636.10269,227.521943,1499.82 um_pwv,1830.94 um_pwv,35,2.694 K,3.53886
20240104,50136.29653,51149.89606,613.59953,1468.92 um_pwv,1793.23 um_pwv,35,2.498 K,3.46586
20240104,51150.85289,52204.30372,613.450835,1466.35 um_pwv,1790.08 um_pwv,35,2.515 K,3.45978
20240104,52205.26121,53218.71649,613.455284,1467.88 um_pwv,1791.95 um_pwv,35,2.535 K,3.46339
20240104,53219.66778,54233.11943,613.451657,1476 um_pwv,1801.87 um_pwv,35,2.582 K,3.48259
20240104,54234.07636,55247.52488,613.448517,1482.99 um_pwv,1810.39 um_pwv,35,2.625 K,3.49909
20240104,55248.48793,55636.00839,227.520463,1486.18 um_pwv,1814.29 um_pwv,35,2.629 K,3.50663
20240104,60136.11329,61149.65394,613.540653,1490.3 um_pwv,1819.33 um_pwv,35,2.653 K,3.51638
20240104,61150.6109,62204.06111,613.450212,1486.23 um_pwv,1814.36 um_pwv,35,2.604 K,3.50676
20240104,62205.01807,63218.46672,613.448653,1487.45 um_pwv,1815.84 um_pwv,35,2.6 K,3.50962
20240104,63219.43004,64232.87805,613.448014,1482.8 um_pwv,1810.17 um_pwv,35,2.56 K,3.49865
20240104,64233.83507,65247.28474,613.449676,1483.26 um_pwv,1810.73 um_pwv,35,2.577 K,3.49974
20240104,65248.24777,65635.76758,227.519809,1476.6 um_pwv,1802.6 um_pwv,35,2.542 K,3.48401
20240104,70135.92307,71149.45989,613.53682,1465.75 um_pwv,1789.35 um_pwv,35,2.478 K,3.45837
20240104,71150.42175,72203.87134,613.449591,1460.36 um_pwv,1782.78 um_pwv,35,2.442 K,3.44564
20240104,72204.82882,73218.27689,613.448064,1460.83 um_pwv,1783.35 um_pwv,35,2.433 K,3.44675
20240104,73219.23965,74232.6857,613.446054,1468.33 um_pwv,1792.49 um_pwv,35,2.48 K,3.46445
20240104,74233.64264,75247.09331,613.450674,1476.39 um_pwv,1802.33 um_pwv,35,2.482 K,3.48349
20240104,75248.05181,75635.57435,227.522544,1474.25 um_pwv,1799.73 um_pwv,35,2.485 K,3.47845
20240104,90135.7663,91149.31555,613.549253,1443.27 um_pwv,1761.9 um_pwv,35,2.432 K,3.40524
20240104,91150.27628,92203.7259,613.449618,1446.3 um_pwv,1765.61 um_pwv,35,2.442 K,3.41242
20240104,92204.68259,93218.1306,613.448014,1446.77 um_pwv,1766.18 um_pwv,35,2.448 K,3.41351
20240104,93219.09244,94232.54207,613.449629,1445.19 um_pwv,1764.25 um_pwv,35,2.472 K,3.40978
20240104,94233.49889,95246.94942,613.450529,1443.78 um_pwv,1762.54 um_pwv,35,2.469 K,3.40647
20240104,95247.9059,95635.42818,227.522273,1442.48 um_pwv,1760.95 um_pwv,35,2.471 K,3.40339
20240104,100136.5811,101150.1304,613.549269,1447.33 um_pwv,1766.86 um_pwv,35,2.476 K,3.41484
20240104,101151.0924,102204.5396,613.447208,1443.16 um_pwv,1761.77 um_pwv,35,2.428 K,3.40499
20240104,102205.4963,103218.9443,613.44802,1438.78 um_pwv,1756.43 um_pwv,35,2.407 K,3.39464
20240104,103219.9062,104233.354,613.447788,1438.16 um_pwv,1755.67 um_pwv,35,2.396 K,3.39317
20240104,104234.3171,105247.7655,613.448463,1440.85 um_pwv,1758.95 um_pwv,35,2.427 K,3.39953
20240104,105248.7222,105636.2453,227.523173,1434.84 um_pwv,1751.61 um_pwv,35,2.401 K,3.38533
20240104,110136.4363,111149.9836,613.547351,1421.87 um_pwv,1735.78 um_pwv,35,2.361 K,3.35468
20240104,111150.9449,112204.3948,613.449916,1411.42 um_pwv,1723.03 um_pwv,35,2.335 K,3.33
20240104,112205.3566,113218.8016,613.445007,1398.28 um_pwv,1706.98 um_pwv,35,2.298 K,3.29895
20240104,113219.7644,114233.209,613.444558,1383.66 um_pwv,1689.13 um_pwv,35,2.268 K,3.2644
20240104,114234.1708,115247.6185,613.447605,1368.11 um_pwv,1670.16 um_pwv,35,2.236 K,3.22768
20240104,115248.5803,115636.0991,227.518828,1353.57 um_pwv,1652.4 um_pwv,35,2.181 K,3.19332
20240104,130136.2929,131149.8439,613.550911,1308.93 um_pwv,1597.91 um_pwv,35,2.101 K,3.08786
20240104,131150.8011,132204.2474,613.446306,1304.45 um_pwv,1592.44 um_pwv,35,2.082 K,3.07725
20240104,132205.2103,133218.6608,613.450529,1297.63 um_pwv,1584.12 um_pwv,35,2.068 K,3.06115
20240104,133219.6179,134233.0659,613.448005,1293.5 um_pwv,1579.07 um_pwv,35,2.073 K,3.05139
20240104,134234.0287,135247.4722,613.443534,1297.46 um_pwv,1583.9 um_pwv,35,2.064 K,3.06073
20240104,135248.4349,135635.9558,227.520937,1291.04 um_pwv,1576.07 um_pwv,35,2.057 K,3.04558
20240104,140136.1007,141149.6461,613.545405,1286.27 um_pwv,1570.24 um_pwv,35,2.056 K,3.0343
20240104,141150.6098,142204.0543,613.444518,1280.54 um_pwv,1563.26 um_pwv,35,2.026 K,3.02078
20240104,142205.0185,143218.466,613.447461,1274.44 um_pwv,1555.8 um_pwv,35,2.047 K,3.00634
20240104,143219.4243,144232.8751,613.450888,1261.53 um_pwv,1540.04 um_pwv,35,1.994 K,2.97585
20240104,144233.8324,145247.2829,613.450496,1245.89 um_pwv,1520.95 um_pwv,35,1.976 K,2.93889
20240104,145248.2399,145635.7615,227.521604,1232.31 um_pwv,1504.37 um_pwv,35,1.939 K,2.90681
20240104,150135.9061,151149.4568,613.550703,1211.75 um_pwv,1479.27 um_pwv,35,1.898 K,2.85823
20240104,151150.4194,152203.8642,613.444811,1207.49 um_pwv,1474.08 um_pwv,35,1.866 K,2.84817
20240104,152204.8272,153218.2704,613.443131,1219.11 um_pwv,1488.25 um_pwv,35,1.916 K,2.87561
20240104,153219.2306,154232.6829,613.452216,1225.15 um_pwv,1495.63 um_pwv,35,1.909 K,2.88989
20240104,154233.6404,155247.0905,613.45005,1220.1 um_pwv,1489.47 um_pwv,35,1.925 K,2.87796
20240104,155248.0477,155635.5707,227.522975,1214.09 um_pwv,1482.13 um_pwv,35,1.91 K,2.86375
20240104,170135.767,171149.3133,613.546295,1158.29 um_pwv,1414.01 um_pwv,35,1.795 K,2.73191
20240104,171150.2685,172203.718,613.449549,1135.82 um_pwv,1386.58 um_pwv,35,1.764 K,2.67882
20240104,172204.6796,173218.1238,613.444189,1122.93 um_pwv,1370.85 um_pwv,35,1.725 K,2.64837
20240104,173219.0866,174232.5366,613.450053,1105.51 um_pwv,1349.58 um_pwv,35,1.7 K,2.6072
20240104,174233.4926,175246.9434,613.45082,1088.15 um_pwv,1328.38 um_pwv,35,1.653 K,2.56617
20240104,175247.9004,175635.426,227.525615,1078.04 um_pwv,1316.04 um_pwv,35,1.66 K,2.54228
20240104,180136.5773,181150.1286,613.551276,1071.59 um_pwv,1308.16 um_pwv,35,1.652 K,2.52703
20240104,181151.085,182204.5331,613.448171,1060.51 um_pwv,1294.65 um_pwv,35,1.658 K,2.50087
20240104,182205.495,183218.9451,613.450129,1054.47 um_pwv,1287.27 um_pwv,35,1.656 K,2.48659
20240104,183219.902,184234.3559,614.453885,1043.15 um_pwv,1273.45 um_pwv,35,1.65 K,2.45984
20240104,184235.3233,185248.7666,613.443303,1031.74 um_pwv,1259.52 um_pwv,35,1.646 K,2.43287
20240104,185249.7242,185636.2879,226.563714,1025.66 um_pwv,1252.1 um_pwv,35,1.606 K,2.41852
20240104,190136.3899,191149.9319,613.541926,1019.36 um_pwv,1244.41 um_pwv,35,1.637 K,2.40363
20240104,191150.8938,192204.3404,613.446619,1010.57 um_pwv,1233.67 um_pwv,35,1.623 K,2.38285
20240104,192205.3029,193218.7515,613.448587,994.573 um_pwv,1214.15 um_pwv,35,1.619 K,2.34505
20240104,193219.7091,194233.1591,613.450022,977.626 um_pwv,1193.46 um_pwv,35,1.617 K,2.30501
20240104,194234.1206,195247.5674,613.446718,957.936 um_pwv,1169.42 um_pwv,35,1.574 K,2.25848
20240104,195248.5235,195636.0467,227.523249,948.85 um_pwv,1158.33 um_pwv,35,1.525 K,2.23701
20240104,210136.1906,211149.7407,613.550069,899.665 um_pwv,1098.29 um_pwv,35,1.324 K,2.12078
20240104,211150.697,212204.1489,613.45189,893.159 um_pwv,1090.35 um_pwv,35,1.373 K,2.1054
20240104,212205.1061,213218.5544,613.448268,885.147 um_pwv,1080.57 um_pwv,35,1.334 K,2.08647
20240104,213219.5171,214232.9643,613.447113,875.823 um_pwv,1069.18 um_pwv,35,1.34 K,2.06444
20240104,214233.9214,215247.3719,613.450483,868.568 um_pwv,1060.33 um_pwv,35,1.288 K,2.04729
20240104,215248.3286,215635.8523,227.523694,864.098 um_pwv,1054.87 um_pwv,35,1.26 K,2.03673
20240104,220136.043,221149.5955,613.552532,859.525 um_pwv,1049.29 um_pwv,35,1.249 K,2.02592
20240104,221150.5521,222204.0036,613.451503,856.738 um_pwv,1045.88 um_pwv,35,1.263 K,2.01934
20240104,222204.9605,223218.4118,613.45123,854.626 um_pwv,1043.31 um_pwv,35,1.269 K,2.01435
20240104,223219.3692,224232.82,613.450748,850.49 um_pwv,1038.26 um_pwv,35,1.233 K,2.00457
20240104,224233.7769,225247.2263,613.449414,846.302 um_pwv,1033.14 um_pwv,35,1.203 K,1.99467
20240104,225248.1843,225635.7089,227.524569,839.644 um_pwv,1025.02 um_pwv,35,1.196 K,1.97894
20240105,10135.71603,11149.25273,613.536702,762.169 um_pwv,930.436 um_pwv,35,1.243 K,1.79585
20240105,11150.21389,12203.66376,613.449872,763.769 um_pwv,932.39 um_pwv,35,1.304 K,1.79963
20240105,12204.62535,13218.07385,613.448504,756.529 um_pwv,923.552 um_pwv,35,1.349 K,1.78252
20240105,13219.02989,14232.48222,613.452329,751.666 um_pwv,917.614 um_pwv,35,1.349 K,1.77103
20240105,14233.43978,15246.88985,613.45007,750.561 um_pwv,916.266 um_pwv,35,1.398 K,1.76842
20240105,15247.84558,15635.36974,227.52416,747.069 um_pwv,912.003 um_pwv,35,1.348 K,1.76017
20240105,20136.52011,21150.06814,613.548031,749.617 um_pwv,915.114 um_pwv,35,1.422 K,1.76619
20240105,21151.02883,22204.47845,613.449623,754.981 um_pwv,921.662 um_pwv,35,1.437 K,1.77887
20240105,22205.44111,23218.88835,613.447247,758.23 um_pwv,925.628 um_pwv,35,1.439 K,1.78654
20240105,23219.84466,24233.29441,613.449751,757.295 um_pwv,924.486 um_pwv,35,1.494 K,1.78433
20240105,24234.25723,25247.70544,613.448203,754.974 um_pwv,921.653 um_pwv,35,1.484 K,1.77885
20240105,25248.66179,25636.18321,227.521417,754.423 um_pwv,920.98 um_pwv,35,1.446 K,1.77755
20240105,30136.3282,31149.87759,613.549396,763.524 um_pwv,932.091 um_pwv,35,1.501 K,1.79905
20240105,31150.83866,32204.284,613.445346,770.12 um_pwv,940.143 um_pwv,35,1.504 K,1.81464
20240105,32205.24668,33218.69483,613.448149,774.186 um_pwv,945.106 um_pwv,35,1.515 K,1.82425
20240105,33219.65058,34233.10305,613.452474,778.719 um_pwv,950.64 um_pwv,35,1.521 K,1.83496
20240105,34234.05945,35247.50752,613.448071,780.054 um_pwv,952.27 um_pwv,35,1.52 K,1.83812
20240105,35248.46933,35635.9898,227.520467,776.405 um_pwv,947.816 um_pwv,35,1.477 K,1.8295
20240105,50136.15912,51149.73303,613.573912,768.438 um_pwv,938.09 um_pwv,35,1.574 K,1.81067
20240105,51150.68951,52204.13936,613.449851,767.528 um_pwv,936.979 um_pwv,35,1.631 K,1.80852
20240105,52205.10221,53218.54706,613.444844,763.901 um_pwv,932.551 um_pwv,35,1.567 K,1.79995
20240105,53219.50976,54232.95501,613.445245,761.53 um_pwv,929.656 um_pwv,35,1.613 K,1.79434
20240105,54233.91222,55247.36398,613.451757,762.714 um_pwv,931.102 um_pwv,35,1.613 K,1.79714
20240105,55248.32118,55635.84361,227.52243,763.178 um_pwv,931.668 um_pwv,35,1.558 K,1.79824
20240105,60135.94075,61149.49252,613.551766,767.498 um_pwv,936.942 um_pwv,35,1.582 K,1.80845
20240105,61150.44861,62203.89598,613.447378,771.249 um_pwv,941.522 um_pwv,35,1.564 K,1.81731
20240105,62204.85985,63218.30958,613.449731,779.919 um_pwv,952.105 um_pwv,35,1.541 K,1.8378
20240105,63219.26748,64232.71754,613.450063,789.34 um_pwv,963.606 um_pwv,35,1.551 K,1.86006
20240105,64233.68298,65247.12211,613.43913,795.547 um_pwv,971.184 um_pwv,35,1.538 K,1.87473
20240105,65248.08488,65635.60362,227.518746,800.617 um_pwv,977.373 um_pwv,35,1.486 K,1.88671
20240105,70135.76865,71149.34741,613.578762,806.709 um_pwv,984.81 um_pwv,35,1.511 K,1.90111
20240105,71150.30611,72203.75359,613.447479,807.642 um_pwv,985.949 um_pwv,35,1.512 K,1.90332
20240105,72204.71689,73218.15912,613.442227,809.11 um_pwv,987.741 um_pwv,35,1.484 K,1.90678
20240105,73219.12214,74232.5698,613.447657,807.543 um_pwv,985.828 um_pwv,35,1.494 K,1.90308
20240105,74233.5328,75246.97664,613.443834,809.27 um_pwv,987.936 um_pwv,35,1.484 K,1.90716
20240105,75247.93997,75635.45892,227.518948,809.589 um_pwv,988.326 um_pwv,35,1.459 K,1.90792
20240105,90136.52086,91150.06244,613.541577,820.492 um_pwv,1001.64 um_pwv,35,1.455 K,1.93368
20240105,91151.02349,92204.47082,613.447331,821.068 um_pwv,1002.34 um_pwv,35,1.389 K,1.93504
20240105,92205.43359,93218.87811,613.444519,825.54 um_pwv,1007.8 um_pwv,35,1.352 K,1.94561
20240105,93219.84084,94233.28782,613.446988,831.858 um_pwv,1015.51 um_pwv,35,1.318 K,1.96054
20240105,94234.24928,95247.69481,613.445532,834.687 um_pwv,1018.96 um_pwv,35,1.346 K,1.96723
20240105,95248.65676,95636.17698,227.520221,833.328 um_pwv,1017.31 um_pwv,35,1.277 K,1.96402
20240105,100136.321,101149.8724,613.551366,831.356 um_pwv,1014.9 um_pwv,35,1.332 K,1.95936
20240105,101150.833,102204.281,613.44805,830.085 um_pwv,1013.35 um_pwv,35,1.329 K,1.95635
20240105,102205.2371,103218.6891,613.451983,829.43 um_pwv,1012.55 um_pwv,35,1.355 K,1.9548
20240105,103219.6451,104233.0941,613.448942,829.143 um_pwv,1012.2 um_pwv,35,1.319 K,1.95413
20240105,104234.0568,105247.549,613.492206,830.506 um_pwv,1013.86 um_pwv,35,1.353 K,1.95735
20240105,105248.5121,105636.0327,227.520616,827.312 um_pwv,1009.96 um_pwv,35,1.264 K,1.9498
20240105,110136.1408,111149.6791,613.538336,824.093 um_pwv,1006.03 um_pwv,35,1.346 K,1.94219
20240105,111150.6404,112204.0883,613.447836,824.278 um_pwv,1006.26 um_pwv,35,1.325 K,1.94263
20240105,112205.0444,113218.4933,613.448957,827.794 um_pwv,1010.55 um_pwv,35,1.323 K,1.95094
20240105,113219.4552,114232.9047,613.449457,828.754 um_pwv,1011.72 um_pwv,35,1.288 K,1.95321
20240105,114233.8629,115247.3103,613.447374,827.896 um_pwv,1010.67 um_pwv,35,1.313 K,1.95118
20240105,115248.2732,115635.793,227.519856,824.683 um_pwv,1006.75 um_pwv,35,1.164 K,1.94358
20240105,130135.9549,131149.531,613.576077,850.649 um_pwv,1038.45 um_pwv,35,1.141 K,2.00495
20240105,131150.4935,132203.9423,613.448832,858.412 um_pwv,1047.93 um_pwv,35,1.132 K,2.02329
20240105,132204.9004,133218.3477,613.447249,859.419 um_pwv,1049.16 um_pwv,35,1.164 K,2.02567
20240105,133219.3106,134232.7586,613.447994,861.925 um_pwv,1052.22 um_pwv,35,1.16 K,2.0316
20240105,134233.7165,135247.1653,613.448846,865.71 um_pwv,1056.84 um_pwv,35,1.171 K,2.04054
20240105,135248.1226,135635.646,227.523411,868.932 um_pwv,1060.77 um_pwv,35,1.108 K,2.04815
20240105,140135.7445,141149.2942,613.549725,874.808 um_pwv,1067.94 um_pwv,35,1.161 K,2.06204
20240105,141150.2505,142203.7018,613.451292,879.886 um_pwv,1074.14 um_pwv,35,1.179 K,2.07404
20240105,142204.659,143218.11,613.451046,880.734 um_pwv,1075.18 um_pwv,35,1.198 K,2.07604
20240105,143219.0676,144232.5195,613.451907,881.963 um_pwv,1076.68 um_pwv,35,1.208 K,2.07895
20240105,144233.4782,145246.9264,613.448257,884.383 um_pwv,1079.63 um_pwv,35,1.253 K,2.08467
20240105,145247.8836,145635.4061,227.52244,882.9 um_pwv,1077.82 um_pwv,35,1.185 K,2.08116
20240105,150136.5608,151150.1058,613.544908,883.925 um_pwv,1079.07 um_pwv,35,1.191 K,2.08358
20240105,151151.0682,152204.5172,613.449017,880.929 um_pwv,1075.42 um_pwv,35,1.236 K,2.0765
20240105,152205.4751,153218.9239,613.448844,882.072 um_pwv,1076.81 um_pwv,35,1.252 K,2.0792
20240105,153219.8811,154233.3306,613.449427,881.267 um_pwv,1075.83 um_pwv,35,1.247 K,2.0773
20240105,154234.2936,155247.7402,613.44664,882.072 um_pwv,1076.81 um_pwv,35,1.274 K,2.0792
20240105,155248.6972,155636.2216,227.524465,884.983 um_pwv,1080.37 um_pwv,35,1.282 K,2.08608
20240105,170136.3688,171149.9121,613.543276,900.054 um_pwv,1098.76 um_pwv,35,1.292 K,2.1217
20240105,171150.8737,172204.321,613.447255,902.534 um_pwv,1101.79 um_pwv,35,1.323 K,2.12756
20240105,172205.2826,173218.7296,613.447047,904.029 um_pwv,1103.62 um_pwv,35,1.345 K,2.13109
20240105,173219.6913,174233.139,613.447694,905.67 um_pwv,1105.62 um_pwv,35,1.366 K,2.13497
20240105,174234.095,175247.547,613.45204,904.43 um_pwv,1104.11 um_pwv,35,1.387 K,2.13204
20240105,175248.5028,175636.0252,227.522326,901.866 um_pwv,1100.98 um_pwv,35,1.337 K,2.12598
20240105,180136.1888,181149.7711,613.582292,905.592 um_pwv,1105.52 um_pwv,35,1.412 K,2.13479
20240105,181150.7262,182204.1777,613.451481,910.546 um_pwv,1111.57 um_pwv,35,1.378 K,2.14649
20240105,182205.1346,183218.5846,613.449957,914.986 um_pwv,1116.99 um_pwv,35,1.358 K,2.15698
20240105,183219.5422,184232.9954,613.453206,917.519 um_pwv,1120.08 um_pwv,35,1.365 K,2.16297
20240105,184233.951,185247.4031,613.452074,919.197 um_pwv,1122.13 um_pwv,35,1.353 K,2.16694
20240105,185248.3591,185635.883,227.5239,917.995 um_pwv,1120.66 um_pwv,35,1.309 K,2.16409
20240105,190135.986,191149.5267,613.540776,920.446 um_pwv,1123.66 um_pwv,35,1.362 K,2.16989
20240105,191150.489,192203.9373,613.448382,919.118 um_pwv,1122.04 um_pwv,35,1.352 K,2.16675
20240105,192204.8942,193218.3451,613.450917,917.984 um_pwv,1120.65 um_pwv,35,1.382 K,2.16407
20240105,193219.3014,194232.7539,613.452459,919.242 um_pwv,1122.19 um_pwv,35,1.391 K,2.16704
20240105,194233.71,195247.1571,613.447183,924.888 um_pwv,1129.08 um_pwv,35,1.402 K,2.18038
20240105,195248.1205,195635.6402,227.519716,925.779 um_pwv,1130.17 um_pwv,35,1.309 K,2.18249
20240105,210135.7987,211149.3826,613.583961,943.326 um_pwv,1151.59 um_pwv,35,1.403 K,2.22395
20240105,211150.3387,212203.7907,613.451996,945.95 um_pwv,1154.79 um_pwv,35,1.409 K,2.23015
20240105,212204.7488,213218.1972,613.448471,947.504 um_pwv,1156.69 um_pwv,35,1.443 K,2.23383
20240105,213219.1541,214232.6035,613.44935,944.794 um_pwv,1153.38 um_pwv,35,1.443 K,2.22742
20240105,214233.5668,215250.2757,616.708878,942.15 um_pwv,1150.15 um_pwv,35,1.452 K,2.22118
20240105,215251.2393,215634.9176,223.678274,938.83 um_pwv,1146.1 um_pwv,35,1.446 K,2.21333
20240105,220136.5981,221150.1454,613.547229,939.386 um_pwv,1146.78 um_pwv,35,1.496 K,2.21464
20240105,221151.1078,222204.5575,613.44972,942.011 um_pwv,1149.98 um_pwv,35,1.514 K,2.22085
20240105,222205.5147,223218.9648,613.450036,942.22 um_pwv,1150.24 um_pwv,35,1.556 K,2.22134
20240105,223219.9218,224233.3751,613.45326,943.78 um_pwv,1152.14 um_pwv,35,1.56 K,2.22503
20240105,224234.3332,225247.7807,613.447423,944.619 um_pwv,1153.17 um_pwv,35,1.571 K,2.22701
20240105,225248.7385,225636.2616,227.523096,944.712 um_pwv,1153.28 um_pwv,35,1.558 K,2.22723
20240106,10136.26456,11149.80472,613.540158,961.135 um_pwv,1173.33 um_pwv,35,1.749 K,2.26604
20240106,11150.7666,12204.21519,613.448594,964.892 um_pwv,1177.92 um_pwv,35,1.772 K,2.27492
20240106,12205.17666,13218.62062,613.443953,968.269 um_pwv,1182.04 um_pwv,35,1.798 K,2.2829
20240106,13219.58339,14233.02859,613.445199,970.818 um_pwv,1185.15 um_pwv,35,1.823 K,2.28892
20240106,14233.99046,15247.43732,613.446864,970.986 um_pwv,1185.36 um_pwv,35,1.877 K,2.28932
20240106,15248.39984,15635.91958,227.519737,970.387 um_pwv,1184.62 um_pwv,35,1.883 K,2.2879
20240106,20136.08201,21149.66186,613.579841,974.312 um_pwv,1189.42 um_pwv,35,1.905 K,2.29718
20240106,21150.62343,22204.06759,613.444156,976.782 um_pwv,1192.43 um_pwv,35,1.891 K,2.30301
20240106,22205.0297,23218.47635,613.446647,978.58 um_pwv,1194.63 um_pwv,35,1.857 K,2.30726
20240106,23219.43814,24232.88566,613.447518,979.728 um_pwv,1196.03 um_pwv,35,1.9 K,2.30998
20240106,24233.84791,25247.29653,613.448615,980.116 um_pwv,1196.5 um_pwv,35,1.861 K,2.31089
20240106,25248.25292,25635.77643,227.523504,980.237 um_pwv,1196.65 um_pwv,35,1.905 K,2.31118
20240106,30135.87415,31149.41822,613.544069,983.631 um_pwv,1200.79 um_pwv,35,1.819 K,2.3192
20240106,31150.37956,32203.82828,613.448721,986.599 um_pwv,1204.41 um_pwv,35,1.815 K,2.32621
20240106,32204.79066,33218.23711,613.446444,985.88 um_pwv,1203.54 um_pwv,35,1.787 K,2.32451
20240106,33219.19865,34232.64639,613.447742,983.935 um_pwv,1201.16 um_pwv,35,1.768 K,2.31992
20240106,34233.60436,35247.05193,613.447571,983.825 um_pwv,1201.03 um_pwv,35,1.753 K,2.31966
20240106,35248.01402,35635.53321,227.519188,982.709 um_pwv,1199.67 um_pwv,35,1.706 K,2.31702
20240106,50135.68996,51149.22823,613.53827,983.291 um_pwv,1200.38 um_pwv,35,1.733 K,2.31839
20240106,51150.18484,52203.63251,613.447668,983.898 um_pwv,1201.12 um_pwv,35,1.717 K,2.31983
20240106,52204.59585,53218.04331,613.447457,984.166 um_pwv,1201.44 um_pwv,35,1.72 K,2.32046
20240106,53219.00054,54232.44811,613.447568,980.624 um_pwv,1197.12 um_pwv,35,1.74 K,2.31209
20240106,54233.41144,55246.85591,613.444466,977.216 um_pwv,1192.96 um_pwv,35,1.729 K,2.30404
20240106,55247.81892,55635.34028,227.521359,976.613 um_pwv,1192.22 um_pwv,35,1.708 K,2.30261
20240106,60136.49288,61150.04415,613.551272,972.93 um_pwv,1187.73 um_pwv,35,1.72 K,2.29391
20240106,61151.00016,62204.45075,613.45059,968.52 um_pwv,1182.34 um_pwv,35,1.706 K,2.28349
20240106,62205.40765,63218.85948,613.451829,963.154 um_pwv,1175.79 um_pwv,35,1.703 K,2.27081
20240106,63219.81757,64233.26773,613.450161,957.393 um_pwv,1168.76 um_pwv,35,1.709 K,2.25719
20240106,64234.22639,65247.67576,613.449372,949.272 um_pwv,1158.85 um_pwv,35,1.676 K,2.238
20240106,65248.63601,65636.15353,227.517518,944.083 um_pwv,1152.51 um_pwv,35,1.645 K,2.22574
20240106,70136.29928,71149.84656,613.547272,939.804 um_pwv,1147.29 um_pwv,35,1.685 K,2.21563
20240106,71150.80913,72204.2586,613.44947,934.424 um_pwv,1140.72 um_pwv,35,1.671 K,2.20292
20240106,72205.21643,73218.66239,613.445956,928.457 um_pwv,1133.44 um_pwv,35,1.688 K,2.18882
20240106,73219.62624,74233.07331,613.447073,923.952 um_pwv,1127.94 um_pwv,35,1.701 K,2.17817
20240106,74234.03023,75247.47863,613.448406,922.744 um_pwv,1126.46 um_pwv,35,1.692 K,2.17532
20240106,75248.44129,75635.96244,227.521154,919.231 um_pwv,1122.17 um_pwv,35,1.687 K,2.16702
20240106,90136.12392,91149.7023,613.578375,899.132 um_pwv,1097.64 um_pwv,35,1.645 K,2.11952
20240106,91150.66337,92204.11144,613.448067,895.764 um_pwv,1093.53 um_pwv,35,1.663 K,2.11156
20240106,92205.07383,93218.51793,613.444093,892.454 um_pwv,1089.48 um_pwv,35,1.616 K,2.10374
20240106,93219.48039,94232.92874,613.448351,886.481 um_pwv,1082.19 um_pwv,35,1.662 K,2.08962
20240106,94233.88506,95247.33378,613.448717,881.462 um_pwv,1076.07 um_pwv,35,1.67 K,2.07776
20240106,95248.29651,95635.81634,227.519831,879.246 um_pwv,1073.36 um_pwv,35,1.635 K,2.07253
20240106,100135.8869,101149.461,613.574155,875.693 um_pwv,1069.02 um_pwv,35,1.649 K,2.06413
20240106,101150.423,102203.8694,613.446411,873.513 um_pwv,1066.36 um_pwv,35,1.6 K,2.05898
20240106,102204.8318,103218.2768,613.44502,871.51 um_pwv,1063.92 um_pwv,35,1.611 K,2.05425
20240106,103219.2396,104232.6887,613.449053,869.19 um_pwv,1061.08 um_pwv,35,1.626 K,2.04876
20240106,104233.6457,105247.0954,613.44975,864.717 um_pwv,1055.62 um_pwv,35,1.597 K,2.03819
20240106,105248.0515,105635.5747,227.523222,861.713 um_pwv,1051.96 um_pwv,35,1.604 K,2.03109
20240106,110135.6475,111149.2204,613.572955,863.97 um_pwv,1054.71 um_pwv,35,1.638 K,2.03643
20240106,111150.1824,112203.6313,613.448857,867.582 um_pwv,1059.12 um_pwv,35,1.61 K,2.04496
20240106,112204.588,113218.0378,613.449794,869.361 um_pwv,1061.29 um_pwv,35,1.645 K,2.04917
20240106,113218.9996,114232.4467,613.447057,867.818 um_pwv,1059.41 um_pwv,35,1.647 K,2.04552
20240106,114233.4025,115246.8548,613.452267,869.404 um_pwv,1061.35 um_pwv,35,1.634 K,2.04927
20240106,115247.8115,115635.3356,227.524093,869.447 um_pwv,1061.4 um_pwv,35,1.608 K,2.04937
20240106,130136.4095,131149.9902,613.580718,870.865 um_pwv,1063.13 um_pwv,35,1.607 K,2.05272
20240106,131150.9474,132204.3981,613.450677,866.811 um_pwv,1058.18 um_pwv,35,1.663 K,2.04314
20240106,132205.3561,133218.8053,613.449257,862.287 um_pwv,1052.66 um_pwv,35,1.628 K,2.03245
20240106,133219.7631,134233.212,613.448863,859.164 um_pwv,1048.85 um_pwv,35,1.645 K,2.02507
20240106,134234.1689,135247.6207,613.451803,857.406 um_pwv,1046.7 um_pwv,35,1.639 K,2.02091
20240106,135248.5777,135636.1005,227.52282,854.657 um_pwv,1043.34 um_pwv,35,1.641 K,2.01442
20240106,140136.1584,141149.6988,613.540368,854.047 um_pwv,1042.6 um_pwv,35,1.619 K,2.01298
20240106,141150.6606,142204.1087,613.448063,853.951 um_pwv,1042.48 um_pwv,35,1.63 K,2.01275
20240106,142205.0671,143218.5139,613.446791,853.308 um_pwv,1041.7 um_pwv,35,1.634 K,2.01123
20240106,143219.4769,144232.9197,613.442816,855.163 um_pwv,1043.96 um_pwv,35,1.617 K,2.01562
20240106,144233.8834,145247.3328,613.449354,853.603 um_pwv,1042.06 um_pwv,35,1.608 K,2.01193
20240106,145248.2906,145635.8112,227.520547,851.078 um_pwv,1038.97 um_pwv,35,1.604 K,2.00596
20240106,150135.9555,151149.5069,613.551432,853.193 um_pwv,1041.56 um_pwv,35,1.597 K,2.01096
20240106,151150.463,152203.9119,613.448847,852.772 um_pwv,1041.04 um_pwv,35,1.571 K,2.00996
20240106,152204.8754,153218.3226,613.447159,850.807 um_pwv,1038.64 um_pwv,35,1.552 K,2.00532
20240106,153219.2797,154232.7324,613.452723,847.765 um_pwv,1034.93 um_pwv,35,1.563 K,1.99813
20240106,154233.6917,155247.1403,613.448564,844.489 um_pwv,1030.93 um_pwv,35,1.555 K,1.99039
20240106,155248.0997,155635.6176,227.517969,843.674 um_pwv,1029.94 um_pwv,35,1.581 K,1.98846
20240106,170135.7847,171149.3573,613.572555,867.539 um_pwv,1059.07 um_pwv,35,1.512 K,2.04486
20240106,171150.3183,172203.7707,613.452457,870.199 um_pwv,1062.32 um_pwv,35,1.525 K,2.05115
20240106,172204.7268,173218.1767,613.449883,872.715 um_pwv,1065.39 um_pwv,35,1.52 K,2.05709
20240106,173219.1387,174232.5854,613.446684,870.199 um_pwv,1062.32 um_pwv,35,1.56 K,2.05115
20240106,174233.5419,175246.9897,613.447841,874.084 um_pwv,1067.06 um_pwv,35,1.551 K,2.06033
20240106,175247.9523,175635.4732,227.520926,876.991 um_pwv,1070.61 um_pwv,35,1.53 K,2.0672
20240106,180136.5762,181150.1267,613.550489,878.031 um_pwv,1071.88 um_pwv,35,1.59 K,2.06966
20240106,181151.0884,182204.537,613.448571,875.802 um_pwv,1069.16 um_pwv,35,1.618 K,2.06439
20240106,182205.4931,183218.9441,613.450995,871.704 um_pwv,1064.15 um_pwv,35,1.629 K,2.0547
20240106,183219.9007,184233.3504,613.449746,869.801 um_pwv,1061.83 um_pwv,35,1.659 K,2.05021
20240106,184234.3132,185247.7594,613.446213,869.522 um_pwv,1061.49 um_pwv,35,1.635 K,2.04955
20240106,185248.7212,185636.2417,227.520575,869.855 um_pwv,1061.9 um_pwv,35,1.645 K,2.05033
20240106,190136.3858,191149.9356,613.549799,870.876 um_pwv,1063.14 um_pwv,35,1.651 K,2.05275
20240106,191150.8963,192204.3398,613.44351,866.683 um_pwv,1058.02 um_pwv,35,1.637 K,2.04284
20240106,192205.3022,193218.7491,613.44692,863.16 um_pwv,1053.72 um_pwv,35,1.667 K,2.03451
20240106,193219.7109,194233.1584,613.447494,857.554 um_pwv,1046.88 um_pwv,35,1.654 K,2.02126
20240106,194234.1199,195247.5663,613.446438,857.893 um_pwv,1047.29 um_pwv,35,1.661 K,2.02207
20240106,195248.5278,195636.0481,227.520261,858.253 um_pwv,1047.73 um_pwv,35,1.645 K,2.02292
20240106,210136.2038,211149.7409,613.537038,870.199 um_pwv,1062.32 um_pwv,35,1.64 K,2.05115
20240106,211150.7027,212204.15,613.447257,870.865 um_pwv,1063.13 um_pwv,35,1.655 K,2.05272
20240106,212205.108,213218.5566,613.44862,870.36 um_pwv,1062.51 um_pwv,35,1.656 K,2.05153
20240106,213219.5166,214232.9669,613.450352,873.685 um_pwv,1066.57 um_pwv,35,1.652 K,2.05939
20240106,214233.9244,215247.3724,613.447991,876.526 um_pwv,1070.04 um_pwv,35,1.632 K,2.0661
20240106,215248.3293,215635.8518,227.522493,874.959 um_pwv,1068.13 um_pwv,35,1.681 K,2.0624
20240106,220136.0459,221149.5928,613.546933,875.802 um_pwv,1069.16 um_pwv,35,1.649 K,2.06439
20240106,221150.5559,222204.0003,613.444441,875.564 um_pwv,1068.87 um_pwv,35,1.623 K,2.06382
20240106,222204.964,223218.4124,613.448423,877.771 um_pwv,1071.56 um_pwv,35,1.635 K,2.06904
20240106,223219.3694,224232.8202,613.450881,879.962 um_pwv,1074.24 um_pwv,35,1.646 K,2.07422
20240106,224233.7772,225247.2281,613.450907,879.181 um_pwv,1073.28 um_pwv,35,1.633 K,2.07237
20240106,225248.1868,225635.7065,227.519645,877.619 um_pwv,1071.38 um_pwv,35,1.634 K,2.06868
20240107,10135.80012,11149.35093,613.550803,877.836 um_pwv,1071.64 um_pwv,35,1.678 K,2.06919
20240107,11150.31168,12203.76035,613.448662,880.397 um_pwv,1074.77 um_pwv,35,1.661 K,2.07525
20240107,12204.71777,13218.16602,613.448248,884.23 um_pwv,1079.45 um_pwv,35,1.703 K,2.0843
20240107,13219.12753,14232.5759,613.448373,888.365 um_pwv,1084.49 um_pwv,35,1.682 K,2.09408
20240107,14233.5317,15246.98399,613.452286,895.057 um_pwv,1092.66 um_pwv,35,1.694 K,2.10989
20240107,15247.93975,15635.46216,227.522402,895.831 um_pwv,1093.61 um_pwv,35,1.687 K,2.11172
20240107,20135.65584,21149.20474,613.548898,902.312 um_pwv,1101.52 um_pwv,35,1.723 K,2.12703
20240107,21150.16633,22203.61209,613.445763,905.19 um_pwv,1105.03 um_pwv,35,1.724 K,2.13383
20240107,22204.57026,23218.02285,613.452586,909.042 um_pwv,1109.73 um_pwv,35,1.709 K,2.14294
20240107,23218.97852,24232.42696,613.448443,908.952 um_pwv,1109.63 um_pwv,35,1.69 K,2.14273
20240107,24233.3889,25246.83634,613.447443,911.604 um_pwv,1112.86 um_pwv,35,1.71 K,2.14899
20240107,25247.79965,25635.31964,227.519992,912.211 um_pwv,1113.6 um_pwv,35,1.745 K,2.15043
20240107,30136.47243,31150.0228,613.550369,912.73 um_pwv,1114.24 um_pwv,35,1.727 K,2.15165
20240107,31150.98411,32204.43302,613.448908,915.291 um_pwv,1117.36 um_pwv,35,1.739 K,2.1577
20240107,32205.38917,33218.84082,613.451647,922.858 um_pwv,1126.6 um_pwv,35,1.734 K,2.17559
20240107,33219.79663,34233.24666,613.450034,927.724 um_pwv,1132.54 um_pwv,35,1.729 K,2.18708
20240107,34234.21059,35247.65667,613.446082,929.558 um_pwv,1134.78 um_pwv,35,1.74 K,2.19142
20240107,35248.6128,35636.13713,227.524331,928.984 um_pwv,1134.08 um_pwv,35,1.744 K,2.19006
20240107,50136.32324,51149.87209,613.548851,943.64 um_pwv,1151.97 um_pwv,35,1.652 K,2.2247
20240107,51150.83571,52204.28384,613.448132,942.127 um_pwv,1150.12 um_pwv,35,1.652 K,2.22112
20240107,52205.24109,53218.69161,613.450524,942.546 um_pwv,1150.64 um_pwv,35,1.652 K,2.22211
20240107,53219.6497,54233.09968,613.449986,939.815 um_pwv,1147.3 um_pwv,35,1.645 K,2.21566
20240107,54234.05686,55247.50731,613.450447,936.862 um_pwv,1143.7 um_pwv,35,1.636 K,2.20868
20240107,55248.46571,55635.9862,227.52049,934.309 um_pwv,1140.58 um_pwv,35,1.596 K,2.20265
20240107,60136.14429,61149.68226,613.537977,933.41 um_pwv,1139.48 um_pwv,35,1.615 K,2.20052
20240107,61150.63918,62204.08949,613.450318,930.591 um_pwv,1136.04 um_pwv,35,1.623 K,2.19386
20240107,62205.047,63218.49283,613.445831,927.93 um_pwv,1132.79 um_pwv,35,1.578 K,2.18757
20240107,63219.45617,64232.90368,613.447511,925.939 um_pwv,1130.36 um_pwv,35,1.599 K,2.18287
20240107,64233.86059,65247.30876,613.448174,924.317 um_pwv,1128.38 um_pwv,35,1.593 K,2.17903
20240107,65248.27152,65635.7921,227.520574,920.264 um_pwv,1123.44 um_pwv,35,1.549 K,2.16946
20240107,70135.95826,71149.53664,613.578379,921.264 um_pwv,1124.66 um_pwv,35,1.553 K,2.17182
20240107,71150.49536,72203.94388,613.448515,920.514 um_pwv,1123.74 um_pwv,35,1.576 K,2.17005
20240107,72204.90108,73218.34995,613.448878,921.128 um_pwv,1124.49 um_pwv,35,1.55 K,2.1715
20240107,73219.30757,74232.75935,613.451783,922.084 um_pwv,1125.66 um_pwv,35,1.536 K,2.17376
20240107,74233.71627,75247.16481,613.448538,922.038 um_pwv,1125.6 um_pwv,35,1.527 K,2.17365
20240107,75248.12814,75635.64744,227.519297,918.108 um_pwv,1120.8 um_pwv,35,1.519 K,2.16436
20240107,90135.80242,91149.33882,613.536398,909.648 um_pwv,1110.47 um_pwv,35,1.438 K,2.14437
20240107,91150.29984,92203.74682,613.446978,906.174 um_pwv,1106.23 um_pwv,35,1.443 K,2.13616
20240107,92204.70868,93218.15357,613.444886,902.156 um_pwv,1101.33 um_pwv,35,1.447 K,2.12667
20240107,93219.11574,94232.56419,613.44845,902.022 um_pwv,1101.17 um_pwv,35,1.457 K,2.12635
20240107,94233.52571,95246.97419,613.448476,902.134 um_pwv,1101.3 um_pwv,35,1.437 K,2.12661
20240107,95247.93029,95635.45319,227.522894,900.598 um_pwv,1099.43 um_pwv,35,1.45 K,2.12298
20240107,100135.6036,101149.1449,613.541269,906.487 um_pwv,1106.62 um_pwv,35,1.437 K,2.1369
20240107,101150.1059,102203.5578,613.45193,905.48 um_pwv,1105.39 um_pwv,35,1.444 K,2.13452
20240107,102204.5145,103217.9623,613.447879,905.995 um_pwv,1106.02 um_pwv,35,1.448 K,2.13574
20240107,103218.9245,104232.3738,613.449293,909.378 um_pwv,1110.15 um_pwv,35,1.443 K,2.14373
20240107,104233.3305,105246.7779,613.447407,911.739 um_pwv,1113.03 um_pwv,35,1.463 K,2.14931
20240107,105247.7398,105635.2616,227.521838,909.401 um_pwv,1110.17 um_pwv,35,1.41 K,2.14379
20240107,110136.4138,111149.9637,613.549829,907.752 um_pwv,1108.16 um_pwv,35,1.478 K,2.13989
20240107,111150.9244,112204.3708,613.446406,907.943 um_pwv,1108.39 um_pwv,35,1.459 K,2.14034
20240107,112205.3326,113218.7755,613.442949,908.526 um_pwv,1109.1 um_pwv,35,1.436 K,2.14172
20240107,113219.7382,114233.1894,613.451128,912.302 um_pwv,1113.71 um_pwv,35,1.441 K,2.15064
20240107,114234.1454,115247.5934,613.44799,912.932 um_pwv,1114.48 um_pwv,35,1.44 K,2.15213
20240107,115248.5562,115636.0758,227.519621,910.479 um_pwv,1111.49 um_pwv,35,1.38 K,2.14633
20240107,130136.2674,131149.8174,613.550006,921.606 um_pwv,1125.07 um_pwv,35,1.345 K,2.17263
20240107,131150.7792,132204.2255,613.446266,924.226 um_pwv,1128.27 um_pwv,35,1.383 K,2.17882
20240107,132205.1824,133218.6342,613.451811,920.923 um_pwv,1124.24 um_pwv,35,1.422 K,2.17101
20240107,133219.5918,134233.0403,613.448534,918.766 um_pwv,1121.61 um_pwv,35,1.436 K,2.16592
20240107,134234.0031,135247.4506,613.447514,919.946 um_pwv,1123.05 um_pwv,35,1.402 K,2.16871
20240107,135248.4091,135635.9299,227.520833,917.519 um_pwv,1120.08 um_pwv,35,1.415 K,2.16297
20240107,140136.0496,141149.6255,613.575903,923.724 um_pwv,1127.66 um_pwv,35,1.417 K,2.17763
20240107,141150.5822,142204.0326,613.450406,927.357 um_pwv,1132.09 um_pwv,35,1.406 K,2.18622
20240107,142204.9896,143218.4416,613.451995,926.945 um_pwv,1131.59 um_pwv,35,1.405 K,2.18525
20240107,143219.4,144232.8486,613.448602,923.701 um_pwv,1127.63 um_pwv,35,1.403 K,2.17758
20240107,144233.8056,145247.2558,613.45018,928.709 um_pwv,1133.74 um_pwv,35,1.402 K,2.18941
20240107,145248.213,145635.7368,227.523802,925.779 um_pwv,1130.17 um_pwv,35,1.385 K,2.18249
20240107,150135.8561,151149.427,613.57089,924.614 um_pwv,1128.75 um_pwv,35,1.442 K,2.17974
20240107,151150.3909,152203.8397,613.448819,929.122 um_pwv,1134.25 um_pwv,35,1.436 K,2.19039
20240107,152204.7971,153218.2472,613.450089,938.297 um_pwv,1145.45 um_pwv,35,1.456 K,2.21207
20240107,153219.2043,154232.6525,613.448231,944.269 um_pwv,1152.74 um_pwv,35,1.45 K,2.22618
20240107,154233.6159,155247.0636,613.447722,943.943 um_pwv,1152.34 um_pwv,35,1.468 K,2.22541
20240107,155248.0205,155635.5422,227.521715,945.179 um_pwv,1153.85 um_pwv,35,1.425 K,2.22833
20240107,170135.6106,171149.1871,613.576541,962.251 um_pwv,1174.69 um_pwv,35,1.468 K,2.26867
20240107,171150.1481,172203.5982,613.450139,967.325 um_pwv,1180.89 um_pwv,35,1.471 K,2.28067
20240107,172204.5545,173218.0089,613.454335,964.677 um_pwv,1177.65 um_pwv,35,1.475 K,2.27441
20240107,173218.9651,174232.4128,613.447681,964.023 um_pwv,1176.85 um_pwv,35,1.48 K,2.27286
20240107,174233.3693,175246.8174,613.448154,963.677 um_pwv,1176.43 um_pwv,35,1.469 K,2.27205
20240107,175247.7805,175635.3013,227.520811,961.396 um_pwv,1173.65 um_pwv,35,1.494 K,2.26665
20240107,180136.4061,181149.9553,613.549256,963.297 um_pwv,1175.97 um_pwv,35,1.487 K,2.27115
20240107,181150.9163,182204.3615,613.445202,963.368 um_pwv,1176.06 um_pwv,35,1.483 K,2.27132
20240107,182205.3242,183218.7727,613.448529,959.049 um_pwv,1170.78 um_pwv,35,1.488 K,2.26111
20240107,183219.7284,184233.1785,613.450118,956.4 um_pwv,1167.55 um_pwv,35,1.474 K,2.25485
20240107,184234.1406,185247.5856,613.444927,954.772 um_pwv,1165.56 um_pwv,35,1.467 K,2.251
20240107,185248.5484,185636.0671,227.518742,947.96 um_pwv,1157.25 um_pwv,35,1.51 K,2.23491
20240107,190136.2115,191149.7614,613.549922,950.128 um_pwv,1159.89 um_pwv,35,1.507 K,2.24003
20240107,191150.7226,192204.169,613.446391,949.835 um_pwv,1159.53 um_pwv,35,1.481 K,2.23933
20240107,192205.1308,193218.5866,613.455772,949.037 um_pwv,1158.56 um_pwv,35,1.485 K,2.23745
20240107,193219.5378,194232.9838,613.446001,951.572 um_pwv,1161.65 um_pwv,35,1.499 K,2.24344
20240107,194233.9466,195247.3934,613.44689,953.1 um_pwv,1163.52 um_pwv,35,1.495 K,2.24705
20240107,195248.3554,195635.873,227.51762,948.733 um_pwv,1158.19 um_pwv,35,1.491 K,2.23673
20240107,210136.0162,211149.5678,613.551549,952.794 um_pwv,1163.15 um_pwv,35,1.512 K,2.24633
20240107,211150.5247,212203.9717,613.447009,953.076 um_pwv,1163.49 um_pwv,35,1.524 K,2.247
20240107,212204.935,213219.2436,614.308561,955.409 um_pwv,1166.34 um_pwv,35,1.506 K,2.25251
20240107,213220.2076,214233.6551,613.447535,957.345 um_pwv,1168.7 um_pwv,35,1.522 K,2.25708
20240107,214234.6123,215248.062,613.449689,956.518 um_pwv,1167.69 um_pwv,35,1.495 K,2.25513
20240107,215249.0189,215635.583,226.564059,953.218 um_pwv,1163.66 um_pwv,35,1.54 K,2.24733
20240107,220135.8209,221149.3689,613.547942,956.778 um_pwv,1168.01 um_pwv,35,1.517 K,2.25574
20240107,221150.3314,222203.7813,613.449934,954.772 um_pwv,1165.56 um_pwv,35,1.516 K,2.251
20240107,222204.7382,223218.1888,613.45059,952.665 um_pwv,1162.99 um_pwv,35,1.537 K,2.24602
20240107,223219.1463,224232.5921,613.445792,954.442 um_pwv,1165.16 um_pwv,35,1.516 K,2.25022
20240107,224233.5561,225247.0007,613.44467,952.347 um_pwv,1162.6 um_pwv,35,1.536 K,2.24527
20240107,225247.9647,225635.4846,227.519919,954.56 um_pwv,1165.3 um_pwv,35,1.514 K,2.2505
20240108,10136.44113,11149.9933,613.552177,933.087 um_pwv,1139.09 um_pwv,35,1.53 K,2.19976
20240108,11150.94855,12204.39873,613.450187,936.075 um_pwv,1142.74 um_pwv,35,1.547 K,2.20682
20240108,12205.36026,13218.81558,613.455319,936.307 um_pwv,1143.02 um_pwv,35,1.511 K,2.20737
20240108,13219.76617,14233.21658,613.45041,939.665 um_pwv,1147.12 um_pwv,35,1.508 K,2.2153
20240108,14234.1782,15247.62431,613.446112,939.734 um_pwv,1147.2 um_pwv,35,1.513 K,2.21547
20240108,15248.58664,15636.10638,227.519738,937.232 um_pwv,1144.15 um_pwv,35,1.496 K,2.20955
20240108,20136.2484,21149.80053,613.552123,948.569 um_pwv,1157.99 um_pwv,35,1.506 K,2.23634
20240108,21150.76126,22204.20599,613.444731,952.959 um_pwv,1163.35 um_pwv,35,1.505 K,2.24672
20240108,22205.16774,23218.6135,613.445764,955.397 um_pwv,1166.32 um_pwv,35,1.5 K,2.25248
20240108,23219.57567,24233.02532,613.449646,955.374 um_pwv,1166.3 um_pwv,35,1.492 K,2.25242
20240108,24233.98234,25247.43162,613.449286,956.719 um_pwv,1167.94 um_pwv,35,1.472 K,2.2556
20240108,25248.39329,25635.91102,227.517725,955.55 um_pwv,1166.51 um_pwv,35,1.426 K,2.25284
20240108,30136.02889,31149.60424,613.57535,956.554 um_pwv,1167.74 um_pwv,35,1.427 K,2.25521
20240108,31150.56534,32204.01117,613.445822,956.459 um_pwv,1167.62 um_pwv,35,1.398 K,2.25499
20240108,32204.97375,33218.4206,613.446852,955.055 um_pwv,1165.91 um_pwv,35,1.379 K,2.25167
20240108,33219.38386,34232.83102,613.447158,951.125 um_pwv,1161.11 um_pwv,35,1.336 K,2.24238
20240108,34233.79261,35247.2376,613.444986,949.6 um_pwv,1159.25 um_pwv,35,1.315 K,2.23878
20240108,35248.19912,35635.71898,227.519856,948.007 um_pwv,1157.3 um_pwv,35,1.331 K,2.23502
20240108,50135.81116,51149.35972,613.548555,946.487 um_pwv,1155.45 um_pwv,35,1.255 K,2.23142
20240108,51150.32277,52203.77059,613.447823,949.741 um_pwv,1159.42 um_pwv,35,1.269 K,2.23911
20240108,52204.72758,53218.1791,613.451519,950.022 um_pwv,1159.76 um_pwv,35,1.269 K,2.23978
20240108,53219.13608,54232.5882,613.452126,948.991 um_pwv,1158.5 um_pwv,35,1.284 K,2.23734
20240108,54233.54578,55246.99237,613.446597,948.077 um_pwv,1157.39 um_pwv,35,1.333 K,2.23518
20240108,55247.95543,55635.47426,227.518825,943.477 um_pwv,1151.77 um_pwv,35,1.336 K,2.22431
20240108,60135.61867,61149.16982,613.551152,942.08 um_pwv,1150.07 um_pwv,35,1.322 K,2.22101
20240108,61150.13176,62203.57601,613.44425,940.686 um_pwv,1148.37 um_pwv,35,1.311 K,2.21772
20240108,62204.53877,63217.98349,613.444718,938.83 um_pwv,1146.1 um_pwv,35,1.341 K,2.21333
20240108,63218.94675,64232.39271,613.445954,938.285 um_pwv,1145.43 um_pwv,35,1.307 K,2.21204
20240108,64233.35543,65246.80004,613.444612,938.343 um_pwv,1145.51 um_pwv,35,1.299 K,2.21218
20240108,65247.76282,65635.28084,227.51802,937.139 um_pwv,1144.04 um_pwv,35,1.288 K,2.20933
20240108,70136.435,71149.98669,613.55169,942.488 um_pwv,1150.56 um_pwv,35,1.348 K,2.22197
20240108,71150.94373,72204.39221,613.448481,941.011 um_pwv,1148.76 um_pwv,35,1.327 K,2.21848
20240108,72205.34977,73218.80215,613.452383,939.154 um_pwv,1146.5 um_pwv,35,1.316 K,2.2141
20240108,73219.76152,74233.2104,613.448881,936.63 um_pwv,1143.41 um_pwv,35,1.313 K,2.20813
20240108,74234.16975,75247.61486,613.445111,935.521 um_pwv,1142.06 um_pwv,35,1.288 K,2.20551
20240108,75248.57752,75636.0958,227.518287,934.367 um_pwv,1140.65 um_pwv,35,1.274 K,2.20278
20240108,90136.21006,91149.78857,613.578514,920.696 um_pwv,1123.96 um_pwv,35,1.276 K,2.17048
20240108,91150.75052,92204.19408,613.443566,918.63 um_pwv,1121.44 um_pwv,35,1.288 K,2.16559
20240108,92205.15611,93218.60781,613.451699,914.986 um_pwv,1116.99 um_pwv,35,1.303 K,2.15698
20240108,93219.56406,94233.01038,613.446317,917.27 um_pwv,1119.78 um_pwv,35,1.235 K,2.16238
20240108,94233.97222,95247.42123,613.449014,914.669 um_pwv,1116.61 um_pwv,35,1.238 K,2.15624
20240108,95248.38259,95635.90142,227.518831,912.865 um_pwv,1114.4 um_pwv,35,1.301 K,2.15197
20240108,100135.9979,101149.5476,613.549739,912.617 um_pwv,1114.1 um_pwv,35,1.272 K,2.15139
20240108,101150.5097,102203.9538,613.444085,904.609 um_pwv,1104.32 um_pwv,35,1.274 K,2.13246
20240108,102204.9169,103218.3626,613.445678,901.922 um_pwv,1101.04 um_pwv,35,1.246 K,2.12611
20240108,103219.325,104232.7699,613.4449,901.076 um_pwv,1100.01 um_pwv,35,1.275 K,2.12411
20240108,104233.7324,105247.1839,613.451554,904.52 um_pwv,1104.21 um_pwv,35,1.254 K,2.13225
20240108,105248.14,105635.662,227.521997,903.783 um_pwv,1103.32 um_pwv,35,1.249 K,2.13051
20240108,110135.8255,111149.4051,613.579664,907.226 um_pwv,1107.52 um_pwv,35,1.29 K,2.13865
20240108,111150.3661,112203.8138,613.447643,905.849 um_pwv,1105.84 um_pwv,35,1.268 K,2.13539
20240108,112204.7708,113218.2217,613.450829,904.676 um_pwv,1104.41 um_pwv,35,1.256 K,2.13262
20240108,113219.1774,114232.6285,613.451109,901.71 um_pwv,1100.79 um_pwv,35,1.275 K,2.12561
20240108,114233.5903,115247.036,613.445694,899.909 um_pwv,1098.59 um_pwv,35,1.252 K,2.12136
20240108,115247.9982,115635.5174,227.519213,898.466 um_pwv,1096.82 um_pwv,35,1.267 K,2.11795
20240108,130135.6323,131149.2114,613.579121,917.814 um_pwv,1120.44 um_pwv,35,1.243 K,2.16367
20240108,131150.1678,132203.6152,613.447396,919.969 um_pwv,1123.07 um_pwv,35,1.25 K,2.16876
20240108,132204.5797,133218.0274,613.447722,921.867 um_pwv,1125.39 um_pwv,35,1.257 K,2.17325
20240108,133218.9853,134232.4332,613.447955,920.56 um_pwv,1123.8 um_pwv,35,1.258 K,2.17016
20240108,134233.3902,135246.8392,613.448993,914.139 um_pwv,1115.96 um_pwv,35,1.27 K,2.15498
20240108,135247.8026,135635.3218,227.519287,909.917 um_pwv,1110.8 um_pwv,35,1.255 K,2.14501
20240108,140136.4275,141149.9781,613.550575,912.549 um_pwv,1114.02 um_pwv,35,1.252 K,2.15123
20240108,141150.9379,142204.3832,613.445368,904.52 um_pwv,1104.21 um_pwv,35,1.247 K,2.13225
20240108,142205.3469,143218.7946,613.447701,897.17 um_pwv,1095.24 um_pwv,35,1.238 K,2.11488
20240108,143219.7542,144233.2007,613.446419,895.079 um_pwv,1092.69 um_pwv,35,1.249 K,2.10994
20240108,144234.1582,145247.6107,613.452509,897.125 um_pwv,1095.19 um_pwv,35,1.246 K,2.11478
20240108,145248.5699,145636.0891,227.519242,892.035 um_pwv,1088.97 um_pwv,35,1.223 K,2.10275
20240108,150136.2346,151149.7856,613.551054,887.083 um_pwv,1082.93 um_pwv,35,1.268 K,2.09105
20240108,151150.742,152204.1944,613.452472,877.089 um_pwv,1070.73 um_pwv,35,1.29 K,2.06743
20240108,152205.1535,153218.6038,613.45033,869.415 um_pwv,1061.36 um_pwv,35,1.316 K,2.04929
20240108,153219.5623,154233.0109,613.448562,869.63 um_pwv,1061.62 um_pwv,35,1.275 K,2.0498
20240108,154233.9693,155247.4155,613.446272,868.482 um_pwv,1060.22 um_pwv,35,1.277 K,2.04709
20240108,155248.3786,155635.8972,227.518566,863.107 um_pwv,1053.66 um_pwv,35,1.238 K,2.03439
20240108,170136.0882,171149.6386,613.550461,836.408 um_pwv,1021.07 um_pwv,35,1.448 K,1.97129
20240108,171150.5999,172204.0467,613.446834,832.917 um_pwv,1016.8 um_pwv,35,1.449 K,1.96304
20240108,172205.0082,173218.4541,613.445863,830.506 um_pwv,1013.86 um_pwv,35,1.467 K,1.95735
20240108,173219.4164,174232.8634,613.446977,825.355 um_pwv,1007.57 um_pwv,35,1.467 K,1.94517
20240108,174233.8252,175247.2694,613.444186,834.646 um_pwv,1018.91 um_pwv,35,1.46 K,1.96713
20240108,175248.2316,175635.7526,227.521007,844.739 um_pwv,1031.24 um_pwv,35,1.451 K,1.99098
20240108,180135.8957,181149.4472,613.551548,849.527 um_pwv,1037.08 um_pwv,35,1.474 K,2.0023
20240108,181150.408,182203.8557,613.447763,854.987 um_pwv,1043.75 um_pwv,35,1.473 K,2.0152
20240108,182204.8128,183218.2646,613.451806,869.909 um_pwv,1061.96 um_pwv,35,1.463 K,2.05046
20240108,183219.2215,184232.6676,613.446064,875.445 um_pwv,1068.72 um_pwv,35,1.456 K,2.06354
20240108,184233.629,185247.0776,613.448619,879.17 um_pwv,1073.27 um_pwv,35,1.437 K,2.07235
20240108,185248.0404,185635.5597,227.519293,875.045 um_pwv,1068.23 um_pwv,35,1.41 K,2.0626
20240108,190135.7291,191149.302,613.572926,873.534 um_pwv,1066.39 um_pwv,35,1.445 K,2.05903
20240108,191150.2631,192203.7122,613.449161,871.843 um_pwv,1064.32 um_pwv,35,1.435 K,2.05503
20240108,192204.6691,193218.12,613.450849,856.656 um_pwv,1045.78 um_pwv,35,1.482 K,2.01914
20240108,193219.0757,194232.5275,613.451791,835.305 um_pwv,1019.72 um_pwv,35,1.532 K,1.96869
20240108,194233.4844,195246.9368,613.452412,813.363 um_pwv,992.933 um_pwv,35,1.625 K,1.91683
20240108,195247.8935,195635.4145,227.521053,805.464 um_pwv,983.29 um_pwv,35,1.588 K,1.89817
20240108,210136.5664,211150.1131,613.546654,754.174 um_pwv,920.676 um_pwv,35,2.002 K,1.77696
20240108,211151.0755,212204.524,613.448516,746.737 um_pwv,911.598 um_pwv,35,2.052 K,1.75938
20240108,212205.481,213218.9335,613.452514,735.753 um_pwv,898.189 um_pwv,35,2.163 K,1.73343
20240108,213219.8907,214233.3427,613.451954,723.828 um_pwv,883.631 um_pwv,35,2.236 K,1.70524
20240108,214234.3012,215247.7491,613.44795,718.75 um_pwv,877.432 um_pwv,35,2.297 K,1.69324
20240108,215248.706,215636.2288,227.52281,715.989 um_pwv,874.062 um_pwv,35,2.323 K,1.68672
20240108,220136.3735,221149.9244,613.550971,707.958 um_pwv,864.257 um_pwv,35,2.503 K,1.66774
20240108,221150.8809,222204.3307,613.449869,693.04 um_pwv,846.046 um_pwv,35,2.71 K,1.63248
20240108,222205.2889,223218.7432,613.454333,673.487 um_pwv,822.176 um_pwv,35,2.868 K,1.58627
20240108,223219.7004,224233.1442,613.443817,668.115 um_pwv,815.618 um_pwv,35,2.856 K,1.57358
20240108,224234.1071,225247.5557,613.448602,672.762 um_pwv,821.29 um_pwv,35,2.791 K,1.58456
20240108,225248.513,225636.0357,227.522669,680.17 um_pwv,830.334 um_pwv,35,2.638 K,1.60207
20240109,10136.0539,11149.62862,613.574723,804.213 um_pwv,981.763 um_pwv,35,1.641 K,1.89521
20240109,11150.58963,12204.03988,613.450254,791.552 um_pwv,966.307 um_pwv,35,1.758 K,1.86529
20240109,12205.00128,13218.44919,613.447905,758.061 um_pwv,925.422 um_pwv,35,2.075 K,1.78614
20240109,13219.40494,14232.85331,613.448371,744.934 um_pwv,909.397 um_pwv,35,2.283 K,1.75512
20240109,14233.81608,15247.31163,613.495551,751.71 um_pwv,917.668 um_pwv,35,2.269 K,1.77114
20240109,15248.27324,15635.79479,227.521547,755.802 um_pwv,922.663 um_pwv,35,2.21 K,1.7808
20240109,20135.9106,21149.48787,613.577272,754.888 um_pwv,921.548 um_pwv,35,2.19 K,1.77865
20240109,21150.44371,22203.89196,613.448258,764.278 um_pwv,933.011 um_pwv,35,2.043 K,1.80084
20240109,22204.85426,23218.30071,613.446451,757.482 um_pwv,924.714 um_pwv,35,1.937 K,1.78478
20240109,23219.26358,24232.71167,613.448087,758.99 um_pwv,926.555 um_pwv,35,1.859 K,1.78834
20240109,24233.67352,25247.11838,613.444859,781.344 um_pwv,953.845 um_pwv,35,1.732 K,1.84117
20240109,25248.08053,25635.60031,227.519776,792.835 um_pwv,967.872 um_pwv,35,1.617 K,1.86832
20240109,30135.6956,31149.24465,613.549051,802.825 um_pwv,980.068 um_pwv,35,1.63 K,1.89193
20240109,31150.20605,32203.65438,613.448332,807.426 um_pwv,985.685 um_pwv,35,1.566 K,1.9028
20240109,32204.61644,33218.06595,613.449513,817.791 um_pwv,998.339 um_pwv,35,1.489 K,1.9273
20240109,33219.02362,34232.46778,613.444167,834.007 um_pwv,1018.14 um_pwv,35,1.398 K,1.96562
20240109,34233.43125,35246.87743,613.446181,842.386 um_pwv,1028.36 um_pwv,35,1.415 K,1.98542
20240109,35247.83952,35635.35808,227.518567,844.415 um_pwv,1030.84 um_pwv,35,1.361 K,1.99021
20240109,50136.52051,51150.06045,613.539932,904.609 um_pwv,1104.32 um_pwv,35,1.334 K,2.13246
20240109,51151.02226,52204.46632,613.444058,914.839 um_pwv,1116.81 um_pwv,35,1.363 K,2.15664
20240109,52205.42909,53218.87667,613.447572,926.671 um_pwv,1131.26 um_pwv,35,1.333 K,2.1846
20240109,53219.83923,54233.28392,613.444695,937.139 um_pwv,1144.04 um_pwv,35,1.309 K,2.20933
20240109,54234.24649,55247.69046,613.443966,948.944 um_pwv,1158.45 um_pwv,35,1.333 K,2.23723
20240109,55248.65373,55636.17356,227.519826,956.636 um_pwv,1167.84 um_pwv,35,1.268 K,2.25541
20240109,60136.31782,61149.8704,613.552575,945.774 um_pwv,1154.58 um_pwv,35,1.301 K,2.22974
20240109,61150.82677,62204.27821,613.451438,935.798 um_pwv,1142.4 um_pwv,35,1.272 K,2.20617
20240109,62205.23606,63218.68537,613.449314,922.698 um_pwv,1126.41 um_pwv,35,1.261 K,2.17521
20240109,63219.64228,64233.0943,613.452017,920.389 um_pwv,1123.59 um_pwv,35,1.282 K,2.16975
20240109,64234.05214,65247.50186,613.449713,925.139 um_pwv,1129.39 um_pwv,35,1.288 K,2.18098
20240109,65248.45944,65635.9802,227.52076,929.03 um_pwv,1134.14 um_pwv,35,1.282 K,2.19017
20240109,70136.12387,71149.6759,613.552028,946.078 um_pwv,1154.95 um_pwv,35,1.258 K,2.23046
20240109,71150.63229,72204.08318,613.450892,962.465 um_pwv,1174.95 um_pwv,35,1.263 K,2.26918
20240109,72205.04038,73218.49173,613.451348,971.658 um_pwv,1186.18 um_pwv,35,1.231 K,2.2909
20240109,73219.44866,74232.89781,613.449148,982.587 um_pwv,1199.52 um_pwv,35,1.234 K,2.31673
20240109,74233.86124,75247.30827,613.447032,985.479 um_pwv,1203.05 um_pwv,35,1.205 K,2.32356
20240109,75248.26545,75635.78766,227.522206,982.49 um_pwv,1199.4 um_pwv,35,1.147 K,2.3165
20240109,90135.93185,91149.53149,613.599632,1020.94 um_pwv,1246.33 um_pwv,35,1.192 K,2.40735
20240109,91150.48696,92203.93774,613.450778,1029.79 um_pwv,1257.14 um_pwv,35,1.204 K,2.42827
20240109,92204.89988,93218.34522,613.445339,1023.2 um_pwv,1249.09 um_pwv,35,1.194 K,2.41269
20240109,93219.30732,94232.75756,613.450244,1011.74 um_pwv,1235.11 um_pwv,35,1.201 K,2.38562
20240109,94233.71429,95247.16106,613.446778,1007.05 um_pwv,1229.39 um_pwv,35,1.215 K,2.37454
20240109,95248.12317,95635.64492,227.521752,1009.74 um_pwv,1232.67 um_pwv,35,1.153 K,2.3809
20240109,100135.7395,101149.2911,613.551622,1009.64 um_pwv,1232.55 um_pwv,35,1.165 K,2.38066
20240109,101150.2524,102203.6988,613.446384,1008.67 um_pwv,1231.36 um_pwv,35,1.171 K,2.37837
20240109,102204.6606,103218.1059,613.445325,1010.37 um_pwv,1233.43 um_pwv,35,1.139 K,2.38237
20240109,103219.068,104232.5143,613.44627,1005.75 um_pwv,1227.79 um_pwv,35,1.133 K,2.37146
20240109,104233.4768,105246.9207,613.443909,1001.33 um_pwv,1222.39 um_pwv,35,1.154 K,2.36101
20240109,105247.8837,105635.4034,227.519759,992.451 um_pwv,1211.56 um_pwv,35,1.091 K,2.34004
20240109,110136.603,111150.1523,613.549356,975.95 um_pwv,1191.41 um_pwv,35,1.159 K,2.30105
20240109,111151.1136,112204.5623,613.448637,974.998 um_pwv,1190.25 um_pwv,35,1.179 K,2.2988
20240109,112205.519,113218.9672,613.448214,972.858 um_pwv,1187.64 um_pwv,35,1.186 K,2.29374
20240109,113219.9288,114233.3778,613.449044,980.624 um_pwv,1197.12 um_pwv,35,1.175 K,2.31209
20240109,114234.3394,115247.7856,613.446139,987.623 um_pwv,1205.66 um_pwv,35,1.164 K,2.32863
20240109,115248.7475,115636.2651,227.517618,991.63 um_pwv,1210.56 um_pwv,35,1.138 K,2.3381
20240109,130136.363,131149.9125,613.549448,1095.7 um_pwv,1337.6 um_pwv,35,1.132 K,2.58401
20240109,131150.874,132204.3189,613.444901,1105.49 um_pwv,1349.55 um_pwv,35,1.188 K,2.60714
20240109,132205.2815,133218.7256,613.444117,1104.86 um_pwv,1348.78 um_pwv,35,1.185 K,2.60565
20240109,133219.6889,134233.1352,613.446284,1136.02 um_pwv,1386.82 um_pwv,35,1.249 K,2.67928
20240109,134234.0981,135247.5443,613.446274,1181.9 um_pwv,1442.84 um_pwv,35,1.291 K,2.78771
20240109,135248.5013,135636.0245,227.523222,1177.93 um_pwv,1437.98 um_pwv,35,1.259 K,2.77831
20240109,140136.1691,141149.721,613.551868,1212.68 um_pwv,1480.41 um_pwv,35,1.335 K,2.86042
20240109,141150.6773,142204.1276,613.450312,1218.52 um_pwv,1487.54 um_pwv,35,1.355 K,2.87423
20240109,142205.0846,143218.5333,613.448719,1224.82 um_pwv,1495.22 um_pwv,35,1.361 K,2.8891
20240109,143219.492,144232.9421,613.450037,1239.32 um_pwv,1512.93 um_pwv,35,1.362 K,2.92337
20240109,144233.9054,145247.3503,613.444877,1249.35 um_pwv,1525.18 um_pwv,35,1.381 K,2.94708
20240109,145248.3136,145635.8329,227.519256,1258.17 um_pwv,1535.94 um_pwv,35,1.413 K,2.9679
20240109,150135.9774,151149.529,613.55152,1284.82 um_pwv,1568.48 um_pwv,35,1.442 K,3.03088
20240109,151150.4854,152203.9349,613.449578,1288.81 um_pwv,1573.35 um_pwv,35,1.453 K,3.04031
20240109,152204.8922,153218.3429,613.450736,1312.66 um_pwv,1602.46 um_pwv,35,1.483 K,3.09666
20240109,153219.3005,154232.7525,613.452038,1316.68 um_pwv,1607.36 um_pwv,35,1.483 K,3.10615
20240109,154233.7113,155247.1564,613.445093,1332.81 um_pwv,1627.06 um_pwv,35,1.497 K,3.14426
20240109,155248.1194,155635.6401,227.520649,1333.75 um_pwv,1628.2 um_pwv,35,1.456 K,3.14648
20240109,170135.7055,171149.2873,613.581818,1293.95 um_pwv,1579.62 um_pwv,35,1.288 K,3.05245
20240109,171150.2425,172203.6954,613.452884,1263.63 um_pwv,1542.61 um_pwv,35,1.248 K,2.98082
20240109,172204.6514,173218.1032,613.451766,1244.55 um_pwv,1519.31 um_pwv,35,1.254 K,2.93573
20240109,173219.0593,174232.5071,613.447809,1228.71 um_pwv,1499.97 um_pwv,35,1.262 K,2.8983
20240109,174233.47,175246.9184,613.448401,1239.29 um_pwv,1512.89 um_pwv,35,1.242 K,2.92329
20240109,175247.8803,175635.3983,227.517957,1247.6 um_pwv,1523.03 um_pwv,35,1.257 K,2.94293
20240109,180136.5021,181150.055,613.552889,1276.2 um_pwv,1557.95 um_pwv,35,1.291 K,3.01051
20240109,181151.0157,182204.4628,613.447113,1302.4 um_pwv,1589.94 um_pwv,35,1.358 K,3.07242
20240109,182205.4189,183218.8702,613.451202,1325.29 um_pwv,1617.88 um_pwv,35,1.399 K,3.1265
20240109,183219.8263,184233.279,613.452773,1320.01 um_pwv,1611.43 um_pwv,35,1.374 K,3.11402
20240109,184234.2351,185247.687,613.451933,1300.09 um_pwv,1587.12 um_pwv,35,1.278 K,3.06696
20240109,185248.6427,185636.1669,227.524261,1300.65 um_pwv,1587.8 um_pwv,35,1.279 K,3.06828
20240109,190136.309,191149.8618,613.552751,1324.87 um_pwv,1617.36 um_pwv,35,1.448 K,3.1255
20240109,191150.8226,192204.2687,613.446181,1337.99 um_pwv,1633.38 um_pwv,35,1.514 K,3.1565
20240109,192205.2303,193218.6782,613.447982,1352.52 um_pwv,1651.12 um_pwv,35,1.588 K,3.19083
20240109,193219.634,194233.086,613.452063,1369.41 um_pwv,1671.75 um_pwv,35,1.684 K,3.23075
20240109,194234.0477,195247.4915,613.443768,1387.81 um_pwv,1694.2 um_pwv,35,1.771 K,3.27422
20240109,195248.4539,195635.9746,227.520647,1392.31 um_pwv,1699.7 um_pwv,35,1.747 K,3.28485
20240109,210136.1178,211149.6692,613.55135,1380.61 um_pwv,1685.41 um_pwv,35,1.625 K,3.25721
20240109,211150.6252,212204.0765,613.451306,1382.64 um_pwv,1687.89 um_pwv,35,1.548 K,3.26201
20240109,212205.0335,213218.4869,613.453373,1384.56 um_pwv,1690.23 um_pwv,35,1.489 K,3.26653
20240109,213219.4441,214232.8959,613.451749,1382.25 um_pwv,1687.41 um_pwv,35,1.487 K,3.26108
20240109,214233.8546,215247.3012,613.44656,1383.17 um_pwv,1688.54 um_pwv,35,1.535 K,3.26326
20240109,215248.2649,215635.7844,227.519534,1380.97 um_pwv,1685.85 um_pwv,35,1.582 K,3.25805
20240109,220135.9355,221149.4796,613.544099,1369.18 um_pwv,1671.46 um_pwv,35,1.586 K,3.2302
20240109,221150.4392,222203.8829,613.44367,1365.68 um_pwv,1667.19 um_pwv,35,1.562 K,3.22193
20240109,222204.8475,223218.2954,613.447855,1366.68 um_pwv,1668.4 um_pwv,35,1.525 K,3.22428
20240109,223219.2533,224232.7035,613.45021,1369.08 um_pwv,1671.33 um_pwv,35,1.539 K,3.22996
20240109,224233.661,225247.16,613.49894,1369.77 um_pwv,1672.18 um_pwv,35,1.593 K,3.23159
20240109,225248.1175,225635.641,227.52348,1365.52 um_pwv,1666.99 um_pwv,35,1.602 K,3.22154
20240110,10136.54771,11150.096,613.548294,1247.09 um_pwv,1522.41 um_pwv,35,1.182 K,2.94173
20240110,11151.05762,12204.50561,613.447996,1240.8 um_pwv,1514.74 um_pwv,35,1.181 K,2.92688
20240110,12205.46742,13218.91503,613.447614,1230.35 um_pwv,1501.98 um_pwv,35,1.275 K,2.90217
20240110,13219.87282,14233.32078,613.447969,1208.4 um_pwv,1475.19 um_pwv,35,1.158 K,2.85032
20240110,14234.28234,15247.73047,613.448122,1183.54 um_pwv,1444.84 um_pwv,35,1.183 K,2.79157
20240110,15248.69203,15636.21151,227.519475,1175.96 um_pwv,1435.59 um_pwv,35,1.137 K,2.77367
20240110,20136.35351,21149.90657,613.553062,1149.51 um_pwv,1403.29 um_pwv,35,1.249 K,2.71117
20240110,21150.86174,22204.31374,613.452,1124.21 um_pwv,1372.41 um_pwv,35,1.202 K,2.65138
20240110,22205.26995,23218.7183,613.448356,1124.85 um_pwv,1373.19 um_pwv,35,1.314 K,2.65289
20240110,23219.68029,24233.12818,613.447895,1122.77 um_pwv,1370.65 um_pwv,35,1.269 K,2.64797
20240110,24234.09009,25247.5363,613.446213,1106.66 um_pwv,1350.98 um_pwv,35,1.28 K,2.60991
20240110,25248.49774,25636.01871,227.52097,1100.39 um_pwv,1343.33 um_pwv,35,1.245 K,2.5951
20240110,30136.16133,31149.71214,613.55081,1102.68 um_pwv,1346.12 um_pwv,35,1.343 K,2.6005
20240110,31150.67281,32204.12151,613.448702,1101.02 um_pwv,1344.09 um_pwv,35,1.278 K,2.59658
20240110,32205.07754,33218.52736,613.449828,1109.22 um_pwv,1354.11 um_pwv,35,1.308 K,2.61596
20240110,33219.4897,34232.93541,613.445708,1129.88 um_pwv,1379.33 um_pwv,35,1.287 K,2.66477
20240110,34233.89756,35247.34413,613.446572,1158.23 um_pwv,1413.94 um_pwv,35,1.269 K,2.73178
20240110,35248.30666,35635.82424,227.517575,1160.27 um_pwv,1416.42 um_pwv,35,1.212 K,2.73658
20240110,50135.97728,51149.51845,613.541174,1177.43 um_pwv,1437.37 um_pwv,35,1.291 K,2.77713
20240110,51150.48115,52203.92803,613.446882,1180.26 um_pwv,1440.83 um_pwv,35,1.214 K,2.78381
20240110,52204.88773,53218.33809,613.450362,1188.14 um_pwv,1450.45 um_pwv,35,1.212 K,2.80244
20240110,53219.29623,54232.74676,613.45053,1200.29 um_pwv,1465.29 um_pwv,35,1.212 K,2.83116
20240110,54233.70465,55247.15285,613.448202,1203.52 um_pwv,1469.23 um_pwv,35,1.21 K,2.83878
20240110,55248.11249,55635.63481,227.522318,1204.48 um_pwv,1470.4 um_pwv,35,1.221 K,2.84106
20240110,60135.77783,61149.32511,613.547273,1199.46 um_pwv,1464.28 um_pwv,35,1.232 K,2.8292
20240110,61150.28825,62203.73859,613.450342,1207.98 um_pwv,1474.68 um_pwv,35,1.231 K,2.84933
20240110,62204.69803,63218.1489,613.450868,1215.66 um_pwv,1484.05 um_pwv,35,1.274 K,2.86748
20240110,63219.10621,64232.55006,613.443857,1220.21 um_pwv,1489.6 um_pwv,35,1.266 K,2.87821
20240110,64233.51311,65246.96038,613.447269,1223.94 um_pwv,1494.15 um_pwv,35,1.257 K,2.88702
20240110,65247.92311,65635.44058,227.517474,1223.95 um_pwv,1494.17 um_pwv,35,1.303 K,2.88706
20240110,70136.57038,71150.14321,613.572826,1216.65 um_pwv,1485.26 um_pwv,35,1.332 K,2.86982
20240110,71151.10561,72204.55184,613.446225,1215.42 um_pwv,1483.76 um_pwv,35,1.374 K,2.86691
20240110,72205.50904,73218.96203,613.452996,1216.81 um_pwv,1485.44 um_pwv,35,1.358 K,2.87017
20240110,73219.91935,74233.36785,613.4485,1215.99 um_pwv,1484.45 um_pwv,35,1.566 K,2.86826
20240110,74234.3251,75247.77303,613.447932,1204.53 um_pwv,1470.46 um_pwv,35,1.617 K,2.84116
20240110,75248.73667,75636.25773,227.521061,1186.92 um_pwv,1448.96 um_pwv,35,1.511 K,2.79957
20240110,90136.3123,91149.85233,613.540033,1188.48 um_pwv,1450.87 um_pwv,35,1.282 K,2.80325
20240110,91150.81421,92204.26151,613.447291,1191.1 um_pwv,1454.06 um_pwv,35,1.347 K,2.80943
20240110,92205.22366,93218.67111,613.447448,1190.34 um_pwv,1453.14 um_pwv,35,1.255 K,2.80765
20240110,93219.63254,94233.07629,613.443747,1190.58 um_pwv,1453.43 um_pwv,35,1.274 K,2.8082
20240110,94234.03898,95247.4876,613.44862,1198.72 um_pwv,1463.37 um_pwv,35,1.258 K,2.82745
20240110,95248.4491,95635.96751,227.518411,1204.02 um_pwv,1469.84 um_pwv,35,1.237 K,2.83998
20240110,100136.113,101149.6613,613.548289,1218.9 um_pwv,1488 um_pwv,35,1.333 K,2.87511
20240110,101150.6225,102204.0703,613.447771,1216.88 um_pwv,1485.54 um_pwv,35,1.315 K,2.87035
20240110,102205.0321,103218.4763,613.444157,1203.04 um_pwv,1468.64 um_pwv,35,1.354 K,2.83765
20240110,103219.4399,104232.887,613.447092,1191.59 um_pwv,1454.67 um_pwv,35,1.246 K,2.8106
20240110,104233.8435,105247.2959,613.452429,1189.81 um_pwv,1452.49 um_pwv,35,1.231 K,2.8064
20240110,105248.2522,105635.7765,227.524235,1185.71 um_pwv,1447.48 um_pwv,35,1.187 K,2.79669
20240110,110135.9198,111149.4699,613.550089,1180.45 um_pwv,1441.06 um_pwv,35,1.243 K,2.78426
20240110,111150.4309,112203.8762,613.445278,1181.29 um_pwv,1442.09 um_pwv,35,1.287 K,2.78626
20240110,112204.839,113218.2876,613.448591,1178.65 um_pwv,1438.87 um_pwv,35,1.264 K,2.78003
20240110,113219.2436,114232.6949,613.451358,1170.82 um_pwv,1429.31 um_pwv,35,1.195 K,2.76151
20240110,114233.651,115247.0994,613.448392,1160.75 um_pwv,1417.02 um_pwv,35,1.161 K,2.73773
20240110,115248.0622,115635.5829,227.520728,1158.79 um_pwv,1414.62 um_pwv,35,1.069 K,2.73309
20240110,130135.7468,131149.3255,613.578743,1117.81 um_pwv,1364.6 um_pwv,35,1.384 K,2.63627
20240110,131150.2877,132203.7344,613.446702,1112.2 um_pwv,1357.74 um_pwv,35,1.323 K,2.62299
20240110,132204.6914,133218.1403,613.448907,1113.76 um_pwv,1359.65 um_pwv,35,1.263 K,2.6267
20240110,133219.104,134232.5488,613.444802,1110.33 um_pwv,1355.46 um_pwv,35,1.241 K,2.61858
20240110,134233.513,135246.9563,613.443312,1100.8 um_pwv,1343.83 um_pwv,35,1.269 K,2.59606
20240110,135247.92,135635.4392,227.519254,1095.13 um_pwv,1336.91 um_pwv,35,1.286 K,2.58267
20240110,140136.5431,141150.0916,613.548524,1091.89 um_pwv,1332.95 um_pwv,35,1.381 K,2.57501
20240110,141151.0537,142204.5016,613.447858,1093.66 um_pwv,1335.11 um_pwv,35,1.338 K,2.57919
20240110,142205.4648,143218.9089,613.444055,1097.68 um_pwv,1340.02 um_pwv,35,1.394 K,2.58869
20240110,143219.8724,144233.3198,613.447392,1093.06 um_pwv,1334.38 um_pwv,35,1.461 K,2.57779
20240110,144234.2768,145247.7307,613.453938,1070.94 um_pwv,1307.37 um_pwv,35,1.725 K,2.5255
20240110,145248.6878,145636.2104,227.522598,1072.47 um_pwv,1309.25 um_pwv,35,1.773 K,2.52913
20240110,150136.3693,151149.9508,613.581518,1074.63 um_pwv,1311.89 um_pwv,35,1.807 K,2.53424
20240110,151150.9148,152204.3615,613.446633,1069.83 um_pwv,1306.02 um_pwv,35,1.698 K,2.52288
20240110,152205.319,153218.7658,613.446766,1064.87 um_pwv,1299.97 um_pwv,35,1.717 K,2.51117
20240110,153219.7285,154233.1762,613.447662,1065.32 um_pwv,1300.51 um_pwv,35,1.694 K,2.51222
20240110,154234.1337,155247.5822,613.448495,1063.35 um_pwv,1298.11 um_pwv,35,1.667 K,2.50757
20240110,155248.5416,155636.0647,227.523093,1061.97 um_pwv,1296.43 um_pwv,35,1.666 K,2.50431
20240110,170136.1194,171149.6587,613.539278,1086.32 um_pwv,1326.15 um_pwv,35,1.459 K,2.56185
20240110,171150.6197,172204.0682,613.44846,1086.72 um_pwv,1326.64 um_pwv,35,1.529 K,2.5628
20240110,172205.0307,173218.4789,613.448282,1084.02 um_pwv,1323.34 um_pwv,35,1.607 K,2.55641
20240110,173219.4352,174232.8872,613.452031,1086.64 um_pwv,1326.55 um_pwv,35,1.604 K,2.56262
20240110,174233.8445,175247.2956,613.451131,1091.57 um_pwv,1332.56 um_pwv,35,1.626 K,2.57425
20240110,175248.2526,175635.7736,227.521038,1089.55 um_pwv,1330.09 um_pwv,35,1.596 K,2.56947
20240110,180135.9265,181149.4688,613.542321,1098.71 um_pwv,1341.27 um_pwv,35,1.648 K,2.59112
20240110,181150.4295,182203.8744,613.444931,1103.2 um_pwv,1346.75 um_pwv,35,1.514 K,2.60173
20240110,182204.8368,183218.2837,613.446881,1109.37 um_pwv,1354.29 um_pwv,35,1.427 K,2.61632
20240110,183219.2461,184232.6924,613.446263,1118.15 um_pwv,1365 um_pwv,35,1.428 K,2.63705
20240110,184233.6542,185247.1012,613.446994,1117.9 um_pwv,1364.7 um_pwv,35,1.411 K,2.63646
20240110,185248.063,185635.5855,227.522535,1116.27 um_pwv,1362.71 um_pwv,35,1.404 K,2.63262
20240110,190135.7286,191149.2807,613.552097,1125.63 um_pwv,1374.14 um_pwv,35,1.557 K,2.65473
20240110,191150.2361,192203.6873,613.451185,1135.15 um_pwv,1385.77 um_pwv,35,1.439 K,2.67724
20240110,192204.6437,193218.1022,613.45854,1146.25 um_pwv,1399.31 um_pwv,35,1.443 K,2.70346
20240110,193219.053,194232.5049,613.451817,1158.26 um_pwv,1413.98 um_pwv,35,1.642 K,2.73184
20240110,194233.4609,195246.9122,613.451285,1150.99 um_pwv,1405.1 um_pwv,35,1.536 K,2.71466
20240110,195247.8684,195635.3912,227.522819,1146.28 um_pwv,1399.35 um_pwv,35,1.581 K,2.70353
20240110,210136.5468,211150.0927,613.545839,1113.69 um_pwv,1359.57 um_pwv,35,1.464 K,2.62653
20240110,211151.0545,212204.4978,613.443259,1109.36 um_pwv,1354.27 um_pwv,35,1.437 K,2.61628
20240110,212205.4611,213218.9079,613.446757,1108.59 um_pwv,1353.34 um_pwv,35,1.422 K,2.61447
20240110,213219.8648,214233.3128,613.447912,1108.79 um_pwv,1353.59 um_pwv,35,1.414 K,2.61496
20240110,214234.2761,215247.7237,613.44759,1105.35 um_pwv,1349.38 um_pwv,35,1.416 K,2.60681
20240110,215248.6806,215636.2041,227.523517,1100.84 um_pwv,1343.88 um_pwv,35,1.407 K,2.59616
20240110,220136.314,221149.8995,613.585459,1098.65 um_pwv,1341.21 um_pwv,35,1.409 K,2.59099
20240110,221150.857,222204.3076,613.450574,1096.04 um_pwv,1338.01 um_pwv,35,1.409 K,2.58481
20240110,222205.2669,223218.716,613.449157,1088.24 um_pwv,1328.5 um_pwv,35,1.41 K,2.56639
20240110,223219.6732,224233.1191,613.445817,1077.8 um_pwv,1315.75 um_pwv,35,1.441 K,2.54171
20240110,224234.0823,225247.5295,613.447218,1072.17 um_pwv,1308.88 um_pwv,35,1.502 K,2.52841
20240110,225248.4872,225636.0102,227.522994,1068.19 um_pwv,1304.02 um_pwv,35,1.474 K,2.51901
20240111,10135.96042,11149.50826,613.547838,1055.28 um_pwv,1288.25 um_pwv,35,1.492 K,2.48849
20240111,11150.46961,12203.91563,613.446019,1052.32 um_pwv,1284.65 um_pwv,35,1.498 K,2.48151
20240111,12204.878,13218.32581,613.447811,1053.34 um_pwv,1285.89 um_pwv,35,1.509 K,2.48391
20240111,13219.28741,14232.73419,613.446774,1055.31 um_pwv,1288.3 um_pwv,35,1.508 K,2.48859
20240111,14233.69054,15247.13952,613.448986,1054.57 um_pwv,1287.4 um_pwv,35,1.51 K,2.48683
20240111,15248.10171,15635.62236,227.520651,1048.99 um_pwv,1280.58 um_pwv,35,1.385 K,2.47364
20240111,20135.74102,21149.3141,613.573081,1045.87 um_pwv,1276.77 um_pwv,35,1.472 K,2.46627
20240111,21150.27573,22203.72078,613.445046,1043.14 um_pwv,1273.43 um_pwv,35,1.494 K,2.45981
20240111,22204.68226,23218.12899,613.446739,1042.9 um_pwv,1273.15 um_pwv,35,1.503 K,2.45926
20240111,23219.09293,24232.53689,613.443961,1043.15 um_pwv,1273.45 um_pwv,35,1.499 K,2.45984
20240111,24233.50066,25246.94703,613.446375,1041.75 um_pwv,1271.74 um_pwv,35,1.504 K,2.45652
20240111,25247.9089,25635.42912,227.520216,1042.13 um_pwv,1272.21 um_pwv,35,1.482 K,2.45744
20240111,30136.50913,31150.08445,613.575316,1048.69 um_pwv,1280.21 um_pwv,35,1.467 K,2.47293
20240111,31151.0397,32204.48797,613.448265,1047.66 um_pwv,1278.95 um_pwv,35,1.453 K,2.47049
20240111,32205.45079,33218.90053,613.449743,1045.41 um_pwv,1276.2 um_pwv,35,1.436 K,2.46517
20240111,33219.8569,34233.30466,613.447756,1046.23 um_pwv,1277.21 um_pwv,35,1.462 K,2.46712
20240111,34234.26751,35247.71462,613.447112,1047.96 um_pwv,1279.33 um_pwv,35,1.497 K,2.47122
20240111,35248.67733,35636.19756,227.520229,1043.87 um_pwv,1274.33 um_pwv,35,1.51 K,2.46154
20240111,50136.29523,51149.84296,613.547737,1042.61 um_pwv,1272.79 um_pwv,35,1.458 K,2.45856
20240111,51150.80509,52204.24991,613.444818,1040.96 um_pwv,1270.78 um_pwv,35,1.5 K,2.45467
20240111,52205.21289,53218.65978,613.446887,1038.25 um_pwv,1267.47 um_pwv,35,1.534 K,2.44827
20240111,53219.61909,54233.06442,613.445328,1036.51 um_pwv,1265.35 um_pwv,35,1.54 K,2.44415
20240111,54234.02716,55247.47275,613.445597,1033.97 um_pwv,1262.24 um_pwv,35,1.574 K,2.43814
20240111,55248.43671,55635.95634,227.519631,1028.61 um_pwv,1255.7 um_pwv,35,1.588 K,2.42547
20240111,60136.07464,61149.64983,613.575187,1030.84 um_pwv,1258.43 um_pwv,35,1.544 K,2.43076
20240111,61150.61198,62204.05935,613.447366,1033.15 um_pwv,1261.24 um_pwv,35,1.577 K,2.43621
20240111,62205.01763,63218.46594,613.448308,1035.28 um_pwv,1263.85 um_pwv,35,1.566 K,2.44125
20240111,63219.42272,64232.87499,613.452277,1034.27 um_pwv,1262.62 um_pwv,35,1.566 K,2.43887
20240111,64233.83361,65247.28003,613.44642,1030.84 um_pwv,1258.43 um_pwv,35,1.565 K,2.43076
20240111,65248.24334,65635.76113,227.517784,1031.44 um_pwv,1259.16 um_pwv,35,1.531 K,2.43218
20240111,70135.86643,71149.40557,613.539138,1034.02 um_pwv,1262.3 um_pwv,35,1.571 K,2.43826
20240111,71150.36926,72203.81585,613.446584,1034.66 um_pwv,1263.08 um_pwv,35,1.562 K,2.43977
20240111,72204.77274,73218.2229,613.450164,1031.84 um_pwv,1259.64 um_pwv,35,1.591 K,2.43311
20240111,73219.18017,74232.63136,613.451183,1029.67 um_pwv,1257 um_pwv,35,1.599 K,2.428
20240111,74233.58884,75247.04012,613.451275,1023.7 um_pwv,1249.71 um_pwv,35,1.606 K,2.41389
20240111,75247.99703,75635.52008,227.523052,1020.7 um_pwv,1246.04 um_pwv,35,1.601 K,2.40679
20240111,90135.661,91149.21067,613.549668,997.18 um_pwv,1217.33 um_pwv,35,1.73 K,2.35121
20240111,91150.17258,92203.62189,613.449311,989.331 um_pwv,1207.75 um_pwv,35,1.763 K,2.33267
20240111,92204.57791,93218.02931,613.451391,987.318 um_pwv,1205.29 um_pwv,35,1.791 K,2.32791
20240111,93218.98504,94232.4355,613.450454,984.652 um_pwv,1202.04 um_pwv,35,1.814 K,2.32161
20240111,94233.3982,95246.8425,613.444303,983.911 um_pwv,1201.13 um_pwv,35,1.806 K,2.31986
20240111,95247.80497,95635.32553,227.520553,978.544 um_pwv,1194.58 um_pwv,35,1.767 K,2.30718
20240111,100136.4772,101150.0235,613.54627,976.564 um_pwv,1192.17 um_pwv,35,1.798 K,2.3025
20240111,101150.9848,102204.4337,613.448859,978.532 um_pwv,1194.57 um_pwv,35,1.808 K,2.30715
20240111,102205.3961,103218.8416,613.445562,985.235 um_pwv,1202.75 um_pwv,35,1.768 K,2.32299
20240111,103219.8041,104233.2498,613.44568,986.209 um_pwv,1203.94 um_pwv,35,1.805 K,2.32529
20240111,104234.212,105247.6595,613.447512,978.338 um_pwv,1194.33 um_pwv,35,1.829 K,2.30669
20240111,105248.6158,105636.1388,227.522986,971.922 um_pwv,1186.5 um_pwv,35,1.853 K,2.29153
20240111,110136.2929,111149.8325,613.539648,968.006 um_pwv,1181.72 um_pwv,35,1.854 K,2.28227
20240111,111150.7938,112204.2402,613.446356,962.667 um_pwv,1175.2 um_pwv,35,1.94 K,2.26966
20240111,112205.2026,113218.6495,613.446858,962.952 um_pwv,1175.55 um_pwv,35,2.007 K,2.27033
20240111,113219.6054,114233.0557,613.45027,961.93 um_pwv,1174.3 um_pwv,35,1.961 K,2.26792
20240111,114234.0181,115247.4611,613.443053,955.94 um_pwv,1166.99 um_pwv,35,1.972 K,2.25376
20240111,115248.4237,115635.9446,227.520926,951.196 um_pwv,1161.2 um_pwv,35,2 K,2.24255
20240111,130136.11,131149.685,613.575081,922.323 um_pwv,1125.95 um_pwv,35,1.985 K,2.17432
20240111,131150.6481,132204.094,613.445945,918.596 um_pwv,1121.4 um_pwv,35,1.971 K,2.16551
20240111,132205.0514,133218.5044,613.453078,911.12 um_pwv,1112.27 um_pwv,35,1.939 K,2.14785
20240111,133219.4623,134232.9071,613.444814,912.054 um_pwv,1113.41 um_pwv,35,1.925 K,2.15006
20240111,134233.8722,135247.3184,613.446183,914.963 um_pwv,1116.96 um_pwv,35,1.934 K,2.15693
20240111,135248.2754,135635.7986,227.52324,912.628 um_pwv,1114.11 um_pwv,35,1.919 K,2.15141
20240111,140135.8946,141149.4438,613.549239,909.962 um_pwv,1110.86 um_pwv,35,1.869 K,2.14511
20240111,141150.4023,142203.85,613.44771,903.906 um_pwv,1103.47 um_pwv,35,1.84 K,2.1308
20240111,142204.8129,143218.2628,613.449842,901.065 um_pwv,1100 um_pwv,35,1.851 K,2.12409
20240111,143219.2199,144232.6706,613.450764,899.21 um_pwv,1097.73 um_pwv,35,1.838 K,2.1197
20240111,144233.6296,145247.0785,613.448855,904.241 um_pwv,1103.87 um_pwv,35,1.852 K,2.13159
20240111,145248.0383,145635.5568,227.518523,902.345 um_pwv,1101.56 um_pwv,35,1.772 K,2.12711
20240111,150135.701,151149.2534,613.552374,897.192 um_pwv,1095.27 um_pwv,35,1.876 K,2.11493
20240111,151150.2119,152203.6602,613.448234,891.1 um_pwv,1087.83 um_pwv,35,1.874 K,2.10054
20240111,152204.6174,153218.0707,613.4533,886.339 um_pwv,1082.02 um_pwv,35,1.839 K,2.08929
20240111,153219.0288,154232.4728,613.443929,887.543 um_pwv,1083.49 um_pwv,35,1.823 K,2.09213
20240111,154233.4367,155246.8815,613.444838,885.759 um_pwv,1081.31 um_pwv,35,1.787 K,2.08792
20240111,155247.8455,155635.3639,227.518391,884.023 um_pwv,1079.19 um_pwv,35,1.728 K,2.08381
20240111,170136.5146,171150.0661,613.551533,887.905 um_pwv,1083.93 um_pwv,35,1.692 K,2.09299
20240111,171151.0216,172204.4718,613.450221,894.814 um_pwv,1092.37 um_pwv,35,1.743 K,2.10932
20240111,172205.4339,173218.8805,613.446561,902.178 um_pwv,1101.36 um_pwv,35,1.775 K,2.12672
20240111,173219.8418,174233.2888,613.447006,908.111 um_pwv,1108.6 um_pwv,35,1.729 K,2.14074
20240111,174234.2504,175247.6931,613.442775,917.519 um_pwv,1120.08 um_pwv,35,1.627 K,2.16297
20240111,175248.6577,175636.1765,227.518747,921.719 um_pwv,1125.21 um_pwv,35,1.452 K,2.1729
20240111,180136.319,181149.8715,613.552485,939.038 um_pwv,1146.35 um_pwv,35,1.511 K,2.21382
20240111,181150.8275,182204.28,613.452551,945.833 um_pwv,1154.65 um_pwv,35,1.492 K,2.22988
20240111,182205.2361,183218.6829,613.446813,939.966 um_pwv,1147.49 um_pwv,35,1.449 K,2.21601
20240111,183219.647,184233.0925,613.445496,924.226 um_pwv,1128.27 um_pwv,35,1.492 K,2.17882
20240111,184234.0552,185247.5022,613.446945,911.435 um_pwv,1112.66 um_pwv,35,1.507 K,2.14859
20240111,185248.459,185635.9814,227.522409,903.872 um_pwv,1103.42 um_pwv,35,1.423 K,2.13072
20240111,190136.1367,191149.6752,613.538509,907.024 um_pwv,1107.27 um_pwv,35,1.491 K,2.13817
20240111,191150.6368,192204.081,613.444269,909.154 um_pwv,1109.87 um_pwv,35,1.518 K,2.1432
20240111,192205.0428,193218.4894,613.446584,900.042 um_pwv,1098.75 um_pwv,35,1.57 K,2.12167
20240111,193219.4521,194232.8966,613.444496,886.416 um_pwv,1082.11 um_pwv,35,1.557 K,2.08947
20240111,194233.861,195247.3054,613.444431,886.974 um_pwv,1082.79 um_pwv,35,1.593 K,2.09079
20240111,195248.2673,195635.7886,227.521316,890.847 um_pwv,1087.52 um_pwv,35,1.514 K,2.09994
20240111,210135.9366,211149.4776,613.541002,902.568 um_pwv,1101.83 um_pwv,35,1.52 K,2.12764
20240111,211150.4404,212203.8868,613.446438,905.849 um_pwv,1105.84 um_pwv,35,1.539 K,2.13539
20240111,212204.8495,213218.2945,613.445047,914.805 um_pwv,1116.77 um_pwv,35,1.549 K,2.15656
20240111,213219.2515,214232.6991,613.447626,917.904 um_pwv,1120.55 um_pwv,35,1.553 K,2.16388
20240111,214233.663,215247.1103,613.447237,918.437 um_pwv,1121.2 um_pwv,35,1.542 K,2.16514
20240111,215248.0702,215635.5904,227.520216,922.949 um_pwv,1126.71 um_pwv,35,1.522 K,2.1758
20240111,220135.7349,221149.2858,613.550867,937.174 um_pwv,1144.08 um_pwv,35,1.555 K,2.20942
20240111,221150.2477,222203.6952,613.447479,941.813 um_pwv,1149.74 um_pwv,35,1.492 K,2.22038
20240111,222204.6528,223218.1032,613.450398,949.459 um_pwv,1159.08 um_pwv,35,1.464 K,2.23845
20240111,223219.0625,224232.5055,613.443007,957.499 um_pwv,1168.89 um_pwv,35,1.443 K,2.25745
20240111,224233.4703,225246.9142,613.443878,950.151 um_pwv,1159.92 um_pwv,35,1.471 K,2.24008
20240111,225247.878,225635.3976,227.519509,948.909 um_pwv,1158.4 um_pwv,35,1.486 K,2.23715
20240112,10136.35187,11149.90042,613.548541,940.372 um_pwv,1147.98 um_pwv,35,1.58 K,2.21697
20240112,11150.86232,12204.31294,613.450622,941.336 um_pwv,1149.16 um_pwv,35,1.59 K,2.21925
20240112,12205.27025,13218.71948,613.449231,935.948 um_pwv,1142.58 um_pwv,35,1.584 K,2.20652
20240112,13219.67576,14233.12613,613.450371,927.655 um_pwv,1132.46 um_pwv,35,1.615 K,2.18692
20240112,14234.08324,15247.53466,613.451421,930.005 um_pwv,1135.33 um_pwv,35,1.616 K,2.19248
20240112,15248.49624,15636.01551,227.519268,929.615 um_pwv,1134.85 um_pwv,35,1.548 K,2.19155
20240112,20136.20527,21149.75345,613.54818,936.515 um_pwv,1143.27 um_pwv,35,1.578 K,2.20786
20240112,21150.71415,22204.35469,613.640536,938.47 um_pwv,1145.66 um_pwv,35,1.542 K,2.21248
20240112,22205.31703,23218.76255,613.445515,934.309 um_pwv,1140.58 um_pwv,35,1.55 K,2.20265
20240112,23219.72583,24233.16956,613.443738,928.698 um_pwv,1133.73 um_pwv,35,1.558 K,2.18939
20240112,24234.13309,25247.58072,613.447635,925.31 um_pwv,1129.6 um_pwv,35,1.582 K,2.18138
20240112,25248.53752,25636.06055,227.523037,920.196 um_pwv,1123.35 um_pwv,35,1.585 K,2.1693
20240112,30136.20506,31150.09173,613.886666,920.969 um_pwv,1124.3 um_pwv,35,1.608 K,2.17112
20240112,31151.04875,32204.49748,613.448733,919.719 um_pwv,1122.77 um_pwv,35,1.624 K,2.16817
20240112,32205.45774,33218.90746,613.449727,917.791 um_pwv,1120.42 um_pwv,35,1.614 K,2.16361
20240112,33219.86616,34233.31243,613.446268,920.207 um_pwv,1123.37 um_pwv,35,1.627 K,2.16932
20240112,34234.2726,35247.7234,613.450798,922.334 um_pwv,1125.96 um_pwv,35,1.621 K,2.17435
20240112,35248.681,35636.20249,227.521488,923.975 um_pwv,1127.97 um_pwv,35,1.568 K,2.17823
20240112,50136.29771,51149.84507,613.547364,960.72 um_pwv,1172.82 um_pwv,35,1.518 K,2.26506
20240112,51150.80529,52204.25329,613.447994,966.668 um_pwv,1180.08 um_pwv,35,1.503 K,2.27911
20240112,52205.21297,53218.66793,613.454958,966.632 um_pwv,1180.04 um_pwv,35,1.493 K,2.27903
20240112,53219.62402,54233.07061,613.44659,965.178 um_pwv,1178.26 um_pwv,35,1.496 K,2.27559
20240112,54234.02941,55247.47973,613.450316,962.655 um_pwv,1175.18 um_pwv,35,1.522 K,2.26963
20240112,55248.44121,55635.96145,227.52024,959.475 um_pwv,1171.3 um_pwv,35,1.52 K,2.26212
20240112,60136.15784,61149.70023,613.54239,960.115 um_pwv,1172.08 um_pwv,35,1.586 K,2.26363
20240112,61150.6608,62204.1118,613.450997,963.237 um_pwv,1175.9 um_pwv,35,1.584 K,2.27101
20240112,62205.07226,63218.51834,613.446078,963.689 um_pwv,1176.45 um_pwv,35,1.582 K,2.27207
20240112,63219.47845,64232.92444,613.445996,961.123 um_pwv,1173.31 um_pwv,35,1.595 K,2.26601
20240112,64233.88386,65247.3827,613.498837,959.321 um_pwv,1171.11 um_pwv,35,1.604 K,2.26175
20240112,65248.34297,65635.8633,227.520329,956.388 um_pwv,1167.53 um_pwv,35,1.619 K,2.25482
20240112,70136.10444,71149.69933,613.594891,957.203 um_pwv,1168.53 um_pwv,35,1.61 K,2.25675
20240112,71150.6584,72204.10705,613.448648,959.582 um_pwv,1171.43 um_pwv,35,1.624 K,2.26237
20240112,72205.06708,73218.51827,613.451182,965.058 um_pwv,1178.12 um_pwv,35,1.622 K,2.27531
20240112,73219.47791,74232.92263,613.444711,964.951 um_pwv,1177.99 um_pwv,35,1.582 K,2.27506
20240112,74233.8844,75247.331,613.446604,961.966 um_pwv,1174.34 um_pwv,35,1.566 K,2.268
20240112,75248.29398,75635.81403,227.520042,961.064 um_pwv,1173.24 um_pwv,35,1.527 K,2.26587
20240112,90136.06242,91149.60119,613.53877,966.955 um_pwv,1180.43 um_pwv,35,1.581 K,2.27979
20240112,91150.56135,92204.00917,613.447818,967.779 um_pwv,1181.44 um_pwv,35,1.576 K,2.28174
20240112,92204.96958,93218.41579,613.446214,967.158 um_pwv,1180.68 um_pwv,35,1.57 K,2.28027
20240112,93219.376,94232.82449,613.448491,964.356 um_pwv,1177.26 um_pwv,35,1.576 K,2.27365
20240112,94233.78422,95247.23306,613.448841,965.094 um_pwv,1178.16 um_pwv,35,1.598 K,2.27539
20240112,95248.19107,95635.71678,227.525712,963.083 um_pwv,1175.71 um_pwv,35,1.578 K,2.27064
20240112,100136.0751,101149.6941,613.618993,963.511 um_pwv,1176.23 um_pwv,35,1.599 K,2.27165
20240112,101150.6551,102204.106,613.450934,962.477 um_pwv,1174.97 um_pwv,35,1.594 K,2.26921
20240112,102205.0659,103218.5152,613.44928,960.233 um_pwv,1172.23 um_pwv,35,1.587 K,2.26391
20240112,103219.4712,104232.9191,613.447897,958.031 um_pwv,1169.54 um_pwv,35,1.634 K,2.2587
20240112,104233.8812,105247.3306,613.449351,953.206 um_pwv,1163.65 um_pwv,35,1.632 K,2.2473
20240112,105248.2867,105635.8112,227.524467,953.159 um_pwv,1163.59 um_pwv,35,1.598 K,2.24719
20240112,110136.003,111149.5499,613.546869,957.617 um_pwv,1169.03 um_pwv,35,1.598 K,2.25773
20240112,111150.5127,112203.9588,613.446032,961.194 um_pwv,1173.4 um_pwv,35,1.601 K,2.26618
20240112,112204.9219,113218.3692,613.447331,963.059 um_pwv,1175.68 um_pwv,35,1.567 K,2.27058
20240112,113219.3295,114232.7774,613.447839,960.411 um_pwv,1172.45 um_pwv,35,1.592 K,2.26433
20240112,114233.7355,115247.2292,613.493686,954.006 um_pwv,1164.63 um_pwv,35,1.604 K,2.24919
20240112,115248.1902,115635.7126,227.522406,950.046 um_pwv,1159.79 um_pwv,35,1.563 K,2.23983
20240112,130136.0068,131149.5497,613.542816,945.249 um_pwv,1153.94 um_pwv,35,1.612 K,2.2285
20240112,131150.5106,132203.9587,613.448077,945.774 um_pwv,1154.58 um_pwv,35,1.675 K,2.22974
20240112,132204.9186,133218.3667,613.448022,945.611 um_pwv,1154.38 um_pwv,35,1.674 K,2.22935
20240112,133219.3276,134232.7749,613.447314,944.223 um_pwv,1152.68 um_pwv,35,1.695 K,2.22607
20240112,134233.7343,135247.1851,613.450767,942.802 um_pwv,1150.95 um_pwv,35,1.722 K,2.22272
20240112,135248.1428,135635.6644,227.521598,942.895 um_pwv,1151.06 um_pwv,35,1.712 K,2.22294
20240112,140135.9535,141149.5011,613.547567,947.41 um_pwv,1156.57 um_pwv,35,1.742 K,2.23361
20240112,141150.4602,142203.9098,613.449579,945.833 um_pwv,1154.65 um_pwv,35,1.709 K,2.22988
20240112,142204.8704,143218.3209,613.450523,947.34 um_pwv,1156.49 um_pwv,35,1.721 K,2.23344
20240112,143219.2794,144232.727,613.447621,952.723 um_pwv,1163.06 um_pwv,35,1.706 K,2.24616
20240112,144233.6868,145247.1804,613.493561,951.936 um_pwv,1162.1 um_pwv,35,1.712 K,2.2443
20240112,145248.1425,145635.6646,227.522182,948.639 um_pwv,1158.07 um_pwv,35,1.655 K,2.23651
20240112,150135.8215,151149.3561,613.53466,945.856 um_pwv,1154.68 um_pwv,35,1.728 K,2.22993
20240112,151150.3167,152203.7658,613.449057,941.941 um_pwv,1149.9 um_pwv,35,1.751 K,2.22068
20240112,152204.7242,153218.1747,613.450479,931.522 um_pwv,1137.18 um_pwv,35,1.732 K,2.19606
20240112,153219.1371,154232.5848,613.447613,926.899 um_pwv,1131.54 um_pwv,35,1.769 K,2.18514
20240112,154233.5399,155246.9916,613.451665,927.724 um_pwv,1132.54 um_pwv,35,1.777 K,2.18708
20240112,155247.9523,155635.4727,227.520458,926.568 um_pwv,1131.13 um_pwv,35,1.768 K,2.18435
20240112,170135.9039,171149.4556,613.551742,932.04 um_pwv,1137.81 um_pwv,35,1.709 K,2.19728
20240112,171150.4154,172203.8608,613.445419,931.568 um_pwv,1137.23 um_pwv,35,1.739 K,2.19617
20240112,172204.8189,173218.2698,613.450879,929.443 um_pwv,1134.64 um_pwv,35,1.767 K,2.19115
20240112,173219.2273,174232.6767,613.449382,924.009 um_pwv,1128.01 um_pwv,35,1.739 K,2.17831
20240112,174233.6354,175247.0843,613.448828,921.014 um_pwv,1124.35 um_pwv,35,1.748 K,2.17123
20240112,175248.0466,175635.5672,227.520571,919.367 um_pwv,1122.34 um_pwv,35,1.717 K,2.16734
20240112,180135.8087,181149.3546,613.545848,918.029 um_pwv,1120.71 um_pwv,35,1.699 K,2.16418
20240112,181150.3196,182203.7641,613.444496,915.438 um_pwv,1117.54 um_pwv,35,1.743 K,2.15805
20240112,182204.7275,183218.1738,613.446343,915.404 um_pwv,1117.5 um_pwv,35,1.77 K,2.15797
20240112,183219.1332,184232.5838,613.45057,915.675 um_pwv,1117.83 um_pwv,35,1.765 K,2.15861
20240112,184233.5411,185246.9894,613.448344,913.71 um_pwv,1115.43 um_pwv,35,1.774 K,2.15397
20240112,185247.9496,185635.4711,227.521558,909.322 um_pwv,1110.08 um_pwv,35,1.737 K,2.1436
20240112,190135.7103,191149.2592,613.54889,912.673 um_pwv,1114.17 um_pwv,35,1.758 K,2.15152
20240112,191150.2196,192203.6665,613.446832,915.449 um_pwv,1117.56 um_pwv,35,1.741 K,2.15808
20240112,192204.6277,193218.0776,613.449924,913.812 um_pwv,1115.56 um_pwv,35,1.793 K,2.15421
20240112,193219.0373,194232.4863,613.44894,908.795 um_pwv,1109.43 um_pwv,35,1.811 K,2.14235
20240112,194233.4429,195246.8927,613.449742,904.229 um_pwv,1103.86 um_pwv,35,1.842 K,2.13157
20240112,195247.8532,195635.3743,227.521114,905.458 um_pwv,1105.36 um_pwv,35,1.8 K,2.13447
20240112,210135.8532,211149.3999,613.546696,905.067 um_pwv,1104.88 um_pwv,35,1.887 K,2.13354
20240112,211150.3601,212203.8096,613.449445,904.821 um_pwv,1104.58 um_pwv,35,1.895 K,2.13296
20240112,212204.7696,213218.2188,613.449189,906.744 um_pwv,1106.93 um_pwv,35,1.93 K,2.13751
20240112,213219.18,214232.6256,613.445692,911.671 um_pwv,1112.94 um_pwv,35,1.924 K,2.14915
20240112,214233.5857,215247.0858,613.500087,911.424 um_pwv,1112.64 um_pwv,35,1.91 K,2.14857
20240112,215248.0456,215635.5674,227.521865,910.726 um_pwv,1111.79 um_pwv,35,1.89 K,2.14692
20240112,220135.9213,221149.4999,613.578582,912.166 um_pwv,1113.55 um_pwv,35,1.896 K,2.15032
20240112,221150.4611,222203.9096,613.448532,909.086 um_pwv,1109.79 um_pwv,35,1.919 K,2.14304
20240112,222204.8693,223218.3137,613.444386,907.595 um_pwv,1107.97 um_pwv,35,1.945 K,2.13952
20240112,223219.2733,224232.7246,613.451282,905.112 um_pwv,1104.94 um_pwv,35,1.943 K,2.13365
20240112,224233.6852,225247.1286,613.443407,901.176 um_pwv,1100.13 um_pwv,35,1.974 K,2.12435
20240112,225248.0904,225635.6136,227.523173,897.79 um_pwv,1096 um_pwv,35,1.956 K,2.11635
20240113,10136.1585,11149.73359,613.575088,911.66 um_pwv,1112.93 um_pwv,35,1.938 K,2.14912
20240113,11150.6966,12204.14074,613.444136,918.233 um_pwv,1120.96 um_pwv,35,1.922 K,2.16466
20240113,12205.09959,13218.55085,613.451258,924.112 um_pwv,1128.13 um_pwv,35,1.887 K,2.17855
20240113,13219.50826,14232.95768,613.449412,930.063 um_pwv,1135.4 um_pwv,35,1.928 K,2.19261
20240113,14233.91703,15247.36415,613.447114,931.2 um_pwv,1136.79 um_pwv,35,1.921 K,2.1953
20240113,15248.32582,15635.84841,227.522587,925.619 um_pwv,1129.97 um_pwv,35,1.906 K,2.18211
20240113,20136.15685,21149.73369,613.576833,922.892 um_pwv,1126.64 um_pwv,35,1.936 K,2.17567
20240113,21150.69302,22204.13985,613.44683,925.71 um_pwv,1130.08 um_pwv,35,1.928 K,2.18233
20240113,22205.10052,23218.55058,613.450065,932.132 um_pwv,1137.92 um_pwv,35,1.95 K,2.1975
20240113,23219.50751,24232.9559,613.448395,932.799 um_pwv,1138.74 um_pwv,35,1.967 K,2.19908
20240113,24233.91523,25247.36698,613.451749,935.382 um_pwv,1141.89 um_pwv,35,1.977 K,2.20518
20240113,25248.32367,25635.84672,227.523053,935.267 um_pwv,1141.75 um_pwv,35,1.946 K,2.20491
20240113,30136.08692,31149.63501,613.548086,937.741 um_pwv,1144.77 um_pwv,35,2.015 K,2.21076
20240113,31150.59547,32204.04226,613.446789,940.268 um_pwv,1147.86 um_pwv,35,1.995 K,2.21673
20240113,32205.0053,33218.45224,613.446939,937.29 um_pwv,1144.22 um_pwv,35,1.971 K,2.20969
20240113,33219.41395,34232.85824,613.444286,937.787 um_pwv,1144.83 um_pwv,35,1.972 K,2.21087
20240113,34233.81809,35247.26895,613.450862,939.711 um_pwv,1147.18 um_pwv,35,1.906 K,2.21541
20240113,35248.22804,35635.75102,227.522973,935.186 um_pwv,1141.65 um_pwv,35,1.913 K,2.20472
20240113,50136.15443,51149.73117,613.576738,935.74 um_pwv,1142.33 um_pwv,35,1.833 K,2.20603
20240113,51150.69098,52204.13991,613.448932,938.146 um_pwv,1145.26 um_pwv,35,1.824 K,2.21171
20240113,52205.09837,53218.54773,613.449363,939.317 um_pwv,1146.69 um_pwv,35,1.808 K,2.21448
20240113,53219.50803,54232.954,613.445966,939.989 um_pwv,1147.52 um_pwv,35,1.803 K,2.21607
20240113,54233.91426,55247.36608,613.451825,941.092 um_pwv,1148.86 um_pwv,35,1.796 K,2.21868
20240113,55248.32649,55635.84604,227.519557,939.978 um_pwv,1147.5 um_pwv,35,1.841 K,2.21604
20240113,60136.06118,61149.63481,613.573635,941.906 um_pwv,1149.85 um_pwv,35,1.792 K,2.2206
20240113,61150.59412,62204.04659,613.452472,945.296 um_pwv,1153.99 um_pwv,35,1.803 K,2.22861
20240113,62205.00447,63218.45306,613.448587,952.183 um_pwv,1162.4 um_pwv,35,1.787 K,2.24488
20240113,63219.41275,64232.86071,613.44796,957.085 um_pwv,1168.39 um_pwv,35,1.761 K,2.25647
20240113,64233.82125,65247.2698,613.448544,961.087 um_pwv,1173.27 um_pwv,35,1.801 K,2.26593
20240113,65248.22976,65635.7505,227.520736,963.428 um_pwv,1176.13 um_pwv,35,1.788 K,2.27146
20240113,70135.94271,71149.49155,613.548831,964.296 um_pwv,1177.19 um_pwv,35,1.79 K,2.27351
20240113,71150.44949,72203.90227,613.452787,963.558 um_pwv,1176.29 um_pwv,35,1.746 K,2.27176
20240113,72204.86252,73218.30582,613.443304,961.147 um_pwv,1173.34 um_pwv,35,1.743 K,2.26607
20240113,73219.26781,74232.71799,613.450177,961.538 um_pwv,1173.82 um_pwv,35,1.76 K,2.26699
20240113,74233.67585,75247.12482,613.448964,966.334 um_pwv,1179.68 um_pwv,35,1.83 K,2.27832
20240113,75248.08543,75635.60683,227.521403,967.122 um_pwv,1180.64 um_pwv,35,2.19 K,2.28019
20240113,90135.99795,91149.53877,613.54082,974.541 um_pwv,1189.69 um_pwv,35,3.958 K,2.29772
20240113,91150.49521,92203.94275,613.447536,978.181 um_pwv,1194.14 um_pwv,35,4.199 K,2.30632
20240113,92204.90275,93218.35421,613.451455,980.733 um_pwv,1197.25 um_pwv,35,4.372 K,2.31235
20240113,93219.31412,94232.76324,613.449124,984.008 um_pwv,1201.25 um_pwv,35,4.551 K,2.32009
20240113,94233.71862,95247.16723,613.448605,982.151 um_pwv,1198.98 um_pwv,35,4.422 K,2.3157
20240113,95248.12823,95635.65152,227.523295,977.324 um_pwv,1193.09 um_pwv,35,4.376 K,2.30429
20240113,100135.8603,101149.4381,613.577734,976.757 um_pwv,1192.4 um_pwv,35,4.447 K,2.30295
20240113,101150.3982,102203.846,613.447806,975.877 um_pwv,1191.33 um_pwv,35,4.335 K,2.30088
20240113,102204.8057,103218.2571,613.451421,978.798 um_pwv,1194.89 um_pwv,35,4.5 K,2.30778
20240113,103219.2174,104232.6639,613.446538,976.263 um_pwv,1191.8 um_pwv,35,4.378 K,2.30179
20240113,104233.6229,105247.0745,613.45156,974.866 um_pwv,1190.09 um_pwv,35,4.163 K,2.29849
20240113,105248.0301,105635.5533,227.523182,977.131 um_pwv,1192.86 um_pwv,35,4.213 K,2.30384
20240113,110135.7451,111149.2934,613.548282,977.047 um_pwv,1192.75 um_pwv,35,3.997 K,2.30364
20240113,111150.2534,112203.7031,613.449673,972.222 um_pwv,1186.86 um_pwv,35,3.706 K,2.29224
20240113,112204.6619,113218.1135,613.451629,967.695 um_pwv,1181.34 um_pwv,35,3.462 K,2.28154
20240113,113219.072,114232.5198,613.447741,974.288 um_pwv,1189.39 um_pwv,35,3.946 K,2.29712
20240113,114233.4801,115246.9281,613.448027,974.072 um_pwv,1189.12 um_pwv,35,3.754 K,2.29661
20240113,115247.8878,115635.4087,227.520904,968.496 um_pwv,1182.32 um_pwv,35,3.474 K,2.28343
20240113,130135.7936,131149.3396,613.54603,960.862 um_pwv,1173 um_pwv,35,3.085 K,2.26539
20240113,131150.3,132203.7527,613.452723,961.431 um_pwv,1173.69 um_pwv,35,3.082 K,2.26674
20240113,132204.7084,133218.1588,613.450411,962.18 um_pwv,1174.6 um_pwv,35,3.16 K,2.26851
20240113,133219.1155,134232.5653,613.449823,958.161 um_pwv,1169.7 um_pwv,35,3.221 K,2.25901
20240113,134233.5259,135246.9738,613.447928,951.372 um_pwv,1161.41 um_pwv,35,3.129 K,2.24297
20240113,135247.9359,135635.4551,227.519195,947.937 um_pwv,1157.22 um_pwv,35,3.062 K,2.23485
20240113,140135.7447,141149.2923,613.547578,955.091 um_pwv,1165.95 um_pwv,35,3.2 K,2.25175
20240113,141150.2516,142203.7006,613.449016,960.139 um_pwv,1172.11 um_pwv,35,3.25 K,2.26368
20240113,142204.6612,143218.1107,613.449512,963.868 um_pwv,1176.67 um_pwv,35,3.264 K,2.2725
20240113,143219.0715,144232.5207,613.44928,965.547 um_pwv,1178.72 um_pwv,35,3.231 K,2.27646
20240113,144233.4783,145246.9264,613.448097,966.453 um_pwv,1179.82 um_pwv,35,3.146 K,2.27861
20240113,145247.8864,145635.4084,227.522074,967.791 um_pwv,1181.45 um_pwv,35,3.172 K,2.28177
20240113,150136.6559,151150.2037,613.547812,972.15 um_pwv,1186.78 um_pwv,35,3.227 K,2.29207
20240113,151151.1646,152204.611,613.446454,973.375 um_pwv,1188.27 um_pwv,35,3.393 K,2.29496
20240113,152205.571,153219.0213,613.450336,974.048 um_pwv,1189.09 um_pwv,35,3.504 K,2.29655
20240113,153219.9827,154233.4288,613.446067,973.134 um_pwv,1187.98 um_pwv,35,3.661 K,2.29439
20240113,154234.3889,155247.8377,613.448815,976.143 um_pwv,1191.65 um_pwv,35,4.065 K,2.3015
20240113,155248.7978,155636.3187,227.520915,975.287 um_pwv,1190.61 um_pwv,35,4.289 K,2.29948
20240113,170136.6567,171150.2053,613.548541,991.177 um_pwv,1210 um_pwv,35,4.424 K,2.33703
20240113,171151.1617,172204.6139,613.452171,987.269 um_pwv,1205.23 um_pwv,35,4.157 K,2.32779
20240113,172205.5702,173219.0211,613.450821,984.883 um_pwv,1202.32 um_pwv,35,4.037 K,2.32216
20240113,173219.982,174233.427,613.445003,984.299 um_pwv,1201.61 um_pwv,35,3.915 K,2.32078
20240113,174234.3858,175247.8358,613.449929,985.953 um_pwv,1203.63 um_pwv,35,3.921 K,2.32469
20240113,175248.7955,175636.3176,227.522127,989.918 um_pwv,1208.47 um_pwv,35,4.091 K,2.33405
20240113,180136.5103,181150.0623,613.552001,986.989 um_pwv,1204.89 um_pwv,35,3.877 K,2.32713
20240113,181151.0195,182204.4681,613.448651,990.15 um_pwv,1208.75 um_pwv,35,4.098 K,2.3346
20240113,182205.4305,183218.8767,613.446282,986.319 um_pwv,1204.07 um_pwv,35,3.875 K,2.32555
20240113,183219.8356,184233.2816,613.446001,980.2 um_pwv,1196.6 um_pwv,35,3.781 K,2.31109
20240113,184234.2412,185247.74,613.498762,978.81 um_pwv,1194.91 um_pwv,35,3.664 K,2.3078
20240113,185248.6998,185636.2214,227.521591,984.7 um_pwv,1202.1 um_pwv,35,3.882 K,2.32172
20240113,190136.4332,191150.0103,613.577064,997.02 um_pwv,1217.14 um_pwv,35,4.13 K,2.35084
20240113,191150.9734,192204.4197,613.446345,988.148 um_pwv,1206.31 um_pwv,35,3.873 K,2.32987
20240113,192205.3792,193218.8276,613.448431,980.382 um_pwv,1196.83 um_pwv,35,3.543 K,2.31152
20240113,193219.789,194233.2352,613.446158,972.678 um_pwv,1187.42 um_pwv,35,3.301 K,2.29331
20240113,194234.1956,195247.6429,613.447307,970.95 um_pwv,1185.31 um_pwv,35,3.56 K,2.28923
20240113,195248.6062,195636.1257,227.519495,972.786 um_pwv,1187.55 um_pwv,35,3.899 K,2.29357
20240113,210136.5087,211150.0558,613.547127,961.859 um_pwv,1174.21 um_pwv,35,3.784 K,2.26775
20240113,211151.0164,212204.4639,613.447557,955.456 um_pwv,1166.4 um_pwv,35,3.509 K,2.25262
20240113,212205.4242,213218.8759,613.45173,958.552 um_pwv,1170.18 um_pwv,35,3.752 K,2.25993
20240113,213219.8343,214233.2813,613.447006,968.891 um_pwv,1182.8 um_pwv,35,4.075 K,2.28437
20240113,214234.2416,215247.6889,613.447283,971.178 um_pwv,1185.59 um_pwv,35,4.076 K,2.28977
20240113,215248.6501,215636.173,227.522896,963.011 um_pwv,1175.62 um_pwv,35,3.704 K,2.27047
20240113,220136.5217,221150.0575,613.535755,962.512 um_pwv,1175.01 um_pwv,35,3.699 K,2.26929
20240113,221151.018,222204.4666,613.448592,955.303 um_pwv,1166.21 um_pwv,35,3.38 K,2.25226
20240113,222205.426,223218.8745,613.448533,957.286 um_pwv,1168.63 um_pwv,35,3.347 K,2.25694
20240113,223219.8355,224233.2818,613.446286,967.755 um_pwv,1181.41 um_pwv,35,3.709 K,2.28168
20240113,224234.2408,225247.6928,613.451984,965.631 um_pwv,1178.82 um_pwv,35,3.609 K,2.27666
20240113,225248.6525,225636.1721,227.51957,970.711 um_pwv,1185.02 um_pwv,35,3.931 K,2.28867
20240114,10136.65138,11150.19847,613.547094,949.401 um_pwv,1159 um_pwv,35,2.714 K,2.23831
20240114,11151.16188,12204.60879,613.446914,955.102 um_pwv,1165.96 um_pwv,35,2.694 K,2.25178
20240114,12205.57048,13219.01551,613.445031,956.011 um_pwv,1167.07 um_pwv,35,2.562 K,2.25393
20240114,13219.97719,14233.42686,613.449663,955.032 um_pwv,1165.88 um_pwv,35,2.314 K,2.25162
20240114,14234.386,15247.83302,613.447022,952.124 um_pwv,1162.33 um_pwv,35,2.253 K,2.24474
20240114,15248.79236,15636.3151,227.522739,947.036 um_pwv,1156.12 um_pwv,35,2.095 K,2.23272
20240114,20136.65325,21150.20133,613.548088,941.371 um_pwv,1149.2 um_pwv,35,2.026 K,2.21934
20240114,21151.15858,22204.61088,613.452302,935.29 um_pwv,1141.78 um_pwv,35,1.876 K,2.20496
20240114,22205.56899,23219.01731,613.448315,934.54 um_pwv,1140.86 um_pwv,35,1.841 K,2.20319
20240114,23219.97573,24233.4237,613.44797,936.908 um_pwv,1143.75 um_pwv,35,1.855 K,2.20879
20240114,24234.38703,25247.8333,613.446275,941.976 um_pwv,1149.94 um_pwv,35,1.845 K,2.22076
20240114,25248.79363,25636.31383,227.520196,941.011 um_pwv,1148.76 um_pwv,35,1.726 K,2.21848
20240114,30136.69761,31150.24769,613.550073,942.72 um_pwv,1150.85 um_pwv,35,1.684 K,2.22252
20240114,31151.20888,32204.65732,613.448441,936.11 um_pwv,1142.78 um_pwv,35,1.697 K,2.2069
20240114,32205.616,33219.0635,613.447507,925.87 um_pwv,1130.28 um_pwv,35,1.698 K,2.1827
20240114,33220.02389,34233.47452,613.450628,916.896 um_pwv,1119.32 um_pwv,35,1.67 K,2.1615
20240114,34234.43207,35247.88025,613.448184,911.457 um_pwv,1112.68 um_pwv,35,1.713 K,2.14865
20240114,35248.84097,35636.36385,227.522883,908.413 um_pwv,1108.97 um_pwv,35,1.734 K,2.14145
20240114,50135.85178,51149.43226,613.580474,915.754 um_pwv,1117.93 um_pwv,35,2.336 K,2.1588
20240114,51150.39213,52203.84041,613.448278,919.276 um_pwv,1122.23 um_pwv,35,2.381 K,2.16712
20240114,52204.80007,53218.24979,613.449726,931.2 um_pwv,1136.79 um_pwv,35,2.554 K,2.1953
20240114,53219.2107,54232.65702,613.446323,937.081 um_pwv,1143.97 um_pwv,35,2.51 K,2.2092
20240114,54233.61668,55247.0646,613.44792,936.399 um_pwv,1143.13 um_pwv,35,2.463 K,2.20759
20240114,55248.0266,55635.54778,227.521181,936.295 um_pwv,1143.01 um_pwv,35,2.576 K,2.20734
20240114,60135.78681,61149.3345,613.547692,942.301 um_pwv,1150.34 um_pwv,35,2.649 K,2.22153
20240114,61150.29472,62203.74296,613.448244,944.946 um_pwv,1153.57 um_pwv,35,2.641 K,2.22778
20240114,62204.70295,63218.15371,613.450752,950.55 um_pwv,1160.41 um_pwv,35,2.656 K,2.24103
20240114,63219.11445,64232.56141,613.446965,958.741 um_pwv,1170.41 um_pwv,35,2.689 K,2.26038
20240114,64233.52143,65246.96792,613.446488,968.293 um_pwv,1182.07 um_pwv,35,2.761 K,2.28295
20240114,65247.92798,65635.45152,227.523532,971.802 um_pwv,1186.35 um_pwv,35,2.769 K,2.29124
20240114,70136.75331,71150.29722,613.543915,973.459 um_pwv,1188.37 um_pwv,35,2.619 K,2.29516
20240114,71151.25675,72204.70471,613.447962,971.898 um_pwv,1186.47 um_pwv,35,2.713 K,2.29147
20240114,72205.66383,73219.11362,613.449788,970.052 um_pwv,1184.21 um_pwv,35,2.584 K,2.28711
20240114,73220.07475,74233.52122,613.446478,971.118 um_pwv,1185.52 um_pwv,35,2.372 K,2.28963
20240114,74234.48121,75247.93087,613.449656,974.746 um_pwv,1189.94 um_pwv,35,2.298 K,2.2982
20240114,75248.8909,75636.41092,227.520016,973.807 um_pwv,1188.8 um_pwv,35,2.13 K,2.29598
20240114,90135.90921,91149.47984,613.570629,995.888 um_pwv,1215.75 um_pwv,35,1.431 K,2.34816
20240114,91150.43916,92203.89221,613.453054,999.929 um_pwv,1220.69 um_pwv,35,1.393 K,2.35771
20240114,92204.85164,93218.29839,613.446758,1006 um_pwv,1228.1 um_pwv,35,1.382 K,2.37205
20240114,93219.25871,94232.70916,613.450445,1009.27 um_pwv,1232.09 um_pwv,35,1.363 K,2.37978
20240114,94233.66815,95247.11576,613.447603,1012.14 um_pwv,1235.59 um_pwv,35,1.381 K,2.38656
20240114,95248.07238,95635.59567,227.523286,1010.12 um_pwv,1233.12 um_pwv,35,1.34 K,2.38178
20240114,100135.9,101149.4826,613.582604,1004.45 um_pwv,1226.2 um_pwv,35,1.412 K,2.36838
20240114,101150.4409,102203.89,613.449028,1008.63 um_pwv,1231.31 um_pwv,35,1.41 K,2.37828
20240114,102204.8511,103218.2961,613.444993,1016.37 um_pwv,1240.76 um_pwv,35,1.365 K,2.39657
20240114,103219.2558,104232.7074,613.451607,1023.05 um_pwv,1248.91 um_pwv,35,1.376 K,2.41233
20240114,104233.6669,105247.1162,613.44933,1032.83 um_pwv,1260.85 um_pwv,35,1.413 K,2.43546
20240114,105248.072,105635.5968,227.524815,1034.59 um_pwv,1263 um_pwv,35,1.379 K,2.43962
20240114,110135.788,111149.3392,613.551282,1032.97 um_pwv,1261.03 um_pwv,35,1.435 K,2.43579
20240114,111150.2966,112203.7459,613.449299,1028.07 um_pwv,1255.04 um_pwv,35,1.417 K,2.42421
20240114,112204.7037,113218.1518,613.448063,1021.87 um_pwv,1247.47 um_pwv,35,1.44 K,2.40956
20240114,113219.1137,114232.5628,613.449059,1016.6 um_pwv,1241.04 um_pwv,35,1.456 K,2.3971
20240114,114233.5227,115246.9714,613.44871,1012.73 um_pwv,1236.31 um_pwv,35,1.473 K,2.38795
20240114,115247.9311,115635.4526,227.521506,1002.7 um_pwv,1224.07 um_pwv,35,1.491 K,2.36425
20240114,130135.932,131149.4795,613.547541,970.83 um_pwv,1185.17 um_pwv,35,1.785 K,2.28895
20240114,131150.4391,132203.8886,613.449523,966.024 um_pwv,1179.3 um_pwv,35,1.772 K,2.27759
20240114,132204.8487,133218.2993,613.450519,962.774 um_pwv,1175.33 um_pwv,35,1.819 K,2.26991
20240114,133219.2569,134232.7061,613.449154,960.72 um_pwv,1172.82 um_pwv,35,1.877 K,2.26506
20240114,134233.6654,135247.1134,613.44805,954.996 um_pwv,1165.84 um_pwv,35,1.929 K,2.25153
20240114,135248.0743,135635.5971,227.522778,951.654 um_pwv,1161.75 um_pwv,35,1.912 K,2.24363
20240114,140135.847,141149.4343,613.587349,946.814 um_pwv,1155.85 um_pwv,35,2.064 K,2.2322
20240114,141150.3956,142203.8426,613.446993,942.08 um_pwv,1150.07 um_pwv,35,2.069 K,2.22101
20240114,142204.8027,143218.2524,613.449706,938.447 um_pwv,1145.63 um_pwv,35,2.033 K,2.21243
20240114,143219.2083,144232.6602,613.451923,940.732 um_pwv,1148.42 um_pwv,35,2.104 K,2.21783
20240114,144233.6208,145247.0644,613.443601,943.57 um_pwv,1151.89 um_pwv,35,2.087 K,2.22453
20240114,145248.0279,145635.5468,227.518898,944.538 um_pwv,1153.07 um_pwv,35,2.101 K,2.22682
20240114,150135.7038,151149.29,613.586186,948.628 um_pwv,1158.06 um_pwv,35,2.149 K,2.23648
20240114,151150.2503,152203.6967,613.446357,944.654 um_pwv,1153.21 um_pwv,35,2.137 K,2.22709
20240114,152204.6573,153218.1047,613.447386,950.116 um_pwv,1159.88 um_pwv,35,2.143 K,2.24
20240114,153219.0631,154232.5142,613.451067,950.785 um_pwv,1160.69 um_pwv,35,2.099 K,2.24158
20240114,154233.4744,155246.919,613.444584,954.501 um_pwv,1165.23 um_pwv,35,2.082 K,2.25036
20240114,155247.8805,155635.4017,227.521128,956.436 um_pwv,1167.59 um_pwv,35,2.076 K,2.25493
20240114,170135.7373,171149.2893,613.552012,996.86 um_pwv,1216.94 um_pwv,35,1.765 K,2.35046
20240114,171150.2488,172203.6972,613.448373,1000.04 um_pwv,1220.82 um_pwv,35,1.726 K,2.35797
20240114,172204.6538,173218.104,613.450181,1006.53 um_pwv,1228.75 um_pwv,35,1.71 K,2.37331
20240114,173219.0622,174232.513,613.450791,1012.78 um_pwv,1236.37 um_pwv,35,1.65 K,2.38807
20240114,174233.4729,175246.9181,613.445203,1016.47 um_pwv,1240.88 um_pwv,35,1.627 K,2.3968
20240114,175247.8778,175635.4002,227.522404,1015.16 um_pwv,1239.28 um_pwv,35,1.548 K,2.39369
20240114,180136.6599,181150.1985,613.538579,1025.23 um_pwv,1251.58 um_pwv,35,1.614 K,2.4175
20240114,181151.1599,182204.6035,613.443612,1024.03 um_pwv,1250.11 um_pwv,35,1.631 K,2.41466
20240114,182205.5636,183219.0149,613.451292,1014.18 um_pwv,1238.08 um_pwv,35,1.682 K,2.39138
20240114,183219.9709,184233.4239,613.452965,1009.38 um_pwv,1232.23 um_pwv,35,1.736 K,2.38005
20240114,184234.3825,185247.8292,613.446637,1011.4 um_pwv,1234.69 um_pwv,35,1.687 K,2.38482
20240114,185248.7893,185636.3102,227.520952,1012.46 um_pwv,1235.99 um_pwv,35,1.654 K,2.38733
20240114,190136.6465,191150.244,613.597561,1006.62 um_pwv,1228.85 um_pwv,35,1.732 K,2.37352
20240114,191151.2066,192204.6528,613.446184,995.175 um_pwv,1214.88 um_pwv,35,1.75 K,2.34648
20240114,192205.6103,193219.0589,613.448585,987.464 um_pwv,1205.47 um_pwv,35,1.735 K,2.32826
20240114,193220.0188,194233.4684,613.449605,985.138 um_pwv,1202.63 um_pwv,35,1.835 K,2.32276
20240114,194234.4295,195247.8779,613.44839,980.515 um_pwv,1196.99 um_pwv,35,1.791 K,2.31183
20240114,195248.8377,195636.3594,227.521665,983.024 um_pwv,1200.05 um_pwv,35,1.771 K,2.31776
20240114,210135.8065,211149.4277,613.621198,1005.02 um_pwv,1226.9 um_pwv,35,1.963 K,2.36973
20240114,211150.389,212203.8341,613.445134,1000.76 um_pwv,1221.7 um_pwv,35,1.801 K,2.35967
20240114,212204.7967,213218.2442,613.447494,996.97 um_pwv,1217.08 um_pwv,35,1.818 K,2.35072
20240114,213219.203,214232.6504,613.447381,993.15 um_pwv,1212.41 um_pwv,35,1.808 K,2.34169
20240114,214233.6137,215247.061,613.447295,992.647 um_pwv,1211.8 um_pwv,35,1.718 K,2.3405
20240114,215248.0212,215635.5403,227.519067,988.293 um_pwv,1206.48 um_pwv,35,1.688 K,2.33021
20240114,220135.7365,221149.2839,613.547418,970.327 um_pwv,1184.55 um_pwv,35,1.77 K,2.28776
20240114,221150.2432,222203.6921,613.44886,946.031 um_pwv,1154.89 um_pwv,35,1.83 K,2.23035
20240114,222204.6521,223218.0964,613.444355,929.925 um_pwv,1135.23 um_pwv,35,1.865 K,2.19229
20240114,223219.0604,224232.5093,613.448928,916.059 um_pwv,1118.3 um_pwv,35,1.977 K,2.15952
20240114,224233.4656,225246.9141,613.448461,910.906 um_pwv,1112.01 um_pwv,35,2.027 K,2.14734
20240114,225247.8744,225635.3964,227.522064,902.813 um_pwv,1102.13 um_pwv,35,2.024 K,2.12822
20240115,10136.83384,11150.38137,613.547525,887.784 um_pwv,1083.78 um_pwv,35,2.018 K,2.0927
20240115,11151.34149,12204.78894,613.447451,888.947 um_pwv,1085.2 um_pwv,35,1.99 K,2.09545
20240115,12205.74895,13219.1983,613.449357,888.014 um_pwv,1084.07 um_pwv,35,2.019 K,2.09325
20240115,13220.15919,14233.60599,613.446799,879.43 um_pwv,1073.59 um_pwv,35,2.015 K,2.07296
20240115,14234.56423,15248.01425,613.450014,878.454 um_pwv,1072.39 um_pwv,35,2.044 K,2.07065
20240115,15248.9739,15636.49638,227.522482,883.445 um_pwv,1078.49 um_pwv,35,2.049 K,2.08245
20240115,20136.66302,21150.23405,613.571025,887.357 um_pwv,1083.26 um_pwv,35,2.085 K,2.09169
20240115,21151.19575,22204.64333,613.447582,891.045 um_pwv,1087.76 um_pwv,35,2.075 K,2.10041
20240115,22205.60239,23219.05348,613.451092,885.519 um_pwv,1081.02 um_pwv,35,2.076 K,2.08735
20240115,23220.01358,24233.46038,613.446798,877.793 um_pwv,1071.59 um_pwv,35,2.103 K,2.06909
20240115,24234.41858,25247.86806,613.449485,875.542 um_pwv,1068.84 um_pwv,35,2.111 K,2.06377
20240115,25248.8291,25636.35099,227.521894,871.134 um_pwv,1063.46 um_pwv,35,2.082 K,2.05336
20240115,30136.73278,31150.28154,613.548764,869.329 um_pwv,1061.25 um_pwv,35,2.102 K,2.04909
20240115,31151.24097,32204.69153,613.450564,871.488 um_pwv,1063.89 um_pwv,35,2.055 K,2.05419
20240115,32205.64927,33219.10097,613.4517,871.252 um_pwv,1063.6 um_pwv,35,2.035 K,2.05364
20240115,33220.05992,34233.50699,613.447066,869.501 um_pwv,1061.46 um_pwv,35,2.034 K,2.0495
20240115,34234.46631,35247.91538,613.449069,871.392 um_pwv,1063.77 um_pwv,35,2.076 K,2.05397
20240115,35248.87744,35636.39734,227.519897,868.825 um_pwv,1060.64 um_pwv,35,2.078 K,2.0479
20240115,50135.86878,51149.41881,613.550038,840.549 um_pwv,1026.12 um_pwv,35,2.272 K,1.98108
20240115,51150.37912,52203.82548,613.446364,835.172 um_pwv,1019.56 um_pwv,35,2.33 K,1.96837
20240115,52204.78453,53218.23518,613.450651,828.57 um_pwv,1011.5 um_pwv,35,2.302 K,1.95277
20240115,53219.19614,54232.64304,613.446906,820.046 um_pwv,1001.09 um_pwv,35,2.315 K,1.93263
20240115,54233.60299,55247.05271,613.449723,816.42 um_pwv,996.665 um_pwv,35,2.371 K,1.92406
20240115,55248.01242,55635.53389,227.521477,813.977 um_pwv,993.682 um_pwv,35,2.389 K,1.91829
20240115,60135.74402,61149.32257,613.578552,811.33 um_pwv,990.451 um_pwv,35,2.46 K,1.91203
20240115,61150.28256,62203.72986,613.447299,810.649 um_pwv,989.62 um_pwv,35,2.467 K,1.91042
20240115,62204.68887,63218.13701,613.448138,811.931 um_pwv,991.184 um_pwv,35,2.461 K,1.91345
20240115,63219.09763,64232.54588,613.448249,806.089 um_pwv,984.053 um_pwv,35,2.454 K,1.89964
20240115,64233.5064,65246.95415,613.447756,804.491 um_pwv,982.102 um_pwv,35,2.437 K,1.89587
20240115,65247.91194,65635.43385,227.521904,801.329 um_pwv,978.242 um_pwv,35,2.44 K,1.8884
20240115,70136.59909,71150.13357,613.534486,797.226 um_pwv,973.233 um_pwv,35,2.467 K,1.8787
20240115,71151.09297,72204.54265,613.44968,793.167 um_pwv,968.278 um_pwv,35,2.493 K,1.86911
20240115,72205.50325,73218.952,613.448754,788.386 um_pwv,962.442 um_pwv,35,2.602 K,1.85781
20240115,73219.91199,74233.35868,613.446694,785.578 um_pwv,959.014 um_pwv,35,2.657 K,1.85117
20240115,74234.31693,75247.81539,613.498468,789.855 um_pwv,964.235 um_pwv,35,2.633 K,1.86128
20240115,75248.77502,75636.29494,227.519911,792.835 um_pwv,967.872 um_pwv,35,2.574 K,1.86832
20240115,90136.54174,91150.08127,613.539534,773.491 um_pwv,944.258 um_pwv,35,2.772 K,1.82261
20240115,91151.04476,92204.49273,613.447965,777.624 um_pwv,949.304 um_pwv,35,2.787 K,1.83238
20240115,92205.45166,93218.89789,613.446231,786.529 um_pwv,960.174 um_pwv,35,2.743 K,1.85342
20240115,93219.85802,94233.30481,613.446786,788.433 um_pwv,962.499 um_pwv,35,2.693 K,1.85792
20240115,94234.26865,95247.71369,613.445038,790.089 um_pwv,964.52 um_pwv,35,2.67 K,1.86183
20240115,95248.67314,95636.19508,227.521941,791.123 um_pwv,965.783 um_pwv,35,2.577 K,1.86428
20240115,100136.4825,101150.0317,613.549285,791.611 um_pwv,966.379 um_pwv,35,2.636 K,1.86543
20240115,101150.9914,102204.4426,613.451202,794.527 um_pwv,969.938 um_pwv,35,2.632 K,1.87232
20240115,102205.4001,103218.8512,613.45109,798.545 um_pwv,974.844 um_pwv,35,2.591 K,1.88182
20240115,103219.8112,104233.2562,613.445067,802.955 um_pwv,980.227 um_pwv,35,2.55 K,1.89224
20240115,104234.2169,105247.6647,613.447776,808.871 um_pwv,987.449 um_pwv,35,2.536 K,1.90622
20240115,105248.6231,105636.1457,227.522522,808.831 um_pwv,987.4 um_pwv,35,2.448 K,1.90612
20240115,110136.4802,111150.0327,613.552465,808.132 um_pwv,986.547 um_pwv,35,2.467 K,1.90447
20240115,111150.9905,112204.4383,613.447785,811.73 um_pwv,990.94 um_pwv,35,2.46 K,1.91298
20240115,112205.3979,113218.8463,613.448411,813.727 um_pwv,993.378 um_pwv,35,2.45 K,1.9177
20240115,113219.8079,114233.2532,613.445237,814.009 um_pwv,993.721 um_pwv,35,2.468 K,1.91836
20240115,114234.2172,115247.7112,613.493978,812.311 um_pwv,991.649 um_pwv,35,2.411 K,1.91435
20240115,115248.6724,115636.191,227.518571,809.119 um_pwv,987.751 um_pwv,35,2.429 K,1.9068
20240115,130136.5249,131150.0725,613.547567,780.651 um_pwv,952.998 um_pwv,35,2.523 K,1.83953
20240115,131151.037,132204.4849,613.447865,783.082 um_pwv,955.966 um_pwv,35,2.471 K,1.84527
20240115,132205.4445,133218.8904,613.445917,784.563 um_pwv,957.775 um_pwv,35,2.46 K,1.84877
20240115,133219.8513,134233.2972,613.445899,782.568 um_pwv,955.339 um_pwv,35,2.474 K,1.84406
20240115,134234.2568,135247.7072,613.450306,782.386 um_pwv,955.117 um_pwv,35,2.477 K,1.84363
20240115,135248.6665,135636.1898,227.523325,779.046 um_pwv,951.039 um_pwv,35,2.441 K,1.83574
20240115,140136.5876,141150.1695,613.581893,779.265 um_pwv,951.307 um_pwv,35,2.509 K,1.83625
20240115,141151.1289,142204.5749,613.446013,774.977 um_pwv,946.072 um_pwv,35,2.543 K,1.82612
20240115,142205.5354,143218.9865,613.451096,769.482 um_pwv,939.364 um_pwv,35,2.561 K,1.81313
20240115,143219.9441,144233.391,613.446964,762.808 um_pwv,931.217 um_pwv,35,2.569 K,1.79736
20240115,144234.3507,145247.8015,613.450866,761.548 um_pwv,929.679 um_pwv,35,2.617 K,1.79439
20240115,145248.7606,145636.2827,227.52211,756.201 um_pwv,923.15 um_pwv,35,2.55 K,1.78175
20240115,150136.488,151150.0229,613.534939,752.137 um_pwv,918.189 um_pwv,35,2.667 K,1.77214
20240115,151150.9826,152204.4311,613.448474,748.084 um_pwv,913.241 um_pwv,35,2.669 K,1.76257
20240115,152205.391,153218.8407,613.449715,741.322 um_pwv,904.987 um_pwv,35,2.687 K,1.74659
20240115,153219.7987,154233.2469,613.44825,735.093 um_pwv,897.383 um_pwv,35,2.727 K,1.73187
20240115,154234.2068,155247.6565,613.449749,726.231 um_pwv,886.565 um_pwv,35,2.765 K,1.71092
20240115,155248.6169,155636.1371,227.520183,721.314 um_pwv,880.562 um_pwv,35,2.76 K,1.6993
20240115,170136.4852,171150.0672,613.581913,683.719 um_pwv,834.666 um_pwv,35,3.388 K,1.61045
20240115,171151.0256,172204.4758,613.450251,684.495 um_pwv,835.614 um_pwv,35,3.444 K,1.61229
20240115,172205.4349,173218.881,613.446195,684.776 um_pwv,835.958 um_pwv,35,3.479 K,1.61295
20240115,173219.8416,174233.2912,613.449584,687.405 um_pwv,839.167 um_pwv,35,3.518 K,1.61916
20240115,174234.2516,175247.6963,613.444728,689.375 um_pwv,841.571 um_pwv,35,3.489 K,1.62382
20240115,175248.6594,175636.1799,227.520472,685.289 um_pwv,836.583 um_pwv,35,3.464 K,1.61416
20240115,180136.3899,181149.9663,613.576348,680.488 um_pwv,830.723 um_pwv,35,3.612 K,1.60282
20240115,181150.9279,182204.3742,613.446342,676.272 um_pwv,825.576 um_pwv,35,3.613 K,1.59285
20240115,182205.3358,183218.7845,613.448716,675.511 um_pwv,824.646 um_pwv,35,3.64 K,1.59105
20240115,183219.7431,184233.1913,613.448188,669.066 um_pwv,816.779 um_pwv,35,3.661 K,1.57583
20240115,184234.1509,185247.5998,613.448825,670.559 um_pwv,818.601 um_pwv,35,3.718 K,1.57935
20240115,185248.5591,185636.0816,227.522505,668.132 um_pwv,815.638 um_pwv,35,3.695 K,1.57362
20240115,190136.2793,191149.82,613.540733,661.704 um_pwv,807.791 um_pwv,35,3.808 K,1.55842
20240115,191150.7822,192204.2281,613.445879,657.361 um_pwv,802.489 um_pwv,35,3.805 K,1.54816
20240115,192205.1876,193218.6373,613.449653,658.513 um_pwv,803.896 um_pwv,35,3.812 K,1.55088
20240115,193219.5966,194233.0448,613.448241,661.834 um_pwv,807.95 um_pwv,35,3.858 K,1.55873
20240115,194234.0039,195247.4544,613.450492,666.815 um_pwv,814.031 um_pwv,35,3.914 K,1.5705
20240115,195248.4178,195635.9338,227.516074,665.878 um_pwv,812.887 um_pwv,35,3.912 K,1.56829
20240115,210136.4114,211150.0093,613.597939,659.19 um_pwv,804.723 um_pwv,35,4.142 K,1.55248
20240115,211150.969,212204.4177,613.448717,661.704 um_pwv,807.791 um_pwv,35,4.179 K,1.55842
20240115,212205.3779,213218.8262,613.448298,664.828 um_pwv,811.605 um_pwv,35,4.191 K,1.56581
20240115,213219.7822,214233.2315,613.44935,664.669 um_pwv,811.411 um_pwv,35,4.2 K,1.56543
20240115,214234.1914,215247.6402,613.448731,661.823 um_pwv,807.937 um_pwv,35,4.24 K,1.55871
20240115,215248.5984,215636.1195,227.521131,658.833 um_pwv,804.286 um_pwv,35,4.201 K,1.55164
20240115,220136.3604,221149.9096,613.549138,652.258 um_pwv,796.26 um_pwv,35,4.266 K,1.5361
20240115,221150.8696,222204.318,613.448334,649.465 um_pwv,792.85 um_pwv,35,4.247 K,1.5295
20240115,222205.2773,223218.7229,613.445551,650.074 um_pwv,793.594 um_pwv,35,4.233 K,1.53094
20240115,223219.6858,224233.1321,613.446259,653.739 um_pwv,798.068 um_pwv,35,4.192 K,1.5396
20240115,224234.0933,225247.543,613.449739,656.292 um_pwv,801.184 um_pwv,35,4.149 K,1.54563
20240115,225248.501,225636.0201,227.519165,652.773 um_pwv,796.888 um_pwv,35,4.132 K,1.53732
20240116,10136.35789,11149.9013,613.54341,660.367 um_pwv,806.159 um_pwv,35,3.785 K,1.55527
20240116,11150.86085,12204.30512,613.444278,663.283 um_pwv,809.719 um_pwv,35,3.749 K,1.56216
20240116,12205.26486,13218.71483,613.449968,654.331 um_pwv,798.791 um_pwv,35,3.742 K,1.541
20240116,13219.67514,14233.1245,613.449366,647.099 um_pwv,789.962 um_pwv,35,3.736 K,1.52391
20240116,14234.08068,15247.53112,613.450437,642.821 um_pwv,784.739 um_pwv,35,3.698 K,1.5138
20240116,15248.49085,15636.01136,227.520509,642.547 um_pwv,784.405 um_pwv,35,3.67 K,1.51315
20240116,20136.25825,21149.79952,613.541268,647.067 um_pwv,789.923 um_pwv,35,3.703 K,1.52383
20240116,21150.76025,22204.20694,613.446695,655.661 um_pwv,800.414 um_pwv,35,3.643 K,1.54414
20240116,22205.16774,23218.6168,613.449063,664.484 um_pwv,811.185 um_pwv,35,3.619 K,1.56499
20240116,23219.57542,24233.02387,613.448451,675.889 um_pwv,825.108 um_pwv,35,3.534 K,1.59195
20240116,24233.9827,25247.43276,613.450063,679.013 um_pwv,828.922 um_pwv,35,3.519 K,1.59933
20240116,25248.39345,25635.91425,227.5208,679.449 um_pwv,829.454 um_pwv,35,3.47 K,1.60036
20240116,30136.29706,31149.84449,613.547426,686.942 um_pwv,838.601 um_pwv,35,3.449 K,1.61807
20240116,31150.80557,32204.25288,613.447311,683.702 um_pwv,834.646 um_pwv,35,3.4 K,1.61041
20240116,32205.21082,33219.66856,614.457739,681.816 um_pwv,832.343 um_pwv,35,3.416 K,1.60596
20240116,33220.62667,34234.08025,613.453582,682.506 um_pwv,833.185 um_pwv,35,3.39 K,1.60759
20240116,34235.03887,35248.48466,613.44579,681.608 um_pwv,832.09 um_pwv,35,3.362 K,1.60547
20240116,35249.44484,35636.00625,226.561406,681.984 um_pwv,832.549 um_pwv,35,3.315 K,1.60635
20240116,50136.44153,51149.98628,613.544747,681.306 um_pwv,831.721 um_pwv,35,3.334 K,1.60475
20240116,51150.94596,52204.39453,613.448573,679.248 um_pwv,829.208 um_pwv,35,3.33 K,1.59989
20240116,52205.35385,53218.80198,613.448137,674.656 um_pwv,823.603 um_pwv,35,3.335 K,1.58904
20240116,53219.76192,54233.2082,613.446275,674.584 um_pwv,823.515 um_pwv,35,3.337 K,1.58887
20240116,54234.1695,55247.66668,613.497176,672.049 um_pwv,820.42 um_pwv,35,3.367 K,1.58287
20240116,55248.62399,55636.14669,227.5227,669.584 um_pwv,817.411 um_pwv,35,3.354 K,1.57705
20240116,60136.38494,61149.93456,613.549629,667.626 um_pwv,815.021 um_pwv,35,3.361 K,1.57242
20240116,61150.89435,62204.34162,613.447274,666.251 um_pwv,813.342 um_pwv,35,3.417 K,1.56917
20240116,62205.303,63218.75327,613.450276,661.268 um_pwv,807.259 um_pwv,35,3.434 K,1.5574
20240116,63219.71367,64233.15955,613.445876,656.951 um_pwv,801.989 um_pwv,35,3.434 K,1.54719
20240116,64234.11983,65247.56916,613.449331,651.808 um_pwv,795.71 um_pwv,35,3.427 K,1.53504
20240116,65248.52908,65636.05003,227.520951,646.971 um_pwv,789.806 um_pwv,35,3.344 K,1.52361
20240116,70136.26394,71149.83705,613.573111,639.832 um_pwv,781.09 um_pwv,35,3.387 K,1.50673
20240116,71150.7971,72204.24778,613.450677,634.365 um_pwv,774.416 um_pwv,35,3.394 K,1.49381
20240116,72205.20496,73218.65474,613.449772,631.462 um_pwv,770.873 um_pwv,35,3.424 K,1.48695
20240116,73219.61503,74233.0609,613.445872,629.643 um_pwv,768.652 um_pwv,35,3.413 K,1.48265
20240116,74234.02097,75247.46904,613.448064,626.843 um_pwv,765.234 um_pwv,35,3.445 K,1.47604
20240116,75248.42986,75635.95104,227.521186,623.002 um_pwv,760.545 um_pwv,35,3.466 K,1.46696
20240116,90136.32986,91149.87783,613.547963,622.373 um_pwv,759.777 um_pwv,35,3.611 K,1.46547
20240116,91150.83723,92204.29004,613.452807,619.418 um_pwv,756.17 um_pwv,35,3.648 K,1.45849
20240116,92205.2457,93218.69401,613.448306,619.601 um_pwv,756.394 um_pwv,35,3.672 K,1.45892
20240116,93219.65212,94233.10106,613.448946,618.056 um_pwv,754.507 um_pwv,35,3.649 K,1.45527
20240116,94234.06444,95247.50909,613.444646,620.09 um_pwv,756.991 um_pwv,35,3.586 K,1.46008
20240116,95248.46948,95635.99103,227.521551,618.945 um_pwv,755.592 um_pwv,35,3.482 K,1.45737
20240116,100136.3271,101149.8772,613.550165,614.55 um_pwv,750.227 um_pwv,35,3.48 K,1.44698
20240116,101150.8369,102204.286,613.44906,613.097 um_pwv,748.454 um_pwv,35,3.524 K,1.44355
20240116,102205.2459,103218.6918,613.445906,613.475 um_pwv,748.915 um_pwv,35,3.544 K,1.44444
20240116,103219.6534,104233.1011,613.447646,611.241 um_pwv,746.187 um_pwv,35,3.569 K,1.43916
20240116,104234.0621,105247.5064,613.444287,610.157 um_pwv,744.864 um_pwv,35,3.597 K,1.4366
20240116,105248.4665,105635.9891,227.522578,607.44 um_pwv,741.547 um_pwv,35,3.573 K,1.43018
20240116,110136.3019,111149.8748,613.572873,606.542 um_pwv,740.451 um_pwv,35,3.626 K,1.42806
20240116,111150.8346,112204.2848,613.450139,606.77 um_pwv,740.73 um_pwv,35,3.676 K,1.4286
20240116,112205.244,113218.6914,613.447415,605.705 um_pwv,739.43 um_pwv,35,3.69 K,1.42608
20240116,113219.6505,114234.1064,614.455892,604.452 um_pwv,737.9 um_pwv,35,3.69 K,1.42312
20240116,114235.0671,115248.5156,613.448465,604.467 um_pwv,737.918 um_pwv,35,3.704 K,1.42316
20240116,115249.4719,115636.0374,226.565434,603.425 um_pwv,736.646 um_pwv,35,3.751 K,1.42069
20240116,130136.5121,131150.066,613.553883,612.663 um_pwv,747.924 um_pwv,35,3.633 K,1.44253
20240116,131151.0248,132204.4709,613.446114,623.125 um_pwv,760.695 um_pwv,35,3.645 K,1.46725
20240116,132205.4328,133218.8806,613.447835,629.798 um_pwv,768.841 um_pwv,35,3.531 K,1.48302
20240116,133219.8399,134233.285,613.44511,638.161 um_pwv,779.051 um_pwv,35,3.486 K,1.50279
20240116,134234.2448,135248.7039,614.459094,647.972 um_pwv,791.028 um_pwv,35,3.457 K,1.52597
20240116,135249.6635,135636.2236,226.560102,652.784 um_pwv,796.902 um_pwv,35,3.412 K,1.53734
20240116,140136.3673,141149.9655,613.598255,656.481 um_pwv,801.415 um_pwv,35,3.346 K,1.54608
20240116,141150.9258,142204.3724,613.446563,662.602 um_pwv,808.887 um_pwv,35,3.309 K,1.56055
20240116,142205.3341,143218.7772,613.443055,667.616 um_pwv,815.009 um_pwv,35,3.29 K,1.5724
20240116,143219.7433,144233.1898,613.446427,670.117 um_pwv,818.062 um_pwv,35,3.268 K,1.57831
20240116,144234.1494,145247.5969,613.447533,677.708 um_pwv,827.329 um_pwv,35,3.222 K,1.59625
20240116,145248.5531,145636.077,227.523931,685.385 um_pwv,836.7 um_pwv,35,3.133 K,1.61439
20240116,150136.3629,151149.914,613.551132,719.892 um_pwv,878.826 um_pwv,35,3.11 K,1.69594
20240116,151150.8737,152204.32,613.446328,735.783 um_pwv,898.225 um_pwv,35,3.05 K,1.7335
20240116,152205.2812,153218.7293,613.448103,746.8 um_pwv,911.674 um_pwv,35,2.972 K,1.75953
20240116,153219.6918,154233.1351,613.443291,752.081 um_pwv,918.121 um_pwv,35,2.926 K,1.77201
20240116,154234.0962,155247.5448,613.4486,765.75 um_pwv,934.809 um_pwv,35,2.826 K,1.80432
20240116,155248.5056,155636.0282,227.522677,780.631 um_pwv,952.975 um_pwv,35,2.699 K,1.83948
20240116,170136.3175,171149.8589,613.541465,774.958 um_pwv,946.049 um_pwv,35,2.733 K,1.82608
20240116,171150.818,172204.2692,613.451188,774.836 um_pwv,945.9 um_pwv,35,2.738 K,1.82579
20240116,172205.2268,173218.6759,613.449183,774.904 um_pwv,945.984 um_pwv,35,2.704 K,1.82595
20240116,173219.6353,174233.0861,613.450783,775.39 um_pwv,946.577 um_pwv,35,2.744 K,1.8271
20240116,174234.0448,175247.4907,613.445855,776.685 um_pwv,948.157 um_pwv,35,2.74 K,1.83016
20240116,175248.4506,175635.9717,227.521042,775.402 um_pwv,946.591 um_pwv,35,2.696 K,1.82712
20240116,180136.2289,181149.8129,613.584,778.927 um_pwv,950.894 um_pwv,35,2.605 K,1.83545
20240116,181150.7706,182204.217,613.446481,783.689 um_pwv,956.707 um_pwv,35,2.568 K,1.84671
20240116,182205.1774,183218.6272,613.449784,787.375 um_pwv,961.208 um_pwv,35,2.483 K,1.85542
20240116,183219.5842,184233.0307,613.446514,788.99 um_pwv,963.179 um_pwv,35,2.477 K,1.85924
20240116,184233.9934,185247.4418,613.44843,796.266 um_pwv,972.061 um_pwv,35,2.466 K,1.87643
20240116,185248.3989,185635.9212,227.522297,797.485 um_pwv,973.549 um_pwv,35,2.386 K,1.87931
20240116,190136.0672,191149.6147,613.547436,801.083 um_pwv,977.942 um_pwv,35,2.389 K,1.88781
20240116,191150.5778,192204.0211,613.443276,804.718 um_pwv,982.379 um_pwv,35,2.34 K,1.8964
20240116,192204.9848,193218.43,613.445152,805.572 um_pwv,983.422 um_pwv,35,2.315 K,1.89842
20240116,193219.3927,194232.8382,613.445502,803.796 um_pwv,981.254 um_pwv,35,2.308 K,1.89423
20240116,194233.7989,195247.2462,613.447271,799.069 um_pwv,975.483 um_pwv,35,2.337 K,1.88306
20240116,195248.2066,195635.7299,227.523287,792.393 um_pwv,967.333 um_pwv,35,2.32 K,1.86728
20240116,210136.0863,211149.6605,613.574131,774.262 um_pwv,945.2 um_pwv,35,2.471 K,1.82443
20240116,211150.6215,212204.0704,613.448945,775.333 um_pwv,946.507 um_pwv,35,2.455 K,1.82696
20240116,212205.03,213218.4784,613.448393,778.381 um_pwv,950.228 um_pwv,35,2.426 K,1.83416
20240116,213219.4383,214232.8851,613.44672,780.882 um_pwv,953.281 um_pwv,35,2.411 K,1.84007
20240116,214233.845,215247.2919,613.446972,777.383 um_pwv,949.009 um_pwv,35,2.441 K,1.83181
20240116,215248.2534,215635.774,227.520572,773.117 um_pwv,943.801 um_pwv,35,2.356 K,1.82172
20240116,220136.062,221149.611,613.548998,774.855 um_pwv,945.923 um_pwv,35,2.418 K,1.82583
20240116,221150.5701,222204.0185,613.44843,769.406 um_pwv,939.271 um_pwv,35,2.451 K,1.81295
20240116,222204.9792,223218.4271,613.447861,763.298 um_pwv,931.815 um_pwv,35,2.465 K,1.79852
20240116,223219.3895,224232.8346,613.44505,759.091 um_pwv,926.679 um_pwv,35,2.535 K,1.78858
20240116,224233.7942,225247.2437,613.449436,755.857 um_pwv,922.732 um_pwv,35,2.507 K,1.78094
20240116,225248.2047,225635.7247,227.520077,753.727 um_pwv,920.131 um_pwv,35,2.503 K,1.7759
20240117,10136.01656,11149.55623,613.539661,730.627 um_pwv,891.931 um_pwv,35,2.696 K,1.72131
20240117,11150.51921,12203.96599,613.446775,729.619 um_pwv,890.7 um_pwv,35,2.694 K,1.71893
20240117,12204.92636,13218.37217,613.445814,729.925 um_pwv,891.074 um_pwv,35,2.684 K,1.71965
20240117,13219.32902,14232.7775,613.44848,730.519 um_pwv,891.799 um_pwv,35,2.676 K,1.72106
20240117,14233.73828,15247.18672,613.448443,727.965 um_pwv,888.681 um_pwv,35,2.705 K,1.71502
20240117,15248.14828,15635.66817,227.519885,727.767 um_pwv,888.44 um_pwv,35,2.686 K,1.71455
20240117,20135.87696,21149.45795,613.580995,728.78 um_pwv,889.676 um_pwv,35,2.735 K,1.71695
20240117,21150.41733,22203.86648,613.449152,728.683 um_pwv,889.558 um_pwv,35,2.697 K,1.71672
20240117,22204.82505,23218.27443,613.449385,735.976 um_pwv,898.46 um_pwv,35,2.696 K,1.73395
20240117,23219.23481,24232.68092,613.446112,735.468 um_pwv,897.84 um_pwv,35,2.701 K,1.73275
20240117,24233.64153,25247.09158,613.450045,735.511 um_pwv,897.893 um_pwv,35,2.704 K,1.73285
20240117,25248.05421,25635.57167,227.51746,739.204 um_pwv,902.401 um_pwv,35,2.711 K,1.74158
20240117,30135.7623,31149.36092,613.598622,739.112 um_pwv,902.29 um_pwv,35,2.669 K,1.74136
20240117,31150.32248,32203.76901,613.446529,739.97 um_pwv,903.336 um_pwv,35,2.691 K,1.74339
20240117,32204.72958,33218.1794,613.449822,741.608 um_pwv,905.336 um_pwv,35,2.704 K,1.74726
20240117,33219.1336,34232.58358,613.449978,744.732 um_pwv,909.15 um_pwv,35,2.73 K,1.75464
20240117,34233.54711,35246.99052,613.443412,742.347 um_pwv,906.238 um_pwv,35,2.745 K,1.74901
20240117,35247.95044,35635.47397,227.523534,743.52 um_pwv,907.671 um_pwv,35,2.774 K,1.75178
20240117,50135.76064,51149.31181,613.551167,730.238 um_pwv,891.456 um_pwv,35,2.928 K,1.72039
20240117,51150.27085,52203.71747,613.446621,732.233 um_pwv,893.892 um_pwv,35,2.969 K,1.72511
20240117,52204.67745,53218.12622,613.448772,729.882 um_pwv,891.022 um_pwv,35,2.976 K,1.71955
20240117,53219.08743,54232.53481,613.447381,723.631 um_pwv,883.391 um_pwv,35,2.962 K,1.70478
20240117,54233.49571,55246.941,613.445284,721.35 um_pwv,880.606 um_pwv,35,2.965 K,1.69939
20240117,55247.90347,55635.42438,227.520911,723.054 um_pwv,882.686 um_pwv,35,2.965 K,1.70341
20240117,60136.71991,61150.26914,613.549226,725.097 um_pwv,885.18 um_pwv,35,3.1 K,1.70824
20240117,61151.22842,62204.67558,613.447165,722.401 um_pwv,881.888 um_pwv,35,3.101 K,1.70187
20240117,62205.63638,63219.08457,613.448198,720.816 um_pwv,879.954 um_pwv,35,3.177 K,1.69813
20240117,63220.04505,64233.49216,613.447111,715.349 um_pwv,873.28 um_pwv,35,3.214 K,1.6852
20240117,64234.45145,65247.8997,613.448251,711.523 um_pwv,868.61 um_pwv,35,3.287 K,1.67616
20240117,65248.86128,65636.38231,227.521031,711.032 um_pwv,868.01 um_pwv,35,3.342 K,1.675
20240117,70136.57471,71150.12476,613.550051,715.384 um_pwv,873.323 um_pwv,35,3.385 K,1.68529
20240117,71151.08235,72204.53077,613.448419,717.835 um_pwv,876.315 um_pwv,35,3.427 K,1.69108
20240117,72205.49036,73218.93777,613.447413,722.448 um_pwv,881.946 um_pwv,35,3.455 K,1.70198
20240117,73219.89909,74233.3459,613.446809,721.255 um_pwv,880.489 um_pwv,35,3.489 K,1.69916
20240117,74234.30532,75247.75553,613.450209,718.101 um_pwv,876.639 um_pwv,35,3.497 K,1.69171
20240117,75248.71259,75636.23449,227.521901,714.108 um_pwv,871.765 um_pwv,35,3.522 K,1.68227
20240117,90136.61622,91150.16429,613.548073,707.341 um_pwv,863.504 um_pwv,35,3.726 K,1.66628
20240117,91151.12377,92204.5715,613.447724,704.624 um_pwv,860.187 um_pwv,35,3.768 K,1.65986
20240117,92205.5318,93218.98068,613.448878,703.241 um_pwv,858.499 um_pwv,35,3.809 K,1.65659
20240117,93219.94061,94233.38806,613.447454,706.382 um_pwv,862.333 um_pwv,35,3.792 K,1.66401
20240117,94234.3479,95247.79592,613.448018,705.929 um_pwv,861.78 um_pwv,35,3.787 K,1.66294
20240117,95248.75638,95636.2773,227.520916,707.295 um_pwv,863.447 um_pwv,35,3.703 K,1.66617
20240117,100136.4198,101149.9681,613.548341,701.623 um_pwv,856.524 um_pwv,35,3.801 K,1.65277
20240117,101150.9326,102204.3783,613.445641,700.517 um_pwv,855.173 um_pwv,35,3.827 K,1.65015
20240117,102205.3348,103218.7847,613.449942,705.668 um_pwv,861.461 um_pwv,35,3.755 K,1.66233
20240117,103219.7447,104233.1961,613.451444,707.323 um_pwv,863.482 um_pwv,35,3.743 K,1.66624
20240117,104234.1561,105247.6009,613.44475,706.759 um_pwv,862.794 um_pwv,35,3.712 K,1.6649
20240117,105248.5606,105636.0826,227.522064,704.902 um_pwv,860.527 um_pwv,35,3.717 K,1.66052
20240117,110136.3686,111149.9179,613.549213,704.381 um_pwv,859.89 um_pwv,35,3.796 K,1.65928
20240117,111150.8788,112204.3272,613.44834,708.115 um_pwv,864.449 um_pwv,35,3.776 K,1.66811
20240117,112205.2865,113218.7356,613.449102,709.333 um_pwv,865.935 um_pwv,35,3.737 K,1.67099
20240117,113219.6964,114233.1425,613.446116,713.932 um_pwv,871.55 um_pwv,35,3.779 K,1.68186
20240117,114234.1032,115247.5544,613.451249,719.324 um_pwv,878.133 um_pwv,35,3.733 K,1.6946
20240117,115248.5138,115636.0343,227.520454,720.905 um_pwv,880.063 um_pwv,35,3.611 K,1.69834
20240117,130136.3684,131149.916,613.547604,747.007 um_pwv,911.927 um_pwv,35,3.325 K,1.76002
20240117,131150.8769,132204.3236,613.446712,751.154 um_pwv,916.989 um_pwv,35,3.27 K,1.76982
20240117,132205.2851,133218.7349,613.449859,752.155 um_pwv,918.212 um_pwv,35,3.233 K,1.77219
20240117,133219.6928,134233.1408,613.448037,753.809 um_pwv,920.231 um_pwv,35,3.194 K,1.7761
20240117,134234.1009,135247.5508,613.449868,758.013 um_pwv,925.362 um_pwv,35,3.216 K,1.78603
20240117,135248.5096,135636.03,227.520411,756.137 um_pwv,923.073 um_pwv,35,3.125 K,1.7816
20240117,140136.2239,141149.7709,613.546989,759.334 um_pwv,926.976 um_pwv,35,3.225 K,1.78915
20240117,141150.7309,142204.1775,613.446657,755.317 um_pwv,922.072 um_pwv,35,3.279 K,1.77966
20240117,142205.1382,143218.587,613.448832,754.207 um_pwv,920.716 um_pwv,35,3.283 K,1.77704
20240117,143219.5499,144232.9944,613.444443,753.363 um_pwv,919.686 um_pwv,35,3.288 K,1.77504
20240117,144233.9546,145247.4029,613.448298,751.48 um_pwv,917.388 um_pwv,35,3.265 K,1.77059
20240117,145248.3643,145635.8863,227.522038,748.73 um_pwv,914.03 um_pwv,35,3.239 K,1.76409
20240117,150136.1778,151149.7242,613.546409,751.858 um_pwv,917.85 um_pwv,35,3.216 K,1.77149
20240117,151150.6809,152204.1328,613.451901,755.888 um_pwv,922.768 um_pwv,35,3.19 K,1.78101
20240117,152205.0909,153218.5368,613.445916,757.912 um_pwv,925.239 um_pwv,35,3.152 K,1.78579
20240117,153219.4996,154232.9446,613.444936,762.037 um_pwv,930.276 um_pwv,35,3.15 K,1.79554
20240117,154233.9089,155247.3549,613.446039,762.846 um_pwv,931.263 um_pwv,35,3.119 K,1.79745
20240117,155248.313,155635.8364,227.523353,762.112 um_pwv,930.367 um_pwv,35,3.106 K,1.79572
20240117,170136.1773,171149.7183,613.54103,765.996 um_pwv,935.108 um_pwv,35,3.174 K,1.8049
20240117,171150.6823,172204.1301,613.447822,768.711 um_pwv,938.423 um_pwv,35,3.187 K,1.81131
20240117,172205.0903,173218.5375,613.447266,772.27 um_pwv,942.768 um_pwv,35,3.124 K,1.81972
20240117,173219.4942,174232.9419,613.447666,774.407 um_pwv,945.377 um_pwv,35,3.118 K,1.82477
20240117,174233.9023,175247.3511,613.448832,767.403 um_pwv,936.827 um_pwv,35,3.161 K,1.80822
20240117,175248.3118,175635.8337,227.521931,763.976 um_pwv,932.643 um_pwv,35,3.158 K,1.80012
20240117,180136.0781,181149.6214,613.543356,757.119 um_pwv,924.272 um_pwv,35,3.276 K,1.78392
20240117,181150.5812,182204.0288,613.447582,758.428 um_pwv,925.87 um_pwv,35,3.239 K,1.78701
20240117,182204.99,183218.4399,613.449925,758.492 um_pwv,925.947 um_pwv,35,3.166 K,1.78716
20240117,183219.3989,184232.8442,613.445298,757.564 um_pwv,924.815 um_pwv,35,3.119 K,1.78497
20240117,184233.8073,185247.2538,613.446444,760.441 um_pwv,928.327 um_pwv,35,3.106 K,1.79177
20240117,185248.2154,185635.7351,227.519715,759.454 um_pwv,927.122 um_pwv,35,3.108 K,1.78944
20240117,190136.0312,191149.5714,613.540247,760.384 um_pwv,928.258 um_pwv,35,3.1 K,1.79163
20240117,191150.5333,192203.9828,613.449519,764.485 um_pwv,933.264 um_pwv,35,3.016 K,1.80133
20240117,192204.9426,193218.3888,613.446168,763.927 um_pwv,932.583 um_pwv,35,2.985 K,1.80001
20240117,193219.3471,194232.7947,613.447523,764.599 um_pwv,933.403 um_pwv,35,2.965 K,1.80159
20240117,194233.7545,195247.2035,613.448989,766.991 um_pwv,936.323 um_pwv,35,2.981 K,1.80725
20240117,195248.1632,195635.6866,227.523409,770.165 um_pwv,940.198 um_pwv,35,2.92 K,1.81475
20240117,210136.0671,211149.6179,613.550809,786.956 um_pwv,960.696 um_pwv,35,2.953 K,1.85443
20240117,211150.5761,212204.0248,613.448714,785.772 um_pwv,959.251 um_pwv,35,2.951 K,1.85163
20240117,212204.9842,213218.4343,613.450114,782.734 um_pwv,955.542 um_pwv,35,2.971 K,1.84445
20240117,213219.3958,214232.8395,613.443668,778.754 um_pwv,950.683 um_pwv,35,2.993 K,1.83505
20240117,214233.8004,215247.249,613.448648,778.438 um_pwv,950.298 um_pwv,35,2.963 K,1.8343
20240117,215248.2086,215635.7305,227.521933,777.076 um_pwv,948.634 um_pwv,35,2.924 K,1.83108
20240117,220136.0188,221149.5688,613.550009,780.681 um_pwv,953.036 um_pwv,35,2.944 K,1.8396
20240117,221150.5281,222203.9768,613.448751,786.296 um_pwv,959.89 um_pwv,35,2.905 K,1.85287
20240117,222204.9343,223218.3851,613.450822,788.892 um_pwv,963.06 um_pwv,35,2.855 K,1.85901
20240117,223219.3419,224232.7915,613.449595,793.332 um_pwv,968.479 um_pwv,35,2.796 K,1.8695
20240117,224233.7516,225247.2007,613.44909,793.853 um_pwv,969.115 um_pwv,35,2.752 K,1.87073
20240117,225248.16,225635.681,227.521023,791.025 um_pwv,965.663 um_pwv,35,2.716 K,1.86405
20240118,10136.03717,11149.61204,613.574872,793.203 um_pwv,968.322 um_pwv,35,2.626 K,1.86919
20240118,11150.56899,12204.02043,613.451442,798.762 um_pwv,975.108 um_pwv,35,2.582 K,1.88233
20240118,12204.97588,13218.42663,613.450757,806.12 um_pwv,984.091 um_pwv,35,2.542 K,1.89972
20240118,13219.38759,14232.83312,613.445529,812.933 um_pwv,992.408 um_pwv,35,2.499 K,1.91582
20240118,14233.79155,15247.24316,613.451612,816.774 um_pwv,997.097 um_pwv,35,2.415 K,1.9249
20240118,15248.19997,15635.72241,227.522442,817.33 um_pwv,997.776 um_pwv,35,2.366 K,1.92621
20240118,20135.92139,21149.46628,613.544888,824.877 um_pwv,1006.99 um_pwv,35,2.404 K,1.94404
20240118,21150.42208,22203.87023,613.448144,828.816 um_pwv,1011.8 um_pwv,35,2.34 K,1.95335
20240118,22204.83022,23218.28001,613.449787,830.577 um_pwv,1013.95 um_pwv,35,2.307 K,1.95751
20240118,23219.2395,24232.68595,613.446451,829.02 um_pwv,1012.05 um_pwv,35,2.281 K,1.95384
20240118,24233.6459,25247.09501,613.449114,830.72 um_pwv,1014.12 um_pwv,35,2.289 K,1.95785
20240118,25248.05843,25635.57807,227.519646,829.327 um_pwv,1012.42 um_pwv,35,2.236 K,1.95456
20240118,30135.82702,31149.36658,613.539564,833.235 um_pwv,1017.19 um_pwv,35,2.276 K,1.96379
20240118,31150.32569,32203.77353,613.447842,838.403 um_pwv,1023.5 um_pwv,35,2.242 K,1.97601
20240118,32204.73321,33218.18322,613.450004,843.822 um_pwv,1030.12 um_pwv,35,2.181 K,1.98881
20240118,33219.14332,34232.59119,613.447869,847.6 um_pwv,1034.73 um_pwv,35,2.163 K,1.99774
20240118,34233.55101,35246.99988,613.448872,848.323 um_pwv,1035.61 um_pwv,35,2.104 K,1.99945
20240118,35247.96242,35635.48085,227.518435,849.601 um_pwv,1037.17 um_pwv,35,2.042 K,2.00247
20240118,50135.88789,51149.45832,613.570427,887.686 um_pwv,1083.66 um_pwv,35,1.766 K,2.09247
20240118,51150.4193,52203.86811,613.448803,892.387 um_pwv,1089.4 um_pwv,35,1.751 K,2.10358
20240118,52204.82773,53218.27823,613.4505,895.057 um_pwv,1092.66 um_pwv,35,1.697 K,2.10989
20240118,53219.23937,54232.68325,613.443886,892.85 um_pwv,1089.97 um_pwv,35,1.652 K,2.10468
20240118,54233.6441,55247.09345,613.449348,893.468 um_pwv,1090.72 um_pwv,35,1.628 K,2.10613
20240118,55248.0508,55635.57435,227.523555,894.141 um_pwv,1091.54 um_pwv,35,1.62 K,2.10772
20240118,60135.92063,61149.45629,613.535662,894.781 um_pwv,1092.33 um_pwv,35,1.638 K,2.10924
20240118,61150.42129,62203.8667,613.445415,900.109 um_pwv,1098.83 um_pwv,35,1.657 K,2.12183
20240118,62204.82608,63218.27619,613.450118,908.413 um_pwv,1108.97 um_pwv,35,1.585 K,2.14145
20240118,63219.23677,64232.68238,613.445609,916.444 um_pwv,1118.77 um_pwv,35,1.568 K,2.16043
20240118,64233.64232,65247.09166,613.449341,923.336 um_pwv,1127.19 um_pwv,35,1.543 K,2.17672
20240118,65248.04808,65635.57255,227.52447,924.203 um_pwv,1128.24 um_pwv,35,1.531 K,2.17877
20240118,70135.85803,71149.40912,613.551093,926.911 um_pwv,1131.55 um_pwv,35,1.525 K,2.18516
20240118,71150.36823,72203.81816,613.449924,925.219 um_pwv,1129.48 um_pwv,35,1.529 K,2.18117
20240118,72204.77837,73218.22292,613.444547,927.895 um_pwv,1132.75 um_pwv,35,1.52 K,2.18749
20240118,73219.18199,74232.6325,613.450508,927.174 um_pwv,1131.87 um_pwv,35,1.514 K,2.18579
20240118,74233.59333,75247.04193,613.4486,928.606 um_pwv,1133.62 um_pwv,35,1.515 K,2.18917
20240118,75248.00151,75635.52159,227.520072,926.911 um_pwv,1131.55 um_pwv,35,1.487 K,2.18516
20240118,90135.92349,91149.50065,613.577158,922.846 um_pwv,1126.59 um_pwv,35,1.574 K,2.17556
20240118,91150.46082,92203.90844,613.447612,921.56 um_pwv,1125.02 um_pwv,35,1.604 K,2.17252
20240118,92204.86816,93218.3179,613.449739,916.987 um_pwv,1119.43 um_pwv,35,1.595 K,2.16171
20240118,93219.27804,94232.72565,613.447616,914.907 um_pwv,1116.89 um_pwv,35,1.657 K,2.1568
20240118,94233.68328,95247.13316,613.449876,911.019 um_pwv,1112.15 um_pwv,35,1.634 K,2.14761
20240118,95248.09327,95635.61492,227.521648,909.322 um_pwv,1110.08 um_pwv,35,1.589 K,2.1436
20240118,100135.7759,101149.3543,613.578332,909.592 um_pwv,1110.41 um_pwv,35,1.611 K,2.14424
20240118,101150.315,102203.7632,613.448226,907.842 um_pwv,1108.27 um_pwv,35,1.625 K,2.1401
20240118,102204.7229,103218.1697,613.446827,905.447 um_pwv,1105.35 um_pwv,35,1.627 K,2.13444
20240118,103219.1316,104232.5776,613.445975,905.346 um_pwv,1105.22 um_pwv,35,1.637 K,2.1342
20240118,104233.5409,105246.9879,613.446991,905.011 um_pwv,1104.81 um_pwv,35,1.621 K,2.13341
20240118,105247.9488,105635.471,227.522187,902.156 um_pwv,1101.33 um_pwv,35,1.575 K,2.12667
20240118,110136.7165,111150.2659,613.549377,899.82 um_pwv,1098.48 um_pwv,35,1.602 K,2.12115
20240118,111151.2264,112204.6762,613.449789,898.544 um_pwv,1096.92 um_pwv,35,1.626 K,2.11813
20240118,112205.6335,113219.0828,613.449293,898.511 um_pwv,1096.88 um_pwv,35,1.579 K,2.11805
20240118,113220.0466,114233.4908,613.444276,902.089 um_pwv,1101.25 um_pwv,35,1.61 K,2.12651
20240118,114234.4506,115247.901,613.450396,905.391 um_pwv,1105.28 um_pwv,35,1.589 K,2.13431
20240118,115248.8616,115636.3822,227.520639,905.469 um_pwv,1105.37 um_pwv,35,1.577 K,2.1345
20240118,130135.7084,131149.2581,613.549697,902.601 um_pwv,1101.87 um_pwv,35,1.676 K,2.12772
20240118,131150.217,132203.6651,613.448148,901.477 um_pwv,1100.5 um_pwv,35,1.609 K,2.12506
20240118,132204.6248,133218.0729,613.448064,899.054 um_pwv,1097.54 um_pwv,35,1.65 K,2.11934
20240118,133219.0333,134232.4812,613.447894,895.565 um_pwv,1093.28 um_pwv,35,1.696 K,2.11109
20240118,134233.4417,135246.891,613.449314,895.411 um_pwv,1093.09 um_pwv,35,1.69 K,2.11073
20240118,135247.8499,135635.371,227.521067,894.461 um_pwv,1091.93 um_pwv,35,1.649 K,2.10848
20240118,140136.5719,141150.1206,613.548693,894.119 um_pwv,1091.52 um_pwv,35,1.691 K,2.10767
20240118,141151.0799,142204.5277,613.447719,892.531 um_pwv,1089.58 um_pwv,35,1.709 K,2.10392
20240118,142205.4903,143218.9393,613.449017,892.222 um_pwv,1089.2 um_pwv,35,1.697 K,2.10319
20240118,143219.8981,144233.3459,613.44787,893.898 um_pwv,1091.25 um_pwv,35,1.714 K,2.10715
20240118,144234.3053,145247.7528,613.447578,895.963 um_pwv,1093.77 um_pwv,35,1.736 K,2.11203
20240118,145248.713,145636.2363,227.523355,895.477 um_pwv,1093.18 um_pwv,35,1.728 K,2.11088
20240118,150136.4511,151150.024,613.572923,895.543 um_pwv,1093.26 um_pwv,35,1.767 K,2.11104
20240118,151150.9841,152204.4328,613.448658,896.03 um_pwv,1093.85 um_pwv,35,1.768 K,2.11219
20240118,152205.3927,153218.8428,613.450052,894.648 um_pwv,1092.16 um_pwv,35,1.75 K,2.10892
20240118,153219.8007,154233.247,613.446312,895.952 um_pwv,1093.76 um_pwv,35,1.757 K,2.11201
20240118,154234.2074,155247.657,613.449576,897.192 um_pwv,1095.27 um_pwv,35,1.756 K,2.11493
20240118,155248.6175,155636.1395,227.522005,895.521 um_pwv,1093.23 um_pwv,35,1.746 K,2.11099
20240118,170136.6176,171150.1647,613.547096,896.428 um_pwv,1094.34 um_pwv,35,1.682 K,2.11313
20240118,171151.1295,172204.575,613.445502,895.952 um_pwv,1093.76 um_pwv,35,1.744 K,2.11201
20240118,172205.5337,173218.9826,613.448898,896.583 um_pwv,1094.53 um_pwv,35,1.748 K,2.1135
20240118,173219.9447,174233.3902,613.445485,899.021 um_pwv,1097.5 um_pwv,35,1.713 K,2.11926
20240118,174234.3505,175247.8009,613.450383,901.666 um_pwv,1100.73 um_pwv,35,1.724 K,2.12551
20240118,175248.7609,175636.2813,227.520384,898.788 um_pwv,1097.22 um_pwv,35,1.717 K,2.11871
20240118,180136.4927,181150.0707,613.578016,901.61 um_pwv,1100.66 um_pwv,35,1.779 K,2.12538
20240118,181151.0294,182204.4781,613.44873,902.902 um_pwv,1102.24 um_pwv,35,1.765 K,2.12843
20240118,182205.4374,183218.8868,613.449403,903.482 um_pwv,1102.95 um_pwv,35,1.763 K,2.1298
20240118,183219.8481,184233.2956,613.447533,904.229 um_pwv,1103.86 um_pwv,35,1.761 K,2.13157
20240118,184234.255,185247.7039,613.448908,905.179 um_pwv,1105.02 um_pwv,35,1.734 K,2.13381
20240118,185248.6629,185636.1837,227.520829,905.48 um_pwv,1105.39 um_pwv,35,1.707 K,2.13452
20240118,190136.3793,191150.9346,614.555283,907.315 um_pwv,1107.63 um_pwv,35,1.739 K,2.13886
20240118,191151.8944,192205.3433,613.448903,910.715 um_pwv,1111.78 um_pwv,35,1.7 K,2.14689
20240118,192206.3033,193219.7515,613.448149,919.106 um_pwv,1122.02 um_pwv,35,1.624 K,2.16672
20240118,193220.7074,194234.1573,613.449888,922.516 um_pwv,1126.18 um_pwv,35,1.603 K,2.17478
20240118,194235.1174,195248.5639,613.446523,925.322 um_pwv,1129.61 um_pwv,35,1.572 K,2.18141
20240118,195249.5246,195636.087,226.562424,928.732 um_pwv,1133.77 um_pwv,35,1.548 K,2.18947
20240118,210136.4938,211150.0706,613.576807,942.93 um_pwv,1151.1 um_pwv,35,1.451 K,2.22302
20240118,211151.0311,212204.4783,613.447203,944.864 um_pwv,1153.47 um_pwv,35,1.459 K,2.22759
20240118,212205.4379,213218.8831,613.445174,945.366 um_pwv,1154.08 um_pwv,35,1.458 K,2.22877
20240118,213219.8434,214233.2936,613.450229,942.267 um_pwv,1150.3 um_pwv,35,1.475 K,2.22145
20240118,214234.2543,215247.7009,613.446642,941.557 um_pwv,1149.43 um_pwv,35,1.487 K,2.21977
20240118,215248.6613,215636.1849,227.523618,939.549 um_pwv,1146.98 um_pwv,35,1.462 K,2.21503
20240118,220136.4705,221150.0182,613.547772,940.721 um_pwv,1148.41 um_pwv,35,1.504 K,2.2178
20240118,221150.9813,222204.426,613.444694,943.116 um_pwv,1151.33 um_pwv,35,1.523 K,2.22346
20240118,222205.3863,223218.8341,613.447763,944.596 um_pwv,1153.14 um_pwv,35,1.503 K,2.22696
20240118,223219.7956,224233.2428,613.447265,945.716 um_pwv,1154.51 um_pwv,35,1.457 K,2.2296
20240118,224234.2029,225247.6525,613.449641,945.167 um_pwv,1153.84 um_pwv,35,1.45 K,2.22831
20240118,225248.6133,225636.1355,227.522158,943.873 um_pwv,1152.26 um_pwv,35,1.404 K,2.22525
20240119,10136.52816,11150.06775,613.539586,962.381 um_pwv,1174.85 um_pwv,35,1.365 K,2.26898
20240119,11151.02359,12204.47099,613.447395,961.859 um_pwv,1174.21 um_pwv,35,1.372 K,2.26775
20240119,12205.43166,13218.88264,613.450984,963.332 um_pwv,1176.01 um_pwv,35,1.341 K,2.27123
20240119,13219.84138,14233.28787,613.446489,964.963 um_pwv,1178 um_pwv,35,1.346 K,2.27508
20240119,14234.24698,15247.69765,613.450661,965.356 um_pwv,1178.48 um_pwv,35,1.375 K,2.27601
20240119,15248.65489,15636.17853,227.523639,964.725 um_pwv,1177.71 um_pwv,35,1.282 K,2.27452
20240119,20136.41986,21149.9701,613.550249,965.726 um_pwv,1178.93 um_pwv,35,1.418 K,2.27689
20240119,21150.92722,22204.37457,613.447346,968.078 um_pwv,1181.8 um_pwv,35,1.376 K,2.28244
20240119,22205.3343,23218.78118,613.446873,972.906 um_pwv,1187.7 um_pwv,35,1.334 K,2.29385
20240119,23219.74274,24233.18956,613.446814,970.531 um_pwv,1184.8 um_pwv,35,1.349 K,2.28824
20240119,24234.14976,25247.59971,613.449949,970.507 um_pwv,1184.77 um_pwv,35,1.399 K,2.28818
20240119,25248.56131,25636.08135,227.520046,970.734 um_pwv,1185.05 um_pwv,35,1.343 K,2.28872
20240119,30136.29155,31149.86953,613.577976,973.459 um_pwv,1188.37 um_pwv,35,1.408 K,2.29516
20240119,31150.8293,32204.27741,613.448108,976.492 um_pwv,1192.08 um_pwv,35,1.398 K,2.30233
20240119,32205.2396,33218.68927,613.44967,981.254 um_pwv,1197.89 um_pwv,35,1.39 K,2.31358
20240119,33219.64903,34233.09497,613.445937,980.479 um_pwv,1196.94 um_pwv,35,1.404 K,2.31175
20240119,34234.05541,35247.50398,613.448566,977.566 um_pwv,1193.39 um_pwv,35,1.44 K,2.30486
20240119,35248.46451,35635.98693,227.522418,973.639 um_pwv,1188.59 um_pwv,35,1.435 K,2.29559
20240119,50136.41542,51149.96376,613.548333,989.466 um_pwv,1207.91 um_pwv,35,1.371 K,2.33298
20240119,51150.92393,52204.37241,613.44848,992.622 um_pwv,1211.77 um_pwv,35,1.361 K,2.34044
20240119,52205.33295,53218.78279,613.44984,994.033 um_pwv,1213.49 um_pwv,35,1.333 K,2.34378
20240119,53219.74335,54233.18891,613.445563,997.795 um_pwv,1218.08 um_pwv,35,1.341 K,2.35267
20240119,54234.1535,55247.60096,613.447466,996.97 um_pwv,1217.08 um_pwv,35,1.366 K,2.35072
20240119,55248.5591,55636.0821,227.522999,996.023 um_pwv,1215.92 um_pwv,35,1.282 K,2.34848
20240119,60136.31979,61149.86994,613.55015,1000.36 um_pwv,1221.22 um_pwv,35,1.309 K,2.35873
20240119,61150.83503,62204.27855,613.443522,997.475 um_pwv,1217.69 um_pwv,35,1.318 K,2.35191
20240119,62205.23758,63218.68644,613.448866,1003.44 um_pwv,1224.98 um_pwv,35,1.35 K,2.36601
20240119,63219.64714,64233.09458,613.447443,1007.17 um_pwv,1229.52 um_pwv,35,1.32 K,2.37481
20240119,64234.05489,65247.5036,613.448709,1012.58 um_pwv,1236.13 um_pwv,35,1.272 K,2.3876
20240119,65248.46292,65635.98533,227.522408,1014.94 um_pwv,1239.02 um_pwv,35,1.242 K,2.39319
20240119,70136.22457,71149.77392,613.549347,1017.28 um_pwv,1241.86 um_pwv,35,1.282 K,2.3987
20240119,71150.73403,72204.18121,613.447176,1014.85 um_pwv,1238.91 um_pwv,35,1.25 K,2.39298
20240119,72205.14052,73218.5895,613.448981,1010.22 um_pwv,1233.25 um_pwv,35,1.288 K,2.38202
20240119,73219.55041,74232.99767,613.447265,1007.69 um_pwv,1230.16 um_pwv,35,1.278 K,2.37604
20240119,74233.95793,75247.40659,613.448655,1006.26 um_pwv,1228.41 um_pwv,35,1.262 K,2.37267
20240119,75248.36323,75635.88791,227.524685,1006.88 um_pwv,1229.17 um_pwv,35,1.283 K,2.37413
20240119,90136.27138,91149.81827,613.546891,1039.78 um_pwv,1269.34 um_pwv,35,1.153 K,2.45188
20240119,91150.78081,92204.22665,613.445847,1032.3 um_pwv,1260.2 um_pwv,35,1.214 K,2.4342
20240119,92205.18775,93218.63822,613.450477,1027.86 um_pwv,1254.78 um_pwv,35,1.287 K,2.4237
20240119,93219.59822,94233.04271,613.44449,1030.7 um_pwv,1258.26 um_pwv,35,1.286 K,2.43043
20240119,94234.00544,95247.45226,613.446823,1034.29 um_pwv,1262.63 um_pwv,35,1.302 K,2.4389
20240119,95248.41242,95635.93521,227.522795,1034.67 um_pwv,1263.1 um_pwv,35,1.247 K,2.4398
20240119,100136.1266,101149.6784,613.551885,1042.45 um_pwv,1272.6 um_pwv,35,1.402 K,2.4582
20240119,101150.6346,102204.0845,613.44997,1049.53 um_pwv,1281.24 um_pwv,35,1.726 K,2.47492
20240119,102205.0425,103218.4931,613.450686,1053.28 um_pwv,1285.82 um_pwv,35,1.885 K,2.48379
20240119,103219.454,104232.8984,613.444361,1056.14 um_pwv,1289.3 um_pwv,35,2.012 K,2.49053
20240119,104233.8634,105247.3576,613.494228,1057.55 um_pwv,1291.02 um_pwv,35,2.197 K,2.49386
20240119,105248.3186,105635.8369,227.518255,1056.62 um_pwv,1289.89 um_pwv,35,2.185 K,2.49167
20240119,110136.0792,111149.6261,613.546976,1066.07 um_pwv,1301.43 um_pwv,35,2.326 K,2.514
20240119,111150.5859,112204.0377,613.451874,1064.69 um_pwv,1299.74 um_pwv,35,2.357 K,2.51073
20240119,112204.9979,113218.4445,613.446609,1063.66 um_pwv,1298.49 um_pwv,35,2.478 K,2.50831
20240119,113219.4045,114232.8508,613.446228,1058.19 um_pwv,1291.81 um_pwv,35,2.348 K,2.49537
20240119,114233.8102,115247.2596,613.449435,1062.44 um_pwv,1297 um_pwv,35,2.413 K,2.50543
20240119,115248.2196,115635.7429,227.523294,1061.55 um_pwv,1295.91 um_pwv,35,2.276 K,2.50332
20240119,130136.1744,131149.7225,613.548054,1093.47 um_pwv,1334.88 um_pwv,35,1.594 K,2.57874
20240119,131150.6831,132204.131,613.447873,1093.14 um_pwv,1334.48 um_pwv,35,1.478 K,2.57798
20240119,132205.0911,133218.5415,613.450361,1088.66 um_pwv,1329.01 um_pwv,35,1.448 K,2.56738
20240119,133219.5011,134232.9468,613.445632,1086.86 um_pwv,1326.81 um_pwv,35,1.469 K,2.56312
20240119,134233.9078,135247.3574,613.449678,1087.72 um_pwv,1327.86 um_pwv,35,1.502 K,2.56515
20240119,135248.3177,135635.839,227.5213,1085.95 um_pwv,1325.7 um_pwv,35,1.532 K,2.56097
20240119,140136.0288,141149.5791,613.550284,1088.48 um_pwv,1328.79 um_pwv,35,1.768 K,2.56696
20240119,141150.5363,142203.9849,613.448542,1090.89 um_pwv,1331.73 um_pwv,35,1.869 K,2.57266
20240119,142204.9448,143218.394,613.449196,1090.07 um_pwv,1330.73 um_pwv,35,1.993 K,2.57071
20240119,143219.3546,144232.8013,613.446666,1084.79 um_pwv,1324.29 um_pwv,35,1.864 K,2.55824
20240119,144233.7657,145247.2118,613.446096,1079.55 um_pwv,1317.89 um_pwv,35,1.945 K,2.54586
20240119,145248.1721,145635.6937,227.521604,1078.1 um_pwv,1316.12 um_pwv,35,1.894 K,2.54243
20240119,150135.9511,151149.5326,613.581482,1086.47 um_pwv,1326.34 um_pwv,35,1.926 K,2.56221
20240119,151150.492,152203.9413,613.449319,1093.87 um_pwv,1335.37 um_pwv,35,2.019 K,2.5797
20240119,152204.901,153218.3471,613.446134,1100.98 um_pwv,1344.04 um_pwv,35,1.901 K,2.59648
20240119,153219.3096,154232.756,613.446358,1106.89 um_pwv,1351.27 um_pwv,35,1.914 K,2.61046
20240119,154233.717,155247.1649,613.447921,1116.85 um_pwv,1363.42 um_pwv,35,1.812 K,2.63399
20240119,155248.121,155635.6443,227.523254,1121.3 um_pwv,1368.85 um_pwv,35,1.779 K,2.6445
20240119,170136.0505,171149.6249,613.574411,1106.33 um_pwv,1350.58 um_pwv,35,1.328 K,2.60914
20240119,171150.5847,172204.0334,613.448708,1112.17 um_pwv,1357.71 um_pwv,35,1.237 K,2.62293
20240119,172204.9934,173218.443,613.449604,1120.43 um_pwv,1367.79 um_pwv,35,1.266 K,2.64244
20240119,173219.4027,174232.8491,613.446375,1124.1 um_pwv,1372.27 um_pwv,35,1.297 K,2.65112
20240119,174233.8091,175247.3047,613.49552,1127.19 um_pwv,1376.04 um_pwv,35,1.296 K,2.65841
20240119,175248.2652,175635.7894,227.524276,1122.79 um_pwv,1370.68 um_pwv,35,1.273 K,2.64804
20240119,180135.9319,181149.4814,613.549483,1129.5 um_pwv,1378.86 um_pwv,35,1.335 K,2.66388
20240119,181150.4419,182203.8889,613.446924,1134 um_pwv,1384.36 um_pwv,35,1.362 K,2.67451
20240119,182204.8491,183218.2991,613.450034,1140.05 um_pwv,1391.75 um_pwv,35,1.347 K,2.68882
20240119,183219.26,184232.7066,613.446587,1140.94 um_pwv,1392.83 um_pwv,35,1.378 K,2.69091
20240119,184233.6647,185247.1146,613.449888,1142.98 um_pwv,1395.33 um_pwv,35,1.405 K,2.69574
20240119,185248.0746,185635.5973,227.52269,1144.02 um_pwv,1396.58 um_pwv,35,1.407 K,2.69818
20240119,190135.8859,191149.4346,613.548699,1151.97 um_pwv,1406.3 um_pwv,35,1.444 K,2.71698
20240119,191150.3938,192203.8423,613.448535,1156.42 um_pwv,1411.72 um_pwv,35,1.448 K,2.72749
20240119,192204.8005,193218.248,613.447524,1158.69 um_pwv,1414.5 um_pwv,35,1.427 K,2.73286
20240119,193219.2102,194233.6642,614.453963,1161.37 um_pwv,1417.77 um_pwv,35,1.45 K,2.73919
20240119,194234.6236,195248.0741,613.450469,1162.7 um_pwv,1419.4 um_pwv,35,1.497 K,2.74234
20240119,195249.0338,195635.5954,226.561571,1162.19 um_pwv,1418.77 um_pwv,35,1.477 K,2.74112
20240119,210135.9311,211149.4809,613.54977,1172.08 um_pwv,1430.84 um_pwv,35,1.599 K,2.76449
20240119,211150.4381,212203.8906,613.452433,1175.54 um_pwv,1435.08 um_pwv,35,1.607 K,2.77268
20240119,212204.848,213218.2944,613.446338,1179.68 um_pwv,1440.12 um_pwv,35,1.623 K,2.78244
20240119,213219.2549,214232.7037,613.448723,1181.41 um_pwv,1442.23 um_pwv,35,1.653 K,2.78654
20240119,214233.667,215247.1108,613.443711,1181.63 um_pwv,1442.5 um_pwv,35,1.662 K,2.78705
20240119,215248.072,215635.5936,227.521559,1181.25 um_pwv,1442.04 um_pwv,35,1.649 K,2.78616
20240119,220135.8821,221149.433,613.5509,1187.98 um_pwv,1450.25 um_pwv,35,1.681 K,2.80206
20240119,221150.3921,222203.8404,613.448237,1188.01 um_pwv,1450.29 um_pwv,35,1.677 K,2.80213
20240119,222204.8,223218.2498,613.449783,1189.23 um_pwv,1451.78 um_pwv,35,1.669 K,2.80501
20240119,223219.2103,224232.6564,613.446146,1188.76 um_pwv,1451.2 um_pwv,35,1.68 K,2.8039
20240119,224233.6161,225247.064,613.447898,1191.39 um_pwv,1454.42 um_pwv,35,1.707 K,2.81012
20240119,225248.0261,225635.5472,227.521049,1191.8 um_pwv,1454.92 um_pwv,35,1.733 K,2.8111
20240120,10135.88053,11149.42952,613.548989,1224.27 um_pwv,1494.56 um_pwv,35,1.844 K,2.88781
20240120,11150.39202,12203.84255,613.450533,1224.1 um_pwv,1494.35 um_pwv,35,1.844 K,2.88741
20240120,12204.79885,13218.24846,613.449607,1224.99 um_pwv,1495.44 um_pwv,35,1.856 K,2.88952
20240120,13219.20602,14232.655,613.448988,1227.07 um_pwv,1497.97 um_pwv,35,1.886 K,2.89443
20240120,14233.61569,15247.06287,613.447186,1229.6 um_pwv,1501.07 um_pwv,35,1.904 K,2.90041
20240120,15248.02376,15635.54753,227.523774,1228.72 um_pwv,1499.99 um_pwv,35,1.922 K,2.89833
20240120,20135.79543,21149.38224,613.586807,1226.84 um_pwv,1497.7 um_pwv,35,1.894 K,2.89389
20240120,21150.34417,22203.79045,613.44628,1222.11 um_pwv,1491.92 um_pwv,35,1.88 K,2.8827
20240120,22204.74967,23218.20023,613.450559,1223.15 um_pwv,1493.19 um_pwv,35,1.865 K,2.88516
20240120,23219.16004,24232.60769,613.447648,1226.42 um_pwv,1497.18 um_pwv,35,1.862 K,2.89289
20240120,24233.56724,25247.01801,613.450771,1226.83 um_pwv,1497.68 um_pwv,35,1.897 K,2.89385
20240120,25247.97699,25635.49795,227.520952,1226.46 um_pwv,1497.23 um_pwv,35,1.895 K,2.89299
20240120,30135.75561,31149.33254,613.576931,1229.5 um_pwv,1500.94 um_pwv,35,1.879 K,2.90016
20240120,31150.29304,32203.74083,613.447788,1230.85 um_pwv,1502.59 um_pwv,35,1.89 K,2.90336
20240120,32204.70051,33218.15163,613.451117,1232.25 um_pwv,1504.3 um_pwv,35,1.901 K,2.90666
20240120,33219.11284,34232.55809,613.445249,1238.64 um_pwv,1512.1 um_pwv,35,1.892 K,2.92177
20240120,34233.51837,35246.96769,613.44932,1239.68 um_pwv,1513.38 um_pwv,35,1.914 K,2.92423
20240120,35247.92776,35635.44896,227.521204,1238.92 um_pwv,1512.44 um_pwv,35,1.91 K,2.92242
20240120,50135.79095,51149.33516,613.544211,1247.4 um_pwv,1522.79 um_pwv,35,1.947 K,2.94245
20240120,51150.29246,52203.74406,613.4516,1249.22 um_pwv,1525.01 um_pwv,35,1.976 K,2.94675
20240120,52204.7041,53218.15091,613.446811,1252.97 um_pwv,1529.6 um_pwv,35,1.98 K,2.95564
20240120,53219.11086,54232.55598,613.445111,1252.68 um_pwv,1529.24 um_pwv,35,1.971 K,2.95493
20240120,54233.51617,55246.96445,613.448279,1251.93 um_pwv,1528.33 um_pwv,35,1.956 K,2.95318
20240120,55247.92702,55635.44905,227.522028,1250.87 um_pwv,1527.03 um_pwv,35,1.953 K,2.95067
20240120,60135.73464,61149.28614,613.551499,1255.79 um_pwv,1533.04 um_pwv,35,1.954 K,2.96229
20240120,61150.24566,62203.69627,613.450609,1256.07 um_pwv,1533.38 um_pwv,35,1.946 K,2.96296
20240120,62204.65547,63218.10403,613.448565,1255.79 um_pwv,1533.04 um_pwv,35,1.928 K,2.96229
20240120,63219.06501,64232.51013,613.445123,1256.52 um_pwv,1533.93 um_pwv,35,1.932 K,2.96401
20240120,64233.47012,65246.91996,613.449842,1258.37 um_pwv,1536.19 um_pwv,35,1.948 K,2.96839
20240120,65247.88062,65635.40206,227.521441,1258.77 um_pwv,1536.68 um_pwv,35,1.982 K,2.96934
20240120,70136.69486,71150.24739,613.552532,1259.15 um_pwv,1537.13 um_pwv,35,2.002 K,2.97022
20240120,71151.20763,72204.65209,613.444456,1259.89 um_pwv,1538.05 um_pwv,35,2.008 K,2.97198
20240120,72205.61132,73219.06061,613.449288,1263.37 um_pwv,1542.29 um_pwv,35,1.996 K,2.9802
20240120,73220.02263,74233.46813,613.445501,1264.4 um_pwv,1543.55 um_pwv,35,1.982 K,2.98263
20240120,74234.42863,75247.87795,613.449317,1262.59 um_pwv,1541.34 um_pwv,35,1.975 K,2.97835
20240120,75248.83736,75636.35958,227.522226,1261.5 um_pwv,1540 um_pwv,35,1.974 K,2.97577
20240120,90135.83173,91149.38258,613.550846,1266.45 um_pwv,1546.05 um_pwv,35,1.976 K,2.98747
20240120,91150.33901,92203.79103,613.452019,1267.84 um_pwv,1547.75 um_pwv,35,2.005 K,2.99076
20240120,92204.75071,93218.19701,613.4463,1266.86 um_pwv,1546.55 um_pwv,35,2.004 K,2.98844
20240120,93219.1546,94232.60274,613.448144,1263.65 um_pwv,1542.63 um_pwv,35,1.988 K,2.98086
20240120,94233.56709,95247.06165,613.494565,1264.09 um_pwv,1543.17 um_pwv,35,2.008 K,2.98189
20240120,95248.02228,95635.54418,227.521898,1262.78 um_pwv,1541.57 um_pwv,35,1.98 K,2.97879
20240120,100135.8549,101149.4272,613.572298,1263.34 um_pwv,1542.25 um_pwv,35,2.033 K,2.98012
20240120,101150.3897,102203.8377,613.448002,1261.11 um_pwv,1539.53 um_pwv,35,2.011 K,2.97485
20240120,102204.7968,103218.2436,613.4468,1258.68 um_pwv,1536.57 um_pwv,35,2.02 K,2.96913
20240120,103219.2064,104232.6549,613.448522,1256.92 um_pwv,1534.42 um_pwv,35,2.028 K,2.96497
20240120,104233.6132,105247.062,613.448736,1258.57 um_pwv,1536.43 um_pwv,35,2.064 K,2.96886
20240120,105248.0255,105635.5415,227.516042,1259.83 um_pwv,1537.97 um_pwv,35,2.102 K,2.97185
20240120,110135.7399,111149.2842,613.544348,1262.26 um_pwv,1540.94 um_pwv,35,2.104 K,2.97758
20240120,111150.2438,112203.6912,613.447461,1259.03 um_pwv,1536.99 um_pwv,35,2.079 K,2.96993
20240120,112204.6518,113218.1029,613.451058,1255.99 um_pwv,1533.28 um_pwv,35,2.051 K,2.96277
20240120,113219.0603,114232.5071,613.446736,1255.76 um_pwv,1533 um_pwv,35,2.073 K,2.96222
20240120,114233.4671,115246.9166,613.449461,1256.04 um_pwv,1533.34 um_pwv,35,2.053 K,2.96288
20240120,115247.8773,115635.3992,227.521963,1255.98 um_pwv,1533.27 um_pwv,35,2.048 K,2.96273
20240120,130135.7064,131149.2841,613.577728,1268.09 um_pwv,1548.05 um_pwv,35,2.093 K,2.99135
20240120,131150.244,132203.6921,613.448086,1269.22 um_pwv,1549.43 um_pwv,35,2.103 K,2.99402
20240120,132204.6524,133218.1011,613.448693,1270.38 um_pwv,1550.85 um_pwv,35,2.128 K,2.99676
20240120,133219.0622,134232.5091,613.446869,1273.3 um_pwv,1554.42 um_pwv,35,2.117 K,3.00367
20240120,134233.4681,135246.9172,613.449149,1274.11 um_pwv,1555.4 um_pwv,35,2.135 K,3.00556
20240120,135247.8775,135635.3985,227.520975,1273.26 um_pwv,1554.36 um_pwv,35,2.154 K,3.00356
20240120,140136.6066,141150.1475,613.540874,1273.1 um_pwv,1554.17 um_pwv,35,2.139 K,3.00318
20240120,141151.108,142204.5553,613.447335,1276.3 um_pwv,1558.07 um_pwv,35,2.153 K,3.01074
20240120,142205.5152,143218.9655,613.450355,1276.71 um_pwv,1558.57 um_pwv,35,2.138 K,3.01171
20240120,143219.9246,144233.3727,613.448143,1278.16 um_pwv,1560.34 um_pwv,35,2.126 K,3.01514
20240120,144234.332,145247.7819,613.449915,1279.99 um_pwv,1562.58 um_pwv,35,2.131 K,3.01947
20240120,145248.7389,145636.2629,227.52399,1280.26 um_pwv,1562.91 um_pwv,35,2.105 K,3.0201
20240120,150136.4746,151150.1017,613.627076,1280.27 um_pwv,1562.93 um_pwv,35,2.116 K,3.02014
20240120,151151.0568,152204.5082,613.451354,1286.55 um_pwv,1570.59 um_pwv,35,2.098 K,3.03498
20240120,152205.4657,153218.9146,613.448888,1292.56 um_pwv,1577.92 um_pwv,35,2.115 K,3.04917
20240120,153219.877,154233.3249,613.447912,1296.8 um_pwv,1583.1 um_pwv,35,2.095 K,3.05918
20240120,154234.2821,155247.7807,613.498582,1298.51 um_pwv,1585.19 um_pwv,35,2.102 K,3.06323
20240120,155248.7403,155636.2618,227.521529,1299.03 um_pwv,1585.82 um_pwv,35,2.115 K,3.06445
20240120,170136.5497,171150.0969,613.547169,1302.77 um_pwv,1590.39 um_pwv,35,2.14 K,3.0733
20240120,171151.0607,172204.5085,613.447869,1299.22 um_pwv,1586.05 um_pwv,35,2.157 K,3.0649
20240120,172205.4664,173218.9125,613.446024,1295.71 um_pwv,1581.77 um_pwv,35,2.118 K,3.05661
20240120,173219.8736,174233.3216,613.448017,1292.67 um_pwv,1578.06 um_pwv,35,2.137 K,3.04943
20240120,174234.2817,175247.7322,613.450521,1293.1 um_pwv,1578.59 um_pwv,35,2.14 K,3.05045
20240120,175248.6916,175636.2132,227.521598,1291.49 um_pwv,1576.62 um_pwv,35,2.127 K,3.04664
20240120,180136.4033,181149.9555,613.552287,1291.22 um_pwv,1576.29 um_pwv,35,2.152 K,3.04601
20240120,181150.9134,182204.3601,613.44668,1290.66 um_pwv,1575.61 um_pwv,35,2.118 K,3.04468
20240120,182205.3223,183218.7695,613.44726,1291.63 um_pwv,1576.79 um_pwv,35,2.116 K,3.04698
20240120,183219.729,184233.179,613.449991,1293.58 um_pwv,1579.17 um_pwv,35,2.136 K,3.05157
20240120,184234.1397,185247.5851,613.445427,1291.54 um_pwv,1576.68 um_pwv,35,2.145 K,3.04675
20240120,185248.5453,185636.0674,227.52202,1287.75 um_pwv,1572.05 um_pwv,35,2.144 K,3.0378
20240120,190136.2591,191149.808,613.548933,1289.18 um_pwv,1573.8 um_pwv,35,2.155 K,3.04118
20240120,191150.7682,192204.214,613.445812,1292.05 um_pwv,1577.3 um_pwv,35,2.165 K,3.04796
20240120,192205.175,193218.6235,613.448508,1289.92 um_pwv,1574.7 um_pwv,35,2.159 K,3.04292
20240120,193219.5827,194233.0332,613.450448,1289.29 um_pwv,1573.93 um_pwv,35,2.138 K,3.04144
20240120,194233.9947,195247.4388,613.444109,1296.46 um_pwv,1582.68 um_pwv,35,2.16 K,3.05838
20240120,195248.3986,195635.9218,227.52319,1296.03 um_pwv,1582.16 um_pwv,35,2.167 K,3.05736
20240120,210136.3041,211149.8538,613.549618,1259.71 um_pwv,1537.82 um_pwv,35,2.069 K,2.97154
20240120,211150.8164,212204.2634,613.446957,1258.04 um_pwv,1535.79 um_pwv,35,2.015 K,2.96761
20240120,212205.2233,213218.6705,613.447119,1259.55 um_pwv,1537.63 um_pwv,35,1.978 K,2.97117
20240120,213219.6307,214233.0765,613.445806,1262.78 um_pwv,1541.57 um_pwv,35,1.936 K,2.97879
20240120,214234.0389,215247.4866,613.447631,1270.6 um_pwv,1551.12 um_pwv,35,1.895 K,2.99728
20240120,215248.4475,215635.9683,227.520813,1274.95 um_pwv,1556.43 um_pwv,35,1.843 K,3.00756
20240120,220136.2574,221149.8079,613.550513,1277.18 um_pwv,1559.15 um_pwv,35,1.879 K,3.01282
20240120,221150.7677,222204.2124,613.444628,1284 um_pwv,1567.47 um_pwv,35,1.898 K,3.02894
20240120,222205.1729,223218.6209,613.448027,1281.21 um_pwv,1564.07 um_pwv,35,1.946 K,3.02235
20240120,223219.5827,224233.027,613.444211,1277.67 um_pwv,1559.75 um_pwv,35,1.975 K,3.01399
20240120,224233.987,225247.4382,613.451214,1277.9 um_pwv,1560.03 um_pwv,35,1.999 K,3.01454
20240120,225248.3994,225635.9199,227.52046,1278.13 um_pwv,1560.3 um_pwv,35,1.995 K,3.01506
20240121,10136.35039,11149.89957,613.549181,1199.05 um_pwv,1463.77 um_pwv,35,1.824 K,2.82822
20240121,11150.85889,12204.30898,613.450088,1215.41 um_pwv,1483.74 um_pwv,35,1.861 K,2.86688
20240121,12205.26752,13218.71747,613.449951,1235.36 um_pwv,1508.09 um_pwv,35,1.913 K,2.91401
20240121,13219.67869,14233.12274,613.44405,1244.18 um_pwv,1518.86 um_pwv,35,1.969 K,2.93485
20240121,14234.08448,15247.53133,613.446853,1231.23 um_pwv,1503.05 um_pwv,35,1.843 K,2.90426
20240121,15248.49099,15636.01466,227.523665,1236.2 um_pwv,1509.12 um_pwv,35,1.88 K,2.91599
20240121,20136.27894,21149.85489,613.575952,1246.87 um_pwv,1522.15 um_pwv,35,1.921 K,2.94122
20240121,21150.8113,22204.25907,613.447769,1264.92 um_pwv,1544.18 um_pwv,35,1.826 K,2.98385
20240121,22205.21848,23218.66935,613.450865,1277.81 um_pwv,1559.92 um_pwv,35,1.799 K,3.01432
20240121,23219.62969,24233.07516,613.445471,1280.72 um_pwv,1563.47 um_pwv,35,1.652 K,3.02119
20240121,24234.03665,25247.48461,613.447965,1282.48 um_pwv,1565.61 um_pwv,35,1.592 K,3.02534
20240121,25248.44437,25635.96708,227.522705,1275.57 um_pwv,1557.18 um_pwv,35,1.59 K,3.00902
20240121,30136.25383,31149.85334,613.599515,1272.25 um_pwv,1553.13 um_pwv,35,1.597 K,3.00118
20240121,31150.81318,32204.26021,613.447032,1270.08 um_pwv,1550.48 um_pwv,35,1.584 K,2.99606
20240121,32205.22028,33218.67041,613.450129,1268.77 um_pwv,1548.88 um_pwv,35,1.566 K,2.99295
20240121,33219.62996,34233.07794,613.447977,1271.52 um_pwv,1552.24 um_pwv,35,1.549 K,2.99946
20240121,34234.03835,35247.48264,613.444289,1270.43 um_pwv,1550.91 um_pwv,35,1.541 K,2.99687
20240121,35248.4454,35635.96555,227.520151,1275.32 um_pwv,1556.88 um_pwv,35,1.565 K,3.00843
20240121,50136.30309,51149.84992,613.546831,1252.89 um_pwv,1529.5 um_pwv,35,1.473 K,2.95544
20240121,51150.81432,52204.26263,613.44831,1248.77 um_pwv,1524.46 um_pwv,35,1.472 K,2.9457
20240121,52205.22269,53218.66948,613.446793,1238.77 um_pwv,1512.25 um_pwv,35,1.475 K,2.92206
20240121,53219.62973,54233.07458,613.444848,1235.86 um_pwv,1508.71 um_pwv,35,1.48 K,2.9152
20240121,54234.03515,55247.48632,613.451169,1232.63 um_pwv,1504.76 um_pwv,35,1.505 K,2.90756
20240121,55248.44261,55635.96669,227.524078,1228.21 um_pwv,1499.37 um_pwv,35,1.5 K,2.89712
20240121,60136.35094,61149.89846,613.547519,1224.75 um_pwv,1495.15 um_pwv,35,1.473 K,2.88895
20240121,61150.86101,62204.30754,613.446536,1224.1 um_pwv,1494.35 um_pwv,35,1.446 K,2.88741
20240121,62205.26776,63218.71649,613.448729,1217.35 um_pwv,1486.11 um_pwv,35,1.419 K,2.87145
20240121,63219.6771,64233.12484,613.447743,1212.84 um_pwv,1480.61 um_pwv,35,1.426 K,2.86081
20240121,64234.085,65247.53052,613.445523,1212.03 um_pwv,1479.62 um_pwv,35,1.454 K,2.8589
20240121,65248.49246,65636.01434,227.521884,1213.68 um_pwv,1481.63 um_pwv,35,1.441 K,2.8628
20240121,70136.21652,71149.75794,613.541426,1216.81 um_pwv,1485.44 um_pwv,35,1.45 K,2.87017
20240121,71150.71746,72204.16548,613.448014,1218.32 um_pwv,1487.3 um_pwv,35,1.469 K,2.87376
20240121,72205.12579,73218.57084,613.445047,1217.98 um_pwv,1486.88 um_pwv,35,1.465 K,2.87295
20240121,73219.53176,74232.98504,613.453285,1207.67 um_pwv,1474.29 um_pwv,35,1.435 K,2.84859
20240121,74233.94048,75247.38811,613.44763,1199.7 um_pwv,1464.57 um_pwv,35,1.426 K,2.82976
20240121,75248.34861,75635.87097,227.522363,1197.3 um_pwv,1461.64 um_pwv,35,1.4 K,2.82409
20240121,90136.26429,91149.80061,613.536325,1181.26 um_pwv,1442.05 um_pwv,35,1.359 K,2.78619
20240121,91150.76074,92204.20857,613.44783,1176.86 um_pwv,1436.69 um_pwv,35,1.336 K,2.7758
20240121,92205.16903,93218.61777,613.448745,1171.89 um_pwv,1430.61 um_pwv,35,1.35 K,2.76404
20240121,93219.5787,94233.02957,613.450873,1163.77 um_pwv,1420.7 um_pwv,35,1.333 K,2.74485
20240121,94233.98819,95247.4354,613.447214,1164.98 um_pwv,1422.17 um_pwv,35,1.368 K,2.74771
20240121,95248.39598,95635.91681,227.520832,1166.75 um_pwv,1424.34 um_pwv,35,1.334 K,2.7519
20240121,100136.1571,101149.7055,613.548437,1157.6 um_pwv,1413.17 um_pwv,35,1.354 K,2.73029
20240121,101150.6717,102204.1147,613.442938,1155.83 um_pwv,1411.01 um_pwv,35,1.34 K,2.7261
20240121,102205.0768,103218.5253,613.448481,1160.44 um_pwv,1416.63 um_pwv,35,1.327 K,2.73699
20240121,103219.485,104232.9305,613.445486,1157.91 um_pwv,1413.54 um_pwv,35,1.356 K,2.731
20240121,104233.8899,105247.3411,613.45118,1158.83 um_pwv,1414.67 um_pwv,35,1.302 K,2.7332
20240121,105248.3002,105635.8219,227.521653,1154.76 um_pwv,1409.7 um_pwv,35,1.278 K,2.72357
20240121,110136.0149,111149.5604,613.545467,1149.51 um_pwv,1403.29 um_pwv,35,1.261 K,2.71117
20240121,111150.5229,112203.9697,613.446738,1149.27 um_pwv,1403 um_pwv,35,1.281 K,2.7106
20240121,112204.9293,113219.3881,614.458767,1149.88 um_pwv,1403.74 um_pwv,35,1.305 K,2.71204
20240121,113220.3475,114233.7937,613.446201,1154.62 um_pwv,1409.53 um_pwv,35,1.372 K,2.72324
20240121,114234.759,115248.2041,613.445156,1159.32 um_pwv,1415.27 um_pwv,35,1.375 K,2.73435
20240121,115249.1653,115635.7268,226.561548,1162.47 um_pwv,1419.12 um_pwv,35,1.362 K,2.7418
20240121,130136.061,131149.6119,613.550938,1164.93 um_pwv,1422.12 um_pwv,35,1.263 K,2.74761
20240121,131150.572,132204.0158,613.443766,1164.36 um_pwv,1421.42 um_pwv,35,1.217 K,2.74625
20240121,132204.9765,133218.4265,613.449939,1159.71 um_pwv,1415.74 um_pwv,35,1.195 K,2.73526
20240121,133219.3862,134232.8322,613.445988,1153.76 um_pwv,1408.49 um_pwv,35,1.241 K,2.72122
20240121,134233.7917,135247.2426,613.450921,1148.32 um_pwv,1401.84 um_pwv,35,1.182 K,2.70835
20240121,135248.2006,135635.7228,227.522229,1144.92 um_pwv,1397.69 um_pwv,35,1.208 K,2.70032
20240121,140135.9665,141149.5105,613.543995,1137.3 um_pwv,1388.38 um_pwv,35,1.193 K,2.6823
20240121,141150.4718,142203.9205,613.448682,1132.77 um_pwv,1382.85 um_pwv,35,1.209 K,2.6716
20240121,142204.881,143218.33,613.449007,1129.14 um_pwv,1378.42 um_pwv,35,1.167 K,2.66302
20240121,143219.2912,144232.7356,613.44436,1124.02 um_pwv,1372.17 um_pwv,35,1.201 K,2.65092
20240121,144233.6998,145247.1466,613.446761,1121.48 um_pwv,1369.07 um_pwv,35,1.212 K,2.64493
20240121,145248.1061,145635.6258,227.519646,1122.09 um_pwv,1369.82 um_pwv,35,1.188 K,2.64637
20240121,150135.8165,151149.3665,613.549997,1128.97 um_pwv,1378.22 um_pwv,35,1.268 K,2.66263
20240121,151150.3268,152203.7745,613.447775,1134.71 um_pwv,1385.23 um_pwv,35,1.238 K,2.6762
20240121,152204.7343,153219.1894,614.455153,1131.86 um_pwv,1381.75 um_pwv,35,1.276 K,2.66946
20240121,153220.1497,154233.6014,613.451743,1130.39 um_pwv,1379.95 um_pwv,35,1.298 K,2.66599
20240121,154234.5608,155248.0541,613.493318,1132.17 um_pwv,1382.12 um_pwv,35,1.301 K,2.67019
20240121,155249.0135,155635.5778,226.56429,1130.89 um_pwv,1380.57 um_pwv,35,1.244 K,2.66718
20240121,170135.7766,171149.3166,613.540016,1125.63 um_pwv,1374.14 um_pwv,35,1.216 K,2.65473
20240121,171150.2779,172203.7252,613.447293,1122.91 um_pwv,1370.81 um_pwv,35,1.171 K,2.6483
20240121,172204.6867,173218.1367,613.449944,1121.41 um_pwv,1368.99 um_pwv,35,1.161 K,2.64476
20240121,173219.096,174232.5425,613.446458,1117.34 um_pwv,1364.03 um_pwv,35,1.13 K,2.63516
20240121,174233.5027,175246.948,613.445286,1107.81 um_pwv,1352.38 um_pwv,35,1.159 K,2.61263
20240121,175247.9076,175635.4315,227.523898,1099.22 um_pwv,1341.9 um_pwv,35,1.148 K,2.59234
20240121,180136.6786,181150.2309,613.552349,1095.09 um_pwv,1336.86 um_pwv,35,1.252 K,2.58257
20240121,181151.1877,182204.6367,613.449023,1097.19 um_pwv,1339.42 um_pwv,35,1.256 K,2.58753
20240121,182205.5959,183219.0457,613.449772,1103.93 um_pwv,1347.65 um_pwv,35,1.251 K,2.60346
20240121,183220.0048,184233.4541,613.449312,1106.28 um_pwv,1350.52 um_pwv,35,1.231 K,2.60901
20240121,184234.4132,185247.8618,613.448576,1104.26 um_pwv,1348.05 um_pwv,35,1.226 K,2.60424
20240121,185248.8216,185636.3428,227.521218,1099.11 um_pwv,1341.77 um_pwv,35,1.219 K,2.59208
20240121,190136.5101,191150.0842,613.574139,1096.09 um_pwv,1338.08 um_pwv,35,1.209 K,2.58494
20240121,191151.0437,192204.4909,613.447161,1094.51 um_pwv,1336.15 um_pwv,35,1.188 K,2.5812
20240121,192205.4532,193218.9009,613.447706,1096.51 um_pwv,1338.59 um_pwv,35,1.191 K,2.58593
20240121,193219.8591,194233.3085,613.449419,1098.96 um_pwv,1341.59 um_pwv,35,1.187 K,2.59173
20240121,194234.2674,195247.7175,613.450009,1097.51 um_pwv,1339.82 um_pwv,35,1.172 K,2.5883
20240121,195248.6775,195636.2008,227.523295,1095.05 um_pwv,1336.81 um_pwv,35,1.17 K,2.58248
20240121,210136.5392,211150.0814,613.542185,1092.53 um_pwv,1333.73 um_pwv,35,1.181 K,2.57651
20240121,211151.0448,212204.4893,613.444452,1095.48 um_pwv,1337.34 um_pwv,35,1.108 K,2.5835
20240121,212205.4499,213218.9017,613.451792,1094.54 um_pwv,1336.18 um_pwv,35,1.096 K,2.58126
20240121,213219.8586,214233.3054,613.446745,1092.17 um_pwv,1333.3 um_pwv,35,1.129 K,2.57568
20240121,214234.2699,215247.717,613.447043,1092.83 um_pwv,1334.1 um_pwv,35,1.112 K,2.57724
20240121,215248.6764,215636.1989,227.52256,1093.05 um_pwv,1334.37 um_pwv,35,1.165 K,2.57775
20240121,220136.4431,221149.9864,613.543308,1090.34 um_pwv,1331.06 um_pwv,35,1.191 K,2.57135
20240121,221150.9469,222204.3974,613.450529,1088.58 um_pwv,1328.91 um_pwv,35,1.138 K,2.56719
20240121,222205.3548,223218.8039,613.449118,1091.3 um_pwv,1332.23 um_pwv,35,1.174 K,2.57361
20240121,223219.7657,224233.2119,613.446152,1093.55 um_pwv,1334.98 um_pwv,35,1.138 K,2.57893
20240121,224234.1719,225247.6661,613.494205,1091.11 um_pwv,1332 um_pwv,35,1.164 K,2.57316
20240121,225248.626,225636.1489,227.522899,1089.36 um_pwv,1329.86 um_pwv,35,1.134 K,2.56903
20240122,10136.58294,11150.13035,613.54741,1091.11 um_pwv,1332 um_pwv,35,1.153 K,2.57316
20240122,11151.08931,12204.54176,613.45245,1096.32 um_pwv,1338.36 um_pwv,35,1.13 K,2.58548
20240122,12205.49812,13218.94699,613.448871,1094.27 um_pwv,1335.85 um_pwv,35,1.134 K,2.58063
20240122,13219.90738,14233.35912,613.451741,1098.65 um_pwv,1341.21 um_pwv,35,1.121 K,2.59099
20240122,14234.3183,15247.76405,613.445749,1097.15 um_pwv,1339.37 um_pwv,35,1.125 K,2.58744
20240122,15248.7248,15636.24499,227.520186,1095.05 um_pwv,1336.81 um_pwv,35,1.114 K,2.58248
20240122,20136.5337,21150.08538,613.551687,1100.2 um_pwv,1343.1 um_pwv,35,1.131 K,2.59465
20240122,21151.04515,22204.49195,613.4468,1097.19 um_pwv,1339.42 um_pwv,35,1.137 K,2.58753
20240122,22205.44918,23218.89955,613.450363,1088.35 um_pwv,1328.63 um_pwv,35,1.174 K,2.56664
20240122,23219.85695,24233.30526,613.448318,1092.4 um_pwv,1333.58 um_pwv,35,1.204 K,2.57622
20240122,24234.26557,25247.71681,613.451243,1098.33 um_pwv,1340.81 um_pwv,35,1.177 K,2.59022
20240122,25248.67469,25636.19773,227.523038,1096.82 um_pwv,1338.97 um_pwv,35,1.13 K,2.58667
20240122,30136.43702,31149.98661,613.549589,1098.52 um_pwv,1341.04 um_pwv,35,1.102 K,2.59067
20240122,31150.94554,32204.39446,613.448925,1100.42 um_pwv,1343.36 um_pwv,35,1.115 K,2.59516
20240122,32205.35506,33218.80313,613.448068,1099.14 um_pwv,1341.8 um_pwv,35,1.117 K,2.59215
20240122,33219.76352,34233.2103,613.446783,1096.48 um_pwv,1338.56 um_pwv,35,1.138 K,2.58587
20240122,34234.17036,35247.6195,613.449134,1092.39 um_pwv,1333.56 um_pwv,35,1.131 K,2.57619
20240122,35248.57892,35636.10131,227.522397,1089.25 um_pwv,1329.73 um_pwv,35,1.1 K,2.56877
20240122,50136.43608,51149.98278,613.546691,1083.87 um_pwv,1323.16 um_pwv,35,1.045 K,2.55606
20240122,51150.9431,52204.39303,613.449926,1078.09 um_pwv,1316.1 um_pwv,35,1.073 K,2.5424
20240122,52205.35366,53218.80316,613.449498,1071.47 um_pwv,1308.02 um_pwv,35,1.075 K,2.52675
20240122,53219.76039,54233.21122,613.450826,1067.04 um_pwv,1302.62 um_pwv,35,1.086 K,2.5163
20240122,54234.16869,55247.61689,613.4482,1060.95 um_pwv,1295.18 um_pwv,35,1.097 K,2.50189
20240122,55248.57811,55636.09864,227.520525,1059.38 um_pwv,1293.26 um_pwv,35,1.088 K,2.49818
20240122,60136.38712,61149.9375,613.55038,1055.8 um_pwv,1288.89 um_pwv,35,1.116 K,2.48973
20240122,61150.897,62204.3437,613.446706,1050.37 um_pwv,1282.27 um_pwv,35,1.122 K,2.47691
20240122,62205.30365,63218.74955,613.445902,1046 um_pwv,1276.93 um_pwv,35,1.174 K,2.46657
20240122,63219.71043,64233.16122,613.450798,1043.02 um_pwv,1273.29 um_pwv,35,1.156 K,2.45953
20240122,64234.12145,65247.56806,613.446612,1035.86 um_pwv,1264.55 um_pwv,35,1.154 K,2.44261
20240122,65248.53014,65636.04843,227.51829,1033.61 um_pwv,1261.8 um_pwv,35,1.129 K,2.4373
20240122,70136.29448,71149.83923,613.544752,1035.7 um_pwv,1264.36 um_pwv,35,1.153 K,2.44225
20240122,71150.79841,72204.24688,613.448476,1040.85 um_pwv,1270.64 um_pwv,35,1.15 K,2.4544
20240122,72205.20706,73218.65546,613.4484,1045.34 um_pwv,1276.13 um_pwv,35,1.117 K,2.46502
20240122,73219.61543,74233.06088,613.44545,1044.46 um_pwv,1275.05 um_pwv,35,1.153 K,2.46295
20240122,74234.02363,75247.46935,613.445724,1036.91 um_pwv,1265.83 um_pwv,35,1.161 K,2.44509
20240122,75248.43051,75635.95366,227.523153,1031.54 um_pwv,1259.28 um_pwv,35,1.123 K,2.43242
20240122,90136.39436,91149.93186,613.537494,1013.84 um_pwv,1237.67 um_pwv,35,1.127 K,2.39058
20240122,91150.89063,92204.33922,613.448589,1009.53 um_pwv,1232.41 um_pwv,35,1.121 K,2.3804
20240122,92205.29954,93218.74732,613.447789,1004 um_pwv,1225.66 um_pwv,35,1.147 K,2.36733
20240122,93219.70725,94233.15668,613.449431,1002.81 um_pwv,1224.2 um_pwv,35,1.13 K,2.36452
20240122,94234.11977,95247.56424,613.444466,998.584 um_pwv,1219.05 um_pwv,35,1.127 K,2.35453
20240122,95248.52388,95636.04768,227.523803,994.106 um_pwv,1213.58 um_pwv,35,1.095 K,2.34395
20240122,100136.2858,101149.8359,613.550094,988.855 um_pwv,1207.17 um_pwv,35,1.1 K,2.33154
20240122,101150.7975,102204.2446,613.44716,979.801 um_pwv,1196.12 um_pwv,35,1.134 K,2.31015
20240122,102205.2042,103218.6507,613.446456,963.011 um_pwv,1175.62 um_pwv,35,1.122 K,2.27047
20240122,103219.6116,104233.0612,613.449562,951.83 um_pwv,1161.97 um_pwv,35,1.124 K,2.24405
20240122,104234.022,105247.4665,613.444447,943.57 um_pwv,1151.89 um_pwv,35,1.144 K,2.22453
20240122,105248.4268,105635.9491,227.522315,934.09 um_pwv,1140.31 um_pwv,35,1.156 K,2.20213
20240122,110136.1093,111149.6902,613.580946,927.621 um_pwv,1132.42 um_pwv,35,1.135 K,2.18684
20240122,111150.6482,112204.0989,613.450707,925.071 um_pwv,1129.3 um_pwv,35,1.151 K,2.18082
20240122,112205.0562,113218.5082,613.451932,925.779 um_pwv,1130.17 um_pwv,35,1.155 K,2.18249
20240122,113219.4676,114232.9142,613.446668,924.043 um_pwv,1128.05 um_pwv,35,1.156 K,2.17839
20240122,114233.8741,115247.3215,613.447403,920.582 um_pwv,1123.82 um_pwv,35,1.146 K,2.17021
20240122,115248.2834,115635.8035,227.52014,917.904 um_pwv,1120.55 um_pwv,35,1.117 K,2.16388
20240122,130136.1069,131149.6879,613.580939,929.237 um_pwv,1134.39 um_pwv,35,1.156 K,2.19066
20240122,131150.6458,132204.0947,613.448936,928.778 um_pwv,1133.83 um_pwv,35,1.158 K,2.18958
20240122,132205.054,133218.5053,613.451302,925.345 um_pwv,1129.64 um_pwv,35,1.178 K,2.18146
20240122,133219.4652,134232.9144,613.449182,916.953 um_pwv,1119.39 um_pwv,35,1.164 K,2.16163
20240122,134233.8691,135247.3198,613.450682,909.76 um_pwv,1110.61 um_pwv,35,1.191 K,2.14463
20240122,135248.281,135635.8011,227.520088,903.047 um_pwv,1102.42 um_pwv,35,1.174 K,2.12877
20240122,140135.9915,141149.5404,613.548895,897.447 um_pwv,1095.58 um_pwv,35,1.238 K,2.11554
20240122,141150.5004,142203.9485,613.448049,886.853 um_pwv,1082.65 um_pwv,35,1.199 K,2.0905
20240122,142204.909,143218.3608,613.451796,876.083 um_pwv,1069.5 um_pwv,35,1.131 K,2.06505
20240122,143219.3187,144232.7662,613.447467,865.037 um_pwv,1056.02 um_pwv,35,1.155 K,2.03895
20240122,144233.7246,145247.1757,613.451157,858.888 um_pwv,1048.51 um_pwv,35,1.133 K,2.02442
20240122,145248.1324,145635.6578,227.5254,857.321 um_pwv,1046.6 um_pwv,35,1.118 K,2.02071
20240122,150135.9431,151149.4924,613.549263,854.089 um_pwv,1042.65 um_pwv,35,1.167 K,2.01308
20240122,151150.4539,152203.9018,613.447893,848.184 um_pwv,1035.44 um_pwv,35,1.138 K,1.99912
20240122,152204.8624,153218.3098,613.447437,841.202 um_pwv,1026.92 um_pwv,35,1.103 K,1.98262
20240122,153219.2713,154232.7181,613.446828,836.128 um_pwv,1020.72 um_pwv,35,1.116 K,1.97063
20240122,154233.678,155247.1259,613.447933,833.02 um_pwv,1016.93 um_pwv,35,1.133 K,1.96329
20240122,155248.0856,155635.6078,227.522286,830.328 um_pwv,1013.64 um_pwv,35,1.15 K,1.95693
20240122,170135.9504,171149.4918,613.541403,818.671 um_pwv,999.413 um_pwv,35,1.253 K,1.92938
20240122,171150.4536,172203.9015,613.44782,812.2 um_pwv,991.513 um_pwv,35,1.314 K,1.91409
20240122,172204.8611,173218.3099,613.44881,815.384 um_pwv,995.401 um_pwv,35,1.336 K,1.92161
20240122,173219.2699,174232.7167,613.446771,818.094 um_pwv,998.708 um_pwv,35,1.319 K,1.92801
20240122,174233.6767,175247.1221,613.445409,818.853 um_pwv,999.635 um_pwv,35,1.287 K,1.92981
20240122,175248.081,175635.6056,227.524584,818.085 um_pwv,998.698 um_pwv,35,1.261 K,1.92799
20240122,180135.8661,181149.4415,613.57541,813.856 um_pwv,993.535 um_pwv,35,1.336 K,1.918
20240122,181150.4001,182203.8521,613.452064,805.325 um_pwv,983.12 um_pwv,35,1.388 K,1.89784
20240122,182204.8092,183218.2603,613.451155,798.064 um_pwv,974.257 um_pwv,35,1.389 K,1.88068
20240122,183219.2169,184232.6653,613.44835,796.49 um_pwv,972.335 um_pwv,35,1.419 K,1.87696
20240122,184233.6242,185247.1195,613.495337,797.966 um_pwv,974.136 um_pwv,35,1.412 K,1.88045
20240122,185248.0842,185635.6031,227.518963,800.036 um_pwv,976.664 um_pwv,35,1.382 K,1.88534
20240122,190135.842,191149.3928,613.550749,801.973 um_pwv,979.029 um_pwv,35,1.451 K,1.88992
20240122,191150.3514,192203.8025,613.451163,798.576 um_pwv,974.882 um_pwv,35,1.473 K,1.88189
20240122,192204.7595,193218.2094,613.449913,795.41 um_pwv,971.016 um_pwv,35,1.486 K,1.87441
20240122,193219.1685,194232.6148,613.446275,790.85 um_pwv,965.449 um_pwv,35,1.468 K,1.86363
20240122,194233.5749,195247.0248,613.449954,782.985 um_pwv,955.848 um_pwv,35,1.52 K,1.84505
20240122,195247.9845,195635.5056,227.521083,775.448 um_pwv,946.647 um_pwv,35,1.53 K,1.82723
20240122,210135.905,211149.4852,613.580161,748.896 um_pwv,914.233 um_pwv,35,1.895 K,1.76449
20240122,211150.4443,212203.8943,613.449946,745.633 um_pwv,910.25 um_pwv,35,2.01 K,1.75677
20240122,212204.8542,213218.3029,613.448663,744.53 um_pwv,908.903 um_pwv,35,2.093 K,1.75417
20240122,213219.2643,214232.7099,613.445553,745.909 um_pwv,910.587 um_pwv,35,2.172 K,1.75743
20240122,214233.6694,215247.1189,613.449539,742.952 um_pwv,906.977 um_pwv,35,2.191 K,1.75044
20240122,215248.0774,215635.5995,227.522113,741.055 um_pwv,904.661 um_pwv,35,2.115 K,1.74595
20240122,220135.8047,221149.3384,613.533746,747.272 um_pwv,912.251 um_pwv,35,2.253 K,1.76065
20240122,221150.2988,222203.749,613.45021,752.749 um_pwv,918.937 um_pwv,35,2.273 K,1.77359
20240122,222204.7079,223218.1573,613.449406,752.174 um_pwv,918.235 um_pwv,35,2.284 K,1.77223
20240122,223219.1169,224232.5629,613.445962,750.513 um_pwv,916.207 um_pwv,35,2.322 K,1.76831
20240122,224233.5232,225246.9746,613.451417,752.192 um_pwv,918.257 um_pwv,35,2.372 K,1.77228
20240122,225247.9358,225635.4538,227.51794,751.995 um_pwv,918.017 um_pwv,35,2.346 K,1.77181
20240123,10135.91252,11149.48936,613.576839,781.664 um_pwv,954.236 um_pwv,35,3.292 K,1.84192
20240123,11150.44679,12203.89541,613.448627,783.12 um_pwv,956.013 um_pwv,35,3.739 K,1.84536
20240123,12204.85626,13218.30531,613.449043,786.063 um_pwv,959.606 um_pwv,35,3.806 K,1.85232
20240123,13219.26585,14232.71087,613.445023,783.294 um_pwv,956.226 um_pwv,35,3.651 K,1.84578
20240123,14233.67058,15247.12092,613.450335,782.27 um_pwv,954.976 um_pwv,35,3.778 K,1.84336
20240123,15248.08284,15635.60302,227.520179,781.402 um_pwv,953.916 um_pwv,35,3.911 K,1.8413
20240123,20135.69709,21149.24622,613.549127,778.131 um_pwv,949.923 um_pwv,35,3.954 K,1.83357
20240123,21150.20689,22203.65809,613.451191,773.544 um_pwv,944.323 um_pwv,35,4.017 K,1.82273
20240123,22204.61497,23218.06418,613.449202,766.828 um_pwv,936.124 um_pwv,35,3.919 K,1.80686
20240123,23219.02605,24232.47381,613.447759,765.365 um_pwv,934.338 um_pwv,35,3.871 K,1.80341
20240123,24233.4296,25246.8789,613.449298,766.261 um_pwv,935.432 um_pwv,35,4.096 K,1.80552
20240123,25247.84101,25635.36036,227.51935,768.685 um_pwv,938.391 um_pwv,35,4.333 K,1.81125
20240123,30136.51331,31150.06281,613.549503,771.135 um_pwv,941.382 um_pwv,35,5.063 K,1.81704
20240123,31151.0244,32204.47135,613.446949,770.158 um_pwv,940.189 um_pwv,35,5.145 K,1.81473
20240123,32205.43342,33218.87938,613.445961,771.546 um_pwv,941.884 um_pwv,35,5.148 K,1.81801
20240123,33219.84146,34233.28981,613.448353,774.969 um_pwv,946.063 um_pwv,35,4.921 K,1.8261
20240123,34234.24605,35247.69301,613.446962,775.314 um_pwv,946.483 um_pwv,35,4.758 K,1.82692
20240123,35248.65656,35636.17544,227.51888,775.409 um_pwv,946.6 um_pwv,35,4.614 K,1.82714
20240123,50136.26785,51149.81755,613.549701,740.621 um_pwv,904.131 um_pwv,35,3.452 K,1.74493
20240123,51150.77942,52204.22252,613.443093,740.054 um_pwv,903.439 um_pwv,35,3.262 K,1.74359
20240123,52205.18549,53218.63152,613.446026,743.036 um_pwv,907.08 um_pwv,35,3.193 K,1.75064
20240123,53219.59428,54233.03772,613.443438,744.934 um_pwv,909.397 um_pwv,35,3.194 K,1.75512
20240123,54234.00105,55247.45057,613.449523,754.088 um_pwv,920.571 um_pwv,35,3.534 K,1.77675
20240123,55248.40867,55635.92949,227.520824,763.901 um_pwv,932.551 um_pwv,35,3.725 K,1.79995
20240123,60136.07217,61149.62433,613.552155,783.874 um_pwv,956.934 um_pwv,35,4.449 K,1.84715
20240123,61150.58039,62204.03141,613.451018,807.483 um_pwv,985.755 um_pwv,35,5.178 K,1.90294
20240123,62204.98835,63218.44019,613.451845,813.105 um_pwv,992.618 um_pwv,35,5.023 K,1.91622
20240123,63219.39715,64232.84873,613.451576,810.949 um_pwv,989.986 um_pwv,35,4.763 K,1.91113
20240123,64233.80595,65247.25237,613.446414,800.708 um_pwv,977.484 um_pwv,35,4.463 K,1.88693
20240123,65248.21628,65635.73522,227.518939,790.245 um_pwv,964.711 um_pwv,35,4.264 K,1.8622
20240123,70135.87945,71149.4316,613.552146,794.833 um_pwv,970.312 um_pwv,35,4.01 K,1.87304
20240123,71150.38851,72203.84024,613.451731,779.469 um_pwv,951.556 um_pwv,35,3.825 K,1.83674
20240123,72204.79801,73218.24504,613.44703,793.536 um_pwv,968.728 um_pwv,35,3.399 K,1.86998
20240123,73219.20836,74232.65318,613.444821,833.884 um_pwv,1017.98 um_pwv,35,3.156 K,1.96533
20240123,74233.61659,75247.06395,613.447363,871.316 um_pwv,1063.68 um_pwv,35,2.991 K,2.05379
20240123,75248.02105,75635.54306,227.522013,895.378 um_pwv,1093.05 um_pwv,35,2.675 K,2.11065
20240123,90135.66404,91149.23697,613.572933,1023.47 um_pwv,1249.43 um_pwv,35,1.522 K,2.41335
20240123,91150.1983,92203.64542,613.447122,1023.96 um_pwv,1250.02 um_pwv,35,1.574 K,2.41448
20240123,92204.60784,93218.05267,613.444836,1016.56 um_pwv,1240.99 um_pwv,35,1.592 K,2.39701
20240123,93219.01478,94232.46294,613.448164,993.223 um_pwv,1212.5 um_pwv,35,1.616 K,2.34186
20240123,94233.4251,95246.87226,613.447167,977.783 um_pwv,1193.65 um_pwv,35,1.625 K,2.30538
20240123,95247.82854,95635.3522,227.523656,970.279 um_pwv,1184.49 um_pwv,35,1.654 K,2.28765
20240123,100136.4559,101150.0037,613.547811,951.501 um_pwv,1161.57 um_pwv,35,1.695 K,2.24327
20240123,101150.9649,102204.4136,613.448666,941.406 um_pwv,1149.24 um_pwv,35,1.736 K,2.21942
20240123,102205.3754,103218.8205,613.445046,939.699 um_pwv,1147.16 um_pwv,35,1.756 K,2.21538
20240123,103219.7833,104233.2272,613.443893,948.101 um_pwv,1157.42 um_pwv,35,1.76 K,2.23524
20240123,104234.19,105247.6401,613.450117,950.233 um_pwv,1160.02 um_pwv,35,1.794 K,2.24028
20240123,105248.5961,105636.1187,227.522557,950.902 um_pwv,1160.84 um_pwv,35,1.732 K,2.24186
20240123,110136.2626,111149.8153,613.552726,956.341 um_pwv,1167.48 um_pwv,35,1.862 K,2.25471
20240123,111150.7763,112204.2208,613.44451,960.684 um_pwv,1172.78 um_pwv,35,1.847 K,2.26497
20240123,112205.1838,113218.6325,613.44868,967.134 um_pwv,1180.65 um_pwv,35,1.85 K,2.28021
20240123,113219.5898,114233.0416,613.451815,973.375 um_pwv,1188.27 um_pwv,35,1.859 K,2.29496
20240123,114233.998,115247.4468,613.448756,987.501 um_pwv,1205.52 um_pwv,35,1.893 K,2.32834
20240123,115248.4087,115635.9272,227.518545,1002.64 um_pwv,1223.99 um_pwv,35,1.79 K,2.36411
20240123,130136.0305,131149.5759,613.545384,1000.31 um_pwv,1221.16 um_pwv,35,1.906 K,2.35861
20240123,131150.5377,132203.9848,613.447122,999.719 um_pwv,1220.43 um_pwv,35,1.976 K,2.35721
20240123,132204.9417,133218.3929,613.451196,995.31 um_pwv,1215.05 um_pwv,35,2.03 K,2.3468
20240123,133219.3504,134232.7983,613.447841,993.125 um_pwv,1212.38 um_pwv,35,1.977 K,2.34163
20240123,134233.7622,135247.2065,613.444321,989.527 um_pwv,1207.99 um_pwv,35,2.029 K,2.33313
20240123,135248.1703,135635.6918,227.521535,982.49 um_pwv,1199.4 um_pwv,35,2.054 K,2.3165
20240123,140135.8822,141149.4309,613.548659,972.882 um_pwv,1187.67 um_pwv,35,2.149 K,2.2938
20240123,141150.393,142203.8424,613.449359,970.231 um_pwv,1184.43 um_pwv,35,2.212 K,2.28753
20240123,142204.7994,143218.2493,613.449904,977.155 um_pwv,1192.89 um_pwv,35,2.233 K,2.3039
20240123,143219.2065,144232.6569,613.450369,982.26 um_pwv,1199.12 um_pwv,35,2.327 K,2.31596
20240123,144233.6147,145247.0671,613.45237,982.454 um_pwv,1199.35 um_pwv,35,2.289 K,2.31642
20240123,145248.0264,145635.5458,227.519341,978.037 um_pwv,1193.96 um_pwv,35,2.287 K,2.30598
20240123,150135.6915,151149.2434,613.551911,970.89 um_pwv,1185.24 um_pwv,35,2.195 K,2.28909
20240123,151150.1998,152203.6496,613.449884,961.835 um_pwv,1174.18 um_pwv,35,2.239 K,2.26769
20240123,152204.6066,153218.0591,613.452541,966.143 um_pwv,1179.44 um_pwv,35,2.264 K,2.27787
20240123,153219.016,154232.4673,613.451307,973.255 um_pwv,1188.12 um_pwv,35,2.29 K,2.29468
20240123,154233.4249,155246.8739,613.448953,971.166 um_pwv,1185.57 um_pwv,35,2.465 K,2.28974
20240123,155247.8308,155635.3544,227.523634,961.93 um_pwv,1174.3 um_pwv,35,2.63 K,2.26792
20240123,170136.4667,171150.0089,613.542191,930.706 um_pwv,1136.18 um_pwv,35,2.498 K,2.19413
20240123,171150.9663,172204.418,613.451685,936.353 um_pwv,1143.08 um_pwv,35,2.55 K,2.20748
20240123,172205.3743,173218.8234,613.449149,939.143 um_pwv,1146.48 um_pwv,35,2.697 K,2.21407
20240123,173219.7855,174233.2341,613.448579,930.281 um_pwv,1135.66 um_pwv,35,2.569 K,2.19313
20240123,174234.1956,175247.6425,613.446839,930.338 um_pwv,1135.73 um_pwv,35,2.56 K,2.19326
20240123,175248.5989,175636.1221,227.523284,929.822 um_pwv,1135.1 um_pwv,35,2.526 K,2.19204
20240123,180136.2668,181149.8177,613.550917,926.339 um_pwv,1130.85 um_pwv,35,2.462 K,2.18381
20240123,181150.7785,182204.2218,613.443367,922.698 um_pwv,1126.41 um_pwv,35,2.466 K,2.17521
20240123,182205.1839,183218.6342,613.450297,918.482 um_pwv,1121.26 um_pwv,35,2.51 K,2.16525
20240123,183219.5957,184233.0392,613.443444,911.457 um_pwv,1112.68 um_pwv,35,2.559 K,2.14865
20240123,184234.0019,185247.4463,613.444364,910.457 um_pwv,1111.46 um_pwv,35,2.523 K,2.14628
20240123,185248.4078,185635.9305,227.522654,909.76 um_pwv,1110.61 um_pwv,35,2.471 K,2.14463
20240123,190136.0756,191149.6273,613.551766,914.139 um_pwv,1115.96 um_pwv,35,2.532 K,2.15498
20240123,191150.5831,192204.0348,613.451718,911.052 um_pwv,1112.19 um_pwv,35,2.574 K,2.14769
20240123,192204.9916,193218.4439,613.452302,907.685 um_pwv,1108.08 um_pwv,35,2.601 K,2.13973
20240123,193219.3999,194232.8503,613.450343,906.095 um_pwv,1106.14 um_pwv,35,2.619 K,2.13597
20240123,194233.8121,195247.2574,613.445293,901.388 um_pwv,1100.39 um_pwv,35,2.662 K,2.12485
20240123,195248.2192,195635.7388,227.519528,894.03 um_pwv,1091.41 um_pwv,35,2.629 K,2.10746
20240123,210135.8479,211149.3866,613.538685,893.258 um_pwv,1090.47 um_pwv,35,2.445 K,2.10564
20240123,211150.3427,212203.7944,613.451778,894.152 um_pwv,1091.56 um_pwv,35,2.478 K,2.10775
20240123,212204.7532,213218.2022,613.449014,897.956 um_pwv,1096.2 um_pwv,35,2.504 K,2.11674
20240123,213219.1592,214232.6116,613.452429,902.367 um_pwv,1101.59 um_pwv,35,2.533 K,2.12717
20240123,214233.571,215247.0173,613.446349,898.012 um_pwv,1096.27 um_pwv,35,2.521 K,2.11687
20240123,215247.98,215635.5001,227.520114,895.212 um_pwv,1092.85 um_pwv,35,2.48 K,2.11026
20240123,220135.6423,221149.1918,613.549464,900.687 um_pwv,1099.54 um_pwv,35,2.484 K,2.12319
20240123,221150.1539,222203.6023,613.448498,907.181 um_pwv,1107.46 um_pwv,35,2.465 K,2.13854
20240123,222204.5596,223218.0068,613.447247,911.84 um_pwv,1113.15 um_pwv,35,2.47 K,2.14955
20240123,223218.9717,224232.4153,613.443601,911.919 um_pwv,1113.25 um_pwv,35,2.41 K,2.14974
20240123,224233.3756,225246.8277,613.452091,909.659 um_pwv,1110.49 um_pwv,35,2.382 K,2.1444
20240123,225247.7867,225635.3064,227.519643,909.693 um_pwv,1110.53 um_pwv,35,2.353 K,2.14448
20240124,10136.26727,11149.81965,613.552376,964.689 um_pwv,1177.67 um_pwv,35,2.652 K,2.27444
20240124,11150.77546,12204.22664,613.451172,965.69 um_pwv,1178.89 um_pwv,35,2.783 K,2.2768
20240124,12205.1881,13218.63431,613.44621,964.63 um_pwv,1177.6 um_pwv,35,2.815 K,2.2743
20240124,13219.5958,14233.03948,613.443677,969.07 um_pwv,1183.02 um_pwv,35,2.928 K,2.28479
20240124,14234.00251,15247.45123,613.448724,975.071 um_pwv,1190.34 um_pwv,35,2.99 K,2.29897
20240124,15248.40723,15635.93054,227.52331,977.385 um_pwv,1193.17 um_pwv,35,3.086 K,2.30444
20240124,20136.07528,21149.6228,613.547525,979.124 um_pwv,1195.29 um_pwv,35,2.871 K,2.30855
20240124,21150.58469,22204.0332,613.448505,981.726 um_pwv,1198.47 um_pwv,35,2.853 K,2.3147
20240124,22204.99509,23218.44331,613.448214,983.959 um_pwv,1201.19 um_pwv,35,2.811 K,2.31997
20240124,23219.39904,24232.85229,613.453254,989.722 um_pwv,1208.23 um_pwv,35,2.858 K,2.33359
20240124,24233.80897,25247.25791,613.448944,996.429 um_pwv,1216.42 um_pwv,35,2.872 K,2.34944
20240124,25248.2198,25635.73823,227.518433,989.441 um_pwv,1207.88 um_pwv,35,2.619 K,2.33293
20240124,30135.88293,31149.43439,613.551465,996.121 um_pwv,1216.04 um_pwv,35,2.804 K,2.34871
20240124,31150.39546,32203.84341,613.447944,1002.69 um_pwv,1224.05 um_pwv,35,3.035 K,2.36422
20240124,32204.79948,33218.24687,613.447391,1005.4 um_pwv,1227.37 um_pwv,35,3.04 K,2.37064
20240124,33219.20997,34232.65678,613.446807,1010.85 um_pwv,1234.02 um_pwv,35,3.253 K,2.38352
20240124,34233.61831,35247.06456,613.446245,1007.8 um_pwv,1230.3 um_pwv,35,3.277 K,2.37631
20240124,35248.02598,35635.54744,227.521467,1006.97 um_pwv,1229.28 um_pwv,35,3.392 K,2.37434
20240124,50135.70976,51149.28698,613.577223,1008.93 um_pwv,1231.68 um_pwv,35,3.537 K,2.37899
20240124,51150.25004,52203.69805,613.448018,1013.43 um_pwv,1237.17 um_pwv,35,3.641 K,2.38961
20240124,52204.65496,53218.10722,613.452265,1019.79 um_pwv,1244.94 um_pwv,35,3.839 K,2.40465
20240124,53219.06421,54232.51192,613.447704,1026.55 um_pwv,1253.19 um_pwv,35,3.993 K,2.42062
20240124,54233.47627,55246.92354,613.447279,1026.5 um_pwv,1253.12 um_pwv,35,3.885 K,2.42049
20240124,55247.8805,55635.40368,227.523185,1022.59 um_pwv,1248.35 um_pwv,35,3.84 K,2.41126
20240124,60136.45903,61150.00975,613.550727,1019.25 um_pwv,1244.27 um_pwv,35,3.762 K,2.40336
20240124,61150.9716,62204.41899,613.447384,1015.27 um_pwv,1239.41 um_pwv,35,3.692 K,2.39396
20240124,62205.37592,63218.82528,613.449356,1014.52 um_pwv,1238.5 um_pwv,35,3.644 K,2.39218
20240124,63219.78808,64233.23492,613.446834,1009.87 um_pwv,1232.82 um_pwv,35,3.449 K,2.38119
20240124,64234.19219,65247.64378,613.451589,1004.59 um_pwv,1226.38 um_pwv,35,3.283 K,2.36873
20240124,65248.60097,65636.12289,227.521925,1003.64 um_pwv,1225.22 um_pwv,35,3.29 K,2.36648
20240124,70136.26586,71149.81903,613.55317,1001.46 um_pwv,1222.56 um_pwv,35,3.222 K,2.36133
20240124,71150.7762,72204.22685,613.450649,998.486 um_pwv,1218.93 um_pwv,35,3.142 K,2.3543
20240124,72205.1841,73218.63608,613.451981,996.7 um_pwv,1216.75 um_pwv,35,3.102 K,2.35008
20240124,73219.59487,74233.03891,613.444039,990.566 um_pwv,1209.26 um_pwv,35,2.955 K,2.33558
20240124,74234.00289,75247.452,613.449105,986.66 um_pwv,1204.49 um_pwv,35,2.877 K,2.32635
20240124,75248.40893,75635.93124,227.522314,981.726 um_pwv,1198.47 um_pwv,35,2.852 K,2.3147
20240124,90136.07445,91149.67563,613.601181,972.114 um_pwv,1186.73 um_pwv,35,2.356 K,2.29198
20240124,91150.63052,92204.08181,613.451287,972.966 um_pwv,1187.77 um_pwv,35,2.334 K,2.294
20240124,92205.04367,93218.48737,613.443693,971.682 um_pwv,1186.2 um_pwv,35,2.312 K,2.29096
20240124,93219.44912,94232.89894,613.449826,972.354 um_pwv,1187.02 um_pwv,35,2.335 K,2.29255
20240124,94233.85534,95247.30517,613.449829,972.546 um_pwv,1187.26 um_pwv,35,2.354 K,2.293
20240124,95248.26736,95635.78611,227.518743,970.411 um_pwv,1184.65 um_pwv,35,2.298 K,2.28796
20240124,100135.8835,101149.4341,613.550603,969.214 um_pwv,1183.19 um_pwv,35,2.329 K,2.28513
20240124,101150.3905,102203.8431,613.452584,970.016 um_pwv,1184.17 um_pwv,35,2.291 K,2.28702
20240124,102204.7995,103218.2472,613.447776,968.006 um_pwv,1181.72 um_pwv,35,2.29 K,2.28227
20240124,103219.2103,104232.6544,613.444022,967.098 um_pwv,1180.61 um_pwv,35,2.308 K,2.28013
20240124,104233.6186,105247.0675,613.448905,967.361 um_pwv,1180.93 um_pwv,35,2.296 K,2.28075
20240124,105248.0249,105635.5465,227.5216,965.464 um_pwv,1178.61 um_pwv,35,2.269 K,2.27627
20240124,110135.6899,111149.2378,613.547855,967.635 um_pwv,1181.26 um_pwv,35,2.319 K,2.2814
20240124,111150.1987,112203.6505,613.451796,964.701 um_pwv,1177.68 um_pwv,35,2.336 K,2.27447
20240124,112204.6065,113218.059,613.45248,959.439 um_pwv,1171.26 um_pwv,35,2.343 K,2.26203
20240124,113219.017,114232.4661,613.449067,957.901 um_pwv,1169.38 um_pwv,35,2.364 K,2.2584
20240124,114233.4237,115246.8745,613.450866,957.416 um_pwv,1168.79 um_pwv,35,2.36 K,2.25725
20240124,115247.8319,115635.3545,227.522653,954.383 um_pwv,1165.09 um_pwv,35,2.304 K,2.25008
20240124,130136.4596,131150.0056,613.546043,913.158 um_pwv,1114.76 um_pwv,35,2.317 K,2.15266
20240124,131150.9681,132204.4141,613.446027,906.968 um_pwv,1107.2 um_pwv,35,2.326 K,2.13804
20240124,132205.3773,133218.8213,613.443917,898.91 um_pwv,1097.37 um_pwv,35,2.376 K,2.119
20240124,133219.7848,134233.233,613.448179,892.068 um_pwv,1089.01 um_pwv,35,2.354 K,2.10283
20240124,134234.1915,135247.641,613.44948,887.324 um_pwv,1083.22 um_pwv,35,2.38 K,2.09162
20240124,135248.5995,135636.1202,227.520665,882.442 um_pwv,1077.26 um_pwv,35,2.278 K,2.08008
20240124,140136.3123,141149.8627,613.550386,882.725 um_pwv,1077.61 um_pwv,35,2.292 K,2.08075
20240124,141150.8248,142204.2701,613.445313,878.671 um_pwv,1072.66 um_pwv,35,2.397 K,2.07117
20240124,142205.2338,143218.6784,613.444589,878.801 um_pwv,1072.82 um_pwv,35,2.394 K,2.07147
20240124,143219.6417,144233.087,613.445319,880.288 um_pwv,1074.63 um_pwv,35,2.418 K,2.07499
20240124,144234.0501,145247.4965,613.44643,878.096 um_pwv,1071.96 um_pwv,35,2.438 K,2.06981
20240124,145248.4535,145635.9767,227.523257,876.353 um_pwv,1069.83 um_pwv,35,2.468 K,2.06569
20240124,150136.1196,151149.6699,613.550287,877.814 um_pwv,1071.61 um_pwv,35,2.505 K,2.06914
20240124,151150.6326,152204.0786,613.445968,878.757 um_pwv,1072.76 um_pwv,35,2.456 K,2.07137
20240124,152205.0416,153218.4889,613.447278,882.17 um_pwv,1076.93 um_pwv,35,2.49 K,2.07944
20240124,153219.4461,154232.8952,613.449042,883.074 um_pwv,1078.03 um_pwv,35,2.522 K,2.08157
20240124,154233.8521,155247.3019,613.449705,881.734 um_pwv,1076.4 um_pwv,35,2.537 K,2.07841
20240124,155248.2646,155635.785,227.520406,878.855 um_pwv,1072.88 um_pwv,35,2.489 K,2.0716
20240124,170135.892,171149.4286,613.536628,877.154 um_pwv,1070.81 um_pwv,35,2.607 K,2.06758
20240124,171150.3896,172203.839,613.44939,878.627 um_pwv,1072.61 um_pwv,35,2.588 K,2.07106
20240124,172204.8011,173218.2443,613.443256,881.343 um_pwv,1075.92 um_pwv,35,2.601 K,2.07748
20240124,173219.2062,174232.652,613.445849,881.082 um_pwv,1075.6 um_pwv,35,2.58 K,2.07686
20240124,174233.6148,175247.0619,613.44717,885.727 um_pwv,1081.27 um_pwv,35,2.61 K,2.08784
20240124,175248.0236,175635.5457,227.522115,888.354 um_pwv,1084.48 um_pwv,35,2.538 K,2.09405
20240124,180135.6886,181149.2397,613.551147,896.24 um_pwv,1094.11 um_pwv,35,2.551 K,2.11269
20240124,181150.2007,182203.6463,613.445576,897.568 um_pwv,1095.73 um_pwv,35,2.523 K,2.11582
20240124,182204.6084,183218.0553,613.446846,899.221 um_pwv,1097.75 um_pwv,35,2.513 K,2.11973
20240124,183219.0168,184232.4658,613.448984,902.579 um_pwv,1101.85 um_pwv,35,2.572 K,2.12767
20240124,184233.4219,185246.8727,613.450817,904.531 um_pwv,1104.23 um_pwv,35,2.516 K,2.13228
20240124,185247.8297,185635.3521,227.522447,904.162 um_pwv,1103.78 um_pwv,35,2.482 K,2.13141
20240124,190136.4562,191150.0056,613.549479,904.017 um_pwv,1103.6 um_pwv,35,2.624 K,2.13106
20240124,191150.9666,192204.4154,613.448802,904.888 um_pwv,1104.66 um_pwv,35,2.563 K,2.13312
20240124,192205.3723,193218.8252,613.452809,909.928 um_pwv,1110.82 um_pwv,35,2.556 K,2.14503
20240124,193219.7831,194233.2318,613.448782,914.241 um_pwv,1116.08 um_pwv,35,2.582 K,2.15522
20240124,194234.1933,195247.6389,613.445565,916.851 um_pwv,1119.27 um_pwv,35,2.567 K,2.16139
20240124,195248.6004,195636.1217,227.521242,915.856 um_pwv,1118.05 um_pwv,35,2.561 K,2.15904
20240124,210136.2665,211149.8168,613.550286,932.27 um_pwv,1138.09 um_pwv,35,2.579 K,2.19783
20240124,211150.7745,212204.2237,613.449274,937.695 um_pwv,1144.71 um_pwv,35,2.546 K,2.21065
20240124,212205.1825,213218.6277,613.445281,939.166 um_pwv,1146.51 um_pwv,35,2.537 K,2.21412
20240124,213219.5914,214233.039,613.447632,940.442 um_pwv,1148.07 um_pwv,35,2.528 K,2.21714
20240124,214233.9966,215247.4435,613.446891,941.29 um_pwv,1149.1 um_pwv,35,2.468 K,2.21914
20240124,215248.4068,215635.9262,227.519327,937.857 um_pwv,1144.91 um_pwv,35,2.483 K,2.21103
20240124,220136.0696,221149.6237,613.554014,940.117 um_pwv,1147.67 um_pwv,35,2.518 K,2.21637
20240124,221150.58,222204.0316,613.451586,941.255 um_pwv,1149.06 um_pwv,35,2.496 K,2.21906
20240124,222204.9894,223218.4355,613.446115,943.023 um_pwv,1151.22 um_pwv,35,2.504 K,2.22324
20240124,223219.3995,224232.845,613.445535,945.214 um_pwv,1153.89 um_pwv,35,2.464 K,2.22842
20240124,224233.8084,225247.256,613.447617,946.37 um_pwv,1155.3 um_pwv,35,2.462 K,2.23115
20240124,225248.2139,225635.7349,227.520984,945.926 um_pwv,1154.76 um_pwv,35,2.484 K,2.2301
20240125,10135.75756,11149.33253,613.574974,952.253 um_pwv,1162.49 um_pwv,35,2.325 K,2.24505
20240125,11150.29347,12203.74091,613.447439,950.996 um_pwv,1160.95 um_pwv,35,2.298 K,2.24208
20240125,12204.70304,13218.14686,613.443825,952.735 um_pwv,1163.07 um_pwv,35,2.268 K,2.24619
20240125,13219.10844,14232.55687,613.448429,954.654 um_pwv,1165.42 um_pwv,35,2.265 K,2.25072
20240125,14233.51938,15246.96868,613.449307,954.348 um_pwv,1165.04 um_pwv,35,2.275 K,2.25
20240125,15247.92506,15635.44626,227.521201,951.207 um_pwv,1161.21 um_pwv,35,2.263 K,2.24258
20240125,20136.55165,21150.10067,613.549011,951.36 um_pwv,1161.4 um_pwv,35,2.32 K,2.24294
20240125,21151.06265,22204.5094,613.446745,952.371 um_pwv,1162.63 um_pwv,35,2.309 K,2.24533
20240125,22205.47211,23218.926,613.453888,954.772 um_pwv,1165.56 um_pwv,35,2.264 K,2.251
20240125,23219.8771,24233.32797,613.450873,954.348 um_pwv,1165.04 um_pwv,35,2.261 K,2.25
20240125,24234.28437,25247.73266,613.448283,950.139 um_pwv,1159.91 um_pwv,35,2.293 K,2.24005
20240125,25248.69363,25636.21423,227.520606,943.093 um_pwv,1151.3 um_pwv,35,2.251 K,2.2234
20240125,30136.3584,31149.90914,613.55074,936.33 um_pwv,1143.05 um_pwv,35,2.256 K,2.20742
20240125,31150.87044,32204.31602,613.445583,932.489 um_pwv,1138.36 um_pwv,35,2.226 K,2.19834
20240125,32205.27854,33218.72716,613.448619,929.971 um_pwv,1135.28 um_pwv,35,2.263 K,2.1924
20240125,33219.68437,34233.13515,613.45078,926.385 um_pwv,1130.91 um_pwv,35,2.25 K,2.18392
20240125,34234.09158,35247.54392,613.452343,926.774 um_pwv,1131.38 um_pwv,35,2.22 K,2.18484
20240125,35248.49993,35636.02392,227.523983,923.895 um_pwv,1127.87 um_pwv,35,2.222 K,2.17804
20240125,50136.21567,51149.76571,613.550043,909.884 um_pwv,1110.76 um_pwv,35,2.073 K,2.14493
20240125,51150.72785,52204.17253,613.444678,911.705 um_pwv,1112.99 um_pwv,35,2.068 K,2.14923
20240125,52205.13618,53218.57985,613.443665,911.131 um_pwv,1112.29 um_pwv,35,2.089 K,2.14787
20240125,53219.54319,54232.99155,613.448367,912.403 um_pwv,1113.84 um_pwv,35,2.052 K,2.15088
20240125,54233.9485,55247.40138,613.452886,913.947 um_pwv,1115.72 um_pwv,35,2.1 K,2.15453
20240125,55248.35923,55635.87955,227.520315,911.21 um_pwv,1112.38 um_pwv,35,2.099 K,2.14806
20240125,60136.02333,61149.57249,613.549155,910.805 um_pwv,1111.89 um_pwv,35,2.092 K,2.1471
20240125,61150.53561,62203.98178,613.446177,908.907 um_pwv,1109.57 um_pwv,35,2.127 K,2.14262
20240125,62204.94484,63218.39252,613.447674,909.547 um_pwv,1110.35 um_pwv,35,2.142 K,2.14413
20240125,63219.35023,64232.79733,613.447101,911.266 um_pwv,1112.45 um_pwv,35,2.136 K,2.14819
20240125,64233.76046,65247.20708,613.446622,909.884 um_pwv,1110.76 um_pwv,35,2.151 K,2.14493
20240125,65248.16979,65635.68868,227.518886,908.391 um_pwv,1108.94 um_pwv,35,2.139 K,2.1414
20240125,70135.83362,71149.38492,613.551307,912.955 um_pwv,1114.51 um_pwv,35,2.081 K,2.15218
20240125,71150.34377,72203.79252,613.448751,913.282 um_pwv,1114.91 um_pwv,35,2.129 K,2.15296
20240125,72204.74976,73218.19635,613.446594,913.451 um_pwv,1115.12 um_pwv,35,2.127 K,2.15336
20240125,73219.16081,74232.60932,613.448501,911.424 um_pwv,1112.64 um_pwv,35,2.16 K,2.14857
20240125,74233.56872,75247.01721,613.448491,909.513 um_pwv,1110.31 um_pwv,35,2.144 K,2.14405
20240125,75247.97507,75635.49681,227.521744,907.259 um_pwv,1107.56 um_pwv,35,2.113 K,2.13873
20240125,90135.61002,91149.19239,613.582363,909.592 um_pwv,1110.41 um_pwv,35,2.113 K,2.14424
20240125,91150.14765,92203.60063,613.452986,909.771 um_pwv,1110.63 um_pwv,35,2.114 K,2.14466
20240125,92204.55949,93218.00828,613.448787,908.907 um_pwv,1109.57 um_pwv,35,2.106 K,2.14262
20240125,93218.96682,94232.4123,613.445478,907.338 um_pwv,1107.65 um_pwv,35,2.112 K,2.13891
20240125,94233.37594,95246.82504,613.449108,907.293 um_pwv,1107.6 um_pwv,35,2.088 K,2.1388
20240125,95247.78111,95635.30366,227.522546,905.279 um_pwv,1105.14 um_pwv,35,2.081 K,2.13405
20240125,100136.4095,101149.9582,613.548672,905.603 um_pwv,1105.54 um_pwv,35,2.122 K,2.13481
20240125,101150.9195,102204.3684,613.448892,903.259 um_pwv,1102.68 um_pwv,35,2.101 K,2.12927
20240125,102205.3242,103218.7783,613.454075,902.59 um_pwv,1101.86 um_pwv,35,2.061 K,2.12769
20240125,103219.734,104233.1811,613.447163,902.156 um_pwv,1101.33 um_pwv,35,2.042 K,2.12667
20240125,104234.143,105247.5929,613.449926,901.855 um_pwv,1100.96 um_pwv,35,2.041 K,2.12595
20240125,105248.5545,105636.0727,227.518174,899.865 um_pwv,1098.53 um_pwv,35,2.024 K,2.12125
20240125,110136.2195,111149.7677,613.548183,900.965 um_pwv,1099.88 um_pwv,35,2.05 K,2.12385
20240125,111150.7296,112204.1792,613.449636,899.865 um_pwv,1098.53 um_pwv,35,2.044 K,2.12125
20240125,112205.1364,113218.584,613.44763,897.724 um_pwv,1095.92 um_pwv,35,2.006 K,2.11619
20240125,113219.5465,114232.9909,613.444419,897.037 um_pwv,1095.08 um_pwv,35,2.005 K,2.11457
20240125,114233.9506,115247.4023,613.451659,898.644 um_pwv,1097.04 um_pwv,35,2.036 K,2.11837
20240125,115248.3644,115635.8825,227.518053,899.176 um_pwv,1097.69 um_pwv,35,1.972 K,2.11962
20240125,130136.0021,131149.5786,613.576491,925.367 um_pwv,1129.67 um_pwv,35,1.831 K,2.18152
20240125,131150.5347,132203.9875,613.452872,929.294 um_pwv,1134.46 um_pwv,35,1.867 K,2.1908
20240125,132204.9453,133218.3973,613.451988,933.825 um_pwv,1139.99 um_pwv,35,1.872 K,2.2015
20240125,133219.3555,134232.8023,613.446776,933.202 um_pwv,1139.23 um_pwv,35,1.911 K,2.20003
20240125,134233.7596,135247.2119,613.452302,945.062 um_pwv,1153.71 um_pwv,35,1.891 K,2.22806
20240125,135248.1711,135635.6916,227.520542,947.364 um_pwv,1156.52 um_pwv,35,1.827 K,2.2335
20240125,140135.788,141149.3401,613.55214,961.431 um_pwv,1173.69 um_pwv,35,1.901 K,2.26674
20240125,141150.2972,142203.7427,613.445517,970.782 um_pwv,1185.11 um_pwv,35,1.943 K,2.28884
20240125,142204.7068,143218.1554,613.448582,970.687 um_pwv,1184.99 um_pwv,35,1.926 K,2.28861
20240125,143219.1129,144232.5638,613.450833,968.341 um_pwv,1182.13 um_pwv,35,1.952 K,2.28307
20240125,144233.5216,145246.9712,613.449595,964.82 um_pwv,1177.83 um_pwv,35,1.894 K,2.27475
20240125,145247.9313,145635.4519,227.520588,966.811 um_pwv,1180.26 um_pwv,35,1.891 K,2.27945
20240125,150135.5941,151149.147,613.552895,966.453 um_pwv,1179.82 um_pwv,35,1.943 K,2.27861
20240125,151150.104,152203.5548,613.450856,949.952 um_pwv,1159.68 um_pwv,35,1.957 K,2.23961
20240125,152204.512,153217.963,613.451,943.279 um_pwv,1151.53 um_pwv,35,1.938 K,2.22384
20240125,153218.9227,154232.3667,613.443968,934.39 um_pwv,1140.68 um_pwv,35,1.983 K,2.20284
20240125,154233.3297,155246.7748,613.445129,924.431 um_pwv,1128.52 um_pwv,35,2.018 K,2.1793
20240125,155247.7395,155635.2594,227.519901,921.173 um_pwv,1124.55 um_pwv,35,2.012 K,2.17161
20240125,170136.3756,171149.9102,613.53458,844.572 um_pwv,1031.03 um_pwv,35,2.401 K,1.99059
20240125,171150.8712,172204.3198,613.448583,833.452 um_pwv,1017.46 um_pwv,35,2.527 K,1.96431
20240125,172205.2823,173218.7277,613.445427,830.65 um_pwv,1014.04 um_pwv,35,2.649 K,1.95769
20240125,173219.6908,174233.1365,613.445767,827.508 um_pwv,1010.2 um_pwv,35,2.679 K,1.95026
20240125,174234.099,175247.5466,613.447565,826.557 um_pwv,1009.04 um_pwv,35,2.676 K,1.94801
20240125,175248.5087,175636.0284,227.519625,826.079 um_pwv,1008.46 um_pwv,35,2.589 K,1.94689
20240125,180136.1913,181149.769,613.57766,835.78 um_pwv,1020.3 um_pwv,35,2.605 K,1.96981
20240125,181150.7309,182204.179,613.448129,844.134 um_pwv,1030.5 um_pwv,35,2.589 K,1.98955
20240125,182205.1351,183219.5954,614.460304,850.378 um_pwv,1038.12 um_pwv,35,2.565 K,2.00431
20240125,183220.5514,184234.0001,613.448703,860.172 um_pwv,1050.08 um_pwv,35,2.54 K,2.02745
20240125,184234.9631,185248.4097,613.446613,865.635 um_pwv,1056.75 um_pwv,35,2.509 K,2.04036
20240125,185249.3671,185635.932,226.564953,866.148 um_pwv,1057.37 um_pwv,35,2.422 K,2.04157
20240125,190135.9779,191149.5299,613.552012,869.125 um_pwv,1061.01 um_pwv,35,2.398 K,2.04861
20240125,191150.4863,192203.9344,613.448095,872.791 um_pwv,1065.48 um_pwv,35,2.364 K,2.05727
20240125,192204.8976,193218.3459,613.448212,881.93 um_pwv,1076.64 um_pwv,35,2.333 K,2.07887
20240125,193219.3022,194232.755,613.452839,891.65 um_pwv,1088.5 um_pwv,35,2.299 K,2.10184
20240125,194233.7115,195247.1584,613.4469,896.782 um_pwv,1094.77 um_pwv,35,2.246 K,2.11397
20240125,195248.1212,195635.6413,227.520117,895.997 um_pwv,1093.81 um_pwv,35,2.16 K,2.11211
20240125,210135.7869,211149.3341,613.547299,899.943 um_pwv,1098.63 um_pwv,35,2.01 K,2.12143
20240125,211150.2963,212203.7412,613.444821,899.443 um_pwv,1098.02 um_pwv,35,2.056 K,2.12025
20240125,212204.7045,213218.1538,613.449287,890.561 um_pwv,1087.17 um_pwv,35,2.143 K,2.09927
20240125,213219.1123,214232.5602,613.447941,882.475 um_pwv,1077.3 um_pwv,35,2.243 K,2.08016
20240125,214233.523,215246.9664,613.443392,874.894 um_pwv,1068.05 um_pwv,35,2.362 K,2.06224
20240125,215247.9291,215635.4499,227.520751,871.112 um_pwv,1063.43 um_pwv,35,2.232 K,2.0533
20240125,220136.6019,221150.1538,613.551902,876.342 um_pwv,1069.82 um_pwv,35,2.284 K,2.06566
20240125,221151.111,222204.5584,613.447387,879.767 um_pwv,1074 um_pwv,35,2.262 K,2.07376
20240125,222205.516,223218.9655,613.449544,875.186 um_pwv,1068.4 um_pwv,35,2.383 K,2.06293
20240125,223219.9297,224233.3746,613.444905,870.542 um_pwv,1062.74 um_pwv,35,2.405 K,2.05196
20240125,224234.338,225247.7854,613.447381,863.405 um_pwv,1054.02 um_pwv,35,2.453 K,2.03509
20240125,225248.7426,225636.2654,227.522763,858.793 um_pwv,1048.39 um_pwv,35,2.441 K,2.02419
20240126,10136.21588,11149.7627,613.546817,834.678 um_pwv,1018.95 um_pwv,35,2.756 K,1.96721
20240126,11150.72525,12204.17291,613.447666,838.702 um_pwv,1023.87 um_pwv,35,2.693 K,1.97672
20240126,12205.13448,13218.58217,613.447686,839.004 um_pwv,1024.23 um_pwv,35,2.727 K,1.97743
20240126,13219.54357,14232.98838,613.444814,834.737 um_pwv,1019.03 um_pwv,35,2.762 K,1.96735
20240126,14233.94988,15247.39815,613.448274,831.593 um_pwv,1015.19 um_pwv,35,2.865 K,1.95992
20240126,15248.35415,15635.87723,227.523078,829.573 um_pwv,1012.72 um_pwv,35,2.84 K,1.95514
20240126,20136.0302,21149.5717,613.541497,832.034 um_pwv,1015.73 um_pwv,35,2.805 K,1.96096
20240126,21150.53389,22203.98226,613.44837,829.757 um_pwv,1012.95 um_pwv,35,2.764 K,1.95558
20240126,22204.93796,23218.38971,613.451754,829.164 um_pwv,1012.22 um_pwv,35,2.745 K,1.95417
20240126,23219.35164,24232.79895,613.447309,828.223 um_pwv,1011.07 um_pwv,35,2.69 K,1.95195
20240126,24233.75475,25247.20867,613.453923,831.881 um_pwv,1015.54 um_pwv,35,2.591 K,1.9606
20240126,25248.16475,25635.68677,227.522024,840.86 um_pwv,1026.5 um_pwv,35,2.416 K,1.98182
20240126,30135.83277,31149.42989,613.597114,843.322 um_pwv,1029.51 um_pwv,35,2.417 K,1.98763
20240126,31150.39102,32203.83582,613.444792,837.647 um_pwv,1022.58 um_pwv,35,2.518 K,1.97422
20240126,32204.79805,33218.24399,613.445939,834.06 um_pwv,1018.2 um_pwv,35,2.593 K,1.96575
20240126,33219.20564,34232.65391,613.448278,842.709 um_pwv,1028.76 um_pwv,35,2.648 K,1.98619
20240126,34233.61553,35247.06096,613.445429,849.18 um_pwv,1036.66 um_pwv,35,2.753 K,2.00148
20240126,35248.02252,35635.54578,227.523256,849.192 um_pwv,1036.67 um_pwv,35,2.665 K,2.0015
20240126,50135.65811,51149.23954,613.581433,863.885 um_pwv,1054.61 um_pwv,35,2.833 K,2.03623
20240126,51150.19623,52203.64395,613.44772,865.027 um_pwv,1056 um_pwv,35,2.897 K,2.03892
20240126,52204.60761,53218.05561,613.448006,860.66 um_pwv,1050.67 um_pwv,35,2.989 K,2.02861
20240126,53219.01276,54232.46204,613.449275,840.849 um_pwv,1026.49 um_pwv,35,3.078 K,1.98179
20240126,54233.41898,55246.8718,613.452812,829.164 um_pwv,1012.22 um_pwv,35,3.294 K,1.95417
20240126,55247.82874,55635.35172,227.522974,826.886 um_pwv,1009.44 um_pwv,35,3.384 K,1.94879
20240126,60136.41441,61149.95753,613.543119,831.365 um_pwv,1014.91 um_pwv,35,3.23 K,1.95938
20240126,61150.91935,62204.36763,613.448281,835.017 um_pwv,1019.37 um_pwv,35,3.173 K,1.96801
20240126,62205.3254,63218.77417,613.448771,842.407 um_pwv,1028.39 um_pwv,35,3.311 K,1.98547
20240126,63219.73113,64233.18342,613.452297,856.665 um_pwv,1045.8 um_pwv,35,3.206 K,2.01917
20240126,64234.1422,65247.59026,613.448065,858.38 um_pwv,1047.89 um_pwv,35,3.053 K,2.02322
20240126,65248.54725,65636.07171,227.524461,853.616 um_pwv,1042.07 um_pwv,35,3.117 K,2.01196
20240126,70136.21373,71149.76664,613.552916,846.545 um_pwv,1033.44 um_pwv,35,3.448 K,1.99525
20240126,71150.72336,72204.17404,613.450679,843.604 um_pwv,1029.85 um_pwv,35,3.286 K,1.9883
20240126,72205.13098,73218.57912,613.448142,846.564 um_pwv,1033.46 um_pwv,35,3.439 K,1.99529
20240126,73219.54269,74232.9908,613.448112,846.388 um_pwv,1033.25 um_pwv,35,3.399 K,1.99488
20240126,74233.94793,75247.39614,613.448217,835.429 um_pwv,1019.87 um_pwv,35,3.43 K,1.96898
20240126,75248.359,75635.87787,227.518865,823.645 um_pwv,1005.49 um_pwv,35,3.348 K,1.94113
20240126,90136.04184,91149.61889,613.57705,834.719 um_pwv,1019 um_pwv,35,3.554 K,1.9673
20240126,91150.58051,92204.02628,613.445768,834.728 um_pwv,1019.01 um_pwv,35,3.528 K,1.96732
20240126,92204.98909,93218.43369,613.4446,838.238 um_pwv,1023.3 um_pwv,35,3.602 K,1.97562
20240126,93219.3952,94232.84396,613.448759,843.873 um_pwv,1030.18 um_pwv,35,3.656 K,1.98893
20240126,94233.80578,95247.25091,613.445129,845.583 um_pwv,1032.27 um_pwv,35,3.631 K,1.99297
20240126,95248.21356,95635.73155,227.517989,845.77 um_pwv,1032.5 um_pwv,35,3.56 K,1.99342
20240126,100135.8275,101149.3762,613.54874,844.206 um_pwv,1030.59 um_pwv,35,3.707 K,1.98972
20240126,101150.3373,102203.7877,613.450437,841.119 um_pwv,1026.82 um_pwv,35,3.754 K,1.98243
20240126,102204.7496,103218.1932,613.4436,838.403 um_pwv,1023.5 um_pwv,35,3.783 K,1.97601
20240126,103219.156,104232.6025,613.446452,834.996 um_pwv,1019.34 um_pwv,35,3.786 K,1.96796
20240126,104233.5607,105247.0108,613.450094,841.285 um_pwv,1027.02 um_pwv,35,3.702 K,1.98282
20240126,105247.9732,105635.4934,227.520248,837.576 um_pwv,1022.49 um_pwv,35,3.665 K,1.97405
20240126,110135.6386,111149.1894,613.550814,839.844 um_pwv,1025.26 um_pwv,35,3.654 K,1.97941
20240126,111150.145,112203.5957,613.45065,841.834 um_pwv,1027.69 um_pwv,35,3.726 K,1.98412
20240126,112204.5572,113218.0015,613.444306,840.475 um_pwv,1026.03 um_pwv,35,3.7 K,1.98091
20240126,113218.9642,114232.4091,613.444968,840.268 um_pwv,1025.78 um_pwv,35,3.638 K,1.98042
20240126,114233.3713,115246.8172,613.445855,839.045 um_pwv,1024.29 um_pwv,35,3.676 K,1.97753
20240126,115247.7804,115635.301,227.520679,836.11 um_pwv,1020.7 um_pwv,35,3.694 K,1.97059
20240126,130136.4302,131150.0005,613.570302,845.845 um_pwv,1032.59 um_pwv,35,4.039 K,1.99359
20240126,131150.9636,132204.4133,613.449703,849.611 um_pwv,1037.18 um_pwv,35,4.092 K,2.00249
20240126,132205.3714,133218.818,613.446577,853.942 um_pwv,1042.47 um_pwv,35,3.833 K,2.01273
20240126,133219.7771,134233.2301,613.453023,854.607 um_pwv,1043.28 um_pwv,35,3.794 K,2.0143
20240126,134234.1874,135247.6384,613.450941,844.614 um_pwv,1031.08 um_pwv,35,3.734 K,1.99069
20240126,135248.5962,135636.1184,227.522134,837.99 um_pwv,1023 um_pwv,35,3.638 K,1.97503
20240126,140136.2157,141149.7627,613.54694,835.252 um_pwv,1019.66 um_pwv,35,3.741 K,1.96856
20240126,141150.7246,142204.1729,613.448248,831.427 um_pwv,1014.98 um_pwv,35,3.745 K,1.95952
20240126,142205.1306,143218.5784,613.447762,825.101 um_pwv,1007.26 um_pwv,35,3.711 K,1.94457
20240126,143219.5412,144232.9882,613.446995,825.122 um_pwv,1007.29 um_pwv,35,3.76 K,1.94462
20240126,144233.9463,145247.3948,613.448508,822.864 um_pwv,1004.53 um_pwv,35,3.724 K,1.93929
20240126,145248.3517,145635.8744,227.522716,823.117 um_pwv,1004.84 um_pwv,35,3.681 K,1.93988
20240126,150136.0209,151149.571,613.550152,823.973 um_pwv,1005.89 um_pwv,35,3.676 K,1.94191
20240126,151150.5274,152203.9779,613.450489,819.731 um_pwv,1000.71 um_pwv,35,3.755 K,1.93188
20240126,152204.9347,153218.3858,613.451136,816.734 um_pwv,997.048 um_pwv,35,3.807 K,1.9248
20240126,153219.3428,154232.7955,613.452669,809.019 um_pwv,987.63 um_pwv,35,3.842 K,1.90657
20240126,154233.7527,155247.2013,613.448506,807.036 um_pwv,985.209 um_pwv,35,3.985 K,1.90188
20240126,155248.164,155635.6838,227.519787,802.717 um_pwv,979.937 um_pwv,35,3.961 K,1.89168
20240126,170135.8017,171149.3775,613.575782,790.627 um_pwv,965.177 um_pwv,35,3.851 K,1.8631
20240126,171150.3385,172203.7821,613.443675,786.839 um_pwv,960.554 um_pwv,35,3.867 K,1.85415
20240126,172204.7442,173218.2001,613.455902,783.623 um_pwv,956.627 um_pwv,35,3.895 K,1.84655
20240126,173219.1507,174232.5985,613.447814,778.892 um_pwv,950.851 um_pwv,35,3.925 K,1.83537
20240126,174233.5608,175247.0081,613.447328,778.266 um_pwv,950.087 um_pwv,35,3.904 K,1.83389
20240126,175247.9696,175635.4904,227.52086,774.893 um_pwv,945.97 um_pwv,35,3.872 K,1.82592
20240126,180136.5952,181150.1456,613.550373,769.588 um_pwv,939.493 um_pwv,35,3.915 K,1.81339
20240126,181151.1065,182204.554,613.447462,764.636 um_pwv,933.449 um_pwv,35,3.981 K,1.80168
20240126,182205.5107,183218.9605,613.44972,760.996 um_pwv,929.005 um_pwv,35,4.016 K,1.79308
20240126,183219.9225,184233.3669,613.444305,758.155 um_pwv,925.536 um_pwv,35,4.09 K,1.78637
20240126,184234.3293,185247.7742,613.444802,754.974 um_pwv,921.653 um_pwv,35,4.161 K,1.77885
20240126,185248.7362,185636.2574,227.521249,752.259 um_pwv,918.339 um_pwv,35,4.049 K,1.77243
20240126,190136.4001,191149.9538,613.553742,750.098 um_pwv,915.701 um_pwv,35,4.065 K,1.76733
20240126,191150.909,192204.3614,613.452343,747.973 um_pwv,913.106 um_pwv,35,4.039 K,1.7623
20240126,192205.317,193218.7696,613.452581,749.007 um_pwv,914.369 um_pwv,35,4.01 K,1.76475
20240126,193219.7253,194233.1794,613.454007,749.277 um_pwv,914.699 um_pwv,35,3.989 K,1.76539
20240126,194234.1373,195247.5872,613.449962,748.674 um_pwv,913.963 um_pwv,35,3.943 K,1.76396
20240126,195248.5436,195636.0652,227.521641,746.8 um_pwv,911.674 um_pwv,35,3.818 K,1.75953
20240126,210136.2154,211149.7611,613.545685,739.981 um_pwv,903.35 um_pwv,35,3.702 K,1.74342
20240126,211150.7174,212204.1661,613.448705,734.169 um_pwv,896.255 um_pwv,35,3.786 K,1.72968
20240126,212205.1288,213218.5747,613.445938,729.932 um_pwv,891.082 um_pwv,35,3.754 K,1.71967
20240126,213219.5375,214232.9832,613.445713,726.576 um_pwv,886.986 um_pwv,35,3.752 K,1.71174
20240126,214233.9518,215247.3931,613.441287,722.401 um_pwv,881.888 um_pwv,35,3.757 K,1.70187
20240126,215248.3499,215635.872,227.52209,720.176 um_pwv,879.173 um_pwv,35,3.727 K,1.69661
20240126,220136.0174,221149.5677,613.550297,722.597 um_pwv,882.128 um_pwv,35,3.774 K,1.70233
20240126,221150.524,222203.9722,613.448216,720.87 um_pwv,880.019 um_pwv,35,3.761 K,1.69825
20240126,222204.9316,223218.3823,613.450638,718.243 um_pwv,876.812 um_pwv,35,3.761 K,1.69204
20240126,223219.3459,224232.7935,613.447549,715.501 um_pwv,873.466 um_pwv,35,3.781 K,1.68556
20240126,224233.7513,225247.2019,613.450608,713.298 um_pwv,870.777 um_pwv,35,3.797 K,1.68036
20240126,225248.1592,225635.6804,227.521184,710.962 um_pwv,867.924 um_pwv,35,3.735 K,1.67484
20240127,10135.64921,11149.227,613.577793,795.488 um_pwv,971.112 um_pwv,35,3.9 K,1.87459
20240127,11150.19022,12203.63706,613.446848,804.134 um_pwv,981.666 um_pwv,35,3.883 K,1.89502
20240127,12204.59345,13218.04214,613.448686,811.51 um_pwv,990.671 um_pwv,35,3.918 K,1.91246
20240127,13219.00392,14232.45331,613.449385,821.962 um_pwv,1003.43 um_pwv,35,3.944 K,1.93716
20240127,14233.40934,15246.85709,613.447748,832.33 um_pwv,1016.09 um_pwv,35,4.127 K,1.96166
20240127,15247.81921,15635.34132,227.522103,835.305 um_pwv,1019.72 um_pwv,35,4.042 K,1.96869
20240127,20136.4445,21149.99518,613.550681,846.241 um_pwv,1033.07 um_pwv,35,4.15 K,1.99453
20240127,21150.95678,22204.40333,613.446546,847.161 um_pwv,1034.19 um_pwv,35,4.2 K,1.9967
20240127,22205.36479,23218.81238,613.447597,848.584 um_pwv,1035.93 um_pwv,35,4.176 K,2.00007
20240127,23219.77384,24233.21685,613.443013,847.642 um_pwv,1034.78 um_pwv,35,4.076 K,1.99784
20240127,24234.18025,25247.62497,613.444718,850.229 um_pwv,1037.94 um_pwv,35,4.153 K,2.00395
20240127,25248.58717,25636.1077,227.520532,845.949 um_pwv,1032.71 um_pwv,35,4.044 K,1.99384
20240127,30136.25883,31149.80215,613.543322,847.214 um_pwv,1034.26 um_pwv,35,3.995 K,1.99683
20240127,31150.76351,32204.211,613.447491,848.019 um_pwv,1035.24 um_pwv,35,3.865 K,1.99873
20240127,32205.16747,33218.61935,613.451886,848.144 um_pwv,1035.39 um_pwv,35,3.773 K,1.99903
20240127,33219.57497,34233.02389,613.448916,849.809 um_pwv,1037.43 um_pwv,35,3.693 K,2.00296
20240127,34233.98761,35247.43202,613.444407,848.144 um_pwv,1035.39 um_pwv,35,3.708 K,1.99903
20240127,35248.39472,35635.91586,227.521144,842.823 um_pwv,1028.9 um_pwv,35,3.637 K,1.98645
20240127,50136.07379,51149.65718,613.583389,832.823 um_pwv,1016.69 um_pwv,35,3.899 K,1.96282
20240127,51150.61414,52204.06301,613.448874,836.823 um_pwv,1021.57 um_pwv,35,3.856 K,1.97227
20240127,52205.02571,53218.47396,613.448245,839.211 um_pwv,1024.49 um_pwv,35,3.847 K,1.97792
20240127,53219.43271,54232.87836,613.445656,835.161 um_pwv,1019.54 um_pwv,35,3.841 K,1.96835
20240127,54233.84167,55247.28438,613.442713,834.101 um_pwv,1018.25 um_pwv,35,3.838 K,1.96584
20240127,55248.24859,55635.76659,227.518005,826.385 um_pwv,1008.83 um_pwv,35,3.813 K,1.94761
20240127,60135.86497,61149.41381,613.548841,825.02 um_pwv,1007.16 um_pwv,35,3.854 K,1.94438
20240127,61150.37569,62203.81903,613.443336,820.399 um_pwv,1001.52 um_pwv,35,3.803 K,1.93346
20240127,62204.78238,63218.22756,613.44518,818.885 um_pwv,999.674 um_pwv,35,3.847 K,1.92988
20240127,63219.19178,64232.63923,613.44745,817.307 um_pwv,997.748 um_pwv,35,3.832 K,1.92615
20240127,64233.59718,65247.04741,613.450228,815.747 um_pwv,995.843 um_pwv,35,3.801 K,1.92247
20240127,65248.00488,65635.52666,227.521783,815.062 um_pwv,995.008 um_pwv,35,3.774 K,1.92085
20240127,70135.68273,71149.22199,613.539263,817.391 um_pwv,997.85 um_pwv,35,3.802 K,1.92635
20240127,71150.17928,72203.6255,613.446219,807.813 um_pwv,986.158 um_pwv,35,3.815 K,1.90372
20240127,72204.58971,73218.03872,613.449016,800.056 um_pwv,976.688 um_pwv,35,3.823 K,1.88539
20240127,73218.9978,74232.44561,613.447809,797.966 um_pwv,974.136 um_pwv,35,3.795 K,1.88045
20240127,74233.4025,75246.85462,613.452117,794.97 um_pwv,970.479 um_pwv,35,3.733 K,1.87337
20240127,75247.81303,75635.33408,227.521054,791.845 um_pwv,966.665 um_pwv,35,3.743 K,1.86598
20240127,90136.48465,91150.03326,613.548608,771.927 um_pwv,942.349 um_pwv,35,3.666 K,1.81891
20240127,91150.99424,92204.4424,613.448158,780.863 um_pwv,953.257 um_pwv,35,3.649 K,1.84003
20240127,92205.40431,93218.84752,613.443215,789.368 um_pwv,963.64 um_pwv,35,3.643 K,1.86013
20240127,93219.81094,94233.25475,613.443812,802.975 um_pwv,980.251 um_pwv,35,3.641 K,1.89229
20240127,94234.21668,95247.66328,613.446603,814.953 um_pwv,994.874 um_pwv,35,3.643 K,1.92059
20240127,95248.62626,95636.14737,227.52111,821.667 um_pwv,1003.07 um_pwv,35,3.6 K,1.93646
20240127,100136.2922,101149.8385,613.546295,825.968 um_pwv,1008.32 um_pwv,35,3.677 K,1.94662
20240127,101150.7997,102204.2499,613.450169,826.091 um_pwv,1008.47 um_pwv,35,3.655 K,1.94691
20240127,102205.2064,103218.6535,613.44709,829.07 um_pwv,1012.11 um_pwv,35,3.633 K,1.95395
20240127,103219.6162,104233.0659,613.449663,835.491 um_pwv,1019.95 um_pwv,35,3.599 K,1.96913
20240127,104234.0223,105247.4743,613.451992,843.052 um_pwv,1029.18 um_pwv,35,3.563 K,1.98699
20240127,105248.4309,105635.954,227.523102,843.498 um_pwv,1029.72 um_pwv,35,3.492 K,1.98805
20240127,110136.0721,111149.6447,613.572567,848.249 um_pwv,1035.52 um_pwv,35,3.501 K,1.99928
20240127,111150.6059,112204.0523,613.446393,851.353 um_pwv,1039.31 um_pwv,35,3.512 K,2.00661
20240127,112205.016,113218.4635,613.4475,856.041 um_pwv,1045.03 um_pwv,35,3.458 K,2.01769
20240127,113219.4249,114232.8672,613.442204,857.617 um_pwv,1046.96 um_pwv,35,3.463 K,2.02141
20240127,114233.8305,115247.2766,613.446036,859.663 um_pwv,1049.45 um_pwv,35,3.424 K,2.02625
20240127,115248.2383,115635.7593,227.521068,852.627 um_pwv,1040.86 um_pwv,35,3.426 K,2.00962
20240127,130135.8999,131149.4481,613.548211,851.512 um_pwv,1039.5 um_pwv,35,3.388 K,2.00699
20240127,131150.4124,132203.8576,613.445209,852.089 um_pwv,1040.21 um_pwv,35,3.395 K,2.00835
20240127,132204.8209,133218.2676,613.446746,846.555 um_pwv,1033.45 um_pwv,35,3.439 K,1.99527
20240127,133219.2276,134232.6751,613.447522,837.886 um_pwv,1022.87 um_pwv,35,3.515 K,1.97479
20240127,134233.6321,135247.0829,613.450816,831.099 um_pwv,1014.58 um_pwv,35,3.458 K,1.95875
20240127,135248.0428,135635.561,227.518199,828.6 um_pwv,1011.53 um_pwv,35,3.47 K,1.95284
20240127,140135.68,141149.2533,613.573354,827.333 um_pwv,1009.99 um_pwv,35,3.466 K,1.94985
20240127,141150.2152,142203.6649,613.449772,830.465 um_pwv,1013.81 um_pwv,35,3.434 K,1.95725
20240127,142204.6221,143218.071,613.448889,831.91 um_pwv,1015.58 um_pwv,35,3.428 K,1.96067
20240127,143219.0336,144232.4801,613.44642,830.085 um_pwv,1013.35 um_pwv,35,3.414 K,1.95635
20240127,144233.4376,145246.8848,613.447184,831.787 um_pwv,1015.42 um_pwv,35,3.43 K,1.96037
20240127,145247.8487,145635.3662,227.517502,831.869 um_pwv,1015.52 um_pwv,35,3.384 K,1.96057
20240127,150136.47,151150.0227,613.552703,836.596 um_pwv,1021.3 um_pwv,35,3.386 K,1.97174
20240127,151150.9796,152204.4312,613.451517,838.548 um_pwv,1023.68 um_pwv,35,3.336 K,1.97635
20240127,152205.3884,153218.8383,613.449949,833.205 um_pwv,1017.16 um_pwv,35,3.346 K,1.96372
20240127,153219.7956,154233.2439,613.448334,831.306 um_pwv,1014.84 um_pwv,35,3.345 K,1.95924
20240127,154234.2015,155247.6542,613.452744,822.467 um_pwv,1004.05 um_pwv,35,3.362 K,1.93835
20240127,155248.6138,155636.134,227.520148,820.523 um_pwv,1001.67 um_pwv,35,3.313 K,1.93376
20240127,170136.2479,171149.8221,613.574224,764.372 um_pwv,933.126 um_pwv,35,3.452 K,1.80106
20240127,171150.7837,172204.23,613.446261,787.986 um_pwv,961.953 um_pwv,35,3.306 K,1.85686
20240127,172205.193,173218.641,613.44797,802.754 um_pwv,979.982 um_pwv,35,3.179 K,1.89176
20240127,173219.5973,174233.0498,613.45249,810.489 um_pwv,989.424 um_pwv,35,3.09 K,1.91004
20240127,174234.0067,175247.4565,613.449802,814.893 um_pwv,994.801 um_pwv,35,3.108 K,1.92045
20240127,175248.4123,175635.9374,227.525054,824.133 um_pwv,1006.08 um_pwv,35,3.033 K,1.94229
20240127,180136.0572,181149.6309,613.57372,838.413 um_pwv,1023.51 um_pwv,35,3.044 K,1.97603
20240127,181150.5867,182204.0357,613.449001,835.995 um_pwv,1020.56 um_pwv,35,3.032 K,1.97032
20240127,182204.9986,183218.448,613.449366,822.478 um_pwv,1004.06 um_pwv,35,3.089 K,1.93838
20240127,183219.4052,184232.8513,613.446099,814.238 um_pwv,994.001 um_pwv,35,3.156 K,1.9189
20240127,184233.8139,185247.2625,613.44864,817.46 um_pwv,997.934 um_pwv,35,3.112 K,1.92652
20240127,185248.2181,185635.7424,227.524245,814.057 um_pwv,993.781 um_pwv,35,3.048 K,1.91848
20240127,190135.8368,191149.3887,613.551918,822.763 um_pwv,1004.41 um_pwv,35,3.173 K,1.93905
20240127,191150.3497,192203.7975,613.44781,829.512 um_pwv,1012.65 um_pwv,35,3.228 K,1.955
20240127,192204.7535,193218.2016,613.448072,832.764 um_pwv,1016.62 um_pwv,35,3.233 K,1.96268
20240127,193219.165,194232.6134,613.448464,855.82 um_pwv,1044.76 um_pwv,35,3.08 K,2.01717
20240127,194233.57,195247.0166,613.446603,919.004 um_pwv,1121.9 um_pwv,35,2.697 K,2.16648
20240127,195247.9784,195635.5007,227.522252,956.4 um_pwv,1167.55 um_pwv,35,2.372 K,2.25485
20240127,210135.6547,211149.1927,613.538043,1050.44 um_pwv,1282.35 um_pwv,35,1.749 K,2.47707
20240127,211150.1487,212203.6018,613.453108,1062.06 um_pwv,1296.54 um_pwv,35,1.692 K,2.50453
20240127,212204.56,213218.0081,613.448181,1070.49 um_pwv,1306.82 um_pwv,35,1.615 K,2.52444
20240127,213218.965,214232.4168,613.451798,1075.8 um_pwv,1313.31 um_pwv,35,1.543 K,2.537
20240127,214233.3744,215246.8234,613.448961,1074.16 um_pwv,1311.3 um_pwv,35,1.497 K,2.53311
20240127,215247.7806,215635.3032,227.522589,1065.24 um_pwv,1300.42 um_pwv,35,1.474 K,2.51204
20240127,220136.4116,221149.959,613.54737,1061.97 um_pwv,1296.42 um_pwv,35,1.594 K,2.50431
20240127,221150.9149,222204.3641,613.449207,1057.26 um_pwv,1290.67 um_pwv,35,1.579 K,2.49318
20240127,222205.327,223218.7709,613.443861,1053.14 um_pwv,1285.65 um_pwv,35,1.594 K,2.48345
20240127,223219.7338,224233.1785,613.444771,1046.39 um_pwv,1277.4 um_pwv,35,1.619 K,2.46749
20240127,224234.1421,225247.5921,613.449943,1038.52 um_pwv,1267.8 um_pwv,35,1.632 K,2.44891
20240127,225248.5496,225636.0715,227.521842,1030.17 um_pwv,1257.6 um_pwv,35,1.62 K,2.42917
20240128,10136.06699,11149.61435,613.547366,975.998 um_pwv,1191.47 um_pwv,35,2.048 K,2.30116
20240128,11150.57592,12204.02249,613.44657,979.088 um_pwv,1195.25 um_pwv,35,1.995 K,2.30846
20240128,12204.98454,13218.43379,613.44925,983.716 um_pwv,1200.9 um_pwv,35,1.907 K,2.3194
20240128,13219.39169,14232.8406,613.448911,995.015 um_pwv,1214.69 um_pwv,35,1.863 K,2.3461
20240128,14233.8022,15247.24779,613.445595,1003.21 um_pwv,1224.69 um_pwv,35,1.8 K,2.36545
20240128,15248.20967,15635.72724,227.517575,1008.93 um_pwv,1231.68 um_pwv,35,1.662 K,2.37899
20240128,20135.87157,21149.42291,613.551344,1026.08 um_pwv,1252.61 um_pwv,35,1.693 K,2.41951
20240128,21150.38392,22203.83094,613.44702,1038.8 um_pwv,1268.15 um_pwv,35,1.639 K,2.44957
20240128,22204.78755,23218.24185,613.454299,1043.03 um_pwv,1273.31 um_pwv,35,1.63 K,2.45957
20240128,23219.19847,24232.64277,613.444297,1035.14 um_pwv,1263.68 um_pwv,35,1.674 K,2.44092
20240128,24233.60439,25247.05221,613.447815,1027.04 um_pwv,1253.79 um_pwv,35,1.721 K,2.42179
20240128,25248.01426,25635.53519,227.520931,1019.92 um_pwv,1245.09 um_pwv,35,1.647 K,2.40494
20240128,30135.67656,31149.22813,613.551573,1013.36 um_pwv,1237.09 um_pwv,35,1.816 K,2.38946
20240128,31150.18906,32203.6331,613.444039,1010.95 um_pwv,1234.15 um_pwv,35,1.819 K,2.38376
20240128,32204.59732,33218.04246,613.445138,1012.64 um_pwv,1236.2 um_pwv,35,1.818 K,2.38774
20240128,33219.00433,34232.44937,613.44504,1012.98 um_pwv,1236.62 um_pwv,35,1.815 K,2.38854
20240128,34233.4112,35246.85678,613.445578,1008.77 um_pwv,1231.48 um_pwv,35,1.812 K,2.3786
20240128,35247.81989,35635.34053,227.520638,1005.19 um_pwv,1227.11 um_pwv,35,1.752 K,2.37014
20240128,50136.49052,51150.03865,613.54813,1028.25 um_pwv,1255.26 um_pwv,35,1.663 K,2.42463
20240128,51151.00227,52204.44882,613.44655,1036.11 um_pwv,1264.86 um_pwv,35,1.635 K,2.44322
20240128,52205.41152,53218.85899,613.447472,1045.21 um_pwv,1275.97 um_pwv,35,1.592 K,2.46471
20240128,53219.81779,54233.26273,613.444947,1043.99 um_pwv,1274.47 um_pwv,35,1.638 K,2.46182
20240128,54234.22668,55247.67104,613.444357,1042.89 um_pwv,1273.14 um_pwv,35,1.61 K,2.45923
20240128,55248.63437,55636.15482,227.520447,1041.84 um_pwv,1271.85 um_pwv,35,1.548 K,2.45674
20240128,60136.29734,61149.84948,613.552137,1045.91 um_pwv,1276.82 um_pwv,35,1.588 K,2.46636
20240128,61150.80563,62204.25758,613.451952,1045.55 um_pwv,1276.38 um_pwv,35,1.627 K,2.46551
20240128,62205.21693,63218.66384,613.446905,1042.92 um_pwv,1273.17 um_pwv,35,1.666 K,2.45929
20240128,63219.6272,64233.07373,613.446531,1043.25 um_pwv,1273.58 um_pwv,35,1.684 K,2.46008
20240128,64234.0307,65247.47881,613.448109,1043.79 um_pwv,1274.24 um_pwv,35,1.687 K,2.46136
20240128,65248.44215,65635.96191,227.519758,1044.94 um_pwv,1275.64 um_pwv,35,1.614 K,2.46407
20240128,70136.1048,71149.65753,613.55273,1051.83 um_pwv,1284.04 um_pwv,35,1.649 K,2.48035
20240128,71150.61428,72204.0614,613.447123,1059.27 um_pwv,1293.13 um_pwv,35,1.585 K,2.49793
20240128,72205.02504,73218.46964,613.444605,1064.31 um_pwv,1299.28 um_pwv,35,1.553 K,2.50983
20240128,73219.43326,74232.88079,613.447533,1062.53 um_pwv,1297.11 um_pwv,35,1.548 K,2.50565
20240128,74233.83773,75247.287,613.449265,1057.89 um_pwv,1291.44 um_pwv,35,1.619 K,2.49466
20240128,75248.24969,75635.76951,227.519821,1053.26 um_pwv,1285.79 um_pwv,35,1.552 K,2.48373
20240128,90135.88173,91149.46121,613.579485,1052.98 um_pwv,1285.46 um_pwv,35,1.681 K,2.48308
20240128,91150.42314,92203.87054,613.4474,1052.74 um_pwv,1285.16 um_pwv,35,1.681 K,2.4825
20240128,92204.83194,93218.28029,613.448345,1051.87 um_pwv,1284.09 um_pwv,35,1.742 K,2.48044
20240128,93219.23687,94232.68834,613.45147,1051.1 um_pwv,1283.16 um_pwv,35,1.731 K,2.47863
20240128,94233.64498,95247.09391,613.448935,1052.95 um_pwv,1285.41 um_pwv,35,1.778 K,2.48299
20240128,95248.05597,95635.57566,227.519691,1053.73 um_pwv,1286.36 um_pwv,35,1.67 K,2.48483
20240128,100135.6703,101149.2238,613.553551,1053.53 um_pwv,1286.12 um_pwv,35,1.765 K,2.48437
20240128,101150.1797,102203.6269,613.44717,1052.65 um_pwv,1285.04 um_pwv,35,1.883 K,2.48228
20240128,102204.5908,103218.0394,613.448608,1056.53 um_pwv,1289.78 um_pwv,35,1.905 K,2.49145
20240128,103218.9972,104232.4477,613.450493,1057.3 um_pwv,1290.72 um_pwv,35,1.804 K,2.49327
20240128,104233.404,105246.8521,613.44804,1061.06 um_pwv,1295.32 um_pwv,35,1.809 K,2.50217
20240128,105247.8145,105635.3346,227.52009,1055.81 um_pwv,1288.91 um_pwv,35,1.766 K,2.48976
20240128,110136.486,111150.0383,613.552271,1047.24 um_pwv,1278.44 um_pwv,35,1.814 K,2.46951
20240128,111150.9941,112204.4447,613.450561,1040.27 um_pwv,1269.93 um_pwv,35,1.822 K,2.45303
20240128,112205.4022,113218.8505,613.448274,1039.21 um_pwv,1268.65 um_pwv,35,1.848 K,2.45054
20240128,113219.8123,114233.259,613.446672,1040.79 um_pwv,1270.58 um_pwv,35,1.917 K,2.45428
20240128,114234.2229,115247.6715,613.448596,1028.39 um_pwv,1255.43 um_pwv,35,1.994 K,2.42496
20240128,115248.6279,115636.1519,227.524018,1026.12 um_pwv,1252.66 um_pwv,35,1.898 K,2.4196
20240128,130136.2485,131149.796,613.547546,1009.87 um_pwv,1232.82 um_pwv,35,1.973 K,2.38119
20240128,131150.7579,132204.2059,613.447974,1007.77 um_pwv,1230.27 um_pwv,35,2.024 K,2.37625
20240128,132205.1648,133218.6139,613.449097,1006.97 um_pwv,1229.28 um_pwv,35,2.023 K,2.37434
20240128,133219.573,134233.0186,613.445587,1000.73 um_pwv,1221.67 um_pwv,35,2.083 K,2.35961
20240128,134233.9823,135247.4302,613.447917,992.855 um_pwv,1212.05 um_pwv,35,2.125 K,2.34099
20240128,135248.3896,135635.9098,227.520223,984.469 um_pwv,1201.82 um_pwv,35,2.183 K,2.32118
20240128,140136.0688,141149.6063,613.537518,971.658 um_pwv,1186.18 um_pwv,35,2.33 K,2.2909
20240128,141150.563,142204.0098,613.446853,965.952 um_pwv,1179.21 um_pwv,35,2.412 K,2.27742
20240128,142204.9735,143218.4219,613.44835,972.39 um_pwv,1187.07 um_pwv,35,2.53 K,2.29263
20240128,143219.3804,144232.8278,613.447381,976.83 um_pwv,1192.49 um_pwv,35,2.513 K,2.30313
20240128,144233.7908,145247.2341,613.443238,990.223 um_pwv,1208.84 um_pwv,35,2.82 K,2.33478
20240128,145248.1968,145635.7189,227.522167,994.843 um_pwv,1214.48 um_pwv,35,3.185 K,2.34569
20240128,150135.8605,151149.4125,613.551998,991.214 um_pwv,1210.05 um_pwv,35,3.398 K,2.33712
20240128,151150.3746,152203.8208,613.44619,983.145 um_pwv,1200.2 um_pwv,35,3.418 K,2.31805
20240128,152204.7778,153218.2297,613.451928,992.206 um_pwv,1211.26 um_pwv,35,3.613 K,2.33946
20240128,153219.1866,154232.635,613.448369,1005.09 um_pwv,1226.99 um_pwv,35,3.583 K,2.36991
20240128,154233.5986,155247.0416,613.442977,1003.12 um_pwv,1224.58 um_pwv,35,3.038 K,2.36525
20240128,155248.0055,155635.5254,227.519862,1010.74 um_pwv,1233.89 um_pwv,35,2.98 K,2.38326
20240128,170135.6453,171149.2202,613.574859,1039.65 um_pwv,1269.18 um_pwv,35,2.944 K,2.45157
20240128,171150.1757,172203.6284,613.452612,1037.14 um_pwv,1266.11 um_pwv,35,2.948 K,2.44564
20240128,172204.5846,173218.0326,613.447981,1037.95 um_pwv,1267.1 um_pwv,35,2.697 K,2.44754
20240128,173218.9962,174232.44,613.443783,1031.14 um_pwv,1258.79 um_pwv,35,2.663 K,2.43145
20240128,174233.4024,175246.8503,613.447888,1027.69 um_pwv,1254.58 um_pwv,35,2.693 K,2.42331
20240128,175247.812,175635.3308,227.518785,1025.63 um_pwv,1252.06 um_pwv,35,2.692 K,2.41843
20240128,180136.4343,181149.986,613.55166,1022.53 um_pwv,1248.28 um_pwv,35,2.531 K,2.41111
20240128,181150.9472,182204.3967,613.449454,1033.1 um_pwv,1261.18 um_pwv,35,2.62 K,2.43609
20240128,182205.3534,183218.8014,613.447946,1035.5 um_pwv,1264.11 um_pwv,35,2.53 K,2.44176
20240128,183219.7635,184233.2081,613.444609,1034.82 um_pwv,1263.29 um_pwv,35,2.512 K,2.44016
20240128,184234.1712,185247.6152,613.444033,1034.5 um_pwv,1262.9 um_pwv,35,2.467 K,2.43941
20240128,185248.5786,185636.0999,227.521319,1031.05 um_pwv,1258.68 um_pwv,35,2.35 K,2.43124
20240128,190136.2421,191149.79,613.547939,1025.19 um_pwv,1251.53 um_pwv,35,2.286 K,2.41741
20240128,191150.7513,192204.2027,613.451373,1015.29 um_pwv,1239.44 um_pwv,35,2.259 K,2.39402
20240128,192205.1587,193218.6116,613.452824,1003.26 um_pwv,1224.75 um_pwv,35,2.228 K,2.36557
20240128,193219.5687,194233.0187,613.449928,990.786 um_pwv,1209.53 um_pwv,35,2.371 K,2.3361
20240128,194233.9751,195247.424,613.448851,978.157 um_pwv,1194.11 um_pwv,35,2.464 K,2.30626
20240128,195248.3867,195635.9067,227.519949,967.528 um_pwv,1181.13 um_pwv,35,2.295 K,2.28115
20240128,210136.0505,211149.6017,613.551213,986.173 um_pwv,1203.89 um_pwv,35,3.08 K,2.3252
20240128,211150.5587,212204.0052,613.446576,993.812 um_pwv,1213.22 um_pwv,35,3.508 K,2.34326
20240128,212204.9686,213218.4158,613.447208,993.346 um_pwv,1212.65 um_pwv,35,3.338 K,2.34215
20240128,213219.3727,214232.8248,613.45214,991.936 um_pwv,1210.93 um_pwv,35,2.809 K,2.33882
20240128,214233.7836,215247.2324,613.448792,990.651 um_pwv,1209.36 um_pwv,35,2.935 K,2.33579
20240128,215248.1896,215635.7123,227.522724,996.059 um_pwv,1215.96 um_pwv,35,3.412 K,2.34857
20240128,220135.9028,221149.4524,613.549603,997.709 um_pwv,1217.98 um_pwv,35,3.829 K,2.35246
20240128,221150.4149,222203.8626,613.447729,971.934 um_pwv,1186.51 um_pwv,35,2.763 K,2.29156
20240128,222204.8199,223218.27,613.450108,974.673 um_pwv,1189.86 um_pwv,35,2.762 K,2.29803
20240128,223219.2276,224232.6798,613.452177,979.825 um_pwv,1196.15 um_pwv,35,2.581 K,2.3102
20240128,224233.6367,225247.0849,613.448149,977.409 um_pwv,1193.2 um_pwv,35,2.402 K,2.30449
20240128,225248.0485,225635.5672,227.51867,969.872 um_pwv,1184 um_pwv,35,2.324 K,2.28668
20240129,10136.52612,11150.07778,613.551667,926.019 um_pwv,1130.46 um_pwv,35,2.228 K,2.18306
20240129,11151.03448,12204.48601,613.451529,923.245 um_pwv,1127.07 um_pwv,35,2.145 K,2.1765
20240129,12205.44324,13218.89352,613.450285,930.419 um_pwv,1135.83 um_pwv,35,2.202 K,2.19345
20240129,13219.85055,14233.30148,613.450923,931.787 um_pwv,1137.5 um_pwv,35,2.346 K,2.19669
20240129,14234.25844,15247.71173,613.453296,932.638 um_pwv,1138.54 um_pwv,35,2.457 K,2.1987
20240129,15248.66932,15636.19026,227.520939,939.804 um_pwv,1147.29 um_pwv,35,2.578 K,2.21563
20240129,20136.33545,21149.88673,613.551281,938.818 um_pwv,1146.09 um_pwv,35,2.714 K,2.2133
20240129,21150.84345,22204.29179,613.448335,937.347 um_pwv,1144.29 um_pwv,35,2.74 K,2.20983
20240129,22205.25451,23218.70209,613.447584,923.257 um_pwv,1127.09 um_pwv,35,2.38 K,2.17653
20240129,23219.66021,24233.11071,613.4505,916.376 um_pwv,1118.69 um_pwv,35,2.155 K,2.16027
20240129,24234.07064,25247.51584,613.445195,915.946 um_pwv,1118.16 um_pwv,35,2.138 K,2.15925
20240129,25248.47916,25635.99823,227.519072,921.401 um_pwv,1124.82 um_pwv,35,2.03 K,2.17214
20240129,30136.14442,31149.69249,613.548078,932.143 um_pwv,1137.94 um_pwv,35,2.11 K,2.19753
20240129,31150.6487,32204.0973,613.448597,932.166 um_pwv,1137.96 um_pwv,35,2.187 K,2.19758
20240129,32205.06021,33218.50599,613.445778,929.122 um_pwv,1134.25 um_pwv,35,2.165 K,2.19039
20240129,33219.46993,34232.9184,613.448467,931.821 um_pwv,1137.54 um_pwv,35,2.127 K,2.19677
20240129,34233.87707,35247.3255,613.448431,933.71 um_pwv,1139.85 um_pwv,35,2.195 K,2.20123
20240129,35248.28279,35635.80446,227.521668,927.071 um_pwv,1131.74 um_pwv,35,2.137 K,2.18554
20240129,50135.90435,51149.4511,613.546748,908.032 um_pwv,1108.5 um_pwv,35,2.062 K,2.14055
20240129,51150.41039,52203.86247,613.452078,908.346 um_pwv,1108.89 um_pwv,35,2.075 K,2.14129
20240129,52204.81857,53218.27183,613.453255,910.266 um_pwv,1111.23 um_pwv,35,2.069 K,2.14583
20240129,53219.22906,54232.67696,613.447902,914.162 um_pwv,1115.99 um_pwv,35,2.066 K,2.15504
20240129,54233.63891,55247.08424,613.445322,913.71 um_pwv,1115.43 um_pwv,35,2.079 K,2.15397
20240129,55248.04571,55635.56642,227.520708,910.974 um_pwv,1112.09 um_pwv,35,2.022 K,2.1475
20240129,60135.71091,61149.26273,613.551816,912.189 um_pwv,1113.58 um_pwv,35,2.19 K,2.15037
20240129,61150.22393,62203.6718,613.447867,908.615 um_pwv,1109.21 um_pwv,35,2.254 K,2.14193
20240129,62204.62763,63218.07619,613.448553,906.778 um_pwv,1106.97 um_pwv,35,2.32 K,2.13759
20240129,63219.0381,64232.4874,613.449297,901.922 um_pwv,1101.04 um_pwv,35,2.257 K,2.12611
20240129,64233.44387,65246.89566,613.451788,890.132 um_pwv,1086.65 um_pwv,35,2.268 K,2.09825
20240129,65247.85319,65635.37528,227.522089,881.963 um_pwv,1076.68 um_pwv,35,2.17 K,2.07895
20240129,70136.52712,71150.12349,613.596369,885.169 um_pwv,1080.59 um_pwv,35,2.103 K,2.08652
20240129,71151.0848,72204.53447,613.449674,881.201 um_pwv,1075.75 um_pwv,35,2.06 K,2.07715
20240129,72205.49113,73218.94335,613.452224,873.082 um_pwv,1065.84 um_pwv,35,2.057 K,2.05796
20240129,73219.90095,74233.34926,613.448309,867.796 um_pwv,1059.38 um_pwv,35,2.077 K,2.04547
20240129,74234.30752,75247.75795,613.450427,870.231 um_pwv,1062.36 um_pwv,35,2.09 K,2.05122
20240129,75248.71585,75636.23934,227.523481,866.651 um_pwv,1057.99 um_pwv,35,1.985 K,2.04276
20240129,90136.38416,91149.93297,613.54881,864.408 um_pwv,1055.25 um_pwv,35,2.106 K,2.03746
20240129,91150.89484,92204.34117,613.446329,864.29 um_pwv,1055.1 um_pwv,35,2.165 K,2.03718
20240129,92205.29812,93218.74849,613.450375,866.672 um_pwv,1058.01 um_pwv,35,2.15 K,2.04281
20240129,93219.7116,94233.15439,613.442792,866.811 um_pwv,1058.18 um_pwv,35,2.205 K,2.04314
20240129,94234.11775,95247.56286,613.445108,862.308 um_pwv,1052.68 um_pwv,35,2.243 K,2.0325
20240129,95248.52552,95636.04666,227.521138,859.482 um_pwv,1049.23 um_pwv,35,2.155 K,2.02582
20240129,100136.1629,101149.7428,613.57986,861.351 um_pwv,1051.52 um_pwv,35,2.269 K,2.03024
20240129,101150.6996,102204.1493,613.449697,862.149 um_pwv,1052.49 um_pwv,35,2.307 K,2.03212
20240129,102205.1064,103218.5624,613.456,864.002 um_pwv,1054.75 um_pwv,35,2.291 K,2.0365
20240129,103219.5139,104232.9666,613.452697,867.86 um_pwv,1059.46 um_pwv,35,2.282 K,2.04562
20240129,104233.9266,105247.3746,613.448009,869.082 um_pwv,1060.95 um_pwv,35,2.29 K,2.04851
20240129,105248.3324,105635.8528,227.520446,868.353 um_pwv,1060.06 um_pwv,35,2.153 K,2.04679
20240129,110135.9213,111149.5007,613.579424,873.513 um_pwv,1066.36 um_pwv,35,2.219 K,2.05898
20240129,111150.4629,112203.9095,613.446633,874.559 um_pwv,1067.64 um_pwv,35,2.209 K,2.06145
20240129,112204.8664,113218.3164,613.449959,879.68 um_pwv,1073.89 um_pwv,35,2.201 K,2.07355
20240129,113219.2733,114232.7272,613.453865,883.347 um_pwv,1078.37 um_pwv,35,2.199 K,2.08222
20240129,114233.6847,115247.1328,613.448035,886.033 um_pwv,1081.65 um_pwv,35,2.196 K,2.08856
20240129,115248.0897,115635.6143,227.524581,886.241 um_pwv,1081.9 um_pwv,35,2.103 K,2.08906
20240129,130135.6737,131149.2125,613.538812,914.263 um_pwv,1116.11 um_pwv,35,2.004 K,2.15528
20240129,131150.1735,132203.619,613.445571,919.583 um_pwv,1122.6 um_pwv,35,2.1 K,2.16785
20240129,132204.5812,133218.0304,613.449217,924.694 um_pwv,1128.84 um_pwv,35,2.067 K,2.17992
20240129,133218.9886,134232.4368,613.448262,929.822 um_pwv,1135.1 um_pwv,35,2.037 K,2.19204
20240129,134233.3984,135246.842,613.443634,932.638 um_pwv,1138.54 um_pwv,35,2.015 K,2.1987
20240129,135247.8051,135635.3249,227.519804,932.442 um_pwv,1138.3 um_pwv,35,1.889 K,2.19824
20240129,140136.4769,141150.03,613.553031,940.581 um_pwv,1148.24 um_pwv,35,1.932 K,2.21747
20240129,141150.986,142204.4335,613.447499,942.557 um_pwv,1150.65 um_pwv,35,1.987 K,2.22214
20240129,142205.3961,143218.849,613.452975,944.316 um_pwv,1152.8 um_pwv,35,1.946 K,2.22629
20240129,143219.8061,144233.254,613.447873,945.751 um_pwv,1154.55 um_pwv,35,1.903 K,2.22968
20240129,144234.2115,145247.6619,613.450466,948.358 um_pwv,1157.73 um_pwv,35,1.85 K,2.23585
20240129,145248.6179,145636.141,227.523062,948.171 um_pwv,1157.5 um_pwv,35,1.78 K,2.2354
20240129,150136.3052,151149.8814,613.576222,959.925 um_pwv,1171.85 um_pwv,35,1.764 K,2.26318
20240129,151150.8439,152204.2904,613.446482,964.713 um_pwv,1177.7 um_pwv,35,1.794 K,2.27449
20240129,152205.2532,153218.6972,613.443975,964.475 um_pwv,1177.41 um_pwv,35,1.885 K,2.27393
20240129,153219.6587,154233.1108,613.452064,967.504 um_pwv,1181.1 um_pwv,35,1.845 K,2.28109
20240129,154234.067,155247.5188,613.451829,968.699 um_pwv,1182.56 um_pwv,35,1.855 K,2.28391
20240129,155248.4751,155635.9974,227.522271,967.707 um_pwv,1181.35 um_pwv,35,1.72 K,2.28157
20240129,170136.103,171149.6446,613.541663,970.219 um_pwv,1184.42 um_pwv,35,1.693 K,2.2875
20240129,171150.6013,172204.0501,613.448868,974.409 um_pwv,1189.53 um_pwv,35,1.783 K,2.2974
20240129,172205.0132,173218.4608,613.44762,977.952 um_pwv,1193.86 um_pwv,35,1.793 K,2.30578
20240129,173219.4186,174232.8681,613.449512,982.599 um_pwv,1199.53 um_pwv,35,1.788 K,2.31676
20240129,174233.8251,175247.2773,613.452255,987.696 um_pwv,1205.75 um_pwv,35,1.771 K,2.3288
20240129,175248.2352,175635.7575,227.522317,985.917 um_pwv,1203.58 um_pwv,35,1.74 K,2.3246
20240129,180135.9001,181149.4497,613.54961,989.795 um_pwv,1208.32 um_pwv,35,1.805 K,2.33376
20240129,181150.4124,182203.8571,613.44468,993.419 um_pwv,1212.74 um_pwv,35,1.818 K,2.34233
20240129,182204.8208,183218.2678,613.447011,995.396 um_pwv,1215.15 um_pwv,35,1.828 K,2.347
20240129,183219.2247,184232.6772,613.45247,1004.21 um_pwv,1225.91 um_pwv,35,1.771 K,2.36783
20240129,184233.6372,185247.0827,613.445508,1012.31 um_pwv,1235.81 um_pwv,35,1.723 K,2.38698
20240129,185248.0454,185635.5656,227.520181,1014.63 um_pwv,1238.63 um_pwv,35,1.567 K,2.39245
20240129,190135.7097,191149.2584,613.548669,1025.22 um_pwv,1251.56 um_pwv,35,1.64 K,2.41747
20240129,191150.2203,192203.668,613.447671,1026.33 um_pwv,1252.92 um_pwv,35,1.641 K,2.42011
20240129,192204.6249,193218.0757,613.450835,1029.68 um_pwv,1257.01 um_pwv,35,1.685 K,2.42802
20240129,193219.033,194232.4851,613.452073,1033.92 um_pwv,1262.18 um_pwv,35,1.721 K,2.43802
20240129,194233.4432,195246.8932,613.45002,1037.64 um_pwv,1266.72 um_pwv,35,1.654 K,2.44682
20240129,195247.8511,195635.3724,227.52137,1037.8 um_pwv,1266.92 um_pwv,35,1.609 K,2.44721
20240129,210136.5237,211150.0763,613.552617,1051.62 um_pwv,1283.79 um_pwv,35,1.489 K,2.47986
20240129,211151.0372,212204.4831,613.445834,1052.09 um_pwv,1284.36 um_pwv,35,1.649 K,2.48096
20240129,212205.4452,213218.8926,613.447417,1050.23 um_pwv,1282.1 um_pwv,35,1.633 K,2.47658
20240129,213219.8541,214233.3001,613.445958,1053.82 um_pwv,1286.47 um_pwv,35,1.536 K,2.48505
20240129,214234.2619,215247.7103,613.448388,1056.04 um_pwv,1289.19 um_pwv,35,1.427 K,2.49031
20240129,215248.6663,215636.1895,227.523197,1056.7 um_pwv,1289.99 um_pwv,35,1.326 K,2.49185
20240129,220136.332,221149.881,613.54898,1070.39 um_pwv,1306.71 um_pwv,35,1.703 K,2.52422
20240129,221150.842,222204.2929,613.450897,1077.16 um_pwv,1314.97 um_pwv,35,1.625 K,2.5402
20240129,222205.249,223218.6983,613.449366,1083.37 um_pwv,1322.56 um_pwv,35,1.661 K,2.55489
20240129,223219.661,224233.1094,613.448371,1090.15 um_pwv,1330.83 um_pwv,35,1.781 K,2.57091
20240129,224234.0661,225247.5138,613.447639,1092.43 um_pwv,1333.61 um_pwv,35,1.614 K,2.57629
20240129,225248.4758,225635.9953,227.519518,1093.4 um_pwv,1334.8 um_pwv,35,1.409 K,2.57859
20240130,10135.94751,11149.49724,613.549732,1118.59 um_pwv,1365.54 um_pwv,35,1.395 K,2.6381
20240130,11150.4597,12203.90349,613.44379,1126.18 um_pwv,1374.82 um_pwv,35,1.476 K,2.65605
20240130,12204.86677,13218.3152,613.448428,1125.61 um_pwv,1374.12 um_pwv,35,1.457 K,2.6547
20240130,13219.27245,14232.72011,613.44766,1126.07 um_pwv,1374.68 um_pwv,35,1.438 K,2.65578
20240130,14233.68318,15247.1314,613.448217,1129.79 um_pwv,1379.22 um_pwv,35,1.461 K,2.66457
20240130,15248.09077,15635.61248,227.521718,1128.58 um_pwv,1377.74 um_pwv,35,1.444 K,2.6617
20240130,20135.75662,21149.30537,613.548752,1135.25 um_pwv,1385.88 um_pwv,35,1.421 K,2.67746
20240130,21150.2672,22203.71398,613.446786,1136.44 um_pwv,1387.34 um_pwv,35,1.432 K,2.68028
20240130,22204.67114,23218.12075,613.449608,1136.05 um_pwv,1386.86 um_pwv,35,1.461 K,2.67935
20240130,23219.08409,24232.53215,613.448062,1134.36 um_pwv,1384.8 um_pwv,35,1.483 K,2.67537
20240130,24233.48934,25246.93558,613.446236,1132.56 um_pwv,1382.6 um_pwv,35,1.454 K,2.67111
20240130,25247.89952,25635.41844,227.518916,1127.98 um_pwv,1377.01 um_pwv,35,1.485 K,2.66029
20240130,30136.54823,31150.12366,613.575432,1136.12 um_pwv,1386.94 um_pwv,35,1.502 K,2.67952
20240130,31151.08031,32204.53076,613.45045,1137.03 um_pwv,1388.06 um_pwv,35,1.511 K,2.68167
20240130,32205.48819,33218.93899,613.450801,1138.25 um_pwv,1389.55 um_pwv,35,1.449 K,2.68457
20240130,33219.89809,34233.34656,613.448466,1151 um_pwv,1405.11 um_pwv,35,1.435 K,2.71469
20240130,34234.30359,35247.80141,613.497813,1161.21 um_pwv,1417.58 um_pwv,35,1.39 K,2.73882
20240130,35248.7614,35636.47522,227.713821,1153.35 um_pwv,1407.98 um_pwv,35,1.4 K,2.72024
20240130,50136.32937,51149.88072,613.55135,1131.08 um_pwv,1380.79 um_pwv,35,1.484 K,2.66761
20240130,51150.83683,52204.28413,613.447306,1112.03 um_pwv,1357.54 um_pwv,35,1.456 K,2.6226
20240130,52205.24589,53218.69324,613.447352,1107.96 um_pwv,1352.57 um_pwv,35,1.463 K,2.61298
20240130,53219.65636,54233.10203,613.445673,1112.8 um_pwv,1358.48 um_pwv,35,1.495 K,2.62442
20240130,54234.06452,55247.50992,613.445403,1115.03 um_pwv,1361.2 um_pwv,35,1.486 K,2.62969
20240130,55248.47175,55635.99269,227.520941,1111.74 um_pwv,1357.19 um_pwv,35,1.436 K,2.62192
20240130,60136.13687,61149.68657,613.549697,1095.73 um_pwv,1337.63 um_pwv,35,1.407 K,2.58408
20240130,61150.64791,62204.09646,613.44855,1112.21 um_pwv,1357.76 um_pwv,35,1.382 K,2.62303
20240130,62205.05399,63218.50488,613.450893,1118.95 um_pwv,1365.98 um_pwv,35,1.425 K,2.63894
20240130,63219.46189,64232.91244,613.45055,1129.91 um_pwv,1379.36 um_pwv,35,1.428 K,2.66484
20240130,64233.86887,65247.31625,613.447375,1137.2 um_pwv,1388.26 um_pwv,35,1.392 K,2.68207
20240130,65248.27894,65635.80036,227.521422,1147.67 um_pwv,1401.04 um_pwv,35,1.438 K,2.70681
20240130,70135.94465,71149.49591,613.551259,1146.92 um_pwv,1400.13 um_pwv,35,1.374 K,2.70504
20240130,71150.4529,72203.90172,613.448813,1122.93 um_pwv,1370.85 um_pwv,35,1.291 K,2.64837
20240130,72204.86363,73218.3077,613.444069,1081.93 um_pwv,1320.79 um_pwv,35,1.372 K,2.55148
20240130,73219.27031,74232.71887,613.448564,1061.08 um_pwv,1295.34 um_pwv,35,1.267 K,2.5022
20240130,74233.68052,75247.12606,613.44554,1041.58 um_pwv,1271.53 um_pwv,35,1.247 K,2.45613
20240130,75248.08764,75635.60556,227.51792,1031.82 um_pwv,1259.62 um_pwv,35,1.196 K,2.43308
20240130,90135.76248,91149.29993,613.53745,1119.1 um_pwv,1366.17 um_pwv,35,3.125 K,2.6393
20240130,91150.26213,92203.70723,613.445099,1125.78 um_pwv,1374.32 um_pwv,35,3.41 K,2.65509
20240130,92204.66993,93218.11303,613.443109,1141.59 um_pwv,1393.62 um_pwv,35,3.552 K,2.69244
20240130,93219.07663,94232.52126,613.444623,1158.18 um_pwv,1413.87 um_pwv,35,3.384 K,2.73164
20240130,94233.48458,95246.93209,613.447515,1177.31 um_pwv,1437.24 um_pwv,35,3.385 K,2.77686
20240130,95247.88899,95635.41163,227.522641,1176.56 um_pwv,1436.32 um_pwv,35,2.939 K,2.77508
20240130,100136.5642,101150.1174,613.55319,1161.97 um_pwv,1418.51 um_pwv,35,3.347 K,2.74061
20240130,101151.0738,102204.5242,613.450426,1160.81 um_pwv,1417.09 um_pwv,35,2.933 K,2.73787
20240130,102205.4817,103218.9329,613.451146,1160.01 um_pwv,1416.11 um_pwv,35,2.536 K,2.73597
20240130,103219.8904,104233.3372,613.446805,1162.91 um_pwv,1419.65 um_pwv,35,1.764 K,2.74282
20240130,104234.3005,105247.7453,613.444762,1166.27 um_pwv,1423.75 um_pwv,35,1.558 K,2.75077
20240130,105248.7034,105636.227,227.52359,1187.67 um_pwv,1449.88 um_pwv,35,1.554 K,2.80133
20240130,110136.3717,111150.7352,614.363582,1203.86 um_pwv,1469.64 um_pwv,35,1.583 K,2.83958
20240130,111151.698,112205.1436,613.445573,1186.7 um_pwv,1448.7 um_pwv,35,1.441 K,2.79905
20240130,112206.1035,113219.5523,613.448836,1182.55 um_pwv,1443.62 um_pwv,35,1.714 K,2.78923
20240130,113220.5166,114233.964,613.447371,1188.89 um_pwv,1451.36 um_pwv,35,1.735 K,2.80421
20240130,114234.9219,115248.3713,613.449446,1182.24 um_pwv,1443.25 um_pwv,35,1.626 K,2.7885
20240130,115249.3286,115635.8922,226.563567,1167.5 um_pwv,1425.25 um_pwv,35,1.434 K,2.75366
20240130,130136.1538,131149.7286,613.574797,1098.92 um_pwv,1341.54 um_pwv,35,1.323 K,2.59163
20240130,131150.6844,132204.1366,613.452279,1097.89 um_pwv,1340.28 um_pwv,35,1.348 K,2.5892
20240130,132205.0929,133218.5444,613.451444,1089.25 um_pwv,1329.73 um_pwv,35,1.463 K,2.56877
20240130,133219.501,134232.9525,613.451468,1082.68 um_pwv,1321.71 um_pwv,35,1.732 K,2.55325
20240130,134233.9085,135247.3573,613.448833,1078.3 um_pwv,1316.36 um_pwv,35,1.796 K,2.54291
20240130,135248.3198,135635.8403,227.520563,1077.34 um_pwv,1315.19 um_pwv,35,1.805 K,2.54064
20240130,140135.9345,141149.4823,613.547811,1080.7 um_pwv,1319.29 um_pwv,35,1.715 K,2.54858
20240130,141150.4445,142203.8924,613.447833,1099.83 um_pwv,1342.65 um_pwv,35,1.911 K,2.59378
20240130,142204.8548,143218.2991,613.444292,1101.94 um_pwv,1345.22 um_pwv,35,1.934 K,2.59876
20240130,143219.2624,144232.7108,613.448306,1099.43 um_pwv,1342.15 um_pwv,35,2.269 K,2.59282
20240130,144233.6671,145247.1164,613.449347,1095.58 um_pwv,1337.45 um_pwv,35,2.562 K,2.58373
20240130,145248.0791,145635.5992,227.52004,1083.63 um_pwv,1322.87 um_pwv,35,2.332 K,2.55549
20240130,150135.7417,151149.2917,613.549947,1089.3 um_pwv,1329.79 um_pwv,35,2.595 K,2.5689
20240130,151150.2529,152203.701,613.448006,1079.75 um_pwv,1318.14 um_pwv,35,2.34 K,2.54634
20240130,152204.6566,153218.1088,613.452223,1065.09 um_pwv,1300.24 um_pwv,35,2.208 K,2.5117
20240130,153219.0651,154232.5156,613.450526,1038.73 um_pwv,1268.05 um_pwv,35,1.58 K,2.44939
20240130,154233.4774,155246.9231,613.445733,1026.63 um_pwv,1253.28 um_pwv,35,1.833 K,2.4208
20240130,155247.8852,155635.4044,227.519142,1013.7 um_pwv,1237.5 um_pwv,35,1.958 K,2.39026
20240130,170135.5967,171149.1459,613.549141,980.999 um_pwv,1197.58 um_pwv,35,2.663 K,2.31298
20240130,171150.1077,172203.5548,613.447049,970.255 um_pwv,1184.46 um_pwv,35,2.738 K,2.28759
20240130,172204.5126,173217.964,613.451411,961.016 um_pwv,1173.18 um_pwv,35,2.931 K,2.26576
20240130,173218.9212,174232.3719,613.450702,963.011 um_pwv,1175.62 um_pwv,35,2.926 K,2.27047
20240130,174233.3295,175246.78,613.450509,977.566 um_pwv,1193.39 um_pwv,35,3.452 K,2.30486
20240130,175247.7376,175635.2568,227.519287,994.266 um_pwv,1213.77 um_pwv,35,3.789 K,2.34433
20240130,180136.4106,181149.9577,613.547093,1020.61 um_pwv,1245.93 um_pwv,35,4.86 K,2.40658
20240130,181150.9214,182204.3687,613.447261,1033.23 um_pwv,1261.34 um_pwv,35,5.061 K,2.43639
20240130,182205.3256,183218.7741,613.448498,1059.49 um_pwv,1293.4 um_pwv,35,5.325 K,2.49846
20240130,183219.7378,184233.1849,613.447153,1077.56 um_pwv,1315.45 um_pwv,35,5.594 K,2.54114
20240130,184234.1418,185247.5908,613.448945,1086.75 um_pwv,1326.68 um_pwv,35,5.702 K,2.56287
20240130,185248.5544,185636.0733,227.518896,1097.05 um_pwv,1339.25 um_pwv,35,5.974 K,2.58721
20240130,190136.2182,191149.7694,613.55121,1124.13 um_pwv,1372.31 um_pwv,35,6.744 K,2.65119
20240130,191150.726,192204.1723,613.446275,1139.64 um_pwv,1391.25 um_pwv,35,7.246 K,2.68785
20240130,192205.1368,193218.5858,613.449071,1150.6 um_pwv,1404.63 um_pwv,35,7.396 K,2.71375
20240130,193219.5434,194232.993,613.449612,1161.31 um_pwv,1417.7 um_pwv,35,7.537 K,2.73905
20240130,194233.953,195247.3988,613.445743,1168.48 um_pwv,1426.45 um_pwv,35,7.659 K,2.75598
20240130,195248.3617,195635.8795,227.517713,1182.51 um_pwv,1443.57 um_pwv,35,8.169 K,2.78913
20240130,210136.0423,211149.6219,613.579592,1254.43 um_pwv,1531.37 um_pwv,35,9.117 K,2.95907
20240130,211150.5777,212204.0299,613.452154,1261.3 um_pwv,1539.76 um_pwv,35,9.013 K,2.9753
20240130,212204.9863,213218.4362,613.449917,1268.87 um_pwv,1549.01 um_pwv,35,8.811 K,2.9932
20240130,213219.3932,214232.8471,613.453886,1284.22 um_pwv,1567.74 um_pwv,35,8.877 K,3.02946
20240130,214233.8058,215247.251,613.445234,1300.71 um_pwv,1587.88 um_pwv,35,8.933 K,3.06843
20240130,215248.2128,215635.7333,227.52049,1310.81 um_pwv,1600.21 um_pwv,35,9.473 K,3.09229
20240130,220135.8288,221150.3879,614.559063,1331.13 um_pwv,1625.01 um_pwv,35,10.17 K,3.1403
20240130,221151.3492,222204.7939,613.444757,1337.28 um_pwv,1632.52 um_pwv,35,10.09 K,3.15483
20240130,222205.7554,223219.2024,613.447003,1340.16 um_pwv,1636.03 um_pwv,35,10.03 K,3.16163
20240130,223220.1612,224233.6081,613.446882,1347.28 um_pwv,1644.73 um_pwv,35,10.62 K,3.17846
20240130,224234.5696,225248.02,613.450387,1343.47 um_pwv,1640.08 um_pwv,35,11.02 K,3.16946
20240130,225248.9764,225635.5392,226.562777,1350.78 um_pwv,1649 um_pwv,35,11.2 K,3.18672
20240131,10136.59206,11150.14236,613.550302,1130.01 um_pwv,1379.49 um_pwv,35,2.09 K,2.6651
20240131,11151.10419,12204.55157,613.447389,1123.95 um_pwv,1372.08 um_pwv,35,1.956 K,2.65076
20240131,12205.5094,13218.95635,613.446952,1127.46 um_pwv,1376.38 um_pwv,35,1.909 K,2.65907
20240131,13219.91971,14233.36329,613.443582,1128.05 um_pwv,1377.09 um_pwv,35,1.613 K,2.66045
20240131,14234.3269,15247.776,613.4491,1128.63 um_pwv,1377.81 um_pwv,35,1.577 K,2.66184
20240131,15248.73412,15636.25437,227.520258,1131.43 um_pwv,1381.22 um_pwv,35,1.6 K,2.66843
20240131,20136.40212,21149.94757,613.545447,1138.87 um_pwv,1390.3 um_pwv,35,1.674 K,2.68602
20240131,21150.90997,22204.35565,613.445679,1144.79 um_pwv,1397.53 um_pwv,35,1.832 K,2.70001
20240131,22205.31369,23218.76216,613.448478,1150.73 um_pwv,1404.78 um_pwv,35,2.033 K,2.71405
20240131,23219.7264,24233.17417,613.447763,1162.5 um_pwv,1419.15 um_pwv,35,2.136 K,2.74187
20240131,24234.13144,25247.58049,613.449048,1177.94 um_pwv,1438 um_pwv,35,2.403 K,2.77834
20240131,25248.53833,25636.06227,227.523947,1201.84 um_pwv,1467.17 um_pwv,35,3.025 K,2.83481
20240131,30136.20515,31149.7575,613.552348,1231.13 um_pwv,1502.93 um_pwv,35,3.972 K,2.90401
20240131,31150.71597,32204.1617,613.445736,1246.55 um_pwv,1521.75 um_pwv,35,4.262 K,2.94045
20240131,32205.12499,33218.56997,613.444985,1244.72 um_pwv,1519.52 um_pwv,35,4.321 K,2.93613
20240131,33219.52802,34232.98103,613.453005,1254.43 um_pwv,1531.37 um_pwv,35,4.37 K,2.95907
20240131,34233.93991,35247.38377,613.443863,1269.6 um_pwv,1549.89 um_pwv,35,4.529 K,2.99491
20240131,35248.34748,35635.8668,227.519326,1261.25 um_pwv,1539.7 um_pwv,35,4.25 K,2.97518
20240131,50135.96336,51149.50858,613.545227,1263.85 um_pwv,1542.88 um_pwv,35,2.715 K,2.98134
20240131,51150.46987,52203.9192,613.449336,1248.8 um_pwv,1524.5 um_pwv,35,2.19 K,2.94577
20240131,52204.88107,53218.32502,613.443949,1228.6 um_pwv,1499.84 um_pwv,35,1.72 K,2.89804
20240131,53219.28713,54232.73548,613.44835,1212.69 um_pwv,1480.43 um_pwv,35,1.434 K,2.86046
20240131,54233.69183,55247.1412,613.449371,1200.38 um_pwv,1465.4 um_pwv,35,1.387 K,2.83137
20240131,55248.10394,55635.62322,227.51928,1190.55 um_pwv,1453.39 um_pwv,35,1.423 K,2.80813
20240131,60135.76813,61149.31521,613.547079,1190.78 um_pwv,1453.68 um_pwv,35,1.555 K,2.80869
20240131,61150.27739,62203.72771,613.450324,1186.13 um_pwv,1448 um_pwv,35,1.613 K,2.79769
20240131,62204.68494,63218.13092,613.445984,1186.89 um_pwv,1448.93 um_pwv,35,1.555 K,2.7995
20240131,63219.09296,64232.54315,613.450184,1184.71 um_pwv,1446.26 um_pwv,35,1.559 K,2.79434
20240131,64233.49893,65246.94741,613.44848,1178.46 um_pwv,1438.64 um_pwv,35,1.578 K,2.77958
20240131,65247.91021,65635.4309,227.520698,1180.58 um_pwv,1441.22 um_pwv,35,1.451 K,2.78457
20240131,70136.58321,71150.1338,613.550591,1191.02 um_pwv,1453.97 um_pwv,35,1.47 K,2.80925
20240131,71151.08967,72204.54061,613.450939,1189.99 um_pwv,1452.71 um_pwv,35,1.496 K,2.80681
20240131,72205.50243,73218.94878,613.446342,1192.73 um_pwv,1456.05 um_pwv,35,1.479 K,2.81328
20240131,73219.91029,74233.35616,613.445871,1189.74 um_pwv,1452.41 um_pwv,35,1.452 K,2.80623
20240131,74234.31789,75247.76662,613.448735,1180.36 um_pwv,1440.95 um_pwv,35,1.477 K,2.78405
20240131,75248.72385,75636.24485,227.521002,1172.34 um_pwv,1431.16 um_pwv,35,1.431 K,2.7651
20240131,90136.35036,91149.89152,613.541163,1155.56 um_pwv,1410.68 um_pwv,35,1.382 K,2.72546
20240131,91150.85379,92204.30257,613.448774,1158.34 um_pwv,1414.07 um_pwv,35,1.353 K,2.73202
20240131,92205.26054,93218.70669,613.446143,1154.05 um_pwv,1408.84 um_pwv,35,1.312 K,2.72189
20240131,93219.67,94233.11851,613.448511,1149.94 um_pwv,1403.81 um_pwv,35,1.329 K,2.71217
20240131,94234.07574,95247.52237,613.446628,1149.51 um_pwv,1403.29 um_pwv,35,1.318 K,2.71117
20240131,95248.48542,95636.00556,227.520138,1145.21 um_pwv,1398.04 um_pwv,35,1.319 K,2.701
20240131,100136.1491,101149.6987,613.549608,1137.96 um_pwv,1389.19 um_pwv,35,1.398 K,2.68386
20240131,101150.6605,102204.105,613.444485,1128.22 um_pwv,1377.3 um_pwv,35,1.426 K,2.66085
20240131,102205.0687,103218.5174,613.448637,1125.42 um_pwv,1373.88 um_pwv,35,1.431 K,2.65424
20240131,103219.4743,104232.9219,613.447568,1132.61 um_pwv,1382.67 um_pwv,35,1.462 K,2.67124
20240131,104233.8855,105247.3329,613.447405,1130.53 um_pwv,1380.12 um_pwv,35,1.373 K,2.66632
20240131,105248.2899,105635.8135,227.523599,1126.55 um_pwv,1375.26 um_pwv,35,1.364 K,2.65691
20240131,110135.9572,111149.5058,613.548611,1121.99 um_pwv,1369.7 um_pwv,35,1.364 K,2.64614
20240131,111150.4688,112203.9127,613.443893,1117.21 um_pwv,1363.86 um_pwv,35,1.361 K,2.63484
20240131,112204.8764,113218.3252,613.44876,1118.67 um_pwv,1365.64 um_pwv,35,1.319 K,2.63829
20240131,113219.2822,114232.7344,613.452222,1126.99 um_pwv,1375.8 um_pwv,35,1.211 K,2.65795
20240131,114233.6935,115247.1401,613.446561,1128.54 um_pwv,1377.69 um_pwv,35,1.176 K,2.66161
20240131,115248.0985,115635.6225,227.523965,1124.27 um_pwv,1372.47 um_pwv,35,1.151 K,2.65151
20240131,130135.742,131149.3161,613.574092,1124.81 um_pwv,1373.14 um_pwv,35,1.12 K,2.65279
20240131,131150.272,132203.7217,613.449754,1124.21 um_pwv,1372.41 um_pwv,35,1.117 K,2.65138
20240131,132204.6851,133218.1322,613.447095,1115.63 um_pwv,1361.94 um_pwv,35,1.186 K,2.63112
20240131,133219.0884,134232.5404,613.451979,1103.17 um_pwv,1346.72 um_pwv,35,1.243 K,2.60166
20240131,134233.4977,135246.946,613.448225,1099.28 um_pwv,1341.97 um_pwv,35,1.343 K,2.59247
20240131,135247.9084,135635.4272,227.518805,1091.81 um_pwv,1332.85 um_pwv,35,1.334 K,2.57482
20240131,140136.5306,141150.0826,613.55198,1096.48 um_pwv,1338.56 um_pwv,35,1.304 K,2.58587
20240131,141151.0432,142204.4864,613.443204,1101.86 um_pwv,1345.12 um_pwv,35,1.294 K,2.59857
20240131,142205.4491,143218.8991,613.449966,1107.04 um_pwv,1351.45 um_pwv,35,1.227 K,2.61082
20240131,143219.8551,144233.3022,613.447119,1115.77 um_pwv,1362.11 um_pwv,35,1.183 K,2.63145
20240131,144234.2641,145247.7148,613.450755,1107.73 um_pwv,1352.28 um_pwv,35,1.244 K,2.61243
20240131,145248.6708,145636.194,227.523211,1105.27 um_pwv,1349.28 um_pwv,35,1.144 K,2.60662
20240131,150136.3377,151149.8893,613.551605,1109.03 um_pwv,1353.87 um_pwv,35,1.205 K,2.61551
20240131,151150.8456,152204.2969,613.451319,1104.57 um_pwv,1348.43 um_pwv,35,1.201 K,2.60498
20240131,152205.2527,153218.7047,613.451981,1114.04 um_pwv,1359.99 um_pwv,35,1.216 K,2.62735
20240131,153219.6663,154233.1118,613.445484,1125.23 um_pwv,1373.65 um_pwv,35,1.2 K,2.65378
20240131,154234.0733,155247.5218,613.448485,1125.43 um_pwv,1373.9 um_pwv,35,1.216 K,2.65427
20240131,155248.4781,155636.0001,227.522022,1122.43 um_pwv,1370.24 um_pwv,35,1.207 K,2.64719
20240131,170136.1629,171149.744,613.581036,1105.16 um_pwv,1349.15 um_pwv,35,1.175 K,2.60636
20240131,171150.7008,172204.1493,613.448409,1090.11 um_pwv,1330.78 um_pwv,35,1.372 K,2.57081
20240131,172205.1064,173218.5541,613.447701,1082.41 um_pwv,1321.38 um_pwv,35,1.405 K,2.55262
20240131,173219.5171,174232.9664,613.449329,1076.65 um_pwv,1314.35 um_pwv,35,1.379 K,2.53901
20240131,174233.9264,175247.3727,613.44632,1080.62 um_pwv,1319.2 um_pwv,35,1.364 K,2.54839
20240131,175248.3302,175635.8533,227.523056,1080.84 um_pwv,1319.46 um_pwv,35,1.313 K,2.54889
20240131,180135.9584,181149.501,613.542553,1077.58 um_pwv,1315.49 um_pwv,35,1.384 K,2.54121
20240131,181150.4585,182203.9068,613.448237,1074.5 um_pwv,1311.72 um_pwv,35,1.381 K,2.53392
20240131,182204.87,183218.3168,613.446739,1075.08 um_pwv,1312.44 um_pwv,35,1.415 K,2.5353
20240131,183219.2768,184232.7246,613.447775,1069.76 um_pwv,1305.94 um_pwv,35,1.437 K,2.52272
20240131,184233.6815,185247.1317,613.45019,1066.88 um_pwv,1302.43 um_pwv,35,1.426 K,2.51593
20240131,185248.0886,185635.6109,227.52231,1061.73 um_pwv,1296.14 um_pwv,35,1.399 K,2.50375
20240131,190135.7565,191149.3079,613.551386,1054.9 um_pwv,1287.79 um_pwv,35,1.48 K,2.4876
20240131,191150.2649,192203.7134,613.448498,1047.46 um_pwv,1278.71 um_pwv,35,1.554 K,2.47003
20240131,192204.6709,193218.1244,613.453479,1032.28 um_pwv,1260.18 um_pwv,35,1.662 K,2.43416
20240131,193219.0825,194232.533,613.450485,1025.93 um_pwv,1252.43 um_pwv,35,1.689 K,2.41915
20240131,194233.4906,195246.9394,613.448866,1024.03 um_pwv,1250.11 um_pwv,35,1.635 K,2.41466
20240131,195247.8964,195635.4191,227.522732,1021.58 um_pwv,1247.12 um_pwv,35,1.572 K,2.40887
20240131,210136.5379,211150.1192,613.581311,967.062 um_pwv,1180.56 um_pwv,35,2.124 K,2.28004
20240131,211151.0754,212204.5248,613.449427,962.595 um_pwv,1175.11 um_pwv,35,2.134 K,2.26949
20240131,212205.4876,213218.9326,613.445017,964.82 um_pwv,1177.83 um_pwv,35,2.039 K,2.27475
20240131,213219.8951,214233.3386,613.443463,957.83 um_pwv,1169.29 um_pwv,35,2.013 K,2.25823
20240131,214234.3004,215247.7509,613.450496,952.018 um_pwv,1162.2 um_pwv,35,2.05 K,2.24449
20240131,215248.7072,215636.2304,227.523238,948.253 um_pwv,1157.6 um_pwv,35,2.042 K,2.2356
20240131,220136.3264,221149.8768,613.550369,951.102 um_pwv,1161.08 um_pwv,35,1.962 K,2.24233
20240131,221150.8383,222204.285,613.446662,951.677 um_pwv,1161.78 um_pwv,35,1.979 K,2.24369
20240131,222205.2468,223218.6914,613.444586,952.441 um_pwv,1162.72 um_pwv,35,2.03 K,2.24549
20240131,223219.6541,224233.0977,613.443563,948.604 um_pwv,1158.03 um_pwv,35,2.068 K,2.23643
20240131,224234.0601,225247.5097,613.449569,944.025 um_pwv,1152.44 um_pwv,35,2.078 K,2.22561
20240131,225248.4662,225635.9891,227.522925,942.267 um_pwv,1150.3 um_pwv,35,2.031 K,2.22145
