TIME,take TIME (seconds)
read results2501/20250101_010135_scanAz_slow.txt,0.0233
results2501/20250101S010136.531267E010638.075036_scanAz_slow.dat,7.2926
results2501/20250101S010639.036932E011140.481158_scanAz_slow.dat,14.6898
results2501/20250101S011141.438147E011642.883528_scanAz_slow.dat,22.8693
results2501/20250101S011643.846837E012145.289752_scanAz_slow.dat,30.1099
results2501/20250101S012146.247601E012647.693919_scanAz_slow.dat,37.8620
results2501/20250101S012648.650890E013150.099608_scanAz_slow.dat,45.0286
results2501/20250101S013151.057684E013652.502847_scanAz_slow.dat,51.9359
results2501/20250101S013653.461336E014154.903066_scanAz_slow.dat,59.1293
results2501/20250101S014155.867169E014657.308458_scanAz_slow.dat,66.0891
results2501/20250101S014658.272029E015159.715081_scanAz_slow.dat,73.0431
results2501/20250101S015200.672392E015636.196302_scanAz_slow.dat,80.6647
read results2501/20250101_020135_scanAz_slow.txt,0.0132
results2501/20250101S020136.339059E020637.883753_scanAz_slow.dat,7.5539
results2501/20250101S020638.845852E021140.291722_scanAz_slow.dat,14.9171
results2501/20250101S021141.247754E021642.694657_scanAz_slow.dat,22.7132
results2501/20250101S021643.651616E022145.100123_scanAz_slow.dat,30.3669
results2501/20250101S022146.058788E022647.504253_scanAz_slow.dat,38.0279
results2501/20250101S022648.461124E023149.904200_scanAz_slow.dat,45.6003
results2501/20250101S023150.868450E023652.312608_scanAz_slow.dat,53.0475
results2501/20250101S023653.270121E024154.712184_scanAz_slow.dat,60.1318
results2501/20250101S024155.675468E024657.118632_scanAz_slow.dat,67.0398
results2501/20250101S024658.081691E025159.525171_scanAz_slow.dat,74.9789
results2501/20250101S025200.485446E025636.007338_scanAz_slow.dat,82.6493
read results2501/20250101_030135_scanAz_slow.txt,0.0095
results2501/20250101S030136.148574E030637.693018_scanAz_slow.dat,7.7417
results2501/20250101S030638.654542E031140.099644_scanAz_slow.dat,15.6850
results2501/20250101S031141.061773E031642.502961_scanAz_slow.dat,23.1210
results2501/20250101S031643.461768E032144.906238_scanAz_slow.dat,30.7159
results2501/20250101S032145.869553E032647.313313_scanAz_slow.dat,37.8975
results2501/20250101S032648.270220E033149.717973_scanAz_slow.dat,45.0844
results2501/20250101S033150.674917E033652.119522_scanAz_slow.dat,51.9356
results2501/20250101S033653.083122E034154.522476_scanAz_slow.dat,58.8583
results2501/20250101S034155.485468E034656.929254_scanAz_slow.dat,66.2862
results2501/20250101S034657.886504E035159.335524_scanAz_slow.dat,73.7990
results2501/20250101S035200.293059E035635.814442_scanAz_slow.dat,80.9589
read results2501/20250101_050134_scanAz_slow.txt,0.0089
results2501/20250101S050135.980246E050637.553919_scanAz_slow.dat,7.2124
results2501/20250101S050638.515018E051139.958501_scanAz_slow.dat,14.7248
results2501/20250101S051140.919563E051642.363735_scanAz_slow.dat,22.2993
results2501/20250101S051643.319759E052144.764462_scanAz_slow.dat,29.4885
results2501/20250101S052145.726925E052647.170888_scanAz_slow.dat,37.0281
results2501/20250101S052648.132740E053149.576534_scanAz_slow.dat,44.3025
results2501/20250101S053150.535356E053651.979198_scanAz_slow.dat,52.0295
results2501/20250101S053652.941018E054154.385586_scanAz_slow.dat,59.3799
results2501/20250101S054155.342401E054656.784760_scanAz_slow.dat,66.8793
results2501/20250101S054657.748169E055159.189175_scanAz_slow.dat,74.0520
results2501/20250101S055200.151528E055635.672920_scanAz_slow.dat,81.1536
read results2501/20250101_060134_scanAz_slow.txt,0.0085
results2501/20250101S060135.768722E060637.315869_scanAz_slow.dat,7.8327
results2501/20250101S060638.276720E061139.720290_scanAz_slow.dat,15.4229
results2501/20250101S061140.676883E061642.120613_scanAz_slow.dat,23.6003
results2501/20250101S061643.083747E062144.528478_scanAz_slow.dat,31.1125
results2501/20250101S062145.484400E062646.932753_scanAz_slow.dat,38.8514
results2501/20250101S062647.889286E063149.332557_scanAz_slow.dat,46.1907
results2501/20250101S063150.296147E063651.741262_scanAz_slow.dat,53.3057
results2501/20250101S063652.697256E064154.142532_scanAz_slow.dat,60.5716
results2501/20250101S064155.104060E064656.549510_scanAz_slow.dat,68.1935
results2501/20250101S064657.507764E065158.998495_scanAz_slow.dat,75.5620
results2501/20250101S065159.961112E065635.482508_scanAz_slow.dat,81.9626
read results2501/20250101_070135_scanAz_slow.txt,0.0074
results2501/20250101S070136.587602E070638.133188_scanAz_slow.dat,7.4227
results2501/20250101S070639.093751E071140.538639_scanAz_slow.dat,15.1114
results2501/20250101S071141.496014E071642.937731_scanAz_slow.dat,22.6971
results2501/20250101S071643.901785E072145.344753_scanAz_slow.dat,30.5436
results2501/20250101S072146.301390E072647.748338_scanAz_slow.dat,38.5367
results2501/20250101S072648.710149E073150.149958_scanAz_slow.dat,45.6503
results2501/20250101S073151.112155E073652.556596_scanAz_slow.dat,52.4751
results2501/20250101S073653.518731E074154.961481_scanAz_slow.dat,59.7676
results2501/20250101S074155.917905E074657.364036_scanAz_slow.dat,67.3015
results2501/20250101S074658.322698E075159.768742_scanAz_slow.dat,74.5401
results2501/20250101S075200.731248E075636.250664_scanAz_slow.dat,81.9566
read results2501/20250101_090135_scanAz_slow.txt,0.0080
results2501/20250101S090136.492651E090638.039725_scanAz_slow.dat,7.4602
results2501/20250101S090639.000958E091140.441792_scanAz_slow.dat,14.8095
results2501/20250101S091141.400353E091642.845711_scanAz_slow.dat,21.8060
results2501/20250101S091643.808759E092145.250899_scanAz_slow.dat,28.7993
results2501/20250101S092146.213648E092647.655827_scanAz_slow.dat,36.2007
results2501/20250101S092648.612796E093150.057032_scanAz_slow.dat,43.0177
results2501/20250101S093151.020964E093652.461279_scanAz_slow.dat,50.0584
results2501/20250101S093653.424275E094154.871024_scanAz_slow.dat,57.7396
results2501/20250101S094155.828931E094657.273851_scanAz_slow.dat,66.1469
results2501/20250101S094658.230852E095159.675572_scanAz_slow.dat,73.4945
results2501/20250101S095200.638909E095636.158191_scanAz_slow.dat,81.3429
read results2501/20250101_100135_scanAz_slow.txt,0.0079
results2501/20250101S100136.301972E100637.850196_scanAz_slow.dat,7.4682
results2501/20250101S100638.806860E101140.250704_scanAz_slow.dat,14.5382
results2501/20250101S101141.213422E101642.659756_scanAz_slow.dat,21.6949
results2501/20250101S101643.618842E102145.059926_scanAz_slow.dat,29.4297
results2501/20250101S102146.023244E102647.465785_scanAz_slow.dat,37.4109
results2501/20250101S102648.422942E103149.872563_scanAz_slow.dat,44.7298
results2501/20250101S103150.831555E103652.276715_scanAz_slow.dat,52.4791
results2501/20250101S103653.233775E104154.677640_scanAz_slow.dat,59.8484
results2501/20250101S104155.640532E104657.079867_scanAz_slow.dat,67.0455
results2501/20250101S104658.043949E105159.487948_scanAz_slow.dat,75.3526
results2501/20250101S105200.446233E105635.967705_scanAz_slow.dat,82.5205
read results2501/20250101_110135_scanAz_slow.txt,0.0092
results2501/20250101S110136.111863E110637.659775_scanAz_slow.dat,6.8216
results2501/20250101S110638.621233E111140.061555_scanAz_slow.dat,14.8147
results2501/20250101S111141.024356E111642.467623_scanAz_slow.dat,22.6705
results2501/20250101S111643.424569E112144.872482_scanAz_slow.dat,30.6476
results2501/20250101S112145.829496E112647.275923_scanAz_slow.dat,38.5017
results2501/20250101S112648.232843E113149.681391_scanAz_slow.dat,45.5604
results2501/20250101S113150.640712E113652.081565_scanAz_slow.dat,52.9829
results2501/20250101S113653.045151E114154.490465_scanAz_slow.dat,60.7352
results2501/20250101S114155.449280E114656.894549_scanAz_slow.dat,68.5887
results2501/20250101S114657.852122E115159.298300_scanAz_slow.dat,76.3388
results2501/20250101S115200.255328E115635.778034_scanAz_slow.dat,84.2042
read results2501/20250101_130134_scanAz_slow.txt,0.0080
results2501/20250101S130135.942056E130637.517745_scanAz_slow.dat,7.7542
results2501/20250101S130638.478045E131139.917482_scanAz_slow.dat,15.2984
results2501/20250101S131140.878527E131642.326915_scanAz_slow.dat,22.1008
results2501/20250101S131643.283221E132144.729103_scanAz_slow.dat,29.6493
results2501/20250101S132145.690579E132647.132930_scanAz_slow.dat,36.8343
results2501/20250101S132648.094774E133149.534619_scanAz_slow.dat,44.1416
results2501/20250101S133150.497147E133651.942815_scanAz_slow.dat,52.0570
results2501/20250101S133652.898838E134154.345458_scanAz_slow.dat,59.4420
results2501/20250101S134155.307328E134656.749435_scanAz_slow.dat,66.2641
results2501/20250101S134657.711174E135159.154543_scanAz_slow.dat,73.3519
results2501/20250101S135200.110637E135635.634445_scanAz_slow.dat,81.2735
read results2501/20250101_140134_scanAz_slow.txt,0.0088
results2501/20250101S140135.731239E140637.276920_scanAz_slow.dat,6.9672
results2501/20250101S140638.237473E141139.678198_scanAz_slow.dat,14.1708
results2501/20250101S141140.639204E141642.087756_scanAz_slow.dat,20.9816
results2501/20250101S141643.044361E142144.491632_scanAz_slow.dat,28.1826
results2501/20250101S142145.447883E142646.893954_scanAz_slow.dat,35.2719
results2501/20250101S142647.855508E143149.299748_scanAz_slow.dat,42.7010
results2501/20250101S143150.256107E143651.700150_scanAz_slow.dat,50.4435
results2501/20250101S143652.663161E144154.102637_scanAz_slow.dat,58.4711
results2501/20250101S144155.064094E144656.511487_scanAz_slow.dat,65.8731
results2501/20250101S144657.468980E145158.914015_scanAz_slow.dat,72.5796
results2501/20250101S145159.875923E145635.394199_scanAz_slow.dat,79.5424
read results2501/20250101_150135_scanAz_slow.txt,0.0081
results2501/20250101S150136.547757E150638.095523_scanAz_slow.dat,7.7706
results2501/20250101S150639.055754E151140.499488_scanAz_slow.dat,14.7816
results2501/20250101S151141.455333E151642.902847_scanAz_slow.dat,22.5443
results2501/20250101S151643.859423E152145.302518_scanAz_slow.dat,29.5388
results2501/20250101S152146.264365E152647.711156_scanAz_slow.dat,36.9756
results2501/20250101S152648.668050E153150.116442_scanAz_slow.dat,43.7784
results2501/20250101S153151.074310E153652.515457_scanAz_slow.dat,51.1052
results2501/20250101S153653.479347E154154.921694_scanAz_slow.dat,58.0027
results2501/20250101S154155.883586E154657.327695_scanAz_slow.dat,65.4806
results2501/20250101S154658.283336E155159.731827_scanAz_slow.dat,73.4512
results2501/20250101S155200.687822E155636.212407_scanAz_slow.dat,81.3433
read results2501/20250101_170135_scanAz_slow.txt,0.0089
results2501/20250101S170136.404200E170637.952452_scanAz_slow.dat,7.1290
results2501/20250101S170638.909420E171140.355520_scanAz_slow.dat,14.8081
results2501/20250101S171141.312152E171642.760646_scanAz_slow.dat,22.8412
results2501/20250101S171643.718815E172145.163549_scanAz_slow.dat,30.5882
results2501/20250101S172146.120448E172647.568696_scanAz_slow.dat,38.4105
results2501/20250101S172648.525688E173149.974045_scanAz_slow.dat,46.5757
results2501/20250101S173150.933106E173652.378197_scanAz_slow.dat,53.5017
results2501/20250101S173653.336108E174154.781617_scanAz_slow.dat,61.0387
results2501/20250101S174155.738577E174657.183896_scanAz_slow.dat,68.8029
results2501/20250101S174658.142004E175159.586775_scanAz_slow.dat,76.6106
results2501/20250101S175200.549821E175636.069603_scanAz_slow.dat,83.6416
read results2501/20250101_180135_scanAz_slow.txt,0.0094
results2501/20250101S180136.212773E180637.757307_scanAz_slow.dat,7.6884
results2501/20250101S180638.719106E181140.166109_scanAz_slow.dat,14.9828
results2501/20250101S181141.122816E181642.568077_scanAz_slow.dat,23.2478
results2501/20250101S181643.524978E182144.971986_scanAz_slow.dat,30.7535
results2501/20250101S182145.928938E182647.375522_scanAz_slow.dat,37.7897
results2501/20250101S182648.338492E183149.777267_scanAz_slow.dat,46.1570
results2501/20250101S183150.740359E183652.181413_scanAz_slow.dat,54.1302
results2501/20250101S183653.145343E184154.589593_scanAz_slow.dat,61.2746
results2501/20250101S184155.546510E184656.994197_scanAz_slow.dat,68.3544
results2501/20250101S184657.951140E185159.396546_scanAz_slow.dat,75.4387
results2501/20250101S185200.353805E185635.877615_scanAz_slow.dat,83.3586
read results2501/20250101_190134_scanAz_slow.txt,0.0091
results2501/20250101S190136.020372E190637.564699_scanAz_slow.dat,8.1815
results2501/20250101S190638.526756E191139.970206_scanAz_slow.dat,15.4620
results2501/20250101S191140.933603E191642.373234_scanAz_slow.dat,22.5283
results2501/20250101S191643.336887E192144.779810_scanAz_slow.dat,30.3449
results2501/20250101S192145.742551E192647.183009_scanAz_slow.dat,38.0284
results2501/20250101S192648.146031E193149.589764_scanAz_slow.dat,45.3553
results2501/20250101S193150.547005E193651.991484_scanAz_slow.dat,52.9109
results2501/20250101S193652.954241E194154.394448_scanAz_slow.dat,59.9653
results2501/20250101S194155.358465E194656.799438_scanAz_slow.dat,67.6744
results2501/20250101S194657.762816E195159.204400_scanAz_slow.dat,75.4359
results2501/20250101S195200.162027E195635.686223_scanAz_slow.dat,83.5808
read results2501/20250101_210134_scanAz_slow.txt,0.0097
results2501/20250101S210135.855591E210637.473715_scanAz_slow.dat,7.2612
results2501/20250101S210638.433951E211139.874200_scanAz_slow.dat,14.4531
results2501/20250101S211140.836446E211642.280688_scanAz_slow.dat,22.1168
results2501/20250101S211643.237015E212144.682223_scanAz_slow.dat,29.8455
results2501/20250101S212145.644630E212647.086717_scanAz_slow.dat,38.2076
results2501/20250101S212648.049143E213149.491577_scanAz_slow.dat,45.9965
results2501/20250101S213150.453632E213651.896630_scanAz_slow.dat,52.5580
results2501/20250101S213652.853634E214154.297487_scanAz_slow.dat,59.2834
results2501/20250101S214155.259279E214656.702957_scanAz_slow.dat,67.2308
results2501/20250101S214657.665101E215159.106918_scanAz_slow.dat,75.2642
results2501/20250101S215200.069489E215635.591221_scanAz_slow.dat,81.9721
read results2501/20250101_220134_scanAz_slow.txt,0.0135
results2501/20250101S220135.649086E220637.185662_scanAz_slow.dat,7.1236
results2501/20250101S220638.145922E221139.587498_scanAz_slow.dat,14.5114
results2501/20250101S221140.548738E221641.991031_scanAz_slow.dat,22.5729
results2501/20250101S221642.953801E222144.396968_scanAz_slow.dat,30.5455
results2501/20250101S222145.358750E222646.800680_scanAz_slow.dat,37.9555
results2501/20250101S222647.763418E223149.203088_scanAz_slow.dat,45.4028
results2501/20250101S223150.166516E223651.610348_scanAz_slow.dat,53.0646
results2501/20250101S223652.572465E224154.015417_scanAz_slow.dat,61.1415
results2501/20250101S224154.971711E224656.419985_scanAz_slow.dat,69.2566
results2501/20250101S224657.376098E225158.823885_scanAz_slow.dat,76.6979
results2501/20250101S225159.785425E225635.306344_scanAz_slow.dat,84.3762
read results2501/20250102_010135_scanAz_slow.txt,0.0062
results2501/20250102S010136.356480E010637.947614_scanAz_slow.dat,7.6535
results2501/20250102S010638.910236E011140.352533_scanAz_slow.dat,14.8896
results2501/20250102S011141.315392E011642.754027_scanAz_slow.dat,22.1503
results2501/20250102S011643.716983E012145.159813_scanAz_slow.dat,29.0279
results2501/20250102S012146.122840E012647.562389_scanAz_slow.dat,36.7330
results2501/20250102S012648.525661E013149.966664_scanAz_slow.dat,44.0509
results2501/20250102S013150.930323E013652.374920_scanAz_slow.dat,51.8465
results2501/20250102S013653.332399E014154.776152_scanAz_slow.dat,59.0774
results2501/20250102S014155.738894E014657.179013_scanAz_slow.dat,66.9364
results2501/20250102S014658.142605E015159.585232_scanAz_slow.dat,73.5742
results2501/20250102S015200.542257E015636.065059_scanAz_slow.dat,80.8359
read results2501/20250102_020135_scanAz_slow.txt,0.0190
results2501/20250102S020136.161843E020637.706429_scanAz_slow.dat,7.7727
results2501/20250102S020638.668454E021140.110808_scanAz_slow.dat,15.4851
results2501/20250102S021141.073615E021642.517842_scanAz_slow.dat,22.9128
results2501/20250102S021643.475091E022144.921530_scanAz_slow.dat,30.0923
results2501/20250102S022145.879033E022647.321825_scanAz_slow.dat,38.2274
results2501/20250102S022648.284790E023149.730608_scanAz_slow.dat,45.2317
results2501/20250102S023150.689944E023652.130635_scanAz_slow.dat,53.1158
results2501/20250102S023653.094539E024154.534912_scanAz_slow.dat,61.4664
results2501/20250102S024155.498543E024656.939600_scanAz_slow.dat,67.9921
results2501/20250102S024657.902833E025159.342948_scanAz_slow.dat,75.0923
results2501/20250102S025200.305976E025635.827338_scanAz_slow.dat,82.5651
read results2501/20250102_030134_scanAz_slow.txt,0.0144
results2501/20250102S030135.969210E030637.517373_scanAz_slow.dat,7.4575
results2501/20250102S030638.473665E031139.922821_scanAz_slow.dat,15.2182
results2501/20250102S031140.880705E031642.321437_scanAz_slow.dat,22.5759
results2501/20250102S031643.284394E032144.729133_scanAz_slow.dat,29.9953
results2501/20250102S032145.686028E032647.132967_scanAz_slow.dat,37.3848
results2501/20250102S032648.089911E033149.537713_scanAz_slow.dat,45.0262
results2501/20250102S033150.494909E033651.939020_scanAz_slow.dat,52.7296
results2501/20250102S033652.901950E034154.344881_scanAz_slow.dat,60.4437
results2501/20250102S034155.301783E034656.744852_scanAz_slow.dat,67.6711
results2501/20250102S034657.708207E035159.154041_scanAz_slow.dat,75.0034
results2501/20250102S035200.111632E035635.633878_scanAz_slow.dat,82.7001
read results2501/20250102_050134_scanAz_slow.txt,0.0082
results2501/20250102S050135.825848E050637.372086_scanAz_slow.dat,6.5110
results2501/20250102S050638.332286E051139.771660_scanAz_slow.dat,13.0681
results2501/20250102S051140.733174E051642.177049_scanAz_slow.dat,20.0862
results2501/20250102S051643.138875E052144.584426_scanAz_slow.dat,27.3918
results2501/20250102S052145.540132E052646.988540_scanAz_slow.dat,35.0878
results2501/20250102S052647.945811E053149.390844_scanAz_slow.dat,41.9829
results2501/20250102S053150.352635E053651.795721_scanAz_slow.dat,48.8776
results2501/20250102S053652.754812E054154.199053_scanAz_slow.dat,56.3721
results2501/20250102S054155.160937E054656.604297_scanAz_slow.dat,63.6691
results2501/20250102S054657.560335E055159.007881_scanAz_slow.dat,71.1575
results2501/20250102S055159.964199E055635.486667_scanAz_slow.dat,78.5347
read results2501/20250102_060134_scanAz_slow.txt,0.0082
results2501/20250102S060135.631573E060637.176070_scanAz_slow.dat,7.4995
results2501/20250102S060638.136239E061139.582642_scanAz_slow.dat,14.9693
results2501/20250102S061140.538413E061641.987167_scanAz_slow.dat,22.6704
results2501/20250102S061642.943204E062144.390919_scanAz_slow.dat,29.9833
results2501/20250102S062145.346789E062646.794226_scanAz_slow.dat,37.2331
results2501/20250102S062647.750806E063149.193811_scanAz_slow.dat,44.6643
results2501/20250102S063150.155236E063651.602470_scanAz_slow.dat,51.8257
results2501/20250102S063652.558812E064154.003074_scanAz_slow.dat,59.6198
results2501/20250102S064154.965276E064656.407720_scanAz_slow.dat,66.6818
results2501/20250102S064657.365481E065158.814160_scanAz_slow.dat,74.0851
results2501/20250102S065159.770590E065635.292223_scanAz_slow.dat,81.2235
read results2501/20250102_070135_scanAz_slow.txt,0.0087
results2501/20250102S070136.445728E070637.993217_scanAz_slow.dat,7.8156
results2501/20250102S070638.947889E071140.393936_scanAz_slow.dat,15.2493
results2501/20250102S071141.355244E071642.799971_scanAz_slow.dat,22.3310
results2501/20250102S071643.755629E072145.203789_scanAz_slow.dat,29.8197
results2501/20250102S072146.159866E072647.605934_scanAz_slow.dat,37.5947
results2501/20250102S072648.568343E073150.008617_scanAz_slow.dat,45.3446
results2501/20250102S073150.971409E073652.411507_scanAz_slow.dat,53.3699
results2501/20250102S073653.374350E074154.818208_scanAz_slow.dat,60.4425
results2501/20250102S074155.779660E074657.220135_scanAz_slow.dat,66.7380
results2501/20250102S074658.184111E075159.625117_scanAz_slow.dat,74.2299
results2501/20250102S075200.587640E075636.107427_scanAz_slow.dat,81.7101
read results2501/20250102_090135_scanAz_slow.txt,0.0060
results2501/20250102S090136.262711E090637.840671_scanAz_slow.dat,6.8985
results2501/20250102S090638.803329E091140.245729_scanAz_slow.dat,13.9823
results2501/20250102S091141.203618E091642.651536_scanAz_slow.dat,21.2693
results2501/20250102S091643.609872E092145.053672_scanAz_slow.dat,28.2790
results2501/20250102S092146.011295E092647.454603_scanAz_slow.dat,35.4234
results2501/20250102S092648.417547E093149.860366_scanAz_slow.dat,42.3344
results2501/20250102S093150.823999E093652.265446_scanAz_slow.dat,49.0570
results2501/20250102S093653.223545E094154.671726_scanAz_slow.dat,55.9231
results2501/20250102S094155.628647E094657.070654_scanAz_slow.dat,63.9133
results2501/20250102S094658.034537E095159.478327_scanAz_slow.dat,70.9315
results2501/20250102S095200.438313E095635.958766_scanAz_slow.dat,78.4259
read results2501/20250102_100135_scanAz_slow.txt,0.0086
results2501/20250102S100136.065966E100637.600285_scanAz_slow.dat,7.0945
results2501/20250102S100638.562694E101140.001878_scanAz_slow.dat,14.6173
results2501/20250102S101140.964297E101642.408789_scanAz_slow.dat,23.0686
results2501/20250102S101643.365640E102144.813756_scanAz_slow.dat,30.6132
results2501/20250102S102145.770659E102647.217212_scanAz_slow.dat,38.4773
results2501/20250102S102648.175371E103149.617257_scanAz_slow.dat,46.4507
results2501/20250102S103150.581832E103652.022901_scanAz_slow.dat,53.5102
results2501/20250102S103652.981115E104154.428833_scanAz_slow.dat,61.1806
results2501/20250102S104155.386406E104656.832552_scanAz_slow.dat,68.0537
results2501/20250102S104657.789501E105159.234012_scanAz_slow.dat,75.1370
results2501/20250102S105200.197008E105635.716201_scanAz_slow.dat,81.9739
read results2501/20250102_110134_scanAz_slow.txt,0.0061
results2501/20250102S110135.878483E110637.455676_scanAz_slow.dat,6.5583
results2501/20250102S110638.416876E111139.857789_scanAz_slow.dat,13.5660
results2501/20250102S111140.820203E111642.260783_scanAz_slow.dat,20.6406
results2501/20250102S111643.219796E112144.664197_scanAz_slow.dat,28.1405
results2501/20250102S112145.623554E112647.069523_scanAz_slow.dat,35.0933
results2501/20250102S112648.027688E113149.472241_scanAz_slow.dat,42.8887
results2501/20250102S113150.431229E113651.878353_scanAz_slow.dat,50.2986
results2501/20250102S113652.837448E114154.279695_scanAz_slow.dat,57.7362
results2501/20250102S114155.243059E114656.683021_scanAz_slow.dat,64.8862
results2501/20250102S114657.646283E115159.090691_scanAz_slow.dat,71.7452
results2501/20250102S115200.047639E115635.571280_scanAz_slow.dat,78.6986
read results2501/20250102_130134_scanAz_slow.txt,0.0082
results2501/20250102S130135.690326E130637.256913_scanAz_slow.dat,8.0876
results2501/20250102S130638.218006E131139.661830_scanAz_slow.dat,15.8762
results2501/20250102S131140.623482E131642.064339_scanAz_slow.dat,23.0861
results2501/20250102S131643.027029E132144.473540_scanAz_slow.dat,30.7568
results2501/20250102S132145.429861E132646.874853_scanAz_slow.dat,38.0580
results2501/20250102S132647.832350E133149.277118_scanAz_slow.dat,45.7892
results2501/20250102S133150.239536E133651.684308_scanAz_slow.dat,54.0608
results2501/20250102S133652.640651E134154.087604_scanAz_slow.dat,60.9024
results2501/20250102S134155.049409E134656.924928_scanAz_slow.dat,68.1708
results2501/20250102S134657.880673E135159.328881_scanAz_slow.dat,76.2068
results2501/20250102S135200.284627E135634.850784_scanAz_slow.dat,83.6618
read results2501/20250102_140135_scanAz_slow.txt,0.0086
results2501/20250102S140136.495194E140638.023575_scanAz_slow.dat,6.8162
results2501/20250102S140638.985548E141140.429806_scanAz_slow.dat,13.7667
results2501/20250102S141141.391768E141642.831969_scanAz_slow.dat,21.4135
results2501/20250102S141643.794351E142145.240507_scanAz_slow.dat,28.4617
results2501/20250102S142146.197282E142647.643878_scanAz_slow.dat,35.8863
results2501/20250102S142648.599968E143150.047986_scanAz_slow.dat,42.7759
results2501/20250102S143151.004169E143652.449141_scanAz_slow.dat,50.1420
results2501/20250102S143653.411024E144154.852946_scanAz_slow.dat,57.6392
results2501/20250102S144155.815847E144657.256887_scanAz_slow.dat,65.5588
results2501/20250102S144658.219060E145159.664143_scanAz_slow.dat,72.5828
results2501/20250102S145200.620226E145636.145091_scanAz_slow.dat,79.5676
read results2501/20250102_150135_scanAz_slow.txt,0.0079
results2501/20250102S150136.336160E150637.878903_scanAz_slow.dat,6.6808
results2501/20250102S150638.839049E151140.282969_scanAz_slow.dat,13.0940
results2501/20250102S151141.243986E151642.689034_scanAz_slow.dat,20.3549
results2501/20250102S151643.651413E152145.090944_scanAz_slow.dat,27.6892
results2501/20250102S152146.052762E152647.499047_scanAz_slow.dat,35.2090
results2501/20250102S152648.455109E153149.902956_scanAz_slow.dat,42.5794
results2501/20250102S153150.859325E153652.303637_scanAz_slow.dat,49.7903
results2501/20250102S153653.265672E154154.706778_scanAz_slow.dat,57.9898
results2501/20250102S154155.669416E154657.114402_scanAz_slow.dat,65.5963
results2501/20250102S154658.070770E155159.514304_scanAz_slow.dat,72.3056
results2501/20250102S155200.476167E155635.998458_scanAz_slow.dat,79.9235
read results2501/20250102_170135_scanAz_slow.txt,0.0076
results2501/20250102S170136.148398E170637.689982_scanAz_slow.dat,6.9699
results2501/20250102S170638.645985E171140.088937_scanAz_slow.dat,14.7165
results2501/20250102S171141.051428E171642.493526_scanAz_slow.dat,22.1287
results2501/20250102S171643.456201E172144.901354_scanAz_slow.dat,29.1999
results2501/20250102S172145.858854E172647.302903_scanAz_slow.dat,37.3118
results2501/20250102S172648.265555E173149.706478_scanAz_slow.dat,45.0658
results2501/20250102S173150.669139E173652.113634_scanAz_slow.dat,52.4319
results2501/20250102S173653.071508E174154.515579_scanAz_slow.dat,59.1644
results2501/20250102S174155.478250E174656.921791_scanAz_slow.dat,66.1499
results2501/20250102S174657.879919E175159.324903_scanAz_slow.dat,73.6099
results2501/20250102S175200.281856E175635.806436_scanAz_slow.dat,81.4044
read results2501/20250102_180134_scanAz_slow.txt,0.0081
results2501/20250102S180135.949811E180637.497453_scanAz_slow.dat,7.7700
results2501/20250102S180638.453440E181139.900805_scanAz_slow.dat,14.7385
results2501/20250102S181140.857460E181642.303143_scanAz_slow.dat,21.7747
results2501/20250102S181643.260711E182144.708469_scanAz_slow.dat,29.3650
results2501/20250102S182145.665929E182647.110899_scanAz_slow.dat,36.6046
results2501/20250102S182648.068671E183149.513828_scanAz_slow.dat,43.9429
results2501/20250102S183150.472577E183651.920756_scanAz_slow.dat,50.9036
results2501/20250102S183652.878619E184154.324540_scanAz_slow.dat,58.3280
results2501/20250102S184155.281414E184656.729084_scanAz_slow.dat,65.5651
results2501/20250102S184657.688099E185159.132098_scanAz_slow.dat,73.1101
results2501/20250102S185200.089348E185635.611916_scanAz_slow.dat,81.5999
read results2501/20250102_190134_scanAz_slow.txt,0.0080
results2501/20250102S190135.767758E190637.302305_scanAz_slow.dat,7.7713
results2501/20250102S190638.264455E191139.706696_scanAz_slow.dat,15.3380
results2501/20250102S191140.668841E191642.109392_scanAz_slow.dat,22.7438
results2501/20250102S191643.073025E192144.516539_scanAz_slow.dat,30.4587
results2501/20250102S192145.473804E192646.920796_scanAz_slow.dat,38.5782
results2501/20250102S192647.878355E193149.321638_scanAz_slow.dat,45.8748
results2501/20250102S193150.285523E193651.726319_scanAz_slow.dat,54.3382
results2501/20250102S193652.684265E194154.133712_scanAz_slow.dat,61.4045
results2501/20250102S194155.091040E194656.535356_scanAz_slow.dat,68.7590
results2501/20250102S194657.493157E195158.939654_scanAz_slow.dat,76.6204
results2501/20250102S195159.896572E195635.420871_scanAz_slow.dat,83.9653
read results2501/20250102_210135_scanAz_slow.txt,0.0060
results2501/20250102S210136.528704E210638.069266_scanAz_slow.dat,7.1314
results2501/20250102S210639.030167E211140.473449_scanAz_slow.dat,14.8981
results2501/20250102S211141.435414E211642.879007_scanAz_slow.dat,22.0110
results2501/20250102S211643.841426E212145.282199_scanAz_slow.dat,29.3845
results2501/20250102S212146.244573E212647.685959_scanAz_slow.dat,37.0290
results2501/20250102S212648.648396E213150.091916_scanAz_slow.dat,44.3897
results2501/20250102S213151.053487E213652.494333_scanAz_slow.dat,51.8336
results2501/20250102S213653.457023E214154.898354_scanAz_slow.dat,59.5648
results2501/20250102S214155.860210E214657.301576_scanAz_slow.dat,66.8301
results2501/20250102S214658.264076E215159.707425_scanAz_slow.dat,74.4663
results2501/20250102S215200.668868E215636.190952_scanAz_slow.dat,82.2604
read results2501/20250102_220135_scanAz_slow.txt,0.0087
results2501/20250102S220136.333024E220637.878702_scanAz_slow.dat,7.6118
results2501/20250102S220638.840003E221140.281183_scanAz_slow.dat,14.7693
results2501/20250102S221141.244512E221642.689765_scanAz_slow.dat,22.0645
results2501/20250102S221643.645608E222145.091179_scanAz_slow.dat,29.2951
results2501/20250102S222146.053712E222647.494103_scanAz_slow.dat,36.3120
results2501/20250102S222648.456374E223149.898021_scanAz_slow.dat,43.8221
results2501/20250102S223150.860343E223652.305752_scanAz_slow.dat,50.8196
results2501/20250102S223653.263013E224154.708991_scanAz_slow.dat,58.7811
results2501/20250102S224155.670452E224657.111613_scanAz_slow.dat,66.6885
results2501/20250102S224658.073380E225159.518199_scanAz_slow.dat,73.9994
results2501/20250102S225200.479823E225635.999357_scanAz_slow.dat,80.9128
read results2501/20250103_010135_scanAz_slow.txt,0.0060
results2501/20250103S010136.105957E010637.640708_scanAz_slow.dat,7.8512
results2501/20250103S010638.601993E011140.049589_scanAz_slow.dat,15.4941
results2501/20250103S011141.005662E011642.452954_scanAz_slow.dat,22.6792
results2501/20250103S011643.411390E012144.852404_scanAz_slow.dat,30.5636
results2501/20250103S012145.815750E012647.261745_scanAz_slow.dat,38.4101
results2501/20250103S012648.219596E013149.664857_scanAz_slow.dat,45.8114
results2501/20250103S013150.623971E013652.069655_scanAz_slow.dat,53.4142
results2501/20250103S013653.026846E014154.472735_scanAz_slow.dat,61.3040
results2501/20250103S014155.431638E014656.877335_scanAz_slow.dat,69.1353
results2501/20250103S014657.834789E015159.279690_scanAz_slow.dat,75.8879
results2501/20250103S015200.242461E015635.761006_scanAz_slow.dat,83.7641
read results2501/20250103_020134_scanAz_slow.txt,0.0081
results2501/20250103S020135.913829E020637.452918_scanAz_slow.dat,7.2851
results2501/20250103S020638.408688E021139.854907_scanAz_slow.dat,13.6075
results2501/20250103S021140.816745E021642.261978_scanAz_slow.dat,20.6549
results2501/20250103S021643.219868E022144.663095_scanAz_slow.dat,27.3203
results2501/20250103S022145.626109E022647.067540_scanAz_slow.dat,34.5564
results2501/20250103S022648.030161E023149.474118_scanAz_slow.dat,42.3192
results2501/20250103S023150.431393E023651.877964_scanAz_slow.dat,50.0277
results2501/20250103S023652.836408E024154.277841_scanAz_slow.dat,57.2706
results2501/20250103S024155.240557E024656.681815_scanAz_slow.dat,65.0731
results2501/20250103S024657.644850E025159.085844_scanAz_slow.dat,71.9802
results2501/20250103S025200.048930E025635.570351_scanAz_slow.dat,79.2808
read results2501/20250103_030134_scanAz_slow.txt,0.0079
results2501/20250103S030135.722268E030637.262102_scanAz_slow.dat,7.6768
results2501/20250103S030638.217849E031139.663560_scanAz_slow.dat,15.1812
results2501/20250103S031140.626552E031642.069967_scanAz_slow.dat,23.2248
results2501/20250103S031643.027556E032144.475025_scanAz_slow.dat,30.1685
results2501/20250103S032145.432534E032646.875226_scanAz_slow.dat,37.3842
results2501/20250103S032647.839122E033149.282964_scanAz_slow.dat,44.9593
results2501/20250103S033150.243305E033651.682568_scanAz_slow.dat,52.6891
results2501/20250103S033652.646496E034154.090235_scanAz_slow.dat,59.6462
results2501/20250103S034155.047181E034656.494936_scanAz_slow.dat,67.7642
results2501/20250103S034657.452745E035158.895343_scanAz_slow.dat,75.4774
results2501/20250103S035159.859877E035635.379779_scanAz_slow.dat,82.7162
read results2501/20250103_050135_scanAz_slow.txt,0.0091
results2501/20250103S050136.543915E050638.077155_scanAz_slow.dat,6.7062
results2501/20250103S050639.037395E051140.484132_scanAz_slow.dat,14.0737
results2501/20250103S051141.440557E051642.886687_scanAz_slow.dat,21.8257
results2501/20250103S051643.848474E052145.289316_scanAz_slow.dat,29.9426
results2501/20250103S052146.251699E052647.693997_scanAz_slow.dat,37.1115
results2501/20250103S052648.655453E053150.099744_scanAz_slow.dat,44.7152
results2501/20250103S053151.061559E053652.500766_scanAz_slow.dat,52.2691
results2501/20250103S053653.465609E054154.907731_scanAz_slow.dat,58.9454
results2501/20250103S054155.869930E054657.313687_scanAz_slow.dat,65.9129
results2501/20250103S054658.269810E055159.715230_scanAz_slow.dat,73.4114
results2501/20250103S055200.677117E055636.198202_scanAz_slow.dat,80.6765
read results2501/20250103_060135_scanAz_slow.txt,0.0082
results2501/20250103S060136.303531E060637.836234_scanAz_slow.dat,7.6555
results2501/20250103S060638.796421E061140.244267_scanAz_slow.dat,15.0618
results2501/20250103S061141.204995E061642.647843_scanAz_slow.dat,22.4796
results2501/20250103S061643.609292E062145.049457_scanAz_slow.dat,30.0445
results2501/20250103S062146.011352E062647.457578_scanAz_slow.dat,37.5883
results2501/20250103S062648.413577E063149.861084_scanAz_slow.dat,45.2838
results2501/20250103S063150.817778E063652.265059_scanAz_slow.dat,52.5681
results2501/20250103S063653.220828E064154.666916_scanAz_slow.dat,60.5892
results2501/20250103S064155.628457E064657.072780_scanAz_slow.dat,68.4636
results2501/20250103S064658.030015E065159.476065_scanAz_slow.dat,75.5273
results2501/20250103S065200.437590E065635.958698_scanAz_slow.dat,82.9168
read results2501/20250103_070135_scanAz_slow.txt,0.0081
results2501/20250103S070136.101980E070637.649022_scanAz_slow.dat,7.2309
results2501/20250103S070638.609559E071140.050227_scanAz_slow.dat,14.4086
results2501/20250103S071141.011298E071642.458195_scanAz_slow.dat,22.3144
results2501/20250103S071643.414195E072144.858565_scanAz_slow.dat,29.4603
results2501/20250103S072145.821098E072647.263732_scanAz_slow.dat,36.0806
results2501/20250103S072648.226115E073149.670906_scanAz_slow.dat,43.3112
results2501/20250103S073150.627238E073652.075639_scanAz_slow.dat,50.6950
results2501/20250103S073653.032245E074154.479984_scanAz_slow.dat,58.0452
results2501/20250103S074155.436628E074656.883573_scanAz_slow.dat,65.2845
results2501/20250103S074657.840418E075159.282734_scanAz_slow.dat,72.0352
results2501/20250103S075200.245729E075635.766079_scanAz_slow.dat,79.1774
read results2501/20250103_090134_scanAz_slow.txt,0.0081
results2501/20250103S090135.921064E090637.459892_scanAz_slow.dat,7.3349
results2501/20250103S090638.416016E091139.863091_scanAz_slow.dat,15.1970
results2501/20250103S091140.819795E091642.264964_scanAz_slow.dat,23.4492
results2501/20250103S091643.228269E092144.670781_scanAz_slow.dat,31.0434
results2501/20250103S092145.627622E092647.076459_scanAz_slow.dat,38.8978
results2501/20250103S092648.034631E093149.477980_scanAz_slow.dat,46.1719
results2501/20250103S093150.440765E093651.884491_scanAz_slow.dat,53.7159
results2501/20250103S093652.842912E094154.284510_scanAz_slow.dat,60.6297
results2501/20250103S094155.247202E094656.692217_scanAz_slow.dat,68.2923
results2501/20250103S094657.649448E095159.092107_scanAz_slow.dat,76.3091
results2501/20250103S095200.055512E095635.577195_scanAz_slow.dat,84.1669
read results2501/20250103_100134_scanAz_slow.txt,0.0076
results2501/20250103S100135.697261E100637.268464_scanAz_slow.dat,7.6507
results2501/20250103S100638.224555E101139.667619_scanAz_slow.dat,14.9977
results2501/20250103S101140.630040E101642.072611_scanAz_slow.dat,23.2777
results2501/20250103S101643.036899E102144.480096_scanAz_slow.dat,30.9846
results2501/20250103S102145.437053E102646.882835_scanAz_slow.dat,38.8180
results2501/20250103S102647.845892E103149.287194_scanAz_slow.dat,46.4253
results2501/20250103S103150.250256E103651.688986_scanAz_slow.dat,53.5129
results2501/20250103S103652.651968E104154.097683_scanAz_slow.dat,60.5806
results2501/20250103S104155.054946E104656.501211_scanAz_slow.dat,67.4593
results2501/20250103S104657.460513E105158.905955_scanAz_slow.dat,74.1604
results2501/20250103S105159.863596E105635.386340_scanAz_slow.dat,81.6395
read results2501/20250103_110135_scanAz_slow.txt,0.0081
results2501/20250103S110136.489745E110638.033710_scanAz_slow.dat,6.3599
results2501/20250103S110638.995224E111140.442142_scanAz_slow.dat,13.4048
results2501/20250103S111141.398839E111642.842558_scanAz_slow.dat,20.5179
results2501/20250103S111643.801598E112145.250622_scanAz_slow.dat,27.8218
results2501/20250103S112146.207518E112647.653104_scanAz_slow.dat,34.9758
results2501/20250103S112648.611342E113150.059235_scanAz_slow.dat,42.5130
results2501/20250103S113151.017414E113652.460094_scanAz_slow.dat,49.2493
results2501/20250103S113653.418560E114154.866921_scanAz_slow.dat,56.3032
results2501/20250103S114155.823862E114657.267123_scanAz_slow.dat,63.7507
results2501/20250103S114658.230798E115159.674984_scanAz_slow.dat,70.9047
results2501/20250103S115200.631889E115636.155359_scanAz_slow.dat,78.6959
read results2501/20250103_130135_scanAz_slow.txt,0.0083
results2501/20250103S130136.396127E130637.941755_scanAz_slow.dat,7.2495
results2501/20250103S130638.902947E131140.345239_scanAz_slow.dat,15.1123
results2501/20250103S131141.306560E131642.749100_scanAz_slow.dat,23.2043
results2501/20250103S131643.711581E132145.154985_scanAz_slow.dat,30.6422
results2501/20250103S132146.112012E132647.561027_scanAz_slow.dat,38.4237
results2501/20250103S132648.517268E133149.961866_scanAz_slow.dat,45.5198
results2501/20250103S133150.924886E133652.368765_scanAz_slow.dat,52.4384
results2501/20250103S133653.325711E134154.770556_scanAz_slow.dat,60.2899
results2501/20250103S134155.733688E134657.175487_scanAz_slow.dat,67.6596
results2501/20250103S134658.136988E135159.581253_scanAz_slow.dat,75.6359
results2501/20250103S135200.537422E135636.062161_scanAz_slow.dat,82.7806
read results2501/20250103_140135_scanAz_slow.txt,0.0085
results2501/20250103S140136.206520E140637.750637_scanAz_slow.dat,7.6806
results2501/20250103S140638.710543E141140.157017_scanAz_slow.dat,14.7225
results2501/20250103S141141.118082E141642.558756_scanAz_slow.dat,21.9644
results2501/20250103S141643.523053E142144.963617_scanAz_slow.dat,29.3442
results2501/20250103S142145.925426E142647.366196_scanAz_slow.dat,37.1067
results2501/20250103S142648.327964E143149.773280_scanAz_slow.dat,44.5424
results2501/20250103S143150.729340E143652.176392_scanAz_slow.dat,51.5679
results2501/20250103S143653.133317E144154.577788_scanAz_slow.dat,58.2949
results2501/20250103S144155.541211E144656.982111_scanAz_slow.dat,65.8131
results2501/20250103S144657.944300E145159.391646_scanAz_slow.dat,73.5935
results2501/20250103S145200.347830E145635.871622_scanAz_slow.dat,81.7993
read results2501/20250103_150134_scanAz_slow.txt,0.0085
results2501/20250103S150136.015631E150637.558734_scanAz_slow.dat,7.5670
results2501/20250103S150638.519645E151139.965977_scanAz_slow.dat,14.6844
results2501/20250103S151140.927071E151642.365845_scanAz_slow.dat,22.2040
results2501/20250103S151643.328084E152144.772439_scanAz_slow.dat,29.3009
results2501/20250103S152145.734623E152647.179008_scanAz_slow.dat,36.4850
results2501/20250103S152648.136251E153149.579054_scanAz_slow.dat,43.6200
results2501/20250103S153150.542745E153651.984917_scanAz_slow.dat,51.1104
results2501/20250103S153652.946757E154154.387431_scanAz_slow.dat,58.7072
results2501/20250103S154155.350819E154656.791424_scanAz_slow.dat,66.0236
results2501/20250103S154657.753726E155159.194825_scanAz_slow.dat,73.3869
results2501/20250103S155200.157306E155635.680003_scanAz_slow.dat,81.2498
read results2501/20250103_170134_scanAz_slow.txt,0.0087
results2501/20250103S170135.873700E170637.419776_scanAz_slow.dat,7.9170
results2501/20250103S170638.381268E171139.824013_scanAz_slow.dat,15.0357
results2501/20250103S171140.780984E171642.225654_scanAz_slow.dat,22.8913
results2501/20250103S171643.184409E172144.632759_scanAz_slow.dat,30.3583
results2501/20250103S172145.590885E172647.035481_scanAz_slow.dat,37.2272
results2501/20250103S172647.992676E173149.440868_scanAz_slow.dat,44.0787
results2501/20250103S173150.397752E173651.845775_scanAz_slow.dat,51.7518
results2501/20250103S173652.803296E174154.247963_scanAz_slow.dat,59.3274
results2501/20250103S174155.204917E174656.650655_scanAz_slow.dat,66.6347
results2501/20250103S174657.614241E175159.052983_scanAz_slow.dat,74.4935
results2501/20250103S175200.016007E175635.536761_scanAz_slow.dat,82.0018
read results2501/20250103_180134_scanAz_slow.txt,0.0083
results2501/20250103S180135.729855E180637.276453_scanAz_slow.dat,7.5875
results2501/20250103S180638.238283E181139.682564_scanAz_slow.dat,15.0344
results2501/20250103S181140.639230E181642.081611_scanAz_slow.dat,22.5411
results2501/20250103S181643.045787E182144.489938_scanAz_slow.dat,29.3675
results2501/20250103S182145.447536E182646.894344_scanAz_slow.dat,35.2080
results2501/20250103S182647.851671E183149.299226_scanAz_slow.dat,42.2699
results2501/20250103S183150.256517E183651.698364_scanAz_slow.dat,49.5900
results2501/20250103S183652.661654E184154.102707_scanAz_slow.dat,56.1788
results2501/20250103S184155.066994E184656.510871_scanAz_slow.dat,62.9597
results2501/20250103S184657.467810E185158.912271_scanAz_slow.dat,71.0797
results2501/20250103S185159.876302E185635.394245_scanAz_slow.dat,78.8574
read results2501/20250103_190135_scanAz_slow.txt,0.0084
results2501/20250103S190136.546078E190638.095120_scanAz_slow.dat,7.7028
results2501/20250103S190639.052096E191140.494605_scanAz_slow.dat,15.2130
results2501/20250103S191141.457428E191642.899699_scanAz_slow.dat,22.9830
results2501/20250103S191643.862349E192145.308190_scanAz_slow.dat,30.3561
results2501/20250103S192146.265389E192647.708487_scanAz_slow.dat,38.2918
results2501/20250103S192648.672150E193150.114956_scanAz_slow.dat,46.1432
results2501/20250103S193151.071853E193652.519903_scanAz_slow.dat,54.1634
results2501/20250103S193653.479585E194154.923007_scanAz_slow.dat,62.1186
results2501/20250103S194155.879975E194657.327764_scanAz_slow.dat,69.9806
results2501/20250103S194658.286223E195159.732893_scanAz_slow.dat,77.3957
results2501/20250103S195200.691110E195636.213068_scanAz_slow.dat,85.1032
read results2501/20250103_210135_scanAz_slow.txt,0.0084
results2501/20250103S210136.367386E210637.903962_scanAz_slow.dat,7.6759
results2501/20250103S210638.864783E211140.306032_scanAz_slow.dat,14.7818
results2501/20250103S211141.268307E211642.713570_scanAz_slow.dat,21.9010
results2501/20250103S211643.675084E212145.114250_scanAz_slow.dat,29.7809
results2501/20250103S212146.076037E212647.521641_scanAz_slow.dat,37.1656
results2501/20250103S212648.483129E213149.926409_scanAz_slow.dat,44.9228
results2501/20250103S213150.884875E213652.327387_scanAz_slow.dat,52.1132
results2501/20250103S213653.289492E214154.733855_scanAz_slow.dat,59.3312
results2501/20250103S214155.695412E214657.138825_scanAz_slow.dat,67.0112
results2501/20250103S214658.095131E215159.542015_scanAz_slow.dat,74.6897
results2501/20250103S215200.498454E215636.022396_scanAz_slow.dat,81.5424
read results2501/20250103_220135_scanAz_slow.txt,0.0086
results2501/20250103S220136.166410E220637.712421_scanAz_slow.dat,7.1284
results2501/20250103S220638.673622E221140.117844_scanAz_slow.dat,14.7951
results2501/20250103S221141.078593E221642.523126_scanAz_slow.dat,21.6763
results2501/20250103S221643.480007E222144.923459_scanAz_slow.dat,28.6236
results2501/20250103S222145.885806E222647.326126_scanAz_slow.dat,35.9028
results2501/20250103S222648.288219E223149.735092_scanAz_slow.dat,43.7592
results2501/20250103S223150.691515E223652.134390_scanAz_slow.dat,51.6587
results2501/20250103S223653.096560E224154.541354_scanAz_slow.dat,58.5111
results2501/20250103S224155.502935E224656.946258_scanAz_slow.dat,65.9575
results2501/20250103S224657.901988E225159.347609_scanAz_slow.dat,73.2057
results2501/20250103S225200.309041E225635.831569_scanAz_slow.dat,80.1182
read results2501/20250104_010134_scanAz_slow.txt,0.0081
results2501/20250104S010135.833913E010637.373654_scanAz_slow.dat,6.8819
results2501/20250104S010638.335528E011139.778629_scanAz_slow.dat,13.7518
results2501/20250104S011140.740504E011642.181036_scanAz_slow.dat,21.5275
results2501/20250104S011643.144075E012144.587909_scanAz_slow.dat,28.7240
results2501/20250104S012145.545440E012646.991640_scanAz_slow.dat,36.3915
results2501/20250104S012647.948577E013149.392919_scanAz_slow.dat,43.3736
results2501/20250104S013150.356816E013651.800763_scanAz_slow.dat,50.9998
results2501/20250104S013652.758307E014154.204490_scanAz_slow.dat,58.9371
results2501/20250104S014155.161811E014656.606055_scanAz_slow.dat,66.0263
results2501/20250104S014657.569374E015159.010129_scanAz_slow.dat,73.7484
results2501/20250104S015159.974033E015635.495039_scanAz_slow.dat,81.8083
read results2501/20250104_020134_scanAz_slow.txt,0.0085
results2501/20250104S020135.640721E020637.182506_scanAz_slow.dat,7.0099
results2501/20250104S020638.144279E021139.590471_scanAz_slow.dat,14.7695
results2501/20250104S021140.552621E021641.995453_scanAz_slow.dat,22.1967
results2501/20250104S021642.952372E022144.398412_scanAz_slow.dat,29.7632
results2501/20250104S022145.355334E022646.805140_scanAz_slow.dat,36.9624
results2501/20250104S022647.763073E023149.204200_scanAz_slow.dat,44.3288
results2501/20250104S023150.168087E023651.612290_scanAz_slow.dat,51.5361
results2501/20250104S023652.570157E024154.013770_scanAz_slow.dat,59.3253
results2501/20250104S024154.977092E024656.416666_scanAz_slow.dat,66.9603
results2501/20250104S024657.380647E025158.821355_scanAz_slow.dat,73.6743
results2501/20250104S025159.785045E025635.303983_scanAz_slow.dat,81.2383
read results2501/20250104_030135_scanAz_slow.txt,0.0087
results2501/20250104S030136.427663E030638.002748_scanAz_slow.dat,6.8877
results2501/20250104S030638.964318E031140.408793_scanAz_slow.dat,14.6039
results2501/20250104S031141.365768E031642.812188_scanAz_slow.dat,22.1702
results2501/20250104S031643.769109E032145.214316_scanAz_slow.dat,29.4650
results2501/20250104S032146.178203E032647.621490_scanAz_slow.dat,37.6734
results2501/20250104S032648.580558E033150.021562_scanAz_slow.dat,45.1876
results2501/20250104S033150.984567E033652.430706_scanAz_slow.dat,52.1421
results2501/20250104S033653.387936E034154.834335_scanAz_slow.dat,59.7261
results2501/20250104S034155.793745E034657.238579_scanAz_slow.dat,66.8685
results2501/20250104S034658.196738E035159.639219_scanAz_slow.dat,74.2261
results2501/20250104S035200.602561E035636.122681_scanAz_slow.dat,81.7642
read results2501/20250104_050135_scanAz_slow.txt,0.0078
results2501/20250104S050136.220562E050637.763433_scanAz_slow.dat,7.5103
results2501/20250104S050638.724847E051140.171713_scanAz_slow.dat,14.9514
results2501/20250104S051141.128738E051642.575618_scanAz_slow.dat,22.9291
results2501/20250104S051643.532883E052144.975196_scanAz_slow.dat,30.8905
results2501/20250104S052145.938476E052647.384701_scanAz_slow.dat,37.9307
results2501/20250104S052648.343171E053149.783367_scanAz_slow.dat,45.0445
results2501/20250104S053150.746695E053652.191140_scanAz_slow.dat,52.2026
results2501/20250104S053653.147234E054154.593064_scanAz_slow.dat,59.7225
results2501/20250104S054155.555568E054656.999551_scanAz_slow.dat,66.9423
results2501/20250104S054657.955620E055159.403170_scanAz_slow.dat,74.2096
results2501/20250104S055200.364762E055635.885412_scanAz_slow.dat,81.3394
read results2501/20250104_060134_scanAz_slow.txt,0.0082
results2501/20250104S060136.028699E060637.572669_scanAz_slow.dat,8.2482
results2501/20250104S060638.532883E061139.979660_scanAz_slow.dat,15.7703
results2501/20250104S061140.940619E061642.384878_scanAz_slow.dat,22.7047
results2501/20250104S061643.340641E062144.790536_scanAz_slow.dat,30.4522
results2501/20250104S062145.747563E062647.190762_scanAz_slow.dat,37.4730
results2501/20250104S062648.152816E063149.598060_scanAz_slow.dat,44.4262
results2501/20250104S063150.554417E063652.002950_scanAz_slow.dat,52.1802
results2501/20250104S063652.959657E064154.402939_scanAz_slow.dat,60.3210
results2501/20250104S064155.366323E064656.806922_scanAz_slow.dat,68.0442
results2501/20250104S064657.770022E065159.216163_scanAz_slow.dat,76.2135
results2501/20250104S065200.172603E065635.695407_scanAz_slow.dat,83.2232
read results2501/20250104_070134_scanAz_slow.txt,0.0097
results2501/20250104S070135.858548E070637.433900_scanAz_slow.dat,7.5074
results2501/20250104S070638.394219E071139.836178_scanAz_slow.dat,14.1702
results2501/20250104S071140.798073E071642.243547_scanAz_slow.dat,21.4228
results2501/20250104S071643.200389E072144.646945_scanAz_slow.dat,29.1902
results2501/20250104S072145.608789E072647.050721_scanAz_slow.dat,37.2035
results2501/20250104S072648.012875E073149.453980_scanAz_slow.dat,44.9278
results2501/20250104S073150.415866E073651.862980_scanAz_slow.dat,52.8086
results2501/20250104S073652.818637E074154.265811_scanAz_slow.dat,60.2067
results2501/20250104S074155.227690E074656.667606_scanAz_slow.dat,67.5803
results2501/20250104S074657.626888E075159.076873_scanAz_slow.dat,74.4455
results2501/20250104S075200.033261E075635.556450_scanAz_slow.dat,82.3055
read results2501/20250104_090134_scanAz_slow.txt,0.0094
results2501/20250104S090135.677778E090637.253358_scanAz_slow.dat,7.7998
results2501/20250104S090638.208853E091139.657061_scanAz_slow.dat,15.2131
results2501/20250104S091140.614297E091642.059404_scanAz_slow.dat,22.5925
results2501/20250104S091643.016664E092144.462942_scanAz_slow.dat,29.6758
results2501/20250104S092145.420498E092646.866266_scanAz_slow.dat,37.5478
results2501/20250104S092647.829547E093149.268410_scanAz_slow.dat,44.4215
results2501/20250104S093150.232684E093651.672288_scanAz_slow.dat,52.5124
results2501/20250104S093652.636851E094154.077365_scanAz_slow.dat,60.0210
results2501/20250104S094155.040679E094656.481415_scanAz_slow.dat,66.9616
results2501/20250104S094657.444765E095158.889262_scanAz_slow.dat,74.4163
results2501/20250104S095159.846859E095635.367711_scanAz_slow.dat,81.5799
read results2501/20250104_100135_scanAz_slow.txt,0.0092
results2501/20250104S100136.471669E100638.019761_scanAz_slow.dat,7.7349
results2501/20250104S100638.976313E101140.424321_scanAz_slow.dat,14.9415
results2501/20250104S101141.381088E101642.828563_scanAz_slow.dat,22.2525
results2501/20250104S101643.785959E102145.232460_scanAz_slow.dat,29.9358
results2501/20250104S102146.189363E102647.632394_scanAz_slow.dat,36.8585
results2501/20250104S102648.595430E103150.038980_scanAz_slow.dat,44.2932
results2501/20250104S103151.001982E103652.445608_scanAz_slow.dat,52.1467
results2501/20250104S103653.403124E104154.849278_scanAz_slow.dat,59.3554
results2501/20250104S104155.807149E104657.253637_scanAz_slow.dat,67.6941
results2501/20250104S104658.211785E105159.658506_scanAz_slow.dat,75.5354
results2501/20250104S105200.617011E105636.137357_scanAz_slow.dat,83.6007
read results2501/20250104_110135_scanAz_slow.txt,0.0091
results2501/20250104S110136.281199E110637.827367_scanAz_slow.dat,7.4452
results2501/20250104S110638.789127E111140.232376_scanAz_slow.dat,14.9231
results2501/20250104S111141.188409E111642.634747_scanAz_slow.dat,22.2953
results2501/20250104S111643.597745E112145.038367_scanAz_slow.dat,30.1954
results2501/20250104S112146.001847E112647.445069_scanAz_slow.dat,38.1993
results2501/20250104S112648.402073E113149.850216_scanAz_slow.dat,45.6588
results2501/20250104S113150.808047E113652.253284_scanAz_slow.dat,53.6187
results2501/20250104S113653.210229E114154.657962_scanAz_slow.dat,60.8665
results2501/20250104S114155.615651E114657.061944_scanAz_slow.dat,68.1700
results2501/20250104S114658.021525E115159.465823_scanAz_slow.dat,75.9620
results2501/20250104S115200.425840E115635.946347_scanAz_slow.dat,83.6406
read results2501/20250104_130135_scanAz_slow.txt,0.0095
results2501/20250104S130136.114978E130637.683632_scanAz_slow.dat,7.5552
results2501/20250104S130638.643839E131140.090366_scanAz_slow.dat,14.9771
results2501/20250104S131141.051426E131642.495238_scanAz_slow.dat,21.6462
results2501/20250104S131643.451597E132144.898116_scanAz_slow.dat,29.0755
results2501/20250104S132145.860015E132647.301957_scanAz_slow.dat,37.0073
results2501/20250104S132648.263763E133149.705235_scanAz_slow.dat,44.4388
results2501/20250104S133150.667766E133652.108048_scanAz_slow.dat,52.1162
results2501/20250104S133653.071347E134154.511703_scanAz_slow.dat,60.1005
results2501/20250104S134155.473937E134656.917944_scanAz_slow.dat,68.0139
results2501/20250104S134657.880100E135159.323289_scanAz_slow.dat,75.6710
results2501/20250104S135200.284893E135635.803530_scanAz_slow.dat,83.1239
read results2501/20250104_140134_scanAz_slow.txt,0.0089
results2501/20250104S140135.902099E140637.447959_scanAz_slow.dat,7.5169
results2501/20250104S140638.408512E141139.852819_scanAz_slow.dat,14.9486
results2501/20250104S141140.809791E141642.252461_scanAz_slow.dat,22.0741
results2501/20250104S141643.214275E142144.659327_scanAz_slow.dat,30.2242
results2501/20250104S142145.621181E142647.064288_scanAz_slow.dat,38.1369
results2501/20250104S142648.026027E143149.465479_scanAz_slow.dat,45.7838
results2501/20250104S143150.427720E143651.874224_scanAz_slow.dat,53.8517
results2501/20250104S143652.830838E144154.275158_scanAz_slow.dat,61.1737
results2501/20250104S144155.236991E144656.683049_scanAz_slow.dat,68.9374
results2501/20250104S144657.639728E145159.087673_scanAz_slow.dat,76.3552
results2501/20250104S145200.044670E145635.565896_scanAz_slow.dat,83.8677
read results2501/20250104_150134_scanAz_slow.txt,0.0095
results2501/20250104S150135.725660E150637.257124_scanAz_slow.dat,7.3897
results2501/20250104S150638.217351E151139.663034_scanAz_slow.dat,13.9511
results2501/20250104S151140.617950E151642.064301_scanAz_slow.dat,21.9740
results2501/20250104S151643.025781E152144.469533_scanAz_slow.dat,29.5232
results2501/20250104S152145.425539E152646.872523_scanAz_slow.dat,37.4747
results2501/20250104S152647.834886E153149.279731_scanAz_slow.dat,44.9736
results2501/20250104S153150.235771E153651.682310_scanAz_slow.dat,52.5080
results2501/20250104S153652.644098E154154.086144_scanAz_slow.dat,59.8339
results2501/20250104S154155.047662E154656.492203_scanAz_slow.dat,66.3497
results2501/20250104S154657.448591E155158.895458_scanAz_slow.dat,73.2367
results2501/20250104S155159.851538E155635.375370_scanAz_slow.dat,80.1652
read results2501/20250104_170135_scanAz_slow.txt,0.0106
results2501/20250104S170136.550516E170638.123343_scanAz_slow.dat,7.7441
results2501/20250104S170639.084855E171140.529172_scanAz_slow.dat,15.1161
results2501/20250104S171141.488607E171642.929954_scanAz_slow.dat,22.7654
results2501/20250104S171643.893899E172145.334283_scanAz_slow.dat,30.8488
results2501/20250104S172146.297703E172647.742164_scanAz_slow.dat,38.6459
results2501/20250104S172648.700696E173150.144956_scanAz_slow.dat,45.9130
results2501/20250104S173151.101833E173652.548472_scanAz_slow.dat,53.9263
results2501/20250104S173653.506611E174154.950534_scanAz_slow.dat,61.9111
results2501/20250104S174155.914210E174657.358305_scanAz_slow.dat,68.5798
results2501/20250104S174658.315809E175159.762931_scanAz_slow.dat,76.7182
results2501/20250104S175200.720200E175636.242257_scanAz_slow.dat,84.7325
read results2501/20250104_180135_scanAz_slow.txt,0.0074
results2501/20250104S180136.336581E180637.884546_scanAz_slow.dat,7.4878
results2501/20250104S180638.845839E181140.289832_scanAz_slow.dat,14.4948
results2501/20250104S181141.246538E181642.691468_scanAz_slow.dat,22.0784
results2501/20250104S181643.654437E182145.095228_scanAz_slow.dat,29.1295
results2501/20250104S182146.058292E182647.500651_scanAz_slow.dat,36.3403
results2501/20250104S182648.457802E183149.901581_scanAz_slow.dat,43.9588
results2501/20250104S183150.866454E183652.310238_scanAz_slow.dat,51.6165
results2501/20250104S183653.267239E184154.715454_scanAz_slow.dat,59.2496
results2501/20250104S184155.672972E184657.118743_scanAz_slow.dat,67.2823
results2501/20250104S184658.077770E185159.520027_scanAz_slow.dat,75.6895
results2501/20250104S185200.482725E185636.002910_scanAz_slow.dat,83.3229
read results2501/20250104_190135_scanAz_slow.txt,0.0090
results2501/20250104S190136.147651E190637.691775_scanAz_slow.dat,7.7424
results2501/20250104S190638.654129E191140.098994_scanAz_slow.dat,14.9759
results2501/20250104S191141.057454E191642.503429_scanAz_slow.dat,22.7855
results2501/20250104S191643.460934E192144.906348_scanAz_slow.dat,29.2851
results2501/20250104S192145.865337E192647.308065_scanAz_slow.dat,36.2496
results2501/20250104S192648.271399E193149.713621_scanAz_slow.dat,43.3895
results2501/20250104S193150.670554E193652.117209_scanAz_slow.dat,50.7654
results2501/20250104S193653.074832E194154.523845_scanAz_slow.dat,59.1620
results2501/20250104S194155.481724E194656.922201_scanAz_slow.dat,66.0756
results2501/20250104S194657.886719E195159.326436_scanAz_slow.dat,73.2857
results2501/20250104S195200.290692E195635.810958_scanAz_slow.dat,81.1717
read results2501/20250104_210134_scanAz_slow.txt,0.0079
results2501/20250104S210136.004777E210637.549972_scanAz_slow.dat,7.3848
results2501/20250104S210638.510419E211139.954440_scanAz_slow.dat,14.2626
results2501/20250104S211140.915186E211642.357317_scanAz_slow.dat,20.8666
results2501/20250104S211643.319499E212144.764265_scanAz_slow.dat,28.6724
results2501/20250104S212145.722137E212647.167219_scanAz_slow.dat,34.9503
results2501/20250104S212648.124456E213149.568634_scanAz_slow.dat,41.8059
results2501/20250104S213150.530390E213651.976012_scanAz_slow.dat,49.0548
results2501/20250104S213652.932630E214154.379954_scanAz_slow.dat,56.4742
results2501/20250104S214155.336110E214656.784362_scanAz_slow.dat,64.1743
results2501/20250104S214657.740716E215159.185030_scanAz_slow.dat,71.1293
results2501/20250104S215200.146554E215635.667036_scanAz_slow.dat,78.4857
read results2501/20250104_220134_scanAz_slow.txt,0.0083
results2501/20250104S220135.822046E220637.355952_scanAz_slow.dat,7.4353
results2501/20250104S220638.317432E221139.759588_scanAz_slow.dat,14.3125
results2501/20250104S221140.722601E221642.168357_scanAz_slow.dat,21.5400
results2501/20250104S221643.125304E222144.571693_scanAz_slow.dat,28.7253
results2501/20250104S222145.533124E222646.973119_scanAz_slow.dat,36.9853
results2501/20250104S222647.936511E223149.382039_scanAz_slow.dat,44.0095
results2501/20250104S223150.338389E223651.781072_scanAz_slow.dat,51.2436
results2501/20250104S223652.743576E224154.190975_scanAz_slow.dat,58.3592
results2501/20250104S224155.148798E224656.591529_scanAz_slow.dat,66.2953
results2501/20250104S224657.553424E225158.996241_scanAz_slow.dat,73.9857
results2501/20250104S225159.958823E225635.478692_scanAz_slow.dat,80.8715
read results2501/20250105_010135_scanAz_slow.txt,0.0078
results2501/20250105S010136.547275E010638.091388_scanAz_slow.dat,6.4635
results2501/20250105S010639.053508E011140.495749_scanAz_slow.dat,13.4204
results2501/20250105S011141.458197E011642.900502_scanAz_slow.dat,20.8603
results2501/20250105S011643.864150E012145.306439_scanAz_slow.dat,28.4544
results2501/20250105S012146.263436E012647.712331_scanAz_slow.dat,36.1332
results2501/20250105S012648.670533E013150.116252_scanAz_slow.dat,43.6499
results2501/20250105S013151.075329E013652.515844_scanAz_slow.dat,50.6609
results2501/20250105S013653.479109E014154.923931_scanAz_slow.dat,58.0649
results2501/20250105S014155.881611E014657.326925_scanAz_slow.dat,65.3380
results2501/20250105S014658.283927E015159.731505_scanAz_slow.dat,72.8529
results2501/20250105S015200.688694E015636.210632_scanAz_slow.dat,80.3283
read results2501/20250105_020135_scanAz_slow.txt,0.0090
results2501/20250105S020136.355826E020637.900061_scanAz_slow.dat,7.7399
results2501/20250105S020638.861847E021140.304835_scanAz_slow.dat,15.4239
results2501/20250105S021141.267244E021642.712527_scanAz_slow.dat,23.2285
results2501/20250105S021643.669779E022145.115693_scanAz_slow.dat,29.8943
results2501/20250105S022146.073120E022647.516098_scanAz_slow.dat,37.7752
results2501/20250105S022648.480633E023149.921079_scanAz_slow.dat,45.7860
results2501/20250105S023150.884396E023652.328681_scanAz_slow.dat,53.7715
results2501/20250105S023653.286845E024154.731673_scanAz_slow.dat,62.0666
results2501/20250105S024155.688546E024657.137511_scanAz_slow.dat,69.1469
results2501/20250105S024658.095934E025159.536875_scanAz_slow.dat,76.3479
results2501/20250105S025200.500520E025636.020635_scanAz_slow.dat,84.4243
read results2501/20250105_030135_scanAz_slow.txt,0.0083
results2501/20250105S030136.163748E030637.710891_scanAz_slow.dat,7.8390
results2501/20250105S030638.666358E031140.110135_scanAz_slow.dat,15.7137
results2501/20250105S031141.072558E031642.512789_scanAz_slow.dat,23.4270
results2501/20250105S031643.476434E032144.918649_scanAz_slow.dat,30.7231
results2501/20250105S032145.881687E032647.324044_scanAz_slow.dat,38.4368
results2501/20250105S032648.283081E033149.723417_scanAz_slow.dat,46.2788
results2501/20250105S033150.687607E033652.131558_scanAz_slow.dat,53.3923
results2501/20250105S033653.090556E034154.534092_scanAz_slow.dat,60.8364
results2501/20250105S034155.491476E034656.937859_scanAz_slow.dat,68.3009
results2501/20250105S034657.895676E035159.340513_scanAz_slow.dat,76.6781
results2501/20250105S035200.299300E035635.818958_scanAz_slow.dat,83.7594
read results2501/20250105_050134_scanAz_slow.txt,0.0083
results2501/20250105S050136.007755E050637.554281_scanAz_slow.dat,7.5807
results2501/20250105S050638.514899E051139.955743_scanAz_slow.dat,14.5892
results2501/20250105S051140.916975E051642.362771_scanAz_slow.dat,21.3468
results2501/20250105S051643.318776E052144.763451_scanAz_slow.dat,28.7251
results2501/20250105S052145.725216E052647.169650_scanAz_slow.dat,36.6616
results2501/20250105S052648.126225E053149.573872_scanAz_slow.dat,44.6138
results2501/20250105S053150.535498E053651.975446_scanAz_slow.dat,52.3175
results2501/20250105S053652.937571E054154.381848_scanAz_slow.dat,59.9245
results2501/20250105S054155.343447E054656.785205_scanAz_slow.dat,67.7157
results2501/20250105S054657.742400E055159.189566_scanAz_slow.dat,75.0143
results2501/20250105S055200.145974E055635.671042_scanAz_slow.dat,82.5469
read results2501/20250105_060134_scanAz_slow.txt,0.0092
results2501/20250105S060135.813661E060637.358496_scanAz_slow.dat,7.5804
results2501/20250105S060638.318719E061139.766295_scanAz_slow.dat,14.9398
results2501/20250105S061140.723091E061642.170009_scanAz_slow.dat,22.1849
results2501/20250105S061643.126116E062144.574390_scanAz_slow.dat,29.2110
results2501/20250105S062145.530755E062646.976846_scanAz_slow.dat,36.3397
results2501/20250105S062647.939100E063149.381423_scanAz_slow.dat,44.0003
results2501/20250105S063150.343598E063651.782025_scanAz_slow.dat,51.7521
results2501/20250105S063652.744150E064154.190672_scanAz_slow.dat,59.0754
results2501/20250105S064155.147677E064656.593366_scanAz_slow.dat,66.4395
results2501/20250105S064657.550668E065158.994163_scanAz_slow.dat,73.7064
results2501/20250105S065159.956741E065635.479242_scanAz_slow.dat,80.9064
read results2501/20250105_070134_scanAz_slow.txt,0.0083
results2501/20250105S070135.621853E070637.167147_scanAz_slow.dat,6.8314
results2501/20250105S070638.128315E071139.570920_scanAz_slow.dat,14.6038
results2501/20250105S071140.532581E071641.979604_scanAz_slow.dat,21.7666
results2501/20250105S071642.936238E072144.381232_scanAz_slow.dat,28.8702
results2501/20250105S072145.343078E072646.789095_scanAz_slow.dat,35.6114
results2501/20250105S072647.745427E073149.190242_scanAz_slow.dat,42.9589
results2501/20250105S073150.152365E073651.592244_scanAz_slow.dat,50.5211
results2501/20250105S073652.554006E074154.000698_scanAz_slow.dat,58.0690
results2501/20250105S074154.956527E074656.405206_scanAz_slow.dat,65.1318
results2501/20250105S074657.360948E075158.810554_scanAz_slow.dat,72.7348
results2501/20250105S075159.767731E075635.289666_scanAz_slow.dat,80.2511
read results2501/20250105_090135_scanAz_slow.txt,0.0082
results2501/20250105S090136.489566E090638.038909_scanAz_slow.dat,7.9796
results2501/20250105S090638.995592E091140.442513_scanAz_slow.dat,15.6901
results2501/20250105S091141.401008E091642.846560_scanAz_slow.dat,22.7486
results2501/20250105S091643.803506E092145.251795_scanAz_slow.dat,31.0048
results2501/20250105S092146.209903E092647.654323_scanAz_slow.dat,38.3896
results2501/20250105S092648.611187E093150.057113_scanAz_slow.dat,46.3035
results2501/20250105S093151.020163E093652.462712_scanAz_slow.dat,53.9943
results2501/20250105S093653.419716E094154.865552_scanAz_slow.dat,62.2152
results2501/20250105S094155.828585E094657.270972_scanAz_slow.dat,69.7435
results2501/20250105S094658.229443E095159.674565_scanAz_slow.dat,77.3517
results2501/20250105S095200.631668E095636.157291_scanAz_slow.dat,84.2131
read results2501/20250105_100135_scanAz_slow.txt,0.0081
results2501/20250105S100136.301360E100637.845015_scanAz_slow.dat,7.7201
results2501/20250105S100638.806779E101140.253138_scanAz_slow.dat,15.0142
results2501/20250105S101141.209230E101642.656034_scanAz_slow.dat,22.4966
results2501/20250105S101643.618739E102145.056949_scanAz_slow.dat,29.6849
results2501/20250105S102146.021509E102647.463480_scanAz_slow.dat,36.8253
results2501/20250105S102648.427053E103149.866079_scanAz_slow.dat,43.9778
results2501/20250105S103150.830295E103652.272592_scanAz_slow.dat,51.6242
results2501/20250105S103653.235889E104154.677940_scanAz_slow.dat,59.0743
results2501/20250105S104155.635322E104657.079585_scanAz_slow.dat,66.2295
results2501/20250105S104658.043521E105159.482669_scanAz_slow.dat,73.5800
results2501/20250105S105200.446043E105635.966844_scanAz_slow.dat,81.4167
read results2501/20250105_110135_scanAz_slow.txt,0.0080
results2501/20250105S110136.111224E110637.658110_scanAz_slow.dat,7.9561
results2501/20250105S110638.619640E111140.059163_scanAz_slow.dat,16.2942
results2501/20250105S111141.022544E111642.466324_scanAz_slow.dat,23.5119
results2501/20250105S111643.423351E112144.872794_scanAz_slow.dat,30.9446
results2501/20250105S112145.832114E112647.273274_scanAz_slow.dat,38.3145
results2501/20250105S112648.236578E113149.680052_scanAz_slow.dat,45.9567
results2501/20250105S113150.639738E113652.081929_scanAz_slow.dat,53.0851
results2501/20250105S113653.039557E114154.486977_scanAz_slow.dat,60.6971
results2501/20250105S114155.443947E114656.889404_scanAz_slow.dat,68.4765
results2501/20250105S114657.848151E115159.296120_scanAz_slow.dat,75.6373
results2501/20250105S115200.255293E115635.776316_scanAz_slow.dat,83.2981
read results2501/20250105_130134_scanAz_slow.txt,0.0075
results2501/20250105S130135.889444E130637.421228_scanAz_slow.dat,7.3940
results2501/20250105S130638.381464E131139.828019_scanAz_slow.dat,14.7016
results2501/20250105S131140.784128E131642.232570_scanAz_slow.dat,22.1478
results2501/20250105S131643.190396E132144.634334_scanAz_slow.dat,29.4600
results2501/20250105S132145.596218E132647.037361_scanAz_slow.dat,37.0456
results2501/20250105S132647.998528E133149.444164_scanAz_slow.dat,44.6365
results2501/20250105S133150.400796E133651.845069_scanAz_slow.dat,52.3644
results2501/20250105S133652.806855E134154.252038_scanAz_slow.dat,58.7928
results2501/20250105S134155.208007E134656.652651_scanAz_slow.dat,66.5176
results2501/20250105S134657.611426E135159.055813_scanAz_slow.dat,73.9149
results2501/20250105S135200.018617E135635.540352_scanAz_slow.dat,81.2078
read results2501/20250105_140134_scanAz_slow.txt,0.0092
results2501/20250105S140135.699170E140637.227478_scanAz_slow.dat,7.3390
results2501/20250105S140638.188550E141139.635901_scanAz_slow.dat,14.8552
results2501/20250105S141140.591037E141642.038115_scanAz_slow.dat,22.4213
results2501/20250105S141643.000085E142144.441151_scanAz_slow.dat,29.3287
results2501/20250105S142145.402950E142646.847822_scanAz_slow.dat,36.3735
results2501/20250105S142647.804416E143149.252775_scanAz_slow.dat,43.5161
results2501/20250105S143150.209502E143651.651868_scanAz_slow.dat,50.3909
results2501/20250105S143652.613666E144154.059732_scanAz_slow.dat,57.3999
results2501/20250105S144155.015563E144656.459733_scanAz_slow.dat,64.7476
results2501/20250105S144657.423536E145158.866911_scanAz_slow.dat,72.0911
results2501/20250105S145159.828736E145635.347415_scanAz_slow.dat,79.3099
read results2501/20250105_150135_scanAz_slow.txt,0.0080
results2501/20250105S150136.499868E150638.048027_scanAz_slow.dat,6.8841
results2501/20250105S150639.008234E151140.453412_scanAz_slow.dat,15.0797
results2501/20250105S151141.409577E151642.852407_scanAz_slow.dat,23.0758
results2501/20250105S151643.814787E152145.259188_scanAz_slow.dat,30.0637
results2501/20250105S152146.221516E152647.665996_scanAz_slow.dat,37.4970
results2501/20250105S152648.622238E153150.069182_scanAz_slow.dat,45.2616
results2501/20250105S153151.027434E153652.471203_scanAz_slow.dat,52.7723
results2501/20250105S153653.433366E154154.873052_scanAz_slow.dat,60.4128
results2501/20250105S154155.837672E154657.281585_scanAz_slow.dat,67.4846
results2501/20250105S154658.238532E155159.684737_scanAz_slow.dat,74.0095
results2501/20250105S155200.640889E155636.164096_scanAz_slow.dat,81.0748
read results2501/20250105_170135_scanAz_slow.txt,0.0085
results2501/20250105S170136.315207E170637.901173_scanAz_slow.dat,7.1761
results2501/20250105S170638.862975E171140.307704_scanAz_slow.dat,14.9545
results2501/20250105S171141.265304E171642.711566_scanAz_slow.dat,22.4458
results2501/20250105S171643.669308E172145.115465_scanAz_slow.dat,30.6860
results2501/20250105S172146.072337E172647.515489_scanAz_slow.dat,38.0918
results2501/20250105S172648.478752E173149.920908_scanAz_slow.dat,45.2277
results2501/20250105S173150.883934E173652.328430_scanAz_slow.dat,53.4544
results2501/20250105S173653.287534E174154.731523_scanAz_slow.dat,60.3185
results2501/20250105S174155.688965E174657.135474_scanAz_slow.dat,67.4050
results2501/20250105S174658.094249E175159.539786_scanAz_slow.dat,74.3112
results2501/20250105S175200.497920E175636.020191_scanAz_slow.dat,81.4508
read results2501/20250105_180135_scanAz_slow.txt,0.0236
results2501/20250105S180136.135895E180637.707367_scanAz_slow.dat,6.9615
results2501/20250105S180638.669016E181140.111363_scanAz_slow.dat,14.0512
results2501/20250105S181141.073857E181642.519131_scanAz_slow.dat,21.4339
results2501/20250105S181643.478631E182144.922802_scanAz_slow.dat,28.8797
results2501/20250105S182145.880505E182647.327099_scanAz_slow.dat,35.8017
results2501/20250105S182648.285127E183149.731406_scanAz_slow.dat,43.3548
results2501/20250105S183150.689661E183652.134668_scanAz_slow.dat,51.0027
results2501/20250105S183653.092246E184154.536750_scanAz_slow.dat,57.7825
results2501/20250105S184155.499477E184656.943065_scanAz_slow.dat,65.1548
results2501/20250105S184657.902673E185159.342196_scanAz_slow.dat,72.6389
results2501/20250105S185200.305561E185635.826442_scanAz_slow.dat,80.1347
read results2501/20250105_190134_scanAz_slow.txt,0.0086
results2501/20250105S190135.934981E190637.468857_scanAz_slow.dat,7.3566
results2501/20250105S190638.430381E191139.875488_scanAz_slow.dat,14.5485
results2501/20250105S191140.833084E191642.274004_scanAz_slow.dat,22.0156
results2501/20250105S191643.237621E192144.682456_scanAz_slow.dat,29.0135
results2501/20250105S192145.640293E192647.082089_scanAz_slow.dat,36.3474
results2501/20250105S192648.046624E193149.485453_scanAz_slow.dat,43.6968
results2501/20250105S193150.449410E193651.893005_scanAz_slow.dat,51.5789
results2501/20250105S193652.849913E194154.297839_scanAz_slow.dat,59.0847
results2501/20250105S194155.255750E194656.701698_scanAz_slow.dat,66.5139
results2501/20250105S194657.661089E195159.105503_scanAz_slow.dat,73.9693
results2501/20250105S195200.062434E195635.587521_scanAz_slow.dat,81.8081
read results2501/20250105_210134_scanAz_slow.txt,0.0080
results2501/20250105S210135.750258E210637.324801_scanAz_slow.dat,7.9018
results2501/20250105S210638.285548E211139.726301_scanAz_slow.dat,15.4821
results2501/20250105S211140.688552E211642.130954_scanAz_slow.dat,22.7095
results2501/20250105S211643.094162E212144.534760_scanAz_slow.dat,30.3523
results2501/20250105S212145.497219E212646.942558_scanAz_slow.dat,38.6936
results2501/20250105S212647.899123E213149.344992_scanAz_slow.dat,45.4789
results2501/20250105S213150.306787E213651.750495_scanAz_slow.dat,51.8843
results2501/20250105S213652.706788E214154.154643_scanAz_slow.dat,59.4633
results2501/20250105S214155.110434E214656.557875_scanAz_slow.dat,66.8914
results2501/20250105S214657.515693E215158.961227_scanAz_slow.dat,74.0840
results2501/20250105S215159.923470E215635.442166_scanAz_slow.dat,81.9000
read results2501/20250105_220135_scanAz_slow.txt,0.0085
results2501/20250105S220136.546754E220638.094612_scanAz_slow.dat,6.5847
results2501/20250105S220639.054814E221140.494496_scanAz_slow.dat,13.1348
results2501/20250105S221141.458557E221642.902556_scanAz_slow.dat,20.6023
results2501/20250105S221643.864392E222145.305776_scanAz_slow.dat,28.1232
results2501/20250105S222146.267665E222647.707604_scanAz_slow.dat,35.6353
results2501/20250105S222648.670045E223150.113275_scanAz_slow.dat,42.6770
results2501/20250105S223151.075463E223652.517985_scanAz_slow.dat,50.1311
results2501/20250105S223653.480121E224154.920254_scanAz_slow.dat,57.4498
results2501/20250105S224155.882056E224657.324335_scanAz_slow.dat,65.2388
results2501/20250105S224658.287057E225159.731047_scanAz_slow.dat,72.5930
results2501/20250105S225200.686810E225636.210882_scanAz_slow.dat,79.8131
read results2501/20250106_010135_scanAz_slow.txt,0.0086
results2501/20250106S010136.213463E010637.758051_scanAz_slow.dat,7.6656
results2501/20250106S010638.719592E011140.162396_scanAz_slow.dat,15.1617
results2501/20250106S011141.119047E011642.564577_scanAz_slow.dat,23.0146
results2501/20250106S011643.527630E012144.968064_scanAz_slow.dat,30.5150
results2501/20250106S012145.931421E012647.376082_scanAz_slow.dat,38.2086
results2501/20250106S012648.335105E013149.779673_scanAz_slow.dat,45.8497
results2501/20250106S013150.739001E013652.179762_scanAz_slow.dat,53.2020
results2501/20250106S013653.143621E014154.583809_scanAz_slow.dat,59.9784
results2501/20250106S014155.547291E014656.989078_scanAz_slow.dat,66.8868
results2501/20250106S014657.952982E015159.396958_scanAz_slow.dat,72.9040
results2501/20250106S015200.354819E015635.875301_scanAz_slow.dat,80.3020
read results2501/20250106_020134_scanAz_slow.txt,0.0083
results2501/20250106S020136.019563E020637.565754_scanAz_slow.dat,8.2167
results2501/20250106S020638.523768E021139.970737_scanAz_slow.dat,15.6272
results2501/20250106S021140.933085E021642.376372_scanAz_slow.dat,22.8374
results2501/20250106S021643.336127E022144.779437_scanAz_slow.dat,29.8956
results2501/20250106S022145.736462E022647.183068_scanAz_slow.dat,36.9318
results2501/20250106S022648.140091E023149.588807_scanAz_slow.dat,44.2411
results2501/20250106S023150.545939E023651.990547_scanAz_slow.dat,51.4733
results2501/20250106S023652.953406E024154.396599_scanAz_slow.dat,59.2647
results2501/20250106S024155.354388E024656.798526_scanAz_slow.dat,66.7881
results2501/20250106S024657.756661E025159.204676_scanAz_slow.dat,74.5194
results2501/20250106S025200.161933E025635.684288_scanAz_slow.dat,82.1801
read results2501/20250106_030134_scanAz_slow.txt,0.0090
results2501/20250106S030135.828109E030637.373440_scanAz_slow.dat,8.0203
results2501/20250106S030638.336151E031139.780409_scanAz_slow.dat,15.7400
results2501/20250106S031140.737076E031642.184884_scanAz_slow.dat,22.9723
results2501/20250106S031643.142136E032144.585462_scanAz_slow.dat,30.1936
results2501/20250106S032145.549986E032646.993441_scanAz_slow.dat,37.9577
results2501/20250106S032647.953744E033149.396264_scanAz_slow.dat,45.7727
results2501/20250106S033150.353260E033651.801694_scanAz_slow.dat,53.1250
results2501/20250106S033652.761081E034154.202857_scanAz_slow.dat,60.2729
results2501/20250106S034155.165892E034656.607032_scanAz_slow.dat,67.8766
results2501/20250106S034657.565792E035159.014069_scanAz_slow.dat,75.2325
results2501/20250106S035159.972854E035635.493660_scanAz_slow.dat,82.4899
read results2501/20250106_050134_scanAz_slow.txt,0.0079
results2501/20250106S050135.687283E050637.232787_scanAz_slow.dat,7.3804
results2501/20250106S050638.193351E051139.637702_scanAz_slow.dat,14.3378
results2501/20250106S051140.599021E051642.042369_scanAz_slow.dat,22.1394
results2501/20250106S051642.998737E052144.444986_scanAz_slow.dat,29.5575
results2501/20250106S052145.401941E052646.846058_scanAz_slow.dat,37.2266
results2501/20250106S052647.809202E053149.251846_scanAz_slow.dat,44.3946
results2501/20250106S053150.213936E053651.657007_scanAz_slow.dat,51.8374
results2501/20250106S053652.618499E054154.063083_scanAz_slow.dat,58.9028
results2501/20250106S054155.019962E054656.463051_scanAz_slow.dat,66.4225
results2501/20250106S054657.424934E055158.867884_scanAz_slow.dat,73.1436
results2501/20250106S055159.829662E055635.352043_scanAz_slow.dat,80.3538
read results2501/20250106_060135_scanAz_slow.txt,0.0087
results2501/20250106S060136.502568E060638.049684_scanAz_slow.dat,7.0478
results2501/20250106S060639.009921E061140.449651_scanAz_slow.dat,15.2693
results2501/20250106S061141.412654E061642.855637_scanAz_slow.dat,22.4847
results2501/20250106S061643.819035E062145.260428_scanAz_slow.dat,29.4798
results2501/20250106S062146.222763E062647.667814_scanAz_slow.dat,36.1189
results2501/20250106S062648.624725E063150.068920_scanAz_slow.dat,43.0195
results2501/20250106S063151.030850E063652.473850_scanAz_slow.dat,50.9633
results2501/20250106S063653.435838E064154.880016_scanAz_slow.dat,58.5571
results2501/20250106S064155.836457E064657.280209_scanAz_slow.dat,65.7603
results2501/20250106S064658.239669E065159.687125_scanAz_slow.dat,73.5117
results2501/20250106S065200.643220E065636.166306_scanAz_slow.dat,81.7736
read results2501/20250106_070135_scanAz_slow.txt,0.0085
results2501/20250106S070136.311690E070637.858916_scanAz_slow.dat,7.5226
results2501/20250106S070638.818846E071140.262511_scanAz_slow.dat,15.0184
results2501/20250106S071141.220090E071642.662609_scanAz_slow.dat,23.1175
results2501/20250106S071643.625296E072145.067751_scanAz_slow.dat,30.7530
results2501/20250106S072146.031000E072647.472291_scanAz_slow.dat,37.7166
results2501/20250106S072648.435940E073149.875790_scanAz_slow.dat,44.7049
results2501/20250106S073150.839167E073652.283451_scanAz_slow.dat,52.1547
results2501/20250106S073653.242387E074154.687688_scanAz_slow.dat,58.9293
results2501/20250106S074155.643975E074657.088915_scanAz_slow.dat,66.1527
results2501/20250106S074658.051151E075159.491794_scanAz_slow.dat,73.3421
results2501/20250106S075200.455179E075635.975701_scanAz_slow.dat,80.8769
read results2501/20250106_090135_scanAz_slow.txt,0.0082
results2501/20250106S090136.134066E090637.663993_scanAz_slow.dat,7.2920
results2501/20250106S090638.625236E091140.070752_scanAz_slow.dat,14.6936
results2501/20250106S091141.028697E091642.476519_scanAz_slow.dat,21.9795
results2501/20250106S091643.434021E092144.880154_scanAz_slow.dat,29.8386
results2501/20250106S092145.838005E092647.280913_scanAz_slow.dat,37.9384
results2501/20250106S092648.244451E093149.686231_scanAz_slow.dat,46.0478
results2501/20250106S093150.648937E093652.088837_scanAz_slow.dat,53.3084
results2501/20250106S093653.051569E094154.494853_scanAz_slow.dat,60.2759
results2501/20250106S094155.451830E094656.897451_scanAz_slow.dat,67.4007
results2501/20250106S094657.856070E095159.302232_scanAz_slow.dat,74.3866
results2501/20250106S095200.264941E095635.784522_scanAz_slow.dat,82.4032
read results2501/20250106_100134_scanAz_slow.txt,0.0080
results2501/20250106S100135.886648E100637.425537_scanAz_slow.dat,7.1230
results2501/20250106S100638.386811E101139.831767_scanAz_slow.dat,13.8393
results2501/20250106S101140.788436E101642.234637_scanAz_slow.dat,20.8270
results2501/20250106S101643.191604E102144.638523_scanAz_slow.dat,28.4659
results2501/20250106S102145.595513E102647.042983_scanAz_slow.dat,36.1952
results2501/20250106S102648.000074E103149.443897_scanAz_slow.dat,43.6346
results2501/20250106S103150.406999E103651.849371_scanAz_slow.dat,50.6052
results2501/20250106S103652.812440E104154.251479_scanAz_slow.dat,57.2442
results2501/20250106S104155.214840E104656.655363_scanAz_slow.dat,64.7882
results2501/20250106S104657.620528E105159.063877_scanAz_slow.dat,72.7855
results2501/20250106S105200.022825E105635.543064_scanAz_slow.dat,80.0509
read results2501/20250106_110134_scanAz_slow.txt,0.0088
results2501/20250106S110135.698624E110637.233071_scanAz_slow.dat,7.2607
results2501/20250106S110638.194911E111139.637576_scanAz_slow.dat,13.8646
results2501/20250106S111140.600069E111642.039105_scanAz_slow.dat,21.2939
results2501/20250106S111643.003091E112144.446303_scanAz_slow.dat,28.7889
results2501/20250106S112145.403218E112646.852279_scanAz_slow.dat,36.3091
results2501/20250106S112647.810753E113149.251910_scanAz_slow.dat,43.2428
results2501/20250106S113150.215572E113651.658777_scanAz_slow.dat,50.6118
results2501/20250106S113652.618167E114154.062972_scanAz_slow.dat,57.7676
results2501/20250106S114155.021083E114656.466068_scanAz_slow.dat,65.4911
results2501/20250106S114657.426356E115158.870428_scanAz_slow.dat,72.5157
results2501/20250106S115159.827330E115635.351024_scanAz_slow.dat,81.0467
read results2501/20250106_130135_scanAz_slow.txt,0.0085
results2501/20250106S130136.505187E130638.049503_scanAz_slow.dat,7.1990
results2501/20250106S130639.009683E131140.454932_scanAz_slow.dat,14.7061
results2501/20250106S131141.416493E131642.859408_scanAz_slow.dat,21.9625
results2501/20250106S131643.820930E132145.260808_scanAz_slow.dat,30.0470
results2501/20250106S132146.224131E132647.669584_scanAz_slow.dat,36.8399
results2501/20250106S132648.626775E133150.068013_scanAz_slow.dat,42.7389
results2501/20250106S133151.029769E133652.476211_scanAz_slow.dat,50.3646
results2501/20250106S133653.437671E134154.881619_scanAz_slow.dat,58.3529
results2501/20250106S134155.838063E134657.281450_scanAz_slow.dat,65.5535
results2501/20250106S134658.243872E135159.684405_scanAz_slow.dat,73.1079
results2501/20250106S135200.646023E135636.167826_scanAz_slow.dat,80.5096
read results2501/20250106_140135_scanAz_slow.txt,0.0088
results2501/20250106S140136.313188E140637.857059_scanAz_slow.dat,6.8242
results2501/20250106S140638.817798E141140.261169_scanAz_slow.dat,14.2134
results2501/20250106S141141.222970E141642.666401_scanAz_slow.dat,22.1411
results2501/20250106S141643.628736E142145.073579_scanAz_slow.dat,29.9134
results2501/20250106S142146.031085E142647.477509_scanAz_slow.dat,37.4630
results2501/20250106S142648.434883E143149.880663_scanAz_slow.dat,45.3820
results2501/20250106S143150.836470E143652.280092_scanAz_slow.dat,52.5822
results2501/20250106S143653.242133E144154.686070_scanAz_slow.dat,59.5762
results2501/20250106S144155.648269E144657.093407_scanAz_slow.dat,67.4037
results2501/20250106S144658.050293E145159.498303_scanAz_slow.dat,74.8516
results2501/20250106S145200.455016E145635.976445_scanAz_slow.dat,82.4784
read results2501/20250106_150135_scanAz_slow.txt,0.0085
results2501/20250106S150136.120433E150637.670222_scanAz_slow.dat,7.7080
results2501/20250106S150638.625307E151140.073679_scanAz_slow.dat,16.8134
results2501/20250106S151141.028909E151642.473537_scanAz_slow.dat,24.0327
results2501/20250106S151643.436311E152144.879219_scanAz_slow.dat,31.9225
results2501/20250106S152145.841270E152647.286904_scanAz_slow.dat,39.6321
results2501/20250106S152648.245116E153149.686057_scanAz_slow.dat,47.1630
results2501/20250106S153150.649701E153652.091055_scanAz_slow.dat,54.2882
results2501/20250106S153653.054156E154154.495773_scanAz_slow.dat,61.6178
results2501/20250106S154155.458392E154656.902134_scanAz_slow.dat,69.1314
results2501/20250106S154657.858270E155159.306597_scanAz_slow.dat,76.5469
results2501/20250106S155200.262404E155635.785668_scanAz_slow.dat,83.7845
read results2501/20250106_170134_scanAz_slow.txt,0.0082
results2501/20250106S170135.908309E170637.480050_scanAz_slow.dat,7.8374
results2501/20250106S170638.441595E171139.884190_scanAz_slow.dat,15.0940
results2501/20250106S171140.841155E171642.290868_scanAz_slow.dat,22.4191
results2501/20250106S171643.249070E172144.692922_scanAz_slow.dat,29.8233
results2501/20250106S172145.650456E172647.095681_scanAz_slow.dat,37.1215
results2501/20250106S172648.053850E173149.499071_scanAz_slow.dat,44.5417
results2501/20250106S173150.462621E173651.907435_scanAz_slow.dat,51.7661
results2501/20250106S173652.866498E174154.310642_scanAz_slow.dat,59.2029
results2501/20250106S174155.267585E174656.712786_scanAz_slow.dat,66.8928
results2501/20250106S174657.672140E175159.117986_scanAz_slow.dat,74.4659
results2501/20250106S175200.074935E175635.597711_scanAz_slow.dat,81.6214
read results2501/20250106_180134_scanAz_slow.txt,0.0084
results2501/20250106S180135.790281E180637.333597_scanAz_slow.dat,7.3685
results2501/20250106S180638.297426E181139.741213_scanAz_slow.dat,14.2538
results2501/20250106S181140.698761E181642.146561_scanAz_slow.dat,21.3926
results2501/20250106S181643.104383E182144.550572_scanAz_slow.dat,28.9045
results2501/20250106S182145.508944E182646.954394_scanAz_slow.dat,35.9846
results2501/20250106S182647.913171E183149.358947_scanAz_slow.dat,43.4914
results2501/20250106S183150.316805E183651.761916_scanAz_slow.dat,51.3046
results2501/20250106S183652.719128E184154.161255_scanAz_slow.dat,59.1960
results2501/20250106S184155.124594E184656.570063_scanAz_slow.dat,66.3133
results2501/20250106S184657.530546E185158.974818_scanAz_slow.dat,73.8218
results2501/20250106S185159.933933E185635.455238_scanAz_slow.dat,82.3182
read results2501/20250106_190134_scanAz_slow.txt,0.0078
results2501/20250106S190135.570940E190637.189999_scanAz_slow.dat,7.0916
results2501/20250106S190638.151840E191139.597805_scanAz_slow.dat,15.1081
results2501/20250106S191140.554103E191642.000967_scanAz_slow.dat,22.0272
results2501/20250106S191642.958212E192144.406196_scanAz_slow.dat,29.4335
results2501/20250106S192145.363107E192646.805759_scanAz_slow.dat,36.6278
results2501/20250106S192647.768795E193149.210828_scanAz_slow.dat,44.2462
results2501/20250106S193150.174784E193651.613987_scanAz_slow.dat,51.3649
results2501/20250106S193652.576690E194154.018465_scanAz_slow.dat,58.4467
results2501/20250106S194154.981476E194656.422659_scanAz_slow.dat,65.8533
results2501/20250106S194657.382577E195158.829882_scanAz_slow.dat,73.5966
results2501/20250106S195159.787221E195635.312707_scanAz_slow.dat,81.7588
read results2501/20250106_210135_scanAz_slow.txt,0.0097
results2501/20250106S210136.415480E210637.962225_scanAz_slow.dat,8.2568
results2501/20250106S210638.922748E211140.365361_scanAz_slow.dat,16.5575
results2501/20250106S211141.326089E211642.767045_scanAz_slow.dat,24.1414
results2501/20250106S211643.729495E212145.175110_scanAz_slow.dat,31.3928
results2501/20250106S212146.131790E212647.575762_scanAz_slow.dat,38.9269
results2501/20250106S212648.538816E213149.979658_scanAz_slow.dat,46.7718
results2501/20250106S213150.942492E213652.383712_scanAz_slow.dat,53.8288
results2501/20250106S213653.346452E214154.791840_scanAz_slow.dat,61.3129
results2501/20250106S214155.747927E214657.195692_scanAz_slow.dat,69.2616
results2501/20250106S214658.154102E215159.598903_scanAz_slow.dat,77.0046
results2501/20250106S215200.555068E215636.078697_scanAz_slow.dat,84.6261
read results2501/20250106_220135_scanAz_slow.txt,0.0091
results2501/20250106S220136.319291E220637.866484_scanAz_slow.dat,7.5438
results2501/20250106S220638.826983E221140.269580_scanAz_slow.dat,14.9131
results2501/20250106S221141.231326E221642.671218_scanAz_slow.dat,21.9151
results2501/20250106S221643.634600E222145.075944_scanAz_slow.dat,29.8333
results2501/20250106S222146.039352E222647.484098_scanAz_slow.dat,37.1896
results2501/20250106S222648.440150E223149.882598_scanAz_slow.dat,44.8895
results2501/20250106S223150.844070E223652.288302_scanAz_slow.dat,52.1787
results2501/20250106S223653.251012E224154.693627_scanAz_slow.dat,59.9590
results2501/20250106S224155.655776E224657.097629_scanAz_slow.dat,67.3363
results2501/20250106S224658.059577E225159.501177_scanAz_slow.dat,74.5162
results2501/20250106S225200.463382E225635.984170_scanAz_slow.dat,82.5093
read results2501/20250107_010134_scanAz_slow.txt,0.0087
results2501/20250107S010135.985254E010637.533086_scanAz_slow.dat,7.2653
results2501/20250107S010638.489213E011139.935398_scanAz_slow.dat,15.2306
results2501/20250107S011140.897879E011642.337193_scanAz_slow.dat,22.6341
results2501/20250107S011643.301096E012144.745352_scanAz_slow.dat,30.1750
results2501/20250107S012145.703551E012647.147837_scanAz_slow.dat,37.5858
results2501/20250107S012648.105029E013149.553757_scanAz_slow.dat,44.7557
results2501/20250107S013150.512563E013651.956393_scanAz_slow.dat,52.3546
results2501/20250107S013652.913363E014154.359142_scanAz_slow.dat,59.1854
results2501/20250107S014155.321870E014656.766576_scanAz_slow.dat,66.8320
results2501/20250107S014657.725384E015159.169245_scanAz_slow.dat,74.2823
results2501/20250107S015200.126238E015635.651115_scanAz_slow.dat,82.3804
read results2501/20250107_020134_scanAz_slow.txt,0.0085
results2501/20250107S020135.793538E020637.338472_scanAz_slow.dat,7.5443
results2501/20250107S020638.299994E021139.747146_scanAz_slow.dat,15.3760
results2501/20250107S021140.706270E021642.148694_scanAz_slow.dat,22.9941
results2501/20250107S021643.106525E022144.554713_scanAz_slow.dat,31.1434
results2501/20250107S022145.512009E022646.957236_scanAz_slow.dat,38.7521
results2501/20250107S022647.915118E023149.362926_scanAz_slow.dat,46.2837
results2501/20250107S023150.319827E023651.766963_scanAz_slow.dat,53.2606
results2501/20250107S023652.723974E024154.172639_scanAz_slow.dat,61.1856
results2501/20250107S024155.131494E024656.572244_scanAz_slow.dat,69.2888
results2501/20250107S024657.535852E025158.975245_scanAz_slow.dat,76.8052
results2501/20250107S025159.939544E025635.460132_scanAz_slow.dat,83.9818
read results2501/20250107_030134_scanAz_slow.txt,0.0082
results2501/20250107S030135.610400E030637.151887_scanAz_slow.dat,7.1927
results2501/20250107S030638.108102E031139.555386_scanAz_slow.dat,14.0381
results2501/20250107S031140.512927E031641.959017_scanAz_slow.dat,20.8587
results2501/20250107S031642.915925E032144.364530_scanAz_slow.dat,28.4213
results2501/20250107S032145.322985E032646.767560_scanAz_slow.dat,36.0127
results2501/20250107S032647.725671E033149.171598_scanAz_slow.dat,43.1568
results2501/20250107S033150.131592E033651.575626_scanAz_slow.dat,51.1991
results2501/20250107S033652.533757E034153.979444_scanAz_slow.dat,59.1483
results2501/20250107S034154.936277E034656.379533_scanAz_slow.dat,66.8505
results2501/20250107S034657.342801E035158.783369_scanAz_slow.dat,74.5991
results2501/20250107S035159.744521E035635.268920_scanAz_slow.dat,82.2796
read results2501/20250107_050135_scanAz_slow.txt,0.0082
results2501/20250107S050136.446707E050638.015817_scanAz_slow.dat,7.3488
results2501/20250107S050638.976618E051140.421644_scanAz_slow.dat,14.4529
results2501/20250107S051141.376958E051642.821365_scanAz_slow.dat,21.2113
results2501/20250107S051643.783831E052145.230556_scanAz_slow.dat,28.8616
results2501/20250107S052146.186903E052647.633429_scanAz_slow.dat,37.2222
results2501/20250107S052648.594804E053150.033394_scanAz_slow.dat,44.7584
results2501/20250107S053150.997698E053652.442818_scanAz_slow.dat,52.0072
results2501/20250107S053653.399755E054154.845821_scanAz_slow.dat,59.5078
results2501/20250107S054155.801853E054657.246804_scanAz_slow.dat,66.9261
results2501/20250107S054658.208988E055159.653814_scanAz_slow.dat,74.6685
results2501/20250107S055200.611122E055636.134449_scanAz_slow.dat,82.0763
read results2501/20250107_060135_scanAz_slow.txt,0.0113
results2501/20250107S060136.234326E060637.776093_scanAz_slow.dat,7.5255
results2501/20250107S060638.736336E061140.178015_scanAz_slow.dat,14.7865
results2501/20250107S061141.140264E061642.586450_scanAz_slow.dat,22.5316
results2501/20250107S061643.542477E062144.986513_scanAz_slow.dat,30.1511
results2501/20250107S062145.948363E062647.394150_scanAz_slow.dat,37.5927
results2501/20250107S062648.349764E063149.793798_scanAz_slow.dat,45.2172
results2501/20250107S063150.756581E063652.198713_scanAz_slow.dat,53.0052
results2501/20250107S063653.162132E064154.604686_scanAz_slow.dat,59.5548
results2501/20250107S064155.566441E064657.007757_scanAz_slow.dat,66.7689
results2501/20250107S064657.965844E065159.415550_scanAz_slow.dat,74.5392
results2501/20250107S065200.373799E065635.896006_scanAz_slow.dat,81.8827
read results2501/20250107_070134_scanAz_slow.txt,0.0094
results2501/20250107S070136.046623E070637.582724_scanAz_slow.dat,7.4181
results2501/20250107S070638.543675E071139.991352_scanAz_slow.dat,14.8695
results2501/20250107S071140.948121E071642.393448_scanAz_slow.dat,22.4134
results2501/20250107S071643.354970E072144.798466_scanAz_slow.dat,30.5243
results2501/20250107S072145.754497E072647.199562_scanAz_slow.dat,38.5955
results2501/20250107S072648.162290E073149.605489_scanAz_slow.dat,46.6067
results2501/20250107S073150.566996E073652.007685_scanAz_slow.dat,54.2769
results2501/20250107S073652.970393E074154.414287_scanAz_slow.dat,61.7929
results2501/20250107S074155.370320E074656.818155_scanAz_slow.dat,68.9450
results2501/20250107S074657.776029E075159.221846_scanAz_slow.dat,75.7451
results2501/20250107S075200.177908E075635.701617_scanAz_slow.dat,83.6816
read results2501/20250107_090134_scanAz_slow.txt,0.0095
results2501/20250107S090135.846702E090637.392842_scanAz_slow.dat,6.7651
results2501/20250107S090638.348879E091139.796953_scanAz_slow.dat,14.2594
results2501/20250107S091140.753313E091642.200029_scanAz_slow.dat,21.7499
results2501/20250107S091643.157205E092144.604030_scanAz_slow.dat,29.4064
results2501/20250107S092145.560915E092647.006318_scanAz_slow.dat,37.3562
results2501/20250107S092647.969027E093149.409221_scanAz_slow.dat,44.7262
results2501/20250107S093150.372857E093651.816091_scanAz_slow.dat,51.7602
results2501/20250107S093652.773013E094154.222844_scanAz_slow.dat,59.4633
results2501/20250107S094155.181286E094656.625226_scanAz_slow.dat,67.0936
results2501/20250107S094657.585097E095159.029476_scanAz_slow.dat,74.9768
results2501/20250107S095159.988576E095635.510361_scanAz_slow.dat,82.4398
read results2501/20250107_100134_scanAz_slow.txt,0.0085
results2501/20250107S100135.655335E100637.198580_scanAz_slow.dat,7.3164
results2501/20250107S100638.160096E101139.602856_scanAz_slow.dat,15.2151
results2501/20250107S101140.565333E101642.007013_scanAz_slow.dat,22.6882
results2501/20250107S101642.969991E102144.412541_scanAz_slow.dat,30.1286
results2501/20250107S102145.369383E102646.817977_scanAz_slow.dat,37.8076
results2501/20250107S102647.775802E103149.218388_scanAz_slow.dat,45.7482
results2501/20250107S103150.181699E103651.624110_scanAz_slow.dat,53.1646
results2501/20250107S103652.582524E104154.026193_scanAz_slow.dat,61.1668
results2501/20250107S104154.989473E104656.430842_scanAz_slow.dat,68.7803
results2501/20250107S104657.393993E105158.838166_scanAz_slow.dat,75.8931
results2501/20250107S105159.796062E105635.318358_scanAz_slow.dat,83.1522
read results2501/20250107_110135_scanAz_slow.txt,0.0082
results2501/20250107S110136.517541E110638.064663_scanAz_slow.dat,7.6662
results2501/20250107S110639.025954E111140.469821_scanAz_slow.dat,15.4694
results2501/20250107S111141.425860E111642.874153_scanAz_slow.dat,23.0074
results2501/20250107S111643.831125E112145.278327_scanAz_slow.dat,30.3289
results2501/20250107S112146.235306E112647.679218_scanAz_slow.dat,38.0876
results2501/20250107S112648.642371E113150.082863_scanAz_slow.dat,44.9097
results2501/20250107S113151.046552E113652.491362_scanAz_slow.dat,52.0810
results2501/20250107S113653.448299E114154.893456_scanAz_slow.dat,59.6114
results2501/20250107S114155.850769E114657.294674_scanAz_slow.dat,67.0544
results2501/20250107S114658.257402E115159.700742_scanAz_slow.dat,75.1183
results2501/20250107S115200.663794E115636.184894_scanAz_slow.dat,82.7106
read results2501/20250107_130135_scanAz_slow.txt,0.0121
results2501/20250107S130136.327288E130637.872423_scanAz_slow.dat,7.4847
results2501/20250107S130638.833550E131140.277799_scanAz_slow.dat,14.6883
results2501/20250107S131141.234543E131642.683068_scanAz_slow.dat,21.8794
results2501/20250107S131643.638782E132145.083451_scanAz_slow.dat,29.4108
results2501/20250107S132146.046200E132647.490968_scanAz_slow.dat,36.6116
results2501/20250107S132648.446705E133149.895526_scanAz_slow.dat,44.5311
results2501/20250107S133150.851549E133652.299668_scanAz_slow.dat,51.7961
results2501/20250107S133653.257118E134154.704061_scanAz_slow.dat,59.3072
results2501/20250107S134155.663254E134657.107335_scanAz_slow.dat,66.6062
results2501/20250107S134658.064575E135159.512526_scanAz_slow.dat,74.0001
results2501/20250107S135200.470197E135635.992815_scanAz_slow.dat,80.5753
read results2501/20250107_140135_scanAz_slow.txt,0.0091
results2501/20250107S140136.141317E140637.679747_scanAz_slow.dat,8.3136
results2501/20250107S140638.641771E141140.084284_scanAz_slow.dat,16.2023
results2501/20250107S141141.046515E141642.492002_scanAz_slow.dat,23.2462
results2501/20250107S141643.448377E142144.896025_scanAz_slow.dat,30.5037
results2501/20250107S142145.851983E142647.299309_scanAz_slow.dat,37.7097
results2501/20250107S142648.261292E143149.703561_scanAz_slow.dat,44.8203
results2501/20250107S143150.665504E143652.105889_scanAz_slow.dat,52.2183
results2501/20250107S143653.064494E144154.513313_scanAz_slow.dat,59.9806
results2501/20250107S144155.474049E144656.913713_scanAz_slow.dat,67.5887
results2501/20250107S144657.875874E145159.318678_scanAz_slow.dat,75.2322
results2501/20250107S145200.280862E145635.801602_scanAz_slow.dat,82.7895
read results2501/20250107_150134_scanAz_slow.txt,0.0083
results2501/20250107S150135.945635E150637.489725_scanAz_slow.dat,7.7436
results2501/20250107S150638.449970E151139.894526_scanAz_slow.dat,15.3346
results2501/20250107S151140.855809E151642.299965_scanAz_slow.dat,23.2947
results2501/20250107S151643.262750E152144.704288_scanAz_slow.dat,30.9030
results2501/20250107S152145.666597E152647.109786_scanAz_slow.dat,38.5077
results2501/20250107S152648.068574E153149.515652_scanAz_slow.dat,45.6242
results2501/20250107S153150.473210E153651.916310_scanAz_slow.dat,52.7305
results2501/20250107S153652.879073E154154.324287_scanAz_slow.dat,60.4551
results2501/20250107S154155.283465E154656.725024_scanAz_slow.dat,68.0967
results2501/20250107S154657.687741E155159.132149_scanAz_slow.dat,75.8005
results2501/20250107S155200.087894E155635.612889_scanAz_slow.dat,83.1729
read results2501/20250107_170134_scanAz_slow.txt,0.0098
results2501/20250107S170135.735609E170637.305453_scanAz_slow.dat,7.4193
results2501/20250107S170638.267689E171139.707037_scanAz_slow.dat,14.8673
results2501/20250107S171140.670688E171642.110818_scanAz_slow.dat,21.7932
results2501/20250107S171643.075082E172144.516697_scanAz_slow.dat,30.0544
results2501/20250107S172145.479952E172646.921467_scanAz_slow.dat,37.0443
results2501/20250107S172647.884182E173149.328322_scanAz_slow.dat,44.5203
results2501/20250107S173150.287718E173651.730702_scanAz_slow.dat,52.3010
results2501/20250107S173652.687682E174154.134981_scanAz_slow.dat,60.0727
results2501/20250107S174155.091887E174656.536921_scanAz_slow.dat,67.4290
results2501/20250107S174657.500545E175158.940563_scanAz_slow.dat,75.3714
results2501/20250107S175159.903650E175635.423415_scanAz_slow.dat,82.1372
read results2501/20250107_180135_scanAz_slow.txt,0.0059
results2501/20250107S180136.527349E180638.074675_scanAz_slow.dat,7.2696
results2501/20250107S180639.036484E181140.478371_scanAz_slow.dat,14.8690
results2501/20250107S181141.440501E181642.880141_scanAz_slow.dat,22.4942
results2501/20250107S181643.844076E182145.288059_scanAz_slow.dat,30.4221
results2501/20250107S182146.245047E182647.692007_scanAz_slow.dat,37.8357
results2501/20250107S182648.648962E183150.092085_scanAz_slow.dat,45.2480
results2501/20250107S183151.056473E183652.498243_scanAz_slow.dat,52.5607
results2501/20250107S183653.456085E184154.904229_scanAz_slow.dat,59.8587
results2501/20250107S184155.861752E184657.305085_scanAz_slow.dat,67.0797
results2501/20250107S184658.268075E185159.713357_scanAz_slow.dat,74.1486
results2501/20250107S185200.672185E185636.192131_scanAz_slow.dat,81.6485
read results2501/20250107_190135_scanAz_slow.txt,0.0082
results2501/20250107S190136.336301E190637.880065_scanAz_slow.dat,7.7770
results2501/20250107S190638.843007E191140.284046_scanAz_slow.dat,15.3527
results2501/20250107S191141.247152E191642.693066_scanAz_slow.dat,22.7272
results2501/20250107S191643.650703E192145.094910_scanAz_slow.dat,30.2643
results2501/20250107S192146.051852E192647.499902_scanAz_slow.dat,37.5375
results2501/20250107S192648.457134E193149.901999_scanAz_slow.dat,44.6589
results2501/20250107S193150.860686E193652.303761_scanAz_slow.dat,52.0973
results2501/20250107S193653.267976E194154.710687_scanAz_slow.dat,59.3223
results2501/20250107S194155.673400E194657.116348_scanAz_slow.dat,66.6427
results2501/20250107S194658.074805E195159.516196_scanAz_slow.dat,74.2269
results2501/20250107S195200.480373E195636.001476_scanAz_slow.dat,81.5863
read results2501/20250107_210135_scanAz_slow.txt,0.0093
results2501/20250107S210136.117415E210637.691079_scanAz_slow.dat,7.7795
results2501/20250107S210638.651461E211140.093699_scanAz_slow.dat,14.6882
results2501/20250107S211141.056521E211642.501675_scanAz_slow.dat,22.3578
results2501/20250107S211643.458033E212144.901158_scanAz_slow.dat,29.2018
results2501/20250107S212145.863335E212647.310654_scanAz_slow.dat,36.4417
results2501/20250107S212648.267650E213149.714094_scanAz_slow.dat,44.0874
results2501/20250107S213150.670129E213652.119185_scanAz_slow.dat,51.5369
results2501/20250107S213653.075562E214154.520117_scanAz_slow.dat,59.6310
results2501/20250107S214155.482219E214656.922074_scanAz_slow.dat,67.3099
results2501/20250107S214657.884471E215159.328154_scanAz_slow.dat,74.4073
results2501/20250107S215200.291007E215635.809910_scanAz_slow.dat,81.0384
read results2501/20250107_220134_scanAz_slow.txt,0.0082
results2501/20250107S220135.910365E220637.450895_scanAz_slow.dat,7.3945
results2501/20250107S220638.411141E221139.854928_scanAz_slow.dat,15.0725
results2501/20250107S221140.815714E221642.261254_scanAz_slow.dat,22.3869
results2501/20250107S221643.223088E222144.665342_scanAz_slow.dat,30.0843
results2501/20250107S222145.626942E222647.067996_scanAz_slow.dat,37.6948
results2501/20250107S222648.030708E223149.474378_scanAz_slow.dat,45.4656
results2501/20250107S223150.430456E223651.878897_scanAz_slow.dat,53.2779
results2501/20250107S223652.834669E224154.282759_scanAz_slow.dat,61.4119
results2501/20250107S224155.238747E224656.683074_scanAz_slow.dat,68.4743
results2501/20250107S224657.646468E225159.089678_scanAz_slow.dat,76.2719
results2501/20250107S225200.051620E225635.571777_scanAz_slow.dat,83.0747
read results2501/20250108_010135_scanAz_slow.txt,0.0083
results2501/20250108S010136.579723E010638.125791_scanAz_slow.dat,7.4875
results2501/20250108S010639.087020E011140.580521_scanAz_slow.dat,14.3731
results2501/20250108S011141.538421E011642.983923_scanAz_slow.dat,22.1959
results2501/20250108S011643.943605E012145.388164_scanAz_slow.dat,29.6875
results2501/20250108S012146.345623E012647.787690_scanAz_slow.dat,37.5562
results2501/20250108S012648.752187E013150.197021_scanAz_slow.dat,44.6858
results2501/20250108S013151.156394E013652.595946_scanAz_slow.dat,52.8659
results2501/20250108S013653.560427E014155.005140_scanAz_slow.dat,59.9921
results2501/20250108S014155.963997E014657.407488_scanAz_slow.dat,67.6733
results2501/20250108S014658.365336E015159.809908_scanAz_slow.dat,74.5861
results2501/20250108S015200.773559E015636.293731_scanAz_slow.dat,81.5729
read results2501/20250108_020135_scanAz_slow.txt,0.0083
results2501/20250108S020136.392881E020637.936482_scanAz_slow.dat,7.9167
results2501/20250108S020638.897756E021140.337353_scanAz_slow.dat,15.2946
results2501/20250108S021141.299560E021642.741971_scanAz_slow.dat,23.3942
results2501/20250108S021643.704953E022145.146857_scanAz_slow.dat,30.9751
results2501/20250108S022146.110099E022647.551615_scanAz_slow.dat,38.0517
results2501/20250108S022648.514267E023149.958012_scanAz_slow.dat,45.5266
results2501/20250108S023150.916234E023652.359832_scanAz_slow.dat,53.3927
results2501/20250108S023653.322565E024154.765147_scanAz_slow.dat,61.2721
results2501/20250108S024155.722056E024657.169139_scanAz_slow.dat,69.3240
results2501/20250108S024658.126047E025159.574015_scanAz_slow.dat,76.3883
results2501/20250108S025200.532286E025636.053412_scanAz_slow.dat,83.6096
read results2501/20250108_030135_scanAz_slow.txt,0.0090
results2501/20250108S030136.197283E030637.742700_scanAz_slow.dat,7.3438
results2501/20250108S030638.704236E031140.148013_scanAz_slow.dat,15.0231
results2501/20250108S031141.110479E031642.550719_scanAz_slow.dat,22.7118
results2501/20250108S031643.514404E032144.958391_scanAz_slow.dat,30.2782
results2501/20250108S032145.916945E032647.358925_scanAz_slow.dat,38.0559
results2501/20250108S032648.322828E033149.767456_scanAz_slow.dat,45.2987
results2501/20250108S033150.725608E033652.167238_scanAz_slow.dat,53.0748
results2501/20250108S033653.130290E034154.574060_scanAz_slow.dat,60.7030
results2501/20250108S034155.531417E034656.979796_scanAz_slow.dat,68.1625
results2501/20250108S034657.937643E035159.383786_scanAz_slow.dat,75.9093
results2501/20250108S035200.341010E035635.864259_scanAz_slow.dat,84.0041
read results2501/20250108_050134_scanAz_slow.txt,0.0083
results2501/20250108S050136.030831E050637.602110_scanAz_slow.dat,7.7454
results2501/20250108S050638.561973E051140.009241_scanAz_slow.dat,15.0136
results2501/20250108S051140.964505E051642.409522_scanAz_slow.dat,23.1319
results2501/20250108S051643.372592E052144.812749_scanAz_slow.dat,30.4945
results2501/20250108S052145.774629E052647.219462_scanAz_slow.dat,37.4614
results2501/20250108S052648.181513E053149.625322_scanAz_slow.dat,45.3504
results2501/20250108S053150.581061E053652.030474_scanAz_slow.dat,53.1888
results2501/20250108S053652.989044E054154.430814_scanAz_slow.dat,60.4736
results2501/20250108S054155.392641E054656.838391_scanAz_slow.dat,68.2916
results2501/20250108S054657.795425E055159.242820_scanAz_slow.dat,75.9575
results2501/20250108S055200.199245E055635.722124_scanAz_slow.dat,82.8998
read results2501/20250108_060134_scanAz_slow.txt,0.0082
results2501/20250108S060135.817211E060637.362862_scanAz_slow.dat,7.4326
results2501/20250108S060638.323183E061139.770317_scanAz_slow.dat,15.0260
results2501/20250108S061140.727457E061642.173939_scanAz_slow.dat,22.4236
results2501/20250108S061643.130636E062144.573642_scanAz_slow.dat,29.1115
results2501/20250108S062145.536068E062646.981931_scanAz_slow.dat,36.5296
results2501/20250108S062647.938322E063149.387310_scanAz_slow.dat,43.9381
results2501/20250108S063150.343524E063651.787672_scanAz_slow.dat,51.2777
results2501/20250108S063652.750078E064154.195553_scanAz_slow.dat,58.4255
results2501/20250108S064155.151644E064656.596607_scanAz_slow.dat,65.8010
results2501/20250108S064657.554502E065159.003635_scanAz_slow.dat,73.5446
results2501/20250108S065159.959707E065635.483489_scanAz_slow.dat,81.3940
read results2501/20250108_070134_scanAz_slow.txt,0.0086
results2501/20250108S070135.674846E070637.220073_scanAz_slow.dat,7.5739
results2501/20250108S070638.180932E071139.625017_scanAz_slow.dat,14.6913
results2501/20250108S071140.586419E071642.031102_scanAz_slow.dat,21.9957
results2501/20250108S071642.987765E072144.435212_scanAz_slow.dat,29.4096
results2501/20250108S072145.391302E072646.835466_scanAz_slow.dat,36.3497
results2501/20250108S072647.798435E073149.240362_scanAz_slow.dat,43.8456
results2501/20250108S073150.203535E073651.645961_scanAz_slow.dat,51.6204
results2501/20250108S073652.607568E074154.046732_scanAz_slow.dat,58.5891
results2501/20250108S074155.009244E074656.453146_scanAz_slow.dat,65.9116
results2501/20250108S074657.415603E075158.859129_scanAz_slow.dat,73.3314
results2501/20250108S075159.815569E075635.339789_scanAz_slow.dat,80.9804
read results2501/20250108_090135_scanAz_slow.txt,0.0087
results2501/20250108S090136.492242E090638.039463_scanAz_slow.dat,7.3119
results2501/20250108S090638.997264E091140.442462_scanAz_slow.dat,14.1922
results2501/20250108S091141.398845E091642.847584_scanAz_slow.dat,21.2621
results2501/20250108S091643.806808E092145.252110_scanAz_slow.dat,29.0663
results2501/20250108S092146.209026E092647.654158_scanAz_slow.dat,37.2146
results2501/20250108S092648.611527E093150.055446_scanAz_slow.dat,45.1814
results2501/20250108S093151.018408E093652.459530_scanAz_slow.dat,52.9243
results2501/20250108S093653.424264E094154.868950_scanAz_slow.dat,60.2685
results2501/20250108S094155.826532E094657.268051_scanAz_slow.dat,67.3274
results2501/20250108S094658.232041E095159.674285_scanAz_slow.dat,75.0125
results2501/20250108S095200.631558E095636.156315_scanAz_slow.dat,82.4179
read results2501/20250108_100135_scanAz_slow.txt,0.0082
results2501/20250108S100136.251526E100637.799086_scanAz_slow.dat,7.3590
results2501/20250108S100638.760615E101140.202509_scanAz_slow.dat,15.0166
results2501/20250108S101141.165228E101642.609445_scanAz_slow.dat,21.8892
results2501/20250108S101643.566708E102145.009385_scanAz_slow.dat,30.0878
results2501/20250108S102145.972382E102647.414100_scanAz_slow.dat,37.4832
results2501/20250108S102648.372225E103149.821612_scanAz_slow.dat,45.2095
results2501/20250108S103150.780699E103652.223507_scanAz_slow.dat,52.2461
results2501/20250108S103653.180762E104154.629305_scanAz_slow.dat,59.5264
results2501/20250108S104155.586201E104657.033149_scanAz_slow.dat,69.1992
results2501/20250108S104657.991910E105159.437239_scanAz_slow.dat,76.9289
results2501/20250108S105200.394224E105635.917019_scanAz_slow.dat,84.5527
read results2501/20250108_110134_scanAz_slow.txt,0.0083
results2501/20250108S110136.060439E110637.608349_scanAz_slow.dat,7.7270
results2501/20250108S110638.569618E111140.013630_scanAz_slow.dat,14.7505
results2501/20250108S111140.971769E111642.418198_scanAz_slow.dat,21.9550
results2501/20250108S111643.375787E112144.822939_scanAz_slow.dat,29.5107
results2501/20250108S112145.781101E112647.226987_scanAz_slow.dat,36.7341
results2501/20250108S112648.186027E113149.630080_scanAz_slow.dat,43.8217
results2501/20250108S113150.587933E113652.032788_scanAz_slow.dat,50.5830
results2501/20250108S113652.990058E114154.437028_scanAz_slow.dat,56.0930
results2501/20250108S114155.393969E114656.842375_scanAz_slow.dat,63.6429
results2501/20250108S114657.800766E115159.246415_scanAz_slow.dat,70.9689
results2501/20250108S115200.203750E115635.725893_scanAz_slow.dat,78.2190
read results2501/20250108_130134_scanAz_slow.txt,0.0082
results2501/20250108S130135.931796E130637.462729_scanAz_slow.dat,7.0123
results2501/20250108S130638.423661E131139.868514_scanAz_slow.dat,13.8482
results2501/20250108S131140.829234E131642.275735_scanAz_slow.dat,21.7253
results2501/20250108S131643.231922E132144.675217_scanAz_slow.dat,29.1078
results2501/20250108S132145.637560E132647.080041_scanAz_slow.dat,36.1807
results2501/20250108S132648.042071E133149.486197_scanAz_slow.dat,44.5891
results2501/20250108S133150.447981E133651.890929_scanAz_slow.dat,51.9931
results2501/20250108S133652.848146E134154.293105_scanAz_slow.dat,59.0357
results2501/20250108S134155.254951E134656.695467_scanAz_slow.dat,66.2080
results2501/20250108S134657.659716E135159.102879_scanAz_slow.dat,73.7379
results2501/20250108S135200.064425E135635.583693_scanAz_slow.dat,81.3434
read results2501/20250108_140134_scanAz_slow.txt,0.0131
results2501/20250108S140135.726522E140637.272620_scanAz_slow.dat,7.0275
results2501/20250108S140638.233094E141139.678143_scanAz_slow.dat,13.5201
results2501/20250108S141140.639501E141642.079969_scanAz_slow.dat,19.8135
results2501/20250108S141643.042970E142144.487819_scanAz_slow.dat,27.6421
results2501/20250108S142145.444167E142646.893100_scanAz_slow.dat,34.9434
results2501/20250108S142647.850322E143149.296725_scanAz_slow.dat,42.7069
results2501/20250108S143150.253401E143651.700924_scanAz_slow.dat,50.0404
results2501/20250108S143652.660063E144154.104291_scanAz_slow.dat,58.1959
results2501/20250108S144155.061484E144656.509475_scanAz_slow.dat,64.8875
results2501/20250108S144657.467841E145158.911799_scanAz_slow.dat,72.0195
results2501/20250108S145159.873830E145635.393653_scanAz_slow.dat,80.0547
read results2501/20250108_150135_scanAz_slow.txt,0.0079
results2501/20250108S150136.544206E150638.093302_scanAz_slow.dat,7.8869
results2501/20250108S150639.053248E151140.497123_scanAz_slow.dat,15.7947
results2501/20250108S151141.453507E151642.900663_scanAz_slow.dat,23.0491
results2501/20250108S151643.856420E152145.303562_scanAz_slow.dat,31.0927
results2501/20250108S152146.265960E152647.706107_scanAz_slow.dat,38.5009
results2501/20250108S152648.667870E153150.113830_scanAz_slow.dat,46.3744
results2501/20250108S153151.070256E153652.514356_scanAz_slow.dat,54.3117
results2501/20250108S153653.477158E154154.921047_scanAz_slow.dat,61.8281
results2501/20250108S154155.882773E154657.324268_scanAz_slow.dat,69.1840
results2501/20250108S154658.281545E155159.729710_scanAz_slow.dat,76.9224
results2501/20250108S155200.685815E155636.209273_scanAz_slow.dat,84.1646
read results2501/20250108_170135_scanAz_slow.txt,0.0087
results2501/20250108S170136.355687E170637.900894_scanAz_slow.dat,8.5482
results2501/20250108S170638.862476E171140.302542_scanAz_slow.dat,16.2389
results2501/20250108S171141.265279E171642.709056_scanAz_slow.dat,23.2138
results2501/20250108S171643.666016E172145.111766_scanAz_slow.dat,30.5995
results2501/20250108S172146.074374E172647.516028_scanAz_slow.dat,37.5860
results2501/20250108S172648.478771E173149.922553_scanAz_slow.dat,45.1995
results2501/20250108S173150.879785E173652.327410_scanAz_slow.dat,53.0276
results2501/20250108S173653.285158E174154.727648_scanAz_slow.dat,61.0329
results2501/20250108S174155.691829E174657.134403_scanAz_slow.dat,68.5303
results2501/20250108S174658.093482E175159.534316_scanAz_slow.dat,75.4161
results2501/20250108S175200.497022E175636.019035_scanAz_slow.dat,83.2139
read results2501/20250108_180135_scanAz_slow.txt,0.0083
results2501/20250108S180136.163624E180637.710979_scanAz_slow.dat,7.7464
results2501/20250108S180638.666912E181140.115214_scanAz_slow.dat,15.6282
results2501/20250108S181141.072753E181642.518942_scanAz_slow.dat,22.9934
results2501/20250108S181643.476685E182144.921078_scanAz_slow.dat,30.6595
results2501/20250108S182145.884029E182647.324130_scanAz_slow.dat,38.8943
results2501/20250108S182648.287155E183149.728700_scanAz_slow.dat,46.7537
results2501/20250108S183150.692342E183652.131310_scanAz_slow.dat,54.5529
results2501/20250108S183653.095797E184154.536715_scanAz_slow.dat,61.8602
results2501/20250108S184155.500160E184656.941246_scanAz_slow.dat,68.7771
results2501/20250108S184657.899462E185159.343657_scanAz_slow.dat,76.0137
results2501/20250108S185200.307614E185635.827453_scanAz_slow.dat,83.0224
read results2501/20250108_190134_scanAz_slow.txt,0.0080
results2501/20250108S190135.972045E190637.520327_scanAz_slow.dat,7.8825
results2501/20250108S190638.477214E191139.919744_scanAz_slow.dat,14.9686
results2501/20250108S191140.883167E191642.323220_scanAz_slow.dat,22.2406
results2501/20250108S191643.287506E192144.730002_scanAz_slow.dat,29.3541
results2501/20250108S192145.687176E192647.132388_scanAz_slow.dat,36.7568
results2501/20250108S192648.095774E193149.537870_scanAz_slow.dat,43.7760
results2501/20250108S193150.495498E193651.944133_scanAz_slow.dat,51.1744
results2501/20250108S193652.902612E194155.066847_scanAz_slow.dat,58.6279
results2501/20250108S194156.024375E194657.470101_scanAz_slow.dat,65.8736
results2501/20250108S194658.427003E195159.871991_scanAz_slow.dat,73.3916
results2501/20250108S195200.834708E195635.395403_scanAz_slow.dat,80.8446
read results2501/20250108_210134_scanAz_slow.txt,0.0083
results2501/20250108S210135.789851E210637.327059_scanAz_slow.dat,7.5272
results2501/20250108S210638.286952E211139.732669_scanAz_slow.dat,15.3095
results2501/20250108S211140.689965E211642.134330_scanAz_slow.dat,23.1205
results2501/20250108S211643.096105E212144.535939_scanAz_slow.dat,31.1493
results2501/20250108S212145.497715E212646.943304_scanAz_slow.dat,38.5909
results2501/20250108S212647.904707E213149.345685_scanAz_slow.dat,46.0770
results2501/20250108S213150.307313E213651.750839_scanAz_slow.dat,53.3882
results2501/20250108S213652.712320E214154.153930_scanAz_slow.dat,60.5583
results2501/20250108S214155.115525E214656.555419_scanAz_slow.dat,67.9192
results2501/20250108S214657.518149E215158.963422_scanAz_slow.dat,75.5775
results2501/20250108S215159.924947E215635.445477_scanAz_slow.dat,83.1564
read results2501/20250108_220135_scanAz_slow.txt,0.0084
results2501/20250108S220136.596055E220638.141168_scanAz_slow.dat,7.0780
results2501/20250108S220639.101925E221140.548534_scanAz_slow.dat,14.4582
results2501/20250108S221141.506229E221642.953002_scanAz_slow.dat,22.7664
results2501/20250108S221643.910044E222145.353225_scanAz_slow.dat,30.3692
results2501/20250108S222146.315714E222647.757157_scanAz_slow.dat,38.0815
results2501/20250108S222648.718934E223150.159619_scanAz_slow.dat,45.4425
results2501/20250108S223151.121038E223652.567718_scanAz_slow.dat,53.3801
results2501/20250108S223653.524672E224154.970609_scanAz_slow.dat,60.7464
results2501/20250108S224155.927223E224657.372728_scanAz_slow.dat,68.4685
results2501/20250108S224658.335484E225159.780329_scanAz_slow.dat,75.5725
results2501/20250108S225200.736754E225636.259911_scanAz_slow.dat,83.1291
read results2501/20250109_010135_scanAz_slow.txt,0.0082
results2501/20250109S010136.314420E010637.853363_scanAz_slow.dat,7.9034
results2501/20250109S010638.814606E011140.256696_scanAz_slow.dat,15.3151
results2501/20250109S011141.219462E011642.661823_scanAz_slow.dat,22.6611
results2501/20250109S011643.624790E012145.070225_scanAz_slow.dat,30.3171
results2501/20250109S012146.027463E012647.470240_scanAz_slow.dat,37.9007
results2501/20250109S012648.433275E013149.875992_scanAz_slow.dat,44.9592
results2501/20250109S013150.833470E013652.281542_scanAz_slow.dat,52.4446
results2501/20250109S013653.239971E014154.681145_scanAz_slow.dat,60.4128
results2501/20250109S014155.644623E014657.089492_scanAz_slow.dat,68.2730
results2501/20250109S014658.047364E015159.492079_scanAz_slow.dat,75.9553
results2501/20250109S015200.449964E015635.973031_scanAz_slow.dat,83.7033
read results2501/20250109_020135_scanAz_slow.txt,0.0080
results2501/20250109S020136.117303E020637.664517_scanAz_slow.dat,7.5119
results2501/20250109S020638.620559E021140.067333_scanAz_slow.dat,15.1275
results2501/20250109S021141.030067E021642.473016_scanAz_slow.dat,22.9021
results2501/20250109S021643.430235E022144.878083_scanAz_slow.dat,30.5710
results2501/20250109S022145.836532E022647.282447_scanAz_slow.dat,37.6490
results2501/20250109S022648.241506E023149.683056_scanAz_slow.dat,44.9546
results2501/20250109S023150.647028E023652.089203_scanAz_slow.dat,52.6497
results2501/20250109S023653.047041E024154.496334_scanAz_slow.dat,60.7869
results2501/20250109S024155.456357E024656.897396_scanAz_slow.dat,67.7061
results2501/20250109S024657.856779E025159.304921_scanAz_slow.dat,74.4543
results2501/20250109S025200.262224E025635.784660_scanAz_slow.dat,82.1868
read results2501/20250109_030134_scanAz_slow.txt,0.0086
results2501/20250109S030135.937374E030637.472332_scanAz_slow.dat,7.8212
results2501/20250109S030638.433834E031139.880720_scanAz_slow.dat,15.5501
results2501/20250109S031140.838987E031642.283487_scanAz_slow.dat,22.7659
results2501/20250109S031643.240402E032144.688472_scanAz_slow.dat,30.5229
results2501/20250109S032145.646007E032647.092569_scanAz_slow.dat,37.9088
results2501/20250109S032648.049482E033149.491582_scanAz_slow.dat,45.0793
results2501/20250109S033150.456056E033651.898084_scanAz_slow.dat,52.5145
results2501/20250109S033652.855679E034154.299515_scanAz_slow.dat,60.0022
results2501/20250109S034155.263448E034656.703364_scanAz_slow.dat,67.6822
results2501/20250109S034657.665328E035159.107042_scanAz_slow.dat,75.2244
results2501/20250109S035200.071343E035635.591754_scanAz_slow.dat,82.5661
read results2501/20250109_050134_scanAz_slow.txt,0.0082
results2501/20250109S050135.800561E050637.371306_scanAz_slow.dat,7.1202
results2501/20250109S050638.331494E051139.774842_scanAz_slow.dat,14.2839
results2501/20250109S051140.737972E051642.180442_scanAz_slow.dat,21.7702
results2501/20250109S051643.143145E052144.585277_scanAz_slow.dat,29.1665
results2501/20250109S052145.547037E052646.990959_scanAz_slow.dat,36.6991
results2501/20250109S052647.947040E053149.395705_scanAz_slow.dat,43.9628
results2501/20250109S053150.352294E053651.798593_scanAz_slow.dat,51.5644
results2501/20250109S053652.754582E054154.200554_scanAz_slow.dat,59.2991
results2501/20250109S054155.162985E054656.605257_scanAz_slow.dat,66.5162
results2501/20250109S054657.562141E055159.010147_scanAz_slow.dat,73.6499
results2501/20250109S055159.966490E055635.490355_scanAz_slow.dat,81.4419
read results2501/20250109_060135_scanAz_slow.txt,0.0083
results2501/20250109S060136.601773E060638.141303_scanAz_slow.dat,7.3793
results2501/20250109S060639.101786E061140.542901_scanAz_slow.dat,15.1664
results2501/20250109S061141.503849E061642.946070_scanAz_slow.dat,22.8907
results2501/20250109S061643.908978E062145.349496_scanAz_slow.dat,30.4124
results2501/20250109S062146.312055E062647.757205_scanAz_slow.dat,38.2829
results2501/20250109S062648.713579E063150.161921_scanAz_slow.dat,46.1541
results2501/20250109S063151.118717E063652.561267_scanAz_slow.dat,53.9158
results2501/20250109S063653.524153E064154.966835_scanAz_slow.dat,61.9639
results2501/20250109S064155.929301E064657.373745_scanAz_slow.dat,70.2018
results2501/20250109S064658.331091E065159.775626_scanAz_slow.dat,77.5200
results2501/20250109S065200.737546E065636.256526_scanAz_slow.dat,84.9939
read results2501/20250109_070135_scanAz_slow.txt,0.0061
results2501/20250109S070136.400338E070637.944018_scanAz_slow.dat,7.7742
results2501/20250109S070638.904211E071140.347539_scanAz_slow.dat,15.2303
results2501/20250109S071141.309750E071642.753669_scanAz_slow.dat,22.2616
results2501/20250109S071643.716415E072145.157976_scanAz_slow.dat,29.8476
results2501/20250109S072146.120419E072647.560875_scanAz_slow.dat,37.2340
results2501/20250109S072648.523624E073149.967781_scanAz_slow.dat,45.1201
results2501/20250109S073150.924063E073652.368744_scanAz_slow.dat,52.2363
results2501/20250109S073653.331766E074154.773474_scanAz_slow.dat,59.9571
results2501/20250109S074155.735431E074657.178213_scanAz_slow.dat,67.6439
results2501/20250109S074658.136340E075159.581700_scanAz_slow.dat,75.2683
results2501/20250109S075200.543837E075636.063213_scanAz_slow.dat,83.0302
read results2501/20250109_090135_scanAz_slow.txt,0.0080
results2501/20250109S090136.254501E090637.799433_scanAz_slow.dat,7.8030
results2501/20250109S090638.761425E091140.202658_scanAz_slow.dat,15.5451
results2501/20250109S091141.164449E091642.606523_scanAz_slow.dat,22.4904
results2501/20250109S091643.570073E092145.010818_scanAz_slow.dat,30.5108
results2501/20250109S092145.975022E092647.417249_scanAz_slow.dat,38.2140
results2501/20250109S092648.374166E093149.820301_scanAz_slow.dat,45.9873
results2501/20250109S093150.783325E093652.226871_scanAz_slow.dat,53.3381
results2501/20250109S093653.184367E094154.629528_scanAz_slow.dat,60.8863
results2501/20250109S094155.586410E094657.030971_scanAz_slow.dat,68.3913
results2501/20250109S094657.990835E095159.435597_scanAz_slow.dat,75.6507
results2501/20250109S095200.398916E095635.918829_scanAz_slow.dat,83.4769
read results2501/20250109_100134_scanAz_slow.txt,0.0085
results2501/20250109S100136.061309E100637.605290_scanAz_slow.dat,7.7718
results2501/20250109S100638.568220E101140.013014_scanAz_slow.dat,14.9643
results2501/20250109S101140.970639E101642.413715_scanAz_slow.dat,22.5201
results2501/20250109S101643.377635E102144.820736_scanAz_slow.dat,30.2646
results2501/20250109S102145.778301E102647.225167_scanAz_slow.dat,37.8892
results2501/20250109S102648.182076E103149.624912_scanAz_slow.dat,45.0678
results2501/20250109S103150.587933E103652.034051_scanAz_slow.dat,52.8042
results2501/20250109S103652.991371E104154.437152_scanAz_slow.dat,60.7329
results2501/20250109S104155.394361E104656.842581_scanAz_slow.dat,68.2579
results2501/20250109S104657.797727E105159.246669_scanAz_slow.dat,75.1024
results2501/20250109S105200.204503E105635.725474_scanAz_slow.dat,82.5040
read results2501/20250109_110134_scanAz_slow.txt,0.0091
results2501/20250109S110135.891260E110637.464761_scanAz_slow.dat,7.3306
results2501/20250109S110638.420220E111139.867051_scanAz_slow.dat,14.7352
results2501/20250109S111140.828938E111642.268812_scanAz_slow.dat,22.0907
results2501/20250109S111643.231887E112144.676740_scanAz_slow.dat,29.1732
results2501/20250109S112145.633700E112647.078775_scanAz_slow.dat,37.3027
results2501/20250109S112648.037551E113149.480702_scanAz_slow.dat,44.9669
results2501/20250109S113150.444916E113651.886467_scanAz_slow.dat,52.1424
results2501/20250109S113652.849755E114154.288822_scanAz_slow.dat,60.0377
results2501/20250109S114155.251551E114656.694278_scanAz_slow.dat,68.0595
results2501/20250109S114657.658146E115159.101905_scanAz_slow.dat,75.8019
results2501/20250109S115200.059126E115635.580025_scanAz_slow.dat,83.8137
read results2501/20250109_130134_scanAz_slow.txt,0.0085
results2501/20250109S130135.697064E130637.271457_scanAz_slow.dat,7.5696
results2501/20250109S130638.231317E131139.677080_scanAz_slow.dat,15.4764
results2501/20250109S131140.633896E131642.079840_scanAz_slow.dat,22.7724
results2501/20250109S131643.035862E132144.482897_scanAz_slow.dat,30.4533
results2501/20250109S132145.444409E132646.885656_scanAz_slow.dat,37.9179
results2501/20250109S132647.847139E133149.288790_scanAz_slow.dat,45.2419
results2501/20250109S133150.250848E133651.695231_scanAz_slow.dat,53.0128
results2501/20250109S133652.656556E134154.096390_scanAz_slow.dat,60.7518
results2501/20250109S134155.057857E134656.504472_scanAz_slow.dat,68.6255
results2501/20250109S134657.461648E135158.904776_scanAz_slow.dat,76.4222
results2501/20250109S135159.867277E135635.387022_scanAz_slow.dat,84.1645
read results2501/20250109_140135_scanAz_slow.txt,0.0097
results2501/20250109S140136.492403E140638.036630_scanAz_slow.dat,7.1301
results2501/20250109S140638.997132E141140.444225_scanAz_slow.dat,14.2086
results2501/20250109S141141.400708E141642.846616_scanAz_slow.dat,22.0594
results2501/20250109S141643.803211E142145.249622_scanAz_slow.dat,29.4790
results2501/20250109S142146.211737E142647.654868_scanAz_slow.dat,37.4190
results2501/20250109S142648.610997E143150.058342_scanAz_slow.dat,45.3582
results2501/20250109S143151.015088E143652.460457_scanAz_slow.dat,53.0596
results2501/20250109S143653.423002E144154.866089_scanAz_slow.dat,60.3919
results2501/20250109S144155.827674E144657.266692_scanAz_slow.dat,67.8793
results2501/20250109S144658.229277E145159.674519_scanAz_slow.dat,75.7383
results2501/20250109S145200.630827E145636.154723_scanAz_slow.dat,82.9395
read results2501/20250109_150135_scanAz_slow.txt,0.0091
results2501/20250109S150136.299484E150637.843186_scanAz_slow.dat,7.5719
results2501/20250109S150638.804632E151140.250136_scanAz_slow.dat,14.9027
results2501/20250109S151141.205967E151642.653696_scanAz_slow.dat,22.6072
results2501/20250109S151643.615148E152145.055463_scanAz_slow.dat,30.2518
results2501/20250109S152146.018235E152647.458032_scanAz_slow.dat,37.5538
results2501/20250109S152648.419826E153149.864560_scanAz_slow.dat,45.3190
results2501/20250109S153150.826348E153652.266569_scanAz_slow.dat,53.2181
results2501/20250109S153653.229866E154154.669434_scanAz_slow.dat,61.0592
results2501/20250109S154155.632434E154657.076768_scanAz_slow.dat,68.5631
results2501/20250109S154658.033753E155159.478786_scanAz_slow.dat,76.1165
results2501/20250109S155200.441549E155635.962199_scanAz_slow.dat,83.4907
read results2501/20250109_170135_scanAz_slow.txt,0.0121
results2501/20250109S170136.118692E170637.650121_scanAz_slow.dat,7.2490
results2501/20250109S170638.611697E171140.056357_scanAz_slow.dat,14.6883
results2501/20250109S171141.014562E171642.455238_scanAz_slow.dat,21.9436
results2501/20250109S171643.418561E172144.862132_scanAz_slow.dat,29.6570
results2501/20250109S172145.819021E172647.266207_scanAz_slow.dat,37.1152
results2501/20250109S172648.223112E173149.672049_scanAz_slow.dat,44.3152
results2501/20250109S173150.630461E173652.071063_scanAz_slow.dat,52.2512
results2501/20250109S173653.034964E174154.478575_scanAz_slow.dat,59.8821
results2501/20250109S174155.435523E174656.881181_scanAz_slow.dat,66.9002
results2501/20250109S174657.839971E175159.286473_scanAz_slow.dat,74.2533
results2501/20250109S175200.244958E175635.767975_scanAz_slow.dat,81.9589
read results2501/20250109_180134_scanAz_slow.txt,0.0157
results2501/20250109S180135.919170E180637.455948_scanAz_slow.dat,7.6889
results2501/20250109S180638.417951E181139.861127_scanAz_slow.dat,15.5295
results2501/20250109S181140.823677E181642.264308_scanAz_slow.dat,22.9544
results2501/20250109S181643.227975E182144.671765_scanAz_slow.dat,29.7608
results2501/20250109S182145.629269E182647.072482_scanAz_slow.dat,37.0886
results2501/20250109S182648.036465E183149.480430_scanAz_slow.dat,44.4419
results2501/20250109S183150.438646E183651.881914_scanAz_slow.dat,52.6133
results2501/20250109S183652.844624E184154.288336_scanAz_slow.dat,60.3824
results2501/20250109S184155.246128E184656.690547_scanAz_slow.dat,68.0698
results2501/20250109S184657.649001E185159.095299_scanAz_slow.dat,75.1794
results2501/20250109S185200.052203E185635.575600_scanAz_slow.dat,82.5000
read results2501/20250109_190134_scanAz_slow.txt,0.0180
results2501/20250109S190135.719181E190637.268252_scanAz_slow.dat,7.8619
results2501/20250109S190638.224484E191139.668719_scanAz_slow.dat,15.4023
results2501/20250109S191140.631792E191642.075897_scanAz_slow.dat,22.9774
results2501/20250109S191643.033028E192144.477121_scanAz_slow.dat,30.4884
results2501/20250109S192145.440447E192646.882097_scanAz_slow.dat,37.5859
results2501/20250109S192647.840248E193149.283226_scanAz_slow.dat,45.1068
results2501/20250109S193150.245956E193651.690165_scanAz_slow.dat,53.1075
results2501/20250109S193652.653181E194154.096229_scanAz_slow.dat,60.3709
results2501/20250109S194155.053793E194656.497592_scanAz_slow.dat,67.8049
results2501/20250109S194657.460906E195158.905387_scanAz_slow.dat,75.8226
results2501/20250109S195159.864434E195635.384809_scanAz_slow.dat,83.0953
read results2501/20250109_210135_scanAz_slow.txt,0.0084
results2501/20250109S210136.544940E210638.082519_scanAz_slow.dat,7.6834
results2501/20250109S210639.042440E211140.483065_scanAz_slow.dat,15.0424
results2501/20250109S211141.445859E211642.890067_scanAz_slow.dat,23.1229
results2501/20250109S211643.852123E212145.291458_scanAz_slow.dat,30.4211
results2501/20250109S212146.253219E212647.696568_scanAz_slow.dat,37.4866
results2501/20250109S212648.658371E213150.102203_scanAz_slow.dat,44.4929
results2501/20250109S213151.059191E213652.506927_scanAz_slow.dat,52.2875
results2501/20250109S213653.466531E214154.909515_scanAz_slow.dat,59.4136
results2501/20250109S214155.871449E214657.314327_scanAz_slow.dat,65.7240
results2501/20250109S214658.276816E215159.720006_scanAz_slow.dat,73.0869
results2501/20250109S215200.675823E215636.199991_scanAz_slow.dat,80.9468
read results2501/20250109_220135_scanAz_slow.txt,0.0085
results2501/20250109S220136.391156E220637.937108_scanAz_slow.dat,8.0335
results2501/20250109S220638.898286E221140.339830_scanAz_slow.dat,15.2690
results2501/20250109S221141.301357E221642.747557_scanAz_slow.dat,22.6247
results2501/20250109S221643.703405E222145.150492_scanAz_slow.dat,30.4237
results2501/20250109S222146.111970E222647.554441_scanAz_slow.dat,37.9492
results2501/20250109S222648.511643E223149.959420_scanAz_slow.dat,45.3457
results2501/20250109S223150.915195E223652.359893_scanAz_slow.dat,51.9829
results2501/20250109S223653.323557E224154.768249_scanAz_slow.dat,59.4384
results2501/20250109S224155.724762E224657.168792_scanAz_slow.dat,67.0651
results2501/20250109S224658.127465E225159.575313_scanAz_slow.dat,73.6375
results2501/20250109S225200.531219E225636.054661_scanAz_slow.dat,81.3192
read results2501/20250110_010135_scanAz_slow.txt,0.0084
results2501/20250110S010136.079934E010637.650160_scanAz_slow.dat,6.6846
results2501/20250110S010638.611725E011140.055904_scanAz_slow.dat,13.8791
results2501/20250110S011141.014633E011642.456581_scanAz_slow.dat,21.6242
results2501/20250110S011643.414490E012144.863771_scanAz_slow.dat,28.7258
results2501/20250110S012145.820639E012647.267437_scanAz_slow.dat,36.4610
results2501/20250110S012648.224390E013149.672455_scanAz_slow.dat,44.1278
results2501/20250110S013150.629688E013652.075698_scanAz_slow.dat,51.9438
results2501/20250110S013653.034462E014154.480090_scanAz_slow.dat,59.5504
results2501/20250110S014155.437943E014656.884050_scanAz_slow.dat,67.0673
results2501/20250110S014657.843133E015159.286311_scanAz_slow.dat,73.8212
results2501/20250110S015200.248985E015635.768519_scanAz_slow.dat,81.1395
read results2501/20250110_020134_scanAz_slow.txt,0.0084
results2501/20250110S020135.865064E020637.407620_scanAz_slow.dat,7.3101
results2501/20250110S020638.369125E021139.815964_scanAz_slow.dat,14.9177
results2501/20250110S021140.773447E021642.220032_scanAz_slow.dat,22.9847
results2501/20250110S021643.177611E022144.623410_scanAz_slow.dat,30.5448
results2501/20250110S022145.580541E022647.028280_scanAz_slow.dat,38.2844
results2501/20250110S022647.985487E023149.428482_scanAz_slow.dat,45.9821
results2501/20250110S023150.391816E023651.835978_scanAz_slow.dat,53.5893
results2501/20250110S023652.796530E024154.237877_scanAz_slow.dat,61.0990
results2501/20250110S024155.195657E024656.644735_scanAz_slow.dat,69.1302
results2501/20250110S024657.602310E025159.047892_scanAz_slow.dat,76.7049
results2501/20250110S025200.005767E025635.528426_scanAz_slow.dat,84.7193
read results2501/20250110_030134_scanAz_slow.txt,0.0090
results2501/20250110S030135.671441E030637.217745_scanAz_slow.dat,7.4975
results2501/20250110S030638.179653E031139.621178_scanAz_slow.dat,15.5095
results2501/20250110S031140.584556E031642.028466_scanAz_slow.dat,22.9523
results2501/20250110S031642.987804E032144.429579_scanAz_slow.dat,30.2256
results2501/20250110S032145.392580E032646.836249_scanAz_slow.dat,37.5580
results2501/20250110S032647.796254E033149.238845_scanAz_slow.dat,45.2960
results2501/20250110S033150.196159E033651.645239_scanAz_slow.dat,53.1511
results2501/20250110S033652.603099E034154.049752_scanAz_slow.dat,60.0648
results2501/20250110S034155.008528E034656.452902_scanAz_slow.dat,67.6773
results2501/20250110S034657.412593E035158.852457_scanAz_slow.dat,75.6959
results2501/20250110S035159.816710E035635.337106_scanAz_slow.dat,83.0061
read results2501/20250110_050135_scanAz_slow.txt,0.0102
results2501/20250110S050136.448817E050637.986982_scanAz_slow.dat,7.2127
results2501/20250110S050638.947188E051140.391655_scanAz_slow.dat,15.8219
results2501/20250110S051141.352286E051642.796914_scanAz_slow.dat,23.1965
results2501/20250110S051643.753866E052145.196745_scanAz_slow.dat,30.4490
results2501/20250110S052146.159834E052647.605311_scanAz_slow.dat,37.6042
results2501/20250110S052648.561888E053150.005852_scanAz_slow.dat,44.7252
results2501/20250110S053150.967761E053652.412939_scanAz_slow.dat,52.5403
results2501/20250110S053653.369896E054154.813869_scanAz_slow.dat,60.3560
results2501/20250110S054155.775506E054657.217117_scanAz_slow.dat,67.6885
results2501/20250110S054658.176834E055159.624456_scanAz_slow.dat,74.9885
results2501/20250110S055200.585932E055636.106373_scanAz_slow.dat,82.1987
read results2501/20250110_060135_scanAz_slow.txt,0.0084
results2501/20250110S060136.255254E060637.793147_scanAz_slow.dat,7.9595
results2501/20250110S060638.753070E061140.201778_scanAz_slow.dat,15.7118
results2501/20250110S061141.158861E061642.601047_scanAz_slow.dat,23.4148
results2501/20250110S061643.562877E062145.005406_scanAz_slow.dat,31.3237
results2501/20250110S062145.967177E062647.410766_scanAz_slow.dat,38.5196
results2501/20250110S062648.372905E063149.813153_scanAz_slow.dat,45.8161
results2501/20250110S063150.775639E063652.217208_scanAz_slow.dat,53.3741
results2501/20250110S063653.179973E064154.621333_scanAz_slow.dat,61.2456
results2501/20250110S064155.583059E064657.027863_scanAz_slow.dat,68.2409
results2501/20250110S064657.985435E065159.430434_scanAz_slow.dat,75.1389
results2501/20250110S065200.393294E065635.912989_scanAz_slow.dat,82.1926
read results2501/20250110_070135_scanAz_slow.txt,0.0086
results2501/20250110S070136.068671E070637.600123_scanAz_slow.dat,7.1674
results2501/20250110S070638.560968E071140.005082_scanAz_slow.dat,14.3203
results2501/20250110S071140.967789E071642.410124_scanAz_slow.dat,21.7187
results2501/20250110S071643.372885E072144.812258_scanAz_slow.dat,29.1735
results2501/20250110S072145.774965E072647.217061_scanAz_slow.dat,36.9307
results2501/20250110S072648.180400E073149.621935_scanAz_slow.dat,44.7078
results2501/20250110S073150.584382E073652.026835_scanAz_slow.dat,51.6676
results2501/20250110S073652.988668E074154.432316_scanAz_slow.dat,58.7492
results2501/20250110S074155.388027E074656.832702_scanAz_slow.dat,66.0202
results2501/20250110S074657.795440E075159.240104_scanAz_slow.dat,71.9131
results2501/20250110S075200.197128E075635.720469_scanAz_slow.dat,79.4351
read results2501/20250110_090134_scanAz_slow.txt,0.0087
results2501/20250110S090135.865123E090637.411479_scanAz_slow.dat,7.0046
results2501/20250110S090638.367650E091139.815680_scanAz_slow.dat,13.7326
results2501/20250110S091140.773207E091642.221121_scanAz_slow.dat,21.1869
results2501/20250110S091643.180166E092144.621588_scanAz_slow.dat,29.3491
results2501/20250110S092145.584827E092647.025932_scanAz_slow.dat,36.1804
results2501/20250110S092647.989514E093149.428530_scanAz_slow.dat,43.7382
results2501/20250110S093150.392793E093651.832368_scanAz_slow.dat,51.5797
results2501/20250110S093652.796642E094154.241682_scanAz_slow.dat,59.5451
results2501/20250110S094155.199566E094656.644930_scanAz_slow.dat,67.2619
results2501/20250110S094657.604481E095159.049230_scanAz_slow.dat,75.2302
results2501/20250110S095200.006752E095635.528498_scanAz_slow.dat,82.5717
read results2501/20250110_100134_scanAz_slow.txt,0.0083
results2501/20250110S100135.694246E100637.267353_scanAz_slow.dat,8.1068
results2501/20250110S100638.229462E101139.672417_scanAz_slow.dat,15.6777
results2501/20250110S101140.629120E101642.076822_scanAz_slow.dat,22.5765
results2501/20250110S101643.034652E102144.480859_scanAz_slow.dat,29.9534
results2501/20250110S102145.438056E102646.880313_scanAz_slow.dat,37.2802
results2501/20250110S102647.843375E103149.283616_scanAz_slow.dat,44.5577
results2501/20250110S103150.246928E103651.692937_scanAz_slow.dat,51.4990
results2501/20250110S103652.650150E104154.096238_scanAz_slow.dat,59.2446
results2501/20250110S104155.053228E104656.501907_scanAz_slow.dat,66.8331
results2501/20250110S104657.460062E105158.905375_scanAz_slow.dat,73.9756
results2501/20250110S105159.863299E105635.384117_scanAz_slow.dat,81.4529
read results2501/20250110_110135_scanAz_slow.txt,0.0079
results2501/20250110S110136.536253E110638.082210_scanAz_slow.dat,7.1375
results2501/20250110S110639.044275E111140.489781_scanAz_slow.dat,14.7334
results2501/20250110S111141.446186E111642.893756_scanAz_slow.dat,22.0269
results2501/20250110S111643.851631E112145.295136_scanAz_slow.dat,29.9363
results2501/20250110S112146.257877E112647.701448_scanAz_slow.dat,37.3510
results2501/20250110S112648.660224E113150.101482_scanAz_slow.dat,44.9606
results2501/20250110S113151.066027E113652.507215_scanAz_slow.dat,52.8911
results2501/20250110S113653.469980E114154.909701_scanAz_slow.dat,59.5999
results2501/20250110S114155.874269E114657.314849_scanAz_slow.dat,66.7053
results2501/20250110S114658.274419E115159.719482_scanAz_slow.dat,73.9283
results2501/20250110S115200.682194E115636.201446_scanAz_slow.dat,81.8192
read results2501/20250110_130135_scanAz_slow.txt,0.0082
results2501/20250110S130136.395391E130637.940422_scanAz_slow.dat,6.8535
results2501/20250110S130638.901833E131140.345748_scanAz_slow.dat,13.8249
results2501/20250110S131141.306796E131642.751226_scanAz_slow.dat,21.2017
results2501/20250110S131643.707880E132145.151203_scanAz_slow.dat,28.3589
results2501/20250110S132146.114542E132647.559399_scanAz_slow.dat,35.6396
results2501/20250110S132648.516012E133149.963602_scanAz_slow.dat,42.8401
results2501/20250110S133150.921094E133652.364521_scanAz_slow.dat,50.2622
results2501/20250110S133653.327576E134154.770241_scanAz_slow.dat,57.8772
results2501/20250110S134155.732401E134657.172529_scanAz_slow.dat,65.4713
results2501/20250110S134658.136368E135159.576575_scanAz_slow.dat,73.0142
results2501/20250110S135200.539100E135636.059809_scanAz_slow.dat,80.8279
read results2501/20250110_140135_scanAz_slow.txt,0.0085
results2501/20250110S140136.208956E140637.748869_scanAz_slow.dat,7.6970
results2501/20250110S140638.708790E141140.155331_scanAz_slow.dat,15.4342
results2501/20250110S141141.116320E141642.555448_scanAz_slow.dat,22.8783
results2501/20250110S141643.519493E142144.961356_scanAz_slow.dat,30.3140
results2501/20250110S142145.923745E142647.364248_scanAz_slow.dat,37.2065
results2501/20250110S142648.327686E143149.769853_scanAz_slow.dat,44.5293
results2501/20250110S143150.731362E143652.175154_scanAz_slow.dat,51.8752
results2501/20250110S143653.136903E144154.578307_scanAz_slow.dat,59.6178
results2501/20250110S144155.540433E144656.981771_scanAz_slow.dat,67.8841
results2501/20250110S144657.940918E145159.387240_scanAz_slow.dat,75.5282
results2501/20250110S145200.349127E145635.869835_scanAz_slow.dat,83.2623
read results2501/20250110_150135_scanAz_slow.txt,0.0085
results2501/20250110S150136.080468E150637.654457_scanAz_slow.dat,7.6327
results2501/20250110S150638.614397E151140.059310_scanAz_slow.dat,14.6287
results2501/20250110S151141.020579E151642.466911_scanAz_slow.dat,22.0637
results2501/20250110S151643.424236E152144.867487_scanAz_slow.dat,30.0001
results2501/20250110S152145.830074E152647.272395_scanAz_slow.dat,36.3184
results2501/20250110S152648.235143E153149.675400_scanAz_slow.dat,43.2704
results2501/20250110S153150.638484E153652.082623_scanAz_slow.dat,50.3109
results2501/20250110S153653.039224E154154.485428_scanAz_slow.dat,57.7113
results2501/20250110S154155.447643E154656.888908_scanAz_slow.dat,65.0477
results2501/20250110S154657.848730E155159.291013_scanAz_slow.dat,71.7767
results2501/20250110S155200.253179E155635.774984_scanAz_slow.dat,79.6351
read results2501/20250110_170134_scanAz_slow.txt,0.0084
results2501/20250110S170135.920573E170637.468546_scanAz_slow.dat,7.1224
results2501/20250110S170638.424042E171139.870617_scanAz_slow.dat,14.6816
results2501/20250110S171140.833061E171642.274615_scanAz_slow.dat,22.3764
results2501/20250110S171643.231606E172144.675782_scanAz_slow.dat,29.5923
results2501/20250110S172145.638456E172647.080567_scanAz_slow.dat,37.4553
results2501/20250110S172648.043323E173149.484579_scanAz_slow.dat,44.9837
results2501/20250110S173150.448229E173651.887667_scanAz_slow.dat,52.8012
results2501/20250110S173652.850661E174154.294830_scanAz_slow.dat,60.0475
results2501/20250110S174155.251830E174656.695634_scanAz_slow.dat,67.6454
results2501/20250110S174657.658659E175159.101206_scanAz_slow.dat,74.5283
results2501/20250110S175200.064010E175635.585210_scanAz_slow.dat,81.9438
read results2501/20250110_180134_scanAz_slow.txt,0.0062
results2501/20250110S180135.728297E180637.271450_scanAz_slow.dat,7.4485
results2501/20250110S180638.233782E181139.679097_scanAz_slow.dat,14.4359
results2501/20250110S181140.635438E181642.084766_scanAz_slow.dat,21.6668
results2501/20250110S181643.042644E182144.487955_scanAz_slow.dat,28.6605
results2501/20250110S182145.445217E182646.892329_scanAz_slow.dat,36.1269
results2501/20250110S182647.850195E183149.296272_scanAz_slow.dat,43.6936
results2501/20250110S183150.254422E183651.698114_scanAz_slow.dat,51.4180
results2501/20250110S183652.655469E184154.100112_scanAz_slow.dat,58.8927
results2501/20250110S184155.064123E184656.506212_scanAz_slow.dat,66.4420
results2501/20250110S184657.464318E185158.913799_scanAz_slow.dat,74.2196
results2501/20250110S185159.870726E185635.392363_scanAz_slow.dat,81.1510
read results2501/20250110_190135_scanAz_slow.txt,0.0083
results2501/20250110S190136.545967E190638.092864_scanAz_slow.dat,7.1712
results2501/20250110S190639.049022E191140.496241_scanAz_slow.dat,14.7764
results2501/20250110S191141.458109E191642.901539_scanAz_slow.dat,21.3746
results2501/20250110S191643.858782E192145.302660_scanAz_slow.dat,29.7912
results2501/20250110S192146.266237E192647.705286_scanAz_slow.dat,36.6593
results2501/20250110S192648.668307E193150.113886_scanAz_slow.dat,43.8177
results2501/20250110S193151.071096E193653.522938_scanAz_slow.dat,51.1216
results2501/20250110S193654.482966E194155.930850_scanAz_slow.dat,57.8618
results2501/20250110S194156.888130E194658.331582_scanAz_slow.dat,65.1901
results2501/20250110S194659.291012E195200.738021_scanAz_slow.dat,73.4054
results2501/20250110S195201.695661E195636.260316_scanAz_slow.dat,80.9139
read results2501/20250110_210135_scanAz_slow.txt,0.0083
results2501/20250110S210136.363676E210637.902988_scanAz_slow.dat,7.3989
results2501/20250110S210638.863238E211140.304893_scanAz_slow.dat,14.8657
results2501/20250110S211141.264807E211642.709094_scanAz_slow.dat,22.2514
results2501/20250110S211643.671860E212145.114971_scanAz_slow.dat,29.2975
results2501/20250110S212146.076690E212647.517239_scanAz_slow.dat,36.7678
results2501/20250110S212648.480310E213149.921481_scanAz_slow.dat,43.7489
results2501/20250110S213150.884237E213652.328704_scanAz_slow.dat,51.8412
results2501/20250110S213653.286796E214154.734732_scanAz_slow.dat,58.8722
results2501/20250110S214155.691751E214657.139139_scanAz_slow.dat,65.6376
results2501/20250110S214658.097388E215159.541400_scanAz_slow.dat,72.4254
results2501/20250110S215200.502994E215636.023067_scanAz_slow.dat,79.8266
read results2501/20250110_220135_scanAz_slow.txt,0.0085
results2501/20250110S220136.173432E220637.712894_scanAz_slow.dat,7.7575
results2501/20250110S220638.673693E221140.116069_scanAz_slow.dat,15.6623
results2501/20250110S221141.077144E221642.521294_scanAz_slow.dat,22.8188
results2501/20250110S221643.483109E222144.923651_scanAz_slow.dat,29.9072
results2501/20250110S222145.885394E222647.327034_scanAz_slow.dat,37.2400
results2501/20250110S222648.290129E223149.735964_scanAz_slow.dat,44.9058
results2501/20250110S223150.692675E223652.134730_scanAz_slow.dat,52.7623
results2501/20250110S223653.096176E224154.544055_scanAz_slow.dat,60.4038
results2501/20250110S224155.501878E224656.944535_scanAz_slow.dat,67.5645
results2501/20250110S224657.906387E225159.350202_scanAz_slow.dat,74.3468
results2501/20250110S225200.311762E225635.830472_scanAz_slow.dat,81.8888
read results2501/20250111_010134_scanAz_slow.txt,0.0083
results2501/20250111S010135.881950E010637.428085_scanAz_slow.dat,7.6339
results2501/20250111S010638.389653E011139.833872_scanAz_slow.dat,14.1788
results2501/20250111S011140.790206E011642.234207_scanAz_slow.dat,21.4581
results2501/20250111S011643.197500E012144.641339_scanAz_slow.dat,28.6567
results2501/20250111S012145.598589E012647.044373_scanAz_slow.dat,36.0419
results2501/20250111S012648.007013E013149.449082_scanAz_slow.dat,43.3327
results2501/20250111S013150.406041E013651.851708_scanAz_slow.dat,51.2781
results2501/20250111S013652.814685E014154.257154_scanAz_slow.dat,58.7662
results2501/20250111S014155.214154E014656.662602_scanAz_slow.dat,66.8798
results2501/20250111S014657.621652E015159.066059_scanAz_slow.dat,73.9613
results2501/20250111S015200.023947E015635.545738_scanAz_slow.dat,80.5459
read results2501/20250111_020134_scanAz_slow.txt,0.0130
results2501/20250111S020135.694089E020637.233846_scanAz_slow.dat,7.1140
results2501/20250111S020638.195660E021139.641010_scanAz_slow.dat,13.8399
results2501/20250111S021140.603170E021642.042646_scanAz_slow.dat,21.0769
results2501/20250111S021643.006345E022144.450922_scanAz_slow.dat,28.3263
results2501/20250111S022145.407870E022646.851829_scanAz_slow.dat,35.6085
results2501/20250111S022647.815554E023149.259675_scanAz_slow.dat,42.8026
results2501/20250111S023150.217220E023651.660287_scanAz_slow.dat,50.0659
results2501/20250111S023652.623687E024154.068058_scanAz_slow.dat,58.1341
results2501/20250111S024155.026096E024656.472366_scanAz_slow.dat,65.8407
results2501/20250111S024657.430598E025158.871822_scanAz_slow.dat,73.3358
results2501/20250111S025159.836118E025635.356990_scanAz_slow.dat,80.9618
read results2501/20250111_030135_scanAz_slow.txt,0.0132
results2501/20250111S030136.522878E030638.054256_scanAz_slow.dat,6.8909
results2501/20250111S030639.015812E031140.456971_scanAz_slow.dat,14.0870
results2501/20250111S031141.419503E031642.861054_scanAz_slow.dat,21.5253
results2501/20250111S031643.825056E032145.265765_scanAz_slow.dat,29.1678
results2501/20250111S032146.229061E032647.670517_scanAz_slow.dat,36.7544
results2501/20250111S032648.633543E033150.077662_scanAz_slow.dat,44.7587
results2501/20250111S033151.035843E033652.480802_scanAz_slow.dat,52.2232
results2501/20250111S033653.438653E034154.884770_scanAz_slow.dat,59.6894
results2501/20250111S034155.842014E034657.288955_scanAz_slow.dat,66.6717
results2501/20250111S034658.246240E035159.690394_scanAz_slow.dat,74.1525
results2501/20250111S035200.653438E035636.172762_scanAz_slow.dat,82.2848
read results2501/20250111_050135_scanAz_slow.txt,0.0095
results2501/20250111S050136.318320E050637.862363_scanAz_slow.dat,7.5231
results2501/20250111S050638.823099E051140.270350_scanAz_slow.dat,15.0443
results2501/20250111S051141.231022E051642.674854_scanAz_slow.dat,22.6050
results2501/20250111S051643.632417E052145.080081_scanAz_slow.dat,29.5537
results2501/20250111S052146.037982E052647.479838_scanAz_slow.dat,36.8143
results2501/20250111S052648.443147E053149.887702_scanAz_slow.dat,44.2309
results2501/20250111S053150.844631E053652.291865_scanAz_slow.dat,51.3785
results2501/20250111S053653.249177E054154.695842_scanAz_slow.dat,58.9786
results2501/20250111S054155.651707E054657.099504_scanAz_slow.dat,66.9500
results2501/20250111S054658.060942E055159.504534_scanAz_slow.dat,73.9172
results2501/20250111S055200.461503E055635.985186_scanAz_slow.dat,81.2895
read results2501/20250111_060135_scanAz_slow.txt,0.0084
results2501/20250111S060136.128737E060637.675492_scanAz_slow.dat,7.8543
results2501/20250111S060638.636587E061140.078292_scanAz_slow.dat,15.2946
results2501/20250111S061141.040809E061642.485797_scanAz_slow.dat,22.6302
results2501/20250111S061643.443101E062144.885021_scanAz_slow.dat,30.3408
results2501/20250111S062145.846822E062647.293599_scanAz_slow.dat,37.8166
results2501/20250111S062648.249985E063149.698457_scanAz_slow.dat,45.5450
results2501/20250111S063150.654834E063652.102577_scanAz_slow.dat,52.7995
results2501/20250111S063653.059063E064154.506018_scanAz_slow.dat,60.5107
results2501/20250111S064155.462028E064656.910120_scanAz_slow.dat,67.8442
results2501/20250111S064657.871644E065159.314441_scanAz_slow.dat,75.7790
results2501/20250111S065200.271804E065635.793833_scanAz_slow.dat,83.1005
read results2501/20250111_070134_scanAz_slow.txt,0.0082
results2501/20250111S070135.943081E070637.486358_scanAz_slow.dat,7.8215
results2501/20250111S070638.446625E071139.891816_scanAz_slow.dat,15.5290
results2501/20250111S071140.850077E071642.292734_scanAz_slow.dat,22.5051
results2501/20250111S071643.255538E072145.709042_scanAz_slow.dat,30.2165
results2501/20250111S072146.665999E072648.112350_scanAz_slow.dat,37.1679
results2501/20250111S072649.069627E073150.513670_scanAz_slow.dat,44.6451
results2501/20250111S073151.476774E073652.919664_scanAz_slow.dat,52.2503
results2501/20250111S073653.881037E074155.321302_scanAz_slow.dat,59.5261
results2501/20250111S074156.283841E074657.726568_scanAz_slow.dat,67.0822
results2501/20250111S074658.689558E075200.130133_scanAz_slow.dat,74.1206
results2501/20250111S075201.091950E075635.654446_scanAz_slow.dat,81.7996
read results2501/20250111_090134_scanAz_slow.txt,0.0089
results2501/20250111S090135.774920E090637.345221_scanAz_slow.dat,7.6470
results2501/20250111S090638.301240E091139.748140_scanAz_slow.dat,15.2212
results2501/20250111S091140.704490E091642.150402_scanAz_slow.dat,22.8828
results2501/20250111S091643.113360E092144.557719_scanAz_slow.dat,30.4333
results2501/20250111S092145.515872E092646.959689_scanAz_slow.dat,37.7230
results2501/20250111S092647.916941E093149.365602_scanAz_slow.dat,44.5503
results2501/20250111S093150.324972E093651.765897_scanAz_slow.dat,51.9875
results2501/20250111S093652.728991E094154.169598_scanAz_slow.dat,59.8414
results2501/20250111S094155.133238E094656.578042_scanAz_slow.dat,67.1221
results2501/20250111S094657.535028E095158.976721_scanAz_slow.dat,75.1674
results2501/20250111S095159.939581E095635.462119_scanAz_slow.dat,83.3188
read results2501/20250111_100135_scanAz_slow.txt,0.0082
results2501/20250111S100136.567720E100638.111810_scanAz_slow.dat,7.5675
results2501/20250111S100639.073673E101140.517484_scanAz_slow.dat,14.8910
results2501/20250111S101141.474385E101642.919842_scanAz_slow.dat,22.5990
results2501/20250111S101643.876842E102145.322474_scanAz_slow.dat,29.6628
results2501/20250111S102146.285650E102647.728986_scanAz_slow.dat,37.4286
results2501/20250111S102648.686055E103150.133788_scanAz_slow.dat,44.7827
results2501/20250111S103151.091175E103652.534212_scanAz_slow.dat,52.1060
results2501/20250111S103653.497129E104154.938152_scanAz_slow.dat,60.0410
results2501/20250111S104155.900868E104657.341052_scanAz_slow.dat,67.7388
results2501/20250111S104658.304375E105159.748798_scanAz_slow.dat,75.1156
results2501/20250111S105200.706359E105636.230901_scanAz_slow.dat,82.5347
read results2501/20250111_110135_scanAz_slow.txt,0.0081
results2501/20250111S110136.392212E110637.968927_scanAz_slow.dat,6.9320
results2501/20250111S110638.930221E111140.373313_scanAz_slow.dat,14.3174
results2501/20250111S111141.329509E111642.775762_scanAz_slow.dat,21.6001
results2501/20250111S111643.739059E112145.179435_scanAz_slow.dat,29.2208
results2501/20250111S112146.142396E112647.587149_scanAz_slow.dat,37.1175
results2501/20250111S112648.546255E113149.986422_scanAz_slow.dat,44.9269
results2501/20250111S113150.950339E113652.394952_scanAz_slow.dat,52.2421
results2501/20250111S113653.353454E114154.794551_scanAz_slow.dat,59.0636
results2501/20250111S114155.758232E114657.198993_scanAz_slow.dat,66.8261
results2501/20250111S114658.162619E115159.606388_scanAz_slow.dat,74.8063
results2501/20250111S115200.563414E115636.086418_scanAz_slow.dat,81.4878
read results2501/20250111_130135_scanAz_slow.txt,0.0059
results2501/20250111S130136.191382E130637.728357_scanAz_slow.dat,7.4122
results2501/20250111S130638.688632E131140.134061_scanAz_slow.dat,13.7875
results2501/20250111S131141.095078E131642.537925_scanAz_slow.dat,21.4426
results2501/20250111S131643.499572E132144.943522_scanAz_slow.dat,29.5876
results2501/20250111S132145.900261E132647.345509_scanAz_slow.dat,36.7411
results2501/20250111S132648.307340E133149.751822_scanAz_slow.dat,42.9092
results2501/20250111S133150.713326E133652.152235_scanAz_slow.dat,49.5264
results2501/20250111S133653.115331E134154.561365_scanAz_slow.dat,56.1917
results2501/20250111S134155.520116E134656.964423_scanAz_slow.dat,63.5249
results2501/20250111S134657.921054E135159.370222_scanAz_slow.dat,70.5715
results2501/20250111S135200.328132E135635.849160_scanAz_slow.dat,78.7044
read results2501/20250111_140134_scanAz_slow.txt,0.0082
results2501/20250111S140135.993593E140637.542221_scanAz_slow.dat,7.4531
results2501/20250111S140638.502469E141139.942591_scanAz_slow.dat,14.6283
results2501/20250111S141140.903917E141642.348213_scanAz_slow.dat,22.1365
results2501/20250111S141643.305424E142144.754070_scanAz_slow.dat,29.5209
results2501/20250111S142145.709875E142647.155828_scanAz_slow.dat,36.5563
results2501/20250111S142648.118210E143149.559553_scanAz_slow.dat,43.1744
results2501/20250111S143150.521912E143651.963378_scanAz_slow.dat,50.2615
results2501/20250111S143652.926736E144154.371765_scanAz_slow.dat,57.2651
results2501/20250111S144155.328171E144656.772741_scanAz_slow.dat,64.4868
results2501/20250111S144657.736359E145159.176411_scanAz_slow.dat,71.2496
results2501/20250111S145200.138850E145635.659838_scanAz_slow.dat,78.4184
read results2501/20250111_150134_scanAz_slow.txt,0.0092
results2501/20250111S150135.824766E150637.397475_scanAz_slow.dat,7.4241
results2501/20250111S150638.358328E151139.804321_scanAz_slow.dat,15.3693
results2501/20250111S151140.765307E151642.205371_scanAz_slow.dat,22.6761
results2501/20250111S151643.167192E152144.610162_scanAz_slow.dat,30.2342
results2501/20250111S152145.572297E152647.018083_scanAz_slow.dat,37.8386
results2501/20250111S152647.974434E153149.422445_scanAz_slow.dat,44.9369
results2501/20250111S153150.378495E153651.823931_scanAz_slow.dat,52.0739
results2501/20250111S153652.786004E154154.226485_scanAz_slow.dat,60.1003
results2501/20250111S154155.189826E154656.631800_scanAz_slow.dat,67.1690
results2501/20250111S154657.595106E155159.034493_scanAz_slow.dat,74.5473
results2501/20250111S155159.997288E155635.520103_scanAz_slow.dat,82.3938
read results2501/20250111_170134_scanAz_slow.txt,0.0082
results2501/20250111S170135.662085E170637.206746_scanAz_slow.dat,7.3964
results2501/20250111S170638.168656E171139.610796_scanAz_slow.dat,14.5371
results2501/20250111S171140.572690E171642.014711_scanAz_slow.dat,21.9748
results2501/20250111S171642.977397E172144.419905_scanAz_slow.dat,29.2107
results2501/20250111S172145.376866E172646.821649_scanAz_slow.dat,36.4618
results2501/20250111S172647.785204E173149.225651_scanAz_slow.dat,44.0597
results2501/20250111S173150.188977E173651.630668_scanAz_slow.dat,51.6072
results2501/20250111S173652.588487E174154.034117_scanAz_slow.dat,58.0399
results2501/20250111S174154.997195E174656.437662_scanAz_slow.dat,64.8246
results2501/20250111S174657.402558E175158.845870_scanAz_slow.dat,73.2179
results2501/20250111S175159.803788E175635.325905_scanAz_slow.dat,81.1656
read results2501/20250111_180135_scanAz_slow.txt,0.0084
results2501/20250111S180136.477370E180638.020618_scanAz_slow.dat,8.1591
results2501/20250111S180638.982067E181140.428672_scanAz_slow.dat,14.7590
results2501/20250111S181141.384770E181642.830400_scanAz_slow.dat,22.8419
results2501/20250111S181643.793124E182145.236999_scanAz_slow.dat,30.2262
results2501/20250111S182146.194148E182647.636927_scanAz_slow.dat,38.2948
results2501/20250111S182648.601179E183150.045317_scanAz_slow.dat,45.6855
results2501/20250111S183151.002403E183652.446908_scanAz_slow.dat,52.7662
results2501/20250111S183653.410390E184154.848909_scanAz_slow.dat,60.0137
results2501/20250111S184155.813916E184657.254203_scanAz_slow.dat,67.5324
results2501/20250111S184658.217374E185159.663093_scanAz_slow.dat,74.4035
results2501/20250111S185200.621719E185636.142283_scanAz_slow.dat,81.6611
read results2501/20250111_190135_scanAz_slow.txt,0.0081
results2501/20250111S190136.286716E190637.835152_scanAz_slow.dat,7.0483
results2501/20250111S190638.791538E191140.238764_scanAz_slow.dat,14.6319
results2501/20250111S191141.196635E191642.642912_scanAz_slow.dat,21.9221
results2501/20250111S191643.601934E192145.043311_scanAz_slow.dat,29.0999
results2501/20250111S192146.007315E192647.447606_scanAz_slow.dat,36.5011
results2501/20250111S192648.412095E193149.851882_scanAz_slow.dat,43.9887
results2501/20250111S193150.815762E193652.255546_scanAz_slow.dat,51.6275
results2501/20250111S193653.218580E194154.664197_scanAz_slow.dat,59.0603
results2501/20250111S194155.623846E194657.068155_scanAz_slow.dat,65.9456
results2501/20250111S194658.026614E195159.471732_scanAz_slow.dat,73.5159
results2501/20250111S195200.428661E195635.952245_scanAz_slow.dat,80.8716
read results2501/20250111_210135_scanAz_slow.txt,0.0085
results2501/20250111S210136.119765E210637.692800_scanAz_slow.dat,7.3713
results2501/20250111S210638.653320E211140.095188_scanAz_slow.dat,14.5923
results2501/20250111S211141.057146E211642.503602_scanAz_slow.dat,22.4219
results2501/20250111S211643.459590E212144.902463_scanAz_slow.dat,29.7070
results2501/20250111S212145.865194E212647.308241_scanAz_slow.dat,37.5934
results2501/20250111S212648.270299E213149.710897_scanAz_slow.dat,44.4404
results2501/20250111S213150.672395E213652.118063_scanAz_slow.dat,52.6617
results2501/20250111S213653.073737E214154.521510_scanAz_slow.dat,60.4523
results2501/20250111S214155.477534E214656.927404_scanAz_slow.dat,67.8894
results2501/20250111S214657.883514E215159.331075_scanAz_slow.dat,75.2299
results2501/20250111S215200.286763E215635.810669_scanAz_slow.dat,83.1110
read results2501/20250111_220134_scanAz_slow.txt,0.0090
results2501/20250111S220135.913275E220637.498642_scanAz_slow.dat,7.5079
results2501/20250111S220638.459150E221139.903944_scanAz_slow.dat,14.2858
results2501/20250111S221140.864979E221642.306350_scanAz_slow.dat,22.0663
results2501/20250111S221643.267824E222144.711724_scanAz_slow.dat,30.1000
results2501/20250111S222145.673684E222647.114300_scanAz_slow.dat,37.4635
results2501/20250111S222648.075811E223149.518609_scanAz_slow.dat,44.8800
results2501/20250111S223150.480727E223651.925555_scanAz_slow.dat,51.5518
results2501/20250111S223652.887440E224154.328486_scanAz_slow.dat,59.2763
results2501/20250111S224155.290510E224656.730565_scanAz_slow.dat,65.7417
results2501/20250111S224657.692656E225159.137859_scanAz_slow.dat,73.2227
results2501/20250111S225200.094562E225635.619861_scanAz_slow.dat,80.4661
read results2501/20250112_010135_scanAz_slow.txt,0.0086
results2501/20250112S010136.603886E010638.171902_scanAz_slow.dat,7.1378
results2501/20250112S010639.133735E011140.579013_scanAz_slow.dat,14.4027
results2501/20250112S011141.540930E011642.981780_scanAz_slow.dat,20.9335
results2501/20250112S011643.944443E012145.385483_scanAz_slow.dat,28.4864
results2501/20250112S012146.349115E012647.788967_scanAz_slow.dat,35.3415
results2501/20250112S012648.752562E013150.194197_scanAz_slow.dat,41.7502
results2501/20250112S013151.157525E013652.597007_scanAz_slow.dat,49.1933
results2501/20250112S013653.561260E014155.003459_scanAz_slow.dat,56.6409
results2501/20250112S014155.960672E014657.407467_scanAz_slow.dat,64.2434
results2501/20250112S014658.365264E015159.810421_scanAz_slow.dat,71.8526
results2501/20250112S015200.773874E015636.292527_scanAz_slow.dat,79.4544
read results2501/20250112_020135_scanAz_slow.txt,0.0086
results2501/20250112S020136.401593E020637.932740_scanAz_slow.dat,7.5186
results2501/20250112S020638.894015E021140.340432_scanAz_slow.dat,14.9206
results2501/20250112S021141.297043E021642.744852_scanAz_slow.dat,22.6315
results2501/20250112S021643.703029E022145.145874_scanAz_slow.dat,30.5545
results2501/20250112S022146.109171E022647.553000_scanAz_slow.dat,37.1571
results2501/20250112S022648.510279E023149.953118_scanAz_slow.dat,43.1360
results2501/20250112S023150.916477E023652.357648_scanAz_slow.dat,50.7439
results2501/20250112S023653.320313E024154.761787_scanAz_slow.dat,59.0238
results2501/20250112S024155.725287E024657.168295_scanAz_slow.dat,66.8295
results2501/20250112S024658.125495E025159.572518_scanAz_slow.dat,74.1848
results2501/20250112S025200.529592E025636.052621_scanAz_slow.dat,81.9585
read results2501/20250112_030135_scanAz_slow.txt,0.0089
results2501/20250112S030136.196934E030637.741772_scanAz_slow.dat,7.1033
results2501/20250112S030638.704105E031140.145315_scanAz_slow.dat,14.9971
results2501/20250112S031141.108635E031642.551624_scanAz_slow.dat,22.2558
results2501/20250112S031643.514624E032144.958381_scanAz_slow.dat,30.0606
results2501/20250112S032145.916868E032647.361579_scanAz_slow.dat,37.2465
results2501/20250112S032648.319118E033149.766536_scanAz_slow.dat,44.8281
results2501/20250112S033150.723485E033652.168821_scanAz_slow.dat,52.1712
results2501/20250112S033653.126084E034154.571015_scanAz_slow.dat,59.8885
results2501/20250112S034155.534582E034656.974532_scanAz_slow.dat,67.4523
results2501/20250112S034657.937980E035159.382678_scanAz_slow.dat,74.9448
results2501/20250112S035200.341820E035635.863018_scanAz_slow.dat,82.4443
read results2501/20250112_050134_scanAz_slow.txt,0.0065
results2501/20250112S050136.016988E050637.555408_scanAz_slow.dat,8.1621
results2501/20250112S050638.515392E051139.958392_scanAz_slow.dat,16.3823
results2501/20250112S051140.919040E051642.362995_scanAz_slow.dat,24.3050
results2501/20250112S051643.324518E052144.766449_scanAz_slow.dat,31.8601
results2501/20250112S052145.728220E052647.172388_scanAz_slow.dat,39.1832
results2501/20250112S052648.128753E053149.576746_scanAz_slow.dat,46.1545
results2501/20250112S053150.533739E053651.981918_scanAz_slow.dat,53.7732
results2501/20250112S053652.938833E054154.382053_scanAz_slow.dat,61.8321
results2501/20250112S054155.343960E054656.789645_scanAz_slow.dat,69.1061
results2501/20250112S054657.746290E055159.194018_scanAz_slow.dat,76.9835
results2501/20250112S055200.151298E055635.674451_scanAz_slow.dat,84.0438
read results2501/20250112_060134_scanAz_slow.txt,0.0093
results2501/20250112S060135.829354E060637.365486_scanAz_slow.dat,7.6428
results2501/20250112S060638.326280E061139.765049_scanAz_slow.dat,15.2498
results2501/20250112S061140.727597E061642.174866_scanAz_slow.dat,22.1574
results2501/20250112S061643.130853E062144.576013_scanAz_slow.dat,29.0428
results2501/20250112S062145.537853E062646.980175_scanAz_slow.dat,36.1338
results2501/20250112S062647.942282E063149.386899_scanAz_slow.dat,43.5788
results2501/20250112S063150.344489E063651.790099_scanAz_slow.dat,51.6982
results2501/20250112S063652.746070E064154.193179_scanAz_slow.dat,59.6497
results2501/20250112S064155.154623E064656.597227_scanAz_slow.dat,67.8640
results2501/20250112S064657.553629E065159.002635_scanAz_slow.dat,75.5952
results2501/20250112S065159.960828E065635.482083_scanAz_slow.dat,83.1332
read results2501/20250112_070134_scanAz_slow.txt,0.0145
results2501/20250112S070135.672773E070637.221050_scanAz_slow.dat,7.4612
results2501/20250112S070638.181597E071139.624616_scanAz_slow.dat,15.1047
results2501/20250112S071140.585962E071642.029243_scanAz_slow.dat,22.6900
results2501/20250112S071642.990729E072144.434506_scanAz_slow.dat,30.0924
results2501/20250112S072145.391828E072646.837397_scanAz_slow.dat,38.3902
results2501/20250112S072647.794050E073149.239539_scanAz_slow.dat,45.9096
results2501/20250112S073150.201931E073651.642511_scanAz_slow.dat,53.5382
results2501/20250112S073652.604680E074154.049337_scanAz_slow.dat,60.9598
results2501/20250112S074155.006377E074656.454187_scanAz_slow.dat,67.2390
results2501/20250112S074657.410240E075158.855820_scanAz_slow.dat,74.7829
results2501/20250112S075159.817648E075635.339546_scanAz_slow.dat,82.5614
read results2501/20250112_090135_scanAz_slow.txt,0.0115
results2501/20250112S090136.490297E090638.034412_scanAz_slow.dat,7.4460
results2501/20250112S090638.995633E091140.441253_scanAz_slow.dat,15.3753
results2501/20250112S091141.399151E091642.844263_scanAz_slow.dat,23.1648
results2501/20250112S091643.802344E092145.244849_scanAz_slow.dat,30.4573
results2501/20250112S092146.207890E092647.648725_scanAz_slow.dat,37.7382
results2501/20250112S092648.612117E093150.056558_scanAz_slow.dat,44.3165
results2501/20250112S093151.014128E093652.458233_scanAz_slow.dat,51.0933
results2501/20250112S093653.421299E094154.863783_scanAz_slow.dat,58.0817
results2501/20250112S094155.821104E094657.269206_scanAz_slow.dat,65.4401
results2501/20250112S094658.226447E095159.671559_scanAz_slow.dat,72.7538
results2501/20250112S095200.628540E095636.153325_scanAz_slow.dat,80.5549
read results2501/20250112_100135_scanAz_slow.txt,0.0154
results2501/20250112S100136.316259E100637.888636_scanAz_slow.dat,7.7845
results2501/20250112S100638.850935E101140.297509_scanAz_slow.dat,15.5453
results2501/20250112S101141.254128E101642.698279_scanAz_slow.dat,22.6539
results2501/20250112S101643.661570E102145.104177_scanAz_slow.dat,30.5336
results2501/20250112S102146.061121E102647.508114_scanAz_slow.dat,37.8834
results2501/20250112S102648.464992E103149.913984_scanAz_slow.dat,45.5361
results2501/20250112S103150.872162E103652.312706_scanAz_slow.dat,52.9563
results2501/20250112S103653.276330E104154.721298_scanAz_slow.dat,60.7261
results2501/20250112S104155.678500E104657.125334_scanAz_slow.dat,68.2909
results2501/20250112S104658.082816E105159.526018_scanAz_slow.dat,75.8214
results2501/20250112S105200.489308E105636.008844_scanAz_slow.dat,83.1898
read results2501/20250112_110135_scanAz_slow.txt,0.0085
results2501/20250112S110136.127393E110637.701748_scanAz_slow.dat,7.3699
results2501/20250112S110638.658007E111140.105485_scanAz_slow.dat,14.1068
results2501/20250112S111141.062164E111642.508463_scanAz_slow.dat,21.4586
results2501/20250112S111643.465398E112144.912404_scanAz_slow.dat,28.8008
results2501/20250112S112145.869337E112647.317412_scanAz_slow.dat,35.9530
results2501/20250112S112648.274342E113149.719228_scanAz_slow.dat,42.8866
results2501/20250112S113150.682253E113652.125635_scanAz_slow.dat,50.4636
results2501/20250112S113653.082570E114154.530394_scanAz_slow.dat,57.7242
results2501/20250112S114155.487315E114656.934229_scanAz_slow.dat,65.2084
results2501/20250112S114657.891733E115159.337931_scanAz_slow.dat,72.4039
results2501/20250112S115200.295225E115635.819863_scanAz_slow.dat,79.7682
read results2501/20250112_130134_scanAz_slow.txt,0.0062
results2501/20250112S130135.934645E130637.507561_scanAz_slow.dat,7.5950
results2501/20250112S130638.468613E131139.908056_scanAz_slow.dat,14.9401
results2501/20250112S131140.869940E131642.315639_scanAz_slow.dat,22.3195
results2501/20250112S131643.273748E132144.718922_scanAz_slow.dat,30.3388
results2501/20250112S132145.675227E132647.123663_scanAz_slow.dat,38.0787
results2501/20250112S132648.080221E133149.522387_scanAz_slow.dat,45.5895
results2501/20250112S133150.484181E133651.930847_scanAz_slow.dat,53.5222
results2501/20250112S133652.887542E134154.332771_scanAz_slow.dat,61.3552
results2501/20250112S134155.294963E134656.738463_scanAz_slow.dat,68.7601
results2501/20250112S134657.695497E135159.143051_scanAz_slow.dat,76.4601
results2501/20250112S135200.100040E135635.622253_scanAz_slow.dat,84.0475
read results2501/20250112_140134_scanAz_slow.txt,0.0086
results2501/20250112S140135.718721E140637.262664_scanAz_slow.dat,7.1091
results2501/20250112S140638.223577E141139.671097_scanAz_slow.dat,13.9733
results2501/20250112S141140.627562E141642.075337_scanAz_slow.dat,20.8764
results2501/20250112S141643.032472E142144.475490_scanAz_slow.dat,28.1384
results2501/20250112S142145.437877E142646.878778_scanAz_slow.dat,35.6244
results2501/20250112S142647.840639E143149.283194_scanAz_slow.dat,43.1712
results2501/20250112S143150.246228E143651.691364_scanAz_slow.dat,51.2868
results2501/20250112S143652.647724E144154.090507_scanAz_slow.dat,58.6764
results2501/20250112S144155.052694E144656.499031_scanAz_slow.dat,66.2492
results2501/20250112S144657.455728E145158.902339_scanAz_slow.dat,73.3508
results2501/20250112S145159.859044E145635.382009_scanAz_slow.dat,80.6348
read results2501/20250112_150135_scanAz_slow.txt,0.0082
results2501/20250112S150136.535279E150638.081612_scanAz_slow.dat,7.3176
results2501/20250112S150639.041850E151140.484992_scanAz_slow.dat,15.2488
results2501/20250112S151141.446321E151642.888035_scanAz_slow.dat,23.2191
results2501/20250112S151643.850118E152145.294001_scanAz_slow.dat,30.0149
results2501/20250112S152146.251607E152647.694264_scanAz_slow.dat,37.6140
results2501/20250112S152648.657675E153150.097662_scanAz_slow.dat,44.9663
results2501/20250112S153151.059217E153652.502309_scanAz_slow.dat,52.2510
results2501/20250112S153653.464455E154154.909958_scanAz_slow.dat,59.2040
results2501/20250112S154155.868015E154657.313969_scanAz_slow.dat,65.6914
results2501/20250112S154658.270869E155159.716538_scanAz_slow.dat,73.0138
results2501/20250112S155200.678665E155636.197198_scanAz_slow.dat,80.3299
read results2501/20250112_170135_scanAz_slow.txt,0.0060
results2501/20250112S170136.436006E170637.984378_scanAz_slow.dat,7.0810
results2501/20250112S170638.940166E171140.387994_scanAz_slow.dat,14.4108
results2501/20250112S171141.345646E171642.789616_scanAz_slow.dat,21.4219
results2501/20250112S171643.753273E172145.195570_scanAz_slow.dat,29.3554
results2501/20250112S172146.152401E172647.595913_scanAz_slow.dat,36.4864
results2501/20250112S172648.559569E173150.005209_scanAz_slow.dat,44.3723
results2501/20250112S173150.963976E173652.409270_scanAz_slow.dat,52.3027
results2501/20250112S173653.368085E174154.810731_scanAz_slow.dat,59.0374
results2501/20250112S174155.767690E174657.216708_scanAz_slow.dat,66.4067
results2501/20250112S174658.174549E175159.619851_scanAz_slow.dat,74.2955
results2501/20250112S175200.576811E175636.099106_scanAz_slow.dat,81.2418
read results2501/20250112_180135_scanAz_slow.txt,0.0083
results2501/20250112S180136.242952E180637.791607_scanAz_slow.dat,7.0067
results2501/20250112S180638.747703E181140.195398_scanAz_slow.dat,14.2702
results2501/20250112S181141.152277E181642.599385_scanAz_slow.dat,22.4999
results2501/20250112S181643.557087E182145.002512_scanAz_slow.dat,30.3780
results2501/20250112S182145.959476E182647.402975_scanAz_slow.dat,37.6061
results2501/20250112S182648.366892E183149.808872_scanAz_slow.dat,44.6263
results2501/20250112S183150.767414E183652.215476_scanAz_slow.dat,51.9155
results2501/20250112S183653.173847E184154.619288_scanAz_slow.dat,59.6079
results2501/20250112S184155.576209E184657.019555_scanAz_slow.dat,66.7944
results2501/20250112S184657.983110E185159.423100_scanAz_slow.dat,74.1020
results2501/20250112S185200.387491E185635.907701_scanAz_slow.dat,81.3597
read results2501/20250112_190134_scanAz_slow.txt,0.0098
results2501/20250112S190136.050008E190637.594683_scanAz_slow.dat,7.4385
results2501/20250112S190638.556202E191140.002091_scanAz_slow.dat,14.5235
results2501/20250112S191140.958129E191642.403902_scanAz_slow.dat,22.2511
results2501/20250112S191643.367187E192144.809742_scanAz_slow.dat,29.9652
results2501/20250112S192145.766627E192647.213216_scanAz_slow.dat,37.1900
results2501/20250112S192648.170130E193149.619312_scanAz_slow.dat,44.3086
results2501/20250112S193150.576472E193652.023590_scanAz_slow.dat,51.3416
results2501/20250112S193652.981696E194154.421274_scanAz_slow.dat,58.8650
results2501/20250112S194155.386367E194656.829522_scanAz_slow.dat,67.1258
results2501/20250112S194657.786746E195159.234449_scanAz_slow.dat,74.5648
results2501/20250112S195200.194390E195635.714858_scanAz_slow.dat,81.4891
read results2501/20250112_210134_scanAz_slow.txt,0.0082
results2501/20250112S210135.879955E210637.449923_scanAz_slow.dat,5.7930
results2501/20250112S210638.410145E211139.853807_scanAz_slow.dat,11.5248
results2501/20250112S211140.815740E211642.261802_scanAz_slow.dat,18.8199
results2501/20250112S211643.218725E212144.662315_scanAz_slow.dat,26.0780
results2501/20250112S212145.624164E212647.067516_scanAz_slow.dat,33.4239
results2501/20250112S212648.029878E213149.472862_scanAz_slow.dat,40.8195
results2501/20250112S213150.434949E213651.876737_scanAz_slow.dat,49.0380
results2501/20250112S213652.838511E214154.281579_scanAz_slow.dat,56.4569
results2501/20250112S214155.237401E214656.686940_scanAz_slow.dat,63.8737
results2501/20250112S214657.645115E215159.089256_scanAz_slow.dat,71.7750
results2501/20250112S215200.050832E215635.568505_scanAz_slow.dat,78.7280
read results2501/20250112_220134_scanAz_slow.txt,0.0082
results2501/20250112S220135.666791E220637.214017_scanAz_slow.dat,7.9456
results2501/20250112S220638.169062E221139.613785_scanAz_slow.dat,14.4513
results2501/20250112S221140.575176E221642.021270_scanAz_slow.dat,21.7758
results2501/20250112S221642.977631E222144.425794_scanAz_slow.dat,29.9420
results2501/20250112S222145.382755E222646.826540_scanAz_slow.dat,37.5587
results2501/20250112S222647.789286E223149.234226_scanAz_slow.dat,45.1078
results2501/20250112S223150.191106E223651.632952_scanAz_slow.dat,52.3974
results2501/20250112S223652.597102E224154.041518_scanAz_slow.dat,59.7606
results2501/20250112S224154.997458E224656.445644_scanAz_slow.dat,66.2078
results2501/20250112S224657.402905E225158.849545_scanAz_slow.dat,73.9251
results2501/20250112S225159.805680E225635.329733_scanAz_slow.dat,81.9892
read results2501/20250113_010135_scanAz_slow.txt,0.0087
results2501/20250113S010136.382840E010637.929028_scanAz_slow.dat,7.1383
results2501/20250113S010638.890270E011140.333629_scanAz_slow.dat,14.8220
results2501/20250113S011141.291244E011642.736915_scanAz_slow.dat,22.2224
results2501/20250113S011643.699914E012145.140335_scanAz_slow.dat,29.4509
results2501/20250113S012146.103658E012647.543227_scanAz_slow.dat,36.8140
results2501/20250113S012648.506453E013150.334689_scanAz_slow.dat,44.0391
results2501/20250113S013151.291804E013652.736682_scanAz_slow.dat,51.1625
results2501/20250113S013653.699626E014155.144436_scanAz_slow.dat,58.5624
results2501/20250113S014156.103035E014657.544252_scanAz_slow.dat,65.8985
results2501/20250113S014658.507479E015159.947562_scanAz_slow.dat,72.9449
results2501/20250113S015200.911450E015636.432920_scanAz_slow.dat,80.8494
read results2501/20250113_020135_scanAz_slow.txt,0.0080
results2501/20250113S020136.240442E020637.787512_scanAz_slow.dat,5.9311
results2501/20250113S020638.748590E021140.189030_scanAz_slow.dat,12.1824
results2501/20250113S021141.152010E021642.596895_scanAz_slow.dat,18.9045
results2501/20250113S021643.554715E022144.997932_scanAz_slow.dat,26.5625
results2501/20250113S022145.960909E022647.404450_scanAz_slow.dat,34.1234
results2501/20250113S022648.361944E023149.804744_scanAz_slow.dat,42.3097
results2501/20250113S023150.767761E023652.213104_scanAz_slow.dat,50.2707
results2501/20250113S023653.171966E024154.614523_scanAz_slow.dat,57.2532
results2501/20250113S024155.571761E024657.020258_scanAz_slow.dat,64.7538
results2501/20250113S024657.977452E025159.420135_scanAz_slow.dat,72.5161
results2501/20250113S025200.379775E025635.904142_scanAz_slow.dat,80.1521
read results2501/20250113_030134_scanAz_slow.txt,0.0134
results2501/20250113S030136.018271E030637.594353_scanAz_slow.dat,7.0993
results2501/20250113S030638.555899E031139.998211_scanAz_slow.dat,14.6683
results2501/20250113S031140.960054E031642.401480_scanAz_slow.dat,21.8352
results2501/20250113S031643.364515E032144.808239_scanAz_slow.dat,28.3390
results2501/20250113S032145.766302E032647.210755_scanAz_slow.dat,35.5914
results2501/20250113S032648.168023E033149.616918_scanAz_slow.dat,42.9490
results2501/20250113S033150.576252E033652.018308_scanAz_slow.dat,50.3278
results2501/20250113S033652.975622E034154.424641_scanAz_slow.dat,57.5311
results2501/20250113S034155.384287E034656.828776_scanAz_slow.dat,65.4586
results2501/20250113S034657.787806E035159.229385_scanAz_slow.dat,73.4041
results2501/20250113S035200.193042E035635.713257_scanAz_slow.dat,81.2305
read results2501/20250113_050134_scanAz_slow.txt,0.0085
results2501/20250113S050135.833161E050637.402619_scanAz_slow.dat,7.4923
results2501/20250113S050638.363032E051139.806544_scanAz_slow.dat,14.4645
results2501/20250113S051140.767205E051642.209629_scanAz_slow.dat,21.9958
results2501/20250113S051643.171863E052144.618195_scanAz_slow.dat,29.1475
results2501/20250113S052145.574687E052647.021076_scanAz_slow.dat,36.7327
results2501/20250113S052647.977580E053149.421901_scanAz_slow.dat,44.1924
results2501/20250113S053150.384484E053651.829593_scanAz_slow.dat,50.3310
results2501/20250113S053652.786814E054154.232800_scanAz_slow.dat,58.4938
results2501/20250113S054155.188873E054656.637357_scanAz_slow.dat,65.8091
results2501/20250113S054657.594607E055159.036274_scanAz_slow.dat,73.3988
results2501/20250113S055159.998514E055635.521234_scanAz_slow.dat,81.2053
read results2501/20250113_060134_scanAz_slow.txt,0.0141
results2501/20250113S060135.630242E060637.160544_scanAz_slow.dat,7.5093
results2501/20250113S060638.124014E061139.567681_scanAz_slow.dat,14.3042
results2501/20250113S061140.528583E061641.973401_scanAz_slow.dat,21.1363
results2501/20250113S061642.930651E062144.374703_scanAz_slow.dat,28.1157
results2501/20250113S062145.336801E062646.779670_scanAz_slow.dat,35.1467
results2501/20250113S062647.741470E063149.183566_scanAz_slow.dat,42.0369
results2501/20250113S063150.145114E063651.587959_scanAz_slow.dat,49.1451
results2501/20250113S063652.544012E064153.994363_scanAz_slow.dat,56.9581
results2501/20250113S064154.949683E064656.394359_scanAz_slow.dat,63.8992
results2501/20250113S064657.355849E065158.801140_scanAz_slow.dat,71.2434
results2501/20250113S065159.757358E065635.280966_scanAz_slow.dat,78.7328
read results2501/20250113_070135_scanAz_slow.txt,0.0088
results2501/20250113S070136.432039E070637.978329_scanAz_slow.dat,6.5434
results2501/20250113S070638.939139E071140.385394_scanAz_slow.dat,13.7456
results2501/20250113S071141.342823E071642.788625_scanAz_slow.dat,21.4157
results2501/20250113S071643.746092E072145.192296_scanAz_slow.dat,28.0345
results2501/20250113S072146.148950E072647.591653_scanAz_slow.dat,34.9112
results2501/20250113S072648.553758E073150.001551_scanAz_slow.dat,42.6253
results2501/20250113S073150.958834E073652.404459_scanAz_slow.dat,49.3493
results2501/20250113S073653.360528E074154.809234_scanAz_slow.dat,56.8095
results2501/20250113S074155.765932E074657.209116_scanAz_slow.dat,64.6717
results2501/20250113S074658.171781E075159.612440_scanAz_slow.dat,72.2136
results2501/20250113S075200.577287E075636.095630_scanAz_slow.dat,79.0926
read results2501/20250113_090135_scanAz_slow.txt,0.0078
results2501/20250113S090136.289212E090637.833683_scanAz_slow.dat,6.9517
results2501/20250113S090638.795755E091140.236880_scanAz_slow.dat,14.0789
results2501/20250113S091141.199376E091642.642511_scanAz_slow.dat,22.1501
results2501/20250113S091643.605798E092145.047682_scanAz_slow.dat,29.1875
results2501/20250113S092146.010377E092647.453206_scanAz_slow.dat,36.4500
results2501/20250113S092648.410441E093149.853270_scanAz_slow.dat,43.9668
results2501/20250113S093150.816560E093652.262314_scanAz_slow.dat,51.2764
results2501/20250113S093653.220152E094154.665595_scanAz_slow.dat,58.5953
results2501/20250113S094155.622606E094657.065772_scanAz_slow.dat,66.1114
results2501/20250113S094658.029926E095159.471364_scanAz_slow.dat,73.5476
results2501/20250113S095200.434688E095635.953326_scanAz_slow.dat,81.2491
read results2501/20250113_100135_scanAz_slow.txt,0.0096
results2501/20250113S100136.117009E100637.693634_scanAz_slow.dat,7.2023
results2501/20250113S100638.649716E101140.097572_scanAz_slow.dat,14.1661
results2501/20250113S101141.053627E101642.502087_scanAz_slow.dat,21.8495
results2501/20250113S101643.459913E102144.903237_scanAz_slow.dat,28.6462
results2501/20250113S102145.866259E102647.309136_scanAz_slow.dat,35.5409
results2501/20250113S102648.266344E103149.710780_scanAz_slow.dat,42.9744
results2501/20250113S103150.674770E103652.116411_scanAz_slow.dat,50.3583
results2501/20250113S103653.074888E104154.520090_scanAz_slow.dat,57.5631
results2501/20250113S104155.483729E104656.926718_scanAz_slow.dat,65.3163
results2501/20250113S104657.886619E105159.328696_scanAz_slow.dat,73.1692
results2501/20250113S105200.291785E105635.810201_scanAz_slow.dat,80.2090
read results2501/20250113_110134_scanAz_slow.txt,0.0087
results2501/20250113S110135.914479E110637.454509_scanAz_slow.dat,7.6944
results2501/20250113S110638.410673E111139.856639_scanAz_slow.dat,15.5619
results2501/20250113S111140.818807E111642.258284_scanAz_slow.dat,23.1813
results2501/20250113S111643.222824E112144.665775_scanAz_slow.dat,31.3183
results2501/20250113S112145.623052E112647.067243_scanAz_slow.dat,38.8540
results2501/20250113S112648.031500E113149.475637_scanAz_slow.dat,46.6017
results2501/20250113S113150.433779E113651.876364_scanAz_slow.dat,54.1412
results2501/20250113S113652.835174E114154.283434_scanAz_slow.dat,61.7658
results2501/20250113S114155.242465E114656.682662_scanAz_slow.dat,69.5039
results2501/20250113S114657.645988E115159.087867_scanAz_slow.dat,77.8955
results2501/20250113S115200.048204E115635.570527_scanAz_slow.dat,85.3201
read results2501/20250113_130134_scanAz_slow.txt,0.0086
results2501/20250113S130135.730259E130637.260665_scanAz_slow.dat,7.5003
results2501/20250113S130638.221381E131139.665370_scanAz_slow.dat,15.6275
results2501/20250113S131140.626895E131642.070246_scanAz_slow.dat,21.8687
results2501/20250113S131643.031870E132144.473648_scanAz_slow.dat,28.9257
results2501/20250113S132145.435491E132646.877429_scanAz_slow.dat,36.4353
results2501/20250113S132647.839240E133149.280892_scanAz_slow.dat,44.0149
results2501/20250113S133150.243747E133651.686549_scanAz_slow.dat,51.6527
results2501/20250113S133652.648412E134154.089213_scanAz_slow.dat,59.1146
results2501/20250113S134155.051473E134656.496802_scanAz_slow.dat,66.1777
results2501/20250113S134657.453771E135158.895889_scanAz_slow.dat,73.8339
results2501/20250113S135159.855307E135635.381192_scanAz_slow.dat,81.2778
read results2501/20250113_140135_scanAz_slow.txt,0.0311
results2501/20250113S140136.531501E140638.079448_scanAz_slow.dat,6.8249
results2501/20250113S140639.040810E141140.484108_scanAz_slow.dat,14.0999
results2501/20250113S141141.439627E141642.888526_scanAz_slow.dat,21.5824
results2501/20250113S141643.844874E142145.290247_scanAz_slow.dat,28.6684
results2501/20250113S142146.252291E142647.695314_scanAz_slow.dat,36.1375
results2501/20250113S142648.656791E143150.099401_scanAz_slow.dat,43.6567
results2501/20250113S143151.061166E143652.499874_scanAz_slow.dat,51.1714
results2501/20250113S143653.461546E144154.905742_scanAz_slow.dat,58.3416
results2501/20250113S144155.867399E144657.311661_scanAz_slow.dat,65.8654
results2501/20250113S144658.268838E145159.716946_scanAz_slow.dat,73.4483
results2501/20250113S145200.673953E145636.197111_scanAz_slow.dat,80.7642
read results2501/20250113_150135_scanAz_slow.txt,0.0095
results2501/20250113S150136.341970E150637.885389_scanAz_slow.dat,7.7318
results2501/20250113S150638.845608E151140.292386_scanAz_slow.dat,14.9897
results2501/20250113S151141.253131E151642.697302_scanAz_slow.dat,22.9306
results2501/20250113S151643.654818E152145.100707_scanAz_slow.dat,29.9596
results2501/20250113S152146.057108E152647.501113_scanAz_slow.dat,37.3580
results2501/20250113S152648.463835E153149.909413_scanAz_slow.dat,43.9894
results2501/20250113S153150.866921E153652.313970_scanAz_slow.dat,51.3945
results2501/20250113S153653.272435E154154.713144_scanAz_slow.dat,58.7489
results2501/20250113S154155.675027E154657.118849_scanAz_slow.dat,65.6881
results2501/20250113S154658.076715E155159.521824_scanAz_slow.dat,72.6865
results2501/20250113S155200.484581E155636.004312_scanAz_slow.dat,79.5670
read results2501/20250113_170135_scanAz_slow.txt,0.0084
results2501/20250113S170136.165496E170637.742659_scanAz_slow.dat,7.7476
results2501/20250113S170638.704224E171140.144842_scanAz_slow.dat,15.9846
results2501/20250113S171141.107649E171642.553940_scanAz_slow.dat,23.6085
results2501/20250113S171643.511496E172144.955932_scanAz_slow.dat,30.8385
results2501/20250113S172145.912840E172647.359863_scanAz_slow.dat,38.2320
results2501/20250113S172648.317381E173149.760690_scanAz_slow.dat,46.0124
results2501/20250113S173150.724005E173652.164377_scanAz_slow.dat,53.4464
results2501/20250113S173653.128858E174154.572278_scanAz_slow.dat,60.1899
results2501/20250113S174155.529177E174656.974235_scanAz_slow.dat,67.6020
results2501/20250113S174657.932710E175159.376496_scanAz_slow.dat,75.3722
results2501/20250113S175200.340488E175635.860833_scanAz_slow.dat,82.9741
read results2501/20250113_180134_scanAz_slow.txt,0.0084
results2501/20250113S180135.963637E180637.501167_scanAz_slow.dat,7.2875
results2501/20250113S180638.462963E181139.908068_scanAz_slow.dat,14.7219
results2501/20250113S181140.865923E181642.307804_scanAz_slow.dat,22.1624
results2501/20250113S181643.271959E182144.715218_scanAz_slow.dat,30.0428
results2501/20250113S182145.672112E182647.120836_scanAz_slow.dat,37.9732
results2501/20250113S182648.079238E183149.524873_scanAz_slow.dat,45.4451
results2501/20250113S183150.482999E183651.928409_scanAz_slow.dat,53.1768
results2501/20250113S183652.886900E184154.331756_scanAz_slow.dat,61.4519
results2501/20250113S184155.288825E184656.731726_scanAz_slow.dat,68.5741
results2501/20250113S184657.695919E185159.141111_scanAz_slow.dat,75.5797
results2501/20250113S185200.099652E185635.619693_scanAz_slow.dat,82.6804
read results2501/20250113_190134_scanAz_slow.txt,0.0085
results2501/20250113S190135.762745E190637.311473_scanAz_slow.dat,7.4437
results2501/20250113S190638.272701E191139.716009_scanAz_slow.dat,15.0221
results2501/20250113S191140.673635E191642.119533_scanAz_slow.dat,22.2889
results2501/20250113S191643.077002E192144.523310_scanAz_slow.dat,29.6035
results2501/20250113S192145.483874E192646.928554_scanAz_slow.dat,36.7309
results2501/20250113S192647.886958E193149.332244_scanAz_slow.dat,44.1487
results2501/20250113S193150.291612E193651.735741_scanAz_slow.dat,51.4925
results2501/20250113S193652.693194E194154.136687_scanAz_slow.dat,58.6380
results2501/20250113S194155.096659E194656.540693_scanAz_slow.dat,65.9520
results2501/20250113S194657.500106E195158.948033_scanAz_slow.dat,73.6992
results2501/20250113S195159.907116E195635.428576_scanAz_slow.dat,82.0269
read results2501/20250113_210135_scanAz_slow.txt,0.0084
results2501/20250113S210136.579360E210638.124446_scanAz_slow.dat,7.4791
results2501/20250113S210639.084682E211140.530362_scanAz_slow.dat,15.0897
results2501/20250113S211141.492270E211642.936033_scanAz_slow.dat,23.0678
results2501/20250113S211643.893237E212145.339199_scanAz_slow.dat,30.5460
results2501/20250113S212146.295619E212647.743790_scanAz_slow.dat,37.4131
results2501/20250113S212648.699513E213150.143702_scanAz_slow.dat,44.9167
results2501/20250113S213151.106429E213652.551220_scanAz_slow.dat,53.1030
results2501/20250113S213653.512705E214154.951781_scanAz_slow.dat,60.3462
results2501/20250113S214155.911847E214657.358164_scanAz_slow.dat,67.6710
results2501/20250113S214658.315426E215159.764233_scanAz_slow.dat,75.5270
results2501/20250113S215200.720021E215636.243541_scanAz_slow.dat,82.5284
read results2501/20250113_220135_scanAz_slow.txt,0.0083
results2501/20250113S220136.435202E220637.979301_scanAz_slow.dat,6.9826
results2501/20250113S220638.939865E221140.387670_scanAz_slow.dat,14.4147
results2501/20250113S221141.345225E221642.788754_scanAz_slow.dat,21.5079
results2501/20250113S221643.746255E222145.195612_scanAz_slow.dat,28.7817
results2501/20250113S222146.151884E222647.599561_scanAz_slow.dat,36.4899
results2501/20250113S222648.555226E223150.000008_scanAz_slow.dat,43.9835
results2501/20250113S223150.962421E223652.405462_scanAz_slow.dat,51.6207
results2501/20250113S223653.367298E224154.808787_scanAz_slow.dat,59.4947
results2501/20250113S224155.767089E224657.212843_scanAz_slow.dat,67.4006
results2501/20250113S224658.175106E225159.614735_scanAz_slow.dat,75.5735
results2501/20250113S225200.576754E225636.098284_scanAz_slow.dat,83.6431
read results2501/20250114_010135_scanAz_slow.txt,0.0100
results2501/20250114S010136.100702E010637.645454_scanAz_slow.dat,7.4965
results2501/20250114S010638.606958E011140.049048_scanAz_slow.dat,15.1110
results2501/20250114S011141.010812E011642.453207_scanAz_slow.dat,22.6326
results2501/20250114S011643.410160E012144.857364_scanAz_slow.dat,29.8162
results2501/20250114S012145.814261E012647.261544_scanAz_slow.dat,37.4323
results2501/20250114S012648.218815E013149.666195_scanAz_slow.dat,44.7514
results2501/20250114S013150.623070E013652.066734_scanAz_slow.dat,52.9914
results2501/20250114S013653.029990E014154.470302_scanAz_slow.dat,60.8268
results2501/20250114S014155.434241E014656.877367_scanAz_slow.dat,67.9586
results2501/20250114S014657.834258E015159.283417_scanAz_slow.dat,74.7716
results2501/20250114S015200.240352E015635.762587_scanAz_slow.dat,82.5510
read results2501/20250114_020134_scanAz_slow.txt,0.0084
results2501/20250114S020135.915996E020637.453832_scanAz_slow.dat,7.6700
results2501/20250114S020638.409858E021139.858645_scanAz_slow.dat,15.4849
results2501/20250114S021140.815644E021642.261639_scanAz_slow.dat,23.1317
results2501/20250114S021643.218578E022144.665666_scanAz_slow.dat,30.4031
results2501/20250114S022145.622576E022647.065840_scanAz_slow.dat,37.5395
results2501/20250114S022648.030394E023149.470230_scanAz_slow.dat,45.2771
results2501/20250114S023150.434341E023651.875779_scanAz_slow.dat,53.3144
results2501/20250114S023652.839382E024154.283305_scanAz_slow.dat,61.2756
results2501/20250114S024155.242632E024656.684261_scanAz_slow.dat,68.4322
results2501/20250114S024657.647592E025159.090397_scanAz_slow.dat,76.3674
results2501/20250114S025200.050069E025635.569542_scanAz_slow.dat,83.3117
read results2501/20250114_030134_scanAz_slow.txt,0.0079
results2501/20250114S030135.723684E030637.258911_scanAz_slow.dat,6.9782
results2501/20250114S030638.220914E031139.665523_scanAz_slow.dat,14.3514
results2501/20250114S031140.623715E031642.069971_scanAz_slow.dat,21.4172
results2501/20250114S031643.027760E032144.473164_scanAz_slow.dat,28.3994
results2501/20250114S032145.430032E032646.878638_scanAz_slow.dat,35.4303
results2501/20250114S032647.837925E033149.280504_scanAz_slow.dat,42.7707
results2501/20250114S033150.238401E033651.686788_scanAz_slow.dat,50.6758
results2501/20250114S033652.644618E034154.089712_scanAz_slow.dat,58.0930
results2501/20250114S034155.046679E034656.494011_scanAz_slow.dat,65.6252
results2501/20250114S034657.452476E035158.898609_scanAz_slow.dat,73.3669
results2501/20250114S035159.857054E035635.378903_scanAz_slow.dat,80.7233
read results2501/20250114_050135_scanAz_slow.txt,0.0080
results2501/20250114S050136.495005E050638.028659_scanAz_slow.dat,7.5396
results2501/20250114S050638.988662E051140.430714_scanAz_slow.dat,14.5248
results2501/20250114S051141.391714E051642.834211_scanAz_slow.dat,21.5164
results2501/20250114S051643.796548E052145.240589_scanAz_slow.dat,28.9023
results2501/20250114S052146.202031E052647.641561_scanAz_slow.dat,35.9487
results2501/20250114S052648.604182E053150.048932_scanAz_slow.dat,42.9317
results2501/20250114S053151.005937E053652.449319_scanAz_slow.dat,50.8017
results2501/20250114S053653.411712E054154.857293_scanAz_slow.dat,57.9474
results2501/20250114S054155.813337E054657.261757_scanAz_slow.dat,64.3193
results2501/20250114S054658.217449E055159.665796_scanAz_slow.dat,72.0981
results2501/20250114S055200.621594E055636.144842_scanAz_slow.dat,78.7695
read results2501/20250114_060135_scanAz_slow.txt,0.0095
results2501/20250114S060136.314941E060637.881116_scanAz_slow.dat,7.4750
results2501/20250114S060638.841630E061140.286486_scanAz_slow.dat,14.6071
results2501/20250114S061141.247845E061642.691771_scanAz_slow.dat,22.6223
results2501/20250114S061643.653223E062145.097920_scanAz_slow.dat,29.6585
results2501/20250114S062146.054545E062647.498138_scanAz_slow.dat,36.8503
results2501/20250114S062648.459957E063149.900674_scanAz_slow.dat,44.7568
results2501/20250114S063150.863934E063652.308793_scanAz_slow.dat,52.5261
results2501/20250114S063653.264809E064154.711971_scanAz_slow.dat,60.5104
results2501/20250114S064155.668343E064657.114200_scanAz_slow.dat,68.4464
results2501/20250114S064658.075997E065159.521711_scanAz_slow.dat,75.6582
results2501/20250114S065200.478155E065636.001663_scanAz_slow.dat,83.3667
read results2501/20250114_070135_scanAz_slow.txt,0.0082
results2501/20250114S070136.112517E070637.692026_scanAz_slow.dat,7.2740
results2501/20250114S070638.652877E071140.095231_scanAz_slow.dat,14.4882
results2501/20250114S071141.056569E071642.501621_scanAz_slow.dat,21.9596
results2501/20250114S071643.458567E072144.903804_scanAz_slow.dat,29.5692
results2501/20250114S072145.865855E072647.308550_scanAz_slow.dat,37.0322
results2501/20250114S072648.264820E073149.710698_scanAz_slow.dat,44.5510
results2501/20250114S073150.668276E073652.112310_scanAz_slow.dat,52.0011
results2501/20250114S073653.075678E074154.517100_scanAz_slow.dat,59.7719
results2501/20250114S074155.480478E074656.920276_scanAz_slow.dat,66.9527
results2501/20250114S074657.881758E075159.327752_scanAz_slow.dat,74.7660
results2501/20250114S075200.284414E075635.809551_scanAz_slow.dat,81.8922
read results2501/20250114_090134_scanAz_slow.txt,0.0084
results2501/20250114S090135.927961E090637.496237_scanAz_slow.dat,7.5682
results2501/20250114S090638.457703E091139.900504_scanAz_slow.dat,15.1174
results2501/20250114S091140.863519E091642.309916_scanAz_slow.dat,23.0576
results2501/20250114S091643.267450E092144.708294_scanAz_slow.dat,30.6375
results2501/20250114S092145.672756E092647.113547_scanAz_slow.dat,38.2134
results2501/20250114S092648.077103E093149.517797_scanAz_slow.dat,45.8935
results2501/20250114S093150.481138E093651.920731_scanAz_slow.dat,53.4578
results2501/20250114S093652.885158E094154.328373_scanAz_slow.dat,59.6929
results2501/20250114S094155.285366E094656.734117_scanAz_slow.dat,67.4033
results2501/20250114S094657.691408E095159.133544_scanAz_slow.dat,74.9290
results2501/20250114S095200.097223E095635.616501_scanAz_slow.dat,82.2246
read results2501/20250114_100134_scanAz_slow.txt,0.0087
results2501/20250114S100135.689878E100637.261351_scanAz_slow.dat,8.1619
results2501/20250114S100638.217370E101139.660961_scanAz_slow.dat,15.8617
results2501/20250114S101140.622862E101642.069079_scanAz_slow.dat,23.6500
results2501/20250114S101643.026537E102144.470248_scanAz_slow.dat,31.3923
results2501/20250114S102145.433899E102646.873180_scanAz_slow.dat,38.9121
results2501/20250114S102647.837403E103149.280744_scanAz_slow.dat,46.3720
results2501/20250114S103150.237629E103651.683221_scanAz_slow.dat,53.8210
results2501/20250114S103652.646275E104154.085952_scanAz_slow.dat,61.3830
results2501/20250114S104155.050198E104656.493717_scanAz_slow.dat,68.9697
results2501/20250114S104657.452451E105158.899648_scanAz_slow.dat,76.8415
results2501/20250114S105159.857425E105635.380027_scanAz_slow.dat,83.8285
read results2501/20250114_110135_scanAz_slow.txt,0.0084
results2501/20250114S110136.482818E110638.026886_scanAz_slow.dat,7.8989
results2501/20250114S110638.990342E111140.433853_scanAz_slow.dat,15.5466
results2501/20250114S111141.396560E111642.838122_scanAz_slow.dat,23.4284
results2501/20250114S111643.795710E112145.243651_scanAz_slow.dat,31.1843
results2501/20250114S112146.203598E112647.646806_scanAz_slow.dat,38.3210
results2501/20250114S112648.603737E113150.049363_scanAz_slow.dat,44.7520
results2501/20250114S113151.007192E113652.454997_scanAz_slow.dat,52.3857
results2501/20250114S113653.411962E114154.856255_scanAz_slow.dat,59.8881
results2501/20250114S114155.820255E114657.262129_scanAz_slow.dat,67.1247
results2501/20250114S114658.219973E115159.668379_scanAz_slow.dat,75.0249
results2501/20250114S115200.625659E115636.148304_scanAz_slow.dat,82.2652
read results2501/20250114_130135_scanAz_slow.txt,0.0083
results2501/20250114S130136.252409E130637.790200_scanAz_slow.dat,7.9606
results2501/20250114S130638.750445E131140.191951_scanAz_slow.dat,15.3533
results2501/20250114S131141.153231E131642.595191_scanAz_slow.dat,23.4618
results2501/20250114S131643.557222E132144.999550_scanAz_slow.dat,31.2525
results2501/20250114S132145.961026E132647.404094_scanAz_slow.dat,39.2008
results2501/20250114S132648.365579E133149.809723_scanAz_slow.dat,45.9838
results2501/20250114S133150.765990E133652.211983_scanAz_slow.dat,54.0347
results2501/20250114S133653.173466E134154.618208_scanAz_slow.dat,62.1445
results2501/20250114S134155.574498E134657.022036_scanAz_slow.dat,69.2564
results2501/20250114S134657.978327E135159.423788_scanAz_slow.dat,76.7097
results2501/20250114S135200.385279E135635.905413_scanAz_slow.dat,84.5098
read results2501/20250114_140134_scanAz_slow.txt,0.0081
results2501/20250114S140136.048436E140637.594202_scanAz_slow.dat,7.4810
results2501/20250114S140638.555243E141139.997377_scanAz_slow.dat,14.9042
results2501/20250114S141140.958442E141642.400960_scanAz_slow.dat,22.6924
results2501/20250114S141643.362723E142144.805662_scanAz_slow.dat,29.8254
results2501/20250114S142145.769316E142647.208502_scanAz_slow.dat,36.9019
results2501/20250114S142648.169961E143149.617256_scanAz_slow.dat,44.6795
results2501/20250114S143150.573381E143652.019760_scanAz_slow.dat,51.9910
results2501/20250114S143652.975996E144154.422036_scanAz_slow.dat,59.3454
results2501/20250114S144155.383648E144656.825341_scanAz_slow.dat,67.8135
results2501/20250114S144657.787777E145159.231789_scanAz_slow.dat,76.1716
results2501/20250114S145200.193555E145635.712096_scanAz_slow.dat,84.2648
read results2501/20250114_150134_scanAz_slow.txt,0.0101
results2501/20250114S150135.857106E150637.402025_scanAz_slow.dat,7.9683
results2501/20250114S150638.363514E151139.809015_scanAz_slow.dat,15.8038
results2501/20250114S151140.766698E151642.211644_scanAz_slow.dat,23.3536
results2501/20250114S151643.173371E152144.614713_scanAz_slow.dat,31.3386
results2501/20250114S152145.576717E152647.019305_scanAz_slow.dat,39.7948
results2501/20250114S152647.980391E153149.424228_scanAz_slow.dat,47.2606
results2501/20250114S153150.385989E153651.825027_scanAz_slow.dat,54.7203
results2501/20250114S153652.787143E154154.232670_scanAz_slow.dat,62.8235
results2501/20250114S154155.189081E154656.637471_scanAz_slow.dat,71.0866
results2501/20250114S154657.594348E155159.036519_scanAz_slow.dat,78.4308
results2501/20250114S155159.999948E155635.521487_scanAz_slow.dat,86.3295
read results2501/20250114_170134_scanAz_slow.txt,0.0092
results2501/20250114S170135.683146E170637.261443_scanAz_slow.dat,7.1914
results2501/20250114S170638.216898E171139.665795_scanAz_slow.dat,14.9976
results2501/20250114S171140.622201E171642.065974_scanAz_slow.dat,21.6561
results2501/20250114S171643.029506E172144.474255_scanAz_slow.dat,28.4562
results2501/20250114S172145.431815E172646.876511_scanAz_slow.dat,35.7065
results2501/20250114S172647.833392E173149.277404_scanAz_slow.dat,42.5367
results2501/20250114S173150.241011E173651.686927_scanAz_slow.dat,50.0393
results2501/20250114S173652.645990E174154.087809_scanAz_slow.dat,56.8235
results2501/20250114S174155.050813E174656.490570_scanAz_slow.dat,63.5426
results2501/20250114S174657.453264E175158.895847_scanAz_slow.dat,70.7838
results2501/20250114S175159.858908E175635.377083_scanAz_slow.dat,78.3406
read results2501/20250114_180135_scanAz_slow.txt,0.0071
results2501/20250114S180136.457173E180638.029272_scanAz_slow.dat,7.9667
results2501/20250114S180638.985016E181140.431797_scanAz_slow.dat,15.5665
results2501/20250114S181141.393999E181642.836198_scanAz_slow.dat,23.4677
results2501/20250114S181643.793651E182145.242027_scanAz_slow.dat,30.9228
results2501/20250114S182146.200188E182647.642527_scanAz_slow.dat,38.4236
results2501/20250114S182648.605557E183150.049851_scanAz_slow.dat,45.8035
results2501/20250114S183151.008593E183652.454052_scanAz_slow.dat,53.2559
results2501/20250114S183653.412273E184154.856088_scanAz_slow.dat,60.6585
results2501/20250114S184155.813023E184657.260056_scanAz_slow.dat,68.4949
results2501/20250114S184658.218204E185159.662036_scanAz_slow.dat,76.2605
results2501/20250114S185200.625555E185636.146381_scanAz_slow.dat,84.1017
read results2501/20250114_190135_scanAz_slow.txt,0.0093
results2501/20250114S190136.241465E190637.785907_scanAz_slow.dat,7.6070
results2501/20250114S190638.748825E191140.193884_scanAz_slow.dat,15.1754
results2501/20250114S191141.153973E191642.592820_scanAz_slow.dat,22.6995
results2501/20250114S191643.557038E192145.002261_scanAz_slow.dat,30.0885
results2501/20250114S192145.961339E192647.405992_scanAz_slow.dat,38.3033
results2501/20250114S192648.365376E193149.805485_scanAz_slow.dat,45.3408
results2501/20250114S193150.769721E193652.214033_scanAz_slow.dat,52.3524
results2501/20250114S193653.173725E194154.618331_scanAz_slow.dat,60.1657
results2501/20250114S194155.576836E194657.018095_scanAz_slow.dat,67.5423
results2501/20250114S194657.982009E195159.426379_scanAz_slow.dat,74.7311
results2501/20250114S195200.384264E195635.905341_scanAz_slow.dat,82.3575
read results2501/20250114_210134_scanAz_slow.txt,0.0090
results2501/20250114S210136.049905E210637.597829_scanAz_slow.dat,7.9785
results2501/20250114S210638.552902E211140.002399_scanAz_slow.dat,14.7568
results2501/20250114S211140.959480E211642.404883_scanAz_slow.dat,21.7942
results2501/20250114S211643.360637E212144.808050_scanAz_slow.dat,28.9568
results2501/20250114S212145.769562E212647.209557_scanAz_slow.dat,36.3746
results2501/20250114S212648.171941E213149.612604_scanAz_slow.dat,44.3984
results2501/20250114S213150.575407E213652.020014_scanAz_slow.dat,52.2801
results2501/20250114S213652.981929E214154.426563_scanAz_slow.dat,59.7470
results2501/20250114S214155.382283E214656.826206_scanAz_slow.dat,67.2565
results2501/20250114S214657.787624E215159.234144_scanAz_slow.dat,74.7053
results2501/20250114S215200.189948E215635.714662_scanAz_slow.dat,82.5280
read results2501/20250114_220134_scanAz_slow.txt,0.0102
results2501/20250114S220135.877373E220637.450325_scanAz_slow.dat,7.6044
results2501/20250114S220638.410270E221139.853393_scanAz_slow.dat,15.5055
results2501/20250114S221140.814676E221642.256888_scanAz_slow.dat,23.4427
results2501/20250114S221643.218992E222144.664888_scanAz_slow.dat,30.7814
results2501/20250114S222145.626288E222647.066903_scanAz_slow.dat,38.2926
results2501/20250114S222648.029416E223149.471128_scanAz_slow.dat,45.8590
results2501/20250114S223150.433274E223651.876074_scanAz_slow.dat,53.6080
results2501/20250114S223652.837565E224154.276690_scanAz_slow.dat,61.5306
results2501/20250114S224155.239816E224656.682329_scanAz_slow.dat,69.0308
results2501/20250114S224657.643812E225159.088952_scanAz_slow.dat,76.4672
results2501/20250114S225200.044678E225635.568143_scanAz_slow.dat,83.5188
read results2501/20250115_010135_scanAz_slow.txt,0.0135
results2501/20250115S010136.534921E010638.076037_scanAz_slow.dat,7.0054
results2501/20250115S010639.037455E011140.478952_scanAz_slow.dat,14.2028
results2501/20250115S011141.440749E011642.882612_scanAz_slow.dat,21.4930
results2501/20250115S011643.845653E012145.287916_scanAz_slow.dat,28.8409
results2501/20250115S012146.250601E012647.693139_scanAz_slow.dat,36.1988
results2501/20250115S012648.650706E013150.097380_scanAz_slow.dat,44.0759
results2501/20250115S013151.056192E013652.500563_scanAz_slow.dat,51.6285
results2501/20250115S013653.457417E014154.904413_scanAz_slow.dat,59.4222
results2501/20250115S014155.863989E014657.308047_scanAz_slow.dat,66.8893
results2501/20250115S014658.264941E015159.709571_scanAz_slow.dat,74.9411
results2501/20250115S015200.673530E015636.194199_scanAz_slow.dat,83.3761
read results2501/20250115_020135_scanAz_slow.txt,0.0154
results2501/20250115S020136.354308E020637.933340_scanAz_slow.dat,7.6908
results2501/20250115S020638.889377E021140.334362_scanAz_slow.dat,15.3790
results2501/20250115S021141.293497E021642.738358_scanAz_slow.dat,22.4606
results2501/20250115S021643.701932E022145.144018_scanAz_slow.dat,29.8736
results2501/20250115S022146.101583E022647.546128_scanAz_slow.dat,36.6095
results2501/20250115S022648.508849E023149.951695_scanAz_slow.dat,44.1872
results2501/20250115S023150.910752E023652.356154_scanAz_slow.dat,51.7672
results2501/20250115S023653.313630E024154.759016_scanAz_slow.dat,59.9785
results2501/20250115S024155.718090E024657.161536_scanAz_slow.dat,67.0713
results2501/20250115S024658.124238E025159.565731_scanAz_slow.dat,74.6749
results2501/20250115S025200.528505E025636.049561_scanAz_slow.dat,82.1629
read results2501/20250115_030135_scanAz_slow.txt,0.0084
results2501/20250115S030136.146765E030637.694390_scanAz_slow.dat,7.4941
results2501/20250115S030638.651332E031140.093232_scanAz_slow.dat,14.3470
results2501/20250115S031141.055741E031642.496970_scanAz_slow.dat,21.9589
results2501/20250115S031643.461800E032144.905400_scanAz_slow.dat,29.4495
results2501/20250115S032145.862400E032647.308618_scanAz_slow.dat,37.1444
results2501/20250115S032648.265599E033149.712146_scanAz_slow.dat,44.1535
results2501/20250115S033150.669371E033652.114300_scanAz_slow.dat,51.7516
results2501/20250115S033653.078153E034154.518412_scanAz_slow.dat,58.9596
results2501/20250115S034155.476592E034656.922317_scanAz_slow.dat,66.0704
results2501/20250115S034657.885616E035159.324884_scanAz_slow.dat,73.6760
results2501/20250115S035200.288759E035635.809920_scanAz_slow.dat,81.1074
read results2501/20250115_050134_scanAz_slow.txt,0.0086
results2501/20250115S050135.920203E050637.453500_scanAz_slow.dat,7.2778
results2501/20250115S050638.413767E051139.858292_scanAz_slow.dat,15.2506
results2501/20250115S051140.813726E051642.261221_scanAz_slow.dat,22.6929
results2501/20250115S051643.218828E052144.660731_scanAz_slow.dat,30.4655
results2501/20250115S052145.622867E052647.064723_scanAz_slow.dat,37.8873
results2501/20250115S052648.027730E053149.473163_scanAz_slow.dat,45.9793
results2501/20250115S053150.430445E053651.877643_scanAz_slow.dat,53.7360
results2501/20250115S053652.833983E054154.281894_scanAz_slow.dat,61.3541
results2501/20250115S054155.238883E054656.684711_scanAz_slow.dat,68.7800
results2501/20250115S054657.641372E055159.089715_scanAz_slow.dat,75.9386
results2501/20250115S055200.047078E055635.569085_scanAz_slow.dat,83.1205
read results2501/20250115_060134_scanAz_slow.txt,0.0080
results2501/20250115S060135.713766E060637.260861_scanAz_slow.dat,7.4879
results2501/20250115S060638.221036E061139.665333_scanAz_slow.dat,14.8552
results2501/20250115S061140.621842E061642.067192_scanAz_slow.dat,23.5284
results2501/20250115S061643.028988E062144.473555_scanAz_slow.dat,31.3063
results2501/20250115S062145.429888E062646.872675_scanAz_slow.dat,38.4843
results2501/20250115S062647.834767E063149.277324_scanAz_slow.dat,46.1786
results2501/20250115S063150.239087E063651.682254_scanAz_slow.dat,53.6223
results2501/20250115S063652.644629E064154.085155_scanAz_slow.dat,60.6159
results2501/20250115S064155.047849E064656.491386_scanAz_slow.dat,67.9169
results2501/20250115S064657.453531E065158.892106_scanAz_slow.dat,75.2973
results2501/20250115S065159.854303E065635.376814_scanAz_slow.dat,82.5837
read results2501/20250115_070135_scanAz_slow.txt,0.0084
results2501/20250115S070136.528327E070638.075647_scanAz_slow.dat,6.8905
results2501/20250115S070639.036390E071140.476920_scanAz_slow.dat,13.9309
results2501/20250115S071141.439113E071642.884845_scanAz_slow.dat,21.6818
results2501/20250115S071643.841544E072145.288350_scanAz_slow.dat,29.3035
results2501/20250115S072146.244353E072647.689784_scanAz_slow.dat,36.5208
results2501/20250115S072648.652870E073150.096510_scanAz_slow.dat,43.8437
results2501/20250115S073151.052315E073652.500148_scanAz_slow.dat,51.4897
results2501/20250115S073653.461984E074154.903521_scanAz_slow.dat,58.9467
results2501/20250115S074155.865311E074657.305044_scanAz_slow.dat,66.6716
results2501/20250115S074658.267794E075159.712763_scanAz_slow.dat,74.2002
results2501/20250115S075200.668531E075636.193296_scanAz_slow.dat,82.1522
read results2501/20250115_090135_scanAz_slow.txt,0.0084
results2501/20250115S090136.346098E090637.882584_scanAz_slow.dat,6.9224
results2501/20250115S090638.844104E091140.287083_scanAz_slow.dat,14.2987
results2501/20250115S091141.244059E091642.691534_scanAz_slow.dat,22.0270
results2501/20250115S091643.648416E092145.092375_scanAz_slow.dat,29.4365
results2501/20250115S092146.055735E092647.496978_scanAz_slow.dat,36.4222
results2501/20250115S092648.459984E093149.904663_scanAz_slow.dat,44.3746
results2501/20250115S093150.862239E093652.308986_scanAz_slow.dat,51.9555
results2501/20250115S093653.267442E094154.712182_scanAz_slow.dat,59.4748
results2501/20250115S094155.670948E094657.114360_scanAz_slow.dat,66.9505
results2501/20250115S094658.074911E095159.516504_scanAz_slow.dat,73.9049
results2501/20250115S095200.480119E095636.002514_scanAz_slow.dat,81.3996
read results2501/20250115_100135_scanAz_slow.txt,0.0090
results2501/20250115S100136.144769E100637.687873_scanAz_slow.dat,6.9913
results2501/20250115S100638.649623E101140.095738_scanAz_slow.dat,14.8317
results2501/20250115S101141.057848E101642.501964_scanAz_slow.dat,22.8106
results2501/20250115S101643.459772E102144.901990_scanAz_slow.dat,30.2818
results2501/20250115S102145.865302E102647.309890_scanAz_slow.dat,37.2159
results2501/20250115S102648.266828E103149.710450_scanAz_slow.dat,44.8072
results2501/20250115S103150.673443E103652.113638_scanAz_slow.dat,52.1703
results2501/20250115S103653.076335E104154.517255_scanAz_slow.dat,60.2574
results2501/20250115S104155.480907E104656.921053_scanAz_slow.dat,68.3919
results2501/20250115S104657.885556E105159.325149_scanAz_slow.dat,76.2303
results2501/20250115S105200.289433E105635.809795_scanAz_slow.dat,83.5618
read results2501/20250115_110134_scanAz_slow.txt,0.0081
results2501/20250115S110135.954349E110637.498407_scanAz_slow.dat,7.1835
results2501/20250115S110638.459539E111139.901116_scanAz_slow.dat,14.6609
results2501/20250115S111140.864187E111642.309381_scanAz_slow.dat,22.2017
results2501/20250115S111643.266706E112144.709973_scanAz_slow.dat,29.7050
results2501/20250115S112145.673604E112647.114761_scanAz_slow.dat,37.8452
results2501/20250115S112648.078066E113149.516712_scanAz_slow.dat,44.8759
results2501/20250115S113150.481258E113651.925247_scanAz_slow.dat,51.5379
results2501/20250115S113652.883737E114154.326215_scanAz_slow.dat,59.1994
results2501/20250115S114155.289553E114656.729435_scanAz_slow.dat,66.2286
results2501/20250115S114657.693656E115159.133234_scanAz_slow.dat,73.8390
results2501/20250115S115200.096860E115635.618149_scanAz_slow.dat,81.1810
read results2501/20250115_130134_scanAz_slow.txt,0.0083
results2501/20250115S130135.875278E130637.449265_scanAz_slow.dat,7.1972
results2501/20250115S130638.411608E131139.855991_scanAz_slow.dat,14.6620
results2501/20250115S131140.817621E131642.257093_scanAz_slow.dat,22.0925
results2501/20250115S131643.220748E132144.665025_scanAz_slow.dat,28.8156
results2501/20250115S132145.622331E132647.068236_scanAz_slow.dat,36.3393
results2501/20250115S132648.029713E133149.470162_scanAz_slow.dat,43.7096
results2501/20250115S133150.432530E133651.875852_scanAz_slow.dat,50.9033
results2501/20250115S133652.832581E134154.279913_scanAz_slow.dat,58.2373
results2501/20250115S134155.241670E134656.685698_scanAz_slow.dat,65.2870
results2501/20250115S134657.643217E135159.089835_scanAz_slow.dat,72.6993
results2501/20250115S135200.047850E135635.569341_scanAz_slow.dat,80.1997
read results2501/20250115_140134_scanAz_slow.txt,0.0081
results2501/20250115S140135.665957E140637.212126_scanAz_slow.dat,7.3243
results2501/20250115S140638.172361E141139.613023_scanAz_slow.dat,14.8450
results2501/20250115S141140.576114E141642.016929_scanAz_slow.dat,21.9382
results2501/20250115S141642.979728E142144.424476_scanAz_slow.dat,29.2614
results2501/20250115S142145.380231E142646.827525_scanAz_slow.dat,36.7412
results2501/20250115S142647.789241E143149.232620_scanAz_slow.dat,43.9249
results2501/20250115S143150.188417E143651.635714_scanAz_slow.dat,51.0047
results2501/20250115S143652.597528E144154.040732_scanAz_slow.dat,58.1014
results2501/20250115S144154.996456E144656.441680_scanAz_slow.dat,65.8293
results2501/20250115S144657.403228E145158.848915_scanAz_slow.dat,73.3036
results2501/20250115S145159.804742E145635.328147_scanAz_slow.dat,81.1304
read results2501/20250115_150135_scanAz_slow.txt,0.0093
results2501/20250115S150136.480541E150638.025683_scanAz_slow.dat,7.5783
results2501/20250115S150638.986473E151140.428480_scanAz_slow.dat,14.9773
results2501/20250115S151141.390379E151642.834010_scanAz_slow.dat,22.7074
results2501/20250115S151643.795912E152145.240644_scanAz_slow.dat,29.9614
results2501/20250115S152146.196300E152647.641558_scanAz_slow.dat,36.8949
results2501/20250115S152648.603687E153150.044841_scanAz_slow.dat,43.5804
results2501/20250115S153151.006923E153652.451666_scanAz_slow.dat,51.5169
results2501/20250115S153653.413800E154154.857594_scanAz_slow.dat,58.6847
results2501/20250115S154155.813937E154657.261736_scanAz_slow.dat,65.7453
results2501/20250115S154658.218949E155159.665128_scanAz_slow.dat,72.9912
results2501/20250115S155200.620932E155636.146262_scanAz_slow.dat,80.5603
read results2501/20250115_170135_scanAz_slow.txt,0.0093
results2501/20250115S170136.336020E170637.884841_scanAz_slow.dat,7.3772
results2501/20250115S170638.840974E171140.288251_scanAz_slow.dat,14.9008
results2501/20250115S171141.250070E171642.693544_scanAz_slow.dat,22.2918
results2501/20250115S171643.653247E172145.097121_scanAz_slow.dat,30.2785
results2501/20250115S172146.054051E172647.500761_scanAz_slow.dat,37.5547
results2501/20250115S172648.457710E173149.905487_scanAz_slow.dat,44.5681
results2501/20250115S173150.862639E173652.310522_scanAz_slow.dat,51.9596
results2501/20250115S173653.269238E174154.712726_scanAz_slow.dat,59.6542
results2501/20250115S174155.669600E174657.117058_scanAz_slow.dat,66.5092
results2501/20250115S174658.075893E175159.519765_scanAz_slow.dat,73.5565
results2501/20250115S175200.482790E175636.002282_scanAz_slow.dat,80.6225
read results2501/20250115_180135_scanAz_slow.txt,0.0082
results2501/20250115S180136.152513E180637.739914_scanAz_slow.dat,7.6511
results2501/20250115S180638.701414E181140.145618_scanAz_slow.dat,14.8323
results2501/20250115S181141.102019E181642.546117_scanAz_slow.dat,22.6009
results2501/20250115S181643.509434E182144.954673_scanAz_slow.dat,30.3456
results2501/20250115S182145.911703E182647.353861_scanAz_slow.dat,37.6478
results2501/20250115S182648.316854E183149.758598_scanAz_slow.dat,45.0401
results2501/20250115S183150.719956E183652.162087_scanAz_slow.dat,52.6922
results2501/20250115S183653.125154E184154.568435_scanAz_slow.dat,60.6772
results2501/20250115S184155.526220E184656.973355_scanAz_slow.dat,68.3014
results2501/20250115S184657.932096E185159.377210_scanAz_slow.dat,75.8267
results2501/20250115S185200.334741E185635.858710_scanAz_slow.dat,84.0697
read results2501/20250115_190134_scanAz_slow.txt,0.0085
results2501/20250115S190135.978616E190637.548742_scanAz_slow.dat,7.9565
results2501/20250115S190638.510284E191139.951434_scanAz_slow.dat,15.4145
results2501/20250115S191140.913895E191642.358641_scanAz_slow.dat,23.2132
results2501/20250115S191643.316859E192144.759044_scanAz_slow.dat,30.7351
results2501/20250115S192145.722338E192647.163144_scanAz_slow.dat,37.4258
results2501/20250115S192648.126465E193149.567106_scanAz_slow.dat,44.1459
results2501/20250115S193150.527624E193651.974553_scanAz_slow.dat,52.0437
results2501/20250115S193652.931857E194154.376438_scanAz_slow.dat,59.1394
results2501/20250115S194155.339488E194656.781632_scanAz_slow.dat,66.2336
results2501/20250115S194657.739802E195159.182136_scanAz_slow.dat,73.4660
results2501/20250115S195200.146397E195635.666600_scanAz_slow.dat,80.5591
read results2501/20250115_210134_scanAz_slow.txt,0.0085
results2501/20250115S210135.813701E210637.361391_scanAz_slow.dat,7.3844
results2501/20250115S210638.321394E211139.761443_scanAz_slow.dat,14.8980
results2501/20250115S211140.722132E211642.167797_scanAz_slow.dat,22.1000
results2501/20250115S211643.129612E212144.569753_scanAz_slow.dat,28.4862
results2501/20250115S212145.532058E212646.974750_scanAz_slow.dat,34.6619
results2501/20250115S212647.936876E213149.380585_scanAz_slow.dat,42.1311
results2501/20250115S213150.342126E213651.784888_scanAz_slow.dat,49.2851
results2501/20250115S213652.746400E214154.188068_scanAz_slow.dat,56.3303
results2501/20250115S214155.149971E214656.594548_scanAz_slow.dat,64.2010
results2501/20250115S214657.552263E215158.998206_scanAz_slow.dat,71.9716
results2501/20250115S215159.959745E215635.478719_scanAz_slow.dat,79.4003
read results2501/20250115_220134_scanAz_slow.txt,0.0083
results2501/20250115S220135.623880E220637.171859_scanAz_slow.dat,7.5312
results2501/20250115S220638.132080E221139.575028_scanAz_slow.dat,15.6299
results2501/20250115S221140.536356E221641.976158_scanAz_slow.dat,22.8519
results2501/20250115S221642.940480E222144.384075_scanAz_slow.dat,30.7341
results2501/20250115S222145.340032E222646.787674_scanAz_slow.dat,38.4104
results2501/20250115S222647.743627E223149.192228_scanAz_slow.dat,46.3886
results2501/20250115S223150.150084E223651.597368_scanAz_slow.dat,54.1603
results2501/20250115S223652.553659E224154.001052_scanAz_slow.dat,61.4453
results2501/20250115S224154.957718E224656.400553_scanAz_slow.dat,68.9340
results2501/20250115S224657.364493E225158.807316_scanAz_slow.dat,76.8944
results2501/20250115S225159.769161E225635.288544_scanAz_slow.dat,84.5955
read results2501/20250116_010135_scanAz_slow.txt,0.0078
results2501/20250116S010136.345018E010637.892983_scanAz_slow.dat,7.0840
results2501/20250116S010638.848703E011140.296867_scanAz_slow.dat,14.3890
results2501/20250116S011141.255037E011642.697575_scanAz_slow.dat,22.1161
results2501/20250116S011643.661666E012145.101039_scanAz_slow.dat,29.2077
results2501/20250116S012146.063912E012647.505602_scanAz_slow.dat,35.8912
results2501/20250116S012648.468984E013149.909581_scanAz_slow.dat,42.7650
results2501/20250116S013150.873221E013652.315932_scanAz_slow.dat,50.5916
results2501/20250116S013653.272860E014154.720230_scanAz_slow.dat,58.6160
results2501/20250116S014155.677754E014657.122962_scanAz_slow.dat,66.2962
results2501/20250116S014658.080778E015159.528225_scanAz_slow.dat,73.3138
results2501/20250116S015200.485177E015636.009430_scanAz_slow.dat,81.0910
read results2501/20250116_020135_scanAz_slow.txt,0.0120
results2501/20250116S020136.151873E020637.696710_scanAz_slow.dat,7.1433
results2501/20250116S020638.658531E021140.103720_scanAz_slow.dat,15.1204
results2501/20250116S021141.061314E021642.508665_scanAz_slow.dat,22.8514
results2501/20250116S021643.465933E022144.908095_scanAz_slow.dat,30.3891
results2501/20250116S022145.872063E022647.314139_scanAz_slow.dat,37.9132
results2501/20250116S022648.272056E023149.720877_scanAz_slow.dat,45.4761
results2501/20250116S023150.679368E023652.120141_scanAz_slow.dat,53.2290
results2501/20250116S023653.083484E024154.528602_scanAz_slow.dat,61.3351
results2501/20250116S024155.486148E024656.928252_scanAz_slow.dat,68.9895
results2501/20250116S024657.891522E025159.334345_scanAz_slow.dat,75.2686
results2501/20250116S025200.297356E025635.816195_scanAz_slow.dat,82.9991
read results2501/20250116_030134_scanAz_slow.txt,0.0086
results2501/20250116S030135.970068E030637.506638_scanAz_slow.dat,7.8641
results2501/20250116S030638.467904E031139.910376_scanAz_slow.dat,15.2026
results2501/20250116S031140.873538E031642.316241_scanAz_slow.dat,22.6863
results2501/20250116S031643.273792E032144.720143_scanAz_slow.dat,30.5772
results2501/20250116S032145.677379E032647.122668_scanAz_slow.dat,38.1796
results2501/20250116S032648.079678E033149.523932_scanAz_slow.dat,45.9986
results2501/20250116S033150.488136E033651.929567_scanAz_slow.dat,53.5235
results2501/20250116S033652.892851E034154.336534_scanAz_slow.dat,60.5486
results2501/20250116S034155.294705E034656.740219_scanAz_slow.dat,68.3419
results2501/20250116S034657.699523E035159.145326_scanAz_slow.dat,75.6791
results2501/20250116S035200.103587E035635.624041_scanAz_slow.dat,83.5029
read results2501/20250116_050134_scanAz_slow.txt,0.0082
results2501/20250116S050135.742592E050637.312038_scanAz_slow.dat,7.2732
results2501/20250116S050638.272248E051139.720931_scanAz_slow.dat,14.4215
results2501/20250116S051140.677058E051642.124309_scanAz_slow.dat,21.5790
results2501/20250116S051643.080590E052144.529506_scanAz_slow.dat,29.1939
results2501/20250116S052145.486785E052646.930146_scanAz_slow.dat,36.9092
results2501/20250116S052647.892334E053149.336677_scanAz_slow.dat,44.6921
results2501/20250116S053150.292442E053651.740605_scanAz_slow.dat,52.0112
results2501/20250116S053652.696360E054154.145045_scanAz_slow.dat,59.1672
results2501/20250116S054155.103190E054656.546819_scanAz_slow.dat,66.9990
results2501/20250116S054657.508407E055158.952919_scanAz_slow.dat,74.4978
results2501/20250116S055159.908693E055635.433756_scanAz_slow.dat,81.6157
read results2501/20250116_060135_scanAz_slow.txt,0.0066
results2501/20250116S060136.536424E060638.083355_scanAz_slow.dat,6.9024
results2501/20250116S060639.044300E061140.485254_scanAz_slow.dat,14.5591
results2501/20250116S061141.447729E061642.891051_scanAz_slow.dat,22.0030
results2501/20250116S061643.853013E062145.292949_scanAz_slow.dat,29.9381
results2501/20250116S062146.254546E062647.699053_scanAz_slow.dat,37.5833
results2501/20250116S062648.660868E063150.106391_scanAz_slow.dat,45.3057
results2501/20250116S063151.062809E063652.506716_scanAz_slow.dat,52.1290
results2501/20250116S063653.468108E064154.913764_scanAz_slow.dat,59.1908
results2501/20250116S064155.870092E064657.315847_scanAz_slow.dat,66.2469
results2501/20250116S064658.273448E065159.723035_scanAz_slow.dat,73.1938
results2501/20250116S065200.679804E065636.203032_scanAz_slow.dat,80.8302
read results2501/20250116_070135_scanAz_slow.txt,0.0095
results2501/20250116S070136.351059E070637.890900_scanAz_slow.dat,7.9051
results2501/20250116S070638.852004E071140.294062_scanAz_slow.dat,15.4947
results2501/20250116S071141.253319E071642.699663_scanAz_slow.dat,22.8065
results2501/20250116S071643.661711E072145.106751_scanAz_slow.dat,30.1416
results2501/20250116S072146.063118E072647.507795_scanAz_slow.dat,38.2511
results2501/20250116S072648.470278E073149.914126_scanAz_slow.dat,46.3734
results2501/20250116S073150.874130E073652.313976_scanAz_slow.dat,53.8972
results2501/20250116S073653.276171E074154.719730_scanAz_slow.dat,61.2920
results2501/20250116S074155.682403E074657.125386_scanAz_slow.dat,68.4953
results2501/20250116S074658.087307E075159.526207_scanAz_slow.dat,76.4060
results2501/20250116S075200.490456E075636.010861_scanAz_slow.dat,83.9549
read results2501/20250116_090135_scanAz_slow.txt,0.0089
results2501/20250116S090136.201993E090637.746469_scanAz_slow.dat,7.8903
results2501/20250116S090638.707981E091140.152524_scanAz_slow.dat,15.5225
results2501/20250116S091141.111681E091642.559613_scanAz_slow.dat,23.5237
results2501/20250116S091643.516814E092144.960717_scanAz_slow.dat,31.2524
results2501/20250116S092145.923430E092647.363666_scanAz_slow.dat,38.9561
results2501/20250116S092648.327583E093149.765857_scanAz_slow.dat,46.0671
results2501/20250116S093150.730125E093652.172839_scanAz_slow.dat,53.2778
results2501/20250116S093653.130396E094154.578875_scanAz_slow.dat,61.1228
results2501/20250116S094155.536091E094656.982934_scanAz_slow.dat,69.1256
results2501/20250116S094657.941010E095159.383209_scanAz_slow.dat,76.6882
results2501/20250116S095200.347503E095635.866258_scanAz_slow.dat,83.9289
read results2501/20250116_100134_scanAz_slow.txt,0.0089
results2501/20250116S100136.031130E100637.603768_scanAz_slow.dat,7.3890
results2501/20250116S100638.566416E101140.006807_scanAz_slow.dat,15.5749
results2501/20250116S101140.969229E101642.410768_scanAz_slow.dat,23.0819
results2501/20250116S101643.375020E102144.819400_scanAz_slow.dat,31.0642
results2501/20250116S102145.776894E102647.220005_scanAz_slow.dat,39.0101
results2501/20250116S102648.183683E103149.624142_scanAz_slow.dat,46.7468
results2501/20250116S103150.587500E103652.032214_scanAz_slow.dat,54.3986
results2501/20250116S103652.990053E104154.434396_scanAz_slow.dat,60.7869
results2501/20250116S104155.391680E104656.837111_scanAz_slow.dat,67.2397
results2501/20250116S104657.800449E105159.243283_scanAz_slow.dat,74.0334
results2501/20250116S105200.203619E105635.723536_scanAz_slow.dat,80.8426
read results2501/20250116_110134_scanAz_slow.txt,0.0077
results2501/20250116S110135.820457E110637.366805_scanAz_slow.dat,7.5473
results2501/20250116S110638.323450E111139.767869_scanAz_slow.dat,14.8833
results2501/20250116S111140.730615E111642.170722_scanAz_slow.dat,22.5740
results2501/20250116S111643.134332E112144.578906_scanAz_slow.dat,30.0696
results2501/20250116S112145.536145E112646.981635_scanAz_slow.dat,37.8319
results2501/20250116S112647.938547E113149.388004_scanAz_slow.dat,45.1510
results2501/20250116S113150.346145E113651.787531_scanAz_slow.dat,52.4473
results2501/20250116S113652.750802E114154.194159_scanAz_slow.dat,59.5694
results2501/20250116S114155.151421E114656.595459_scanAz_slow.dat,66.9420
results2501/20250116S114657.558199E115158.998907_scanAz_slow.dat,74.5397
results2501/20250116S115159.963152E115635.482080_scanAz_slow.dat,81.6685
read results2501/20250116_130134_scanAz_slow.txt,0.0083
results2501/20250116S130135.599857E130637.172196_scanAz_slow.dat,7.2320
results2501/20250116S130638.133603E131139.576499_scanAz_slow.dat,14.8200
results2501/20250116S131140.537524E131641.983138_scanAz_slow.dat,22.3916
results2501/20250116S131642.939140E132144.387032_scanAz_slow.dat,30.1372
results2501/20250116S132145.343043E132646.791574_scanAz_slow.dat,37.8612
results2501/20250116S132647.747924E133149.194970_scanAz_slow.dat,45.5681
results2501/20250116S133150.150967E133651.595905_scanAz_slow.dat,52.9036
results2501/20250116S133652.558353E134153.998953_scanAz_slow.dat,60.2985
results2501/20250116S134154.961730E134656.402301_scanAz_slow.dat,67.8276
results2501/20250116S134657.365359E135158.806637_scanAz_slow.dat,75.4407
results2501/20250116S135159.768744E135635.290302_scanAz_slow.dat,82.5096
read results2501/20250116_140135_scanAz_slow.txt,0.0086
results2501/20250116S140136.394199E140637.940781_scanAz_slow.dat,6.7577
results2501/20250116S140638.900739E141140.347336_scanAz_slow.dat,14.1312
results2501/20250116S141141.303356E141642.750475_scanAz_slow.dat,21.5030
results2501/20250116S141643.706710E142145.155060_scanAz_slow.dat,28.4998
results2501/20250116S142146.111697E142647.559485_scanAz_slow.dat,35.7837
results2501/20250116S142648.516321E143149.958567_scanAz_slow.dat,43.4885
results2501/20250116S143150.921266E143652.361920_scanAz_slow.dat,51.0817
results2501/20250116S143653.323765E144154.769961_scanAz_slow.dat,58.5122
results2501/20250116S144155.731685E144657.172349_scanAz_slow.dat,66.2221
results2501/20250116S144658.131064E145159.575725_scanAz_slow.dat,73.8655
results2501/20250116S145200.537849E145636.057786_scanAz_slow.dat,81.6503
read results2501/20250116_150135_scanAz_slow.txt,0.0084
results2501/20250116S150136.227287E150637.793813_scanAz_slow.dat,7.4955
results2501/20250116S150638.753970E151140.199213_scanAz_slow.dat,15.3508
results2501/20250116S151141.162053E151642.605512_scanAz_slow.dat,22.3842
results2501/20250116S151643.561293E152145.009431_scanAz_slow.dat,29.5875
results2501/20250116S152145.965750E152647.411311_scanAz_slow.dat,36.4885
results2501/20250116S152648.374037E153149.817884_scanAz_slow.dat,43.7344
results2501/20250116S153150.773952E153652.219604_scanAz_slow.dat,51.9626
results2501/20250116S153653.181950E154154.624157_scanAz_slow.dat,59.1421
results2501/20250116S154155.585963E154657.025151_scanAz_slow.dat,66.4261
results2501/20250116S154657.987893E155159.430387_scanAz_slow.dat,73.2815
results2501/20250116S155200.393540E155635.914404_scanAz_slow.dat,80.1179
read results2501/20250116_170134_scanAz_slow.txt,0.0084
results2501/20250116S170136.034097E170637.602264_scanAz_slow.dat,7.6496
results2501/20250116S170638.565264E171140.007603_scanAz_slow.dat,15.3652
results2501/20250116S171140.969134E171642.414388_scanAz_slow.dat,23.1663
results2501/20250116S171643.371843E172144.817328_scanAz_slow.dat,31.0699
results2501/20250116S172145.774570E172647.220686_scanAz_slow.dat,39.0993
results2501/20250116S172648.177622E173149.625422_scanAz_slow.dat,46.5998
results2501/20250116S173150.583233E173652.028943_scanAz_slow.dat,53.8873
results2501/20250116S173652.985875E174154.429935_scanAz_slow.dat,61.2165
results2501/20250116S174155.392928E174656.837810_scanAz_slow.dat,68.8426
results2501/20250116S174657.795431E175159.242066_scanAz_slow.dat,76.4029
results2501/20250116S175200.199867E175635.721733_scanAz_slow.dat,84.2988
read results2501/20250116_180134_scanAz_slow.txt,0.0083
results2501/20250116S180135.790479E180637.362998_scanAz_slow.dat,7.0679
results2501/20250116S180638.325359E181139.767695_scanAz_slow.dat,14.3650
results2501/20250116S181140.729747E181642.171481_scanAz_slow.dat,22.1720
results2501/20250116S181643.128641E182144.575316_scanAz_slow.dat,29.2225
results2501/20250116S182145.537992E182646.981422_scanAz_slow.dat,35.8044
results2501/20250116S182647.941412E183149.385098_scanAz_slow.dat,43.1885
results2501/20250116S183150.342667E183651.785485_scanAz_slow.dat,50.8915
results2501/20250116S183652.748175E184154.189426_scanAz_slow.dat,58.3157
results2501/20250116S184155.153006E184656.593162_scanAz_slow.dat,65.5174
results2501/20250116S184657.555869E185159.001491_scanAz_slow.dat,72.1559
results2501/20250116S185159.959668E185635.480433_scanAz_slow.dat,79.2731
read results2501/20250116_190135_scanAz_slow.txt,0.0082
results2501/20250116S190136.585065E190638.129142_scanAz_slow.dat,7.4074
results2501/20250116S190639.090909E191140.533308_scanAz_slow.dat,13.9687
results2501/20250116S191141.495821E191642.940439_scanAz_slow.dat,21.0081
results2501/20250116S191643.897384E192145.341922_scanAz_slow.dat,28.5041
results2501/20250116S192146.304961E192647.748068_scanAz_slow.dat,36.2591
results2501/20250116S192648.705589E193150.152638_scanAz_slow.dat,42.6506
results2501/20250116S193151.110493E193652.554872_scanAz_slow.dat,49.8952
results2501/20250116S193653.512380E194154.960152_scanAz_slow.dat,57.2079
results2501/20250116S194155.917046E194657.360788_scanAz_slow.dat,64.5309
results2501/20250116S194658.321029E195159.769232_scanAz_slow.dat,71.4580
results2501/20250116S195200.727961E195636.248405_scanAz_slow.dat,78.6748
read results2501/20250116_210135_scanAz_slow.txt,0.0085
results2501/20250116S210136.390628E210637.934793_scanAz_slow.dat,7.2623
results2501/20250116S210638.895925E211140.338459_scanAz_slow.dat,14.0481
results2501/20250116S211141.299729E211642.742737_scanAz_slow.dat,21.7009
results2501/20250116S211643.705501E212145.146836_scanAz_slow.dat,29.5896
results2501/20250116S212146.109594E212647.551656_scanAz_slow.dat,37.1211
results2501/20250116S212648.514642E213149.953944_scanAz_slow.dat,45.1666
results2501/20250116S213150.916300E213652.362094_scanAz_slow.dat,52.8245
results2501/20250116S213653.318666E214154.764135_scanAz_slow.dat,60.7421
results2501/20250116S214155.725869E214657.165294_scanAz_slow.dat,67.9471
results2501/20250116S214658.128280E215159.572155_scanAz_slow.dat,75.4074
results2501/20250116S215200.534014E215636.054011_scanAz_slow.dat,82.9212
read results2501/20250116_220135_scanAz_slow.txt,0.0082
results2501/20250116S220136.198955E220637.743864_scanAz_slow.dat,7.4191
results2501/20250116S220638.704416E221140.144149_scanAz_slow.dat,15.3304
results2501/20250116S221141.105143E221642.552310_scanAz_slow.dat,22.8376
results2501/20250116S221643.508309E222144.956273_scanAz_slow.dat,30.4515
results2501/20250116S222145.912358E222647.360710_scanAz_slow.dat,38.1096
results2501/20250116S222648.320020E223149.760570_scanAz_slow.dat,45.4863
results2501/20250116S223150.723352E223652.168929_scanAz_slow.dat,53.0116
results2501/20250116S223653.125793E224154.572966_scanAz_slow.dat,60.6200
results2501/20250116S224155.529611E224656.973835_scanAz_slow.dat,68.4265
results2501/20250116S224657.935990E225159.380877_scanAz_slow.dat,75.5494
results2501/20250116S225200.337280E225635.861503_scanAz_slow.dat,83.6923
read results2501/20250117_010134_scanAz_slow.txt,0.0087
results2501/20250117S010135.867523E010637.406729_scanAz_slow.dat,7.1837
results2501/20250117S010638.362707E011139.806789_scanAz_slow.dat,14.5954
results2501/20250117S011140.768934E011642.215050_scanAz_slow.dat,22.1912
results2501/20250117S011643.172218E012144.617613_scanAz_slow.dat,30.1769
results2501/20250117S012145.574842E012647.019077_scanAz_slow.dat,37.3919
results2501/20250117S012647.981773E013149.425995_scanAz_slow.dat,45.0224
results2501/20250117S013150.384114E013651.829889_scanAz_slow.dat,51.5632
results2501/20250117S013652.787072E014154.231783_scanAz_slow.dat,59.2384
results2501/20250117S014155.189935E014656.636159_scanAz_slow.dat,66.8551
results2501/20250117S014657.593097E015159.038908_scanAz_slow.dat,74.4412
results2501/20250117S015159.996530E015635.519711_scanAz_slow.dat,81.9402
read results2501/20250117_020134_scanAz_slow.txt,0.0104
results2501/20250117S020135.676139E020637.212543_scanAz_slow.dat,7.2878
results2501/20250117S020638.168309E021139.616087_scanAz_slow.dat,15.3718
results2501/20250117S021140.575678E021642.018423_scanAz_slow.dat,22.8369
results2501/20250117S021642.981057E022144.421673_scanAz_slow.dat,30.3209
results2501/20250117S022145.384967E022646.824033_scanAz_slow.dat,37.7120
results2501/20250117S022647.788018E023149.228316_scanAz_slow.dat,45.6668
results2501/20250117S023150.191901E023651.631956_scanAz_slow.dat,53.0268
results2501/20250117S023652.595627E024154.039490_scanAz_slow.dat,60.9481
results2501/20250117S024154.998775E024656.444669_scanAz_slow.dat,67.6366
results2501/20250117S024657.403019E025158.843763_scanAz_slow.dat,75.8111
results2501/20250117S025159.807473E025635.329429_scanAz_slow.dat,83.1816
read results2501/20250117_030135_scanAz_slow.txt,0.0083
results2501/20250117S030136.481072E030638.072184_scanAz_slow.dat,7.2247
results2501/20250117S030639.033923E031140.478625_scanAz_slow.dat,14.9989
results2501/20250117S031141.436184E031642.882976_scanAz_slow.dat,22.7831
results2501/20250117S031643.840477E032145.287873_scanAz_slow.dat,30.3587
results2501/20250117S032146.245055E032647.687326_scanAz_slow.dat,38.0198
results2501/20250117S032648.649963E033150.094211_scanAz_slow.dat,45.2046
results2501/20250117S033151.051777E033652.496758_scanAz_slow.dat,52.7675
results2501/20250117S033653.455305E034154.903761_scanAz_slow.dat,60.4063
results2501/20250117S034155.861861E034657.303740_scanAz_slow.dat,68.0756
results2501/20250117S034658.267285E035159.711753_scanAz_slow.dat,74.8224
results2501/20250117S035200.668945E035636.190720_scanAz_slow.dat,82.1332
read results2501/20250117_050135_scanAz_slow.txt,0.0102
results2501/20250117S050136.334383E050637.880305_scanAz_slow.dat,7.4118
results2501/20250117S050638.840545E051140.283212_scanAz_slow.dat,14.5890
results2501/20250117S051141.244790E051642.685821_scanAz_slow.dat,22.0295
results2501/20250117S051643.648245E052145.093186_scanAz_slow.dat,29.7492
results2501/20250117S052146.050490E052647.497683_scanAz_slow.dat,37.4504
results2501/20250117S052648.455289E053149.900830_scanAz_slow.dat,45.2043
results2501/20250117S053150.859701E053652.304070_scanAz_slow.dat,53.2265
results2501/20250117S053653.260950E054154.709081_scanAz_slow.dat,60.7276
results2501/20250117S054155.666043E054657.108518_scanAz_slow.dat,68.1982
results2501/20250117S054658.068199E055159.516023_scanAz_slow.dat,75.8466
results2501/20250117S055200.473284E055635.995112_scanAz_slow.dat,82.8484
read results2501/20250117_060135_scanAz_slow.txt,0.0095
results2501/20250117S060136.188401E060637.734962_scanAz_slow.dat,7.0054
results2501/20250117S060638.695806E061140.139105_scanAz_slow.dat,14.3825
results2501/20250117S061141.099858E061642.543673_scanAz_slow.dat,21.7587
results2501/20250117S061643.500617E062144.947344_scanAz_slow.dat,29.4268
results2501/20250117S062145.903452E062647.347136_scanAz_slow.dat,36.5783
results2501/20250117S062648.309197E063149.756156_scanAz_slow.dat,44.2537
results2501/20250117S063150.714041E063652.155708_scanAz_slow.dat,51.6567
results2501/20250117S063653.118670E064154.560941_scanAz_slow.dat,59.1732
results2501/20250117S064155.523046E064656.962537_scanAz_slow.dat,66.7490
results2501/20250117S064657.927044E065159.368467_scanAz_slow.dat,74.2481
results2501/20250117S065200.330661E065635.849949_scanAz_slow.dat,81.4941
read results2501/20250117_070134_scanAz_slow.txt,0.0090
results2501/20250117S070135.994945E070637.539987_scanAz_slow.dat,7.4897
results2501/20250117S070638.500512E071139.941022_scanAz_slow.dat,14.6557
results2501/20250117S071140.902998E071642.345460_scanAz_slow.dat,22.8928
results2501/20250117S071643.307937E072144.753962_scanAz_slow.dat,30.3338
results2501/20250117S072145.710338E072647.157792_scanAz_slow.dat,37.5324
results2501/20250117S072648.113427E073149.558109_scanAz_slow.dat,45.1922
results2501/20250117S073150.519959E073651.962222_scanAz_slow.dat,53.2199
results2501/20250117S073652.924392E074154.368452_scanAz_slow.dat,60.4072
results2501/20250117S074155.324222E074656.772617_scanAz_slow.dat,67.8151
results2501/20250117S074657.730360E075159.175399_scanAz_slow.dat,75.7885
results2501/20250117S075200.136902E075635.657450_scanAz_slow.dat,83.2616
read results2501/20250117_090134_scanAz_slow.txt,0.0076
results2501/20250117S090135.772053E090637.349507_scanAz_slow.dat,6.4982
results2501/20250117S090638.306949E091139.747534_scanAz_slow.dat,12.9822
results2501/20250117S091140.712090E091642.152083_scanAz_slow.dat,20.5522
results2501/20250117S091643.115484E092144.558921_scanAz_slow.dat,28.5954
results2501/20250117S092145.521590E092646.965637_scanAz_slow.dat,35.6279
results2501/20250117S092647.924400E093149.370038_scanAz_slow.dat,44.0236
results2501/20250117S093150.329378E093651.771975_scanAz_slow.dat,51.1054
results2501/20250117S093652.729233E094154.177813_scanAz_slow.dat,58.1053
results2501/20250117S094155.138425E094656.582194_scanAz_slow.dat,64.7860
results2501/20250117S094657.542368E095158.986114_scanAz_slow.dat,72.6095
results2501/20250117S095159.943457E095635.464715_scanAz_slow.dat,80.3308
read results2501/20250117_100135_scanAz_slow.txt,0.0075
results2501/20250117S100136.570568E100638.117189_scanAz_slow.dat,7.5957
results2501/20250117S100639.078845E101140.519873_scanAz_slow.dat,15.4760
results2501/20250117S101141.481685E101642.925175_scanAz_slow.dat,22.9170
results2501/20250117S101643.882070E102145.325563_scanAz_slow.dat,30.3249
results2501/20250117S102146.289729E102647.730944_scanAz_slow.dat,37.6974
results2501/20250117S102648.694574E103150.133999_scanAz_slow.dat,44.9146
results2501/20250117S103151.098229E103652.540102_scanAz_slow.dat,51.7696
results2501/20250117S103653.502803E104154.943636_scanAz_slow.dat,58.8865
results2501/20250117S104155.906897E104657.346734_scanAz_slow.dat,66.3508
results2501/20250117S104658.310107E105159.755939_scanAz_slow.dat,74.0110
results2501/20250117S105200.714398E105636.235649_scanAz_slow.dat,81.4833
read results2501/20250117_110135_scanAz_slow.txt,0.0102
results2501/20250117S110136.380621E110637.923346_scanAz_slow.dat,7.7450
results2501/20250117S110638.885996E111140.329437_scanAz_slow.dat,15.0965
results2501/20250117S111141.291903E111642.731477_scanAz_slow.dat,22.2336
results2501/20250117S111643.695703E112145.138987_scanAz_slow.dat,29.2017
results2501/20250117S112146.096254E112647.544203_scanAz_slow.dat,36.8324
results2501/20250117S112648.501434E113149.944236_scanAz_slow.dat,43.3585
results2501/20250117S113150.907916E113652.348115_scanAz_slow.dat,50.9764
results2501/20250117S113653.310779E114154.756622_scanAz_slow.dat,58.6368
results2501/20250117S114155.714473E114657.157999_scanAz_slow.dat,65.5061
results2501/20250117S114658.120841E115159.564487_scanAz_slow.dat,72.6878
results2501/20250117S115200.521451E115636.044768_scanAz_slow.dat,79.8148
read results2501/20250117_130135_scanAz_slow.txt,0.0170
results2501/20250117S130136.191680E130637.737496_scanAz_slow.dat,7.8489
results2501/20250117S130638.697448E131140.141626_scanAz_slow.dat,15.9235
results2501/20250117S131141.103484E131642.544458_scanAz_slow.dat,23.4976
results2501/20250117S131643.505857E132144.950724_scanAz_slow.dat,31.0035
results2501/20250117S132145.907639E132647.351123_scanAz_slow.dat,38.4222
results2501/20250117S132648.313499E133149.758376_scanAz_slow.dat,45.9679
results2501/20250117S133150.715007E133652.159186_scanAz_slow.dat,52.7289
results2501/20250117S133653.121912E134154.566851_scanAz_slow.dat,59.7230
results2501/20250117S134155.524207E134656.966992_scanAz_slow.dat,67.2458
results2501/20250117S134657.931169E135159.372315_scanAz_slow.dat,74.8361
results2501/20250117S135200.333993E135635.855900_scanAz_slow.dat,82.2572
read results2501/20250117_140134_scanAz_slow.txt,0.0147
results2501/20250117S140136.015405E140637.546706_scanAz_slow.dat,8.4186
results2501/20250117S140638.506896E141139.952718_scanAz_slow.dat,16.0836
results2501/20250117S141140.907962E141642.356084_scanAz_slow.dat,24.0535
results2501/20250117S141643.313299E142144.759940_scanAz_slow.dat,31.3917
results2501/20250117S142145.715998E142647.164341_scanAz_slow.dat,39.0572
results2501/20250117S142648.120627E143149.563403_scanAz_slow.dat,46.5549
results2501/20250117S143150.525156E143651.970736_scanAz_slow.dat,54.2348
results2501/20250117S143652.932197E144154.372506_scanAz_slow.dat,62.2870
results2501/20250117S144155.334955E144656.777544_scanAz_slow.dat,69.8076
results2501/20250117S144657.735659E145159.184244_scanAz_slow.dat,78.1015
results2501/20250117S145200.140708E145635.665793_scanAz_slow.dat,85.6915
read results2501/20250117_150134_scanAz_slow.txt,0.0081
results2501/20250117S150135.857385E150637.400163_scanAz_slow.dat,7.4208
results2501/20250117S150638.360628E151139.805315_scanAz_slow.dat,15.2484
results2501/20250117S151140.766660E151642.211325_scanAz_slow.dat,22.5709
results2501/20250117S151643.173121E152144.617925_scanAz_slow.dat,29.4359
results2501/20250117S152145.574924E152647.017550_scanAz_slow.dat,36.6667
results2501/20250117S152647.980535E153149.426322_scanAz_slow.dat,44.3907
results2501/20250117S153150.383346E153651.829791_scanAz_slow.dat,51.5822
results2501/20250117S153652.786039E154154.228966_scanAz_slow.dat,58.7126
results2501/20250117S154155.191394E154656.634884_scanAz_slow.dat,65.5431
results2501/20250117S154657.598602E155159.041634_scanAz_slow.dat,73.6149
results2501/20250117S155159.997940E155635.521314_scanAz_slow.dat,80.8667
read results2501/20250117_170134_scanAz_slow.txt,0.0081
results2501/20250117S170135.775117E170637.305136_scanAz_slow.dat,7.3653
results2501/20250117S170638.266434E171139.710199_scanAz_slow.dat,14.6145
results2501/20250117S171140.672917E171642.116409_scanAz_slow.dat,22.5282
results2501/20250117S171643.073301E172144.517651_scanAz_slow.dat,30.7223
results2501/20250117S172145.480739E172646.922877_scanAz_slow.dat,38.5028
results2501/20250117S172647.885550E173149.328704_scanAz_slow.dat,45.7315
results2501/20250117S173150.285629E173651.730248_scanAz_slow.dat,53.1598
results2501/20250117S173652.693246E174154.133104_scanAz_slow.dat,60.6491
results2501/20250117S174155.096757E174656.540856_scanAz_slow.dat,68.6476
results2501/20250117S174657.500642E175158.944471_scanAz_slow.dat,76.1650
results2501/20250117S175159.901472E175635.425049_scanAz_slow.dat,81.9752
read results2501/20250117_180135_scanAz_slow.txt,0.0084
results2501/20250117S180136.577993E180638.122244_scanAz_slow.dat,7.0613
results2501/20250117S180639.083799E181140.525787_scanAz_slow.dat,14.7492
results2501/20250117S181141.489807E181642.931585_scanAz_slow.dat,22.0223
results2501/20250117S181643.894887E182145.336587_scanAz_slow.dat,28.9150
results2501/20250117S182146.293489E182647.741954_scanAz_slow.dat,36.6240
results2501/20250117S182648.700093E183150.144167_scanAz_slow.dat,43.5429
results2501/20250117S183151.106861E183652.550513_scanAz_slow.dat,51.2245
results2501/20250117S183653.508026E184154.950832_scanAz_slow.dat,59.0033
results2501/20250117S184155.914214E184657.355199_scanAz_slow.dat,66.3775
results2501/20250117S184658.318240E185159.757652_scanAz_slow.dat,73.5039
results2501/20250117S185200.721512E185636.243139_scanAz_slow.dat,81.1599
read results2501/20250117_190135_scanAz_slow.txt,0.0084
results2501/20250117S190136.386115E190637.932366_scanAz_slow.dat,7.6402
results2501/20250117S190638.893851E191140.336779_scanAz_slow.dat,14.9489
results2501/20250117S191141.298685E191642.737710_scanAz_slow.dat,22.7247
results2501/20250117S191643.701624E192145.145972_scanAz_slow.dat,30.2393
results2501/20250117S192146.102935E192647.549375_scanAz_slow.dat,37.4427
results2501/20250117S192648.506901E193149.954213_scanAz_slow.dat,45.1102
results2501/20250117S193150.912370E193652.357158_scanAz_slow.dat,52.3301
results2501/20250117S193653.314116E194154.762508_scanAz_slow.dat,59.9919
results2501/20250117S194155.721493E194657.161472_scanAz_slow.dat,66.7131
results2501/20250117S194658.125551E195159.569721_scanAz_slow.dat,74.0257
results2501/20250117S195200.528190E195636.049802_scanAz_slow.dat,81.6588
read results2501/20250117_210135_scanAz_slow.txt,0.0086
results2501/20250117S210136.287839E210637.835191_scanAz_slow.dat,7.6454
results2501/20250117S210638.795942E211140.238280_scanAz_slow.dat,15.1063
results2501/20250117S211141.199601E211642.643428_scanAz_slow.dat,22.8637
results2501/20250117S211643.600377E212145.046318_scanAz_slow.dat,30.8646
results2501/20250117S212146.008441E212647.452647_scanAz_slow.dat,37.6019
results2501/20250117S212648.408927E213149.852337_scanAz_slow.dat,44.3468
results2501/20250117S213150.816629E213652.259937_scanAz_slow.dat,52.3971
results2501/20250117S213653.216333E214154.665005_scanAz_slow.dat,60.1591
results2501/20250117S214155.622269E214657.064968_scanAz_slow.dat,67.7864
results2501/20250117S214658.024035E215159.470198_scanAz_slow.dat,75.1341
results2501/20250117S215200.432076E215635.951152_scanAz_slow.dat,83.0283
read results2501/20250117_220135_scanAz_slow.txt,0.0085
results2501/20250117S220136.155283E220637.689313_scanAz_slow.dat,6.8913
results2501/20250117S220638.650454E221140.095709_scanAz_slow.dat,13.3806
results2501/20250117S221141.052777E221642.498468_scanAz_slow.dat,19.9604
results2501/20250117S221643.460529E222144.899339_scanAz_slow.dat,27.9800
results2501/20250117S222145.861367E222647.308676_scanAz_slow.dat,35.6412
results2501/20250117S222648.265074E223149.712138_scanAz_slow.dat,42.3786
results2501/20250117S223150.668096E223652.116296_scanAz_slow.dat,49.9498
results2501/20250117S223653.072277E224154.517729_scanAz_slow.dat,57.0437
results2501/20250117S224155.479370E224656.921961_scanAz_slow.dat,64.3572
results2501/20250117S224657.879956E225159.324599_scanAz_slow.dat,72.2102
results2501/20250117S225200.287154E225635.808940_scanAz_slow.dat,80.0681
read results2501/20250118_010134_scanAz_slow.txt,0.0093
results2501/20250118S010135.814272E010637.349015_scanAz_slow.dat,7.6996
results2501/20250118S010638.310773E011139.756806_scanAz_slow.dat,15.5006
results2501/20250118S011140.713735E011642.154938_scanAz_slow.dat,22.3321
results2501/20250118S011643.118804E012144.564252_scanAz_slow.dat,29.5962
results2501/20250118S012145.522331E012646.966327_scanAz_slow.dat,37.3616
results2501/20250118S012647.923296E013149.370828_scanAz_slow.dat,44.8228
results2501/20250118S013150.328092E013651.773365_scanAz_slow.dat,52.7251
results2501/20250118S013652.736116E014154.175690_scanAz_slow.dat,60.7639
results2501/20250118S014155.138692E014656.582345_scanAz_slow.dat,68.3292
results2501/20250118S014657.540436E015158.985852_scanAz_slow.dat,75.2588
results2501/20250118S015159.943500E015635.464999_scanAz_slow.dat,82.6887
read results2501/20250118_020134_scanAz_slow.txt,0.0085
results2501/20250118S020135.608487E020637.153553_scanAz_slow.dat,7.1578
results2501/20250118S020638.115605E021139.558112_scanAz_slow.dat,14.8139
results2501/20250118S021140.519974E021641.964875_scanAz_slow.dat,22.1356
results2501/20250118S021642.922656E022144.368192_scanAz_slow.dat,28.7198
results2501/20250118S022145.325395E022646.772171_scanAz_slow.dat,36.3281
results2501/20250118S022647.729141E023149.177150_scanAz_slow.dat,43.4437
results2501/20250118S023150.135992E023651.577097_scanAz_slow.dat,50.5593
results2501/20250118S023652.540794E024153.979717_scanAz_slow.dat,58.2825
results2501/20250118S024154.943981E024656.388181_scanAz_slow.dat,66.0619
results2501/20250118S024657.345705E025158.787583_scanAz_slow.dat,73.7917
results2501/20250118S025159.751443E025635.272082_scanAz_slow.dat,80.5668
read results2501/20250118_030135_scanAz_slow.txt,0.0080
results2501/20250118S030136.423169E030637.971039_scanAz_slow.dat,7.4577
results2501/20250118S030638.926799E031140.376220_scanAz_slow.dat,15.3158
results2501/20250118S031141.332614E031642.779292_scanAz_slow.dat,22.9559
results2501/20250118S031643.738306E032145.184256_scanAz_slow.dat,30.0238
results2501/20250118S032146.142987E032647.587276_scanAz_slow.dat,37.7810
results2501/20250118S032648.546917E033149.991476_scanAz_slow.dat,45.6781
results2501/20250118S033150.949551E033652.393240_scanAz_slow.dat,53.0235
results2501/20250118S033653.351535E034154.800458_scanAz_slow.dat,60.0707
results2501/20250118S034155.759552E034657.203636_scanAz_slow.dat,66.9854
results2501/20250118S034658.163534E035159.603574_scanAz_slow.dat,75.2780
results2501/20250118S035200.567763E035636.089059_scanAz_slow.dat,81.8441
read results2501/20250118_050135_scanAz_slow.txt,0.0086
results2501/20250118S050136.194290E050637.729450_scanAz_slow.dat,7.3977
results2501/20250118S050638.691454E051140.134990_scanAz_slow.dat,14.1479
results2501/20250118S051141.096771E051642.542854_scanAz_slow.dat,21.7006
results2501/20250118S051643.500198E052144.946551_scanAz_slow.dat,28.4815
results2501/20250118S052145.903672E052647.349042_scanAz_slow.dat,35.9685
results2501/20250118S052648.310411E053149.754904_scanAz_slow.dat,43.8207
results2501/20250118S053150.711208E053652.155878_scanAz_slow.dat,51.7633
results2501/20250118S053653.117848E054154.559691_scanAz_slow.dat,59.5032
results2501/20250118S054155.522371E054656.967419_scanAz_slow.dat,66.5448
results2501/20250118S054657.923729E055159.370878_scanAz_slow.dat,75.0487
results2501/20250118S055200.326974E055635.851242_scanAz_slow.dat,82.1355
read results2501/20250118_060134_scanAz_slow.txt,0.0084
results2501/20250118S060135.997359E060637.538257_scanAz_slow.dat,7.3772
results2501/20250118S060638.498789E061139.945149_scanAz_slow.dat,14.2498
results2501/20250118S061140.907048E061642.351240_scanAz_slow.dat,21.8930
results2501/20250118S061643.307292E062144.751979_scanAz_slow.dat,29.3883
results2501/20250118S062145.714377E062647.155844_scanAz_slow.dat,36.2578
results2501/20250118S062648.119446E063149.560451_scanAz_slow.dat,44.1063
results2501/20250118S063150.522280E063651.967284_scanAz_slow.dat,51.3969
results2501/20250118S063652.923915E064154.368597_scanAz_slow.dat,59.3916
results2501/20250118S064155.330719E064656.774101_scanAz_slow.dat,67.0338
results2501/20250118S064657.735628E065159.181780_scanAz_slow.dat,74.6158
results2501/20250118S065200.138271E065635.661996_scanAz_slow.dat,81.5898
read results2501/20250118_070134_scanAz_slow.txt,0.0085
results2501/20250118S070135.817014E070637.350367_scanAz_slow.dat,7.2883
results2501/20250118S070638.310589E071139.754936_scanAz_slow.dat,14.2850
results2501/20250118S071140.716260E071642.161437_scanAz_slow.dat,21.0127
results2501/20250118S071643.117051E072144.565830_scanAz_slow.dat,28.4554
results2501/20250118S072145.522805E072646.966427_scanAz_slow.dat,35.5988
results2501/20250118S072647.929704E073149.369828_scanAz_slow.dat,43.4709
results2501/20250118S073150.332166E073651.774315_scanAz_slow.dat,50.9179
results2501/20250118S073652.736028E074154.183197_scanAz_slow.dat,58.4528
results2501/20250118S074155.142010E074656.585778_scanAz_slow.dat,66.3078
results2501/20250118S074657.542718E075158.990747_scanAz_slow.dat,73.5919
results2501/20250118S075159.948084E075635.470756_scanAz_slow.dat,80.7372
read results2501/20250118_090134_scanAz_slow.txt,0.0123
results2501/20250118S090135.662046E090637.210680_scanAz_slow.dat,7.5163
results2501/20250118S090638.166157E091139.613700_scanAz_slow.dat,14.7628
results2501/20250118S091140.570929E091642.016426_scanAz_slow.dat,21.8970
results2501/20250118S091642.973384E092144.419216_scanAz_slow.dat,29.9910
results2501/20250118S092145.382227E092646.826391_scanAz_slow.dat,37.4697
results2501/20250118S092647.783384E093149.226719_scanAz_slow.dat,45.2431
results2501/20250118S093150.189909E093651.631732_scanAz_slow.dat,53.2958
results2501/20250118S093652.594453E094154.034470_scanAz_slow.dat,61.1131
results2501/20250118S094154.997787E094656.437091_scanAz_slow.dat,69.0679
results2501/20250118S094657.400399E095158.842025_scanAz_slow.dat,76.2946
results2501/20250118S095159.805995E095635.326065_scanAz_slow.dat,83.5274
read results2501/20250118_100135_scanAz_slow.txt,0.0088
results2501/20250118S100136.479275E100638.026268_scanAz_slow.dat,9.0084
results2501/20250118S100638.982064E101140.431175_scanAz_slow.dat,16.3760
results2501/20250118S101141.390015E101642.829878_scanAz_slow.dat,23.0385
results2501/20250118S101643.793157E102145.238311_scanAz_slow.dat,31.0807
results2501/20250118S102146.195231E102647.643755_scanAz_slow.dat,38.2489
results2501/20250118S102648.602787E103150.046839_scanAz_slow.dat,46.0324
results2501/20250118S103151.004832E103652.447284_scanAz_slow.dat,53.0398
results2501/20250118S103653.410879E104154.852561_scanAz_slow.dat,60.5635
results2501/20250118S104155.816179E104657.259311_scanAz_slow.dat,68.0131
results2501/20250118S104658.217413E105159.663809_scanAz_slow.dat,76.0697
results2501/20250118S105200.621077E105636.144418_scanAz_slow.dat,84.0135
read results2501/20250118_110135_scanAz_slow.txt,0.0083
results2501/20250118S110136.288551E110637.834823_scanAz_slow.dat,7.1750
results2501/20250118S110638.796082E111140.235537_scanAz_slow.dat,14.9495
results2501/20250118S111141.200122E111642.641893_scanAz_slow.dat,21.4563
results2501/20250118S111643.604596E112145.047843_scanAz_slow.dat,27.9532
results2501/20250118S112146.006664E112647.447571_scanAz_slow.dat,35.3264
results2501/20250118S112648.411771E113149.855751_scanAz_slow.dat,42.4816
results2501/20250118S113150.812703E113652.254761_scanAz_slow.dat,49.2309
results2501/20250118S113653.219904E114154.663609_scanAz_slow.dat,56.4004
results2501/20250118S114155.623216E114657.065456_scanAz_slow.dat,63.7774
results2501/20250118S114658.023911E115159.471688_scanAz_slow.dat,71.4311
results2501/20250118S115200.431697E115635.952959_scanAz_slow.dat,79.4870
read results2501/20250118_130135_scanAz_slow.txt,0.0085
results2501/20250118S130136.118238E130637.691468_scanAz_slow.dat,7.6866
results2501/20250118S130638.652011E131140.094108_scanAz_slow.dat,15.5839
results2501/20250118S131141.055177E131642.496466_scanAz_slow.dat,23.6644
results2501/20250118S131643.459564E132144.901491_scanAz_slow.dat,30.6948
results2501/20250118S132145.863297E132647.303841_scanAz_slow.dat,38.8051
results2501/20250118S132648.267168E133149.712137_scanAz_slow.dat,45.9950
results2501/20250118S133150.668159E133652.111199_scanAz_slow.dat,53.6836
results2501/20250118S133653.075763E134154.516138_scanAz_slow.dat,61.2631
results2501/20250118S134155.479228E134656.919564_scanAz_slow.dat,68.7003
results2501/20250118S134657.881063E135159.327811_scanAz_slow.dat,75.5680
results2501/20250118S135200.284055E135635.808257_scanAz_slow.dat,83.2934
read results2501/20250118_140134_scanAz_slow.txt,0.0078
results2501/20250118S140135.920737E140637.495920_scanAz_slow.dat,7.6744
results2501/20250118S140638.456111E141139.901749_scanAz_slow.dat,15.3477
results2501/20250118S141140.859722E141642.307299_scanAz_slow.dat,22.9275
results2501/20250118S141643.264183E142144.712585_scanAz_slow.dat,30.3476
results2501/20250118S142145.670016E142647.115092_scanAz_slow.dat,38.4917
results2501/20250118S142648.076839E143149.516243_scanAz_slow.dat,46.0853
results2501/20250118S143150.478348E143651.920238_scanAz_slow.dat,52.9655
results2501/20250118S143652.885073E144154.325354_scanAz_slow.dat,60.0103
results2501/20250118S144155.287551E144656.732130_scanAz_slow.dat,67.2774
results2501/20250118S144657.688986E145159.131596_scanAz_slow.dat,74.4727
results2501/20250118S145200.093152E145635.617879_scanAz_slow.dat,81.6579
read results2501/20250118_150134_scanAz_slow.txt,0.0084
results2501/20250118S150135.719053E150637.258033_scanAz_slow.dat,7.5913
results2501/20250118S150638.214597E151139.659840_scanAz_slow.dat,15.0001
results2501/20250118S151140.621427E151642.113241_scanAz_slow.dat,23.4000
results2501/20250118S151643.075670E152144.518156_scanAz_slow.dat,31.5133
results2501/20250118S152145.480592E152646.924487_scanAz_slow.dat,39.3130
results2501/20250118S152647.881697E153149.323665_scanAz_slow.dat,46.5437
results2501/20250118S153150.285465E153651.729512_scanAz_slow.dat,54.0061
results2501/20250118S153652.691942E154154.134267_scanAz_slow.dat,61.7650
results2501/20250118S154155.096400E154656.536459_scanAz_slow.dat,68.9493
results2501/20250118S154657.499151E155158.942658_scanAz_slow.dat,76.3974
results2501/20250118S155159.904825E155635.425355_scanAz_slow.dat,84.2867
read results2501/20250118_170135_scanAz_slow.txt,0.0088
results2501/20250118S170136.550894E170638.124205_scanAz_slow.dat,7.3672
results2501/20250118S170639.080378E171140.526119_scanAz_slow.dat,14.7119
results2501/20250118S171141.488210E171642.931893_scanAz_slow.dat,22.7892
results2501/20250118S171643.889168E172145.336442_scanAz_slow.dat,30.6727
results2501/20250118S172146.294637E172647.736275_scanAz_slow.dat,37.8564
results2501/20250118S172648.700512E173150.145609_scanAz_slow.dat,45.5454
results2501/20250118S173151.103523E173652.547524_scanAz_slow.dat,52.7865
results2501/20250118S173653.510202E174154.953989_scanAz_slow.dat,60.5262
results2501/20250118S174155.912826E174657.354655_scanAz_slow.dat,67.3578
results2501/20250118S174658.317325E175159.756692_scanAz_slow.dat,74.9673
results2501/20250118S175200.721305E175636.242197_scanAz_slow.dat,82.3309
read results2501/20250118_180135_scanAz_slow.txt,0.0083
results2501/20250118S180136.345383E180637.881626_scanAz_slow.dat,7.3407
results2501/20250118S180638.843823E181140.288020_scanAz_slow.dat,15.1635
results2501/20250118S181141.244676E181642.689318_scanAz_slow.dat,22.9170
results2501/20250118S181643.652582E182145.096114_scanAz_slow.dat,30.9083
results2501/20250118S182146.052988E182647.499510_scanAz_slow.dat,37.8646
results2501/20250118S182648.462204E183149.904046_scanAz_slow.dat,45.4712
results2501/20250118S183150.866796E183652.309764_scanAz_slow.dat,52.9272
results2501/20250118S183653.268173E184154.710707_scanAz_slow.dat,60.6096
results2501/20250118S184155.673430E184657.115711_scanAz_slow.dat,68.0272
results2501/20250118S184658.073182E185159.517250_scanAz_slow.dat,75.8311
results2501/20250118S185200.480672E185636.002009_scanAz_slow.dat,82.8041
read results2501/20250118_190135_scanAz_slow.txt,0.0090
results2501/20250118S190136.155417E190637.693418_scanAz_slow.dat,7.4935
results2501/20250118S190638.654697E191140.097273_scanAz_slow.dat,14.6913
results2501/20250118S191141.054649E191642.502584_scanAz_slow.dat,22.4340
results2501/20250118S191643.461954E192144.905188_scanAz_slow.dat,29.2352
results2501/20250118S192145.862090E192647.308667_scanAz_slow.dat,36.3192
results2501/20250118S192648.265643E193149.710545_scanAz_slow.dat,43.2677
results2501/20250118S193150.673901E193652.118370_scanAz_slow.dat,51.3033
results2501/20250118S193653.076535E194154.523038_scanAz_slow.dat,58.4479
results2501/20250118S194155.480539E194656.924678_scanAz_slow.dat,65.6093
results2501/20250118S194657.882764E195159.330782_scanAz_slow.dat,73.2012
results2501/20250118S195200.290204E195635.809841_scanAz_slow.dat,79.9628
read results2501/20250118_210134_scanAz_slow.txt,0.0087
results2501/20250118S210135.963851E210637.500833_scanAz_slow.dat,7.6067
results2501/20250118S210638.460899E211139.906306_scanAz_slow.dat,14.7013
results2501/20250118S211140.867208E211642.306643_scanAz_slow.dat,22.2187
results2501/20250118S211643.268902E212144.712282_scanAz_slow.dat,29.1171
results2501/20250118S212145.674849E212647.118439_scanAz_slow.dat,36.5338
results2501/20250118S212648.075698E213149.518610_scanAz_slow.dat,43.8051
results2501/20250118S213150.480158E213651.925275_scanAz_slow.dat,51.3029
results2501/20250118S213652.886804E214154.331766_scanAz_slow.dat,58.7780
results2501/20250118S214155.287759E214656.731600_scanAz_slow.dat,66.2872
results2501/20250118S214657.693902E215159.135742_scanAz_slow.dat,73.9687
results2501/20250118S215200.097598E215635.618386_scanAz_slow.dat,81.6044
read results2501/20250118_220134_scanAz_slow.txt,0.0085
results2501/20250118S220135.763249E220637.309635_scanAz_slow.dat,8.0298
results2501/20250118S220638.270202E221139.711528_scanAz_slow.dat,15.5295
results2501/20250118S221140.672547E221642.120255_scanAz_slow.dat,22.9016
results2501/20250118S221643.076273E222144.519589_scanAz_slow.dat,30.4333
results2501/20250118S222145.481023E222646.927456_scanAz_slow.dat,37.6203
results2501/20250118S222647.882903E223149.328155_scanAz_slow.dat,44.5210
results2501/20250118S223150.289645E223651.736646_scanAz_slow.dat,51.0561
results2501/20250118S223652.693321E224154.135153_scanAz_slow.dat,58.3714
results2501/20250118S224155.097585E224656.539364_scanAz_slow.dat,66.4619
results2501/20250118S224657.501815E225158.945750_scanAz_slow.dat,74.0970
results2501/20250118S225159.907578E225635.427539_scanAz_slow.dat,81.2162
read results2501/20250119_010135_scanAz_slow.txt,0.0082
results2501/20250119S010136.579725E010638.126401_scanAz_slow.dat,6.7674
results2501/20250119S010639.088203E011140.529692_scanAz_slow.dat,14.8668
results2501/20250119S011141.491868E011642.935316_scanAz_slow.dat,22.8356
results2501/20250119S011643.892222E012145.339896_scanAz_slow.dat,30.2386
results2501/20250119S012146.298343E012647.744795_scanAz_slow.dat,37.8421
results2501/20250119S012648.702947E013150.143325_scanAz_slow.dat,45.1144
results2501/20250119S013151.106301E013652.551953_scanAz_slow.dat,52.4738
results2501/20250119S013653.511621E014154.955628_scanAz_slow.dat,59.0410
results2501/20250119S014155.912734E014657.358523_scanAz_slow.dat,66.7305
results2501/20250119S014658.316023E015159.761497_scanAz_slow.dat,73.6676
results2501/20250119S015200.724542E015636.243463_scanAz_slow.dat,81.0354
read results2501/20250119_020135_scanAz_slow.txt,0.0087
results2501/20250119S020136.387867E020637.932596_scanAz_slow.dat,7.1603
results2501/20250119S020638.894075E021140.336105_scanAz_slow.dat,14.0765
results2501/20250119S021141.298924E021642.739609_scanAz_slow.dat,21.6144
results2501/20250119S021643.702583E022145.145040_scanAz_slow.dat,28.9010
results2501/20250119S022146.107692E022647.552086_scanAz_slow.dat,36.1469
results2501/20250119S022648.509357E023149.952154_scanAz_slow.dat,43.1417
results2501/20250119S023150.915196E023652.355229_scanAz_slow.dat,50.1507
results2501/20250119S023653.319466E024154.764030_scanAz_slow.dat,58.0827
results2501/20250119S024155.721246E024657.163486_scanAz_slow.dat,66.1293
results2501/20250119S024658.123046E025159.572003_scanAz_slow.dat,73.2910
results2501/20250119S025200.531322E025636.052913_scanAz_slow.dat,80.6805
read results2501/20250119_030135_scanAz_slow.txt,0.0081
results2501/20250119S030136.195598E030637.789038_scanAz_slow.dat,7.3512
results2501/20250119S030638.750214E031140.193983_scanAz_slow.dat,13.9795
results2501/20250119S031141.151273E031642.596168_scanAz_slow.dat,21.4308
results2501/20250119S031643.559902E032145.004293_scanAz_slow.dat,28.7690
results2501/20250119S032145.961194E032647.408661_scanAz_slow.dat,36.1723
results2501/20250119S032648.365602E033149.812732_scanAz_slow.dat,43.0816
results2501/20250119S033150.769452E033652.212154_scanAz_slow.dat,50.3154
results2501/20250119S033653.171674E034154.616467_scanAz_slow.dat,57.8962
results2501/20250119S034155.579977E034657.020697_scanAz_slow.dat,65.9667
results2501/20250119S034657.984191E035159.424682_scanAz_slow.dat,73.8417
results2501/20250119S035200.383633E035635.909385_scanAz_slow.dat,81.2663
read results2501/20250119_050134_scanAz_slow.txt,0.0080
results2501/20250119S050136.052227E050637.599319_scanAz_slow.dat,7.1870
results2501/20250119S050638.559216E051140.004228_scanAz_slow.dat,14.5091
results2501/20250119S051140.960989E051642.407886_scanAz_slow.dat,21.9359
results2501/20250119S051643.365569E052144.809539_scanAz_slow.dat,30.2743
results2501/20250119S052145.771617E052647.215758_scanAz_slow.dat,37.6493
results2501/20250119S052648.172276E053149.620630_scanAz_slow.dat,44.9049
results2501/20250119S053150.576845E053652.020740_scanAz_slow.dat,52.3780
results2501/20250119S053652.983902E054154.424412_scanAz_slow.dat,60.5400
results2501/20250119S054155.386826E054656.833522_scanAz_slow.dat,67.3778
results2501/20250119S054657.791143E055159.236297_scanAz_slow.dat,74.6587
results2501/20250119S055200.193015E055635.716907_scanAz_slow.dat,81.6150
read results2501/20250119_060134_scanAz_slow.txt,0.0084
results2501/20250119S060135.881935E060637.452813_scanAz_slow.dat,7.9716
results2501/20250119S060638.414449E061139.861064_scanAz_slow.dat,15.9483
results2501/20250119S061140.817773E061642.262517_scanAz_slow.dat,23.3559
results2501/20250119S061643.220328E062144.664710_scanAz_slow.dat,31.2839
results2501/20250119S062145.626738E062647.073348_scanAz_slow.dat,39.4330
results2501/20250119S062648.029054E063149.477313_scanAz_slow.dat,47.4538
results2501/20250119S063150.433045E063651.878046_scanAz_slow.dat,55.0965
results2501/20250119S063652.835625E064154.281295_scanAz_slow.dat,62.8009
results2501/20250119S064155.244359E064656.689154_scanAz_slow.dat,70.2228
results2501/20250119S064657.645115E065159.092488_scanAz_slow.dat,77.6505
results2501/20250119S065200.048298E065635.574377_scanAz_slow.dat,85.5870
read results2501/20250119_070134_scanAz_slow.txt,0.0060
results2501/20250119S070135.688433E070637.261582_scanAz_slow.dat,7.5287
results2501/20250119S070638.221934E071139.667518_scanAz_slow.dat,14.7639
results2501/20250119S071140.629670E071642.070699_scanAz_slow.dat,22.3091
results2501/20250119S071643.033863E072144.475438_scanAz_slow.dat,29.7190
results2501/20250119S072145.437831E072646.877103_scanAz_slow.dat,37.3451
results2501/20250119S072647.840430E073149.284404_scanAz_slow.dat,44.5304
results2501/20250119S073150.241149E073651.685773_scanAz_slow.dat,52.2329
results2501/20250119S073652.647600E074154.092151_scanAz_slow.dat,60.0102
results2501/20250119S074155.049180E074656.495501_scanAz_slow.dat,67.4673
results2501/20250119S074657.453364E075158.900548_scanAz_slow.dat,75.3605
results2501/20250119S075159.862157E075635.380942_scanAz_slow.dat,82.7542
read results2501/20250119_090135_scanAz_slow.txt,0.0079
results2501/20250119S090136.533329E090638.077022_scanAz_slow.dat,7.1761
results2501/20250119S090639.039544E091140.485598_scanAz_slow.dat,15.0153
results2501/20250119S091141.442486E091642.885631_scanAz_slow.dat,22.4140
results2501/20250119S091643.849434E092145.294048_scanAz_slow.dat,29.8777
results2501/20250119S092146.251862E092647.692742_scanAz_slow.dat,37.4826
results2501/20250119S092648.656056E093150.102610_scanAz_slow.dat,44.6928
results2501/20250119S093151.061566E093652.501759_scanAz_slow.dat,52.1930
results2501/20250119S093653.465864E094154.910279_scanAz_slow.dat,59.6232
results2501/20250119S094155.867976E094657.314010_scanAz_slow.dat,66.9656
results2501/20250119S094658.274481E095159.713233_scanAz_slow.dat,74.7908
results2501/20250119S095200.676769E095636.198087_scanAz_slow.dat,82.8358
read results2501/20250119_100135_scanAz_slow.txt,0.0085
results2501/20250119S100136.341777E100637.888690_scanAz_slow.dat,6.7749
results2501/20250119S100638.846635E101140.292789_scanAz_slow.dat,13.8496
results2501/20250119S101141.249374E101642.698141_scanAz_slow.dat,21.0091
results2501/20250119S101643.657490E102145.101842_scanAz_slow.dat,28.2837
results2501/20250119S102146.059709E102647.507231_scanAz_slow.dat,36.0922
results2501/20250119S102648.465690E103149.906399_scanAz_slow.dat,42.7236
results2501/20250119S103150.869976E103652.311580_scanAz_slow.dat,49.5529
results2501/20250119S103653.275200E104154.717243_scanAz_slow.dat,56.6459
results2501/20250119S104155.674221E104657.122477_scanAz_slow.dat,63.7839
results2501/20250119S104658.082127E105159.526011_scanAz_slow.dat,70.9576
results2501/20250119S105200.483243E105636.005295_scanAz_slow.dat,78.5485
read results2501/20250119_110135_scanAz_slow.txt,0.0087
results2501/20250119S110136.155440E110637.694334_scanAz_slow.dat,7.5988
results2501/20250119S110638.656293E111140.097493_scanAz_slow.dat,14.6582
results2501/20250119S111141.061212E111642.502140_scanAz_slow.dat,21.6457
results2501/20250119S111643.465771E112144.909257_scanAz_slow.dat,28.5846
results2501/20250119S112145.866756E112647.313989_scanAz_slow.dat,36.1220
results2501/20250119S112648.271573E113149.714295_scanAz_slow.dat,43.9298
results2501/20250119S113150.677580E113652.117911_scanAz_slow.dat,51.7410
results2501/20250119S113653.081513E114154.525778_scanAz_slow.dat,59.4936
results2501/20250119S114155.485458E114656.925745_scanAz_slow.dat,66.5810
results2501/20250119S114657.889653E115159.331119_scanAz_slow.dat,74.4054
results2501/20250119S115200.290837E115635.812674_scanAz_slow.dat,82.0917
read results2501/20250119_130134_scanAz_slow.txt,0.0083
results2501/20250119S130135.983634E130637.550203_scanAz_slow.dat,7.6363
results2501/20250119S130638.510380E131139.958194_scanAz_slow.dat,15.1023
results2501/20250119S131140.919512E131642.360376_scanAz_slow.dat,22.1617
results2501/20250119S131643.323076E132144.765469_scanAz_slow.dat,29.5350
results2501/20250119S132145.727622E132647.168260_scanAz_slow.dat,36.8476
results2501/20250119S132648.131591E133149.575290_scanAz_slow.dat,44.6872
results2501/20250119S133150.530973E133651.974159_scanAz_slow.dat,52.2713
results2501/20250119S133652.935956E134154.382244_scanAz_slow.dat,59.4570
results2501/20250119S134155.338261E134656.783546_scanAz_slow.dat,66.2738
results2501/20250119S134657.747176E135159.188302_scanAz_slow.dat,73.1269
results2501/20250119S135200.150149E135635.670761_scanAz_slow.dat,80.1808
read results2501/20250119_140134_scanAz_slow.txt,0.0061
results2501/20250119S140135.786439E140637.360702_scanAz_slow.dat,7.8163
results2501/20250119S140638.321897E141139.766197_scanAz_slow.dat,15.8060
results2501/20250119S141140.722913E141642.171287_scanAz_slow.dat,23.2000
results2501/20250119S141643.127217E142144.573168_scanAz_slow.dat,31.1292
results2501/20250119S142145.535381E142646.978266_scanAz_slow.dat,39.4304
results2501/20250119S142647.940140E143149.379772_scanAz_slow.dat,46.9618
results2501/20250119S143150.341538E143651.785267_scanAz_slow.dat,54.1828
results2501/20250119S143652.747158E144154.189741_scanAz_slow.dat,61.8629
results2501/20250119S144155.152222E144656.591749_scanAz_slow.dat,69.3560
results2501/20250119S144657.555358E145159.000077_scanAz_slow.dat,76.6504
results2501/20250119S145159.956172E145635.479986_scanAz_slow.dat,83.8637
read results2501/20250119_150135_scanAz_slow.txt,0.0083
results2501/20250119S150136.539380E150638.082716_scanAz_slow.dat,7.3501
results2501/20250119S150639.043068E151140.483985_scanAz_slow.dat,14.8441
results2501/20250119S151141.445078E151642.890634_scanAz_slow.dat,22.3194
results2501/20250119S151643.851888E152145.291204_scanAz_slow.dat,29.4298
results2501/20250119S152146.253287E152647.695531_scanAz_slow.dat,36.6153
results2501/20250119S152648.657864E153150.100558_scanAz_slow.dat,44.7489
results2501/20250119S153151.062424E153652.507872_scanAz_slow.dat,51.5822
results2501/20250119S153653.463900E154154.910089_scanAz_slow.dat,59.2612
results2501/20250119S154155.867005E154657.312398_scanAz_slow.dat,66.1551
results2501/20250119S154658.274800E155159.716352_scanAz_slow.dat,73.5766
results2501/20250119S155200.678890E155636.200383_scanAz_slow.dat,81.0911
read results2501/20250119_170135_scanAz_slow.txt,0.0085
results2501/20250119S170136.353842E170637.892691_scanAz_slow.dat,7.3081
results2501/20250119S170638.853991E171140.294760_scanAz_slow.dat,14.9534
results2501/20250119S171141.258124E171642.700261_scanAz_slow.dat,22.2662
results2501/20250119S171643.662956E172145.101548_scanAz_slow.dat,29.4738
results2501/20250119S172146.064824E172647.507592_scanAz_slow.dat,36.9103
results2501/20250119S172648.470554E173149.912764_scanAz_slow.dat,44.2155
results2501/20250119S173150.871155E173652.317711_scanAz_slow.dat,51.8923
results2501/20250119S173653.276445E174154.721616_scanAz_slow.dat,59.3124
results2501/20250119S174155.680925E174657.121622_scanAz_slow.dat,66.5431
results2501/20250119S174658.085830E175159.529976_scanAz_slow.dat,74.2320
results2501/20250119S175200.487035E175636.010660_scanAz_slow.dat,81.7426
read results2501/20250119_180135_scanAz_slow.txt,0.0090
results2501/20250119S180136.153934E180637.698027_scanAz_slow.dat,8.0279
results2501/20250119S180638.661298E181140.106614_scanAz_slow.dat,14.8003
results2501/20250119S181141.063628E181642.510307_scanAz_slow.dat,21.5304
results2501/20250119S181643.467583E182144.910578_scanAz_slow.dat,29.3161
results2501/20250119S182145.874257E182647.317077_scanAz_slow.dat,37.0348
results2501/20250119S182648.274016E183149.721112_scanAz_slow.dat,44.8385
results2501/20250119S183150.678379E183652.125947_scanAz_slow.dat,52.1690
results2501/20250119S183653.083119E184154.529942_scanAz_slow.dat,60.3202
results2501/20250119S184155.486873E184656.934280_scanAz_slow.dat,68.0481
results2501/20250119S184657.892336E185159.336423_scanAz_slow.dat,75.8601
results2501/20250119S185200.294330E185635.818086_scanAz_slow.dat,83.8855
read results2501/20250119_190134_scanAz_slow.txt,0.0088
results2501/20250119S190135.962814E190637.506357_scanAz_slow.dat,7.0287
results2501/20250119S190638.469389E191139.910165_scanAz_slow.dat,14.2736
results2501/20250119S191140.872906E191642.317091_scanAz_slow.dat,22.0202
results2501/20250119S191643.274615E192144.720415_scanAz_slow.dat,29.5112
results2501/20250119S192145.677411E192647.123046_scanAz_slow.dat,36.7721
results2501/20250119S192648.080613E193149.524285_scanAz_slow.dat,43.5906
results2501/20250119S193150.487938E193651.929494_scanAz_slow.dat,51.4110
results2501/20250119S193652.892819E194154.334867_scanAz_slow.dat,59.0687
results2501/20250119S194155.292782E194656.737630_scanAz_slow.dat,66.3659
results2501/20250119S194657.701523E195159.143623_scanAz_slow.dat,73.7184
results2501/20250119S195200.100534E195635.624786_scanAz_slow.dat,79.9402
read results2501/20250119_210134_scanAz_slow.txt,0.0109
results2501/20250119S210135.787896E210637.359980_scanAz_slow.dat,8.0391
results2501/20250119S210638.320262E211139.765879_scanAz_slow.dat,15.8904
results2501/20250119S211140.727871E211642.168809_scanAz_slow.dat,23.5295
results2501/20250119S211643.131215E212144.576304_scanAz_slow.dat,31.2214
results2501/20250119S212145.532657E212646.977556_scanAz_slow.dat,38.9626
results2501/20250119S212647.940302E213149.380764_scanAz_slow.dat,46.0398
results2501/20250119S213150.344451E213651.788500_scanAz_slow.dat,53.8016
results2501/20250119S213652.744857E214154.192147_scanAz_slow.dat,61.5251
results2501/20250119S214155.148242E214656.596527_scanAz_slow.dat,69.1256
results2501/20250119S214657.554486E215159.000554_scanAz_slow.dat,77.0256
results2501/20250119S215159.957587E215635.481367_scanAz_slow.dat,84.6010
read results2501/20250119_220135_scanAz_slow.txt,0.0097
results2501/20250119S220136.583695E220638.132419_scanAz_slow.dat,7.2111
results2501/20250119S220639.088399E221140.536234_scanAz_slow.dat,14.7611
results2501/20250119S221141.496992E221642.935428_scanAz_slow.dat,22.1560
results2501/20250119S221643.897497E222145.342069_scanAz_slow.dat,28.7999
results2501/20250119S222146.305350E222647.749928_scanAz_slow.dat,37.1104
results2501/20250119S222648.705996E223150.153534_scanAz_slow.dat,44.9569
results2501/20250119S223151.110810E223652.554757_scanAz_slow.dat,52.6687
results2501/20250119S223653.516178E224154.957132_scanAz_slow.dat,59.6957
results2501/20250119S224155.920004E224657.362732_scanAz_slow.dat,67.9616
results2501/20250119S224658.324584E225159.766487_scanAz_slow.dat,74.9538
results2501/20250119S225200.729609E225636.249349_scanAz_slow.dat,81.0412
read results2501/20250120_010135_scanAz_slow.txt,0.0091
results2501/20250120S010136.205257E010637.751414_scanAz_slow.dat,7.2965
results2501/20250120S010638.712545E011140.156847_scanAz_slow.dat,14.6801
results2501/20250120S011141.115635E011642.558310_scanAz_slow.dat,22.7100
results2501/20250120S011643.521332E012144.962819_scanAz_slow.dat,30.7436
results2501/20250120S012145.919753E012647.364095_scanAz_slow.dat,37.9699
results2501/20250120S012648.327460E013149.767961_scanAz_slow.dat,45.7700
results2501/20250120S013150.731576E013652.172430_scanAz_slow.dat,53.5224
results2501/20250120S013653.135723E014154.579492_scanAz_slow.dat,60.8853
results2501/20250120S014155.536374E014656.981455_scanAz_slow.dat,68.4496
results2501/20250120S014657.944755E015159.387555_scanAz_slow.dat,76.1996
results2501/20250120S015200.344517E015635.868088_scanAz_slow.dat,83.8337
read results2501/20250120_020134_scanAz_slow.txt,0.0092
results2501/20250120S020136.022330E020637.561297_scanAz_slow.dat,7.3810
results2501/20250120S020638.517714E021139.962808_scanAz_slow.dat,14.6101
results2501/20250120S021140.924731E021642.365490_scanAz_slow.dat,22.5792
results2501/20250120S021643.328750E022144.771308_scanAz_slow.dat,30.3980
results2501/20250120S022145.734012E022647.177695_scanAz_slow.dat,37.7555
results2501/20250120S022648.135581E023149.577212_scanAz_slow.dat,45.3982
results2501/20250120S023150.541460E023651.984608_scanAz_slow.dat,52.4650
results2501/20250120S023652.941533E024154.389630_scanAz_slow.dat,59.9308
results2501/20250120S024155.346841E024656.789594_scanAz_slow.dat,66.0739
results2501/20250120S024657.752878E025159.196254_scanAz_slow.dat,73.4680
results2501/20250120S025200.159018E025635.678479_scanAz_slow.dat,80.1905
read results2501/20250120_030134_scanAz_slow.txt,0.0138
results2501/20250120S030135.840305E030637.414441_scanAz_slow.dat,7.3105
results2501/20250120S030638.376219E031139.818591_scanAz_slow.dat,15.3696
results2501/20250120S031140.782076E031642.223108_scanAz_slow.dat,22.9141
results2501/20250120S031643.187681E032144.628199_scanAz_slow.dat,30.6393
results2501/20250120S032145.590933E032647.033512_scanAz_slow.dat,38.6575
results2501/20250120S032647.991347E033149.437488_scanAz_slow.dat,46.8536
results2501/20250120S033150.395660E033651.845096_scanAz_slow.dat,54.3990
results2501/20250120S033652.802066E034154.247220_scanAz_slow.dat,61.3893
results2501/20250120S034155.205367E034656.648961_scanAz_slow.dat,68.9284
results2501/20250120S034657.612279E035159.057222_scanAz_slow.dat,76.9236
results2501/20250120S035200.014503E035635.538004_scanAz_slow.dat,84.6366
read results2501/20250120_050134_scanAz_slow.txt,0.0159
results2501/20250120S050135.703981E050637.279070_scanAz_slow.dat,7.1582
results2501/20250120S050638.239916E051139.682662_scanAz_slow.dat,14.5739
results2501/20250120S051140.638493E051642.087644_scanAz_slow.dat,22.4792
results2501/20250120S051643.043720E052144.491639_scanAz_slow.dat,29.5848
results2501/20250120S052145.447675E052646.893307_scanAz_slow.dat,36.5888
results2501/20250120S052647.856089E053149.295201_scanAz_slow.dat,45.2857
results2501/20250120S053150.258603E053651.703904_scanAz_slow.dat,52.7087
results2501/20250120S053652.660765E054154.103599_scanAz_slow.dat,60.0856
results2501/20250120S054155.066025E054656.507182_scanAz_slow.dat,67.3521
results2501/20250120S054657.470918E055158.911674_scanAz_slow.dat,75.2088
results2501/20250120S055159.874824E055635.395675_scanAz_slow.dat,82.7391
read results2501/20250120_060135_scanAz_slow.txt,0.0084
results2501/20250120S060136.499008E060638.048844_scanAz_slow.dat,7.4624
results2501/20250120S060639.003361E061140.450781_scanAz_slow.dat,14.6533
results2501/20250120S061141.412473E061642.853413_scanAz_slow.dat,22.3034
results2501/20250120S061643.815201E062145.259703_scanAz_slow.dat,29.7858
results2501/20250120S062146.221101E062647.664599_scanAz_slow.dat,36.7369
results2501/20250120S062648.626030E063150.070104_scanAz_slow.dat,44.2041
results2501/20250120S063151.026507E063652.473953_scanAz_slow.dat,52.2538
results2501/20250120S063653.430469E064154.876453_scanAz_slow.dat,60.0622
results2501/20250120S064155.838447E064657.281565_scanAz_slow.dat,67.2293
results2501/20250120S064658.237202E065159.684955_scanAz_slow.dat,75.6673
results2501/20250120S065200.646507E065636.166357_scanAz_slow.dat,82.2861
read results2501/20250120_070135_scanAz_slow.txt,0.0103
results2501/20250120S070136.311585E070637.855440_scanAz_slow.dat,7.4527
results2501/20250120S070638.816194E071140.260332_scanAz_slow.dat,14.9206
results2501/20250120S071141.221576E071642.665906_scanAz_slow.dat,22.7332
results2501/20250120S071643.622251E072145.069565_scanAz_slow.dat,29.8505
results2501/20250120S072146.031121E072647.473755_scanAz_slow.dat,37.3815
results2501/20250120S072648.435204E073149.874268_scanAz_slow.dat,45.2728
results2501/20250120S073150.836697E073652.281875_scanAz_slow.dat,52.2326
results2501/20250120S073653.238802E074154.685786_scanAz_slow.dat,59.2618
results2501/20250120S074155.641808E074657.090831_scanAz_slow.dat,66.5846
results2501/20250120S074658.047328E075159.490778_scanAz_slow.dat,74.5339
results2501/20250120S075200.453144E075635.974193_scanAz_slow.dat,81.4429
read results2501/20250120_090135_scanAz_slow.txt,0.0080
results2501/20250120S090136.130260E090637.662138_scanAz_slow.dat,6.8690
results2501/20250120S090638.623711E091140.067981_scanAz_slow.dat,14.1006
results2501/20250120S091141.030082E091642.472038_scanAz_slow.dat,21.4070
results2501/20250120S091643.428922E092144.876561_scanAz_slow.dat,28.2914
results2501/20250120S092145.834698E092647.280603_scanAz_slow.dat,35.1954
results2501/20250120S092648.238844E093149.685042_scanAz_slow.dat,42.0717
results2501/20250120S093150.642328E093652.084631_scanAz_slow.dat,49.9663
results2501/20250120S093653.048727E094154.490713_scanAz_slow.dat,57.5894
results2501/20250120S094155.453689E094656.893271_scanAz_slow.dat,64.6945
results2501/20250120S094657.856721E095159.300348_scanAz_slow.dat,72.0930
results2501/20250120S095200.257493E095635.782720_scanAz_slow.dat,79.7366
read results2501/20250120_100134_scanAz_slow.txt,0.0083
results2501/20250120S100135.925687E100637.473411_scanAz_slow.dat,6.8932
results2501/20250120S100638.429326E101139.875564_scanAz_slow.dat,14.7606
results2501/20250120S101140.837947E101642.281959_scanAz_slow.dat,21.8884
results2501/20250120S101643.240412E102144.681652_scanAz_slow.dat,29.1303
results2501/20250120S102145.646148E102647.088454_scanAz_slow.dat,36.9664
results2501/20250120S102648.045712E103149.489365_scanAz_slow.dat,44.7402
results2501/20250120S103150.453300E103651.899161_scanAz_slow.dat,52.6360
results2501/20250120S103652.858136E104154.301269_scanAz_slow.dat,59.8646
results2501/20250120S104155.258290E104656.707158_scanAz_slow.dat,67.1573
results2501/20250120S104657.666166E105159.106988_scanAz_slow.dat,74.7248
results2501/20250120S105200.069705E105635.591646_scanAz_slow.dat,81.6431
read results2501/20250120_110134_scanAz_slow.txt,0.0079
results2501/20250120S110135.747710E110637.283065_scanAz_slow.dat,7.3408
results2501/20250120S110638.238524E111139.686323_scanAz_slow.dat,14.0727
results2501/20250120S111140.643647E111642.087515_scanAz_slow.dat,21.3926
results2501/20250120S111643.050778E112144.495475_scanAz_slow.dat,28.8998
results2501/20250120S112145.453279E112646.899509_scanAz_slow.dat,37.0918
results2501/20250120S112647.858151E113149.299756_scanAz_slow.dat,44.7730
results2501/20250120S113150.263706E113651.704276_scanAz_slow.dat,52.2242
results2501/20250120S113652.668220E114154.111469_scanAz_slow.dat,59.8766
results2501/20250120S114155.069280E114656.511932_scanAz_slow.dat,67.4811
results2501/20250120S114657.476728E115159.924567_scanAz_slow.dat,74.4027
results2501/20250120S115200.888833E115635.448495_scanAz_slow.dat,82.3210
read results2501/20250120_130135_scanAz_slow.txt,0.0092
results2501/20250120S130136.553161E130638.096713_scanAz_slow.dat,7.6723
results2501/20250120S130639.056791E131140.502385_scanAz_slow.dat,15.8923
results2501/20250120S131141.463616E131642.906194_scanAz_slow.dat,23.3375
results2501/20250120S131643.868813E132145.311740_scanAz_slow.dat,31.0220
results2501/20250120S132146.274000E132647.715463_scanAz_slow.dat,38.3140
results2501/20250120S132648.674350E133150.121240_scanAz_slow.dat,45.4805
results2501/20250120S133151.078047E133652.520419_scanAz_slow.dat,52.7179
results2501/20250120S133653.482207E134154.926335_scanAz_slow.dat,60.7637
results2501/20250120S134155.888719E134657.328843_scanAz_slow.dat,68.6355
results2501/20250120S134658.291587E135159.733322_scanAz_slow.dat,76.1643
results2501/20250120S135200.695563E135636.217977_scanAz_slow.dat,83.4081
read results2501/20250120_140135_scanAz_slow.txt,0.0060
results2501/20250120S140136.409046E140637.957164_scanAz_slow.dat,6.6102
results2501/20250120S140638.917030E141140.360946_scanAz_slow.dat,13.6063
results2501/20250120S141141.321958E141642.765661_scanAz_slow.dat,21.4278
results2501/20250120S141643.721623E142145.168101_scanAz_slow.dat,29.0333
results2501/20250120S142146.129874E142647.574825_scanAz_slow.dat,36.4678
results2501/20250120S142648.531454E143149.977341_scanAz_slow.dat,44.0486
results2501/20250120S143150.938901E143652.380501_scanAz_slow.dat,51.2140
results2501/20250120S143653.341990E144154.783576_scanAz_slow.dat,58.2390
results2501/20250120S144155.745948E144657.189853_scanAz_slow.dat,65.2758
results2501/20250120S144658.146193E145159.595416_scanAz_slow.dat,72.6110
results2501/20250120S145200.552368E145636.073230_scanAz_slow.dat,80.0784
read results2501/20250120_150135_scanAz_slow.txt,0.0086
results2501/20250120S150136.218558E150637.763215_scanAz_slow.dat,7.4248
results2501/20250120S150638.723378E151140.169590_scanAz_slow.dat,14.5682
results2501/20250120S151141.130984E151642.574597_scanAz_slow.dat,22.2656
results2501/20250120S151643.531573E152144.976283_scanAz_slow.dat,30.3330
results2501/20250120S152145.938063E152647.377579_scanAz_slow.dat,37.7205
results2501/20250120S152648.339474E153149.782269_scanAz_slow.dat,44.9085
results2501/20250120S153150.744097E153652.186310_scanAz_slow.dat,51.2637
results2501/20250120S153653.149357E154154.592180_scanAz_slow.dat,57.6975
results2501/20250120S154155.554057E154656.998819_scanAz_slow.dat,65.6807
results2501/20250120S154657.956611E155159.397610_scanAz_slow.dat,73.7646
results2501/20250120S155200.360405E155635.881264_scanAz_slow.dat,81.1659
read results2501/20250120_170134_scanAz_slow.txt,0.0092
results2501/20250120S170135.998543E170637.571991_scanAz_slow.dat,7.3840
results2501/20250120S170638.534124E171139.977290_scanAz_slow.dat,14.2568
results2501/20250120S171140.935184E171642.380333_scanAz_slow.dat,21.5470
results2501/20250120S171643.337284E172144.784006_scanAz_slow.dat,29.2119
results2501/20250120S172145.741253E172647.185107_scanAz_slow.dat,36.7827
results2501/20250120S172648.149070E173149.594281_scanAz_slow.dat,43.6850
results2501/20250120S173150.551792E173651.997298_scanAz_slow.dat,50.6934
results2501/20250120S173652.956358E174154.397299_scanAz_slow.dat,58.2692
results2501/20250120S174155.360291E174656.800310_scanAz_slow.dat,65.7007
results2501/20250120S174657.765466E175159.206621_scanAz_slow.dat,73.0866
results2501/20250120S175200.170254E175635.688175_scanAz_slow.dat,80.5495
read results2501/20250120_180134_scanAz_slow.txt,0.0085
results2501/20250120S180135.792931E180637.333565_scanAz_slow.dat,7.6593
results2501/20250120S180638.289065E181139.733436_scanAz_slow.dat,15.4857
results2501/20250120S181140.695862E181642.137371_scanAz_slow.dat,23.3950
results2501/20250120S181643.102398E182144.544852_scanAz_slow.dat,31.1998
results2501/20250120S182145.501803E182646.946775_scanAz_slow.dat,38.6817
results2501/20250120S182647.904886E183149.353642_scanAz_slow.dat,46.5693
results2501/20250120S183150.311538E183651.753688_scanAz_slow.dat,53.8808
results2501/20250120S183652.717667E184154.161307_scanAz_slow.dat,61.2314
results2501/20250120S184155.118864E184656.566320_scanAz_slow.dat,68.9450
results2501/20250120S184657.525931E185158.969652_scanAz_slow.dat,76.3671
results2501/20250120S185159.926589E185635.449403_scanAz_slow.dat,83.5760
read results2501/20250120_190134_scanAz_slow.txt,0.0089
results2501/20250120S190135.571890E190637.138698_scanAz_slow.dat,6.9878
results2501/20250120S190638.100465E191139.542192_scanAz_slow.dat,14.9329
results2501/20250120S191140.504580E191641.946259_scanAz_slow.dat,22.5279
results2501/20250120S191642.909502E192144.352871_scanAz_slow.dat,30.0837
results2501/20250120S192145.309808E192646.758779_scanAz_slow.dat,37.9912
results2501/20250120S192647.717549E193149.157781_scanAz_slow.dat,45.2860
results2501/20250120S193150.121375E193651.562214_scanAz_slow.dat,53.1683
results2501/20250120S193652.525523E194153.969100_scanAz_slow.dat,60.0478
results2501/20250120S194154.926380E194656.371537_scanAz_slow.dat,66.8426
results2501/20250120S194657.334460E195158.776348_scanAz_slow.dat,73.6588
results2501/20250120S195159.733276E195635.256940_scanAz_slow.dat,81.7846
read results2501/20250120_210135_scanAz_slow.txt,0.0094
results2501/20250120S210136.370593E210637.907647_scanAz_slow.dat,7.7657
results2501/20250120S210638.868055E211140.309250_scanAz_slow.dat,15.4387
results2501/20250120S211141.270586E211642.713714_scanAz_slow.dat,22.6539
results2501/20250120S211643.675580E212145.119743_scanAz_slow.dat,29.5885
results2501/20250120S212146.075731E212647.523231_scanAz_slow.dat,36.7773
results2501/20250120S212648.479807E213149.927650_scanAz_slow.dat,44.4200
results2501/20250120S213150.883667E213652.329830_scanAz_slow.dat,51.9081
results2501/20250120S213653.291312E214154.735322_scanAz_slow.dat,60.0818
results2501/20250120S214155.691365E214657.135242_scanAz_slow.dat,67.3906
results2501/20250120S214658.099829E215159.541524_scanAz_slow.dat,74.3103
results2501/20250120S215200.502974E215636.023410_scanAz_slow.dat,82.0167
read results2501/20250120_220135_scanAz_slow.txt,0.0083
results2501/20250120S220136.167551E220637.714214_scanAz_slow.dat,7.0953
results2501/20250120S220638.674149E221140.119173_scanAz_slow.dat,15.0728
results2501/20250120S221141.075818E221642.522680_scanAz_slow.dat,21.9689
results2501/20250120S221643.478265E222144.924330_scanAz_slow.dat,29.1413
results2501/20250120S222145.887150E222647.331053_scanAz_slow.dat,36.7538
results2501/20250120S222648.287326E223149.735096_scanAz_slow.dat,44.2354
results2501/20250120S223150.690788E223652.139504_scanAz_slow.dat,51.2061
results2501/20250120S223653.095197E224154.543290_scanAz_slow.dat,58.6171
results2501/20250120S224155.499508E224656.947749_scanAz_slow.dat,65.8080
results2501/20250120S224657.905215E225159.347609_scanAz_slow.dat,72.6334
results2501/20250120S225200.309814E225635.831931_scanAz_slow.dat,79.4714
read results2501/20250121_010134_scanAz_slow.txt,0.0082
results2501/20250121S010135.879396E010637.427703_scanAz_slow.dat,7.9156
results2501/20250121S010638.383498E011139.827929_scanAz_slow.dat,15.2740
results2501/20250121S011140.790375E011642.233307_scanAz_slow.dat,23.2065
results2501/20250121S011643.190829E012144.638441_scanAz_slow.dat,30.7625
results2501/20250121S012145.595303E012647.041913_scanAz_slow.dat,38.0563
results2501/20250121S012647.998853E013149.446642_scanAz_slow.dat,45.8707
results2501/20250121S013150.403822E013651.849299_scanAz_slow.dat,53.9109
results2501/20250121S013652.806569E014154.250728_scanAz_slow.dat,61.1507
results2501/20250121S014155.211093E014656.658926_scanAz_slow.dat,68.7162
results2501/20250121S014657.615805E015159.059801_scanAz_slow.dat,75.9103
results2501/20250121S015200.022822E015635.543335_scanAz_slow.dat,83.7515
read results2501/20250121_020134_scanAz_slow.txt,0.0084
results2501/20250121S020135.710375E020637.278577_scanAz_slow.dat,7.8824
results2501/20250121S020638.240439E021139.686764_scanAz_slow.dat,14.7544
results2501/20250121S021140.643411E021642.091892_scanAz_slow.dat,21.6085
results2501/20250121S021643.050115E022144.494422_scanAz_slow.dat,29.2197
results2501/20250121S022145.451595E022646.898892_scanAz_slow.dat,36.3673
results2501/20250121S022647.856163E023149.298789_scanAz_slow.dat,44.1140
results2501/20250121S023150.262618E023651.707406_scanAz_slow.dat,51.9634
results2501/20250121S023652.666107E024154.107837_scanAz_slow.dat,59.0697
results2501/20250121S024155.071414E024656.514233_scanAz_slow.dat,67.0224
results2501/20250121S024657.472302E025158.920016_scanAz_slow.dat,74.4250
results2501/20250121S025159.878395E025635.399690_scanAz_slow.dat,81.4012
read results2501/20250121_030135_scanAz_slow.txt,0.0083
results2501/20250121S030136.503784E030638.051110_scanAz_slow.dat,7.0368
results2501/20250121S030639.007777E031140.454216_scanAz_slow.dat,14.7246
results2501/20250121S031141.416381E031642.859157_scanAz_slow.dat,22.4906
results2501/20250121S031643.817029E032145.263349_scanAz_slow.dat,29.4625
results2501/20250121S032146.220572E032647.662623_scanAz_slow.dat,37.4625
results2501/20250121S032648.625593E033150.071407_scanAz_slow.dat,44.9875
results2501/20250121S033151.028281E033652.475594_scanAz_slow.dat,52.0391
results2501/20250121S033653.432511E034154.875729_scanAz_slow.dat,58.5035
results2501/20250121S034155.839671E034657.284667_scanAz_slow.dat,65.7424
results2501/20250121S034658.243718E035159.684503_scanAz_slow.dat,73.4523
results2501/20250121S035200.648728E035636.167992_scanAz_slow.dat,80.6675
read results2501/20250121_050135_scanAz_slow.txt,0.0102
results2501/20250121S050136.311707E050637.855372_scanAz_slow.dat,7.5923
results2501/20250121S050638.815539E051140.261424_scanAz_slow.dat,14.7768
results2501/20250121S051141.222505E051642.665405_scanAz_slow.dat,22.1315
results2501/20250121S051643.626907E052145.069436_scanAz_slow.dat,29.3650
results2501/20250121S052146.025470E052647.472456_scanAz_slow.dat,36.3433
results2501/20250121S052648.434305E053149.878201_scanAz_slow.dat,43.2788
results2501/20250121S053150.834209E053652.283375_scanAz_slow.dat,50.3497
results2501/20250121S053653.241228E054154.684220_scanAz_slow.dat,57.2443
results2501/20250121S054155.646020E054657.086428_scanAz_slow.dat,64.7254
results2501/20250121S054658.048211E055159.492230_scanAz_slow.dat,71.7951
results2501/20250121S055200.453704E055635.974203_scanAz_slow.dat,79.0747
read results2501/20250121_060135_scanAz_slow.txt,0.0082
results2501/20250121S060136.137025E060637.714859_scanAz_slow.dat,7.4343
results2501/20250121S060638.669339E061140.117489_scanAz_slow.dat,15.5304
results2501/20250121S061141.073613E061642.521080_scanAz_slow.dat,23.5454
results2501/20250121S061643.477533E062144.922566_scanAz_slow.dat,30.7479
results2501/20250121S062145.885329E062647.330028_scanAz_slow.dat,37.8118
results2501/20250121S062648.286337E063149.734817_scanAz_slow.dat,45.4663
results2501/20250121S063150.690717E063652.135395_scanAz_slow.dat,52.4833
results2501/20250121S063653.097085E064154.541012_scanAz_slow.dat,59.8728
results2501/20250121S064155.498266E064656.944408_scanAz_slow.dat,66.3734
results2501/20250121S064657.902934E065159.346924_scanAz_slow.dat,73.9303
results2501/20250121S065200.310399E065635.830222_scanAz_slow.dat,81.1869
read results2501/20250121_070134_scanAz_slow.txt,0.0085
results2501/20250121S070135.930868E070637.474062_scanAz_slow.dat,7.0766
results2501/20250121S070638.434553E071139.878552_scanAz_slow.dat,14.8461
results2501/20250121S071140.835917E071642.282887_scanAz_slow.dat,22.1880
results2501/20250121S071643.240150E072144.685779_scanAz_slow.dat,28.4103
results2501/20250121S072145.642200E072647.090304_scanAz_slow.dat,36.5711
results2501/20250121S072648.046425E073149.490288_scanAz_slow.dat,44.7598
results2501/20250121S073150.453393E073651.893716_scanAz_slow.dat,52.2320
results2501/20250121S073652.855825E074154.302152_scanAz_slow.dat,59.9406
results2501/20250121S074155.259058E074656.704136_scanAz_slow.dat,67.6572
results2501/20250121S074657.666263E075159.109692_scanAz_slow.dat,75.5007
results2501/20250121S075200.071372E075635.589137_scanAz_slow.dat,83.3225
read results2501/20250121_090134_scanAz_slow.txt,0.0082
results2501/20250121S090135.711672E090637.281618_scanAz_slow.dat,6.9206
results2501/20250121S090638.243451E091139.687781_scanAz_slow.dat,14.0224
results2501/20250121S091140.645350E091642.091895_scanAz_slow.dat,20.8032
results2501/20250121S091643.051119E092144.496217_scanAz_slow.dat,28.3468
results2501/20250121S092145.454036E092646.895712_scanAz_slow.dat,36.0499
results2501/20250121S092647.858686E093149.300371_scanAz_slow.dat,43.5506
results2501/20250121S093150.263458E093651.707709_scanAz_slow.dat,51.0303
results2501/20250121S093652.665154E094154.107144_scanAz_slow.dat,58.5369
results2501/20250121S094155.072096E094656.516427_scanAz_slow.dat,65.8028
results2501/20250121S094657.474260E095158.920227_scanAz_slow.dat,73.3951
results2501/20250121S095159.879895E095635.399148_scanAz_slow.dat,80.8746
read results2501/20250121_100135_scanAz_slow.txt,0.0288
results2501/20250121S100136.502692E100638.052159_scanAz_slow.dat,7.3074
results2501/20250121S100639.007669E101140.456654_scanAz_slow.dat,14.4302
results2501/20250121S101141.413373E101642.857346_scanAz_slow.dat,22.3958
results2501/20250121S101643.820653E102145.264057_scanAz_slow.dat,29.0820
results2501/20250121S102146.221323E102647.668629_scanAz_slow.dat,36.8518
results2501/20250121S102648.626405E103150.067792_scanAz_slow.dat,44.3240
results2501/20250121S103151.031727E103652.476546_scanAz_slow.dat,51.7809
results2501/20250121S103653.435001E104154.879688_scanAz_slow.dat,59.7035
results2501/20250121S104155.839633E104657.282852_scanAz_slow.dat,66.9826
results2501/20250121S104658.240361E105159.687154_scanAz_slow.dat,73.7563
results2501/20250121S105200.644081E105636.167115_scanAz_slow.dat,81.2161
read results2501/20250121_110135_scanAz_slow.txt,0.0083
results2501/20250121S110136.324729E110637.858902_scanAz_slow.dat,7.0838
results2501/20250121S110638.815101E111140.263981_scanAz_slow.dat,14.8005
results2501/20250121S111141.220520E111642.665159_scanAz_slow.dat,22.9973
results2501/20250121S111643.622196E112145.070414_scanAz_slow.dat,30.2642
results2501/20250121S112146.027400E112647.475402_scanAz_slow.dat,37.4347
results2501/20250121S112648.434752E113149.879297_scanAz_slow.dat,44.3290
results2501/20250121S113150.836467E113652.280426_scanAz_slow.dat,51.6098
results2501/20250121S113653.238235E114154.686846_scanAz_slow.dat,58.5669
results2501/20250121S114155.644729E114657.088159_scanAz_slow.dat,65.5156
results2501/20250121S114658.051104E115159.494138_scanAz_slow.dat,73.5435
results2501/20250121S115200.451041E115635.974935_scanAz_slow.dat,80.6731
read results2501/20250121_130135_scanAz_slow.txt,0.0089
results2501/20250121S130136.138311E130637.712213_scanAz_slow.dat,6.9373
results2501/20250121S130638.673050E131140.115494_scanAz_slow.dat,14.3260
results2501/20250121S131141.077640E131642.521350_scanAz_slow.dat,20.5577
results2501/20250121S131643.477875E132144.921975_scanAz_slow.dat,27.9403
results2501/20250121S132145.884023E132647.327539_scanAz_slow.dat,34.6293
results2501/20250121S132648.289652E133149.734388_scanAz_slow.dat,41.7354
results2501/20250121S133150.690948E133652.138277_scanAz_slow.dat,48.9382
results2501/20250121S133653.095680E134154.537258_scanAz_slow.dat,55.9127
results2501/20250121S134155.498832E134656.945821_scanAz_slow.dat,63.2254
results2501/20250121S134657.901756E135159.346317_scanAz_slow.dat,71.1031
results2501/20250121S135200.308579E135635.828597_scanAz_slow.dat,78.1216
read results2501/20250121_140134_scanAz_slow.txt,0.0060
results2501/20250121S140135.924478E140637.472616_scanAz_slow.dat,7.2526
results2501/20250121S140638.433118E141139.876597_scanAz_slow.dat,15.0260
results2501/20250121S141140.837262E141642.280214_scanAz_slow.dat,22.1585
results2501/20250121S141643.242036E142144.684124_scanAz_slow.dat,29.2093
results2501/20250121S142145.645527E142647.089299_scanAz_slow.dat,36.0670
results2501/20250121S142648.045258E143149.491337_scanAz_slow.dat,43.5849
results2501/20250121S143150.448586E143652.905886_scanAz_slow.dat,51.2149
results2501/20250121S143653.861913E144155.308458_scanAz_slow.dat,58.4739
results2501/20250121S144156.265186E144657.712423_scanAz_slow.dat,65.5967
results2501/20250121S144658.674209E145200.117577_scanAz_slow.dat,73.1795
results2501/20250121S145201.073408E145635.638356_scanAz_slow.dat,80.6727
read results2501/20250121_150134_scanAz_slow.txt,0.0081
results2501/20250121S150135.738726E150637.280835_scanAz_slow.dat,7.0864
results2501/20250121S150638.236508E151139.682637_scanAz_slow.dat,14.3483
results2501/20250121S151140.643654E151642.085652_scanAz_slow.dat,21.1983
results2501/20250121S151643.047619E152144.489085_scanAz_slow.dat,29.2917
results2501/20250121S152145.451221E152646.894974_scanAz_slow.dat,36.1520
results2501/20250121S152647.857044E153149.297031_scanAz_slow.dat,42.9382
results2501/20250121S153150.259811E153651.703895_scanAz_slow.dat,49.3308
results2501/20250121S153652.666018E154154.109333_scanAz_slow.dat,56.4430
results2501/20250121S154155.065559E154656.511964_scanAz_slow.dat,63.8266
results2501/20250121S154657.468845E155158.917496_scanAz_slow.dat,71.6479
results2501/20250121S155159.874115E155635.397243_scanAz_slow.dat,79.0303
read results2501/20250121_170135_scanAz_slow.txt,0.0081
results2501/20250121S170136.550310E170638.093224_scanAz_slow.dat,7.5230
results2501/20250121S170639.054738E171140.498224_scanAz_slow.dat,14.8259
results2501/20250121S171141.460390E171642.900728_scanAz_slow.dat,22.3082
results2501/20250121S171643.864259E172145.308477_scanAz_slow.dat,29.7136
results2501/20250121S172146.266640E172647.712803_scanAz_slow.dat,37.1001
results2501/20250121S172648.670609E173150.118199_scanAz_slow.dat,44.5537
results2501/20250121S173151.076052E173652.520039_scanAz_slow.dat,51.9087
results2501/20250121S173653.476918E174154.924302_scanAz_slow.dat,59.0046
results2501/20250121S174155.881282E174657.327348_scanAz_slow.dat,65.6299
results2501/20250121S174658.285744E175159.730304_scanAz_slow.dat,72.6091
results2501/20250121S175200.693041E175636.212600_scanAz_slow.dat,80.5918
read results2501/20250121_180135_scanAz_slow.txt,0.0083
results2501/20250121S180136.357806E180637.901114_scanAz_slow.dat,7.7509
results2501/20250121S180638.862404E181140.304631_scanAz_slow.dat,15.3768
results2501/20250121S181141.268028E181642.713309_scanAz_slow.dat,22.9785
results2501/20250121S181643.672347E182145.115983_scanAz_slow.dat,30.1894
results2501/20250121S182146.072868E182647.520841_scanAz_slow.dat,38.1837
results2501/20250121S182648.477793E183149.921278_scanAz_slow.dat,45.5164
results2501/20250121S183150.884513E183652.329692_scanAz_slow.dat,52.8378
results2501/20250121S183653.286944E184154.732327_scanAz_slow.dat,60.0638
results2501/20250121S184155.689408E184657.138519_scanAz_slow.dat,68.1566
results2501/20250121S184658.096896E185159.542325_scanAz_slow.dat,75.7248
results2501/20250121S185200.500818E185636.022304_scanAz_slow.dat,83.9342
read results2501/20250121_190135_scanAz_slow.txt,0.0085
results2501/20250121S190136.166087E190637.709037_scanAz_slow.dat,7.8264
results2501/20250121S190638.670912E191140.116201_scanAz_slow.dat,15.8698
results2501/20250121S191141.077913E191642.521244_scanAz_slow.dat,23.0135
results2501/20250121S191643.480738E192144.925830_scanAz_slow.dat,30.2146
results2501/20250121S192145.884148E192647.327174_scanAz_slow.dat,37.3578
results2501/20250121S192648.289730E193149.728459_scanAz_slow.dat,44.4673
results2501/20250121S193150.692957E193652.136654_scanAz_slow.dat,52.2197
results2501/20250121S193653.096068E194154.537660_scanAz_slow.dat,60.0838
results2501/20250121S194155.500966E194656.944508_scanAz_slow.dat,66.1439
results2501/20250121S194657.902604E195159.348861_scanAz_slow.dat,73.1802
results2501/20250121S195200.309147E195635.828080_scanAz_slow.dat,79.4822
read results2501/20250121_210134_scanAz_slow.txt,0.0063
results2501/20250121S210135.946079E210637.518359_scanAz_slow.dat,7.2478
results2501/20250121S210638.479727E211139.921852_scanAz_slow.dat,14.6081
results2501/20250121S211140.882903E211642.327938_scanAz_slow.dat,21.6593
results2501/20250121S211643.289392E212144.732720_scanAz_slow.dat,28.7143
results2501/20250121S212145.688960E212647.132148_scanAz_slow.dat,36.1729
results2501/20250121S212648.093551E213149.536535_scanAz_slow.dat,43.4192
results2501/20250121S213150.498655E213651.944400_scanAz_slow.dat,50.6098
results2501/20250121S213652.901620E214154.344189_scanAz_slow.dat,58.0386
results2501/20250121S214155.305644E214656.752396_scanAz_slow.dat,65.3536
results2501/20250121S214657.709182E215159.153888_scanAz_slow.dat,72.6070
results2501/20250121S215200.116417E215635.637492_scanAz_slow.dat,79.8807
read results2501/20250121_220134_scanAz_slow.txt,0.0097
results2501/20250121S220135.752785E220637.325569_scanAz_slow.dat,7.6344
results2501/20250121S220638.285820E221139.732649_scanAz_slow.dat,15.0393
results2501/20250121S221140.688115E221642.135571_scanAz_slow.dat,22.5725
results2501/20250121S221643.091874E222144.538637_scanAz_slow.dat,30.3351
results2501/20250121S222145.501302E222646.941547_scanAz_slow.dat,37.4072
results2501/20250121S222647.903352E223149.344384_scanAz_slow.dat,45.2289
results2501/20250121S223150.307560E223651.748441_scanAz_slow.dat,52.3250
results2501/20250121S223652.710805E224154.155018_scanAz_slow.dat,59.8767
results2501/20250121S224155.117144E224656.556799_scanAz_slow.dat,67.2499
results2501/20250121S224657.518926E225158.962398_scanAz_slow.dat,74.8167
results2501/20250121S225159.919740E225635.446045_scanAz_slow.dat,83.1429
read results2501/20250128_010134_scanAz_slow.txt,0.0087
results2501/20250128S010135.577061E010637.149167_scanAz_slow.dat,7.3625
results2501/20250128S010638.111438E011139.554334_scanAz_slow.dat,14.1982
results2501/20250128S011140.515979E011641.959761_scanAz_slow.dat,21.9089
results2501/20250128S011642.921074E012144.365384_scanAz_slow.dat,28.7154
results2501/20250128S012145.325792E012646.767059_scanAz_slow.dat,36.4424
results2501/20250128S012647.726588E013149.173355_scanAz_slow.dat,43.9618
results2501/20250128S013150.134219E013651.577334_scanAz_slow.dat,50.8222
results2501/20250128S013652.538652E014153.978213_scanAz_slow.dat,58.2251
results2501/20250128S014154.941921E014656.383763_scanAz_slow.dat,65.3835
results2501/20250128S014657.346477E015158.788378_scanAz_slow.dat,72.4285
results2501/20250128S015159.748089E015635.273097_scanAz_slow.dat,79.6319
read results2501/20250128_020116_scanAz_slow.txt,0.0069
results2501/20250128S020117.875724E020619.439632_scanAz_slow.dat,7.4593
results2501/20250128S020620.398206E021121.845378_scanAz_slow.dat,14.7114
results2501/20250128S021122.803267E021624.246065_scanAz_slow.dat,22.3383
results2501/20250128S021625.207970E022126.653556_scanAz_slow.dat,29.5604
results2501/20250128S022127.614316E022629.054376_scanAz_slow.dat,37.5030
results2501/20250128S022630.017422E023131.458475_scanAz_slow.dat,45.1159
results2501/20250128S023132.420381E023633.863000_scanAz_slow.dat,52.7366
results2501/20250128S023634.824324E024136.266060_scanAz_slow.dat,60.4109
results2501/20250128S024137.228383E024638.675318_scanAz_slow.dat,68.2657
results2501/20250128S024639.632555E025141.074881_scanAz_slow.dat,75.6241
results2501/20250128S025142.035237E025617.560859_scanAz_slow.dat,83.0176
read results2501/20250128_030125_scanAz_slow.txt,0.0096
results2501/20250128S030127.026868E030628.607888_scanAz_slow.dat,7.6085
results2501/20250128S030629.568218E031131.012460_scanAz_slow.dat,14.8716
results2501/20250128S031131.973898E031633.417799_scanAz_slow.dat,21.9913
results2501/20250128S031634.377731E032135.822229_scanAz_slow.dat,29.3943
results2501/20250128S032136.778694E032638.225922_scanAz_slow.dat,36.1730
results2501/20250128S032639.186839E033140.630126_scanAz_slow.dat,43.6799
results2501/20250128S033141.587283E033643.034059_scanAz_slow.dat,51.5076
results2501/20250128S033643.992989E034145.435532_scanAz_slow.dat,58.4261
results2501/20250128S034146.397145E034647.840189_scanAz_slow.dat,66.0331
results2501/20250128S034648.801928E035150.245129_scanAz_slow.dat,73.2494
results2501/20250128S035151.205836E035626.726442_scanAz_slow.dat,80.1595
read results2501/20250128_050134_scanAz_slow.txt,0.0113
results2501/20250128S050135.925033E050637.488998_scanAz_slow.dat,7.1399
results2501/20250128S050638.448920E051139.892999_scanAz_slow.dat,14.1216
results2501/20250128S051140.851741E051642.298062_scanAz_slow.dat,21.2058
results2501/20250128S051643.255313E052144.700866_scanAz_slow.dat,28.6137
results2501/20250128S052145.662025E052647.103857_scanAz_slow.dat,35.5187
results2501/20250128S052648.066520E053149.509688_scanAz_slow.dat,43.5090
results2501/20250128S053150.469537E053651.913738_scanAz_slow.dat,51.4170
results2501/20250128S053652.873918E054154.316994_scanAz_slow.dat,58.9668
results2501/20250128S054155.277629E054656.720713_scanAz_slow.dat,66.1081
results2501/20250128S054657.681358E055159.127378_scanAz_slow.dat,73.5791
results2501/20250128S055200.087416E055635.608085_scanAz_slow.dat,80.7740
read results2501/20250128_060114_scanAz_slow.txt,0.0066
results2501/20250128S060116.053167E060617.616190_scanAz_slow.dat,6.7975
results2501/20250128S060618.576361E061120.023303_scanAz_slow.dat,14.0275
results2501/20250128S061120.978459E061622.426835_scanAz_slow.dat,21.0118
results2501/20250128S061623.382671E062124.826804_scanAz_slow.dat,27.2203
results2501/20250128S062125.786497E062627.232262_scanAz_slow.dat,34.2513
results2501/20250128S062628.193758E063129.637474_scanAz_slow.dat,42.1145
results2501/20250128S063130.597944E063632.040416_scanAz_slow.dat,49.6488
results2501/20250128S063632.998484E064134.444564_scanAz_slow.dat,56.8067
results2501/20250128S064135.404341E064636.897898_scanAz_slow.dat,63.2558
results2501/20250128S064637.858253E065139.300329_scanAz_slow.dat,69.9347
results2501/20250128S065140.260290E065615.785504_scanAz_slow.dat,77.2067
read results2501/20250128_070121_scanAz_slow.txt,0.0091
results2501/20250128S070122.557246E070624.094752_scanAz_slow.dat,7.5809
results2501/20250128S070625.056307E071126.500377_scanAz_slow.dat,14.6733
results2501/20250128S071127.461437E071628.902294_scanAz_slow.dat,21.6648
results2501/20250128S071629.864381E072131.306306_scanAz_slow.dat,28.4880
results2501/20250128S072132.270792E072633.713011_scanAz_slow.dat,35.5525
results2501/20250128S072634.672281E073136.115968_scanAz_slow.dat,41.9764
results2501/20250128S073137.076402E073638.519814_scanAz_slow.dat,50.0381
results2501/20250128S073639.479193E074140.925785_scanAz_slow.dat,57.0632
results2501/20250128S074141.886263E074643.328332_scanAz_slow.dat,64.4253
results2501/20250128S074644.288755E075145.732729_scanAz_slow.dat,71.5728
results2501/20250128S075146.692689E075622.218089_scanAz_slow.dat,78.8451
read results2501/20250128_090134_scanAz_slow.txt,0.0091
results2501/20250128S090136.039518E090637.586029_scanAz_slow.dat,7.1684
results2501/20250128S090638.542821E091139.991067_scanAz_slow.dat,15.7764
results2501/20250128S091140.949446E091642.390429_scanAz_slow.dat,23.2943
results2501/20250128S091643.354547E092144.795105_scanAz_slow.dat,30.9379
results2501/20250128S092145.756383E092647.198861_scanAz_slow.dat,38.7950
results2501/20250128S092648.159860E093149.602896_scanAz_slow.dat,46.7441
results2501/20250128S093150.564808E093652.010548_scanAz_slow.dat,54.4380
results2501/20250128S093652.966041E094154.411380_scanAz_slow.dat,61.8890
results2501/20250128S094155.373058E094656.816877_scanAz_slow.dat,69.0022
results2501/20250128S094657.776948E095159.219250_scanAz_slow.dat,76.7104
results2501/20250128S095200.182219E095635.707083_scanAz_slow.dat,84.6164
read results2501/20250128_100117_scanAz_slow.txt,0.0088
results2501/20250128S100118.505427E100620.066453_scanAz_slow.dat,7.5603
results2501/20250128S100621.024952E101122.471040_scanAz_slow.dat,15.7407
results2501/20250128S101123.430237E101624.874670_scanAz_slow.dat,23.6061
results2501/20250128S101625.830520E102127.278780_scanAz_slow.dat,31.1984
results2501/20250128S102128.237337E102629.683276_scanAz_slow.dat,38.5323
results2501/20250128S102630.642212E103132.085443_scanAz_slow.dat,46.2926
results2501/20250128S103133.045039E103634.491182_scanAz_slow.dat,53.9165
results2501/20250128S103635.448636E104136.893016_scanAz_slow.dat,60.7002
results2501/20250128S104137.854954E104639.297928_scanAz_slow.dat,68.3281
results2501/20250128S104640.256076E105141.699534_scanAz_slow.dat,75.5009
results2501/20250128S105142.659126E105618.182060_scanAz_slow.dat,83.7013
read results2501/20250128_110126_scanAz_slow.txt,0.0099
results2501/20250128S110127.696493E110629.281468_scanAz_slow.dat,6.9946
results2501/20250128S110630.240196E111131.684259_scanAz_slow.dat,14.3236
results2501/20250128S111132.644593E111634.085007_scanAz_slow.dat,21.3846
results2501/20250128S111635.046353E112136.489995_scanAz_slow.dat,29.7752
results2501/20250128S112137.451250E112638.898228_scanAz_slow.dat,37.5934
results2501/20250128S112639.856954E113141.301837_scanAz_slow.dat,44.2015
results2501/20250128S113142.258480E113643.705671_scanAz_slow.dat,51.9592
results2501/20250128S113644.665928E114146.109620_scanAz_slow.dat,59.3969
results2501/20250128S114147.069946E114648.511749_scanAz_slow.dat,67.3605
results2501/20250128S114649.473909E115150.916273_scanAz_slow.dat,75.0475
results2501/20250128S115151.878121E115627.401935_scanAz_slow.dat,82.7223
read results2501/20250128_130134_scanAz_slow.txt,0.0102
results2501/20250128S130135.413645E130636.960297_scanAz_slow.dat,6.9246
results2501/20250128S130637.919658E131139.362885_scanAz_slow.dat,14.5394
results2501/20250128S131140.322960E131641.769845_scanAz_slow.dat,22.2425
results2501/20250128S131642.730012E132144.173754_scanAz_slow.dat,30.0127
results2501/20250128S132145.132286E132646.576245_scanAz_slow.dat,37.8544
results2501/20250128S132647.536698E133148.982136_scanAz_slow.dat,44.9391
results2501/20250128S133149.942134E133651.383561_scanAz_slow.dat,52.4871
results2501/20250128S133652.344124E134153.786831_scanAz_slow.dat,59.6594
results2501/20250128S134154.746831E134656.196675_scanAz_slow.dat,67.2516
results2501/20250128S134657.153228E135158.598149_scanAz_slow.dat,75.2874
results2501/20250128S135159.557903E135635.080695_scanAz_slow.dat,83.0621
read results2501/20250128_140114_scanAz_slow.txt,0.0101
results2501/20250128S140115.224824E140616.799243_scanAz_slow.dat,7.3609
results2501/20250128S140617.760013E141119.205384_scanAz_slow.dat,15.2918
results2501/20250128S141120.165685E141621.607458_scanAz_slow.dat,22.7226
results2501/20250128S141622.564854E142124.010869_scanAz_slow.dat,30.8862
results2501/20250128S142124.970640E142626.416659_scanAz_slow.dat,39.0062
results2501/20250128S142627.376705E143128.818241_scanAz_slow.dat,47.0319
results2501/20250128S143129.778140E143631.226031_scanAz_slow.dat,54.1588
results2501/20250128S143632.180985E144133.631503_scanAz_slow.dat,62.1571
results2501/20250128S144134.590004E144636.029245_scanAz_slow.dat,69.5238
results2501/20250128S144636.990587E145138.435277_scanAz_slow.dat,76.9314
results2501/20250128S145139.396659E145614.921987_scanAz_slow.dat,85.0445
read results2501/20250128_150120_scanAz_slow.txt,0.0144
results2501/20250128S150121.831540E150623.377089_scanAz_slow.dat,6.9682
results2501/20250128S150624.335210E151125.779603_scanAz_slow.dat,14.8595
results2501/20250128S151126.743404E151628.185941_scanAz_slow.dat,22.3605
results2501/20250128S151629.144198E152130.589072_scanAz_slow.dat,29.7593
results2501/20250128S152131.547603E152632.994561_scanAz_slow.dat,37.1413
results2501/20250128S152633.955347E153135.396175_scanAz_slow.dat,44.0033
results2501/20250128S153136.359175E153637.800109_scanAz_slow.dat,51.4661
results2501/20250128S153638.761838E154140.205935_scanAz_slow.dat,59.8251
results2501/20250128S154141.165817E154642.610715_scanAz_slow.dat,67.3765
results2501/20250128S154643.572103E155145.014185_scanAz_slow.dat,75.3223
results2501/20250128S155145.974144E155621.496402_scanAz_slow.dat,82.8359
read results2501/20250128_170134_scanAz_slow.txt,0.0159
results2501/20250128S170135.373187E170636.962843_scanAz_slow.dat,7.5414
results2501/20250128S170637.922351E171139.366357_scanAz_slow.dat,14.9828
results2501/20250128S171140.325763E171641.769703_scanAz_slow.dat,22.5537
results2501/20250128S171642.730082E172144.176890_scanAz_slow.dat,30.1677
results2501/20250128S172145.130941E172646.579088_scanAz_slow.dat,38.0657
results2501/20250128S172647.539103E173148.980810_scanAz_slow.dat,45.3578
results2501/20250128S173149.941770E173651.386142_scanAz_slow.dat,52.8670
results2501/20250128S173652.345635E174153.790725_scanAz_slow.dat,60.1750
results2501/20250128S174154.750139E174656.193336_scanAz_slow.dat,67.4996
results2501/20250128S174657.155207E175158.596908_scanAz_slow.dat,74.8167
results2501/20250128S175159.558382E175635.126634_scanAz_slow.dat,82.6995
read results2501/20250128_180116_scanAz_slow.txt,0.0182
results2501/20250128S180117.580577E180619.152127_scanAz_slow.dat,8.0762
results2501/20250128S180620.111765E181121.557031_scanAz_slow.dat,15.8937
results2501/20250128S181122.516223E181623.962917_scanAz_slow.dat,23.7274
results2501/20250128S181624.923933E182126.364220_scanAz_slow.dat,31.0072
results2501/20250128S182127.325693E182628.770778_scanAz_slow.dat,38.5428
results2501/20250128S182629.730239E183131.173561_scanAz_slow.dat,46.2232
results2501/20250128S183132.133816E183633.580743_scanAz_slow.dat,54.0992
results2501/20250128S183634.540371E184135.984434_scanAz_slow.dat,61.6978
results2501/20250128S184136.944401E184638.388538_scanAz_slow.dat,69.0372
results2501/20250128S184639.348536E185140.792962_scanAz_slow.dat,76.4797
results2501/20250128S185141.749149E185617.273320_scanAz_slow.dat,84.1908
read results2501/20250128_190125_scanAz_slow.txt,0.0091
results2501/20250128S190126.679511E190628.224094_scanAz_slow.dat,7.3343
results2501/20250128S190629.184102E191130.632492_scanAz_slow.dat,15.1536
results2501/20250128S191131.593028E191633.036491_scanAz_slow.dat,23.4447
results2501/20250128S191633.993419E192135.440478_scanAz_slow.dat,31.4579
results2501/20250128S192136.394806E192637.842183_scanAz_slow.dat,38.8696
results2501/20250128S192638.801549E193140.244488_scanAz_slow.dat,46.5044
results2501/20250128S193141.209109E193642.649845_scanAz_slow.dat,54.2266
results2501/20250128S193643.609584E194145.053936_scanAz_slow.dat,61.8198
results2501/20250128S194146.015137E194647.457955_scanAz_slow.dat,69.0096
results2501/20250128S194648.417940E195149.862178_scanAz_slow.dat,76.2478
results2501/20250128S195150.823405E195626.343960_scanAz_slow.dat,84.2220
read results2501/20250128_210134_scanAz_slow.txt,0.0090
results2501/20250128S210135.805430E210637.348370_scanAz_slow.dat,6.9369
results2501/20250128S210638.304017E211139.748833_scanAz_slow.dat,14.3314
results2501/20250128S211140.713698E211642.153745_scanAz_slow.dat,21.2886
results2501/20250128S211643.113092E212144.556223_scanAz_slow.dat,28.5717
results2501/20250128S212145.521502E212646.961695_scanAz_slow.dat,36.1361
results2501/20250128S212647.921791E213149.369603_scanAz_slow.dat,43.2184
results2501/20250128S213150.325548E213651.771371_scanAz_slow.dat,50.6083
results2501/20250128S213652.731523E214154.171858_scanAz_slow.dat,57.8347
results2501/20250128S214155.136149E214656.581368_scanAz_slow.dat,65.0146
results2501/20250128S214657.539966E215158.979175_scanAz_slow.dat,71.8827
results2501/20250128S215159.942826E215635.465086_scanAz_slow.dat,79.3650
read results2501/20250128_220114_scanAz_slow.txt,0.0091
results2501/20250128S220115.688558E220617.233576_scanAz_slow.dat,7.5079
results2501/20250128S220618.192951E221119.638427_scanAz_slow.dat,15.0465
results2501/20250128S221120.598857E221622.041280_scanAz_slow.dat,22.5467
results2501/20250128S221623.001183E222124.445159_scanAz_slow.dat,30.6321
results2501/20250128S222125.403568E222626.851459_scanAz_slow.dat,37.7985
results2501/20250128S222627.810769E223129.255248_scanAz_slow.dat,45.4980
results2501/20250128S223130.216140E223631.658322_scanAz_slow.dat,52.8064
results2501/20250128S223632.620038E224134.063546_scanAz_slow.dat,60.4453
results2501/20250128S224135.023153E224636.466466_scanAz_slow.dat,67.0773
results2501/20250128S224637.426464E225138.869181_scanAz_slow.dat,74.5096
results2501/20250128S225139.830538E225615.355045_scanAz_slow.dat,81.7621
read results2501/20250128_230121_scanAz_slow.txt,0.0092
results2501/20250128S230122.341209E230623.907974_scanAz_slow.dat,7.3823
results2501/20250128S230624.865848E231126.311934_scanAz_slow.dat,14.2804
results2501/20250128S231127.272377E231628.716074_scanAz_slow.dat,21.4367
results2501/20250128S231629.676744E232131.120247_scanAz_slow.dat,28.6030
results2501/20250128S232132.080584E232633.523636_scanAz_slow.dat,35.8610
results2501/20250128S232634.484429E233135.929653_scanAz_slow.dat,43.1184
results2501/20250128S233136.889783E233638.330895_scanAz_slow.dat,50.3015
results2501/20250128S233639.289906E234140.735355_scanAz_slow.dat,57.9043
results2501/20250128S234141.695555E234643.140501_scanAz_slow.dat,65.8137
results2501/20250128S234644.100369E235145.544693_scanAz_slow.dat,73.5822
results2501/20250128S235146.503707E235622.029653_scanAz_slow.dat,81.2449
read results2501/20250129_010134_scanAz_slow.txt,0.0087
results2501/20250129S010135.736857E010637.301706_scanAz_slow.dat,7.5946
results2501/20250129S010638.261832E011139.706093_scanAz_slow.dat,15.3724
results2501/20250129S011140.664896E011642.109838_scanAz_slow.dat,22.6084
results2501/20250129S011643.066914E012144.512841_scanAz_slow.dat,30.3676
results2501/20250129S012145.478136E012646.912235_scanAz_slow.dat,37.9587
results2501/20250129S012647.878129E013149.319089_scanAz_slow.dat,45.7285
results2501/20250129S013150.281942E013651.727032_scanAz_slow.dat,52.8276
results2501/20250129S013652.684079E014154.131895_scanAz_slow.dat,60.8863
results2501/20250129S014155.087746E014656.528877_scanAz_slow.dat,68.3822
results2501/20250129S014657.493259E015158.939324_scanAz_slow.dat,76.3290
results2501/20250129S015159.896392E015635.422429_scanAz_slow.dat,84.2334
read results2501/20250129_020117_scanAz_slow.txt,0.0092
results2501/20250129S020118.156424E020619.729737_scanAz_slow.dat,6.6933
results2501/20250129S020620.694214E021122.136033_scanAz_slow.dat,13.7146
results2501/20250129S021123.097166E021624.540650_scanAz_slow.dat,20.8285
results2501/20250129S021625.495948E022126.944484_scanAz_slow.dat,27.9807
results2501/20250129S022127.902017E022629.348774_scanAz_slow.dat,35.1282
results2501/20250129S022630.308593E023131.753496_scanAz_slow.dat,43.0913
results2501/20250129S023132.711623E023634.155211_scanAz_slow.dat,49.9367
results2501/20250129S023635.117365E024136.562398_scanAz_slow.dat,57.1688
results2501/20250129S024137.520605E024638.963017_scanAz_slow.dat,63.8015
results2501/20250129S024639.923317E025141.371096_scanAz_slow.dat,71.0384
results2501/20250129S025142.330747E025617.850144_scanAz_slow.dat,78.6881
read results2501/20250129_030126_scanAz_slow.txt,0.0089
results2501/20250129S030127.508701E030629.094855_scanAz_slow.dat,7.5960
results2501/20250129S030630.052643E031131.494222_scanAz_slow.dat,15.0269
results2501/20250129S031132.455254E031633.900838_scanAz_slow.dat,22.5660
results2501/20250129S031634.859778E032136.306748_scanAz_slow.dat,30.2880
results2501/20250129S032137.261448E032638.711058_scanAz_slow.dat,37.7500
results2501/20250129S032639.665812E033141.161935_scanAz_slow.dat,44.5898
results2501/20250129S033142.121647E033643.567201_scanAz_slow.dat,51.9108
results2501/20250129S033644.523585E034145.977621_scanAz_slow.dat,59.0174
results2501/20250129S034146.931158E034648.375448_scanAz_slow.dat,66.3194
results2501/20250129S034649.333051E035150.775283_scanAz_slow.dat,73.9886
results2501/20250129S035151.734825E035627.259346_scanAz_slow.dat,81.6786
read results2501/20250129_050134_scanAz_slow.txt,0.0084
results2501/20250129S050135.472605E050637.014273_scanAz_slow.dat,7.7150
results2501/20250129S050637.976979E051139.417105_scanAz_slow.dat,15.1112
results2501/20250129S051140.376121E051641.821585_scanAz_slow.dat,22.7576
results2501/20250129S051642.781559E052144.225150_scanAz_slow.dat,29.9932
results2501/20250129S052145.183514E052648.646099_scanAz_slow.dat,37.1332
results2501/20250129S052649.604253E053151.048596_scanAz_slow.dat,44.7055
results2501/20250129S053152.011082E053653.455716_scanAz_slow.dat,52.3296
results2501/20250129S053654.414659E054155.858243_scanAz_slow.dat,59.7162
results2501/20250129S054156.818155E054658.264438_scanAz_slow.dat,67.3662
results2501/20250129S054659.224036E055200.666686_scanAz_slow.dat,74.3927
results2501/20250129S055201.624942E055635.227837_scanAz_slow.dat,81.5160
read results2501/20250129_060114_scanAz_slow.txt,0.0075
results2501/20250129S060115.180190E060616.759870_scanAz_slow.dat,7.1793
results2501/20250129S060617.717694E061119.163959_scanAz_slow.dat,14.9277
results2501/20250129S061120.122810E061621.566240_scanAz_slow.dat,22.3815
results2501/20250129S061622.526442E062123.967607_scanAz_slow.dat,29.8610
results2501/20250129S062124.931946E062626.372225_scanAz_slow.dat,37.6280
results2501/20250129S062627.336146E063128.780512_scanAz_slow.dat,44.3916
results2501/20250129S063129.739232E063631.184656_scanAz_slow.dat,51.7854
results2501/20250129S063632.144159E064133.586839_scanAz_slow.dat,58.7716
results2501/20250129S064134.547034E064635.992510_scanAz_slow.dat,65.6523
results2501/20250129S064636.948233E065138.392352_scanAz_slow.dat,73.0333
results2501/20250129S065139.354365E065614.875922_scanAz_slow.dat,80.7662
read results2501/20250129_070120_scanAz_slow.txt,0.0097
results2501/20250129S070121.596338E070623.190530_scanAz_slow.dat,8.0253
results2501/20250129S070624.149392E071125.594235_scanAz_slow.dat,15.1150
results2501/20250129S071126.555955E071628.001126_scanAz_slow.dat,22.6992
results2501/20250129S071628.960408E072130.398076_scanAz_slow.dat,30.5421
results2501/20250129S072131.364659E072632.804142_scanAz_slow.dat,37.5700
results2501/20250129S072633.764512E073135.208429_scanAz_slow.dat,44.9042
results2501/20250129S073136.168597E073637.614461_scanAz_slow.dat,52.1992
results2501/20250129S073638.572857E074140.020998_scanAz_slow.dat,59.9208
results2501/20250129S074140.981051E074642.424627_scanAz_slow.dat,67.5680
results2501/20250129S074643.380335E075144.828594_scanAz_slow.dat,74.6859
results2501/20250129S075145.784417E075621.312320_scanAz_slow.dat,81.5507
read results2501/20250129_090135_scanAz_slow.txt,0.0091
results2501/20250129S090136.142805E090637.688888_scanAz_slow.dat,7.1414
results2501/20250129S090638.647876E091140.093253_scanAz_slow.dat,14.0621
results2501/20250129S091141.049918E091642.494525_scanAz_slow.dat,21.6683
results2501/20250129S091643.455697E092144.899545_scanAz_slow.dat,28.7730
results2501/20250129S092145.861599E092647.302829_scanAz_slow.dat,36.0943
results2501/20250129S092648.264868E093149.705366_scanAz_slow.dat,43.1706
results2501/20250129S093150.665554E093652.111972_scanAz_slow.dat,49.6905
results2501/20250129S093653.073398E094154.517550_scanAz_slow.dat,57.3959
results2501/20250129S094155.471176E094656.916626_scanAz_slow.dat,64.8773
results2501/20250129S094657.882140E095159.321916_scanAz_slow.dat,71.9590
results2501/20250129S095200.281911E095635.808982_scanAz_slow.dat,79.6076
read results2501/20250129_100117_scanAz_slow.txt,0.0089
results2501/20250129S100118.620116E100620.165177_scanAz_slow.dat,7.7281
results2501/20250129S100621.125269E101122.568945_scanAz_slow.dat,15.0449
results2501/20250129S101123.529075E101624.975064_scanAz_slow.dat,21.2447
results2501/20250129S101625.931658E102127.381799_scanAz_slow.dat,28.1428
results2501/20250129S102128.341662E102629.784605_scanAz_slow.dat,35.4914
results2501/20250129S102630.743709E103132.186684_scanAz_slow.dat,42.7476
results2501/20250129S103133.149207E103634.590624_scanAz_slow.dat,50.3734
results2501/20250129S103635.551253E104136.994222_scanAz_slow.dat,58.0604
results2501/20250129S104137.953920E104639.395874_scanAz_slow.dat,65.2068
results2501/20250129S104640.361976E105141.801110_scanAz_slow.dat,73.4513
results2501/20250129S105142.761439E105618.289257_scanAz_slow.dat,81.2312
read results2501/20250129_110126_scanAz_slow.txt,0.0092
results2501/20250129S110127.813279E110629.383970_scanAz_slow.dat,7.9319
results2501/20250129S110630.342949E111131.786401_scanAz_slow.dat,16.0692
results2501/20250129S111132.748014E111634.187813_scanAz_slow.dat,23.2821
results2501/20250129S111635.148790E112136.594709_scanAz_slow.dat,30.6065
results2501/20250129S112137.552140E112638.999736_scanAz_slow.dat,37.8467
results2501/20250129S112639.959697E113141.403603_scanAz_slow.dat,44.9628
results2501/20250129S113142.361459E113643.804665_scanAz_slow.dat,53.0971
results2501/20250129S113644.765511E114146.210475_scanAz_slow.dat,60.6417
results2501/20250129S114147.171091E114649.625500_scanAz_slow.dat,67.5906
results2501/20250129S114650.585664E115152.025623_scanAz_slow.dat,74.7109
results2501/20250129S115152.988100E115627.552894_scanAz_slow.dat,82.3992
read results2501/20250129_130134_scanAz_slow.txt,0.0091
results2501/20250129S130135.549068E130637.110093_scanAz_slow.dat,7.5412
results2501/20250129S130638.068103E131139.511398_scanAz_slow.dat,15.4009
results2501/20250129S131140.473563E131641.920553_scanAz_slow.dat,23.0035
results2501/20250129S131642.877296E132144.323876_scanAz_slow.dat,30.5316
results2501/20250129S132145.281416E132646.724831_scanAz_slow.dat,37.5420
results2501/20250129S132647.683704E133149.131493_scanAz_slow.dat,45.2791
results2501/20250129S133150.089332E133651.535998_scanAz_slow.dat,52.6736
results2501/20250129S133652.494413E134153.938386_scanAz_slow.dat,60.1054
results2501/20250129S134154.897790E134656.342435_scanAz_slow.dat,67.3116
results2501/20250129S134657.299896E135158.748097_scanAz_slow.dat,74.2990
results2501/20250129S135159.707214E135635.231798_scanAz_slow.dat,82.1858
read results2501/20250129_140114_scanAz_slow.txt,0.0088
results2501/20250129S140115.468575E140617.046767_scanAz_slow.dat,7.4787
results2501/20250129S140618.005781E141119.449909_scanAz_slow.dat,14.9265
results2501/20250129S141120.408651E141621.851986_scanAz_slow.dat,21.9471
results2501/20250129S141622.810323E142124.254860_scanAz_slow.dat,28.9342
results2501/20250129S142125.215681E142626.660598_scanAz_slow.dat,36.4267
results2501/20250129S142627.625609E143129.064721_scanAz_slow.dat,43.5357
results2501/20250129S143130.024209E143631.468589_scanAz_slow.dat,50.9705
results2501/20250129S143632.433140E144133.873457_scanAz_slow.dat,57.6266
results2501/20250129S144134.832449E144636.276014_scanAz_slow.dat,64.1626
results2501/20250129S144637.239959E145138.684195_scanAz_slow.dat,71.1998
results2501/20250129S145139.644278E145615.164249_scanAz_slow.dat,78.5564
read results2501/20250129_150120_scanAz_slow.txt,0.0091
results2501/20250129S150121.862116E150623.428664_scanAz_slow.dat,8.4815
results2501/20250129S150624.393972E151125.835822_scanAz_slow.dat,15.5386
results2501/20250129S151126.795957E151628.240412_scanAz_slow.dat,23.6748
results2501/20250129S151629.199164E152130.643374_scanAz_slow.dat,31.0522
results2501/20250129S152131.603205E152633.046703_scanAz_slow.dat,38.8552
results2501/20250129S152634.007354E153135.451949_scanAz_slow.dat,46.1205
results2501/20250129S153136.411331E153637.857223_scanAz_slow.dat,53.9230
results2501/20250129S153638.816726E154140.259823_scanAz_slow.dat,61.9269
results2501/20250129S154141.219045E154642.663392_scanAz_slow.dat,69.6350
results2501/20250129S154643.622205E155145.069495_scanAz_slow.dat,77.4089
results2501/20250129S155146.028723E155621.549546_scanAz_slow.dat,84.6033
read results2501/20250129_170134_scanAz_slow.txt,0.0093
results2501/20250129S170135.496052E170637.065707_scanAz_slow.dat,7.4975
results2501/20250129S170638.024263E171139.468293_scanAz_slow.dat,14.6363
results2501/20250129S171140.428966E171641.873594_scanAz_slow.dat,21.8488
results2501/20250129S171642.833934E172144.278169_scanAz_slow.dat,30.1635
results2501/20250129S172145.235940E172646.681681_scanAz_slow.dat,38.0182
results2501/20250129S172647.642618E173149.084373_scanAz_slow.dat,45.7765
results2501/20250129S173150.045919E173651.489746_scanAz_slow.dat,52.9158
results2501/20250129S173652.448322E174153.892616_scanAz_slow.dat,59.9902
results2501/20250129S174154.853682E174656.297731_scanAz_slow.dat,67.9976
results2501/20250129S174657.258392E175158.701904_scanAz_slow.dat,75.5326
results2501/20250129S175159.660358E175635.181947_scanAz_slow.dat,83.2603
read results2501/20250129_180116_scanAz_slow.txt,0.0094
results2501/20250129S180117.854342E180619.400976_scanAz_slow.dat,7.5322
results2501/20250129S180620.359127E181121.801437_scanAz_slow.dat,14.6509
results2501/20250129S181122.762300E181624.205761_scanAz_slow.dat,22.3552
results2501/20250129S181625.168192E182126.611115_scanAz_slow.dat,28.8676
results2501/20250129S182127.572001E182629.013424_scanAz_slow.dat,35.4608
results2501/20250129S182629.974802E183131.418846_scanAz_slow.dat,43.1907
results2501/20250129S183132.381494E183633.824384_scanAz_slow.dat,50.5423
results2501/20250129S183634.782051E184136.226930_scanAz_slow.dat,57.9961
results2501/20250129S184137.186945E184638.628899_scanAz_slow.dat,65.1094
results2501/20250129S184639.589754E185141.036611_scanAz_slow.dat,72.1555
results2501/20250129S185141.997426E185617.518944_scanAz_slow.dat,79.0558
read results2501/20250129_190125_scanAz_slow.txt,0.0088
results2501/20250129S190127.022780E190628.570158_scanAz_slow.dat,6.8009
results2501/20250129S190629.525535E191131.980060_scanAz_slow.dat,14.2470
results2501/20250129S191132.936089E191634.383130_scanAz_slow.dat,22.1822
results2501/20250129S191635.344266E192136.789079_scanAz_slow.dat,29.9578
results2501/20250129S192137.749508E192639.192937_scanAz_slow.dat,37.5676
results2501/20250129S192640.152821E193141.593381_scanAz_slow.dat,45.4799
results2501/20250129S193142.555212E193643.998895_scanAz_slow.dat,52.1950
results2501/20250129S193644.959084E194146.404849_scanAz_slow.dat,59.9597
results2501/20250129S194147.364618E194648.807320_scanAz_slow.dat,66.7074
results2501/20250129S194649.767138E195151.212599_scanAz_slow.dat,74.0725
results2501/20250129S195152.172561E195626.736233_scanAz_slow.dat,81.1894
read results2501/20250129_210134_scanAz_slow.txt,0.0092
results2501/20250129S210135.852775E210637.398946_scanAz_slow.dat,7.3107
results2501/20250129S210638.362775E211139.803857_scanAz_slow.dat,14.9209
results2501/20250129S211140.763840E211642.209170_scanAz_slow.dat,21.6739
results2501/20250129S211643.164450E212144.608814_scanAz_slow.dat,28.6057
results2501/20250129S212145.568323E212647.016884_scanAz_slow.dat,36.5133
results2501/20250129S212647.977566E213149.469072_scanAz_slow.dat,43.9742
results2501/20250129S213150.428964E213651.871733_scanAz_slow.dat,51.8643
results2501/20250129S213652.833482E214154.277222_scanAz_slow.dat,59.2224
results2501/20250129S214155.236278E214656.680886_scanAz_slow.dat,66.6200
results2501/20250129S214657.640793E215159.084475_scanAz_slow.dat,74.1553
results2501/20250129S215200.041109E215635.569034_scanAz_slow.dat,81.8241
read results2501/20250129_220114_scanAz_slow.txt,0.0087
results2501/20250129S220115.710815E220617.337693_scanAz_slow.dat,7.3945
results2501/20250129S220618.298283E221119.741702_scanAz_slow.dat,15.1625
results2501/20250129S221120.700528E221622.144657_scanAz_slow.dat,22.5802
results2501/20250129S221623.104487E222124.548273_scanAz_slow.dat,30.0074
results2501/20250129S222125.509597E222626.953292_scanAz_slow.dat,37.7077
results2501/20250129S222627.908716E223129.357100_scanAz_slow.dat,45.4398
results2501/20250129S223130.316506E223631.759733_scanAz_slow.dat,53.1380
results2501/20250129S223632.720396E224134.166245_scanAz_slow.dat,60.4856
results2501/20250129S224135.126324E224636.569254_scanAz_slow.dat,67.9251
results2501/20250129S224637.526462E225138.974335_scanAz_slow.dat,75.2925
results2501/20250129S225139.933901E225615.456903_scanAz_slow.dat,82.1268
read results2501/20250129_230121_scanAz_slow.txt,0.0089
results2501/20250129S230122.421421E230623.961474_scanAz_slow.dat,7.4159
results2501/20250129S230624.917646E231126.360970_scanAz_slow.dat,14.5453
results2501/20250129S231127.321776E231628.767632_scanAz_slow.dat,22.6740
results2501/20250129S231629.727248E232131.171179_scanAz_slow.dat,29.7345
results2501/20250129S232132.132900E232633.575629_scanAz_slow.dat,37.2272
results2501/20250129S232634.533968E233135.979758_scanAz_slow.dat,44.8979
results2501/20250129S233136.940635E233638.382233_scanAz_slow.dat,52.2397
results2501/20250129S233639.342162E234140.785688_scanAz_slow.dat,58.9263
results2501/20250129S234141.747320E234643.190044_scanAz_slow.dat,66.9816
results2501/20250129S234644.149475E235145.595471_scanAz_slow.dat,74.6705
results2501/20250129S235146.564904E235622.078634_scanAz_slow.dat,82.4828
read results2501/20250130_010134_scanAz_slow.txt,0.0089
results2501/20250130S010135.689711E010637.257103_scanAz_slow.dat,7.3846
results2501/20250130S010638.218850E011139.663217_scanAz_slow.dat,14.9935
results2501/20250130S011140.619077E011642.067116_scanAz_slow.dat,23.5618
results2501/20250130S011643.026764E012144.469855_scanAz_slow.dat,31.2874
results2501/20250130S012145.424847E012646.869186_scanAz_slow.dat,39.0948
results2501/20250130S012647.835275E013149.274807_scanAz_slow.dat,46.1329
results2501/20250130S013150.237932E013651.683226_scanAz_slow.dat,53.6198
results2501/20250130S013652.639097E014154.085559_scanAz_slow.dat,60.7725
results2501/20250130S014155.045821E014656.486883_scanAz_slow.dat,67.9171
results2501/20250130S014657.447399E015158.893060_scanAz_slow.dat,75.4073
results2501/20250130S015159.854496E015635.376100_scanAz_slow.dat,82.7232
read results2501/20250130_020117_scanAz_slow.txt,0.0093
results2501/20250130S020118.291892E020619.834697_scanAz_slow.dat,7.4816
results2501/20250130S020620.793750E021122.238062_scanAz_slow.dat,14.5983
results2501/20250130S021123.194110E021624.642691_scanAz_slow.dat,21.9334
results2501/20250130S021625.602846E022127.045486_scanAz_slow.dat,29.7673
results2501/20250130S022128.005902E022629.449425_scanAz_slow.dat,36.9753
results2501/20250130S022630.409110E023131.853397_scanAz_slow.dat,44.0642
results2501/20250130S023132.811936E023634.257217_scanAz_slow.dat,51.3048
results2501/20250130S023635.218142E024136.661367_scanAz_slow.dat,59.3085
results2501/20250130S024137.623538E024639.064607_scanAz_slow.dat,66.6449
results2501/20250130S024640.022293E025141.469976_scanAz_slow.dat,74.5756
results2501/20250130S025142.428433E025617.952795_scanAz_slow.dat,82.2672
read results2501/20250130_030126_scanAz_slow.txt,0.0088
results2501/20250130S030127.694800E030629.240118_scanAz_slow.dat,7.1095
results2501/20250130S030630.200416E031131.642588_scanAz_slow.dat,14.2162
results2501/20250130S031132.602521E031634.049715_scanAz_slow.dat,21.6704
results2501/20250130S031635.005386E032136.453043_scanAz_slow.dat,29.2175
results2501/20250130S032137.412454E032638.858111_scanAz_slow.dat,36.9014
results2501/20250130S032639.818357E033141.262709_scanAz_slow.dat,44.8302
results2501/20250130S033142.217715E033643.664273_scanAz_slow.dat,52.6158
results2501/20250130S033644.626275E034146.066148_scanAz_slow.dat,60.0304
results2501/20250130S034147.029013E034648.474618_scanAz_slow.dat,66.5542
results2501/20250130S034649.434363E035150.877898_scanAz_slow.dat,73.3341
results2501/20250130S035151.838491E035627.361991_scanAz_slow.dat,81.2816
read results2501/20250130_050134_scanAz_slow.txt,0.0090
results2501/20250130S050135.537758E050637.112833_scanAz_slow.dat,7.1598
results2501/20250130S050638.076740E051139.516089_scanAz_slow.dat,14.8272
results2501/20250130S051140.478289E051641.923158_scanAz_slow.dat,21.9757
results2501/20250130S051642.881565E052144.324756_scanAz_slow.dat,29.0697
results2501/20250130S052145.284460E052646.728247_scanAz_slow.dat,35.9486
results2501/20250130S052647.687919E053149.134661_scanAz_slow.dat,43.8100
results2501/20250130S053150.093061E053651.537899_scanAz_slow.dat,50.8216
results2501/20250130S053652.497673E054153.938723_scanAz_slow.dat,58.4302
results2501/20250130S054154.898889E054656.346149_scanAz_slow.dat,65.8435
results2501/20250130S054657.306141E055158.749559_scanAz_slow.dat,73.0769
results2501/20250130S055159.706309E055635.238470_scanAz_slow.dat,80.5771
read results2501/20250130_060114_scanAz_slow.txt,0.0090
results2501/20250130S060115.360958E060617.961827_scanAz_slow.dat,7.5215
results2501/20250130S060618.923191E061120.364574_scanAz_slow.dat,14.9574
results2501/20250130S061121.325685E061622.770845_scanAz_slow.dat,22.1323
results2501/20250130S061623.730364E062125.173934_scanAz_slow.dat,29.9616
results2501/20250130S062126.135189E062627.579040_scanAz_slow.dat,37.1829
results2501/20250130S062628.538694E063129.981924_scanAz_slow.dat,44.9644
results2501/20250130S063130.942676E063632.388335_scanAz_slow.dat,52.1756
results2501/20250130S063633.348272E064134.788979_scanAz_slow.dat,59.7510
results2501/20250130S064135.750141E064637.245182_scanAz_slow.dat,67.6268
results2501/20250130S064638.204638E065139.644719_scanAz_slow.dat,75.6513
results2501/20250130S065140.609312E065615.172558_scanAz_slow.dat,82.8761
read results2501/20250130_070121_scanAz_slow.txt,0.0089
results2501/20250130S070122.111583E070623.673784_scanAz_slow.dat,7.3458
results2501/20250130S070624.633745E071126.076879_scanAz_slow.dat,14.6385
results2501/20250130S071127.038097E071628.482675_scanAz_slow.dat,22.2868
results2501/20250130S071629.443026E072130.884312_scanAz_slow.dat,30.3598
results2501/20250130S072131.845842E072633.290070_scanAz_slow.dat,37.2453
results2501/20250130S072634.251043E073135.694589_scanAz_slow.dat,44.4185
results2501/20250130S073136.654816E073638.098243_scanAz_slow.dat,51.7710
results2501/20250130S073639.059226E074140.503988_scanAz_slow.dat,59.0782
results2501/20250130S074141.463504E074642.907063_scanAz_slow.dat,66.6376
results2501/20250130S074643.866685E075145.313072_scanAz_slow.dat,74.3563
results2501/20250130S075146.269278E075621.796123_scanAz_slow.dat,81.9615
read results2501/20250130_090134_scanAz_slow.txt,0.0087
results2501/20250130S090135.448882E090637.018322_scanAz_slow.dat,7.6258
results2501/20250130S090637.979329E091139.425197_scanAz_slow.dat,14.7645
results2501/20250130S091140.380185E091641.829252_scanAz_slow.dat,22.6021
results2501/20250130S091642.788536E092144.231700_scanAz_slow.dat,30.8563
results2501/20250130S092145.191958E092646.635985_scanAz_slow.dat,38.1607
results2501/20250130S092647.596278E093149.038385_scanAz_slow.dat,45.6151
results2501/20250130S093149.998280E093651.443753_scanAz_slow.dat,52.9642
results2501/20250130S093652.404820E094153.849902_scanAz_slow.dat,60.5738
results2501/20250130S094154.809264E094656.254272_scanAz_slow.dat,68.2782
results2501/20250130S094657.212389E095158.657532_scanAz_slow.dat,76.3361
results2501/20250130S095159.615084E095635.143524_scanAz_slow.dat,83.5566
read results2501/20250130_100116_scanAz_slow.txt,0.0097
results2501/20250130S100117.856277E100619.404026_scanAz_slow.dat,7.8248
results2501/20250130S100620.365405E101121.809587_scanAz_slow.dat,15.7765
results2501/20250130S101122.770816E101624.213626_scanAz_slow.dat,23.1994
results2501/20250130S101625.171244E102126.614671_scanAz_slow.dat,30.5556
results2501/20250130S102127.577976E102629.020369_scanAz_slow.dat,37.8894
results2501/20250130S102629.979940E103131.423395_scanAz_slow.dat,45.1666
results2501/20250130S103132.384305E103633.829786_scanAz_slow.dat,52.0405
results2501/20250130S103634.786151E104136.233080_scanAz_slow.dat,58.8963
results2501/20250130S104137.195211E104638.638008_scanAz_slow.dat,66.1972
results2501/20250130S104639.599101E105141.043308_scanAz_slow.dat,73.6333
results2501/20250130S105142.001948E105617.524848_scanAz_slow.dat,80.9385
read results2501/20250130_110125_scanAz_slow.txt,0.0091
results2501/20250130S110127.027124E110628.573122_scanAz_slow.dat,7.9081
results2501/20250130S110629.533720E111130.977492_scanAz_slow.dat,15.6068
results2501/20250130S111131.933039E111633.379095_scanAz_slow.dat,23.0956
results2501/20250130S111634.341190E112135.785794_scanAz_slow.dat,30.4600
results2501/20250130S112136.742883E112638.189301_scanAz_slow.dat,37.5495
results2501/20250130S112639.148381E113140.590291_scanAz_slow.dat,45.2241
results2501/20250130S113141.551912E113643.000068_scanAz_slow.dat,53.2674
results2501/20250130S113643.960985E114145.401724_scanAz_slow.dat,60.4467
results2501/20250130S114146.360296E114647.805549_scanAz_slow.dat,67.8745
results2501/20250130S114648.765329E115150.209856_scanAz_slow.dat,75.9453
results2501/20250130S115151.169674E115626.692936_scanAz_slow.dat,83.7567
read results2501/20250130_130134_scanAz_slow.txt,0.0101
results2501/20250130S130135.860791E130637.406469_scanAz_slow.dat,7.5438
results2501/20250130S130638.363676E131139.810672_scanAz_slow.dat,15.5196
results2501/20250130S131140.769298E131642.213943_scanAz_slow.dat,23.4047
results2501/20250130S131643.174833E132144.615158_scanAz_slow.dat,31.0326
results2501/20250130S132145.576524E132647.024158_scanAz_slow.dat,38.5063
results2501/20250130S132647.983553E133149.428005_scanAz_slow.dat,46.0426
results2501/20250130S133150.387808E133651.829454_scanAz_slow.dat,53.4127
results2501/20250130S133652.790552E134154.238286_scanAz_slow.dat,60.9767
results2501/20250130S134155.194818E134656.638932_scanAz_slow.dat,68.4846
results2501/20250130S134657.600141E135159.044191_scanAz_slow.dat,75.9827
results2501/20250130S135200.004356E135635.529183_scanAz_slow.dat,82.7686
read results2501/20250130_140114_scanAz_slow.txt,0.0101
results2501/20250130S140115.890752E140617.438760_scanAz_slow.dat,7.0622
results2501/20250130S140618.396716E141119.839087_scanAz_slow.dat,14.3617
results2501/20250130S141120.804930E141622.248412_scanAz_slow.dat,21.1594
results2501/20250130S141623.209414E142124.653562_scanAz_slow.dat,29.1429
results2501/20250130S142125.610423E142627.056911_scanAz_slow.dat,36.7336
results2501/20250130S142628.012342E143129.461074_scanAz_slow.dat,43.2263
results2501/20250130S143130.420592E143631.862086_scanAz_slow.dat,50.6157
results2501/20250130S143632.822998E144134.267006_scanAz_slow.dat,58.5505
results2501/20250130S144135.226580E144636.671130_scanAz_slow.dat,66.0020
results2501/20250130S144637.631578E145139.076392_scanAz_slow.dat,73.5864
results2501/20250130S145140.034020E145615.559260_scanAz_slow.dat,81.5894
read results2501/20250130_150121_scanAz_slow.txt,0.0087
results2501/20250130S150122.621322E150624.159412_scanAz_slow.dat,7.4961
results2501/20250130S150625.117637E151126.564704_scanAz_slow.dat,15.1240
results2501/20250130S151127.523606E151628.966797_scanAz_slow.dat,22.5391
results2501/20250130S151629.926023E152131.371312_scanAz_slow.dat,29.9520
results2501/20250130S152132.332671E152633.776087_scanAz_slow.dat,36.7505
results2501/20250130S152634.734210E153136.180239_scanAz_slow.dat,44.1776
results2501/20250130S153137.140453E153638.583111_scanAz_slow.dat,51.2531
results2501/20250130S153639.545231E154140.989787_scanAz_slow.dat,58.7856
results2501/20250130S154141.950639E154643.393943_scanAz_slow.dat,66.2108
results2501/20250130S154644.352385E155145.794915_scanAz_slow.dat,73.2557
results2501/20250130S155146.755815E155622.281130_scanAz_slow.dat,80.5956
read results2501/20250130_170134_scanAz_slow.txt,0.0088
results2501/20250130S170135.208742E170636.781738_scanAz_slow.dat,7.4100
results2501/20250130S170637.741939E171139.188318_scanAz_slow.dat,14.1172
results2501/20250130S171140.149252E171641.593067_scanAz_slow.dat,21.1798
results2501/20250130S171642.550831E172143.997037_scanAz_slow.dat,29.1089
results2501/20250130S172144.959240E172646.398574_scanAz_slow.dat,36.9271
results2501/20250130S172647.361219E173148.804552_scanAz_slow.dat,43.8633
results2501/20250130S173149.765441E173651.207616_scanAz_slow.dat,51.2411
results2501/20250130S173652.168644E174153.613152_scanAz_slow.dat,58.5035
results2501/20250130S174154.573206E174656.015932_scanAz_slow.dat,66.5643
results2501/20250130S174656.981535E175158.418872_scanAz_slow.dat,73.1745
results2501/20250130S175159.381512E175634.904172_scanAz_slow.dat,80.5490
read results2501/20250130_180116_scanAz_slow.txt,0.0096
results2501/20250130S180117.653637E180619.214243_scanAz_slow.dat,7.6401
results2501/20250130S180620.180020E181121.625083_scanAz_slow.dat,13.8548
results2501/20250130S181122.584366E181624.025333_scanAz_slow.dat,20.9727
results2501/20250130S181624.986173E182126.429934_scanAz_slow.dat,28.2026
results2501/20250130S182127.390436E182628.831523_scanAz_slow.dat,35.9047
results2501/20250130S182629.791665E183131.238830_scanAz_slow.dat,43.7108
results2501/20250130S183132.195262E183633.637787_scanAz_slow.dat,51.4304
results2501/20250130S183634.602883E184136.042466_scanAz_slow.dat,58.6678
results2501/20250130S184137.008154E184638.446007_scanAz_slow.dat,66.3650
results2501/20250130S184639.410287E185140.855850_scanAz_slow.dat,74.1241
results2501/20250130S185141.811229E185617.338907_scanAz_slow.dat,82.2516
read results2501/20250130_190125_scanAz_slow.txt,0.0093
results2501/20250130S190126.984459E190628.532380_scanAz_slow.dat,7.8703
results2501/20250130S190629.487358E191130.933630_scanAz_slow.dat,15.5250
results2501/20250130S191131.894555E191633.338931_scanAz_slow.dat,22.8360
results2501/20250130S191634.297636E192135.742600_scanAz_slow.dat,30.1921
results2501/20250130S192136.703381E192638.146481_scanAz_slow.dat,37.6160
results2501/20250130S192639.105909E193140.551246_scanAz_slow.dat,45.1529
results2501/20250130S193141.513052E193642.953764_scanAz_slow.dat,52.5101
results2501/20250130S193643.914104E194145.357172_scanAz_slow.dat,59.7568
results2501/20250130S194146.317332E194647.763275_scanAz_slow.dat,67.1250
results2501/20250130S194648.722771E195150.165655_scanAz_slow.dat,74.4844
results2501/20250130S195151.126654E195626.650438_scanAz_slow.dat,81.5476
read results2501/20250130_210134_scanAz_slow.txt,0.0081
results2501/20250130S210135.814973E210637.364901_scanAz_slow.dat,7.8682
results2501/20250130S210638.319926E211139.765599_scanAz_slow.dat,15.1550
results2501/20250130S211140.725769E211642.170757_scanAz_slow.dat,22.7326
results2501/20250130S211643.129544E212144.573773_scanAz_slow.dat,30.8035
results2501/20250130S212145.534060E212646.974676_scanAz_slow.dat,38.8924
results2501/20250130S212647.936357E213149.382313_scanAz_slow.dat,45.9440
results2501/20250130S213150.340311E213651.784084_scanAz_slow.dat,53.6768
results2501/20250130S213652.744192E214154.189710_scanAz_slow.dat,60.5217
results2501/20250130S214155.149361E214656.593670_scanAz_slow.dat,68.4020
results2501/20250130S214657.552285E215158.997522_scanAz_slow.dat,75.9743
results2501/20250130S215159.957822E215635.481359_scanAz_slow.dat,83.5178
read results2501/20250130_220114_scanAz_slow.txt,0.0103
results2501/20250130S220115.678470E220617.248427_scanAz_slow.dat,7.6378
results2501/20250130S220618.212231E221119.653328_scanAz_slow.dat,15.6817
results2501/20250130S221120.611830E221622.056198_scanAz_slow.dat,22.5788
results2501/20250130S221623.015361E222124.461307_scanAz_slow.dat,30.0044
results2501/20250130S222125.421310E222626.865776_scanAz_slow.dat,37.9720
results2501/20250130S222627.826607E223129.269278_scanAz_slow.dat,45.5086
results2501/20250130S223130.227989E223631.673276_scanAz_slow.dat,52.9247
results2501/20250130S223632.633365E224134.076123_scanAz_slow.dat,60.0237
results2501/20250130S224135.036189E224636.479398_scanAz_slow.dat,67.7728
results2501/20250130S224637.444418E225138.886524_scanAz_slow.dat,75.4497
results2501/20250130S225139.846428E225615.369469_scanAz_slow.dat,82.6586
read results2501/20250130_230121_scanAz_slow.txt,0.0091
results2501/20250130S230122.404538E230623.970098_scanAz_slow.dat,7.2155
results2501/20250130S230624.929158E231126.374526_scanAz_slow.dat,14.1051
results2501/20250130S231127.334502E231628.777946_scanAz_slow.dat,21.8788
results2501/20250130S231629.736283E232131.181308_scanAz_slow.dat,29.6090
results2501/20250130S232132.141683E232633.585542_scanAz_slow.dat,36.9942
results2501/20250130S232634.545146E233135.989699_scanAz_slow.dat,45.1031
results2501/20250130S233136.949008E233638.392217_scanAz_slow.dat,53.2444
results2501/20250130S233639.351968E234140.797660_scanAz_slow.dat,60.8832
results2501/20250130S234141.759012E234643.202153_scanAz_slow.dat,68.1433
results2501/20250130S234644.161602E235145.605934_scanAz_slow.dat,74.9628
results2501/20250130S235146.565010E235622.092640_scanAz_slow.dat,82.4438
read results2501/20250131_010134_scanAz_slow.txt,0.0049

Total time taken: 201816.8806 seconds
