TIME,take TIME (seconds)
read results2403/20240301_010135_scanAz_slow.txt,0.0064
results2403/20240301S010136.540974E011150.089383_scanAz_slow.dat,21.0904
results2403/20240301S011151.052120E012204.498131_scanAz_slow.dat,21.0626
results2403/20240301S012205.460815E013218.903438_scanAz_slow.dat,21.0710
results2403/20240301S013219.866925E014233.313998_scanAz_slow.dat,21.0581
results2403/20240301S014234.270900E015247.721773_scanAz_slow.dat,21.0658
results2403/20240301S015248.678691E015636.201697_scanAz_slow.dat,21.0858
read results2403/20240301_020135_scanAz_slow.txt,0.0136
results2403/20240301S020136.346286E021149.894890_scanAz_slow.dat,21.0608
results2403/20240301S021150.857343E022204.304022_scanAz_slow.dat,21.0962
results2403/20240301S022205.260903E023218.712323_scanAz_slow.dat,21.0883
results2403/20240301S023219.669814E024233.121922_scanAz_slow.dat,21.0784
results2403/20240301S024234.078810E025247.528585_scanAz_slow.dat,21.0677
results2403/20240301S025248.487649E025636.007745_scanAz_slow.dat,21.0778
read results2403/20240301_030135_scanAz_slow.txt,0.0134
results2403/20240301S030136.151660E031149.702668_scanAz_slow.dat,21.0603
results2403/20240301S031150.658677E032204.110687_scanAz_slow.dat,21.0907
results2403/20240301S032205.067893E033218.516268_scanAz_slow.dat,21.1146
results2403/20240301S033219.479622E034232.923568_scanAz_slow.dat,21.1049
results2403/20240301S034233.886520E035247.334143_scanAz_slow.dat,21.0899
results2403/20240301S035248.291932E035635.812690_scanAz_slow.dat,21.0812
read results2403/20240301_050134_scanAz_slow.txt,0.0135
results2403/20240301S050135.928739E051149.504391_scanAz_slow.dat,21.0959
results2403/20240301S051150.466220E052203.911616_scanAz_slow.dat,21.0839
results2403/20240301S052204.874564E053218.317768_scanAz_slow.dat,21.0953
results2403/20240301S053219.281947E054232.730023_scanAz_slow.dat,21.0618
results2403/20240301S054233.686521E055247.134145_scanAz_slow.dat,21.0581
results2403/20240301S055248.095880E055635.616865_scanAz_slow.dat,21.0805
read results2403/20240301_060134_scanAz_slow.txt,0.0157
results2403/20240301S060135.724076E061149.263828_scanAz_slow.dat,21.0437
results2403/20240301S061150.225175E062203.669941_scanAz_slow.dat,21.0806
results2403/20240301S062204.632060E063218.078164_scanAz_slow.dat,21.0817
results2403/20240301S063219.035112E064232.488448_scanAz_slow.dat,21.0689
results2403/20240301S064233.447805E065246.892105_scanAz_slow.dat,21.0761
results2403/20240301S065247.855496E065635.376335_scanAz_slow.dat,21.0865
read results2403/20240301_070135_scanAz_slow.txt,0.0134
results2403/20240301S070136.525457E071150.077055_scanAz_slow.dat,21.0996
results2403/20240301S071151.037825E072204.486165_scanAz_slow.dat,21.0656
results2403/20240301S072205.444163E073218.891385_scanAz_slow.dat,21.1001
results2403/20240301S073219.853578E074233.300850_scanAz_slow.dat,21.0614
results2403/20240301S074234.262409E075247.707879_scanAz_slow.dat,21.1067
results2403/20240301S075248.669903E075636.189878_scanAz_slow.dat,21.0591
read results2403/20240301_090135_scanAz_slow.txt,0.0135
results2403/20240301S090136.329479E091149.882366_scanAz_slow.dat,21.0894
results2403/20240301S091150.839227E092204.286035_scanAz_slow.dat,21.0767
results2403/20240301S092205.250148E093218.696388_scanAz_slow.dat,21.0855
results2403/20240301S093219.659140E094233.106923_scanAz_slow.dat,21.0725
results2403/20240301S094234.065318E095247.511834_scanAz_slow.dat,21.0477
results2403/20240301S095248.469344E095635.994040_scanAz_slow.dat,21.0414
read results2403/20240301_100135_scanAz_slow.txt,0.0132
results2403/20240301S100136.147200E101149.684092_scanAz_slow.dat,21.0546
results2403/20240301S101150.646643E102204.096302_scanAz_slow.dat,21.0738
results2403/20240301S102205.053789E103218.504064_scanAz_slow.dat,21.0599
results2403/20240301S103219.461009E104232.912057_scanAz_slow.dat,21.0397
results2403/20240301S104233.869891E105247.318438_scanAz_slow.dat,21.0791
results2403/20240301S105248.275716E105635.801234_scanAz_slow.dat,21.0914
read results2403/20240301_110134_scanAz_slow.txt,0.0132
results2403/20240301S110135.942986E111149.494260_scanAz_slow.dat,21.0926
results2403/20240301S111150.450517E112203.903110_scanAz_slow.dat,21.0939
results2403/20240301S112204.860610E113218.307112_scanAz_slow.dat,21.1217
results2403/20240301S113219.270396E114232.714381_scanAz_slow.dat,21.0903
results2403/20240301S114233.678326E115247.124985_scanAz_slow.dat,21.0709
results2403/20240301S115248.081896E115635.606021_scanAz_slow.dat,21.0836
read results2403/20240301_130134_scanAz_slow.txt,0.0132
results2403/20240301S130135.747470E131149.295702_scanAz_slow.dat,21.0685
results2403/20240301S131150.256601E132203.705749_scanAz_slow.dat,21.1359
results2403/20240301S132204.667950E133218.113660_scanAz_slow.dat,21.0935
results2403/20240301S133219.075529E134232.518697_scanAz_slow.dat,21.0864
results2403/20240301S134233.481392E135246.931445_scanAz_slow.dat,21.0479
results2403/20240301S135247.888200E135635.410684_scanAz_slow.dat,21.0706
read results2403/20240301_140135_scanAz_slow.txt,0.0132
results2403/20240301S140136.562682E141150.109518_scanAz_slow.dat,21.0739
results2403/20240301S141151.070862E142204.517992_scanAz_slow.dat,21.0929
results2403/20240301S142205.481390E143218.927105_scanAz_slow.dat,21.0703
results2403/20240301S143219.889537E144233.336782_scanAz_slow.dat,21.0620
results2403/20240301S144234.292879E145247.743303_scanAz_slow.dat,21.0642
results2403/20240301S145248.705780E145636.223717_scanAz_slow.dat,21.0846
read results2403/20240301_150135_scanAz_slow.txt,0.0133
results2403/20240301S150136.375254E151149.918344_scanAz_slow.dat,21.1054
results2403/20240301S151150.879308E152204.326275_scanAz_slow.dat,21.0875
results2403/20240301S152205.287686E153218.736051_scanAz_slow.dat,21.1569
results2403/20240301S153219.692911E154233.141162_scanAz_slow.dat,21.1832
results2403/20240301S154234.102712E155247.547891_scanAz_slow.dat,21.0946
results2403/20240301S155248.510393E155636.031577_scanAz_slow.dat,21.1295
read results2403/20240301_170135_scanAz_slow.txt,0.0133
results2403/20240301S170136.171456E171149.722519_scanAz_slow.dat,21.1045
results2403/20240301S171150.680040E172204.128695_scanAz_slow.dat,21.0477
results2403/20240301S172205.085913E173218.532929_scanAz_slow.dat,21.0957
results2403/20240301S173219.496272E174232.942204_scanAz_slow.dat,21.0995
results2403/20240301S174233.900322E175247.348550_scanAz_slow.dat,21.1384
results2403/20240301S175248.311666E175635.831642_scanAz_slow.dat,21.0630
read results2403/20240301_180134_scanAz_slow.txt,0.0132
results2403/20240301S180135.997661E181149.575429_scanAz_slow.dat,21.0512
results2403/20240301S181150.531738E182203.979535_scanAz_slow.dat,21.0886
results2403/20240301S182204.942983E183218.388342_scanAz_slow.dat,21.0977
results2403/20240301S183219.352189E184232.794875_scanAz_slow.dat,21.0826
results2403/20240301S184233.759021E185247.207078_scanAz_slow.dat,21.0924
results2403/20240301S185248.164088E185635.686233_scanAz_slow.dat,21.1026
read results2403/20240301_190134_scanAz_slow.txt,0.0134
results2403/20240301S190135.780369E191149.333007_scanAz_slow.dat,21.1010
results2403/20240301S191150.289244E192203.735591_scanAz_slow.dat,21.0948
results2403/20240301S192204.698829E193218.146108_scanAz_slow.dat,21.0807
results2403/20240301S193219.108854E194232.555990_scanAz_slow.dat,21.0564
results2403/20240301S194233.521365E195246.961325_scanAz_slow.dat,21.0722
results2403/20240301S195247.924011E195635.441425_scanAz_slow.dat,21.0585
read results2403/20240301_210135_scanAz_slow.txt,0.0132
results2403/20240301S210136.544861E211150.091103_scanAz_slow.dat,21.0985
results2403/20240301S211151.052981E212204.501680_scanAz_slow.dat,21.0597
results2403/20240301S212205.463572E213218.913708_scanAz_slow.dat,21.0512
results2403/20240301S213219.870291E214233.315773_scanAz_slow.dat,21.0890
results2403/20240301S214234.277581E215247.726007_scanAz_slow.dat,21.0809
results2403/20240301S215248.687620E215636.207154_scanAz_slow.dat,21.0952
read results2403/20240301_220135_scanAz_slow.txt,0.0133
results2403/20240301S220136.363665E221149.898718_scanAz_slow.dat,21.0866
results2403/20240301S221150.860030E222204.307581_scanAz_slow.dat,21.0875
results2403/20240301S222205.270271E223218.717737_scanAz_slow.dat,21.0857
results2403/20240301S223219.675896E224233.121682_scanAz_slow.dat,21.0720
results2403/20240301S224234.083596E225247.530395_scanAz_slow.dat,21.0736
results2403/20240301S225248.492173E225636.012953_scanAz_slow.dat,21.0742
read results2403/20240302_010134_scanAz_slow.txt,0.0132
results2403/20240302S010135.962152E011149.510988_scanAz_slow.dat,21.0709
results2403/20240302S011150.472754E012203.916249_scanAz_slow.dat,21.0943
results2403/20240302S012204.879469E013218.326588_scanAz_slow.dat,21.1516
results2403/20240302S013219.286104E014232.732641_scanAz_slow.dat,21.0905
results2403/20240302S014233.695767E015247.139521_scanAz_slow.dat,21.0889
results2403/20240302S015248.102199E015635.620360_scanAz_slow.dat,21.0987
read results2403/20240302_020134_scanAz_slow.txt,0.0132
results2403/20240302S020135.765718E021149.311931_scanAz_slow.dat,21.0561
results2403/20240302S021150.273674E022203.722718_scanAz_slow.dat,21.1253
results2403/20240302S022204.679592E023218.128407_scanAz_slow.dat,21.0583
results2403/20240302S023219.091995E024232.538629_scanAz_slow.dat,21.0586
results2403/20240302S024233.497634E025246.941962_scanAz_slow.dat,21.0798
results2403/20240302S025247.906148E025635.425967_scanAz_slow.dat,21.0704
read results2403/20240302_030135_scanAz_slow.txt,0.0133
results2403/20240302S030136.578081E031150.124082_scanAz_slow.dat,21.0879
results2403/20240302S031151.087154E032204.531115_scanAz_slow.dat,21.0968
results2403/20240302S032205.494950E033218.939171_scanAz_slow.dat,21.0658
results2403/20240302S033219.902478E034233.350335_scanAz_slow.dat,21.0865
results2403/20240302S034234.307485E035247.757916_scanAz_slow.dat,21.0800
results2403/20240302S035248.714790E035636.237165_scanAz_slow.dat,21.0730
read results2403/20240302_050135_scanAz_slow.txt,0.0132
results2403/20240302S050136.382158E051149.928221_scanAz_slow.dat,21.0848
results2403/20240302S051150.889198E052204.335650_scanAz_slow.dat,21.2144
results2403/20240302S052205.297457E053218.746505_scanAz_slow.dat,21.0775
results2403/20240302S053219.702207E054233.154242_scanAz_slow.dat,21.0989
results2403/20240302S054234.115740E055247.563184_scanAz_slow.dat,21.0689
results2403/20240302S055248.520211E055636.043605_scanAz_slow.dat,21.0963
read results2403/20240302_060135_scanAz_slow.txt,0.0132
results2403/20240302S060136.186665E061149.736251_scanAz_slow.dat,21.0925
results2403/20240302S061150.698084E062204.144196_scanAz_slow.dat,21.0688
results2403/20240302S062205.106057E063218.549176_scanAz_slow.dat,21.0579
results2403/20240302S063219.510680E064232.960262_scanAz_slow.dat,21.1000
results2403/20240302S064233.921852E065247.366005_scanAz_slow.dat,21.0759
results2403/20240302S065248.328186E065635.848417_scanAz_slow.dat,21.0937
read results2403/20240302_070134_scanAz_slow.txt,0.0132
results2403/20240302S070135.991011E071149.542845_scanAz_slow.dat,21.1871
results2403/20240302S071150.503772E072203.951384_scanAz_slow.dat,21.0967
results2403/20240302S072204.907710E073218.359701_scanAz_slow.dat,21.0839
results2403/20240302S073219.317256E074232.763510_scanAz_slow.dat,21.0736
results2403/20240302S074233.725906E075247.173784_scanAz_slow.dat,21.0936
results2403/20240302S075248.129368E075635.652941_scanAz_slow.dat,21.0959
read results2403/20240302_090134_scanAz_slow.txt,0.0132
results2403/20240302S090135.796619E091149.346824_scanAz_slow.dat,21.0949
results2403/20240302S091150.303718E092203.749781_scanAz_slow.dat,21.1047
results2403/20240302S092204.713705E093218.158112_scanAz_slow.dat,21.0807
results2403/20240302S093219.121101E094232.570949_scanAz_slow.dat,21.0685
results2403/20240302S094233.529616E095246.974127_scanAz_slow.dat,21.0951
results2403/20240302S095247.936824E095635.457714_scanAz_slow.dat,21.0691
read results2403/20240302_100134_scanAz_slow.txt,0.0132
results2403/20240302S100135.601511E101149.150888_scanAz_slow.dat,21.0943
results2403/20240302S101150.107210E102203.558155_scanAz_slow.dat,21.0875
results2403/20240302S102204.520720E103217.966583_scanAz_slow.dat,21.0656
results2403/20240302S103218.923534E104232.375287_scanAz_slow.dat,21.0907
results2403/20240302S104233.334620E105246.781742_scanAz_slow.dat,21.0956
results2403/20240302S105247.738616E105635.261968_scanAz_slow.dat,21.1176
read results2403/20240302_110135_scanAz_slow.txt,0.0132
results2403/20240302S110136.413538E111149.966212_scanAz_slow.dat,21.0936
results2403/20240302S111150.923466E112204.373975_scanAz_slow.dat,21.0994
results2403/20240302S112205.331777E113218.777681_scanAz_slow.dat,21.0557
results2403/20240302S113219.740981E114233.188203_scanAz_slow.dat,21.0787
results2403/20240302S114234.145132E115247.594870_scanAz_slow.dat,21.0910
results2403/20240302S115248.557589E115636.075326_scanAz_slow.dat,21.0836
read results2403/20240302_130135_scanAz_slow.txt,0.0088
results2403/20240302S130136.181497E131149.716468_scanAz_slow.dat,21.0562
results2403/20240302S131150.678361E132204.124516_scanAz_slow.dat,21.0715
results2403/20240302S132205.086917E133218.532591_scanAz_slow.dat,21.0963
results2403/20240302S133219.494733E134232.939153_scanAz_slow.dat,21.0844
results2403/20240302S134233.901224E135247.351764_scanAz_slow.dat,21.0761
results2403/20240302S135248.309608E135635.829809_scanAz_slow.dat,21.2175
read results2403/20240302_140134_scanAz_slow.txt,0.0134
results2403/20240302S140135.974847E141149.524267_scanAz_slow.dat,21.2379
results2403/20240302S141150.485589E142203.932250_scanAz_slow.dat,21.0922
results2403/20240302S142204.889473E143218.338447_scanAz_slow.dat,21.1881
results2403/20240302S143219.300943E144232.748464_scanAz_slow.dat,21.1642
results2403/20240302S144233.704234E145247.156965_scanAz_slow.dat,21.1062
results2403/20240302S145248.113591E145635.636971_scanAz_slow.dat,21.0891
read results2403/20240302_150134_scanAz_slow.txt,0.0054
results2403/20240302S150135.778277E151149.328925_scanAz_slow.dat,21.0923
results2403/20240302S151150.291087E152203.739012_scanAz_slow.dat,21.1037
results2403/20240302S152204.696220E153218.152435_scanAz_slow.dat,21.1086
results2403/20240302S153219.104173E154232.554102_scanAz_slow.dat,21.0929
results2403/20240302S154233.510191E155246.962822_scanAz_slow.dat,21.0974
results2403/20240302S155247.919450E155635.442770_scanAz_slow.dat,21.0850
read results2403/20240302_170135_scanAz_slow.txt,0.0133
results2403/20240302S170136.591046E171150.139428_scanAz_slow.dat,21.0653
results2403/20240302S171151.101810E172204.546593_scanAz_slow.dat,21.0468
results2403/20240302S172205.510115E173218.954285_scanAz_slow.dat,21.0751
results2403/20240302S173219.918142E174233.365786_scanAz_slow.dat,21.0533
results2403/20240302S174234.323581E175247.772727_scanAz_slow.dat,21.0630
results2403/20240302S175248.729899E175636.251545_scanAz_slow.dat,21.0724
read results2403/20240302_180135_scanAz_slow.txt,0.0132
results2403/20240302S180136.395374E181149.947117_scanAz_slow.dat,21.1001
results2403/20240302S181150.904972E182204.352439_scanAz_slow.dat,21.0778
results2403/20240302S182205.315094E183218.757049_scanAz_slow.dat,21.0501
results2403/20240302S183219.721481E184233.166601_scanAz_slow.dat,21.0742
results2403/20240302S184234.129884E185247.573916_scanAz_slow.dat,21.0785
results2403/20240302S185248.537214E185636.056702_scanAz_slow.dat,21.0834
read results2403/20240302_190135_scanAz_slow.txt,0.0132
results2403/20240302S190136.200501E191149.751426_scanAz_slow.dat,21.0589
results2403/20240302S191150.707943E192204.156622_scanAz_slow.dat,21.0577
results2403/20240302S192205.114907E193218.572073_scanAz_slow.dat,21.0499
results2403/20240302S193219.525774E194232.972088_scanAz_slow.dat,21.0908
results2403/20240302S194233.934861E195247.378400_scanAz_slow.dat,21.1283
results2403/20240302S195248.341997E195635.861707_scanAz_slow.dat,21.0882
read results2403/20240302_210134_scanAz_slow.txt,0.0132
results2403/20240302S210136.023428E211149.601782_scanAz_slow.dat,21.0947
results2403/20240302S211150.557006E212204.006330_scanAz_slow.dat,21.0503
results2403/20240302S212204.969048E213218.413390_scanAz_slow.dat,21.0598
results2403/20240302S213219.374928E214232.825825_scanAz_slow.dat,21.0812
results2403/20240302S214233.781681E215247.231127_scanAz_slow.dat,21.0635
results2403/20240302S215248.193295E215635.712477_scanAz_slow.dat,21.0995
read results2403/20240302_220134_scanAz_slow.txt,0.0132
results2403/20240302S220135.808037E221149.359462_scanAz_slow.dat,21.1013
results2403/20240302S221150.315791E222203.765458_scanAz_slow.dat,21.1853
results2403/20240302S222204.727279E223218.174045_scanAz_slow.dat,21.0458
results2403/20240302S223219.135815E224232.581743_scanAz_slow.dat,21.0584
results2403/20240302S224233.543202E225246.988542_scanAz_slow.dat,21.0988
results2403/20240302S225247.950334E225635.469524_scanAz_slow.dat,21.0841
read results2403/20240303_010135_scanAz_slow.txt,0.0088
results2403/20240303S010136.424604E011149.975318_scanAz_slow.dat,21.0853
results2403/20240303S011150.932241E012204.379035_scanAz_slow.dat,21.1026
results2403/20240303S012205.342668E013218.789320_scanAz_slow.dat,21.0679
results2403/20240303S013219.746227E014233.197867_scanAz_slow.dat,21.0736
results2403/20240303S014234.155733E015247.604836_scanAz_slow.dat,21.0778
results2403/20240303S015248.561805E015636.084878_scanAz_slow.dat,21.0947
read results2403/20240303_020135_scanAz_slow.txt,0.0132
results2403/20240303S020136.229225E021149.778276_scanAz_slow.dat,21.0785
results2403/20240303S021150.740370E022204.184680_scanAz_slow.dat,21.0575
results2403/20240303S022205.148272E023218.595762_scanAz_slow.dat,21.0944
results2403/20240303S023219.552974E024233.003300_scanAz_slow.dat,21.0742
results2403/20240303S024233.961044E025247.410820_scanAz_slow.dat,21.0633
results2403/20240303S025248.369195E025635.891881_scanAz_slow.dat,21.0775
read results2403/20240303_030134_scanAz_slow.txt,0.0131
results2403/20240303S030136.032971E031149.585651_scanAz_slow.dat,21.0889
results2403/20240303S031150.541930E032203.993030_scanAz_slow.dat,21.0918
results2403/20240303S032204.949852E033218.401944_scanAz_slow.dat,21.1081
results2403/20240303S033219.360977E034232.808755_scanAz_slow.dat,21.0974
results2403/20240303S034233.768400E035247.216245_scanAz_slow.dat,21.0688
results2403/20240303S035248.173201E035635.696788_scanAz_slow.dat,21.0974
read results2403/20240303_050134_scanAz_slow.txt,0.0133
results2403/20240303S050135.804708E051149.385279_scanAz_slow.dat,21.0994
results2403/20240303S051150.347791E052203.793668_scanAz_slow.dat,21.0930
results2403/20240303S052204.755486E053218.202676_scanAz_slow.dat,21.1139
results2403/20240303S053219.159012E054232.610592_scanAz_slow.dat,21.0715
results2403/20240303S054233.567805E055247.013849_scanAz_slow.dat,21.0937
results2403/20240303S055247.977852E055635.497087_scanAz_slow.dat,21.0637
read results2403/20240303_060134_scanAz_slow.txt,0.0132
results2403/20240303S060135.567224E061149.144358_scanAz_slow.dat,21.0884
results2403/20240303S061150.100106E062203.551981_scanAz_slow.dat,21.0957
results2403/20240303S062204.507621E063217.958544_scanAz_slow.dat,21.0612
results2403/20240303S063218.920313E064232.364924_scanAz_slow.dat,21.0687
results2403/20240303S064233.327095E065246.773212_scanAz_slow.dat,21.1041
results2403/20240303S065247.734992E065635.253712_scanAz_slow.dat,21.0596
read results2403/20240303_070135_scanAz_slow.txt,0.0088
results2403/20240303S070136.361772E071149.903860_scanAz_slow.dat,21.0944
results2403/20240303S071150.865133E072204.317361_scanAz_slow.dat,21.0831
results2403/20240303S072205.273714E073218.724310_scanAz_slow.dat,21.0861
results2403/20240303S073219.681193E074233.131908_scanAz_slow.dat,21.0674
results2403/20240303S074234.088230E075247.535319_scanAz_slow.dat,21.0961
results2403/20240303S075248.496633E075636.018096_scanAz_slow.dat,21.0947
read results2403/20240303_090135_scanAz_slow.txt,0.0132
results2403/20240303S090136.159786E091149.707886_scanAz_slow.dat,21.1218
results2403/20240303S091150.669924E092204.117678_scanAz_slow.dat,21.0711
results2403/20240303S092205.074894E093218.526703_scanAz_slow.dat,21.0934
results2403/20240303S093219.484159E094232.934782_scanAz_slow.dat,21.1289
results2403/20240303S094233.891980E095247.342458_scanAz_slow.dat,21.0821
results2403/20240303S095248.300778E095635.821269_scanAz_slow.dat,21.0936
read results2403/20240303_100134_scanAz_slow.txt,0.0132
results2403/20240303S100135.966067E101149.516185_scanAz_slow.dat,21.0891
results2403/20240303S101150.472494E102203.924308_scanAz_slow.dat,21.0577
results2403/20240303S102204.884446E103219.292429_scanAz_slow.dat,21.0948
results2403/20240303S103220.251761E104233.698122_scanAz_slow.dat,21.0791
results2403/20240303S104234.655696E105248.102619_scanAz_slow.dat,21.1423
results2403/20240303S105249.066828E105635.626950_scanAz_slow.dat,21.0898
read results2403/20240303_110134_scanAz_slow.txt,0.0132
results2403/20240303S110135.770467E111149.321871_scanAz_slow.dat,21.0795
results2403/20240303S111150.278860E112203.725801_scanAz_slow.dat,21.0903
results2403/20240303S112204.689464E113218.134558_scanAz_slow.dat,21.0711
results2403/20240303S113219.091499E114232.542061_scanAz_slow.dat,21.0852
results2403/20240303S114233.499223E115246.952341_scanAz_slow.dat,21.0688
results2403/20240303S115247.909797E115635.430203_scanAz_slow.dat,21.0790
read results2403/20240303_130135_scanAz_slow.txt,0.0132
results2403/20240303S130136.578916E131150.127135_scanAz_slow.dat,21.0790
results2403/20240303S131151.088445E132204.537950_scanAz_slow.dat,21.1147
results2403/20240303S132205.495215E133218.945532_scanAz_slow.dat,21.0820
results2403/20240303S133219.901115E134233.351205_scanAz_slow.dat,21.0812
results2403/20240303S134234.313270E135247.760009_scanAz_slow.dat,21.0825
results2403/20240303S135248.721599E135636.240542_scanAz_slow.dat,21.0716
read results2403/20240303_140135_scanAz_slow.txt,0.0132
results2403/20240303S140136.384108E141149.930539_scanAz_slow.dat,21.0930
results2403/20240303S141150.891844E142204.338200_scanAz_slow.dat,21.1464
results2403/20240303S142205.301166E143218.751140_scanAz_slow.dat,21.0812
results2403/20240303S143219.709254E144233.154707_scanAz_slow.dat,21.0715
results2403/20240303S144234.117507E145247.564422_scanAz_slow.dat,21.0866
results2403/20240303S145248.526539E145636.044731_scanAz_slow.dat,21.0960
read results2403/20240303_150135_scanAz_slow.txt,0.0132
results2403/20240303S150136.188916E151149.740693_scanAz_slow.dat,21.0937
results2403/20240303S151150.701373E152204.148898_scanAz_slow.dat,21.0730
results2403/20240303S152205.105477E153218.556913_scanAz_slow.dat,21.0693
results2403/20240303S153219.513170E154232.963865_scanAz_slow.dat,21.0623
results2403/20240303S154233.919953E155247.372610_scanAz_slow.dat,21.0748
results2403/20240303S155248.328892E155635.851561_scanAz_slow.dat,21.0974
read results2403/20240303_170134_scanAz_slow.txt,0.0134
results2403/20240303S170136.011714E171149.587963_scanAz_slow.dat,21.0757
results2403/20240303S171150.550649E172203.997142_scanAz_slow.dat,21.0935
results2403/20240303S172204.955289E173218.406485_scanAz_slow.dat,21.0881
results2403/20240303S173219.363748E174232.814515_scanAz_slow.dat,21.0840
results2403/20240303S174233.774194E175247.221713_scanAz_slow.dat,21.1985
results2403/20240303S175248.178598E175635.701742_scanAz_slow.dat,21.1122
read results2403/20240303_180134_scanAz_slow.txt,0.0132
results2403/20240303S180135.796461E181149.348359_scanAz_slow.dat,21.0754
results2403/20240303S181150.304630E182203.753716_scanAz_slow.dat,21.2394
results2403/20240303S182204.712186E183218.158867_scanAz_slow.dat,21.0903
results2403/20240303S183219.124018E184232.570481_scanAz_slow.dat,21.0638
results2403/20240303S184233.527383E185246.979576_scanAz_slow.dat,21.0872
results2403/20240303S185247.936781E185635.458319_scanAz_slow.dat,21.0756
read results2403/20240303_190134_scanAz_slow.txt,0.0131
results2403/20240303S190135.602219E191149.153861_scanAz_slow.dat,21.0869
results2403/20240303S191150.110057E192203.558210_scanAz_slow.dat,21.0998
results2403/20240303S192204.522256E193217.967024_scanAz_slow.dat,21.0919
results2403/20240303S193218.929644E194232.375429_scanAz_slow.dat,21.0653
results2403/20240303S194233.332291E195246.784167_scanAz_slow.dat,21.0834
results2403/20240303S195247.741697E195635.263349_scanAz_slow.dat,21.0652
read results2403/20240303_210135_scanAz_slow.txt,0.0054
results2403/20240303S210136.388458E211149.963665_scanAz_slow.dat,21.0871
results2403/20240303S211150.924485E212204.368234_scanAz_slow.dat,21.0681
results2403/20240303S212205.331563E213218.774591_scanAz_slow.dat,21.0744
results2403/20240303S213219.736789E214233.186843_scanAz_slow.dat,21.1036
results2403/20240303S214234.142892E215247.640696_scanAz_slow.dat,21.1040
results2403/20240303S215248.603056E215636.121868_scanAz_slow.dat,21.0583
read results2403/20240303_220135_scanAz_slow.txt,0.0131
results2403/20240303S220136.168717E221149.717665_scanAz_slow.dat,21.0865
results2403/20240303S221150.678968E222204.127924_scanAz_slow.dat,21.0947
results2403/20240303S222205.089706E223218.536802_scanAz_slow.dat,21.0921
results2403/20240303S223219.494144E224232.942107_scanAz_slow.dat,21.0584
results2403/20240303S224233.904267E225247.350165_scanAz_slow.dat,21.1029
results2403/20240303S225248.312912E225635.830619_scanAz_slow.dat,21.1017
read results2403/20240304_010134_scanAz_slow.txt,0.0132
results2403/20240304S010135.849574E011149.424172_scanAz_slow.dat,21.0684
results2403/20240304S011150.381104E012203.829983_scanAz_slow.dat,21.0976
results2403/20240304S012204.792584E013218.236764_scanAz_slow.dat,21.0964
results2403/20240304S013219.199993E014232.646935_scanAz_slow.dat,21.0695
results2403/20240304S014233.604225E015247.054928_scanAz_slow.dat,21.0859
results2403/20240304S015248.010257E015635.533544_scanAz_slow.dat,21.0955
read results2403/20240304_020134_scanAz_slow.txt,0.0131
results2403/20240304S020135.629447E021149.181360_scanAz_slow.dat,21.0620
results2403/20240304S021150.138013E022203.587640_scanAz_slow.dat,21.0821
results2403/20240304S022204.544816E023217.996723_scanAz_slow.dat,21.0834
results2403/20240304S023218.953642E024232.404864_scanAz_slow.dat,21.1052
results2403/20240304S024233.362033E025246.811954_scanAz_slow.dat,21.0830
results2403/20240304S025247.769164E025635.290898_scanAz_slow.dat,21.0646
read results2403/20240304_030135_scanAz_slow.txt,0.0133
results2403/20240304S030136.442812E031149.994915_scanAz_slow.dat,21.2171
results2403/20240304S031150.951242E032204.398780_scanAz_slow.dat,21.0909
results2403/20240304S032205.362333E033218.807795_scanAz_slow.dat,21.0633
results2403/20240304S033219.770746E034233.213097_scanAz_slow.dat,21.0928
results2403/20240304S034234.176708E035247.624974_scanAz_slow.dat,21.0665
results2403/20240304S035248.581845E035636.104007_scanAz_slow.dat,21.0728
read results2403/20240304_050135_scanAz_slow.txt,0.0132
results2403/20240304S050136.216375E051149.790699_scanAz_slow.dat,21.0802
results2403/20240304S051150.754743E052204.202827_scanAz_slow.dat,21.0959
results2403/20240304S052205.159080E053218.607760_scanAz_slow.dat,21.0697
results2403/20240304S053219.569503E054233.016541_scanAz_slow.dat,21.0541
results2403/20240304S054233.973140E055247.425158_scanAz_slow.dat,21.1801
results2403/20240304S055248.381489E055635.904029_scanAz_slow.dat,21.0516
read results2403/20240304_060134_scanAz_slow.txt,0.0131
results2403/20240304S060135.998772E061149.549014_scanAz_slow.dat,21.0829
results2403/20240304S061150.510293E062203.956341_scanAz_slow.dat,21.0865
results2403/20240304S062204.918143E063218.364439_scanAz_slow.dat,21.0734
results2403/20240304S063219.325813E064232.773533_scanAz_slow.dat,21.1001
results2403/20240304S064233.729922E065247.179678_scanAz_slow.dat,21.1036
results2403/20240304S065248.141368E065635.659430_scanAz_slow.dat,21.1924
read results2403/20240304_070134_scanAz_slow.txt,0.0132
results2403/20240304S070135.803186E071149.355368_scanAz_slow.dat,21.0988
results2403/20240304S071150.311725E072203.762029_scanAz_slow.dat,21.1984
results2403/20240304S072204.718261E073218.169811_scanAz_slow.dat,21.0739
results2403/20240304S073219.125731E074232.576581_scanAz_slow.dat,21.0764
results2403/20240304S074233.533482E075246.979810_scanAz_slow.dat,21.0702
results2403/20240304S075247.943982E075635.464968_scanAz_slow.dat,21.0862
read results2403/20240304_090134_scanAz_slow.txt,0.0054
results2403/20240304S090135.556299E091149.109755_scanAz_slow.dat,21.0880
results2403/20240304S091150.066398E092203.517869_scanAz_slow.dat,21.1263
results2403/20240304S092204.476025E093217.926401_scanAz_slow.dat,21.1195
results2403/20240304S093218.884148E094232.334140_scanAz_slow.dat,21.0889
results2403/20240304S094233.291697E095246.742921_scanAz_slow.dat,21.0588
results2403/20240304S095247.699813E095635.222981_scanAz_slow.dat,21.0846
read results2403/20240304_100135_scanAz_slow.txt,0.0132
results2403/20240304S100136.375349E101149.974488_scanAz_slow.dat,21.0705
results2403/20240304S101150.930825E102204.381753_scanAz_slow.dat,21.1019
results2403/20240304S102205.339274E103218.789805_scanAz_slow.dat,21.0784
results2403/20240304S103219.746717E104233.197177_scanAz_slow.dat,21.1032
results2403/20240304S104234.155023E105247.603037_scanAz_slow.dat,21.0946
results2403/20240304S105248.562047E105636.084478_scanAz_slow.dat,21.0698
read results2403/20240304_110135_scanAz_slow.txt,0.0131
results2403/20240304S110136.179421E111149.729011_scanAz_slow.dat,21.0552
results2403/20240304S111150.685679E112204.133913_scanAz_slow.dat,21.1042
results2403/20240304S112205.097645E113218.541834_scanAz_slow.dat,21.5747
results2403/20240304S113219.505574E114232.951142_scanAz_slow.dat,21.0480
results2403/20240304S114233.908454E115247.360405_scanAz_slow.dat,21.1321
results2403/20240304S115248.317945E115635.839385_scanAz_slow.dat,21.1130
read results2403/20240304_130134_scanAz_slow.txt,0.0131
results2403/20240304S130136.000150E131149.576885_scanAz_slow.dat,21.0605
results2403/20240304S131150.538421E132203.982589_scanAz_slow.dat,21.0705
results2403/20240304S132204.946206E133218.390222_scanAz_slow.dat,21.1420
results2403/20240304S133219.352604E134232.797632_scanAz_slow.dat,21.0943
results2403/20240304S134233.761226E135247.205524_scanAz_slow.dat,21.0609
results2403/20240304S135248.167668E135635.687098_scanAz_slow.dat,21.0579
read results2403/20240304_140134_scanAz_slow.txt,0.0132
results2403/20240304S140135.784360E141149.335355_scanAz_slow.dat,21.0828
results2403/20240304S141150.291428E142203.742288_scanAz_slow.dat,21.0956
results2403/20240304S142204.704084E143218.148769_scanAz_slow.dat,21.0742
results2403/20240304S143219.111130E144232.555075_scanAz_slow.dat,21.0832
results2403/20240304S144233.517579E145246.963619_scanAz_slow.dat,21.0757
results2403/20240304S145247.926594E145635.446100_scanAz_slow.dat,21.0811
read results2403/20240304_150135_scanAz_slow.txt,0.0083
results2403/20240304S150136.598656E151150.147422_scanAz_slow.dat,21.0962
results2403/20240304S151151.108611E152204.555416_scanAz_slow.dat,21.0868
results2403/20240304S152205.517488E153218.959663_scanAz_slow.dat,21.0886
results2403/20240304S153219.923595E154233.370839_scanAz_slow.dat,21.0601
results2403/20240304S154234.332976E155247.776747_scanAz_slow.dat,21.0754
results2403/20240304S155248.739460E155636.258288_scanAz_slow.dat,21.0619
read results2403/20240304_170135_scanAz_slow.txt,0.0132
results2403/20240304S170136.398899E171149.950312_scanAz_slow.dat,21.0892
results2403/20240304S171150.906930E172204.356907_scanAz_slow.dat,21.0542
results2403/20240304S172205.315661E173218.764457_scanAz_slow.dat,21.0938
results2403/20240304S173219.722591E174233.169991_scanAz_slow.dat,21.1127
results2403/20240304S174234.132632E175247.579324_scanAz_slow.dat,21.0843
results2403/20240304S175248.536167E175636.058361_scanAz_slow.dat,21.0946
read results2403/20240304_180135_scanAz_slow.txt,0.0132
results2403/20240304S180136.207153E181149.755063_scanAz_slow.dat,21.0629
results2403/20240304S181150.712322E182204.160992_scanAz_slow.dat,21.0863
results2403/20240304S182205.117872E183218.569634_scanAz_slow.dat,21.0892
results2403/20240304S183219.528016E184232.974858_scanAz_slow.dat,21.0648
results2403/20240304S184233.937893E185247.384817_scanAz_slow.dat,21.0976
results2403/20240304S185248.342005E185635.864610_scanAz_slow.dat,21.0962
read results2403/20240304_190134_scanAz_slow.txt,0.0132
results2403/20240304S190136.007050E191149.557342_scanAz_slow.dat,21.0957
results2403/20240304S191150.519488E192203.966166_scanAz_slow.dat,21.0576
results2403/20240304S192204.923010E193218.374031_scanAz_slow.dat,21.0768
results2403/20240304S193219.330930E194232.780706_scanAz_slow.dat,21.0902
results2403/20240304S194233.737645E195247.187193_scanAz_slow.dat,21.0703
results2403/20240304S195248.150166E195635.669995_scanAz_slow.dat,21.0770
read results2403/20240304_210134_scanAz_slow.txt,0.0132
results2403/20240304S210135.830261E211149.406485_scanAz_slow.dat,21.0695
results2403/20240304S211150.368343E212203.817777_scanAz_slow.dat,21.0809
results2403/20240304S212204.774425E213218.221063_scanAz_slow.dat,21.1007
results2403/20240304S213219.183434E214232.629424_scanAz_slow.dat,21.0435
results2403/20240304S214233.591238E215247.040384_scanAz_slow.dat,21.0865
results2403/20240304S215248.002252E215635.520214_scanAz_slow.dat,21.0695
read results2403/20240304_220134_scanAz_slow.txt,0.0053
results2403/20240304S220135.615690E221149.167800_scanAz_slow.dat,21.0907
results2403/20240304S221150.123287E222203.576299_scanAz_slow.dat,21.0781
results2403/20240304S222204.533439E223217.982201_scanAz_slow.dat,21.0852
results2403/20240304S223218.944044E224232.391061_scanAz_slow.dat,21.1106
results2403/20240304S224233.347702E225246.796934_scanAz_slow.dat,21.1884
results2403/20240304S225247.758720E225635.278613_scanAz_slow.dat,21.0802
read results2403/20240305_010135_scanAz_slow.txt,0.0132
results2403/20240305S010136.282013E011149.831664_scanAz_slow.dat,21.0572
results2403/20240305S011150.789769E012204.237742_scanAz_slow.dat,21.0825
results2403/20240305S012205.194693E013218.645362_scanAz_slow.dat,21.0931
results2403/20240305S013219.602447E014233.049923_scanAz_slow.dat,21.1294
results2403/20240305S014234.014018E015247.458026_scanAz_slow.dat,21.0899
results2403/20240305S015248.421312E015635.941591_scanAz_slow.dat,21.1305
read results2403/20240305_020135_scanAz_slow.txt,0.0132
results2403/20240305S020136.085576E021149.634506_scanAz_slow.dat,21.2010
results2403/20240305S021150.591073E022204.042524_scanAz_slow.dat,21.0585
results2403/20240305S022204.999432E023218.451498_scanAz_slow.dat,21.0827
results2403/20240305S023219.408623E024232.854957_scanAz_slow.dat,21.0814
results2403/20240305S024233.818574E025247.264840_scanAz_slow.dat,21.0911
results2403/20240305S025248.221835E025635.745588_scanAz_slow.dat,21.2852
read results2403/20240305_030134_scanAz_slow.txt,0.0133
results2403/20240305S030135.900128E031149.439945_scanAz_slow.dat,21.0969
results2403/20240305S031150.396307E032203.843705_scanAz_slow.dat,21.0950
results2403/20240305S032204.807005E033218.257406_scanAz_slow.dat,21.1035
results2403/20240305S033219.214961E034232.658813_scanAz_slow.dat,21.0808
results2403/20240305S034233.622146E035247.069115_scanAz_slow.dat,21.0902
results2403/20240305S035248.026635E035635.550310_scanAz_slow.dat,21.0887
read results2403/20240305_050134_scanAz_slow.txt,0.0054
results2403/20240305S050135.656554E051149.195576_scanAz_slow.dat,21.0893
results2403/20240305S051150.156491E052203.603853_scanAz_slow.dat,21.0805
results2403/20240305S052204.560802E053218.010111_scanAz_slow.dat,21.0744
results2403/20240305S053218.971706E054232.420320_scanAz_slow.dat,21.0984
results2403/20240305S054233.376780E055246.829740_scanAz_slow.dat,21.0792
results2403/20240305S055247.786235E055635.307823_scanAz_slow.dat,21.0742
read results2403/20240305_060135_scanAz_slow.txt,0.0132
results2403/20240305S060136.459672E061150.011168_scanAz_slow.dat,21.0750
results2403/20240305S061150.966396E062204.419945_scanAz_slow.dat,21.0798
results2403/20240305S062205.378142E063218.825587_scanAz_slow.dat,21.0780
results2403/20240305S063219.787895E064233.233782_scanAz_slow.dat,21.0824
results2403/20240305S064234.195655E065247.640825_scanAz_slow.dat,21.0711
results2403/20240305S065248.603581E065636.121022_scanAz_slow.dat,21.0829
read results2403/20240305_070135_scanAz_slow.txt,0.0132
results2403/20240305S070136.264818E071149.815287_scanAz_slow.dat,21.1039
results2403/20240305S071150.777213E072204.223460_scanAz_slow.dat,21.0593
results2403/20240305S072205.185229E073218.633328_scanAz_slow.dat,21.0921
results2403/20240305S073219.589355E074233.038971_scanAz_slow.dat,21.0512
results2403/20240305S074234.001122E075247.831035_scanAz_slow.dat,21.0806
results2403/20240305S075248.792842E075636.312310_scanAz_slow.dat,21.0711
read results2403/20240305_090135_scanAz_slow.txt,0.0133
results2403/20240305S090136.131388E091149.666553_scanAz_slow.dat,21.0952
results2403/20240305S091150.628890E092204.074989_scanAz_slow.dat,21.0949
results2403/20240305S092205.037695E093218.484148_scanAz_slow.dat,21.0614
results2403/20240305S093219.441015E094232.889940_scanAz_slow.dat,21.0689
results2403/20240305S094233.853540E095247.302885_scanAz_slow.dat,21.0538
results2403/20240305S095248.260115E095635.781981_scanAz_slow.dat,21.0991
read results2403/20240305_100134_scanAz_slow.txt,0.0133
results2403/20240305S100135.925435E101149.476469_scanAz_slow.dat,21.0551
results2403/20240305S101150.432839E102203.883065_scanAz_slow.dat,21.0816
results2403/20240305S102204.840591E103218.287110_scanAz_slow.dat,21.0725
results2403/20240305S103219.251680E104232.698845_scanAz_slow.dat,21.0809
results2403/20240305S104233.655781E105247.107715_scanAz_slow.dat,21.0993
results2403/20240305S105248.067432E105635.588673_scanAz_slow.dat,21.0556
read results2403/20240305_110134_scanAz_slow.txt,0.0054
results2403/20240305S110135.750616E111149.327052_scanAz_slow.dat,21.0436
results2403/20240305S111150.289791E112203.734318_scanAz_slow.dat,21.0764
results2403/20240305S112204.698196E113218.142015_scanAz_slow.dat,21.0420
results2403/20240305S113219.104733E114232.553527_scanAz_slow.dat,21.0632
results2403/20240305S114233.517134E115246.960847_scanAz_slow.dat,21.0916
results2403/20240305S115247.918084E115635.439826_scanAz_slow.dat,21.1007
read results2403/20240305_130135_scanAz_slow.txt,0.0287
results2403/20240305S130136.540909E131150.092965_scanAz_slow.dat,21.0723
results2403/20240305S131151.048219E132204.501308_scanAz_slow.dat,21.0830
results2403/20240305S132205.457925E133218.907768_scanAz_slow.dat,21.0962
results2403/20240305S133219.866556E134233.314194_scanAz_slow.dat,21.0740
results2403/20240305S134234.276381E135247.720262_scanAz_slow.dat,21.0989
results2403/20240305S135248.682406E135636.201965_scanAz_slow.dat,21.0973
read results2403/20240305_140135_scanAz_slow.txt,0.0134
results2403/20240305S140136.320768E141149.893192_scanAz_slow.dat,21.0529
results2403/20240305S141150.855692E142204.305335_scanAz_slow.dat,21.0717
results2403/20240305S142205.262196E143218.710125_scanAz_slow.dat,21.0561
results2403/20240305S143219.673371E144233.118561_scanAz_slow.dat,21.0840
results2403/20240305S144234.080625E145247.524546_scanAz_slow.dat,21.0916
results2403/20240305S145248.487808E145636.006225_scanAz_slow.dat,21.0935
read results2403/20240305_150135_scanAz_slow.txt,0.0134
results2403/20240305S150136.113167E151149.653948_scanAz_slow.dat,21.0646
results2403/20240305S151150.610339E152204.057787_scanAz_slow.dat,21.0888
results2403/20240305S152205.020115E153218.465783_scanAz_slow.dat,21.1019
results2403/20240305S153219.428229E154232.873493_scanAz_slow.dat,21.0979
results2403/20240305S154233.835919E155247.283331_scanAz_slow.dat,21.0631
results2403/20240305S155248.239618E155635.761983_scanAz_slow.dat,21.0870
read results2403/20240305_170134_scanAz_slow.txt,0.0134
results2403/20240305S170135.926903E171149.502232_scanAz_slow.dat,21.1122
results2403/20240305S171150.458585E172203.909991_scanAz_slow.dat,21.0742
results2403/20240305S172204.867070E173218.315236_scanAz_slow.dat,21.0818
results2403/20240305S173219.278568E174232.721965_scanAz_slow.dat,21.0920
results2403/20240305S174233.686115E175247.134435_scanAz_slow.dat,21.0974
results2403/20240305S175248.093188E175635.613546_scanAz_slow.dat,21.1019
read results2403/20240305_180134_scanAz_slow.txt,0.0133
results2403/20240305S180135.716247E181149.259724_scanAz_slow.dat,21.0891
results2403/20240305S181150.216318E182203.663880_scanAz_slow.dat,21.1019
results2403/20240305S182204.626833E183218.078316_scanAz_slow.dat,21.1815
results2403/20240305S183219.029420E184232.478821_scanAz_slow.dat,21.0729
results2403/20240305S184233.442396E185246.887065_scanAz_slow.dat,21.0838
results2403/20240305S185247.849716E185635.369233_scanAz_slow.dat,21.0586
read results2403/20240305_190135_scanAz_slow.txt,0.0054
results2403/20240305S190136.492830E191150.067333_scanAz_slow.dat,21.0488
results2403/20240305S191151.030665E192204.475365_scanAz_slow.dat,21.0497
results2403/20240305S192205.434287E193218.881645_scanAz_slow.dat,21.0658
results2403/20240305S193219.845887E194233.294042_scanAz_slow.dat,21.0890
results2403/20240305S194234.251831E195247.699815_scanAz_slow.dat,21.0953
results2403/20240305S195248.656632E195636.179194_scanAz_slow.dat,21.0946
read results2403/20240305_210135_scanAz_slow.txt,0.0088
results2403/20240305S210136.281749E211149.817672_scanAz_slow.dat,21.0939
results2403/20240305S211150.778701E212204.230238_scanAz_slow.dat,21.0792
results2403/20240305S212205.186117E213218.639036_scanAz_slow.dat,21.0748
results2403/20240305S213219.595862E214233.045714_scanAz_slow.dat,21.0802
results2403/20240305S214234.001782E215247.448363_scanAz_slow.dat,21.0802
results2403/20240305S215248.410868E215635.930737_scanAz_slow.dat,21.0565
read results2403/20240305_220135_scanAz_slow.txt,0.0133
results2403/20240305S220136.077882E221149.627114_scanAz_slow.dat,21.0808
results2403/20240305S221150.582571E222204.034363_scanAz_slow.dat,21.0653
results2403/20240305S222204.990222E223218.443603_scanAz_slow.dat,21.1092
results2403/20240305S223219.401079E224232.846951_scanAz_slow.dat,21.0857
results2403/20240305S224233.809652E225247.254985_scanAz_slow.dat,21.0757
results2403/20240305S225248.217034E225635.736248_scanAz_slow.dat,21.0708
read results2403/20240306_010134_scanAz_slow.txt,0.0134
results2403/20240306S010135.727736E011149.279403_scanAz_slow.dat,21.0975
results2403/20240306S011150.235997E012203.687938_scanAz_slow.dat,21.0652
results2403/20240306S012204.645740E013218.095838_scanAz_slow.dat,21.0723
results2403/20240306S013219.053057E014232.500226_scanAz_slow.dat,21.0536
results2403/20240306S014233.463214E015246.906702_scanAz_slow.dat,21.0756
results2403/20240306S015247.869552E015635.389234_scanAz_slow.dat,21.0749
read results2403/20240306_020135_scanAz_slow.txt,0.0135
results2403/20240306S020136.541255E021150.092735_scanAz_slow.dat,21.0561
results2403/20240306S021151.051521E022204.497556_scanAz_slow.dat,21.0802
results2403/20240306S022205.461100E023218.908208_scanAz_slow.dat,21.0861
results2403/20240306S023219.866305E024233.311421_scanAz_slow.dat,21.0750
results2403/20240306S024234.275925E025247.721571_scanAz_slow.dat,21.0839
results2403/20240306S025248.680813E025636.203232_scanAz_slow.dat,21.1056
read results2403/20240306_030135_scanAz_slow.txt,0.0134
results2403/20240306S030136.346406E031149.945457_scanAz_slow.dat,21.0678
results2403/20240306S031150.902557E032204.351022_scanAz_slow.dat,21.0500
results2403/20240306S032205.314313E033218.759435_scanAz_slow.dat,21.0815
results2403/20240306S033219.722404E034233.167764_scanAz_slow.dat,21.0910
results2403/20240306S034234.125867E035247.573050_scanAz_slow.dat,21.1078
results2403/20240306S035248.533371E035636.057480_scanAz_slow.dat,21.0865
read results2403/20240306_050135_scanAz_slow.txt,0.0133
results2403/20240306S050136.161359E051149.700614_scanAz_slow.dat,21.0849
results2403/20240306S051150.661344E052204.109896_scanAz_slow.dat,21.1410
results2403/20240306S052205.066533E053218.517470_scanAz_slow.dat,21.0970
results2403/20240306S053219.474385E054232.920689_scanAz_slow.dat,21.0535
results2403/20240306S054233.883205E055247.329376_scanAz_slow.dat,21.0631
results2403/20240306S055248.291203E055635.810822_scanAz_slow.dat,21.0427
read results2403/20240306_060134_scanAz_slow.txt,0.0133
results2403/20240306S060135.956668E061149.507582_scanAz_slow.dat,21.0755
results2403/20240306S061150.463679E062203.915793_scanAz_slow.dat,21.0570
results2403/20240306S062204.872131E063218.321477_scanAz_slow.dat,21.0757
results2403/20240306S063219.283216E064232.726359_scanAz_slow.dat,21.1202
results2403/20240306S064233.689620E065247.136744_scanAz_slow.dat,21.0889
results2403/20240306S065248.093359E065635.617844_scanAz_slow.dat,21.0948
read results2403/20240306_070134_scanAz_slow.txt,0.0133
results2403/20240306S070135.762009E071149.310140_scanAz_slow.dat,21.0843
results2403/20240306S071150.271221E072203.720540_scanAz_slow.dat,21.0939
results2403/20240306S072204.678958E073218.222791_scanAz_slow.dat,21.1301
results2403/20240306S073219.185134E074232.627617_scanAz_slow.dat,21.1033
results2403/20240306S074233.589485E075247.039362_scanAz_slow.dat,21.0837
results2403/20240306S075247.996213E075635.518245_scanAz_slow.dat,21.0965
read results2403/20240306_090135_scanAz_slow.txt,0.0133
results2403/20240306S090136.535422E091150.074371_scanAz_slow.dat,21.1095
results2403/20240306S091151.031779E092204.483092_scanAz_slow.dat,21.0563
results2403/20240306S092205.440736E093218.889645_scanAz_slow.dat,21.0591
results2403/20240306S093219.847573E094233.293225_scanAz_slow.dat,21.0964
results2403/20240306S094234.256570E095247.702603_scanAz_slow.dat,21.0825
results2403/20240306S095248.665334E095636.183357_scanAz_slow.dat,21.1017
read results2403/20240306_100135_scanAz_slow.txt,0.0134
results2403/20240306S100136.343803E101149.927454_scanAz_slow.dat,21.0924
results2403/20240306S101150.883525E102204.334893_scanAz_slow.dat,21.0979
results2403/20240306S102205.291833E103218.743228_scanAz_slow.dat,21.0906
results2403/20240306S103219.700733E104233.151731_scanAz_slow.dat,21.0832
results2403/20240306S104234.109227E105247.559288_scanAz_slow.dat,21.0670
results2403/20240306S105248.516785E105636.038729_scanAz_slow.dat,21.0626
read results2403/20240306_110135_scanAz_slow.txt,0.0133
results2403/20240306S110136.134424E111149.683071_scanAz_slow.dat,21.0832
results2403/20240306S111150.645135E112204.092918_scanAz_slow.dat,21.0943
results2403/20240306S112205.049794E113218.496280_scanAz_slow.dat,21.0744
results2403/20240306S113219.460124E114232.904781_scanAz_slow.dat,21.1048
results2403/20240306S114233.862304E115247.313647_scanAz_slow.dat,21.0739
results2403/20240306S115248.270571E115635.794348_scanAz_slow.dat,21.0868
read results2403/20240306_130134_scanAz_slow.txt,0.0133
results2403/20240306S130135.935678E131149.484621_scanAz_slow.dat,21.0577
results2403/20240306S131150.446560E132203.892904_scanAz_slow.dat,21.1065
results2403/20240306S132204.854695E133218.300781_scanAz_slow.dat,21.0968
results2403/20240306S133219.262514E134232.706458_scanAz_slow.dat,21.1126
results2403/20240306S134233.668552E135247.113710_scanAz_slow.dat,21.0893
results2403/20240306S135248.073643E135635.597704_scanAz_slow.dat,21.1057
read results2403/20240306_140134_scanAz_slow.txt,0.0088
results2403/20240306S140135.740534E141149.289065_scanAz_slow.dat,21.0994
results2403/20240306S141150.252491E142203.696364_scanAz_slow.dat,21.0573
results2403/20240306S142204.659399E143218.107517_scanAz_slow.dat,21.0806
results2403/20240306S143219.063471E144232.514947_scanAz_slow.dat,21.0804
results2403/20240306S144233.471349E145246.923642_scanAz_slow.dat,21.0915
results2403/20240306S145247.881176E145635.402721_scanAz_slow.dat,21.0953
read results2403/20240306_150135_scanAz_slow.txt,0.0134
results2403/20240306S150136.558337E151150.103227_scanAz_slow.dat,21.0793
results2403/20240306S151151.064196E152204.513371_scanAz_slow.dat,21.0786
results2403/20240306S152205.470639E153218.917034_scanAz_slow.dat,21.0738
results2403/20240306S153219.879114E154233.328399_scanAz_slow.dat,21.0878
results2403/20240306S154234.285002E155247.731234_scanAz_slow.dat,21.0811
results2403/20240306S155248.695782E155636.213867_scanAz_slow.dat,21.0930
read results2403/20240306_170135_scanAz_slow.txt,0.0134
results2403/20240306S170136.355894E171149.908577_scanAz_slow.dat,21.0879
results2403/20240306S171150.865296E172204.316063_scanAz_slow.dat,21.1001
results2403/20240306S172205.275440E173218.723842_scanAz_slow.dat,21.1096
results2403/20240306S173219.683505E174233.126794_scanAz_slow.dat,21.0828
results2403/20240306S174234.091349E175247.539358_scanAz_slow.dat,21.0691
results2403/20240306S175248.497748E175636.018652_scanAz_slow.dat,21.0730
read results2403/20240306_180135_scanAz_slow.txt,0.0133
results2403/20240306S180136.160694E181149.762526_scanAz_slow.dat,21.0498
results2403/20240306S181150.718567E182204.167669_scanAz_slow.dat,21.0658
results2403/20240306S182205.125142E183218.574265_scanAz_slow.dat,21.1277
results2403/20240306S183219.536985E184232.981419_scanAz_slow.dat,21.0952
results2403/20240306S184233.944721E185247.390937_scanAz_slow.dat,21.0969
results2403/20240306S185248.351171E185635.873160_scanAz_slow.dat,21.0944
read results2403/20240306_190134_scanAz_slow.txt,0.0133
results2403/20240306S190135.967236E191149.516333_scanAz_slow.dat,21.0597
results2403/20240306S191150.478708E192203.925705_scanAz_slow.dat,21.0860
results2403/20240306S192204.882626E193218.335517_scanAz_slow.dat,21.0787
results2403/20240306S193219.294254E194232.743088_scanAz_slow.dat,21.0971
results2403/20240306S194233.701435E195247.149328_scanAz_slow.dat,21.0880
results2403/20240306S195248.106620E195635.630082_scanAz_slow.dat,21.1043
read results2403/20240306_210134_scanAz_slow.txt,0.0134
results2403/20240306S210135.791128E211149.368754_scanAz_slow.dat,21.0781
results2403/20240306S211150.329995E212203.774630_scanAz_slow.dat,21.0506
results2403/20240306S212204.737634E213218.180281_scanAz_slow.dat,21.0920
results2403/20240306S213219.142661E214232.592898_scanAz_slow.dat,21.0940
results2403/20240306S214233.548991E215246.997464_scanAz_slow.dat,21.2578
results2403/20240306S215247.960600E215635.480294_scanAz_slow.dat,21.1153
read results2403/20240306_220135_scanAz_slow.txt,0.0134
results2403/20240306S220136.583052E221150.134945_scanAz_slow.dat,21.0804
results2403/20240306S221151.096294E222204.539918_scanAz_slow.dat,21.0520
results2403/20240306S222205.502951E223218.951772_scanAz_slow.dat,21.0805
results2403/20240306S223219.910407E224233.354283_scanAz_slow.dat,21.0776
results2403/20240306S224234.317270E225247.763852_scanAz_slow.dat,21.0564
results2403/20240306S225248.727058E225636.244326_scanAz_slow.dat,21.0897
read results2403/20240307_010135_scanAz_slow.txt,0.0088
results2403/20240307S010136.192741E011149.742037_scanAz_slow.dat,21.0731
results2403/20240307S011150.703843E012204.146520_scanAz_slow.dat,21.0939
results2403/20240307S012205.109782E013218.554465_scanAz_slow.dat,21.0976
results2403/20240307S013219.517739E014232.962824_scanAz_slow.dat,21.0872
results2403/20240307S014233.921884E015247.373723_scanAz_slow.dat,21.1473
results2403/20240307S015248.331858E015635.853116_scanAz_slow.dat,21.0892
read results2403/20240307_020134_scanAz_slow.txt,0.0133
results2403/20240307S020135.996906E021149.549048_scanAz_slow.dat,21.0565
results2403/20240307S021150.505056E022203.956578_scanAz_slow.dat,21.1099
results2403/20240307S022204.914892E023218.360967_scanAz_slow.dat,21.0842
results2403/20240307S023219.324272E024233.777533_scanAz_slow.dat,21.1692
results2403/20240307S024234.741772E025248.185066_scanAz_slow.dat,21.0997
results2403/20240307S025249.144117E025635.708581_scanAz_slow.dat,21.0700
read results2403/20240307_030134_scanAz_slow.txt,0.0054
results2403/20240307S030135.802430E031149.353329_scanAz_slow.dat,21.0746
results2403/20240307S031150.309338E032203.758589_scanAz_slow.dat,21.0810
results2403/20240307S032204.721866E033218.168862_scanAz_slow.dat,21.0696
results2403/20240307S033219.128760E034232.575372_scanAz_slow.dat,21.0725
results2403/20240307S034233.533378E035246.982025_scanAz_slow.dat,21.0585
results2403/20240307S035247.945045E035635.463860_scanAz_slow.dat,21.0874
read results2403/20240307_050134_scanAz_slow.txt,0.0132
results2403/20240307S050135.628416E051149.198818_scanAz_slow.dat,21.0650
results2403/20240307S051150.163507E052203.610555_scanAz_slow.dat,21.0770
results2403/20240307S052204.566500E053218.016704_scanAz_slow.dat,21.0725
results2403/20240307S053218.978776E054232.427226_scanAz_slow.dat,21.0808
results2403/20240307S054233.384301E055246.830487_scanAz_slow.dat,21.0890
results2403/20240307S055247.793117E055635.314371_scanAz_slow.dat,21.0675
read results2403/20240307_060135_scanAz_slow.txt,0.0087
results2403/20240307S060136.425826E061149.968030_scanAz_slow.dat,21.0940
results2403/20240307S061150.928993E062204.375642_scanAz_slow.dat,21.0822
results2403/20240307S062205.331339E063218.783212_scanAz_slow.dat,21.0864
results2403/20240307S063219.739104E064233.187559_scanAz_slow.dat,21.0642
results2403/20240307S064234.151104E065247.597793_scanAz_slow.dat,21.0807
results2403/20240307S065248.559700E065636.077102_scanAz_slow.dat,21.1021
read results2403/20240307_070135_scanAz_slow.txt,0.0133
results2403/20240307S070136.221177E071149.820987_scanAz_slow.dat,21.0903
results2403/20240307S071150.776768E072204.228415_scanAz_slow.dat,21.0965
results2403/20240307S072205.185720E073218.640058_scanAz_slow.dat,21.1092
results2403/20240307S073219.597523E074233.043150_scanAz_slow.dat,21.0823
results2403/20240307S074234.000354E075247.449360_scanAz_slow.dat,21.0716
results2403/20240307S075248.412652E075635.931574_scanAz_slow.dat,21.0528
read results2403/20240307_090134_scanAz_slow.txt,0.0095
results2403/20240307S090136.070834E091149.622209_scanAz_slow.dat,21.0518
results2403/20240307S091150.578515E092204.029700_scanAz_slow.dat,21.0737
results2403/20240307S092204.987463E093218.443123_scanAz_slow.dat,21.0580
results2403/20240307S093219.394829E094232.843788_scanAz_slow.dat,21.0690
results2403/20240307S094233.800678E095247.248417_scanAz_slow.dat,21.0898
results2403/20240307S095248.212282E095635.732094_scanAz_slow.dat,21.0997
read results2403/20240307_100134_scanAz_slow.txt,0.0132
results2403/20240307S100135.876106E101149.427679_scanAz_slow.dat,21.0821
results2403/20240307S101150.384513E102203.830971_scanAz_slow.dat,21.0601
results2403/20240307S102204.794241E103218.239810_scanAz_slow.dat,21.0513
results2403/20240307S103219.202703E104232.647545_scanAz_slow.dat,21.0885
results2403/20240307S104233.605037E105247.056918_scanAz_slow.dat,21.0521
results2403/20240307S105248.013806E105635.535930_scanAz_slow.dat,21.0943
read results2403/20240307_110134_scanAz_slow.txt,0.0133
results2403/20240307S110135.679977E111149.231348_scanAz_slow.dat,21.0966
results2403/20240307S111150.187383E112203.639733_scanAz_slow.dat,21.0575
results2403/20240307S112204.597484E113218.042249_scanAz_slow.dat,21.0689
results2403/20240307S113219.006821E114232.453632_scanAz_slow.dat,21.1002
results2403/20240307S114233.411846E115246.858851_scanAz_slow.dat,21.0883
results2403/20240307S115247.822071E115635.341482_scanAz_slow.dat,21.0926
read results2403/20240307_130135_scanAz_slow.txt,0.0133
results2403/20240307S130136.514271E131150.086967_scanAz_slow.dat,21.0847
results2403/20240307S131151.049419E132204.493430_scanAz_slow.dat,21.0930
results2403/20240307S132205.455514E133218.902885_scanAz_slow.dat,21.0656
results2403/20240307S133219.865285E134233.309661_scanAz_slow.dat,21.0959
results2403/20240307S134234.271151E135247.720853_scanAz_slow.dat,21.1464
results2403/20240307S135248.678061E135636.201215_scanAz_slow.dat,21.0767
read results2403/20240307_140135_scanAz_slow.txt,0.0088
results2403/20240307S140136.296598E141149.845776_scanAz_slow.dat,21.0790
results2403/20240307S141150.806686E142204.251306_scanAz_slow.dat,21.0643
results2403/20240307S142205.214471E143218.663007_scanAz_slow.dat,21.0858
results2403/20240307S143219.620265E144233.067173_scanAz_slow.dat,21.0924
results2403/20240307S144234.029587E145247.476560_scanAz_slow.dat,21.0568
results2403/20240307S145248.438317E145635.956412_scanAz_slow.dat,21.0608
read results2403/20240307_150135_scanAz_slow.txt,0.0133
results2403/20240307S150136.099633E151149.650308_scanAz_slow.dat,21.0520
results2403/20240307S151150.611608E152204.059797_scanAz_slow.dat,21.0827
results2403/20240307S152205.016009E153218.463234_scanAz_slow.dat,21.0943
results2403/20240307S153219.424765E154232.873879_scanAz_slow.dat,21.0868
results2403/20240307S154233.836024E155247.280447_scanAz_slow.dat,21.1267
results2403/20240307S155248.238240E155635.762934_scanAz_slow.dat,21.1576
read results2403/20240307_170134_scanAz_slow.txt,0.0134
results2403/20240307S170135.879720E171149.448591_scanAz_slow.dat,21.0872
results2403/20240307S171150.411614E172203.856675_scanAz_slow.dat,21.0536
results2403/20240307S172204.820336E173218.263745_scanAz_slow.dat,21.0537
results2403/20240307S173219.228171E174232.674368_scanAz_slow.dat,21.0633
results2403/20240307S174233.631603E175247.084451_scanAz_slow.dat,21.0868
results2403/20240307S175248.043527E175635.564156_scanAz_slow.dat,21.0723
read results2403/20240307_180134_scanAz_slow.txt,0.0089
results2403/20240307S180135.627266E181149.209302_scanAz_slow.dat,21.0741
results2403/20240307S181150.171108E182203.617448_scanAz_slow.dat,21.0964
results2403/20240307S182204.574296E183218.022012_scanAz_slow.dat,21.0699
results2403/20240307S183218.985929E184232.433542_scanAz_slow.dat,21.0835
results2403/20240307S184233.390685E185246.837615_scanAz_slow.dat,21.1010
results2403/20240307S185247.801220E185635.321170_scanAz_slow.dat,21.1024
read results2403/20240307_190135_scanAz_slow.txt,0.0133
results2403/20240307S190136.471297E191150.018816_scanAz_slow.dat,21.0648
results2403/20240307S191150.981457E192204.429493_scanAz_slow.dat,21.0925
results2403/20240307S192205.386654E193218.838510_scanAz_slow.dat,21.1260
results2403/20240307S193219.796049E194233.246165_scanAz_slow.dat,21.0885
results2403/20240307S194234.203685E195247.649316_scanAz_slow.dat,21.1013
results2403/20240307S195248.613274E195636.132861_scanAz_slow.dat,21.0773
read results2403/20240307_210135_scanAz_slow.txt,0.0134
results2403/20240307S210136.320102E211149.872729_scanAz_slow.dat,21.0878
results2403/20240307S211150.828518E212204.275624_scanAz_slow.dat,21.1038
results2403/20240307S212205.238883E213218.687281_scanAz_slow.dat,21.1028
results2403/20240307S213219.643603E214233.095309_scanAz_slow.dat,21.0927
results2403/20240307S214234.051394E215247.503072_scanAz_slow.dat,21.1066
results2403/20240307S215248.458586E215635.982833_scanAz_slow.dat,21.1062
read results2403/20240307_220135_scanAz_slow.txt,0.0134
results2403/20240307S220136.124376E221149.673172_scanAz_slow.dat,21.0875
results2403/20240307S221150.635047E222204.084212_scanAz_slow.dat,21.0837
results2403/20240307S222205.040909E223218.491667_scanAz_slow.dat,21.0876
results2403/20240307S223219.453276E224232.899741_scanAz_slow.dat,21.1852
results2403/20240307S224233.856857E225247.304171_scanAz_slow.dat,21.2236
results2403/20240307S225248.262314E225635.785618_scanAz_slow.dat,21.0656
read results2403/20240308_010134_scanAz_slow.txt,0.0133
results2403/20240308S010135.788850E011149.332433_scanAz_slow.dat,21.1031
results2403/20240308S011150.289087E012203.735489_scanAz_slow.dat,21.0909
results2403/20240308S012204.694517E013218.145122_scanAz_slow.dat,21.1021
results2403/20240308S013219.101950E014232.552976_scanAz_slow.dat,21.0944
results2403/20240308S014233.515691E015246.961021_scanAz_slow.dat,21.0819
results2403/20240308S015247.917918E015635.441172_scanAz_slow.dat,21.0649
read results2403/20240308_020135_scanAz_slow.txt,0.0133
results2403/20240308S020136.595117E021150.144663_scanAz_slow.dat,21.1111
results2403/20240308S021151.101174E022204.551938_scanAz_slow.dat,21.0916
results2403/20240308S022205.510932E023218.959315_scanAz_slow.dat,21.1099
results2403/20240308S023219.916301E024233.364785_scanAz_slow.dat,21.1596
results2403/20240308S024234.328229E025247.775218_scanAz_slow.dat,21.0702
results2403/20240308S025248.735091E025636.255046_scanAz_slow.dat,21.1019
read results2403/20240308_030135_scanAz_slow.txt,0.0133
results2403/20240308S030136.396754E031149.949541_scanAz_slow.dat,21.0877
results2403/20240308S031150.905554E032204.355072_scanAz_slow.dat,21.1090
results2403/20240308S032205.314159E033218.765958_scanAz_slow.dat,21.7316
results2403/20240308S033219.726192E034233.171131_scanAz_slow.dat,21.0999
results2403/20240308S034234.134773E035247.581738_scanAz_slow.dat,21.1023
results2403/20240308S035248.538953E035636.061413_scanAz_slow.dat,21.1124
read results2403/20240308_050135_scanAz_slow.txt,0.0133
results2403/20240308S050136.251089E051149.799914_scanAz_slow.dat,21.1014
results2403/20240308S051150.760543E052204.207867_scanAz_slow.dat,21.1004
results2403/20240308S052205.169326E053218.612774_scanAz_slow.dat,21.1003
results2403/20240308S053219.575474E054233.021571_scanAz_slow.dat,21.1117
results2403/20240308S054233.983794E055247.431795_scanAz_slow.dat,21.0980
results2403/20240308S055248.388463E055635.911083_scanAz_slow.dat,21.0936
read results2403/20240308_060135_scanAz_slow.txt,0.0133
results2403/20240308S060136.065876E061149.605398_scanAz_slow.dat,21.1143
results2403/20240308S061150.566959E062204.014692_scanAz_slow.dat,21.1149
results2403/20240308S062204.971369E063218.423178_scanAz_slow.dat,21.0969
results2403/20240308S063219.379740E064232.826097_scanAz_slow.dat,21.1068
results2403/20240308S064233.788515E065247.235599_scanAz_slow.dat,21.0901
results2403/20240308S065248.197332E065635.716669_scanAz_slow.dat,21.1196
read results2403/20240308_070134_scanAz_slow.txt,0.0134
results2403/20240308S070135.835257E071149.410567_scanAz_slow.dat,21.1068
results2403/20240308S071150.371539E072203.818267_scanAz_slow.dat,21.0931
results2403/20240308S072204.779785E073218.227518_scanAz_slow.dat,21.0994
results2403/20240308S073219.184347E074232.634850_scanAz_slow.dat,21.0970
results2403/20240308S074233.591189E075247.041777_scanAz_slow.dat,21.0825
results2403/20240308S075247.998104E075635.522446_scanAz_slow.dat,21.0573
read results2403/20240308_090134_scanAz_slow.txt,0.0133
results2403/20240308S090135.613529E091149.165176_scanAz_slow.dat,21.0942
results2403/20240308S091150.121201E092203.570992_scanAz_slow.dat,21.0968
results2403/20240308S092204.528514E093217.978687_scanAz_slow.dat,21.0669
results2403/20240308S093218.935623E094232.389222_scanAz_slow.dat,21.0737
results2403/20240308S094233.348271E095246.791970_scanAz_slow.dat,21.0736
results2403/20240308S095247.755632E095635.274465_scanAz_slow.dat,21.0731
read results2403/20240308_100135_scanAz_slow.txt,0.0133
results2403/20240308S100136.427002E101149.979650_scanAz_slow.dat,21.0806
results2403/20240308S101150.936331E102204.382467_scanAz_slow.dat,21.1023
results2403/20240308S102205.346166E103218.790925_scanAz_slow.dat,21.1198
results2403/20240308S103219.754347E104233.197543_scanAz_slow.dat,21.1008
results2403/20240308S104234.160518E105247.605688_scanAz_slow.dat,21.1033
results2403/20240308S105248.568443E105636.087234_scanAz_slow.dat,21.0729
read results2403/20240308_110135_scanAz_slow.txt,0.0133
results2403/20240308S110136.232585E111149.783520_scanAz_slow.dat,21.1036
results2403/20240308S111150.740704E112204.189812_scanAz_slow.dat,21.1006
results2403/20240308S112205.146735E113218.603513_scanAz_slow.dat,21.1065
results2403/20240308S113219.554916E114233.006863_scanAz_slow.dat,21.1038
results2403/20240308S114233.965370E115247.411213_scanAz_slow.dat,21.1019
results2403/20240308S115248.374532E115635.893528_scanAz_slow.dat,21.1033
read results2403/20240308_130134_scanAz_slow.txt,0.0082
results2403/20240308S130136.057476E131149.632347_scanAz_slow.dat,21.1044
results2403/20240308S131150.593266E132204.038771_scanAz_slow.dat,21.0995
results2403/20240308S132205.000878E133218.454199_scanAz_slow.dat,21.0558
results2403/20240308S133219.409897E134232.856785_scanAz_slow.dat,21.1152
results2403/20240308S134233.813717E135247.260719_scanAz_slow.dat,21.0960
results2403/20240308S135248.224040E135635.743911_scanAz_slow.dat,21.1082
read results2403/20240308_140134_scanAz_slow.txt,0.0133
results2403/20240308S140135.839882E141149.389240_scanAz_slow.dat,21.0976
results2403/20240308S141150.350240E142203.798869_scanAz_slow.dat,21.0866
results2403/20240308S142204.755128E143218.200725_scanAz_slow.dat,21.1011
results2403/20240308S143219.162881E144232.613677_scanAz_slow.dat,21.1437
results2403/20240308S144233.570305E145247.065129_scanAz_slow.dat,21.0964
results2403/20240308S145248.026610E145635.550414_scanAz_slow.dat,21.0774
read results2403/20240308_150134_scanAz_slow.txt,0.0133
results2403/20240308S150135.643458E151149.193965_scanAz_slow.dat,21.0833
results2403/20240308S151150.155279E152203.599754_scanAz_slow.dat,21.0973
results2403/20240308S152204.562127E153218.010777_scanAz_slow.dat,21.0824
results2403/20240308S153218.966815E154232.418506_scanAz_slow.dat,21.1086
results2403/20240308S154233.374275E155246.826698_scanAz_slow.dat,21.1093
results2403/20240308S155247.782635E155635.305514_scanAz_slow.dat,21.0968
read results2403/20240308_170135_scanAz_slow.txt,0.0055
results2403/20240308S170136.456114E171150.003427_scanAz_slow.dat,21.1124
results2403/20240308S171150.965164E172204.409941_scanAz_slow.dat,21.1471
results2403/20240308S172205.373294E173218.822128_scanAz_slow.dat,21.1219
results2403/20240308S173219.779972E174233.228835_scanAz_slow.dat,21.0711
results2403/20240308S174234.187232E175247.631801_scanAz_slow.dat,21.1102
results2403/20240308S175248.594806E175636.115505_scanAz_slow.dat,21.0863
read results2403/20240308_180135_scanAz_slow.txt,0.0133
results2403/20240308S180136.306070E181149.856771_scanAz_slow.dat,21.1098
results2403/20240308S181150.818894E182204.264892_scanAz_slow.dat,21.0856
results2403/20240308S182205.227675E183218.673835_scanAz_slow.dat,21.0859
results2403/20240308S183219.631759E184233.081090_scanAz_slow.dat,21.0826
results2403/20240308S184234.038457E185247.486611_scanAz_slow.dat,21.0890
results2403/20240308S185248.449806E185635.968893_scanAz_slow.dat,21.1520
read results2403/20240308_190135_scanAz_slow.txt,0.0133
results2403/20240308S190136.113386E191149.659648_scanAz_slow.dat,21.0934
results2403/20240308S191150.623320E192204.071207_scanAz_slow.dat,21.0973
results2403/20240308S192205.028128E193218.478391_scanAz_slow.dat,21.0822
results2403/20240308S193219.435210E194232.883423_scanAz_slow.dat,21.1851
results2403/20240308S194233.847291E195247.293275_scanAz_slow.dat,21.0982
results2403/20240308S195248.250201E195635.775052_scanAz_slow.dat,21.0682
read results2403/20240308_210134_scanAz_slow.txt,0.0133
results2403/20240308S210135.884922E211149.465572_scanAz_slow.dat,21.0957
results2403/20240308S211150.426521E212203.869420_scanAz_slow.dat,21.1025
results2403/20240308S212204.832104E213218.278544_scanAz_slow.dat,21.0844
results2403/20240308S213219.240639E214232.689131_scanAz_slow.dat,21.0928
results2403/20240308S214233.644866E215247.092784_scanAz_slow.dat,21.0873
results2403/20240308S215248.055192E215635.576170_scanAz_slow.dat,21.0846
read results2403/20240308_220134_scanAz_slow.txt,0.0133
results2403/20240308S220135.634732E221149.174546_scanAz_slow.dat,21.1530
results2403/20240308S221150.135556E222203.583365_scanAz_slow.dat,21.0600
results2403/20240308S222204.540285E223217.987119_scanAz_slow.dat,21.0872
results2403/20240308S223218.949951E224232.397956_scanAz_slow.dat,21.0866
results2403/20240308S224233.359682E225246.802380_scanAz_slow.dat,21.0832
results2403/20240308S225247.764976E225635.284245_scanAz_slow.dat,21.2166
read results2403/20240309_010135_scanAz_slow.txt,0.0133
results2403/20240309S010136.239710E011149.790487_scanAz_slow.dat,21.1985
results2403/20240309S011150.752607E012204.199437_scanAz_slow.dat,21.2076
results2403/20240309S012205.159292E013218.607235_scanAz_slow.dat,21.0861
results2403/20240309S013219.566004E014233.014789_scanAz_slow.dat,21.0982
results2403/20240309S014233.971771E015247.419973_scanAz_slow.dat,21.0809
results2403/20240309S015248.377499E015635.900135_scanAz_slow.dat,21.5242
read results2403/20240309_020134_scanAz_slow.txt,0.0133
results2403/20240309S020136.043713E021149.642769_scanAz_slow.dat,21.0869
results2403/20240309S021150.604599E022204.049899_scanAz_slow.dat,21.0712
results2403/20240309S022205.008050E023218.458026_scanAz_slow.dat,21.1097
results2403/20240309S023219.415756E024232.863444_scanAz_slow.dat,21.0664
results2403/20240309S024233.826825E025247.271712_scanAz_slow.dat,21.0827
results2403/20240309S025248.234486E025635.754429_scanAz_slow.dat,21.1041
read results2403/20240309_030134_scanAz_slow.txt,0.0133
results2403/20240309S030135.849432E031149.400605_scanAz_slow.dat,21.0899
results2403/20240309S031150.356664E032203.807316_scanAz_slow.dat,21.1014
results2403/20240309S032204.764127E033218.213244_scanAz_slow.dat,21.1211
results2403/20240309S033219.176851E034232.623928_scanAz_slow.dat,21.1058
results2403/20240309S034233.584172E035247.031646_scanAz_slow.dat,21.1103
results2403/20240309S035247.989981E035635.511058_scanAz_slow.dat,21.0700
read results2403/20240309_050134_scanAz_slow.txt,0.0133
results2403/20240309S050135.625704E051149.202237_scanAz_slow.dat,21.0786
results2403/20240309S051150.163725E052203.608763_scanAz_slow.dat,21.0736
results2403/20240309S052204.571540E053218.018529_scanAz_slow.dat,21.0910
results2403/20240309S053218.974523E054232.426567_scanAz_slow.dat,21.0546
results2403/20240309S054233.382889E055246.833927_scanAz_slow.dat,21.0842
results2403/20240309S055247.795408E055635.313751_scanAz_slow.dat,21.0985
read results2403/20240309_060135_scanAz_slow.txt,0.0133
results2403/20240309S060136.443421E061150.016580_scanAz_slow.dat,21.1054
results2403/20240309S061150.977201E062204.421226_scanAz_slow.dat,21.0931
results2403/20240309S062205.384234E063218.831767_scanAz_slow.dat,21.0866
results2403/20240309S063219.787738E064233.240189_scanAz_slow.dat,21.0766
results2403/20240309S064234.196610E065247.645876_scanAz_slow.dat,21.0786
results2403/20240309S065248.607977E065636.125561_scanAz_slow.dat,21.0654
read results2403/20240309_070135_scanAz_slow.txt,0.0138
results2403/20240309S070136.221518E071149.771015_scanAz_slow.dat,21.0939
results2403/20240309S071150.731956E072204.181910_scanAz_slow.dat,21.0813
results2403/20240309S072205.137631E073218.584912_scanAz_slow.dat,21.0961
results2403/20240309S073219.546319E074232.992430_scanAz_slow.dat,21.1103
results2403/20240309S074233.953973E075247.401562_scanAz_slow.dat,21.1058
results2403/20240309S075248.364292E075635.883347_scanAz_slow.dat,21.1062
read results2403/20240309_090134_scanAz_slow.txt,0.0133
results2403/20240309S090135.953102E091149.526130_scanAz_slow.dat,21.0874
results2403/20240309S091150.488231E092203.930645_scanAz_slow.dat,21.1039
results2403/20240309S092204.895114E093218.337995_scanAz_slow.dat,21.4319
results2403/20240309S093219.298260E094232.747845_scanAz_slow.dat,21.0870
results2403/20240309S094233.710769E095247.154062_scanAz_slow.dat,21.1925
results2403/20240309S095248.117580E095635.637674_scanAz_slow.dat,21.1016
read results2403/20240309_100134_scanAz_slow.txt,0.0138
results2403/20240309S100135.691584E101149.234400_scanAz_slow.dat,21.0976
results2403/20240309S101150.196225E102203.642278_scanAz_slow.dat,21.0714
results2403/20240309S102204.599107E103218.046583_scanAz_slow.dat,21.0873
results2403/20240309S103219.009488E104232.455123_scanAz_slow.dat,21.0836
results2403/20240309S104233.417939E105246.864694_scanAz_slow.dat,21.0875
results2403/20240309S105247.827166E105635.346371_scanAz_slow.dat,21.0816
read results2403/20240309_110135_scanAz_slow.txt,0.0134
results2403/20240309S110136.496236E111150.047927_scanAz_slow.dat,21.0929
results2403/20240309S111151.004828E112204.451689_scanAz_slow.dat,21.1051
results2403/20240309S112205.415502E113218.859841_scanAz_slow.dat,21.0892
results2403/20240309S113219.823516E114233.270807_scanAz_slow.dat,21.0845
results2403/20240309S114234.229534E115247.678599_scanAz_slow.dat,21.0948
results2403/20240309S115248.636130E115636.157002_scanAz_slow.dat,21.0614
read results2403/20240309_130135_scanAz_slow.txt,0.0133
results2403/20240309S130136.297933E131149.847809_scanAz_slow.dat,21.0783
results2403/20240309S131150.808725E132204.257172_scanAz_slow.dat,21.0642
results2403/20240309S132205.213762E133218.659787_scanAz_slow.dat,21.0896
results2403/20240309S133219.623946E134233.071087_scanAz_slow.dat,21.0780
results2403/20240309S134234.032891E135247.479053_scanAz_slow.dat,21.0829
results2403/20240309S135248.435384E135635.959217_scanAz_slow.dat,21.0650
read results2403/20240309_140135_scanAz_slow.txt,0.0133
results2403/20240309S140136.101982E141149.650132_scanAz_slow.dat,21.0874
results2403/20240309S141150.611415E142204.059937_scanAz_slow.dat,21.1027
results2403/20240309S142205.021672E143218.468421_scanAz_slow.dat,21.0647
results2403/20240309S143219.429897E144232.877524_scanAz_slow.dat,21.0782
results2403/20240309S144233.833522E145247.282037_scanAz_slow.dat,21.0918
results2403/20240309S145248.243829E145635.763118_scanAz_slow.dat,21.0696
read results2403/20240309_150134_scanAz_slow.txt,0.0133
results2403/20240309S150135.907518E151149.456010_scanAz_slow.dat,21.0975
results2403/20240309S151150.417583E152203.864361_scanAz_slow.dat,21.0639
results2403/20240309S152204.826083E153218.272145_scanAz_slow.dat,21.0824
results2403/20240309S153219.233845E154232.676073_scanAz_slow.dat,21.0700
results2403/20240309S154233.637848E155247.087826_scanAz_slow.dat,21.0618
results2403/20240309S155248.044034E155635.568449_scanAz_slow.dat,21.0372
read results2403/20240309_170134_scanAz_slow.txt,0.0133
results2403/20240309S170135.728284E171149.305350_scanAz_slow.dat,21.0652
results2403/20240309S171150.267723E172203.713495_scanAz_slow.dat,21.0912
results2403/20240309S172204.670374E173218.123117_scanAz_slow.dat,21.0971
results2403/20240309S173219.080629E174232.530288_scanAz_slow.dat,21.0881
results2403/20240309S174233.487503E175246.936573_scanAz_slow.dat,21.0494
results2403/20240309S175247.893501E175635.417901_scanAz_slow.dat,21.0708
read results2403/20240309_180135_scanAz_slow.txt,0.0055
results2403/20240309S180136.521346E181150.067791_scanAz_slow.dat,21.0591
results2403/20240309S181151.030512E182204.476968_scanAz_slow.dat,21.0956
results2403/20240309S182205.436073E183218.888435_scanAz_slow.dat,21.0609
results2403/20240309S183219.847212E184233.290399_scanAz_slow.dat,21.0489
results2403/20240309S184234.253639E185247.701632_scanAz_slow.dat,21.0765
results2403/20240309S185248.658454E185636.180688_scanAz_slow.dat,21.0891
read results2403/20240309_190135_scanAz_slow.txt,0.0133
results2403/20240309S190136.325289E191149.872292_scanAz_slow.dat,21.0705
results2403/20240309S191150.834122E192204.281502_scanAz_slow.dat,21.0592
results2403/20240309S192205.239925E193218.697816_scanAz_slow.dat,21.0718
results2403/20240309S193219.650745E194233.098218_scanAz_slow.dat,21.0759
results2403/20240309S194234.055445E195247.506413_scanAz_slow.dat,21.0579
results2403/20240309S195248.463333E195635.986455_scanAz_slow.dat,21.0685
read results2403/20240309_210135_scanAz_slow.txt,0.0055
results2403/20240309S210136.099625E211149.675681_scanAz_slow.dat,21.0724
results2403/20240309S211150.637569E212204.080971_scanAz_slow.dat,21.0480
results2403/20240309S212205.043657E213218.490597_scanAz_slow.dat,21.0561
results2403/20240309S213219.448349E214232.897169_scanAz_slow.dat,21.0848
results2403/20240309S214233.859916E215247.307157_scanAz_slow.dat,21.0577
results2403/20240309S215248.263745E215635.786966_scanAz_slow.dat,21.0920
read results2403/20240309_220134_scanAz_slow.txt,0.0133
results2403/20240309S220135.882266E221149.433100_scanAz_slow.dat,21.0715
results2403/20240309S221150.394032E222203.838730_scanAz_slow.dat,21.1288
results2403/20240309S222204.800781E223218.243974_scanAz_slow.dat,21.0725
results2403/20240309S223219.206059E224232.655343_scanAz_slow.dat,21.0626
results2403/20240309S224233.611031E225247.060947_scanAz_slow.dat,21.0948
results2403/20240309S225248.022673E225635.542833_scanAz_slow.dat,21.0494
read results2403/20240310_010135_scanAz_slow.txt,0.0133
results2403/20240310S010136.494938E011150.047334_scanAz_slow.dat,21.0581
results2403/20240310S011151.004523E012204.455091_scanAz_slow.dat,21.0675
results2403/20240310S012205.413245E013218.861339_scanAz_slow.dat,21.0650
results2403/20240310S013219.818293E014233.265725_scanAz_slow.dat,21.0939
results2403/20240310S014234.229314E015247.678678_scanAz_slow.dat,21.0541
results2403/20240310S015248.636772E015636.157643_scanAz_slow.dat,21.0862
read results2403/20240310_020135_scanAz_slow.txt,0.0133
results2403/20240310S020136.300133E021149.851457_scanAz_slow.dat,21.0774
results2403/20240310S021150.807772E022204.259074_scanAz_slow.dat,21.0477
results2403/20240310S022205.215993E023218.666892_scanAz_slow.dat,21.0913
results2403/20240310S023219.626544E024233.074385_scanAz_slow.dat,21.0921
results2403/20240310S024234.031883E025247.480508_scanAz_slow.dat,21.0843
results2403/20240310S025248.437387E025635.960971_scanAz_slow.dat,21.0800
read results2403/20240310_030135_scanAz_slow.txt,0.0133
results2403/20240310S030136.105088E031149.655856_scanAz_slow.dat,21.0752
results2403/20240310S031150.612194E032204.060756_scanAz_slow.dat,21.0653
results2403/20240310S032205.023746E033218.469961_scanAz_slow.dat,21.0681
results2403/20240310S033219.426825E034232.875397_scanAz_slow.dat,21.0847
results2403/20240310S034233.838538E035247.286325_scanAz_slow.dat,21.0664
results2403/20240310S035248.243309E035635.766454_scanAz_slow.dat,21.0834
read results2403/20240310_050134_scanAz_slow.txt,0.0133
results2403/20240310S050135.882955E051149.457176_scanAz_slow.dat,21.0851
results2403/20240310S051150.412613E052203.865175_scanAz_slow.dat,21.0833
results2403/20240310S052204.820803E053218.272745_scanAz_slow.dat,21.0846
results2403/20240310S053219.228740E054232.680212_scanAz_slow.dat,21.0983
results2403/20240310S054233.636158E055247.083571_scanAz_slow.dat,21.0925
results2403/20240310S055248.045350E055635.566941_scanAz_slow.dat,21.0991
read results2403/20240310_060134_scanAz_slow.txt,0.0135
results2403/20240310S060135.662093E061149.213993_scanAz_slow.dat,21.0824
results2403/20240310S061150.169855E062203.621747_scanAz_slow.dat,21.0586
results2403/20240310S062204.578619E063218.033130_scanAz_slow.dat,21.0887
results2403/20240310S063218.989344E064232.433001_scanAz_slow.dat,21.0533
results2403/20240310S064233.397309E065246.844693_scanAz_slow.dat,21.0886
results2403/20240310S065247.801962E065635.323451_scanAz_slow.dat,21.0892
read results2403/20240310_070135_scanAz_slow.txt,0.0133
results2403/20240310S070136.474417E071150.024437_scanAz_slow.dat,21.1196
results2403/20240310S071150.986338E072204.433118_scanAz_slow.dat,21.0904
results2403/20240310S072205.395484E073218.841255_scanAz_slow.dat,21.1070
results2403/20240310S073219.797562E074233.250015_scanAz_slow.dat,21.0714
results2403/20240310S074234.205997E075247.654326_scanAz_slow.dat,21.2108
results2403/20240310S075248.615715E075636.137398_scanAz_slow.dat,21.0729
read results2403/20240310_090135_scanAz_slow.txt,0.0133
results2403/20240310S090136.231525E091149.780824_scanAz_slow.dat,21.1063
results2403/20240310S091150.737166E092204.187654_scanAz_slow.dat,21.0910
results2403/20240310S092205.147214E093218.595043_scanAz_slow.dat,21.0833
results2403/20240310S093219.554819E094232.999074_scanAz_slow.dat,21.0651
results2403/20240310S094233.962059E095247.406936_scanAz_slow.dat,21.0931
results2403/20240310S095248.370195E095635.889179_scanAz_slow.dat,21.0787
read results2403/20240310_100134_scanAz_slow.txt,0.0133
results2403/20240310S100136.034944E101149.581076_scanAz_slow.dat,21.0621
results2403/20240310S101150.542863E102203.993226_scanAz_slow.dat,21.0923
results2403/20240310S102204.951597E103218.401077_scanAz_slow.dat,21.0545
results2403/20240310S103219.357871E104232.804430_scanAz_slow.dat,21.0772
results2403/20240310S104233.769185E105247.213828_scanAz_slow.dat,21.0592
results2403/20240310S105248.176737E105635.696165_scanAz_slow.dat,21.0946
read results2403/20240310_110134_scanAz_slow.txt,0.0133
results2403/20240310S110135.857650E111149.436562_scanAz_slow.dat,21.1038
results2403/20240310S111150.398491E112203.844467_scanAz_slow.dat,21.0942
results2403/20240310S112204.801489E113218.248603_scanAz_slow.dat,21.0917
results2403/20240310S113219.212984E114232.656592_scanAz_slow.dat,21.0685
results2403/20240310S114233.620418E115247.068410_scanAz_slow.dat,21.0814
results2403/20240310S115248.025917E115635.547300_scanAz_slow.dat,21.0540
read results2403/20240310_130134_scanAz_slow.txt,0.0089
results2403/20240310S130135.638255E131149.185597_scanAz_slow.dat,21.1042
results2403/20240310S131150.147203E132203.593808_scanAz_slow.dat,21.0430
results2403/20240310S132204.555300E133218.011156_scanAz_slow.dat,21.1404
results2403/20240310S133218.961442E134232.409284_scanAz_slow.dat,21.0882
results2403/20240310S134233.372049E135246.817632_scanAz_slow.dat,21.0826
results2403/20240310S135247.779721E135635.300016_scanAz_slow.dat,21.0681
read results2403/20240310_140135_scanAz_slow.txt,0.0134
results2403/20240310S140136.450380E141150.000638_scanAz_slow.dat,21.0572
results2403/20240310S141150.962280E142204.409137_scanAz_slow.dat,21.0888
results2403/20240310S142205.370865E143218.818811_scanAz_slow.dat,21.0978
results2403/20240310S143219.776121E144233.225499_scanAz_slow.dat,21.0632
results2403/20240310S144234.181751E145247.628739_scanAz_slow.dat,21.1085
results2403/20240310S145248.591752E145636.111445_scanAz_slow.dat,21.0759
read results2403/20240310_150135_scanAz_slow.txt,0.0133
results2403/20240310S150136.254484E151149.805638_scanAz_slow.dat,21.0733
results2403/20240310S151150.767132E152204.211739_scanAz_slow.dat,21.0857
results2403/20240310S152205.174461E153218.620538_scanAz_slow.dat,21.0932
results2403/20240310S153219.582236E154233.030066_scanAz_slow.dat,21.0419
results2403/20240310S154233.987054E155247.438215_scanAz_slow.dat,21.0869
results2403/20240310S155248.393720E155635.915787_scanAz_slow.dat,21.0892
read results2403/20240310_170135_scanAz_slow.txt,0.0133
results2403/20240310S170136.067731E171149.603840_scanAz_slow.dat,21.0860
results2403/20240310S171150.566423E172204.011118_scanAz_slow.dat,21.0556
results2403/20240310S172204.974716E173218.418403_scanAz_slow.dat,21.0762
results2403/20240310S173219.381552E174232.829081_scanAz_slow.dat,21.0592
results2403/20240310S174233.786345E175247.236286_scanAz_slow.dat,21.0691
results2403/20240310S175248.193287E175635.717711_scanAz_slow.dat,21.0571
read results2403/20240310_180134_scanAz_slow.txt,0.0133
results2403/20240310S180135.861917E181149.411645_scanAz_slow.dat,21.0771
results2403/20240310S181150.368311E182203.815775_scanAz_slow.dat,21.1350
results2403/20240310S182204.779662E183218.221752_scanAz_slow.dat,21.0765
results2403/20240310S183219.185220E184232.635562_scanAz_slow.dat,21.0500
results2403/20240310S184233.593385E185247.042348_scanAz_slow.dat,21.0898
results2403/20240310S185248.000449E185635.522042_scanAz_slow.dat,21.0924
read results2403/20240310_190134_scanAz_slow.txt,0.0089
results2403/20240310S190135.664064E191149.216229_scanAz_slow.dat,21.0929
results2403/20240310S191150.173460E192203.622761_scanAz_slow.dat,21.0824
results2403/20240310S192204.579964E193218.031507_scanAz_slow.dat,21.0748
results2403/20240310S193218.988590E194232.439559_scanAz_slow.dat,21.0590
results2403/20240310S194233.397688E195246.846504_scanAz_slow.dat,21.0502
results2403/20240310S195247.803423E195635.326798_scanAz_slow.dat,21.0872
read results2403/20240310_210135_scanAz_slow.txt,0.0134
results2403/20240310S210136.450155E211150.025939_scanAz_slow.dat,21.0885
results2403/20240310S211150.986887E212204.433666_scanAz_slow.dat,21.0857
results2403/20240310S212205.389872E213218.841540_scanAz_slow.dat,21.0657
results2403/20240310S213219.797819E214233.246548_scanAz_slow.dat,21.0605
results2403/20240310S214234.208263E215247.657864_scanAz_slow.dat,21.0693
results2403/20240310S215248.614199E215636.137747_scanAz_slow.dat,21.1009
read results2403/20240310_220135_scanAz_slow.txt,0.0133
results2403/20240310S220136.279487E221149.829797_scanAz_slow.dat,21.1154
results2403/20240310S221150.791026E222204.240098_scanAz_slow.dat,21.1840
results2403/20240310S222205.197909E223218.645394_scanAz_slow.dat,21.1039
results2403/20240310S223219.607607E224233.054745_scanAz_slow.dat,21.0560
results2403/20240310S224234.012225E225247.461547_scanAz_slow.dat,21.0808
results2403/20240310S225248.417509E225635.940965_scanAz_slow.dat,21.0496
read results2403/20240311_010134_scanAz_slow.txt,0.0133
results2403/20240311S010135.993071E011149.532807_scanAz_slow.dat,21.0892
results2403/20240311S011150.495158E012203.942330_scanAz_slow.dat,21.0831
results2403/20240311S012204.900090E013218.347425_scanAz_slow.dat,21.0806
results2403/20240311S013219.310061E014232.753374_scanAz_slow.dat,21.0518
results2403/20240311S014233.716692E015247.160908_scanAz_slow.dat,21.0695
results2403/20240311S015248.123882E015635.642631_scanAz_slow.dat,21.0771
read results2403/20240311_020134_scanAz_slow.txt,0.0054
results2403/20240311S020135.786127E021149.337921_scanAz_slow.dat,21.0790
results2403/20240311S021150.299620E022203.747170_scanAz_slow.dat,21.0790
results2403/20240311S022204.706421E023218.149082_scanAz_slow.dat,21.0902
results2403/20240311S023219.113572E024232.558348_scanAz_slow.dat,21.0595
results2403/20240311S024233.521626E025246.969513_scanAz_slow.dat,21.0826
results2403/20240311S025247.926700E025635.446933_scanAz_slow.dat,21.0998
read results2403/20240311_030135_scanAz_slow.txt,0.0089
results2403/20240311S030136.599691E031150.146983_scanAz_slow.dat,21.0567
results2403/20240311S031151.110008E032204.559027_scanAz_slow.dat,21.0447
results2403/20240311S032205.517045E033218.976227_scanAz_slow.dat,21.1247
results2403/20240311S033219.927945E034233.374666_scanAz_slow.dat,21.1421
results2403/20240311S034234.332504E035247.778139_scanAz_slow.dat,21.0872
results2403/20240311S035248.742089E035636.261613_scanAz_slow.dat,21.1871
read results2403/20240311_050135_scanAz_slow.txt,0.0134
results2403/20240311S050136.399830E051149.947920_scanAz_slow.dat,21.0533
results2403/20240311S051150.909173E052204.357163_scanAz_slow.dat,21.0981
results2403/20240311S052205.319557E053218.762474_scanAz_slow.dat,21.0619
results2403/20240311S053219.724226E054233.175609_scanAz_slow.dat,21.0526
results2403/20240311S054234.131399E055247.582921_scanAz_slow.dat,21.0832
results2403/20240311S055248.539215E055636.062533_scanAz_slow.dat,21.0805
read results2403/20240311_060135_scanAz_slow.txt,0.0135
results2403/20240311S060136.206681E061149.756700_scanAz_slow.dat,21.0922
results2403/20240311S061150.712466E062204.160713_scanAz_slow.dat,21.0430
results2403/20240311S062205.122474E063218.572478_scanAz_slow.dat,21.1051
results2403/20240311S063219.532478E064232.980368_scanAz_slow.dat,21.0666
results2403/20240311S064233.937569E065247.385128_scanAz_slow.dat,21.0890
results2403/20240311S065248.347847E065635.909260_scanAz_slow.dat,21.0931
read results2403/20240311_070134_scanAz_slow.txt,0.0133
results2403/20240311S070136.009705E071149.558203_scanAz_slow.dat,21.0881
results2403/20240311S071150.519125E072203.965500_scanAz_slow.dat,21.1871
results2403/20240311S072204.926991E073218.377750_scanAz_slow.dat,21.0533
results2403/20240311S073219.334041E074232.782739_scanAz_slow.dat,21.0762
results2403/20240311S074233.746123E075247.190067_scanAz_slow.dat,21.0951
results2403/20240311S075248.151882E075635.671235_scanAz_slow.dat,21.0486
read results2403/20240311_090134_scanAz_slow.txt,0.0134
results2403/20240311S090135.860087E091149.411858_scanAz_slow.dat,21.0706
results2403/20240311S091150.369711E092203.817905_scanAz_slow.dat,21.0693
results2403/20240311S092204.775074E093218.228137_scanAz_slow.dat,21.0862
results2403/20240311S093219.186245E094232.629316_scanAz_slow.dat,21.0802
results2403/20240311S094233.593745E095247.037915_scanAz_slow.dat,21.0862
results2403/20240311S095248.000891E095635.518689_scanAz_slow.dat,21.0823
read results2403/20240311_100134_scanAz_slow.txt,0.0055
results2403/20240311S100135.670256E101149.213717_scanAz_slow.dat,21.1649
results2403/20240311S101150.170013E102203.621442_scanAz_slow.dat,21.1080
results2403/20240311S102204.579227E103218.024964_scanAz_slow.dat,21.0987
results2403/20240311S103218.988536E104232.434108_scanAz_slow.dat,21.0739
results2403/20240311S104233.391893E105246.839208_scanAz_slow.dat,21.0801
results2403/20240311S105247.802211E105635.322128_scanAz_slow.dat,21.0923
read results2403/20240311_110135_scanAz_slow.txt,0.0135
results2403/20240311S110136.474975E111150.024635_scanAz_slow.dat,21.0559
results2403/20240311S111150.986501E112204.432206_scanAz_slow.dat,21.0885
results2403/20240311S112205.389161E113218.836451_scanAz_slow.dat,21.0908
results2403/20240311S113219.796904E114233.246812_scanAz_slow.dat,21.0522
results2403/20240311S114234.204290E115247.654518_scanAz_slow.dat,21.1906
results2403/20240311S115248.611676E115636.135609_scanAz_slow.dat,21.0524
read results2403/20240311_130135_scanAz_slow.txt,0.0134
results2403/20240311S130136.276141E131149.828592_scanAz_slow.dat,21.0779
results2403/20240311S131150.784013E132204.233401_scanAz_slow.dat,21.0813
results2403/20240311S132205.195808E133218.638888_scanAz_slow.dat,21.0953
results2403/20240311S133219.600985E134233.047735_scanAz_slow.dat,21.0943
results2403/20240311S134234.009870E135247.455053_scanAz_slow.dat,21.0422
results2403/20240311S135248.417489E135635.938805_scanAz_slow.dat,21.0438
read results2403/20240311_140135_scanAz_slow.txt,0.0134
results2403/20240311S140136.083404E141149.631316_scanAz_slow.dat,21.0624
results2403/20240311S141150.592358E142204.040907_scanAz_slow.dat,21.0930
results2403/20240311S142204.998164E143218.447601_scanAz_slow.dat,21.0894
results2403/20240311S143219.403619E144232.853662_scanAz_slow.dat,21.0948
results2403/20240311S144233.815548E145247.263179_scanAz_slow.dat,21.0940
results2403/20240311S145248.219087E145635.743216_scanAz_slow.dat,21.0864
read results2403/20240311_150134_scanAz_slow.txt,0.0134
results2403/20240311S150135.885549E151149.434300_scanAz_slow.dat,21.1848
results2403/20240311S151150.395167E152203.844481_scanAz_slow.dat,21.0712
results2403/20240311S152204.801029E153218.253475_scanAz_slow.dat,21.1101
results2403/20240311S153219.209427E154232.660839_scanAz_slow.dat,21.1018
results2403/20240311S154233.617865E155247.065597_scanAz_slow.dat,21.0614
results2403/20240311S155248.028022E155635.548134_scanAz_slow.dat,21.0642
read results2403/20240311_170134_scanAz_slow.txt,0.0134
results2403/20240311S170135.647291E171149.185989_scanAz_slow.dat,21.0943
results2403/20240311S171150.147835E172203.598151_scanAz_slow.dat,21.0952
results2403/20240311S172204.556525E173218.001782_scanAz_slow.dat,21.0922
results2403/20240311S173218.965137E174232.410749_scanAz_slow.dat,21.0748
results2403/20240311S174233.373699E175246.820266_scanAz_slow.dat,21.0868
results2403/20240311S175247.778900E175635.298752_scanAz_slow.dat,21.0953
read results2403/20240311_180135_scanAz_slow.txt,0.0055
results2403/20240311S180136.452020E181150.000113_scanAz_slow.dat,21.0645
results2403/20240311S181150.962214E182204.409109_scanAz_slow.dat,21.0809
results2403/20240311S182205.365965E183218.816676_scanAz_slow.dat,21.0511
results2403/20240311S183219.773871E184233.225142_scanAz_slow.dat,21.1017
results2403/20240311S184234.182046E185247.632422_scanAz_slow.dat,21.1113
results2403/20240311S185248.589631E185636.112575_scanAz_slow.dat,21.0636
read results2403/20240311_190135_scanAz_slow.txt,0.0134
results2403/20240311S190136.255170E191149.808368_scanAz_slow.dat,21.0762
results2403/20240311S191150.764394E192204.215227_scanAz_slow.dat,21.0728
results2403/20240311S192205.174888E193218.622644_scanAz_slow.dat,21.0896
results2403/20240311S193219.580635E194233.026872_scanAz_slow.dat,21.0613
results2403/20240311S194233.990324E195247.437526_scanAz_slow.dat,21.0811
results2403/20240311S195248.395303E195635.917941_scanAz_slow.dat,21.0807
read results2403/20240311_210134_scanAz_slow.txt,0.0134
results2403/20240311S210136.031789E211149.609311_scanAz_slow.dat,21.1014
results2403/20240311S211150.570236E212204.015946_scanAz_slow.dat,21.0831
results2403/20240311S212204.977715E213218.423604_scanAz_slow.dat,21.0608
results2403/20240311S213219.385359E214232.832755_scanAz_slow.dat,21.0648
results2403/20240311S214233.788855E215247.236486_scanAz_slow.dat,21.0976
results2403/20240311S215248.198268E215635.719802_scanAz_slow.dat,21.0714
read results2403/20240311_220134_scanAz_slow.txt,0.0089
results2403/20240311S220135.822106E221149.366896_scanAz_slow.dat,21.0728
results2403/20240311S221150.322486E222203.773357_scanAz_slow.dat,21.0564
results2403/20240311S222204.735139E223218.187799_scanAz_slow.dat,21.1162
results2403/20240311S223219.138658E224232.589768_scanAz_slow.dat,21.0783
results2403/20240311S224233.545729E225246.997783_scanAz_slow.dat,21.0859
results2403/20240311S225247.959165E225635.476899_scanAz_slow.dat,21.0846
read results2403/20240312_010135_scanAz_slow.txt,0.0134
results2403/20240312S010136.484726E011150.029675_scanAz_slow.dat,21.0604
results2403/20240312S011150.987513E012204.435620_scanAz_slow.dat,21.0761
results2403/20240312S012205.398144E013218.846391_scanAz_slow.dat,21.0964
results2403/20240312S013219.804528E014233.254300_scanAz_slow.dat,21.0647
results2403/20240312S014234.211338E015247.661257_scanAz_slow.dat,21.0598
results2403/20240312S015248.618722E015636.139224_scanAz_slow.dat,21.0967
read results2403/20240312_020135_scanAz_slow.txt,0.0134
results2403/20240312S020136.282530E021149.834596_scanAz_slow.dat,21.0900
results2403/20240312S021150.790576E022204.240984_scanAz_slow.dat,21.0881
results2403/20240312S022205.197819E023218.648416_scanAz_slow.dat,21.0837
results2403/20240312S023219.611140E024233.057829_scanAz_slow.dat,21.0785
results2403/20240312S024234.015863E025247.461352_scanAz_slow.dat,21.0464
results2403/20240312S025248.425267E025635.944300_scanAz_slow.dat,21.0900
read results2403/20240312_030135_scanAz_slow.txt,0.0133
results2403/20240312S030136.091422E031149.638633_scanAz_slow.dat,21.0944
results2403/20240312S031150.597401E032204.046481_scanAz_slow.dat,21.1011
results2403/20240312S032205.003719E033218.449861_scanAz_slow.dat,21.0704
results2403/20240312S033219.413784E034232.857713_scanAz_slow.dat,21.0736
results2403/20240312S034233.827099E035247.265414_scanAz_slow.dat,21.0806
results2403/20240312S035248.228690E035635.748911_scanAz_slow.dat,21.0675
read results2403/20240312_050134_scanAz_slow.txt,0.0132
results2403/20240312S050135.905917E051149.483284_scanAz_slow.dat,21.0647
results2403/20240312S051150.444235E052203.890870_scanAz_slow.dat,21.0510
results2403/20240312S052204.852886E053218.298912_scanAz_slow.dat,21.0680
results2403/20240312S053219.256823E054232.707873_scanAz_slow.dat,21.0953
results2403/20240312S054233.663605E055247.111781_scanAz_slow.dat,21.0705
results2403/20240312S055248.074462E055635.595492_scanAz_slow.dat,21.0766
read results2403/20240312_060134_scanAz_slow.txt,0.0089
results2403/20240312S060135.689581E061149.240146_scanAz_slow.dat,21.0876
results2403/20240312S061150.202327E062203.644641_scanAz_slow.dat,21.0903
results2403/20240312S062204.605994E063218.053415_scanAz_slow.dat,21.0880
results2403/20240312S063219.016119E064232.463728_scanAz_slow.dat,21.0902
results2403/20240312S064233.419499E065246.869451_scanAz_slow.dat,21.0665
results2403/20240312S065247.831554E065635.351407_scanAz_slow.dat,21.0725
read results2403/20240312_070135_scanAz_slow.txt,0.0133
results2403/20240312S070136.510465E071150.049417_scanAz_slow.dat,21.0592
results2403/20240312S071151.011009E072204.461464_scanAz_slow.dat,21.0702
results2403/20240312S072205.417131E073218.865726_scanAz_slow.dat,21.0900
results2403/20240312S073219.827976E074233.274742_scanAz_slow.dat,21.0655
results2403/20240312S074234.236410E075247.684216_scanAz_slow.dat,21.0770
results2403/20240312S075248.640371E075636.162745_scanAz_slow.dat,21.0874
read results2403/20240312_090135_scanAz_slow.txt,0.0089
results2403/20240312S090136.400037E091149.949856_scanAz_slow.dat,21.0439
results2403/20240312S091150.908059E092204.357632_scanAz_slow.dat,21.0816
results2403/20240312S092205.315408E093218.769588_scanAz_slow.dat,21.0469
results2403/20240312S093219.720680E094233.170793_scanAz_slow.dat,21.0580
results2403/20240312S094234.127766E095247.577020_scanAz_slow.dat,21.0906
results2403/20240312S095248.539935E095636.059601_scanAz_slow.dat,21.0909
read results2403/20240312_100135_scanAz_slow.txt,0.0133
results2403/20240312S100136.201242E101149.753383_scanAz_slow.dat,21.0505
results2403/20240312S101150.710341E102204.159511_scanAz_slow.dat,21.0931
results2403/20240312S102205.116331E103218.568908_scanAz_slow.dat,21.0877
results2403/20240312S103219.527971E104232.973368_scanAz_slow.dat,21.0561
results2403/20240312S104233.936312E105247.381887_scanAz_slow.dat,21.0618
results2403/20240312S105248.338789E105635.860690_scanAz_slow.dat,21.0697
read results2403/20240312_110134_scanAz_slow.txt,0.0133
results2403/20240312S110136.005589E111149.556895_scanAz_slow.dat,21.0698
results2403/20240312S111150.513210E112203.963325_scanAz_slow.dat,21.0816
results2403/20240312S112204.920229E113218.372115_scanAz_slow.dat,21.1236
results2403/20240312S113219.329956E114232.775009_scanAz_slow.dat,21.1018
results2403/20240312S114233.738856E115247.186973_scanAz_slow.dat,21.0842
results2403/20240312S115248.143831E115635.666847_scanAz_slow.dat,21.0664
read results2403/20240312_130134_scanAz_slow.txt,0.0133
results2403/20240312S130135.779893E131149.357316_scanAz_slow.dat,21.0896
results2403/20240312S131150.313622E132203.762861_scanAz_slow.dat,21.0766
results2403/20240312S132204.719486E133218.170742_scanAz_slow.dat,21.0537
results2403/20240312S133219.126706E134232.575206_scanAz_slow.dat,21.0674
results2403/20240312S134233.537684E135246.984607_scanAz_slow.dat,21.0904
results2403/20240312S135247.946693E135635.464022_scanAz_slow.dat,21.1044
read results2403/20240312_140135_scanAz_slow.txt,0.0134
results2403/20240312S140136.521494E141150.071695_scanAz_slow.dat,21.0919
results2403/20240312S141151.029294E142204.479225_scanAz_slow.dat,21.0895
results2403/20240312S142205.435830E143218.884409_scanAz_slow.dat,21.0834
results2403/20240312S143219.843093E144233.290791_scanAz_slow.dat,21.0836
results2403/20240312S144234.252339E145247.700824_scanAz_slow.dat,21.0764
results2403/20240312S145248.657546E145636.180021_scanAz_slow.dat,21.0587
read results2403/20240312_150135_scanAz_slow.txt,0.0133
results2403/20240312S150136.324512E151149.870018_scanAz_slow.dat,21.0724
results2403/20240312S151150.830974E152204.278743_scanAz_slow.dat,21.0706
results2403/20240312S152205.240424E153218.689698_scanAz_slow.dat,21.0523
results2403/20240312S153219.648644E154233.096184_scanAz_slow.dat,21.0800
results2403/20240312S154234.052855E155247.502805_scanAz_slow.dat,21.0847
results2403/20240312S155248.460288E155635.985319_scanAz_slow.dat,21.0687
read results2403/20240312_170135_scanAz_slow.txt,0.0133
results2403/20240312S170136.137931E171149.672802_scanAz_slow.dat,21.0514
results2403/20240312S171150.634880E172204.080307_scanAz_slow.dat,21.2675
results2403/20240312S172205.037090E173218.489286_scanAz_slow.dat,21.0454
results2403/20240312S173219.446455E174232.893729_scanAz_slow.dat,21.0701
results2403/20240312S174233.856349E175247.302403_scanAz_slow.dat,21.0971
results2403/20240312S175248.259354E175635.782356_scanAz_slow.dat,21.0666
read results2403/20240312_180134_scanAz_slow.txt,0.0134
results2403/20240312S180135.927506E181149.478604_scanAz_slow.dat,21.0972
results2403/20240312S181150.436178E182203.886162_scanAz_slow.dat,21.0916
results2403/20240312S182204.843342E183218.292752_scanAz_slow.dat,21.0777
results2403/20240312S183219.249654E184232.702234_scanAz_slow.dat,21.0823
results2403/20240312S184233.660067E185247.109944_scanAz_slow.dat,21.0623
results2403/20240312S185248.068036E185635.588168_scanAz_slow.dat,21.0823
read results2403/20240312_190134_scanAz_slow.txt,0.0134
results2403/20240312S190135.731477E191149.281037_scanAz_slow.dat,21.0895
results2403/20240312S191150.238222E192203.687055_scanAz_slow.dat,21.0674
results2403/20240312S192204.650304E193218.097549_scanAz_slow.dat,21.0833
results2403/20240312S193219.056900E194232.502199_scanAz_slow.dat,21.0631
results2403/20240312S194233.465479E195246.913503_scanAz_slow.dat,21.0715
results2403/20240312S195247.870704E195635.392625_scanAz_slow.dat,21.0425
read results2403/20240312_210135_scanAz_slow.txt,0.0088
results2403/20240312S210136.492028E211150.039395_scanAz_slow.dat,21.0675
results2403/20240312S211151.000297E212204.451139_scanAz_slow.dat,21.0493
results2403/20240312S212205.408014E213218.857633_scanAz_slow.dat,21.0803
results2403/20240312S213219.819037E214233.261630_scanAz_slow.dat,21.0668
results2403/20240312S214234.224398E215247.673203_scanAz_slow.dat,21.0676
results2403/20240312S215248.630095E215636.153335_scanAz_slow.dat,21.1353
read results2403/20240312_220135_scanAz_slow.txt,0.0133
results2403/20240312S220136.313208E221149.892902_scanAz_slow.dat,21.0718
results2403/20240312S221150.854086E222204.300902_scanAz_slow.dat,21.0879
results2403/20240312S222205.262644E223218.708801_scanAz_slow.dat,21.0894
results2403/20240312S223219.670578E224233.117846_scanAz_slow.dat,21.0942
results2403/20240312S224234.073858E225247.525937_scanAz_slow.dat,21.0829
results2403/20240312S225248.481965E225636.005661_scanAz_slow.dat,21.0739
read results2403/20240313_010134_scanAz_slow.txt,0.0133
results2403/20240313S010135.910265E011149.449087_scanAz_slow.dat,21.0860
results2403/20240313S011150.411438E012203.854294_scanAz_slow.dat,21.0942
results2403/20240313S012204.818051E013218.267199_scanAz_slow.dat,21.0832
results2403/20240313S013219.224909E014232.671068_scanAz_slow.dat,21.0829
results2403/20240313S014233.633711E015247.077917_scanAz_slow.dat,21.0835
results2403/20240313S015248.040893E015635.559574_scanAz_slow.dat,21.0836
read results2403/20240313_020134_scanAz_slow.txt,0.0137
results2403/20240313S020135.701781E021149.249519_scanAz_slow.dat,21.0722
results2403/20240313S021150.211839E022203.657051_scanAz_slow.dat,21.0815
results2403/20240313S022204.621208E023218.068764_scanAz_slow.dat,21.0928
results2403/20240313S023219.026633E024232.475620_scanAz_slow.dat,21.0775
results2403/20240313S024233.432465E025246.882501_scanAz_slow.dat,21.0846
results2403/20240313S025247.839646E025635.363472_scanAz_slow.dat,21.1178
read results2403/20240313_030135_scanAz_slow.txt,0.0133
results2403/20240313S030136.515641E031150.066270_scanAz_slow.dat,21.0486
results2403/20240313S031151.022663E032204.471907_scanAz_slow.dat,21.0794
results2403/20240313S032205.428763E033218.882057_scanAz_slow.dat,21.0847
results2403/20240313S033219.841088E034233.287069_scanAz_slow.dat,21.0838
results2403/20240313S034234.244265E035247.692186_scanAz_slow.dat,21.0514
results2403/20240313S035248.655096E035636.174215_scanAz_slow.dat,21.0916
read results2403/20240313_050135_scanAz_slow.txt,0.0133
results2403/20240313S050136.411438E051149.958373_scanAz_slow.dat,21.0930
results2403/20240313S051150.920892E052204.369953_scanAz_slow.dat,21.0932
results2403/20240313S052205.326682E053218.782200_scanAz_slow.dat,21.0601
results2403/20240313S053219.738368E054233.185893_scanAz_slow.dat,21.1040
results2403/20240313S054234.142858E055247.593787_scanAz_slow.dat,21.0633
results2403/20240313S055248.549898E055636.073362_scanAz_slow.dat,21.0967
read results2403/20240313_060135_scanAz_slow.txt,0.0054
results2403/20240313S060136.218232E061149.763234_scanAz_slow.dat,21.0826
results2403/20240313S061150.724456E062204.174684_scanAz_slow.dat,21.0560
results2403/20240313S062205.130630E063218.579931_scanAz_slow.dat,21.0601
results2403/20240313S063219.542255E064232.985694_scanAz_slow.dat,21.0828
results2403/20240313S064233.948149E065247.394680_scanAz_slow.dat,21.0943
results2403/20240313S065248.356456E065635.877536_scanAz_slow.dat,21.0901
read results2403/20240313_070134_scanAz_slow.txt,0.0054
results2403/20240313S070136.042948E071149.618701_scanAz_slow.dat,21.0705
results2403/20240313S071150.579827E072204.022489_scanAz_slow.dat,21.0821
results2403/20240313S072204.984517E073218.433388_scanAz_slow.dat,21.0907
results2403/20240313S073219.389355E074232.839451_scanAz_slow.dat,21.0869
results2403/20240313S074233.801419E075247.250000_scanAz_slow.dat,21.0573
results2403/20240313S075248.207011E075635.728097_scanAz_slow.dat,21.0580
read results2403/20240313_090134_scanAz_slow.txt,0.0133
results2403/20240313S090135.783874E091149.323520_scanAz_slow.dat,21.1019
results2403/20240313S091150.285560E092203.730412_scanAz_slow.dat,21.0907
results2403/20240313S092204.693112E093218.138878_scanAz_slow.dat,21.0965
results2403/20240313S093219.095793E094232.546675_scanAz_slow.dat,21.0582
results2403/20240313S094233.503587E095246.954041_scanAz_slow.dat,21.0637
results2403/20240313S095247.911032E095635.434983_scanAz_slow.dat,21.1466
read results2403/20240313_100135_scanAz_slow.txt,0.0133
results2403/20240313S100136.585169E101150.132325_scanAz_slow.dat,21.0646
results2403/20240313S101151.095598E102204.543814_scanAz_slow.dat,21.0592
results2403/20240313S102205.500669E103218.951679_scanAz_slow.dat,21.0811
results2403/20240313S103219.909492E104233.355083_scanAz_slow.dat,21.0697
results2403/20240313S104234.319232E105247.763424_scanAz_slow.dat,21.1142
results2403/20240313S105248.726958E105636.246083_scanAz_slow.dat,21.0944
read results2403/20240313_110135_scanAz_slow.txt,0.0133
results2403/20240313S110136.395626E111149.939147_scanAz_slow.dat,21.0811
results2403/20240313S111150.900869E112204.349080_scanAz_slow.dat,21.0721
results2403/20240313S112205.306900E113218.754039_scanAz_slow.dat,21.1038
results2403/20240313S113219.710950E114233.158289_scanAz_slow.dat,21.1552
results2403/20240313S114234.121868E115247.569456_scanAz_slow.dat,21.0642
results2403/20240313S115248.526956E115636.050317_scanAz_slow.dat,21.0942
read results2403/20240313_130135_scanAz_slow.txt,0.0134
results2403/20240313S130136.236751E131149.782895_scanAz_slow.dat,21.0852
results2403/20240313S131150.746139E132204.195069_scanAz_slow.dat,21.1033
results2403/20240313S132205.151080E133218.599168_scanAz_slow.dat,21.0840
results2403/20240313S133219.561501E134233.010509_scanAz_slow.dat,21.0903
results2403/20240313S134233.968342E135247.413429_scanAz_slow.dat,21.1026
results2403/20240313S135248.375814E135635.896699_scanAz_slow.dat,21.0622
read results2403/20240313_140135_scanAz_slow.txt,0.0133
results2403/20240313S140136.088810E141149.638147_scanAz_slow.dat,21.1473
results2403/20240313S141150.600075E142204.042821_scanAz_slow.dat,21.0797
results2403/20240313S142205.005835E143218.455022_scanAz_slow.dat,21.2323
results2403/20240313S143219.410941E144232.859927_scanAz_slow.dat,21.0972
results2403/20240313S144233.822034E145247.265323_scanAz_slow.dat,21.0741
results2403/20240313S145248.228609E145635.749235_scanAz_slow.dat,21.0762
read results2403/20240313_150134_scanAz_slow.txt,0.0133
results2403/20240313S150135.914372E151149.490797_scanAz_slow.dat,21.0919
results2403/20240313S151150.451968E152203.897205_scanAz_slow.dat,21.0640
results2403/20240313S152204.859215E153218.305064_scanAz_slow.dat,21.0551
results2403/20240313S153219.267523E154232.712553_scanAz_slow.dat,21.0768
results2403/20240313S154233.675408E155247.118590_scanAz_slow.dat,21.0836
results2403/20240313S155248.080963E155635.602682_scanAz_slow.dat,21.0967
read results2403/20240313_170134_scanAz_slow.txt,0.0132
results2403/20240313S170135.741710E171149.290695_scanAz_slow.dat,21.0745
results2403/20240313S171150.252490E172203.698515_scanAz_slow.dat,21.0741
results2403/20240313S172204.655687E173218.102850_scanAz_slow.dat,21.1078
results2403/20240313S173219.065825E174232.513011_scanAz_slow.dat,21.1038
results2403/20240313S174233.471554E175246.922464_scanAz_slow.dat,21.1110
results2403/20240313S175247.879429E175635.402603_scanAz_slow.dat,21.0830
read results2403/20240313_180135_scanAz_slow.txt,0.0132
results2403/20240313S180136.511616E181150.053868_scanAz_slow.dat,21.0913
results2403/20240313S181151.015986E182204.459922_scanAz_slow.dat,21.0976
results2403/20240313S182205.422955E183218.873483_scanAz_slow.dat,21.0840
results2403/20240313S183219.830723E184233.279345_scanAz_slow.dat,21.2185
results2403/20240313S184234.238365E185247.685623_scanAz_slow.dat,21.1056
results2403/20240313S185248.642818E185636.167042_scanAz_slow.dat,21.1148
read results2403/20240313_190135_scanAz_slow.txt,0.0133
results2403/20240313S190136.280348E191149.859819_scanAz_slow.dat,21.0892
results2403/20240313S191150.821931E192204.265176_scanAz_slow.dat,21.0945
results2403/20240313S192205.228431E193218.673663_scanAz_slow.dat,21.0872
results2403/20240313S193219.636961E194233.083048_scanAz_slow.dat,21.0907
results2403/20240313S194234.039994E195247.489312_scanAz_slow.dat,21.0923
results2403/20240313S195248.446036E195635.968408_scanAz_slow.dat,21.0975
read results2403/20240313_210135_scanAz_slow.txt,0.0133
results2403/20240313S210136.108513E211149.655854_scanAz_slow.dat,21.0800
results2403/20240313S211150.617755E212204.066334_scanAz_slow.dat,21.0627
results2403/20240313S212205.028063E213218.475366_scanAz_slow.dat,21.0648
results2403/20240313S213219.433162E214232.881355_scanAz_slow.dat,21.1078
results2403/20240313S214233.843419E215247.286519_scanAz_slow.dat,21.1011
results2403/20240313S215248.248972E215635.769690_scanAz_slow.dat,21.1065
read results2403/20240313_220134_scanAz_slow.txt,0.0133
results2403/20240313S220135.914077E221149.463792_scanAz_slow.dat,21.1174
results2403/20240313S221150.424447E222203.871801_scanAz_slow.dat,21.1036
results2403/20240313S222204.827527E223218.277596_scanAz_slow.dat,21.0991
results2403/20240313S223219.235142E224232.687239_scanAz_slow.dat,21.0946
results2403/20240313S224233.646592E225247.093791_scanAz_slow.dat,21.1019
results2403/20240313S225248.055577E225635.573564_scanAz_slow.dat,21.1104
read results2403/20240314_010135_scanAz_slow.txt,0.0132
results2403/20240314S010136.574554E011150.125530_scanAz_slow.dat,21.1099
results2403/20240314S011151.087309E012204.533681_scanAz_slow.dat,21.1079
results2403/20240314S012205.490904E013218.940711_scanAz_slow.dat,21.0756
results2403/20240314S013219.903440E014233.347846_scanAz_slow.dat,21.0857
results2403/20240314S014234.310809E015247.753108_scanAz_slow.dat,21.0676
results2403/20240314S015248.715865E015636.235805_scanAz_slow.dat,21.0994
read results2403/20240314_020135_scanAz_slow.txt,0.0134
results2403/20240314S020136.427834E021149.976745_scanAz_slow.dat,21.0845
results2403/20240314S021150.939475E022204.385063_scanAz_slow.dat,21.1100
results2403/20240314S022205.343146E023219.755465_scanAz_slow.dat,21.1105
results2403/20240314S023220.713441E024234.161829_scanAz_slow.dat,21.0859
results2403/20240314S024235.121145E025248.569157_scanAz_slow.dat,21.0960
results2403/20240314S025249.526368E025636.087842_scanAz_slow.dat,21.1026
read results2403/20240314_030135_scanAz_slow.txt,0.0133
results2403/20240314S030136.231545E031149.779785_scanAz_slow.dat,21.1088
results2403/20240314S031150.743497E032204.192006_scanAz_slow.dat,21.0800
results2403/20240314S032205.149392E033218.597150_scanAz_slow.dat,21.0867
results2403/20240314S033219.559956E034233.007131_scanAz_slow.dat,21.0870
results2403/20240314S034233.965209E035247.410806_scanAz_slow.dat,21.0958
results2403/20240314S035248.374458E035635.894103_scanAz_slow.dat,21.0793
read results2403/20240314_050134_scanAz_slow.txt,0.0133
results2403/20240314S050136.054512E051149.633405_scanAz_slow.dat,21.0867
results2403/20240314S051150.589170E052204.039067_scanAz_slow.dat,21.0755
results2403/20240314S052205.001161E053218.447717_scanAz_slow.dat,21.1069
results2403/20240314S053219.409432E054232.855439_scanAz_slow.dat,21.0993
results2403/20240314S054233.817211E055247.259716_scanAz_slow.dat,21.0876
results2403/20240314S055248.223619E055635.742822_scanAz_slow.dat,21.0991
read results2403/20240314_060134_scanAz_slow.txt,0.0132
results2403/20240314S060135.839348E061149.390976_scanAz_slow.dat,21.0841
results2403/20240314S061150.351922E062203.799796_scanAz_slow.dat,21.0934
results2403/20240314S062204.757069E063218.206482_scanAz_slow.dat,21.1350
results2403/20240314S063219.167849E064232.615957_scanAz_slow.dat,21.0852
results2403/20240314S064233.572434E065247.022652_scanAz_slow.dat,21.1022
results2403/20240314S065247.984776E065635.504538_scanAz_slow.dat,21.1023
read results2403/20240314_070134_scanAz_slow.txt,0.0134
results2403/20240314S070135.694690E071149.247619_scanAz_slow.dat,21.0996
results2403/20240314S071150.203032E072203.650372_scanAz_slow.dat,21.0746
results2403/20240314S072204.612851E073218.058699_scanAz_slow.dat,21.0759
results2403/20240314S073219.021991E074232.470463_scanAz_slow.dat,21.0842
results2403/20240314S074233.427719E075246.877012_scanAz_slow.dat,21.0924
results2403/20240314S075247.832670E075635.355436_scanAz_slow.dat,21.0873
read results2403/20240314_090135_scanAz_slow.txt,0.0089
results2403/20240314S090136.461871E091150.003552_scanAz_slow.dat,21.1052
results2403/20240314S091150.966188E092204.892254_scanAz_slow.dat,21.0922
results2403/20240314S092205.855857E093219.301995_scanAz_slow.dat,21.1045
results2403/20240314S093220.259216E094233.708049_scanAz_slow.dat,21.0975
results2403/20240314S094234.666107E095248.115434_scanAz_slow.dat,21.0846
results2403/20240314S095249.073552E095635.637588_scanAz_slow.dat,21.0808
read results2403/20240314_100135_scanAz_slow.txt,0.0133
results2403/20240314S100136.261946E101149.810158_scanAz_slow.dat,21.2031
results2403/20240314S101150.772540E102204.215312_scanAz_slow.dat,21.0784
results2403/20240314S102205.179790E103218.624758_scanAz_slow.dat,21.0989
results2403/20240314S103219.582294E104233.033499_scanAz_slow.dat,21.0648
results2403/20240314S104233.990304E105247.437027_scanAz_slow.dat,21.0789
results2403/20240314S105248.400874E105635.921633_scanAz_slow.dat,21.0803
read results2403/20240314_110135_scanAz_slow.txt,0.0133
results2403/20240314S110136.113631E111149.663601_scanAz_slow.dat,21.0839
results2403/20240314S111150.621034E112204.071139_scanAz_slow.dat,21.1321
results2403/20240314S112205.027968E113218.476763_scanAz_slow.dat,21.1067
results2403/20240314S113219.434591E114232.881686_scanAz_slow.dat,21.0929
results2403/20240314S114233.846477E115247.293932_scanAz_slow.dat,21.0562
results2403/20240314S115248.252331E115635.771918_scanAz_slow.dat,21.0877
read results2403/20240314_130134_scanAz_slow.txt,0.0133
results2403/20240314S130135.968976E131149.513852_scanAz_slow.dat,21.1002
results2403/20240314S131150.469307E132203.921546_scanAz_slow.dat,21.1048
results2403/20240314S132204.880054E133218.325362_scanAz_slow.dat,21.1134
results2403/20240314S133219.288711E134232.734087_scanAz_slow.dat,21.0605
results2403/20240314S134233.696196E135247.146092_scanAz_slow.dat,21.0514
results2403/20240314S135248.102768E135635.623468_scanAz_slow.dat,21.0671
read results2403/20240314_140134_scanAz_slow.txt,0.0133
results2403/20240314S140135.767190E141149.317786_scanAz_slow.dat,21.1041
results2403/20240314S141150.279660E142203.726225_scanAz_slow.dat,21.0619
results2403/20240314S142204.683375E143218.131800_scanAz_slow.dat,21.1044
results2403/20240314S143219.092355E144232.541784_scanAz_slow.dat,21.0656
results2403/20240314S144233.503423E145246.950148_scanAz_slow.dat,21.0866
results2403/20240314S145247.906504E145635.429975_scanAz_slow.dat,21.1104
read results2403/20240314_150135_scanAz_slow.txt,0.0133
results2403/20240314S150136.582608E151150.129141_scanAz_slow.dat,21.0875
results2403/20240314S151151.090402E152204.539059_scanAz_slow.dat,21.1529
results2403/20240314S152205.501442E153218.946289_scanAz_slow.dat,21.0982
results2403/20240314S153219.908342E154233.355379_scanAz_slow.dat,21.0971
results2403/20240314S154234.311419E155247.759848_scanAz_slow.dat,21.0871
results2403/20240314S155248.721365E155636.242454_scanAz_slow.dat,21.0939
read results2403/20240314_170135_scanAz_slow.txt,0.0054
results2403/20240314S170136.383822E171149.935632_scanAz_slow.dat,21.1019
results2403/20240314S171150.892808E172204.341981_scanAz_slow.dat,21.0884
results2403/20240314S172205.298817E173218.747737_scanAz_slow.dat,21.0696
results2403/20240314S173219.706074E174233.156412_scanAz_slow.dat,21.0971
results2403/20240314S174234.113614E175247.561053_scanAz_slow.dat,21.0974
results2403/20240314S175248.524045E175636.045333_scanAz_slow.dat,21.0744
read results2403/20240314_180135_scanAz_slow.txt,0.0133
results2403/20240314S180136.186750E181149.736186_scanAz_slow.dat,21.1591
results2403/20240314S181150.700044E182204.146108_scanAz_slow.dat,21.0775
results2403/20240314S182205.103687E183218.554873_scanAz_slow.dat,21.0981
results2403/20240314S183219.514809E184232.958869_scanAz_slow.dat,21.0907
results2403/20240314S184233.922662E185247.370675_scanAz_slow.dat,21.1181
results2403/20240314S185248.328161E185635.850698_scanAz_slow.dat,21.0800
read results2403/20240314_190134_scanAz_slow.txt,0.0133
results2403/20240314S190135.993250E191149.543668_scanAz_slow.dat,21.0783
results2403/20240314S191150.505471E192203.952574_scanAz_slow.dat,21.0836
results2403/20240314S192204.910441E193218.359822_scanAz_slow.dat,21.1007
results2403/20240314S193219.318350E194232.764301_scanAz_slow.dat,21.1094
results2403/20240314S194233.727300E195247.172343_scanAz_slow.dat,21.0878
results2403/20240314S195248.135393E195635.654210_scanAz_slow.dat,21.0765
read results2403/20240314_210134_scanAz_slow.txt,0.0132
results2403/20240314S210135.759880E211149.295779_scanAz_slow.dat,21.1008
results2403/20240314S211150.257073E212203.704696_scanAz_slow.dat,21.0797
results2403/20240314S212204.661678E213218.113635_scanAz_slow.dat,21.1050
results2403/20240314S213219.072145E214232.520763_scanAz_slow.dat,21.1114
results2403/20240314S214233.478052E215246.926987_scanAz_slow.dat,21.0998
results2403/20240314S215247.883841E215635.406922_scanAz_slow.dat,21.2871
read results2403/20240314_220135_scanAz_slow.txt,0.0133
results2403/20240314S220136.566446E221150.110684_scanAz_slow.dat,21.0971
results2403/20240314S221151.071701E222204.516829_scanAz_slow.dat,21.0666
results2403/20240314S222205.478683E223218.921593_scanAz_slow.dat,21.0799
results2403/20240314S223219.886667E224233.328892_scanAz_slow.dat,21.0956
results2403/20240314S224234.291372E225247.739219_scanAz_slow.dat,21.0915
results2403/20240314S225248.701320E225636.219123_scanAz_slow.dat,21.0926
read results2403/20240315_010135_scanAz_slow.txt,0.0133
results2403/20240315S010136.357708E011149.907862_scanAz_slow.dat,21.0838
results2403/20240315S011150.869695E012204.316568_scanAz_slow.dat,21.1028
results2403/20240315S012205.274064E013218.730692_scanAz_slow.dat,21.0938
results2403/20240315S013219.681825E014233.131988_scanAz_slow.dat,21.0970
results2403/20240315S014234.089512E015247.539472_scanAz_slow.dat,21.0964
results2403/20240315S015248.496300E015636.019566_scanAz_slow.dat,21.1372
read results2403/20240315_020135_scanAz_slow.txt,0.0134
results2403/20240315S020136.164048E021149.711231_scanAz_slow.dat,21.0849
results2403/20240315S021150.674731E022204.123529_scanAz_slow.dat,21.0878
results2403/20240315S022205.082342E023218.532001_scanAz_slow.dat,21.0989
results2403/20240315S023219.489477E024232.934575_scanAz_slow.dat,21.0802
results2403/20240315S024233.897864E025247.345876_scanAz_slow.dat,21.0650
results2403/20240315S025248.302832E025635.825826_scanAz_slow.dat,21.1051
read results2403/20240315_030134_scanAz_slow.txt,0.0134
results2403/20240315S030135.972366E031149.519028_scanAz_slow.dat,21.0828
results2403/20240315S031150.481071E032203.924440_scanAz_slow.dat,21.1014
results2403/20240315S032204.888087E033218.332357_scanAz_slow.dat,21.1019
results2403/20240315S033219.295730E034232.743044_scanAz_slow.dat,21.0585
results2403/20240315S034233.699954E035247.148154_scanAz_slow.dat,21.1717
results2403/20240315S035248.111492E035635.630568_scanAz_slow.dat,21.0616
read results2403/20240315_050134_scanAz_slow.txt,0.0088
results2403/20240315S050135.726270E051149.275662_scanAz_slow.dat,21.0924
results2403/20240315S051150.236399E052203.680468_scanAz_slow.dat,21.0562
results2403/20240315S052204.642495E053218.089478_scanAz_slow.dat,21.1063
results2403/20240315S053219.046954E054232.497557_scanAz_slow.dat,21.0665
results2403/20240315S054233.459753E055246.906459_scanAz_slow.dat,21.0731
results2403/20240315S055247.863964E055635.384651_scanAz_slow.dat,21.0763
read results2403/20240315_060135_scanAz_slow.txt,0.0088
results2403/20240315S060136.538531E061150.084333_scanAz_slow.dat,21.0919
results2403/20240315S061151.045288E062204.497143_scanAz_slow.dat,21.1095
results2403/20240315S062205.453171E063218.900235_scanAz_slow.dat,21.0860
results2403/20240315S063219.862698E064233.313320_scanAz_slow.dat,21.0634
results2403/20240315S064234.269076E065247.717676_scanAz_slow.dat,21.0918
results2403/20240315S065248.679465E065636.198985_scanAz_slow.dat,21.0896
read results2403/20240315_070135_scanAz_slow.txt,0.0134
results2403/20240315S070136.344838E071149.893366_scanAz_slow.dat,21.0998
results2403/20240315S071150.855601E072204.303970_scanAz_slow.dat,21.0894
results2403/20240315S072205.260317E073218.710198_scanAz_slow.dat,21.2618
results2403/20240315S073219.672050E074233.119246_scanAz_slow.dat,21.0811
results2403/20240315S074234.075598E075247.523456_scanAz_slow.dat,21.1012
results2403/20240315S075248.486133E075636.006444_scanAz_slow.dat,21.0929
read results2403/20240315_090135_scanAz_slow.txt,0.0134
results2403/20240315S090136.161617E091149.697273_scanAz_slow.dat,21.0638
results2403/20240315S091150.659630E092204.101918_scanAz_slow.dat,21.0937
results2403/20240315S092205.065140E093218.512858_scanAz_slow.dat,21.1146
results2403/20240315S093219.471604E094232.920355_scanAz_slow.dat,21.0840
results2403/20240315S094233.877240E095247.327354_scanAz_slow.dat,21.0520
results2403/20240315S095248.284359E095635.807292_scanAz_slow.dat,21.0797
read results2403/20240315_100134_scanAz_slow.txt,0.0133
results2403/20240315S100135.923246E101149.502454_scanAz_slow.dat,21.0774
results2403/20240315S101150.459765E102203.910797_scanAz_slow.dat,21.0990
results2403/20240315S102204.868610E103218.313625_scanAz_slow.dat,21.0920
results2403/20240315S103219.278150E104232.725967_scanAz_slow.dat,21.0599
results2403/20240315S104233.684373E105247.132000_scanAz_slow.dat,21.0750
results2403/20240315S105248.088909E105635.613113_scanAz_slow.dat,21.0807
read results2403/20240315_110134_scanAz_slow.txt,0.0134
results2403/20240315S110135.754962E111149.307416_scanAz_slow.dat,21.0551
results2403/20240315S111150.264574E112203.714974_scanAz_slow.dat,21.0736
results2403/20240315S112204.671847E113218.122391_scanAz_slow.dat,21.0839
results2403/20240315S113219.079880E114232.526070_scanAz_slow.dat,21.0608
results2403/20240315S114233.489906E115246.935647_scanAz_slow.dat,21.0728
results2403/20240315S115247.893042E115635.417033_scanAz_slow.dat,21.0574
read results2403/20240315_130134_scanAz_slow.txt,0.0055
results2403/20240315S130135.604286E131149.154490_scanAz_slow.dat,21.0799
results2403/20240315S131150.115169E132203.562467_scanAz_slow.dat,21.0587
results2403/20240315S132204.518753E133217.967047_scanAz_slow.dat,21.0939
results2403/20240315S133218.929473E134232.378057_scanAz_slow.dat,21.0619
results2403/20240315S134233.334734E135246.785433_scanAz_slow.dat,21.0720
results2403/20240315S135247.742010E135635.264920_scanAz_slow.dat,21.0609
read results2403/20240315_140135_scanAz_slow.txt,0.0088
results2403/20240315S140136.414767E141149.964735_scanAz_slow.dat,21.0575
results2403/20240315S141150.925666E142204.373078_scanAz_slow.dat,21.0551
results2403/20240315S142205.335254E143218.778387_scanAz_slow.dat,21.1193
results2403/20240315S143219.741008E144233.189456_scanAz_slow.dat,21.0792
results2403/20240315S144234.145261E145247.594455_scanAz_slow.dat,21.0863
results2403/20240315S145248.557462E145636.077570_scanAz_slow.dat,21.0802
read results2403/20240315_150135_scanAz_slow.txt,0.0133
results2403/20240315S150136.268505E151149.819109_scanAz_slow.dat,21.0814
results2403/20240315S151150.775208E152204.227416_scanAz_slow.dat,21.0648
results2403/20240315S152205.183597E153218.631718_scanAz_slow.dat,21.0468
results2403/20240315S153219.594055E154233.042762_scanAz_slow.dat,21.0646
results2403/20240315S154233.998817E155247.450922_scanAz_slow.dat,21.0986
results2403/20240315S155248.407019E155635.929702_scanAz_slow.dat,21.0482
read results2403/20240315_170135_scanAz_slow.txt,0.0133
results2403/20240315S170136.093330E171149.666965_scanAz_slow.dat,21.0844
results2403/20240315S171150.629647E172204.073433_scanAz_slow.dat,21.0859
results2403/20240315S172205.037349E173218.481399_scanAz_slow.dat,21.0819
results2403/20240315S173219.444376E174232.892516_scanAz_slow.dat,21.0787
results2403/20240315S174233.849373E175247.300477_scanAz_slow.dat,21.0839
results2403/20240315S175248.258912E175635.779898_scanAz_slow.dat,21.3006
read results2403/20240315_180134_scanAz_slow.txt,0.0088
results2403/20240315S180135.850978E181149.426593_scanAz_slow.dat,21.0936
results2403/20240315S181150.382901E182203.830992_scanAz_slow.dat,21.0661
results2403/20240315S182204.794577E183218.244646_scanAz_slow.dat,21.0585
results2403/20240315S183219.202136E184232.645466_scanAz_slow.dat,21.1109
results2403/20240315S184233.608181E185247.054364_scanAz_slow.dat,21.0665
results2403/20240315S185248.017634E185635.535385_scanAz_slow.dat,21.0904
read results2403/20240315_190134_scanAz_slow.txt,0.0132
results2403/20240315S190135.642383E191149.180430_scanAz_slow.dat,21.0896
results2403/20240315S191150.142829E192203.590458_scanAz_slow.dat,21.0886
results2403/20240315S192204.549155E193218.000415_scanAz_slow.dat,21.0776
results2403/20240315S193218.958198E194232.405059_scanAz_slow.dat,21.1081
results2403/20240315S194233.361981E195246.814463_scanAz_slow.dat,21.0474
results2403/20240315S195247.772289E195635.292806_scanAz_slow.dat,21.0634
read results2403/20240315_210135_scanAz_slow.txt,0.0133
results2403/20240315S210136.406634E211149.942416_scanAz_slow.dat,21.0688
results2403/20240315S211150.903698E212204.351613_scanAz_slow.dat,21.0609
results2403/20240315S212205.313304E213218.761903_scanAz_slow.dat,21.0901
results2403/20240315S213219.717573E214233.170254_scanAz_slow.dat,21.0888
results2403/20240315S214234.127210E215247.576513_scanAz_slow.dat,21.0884
results2403/20240315S215248.537958E215636.055125_scanAz_slow.dat,21.0821
read results2403/20240315_220135_scanAz_slow.txt,0.0132
results2403/20240315S220136.200581E221149.747426_scanAz_slow.dat,21.0723
results2403/20240315S221150.710796E222204.155045_scanAz_slow.dat,21.0808
results2403/20240315S222205.118383E223218.566673_scanAz_slow.dat,21.0935
results2403/20240315S223219.522644E224232.970023_scanAz_slow.dat,21.0654
results2403/20240315S224233.932472E225247.382489_scanAz_slow.dat,21.0708
results2403/20240315S225248.339100E225635.860163_scanAz_slow.dat,21.0653
read results2403/20240316_010134_scanAz_slow.txt,0.0132
results2403/20240316S010135.806551E011149.356491_scanAz_slow.dat,21.0945
results2403/20240316S011150.313123E012203.759897_scanAz_slow.dat,21.0745
results2403/20240316S012204.724076E013218.172886_scanAz_slow.dat,21.0973
results2403/20240316S013219.130422E014232.574625_scanAz_slow.dat,21.0670
results2403/20240316S014233.537969E015246.986197_scanAz_slow.dat,21.0814
results2403/20240316S015247.942990E015635.464913_scanAz_slow.dat,21.0776
read results2403/20240316_020134_scanAz_slow.txt,0.0133
results2403/20240316S020135.610909E021149.160775_scanAz_slow.dat,21.0966
results2403/20240316S021150.117392E022203.565414_scanAz_slow.dat,21.0871
results2403/20240316S022204.529309E023217.980996_scanAz_slow.dat,21.0732
results2403/20240316S023218.932080E024232.379866_scanAz_slow.dat,21.0664
results2403/20240316S024233.340363E025246.787555_scanAz_slow.dat,21.0849
results2403/20240316S025247.750342E025635.270664_scanAz_slow.dat,21.0923
read results2403/20240316_030135_scanAz_slow.txt,0.0133
results2403/20240316S030136.420741E031149.969369_scanAz_slow.dat,21.0756
results2403/20240316S031150.931797E032204.379763_scanAz_slow.dat,21.0852
results2403/20240316S032205.336929E033218.783372_scanAz_slow.dat,21.0862
results2403/20240316S033219.748248E034233.192314_scanAz_slow.dat,21.1010
results2403/20240316S034234.156239E035247.603672_scanAz_slow.dat,21.0714
results2403/20240316S035248.561366E035636.083820_scanAz_slow.dat,21.0974
read results2403/20240316_050135_scanAz_slow.txt,0.0082
results2403/20240316S050136.270491E051149.822233_scanAz_slow.dat,21.0691
results2403/20240316S051150.778634E052204.225937_scanAz_slow.dat,21.0501
results2403/20240316S052205.188078E053218.637908_scanAz_slow.dat,21.0777
results2403/20240316S053219.594188E054233.044416_scanAz_slow.dat,21.0787
results2403/20240316S054234.000436E055247.450899_scanAz_slow.dat,21.1219
results2403/20240316S055248.412663E055635.930888_scanAz_slow.dat,21.0770
read results2403/20240316_060135_scanAz_slow.txt,0.0054
results2403/20240316S060136.074004E061149.626213_scanAz_slow.dat,21.0996
results2403/20240316S061150.582076E062204.028895_scanAz_slow.dat,21.0828
results2403/20240316S062204.991324E063218.440611_scanAz_slow.dat,21.0931
results2403/20240316S063219.401969E064232.848044_scanAz_slow.dat,21.0744
results2403/20240316S064233.803875E065247.256249_scanAz_slow.dat,21.2471
results2403/20240316S065248.212466E065635.734569_scanAz_slow.dat,21.0856
read results2403/20240316_070134_scanAz_slow.txt,0.0088
results2403/20240316S070135.883177E071149.430786_scanAz_slow.dat,21.0761
results2403/20240316S071150.385936E072203.836377_scanAz_slow.dat,21.0934
results2403/20240316S072204.798408E073218.240404_scanAz_slow.dat,21.0514
results2403/20240316S073219.202392E074232.653050_scanAz_slow.dat,21.0658
results2403/20240316S074233.609354E075247.058157_scanAz_slow.dat,21.0709
results2403/20240316S075248.015089E075635.538151_scanAz_slow.dat,21.0503
read results2403/20240316_090134_scanAz_slow.txt,0.0134
results2403/20240316S090135.698343E091149.275712_scanAz_slow.dat,21.0778
results2403/20240316S091150.237797E092203.680739_scanAz_slow.dat,21.0803
results2403/20240316S092204.645728E093218.091732_scanAz_slow.dat,21.0701
results2403/20240316S093219.048864E094232.500366_scanAz_slow.dat,21.0546
results2403/20240316S094233.457481E095246.904195_scanAz_slow.dat,21.0619
results2403/20240316S095247.867738E095635.385964_scanAz_slow.dat,21.0655
read results2403/20240316_100135_scanAz_slow.txt,0.0054
results2403/20240316S100136.490107E101150.039383_scanAz_slow.dat,21.0960
results2403/20240316S101151.001363E102204.451664_scanAz_slow.dat,21.0875
results2403/20240316S102205.409588E103218.858489_scanAz_slow.dat,21.0887
results2403/20240316S103219.818089E104233.265528_scanAz_slow.dat,21.1054
results2403/20240316S104234.223352E105247.668514_scanAz_slow.dat,21.0747
results2403/20240316S105248.633000E105636.153235_scanAz_slow.dat,21.0862
read results2403/20240316_110135_scanAz_slow.txt,0.0134
results2403/20240316S110136.294455E111149.842211_scanAz_slow.dat,21.0866
results2403/20240316S111150.804882E112204.254995_scanAz_slow.dat,21.0655
results2403/20240316S112205.214281E113218.661981_scanAz_slow.dat,21.0579
results2403/20240316S113219.619209E114233.065929_scanAz_slow.dat,21.0801
results2403/20240316S114234.024382E115247.475334_scanAz_slow.dat,21.0904
results2403/20240316S115248.432265E115635.954666_scanAz_slow.dat,21.0829
read results2403/20240316_130135_scanAz_slow.txt,0.0054
results2403/20240316S130136.102568E131149.644859_scanAz_slow.dat,21.0799
results2403/20240316S131150.606108E132204.049592_scanAz_slow.dat,21.0697
results2403/20240316S132205.012312E133218.458029_scanAz_slow.dat,21.1105
results2403/20240316S133219.420719E134232.864712_scanAz_slow.dat,21.0818
results2403/20240316S134233.827347E135247.274698_scanAz_slow.dat,21.0476
results2403/20240316S135248.236153E135635.756128_scanAz_slow.dat,21.0683
read results2403/20240316_140134_scanAz_slow.txt,0.0133
results2403/20240316S140135.945961E141149.498337_scanAz_slow.dat,21.0697
results2403/20240316S141150.453782E142203.906529_scanAz_slow.dat,21.0689
results2403/20240316S142204.864089E143218.310838_scanAz_slow.dat,21.0764
results2403/20240316S143219.273124E144232.721399_scanAz_slow.dat,21.0909
results2403/20240316S144233.678397E145247.126847_scanAz_slow.dat,21.0817
results2403/20240316S145248.088609E145635.606959_scanAz_slow.dat,21.0835
read results2403/20240316_150134_scanAz_slow.txt,0.0134
results2403/20240316S150135.797243E151149.348288_scanAz_slow.dat,21.0557
results2403/20240316S151150.309535E152203.755234_scanAz_slow.dat,21.0895
results2403/20240316S152204.717674E153218.164993_scanAz_slow.dat,21.0487
results2403/20240316S153219.122753E154232.569619_scanAz_slow.dat,21.0764
results2403/20240316S154233.532065E155246.979898_scanAz_slow.dat,21.0857
results2403/20240316S155247.936680E155635.458107_scanAz_slow.dat,21.0664
read results2403/20240316_170134_scanAz_slow.txt,0.0133
results2403/20240316S170135.565674E171149.096817_scanAz_slow.dat,21.0691
results2403/20240316S171150.060076E172203.507870_scanAz_slow.dat,21.0903
results2403/20240316S172204.465044E173217.916833_scanAz_slow.dat,21.0743
results2403/20240316S173218.875594E174232.320209_scanAz_slow.dat,21.0896
results2403/20240316S174233.283135E175246.729094_scanAz_slow.dat,21.0864
results2403/20240316S175247.692093E175635.209941_scanAz_slow.dat,21.0827
read results2403/20240316_180135_scanAz_slow.txt,0.0135
results2403/20240316S180136.362158E181149.914058_scanAz_slow.dat,21.0708
results2403/20240316S181150.870720E182204.318560_scanAz_slow.dat,21.0498
results2403/20240316S182205.281549E183218.727982_scanAz_slow.dat,21.0795
results2403/20240316S183219.684897E184233.136215_scanAz_slow.dat,21.0542
results2403/20240316S184234.093269E185247.541757_scanAz_slow.dat,21.0996
results2403/20240316S185248.504616E185636.024190_scanAz_slow.dat,21.0882
read results2403/20240316_190135_scanAz_slow.txt,0.0133
results2403/20240316S190136.215183E191149.762969_scanAz_slow.dat,21.0902
results2403/20240316S191150.726318E192204.170408_scanAz_slow.dat,21.0571
results2403/20240316S192205.134223E193218.581477_scanAz_slow.dat,21.0910
results2403/20240316S193219.539081E194232.987859_scanAz_slow.dat,21.0651
results2403/20240316S194233.945330E195247.392782_scanAz_slow.dat,21.0420
results2403/20240316S195248.357577E195635.875569_scanAz_slow.dat,21.0937
read results2403/20240316_210134_scanAz_slow.txt,0.0134
results2403/20240316S210136.040437E211149.613596_scanAz_slow.dat,21.0909
results2403/20240316S211150.575144E212204.019189_scanAz_slow.dat,21.0486
results2403/20240316S212204.981298E213218.430448_scanAz_slow.dat,21.0851
results2403/20240316S213219.391843E214232.838006_scanAz_slow.dat,21.1015
results2403/20240316S214233.799501E215247.244485_scanAz_slow.dat,21.0825
results2403/20240316S215248.206192E215635.725319_scanAz_slow.dat,21.0558
read results2403/20240316_220134_scanAz_slow.txt,0.0134
results2403/20240316S220135.838875E221149.417205_scanAz_slow.dat,21.0818
results2403/20240316S221150.378351E222203.824973_scanAz_slow.dat,21.0837
results2403/20240316S222204.786833E223218.231440_scanAz_slow.dat,21.0907
results2403/20240316S223219.193016E224232.639134_scanAz_slow.dat,21.0809
results2403/20240316S224233.600944E225247.049607_scanAz_slow.dat,21.0850
results2403/20240316S225248.006203E225635.529154_scanAz_slow.dat,21.3151
read results2403/20240317_010135_scanAz_slow.txt,0.0133
results2403/20240317S010136.447603E011149.985130_scanAz_slow.dat,21.0819
results2403/20240317S011150.941773E012204.390329_scanAz_slow.dat,21.0857
results2403/20240317S012205.353296E013218.800309_scanAz_slow.dat,21.0809
results2403/20240317S013219.757812E014233.206078_scanAz_slow.dat,21.0483
results2403/20240317S014234.169100E015247.611681_scanAz_slow.dat,21.0820
results2403/20240317S015248.576061E015636.095901_scanAz_slow.dat,21.1116
read results2403/20240317_020135_scanAz_slow.txt,0.0133
results2403/20240317S020136.239854E021149.790300_scanAz_slow.dat,21.0712
results2403/20240317S021150.746604E022204.199006_scanAz_slow.dat,21.0604
results2403/20240317S022205.158316E023218.605917_scanAz_slow.dat,21.0547
results2403/20240317S023219.563708E024233.013619_scanAz_slow.dat,21.0813
results2403/20240317S024233.970836E025247.417419_scanAz_slow.dat,21.0895
results2403/20240317S025248.380395E025635.899565_scanAz_slow.dat,21.1088
read results2403/20240317_030134_scanAz_slow.txt,0.0133
results2403/20240317S030136.043509E031149.592223_scanAz_slow.dat,21.0920
results2403/20240317S031150.555580E032204.004109_scanAz_slow.dat,21.0854
results2403/20240317S032204.963469E033218.408995_scanAz_slow.dat,21.0910
results2403/20240317S033219.372314E034232.815075_scanAz_slow.dat,21.0910
results2403/20240317S034233.778931E035247.224722_scanAz_slow.dat,21.0842
results2403/20240317S035248.181903E035635.705423_scanAz_slow.dat,21.0848
read results2403/20240317_050134_scanAz_slow.txt,0.0082
results2403/20240317S050135.869321E051149.445457_scanAz_slow.dat,21.0780
results2403/20240317S051150.406447E052203.851557_scanAz_slow.dat,21.0671
results2403/20240317S052204.813285E053218.256804_scanAz_slow.dat,21.0709
results2403/20240317S053219.219773E054232.669890_scanAz_slow.dat,21.0468
results2403/20240317S054233.628632E055247.074383_scanAz_slow.dat,21.0855
results2403/20240317S055248.036084E055635.556334_scanAz_slow.dat,21.0790
read results2403/20240317_060134_scanAz_slow.txt,0.0133
results2403/20240317S060135.650493E061149.200817_scanAz_slow.dat,21.0643
results2403/20240317S061150.162226E062203.608456_scanAz_slow.dat,21.0507
results2403/20240317S062204.570402E063218.014346_scanAz_slow.dat,21.0923
results2403/20240317S063218.977744E064232.423774_scanAz_slow.dat,21.0836
results2403/20240317S064233.385809E065246.832736_scanAz_slow.dat,21.0721
results2403/20240317S065247.794238E065635.311956_scanAz_slow.dat,21.0596
read results2403/20240317_070135_scanAz_slow.txt,0.0133
results2403/20240317S070136.463799E071150.013253_scanAz_slow.dat,21.0699
results2403/20240317S071150.974456E072204.418644_scanAz_slow.dat,21.0720
results2403/20240317S072205.382808E073218.827659_scanAz_slow.dat,21.1480
results2403/20240317S073219.785063E074233.233211_scanAz_slow.dat,21.0963
results2403/20240317S074234.196240E075247.642672_scanAz_slow.dat,21.0536
results2403/20240317S075248.605338E075636.124392_scanAz_slow.dat,21.0582
read results2403/20240317_090135_scanAz_slow.txt,0.0132
results2403/20240317S090136.263587E091149.811055_scanAz_slow.dat,21.0985
results2403/20240317S091150.773398E092204.221633_scanAz_slow.dat,21.0428
results2403/20240317S092205.178513E093218.626198_scanAz_slow.dat,21.0619
results2403/20240317S093219.588810E094233.033933_scanAz_slow.dat,21.0849
results2403/20240317S094233.998077E095247.443623_scanAz_slow.dat,21.0841
results2403/20240317S095248.406583E095635.924677_scanAz_slow.dat,21.0606
read results2403/20240317_100134_scanAz_slow.txt,0.0088
results2403/20240317S100136.069475E101149.616540_scanAz_slow.dat,21.0842
results2403/20240317S101150.578866E102204.024962_scanAz_slow.dat,21.0616
results2403/20240317S102204.988249E103218.433769_scanAz_slow.dat,21.0642
results2403/20240317S103219.391237E104232.838151_scanAz_slow.dat,21.0763
results2403/20240317S104233.800742E105247.249111_scanAz_slow.dat,21.0651
results2403/20240317S105248.206342E105635.730681_scanAz_slow.dat,21.0929
read results2403/20240317_110134_scanAz_slow.txt,0.0133
results2403/20240317S110135.878145E111149.422228_scanAz_slow.dat,21.0788
results2403/20240317S111150.384621E112203.827777_scanAz_slow.dat,21.0840
results2403/20240317S112204.790689E113218.238907_scanAz_slow.dat,21.0930
results2403/20240317S113219.196713E114232.642537_scanAz_slow.dat,21.0857
results2403/20240317S114233.606145E115247.051709_scanAz_slow.dat,21.0747
results2403/20240317S115248.014340E115635.534300_scanAz_slow.dat,21.1895
read results2403/20240317_130134_scanAz_slow.txt,0.0088
results2403/20240317S130135.684613E131149.221263_scanAz_slow.dat,21.0731
results2403/20240317S131150.182789E132203.631578_scanAz_slow.dat,21.0736
results2403/20240317S132204.587770E133218.037792_scanAz_slow.dat,21.1015
results2403/20240317S133218.994022E134232.445004_scanAz_slow.dat,21.0919
results2403/20240317S134233.401348E135246.852333_scanAz_slow.dat,21.0894
results2403/20240317S135247.813657E135635.332262_scanAz_slow.dat,21.0913
read results2403/20240317_140135_scanAz_slow.txt,0.0132
results2403/20240317S140136.484032E141150.033262_scanAz_slow.dat,21.0784
results2403/20240317S141150.994226E142204.438963_scanAz_slow.dat,21.0842
results2403/20240317S142205.400714E143218.850065_scanAz_slow.dat,21.0795
results2403/20240317S143219.806085E144233.257034_scanAz_slow.dat,21.0569
results2403/20240317S144234.213097E145247.661103_scanAz_slow.dat,21.0592
results2403/20240317S145248.622546E145636.144140_scanAz_slow.dat,21.1029
read results2403/20240317_150135_scanAz_slow.txt,0.0134
results2403/20240317S150136.288111E151149.834381_scanAz_slow.dat,21.0693
results2403/20240317S151150.796160E152204.241538_scanAz_slow.dat,21.0830
results2403/20240317S152205.202894E153218.649016_scanAz_slow.dat,21.0841
results2403/20240317S153219.611682E154233.060837_scanAz_slow.dat,21.0564
results2403/20240317S154234.016582E155247.464682_scanAz_slow.dat,21.0949
results2403/20240317S155248.426461E155635.947631_scanAz_slow.dat,21.0640
read results2403/20240317_170134_scanAz_slow.txt,0.0134
results2403/20240317S170136.055996E171149.634973_scanAz_slow.dat,21.1222
results2403/20240317S171150.598292E172204.044135_scanAz_slow.dat,21.0915
results2403/20240317S172205.000946E173218.453116_scanAz_slow.dat,21.0728
results2403/20240317S173219.410323E174232.856176_scanAz_slow.dat,21.0966
results2403/20240317S174233.820621E175247.268009_scanAz_slow.dat,21.0967
results2403/20240317S175248.226045E175635.747628_scanAz_slow.dat,21.0839
read results2403/20240317_180134_scanAz_slow.txt,0.0134
results2403/20240317S180135.841755E181149.391412_scanAz_slow.dat,21.0837
results2403/20240317S181150.354007E182203.800080_scanAz_slow.dat,21.0800
results2403/20240317S182204.756967E183218.216320_scanAz_slow.dat,21.0758
results2403/20240317S183219.168925E184232.617390_scanAz_slow.dat,21.0836
results2403/20240317S184233.574560E185247.022630_scanAz_slow.dat,21.0658
results2403/20240317S185247.980429E185635.502908_scanAz_slow.dat,21.0516
read results2403/20240317_190134_scanAz_slow.txt,0.0134
results2403/20240317S190135.647291E191149.197962_scanAz_slow.dat,21.1107
results2403/20240317S191150.155227E192203.602799_scanAz_slow.dat,21.0721
results2403/20240317S192204.565538E193218.012969_scanAz_slow.dat,21.0930
results2403/20240317S193218.969818E194232.420809_scanAz_slow.dat,21.0954
results2403/20240317S194233.379874E195246.826160_scanAz_slow.dat,21.0651
results2403/20240317S195247.783950E195635.306148_scanAz_slow.dat,21.0906
read results2403/20240317_210135_scanAz_slow.txt,0.0133
results2403/20240317S210136.508393E211150.051081_scanAz_slow.dat,21.0654
results2403/20240317S211151.011746E212204.463021_scanAz_slow.dat,21.0803
results2403/20240317S212205.419875E213218.870218_scanAz_slow.dat,21.0813
results2403/20240317S213219.825851E214233.274303_scanAz_slow.dat,21.0771
results2403/20240317S214234.236398E215247.683607_scanAz_slow.dat,21.0552
results2403/20240317S215248.644972E215636.163907_scanAz_slow.dat,21.0539
read results2403/20240317_220135_scanAz_slow.txt,0.0089
results2403/20240317S220136.309432E221149.855754_scanAz_slow.dat,21.0869
results2403/20240317S221150.817226E222204.264471_scanAz_slow.dat,21.0841
results2403/20240317S222205.226281E223218.672311_scanAz_slow.dat,21.0884
results2403/20240317S223219.635056E224233.078870_scanAz_slow.dat,21.0567
results2403/20240317S224234.042793E225247.489748_scanAz_slow.dat,21.0678
results2403/20240317S225248.451195E225635.969880_scanAz_slow.dat,21.2204
read results2403/20240318_010134_scanAz_slow.txt,0.0088
results2403/20240318S010135.971841E011149.512171_scanAz_slow.dat,21.0749
results2403/20240318S011150.474580E012203.925075_scanAz_slow.dat,21.0923
results2403/20240318S012204.883567E013218.330761_scanAz_slow.dat,21.0649
results2403/20240318S013219.287731E014232.740591_scanAz_slow.dat,21.0866
results2403/20240318S014233.698382E015247.144348_scanAz_slow.dat,21.0985
results2403/20240318S015248.107051E015635.626553_scanAz_slow.dat,21.0708
read results2403/20240318_020134_scanAz_slow.txt,0.0134
results2403/20240318S020135.770432E021149.320268_scanAz_slow.dat,21.1103
results2403/20240318S021150.282686E022203.730615_scanAz_slow.dat,21.1320
results2403/20240318S022204.688743E023218.135478_scanAz_slow.dat,21.0564
results2403/20240318S023219.098731E024232.544316_scanAz_slow.dat,21.0489
results2403/20240318S024233.501703E025246.953588_scanAz_slow.dat,21.0587
results2403/20240318S025247.911939E025635.431918_scanAz_slow.dat,21.0955
read results2403/20240318_030135_scanAz_slow.txt,0.0134
results2403/20240318S030136.583823E031150.136453_scanAz_slow.dat,21.0829
results2403/20240318S031151.093369E032204.541856_scanAz_slow.dat,21.0592
results2403/20240318S032205.499048E033218.949046_scanAz_slow.dat,21.1012
results2403/20240318S033219.911789E034233.358527_scanAz_slow.dat,21.0960
results2403/20240318S034234.315478E035247.765850_scanAz_slow.dat,21.0866
results2403/20240318S035248.722761E035636.247122_scanAz_slow.dat,21.0982
read results2403/20240318_050135_scanAz_slow.txt,0.0132
results2403/20240318S050136.343709E051149.890849_scanAz_slow.dat,21.0753
results2403/20240318S051150.846041E052204.298531_scanAz_slow.dat,21.0705
results2403/20240318S052205.256945E053218.703090_scanAz_slow.dat,21.0867
results2403/20240318S053219.664862E054233.113477_scanAz_slow.dat,21.0904
results2403/20240318S054234.075021E055247.520539_scanAz_slow.dat,21.0834
results2403/20240318S055248.481973E055636.002442_scanAz_slow.dat,21.0696
read results2403/20240318_060135_scanAz_slow.txt,0.0083
results2403/20240318S060136.144575E061149.696874_scanAz_slow.dat,21.0717
results2403/20240318S061150.652676E062204.102800_scanAz_slow.dat,21.0863
results2403/20240318S062205.064299E063218.512543_scanAz_slow.dat,21.0582
results2403/20240318S063219.468746E064232.916610_scanAz_slow.dat,21.0792
results2403/20240318S064233.879404E065247.322949_scanAz_slow.dat,21.0882
results2403/20240318S065248.285431E065635.807945_scanAz_slow.dat,21.0708
read results2403/20240318_070134_scanAz_slow.txt,0.0134
results2403/20240318S070135.958930E071149.499641_scanAz_slow.dat,21.0610
results2403/20240318S071150.460827E072203.908665_scanAz_slow.dat,21.0991
results2403/20240318S072204.870417E073218.316907_scanAz_slow.dat,21.0903
results2403/20240318S073219.273173E074232.721692_scanAz_slow.dat,21.0646
results2403/20240318S074233.685372E075247.128606_scanAz_slow.dat,21.0686
results2403/20240318S075248.091024E075635.612278_scanAz_slow.dat,21.0701
read results2403/20240318_090134_scanAz_slow.txt,0.0133
results2403/20240318S090135.754374E091149.305029_scanAz_slow.dat,21.0679
results2403/20240318S091150.262867E092203.714088_scanAz_slow.dat,21.0737
results2403/20240318S092204.671645E093218.119543_scanAz_slow.dat,21.0946
results2403/20240318S093219.076398E094232.527211_scanAz_slow.dat,21.0864
results2403/20240318S094233.484746E095246.934963_scanAz_slow.dat,21.0822
results2403/20240318S095247.891865E095635.416349_scanAz_slow.dat,21.0654
read results2403/20240318_100135_scanAz_slow.txt,0.0133
results2403/20240318S100136.566266E101150.117489_scanAz_slow.dat,21.0727
results2403/20240318S101151.073887E102204.526495_scanAz_slow.dat,21.1036
results2403/20240318S102205.484316E103218.931637_scanAz_slow.dat,21.1193
results2403/20240318S103219.894311E104233.338050_scanAz_slow.dat,21.0965
results2403/20240318S104234.302019E105247.748549_scanAz_slow.dat,21.0625
results2403/20240318S105248.705388E105636.229406_scanAz_slow.dat,21.1005
read results2403/20240318_110135_scanAz_slow.txt,0.0133
results2403/20240318S110136.373463E111149.923731_scanAz_slow.dat,21.0431
results2403/20240318S111150.880020E112204.331356_scanAz_slow.dat,21.0980
results2403/20240318S112205.291283E113218.734390_scanAz_slow.dat,21.0768
results2403/20240318S113219.697036E114233.146530_scanAz_slow.dat,21.0521
results2403/20240318S114234.106458E115247.550941_scanAz_slow.dat,21.0865
results2403/20240318S115248.509674E115636.032331_scanAz_slow.dat,21.0982
read results2403/20240318_130135_scanAz_slow.txt,0.0133
results2403/20240318S130136.136525E131149.673448_scanAz_slow.dat,21.0421
results2403/20240318S131150.634962E132204.085327_scanAz_slow.dat,21.1230
results2403/20240318S132205.043791E133218.492794_scanAz_slow.dat,21.0717
results2403/20240318S133219.448477E134232.899234_scanAz_slow.dat,21.0801
results2403/20240318S134233.855344E135247.304495_scanAz_slow.dat,21.1064
results2403/20240318S135248.266608E135635.786160_scanAz_slow.dat,21.0704
read results2403/20240318_140134_scanAz_slow.txt,0.0133
results2403/20240318S140135.931835E141149.481005_scanAz_slow.dat,21.0432
results2403/20240318S141150.442023E142203.888082_scanAz_slow.dat,21.0989
results2403/20240318S142204.849808E143218.296066_scanAz_slow.dat,21.0675
results2403/20240318S143219.257804E144232.704569_scanAz_slow.dat,21.0919
results2403/20240318S144233.666406E145247.111668_scanAz_slow.dat,21.0833
results2403/20240318S145248.073037E145635.592949_scanAz_slow.dat,21.0613
read results2403/20240318_150134_scanAz_slow.txt,0.0134
results2403/20240318S150135.736862E151149.287977_scanAz_slow.dat,21.0918
results2403/20240318S151150.243735E152203.693373_scanAz_slow.dat,21.0575
results2403/20240318S152204.655828E153218.106066_scanAz_slow.dat,21.0838
results2403/20240318S153219.063343E154232.510682_scanAz_slow.dat,21.0897
results2403/20240318S154233.468325E155246.918148_scanAz_slow.dat,21.0749
results2403/20240318S155247.874154E155635.397951_scanAz_slow.dat,21.0937
read results2403/20240318_170135_scanAz_slow.txt,0.0134
results2403/20240318S170136.545701E171150.097330_scanAz_slow.dat,21.0640
results2403/20240318S171151.053360E172204.501174_scanAz_slow.dat,21.1108
results2403/20240318S172205.465023E173218.913947_scanAz_slow.dat,21.0645
results2403/20240318S173219.872965E174233.320559_scanAz_slow.dat,21.0526
results2403/20240318S174234.277433E175247.726993_scanAz_slow.dat,21.1080
results2403/20240318S175248.684515E175636.207688_scanAz_slow.dat,21.0888
read results2403/20240318_180135_scanAz_slow.txt,0.0133
results2403/20240318S180136.352749E181149.900976_scanAz_slow.dat,21.0512
results2403/20240318S181150.863056E182204.306856_scanAz_slow.dat,21.0591
results2403/20240318S182205.270736E183218.718474_scanAz_slow.dat,21.0993
results2403/20240318S183219.675691E184233.124421_scanAz_slow.dat,21.0856
results2403/20240318S184234.087493E185247.534758_scanAz_slow.dat,21.0850
results2403/20240318S185248.494104E185636.014288_scanAz_slow.dat,21.0843
read results2403/20240318_190135_scanAz_slow.txt,0.0133
results2403/20240318S190136.155929E191149.708055_scanAz_slow.dat,21.0976
results2403/20240318S191150.664014E192204.112583_scanAz_slow.dat,21.0698
results2403/20240318S192205.075927E193218.527568_scanAz_slow.dat,21.1781
results2403/20240318S193219.483183E194232.927722_scanAz_slow.dat,21.0907
results2403/20240318S194233.891625E195247.338318_scanAz_slow.dat,21.0911
results2403/20240318S195248.295150E195635.818021_scanAz_slow.dat,21.0949
read results2403/20240318_210134_scanAz_slow.txt,0.0133
results2403/20240318S210135.962660E211149.505540_scanAz_slow.dat,21.0634
results2403/20240318S211150.467521E212203.911389_scanAz_slow.dat,21.0589
results2403/20240318S212204.873081E213218.328713_scanAz_slow.dat,21.1134
results2403/20240318S213219.284391E214232.731340_scanAz_slow.dat,21.0805
results2403/20240318S214233.688003E215247.140081_scanAz_slow.dat,21.1008
results2403/20240318S215248.097022E215635.619615_scanAz_slow.dat,21.0800
read results2403/20240318_220134_scanAz_slow.txt,0.0135
results2403/20240318S220135.729525E221149.313714_scanAz_slow.dat,21.0945
results2403/20240318S221150.274700E222203.720090_scanAz_slow.dat,21.0890
results2403/20240318S222204.682737E223218.127641_scanAz_slow.dat,21.0799
results2403/20240318S223219.089383E224232.533567_scanAz_slow.dat,21.0785
results2403/20240318S224233.495448E225246.941495_scanAz_slow.dat,21.0972
results2403/20240318S225247.904325E225635.425331_scanAz_slow.dat,21.0766
read results2403/20240319_010135_scanAz_slow.txt,0.0133
results2403/20240319S010136.376668E011149.929120_scanAz_slow.dat,21.0564
results2403/20240319S011150.885100E012204.335120_scanAz_slow.dat,21.0807
results2403/20240319S012205.298243E013218.744230_scanAz_slow.dat,21.0848
results2403/20240319S013219.701129E014233.150085_scanAz_slow.dat,21.1078
results2403/20240319S014234.113347E015247.560376_scanAz_slow.dat,21.0705
results2403/20240319S015248.517288E015636.041150_scanAz_slow.dat,21.0850
read results2403/20240319_020135_scanAz_slow.txt,0.0083
results2403/20240319S020136.157837E021149.736029_scanAz_slow.dat,21.0608
results2403/20240319S021150.692224E022204.140980_scanAz_slow.dat,21.0868
results2403/20240319S022205.104236E023218.553510_scanAz_slow.dat,21.0854
results2403/20240319S023219.511727E024232.959034_scanAz_slow.dat,21.0664
results2403/20240319S024233.915948E025247.363419_scanAz_slow.dat,21.0630
results2403/20240319S025248.327595E025635.847606_scanAz_slow.dat,21.1037
read results2403/20240319_030134_scanAz_slow.txt,0.0134
results2403/20240319S030135.943295E031149.489710_scanAz_slow.dat,21.0927
results2403/20240319S031150.453867E032203.899976_scanAz_slow.dat,21.0905
results2403/20240319S032204.857519E033218.310881_scanAz_slow.dat,21.0874
results2403/20240319S033219.269891E034232.719045_scanAz_slow.dat,21.1076
results2403/20240319S034233.677486E035247.121746_scanAz_slow.dat,21.0802
results2403/20240319S035248.085999E035635.605735_scanAz_slow.dat,21.0730
read results2403/20240319_050134_scanAz_slow.txt,0.0055
results2403/20240319S050135.753076E051149.293829_scanAz_slow.dat,21.0990
results2403/20240319S051150.256880E052203.705624_scanAz_slow.dat,21.0948
results2403/20240319S052204.661941E053218.111904_scanAz_slow.dat,21.0752
results2403/20240319S053219.073603E054232.517015_scanAz_slow.dat,21.0929
results2403/20240319S054233.479172E055246.927029_scanAz_slow.dat,21.0982
results2403/20240319S055247.888543E055635.408052_scanAz_slow.dat,21.1037
read results2403/20240319_060135_scanAz_slow.txt,0.0135
results2403/20240319S060136.559625E061150.106448_scanAz_slow.dat,21.1035
results2403/20240319S061151.068070E062204.515741_scanAz_slow.dat,21.0656
results2403/20240319S062205.477906E063218.934382_scanAz_slow.dat,21.2062
results2403/20240319S063219.885019E064233.330374_scanAz_slow.dat,21.1008
results2403/20240319S064234.292780E065247.741995_scanAz_slow.dat,21.0968
results2403/20240319S065248.697924E065636.220949_scanAz_slow.dat,21.0694
read results2403/20240319_070135_scanAz_slow.txt,0.0054
results2403/20240319S070136.364000E071149.915729_scanAz_slow.dat,21.1078
results2403/20240319S071150.876374E072204.324129_scanAz_slow.dat,21.0671
results2403/20240319S072205.280136E073218.731932_scanAz_slow.dat,21.1009
results2403/20240319S073219.687940E074233.136464_scanAz_slow.dat,21.0722
results2403/20240319S074234.095299E075247.546866_scanAz_slow.dat,21.0814
results2403/20240319S075248.503522E075636.026469_scanAz_slow.dat,21.4447
read results2403/20240319_090135_scanAz_slow.txt,0.0133
results2403/20240319S090136.140352E091149.717828_scanAz_slow.dat,21.0928
results2403/20240319S091150.679989E092204.126193_scanAz_slow.dat,21.1007
results2403/20240319S092205.083152E093218.535390_scanAz_slow.dat,21.0690
results2403/20240319S093219.492524E094232.940314_scanAz_slow.dat,21.0632
results2403/20240319S094233.904551E095247.351964_scanAz_slow.dat,21.0681
results2403/20240319S095248.309170E095635.831249_scanAz_slow.dat,21.0867
read results2403/20240319_100134_scanAz_slow.txt,0.0089
results2403/20240319S100135.940946E101149.474364_scanAz_slow.dat,21.1001
results2403/20240319S101150.436837E102203.883064_scanAz_slow.dat,21.1062
results2403/20240319S102204.845748E103218.339878_scanAz_slow.dat,21.0903
results2403/20240319S103219.297316E104232.746408_scanAz_slow.dat,21.0941
results2403/20240319S104233.709461E105247.155679_scanAz_slow.dat,21.0940
results2403/20240319S105248.112574E105635.635511_scanAz_slow.dat,21.0891
read results2403/20240319_110134_scanAz_slow.txt,0.0133
results2403/20240319S110135.735415E111149.280905_scanAz_slow.dat,21.0608
results2403/20240319S111150.243030E112203.690584_scanAz_slow.dat,21.1032
results2403/20240319S112204.648080E113218.094371_scanAz_slow.dat,21.1080
results2403/20240319S113219.057697E114232.504810_scanAz_slow.dat,21.0814
results2403/20240319S114233.467563E115246.912149_scanAz_slow.dat,21.0728
results2403/20240319S115247.874859E115635.394506_scanAz_slow.dat,21.1068
read results2403/20240319_130135_scanAz_slow.txt,0.0134
results2403/20240319S130136.515495E131150.095274_scanAz_slow.dat,21.1457
results2403/20240319S131151.051084E132204.503010_scanAz_slow.dat,21.0965
results2403/20240319S132205.460002E133218.910345_scanAz_slow.dat,21.0888
results2403/20240319S133219.871787E134233.316826_scanAz_slow.dat,21.0708
results2403/20240319S134234.278701E135247.725675_scanAz_slow.dat,21.0685
results2403/20240319S135248.687117E135636.206283_scanAz_slow.dat,21.0806
read results2403/20240319_140135_scanAz_slow.txt,0.0133
results2403/20240319S140136.302400E141149.849215_scanAz_slow.dat,21.1045
results2403/20240319S141150.811128E142204.260380_scanAz_slow.dat,21.0946
results2403/20240319S142205.217351E143218.667967_scanAz_slow.dat,21.0627
results2403/20240319S143219.624058E144233.073914_scanAz_slow.dat,21.0752
results2403/20240319S144234.036683E145247.482816_scanAz_slow.dat,21.0973
results2403/20240319S145248.444256E145635.963889_scanAz_slow.dat,21.0880
read results2403/20240319_150135_scanAz_slow.txt,0.0134
results2403/20240319S150136.108686E151149.658761_scanAz_slow.dat,21.1024
results2403/20240319S151150.619787E152204.066768_scanAz_slow.dat,21.0691
results2403/20240319S152205.023098E153218.471944_scanAz_slow.dat,21.0878
results2403/20240319S153219.434650E154232.880970_scanAz_slow.dat,21.0586
results2403/20240319S154233.843529E155247.286741_scanAz_slow.dat,21.1094
results2403/20240319S155248.248167E155635.770876_scanAz_slow.dat,21.0985
read results2403/20240319_170134_scanAz_slow.txt,0.0132
results2403/20240319S170135.934103E171149.512710_scanAz_slow.dat,21.0603
results2403/20240319S171150.469364E172203.917259_scanAz_slow.dat,21.0586
results2403/20240319S172204.881179E173219.334077_scanAz_slow.dat,21.1074
results2403/20240319S173220.297364E174233.744791_scanAz_slow.dat,21.0889
results2403/20240319S174234.702009E175248.149486_scanAz_slow.dat,21.0973
results2403/20240319S175249.112504E175635.673883_scanAz_slow.dat,21.0728
read results2403/20240319_180134_scanAz_slow.txt,0.0133
results2403/20240319S180135.721453E181149.273196_scanAz_slow.dat,21.0514
results2403/20240319S181150.229222E182203.680875_scanAz_slow.dat,21.0913
results2403/20240319S182204.638913E183218.086823_scanAz_slow.dat,21.0874
results2403/20240319S183219.049460E184232.495430_scanAz_slow.dat,21.1006
results2403/20240319S184233.452601E185247.912677_scanAz_slow.dat,21.0958
results2403/20240319S185248.870248E185635.433552_scanAz_slow.dat,21.0550
read results2403/20240319_190135_scanAz_slow.txt,0.0134
results2403/20240319S190136.510444E191150.087692_scanAz_slow.dat,21.0989
results2403/20240319S191151.044275E192204.495982_scanAz_slow.dat,21.0957
results2403/20240319S192205.456151E193218.903597_scanAz_slow.dat,21.0912
results2403/20240319S193219.861774E194233.311634_scanAz_slow.dat,21.0892
results2403/20240319S194234.269472E195247.720146_scanAz_slow.dat,21.0870
results2403/20240319S195248.679490E195636.199299_scanAz_slow.dat,21.1993
read results2403/20240319_210135_scanAz_slow.txt,0.0054
results2403/20240319S210136.295225E211149.844282_scanAz_slow.dat,21.1110
results2403/20240319S211150.805739E212204.252623_scanAz_slow.dat,21.0853
results2403/20240319S212205.214672E213218.664227_scanAz_slow.dat,21.0916
results2403/20240319S213219.621568E214233.065341_scanAz_slow.dat,21.0955
results2403/20240319S214234.027187E215247.478377_scanAz_slow.dat,21.1030
results2403/20240319S215248.434387E215635.957344_scanAz_slow.dat,21.0867
read results2403/20240319_220135_scanAz_slow.txt,0.0133
results2403/20240319S220136.099520E221149.651103_scanAz_slow.dat,21.1876
results2403/20240319S221150.612706E222204.058325_scanAz_slow.dat,21.0753
results2403/20240319S222205.020417E223218.468175_scanAz_slow.dat,21.0865
results2403/20240319S223219.424386E224232.872529_scanAz_slow.dat,21.0895
results2403/20240319S224233.835871E225247.283871_scanAz_slow.dat,21.0536
results2403/20240319S225248.240438E225635.763138_scanAz_slow.dat,21.0936
read results2403/20240320_010134_scanAz_slow.txt,0.0135
results2403/20240320S010135.806338E011149.358750_scanAz_slow.dat,21.0956
results2403/20240320S011150.315699E012203.811086_scanAz_slow.dat,21.0748
results2403/20240320S012204.770383E013218.218384_scanAz_slow.dat,21.0503
results2403/20240320S013219.178395E014232.630766_scanAz_slow.dat,21.1044
results2403/20240320S014233.587732E015247.034386_scanAz_slow.dat,21.0898
results2403/20240320S015247.997351E015635.518571_scanAz_slow.dat,21.0938
read results2403/20240320_020134_scanAz_slow.txt,0.0054
results2403/20240320S020135.618283E021149.163231_scanAz_slow.dat,21.0669
results2403/20240320S021150.119247E022203.568377_scanAz_slow.dat,21.0503
results2403/20240320S022204.531681E023217.984944_scanAz_slow.dat,21.0861
results2403/20240320S023218.939102E024232.382732_scanAz_slow.dat,21.0539
results2403/20240320S024233.346919E025246.792425_scanAz_slow.dat,21.0668
results2403/20240320S025247.749976E025635.275042_scanAz_slow.dat,21.0657
read results2403/20240320_030135_scanAz_slow.txt,0.0089
results2403/20240320S030136.398721E031149.972775_scanAz_slow.dat,21.0956
results2403/20240320S031150.934646E032204.383656_scanAz_slow.dat,21.0869
results2403/20240320S032205.340828E033218.791983_scanAz_slow.dat,21.0829
results2403/20240320S033219.749155E034233.200453_scanAz_slow.dat,21.0823
results2403/20240320S034234.159474E035247.606523_scanAz_slow.dat,21.0925
results2403/20240320S035248.564333E035636.088979_scanAz_slow.dat,21.0726
read results2403/20240320_050135_scanAz_slow.txt,0.0134
results2403/20240320S050136.160978E051149.728127_scanAz_slow.dat,21.1046
results2403/20240320S051150.689003E052204.140813_scanAz_slow.dat,21.0664
results2403/20240320S052205.098615E053218.544592_scanAz_slow.dat,21.0875
results2403/20240320S053219.506969E054232.953622_scanAz_slow.dat,21.0734
results2403/20240320S054233.916405E055247.361067_scanAz_slow.dat,21.0865
results2403/20240320S055248.322908E055635.844125_scanAz_slow.dat,21.1024
read results2403/20240320_060134_scanAz_slow.txt,0.0139
results2403/20240320S060135.938546E061149.489363_scanAz_slow.dat,21.0868
results2403/20240320S061150.447361E062203.898252_scanAz_slow.dat,21.0967
results2403/20240320S062204.854224E063218.308555_scanAz_slow.dat,21.0933
results2403/20240320S063219.266088E064232.713631_scanAz_slow.dat,21.0906
results2403/20240320S064233.670313E065247.121722_scanAz_slow.dat,21.1042
results2403/20240320S065248.077970E065635.600008_scanAz_slow.dat,21.0528
read results2403/20240320_070134_scanAz_slow.txt,0.0134
results2403/20240320S070135.719131E071149.291967_scanAz_slow.dat,21.0980
results2403/20240320S071150.253805E072203.703607_scanAz_slow.dat,21.0803
results2403/20240320S072204.663609E073218.111361_scanAz_slow.dat,21.0919
results2403/20240320S073219.067815E074232.518227_scanAz_slow.dat,21.0637
results2403/20240320S074233.475630E075246.925152_scanAz_slow.dat,21.0876
results2403/20240320S075247.887412E075635.405859_scanAz_slow.dat,21.0906
read results2403/20240320_090135_scanAz_slow.txt,0.0054
results2403/20240320S090136.514067E091150.057087_scanAz_slow.dat,21.0719
results2403/20240320S091151.019182E092204.467609_scanAz_slow.dat,21.0868
results2403/20240320S092205.425056E093218.870596_scanAz_slow.dat,21.0937
results2403/20240320S093219.833848E094233.281998_scanAz_slow.dat,21.0545
results2403/20240320S094234.240164E095247.691351_scanAz_slow.dat,21.0882
results2403/20240320S095248.649103E095636.170438_scanAz_slow.dat,21.0927
read results2403/20240320_100135_scanAz_slow.txt,0.0134
results2403/20240320S100136.312672E101149.864183_scanAz_slow.dat,21.0740
results2403/20240320S101150.821455E102205.278499_scanAz_slow.dat,21.0956
results2403/20240320S102206.236657E103219.687008_scanAz_slow.dat,21.0905
results2403/20240320S103220.644581E104234.092843_scanAz_slow.dat,21.0975
results2403/20240320S104235.052794E105248.505458_scanAz_slow.dat,21.0558
results2403/20240320S105249.462350E105636.023919_scanAz_slow.dat,21.0774
read results2403/20240320_110135_scanAz_slow.txt,0.0089
results2403/20240320S110136.120008E111149.671078_scanAz_slow.dat,21.0780
results2403/20240320S111150.627592E112204.075798_scanAz_slow.dat,21.0519
results2403/20240320S112205.039451E113218.485188_scanAz_slow.dat,21.0950
results2403/20240320S113219.448184E114232.895915_scanAz_slow.dat,21.0867
results2403/20240320S114233.855037E115247.302211_scanAz_slow.dat,21.0850
results2403/20240320S115248.259183E115635.781839_scanAz_slow.dat,21.0603
read results2403/20240320_130134_scanAz_slow.txt,0.0134
results2403/20240320S130135.922412E131149.470315_scanAz_slow.dat,21.0465
results2403/20240320S131150.431224E132203.876978_scanAz_slow.dat,21.0742
results2403/20240320S132204.839770E133218.288488_scanAz_slow.dat,21.1069
results2403/20240320S133219.244702E134232.696217_scanAz_slow.dat,21.0947
results2403/20240320S134233.652198E135247.099800_scanAz_slow.dat,21.0928
results2403/20240320S135248.062223E135635.583773_scanAz_slow.dat,21.1812
read results2403/20240320_140134_scanAz_slow.txt,0.0134
results2403/20240320S140135.726280E141149.275504_scanAz_slow.dat,21.0564
results2403/20240320S141150.237177E142203.684964_scanAz_slow.dat,21.0890
results2403/20240320S142204.641227E143218.088608_scanAz_slow.dat,21.0823
results2403/20240320S143219.051673E144232.499408_scanAz_slow.dat,21.0802
results2403/20240320S144233.455675E145246.955287_scanAz_slow.dat,21.0713
results2403/20240320S145247.911701E145635.434029_scanAz_slow.dat,21.0805
read results2403/20240320_150135_scanAz_slow.txt,0.0134
results2403/20240320S150136.504640E151150.039839_scanAz_slow.dat,21.0547
results2403/20240320S151151.001993E152204.447347_scanAz_slow.dat,21.0684
results2403/20240320S152205.408743E153218.855831_scanAz_slow.dat,21.1141
results2403/20240320S153219.811649E154233.264404_scanAz_slow.dat,21.1011
results2403/20240320S154234.220131E155247.671878_scanAz_slow.dat,21.0847
results2403/20240320S155248.629222E155636.151932_scanAz_slow.dat,21.0811
read results2403/20240320_170135_scanAz_slow.txt,0.0135
results2403/20240320S170136.243631E171149.794609_scanAz_slow.dat,21.0816
results2403/20240320S171150.751231E172204.202286_scanAz_slow.dat,21.0882
results2403/20240320S172205.161561E173218.611323_scanAz_slow.dat,21.0455
results2403/20240320S173219.569153E174233.016595_scanAz_slow.dat,21.0881
results2403/20240320S174233.979213E175247.424392_scanAz_slow.dat,21.0767
results2403/20240320S175248.387098E175635.904887_scanAz_slow.dat,21.0879
read results2403/20240320_180134_scanAz_slow.txt,0.0133
results2403/20240320S180136.050670E181149.600435_scanAz_slow.dat,21.0900
results2403/20240320S181150.557275E182204.007787_scanAz_slow.dat,21.0872
results2403/20240320S182204.966150E183218.415060_scanAz_slow.dat,21.0797
results2403/20240320S183219.372295E184232.818257_scanAz_slow.dat,21.0871
results2403/20240320S184233.783007E185247.229739_scanAz_slow.dat,21.0583
results2403/20240320S185248.186623E185635.709650_scanAz_slow.dat,21.0951
read results2403/20240320_190134_scanAz_slow.txt,0.0133
results2403/20240320S190135.866944E191149.403247_scanAz_slow.dat,21.0868
results2403/20240320S191150.365163E192203.807665_scanAz_slow.dat,21.0846
results2403/20240320S192204.771235E193218.215578_scanAz_slow.dat,21.0784
results2403/20240320S193219.179159E194232.623278_scanAz_slow.dat,21.0925
results2403/20240320S194233.586218E195247.032600_scanAz_slow.dat,21.0873
results2403/20240320S195247.995881E195635.514195_scanAz_slow.dat,21.0717
read results2403/20240320_210134_scanAz_slow.txt,0.0134
results2403/20240320S210135.678535E211149.255504_scanAz_slow.dat,21.0613
results2403/20240320S211150.211209E212203.660703_scanAz_slow.dat,21.0813
results2403/20240320S212204.622818E213218.069364_scanAz_slow.dat,21.0910
results2403/20240320S213219.031101E214232.478822_scanAz_slow.dat,21.0809
results2403/20240320S214233.436343E215246.884814_scanAz_slow.dat,21.0746
results2403/20240320S215247.846640E215635.365584_scanAz_slow.dat,21.1018
read results2403/20240320_220135_scanAz_slow.txt,0.0134
results2403/20240320S220136.444195E221150.020260_scanAz_slow.dat,21.0909
results2403/20240320S221150.980885E222204.426505_scanAz_slow.dat,21.0930
results2403/20240320S222205.388548E223218.836690_scanAz_slow.dat,21.0967
results2403/20240320S223219.793917E224233.240443_scanAz_slow.dat,21.0881
results2403/20240320S224234.202317E225247.649568_scanAz_slow.dat,21.0908
results2403/20240320S225248.611950E225636.131853_scanAz_slow.dat,21.0872
read results2403/20240321_010135_scanAz_slow.txt,0.0133
results2403/20240321S010136.077687E011149.627773_scanAz_slow.dat,21.1163
results2403/20240321S011150.589573E012204.035692_scanAz_slow.dat,21.0949
results2403/20240321S012204.998310E013218.440162_scanAz_slow.dat,21.0526
results2403/20240321S013219.403200E014232.848005_scanAz_slow.dat,21.0778
results2403/20240321S014233.811615E015247.255568_scanAz_slow.dat,21.0815
results2403/20240321S015248.219995E015635.740090_scanAz_slow.dat,21.0386
read results2403/20240321_020134_scanAz_slow.txt,0.0088
results2403/20240321S020135.881766E021149.434071_scanAz_slow.dat,21.0889
results2403/20240321S021150.390780E022203.839984_scanAz_slow.dat,21.0687
results2403/20240321S022204.798039E023218.249141_scanAz_slow.dat,21.0549
results2403/20240321S023219.206028E024232.657031_scanAz_slow.dat,21.0749
results2403/20240321S024233.613855E025247.062525_scanAz_slow.dat,21.0828
results2403/20240321S025248.025158E025635.544990_scanAz_slow.dat,21.0813
read results2403/20240321_030134_scanAz_slow.txt,0.0134
results2403/20240321S030135.688969E031149.235767_scanAz_slow.dat,21.1397
results2403/20240321S031150.198132E032203.646434_scanAz_slow.dat,21.0796
results2403/20240321S032204.603648E033218.050370_scanAz_slow.dat,21.1507
results2403/20240321S033219.014269E034232.458417_scanAz_slow.dat,21.0702
results2403/20240321S034233.422195E035246.870870_scanAz_slow.dat,21.1092
results2403/20240321S035247.828750E035635.349312_scanAz_slow.dat,21.0597
read results2403/20240321_050135_scanAz_slow.txt,0.0133
results2403/20240321S050136.427011E051150.001024_scanAz_slow.dat,21.0923
results2403/20240321S051150.957130E052204.409589_scanAz_slow.dat,21.0788
results2403/20240321S052205.366201E053218.813307_scanAz_slow.dat,21.0564
results2403/20240321S053219.776380E054233.220012_scanAz_slow.dat,21.0535
results2403/20240321S054234.182806E055247.632434_scanAz_slow.dat,21.1092
results2403/20240321S055248.589632E055636.111741_scanAz_slow.dat,21.0642
read results2403/20240321_060135_scanAz_slow.txt,0.0089
results2403/20240321S060136.207770E061149.755710_scanAz_slow.dat,21.0603
results2403/20240321S061150.717818E062204.164462_scanAz_slow.dat,21.0875
results2403/20240321S062205.126560E063218.568553_scanAz_slow.dat,21.0996
results2403/20240321S063219.532816E064232.979962_scanAz_slow.dat,21.1083
results2403/20240321S064233.936218E065247.388521_scanAz_slow.dat,21.0988
results2403/20240321S065248.344222E065635.866899_scanAz_slow.dat,21.1032
read results2403/20240321_070134_scanAz_slow.txt,0.0133
results2403/20240321S070136.010582E071149.562912_scanAz_slow.dat,21.1088
results2403/20240321S071150.520323E072203.970689_scanAz_slow.dat,21.0899
results2403/20240321S072204.926365E073218.374930_scanAz_slow.dat,21.1327
results2403/20240321S073219.337898E074232.785327_scanAz_slow.dat,21.0904
results2403/20240321S074233.747222E075247.193252_scanAz_slow.dat,21.0974
results2403/20240321S075248.154695E075635.672722_scanAz_slow.dat,21.0864
read results2403/20240321_090134_scanAz_slow.txt,0.0133
results2403/20240321S090135.787196E091149.367245_scanAz_slow.dat,21.0986
results2403/20240321S091150.326028E092203.769579_scanAz_slow.dat,21.0927
results2403/20240321S092204.733741E093218.179023_scanAz_slow.dat,21.0790
results2403/20240321S093219.142332E094232.584677_scanAz_slow.dat,21.0680
results2403/20240321S094233.549177E095246.995803_scanAz_slow.dat,21.0549
results2403/20240321S095247.952648E095635.476701_scanAz_slow.dat,21.0821
read results2403/20240321_100135_scanAz_slow.txt,0.0134
results2403/20240321S100136.626995E101150.178267_scanAz_slow.dat,21.0855
results2403/20240321S101151.134278E102204.586986_scanAz_slow.dat,21.0964
results2403/20240321S102205.545340E103218.999743_scanAz_slow.dat,21.0623
results2403/20240321S103219.951512E104233.403102_scanAz_slow.dat,21.0848
results2403/20240321S104234.361808E105247.806546_scanAz_slow.dat,21.0973
results2403/20240321S105248.769522E105636.289217_scanAz_slow.dat,21.2311
read results2403/20240321_110135_scanAz_slow.txt,0.0134
results2403/20240321S110136.431951E111149.978435_scanAz_slow.dat,21.0920
results2403/20240321S111150.942347E112204.390004_scanAz_slow.dat,21.0972
results2403/20240321S112205.346867E113218.797039_scanAz_slow.dat,21.0988
results2403/20240321S113219.753904E114233.205248_scanAz_slow.dat,21.1046
results2403/20240321S114234.162460E115247.613428_scanAz_slow.dat,21.0968
results2403/20240321S115248.570429E115636.090454_scanAz_slow.dat,21.0679
read results2403/20240321_130135_scanAz_slow.txt,0.0054
results2403/20240321S130136.278916E131149.831933_scanAz_slow.dat,21.0954
results2403/20240321S131150.788042E132204.239167_scanAz_slow.dat,21.0829
results2403/20240321S132205.195029E133218.652631_scanAz_slow.dat,21.0660
results2403/20240321S133219.603216E134233.054574_scanAz_slow.dat,21.1281
results2403/20240321S134234.011176E135247.462632_scanAz_slow.dat,21.0940
results2403/20240321S135248.418955E135635.940851_scanAz_slow.dat,21.0878
read results2403/20240321_140135_scanAz_slow.txt,0.0133
results2403/20240321S140136.083867E141149.684851_scanAz_slow.dat,21.0632
results2403/20240321S141150.640340E142204.088168_scanAz_slow.dat,21.0969
results2403/20240321S142205.051147E143218.496896_scanAz_slow.dat,21.0802
results2403/20240321S143219.458935E144232.905568_scanAz_slow.dat,21.0773
results2403/20240321S144233.868298E145247.314288_scanAz_slow.dat,21.1411
results2403/20240321S145248.271216E145635.794512_scanAz_slow.dat,21.0645
read results2403/20240321_150134_scanAz_slow.txt,0.0083
results2403/20240321S150135.889506E151149.442517_scanAz_slow.dat,21.0891
results2403/20240321S151150.397950E152203.849503_scanAz_slow.dat,21.0838
results2403/20240321S152204.806076E153218.262250_scanAz_slow.dat,21.0949
results2403/20240321S153219.212480E154232.660834_scanAz_slow.dat,21.0991
results2403/20240321S154233.622678E155247.068813_scanAz_slow.dat,21.1031
results2403/20240321S155248.030309E155635.551990_scanAz_slow.dat,21.0909
read results2403/20240321_170134_scanAz_slow.txt,0.0054
results2403/20240321S170135.712895E171149.290773_scanAz_slow.dat,21.0928
results2403/20240321S171150.246814E172203.699188_scanAz_slow.dat,21.0721
results2403/20240321S172204.656349E173218.107246_scanAz_slow.dat,21.0908
results2403/20240321S173219.064163E174232.510012_scanAz_slow.dat,21.0668
results2403/20240321S174233.474827E175246.920639_scanAz_slow.dat,21.0937
results2403/20240321S175247.877831E175635.401973_scanAz_slow.dat,21.0798
read results2403/20240321_180135_scanAz_slow.txt,0.0134
results2403/20240321S180136.503900E181150.054414_scanAz_slow.dat,21.0887
results2403/20240321S181151.017192E182204.460072_scanAz_slow.dat,21.0948
results2403/20240321S182205.424223E183218.871347_scanAz_slow.dat,21.0727
results2403/20240321S183219.828478E184233.279707_scanAz_slow.dat,21.0799
results2403/20240321S184234.236603E185247.683114_scanAz_slow.dat,21.0743
results2403/20240321S185248.647016E185636.166971_scanAz_slow.dat,21.0889
read results2403/20240321_190135_scanAz_slow.txt,0.0134
results2403/20240321S190136.309079E191149.861574_scanAz_slow.dat,21.0928
results2403/20240321S191150.817606E192204.266768_scanAz_slow.dat,21.1021
results2403/20240321S192205.229433E193218.676597_scanAz_slow.dat,21.1030
results2403/20240321S193219.634454E194233.082758_scanAz_slow.dat,21.1015
results2403/20240321S194234.040244E195247.491198_scanAz_slow.dat,21.1006
results2403/20240321S195248.448421E195635.971194_scanAz_slow.dat,21.0961
read results2403/20240321_210135_scanAz_slow.txt,0.0133
results2403/20240321S210136.134306E211149.710787_scanAz_slow.dat,21.0798
results2403/20240321S211150.671424E212204.118522_scanAz_slow.dat,21.1043
results2403/20240321S212205.074522E213218.526292_scanAz_slow.dat,21.0700
results2403/20240321S213219.483086E214232.931766_scanAz_slow.dat,21.0978
results2403/20240321S214233.895523E215247.340917_scanAz_slow.dat,21.0882
results2403/20240321S215248.302692E215635.821596_scanAz_slow.dat,21.1063
read results2403/20240321_220134_scanAz_slow.txt,0.0133
results2403/20240321S220135.974524E221149.513774_scanAz_slow.dat,21.0857
results2403/20240321S221150.475075E222203.924039_scanAz_slow.dat,21.0981
results2403/20240321S222204.881212E223218.337284_scanAz_slow.dat,21.1017
results2403/20240321S223219.287129E224232.735213_scanAz_slow.dat,21.0825
results2403/20240321S224233.697701E225247.146457_scanAz_slow.dat,21.2182
results2403/20240321S225248.103384E225635.626846_scanAz_slow.dat,21.0841
read results2403/20240322_010134_scanAz_slow.txt,0.0133
results2403/20240322S010135.624001E011149.173337_scanAz_slow.dat,21.0877
results2403/20240322S011150.130870E012203.581803_scanAz_slow.dat,21.1013
results2403/20240322S012204.539907E013217.987748_scanAz_slow.dat,21.0680
results2403/20240322S013218.950433E014232.395566_scanAz_slow.dat,21.0934
results2403/20240322S014233.352394E015246.800044_scanAz_slow.dat,21.1069
results2403/20240322S015247.763387E015635.283094_scanAz_slow.dat,21.0955
read results2403/20240322_020135_scanAz_slow.txt,0.0134
results2403/20240322S020136.435840E021149.987126_scanAz_slow.dat,21.0891
results2403/20240322S021150.944053E022204.393723_scanAz_slow.dat,21.0935
results2403/20240322S022205.350597E023218.800511_scanAz_slow.dat,21.0867
results2403/20240322S023219.763218E024233.212681_scanAz_slow.dat,21.0695
results2403/20240322S024234.171419E025247.616156_scanAz_slow.dat,21.0587
results2403/20240322S025248.575099E025636.099838_scanAz_slow.dat,21.1121
read results2403/20240322_030135_scanAz_slow.txt,0.0133
results2403/20240322S030136.242728E031149.795121_scanAz_slow.dat,21.1744
results2403/20240322S031150.752972E032204.201715_scanAz_slow.dat,21.0882
results2403/20240322S032205.158861E033218.616762_scanAz_slow.dat,21.1860
results2403/20240322S033219.569159E034233.017389_scanAz_slow.dat,21.0730
results2403/20240322S034233.977044E035247.426666_scanAz_slow.dat,21.1086
results2403/20240322S035248.384477E035635.905659_scanAz_slow.dat,21.0982
read results2403/20240322_050135_scanAz_slow.txt,0.0134
results2403/20240322S050136.072083E051149.643953_scanAz_slow.dat,21.0753
results2403/20240322S051150.606151E052204.053152_scanAz_slow.dat,21.1099
results2403/20240322S052205.009719E053218.461613_scanAz_slow.dat,21.0724
results2403/20240322S053219.423123E054232.869258_scanAz_slow.dat,21.0899
results2403/20240322S054233.824971E055247.275963_scanAz_slow.dat,21.0516
results2403/20240322S055248.237465E055635.755446_scanAz_slow.dat,21.0820
read results2403/20240322_060134_scanAz_slow.txt,0.0134
results2403/20240322S060135.850723E061149.397745_scanAz_slow.dat,21.0920
results2403/20240322S061150.358621E062203.809786_scanAz_slow.dat,21.0656
results2403/20240322S062204.766689E063218.214428_scanAz_slow.dat,21.0928
results2403/20240322S063219.177005E064232.624393_scanAz_slow.dat,21.0932
results2403/20240322S064233.586160E065247.031240_scanAz_slow.dat,21.0933
results2403/20240322S065247.993855E065635.512196_scanAz_slow.dat,21.0851
read results2403/20240322_070134_scanAz_slow.txt,0.0135
results2403/20240322S070135.703566E071149.254409_scanAz_slow.dat,21.0817
results2403/20240322S071150.210821E072203.658360_scanAz_slow.dat,21.0875
results2403/20240322S072204.621457E073218.069845_scanAz_slow.dat,21.0800
results2403/20240322S073219.025544E074232.475644_scanAz_slow.dat,21.0752
results2403/20240322S074233.438434E075246.885102_scanAz_slow.dat,21.0905
results2403/20240322S075247.840808E075635.363976_scanAz_slow.dat,21.0534
read results2403/20240322_090135_scanAz_slow.txt,0.0133
results2403/20240322S090136.561232E091150.111830_scanAz_slow.dat,21.0527
results2403/20240322S091151.069298E092204.520133_scanAz_slow.dat,21.0851
results2403/20240322S092205.477908E093218.934457_scanAz_slow.dat,21.0531
results2403/20240322S093219.887474E094233.335431_scanAz_slow.dat,21.0665
results2403/20240322S094234.292271E095247.738359_scanAz_slow.dat,21.0982
results2403/20240322S095248.701942E095636.222728_scanAz_slow.dat,21.0596
read results2403/20240322_100135_scanAz_slow.txt,0.0134
results2403/20240322S100136.365725E101149.914759_scanAz_slow.dat,21.0690
results2403/20240322S101150.876817E102204.324200_scanAz_slow.dat,21.0922
results2403/20240322S102205.282357E103218.729910_scanAz_slow.dat,21.0905
results2403/20240322S103219.692931E104233.140354_scanAz_slow.dat,21.0964
results2403/20240322S104234.099700E105247.544329_scanAz_slow.dat,21.0861
results2403/20240322S105248.507985E105636.027240_scanAz_slow.dat,21.0840
read results2403/20240322_110135_scanAz_slow.txt,0.0134
results2403/20240322S110136.169612E111149.719715_scanAz_slow.dat,21.0839
results2403/20240322S111150.681775E112204.129096_scanAz_slow.dat,21.0732
results2403/20240322S112205.085958E113218.533679_scanAz_slow.dat,21.0809
results2403/20240322S113219.497571E114232.941627_scanAz_slow.dat,21.0773
results2403/20240322S114233.905803E115247.350835_scanAz_slow.dat,21.0854
results2403/20240322S115248.308376E115635.832806_scanAz_slow.dat,21.0820
read results2403/20240322_130134_scanAz_slow.txt,0.0089
results2403/20240322S130136.021383E131149.573247_scanAz_slow.dat,21.0711
results2403/20240322S131150.528396E132203.976645_scanAz_slow.dat,21.0857
results2403/20240322S132204.938102E133218.384343_scanAz_slow.dat,21.0549
results2403/20240322S133219.347640E134232.796945_scanAz_slow.dat,21.0449
results2403/20240322S134233.752971E135247.204115_scanAz_slow.dat,21.0880
results2403/20240322S135248.160180E135635.683880_scanAz_slow.dat,21.0716
read results2403/20240322_140134_scanAz_slow.txt,0.0134
results2403/20240322S140135.827525E141149.374792_scanAz_slow.dat,21.0683
results2403/20240322S141150.335972E142203.785627_scanAz_slow.dat,21.0847
results2403/20240322S142204.747607E143218.197373_scanAz_slow.dat,21.0405
results2403/20240322S143219.154300E144232.599231_scanAz_slow.dat,21.0828
results2403/20240322S144233.561946E145247.006951_scanAz_slow.dat,21.0835
results2403/20240322S145247.969365E145635.488447_scanAz_slow.dat,21.0867
read results2403/20240322_150134_scanAz_slow.txt,0.0133
results2403/20240322S150135.632081E151149.230264_scanAz_slow.dat,21.0546
results2403/20240322S151150.187564E152203.635578_scanAz_slow.dat,21.0868
results2403/20240322S152204.599184E153218.051927_scanAz_slow.dat,21.0463
results2403/20240322S153219.002662E154232.455415_scanAz_slow.dat,21.0655
results2403/20240322S154233.411550E155246.863198_scanAz_slow.dat,21.0978
results2403/20240322S155247.819570E155635.342301_scanAz_slow.dat,21.0878
read results2403/20240322_170135_scanAz_slow.txt,0.0089
results2403/20240322S170136.464248E171150.041775_scanAz_slow.dat,21.0755
results2403/20240322S171150.998101E172204.449787_scanAz_slow.dat,21.0593
results2403/20240322S172205.407669E173218.856217_scanAz_slow.dat,21.0999
results2403/20240322S173219.813409E174233.261348_scanAz_slow.dat,21.0766
results2403/20240322S174234.224310E175247.672548_scanAz_slow.dat,21.0927
results2403/20240322S175248.629451E175636.152587_scanAz_slow.dat,21.0964
read results2403/20240322_180135_scanAz_slow.txt,0.0134
results2403/20240322S180136.204212E181149.752701_scanAz_slow.dat,21.0863
results2403/20240322S181150.708948E182204.156572_scanAz_slow.dat,21.0472
results2403/20240322S182205.119603E183218.568547_scanAz_slow.dat,21.0705
results2403/20240322S183219.526396E184232.974215_scanAz_slow.dat,21.0962
results2403/20240322S184233.931070E185247.378249_scanAz_slow.dat,21.1040
results2403/20240322S185248.341516E185635.862024_scanAz_slow.dat,21.0732
read results2403/20240322_190134_scanAz_slow.txt,0.0134
results2403/20240322S190136.005868E191149.602947_scanAz_slow.dat,21.0845
results2403/20240322S191150.565628E192204.011236_scanAz_slow.dat,21.0727
results2403/20240322S192204.969610E193218.417400_scanAz_slow.dat,21.0775
results2403/20240322S193219.377058E194232.825961_scanAz_slow.dat,21.0424
results2403/20240322S194233.784973E195247.233539_scanAz_slow.dat,21.0846
results2403/20240322S195248.197151E195635.717348_scanAz_slow.dat,21.0794
read results2403/20240322_210134_scanAz_slow.txt,0.0134
results2403/20240322S210135.856549E211149.453173_scanAz_slow.dat,21.0863
results2403/20240322S211150.413846E212203.862858_scanAz_slow.dat,21.0393
results2403/20240322S212204.825893E213218.271882_scanAz_slow.dat,21.1163
results2403/20240322S213219.228728E214232.676622_scanAz_slow.dat,21.0920
results2403/20240322S214233.639470E215247.086672_scanAz_slow.dat,21.1012
results2403/20240322S215248.044291E215635.567790_scanAz_slow.dat,21.0892
read results2403/20240322_220134_scanAz_slow.txt,0.0089
results2403/20240322S220135.663481E221149.214318_scanAz_slow.dat,21.1002
results2403/20240322S221150.175435E222203.623085_scanAz_slow.dat,21.0804
results2403/20240322S222204.579081E223218.028555_scanAz_slow.dat,21.0829
results2403/20240322S223218.989979E224232.438282_scanAz_slow.dat,21.0825
results2403/20240322S224233.395194E225246.845911_scanAz_slow.dat,21.0861
results2403/20240322S225247.802712E225635.324734_scanAz_slow.dat,21.0656
read results2403/20240323_010135_scanAz_slow.txt,0.0133
results2403/20240323S010136.423216E011149.972511_scanAz_slow.dat,21.0746
results2403/20240323S011150.934897E012204.383150_scanAz_slow.dat,21.0629
results2403/20240323S012205.340575E013218.786424_scanAz_slow.dat,21.0845
results2403/20240323S013219.750019E014233.197130_scanAz_slow.dat,21.0442
results2403/20240323S014234.155224E015247.600295_scanAz_slow.dat,21.0877
results2403/20240323S015248.563596E015636.084363_scanAz_slow.dat,21.0943
read results2403/20240323_020135_scanAz_slow.txt,0.0137
results2403/20240323S020136.226567E021149.779212_scanAz_slow.dat,21.0736
results2403/20240323S021150.735833E022204.186569_scanAz_slow.dat,21.0604
results2403/20240323S022205.144050E023218.591076_scanAz_slow.dat,21.0797
results2403/20240323S023219.549474E024233.000889_scanAz_slow.dat,21.0865
results2403/20240323S024233.958105E025247.409984_scanAz_slow.dat,21.0547
results2403/20240323S025248.367174E025635.889835_scanAz_slow.dat,21.0946
read results2403/20240323_030134_scanAz_slow.txt,0.0132
results2403/20240323S030136.044234E031149.582664_scanAz_slow.dat,21.0755
results2403/20240323S031150.545034E032203.991658_scanAz_slow.dat,21.0720
results2403/20240323S032204.948526E033218.400388_scanAz_slow.dat,21.1098
results2403/20240323S033219.359080E034232.808009_scanAz_slow.dat,21.0434
results2403/20240323S034233.764920E035247.216328_scanAz_slow.dat,21.0968
results2403/20240323S035248.173508E035635.695779_scanAz_slow.dat,21.1731
read results2403/20240323_050134_scanAz_slow.txt,0.0134
results2403/20240323S050135.799696E051149.336375_scanAz_slow.dat,21.0842
results2403/20240323S051150.297653E052203.745900_scanAz_slow.dat,21.0876
results2403/20240323S052204.707408E053218.152183_scanAz_slow.dat,21.0463
results2403/20240323S053219.113917E054232.561125_scanAz_slow.dat,21.0929
results2403/20240323S054233.519730E055246.967155_scanAz_slow.dat,21.0817
results2403/20240323S055247.928558E055635.447937_scanAz_slow.dat,21.0897
read results2403/20240323_060135_scanAz_slow.txt,0.0133
results2403/20240323S060136.575274E061150.151878_scanAz_slow.dat,21.0846
results2403/20240323S061151.107968E062204.557222_scanAz_slow.dat,21.0803
results2403/20240323S062205.519376E063218.965224_scanAz_slow.dat,21.0851
results2403/20240323S063219.926643E064233.369713_scanAz_slow.dat,21.0836
results2403/20240323S064234.333047E065247.782238_scanAz_slow.dat,21.0922
results2403/20240323S065248.741617E065636.261387_scanAz_slow.dat,21.0753
read results2403/20240323_070135_scanAz_slow.txt,0.0134
results2403/20240323S070136.355836E071149.907826_scanAz_slow.dat,21.0886
results2403/20240323S071150.868436E072204.312799_scanAz_slow.dat,21.0877
results2403/20240323S072205.274789E073218.721263_scanAz_slow.dat,21.0907
results2403/20240323S073219.683642E074233.126467_scanAz_slow.dat,21.2586
results2403/20240323S074234.087942E075247.535395_scanAz_slow.dat,21.0809
results2403/20240323S075248.498333E075636.019545_scanAz_slow.dat,21.0829
read results2403/20240323_090135_scanAz_slow.txt,0.0089
results2403/20240323S090136.122255E091149.658119_scanAz_slow.dat,21.0940
results2403/20240323S091150.620822E092204.066309_scanAz_slow.dat,21.0899
results2403/20240323S092205.029583E093218.474501_scanAz_slow.dat,21.0863
results2403/20240323S093219.437472E094232.885115_scanAz_slow.dat,21.0553
results2403/20240323S094233.843218E095247.292157_scanAz_slow.dat,21.0853
results2403/20240323S095248.249117E095635.773419_scanAz_slow.dat,21.0923
read results2403/20240323_100134_scanAz_slow.txt,0.0134
results2403/20240323S100135.890048E101149.464136_scanAz_slow.dat,21.0822
results2403/20240323S101150.426752E102203.876470_scanAz_slow.dat,21.0701
results2403/20240323S102204.834314E103218.278986_scanAz_slow.dat,21.0783
results2403/20240323S103219.241986E104232.687928_scanAz_slow.dat,21.0866
results2403/20240323S104233.650954E105247.098871_scanAz_slow.dat,21.0709
results2403/20240323S105248.056076E105635.578304_scanAz_slow.dat,21.0826
read results2403/20240323_110134_scanAz_slow.txt,0.0134
results2403/20240323S110135.673461E111149.225436_scanAz_slow.dat,21.0484
results2403/20240323S111150.182553E112203.628545_scanAz_slow.dat,21.0703
results2403/20240323S112204.592061E113218.042984_scanAz_slow.dat,21.0878
results2403/20240323S113219.000787E114232.447277_scanAz_slow.dat,21.0777
results2403/20240323S114233.404430E115246.854968_scanAz_slow.dat,21.0871
results2403/20240323S115247.811840E115635.334614_scanAz_slow.dat,21.0900
read results2403/20240323_130135_scanAz_slow.txt,0.0133
results2403/20240323S130136.483129E131150.032876_scanAz_slow.dat,21.1000
results2403/20240323S131150.993530E132204.438263_scanAz_slow.dat,21.0830
results2403/20240323S132205.400544E133218.846720_scanAz_slow.dat,21.0917
results2403/20240323S133219.809394E134233.254025_scanAz_slow.dat,21.0796
results2403/20240323S134234.216120E135247.664170_scanAz_slow.dat,21.0705
results2403/20240323S135248.625967E135636.144336_scanAz_slow.dat,21.1214
read results2403/20240323_140135_scanAz_slow.txt,0.0133
results2403/20240323S140136.288923E141149.836346_scanAz_slow.dat,21.0704
results2403/20240323S141150.798790E142204.244498_scanAz_slow.dat,21.0829
results2403/20240323S142205.206096E143218.652058_scanAz_slow.dat,21.0657
results2403/20240323S143219.613625E144233.061396_scanAz_slow.dat,21.0575
results2403/20240323S144234.018187E145247.467313_scanAz_slow.dat,21.0789
results2403/20240323S145248.429327E145635.949153_scanAz_slow.dat,21.0637
read results2403/20240323_150135_scanAz_slow.txt,0.0054
results2403/20240323S150136.094285E151149.639699_scanAz_slow.dat,21.1660
results2403/20240323S151150.600595E152204.050830_scanAz_slow.dat,21.0767
results2403/20240323S152205.006827E153218.454601_scanAz_slow.dat,21.0828
results2403/20240323S153219.416333E154232.865779_scanAz_slow.dat,21.0834
results2403/20240323S154233.821563E155247.273360_scanAz_slow.dat,21.0525
results2403/20240323S155248.229631E155635.751807_scanAz_slow.dat,21.0592
read results2403/20240323_170134_scanAz_slow.txt,0.0133
results2403/20240323S170135.913004E171149.489919_scanAz_slow.dat,21.0856
results2403/20240323S171150.452369E172203.897617_scanAz_slow.dat,21.0878
results2403/20240323S172204.860857E173218.307416_scanAz_slow.dat,21.0813
results2403/20240323S173219.264613E174232.714384_scanAz_slow.dat,21.0477
results2403/20240323S174233.671315E175247.122890_scanAz_slow.dat,21.0777
results2403/20240323S175248.080036E175635.602615_scanAz_slow.dat,21.0962
read results2403/20240323_180134_scanAz_slow.txt,0.0133
results2403/20240323S180135.697391E181149.249043_scanAz_slow.dat,21.0937
results2403/20240323S181150.205675E182203.653722_scanAz_slow.dat,21.1481
results2403/20240323S182204.617548E183218.062381_scanAz_slow.dat,21.0826
results2403/20240323S183219.019831E184232.471756_scanAz_slow.dat,21.0772
results2403/20240323S184233.428581E185246.879692_scanAz_slow.dat,21.0641
results2403/20240323S185247.836767E185635.357716_scanAz_slow.dat,21.0961
read results2403/20240323_190135_scanAz_slow.txt,0.0133
results2403/20240323S190136.523084E191150.058354_scanAz_slow.dat,21.0870
results2403/20240323S191151.020997E192204.466321_scanAz_slow.dat,21.0869
results2403/20240323S192205.429869E193218.881567_scanAz_slow.dat,21.0928
results2403/20240323S193219.833010E194233.283853_scanAz_slow.dat,21.0828
results2403/20240323S194234.240789E195247.688760_scanAz_slow.dat,21.0844
results2403/20240323S195248.652612E195636.172036_scanAz_slow.dat,21.0506
read results2403/20240323_210135_scanAz_slow.txt,0.0133
results2403/20240323S210136.359435E211149.911614_scanAz_slow.dat,21.0661
results2403/20240323S211150.867083E212204.318847_scanAz_slow.dat,21.0833
results2403/20240323S212205.277254E213218.724801_scanAz_slow.dat,21.0504
results2403/20240323S213219.686268E214233.132410_scanAz_slow.dat,21.0748
results2403/20240323S214234.094251E215247.541163_scanAz_slow.dat,21.0908
results2403/20240323S215248.497091E215636.019676_scanAz_slow.dat,21.0626
read results2403/20240323_220135_scanAz_slow.txt,0.0133
results2403/20240323S220136.162828E221149.715026_scanAz_slow.dat,21.0993
results2403/20240323S221150.676251E222204.121531_scanAz_slow.dat,21.0568
results2403/20240323S222205.083318E223218.531070_scanAz_slow.dat,21.1008
results2403/20240323S223219.487016E224232.936986_scanAz_slow.dat,21.0781
results2403/20240323S224233.899002E225247.346262_scanAz_slow.dat,21.0606
results2403/20240323S225248.302204E225635.825015_scanAz_slow.dat,21.0502
read results2403/20240324_010134_scanAz_slow.txt,0.0088
results2403/20240324S010135.818601E011149.367819_scanAz_slow.dat,21.0911
results2403/20240324S011150.324649E012203.770694_scanAz_slow.dat,21.0694
results2403/20240324S012204.734294E013218.178316_scanAz_slow.dat,21.0611
results2403/20240324S013219.141846E014232.591171_scanAz_slow.dat,21.0994
results2403/20240324S014233.549276E015246.994300_scanAz_slow.dat,21.0762
results2403/20240324S015247.957227E015635.477965_scanAz_slow.dat,21.0874
read results2403/20240324_020134_scanAz_slow.txt,0.0133
results2403/20240324S020135.618532E021149.171591_scanAz_slow.dat,21.0888
results2403/20240324S021150.127679E022203.579406_scanAz_slow.dat,21.0561
results2403/20240324S022204.536376E023217.985895_scanAz_slow.dat,21.0978
results2403/20240324S023218.943105E024232.391438_scanAz_slow.dat,21.0960
results2403/20240324S024233.354654E025246.800387_scanAz_slow.dat,21.0771
results2403/20240324S025247.763056E025635.281670_scanAz_slow.dat,21.0973
read results2403/20240324_030135_scanAz_slow.txt,0.0132
results2403/20240324S030136.432931E031149.981813_scanAz_slow.dat,21.0938
results2403/20240324S031150.944548E032204.389319_scanAz_slow.dat,21.0926
results2403/20240324S032205.352527E033218.799652_scanAz_slow.dat,21.0853
results2403/20240324S033219.756485E034233.202911_scanAz_slow.dat,21.0557
results2403/20240324S034234.166768E035247.614446_scanAz_slow.dat,21.0588
results2403/20240324S035248.571916E035636.094447_scanAz_slow.dat,21.0828
read results2403/20240324_050135_scanAz_slow.txt,0.0132
results2403/20240324S050136.252705E051149.828363_scanAz_slow.dat,21.0652
results2403/20240324S051150.791738E052204.238280_scanAz_slow.dat,21.0876
results2403/20240324S052205.194547E053218.645734_scanAz_slow.dat,21.0903
results2403/20240324S053219.601748E054233.051350_scanAz_slow.dat,21.0939
results2403/20240324S054234.013583E055247.460168_scanAz_slow.dat,21.0729
results2403/20240324S055248.421885E055635.940262_scanAz_slow.dat,21.1018
read results2403/20240324_060134_scanAz_slow.txt,0.0134
results2403/20240324S060136.035416E061149.587078_scanAz_slow.dat,21.0804
results2403/20240324S061150.542789E062203.992811_scanAz_slow.dat,21.2686
results2403/20240324S062204.955153E063218.397360_scanAz_slow.dat,21.0878
results2403/20240324S063219.360408E064232.807689_scanAz_slow.dat,21.0704
results2403/20240324S064233.770031E065247.216677_scanAz_slow.dat,21.0874
results2403/20240324S065248.178087E065635.697014_scanAz_slow.dat,21.0769
read results2403/20240324_070134_scanAz_slow.txt,0.0088
results2403/20240324S070135.839607E071149.391371_scanAz_slow.dat,21.1591
results2403/20240324S071150.352269E072203.795050_scanAz_slow.dat,21.1865
results2403/20240324S072204.757804E073218.207443_scanAz_slow.dat,21.0805
results2403/20240324S073219.163981E074232.614706_scanAz_slow.dat,21.0739
results2403/20240324S074233.576248E075247.023871_scanAz_slow.dat,21.0875
results2403/20240324S075247.979812E075635.502066_scanAz_slow.dat,21.0985
read results2403/20240324_090134_scanAz_slow.txt,0.0134
results2403/20240324S090135.667505E091149.244585_scanAz_slow.dat,21.0464
results2403/20240324S091150.200668E092203.649962_scanAz_slow.dat,21.0678
results2403/20240324S092204.613253E093218.064321_scanAz_slow.dat,21.0829
results2403/20240324S093219.016071E094232.467775_scanAz_slow.dat,21.0802
results2403/20240324S094233.424721E095246.875980_scanAz_slow.dat,21.0584
results2403/20240324S095247.833172E095635.355730_scanAz_slow.dat,21.0564
read results2403/20240324_100135_scanAz_slow.txt,0.0133
results2403/20240324S100136.458365E101150.009804_scanAz_slow.dat,21.0686
results2403/20240324S101150.965854E102204.418258_scanAz_slow.dat,21.1142
results2403/20240324S102205.375508E103218.824075_scanAz_slow.dat,21.0637
results2403/20240324S103219.786680E104233.229989_scanAz_slow.dat,21.0649
results2403/20240324S104234.194487E105247.640301_scanAz_slow.dat,21.0745
results2403/20240324S105248.597179E105636.120391_scanAz_slow.dat,21.0855
read results2403/20240324_110135_scanAz_slow.txt,0.0133
results2403/20240324S110136.264847E111149.816350_scanAz_slow.dat,21.0824
results2403/20240324S111150.772653E112204.223989_scanAz_slow.dat,21.0915
results2403/20240324S112205.182305E113218.630830_scanAz_slow.dat,21.0936
results2403/20240324S113219.587742E114233.039339_scanAz_slow.dat,21.0994
results2403/20240324S114233.997135E115247.446842_scanAz_slow.dat,21.0622
results2403/20240324S115248.403749E115635.925922_scanAz_slow.dat,21.1001
read results2403/20240324_130135_scanAz_slow.txt,0.0134
results2403/20240324S130136.087208E131149.666469_scanAz_slow.dat,21.0939
results2403/20240324S131150.627438E132204.075298_scanAz_slow.dat,21.0571
results2403/20240324S132205.032495E133218.481680_scanAz_slow.dat,21.0747
results2403/20240324S133219.437460E134232.889539_scanAz_slow.dat,21.0703
results2403/20240324S134233.845536E135247.293957_scanAz_slow.dat,21.0743
results2403/20240324S135248.257244E135635.775217_scanAz_slow.dat,21.1140
read results2403/20240324_140134_scanAz_slow.txt,0.0134
results2403/20240324S140135.871072E141149.422716_scanAz_slow.dat,21.0484
results2403/20240324S141150.378646E142203.828214_scanAz_slow.dat,21.0741
results2403/20240324S142204.790166E143218.238568_scanAz_slow.dat,21.1021
results2403/20240324S143219.194542E144232.641931_scanAz_slow.dat,21.0893
results2403/20240324S144233.603426E145247.052889_scanAz_slow.dat,21.0635
results2403/20240324S145248.014274E145635.531665_scanAz_slow.dat,21.0513
read results2403/20240324_150134_scanAz_slow.txt,0.0134
results2403/20240324S150135.676157E151149.226142_scanAz_slow.dat,21.0964
results2403/20240324S151150.187479E152203.634876_scanAz_slow.dat,21.0753
results2403/20240324S152204.590916E153218.038367_scanAz_slow.dat,21.0750
results2403/20240324S153219.002478E154232.449376_scanAz_slow.dat,21.0738
results2403/20240324S154233.405715E155246.858227_scanAz_slow.dat,21.0632
results2403/20240324S155247.814271E155635.339139_scanAz_slow.dat,21.0721
read results2403/20240324_170135_scanAz_slow.txt,0.0133
results2403/20240324S170136.452513E171149.988626_scanAz_slow.dat,21.0633
results2403/20240324S171150.950437E172204.395702_scanAz_slow.dat,21.0783
results2403/20240324S172205.358616E173218.806151_scanAz_slow.dat,21.0791
results2403/20240324S173219.764616E174233.211378_scanAz_slow.dat,21.0901
results2403/20240324S174234.173939E175247.620478_scanAz_slow.dat,21.0771
results2403/20240324S175248.577370E175636.101544_scanAz_slow.dat,21.0905
read results2403/20240324_180135_scanAz_slow.txt,0.0134
results2403/20240324S180136.250455E181149.795463_scanAz_slow.dat,21.1172
results2403/20240324S181150.751453E182204.200285_scanAz_slow.dat,21.0625
results2403/20240324S182205.158395E183218.610658_scanAz_slow.dat,21.1076
results2403/20240324S183219.567908E184233.018354_scanAz_slow.dat,21.0624
results2403/20240324S184233.978635E185247.424153_scanAz_slow.dat,21.0638
results2403/20240324S185248.386862E185635.904459_scanAz_slow.dat,21.0789
read results2403/20240324_190134_scanAz_slow.txt,0.0135
results2403/20240324S190136.048972E191149.601036_scanAz_slow.dat,21.0806
results2403/20240324S191150.557423E192204.004916_scanAz_slow.dat,21.0826
results2403/20240324S192204.968736E193218.416092_scanAz_slow.dat,21.0560
results2403/20240324S193219.372991E194232.822145_scanAz_slow.dat,21.0765
results2403/20240324S194233.779443E195247.230521_scanAz_slow.dat,21.0738
results2403/20240324S195248.187548E195635.710997_scanAz_slow.dat,21.0975
read results2403/20240324_210134_scanAz_slow.txt,0.0133
results2403/20240324S210135.872826E211149.445747_scanAz_slow.dat,21.1030
results2403/20240324S211150.406654E212203.855673_scanAz_slow.dat,21.1037
results2403/20240324S212204.818365E213218.262224_scanAz_slow.dat,21.0779
results2403/20240324S213219.224286E214232.674834_scanAz_slow.dat,21.1127
results2403/20240324S214233.632129E215247.081819_scanAz_slow.dat,21.0683
results2403/20240324S215248.037504E215635.561386_scanAz_slow.dat,21.0774
read results2403/20240324_220134_scanAz_slow.txt,0.0133
results2403/20240324S220135.634091E221149.207606_scanAz_slow.dat,21.0854
results2403/20240324S221150.164396E222203.615680_scanAz_slow.dat,21.1201
results2403/20240324S222204.571382E223218.023338_scanAz_slow.dat,21.0778
results2403/20240324S223218.979393E224232.431139_scanAz_slow.dat,21.0609
results2403/20240324S224233.392636E225246.836440_scanAz_slow.dat,21.0869
results2403/20240324S225247.799117E225635.318429_scanAz_slow.dat,21.0630
read results2403/20240325_010135_scanAz_slow.txt,0.0133
results2403/20240325S010136.287186E011149.824788_scanAz_slow.dat,21.0761
results2403/20240325S011150.786613E012204.234748_scanAz_slow.dat,21.0741
results2403/20240325S012205.192873E013218.641390_scanAz_slow.dat,21.0867
results2403/20240325S013219.599203E014233.047922_scanAz_slow.dat,21.0591
results2403/20240325S014234.010582E015247.457152_scanAz_slow.dat,21.1131
results2403/20240325S015248.416193E015635.937219_scanAz_slow.dat,21.0997
read results2403/20240325_020135_scanAz_slow.txt,0.0135
results2403/20240325S020136.081822E021149.629325_scanAz_slow.dat,21.1304
results2403/20240325S021150.592023E022204.036212_scanAz_slow.dat,21.0512
results2403/20240325S022205.000362E023218.443200_scanAz_slow.dat,21.1041
results2403/20240325S023219.406472E024232.854997_scanAz_slow.dat,21.0847
results2403/20240325S024233.812160E025247.261581_scanAz_slow.dat,21.0834
results2403/20240325S025248.224846E025635.744940_scanAz_slow.dat,21.0882
read results2403/20240325_030134_scanAz_slow.txt,0.0134
results2403/20240325S030135.886285E031149.435648_scanAz_slow.dat,21.0816
results2403/20240325S031150.398879E032203.847593_scanAz_slow.dat,21.1008
results2403/20240325S032204.806011E033218.254194_scanAz_slow.dat,21.1315
results2403/20240325S033219.211100E034232.662044_scanAz_slow.dat,21.0915
results2403/20240325S034233.618870E035247.069398_scanAz_slow.dat,21.0642
results2403/20240325S035248.031750E035635.549496_scanAz_slow.dat,21.0703
read results2403/20240325_050134_scanAz_slow.txt,0.0134
results2403/20240325S050135.739242E051149.288076_scanAz_slow.dat,21.0538
results2403/20240325S051150.248937E052203.696040_scanAz_slow.dat,21.0759
results2403/20240325S052204.658122E053218.102690_scanAz_slow.dat,21.0450
results2403/20240325S053219.064864E054232.513093_scanAz_slow.dat,21.0927
results2403/20240325S054233.471016E055246.917942_scanAz_slow.dat,21.0645
results2403/20240325S055247.880001E055635.399856_scanAz_slow.dat,21.0765
read results2403/20240325_060135_scanAz_slow.txt,0.0134
results2403/20240325S060136.552217E061150.104328_scanAz_slow.dat,21.1138
results2403/20240325S061151.060384E062204.506640_scanAz_slow.dat,21.0904
results2403/20240325S062205.469310E063218.919639_scanAz_slow.dat,21.0897
results2403/20240325S063219.875963E064233.327019_scanAz_slow.dat,21.1055
results2403/20240325S064234.283760E065247.732383_scanAz_slow.dat,21.0956
results2403/20240325S065248.694520E065636.213407_scanAz_slow.dat,21.1225
read results2403/20240325_070135_scanAz_slow.txt,0.0134
results2403/20240325S070136.376713E071149.954806_scanAz_slow.dat,21.0934
results2403/20240325S071150.915438E072204.360711_scanAz_slow.dat,21.0989
results2403/20240325S072205.322314E073218.769243_scanAz_slow.dat,21.0872
results2403/20240325S073219.731691E074233.178224_scanAz_slow.dat,21.0955
results2403/20240325S074234.141264E075247.585501_scanAz_slow.dat,21.0598
results2403/20240325S075248.543667E075636.068847_scanAz_slow.dat,21.0552
read results2403/20240325_090135_scanAz_slow.txt,0.0133
results2403/20240325S090136.179702E091149.760668_scanAz_slow.dat,21.1026
results2403/20240325S091150.716680E092204.164662_scanAz_slow.dat,21.0666
results2403/20240325S092205.127964E093218.575470_scanAz_slow.dat,21.0992
results2403/20240325S093219.532666E094232.979813_scanAz_slow.dat,21.0918
results2403/20240325S094233.943445E095247.390329_scanAz_slow.dat,21.0737
results2403/20240325S095248.347290E095635.871172_scanAz_slow.dat,21.1018
read results2403/20240325_100134_scanAz_slow.txt,0.0133
results2403/20240325S100135.966128E101149.562015_scanAz_slow.dat,21.0874
results2403/20240325S101150.524412E102203.970632_scanAz_slow.dat,21.1087
results2403/20240325S102204.929683E103218.377282_scanAz_slow.dat,21.0855
results2403/20240325S103219.339957E104232.788143_scanAz_slow.dat,21.0567
results2403/20240325S104233.745804E105247.197993_scanAz_slow.dat,21.0881
results2403/20240325S105248.155715E105635.678220_scanAz_slow.dat,21.0910
read results2403/20240325_110134_scanAz_slow.txt,0.0083
results2403/20240325S110135.774946E111149.322867_scanAz_slow.dat,21.1059
results2403/20240325S111150.278885E112203.728207_scanAz_slow.dat,21.0738
results2403/20240325S112204.691760E113218.133798_scanAz_slow.dat,21.0937
results2403/20240325S113219.098613E114232.542410_scanAz_slow.dat,21.1007
results2403/20240325S114233.505735E115246.953186_scanAz_slow.dat,21.0988
results2403/20240325S115247.910389E115635.433794_scanAz_slow.dat,21.0929
read results2403/20240325_130135_scanAz_slow.txt,0.0133
results2403/20240325S130136.581270E131150.133694_scanAz_slow.dat,21.0889
results2403/20240325S131151.095030E132204.541434_scanAz_slow.dat,21.1026
results2403/20240325S132205.503142E133218.955778_scanAz_slow.dat,21.0538
results2403/20240325S133219.906615E134233.355798_scanAz_slow.dat,21.0868
results2403/20240325S134234.318902E135247.763413_scanAz_slow.dat,21.0801
results2403/20240325S135248.725800E135636.245173_scanAz_slow.dat,21.1038
read results2403/20240325_140135_scanAz_slow.txt,0.0134
results2403/20240325S140136.406402E141149.987395_scanAz_slow.dat,21.1102
results2403/20240325S141150.944311E142204.395693_scanAz_slow.dat,21.1124
results2403/20240325S142205.352190E143218.803952_scanAz_slow.dat,21.0960
results2403/20240325S143219.760681E144233.210854_scanAz_slow.dat,21.0967
results2403/20240325S144234.168036E145247.619899_scanAz_slow.dat,21.0605
results2403/20240325S145248.575802E145636.097637_scanAz_slow.dat,21.0703
read results2403/20240325_150135_scanAz_slow.txt,0.0133
results2403/20240325S150136.192960E151149.744676_scanAz_slow.dat,21.0793
results2403/20240325S151150.700778E152204.152239_scanAz_slow.dat,21.0996
results2403/20240325S152205.111203E153218.558861_scanAz_slow.dat,21.0843
results2403/20240325S153219.520528E154232.968415_scanAz_slow.dat,21.0591
results2403/20240325S154233.925636E155247.375042_scanAz_slow.dat,21.0575
results2403/20240325S155248.332250E155635.855410_scanAz_slow.dat,21.0510
read results2403/20240325_170134_scanAz_slow.txt,0.0133
results2403/20240325S170136.006076E171149.546296_scanAz_slow.dat,21.0904
results2403/20240325S171150.502839E172203.950310_scanAz_slow.dat,21.0916
results2403/20240325S172204.913862E173218.361208_scanAz_slow.dat,21.0864
results2403/20240325S173219.318084E174232.766337_scanAz_slow.dat,21.0907
results2403/20240325S174233.729898E175247.176794_scanAz_slow.dat,21.0904
results2403/20240325S175248.134890E175635.655829_scanAz_slow.dat,21.0726
read results2403/20240325_180134_scanAz_slow.txt,0.0133
results2403/20240325S180135.801446E181149.351630_scanAz_slow.dat,21.0821
results2403/20240325S181150.313441E182203.759925_scanAz_slow.dat,21.0901
results2403/20240325S182204.716779E183218.163419_scanAz_slow.dat,21.0619
results2403/20240325S183219.127906E184232.571594_scanAz_slow.dat,21.0900
results2403/20240325S184233.535478E185246.983508_scanAz_slow.dat,21.0878
results2403/20240325S185247.940675E185635.463986_scanAz_slow.dat,21.0480
read results2403/20240325_190134_scanAz_slow.txt,0.0089
results2403/20240325S190135.631905E191149.201734_scanAz_slow.dat,21.0500
results2403/20240325S191150.164757E192203.614693_scanAz_slow.dat,21.0509
results2403/20240325S192204.572702E193218.020618_scanAz_slow.dat,21.0997
results2403/20240325S193218.977496E194232.428271_scanAz_slow.dat,21.0975
results2403/20240325S194233.385498E195246.835641_scanAz_slow.dat,21.0818
results2403/20240325S195247.792545E195635.316654_scanAz_slow.dat,21.1400
read results2403/20240325_210135_scanAz_slow.txt,0.0134
results2403/20240325S210136.465435E211150.016036_scanAz_slow.dat,21.1089
results2403/20240325S211150.972382E212204.423937_scanAz_slow.dat,21.0871
results2403/20240325S212205.380262E213218.832898_scanAz_slow.dat,21.0835
results2403/20240325S213219.791635E214233.234623_scanAz_slow.dat,21.0428
results2403/20240325S214234.197380E215247.646846_scanAz_slow.dat,21.1011
results2403/20240325S215248.602786E215636.126873_scanAz_slow.dat,21.1013
read results2403/20240325_220135_scanAz_slow.txt,0.0133
results2403/20240325S220136.270390E221149.819203_scanAz_slow.dat,21.0780
results2403/20240325S221150.780920E222204.229601_scanAz_slow.dat,21.0884
results2403/20240325S222205.185446E223218.633218_scanAz_slow.dat,21.0656
results2403/20240325S223219.596022E224233.045651_scanAz_slow.dat,21.0840
results2403/20240325S224234.002050E225247.450322_scanAz_slow.dat,21.0947
results2403/20240325S225248.412429E225635.932965_scanAz_slow.dat,21.0949
read results2403/20240326_010134_scanAz_slow.txt,0.0089
results2403/20240326S010135.897778E011149.523177_scanAz_slow.dat,21.0914
results2403/20240326S011150.485244E012203.931684_scanAz_slow.dat,21.0610
results2403/20240326S012204.894863E013218.337874_scanAz_slow.dat,21.0532
results2403/20240326S013219.300559E014232.745788_scanAz_slow.dat,21.0847
results2403/20240326S014233.709048E015247.153832_scanAz_slow.dat,21.0985
results2403/20240326S015248.117067E015635.638316_scanAz_slow.dat,21.0701
read results2403/20240326_020134_scanAz_slow.txt,0.0133
results2403/20240326S020135.693582E021149.234595_scanAz_slow.dat,21.0812
results2403/20240326S021150.190971E022203.642873_scanAz_slow.dat,21.0837
results2403/20240326S022204.600672E023218.051391_scanAz_slow.dat,21.1773
results2403/20240326S023219.009192E024232.456261_scanAz_slow.dat,21.0944
results2403/20240326S024233.419279E025246.862473_scanAz_slow.dat,21.0812
results2403/20240326S025247.826038E025635.344607_scanAz_slow.dat,21.0917
read results2403/20240326_030135_scanAz_slow.txt,0.0133
results2403/20240326S030136.496247E031150.045896_scanAz_slow.dat,21.0526
results2403/20240326S031151.008050E032204.451159_scanAz_slow.dat,21.0828
results2403/20240326S032205.414671E033218.863279_scanAz_slow.dat,21.0736
results2403/20240326S033219.818733E034233.270481_scanAz_slow.dat,21.1055
results2403/20240326S034234.227436E035247.678645_scanAz_slow.dat,21.0543
results2403/20240326S035248.636420E035636.156873_scanAz_slow.dat,21.0994
read results2403/20240326_050135_scanAz_slow.txt,0.0134
results2403/20240326S050136.251639E051149.801425_scanAz_slow.dat,21.0957
results2403/20240326S051150.762023E052204.207234_scanAz_slow.dat,21.0901
results2403/20240326S052205.169331E053218.615706_scanAz_slow.dat,21.0801
results2403/20240326S053219.577173E054233.025374_scanAz_slow.dat,21.0961
results2403/20240326S054233.981440E055247.428288_scanAz_slow.dat,21.1023
results2403/20240326S055248.389966E055635.911022_scanAz_slow.dat,21.0752
read results2403/20240326_060134_scanAz_slow.txt,0.0133
results2403/20240326S060136.055847E061149.607503_scanAz_slow.dat,21.0625
results2403/20240326S061150.562394E062204.010419_scanAz_slow.dat,21.0952
results2403/20240326S062204.971871E063218.419684_scanAz_slow.dat,21.0722
results2403/20240326S063219.381401E064232.828250_scanAz_slow.dat,21.0702
results2403/20240326S064233.790270E065247.237668_scanAz_slow.dat,21.0999
results2403/20240326S065248.194036E065635.716340_scanAz_slow.dat,21.0988
read results2403/20240326_070134_scanAz_slow.txt,0.0133
results2403/20240326S070135.870093E071149.412497_scanAz_slow.dat,21.0798
results2403/20240326S071150.368358E072203.814967_scanAz_slow.dat,21.0851
results2403/20240326S072204.778336E073218.228212_scanAz_slow.dat,21.0554
results2403/20240326S073219.184454E074232.633140_scanAz_slow.dat,21.0883
results2403/20240326S074233.595584E075247.043374_scanAz_slow.dat,21.0739
results2403/20240326S075247.999701E075635.522366_scanAz_slow.dat,21.0601
read results2403/20240326_090134_scanAz_slow.txt,0.0133
results2403/20240326S090135.637446E091149.213420_scanAz_slow.dat,21.0924
results2403/20240326S091150.169432E092203.616614_scanAz_slow.dat,21.0809
results2403/20240326S092204.580808E093218.028693_scanAz_slow.dat,21.0977
results2403/20240326S093218.988678E094232.431841_scanAz_slow.dat,21.0483
results2403/20240326S094233.396883E095246.840387_scanAz_slow.dat,21.1004
results2403/20240326S095247.804004E095635.322316_scanAz_slow.dat,21.0968
read results2403/20240326_100135_scanAz_slow.txt,0.0133
results2403/20240326S100136.427047E101149.973752_scanAz_slow.dat,21.0914
results2403/20240326S101150.936153E102204.382044_scanAz_slow.dat,21.0879
results2403/20240326S102205.345015E103218.791447_scanAz_slow.dat,21.0804
results2403/20240326S103219.748966E104233.196692_scanAz_slow.dat,21.0559
results2403/20240326S104234.159697E105247.609102_scanAz_slow.dat,21.0514
results2403/20240326S105248.566702E105636.088529_scanAz_slow.dat,21.0759
read results2403/20240326_110135_scanAz_slow.txt,0.0133
results2403/20240326S110136.230600E111149.784118_scanAz_slow.dat,21.0899
results2403/20240326S111150.741959E112204.186411_scanAz_slow.dat,21.0948
results2403/20240326S112205.150884E113218.598085_scanAz_slow.dat,21.0791
results2403/20240326S113219.555000E114233.002433_scanAz_slow.dat,21.0968
results2403/20240326S114233.964776E115247.412932_scanAz_slow.dat,21.0711
results2403/20240326S115248.370071E115635.893660_scanAz_slow.dat,21.0578
read results2403/20240326_130135_scanAz_slow.txt,0.0088
results2403/20240326S130136.056791E131149.633639_scanAz_slow.dat,21.0839
results2403/20240326S131150.589299E132204.039782_scanAz_slow.dat,21.0729
results2403/20240326S132204.996658E133218.448686_scanAz_slow.dat,21.1041
results2403/20240326S133219.404998E134232.852681_scanAz_slow.dat,21.0820
results2403/20240326S134233.816449E135247.263352_scanAz_slow.dat,21.0671
results2403/20240326S135248.219388E135635.743072_scanAz_slow.dat,21.0987
read results2403/20240326_140134_scanAz_slow.txt,0.0133
results2403/20240326S140135.860164E141149.433423_scanAz_slow.dat,21.0596
results2403/20240326S141150.394660E142203.846350_scanAz_slow.dat,21.0971
results2403/20240326S142204.803357E143218.249143_scanAz_slow.dat,21.0652
results2403/20240326S143219.211515E144232.660344_scanAz_slow.dat,21.0625
results2403/20240326S144233.616603E145247.068664_scanAz_slow.dat,21.1024
results2403/20240326S145248.024705E145635.547889_scanAz_slow.dat,21.0754
read results2403/20240326_150134_scanAz_slow.txt,0.0133
results2403/20240326S150135.643167E151149.238613_scanAz_slow.dat,21.0905
results2403/20240326S151150.199233E152203.646022_scanAz_slow.dat,21.1199
results2403/20240326S152204.607741E153218.054316_scanAz_slow.dat,21.0955
results2403/20240326S153219.016307E154232.465614_scanAz_slow.dat,21.0785
results2403/20240326S154233.422268E155246.870667_scanAz_slow.dat,21.0783
results2403/20240326S155247.832397E155635.352351_scanAz_slow.dat,21.1332
read results2403/20240326_170135_scanAz_slow.txt,0.0136
results2403/20240326S170136.474782E171150.049344_scanAz_slow.dat,21.0887
results2403/20240326S171151.012393E172204.460472_scanAz_slow.dat,21.1070
results2403/20240326S172205.417652E173218.865377_scanAz_slow.dat,21.1028
results2403/20240326S173219.823549E174233.276622_scanAz_slow.dat,21.0634
results2403/20240326S174234.236253E175247.678682_scanAz_slow.dat,21.0544
results2403/20240326S175248.643140E175636.162350_scanAz_slow.dat,21.0842
read results2403/20240326_180135_scanAz_slow.txt,0.0134
results2403/20240326S180136.259048E181149.808966_scanAz_slow.dat,21.0769
results2403/20240326S181150.765242E182204.214216_scanAz_slow.dat,21.0771
results2403/20240326S182205.177444E183218.619804_scanAz_slow.dat,21.1077
results2403/20240326S183219.583938E184233.031529_scanAz_slow.dat,21.0509
results2403/20240326S184233.988397E185247.435337_scanAz_slow.dat,21.0865
results2403/20240326S185248.394344E185635.918072_scanAz_slow.dat,21.0811
read results2403/20240326_190134_scanAz_slow.txt,0.0134
results2403/20240326S190136.026967E191149.563937_scanAz_slow.dat,21.0868
results2403/20240326S191150.526313E192203.969094_scanAz_slow.dat,21.0742
results2403/20240326S192204.932356E193218.379816_scanAz_slow.dat,21.0933
results2403/20240326S193219.336786E194232.783625_scanAz_slow.dat,21.0970
results2403/20240326S194233.747101E195247.194276_scanAz_slow.dat,21.0630
results2403/20240326S195248.151189E195635.674761_scanAz_slow.dat,21.0669
read results2403/20240326_210134_scanAz_slow.txt,0.0133
results2403/20240326S210135.861769E211149.410695_scanAz_slow.dat,21.0873
results2403/20240326S211150.373761E212203.822231_scanAz_slow.dat,21.0614
results2403/20240326S212204.778875E213218.225355_scanAz_slow.dat,21.0895
results2403/20240326S213219.189221E214232.632851_scanAz_slow.dat,21.1017
results2403/20240326S214233.594347E215247.045965_scanAz_slow.dat,21.0857
results2403/20240326S215248.002800E215635.525371_scanAz_slow.dat,21.0759
read results2403/20240326_220134_scanAz_slow.txt,0.0133
results2403/20240326S220135.666805E221149.216871_scanAz_slow.dat,21.0598
results2403/20240326S221150.178922E222203.623289_scanAz_slow.dat,21.0815
results2403/20240326S222204.585994E223218.034588_scanAz_slow.dat,21.0937
results2403/20240326S223218.990568E224232.439599_scanAz_slow.dat,21.0785
results2403/20240326S224233.401993E225246.846377_scanAz_slow.dat,21.1010
results2403/20240326S225247.809024E225635.329562_scanAz_slow.dat,21.0830
read results2403/20240327_010135_scanAz_slow.txt,0.0132
results2403/20240327S010136.340204E011149.881619_scanAz_slow.dat,21.0603
results2403/20240327S011150.838276E012204.289850_scanAz_slow.dat,21.0826
results2403/20240327S012205.248200E013218.696934_scanAz_slow.dat,21.0642
results2403/20240327S013219.653830E014233.101224_scanAz_slow.dat,21.0645
results2403/20240327S014234.064521E015247.510612_scanAz_slow.dat,21.0566
results2403/20240327S015248.473311E015635.993766_scanAz_slow.dat,21.0579
read results2403/20240327_020135_scanAz_slow.txt,0.0133
results2403/20240327S020136.150164E021149.683793_scanAz_slow.dat,21.0852
results2403/20240327S021150.646760E022204.096415_scanAz_slow.dat,21.0914
results2403/20240327S022205.054233E023218.504330_scanAz_slow.dat,21.0516
results2403/20240327S023219.462470E024232.906764_scanAz_slow.dat,21.0628
results2403/20240327S024233.869774E025247.316924_scanAz_slow.dat,21.0790
results2403/20240327S025248.274413E025635.798068_scanAz_slow.dat,21.0624
read results2403/20240327_030134_scanAz_slow.txt,0.0055
results2403/20240327S030135.941285E031149.493538_scanAz_slow.dat,21.0916
results2403/20240327S031150.449873E032203.901489_scanAz_slow.dat,21.0866
results2403/20240327S032204.859850E033218.304882_scanAz_slow.dat,21.0479
results2403/20240327S033219.268816E034232.715199_scanAz_slow.dat,21.0731
results2403/20240327S034233.672418E035247.120360_scanAz_slow.dat,21.0883
results2403/20240327S035248.083657E035635.603102_scanAz_slow.dat,21.0448
read results2403/20240327_050134_scanAz_slow.txt,0.0134
results2403/20240327S050135.793327E051149.341430_scanAz_slow.dat,21.0843
results2403/20240327S051150.302758E052203.747391_scanAz_slow.dat,21.0902
results2403/20240327S052204.710582E053218.154870_scanAz_slow.dat,21.0698
results2403/20240327S053219.117580E054232.567735_scanAz_slow.dat,21.0857
results2403/20240327S054233.524374E055246.973934_scanAz_slow.dat,21.0543
results2403/20240327S055247.935396E055635.454702_scanAz_slow.dat,21.0872
read results2403/20240327_060134_scanAz_slow.txt,0.0133
results2403/20240327S060135.598401E061149.149223_scanAz_slow.dat,21.0854
results2403/20240327S061150.110186E062203.555275_scanAz_slow.dat,21.0803
results2403/20240327S062204.516971E063217.962892_scanAz_slow.dat,21.0792
results2403/20240327S063218.924977E064232.372703_scanAz_slow.dat,21.0776
results2403/20240327S064233.329061E065246.776610_scanAz_slow.dat,21.0674
results2403/20240327S065247.739721E065635.259729_scanAz_slow.dat,21.0652
read results2403/20240327_070135_scanAz_slow.txt,0.0133
results2403/20240327S070136.412952E071149.962058_scanAz_slow.dat,21.0699
results2403/20240327S071150.923019E072204.369924_scanAz_slow.dat,21.0702
results2403/20240327S072205.331733E073218.776801_scanAz_slow.dat,21.0776
results2403/20240327S073219.738555E074233.182658_scanAz_slow.dat,21.0557
results2403/20240327S074234.144458E075247.595419_scanAz_slow.dat,21.0912
results2403/20240327S075248.551947E075636.073579_scanAz_slow.dat,21.0566
read results2403/20240327_090135_scanAz_slow.txt,0.0133
results2403/20240327S090136.170504E091149.717361_scanAz_slow.dat,21.0715
results2403/20240327S091150.673327E092204.123170_scanAz_slow.dat,21.0612
results2403/20240327S092205.080652E093218.530497_scanAz_slow.dat,21.0872
results2403/20240327S093219.487430E094232.937854_scanAz_slow.dat,21.1034
results2403/20240327S094233.894722E095247.343220_scanAz_slow.dat,21.0859
results2403/20240327S095248.306434E095635.826941_scanAz_slow.dat,21.1766
read results2403/20240327_100134_scanAz_slow.txt,0.0054
results2403/20240327S100135.969536E101149.517359_scanAz_slow.dat,21.0901
results2403/20240327S101150.480076E102203.928660_scanAz_slow.dat,21.0880
results2403/20240327S102204.886432E103218.334735_scanAz_slow.dat,21.0655
results2403/20240327S103219.291720E104232.740142_scanAz_slow.dat,21.1517
results2403/20240327S104233.703539E105247.148381_scanAz_slow.dat,21.1109
results2403/20240327S105248.111435E105635.630409_scanAz_slow.dat,21.0807
read results2403/20240327_110134_scanAz_slow.txt,0.0136
results2403/20240327S110135.774247E111149.322499_scanAz_slow.dat,21.0742
results2403/20240327S111150.285178E112203.732318_scanAz_slow.dat,21.0779
results2403/20240327S112204.691351E113218.140572_scanAz_slow.dat,21.0975
results2403/20240327S113219.099653E114232.547716_scanAz_slow.dat,21.0809
results2403/20240327S114233.505162E115246.955386_scanAz_slow.dat,21.0825
results2403/20240327S115247.912222E115635.435226_scanAz_slow.dat,21.1339
read results2403/20240327_130135_scanAz_slow.txt,0.0136
results2403/20240327S130136.584536E131150.133300_scanAz_slow.dat,21.0984
results2403/20240327S131151.094560E132204.541888_scanAz_slow.dat,21.0848
results2403/20240327S132205.499197E133218.955104_scanAz_slow.dat,21.0921
results2403/20240327S133219.910794E134233.357583_scanAz_slow.dat,21.0989
results2403/20240327S134234.314135E135247.760748_scanAz_slow.dat,21.0508
results2403/20240327S135248.723459E135636.243555_scanAz_slow.dat,21.0926
read results2403/20240327_140135_scanAz_slow.txt,0.0136
results2403/20240327S140136.386798E141149.937445_scanAz_slow.dat,21.0585
results2403/20240327S141150.899032E142204.344411_scanAz_slow.dat,21.0984
results2403/20240327S142205.306470E143218.754005_scanAz_slow.dat,21.1123
results2403/20240327S143219.709985E144233.160689_scanAz_slow.dat,21.0983
results2403/20240327S144234.117064E145247.568113_scanAz_slow.dat,21.1262
results2403/20240327S145248.529897E145636.048708_scanAz_slow.dat,21.0780
read results2403/20240327_150135_scanAz_slow.txt,0.0134
results2403/20240327S150136.153028E151149.693369_scanAz_slow.dat,21.0961
results2403/20240327S151150.654691E152204.100142_scanAz_slow.dat,21.0824
results2403/20240327S152205.062382E153218.510765_scanAz_slow.dat,21.0870
results2403/20240327S153219.466717E154232.919498_scanAz_slow.dat,21.0860
results2403/20240327S154233.877327E155247.325087_scanAz_slow.dat,21.0956
results2403/20240327S155248.286659E155635.806602_scanAz_slow.dat,21.0845
read results2403/20240327_170134_scanAz_slow.txt,0.0134
results2403/20240327S170135.965646E171149.545758_scanAz_slow.dat,21.0716
results2403/20240327S171150.502074E172203.951986_scanAz_slow.dat,21.0829
results2403/20240327S172204.908820E173218.358839_scanAz_slow.dat,21.0910
results2403/20240327S173219.315717E174232.768358_scanAz_slow.dat,21.0986
results2403/20240327S174233.726403E175247.174288_scanAz_slow.dat,21.0568
results2403/20240327S175248.132367E175635.655525_scanAz_slow.dat,21.0736
read results2403/20240327_180134_scanAz_slow.txt,0.0134
results2403/20240327S180135.750753E181149.301457_scanAz_slow.dat,21.0849
results2403/20240327S181150.257815E182203.708691_scanAz_slow.dat,21.0826
results2403/20240327S182204.667122E183218.114096_scanAz_slow.dat,21.1136
results2403/20240327S183219.076745E184232.523774_scanAz_slow.dat,21.0556
results2403/20240327S184233.482161E185246.931544_scanAz_slow.dat,21.0692
results2403/20240327S185247.889021E185635.410877_scanAz_slow.dat,21.0836
read results2403/20240327_190135_scanAz_slow.txt,0.0136
results2403/20240327S190136.561347E191150.110409_scanAz_slow.dat,21.0940
results2403/20240327S191151.073180E192204.518437_scanAz_slow.dat,21.0573
results2403/20240327S192205.481757E193218.926061_scanAz_slow.dat,21.0902
results2403/20240327S193219.884163E194233.334224_scanAz_slow.dat,21.1326
results2403/20240327S194234.296871E195247.742312_scanAz_slow.dat,21.0603
results2403/20240327S195248.699511E195636.223671_scanAz_slow.dat,21.0920
read results2403/20240327_210135_scanAz_slow.txt,0.0134
results2403/20240327S210136.410334E211149.960200_scanAz_slow.dat,21.0781
results2403/20240327S211150.922399E212204.366621_scanAz_slow.dat,21.1439
results2403/20240327S212205.330777E213218.777820_scanAz_slow.dat,21.0720
results2403/20240327S213219.734083E214233.185015_scanAz_slow.dat,21.1002
results2403/20240327S214234.146558E215247.590268_scanAz_slow.dat,21.0915
results2403/20240327S215248.552660E215636.072887_scanAz_slow.dat,21.0879
read results2403/20240327_220135_scanAz_slow.txt,0.0088
results2403/20240327S220136.216341E221149.767410_scanAz_slow.dat,21.0679
results2403/20240327S221150.727985E222204.172381_scanAz_slow.dat,21.1018
results2403/20240327S222205.130857E223218.583764_scanAz_slow.dat,21.0976
results2403/20240327S223219.540348E224232.986917_scanAz_slow.dat,21.0756
results2403/20240327S224233.949103E225247.394267_scanAz_slow.dat,21.0978
results2403/20240327S225248.356677E225635.877914_scanAz_slow.dat,21.0921
read results2403/20240328_010134_scanAz_slow.txt,0.0132
results2403/20240328S010135.871943E011149.418050_scanAz_slow.dat,21.0739
results2403/20240328S011150.379785E012203.824553_scanAz_slow.dat,21.0772
results2403/20240328S012204.788753E013218.233620_scanAz_slow.dat,21.0974
results2403/20240328S013219.190821E014232.640988_scanAz_slow.dat,21.0987
results2403/20240328S014233.597827E015247.048358_scanAz_slow.dat,21.0778
results2403/20240328S015248.005254E015635.529540_scanAz_slow.dat,21.1026
read results2403/20240328_020134_scanAz_slow.txt,0.0088
results2403/20240328S020135.671000E021149.220147_scanAz_slow.dat,21.0823
results2403/20240328S021150.183005E022203.627645_scanAz_slow.dat,21.0749
results2403/20240328S022204.585817E023218.033608_scanAz_slow.dat,21.0904
results2403/20240328S023218.997294E024232.442459_scanAz_slow.dat,21.0733
results2403/20240328S024233.400094E025246.846853_scanAz_slow.dat,21.0616
results2403/20240328S025247.811388E025635.329515_scanAz_slow.dat,21.0902
read results2403/20240328_030135_scanAz_slow.txt,0.0133
results2403/20240328S030136.481423E031150.032034_scanAz_slow.dat,21.0924
results2403/20240328S031150.988310E032204.436644_scanAz_slow.dat,21.0837
results2403/20240328S032205.399861E033218.841589_scanAz_slow.dat,21.0925
results2403/20240328S033219.805790E034233.248780_scanAz_slow.dat,21.0979
results2403/20240328S034234.212285E035247.660354_scanAz_slow.dat,21.1057
results2403/20240328S035248.620200E035636.140074_scanAz_slow.dat,21.0981
read results2403/20240328_050135_scanAz_slow.txt,0.0134
results2403/20240328S050136.300818E051149.878525_scanAz_slow.dat,21.0813
results2403/20240328S051150.839580E052204.282492_scanAz_slow.dat,21.0924
results2403/20240328S052205.244582E053218.690415_scanAz_slow.dat,21.0640
results2403/20240328S053219.654320E054233.097245_scanAz_slow.dat,21.0984
results2403/20240328S054234.060597E055247.504911_scanAz_slow.dat,21.0820
results2403/20240328S055248.466630E055635.986943_scanAz_slow.dat,21.0517
read results2403/20240328_060135_scanAz_slow.txt,0.0136
results2403/20240328S060136.082973E061149.629869_scanAz_slow.dat,21.0617
results2403/20240328S061150.591102E062204.037737_scanAz_slow.dat,21.0710
results2403/20240328S062204.999554E063218.444755_scanAz_slow.dat,21.0829
results2403/20240328S063219.407012E064232.850319_scanAz_slow.dat,21.1023
results2403/20240328S064233.813276E065247.258875_scanAz_slow.dat,21.0655
results2403/20240328S065248.220674E065635.741770_scanAz_slow.dat,21.1139
read results2403/20240328_070134_scanAz_slow.txt,0.0133
results2403/20240328S070135.933931E071149.483026_scanAz_slow.dat,21.0592
results2403/20240328S071150.439091E072203.890933_scanAz_slow.dat,21.2186
results2403/20240328S072204.846586E073218.294792_scanAz_slow.dat,21.0581
results2403/20240328S073219.257150E074232.699777_scanAz_slow.dat,21.0822
results2403/20240328S074233.663736E075247.112783_scanAz_slow.dat,21.0889
results2403/20240328S075248.069613E075635.591137_scanAz_slow.dat,21.0957
read results2403/20240328_090134_scanAz_slow.txt,0.0133
results2403/20240328S090135.779942E091149.327803_scanAz_slow.dat,21.0931
results2403/20240328S091150.291576E092203.737338_scanAz_slow.dat,21.0856
results2403/20240328S092204.694448E093218.143860_scanAz_slow.dat,21.0767
results2403/20240328S093219.106535E094232.553393_scanAz_slow.dat,21.0906
results2403/20240328S094233.510232E095247.005868_scanAz_slow.dat,21.0948
results2403/20240328S095247.970360E095635.488011_scanAz_slow.dat,21.0872
read results2403/20240328_100135_scanAz_slow.txt,0.0133
results2403/20240328S100136.592849E101150.139232_scanAz_slow.dat,21.0828
results2403/20240328S101151.102364E102204.548984_scanAz_slow.dat,21.0611
results2403/20240328S102205.506082E103218.954445_scanAz_slow.dat,21.0852
results2403/20240328S103219.918474E104233.361721_scanAz_slow.dat,21.1028
results2403/20240328S104234.325919E105247.769992_scanAz_slow.dat,21.0922
results2403/20240328S105248.732945E105636.251859_scanAz_slow.dat,21.0793
read results2403/20240328_110135_scanAz_slow.txt,0.0133
results2403/20240328S110136.407985E111149.945172_scanAz_slow.dat,21.0956
results2403/20240328S111150.907235E112204.354972_scanAz_slow.dat,21.0919
results2403/20240328S112205.312193E113218.761003_scanAz_slow.dat,21.0880
results2403/20240328S113219.718453E114233.170857_scanAz_slow.dat,21.0919
results2403/20240328S114234.128373E115247.577585_scanAz_slow.dat,21.1549
results2403/20240328S115248.535058E115636.056293_scanAz_slow.dat,21.0610
read results2403/20240328_130135_scanAz_slow.txt,0.0133
results2403/20240328S130136.244056E131149.792181_scanAz_slow.dat,21.0914
results2403/20240328S131150.753140E132204.203098_scanAz_slow.dat,21.0910
results2403/20240328S132205.159975E133218.610096_scanAz_slow.dat,21.0865
results2403/20240328S133219.568419E134233.017783_scanAz_slow.dat,21.0859
results2403/20240328S134233.975135E135247.426613_scanAz_slow.dat,21.0847
results2403/20240328S135248.383187E135635.903559_scanAz_slow.dat,21.0905
read results2403/20240328_140135_scanAz_slow.txt,0.0135
results2403/20240328S140136.058709E141149.599479_scanAz_slow.dat,21.1100
results2403/20240328S141150.554981E142204.005615_scanAz_slow.dat,21.1010
results2403/20240328S142204.967971E143218.411803_scanAz_slow.dat,21.0948
results2403/20240328S143219.374471E144232.820975_scanAz_slow.dat,21.0512
results2403/20240328S144233.782538E145247.226125_scanAz_slow.dat,21.0928
results2403/20240328S145248.188578E145635.709479_scanAz_slow.dat,21.0973
read results2403/20240328_150134_scanAz_slow.txt,0.0134
results2403/20240328S150135.872279E151149.453204_scanAz_slow.dat,21.0651
results2403/20240328S151150.408328E152203.859804_scanAz_slow.dat,21.0993
results2403/20240328S152204.816362E153218.265122_scanAz_slow.dat,21.0916
results2403/20240328S153219.226870E154232.674320_scanAz_slow.dat,21.0536
results2403/20240328S154233.631411E155247.079693_scanAz_slow.dat,21.0986
results2403/20240328S155248.042698E155635.563731_scanAz_slow.dat,21.0614
read results2403/20240328_170134_scanAz_slow.txt,0.0134
results2403/20240328S170135.675367E171149.251379_scanAz_slow.dat,21.0781
results2403/20240328S171150.208856E172203.656677_scanAz_slow.dat,21.0583
results2403/20240328S172204.620584E173218.067886_scanAz_slow.dat,21.0765
results2403/20240328S173219.024757E174232.476150_scanAz_slow.dat,21.1099
results2403/20240328S174233.432998E175246.880342_scanAz_slow.dat,21.0890
results2403/20240328S175247.844236E175635.362664_scanAz_slow.dat,21.0450
read results2403/20240328_180135_scanAz_slow.txt,0.0133
results2403/20240328S180136.472892E181150.014680_scanAz_slow.dat,21.1031
results2403/20240328S181150.977981E182204.420727_scanAz_slow.dat,21.0994
results2403/20240328S182205.384409E183218.842806_scanAz_slow.dat,21.1006
results2403/20240328S183219.789208E184233.240720_scanAz_slow.dat,21.0654
results2403/20240328S184234.197785E185247.647513_scanAz_slow.dat,21.1128
results2403/20240328S185248.604684E185636.127128_scanAz_slow.dat,21.0961
read results2403/20240328_190135_scanAz_slow.txt,0.0134
results2403/20240328S190136.270709E191149.819380_scanAz_slow.dat,21.0834
results2403/20240328S191150.782011E192204.231019_scanAz_slow.dat,21.1063
results2403/20240328S192205.189043E193218.637676_scanAz_slow.dat,21.0609
results2403/20240328S193219.597883E194233.045778_scanAz_slow.dat,21.0594
results2403/20240328S194234.005934E195247.451170_scanAz_slow.dat,21.0889
results2403/20240328S195248.408709E195635.932487_scanAz_slow.dat,21.0864
read results2403/20240328_210135_scanAz_slow.txt,0.0134
results2403/20240328S210136.120603E211149.668032_scanAz_slow.dat,21.0873
results2403/20240328S211150.630230E212204.077193_scanAz_slow.dat,21.1099
results2403/20240328S212205.039323E213218.486125_scanAz_slow.dat,21.0694
results2403/20240328S213219.448566E214232.892964_scanAz_slow.dat,21.0446
results2403/20240328S214233.855122E215247.302365_scanAz_slow.dat,21.1033
results2403/20240328S215248.258380E215635.783109_scanAz_slow.dat,21.0870
read results2403/20240328_220134_scanAz_slow.txt,0.0134
results2403/20240328S220135.973759E221149.521400_scanAz_slow.dat,21.0856
results2403/20240328S221150.483324E222203.933120_scanAz_slow.dat,21.0834
results2403/20240328S222204.889082E223218.342231_scanAz_slow.dat,21.0847
results2403/20240328S223219.298211E224232.749946_scanAz_slow.dat,21.0705
results2403/20240328S224233.706326E225247.154439_scanAz_slow.dat,21.0957
results2403/20240328S225248.116807E225635.636364_scanAz_slow.dat,21.0591
read results2403/20240329_010134_scanAz_slow.txt,0.0133
results2403/20240329S010135.644167E011149.183350_scanAz_slow.dat,21.0908
results2403/20240329S011150.140596E012203.588636_scanAz_slow.dat,21.0683
results2403/20240329S012204.546728E013217.997923_scanAz_slow.dat,21.1510
results2403/20240329S013218.954983E014232.402806_scanAz_slow.dat,21.0879
results2403/20240329S014233.365347E015246.812610_scanAz_slow.dat,21.0815
results2403/20240329S015247.770887E015635.294197_scanAz_slow.dat,21.0685
read results2403/20240329_020135_scanAz_slow.txt,0.0134
results2403/20240329S020136.445605E021149.995364_scanAz_slow.dat,21.0917
results2403/20240329S021150.952239E022204.403232_scanAz_slow.dat,21.0785
results2403/20240329S022205.361816E023218.812967_scanAz_slow.dat,21.0926
results2403/20240329S023219.771107E024233.220058_scanAz_slow.dat,21.0890
results2403/20240329S024234.177223E025247.627713_scanAz_slow.dat,21.0535
results2403/20240329S025248.585257E025636.106302_scanAz_slow.dat,21.0813
read results2403/20240329_030135_scanAz_slow.txt,0.0133
results2403/20240329S030136.250930E031149.801032_scanAz_slow.dat,21.0765
results2403/20240329S031150.762790E032204.210362_scanAz_slow.dat,21.0946
results2403/20240329S032205.169076E033218.624698_scanAz_slow.dat,21.0504
results2403/20240329S033219.576696E034233.022206_scanAz_slow.dat,21.0961
results2403/20240329S034233.985513E035247.429659_scanAz_slow.dat,21.0794
results2403/20240329S035248.392657E035635.914152_scanAz_slow.dat,21.0599
read results2403/20240329_050135_scanAz_slow.txt,0.0133
results2403/20240329S050136.103377E051149.653090_scanAz_slow.dat,21.0828
results2403/20240329S051150.614935E052204.059986_scanAz_slow.dat,21.0857
results2403/20240329S052205.022382E053218.468950_scanAz_slow.dat,21.1025
results2403/20240329S053219.430361E054232.876639_scanAz_slow.dat,21.0501
results2403/20240329S054233.833006E055247.284388_scanAz_slow.dat,21.1065
results2403/20240329S055248.240368E055635.767832_scanAz_slow.dat,21.0865
read results2403/20240329_060134_scanAz_slow.txt,0.0133
results2403/20240329S060135.923856E061149.502690_scanAz_slow.dat,21.0843
results2403/20240329S061150.463441E062203.910354_scanAz_slow.dat,21.0657
results2403/20240329S062204.873946E063218.317938_scanAz_slow.dat,21.1000
results2403/20240329S063219.279710E064232.729621_scanAz_slow.dat,21.0737
results2403/20240329S064233.686539E065247.137159_scanAz_slow.dat,21.0728
results2403/20240329S065248.092980E065635.617475_scanAz_slow.dat,21.0851
read results2403/20240329_070134_scanAz_slow.txt,0.0135
results2403/20240329S070135.717211E071149.262400_scanAz_slow.dat,21.1003
results2403/20240329S071150.223702E072203.670894_scanAz_slow.dat,21.0706
results2403/20240329S072204.626945E073218.074144_scanAz_slow.dat,21.0570
results2403/20240329S073219.037393E074232.487082_scanAz_slow.dat,21.0783
results2403/20240329S074233.445288E075246.892575_scanAz_slow.dat,21.0510
results2403/20240329S075247.854371E075635.372727_scanAz_slow.dat,21.0700
read results2403/20240329_090135_scanAz_slow.txt,0.0133
results2403/20240329S090136.569195E091150.121361_scanAz_slow.dat,21.1023
results2403/20240329S091151.077914E092204.527508_scanAz_slow.dat,21.0449
results2403/20240329S092205.484322E093218.937330_scanAz_slow.dat,21.0618
results2403/20240329S093219.894652E094233.343970_scanAz_slow.dat,21.0534
results2403/20240329S094234.303922E095247.748341_scanAz_slow.dat,21.0868
results2403/20240329S095248.711611E095636.230372_scanAz_slow.dat,21.0580
read results2403/20240329_100135_scanAz_slow.txt,0.0134
results2403/20240329S100136.386890E101149.924604_scanAz_slow.dat,21.1072
results2403/20240329S101150.884128E102204.330607_scanAz_slow.dat,21.0934
results2403/20240329S102205.293311E103218.738884_scanAz_slow.dat,21.0900
results2403/20240329S103219.701859E104233.145350_scanAz_slow.dat,21.0617
results2403/20240329S104234.109534E105247.556215_scanAz_slow.dat,21.0861
results2403/20240329S105248.516152E105636.035711_scanAz_slow.dat,21.1240
read results2403/20240329_110135_scanAz_slow.txt,0.0132
results2403/20240329S110136.178633E111216.463398_scanAz_slow.dat,21.0849
results2403/20240329S111217.426509E112230.875018_scanAz_slow.dat,21.0583
results2403/20240329S112231.832180E113245.278417_scanAz_slow.dat,21.0785
results2403/20240329S113246.243393E114259.685715_scanAz_slow.dat,21.0866
results2403/20240329S114300.648387E115314.094776_scanAz_slow.dat,21.1025
results2403/20240329S115315.053250E115635.696409_scanAz_slow.dat,21.0861
read results2403/20240329_130134_scanAz_slow.txt,0.0134
results2403/20240329S130135.999333E131149.579415_scanAz_slow.dat,21.0788
results2403/20240329S131150.542222E132203.988219_scanAz_slow.dat,21.0767
results2403/20240329S132204.950242E133218.394852_scanAz_slow.dat,21.0889
results2403/20240329S133219.357520E134232.805986_scanAz_slow.dat,21.0971
results2403/20240329S134233.762641E135247.212498_scanAz_slow.dat,21.0821
results2403/20240329S135248.174546E135635.693705_scanAz_slow.dat,21.0595
read results2403/20240329_140134_scanAz_slow.txt,0.0133
results2403/20240329S140135.809364E141149.388823_scanAz_slow.dat,21.0582
results2403/20240329S141150.345600E142203.792724_scanAz_slow.dat,21.0502
results2403/20240329S142204.754608E143218.200991_scanAz_slow.dat,21.1039
results2403/20240329S143219.165187E144232.610698_scanAz_slow.dat,21.0507
results2403/20240329S144233.573072E145247.021068_scanAz_slow.dat,21.0844
results2403/20240329S145247.976782E145635.502093_scanAz_slow.dat,21.0993
read results2403/20240329_150135_scanAz_slow.txt,0.0134
results2403/20240329S150136.628224E151150.201491_scanAz_slow.dat,21.0975
results2403/20240329S151151.162399E152204.610005_scanAz_slow.dat,21.0891
results2403/20240329S152205.572102E153219.019236_scanAz_slow.dat,21.0802
results2403/20240329S153219.975245E154233.426260_scanAz_slow.dat,21.1712
results2403/20240329S154234.382353E155247.834223_scanAz_slow.dat,21.0851
results2403/20240329S155248.792016E155636.313944_scanAz_slow.dat,21.0716
read results2403/20240329_170135_scanAz_slow.txt,0.0134
results2403/20240329S170136.454936E171150.005276_scanAz_slow.dat,21.0781
results2403/20240329S171150.961635E172204.411782_scanAz_slow.dat,21.0795
results2403/20240329S172205.368981E173218.815600_scanAz_slow.dat,21.0600
results2403/20240329S173219.779133E174233.228087_scanAz_slow.dat,21.0810
results2403/20240329S174234.187753E175247.634851_scanAz_slow.dat,21.0787
results2403/20240329S175248.593881E175636.112955_scanAz_slow.dat,21.0815
read results2403/20240329_180135_scanAz_slow.txt,0.0134
results2403/20240329S180136.263436E181149.809240_scanAz_slow.dat,21.0921
results2403/20240329S181150.765945E182204.214158_scanAz_slow.dat,21.0710
results2403/20240329S182205.177373E183218.624323_scanAz_slow.dat,21.0526
results2403/20240329S183219.581566E184233.029837_scanAz_slow.dat,21.0932
results2403/20240329S184233.992841E185247.436784_scanAz_slow.dat,21.0741
results2403/20240329S185248.400116E185635.920031_scanAz_slow.dat,21.1027
read results2403/20240329_190135_scanAz_slow.txt,0.0134
results2403/20240329S190136.109442E191149.662770_scanAz_slow.dat,21.0916
results2403/20240329S191150.619361E192204.069906_scanAz_slow.dat,21.0865
results2403/20240329S192205.027720E193218.479751_scanAz_slow.dat,21.0721
results2403/20240329S193219.437767E194232.883192_scanAz_slow.dat,21.0439
results2403/20240329S194233.840115E195247.292374_scanAz_slow.dat,21.0580
results2403/20240329S195248.249309E195635.772439_scanAz_slow.dat,21.0910
read results2403/20240329_210134_scanAz_slow.txt,0.0133
results2403/20240329S210135.931707E211149.511041_scanAz_slow.dat,21.0641
results2403/20240329S211150.466528E212203.918311_scanAz_slow.dat,21.0636
results2403/20240329S212204.874353E213218.331280_scanAz_slow.dat,21.0752
results2403/20240329S213219.282349E214232.733628_scanAz_slow.dat,21.1380
results2403/20240329S214233.690568E215247.139019_scanAz_slow.dat,21.0449
results2403/20240329S215248.101411E215635.619913_scanAz_slow.dat,21.0676
read results2403/20240329_220134_scanAz_slow.txt,0.0054
results2403/20240329S220135.690262E221149.267090_scanAz_slow.dat,21.0881
results2403/20240329S221150.227680E222203.675482_scanAz_slow.dat,21.0917
results2403/20240329S222204.632120E223218.078568_scanAz_slow.dat,21.0514
results2403/20240329S223219.041291E224232.490455_scanAz_slow.dat,21.0594
results2403/20240329S224233.446515E225246.896315_scanAz_slow.dat,21.0781
results2403/20240329S225247.857743E225635.377059_scanAz_slow.dat,21.1007
read results2403/20240330_010135_scanAz_slow.txt,0.0133
results2403/20240330S010136.376693E011149.925517_scanAz_slow.dat,21.0678
results2403/20240330S011150.889480E012204.332153_scanAz_slow.dat,21.0721
results2403/20240330S012205.294797E013218.745084_scanAz_slow.dat,21.1474
results2403/20240330S013219.702027E014233.150696_scanAz_slow.dat,21.0918
results2403/20240330S014234.108132E015247.556569_scanAz_slow.dat,21.0712
results2403/20240330S015248.519898E015636.037848_scanAz_slow.dat,21.0694
read results2403/20240330_020135_scanAz_slow.txt,0.0133
results2403/20240330S020136.183249E021149.733299_scanAz_slow.dat,21.0757
results2403/20240330S021150.689585E022204.141574_scanAz_slow.dat,21.0456
results2403/20240330S022205.098427E023218.545803_scanAz_slow.dat,21.0831
results2403/20240330S023219.509591E024232.957722_scanAz_slow.dat,21.0551
results2403/20240330S024233.914695E025247.363226_scanAz_slow.dat,21.0856
results2403/20240330S025248.326257E025635.844308_scanAz_slow.dat,21.0939
read results2403/20240330_030134_scanAz_slow.txt,0.0136
results2403/20240330S030136.000158E031149.538260_scanAz_slow.dat,21.1509
results2403/20240330S031150.494584E032203.947200_scanAz_slow.dat,21.0637
results2403/20240330S032204.904006E033218.353758_scanAz_slow.dat,21.0809
results2403/20240330S033219.310635E034232.759926_scanAz_slow.dat,21.0685
results2403/20240330S034233.722558E035247.169367_scanAz_slow.dat,21.0883
results2403/20240330S035248.126886E035635.649073_scanAz_slow.dat,21.0586
read results2403/20240330_050134_scanAz_slow.txt,0.0134
results2403/20240330S050135.837443E051149.384386_scanAz_slow.dat,21.0630
results2403/20240330S051150.345316E052203.796132_scanAz_slow.dat,21.0688
results2403/20240330S052204.752315E053218.201775_scanAz_slow.dat,21.0805
results2403/20240330S053219.163283E054232.608575_scanAz_slow.dat,21.0741
results2403/20240330S054233.570404E055247.019939_scanAz_slow.dat,21.0849
results2403/20240330S055247.976735E055635.497742_scanAz_slow.dat,21.0690
read results2403/20240330_060134_scanAz_slow.txt,0.0054
results2403/20240330S060135.641628E061149.192086_scanAz_slow.dat,21.0815
results2403/20240330S061150.153263E062203.598914_scanAz_slow.dat,21.0787
results2403/20240330S062204.561935E063218.008590_scanAz_slow.dat,21.0548
results2403/20240330S063218.964833E064232.414034_scanAz_slow.dat,21.0491
results2403/20240330S064233.376408E065246.818862_scanAz_slow.dat,21.0786
results2403/20240330S065247.780974E065635.304254_scanAz_slow.dat,21.0646
read results2403/20240330_070135_scanAz_slow.txt,0.0054
results2403/20240330S070136.454320E071150.001597_scanAz_slow.dat,21.0705
results2403/20240330S071150.965266E072204.411964_scanAz_slow.dat,21.0528
results2403/20240330S072205.373410E073218.822002_scanAz_slow.dat,21.0612
results2403/20240330S073219.780705E074233.227888_scanAz_slow.dat,21.0790
results2403/20240330S074234.183731E075247.634722_scanAz_slow.dat,21.0445
results2403/20240330S075248.591213E075636.113897_scanAz_slow.dat,21.0890
read results2403/20240330_090135_scanAz_slow.txt,0.0055
results2403/20240330S090136.303042E091149.850233_scanAz_slow.dat,21.0663
results2403/20240330S091150.813030E092204.259672_scanAz_slow.dat,21.0870
results2403/20240330S092205.222622E093218.670366_scanAz_slow.dat,21.0709
results2403/20240330S093219.628431E094233.076305_scanAz_slow.dat,21.0569
results2403/20240330S094234.033392E095247.482807_scanAz_slow.dat,21.0536
results2403/20240330S095248.445444E095635.965207_scanAz_slow.dat,21.0768
read results2403/20240330_100135_scanAz_slow.txt,0.0054
results2403/20240330S100136.127901E101149.703952_scanAz_slow.dat,21.0741
results2403/20240330S101150.666058E102204.110986_scanAz_slow.dat,21.0489
results2403/20240330S102205.072048E103218.518221_scanAz_slow.dat,21.0875
results2403/20240330S103219.481485E104232.927110_scanAz_slow.dat,21.0740
results2403/20240330S104233.890966E105247.336975_scanAz_slow.dat,21.0690
results2403/20240330S105248.293841E105635.816544_scanAz_slow.dat,21.0696
read results2403/20240330_110134_scanAz_slow.txt,0.0054
results2403/20240330S110135.912075E111149.461838_scanAz_slow.dat,21.0460
results2403/20240330S111150.423662E112203.869814_scanAz_slow.dat,21.0715
results2403/20240330S112204.827367E113218.277046_scanAz_slow.dat,21.0597
results2403/20240330S113219.239680E114232.681750_scanAz_slow.dat,21.0581
results2403/20240330S114233.644756E115247.090836_scanAz_slow.dat,21.0423
results2403/20240330S115248.053490E115635.573993_scanAz_slow.dat,21.0821
read results2403/20240330_130134_scanAz_slow.txt,0.0134
results2403/20240330S130135.759540E131149.308489_scanAz_slow.dat,21.0867
results2403/20240330S131150.270014E132203.716493_scanAz_slow.dat,21.0646
results2403/20240330S132204.678203E133218.123131_scanAz_slow.dat,21.0706
results2403/20240330S133219.085830E134232.533171_scanAz_slow.dat,21.0949
results2403/20240330S134233.495243E135246.942642_scanAz_slow.dat,21.0757
results2403/20240330S135247.898305E135635.422371_scanAz_slow.dat,21.0534
read results2403/20240330_140134_scanAz_slow.txt,0.0055
results2403/20240330S140135.612875E141149.159968_scanAz_slow.dat,21.0932
results2403/20240330S141150.121826E142203.573027_scanAz_slow.dat,21.0476
results2403/20240330S142204.529605E143217.979173_scanAz_slow.dat,21.0743
results2403/20240330S143218.936140E144232.382534_scanAz_slow.dat,21.0880
results2403/20240330S144233.344935E145246.795379_scanAz_slow.dat,21.0343
results2403/20240330S145247.751638E145635.274027_scanAz_slow.dat,21.1128
read results2403/20240330_150135_scanAz_slow.txt,0.0055
results2403/20240330S150136.432442E151149.972729_scanAz_slow.dat,21.0740
results2403/20240330S151150.934016E152204.382752_scanAz_slow.dat,21.0695
results2403/20240330S152205.344479E153218.789086_scanAz_slow.dat,21.0581
results2403/20240330S153219.750846E154233.198423_scanAz_slow.dat,21.0565
results2403/20240330S154234.155036E155247.603196_scanAz_slow.dat,21.0442
results2403/20240330S155248.565527E155636.085759_scanAz_slow.dat,21.0594
read results2403/20240330_170135_scanAz_slow.txt,0.0054
results2403/20240330S170136.235022E171149.775784_scanAz_slow.dat,21.0554
results2403/20240330S171150.737536E172204.183011_scanAz_slow.dat,21.0594
results2403/20240330S172205.139878E173218.589701_scanAz_slow.dat,21.0656
results2403/20240330S173219.552405E174232.997439_scanAz_slow.dat,21.0636
results2403/20240330S174233.960427E175247.405796_scanAz_slow.dat,21.0592
results2403/20240330S175248.362684E175635.885525_scanAz_slow.dat,21.0634
read results2403/20240330_180134_scanAz_slow.txt,0.0055
results2403/20240330S180136.042856E181149.580700_scanAz_slow.dat,21.0724
results2403/20240330S181150.536777E182203.984168_scanAz_slow.dat,21.0609
results2403/20240330S182204.948054E183218.391422_scanAz_slow.dat,21.0441
results2403/20240330S183219.355829E184232.803136_scanAz_slow.dat,21.0790
results2403/20240330S184233.760017E185247.210133_scanAz_slow.dat,21.0658
results2403/20240330S185248.167064E185635.690518_scanAz_slow.dat,21.0667
read results2403/20240330_190134_scanAz_slow.txt,0.0054
results2403/20240330S190135.833154E191149.383089_scanAz_slow.dat,21.0770
results2403/20240330S191150.345509E192203.791623_scanAz_slow.dat,21.0659
results2403/20240330S192204.749007E193218.200842_scanAz_slow.dat,21.0295
results2403/20240330S193219.158043E194232.607047_scanAz_slow.dat,21.0579
results2403/20240330S194233.564170E195247.016389_scanAz_slow.dat,21.0474
results2403/20240330S195247.974201E195635.495072_scanAz_slow.dat,21.0784
read results2403/20240330_210134_scanAz_slow.txt,0.0055
results2403/20240330S210135.654912E211149.233339_scanAz_slow.dat,21.0648
results2403/20240330S211150.188506E212203.636619_scanAz_slow.dat,21.0747
results2403/20240330S212204.600580E213218.046072_scanAz_slow.dat,21.0479
results2403/20240330S213219.008034E214232.452003_scanAz_slow.dat,21.0556
results2403/20240330S214233.414720E215246.861312_scanAz_slow.dat,21.0696
results2403/20240330S215247.823374E215635.341580_scanAz_slow.dat,21.0644
read results2403/20240330_220135_scanAz_slow.txt,0.0055
results2403/20240330S220136.408421E221149.949314_scanAz_slow.dat,21.0724
results2403/20240330S221150.909963E222204.357724_scanAz_slow.dat,21.0888
results2403/20240330S222205.314111E223218.764852_scanAz_slow.dat,21.0522
results2403/20240330S223219.721287E224233.169069_scanAz_slow.dat,21.0706
results2403/20240330S224234.131043E225247.577091_scanAz_slow.dat,21.0518
results2403/20240330S225248.538824E225636.059100_scanAz_slow.dat,21.0758
read results2403/20240331_010135_scanAz_slow.txt,0.0054
results2403/20240331S010136.124430E011149.696750_scanAz_slow.dat,21.0679
results2403/20240331S011150.659044E012204.107399_scanAz_slow.dat,21.0601
results2403/20240331S012205.066236E013218.514508_scanAz_slow.dat,21.0699
results2403/20240331S013219.471732E014232.916638_scanAz_slow.dat,21.0656
results2403/20240331S014233.879610E015247.328946_scanAz_slow.dat,21.0821
results2403/20240331S015248.286708E015635.808278_scanAz_slow.dat,21.0890
read results2403/20240331_020134_scanAz_slow.txt,0.0054
results2403/20240331S020135.951635E021149.503052_scanAz_slow.dat,21.0809
results2403/20240331S021150.459690E022203.906956_scanAz_slow.dat,21.0508
results2403/20240331S022204.870495E023218.313813_scanAz_slow.dat,21.0937
results2403/20240331S023219.278326E024232.721215_scanAz_slow.dat,21.0693
results2403/20240331S024233.684491E025247.130048_scanAz_slow.dat,21.0530
results2403/20240331S025248.093307E025635.611121_scanAz_slow.dat,21.0623
read results2403/20240331_030134_scanAz_slow.txt,0.0054
results2403/20240331S030135.804252E031149.355177_scanAz_slow.dat,21.0917
results2403/20240331S031150.311154E032203.763881_scanAz_slow.dat,21.0811
results2403/20240331S032204.720976E033218.167872_scanAz_slow.dat,21.0842
results2403/20240331S033219.131699E034232.573518_scanAz_slow.dat,21.0448
results2403/20240331S034233.538025E035246.985710_scanAz_slow.dat,21.0846
results2403/20240331S035247.943861E035635.466437_scanAz_slow.dat,21.0821
read results2403/20240331_050134_scanAz_slow.txt,0.0054
results2403/20240331S050135.630086E051149.204031_scanAz_slow.dat,21.0866
results2403/20240331S051150.165575E052203.612759_scanAz_slow.dat,21.0903
results2403/20240331S052204.569051E053218.018669_scanAz_slow.dat,21.0698
results2403/20240331S053218.980433E054232.428031_scanAz_slow.dat,21.0539
results2403/20240331S054233.384358E055246.830508_scanAz_slow.dat,21.0923
results2403/20240331S055247.792938E055635.313063_scanAz_slow.dat,21.0964
read results2403/20240331_060135_scanAz_slow.txt,0.0135
results2403/20240331S060136.418812E061149.966316_scanAz_slow.dat,21.1166
results2403/20240331S061150.927977E062204.377951_scanAz_slow.dat,21.0877
results2403/20240331S062205.334781E063218.781469_scanAz_slow.dat,21.0736
results2403/20240331S063219.744176E064233.188833_scanAz_slow.dat,21.0894
results2403/20240331S064234.151563E065247.595559_scanAz_slow.dat,21.0944
results2403/20240331S065248.559058E065636.079521_scanAz_slow.dat,21.0897
read results2403/20240331_070135_scanAz_slow.txt,0.0054
results2403/20240331S070136.235128E071149.772024_scanAz_slow.dat,21.0437
results2403/20240331S071150.733294E072204.177204_scanAz_slow.dat,21.1277
results2403/20240331S072205.140144E073218.583659_scanAz_slow.dat,21.0838
results2403/20240331S073219.545066E074232.996399_scanAz_slow.dat,21.0267
results2403/20240331S074233.953619E075247.403085_scanAz_slow.dat,21.0684
results2403/20240331S075248.359461E075635.883623_scanAz_slow.dat,21.0731
read results2403/20240331_090135_scanAz_slow.txt,0.0054
results2403/20240331S090136.070972E091149.621410_scanAz_slow.dat,21.0737
results2403/20240331S091150.578363E092204.026560_scanAz_slow.dat,21.0928
results2403/20240331S092204.989572E093218.434925_scanAz_slow.dat,21.0722
results2403/20240331S093219.397604E094232.839889_scanAz_slow.dat,21.0920
results2403/20240331S094233.804190E095247.250094_scanAz_slow.dat,21.0473
results2403/20240331S095248.206928E095635.731017_scanAz_slow.dat,21.0545
read results2403/20240331_100134_scanAz_slow.txt,0.0088
results2403/20240331S100135.881042E101149.423442_scanAz_slow.dat,21.0625
results2403/20240331S101150.385771E102203.831761_scanAz_slow.dat,21.0818
results2403/20240331S102204.788911E103218.238588_scanAz_slow.dat,21.0582
results2403/20240331S103219.201567E104232.648246_scanAz_slow.dat,21.0962
results2403/20240331S104233.605163E105247.050957_scanAz_slow.dat,21.0998
results2403/20240331S105248.016029E105635.534308_scanAz_slow.dat,21.0588
read results2403/20240331_110134_scanAz_slow.txt,0.0136
results2403/20240331S110135.726950E111149.279125_scanAz_slow.dat,21.0826
results2403/20240331S111150.236207E112203.681706_scanAz_slow.dat,21.0548
results2403/20240331S112204.645871E113218.093542_scanAz_slow.dat,21.0918
results2403/20240331S113219.052496E114232.499722_scanAz_slow.dat,21.0791
results2403/20240331S114233.457177E115246.906594_scanAz_slow.dat,21.0961
results2403/20240331S115247.869299E115635.386682_scanAz_slow.dat,21.0769
read results2403/20240331_130135_scanAz_slow.txt,0.0133
results2403/20240331S130136.534971E131150.084099_scanAz_slow.dat,21.0883
results2403/20240331S131151.045109E132204.494260_scanAz_slow.dat,21.0570
results2403/20240331S132205.450667E133218.897892_scanAz_slow.dat,21.1206
results2403/20240331S133219.860715E134233.304405_scanAz_slow.dat,21.0642
results2403/20240331S134234.267125E135247.714003_scanAz_slow.dat,21.0698
results2403/20240331S135248.676395E135636.196691_scanAz_slow.dat,21.0726
read results2403/20240331_140135_scanAz_slow.txt,0.0136
results2403/20240331S140136.340056E141149.891346_scanAz_slow.dat,21.0625
results2403/20240331S141150.846460E142204.299146_scanAz_slow.dat,21.0850
results2403/20240331S142205.255147E143218.711204_scanAz_slow.dat,21.0914
results2403/20240331S143219.667125E144233.109864_scanAz_slow.dat,21.0865
results2403/20240331S144234.071758E145248.531635_scanAz_slow.dat,21.0805
results2403/20240331S145249.487296E145636.049593_scanAz_slow.dat,21.0819
read results2403/20240331_150135_scanAz_slow.txt,0.0136
results2403/20240331S150136.158249E151149.695575_scanAz_slow.dat,21.0792
results2403/20240331S151150.657172E152204.103062_scanAz_slow.dat,21.0728
results2403/20240331S152205.065064E153218.513073_scanAz_slow.dat,21.0599
results2403/20240331S153219.469384E154232.916230_scanAz_slow.dat,21.1115
results2403/20240331S154233.878701E155247.326025_scanAz_slow.dat,21.0944
results2403/20240331S155248.288115E155635.806874_scanAz_slow.dat,21.0617
read results2403/20240331_170134_scanAz_slow.txt,0.0135
results2403/20240331S170135.947650E171149.499372_scanAz_slow.dat,21.0878
results2403/20240331S171150.455456E172203.904349_scanAz_slow.dat,21.1034
results2403/20240331S172204.867072E173218.309963_scanAz_slow.dat,21.1219
results2403/20240331S173219.273600E174232.720182_scanAz_slow.dat,21.0747
results2403/20240331S174233.682898E175247.128521_scanAz_slow.dat,21.0599
results2403/20240331S175248.085265E175635.608492_scanAz_slow.dat,21.0674
read results2403/20240331_180134_scanAz_slow.txt,0.0133
results2403/20240331S180135.752836E181149.299446_scanAz_slow.dat,21.0746
results2403/20240331S181150.262448E182203.708689_scanAz_slow.dat,21.0713
results2403/20240331S182204.672004E183218.115548_scanAz_slow.dat,21.0614
results2403/20240331S183219.079712E184232.526445_scanAz_slow.dat,21.0884
results2403/20240331S184233.486353E185246.933942_scanAz_slow.dat,21.0547
results2403/20240331S185247.890903E185635.413512_scanAz_slow.dat,21.0915
read results2403/20240331_190135_scanAz_slow.txt,0.0133
results2403/20240331S190136.564521E191150.112216_scanAz_slow.dat,21.0830
results2403/20240331S191151.076135E192204.521568_scanAz_slow.dat,21.0516
results2403/20240331S192205.479889E193218.932168_scanAz_slow.dat,21.0889
results2403/20240331S193219.891187E194233.339525_scanAz_slow.dat,21.0943
results2403/20240331S194234.298692E195247.744779_scanAz_slow.dat,21.0697
results2403/20240331S195248.702049E195636.226658_scanAz_slow.dat,21.0871
read results2403/20240331_210135_scanAz_slow.txt,0.0135
results2403/20240331S210136.366225E211149.915853_scanAz_slow.dat,21.0900
results2403/20240331S211150.876319E212204.321253_scanAz_slow.dat,21.0582
results2403/20240331S212205.283583E213218.733437_scanAz_slow.dat,21.0650
results2403/20240331S213219.690553E214233.138157_scanAz_slow.dat,21.0510
results2403/20240331S214234.099675E215247.544090_scanAz_slow.dat,21.0828
results2403/20240331S215248.505810E215636.026264_scanAz_slow.dat,21.0846
read results2403/20240331_220135_scanAz_slow.txt,0.0135
results2403/20240331S220136.185587E221149.722256_scanAz_slow.dat,21.0573
results2403/20240331S221150.677696E222204.128320_scanAz_slow.dat,21.0659
results2403/20240331S222205.090118E223218.536901_scanAz_slow.dat,21.0461
results2403/20240331S223219.492979E224232.941341_scanAz_slow.dat,21.0606
results2403/20240331S224233.905594E225247.348140_scanAz_slow.dat,21.0926
results2403/20240331S225248.310743E225635.831426_scanAz_slow.dat,21.0445

Total time taken: 66679.4317 seconds
