data URL: http://weather.uwyo.edu/cgi-bin/sounding?region=naconf&TYPE=TEXT%3ALIST&YEAR=2024&MONTH=01&FROM=all&TO=112&STNM=89009
b'<HTML> 8 
<TITLE>University of Wyoming - Radiosonde Data</TITLE> 54 
<BODY BGCOLOR="white"> 22 
<H2>89009  Amundsen-Scott Observations at 00Z 01 Jan 2024</H2> 62 
<PRE> 5 
----------------------------------------------------------------------------- 77 
   PRES   HGHT   TEMP   DWPT   RELH   MIXR   DRCT   SKNT   THTA   THTE   THTV 77 
    hPa     m      C      C      %    g/kg    deg   knot     K      K      K  77 
----------------------------------------------------------------------------- 77 
 1000.0   -190                                                                77 
  925.0    472                                                                77 
  850.0   1172                                                                77 
  700.0   2678                                                                77 
  685.0   2835  -26.5  -30.4     70   0.45    320      6  274.8  276.2  274.9 77 
  684.0   2846  -25.3  -27.8     80   0.57    318      5  276.3  278.0  276.4 77 
  683.0   2856  -25.6  -28.1     79   0.56    315      4  276.1  277.8  276.2 77 
  679.0   2899  -26.7  -29.5     77   0.49    311      4  275.3  276.8  275.4 77 
  611.0   3664  -24.1  -26.8     78   0.70    235      8  286.7  288.9  286.8 77 
  585.0   3980  -25.9  -29.0     75   0.60    204      9  288.2  290.1  288.3 77 
  574.0   4118  -25.6  -28.8     75   0.62    190     10  290.0  292.1  290.1 77 
  561.0   4284  -25.4  -28.4     75   0.66    205     13  292.3  294.5  292.4 77 
  559.0   4310  -25.3  -28.4     75   0.66    205     13  292.7  294.8  292.8 77 
  519.0   4842  -29.0  -32.4     73   0.49    210     13  294.4  296.1  294.5 77 
  500.0   5110  -30.9  -34.4     71   0.42    195     23  295.3  296.7  295.4 77 
  485.0   5326  -32.3  -35.2     75   0.40    200     23  296.2  297.5  296.2 77 
  458.0   5727  -34.3  -37.4     73   0.34    210     23  298.5  299.7  298.6 77 
  416.0   6400  -37.7  -41.2     70   0.25    199     29  302.5  303.4  302.6 77 
  400.0   6670  -39.9  -43.9     65   0.20    195     31  303.1  303.8  303.1 77 
  374.0   7123  -43.7  -46.6     73   0.16    195     36  303.9  304.5  303.9 77 
  300.0   8560  -55.1  -60.1     54   0.04    195     51  307.6  307.7  307.6 77 
  290.0   8777  -56.7  -62.7     47   0.03    198     56  308.3  308.4  308.3 77 
  282.0   8953  -58.1  -63.5     50   0.03    200     60  308.8  308.9  308.8 77 
  263.0   9393  -61.5  -65.4     60   0.02    195     58  310.0  310.1  310.0 77 
  256.0   9561  -60.5  -69.7     29   0.01    190     55  313.9  314.0  313.9 77 
  255.0   9586  -60.3  -70.3     26   0.01    190     54  314.5  314.6  314.5 77 
  250.0   9710  -60.5  -69.5     30   0.01    190     49  316.0  316.1  316.0 77 
  241.0   9938  -59.5  -70.5     23   0.01    192     48  320.8  320.9  320.8 77 
  216.0  10625  -56.7  -80.7      3   0.00    197     46  335.4  335.4  335.4 77 
  200.0  11110  -57.1  -82.1      3   0.00    200     44  342.2  342.2  342.2 77 
  180.0  11779  -55.5  -83.2      2   0.00    200     43  355.3  355.3  355.3 77 
  165.0  12332  -54.1  -84.1      1   0.00    191     28  366.5  366.6  366.5 77 
  164.0  12371  -54.2  -84.2      1   0.00    190     27  367.1  367.1  367.1 77 
  150.0  12940  -55.3  -86.3      1   0.00    190     31  374.6  374.6  374.6 77 
  145.0  13156  -55.9  -86.9      1   0.00    196     33  377.2  377.2  377.2 77 
  138.0  13476  -55.0  -86.8      1   0.00    205     37  384.2  384.2  384.2 77 
  124.0  14167  -53.0  -86.7      1   0.00    195     34  399.8  399.8  399.8 77 
  115.0  14654  -51.6  -86.6      1   0.00    210     27  411.1  411.1  411.1 77 
  105.0  15242  -49.9  -86.5      1   0.00    190     32  425.1  425.1  425.1 77 
  103.0  15366  -49.5  -86.5      1   0.00    200     30  428.2  428.2  428.2 77 
  100.0  15560  -49.9  -86.9      1   0.00    215     28  431.0  431.0  431.0 77 
   97.0  15761  -49.4  -86.8      1   0.00    195     23  435.8  435.9  435.8 77 
   94.0  15967  -48.8  -86.7      0   0.00    205     29  440.9  440.9  440.9 77 
   90.0  16254  -48.0  -86.5      0   0.00    190     25  447.9  447.9  447.9 77 
   86.3  16530  -47.3  -86.3      0   0.00    208     29  454.8  454.8  454.8 77 
   84.0  16711  -45.9  -85.4      0   0.00    220     31  461.1  461.1  461.1 77 
   81.0  16955  -44.1  -84.2      0   0.00    210     39  469.7  469.8  469.7 77 
   77.3  17269  -41.7  -82.7      0   0.01    187     29  481.0  481.0  481.0 77 
   77.0  17295  -41.8  -82.7      0   0.01    185     28  481.3  481.4  481.3 77 
   72.2  17730  -43.3  -83.3      0   0.01    195     25  487.1  487.1  487.1 77 
   70.0  17940  -41.1  -82.1      0   0.01    200     24  496.1  496.1  496.1 77 
   67.4  18198  -38.9  -80.9      0   0.01    202     26  506.2  506.3  506.2 77 
   62.0  18773  -38.1  -80.1      0   0.01    205     31  520.3  520.4  520.3 77 
   61.0  18885  -37.9  -79.9      0   0.01    220     28  523.1  523.1  523.1 77 
   58.5  19173  -37.5  -79.5      0   0.01    212     36  530.3  530.4  530.3 77 
   58.0  19233  -37.2  -79.3      0   0.01    210     38  532.4  532.5  532.4 77 
   56.0  19477  -35.8  -78.4      0   0.02    195     33  540.9  541.0  540.9 77 
   53.0  19862  -33.6  -77.1      0   0.02    205     26  554.5  554.7  554.5 77 
   51.3  20089  -32.3  -76.3      0   0.02    202     29  562.7  562.9  562.7 77 
   50.0  20270  -32.5  -76.5      0   0.02    200     32  566.4  566.6  566.4 77 
   46.6  20764  -34.5  -77.5      0   0.02    200     31  573.1  573.3  573.1 77 
   41.0  21667  -31.5  -75.9      0   0.03    200     29  601.9  602.2  601.9 77 
   38.6  22093  -30.1  -75.1      0   0.04    212     32  615.9  616.3  615.9 77 
   38.0  22204  -30.2  -75.1      0   0.04    215     33  618.4  618.7  618.4 77 
   35.0  22787  -30.8  -75.4      0   0.04    175     23  631.5  631.9  631.5 77 
   34.0  22993  -31.0  -75.5      0   0.04    185     15  636.2  636.6  636.2 77 
   33.0  23204  -31.3  -75.5      0   0.04    230     20  641.1  641.4  641.1 77 
   32.0  23423  -31.5  -75.6      0   0.04    235     26  646.1  646.5  646.1 77 
   31.1  23625  -31.7  -75.7      0   0.04    222     27  650.8  651.2  650.9 77 
   31.0  23648  -31.6  -75.7      0   0.04    220     27  651.6  652.0  651.6 77 
   30.0  23880  -31.1  -75.1      1   0.05    215     26  659.2  659.7  659.2 77 
   29.0  24122  -30.7  -75.0      0   0.05    220     15  666.8  667.3  666.8 77 
   27.0  24631  -29.8  -74.7      0   0.06    230     27  683.1  683.7  683.1 77 
   24.0  25471  -28.3  -74.2      0   0.07    200     27  710.8  711.5  710.9 77 
   23.7  25561  -28.1  -74.1      0   0.07                713.9  714.6  713.9 77 
</PRE><H3>Station information and sounding indices</H3><PRE> 60 
                             Station number: 89009 50 
                           Observation time: 240101/0000 56 
                           Station latitude: -90.00 51 
                          Station longitude: 0.00 49 
                          Station elevation: 2835.0 51 
                               Lifted index: 13.16 50 
    LIFT computed using virtual temperature: 13.20 50 
      Convective Available Potential Energy: 0.00 49 
             CAPE using virtual temperature: 0.00 49 
                      Convective Inhibition: 0.00 49 
             CINS using virtual temperature: 0.00 49 
                     Bulk Richardson Number: 0.00 49 
          Bulk Richardson Number using CAPV: 0.00 49 
  Temp [K] of the Lifted Condensation Level: 243.92 51 
Pres [hPa] of the Lifted Condensation Level: 632.06 51 
   Equivalent potential temp [K] of the LCL: 279.79 51 
     Mean mixed layer potential temperature: 278.14 51 
              Mean mixed layer mixing ratio: 0.55 49 
              1000 hPa to 500 hPa thickness: 5300.00 52 
Precipitable water [mm] for entire sounding: 1.59 49 
</PRE> 6 
<H2>89009  Amundsen-Scott Observations at 12Z 01 Jan 2024</H2> 62 
<PRE> 5 
----------------------------------------------------------------------------- 77 
   PRES   HGHT   TEMP   DWPT   RELH   MIXR   DRCT   SKNT   THTA   THTE   THTV 77 
    hPa     m      C      C      %    g/kg    deg   knot     K      K      K  77 
----------------------------------------------------------------------------- 77 
 1000.0   -220                                                                77 
  925.0    442                                                                77 
  850.0   1142                                                                77 
  700.0   2651                                                                77 
  682.0   2835  -25.3  -29.2     70   0.50    340     14  276.5  278.1  276.6 77 
  666.0   3007  -26.7  -28.8     82   0.54    328     17  276.8  278.5  276.9 77 
  648.0   3206  -26.4  -28.6     82   0.56    315     20  279.3  281.0  279.4 77 
  572.0   4111  -25.3  -27.9     79   0.68    301     20  290.7  293.0  290.9 77 
  500.0   5080  -30.3  -32.6     80   0.50    285     20  296.0  297.7  296.1 77 
  494.0   5166  -30.9  -32.9     83   0.49    283     19  296.3  298.0  296.4 77 
  482.0   5338  -31.9  -34.0     81   0.45    280     18  297.2  298.8  297.3 77 
  457.0   5710  -33.9  -36.4     78   0.37    290     19  299.2  300.5  299.3 77 
  402.0   6606  -38.9  -42.2     71   0.23    236     21  303.9  304.8  304.0 77 
  401.0   6623  -39.1  -42.4     71   0.23    235     21  303.9  304.7  303.9 77 
  400.0   6640  -39.3  -42.6     71   0.22    230     21  303.8  304.7  303.9 77 
  362.0   7313  -44.7  -47.7     72   0.14    240     20  305.4  305.9  305.4 77 
  358.0   7388  -45.3  -48.3     72   0.13    238     21  305.6  306.1  305.6 77 
  329.0   7948  -47.7  -51.1     68   0.11    218     28  309.7  310.1  309.8 77 
  324.0   8048  -48.4  -51.9     67   0.10    215     29  310.1  310.5  310.1 77 
  300.0   8550  -52.1  -55.9     63   0.07    220     28  311.8  312.1  311.8 77 
  264.0   9367  -58.1  -62.5     57   0.03    224     29  314.6  314.8  314.6 77 
  250.0   9710  -58.5  -63.0     56   0.03    225     29  319.0  319.1  319.0 77 
  244.0   9863  -59.1  -61.7     72   0.04    228     31  320.3  320.5  320.3 77 
  239.0   9992  -59.8  -63.4     62   0.03    230     33  321.2  321.3  321.2 77 
  235.0  10098  -60.3  -64.8     55   0.03    225     36  321.9  322.1  321.9 77 
  227.0  10315  -60.1  -68.1     34   0.02    222     35  325.4  325.5  325.4 77 
  200.0  11110  -58.1  -76.1      8   0.01    210     33  340.6  340.6  340.6 77 
  195.0  11269  -57.7  -80.7      4   0.00    213     35  343.7  343.7  343.7 77 
  191.0  11400  -57.5  -81.0      4   0.00    215     37  346.1  346.1  346.1 77 
  174.0  11990  -56.5  -82.5      2   0.00    205     34  357.1  357.1  357.1 77 
  150.0  12930  -54.9  -84.9      1   0.00    205     29  375.3  375.3  375.3 77 
  145.0  13147  -53.5  -84.5      1   0.00    203     29  381.4  381.4  381.4 77 
  140.0  13374  -53.2  -84.5      1   0.00    200     28  385.7  385.7  385.7 77 
  131.0  13804  -52.7  -84.5      1   0.00    215     23  394.1  394.1  394.1 77 
  120.0  14371  -52.0  -84.5      1   0.00    225     33  405.4  405.4  405.4 77 
  118.0  14480  -51.8  -84.5      1   0.00    215     35  407.6  407.6  407.6 77 
  112.0  14817  -51.4  -84.5      1   0.00    195     23  414.5  414.5  414.5 77 
  100.0  15550  -50.5  -84.5      1   0.00    195     18  429.9  429.9  429.9 77 
   98.0  15684  -50.0  -84.3      1   0.00    210     22  433.3  433.4  433.3 77 
   94.0  15961  -49.0  -84.0      1   0.00    195     28  440.5  440.6  440.5 77 
   89.0  16324  -47.6  -83.6      1   0.00    205     25  450.2  450.2  450.2 77 
   85.0  16630  -46.5  -83.2      1   0.00    190     23  458.4  458.4  458.4 77 
   72.0  17733  -42.4  -81.9      1   0.01    195     16  489.4  489.4  489.4 77 
   70.0  17920  -41.7  -81.7      1   0.01    195     20  494.8  494.9  494.8 77 
   69.0  18018  -41.6  -81.6      1   0.01    205     18  497.0  497.1  497.0 77 
   67.6  18157  -41.5  -81.5      1   0.01    198     19  500.2  500.2  500.2 77 
   66.0  18319  -42.2  -82.2      1   0.01    190     20  502.2  502.2  502.2 77 
   65.7  18350  -42.3  -82.3      1   0.01    191     20  502.5  502.6  502.5 77 
   61.0  18861  -40.1  -80.9      0   0.01    215     22  518.3  518.3  518.3 77 
   59.0  19090  -39.1  -80.2      0   0.01    195     32  525.5  525.6  525.5 77 
   57.0  19328  -38.0  -79.6      0   0.01    175     23  533.0  533.1  533.0 77 
   54.0  19700  -36.4  -78.6      0   0.02    210     19  545.1  545.2  545.1 77 
   50.0  20230  -34.1  -77.1      0   0.02    180     26  562.6  562.8  562.6 77 
   48.0  20516  -32.4  -76.2      0   0.03    180     16  573.3  573.6  573.4 77 
   47.7  20560  -32.1  -76.1      0   0.03    186     15  575.0  575.2  575.0 77 
   47.0  20665  -31.9  -76.0      0   0.03    200     11  577.8  578.0  577.8 77 
   46.0  20817  -31.7  -75.9      0   0.03    220     16  581.9  582.1  581.9 77 
   44.0  21131  -31.3  -75.6      0   0.03    210     23  590.4  590.7  590.5 77 
   42.0  21460  -30.8  -75.3      0   0.03    220     30  599.5  599.8  599.5 77 
   41.0  21630  -30.6  -75.2      0   0.03    215     34  604.3  604.6  604.3 77 
   38.0  22168  -29.8  -74.8      0   0.04    175     18  619.5  619.9  619.5 77 
   37.7  22224  -29.7  -74.7      0   0.04    178     17  621.1  621.5  621.1 77 
   37.0  22357  -29.6  -74.6      0   0.04    185     14  624.6  625.0  624.6 77 
   36.0  22552  -29.5  -74.5      0   0.04    190     19  629.8  630.2  629.8 77 
   34.0  22959  -29.3  -74.3      0   0.05    210     17  640.7  641.1  640.7 77 
   31.0  23617  -29.0  -74.0      0   0.05    210     24  658.7  659.2  658.7 77 
   30.0  23850  -28.9  -73.9      0   0.06    220     24  665.2  665.7  665.2 77 
   29.0  24093  -28.4  -74.3      0   0.06    190     24  673.2  673.7  673.2 77 
   28.9  24117  -28.3  -74.3      0   0.06                674.0  674.5  674.0 77 
</PRE><H3>Station information and sounding indices</H3><PRE> 60 
                             Station number: 89009 50 
                           Observation time: 240101/1200 56 
                           Station latitude: -90.00 51 
                          Station longitude: 0.00 49 
                          Station elevation: 2835.0 51 
                               Lifted index: 13.80 50 
    LIFT computed using virtual temperature: 13.85 50 
      Convective Available Potential Energy: 0.00 49 
             CAPE using virtual temperature: 0.00 49 
                      Convective Inhibition: 0.00 49 
             CINS using virtual temperature: 0.00 49 
                     Bulk Richardson Number: 0.00 49 
          Bulk Richardson Number using CAPV: 0.00 49 
  Temp [K] of the Lifted Condensation Level: 243.92 51 
Pres [hPa] of the Lifted Condensation Level: 632.49 51 
   Equivalent potential temp [K] of the LCL: 279.73 51 
     Mean mixed layer potential temperature: 278.05 51 
              Mean mixed layer mixing ratio: 0.54 49 
              1000 hPa to 500 hPa thickness: 5300.00 52 
Precipitable water [mm] for entire sounding: 1.65 49 
</PRE> 6 
<H2>89009  Amundsen-Scott Observations at 12Z 02 Jan 2024</H2> 62 
<PRE> 5 
----------------------------------------------------------------------------- 77 
   PRES   HGHT   TEMP   DWPT   RELH   MIXR   DRCT   SKNT   THTA   THTE   THTV 77 
    hPa     m      C      C      %    g/kg    deg   knot     K      K      K  77 
----------------------------------------------------------------------------- 77 
 1000.0   -214                                                                77 
  925.0    446                                                                77 
  850.0   1141                                                                77 
  700.0   2641                                                                77 
  681.0   2835  -24.5  -28.1     72   0.56    340     10  277.5  279.2  277.6 77 
  677.0   2877  -24.6  -28.2     72   0.56    350     10  277.8  279.6  277.9 77 
  655.0   3116  -25.3  -28.7     73   0.55    315     14  279.7  281.5  279.8 77 
  633.0   3362  -26.0  -29.2     74   0.54    330     14  281.7  283.4  281.8 77 
  571.0   4105  -28.1  -30.7     78   0.52    310     16  287.6  289.4  287.7 77 
  556.0   4297  -28.6  -31.1     79   0.51    290     10  289.2  290.9  289.3 77 
  539.0   4521  -29.2  -31.6     80   0.51    315     10  291.0  292.7  291.1 77 
  515.0   4849  -30.1  -32.3     82   0.50    275     12  293.7  295.4  293.8 77 
  511.0   4905  -30.3  -32.4     82   0.50    278     12  294.2  295.9  294.3 77 
  500.0   5060  -31.1  -33.5     79   0.46    285     13  295.1  296.6  295.1 77 
  484.0   5289  -32.7  -34.8     81   0.41    295     14  295.9  297.3  296.0 77 
  468.0   5525  -34.3  -36.2     83   0.37    295     14  296.7  298.0  296.8 77 
  452.0   5769  -36.0  -37.6     85   0.33    275     15  297.6  298.7  297.6 77 
  449.0   5816  -36.3  -37.9     85   0.33    276     15  297.7  298.9  297.8 77 
  406.0   6508  -41.2  -44.5     70   0.18    290     15  300.1  300.8  300.1 77 
  400.0   6610  -41.9  -45.5     68   0.16    285     17  300.4  301.1  300.5 77 
  388.0   6816  -42.5  -46.8     63   0.15    279     16  302.3  302.8  302.3 77 
  343.0   7623  -49.0  -52.6     66   0.09    255     13  304.3  304.6  304.3 77 
  328.0   7916  -51.4  -54.7     67   0.07    265     12  304.9  305.2  305.0 77 
  318.0   8118  -53.0  -56.2     68   0.06    245     11  305.4  305.6  305.4 77 
  300.0   8500  -56.1  -58.9     71   0.05    270      8  306.2  306.4  306.2 77 
  286.0   8799  -58.3  -60.6     75   0.04    280     10  307.3  307.4  307.3 77 
  273.0   9090  -60.4  -62.2     79   0.03    270     11  308.3  308.4  308.3 77 
  270.0   9160  -60.9  -62.6     80   0.03    260     14  308.5  308.7  308.6 77 
  264.0   9300  -59.8  -66.3     43   0.02    235     14  312.1  312.2  312.1 77 
  257.0   9467  -58.5  -70.7     19   0.01    250     13  316.5  316.5  316.5 77 
  256.0   9491  -58.3  -71.3     17   0.01    249     13  317.1  317.1  317.1 77 
  250.0   9640  -58.1  -70.1     20   0.01    245     13  319.6  319.6  319.6 77 
  214.0  10629  -55.5  -77.9      4   0.00    230     15  338.2  338.2  338.2 77 
  201.0  11028  -54.4  -81.0      2   0.00    240     15  346.0  346.0  346.0 77 
  200.0  11060  -54.3  -81.3      2   0.00    235     17  346.6  346.6  346.6 77 
  198.0  11125  -53.9  -81.9      2   0.00    232     18  348.2  348.3  348.2 77 
  193.0  11289  -54.2  -81.8      2   0.00    225     19  350.4  350.4  350.4 77 
  183.0  11631  -54.7  -81.7      2   0.00    227     18  354.9  354.9  354.9 77 
  168.0  12181  -54.1  -82.8      2   0.00    230     17  364.7  364.7  364.7 77 
  150.0  12910  -53.3  -84.3      1   0.00    210     21  378.0  378.1  378.0 77 
  137.0  13502  -51.7  -83.9      1   0.00    195     14  390.8  390.9  390.8 77 
  126.0  14048  -50.2  -83.5      1   0.00    195     11  403.0  403.0  403.0 77 
  118.0  14476  -49.0  -83.2      1   0.00    220     17  412.8  412.8  412.8 77 
  114.0  14701  -48.4  -83.1      1   0.00    200     13  418.1  418.1  418.1 77 
  110.0  14934  -47.7  -83.0      1   0.00    205     14  423.6  423.6  423.6 77 
  104.0  15300  -46.7  -82.7      1   0.00    195     18  432.3  432.4  432.3 77 
  102.0  15429  -46.8  -82.8      1   0.00    205     18  434.6  434.6  434.6 77 
  100.0  15560  -46.9  -82.9      1   0.00    190     17  436.8  436.9  436.8 77 
   82.0  16884  -44.3  -82.6      1   0.01    195     19  467.5  467.6  467.5 77 
   78.0  17218  -43.7  -82.5      1   0.01    180     21  475.6  475.6  475.6 77 
   72.0  17752  -42.7  -82.3      1   0.01    185     25  488.8  488.8  488.8 77 
   70.0  17940  -42.3  -82.3      1   0.01    175     18  493.5  493.6  493.5 77 
   65.0  18449  -40.9  -81.5      0   0.01    160     20  507.2  507.2  507.2 77 
   63.0  18663  -40.3  -81.2      0   0.01    130     16  513.0  513.1  513.0 77 
   60.0  18998  -39.4  -80.7      0   0.01    170     12  522.3  522.4  522.3 77 
   56.0  19472  -38.1  -80.0      0   0.01    180     18  535.7  535.8  535.7 77 
   50.0  20250  -35.9  -78.9      0   0.02    155     20  558.4  558.5  558.4 77 
   44.0  21145  -33.1  -76.8      0   0.03    150     16  586.0  586.2  586.0 77 
   43.0  21306  -32.6  -76.5      0   0.03    175     14  591.0  591.3  591.0 77 
   42.0  21471  -32.1  -76.1      0   0.03    173     16  596.3  596.6  596.3 77 
   39.0  21997  -31.4  -75.7      0   0.03    165     23  610.7  611.0  610.7 77 
   38.0  22181  -31.2  -75.5      0   0.04    145     17  615.9  616.2  615.9 77 
   37.0  22371  -31.0  -75.3      0   0.04    160     21  621.2  621.5  621.2 77 
   36.0  22565  -30.7  -75.2      0   0.04    140     15  626.7  627.1  626.7 77 
   35.0  22765  -30.5  -75.0      0   0.04    145     12  632.4  632.8  632.4 77 
   34.0  22971  -30.2  -74.8      0   0.04    190     12  638.4  638.8  638.4 77 
   33.0  23183  -29.9  -74.7      0   0.05    150     10  644.5  645.0  644.5 77 
   32.0  23402  -29.7  -74.5      0   0.05    170     19  651.0  651.4  651.0 77 
   31.0  23627  -29.4  -74.3      0   0.05    150     13  657.6  658.2  657.7 77 
   30.0  23860  -29.1  -74.1      0   0.06    160     11  664.6  665.2  664.7 77 
   29.0  24102  -28.9  -73.9      0   0.06    215      6  671.8  672.4  671.8 77 
   27.0  24613  -28.3  -73.6      0   0.07    195     20  687.2  687.8  687.2 77 
   26.0  24883  -28.0  -73.4      0   0.07    185     16  695.4  696.1  695.5 77 
   25.0  25163  -27.7  -73.3      0   0.08    195     26  704.1  704.9  704.1 77 
   23.0  25759  -27.1  -72.9      0   0.09    155     17  722.9  723.8  723.0 77 
   22.0  26077  -26.8  -72.7      0   0.09    170     12  733.1  734.1  733.2 77 
   21.2  26342  -26.5  -72.5      0   0.10    162     13  741.8  742.8  741.8 77 
   21.0  26410  -26.7  -72.7      0   0.10    160     13  743.3  744.4  743.3 77 
   20.0  26760  -27.5  -73.5      0   0.09    180     15  751.2  752.2  751.2 77 
   19.8  26832  -26.9  -72.9      0   0.10                755.2  756.3  755.2 77 
</PRE><H3>Station information and sounding indices</H3><PRE> 60 
                             Station number: 89009 50 
                           Observation time: 240102/1200 56 
                           Station latitude: -90.00 51 
                          Station longitude: 0.00 49 
                          Station elevation: 2835.0 51 
                               Lifted index: 11.87 50 
    LIFT computed using virtual temperature: 11.92 50 
      Convective Available Potential Energy: 0.00 49 
             CAPE using virtual temperature: 0.00 49 
                      Convective Inhibition: 0.00 49 
             CINS using virtual temperature: 0.00 49 
                     Bulk Richardson Number: 0.00 49 
          Bulk Richardson Number using CAPV: 0.00 49 
  Temp [K] of the Lifted Condensation Level: 243.92 51 
Pres [hPa] of the Lifted Condensation Level: 621.45 51 
   Equivalent potential temp [K] of the LCL: 281.17 51 
     Mean mixed layer potential temperature: 279.46 51 
              Mean mixed layer mixing ratio: 0.55 49 
              1000 hPa to 500 hPa thickness: 5274.00 52 
Precipitable water [mm] for entire sounding: 1.43 49 
</PRE> 6 
<H2>89009  Amundsen-Scott Observations at 00Z 03 Jan 2024</H2> 62 
<PRE> 5 
----------------------------------------------------------------------------- 77 
   PRES   HGHT   TEMP   DWPT   RELH   MIXR   DRCT   SKNT   THTA   THTE   THTV 77 
    hPa     m      C      C      %    g/kg    deg   knot     K      K      K  77 
----------------------------------------------------------------------------- 77 
 1000.0   -200                                                                77 
  925.0    457                                                                77 
  850.0   1150                                                                77 
  700.0   2648                                                                77 
  682.0   2835  -25.3  -28.9     72   0.52    345      9  276.5  278.1  276.6 77 
  681.0   2846  -24.3  -26.5     82   0.65    343      9  277.7  279.7  277.8 77 
  668.0   2986  -24.7  -26.7     84   0.65    315     15  278.8  280.8  278.9 77 
  627.0   3447  -26.1  -27.2     90   0.66    313     15  282.3  284.4  282.4 77 
  567.0   4170  -28.4  -30.5     82   0.53    310     16  287.8  289.6  287.9 77 
  554.0   4337  -28.9  -31.3     80   0.51    295     16  289.1  290.8  289.2 77 
  531.0   4642  -29.9  -32.7     77   0.46    297     16  291.5  293.0  291.6 77 
  500.0   5070  -31.9  -35.0     74   0.39    300     15  294.1  295.4  294.2 77 
  468.0   5531  -34.6  -38.2     69   0.30    305     14  296.4  297.4  296.4 77 
  444.0   5898  -36.7  -40.8     66   0.24    305     11  298.2  299.1  298.2 77 
  411.0   6426  -41.1  -43.1     81   0.21    305      7  299.2  299.9  299.2 77 
  401.0   6593  -41.7  -46.4     60   0.15    305      5  300.5  301.1  300.5 77 
  400.0   6610  -41.9  -46.5     61   0.15    305      5  300.4  301.0  300.5 77 
  301.0   8479  -56.7  -58.6     79   0.05    270      4  305.0  305.2  305.0 77 
  300.0   8500  -56.9  -59.3     74   0.04    270      4  305.0  305.2  305.0 77 
  293.0   8648  -57.7  -60.0     75   0.04    260      3  306.0  306.1  306.0 77 
  278.0   8978  -59.5  -61.6     76   0.03    245      5  308.0  308.1  308.0 77 
  269.0   9183  -59.5  -61.7     75   0.04    237      6  310.9  311.1  310.9 77 
  264.0   9300  -59.7  -67.7     34   0.02    233      7  312.3  312.4  312.3 77 
  250.0   9640  -59.1  -71.1     20   0.01    220      9  318.1  318.1  318.1 77 
  226.0  10275  -56.7  -77.6      6   0.00    205     11  331.0  331.0  331.0 77 
  218.0  10502  -55.9  -79.9      3   0.00    215     12  335.7  335.7  335.7 77 
  200.0  11050  -54.7  -82.7      2   0.00    205     12  346.0  346.0  346.0 77 
  186.0  11517  -53.9  -83.4      2   0.00    195     15  354.5  354.6  354.5 77 
  176.0  11872  -53.3  -83.9      1   0.00    205     13  361.2  361.2  361.2 77 
  154.0  12731  -51.8  -85.2      1   0.00    180     16  377.8  377.8  377.8 77 
  150.0  12900  -51.5  -85.5      1   0.00    190     11  381.1  381.1  381.1 77 
  149.0  12944  -51.4  -85.5      1   0.00    190     11  382.0  382.0  382.0 77 
  137.0  13497  -50.2  -85.3      1   0.00    165     12  393.5  393.5  393.5 77 
  131.0  13792  -49.5  -85.2      1   0.00    180     16  399.8  399.8  399.8 77 
  106.0  15186  -46.4  -84.6      1   0.00    170     19  430.6  430.6  430.6 77 
  100.0  15570  -45.5  -84.5      0   0.00    155     21  439.5  439.6  439.5 77 
   76.0  17424  -41.5  -82.0      0   0.01    130     19  483.7  483.8  483.7 77 
   70.0  17980  -40.3  -81.3      0   0.01    130     20  497.8  497.9  497.8 77 
   63.0  18703  -39.2  -80.5      0   0.01    135     23  515.5  515.6  515.5 77 
   57.0  19390  -38.1  -79.7      0   0.01    120     22  532.9  533.0  532.9 77 
   54.0  19762  -37.5  -79.3      0   0.01    145     15  542.5  542.6  542.5 77 
   51.0  20154  -36.9  -78.8      1   0.02    125     18  552.9  553.0  552.9 77 
   50.0  20290  -36.7  -78.7      1   0.02    135     14  556.5  556.6  556.5 77 
   49.0  20431  -36.4  -78.5      0   0.02    160     15  560.5  560.6  560.5 77 
   43.0  21341  -34.4  -77.6      0   0.02    135     21  586.7  586.9  586.7 77 
   39.0  22022  -32.9  -76.9      0   0.03    131     12  607.0  607.3  607.0 77 
   38.0  22205  -32.8  -76.8      0   0.03    130     10  611.9  612.2  611.9 77 
   37.0  22392  -32.6  -76.6      0   0.03    155     15  617.0  617.2  617.0 77 
   34.0  22988  -32.2  -76.2      0   0.04    165     12  633.2  633.6  633.2 77 
   33.0  23199  -32.0  -76.0      0   0.04    145     11  639.1  639.4  639.1 77 
   32.0  23415  -31.8  -75.8      0   0.04    170      7  645.2  645.5  645.2 77 
   30.0  23870  -31.5  -75.5      0   0.05    210     13  658.1  658.5  658.1 77 
   29.0  24112  -31.2  -75.3      0   0.05    175     17  665.4  665.9  665.4 77 
   27.0  24621  -30.5  -75.0      0   0.05    195     16  681.0  681.6  681.0 77 
   26.0  24890  -30.1  -74.9      0   0.06    180     26  689.4  690.0  689.5 77 
   24.0  25461  -29.4  -74.5      0   0.07    160     22  707.6  708.2  707.6 77 
   20.1  26725  -27.7  -73.7      0   0.09    141     12  749.5  750.5  749.5 77 
   20.0                                       140     12                      77 
</PRE><H3>Station information and sounding indices</H3><PRE> 60 
                             Station number: 89009 50 
                           Observation time: 240103/0000 56 
                           Station latitude: -90.00 51 
                          Station longitude: 0.00 49 
                          Station elevation: 2835.0 51 
                               Lifted index: 10.80 50 
    LIFT computed using virtual temperature: 10.84 50 
      Convective Available Potential Energy: 0.00 49 
             CAPE using virtual temperature: 0.00 49 
                      Convective Inhibition: 0.00 49 
             CINS using virtual temperature: 0.00 49 
                     Bulk Richardson Number: 0.00 49 
          Bulk Richardson Number using CAPV: 0.00 49 
  Temp [K] of the Lifted Condensation Level: 246.02 51 
Pres [hPa] of the Lifted Condensation Level: 639.97 51 
   Equivalent potential temp [K] of the LCL: 281.52 51 
     Mean mixed layer potential temperature: 279.51 51 
              Mean mixed layer mixing ratio: 0.65 49 
              1000 hPa to 500 hPa thickness: 5270.00 52 
Precipitable water [mm] for entire sounding: 1.46 49 
</PRE> 6 
<H2>89009  Amundsen-Scott Observations at 12Z 03 Jan 2024</H2> 62 
<PRE> 5 
----------------------------------------------------------------------------- 77 
   PRES   HGHT   TEMP   DWPT   RELH   MIXR   DRCT   SKNT   THTA   THTE   THTV 77 
    hPa     m      C      C      %    g/kg    deg   knot     K      K      K  77 
----------------------------------------------------------------------------- 77 
 1000.0   -188                                                                77 
  925.0    469                                                                77 
  850.0   1160                                                                77 
  700.0   2655                                                                77 
  683.0   2835  -24.7  -28.3     72   0.55    320     10  277.0  278.8  277.1 77 
  660.0   3082  -25.4  -28.9     73   0.54    295     13  278.9  280.6  279.0 77 
  628.0   3440  -26.5  -29.6     75   0.52    310     11  281.7  283.4  281.8 77 
  585.0   3951  -28.0  -30.8     77   0.51    285     10  285.7  287.4  285.8 77 
  557.0   4304  -29.0  -31.6     79   0.49    250     11  288.5  290.2  288.6 77 
  545.0   4461  -29.5  -31.9     80   0.49    249     11  289.8  291.4  289.9 77 
  516.0   4848  -32.5  -33.9     88   0.43    245     11  290.7  292.2  290.8 77 
  514.0   4876  -32.7  -34.0     88   0.42    249     11  290.8  292.2  290.9 77 
  500.0   5070  -32.9  -35.9     74   0.36    280     10  292.9  294.1  292.9 77 
  496.0   5126  -33.1  -36.1     74   0.36    290     12  293.3  294.5  293.4 77 
  479.0   5371  -33.9  -36.9     74   0.34    277     13  295.2  296.4  295.3 77 
  471.0   5487  -34.7  -37.8     74   0.32    270     14  295.6  296.7  295.7 77 
  403.0   6559  -42.5  -45.6     72   0.16    255     10  299.0  299.6  299.0 77 
  400.0   6610  -42.9  -46.0     71   0.16    255     10  299.2  299.7  299.2 77 
  345.0   7582  -50.1  -53.2     69   0.08    205      2  302.3  302.6  302.4 77 
  315.0   8179  -54.5  -57.7     68   0.05    159      3  304.1  304.4  304.2 77 
  300.0   8490  -56.5  -59.3     70   0.04    135      4  305.6  305.8  305.6 77 
  276.0   9017  -59.7  -62.3     71   0.03    135      7  308.3  308.5  308.4 77 
  268.0   9202  -59.1  -73.1     15   0.01    136      8  311.8  311.9  311.8 77 
  250.0   9640  -58.1  -74.1     11   0.01    140      9  319.6  319.6  319.6 77 
  229.0  10194  -56.5  -78.0      5   0.00    140     10  330.1  330.1  330.1 77 
  209.0  10772  -54.9  -82.1      2   0.00    175     10  341.4  341.4  341.4 77 
  200.0  11050  -54.1  -84.1      1   0.00    165     14  346.9  346.9  346.9 77 
  195.0  11214  -53.8  -84.5      1   0.00    150     12  349.9  349.9  349.9 77 
  161.0  12452  -51.8  -87.9      1   0.00    160     13  372.9  372.9  372.9 77 
  157.0  12615  -51.6  -88.3      1   0.00    175     13  376.1  376.1  376.1 77 
  150.0  12910  -51.1  -89.1      0   0.00    175     15  381.8  381.8  381.8 77 
  146.0  13088  -50.7  -88.8      0   0.00    165     13  385.5  385.5  385.5 77 
  129.0  13903  -48.7  -87.5      0   0.00    170     17  402.9  402.9  402.9 77 
  126.0  14058  -48.4  -87.2      0   0.00    160     14  406.3  406.3  406.3 77 
  113.0  14775  -46.6  -86.0      0   0.00    175     17  422.3  422.4  422.3 77 
  107.0  15134  -45.8  -85.4      0   0.00    155     19  430.6  430.6  430.6 77 
  100.0  15580  -44.7  -84.7      0   0.00    170     21  441.1  441.1  441.1 77 
   87.0  16524  -41.0  -82.2      0   0.01    160     21  466.4  466.4  466.4 77 
   80.0  17092  -38.8  -80.7      0   0.01    180     16  482.3  482.4  482.3 77 
   79.8  17109  -38.7  -80.7      0   0.01    179     16  482.8  482.9  482.8 77 
   77.0  17355  -38.5  -80.5      0   0.01    160     21  488.1  488.1  488.1 77 
   74.0  17628  -38.4  -80.3      0   0.01    175     22  494.0  494.1  494.1 77 
   71.0  17912  -38.2  -80.2      0   0.01    140     23  500.3  500.4  500.3 77 
   70.0  18010  -38.1  -80.1      0   0.01    140     21  502.5  502.6  502.5 77 
   67.0  18311  -38.0  -80.0      0   0.01    160     21  509.1  509.1  509.1 77 
   63.0  18733  -37.9  -79.8      0   0.01    140     20  518.4  518.5  518.4 77 
   58.0  19301  -37.6  -79.7      0   0.01    155     13  531.2  531.3  531.2 77 
   57.0  19420  -37.6  -79.6      0   0.01    145     12  534.0  534.1  534.0 77 
   56.0  19542  -37.6  -79.6      0   0.01    140     13  536.8  536.9  536.8 77 
   53.0  19920  -37.4  -79.4      0   0.01    150     18  545.6  545.7  545.6 77 
   50.0  20320  -37.3  -79.3      0   0.01    140     20  555.1  555.2  555.1 77 
   46.0  20896  -37.2  -79.2      0   0.02    130     24  568.8  568.9  568.8 77 
   44.2  21172  -37.1  -79.1      0   0.02    103     20  575.5  575.6  575.5 77 
   44.0  21204  -37.0  -79.1      0   0.02    100     19  576.4  576.5  576.4 77 
   42.0  21529  -36.4  -78.7      0   0.02    130     13  585.6  585.7  585.6 77 
   38.0  22228  -35.1  -77.9      0   0.02    150     14  605.8  606.0  605.8 77 
   36.0  22606  -34.5  -77.5      0   0.03    135     13  617.1  617.3  617.1 77 
   35.0  22803  -34.1  -77.3      0   0.03    160     10  623.0  623.3  623.0 77 
   34.0  23005  -33.7  -77.1      0   0.03    150      7  629.2  629.5  629.2 77 
   33.0  23214  -33.3  -76.8      0   0.03    175     12  635.6  635.9  635.6 77 
   32.0  23429  -32.9  -76.6      0   0.04    155     15  642.2  642.6  642.3 77 
   31.0  23651  -32.5  -76.3      0   0.04    155     21  649.2  649.6  649.2 77 
   30.0  23880  -32.1  -76.1      0   0.04    160     17  656.5  656.9  656.5 77 
   29.0  24120  -31.9  -76.0      0   0.04    155     16  663.5  663.9  663.5 77 
   28.0  24368  -31.7  -75.9      0   0.05    175     13  670.8  671.2  670.8 77 
   27.0  24626  -31.4  -75.8      0   0.05    155     13  678.4  678.9  678.5 77 
   26.0  24893  -31.2  -75.8      0   0.05    180      7  686.5  687.0  686.5 77 
   25.0  25171  -30.9  -75.7      0   0.05    205     20  694.9  695.5  695.0 77 
   23.4  25639  -30.5  -75.5      0   0.06    165     24  709.4  710.0  709.5 77 
   23.0                                       155     25                      77 
</PRE><H3>Station information and sounding indices</H3><PRE> 60 
                             Station number: 89009 50 
                           Observation time: 240103/1200 56 
                           Station latitude: -90.00 51 
                          Station longitude: 0.00 49 
                          Station elevation: 2835.0 51 
                               Lifted index: 10.50 50 
    LIFT computed using virtual temperature: 10.53 50 
      Convective Available Potential Energy: 0.00 49 
             CAPE using virtual temperature: 0.00 49 
                      Convective Inhibition: 0.00 49 
             CINS using virtual temperature: 0.00 49 
                     Bulk Richardson Number: 0.00 49 
          Bulk Richardson Number using CAPV: 0.00 49 
  Temp [K] of the Lifted Condensation Level: 243.69 51 
Pres [hPa] of the Lifted Condensation Level: 623.26 51 
   Equivalent potential temp [K] of the LCL: 280.63 51 
     Mean mixed layer potential temperature: 278.96 51 
              Mean mixed layer mixing ratio: 0.54 49 
              1000 hPa to 500 hPa thickness: 5258.00 52 
Precipitable water [mm] for entire sounding: 1.32 49 
</PRE> 6 
<H2>89009  Amundsen-Scott Observations at 00Z 04 Jan 2024</H2> 62 
<PRE> 5 
----------------------------------------------------------------------------- 77 
   PRES   HGHT   TEMP   DWPT   RELH   MIXR   DRCT   SKNT   THTA   THTE   THTV 77 
    hPa     m      C      C      %    g/kg    deg   knot     K      K      K  77 
----------------------------------------------------------------------------- 77 
 1000.0   -171                                                                77 
  925.0    486                                                                77 
  850.0   1172                                                                77 
  700.0   2664                                                                77 
  684.0   2835  -24.3  -28.2     70   0.55    315      6  277.4  279.1  277.5 77 
  652.0   3182  -26.7  -29.3     79   0.52    304      6  278.5  280.1  278.6 77 
  635.0   3373  -25.7  -28.3     79   0.59    297      6  281.7  283.6  281.8 77 
  599.0   3793  -28.1  -30.3     81   0.52    283      7  283.7  285.4  283.8 77 
  595.0   3841  -27.7  -31.2     72   0.48    282      7  284.7  286.3  284.8 77 
  534.0   4607  -34.5  -35.0     95   0.37    256      8  285.5  286.7  285.6 77 
  533.0   4620  -34.7  -35.2     95   0.36    255      8  285.4  286.6  285.5 77 
  531.0   4646  -31.5  -33.7     81   0.42    254      8  289.6  291.0  289.6 77 
  501.0   5056  -32.7  -35.6     75   0.37    240      8  292.9  294.2  293.0 77 
  500.0   5070  -32.7  -35.7     74   0.37    240      8  293.1  294.4  293.2 77 
  458.0   5683  -36.3  -39.7     71   0.27    199      7  296.1  297.0  296.1 77 
  404.0   6543  -41.7  -43.1     86   0.21    140      6  299.9  300.6  299.9 77 
  401.0   6593  -42.1  -43.1     90   0.21    136      6  300.0  300.8  300.0 77 
  400.0   6610  -42.3  -43.4     89   0.21    135      6  299.9  300.7  300.0 77 
  389.0   6799  -43.5  -46.5     72   0.15    134      7  300.8  301.3  300.8 77 
  380.0   6956  -44.9  -46.0     89   0.16    134      8  300.9  301.5  301.0 77 
  368.0   7170  -46.3  -54.3     40   0.06    133      9  301.8  302.1  301.9 77 
  357.0   7372  -47.9  -49.6     82   0.12    132     10  302.3  302.8  302.4 77 
  330.0   7884  -51.9  -55.0     69   0.07    130     12  303.8  304.0  303.8 77 
  313.0   8229  -54.5  -58.6     60   0.04    127     13  304.7  304.9  304.7 77 
  300.0   8500  -56.7  -59.1     74   0.04    125     14  305.3  305.5  305.3 77 
  286.0   8800  -58.5  -60.4     79   0.04    129     17  306.9  307.1  306.9 77 
  284.0   8844  -58.7  -61.8     67   0.03    130     18  307.3  307.4  307.3 77 
  282.0   8888  -58.3  -64.3     46   0.02    129     18  308.5  308.6  308.5 77 
  273.0   9091  -58.5  -66.5     35   0.02    124     19  311.1  311.1  311.1 77 
  267.0   9230  -59.2  -64.1     53   0.03    120     19  312.0  312.1  312.0 77 
  266.0   9253  -59.3  -63.7     56   0.03    121     19  312.2  312.3  312.2 77 
  261.0   9371  -59.1  -72.1     17   0.01    125     18  314.2  314.2  314.2 77 
  256.0   9492  -58.7  -74.7     11   0.01    130     16  316.5  316.6  316.5 77 
  250.0   9640  -58.7  -73.7     13   0.01    135     15  318.7  318.7  318.7 77 
  209.0  10780  -55.3  -80.8      3   0.00    155     15  340.7  340.7  340.7 77 
  200.0  11060  -54.5  -82.5      2   0.00    150     15  346.3  346.3  346.3 77 
  186.0  11527  -53.6  -83.1      2   0.00    155     15  355.0  355.0  355.0 77 
  183.0  11631  -53.4  -83.2      1   0.00    170     13  357.0  357.0  357.0 77 
  150.0  12910  -50.9  -84.9      1   0.00    160     21  382.2  382.2  382.2 77 
  136.0  13551  -50.1  -84.8      1   0.00    150     16  394.4  394.4  394.4 77 
  129.0  13897  -49.7  -84.7      1   0.00    152     17  401.1  401.2  401.1 77 
  100.0  15590  -43.9  -83.9      0   0.00    160     23  442.6  442.6  442.6 77 
   82.0  16936  -40.8  -81.9      0   0.01    160     24  474.8  474.8  474.8 77 
   76.0  17452  -39.6  -81.1      0   0.01    150     19  487.7  487.8  487.7 77 
   72.0  17819  -38.7  -80.6      0   0.01    155     21  497.1  497.2  497.1 77 
   71.0  17914  -38.5  -80.4      0   0.01    175     21  499.6  499.6  499.6 77 
   70.0  18010  -38.3  -80.3      0   0.01    175     22  502.1  502.1  502.1 77 
   65.0  18523  -36.3  -79.1      0   0.01    160     21  517.2  517.3  517.2 77 
   63.6  18673  -35.7  -78.7      0   0.01    174     17  521.7  521.8  521.7 77 
   63.0  18739  -35.9  -78.8      0   0.01    180     15  522.8  522.9  522.8 77 
   60.0  19077  -36.8  -79.1      0   0.01    180     26  528.0  528.1  528.0 77 
   59.0  19194  -37.1  -79.2      0   0.01    165     29  529.9  530.0  529.9 77 
   58.4  19265  -37.3  -79.3      0   0.01    162     28  531.0  531.1  531.0 77 
   57.0  19433  -37.1  -79.3      0   0.01    155     24  535.0  535.1  535.0 77 
   55.0  19680  -36.9  -79.3      0   0.01    170     16  541.1  541.2  541.1 77 
   54.0  19807  -36.8  -79.3      0   0.01    180     20  544.2  544.3  544.2 77 
   51.0  20203  -36.4  -79.3      0   0.01    165     32  554.0  554.1  554.0 77 
   50.0  20340  -36.3  -79.3      0   0.01    150     28  557.4  557.6  557.4 77 
   49.0  20480  -36.3  -79.3      0   0.02    135     24  560.6  560.8  560.6 77 
   48.0  20623  -36.3  -79.3      0   0.02    135     19  563.9  564.0  563.9 77 
   47.0  20769  -36.4  -79.3      0   0.02    165     21  567.3  567.4  567.3 77 
   43.0  21385  -36.4  -79.4      0   0.02    150     15  581.7  581.8  581.7 77 
   41.0  21715  -36.5  -79.5      0   0.02    170     15  589.5  589.7  589.5 77 
   39.3  22009  -36.5  -79.5      0   0.02    173     13  596.6  596.8  596.6 77 
   38.0  22243  -36.2  -79.2      0   0.02    175     12  603.2  603.4  603.2 77 
   37.0  22429  -35.9  -78.9      0   0.02    180     17  608.5  608.7  608.5 77 
   36.0  22620  -35.7  -78.7      0   0.02    200     18  614.0  614.2  614.0 77 
   35.0  22816  -35.4  -78.4      0   0.02    175     18  619.6  619.9  619.6 77 
   33.0  23226  -34.8  -77.8      0   0.03    165     20  631.6  631.9  631.6 77 
   32.0  23440  -34.5  -77.5      0   0.03    185     24  638.0  638.3  638.0 77 
   30.0  23890  -33.9  -76.9      1   0.04    175     30  651.6  651.9  651.6 77 
   29.0  24130  -33.5  -76.7      1   0.04    170     20  659.1  659.5  659.1 77 
   28.0  24378  -33.0  -76.4      0   0.04    190     21  667.0  667.4  667.0 77 
   25.0  25179  -31.6  -75.6      0   0.05    150     19  693.0  693.6  693.1 77 
   24.0  25467  -31.1  -75.4      0   0.06    175      9  702.7  703.3  702.7 77 
   23.0  25768  -30.5  -75.1      0   0.06    195     14  712.9  713.5  712.9 77 
   22.0  26082  -30.0  -74.8      0   0.07    155     24  723.6  724.4  723.7 77 
   21.2  26344  -29.5  -74.5      0   0.07    167     15  732.8  733.5  732.8 77 
   21.0                                       170     13                      77 
</PRE><H3>Station information and sounding indices</H3><PRE> 60 
                             Station number: 89009 50 
                           Observation time: 240104/0000 56 
                           Station latitude: -90.00 51 
                          Station longitude: 0.00 49 
                          Station elevation: 2835.0 51 
                               Lifted index: 11.07 50 
    LIFT computed using virtual temperature: 11.10 50 
      Convective Available Potential Energy: 0.00 49 
             CAPE using virtual temperature: 0.00 49 
                      Convective Inhibition: 0.00 49 
             CINS using virtual temperature: 0.00 49 
                     Bulk Richardson Number: 0.00 49 
          Bulk Richardson Number using CAPV: 0.00 49 
  Temp [K] of the Lifted Condensation Level: 243.81 51 
Pres [hPa] of the Lifted Condensation Level: 628.06 51 
   Equivalent potential temp [K] of the LCL: 280.16 51 
     Mean mixed layer potential temperature: 278.48 51 
              Mean mixed layer mixing ratio: 0.54 49 
              1000 hPa to 500 hPa thickness: 5241.00 52 
Precipitable water [mm] for entire sounding: 1.30 49 
</PRE> 6 
<H2>89009  Amundsen-Scott Observations at 12Z 04 Jan 2024</H2> 62 
<PRE> 5 
----------------------------------------------------------------------------- 77 
   PRES   HGHT   TEMP   DWPT   RELH   MIXR   DRCT   SKNT   THTA   THTE   THTV 77 
    hPa     m      C      C      %    g/kg    deg   knot     K      K      K  77 
----------------------------------------------------------------------------- 77 
 1000.0   -170                                                                77 
  925.0    485                                                                77 
  850.0   1174                                                                77 
  700.0   2666                                                                77 
  684.0   2835  -29.5  -33.4     69   0.34     60      4  271.6  272.6  271.6 77 
  681.0   2866  -27.7  -28.4     94   0.54     59      4  273.9  275.6  274.0 77 
  679.0   2888  -26.9  -28.3     88   0.55     58      4  275.1  276.8  275.1 77 
  647.0   3236  -25.9  -28.8     77   0.55     48      3  280.0  281.8  280.1 77 
  627.0   3463  -25.9  -29.5     72   0.53     41      3  282.5  284.2  282.6 77 
  559.0   4284  -31.7  -33.0     88   0.43     17      1  285.1  286.5  285.2 77 
  542.0   4501  -33.5  -35.2     85   0.36     10      1  285.5  286.7  285.5 77 
  533.0   4619  -32.9  -35.1     81   0.36      7      0  287.6  288.8  287.6 77 
  528.0   4685  -30.7  -35.5     63   0.35      5      0  291.0  292.2  291.1 77 
  525.0   4726  -30.9  -32.5     86   0.48      4      0  291.2  292.8  291.3 77 
  516.0   4848  -31.5  -32.8     88   0.47      0      0  291.9  293.5  292.0 77 
  513.0   4889  -31.7  -32.9     89   0.47    342      0  292.2  293.8  292.3 77 
  500.0   5070  -32.7  -34.5     84   0.41    265      1  293.1  294.5  293.2 77 
  454.0   5743  -36.7  -38.1     87   0.32    334      4  296.3  297.4  296.4 77 
  404.0   6543  -41.3  -54.3     23   0.06     58      7  300.4  300.6  300.4 77 
  400.0   6610  -41.7  -54.7     23   0.06     65      7  300.7  300.9  300.7 77 
  340.0   7678  -49.4  -57.5     38   0.05    100     11  304.6  304.7  304.6 77 
  321.0   8056  -52.1  -58.5     46   0.04     85     14  305.8  306.0  305.8 77 
  300.0   8500  -55.3  -59.6     59   0.04    105     17  307.3  307.5  307.3 77 
  299.0   8521  -55.4  -59.7     59   0.04    105     17  307.4  307.6  307.4 77 
  290.0   8716  -56.7  -60.4     63   0.04    104     20  308.3  308.4  308.3 77 
  262.0   9356  -59.3  -63.3     60   0.03    100     28  313.5  313.7  313.6 77 
  258.0   9453  -59.7  -63.7     59   0.03    105     26  314.3  314.5  314.4 77 
  250.0   9650  -59.3  -67.3     35   0.02    110     22  317.8  317.9  317.8 77 
  247.0   9725  -58.7  -69.7     23   0.01    111     22  319.8  319.8  319.8 77 
  216.0  10570  -55.3  -81.3      3   0.00    126     16  337.5  337.5  337.5 77 
  209.0  10780  -55.0  -81.8      2   0.00    130     15  341.3  341.3  341.3 77 
  200.0  11060  -54.5  -82.5      2   0.00    120     15  346.3  346.3  346.3 77 
  193.0  11290  -54.0  -82.7      2   0.00    115     14  350.7  350.7  350.7 77 
  185.0  11564  -53.3  -82.9      2   0.00    135     12  356.0  356.1  356.0 77 
  179.0  11777  -52.8  -83.1      1   0.00    155     16  360.2  360.2  360.2 77 
  173.0  11998  -52.3  -83.3      1   0.00    140     18  364.6  364.6  364.6 77 
  165.0  12304  -51.6  -83.6      1   0.00    155     19  370.8  370.8  370.8 77 
  150.0  12920  -50.1  -84.1      1   0.00    150     19  383.5  383.6  383.5 77 
  141.0  13327  -49.2  -84.1      1   0.00    145     20  391.9  391.9  391.9 77 
  100.0  15590  -44.3  -84.3      0   0.00    155     26  441.8  441.9  441.8 77 
   87.4  16499  -40.9  -81.9      0   0.01    149     23  466.0  466.0  466.0 77 
   80.0  17101  -40.7  -81.7      0   0.01    145     21  478.2  478.3  478.2 77 
   76.0  17450  -40.6  -81.7      0   0.01    160     22  485.5  485.6  485.5 77 
   70.0  18010  -40.5  -81.5      0   0.01    160     23  497.4  497.4  497.4 77 
   66.0  18416  -39.7  -81.1      0   0.01    160     29  507.5  507.5  507.5 77 
   64.0  18628  -39.3  -80.9      0   0.01    135     18  512.8  512.9  512.8 77 
   63.0  18736  -39.1  -80.8      0   0.01    150     15  515.6  515.7  515.6 77 
   62.0  18847  -38.9  -80.6      0   0.01    170     17  518.4  518.5  518.4 77 
   59.0  19189  -38.3  -80.3      0   0.01    160     26  527.3  527.4  527.3 77 
   55.0  19673  -37.4  -79.8      0   0.01    165     20  540.1  540.2  540.1 77 
   54.0  19799  -37.1  -79.7      0   0.01    175     18  543.5  543.6  543.5 77 
   53.0  19928  -36.9  -79.5      0   0.01    185     24  546.9  547.0  546.9 77 
   51.0  20193  -36.4  -79.2      0   0.01    175     34  554.1  554.3  554.2 77 
   50.0  20330  -36.1  -79.1      0   0.02    160     32  557.9  558.0  557.9 77 
   49.6  20386  -36.1  -79.1      0   0.02    156     30  559.2  559.3  559.2 77 
   48.0  20612  -36.3  -79.1      0   0.02    140     24  564.0  564.2  564.0 77 
   47.0  20758  -36.4  -79.2      0   0.02    145     15  567.2  567.3  567.2 77 
   44.0  21214  -36.7  -79.2      0   0.02    170     15  577.1  577.2  577.1 77 
   42.0  21536  -37.0  -79.2      0   0.02    175     19  584.2  584.4  584.2 77 
   40.0  21873  -37.2  -79.3      0   0.02    150     17  591.8  591.9  591.8 77 
   39.6  21943  -37.3  -79.3      0   0.02    160     17  593.3  593.5  593.3 77 
   39.0  22049  -36.6  -78.8      0   0.02    175     18  597.6  597.8  597.6 77 
   38.0  22229  -35.5  -78.0      0   0.02    170     17  604.9  605.1  604.9 77 
   37.0  22414  -34.4  -77.2      1   0.03    190     15  612.5  612.7  612.5 77 
   36.6  22490  -33.9  -76.9      1   0.03    186     15  615.6  615.9  615.6 77 
   36.0  22605  -34.1  -77.1      0   0.03    180     14  617.9  618.1  617.9 77 
   35.0  22802  -34.5  -77.5      0   0.03    200     18  621.8  622.1  621.8 77 
   33.7  23066  -35.1  -78.1      0   0.03    184     19  627.1  627.4  627.1 77 
   33.0  23213  -34.6  -77.8      0   0.03    175     19  632.1  632.4  632.1 77 
   32.0  23428  -33.9  -77.4      0   0.03    165     16  639.5  639.9  639.6 77 
   30.0  23880  -32.5  -76.5      0   0.04    170     20  655.4  655.8  655.4 77 
   29.0  24119  -32.2  -76.2      0   0.04    180     18  662.7  663.1  662.7 77 
   28.0  24367  -31.8  -75.8      0   0.05    155     18  670.3  670.8  670.3 77 
   27.1  24598  -31.5  -75.5      0   0.05    155     15  677.5  678.0  677.5 77 
   27.0                                       155     15                      77 
</PRE><H3>Station information and sounding indices</H3><PRE> 60 
                             Station number: 89009 50 
                           Observation time: 240104/1200 56 
                           Station latitude: -90.00 51 
                          Station longitude: 0.00 49 
                          Station elevation: 2835.0 51 
                               Lifted index: 11.73 50 
    LIFT computed using virtual temperature: 11.77 50 
      Convective Available Potential Energy: 0.00 49 
             CAPE using virtual temperature: 0.00 49 
                      Convective Inhibition: 0.00 49 
             CINS using virtual temperature: 0.00 49 
                     Bulk Richardson Number: 0.00 49 
          Bulk Richardson Number using CAPV: 0.00 49 
  Temp [K] of the Lifted Condensation Level: 243.97 51 
Pres [hPa] of the Lifted Condensation Level: 636.15 51 
   Equivalent potential temp [K] of the LCL: 279.32 51 
     Mean mixed layer potential temperature: 277.66 51 
              Mean mixed layer mixing ratio: 0.54 49 
              1000 hPa to 500 hPa thickness: 5240.00 52 
Precipitable water [mm] for entire sounding: 1.25 49 
</PRE> 6 
<H2>89009  Amundsen-Scott Observations at 00Z 05 Jan 2024</H2> 62 
<PRE> 5 
----------------------------------------------------------------------------- 77 
   PRES   HGHT   TEMP   DWPT   RELH   MIXR   DRCT   SKNT   THTA   THTE   THTV 77 
    hPa     m      C      C      %    g/kg    deg   knot     K      K      K  77 
----------------------------------------------------------------------------- 77 
 1000.0   -181                                                                77 
  925.0    475                                                                77 
  850.0   1165                                                                77 
  700.0   2658                                                                77 
  683.0   2835  -30.1  -34.4     66   0.31     55      7  271.0  272.0  271.1 77 
  682.0   2845  -29.3  -30.7     88   0.44     47      8  272.0  273.4  272.1 77 
  678.0   2888  -28.1  -30.9     77   0.43     15     10  273.8  275.2  273.9 77 
  676.0   2909  -26.7  -34.7     47   0.30     11     10  275.6  276.6  275.7 77 
  670.0   2973  -26.7  -35.2     44   0.29      0     10  276.4  277.3  276.4 77 
  646.0   3237  -26.5  -37.5     35   0.24    351      9  279.4  280.2  279.5 77 
  626.0   3465  -27.3  -37.3     38   0.25    344      9  281.1  281.9  281.1 77 
  600.0   3770  -28.1  -38.1     38   0.24    334      8  283.6  284.4  283.6 77 
  593.0   3855  -28.1  -46.1     16   0.10    331      8  284.5  284.9  284.5 77 
  562.0   4240  -29.3  -45.3     20   0.12    318      7  287.5  287.9  287.5 77 
  548.0   4420  -30.5  -35.5     62   0.34    312      7  288.1  289.3  288.2 77 
  545.0   4459  -30.3  -37.3     50   0.29    311      6  288.8  289.8  288.9 77 
  503.0   5028  -32.5  -38.5     55   0.27    291      5  292.9  293.8  292.9 77 
  500.0   5070  -32.9  -38.9     55   0.26    290      5  292.9  293.8  292.9 77 
  477.0   5400  -34.9  -38.2     72   0.30    298      4  294.4  295.4  294.4 77 
  442.0   5928  -37.7  -45.7     43   0.15    310      2  297.3  297.8  297.3 77 
  429.0   6133  -39.1  -43.8     61   0.18    315      2  298.1  298.7  298.1 77 
  415.0   6360  -40.1  -54.1     21   0.06    320      1  299.6  299.9  299.6 77 
  400.0   6610  -41.9  -54.9     23   0.06    325      2  300.4  300.7  300.5 77 
  352.0   7464  -48.3  -57.3     34   0.05     34      4  303.0  303.2  303.0 77 
  337.0   7749  -50.3  -53.1     72   0.08     57      4  304.1  304.4  304.1 77 
  327.0   7945  -51.7  -54.8     69   0.07     74      5  304.8  305.0  304.8 77 
  300.0   8500  -55.1  -57.9     71   0.05    120      6  307.6  307.8  307.6 77 
  294.0   8629  -55.9  -58.2     75   0.05    115      7  308.2  308.4  308.2 77 
  287.0   8782  -56.5  -67.5     24   0.02    109      9  309.5  309.6  309.5 77 
  283.0   8871  -56.9  -67.0     27   0.02    105     10  310.2  310.3  310.2 77 
  278.0   8984  -57.3  -66.3     31   0.02    110     10  311.2  311.2  311.2 77 
  269.0   9191  -58.6  -61.7     67   0.04    120     10  312.2  312.4  312.2 77 
  267.0   9238  -58.9  -60.7     79   0.04    120     10  312.4  312.6  312.4 77 
  263.0   9332  -59.5  -62.7     66   0.03    120     10  312.9  313.1  312.9 77 
  260.0   9404  -59.3  -62.1     70   0.03    121      9  314.2  314.4  314.2 77 
  255.0   9526  -59.1  -71.1     20   0.01    123      8  316.3  316.3  316.3 77 
  250.0   9650  -59.3  -68.3     30   0.02    125      7  317.8  317.9  317.8 77 
  248.0   9700  -59.5  -67.5     35   0.02    126      8  318.2  318.3  318.2 77 
  243.0   9828  -58.6  -70.5     20   0.01    130     11  321.4  321.4  321.4 77 
  239.0   9931  -57.9  -72.9     13   0.01    127     11  324.0  324.0  324.0 77 
  226.0  10286  -56.7  -75.2      8   0.01    115     13  331.0  331.1  331.0 77 
  218.0  10514  -55.9  -76.6      6   0.01    135     13  335.7  335.7  335.7 77 
  200.0  11060  -54.1  -80.1      3   0.00    130     17  346.9  346.9  346.9 77 
  196.0  11191  -53.9  -80.3      3   0.00    125     14  349.4  349.4  349.4 77 
  182.0  11670  -52.9  -81.2      2   0.00    150     13  358.3  358.4  358.3 77 
  161.0  12462  -51.4  -82.7      1   0.00    140     19  373.7  373.7  373.7 77 
  156.0  12666  -51.0  -83.0      1   0.00    150     20  377.8  377.8  377.8 77 
  150.0  12920  -50.5  -83.5      1   0.00    145     21  382.9  382.9  382.9 77 
  134.0  13668  -48.8  -83.5      1   0.00    140     23  398.4  398.4  398.4 77 
  131.0  13819  -48.5  -83.5      1   0.00    150     24  401.5  401.6  401.5 77 
  100.0  15610  -44.5  -83.5      1   0.00    150     25  441.4  441.5  441.5 77 
   80.0  17111  -42.1  -82.4      0   0.01    155     27  475.4  475.4  475.4 77 
   78.0  17282  -41.9  -82.2      0   0.01    140     24  479.4  479.5  479.4 77 
   71.0  17915  -40.9  -81.8      0   0.01    175     22  494.6  494.7  494.6 77 
   70.0  18010  -40.7  -81.7      0   0.01    175     26  496.9  497.0  496.9 77 
   67.0  18309  -40.3  -81.4      0   0.01    150     29  504.0  504.1  504.0 77 
   61.0  18951  -39.5  -80.9      0   0.01    165     27  519.6  519.7  519.6 77 
   57.0  19414  -38.9  -80.5      0   0.01    145     22  531.1  531.2  531.1 77 
   55.0  19658  -38.5  -80.3      0   0.01    175     20  537.3  537.4  537.3 77 
   52.0  20042  -38.0  -79.9      0   0.01    160     28  547.1  547.3  547.2 77 
   50.0  20310  -37.7  -79.7      0   0.01    165     26  554.1  554.3  554.1 77 
   48.0  20593  -37.6  -79.6      0   0.01    170     30  560.9  561.1  561.0 77 
   47.0  20738  -37.5  -79.5      0   0.02    155     26  564.5  564.6  564.5 77 
   45.0  21039  -37.4  -79.4      0   0.02    175     23  571.9  572.0  571.9 77 
   40.0  21855  -37.0  -79.0      0   0.02    155     15  592.3  592.5  592.3 77 
   39.0  22030  -36.9  -78.9      0   0.02    180     15  596.8  597.0  596.8 77 
   38.5  22119  -36.9  -78.9      0   0.02    176     17  599.1  599.3  599.1 77 
   37.0  22398  -36.0  -78.3      0   0.02    165     22  608.3  608.5  608.3 77 
   36.0  22591  -35.4  -77.9      0   0.03    185     19  614.6  614.9  614.6 77 
   34.0  22992  -34.1  -77.1      0   0.03    165     17  628.1  628.4  628.1 77 
   33.0  23201  -33.4  -76.7      0   0.03    195     22  635.3  635.6  635.3 77 
   32.0  23417  -32.8  -76.2      1   0.04    165     25  642.7  643.1  642.8 77 
   30.0  23870  -31.3  -75.3      1   0.05    170     25  658.6  659.1  658.7 77 
   29.9  23894  -31.1  -75.1      1   0.05    169     24  659.8  660.3  659.8 77 
   29.0  24111  -31.0  -75.1      1   0.05    160     17  665.9  666.4  665.9 77 
   28.0  24360  -30.9  -75.1      1   0.05    180     20  672.9  673.4  672.9 77 
   26.0  24886  -30.6  -75.0      0   0.06    165     13  688.0  688.6  688.0 77 
   25.0  25165  -30.5  -75.0      0   0.06    160     18  696.1  696.7  696.1 77 
   24.0  25454  -30.4  -75.0      0   0.06    190     13  704.7  705.3  704.7 77 
   23.0  25757  -30.2  -75.0      0   0.06    185     14  713.7  714.4  713.7 77 
   20.7  26505  -29.9  -74.9      0   0.07    159     20  736.5  737.3  736.6 77 
   20.0  26750  -29.3  -74.3      0   0.08    150     22  745.7  746.5  745.7 77 
   19.0  27118  -28.2  -73.6      0   0.10    145     17  760.1  761.1  760.1 77 
   17.4  27750  -26.3  -72.3      0   0.13    169     17  785.5  786.9  785.5 77 
   17.0                                       175     17                      77 
</PRE><H3>Station information and sounding indices</H3><PRE> 60 
                             Station number: 89009 50 
                           Observation time: 240105/0000 56 
                           Station latitude: -90.00 51 
                          Station longitude: 0.00 49 
                          Station elevation: 2835.0 51 
                               Lifted index: 12.42 50 
    LIFT computed using virtual temperature: 12.44 50 
      Convective Available Potential Energy: 0.00 49 
             CAPE using virtual temperature: 0.00 49 
                      Convective Inhibition: 0.00 49 
             CINS using virtual temperature: 0.00 49 
                     Bulk Richardson Number: 0.00 49 
          Bulk Richardson Number using CAPV: 0.00 49 
  Temp [K] of the Lifted Condensation Level: 236.00 51 
Pres [hPa] of the Lifted Condensation Level: 568.91 51 
   Equivalent potential temp [K] of the LCL: 278.18 51 
     Mean mixed layer potential temperature: 277.30 51 
              Mean mixed layer mixing ratio: 0.28 49 
              1000 hPa to 500 hPa thickness: 5251.00 52 
Precipitable water [mm] for entire sounding: 0.73 49 
</PRE> 6 
<H2>89009  Amundsen-Scott Observations at 12Z 05 Jan 2024</H2> 62 
<PRE> 5 
----------------------------------------------------------------------------- 77 
   PRES   HGHT   TEMP   DWPT   RELH   MIXR   DRCT   SKNT   THTA   THTE   THTV 77 
    hPa     m      C      C      %    g/kg    deg   knot     K      K      K  77 
----------------------------------------------------------------------------- 77 
 1000.0   -191                                                                77 
  925.0    464                                                                77 
  850.0   1155                                                                77 
  700.0   2651                                                                77 
  682.0   2835  -29.7  -34.2     65   0.31     50      6  271.6  272.6  271.6 77 
  681.0   2845  -30.1  -31.9     84   0.39     44      7  271.2  272.5  271.3 77 
  676.0   2898  -27.5  -32.3     64   0.38     15     10  274.7  275.9  274.8 77 
  674.0   2920  -26.5  -32.5     57   0.37     14     10  276.1  277.3  276.1 77 
  666.0   3006  -26.1  -34.1     47   0.32     10     10  277.5  278.5  277.5 77 
  650.0   3182  -26.3  -35.3     42   0.29      1      9  279.2  280.1  279.2 77 
  546.0   4436  -29.5  -49.5     13   0.08    301      6  289.6  289.9  289.6 77 
  514.0   4865  -32.1  -39.1     50   0.25    280      5  291.5  292.4  291.6 77 
  500.0   5060  -33.1  -44.1     32   0.15    270      4  292.6  293.2  292.6 77 
  494.0   5145  -33.9  -44.9     32   0.14    271      4  292.7  293.2  292.7 77 
  474.0   5434  -35.7  -38.8     73   0.28    275      4  293.9  294.9  294.0 77 
  442.0   5918  -38.3  -53.3     19   0.06    281      3  296.6  296.8  296.6 77 
  415.0   6350  -40.9  -46.9     52   0.14    287      2  298.6  299.1  298.6 77 
  406.0   6499  -41.5  -54.5     23   0.06    289      2  299.7  299.9  299.7 77 
  400.0   6600  -42.1  -55.1     23   0.05    290      2  300.2  300.4  300.2 77 
  383.0   6893  -43.9  -54.9     28   0.06    255      2  301.6  301.8  301.6 77 
  361.0   7287  -47.1  -56.1     35   0.05    208      2  302.4  302.6  302.4 77 
  343.0   7624  -49.3  -51.4     78   0.10    168      1  303.9  304.3  303.9 77 
  325.0   7973  -51.7  -54.1     75   0.08    125      1  305.3  305.6  305.3 77 
  312.0   8238  -53.5  -56.2     72   0.06    117      3  306.4  306.6  306.4 77 
  308.0   8321  -53.7  -59.7     48   0.04    115      3  307.2  307.4  307.2 77 
  303.0   8426  -54.3  -56.5     77   0.06    112      4  307.8  308.1  307.8 77 
  300.0   8490  -54.9  -57.5     73   0.05    110      4  307.9  308.1  307.9 77 
  292.0   8662  -55.9  -60.2     58   0.04    114      4  308.8  309.0  308.8 77 
  276.0   9019  -58.5  -60.4     79   0.04    123      3  310.1  310.2  310.1 77 
  268.0   9204  -59.3  -67.3     35   0.02    128      3  311.5  311.6  311.5 77 
  265.0   9274  -59.5  -65.5     45   0.02    130      3  312.2  312.3  312.2 77 
  257.0   9466  -58.5  -69.5     23   0.01    130      5  316.5  316.5  316.5 77 
  250.0   9640  -58.7  -65.7     40   0.02    130      7  318.7  318.8  318.7 77 
  245.0   9767  -59.1  -66.1     40   0.02    133      8  319.9  320.0  319.9 77 
  231.0  10138  -56.7  -79.7      4   0.00    142      9  329.0  329.0  329.0 77 
  219.0  10479  -55.3  -80.9      3   0.00    150     11  336.2  336.2  336.2 77 
  202.0  10996  -53.2  -82.7      2   0.00    135     14  347.4  347.4  347.4 77 
  200.0  11060  -52.9  -82.9      1   0.00    135     13  348.8  348.9  348.8 77 
  196.0  11190  -52.3  -83.3      1   0.00    142     14  351.8  351.8  351.8 77 
  194.0  11257  -52.2  -83.3      1   0.00    145     15  353.0  353.0  353.0 77 
  176.0  11890  -51.2  -83.4      1   0.00    130     16  364.6  364.7  364.6 77 
  166.0  12271  -50.6  -83.4      1   0.00    150     17  371.8  371.8  371.8 77 
  150.0  12930  -49.5  -83.5      1   0.00    145     26  384.6  384.6  384.6 77 
  137.0  13529  -48.4  -83.5      1   0.00    135     29  396.6  396.7  396.6 77 
  116.0  14628  -46.3  -83.6      1   0.00    150     31  419.8  419.8  419.8 77 
  102.0  15478  -44.7  -83.7      1   0.00    154     27  438.6  438.6  438.6 77 
  100.0  15610  -44.9  -83.9      1   0.00    155     26  440.7  440.7  440.7 77 
   88.0  16470  -43.5  -83.2      0   0.00    145     24  459.9  460.0  459.9 77 
   81.0  17028  -42.5  -82.7      0   0.01    160     25  472.9  472.9  472.9 77 
   77.0  17369  -42.0  -82.4      0   0.01    140     26  480.9  481.0  480.9 77 
   72.0  17820  -41.2  -82.1      0   0.01    150     19  491.9  491.9  491.9 77 
   70.0  18010  -40.9  -81.9      0   0.01    155     21  496.5  496.6  496.5 77 
   67.0  18308  -40.5  -81.7      0   0.01    165     25  503.6  503.6  503.6 77 
   63.0  18727  -40.0  -81.3      0   0.01    145     22  513.6  513.7  513.6 77 
   61.0  18947  -39.8  -81.2      0   0.01    170     23  519.0  519.0  519.0 77 
   58.0  19290  -39.3  -80.9      0   0.01    160     24  527.5  527.5  527.5 77 
   55.0  19651  -38.9  -80.6      0   0.01    170     29  536.5  536.6  536.5 77 
   54.0  19776  -38.7  -80.5      0   0.01    160     34  539.7  539.8  539.7 77 
   52.0  20033  -38.4  -80.3      0   0.01    140     24  546.3  546.4  546.3 77 
   51.0  20165  -38.3  -80.2      0   0.01    145     19  549.7  549.8  549.7 77 
   50.0  20300  -38.1  -80.1      0   0.01    160     23  553.2  553.3  553.2 77 
   49.0  20440  -37.9  -80.0      0   0.01    150     24  556.9  557.0  556.9 77 
   45.0  21032  -37.0  -79.4      0   0.02    165     23  572.8  573.0  572.8 77 
   43.0  21348  -36.5  -79.1      0   0.02    145     18  581.5  581.6  581.5 77 
   41.0  21679  -36.0  -78.8      0   0.02    160     21  590.7  590.9  590.7 77 
   40.0  21851  -35.7  -78.6      0   0.02    150     20  595.5  595.7  595.5 77 
   38.0  22207  -35.2  -78.3      0   0.02    175     17  605.7  605.9  605.7 77 
   37.0  22393  -34.9  -78.1      0   0.02    155     23  611.1  611.3  611.1 77 
   36.0  22583  -34.6  -77.9      0   0.03    140     18  616.6  616.9  616.6 77 
   35.0  22779  -34.3  -77.7      0   0.03    145      9  622.4  622.6  622.4 77 
   33.0  23188  -33.7  -77.3      0   0.03    155     17  634.6  634.9  634.6 77 
   31.0  23622  -33.0  -76.9      0   0.04    180     19  647.8  648.1  647.8 77 
   30.0  23850  -32.7  -76.7      0   0.04    165     19  654.8  655.2  654.9 77 
   29.0  24090  -32.4  -76.5      0   0.04    175     25  662.1  662.5  662.1 77 
   27.0  24596  -31.7  -76.1      0   0.05    155     17  677.6  678.1  677.6 77 
   24.0  25429  -30.6  -75.4      0   0.06    160     15  704.0  704.6  704.0 77 
   23.0  25730  -30.2  -75.2      0   0.06    155     16  713.8  714.4  713.8 77 
   22.7  25823  -30.1  -75.1      0   0.06                716.8  717.5  716.8 77 
</PRE><H3>Station information and sounding indices</H3><PRE> 60 
                             Station number: 89009 50 
                           Observation time: 240105/1200 56 
                           Station latitude: -90.00 51 
                          Station longitude: 0.00 49 
                          Station elevation: 2835.0 51 
                               Lifted index: 11.87 50 
    LIFT computed using virtual temperature: 11.88 50 
      Convective Available Potential Energy: 0.00 49 
             CAPE using virtual temperature: 0.00 49 
                      Convective Inhibition: 0.00 49 
             CINS using virtual temperature: 0.00 49 
                     Bulk Richardson Number: 0.00 49 
          Bulk Richardson Number using CAPV: 0.00 49 
  Temp [K] of the Lifted Condensation Level: 237.35 51 
Pres [hPa] of the Lifted Condensation Level: 577.92 51 
   Equivalent potential temp [K] of the LCL: 278.62 51 
     Mean mixed layer potential temperature: 277.63 51 
              Mean mixed layer mixing ratio: 0.32 49 
              1000 hPa to 500 hPa thickness: 5251.00 52 
Precipitable water [mm] for entire sounding: 0.64 49 
</PRE> 6 
<H2>89009  Amundsen-Scott Observations at 00Z 06 Jan 2024</H2> 62 
<PRE> 5 
----------------------------------------------------------------------------- 77 
   PRES   HGHT   TEMP   DWPT   RELH   MIXR   DRCT   SKNT   THTA   THTE   THTV 77 
    hPa     m      C      C      %    g/kg    deg   knot     K      K      K  77 
----------------------------------------------------------------------------- 77 
 1000.0   -199                                                                77 
  925.0    455                                                                77 
  850.0   1145                                                                77 
  700.0   2647                                                                77 
  682.0   2835  -29.3  -33.8     65   0.32     45      7  272.0  273.1  272.1 77 
  678.0   2877  -26.3  -30.5     68   0.45     21      9  275.8  277.2  275.9 77 
  677.0   2888  -26.2  -30.8     65   0.44     15     10  276.0  277.4  276.1 77 
  664.0   3029  -25.6  -35.0     41   0.30      0     10  278.2  279.2  278.3 77 
  657.0   3106  -25.3  -37.3     32   0.24    357     10  279.5  280.2  279.5 77 
  613.0   3610  -26.1  -38.1     31   0.23    339      8  284.1  284.9  284.2 77 
  608.0   3669  -26.1  -39.1     28   0.21    337      8  284.8  285.5  284.8 77 
  550.0   4393  -29.1  -37.1     46   0.29    310      5  289.5  290.5  289.6 77 
  500.0   5070  -33.3  -39.3     55   0.25    285      3  292.4  293.3  292.4 77 
  471.0   5485  -36.0  -40.4     64   0.24    235      1  294.0  294.9  294.1 77 
  464.0   5589  -36.7  -40.7     66   0.24    235      1  294.5  295.3  294.5 77 
  439.0   5969  -39.1  -46.1     47   0.14    233      2  296.1  296.6  296.1 77 
  432.0   6079  -39.5  -55.5     17   0.05    232      3  297.0  297.2  297.0 77 
  408.0   6467  -41.9  -46.9     58   0.14    231      4  298.8  299.3  298.8 77 
  403.0   6550  -42.1  -54.1     26   0.06    230      4  299.6  299.8  299.6 77 
  400.0   6600  -42.5  -54.5     26   0.06    230      4  299.7  299.9  299.7 77 
  347.0   7547  -49.3  -52.1     72   0.09    225      4  302.9  303.2  302.9 77 
  330.0   7875  -51.5  -53.9     75   0.08    223      5  304.2  304.6  304.3 77 
  308.0   8321  -54.1  -56.2     78   0.06    221      5  306.7  306.9  306.7 77 
  300.0   8490  -55.1  -58.1     69   0.05    220      5  307.6  307.8  307.6 77 
  273.0   9087  -58.9  -62.3     65   0.03    205      6  310.5  310.6  310.5 77 
  263.0   9321  -58.9  -61.0     76   0.04    184      6  313.8  314.0  313.8 77 
  253.0   9565  -58.1  -76.1      8   0.00    162      6  318.5  318.5  318.5 77 
  250.0   9640  -57.5  -74.5     10   0.01    155      6  320.4  320.5  320.5 77 
  230.0  10171  -55.3  -78.3      4   0.00    155     10  331.5  331.5  331.5 77 
  212.0  10689  -53.2  -82.0      2   0.00    135     13  342.6  342.6  342.6 77 
  200.0  11060  -51.7  -84.7      1   0.00    140     15  350.7  350.8  350.7 77 
  198.0  11125  -51.3  -84.3      1   0.00    140     15  352.4  352.4  352.4 77 
  150.0  12940  -49.3  -86.3      1   0.00    150     29  384.9  384.9  384.9 77 
  100.0  15620  -44.9  -84.9      0   0.00    160     29  440.7  440.7  440.7 77 
   91.0  16255  -44.1  -84.4      0   0.00    175     28  454.3  454.3  454.3 77 
   88.0  16480  -43.8  -84.2      0   0.00    165     35  459.2  459.2  459.2 77 
   84.0  16793  -43.4  -83.9      0   0.00    150     31  466.2  466.2  466.2 77 
   80.0  17121  -43.0  -83.7      0   0.00    170     26  473.6  473.6  473.6 77 
   74.0  17646  -42.4  -83.2      0   0.01    145     26  485.6  485.6  485.6 77 
   70.0  18020  -41.9  -82.9      0   0.01    155     26  494.4  494.4  494.4 77 
   68.0  18217  -41.8  -82.8      0   0.01    150     26  498.6  498.7  498.6 77 
   65.0  18523  -41.7  -82.7      0   0.01    170     22  505.4  505.4  505.4 77 
   64.0  18629  -41.7  -82.7      0   0.01    175     25  507.7  507.8  507.7 77 
   59.0  19181  -41.5  -82.5      0   0.01    160     24  520.1  520.2  520.1 77 
   57.0  19416  -41.4  -82.4      0   0.01    180     29  525.5  525.5  525.5 77 
   55.6  19585  -41.3  -82.3      0   0.01    173     32  529.4  529.4  529.4 77 
   55.0  19659  -41.1  -82.2      0   0.01    170     33  531.5  531.6  531.5 77 
   50.0  20310  -39.1  -81.1      0   0.01    155     27  550.9  550.9  550.9 77 
   48.6  20505  -37.3  -79.3      0   0.02    172     26  559.6  559.7  559.6 77 
   48.0  20591  -37.2  -79.3      0   0.02    180     25  561.7  561.9  561.7 77 
   44.0  21192  -36.9  -79.2      0   0.02    165     24  576.7  576.8  576.7 77 
   42.0  21513  -36.7  -79.2      0   0.02    145     22  584.9  585.0  584.9 77 
   40.0  21850  -36.5  -79.2      0   0.02    165     15  593.6  593.7  593.6 77 
   38.0  22204  -36.3  -79.1      0   0.02    155     17  602.8  603.0  602.9 77 
   37.0  22388  -36.2  -79.1      0   0.02    170     18  607.7  607.9  607.7 77 
   35.9  22597  -36.1  -79.1      0   0.02    162     20  613.3  613.5  613.3 77 
   35.0  22774  -35.5  -78.7      0   0.02    155     21  619.2  619.5  619.2 77 
   32.0  23399  -33.5  -77.2      0   0.03    175     21  640.6  640.9  640.6 77 
   30.0  23850  -32.1  -76.1      0   0.04    155     19  656.5  656.9  656.5 77 
   29.0  24091  -31.9  -76.0      0   0.04    170     21  663.5  663.9  663.5 77 
   28.0  24340  -31.7  -75.8      0   0.05    165     26  670.8  671.2  670.8 77 
   26.0  24866  -31.2  -75.5      0   0.05    145     14  686.5  687.0  686.5 77 
   25.0  25145  -30.9  -75.4      0   0.06    205     11  694.9  695.5  695.0 77 
   24.0  25435  -30.7  -75.2      0   0.06    165     17  703.8  704.5  703.9 77 
   23.0  25737  -30.4  -75.0      0   0.06    170     17  713.2  713.9  713.3 77 
   21.0  26383  -29.8  -74.7      0   0.07    150     20  733.8  734.6  733.8 77 
   20.0  26730  -29.5  -74.5      0   0.08    160     22  745.0  745.9  745.1 77 
   19.0  27098  -28.1  -73.6      0   0.10    170     21  760.5  761.6  760.6 77 
   18.1  27446  -26.7  -72.7      0   0.11    148     10  775.4  776.7  775.5 77 
   18.0  27486  -26.7  -72.7      0   0.11    145      9  776.5  777.8  776.6 77 
   17.5  27689  -26.9  -72.9      0   0.11                782.3  783.6  782.3 77 
</PRE><H3>Station information and sounding indices</H3><PRE> 60 
                             Station number: 89009 50 
                           Observation time: 240106/0000 56 
                           Station latitude: -90.00 51 
                          Station longitude: 0.00 49 
                          Station elevation: 2835.0 51 
                               Lifted index: 10.97 50 
    LIFT computed using virtual temperature: 10.99 50 
      Convective Available Potential Energy: 0.00 49 
             CAPE using virtual temperature: 0.00 49 
                      Convective Inhibition: 0.00 49 
             CINS using virtual temperature: 0.00 49 
                     Bulk Richardson Number: 0.00 49 
          Bulk Richardson Number using CAPV: 0.00 49 
  Temp [K] of the Lifted Condensation Level: 236.20 51 
Pres [hPa] of the Lifted Condensation Level: 561.26 51 
   Equivalent potential temp [K] of the LCL: 279.51 51 
     Mean mixed layer potential temperature: 278.60 51 
              Mean mixed layer mixing ratio: 0.30 49 
              1000 hPa to 500 hPa thickness: 5269.00 52 
Precipitable water [mm] for entire sounding: 0.78 49 
</PRE> 6 
<H2>89009  Amundsen-Scott Observations at 12Z 06 Jan 2024</H2> 62 
<PRE> 5 
----------------------------------------------------------------------------- 77 
   PRES   HGHT   TEMP   DWPT   RELH   MIXR   DRCT   SKNT   THTA   THTE   THTV 77 
    hPa     m      C      C      %    g/kg    deg   knot     K      K      K  77 
----------------------------------------------------------------------------- 77 
 1000.0   -205                                                                77 
  925.0    452                                                                77 
  850.0   1143                                                                77 
  700.0   2649                                                                77 
  682.0   2835  -28.9  -33.6     64   0.33     50      6  272.5  273.5  272.5 77 
  677.0   2888  -26.5  -30.3     70   0.46     48      6  275.7  277.2  275.8 77 
  650.0   3183  -24.5  -44.5     14   0.11     39      5  281.2  281.6  281.2 77 
  648.0   3206  -24.3  -40.3     21   0.18     38      5  281.7  282.3  281.7 77 
  646.0   3228  -24.5  -35.5     35   0.29     38      5  281.7  282.7  281.8 77 
  630.0   3411  -24.7  -49.7      8   0.07     32      5  283.5  283.8  283.5 77 
  622.0   3504  -24.9  -36.9     32   0.26     29      5  284.3  285.2  284.4 77 
  602.0   3742  -25.3  -45.3     14   0.11     22      4  286.5  286.9  286.5 77 
  580.0   4012  -26.9  -34.9     47   0.34     13      4  287.7  288.9  287.8 77 
  555.0   4329  -28.3  -43.3     22   0.15      4      3  289.7  290.2  289.7 77 
  510.0   4931  -32.5  -38.5     55   0.27    344      2  291.7  292.6  291.8 77 
  500.0   5070  -33.3  -40.3     49   0.23    340      2  292.4  293.2  292.4 77 
  491.0   5196  -34.1  -41.1     49   0.21      0      0  292.9  293.6  292.9 77 
  433.0   6070  -39.9  -46.9     47   0.13    110      2  296.3  296.7  296.3 77 
  412.0   6410  -42.1  -43.6     85   0.20    154      3  297.7  298.4  297.7 77 
  409.0   6459  -42.1  -47.1     58   0.13    160      3  298.3  298.8  298.3 77 
  402.0   6576  -42.9  -47.9     58   0.13    176      3  298.7  299.2  298.8 77 
  400.0   6610  -43.1  -46.8     67   0.14    180      3  298.9  299.4  298.9 77 
  398.0   6644  -43.5  -46.1     75   0.15    180      3  298.8  299.4  298.8 77 
  389.0   6797  -44.5  -49.5     57   0.11    178      4  299.4  299.9  299.5 77 
  384.0   6883  -45.1  -46.6     85   0.15    176      4  299.8  300.3  299.8 77 
  379.0   6970  -45.5  -51.5     51   0.09    175      4  300.4  300.7  300.4 77 
  373.0   7076  -45.7  -51.7     51   0.09    174      4  301.5  301.8  301.5 77 
  300.0   8490  -56.3  -58.4     77   0.05    155      9  305.9  306.1  305.9 77 
  295.0   8596  -57.0  -59.2     76   0.04    155     10  306.4  306.6  306.4 77 
  283.0   8857  -58.7  -61.2     73   0.04    145      8  307.6  307.7  307.6 77 
  276.0   9014  -57.1  -72.1     13   0.01    145      8  312.1  312.1  312.1 77 
  250.0   9640  -55.7  -69.7     16   0.01    145      7  323.1  323.2  323.1 77 
  234.0  10066  -54.3  -73.8      7   0.01    135     10  331.5  331.5  331.5 77 
  226.0  10291  -53.5  -76.0      5   0.01    155     10  335.9  335.9  335.9 77 
  220.0  10464  -52.9  -77.6      3   0.00    130     14  339.4  339.4  339.4 77 
  207.0  10857  -51.6  -81.4      2   0.00    150     14  347.4  347.4  347.4 77 
  204.0  10951  -51.3  -82.3      1   0.00    138     13  349.4  349.4  349.4 77 
  202.0  11015  -51.3  -82.3      1   0.00    130     12  350.4  350.4  350.4 77 
  200.0  11080  -51.3  -82.3      1   0.00    135     11  351.4  351.4  351.4 77 
  160.0  12538  -49.8  -83.1      1   0.00    155     20  377.1  377.1  377.1 77 
  151.0  12917  -49.4  -83.3      1   0.00    145     26  384.1  384.1  384.1 77 
  150.0  12960  -49.3  -83.3      1   0.00    150     25  384.9  384.9  384.9 77 
  101.0  15564  -46.5  -83.5      1   0.00    160     29  436.4  436.4  436.4 77 
  100.0  15630  -46.5  -83.5      1   0.00    160     29  437.6  437.6  437.6 77 
   91.0  16262  -45.2  -83.3      1   0.00    155     26  452.1  452.1  452.1 77 
   88.0  16487  -44.8  -83.2      1   0.00    170     27  457.3  457.4  457.3 77 
   81.0  17042  -43.7  -83.0      1   0.01    155     28  470.6  470.6  470.6 77 
   78.0  17295  -43.2  -82.9      0   0.01    170     28  476.7  476.8  476.7 77 
   74.0  17648  -42.5  -82.8      0   0.01    160     29  485.4  485.5  485.4 77 
   70.0  18020  -41.7  -82.7      0   0.01    160     26  494.8  494.9  494.8 77 
   61.0  18957  -40.6  -82.0      0   0.01    175     26  517.0  517.1  517.0 77 
   57.0  19418  -40.1  -81.7      0   0.01    150     23  528.3  528.4  528.3 77 
   55.0  19661  -39.8  -81.5      0   0.01    170     25  534.4  534.4  534.4 77 
   51.0  20175  -39.2  -81.2      0   0.01    150     21  547.4  547.5  547.4 77 
   50.0  20310  -39.1  -81.1      0   0.01    155     19  550.9  550.9  550.9 77 
   48.0  20593  -38.6  -80.8      0   0.01    175     24  558.5  558.6  558.5 77 
   44.0  21196  -37.6  -80.1      0   0.01    155     25  575.0  575.1  575.0 77 
   37.0  22397  -35.6  -78.7      0   0.02    150     18  609.4  609.6  609.4 77 
   36.0  22587  -35.2  -78.5      0   0.02    175     19  615.0  615.2  615.0 77 
   34.0  22983  -34.6  -78.1      0   0.03    160     15  626.9  627.2  626.9 77 
   31.0  23623  -33.5  -77.4      0   0.03    180     20  646.6  646.9  646.6 77 
   30.0  23850  -33.1  -77.1      0   0.04    170     19  653.8  654.1  653.8 77 
   29.0  24089  -32.0  -76.0      0   0.04    165     17  663.1  663.5  663.1 77 
   28.9  24113  -31.9  -75.9      0   0.04                664.1  664.5  664.1 77 
</PRE><H3>Station information and sounding indices</H3><PRE> 60 
                             Station number: 89009 50 
                           Observation time: 240106/1200 56 
                           Station latitude: -90.00 51 
                          Station longitude: 0.00 49 
                          Station elevation: 2835.0 51 
                               Lifted index: 10.77 50 
    LIFT computed using virtual temperature: 10.78 50 
      Convective Available Potential Energy: 0.00 49 
             CAPE using virtual temperature: 0.00 49 
                      Convective Inhibition: 0.00 49 
             CINS using virtual temperature: 0.00 49 
                     Bulk Richardson Number: 0.00 49 
          Bulk Richardson Number using CAPV: 0.00 49 
  Temp [K] of the Lifted Condensation Level: 233.66 51 
Pres [hPa] of the Lifted Condensation Level: 537.49 51 
   Equivalent potential temp [K] of the LCL: 279.77 51 
     Mean mixed layer potential temperature: 279.04 51 
              Mean mixed layer mixing ratio: 0.27 49 
              1000 hPa to 500 hPa thickness: 5275.00 52 
Precipitable water [mm] for entire sounding: 0.71 49 
</PRE> 6 
<H2>89009  Amundsen-Scott Observations at 00Z 07 Jan 2024</H2> 62 
<PRE> 5 
----------------------------------------------------------------------------- 77 
   PRES   HGHT   TEMP   DWPT   RELH   MIXR   DRCT   SKNT   THTA   THTE   THTV 77 
    hPa     m      C      C      %    g/kg    deg   knot     K      K      K  77 
----------------------------------------------------------------------------- 77 
 1000.0   -195                                                                77 
  925.0    461                                                                77 
  850.0   1153                                                                77 
  700.0   2660                                                                77 
  683.0   2835  -29.9  -34.3     65   0.31     75      6  271.2  272.2  271.3 77 
  678.0   2888  -26.5  -31.2     64   0.42     39      9  275.6  276.9  275.7 77 
  676.0   2909  -26.2  -31.3     62   0.42     25     10  276.2  277.5  276.2 77 
  671.0   2963  -25.5  -31.5     57   0.41     26     10  277.6  278.9  277.6 77 
  667.0   3006  -24.7  -38.7     26   0.20     26     10  278.9  279.6  279.0 77 
  664.0   3039  -24.3  -35.3     35   0.29     27     10  279.7  280.7  279.8 77 
  660.0   3083  -24.5  -40.5     21   0.17     27      9  280.0  280.6  280.0 77 
  654.0   3149  -24.7  -32.7     47   0.38     28      9  280.5  281.7  280.6 77 
  645.0   3250  -24.5  -47.5     10   0.08     30      9  281.8  282.1  281.9 77 
  638.0   3330  -24.1  -49.1      8   0.07     31      8  283.2  283.4  283.2 77 
  633.0   3387  -24.1  -37.1     29   0.25     32      8  283.8  284.7  283.9 77 
  618.0   3562  -24.5  -42.5     17   0.15     34      8  285.3  285.8  285.3 77 
  610.0   3657  -25.1  -34.1     43   0.35     35      7  285.7  286.9  285.7 77 
  600.0   3777  -25.1  -45.1     14   0.11     37      7  287.0  287.4  287.1 77 
  589.0   3911  -25.7  -46.7     12   0.10     39      6  287.9  288.2  287.9 77 
  563.0   4237  -27.7  -36.7     42   0.29     43      5  289.2  290.2  289.3 77 
  500.0   5080  -33.1  -40.1     49   0.23     55      2  292.6  293.4  292.7 77 
  496.0   5137  -33.7  -39.7     55   0.25     57      2  292.6  293.4  292.6 77 
  456.0   5723  -37.1  -45.1     43   0.15     78      4  295.4  296.0  295.4 77 
  444.0   5907  -38.3  -40.7     78   0.25     84      5  296.2  297.1  296.2 77 
  440.0   5970  -38.9  -41.5     76   0.23     87      5  296.2  297.0  296.2 77 
  436.0   6033  -39.1  -47.1     42   0.13     89      6  296.7  297.2  296.7 77 
  424.0   6224  -40.3  -42.1     83   0.22     96      6  297.5  298.3  297.6 77 
  412.0   6420  -41.3  -49.3     42   0.10    103      7  298.7  299.1  298.7 77 
  402.0   6586  -42.5  -47.0     61   0.14    109      8  299.2  299.8  299.3 77 
  400.0   6620  -42.7  -47.4     60   0.13    110      8  299.4  299.9  299.4 77 
  388.0   6825  -43.7  -50.7     46   0.09    108      9  300.7  301.1  300.7 77 
  353.0   7451  -48.7  -52.4     65   0.08    102     11  302.2  302.6  302.2 77 
  343.0   7639  -50.1  -55.1     55   0.06    100     12  302.8  303.1  302.8 77 
  342.0   7658  -50.2  -55.2     56   0.06    100     12  302.9  303.1  302.9 77 
  304.0   8415  -55.5  -59.5     61   0.04     90     12  305.8  306.0  305.9 77 
  300.0   8500  -56.1  -60.0     61   0.04     90     13  306.2  306.3  306.2 77 
  296.0   8586  -56.7  -61.2     57   0.03    103     12  306.5  306.6  306.5 77 
  291.0   8694  -56.9  -60.0     68   0.04    119     11  307.7  307.9  307.7 77 
  289.0   8738  -56.8  -60.4     64   0.04    125     11  308.5  308.7  308.5 77 
  285.0   8827  -56.5  -61.1     56   0.04    129     10  310.1  310.3  310.1 77 
  273.0   9100  -57.9  -60.1     76   0.04    140      8  311.9  312.1  311.9 77 
  253.0   9584  -56.5  -73.5     10   0.01    149      7  320.9  320.9  320.9 77 
  250.0   9660  -56.1  -73.1     10   0.01    150      7  322.5  322.6  322.5 77 
  240.0   9923  -55.0  -74.7      7   0.01    140     10  328.0  328.0  328.0 77 
  227.0  10282  -53.5  -76.8      4   0.00    160     11  335.6  335.6  335.6 77 
  221.0  10455  -52.8  -77.8      3   0.00    145     12  339.3  339.3  339.3 77 
  209.0  10815  -51.2  -80.0      2   0.00    155     15  347.1  347.1  347.1 77 
  202.0  11035  -50.3  -81.3      1   0.00    147     14  351.9  352.0  351.9 77 
  200.0  11100  -50.3  -81.3      1   0.00    145     14  352.9  353.0  352.9 77 
  197.0  11199  -50.2  -81.4      1   0.00    145     13  354.6  354.6  354.6 77 
  189.0  11470  -50.0  -81.8      1   0.00    160     16  359.1  359.2  359.1 77 
  176.0  11935  -49.7  -82.5      1   0.00    145     18  367.1  367.1  367.1 77 
  169.0  12201  -49.5  -82.8      1   0.00    165     20  371.7  371.7  371.7 77 
  159.0  12599  -49.2  -83.4      1   0.00    150     17  378.8  378.8  378.8 77 
  150.0  12980  -48.9  -83.9      1   0.00    165     19  385.6  385.6  385.6 77 
  146.0  13158  -48.7  -83.9      1   0.00    175     20  388.9  388.9  388.9 77 
  134.0  13724  -48.1  -83.8      1   0.00    160     27  399.6  399.7  399.6 77 
  110.0  15027  -46.7  -83.7      1   0.00    167     26  425.5  425.5  425.5 77 
  100.0  15660  -46.1  -83.1      1   0.00    170     26  438.4  438.4  438.4 77 
   96.0  15934  -45.6  -83.0      1   0.00    155     25  444.5  444.5  444.5 77 
   83.0  16909  -43.8  -82.9      1   0.01    185     25  467.0  467.1  467.0 77 
   78.0  17325  -43.0  -82.8      0   0.01    165     37  477.0  477.0  477.0 77 
   70.0  18050  -41.7  -82.7      0   0.01    170     29  494.8  494.9  494.8 77 
   61.0  18987  -40.4  -81.8      0   0.01    170     23  517.5  517.6  517.6 77 
   57.0  19448  -39.8  -81.4      0   0.01    150     26  529.1  529.2  529.1 77 
   55.0  19691  -39.4  -81.1      0   0.01    170     24  535.4  535.4  535.4 77 
   50.0  20340  -38.5  -80.5      0   0.01    165     22  552.3  552.4  552.3 77 
   48.0  20620  -38.5  -80.5      0   0.01    190     21  558.6  558.7  558.6 77 
   43.0  21374  -38.7  -80.7      0   0.01    170     26  576.1  576.3  576.1 77 
   42.3  21487  -38.7  -80.7      0   0.01    173     26  578.8  578.9  578.8 77 
   41.0  21703  -37.9  -80.2      0   0.02    180     27  586.0  586.1  586.0 77 
   40.0  21874  -37.2  -79.8      0   0.02    160     25  591.8  591.9  591.8 77 
   36.0  22604  -34.5  -78.2      0   0.02    160     25  616.9  617.2  616.9 77 
   34.9  22818  -33.7  -77.7      0   0.03    146     21  624.5  624.8  624.5 77 
   34.0  23002  -33.5  -77.5      0   0.03    135     17  629.8  630.0  629.8 77 
   32.0  23427  -33.0  -77.0      0   0.03    150     14  642.0  642.4  642.0 77 
   30.0  23880  -32.5  -76.5      0   0.04    175     14  655.4  655.8  655.4 77 
   28.0  24370  -31.9  -76.1      0   0.04    180     19  670.0  670.5  670.0 77 
   27.0  24628  -31.6  -75.9      0   0.05    150     22  677.9  678.4  677.9 77 
   25.0  25175  -31.0  -75.4      0   0.05    185     18  694.8  695.4  694.8 77 
   23.0  25767  -30.3  -74.9      0   0.06    130     20  713.6  714.3  713.6 77 
   22.0  26083  -29.9  -74.7      0   0.07    165     14  723.9  724.6  723.9 77 
   21.0  26413  -29.5  -74.4      0   0.08    145     19  734.7  735.5  734.7 77 
   20.0  26760  -29.1  -74.1      0   0.08    155     19  746.3  747.2  746.3 77 
   19.0  27127  -28.9  -74.1      0   0.09    185     17  758.0  759.0  758.1 77 
   18.0  27514  -28.6  -74.0      0   0.09    165     23  770.6  771.7  770.6 77 
   17.0  27923  -28.4  -74.0      0   0.10    130     10  784.1  785.3  784.2 77 
   16.0  28357  -28.1  -73.9      0   0.11    180     14  798.7  800.0  798.8 77 
   15.4  28631  -27.9  -73.9      0   0.11    168     16  808.1  809.4  808.1 77 
   15.1  28772  -28.3  -73.3      1   0.12    162     17  811.3  812.8  811.4 77 
   15.0  28820  -28.1  -73.2      1   0.13    160     17  813.4  814.9  813.4 77 
   14.0  29319  -26.6  -72.3      1   0.16    165     20  834.8  836.7  834.9 77 
   13.0  29855  -24.9  -71.3      1   0.20    155     14  858.5  860.9  858.6 77 
   12.1  30374  -23.3  -70.3      1   0.24    181     10  882.0  885.0  882.1 77 
   11.0  31067  -24.8  -71.2      1   0.23    215      5  901.1  904.1  901.2 77 
   10.2  31616  -25.9  -71.9      1   0.23    191     20  916.5  919.4  916.6 77 
   10.0  31760  -24.7  -71.7      0   0.24    185     24  926.1  929.3  926.2 77 
    9.0  32529  -23.9  -70.8      0   0.30    170     20  957.7  961.8  957.9 77 
    8.4  33032  -23.3  -70.3      1   0.35    147     15  978.9  983.8  979.1 77 
    8.0  33392  -20.3  -68.6      0   0.47    130     11 1004.7 1011.3 1005.0 77 
    7.8  33579  -18.7  -67.7      0   0.54    144     11 1018.3 1026.0 1018.6 77 
    7.5  33870  -20.9  -68.9      0   0.48    166     11 1020.8 1027.7 1021.1 77 
    7.0  34383  -17.1  -66.1      1   0.75    205     10 1056.8 1067.9 1057.3 77 
    6.5  34935  -20.7  -68.7      1   0.56    191      6 1064.3 1072.8 1064.7 77 
    6.2  35286  -17.9  -66.9      1   0.76    181      3 1090.7 1102.3 1091.2 77 
    6.0  35530  -19.9  -68.9      0   0.59    175      1 1092.3 1101.5 1092.8 77 
    5.7  35915  -15.1  -64.1      1   1.21    126      1 1129.5 1148.4 1130.3 77 
    5.5  36183  -17.1  -66.1      1   0.96     91      1 1132.2 1147.3 1132.9 77 
    5.3  36460  -18.5  -67.5      0   0.82     56      0 1138.0 1151.1 1138.6 77 
    5.2  36603  -17.9  -66.9      1   0.91     38      0 1146.9 1161.5 1147.6 77 
    5.1  36749  -13.5  -62.5      1   1.67     19      0 1173.2 1200.1 1174.4 77 
    5.0  36899  -17.5  -66.5      1   1.00      0      0 1161.7 1177.8 1162.4 77 
    4.8  37208  -12.1  -61.1      1   2.14    333      3 1200.1 1235.1 1201.7 77 
    4.7  37369  -11.5  -60.5      1   2.36    318      4 1210.1 1249.0 1211.9 77 
    4.6  37533  -13.9  -62.9      1   1.76    304      5 1206.4 1235.6 1207.7 77 
    4.5  37701  -12.1  -61.1      1   2.28    289      7 1222.5 1260.5 1224.2 77 
    4.4  37872  -12.7  -61.7      1   2.16    274      8 1227.5 1263.7 1229.1 77 
    4.0                                       210     14                      77 
</PRE><H3>Station information and sounding indices</H3><PRE> 60 
                             Station number: 89009 50 
                           Observation time: 240107/0000 56 
                           Station latitude: -90.00 51 
                          Station longitude: 0.00 49 
                          Station elevation: 2835.0 51 
                               Lifted index: 10.85 50 
    LIFT computed using virtual temperature: 10.86 50 
      Convective Available Potential Energy: 0.00 49 
             CAPE using virtual temperature: 0.00 49 
                      Convective Inhibition: 0.00 49 
             CINS using virtual temperature: 0.00 49 
                     Bulk Richardson Number: 0.00 49 
          Bulk Richardson Number using CAPV: 0.00 49 
  Temp [K] of the Lifted Condensation Level: 233.06 51 
Pres [hPa] of the Lifted Condensation Level: 531.42 51 
   Equivalent potential temp [K] of the LCL: 279.93 51 
     Mean mixed layer potential temperature: 279.22 51 
              Mean mixed layer mixing ratio: 0.26 49 
              1000 hPa to 500 hPa thickness: 5275.00 52 
Precipitable water [mm] for entire sounding: 0.79 49 
</PRE> 6 
<H2>89009  Amundsen-Scott Observations at 12Z 07 Jan 2024</H2> 62 
<PRE> 5 
----------------------------------------------------------------------------- 77 
   PRES   HGHT   TEMP   DWPT   RELH   MIXR   DRCT   SKNT   THTA   THTE   THTV 77 
    hPa     m      C      C      %    g/kg    deg   knot     K      K      K  77 
----------------------------------------------------------------------------- 77 
 1000.0   -182                                                                77 
  925.0    471                                                                77 
  850.0   1163                                                                77 
  700.0   2667                                                                77 
  684.0   2835  -29.1  -33.6     65   0.33     65      6  272.0  273.1  272.1 77 
  681.0   2866  -28.1  -30.2     82   0.46     65      6  273.5  274.9  273.6 77 
  678.0   2898  -26.1  -29.6     72   0.49     65      6  276.1  277.6  276.1 77 
  658.0   3116  -24.3  -35.3     35   0.29     67      6  280.5  281.4  280.5 77 
  632.0   3409  -24.5  -42.5     17   0.14     69      7  283.5  284.0  283.5 77 
  600.0   3787  -25.7  -44.7     15   0.12     71      7  286.3  286.8  286.4 77 
  594.0   3859  -26.1  -35.1     43   0.33     72      7  286.7  287.8  286.8 77 
  589.0   3921  -26.1  -48.1     11   0.08     72      7  287.4  287.7  287.4 77 
  583.0   3995  -26.3  -49.3     10   0.07     73      7  288.0  288.3  288.0 77 
  575.0   4094  -26.5  -45.5     15   0.11     73      7  288.9  289.3  288.9 77 
  567.0   4195  -27.3  -35.3     47   0.34     74      7  289.1  290.3  289.2 77 
  542.0   4519  -29.5  -36.5     51   0.31     76      7  290.2  291.3  290.3 77 
  528.0   4705  -30.5  -40.5     37   0.21     77      8  291.2  292.0  291.3 77 
  500.0   5090  -33.1  -42.1     40   0.19     80      8  292.6  293.3  292.7 77 
  485.0   5304  -34.7  -43.7     40   0.16     78      8  293.2  293.8  293.2 77 
  476.0   5435  -35.3  -38.7     71   0.28     77      9  294.1  295.0  294.1 77 
  472.0   5493  -35.5  -44.5     39   0.16     77      9  294.5  295.1  294.5 77 
  467.0   5568  -35.7  -45.7     35   0.14     76      9  295.2  295.7  295.2 77 
  427.0   6186  -39.9  -42.5     76   0.21     71     10  297.4  298.2  297.5 77 
  422.0   6266  -40.4  -43.4     73   0.20     70     10  297.8  298.5  297.8 77 
  412.0   6429  -41.4  -45.1     67   0.17     85     12  298.5  299.1  298.6 77 
  400.0   6630  -42.7  -47.3     61   0.13     85     12  299.4  299.9  299.4 77 
  395.0   6715  -43.3  -47.9     60   0.13     85     13  299.7  300.2  299.7 77 
  364.0   7259  -47.1  -53.1     50   0.08     87     16  301.7  302.0  301.7 77 
  313.0   8240  -54.7  -58.1     66   0.05     89     22  304.4  304.6  304.4 77 
  302.0   8468  -56.2  -59.2     69   0.04     90     23  305.5  305.7  305.5 77 
  301.0   8489  -56.3  -59.3     69   0.04     90     23  305.6  305.8  305.6 77 
  300.0   8510  -56.3  -59.4     68   0.04     90     23  305.9  306.1  305.9 77 
  287.0   8789  -57.9  -62.1     58   0.03     95     22  307.5  307.6  307.5 77 
  271.0   9150  -56.7  -69.7     18   0.01    105     15  314.4  314.4  314.4 77 
  264.0   9315  -56.1  -73.1     10   0.01     99     13  317.6  317.6  317.6 77 
  259.0   9436  -55.8  -73.1     10   0.01     95     12  319.8  319.8  319.8 77 
  250.0   9660  -55.1  -73.1      9   0.01    110      9  324.0  324.1  324.0 77 
  238.0   9975  -54.1  -76.1      5   0.01    123      8  330.1  330.1  330.1 77 
  232.0  10140  -53.6  -77.0      4   0.00    130      8  333.3  333.4  333.3 77 
  213.0  10693  -51.8  -80.2      2   0.00    150     11  344.3  344.3  344.3 77 
  202.0  11036  -50.7  -82.1      1   0.00    140     13  351.3  351.3  351.3 77 
  200.0  11100  -50.5  -82.5      1   0.00    140     12  352.6  352.6  352.6 77 
  192.0  11367  -49.6  -82.5      1   0.00    165     16  358.2  358.2  358.2 77 
  191.0  11402  -49.5  -82.5      1   0.00    162     16  358.9  358.9  358.9 77 
  185.0  11611  -49.4  -82.7      1   0.00    145     18  362.3  362.3  362.3 77 
  175.0  11977  -49.3  -83.0      1   0.00    170     14  368.4  368.4  368.4 77 
  168.0  12245  -49.2  -83.2      1   0.00    150     18  372.8  372.9  372.8 77 
  164.0  12403  -49.1  -83.4      1   0.00    170     17  375.5  375.5  375.5 77 
  153.0  12860  -49.0  -83.8      1   0.00    165     19  383.3  383.4  383.3 77 
  150.0  12990  -48.9  -83.9      1   0.00    170     19  385.6  385.6  385.6 77 
  145.0  13213  -48.7  -83.9      1   0.00    185     21  389.7  389.7  389.7 77 
  132.0  13831  -48.1  -83.9      1   0.00    165     25  401.3  401.4  401.3 77 
  121.0  14403  -47.6  -83.9      1   0.00    180     23  412.4  412.4  412.4 77 
  108.0  15150  -46.9  -83.9      1   0.00    177     27  427.3  427.3  427.3 77 
  100.0  15660  -45.9  -84.9      0   0.00    175     29  438.8  438.8  438.8 77 
   93.0  16146  -45.2  -84.5      0   0.00    160     25  449.2  449.2  449.2 77 
   90.0  16366  -45.0  -84.2      0   0.00    170     18  454.0  454.1  454.0 77 
   88.0  16517  -44.8  -84.1      0   0.00    185     26  457.4  457.4  457.4 77 
   84.0  16828  -44.3  -83.8      0   0.00    170     31  464.3  464.4  464.3 77 
   70.0  18050  -42.7  -82.7      0   0.01    170     29  492.7  492.7  492.7 77 
   57.0  19448  -40.3  -81.5      0   0.01    165     27  528.0  528.1  528.0 77 
   53.0  19943  -39.4  -81.0      0   0.01    175     23  541.1  541.2  541.1 77 
   52.0  20073  -39.2  -80.9      0   0.01    185     26  544.6  544.6  544.6 77 
   50.0  20340  -38.7  -80.7      0   0.01    175     28  551.8  551.9  551.8 77 
   48.0  20621  -38.4  -80.4      0   0.01    175     35  558.9  559.0  558.9 77 
   41.8  21571  -37.5  -79.5      0   0.02    152     25  583.7  583.9  583.7 77 
   40.0  21877  -36.0  -78.7      0   0.02    145     22  594.8  595.0  594.8 77 
   37.0  22419  -33.5  -77.3      0   0.03    160     18  614.8  615.1  614.8 77 
   36.6  22495  -33.1  -77.1      0   0.03    159     18  617.6  617.9  617.6 77 
   34.0  23012  -33.1  -77.1      0   0.03    150     16  630.8  631.1  630.8 77 
   33.0  23221  -33.1  -77.1      0   0.03    160     12  636.2  636.5  636.2 77 
   32.0  23437  -33.1  -77.1      0   0.03    150     11  641.8  642.1  641.8 77 
   31.0  23660  -33.1  -77.1      0   0.03    160     12  647.6  648.0  647.7 77 
   30.0  23890  -33.1  -77.1      0   0.04    185     11  653.8  654.1  653.8 77 
   29.0  24129  -32.8  -76.8      0   0.04    155     17  661.0  661.3  661.0 77 
   27.0  24633  -32.1  -76.1      0   0.05    155     14  676.4  676.9  676.5 77 
   26.0  24900  -31.8  -75.8      0   0.05    170     18  684.7  685.2  684.8 77 
   25.0  25176  -31.4  -75.4      0   0.05    145     15  693.5  694.0  693.5 77 
   24.1  25435  -31.1  -75.1      1   0.06    154     13  701.8  702.4  701.8 77 
   24.0                                       155     13                      77 
</PRE><H3>Station information and sounding indices</H3><PRE> 60 
                             Station number: 89009 50 
                           Observation time: 240107/1200 56 
                           Station latitude: -90.00 51 
                          Station longitude: 0.00 49 
                          Station elevation: 2835.0 51 
                               Lifted index: 10.74 50 
    LIFT computed using virtual temperature: 10.74 50 
      Convective Available Potential Energy: 0.00 49 
             CAPE using virtual temperature: 0.00 49 
                      Convective Inhibition: 0.00 49 
             CINS using virtual temperature: 0.00 49 
                     Bulk Richardson Number: 0.00 49 
          Bulk Richardson Number using CAPV: 0.00 49 
  Temp [K] of the Lifted Condensation Level: 236.93 51 
Pres [hPa] of the Lifted Condensation Level: 563.93 51 
   Equivalent potential temp [K] of the LCL: 280.07 51 
     Mean mixed layer potential temperature: 279.09 51 
              Mean mixed layer mixing ratio: 0.33 49 
              1000 hPa to 500 hPa thickness: 5272.00 52 
Precipitable water [mm] for entire sounding: 0.72 49 
</PRE> 6 
<H2>89009  Amundsen-Scott Observations at 00Z 08 Jan 2024</H2> 62 
<PRE> 5 
----------------------------------------------------------------------------- 77 
   PRES   HGHT   TEMP   DWPT   RELH   MIXR   DRCT   SKNT   THTA   THTE   THTV 77 
    hPa     m      C      C      %    g/kg    deg   knot     K      K      K  77 
----------------------------------------------------------------------------- 77 
 1000.0   -178                                                                77 
  925.0    476                                                                77 
  850.0   1167                                                                77 
  700.0   2670                                                                77 
  684.0   2835  -29.1  -33.3     67   0.34     65      6  272.0  273.1  272.1 77 
  683.0   2845  -28.5  -30.1     86   0.46     57      7  272.8  274.2  272.9 77 
  679.0   2888  -26.8  -28.8     83   0.52     25     10  275.2  276.8  275.3 77 
  677.0   2909  -25.9  -28.2     81   0.56     25     10  276.4  278.1  276.5 77 
  641.0   3306  -25.3  -42.3     19   0.14     30     10  281.4  281.9  281.5 77 
  598.0   3810  -26.1  -40.1     26   0.20     37     10  286.1  286.8  286.2 77 
  592.0   3883  -26.3  -44.3     17   0.13     38     10  286.7  287.2  286.8 77 
  580.0   4031  -27.0  -39.3     30   0.22     40     10  287.6  288.3  287.6 77 
  569.0   4169  -27.7  -34.7     51   0.36     47     10  288.4  289.6  288.4 77 
  566.0   4207  -27.9  -44.9     18   0.12     49     10  288.6  289.0  288.6 77 
  563.0   4246  -28.1  -36.1     46   0.31     51     10  288.8  289.8  288.8 77 
  556.0   4335  -28.6  -37.5     42   0.28     55     10  289.1  290.1  289.2 77 
  523.0   4772  -31.3  -44.3     27   0.14     52     11  291.1  291.6  291.1 77 
  508.0   4978  -32.5  -36.7     66   0.33     51     11  292.0  293.1  292.1 77 
  500.0   5090  -32.9  -39.9     50   0.24     50     11  292.9  293.7  292.9 77 
  496.0   5146  -33.2  -41.2     45   0.21     45     10  293.2  293.9  293.2 77 
  484.0   5319  -34.1  -45.1     32   0.14     51     11  294.1  294.6  294.1 77 
  481.0   5362  -34.3  -42.3     44   0.19     52     11  294.4  295.1  294.4 77 
  454.0   5764  -37.3  -41.0     68   0.23     65     13  295.5  296.4  295.6 77 
  435.0   6057  -39.1  -42.5     70   0.21     75     14  296.9  297.6  296.9 77 
  411.0   6446  -41.5  -44.5     73   0.18     78     14  298.6  299.3  298.7 77 
  400.0   6630  -42.7  -47.0     63   0.14     80     14  299.4  299.9  299.4 77 
  303.0   8447  -55.5  -60.2     56   0.04     80     28  306.1  306.3  306.1 77 
  300.0   8510  -55.9  -60.9     53   0.04     80     28  306.4  306.6  306.4 77 
  294.0   8638  -56.7  -62.2     50   0.03     85     28  307.1  307.2  307.1 77 
  287.0   8790  -57.7  -63.7     46   0.03     85     26  307.8  307.9  307.8 77 
  277.0   9013  -58.7  -63.1     57   0.03     85     24  309.5  309.6  309.5 77 
  262.0   9363  -57.1  -76.1      7   0.00     93     16  316.8  316.8  316.8 77 
  259.0   9436  -56.6  -76.3      7   0.00     95     14  318.6  318.6  318.6 77 
  250.0   9660  -54.9  -76.9      5   0.00    110     11  324.3  324.3  324.3 77 
  220.0  10485  -52.5  -80.2      2   0.00    135      8  340.1  340.1  340.1 77 
  200.0  11100  -50.7  -82.7      1   0.00    160     12  352.3  352.3  352.3 77 
  198.0  11166  -50.1  -83.1      1   0.00    155     12  354.3  354.3  354.3 77 
  157.0  12690  -49.1  -83.8      1   0.00    185     19  380.3  380.3  380.3 77 
  150.0  12990  -48.9  -83.9      1   0.00    180     26  385.6  385.6  385.6 77 
  145.0  13213  -48.5  -83.8      1   0.00    175     25  390.0  390.0  390.0 77 
  123.0  14296  -46.7  -83.5      1   0.00    185     28  412.1  412.1  412.1 77 
  121.0  14404  -46.5  -83.5      1   0.00    183     28  414.4  414.4  414.4 77 
  111.0  14977  -45.8  -83.7      1   0.00    170     25  426.1  426.1  426.1 77 
  100.0  15670  -44.9  -83.9      1   0.00    190     27  440.7  440.7  440.7 77 
   91.0  16302  -44.1  -83.6      0   0.00    160     26  454.3  454.3  454.3 77 
   86.0  16681  -43.6  -83.5      0   0.00    190     26  462.6  462.7  462.6 77 
   84.0  16838  -43.4  -83.4      0   0.00    170     29  466.2  466.2  466.2 77 
   81.0  17082  -43.1  -83.3      0   0.00    180     28  471.7  471.7  471.7 77 
   71.0  17965  -42.0  -82.9      0   0.01    160     28  492.1  492.2  492.1 77 
   70.0  18060  -41.9  -82.9      0   0.01    165     26  494.4  494.4  494.4 77 
   60.0  19109  -40.1  -81.5      0   0.01    180     25  520.7  520.8  520.7 77 
   54.0  19825  -38.8  -80.6      0   0.01    165     23  539.5  539.6  539.5 77 
   51.0  20214  -38.1  -80.1      0   0.01    185     29  550.0  550.1  550.0 77 
   50.9  20228  -38.1  -80.1      0   0.01    184     29  550.4  550.5  550.4 77 
   50.0  20350  -38.3  -80.3      0   0.01    175     27  552.7  552.8  552.7 77 
   45.9  20937  -39.5  -80.5      1   0.01    162     24  563.5  563.6  563.5 77 
   44.0  21230  -38.2  -79.9      0   0.02    155     23  573.4  573.5  573.4 77 
   43.0  21390  -37.6  -79.6      0   0.02    170     22  578.9  579.0  578.9 77 
   41.0  21720  -36.2  -78.9      0   0.02    155     24  590.3  590.5  590.3 77 
   39.0  22066  -34.7  -78.2      0   0.02    160     18  602.5  602.7  602.5 77 
   37.7  22301  -33.7  -77.7      0   0.03    173     18  610.9  611.1  610.9 77 
   37.0  22432  -34.5  -78.0      0   0.02    180     18  612.1  612.4  612.2 77 
   36.3  22566  -35.3  -78.3      0   0.02    166     17  613.4  613.6  613.4 77 
   35.0  22821  -34.9  -78.1      0   0.03    140     16  620.8  621.1  620.9 77 
   30.0  23900  -33.3  -77.3      0   0.03    165     17  653.2  653.5  653.2 77 
   28.0  24387  -32.6  -76.8      0   0.04    185     17  668.1  668.5  668.1 77 
   27.0  24643  -32.3  -76.5      0   0.04    160     19  676.1  676.5  676.1 77 
   20.0  26760  -29.3  -74.3      0   0.08    160     16  745.7  746.5  745.7 77 
   19.2  27052  -28.1  -74.1      0   0.09    148     14  758.1  759.1  758.2 77 
   19.0  27127  -28.1  -74.1      0   0.09    145     14  760.3  761.2  760.3 77 
   18.0  27515  -28.4  -73.9      0   0.10    170     17  771.4  772.5  771.5 77 
   17.0  27924  -28.6  -73.8      0   0.10    120     18  783.4  784.6  783.5 77 
   16.5  28138  -28.7  -73.7      0   0.11                789.7  791.0  789.8 77 
</PRE><H3>Station information and sounding indices</H3><PRE> 60 
                             Station number: 89009 50 
                           Observation time: 240108/0000 56 
                           Station latitude: -90.00 51 
                          Station longitude: 0.00 49 
                          Station elevation: 2835.0 51 
                               Lifted index: 11.54 50 
    LIFT computed using virtual temperature: 11.56 50 
      Convective Available Potential Energy: 0.00 49 
             CAPE using virtual temperature: 0.00 49 
                      Convective Inhibition: 0.00 49 
             CINS using virtual temperature: 0.00 49 
                     Bulk Richardson Number: 0.00 49 
          Bulk Richardson Number using CAPV: 0.00 49 
  Temp [K] of the Lifted Condensation Level: 236.88 51 
Pres [hPa] of the Lifted Condensation Level: 568.86 51 
   Equivalent potential temp [K] of the LCL: 279.30 51 
     Mean mixed layer potential temperature: 278.35 51 
              Mean mixed layer mixing ratio: 0.36 49 
              1000 hPa to 500 hPa thickness: 5268.00 52 
Precipitable water [mm] for entire sounding: 0.79 49 
</PRE> 6 
<H2>89009  Amundsen-Scott Observations at 12Z 08 Jan 2024</H2> 62 
<PRE> 5 
----------------------------------------------------------------------------- 77 
   PRES   HGHT   TEMP   DWPT   RELH   MIXR   DRCT   SKNT   THTA   THTE   THTV 77 
    hPa     m      C      C      %    g/kg    deg   knot     K      K      K  77 
----------------------------------------------------------------------------- 77 
 1000.0   -182                                                                77 
  925.0    473                                                                77 
  850.0   1164                                                                77 
  700.0   2663                                                                77 
  683.0   2835  -28.7  -33.1     66   0.35     65      6  272.6  273.7  272.6 77 
  682.0   2846  -28.9  -31.6     77   0.40     64      6  272.5  273.7  272.5 77 
  676.0   2909  -26.7  -29.9     74   0.48     58      7  275.6  277.1  275.7 77 
  645.0   3250  -25.7  -31.7     57   0.42     28     11  280.5  281.8  280.6 77 
  642.0   3284  -25.6  -33.9     46   0.34     25     11  280.9  282.0  281.0 77 
  633.0   3387  -25.5  -40.7     23   0.17     35     10  282.2  282.8  282.2 77 
  632.0   3398  -25.5  -41.5     21   0.16     34     10  282.3  282.9  282.4 77 
  616.0   3585  -25.5  -45.5     14   0.11     23     10  284.4  284.8  284.4 77 
  613.0   3620  -25.5  -44.5     15   0.12     21     10  284.8  285.2  284.8 77 
  611.0   3644  -25.6  -44.0     16   0.13     20     10  284.9  285.4  284.9 77 
  602.0   3751  -26.3  -41.9     22   0.16     40     11  285.4  285.9  285.4 77 
  581.0   4009  -27.9  -36.9     42   0.28     23     11  286.4  287.4  286.5 77 
  577.0   4058  -28.0  -39.0     34   0.23     20     11  286.9  287.7  286.9 77 
  571.0   4134  -28.1  -42.1     25   0.17     24     11  287.6  288.2  287.6 77 
  556.0   4325  -29.3  -35.3     56   0.34     34     11  288.4  289.5  288.4 77 
  533.0   4627  -30.7  -42.8     30   0.17     50     10  290.2  290.8  290.3 77 
  526.0   4721  -31.1  -45.1     24   0.13     36     11  290.8  291.3  290.8 77 
  523.0   4762  -31.4  -43.9     28   0.15     30     12  291.0  291.5  291.0 77 
  510.0   4940  -32.5  -38.8     53   0.26     45     11  291.7  292.6  291.8 77 
  505.0   5010  -32.9  -36.8     68   0.32     38     11  292.0  293.1  292.1 77 
  500.0   5080  -33.1  -40.1     49   0.23     30     11  292.6  293.4  292.7 77 
  489.0   5236  -34.3  -43.3     40   0.17     39     11  293.0  293.6  293.1 77 
  477.0   5407  -35.5  -43.0     46   0.18     50     11  293.7  294.3  293.7 77 
  439.0   5980  -39.3  -42.1     75   0.22     55     12  295.9  296.6  295.9 77 
  400.0   6610  -43.3  -49.3     51   0.11     60     14  298.6  299.0  298.7 77 
  384.0   6884  -45.1  -52.1     45   0.08     62     15  299.8  300.1  299.8 77 
  363.0   7257  -47.9  -51.4     67   0.09     64     17  300.9  301.2  300.9 77 
  317.0   8135  -54.3  -59.0     56   0.04     70     22  303.9  304.0  303.9 77 
  304.0   8406  -56.3  -61.3     53   0.03     70     20  304.7  304.9  304.7 77 
  300.0   8490  -56.7  -61.7     53   0.03     70     19  305.3  305.4  305.3 77 
  291.0   8683  -57.7  -62.7     53   0.03     70     18  306.6  306.7  306.6 77 
  280.0   8927  -57.0  -68.8     21   0.01     70     15  310.9  311.0  310.9 77 
  278.0   8973  -56.9  -69.9     18   0.01     72     15  311.8  311.8  311.8 77 
  250.0   9650  -54.7  -71.7     10   0.01    100     10  324.6  324.7  324.6 77 
  232.0  10131  -52.8  -76.2      4   0.01    120      5  334.5  334.5  334.5 77 
  227.0  10271  -52.3  -77.6      3   0.00    135     10  337.4  337.4  337.4 77 
  223.0  10386  -51.8  -78.7      3   0.00    130     10  339.8  339.8  339.8 77 
  210.0  10773  -50.3  -82.3      1   0.00    153     10  348.1  348.1  348.1 77 
  201.0  11058  -50.1  -82.1      1   0.00    170     10  352.7  352.8  352.7 77 
  200.0  11090  -50.1  -82.1      1   0.00    170     10  353.3  353.3  353.3 77 
  196.0  11222  -50.1  -82.3      1   0.00    155     12  355.4  355.4  355.4 77 
  192.0  11357  -50.0  -82.4      1   0.00    165     15  357.6  357.6  357.6 77 
  187.0  11529  -50.0  -82.7      1   0.00    155     15  360.4  360.4  360.4 77 
  181.0  11742  -49.9  -82.9      1   0.00    175     14  363.8  363.8  363.8 77 
  171.0  12114  -49.8  -83.4      1   0.00    175     18  370.0  370.0  370.0 77 
  164.0  12387  -49.7  -83.8      1   0.00    195     20  374.6  374.6  374.6 77 
  151.0  12927  -49.5  -84.4      1   0.00    175     24  383.8  383.8  383.8 77 
  150.0  12970  -49.5  -84.5      1   0.00    180     23  384.6  384.6  384.6 77 
  148.0  13058  -49.5  -84.5      1   0.00    180     23  386.0  386.1  386.0 77 
  119.0  14505  -46.3  -84.0      1   0.00    185     31  416.8  416.8  416.8 77 
  106.0  15273  -44.6  -83.8      0   0.00    195     24  434.1  434.1  434.1 77 
  100.0  15660  -43.7  -83.7      0   0.00    185     22  443.0  443.0  443.0 77 
   86.0  16675  -42.9  -83.4      0   0.00    175     24  464.0  464.1  464.0 77 
   83.0  16914  -42.8  -83.3      0   0.00    185     24  469.1  469.2  469.1 77 
   72.0  17870  -42.0  -83.0      0   0.01    165     26  490.1  490.1  490.1 77 
   70.0  18060  -41.9  -82.9      0   0.01    175     22  494.4  494.4  494.4 77 
   67.0  18359  -41.5  -82.6      0   0.01    165     23  501.6  501.6  501.6 77 
   63.0  18780  -40.8  -82.2      0   0.01    180     22  511.8  511.9  511.8 77 
   54.0  19834  -39.3  -81.0      0   0.01    160     19  538.5  538.5  538.5 77 
   50.0  20360  -38.5  -80.5      0   0.01    180     18  552.3  552.4  552.3 77 
   47.0  20790  -37.8  -80.1      0   0.01    165     21  563.7  563.9  563.7 77 
   43.0  21408  -36.9  -79.4      0   0.02    170     20  580.6  580.8  580.6 77 
   39.0  22087  -35.8  -78.8      0   0.02    155     19  599.8  600.0  599.8 77 
   37.0  22453  -35.2  -78.4      0   0.02    170     18  610.3  610.5  610.4 77 
   35.0  22839  -34.6  -78.0      0   0.03    150     17  621.7  621.9  621.7 77 
   34.0  23040  -34.3  -77.8      0   0.03    165     17  627.7  628.0  627.7 77 
   31.0  23682  -33.3  -77.1      0   0.03    150     13  647.2  647.5  647.2 77 
   30.0  23910  -32.9  -76.9      0   0.04    155     12  654.3  654.6  654.3 77 
   29.0  24150  -32.6  -76.7      0   0.04    175     13  661.5  661.9  661.5 77 
   28.0  24398  -32.2  -76.4      0   0.04    160     10  669.1  669.5  669.1 77 
   26.0  24923  -31.6  -75.9      0   0.05    195     12  685.4  685.9  685.4 77 
   24.0  25489  -30.8  -75.4      0   0.06    165     17  703.4  704.0  703.5 77 
   23.0  25791  -30.4  -75.1      0   0.06    180     19  713.2  713.9  713.2 77 
   22.0  26105  -30.0  -74.8      0   0.07    145     15  723.6  724.3  723.6 77 
   21.0  26435  -29.6  -74.4      0   0.08    165     16  734.6  735.4  734.6 77 
   20.0  26780  -29.1  -74.1      0   0.08    145      8  746.3  747.2  746.3 77 
   19.0  27147  -28.8  -74.1      0   0.09    145     19  758.1  759.1  758.1 77 
   18.0  27534  -28.6  -74.1      0   0.09    140     14  770.8  771.8  770.8 77 
   17.0  27943  -28.3  -74.1      0   0.10    115     13  784.4  785.5  784.4 77 
   16.4  28201  -28.1  -74.1      0   0.10    115     11  793.0  794.2  793.1 77 
   16.0                                       115     10                      77 
</PRE><H3>Station information and sounding indices</H3><PRE> 60 
                             Station number: 89009 50 
                           Observation time: 240108/1200 56 
                           Station latitude: -90.00 51 
                          Station longitude: 0.00 49 
                          Station elevation: 2835.0 51 
                               Lifted index: 11.43 50 
    LIFT computed using virtual temperature: 11.44 50 
      Convective Available Potential Energy: 0.00 49 
             CAPE using virtual temperature: 0.00 49 
                      Convective Inhibition: 0.00 49 
             CINS using virtual temperature: 0.00 49 
                     Bulk Richardson Number: 0.00 49 
          Bulk Richardson Number using CAPV: 0.00 49 
  Temp [K] of the Lifted Condensation Level: 240.82 51 
Pres [hPa] of the Lifted Condensation Level: 606.19 51 
   Equivalent potential temp [K] of the LCL: 279.19 51 
     Mean mixed layer potential temperature: 277.89 51 
              Mean mixed layer mixing ratio: 0.43 49 
              1000 hPa to 500 hPa thickness: 5262.00 52 
Precipitable water [mm] for entire sounding: 0.78 49 
</PRE> 6 
<H2>89009  Amundsen-Scott Observations at 00Z 09 Jan 2024</H2> 62 
<PRE> 5 
----------------------------------------------------------------------------- 77 
   PRES   HGHT   TEMP   DWPT   RELH   MIXR   DRCT   SKNT   THTA   THTE   THTV 77 
    hPa     m      C      C      %    g/kg    deg   knot     K      K      K  77 
----------------------------------------------------------------------------- 77 
 1000.0   -185                                                                77 
  925.0    468                                                                77 
  850.0   1157                                                                77 
  700.0   2653                                                                77 
  682.0   2835  -29.7  -33.9     67   0.32     55      6  271.6  272.6  271.6 77 
  681.0   2846  -29.3  -31.4     82   0.41     53      6  272.1  273.4  272.2 77 
  679.0   2867  -27.9  -29.1     89   0.51     49      6  273.9  275.5  274.0 77 
  676.0   2899  -27.3  -29.3     83   0.50     43      5  274.9  276.5  275.0 77 
  659.0   3083  -26.9  -33.2     55   0.36     10      4  277.4  278.6  277.5 77 
  626.0   3455  -26.1  -41.1     23   0.17      7      6  282.4  283.0  282.5 77 
  601.0   3749  -27.3  -47.3     13   0.09      4      8  284.4  284.7  284.4 77 
  589.0   3895  -27.9  -39.9     31   0.20      2      9  285.3  286.0  285.3 77 
  581.0   3993  -28.1  -43.1     22   0.15      2      9  286.2  286.7  286.2 77 
  568.0   4154  -29.0  -44.0     22   0.14      0     10  287.0  287.4  287.0 77 
  516.0   4838  -32.9  -47.9     21   0.10     19     10  290.2  290.6  290.3 77 
  514.0   4866  -33.1  -45.1     29   0.13     20     10  290.3  290.8  290.4 77 
  512.0   4893  -33.3  -42.3     40   0.18     19     10  290.4  291.1  290.4 77 
  500.0   5060  -34.1  -45.1     32   0.14     10     10  291.4  291.9  291.4 77 
  492.0   5173  -34.7  -51.7     16   0.07     10     11  292.0  292.3  292.0 77 
  488.0   5230  -35.1  -51.4     17   0.07     10     11  292.2  292.4  292.2 77 
  471.0   5477  -36.9  -49.9     25   0.09     13     11  292.9  293.3  293.0 77 
  468.0   5521  -37.1  -43.1     54   0.18     13     11  293.2  293.9  293.3 77 
  457.0   5685  -38.3  -43.3     59   0.18     15     10  293.7  294.4  293.8 77 
  453.0   5746  -38.7  -47.7     38   0.11     16     10  294.0  294.4  294.0 77 
  425.0   6181  -42.1  -44.3     79   0.18     20     10  295.0  295.7  295.1 77 
  400.0   6590  -44.7  -50.7     51   0.09     25      9  296.8  297.2  296.8 77 
  399.0   6607  -44.9  -50.9     51   0.09     25      9  296.8  297.1  296.8 77 
  391.0   6741  -45.5  -53.5     40   0.07     25      9  297.7  298.0  297.7 77 
  376.0   6996  -47.1  -54.5     43   0.06     25     10  298.9  299.1  298.9 77 
  362.0   7243  -48.7  -55.4     45   0.06     45     11  300.1  300.3  300.1 77 
  345.0   7556  -50.7  -56.6     49   0.05     35     12  301.5  301.7  301.5 77 
  318.0   8086  -54.0  -58.7     57   0.04     45     12  304.0  304.1  304.0 77 
  310.0   8252  -55.1  -59.3     59   0.04     42     11  304.7  304.9  304.7 77 
  305.0   8355  -55.7  -61.7     47   0.03     40     11  305.3  305.4  305.3 77 
  300.0   8460  -55.3  -63.3     36   0.03     35     10  307.3  307.4  307.3 77 
  295.0   8568  -55.1  -66.1     24   0.02     31     10  309.1  309.1  309.1 77 
  288.0   8722  -55.3  -62.8     39   0.03     25     10  310.9  311.1  310.9 77 
  287.0   8744  -55.3  -62.3     41   0.03     26     10  311.2  311.3  311.2 77 
  283.0   8834  -55.1  -68.1     18   0.01     32     10  312.7  312.8  312.8 77 
  269.0   9159  -54.9  -69.9     14   0.01     54      8  317.6  317.6  317.6 77 
  250.0   9630  -54.3  -72.3      9   0.01     85      6  325.2  325.2  325.2 77 
  231.0  10140  -52.7  -75.3      5   0.01    135      4  335.1  335.1  335.1 77 
  203.0  10974  -50.0  -80.1      2   0.00    185     10  351.9  351.9  351.9 77 
  200.0  11070  -49.7  -80.7      1   0.00    185     11  353.9  353.9  353.9 77 
  152.0  12873  -48.4  -82.2      1   0.00    185     23  385.1  385.1  385.1 77 
  150.0  12960  -48.3  -82.3      1   0.00    190     23  386.6  386.6  386.6 77 
  139.0  13467  -47.4  -82.1      1   0.00    200     28  396.8  396.8  396.8 77 
  133.0  13761  -46.8  -82.0      1   0.00    185     29  402.8  402.8  402.8 77 
  116.0  14672  -45.1  -81.7      1   0.00    190     30  422.0  422.0  422.0 77 
  100.0  15660  -43.3  -81.3      1   0.01    190     24  443.8  443.8  443.8 77 
   86.0  16679  -42.5  -81.3      1   0.01    185     21  465.0  465.1  465.0 77 
   82.0  17001  -42.2  -81.3      1   0.01    205     23  471.9  472.0  471.9 77 
   77.0  17426  -41.8  -81.3      1   0.01    185     31  481.2  481.3  481.2 77 
   73.0  17786  -41.5  -81.3      1   0.01    165     23  489.2  489.3  489.2 77 
   70.0  18070  -41.3  -81.3      1   0.01    195     22  495.6  495.7  495.7 77 
   62.0  18900  -40.1  -80.9      1   0.01    170     21  515.7  515.8  515.7 77 
   60.0  19124  -39.8  -80.8      0   0.01    190     22  521.2  521.3  521.2 77 
   55.0  19718  -39.0  -80.4      0   0.01    170     19  536.3  536.4  536.3 77 
   53.0  19972  -38.6  -80.3      0   0.01    190     19  542.8  542.9  542.8 77 
   50.0  20370  -38.1  -80.1      0   0.01    185     15  553.2  553.3  553.2 77 
   46.0  20944  -37.8  -79.8      0   0.01    175     15  567.2  567.3  567.2 77 
   45.0  21096  -37.8  -79.8      0   0.02    185     12  571.0  571.1  571.0 77 
   41.8  21604  -37.5  -79.5      0   0.02    176     15  583.7  583.9  583.7 77 
   40.0  21911  -36.7  -79.0      0   0.02    170     17  593.1  593.2  593.1 77 
   38.0  22268  -35.8  -78.5      0   0.02    185     19  604.1  604.3  604.1 77 
   37.0  22454  -35.3  -78.2      0   0.02    170     24  610.0  610.2  610.0 77 
   36.0  22645  -34.9  -77.9      0   0.03    160     19  616.0  616.2  616.0 77 
   34.0  23044  -33.9  -77.3      0   0.03    165     16  628.8  629.1  628.8 77 
   33.0  23252  -33.3  -77.0      0   0.03    150     12  635.6  635.9  635.6 77 
   32.0  23466  -32.8  -76.7      0   0.04    180      7  642.7  643.0  642.7 77 
   31.5  23576  -32.5  -76.5      0   0.04                646.3  646.7  646.3 77 
</PRE><H3>Station information and sounding indices</H3><PRE> 60 
                             Station number: 89009 50 
                           Observation time: 240109/0000 56 
                           Station latitude: -90.00 51 
                          Station longitude: 0.00 49 
                          Station elevation: 2835.0 51 
                               Lifted index: 11.07 50 
    LIFT computed using virtual temperature: 11.07 50 
      Convective Available Potential Energy: 0.00 49 
             CAPE using virtual temperature: 0.00 49 
                      Convective Inhibition: 0.00 49 
             CINS using virtual temperature: 0.00 49 
                     Bulk Richardson Number: 0.00 49 
          Bulk Richardson Number using CAPV: 0.00 49 
  Temp [K] of the Lifted Condensation Level: 238.65 51 
Pres [hPa] of the Lifted Condensation Level: 591.69 51 
   Equivalent potential temp [K] of the LCL: 278.37 51 
     Mean mixed layer potential temperature: 277.28 51 
              Mean mixed layer mixing ratio: 0.36 49 
              1000 hPa to 500 hPa thickness: 5245.00 52 
Precipitable water [mm] for entire sounding: 0.57 49 
</PRE> 6 
<H2>89009  Amundsen-Scott Observations at 12Z 09 Jan 2024</H2> 62 
<PRE> 5 
----------------------------------------------------------------------------- 77 
   PRES   HGHT   TEMP   DWPT   RELH   MIXR   DRCT   SKNT   THTA   THTE   THTV 77 
    hPa     m      C      C      %    g/kg    deg   knot     K      K      K  77 
----------------------------------------------------------------------------- 77 
 1000.0   -174                                                                77 
  925.0    475                                                                77 
  850.0   1159                                                                77 
  700.0   2652                                                                77 
  682.0   2835  -28.5  -32.6     68   0.36     40      6  272.9  274.1  273.0 77 
  678.0   2878  -27.9  -32.0     68   0.39     10     10  274.1  275.3  274.1 77 
  668.0   2985  -26.3  -30.5     68   0.45      8     10  277.0  278.4  277.1 77 
  654.0   3139  -26.1  -33.1     52   0.36      4     10  278.9  280.1  279.0 77 
  638.0   3318  -26.9  -31.8     63   0.42      1     10  280.0  281.3  280.1 77 
  626.0   3456  -26.9  -38.9     31   0.21    358     10  281.5  282.2  281.6 77 
  622.0   3502  -26.7  -34.7     47   0.33    357     10  282.3  283.3  282.3 77 
  611.0   3632  -27.1  -40.1     28   0.19    354     10  283.2  283.9  283.3 77 
  581.0   3995  -28.7  -38.7     38   0.23    346     11  285.5  286.3  285.5 77 
  573.0   4094  -29.3  -32.2     76   0.45    344     11  285.9  287.4  286.0 77 
  555.0   4322  -30.5  -35.4     62   0.34    339     11  287.1  288.2  287.2 77 
  523.0   4743  -33.3  -34.8     87   0.39    330     11  288.7  290.0  288.8 77 
  516.0   4839  -33.9  -34.6     93   0.40    333     12  289.0  290.4  289.1 77 
  510.0   4921  -34.2  -35.9     84   0.35    335     13  289.6  290.8  289.7 77 
  500.0   5060  -34.7  -38.1     71   0.29    325     13  290.7  291.7  290.7 77 
  490.0   5201  -35.5  -40.5     60   0.23    320     13  291.4  292.2  291.4 77 
  477.0   5387  -36.7  -41.4     62   0.21    323     14  292.1  292.9  292.2 77 
  400.0   6580  -45.9  -48.7     73   0.11    340     18  295.3  295.7  295.3 77 
  395.0   6664  -46.5  -49.0     76   0.11    340     19  295.5  295.9  295.6 77 
  393.0   6697  -46.8  -49.4     74   0.11    340     19  295.6  296.0  295.6 77 
  389.0   6765  -47.3  -50.3     71   0.10    341     19  295.8  296.1  295.8 77 
  386.0   6816  -47.5  -53.5     50   0.07    342     19  296.2  296.4  296.2 77 
  365.0   7184  -49.7  -51.9     78   0.09    349     19  298.0  298.3  298.0 77 
  362.0   7237  -50.1  -55.7     51   0.06    350     19  298.2  298.4  298.2 77 
  360.0   7274  -50.3  -58.3     38   0.04    350     19  298.4  298.6  298.4 77 
  351.0   7438  -51.3  -55.2     63   0.06    351     18  299.2  299.4  299.2 77 
  331.0   7818  -52.5  -63.5     25   0.02    352     17  302.6  302.7  302.6 77 
  324.0   7956  -53.3  -62.3     33   0.03    353     16  303.4  303.5  303.4 77 
  311.0   8219  -53.7  -65.7     22   0.02    354     15  306.4  306.5  306.4 77 
  300.0   8450  -54.5  -63.5     32   0.02    355     14  308.4  308.5  308.4 77 
  297.0   8514  -54.7  -63.7     32   0.02    355     13  309.0  309.1  309.0 77 
  295.0   8557  -54.9  -63.9     32   0.02    354     13  309.3  309.4  309.3 77 
  288.0   8709  -55.1  -70.1     14   0.01    352     12  311.2  311.2  311.2 77 
  283.0   8820  -55.7  -65.7     28   0.02    350     12  311.9  312.0  311.9 77 
  278.0   8934  -55.3  -68.0     19   0.01    355     10  314.1  314.2  314.1 77 
  272.0   9072  -54.7  -70.8     12   0.01    335     10  316.8  316.9  316.8 77 
  265.0   9238  -54.1  -74.1      7   0.01    329      8  320.1  320.2  320.1 77 
  250.0   9610  -53.5  -73.5      7   0.01    315      4  326.4  326.4  326.4 77 
  226.0  10268  -50.7  -80.5      2   0.00    185      1  340.2  340.2  340.2 77 
  221.0  10413  -50.1  -82.1      1   0.00    190      2  343.3  343.4  343.3 77 
  220.0  10443  -49.9  -81.9      1   0.00    191      2  344.1  344.1  344.1 77 
  200.0  11070  -49.7  -81.7      1   0.00    210      7  353.9  353.9  353.9 77 
  194.0  11270  -49.5  -81.9      1   0.00    205     10  357.3  357.3  357.3 77 
  187.0  11512  -49.3  -82.2      1   0.00    215     12  361.4  361.5  361.4 77 
  172.0  12061  -48.8  -82.8      1   0.00    190     15  371.1  371.1  371.1 77 
  150.0  12960  -47.9  -83.9      1   0.00    215     20  387.3  387.3  387.3 77 
  140.0  13415  -47.7  -84.6      1   0.00    200     23  395.3  395.3  395.3 77 
  127.0  14057  -47.5  -85.5      1   0.00    203     22  406.9  406.9  406.9 77 
  116.0  14660  -45.6  -84.5      0   0.00    205     21  421.1  421.1  421.1 77 
  113.0  14834  -45.0  -84.2      0   0.00    220     21  425.3  425.3  425.3 77 
  104.0  15387  -43.3  -83.3      0   0.00    203     23  438.8  438.9  438.8 77 
  100.0  15650  -43.7  -83.7      0   0.00    195     24  443.0  443.0  443.0 77 
   83.0  16909  -41.9  -82.5      0   0.01    215     20  470.8  470.9  470.8 77 
   70.0  18060  -40.3  -81.3      0   0.01    185     17  497.8  497.9  497.8 77 
   66.0  18463  -40.0  -81.3      0   0.01    195     15  506.8  506.9  506.8 77 
   63.0  18782  -39.9  -81.2      0   0.01    185     16  514.0  514.1  514.0 77 
   61.0  19004  -39.7  -81.2      0   0.01    210     17  519.1  519.1  519.1 77 
   59.0  19232  -39.6  -81.2      0   0.01    190     19  524.4  524.4  524.4 77 
   53.0  19968  -39.1  -81.1      0   0.01    201     18  541.8  541.8  541.8 77 
   51.0  20233  -37.8  -79.8      0   0.01    205     17  550.8  550.9  550.8 77 
   50.0  20370  -37.1  -79.1      0   0.02    195     20  555.5  555.7  555.6 77 
   46.0  20948  -36.0  -78.3      0   0.02    195     20  571.6  571.8  571.7 77 
   43.0  21416  -35.1  -77.8      0   0.02    165     18  585.0  585.2  585.0 77 
   40.0  21917  -34.1  -77.1      0   0.03    195     13  599.6  599.9  599.7 77 
   35.0  22851  -33.5  -76.9      0   0.03    170     16  624.7  625.0  624.7 77 
   34.0  23054  -33.3  -76.9      0   0.03    180     16  630.2  630.5  630.2 77 
   33.0  23263  -33.2  -76.8      0   0.03    160     14  636.0  636.3  636.0 77 
   32.0  23478  -33.0  -76.8      0   0.03    195     11  642.0  642.4  642.0 77 
   30.0  23930  -32.7  -76.7      0   0.04    175     16  654.8  655.2  654.9 77 
   28.0  24417  -32.4  -76.6      0   0.04    150     17  668.7  669.1  668.7 77 
   27.0  24673  -32.2  -76.5      0   0.04    175     17  676.2  676.6  676.2 77 
   26.0  24939  -32.1  -76.4      0   0.05    155     16  684.0  684.4  684.0 77 
   24.0  25504  -31.7  -76.3      0   0.05    190     11  700.8  701.3  700.8 77 
   23.0  25804  -31.5  -76.2      0   0.05    160     12  710.0  710.5  710.0 77 
   22.0  26118  -31.3  -76.1      0   0.06    175     15  719.6  720.2  719.6 77 
   21.0  26446  -31.1  -76.0      0   0.06    200     13  729.9  730.5  729.9 77 
   20.0  26790  -30.9  -75.9      0   0.06    200     14  740.8  741.5  740.8 77 
   19.0  27157  -30.5  -75.6      0   0.07    150     14  753.1  753.9  753.1 77 
   18.0  27543  -30.0  -75.2      0   0.08    145     12  766.3  767.2  766.3 77 
   17.0  27952  -29.5  -74.8      0   0.09    185     10  780.5  781.5  780.5 77 
   16.0  28385  -29.0  -74.5      0   0.10    210      5  795.8  797.0  795.9 77 
   15.0  28847  -28.4  -74.0      0   0.11    140     11  812.5  813.8  812.5 77 
   14.0  29340  -27.8  -73.6      0   0.13    210      2  830.7  832.2  830.8 77 
   13.0  29870  -27.2  -73.1      0   0.15    175     10  850.7  852.5  850.8 77 
   12.6  30094  -26.9  -72.9      0   0.16                859.3  861.2  859.4 77 
</PRE><H3>Station information and sounding indices</H3><PRE> 60 
                             Station number: 89009 50 
                           Observation time: 240109/1200 56 
                           Station latitude: -90.00 51 
                          Station longitude: 0.00 49 
                          Station elevation: 2835.0 51 
                               Lifted index: 10.07 50 
    LIFT computed using virtual temperature: 10.09 50 
      Convective Available Potential Energy: 0.00 49 
             CAPE using virtual temperature: 0.00 49 
                      Convective Inhibition: 0.00 49 
             CINS using virtual temperature: 0.00 49 
                     Bulk Richardson Number: 0.00 49 
          Bulk Richardson Number using CAPV: 0.00 49 
  Temp [K] of the Lifted Condensation Level: 240.26 51 
Pres [hPa] of the Lifted Condensation Level: 603.12 51 
   Equivalent potential temp [K] of the LCL: 278.88 51 
     Mean mixed layer potential temperature: 277.63 51 
              Mean mixed layer mixing ratio: 0.40 49 
              1000 hPa to 500 hPa thickness: 5234.00 52 
Precipitable water [mm] for entire sounding: 0.90 49 
</PRE> 6 
<H2>89009  Amundsen-Scott Observations at 00Z 10 Jan 2024</H2> 62 
<PRE> 5 
----------------------------------------------------------------------------- 77 
   PRES   HGHT   TEMP   DWPT   RELH   MIXR   DRCT   SKNT   THTA   THTE   THTV 77 
    hPa     m      C      C      %    g/kg    deg   knot     K      K      K  77 
----------------------------------------------------------------------------- 77 
 1000.0   -149                                                                77 
  925.0    497                                                                77 
  850.0   1181                                                                77 
  700.0   2666                                                                77 
  684.0   2835  -28.1  -31.8     71   0.39    315      7  273.1  274.4  273.2 77 
  683.0   2846  -26.7  -29.1     80   0.51    325      5  274.8  276.4  274.9 77 
  666.0   3027  -26.7  -28.5     85   0.55    314      7  276.8  278.5  276.9 77 
  639.0   3323  -27.9  -29.4     87   0.53    295     10  278.7  280.4  278.8 77 
  578.0   4039  -30.8  -31.5     94   0.48    305     20  283.4  285.0  283.5 77 
  561.0   4252  -31.7  -32.1     96   0.46    298     17  284.8  286.3  284.9 77 
  555.0   4327  -31.9  -32.4     95   0.46    295     16  285.5  287.0  285.6 77 
  529.0   4666  -32.7  -33.6     91   0.42    315     12  288.5  289.9  288.5 77 
  528.0   4679  -32.7  -33.7     91   0.42    315     12  288.6  290.0  288.7 77 
  500.0   5060  -35.3  -37.7     79   0.30    315     13  289.9  291.0  290.0 77 
  459.0   5650  -39.1  -43.1     65   0.18    320     14  292.4  293.0  292.4 77 
  455.0   5710  -39.5  -43.7     64   0.18    319     14  292.6  293.2  292.6 77 
  439.0   5954  -41.3  -42.6     87   0.20    316     13  293.3  294.1  293.4 77 
  434.0   6032  -41.9  -49.9     41   0.09    315     12  293.5  293.9  293.6 77 
  416.0   6317  -43.3  -53.3     32   0.06    310     11  295.3  295.6  295.3 77 
  414.0   6350  -43.5  -51.0     43   0.09    310     11  295.5  295.8  295.5 77 
  412.0   6382  -43.7  -48.7     58   0.11    306     11  295.6  296.0  295.6 77 
  404.0   6513  -44.5  -50.8     49   0.09    290     12  296.2  296.6  296.2 77 
  400.0   6580  -44.9  -51.9     45   0.08    290     12  296.6  296.9  296.6 77 
  392.0   6714  -45.8  -53.8     40   0.06    295     12  297.2  297.4  297.2 77 
  385.0   6834  -46.5  -55.5     35   0.05    292     12  297.7  297.9  297.7 77 
  375.0   7008  -47.5  -51.0     67   0.09    289     12  298.6  299.0  298.6 77 
  370.0   7097  -48.1  -54.1     50   0.07    287     12  299.0  299.2  299.0 77 
  359.0   7295  -49.7  -52.4     73   0.08    282     13  299.4  299.8  299.4 77 
  342.0   7610  -51.7  -54.1     76   0.07    275     13  300.9  301.2  300.9 77 
  329.0   7861  -53.3  -55.4     78   0.06    278     13  302.0  302.3  302.1 77 
  300.0   8450  -56.5  -60.6     60   0.04    285     14  305.6  305.8  305.6 77 
  297.0   8514  -56.7  -60.8     60   0.04    285     15  306.2  306.3  306.2 77 
  289.0   8688  -56.3  -66.3     27   0.02    287     14  309.2  309.2  309.2 77 
  279.0   8914  -56.0  -65.2     30   0.02    290     12  312.7  312.8  312.7 77 
  276.0   8983  -55.9  -64.9     31   0.02    287     11  313.8  313.9  313.8 77 
  269.0   9148  -54.9  -72.9      9   0.01    280     10  317.6  317.6  317.6 77 
  251.0   9594  -53.6  -73.5      7   0.01    260      6  325.9  325.9  325.9 77 
  250.0   9620  -53.5  -73.5      7   0.01    260      6  326.4  326.4  326.4 77 
  230.0  10161  -51.8  -76.3      4   0.01    235     10  336.9  336.9  336.9 77 
  204.0  10940  -49.3  -80.3      1   0.00    239      7  352.5  352.6  352.5 77 
  200.0  11070  -49.5  -80.5      1   0.00    240      7  354.2  354.2  354.2 77 
  199.0  11103  -49.5  -80.5      1   0.00    242      8  354.7  354.8  354.7 77 
  197.0  11169  -49.5  -80.6      1   0.00    245     10  355.8  355.8  355.8 77 
  190.0  11407  -49.4  -80.9      1   0.00    215     13  359.6  359.6  359.6 77 
  182.0  11690  -49.3  -81.3      1   0.00    230     14  364.2  364.2  364.2 77 
  175.0  11947  -49.2  -81.6      1   0.00    190     12  368.4  368.5  368.4 77 
  171.0  12099  -49.2  -81.8      1   0.00    210     14  371.0  371.0  371.0 77 
  150.0  12960  -48.9  -82.9      1   0.00    220     15  385.6  385.6  385.6 77 
  143.0  13274  -48.6  -83.2      1   0.00    225     19  391.4  391.4  391.4 77 
  132.0  13799  -48.2  -83.6      1   0.00    210     25  401.2  401.3  401.2 77 
  131.0  13848  -48.1  -83.7      1   0.00    205     22  402.2  402.2  402.2 77 
  126.0  14104  -47.9  -83.9      1   0.00    209     22  407.1  407.1  407.1 77 
  115.0  14711  -45.9  -83.5      1   0.00    220     21  421.5  421.6  421.5 77 
  109.0  15067  -44.8  -83.3      1   0.00    205     21  430.2  430.2  430.2 77 
  105.0  15316  -44.0  -83.1      1   0.00    225     21  436.4  436.4  436.4 77 
  100.0  15640  -42.9  -82.9      0   0.00    210     19  444.5  444.6  444.5 77 
   92.0  16206  -42.2  -82.5      0   0.00    225     20  456.6  456.6  456.6 77 
   87.0  16585  -41.8  -82.2      0   0.01    205     22  464.8  464.8  464.8 77 
   83.0  16904  -41.4  -82.0      0   0.01    225     19  471.8  471.9  471.8 77 
   74.0  17683  -40.5  -81.4      0   0.01    185     18  489.4  489.5  489.5 77 
   70.0  18060  -40.1  -81.1      0   0.01    210     15  498.2  498.3  498.2 77 
   69.0  18159  -40.0  -81.0      0   0.01    215     17  500.6  500.6  500.6 77 
   65.0  18569  -39.4  -80.7      0   0.01    205     19  510.3  510.4  510.3 77 
   62.0  18893  -39.0  -80.4      0   0.01    210     20  518.2  518.3  518.2 77 
   59.0  19234  -38.6  -80.1      0   0.01    190     21  526.6  526.7  526.6 77 
   57.0  19470  -38.3  -79.9      0   0.01    210     18  532.5  532.6  532.5 77 
   56.0  19592  -38.1  -79.8      0   0.01    190     18  535.5  535.6  535.6 77 
   54.0  19842  -37.8  -79.6      0   0.01    210     19  541.9  542.0  541.9 77 
   52.0  20101  -37.5  -79.3      0   0.01    190     20  548.5  548.7  548.5 77 
   51.0  20234  -37.3  -79.2      0   0.01    205     16  552.0  552.1  552.0 77 
   50.0  20370  -37.1  -79.1      0   0.02    200     18  555.5  555.7  555.6 77 
   47.0  20801  -36.7  -78.9      0   0.02    175     20  566.5  566.6  566.5 77 
   45.0  21104  -36.4  -78.8      0   0.02    190     21  574.2  574.4  574.2 77 
   40.0  21925  -35.6  -78.5      0   0.02    165     12  595.9  596.0  595.9 77 
   39.0  22102  -35.5  -78.4      0   0.02    195     13  600.6  600.8  600.6 77 
   34.0  23058  -34.5  -78.0      0   0.03    165     17  627.0  627.3  627.0 77 
   32.0  23480  -34.1  -77.9      0   0.03    185     15  639.0  639.3  639.1 77 
   30.0  23930  -33.7  -77.7      0   0.03    170     18  652.1  652.4  652.1 77 
   29.0  24170  -33.4  -77.5      0   0.03    175     14  659.3  659.6  659.3 77 
   28.0  24418  -33.1  -77.3      0   0.04    200     19  666.8  667.2  666.8 77 
   27.0  24676  -32.8  -77.0      0   0.04    160     14  674.7  675.1  674.7 77 
   26.0  24943  -32.4  -76.8      0   0.04    200     12  682.9  683.4  683.0 77 
   25.0  25221  -32.1  -76.5      0   0.05    175     14  691.6  692.1  691.6 77 
   24.0  25509  -31.7  -76.3      0   0.05    200     13  700.8  701.3  700.8 77 
   23.0  25811  -31.3  -76.0      0   0.05    190     16  710.5  711.0  710.5 77 
   22.0  26125  -30.9  -75.7      0   0.06    205     17  720.7  721.4  720.8 77 
   20.0  26800  -30.1  -75.1      0   0.07    175     20  743.2  744.0  743.2 77 
   19.0  27167  -29.6  -74.8      0   0.08    160     17  755.7  756.5  755.7 77 
   18.0  27553  -29.1  -74.6      0   0.09    175     14  769.0  770.0  769.1 77 
   17.0  27962  -28.6  -74.3      0   0.10    165     15  783.4  784.5  783.5 77 
   16.0  28395  -28.0  -74.0      0   0.11    190     19  798.9  800.2  799.0 77 
   15.8  28485  -27.9  -73.9      0   0.11                802.2  803.5  802.2 77 
</PRE><H3>Station information and sounding indices</H3><PRE> 60 
                             Station number: 89009 50 
                           Observation time: 240110/0000 56 
                           Station latitude: -90.00 51 
                          Station longitude: 0.00 49 
                          Station elevation: 2835.0 51 
                               Lifted index: 9.67 49 
    LIFT computed using virtual temperature: 9.70 49 
      Convective Available Potential Energy: 0.00 49 
             CAPE using virtual temperature: 0.00 49 
                      Convective Inhibition: 0.00 49 
             CINS using virtual temperature: 0.00 49 
                     Bulk Richardson Number: 0.00 49 
          Bulk Richardson Number using CAPV: 0.00 49 
  Temp [K] of the Lifted Condensation Level: 243.89 51 
Pres [hPa] of the Lifted Condensation Level: 640.85 51 
   Equivalent potential temp [K] of the LCL: 278.62 51 
     Mean mixed layer potential temperature: 276.98 51 
              Mean mixed layer mixing ratio: 0.53 49 
              1000 hPa to 500 hPa thickness: 5209.00 52 
Precipitable water [mm] for entire sounding: 1.17 49 
</PRE> 6 
<H2>89009  Amundsen-Scott Observations at 12Z 10 Jan 2024</H2> 62 
<PRE> 5 
----------------------------------------------------------------------------- 77 
   PRES   HGHT   TEMP   DWPT   RELH   MIXR   DRCT   SKNT   THTA   THTE   THTV 77 
    hPa     m      C      C      %    g/kg    deg   knot     K      K      K  77 
----------------------------------------------------------------------------- 77 
 1000.0   -116                                                                77 
  925.0    528                                                                77 
  850.0   1204                                                                77 
  700.0   2682                                                                77 
  685.0   2835  -27.9  -32.0     68   0.38     15      5  273.2  274.4  273.3 77 
  672.0   2974  -24.7  -29.0     67   0.52      1      6  278.3  280.0  278.4 77 
  614.0   3627  -29.9  -30.5     94   0.49    296      8  279.6  281.2  279.7 77 
  572.0   4129  -33.3  -35.4     81   0.33    245     10  281.3  282.4  281.4 77 
  549.0   4419  -35.3  -38.3     74   0.26    238     13  282.3  283.2  282.3 77 
  539.0   4547  -35.7  -38.2     78   0.26    235     14  283.3  284.1  283.3 77 
  531.0   4652  -36.1  -38.2     81   0.27    255     11  284.0  284.9  284.1 77 
  529.0   4678  -36.1  -39.8     69   0.23    260     10  284.4  285.1  284.4 77 
  526.0   4718  -36.1  -42.1     54   0.18    266     10  284.8  285.4  284.8 77 
  500.0   5070  -37.9  -39.9     81   0.24    320      7  286.8  287.6  286.8 77 
  474.0   5436  -38.9  -39.9     90   0.25    320      9  289.9  290.8  290.0 77 
  467.0   5537  -39.7  -46.7     47   0.12    320      9  290.2  290.6  290.2 77 
  454.0   5729  -40.4  -43.1     75   0.19    320     10  291.7  292.3  291.7 77 
  452.0   5759  -40.5  -42.6     80   0.20    321     10  291.9  292.6  291.9 77 
  438.0   5972  -41.9  -43.5     84   0.19    324     11  292.8  293.4  292.8 77 
  420.0   6254  -43.3  -46.8     68   0.14    329     11  294.5  295.0  294.5 77 
  400.0   6580  -45.5  -47.5     80   0.13    335     12  295.8  296.3  295.8 77 
  373.0   7043  -48.5  -50.0     84   0.11    346     10  297.8  298.2  297.8 77 
  365.0   7184  -49.3  -51.5     78   0.09    350     10  298.5  298.9  298.5 77 
  339.0   7666  -52.1  -56.6     58   0.05    350     10  301.1  301.3  301.1 77 
  330.0   7839  -53.1  -57.0     62   0.05    350     10  302.1  302.3  302.1 77 
  311.0   8220  -55.3  -57.9     73   0.05    345      8  304.1  304.3  304.2 77 
  309.0   8262  -55.5  -59.2     63   0.04    345      8  304.4  304.6  304.4 77 
  300.0   8450  -55.3  -63.3     36   0.03    340      6  307.3  307.4  307.3 77 
  299.0   8471  -55.3  -63.3     36   0.03    338      6  307.6  307.7  307.6 77 
  277.0   8957  -56.3  -66.3     27   0.02    301      6  312.9  313.0  312.9 77 
  262.0   9310  -55.1  -73.1      9   0.01    273      6  319.7  319.7  319.7 77 
  250.0   9610  -53.5  -73.5      7   0.01    250      6  326.4  326.4  326.4 77 
  212.0  10681  -51.0  -80.6      2   0.00    230     10  346.1  346.1  346.1 77 
  210.0  10743  -50.8  -81.0      2   0.00    215     10  347.2  347.2  347.2 77 
  200.0  11060  -50.1  -83.1      1   0.00    210      7  353.3  353.3  353.3 77 
  192.0  11327  -49.5  -82.9      1   0.00    225     11  358.4  358.5  358.4 77 
  183.0  11641  -48.7  -82.7      1   0.00    215     11  364.6  364.6  364.6 77 
  170.0  12123  -49.5  -83.5      1   0.00    200     11  371.1  371.1  371.1 77 
  166.0  12278  -49.8  -83.8      1   0.00    220     12  373.1  373.2  373.1 77 
  163.0  12398  -50.0  -84.0      1   0.00    205     10  374.8  374.8  374.8 77 
  161.0  12478  -50.1  -84.1      1   0.00    210     10  375.9  375.9  375.9 77 
  159.0  12560  -50.1  -84.2      1   0.00    215     10  377.3  377.3  377.3 77 
  150.0  12940  -49.9  -84.9      1   0.00    210     13  383.9  383.9  383.9 77 
  149.0  12984  -49.9  -85.0      1   0.00    210     12  384.6  384.6  384.6 77 
  145.0  13162  -49.8  -85.2      1   0.00    225     14  387.8  387.8  387.8 77 
  142.0  13299  -49.8  -85.5      1   0.00    210     14  390.2  390.2  390.2 77 
  134.0  13679  -49.6  -86.0      1   0.00    225     16  397.0  397.0  397.0 77 
  128.0  13979  -49.5  -86.5      1   0.00    208     12  402.4  402.4  402.4 77 
  127.0  14031  -49.3  -86.4      1   0.00    205     11  403.7  403.7  403.7 77 
  124.0  14190  -48.7  -86.1      1   0.00    220     10  407.6  407.6  407.6 77 
  114.0  14748  -46.4  -85.0      1   0.00    195     14  421.6  421.6  421.6 77 
  112.0  14866  -46.0  -84.7      0   0.00    200     12  424.6  424.7  424.6 77 
  110.0  14985  -45.5  -84.5      0   0.00    185     10  427.7  427.7  427.7 77 
  106.0  15231  -44.5  -84.0      0   0.00    225     10  434.1  434.2  434.1 77 
  102.0  15487  -43.5  -83.5      0   0.00    205     12  440.9  440.9  440.9 77 
  100.0  15620  -43.7  -83.7      0   0.00    210     12  443.0  443.0  443.0 77 
   98.0  15757  -43.5  -83.6      0   0.00    225     12  446.1  446.1  446.1 77 
   93.0  16112  -42.8  -83.2      0   0.00    195     13  454.0  454.1  454.1 77 
   84.0  16803  -41.5  -82.5      0   0.01    215     14  470.0  470.0  470.0 77 
   81.0  17050  -41.1  -82.3      0   0.01    210     17  475.8  475.9  475.8 77 
   77.0  17393  -40.5  -81.9      0   0.01    170     14  484.1  484.1  484.1 77 
   74.0  17663  -40.0  -81.7      0   0.01    200     10  490.6  490.7  490.6 77 
   71.0  17944  -39.5  -81.4      0   0.01    205     12  497.5  497.6  497.5 77 
   70.0  18040  -39.3  -81.3      0   0.01    195     12  499.9  500.0  499.9 77 
   67.0  18342  -39.0  -81.0      0   0.01    175     10  506.9  507.0  506.9 77 
   59.0  19219  -38.1  -80.1      0   0.01    195     14  527.7  527.8  527.7 77 
   57.0  19457  -37.8  -79.8      0   0.01    175     14  533.5  533.6  533.5 77 
   50.0  20360  -36.9  -78.9      0   0.02    175     16  556.0  556.2  556.0 77 
   49.0  20501  -36.6  -78.8      0   0.02    180     16  559.9  560.1  559.9 77 
   47.0  20791  -36.0  -78.5      0   0.02    145     15  568.0  568.2  568.0 77 
   45.0  21094  -35.4  -78.2      0   0.02    180     14  576.6  576.8  576.6 77 
   39.0  22092  -33.4  -77.2      0   0.03    170     15  605.8  606.0  605.8 77 
   38.2  22237  -33.1  -77.1      0   0.03    174     15  610.1  610.4  610.1 77 
   37.0  22460  -33.6  -77.3      0   0.03    180     15  614.4  614.7  614.4 77 
   35.0  22849  -34.5  -77.6      0   0.03    155     16  621.9  622.1  621.9 77 
   34.6  22930  -34.7  -77.7      0   0.03                623.5  623.7  623.5 77 
</PRE><H3>Station information and sounding indices</H3><PRE> 60 
                             Station number: 89009 50 
                           Observation time: 240110/1200 56 
                           Station latitude: -90.00 51 
                          Station longitude: 0.00 49 
                          Station elevation: 2835.0 51 
                               Lifted index: 6.46 49 
    LIFT computed using virtual temperature: 6.48 49 
      Convective Available Potential Energy: 0.00 49 
             CAPE using virtual temperature: 0.00 49 
                      Convective Inhibition: 0.00 49 
             CINS using virtual temperature: 0.00 49 
                     Bulk Richardson Number: 0.00 49 
          Bulk Richardson Number using CAPV: 0.00 49 
  Temp [K] of the Lifted Condensation Level: 242.79 51 
Pres [hPa] of the Lifted Condensation Level: 623.82 51 
   Equivalent potential temp [K] of the LCL: 279.40 51 
     Mean mixed layer potential temperature: 277.87 51 
              Mean mixed layer mixing ratio: 0.50 49 
              1000 hPa to 500 hPa thickness: 5186.00 52 
Precipitable water [mm] for entire sounding: 1.01 49 
</PRE> 6 
<H2>89009  Amundsen-Scott Observations at 00Z 11 Jan 2024</H2> 62 
<PRE> 5 
----------------------------------------------------------------------------- 77 
   PRES   HGHT   TEMP   DWPT   RELH   MIXR   DRCT   SKNT   THTA   THTE   THTV 77 
    hPa     m      C      C      %    g/kg    deg   knot     K      K      K  77 
----------------------------------------------------------------------------- 77 
 1000.0   -122                                                                77 
  925.0    519                                                                77 
  850.0   1195                                                                77 
  700.0   2676                                                                77 
  685.0   2835  -30.1  -34.4     66   0.30     60      6  270.8  271.8  270.9 77 
  681.0   2877  -26.9  -30.6     71   0.44     63      6  274.8  276.2  274.9 77 
  680.0   2887  -26.7  -30.4     71   0.45     64      6  275.2  276.6  275.2 77 
  668.0   3016  -25.1  -31.1     57   0.43     73      6  278.4  279.7  278.4 77 
  610.0   3669  -29.7  -30.3     94   0.51    119      7  280.4  282.0  280.5 77 
  546.0   4451  -34.3  -38.5     66   0.25    175      7  283.9  284.8  284.0 77 
  500.0   5060  -38.7  -41.8     72   0.20    220      8  285.8  286.5  285.8 77 
  468.0   5510  -42.3  -45.2     73   0.15    253      7  286.8  287.3  286.8 77 
  430.0   6079  -43.9  -47.5     67   0.12    294      5  291.8  292.2  291.8 77 
  400.0   6560  -46.7  -49.1     76   0.11    330      3  294.2  294.6  294.2 77 
  352.0   7400  -51.9  -53.2     86   0.08    302      3  298.2  298.4  298.2 77 
  348.0   7474  -52.1  -57.1     55   0.05    300      2  298.9  299.1  298.9 77 
  343.0   7568  -52.7  -55.4     72   0.06    297      2  299.3  299.5  299.3 77 
  333.0   7759  -52.9  -59.9     42   0.04    290      2  301.6  301.7  301.6 77 
  317.0   8077  -54.3  -59.3     54   0.04    280      2  303.9  304.0  303.9 77 
  312.0   8179  -54.3  -63.3     32   0.02    276      2  305.3  305.4  305.3 77 
  303.0   8366  -55.1  -60.1     54   0.04    270      2  306.7  306.9  306.7 77 
  300.0   8430  -54.9  -62.9     36   0.03    290      2  307.9  308.0  307.9 77 
  297.0   8494  -54.7  -67.7     19   0.01    274      2  309.0  309.1  309.0 77 
  283.0   8804  -54.4  -69.6     14   0.01    200      1  313.8  313.9  313.8 77 
  250.0   9600  -53.5  -74.5      6   0.01    185      7  326.4  326.4  326.4 77 
  241.0   9837  -52.9  -76.0      4   0.01    205     10  330.7  330.8  330.7 77 
  239.0   9890  -52.8  -76.4      4   0.00    195     10  331.7  331.7  331.7 77 
  210.0  10725  -50.7  -81.8      1   0.00    200     10  347.5  347.5  347.5 77 
  206.0  10849  -50.4  -82.7      1   0.00    185     10  349.9  349.9  349.9 77 
  203.0  10944  -50.1  -83.3      1   0.00    210     10  351.7  351.7  351.7 77 
  200.0  11040  -49.9  -83.9      1   0.00    185     10  353.6  353.6  353.6 77 
  199.0  11073  -49.8  -83.8      1   0.00    175     10  354.2  354.2  354.2 77 
  195.0  11205  -49.6  -83.6      1   0.00    190     10  356.6  356.6  356.6 77 
  190.0  11375  -49.3  -83.3      1   0.00    188     10  359.8  359.8  359.8 77 
  182.0  11656  -49.3  -83.5      1   0.00    185     11  364.2  364.2  364.2 77 
  172.0  12025  -49.4  -83.8      1   0.00    215     13  370.0  370.0  370.0 77 
  163.0  12377  -49.4  -84.1      1   0.00    180     15  375.7  375.7  375.7 77 
  150.0  12920  -49.5  -84.5      1   0.00    210     13  384.6  384.6  384.6 77 
  139.0  13419  -49.7  -86.7      1   0.00    183     12  392.7  392.7  392.7 77 
  134.0  13663  -49.0  -86.3      1   0.00    170     12  398.1  398.1  398.1 77 
  122.0  14287  -47.1  -85.3      1   0.00    170     12  412.4  412.4  412.4 77 
  119.0  14453  -46.6  -85.0      1   0.00    185     12  416.2  416.2  416.2 77 
  116.0  14623  -46.1  -84.7      1   0.00    175     12  420.2  420.2  420.2 77 
  113.0  14797  -45.5  -84.4      0   0.00    190     12  424.4  424.4  424.4 77 
  106.0  15222  -44.3  -83.7      0   0.00    170     14  434.6  434.6  434.6 77 
  102.0  15478  -43.5  -83.3      0   0.00    195     16  440.9  440.9  440.9 77 
  100.0  15610  -43.1  -83.1      0   0.00    190     18  444.2  444.2  444.2 77 
   95.0  15959  -42.5  -82.8      0   0.00    200     19  451.9  451.9  451.9 77 
   91.0  16253  -42.0  -82.5      0   0.00    180     22  458.5  458.5  458.5 77 
   83.0  16879  -40.9  -82.0      0   0.01    190     18  472.9  472.9  472.9 77 
   78.0  17303  -40.2  -81.6      0   0.01    175     20  482.9  482.9  482.9 77 
   75.0  17570  -39.7  -81.3      0   0.01    195     20  489.3  489.4  489.3 77 
   70.0  18040  -38.9  -80.9      0   0.01    185     21  500.8  500.9  500.8 77 
   51.0  20223  -35.5  -78.5      0   0.02    185     15  556.1  556.2  556.1 77 
   50.8  20250  -35.5  -78.5      0   0.02    183     16  556.8  556.9  556.8 77 
   50.0  20360  -35.9  -78.9      0   0.02    175     22  558.4  558.5  558.4 77 
   49.0  20501  -35.8  -78.8      0   0.02    170     21  561.9  562.0  561.9 77 
   44.0  21253  -35.1  -78.4      0   0.02    175     17  581.0  581.1  581.0 77 
   40.0  21919  -34.6  -78.0      0   0.02    160     13  598.4  598.6  598.4 77 
   37.0  22464  -34.1  -77.7      0   0.03    190     15  613.1  613.3  613.1 77 
   35.0  22853  -33.8  -77.5      0   0.03    165     16  623.7  624.0  623.8 77 
   34.0  23055  -33.6  -77.4      0   0.03    175     16  629.4  629.6  629.4 77 
   33.0  23264  -33.5  -77.3      0   0.03    160     16  635.2  635.5  635.2 77 
   30.0  23930  -32.9  -76.9      0   0.04    170     12  654.3  654.6  654.3 77 
   27.0  24676  -32.2  -76.4      0   0.04    165     16  676.3  676.8  676.4 77 
   24.0  25509  -31.4  -75.9      0   0.05    165     17  701.8  702.4  701.9 77 
   23.0  25811  -31.1  -75.7      0   0.06    190     16  711.3  711.9  711.3 77 
   21.0  26455  -30.4  -75.3      0   0.07    185     20  731.9  732.6  731.9 77 
   20.0  26800  -30.1  -75.1      0   0.07    165     25  743.2  744.0  743.2 77 
   19.0  27165  -30.2  -75.2      0   0.07    165     18  753.8  754.6  753.8 77 
   17.1  27914  -30.5  -75.5      0   0.08    151     10  776.0  776.9  776.0 77 
   17.0  27956  -30.4  -75.4      0   0.08    150     10  777.7  778.7  777.8 77 
   16.0  28390  -28.8  -74.2      0   0.10    170     16  796.4  797.6  796.4 77 
   15.0  28853  -27.1  -72.9      0   0.13    145     21  816.7  818.3  816.8 77 
   14.4  29145  -26.1  -72.1      0   0.16    142     13  829.8  831.6  829.9 77 
   14.0                                       140      8                      77 
</PRE><H3>Station information and sounding indices</H3><PRE> 60 
                             Station number: 89009 50 
                           Observation time: 240111/0000 56 
                           Station latitude: -90.00 51 
                          Station longitude: 0.00 49 
                          Station elevation: 2835.0 51 
                               Lifted index: 5.93 49 
    LIFT computed using virtual temperature: 5.94 49 
      Convective Available Potential Energy: 0.00 49 
             CAPE using virtual temperature: 0.00 49 
                      Convective Inhibition: 0.00 49 
             CINS using virtual temperature: 0.00 49 
                     Bulk Richardson Number: 0.00 49 
          Bulk Richardson Number using CAPV: 0.00 49 
  Temp [K] of the Lifted Condensation Level: 241.34 51 
Pres [hPa] of the Lifted Condensation Level: 612.11 51 
   Equivalent potential temp [K] of the LCL: 279.06 51 
     Mean mixed layer potential temperature: 277.70 51 
              Mean mixed layer mixing ratio: 0.44 49 
              1000 hPa to 500 hPa thickness: 5182.00 52 
Precipitable water [mm] for entire sounding: 0.94 49 
</PRE> 6 
<H2>89009  Amundsen-Scott Observations at 09Z 11 Jan 2024</H2> 62 
<PRE> 5 
----------------------------------------------------------------------------- 77 
   PRES   HGHT   TEMP   DWPT   RELH   MIXR   DRCT   SKNT   THTA   THTE   THTV 77 
    hPa     m      C      C      %    g/kg    deg   knot     K      K      K  77 
----------------------------------------------------------------------------- 77 
 1000.0   -141                                                                77 
  925.0    500                                                                77 
  850.0   1177                                                                77 
  700.0   2653                                                                77 
  682.0   2835  -30.7  -34.9     67   0.29     80      6  270.5  271.4  270.5 77 
  681.0   2845  -29.3  -31.4     82   0.41     79      7  272.1  273.4  272.2 77 
  675.0   2909  -26.3  -30.8     66   0.44     75     12  276.2  277.6  276.3 77 
  669.0   2973  -26.8  -30.9     68   0.44     70     18  276.4  277.7  276.4 77 
  647.0   3213  -28.6  -31.2     78   0.44     75     14  276.9  278.3  277.0 77 
  626.0   3449  -30.4  -31.6     89   0.44    105     14  277.5  278.9  277.6 77 
  618.0   3541  -31.1  -31.7     94   0.44     95     10  277.7  279.1  277.8 77 
  614.0   3588  -29.3  -32.9     71   0.39     95     10  280.3  281.6  280.4 77 
  602.0   3728  -29.7  -34.6     62   0.34     97     10  281.4  282.6  281.5 77 
  538.0   4522  -34.9  -37.1     80   0.30    105      9  284.4  285.4  284.5 77 
  500.0   5030  -38.1  -42.9     61   0.17    110      8  286.5  287.1  286.6 77 
  480.0   5311  -40.3  -46.3     53   0.13     97      5  287.2  287.6  287.2 77 
  454.0   5686  -42.3  -47.3     58   0.12     80      2  289.3  289.7  289.3 77 
  400.0   6540  -46.9  -49.6     74   0.10     90      4  294.0  294.3  294.0 77 
  398.0   6573  -47.1  -49.6     75   0.10     91      4  294.1  294.5  294.1 77 
  387.0   6759  -47.9  -52.9     56   0.07     98      4  295.4  295.7  295.4 77 
  378.0   6914  -48.7  -51.0     77   0.09    103      4  296.4  296.7  296.4 77 
  369.0   7072  -49.7  -54.7     56   0.06    109      4  297.1  297.3  297.1 77 
  365.0   7143  -50.1  -52.6     75   0.08    111      4  297.5  297.8  297.5 77 
  357.0   7288  -50.7  -55.5     57   0.06    116      4  298.6  298.8  298.6 77 
  351.0   7399  -51.1  -53.8     73   0.07    120      4  299.5  299.8  299.5 77 
  342.0   7567  -52.1  -59.1     43   0.04    126      3  300.4  300.5  300.4 77 
  324.0   7916  -53.9  -59.9     48   0.04    138      3  302.5  302.7  302.6 77 
  321.0   7976  -54.3  -57.4     68   0.05    141      3  302.8  303.0  302.8 77 
  317.0   8057  -54.3  -64.3     28   0.02    143      3  303.9  304.0  303.9 77 
  312.0   8159  -54.5  -58.0     65   0.05    147      3  305.0  305.2  305.0 77 
  308.0   8241  -54.9  -59.4     57   0.04    150      3  305.6  305.7  305.6 77 
  303.0   8346  -54.5  -70.5     12   0.01    150      4  307.6  307.6  307.6 77 
  300.0   8410  -54.5  -64.5     28   0.02    150      4  308.4  308.5  308.4 77 
  295.0   8517  -54.9  -62.9     36   0.03    153      5  309.3  309.4  309.3 77 
  275.0   8963  -56.1  -66.1     27   0.02    168      8  313.9  313.9  313.9 77 
  272.0   9032  -55.1  -73.1      9   0.01    170      9  316.3  316.3  316.3 77 
  265.0   9198  -54.7  -73.6      8   0.01    175     10  319.3  319.3  319.3 77 
  250.0   9570  -53.7  -74.7      6   0.01    165      7  326.1  326.1  326.1 77 
  214.0  10580  -50.8  -79.4      2   0.00    170     10  345.4  345.4  345.4 77 
  209.0  10733  -50.4  -80.2      2   0.00    185     11  348.5  348.5  348.5 77 
  204.0  10890  -49.9  -80.9      1   0.00    173     10  351.6  351.6  351.6 77 
  203.0  10923  -49.9  -81.2      1   0.00    170     10  352.1  352.1  352.1 77 
  200.0  11020  -49.9  -81.9      1   0.00    190     11  353.6  353.6  353.6 77 
  199.0  11053  -49.9  -82.0      1   0.00    200     12  354.1  354.1  354.1 77 
  189.0  11390  -49.6  -82.6      1   0.00    180     14  359.8  359.8  359.8 77 
  180.0  11709  -49.4  -83.2      1   0.00    185     12  365.2  365.2  365.2 77 
  176.0  11855  -49.3  -83.5      1   0.00    205     12  367.8  367.8  367.8 77 
  165.0  12277  -49.0  -84.3      1   0.00    180     12  375.1  375.1  375.1 77 
  152.0  12813  -48.6  -85.3      1   0.00    175     12  384.7  384.7  384.7 77 
  150.0  12900  -48.5  -85.5      1   0.00    185     10  386.3  386.3  386.3 77 
  141.0  13310  -48.0  -85.3      1   0.00    190     12  394.1  394.1  394.1 77 
  137.0  13501  -47.8  -85.2      1   0.00    160     13  397.7  397.7  397.7 77 
  133.0  13698  -47.5  -85.1      1   0.00    185     12  401.5  401.5  401.5 77 
  130.0  13849  -47.3  -85.1      1   0.00    180     11  404.5  404.5  404.5 77 
  126.0  14057  -47.1  -85.0      1   0.00    195     10  408.6  408.6  408.6 77 
  122.0  14271  -46.8  -84.9      1   0.00    185     13  412.8  412.8  412.8 77 
  118.0  14492  -46.6  -84.8      1   0.00    205     17  417.3  417.3  417.3 77 
  101.0  15524  -45.3  -84.3      0   0.00    191     21  438.7  438.7  438.7 77 
  100.0  15590  -45.3  -84.3      0   0.00    190     21  439.9  439.9  439.9 77 
   94.0  16010  -44.2  -83.7      0   0.00    175     19  449.9  449.9  449.9 77 
   92.0  16156  -43.9  -83.5      0   0.00    190     17  453.4  453.4  453.4 77 
   89.0  16381  -43.3  -83.2      0   0.00    175     16  458.9  458.9  458.9 77 
   81.0  17020  -41.6  -82.4      0   0.01    200     17  474.7  474.8  474.7 77 
   75.0  17542  -40.3  -81.7      0   0.01    190     19  488.1  488.1  488.1 77 
   72.0  17819  -39.6  -81.3      0   0.01    210     19  495.3  495.4  495.3 77 
   70.0  18010  -39.1  -81.1      0   0.01    200     23  500.4  500.4  500.4 77 
   68.0  18211  -38.7  -80.8      0   0.01    190     26  505.4  505.5  505.4 77 
   65.0  18523  -38.0  -80.2      0   0.01    175     22  513.5  513.5  513.5 77 
   63.0  18740  -37.5  -79.8      0   0.01    190     20  519.1  519.2  519.1 77 
   59.0  19194  -36.6  -79.1      0   0.01    180     14  531.1  531.2  531.1 77 
   57.0  19433  -36.0  -78.7      0   0.01    205     18  537.5  537.6  537.5 77 
   55.0  19680  -35.5  -78.2      0   0.02    205     21  544.3  544.4  544.3 77 
   52.0  20068  -34.7  -77.6      0   0.02    180     20  555.0  555.1  555.0 77 
   50.0  20340  -34.1  -77.1      0   0.02    185     18  562.6  562.8  562.6 77 
   48.0  20626  -34.0  -77.1      0   0.02    185     18  569.5  569.7  569.5 77 
   47.0  20774  -33.9  -77.0      0   0.02    215     17  573.1  573.2  573.1 77 
   44.0  21236  -33.8  -77.0      0   0.02    165     26  584.4  584.6  584.4 77 
   43.0  21397  -33.7  -77.0      0   0.03    150     14  588.4  588.6  588.4 77 
   42.0  21562  -33.6  -77.0      0   0.03    170     16  592.5  592.8  592.5 77 
   40.0  21904  -33.5  -76.9      0   0.03    155     15  601.2  601.4  601.2 77 
   39.0  22081  -33.4  -76.9      0   0.03    175     16  605.7  606.0  605.7 77 
   38.0  22263  -33.4  -76.9      0   0.03    160     16  610.4  610.7  610.4 77 
   37.0  22450  -33.3  -76.9      0   0.03    135     11  615.3  615.5  615.3 77 
   36.0  22642  -33.2  -76.8      0   0.03    170     10  620.3  620.6  620.3 77 
   34.0  23043  -33.0  -76.8      0   0.03    155     18  630.9  631.2  630.9 77 
   33.0  23252  -33.0  -76.8      0   0.03    170     13  636.5  636.9  636.6 77 
   30.0  23920  -32.7  -76.7      0   0.04    150     13  654.8  655.2  654.9 77 
   29.0  24160  -32.5  -76.6      0   0.04    160     10  661.8  662.2  661.8 77 
   28.0  24408  -32.3  -76.4      0   0.04    190     11  669.1  669.5  669.1 77 
   24.0  25499  -31.3  -75.8      0   0.05    155     14  702.1  702.6  702.1 77 
   23.0  25801  -31.0  -75.7      0   0.06    180     11  711.5  712.1  711.5 77 
   22.0  26115  -30.7  -75.5      0   0.06    210      6  721.4  722.1  721.5 77 
   21.0  26445  -30.4  -75.3      0   0.07    225     10  732.0  732.7  732.0 77 
   20.0  26790  -30.1  -75.1      0   0.07    175     18  743.2  744.0  743.2 77 
   19.0  27155  -30.3  -75.3      0   0.07                753.6  754.4  753.6 77 
</PRE><H3>Station information and sounding indices</H3><PRE> 60 
                             Station number: 89009 50 
                           Observation time: 240111/0900 56 
                           Station latitude: -90.00 51 
                          Station longitude: 0.00 49 
                          Station elevation: 2835.0 51 
                               Lifted index: 7.67 49 
    LIFT computed using virtual temperature: 7.68 49 
      Convective Available Potential Energy: 0.00 49 
             CAPE using virtual temperature: 0.00 49 
                      Convective Inhibition: 0.00 49 
             CINS using virtual temperature: 0.00 49 
                     Bulk Richardson Number: 0.00 49 
          Bulk Richardson Number using CAPV: 0.00 49 
  Temp [K] of the Lifted Condensation Level: 241.44 51 
Pres [hPa] of the Lifted Condensation Level: 624.17 51 
   Equivalent potential temp [K] of the LCL: 277.61 51 
     Mean mixed layer potential temperature: 276.26 51 
              Mean mixed layer mixing ratio: 0.43 49 
              1000 hPa to 500 hPa thickness: 5171.00 52 
Precipitable water [mm] for entire sounding: 0.86 49 
</PRE> 6 
<H2>89009  Amundsen-Scott Observations at 00Z 12 Jan 2024</H2> 62 
<PRE> 5 
----------------------------------------------------------------------------- 77 
   PRES   HGHT   TEMP   DWPT   RELH   MIXR   DRCT   SKNT   THTA   THTE   THTV 77 
    hPa     m      C      C      %    g/kg    deg   knot     K      K      K  77 
----------------------------------------------------------------------------- 77 
 1000.0   -194                                                                77 
  925.0    451                                                                77 
  850.0   1134                                                                77 
  700.0   2622                                                                77 
  679.0   2835  -30.9  -35.5     64   0.28     90     11  270.6  271.5  270.6 77 
  678.0   2845  -30.9  -35.4     64   0.28     80     12  270.7  271.6  270.8 77 
  672.0   2909  -30.7  -34.9     67   0.30     77     12  271.6  272.6  271.7 77 
  662.0   3016  -26.9  -30.5     71   0.46     72     11  277.1  278.5  277.1 77 
  652.0   3126  -27.1  -30.3     74   0.48     67     11  278.0  279.5  278.1 77 
  642.0   3238  -26.9  -40.9     25   0.17     62     10  279.5  280.1  279.5 77 
  638.0   3283  -27.0  -36.5     40   0.27     60     10  279.9  280.7  279.9 77 
  635.0   3317  -27.1  -33.1     57   0.37     60     10  280.1  281.4  280.2 77 
  624.0   3443  -27.7  -40.7     28   0.18     60      9  280.9  281.4  280.9 77 
  619.0   3501  -28.1  -36.1     46   0.28     61      9  281.0  282.0  281.1 77 
  607.0   3641  -28.5  -37.5     42   0.25     61      8  282.2  283.0  282.2 77 
  522.0   4710  -34.9  -38.8     68   0.26     64      3  286.9  287.8  286.9 77 
  500.0   5010  -36.3  -41.1     61   0.21     65      2  288.7  289.5  288.8 77 
  491.0   5136  -36.9  -41.9     60   0.20     65      2  289.5  290.2  289.5 77 
  400.0   6530  -46.1  -49.9     65   0.10     65      4  295.0  295.4  295.0 77 
  358.0   7257  -50.9  -54.2     68   0.07     30      2  298.1  298.3  298.1 77 
  326.0   7860  -54.2  -57.6     66   0.05      0      0  301.6  301.8  301.6 77 
  325.0   7880  -54.3  -57.7     66   0.05      6      0  301.7  301.9  301.7 77 
  313.0   8120  -54.5  -59.3     55   0.04     86      4  304.7  304.9  304.7 77 
  309.0   8202  -54.9  -63.9     32   0.02    113      5  305.3  305.4  305.3 77 
  300.0   8390  -55.3  -63.3     36   0.03    175      8  307.3  307.4  307.3 77 
  296.0   8476  -55.6  -63.6     36   0.02    180     10  308.0  308.1  308.0 77 
  293.0   8541  -55.9  -63.9     36   0.02    170     11  308.5  308.6  308.5 77 
  289.0   8629  -55.7  -64.8     31   0.02    155     10  310.0  310.1  310.0 77 
  271.0   9042  -54.9  -68.8     16   0.01    180     10  316.9  317.0  316.9 77 
  250.0   9560  -53.9  -73.9      7   0.01    185     11  325.8  325.8  325.8 77 
  245.0   9691  -53.4  -75.1      5   0.01    190     10  328.5  328.5  328.5 77 
  243.0   9744  -53.1  -75.5      5   0.01    180     10  329.6  329.6  329.6 77 
  222.0  10328  -50.7  -80.7      2   0.00    205     12  342.0  342.0  342.0 77 
  214.0  10568  -50.2  -80.6      2   0.00    200     12  346.3  346.4  346.3 77 
  205.0  10849  -49.6  -80.4      2   0.00    170     11  351.5  351.5  351.5 77 
  200.0  11010  -49.3  -80.3      1   0.00    190      9  354.5  354.6  354.5 77 
  197.0  11109  -49.3  -80.5      1   0.00    205     11  356.1  356.2  356.1 77 
  188.0  11414  -49.1  -81.0      1   0.00    190     10  361.1  361.2  361.1 77 
  182.0  11626  -49.0  -81.3      1   0.00    215     12  364.6  364.7  364.6 77 
  176.0  11845  -48.9  -81.7      1   0.00    215     15  368.3  368.3  368.3 77 
  172.0  11996  -48.9  -82.0      1   0.00    195     17  370.8  370.9  370.8 77 
  165.0  12267  -48.8  -82.4      1   0.00    175     12  375.5  375.5  375.5 77 
  162.0  12387  -48.7  -82.6      1   0.00    195     10  377.5  377.5  377.5 77 
  155.0  12676  -48.6  -83.1      1   0.00    195     11  382.5  382.5  382.5 77 
  150.0  12890  -48.5  -83.5      1   0.00    175     12  386.3  386.3  386.3 77 
  149.0  12934  -48.5  -83.5      1   0.00    175     12  387.1  387.1  387.1 77 
  137.0  13487  -48.0  -83.7      1   0.00    200     13  397.3  397.3  397.3 77 
  131.0  13782  -47.8  -83.8      1   0.00    190     12  402.8  402.8  402.8 77 
  126.0  14038  -47.6  -83.9      1   0.00    200     14  407.7  407.7  407.7 77 
  115.0  14639  -47.1  -84.1      1   0.00    204     13  419.4  419.4  419.4 77 
  113.0  14756  -46.6  -84.0      1   0.00    205     13  422.4  422.4  422.4 77 
  104.0  15309  -44.2  -83.4      1   0.00    175     15  437.1  437.1  437.1 77 
  100.0  15570  -43.1  -83.1      0   0.00    175     15  444.2  444.2  444.2 77 
   92.0  16136  -42.1  -82.5      0   0.00    195     14  456.9  456.9  456.9 77 
   89.0  16361  -41.7  -82.3      0   0.01    190     11  462.1  462.1  462.1 77 
   75.0  17522  -39.5  -81.2      0   0.01    160     15  489.6  489.7  489.6 77 
   73.0  17705  -39.2  -81.0      0   0.01    160     13  494.1  494.2  494.1 77 
   71.0  17894  -38.9  -80.8      0   0.01    190     13  498.8  498.9  498.8 77 
   70.0  17990  -38.7  -80.7      0   0.01    185     17  501.2  501.3  501.2 77 
   66.0  18399  -37.9  -80.0      0   0.01    190     21  511.5  511.6  511.5 77 
   64.0  18613  -37.4  -79.7      0   0.01    160     21  517.0  517.1  517.0 77 
   58.0  19298  -36.0  -78.6      0   0.01    175     15  534.9  535.0  534.9 77 
   55.0  19667  -35.3  -78.0      0   0.02    160     16  544.9  545.0  544.9 77 
   52.0  20057  -34.5  -77.3      0   0.02    195     14  555.5  555.7  555.5 77 
   50.0  20330  -33.9  -76.9      1   0.02    180     17  563.1  563.3  563.1 77 
   47.0  20765  -33.2  -76.7      0   0.02    190     18  574.7  574.9  574.7 77 
   46.0  20916  -33.0  -76.6      0   0.03    170     18  578.8  579.0  578.8 77 
   43.1  21374  -32.3  -76.3      0   0.03    175     25  591.4  591.7  591.4 77 
   43.0  21390  -32.3  -76.3      0   0.03    175     25  591.7  592.0  591.8 77 
   39.0  22077  -33.6  -76.8      0   0.03    155     12  605.3  605.5  605.3 77 
   38.1  22241  -33.9  -76.9      1   0.03    173      8  608.6  608.8  608.6 77 
   38.0  22259  -33.9  -76.9      1   0.03    175      8  609.0  609.3  609.1 77 
   37.0  22447  -33.8  -76.9      0   0.03    195     10  614.0  614.3  614.1 77 
   34.0  23041  -33.3  -76.8      0   0.03    155     13  630.2  630.5  630.2 77 
   33.0  23250  -33.2  -76.8      0   0.03    175     16  636.0  636.3  636.0 77 
   32.0  23467  -33.0  -76.8      0   0.03    155     13  642.0  642.3  642.0 77 
   31.0  23690  -32.9  -76.7      0   0.04    190     10  648.3  648.6  648.3 77 
   30.0  23920  -32.7  -76.7      0   0.04    175     14  654.8  655.2  654.9 77 
   28.0  24408  -32.4  -76.5      0   0.04    160     15  668.8  669.2  668.8 77 
   26.0  24933  -32.0  -76.3      0   0.05    165     14  684.2  684.6  684.2 77 
   25.0  25211  -31.8  -76.2      0   0.05    195     13  692.4  692.9  692.5 77 
   24.0  25499  -31.6  -76.2      0   0.05    170     13  701.1  701.7  701.2 77 
   23.0  25801  -31.4  -76.0      0   0.05    200     13  710.3  710.9  710.4 77 
   22.0  26115  -31.2  -75.9      0   0.06    175     16  720.1  720.7  720.1 77 
   21.0  26445  -30.9  -75.8      0   0.06    210      9  730.4  731.0  730.4 77 
   20.0  26790  -30.7  -75.7      0   0.07    190     19  741.4  742.1  741.4 77 
   19.0  27156  -30.3  -75.3      0   0.07    175     22  753.5  754.3  753.5 77 
   18.0  27541  -29.9  -74.9      0   0.08    110     12  766.5  767.4  766.5 77 
   17.0  27949  -29.5  -74.5      0   0.09    220      1  780.4  781.5  780.5 77 
   16.0  28381  -29.1  -74.1      0   0.11    200     14  795.5  796.7  795.5 77 
   15.0  28841  -28.6  -73.6      1   0.12    175     14  811.9  813.3  811.9 77 
   14.8  28937  -28.5  -73.5      1   0.12                815.3  816.8  815.4 77 
</PRE><H3>Station information and sounding indices</H3><PRE> 60 
                             Station number: 89009 50 
                           Observation time: 240112/0000 56 
                           Station latitude: -90.00 51 
                          Station longitude: 0.00 49 
                          Station elevation: 2835.0 51 
                               Lifted index: 9.48 49 
    LIFT computed using virtual temperature: 9.49 49 
      Convective Available Potential Energy: 0.00 49 
             CAPE using virtual temperature: 0.00 49 
                      Convective Inhibition: 0.00 49 
             CINS using virtual temperature: 0.00 49 
                     Bulk Richardson Number: 0.00 49 
          Bulk Richardson Number using CAPV: 0.00 49 
  Temp [K] of the Lifted Condensation Level: 238.22 51 
Pres [hPa] of the Lifted Condensation Level: 593.39 51 
   Equivalent potential temp [K] of the LCL: 277.60 51 
     Mean mixed layer potential temperature: 276.56 51 
              Mean mixed layer mixing ratio: 0.35 49 
              1000 hPa to 500 hPa thickness: 5204.00 52 
Precipitable water [mm] for entire sounding: 0.76 49 
</PRE> 6 
<H2>89009  Amundsen-Scott Observations at 12Z 12 Jan 2024</H2> 62 
<PRE> 5 
----------------------------------------------------------------------------- 77 
   PRES   HGHT   TEMP   DWPT   RELH   MIXR   DRCT   SKNT   THTA   THTE   THTV 77 
    hPa     m      C      C      %    g/kg    deg   knot     K      K      K  77 
----------------------------------------------------------------------------- 77 
 1000.0   -182                                                                77 
  925.0    464                                                                77 
  850.0   1146                                                                77 
  700.0   2632                                                                77 
  680.0   2835  -30.5  -35.0     65   0.29     65      6  270.9  271.8  271.0 77 
  669.0   2952  -28.3  -30.0     85   0.48     62      6  274.6  276.1  274.7 77 
  657.0   3082  -28.5  -29.3     93   0.52     59      6  275.9  277.5  275.9 77 
  625.0   3440  -28.5  -32.3     70   0.41     51      5  279.8  281.1  279.9 77 
  619.0   3509  -28.5  -38.5     38   0.22     50      5  280.6  281.3  280.6 77 
  616.0   3544  -28.7  -33.5     63   0.37     49      5  280.7  281.9  280.8 77 
  606.0   3661  -29.1  -32.0     76   0.43     46      5  281.6  283.0  281.7 77 
  601.0   3721  -29.1  -37.1     46   0.26     45      5  282.3  283.1  282.3 77 
  589.0   3865  -29.7  -35.7     56   0.31     42      5  283.2  284.2  283.2 77 
  583.0   3938  -29.7  -40.7     34   0.19     40      5  284.0  284.7  284.1 77 
  544.0   4430  -32.3  -41.3     40   0.19     29      4  286.6  287.3  286.6 77 
  539.0   4495  -32.9  -37.9     61   0.27     27      4  286.6  287.6  286.7 77 
  535.0   4547  -33.1  -42.1     40   0.18     26      4  287.0  287.6  287.1 77 
  532.0   4587  -33.5  -37.5     67   0.29     25      4  287.0  288.0  287.1 77 
  518.0   4774  -34.9  -38.0     73   0.28     21      3  287.5  288.5  287.6 77 
  505.0   4951  -35.9  -44.9     39   0.14     17      3  288.4  288.9  288.4 77 
  500.0   5020  -36.5  -41.4     60   0.20     15      3  288.5  289.2  288.5 77 
  498.0   5048  -36.7  -40.3     69   0.23     16      3  288.6  289.4  288.6 77 
  477.0   5346  -38.5  -41.1     76   0.22     26      3  289.9  290.7  290.0 77 
  400.0   6540  -46.1  -50.8     59   0.09     65      1  295.0  295.3  295.0 77 
  364.0   7159  -50.1  -53.0     71   0.08    103      3  297.7  298.0  297.7 77 
  333.0   7734  -53.3  -62.3     33   0.03    138      5  301.0  301.1  301.0 77 
  323.0   7930  -53.9  -57.4     65   0.05    150      5  302.8  303.0  302.8 77 
  313.0   8131  -54.7  -61.7     42   0.03    163      6  304.4  304.6  304.4 77 
  300.0   8400  -56.1  -63.1     41   0.03    180      7  306.2  306.3  306.2 77 
  298.0   8442  -56.3  -62.3     47   0.03    180      8  306.5  306.6  306.5 77 
  258.0   9359  -54.2  -72.5      9   0.01    190     11  322.5  322.5  322.5 77 
  253.0   9484  -53.9  -73.9      7   0.01    186     10  324.7  324.7  324.7 77 
  251.0   9534  -54.0  -74.0      7   0.01    185     10  325.2  325.3  325.2 77 
  250.0   9560  -54.1  -74.1      7   0.01    190     10  325.5  325.5  325.5 77 
  236.0   9934  -53.1  -76.2      4   0.01    210     10  332.5  332.5  332.5 77 
  227.0  10187  -52.4  -77.6      3   0.00    185     10  337.2  337.3  337.2 77 
  209.0  10724  -50.9  -80.5      2   0.00    200     10  347.6  347.6  347.6 77 
  202.0  10945  -50.3  -81.7      1   0.00    190     10  352.0  352.0  352.0 77 
  200.0  11010  -50.1  -82.1      1   0.00    195      9  353.3  353.3  353.3 77 
  195.0  11175  -50.0  -82.2      1   0.00    210     10  355.9  355.9  355.9 77 
  186.0  11484  -50.0  -82.5      1   0.00    185     10  360.9  360.9  360.9 77 
  178.0  11772  -49.9  -82.7      1   0.00    210     11  365.6  365.6  365.6 77 
  174.0  11920  -49.8  -82.8      1   0.00    190     11  368.1  368.1  368.1 77 
  166.0  12228  -49.7  -83.0      1   0.00    200     10  373.2  373.2  373.2 77 
  162.0  12387  -49.7  -83.1      1   0.00    190     10  375.9  375.9  375.9 77 
  155.0  12676  -49.6  -83.3      1   0.00    210     10  380.9  380.9  380.9 77 
  150.0  12890  -49.5  -83.5      1   0.00    190      9  384.6  384.6  384.6 77 
  147.0  13024  -49.2  -83.5      1   0.00    170     11  387.4  387.4  387.4 77 
  131.0  13789  -47.3  -83.3      1   0.00    175     10  403.7  403.7  403.7 77 
  120.0  14370  -45.9  -83.2      1   0.00    210     10  416.5  416.6  416.5 77 
  117.0  14538  -45.5  -83.1      1   0.00    190     10  420.3  420.4  420.3 77 
  113.0  14769  -44.9  -83.1      1   0.00    200     10  425.6  425.6  425.6 77 
  100.0  15580  -42.9  -82.9      0   0.00    160     10  444.5  444.6  444.5 77 
   93.0  16074  -42.0  -82.4      0   0.00    130     11  455.6  455.7  455.6 77 
   84.0  16768  -40.8  -81.7      0   0.01    120     10  471.6  471.7  471.6 77 
   80.0  17100  -40.1  -81.4      0   0.01    140     14  479.5  479.5  479.5 77 
   77.0  17361  -39.7  -81.1      0   0.01    115     10  485.7  485.8  485.7 77 
   74.0  17631  -39.2  -80.9      0   0.01    155     10  492.3  492.4  492.3 77 
   72.0  17818  -38.9  -80.7      0   0.01    135     11  496.9  496.9  496.9 77 
   70.0  18010  -38.5  -80.5      0   0.01    130     13  501.6  501.7  501.6 77 
   69.0  18109  -38.4  -80.4      0   0.01    130     15  504.0  504.1  504.0 77 
   68.0  18210  -38.2  -80.3      0   0.01    120     17  506.5  506.6  506.5 77 
   67.0  18312  -38.0  -80.2      0   0.01    110     13  509.0  509.1  509.0 77 
   61.0  18959  -37.0  -79.4      0   0.01    175      5  525.0  525.1  525.0 77 
   60.0  19073  -36.9  -79.3      0   0.01    165     10  527.9  528.0  527.9 77 
   58.0  19307  -36.5  -79.0      0   0.01    170     11  533.9  534.0  533.9 77 
   56.0  19549  -36.1  -78.8      0   0.01    150     13  540.1  540.2  540.1 77 
   53.0  19928  -35.5  -78.3      0   0.02    140     13  550.0  550.2  550.0 77 
   52.0  20060  -35.3  -78.2      0   0.02    105     12  553.5  553.6  553.5 77 
   51.0  20193  -35.1  -78.0      0   0.02    100     10  557.1  557.2  557.1 77 
   50.0  20330  -34.9  -77.9      0   0.02    155      4  560.7  560.9  560.7 77 
   48.0  20615  -34.6  -77.8      0   0.02    195     10  568.1  568.2  568.1 77 
   44.0  21223  -33.9  -77.7      0   0.02    155     11  584.1  584.3  584.1 77 
   43.0  21384  -33.7  -77.7      0   0.02    167     12  588.4  588.6  588.4 77 
   42.0  21549  -33.6  -77.6      0   0.02    180     14  592.5  592.7  592.5 77 
   40.0  21891  -33.5  -77.5      0   0.02    145     22  601.2  601.4  601.2 77 
   39.0  22069  -33.4  -77.4      0   0.03    125     15  605.7  605.9  605.7 77 
   38.0  22251  -33.4  -77.4      0   0.03    135     14  610.4  610.6  610.4 77 
   37.0  22438  -33.3  -77.3      0   0.03    130     14  615.3  615.5  615.3 77 
   35.0  22828  -33.1  -77.1      0   0.03    165      6  625.5  625.8  625.5 77 
   33.0  23241  -33.0  -77.0      0   0.03    195     10  636.5  636.9  636.6 77 
   31.0  23680  -32.8  -76.8      0   0.04    170     12  648.5  648.8  648.5 77 
   30.0  23910  -32.7  -76.7      0   0.04    155     12  654.8  655.2  654.9 77 
   29.0  24150  -32.5  -76.6      0   0.04    165     10  661.8  662.1  661.8 77 
   28.0  24398  -32.3  -76.5      0   0.04    145     11  669.0  669.4  669.0 77 
   27.0  24656  -32.1  -76.3      0   0.04    175      6  676.6  677.0  676.6 77 
   26.0  24923  -31.9  -76.2      0   0.05    210     10  684.6  685.0  684.6 77 
   25.0  25201  -31.6  -76.1      0   0.05    180     14  693.0  693.5  693.0 77 
   24.0  25489  -31.4  -75.9      0   0.05    195     11  701.8  702.3  701.8 77 
   23.0  25791  -31.1  -75.8      0   0.06    185     12  711.1  711.7  711.1 77 
   22.0  26105  -30.9  -75.6      0   0.06    150     11  721.0  721.6  721.0 77 
   21.0  26435  -30.6  -75.5      0   0.06    190     10  731.5  732.1  731.5 77 
   20.0  26780  -30.3  -75.3      0   0.07    190     11  742.6  743.4  742.6 77 
   19.0  27146  -30.0  -75.0      0   0.08    180     21  754.4  755.2  754.4 77 
   18.0  27532  -29.8  -74.8      0   0.08    105     11  767.0  768.0  767.0 77 
   17.0  27940  -29.5  -74.5      0   0.09    200     10  780.6  781.6  780.6 77 
   16.0  28372  -29.1  -74.2      0   0.10    115     10  795.2  796.4  795.3 77 
   14.1  29274  -28.5  -73.5      1   0.13    186      9  826.7  828.2  826.8 77 
   14.0                                       190      9                      77 
</PRE><H3>Station information and sounding indices</H3><PRE> 60 
                             Station number: 89009 50 
                           Observation time: 240112/1200 56 
                           Station latitude: -90.00 51 
                          Station longitude: 0.00 49 
                          Station elevation: 2835.0 51 
                               Lifted index: 9.72 49 
    LIFT computed using virtual temperature: 9.73 49 
      Convective Available Potential Energy: 0.00 49 
             CAPE using virtual temperature: 0.00 49 
                      Convective Inhibition: 0.00 49 
             CINS using virtual temperature: 0.00 49 
                     Bulk Richardson Number: 0.00 49 
          Bulk Richardson Number using CAPV: 0.00 49 
  Temp [K] of the Lifted Condensation Level: 242.11 51 
Pres [hPa] of the Lifted Condensation Level: 635.22 51 
   Equivalent potential temp [K] of the LCL: 277.05 51 
     Mean mixed layer potential temperature: 275.65 51 
              Mean mixed layer mixing ratio: 0.46 49 
              1000 hPa to 500 hPa thickness: 5202.00 52 
Precipitable water [mm] for entire sounding: 0.84 49 
</PRE> 6 
<H2>89009  Amundsen-Scott Observations at 00Z 13 Jan 2024</H2> 62 
<PRE> 5 
----------------------------------------------------------------------------- 77 
   PRES   HGHT   TEMP   DWPT   RELH   MIXR   DRCT   SKNT   THTA   THTE   THTV 77 
    hPa     m      C      C      %    g/kg    deg   knot     K      K      K  77 
----------------------------------------------------------------------------- 77 
 1000.0   -142                                                                77 
  925.0    500                                                                77 
  850.0   1183                                                                77 
  700.0   2664                                                                77 
  683.0   2835  -31.3  -35.6     66   0.27     60      6  269.7  270.5  269.7 77 
  679.0   2877  -29.3  -31.5     81   0.41     58      6  272.4  273.6  272.4 77 
  666.0   3015  -29.5  -29.8     97   0.49     51      6  273.6  275.2  273.7 77 
  656.0   3123  -28.7  -32.2     72   0.39     45      5  275.7  277.0  275.8 77 
  641.0   3289  -28.7  -30.6     84   0.47     37      5  277.6  279.1  277.6 77 
  636.0   3346  -29.1  -31.8     77   0.42     34      5  277.7  279.1  277.8 77 
  629.0   3425  -28.9  -39.9     34   0.19     30      5  278.9  279.5  278.9 77 
  620.0   3528  -28.9  -40.9     31   0.17     24      5  280.0  280.6  280.0 77 
  605.0   3703  -29.7  -34.4     64   0.34     15      4  281.0  282.2  281.1 77 
  592.0   3858  -29.9  -40.9     34   0.18      7      4  282.6  283.2  282.6 77 
  564.0   4203  -31.3  -38.3     50   0.25    349      4  284.9  285.7  284.9 77 
  555.0   4317  -31.7  -44.7     26   0.13    343      3  285.7  286.1  285.7 77 
  549.0   4394  -31.9  -41.9     36   0.18    339      3  286.3  286.9  286.4 77 
  543.0   4472  -32.5  -39.5     50   0.23    335      3  286.5  287.3  286.6 77 
  534.0   4590  -33.3  -42.3     40   0.17    329      3  286.9  287.5  287.0 77 
  500.0   5050  -36.1  -40.1     67   0.23    305      2  289.0  289.8  289.0 77 
  483.0   5290  -37.9  -41.0     73   0.22    296      2  289.6  290.4  289.7 77 
  400.0   6570  -46.3  -50.7     61   0.09    245      5  294.7  295.1  294.8 77 
  384.0   6839  -47.9  -53.9     50   0.07    237      6  296.1  296.3  296.1 77 
  374.0   7012  -48.9  -53.3     60   0.07    232      7  297.0  297.3  297.0 77 
  370.0   7083  -48.9  -58.9     30   0.04    230      7  297.9  298.1  297.9 77 
  343.0   7575  -51.9  -55.7     63   0.06    214      9  300.4  300.6  300.4 77 
  319.0   8040  -54.9  -57.4     74   0.05    200     11  302.5  302.7  302.5 77 
  311.0   8202  -55.2  -61.8     44   0.03    195     12  304.2  304.3  304.2 77 
  310.0   8222  -55.3  -62.3     41   0.03    195     12  304.4  304.5  304.4 77 
  300.0   8430  -56.3  -61.2     54   0.03    195     10  305.9  306.0  305.9 77 
  296.0   8515  -56.7  -61.7     53   0.03    190     10  306.5  306.6  306.5 77 
  294.0   8558  -56.9  -61.9     53   0.03    195      9  306.8  306.9  306.8 77 
  291.0   8623  -56.7  -64.0     39   0.02    205     11  308.0  308.1  308.0 77 
  284.0   8777  -56.1  -69.1     18   0.01    199     11  311.0  311.1  311.0 77 
  273.0   9029  -55.4  -71.2     12   0.01    190     11  315.5  315.6  315.5 77 
  250.0   9590  -53.9  -75.9      5   0.01    195     11  325.8  325.8  325.8 77 
  232.0  10076  -52.8  -78.2      3   0.00    195     12  334.5  334.5  334.5 77 
  215.0  10570  -51.7  -80.5      2   0.00    215     15  343.5  343.5  343.5 77 
  203.0  10943  -50.9  -82.2      1   0.00    195     12  350.5  350.5  350.5 77 
  200.0  11040  -50.7  -82.7      1   0.00    200      9  352.3  352.3  352.3 77 
  197.0  11139  -50.6  -82.8      1   0.00    205     10  354.0  354.0  354.0 77 
  186.0  11514  -50.2  -83.2      1   0.00    190     10  360.5  360.5  360.5 77 
  174.0  11950  -49.7  -83.7      1   0.00    210     10  368.2  368.2  368.2 77 
  170.0  12102  -49.6  -83.8      1   0.00    190     12  370.9  370.9  370.9 77 
  165.0  12297  -49.4  -84.0      1   0.00    205     10  374.5  374.5  374.5 77 
  152.0  12833  -48.8  -84.6      1   0.00    185     12  384.3  384.3  384.3 77 
  150.0  12920  -48.7  -84.7      1   0.00    190     10  385.9  385.9  385.9 77 
  146.0  13100  -48.2  -84.6      1   0.00    205     10  389.7  389.7  389.7 77 
  142.0  13285  -47.8  -84.5      1   0.00    195     10  393.6  393.6  393.6 77 
  132.0  13771  -46.6  -84.1      1   0.00    195     10  404.1  404.1  404.1 77 
  128.0  13976  -46.0  -84.0      1   0.00    165     10  408.6  408.6  408.6 77 
  122.0  14296  -45.2  -83.8      1   0.00    195     10  415.7  415.8  415.7 77 
  119.0  14462  -44.8  -83.7      1   0.00    180     10  419.5  419.5  419.5 77 
  107.0  15169  -43.0  -83.2      0   0.00    200     10  435.8  435.8  435.8 77 
  100.0  15620  -41.9  -82.9      0   0.00    180     11  446.5  446.5  446.5 77 
   98.0  15758  -41.8  -82.8      0   0.00    190     13  449.3  449.4  449.3 77 
   94.0  16042  -41.5  -82.5      0   0.00    165     19  455.3  455.3  455.3 77 
   92.0  16188  -41.3  -82.3      0   0.00    155     16  458.4  458.4  458.4 77 
   88.0  16491  -41.0  -82.0      0   0.01    165     14  464.8  464.8  464.8 77 
   83.0  16889  -40.6  -81.7      0   0.01    140     10  473.4  473.5  473.4 77 
   75.0  17580  -40.0  -81.0      0   0.01    185      6  488.8  488.8  488.8 77 
   74.0  17671  -39.9  -80.9      0   0.01    205     10  490.9  490.9  490.9 77 
   72.0  17858  -39.7  -80.7      0   0.01    185     13  495.1  495.2  495.1 77 
   70.0  18050  -39.5  -80.5      1   0.01    180     13  499.5  499.6  499.5 77 
   69.0  18149  -39.3  -80.4      0   0.01    180     14  501.9  502.0  501.9 77 
   66.0  18456  -38.8  -80.2      0   0.01    145     12  509.4  509.5  509.4 77 
   64.0  18668  -38.5  -80.0      0   0.01    190     10  514.7  514.8  514.7 77 
   63.0  18776  -38.3  -79.9      0   0.01    200     14  517.4  517.5  517.4 77 
   60.0  19113  -37.8  -79.7      0   0.01    165     15  525.9  526.0  525.9 77 
   57.0  19467  -37.2  -79.4      0   0.01    180     12  535.0  535.1  535.0 77 
   56.0  19589  -37.0  -79.3      0   0.01    180     12  538.1  538.2  538.1 77 
   54.0  19839  -36.6  -79.1      0   0.01    155     14  544.7  544.8  544.7 77 
   52.0  20100  -36.1  -78.9      0   0.02    165     16  551.6  551.7  551.6 77 
   50.0  20370  -35.7  -78.7      0   0.02    125     12  558.9  559.0  558.9 77 
   49.0  20511  -34.8  -77.8      0   0.02    170      2  564.3  564.4  564.3 77 
   48.7  20554  -34.5  -77.5      0   0.02    177      3  565.9  566.1  565.9 77 
   47.0  20801  -35.5  -78.1      0   0.02    220     10  569.4  569.5  569.4 77 
   44.6  21166  -36.9  -78.9      0   0.02    188     13  574.5  574.6  574.5 77 
   44.0  21261  -36.8  -78.8      0   0.02    180     14  576.9  577.1  577.0 77 
   42.0  21585  -36.5  -78.6      0   0.02    175     14  585.5  585.6  585.5 77 
   41.0  21753  -36.3  -78.5      0   0.02    200     14  589.9  590.1  590.0 77 
   39.0  22101  -36.0  -78.3      0   0.02    160     22  599.3  599.5  599.3 77 
   38.0  22282  -35.8  -78.2      0   0.02    150     18  604.3  604.5  604.3 77 
   37.0  22468  -35.6  -78.0      0   0.02    175     13  609.4  609.6  609.4 77 
   36.0  22659  -35.4  -77.9      0   0.03    140     11  614.6  614.9  614.7 77 
   35.0  22856  -35.2  -77.8      0   0.03    190     12  620.1  620.4  620.1 77 
   34.0  23058  -35.0  -77.7      0   0.03    190     15  625.8  626.1  625.8 77 
   33.0  23266  -34.8  -77.5      0   0.03    170     10  631.8  632.0  631.8 77 
   31.0  23701  -34.3  -77.2      0   0.03    190     19  644.3  644.6  644.3 77 
   30.0  23930  -34.1  -77.1      0   0.04    160     18  651.0  651.4  651.0 77 
   28.0  24418  -33.6  -76.9      0   0.04    165     14  665.5  665.9  665.5 77 
   27.0  24676  -33.3  -76.8      0   0.04    190      8  673.2  673.7  673.3 77 
   26.0  24943  -33.0  -76.7      0   0.04    200     10  681.4  681.8  681.4 77 
   25.0  25221  -32.7  -76.6      0   0.05    175     15  690.0  690.4  690.0 77 
   24.0  25509  -32.3  -76.4      0   0.05    195     12  699.0  699.5  699.0 77 
   23.0  25811  -32.0  -76.3      0   0.05    190     14  708.5  709.1  708.5 77 
   22.0  26125  -31.6  -76.2      0   0.06    155     14  718.6  719.2  718.7 77 
   21.0  26455  -31.3  -76.0      0   0.06    210     10  729.4  730.0  729.4 77 
   20.0  26800  -30.9  -75.9      0   0.06    200     12  740.8  741.5  740.8 77 
   19.0  27165  -30.2  -75.2      0   0.07    195     18  753.7  754.6  753.8 77 
   18.0  27550  -29.6  -74.5      0   0.09    115     10  767.6  768.6  767.7 77 
   17.1  27915  -28.9  -73.9      0   0.10    151      2  781.1  782.2  781.1 77 
   17.0                                       155      1                      77 
</PRE><H3>Station information and sounding indices</H3><PRE> 60 
                             Station number: 89009 50 
                           Observation time: 240113/0000 56 
                           Station latitude: -90.00 51 
                          Station longitude: 0.00 49 
                          Station elevation: 2835.0 51 
                               Lifted index: 10.85 50 
    LIFT computed using virtual temperature: 10.87 50 
      Convective Available Potential Energy: 0.00 49 
             CAPE using virtual temperature: 0.00 49 
                      Convective Inhibition: 0.00 49 
             CINS using virtual temperature: 0.00 49 
                     Bulk Richardson Number: 0.00 49 
          Bulk Richardson Number using CAPV: 0.00 49 
  Temp [K] of the Lifted Condensation Level: 241.51 51 
Pres [hPa] of the Lifted Condensation Level: 636.61 51 
   Equivalent potential temp [K] of the LCL: 276.12 51 
     Mean mixed layer potential temperature: 274.80 51 
              Mean mixed layer mixing ratio: 0.43 49 
              1000 hPa to 500 hPa thickness: 5192.00 52 
Precipitable water [mm] for entire sounding: 0.76 49 
</PRE> 6 
<H2>89009  Amundsen-Scott Observations at 12Z 13 Jan 2024</H2> 62 
<PRE> 5 
----------------------------------------------------------------------------- 77 
   PRES   HGHT   TEMP   DWPT   RELH   MIXR   DRCT   SKNT   THTA   THTE   THTV 77 
    hPa     m      C      C      %    g/kg    deg   knot     K      K      K  77 
----------------------------------------------------------------------------- 77 
 1000.0   -100                                                                77 
  925.0    544                                                                77 
  850.0   1225                                                                77 
  700.0   2698                                                                77 
  686.0   2835  -29.3  -32.6     73   0.36    340      5  271.6  272.7  271.6 77 
  682.0   2877  -29.5  -29.8     97   0.48    339      5  271.8  273.3  271.9 77 
  649.0   3230  -32.7  -32.8     99   0.38    335      5  272.1  273.2  272.1 77 
  646.0   3263  -29.7  -31.0     88   0.45    334      5  275.8  277.2  275.9 77 
  641.0   3318  -29.3  -33.6     66   0.35    334      5  276.9  278.0  276.9 77 
  631.0   3431  -29.3  -35.3     56   0.30    332      4  278.1  279.1  278.2 77 
  623.0   3523  -29.5  -30.8     88   0.47    331      4  278.9  280.4  279.0 77 
  619.0   3569  -29.7  -36.7     51   0.27    330      4  279.2  280.1  279.2 77 
  614.0   3627  -29.7  -39.7     37   0.20    329      4  279.9  280.5  279.9 77 
  610.0   3673  -29.5  -33.4     69   0.38    329      4  280.6  281.8  280.7 77 
  603.0   3756  -30.1  -40.1     37   0.19    328      4  280.8  281.5  280.9 77 
  586.0   3960  -30.5  -38.5     45   0.24    325      4  282.7  283.5  282.7 77 
  559.0   4296  -31.7  -41.7     37   0.18    321      4  285.1  285.7  285.1 77 
  541.0   4527  -32.7  -41.7     40   0.18    317      3  286.6  287.2  286.6 77 
  526.0   4726  -34.1  -37.4     72   0.29    315      3  287.2  288.2  287.3 77 
  500.0   5080  -36.5  -41.2     62   0.21    310      3  288.5  289.2  288.5 77 
  456.0   5714  -40.1  -49.1     38   0.10    267      5  291.7  292.0  291.7 77 
  450.0   5805  -40.7  -44.2     69   0.17    260      5  292.0  292.6  292.1 77 
  436.0   6020  -41.7  -45.1     69   0.16    246      6  293.4  294.0  293.4 77 
  400.0   6600  -45.5  -48.4     72   0.12    205      8  295.8  296.2  295.8 77 
  369.0   7129  -49.0  -51.1     78   0.09    185     11  298.1  298.4  298.1 77 
  351.0   7457  -51.1  -52.8     82   0.08    187     12  299.5  299.8  299.5 77 
  332.0   7815  -53.7  -56.5     71   0.06    189     14  300.7  300.9  300.7 77 
  319.0   8069  -54.6  -59.4     55   0.04    190     15  303.0  303.1  303.0 77 
  300.0   8460  -55.9  -63.9     36   0.02    185     13  306.4  306.5  306.4 77 
  294.0   8589  -56.3  -65.3     31   0.02    181     13  307.6  307.7  307.7 77 
  292.0   8633  -56.5  -65.5     31   0.02    180     13  308.0  308.1  308.0 77 
  283.0   8834  -55.9  -67.6     22   0.02    175     12  311.6  311.6  311.6 77 
  272.0   9088  -55.2  -70.2     14   0.01    195     13  316.1  316.2  316.1 77 
  266.0   9232  -54.8  -71.6     11   0.01    180     12  318.7  318.8  318.7 77 
  250.0   9630  -53.7  -75.7      5   0.01    185     11  326.1  326.1  326.1 77 
  248.0   9681  -53.5  -76.5      4   0.00    188     11  327.1  327.2  327.1 77 
  244.0   9786  -53.2  -77.0      4   0.00    195     10  329.1  329.1  329.1 77 
  238.0   9947  -52.8  -77.7      3   0.00    185     13  332.1  332.1  332.1 77 
  232.0  10112  -52.4  -78.5      3   0.00    200     10  335.1  335.1  335.1 77 
  226.0  10281  -52.0  -79.3      2   0.00    185     11  338.3  338.3  338.3 77 
  217.0  10543  -51.3  -80.5      2   0.00    195     12  343.3  343.3  343.3 77 
  200.0  11070  -49.9  -82.9      1   0.00    180     14  353.6  353.6  353.6 77 
  195.0  11236  -49.7  -83.0      1   0.00    165     12  356.4  356.4  356.4 77 
  189.0  11442  -49.5  -83.1      1   0.00    175     12  360.0  360.0  360.0 77 
  185.0  11582  -49.4  -83.2      1   0.00    165     10  362.4  362.4  362.4 77 
  170.0  12138  -48.8  -83.5      1   0.00    190     10  372.3  372.3  372.3 77 
  154.0  12787  -48.1  -83.8      1   0.00    165     12  384.1  384.1  384.1 77 
  150.0  12960  -47.9  -83.9      1   0.00    170     10  387.3  387.3  387.3 77 
  145.0  13185  -47.5  -83.8      1   0.00    190     11  391.8  391.8  391.8 77 
  135.0  13659  -46.6  -83.7      1   0.00    180     10  401.4  401.4  401.4 77 
  131.0  13859  -46.3  -83.6      1   0.00    205     10  405.5  405.5  405.5 77 
  121.0  14385  -45.4  -83.5      1   0.00    185     15  416.5  416.5  416.5 77 
  117.0  14608  -45.0  -83.4      1   0.00    205     13  421.2  421.3  421.2 77 
  100.0  15650  -43.1  -83.1      0   0.00    200     15  444.2  444.2  444.2 77 
   93.0  16143  -41.8  -82.5      0   0.00    200     22  456.0  456.1  456.0 77 
   87.0  16595  -40.6  -81.8      0   0.01    195     18  467.2  467.2  467.2 77 
   81.0  17080  -39.3  -81.2      0   0.01    215     12  479.5  479.5  479.5 77 
   80.0  17165  -39.1  -81.1      0   0.01    203     13  481.6  481.7  481.6 77 
   79.0  17251  -39.0  -81.0      0   0.01    190     15  483.5  483.5  483.5 77 
   75.0  17607  -38.8  -80.8      0   0.01    200     13  491.2  491.3  491.2 77 
   71.0  17983  -38.6  -80.6      0   0.01    180     13  499.5  499.5  499.5 77 
   70.0  18080  -38.5  -80.5      0   0.01    180     13  501.6  501.7  501.6 77 
   66.0  18486  -38.1  -80.3      0   0.01    175     10  511.1  511.1  511.1 77 
   65.0  18591  -38.0  -80.2      0   0.01    210     11  513.5  513.6  513.5 77 
   64.0  18698  -37.9  -80.1      0   0.01    210     17  516.0  516.1  516.1 77 
   62.0  18917  -37.6  -80.0      0   0.01    175     17  521.3  521.3  521.3 77 
   60.0  19143  -37.4  -79.9      0   0.01    205     11  526.7  526.8  526.7 77 
   58.0  19377  -37.2  -79.7      0   0.01    205     15  532.4  532.5  532.4 77 
   56.0  19619  -36.9  -79.6      0   0.01    175     17  538.3  538.4  538.3 77 
   52.0  20130  -36.4  -79.3      0   0.01    155     12  551.0  551.2  551.0 77 
   51.0  20263  -36.2  -79.2      0   0.01    185      7  554.4  554.5  554.4 77 
   50.0  20400  -36.1  -79.1      0   0.02    195     13  557.9  558.0  557.9 77 
   49.0  20541  -36.0  -79.0      0   0.02    175     17  561.4  561.5  561.4 77 
   47.0  20831  -35.8  -78.9      0   0.02    165     10  568.6  568.8  568.6 77 
   46.0  20981  -35.7  -78.8      0   0.02    185      4  572.4  572.5  572.4 77 
   45.0  21134  -35.6  -78.8      0   0.02    230     10  576.3  576.4  576.3 77 
   44.0  21291  -35.5  -78.7      0   0.02    225     17  580.2  580.4  580.3 77 
   42.0  21615  -35.2  -78.5      0   0.02    170     23  588.6  588.8  588.6 77 
   40.0  21955  -35.0  -78.4      0   0.02    150     12  597.5  597.7  597.5 77 
   39.0  22132  -34.8  -78.3      0   0.02    170      9  602.1  602.4  602.2 77 
   38.0  22313  -34.7  -78.2      0   0.02    195     12  607.0  607.2  607.0 77 
   37.0  22498  -34.6  -78.2      0   0.02    170     20  612.0  612.2  612.0 77 
   35.0  22886  -34.3  -78.0      0   0.03    135     10  622.5  622.7  622.5 77 
   34.0  23088  -34.1  -77.9      0   0.03    200     10  628.1  628.3  628.1 77 
   33.0  23296  -34.0  -77.8      0   0.03    225     11  633.8  634.1  633.9 77 
   32.0  23510  -33.8  -77.7      0   0.03    185     18  639.9  640.1  639.9 77 
   31.0  23731  -33.7  -77.6      0   0.03    155     15  646.1  646.4  646.1 77 
   30.0  23960  -33.5  -77.5      0   0.03    135      8  652.7  653.0  652.7 77 
   29.0  24199  -33.2  -77.2      0   0.04    110      2  659.9  660.3  659.9 77 
   28.0  24445  -32.8  -76.8      0   0.04    175     10  667.5  667.9  667.5 77 
   26.0  24967  -32.1  -76.1      0   0.05                683.9  684.4  683.9 77 
</PRE><H3>Station information and sounding indices</H3><PRE> 60 
                             Station number: 89009 50 
                           Observation time: 240113/1200 56 
                           Station latitude: -90.00 51 
                          Station longitude: 0.00 49 
                          Station elevation: 2835.0 51 
                               Lifted index: 12.18 50 
    LIFT computed using virtual temperature: 12.19 50 
      Convective Available Potential Energy: 0.00 49 
             CAPE using virtual temperature: 0.00 49 
                      Convective Inhibition: 0.00 49 
             CINS using virtual temperature: 0.00 49 
                           Equilibrum Level: 648.49 51 
 Equilibrum Level using virtual temperature: 648.50 51 
                   Level of Free Convection: 653.96 51 
             LFCT using virtual temperature: 653.96 51 
                     Bulk Richardson Number: 0.00 49 
          Bulk Richardson Number using CAPV: 0.00 49 
  Temp [K] of the Lifted Condensation Level: 241.50 51 
Pres [hPa] of the Lifted Condensation Level: 653.96 51 
   Equivalent potential temp [K] of the LCL: 273.95 51 
     Mean mixed layer potential temperature: 272.68 51 
              Mean mixed layer mixing ratio: 0.42 49 
              1000 hPa to 500 hPa thickness: 5180.00 52 
Precipitable water [mm] for entire sounding: 0.80 49 
</PRE> 6 
<H2>89009  Amundsen-Scott Observations at 00Z 14 Jan 2024</H2> 62 
<PRE> 5 
----------------------------------------------------------------------------- 77 
   PRES   HGHT   TEMP   DWPT   RELH   MIXR   DRCT   SKNT   THTA   THTE   THTV 77 
    hPa     m      C      C      %    g/kg    deg   knot     K      K      K  77 
----------------------------------------------------------------------------- 77 
 1000.0   -114                                                                77 
  925.0    532                                                                77 
  850.0   1215                                                                77 
  700.0   2689                                                                77 
  686.0   2835  -29.1  -32.6     72   0.36    325      6  271.8  272.9  271.9 77 
  685.0   2845  -27.9  -29.2     89   0.50    325      6  273.2  274.8  273.3 77 
  636.0   3372  -33.3  -33.5     98   0.36    314      6  273.0  274.1  273.0 77 
  633.0   3405  -29.7  -35.7     56   0.29    314      7  277.4  278.4  277.5 77 
  623.0   3519  -29.5  -33.2     70   0.38    311      7  278.9  280.1  279.0 77 
  620.0   3553  -29.5  -39.5     37   0.20    311      7  279.3  280.0  279.3 77 
  614.0   3623  -29.3  -40.3     34   0.19    309      7  280.3  280.9  280.4 77 
  612.0   3646  -29.1  -36.1     51   0.29    309      7  280.8  281.8  280.9 77 
  570.0   4152  -30.9  -39.9     41   0.21    299      7  284.5  285.2  284.5 77 
  560.0   4277  -31.5  -42.5     33   0.16    296      7  285.2  285.8  285.2 77 
  554.0   4353  -32.1  -38.1     55   0.26    295      7  285.4  286.2  285.4 77 
  519.0   4811  -34.7  -40.7     54   0.21    285      8  287.6  288.3  287.6 77 
  504.0   5015  -35.7  -46.7     31   0.11    281      8  288.8  289.2  288.8 77 
  500.0   5070  -35.9  -45.9     35   0.13    280      8  289.2  289.7  289.2 77 
  480.0   5352  -37.9  -41.4     70   0.21    270      8  290.1  290.9  290.2 77 
  425.0   6182  -42.1  -49.1     46   0.10    240      9  295.0  295.4  295.1 77 
  422.0   6230  -42.1  -47.0     59   0.13    238     10  295.6  296.1  295.7 77 
  403.0   6540  -44.5  -47.2     74   0.14    227     10  296.4  296.9  296.5 77 
  400.0   6590  -44.7  -47.8     71   0.13    225     10  296.8  297.3  296.8 77 
  391.0   6742  -45.6  -50.3     59   0.10    215     12  297.6  297.9  297.6 77 
  390.0   6759  -45.7  -50.6     58   0.09    216     12  297.7  298.0  297.7 77 
  376.0   6998  -47.4  -51.5     62   0.09    225     13  298.5  298.9  298.5 77 
  333.0   7793  -53.1  -54.7     83   0.07    208     14  301.3  301.5  301.3 77 
  330.0   7851  -53.5  -55.7     77   0.06    207     14  301.5  301.8  301.5 77 
  327.0   7910  -53.9  -58.6     56   0.04    206     14  301.8  301.9  301.8 77 
  303.0   8397  -55.7  -62.7     41   0.03    195     15  305.9  306.0  305.9 77 
  300.0   8460  -55.7  -63.7     36   0.02    195     15  306.7  306.8  306.7 77 
  273.0   9064  -54.9  -72.9      9   0.01    200     12  316.3  316.3  316.3 77 
  257.0   9452  -53.8  -74.5      6   0.01    190     13  323.4  323.4  323.4 77 
  251.0   9604  -53.4  -75.2      5   0.01    165     14  326.2  326.2  326.2 77 
  250.0   9630  -53.3  -75.3      5   0.01    165     14  326.7  326.7  326.7 77 
  245.0   9761  -52.8  -76.4      4   0.00    175     13  329.4  329.4  329.4 77 
  239.0   9921  -52.1  -77.8      3   0.00    160     12  332.8  332.8  332.8 77 
  224.0  10340  -50.3  -81.3      1   0.00    185     12  341.7  341.7  341.7 77 
  200.0  11080  -49.5  -82.5      1   0.00    160     14  354.2  354.2  354.2 77 
  199.0  11113  -49.5  -82.5      1   0.00    160     14  354.8  354.8  354.8 77 
  182.0  11696  -49.2  -83.2      1   0.00    180     14  364.4  364.4  364.4 77 
  173.0  12028  -49.0  -83.5      1   0.00    160     11  370.0  370.1  370.0 77 
  169.0  12181  -48.9  -83.7      1   0.00    175     12  372.7  372.7  372.7 77 
  150.0  12960  -48.5  -84.5      1   0.00    185     13  386.3  386.3  386.3 77 
  146.0  13138  -48.6  -84.6      1   0.00    185     15  389.1  389.1  389.1 77 
  141.0  13368  -48.7  -84.7      1   0.00    177     14  392.8  392.8  392.8 77 
  130.0  13910  -47.4  -84.4      1   0.00    160     13  404.3  404.4  404.3 77 
  125.0  14171  -46.8  -84.2      1   0.00    195     12  410.0  410.0  410.0 77 
  111.0  14964  -44.9  -83.7      1   0.00    170     16  427.7  427.7  427.7 77 
  109.0  15085  -44.6  -83.7      1   0.00    190     14  430.4  430.4  430.4 77 
  106.0  15271  -44.2  -83.5      1   0.00    180     16  434.7  434.7  434.7 77 
  102.0  15528  -43.6  -83.4      0   0.00    195     18  440.7  440.7  440.7 77 
  100.0  15660  -43.3  -83.3      0   0.00    180     19  443.8  443.8  443.8 77 
   92.0  16226  -42.0  -82.5      0   0.00    180     16  457.1  457.1  457.1 77 
   89.0  16451  -41.5  -82.1      0   0.01    200     17  462.4  462.5  462.4 77 
   84.0  16843  -40.6  -81.5      0   0.01    185     17  472.0  472.0  472.0 77 
   81.0  17090  -40.0  -81.2      0   0.01    205     16  478.1  478.1  478.1 77 
   72.0  17889  -38.1  -80.0      0   0.01    180     13  498.4  498.4  498.4 77 
   70.0  18080  -37.7  -79.7      0   0.01    190     16  503.4  503.4  503.4 77 
   69.1  18169  -37.1  -79.1      0   0.01    197     14  506.5  506.6  506.5 77 
   67.0  18382  -36.9  -79.0      0   0.01    215     10  511.4  511.5  511.4 77 
   58.0  19376  -35.9  -78.5      0   0.01    205     18  535.2  535.3  535.2 77 
   55.0  19743  -35.5  -78.2      0   0.02    220     16  544.2  544.3  544.2 77 
   52.0  20130  -35.2  -78.0      0   0.02    190     24  553.9  554.0  553.9 77 
   50.0  20400  -34.9  -77.9      0   0.02    185     16  560.7  560.9  560.7 77 
   49.0  20541  -34.8  -77.8      0   0.02    170     14  564.2  564.4  564.2 77 
   46.5  20907  -34.5  -77.5      0   0.02    185     15  573.4  573.6  573.5 77 
   45.0  21135  -35.1  -77.9      0   0.02    195     15  577.4  577.6  577.4 77 
   42.0  21615  -36.4  -78.6      0   0.02    180     17  585.8  586.0  585.8 77 
   40.3  21902  -37.1  -79.1      0   0.02    146     14  590.9  591.0  590.9 77 
   40.0  21954  -37.0  -79.0      0   0.02    140     13  592.4  592.6  592.4 77 
   39.0  22130  -36.7  -78.9      0   0.02    200      3  597.5  597.7  597.6 77 
   38.0  22312  -36.3  -78.7      0   0.02    245     10  602.9  603.1  602.9 77 
   37.0  22498  -35.9  -78.5      0   0.02    210     18  608.4  608.6  608.4 77 
   36.0  22689  -35.6  -78.3      0   0.02    180     20  614.2  614.4  614.2 77 
   34.0  23087  -34.8  -78.0      0   0.03    175     11  626.3  626.6  626.3 77 
   33.0  23295  -34.4  -77.8      0   0.03    215     10  632.8  633.0  632.8 77 
   31.0  23731  -33.5  -77.3      0   0.03    165     14  646.5  646.8  646.5 77 
   30.0  23960  -33.1  -77.1      0   0.04    150     15  653.8  654.1  653.8 77 
   29.1  24175  -31.7  -75.7      0   0.05    163     11  663.3  663.8  663.3 77 
   29.0  24199  -31.7  -75.7      0   0.05    165     10  664.0  664.4  664.0 77 
   28.0  24447  -31.6  -75.7      0   0.05    140     11  671.0  671.5  671.0 77 
   27.0  24705  -31.4  -75.7      0   0.05    170      6  678.4  678.9  678.4 77 
   26.0  24972  -31.3  -75.6      0   0.05    205     10  686.1  686.6  686.1 77 
   25.0  25250  -31.2  -75.6      0   0.05    205     11  694.2  694.8  694.2 77 
   24.0  25539  -31.0  -75.6      0   0.06    185     15  702.8  703.3  702.8 77 
   23.0  25840  -30.9  -75.6      0   0.06    190     15  711.8  712.4  711.8 77 
   22.0  26155  -30.7  -75.5      0   0.06    160     11  721.3  722.0  721.4 77 
   21.0  26484  -30.6  -75.5      0   0.06    170     10  731.5  732.2  731.5 77 
   20.5  26655  -30.5  -75.5      0   0.07    182     13  736.8  737.5  736.8 77 
   20.0  26830  -30.7  -75.7      0   0.07    195     16  741.4  742.1  741.4 77 
   18.0  27578  -30.7  -75.7      0   0.07    145     11  764.0  764.9  764.1 77 
   17.0  27983  -30.7  -75.7      0   0.08    180     11  776.6  777.5  776.7 77 
   16.1  28369  -30.7  -75.7      0   0.08    162     11  788.8  789.7  788.8 77 
   16.0                                       160     11                      77 
</PRE><H3>Station information and sounding indices</H3><PRE> 60 
                             Station number: 89009 50 
                           Observation time: 240114/0000 56 
                           Station latitude: -90.00 51 
                          Station longitude: 0.00 49 
                          Station elevation: 2835.0 51 
                               Lifted index: 12.41 50 
    LIFT computed using virtual temperature: 12.42 50 
      Convective Available Potential Energy: 0.02 49 
             CAPE using virtual temperature: 0.02 49 
                      Convective Inhibition: 0.00 49 
             CINS using virtual temperature: 0.00 49 
                           Equilibrum Level: 635.81 51 
 Equilibrum Level using virtual temperature: 635.82 51 
                   Level of Free Convection: 652.89 51 
             LFCT using virtual temperature: 652.80 51 
                     Bulk Richardson Number: 0.00 49 
          Bulk Richardson Number using CAPV: 0.00 49 
  Temp [K] of the Lifted Condensation Level: 241.81 51 
Pres [hPa] of the Lifted Condensation Level: 653.45 51 
   Equivalent potential temp [K] of the LCL: 274.41 51 
     Mean mixed layer potential temperature: 273.10 51 
              Mean mixed layer mixing ratio: 0.43 49 
              1000 hPa to 500 hPa thickness: 5184.00 52 
Precipitable water [mm] for entire sounding: 0.80 49 
</PRE> 6 
<H2>89009  Amundsen-Scott Observations at 12Z 14 Jan 2024</H2> 62 
<PRE> 5 
----------------------------------------------------------------------------- 77 
   PRES   HGHT   TEMP   DWPT   RELH   MIXR   DRCT   SKNT   THTA   THTE   THTV 77 
    hPa     m      C      C      %    g/kg    deg   knot     K      K      K  77 
----------------------------------------------------------------------------- 77 
 1000.0   -134                                                                77 
  925.0    515                                                                77 
  850.0   1198                                                                77 
  700.0   2673                                                                77 
  684.0   2835  -29.9  -33.4     71   0.34    330      4  271.1  272.2  271.2 77 
  679.0   2887  -29.1  -31.6     79   0.40    333      5  272.6  273.9  272.7 77 
  654.0   3154  -31.4  -32.4     91   0.39    350     10  273.0  274.2  273.0 77 
  644.0   3263  -32.3  -32.7     96   0.38    347     10  273.1  274.3  273.2 77 
  641.0   3296  -32.3  -33.2     92   0.37    346     10  273.5  274.6  273.5 77 
  629.0   3430  -30.3  -34.6     66   0.32    341      9  277.2  278.3  277.3 77 
  626.0   3464  -29.5  -38.5     41   0.22    340      9  278.5  279.3  278.6 77 
  624.0   3486  -29.3  -34.3     62   0.34    340      9  279.0  280.1  279.1 77 
  621.0   3521  -29.3  -38.3     41   0.23    338      9  279.4  280.2  279.4 77 
  579.0   4019  -30.7  -38.7     45   0.23    323      8  283.4  284.2  283.5 77 
  569.0   4143  -31.3  -37.3     55   0.27    319      7  284.1  285.1  284.2 77 
  566.0   4180  -31.5  -33.5     82   0.40    318      7  284.3  285.6  284.4 77 
  539.0   4525  -32.9  -39.9     50   0.22    307      6  286.6  287.4  286.7 77 
  500.0   5050  -35.5  -38.4     75   0.28    290      5  289.7  290.7  289.8 77 
  492.0   5162  -36.3  -38.8     78   0.27    284      5  290.1  291.0  290.1 77 
  453.0   5734  -38.9  -41.7     75   0.22    252      7  293.7  294.5  293.8 77 
  444.0   5872  -39.7  -44.7     59   0.16    245      7  294.4  295.0  294.4 77 
  414.0   6348  -43.1  -44.6     85   0.18    218      8  296.0  296.6  296.0 77 
  400.0   6580  -44.9  -47.4     76   0.13    205      9  296.6  297.1  296.6 77 
  374.0   7027  -48.1  -50.7     74   0.10    201     10  298.1  298.4  298.1 77 
  369.0   7115  -48.1  -57.1     35   0.05    200     10  299.2  299.4  299.2 77 
  368.0   7133  -48.2  -57.5     33   0.04    200     10  299.3  299.5  299.3 77 
  363.0   7223  -48.7  -59.7     27   0.03    190     10  299.8  299.9  299.8 77 
  358.0   7313  -49.2  -60.1     27   0.03    180     10  300.4  300.5  300.4 77 
  311.0   8229  -53.9  -63.9     28   0.02    165     16  306.1  306.2  306.1 77 
  300.0   8460  -54.1  -69.1     14   0.01    170     18  309.0  309.0  309.0 77 
  262.0   9329  -52.9  -74.6      6   0.01    155     20  322.9  322.9  322.9 77 
  250.0   9630  -52.5  -76.5      4   0.00    155     20  327.9  327.9  327.9 77 
  247.0   9708  -52.1  -77.1      3   0.00    156     20  329.6  329.6  329.6 77 
  227.0  10257  -51.3  -79.1      2   0.00    165     21  338.9  338.9  338.9 77 
  207.0  10856  -50.4  -81.3      1   0.00    150     17  349.3  349.3  349.3 77 
  200.0  11080  -50.1  -82.1      1   0.00    150     18  353.3  353.3  353.3 77 
  167.0  12258  -49.4  -83.9      1   0.00    155     17  373.2  373.2  373.2 77 
  161.0  12498  -49.2  -84.2      1   0.00    145     17  377.4  377.4  377.4 77 
  157.0  12662  -49.1  -84.5      1   0.00    160     19  380.3  380.3  380.3 77 
  152.0  12873  -49.0  -84.8      1   0.00    145     18  384.1  384.1  384.1 77 
  150.0  12960  -48.9  -84.9      1   0.00    150     17  385.6  385.6  385.6 77 
  132.0  13808  -47.4  -84.8      1   0.00    160     18  402.6  402.6  402.6 77 
  128.0  14012  -47.0  -84.7      1   0.00    150     18  406.8  406.8  406.8 77 
  115.0  14722  -45.8  -84.6      0   0.00    165     18  421.8  421.8  421.8 77 
  103.0  15452  -44.5  -84.5      0   0.00    165     22  437.7  437.8  437.7 77 
  100.0  15650  -44.9  -83.9      1   0.00    165     23  440.7  440.7  440.7 77 
   79.0  17243  -41.5  -81.8      0   0.01    145     16  478.5  478.5  478.5 77 
   77.0  17416  -41.1  -81.6      0   0.01    180     13  482.8  482.8  482.8 77 
   73.0  17776  -40.3  -81.1      0   0.01    160     14  491.8  491.9  491.8 77 
   70.0  18060  -39.7  -80.7      0   0.01    175     14  499.1  499.1  499.1 77 
   68.0  18260  -38.8  -80.2      0   0.01    175     17  505.2  505.2  505.2 77 
   63.0  18787  -36.4  -78.7      0   0.01    160     15  521.5  521.6  521.5 77 
   60.0  19124  -34.9  -77.8      0   0.02    170     11  532.2  532.4  532.3 77 
   59.6  19170  -34.7  -77.7      0   0.02    177     11  533.7  533.9  533.7 77 
   58.0  19360  -35.4  -78.4      0   0.01    205     12  536.4  536.5  536.4 77 
   55.5  19666  -36.5  -79.5      0   0.01    199     14  540.6  540.7  540.6 77 
   54.0  19856  -36.2  -79.2      0   0.01    195     15  545.5  545.6  545.5 77 
   51.0  20253  -35.7  -78.7      0   0.02    210     18  555.7  555.9  555.7 77 
   50.0  20390  -35.5  -78.5      0   0.02    200     16  559.3  559.5  559.3 77 
   48.0  20673  -35.6  -78.6      0   0.02    175     18  565.7  565.9  565.7 77 
   46.0  20969  -35.6  -78.6      0   0.02    180     20  572.5  572.6  572.5 77 
   42.0  21600  -35.8  -78.8      0   0.02    135     16  587.2  587.3  587.2 77 
   41.0  21767  -35.8  -78.8      0   0.02    130     10  591.1  591.3  591.1 77 
   39.3  22061  -35.9  -78.9      0   0.02    181     10  598.1  598.3  598.2 77 
   39.0  22115  -35.8  -78.8      0   0.02    190     10  599.8  600.0  599.8 77 
   34.0  23074  -33.6  -77.2      0   0.03    150     13  629.3  629.6  629.4 77 
   31.0  23721  -32.2  -76.1      0   0.04    165     10  650.0  650.4  650.1 77 
   30.0  23950  -31.7  -75.7      0   0.04    170     11  657.6  658.0  657.6 77 
   29.0  24190  -31.4  -75.8      0   0.04    155     10  664.7  665.2  664.7 77 
   28.0  24438  -31.1  -75.8      0   0.05    120     10  672.2  672.7  672.2 77 
   27.2  24644  -30.9  -75.9      0   0.05    132      6  678.5  678.9  678.5 77 
   27.0                                       135      5                      77 
</PRE><H3>Station information and sounding indices</H3><PRE> 60 
                             Station number: 89009 50 
                           Observation time: 240114/1200 56 
                           Station latitude: -90.00 51 
                          Station longitude: 0.00 49 
                          Station elevation: 2835.0 51 
                               Lifted index: 13.09 50 
    LIFT computed using virtual temperature: 13.12 50 
      Convective Available Potential Energy: 0.00 49 
             CAPE using virtual temperature: 0.00 49 
                      Convective Inhibition: 0.00 49 
             CINS using virtual temperature: 0.00 49 
                     Bulk Richardson Number: 0.00 49 
          Bulk Richardson Number using CAPV: 0.00 49 
  Temp [K] of the Lifted Condensation Level: 240.54 51 
Pres [hPa] of the Lifted Condensation Level: 643.33 51 
   Equivalent potential temp [K] of the LCL: 274.06 51 
     Mean mixed layer potential temperature: 272.87 51 
              Mean mixed layer mixing ratio: 0.39 49 
              1000 hPa to 500 hPa thickness: 5184.00 52 
Precipitable water [mm] for entire sounding: 0.84 49 
</PRE> 6 
<H2>89009  Amundsen-Scott Observations at 12Z 15 Jan 2024</H2> 62 
<PRE> 5 
----------------------------------------------------------------------------- 77 
   PRES   HGHT   TEMP   DWPT   RELH   MIXR   DRCT   SKNT   THTA   THTE   THTV 77 
    hPa     m      C      C      %    g/kg    deg   knot     K      K      K  77 
----------------------------------------------------------------------------- 77 
 1000.0   -129                                                                77 
  925.0    520                                                                77 
  850.0   1204                                                                77 
  700.0   2688                                                                77 
  686.0   2835  -31.9  -35.6     70   0.27    110      8  268.7  269.5  268.7 77 
  685.0   2845  -30.1  -33.4     73   0.34    102      8  270.8  271.9  270.9 77 
  684.0   2856  -31.1  -34.1     75   0.31     94      9  269.8  270.8  269.9 77 
  681.0   2887  -30.1  -33.4     73   0.34     70     10  271.3  272.3  271.3 77 
  674.0   2961  -27.7  -31.7     69   0.40     63     11  274.7  276.0  274.8 77 
  667.0   3036  -27.4  -31.6     67   0.41     55     13  275.9  277.2  276.0 77 
  666.0   3047  -27.3  -31.6     67   0.41     57     13  276.1  277.4  276.2 77 
  655.0   3166  -27.6  -34.1     54   0.33     75     12  277.1  278.1  277.1 77 
  647.0   3255  -27.9  -35.9     46   0.28     75     13  277.7  278.6  277.8 77 
  624.0   3513  -28.5  -37.2     43   0.25     75     14  279.9  280.8  280.0 77 
  603.0   3758  -29.1  -38.4     40   0.23     45     14  282.0  282.8  282.1 77 
  581.0   4024  -29.7  -39.7     37   0.21     60     10  284.3  285.0  284.3 77 
  568.0   4183  -30.6  -41.0     35   0.19     50     12  285.1  285.7  285.1 77 
  518.0   4833  -34.3  -46.3     29   0.12     50     11  288.2  288.6  288.2 77 
  516.0   4861  -34.5  -46.5     29   0.11     52     11  288.3  288.7  288.3 77 
  500.0   5080  -35.9  -45.9     35   0.13     65     10  289.2  289.7  289.2 77 
  482.0   5334  -37.1  -45.2     43   0.14     80     10  290.8  291.3  290.8 77 
  464.0   5597  -38.3  -44.4     53   0.16     75     12  292.4  293.0  292.5 77 
  450.0   5809  -39.3  -43.8     62   0.18     85     13  293.8  294.4  293.8 77 
  436.0   6025  -40.5  -56.5     16   0.04     95     15  294.9  295.1  294.9 77 
  415.0   6360  -42.2  -55.6     22   0.05    110     17  296.9  297.1  297.0 77 
  404.0   6543  -43.1  -55.1     25   0.05    110     18  298.1  298.3  298.1 77 
  400.0   6610  -43.5  -56.5     22   0.05    110     19  298.4  298.6  298.4 77 
  386.0   6848  -45.5  -50.5     57   0.10    112     21  298.8  299.2  298.8 77 
  341.0   7660  -51.3  -59.3     38   0.04    119     26  301.7  301.8  301.7 77 
  334.0   7794  -52.3  -57.3     55   0.05    120     27  302.1  302.3  302.1 77 
  309.0   8292  -54.9  -62.9     36   0.03    125     30  305.3  305.4  305.3 77 
  300.0   8480  -55.1  -65.1     28   0.02    125     32  307.6  307.7  307.6 77 
  298.0   8523  -55.0  -65.5     26   0.02    125     32  308.2  308.3  308.2 77 
  260.0   9398  -54.1  -74.2      7   0.01    115     27  321.9  321.9  321.9 77 
  253.0   9573  -53.9  -75.9      5   0.01    122     25  324.7  324.7  324.7 77 
  250.0   9650  -53.5  -76.5      4   0.00    125     24  326.4  326.4  326.4 77 
  234.0  10080  -52.7  -78.6      3   0.00    140     26  333.9  333.9  333.9 77 
  210.0  10783  -51.3  -82.1      1   0.00    130     23  346.5  346.5  346.5 77 
  200.0  11100  -50.7  -83.7      1   0.00    135     25  352.3  352.3  352.3 77 
  171.0  12121  -48.9  -84.9      1   0.00    132     26  371.4  371.4  371.4 77 
  150.0  12980  -48.3  -85.3      1   0.00    130     26  386.6  386.6  386.6 77 
  100.0  15670  -44.9  -84.9      0   0.00    150     32  440.7  440.7  440.7 77 
   88.0  16534  -43.5  -83.8      0   0.00    135     27  459.9  460.0  459.9 77 
   79.0  17263  -42.3  -82.9      0   0.01    160     27  476.8  476.9  476.8 77 
   75.0  17614  -41.7  -82.5      0   0.01    140     33  485.2  485.2  485.2 77 
   73.0  17796  -41.4  -82.2      0   0.01    155     28  489.6  489.6  489.6 77 
   70.0  18080  -40.9  -81.9      0   0.01    150     27  496.5  496.6  496.5 77 
   66.0  18484  -40.2  -81.4      0   0.01    135     25  506.4  506.4  506.4 77 
   64.0  18695  -39.9  -81.2      0   0.01    140     21  511.6  511.7  511.6 77 
   62.0  18913  -39.5  -80.9      0   0.01    175     22  517.1  517.1  517.1 77 
   54.0  19862  -38.0  -79.7      0   0.01    140     23  541.5  541.6  541.5 77 
   50.0  20390  -37.1  -79.1      0   0.02    140     20  555.5  555.7  555.6 77 
   47.5  20745  -36.9  -78.9      0   0.02    152     20  564.2  564.4  564.2 77 
   45.0  21123  -35.0  -77.8      0   0.02    165     21  577.5  577.7  577.5 77 
   44.0  21280  -34.3  -77.4      0   0.02    155     24  583.1  583.3  583.1 77 
   42.0  21605  -32.7  -76.4      0   0.03    145     20  594.9  595.1  594.9 77 
   41.3  21723  -32.1  -76.1      0   0.03    117     16  599.2  599.4  599.2 77 
   41.0  21774  -32.4  -76.3      0   0.03    105     14  599.8  600.1  599.8 77 
   40.0  21947  -33.2  -76.8      0   0.03    100     10  601.9  602.2  601.9 77 
   39.0  22124  -34.0  -77.4      0   0.03    160      4  604.1  604.4  604.1 77 
   38.0  22307  -34.9  -78.0      0   0.02    200     10  606.4  606.6  606.4 77 
   37.6  22381  -35.3  -78.3      0   0.02    190     12  607.3  607.5  607.3 77 
   37.0  22493  -35.2  -78.2      0   0.02    175     15  610.4  610.6  610.4 77 
   35.0  22882  -34.7  -78.0      0   0.03    175     22  621.3  621.6  621.3 77 
   34.0  23085  -34.5  -77.9      0   0.03    160     26  627.1  627.4  627.1 77 
   32.0  23509  -34.0  -77.7      0   0.03    120     17  639.4  639.6  639.4 77 
   31.0  23731  -33.8  -77.6      0   0.03    115     10  645.9  646.2  645.9 77 
   30.0  23960  -33.5  -77.5      0   0.03    145      6  652.7  653.0  652.7 77 
   29.0  24199  -33.3  -77.3      0   0.04    140     16  659.6  660.0  659.7 77 
   27.0  24703  -32.8  -77.0      0   0.04    130     11  674.6  675.0  674.7 77 
   26.0  24969  -32.5  -76.9      0   0.04    105     10  682.7  683.1  682.7 77 
   25.0  25246  -32.2  -76.7      0   0.05    100     12  691.2  691.6  691.2 77 
   24.0  25534  -32.0  -76.5      0   0.05     80     10  700.1  700.6  700.1 77 
   20.0  26820  -30.7  -75.7      0   0.07    170     12  741.4  742.1  741.4 77 
   19.5  27000  -30.7  -75.7      0   0.07    165     12  746.8  747.5  746.8 77 
   19.0  27184  -30.7  -75.7      0   0.07    160     11  752.3  753.1  752.4 77 
   18.0  27568  -30.7  -75.7      0   0.07    135     11  764.0  764.9  764.1 77 
   17.0  27973  -30.7  -75.7      0   0.08     95     10  776.6  777.5  776.7 77 
   16.3  28272  -30.7  -75.7      0   0.08    140      8  786.0  786.9  786.0 77 
   16.0                                       160      7                      77 
</PRE><H3>Station information and sounding indices</H3><PRE> 60 
                             Station number: 89009 50 
                           Observation time: 240115/1200 56 
                           Station latitude: -90.00 51 
                          Station longitude: 0.00 49 
                          Station elevation: 2835.0 51 
                               Lifted index: 10.67 50 
    LIFT computed using virtual temperature: 10.67 50 
      Convective Available Potential Energy: 0.00 49 
             CAPE using virtual temperature: 0.00 49 
                      Convective Inhibition: 0.00 49 
             CINS using virtual temperature: 0.00 49 
                     Bulk Richardson Number: 0.00 49 
          Bulk Richardson Number using CAPV: 0.00 49 
  Temp [K] of the Lifted Condensation Level: 238.63 51 
Pres [hPa] of the Lifted Condensation Level: 604.69 51 
   Equivalent potential temp [K] of the LCL: 276.60 51 
     Mean mixed layer potential temperature: 275.54 51 
              Mean mixed layer mixing ratio: 0.34 49 
              1000 hPa to 500 hPa thickness: 5209.00 52 
Precipitable water [mm] for entire sounding: 0.62 49 
</PRE> 6 
<H2>89009  Amundsen-Scott Observations at 00Z 16 Jan 2024</H2> 62 
<PRE> 5 
----------------------------------------------------------------------------- 77 
   PRES   HGHT   TEMP   DWPT   RELH   MIXR   DRCT   SKNT   THTA   THTE   THTV 77 
    hPa     m      C      C      %    g/kg    deg   knot     K      K      K  77 
----------------------------------------------------------------------------- 77 
 1000.0   -117                                                                77 
  925.0    530                                                                77 
  850.0   1214                                                                77 
  700.0   2701                                                                77 
  687.0   2835  -31.7  -35.5     69   0.27     90     10  268.8  269.6  268.8 77 
  685.0   2856  -30.6  -34.7     67   0.30     65     10  270.2  271.1  270.2 77 
  678.0   2929  -26.9  -31.9     63   0.39     60     11  275.2  276.4  275.2 77 
  669.0   3026  -25.5  -33.5     47   0.34     52     13  277.8  278.9  277.9 77 
  666.0   3058  -25.5  -33.5     47   0.34     50     14  278.1  279.2  278.2 77 
  662.0   3102  -25.5  -33.5     47   0.34     51     14  278.6  279.7  278.7 77 
  612.0   3667  -28.0  -38.2     37   0.23     65     16  282.1  282.9  282.1 77 
  576.0   4102  -29.9  -41.9     30   0.17     53     14  284.8  285.4  284.8 77 
  552.0   4403  -31.3  -44.6     26   0.13     45     13  286.6  287.1  286.6 77 
  523.0   4785  -33.1  -48.1     21   0.09     50     12  288.9  289.2  288.9 77 
  500.0   5100  -35.3  -50.3     20   0.08     55     12  289.9  290.2  290.0 77 
  451.0   5804  -39.7  -53.7     21   0.06     75     13  293.1  293.3  293.1 77 
  432.0   6098  -41.6  -55.1     22   0.05     65     13  294.4  294.5  294.4 77 
  417.0   6340  -43.1  -56.2     22   0.05     85     15  295.4  295.6  295.4 77 
  411.0   6439  -43.7  -56.7     22   0.04     85     16  295.8  296.0  295.8 77 
  400.0   6620  -44.9  -53.9     36   0.06     85     17  296.6  296.8  296.6 77 
  385.0   6874  -46.5  -53.5     45   0.07     89     19  297.7  298.0  297.7 77 
  370.0   7137  -48.5  -60.5     24   0.03     93     21  298.4  298.6  298.5 77 
  351.0   7482  -50.5  -57.5     43   0.05     99     23  300.3  300.5  300.3 77 
  345.0   7594  -51.1  -63.1     23   0.02    101     24  301.0  301.1  301.0 77 
  331.0   7861  -53.1  -62.2     32   0.03    105     26  301.7  301.8  301.7 77 
  326.0   7959  -53.9  -61.9     37   0.03    106     26  302.0  302.1  302.0 77 
  306.0   8364  -55.5  -65.5     28   0.02    110     27  305.3  305.4  305.3 77 
  300.0   8490  -55.5  -65.5     28   0.02    110     27  307.0  307.1  307.0 77 
  269.0   9189  -53.8  -73.0      8   0.01    105     29  319.2  319.2  319.2 77 
  257.0   9482  -53.1  -76.1      4   0.00    111     27  324.4  324.4  324.4 77 
  250.0   9660  -52.7  -76.7      4   0.00    115     26  327.6  327.6  327.6 77 
  200.0  11110  -49.9  -81.9      1   0.00    130     29  353.6  353.6  353.6 77 
  199.0  11143  -49.9  -81.9      1   0.00    130     29  354.1  354.1  354.1 77 
  162.0  12494  -48.9  -83.1      1   0.00    125     25  377.2  377.3  377.3 77 
  156.0  12742  -48.7  -83.3      1   0.00    140     25  381.7  381.7  381.7 77 
  150.0  13000  -48.5  -83.5      1   0.00    135     27  386.3  386.3  386.3 77 
  143.0  13316  -48.0  -83.4      1   0.00    140     31  392.5  392.5  392.5 77 
  113.0  14871  -45.6  -82.9      1   0.00    135     30  424.3  424.4  424.3 77 
  104.0  15419  -44.7  -82.7      1   0.00    145     31  436.1  436.2  436.1 77 
  100.0  15680  -44.9  -82.9      1   0.00    150     31  440.7  440.7  440.7 77 
   90.0  16392  -43.3  -82.2      1   0.01    140     27  457.3  457.4  457.3 77 
   86.0  16699  -42.6  -81.9      1   0.01    155     27  464.7  464.7  464.7 77 
   78.0  17359  -41.1  -81.2      1   0.01    145     28  480.9  480.9  480.9 77 
   73.0  17806  -40.1  -80.8      1   0.01    155     29  492.2  492.3  492.2 77 
   70.0  18090  -39.5  -80.5      1   0.01    145     31  499.5  499.6  499.5 77 
   66.0  18494  -38.8  -80.2      0   0.01    140     28  509.4  509.5  509.4 77 
   61.0  19035  -38.0  -79.8      0   0.01    155     30  523.0  523.1  523.0 77 
   59.0  19264  -37.6  -79.6      0   0.01    140     34  528.8  528.9  528.8 77 
   56.0  19622  -37.0  -79.3      0   0.01    135     24  538.1  538.2  538.1 77 
   51.0  20264  -35.9  -78.8      0   0.02    155     21  555.2  555.3  555.2 77 
   50.0  20400  -35.7  -78.7      0   0.02    155     22  558.9  559.0  558.9 77 
   49.7  20442  -35.5  -78.5      0   0.02    154     21  560.3  560.4  560.3 77 
   45.0  21136  -35.2  -78.2      0   0.02    140     12  577.2  577.4  577.2 77 
   44.0  21293  -35.1  -78.1      0   0.02    160      7  581.1  581.2  581.1 77 
   43.0  21454  -35.0  -78.0      0   0.02    180     10  585.1  585.3  585.1 77 
   41.0  21787  -34.9  -77.9      0   0.02    160     25  593.5  593.7  593.5 77 
   40.0  21959  -34.8  -77.8      0   0.02    150     20  597.9  598.1  597.9 77 
   37.0  22504  -34.6  -77.6      0   0.03    145     13  612.0  612.2  612.0 77 
   34.0  23095  -34.3  -77.3      0   0.03    170     19  627.6  627.9  627.6 77 
   31.0  23741  -34.0  -77.0      1   0.03    140     13  645.2  645.5  645.2 77 
   30.0  23970  -33.9  -76.9      1   0.04    160     17  651.6  651.9  651.6 77 
   29.0  24209  -33.6  -76.8      0   0.04    135     15  658.7  659.0  658.7 77 
   28.0  24457  -33.3  -76.7      0   0.04    175     11  666.1  666.5  666.1 77 
   27.0  24713  -33.0  -76.6      0   0.04    135     16  673.9  674.3  673.9 77 
   26.0  24979  -32.7  -76.5      0   0.04     85     10  682.1  682.5  682.1 77 
   25.0  25256  -32.4  -76.3      0   0.05      0      0  690.7  691.2  690.7 77 
   23.0  25844  -31.7  -76.1      0   0.05    215     10  709.4  709.9  709.4 77 
   22.0  26157  -31.4  -76.0      0   0.06    210     14  719.5  720.1  719.5 77 
   21.0  26485  -31.0  -75.8      0   0.06    155     10  730.3  730.9  730.3 77 
   20.3  26724  -30.7  -75.7      0   0.06    138      8  738.2  738.9  738.3 77 
   20.0  26830  -30.9  -75.9      0   0.06    130      7  740.8  741.5  740.8 77 
   19.7  26937  -30.7  -75.7      0   0.07                744.6  745.3  744.6 77 
</PRE><H3>Station information and sounding indices</H3><PRE> 60 
                             Station number: 89009 50 
                           Observation time: 240116/0000 56 
                           Station latitude: -90.00 51 
                          Station longitude: 0.00 49 
                          Station elevation: 2835.0 51 
                               Lifted index: 10.00 50 
    LIFT computed using virtual temperature: 9.99 49 
      Convective Available Potential Energy: 0.00 49 
             CAPE using virtual temperature: 0.00 49 
                      Convective Inhibition: 0.00 49 
             CINS using virtual temperature: 0.00 49 
                     Bulk Richardson Number: 0.00 49 
          Bulk Richardson Number using CAPV: 0.00 49 
  Temp [K] of the Lifted Condensation Level: 238.08 51 
Pres [hPa] of the Lifted Condensation Level: 587.59 51 
   Equivalent potential temp [K] of the LCL: 278.21 51 
     Mean mixed layer potential temperature: 277.17 51 
              Mean mixed layer mixing ratio: 0.33 49 
              1000 hPa to 500 hPa thickness: 5217.00 52 
Precipitable water [mm] for entire sounding: 0.52 49 
</PRE> 6 
<H2>89009  Amundsen-Scott Observations at 12Z 16 Jan 2024</H2> 62 
<PRE> 5 
----------------------------------------------------------------------------- 77 
   PRES   HGHT   TEMP   DWPT   RELH   MIXR   DRCT   SKNT   THTA   THTE   THTV 77 
    hPa     m      C      C      %    g/kg    deg   knot     K      K      K  77 
----------------------------------------------------------------------------- 77 
 1000.0   -102                                                                77 
  925.0    548                                                                77 
  850.0   1233                                                                77 
  700.0   2723                                                                77 
  689.0   2835  -30.9  -35.7     63   0.27    100      9  269.5  270.3  269.5 77 
  685.0   2877  -29.8  -34.4     64   0.30     70     10  271.1  272.1  271.2 77 
  684.0   2887  -29.5  -34.1     64   0.31     70     10  271.6  272.6  271.6 77 
  680.0   2929  -25.7  -34.7     43   0.30     71     10  276.3  277.2  276.3 77 
  661.0   3135  -24.5  -35.5     35   0.28     76     10  279.9  280.8  279.9 77 
  588.0   3977  -28.7  -42.1     26   0.16     95     12  284.5  285.1  284.6 77 
  546.0   4511  -31.3  -46.3     21   0.11     81     14  287.5  287.9  287.5 77 
  524.0   4801  -33.1  -50.1     17   0.07     73     15  288.7  289.0  288.7 77 
  517.0   4896  -33.7  -49.2     19   0.08     70     15  289.1  289.5  289.2 77 
  500.0   5130  -35.1  -47.1     28   0.11     70     13  290.2  290.6  290.2 77 
  440.0   6001  -40.7  -51.5     30   0.08     85     15  293.9  294.2  294.0 77 
  429.0   6173  -41.8  -52.4     31   0.07     95     16  294.7  294.9  294.7 77 
  401.0   6633  -44.7  -54.7     32   0.06    100     22  296.6  296.8  296.6 77 
  400.0   6650  -44.7  -54.7     32   0.06    100     22  296.8  297.0  296.8 77 
  396.0   6717  -44.9  -59.9     17   0.03    100     23  297.4  297.5  297.4 77 
  387.0   6871  -46.1  -51.1     57   0.09    101     24  297.8  298.1  297.8 77 
  371.0   7151  -47.9  -56.9     35   0.05    103     26  299.0  299.2  299.0 77 
  353.0   7478  -50.7  -56.7     49   0.05    104     29  299.5  299.7  299.5 77 
  349.0   7552  -50.7  -62.7     23   0.02    105     30  300.5  300.6  300.5 77 
  312.0   8278  -53.9  -64.9     25   0.02    109     36  305.8  305.9  305.8 77 
  300.0   8530  -54.5  -65.5     24   0.02    110     38  308.4  308.5  308.4 77 
  295.0   8637  -54.8  -66.0     24   0.02    110     38  309.5  309.6  309.5 77 
  282.0   8923  -55.5  -67.5     21   0.02    105     37  312.5  312.6  312.5 77 
  250.0   9690  -53.7  -77.7      4   0.00    115     33  326.1  326.1  326.1 77 
  235.0  10090  -51.7  -80.7      2   0.00    115     32  334.9  335.0  334.9 77 
  200.0  11140  -50.5  -83.5      1   0.00    115     30  352.6  352.6  352.6 77 
  154.0  12848  -48.9  -86.4      1   0.00    130     31  382.8  382.8  382.8 77 
  150.0  13020  -48.7  -86.7      0   0.00    125     30  385.9  385.9  385.9 77 
  109.0  15129  -45.8  -84.7      0   0.00    120     26  428.2  428.2  428.2 77 
  105.0  15376  -45.5  -84.5      0   0.00    131     26  433.4  433.5  433.4 77 
  100.0  15700  -45.7  -84.7      0   0.00    145     25  439.1  439.2  439.1 77 
   70.0  18100  -41.3  -82.3      0   0.01    140     32  495.6  495.7  495.7 77 
   68.0  18299  -40.8  -82.0      0   0.01    135     26  500.9  500.9  500.9 77 
   64.0  18715  -39.8  -81.3      0   0.01    160     22  511.9  512.0  511.9 77 
   62.0  18933  -39.2  -80.9      0   0.01    160     28  517.8  517.9  517.8 77 
   59.0  19274  -38.4  -80.4      0   0.01    135     34  527.1  527.2  527.1 77 
   58.0  19391  -38.1  -80.2      0   0.01    130     31  530.3  530.4  530.3 77 
   55.0  19756  -37.1  -79.6      0   0.01    130     20  540.5  540.6  540.5 77 
   53.0  20010  -36.5  -79.2      0   0.01    125     22  547.8  547.9  547.8 77 
   51.0  20274  -35.8  -78.7      0   0.02    145     18  555.4  555.5  555.4 77 
   50.0  20410  -35.5  -78.5      0   0.02    140     19  559.3  559.5  559.3 77 
   49.0  20550  -35.4  -78.4      0   0.02    135     19  562.9  563.0  562.9 77 
   48.0  20694  -35.2  -78.2      0   0.02    165     18  566.5  566.6  566.5 77 
   46.9  20855  -35.1  -78.1      0   0.02    157     19  570.6  570.8  570.6 77 
   44.0  21297  -36.4  -78.9      0   0.02    135     21  578.0  578.2  578.0 77 
   42.0  21618  -37.3  -79.5      0   0.02    155     16  583.5  583.6  583.5 77 
   40.7  21836  -37.9  -79.9      0   0.02    149     19  587.2  587.4  587.2 77 
   40.0  21956  -37.5  -79.7      0   0.02    145     21  591.1  591.3  591.2 77 
   38.0  22312  -36.3  -79.0      0   0.02    145     18  603.0  603.2  603.0 77 
   37.0  22498  -35.6  -78.7      0   0.02    115     13  609.2  609.4  609.2 77 
   36.0  22688  -35.0  -78.3      0   0.02    145      6  615.7  615.9  615.7 77 
   35.0  22883  -34.3  -78.0      0   0.03    180     13  622.4  622.6  622.4 77 
   34.0  23085  -33.6  -77.6      0   0.03    145     13  629.4  629.6  629.4 77 
   33.8  23125  -33.5  -77.5      0   0.03    143     12  630.8  631.1  630.8 77 
   33.0  23293  -33.6  -77.4      0   0.03    135     10  634.8  635.1  634.8 77 
   32.0  23508  -33.8  -77.3      0   0.03    150     13  640.0  640.3  640.0 77 
   31.0  23731  -33.9  -77.2      0   0.03    105     10  645.4  645.7  645.4 77 
   30.0  23960  -34.1  -77.1      0   0.04    185      5  651.0  651.4  651.0 77 
   29.0  24199  -33.9  -77.0      0   0.04    155     10  658.0  658.3  658.0 77 
   28.0  24447  -33.7  -76.8      0   0.04    125     10  665.2  665.6  665.2 77 
   27.0  24703  -33.4  -76.7      0   0.04    175     10  672.8  673.2  672.8 77 
   26.0  24969  -33.2  -76.5      0   0.04    160     16  680.8  681.2  680.8 77 
   25.0  25246  -32.9  -76.4      0   0.05    130     10  689.2  689.7  689.2 77 
   24.0  25534  -32.7  -76.2      0   0.05     35      2  698.0  698.6  698.1 77 
   22.0  26148  -32.1  -75.9      0   0.06    180     10  717.3  717.9  717.3 77 
   20.0  26820  -31.5  -75.5      0   0.07    110      7  738.9  739.7  739.0 77 
   19.0  27183  -31.4  -75.6      0   0.07    290      1  750.3  751.0  750.3 77 
   17.0  27971  -31.1  -75.8      0   0.08    180     10  775.5  776.3  775.5 77 
   16.0  28400  -30.9  -75.9      0   0.08                789.5  790.5  789.6 77 
</PRE><H3>Station information and sounding indices</H3><PRE> 60 
                             Station number: 89009 50 
                           Observation time: 240116/1200 56 
                           Station latitude: -90.00 51 
                          Station longitude: 0.00 49 
                          Station elevation: 2835.0 51 
                               Lifted index: 9.81 49 
    LIFT computed using virtual temperature: 9.81 49 
      Convective Available Potential Energy: 0.00 49 
             CAPE using virtual temperature: 0.00 49 
                      Convective Inhibition: 0.00 49 
             CINS using virtual temperature: 0.00 49 
                     Bulk Richardson Number: 0.00 49 
          Bulk Richardson Number using CAPV: 0.00 49 
  Temp [K] of the Lifted Condensation Level: 236.04 51 
Pres [hPa] of the Lifted Condensation Level: 565.56 51 
   Equivalent potential temp [K] of the LCL: 278.70 51 
     Mean mixed layer potential temperature: 277.82 51 
              Mean mixed layer mixing ratio: 0.28 49 
              1000 hPa to 500 hPa thickness: 5232.00 52 
Precipitable water [mm] for entire sounding: 0.50 49 
</PRE> 6 
<H2>89009  Amundsen-Scott Observations at 00Z 17 Jan 2024</H2> 62 
<PRE> 5 
----------------------------------------------------------------------------- 77 
   PRES   HGHT   TEMP   DWPT   RELH   MIXR   DRCT   SKNT   THTA   THTE   THTV 77 
    hPa     m      C      C      %    g/kg    deg   knot     K      K      K  77 
----------------------------------------------------------------------------- 77 
 1000.0    -93                                                                77 
  925.0    559                                                                77 
  850.0   1246                                                                77 
  700.0   2738                                                                77 
  690.0   2835  -30.7  -35.2     65   0.28     85      7  269.6  270.4  269.6 77 
  685.0   2887  -28.4  -33.3     63   0.34     55     10  272.6  273.7  272.7 77 
  682.0   2919  -27.1  -32.1     62   0.38     54     10  274.5  275.7  274.6 77 
  664.0   3113  -25.5  -33.5     47   0.34     48     12  278.4  279.5  278.4 77 
  657.0   3190  -25.7  -34.0     46   0.33     45     12  279.0  280.0  279.0 77 
  623.0   3575  -26.9  -36.6     39   0.27     60     10  281.9  282.8  282.0 77 
  573.0   4181  -28.7  -40.7     31   0.19     56     12  286.6  287.3  286.6 77 
  562.0   4319  -29.5  -41.7     30   0.18     55     13  287.2  287.8  287.2 77 
  546.0   4525  -30.8  -43.2     28   0.15     75     11  288.1  288.7  288.1 77 
  532.0   4710  -31.9  -44.6     27   0.14     60     13  288.9  289.4  288.9 77 
  515.0   4942  -33.3  -46.3     26   0.12     70     14  289.9  290.3  289.9 77 
  500.0   5150  -34.1  -46.1     29   0.12     80     15  291.4  291.9  291.4 77 
  496.0   5205  -34.5  -46.6     28   0.12     85     15  291.6  292.1  291.7 77 
  475.0   5502  -36.4  -49.4     25   0.09     75     12  292.9  293.3  292.9 77 
  432.0   6153  -40.5  -55.5     18   0.05     82     16  295.7  295.9  295.7 77 
  413.0   6455  -42.6  -53.2     30   0.07     85     18  296.8  297.0  296.8 77 
  402.0   6637  -43.9  -51.9     41   0.08     93     21  297.4  297.7  297.4 77 
  400.0   6670  -44.3  -54.3     32   0.06     95     21  297.3  297.6  297.4 77 
  399.0   6687  -44.5  -56.5     25   0.05     95     22  297.3  297.5  297.3 77 
  397.0   6721  -44.5  -59.5     17   0.03     95     23  297.7  297.8  297.7 77 
  379.0   7032  -45.5  -53.5     40   0.07     98     37  300.4  300.6  300.4 77 
  369.0   7210  -46.8  -51.3     60   0.09    100     45  301.0  301.3  301.0 77 
  368.0   7228  -46.9  -51.1     62   0.09    100     45  301.1  301.4  301.1 77 
  353.0   7503  -48.9  -52.8     64   0.08    102     45  301.9  302.3  302.0 77 
  339.0   7769  -50.9  -55.3     59   0.06    104     44  302.7  303.0  302.8 77 
  308.0   8391  -53.9  -57.8     62   0.05    109     43  306.9  307.1  307.0 77 
  300.0   8560  -54.5  -59.4     55   0.04    110     43  308.4  308.6  308.4 77 
  291.0   8754  -55.5  -61.5     47   0.03    105     43  309.7  309.8  309.7 77 
  252.0   9669  -53.9  -74.9      6   0.01    110     39  325.1  325.1  325.1 77 
  250.0   9720  -54.1  -75.1      6   0.01    110     39  325.5  325.5  325.5 77 
  214.0  10728  -51.1  -82.1      1   0.00    117     37  344.9  345.0  344.9 77 
  200.0  11170  -50.9  -81.9      1   0.00    120     36  352.0  352.0  352.0 77 
  150.0  13040  -49.5  -84.5      1   0.00    115     32  384.6  384.6  384.6 77 
  100.0  15720  -45.9  -84.9      0   0.00    130     29  438.8  438.8  438.8 77 
   94.0  16136  -44.8  -84.2      0   0.00    135     31  448.7  448.7  448.7 77 
   86.0  16735  -43.3  -83.1      0   0.00    130     24  463.4  463.4  463.4 77 
   77.0  17479  -41.4  -81.8      0   0.01    145     26  482.2  482.3  482.2 77 
   70.0  18120  -39.7  -80.7      0   0.01    145     30  499.1  499.1  499.1 77 
   68.0  18319  -39.4  -80.5      0   0.01    130     29  503.9  504.0  503.9 77 
   61.0  19064  -38.2  -79.8      0   0.01    150     28  522.3  522.4  522.3 77 
   57.0  19530  -37.5  -79.4      0   0.01    125     23  534.2  534.3  534.2 77 
   55.8  19676  -37.3  -79.3      0   0.01    127     23  538.0  538.1  538.0 77 
   50.2  20403  -39.1  -81.1      0   0.01    140     21  550.2  550.3  550.2 77 
   50.0  20430  -39.1  -81.1      0   0.01    140     21  550.9  550.9  550.9 77 
   49.0  20569  -38.7  -80.8      0   0.01    140     24  555.0  555.1  555.0 77 
   47.0  20857  -37.9  -80.2      0   0.01    130     21  563.7  563.8  563.7 77 
   46.0  21005  -37.4  -79.9      0   0.01    170     19  568.2  568.3  568.2 77 
   44.0  21312  -36.5  -79.2      0   0.02    160     27  577.6  577.8  577.6 77 
   41.4  21733  -35.3  -78.3      0   0.02    138     18  590.8  591.0  590.8 77 
   41.0  21800  -35.3  -78.3      0   0.02    135     17  592.5  592.7  592.6 77 
   40.0  21973  -35.1  -78.2      0   0.02    110     15  597.0  597.2  597.0 77 
   38.0  22331  -34.9  -77.9      0   0.02    145     12  606.4  606.6  606.4 77 
   37.0  22517  -34.8  -77.8      0   0.03    145     10  611.3  611.6  611.3 77 
   36.0  22708  -34.7  -77.7      0   0.03    165      8  616.5  616.7  616.5 77 
   35.0  22904  -34.6  -77.6      0   0.03    170     10  621.8  622.0  621.8 77 
   33.0  23315  -34.3  -77.3      0   0.03    135     22  633.0  633.3  633.0 77 
   32.0  23530  -34.2  -77.2      0   0.03     90     10  638.9  639.2  638.9 77 
   31.0  23751  -34.0  -77.0      1   0.03    140      2  645.1  645.4  645.1 77 
   30.0  23980  -33.9  -76.9      1   0.04    160      8  651.6  651.9  651.6 77 
   29.0  24218  -33.7  -76.8      1   0.04    185     10  658.5  658.9  658.6 77 
   28.0  24465  -33.4  -76.6      1   0.04    140     17  665.9  666.3  665.9 77 
   27.0  24721  -33.2  -76.4      1   0.04    120     13  673.5  674.0  673.5 77 
   26.0  24986  -32.9  -76.3      1   0.05    185     10  681.6  682.0  681.6 77 
   25.0  25262  -32.6  -76.1      1   0.05    175     10  690.0  690.5  690.0 77 
   23.0  25848  -32.1  -75.7      1   0.06    205     10  708.4  708.9  708.4 77 
   21.0  26487  -31.4  -75.3      1   0.07    160     12  728.9  729.6  728.9 77 
   20.0  26830  -31.1  -75.1      1   0.07    105      8  740.2  740.9  740.2 77 
   19.0  27195  -30.8  -74.9      1   0.08    110      3  752.0  752.9  752.0 77 
   18.0  27580  -30.5  -74.8      1   0.08    145     11  764.7  765.6  764.8 77 
   17.0  27987  -30.1  -74.6      1   0.09    170     12  778.4  779.4  778.4 77 
   16.0  28418  -29.8  -74.4      0   0.10    145     25  793.1  794.3  793.2 77 
   15.0  28878  -29.4  -74.2      0   0.11     25     11  809.1  810.4  809.2 77 
   14.0  29369  -29.0  -74.0      0   0.12     40      1  826.6  828.0  826.6 77 
   13.7  29523  -28.9  -73.9      0   0.13     71      4  832.1  833.7  832.2 77 
   13.0  29897  -29.9  -75.0      0   0.11    145     10  841.1  842.5  841.1 77 
   12.9  29952  -30.1  -75.1      0   0.11    140     10  842.4  843.8  842.5 77 
   12.0  30471  -28.9  -74.2      0   0.14     90     12  864.2  866.0  864.3 77 
   11.0  31096  -27.5  -73.1      0   0.18    165      1  891.2  893.5  891.3 77 
   10.0  31780  -25.9  -71.9      1   0.23    195      9  921.6  924.7  921.8 77 
    9.0  32563  -24.0  -70.4      1   0.32    190     10  957.1  961.4  957.3 77 
    8.0  33439  -21.9  -68.8      1   0.45     35     10  998.3 1004.6  998.5 77 
    6.0  35578  -16.7  -64.8      1   1.05    275     11 1106.1 1122.1 1106.8 77 
    5.0  36934  -13.4  -62.3      1   1.76    290     14 1180.2 1208.6 1181.4 77 
    4.8  37238  -12.7  -61.7      1   1.98               1197.4 1229.7 1198.8 77 
    4.6  37562  -13.3  -62.3      1   1.91               1209.2 1240.8 1210.6 77 
</PRE><H3>Station information and sounding indices</H3><PRE> 60 
                             Station number: 89009 50 
                           Observation time: 240117/0000 56 
                           Station latitude: -90.00 51 
                          Station longitude: 0.00 49 
                          Station elevation: 2835.0 51 
                               Lifted index: 11.41 50 
    LIFT computed using virtual temperature: 11.41 50 
      Convective Available Potential Energy: 0.00 49 
             CAPE using virtual temperature: 0.00 49 
                      Convective Inhibition: 0.00 49 
             CINS using virtual temperature: 0.00 49 
                     Bulk Richardson Number: 0.00 49 
          Bulk Richardson Number using CAPV: 0.00 49 
  Temp [K] of the Lifted Condensation Level: 238.36 51 
Pres [hPa] of the Lifted Condensation Level: 592.20 51 
   Equivalent potential temp [K] of the LCL: 277.94 51 
     Mean mixed layer potential temperature: 276.88 51 
              Mean mixed layer mixing ratio: 0.34 49 
              1000 hPa to 500 hPa thickness: 5243.00 52 
Precipitable water [mm] for entire sounding: 0.68 49 
</PRE> 6 
<H2>89009  Amundsen-Scott Observations at 12Z 17 Jan 2024</H2> 62 
<PRE> 5 
----------------------------------------------------------------------------- 77 
   PRES   HGHT   TEMP   DWPT   RELH   MIXR   DRCT   SKNT   THTA   THTE   THTV 77 
    hPa     m      C      C      %    g/kg    deg   knot     K      K      K  77 
----------------------------------------------------------------------------- 77 
 1000.0    -97                                                                77 
  925.0    552                                                                77 
  850.0   1238                                                                77 
  700.0   2732                                                                77 
  690.0   2835  -30.3  -34.9     64   0.29     90     10  270.0  270.9  270.1 77 
  686.0   2876  -28.9  -33.3     66   0.34     78     10  272.0  273.1  272.1 77 
  685.0   2887  -27.9  -33.4     59   0.34     75     10  273.3  274.4  273.4 77 
  682.0   2919  -24.7  -33.7     43   0.33     74     10  277.2  278.2  277.2 77 
  664.0   3113  -23.7  -33.7     39   0.34     69     10  280.4  281.5  280.5 77 
  660.0   3158  -23.7  -33.7     39   0.34     67     10  280.9  282.0  280.9 77 
  622.0   3584  -26.0  -36.8     35   0.26     55     10  283.1  284.0  283.1 77 
  538.0   4626  -31.5  -44.5     27   0.14     73      5  288.5  289.0  288.5 77 
  531.0   4718  -32.2  -44.6     28   0.14     75      5  288.7  289.2  288.8 77 
  500.0   5140  -35.3  -45.3     35   0.13    100      7  289.9  290.4  290.0 77 
  486.0   5337  -36.7  -44.7     43   0.15     98      8  290.6  291.1  290.6 77 
  462.0   5685  -38.7  -53.7     19   0.06     94     11  292.3  292.5  292.3 77 
  442.0   5987  -40.6  -54.6     21   0.05     90     13  293.6  293.8  293.6 77 
  441.0   6002  -40.7  -54.7     21   0.05     90     13  293.7  293.9  293.7 77 
  400.0   6660  -43.7  -59.7     15   0.03     90     22  298.1  298.2  298.1 77 
  378.0   7040  -45.3  -63.3     11   0.02     93     27  300.9  300.9  300.9 77 
  314.0   8264  -51.9  -67.9     13   0.01    103     42  308.1  308.1  308.1 77 
  301.0   8538  -52.3  -67.3     15   0.01    105     46  311.2  311.3  311.2 77 
  300.0   8560  -52.5  -66.5     17   0.02    105     46  311.2  311.3  311.2 77 
  295.0   8668  -53.1  -61.1     37   0.03    105     48  311.9  312.0  311.9 77 
  287.0   8845  -53.5  -67.5     17   0.02    103     47  313.8  313.8  313.8 77 
  276.0   9095  -54.5  -68.5     16   0.01    100     46  315.9  315.9  315.9 77 
  250.0   9730  -52.9  -75.9      5   0.01    110     41  327.3  327.3  327.3 77 
  233.0  10183  -52.1  -79.1      2   0.00    110     38  335.2  335.2  335.2 77 
  200.0  11170  -51.1  -83.1      1   0.00    110     33  351.7  351.7  351.7 77 
  150.0  13050  -49.3  -85.3      1   0.00    115     31  384.9  384.9  384.9 77 
  134.0  13796  -48.2  -85.3      1   0.00    110     31  399.5  399.5  399.5 77 
  120.0  14525  -47.1  -85.3      1   0.00    130     30  414.3  414.3  414.3 77 
  110.0  15100  -46.2  -85.3      0   0.00    115     30  426.3  426.3  426.3 77 
  100.0  15730  -45.3  -85.3      0   0.00    120     31  439.9  439.9  439.9 77 
   73.0  17839  -41.6  -82.5      0   0.01    135     26  489.1  489.2  489.1 77 
   70.0  18120  -41.1  -82.1      0   0.01    120     24  496.1  496.1  496.1 77 
   60.0  19178  -39.5  -80.9      0   0.01    135     20  522.1  522.2  522.1 77 
   54.0  19902  -38.3  -80.1      0   0.01    140     32  540.7  540.8  540.7 77 
   52.0  20161  -37.9  -79.8      0   0.01    130     21  547.5  547.6  547.5 77 
   50.0  20430  -37.5  -79.5      0   0.01    140     19  554.6  554.7  554.6 77 
   48.0  20714  -37.0  -79.2      0   0.02    120     19  562.2  562.3  562.2 77 
   46.0  21011  -36.6  -78.9      0   0.02    135     13  570.2  570.3  570.2 77 
   44.0  21321  -36.1  -78.6      0   0.02     90     10  578.6  578.8  578.7 77 
   43.0  21481  -35.9  -78.5      0   0.02    115      4  583.1  583.3  583.1 77 
   42.0  21645  -35.6  -78.3      0   0.02    155     10  587.6  587.8  587.7 77 
   39.0  22161  -34.8  -77.8      0   0.02    150     12  602.3  602.5  602.3 77 
   38.0  22342  -34.5  -77.6      0   0.03    140     20  607.5  607.7  607.5 77 
   37.0  22528  -34.2  -77.4      0   0.03    120     15  612.9  613.1  612.9 77 
   36.0  22719  -33.9  -77.2      0   0.03    125     10  618.5  618.7  618.5 77 
   35.0  22915  -33.6  -77.0      0   0.03    155      8  624.3  624.5  624.3 77 
   33.0  23325  -33.0  -76.6      0   0.03    150     17  636.5  636.9  636.6 77 
   32.0  23539  -32.6  -76.4      0   0.04     90     18  643.1  643.4  643.1 77 
   31.0  23760  -32.3  -76.2      0   0.04     70     15  649.9  650.2  649.9 77 
   30.5  23874  -32.1  -76.1      0   0.04    351     10  653.4  653.8  653.4 77 
   30.0  23990  -32.5  -76.5      0   0.04    270      4  655.4  655.8  655.4 77 
   29.0  24228  -33.2  -76.8      0   0.04    185     10  659.7  660.1  659.7 77 
   28.0  24475  -34.0  -77.1      0   0.04    130     15  664.2  664.6  664.2 77 
   27.9  24500  -34.1  -77.1      0   0.04    128     15  664.7  665.0  664.7 77 
   27.0  24731  -33.9  -77.0      0   0.04    105     10  671.4  671.8  671.4 77 
   26.0  24996  -33.8  -77.0      0   0.04    145      1  679.2  679.6  679.2 77 
   25.0  25272  -33.6  -76.9      0   0.04    165     10  687.4  687.8  687.4 77 
   24.0  25558  -33.4  -76.8      0   0.05    150     14  696.0  696.5  696.0 77 
   23.0  25858  -33.2  -76.8      0   0.05    135     11  705.1  705.6  705.1 77 
   21.0  26497  -32.7  -76.6      0   0.05    180     10  725.0  725.6  725.0 77 
   20.0  26840  -32.5  -76.5      0   0.06    130     11  735.9  736.5  735.9 77 
   17.0  27985  -32.3  -76.3      0   0.07    130      5  771.4  772.2  771.4 77 
   16.5  28196  -32.3  -76.3      0   0.07    118     12  778.1  778.9  778.1 77 
   16.0  28414  -31.8  -75.9      0   0.08    105     19  786.6  787.5  786.6 77 
   15.0  28873  -30.8  -75.1      0   0.10     10     18  804.7  805.9  804.8 77 
   14.0  29364  -29.6  -74.3      0   0.12    280      1  824.5  825.9  824.6 77 
   13.0  29891  -28.4  -73.4      1   0.14    155     12  846.4  848.1  846.4 77 
   12.9  29945  -28.3  -73.3      1   0.15                848.7  850.5  848.7 77 
</PRE><H3>Station information and sounding indices</H3><PRE> 60 
                             Station number: 89009 50 
                           Observation time: 240117/1200 56 
                           Station latitude: -90.00 51 
                          Station longitude: 0.00 49 
                          Station elevation: 2835.0 51 
                               Lifted index: 8.72 49 
    LIFT computed using virtual temperature: 8.72 49 
      Convective Available Potential Energy: 0.00 49 
             CAPE using virtual temperature: 0.00 49 
                      Convective Inhibition: 0.00 49 
             CINS using virtual temperature: 0.00 49 
                     Bulk Richardson Number: 0.00 49 
          Bulk Richardson Number using CAPV: 0.00 49 
  Temp [K] of the Lifted Condensation Level: 237.65 51 
Pres [hPa] of the Lifted Condensation Level: 572.02 51 
   Equivalent potential temp [K] of the LCL: 279.83 51 
     Mean mixed layer potential temperature: 278.81 51 
              Mean mixed layer mixing ratio: 0.33 49 
              1000 hPa to 500 hPa thickness: 5237.00 52 
Precipitable water [mm] for entire sounding: 0.56 49 
</PRE> 6 
<H2>89009  Amundsen-Scott Observations at 12Z 18 Jan 2024</H2> 62 
<PRE> 5 
----------------------------------------------------------------------------- 77 
   PRES   HGHT   TEMP   DWPT   RELH   MIXR   DRCT   SKNT   THTA   THTE   THTV 77 
    hPa     m      C      C      %    g/kg    deg   knot     K      K      K  77 
----------------------------------------------------------------------------- 77 
 1000.0    -94                                                                77 
  925.0    556                                                                77 
  850.0   1241                                                                77 
  700.0   2724                                                                77 
  689.0   2835  -30.7  -35.3     64   0.28     80      4  269.7  270.6  269.7 77 
  687.0   2856  -30.3  -32.8     79   0.35     71      5  270.4  271.4  270.4 77 
  679.0   2940  -28.6  -32.0     72   0.39     35     10  273.1  274.4  273.2 77 
  671.0   3025  -26.9  -31.3     66   0.42     37     10  276.0  277.3  276.1 77 
  652.0   3232  -27.7  -32.1     66   0.40     43     11  277.4  278.6  277.4 77 
  642.0   3343  -27.5  -37.5     38   0.24     46     11  278.8  279.6  278.9 77 
  629.0   3490  -27.8  -37.4     39   0.24     50     11  280.1  281.0  280.2 77 
  602.0   3805  -28.3  -37.3     42   0.26     47     11  283.1  283.9  283.1 77 
  578.0   4093  -29.7  -37.8     45   0.26     45     11  284.7  285.6  284.8 77 
  534.0   4654  -32.4  -38.8     53   0.25     75     12  288.0  288.9  288.1 77 
  520.0   4843  -33.3  -39.1     56   0.25     95     15  289.1  290.0  289.2 77 
  502.0   5092  -34.5  -39.5     60   0.25     91     17  290.6  291.4  290.6 77 
  500.0   5120  -34.5  -39.5     60   0.25     90     17  290.9  291.8  291.0 77 
  487.0   5302  -35.4  -41.2     56   0.21     85     16  292.0  292.7  292.0 77 
  434.0   6098  -39.5  -48.5     38   0.11     94     18  296.6  297.0  296.6 77 
  400.0   6650  -43.7  -53.7     32   0.06    100     20  298.1  298.4  298.1 77 
  382.0   6957  -45.8  -57.6     25   0.04    110     23  299.3  299.5  299.3 77 
  371.0   7151  -47.1  -60.1     21   0.03    110     25  300.1  300.2  300.1 77 
  300.0   8530  -55.3  -63.3     36   0.03    110     40  307.3  307.4  307.3 77 
  294.0   8658  -55.9  -63.1     40   0.03    110     42  308.2  308.3  308.2 77 
  285.0   8856  -56.9  -62.9     46   0.03    105     37  309.5  309.7  309.5 77 
  276.0   9059  -56.5  -59.9     65   0.04    105     34  313.0  313.1  313.0 77 
  255.0   9563  -54.9  -62.9     36   0.03    105     28  322.5  322.6  322.5 77 
  250.0   9690  -54.1  -76.1      5   0.00    105     26  325.5  325.5  325.5 77 
  249.0   9716  -53.9  -80.9      2   0.00    105     26  326.2  326.2  326.2 77 
  223.0  10433  -52.3  -80.8      2   0.00    115     21  339.1  339.1  339.1 77 
  201.0  11108  -50.8  -80.7      2   0.00    100     21  351.7  351.7  351.7 77 
  200.0  11140  -50.7  -80.7      2   0.00    105     22  352.3  352.3  352.3 77 
  187.0  11579  -49.0  -81.1      1   0.00    115     22  361.9  361.9  361.9 77 
  182.0  11756  -48.3  -81.3      1   0.00    108     20  365.9  365.9  365.9 77 
  177.0  11939  -48.1  -81.4      1   0.00    100     18  369.1  369.2  369.1 77 
  169.0  12244  -47.7  -81.5      1   0.00    125     16  374.7  374.7  374.7 77 
  150.0  13030  -46.7  -81.7      1   0.00    120     24  389.4  389.4  389.4 77 
  142.0  13394  -46.4  -81.8      1   0.00    110     27  396.0  396.0  396.0 77 
  108.0  15209  -45.1  -82.5      1   0.00    125     27  430.8  430.8  430.8 77 
  105.0  15396  -44.9  -82.6      1   0.00    110     29  434.5  434.5  434.5 77 
  100.0  15720  -44.7  -82.7      1   0.00    130     24  441.1  441.1  441.1 77 
   94.0  16138  -43.8  -82.5      1   0.00    110     27  450.8  450.8  450.8 77 
   82.0  17061  -41.7  -81.9      1   0.01    125     26  472.9  473.0  472.9 77 
   80.0  17228  -41.3  -81.8      0   0.01    110     30  477.1  477.1  477.1 77 
   78.0  17399  -40.9  -81.7      0   0.01    105     24  481.3  481.4  481.3 77 
   75.0  17664  -40.3  -81.6      0   0.01    125     17  488.0  488.0  488.0 77 
   73.0  17846  -39.9  -81.5      0   0.01    145     19  492.6  492.7  492.6 77 
   70.0  18130  -39.3  -81.3      0   0.01    135     23  499.9  500.0  499.9 77 
   66.0  18534  -38.8  -80.8      0   0.01    125     27  509.4  509.5  509.4 77 
   62.0  18963  -38.4  -80.3      0   0.01    105     22  519.7  519.8  519.7 77 
   60.0  19188  -38.1  -80.1      0   0.01    125     19  525.1  525.2  525.1 77 
   54.0  19911  -37.3  -79.3      0   0.01    105     16  543.1  543.2  543.1 77 
   53.0  20039  -37.1  -79.1      0   0.01    125     12  546.3  546.4  546.3 77 
   52.0  20170  -37.0  -79.0      0   0.02    160     15  549.6  549.8  549.7 77 
   51.5  20236  -36.9  -78.9      0   0.02    162     16  551.4  551.5  551.4 77 
   51.0  20304  -37.1  -79.1      0   0.02    165     18  552.4  552.5  552.4 77 
   50.0  20440  -37.5  -79.5      0   0.01    155     22  554.6  554.7  554.6 77 
   49.0  20579  -37.8  -79.8      0   0.01    135     27  557.2  557.3  557.2 77 
   48.5  20650  -37.9  -79.9      0   0.01    129     25  558.5  558.6  558.5 77 
   46.0  21018  -35.8  -78.4      0   0.02    100     17  572.1  572.2  572.1 77 
   45.0  21171  -34.9  -77.8      0   0.02     70     11  577.8  578.0  577.8 77 
   44.5  21248  -34.5  -77.5      0   0.02     91      9  580.7  580.9  580.7 77 
   43.0  21487  -35.0  -78.0      0   0.02    155      3  585.3  585.5  585.3 77 
   42.0  21651  -35.3  -78.3      0   0.02    160     10  588.4  588.6  588.4 77 
   41.0  21819  -35.6  -78.6      0   0.02    145     14  591.7  591.8  591.7 77 
   39.0  22168  -36.3  -79.3      0   0.02    155     18  598.5  598.6  598.5 77 
   38.0  22349  -36.0  -79.1      0   0.02    135     20  603.6  603.8  603.6 77 
   37.0  22535  -35.7  -78.9      0   0.02    105     17  609.0  609.1  609.0 77 
   36.0  22727  -35.5  -78.8      0   0.02    100     12  614.5  614.7  614.5 77 
   35.0  22923  -35.1  -78.6      0   0.02    135     10  620.2  620.5  620.3 77 
   33.0  23334  -34.5  -78.2      0   0.03    120     17  632.4  632.7  632.4 77 
   32.0  23549  -34.2  -77.9      0   0.03     70     10  638.9  639.2  638.9 77 
   30.0  24000  -33.5  -77.5      0   0.03    260      6  652.7  653.0  652.7 77 
   29.0  24237  -33.4  -77.4      0   0.04    170     10  659.4  659.7  659.4 77 
   28.0  24483  -33.2  -77.2      0   0.04     90     10  666.4  666.8  666.4 77 
   25.0  25276  -32.8  -76.8      0   0.04    200     10  689.6  690.1  689.7 77 
   22.2  26107  -32.3  -76.3      0   0.05    349      1  714.9  715.4  714.9 77 
   22.0  26171  -32.3  -76.3      0   0.05      0      0  716.8  717.3  716.8 77 
   21.0  26498  -32.2  -76.2      0   0.06    140     10  726.6  727.2  726.6 77 
   20.0  26840  -32.1  -76.1      0   0.06    105      7  737.1  737.8  737.1 77 
   19.0  27203  -30.9  -75.8      0   0.07     20      5  751.6  752.3  751.6 77 
   18.8  27278  -30.7  -75.7      0   0.07                754.6  755.4  754.6 77 
</PRE><H3>Station information and sounding indices</H3><PRE> 60 
                             Station number: 89009 50 
                           Observation time: 240118/1200 56 
                           Station latitude: -90.00 51 
                          Station longitude: 0.00 49 
                          Station elevation: 2835.0 51 
                               Lifted index: 12.06 50 
    LIFT computed using virtual temperature: 12.08 50 
      Convective Available Potential Energy: 0.00 49 
             CAPE using virtual temperature: 0.00 49 
                      Convective Inhibition: 0.00 49 
             CINS using virtual temperature: 0.00 49 
                     Bulk Richardson Number: 0.00 49 
          Bulk Richardson Number using CAPV: 0.00 49 
  Temp [K] of the Lifted Condensation Level: 239.85 51 
Pres [hPa] of the Lifted Condensation Level: 616.34 51 
   Equivalent potential temp [K] of the LCL: 276.61 51 
     Mean mixed layer potential temperature: 275.44 51 
              Mean mixed layer mixing ratio: 0.38 49 
              1000 hPa to 500 hPa thickness: 5214.00 52 
Precipitable water [mm] for entire sounding: 0.76 49 
</PRE> 6 
<H2>89009  Amundsen-Scott Observations at 00Z 19 Jan 2024</H2> 62 
<PRE> 5 
----------------------------------------------------------------------------- 77 
   PRES   HGHT   TEMP   DWPT   RELH   MIXR   DRCT   SKNT   THTA   THTE   THTV 77 
    hPa     m      C      C      %    g/kg    deg   knot     K      K      K  77 
----------------------------------------------------------------------------- 77 
 1000.0    -73                                                                77 
  925.0    576                                                                77 
  850.0   1259                                                                77 
  700.0   2738                                                                77 
  690.0   2835  -32.1  -36.4     66   0.25     85      4  268.0  268.8  268.1 77 
  686.0   2876  -29.1  -32.0     76   0.38     85      4  271.8  273.0  271.9 77 
  681.0   2929  -28.5  -32.5     68   0.37     86      4  273.0  274.2  273.1 77 
  653.0   3231  -27.5  -32.5     62   0.38     89      5  277.5  278.7  277.5 77 
  583.0   4045  -29.7  -37.7     46   0.26     98      8  284.0  284.9  284.1 77 
  569.0   4218  -30.5  -41.5     33   0.18    100      8  285.1  285.7  285.1 77 
  558.0   4357  -31.1  -37.1     56   0.29    101      9  285.9  286.9  286.0 77 
  532.0   4694  -32.9  -37.9     61   0.28    105     10  287.7  288.7  287.8 77 
  507.0   5033  -34.3  -39.0     62   0.26    109     11  290.0  290.9  290.1 77 
  500.0   5130  -34.7  -39.7     60   0.24    110     11  290.7  291.5  290.7 77 
  449.0   5874  -38.5  -54.9     16   0.05    125     14  294.9  295.1  294.9 77 
  442.0   5983  -39.1  -57.1     13   0.04    124     15  295.5  295.7  295.6 77 
  439.0   6029  -39.3  -47.3     42   0.12    123     15  295.9  296.3  295.9 77 
  437.0   6061  -39.5  -45.5     53   0.15    123     15  296.0  296.5  296.0 77 
  400.0   6660  -43.9  -47.2     70   0.14    115     20  297.9  298.4  297.9 77 
  399.0   6677  -44.0  -47.3     70   0.14    115     20  297.9  298.4  297.9 77 
  385.0   6916  -45.7  -48.2     76   0.13    116     20  298.8  299.2  298.8 77 
  376.0   7074  -46.7  -53.7     45   0.07    117     20  299.5  299.7  299.5 77 
  351.0   7527  -50.3  -52.4     78   0.09    119     21  300.6  300.9  300.6 77 
  335.0   7831  -52.3  -55.6     67   0.06    121     21  301.9  302.1  301.9 77 
  323.0   8066  -53.5  -61.5     37   0.03    122     21  303.4  303.5  303.4 77 
  300.0   8540  -55.7  -63.7     36   0.02    125     22  306.7  306.8  306.7 77 
  295.0   8647  -56.1  -65.1     31   0.02    125     24  307.6  307.7  307.6 77 
  272.0   9163  -55.8  -70.5     14   0.01    125     24  315.3  315.4  315.3 77 
  267.0   9281  -55.7  -71.7     12   0.01    124     23  317.1  317.1  317.1 77 
  250.0   9700  -54.7  -73.7      8   0.01    120     18  324.6  324.6  324.6 77 
  239.0   9990  -53.9  -75.5      5   0.01    135     17  330.1  330.1  330.1 77 
  224.0  10409  -52.6  -78.0      3   0.00    120     16  338.1  338.1  338.1 77 
  207.0  10918  -51.1  -81.1      2   0.00    140     14  348.2  348.2  348.2 77 
  201.0  11108  -50.6  -82.3      1   0.00    125     18  352.0  352.0  352.0 77 
  200.0  11140  -50.5  -82.5      1   0.00    125     18  352.6  352.6  352.6 77 
  185.0  11652  -49.6  -82.9      1   0.00    130     13  362.1  362.1  362.1 77 
  176.0  11980  -49.0  -83.2      1   0.00    150     16  368.2  368.2  368.2 77 
  153.0  12900  -47.3  -84.0      1   0.00    130     15  386.1  386.1  386.1 77 
  150.0  13030  -47.1  -84.1      1   0.00    135     17  388.7  388.7  388.7 77 
  148.0  13119  -47.0  -84.1      1   0.00    140     20  390.4  390.4  390.4 77 
  143.0  13348  -46.7  -84.0      1   0.00    115     19  394.8  394.8  394.8 77 
  137.0  13633  -46.3  -84.0      1   0.00    110     15  400.4  400.4  400.4 77 
  135.0  13731  -46.1  -84.0      1   0.00    125     12  402.3  402.3  402.3 77 
  131.0  13931  -45.8  -84.0      1   0.00    150     14  406.3  406.3  406.3 77 
  125.0  14243  -45.4  -83.9      1   0.00    125     21  412.5  412.6  412.5 77 
  116.0  14741  -44.7  -83.8      1   0.00    145     20  422.7  422.8  422.7 77 
  108.0  15216  -44.0  -83.7      0   0.00    125     23  432.7  432.7  432.7 77 
  104.0  15467  -43.7  -83.7      0   0.00    130     23  438.1  438.1  438.1 77 
  100.0  15730  -43.9  -83.9      0   0.00    135     23  442.6  442.6  442.6 77 
   96.0  16006  -43.6  -83.7      0   0.00    130     18  448.4  448.4  448.4 77 
   76.0  17584  -41.9  -82.7      0   0.01    130     19  482.9  482.9  482.9 77 
   74.0  17765  -41.7  -82.5      0   0.01    150     24  487.0  487.0  487.0 77 
   71.0  18044  -41.4  -82.4      0   0.01    140     32  493.4  493.5  493.4 77 
   70.0  18140  -41.3  -82.3      0   0.01    130     31  495.6  495.7  495.7 77 
   68.6  18277  -41.3  -82.3      0   0.01    122     29  498.5  498.6  498.5 77 
   65.0  18647  -40.4  -81.7      0   0.01    100     22  508.4  508.4  508.4 77 
   63.0  18862  -39.8  -81.3      0   0.01    125     13  514.1  514.2  514.1 77 
   62.0  18972  -39.5  -81.2      0   0.01    150     20  517.1  517.2  517.1 77 
   60.0  19197  -38.9  -80.8      0   0.01    155     27  523.3  523.4  523.3 77 
   59.0  19313  -38.6  -80.6      0   0.01    140     28  526.5  526.5  526.5 77 
   57.0  19550  -38.0  -80.2      0   0.01    115     24  533.1  533.1  533.1 77 
   55.0  19795  -37.4  -79.8      0   0.01    135     13  540.0  540.1  540.0 77 
   53.0  20050  -36.7  -79.4      0   0.01    155     20  547.2  547.4  547.2 77 
   52.0  20181  -36.4  -79.2      0   0.01    140     26  551.0  551.1  551.0 77 
   50.0  20450  -35.7  -78.7      0   0.02    125     22  558.9  559.0  558.9 77 
   49.0  20590  -35.3  -78.3      0   0.02    120     20  563.0  563.2  563.0 77 
   46.0  21027  -36.1  -78.7      0   0.02    105     14  571.4  571.6  571.4 77 
   45.0  21179  -36.4  -78.9      0   0.02    110     10  574.4  574.5  574.4 77 
   43.0  21494  -36.9  -79.2      0   0.02    150      8  580.5  580.6  580.5 77 
   41.0  21823  -37.5  -79.5      0   0.02    137     18  587.0  587.1  587.0 77 
   40.0  21995  -36.9  -79.1      0   0.02    130     23  592.7  592.9  592.7 77 
   36.0  22728  -34.1  -77.5      0   0.03     95     11  617.9  618.1  617.9 77 
   34.0  23125  -32.6  -76.6      0   0.03    190      1  632.0  632.3  632.0 77 
   33.8  23166  -32.5  -76.5      0   0.03    192      3  633.4  633.8  633.4 77 
   33.0  23334  -33.0  -76.8      0   0.03    200     10  636.4  636.7  636.4 77 
   32.0  23549  -33.7  -77.2      0   0.03    175     14  640.2  640.5  640.2 77 
   31.0  23771  -34.4  -77.7      0   0.03    150     11  644.2  644.5  644.2 77 
   30.0  24000  -35.1  -78.1      0   0.03    145     10  648.3  648.6  648.3 77 
   29.8  24047  -35.1  -78.1      0   0.03    152     10  649.5  649.8  649.5 77 
   29.0  24238  -34.9  -78.0      0   0.03    180     10  655.2  655.5  655.2 77 
   28.0  24484  -34.6  -77.8      0   0.03    135     10  662.6  663.0  662.7 77 
   27.0  24740  -34.3  -77.6      0   0.04    160      4  670.4  670.8  670.4 77 
   26.0  25005  -34.0  -77.4      0   0.04    175     10  678.6  679.0  678.6 77 
   25.0  25280  -33.6  -77.2      0   0.04    145     10  687.2  687.6  687.2 77 
   24.0  25567  -33.3  -77.0      0   0.04    165     16  696.2  696.7  696.2 77 
   23.0  25866  -33.0  -76.8      0   0.05    125     12  705.8  706.3  705.8 77 
   21.8  26242  -32.5  -76.5      0   0.05    149     11  718.0  718.5  718.0 77 
   21.0  26506  -32.7  -76.7      0   0.05    165     10  725.2  725.7  725.2 77 
   20.0  26850  -32.9  -76.9      0   0.05    140      6  734.6  735.2  734.7 77 
   18.0  27590  -33.4  -77.4      0   0.06    295      3  755.5  756.1  755.5 77 
   17.0  27991  -33.7  -77.7      0   0.06    210     10  767.0  767.7  767.0 77 
   16.0  28418  -32.8  -76.8      0   0.07    170     10  783.3  784.1  783.3 77 
   14.2  29259  -31.1  -75.1      1   0.10    174      5  816.2  817.5  816.3 77 
   14.0                                       175      4                      77 
</PRE><H3>Station information and sounding indices</H3><PRE> 60 
                             Station number: 89009 50 
                           Observation time: 240119/0000 56 
                           Station latitude: -90.00 51 
                          Station longitude: 0.00 49 
                          Station elevation: 2835.0 51 
                               Lifted index: 12.23 50 
    LIFT computed using virtual temperature: 12.25 50 
      Convective Available Potential Energy: 0.00 49 
             CAPE using virtual temperature: 0.00 49 
                      Convective Inhibition: 0.00 49 
             CINS using virtual temperature: 0.00 49 
                     Bulk Richardson Number: 0.00 49 
          Bulk Richardson Number using CAPV: 0.00 49 
  Temp [K] of the Lifted Condensation Level: 239.69 51 
Pres [hPa] of the Lifted Condensation Level: 618.31 51 
   Equivalent potential temp [K] of the LCL: 276.15 51 
     Mean mixed layer potential temperature: 275.01 51 
              Mean mixed layer mixing ratio: 0.37 49 
              1000 hPa to 500 hPa thickness: 5203.00 52 
Precipitable water [mm] for entire sounding: 0.83 49 
</PRE> 6 
<H2>89009  Amundsen-Scott Observations at 12Z 19 Jan 2024</H2> 62 
<PRE> 5 
----------------------------------------------------------------------------- 77 
   PRES   HGHT   TEMP   DWPT   RELH   MIXR   DRCT   SKNT   THTA   THTE   THTV 77 
    hPa     m      C      C      %    g/kg    deg   knot     K      K      K  77 
----------------------------------------------------------------------------- 77 
 1000.0    -60                                                                77 
  925.0    590                                                                77 
  850.0   1274                                                                77 
  700.0   2751                                                                77 
  691.0   2835  -31.5  -34.6     74   0.30     15      7  268.6  269.5  268.6 77 
  688.0   2866  -31.3  -31.4     99   0.41     16      7  269.1  270.4  269.2 77 
  683.0   2918  -31.5  -31.7     98   0.40     18      6  269.5  270.7  269.5 77 
  668.0   3076  -29.9  -30.0     99   0.48     23      4  273.0  274.4  273.1 77 
  654.0   3228  -28.1  -32.6     65   0.38     27      2  276.7  277.9  276.7 77 
  646.0   3316  -28.1  -33.9     57   0.34     30      1  277.6  278.7  277.7 77 
  639.0   3394  -28.1  -35.1     51   0.30     35      1  278.5  279.5  278.6 77 
  633.0   3462  -27.9  -34.9     51   0.31     40      2  279.5  280.5  279.5 77 
  615.0   3670  -27.9  -35.9     46   0.29     53      3  281.8  282.8  281.8 77 
  603.0   3812  -28.5  -36.5     46   0.28     63      4  282.7  283.6  282.7 77 
  548.0   4494  -31.9  -39.9     45   0.22    108      7  286.5  287.2  286.5 77 
  536.0   4650  -32.3  -46.3     24   0.11    119      8  287.8  288.2  287.8 77 
  532.0   4703  -32.5  -40.5     45   0.21    122      8  288.2  288.9  288.2 77 
  528.0   4757  -32.9  -44.9     29   0.13    126      8  288.3  288.8  288.4 77 
  525.0   4797  -33.1  -39.1     55   0.25    128      9  288.6  289.4  288.6 77 
  518.0   4891  -33.3  -35.8     78   0.35    135      9  289.4  290.6  289.5 77 
  507.0   5042  -33.8  -36.2     79   0.34    145     10  290.6  291.8  290.7 77 
  500.0   5140  -34.1  -36.4     80   0.34    130     10  291.4  292.6  291.5 77 
  493.0   5238  -34.7  -36.5     84   0.34    126     11  291.9  293.0  291.9 77 
  487.0   5324  -35.3  -37.4     81   0.32    122     12  292.1  293.2  292.2 77 
  478.0   5454  -35.1  -49.1     23   0.09    116     14  293.9  294.3  294.0 77 
  476.0   5482  -35.3  -48.9     24   0.09    115     14  294.0  294.4  294.1 77 
  446.0   5929  -38.6  -46.4     44   0.13    135     15  295.4  295.9  295.4 77 
  420.0   6342  -41.7  -44.1     77   0.18    129     22  296.6  297.2  296.6 77 
  405.0   6587  -43.5  -46.1     75   0.15    126     26  297.3  297.9  297.4 77 
  400.0   6670  -44.1  -46.3     79   0.15    125     27  297.6  298.1  297.6 77 
  377.0   7067  -46.3  -52.3     50   0.08    125     30  299.8  300.1  299.8 77 
  367.0   7246  -47.3  -50.5     70   0.10    125     31  300.8  301.1  300.8 77 
  331.0   7919  -51.6  -55.0     67   0.07    125     35  303.9  304.1  303.9 77 
  300.0   8560  -55.7  -59.3     64   0.04    125     32  306.7  306.9  306.7 77 
  288.0   8818  -57.3  -60.6     66   0.04    129     31  308.0  308.2  308.1 77 
  284.0   8906  -57.9  -62.0     59   0.03    130     31  308.4  308.6  308.4 77 
  275.0   9109  -57.5  -69.5     20   0.01    130     29  311.9  311.9  311.9 77 
  269.0   9248  -57.5  -64.5     40   0.02    130     28  313.8  313.9  313.8 77 
  264.0   9366  -57.5  -70.5     18   0.01    130     26  315.5  315.6  315.5 77 
  250.0   9710  -55.9  -74.9      8   0.01    130     23  322.8  322.9  322.8 77 
  242.0   9919  -54.9  -76.1      6   0.01    125     19  327.3  327.4  327.3 77 
  220.0  10532  -52.0  -79.5      2   0.00    150     19  340.8  340.8  340.8 77 
  212.0  10771  -50.9  -80.9      2   0.00    132     15  346.2  346.2  346.2 77 
  211.0  10801  -50.9  -81.0      2   0.00    130     14  346.7  346.7  346.7 77 
  204.0  11021  -50.8  -81.4      1   0.00    150     11  350.2  350.2  350.2 77 
  200.0  11150  -50.7  -81.7      1   0.00    150     13  352.3  352.3  352.3 77 
  197.0  11249  -50.5  -81.7      1   0.00    155     14  354.1  354.1  354.1 77 
  188.0  11554  -50.0  -81.8      1   0.00    130     11  359.8  359.8  359.8 77 
  182.0  11766  -49.6  -81.9      1   0.00    150     10  363.8  363.8  363.8 77 
  169.0  12251  -48.7  -82.0      1   0.00    140     11  373.0  373.0  373.0 77 
  159.0  12649  -48.0  -82.2      1   0.00    155     15  380.8  380.8  380.8 77 
  150.0  13030  -47.3  -82.3      1   0.00    140     16  388.4  388.4  388.4 77 
  147.0  13165  -47.1  -82.2      1   0.00    145     13  390.9  391.0  390.9 77 
  140.0  13491  -46.6  -82.1      1   0.00    115     14  397.3  397.3  397.3 77 
  130.0  13986  -45.9  -82.0      1   0.00    145     11  407.1  407.1  407.1 77 
  124.0  14302  -45.4  -81.8      1   0.00    130     12  413.5  413.5  413.5 77 
  122.0  14411  -45.3  -81.8      1   0.00    145      9  415.7  415.7  415.7 77 
  120.0  14521  -45.1  -81.8      1   0.00    155     10  417.9  418.0  417.9 77 
  112.0  14983  -44.4  -81.6      1   0.00    165     16  427.5  427.6  427.5 77 
  106.0  15351  -43.9  -81.4      1   0.00    135     26  435.4  435.4  435.4 77 
  105.0  15414  -43.8  -81.4      1   0.01    130     25  436.7  436.7  436.7 77 
  100.0  15740  -43.3  -81.3      1   0.01    125     17  443.8  443.8  443.8 77 
   95.0  16087  -43.0  -81.3      1   0.01    145     16  450.9  451.0  450.9 77 
   91.0  16377  -42.7  -81.2      1   0.01    145     20  457.1  457.1  457.1 77 
   86.0  16759  -42.4  -81.2      1   0.01    115     15  465.2  465.2  465.2 77 
   77.0  17506  -41.7  -81.2      1   0.01    150     17  481.5  481.6  481.5 77 
   73.0  17866  -41.4  -81.1      1   0.01    150     27  489.6  489.7  489.6 77 
   71.0  18054  -41.2  -81.1      1   0.01    135     29  493.9  493.9  493.9 77 
   70.0  18150  -41.1  -81.1      1   0.01    125     27  496.1  496.1  496.1 77 
   69.0  18249  -40.9  -81.0      1   0.01    115     23  498.5  498.5  498.5 77 
   64.0  18765  -40.1  -80.6      1   0.01    115     16  511.2  511.2  511.2 77 
   63.0  18873  -39.9  -80.5      1   0.01    120     13  513.9  513.9  513.9 77 
   62.0  18983  -39.7  -80.5      1   0.01    150     14  516.6  516.7  516.6 77 
   60.0  19208  -39.4  -80.3      1   0.01    145     21  522.3  522.4  522.3 77 
   57.0  19560  -38.8  -80.0      1   0.01    110     18  531.3  531.4  531.3 77 
   55.0  19806  -38.4  -79.8      0   0.01    110     13  537.7  537.8  537.7 77 
   54.0  19932  -38.2  -79.7      0   0.01    130     10  541.0  541.1  541.0 77 
   53.0  20060  -38.0  -79.6      0   0.01    145     11  544.4  544.5  544.4 77 
   51.0  20324  -37.5  -79.4      0   0.01    150     19  551.4  551.5  551.4 77 
   50.0  20460  -37.3  -79.3      0   0.01    150     20  555.1  555.2  555.1 77 
   48.0  20742  -37.3  -79.3      0   0.02    135     24  561.7  561.8  561.7 77 
   46.0  21035  -37.2  -79.2      0   0.02    105     21  568.7  568.8  568.7 77 
   44.0  21342  -37.2  -79.2      0   0.02    135     14  576.0  576.2  576.0 77 
   42.0  21663  -37.1  -79.1      0   0.02    120     10  583.9  584.0  583.9 77 
   40.6  21897  -37.1  -79.1      0   0.02    144     12  589.6  589.8  589.6 77 
   40.0  22001  -36.8  -78.9      0   0.02    155     13  593.0  593.1  593.0 77 
   39.0  22177  -36.2  -78.6      0   0.02    150     19  598.7  598.9  598.7 77 
   37.0  22544  -35.0  -78.0      0   0.02    110     16  610.8  611.0  610.8 77 
   34.0  23133  -33.2  -77.0      0   0.03    110     10  630.6  630.9  630.6 77 
   33.6  23216  -32.9  -76.9      0   0.03    120     10  633.5  633.8  633.5 77 
   32.0  23558  -33.4  -77.0      0   0.03    160     10  641.0  641.3  641.0 77 
   31.0  23780  -33.8  -77.0      0   0.03    130     11  645.9  646.2  645.9 77 
   30.0  24010  -34.1  -77.1      0   0.04    140      9  651.0  651.4  651.0 77 
   29.0  24247  -34.7  -77.7      0   0.03    165     13  655.8  656.1  655.8 77 
   28.0  24493  -35.3  -78.3      0   0.03    125     10  660.8  661.1  660.8 77 
   27.6  24593  -35.5  -78.5      0   0.03    128     10  662.8  663.1  662.8 77 
   24.0  25573  -34.6  -78.1      0   0.04    160     13  692.3  692.7  692.4 77 
   23.0  25871  -34.4  -77.9      0   0.04    130     12  701.6  702.0  701.6 77 
   20.0  26850  -33.5  -77.5      0   0.05     75      4  732.8  733.4  732.8 77 
   18.0  27593  -32.3  -76.8      0   0.06    350     10  759.0  759.7  759.0 77 
   17.0  27996  -31.7  -76.4      0   0.07    270      2  773.5  774.4  773.6 77 
   16.0  28424  -31.0  -75.9      0   0.08    170     10  789.3  790.2  789.3 77 
   15.9  28468  -30.9  -75.9      0   0.08                791.0  791.9  791.0 77 
   15.5  28649  -31.5  -75.5      0   0.09                794.8  795.8  794.8 77 
</PRE><H3>Station information and sounding indices</H3><PRE> 60 
                             Station number: 89009 50 
                           Observation time: 240119/1200 56 
                           Station latitude: -90.00 51 
                          Station longitude: 0.00 49 
                          Station elevation: 2835.0 51 
                               Lifted index: 14.20 50 
    LIFT computed using virtual temperature: 14.23 50 
      Convective Available Potential Energy: 0.00 49 
             CAPE using virtual temperature: 0.00 49 
                      Convective Inhibition: 0.00 49 
             CINS using virtual temperature: 0.00 49 
                     Bulk Richardson Number: 0.00 49 
          Bulk Richardson Number using CAPV: 0.00 49 
  Temp [K] of the Lifted Condensation Level: 241.08 51 
Pres [hPa] of the Lifted Condensation Level: 645.78 51 
   Equivalent potential temp [K] of the LCL: 274.42 51 
     Mean mixed layer potential temperature: 273.19 51 
              Mean mixed layer mixing ratio: 0.41 49 
              1000 hPa to 500 hPa thickness: 5200.00 52 
Precipitable water [mm] for entire sounding: 0.88 49 
</PRE> 6 
<H2>89009  Amundsen-Scott Observations at 00Z 20 Jan 2024</H2> 62 
<PRE> 5 
----------------------------------------------------------------------------- 77 
   PRES   HGHT   TEMP   DWPT   RELH   MIXR   DRCT   SKNT   THTA   THTE   THTV 77 
    hPa     m      C      C      %    g/kg    deg   knot     K      K      K  77 
----------------------------------------------------------------------------- 77 
 1000.0    -66                                                                77 
  925.0    587                                                                77 
  850.0   1271                                                                77 
  700.0   2751                                                                77 
  691.0   2835  -33.3  -37.1     69   0.23     70      5  266.6  267.3  266.6 77 
  679.0   2959  -33.9  -34.9     91   0.29     74      5  267.2  268.1  267.3 77 
  677.0   2979  -33.1  -34.2     90   0.31     74      5  268.4  269.3  268.4 77 
  675.0   3000  -29.1  -29.5     96   0.49     75      5  273.1  274.6  273.1 77 
  658.0   3184  -27.3  -34.3     51   0.32     81      6  277.1  278.1  277.1 77 
  630.0   3499  -27.5  -36.5     42   0.27     90      7  280.3  281.2  280.4 77 
  616.0   3661  -27.5  -37.5     38   0.25     95      7  282.1  282.9  282.2 77 
  534.0   4683  -32.9  -34.9     82   0.37    126     10  287.4  288.7  287.5 77 
  529.0   4750  -31.7  -39.7     45   0.23    128     10  289.6  290.4  289.7 77 
  523.0   4831  -31.3  -35.8     64   0.35    131     10  291.1  292.2  291.1 77 
  506.0   5066  -32.5  -35.4     75   0.37    138     11  292.4  293.6  292.4 77 
  501.0   5136  -32.8  -36.2     72   0.35    140     11  292.8  294.0  292.8 77 
  500.0   5150  -32.9  -36.4     71   0.34    140     11  292.9  294.0  292.9 77 
  490.0   5291  -33.7  -38.6     61   0.28    138     11  293.6  294.6  293.6 77 
  439.0   6050  -38.5  -40.9     78   0.25    128     13  296.9  297.8  296.9 77 
  404.0   6613  -42.8  -46.3     69   0.15    120     15  298.4  299.0  298.5 77 
  400.0   6680  -43.3  -46.9     67   0.14    120     16  298.6  299.1  298.7 77 
  334.0   7871  -51.7  -56.2     58   0.06    123     25  302.9  303.2  302.9 77 
  300.0   8560  -55.9  -60.0     60   0.04    125     31  306.4  306.6  306.4 77 
  297.0   8624  -56.3  -60.8     57   0.04    125     32  306.7  306.9  306.7 77 
  293.0   8710  -56.9  -61.9     53   0.03    126     32  307.1  307.2  307.1 77 
  282.0   8953  -58.3  -61.1     70   0.04    130     31  308.5  308.6  308.5 77 
  265.0   9344  -60.1  -63.7     63   0.03    135     30  311.4  311.5  311.4 77 
  262.0   9415  -60.1  -63.4     65   0.03    131     28  312.4  312.5  312.4 77 
  258.0   9512  -59.6  -69.1     28   0.01    125     25  314.5  314.5  314.5 77 
  257.0   9536  -59.5  -70.5     23   0.01    126     24  315.0  315.0  315.0 77 
  250.0   9710  -58.9  -72.9     15   0.01    135     20  318.4  318.4  318.4 77 
  246.0   9812  -58.1  -74.1     11   0.01    136     20  321.0  321.1  321.0 77 
  217.0  10612  -52.9  -80.9      2   0.00    148     16  340.8  340.8  340.8 77 
  200.0  11140  -52.1  -82.1      2   0.00    155     14  350.1  350.1  350.1 77 
  199.0  11173  -52.0  -82.1      2   0.00    160     14  350.7  350.8  350.7 77 
  193.0  11373  -51.5  -82.2      1   0.00    145     14  354.6  354.6  354.6 77 
  189.0  11510  -51.2  -82.3      1   0.00    155     15  357.3  357.3  357.3 77 
  168.0  12279  -49.2  -82.8      1   0.00    145     10  372.8  372.8  372.8 77 
  165.0  12397  -48.9  -82.9      1   0.00    165     10  375.3  375.3  375.3 77 
  162.0  12517  -48.6  -83.0      1   0.00    170      8  377.7  377.8  377.7 77 
  158.0  12680  -48.2  -83.1      1   0.00    175     11  381.2  381.2  381.2 77 
  150.0  13020  -47.3  -83.3      1   0.00    170     17  388.4  388.4  388.4 77 
  149.0  13065  -47.2  -83.3      1   0.00    165     17  389.2  389.3  389.2 77 
  145.0  13246  -46.8  -83.2      1   0.00    145     17  392.9  392.9  392.9 77 
  136.0  13675  -46.0  -83.0      1   0.00    140     10  401.7  401.7  401.7 77 
  133.0  13824  -45.7  -82.9      1   0.00    160     10  404.8  404.8  404.8 77 
  131.0  13925  -45.5  -82.9      1   0.00    140     10  406.9  407.0  406.9 77 
  127.0  14132  -45.1  -82.8      1   0.00    170     11  411.3  411.3  411.3 77 
  122.0  14400  -44.5  -82.7      1   0.00    160     10  417.1  417.1  417.1 77 
  118.0  14623  -44.1  -82.5      1   0.00    200     12  421.9  421.9  421.9 77 
  110.0  15092  -43.1  -82.3      1   0.00    175     21  432.2  432.2  432.2 77 
  102.0  15596  -42.1  -82.1      1   0.00    125     15  443.6  443.6  443.6 77 
  100.0  15730  -42.3  -82.3      1   0.00    130     14  445.7  445.7  445.7 77 
   96.0  16007  -42.0  -82.2      0   0.00    155     11  451.4  451.5  451.4 77 
   92.0  16296  -41.8  -82.0      0   0.01    135     22  457.5  457.5  457.5 77 
   88.0  16597  -41.5  -81.9      0   0.01    155     18  463.9  463.9  463.9 77 
   83.0  16994  -41.1  -81.7      0   0.01    120     13  472.4  472.5  472.4 77 
   82.0  17076  -41.1  -81.6      0   0.01    125     10  474.2  474.2  474.2 77 
   80.0  17244  -40.9  -81.5      0   0.01    165     10  477.9  477.9  477.9 77 
   76.0  17592  -40.6  -81.4      0   0.01    145     19  485.6  485.6  485.6 77 
   74.0  17773  -40.4  -81.3      0   0.01    160     19  489.6  489.7  489.6 77 
   72.0  17959  -40.3  -81.2      0   0.01    140     21  493.9  493.9  493.9 77 
   70.0  18150  -40.1  -81.1      0   0.01    140     18  498.2  498.3  498.2 77 
   65.0  18659  -39.6  -80.8      0   0.01    145     20  510.0  510.1  510.0 77 
   63.0  18873  -39.4  -80.7      0   0.01    125     21  515.1  515.2  515.1 77 
   59.0  19324  -38.9  -80.4      0   0.01    125     17  525.9  526.0  525.9 77 
   55.0  19806  -38.4  -80.1      0   0.01    145     18  537.7  537.8  537.7 77 
   52.0  20191  -38.0  -79.9      0   0.01    140     15  547.3  547.4  547.3 77 
   51.0  20324  -37.8  -79.8      0   0.01    165     18  550.7  550.8  550.7 77 
   50.0  20460  -37.7  -79.7      0   0.01    165     21  554.1  554.3  554.1 77 
   49.0  20600  -37.6  -79.6      0   0.01    150     25  557.6  557.8  557.6 77 
   48.0  20744  -37.4  -79.5      0   0.02    135     24  561.2  561.4  561.3 77 
   43.0  21508  -36.8  -79.0      0   0.02    140     14  580.9  581.0  580.9 77 
   41.0  21839  -36.5  -78.8      0   0.02    125     12  589.6  589.7  589.6 77 
   40.0  22011  -36.3  -78.7      0   0.02    135     10  594.1  594.3  594.1 77 
   39.0  22187  -36.1  -78.6      0   0.02    160     13  598.8  599.0  598.9 77 
   37.0  22553  -35.8  -78.4      0   0.02    120     13  608.8  609.0  608.8 77 
   36.0  22743  -35.6  -78.3      0   0.02    140     14  614.0  614.2  614.0 77 
   35.0  22939  -35.5  -78.2      0   0.03    135     18  619.4  619.6  619.4 77 
   34.0  23140  -35.3  -78.0      0   0.03     85     10  625.0  625.3  625.0 77 
   33.0  23348  -35.1  -77.9      0   0.03     95      4  630.9  631.2  630.9 77 
   32.0  23561  -34.9  -77.8      0   0.03    150     10  637.0  637.3  637.0 77 
   30.0  24010  -34.5  -77.5      0   0.03    150      9  649.9  650.2  650.0 77 
   29.0  24247  -34.3  -77.4      0   0.03    165     13  656.7  657.1  656.7 77 
   27.0  24748  -34.0  -77.2      0   0.04    120     15  671.3  671.6  671.3 77 
   26.0  25012  -33.8  -77.2      0   0.04    105     10  679.1  679.5  679.1 77 
   24.0  25573  -33.4  -77.0      0   0.05    170     10  695.9  696.4  695.9 77 
   22.0  26182  -33.0  -76.7      0   0.05    115     13  714.7  715.2  714.7 77 
   20.0  26850  -32.5  -76.5      0   0.06    190      7  735.9  736.5  735.9 77 
   19.0  27211  -32.9  -76.9      0   0.06                745.5  746.1  745.5 77 
</PRE><H3>Station information and sounding indices</H3><PRE> 60 
                             Station number: 89009 50 
                           Observation time: 240120/0000 56 
                           Station latitude: -90.00 51 
                          Station longitude: 0.00 49 
                          Station elevation: 2835.0 51 
                               Lifted index: 15.52 50 
    LIFT computed using virtual temperature: 15.56 50 
      Convective Available Potential Energy: 0.00 49 
             CAPE using virtual temperature: 0.00 49 
                      Convective Inhibition: 0.00 49 
             CINS using virtual temperature: 0.00 49 
                     Bulk Richardson Number: 0.00 49 
          Bulk Richardson Number using CAPV: 0.00 49 
  Temp [K] of the Lifted Condensation Level: 238.50 51 
Pres [hPa] of the Lifted Condensation Level: 621.34 51 
   Equivalent potential temp [K] of the LCL: 274.27 51 
     Mean mixed layer potential temperature: 273.27 51 
              Mean mixed layer mixing ratio: 0.34 49 
              1000 hPa to 500 hPa thickness: 5216.00 52 
Precipitable water [mm] for entire sounding: 0.97 49 
</PRE> 6 
<H2>89009  Amundsen-Scott Observations at 12Z 20 Jan 2024</H2> 62 
<PRE> 5 
----------------------------------------------------------------------------- 77 
   PRES   HGHT   TEMP   DWPT   RELH   MIXR   DRCT   SKNT   THTA   THTE   THTV 77 
    hPa     m      C      C      %    g/kg    deg   knot     K      K      K  77 
----------------------------------------------------------------------------- 77 
 1000.0   -102                                                                77 
  925.0    552                                                                77 
  850.0   1240                                                                77 
  700.0   2724                                                                77 
  689.0   2835  -32.7  -36.5     69   0.25     75      5  267.4  268.2  267.5 77 
  686.0   2866  -30.7  -31.3     94   0.41     73      5  270.0  271.3  270.1 77 
  663.0   3109  -27.9  -32.2     67   0.39     58      4  275.8  277.0  275.9 77 
  656.0   3185  -27.7  -34.7     51   0.31     54      4  276.9  277.9  276.9 77 
  632.0   3453  -27.3  -35.3     47   0.30     37      2  280.3  281.3  280.3 77 
  621.0   3579  -27.7  -36.7     42   0.27     30      2  281.2  282.1  281.3 77 
  580.0   4067  -29.3  -33.8     65   0.38      0      0  284.9  286.2  285.0 77 
  551.0   4433  -30.5  -31.7     89   0.49     41      2  287.7  289.3  287.8 77 
  519.0   4857  -31.3  -34.9     70   0.38     90      4  291.7  293.0  291.8 77 
  500.0   5120  -32.7  -36.8     67   0.33    120      6  293.1  294.2  293.2 77 
  457.0   5749  -36.5  -40.1     69   0.26    124      7  296.0  296.9  296.0 77 
  400.0   6660  -42.9  -47.3     62   0.13    130      8  299.2  299.6  299.2 77 
  377.0   7057  -45.7  -50.5     58   0.10    135      9  300.6  300.9  300.6 77 
  350.0   7547  -49.7  -51.9     78   0.09    141      9  301.6  302.0  301.6 77 
  334.0   7850  -51.9  -54.5     74   0.07    145     10  302.7  303.0  302.7 77 
  309.0   8352  -55.5  -58.7     67   0.05    141     10  304.4  304.6  304.4 77 
  300.0   8540  -56.5  -60.1     64   0.04    140     10  305.6  305.8  305.6 77 
  272.0   9156  -59.5  -63.6     59   0.03    140     12  309.9  310.0  309.9 77 
  253.0   9606  -60.9  -64.3     64   0.03    140     13  314.3  314.4  314.3 77 
  251.0   9655  -60.5  -65.6     51   0.02    140     12  315.6  315.7  315.6 77 
  250.0   9680  -60.3  -66.3     45   0.02    140     12  316.3  316.4  316.3 77 
  247.0   9756  -59.5  -69.5     26   0.01    144     13  318.6  318.6  318.6 77 
  240.0   9940  -58.4  -71.5     17   0.01    155     14  322.9  322.9  322.9 77 
  232.0  10157  -57.1  -73.8     10   0.01    140     12  328.0  328.0  328.0 77 
  227.0  10296  -56.2  -75.3      7   0.01    155     11  331.3  331.4  331.3 77 
  207.0  10886  -52.7  -81.7      2   0.00    141     11  345.7  345.8  345.7 77 
  205.0  10949  -52.5  -81.8      2   0.00    140     11  347.0  347.0  347.0 77 
  200.0  11110  -52.1  -82.1      2   0.00    160     11  350.1  350.1  350.1 77 
  192.0  11377  -51.5  -82.5      1   0.00    165     10  355.2  355.2  355.2 77 
  187.0  11549  -51.1  -82.7      1   0.00    150     13  358.6  358.6  358.6 77 
  179.0  11835  -50.4  -83.1      1   0.00    170     13  364.1  364.2  364.1 77 
  168.0  12249  -49.4  -83.7      1   0.00    135     11  372.4  372.4  372.4 77 
  163.0  12447  -49.0  -84.0      1   0.00    155     10  376.4  376.4  376.4 77 
  158.0  12650  -48.5  -84.2      1   0.00    150     10  380.6  380.6  380.6 77 
  153.0  12861  -48.0  -84.5      1   0.00    170     10  385.0  385.0  385.0 77 
  150.0  12990  -47.7  -84.7      1   0.00    170     10  387.7  387.7  387.7 77 
  145.0  13217  -47.0  -84.5      1   0.00    170     12  392.6  392.6  392.6 77 
  143.0  13310  -46.8  -84.4      1   0.00    150     15  394.6  394.6  394.6 77 
  141.0  13404  -46.5  -84.3      1   0.00    135     14  396.7  396.7  396.7 77 
  137.0  13597  -45.9  -84.1      1   0.00    145     13  400.9  401.0  400.9 77 
  132.0  13845  -45.2  -83.8      1   0.00    130     10  406.5  406.5  406.5 77 
  128.0  14051  -44.6  -83.6      1   0.00    150      2  411.2  411.2  411.2 77 
  125.0  14210  -44.2  -83.4      1   0.00    175     10  414.8  414.8  414.8 77 
  116.0  14710  -42.7  -82.9      0   0.00    210     11  426.4  426.5  426.4 77 
  109.0  15126  -41.5  -82.5      0   0.00    162     21  436.4  436.4  436.4 77 
  106.0  15315  -41.7  -82.7      0   0.00    140     25  439.5  439.5  439.5 77 
  100.0  15710  -42.1  -83.1      0   0.00    105     10  446.1  446.1  446.1 77 
   98.0  15848  -42.0  -83.0      0   0.00    115      5  448.9  448.9  448.9 77 
   94.0  16132  -41.8  -82.8      0   0.00    150     12  454.7  454.8  454.7 77 
   92.0  16278  -41.6  -82.6      0   0.00    135     12  457.8  457.8  457.8 77 
   85.0  16817  -41.2  -82.2      0   0.01    165     17  469.1  469.2  469.1 77 
   81.0  17146  -40.9  -81.9      0   0.01    140     20  476.2  476.2  476.2 77 
   79.0  17316  -40.8  -81.8      0   0.01    120     17  479.9  479.9  479.9 77 
   77.0  17491  -40.6  -81.6      0   0.01    120     12  483.7  483.8  483.7 77 
   76.0  17580  -40.6  -81.6      0   0.01    160      7  485.7  485.7  485.7 77 
   75.0  17670  -40.5  -81.5      0   0.01    180     10  487.7  487.7  487.7 77 
   70.0  18140  -40.1  -81.1      0   0.01    145     18  498.2  498.3  498.2 77 
   69.0  18239  -40.0  -81.0      0   0.01    135     15  500.5  500.5  500.5 77 
   66.0  18544  -39.7  -80.9      0   0.01    160     18  507.5  507.6  507.5 77 
   62.0  18973  -39.3  -80.7      0   0.01    160     24  517.5  517.6  517.6 77 
   61.0  19085  -39.2  -80.6      0   0.01    145     26  520.2  520.3  520.2 77 
   59.0  19314  -39.0  -80.5      0   0.01    125     23  525.7  525.8  525.7 77 
   56.0  19672  -38.6  -80.3      0   0.01    110     13  534.3  534.4  534.4 77 
   55.0  19796  -38.5  -80.2      0   0.01    145      9  537.4  537.5  537.4 77 
   54.0  19922  -38.4  -80.2      0   0.01    160     10  540.5  540.6  540.5 77 
   50.0  20450  -37.9  -79.9      0   0.01    160     19  553.7  553.8  553.7 77 
   47.0  20880  -37.2  -79.5      0   0.02    155     17  565.1  565.2  565.1 77 
   45.0  21181  -36.8  -79.3      0   0.02    140     20  573.3  573.5  573.3 77 
   44.0  21337  -36.5  -79.1      0   0.02    125     16  577.6  577.7  577.6 77 
   41.0  21828  -35.8  -78.7      0   0.02    135     13  591.2  591.4  591.2 77 
   40.0  21999  -35.5  -78.6      0   0.02    165     11  596.1  596.2  596.1 77 
   38.0  22355  -35.0  -78.3      0   0.02    125     11  606.2  606.5  606.2 77 
   37.0  22540  -34.7  -78.1      0   0.02    150     10  611.6  611.8  611.6 77 
   35.0  22926  -34.1  -77.8      0   0.03    110     12  622.9  623.2  622.9 77 
   33.0  23335  -33.5  -77.4      0   0.03    140     14  635.1  635.4  635.1 77 
   32.4  23462  -33.3  -77.3      0   0.03    125     12  639.0  639.3  639.0 77 
   32.0  23549  -33.5  -77.3      0   0.03    115     10  640.8  641.0  640.8 77 
   30.0  24000  -34.5  -77.5      0   0.03    140      6  649.9  650.2  650.0 77 
   29.0  24237  -34.5  -77.5      0   0.03    170     10  656.3  656.6  656.3 77 
   27.0  24736  -34.5  -77.5      0   0.04    130     16  669.8  670.2  669.8 77 
   26.0  24999  -34.5  -77.5      0   0.04    190      1  677.1  677.4  677.1 77 
   24.0  25558  -34.5  -77.5      0   0.04    175     10  692.7  693.1  692.7 77 
   23.6  25676  -34.5  -77.5      0   0.04    165     10  696.1  696.5  696.1 77 
   23.0  25857  -33.9  -77.1      0   0.05    150     11  703.1  703.6  703.1 77 
   22.0  26169  -32.7  -76.4      0   0.05    125     15  715.4  716.0  715.4 77 
   21.1  26462  -31.7  -75.7      0   0.06    204     10  727.1  727.8  727.1 77 
   20.0  26840  -32.7  -76.7      0   0.06    305      4  735.3  735.9  735.3 77 
   18.0  27582  -32.5  -76.5      0   0.06    160     12  758.4  759.1  758.4 77 
   17.0  27985  -32.4  -76.4      0   0.07    140     10  771.2  772.0  771.2 77 
   16.1  28368  -32.3  -76.3      0   0.07    189      6  783.6  784.4  783.6 77 
   16.0                                       195      6                      77 
</PRE><H3>Station information and sounding indices</H3><PRE> 60 
                             Station number: 89009 50 
                           Observation time: 240120/1200 56 
                           Station latitude: -90.00 51 
                          Station longitude: 0.00 49 
                          Station elevation: 2835.0 51 
                               Lifted index: 14.60 50 
    LIFT computed using virtual temperature: 14.63 50 
      Convective Available Potential Energy: 0.00 49 
             CAPE using virtual temperature: 0.00 49 
                      Convective Inhibition: 0.00 49 
             CINS using virtual temperature: 0.00 49 
                     Bulk Richardson Number: 0.00 49 
          Bulk Richardson Number using CAPV: 0.00 49 
  Temp [K] of the Lifted Condensation Level: 239.35 51 
Pres [hPa] of the Lifted Condensation Level: 618.62 51 
   Equivalent potential temp [K] of the LCL: 275.68 51 
     Mean mixed layer potential temperature: 274.59 51 
              Mean mixed layer mixing ratio: 0.36 49 
              1000 hPa to 500 hPa thickness: 5222.00 52 
Precipitable water [mm] for entire sounding: 1.07 49 
</PRE> 6 
<H2>89009  Amundsen-Scott Observations at 00Z 21 Jan 2024</H2> 62 
<PRE> 5 
----------------------------------------------------------------------------- 77 
   PRES   HGHT   TEMP   DWPT   RELH   MIXR   DRCT   SKNT   THTA   THTE   THTV 77 
    hPa     m      C      C      %    g/kg    deg   knot     K      K      K  77 
----------------------------------------------------------------------------- 77 
 1000.0   -118                                                                77 
  925.0    536                                                                77 
  850.0   1223                                                                77 
  700.0   2705                                                                77 
  687.0   2835  -31.3  -34.9     70   0.29     65      3  269.2  270.1  269.3 77 
  665.0   3067  -28.7  -30.4     85   0.46     55      3  274.7  276.1  274.8 77 
  626.0   3501  -28.1  -36.1     46   0.28     36      3  280.1  281.1  280.2 77 
  623.0   3536  -27.9  -32.9     62   0.39     34      3  280.8  282.0  280.8 77 
  588.0   3951  -29.3  -32.4     74   0.43     16      3  283.8  285.2  283.9 77 
  551.0   4414  -31.3  -33.1     84   0.43    356      2  286.8  288.2  286.8 77 
  500.0   5100  -33.7  -36.3     77   0.35    325      2  291.9  293.1  291.9 77 
  495.0   5170  -34.1  -36.7     77   0.33    321      2  292.2  293.4  292.3 77 
  400.0   6630  -44.3  -46.8     76   0.14    245      5  297.3  297.9  297.4 77 
  367.0   7201  -48.3  -49.7     85   0.11    241      6  299.4  299.8  299.4 77 
  323.0   8030  -54.1  -56.3     77   0.06    234      8  302.5  302.8  302.5 77 
  300.0   8500  -56.9  -59.3     74   0.04    230      9  305.0  305.2  305.0 77 
  272.0   9119  -60.3  -63.3     68   0.03    240     10  308.8  308.9  308.8 77 
  265.0   9283  -60.3  -63.3     68   0.03    245     10  311.1  311.2  311.1 77 
  260.0   9402  -60.3  -63.3     68   0.03    237     10  312.8  312.9  312.8 77 
  252.0   9599  -58.1  -74.1     11   0.01    223      9  318.8  318.9  318.8 77 
  250.0   9650  -57.9  -73.9     11   0.01    220      9  319.9  319.9  319.9 77 
  214.0  10643  -52.2  -80.7      2   0.00    185     10  343.3  343.3  343.3 77 
  210.0  10764  -51.5  -81.5      2   0.00    165     12  346.2  346.2  346.2 77 
  209.0  10795  -51.5  -81.6      2   0.00    160     13  346.7  346.7  346.7 77 
  200.0  11080  -51.1  -82.1      1   0.00    155      9  351.7  351.7  351.7 77 
  192.0  11348  -50.5  -82.0      1   0.00    175     10  356.9  356.9  356.9 77 
  174.0  11995  -48.9  -81.8      1   0.00    165     10  369.6  369.6  369.6 77 
  164.0  12384  -47.9  -81.7      1   0.00    185     13  377.5  377.5  377.5 77 
  157.0  12670  -47.2  -81.6      1   0.00    150     10  383.4  383.5  383.4 77 
  150.0  12970  -46.5  -81.5      1   0.00    165      7  389.7  389.8  389.7 77 
  148.0  13060  -46.3  -81.4      1   0.00    185     10  391.6  391.6  391.6 77 
  140.0  13432  -45.3  -81.1      1   0.00    130     13  399.6  399.6  399.6 77 
  136.0  13626  -44.8  -81.0      1   0.00    130     13  403.8  403.8  403.8 77 
  128.0  14032  -43.8  -80.7      1   0.00    190     10  412.7  412.7  412.7 77 
  125.0  14191  -43.4  -80.5      1   0.00    160     12  416.2  416.3  416.2 77 
  122.0  14354  -43.0  -80.4      1   0.01    180     14  419.9  419.9  419.9 77 
  116.0  14691  -42.1  -80.1      1   0.01    160     14  427.6  427.6  427.6 77 
  110.0  15047  -41.2  -79.8      1   0.01    180     15  435.8  435.9  435.8 77 
  107.0  15232  -40.7  -79.7      1   0.01    170     17  440.2  440.2  440.2 77 
  104.0  15425  -41.0  -79.6      1   0.01    160     20  443.1  443.2  443.1 77 
  100.0  15690  -41.5  -79.5      1   0.01    125     14  447.2  447.3  447.2 77 
   99.0  15758  -41.4  -79.5      1   0.01    120     10  448.6  448.7  448.6 77 
   97.0  15898  -41.3  -79.5      1   0.01    155      6  451.5  451.5  451.5 77 
   95.0  16039  -41.2  -79.5      1   0.01    185     10  454.4  454.5  454.4 77 
   92.0  16258  -41.0  -79.5      1   0.01    185     18  458.9  459.0  459.0 77 
   88.0  16561  -40.8  -79.5      1   0.01    185     18  465.3  465.4  465.3 77 
   83.0  16959  -40.5  -79.5      1   0.01    165     12  473.8  473.9  473.8 77 
   80.0  17210  -40.2  -79.5      1   0.01    175     16  479.3  479.3  479.3 77 
   78.0  17383  -40.1  -79.5      1   0.01    160     12  483.0  483.1  483.0 77 
   76.0  17560  -40.0  -79.5      1   0.01    170     10  486.9  487.0  486.9 77 
   72.0  17928  -39.7  -79.5      1   0.01    200     17  495.2  495.2  495.2 77 
   70.0  18120  -39.5  -79.5      1   0.01    180     20  499.5  499.6  499.5 77 
   67.0  18422  -39.2  -79.5      1   0.01    165     25  506.5  506.6  506.5 77 
   65.0  18631  -39.0  -79.4      1   0.01    150     22  511.4  511.4  511.4 77 
   63.0  18846  -38.8  -79.4      1   0.01    175     18  516.4  516.5  516.4 77 
   60.0  19183  -38.4  -79.3      1   0.01    165     19  524.5  524.5  524.5 77 
   59.0  19299  -38.3  -79.3      1   0.01    175     17  527.2  527.3  527.2 77 
   56.0  19659  -37.9  -79.2      1   0.01    150     19  536.0  536.1  536.0 77 
   54.0  19909  -37.6  -79.2      1   0.01    170     18  542.2  542.3  542.2 77 
   52.0  20170  -37.4  -79.2      1   0.01    150     18  548.7  548.8  548.7 77 
   50.0  20440  -37.1  -79.1      0   0.02    180     17  555.5  555.7  555.6 77 
   47.0  20871  -36.8  -78.9      0   0.02    175     22  566.3  566.4  566.3 77 
   44.0  21331  -36.4  -78.7      0   0.02    145     17  577.9  578.1  577.9 77 
   42.0  21655  -36.1  -78.5      0   0.02    175     11  586.3  586.5  586.3 77 
   39.0  22172  -35.7  -78.2      0   0.02    160     20  599.9  600.1  599.9 77 
   37.0  22538  -35.5  -78.0      0   0.02    140     15  609.7  609.9  609.7 77 
   36.0  22729  -35.3  -77.9      0   0.03    150     12  614.9  615.1  614.9 77 
   34.0  23128  -35.0  -77.7      0   0.03    140     13  625.8  626.1  625.8 77 
   33.0  23336  -34.8  -77.6      0   0.03    155     13  631.6  631.9  631.6 77 
   32.0  23550  -34.6  -77.5      0   0.03    125     15  637.6  637.9  637.7 77 
   31.0  23771  -34.5  -77.4      0   0.03    120     10  643.9  644.2  643.9 77 
   30.0  24000  -34.3  -77.3      0   0.03    155      8  650.5  650.8  650.5 77 
   28.0  24482  -34.1  -77.2      0   0.04    170     10  664.1  664.5  664.1 77 
   27.0  24735  -33.9  -77.2      0   0.04    170     13  671.4  671.8  671.4 77 
   26.0  24999  -33.8  -77.2      0   0.04    165      6  679.0  679.4  679.0 77 
   25.0  25273  -33.7  -77.1      0   0.04    200     10  687.1  687.5  687.1 77 
   24.0  25557  -33.5  -77.1      0   0.04    150     17  695.5  696.0  695.6 77 
   23.0  25855  -33.4  -77.0      0   0.05    160     13  704.5  705.0  704.5 77 
   22.0  26165  -33.2  -77.0      0   0.05    130     10  713.9  714.5  714.0 77 
   21.0  26489  -33.1  -77.0      0   0.05    145     10  724.0  724.5  724.0 77 
   20.0  26830  -32.9  -76.9      0   0.05     90      8  734.6  735.2  734.7 77 
   19.0  27192  -32.6  -76.6      0   0.06    205     10  746.6  747.2  746.6 77 
   17.0  27977  -31.8  -75.8      0   0.08    170     12  773.1  773.9  773.1 77 
   16.0  28405  -31.4  -75.4      0   0.09    140     15  787.9  788.9  788.0 77 
   15.3  28721  -31.1  -75.1      1   0.09    140     14  799.0  800.1  799.1 77 
   15.0                                       140     13                      77 
</PRE><H3>Station information and sounding indices</H3><PRE> 60 
                             Station number: 89009 50 
                           Observation time: 240121/0000 56 
                           Station latitude: -90.00 51 
                          Station longitude: 0.00 49 
                          Station elevation: 2835.0 51 
                               Lifted index: 13.80 50 
    LIFT computed using virtual temperature: 13.84 50 
      Convective Available Potential Energy: 0.00 49 
             CAPE using virtual temperature: 0.00 49 
                      Convective Inhibition: 0.00 49 
             CINS using virtual temperature: 0.00 49 
                     Bulk Richardson Number: 0.00 49 
          Bulk Richardson Number using CAPV: 0.00 49 
  Temp [K] of the Lifted Condensation Level: 240.20 51 
Pres [hPa] of the Lifted Condensation Level: 629.00 51 
   Equivalent potential temp [K] of the LCL: 275.43 51 
     Mean mixed layer potential temperature: 274.26 51 
              Mean mixed layer mixing ratio: 0.39 49 
              1000 hPa to 500 hPa thickness: 5218.00 52 
Precipitable water [mm] for entire sounding: 1.13 49 
</PRE> 6 
<H2>89009  Amundsen-Scott Observations at 12Z 21 Jan 2024</H2> 62 
<PRE> 5 
----------------------------------------------------------------------------- 77 
   PRES   HGHT   TEMP   DWPT   RELH   MIXR   DRCT   SKNT   THTA   THTE   THTV 77 
    hPa     m      C      C      %    g/kg    deg   knot     K      K      K  77 
----------------------------------------------------------------------------- 77 
 1000.0   -114                                                                77 
  925.0    534                                                                77 
  850.0   1217                                                                77 
  700.0   2695                                                                77 
  686.0   2835  -32.1  -35.8     70   0.26     50      5  268.5  269.3  268.5 77 
  680.0   2897  -30.3  -31.8     87   0.39     49      5  271.1  272.4  271.2 77 
  669.0   3013  -29.9  -31.1     89   0.43     46      5  272.9  274.2  272.9 77 
  662.0   3089  -28.7  -36.7     46   0.25     44      5  275.0  275.8  275.1 77 
  657.0   3143  -28.3  -33.3     62   0.35     43      4  276.1  277.2  276.1 77 
  646.0   3264  -28.5  -30.1     86   0.49     41      4  277.2  278.7  277.3 77 
  629.0   3455  -28.9  -33.8     63   0.35     36      4  278.9  280.0  278.9 77 
  621.0   3547  -28.9  -32.1     74   0.42     34      4  279.9  281.2  279.9 77 
  617.0   3593  -28.9  -37.9     42   0.24     33      4  280.4  281.2  280.4 77 
  607.0   3710  -29.5  -33.9     66   0.36     31      3  281.0  282.2  281.1 77 
  604.0   3745  -29.5  -38.5     41   0.23     30      3  281.4  282.2  281.4 77 
  596.0   3840  -29.9  -39.9     37   0.20     28      3  282.0  282.7  282.1 77 
  581.0   4022  -30.5  -35.5     62   0.32     24      3  283.4  284.4  283.4 77 
  574.0   4108  -30.9  -37.9     50   0.26     22      3  283.9  284.8  283.9 77 
  510.0   4941  -34.3  -36.4     81   0.33      3      1  289.5  290.6  289.6 77 
  500.0   5080  -34.7  -37.3     77   0.31      0      1  290.7  291.7  290.7 77 
  475.0   5438  -36.7  -39.3     77   0.27    339      2  292.5  293.4  292.5 77 
  450.0   5811  -39.3  -40.4     89   0.25    318      3  293.8  294.7  293.8 77 
  400.0   6610  -44.9  -47.2     78   0.14    270      6  296.6  297.1  296.6 77 
  345.0   7584  -51.9  -54.6     73   0.07    275     10  299.9  300.1  299.9 77 
  342.0   7642  -52.3  -55.0     72   0.06    275     10  300.1  300.3  300.1 77 
  307.0   8334  -56.9  -58.4     83   0.05    271     14  303.0  303.2  303.0 77 
  300.0   8480  -57.7  -60.8     68   0.04    270     15  303.9  304.1  303.9 77 
  286.0   8778  -59.3  -64.0     54   0.02    270     14  305.8  305.9  305.8 77 
  284.0   8822  -59.2  -64.5     50   0.02    270     14  306.6  306.7  306.6 77 
  257.0   9446  -57.5  -71.5     15   0.01    239      9  317.9  318.0  317.9 77 
  250.0   9620  -56.3  -73.3     10   0.01    230      8  322.2  322.3  322.2 77 
  204.0  10930  -49.7  -81.7      1   0.00    170     10  351.9  351.9  351.9 77 
  200.0  11060  -49.7  -81.7      1   0.00    165      8  353.9  353.9  353.9 77 
  173.0  12013  -48.4  -82.9      1   0.00    175     11  371.0  371.1  371.0 77 
  159.0  12567  -47.6  -83.6      1   0.00    150     10  381.4  381.4  381.4 77 
  153.0  12820  -47.3  -83.9      1   0.00    180     10  386.2  386.2  386.2 77 
  150.0  12950  -47.1  -84.1      1   0.00    165     13  388.7  388.7  388.7 77 
  143.0  13270  -46.5  -84.0      1   0.00    140     11  395.1  395.1  395.1 77 
  139.0  13459  -46.1  -84.0      1   0.00    155     13  399.0  399.0  399.0 77 
  133.0  13754  -45.6  -83.9      1   0.00    130     12  405.0  405.0  405.0 77 
  124.0  14223  -44.7  -83.8      1   0.00    170     10  414.8  414.9  414.8 77 
  121.0  14386  -44.4  -83.8      0   0.00    155     12  418.3  418.4  418.3 77 
  117.0  14611  -43.9  -83.7      0   0.00    180     10  423.2  423.2  423.2 77 
  115.0  14727  -43.7  -83.7      0   0.00    178     11  425.7  425.7  425.7 77 
  100.0  15670  -42.7  -82.7      0   0.00    165     16  444.9  445.0  444.9 77 
   96.0  15947  -42.2  -82.4      0   0.00    140     12  451.1  451.2  451.1 77 
   92.0  16236  -41.7  -82.1      0   0.01    165     11  457.7  457.7  457.7 77 
   87.0  16615  -41.0  -81.8      0   0.01    165     10  466.4  466.5  466.4 77 
   85.0  16773  -40.7  -81.6      0   0.01    185     11  470.1  470.2  470.1 77 
   70.0  18090  -38.3  -80.3      0   0.01    145     16  502.1  502.1  502.1 77 
   64.0  18710  -37.3  -79.7      0   0.01    180     13  517.3  517.4  517.3 77 
   55.0  19758  -35.6  -78.6      0   0.02    155     15  544.0  544.1  544.0 77 
   54.4  19834  -35.5  -78.5      0   0.02    160     15  546.0  546.1  546.0 77 
   52.0  20148  -35.9  -78.9      0   0.02    180     16  552.1  552.2  552.1 77 
   50.0  20420  -36.3  -79.3      0   0.01    165     19  557.4  557.6  557.4 77 
   47.0  20851  -36.0  -79.0      0   0.02    145     14  568.2  568.4  568.2 77 
   44.0  21310  -35.6  -78.6      0   0.02    160     12  579.9  580.1  580.0 77 
   43.0  21470  -35.5  -78.5      0   0.02    175     13  584.1  584.3  584.1 77 
   41.0  21802  -35.2  -78.2      0   0.02    175     15  592.8  593.0  592.8 77 
   39.0  22150  -34.9  -77.9      0   0.02    135     14  602.0  602.2  602.0 77 
   36.0  22707  -34.4  -77.4      0   0.03    160     10  617.1  617.4  617.1 77 
   35.0  22903  -34.3  -77.3      0   0.03    150     18  622.5  622.8  622.5 77 
   33.9  23126  -34.1  -77.1      0   0.03    158     18  628.7  629.0  628.7 77 
   33.0  23314  -34.2  -77.2      0   0.03    165     18  633.3  633.6  633.3 77 
   32.0  23529  -34.3  -77.3      0   0.03    130     10  638.6  638.9  638.6 77 
   31.0  23751  -34.4  -77.4      0   0.03    145     10  644.2  644.5  644.2 77 
   30.0  23980  -34.5  -77.5      0   0.03    145     13  649.9  650.2  650.0 77 
   29.0  24216  -34.9  -77.9      0   0.03    125      2  655.2  655.5  655.2 77 
   27.0  24714  -35.7  -78.7      0   0.03    135     15  666.5  666.8  666.5 77 
   26.5  24844  -35.9  -78.9      0   0.03    130     13  669.4  669.7  669.5 77 
   26.0  24978  -35.5  -78.6      0   0.03    125     11  674.2  674.5  674.2 77 
   25.0  25252  -34.7  -78.1      0   0.04    145     14  684.0  684.4  684.0 77 
   24.0  25538  -33.9  -77.5      0   0.04    150     10  694.4  694.9  694.5 77 
   23.0  25835  -33.0  -76.9      0   0.05      0      0  705.5  705.9  705.5 77 
   22.6  25958  -32.7  -76.7      0   0.05     18      1  710.0  710.6  710.1 77 
   20.0  26820  -31.9  -75.9      0   0.06    140      4  737.7  738.4  737.7 77 
   17.0  27971  -31.4  -75.8      0   0.08    205     12  774.2  775.1  774.3 77 
   16.0  28400  -31.3  -75.8      0   0.08    170     11  788.3  789.2  788.3 77 
   15.0  28857  -31.1  -75.8      0   0.09    130     12  803.6  804.6  803.6 77 
   14.0  29345  -30.9  -75.7      0   0.09    100     10  820.2  821.3  820.3 77 
   13.0  29870  -30.7  -75.7      0   0.10    170     10  838.5  839.7  838.5 77 
   12.5  30148  -30.9  -75.9      0   0.10    155     10  847.2  848.5  847.3 77 
   12.0  30440  -29.3  -74.7      0   0.13    140     11  862.7  864.3  862.8 77 
   11.2  30934  -26.7  -72.7      0   0.18    132      5  889.4  891.8  889.5 77 
   11.0                                       130      3                      77 
</PRE><H3>Station information and sounding indices</H3><PRE> 60 
                             Station number: 89009 50 
                           Observation time: 240121/1200 56 
                           Station latitude: -90.00 51 
                          Station longitude: 0.00 49 
                          Station elevation: 2835.0 51 
                               Lifted index: 12.81 50 
    LIFT computed using virtual temperature: 12.84 50 
      Convective Available Potential Energy: 0.00 49 
             CAPE using virtual temperature: 0.00 49 
                      Convective Inhibition: 0.00 49 
             CINS using virtual temperature: 0.00 49 
                     Bulk Richardson Number: 0.00 49 
          Bulk Richardson Number using CAPV: 0.00 49 
  Temp [K] of the Lifted Condensation Level: 240.12 51 
Pres [hPa] of the Lifted Condensation Level: 628.37 51 
   Equivalent potential temp [K] of the LCL: 275.41 51 
     Mean mixed layer potential temperature: 274.24 51 
              Mean mixed layer mixing ratio: 0.39 49 
              1000 hPa to 500 hPa thickness: 5194.00 52 
Precipitable water [mm] for entire sounding: 0.97 49 
</PRE> 6 
<H2>89009  Amundsen-Scott Observations at 00Z 22 Jan 2024</H2> 62 
<PRE> 5 
----------------------------------------------------------------------------- 77 
   PRES   HGHT   TEMP   DWPT   RELH   MIXR   DRCT   SKNT   THTA   THTE   THTV 77 
    hPa     m      C      C      %    g/kg    deg   knot     K      K      K  77 
----------------------------------------------------------------------------- 77 
 1000.0   -115                                                                77 
  925.0    534                                                                77 
  850.0   1217                                                                77 
  700.0   2692                                                                77 
  686.0   2835  -33.5  -37.3     69   0.23     60      3  266.9  267.6  266.9 77 
  680.0   2897  -31.7  -34.3     78   0.31     57      3  269.6  270.6  269.6 77 
  670.0   3002  -31.7  -32.2     95   0.39     51      3  270.7  271.9  270.8 77 
  646.0   3261  -29.1  -36.1     51   0.27     37      3  276.5  277.4  276.6 77 
  635.0   3383  -29.1  -37.1     46   0.25     31      3  277.9  278.7  277.9 77 
  631.0   3428  -29.1  -30.6     87   0.48     28      3  278.4  279.9  278.4 77 
  616.0   3600  -29.5  -31.6     82   0.44     19      3  279.8  281.2  279.9 77 
  596.0   3835  -30.5  -32.3     84   0.43      7      3  281.3  282.7  281.4 77 
  590.0   3907  -30.7  -33.5     76   0.39      3      3  281.9  283.2  282.0 77 
  587.0   3943  -30.7  -39.7     41   0.21      1      3  282.3  283.0  282.4 77 
  584.0   3979  -30.9  -35.9     61   0.31    359      3  282.5  283.5  282.5 77 
  579.0   4040  -31.1  -40.1     41   0.20    356      3  282.9  283.6  283.0 77 
  549.0   4416  -32.5  -36.5     67   0.31    335      3  285.6  286.7  285.7 77 
  500.0   5070  -35.5  -38.5     74   0.28    300      3  289.7  290.6  289.8 77 
  476.0   5413  -37.1  -40.1     74   0.25    296      4  291.8  292.7  291.9 77 
  444.0   5893  -40.1  -41.8     84   0.22    289      5  293.9  294.7  293.9 77 
  400.0   6600  -45.1  -47.0     81   0.14    280      7  296.3  296.8  296.3 77 
  328.0   7887  -54.1  -56.3     77   0.06    260     11  301.2  301.4  301.2 77 
  310.0   8253  -56.7  -58.9     76   0.04    260     11  302.5  302.6  302.5 77 
  300.0   8460  -57.9  -60.7     70   0.04    260     11  303.6  303.8  303.6 77 
  295.0   8566  -58.3  -61.5     66   0.03    265     11  304.6  304.7  304.6 77 
  282.0   8850  -59.3  -63.6     57   0.03    255     11  307.0  307.1  307.0 77 
  272.0   9076  -58.9  -64.9     46   0.02    240     10  310.8  310.9  310.8 77 
  262.0   9313  -57.9  -71.9     15   0.01    240      8  315.6  315.6  315.6 77 
  250.0   9610  -56.1  -74.1      9   0.01    240      6  322.5  322.6  322.5 77 
  200.0  11050  -49.9  -82.9      1   0.00    205      5  353.6  353.6  353.6 77 
  171.0  12079  -47.9  -83.7      1   0.00    150     11  373.0  373.0  373.0 77 
  165.0  12314  -47.5  -83.8      1   0.00    175     12  377.6  377.6  377.6 77 
  160.0  12516  -47.1  -84.0      1   0.00    140     10  381.6  381.6  381.6 77 
  155.0  12725  -46.7  -84.1      1   0.00    170     10  385.7  385.8  385.7 77 
  152.0  12853  -46.5  -84.2      1   0.00    155     10  388.3  388.3  388.3 77 
  150.0  12940  -46.3  -84.3      1   0.00    150      9  390.1  390.1  390.1 77 
  146.0  13121  -46.0  -84.2      1   0.00    170     11  393.6  393.6  393.6 77 
  137.0  13546  -45.3  -84.0      1   0.00    145     10  402.1  402.1  402.1 77 
  126.0  14105  -44.3  -83.7      0   0.00    170     12  413.6  413.6  413.6 77 
  120.0  14431  -43.8  -83.5      0   0.00    150     12  420.4  420.4  420.4 77 
  114.0  14773  -43.2  -83.3      0   0.00    175     15  427.7  427.7  427.7 77 
  103.0  15451  -42.0  -82.9      0   0.00    130     13  442.5  442.5  442.5 77 
  102.0  15516  -41.9  -82.9      0   0.00    133     13  443.9  444.0  444.0 77 
  100.0  15650  -41.9  -82.9      0   0.00    140     13  446.5  446.5  446.5 77 
   95.0  16001  -41.5  -82.7      0   0.00    140     12  453.8  453.8  453.8 77 
   94.0  16073  -41.5  -82.6      0   0.00    150      9  455.3  455.4  455.3 77 
   92.0  16220  -41.3  -82.5      0   0.00    160     12  458.4  458.5  458.4 77 
   88.0  16525  -41.0  -82.3      0   0.01    140     13  464.9  465.0  464.9 77 
   85.0  16762  -40.7  -82.2      0   0.01    160     13  470.1  470.1  470.1 77 
   82.0  17008  -40.5  -82.0      0   0.01    150     14  475.5  475.5  475.5 77 
   77.0  17438  -40.0  -81.7      0   0.01    165     14  485.1  485.1  485.1 77 
   72.0  17897  -39.5  -81.4      0   0.01    150     16  495.5  495.5  495.5 77 
   70.0  18090  -39.3  -81.3      0   0.01    155     13  499.9  500.0  499.9 77 
   67.0  18392  -39.0  -81.0      0   0.01    175     15  507.0  507.0  507.0 77 
   63.0  18816  -38.5  -80.5      0   0.01    160     20  517.0  517.1  517.0 77 
   61.0  19039  -38.2  -80.2      0   0.01    135     18  522.3  522.4  522.4 77 
   59.0  19269  -38.0  -80.0      0   0.01    140     11  527.9  528.0  527.9 77 
   57.0  19507  -37.7  -79.7      0   0.01    165     12  533.8  533.9  533.8 77 
   54.0  19879  -37.3  -79.3      0   0.01    155     10  543.0  543.1  543.0 77 
   53.0  20008  -37.1  -79.2      0   0.01    175     16  546.3  546.4  546.3 77 
   50.0  20410  -36.7  -78.7      1   0.02    175     20  556.5  556.6  556.5 77 
   49.0  20550  -36.4  -78.5      1   0.02    165     23  560.5  560.6  560.5 77 
   47.0  20839  -35.7  -78.1      1   0.02    150     16  568.8  568.9  568.8 77 
   45.0  21141  -35.0  -77.7      1   0.02    185     14  577.5  577.7  577.5 77 
   44.0  21297  -34.7  -77.5      1   0.02    165     18  582.1  582.3  582.1 77 
   42.4  21553  -34.1  -77.1      0   0.02    175     17  589.8  590.0  589.8 77 
   41.0  21788  -34.0  -77.1      0   0.03    185     16  595.6  595.9  595.6 77 
   38.0  22319  -33.9  -77.2      0   0.03    145     20  609.1  609.4  609.2 77 
   35.0  22893  -33.7  -77.2      0   0.03    160     11  624.1  624.4  624.1 77 
   34.0  23096  -33.6  -77.2      0   0.03    175      9  629.5  629.8  629.5 77 
   33.0  23304  -33.5  -77.2      0   0.03    150     11  635.1  635.4  635.1 77 
   32.0  23519  -33.5  -77.3      0   0.03    170     16  640.9  641.2  640.9 77 
   31.0  23741  -33.4  -77.3      0   0.03    160     17  646.9  647.2  646.9 77 
   30.0  23970  -33.3  -77.3      0   0.03    120     11  653.2  653.5  653.2 77 
   28.0  24455  -33.4  -77.2      0   0.04    150     10  665.9  666.3  665.9 77 
   27.0  24711  -33.5  -77.2      0   0.04    145      1  672.7  673.1  672.7 77 
   26.0  24976  -33.5  -77.2      0   0.04    210     10  679.9  680.3  679.9 77 
   24.0  25538  -33.6  -77.1      0   0.04    170     10  695.2  695.7  695.3 77 
   23.0  25838  -33.7  -77.0      0   0.05    200     10  703.6  704.0  703.6 77 
   22.0  26150  -33.8  -77.0      0   0.05    165     12  712.4  712.9  712.4 77 
   21.0  26477  -33.8  -77.0      0   0.05    195     13  721.7  722.2  721.7 77 
   20.0  26820  -33.9  -76.9      1   0.05    185     18  731.6  732.2  731.6 77 
   19.0  27181  -33.6  -76.8      1   0.06    155     12  743.3  744.0  743.4 77 
   18.0  27561  -33.3  -76.6      0   0.06    155     16  755.9  756.6  755.9 77 
   17.0  27962  -33.0  -76.5      0   0.07    125     10  769.4  770.2  769.4 77 
   16.0  28389  -32.6  -76.3      0   0.07    135     14  784.0  784.9  784.0 77 
   15.0  28842  -32.2  -76.2      0   0.08    130      7  799.9  800.8  799.9 77 
   14.7  28984  -32.1  -76.1      0   0.08                804.9  805.9  804.9 77 
</PRE><H3>Station information and sounding indices</H3><PRE> 60 
                             Station number: 89009 50 
                           Observation time: 240122/0000 56 
                           Station latitude: -90.00 51 
                          Station longitude: 0.00 49 
                          Station elevation: 2835.0 51 
                               Lifted index: 13.45 50 
    LIFT computed using virtual temperature: 13.48 50 
      Convective Available Potential Energy: 0.00 49 
             CAPE using virtual temperature: 0.00 49 
                      Convective Inhibition: 0.00 49 
             CINS using virtual temperature: 0.00 49 
                     Bulk Richardson Number: 0.00 49 
          Bulk Richardson Number using CAPV: 0.00 49 
  Temp [K] of the Lifted Condensation Level: 238.02 51 
Pres [hPa] of the Lifted Condensation Level: 621.86 51 
   Equivalent potential temp [K] of the LCL: 273.60 51 
     Mean mixed layer potential temperature: 272.65 51 
              Mean mixed layer mixing ratio: 0.32 49 
              1000 hPa to 500 hPa thickness: 5185.00 52 
Precipitable water [mm] for entire sounding: 0.95 49 
</PRE> 6 
<H2>89009  Amundsen-Scott Observations at 12Z 22 Jan 2024</H2> 62 
<PRE> 5 
----------------------------------------------------------------------------- 77 
   PRES   HGHT   TEMP   DWPT   RELH   MIXR   DRCT   SKNT   THTA   THTE   THTV 77 
    hPa     m      C      C      %    g/kg    deg   knot     K      K      K  77 
----------------------------------------------------------------------------- 77 
 1000.0   -168                                                                77 
  925.0    480                                                                77 
  850.0   1166                                                                77 
  700.0   2648                                                                77 
  682.0   2835  -33.7  -37.5     69   0.22     90      6  267.1  267.8  267.2 77 
  673.0   2929  -29.1  -36.1     51   0.26     87      6  273.3  274.1  273.3 77 
  634.0   3357  -28.3  -35.3     51   0.30     74      6  278.9  279.9  278.9 77 
  630.0   3403  -28.5  -32.8     66   0.39     72      6  279.2  280.4  279.2 77 
  627.0   3437  -28.7  -35.7     51   0.29     71      6  279.3  280.3  279.4 77 
  621.0   3506  -28.9  -30.9     83   0.47     69      6  279.9  281.4  279.9 77 
  599.0   3764  -29.9  -32.8     76   0.41     61      6  281.6  282.9  281.7 77 
  595.0   3811  -29.9  -40.9     34   0.18     59      6  282.1  282.8  282.2 77 
  589.0   3884  -30.1  -41.1     33   0.18     57      6  282.7  283.4  282.8 77 
  512.0   4874  -34.1  -38.6     64   0.27     25      5  289.4  290.4  289.5 77 
  500.0   5040  -35.3  -39.1     68   0.26     20      5  289.9  290.8  290.0 77 
  486.0   5237  -36.5  -39.0     78   0.27     14      5  290.8  291.8  290.9 77 
  457.0   5660  -38.7  -43.1     63   0.19      2      6  293.2  293.9  293.3 77 
  400.0   6560  -45.1  -48.7     67   0.11    335      7  296.3  296.7  296.3 77 
  331.0   7796  -54.1  -56.5     75   0.06    296      8  300.4  300.6  300.4 77 
  300.0   8420  -57.9  -60.4     73   0.04    275      9  303.6  303.8  303.6 77 
  291.0   8612  -58.7  -60.3     82   0.04    275      9  305.1  305.3  305.1 77 
  281.0   8832  -59.7  -63.3     63   0.03    275      8  306.8  306.9  306.8 77 
  258.0   9370  -57.5  -72.5     13   0.01    217      5  317.6  317.6  317.6 77 
  250.0   9570  -55.7  -74.7      8   0.01    195      4  323.1  323.2  323.1 77 
  228.0  10160  -51.5  -80.5      2   0.00    156      4  338.1  338.2  338.1 77 
  200.0  11010  -49.9  -82.9      1   0.00    100      4  353.6  353.6  353.6 77 
  173.0  11968  -48.1  -83.6      1   0.00    170     11  371.5  371.6  371.5 77 
  150.0  12910  -46.3  -84.3      1   0.00    160      7  390.1  390.1  390.1 77 
  144.0  13181  -45.7  -84.7      0   0.00    162      8  395.7  395.7  395.7 77 
  132.0  13766  -44.8  -84.2      0   0.00    165     10  407.4  407.4  407.4 77 
  123.0  14240  -44.0  -83.8      0   0.00    140     10  417.1  417.1  417.1 77 
  118.0  14519  -43.5  -83.6      0   0.00    155     10  422.9  422.9  422.9 77 
  115.0  14691  -43.2  -83.5      0   0.00    140     11  426.5  426.6  426.5 77 
  109.0  15051  -42.6  -83.2      0   0.00    160     10  434.2  434.2  434.2 77 
  100.0  15630  -41.7  -82.7      0   0.00    140      9  446.9  446.9  446.9 77 
   92.0  16198  -41.0  -82.2      0   0.01    160     11  459.1  459.1  459.1 77 
   86.0  16658  -40.4  -81.8      0   0.01    150     15  469.3  469.3  469.3 77 
   83.0  16899  -40.0  -81.5      0   0.01    130     10  474.7  474.7  474.7 77 
   80.0  17150  -39.7  -81.3      0   0.01    180     10  480.4  480.4  480.4 77 
   77.0  17411  -39.4  -81.1      0   0.01    160     17  486.4  486.4  486.4 77 
   76.0  17500  -39.2  -81.0      0   0.01    150     17  488.4  488.5  488.4 77 
   71.0  17963  -38.6  -80.6      0   0.01    165     14  499.3  499.4  499.3 77 
   70.0  18060  -38.5  -80.5      0   0.01    160     16  501.6  501.7  501.6 77 
   67.0  18363  -38.2  -80.3      0   0.01    140     10  508.7  508.8  508.7 77 
   66.0  18467  -38.0  -80.2      0   0.01    145      6  511.1  511.2  511.1 77 
   63.0  18790  -37.7  -80.0      0   0.01    185     14  518.8  518.9  518.8 77 
   61.0  19013  -37.4  -79.8      0   0.01    155     19  524.1  524.2  524.1 77 
   59.0  19244  -37.2  -79.7      0   0.01    135     15  529.7  529.8  529.7 77 
   58.0  19362  -37.0  -79.6      0   0.01    150      6  532.6  532.7  532.6 77 
   56.0  19605  -36.8  -79.4      0   0.01    175     13  538.6  538.7  538.6 77 
   54.0  19857  -36.5  -79.3      0   0.01    155     19  544.9  545.0  544.9 77 
   51.0  20253  -36.0  -79.0      0   0.02    125     10  554.9  555.0  554.9 77 
   50.0  20390  -35.9  -78.9      0   0.02    150     11  558.4  558.5  558.4 77 
   49.0  20531  -35.7  -78.8      0   0.02    160     17  562.1  562.2  562.1 77 
   46.0  20972  -35.0  -78.3      0   0.02    135     14  573.9  574.1  573.9 77 
   45.0  21126  -34.8  -78.2      0   0.02    155     12  578.1  578.2  578.1 77 
   43.0  21443  -34.4  -77.9      0   0.02    140     12  586.8  587.0  586.8 77 
   42.0  21608  -34.1  -77.7      0   0.02    175     12  591.3  591.5  591.3 77 
   39.0  22125  -33.4  -77.2      0   0.03    150     20  605.9  606.1  605.9 77 
   38.0  22307  -33.1  -77.0      0   0.03    110     16  611.1  611.3  611.1 77 
   37.3  22436  -32.9  -76.9      0   0.03    107     12  614.8  615.1  614.8 77 
   37.0  22493  -33.0  -76.9      0   0.03    105     10  616.0  616.3  616.0 77 
   32.0  23509  -34.5  -77.7      0   0.03    190      2  638.2  638.5  638.2 77 
   31.0  23731  -34.8  -77.9      0   0.03    200     10  643.1  643.4  643.2 77 
   30.0  23960  -35.1  -78.1      0   0.03    170     15  648.3  648.6  648.3 77 
   29.0  24197  -34.9  -78.0      0   0.03    165     11  655.2  655.5  655.2 77 
   28.0  24443  -34.7  -77.9      0   0.03    120     10  662.3  662.7  662.4 77 
   26.0  24962  -34.2  -77.6      0   0.04    200     10  677.8  678.1  677.8 77 
   24.0  25523  -33.8  -77.3      0   0.04    165     14  694.8  695.2  694.8 77 
   23.0  25821  -33.5  -77.2      0   0.05    180     12  704.0  704.5  704.1 77 
   22.0  26132  -33.3  -77.0      0   0.05    170     20  713.8  714.4  713.9 77 
   21.0  26458  -33.0  -76.9      0   0.05    120     10  724.2  724.8  724.2 77 
   20.0  26800  -32.7  -76.7      0   0.06    180      9  735.3  735.9  735.3 77 
   19.0  27162  -32.3  -76.5      0   0.06    145     13  747.3  748.0  747.3 77 
   18.0  27544  -31.9  -76.3      0   0.07    110     10  760.2  761.0  760.2 77 
   17.0  27948  -31.5  -76.2      0   0.07    120      4  774.1  774.9  774.1 77 
   16.0  28377  -31.0  -76.0      0   0.08    120     12  789.1  790.0  789.1 77 
   15.7  28510  -30.9  -75.9      0   0.08                793.8  794.8  793.9 77 
</PRE><H3>Station information and sounding indices</H3><PRE> 60 
                             Station number: 89009 50 
                           Observation time: 240122/1200 56 
                           Station latitude: -90.00 51 
                          Station longitude: 0.00 49 
                          Station elevation: 2835.0 51 
                               Lifted index: 12.03 50 
    LIFT computed using virtual temperature: 12.05 50 
      Convective Available Potential Energy: 0.00 49 
             CAPE using virtual temperature: 0.00 49 
                      Convective Inhibition: 0.00 49 
             CINS using virtual temperature: 0.00 49 
                     Bulk Richardson Number: 0.00 49 
          Bulk Richardson Number using CAPV: 0.00 49 
  Temp [K] of the Lifted Condensation Level: 236.08 51 
Pres [hPa] of the Lifted Condensation Level: 587.94 51 
   Equivalent potential temp [K] of the LCL: 275.65 51 
     Mean mixed layer potential temperature: 274.82 51 
              Mean mixed layer mixing ratio: 0.27 49 
              1000 hPa to 500 hPa thickness: 5208.00 52 
Precipitable water [mm] for entire sounding: 0.81 49 
</PRE> 6 
<H2>89009  Amundsen-Scott Observations at 00Z 23 Jan 2024</H2> 62 
<PRE> 5 
----------------------------------------------------------------------------- 77 
   PRES   HGHT   TEMP   DWPT   RELH   MIXR   DRCT   SKNT   THTA   THTE   THTV 77 
    hPa     m      C      C      %    g/kg    deg   knot     K      K      K  77 
----------------------------------------------------------------------------- 77 
 1000.0   -177                                                                77 
  925.0    474                                                                77 
  850.0   1159                                                                77 
  700.0   2640                                                                77 
  681.0   2835  -34.7  -38.6     68   0.20     60      6  266.1  266.8  266.1 77 
  674.0   2908  -31.3  -34.4     74   0.31     59      6  270.7  271.7  270.8 77 
  659.0   3067  -30.5  -31.8     88   0.41     56      6  273.4  274.6  273.4 77 
  647.0   3198  -29.1  -33.7     64   0.35     53      6  276.4  277.5  276.4 77 
  615.0   3560  -29.5  -38.5     41   0.22     47      6  279.9  280.7  280.0 77 
  598.0   3759  -29.7  -39.7     37   0.20     43      6  282.0  282.7  282.0 77 
  536.0   4534  -32.7  -48.7     19   0.09     29      7  287.4  287.7  287.4 77 
  510.0   4882  -34.3  -48.3     23   0.09     23      7  289.5  289.9  289.5 77 
  506.0   4937  -34.7  -50.7     18   0.07     22      7  289.7  289.9  289.7 77 
  500.0   5020  -35.1  -44.1     39   0.15     20      7  290.2  290.7  290.2 77 
  494.0   5104  -35.7  -41.7     54   0.20     19      7  290.4  291.2  290.5 77 
  454.0   5690  -39.5  -42.6     72   0.20      9      9  292.8  293.5  292.8 77 
  438.0   5934  -41.1  -45.6     62   0.15      5     10  293.7  294.3  293.8 77 
  400.0   6550  -45.3  -53.3     40   0.07     10     11  296.0  296.3  296.1 77 
  399.0   6567  -45.3  -54.3     36   0.06     10     11  296.2  296.5  296.3 77 
  390.0   6718  -46.1  -51.1     57   0.09     10     11  297.1  297.5  297.2 77 
  347.0   7482  -51.9  -56.0     61   0.06     10     10  299.4  299.6  299.4 77 
  343.0   7557  -52.3  -56.9     57   0.05     12     10  299.8  300.0  299.8 77 
  333.0   7747  -53.5  -57.7     60   0.05     18     11  300.7  300.9  300.7 77 
  318.0   8041  -55.1  -62.1     41   0.03     27     12  302.5  302.6  302.5 77 
  313.0   8141  -55.6  -62.0     45   0.03     30     12  303.1  303.2  303.1 77 
  300.0   8410  -57.1  -61.7     56   0.03     20     10  304.8  304.9  304.8 77 
  279.0   8867  -59.3  -63.6     57   0.03     10      7  308.0  308.1  308.0 77 
  260.0   9311  -56.7  -72.7     12   0.01    338      4  318.1  318.1  318.1 77 
  250.0   9560  -55.3  -75.3      7   0.01    320      2  323.7  323.8  323.7 77 
  218.0  10445  -50.5  -81.5      1   0.00    240      3  344.1  344.1  344.1 77 
  200.0  11010  -49.1  -83.1      1   0.00    190      3  354.9  354.9  354.9 77 
  150.0  12910  -46.1  -84.1      1   0.00    195      7  390.4  390.4  390.4 77 
  138.0  13465  -45.1  -84.1      1   0.00    186      8  401.6  401.6  401.6 77 
  120.0  14405  -43.7  -83.6      0   0.00    170     10  420.5  420.5  420.5 77 
  118.0  14518  -43.5  -83.5      0   0.00    160     10  422.8  422.8  422.8 77 
  113.0  14809  -43.1  -83.4      0   0.00    175     10  428.9  428.9  428.9 77 
  110.0  14989  -42.9  -83.3      0   0.00    155     12  432.7  432.7  432.7 77 
  100.0  15630  -41.9  -82.9      0   0.00    200     10  446.5  446.5  446.5 77 
   96.0  15908  -41.4  -82.5      0   0.00    165     11  452.7  452.8  452.7 77 
   87.0  16579  -40.1  -81.5      0   0.01    205     11  468.2  468.2  468.2 77 
   78.0  17323  -38.7  -80.4      0   0.01    160     13  486.0  486.0  486.0 77 
   74.0  17681  -38.0  -79.9      0   0.01    190     11  494.8  494.8  494.8 77 
   71.0  17963  -37.5  -79.4      0   0.01    180     19  501.8  501.9  501.8 77 
   70.0  18060  -37.3  -79.3      0   0.01    165     17  504.2  504.3  504.2 77 
   69.8  18080  -37.1  -79.1      0   0.01    164     16  505.1  505.1  505.1 77 
   68.0  18261  -37.0  -79.1      0   0.01    150     11  509.0  509.1  509.0 77 
   66.0  18467  -36.9  -79.1      0   0.01    170      6  513.6  513.7  513.6 77 
   65.0  18573  -36.8  -79.1      0   0.01    190     10  516.0  516.1  516.0 77 
   64.0  18681  -36.8  -79.0      0   0.01    190     16  518.4  518.5  518.4 77 
   62.0  18900  -36.7  -79.0      0   0.01    170     19  523.4  523.5  523.4 77 
   61.0  19013  -36.6  -79.0      0   0.01    155     17  526.0  526.0  526.0 77 
   60.0  19127  -36.6  -79.0      0   0.01    150     10  528.6  528.7  528.6 77 
   58.0  19362  -36.4  -79.0      0   0.01    185     11  534.0  534.1  534.0 77 
   52.0  20118  -36.0  -78.9      0   0.02    140     14  551.8  552.0  551.8 77 
   50.0  20390  -35.9  -78.9      0   0.02    155      6  558.4  558.5  558.4 77 
   49.0  20531  -35.8  -78.8      0   0.02    165     12  561.8  561.9  561.8 77 
   46.0  20973  -35.6  -78.6      0   0.02    135     11  572.5  572.6  572.5 77 
   44.0  21283  -35.5  -78.5      0   0.02    180     13  580.1  580.3  580.1 77 
   43.0  21444  -35.4  -78.4      0   0.02    155     11  584.1  584.3  584.1 77 
   40.0  21949  -35.2  -78.2      0   0.02    190     13  596.9  597.1  596.9 77 
   39.0  22126  -35.1  -78.1      0   0.02    165     14  601.4  601.6  601.4 77 
   38.0  22308  -35.0  -78.0      0   0.02    185     16  606.1  606.3  606.1 77 
   37.0  22494  -35.0  -78.0      0   0.03    160     20  611.0  611.2  611.0 77 
   35.0  22883  -34.8  -77.8      0   0.03    120     12  621.2  621.5  621.2 77 
   34.0  23085  -34.7  -77.7      0   0.03    165      6  626.6  626.9  626.6 77 
   33.0  23294  -34.6  -77.6      0   0.03    195     11  632.2  632.5  632.2 77 
   31.0  23731  -34.4  -77.4      0   0.03    160     13  644.1  644.5  644.1 77 
   30.0  23960  -34.3  -77.3      0   0.03    190     10  650.5  650.8  650.5 77 
   28.0  24442  -34.9  -77.9      0   0.03    165     20  661.8  662.2  661.9 77 
   27.9  24467  -34.9  -77.9      0   0.03    163     20  662.4  662.8  662.5 77 
   27.0  24698  -34.5  -77.6      0   0.04    145     15  669.8  670.2  669.9 77 
   26.0  24963  -34.0  -77.2      0   0.04    140     10  678.5  678.9  678.5 77 
   24.0  25526  -33.0  -76.5      0   0.05    170      7  697.1  697.6  697.1 77 
   23.0  25825  -32.5  -76.1      0   0.05    190     18  707.2  707.8  707.2 77 
   22.0  26138  -31.9  -75.7      0   0.06    145     18  717.9  718.5  718.0 77 
   21.0  26465  -31.3  -75.3      1   0.07    170     11  729.3  730.0  729.3 77 
   20.0  26810  -32.1  -76.1      0   0.06    155     13  737.1  737.8  737.1 77 
   18.0  27553  -32.1  -76.1      0   0.07    100      4  759.6  760.4  759.7 77 
   17.0  27957  -32.1  -76.1      0   0.07    170     11  772.1  773.0  772.2 77 
   16.0  28385  -32.1  -76.1      0   0.08    155     17  785.6  786.5  785.7 77 
   15.9  28429  -32.1  -76.1      0   0.08    157     15  787.0  787.9  787.1 77 
   15.0  28844  -31.3  -75.6      0   0.09    180      1  802.9  804.0  803.0 77 
   14.0  29335  -30.3  -75.1      0   0.10    175     10  822.1  823.4  822.2 77 
   13.0  29863  -29.3  -74.5      0   0.12    100     16  843.3  844.8  843.3 77 
   12.0  30433  -28.2  -73.9      0   0.14     80      1  866.7  868.5  866.8 77 
   11.4  30799  -27.5  -73.5      0   0.16    174      6  882.0  884.1  882.1 77 
   11.0  31055  -27.7  -73.7      0   0.16    240     10  890.3  892.4  890.4 77 
   10.3  31528  -28.1  -74.1      0   0.16    202     13  905.8  907.9  905.9 77 
   10.0                                       185     14                      77 
</PRE><H3>Station information and sounding indices</H3><PRE> 60 
                             Station number: 89009 50 
                           Observation time: 240123/0000 56 
                           Station latitude: -90.00 51 
                          Station longitude: 0.00 49 
                          Station elevation: 2835.0 51 
                               Lifted index: 13.08 50 
    LIFT computed using virtual temperature: 13.09 50 
      Convective Available Potential Energy: 0.00 49 
             CAPE using virtual temperature: 0.00 49 
                      Convective Inhibition: 0.00 49 
             CINS using virtual temperature: 0.00 49 
                     Bulk Richardson Number: 0.00 49 
          Bulk Richardson Number using CAPV: 0.00 49 
  Temp [K] of the Lifted Condensation Level: 238.63 51 
Pres [hPa] of the Lifted Condensation Level: 620.20 51 
   Equivalent potential temp [K] of the LCL: 274.58 51 
     Mean mixed layer potential temperature: 273.56 51 
              Mean mixed layer mixing ratio: 0.34 49 
              1000 hPa to 500 hPa thickness: 5197.00 52 
Precipitable water [mm] for entire sounding: 0.63 49 
</PRE> 6 
<H2>89009  Amundsen-Scott Observations at 12Z 23 Jan 2024</H2> 62 
<PRE> 5 
----------------------------------------------------------------------------- 77 
   PRES   HGHT   TEMP   DWPT   RELH   MIXR   DRCT   SKNT   THTA   THTE   THTV 77 
    hPa     m      C      C      %    g/kg    deg   knot     K      K      K  77 
----------------------------------------------------------------------------- 77 
 1000.0   -168                                                                77 
  925.0    476                                                                77 
  850.0   1158                                                                77 
  700.0   2632                                                                77 
  680.0   2835  -32.9  -36.7     69   0.24    300      6  268.2  269.0  268.3 77 
  679.0   2845  -31.7  -34.5     76   0.30    300      6  269.7  270.6  269.7 77 
  651.0   3141  -34.9  -36.2     88   0.27    296      9  269.3  270.2  269.4 77 
  643.0   3227  -34.5  -34.6     99   0.32    295     10  270.7  271.7  270.8 77 
  642.0   3238  -33.3  -33.6     97   0.35    295     10  272.2  273.3  272.3 77 
  641.0   3249  -32.1  -32.6     95   0.39    293     10  273.7  274.9  273.8 77 
  635.0   3316  -30.9  -32.9     83   0.38    283     11  275.8  277.0  275.9 77 
  630.0   3372  -30.5  -32.8     80   0.39    275     12  276.9  278.2  277.0 77 
  619.0   3497  -29.5  -32.7     74   0.40    280     12  279.4  280.7  279.5 77 
  594.0   3791  -30.1  -33.4     73   0.39    291     12  282.1  283.3  282.1 77 
  528.0   4621  -34.5  -37.2     76   0.30    324     11  286.4  287.4  286.5 77 
  527.0   4635  -34.6  -37.2     77   0.30    325     11  286.5  287.5  286.5 77 
  503.0   4959  -36.7  -37.6     91   0.30    325     13  287.7  288.8  287.8 77 
  500.0   5000  -37.1  -38.4     88   0.28    325     13  287.8  288.7  287.8 77 
  440.0   5872  -42.3  -48.3     52   0.11    339     16  291.9  292.3  291.9 77 
  400.0   6510  -46.3  -50.0     66   0.10    350     19  294.7  295.1  294.8 77 
  387.0   6730  -47.7  -50.3     74   0.10    352     20  295.7  296.1  295.7 77 
  363.0   7150  -50.2  -54.9     57   0.06    355     22  297.9  298.1  297.9 77 
  349.0   7408  -51.7  -57.7     48   0.05    353     21  299.2  299.3  299.2 77 
  341.0   7559  -52.9  -56.3     66   0.05    352     21  299.5  299.7  299.5 77 
  302.0   8338  -56.9  -60.2     66   0.04    345     18  304.5  304.6  304.5 77 
  300.0   8380  -56.7  -61.4     55   0.03    345     17  305.3  305.4  305.3 77 
  294.0   8508  -56.6  -63.8     40   0.02    350     15  307.2  307.3  307.2 77 
  285.0   8704  -56.5  -67.5     24   0.02    347     14  310.1  310.2  310.1 77 
  269.0   9073  -55.0  -71.7     11   0.01    340     11  317.4  317.5  317.5 77 
  264.0   9193  -54.5  -73.1      8   0.01    325     10  319.9  319.9  319.9 77 
  250.0   9540  -53.1  -77.1      4   0.00    310      6  327.0  327.0  327.0 77 
  208.0  10733  -49.5  -83.5      1   0.00    240      4  350.3  350.3  350.3 77 
  200.0  10990  -49.3  -83.3      1   0.00    225      4  354.5  354.6  354.5 77 
  173.0  11943  -47.9  -84.4      1   0.00     40      1  371.9  371.9  371.9 77 
  150.0  12880  -46.5  -85.5      0   0.00    195      8  389.7  389.7  389.7 77 
  100.0  15600  -41.7  -82.7      0   0.00    190      9  446.9  446.9  446.9 77 
   93.0  16096  -40.9  -82.0      0   0.01    175     11  457.9  457.9  457.9 77 
   81.0  17042  -39.2  -80.8      0   0.01    195     11  479.7  479.7  479.7 77 
   78.0  17300  -38.8  -80.5      0   0.01    175     11  485.8  485.9  485.8 77 
   75.0  17568  -38.3  -80.1      0   0.01    190     12  492.2  492.3  492.2 77 
   70.0  18040  -37.5  -79.5      0   0.01    160     12  503.8  503.9  503.8 77 
   64.0  18659  -36.1  -78.7      0   0.01    200     12  520.0  520.1  520.0 77 
   62.0  18878  -35.6  -78.4      0   0.01    170     14  525.9  526.0  525.9 77 
   61.0  18991  -35.3  -78.3      0   0.01    174     14  528.9  529.0  528.9 77 
   57.0  19461  -35.4  -78.4      0   0.02    190     16  539.1  539.2  539.1 77 
   55.0  19709  -35.4  -78.4      0   0.02    160     17  544.5  544.6  544.5 77 
   54.0  19836  -35.4  -78.4      0   0.02    165     18  547.3  547.5  547.3 77 
   51.0  20233  -35.5  -78.5      0   0.02    135     10  556.2  556.4  556.2 77 
   50.0  20370  -35.5  -78.5      0   0.02    145     10  559.3  559.5  559.3 77 
   49.0  20511  -35.4  -78.5      0   0.02    165     12  562.8  562.9  562.8 77 
   46.0  20953  -35.1  -78.3      0   0.02    135     10  573.7  573.8  573.7 77 
   45.0  21106  -35.0  -78.2      0   0.02    160     10  577.5  577.7  577.5 77 
   42.0  21589  -34.8  -78.1      0   0.02    155      6  589.8  589.9  589.8 77 
   39.0  22106  -34.4  -77.9      0   0.02    200     10  603.2  603.4  603.2 77 
   36.0  22666  -34.1  -77.7      0   0.03    145     23  618.0  618.3  618.0 77 
   33.0  23274  -33.7  -77.5      0   0.03    145      4  634.6  634.9  634.6 77 
   31.0  23711  -33.4  -77.4      0   0.03    170     10  646.7  647.0  646.7 77 
   30.0  23940  -33.3  -77.3      0   0.03    140     10  653.2  653.5  653.2 77 
   28.0  24426  -33.1  -77.1      0   0.04    185     10  666.9  667.2  666.9 77 
   27.0  24682  -32.9  -76.9      0   0.04    150     14  674.2  674.6  674.2 77 
   26.0  24948  -32.8  -76.8      0   0.04    120     10  681.9  682.3  681.9 77 
   25.0  25224  -32.7  -76.7      0   0.05    115     10  689.9  690.4  690.0 77 
   24.0  25511  -32.5  -76.5      0   0.05    160      2  698.4  698.9  698.5 77 
   23.0  25811  -32.4  -76.4      0   0.05    165     16  707.4  708.0  707.4 77 
   21.0  26452  -32.1  -76.1      0   0.06    125     11  727.0  727.6  727.0 77 
   20.0  26795  -31.9  -75.9      0   0.06                737.7  738.4  737.7 77 
</PRE><H3>Station information and sounding indices</H3><PRE> 60 
                             Station number: 89009 50 
                           Observation time: 240123/1200 56 
                           Station latitude: -90.00 51 
                          Station longitude: 0.00 49 
                          Station elevation: 2835.0 51 
                               Lifted index: 13.50 50 
    LIFT computed using virtual temperature: 13.53 50 
      Convective Available Potential Energy: 0.00 49 
             CAPE using virtual temperature: 0.00 49 
                      Convective Inhibition: 0.00 49 
             CINS using virtual temperature: 0.00 49 
                     Bulk Richardson Number: 0.00 49 
          Bulk Richardson Number using CAPV: 0.00 49 
  Temp [K] of the Lifted Condensation Level: 238.00 51 
Pres [hPa] of the Lifted Condensation Level: 638.08 51 
   Equivalent potential temp [K] of the LCL: 271.55 51 
     Mean mixed layer potential temperature: 270.62 51 
              Mean mixed layer mixing ratio: 0.31 49 
              1000 hPa to 500 hPa thickness: 5168.00 52 
Precipitable water [mm] for entire sounding: 0.87 49 
</PRE> 6 
<H2>89009  Amundsen-Scott Observations at 00Z 24 Jan 2024</H2> 62 
<PRE> 5 
----------------------------------------------------------------------------- 77 
   PRES   HGHT   TEMP   DWPT   RELH   MIXR   DRCT   SKNT   THTA   THTE   THTV 77 
    hPa     m      C      C      %    g/kg    deg   knot     K      K      K  77 
----------------------------------------------------------------------------- 77 
 1000.0    -99                                                                77 
  925.0    543                                                                77 
  850.0   1218                                                                77 
  700.0   2676                                                                77 
  684.0   2835  -34.3  -38.0     69   0.21     10      7  266.2  266.9  266.3 77 
  683.0   2845  -32.3  -34.7     79   0.30      5      7  268.6  269.5  268.6 77 
  682.0   2856  -33.7  -35.2     86   0.28      0      8  267.1  268.0  267.2 77 
  678.0   2897  -32.4  -33.5     89   0.33    340     10  269.1  270.1  269.1 77 
  676.0   2918  -31.7  -32.7     91   0.36    339     10  270.0  271.2  270.1 77 
  642.0   3284  -31.1  -33.0     83   0.37    313     10  274.7  275.9  274.8 77 
  626.0   3463  -31.9  -34.6     77   0.33    300     10  275.8  276.8  275.9 77 
  601.0   3748  -33.5  -36.5     75   0.28    280     10  277.2  278.1  277.2 77 
  563.0   4206  -36.1  -39.5     71   0.22    275     12  279.4  280.1  279.4 77 
  546.0   4420  -37.3  -40.9     69   0.20    292     15  280.4  281.0  280.4 77 
  538.0   4522  -36.9  -40.2     71   0.21    300     16  282.1  282.8  282.1 77 
  532.0   4600  -36.5  -39.7     72   0.23    299     16  283.4  284.2  283.4 77 
  512.0   4866  -37.1  -38.5     87   0.27    295     18  285.8  286.7  285.9 77 
  510.0   4893  -37.2  -39.0     83   0.26    295     18  286.0  286.9  286.1 77 
  500.0   5030  -37.7  -41.4     68   0.20    290     16  287.0  287.7  287.1 77 
  498.0   5058  -37.7  -42.0     64   0.19    290     16  287.4  288.0  287.4 77 
  494.0   5113  -37.9  -41.3     70   0.21    291     16  287.8  288.5  287.8 77 
  432.0   6026  -43.9  -48.5     60   0.11    300     15  291.4  291.8  291.4 77 
  430.0   6057  -44.1  -48.6     61   0.11    300     15  291.5  291.9  291.5 77 
  400.0   6540  -47.1  -50.2     70   0.10    285     16  293.7  294.1  293.7 77 
  387.0   6758  -48.5  -50.9     76   0.09    275     15  294.6  295.0  294.7 77 
  366.0   7123  -49.7  -56.7     44   0.05    259     13  297.8  298.0  297.8 77 
  361.0   7212  -50.2  -57.2     43   0.05    255     13  298.2  298.4  298.2 77 
  322.0   7950  -54.7  -61.7     42   0.03    261     14  302.0  302.1  302.0 77 
  317.0   8050  -55.1  -59.1     61   0.04    262     14  302.8  302.9  302.8 77 
  311.0   8172  -55.7  -62.7     41   0.03    263     14  303.6  303.7  303.6 77 
  302.0   8358  -56.7  -61.7     53   0.03    265     14  304.7  304.9  304.7 77 
  300.0   8400  -56.7  -62.7     47   0.03    265     14  305.3  305.4  305.3 77 
  294.0   8528  -57.1  -64.1     41   0.02    270     14  306.5  306.6  306.5 77 
  287.0   8681  -56.7  -66.0     30   0.02    270     12  309.2  309.3  309.3 77 
  276.0   8929  -56.0  -69.2     18   0.01    295     10  313.7  313.8  313.7 77 
  269.0   9092  -55.5  -71.3     12   0.01    275     10  316.7  316.8  316.7 77 
  263.0   9236  -55.1  -73.1      9   0.01    300     10  319.4  319.4  319.4 77 
  258.0   9358  -54.6  -74.2      7   0.01    280     10  321.8  321.8  321.8 77 
  250.0   9560  -53.9  -75.9      5   0.01    290      8  325.8  325.8  325.8 77 
  209.0  10722  -49.9  -81.9      1   0.00    238      5  349.2  349.2  349.2 77 
  200.0  11010  -49.7  -82.7      1   0.00    225      4  353.9  353.9  353.9 77 
  150.0  12900  -47.5  -83.5      1   0.00    195      7  388.0  388.0  388.0 77 
  101.0  15543  -42.3  -82.3      1   0.00    185     10  444.4  444.5  444.4 77 
  100.0  15610  -42.3  -82.3      1   0.00    185     10  445.7  445.7  445.7 77 
   93.0  16106  -41.5  -81.9      0   0.01    180     10  456.6  456.6  456.6 77 
   92.0  16180  -41.4  -81.9      0   0.01    165     10  458.2  458.2  458.2 77 
   87.0  16563  -40.8  -81.6      0   0.01    185     10  466.8  466.8  466.8 77 
   85.0  16722  -40.6  -81.5      0   0.01    170     10  470.4  470.4  470.4 77 
   83.0  16885  -40.3  -81.4      0   0.01    190      6  474.1  474.2  474.1 77 
   82.0  16968  -40.2  -81.3      0   0.01    215     10  476.0  476.1  476.0 77 
   76.0  17487  -39.4  -80.9      0   0.01    180     11  488.2  488.2  488.2 77 
   72.0  17857  -38.8  -80.6      0   0.01    195     13  497.0  497.1  497.0 77 
   70.0  18050  -38.5  -80.5      0   0.01    180     13  501.6  501.7  501.6 77 
   69.0  18149  -38.3  -80.3      0   0.01    180     10  504.2  504.2  504.2 77 
   66.0  18456  -37.6  -79.9      0   0.01    210     10  512.1  512.1  512.1 77 
   64.0  18669  -37.1  -79.6      0   0.01    210     17  517.6  517.7  517.6 77 
   62.0  18888  -36.7  -79.2      0   0.01    185     20  523.4  523.5  523.4 77 
   61.0  19001  -36.4  -79.1      0   0.01    160     16  526.4  526.5  526.4 77 
   57.0  19469  -35.4  -78.4      0   0.02    180     16  539.0  539.1  539.0 77 
   56.6  19518  -35.3  -78.3      0   0.02    177     16  540.3  540.4  540.3 77 
   54.0  19845  -35.3  -78.3      0   0.02    155     15  547.6  547.8  547.6 77 
   52.0  20107  -35.3  -78.3      0   0.02    165     12  553.5  553.7  553.6 77 
   51.0  20242  -35.3  -78.3      0   0.02    150     10  556.6  556.8  556.6 77 
   50.0  20380  -35.3  -78.3      0   0.02    180      9  559.8  559.9  559.8 77 
   46.0  20961  -35.1  -78.1      0   0.02    130     10  573.8  574.0  573.9 77 
   45.0  21114  -35.0  -78.0      0   0.02    145      6  577.6  577.8  577.6 77 
   44.0  21271  -35.0  -78.0      0   0.02    170     10  581.5  581.6  581.5 77 
   43.0  21431  -34.9  -77.9      0   0.02    175     11  585.5  585.6  585.5 77 
   41.0  21763  -34.8  -77.8      0   0.02    155     13  593.8  594.0  593.8 77 
   39.0  22112  -34.6  -77.6      0   0.03    165     16  602.7  602.9  602.7 77 
   37.0  22478  -34.5  -77.5      0   0.03    145     18  612.2  612.4  612.2 77 
   36.0  22669  -34.4  -77.4      0   0.03    130     13  617.2  617.5  617.2 77 
   33.0  23276  -34.2  -77.2      0   0.03    170      3  633.4  633.7  633.4 77 
   32.0  23490  -34.1  -77.1      0   0.03    195     10  639.2  639.5  639.2 77 
   30.0  23940  -33.9  -76.9      1   0.04    185     15  651.6  651.9  651.6 77 
   29.0  24178  -33.7  -76.8      1   0.04    140     12  658.4  658.7  658.4 77 
   27.0  24681  -33.4  -76.6      0   0.04    200     10  672.9  673.4  673.0 77 
   26.0  24946  -33.2  -76.5      0   0.04    150     17  680.8  681.2  680.8 77 
   24.0  25508  -32.8  -76.3      0   0.05    150     10  697.7  698.2  697.7 77 
   23.0  25808  -32.6  -76.2      0   0.05    190     10  706.8  707.4  706.8 77 
   22.0  26120  -32.4  -76.1      0   0.06    145     13  716.5  717.1  716.5 77 
   21.0  26447  -32.1  -76.0      0   0.06    135     10  726.8  727.4  726.8 77 
   20.0  26790  -31.9  -75.9      0   0.06    180      8  737.7  738.4  737.7 77 
   19.0  27153  -31.7  -75.9      0   0.07    150     10  749.1  749.9  749.2 77 
   17.0  27940  -31.4  -75.9      0   0.07    155     10  774.5  775.4  774.5 77 
   16.0  28369  -31.2  -75.9      0   0.08    145     13  788.7  789.6  788.7 77 
   15.0  28826  -30.9  -75.9      0   0.08    115     12  804.1  805.1  804.1 77 
   14.8  28921  -30.9  -75.9      0   0.09                807.3  808.3  807.4 77 
</PRE><H3>Station information and sounding indices</H3><PRE> 60 
                             Station number: 89009 50 
                           Observation time: 240124/0000 56 
                           Station latitude: -90.00 51 
                          Station longitude: 0.00 49 
                          Station elevation: 2835.0 51 
                               Lifted index: 11.73 50 
    LIFT computed using virtual temperature: 11.75 50 
      Convective Available Potential Energy: 0.00 49 
             CAPE using virtual temperature: 0.00 49 
                      Convective Inhibition: 0.00 49 
             CINS using virtual temperature: 0.00 49 
                     Bulk Richardson Number: 0.00 49 
          Bulk Richardson Number using CAPV: 0.00 49 
  Temp [K] of the Lifted Condensation Level: 239.73 51 
Pres [hPa] of the Lifted Condensation Level: 643.70 51 
   Equivalent potential temp [K] of the LCL: 273.01 51 
     Mean mixed layer potential temperature: 271.93 51 
              Mean mixed layer mixing ratio: 0.36 49 
              1000 hPa to 500 hPa thickness: 5129.00 52 
Precipitable water [mm] for entire sounding: 0.76 49 
</PRE> 6 
<H2>89009  Amundsen-Scott Observations at 12Z 24 Jan 2024</H2> 62 
<PRE> 5 
----------------------------------------------------------------------------- 77 
   PRES   HGHT   TEMP   DWPT   RELH   MIXR   DRCT   SKNT   THTA   THTE   THTV 77 
    hPa     m      C      C      %    g/kg    deg   knot     K      K      K  77 
----------------------------------------------------------------------------- 77 
 1000.0    -64                                                                77 
  925.0    579                                                                77 
  850.0   1254                                                                77 
  700.0   2710                                                                77 
  687.0   2835  -32.3  -36.0     70   0.26    100      5  268.1  268.9  268.2 77 
  686.0   2845  -31.1  -33.6     79   0.33     99      5  269.6  270.6  269.6 77 
  670.0   3014  -30.9  -33.0     82   0.36     88      5  271.6  272.7  271.7 77 
  647.0   3261  -32.9  -33.1     98   0.37     72      5  272.1  273.2  272.1 77 
  635.0   3394  -30.9  -33.6     77   0.36     63      5  275.8  276.9  275.9 77 
  596.0   3843  -33.9  -35.1     89   0.33     33      5  277.4  278.4  277.4 77 
  558.0   4305  -36.5  -39.4     74   0.23      2      6  279.6  280.3  279.6 77 
  539.0   4546  -35.5  -38.3     75   0.26    345      6  283.6  284.4  283.6 77 
  529.0   4677  -35.7  -39.9     65   0.23    337      6  284.8  285.6  284.9 77 
  525.0   4730  -35.9  -37.7     83   0.29    333      6  285.2  286.2  285.3 77 
  500.0   5070  -37.1  -40.5     71   0.22    310      6  287.8  288.5  287.8 77 
  492.0   5181  -37.7  -41.3     69   0.21    310      6  288.3  289.1  288.4 77 
  453.0   5745  -41.5  -43.8     78   0.17    310      5  290.5  291.1  290.5 77 
  432.0   6065  -43.1  -47.7     60   0.12    310      5  292.4  292.8  292.4 77 
  427.0   6144  -43.1  -53.1     32   0.06    310      5  293.4  293.6  293.4 77 
  413.0   6367  -44.9  -49.7     58   0.10    310      4  293.9  294.2  293.9 77 
  400.0   6580  -45.7  -56.7     28   0.04    310      4  295.5  295.7  295.5 77 
  399.0   6597  -45.7  -56.7     28   0.04    310      4  295.7  295.9  295.7 77 
  373.0   7042  -48.9  -55.9     44   0.05    308      6  297.2  297.4  297.2 77 
  367.0   7148  -49.5  -51.7     78   0.09    308      7  297.8  298.1  297.8 77 
  347.0   7512  -52.1  -54.1     79   0.07    307      9  299.1  299.4  299.1 77 
  337.0   7700  -53.3  -56.0     72   0.06    306     10  300.0  300.2  300.0 77 
  333.0   7777  -53.7  -61.7     37   0.03    306     10  300.5  300.6  300.5 77 
  324.0   7952  -54.9  -60.6     49   0.03    305     11  301.1  301.3  301.1 77 
  314.0   8152  -56.3  -59.4     68   0.04    303     11  301.9  302.1  301.9 77 
  300.0   8440  -57.7  -62.7     53   0.03    300     11  303.9  304.0  303.9 77 
  290.0   8653  -58.5  -63.5     52   0.03    300     12  305.7  305.8  305.7 77 
  263.0   9268  -55.7  -72.7     10   0.01    274      6  318.5  318.5  318.5 77 
  250.0   9590  -54.7  -75.7      6   0.01    260      3  324.6  324.6  324.6 77 
  226.0  10241  -52.1  -80.1      2   0.00    226      4  338.1  338.1  338.1 77 
  213.0  10628  -50.1  -81.1      1   0.00    206      4  347.0  347.0  347.0 77 
  200.0  11040  -50.1  -82.1      1   0.00    185      5  353.3  353.3  353.3 77 
  150.0  12930  -47.5  -83.5      1   0.00    180      6  388.0  388.0  388.0 77 
  119.0  14470  -44.5  -83.5      1   0.00    205     10  420.1  420.1  420.1 77 
  115.0  14700  -44.1  -83.3      1   0.00    160     10  424.8  424.9  424.8 77 
  100.0  15640  -42.7  -82.7      0   0.00    170      7  444.9  445.0  444.9 77 
   97.0  15847  -42.4  -82.5      0   0.00    180     10  449.5  449.5  449.5 77 
   80.0  17154  -40.2  -81.5      0   0.01    190     10  479.4  479.4  479.4 77 
   77.0  17413  -39.8  -81.2      0   0.01    160     12  485.5  485.6  485.5 77 
   74.0  17683  -39.3  -81.0      0   0.01    170     12  492.0  492.1  492.0 77 
   71.0  17964  -38.9  -80.8      0   0.01    145     13  498.9  498.9  498.9 77 
   70.0  18060  -38.7  -80.7      0   0.01    145     12  501.2  501.3  501.2 77 
   68.0  18260  -38.3  -80.4      0   0.01    160     12  506.2  506.3  506.2 77 
   57.0  19481  -36.0  -78.8      0   0.01    145     13  537.6  537.7  537.6 77 
   53.1  19971  -35.1  -78.1      0   0.02    160     13  550.7  550.9  550.7 77 
   53.0  19984  -35.1  -78.1      0   0.02    160     13  551.0  551.1  551.0 77 
   52.0  20117  -35.2  -78.2      0   0.02    145     11  553.7  553.8  553.7 77 
   50.0  20390  -35.5  -78.5      0   0.02    165     12  559.3  559.5  559.3 77 
   45.0  21124  -35.3  -78.3      0   0.02    130     11  576.9  577.1  576.9 77 
   43.0  21441  -35.2  -78.2      0   0.02    145     10  584.7  584.9  584.7 77 
   41.0  21773  -35.1  -78.1      0   0.02    185     10  592.9  593.1  592.9 77 
   35.0  22876  -34.8  -77.8      0   0.03    140     13  621.1  621.4  621.1 77 
   34.0  23078  -34.8  -77.8      0   0.03    170     10  626.5  626.7  626.5 77 
   31.0  23721  -34.6  -77.6      0   0.03    195     10  643.7  644.0  643.7 77 
   30.0  23950  -34.5  -77.5      0   0.03    160     14  649.9  650.2  650.0 77 
   28.0  24434  -34.0  -77.3      0   0.04    145     12  664.4  664.7  664.4 77 
   27.0  24689  -33.7  -77.1      0   0.04    105     12  672.1  672.5  672.1 77 
   25.0  25229  -33.1  -76.9      0   0.04    165     10  688.8  689.2  688.8 77 
   23.8  25575  -32.7  -76.7      0   0.05    177     11  699.6  700.1  699.6 77 
   23.0  25816  -32.7  -76.7      0   0.05    185     11  706.5  707.0  706.5 77 
   21.0  26456  -32.7  -76.7      0   0.05    140     13  725.1  725.7  725.1 77 
   20.0  26800  -32.7  -76.7      0   0.06    150      5  735.3  735.9  735.3 77 
   19.0  27161  -32.8  -76.8      0   0.06    140     14  745.9  746.5  745.9 77 
   18.0  27541  -32.9  -76.9      0   0.06     75      8  757.2  757.9  757.2 77 
   17.8  27620  -32.9  -76.9      0   0.06                759.5  760.2  759.6 77 
</PRE><H3>Station information and sounding indices</H3><PRE> 60 
                             Station number: 89009 50 
                           Observation time: 240124/1200 56 
                           Station latitude: -90.00 51 
                          Station longitude: 0.00 49 
                          Station elevation: 2835.0 51 
                               Lifted index: 12.64 50 
    LIFT computed using virtual temperature: 12.66 50 
      Convective Available Potential Energy: 0.00 49 
             CAPE using virtual temperature: 0.00 49 
                      Convective Inhibition: 0.00 49 
             CINS using virtual temperature: 0.00 49 
                     Bulk Richardson Number: 0.00 49 
          Bulk Richardson Number using CAPV: 0.00 49 
  Temp [K] of the Lifted Condensation Level: 239.68 51 
Pres [hPa] of the Lifted Condensation Level: 646.32 51 
   Equivalent potential temp [K] of the LCL: 272.62 51 
     Mean mixed layer potential temperature: 271.53 51 
              Mean mixed layer mixing ratio: 0.35 49 
              1000 hPa to 500 hPa thickness: 5134.00 52 
Precipitable water [mm] for entire sounding: 0.81 49 
</PRE> 6 
<H2>89009  Amundsen-Scott Observations at 00Z 25 Jan 2024</H2> 62 
<PRE> 5 
----------------------------------------------------------------------------- 77 
   PRES   HGHT   TEMP   DWPT   RELH   MIXR   DRCT   SKNT   THTA   THTE   THTV 77 
    hPa     m      C      C      %    g/kg    deg   knot     K      K      K  77 
----------------------------------------------------------------------------- 77 
 1000.0    -65                                                                77 
  925.0    577                                                                77 
  850.0   1254                                                                77 
  700.0   2714                                                                77 
  688.0   2835  -35.3  -39.1     68   0.19    120      6  264.7  265.3  264.7 77 
  687.0   2845  -35.7  -38.6     75   0.20    119      6  264.3  265.0  264.4 77 
  685.0   2866  -34.1  -35.8     85   0.26    118      6  266.3  267.2  266.4 77 
  681.0   2907  -31.1  -33.7     78   0.33    114      6  270.1  271.2  270.2 77 
  678.0   2938  -30.7  -33.1     79   0.35    112      6  270.9  272.0  271.0 77 
  652.0   3216  -30.9  -33.1     81   0.36     91      6  273.7  274.9  273.8 77 
  602.0   3780  -33.5  -34.9     87   0.33     47      5  277.0  278.1  277.1 77 
  589.0   3934  -32.9  -35.8     75   0.31     35      5  279.5  280.5  279.5 77 
  549.0   4429  -33.9  -38.2     65   0.26    356      4  284.0  284.8  284.0 77 
  535.0   4609  -34.7  -40.7     54   0.21    342      4  285.1  285.8  285.1 77 
  524.0   4755  -35.7  -38.0     79   0.28    331      3  285.6  286.5  285.6 77 
  508.0   4970  -36.7  -41.0     64   0.21    314      3  286.9  287.6  287.0 77 
  500.0   5080  -37.3  -40.7     70   0.22    305      3  287.5  288.3  287.5 77 
  497.0   5122  -37.7  -39.8     81   0.24    305      3  287.5  288.3  287.6 77 
  484.0   5304  -38.5  -43.1     62   0.18    305      3  288.7  289.3  288.7 77 
  442.0   5922  -42.5  -45.4     73   0.15    305      5  291.2  291.8  291.3 77 
  438.0   5983  -42.9  -48.9     52   0.10    305      5  291.5  291.9  291.5 77 
  429.0   6123  -43.5  -46.9     69   0.13    305      5  292.5  292.9  292.5 77 
  422.0   6233  -44.1  -56.1     25   0.05    305      5  293.1  293.2  293.1 77 
  413.0   6377  -45.1  -49.1     64   0.11    305      6  293.6  294.0  293.6 77 
  404.0   6524  -46.1  -54.1     40   0.06    305      6  294.2  294.4  294.2 77 
  400.0   6590  -46.7  -53.7     45   0.06    305      6  294.2  294.5  294.2 77 
  382.0   6894  -48.3  -57.3     34   0.04    309      7  296.0  296.2  296.0 77 
  351.0   7444  -51.8  -58.9     42   0.04    315     10  298.6  298.7  298.6 77 
  335.0   7747  -53.7  -59.7     48   0.04    318     10  299.9  300.1  299.9 77 
  326.0   7921  -54.6  -61.3     44   0.03    320     10  301.0  301.2  301.0 77 
  308.0   8283  -56.5  -64.5     36   0.02    300      6  303.3  303.4  303.3 77 
  300.0   8450  -56.3  -66.3     27   0.02    265      6  305.9  305.9  305.9 77 
  271.0   9095  -56.3  -71.3     14   0.01    220      5  314.9  314.9  314.9 77 
  257.0   9433  -54.1  -75.1      6   0.01    197      5  322.9  323.0  322.9 77 
  250.0   9610  -53.7  -75.7      5   0.01    185      5  326.1  326.1  326.1 77 
  227.0  10237  -51.6  -78.6      3   0.00    185     10  338.4  338.4  338.4 77 
  202.0  10995  -49.1  -82.1      1   0.00    176      9  353.9  353.9  353.9 77 
  200.0  11060  -49.3  -82.3      1   0.00    175      9  354.5  354.6  354.5 77 
  156.0  12692  -47.4  -83.0      1   0.00    175     10  383.9  383.9  383.9 77 
  150.0  12950  -47.1  -83.1      1   0.00    145     13  388.7  388.7  388.7 77 
  149.0  12995  -47.0  -83.1      1   0.00    145     12  389.6  389.6  389.6 77 
  123.0  14276  -45.0  -82.9      1   0.00    170     12  415.3  415.3  415.3 77 
  117.0  14611  -44.4  -82.8      1   0.00    150     10  422.3  422.3  422.3 77 
  100.0  15660  -42.7  -82.7      0   0.00    150     12  444.9  445.0  444.9 77 
   89.0  16454  -41.3  -82.0      0   0.01    135     10  462.7  462.8  462.7 77 
   86.0  16688  -40.9  -81.8      0   0.01    165     10  468.1  468.1  468.1 77 
   79.0  17266  -39.9  -81.2      0   0.01    165     13  481.7  481.7  481.7 77 
   72.0  17898  -38.8  -80.7      0   0.01    145     17  496.9  497.0  496.9 77 
   70.0  18090  -38.5  -80.5      0   0.01    125     15  501.6  501.7  501.6 77 
   68.0  18289  -37.8  -79.8      0   0.01    130     10  507.3  507.4  507.3 77 
   66.5  18442  -37.3  -79.3      0   0.01    156     10  511.6  511.7  511.6 77 
   66.0  18494  -37.2  -79.3      0   0.01    165     10  512.9  513.0  512.9 77 
   62.0  18925  -36.9  -79.1      0   0.01    145     13  523.0  523.1  523.0 77 
   58.0  19386  -36.4  -78.9      0   0.01    160     14  534.0  534.1  534.0 77 
   54.0  19879  -36.0  -78.7      0   0.02    140     14  546.0  546.2  546.0 77 
   53.0  20008  -35.9  -78.7      0   0.02    160     17  549.2  549.4  549.2 77 
   50.0  20410  -35.5  -78.5      0   0.02    145     17  559.3  559.5  559.3 77 
   48.0  20694  -35.4  -78.4      0   0.02    165     13  566.1  566.3  566.1 77 
   45.0  21144  -35.2  -78.2      0   0.02    130     18  577.1  577.3  577.1 77 
   43.0  21461  -35.1  -78.1      0   0.02    135     11  585.0  585.1  585.0 77 
   40.0  21965  -34.9  -77.9      0   0.02    160     13  597.7  597.9  597.7 77 
   39.0  22142  -34.8  -77.8      0   0.02    180     14  602.2  602.4  602.2 77 
   38.0  22323  -34.8  -77.8      0   0.03    160     20  606.9  607.1  606.9 77 
   37.0  22508  -34.7  -77.7      0   0.03    145     18  611.7  611.9  611.7 77 
   34.0  23098  -34.4  -77.4      0   0.03    165     16  627.2  627.5  627.3 77 
   33.0  23306  -34.4  -77.4      0   0.03    140     14  632.8  633.1  632.9 77 
   31.0  23741  -34.2  -77.2      0   0.03    165     11  644.7  645.0  644.7 77 
   30.0  23970  -34.1  -77.1      0   0.04    160     17  651.0  651.4  651.0 77 
   29.0  24208  -33.9  -77.0      0   0.04    140     16  657.8  658.2  657.9 77 
   27.0  24710  -33.5  -76.8      0   0.04    140     10  672.5  672.9  672.5 77 
   26.0  24976  -33.4  -76.7      0   0.04    200     10  680.3  680.7  680.3 77 
   25.0  25251  -33.1  -76.6      0   0.05    165     14  688.5  689.0  688.6 77 
   24.0  25538  -32.9  -76.5      0   0.05    140     12  697.2  697.7  697.3 77 
   23.0  25837  -32.7  -76.4      0   0.05    115     10  706.4  707.0  706.4 77 
   22.0  26149  -32.5  -76.3      0   0.05    180     10  716.1  716.7  716.2 77 
   21.0  26476  -32.2  -76.2      0   0.06    145     10  726.4  727.1  726.5 77 
   20.4  26680  -32.1  -76.1      0   0.06    154      6  732.9  733.6  733.0 77 
   20.0                                       160      4                      77 
</PRE><H3>Station information and sounding indices</H3><PRE> 60 
                             Station number: 89009 50 
                           Observation time: 240125/0000 56 
                           Station latitude: -90.00 51 
                          Station longitude: 0.00 49 
                          Station elevation: 2835.0 51 
                               Lifted index: 12.26 50 
    LIFT computed using virtual temperature: 12.28 50 
      Convective Available Potential Energy: 0.00 49 
             CAPE using virtual temperature: 0.00 49 
                      Convective Inhibition: 0.00 49 
             CINS using virtual temperature: 0.00 49 
                     Bulk Richardson Number: 0.00 49 
          Bulk Richardson Number using CAPV: 0.00 49 
  Temp [K] of the Lifted Condensation Level: 239.15 51 
Pres [hPa] of the Lifted Condensation Level: 639.17 51 
   Equivalent potential temp [K] of the LCL: 272.84 51 
     Mean mixed layer potential temperature: 271.81 51 
              Mean mixed layer mixing ratio: 0.34 49 
              1000 hPa to 500 hPa thickness: 5145.00 52 
Precipitable water [mm] for entire sounding: 0.78 49 
</PRE> 6 
<H2>89009  Amundsen-Scott Observations at 12Z 25 Jan 2024</H2> 62 
<PRE> 5 
----------------------------------------------------------------------------- 77 
   PRES   HGHT   TEMP   DWPT   RELH   MIXR   DRCT   SKNT   THTA   THTE   THTV 77 
    hPa     m      C      C      %    g/kg    deg   knot     K      K      K  77 
----------------------------------------------------------------------------- 77 
 1000.0   -107                                                                77 
  925.0    536                                                                77 
  850.0   1214                                                                77 
  700.0   2678                                                                77 
  684.0   2835  -38.1  -42.3     65   0.14    120      8  262.0  262.4  262.0 77 
  669.0   2990  -32.3  -36.6     65   0.25    109      8  270.2  271.0  270.2 77 
  642.0   3282  -31.1  -34.6     71   0.32     90      8  274.7  275.7  274.8 77 
  586.0   3928  -33.1  -34.1     91   0.37     46      8  279.6  280.8  279.7 77 
  569.0   4136  -32.9  -38.9     55   0.23     32      8  282.2  283.0  282.3 77 
  563.0   4211  -33.1  -35.3     81   0.34     27      8  282.9  284.0  282.9 77 
  551.0   4363  -33.5  -38.0     64   0.26     16      8  284.1  285.0  284.2 77 
  500.0   5040  -37.9  -41.8     67   0.20    330      8  286.8  287.4  286.8 77 
  474.0   5407  -39.5  -44.5     59   0.15    329      8  289.2  289.8  289.2 77 
  439.0   5928  -42.7  -44.8     80   0.16    327      9  291.6  292.1  291.6 77 
  400.0   6550  -46.7  -50.8     63   0.09    325     10  294.2  294.6  294.2 77 
  399.0   6567  -46.8  -50.9     63   0.09    320     10  294.3  294.6  294.3 77 
  395.0   6633  -47.3  -51.1     65   0.09    318     10  294.5  294.8  294.5 77 
  390.0   6717  -47.9  -53.9     50   0.06    316     10  294.8  295.0  294.8 77 
  385.0   6802  -48.3  -58.3     30   0.04    313      9  295.4  295.5  295.4 77 
  327.0   7860  -53.9  -57.0     69   0.05    282      7  301.8  301.9  301.8 77 
  316.0   8079  -54.5  -62.5     37   0.03    275      6  303.9  304.0  303.9 77 
  300.0   8410  -55.7  -60.7     53   0.04    265      5  306.7  306.9  306.7 77 
  298.0   8453  -55.9  -60.9     53   0.04    257      5  307.0  307.2  307.0 77 
  293.0   8561  -56.3  -57.9     82   0.05    238      6  307.9  308.2  308.0 77 
  288.0   8671  -56.5  -58.6     77   0.05    219      6  309.2  309.4  309.2 77 
  287.0   8693  -56.7  -59.7     69   0.04    215      6  309.2  309.4  309.2 77 
  281.0   8828  -56.3  -69.3     18   0.01    218      6  311.6  311.7  311.7 77 
  250.0   9580  -52.7  -77.7      3   0.00    235      3  327.6  327.6  327.6 77 
  212.0  10648  -48.7  -81.7      1   0.00    176      5  349.6  349.6  349.6 77 
  200.0  11030  -48.1  -82.1      1   0.00    155      6  356.4  356.4  356.4 77 
  157.0  12637  -46.2  -82.8      1   0.00    155     10  385.1  385.1  385.1 77 
  150.0  12940  -45.9  -82.9      1   0.00    135     10  390.8  390.8  390.8 77 
  133.0  13744  -44.7  -82.6      1   0.00    125     10  406.5  406.6  406.5 77 
  125.0  14159  -44.1  -82.5      1   0.00    145     10  414.9  414.9  414.9 77 
  116.0  14658  -43.4  -82.3      1   0.00    125     11  425.2  425.2  425.2 77 
  110.0  15013  -42.8  -82.1      1   0.00    145     12  432.7  432.7  432.7 77 
  100.0  15650  -41.9  -81.9      1   0.00    125     13  446.5  446.5  446.5 77 
   95.0  16001  -41.4  -81.7      1   0.01    120     12  454.1  454.1  454.1 77 
   93.0  16146  -41.2  -81.6      1   0.01    145     11  457.3  457.3  457.3 77 
   89.0  16447  -40.7  -81.4      0   0.01    125     15  463.9  464.0  463.9 77 
   86.0  16682  -40.4  -81.2      0   0.01    140     15  469.2  469.2  469.2 77 
   77.0  17438  -39.3  -80.7      0   0.01    120     16  486.6  486.6  486.6 77 
   72.0  17897  -38.6  -80.4      0   0.01    155     13  497.4  497.5  497.4 77 
   70.0  18090  -38.3  -80.3      0   0.01    150     17  502.1  502.1  502.1 77 
   67.0  18392  -37.7  -79.7      0   0.01    120     19  509.6  509.7  509.6 77 
   62.8  18838  -36.9  -78.9      0   0.01    133     16  521.0  521.1  521.0 77 
   62.0  18926  -36.9  -78.9      0   0.01    135     15  522.8  522.9  522.8 77 
   60.0  19152  -37.0  -79.0      0   0.01    115     12  527.5  527.6  527.5 77 
   58.0  19386  -37.1  -79.1      0   0.01    120     10  532.5  532.6  532.5 77 
   57.0  19506  -37.2  -79.2      0   0.01    135      9  535.0  535.1  535.0 77 
   56.0  19628  -37.2  -79.2      0   0.01    150     10  537.6  537.7  537.6 77 
   55.0  19752  -37.2  -79.2      0   0.01    140     13  540.3  540.4  540.3 77 
   52.0  20139  -37.4  -79.4      0   0.01    155     17  548.7  548.8  548.7 77 
   50.0  20410  -37.5  -79.5      0   0.01    140     21  554.6  554.7  554.6 77 
   49.0  20550  -37.4  -79.5      0   0.01    125     20  558.0  558.2  558.0 77 
   47.0  20840  -37.2  -79.3      0   0.02    135     20  565.1  565.3  565.1 77 
   43.0  21458  -36.9  -79.2      0   0.02    110      9  580.6  580.8  580.6 77 
   42.0  21622  -36.8  -79.1      0   0.02    125     10  584.8  585.0  584.8 77 
   40.0  21961  -36.5  -79.0      0   0.02    115     10  593.5  593.7  593.5 77 
   38.0  22317  -36.3  -78.9      0   0.02    150     12  602.9  603.0  602.9 77 
   35.0  22889  -36.0  -78.7      0   0.02    135     12  618.1  618.3  618.1 77 
   34.0  23090  -35.8  -78.6      0   0.02    150     10  623.6  623.8  623.6 77 
   32.0  23511  -35.6  -78.5      0   0.03    120     11  635.2  635.4  635.2 77 
   31.0  23732  -35.4  -78.4      0   0.03    150     10  641.3  641.6  641.4 77 
   30.0  23960  -35.3  -78.3      0   0.03    140     10  647.8  648.0  647.8 77 
   29.0  24197  -35.1  -78.2      0   0.03    155     12  654.7  655.0  654.7 77 
   28.0  24443  -34.9  -78.0      0   0.03    130     18  661.9  662.2  661.9 77 
   27.0  24698  -34.6  -77.9      0   0.03    100     12  669.5  669.8  669.5 77 
   26.0  24962  -34.4  -77.7      0   0.04    160     10  677.4  677.8  677.4 77 
   25.0  25237  -34.1  -77.6      0   0.04    150     11  685.8  686.1  685.8 77 
   21.0  26458  -33.0  -76.9      0   0.05    160     10  724.1  724.7  724.2 77 
   20.0  26800  -32.7  -76.7      0   0.06    105      3  735.3  735.9  735.3 77 
   19.6  26942  -31.9  -75.9      0   0.06                742.0  742.7  742.0 77 
</PRE><H3>Station information and sounding indices</H3><PRE> 60 
                             Station number: 89009 50 
                           Observation time: 240125/1200 56 
                           Station latitude: -90.00 51 
                          Station longitude: 0.00 49 
                          Station elevation: 2835.0 51 
                               Lifted index: 12.81 50 
    LIFT computed using virtual temperature: 12.83 50 
      Convective Available Potential Energy: 0.00 49 
             CAPE using virtual temperature: 0.00 49 
                      Convective Inhibition: 0.00 49 
             CINS using virtual temperature: 0.00 49 
                     Bulk Richardson Number: 0.00 49 
          Bulk Richardson Number using CAPV: 0.00 49 
  Temp [K] of the Lifted Condensation Level: 235.75 51 
Pres [hPa] of the Lifted Condensation Level: 617.10 51 
   Equivalent potential temp [K] of the LCL: 271.41 51 
     Mean mixed layer potential temperature: 270.65 51 
              Mean mixed layer mixing ratio: 0.26 49 
              1000 hPa to 500 hPa thickness: 5147.00 52 
Precipitable water [mm] for entire sounding: 0.76 49 
</PRE> 6 
<H2>89009  Amundsen-Scott Observations at 00Z 26 Jan 2024</H2> 62 
<PRE> 5 
----------------------------------------------------------------------------- 77 
   PRES   HGHT   TEMP   DWPT   RELH   MIXR   DRCT   SKNT   THTA   THTE   THTV 77 
    hPa     m      C      C      %    g/kg    deg   knot     K      K      K  77 
----------------------------------------------------------------------------- 77 
 1000.0    -95                                                                77 
  925.0    542                                                                77 
  850.0   1216                                                                77 
  700.0   2669                                                                77 
  683.0   2835  -35.1  -39.1     67   0.19      0     10  265.4  266.1  265.5 77 
  669.0   2981  -32.6  -35.9     72   0.27    320     13  269.8  270.7  269.9 77 
  663.0   3045  -31.5  -34.5     75   0.31    322     13  271.8  272.7  271.8 77 
  631.0   3394  -33.7  -36.1     78   0.28    330     14  273.2  274.1  273.2 77 
  605.0   3691  -35.5  -37.5     82   0.25    311     13  274.3  275.2  274.4 77 
  591.0   3855  -35.4  -37.5     81   0.26    300     13  276.3  277.2  276.4 77 
  563.0   4195  -35.1  -37.5     79   0.27    301     14  280.5  281.4  280.6 77 
  502.0   4992  -38.9  -40.3     87   0.23    305     16  285.2  286.0  285.3 77 
  500.0   5020  -39.1  -40.7     85   0.22    305     16  285.3  286.1  285.4 77 
  473.0   5398  -41.1  -46.1     58   0.13    298     15  287.4  287.9  287.4 77 
  460.0   5586  -42.0  -45.4     69   0.14    295     14  288.6  289.1  288.6 77 
  445.0   5810  -43.1  -44.6     85   0.16    297     14  289.9  290.5  290.0 77 
  400.0   6520  -47.3  -49.9     74   0.10    305     15  293.4  293.8  293.5 77 
  389.0   6702  -48.2  -50.8     75   0.09    315     16  294.6  294.9  294.6 77 
  359.0   7227  -50.9  -53.3     75   0.08    315     19  297.8  298.1  297.8 77 
  349.0   7410  -51.9  -54.0     78   0.07    315     20  298.9  299.2  298.9 77 
  340.0   7578  -52.7  -55.0     76   0.06    315     22  300.0  300.3  300.1 77 
  330.0   7770  -52.9  -60.9     37   0.03    315     23  302.3  302.5  302.3 77 
  320.0   7968  -53.7  -56.9     68   0.05    315     24  303.9  304.1  303.9 77 
  318.0   8008  -53.9  -56.1     77   0.06    314     23  304.2  304.4  304.2 77 
  313.0   8109  -54.5  -62.5     37   0.03    310     21  304.7  304.8  304.7 77 
  300.0   8380  -54.5  -65.5     24   0.02    310     18  308.4  308.5  308.4 77 
  295.0   8488  -54.1  -67.1     19   0.02    303     16  310.5  310.5  310.5 77 
  289.0   8619  -54.4  -63.4     32   0.03    295     14  311.9  312.0  311.9 77 
  283.0   8754  -54.7  -59.7     54   0.04    301     14  313.3  313.5  313.3 77 
  274.0   8960  -55.0  -61.4     45   0.04    310     13  315.8  316.0  315.8 77 
  270.0   9054  -55.1  -62.1     41   0.03    301     12  317.0  317.1  317.0 77 
  264.0   9198  -53.9  -74.9      6   0.01    287     10  320.8  320.8  320.8 77 
  263.0   9223  -53.7  -75.0      6   0.01    285     10  321.4  321.4  321.4 77 
  250.0   9550  -51.3  -76.3      4   0.00    275      7  329.7  329.7  329.7 77 
  230.0  10097  -49.4  -79.5      2   0.00    215      3  340.5  340.5  340.5 77 
  223.0  10300  -48.7  -80.7      1   0.00    205      4  344.6  344.6  344.6 77 
  200.0  11020  -47.3  -81.3      1   0.00    170      6  357.7  357.7  357.7 77 
  150.0  12930  -45.7  -81.7      1   0.00    145      6  391.1  391.1  391.1 77 
  142.0  13297  -45.1  -81.7      1   0.00    155     10  398.2  398.3  398.2 77 
  138.0  13488  -44.9  -81.8      1   0.00    135     10  402.0  402.1  402.0 77 
  122.0  14312  -43.6  -81.8      1   0.00    165     10  418.7  418.8  418.7 77 
  119.0  14478  -43.3  -81.9      1   0.00    145     10  422.2  422.2  422.2 77 
  116.0  14649  -43.1  -81.9      1   0.00    155     12  425.8  425.8  425.8 77 
  114.0  14765  -42.9  -81.9      1   0.00    143     12  428.2  428.2  428.2 77 
  111.0  14945  -42.6  -81.8      1   0.00    125     11  432.1  432.1  432.1 77 
  107.0  15193  -42.1  -81.6      1   0.00    155     11  437.5  437.5  437.5 77 
  100.0  15650  -41.3  -81.3      1   0.01    140     12  447.6  447.7  447.6 77 
   93.0  16146  -40.6  -81.1      1   0.01    135     12  458.3  458.3  458.3 77 
   91.0  16295  -40.5  -81.0      1   0.01    150     13  461.5  461.6  461.5 77 
   86.0  16682  -40.0  -80.8      1   0.01    135     14  470.1  470.1  470.1 77 
   83.0  16925  -39.6  -80.7      0   0.01    155     14  475.5  475.6  475.5 77 
   78.0  17350  -39.1  -80.5      0   0.01    125     14  485.2  485.2  485.2 77 
   76.0  17527  -38.8  -80.4      0   0.01    140     15  489.3  489.4  489.3 77 
   73.0  17803  -38.5  -80.2      0   0.01    135     22  495.7  495.8  495.7 77 
   70.0  18090  -38.1  -80.1      0   0.01    130     16  502.5  502.6  502.5 77 
   69.0  18189  -38.0  -80.0      0   0.01    125     14  504.7  504.8  504.7 77 
   66.0  18496  -37.9  -79.9      0   0.01    135     11  511.6  511.6  511.6 77 
   64.0  18708  -37.7  -79.7      0   0.01    120     10  516.4  516.4  516.4 77 
   62.0  18927  -37.6  -79.6      0   0.01    135      7  521.3  521.4  521.4 77 
   61.0  19039  -37.5  -79.5      0   0.01    165     11  523.9  524.0  523.9 77 
   56.0  19629  -37.2  -79.2      0   0.01    100     20  537.7  537.8  537.7 77 
   55.0  19753  -37.1  -79.1      0   0.01    100     10  540.6  540.8  540.6 77 
   53.0  20008  -36.9  -78.9      0   0.01    130      3  546.8  546.9  546.8 77 
   52.0  20140  -36.9  -78.9      0   0.02    180     10  549.9  550.0  549.9 77 
   50.0  20410  -36.7  -78.7      1   0.02    145     21  556.5  556.6  556.5 77 
   48.0  20693  -36.5  -78.6      1   0.02    105     12  563.4  563.6  563.5 77 
   47.0  20839  -36.4  -78.5      1   0.02    110      9  567.1  567.2  567.1 77 
   46.0  20988  -36.3  -78.5      1   0.02    140     11  570.8  570.9  570.8 77 
   45.0  21140  -36.2  -78.5      0   0.02    130     11  574.6  574.8  574.6 77 
   44.0  21296  -36.1  -78.4      0   0.02    145     12  578.5  578.7  578.5 77 
   40.0  21956  -35.7  -78.2      0   0.02    110     10  595.5  595.7  595.5 77 
   35.0  22882  -35.2  -77.9      0   0.03    165     10  620.2  620.5  620.2 77 
   34.0  23083  -35.0  -77.8      0   0.03    100     14  625.7  626.0  625.7 77 
   33.0  23290  -34.9  -77.7      0   0.03    100     10  631.4  631.7  631.4 77 
   31.0  23723  -34.6  -77.6      0   0.03    130     10  643.5  643.8  643.5 77 
   30.0  23950  -34.5  -77.5      0   0.03    115      6  649.9  650.2  650.0 77 
   29.0  24189  -34.4  -77.5      0   0.03    150     10  656.6  657.0  656.6 77 
   28.0  24437  -34.2  -77.4      0   0.04    130     10  663.6  664.0  663.6 77 
   27.0  24693  -34.1  -77.3      0   0.04    160     12  671.0  671.3  671.0 77 
   26.0  24959  -33.9  -77.3      0   0.04    160     11  678.7  679.1  678.7 77 
   24.0  25524  -33.6  -77.2      0   0.04    145     12  695.3  695.7  695.3 77 
   22.0  26138  -33.3  -77.0      0   0.05    170     17  713.8  714.3  713.8 77 
   20.0  26810  -32.9  -76.9      0   0.05    190      8  734.6  735.2  734.7 77 
   19.0  27172  -32.6  -76.6      0   0.06    140     10  746.4  747.1  746.4 77 
   18.0  27553  -32.3  -76.3      0   0.07    105     10  759.0  759.7  759.0 77 
   17.0  27957  -32.0  -76.0      0   0.07    180      2  772.5  773.4  772.6 77 
   16.0  28385  -31.6  -75.6      0   0.08    185     10  787.2  788.1  787.2 77 
   15.1  28793  -31.3  -75.3      1   0.09    149      9  801.4  802.5  801.4 77 
   15.0                                       145      9                      77 
</PRE><H3>Station information and sounding indices</H3><PRE> 60 
                             Station number: 89009 50 
                           Observation time: 240126/0000 56 
                           Station latitude: -90.00 51 
                          Station longitude: 0.00 49 
                          Station elevation: 2835.0 51 
                               Lifted index: 11.48 50 
    LIFT computed using virtual temperature: 11.50 50 
      Convective Available Potential Energy: 0.00 49 
             CAPE using virtual temperature: 0.00 49 
                      Convective Inhibition: 0.00 49 
             CINS using virtual temperature: 0.00 49 
                     Bulk Richardson Number: 0.00 49 
          Bulk Richardson Number using CAPV: 0.00 49 
  Temp [K] of the Lifted Condensation Level: 236.75 51 
Pres [hPa] of the Lifted Condensation Level: 625.57 51 
   Equivalent potential temp [K] of the LCL: 271.57 51 
     Mean mixed layer potential temperature: 270.73 51 
              Mean mixed layer mixing ratio: 0.28 49 
              1000 hPa to 500 hPa thickness: 5115.00 52 
Precipitable water [mm] for entire sounding: 0.74 49 
</PRE> 6 
<H2>89009  Amundsen-Scott Observations at 12Z 26 Jan 2024</H2> 62 
<PRE> 5 
----------------------------------------------------------------------------- 77 
   PRES   HGHT   TEMP   DWPT   RELH   MIXR   DRCT   SKNT   THTA   THTE   THTV 77 
    hPa     m      C      C      %    g/kg    deg   knot     K      K      K  77 
----------------------------------------------------------------------------- 77 
 1000.0    -57                                                                77 
  925.0    579                                                                77 
  850.0   1248                                                                77 
  700.0   2697                                                                77 
  686.0   2835  -36.5  -40.6     66   0.16      0     10  263.6  264.1  263.6 77 
  674.0   2958  -34.3  -35.1     92   0.29    336     12  267.4  268.2  267.4 77 
  666.0   3042  -33.3  -34.2     91   0.32    320     14  269.4  270.4  269.5 77 
  660.0   3106  -32.5  -33.6     90   0.34    319     14  271.0  272.1  271.0 77 
  630.0   3434  -33.1  -33.9     92   0.35    315     13  273.9  275.0  274.0 77 
  565.0   4191  -36.2  -37.8     85   0.26    305     10  278.9  279.8  279.0 77 
  541.0   4492  -37.5  -39.4     82   0.23    285     12  280.9  281.7  281.0 77 
  500.0   5040  -39.7  -42.2     77   0.19    295     14  284.6  285.2  284.6 77 
  498.0   5067  -39.9  -42.6     75   0.18    295     14  284.7  285.3  284.7 77 
  481.0   5303  -41.3  -42.7     86   0.18    296     15  285.8  286.4  285.8 77 
  465.0   5531  -42.3  -44.2     82   0.16    297     16  287.3  287.9  287.3 77 
  460.0   5604  -42.9  -47.9     58   0.11    297     16  287.4  287.8  287.5 77 
  452.0   5721  -43.7  -44.9     88   0.16    297     16  287.9  288.4  287.9 77 
  447.0   5795  -44.1  -49.1     57   0.10    298     17  288.3  288.6  288.3 77 
  440.0   5901  -44.7  -47.0     78   0.13    298     17  288.8  289.3  288.9 77 
  406.0   6432  -47.9  -53.9     50   0.06    300     19  291.4  291.6  291.4 77 
  400.0   6530  -48.5  -53.0     59   0.07    300     19  291.9  292.1  291.9 77 
  388.0   6730  -49.7  -54.2     59   0.06    295     21  292.9  293.1  292.9 77 
  387.0   6747  -49.8  -54.4     58   0.06    295     21  293.0  293.2  293.0 77 
  345.0   7492  -53.1  -61.1     37   0.03    300     16  298.2  298.4  298.2 77 
  301.0   8369  -54.5  -66.5     21   0.02    295     13  308.1  308.2  308.1 77 
  300.0   8390  -54.3  -67.3     19   0.01    295     13  308.7  308.8  308.7 77 
  293.0   8543  -53.8  -68.7     14   0.01    305     12  311.6  311.6  311.6 77 
  286.0   8699  -53.2  -70.1     11   0.01    275     10  314.5  314.6  314.5 77 
  259.0   9341  -50.9  -76.0      4   0.00    250      4  326.9  326.9  326.9 77 
  250.0   9570  -50.1  -78.1      2   0.00    245      7  331.4  331.5  331.4 77 
  242.0   9783  -49.5  -79.5      2   0.00    232      7  335.4  335.5  335.4 77 
  200.0  11040  -47.9  -81.9      1   0.00    155      7  356.8  356.8  356.8 77 
  152.0  12853  -45.8  -81.7      1   0.00    155     10  389.4  389.5  389.4 77 
  150.0  12940  -45.7  -81.7      1   0.00    165      8  391.1  391.1  391.1 77 
  147.0  13076  -45.5  -81.7      1   0.00    170     10  393.7  393.7  393.7 77 
  141.0  13355  -45.2  -81.8      1   0.00    155     10  399.0  399.0  399.0 77 
  129.0  13952  -44.4  -81.9      1   0.00    165     10  410.6  410.6  410.6 77 
  121.0  14381  -43.9  -82.0      1   0.00    125     11  419.1  419.2  419.2 77 
  117.0  14607  -43.6  -82.1      1   0.00    140     14  423.7  423.8  423.7 77 
  113.0  14840  -43.3  -82.1      1   0.00    130     12  428.5  428.5  428.5 77 
  103.0  15462  -42.5  -82.3      1   0.00    150     13  441.5  441.5  441.5 77 
  100.0  15660  -42.3  -82.3      1   0.00    135     13  445.7  445.7  445.7 77 
   89.0  16454  -40.8  -81.5      0   0.01    115     13  463.8  463.8  463.8 77 
   83.0  16929  -39.9  -80.9      0   0.01    140     16  475.0  475.0  475.0 77 
   78.0  17353  -39.1  -80.5      0   0.01    120     19  485.1  485.2  485.1 77 
   73.0  17804  -38.2  -80.0      0   0.01    125     14  496.2  496.3  496.2 77 
   71.0  17993  -37.9  -79.8      0   0.01    100     13  500.9  501.0  500.9 77 
   70.0  18090  -37.7  -79.7      0   0.01    110     10  503.4  503.4  503.4 77 
   64.0  18705  -38.6  -80.2      0   0.01    160     10  514.5  514.5  514.5 77 
   61.0  19034  -39.1  -80.5      0   0.01    150     13  520.5  520.6  520.5 77 
   60.0  19148  -39.2  -80.5      0   0.01    170     10  522.6  522.7  522.6 77 
   58.0  19380  -39.6  -80.7      0   0.01    175     13  526.9  527.0  526.9 77 
   56.1  19609  -39.9  -80.9      0   0.01    140     15  531.2  531.3  531.2 77 
   54.0  19871  -38.8  -80.2      0   0.01    100     17  539.5  539.6  539.6 77 
   52.0  20130  -37.7  -79.5      0   0.01     90     10  547.9  548.0  547.9 77 
   51.0  20263  -37.2  -79.1      0   0.02    100     10  552.3  552.4  552.3 77 
   50.9  20277  -37.1  -79.1      0   0.02    104     10  552.7  552.9  552.7 77 
   50.0  20400  -37.1  -79.1      0   0.02    145      8  555.5  555.7  555.6 77 
   44.0  21286  -37.0  -79.3      0   0.02    120     14  576.5  576.6  576.5 77 
   42.0  21608  -37.0  -79.3      0   0.02     85     10  584.3  584.5  584.3 77 
   39.0  22121  -36.9  -79.4      0   0.02    120     10  597.0  597.1  597.0 77 
   38.0  22301  -36.9  -79.5      0   0.02    105     17  601.5  601.7  601.5 77 
   37.0  22486  -36.8  -79.5      0   0.02     85     10  606.1  606.3  606.2 77 
   35.0  22871  -36.8  -79.6      0   0.02      0      0  616.0  616.2  616.0 77 
   31.8  23535  -36.7  -79.7      0   0.02     87      7  633.3  633.5  633.3 77 
   30.0  23940  -35.5  -78.5      0   0.03    140     11  647.2  647.5  647.2 77 
   29.0  24177  -35.3  -78.4      0   0.03    165     11  654.0  654.3  654.0 77 
   28.0  24423  -35.2  -78.3      0   0.03    160     13  661.0  661.4  661.0 77 
   27.0  24678  -35.0  -78.2      0   0.03    100     17  668.5  668.8  668.5 77 
   26.0  24942  -34.8  -78.2      0   0.03     75     10  676.2  676.6  676.2 77 
   23.0  25801  -34.2  -77.8      0   0.04    150     10  702.1  702.5  702.1 77 
   21.0  26438  -33.7  -77.6      0   0.05    115      3  722.0  722.5  722.0 77 
   20.0  26780  -33.5  -77.5      0   0.05    115      7  732.8  733.4  732.8 77 
   19.0  27142  -33.0  -77.2      0   0.06    155     13  745.2  745.8  745.2 77 
   17.0  27927  -31.9  -76.5      0   0.07      0      0  772.6  773.4  772.6 77 
   16.0  28355  -31.4  -76.1      0   0.08    185     10  788.0  788.9  788.0 77 
   15.0  28811  -30.8  -75.7      0   0.09    110     12  804.7  805.7  804.8 77 
   14.6  29002  -30.5  -75.5      0   0.09                811.8  812.9  811.9 77 
</PRE><H3>Station information and sounding indices</H3><PRE> 60 
                             Station number: 89009 50 
                           Observation time: 240126/1200 56 
                           Station latitude: -90.00 51 
                          Station longitude: 0.00 49 
                          Station elevation: 2835.0 51 
                               Lifted index: 11.82 50 
    LIFT computed using virtual temperature: 11.84 50 
      Convective Available Potential Energy: 0.00 49 
             CAPE using virtual temperature: 0.00 49 
                      Convective Inhibition: 0.00 49 
             CINS using virtual temperature: 0.00 49 
                     Bulk Richardson Number: 0.00 49 
          Bulk Richardson Number using CAPV: 0.00 49 
  Temp [K] of the Lifted Condensation Level: 237.96 51 
Pres [hPa] of the Lifted Condensation Level: 647.22 51 
   Equivalent potential temp [K] of the LCL: 270.39 51 
     Mean mixed layer potential temperature: 269.49 51 
              Mean mixed layer mixing ratio: 0.30 49 
              1000 hPa to 500 hPa thickness: 5097.00 52 
Precipitable water [mm] for entire sounding: 0.73 49 
</PRE> 6 
<H2>89009  Amundsen-Scott Observations at 00Z 27 Jan 2024</H2> 62 
<PRE> 5 
----------------------------------------------------------------------------- 77 
   PRES   HGHT   TEMP   DWPT   RELH   MIXR   DRCT   SKNT   THTA   THTE   THTV 77 
    hPa     m      C      C      %    g/kg    deg   knot     K      K      K  77 
----------------------------------------------------------------------------- 77 
 1000.0    -57                                                                77 
  925.0    585                                                                77 
  850.0   1260                                                                77 
  700.0   2714                                                                77 
  688.0   2835  -37.1  -41.5     64   0.15     50      7  262.7  263.1  262.7 77 
  687.0   2845  -37.1  -39.4     79   0.18     44      7  262.8  263.4  262.8 77 
  684.0   2876  -33.7  -35.7     82   0.27     27      9  266.9  267.7  266.9 77 
  682.0   2896  -33.6  -36.0     79   0.26     15     10  267.2  268.0  267.3 77 
  680.0   2917  -33.5  -36.4     75   0.25     13     10  267.6  268.4  267.6 77 
  669.0   3032  -33.2  -37.1     68   0.24      5     10  269.2  269.9  269.2 77 
  647.0   3267  -32.5  -38.5     55   0.21      8     10  272.5  273.2  272.6 77 
  627.0   3488  -33.9  -37.8     68   0.24     10     10  273.4  274.1  273.4 77 
  622.0   3544  -34.3  -37.6     72   0.24      7     10  273.6  274.3  273.6 77 
  614.0   3635  -33.1  -38.1     61   0.23      2     10  275.9  276.7  276.0 77 
  550.0   4408  -34.7  -40.7     54   0.20    321      9  282.9  283.5  282.9 77 
  521.0   4785  -36.7  -41.0     64   0.20    300      8  284.9  285.6  284.9 77 
  501.0   5056  -37.9  -46.9     38   0.11    286      8  286.6  287.0  286.6 77 
  500.0   5070  -38.1  -47.1     38   0.11    285      8  286.5  286.9  286.6 77 
  489.0   5222  -39.3  -43.0     68   0.18    272      8  286.9  287.5  286.9 77 
  464.0   5578  -41.3  -44.4     72   0.16    241      7  288.7  289.3  288.8 77 
  426.0   6152  -43.9  -53.9     32   0.06    192      5  292.5  292.8  292.6 77 
  400.0   6570  -46.7  -53.7     45   0.06    155      4  294.2  294.5  294.2 77 
  390.0   6738  -47.7  -53.7     50   0.07    159      5  295.1  295.3  295.1 77 
  356.0   7335  -51.4  -58.3     43   0.04    175     10  297.8  298.0  297.8 77 
  352.0   7409  -51.9  -58.9     43   0.04    178     10  298.2  298.3  298.2 77 
  339.0   7652  -52.7  -60.9     36   0.03    190     11  300.3  300.5  300.4 77 
  322.0   7984  -53.7  -63.7     28   0.02    185     13  303.4  303.4  303.4 77 
  300.0   8440  -53.3  -66.3     19   0.02    175     14  310.1  310.2  310.1 77 
  291.0   8637  -53.0  -68.3     14   0.01    175     12  313.3  313.4  313.3 77 
  282.0   8840  -52.6  -70.4     10   0.01    150     12  316.6  316.7  316.6 77 
  274.0   9026  -52.3  -72.3      7   0.01    170     12  319.7  319.7  319.7 77 
  262.0   9316  -51.9  -74.8      5   0.01    155     12  324.4  324.4  324.4 77 
  250.0   9620  -51.5  -77.5      3   0.00    165     14  329.4  329.4  329.4 77 
  228.0  10223  -50.2  -79.1      2   0.00    170     13  340.2  340.2  340.2 77 
  216.0  10576  -49.4  -80.0      2   0.00    165     11  346.7  346.7  346.7 77 
  211.0  10730  -49.1  -80.4      1   0.00    150     10  349.5  349.5  349.5 77 
  200.0  11080  -48.3  -81.3      1   0.00    155     10  356.1  356.1  356.1 77 
  195.0  11247  -48.1  -81.4      1   0.00    165     10  359.0  359.0  359.0 77 
  186.0  11559  -47.9  -81.6      1   0.00    145     10  364.3  364.3  364.3 77 
  181.0  11739  -47.7  -81.7      1   0.00    160     10  367.4  367.5  367.4 77 
  150.0  12980  -46.5  -82.5      1   0.00    150      9  389.7  389.7  389.7 77 
  146.0  13161  -46.2  -82.5      1   0.00    150     10  393.2  393.2  393.2 77 
  143.0  13299  -46.0  -82.5      1   0.00    130     11  395.9  396.0  395.9 77 
  139.0  13489  -45.7  -82.5      1   0.00    145     10  399.7  399.7  399.7 77 
  130.0  13936  -45.0  -82.4      1   0.00    130     12  408.6  408.7  408.6 77 
  124.0  14252  -44.5  -82.4      1   0.00    155     10  415.1  415.1  415.1 77 
  113.0  14873  -43.6  -82.4      1   0.00    130     14  428.1  428.1  428.1 77 
  100.0  15690  -42.3  -82.3      1   0.00    145     15  445.7  445.7  445.7 77 
   94.0  16112  -42.0  -82.1      0   0.01    130     13  454.3  454.4  454.3 77 
   92.0  16258  -41.8  -82.1      0   0.01    145     15  457.4  457.4  457.4 77 
   87.0  16639  -41.5  -81.9      0   0.01    125     15  465.4  465.4  465.4 77 
   84.0  16878  -41.3  -81.8      0   0.01    155     18  470.4  470.5  470.4 77 
   80.0  17210  -41.0  -81.7      0   0.01    125     16  477.6  477.7  477.6 77 
   79.0  17296  -41.0  -81.6      0   0.01    120     15  479.5  479.5  479.5 77 
   76.0  17560  -40.8  -81.5      0   0.01    135     16  485.3  485.3  485.3 77 
   73.0  17834  -40.5  -81.4      0   0.01    110     11  491.4  491.4  491.4 77 
   71.0  18023  -40.4  -81.3      0   0.01    130      8  495.6  495.7  495.6 77 
   70.0  18120  -40.3  -81.3      0   0.01    150     10  497.8  497.9  497.8 77 
   66.0  18524  -40.0  -81.1      0   0.01    130     16  507.0  507.1  507.0 77 
   63.0  18843  -39.7  -81.0      0   0.01    150     12  514.4  514.5  514.4 77 
   61.0  19065  -39.5  -80.9      0   0.01    135     16  519.6  519.6  519.6 77 
   60.0  19178  -39.4  -80.8      0   0.01    150     17  522.2  522.3  522.3 77 
   56.0  19652  -39.0  -80.6      0   0.01    120     14  533.6  533.7  533.6 77 
   54.0  19902  -38.8  -80.5      0   0.01    130     20  539.7  539.8  539.7 77 
   53.0  20030  -38.6  -80.5      0   0.01    115     24  542.8  542.9  542.8 77 
   51.0  20294  -38.4  -80.4      0   0.01     70     13  549.3  549.4  549.3 77 
   50.0  20430  -38.3  -80.3      0   0.01     70     10  552.7  552.8  552.7 77 
   49.0  20570  -38.1  -80.2      0   0.01    125      4  556.3  556.4  556.3 77 
   48.0  20712  -38.0  -80.1      0   0.01    135     10  559.9  560.0  559.9 77 
   45.0  21158  -37.5  -79.8      0   0.02    125     16  571.5  571.6  571.5 77 
   44.0  21313  -37.4  -79.8      0   0.02    110     12  575.6  575.8  575.6 77 
   41.0  21800  -36.8  -79.4      0   0.02    145     10  588.6  588.8  588.7 77 
   40.0  21971  -36.6  -79.3      0   0.02    130     11  593.3  593.4  593.3 77 
   38.0  22325  -36.3  -79.1      0   0.02    110      6  603.0  603.2  603.0 77 
   37.0  22509  -36.1  -79.0      0   0.02    115     10  608.1  608.3  608.1 77 
   36.2  22660  -35.9  -78.9      0   0.02    127     10  612.4  612.6  612.4 77 
   34.0  23094  -37.3  -79.3      0   0.02    160     10  619.8  620.0  619.8 77 
   31.0  23733  -36.4  -79.2      0   0.02    160     10  638.7  639.0  638.7 77 
   30.0  23960  -36.1  -79.1      0   0.03    140     13  645.6  645.8  645.6 77 
   28.0  24443  -35.2  -78.5      0   0.03    140     17  660.9  661.2  660.9 77 
   27.0  24697  -34.7  -78.1      0   0.03    100     14  669.1  669.5  669.2 77 
   24.0  25521  -33.2  -77.0      0   0.04    135     10  696.5  697.0  696.5 77 
   23.1  25788  -32.7  -76.7      0   0.05    122     10  705.6  706.1  705.6 77 
   23.0  25818  -32.7  -76.7      0   0.05    120     10  706.4  706.9  706.4 77 
   22.0  26131  -33.2  -76.8      0   0.05    155      2  714.1  714.6  714.1 77 
   21.0  26457  -33.6  -77.0      0   0.05    215     10  722.3  722.9  722.3 77 
   20.0  26800  -34.1  -77.1      0   0.05    130     11  731.0  731.6  731.0 77 
   18.3  27421  -34.3  -77.3      0   0.06    151     11  749.1  749.8  749.2 77 
   18.0  27538  -34.0  -77.2      0   0.06    155     11  753.5  754.2  753.5 77 
   17.0  27941  -33.1  -76.7      0   0.07     75     10  768.8  769.5  768.8 77 
   16.0  28369  -32.2  -76.2      0   0.08    205     10  785.3  786.2  785.4 77 
   15.0  28824  -31.2  -75.7      0   0.09    155     10  803.3  804.3  803.3 77 
   14.0  29311  -30.1  -75.1      0   0.10    145     10  823.0  824.2  823.0 77 
   13.0  29836  -31.4  -75.6      0   0.10    245     10  836.0  837.2  836.0 77 
   12.8  29946  -31.7  -75.7      0   0.10    234     10  838.7  840.0  838.8 77 
   12.0  30406  -29.9  -74.8      0   0.12    190     10  860.8  862.4  860.9 77 
   11.2  30898  -27.9  -73.9      0   0.15    123     14  885.1  887.0  885.1 77 
   11.0  31027  -28.0  -73.9      0   0.16    105     15  889.2  891.2  889.3 77 
   10.0  31710  -28.7  -73.7      0   0.18    185      9  911.2  913.5  911.3 77 
    9.9  31782  -28.9  -73.9      0   0.17    189      9  913.1  915.4  913.2 77 
    9.4  32155  -25.5  -71.5      1   0.26    208     10  939.6  943.1  939.8 77 
    9.0  32475  -24.9  -71.1      1   0.29    225     10  953.8  957.7  953.9 77 
    8.0  33343  -23.2  -70.0      1   0.38    140      3  993.2  998.5  993.4 77 
    7.0  34327  -21.2  -68.8      1   0.51     75     10 1039.7 1047.3 1040.1 77 
    6.0  35463  -19.0  -67.5      1   0.73      0     10 1096.2 1107.3 1096.6 77 
    5.4  36240  -17.5  -66.5      1   0.92     84      7 1136.4 1151.0 1137.0 77 
    5.3  36379  -18.1  -67.1      1   0.87     99      6 1139.8 1153.6 1140.4 77 
    5.0  36819  -15.8  -64.8      1   1.26    145      4 1169.5 1190.0 1170.4 77 
    4.7  37286  -13.3  -62.3      1   1.87               1201.8 1232.6 1203.2 77 
    4.6  37450  -12.7  -61.7      1   2.06               1212.0 1246.2 1213.5 77 
    4.5  37618  -12.1  -61.1      1   2.28               1222.5 1260.5 1224.2 77 
</PRE><H3>Station information and sounding indices</H3><PRE> 60 
                             Station number: 89009 50 
                           Observation time: 240127/0000 56 
                           Station latitude: -90.00 51 
                          Station longitude: 0.00 49 
                          Station elevation: 2835.0 51 
                               Lifted index: 13.46 50 
    LIFT computed using virtual temperature: 13.46 50 
      Convective Available Potential Energy: 0.00 49 
             CAPE using virtual temperature: 0.00 49 
                      Convective Inhibition: 0.00 49 
             CINS using virtual temperature: 0.00 49 
                     Bulk Richardson Number: 0.00 49 
          Bulk Richardson Number using CAPV: 0.00 49 
  Temp [K] of the Lifted Condensation Level: 234.91 51 
Pres [hPa] of the Lifted Condensation Level: 617.31 51 
   Equivalent potential temp [K] of the LCL: 270.35 51 
     Mean mixed layer potential temperature: 269.65 51 
              Mean mixed layer mixing ratio: 0.23 49 
              1000 hPa to 500 hPa thickness: 5127.00 52 
Precipitable water [mm] for entire sounding: 0.63 49 
</PRE> 6 
<H2>89009  Amundsen-Scott Observations at 12Z 27 Jan 2024</H2> 62 
<PRE> 5 
----------------------------------------------------------------------------- 77 
   PRES   HGHT   TEMP   DWPT   RELH   MIXR   DRCT   SKNT   THTA   THTE   THTV 77 
    hPa     m      C      C      %    g/kg    deg   knot     K      K      K  77 
----------------------------------------------------------------------------- 77 
 1000.0    -93                                                                77 
  925.0    552                                                                77 
  850.0   1232                                                                77 
  700.0   2702                                                                77 
  687.0   2835  -36.9  -41.3     64   0.15     90      9  263.0  263.5  263.0 77 
  683.0   2876  -34.1  -37.5     71   0.22     75     10  266.6  267.3  266.6 77 
  679.0   2917  -31.3  -33.7     79   0.33     73     10  270.1  271.2  270.2 77 
  670.0   3011  -30.3  -31.7     88   0.40     67     10  272.3  273.6  272.4 77 
  659.0   3129  -29.7  -33.4     70   0.35     60     10  274.3  275.4  274.4 77 
  656.0   3161  -29.5  -33.8     66   0.34     61     10  274.8  275.9  274.9 77 
  645.0   3282  -29.9  -36.9     51   0.25     63     10  275.7  276.5  275.8 77 
  639.0   3348  -30.3  -36.3     56   0.27     64     10  276.0  276.9  276.1 77 
  636.0   3381  -30.5  -33.2     77   0.37     64     10  276.1  277.3  276.2 77 
  632.0   3426  -30.7  -35.7     61   0.29     65     10  276.4  277.4  276.5 77 
  612.0   3654  -30.8  -34.3     71   0.34     55     10  278.8  279.9  278.9 77 
  602.0   3770  -30.9  -33.6     77   0.37     56     10  280.1  281.3  280.1 77 
  598.0   3818  -30.9  -35.9     61   0.30     56     10  280.6  281.6  280.6 77 
  577.0   4070  -31.5  -35.7     66   0.32     58      9  282.8  283.8  282.8 77 
  500.0   5070  -36.9  -43.9     48   0.16     65      6  288.0  288.5  288.0 77 
  498.0   5098  -36.9  -44.9     43   0.14     64      6  288.3  288.8  288.4 77 
  488.0   5238  -37.7  -44.7     48   0.15     61      5  289.0  289.5  289.0 77 
  473.0   5453  -38.7  -51.4     25   0.07     55      4  290.4  290.6  290.4 77 
  467.0   5541  -39.1  -54.1     19   0.05     59      4  290.9  291.1  290.9 77 
  400.0   6590  -45.5  -55.5     31   0.05    110      9  295.8  296.0  295.8 77 
  386.0   6827  -47.3  -57.3     31   0.04    122     12  296.4  296.6  296.4 77 
  383.0   6878  -47.6  -57.2     32   0.04    125     13  296.8  296.9  296.8 77 
  364.0   7214  -49.3  -56.3     44   0.05    128     15  298.8  299.0  298.8 77 
  323.0   7993  -52.5  -63.5     25   0.02    135     20  304.7  304.8  304.8 77 
  307.0   8321  -53.0  -66.8     17   0.02    135     22  308.4  308.5  308.4 77 
  300.0   8470  -53.3  -68.3     14   0.01    135     20  310.1  310.2  310.1 77 
  286.0   8776  -53.5  -70.5     11   0.01    135     19  314.1  314.1  314.1 77 
  250.0   9640  -51.9  -77.9      3   0.00    135     16  328.8  328.8  328.8 77 
  240.0   9907  -51.4  -78.8      2   0.00    140     14  333.5  333.5  333.5 77 
  232.0  10129  -50.9  -79.6      2   0.00    110     11  337.4  337.4  337.4 77 
  228.0  10243  -50.7  -80.0      2   0.00    130     10  339.4  339.4  339.4 77 
  200.0  11100  -48.9  -82.9      1   0.00    130      7  355.2  355.2  355.2 77 
  187.0  11542  -48.5  -83.5      1   0.00    136      9  362.7  362.7  362.7 77 
  180.0  11794  -48.2  -83.5      1   0.00    140     10  367.2  367.2  367.2 77 
  176.0  11943  -48.0  -83.5      1   0.00    120     11  369.9  369.9  369.9 77 
  150.0  13000  -46.7  -83.7      1   0.00    130     10  389.4  389.4  389.4 77 
  146.0  13181  -46.5  -83.7      1   0.00    105     11  392.8  392.8  392.8 77 
  142.0  13366  -46.2  -83.7      1   0.00    100     10  396.3  396.4  396.3 77 
  139.0  13509  -46.1  -83.6      1   0.00    115     11  399.1  399.1  399.1 77 
  136.0  13655  -45.9  -83.6      1   0.00     90     10  401.9  401.9  401.9 77 
  131.0  13905  -45.6  -83.6      1   0.00    130      3  406.8  406.8  406.8 77 
  124.0  14272  -45.1  -83.5      1   0.00    165     10  414.0  414.1  414.0 77 
  122.0  14381  -45.0  -83.5      1   0.00    140     11  416.2  416.2  416.2 77 
  108.0  15196  -44.0  -83.4      0   0.00    115     11  432.9  432.9  432.9 77 
  100.0  15710  -43.3  -83.3      0   0.00    130     15  443.8  443.8  443.8 77 
   96.0  15987  -42.7  -83.0      0   0.00    120     15  450.1  450.1  450.1 77 
   81.0  17138  -40.4  -81.8      0   0.01    125     14  477.2  477.3  477.2 77 
   79.0  17307  -40.1  -81.6      0   0.01    145     12  481.4  481.4  481.4 77 
   75.0  17660  -39.4  -81.2      0   0.01    130     16  490.1  490.1  490.1 77 
   73.6  17787  -39.1  -81.1      0   0.01    112     16  493.2  493.3  493.2 77 
   72.0  17937  -39.2  -81.2      0   0.01     90     15  496.2  496.2  496.2 77 
   71.0  18033  -39.2  -81.2      0   0.01     90     12  498.0  498.1  498.0 77 
   70.0  18130  -39.3  -81.3      0   0.01    125     12  499.9  500.0  499.9 77 
   66.0  18534  -39.0  -81.0      0   0.01    130     12  509.0  509.1  509.0 77 
   64.0  18745  -38.9  -80.9      0   0.01    100     11  513.8  513.9  513.8 77 
   61.0  19075  -38.6  -80.7      0   0.01    150     11  521.4  521.5  521.4 77 
   60.0  19188  -38.6  -80.6      0   0.01    160     13  524.1  524.2  524.1 77 
   56.0  19662  -38.2  -80.2      0   0.01    120     15  535.3  535.4  535.3 77 
   54.0  19912  -38.1  -80.1      0   0.01    140     13  541.2  541.4  541.2 77 
   51.0  20304  -37.8  -79.8      0   0.01     90     19  550.8  550.9  550.8 77 
   50.0  20440  -37.7  -79.7      0   0.01    100      9  554.1  554.3  554.1 77 
   49.0  20580  -37.6  -79.7      0   0.01    125     10  557.5  557.6  557.5 77 
   45.0  21168  -37.4  -79.6      0   0.02    115     13  571.8  571.9  571.8 77 
   43.0  21482  -37.3  -79.6      0   0.02    130     11  579.6  579.7  579.6 77 
   42.0  21645  -37.2  -79.6      0   0.02    110     11  583.6  583.8  583.6 77 
   40.0  21982  -37.1  -79.5      0   0.02    130     11  592.2  592.3  592.2 77 
   38.0  22336  -37.0  -79.5      0   0.02     80     11  601.3  601.4  601.3 77 
   36.0  22710  -36.8  -79.4      0   0.02     90     12  611.0  611.2  611.0 77 
   33.0  23311  -36.6  -79.4      0   0.02    130     10  627.0  627.2  627.0 77 
   32.0  23524  -36.5  -79.3      0   0.02     90     10  632.8  633.0  632.8 77 
   30.0  23970  -36.3  -79.3      0   0.02    140      7  645.0  645.3  645.0 77 
   28.0  24450  -35.1  -78.1      0   0.03    150     10  661.3  661.6  661.3 77 
   26.8  24755  -34.3  -77.3      0   0.04    106     10  671.8  672.2  671.8 77 
   26.0  24966  -35.0  -77.7      0   0.04     75     10  675.7  676.1  675.7 77 
   25.0  25239  -35.9  -78.2      0   0.04    140     10  680.8  681.1  680.8 77 
   24.1  25494  -36.7  -78.7      1   0.03    113     10  685.5  685.9  685.5 77 
   24.0  25523  -36.7  -78.7      1   0.03    110     10  686.5  686.8  686.5 77 
   23.0  25819  -36.2  -78.5      0   0.04    145     10  696.2  696.6  696.2 77 
   22.0  26128  -35.7  -78.2      0   0.04    125     10  706.5  707.0  706.5 77 
   20.0  26790  -34.7  -77.7      0   0.05    120     12  729.1  729.7  729.2 77 
   18.0  27528  -33.2  -77.2      0   0.06    165     10  756.0  756.6  756.0 77 
   17.8  27606  -33.1  -77.1      0   0.06                758.9  759.6  758.9 77 
</PRE><H3>Station information and sounding indices</H3><PRE> 60 
                             Station number: 89009 50 
                           Observation time: 240127/1200 56 
                           Station latitude: -90.00 51 
                          Station longitude: 0.00 49 
                          Station elevation: 2835.0 51 
                               Lifted index: 12.13 50 
    LIFT computed using virtual temperature: 12.15 50 
      Convective Available Potential Energy: 0.00 49 
             CAPE using virtual temperature: 0.00 49 
                      Convective Inhibition: 0.00 49 
             CINS using virtual temperature: 0.00 49 
                     Bulk Richardson Number: 0.00 49 
          Bulk Richardson Number using CAPV: 0.00 49 
  Temp [K] of the Lifted Condensation Level: 237.93 51 
Pres [hPa] of the Lifted Condensation Level: 621.80 51 
   Equivalent potential temp [K] of the LCL: 273.50 51 
     Mean mixed layer potential temperature: 272.55 51 
              Mean mixed layer mixing ratio: 0.32 49 
              1000 hPa to 500 hPa thickness: 5163.00 52 
Precipitable water [mm] for entire sounding: 0.68 49 
</PRE> 6 
<H2>89009  Amundsen-Scott Observations at 00Z 28 Jan 2024</H2> 62 
<PRE> 5 
----------------------------------------------------------------------------- 77 
   PRES   HGHT   TEMP   DWPT   RELH   MIXR   DRCT   SKNT   THTA   THTE   THTV 77 
    hPa     m      C      C      %    g/kg    deg   knot     K      K      K  77 
----------------------------------------------------------------------------- 77 
 1000.0    -98                                                                77 
  925.0    546                                                                77 
  850.0   1228                                                                77 
  700.0   2705                                                                77 
  687.0   2835  -35.1  -39.2     66   0.19     75      7  265.0  265.6  265.0 77 
  684.0   2866  -33.3  -36.7     72   0.24     35     10  267.3  268.1  267.4 77 
  681.0   2897  -31.5  -34.1     78   0.32     34     11  269.7  270.7  269.7 77 
  676.0   2949  -30.7  -33.5     76   0.34     33     12  271.1  272.2  271.2 77 
  660.0   3120  -30.2  -32.8     78   0.37     30     15  273.6  274.7  273.6 77 
  644.0   3295  -29.7  -32.0     80   0.41     60     12  276.1  277.4  276.1 77 
  638.0   3362  -29.5  -31.7     81   0.42     56     12  277.0  278.4  277.1 77 
  610.0   3684  -28.9  -32.2     73   0.42     35     10  281.3  282.6  281.4 77 
  609.0   3696  -28.9  -32.2     73   0.42     36     10  281.4  282.8  281.5 77 
  598.0   3825  -29.6  -32.8     73   0.41     45     12  282.1  283.4  282.2 77 
  564.0   4239  -31.7  -34.9     73   0.35     35     10  284.4  285.6  284.4 77 
  520.0   4814  -34.6  -37.8     73   0.29     50     10  287.5  288.5  287.5 77 
  508.0   4979  -35.5  -38.6     73   0.27     50     11  288.4  289.3  288.4 77 
  500.0   5090  -36.1  -39.6     70   0.25     50     12  289.0  289.8  289.0 77 
  486.0   5286  -37.6  -40.5     75   0.23     40     11  289.4  290.2  289.5 77 
  482.0   5343  -38.1  -40.7     76   0.23     45     11  289.6  290.3  289.6 77 
  457.0   5706  -40.2  -45.7     55   0.14     75     11  291.4  291.9  291.4 77 
  453.0   5766  -40.5  -46.5     52   0.13     74     11  291.7  292.2  291.7 77 
  443.0   5917  -41.6  -46.0     62   0.14     70     11  292.2  292.7  292.2 77 
  433.0   6071  -42.7  -45.5     74   0.15     76     11  292.7  293.2  292.7 77 
  428.0   6149  -43.3  -49.3     51   0.10     78     11  292.9  293.3  292.9 77 
  400.0   6600  -46.5  -51.3     58   0.09     95     10  294.5  294.8  294.5 77 
  398.0   6633  -46.7  -51.5     58   0.08     97     10  294.6  294.9  294.6 77 
  394.0   6700  -46.9  -52.2     55   0.08    100     11  295.2  295.5  295.2 77 
  380.0   6940  -47.7  -54.7     44   0.06    103     13  297.2  297.5  297.2 77 
  372.0   7080  -48.7  -53.7     56   0.07    104     13  297.7  298.0  297.7 77 
  356.0   7369  -49.5  -61.5     23   0.03    107     15  300.4  300.5  300.4 77 
  342.0   7631  -50.5  -60.5     30   0.03    110     17  302.5  302.6  302.5 77 
  318.0   8104  -52.5  -60.5     37   0.03    115     20  306.1  306.2  306.1 77 
  314.0   8185  -52.5  -66.5     17   0.02    116     20  307.2  307.3  307.2 77 
  300.0   8480  -52.9  -68.9     13   0.01    120     20  310.7  310.7  310.7 77 
  295.0   8588  -53.0  -69.6     12   0.01    120     21  312.1  312.1  312.1 77 
  276.0   9018  -53.3  -72.3      8   0.01    120     17  317.6  317.6  317.6 77 
  275.0   9042  -53.2  -72.5      8   0.01    120     17  318.1  318.1  318.1 77 
  257.0   9481  -51.3  -76.8      3   0.00    100     14  327.1  327.1  327.1 77 
  250.0   9660  -50.5  -78.5      2   0.00    105     13  330.9  330.9  330.9 77 
  246.0   9765  -49.9  -78.9      2   0.00    110     12  333.3  333.3  333.3 77 
  238.0   9982  -49.7  -79.4      2   0.00    120     10  336.7  336.7  336.7 77 
  220.0  10496  -49.4  -80.5      1   0.00    110     10  344.9  344.9  344.9 77 
  200.0  11120  -48.9  -81.9      1   0.00    105      6  355.2  355.2  355.2 77 
  150.0  13010  -46.1  -83.1      1   0.00    110      5  390.4  390.4  390.4 77 
  140.0  13473  -45.5  -83.0      1   0.00    100      3  399.3  399.3  399.3 77 
  127.0  14126  -44.6  -82.8      1   0.00    135     10  412.2  412.2  412.2 77 
  122.0  14396  -44.2  -82.8      1   0.00    130     10  417.6  417.6  417.6 77 
  118.0  14619  -43.9  -82.7      1   0.00    100     11  422.1  422.2  422.1 77 
  105.0  15402  -42.9  -82.6      1   0.00    135     10  438.5  438.5  438.5 77 
  101.0  15663  -42.5  -82.5      0   0.00    127     10  444.1  444.1  444.1 77 
  100.0  15730  -42.5  -82.5      0   0.00    125     10  445.3  445.4  445.3 77 
   94.0  16150  -42.0  -82.2      0   0.01    110     13  454.3  454.3  454.3 77 
   91.0  16370  -41.7  -82.0      0   0.01    130     12  459.1  459.1  459.1 77 
   81.0  17160  -40.7  -81.3      0   0.01    130     15  476.6  476.6  476.6 77 
   79.0  17329  -40.5  -81.2      0   0.01    155     14  480.4  480.5  480.4 77 
   76.0  17592  -40.2  -81.0      1   0.01    135     18  486.5  486.5  486.5 77 
   73.0  17865  -39.9  -80.7      1   0.01    105     14  492.8  492.9  492.8 77 
   71.0  18054  -39.6  -80.6      1   0.01    105     11  497.2  497.3  497.2 77 
   70.0  18150  -39.5  -80.5      1   0.01    120     11  499.5  499.6  499.5 77 
   69.0  18249  -39.5  -80.5      0   0.01    130     12  501.7  501.7  501.7 77 
   67.0  18451  -39.3  -80.5      0   0.01    115     14  506.1  506.2  506.1 77 
   65.0  18659  -39.2  -80.5      0   0.01    135      6  510.8  510.8  510.8 77 
   64.0  18765  -39.2  -80.5      0   0.01    130     11  513.2  513.2  513.2 77 
   62.0  18983  -39.1  -80.4      0   0.01    150     17  518.1  518.2  518.1 77 
   58.0  19441  -38.8  -80.4      0   0.01    120     22  528.6  528.7  528.6 77 
   57.0  19560  -38.8  -80.4      0   0.01    105     16  531.4  531.5  531.4 77 
   56.0  19682  -38.7  -80.4      0   0.01    105     10  534.2  534.3  534.2 77 
   55.0  19806  -38.6  -80.4      0   0.01    130      5  537.1  537.2  537.1 77 
   54.0  19932  -38.6  -80.3      0   0.01    145     10  540.1  540.2  540.1 77 
   53.0  20060  -38.5  -80.3      0   0.01    120     17  543.1  543.2  543.1 77 
   51.0  20324  -38.4  -80.3      0   0.01     90     12  549.5  549.5  549.5 77 
   50.0  20460  -38.3  -80.3      0   0.01     95      9  552.7  552.8  552.7 77 
   49.0  20599  -38.1  -80.2      0   0.01    115     10  556.3  556.4  556.3 77 
   47.0  20886  -37.9  -80.0      0   0.01    120     11  563.7  563.8  563.7 77 
   46.0  21034  -37.7  -79.9      0   0.01    135     10  567.5  567.6  567.5 77 
   43.0  21499  -37.2  -79.6      0   0.02     85     10  579.8  579.9  579.8 77 
   41.0  21826  -36.9  -79.4      0   0.02    135     10  588.5  588.7  588.6 77 
   40.0  21996  -36.7  -79.3      0   0.02    115     10  593.2  593.3  593.2 77 
   39.0  22171  -36.5  -79.2      0   0.02    150     10  597.9  598.1  597.9 77 
   38.0  22350  -36.3  -79.1      0   0.02    115     11  602.9  603.0  602.9 77 
   37.0  22533  -36.1  -79.0      0   0.02    100     12  608.0  608.2  608.0 77 
   34.9  22936  -35.7  -78.7      0   0.02    103      6  619.3  619.5  619.3 77 
   34.0  23116  -35.9  -78.8      0   0.02    105      4  623.3  623.5  623.3 77 
   33.0  23322  -36.2  -78.8      0   0.02    145     10  627.9  628.1  627.9 77 
   32.0  23534  -36.5  -78.9      0   0.02     90     10  632.7  632.9  632.7 77 
   31.0  23754  -36.8  -79.0      0   0.03      0      0  637.7  637.9  637.7 77 
   30.0  23980  -37.1  -79.1      0   0.03    120      7  642.9  643.1  642.9 77 
   29.8  24026  -37.3  -79.3      0   0.03    121      7  643.5  643.8  643.5 77 
   28.0  24460  -36.5  -78.9      0   0.03    135     10  657.4  657.6  657.4 77 
   27.0  24713  -36.0  -78.7      0   0.03    115     11  665.6  665.9  665.6 77 
   26.0  24976  -35.5  -78.5      0   0.03     50     10  674.2  674.5  674.2 77 
   22.3  26044  -33.5  -77.5      0   0.04    137      4  710.4  710.9  710.4 77 
   22.0                                       145      4                      77 
</PRE><H3>Station information and sounding indices</H3><PRE> 60 
                             Station number: 89009 50 
                           Observation time: 240128/0000 56 
                           Station latitude: -90.00 51 
                          Station longitude: 0.00 49 
                          Station elevation: 2835.0 51 
                               Lifted index: 12.75 50 
    LIFT computed using virtual temperature: 12.78 50 
      Convective Available Potential Energy: 0.00 49 
             CAPE using virtual temperature: 0.00 49 
                      Convective Inhibition: 0.00 49 
             CINS using virtual temperature: 0.00 49 
                     Bulk Richardson Number: 0.00 49 
          Bulk Richardson Number using CAPV: 0.00 49 
  Temp [K] of the Lifted Condensation Level: 239.39 51 
Pres [hPa] of the Lifted Condensation Level: 634.40 51 
   Equivalent potential temp [K] of the LCL: 273.73 51 
     Mean mixed layer potential temperature: 272.66 51 
              Mean mixed layer mixing ratio: 0.35 49 
              1000 hPa to 500 hPa thickness: 5188.00 52 
Precipitable water [mm] for entire sounding: 0.90 49 
</PRE> 6 
<H2>89009  Amundsen-Scott Observations at 12Z 28 Jan 2024</H2> 62 
<PRE> 5 
----------------------------------------------------------------------------- 77 
   PRES   HGHT   TEMP   DWPT   RELH   MIXR   DRCT   SKNT   THTA   THTE   THTV 77 
    hPa     m      C      C      %    g/kg    deg   knot     K      K      K  77 
----------------------------------------------------------------------------- 77 
 1000.0    -67                                                                77 
  925.0    577                                                                77 
  850.0   1255                                                                77 
  700.0   2723                                                                77 
  689.0   2835  -35.1  -39.2     66   0.19     40      9  264.8  265.4  264.8 77 
  684.0   2886  -34.0  -37.0     74   0.23     10     10  266.5  267.2  266.6 77 
  674.0   2990  -31.9  -32.7     93   0.37    358     12  270.0  271.2  270.1 77 
  672.0   3011  -31.1  -32.7     86   0.37    355     12  271.2  272.3  271.2 77 
  653.0   3215  -30.4  -34.8     65   0.31      5     11  274.2  275.2  274.3 77 
  651.0   3237  -30.3  -35.0     63   0.30      4     11  274.5  275.5  274.6 77 
  646.0   3292  -30.1  -31.9     84   0.41      0     11  275.4  276.7  275.4 77 
  643.0   3325  -30.3  -30.4     99   0.48    358     11  275.5  277.0  275.6 77 
  631.0   3459  -30.4  -32.0     86   0.42    350     10  276.9  278.3  277.0 77 
  598.0   3842  -30.5  -36.5     56   0.28    344      9  281.1  282.0  281.1 77 
  591.0   3925  -30.9  -33.7     76   0.38    343      9  281.5  282.8  281.6 77 
  541.0   4550  -33.9  -35.0     90   0.36    333      8  285.2  286.4  285.2 77 
  500.0   5100  -36.7  -38.5     83   0.28    325      7  288.2  289.2  288.3 77 
  478.0   5410  -38.3  -43.3     59   0.17    319      6  290.0  290.6  290.0 77 
  428.0   6159  -43.3  -50.3     46   0.09    304      4  292.9  293.2  292.9 77 
  400.0   6610  -46.5  -50.3     65   0.10    295      2  294.5  294.8  294.5 77 
  398.0   6643  -46.7  -50.1     68   0.10    289      2  294.6  295.0  294.7 77 
  374.0   7053  -48.1  -58.1     30   0.04    217      6  298.1  298.2  298.1 77 
  359.0   7321  -49.7  -55.7     49   0.06    169      8  299.4  299.6  299.4 77 
  347.0   7543  -50.8  -60.8     30   0.03    130     10  300.8  301.0  300.9 77 
  344.0   7599  -51.1  -62.1     26   0.03    129     10  301.2  301.3  301.2 77 
  317.0   8127  -53.3  -59.3     48   0.04    122     13  305.3  305.4  305.3 77 
  312.0   8229  -53.7  -60.7     42   0.03    120     13  306.1  306.2  306.1 77 
  309.0   8291  -53.8  -61.5     38   0.03    120     12  306.9  307.0  306.9 77 
  300.0   8480  -53.9  -63.9     28   0.02    130      9  309.3  309.4  309.3 77 
  293.0   8632  -53.1  -69.1     13   0.01    134      9  312.5  312.6  312.5 77 
  282.0   8880  -52.7  -71.1      9   0.01    140     10  316.6  316.6  316.6 77 
  250.0   9660  -51.3  -77.3      3   0.00     85      5  329.7  329.7  329.7 77 
  200.0  11120  -48.7  -82.7      1   0.00     35      4  355.5  355.5  355.5 77 
  150.0  13020  -46.9  -83.9      1   0.00     60      4  389.0  389.1  389.0 77 
  100.0  15730  -41.7  -82.7      0   0.00    125      6  446.9  446.9  446.9 77 
   82.0  17076  -40.9  -81.9      0   0.01    125     17  474.5  474.6  474.5 77 
   81.0  17160  -40.9  -81.9      0   0.01    105     14  476.3  476.3  476.3 77 
   78.0  17416  -40.7  -81.7      0   0.01    105     10  481.8  481.8  481.8 77 
   76.0  17592  -40.6  -81.6      0   0.01    125     14  485.6  485.6  485.6 77 
   72.0  17959  -40.4  -81.4      0   0.01     90     10  493.6  493.6  493.6 77 
   70.0  18150  -40.3  -81.3      0   0.01    105      7  497.8  497.9  497.8 77 
   64.0  18763  -39.9  -81.1      0   0.01    155     10  511.6  511.7  511.6 77 
   63.0  18870  -39.8  -81.1      0   0.01    155     12  514.1  514.2  514.1 77 
   61.0  19091  -39.6  -81.0      0   0.01    115     14  519.2  519.3  519.2 77 
   58.0  19435  -39.4  -81.0      0   0.01    105     18  527.3  527.4  527.3 77 
   57.0  19554  -39.3  -80.9      0   0.01    105     13  530.1  530.2  530.1 77 
   55.0  19798  -39.1  -80.9      0   0.01    160     10  535.9  536.0  535.9 77 
   51.0  20315  -38.8  -80.7      0   0.01     95     15  548.5  548.5  548.5 77 
   50.0  20450  -38.7  -80.7      0   0.01     85      9  551.8  551.9  551.8 77 
   44.0  21333  -38.2  -80.2      0   0.01    120     10  573.5  573.7  573.5 77 
   41.0  21821  -37.9  -79.9      0   0.02    145     10  585.9  586.1  585.9 77 
   40.0  21992  -37.8  -79.8      0   0.02     95     10  590.3  590.5  590.3 77 
   39.0  22167  -37.7  -79.7      0   0.02    120     10  594.8  595.0  594.9 77 
   37.0  22531  -37.5  -79.5      0   0.02     70     12  604.4  604.6  604.4 77 
   32.0  23534  -37.0  -79.0      0   0.02    110     10  631.5  631.7  631.5 77 
   31.0  23753  -36.8  -78.8      0   0.03      0      0  637.6  637.8  637.6 77 
   30.0  23980  -36.7  -78.7      1   0.03    165      6  643.9  644.2  644.0 77 
   27.0  24713  -36.1  -78.4      0   0.03    110     13  665.3  665.6  665.3 77 
   26.0  24975  -35.9  -78.2      0   0.03    100     10  673.2  673.5  673.2 77 
   21.0  26460  -34.6  -77.6      0   0.05    175      4  719.2  719.7  719.3 77 
   20.5  26628  -34.5  -77.5      0   0.05                724.6  725.1  724.6 77 
</PRE><H3>Station information and sounding indices</H3><PRE> 60 
                             Station number: 89009 50 
                           Observation time: 240128/1200 56 
                           Station latitude: -90.00 51 
                          Station longitude: 0.00 49 
                          Station elevation: 2835.0 51 
                               Lifted index: 13.19 50 
    LIFT computed using virtual temperature: 13.22 50 
      Convective Available Potential Energy: 0.00 49 
             CAPE using virtual temperature: 0.00 49 
                      Convective Inhibition: 0.00 49 
             CINS using virtual temperature: 0.00 49 
                     Bulk Richardson Number: 0.00 49 
          Bulk Richardson Number using CAPV: 0.00 49 
  Temp [K] of the Lifted Condensation Level: 238.50 51 
Pres [hPa] of the Lifted Condensation Level: 635.98 51 
   Equivalent potential temp [K] of the LCL: 272.43 51 
     Mean mixed layer potential temperature: 271.45 51 
              Mean mixed layer mixing ratio: 0.33 49 
              1000 hPa to 500 hPa thickness: 5167.00 52 
Precipitable water [mm] for entire sounding: 0.88 49 
</PRE> 6 
<H2>89009  Amundsen-Scott Observations at 00Z 29 Jan 2024</H2> 62 
<PRE> 5 
----------------------------------------------------------------------------- 77 
   PRES   HGHT   TEMP   DWPT   RELH   MIXR   DRCT   SKNT   THTA   THTE   THTV 77 
    hPa     m      C      C      %    g/kg    deg   knot     K      K      K  77 
----------------------------------------------------------------------------- 77 
 1000.0    -28                                                                77 
  925.0    616                                                                77 
  850.0   1294                                                                77 
  700.0   2753                                                                77 
  692.0   2835  -32.9  -36.5     70   0.24    335     11  266.9  267.7  266.9 77 
  681.0   2947  -33.9  -34.5     94   0.30    331     13  267.0  267.9  267.1 77 
  680.0   2958  -33.7  -33.8     99   0.33    331     13  267.3  268.4  267.4 77 
  677.0   2989  -32.7  -34.0     88   0.32    329     14  268.8  269.8  268.9 77 
  652.0   3253  -33.4  -33.9     95   0.34    320     18  270.9  272.0  271.0 77 
  647.0   3307  -33.5  -33.9     96   0.34    314     16  271.4  272.5  271.4 77 
  636.0   3429  -32.2  -33.9     85   0.34    300     13  274.2  275.2  274.2 77 
  621.0   3597  -30.5  -33.9     72   0.35    307     12  278.0  279.2  278.1 77 
  609.0   3736  -30.7  -34.9     67   0.33    313     11  279.4  280.4  279.4 77 
  606.0   3771  -30.8  -34.8     68   0.33    315     11  279.6  280.7  279.7 77 
  586.0   4009  -31.5  -33.7     81   0.38    312     11  281.5  282.8  281.6 77 
  576.0   4130  -31.9  -33.8     83   0.38    310     11  282.4  283.7  282.5 77 
  559.0   4341  -32.9  -38.9     55   0.24    308     10  283.7  284.5  283.7 77 
  543.0   4545  -33.8  -37.7     68   0.28    305     10  285.0  285.9  285.0 77 
  541.0   4571  -33.9  -37.5     70   0.28    304     10  285.2  286.1  285.2 77 
  509.0   4996  -36.1  -44.1     44   0.15    293      8  287.5  288.0  287.5 77 
  500.0   5120  -36.9  -42.9     54   0.17    290      8  288.0  288.6  288.0 77 
  465.0   5618  -40.1  -42.6     77   0.19    274      8  290.0  290.7  290.1 77 
  415.0   6385  -44.7  -51.7     45   0.08    248      8  293.7  294.0  293.7 77 
  400.0   6630  -45.9  -50.9     57   0.09    240      8  295.3  295.6  295.3 77 
  384.0   6900  -47.6  -51.6     63   0.09    225      4  296.4  296.8  296.5 77 
  378.0   7004  -48.3  -51.9     66   0.08    213      5  296.9  297.2  296.9 77 
  375.0   7056  -48.5  -52.9     60   0.08    207      6  297.3  297.6  297.3 77 
  356.0   7396  -49.9  -60.9     26   0.03    168     10  299.9  300.0  299.9 77 
  352.0   7470  -50.3  -58.8     36   0.04    160     11  300.3  300.5  300.3 77 
  346.0   7582  -50.9  -55.7     57   0.06    159     12  301.0  301.2  301.0 77 
  307.0   8353  -54.3  -56.8     74   0.06    156     20  306.7  306.9  306.7 77 
  300.0   8500  -54.9  -57.8     70   0.05    155     22  307.9  308.1  307.9 77 
  299.0   8521  -55.0  -57.9     70   0.05    150     22  308.1  308.3  308.1 77 
  289.0   8739  -55.7  -58.8     68   0.05    153     20  310.0  310.2  310.0 77 
  285.0   8828  -56.1  -60.7     56   0.04    154     19  310.7  310.8  310.7 77 
  282.0   8895  -56.3  -64.3     36   0.02    155     18  311.3  311.4  311.3 77 
  278.0   8987  -55.7  -73.7      9   0.01    155     14  313.5  313.5  313.5 77 
  277.0   9010  -55.6  -73.8      9   0.01    155     13  314.0  314.0  314.0 77 
  269.0   9198  -54.6  -74.8      7   0.01    170     10  318.0  318.0  318.0 77 
  250.0   9670  -52.3  -77.3      3   0.00    170      5  328.2  328.2  328.2 77 
  232.0  10157  -50.5  -79.3      2   0.00    175      1  338.1  338.1  338.1 77 
  218.0  10563  -48.9  -80.9      1   0.00    204      2  346.5  346.6  346.5 77 
  200.0  11130  -48.1  -82.1      1   0.00    245      4  356.4  356.4  356.4 77 
  154.0  12847  -47.0  -83.7      1   0.00      0      0  385.9  385.9  385.9 77 
  150.0  13020  -46.9  -83.9      1   0.00    260      2  389.0  389.1  389.0 77 
  107.0  15275  -43.3  -83.3      0   0.00    206      6  435.3  435.3  435.3 77 
  100.0  15730  -43.1  -83.1      0   0.00    195      7  444.2  444.2  444.2 77 
   82.0  17076  -41.2  -81.8      0   0.01    150     16  473.9  474.0  473.9 77 
   81.0  17160  -41.1  -81.7      0   0.01    140     15  475.8  475.9  475.8 77 
   80.0  17244  -41.0  -81.6      0   0.01    115     11  477.8  477.8  477.8 77 
   77.0  17503  -40.6  -81.3      0   0.01    135     10  483.8  483.8  483.8 77 
   76.0  17592  -40.5  -81.2      0   0.01    115     10  485.9  485.9  485.9 77 
   70.0  18150  -39.7  -80.7      0   0.01    160      6  499.1  499.1  499.1 77 
   62.0  18983  -39.3  -80.6      0   0.01    140     12  517.6  517.7  517.6 77 
   59.0  19324  -39.1  -80.6      0   0.01    120     10  525.4  525.5  525.4 77 
   56.0  19682  -38.9  -80.6      0   0.01    155      3  533.7  533.8  533.8 77 
   55.0  19806  -38.8  -80.6      0   0.01    165     10  536.6  536.7  536.6 77 
   52.0  20191  -38.6  -80.5      0   0.01    125     10  545.8  545.9  545.8 77 
   51.0  20324  -38.6  -80.5      0   0.01    120     16  549.0  549.1  549.0 77 
   50.0  20460  -38.5  -80.5      0   0.01    110     12  552.3  552.4  552.3 77 
   48.0  20741  -38.4  -80.4      0   0.01    140      4  559.0  559.1  559.0 77 
   46.0  21035  -38.2  -80.2      0   0.01    165     11  566.2  566.3  566.2 77 
   43.0  21499  -38.0  -80.0      0   0.02    130     10  577.7  577.9  577.7 77 
   39.0  22172  -37.7  -79.7      0   0.02    140     11  594.9  595.0  594.9 77 
   37.0  22535  -37.6  -79.6      0   0.02     75     11  604.3  604.5  604.3 77 
   34.0  23118  -37.3  -79.3      0   0.02      0      0  619.8  620.0  619.8 77 
   30.0  23980  -36.9  -78.9      0   0.03    200      7  643.4  643.6  643.4 77 
   23.0  25835  -34.9  -77.6      1   0.04    165     10  699.9  700.4  699.9 77 
   22.0  26145  -34.6  -77.4      1   0.05    120     11  709.8  710.3  709.9 77 
   20.0  26810  -33.9  -76.9      1   0.05    155      9  731.6  732.2  731.6 77 
   19.0  27170  -33.3  -77.3      0   0.05                744.3  744.9  744.3 77 
</PRE><H3>Station information and sounding indices</H3><PRE> 60 
                             Station number: 89009 50 
                           Observation time: 240129/0000 56 
                           Station latitude: -90.00 51 
                          Station longitude: 0.00 49 
                          Station elevation: 2835.0 51 
                               Lifted index: 14.76 50 
    LIFT computed using virtual temperature: 14.78 50 
      Convective Available Potential Energy: 0.00 49 
             CAPE using virtual temperature: 0.00 49 
                      Convective Inhibition: 0.00 49 
             CINS using virtual temperature: 0.00 49 
                     Bulk Richardson Number: 0.00 49 
          Bulk Richardson Number using CAPV: 0.00 49 
  Temp [K] of the Lifted Condensation Level: 238.65 51 
Pres [hPa] of the Lifted Condensation Level: 655.69 51 
   Equivalent potential temp [K] of the LCL: 270.22 51 
     Mean mixed layer potential temperature: 269.26 51 
              Mean mixed layer mixing ratio: 0.32 49 
              1000 hPa to 500 hPa thickness: 5148.00 52 
Precipitable water [mm] for entire sounding: 0.82 49 
</PRE> 6 
<H2>89009  Amundsen-Scott Observations at 12Z 29 Jan 2024</H2> 62 
<PRE> 5 
----------------------------------------------------------------------------- 77 
   PRES   HGHT   TEMP   DWPT   RELH   MIXR   DRCT   SKNT   THTA   THTE   THTV 77 
    hPa     m      C      C      %    g/kg    deg   knot     K      K      K  77 
----------------------------------------------------------------------------- 77 
 1000.0      3                                                                77 
  925.0    646                                                                77 
  850.0   1323                                                                77 
  700.0   2773                                                                77 
  694.0   2835  -36.5  -40.5     66   0.16      0     10  262.7  263.2  262.7 77 
  693.0   2845  -34.5  -35.9     87   0.26    358     10  265.0  265.8  265.1 77 
  680.0   2978  -31.3  -34.2     76   0.31    325     10  270.0  271.0  270.1 77 
  668.0   3104  -31.5  -34.5     75   0.31    312     10  271.2  272.1  271.2 77 
  652.0   3274  -32.6  -35.9     72   0.27    295     11  271.8  272.7  271.9 77 
  634.0   3471  -33.9  -37.6     69   0.24    317     12  272.5  273.3  272.6 77 
  628.0   3537  -34.4  -37.6     73   0.24    325     13  272.8  273.5  272.8 77 
  618.0   3649  -35.1  -37.5     79   0.25    304     11  273.1  273.9  273.2 77 
  614.0   3695  -34.9  -36.7     84   0.27    295     10  273.9  274.7  273.9 77 
  605.0   3797  -34.5  -34.9     96   0.33    308     11  275.5  276.6  275.6 77 
  600.0   3856  -33.1  -36.7     70   0.28    315     12  277.8  278.7  277.8 77 
  581.0   4082  -32.1  -37.1     61   0.27    301     14  281.5  282.4  281.6 77 
  579.0   4106  -32.2  -37.3     61   0.27    300     14  281.7  282.6  281.7 77 
  537.0   4633  -34.4  -41.3     49   0.19    305     11  285.1  285.8  285.2 77 
  527.0   4764  -35.0  -42.4     47   0.18    320     11  286.0  286.6  286.1 77 
  515.0   4925  -35.6  -43.6     44   0.16    300     10  287.1  287.6  287.1 77 
  514.0   4939  -35.7  -43.7     44   0.16    300     10  287.2  287.7  287.2 77 
  500.0   5130  -36.7  -44.7     43   0.14    300     10  288.2  288.7  288.3 77 
  472.0   5523  -38.9  -45.7     49   0.14    305     11  290.3  290.8  290.3 77 
  453.0   5802  -40.5  -46.4     53   0.13    290     10  291.7  292.2  291.7 77 
  400.0   6650  -45.3  -48.6     69   0.12    260      6  296.0  296.5  296.1 77 
  359.0   7367  -49.5  -51.1     83   0.10    258      8  299.7  300.1  299.7 77 
  348.0   7570  -50.5  -54.1     65   0.07    257      9  301.0  301.3  301.0 77 
  336.0   7799  -52.1  -53.9     81   0.07    257      9  301.9  302.2  301.9 77 
  331.0   7896  -52.7  -55.7     70   0.06    256     10  302.3  302.6  302.4 77 
  311.0   8298  -53.6  -60.0     45   0.04    255     11  306.4  306.6  306.5 77 
  302.0   8487  -54.1  -62.1     37   0.03    279     11  308.4  308.5  308.4 77 
  300.0   8530  -54.3  -61.3     42   0.03    285     11  308.7  308.8  308.7 77 
  298.0   8572  -54.5  -59.9     52   0.04    285     11  309.0  309.1  309.0 77 
  295.0   8637  -54.9  -57.7     71   0.05    282     11  309.3  309.6  309.4 77 
  288.0   8788  -55.7  -61.7     47   0.03    275     10  310.3  310.5  310.3 77 
  284.0   8877  -55.9  -59.4     65   0.04    271     10  311.3  311.5  311.3 77 
  276.0   9056  -56.5  -60.3     62   0.04    262      9  313.0  313.1  313.0 77 
  274.0   9102  -56.7  -62.7     47   0.03    260      9  313.3  313.5  313.3 77 
  266.0   9288  -56.3  -67.3     24   0.02    249      9  316.6  316.6  316.6 77 
  250.0   9680  -54.9  -69.9     14   0.01    225      8  324.3  324.4  324.3 77 
  221.0  10477  -50.3  -81.3      1   0.00    233      6  343.0  343.0  343.0 77 
  200.0  11130  -50.3  -82.3      1   0.00    240      5  352.9  353.0  352.9 77 
  150.0  13020  -46.7  -83.7      1   0.00    250      8  389.4  389.4  389.4 77 
  133.0  13824  -45.8  -83.4      1   0.00    230     10  404.6  404.6  404.6 77 
  131.0  13925  -45.7  -83.4      1   0.00    220     10  406.6  406.6  406.6 77 
  101.0  15663  -43.7  -82.7      1   0.00    220      6  441.7  441.8  441.7 77 
  100.0  15730  -43.7  -82.7      1   0.00    220      6  443.0  443.0  443.0 77 
   89.0  16517  -42.5  -82.2      1   0.01    175     10  460.3  460.4  460.4 77 
   70.0  18140  -40.1  -81.1      0   0.01    205      7  498.2  498.3  498.2 77 
   69.0  18239  -39.9  -81.0      0   0.01    190     10  500.8  500.9  500.8 77 
   66.0  18543  -39.1  -80.5      0   0.01    160     11  508.8  508.9  508.8 77 
   62.0  18972  -38.1  -79.9      0   0.01    150     13  520.2  520.3  520.2 77 
   61.0  19083  -37.8  -79.7      0   0.01    140     10  523.2  523.3  523.3 77 
   59.8  19219  -37.5  -79.5      0   0.01    133     10  527.0  527.1  527.0 77 
   53.4  19998  -38.5  -80.5      0   0.01     93      7  542.0  542.1  542.0 77 
   50.0  20450  -37.7  -79.7      0   0.01     70      5  554.1  554.3  554.1 77 
   39.0  22167  -37.0  -79.5      0   0.02    185     10  596.6  596.8  596.6 77 
   38.0  22346  -37.0  -79.5      0   0.02    140     10  601.3  601.4  601.3 77 
   37.0  22531  -36.9  -79.5      0   0.02     90     10  606.0  606.2  606.0 77 
   32.0  23534  -36.5  -79.3      0   0.02    150     10  632.8  633.0  632.8 77 
   30.0  23980  -36.3  -79.3      0   0.02    155      9  645.0  645.3  645.0 77 
   28.0  24459  -36.2  -79.2      0   0.03    150     10  658.0  658.3  658.1 77 
   26.0  24973  -36.2  -79.2      0   0.03     95     14  672.3  672.6  672.3 77 
   25.0  25245  -36.1  -79.1      0   0.03     70     11  680.0  680.3  680.0 77 
   24.0  25529  -36.1  -79.1      0   0.03    117     11  688.1  688.4  688.1 77 
   23.0  25825  -35.6  -78.6      0   0.04    165     10  697.9  698.2  697.9 77 
   22.0  26135  -35.1  -78.2      0   0.04    135     13  708.2  708.7  708.2 77 
   21.0  26460  -34.6  -77.6      0   0.05     55     13  719.2  719.8  719.3 77 
   20.0  26800  -34.1  -77.1      0   0.05     95      4  731.0  731.6  731.0 77 
   19.0  27160  -32.7  -76.7      0   0.06     89      6  746.1  746.8  746.1 77 
   17.4  27779  -32.9  -76.9      0   0.06     78      8  764.5  765.2  764.5 77 
   17.0                                        75      9                      77 
</PRE><H3>Station information and sounding indices</H3><PRE> 60 
                             Station number: 89009 50 
                           Observation time: 240129/1200 56 
                           Station latitude: -90.00 51 
                          Station longitude: 0.00 49 
                          Station elevation: 2835.0 51 
                               Lifted index: 14.37 50 
    LIFT computed using virtual temperature: 14.38 50 
      Convective Available Potential Energy: 0.00 49 
             CAPE using virtual temperature: 0.00 49 
                      Convective Inhibition: 0.00 49 
             CINS using virtual temperature: 0.00 49 
                     Bulk Richardson Number: 0.00 49 
          Bulk Richardson Number using CAPV: 0.00 49 
  Temp [K] of the Lifted Condensation Level: 237.53 51 
Pres [hPa] of the Lifted Condensation Level: 638.23 51 
   Equivalent potential temp [K] of the LCL: 270.95 51 
     Mean mixed layer potential temperature: 270.07 51 
              Mean mixed layer mixing ratio: 0.29 49 
              1000 hPa to 500 hPa thickness: 5127.00 52 
Precipitable water [mm] for entire sounding: 0.73 49 
</PRE> 6 
<H2>89009  Amundsen-Scott Observations at 00Z 30 Jan 2024</H2> 62 
<PRE> 5 
----------------------------------------------------------------------------- 77 
   PRES   HGHT   TEMP   DWPT   RELH   MIXR   DRCT   SKNT   THTA   THTE   THTV 77 
    hPa     m      C      C      %    g/kg    deg   knot     K      K      K  77 
----------------------------------------------------------------------------- 77 
 1000.0     19                                                                77 
  925.0    666                                                                77 
  850.0   1344                                                                77 
  700.0   2797                                                                77 
  696.0   2835  -36.7  -40.6     67   0.16      0      9  262.2  262.8  262.3 77 
  695.0   2845  -35.5  -37.0     86   0.23    350     10  263.7  264.4  263.7 77 
  694.0   2855  -35.5  -35.5    100   0.27    340     10  263.8  264.6  263.8 77 
  685.0   2947  -31.5  -32.6     90   0.36    335     10  269.2  270.4  269.3 77 
  643.0   3392  -33.3  -34.2     92   0.33    310     11  272.1  273.1  272.2 77 
  634.0   3491  -33.1  -35.3     81   0.30    305     12  273.4  274.4  273.5 77 
  628.0   3558  -33.3  -34.7     87   0.32    301     12  273.9  275.0  274.0 77 
  626.0   3580  -32.5  -32.8     97   0.39    300     12  275.1  276.3  275.2 77 
  624.0   3603  -31.7  -33.1     87   0.38    299     12  276.3  277.5  276.3 77 
  618.0   3671  -31.7  -33.6     83   0.36    295     12  277.1  278.2  277.1 77 
  587.0   4035  -31.5  -36.4     62   0.29    289     12  281.4  282.3  281.4 77 
  572.0   4218  -31.9  -36.9     61   0.28    286     13  283.0  283.9  283.1 77 
  561.0   4355  -32.3  -39.3     50   0.23    284     13  284.1  284.9  284.1 77 
  500.0   5160  -35.7  -40.3     63   0.23    270     14  289.4  290.2  289.5 77 
  498.0   5188  -35.8  -40.4     63   0.23    270     14  289.6  290.4  289.7 77 
  438.0   6074  -40.3  -43.6     71   0.18    235     18  294.8  295.4  294.8 77 
  415.0   6440  -42.0  -46.2     63   0.15    220     19  297.2  297.8  297.2 77 
  400.0   6690  -43.1  -48.0     58   0.12    220     20  298.9  299.4  298.9 77 
  383.0   6982  -44.7  -50.7     51   0.10    218     22  300.5  300.9  300.5 77 
  300.0   8580  -55.7  -60.2     57   0.04    210     32  306.7  306.9  306.7 77 
  299.0   8601  -55.9  -60.3     58   0.04    210     32  306.7  306.9  306.8 77 
  271.0   9223  -58.6  -63.2     55   0.03    210     40  311.6  311.7  311.6 77 
  266.0   9340  -59.1  -63.8     54   0.03    210     36  312.5  312.6  312.5 77 
  262.0   9435  -59.3  -68.3     30   0.01    210     33  313.6  313.6  313.6 77 
  260.0   9483  -58.9  -71.9     17   0.01    211     30  314.8  314.9  314.8 77 
  253.0   9655  -58.3  -74.1     11   0.01    215     21  318.1  318.1  318.1 77 
  250.0   9730  -58.1  -75.1     10   0.01    220     23  319.6  319.6  319.6 77 
  240.0   9986  -57.9  -76.9      7   0.00    239     24  323.6  323.6  323.6 77 
  237.0  10066  -56.7  -77.7      5   0.00    245     24  326.5  326.6  326.5 77 
  229.0  10285  -53.5  -79.8      3   0.00    240     21  334.6  334.6  334.6 77 
  225.0  10397  -51.9  -80.9      2   0.00    249     18  338.8  338.8  338.8 77 
  220.0  10543  -51.6  -81.0      2   0.00    260     14  341.4  341.4  341.4 77 
  202.0  11096  -50.6  -81.5      1   0.00    240     16  351.4  351.5  351.4 77 
  200.0  11160  -50.5  -81.5      1   0.00    240     14  352.6  352.6  352.6 77 
  196.0  11292  -50.4  -81.6      1   0.00    250     15  354.9  354.9  354.9 77 
  192.0  11427  -50.2  -81.7      1   0.00    235     15  357.2  357.2  357.2 77 
  188.0  11564  -50.1  -81.8      1   0.00    245     12  359.6  359.6  359.6 77 
  183.0  11741  -49.9  -81.9      1   0.00    265     16  362.6  362.6  362.6 77 
  176.0  11995  -49.7  -82.0      1   0.00    245     15  367.1  367.1  367.1 77 
  171.0  12184  -49.5  -82.2      1   0.00    265     13  370.4  370.4  370.4 77 
  156.0  12784  -49.0  -82.5      1   0.00    245     18  381.2  381.2  381.2 77 
  152.0  12953  -48.8  -82.6      1   0.00    255     14  384.3  384.4  384.3 77 
  150.0  13040  -48.7  -82.7      1   0.00    250     14  385.9  386.0  385.9 77 
  144.0  13312  -48.2  -82.7      1   0.00    235     12  391.3  391.3  391.3 77 
  140.0  13499  -47.9  -82.7      1   0.00    265     10  395.1  395.1  395.1 77 
  119.0  14582  -46.0  -82.8      1   0.00    230     13  417.4  417.4  417.4 77 
  112.0  14985  -45.2  -82.8      1   0.00    250     14  426.0  426.0  426.0 77 
  107.0  15289  -44.7  -82.9      1   0.00    230     12  432.6  432.6  432.6 77 
  100.0  15740  -43.9  -82.9      1   0.00    240     13  442.6  442.6  442.6 77 
   97.0  15947  -43.6  -82.7      1   0.00    240     11  447.1  447.2  447.1 77 
   95.0  16088  -43.3  -82.6      1   0.00    220     10  450.3  450.3  450.3 77 
   93.0  16232  -43.1  -82.5      1   0.00    235     13  453.5  453.5  453.5 77 
   89.0  16531  -42.6  -82.2      1   0.01    200     12  460.2  460.2  460.2 77 
   84.0  16923  -41.9  -81.9      1   0.01    195     10  469.2  469.2  469.2 77 
   75.0  17692  -40.7  -81.3      0   0.01    215     10  487.3  487.4  487.3 77 
   72.0  17969  -40.2  -81.1      0   0.01    245     10  494.0  494.0  494.0 77 
   70.0  18160  -39.9  -80.9      0   0.01    215     15  498.6  498.7  498.6 77 
   68.0  18358  -39.7  -80.8      0   0.01    170     15  503.2  503.2  503.2 77 
   65.0  18667  -39.5  -80.7      0   0.01    185     12  510.3  510.4  510.3 77 
   63.0  18880  -39.3  -80.6      0   0.01    165     10  515.3  515.3  515.3 77 
   51.0  20325  -38.0  -80.0      0   0.01    160     10  550.3  550.4  550.3 77 
   50.0  20460  -37.9  -79.9      0   0.01    175      2  553.7  553.8  553.7 77 
   49.0  20599  -37.5  -79.5      0   0.01    192      6  557.8  558.0  557.8 77 
   48.0  20741  -37.5  -79.5      0   0.02    210     10  561.0  561.2  561.0 77 
   46.0  21035  -37.6  -79.6      0   0.02    170     13  567.7  567.9  567.7 77 
   42.0  21662  -37.8  -79.8      0   0.02    155     10  582.3  582.5  582.3 77 
   41.0  21828  -37.8  -79.8      0   0.02    135     10  586.2  586.4  586.2 77 
   39.0  22172  -37.9  -79.9      0   0.02    185      9  594.5  594.6  594.5 77 
   38.6  22243  -37.9  -79.9      0   0.02                596.2  596.3  596.2 77 
</PRE><H3>Station information and sounding indices</H3><PRE> 60 
                             Station number: 89009 50 
                           Observation time: 240130/0000 56 
                           Station latitude: -90.00 51 
                          Station longitude: 0.00 49 
                          Station elevation: 2835.0 51 
                               Lifted index: 15.78 50 
    LIFT computed using virtual temperature: 15.81 50 
      Convective Available Potential Energy: 0.00 49 
             CAPE using virtual temperature: 0.00 49 
                      Convective Inhibition: 0.00 49 
             CINS using virtual temperature: 0.00 49 
                     Bulk Richardson Number: 0.00 49 
          Bulk Richardson Number using CAPV: 0.00 49 
  Temp [K] of the Lifted Condensation Level: 239.37 51 
Pres [hPa] of the Lifted Condensation Level: 661.20 51 
   Equivalent potential temp [K] of the LCL: 270.44 51 
     Mean mixed layer potential temperature: 269.44 51 
              Mean mixed layer mixing ratio: 0.34 49 
              1000 hPa to 500 hPa thickness: 5141.00 52 
Precipitable water [mm] for entire sounding: 0.88 49 
</PRE> 6 
<H2>89009  Amundsen-Scott Observations at 12Z 30 Jan 2024</H2> 62 
<PRE> 5 
----------------------------------------------------------------------------- 77 
   PRES   HGHT   TEMP   DWPT   RELH   MIXR   DRCT   SKNT   THTA   THTE   THTV 77 
    hPa     m      C      C      %    g/kg    deg   knot     K      K      K  77 
----------------------------------------------------------------------------- 77 
 1000.0     43                                                                77 
  925.0    689                                                                77 
  850.0   1366                                                                77 
  700.0   2817                                                                77 
  698.0   2835  -34.9  -38.8     68   0.19    330     14  264.0  264.6  264.1 77 
  697.0   2845  -33.9  -36.7     76   0.24    329     14  265.2  266.0  265.3 77 
  668.0   3142  -34.9  -35.5     94   0.28    304     16  267.4  268.2  267.4 77 
  664.0   3184  -33.1  -33.1    100   0.36    301     16  269.8  270.9  269.9 77 
  646.0   3378  -31.1  -31.4     97   0.43    285     17  274.3  275.6  274.3 77 
  641.0   3432  -30.5  -30.9     96   0.46    284     18  275.5  277.0  275.6 77 
  617.0   3703  -30.5  -31.6     90   0.44    280     20  278.6  280.0  278.6 77 
  613.0   3749  -30.5  -31.7     89   0.44    284     19  279.1  280.5  279.1 77 
  603.0   3866  -30.8  -33.4     78   0.38    295     18  280.0  281.3  280.1 77 
  593.0   3984  -31.1  -35.1     68   0.33    288     19  281.0  282.1  281.1 77 
  576.0   4189  -31.9  -37.6     57   0.26    275     21  282.4  283.3  282.4 77 
  534.0   4721  -34.1  -44.1     36   0.14    281     22  286.0  286.5  286.0 77 
  518.0   4934  -34.5  -38.3     68   0.27    284     23  288.0  288.9  288.0 77 
  510.0   5042  -34.8  -38.3     70   0.28    285     23  289.0  289.9  289.0 77 
  500.0   5180  -35.1  -38.3     72   0.28    285     24  290.2  291.1  290.2 77 
  495.0   5250  -35.3  -38.2     75   0.29    283     25  290.8  291.8  290.8 77 
  480.0   5463  -36.2  -39.3     73   0.26    275     26  292.2  293.1  292.3 77 
  413.0   6502  -40.7  -44.7     65   0.17    275     27  299.3  299.9  299.3 77 
  400.0   6720  -42.3  -46.4     64   0.15    275     27  299.9  300.5  300.0 77 
  375.0   7143  -45.2  -48.8     67   0.12    280     30  301.6  302.1  301.6 77 
  310.0   8391  -53.9  -55.8     79   0.06    262     37  306.4  306.6  306.4 77 
  303.0   8537  -54.9  -57.6     71   0.05    260     38  307.0  307.2  307.0 77 
  300.0   8600  -55.3  -58.4     68   0.05    265     37  307.3  307.5  307.3 77 
  281.0   9016  -58.3  -62.5     58   0.03    265     34  308.8  308.9  308.8 77 
  273.0   9198  -58.9  -60.7     79   0.04    265     33  310.5  310.6  310.5 77 
  262.0   9456  -60.1  -62.7     71   0.03    265     31  312.4  312.5  312.4 77 
  250.0   9750  -58.7  -67.7     30   0.02    275     29  318.7  318.8  318.7 77 
  246.0   9851  -57.7  -69.7     20   0.01    269     29  321.6  321.7  321.6 77 
  240.0  10008  -57.0  -71.4     15   0.01    260     30  325.0  325.1  325.0 77 
  232.0  10222  -56.0  -73.7      9   0.01    270     26  329.7  329.7  329.7 77 
  222.0  10501  -54.7  -76.7      5   0.01    264     25  335.8  335.9  335.8 77 
  209.0  10888  -53.5  -77.9      4   0.00    255     24  343.5  343.5  343.5 77 
  200.0  11170  -52.7  -78.7      3   0.00    255     25  349.1  349.2  349.1 77 
  196.0  11301  -51.9  -79.2      2   0.00    265     21  352.5  352.6  352.5 77 
  190.0  11503  -50.5  -79.9      2   0.00    255     19  357.8  357.8  357.8 77 
  188.0  11572  -50.1  -80.1      2   0.00    258     19  359.6  359.6  359.6 77 
  179.0  11893  -49.8  -80.9      1   0.00    270     21  365.1  365.1  365.1 77 
  169.0  12269  -49.5  -81.9      1   0.00    265     23  371.6  371.6  371.6 77 
  164.0  12466  -49.4  -82.4      1   0.00    240     15  375.1  375.1  375.1 77 
  158.0  12710  -49.2  -83.0      1   0.00    255     11  379.4  379.5  379.4 77 
  150.0  13050  -48.9  -83.9      1   0.00    250     17  385.6  385.6  385.6 77 
  147.0  13184  -48.6  -83.8      1   0.00    245     12  388.4  388.4  388.4 77 
  143.0  13368  -48.2  -83.6      1   0.00    270     12  392.2  392.2  392.2 77 
  128.0  14104  -46.5  -82.9      1   0.00    230     14  407.8  407.8  407.8 77 
  124.0  14315  -46.0  -82.7      1   0.00    260     10  412.4  412.4  412.4 77 
  118.0  14645  -45.2  -82.4      1   0.00    225     17  419.7  419.7  419.7 77 
  110.0  15111  -44.2  -82.0      1   0.00    225     14  430.2  430.2  430.2 77 
  108.0  15233  -43.9  -81.9      1   0.00    237     14  433.0  433.0  433.0 77 
  106.0  15359  -43.9  -82.1      1   0.00    250     14  435.3  435.3  435.3 77 
  100.0  15750  -43.9  -82.9      1   0.00    230      8  442.6  442.6  442.6 77 
   98.0  15887  -43.7  -82.8      1   0.00    255     12  445.5  445.6  445.5 77 
   93.0  16242  -43.2  -82.7      1   0.00    205     12  453.2  453.2  453.2 77 
   92.0  16316  -43.1  -82.6      1   0.00    200     10  454.8  454.8  454.8 77 
   90.0  16465  -43.0  -82.5      1   0.00    235     12  458.0  458.1  458.0 77 
   86.0  16773  -42.5  -82.4      1   0.01    230     11  464.8  464.9  464.8 77 
   84.0  16933  -42.3  -82.3      1   0.01    205     12  468.4  468.4  468.4 77 
   78.0  17436  -41.7  -82.1      0   0.01    245     11  479.8  479.8  479.8 77 
   74.0  17793  -41.2  -81.9      0   0.01    220     18  488.1  488.1  488.1 77 
   71.0  18074  -40.8  -81.8      0   0.01    245      5  494.7  494.7  494.7 77 
   70.0  18170  -40.7  -81.7      0   0.01    255      8  496.9  497.0  496.9 77 
   67.0  18468  -40.0  -81.4      0   0.01    210     15  504.6  504.7  504.6 77 
   66.0  18571  -39.8  -81.3      0   0.01    200     17  507.3  507.3  507.3 77 
   62.0  18997  -38.9  -80.8      0   0.01    170     15  518.5  518.5  518.5 77 
   61.2  19085  -38.7  -80.7      0   0.01    172     14  520.8  520.9  520.8 77 
   57.0  19572  -38.5  -80.5      0   0.01    185     10  532.0  532.1  532.0 77 
   56.0  19694  -38.4  -80.4      0   0.01    160     12  534.8  534.9  534.8 77 
   52.0  20201  -38.2  -80.2      0   0.01    165     10  546.8  546.9  546.8 77 
   51.0  20334  -38.2  -80.2      0   0.01    140     10  549.9  550.0  550.0 77 
   50.0  20470  -38.1  -80.1      0   0.01    150      7  553.2  553.3  553.2 77 
   43.0  21509  -37.8  -79.8      0   0.02    195     14  578.3  578.4  578.3 77 
   40.0  22008  -37.7  -79.7      0   0.02    150     10  590.7  590.9  590.7 77 
   37.0  22545  -37.5  -79.5      0   0.02    155     10  604.4  604.6  604.4 77 
   36.0  22734  -37.5  -79.5      0   0.02    120     10  609.3  609.5  609.3 77 
   30.0  23990  -37.1  -79.1      0   0.03    120      5  642.9  643.1  642.9 77 
   26.0  24989  -36.1  -78.5      0   0.03      0      0  672.5  672.8  672.5 77 
   23.0  25845  -35.3  -77.9      0   0.04    165     10  699.0  699.4  699.0 77 
   20.0  26820  -34.3  -77.3      0   0.05    240     10  730.4  730.9  730.4 77 
   19.0  27180  -34.0  -77.3      0   0.05    180     12  741.9  742.5  742.0 77 
   15.6  28562  -33.1  -77.1      0   0.07    151      4  788.0  788.8  788.1 77 
   15.4  28652  -33.1  -77.1      0   0.07    149      3  791.0  791.8  791.0 77 
   15.0                                       145      2                      77 
</PRE><H3>Station information and sounding indices</H3><PRE> 60 
                             Station number: 89009 50 
                           Observation time: 240130/1200 56 
                           Station latitude: -90.00 51 
                          Station longitude: 0.00 49 
                          Station elevation: 2835.0 51 
                               Lifted index: 17.64 50 
    LIFT computed using virtual temperature: 17.67 50 
      Convective Available Potential Energy: 0.00 49 
             CAPE using virtual temperature: 0.00 49 
                      Convective Inhibition: 0.00 49 
             CINS using virtual temperature: 0.00 49 
                     Bulk Richardson Number: 0.00 49 
          Bulk Richardson Number using CAPV: 0.00 49 
  Temp [K] of the Lifted Condensation Level: 238.04 51 
Pres [hPa] of the Lifted Condensation Level: 660.69 51 
   Equivalent potential temp [K] of the LCL: 268.88 51 
     Mean mixed layer potential temperature: 268.00 51 
              Mean mixed layer mixing ratio: 0.30 49 
              1000 hPa to 500 hPa thickness: 5137.00 52 
Precipitable water [mm] for entire sounding: 0.98 49 
</PRE> 6 
<H2>89009  Amundsen-Scott Observations at 00Z 31 Jan 2024</H2> 62 
<PRE> 5 
----------------------------------------------------------------------------- 77 
   PRES   HGHT   TEMP   DWPT   RELH   MIXR   DRCT   SKNT   THTA   THTE   THTV 77 
    hPa     m      C      C      %    g/kg    deg   knot     K      K      K  77 
----------------------------------------------------------------------------- 77 
 1000.0     29                                                                77 
  925.0    677                                                                77 
  850.0   1358                                                                77 
  700.0   2816                                                                77 
  698.0   2835  -31.7  -35.4     70   0.27    340     15  267.6  268.4  267.6 77 
  697.0   2845  -30.5  -33.5     75   0.33    345      9  269.0  270.0  269.1 77 
  691.0   2907  -31.4  -33.5     82   0.33    335     13  268.7  269.7  268.7 77 
  689.0   2927  -31.7  -33.5     84   0.33    329     13  268.6  269.6  268.6 77 
  681.0   3010  -29.5  -29.5    100   0.49    305     15  271.9  273.4  272.0 77 
  673.0   3094  -30.1  -30.1    100   0.47    280     16  272.1  273.6  272.2 77 
  631.0   3551  -33.5  -33.5    100   0.36    280     16  273.4  274.5  273.4 77 
  630.0   3562  -33.1  -33.5     96   0.36    280     16  273.9  275.1  274.0 77 
  628.0   3585  -30.1  -33.0     76   0.38    280     16  277.6  278.8  277.7 77 
  611.0   3781  -29.9  -31.9     83   0.44    280     16  280.0  281.4  280.1 77 
  607.0   3827  -30.1  -32.5     79   0.41    280     16  280.3  281.7  280.4 77 
  579.0   4163  -31.4  -37.0     57   0.28    260     18  282.6  283.6  282.7 77 
  576.0   4200  -31.5  -37.5     55   0.27    260     18  282.9  283.8  282.9 77 
  560.0   4400  -31.3  -33.6     80   0.40    260     16  285.4  286.8  285.5 77 
  554.0   4477  -31.1  -34.5     72   0.37    260     16  286.5  287.8  286.6 77 
  550.0   4528  -31.7  -41.7     37   0.18    260     16  286.4  287.1  286.5 77 
  543.0   4619  -31.9  -36.9     61   0.30    260     15  287.2  288.2  287.3 77 
  531.0   4777  -32.6  -37.0     65   0.30    260     14  288.2  289.2  288.2 77 
  514.0   5006  -33.7  -37.1     71   0.31    252     12  289.6  290.6  289.6 77 
  508.0   5089  -33.7  -38.6     61   0.27    249     12  290.6  291.5  290.6 77 
  500.0   5200  -34.3  -39.3     60   0.25    245     11  291.2  292.0  291.2 77 
  465.0   5694  -37.8  -42.5     62   0.20    225     18  292.9  293.6  292.9 77 
  451.0   5903  -39.3  -43.8     62   0.18    240     18  293.6  294.2  293.6 77 
  402.0   6686  -44.9  -48.8     65   0.11    245     23  296.2  296.6  296.2 77 
  400.0   6720  -45.1  -49.0     65   0.11    245     23  296.3  296.7  296.3 77 
  375.0   7147  -48.5  -54.5     50   0.06    227     26  297.3  297.6  297.3 77 
  373.0   7182  -48.8  -54.7     50   0.06    225     26  297.4  297.6  297.4 77 
  356.0   7486  -51.3  -56.2     56   0.05    225     26  298.0  298.2  298.0 77 
  335.0   7875  -53.6  -58.1     58   0.04    225     25  300.1  300.3  300.1 77 
  300.0   8580  -57.7  -61.5     62   0.03    230     31  303.9  304.0  303.9 77 
  292.0   8751  -58.5  -62.1     63   0.03    235     34  305.1  305.2  305.1 77 
  288.0   8838  -58.6  -61.4     70   0.03    235     35  306.1  306.3  306.1 77 
  286.0   8882  -58.7  -61.1     74   0.04    236     32  306.6  306.8  306.7 77 
  279.0   9039  -57.8  -66.9     31   0.02    240     22  310.1  310.2  310.1 77 
  278.0   9062  -57.7  -67.7     27   0.02    241     23  310.6  310.7  310.6 77 
  269.0   9272  -56.9  -68.4     22   0.01    255     28  314.7  314.8  314.7 77 
  254.0   9639  -55.5  -69.7     15   0.01    230     35  322.0  322.0  322.0 77 
  250.0   9740  -55.1  -70.1     14   0.01    230     31  324.0  324.1  324.0 77 
  243.0   9920  -55.3  -70.3     14   0.01    240     30  326.4  326.4  326.4 77 
  242.0   9946  -55.3  -70.3     14   0.01    239     29  326.8  326.8  326.8 77 
  231.0  10244  -51.7  -70.7      8   0.01    223     22  336.6  336.6  336.6 77 
  226.0  10384  -52.3  -71.1      9   0.01    215     19  337.7  337.8  337.7 77 
  219.0  10586  -53.3  -71.7      9   0.01    225     15  339.3  339.4  339.3 77 
  215.0  10704  -53.8  -72.1      9   0.01    235     18  340.3  340.3  340.3 77 
  210.0  10855  -54.5  -72.5      9   0.01    256     21  341.5  341.6  341.5 77 
  209.0  10886  -53.7  -71.9      9   0.01    260     22  343.2  343.3  343.2 77 
  205.0  11010  -50.5  -69.5      9   0.02    253     22  350.2  350.2  350.2 77 
  200.0  11170  -50.3  -69.3      9   0.02    245     21  352.9  353.0  353.0 77 
  188.0  11575  -50.5  -69.8      8   0.02    225     16  358.9  359.0  358.9 77 
  176.0  12007  -50.7  -70.4      8   0.02    250     25  365.4  365.5  365.4 77 
  169.0  12273  -50.9  -70.8      8   0.02    235     18  369.4  369.5  369.4 77 
  167.0  12351  -50.9  -70.9      8   0.02    243     17  370.6  370.7  370.6 77 
  164.0  12470  -50.1  -70.3      7   0.02    255     15  373.9  374.0  373.9 77 
  155.0  12843  -47.5  -68.3      7   0.02    230     21  384.4  384.5  384.4 77 
  153.0  12928  -46.9  -67.9      7   0.03    232     19  386.8  387.0  386.9 77 
  150.0  13060  -47.3  -68.3      7   0.03    235     15  388.4  388.5  388.4 77 
  147.0  13193  -47.6  -68.6      7   0.03    250     16  390.0  390.2  390.0 77 
  141.0  13466  -48.3  -69.3      7   0.02    214     17  393.5  393.7  393.5 77 
  138.0  13609  -47.9  -69.5      7   0.02    195     18  396.7  396.9  396.7 77 
  136.0  13706  -47.6  -69.6      6   0.02    195     14  398.9  399.0  398.9 77 
  134.0  13804  -47.3  -69.7      6   0.02    215     11  401.1  401.2  401.1 77 
  132.0  13904  -47.0  -69.8      6   0.02    225     12  403.4  403.5  403.4 77 
  128.0  14107  -46.4  -70.1      5   0.02    215     17  408.1  408.2  408.1 77 
  125.0  14265  -45.9  -70.3      5   0.02    240     16  411.7  411.8  411.7 77 
  118.0  14647  -44.7  -70.7      4   0.02    215     16  420.7  420.8  420.7 77 
  113.0  14933  -43.8  -71.1      3   0.02    235     13  427.5  427.7  427.5 77 
  110.0  15112  -43.3  -71.3      3   0.02    215     13  431.9  432.0  431.9 77 
  100.0  15750  -43.5  -76.5      1   0.01    220     16  443.4  443.5  443.4 77 
   98.0  15887  -43.1  -76.8      1   0.01    235     14  446.6  446.7  446.6 77 
   88.0  16619  -41.2  -78.5      1   0.01    205     18  464.4  464.5  464.4 77 
   82.0  17099  -40.0  -79.7      1   0.01    210     17  476.4  476.5  476.4 77 
   79.0  17353  -39.3  -80.3      1   0.01    185     12  482.9  483.0  482.9 77 
   78.9  17361  -39.3  -80.3      1   0.01    187     12  483.1  483.2  483.1 77 
   77.0  17528  -39.6  -80.3      1   0.01    225     11  485.8  485.9  485.8 77 
   73.0  17893  -40.4  -80.5      1   0.01    215     19  491.8  491.8  491.8 77 
   72.2  17969  -40.5  -80.5      1   0.01    210     17  493.0  493.1  493.0 77 
   70.0  18180  -40.1  -81.1      0   0.01    195     13  498.2  498.3  498.2 77 
   68.0  18378  -40.1  -81.1      0   0.01    210     13  502.4  502.4  502.4 77 
   66.0  18582  -40.1  -81.1      0   0.01    190     15  506.7  506.7  506.7 77 
   63.0  18900  -40.1  -81.1      0   0.01    200     12  513.5  513.5  513.5 77 
   62.0  19010  -40.1  -81.1      0   0.01    180     13  515.8  515.9  515.8 77 
   60.0  19234  -40.1  -81.1      0   0.01    205     10  520.6  520.7  520.7 77 
   58.0  19465  -40.1  -81.1      0   0.01    180      6  525.7  525.8  525.7 77 
   57.0  19584  -40.1  -81.1      0   0.01    190     10  528.3  528.4  528.3 77 
   55.0  19828  -40.1  -81.1      0   0.01    210     15  533.8  533.8  533.8 77 
   50.0  20480  -40.1  -81.1      0   0.01    185     16  548.5  548.6  548.5 77 
   49.0  20619  -40.0  -81.0      0   0.01    170     17  552.0  552.1  552.0 77 
   48.0  20761  -39.8  -81.0      0   0.01    130     11  555.6  555.8  555.7 77 
   44.0  21358  -39.1  -80.7      0   0.01    200      4  571.2  571.3  571.2 77 
   42.0  21678  -38.8  -80.5      0   0.01    210     10  579.7  579.9  579.7 77 
   41.0  21844  -38.6  -80.4      0   0.02    180     18  584.2  584.3  584.2 77 
   40.0  22013  -38.4  -80.3      0   0.02    155     10  588.8  588.9  588.8 77 
   39.0  22187  -38.2  -80.2      0   0.02    190      4  593.5  593.7  593.5 77 
   38.0  22366  -38.1  -80.1      0   0.02    210     10  598.4  598.6  598.4 77 
   37.0  22549  -37.9  -80.0      0   0.02    190     12  603.5  603.7  603.5 77 
   36.0  22737  -37.7  -79.9      0   0.02    190     10  608.8  609.0  608.8 77 
   35.0  22931  -37.5  -79.8      0   0.02    130     10  614.2  614.4  614.3 77 
   34.0  23130  -37.2  -79.7      0   0.02      0      0  619.9  620.1  619.9 77 
   32.0  23547  -36.8  -79.5      0   0.02    175     10  632.0  632.2  632.0 77 
   30.0  23990  -36.3  -79.3      0   0.02    135      9  645.0  645.3  645.0 77 
   25.6  25091  -35.7  -78.7      0   0.03    186     10  676.6  677.0  676.7 77 
   23.0  25834  -36.2  -79.2      0   0.03    220     10  696.3  696.6  696.3 77 
   22.3  26049  -36.3  -79.3      0   0.03    206     11  702.1  702.4  702.1 77 
   22.0                                       200     11                      77 
</PRE><H3>Station information and sounding indices</H3><PRE> 60 
                             Station number: 89009 50 
                           Observation time: 240131/0000 56 
                           Station latitude: -90.00 51 
                          Station longitude: 0.00 49 
                          Station elevation: 2835.0 51 
                               Lifted index: 15.48 50 
    LIFT computed using virtual temperature: 15.50 50 
      Convective Available Potential Energy: 0.00 49 
             CAPE using virtual temperature: 0.00 49 
                      Convective Inhibition: 0.00 49 
             CINS using virtual temperature: 0.00 49 
                     Bulk Richardson Number: 0.00 49 
          Bulk Richardson Number using CAPV: 0.00 49 
  Temp [K] of the Lifted Condensation Level: 241.66 51 
Pres [hPa] of the Lifted Condensation Level: 667.10 51 
   Equivalent potential temp [K] of the LCL: 272.57 51 
     Mean mixed layer potential temperature: 271.31 51 
              Mean mixed layer mixing ratio: 0.42 49 
              1000 hPa to 500 hPa thickness: 5171.00 52 
Precipitable water [mm] for entire sounding: 1.01 49 
</PRE> 6 
<H2>89009  Amundsen-Scott Observations at 12Z 31 Jan 2024</H2> 62 
<PRE> 5 
----------------------------------------------------------------------------- 77 
   PRES   HGHT   TEMP   DWPT   RELH   MIXR   DRCT   SKNT   THTA   THTE   THTV 77 
    hPa     m      C      C      %    g/kg    deg   knot     K      K      K  77 
----------------------------------------------------------------------------- 77 
 1000.0     -1                                                                77 
  925.0    649                                                                77 
  850.0   1332                                                                77 
  700.0   2788                                                                77 
  695.0   2835  -33.1  -37.2     67   0.23     15      7  266.4  267.1  266.4 77 
  694.0   2845  -31.5  -35.1     70   0.28     13      7  268.2  269.1  268.3 77 
  692.0   2865  -33.1  -36.2     74   0.25     10      7  266.7  267.5  266.7 77 
  683.0   2957  -33.9  -36.7     76   0.24    357      6  266.8  267.6  266.8 77 
  663.0   3167  -29.5  -32.6     74   0.37    325      4  274.0  275.2  274.1 77 
  658.0   3221  -29.7  -32.6     76   0.38    317      4  274.4  275.6  274.4 77 
  629.0   3540  -31.7  -34.9     73   0.32    270      1  275.6  276.6  275.7 77 
  605.0   3815  -33.5  -36.9     71   0.27    282      5  276.6  277.5  276.7 77 
  592.0   3968  -30.9  -34.7     69   0.34    289      8  281.4  282.5  281.4 77 
  580.0   4113  -30.8  -34.7     68   0.35    295     10  283.2  284.4  283.3 77 
  575.0   4175  -30.7  -34.7     68   0.35    296     10  284.0  285.1  284.0 77 
  538.0   4644  -32.1  -35.6     71   0.34    300     12  287.7  288.9  287.8 77 
  524.0   4830  -32.7  -36.0     72   0.34    280     12  289.2  290.4  289.3 77 
  514.0   4966  -33.1  -36.3     73   0.34    280     12  290.3  291.5  290.4 77 
  500.0   5160  -34.3  -36.9     77   0.32    280     12  291.2  292.3  291.2 77 
  419.0   6372  -43.2  -45.6     77   0.15    280     25  294.9  295.4  294.9 77 
  400.0   6690  -45.5  -47.9     77   0.13    275     26  295.8  296.2  295.8 77 
  390.0   6859  -46.5  -47.7     87   0.13    273     27  296.6  297.1  296.6 77 
  384.0   6961  -47.3  -50.4     70   0.10    272     28  296.9  297.2  296.9 77 
  377.0   7083  -48.3  -50.4     79   0.10    271     28  297.1  297.5  297.1 77 
  372.0   7171  -48.9  -50.3     85   0.10    270     29  297.5  297.9  297.5 77 
  370.0   7206  -49.1  -50.3     87   0.10    270     29  297.7  298.0  297.7 77 
  364.0   7314  -49.7  -54.7     56   0.06    268     29  298.2  298.5  298.3 77 
  337.0   7815  -52.9  -56.1     68   0.06    263     28  300.5  300.8  300.5 77 
  304.0   8476  -56.1  -62.1     47   0.03    256     27  305.0  305.1  305.0 77 
  300.0   8560  -55.9  -59.6     63   0.04    255     27  306.4  306.6  306.4 77 
  297.0   8624  -56.3  -59.1     71   0.04    255     26  306.8  306.9  306.8 77 
  288.0   8819  -57.3  -65.3     35   0.02    255     23  308.0  308.1  308.1 77 
  286.0   8863  -56.9  -66.4     29   0.02    250     22  309.2  309.3  309.2 77 
  284.0   8907  -56.5  -67.5     24   0.02    251     22  310.4  310.5  310.4 77 
  263.0   9395  -55.6  -73.0     10   0.01    260     22  318.6  318.7  318.6 77 
  261.0   9443  -55.5  -73.5      9   0.01    253     22  319.5  319.5  319.5 77 
  254.0   9618  -52.9  -77.1      4   0.00    230     22  325.9  325.9  325.9 77 
  252.0   9669  -52.1  -78.1      3   0.00    230     22  327.7  327.8  327.7 77 
  250.0   9720  -52.3  -78.3      3   0.00    230     22  328.2  328.2  328.2 77 
  244.0   9876  -52.6  -78.8      3   0.00    225     14  330.1  330.1  330.1 77 
  239.0  10009  -52.8  -79.3      3   0.00    205     11  331.7  331.7  331.7 77 
  228.0  10311  -53.3  -80.3      2   0.00    260     17  335.4  335.4  335.4 77 
  215.0  10690  -49.8  -81.6      1   0.00    235     20  346.6  346.6  346.6 77 
  212.0  10781  -48.9  -81.9      1   0.00    243     17  349.3  349.3  349.3 77 
  208.0  10905  -49.4  -82.0      1   0.00    255     13  350.5  350.5  350.5 77 
  200.0  11160  -50.3  -82.3      1   0.00    235     17  352.9  353.0  352.9 77 
  190.0  11495  -50.5  -82.5      1   0.00    214     19  357.8  357.9  357.8 77 
  188.0  11565  -49.5  -82.3      1   0.00    210     19  360.5  360.5  360.5 77 
  185.0  11670  -48.1  -82.1      1   0.00    210     17  364.5  364.5  364.5 77 
  178.0  11924  -48.9  -82.4      1   0.00    210     12  367.2  367.2  367.2 77 
  171.0  12188  -49.7  -82.7      1   0.00    250     10  370.1  370.1  370.1 77 
  164.0  12463  -49.2  -82.8      1   0.00    240     17  375.4  375.4  375.4 77 
  157.0  12750  -48.7  -83.0      1   0.00    205     12  381.0  381.0  381.0 77 
  154.0  12877  -48.4  -83.0      1   0.00    215      7  383.5  383.5  383.5 77 
  152.0  12963  -48.3  -83.1      1   0.00    235     11  385.2  385.2  385.2 77 
  150.0  13050  -48.1  -83.1      1   0.00    230     14  387.0  387.0  387.0 77 
  147.0  13184  -47.7  -83.0      1   0.00    215     18  389.9  389.9  389.9 77 
  139.0  13555  -46.5  -82.7      1   0.00    235     17  398.2  398.2  398.2 77 
  131.0  13949  -45.4  -82.3      1   0.00    180     15  407.2  407.2  407.2 77 
  126.0  14207  -44.6  -82.1      1   0.00    220     14  413.1  413.2  413.1 77 
  122.0  14421  -43.9  -81.9      1   0.00    192     15  418.2  418.2  418.2 77 
  121.0  14476  -43.9  -81.9      1   0.00    185     15  419.1  419.1  419.1 77 
  119.0  14587  -44.0  -82.0      1   0.00    190     12  421.0  421.0  421.0 77 
  116.0  14758  -44.1  -82.1      1   0.00    225     10  423.9  423.9  423.9 77 
  112.0  14992  -44.2  -82.2      1   0.00    205     13  427.9  427.9  427.9 77 
  109.0  15174  -44.4  -82.3      1   0.00    215     10  431.0  431.0  431.0 77 
  106.0  15361  -44.5  -82.5      1   0.00    195     15  434.2  434.3  434.2 77 
  102.0  15618  -44.6  -82.6      1   0.00    230     14  438.7  438.8  438.7 77 
  100.0  15750  -44.7  -82.7      1   0.00    230     20  441.1  441.1  441.1 77 
   97.0  15956  -44.1  -82.5      1   0.00    205     16  446.1  446.2  446.1 77 
   95.0  16098  -43.6  -82.3      1   0.00    210     10  449.6  449.7  449.6 77 
   89.0  16540  -42.3  -81.8      1   0.01    220     11  460.8  460.8  460.8 77 
   87.0  16694  -41.8  -81.6      1   0.01    205     13  464.7  464.8  464.7 77 
   85.0  16851  -41.4  -81.4      1   0.01    215     18  468.8  468.9  468.8 77 
   82.0  17095  -40.6  -81.2      1   0.01    210     22  475.1  475.2  475.2 77 
   78.0  17433  -39.6  -80.8      0   0.01    180     12  484.1  484.2  484.1 77 
   76.0  17609  -39.0  -80.6      0   0.01    210      7  488.9  488.9  488.9 77 
   75.0  17699  -38.8  -80.5      0   0.01    220     10  491.3  491.3  491.3 77 
   73.3  17855  -38.3  -80.3      0   0.01    212     12  495.5  495.6  495.5 77 
   73.0  17883  -38.4  -80.3      0   0.01    210     12  495.8  495.9  495.8 77 
   70.0  18170  -39.7  -80.7      0   0.01    245      8  499.1  499.1  499.1 77 
   67.1  18459  -40.9  -81.9      0   0.01    220     15  502.6  502.6  502.6 77 
   66.0  18573  -40.4  -81.5      0   0.01    210     18  506.0  506.1  506.0 77 
   65.0  18678  -39.9  -81.2      0   0.01    195     17  509.3  509.3  509.3 77 
   63.0  18892  -39.0  -80.5      0   0.01    190     14  516.0  516.0  516.0 77 
   61.0  19114  -38.0  -79.8      0   0.01    220     14  523.0  523.0  523.0 77 
   60.1  19216  -37.5  -79.5      0   0.01    211     13  526.2  526.3  526.2 77 
   57.0  19580  -38.7  -80.3      0   0.01    180     11  531.5  531.6  531.5 77 
   55.0  19826  -39.5  -80.8      0   0.01    185      2  535.0  535.1  535.0 77 
   54.0  19952  -40.0  -81.1      0   0.01    225     10  536.9  537.0  536.9 77 
   53.2  20055  -40.3  -81.3      0   0.01    219     11  538.4  538.5  538.4 77 
   50.0  20480  -38.7  -80.7      0   0.01    195     17  551.8  551.9  551.8 77 
   48.0  20761  -38.5  -80.5      0   0.01    155     10  558.6  558.8  558.6 77 
   45.0  21204  -38.3  -80.3      0   0.01    185     10  569.6  569.8  569.7 77 
   38.0  22366  -37.6  -79.6      0   0.02    230      2  599.5  599.7  599.5 77 
   30.0  23990  -36.7  -78.7      1   0.03    190      7  643.9  644.2  644.0 77 
   28.0  24470  -36.2  -78.4      1   0.03    195     10  658.1  658.4  658.1 77 
   27.0  24723  -36.0  -78.2      1   0.03    180     10  665.7  666.0  665.7 77 
   26.0  24985  -35.7  -78.1      1   0.04    200     10  673.6  674.0  673.6 77 
   25.0  25258  -35.4  -77.9      1   0.04    140     12  682.0  682.4  682.0 77 
   23.0  25838  -34.9  -77.5      1   0.04    150     10  700.1  700.6  700.1 77 
   22.0  26147  -34.6  -77.3      1   0.05    120     10  710.0  710.5  710.0 77 
   20.0  26810  -33.9  -76.9      1   0.05    325      6  731.6  732.2  731.6 77 
   19.2  27095  -35.1  -78.1      0   0.05    226      2  736.5  737.0  736.5 77 
   19.0                                       200      1                      77 
</PRE><H3>Station information and sounding indices</H3><PRE> 60 
                             Station number: 89009 50 
                           Observation time: 240131/1200 56 
                           Station latitude: -90.00 51 
                          Station longitude: 0.00 49 
                          Station elevation: 2835.0 51 
                               Lifted index: 16.12 50 
    LIFT computed using virtual temperature: 16.15 50 
      Convective Available Potential Energy: 0.00 49 
             CAPE using virtual temperature: 0.00 49 
                      Convective Inhibition: 0.00 49 
             CINS using virtual temperature: 0.00 49 
                     Bulk Richardson Number: 0.00 49 
          Bulk Richardson Number using CAPV: 0.00 49 
  Temp [K] of the Lifted Condensation Level: 238.15 51 
Pres [hPa] of the Lifted Condensation Level: 637.75 51 
   Equivalent potential temp [K] of the LCL: 271.77 51 
     Mean mixed layer potential temperature: 270.84 51 
              Mean mixed layer mixing ratio: 0.31 49 
              1000 hPa to 500 hPa thickness: 5161.00 52 
Precipitable water [mm] for entire sounding: 0.97 49 
</PRE> 6 
<P>Description of the  22 
<A HREF="/upperair/columns.html">data columns</A> 49 
or <A HREF="/upperair/indices.html">sounding indices</A>. 57 
 0 
<P> 3 
<FORM> 6 
<INPUT CLASS="button" TYPE="button" VALUE=" Close this window "  64 
 onClick="window.close();"> 27 
<INPUT CLASS="button" TYPE="button" VALUE=" Select another map "  65 
 onClick="window.blur();"> 26 
</FORM> 7 
<HR SIZE="1"> 13 
<I>Interested in graduate studies in atmospheric science? 57 
Check out our program at the 28 
<a href="http://www.uwyo.edu/atsc/howtoapply/" 46 
target=_top>University of Wyoming 33 
</a></I> 8 
<HR SIZE="1"><FONT SIZE="-1"> 29 
Questions about the weather data provided by this site can be 61 
addressed to <A HREF="mailto:ldoolman@uwyo.edu"> 48 
Larry Oolman (ldoolman@uwyo.edu)</A></FONT> 43 
<HR SIZE="1"> 13 
<SCRIPT TYPE="text/javascript"> 31 
<!-- 4 
window.focus(); 15 
// --> 6 
</SCRIPT> 9 
</BODY> 7 
</HTML> 7 
' 1 
