TIME,take TIME (seconds)
read results2411/20241101_010135_scanAz_slow.txt,0.0137
results2411/20241101S010136.077595E010637.623369_scanAz_slow.dat,6.2612
results2411/20241101S010638.579828E011140.022947_scanAz_slow.dat,13.4408
results2411/20241101S011140.985447E011642.430111_scanAz_slow.dat,20.2413
results2411/20241101S011643.391323E012144.833458_scanAz_slow.dat,25.9560
results2411/20241101S012145.790312E012647.238656_scanAz_slow.dat,32.5406
results2411/20241101S012648.195868E013149.641203_scanAz_slow.dat,40.5396
results2411/20241101S013150.598126E013652.044292_scanAz_slow.dat,47.6788
results2411/20241101S013653.007012E014154.445760_scanAz_slow.dat,55.0587
results2411/20241101S014155.408469E014656.851915_scanAz_slow.dat,61.9050
results2411/20241101S014657.814654E015159.255947_scanAz_slow.dat,69.6062
results2411/20241101S015200.218709E015635.736263_scanAz_slow.dat,76.8587
read results2411/20241101_020134_scanAz_slow.txt,0.0081
results2411/20241101S020135.901995E020637.473683_scanAz_slow.dat,7.1076
results2411/20241101S020638.435817E021139.879795_scanAz_slow.dat,15.2471
results2411/20241101S021140.836376E021642.282409_scanAz_slow.dat,23.4055
results2411/20241101S021643.239369E022144.688847_scanAz_slow.dat,30.1326
results2411/20241101S022145.647911E022647.090730_scanAz_slow.dat,37.0781
results2411/20241101S022648.047647E023149.493073_scanAz_slow.dat,44.4920
results2411/20241101S023150.450516E023651.898926_scanAz_slow.dat,51.8865
results2411/20241101S023652.858869E024154.300157_scanAz_slow.dat,59.4804
results2411/20241101S024155.263653E024656.706697_scanAz_slow.dat,66.0268
results2411/20241101S024657.665457E025159.110309_scanAz_slow.dat,72.8475
results2411/20241101S025200.067828E025635.590825_scanAz_slow.dat,80.0341
read results2411/20241101_030134_scanAz_slow.txt,0.0079
results2411/20241101S030135.686492E030637.233888_scanAz_slow.dat,7.5475
results2411/20241101S030638.190159E031139.633618_scanAz_slow.dat,15.3346
results2411/20241101S031140.595747E031642.039527_scanAz_slow.dat,22.0589
results2411/20241101S031642.997629E032144.441781_scanAz_slow.dat,28.8384
results2411/20241101S032145.404425E032646.845605_scanAz_slow.dat,36.6356
results2411/20241101S032647.808325E033149.252208_scanAz_slow.dat,43.7912
results2411/20241101S033150.209702E033651.655640_scanAz_slow.dat,50.9491
results2411/20241101S033652.615577E034154.059933_scanAz_slow.dat,58.9820
results2411/20241101S034155.017401E034656.463731_scanAz_slow.dat,66.4122
results2411/20241101S034657.421838E035158.862940_scanAz_slow.dat,73.4665
results2411/20241101S035159.826932E035635.347900_scanAz_slow.dat,80.1898
read results2411/20241101_050135_scanAz_slow.txt,0.0096
results2411/20241101S050136.543646E050638.090727_scanAz_slow.dat,7.2887
results2411/20241101S050639.051027E051140.493790_scanAz_slow.dat,14.9286
results2411/20241101S051141.454757E051642.895590_scanAz_slow.dat,22.4024
results2411/20241101S051643.857928E052145.302829_scanAz_slow.dat,30.2067
results2411/20241101S052146.259126E052647.707691_scanAz_slow.dat,37.4003
results2411/20241101S052648.663923E053150.107324_scanAz_slow.dat,44.1790
results2411/20241101S053151.070679E053652.514867_scanAz_slow.dat,51.9274
results2411/20241101S053653.470909E054154.915662_scanAz_slow.dat,59.5799
results2411/20241101S054155.878034E054657.318956_scanAz_slow.dat,67.0749
results2411/20241101S054658.282627E055159.724621_scanAz_slow.dat,74.4458
results2411/20241101S055200.686819E055636.206103_scanAz_slow.dat,81.8055
read results2411/20241101_060135_scanAz_slow.txt,0.0081
results2411/20241101S060136.371884E060637.940890_scanAz_slow.dat,7.9391
results2411/20241101S060638.902044E061140.346475_scanAz_slow.dat,15.4244
results2411/20241101S061141.308663E061642.752554_scanAz_slow.dat,23.1184
results2411/20241101S061643.708524E062145.153648_scanAz_slow.dat,30.9920
results2411/20241101S062146.116415E062647.559027_scanAz_slow.dat,38.1828
results2411/20241101S062648.520863E063149.963616_scanAz_slow.dat,44.7472
results2411/20241101S063150.919555E063652.366584_scanAz_slow.dat,51.4733
results2411/20241101S063653.328539E064154.772045_scanAz_slow.dat,58.9690
results2411/20241101S064155.728705E064657.175212_scanAz_slow.dat,66.3454
results2411/20241101S064658.130899E065159.577222_scanAz_slow.dat,73.5970
results2411/20241101S065200.538798E065636.058908_scanAz_slow.dat,80.9398
read results2411/20241101_070135_scanAz_slow.txt,0.0080
results2411/20241101S070136.154789E070637.700691_scanAz_slow.dat,7.1528
results2411/20241101S070638.660619E071140.103749_scanAz_slow.dat,14.5263
results2411/20241101S071141.064750E071642.508610_scanAz_slow.dat,21.7074
results2411/20241101S071643.465499E072144.913805_scanAz_slow.dat,28.5652
results2411/20241101S072145.870732E072647.312873_scanAz_slow.dat,35.6974
results2411/20241101S072648.275375E073149.721395_scanAz_slow.dat,42.8833
results2411/20241101S073150.677393E073652.125656_scanAz_slow.dat,50.0508
results2411/20241101S073653.085252E074154.524526_scanAz_slow.dat,56.8464
results2411/20241101S074155.487786E074656.929423_scanAz_slow.dat,64.1238
results2411/20241101S074657.891466E075159.336780_scanAz_slow.dat,72.0834
results2411/20241101S075200.293950E075635.817116_scanAz_slow.dat,79.1634
read results2411/20241101_090134_scanAz_slow.txt,0.0062
results2411/20241101S090136.005237E090637.553020_scanAz_slow.dat,7.6046
results2411/20241101S090638.509413E091139.955502_scanAz_slow.dat,15.3060
results2411/20241101S091140.917618E091642.360971_scanAz_slow.dat,22.8735
results2411/20241101S091643.320257E092144.765287_scanAz_slow.dat,30.3349
results2411/20241101S092145.722790E092647.169423_scanAz_slow.dat,37.4235
results2411/20241101S092648.128824E093149.573001_scanAz_slow.dat,44.5189
results2411/20241101S093150.531469E093651.976404_scanAz_slow.dat,52.0251
results2411/20241101S093652.933689E094154.377050_scanAz_slow.dat,58.7309
results2411/20241101S094155.340151E094656.779500_scanAz_slow.dat,65.4445
results2411/20241101S094657.740364E095159.185114_scanAz_slow.dat,72.9959
results2411/20241101S095200.148004E095635.667597_scanAz_slow.dat,80.5641
read results2411/20241101_100134_scanAz_slow.txt,0.0082
results2411/20241101S100135.834339E100637.407200_scanAz_slow.dat,7.7078
results2411/20241101S100638.364696E101139.808139_scanAz_slow.dat,15.2628
results2411/20241101S101140.766322E101642.211224_scanAz_slow.dat,22.0247
results2411/20241101S101643.174887E102144.617920_scanAz_slow.dat,29.5716
results2411/20241101S102145.574843E102647.019645_scanAz_slow.dat,37.3877
results2411/20241101S102647.982631E103149.421586_scanAz_slow.dat,45.4486
results2411/20241101S103150.384337E103651.825815_scanAz_slow.dat,52.7389
results2411/20241101S103652.789465E104154.231056_scanAz_slow.dat,59.8366
results2411/20241101S104155.194067E104656.634215_scanAz_slow.dat,66.9824
results2411/20241101S104657.598411E105159.086140_scanAz_slow.dat,75.1536
results2411/20241101S105200.049454E105635.569854_scanAz_slow.dat,82.7341
read results2411/20241101_110134_scanAz_slow.txt,0.0092
results2411/20241101S110135.620643E110637.162529_scanAz_slow.dat,6.7050
results2411/20241101S110638.124877E111139.566626_scanAz_slow.dat,13.5590
results2411/20241101S111140.529051E111641.973305_scanAz_slow.dat,21.0590
results2411/20241101S111642.931733E112144.374452_scanAz_slow.dat,27.8497
results2411/20241101S112145.332269E112646.775337_scanAz_slow.dat,34.2093
results2411/20241101S112647.739800E113149.181364_scanAz_slow.dat,41.7364
results2411/20241101S113150.138887E113651.587213_scanAz_slow.dat,49.2408
results2411/20241101S113652.545338E114153.991090_scanAz_slow.dat,57.2964
results2411/20241101S114154.949314E114656.395014_scanAz_slow.dat,65.2198
results2411/20241101S114657.352581E115158.798660_scanAz_slow.dat,73.3874
results2411/20241101S115159.756848E115635.277899_scanAz_slow.dat,81.6038
read results2411/20241101_130135_scanAz_slow.txt,0.0104
results2411/20241101S130136.429901E130637.973374_scanAz_slow.dat,6.9247
results2411/20241101S130638.933847E131140.378872_scanAz_slow.dat,14.1500
results2411/20241101S131141.339619E131642.781246_scanAz_slow.dat,21.5757
results2411/20241101S131643.743985E132145.183119_scanAz_slow.dat,28.9218
results2411/20241101S132146.145816E132647.588590_scanAz_slow.dat,35.9943
results2411/20241101S132648.550408E133149.990551_scanAz_slow.dat,43.4870
results2411/20241101S133150.952161E133652.399350_scanAz_slow.dat,50.4895
results2411/20241101S133653.355351E134154.799164_scanAz_slow.dat,57.2078
results2411/20241101S134155.761371E134657.204310_scanAz_slow.dat,63.9159
results2411/20241101S134658.165761E135159.609693_scanAz_slow.dat,70.5377
results2411/20241101S135200.566917E135636.089959_scanAz_slow.dat,76.8607
read results2411/20241101_140135_scanAz_slow.txt,0.0076
results2411/20241101S140136.234523E140637.776468_scanAz_slow.dat,7.3689
results2411/20241101S140638.742451E141140.181817_scanAz_slow.dat,14.6436
results2411/20241101S141141.145301E141642.588780_scanAz_slow.dat,22.4921
results2411/20241101S141643.545091E142144.991691_scanAz_slow.dat,30.2717
results2411/20241101S142145.953094E142647.397605_scanAz_slow.dat,38.3609
results2411/20241101S142648.353866E143149.796511_scanAz_slow.dat,45.9548
results2411/20241101S143150.758896E143652.205114_scanAz_slow.dat,53.7042
results2411/20241101S143653.161130E144154.609457_scanAz_slow.dat,61.1556
results2411/20241101S144155.565818E144657.010481_scanAz_slow.dat,68.8167
results2411/20241101S144657.967987E145159.415564_scanAz_slow.dat,76.1245
results2411/20241101S145200.377420E145635.896177_scanAz_slow.dat,83.4714
read results2411/20241101_150134_scanAz_slow.txt,0.0081
results2411/20241101S150136.041311E150637.588364_scanAz_slow.dat,6.9686
results2411/20241101S150638.543441E151139.989958_scanAz_slow.dat,14.1665
results2411/20241101S151140.950987E151642.396202_scanAz_slow.dat,21.8762
results2411/20241101S151643.352419E152144.796123_scanAz_slow.dat,29.1692
results2411/20241101S152145.758968E152647.198417_scanAz_slow.dat,35.7478
results2411/20241101S152648.160385E153149.603175_scanAz_slow.dat,43.2036
results2411/20241101S153150.564751E153652.011104_scanAz_slow.dat,50.9602
results2411/20241101S153652.967025E154154.411054_scanAz_slow.dat,58.1782
results2411/20241101S154155.373349E154656.815523_scanAz_slow.dat,66.1701
results2411/20241101S154657.777174E155159.220303_scanAz_slow.dat,73.8384
results2411/20241101S155200.181891E155635.702354_scanAz_slow.dat,80.6638
read results2411/20241101_170134_scanAz_slow.txt,0.0085
results2411/20241101S170135.868865E170637.436614_scanAz_slow.dat,7.9734
results2411/20241101S170638.399367E171139.843538_scanAz_slow.dat,16.0737
results2411/20241101S171140.799636E171642.247341_scanAz_slow.dat,23.3716
results2411/20241101S171643.204192E172144.648156_scanAz_slow.dat,30.7949
results2411/20241101S172145.611513E172647.054368_scanAz_slow.dat,38.5073
results2411/20241101S172648.011417E173149.455815_scanAz_slow.dat,46.3447
results2411/20241101S173150.419466E173651.863057_scanAz_slow.dat,53.8020
results2411/20241101S173652.820344E174154.265765_scanAz_slow.dat,60.3999
results2411/20241101S174155.222688E174656.669991_scanAz_slow.dat,67.6949
results2411/20241101S174657.627561E175159.073214_scanAz_slow.dat,75.3009
results2411/20241101S175200.030495E175635.554860_scanAz_slow.dat,82.5637
read results2411/20241101_180134_scanAz_slow.txt,0.0093
results2411/20241101S180135.674256E180637.245433_scanAz_slow.dat,7.6693
results2411/20241101S180638.206655E181139.646241_scanAz_slow.dat,15.0295
results2411/20241101S181140.608355E181642.053042_scanAz_slow.dat,21.4560
results2411/20241101S181643.009996E182144.458321_scanAz_slow.dat,29.6601
results2411/20241101S182145.416135E182646.861401_scanAz_slow.dat,37.4391
results2411/20241101S182647.819570E183149.265220_scanAz_slow.dat,44.9078
results2411/20241101S183150.222161E183651.666977_scanAz_slow.dat,52.2125
results2411/20241101S183652.629958E184154.072920_scanAz_slow.dat,59.7908
results2411/20241101S184155.030782E184656.478221_scanAz_slow.dat,67.5223
results2411/20241101S184657.436606E185158.881559_scanAz_slow.dat,75.1675
results2411/20241101S185159.840968E185635.360490_scanAz_slow.dat,82.7581
read results2411/20241101_190135_scanAz_slow.txt,0.0095
results2411/20241101S190136.466673E190638.012759_scanAz_slow.dat,7.7714
results2411/20241101S190638.968117E191140.411403_scanAz_slow.dat,15.7456
results2411/20241101S191141.373784E191642.818091_scanAz_slow.dat,23.3848
results2411/20241101S191643.775723E192145.220419_scanAz_slow.dat,31.2312
results2411/20241101S192146.183797E192647.627376_scanAz_slow.dat,38.9946
results2411/20241101S192648.584592E193150.028239_scanAz_slow.dat,46.7589
results2411/20241101S193150.991843E193652.435550_scanAz_slow.dat,54.3509
results2411/20241101S193653.394557E194154.834198_scanAz_slow.dat,62.1206
results2411/20241101S194155.797189E194657.237610_scanAz_slow.dat,69.8595
results2411/20241101S194658.201221E195159.642926_scanAz_slow.dat,77.7248
results2411/20241101S195200.606228E195636.125173_scanAz_slow.dat,85.2258
read results2411/20241101_210135_scanAz_slow.txt,0.0091
results2411/20241101S210136.316549E210637.864005_scanAz_slow.dat,7.6705
results2411/20241101S210638.824205E211140.262595_scanAz_slow.dat,15.6257
results2411/20241101S211141.224156E211642.667404_scanAz_slow.dat,22.7874
results2411/20241101S211643.629008E212145.074577_scanAz_slow.dat,29.5961
results2411/20241101S212146.030299E212647.473741_scanAz_slow.dat,36.9610
results2411/20241101S212648.435794E213149.882194_scanAz_slow.dat,44.7341
results2411/20241101S213150.838225E213652.286574_scanAz_slow.dat,51.9250
results2411/20241101S213653.243274E214154.685378_scanAz_slow.dat,59.1765
results2411/20241101S214155.647119E214657.092377_scanAz_slow.dat,67.2568
results2411/20241101S214658.053823E215159.494323_scanAz_slow.dat,74.3776
results2411/20241101S215200.457381E215635.977928_scanAz_slow.dat,81.8014
read results2411/20241101_220135_scanAz_slow.txt,0.0076
results2411/20241101S220136.140077E220637.714231_scanAz_slow.dat,7.1065
results2411/20241101S220638.673038E221140.119602_scanAz_slow.dat,14.3264
results2411/20241101S221141.076660E221642.522937_scanAz_slow.dat,22.2421
results2411/20241101S221643.485655E222144.927693_scanAz_slow.dat,30.3479
results2411/20241101S222145.889454E222647.328425_scanAz_slow.dat,38.1516
results2411/20241101S222648.290247E223149.733018_scanAz_slow.dat,45.7521
results2411/20241101S223150.696414E223652.138085_scanAz_slow.dat,54.2001
results2411/20241101S223653.100536E224154.540039_scanAz_slow.dat,61.7072
results2411/20241101S224155.501504E224656.944391_scanAz_slow.dat,68.9878
results2411/20241101S224657.907459E225159.349983_scanAz_slow.dat,75.7887
results2411/20241101S225200.312811E225635.832679_scanAz_slow.dat,83.3504
read results2411/20241102_010134_scanAz_slow.txt,0.0100
results2411/20241102S010135.784130E010637.326753_scanAz_slow.dat,7.5042
results2411/20241102S010638.288261E011139.727538_scanAz_slow.dat,14.6093
results2411/20241102S011140.691134E011642.130921_scanAz_slow.dat,21.6001
results2411/20241102S011643.094567E012144.537628_scanAz_slow.dat,29.4321
results2411/20241102S012145.500374E012646.938983_scanAz_slow.dat,36.3048
results2411/20241102S012647.903335E013149.345928_scanAz_slow.dat,44.1745
results2411/20241102S013150.302855E013651.747279_scanAz_slow.dat,51.4655
results2411/20241102S013652.710884E014154.151834_scanAz_slow.dat,59.2193
results2411/20241102S014155.114851E014656.553942_scanAz_slow.dat,66.9732
results2411/20241102S014657.517284E015158.959154_scanAz_slow.dat,74.8520
results2411/20241102S015159.921942E015635.443200_scanAz_slow.dat,82.4002
read results2411/20241102_020135_scanAz_slow.txt,0.0143
results2411/20241102S020136.592932E020638.138433_scanAz_slow.dat,7.0944
results2411/20241102S020639.100183E021140.545584_scanAz_slow.dat,14.9038
results2411/20241102S021141.503515E021642.944990_scanAz_slow.dat,22.5169
results2411/20241102S021643.909142E022145.349129_scanAz_slow.dat,29.8176
results2411/20241102S022146.312498E022647.756069_scanAz_slow.dat,37.0756
results2411/20241102S022648.712956E023150.161165_scanAz_slow.dat,44.4436
results2411/20241102S023151.120825E023652.563762_scanAz_slow.dat,52.4699
results2411/20241102S023653.520699E024154.964425_scanAz_slow.dat,59.3636
results2411/20241102S024155.928384E024657.368711_scanAz_slow.dat,67.2010
results2411/20241102S024658.332359E025159.776004_scanAz_slow.dat,75.1949
results2411/20241102S025200.736021E025636.255868_scanAz_slow.dat,82.8182
read results2411/20241102_030135_scanAz_slow.txt,0.0184
results2411/20241102S030136.400659E030637.946463_scanAz_slow.dat,7.6743
results2411/20241102S030638.907895E031140.351821_scanAz_slow.dat,15.3774
results2411/20241102S031141.309590E031642.750516_scanAz_slow.dat,23.5017
results2411/20241102S031643.714469E032145.156905_scanAz_slow.dat,31.0649
results2411/20241102S032146.114753E032647.562707_scanAz_slow.dat,38.6038
results2411/20241102S032648.520521E033149.966922_scanAz_slow.dat,46.0571
results2411/20241102S033150.925971E033652.367683_scanAz_slow.dat,53.8444
results2411/20241102S033653.330331E034154.771773_scanAz_slow.dat,62.4158
results2411/20241102S034155.728664E034657.177294_scanAz_slow.dat,69.3368
results2411/20241102S034658.134527E035159.578878_scanAz_slow.dat,77.0967
results2411/20241102S035200.542245E035636.061811_scanAz_slow.dat,85.0083
read results2411/20241102_050135_scanAz_slow.txt,0.0145
results2411/20241102S050136.200382E050637.746200_scanAz_slow.dat,7.6651
results2411/20241102S050638.707349E051140.148594_scanAz_slow.dat,15.0684
results2411/20241102S051141.109297E051642.551937_scanAz_slow.dat,22.0284
results2411/20241102S051643.515508E052144.956673_scanAz_slow.dat,29.0888
results2411/20241102S052145.918462E052647.363737_scanAz_slow.dat,36.1397
results2411/20241102S052648.325253E053149.764454_scanAz_slow.dat,43.3153
results2411/20241102S053150.727839E053652.172183_scanAz_slow.dat,50.3946
results2411/20241102S053653.129705E054154.573564_scanAz_slow.dat,58.1174
results2411/20241102S054155.535630E054656.976548_scanAz_slow.dat,64.3799
results2411/20241102S054657.940136E055159.380777_scanAz_slow.dat,71.5044
results2411/20241102S055200.343597E055635.863388_scanAz_slow.dat,79.5024
read results2411/20241102_060134_scanAz_slow.txt,0.0081
results2411/20241102S060136.024063E060637.599867_scanAz_slow.dat,6.9756
results2411/20241102S060638.561044E061140.004291_scanAz_slow.dat,14.2883
results2411/20241102S061140.966209E061642.407606_scanAz_slow.dat,21.4723
results2411/20241102S061643.369972E062144.811536_scanAz_slow.dat,28.4827
results2411/20241102S062145.773978E062647.213335_scanAz_slow.dat,35.5158
results2411/20241102S062648.175925E063149.621023_scanAz_slow.dat,42.6760
results2411/20241102S063150.582839E063652.026528_scanAz_slow.dat,50.0504
results2411/20241102S063652.984357E064154.429872_scanAz_slow.dat,57.7230
results2411/20241102S064155.385935E064656.832307_scanAz_slow.dat,65.5221
results2411/20241102S064657.789885E065159.237538_scanAz_slow.dat,73.4565
results2411/20241102S065200.193909E065635.717395_scanAz_slow.dat,80.6377
read results2411/20241102_070134_scanAz_slow.txt,0.0081
results2411/20241102S070135.862509E070637.408214_scanAz_slow.dat,7.6741
results2411/20241102S070638.363662E071139.809798_scanAz_slow.dat,14.8698
results2411/20241102S071140.772310E071642.216119_scanAz_slow.dat,22.4777
results2411/20241102S071643.172140E072144.615924_scanAz_slow.dat,29.8203
results2411/20241102S072145.578271E072647.020416_scanAz_slow.dat,36.8532
results2411/20241102S072647.983303E073149.426815_scanAz_slow.dat,44.2219
results2411/20241102S073150.388738E073651.832354_scanAz_slow.dat,52.0188
results2411/20241102S073652.788223E074154.235665_scanAz_slow.dat,59.1761
results2411/20241102S074155.193025E074656.634760_scanAz_slow.dat,66.1890
results2411/20241102S074657.597931E075159.043422_scanAz_slow.dat,73.7072
results2411/20241102S075159.999454E075635.524068_scanAz_slow.dat,81.2578
read results2411/20241102_090134_scanAz_slow.txt,0.0081
results2411/20241102S090135.690366E090637.258710_scanAz_slow.dat,6.8377
results2411/20241102S090638.220147E091139.659417_scanAz_slow.dat,14.5652
results2411/20241102S091140.621817E091642.063764_scanAz_slow.dat,22.0968
results2411/20241102S091643.027469E092144.471987_scanAz_slow.dat,29.7270
results2411/20241102S092145.429174E092646.870762_scanAz_slow.dat,37.6940
results2411/20241102S092647.834400E093149.275960_scanAz_slow.dat,45.1873
results2411/20241102S093150.239294E093651.683745_scanAz_slow.dat,52.3551
results2411/20241102S093652.642720E094154.086409_scanAz_slow.dat,59.9364
results2411/20241102S094155.043784E094656.485998_scanAz_slow.dat,67.2157
results2411/20241102S094657.449932E095158.894199_scanAz_slow.dat,74.4300
results2411/20241102S095159.851502E095635.373598_scanAz_slow.dat,81.9335
read results2411/20241102_100135_scanAz_slow.txt,0.0083
results2411/20241102S100136.476791E100638.024278_scanAz_slow.dat,7.5733
results2411/20241102S100638.985790E101140.428290_scanAz_slow.dat,14.7848
results2411/20241102S101141.384455E101642.830002_scanAz_slow.dat,21.6561
results2411/20241102S101643.792952E102145.236318_scanAz_slow.dat,29.4745
results2411/20241102S102146.194058E102647.640218_scanAz_slow.dat,37.4273
results2411/20241102S102648.598049E103150.039897_scanAz_slow.dat,45.4336
results2411/20241102S103151.004465E103652.446482_scanAz_slow.dat,53.6446
results2411/20241102S103653.409167E104154.850916_scanAz_slow.dat,61.1125
results2411/20241102S104155.807783E104657.254851_scanAz_slow.dat,68.6314
results2411/20241102S104658.212458E105159.658826_scanAz_slow.dat,76.6452
results2411/20241102S105200.615802E105636.140388_scanAz_slow.dat,83.9602
read results2411/20241102_110135_scanAz_slow.txt,0.0090
results2411/20241102S110136.331524E110637.879022_scanAz_slow.dat,7.4575
results2411/20241102S110638.834661E111140.280614_scanAz_slow.dat,14.6800
results2411/20241102S111141.238457E111642.684151_scanAz_slow.dat,21.7080
results2411/20241102S111643.647316E112145.089940_scanAz_slow.dat,28.6297
results2411/20241102S112146.047653E112647.493778_scanAz_slow.dat,36.0406
results2411/20241102S112648.450819E113149.897521_scanAz_slow.dat,42.9885
results2411/20241102S113150.854892E113652.302052_scanAz_slow.dat,50.2736
results2411/20241102S113653.261570E114154.706609_scanAz_slow.dat,57.6187
results2411/20241102S114155.665118E114657.109921_scanAz_slow.dat,64.7481
results2411/20241102S114658.067560E115159.512854_scanAz_slow.dat,71.6066
results2411/20241102S115200.469826E115635.993942_scanAz_slow.dat,78.7932
read results2411/20241102_130135_scanAz_slow.txt,0.0097
results2411/20241102S130136.156265E130637.728783_scanAz_slow.dat,7.5790
results2411/20241102S130638.688980E131140.133829_scanAz_slow.dat,15.2067
results2411/20241102S131141.089043E131642.534153_scanAz_slow.dat,22.9903
results2411/20241102S131643.496492E132144.937736_scanAz_slow.dat,30.6737
results2411/20241102S132145.900855E132647.344767_scanAz_slow.dat,37.9021
results2411/20241102S132648.301081E133149.749600_scanAz_slow.dat,45.3367
results2411/20241102S133150.707288E133652.148957_scanAz_slow.dat,52.7543
results2411/20241102S133653.110702E134154.554644_scanAz_slow.dat,60.3860
results2411/20241102S134155.517007E134656.958462_scanAz_slow.dat,67.6192
results2411/20241102S134657.920879E135159.360477_scanAz_slow.dat,74.6532
results2411/20241102S135200.322636E135635.843198_scanAz_slow.dat,82.4211
read results2411/20241102_140134_scanAz_slow.txt,0.0085
results2411/20241102S140135.917082E140637.487800_scanAz_slow.dat,7.8303
results2411/20241102S140638.443102E141139.891573_scanAz_slow.dat,14.7701
results2411/20241102S141140.846464E141642.295832_scanAz_slow.dat,22.0722
results2411/20241102S141643.251855E142144.693946_scanAz_slow.dat,30.1705
results2411/20241102S142145.656721E142647.099627_scanAz_slow.dat,38.1900
results2411/20241102S142648.062041E143149.502312_scanAz_slow.dat,45.3801
results2411/20241102S143150.464500E143651.909870_scanAz_slow.dat,53.3183
results2411/20241102S143652.866197E144154.310320_scanAz_slow.dat,61.3188
results2411/20241102S144155.271996E144656.715858_scanAz_slow.dat,68.7846
results2411/20241102S144657.678052E145159.121255_scanAz_slow.dat,75.2079
results2411/20241102S145200.077063E145635.600450_scanAz_slow.dat,83.2358
read results2411/20241102_150134_scanAz_slow.txt,0.0083
results2411/20241102S150135.721845E150637.293755_scanAz_slow.dat,7.0694
results2411/20241102S150638.253672E151139.693881_scanAz_slow.dat,13.9677
results2411/20241102S151140.654934E151642.098681_scanAz_slow.dat,21.2409
results2411/20241102S151643.060815E152144.502791_scanAz_slow.dat,29.0550
results2411/20241102S152145.464298E152646.907018_scanAz_slow.dat,36.9707
results2411/20241102S152647.863650E153149.309508_scanAz_slow.dat,44.8119
results2411/20241102S153150.272763E153651.715638_scanAz_slow.dat,52.6407
results2411/20241102S153652.671731E154154.117966_scanAz_slow.dat,60.4385
results2411/20241102S154155.080351E154656.523806_scanAz_slow.dat,67.7848
results2411/20241102S154657.479839E155158.924753_scanAz_slow.dat,75.1158
results2411/20241102S155159.886628E155635.407697_scanAz_slow.dat,82.4278
read results2411/20241102_170135_scanAz_slow.txt,0.0089
results2411/20241102S170136.556392E170638.100083_scanAz_slow.dat,7.2161
results2411/20241102S170639.061832E171140.503176_scanAz_slow.dat,14.1158
results2411/20241102S171141.467140E171642.911746_scanAz_slow.dat,20.7426
results2411/20241102S171643.869824E172145.315292_scanAz_slow.dat,27.9817
results2411/20241102S172146.272476E172647.717541_scanAz_slow.dat,35.7045
results2411/20241102S172648.674682E173150.122117_scanAz_slow.dat,43.5443
results2411/20241102S173151.079039E173652.524511_scanAz_slow.dat,51.3175
results2411/20241102S173653.487232E174154.925590_scanAz_slow.dat,59.2356
results2411/20241102S174155.890161E174657.334149_scanAz_slow.dat,66.5977
results2411/20241102S174658.292256E175159.737397_scanAz_slow.dat,73.9862
results2411/20241102S175200.694306E175636.217515_scanAz_slow.dat,81.4633
read results2411/20241102_180135_scanAz_slow.txt,0.0082
results2411/20241102S180136.379867E180637.956612_scanAz_slow.dat,7.6078
results2411/20241102S180638.912655E181140.360050_scanAz_slow.dat,15.0951
results2411/20241102S181141.316426E181642.763513_scanAz_slow.dat,22.0870
results2411/20241102S181643.720399E182145.167962_scanAz_slow.dat,29.6744
results2411/20241102S182146.126724E182647.567699_scanAz_slow.dat,36.6321
results2411/20241102S182648.531695E183149.975524_scanAz_slow.dat,44.3545
results2411/20241102S183150.932756E183652.377655_scanAz_slow.dat,52.2196
results2411/20241102S183653.335202E184154.783188_scanAz_slow.dat,59.8206
results2411/20241102S184155.741689E184657.185257_scanAz_slow.dat,66.6245
results2411/20241102S184658.142518E185159.590542_scanAz_slow.dat,73.6749
results2411/20241102S185200.549612E185636.071053_scanAz_slow.dat,80.6840
read results2411/20241102_190135_scanAz_slow.txt,0.0092
results2411/20241102S190136.166911E190637.714591_scanAz_slow.dat,7.7179
results2411/20241102S190638.672365E191140.113175_scanAz_slow.dat,14.2768
results2411/20241102S191141.075683E191642.520287_scanAz_slow.dat,21.5108
results2411/20241102S191643.477245E192144.921393_scanAz_slow.dat,28.5346
results2411/20241102S192145.884670E192647.327215_scanAz_slow.dat,36.1693
results2411/20241102S192648.284174E193149.729204_scanAz_slow.dat,43.6777
results2411/20241102S193150.692233E193652.137156_scanAz_slow.dat,51.2950
results2411/20241102S193653.096243E194154.538630_scanAz_slow.dat,58.4287
results2411/20241102S194155.495546E194656.944767_scanAz_slow.dat,65.8548
results2411/20241102S194657.902271E195159.345481_scanAz_slow.dat,72.7275
results2411/20241102S195200.303908E195635.827702_scanAz_slow.dat,80.0130
read results2411/20241102_210134_scanAz_slow.txt,0.0089
results2411/20241102S210135.983280E210637.561074_scanAz_slow.dat,6.6500
results2411/20241102S210638.523868E211139.964408_scanAz_slow.dat,13.3547
results2411/20241102S211140.925664E211642.370360_scanAz_slow.dat,21.2850
results2411/20241102S211643.331855E212144.775068_scanAz_slow.dat,28.8635
results2411/20241102S212145.736574E212647.180076_scanAz_slow.dat,35.7531
results2411/20241102S212648.137011E213149.578490_scanAz_slow.dat,43.5874
results2411/20241102S213150.539920E213651.987634_scanAz_slow.dat,50.8301
results2411/20241102S213652.943920E214154.387611_scanAz_slow.dat,59.0462
results2411/20241102S214155.349085E214656.794736_scanAz_slow.dat,66.5756
results2411/20241102S214657.752552E215159.194074_scanAz_slow.dat,74.1917
results2411/20241102S215200.155848E215635.677709_scanAz_slow.dat,81.5258
read results2411/20241102_220134_scanAz_slow.txt,0.0090
results2411/20241102S220135.789971E220637.364984_scanAz_slow.dat,7.3468
results2411/20241102S220638.325200E221139.768362_scanAz_slow.dat,15.4355
results2411/20241102S221140.729037E221642.177069_scanAz_slow.dat,23.1552
results2411/20241102S221643.133406E222144.580168_scanAz_slow.dat,30.1750
results2411/20241102S222145.536220E222646.983848_scanAz_slow.dat,37.7405
results2411/20241102S222647.939888E223149.386659_scanAz_slow.dat,45.2133
results2411/20241102S223150.343965E223651.792566_scanAz_slow.dat,51.9692
results2411/20241102S223652.748214E224154.195215_scanAz_slow.dat,58.8897
results2411/20241102S224155.151492E224656.598396_scanAz_slow.dat,66.2865
results2411/20241102S224657.559936E225159.001236_scanAz_slow.dat,73.8855
results2411/20241102S225159.963755E225635.483487_scanAz_slow.dat,80.5884
read results2411/20241103_010135_scanAz_slow.txt,0.0092
results2411/20241103S010136.442533E010637.981442_scanAz_slow.dat,7.4449
results2411/20241103S010638.943414E011140.389859_scanAz_slow.dat,14.8814
results2411/20241103S011141.346234E011642.788486_scanAz_slow.dat,21.9496
results2411/20241103S011643.751196E012145.195003_scanAz_slow.dat,29.3660
results2411/20241103S012146.153433E012647.596144_scanAz_slow.dat,36.8053
results2411/20241103S012648.560053E013149.999148_scanAz_slow.dat,44.3633
results2411/20241103S013150.962369E013652.406276_scanAz_slow.dat,51.6154
results2411/20241103S013653.363171E014154.810443_scanAz_slow.dat,59.3180
results2411/20241103S014155.767438E014657.215712_scanAz_slow.dat,67.2621
results2411/20241103S014658.173782E015159.618121_scanAz_slow.dat,74.1648
results2411/20241103S015200.575730E015636.097909_scanAz_slow.dat,81.2061
read results2411/20241103_020135_scanAz_slow.txt,0.0081
results2411/20241103S020136.243643E020637.789977_scanAz_slow.dat,6.8350
results2411/20241103S020638.745704E021140.192327_scanAz_slow.dat,14.0211
results2411/20241103S021141.154133E021642.593845_scanAz_slow.dat,21.6622
results2411/20241103S021643.557140E022144.998706_scanAz_slow.dat,29.3844
results2411/20241103S022145.961686E022647.404378_scanAz_slow.dat,36.6893
results2411/20241103S022648.361325E023149.808842_scanAz_slow.dat,43.8898
results2411/20241103S023150.766708E023652.211539_scanAz_slow.dat,51.8182
results2411/20241103S023653.168447E024154.612372_scanAz_slow.dat,59.3167
results2411/20241103S024155.575755E024657.015894_scanAz_slow.dat,66.7507
results2411/20241103S024657.979508E025159.422876_scanAz_slow.dat,74.2547
results2411/20241103S025200.379814E025635.903198_scanAz_slow.dat,81.5475
read results2411/20241103_030135_scanAz_slow.txt,0.0088
results2411/20241103S030136.071389E030637.643184_scanAz_slow.dat,7.6997
results2411/20241103S030638.604431E031140.044787_scanAz_slow.dat,14.6466
results2411/20241103S031141.002313E031642.449658_scanAz_slow.dat,21.7291
results2411/20241103S031643.407449E032144.855020_scanAz_slow.dat,29.7532
results2411/20241103S032145.813417E032647.256324_scanAz_slow.dat,37.1148
results2411/20241103S032648.219327E033149.662482_scanAz_slow.dat,44.6107
results2411/20241103S033150.620291E033652.066876_scanAz_slow.dat,52.2016
results2411/20241103S033653.026217E034154.469983_scanAz_slow.dat,59.7523
results2411/20241103S034155.428161E034656.870509_scanAz_slow.dat,67.3331
results2411/20241103S034657.833780E035159.278757_scanAz_slow.dat,75.0557
results2411/20241103S035200.237537E035635.757630_scanAz_slow.dat,82.1626
read results2411/20241103_050134_scanAz_slow.txt,0.0080
results2411/20241103S050135.900382E050637.441368_scanAz_slow.dat,7.1870
results2411/20241103S050638.401811E051139.850607_scanAz_slow.dat,13.9807
results2411/20241103S051140.806192E051642.250405_scanAz_slow.dat,20.8923
results2411/20241103S051643.212767E052144.655775_scanAz_slow.dat,28.7728
results2411/20241103S052145.617533E052647.059448_scanAz_slow.dat,36.9012
results2411/20241103S052648.020912E053149.466001_scanAz_slow.dat,44.4913
results2411/20241103S053150.421754E053651.864491_scanAz_slow.dat,52.0573
results2411/20241103S053652.827589E054154.272292_scanAz_slow.dat,58.3793
results2411/20241103S054155.230126E054656.673043_scanAz_slow.dat,65.8607
results2411/20241103S054657.635979E055159.076838_scanAz_slow.dat,73.0646
results2411/20241103S055200.039657E055635.560850_scanAz_slow.dat,80.6088
read results2411/20241103_060134_scanAz_slow.txt,0.0082
results2411/20241103S060135.674920E060637.250814_scanAz_slow.dat,7.1088
results2411/20241103S060638.211064E061139.654664_scanAz_slow.dat,15.0106
results2411/20241103S061140.615416E061642.054645_scanAz_slow.dat,22.1125
results2411/20241103S061643.016419E062144.460758_scanAz_slow.dat,30.2301
results2411/20241103S062145.423146E062646.867169_scanAz_slow.dat,37.6878
results2411/20241103S062647.824671E063149.270653_scanAz_slow.dat,44.7727
results2411/20241103S063150.226417E063651.673663_scanAz_slow.dat,51.9679
results2411/20241103S063652.630064E064154.077226_scanAz_slow.dat,59.5903
results2411/20241103S064155.039032E064656.480401_scanAz_slow.dat,66.8838
results2411/20241103S064657.443168E065158.885148_scanAz_slow.dat,75.0727
results2411/20241103S065159.847002E065635.366472_scanAz_slow.dat,82.8536
read results2411/20241103_070135_scanAz_slow.txt,0.0088
results2411/20241103S070136.469150E070638.013338_scanAz_slow.dat,7.5695
results2411/20241103S070638.973841E071140.421850_scanAz_slow.dat,14.6153
results2411/20241103S071141.378362E071642.825341_scanAz_slow.dat,20.8501
results2411/20241103S071643.781338E072145.225694_scanAz_slow.dat,27.6408
results2411/20241103S072146.187588E072647.629853_scanAz_slow.dat,34.2636
results2411/20241103S072648.592445E073150.036628_scanAz_slow.dat,41.4552
results2411/20241103S073150.992805E073652.438271_scanAz_slow.dat,48.7885
results2411/20241103S073653.401109E074154.843561_scanAz_slow.dat,55.8923
results2411/20241103S074155.805199E074657.247383_scanAz_slow.dat,63.6628
results2411/20241103S074658.209268E075159.651115_scanAz_slow.dat,71.0164
results2411/20241103S075200.613030E075636.133121_scanAz_slow.dat,77.9953
read results2411/20241103_090135_scanAz_slow.txt,0.0085
results2411/20241103S090136.321765E090637.869416_scanAz_slow.dat,7.1141
results2411/20241103S090638.825808E091140.273431_scanAz_slow.dat,14.9703
results2411/20241103S091141.230395E091642.673472_scanAz_slow.dat,23.1704
results2411/20241103S091643.637122E092145.077394_scanAz_slow.dat,30.6220
results2411/20241103S092146.040655E092647.483851_scanAz_slow.dat,37.7772
results2411/20241103S092648.441086E093149.889270_scanAz_slow.dat,45.6344
results2411/20241103S093150.846817E093652.290191_scanAz_slow.dat,52.1426
results2411/20241103S093653.253207E094154.695232_scanAz_slow.dat,59.3658
results2411/20241103S094155.652228E094657.096557_scanAz_slow.dat,67.0025
results2411/20241103S094658.060518E095159.505023_scanAz_slow.dat,75.0361
results2411/20241103S095200.462316E095635.985338_scanAz_slow.dat,82.9610
read results2411/20241103_100135_scanAz_slow.txt,0.0086
results2411/20241103S100136.146886E100637.721308_scanAz_slow.dat,7.2286
results2411/20241103S100638.683068E101140.124762_scanAz_slow.dat,15.0179
results2411/20241103S101141.086952E101642.528667_scanAz_slow.dat,22.7541
results2411/20241103S101643.492287E102144.930976_scanAz_slow.dat,30.2457
results2411/20241103S102145.894332E102647.336368_scanAz_slow.dat,37.3010
results2411/20241103S102648.299123E103149.743534_scanAz_slow.dat,44.7223
results2411/20241103S103150.700639E103652.146830_scanAz_slow.dat,52.5496
results2411/20241103S103653.103777E104154.549181_scanAz_slow.dat,60.4138
results2411/20241103S104155.506390E104656.951972_scanAz_slow.dat,67.8986
results2411/20241103S104657.915309E105159.358527_scanAz_slow.dat,74.4554
results2411/20241103S105200.315796E105635.837782_scanAz_slow.dat,81.9519
read results2411/20241103_110134_scanAz_slow.txt,0.0095
results2411/20241103S110135.955612E110637.525519_scanAz_slow.dat,7.5037
results2411/20241103S110638.487373E111139.929189_scanAz_slow.dat,15.4405
results2411/20241103S111140.891429E111642.337599_scanAz_slow.dat,22.2268
results2411/20241103S111643.297247E112144.741087_scanAz_slow.dat,29.7807
results2411/20241103S112145.699297E112647.141825_scanAz_slow.dat,36.8885
results2411/20241103S112648.105445E113149.547802_scanAz_slow.dat,44.4529
results2411/20241103S113150.505060E113651.948006_scanAz_slow.dat,52.2210
results2411/20241103S113652.912876E114154.356723_scanAz_slow.dat,60.2621
results2411/20241103S114155.313924E114656.759991_scanAz_slow.dat,67.4089
results2411/20241103S114657.716903E115159.165252_scanAz_slow.dat,74.8574
results2411/20241103S115200.122788E115635.644722_scanAz_slow.dat,82.0250
read results2411/20241103_130134_scanAz_slow.txt,0.0083
results2411/20241103S130135.750574E130637.278939_scanAz_slow.dat,7.1525
results2411/20241103S130638.238829E131139.687960_scanAz_slow.dat,13.9657
results2411/20241103S131140.643466E131642.091494_scanAz_slow.dat,21.6531
results2411/20241103S131643.047509E132144.495810_scanAz_slow.dat,29.1802
results2411/20241103S132145.453075E132646.896827_scanAz_slow.dat,36.6874
results2411/20241103S132647.858583E133149.300440_scanAz_slow.dat,43.5470
results2411/20241103S133150.263164E133651.706847_scanAz_slow.dat,50.6053
results2411/20241103S133652.664047E134154.107469_scanAz_slow.dat,57.8139
results2411/20241103S134155.070099E134656.515088_scanAz_slow.dat,64.5535
results2411/20241103S134657.472948E135158.918577_scanAz_slow.dat,71.3876
results2411/20241103S135159.875384E135635.397363_scanAz_slow.dat,78.4135
read results2411/20241103_140135_scanAz_slow.txt,0.0131
results2411/20241103S140136.548755E140638.093406_scanAz_slow.dat,6.5073
results2411/20241103S140639.053636E141140.497540_scanAz_slow.dat,14.3271
results2411/20241103S141141.459761E141642.903115_scanAz_slow.dat,21.3538
results2411/20241103S141643.864649E142145.307753_scanAz_slow.dat,29.1224
results2411/20241103S142146.263705E142647.712047_scanAz_slow.dat,36.2403
results2411/20241103S142648.673588E143150.112125_scanAz_slow.dat,43.4071
results2411/20241103S143151.074288E143652.520613_scanAz_slow.dat,51.0727
results2411/20241103S143653.476279E144154.919582_scanAz_slow.dat,58.4444
results2411/20241103S144155.880724E144657.325358_scanAz_slow.dat,66.4973
results2411/20241103S144658.287472E145159.729272_scanAz_slow.dat,73.8241
results2411/20241103S145200.691571E145636.210953_scanAz_slow.dat,81.2433
read results2411/20241103_150135_scanAz_slow.txt,0.0087
results2411/20241103S150136.375806E150637.949075_scanAz_slow.dat,6.8735
results2411/20241103S150638.910198E151140.352734_scanAz_slow.dat,14.8608
results2411/20241103S151141.313980E151642.755383_scanAz_slow.dat,21.6253
results2411/20241103S151643.717163E152145.161314_scanAz_slow.dat,28.8642
results2411/20241103S152146.118246E152647.563152_scanAz_slow.dat,36.0501
results2411/20241103S152648.524605E153149.966950_scanAz_slow.dat,43.5773
results2411/20241103S153150.928790E153652.374133_scanAz_slow.dat,50.6508
results2411/20241103S153653.330155E154154.776936_scanAz_slow.dat,57.7365
results2411/20241103S154155.733538E154657.177632_scanAz_slow.dat,65.0180
results2411/20241103S154658.140573E155159.582402_scanAz_slow.dat,72.6429
results2411/20241103S155200.544501E155636.064311_scanAz_slow.dat,80.7677
read results2411/20241103_170135_scanAz_slow.txt,0.0094
results2411/20241103S170136.205902E170637.749333_scanAz_slow.dat,6.7896
results2411/20241103S170638.711511E171140.154588_scanAz_slow.dat,14.6937
results2411/20241103S171141.116789E171642.556669_scanAz_slow.dat,22.5037
results2411/20241103S171643.520475E172144.962955_scanAz_slow.dat,29.7108
results2411/20241103S172145.919937E172647.366574_scanAz_slow.dat,36.5910
results2411/20241103S172648.323573E173149.767221_scanAz_slow.dat,44.0884
results2411/20241103S173150.730214E173652.174542_scanAz_slow.dat,50.9554
results2411/20241103S173653.132055E174154.577818_scanAz_slow.dat,57.9317
results2411/20241103S174155.534734E174656.982351_scanAz_slow.dat,65.1348
results2411/20241103S174657.939309E175159.385529_scanAz_slow.dat,72.7681
results2411/20241103S175200.342500E175635.868273_scanAz_slow.dat,79.8429
read results2411/20241103_180134_scanAz_slow.txt,0.0084
results2411/20241103S180136.033959E180637.606306_scanAz_slow.dat,7.3815
results2411/20241103S180638.563983E181140.010513_scanAz_slow.dat,14.4327
results2411/20241103S181140.967225E181642.413426_scanAz_slow.dat,21.9996
results2411/20241103S181643.370428E182144.819047_scanAz_slow.dat,30.1150
results2411/20241103S182145.776633E182647.217711_scanAz_slow.dat,37.8945
results2411/20241103S182648.181923E183149.624468_scanAz_slow.dat,45.4037
results2411/20241103S183150.581371E183652.027510_scanAz_slow.dat,52.8821
results2411/20241103S183652.984721E184154.432405_scanAz_slow.dat,60.8679
results2411/20241103S184155.389937E184656.833411_scanAz_slow.dat,68.5523
results2411/20241103S184657.797277E185159.237652_scanAz_slow.dat,75.8372
results2411/20241103S185200.201586E185635.721433_scanAz_slow.dat,83.2007
read results2411/20241103_190134_scanAz_slow.txt,0.0081
results2411/20241103S190135.816234E190637.364534_scanAz_slow.dat,6.9466
results2411/20241103S190638.320211E191139.767741_scanAz_slow.dat,14.7630
results2411/20241103S191140.724071E191642.167573_scanAz_slow.dat,21.7681
results2411/20241103S191643.132308E192144.574193_scanAz_slow.dat,29.1531
results2411/20241103S192145.531498E192646.974817_scanAz_slow.dat,36.3091
results2411/20241103S192647.939961E193149.383425_scanAz_slow.dat,43.8469
results2411/20241103S193150.341218E193651.787048_scanAz_slow.dat,50.8643
results2411/20241103S193652.745197E194154.190898_scanAz_slow.dat,58.4337
results2411/20241103S194155.147816E194656.591561_scanAz_slow.dat,65.8486
results2411/20241103S194657.555739E195158.996596_scanAz_slow.dat,73.5668
results2411/20241103S195159.953842E195635.479528_scanAz_slow.dat,80.2760
read results2411/20241103_210134_scanAz_slow.txt,0.0084
results2411/20241103S210135.667052E210637.212616_scanAz_slow.dat,6.8553
results2411/20241103S210638.172776E211139.617183_scanAz_slow.dat,14.0654
results2411/20241103S211140.578568E211642.021717_scanAz_slow.dat,21.5694
results2411/20241103S211642.979399E212144.425612_scanAz_slow.dat,29.1778
results2411/20241103S212145.387543E212646.831356_scanAz_slow.dat,36.0356
results2411/20241103S212647.787665E213149.234371_scanAz_slow.dat,42.9624
results2411/20241103S213150.195769E213651.639856_scanAz_slow.dat,50.0574
results2411/20241103S213652.596156E214154.042799_scanAz_slow.dat,56.6409
results2411/20241103S214154.998479E214656.445361_scanAz_slow.dat,64.3257
results2411/20241103S214657.402978E215158.847635_scanAz_slow.dat,71.3548
results2411/20241103S215159.809809E215635.329784_scanAz_slow.dat,79.1593
read results2411/20241103_220135_scanAz_slow.txt,0.0091
results2411/20241103S220136.482827E220638.030298_scanAz_slow.dat,7.5689
results2411/20241103S220638.990812E221140.430564_scanAz_slow.dat,14.9999
results2411/20241103S221141.391930E221642.834711_scanAz_slow.dat,22.0227
results2411/20241103S221643.793791E222145.238248_scanAz_slow.dat,29.2251
results2411/20241103S222146.200699E222647.643228_scanAz_slow.dat,35.9352
results2411/20241103S222648.605649E223150.050353_scanAz_slow.dat,43.0590
results2411/20241103S223151.006629E223652.449036_scanAz_slow.dat,49.8919
results2411/20241103S223653.411760E224154.854863_scanAz_slow.dat,57.2816
results2411/20241103S224155.817018E224657.258811_scanAz_slow.dat,64.4591
results2411/20241103S224658.220853E225159.664971_scanAz_slow.dat,71.7375
results2411/20241103S225200.622281E225636.144139_scanAz_slow.dat,79.7019
read results2411/20241104_010135_scanAz_slow.txt,0.0084
results2411/20241104S010136.162052E010637.781364_scanAz_slow.dat,7.1556
results2411/20241104S010638.742504E011140.188369_scanAz_slow.dat,14.3475
results2411/20241104S011141.145104E011642.591762_scanAz_slow.dat,21.4478
results2411/20241104S011643.549897E012144.992063_scanAz_slow.dat,28.0955
results2411/20241104S012145.954720E012647.401212_scanAz_slow.dat,35.3178
results2411/20241104S012648.358158E013149.800154_scanAz_slow.dat,42.2818
results2411/20241104S013150.764451E013652.205884_scanAz_slow.dat,49.3938
results2411/20241104S013653.164380E014154.610763_scanAz_slow.dat,57.0865
results2411/20241104S014155.567973E014657.016348_scanAz_slow.dat,64.6433
results2411/20241104S014657.974744E015159.419646_scanAz_slow.dat,71.6308
results2411/20241104S015200.376585E015635.901003_scanAz_slow.dat,79.1575
read results2411/20241104_020134_scanAz_slow.txt,0.0087
results2411/20241104S020135.960299E020637.490647_scanAz_slow.dat,7.9824
results2411/20241104S020638.452413E021139.896468_scanAz_slow.dat,16.1052
results2411/20241104S021140.858319E021642.301308_scanAz_slow.dat,23.7293
results2411/20241104S021643.264036E022144.705476_scanAz_slow.dat,30.8812
results2411/20241104S022145.662444E022647.105952_scanAz_slow.dat,38.1973
results2411/20241104S022648.068991E023149.510209_scanAz_slow.dat,45.5765
results2411/20241104S023150.473835E023651.914110_scanAz_slow.dat,52.8070
results2411/20241104S023652.877132E024154.317830_scanAz_slow.dat,59.9862
results2411/20241104S024155.280904E024656.725696_scanAz_slow.dat,67.3961
results2411/20241104S024657.682635E025159.126320_scanAz_slow.dat,74.1438
results2411/20241104S025200.089399E025635.609939_scanAz_slow.dat,81.5554
read results2411/20241104_030134_scanAz_slow.txt,0.0082
results2411/20241104S030135.771755E030637.345932_scanAz_slow.dat,8.0859
results2411/20241104S030638.308477E031139.748630_scanAz_slow.dat,15.7799
results2411/20241104S031140.711451E031642.153319_scanAz_slow.dat,23.7374
results2411/20241104S031643.116903E032144.557723_scanAz_slow.dat,30.3135
results2411/20241104S032145.521350E032646.964894_scanAz_slow.dat,37.9268
results2411/20241104S032647.922167E033149.364947_scanAz_slow.dat,45.2054
results2411/20241104S033150.325564E033651.769570_scanAz_slow.dat,52.7350
results2411/20241104S033652.732620E034154.174867_scanAz_slow.dat,60.5479
results2411/20241104S034155.132185E034656.578030_scanAz_slow.dat,67.5634
results2411/20241104S034657.535224E035158.984080_scanAz_slow.dat,74.8094
results2411/20241104S035159.941374E035635.463359_scanAz_slow.dat,82.7911
read results2411/20241104_050134_scanAz_slow.txt,0.0102
results2411/20241104S050135.606105E050637.152256_scanAz_slow.dat,7.7060
results2411/20241104S050638.112453E051139.557231_scanAz_slow.dat,15.1150
results2411/20241104S051140.517907E051641.958054_scanAz_slow.dat,22.8265
results2411/20241104S051642.920151E052144.365140_scanAz_slow.dat,30.7767
results2411/20241104S052145.321786E052646.764918_scanAz_slow.dat,38.5514
results2411/20241104S052647.727703E053149.173630_scanAz_slow.dat,45.9341
results2411/20241104S053150.130512E053651.576389_scanAz_slow.dat,53.0542
results2411/20241104S053652.533292E054153.980188_scanAz_slow.dat,60.7243
results2411/20241104S054154.941599E054656.384759_scanAz_slow.dat,68.6365
results2411/20241104S054657.341441E055158.787790_scanAz_slow.dat,76.5671
results2411/20241104S055159.749327E055635.269081_scanAz_slow.dat,83.9357
read results2411/20241104_060135_scanAz_slow.txt,0.0081
results2411/20241104S060136.382229E060637.918468_scanAz_slow.dat,7.4490
results2411/20241104S060638.879007E061140.320052_scanAz_slow.dat,14.9912
results2411/20241104S061141.282328E061642.725084_scanAz_slow.dat,22.6413
results2411/20241104S061643.687158E062145.131219_scanAz_slow.dat,29.4745
results2411/20241104S062146.088828E062647.532603_scanAz_slow.dat,36.8623
results2411/20241104S062648.495321E063149.935627_scanAz_slow.dat,43.8498
results2411/20241104S063150.897727E063652.338913_scanAz_slow.dat,50.8425
results2411/20241104S063653.301357E064154.745823_scanAz_slow.dat,57.7079
results2411/20241104S064155.707389E064657.151313_scanAz_slow.dat,64.2088
results2411/20241104S064658.107557E065159.554756_scanAz_slow.dat,71.3281
results2411/20241104S065200.511605E065636.033476_scanAz_slow.dat,78.0554
read results2411/20241104_070135_scanAz_slow.txt,0.0082
results2411/20241104S070136.190034E070637.725177_scanAz_slow.dat,7.1218
results2411/20241104S070638.685102E071140.129343_scanAz_slow.dat,14.8377
results2411/20241104S071141.090430E071642.533743_scanAz_slow.dat,22.2210
results2411/20241104S071643.489480E072144.937551_scanAz_slow.dat,29.7022
results2411/20241104S072145.894224E072647.340357_scanAz_slow.dat,37.5165
results2411/20241104S072648.297875E073149.743015_scanAz_slow.dat,44.8982
results2411/20241104S073150.704832E073652.145340_scanAz_slow.dat,52.2707
results2411/20241104S073653.107488E074154.554192_scanAz_slow.dat,59.0662
results2411/20241104S074155.510806E074656.956881_scanAz_slow.dat,66.5476
results2411/20241104S074657.913001E075159.357674_scanAz_slow.dat,73.9724
results2411/20241104S075200.319536E075635.839490_scanAz_slow.dat,81.7734
read results2411/20241104_090134_scanAz_slow.txt,0.0088
results2411/20241104S090136.030484E090637.579757_scanAz_slow.dat,7.2281
results2411/20241104S090638.535765E091139.982408_scanAz_slow.dat,14.8250
results2411/20241104S091140.938691E091642.385053_scanAz_slow.dat,22.9838
results2411/20241104S091643.342025E092144.791800_scanAz_slow.dat,30.5042
results2411/20241104S092145.748958E092647.191389_scanAz_slow.dat,38.0457
results2411/20241104S092648.154671E093149.595746_scanAz_slow.dat,45.5646
results2411/20241104S093150.558667E093652.001309_scanAz_slow.dat,53.8496
results2411/20241104S093652.959156E094154.402205_scanAz_slow.dat,61.5635
results2411/20241104S094155.364896E094656.811108_scanAz_slow.dat,68.8351
results2411/20241104S094657.768911E095159.210210_scanAz_slow.dat,76.9129
results2411/20241104S095200.174488E095635.695665_scanAz_slow.dat,83.9294
read results2411/20241104_100134_scanAz_slow.txt,0.0089
results2411/20241104S100135.850257E100637.385716_scanAz_slow.dat,7.7720
results2411/20241104S100638.341468E101139.785830_scanAz_slow.dat,15.2777
results2411/20241104S101140.748233E101642.192746_scanAz_slow.dat,22.5661
results2411/20241104S101643.149675E102144.597484_scanAz_slow.dat,30.7793
results2411/20241104S102145.557209E102647.002156_scanAz_slow.dat,37.5943
results2411/20241104S102647.960601E103149.400576_scanAz_slow.dat,45.4664
results2411/20241104S103150.363772E103651.805100_scanAz_slow.dat,52.8140
results2411/20241104S103652.768313E104154.212482_scanAz_slow.dat,59.4287
results2411/20241104S104155.170867E104656.615479_scanAz_slow.dat,66.7462
results2411/20241104S104657.573150E105159.018686_scanAz_slow.dat,74.2694
results2411/20241104S105159.981303E105635.500418_scanAz_slow.dat,81.7414
read results2411/20241104_110134_scanAz_slow.txt,0.0108
results2411/20241104S110135.652234E110637.188852_scanAz_slow.dat,6.6124
results2411/20241104S110638.150976E111139.593972_scanAz_slow.dat,13.7885
results2411/20241104S111140.557079E111641.998076_scanAz_slow.dat,21.4390
results2411/20241104S111642.955674E112144.403656_scanAz_slow.dat,28.6672
results2411/20241104S112145.361131E112646.807844_scanAz_slow.dat,36.3354
results2411/20241104S112647.765093E113149.207708_scanAz_slow.dat,42.8560
results2411/20241104S113150.171887E113651.614202_scanAz_slow.dat,49.6520
results2411/20241104S113652.571133E114154.019549_scanAz_slow.dat,56.1637
results2411/20241104S114154.976732E114656.423225_scanAz_slow.dat,63.3381
results2411/20241104S114657.380186E115158.825798_scanAz_slow.dat,71.2578
results2411/20241104S115159.788554E115635.306319_scanAz_slow.dat,78.3696
read results2411/20241104_130135_scanAz_slow.txt,0.0099
results2411/20241104S130136.504936E130638.050729_scanAz_slow.dat,8.1417
results2411/20241104S130639.010678E131140.456080_scanAz_slow.dat,15.4944
results2411/20241104S131141.417404E131642.861413_scanAz_slow.dat,23.5746
results2411/20241104S131643.818271E132145.262241_scanAz_slow.dat,31.4166
results2411/20241104S132146.224924E132647.665468_scanAz_slow.dat,39.3991
results2411/20241104S132648.627234E133150.073795_scanAz_slow.dat,46.5627
results2411/20241104S133151.030066E133652.476662_scanAz_slow.dat,54.3753
results2411/20241104S133653.432718E134154.878776_scanAz_slow.dat,61.9280
results2411/20241104S134155.840964E134657.281996_scanAz_slow.dat,69.5971
results2411/20241104S134658.243785E135159.684990_scanAz_slow.dat,77.0072
results2411/20241104S135200.646468E135636.168978_scanAz_slow.dat,84.8515
read results2411/20241104_140135_scanAz_slow.txt,0.0104
results2411/20241104S140136.359597E140637.908746_scanAz_slow.dat,7.6202
results2411/20241104S140638.863217E141140.312722_scanAz_slow.dat,14.8839
results2411/20241104S141141.268286E141642.714248_scanAz_slow.dat,22.5206
results2411/20241104S141643.676074E142145.119380_scanAz_slow.dat,30.1597
results2411/20241104S142146.075764E142647.522784_scanAz_slow.dat,38.4471
results2411/20241104S142648.478785E143149.924854_scanAz_slow.dat,45.8610
results2411/20241104S143150.886721E143652.331083_scanAz_slow.dat,52.4630
results2411/20241104S143653.287482E144154.733709_scanAz_slow.dat,59.8416
results2411/20241104S144155.695193E144657.138688_scanAz_slow.dat,66.2324
results2411/20241104S144658.096597E145159.541497_scanAz_slow.dat,74.1648
results2411/20241104S145200.502803E145636.023232_scanAz_slow.dat,81.6995
read results2411/20241104_150135_scanAz_slow.txt,0.0088
results2411/20241104S150136.166998E150637.711186_scanAz_slow.dat,7.7105
results2411/20241104S150638.671419E151140.116142_scanAz_slow.dat,14.7395
results2411/20241104S151141.077481E151642.522142_scanAz_slow.dat,22.3275
results2411/20241104S151643.479372E152144.925164_scanAz_slow.dat,29.3396
results2411/20241104S152145.886636E152647.328132_scanAz_slow.dat,36.6978
results2411/20241104S152648.290255E153149.729650_scanAz_slow.dat,43.9814
results2411/20241104S153150.691815E153652.132751_scanAz_slow.dat,51.4683
results2411/20241104S153653.095562E154154.541281_scanAz_slow.dat,58.9031
results2411/20241104S154155.498004E154656.941969_scanAz_slow.dat,65.7664
results2411/20241104S154657.904055E155159.343404_scanAz_slow.dat,73.6370
results2411/20241104S155200.305147E155635.827890_scanAz_slow.dat,81.2314
read results2411/20241104_170134_scanAz_slow.txt,0.0092
results2411/20241104S170135.992022E170637.562121_scanAz_slow.dat,7.5956
results2411/20241104S170638.525919E171139.970123_scanAz_slow.dat,14.9419
results2411/20241104S171140.926789E171642.372285_scanAz_slow.dat,22.1147
results2411/20241104S171643.335004E172144.778747_scanAz_slow.dat,29.7694
results2411/20241104S172145.737868E172647.178697_scanAz_slow.dat,36.7372
results2411/20241104S172648.142951E173149.585132_scanAz_slow.dat,44.8561
results2411/20241104S173150.542082E173651.988470_scanAz_slow.dat,52.7359
results2411/20241104S173652.951212E174154.390821_scanAz_slow.dat,60.0971
results2411/20241104S174155.354103E174656.798361_scanAz_slow.dat,67.2650
results2411/20241104S174657.756836E175159.198928_scanAz_slow.dat,74.9903
results2411/20241104S175200.156793E175635.680303_scanAz_slow.dat,83.1237
read results2411/20241104_180134_scanAz_slow.txt,0.0086
results2411/20241104S180135.777814E180637.325309_scanAz_slow.dat,7.8983
results2411/20241104S180638.281026E181139.728616_scanAz_slow.dat,15.6363
results2411/20241104S181140.686132E181642.130672_scanAz_slow.dat,23.8073
results2411/20241104S181643.093729E182144.534451_scanAz_slow.dat,31.0097
results2411/20241104S182145.497216E182646.939629_scanAz_slow.dat,38.6260
results2411/20241104S182647.896453E183149.340301_scanAz_slow.dat,45.8405
results2411/20241104S183150.304194E183651.748871_scanAz_slow.dat,53.6471
results2411/20241104S183652.706436E184154.151999_scanAz_slow.dat,61.5175
results2411/20241104S184155.108970E184656.552301_scanAz_slow.dat,68.8378
results2411/20241104S184657.516536E185158.960292_scanAz_slow.dat,76.3355
results2411/20241104S185159.917252E185635.440280_scanAz_slow.dat,84.0792
read results2411/20241104_190135_scanAz_slow.txt,0.0100
results2411/20241104S190136.592187E190638.138278_scanAz_slow.dat,6.9231
results2411/20241104S190639.099589E191140.541551_scanAz_slow.dat,14.5106
results2411/20241104S191141.503998E191642.947298_scanAz_slow.dat,21.8475
results2411/20241104S191643.906363E192145.351215_scanAz_slow.dat,29.3383
results2411/20241104S192146.308422E192647.752882_scanAz_slow.dat,36.8289
results2411/20241104S192648.710655E193150.155495_scanAz_slow.dat,43.1242
results2411/20241104S193151.119447E193652.562202_scanAz_slow.dat,50.7009
results2411/20241104S193653.519487E194154.964298_scanAz_slow.dat,57.8401
results2411/20241104S194155.927292E194657.367427_scanAz_slow.dat,65.6811
results2411/20241104S194658.330718E195159.775144_scanAz_slow.dat,73.5971
results2411/20241104S195200.734550E195636.253534_scanAz_slow.dat,81.4326
read results2411/20241104_210135_scanAz_slow.txt,0.0093
results2411/20241104S210136.396906E210637.943149_scanAz_slow.dat,7.2765
results2411/20241104S210638.904318E211140.348963_scanAz_slow.dat,15.1297
results2411/20241104S211141.304520E211642.753137_scanAz_slow.dat,22.9779
results2411/20241104S211643.709165E212145.155795_scanAz_slow.dat,30.0728
results2411/20241104S212146.117370E212647.561359_scanAz_slow.dat,37.3548
results2411/20241104S212648.517705E213149.964950_scanAz_slow.dat,44.6092
results2411/20241104S213150.921603E213652.365702_scanAz_slow.dat,52.2017
results2411/20241104S213653.327532E214154.768764_scanAz_slow.dat,59.3722
results2411/20241104S214155.731252E214657.176357_scanAz_slow.dat,66.9686
results2411/20241104S214658.132371E215159.580160_scanAz_slow.dat,74.3449
results2411/20241104S215200.536292E215636.061586_scanAz_slow.dat,81.6959
read results2411/20241104_220135_scanAz_slow.txt,0.0074
results2411/20241104S220136.204160E220637.748309_scanAz_slow.dat,8.2306
results2411/20241104S220638.708273E221140.154389_scanAz_slow.dat,15.7080
results2411/20241104S221141.115457E221642.555468_scanAz_slow.dat,23.2863
results2411/20241104S221643.516927E222144.960553_scanAz_slow.dat,30.5770
results2411/20241104S222145.922402E222647.363294_scanAz_slow.dat,38.2198
results2411/20241104S222648.326253E223149.771291_scanAz_slow.dat,46.0274
results2411/20241104S223150.728861E223652.170342_scanAz_slow.dat,53.3857
results2411/20241104S223653.132127E224154.578698_scanAz_slow.dat,60.0151
results2411/20241104S224155.534805E224656.982627_scanAz_slow.dat,67.9437
results2411/20241104S224657.938221E225159.386730_scanAz_slow.dat,75.4597
results2411/20241104S225200.342969E225635.865083_scanAz_slow.dat,83.2599
read results2411/20241105_010134_scanAz_slow.txt,0.0083
results2411/20241105S010135.911074E010637.458867_scanAz_slow.dat,7.2624
results2411/20241105S010638.414876E011139.859211_scanAz_slow.dat,14.8500
results2411/20241105S011140.821976E011642.262662_scanAz_slow.dat,22.0567
results2411/20241105S011643.225931E012144.671225_scanAz_slow.dat,29.2930
results2411/20241105S012145.629071E012647.073892_scanAz_slow.dat,37.3717
results2411/20241105S012648.031145E013149.474201_scanAz_slow.dat,45.6722
results2411/20241105S013150.437186E013651.880068_scanAz_slow.dat,53.1075
results2411/20241105S013652.843027E014154.284999_scanAz_slow.dat,61.0995
results2411/20241105S014155.241924E014656.685286_scanAz_slow.dat,68.1227
results2411/20241105S014657.648936E015159.092135_scanAz_slow.dat,75.2250
results2411/20241105S015200.049087E015635.573184_scanAz_slow.dat,82.9639
read results2411/20241105_020134_scanAz_slow.txt,0.0084
results2411/20241105S020135.717886E020637.260029_scanAz_slow.dat,7.4890
results2411/20241105S020638.221510E021139.668508_scanAz_slow.dat,15.3539
results2411/20241105S021140.625043E021642.072111_scanAz_slow.dat,22.8552
results2411/20241105S021643.030372E022144.475190_scanAz_slow.dat,30.2599
results2411/20241105S022145.432281E022646.876730_scanAz_slow.dat,38.0149
results2411/20241105S022647.840736E023149.283862_scanAz_slow.dat,45.7548
results2411/20241105S023150.241260E023651.685795_scanAz_slow.dat,53.6787
results2411/20241105S023652.648953E024154.091416_scanAz_slow.dat,61.3914
results2411/20241105S024155.048882E024656.491951_scanAz_slow.dat,69.2153
results2411/20241105S024657.455319E025158.897694_scanAz_slow.dat,76.3074
results2411/20241105S025159.854655E025635.380034_scanAz_slow.dat,83.9264
read results2411/20241105_030135_scanAz_slow.txt,0.0081
results2411/20241105S030136.531870E030638.077343_scanAz_slow.dat,7.9508
results2411/20241105S030639.038790E031140.479322_scanAz_slow.dat,15.9450
results2411/20241105S031141.442359E031642.883098_scanAz_slow.dat,23.3318
results2411/20241105S031643.846475E032145.290029_scanAz_slow.dat,30.1814
results2411/20241105S032146.247012E032647.692405_scanAz_slow.dat,36.6109
results2411/20241105S032648.649983E033150.099211_scanAz_slow.dat,43.9720
results2411/20241105S033151.058240E033652.498649_scanAz_slow.dat,50.6782
results2411/20241105S033653.462234E034154.906069_scanAz_slow.dat,57.7533
results2411/20241105S034155.862552E034657.309742_scanAz_slow.dat,65.6410
results2411/20241105S034658.266682E035159.711113_scanAz_slow.dat,72.8815
results2411/20241105S035200.674466E035636.194100_scanAz_slow.dat,80.7879
read results2411/20241105_050135_scanAz_slow.txt,0.0091
results2411/20241105S050136.335769E050637.880404_scanAz_slow.dat,7.6289
results2411/20241105S050638.842068E051140.283449_scanAz_slow.dat,15.1332
results2411/20241105S051141.245946E051642.691288_scanAz_slow.dat,22.4757
results2411/20241105S051643.652819E052145.095391_scanAz_slow.dat,29.5276
results2411/20241105S052146.051700E052647.495520_scanAz_slow.dat,35.7978
results2411/20241105S052648.458409E053149.903511_scanAz_slow.dat,42.1691
results2411/20241105S053150.860398E053652.305166_scanAz_slow.dat,48.7455
results2411/20241105S053653.267353E054154.711174_scanAz_slow.dat,55.7103
results2411/20241105S054155.667503E054657.115551_scanAz_slow.dat,62.2998
results2411/20241105S054658.071523E055159.516149_scanAz_slow.dat,70.0472
results2411/20241105S055200.478645E055635.999341_scanAz_slow.dat,77.3158
read results2411/20241105_060135_scanAz_slow.txt,0.0088
results2411/20241105S060136.150408E060637.738300_scanAz_slow.dat,6.9062
results2411/20241105S060638.698491E061140.143008_scanAz_slow.dat,14.6854
results2411/20241105S061141.098550E061642.547441_scanAz_slow.dat,22.6075
results2411/20241105S061643.504176E062144.948036_scanAz_slow.dat,29.3953
results2411/20241105S062145.910562E062647.354244_scanAz_slow.dat,36.9570
results2411/20241105S062648.310917E063149.754420_scanAz_slow.dat,43.9554
results2411/20241105S063150.716695E063652.158903_scanAz_slow.dat,51.4331
results2411/20241105S063653.121486E064154.562773_scanAz_slow.dat,58.1075
results2411/20241105S064155.525222E064656.968362_scanAz_slow.dat,64.6497
results2411/20241105S064657.930898E065159.373827_scanAz_slow.dat,72.1330
results2411/20241105S065200.330582E065635.856045_scanAz_slow.dat,80.0949
read results2411/20241105_070134_scanAz_slow.txt,0.0094
results2411/20241105S070135.950615E070637.495426_scanAz_slow.dat,7.2477
results2411/20241105S070638.457132E071139.897144_scanAz_slow.dat,14.7942
results2411/20241105S071140.858813E071642.303915_scanAz_slow.dat,21.5209
results2411/20241105S071643.265329E072144.706798_scanAz_slow.dat,29.0652
results2411/20241105S072145.668943E072647.112920_scanAz_slow.dat,36.0573
results2411/20241105S072648.069023E073149.518132_scanAz_slow.dat,43.6689
results2411/20241105S073150.474207E073651.916539_scanAz_slow.dat,51.7257
results2411/20241105S073652.880799E074154.323959_scanAz_slow.dat,59.2662
results2411/20241105S074155.280630E074656.727676_scanAz_slow.dat,66.6264
results2411/20241105S074657.689207E075159.132670_scanAz_slow.dat,74.1557
results2411/20241105S075200.089043E075635.613363_scanAz_slow.dat,81.8915
read results2411/20241105_090134_scanAz_slow.txt,0.0077
results2411/20241105S090135.804715E090637.350088_scanAz_slow.dat,7.8124
results2411/20241105S090638.311239E091139.753664_scanAz_slow.dat,15.5941
results2411/20241105S091140.715819E091642.154308_scanAz_slow.dat,22.7293
results2411/20241105S091643.117620E092144.561570_scanAz_slow.dat,30.5372
results2411/20241105S092145.518474E092646.962223_scanAz_slow.dat,38.2082
results2411/20241105S092647.925607E093149.366456_scanAz_slow.dat,46.1003
results2411/20241105S093150.330649E093651.773230_scanAz_slow.dat,53.3302
results2411/20241105S093652.730201E094154.177870_scanAz_slow.dat,60.8755
results2411/20241105S094155.135054E094656.577761_scanAz_slow.dat,68.8389
results2411/20241105S094657.540760E095158.982121_scanAz_slow.dat,76.2937
results2411/20241105S095159.945447E095635.466553_scanAz_slow.dat,83.9957
read results2411/20241105_100134_scanAz_slow.txt,0.0081
results2411/20241105S100135.618712E100637.156981_scanAz_slow.dat,7.3171
results2411/20241105S100638.112731E101139.556986_scanAz_slow.dat,14.5390
results2411/20241105S101140.519776E101641.965111_scanAz_slow.dat,22.1079
results2411/20241105S101642.922989E102144.365533_scanAz_slow.dat,29.0722
results2411/20241105S102145.328904E102646.773175_scanAz_slow.dat,36.0294
results2411/20241105S102647.732648E103149.177132_scanAz_slow.dat,43.5874
results2411/20241105S103150.135537E103651.576381_scanAz_slow.dat,51.2531
results2411/20241105S103652.539435E104153.984960_scanAz_slow.dat,59.0728
results2411/20241105S104154.942863E104656.387970_scanAz_slow.dat,66.7086
results2411/20241105S104657.346392E105158.789170_scanAz_slow.dat,73.8622
results2411/20241105S105159.752526E105635.272467_scanAz_slow.dat,81.3327
read results2411/20241105_110135_scanAz_slow.txt,0.0085
results2411/20241105S110136.424936E110637.967906_scanAz_slow.dat,7.3015
results2411/20241105S110638.929422E111140.373103_scanAz_slow.dat,15.2080
results2411/20241105S111141.335317E111642.779688_scanAz_slow.dat,22.2358
results2411/20241105S111643.736918E112145.180197_scanAz_slow.dat,29.0106
results2411/20241105S112146.138958E112647.584254_scanAz_slow.dat,36.9809
results2411/20241105S112648.548165E113149.989019_scanAz_slow.dat,44.0692
results2411/20241105S113150.952042E113652.391101_scanAz_slow.dat,51.9123
results2411/20241105S113653.355367E114154.800194_scanAz_slow.dat,58.9979
results2411/20241105S114155.759235E114657.203448_scanAz_slow.dat,66.2600
results2411/20241105S114658.163043E115159.603235_scanAz_slow.dat,74.0942
results2411/20241105S115200.567520E115636.086564_scanAz_slow.dat,81.5639
read results2411/20241105_130135_scanAz_slow.txt,0.0082
results2411/20241105S130136.276321E130637.821230_scanAz_slow.dat,7.3368
results2411/20241105S130638.784366E131140.224878_scanAz_slow.dat,14.8208
results2411/20241105S131141.188043E131642.631841_scanAz_slow.dat,22.6469
results2411/20241105S131643.593295E132145.031525_scanAz_slow.dat,30.3518
results2411/20241105S132145.993271E132647.438917_scanAz_slow.dat,37.7514
results2411/20241105S132648.401005E133149.839880_scanAz_slow.dat,45.7627
results2411/20241105S133150.803529E133652.248300_scanAz_slow.dat,53.5091
results2411/20241105S133653.205843E134154.647920_scanAz_slow.dat,60.5576
results2411/20241105S134155.610210E134657.052387_scanAz_slow.dat,67.9439
results2411/20241105S134658.014246E135159.454855_scanAz_slow.dat,75.0332
results2411/20241105S135200.417350E135635.938027_scanAz_slow.dat,82.3418
read results2411/20241105_140135_scanAz_slow.txt,0.0085
results2411/20241105S140136.101364E140637.675980_scanAz_slow.dat,7.9121
results2411/20241105S140638.636856E141140.078873_scanAz_slow.dat,15.4403
results2411/20241105S141141.040130E141642.483690_scanAz_slow.dat,22.6959
results2411/20241105S141643.445515E142144.887386_scanAz_slow.dat,29.7005
results2411/20241105S142145.849113E142647.294046_scanAz_slow.dat,36.9926
results2411/20241105S142648.250646E143149.697593_scanAz_slow.dat,44.3262
results2411/20241105S143150.654512E143652.098534_scanAz_slow.dat,52.0789
results2411/20241105S143653.061570E144154.503853_scanAz_slow.dat,59.1149
results2411/20241105S144155.465390E144656.910238_scanAz_slow.dat,66.7821
results2411/20241105S144657.868087E145159.309159_scanAz_slow.dat,73.8852
results2411/20241105S145200.271099E145635.793832_scanAz_slow.dat,81.2983
read results2411/20241105_150134_scanAz_slow.txt,0.0082
results2411/20241105S150135.899850E150637.434547_scanAz_slow.dat,7.6729
results2411/20241105S150638.394739E151139.840302_scanAz_slow.dat,14.5879
results2411/20241105S151140.795593E151642.242382_scanAz_slow.dat,22.0049
results2411/20241105S151643.204225E152144.647488_scanAz_slow.dat,29.0428
results2411/20241105S152145.608842E152647.047928_scanAz_slow.dat,36.4014
results2411/20241105S152648.010076E153149.452806_scanAz_slow.dat,43.3397
results2411/20241105S153150.415024E153651.860190_scanAz_slow.dat,51.2767
results2411/20241105S153652.818092E154154.262393_scanAz_slow.dat,58.5453
results2411/20241105S154155.224029E154656.667526_scanAz_slow.dat,65.7633
results2411/20241105S154657.624146E155159.070860_scanAz_slow.dat,73.0391
results2411/20241105S155200.027321E155635.549947_scanAz_slow.dat,79.9089
read results2411/20241105_170134_scanAz_slow.txt,0.0081
results2411/20241105S170135.740430E170637.287755_scanAz_slow.dat,6.8591
results2411/20241105S170638.244080E171139.692102_scanAz_slow.dat,14.0885
results2411/20241105S171140.649988E171642.091732_scanAz_slow.dat,21.9944
results2411/20241105S171643.055918E172144.499786_scanAz_slow.dat,30.4716
results2411/20241105S172145.457057E172646.904438_scanAz_slow.dat,38.6468
results2411/20241105S172647.863201E173149.308207_scanAz_slow.dat,46.1133
results2411/20241105S173150.266618E173651.712086_scanAz_slow.dat,53.5115
results2411/20241105S173652.669909E174154.113746_scanAz_slow.dat,60.5359
results2411/20241105S174155.076430E174656.516889_scanAz_slow.dat,67.8389
results2411/20241105S174657.479940E175158.922654_scanAz_slow.dat,75.0127
results2411/20241105S175159.879646E175635.403910_scanAz_slow.dat,82.7440
read results2411/20241105_180135_scanAz_slow.txt,0.0224
results2411/20241105S180136.554131E180638.100241_scanAz_slow.dat,7.6233
results2411/20241105S180639.062275E181140.504251_scanAz_slow.dat,15.0191
results2411/20241105S181141.466100E181642.908392_scanAz_slow.dat,22.1726
results2411/20241105S181643.865808E182145.313880_scanAz_slow.dat,29.1189
results2411/20241105S182146.271878E182647.715862_scanAz_slow.dat,36.2941
results2411/20241105S182648.674058E183150.121444_scanAz_slow.dat,43.7140
results2411/20241105S183151.078873E183652.524525_scanAz_slow.dat,51.5871
results2411/20241105S183653.481741E184154.927080_scanAz_slow.dat,59.1526
results2411/20241105S184155.890074E184657.330836_scanAz_slow.dat,66.4940
results2411/20241105S184658.288685E185159.738090_scanAz_slow.dat,74.2340
results2411/20241105S185200.696836E185636.215564_scanAz_slow.dat,82.2541
read results2411/20241105_190135_scanAz_slow.txt,0.0130
results2411/20241105S190136.407840E190637.952187_scanAz_slow.dat,7.4311
results2411/20241105S190638.914973E191140.360145_scanAz_slow.dat,14.2560
results2411/20241105S191141.316153E191642.760666_scanAz_slow.dat,21.4150
results2411/20241105S191643.720075E192145.163894_scanAz_slow.dat,28.6186
results2411/20241105S192146.127103E192647.572195_scanAz_slow.dat,36.1952
results2411/20241105S192648.529129E193149.973392_scanAz_slow.dat,43.4224
results2411/20241105S193150.932147E193652.377381_scanAz_slow.dat,51.0171
results2411/20241105S193653.336165E194154.784379_scanAz_slow.dat,58.2077
results2411/20241105S194155.741324E194657.184036_scanAz_slow.dat,65.7818
results2411/20241105S194658.147701E195159.588282_scanAz_slow.dat,72.6792
results2411/20241105S195200.547408E195636.072524_scanAz_slow.dat,80.3010
read results2411/20241105_210135_scanAz_slow.txt,0.0072
results2411/20241105S210136.179829E210637.713165_scanAz_slow.dat,7.1216
results2411/20241105S210638.672992E211140.115995_scanAz_slow.dat,14.3574
results2411/20241105S211141.076649E211642.520025_scanAz_slow.dat,22.3952
results2411/20241105S211643.481529E212144.921067_scanAz_slow.dat,30.1704
results2411/20241105S212145.883760E212647.329562_scanAz_slow.dat,36.3977
results2411/20241105S212648.286489E213149.728735_scanAz_slow.dat,43.3765
results2411/20241105S213150.690934E213652.137463_scanAz_slow.dat,50.5604
results2411/20241105S213653.095219E214154.541266_scanAz_slow.dat,56.8750
results2411/20241105S214155.498256E214656.943980_scanAz_slow.dat,62.9303
results2411/20241105S214657.905764E215159.344137_scanAz_slow.dat,69.7436
results2411/20241105S215200.306971E215635.827876_scanAz_slow.dat,77.3689
read results2411/20241105_220134_scanAz_slow.txt,0.0091
results2411/20241105S220135.938749E220637.470848_scanAz_slow.dat,7.1668
results2411/20241105S220638.430710E221139.876139_scanAz_slow.dat,14.3701
results2411/20241105S221140.831704E221642.278700_scanAz_slow.dat,21.7612
results2411/20241105S221643.240113E222144.682783_scanAz_slow.dat,29.1001
results2411/20241105S222145.638447E222647.086251_scanAz_slow.dat,36.7316
results2411/20241105S222648.047751E223149.486226_scanAz_slow.dat,43.8734
results2411/20241105S223150.449670E223651.893641_scanAz_slow.dat,51.6161
results2411/20241105S223652.850432E224154.296469_scanAz_slow.dat,58.2057
results2411/20241105S224155.258475E224656.703138_scanAz_slow.dat,65.4043
results2411/20241105S224657.658941E225159.107398_scanAz_slow.dat,73.4193
results2411/20241105S225200.064590E225635.586344_scanAz_slow.dat,80.3474
read results2411/20241106_010135_scanAz_slow.txt,0.0089
results2411/20241106S010136.637433E010638.185066_scanAz_slow.dat,6.1910
results2411/20241106S010639.141647E011140.585589_scanAz_slow.dat,12.9962
results2411/20241106S011141.548102E011642.991608_scanAz_slow.dat,20.6471
results2411/20241106S011643.948555E012145.395471_scanAz_slow.dat,27.7674
results2411/20241106S012146.352313E012647.796721_scanAz_slow.dat,35.6784
results2411/20241106S012648.759993E013150.205402_scanAz_slow.dat,43.4557
results2411/20241106S013151.162930E013652.604087_scanAz_slow.dat,51.2641
results2411/20241106S013653.567423E014155.007216_scanAz_slow.dat,59.2030
results2411/20241106S014155.970620E014657.411650_scanAz_slow.dat,66.5413
results2411/20241106S014658.374615E015159.818211_scanAz_slow.dat,73.8023
results2411/20241106S015200.775190E015636.300087_scanAz_slow.dat,81.8300
read results2411/20241106_020135_scanAz_slow.txt,0.0098
results2411/20241106S020136.443653E020637.986309_scanAz_slow.dat,6.6087
results2411/20241106S020638.948746E021140.391737_scanAz_slow.dat,13.9293
results2411/20241106S021141.355052E021642.796075_scanAz_slow.dat,20.9799
results2411/20241106S021643.759394E022145.199998_scanAz_slow.dat,28.2303
results2411/20241106S022146.163776E022647.607189_scanAz_slow.dat,35.8242
results2411/20241106S022648.565439E023150.006565_scanAz_slow.dat,43.8504
results2411/20241106S023150.970979E023652.412329_scanAz_slow.dat,51.0188
results2411/20241106S023653.375520E024154.818592_scanAz_slow.dat,58.5947
results2411/20241106S024155.776032E024657.218679_scanAz_slow.dat,66.5354
results2411/20241106S024658.182201E025159.624099_scanAz_slow.dat,74.5191
results2411/20241106S025200.587114E025636.105916_scanAz_slow.dat,82.2439
read results2411/20241106_030135_scanAz_slow.txt,0.0062
results2411/20241106S030136.208998E030637.749278_scanAz_slow.dat,7.4175
results2411/20241106S030638.705015E031140.152442_scanAz_slow.dat,15.3265
results2411/20241106S031141.114298E031642.555034_scanAz_slow.dat,22.8331
results2411/20241106S031643.517737E032144.961028_scanAz_slow.dat,29.7600
results2411/20241106S032145.919798E032647.364101_scanAz_slow.dat,37.0931
results2411/20241106S032648.321926E033149.770344_scanAz_slow.dat,44.9822
results2411/20241106S033150.727950E033652.168802_scanAz_slow.dat,52.5623
results2411/20241106S033653.132474E034154.575642_scanAz_slow.dat,61.0160
results2411/20241106S034155.532580E034656.978845_scanAz_slow.dat,68.8258
results2411/20241106S034657.941781E035159.380652_scanAz_slow.dat,76.4917
results2411/20241106S035200.344106E035635.865553_scanAz_slow.dat,84.1270
read results2411/20241106_050134_scanAz_slow.txt,0.0065
results2411/20241106S050135.978214E050637.551610_scanAz_slow.dat,7.5384
results2411/20241106S050638.512112E051139.955390_scanAz_slow.dat,15.4012
results2411/20241106S051140.916689E051642.357880_scanAz_slow.dat,22.9288
results2411/20241106S051643.320633E052144.761175_scanAz_slow.dat,30.5669
results2411/20241106S052145.723921E052647.167677_scanAz_slow.dat,37.7471
results2411/20241106S052648.129455E053149.572527_scanAz_slow.dat,45.2661
results2411/20241106S053150.534056E053651.975480_scanAz_slow.dat,52.3309
results2411/20241106S053652.933490E054154.377889_scanAz_slow.dat,59.7880
results2411/20241106S054155.340065E054656.782057_scanAz_slow.dat,67.6976
results2411/20241106S054657.744164E055159.186766_scanAz_slow.dat,75.6517
results2411/20241106S055200.148637E055635.667844_scanAz_slow.dat,83.2148
read results2411/20241106_060134_scanAz_slow.txt,0.0083
results2411/20241106S060135.767442E060637.306444_scanAz_slow.dat,7.7911
results2411/20241106S060638.266390E061139.713019_scanAz_slow.dat,15.4197
results2411/20241106S061140.673993E061642.114629_scanAz_slow.dat,22.9879
results2411/20241106S061643.076125E062144.518226_scanAz_slow.dat,29.9427
results2411/20241106S062145.480030E062646.924972_scanAz_slow.dat,37.3514
results2411/20241106S062647.881376E063149.329862_scanAz_slow.dat,44.4281
results2411/20241106S063150.286074E063651.733657_scanAz_slow.dat,52.2485
results2411/20241106S063652.696347E064154.137505_scanAz_slow.dat,58.8466
results2411/20241106S064155.094014E064656.537514_scanAz_slow.dat,65.7589
results2411/20241106S064657.501057E065158.942235_scanAz_slow.dat,72.5559
results2411/20241106S065159.904402E065635.425765_scanAz_slow.dat,79.6388
read results2411/20241106_070135_scanAz_slow.txt,0.0083
results2411/20241106S070136.575859E070638.122004_scanAz_slow.dat,7.2642
results2411/20241106S070639.081886E071140.528968_scanAz_slow.dat,15.1091
results2411/20241106S071141.484227E071642.933318_scanAz_slow.dat,23.0806
results2411/20241106S071643.888941E072145.333098_scanAz_slow.dat,29.5991
results2411/20241106S072146.295331E072647.736224_scanAz_slow.dat,36.4893
results2411/20241106S072648.697700E073150.141367_scanAz_slow.dat,44.3146
results2411/20241106S073151.104424E073652.548254_scanAz_slow.dat,51.4474
results2411/20241106S073653.503877E074154.950577_scanAz_slow.dat,59.5322
results2411/20241106S074155.912750E074657.353192_scanAz_slow.dat,66.3850
results2411/20241106S074658.315370E075159.758417_scanAz_slow.dat,73.4023
results2411/20241106S075200.720264E075636.240577_scanAz_slow.dat,80.5537
read results2411/20241106_090135_scanAz_slow.txt,0.0087
results2411/20241106S090136.298811E090637.834156_scanAz_slow.dat,6.5585
results2411/20241106S090638.795444E091140.238268_scanAz_slow.dat,13.7532
results2411/20241106S091141.195216E091642.640370_scanAz_slow.dat,21.7550
results2411/20241106S091643.603414E092145.043870_scanAz_slow.dat,29.8872
results2411/20241106S092146.007549E092647.450114_scanAz_slow.dat,37.3183
results2411/20241106S092648.407389E093149.850063_scanAz_slow.dat,44.6001
results2411/20241106S093150.813662E093652.257492_scanAz_slow.dat,51.8399
results2411/20241106S093653.214472E094154.658603_scanAz_slow.dat,59.4202
results2411/20241106S094155.621920E094657.065081_scanAz_slow.dat,67.7902
results2411/20241106S094658.022033E095159.466256_scanAz_slow.dat,75.4647
results2411/20241106S095200.429282E095635.951543_scanAz_slow.dat,83.5975
read results2411/20241106_100108_scanAz_slow.txt,0.0089
results2411/20241106S100109.456511E100611.050163_scanAz_slow.dat,7.0258
results2411/20241106S100612.005975E101113.453907_scanAz_slow.dat,15.0981
results2411/20241106S101114.409941E101615.856243_scanAz_slow.dat,21.8204
results2411/20241106S101616.814082E102118.260759_scanAz_slow.dat,29.4441
results2411/20241106S102119.218579E102620.661650_scanAz_slow.dat,36.6036
results2411/20241106S102621.625945E103123.064506_scanAz_slow.dat,43.6541
results2411/20241106S103124.024812E103625.471767_scanAz_slow.dat,51.1923
results2411/20241106S103626.429000E104127.872844_scanAz_slow.dat,58.5735
results2411/20241106S104128.836607E104630.276150_scanAz_slow.dat,65.5650
results2411/20241106S104631.237328E105132.683228_scanAz_slow.dat,72.6285
results2411/20241106S105133.641455E105609.165410_scanAz_slow.dat,79.6353
read results2411/20241106_110135_scanAz_slow.txt,0.0087
results2411/20241106S110136.235832E110637.780647_scanAz_slow.dat,7.5017
results2411/20241106S110638.742714E111140.182513_scanAz_slow.dat,15.1705
results2411/20241106S111141.144976E111642.589257_scanAz_slow.dat,22.2371
results2411/20241106S111643.546723E112144.994241_scanAz_slow.dat,29.7831
results2411/20241106S112145.951091E112647.398047_scanAz_slow.dat,37.0196
results2411/20241106S112648.354934E113149.797545_scanAz_slow.dat,44.2204
results2411/20241106S113150.761173E113652.206372_scanAz_slow.dat,51.3574
results2411/20241106S113653.165426E114154.606006_scanAz_slow.dat,58.6964
results2411/20241106S114155.569669E114657.014580_scanAz_slow.dat,66.1794
results2411/20241106S114657.974309E115159.416770_scanAz_slow.dat,73.3252
results2411/20241106S115200.374301E115635.897725_scanAz_slow.dat,81.2198
read results2411/20241106_130135_scanAz_slow.txt,0.0085
results2411/20241106S130136.062202E130637.633777_scanAz_slow.dat,7.1570
results2411/20241106S130638.594317E131140.033232_scanAz_slow.dat,14.4244
results2411/20241106S131140.995510E131642.437929_scanAz_slow.dat,21.6324
results2411/20241106S131643.401271E132144.841054_scanAz_slow.dat,28.9345
results2411/20241106S132145.804397E132647.247319_scanAz_slow.dat,36.1560
results2411/20241106S132648.209669E133149.651349_scanAz_slow.dat,43.5649
results2411/20241106S133150.613199E133652.057759_scanAz_slow.dat,50.4819
results2411/20241106S133653.014065E134154.459818_scanAz_slow.dat,57.4265
results2411/20241106S134155.416111E134656.860653_scanAz_slow.dat,64.4844
results2411/20241106S134657.822805E135159.266604_scanAz_slow.dat,72.0332
results2411/20241106S135200.228843E135635.748404_scanAz_slow.dat,80.0525
read results2411/20241106_140134_scanAz_slow.txt,0.0085
results2411/20241106S140135.851880E140637.387496_scanAz_slow.dat,7.2683
results2411/20241106S140638.350897E141139.791548_scanAz_slow.dat,14.8937
results2411/20241106S141140.753103E141642.199165_scanAz_slow.dat,22.5196
results2411/20241106S141643.155433E142144.599665_scanAz_slow.dat,29.5399
results2411/20241106S142145.563311E142647.004526_scanAz_slow.dat,37.1042
results2411/20241106S142647.966955E143149.407103_scanAz_slow.dat,45.0083
results2411/20241106S143150.369584E143651.810800_scanAz_slow.dat,52.5927
results2411/20241106S143652.773186E144154.216048_scanAz_slow.dat,59.8936
results2411/20241106S144155.177807E144656.619154_scanAz_slow.dat,66.5610
results2411/20241106S144657.581283E145159.027453_scanAz_slow.dat,74.3198
results2411/20241106S145159.983506E145635.506931_scanAz_slow.dat,81.5229
read results2411/20241106_150134_scanAz_slow.txt,0.0082
results2411/20241106S150135.652037E150637.194043_scanAz_slow.dat,7.2870
results2411/20241106S150638.160063E151139.603726_scanAz_slow.dat,15.3909
results2411/20241106S151140.559654E151642.007197_scanAz_slow.dat,23.1592
results2411/20241106S151642.964138E152144.406213_scanAz_slow.dat,31.4498
results2411/20241106S152145.368863E152646.815471_scanAz_slow.dat,38.7383
results2411/20241106S152647.771201E153149.216874_scanAz_slow.dat,45.7200
results2411/20241106S153150.179624E153651.622574_scanAz_slow.dat,52.7762
results2411/20241106S153652.578830E154154.024572_scanAz_slow.dat,59.8672
results2411/20241106S154154.986638E154656.426302_scanAz_slow.dat,67.7648
results2411/20241106S154657.388725E155158.833276_scanAz_slow.dat,75.0847
results2411/20241106S155159.795162E155635.315436_scanAz_slow.dat,81.6915
read results2411/20241106_170135_scanAz_slow.txt,0.0084
results2411/20241106S170136.513854E170638.059574_scanAz_slow.dat,6.9512
results2411/20241106S170639.016758E171140.462986_scanAz_slow.dat,14.3136
results2411/20241106S171141.420807E171642.867149_scanAz_slow.dat,20.8639
results2411/20241106S171643.826722E172145.269087_scanAz_slow.dat,28.2394
results2411/20241106S172146.231769E172647.674607_scanAz_slow.dat,35.6734
results2411/20241106S172648.632399E173150.077111_scanAz_slow.dat,43.3452
results2411/20241106S173151.033998E173652.481315_scanAz_slow.dat,51.2508
results2411/20241106S173653.438201E174154.881836_scanAz_slow.dat,59.9105
results2411/20241106S174155.845269E174657.290866_scanAz_slow.dat,67.3729
results2411/20241106S174658.249619E175159.689290_scanAz_slow.dat,74.1019
results2411/20241106S175200.652896E175636.172373_scanAz_slow.dat,81.4991
read results2411/20241106_180108_scanAz_slow.txt,0.0086
results2411/20241106S180109.199933E180610.740226_scanAz_slow.dat,7.0148
results2411/20241106S180611.703514E181113.143213_scanAz_slow.dat,14.9466
results2411/20241106S181114.105356E181615.551048_scanAz_slow.dat,22.8889
results2411/20241106S181616.508820E182117.954778_scanAz_slow.dat,30.7939
results2411/20241106S182118.913240E182620.358415_scanAz_slow.dat,37.9913
results2411/20241106S182621.315657E183122.762317_scanAz_slow.dat,45.3864
results2411/20241106S183123.719625E183625.167491_scanAz_slow.dat,53.2319
results2411/20241106S183626.125538E184127.569959_scanAz_slow.dat,60.6883
results2411/20241106S184128.527503E184629.969221_scanAz_slow.dat,68.5612
results2411/20241106S184630.932652E185132.375893_scanAz_slow.dat,76.5570
results2411/20241106S185133.334048E185608.856840_scanAz_slow.dat,84.6930
read results2411/20241106_190107_scanAz_slow.txt,0.0080
results2411/20241106S190108.921405E190610.498877_scanAz_slow.dat,7.2452
results2411/20241106S190611.460410E191112.904423_scanAz_slow.dat,13.6978
results2411/20241106S191113.861150E191615.305332_scanAz_slow.dat,20.9514
results2411/20241106S191616.263715E192117.706920_scanAz_slow.dat,28.6130
results2411/20241106S192118.670883E192620.112478_scanAz_slow.dat,36.7430
results2411/20241106S192621.075279E193122.515288_scanAz_slow.dat,44.4026
results2411/20241106S193123.479842E193624.922871_scanAz_slow.dat,52.4201
results2411/20241106S193625.879806E194127.326978_scanAz_slow.dat,59.6582
results2411/20241106S194128.286401E194629.730336_scanAz_slow.dat,66.7493
results2411/20241106S194630.688454E195132.128964_scanAz_slow.dat,73.6335
results2411/20241106S195133.092056E195608.613274_scanAz_slow.dat,81.3557
read results2411/20241111_030147_scanAz_slow.txt,0.0093
results2411/20241111S030148.123674E030649.700290_scanAz_slow.dat,8.2826
results2411/20241111S030650.655902E031152.103987_scanAz_slow.dat,15.7943
results2411/20241111S031153.060079E031654.508071_scanAz_slow.dat,22.6301
results2411/20241111S031655.464952E032156.910412_scanAz_slow.dat,29.8926
results2411/20241111S032157.867513E032659.312955_scanAz_slow.dat,37.4494
results2411/20241111S032700.275952E033201.716957_scanAz_slow.dat,44.6907
results2411/20241111S033202.674330E033704.119704_scanAz_slow.dat,51.0742
results2411/20241111S033705.082550E034206.524737_scanAz_slow.dat,58.2941
results2411/20241111S034207.481932E034708.926852_scanAz_slow.dat,65.4907
results2411/20241111S034709.890681E035211.334722_scanAz_slow.dat,73.3650
results2411/20241111S035212.292295E035647.813035_scanAz_slow.dat,81.6945
read results2411/20241111_050134_scanAz_slow.txt,0.0143
results2411/20241111S050135.957245E050637.498513_scanAz_slow.dat,7.9067
results2411/20241111S050638.458398E051139.906314_scanAz_slow.dat,15.4384
results2411/20241111S051140.867105E051642.306307_scanAz_slow.dat,22.6818
results2411/20241111S051643.268064E052144.713962_scanAz_slow.dat,30.7360
results2411/20241111S052145.670289E052647.114554_scanAz_slow.dat,38.4534
results2411/20241111S052648.075940E053149.518134_scanAz_slow.dat,45.6691
results2411/20241111S053150.480381E053651.924563_scanAz_slow.dat,53.0792
results2411/20241111S053652.886042E054154.326222_scanAz_slow.dat,60.8002
results2411/20241111S054155.288070E054656.729799_scanAz_slow.dat,68.5188
results2411/20241111S054657.691948E055159.133051_scanAz_slow.dat,76.0195
results2411/20241111S055200.095854E055635.616395_scanAz_slow.dat,83.8075
read results2411/20241111_060107_scanAz_slow.txt,0.0093
results2411/20241111S060108.657959E060610.235438_scanAz_slow.dat,7.7168
results2411/20241111S060611.195657E061112.637209_scanAz_slow.dat,15.2269
results2411/20241111S061113.598541E061615.041436_scanAz_slow.dat,22.8988
results2411/20241111S061616.004439E062117.444384_scanAz_slow.dat,30.9982
results2411/20241111S062118.407102E062619.848147_scanAz_slow.dat,37.9888
results2411/20241111S062620.809936E063122.252175_scanAz_slow.dat,44.7298
results2411/20241111S063123.214956E063624.655816_scanAz_slow.dat,52.2915
results2411/20241111S063625.618373E064127.058537_scanAz_slow.dat,60.3920
results2411/20241111S064128.020618E064629.467435_scanAz_slow.dat,67.1439
results2411/20241111S064630.423758E065131.866112_scanAz_slow.dat,74.2910
results2411/20241111S065132.827710E065608.349970_scanAz_slow.dat,82.1987
read results2411/20241111_070135_scanAz_slow.txt,0.0097
results2411/20241111S070136.479087E070638.025996_scanAz_slow.dat,6.8667
results2411/20241111S070638.986552E071140.429543_scanAz_slow.dat,14.5303
results2411/20241111S071141.390804E071642.833648_scanAz_slow.dat,22.3302
results2411/20241111S071643.789621E072145.237138_scanAz_slow.dat,29.4617
results2411/20241111S072146.192795E072647.638969_scanAz_slow.dat,36.6898
results2411/20241111S072648.600757E073150.040323_scanAz_slow.dat,44.3829
results2411/20241111S073151.001818E073652.447483_scanAz_slow.dat,51.6871
results2411/20241111S073653.409308E074154.852546_scanAz_slow.dat,59.5229
results2411/20241111S074155.812823E074657.255623_scanAz_slow.dat,67.6390
results2411/20241111S074658.216868E075159.655611_scanAz_slow.dat,76.0451
results2411/20241111S075200.617080E075636.140615_scanAz_slow.dat,83.2953
read results2411/20241111_090135_scanAz_slow.txt,0.0098
results2411/20241111S090136.184979E090637.730807_scanAz_slow.dat,7.5886
results2411/20241111S090638.692054E091140.133632_scanAz_slow.dat,15.2317
results2411/20241111S091141.095510E091642.538924_scanAz_slow.dat,22.3294
results2411/20241111S091643.495479E092144.942367_scanAz_slow.dat,30.2167
results2411/20241111S092145.899339E092647.346823_scanAz_slow.dat,38.2950
results2411/20241111S092648.307634E093149.746891_scanAz_slow.dat,46.5118
results2411/20241111S093150.709996E093652.153722_scanAz_slow.dat,53.9267
results2411/20241111S093653.110666E094154.557945_scanAz_slow.dat,61.6516
results2411/20241111S094155.515842E094656.960841_scanAz_slow.dat,69.7184
results2411/20241111S094657.923561E095159.367486_scanAz_slow.dat,77.7238
results2411/20241111S095200.324939E095635.846403_scanAz_slow.dat,85.6772
read results2411/20241111_100107_scanAz_slow.txt,0.0096
results2411/20241111S100108.870299E100610.417238_scanAz_slow.dat,7.5512
results2411/20241111S100611.378475E101112.821138_scanAz_slow.dat,14.1137
results2411/20241111S101113.782920E101615.226732_scanAz_slow.dat,21.5374
results2411/20241111S101616.184581E102117.629194_scanAz_slow.dat,28.8288
results2411/20241111S102118.586104E102620.034322_scanAz_slow.dat,37.1600
results2411/20241111S102620.992134E103122.435969_scanAz_slow.dat,44.4855
results2411/20241111S103123.392875E103624.839855_scanAz_slow.dat,51.6365
results2411/20241111S103625.796855E104127.240669_scanAz_slow.dat,58.8589
results2411/20241111S104128.205106E104629.648105_scanAz_slow.dat,65.3358
results2411/20241111S104630.605598E105132.051150_scanAz_slow.dat,72.6531
results2411/20241111S105133.008071E105608.532219_scanAz_slow.dat,79.4006
read results2411/20241111_110108_scanAz_slow.txt,0.0094
results2411/20241111S110109.924381E110611.468887_scanAz_slow.dat,6.6971
results2411/20241111S110612.430393E111113.874435_scanAz_slow.dat,13.9242
results2411/20241111S111114.831720E111616.276951_scanAz_slow.dat,21.7964
results2411/20241111S111617.239875E112118.678372_scanAz_slow.dat,29.6366
results2411/20241111S112119.640987E112621.084224_scanAz_slow.dat,37.6491
results2411/20241111S112622.046922E113123.489243_scanAz_slow.dat,45.2074
results2411/20241111S113124.446220E113625.893103_scanAz_slow.dat,53.7559
results2411/20241111S113626.853066E114128.295602_scanAz_slow.dat,60.8163
results2411/20241111S114129.258560E114630.698621_scanAz_slow.dat,68.6280
results2411/20241111S114631.661343E115133.101114_scanAz_slow.dat,76.3073
results2411/20241111S115134.064461E115609.584368_scanAz_slow.dat,84.1814
read results2411/20241111_130135_scanAz_slow.txt,0.0097
results2411/20241111S130136.387534E130637.958538_scanAz_slow.dat,8.1831
results2411/20241111S130638.918730E131140.360994_scanAz_slow.dat,15.5019
results2411/20241111S131141.321747E131642.768262_scanAz_slow.dat,22.9691
results2411/20241111S131643.729623E132145.173291_scanAz_slow.dat,29.9706
results2411/20241111S132146.128941E132647.577812_scanAz_slow.dat,37.5109
results2411/20241111S132648.533466E133149.977263_scanAz_slow.dat,45.0456
results2411/20241111S133150.940918E133652.383437_scanAz_slow.dat,52.4242
results2411/20241111S133653.339683E134154.783968_scanAz_slow.dat,59.6507
results2411/20241111S134155.746356E134657.192374_scanAz_slow.dat,65.9755
results2411/20241111S134658.149407E135159.595727_scanAz_slow.dat,73.9716
results2411/20241111S135200.553015E135636.074633_scanAz_slow.dat,81.7438
read results2411/20241111_140135_scanAz_slow.txt,0.0090
results2411/20241111S140136.195387E140637.764205_scanAz_slow.dat,7.7588
results2411/20241111S140638.724248E141140.165110_scanAz_slow.dat,15.4694
results2411/20241111S141141.126284E141642.573422_scanAz_slow.dat,23.4012
results2411/20241111S141643.530450E142144.974629_scanAz_slow.dat,31.6614
results2411/20241111S142145.936218E142647.378959_scanAz_slow.dat,39.3233
results2411/20241111S142648.341147E143149.780789_scanAz_slow.dat,46.2105
results2411/20241111S143150.742759E143652.189784_scanAz_slow.dat,54.2299
results2411/20241111S143653.145849E144154.592244_scanAz_slow.dat,61.8590
results2411/20241111S144155.549473E144656.994359_scanAz_slow.dat,69.5283
results2411/20241111S144657.956237E145159.398062_scanAz_slow.dat,77.0307
results2411/20241111S145200.360314E145635.880331_scanAz_slow.dat,84.5296
read results2411/20241111_150134_scanAz_slow.txt,0.0096
results2411/20241111S150135.982076E150637.523389_scanAz_slow.dat,7.3838
results2411/20241111S150638.483234E151139.922451_scanAz_slow.dat,15.1322
results2411/20241111S151140.885518E151642.327097_scanAz_slow.dat,22.6623
results2411/20241111S151643.289536E152144.731780_scanAz_slow.dat,28.9636
results2411/20241111S152145.694200E152647.134717_scanAz_slow.dat,36.7340
results2411/20241111S152648.097067E153149.538218_scanAz_slow.dat,43.4843
results2411/20241111S153150.500393E153651.947072_scanAz_slow.dat,51.1831
results2411/20241111S153652.903053E154154.350964_scanAz_slow.dat,59.3012
results2411/20241111S154155.308524E154656.753074_scanAz_slow.dat,66.6413
results2411/20241111S154657.708801E155159.153723_scanAz_slow.dat,74.5076
results2411/20241111S155200.117429E155635.638499_scanAz_slow.dat,81.9717
read results2411/20241111_170134_scanAz_slow.txt,0.0089
results2411/20241111S170135.787770E170637.323595_scanAz_slow.dat,7.1695
results2411/20241111S170638.284778E171139.724626_scanAz_slow.dat,14.0059
results2411/20241111S171140.689140E171642.131017_scanAz_slow.dat,20.8452
results2411/20241111S171643.087957E172144.534868_scanAz_slow.dat,28.4868
results2411/20241111S172145.491812E172646.938751_scanAz_slow.dat,35.7979
results2411/20241111S172647.895755E173149.342933_scanAz_slow.dat,43.5635
results2411/20241111S173150.299870E173651.744939_scanAz_slow.dat,51.2546
results2411/20241111S173652.708028E174154.147344_scanAz_slow.dat,58.5663
results2411/20241111S174155.110886E174656.552140_scanAz_slow.dat,65.6664
results2411/20241111S174657.514862E175158.959728_scanAz_slow.dat,73.5432
results2411/20241111S175159.917266E175635.437920_scanAz_slow.dat,80.8563
read results2411/20241111_180135_scanAz_slow.txt,0.0082
results2411/20241111S180136.589879E180638.136817_scanAz_slow.dat,7.7010
results2411/20241111S180639.098058E181140.540775_scanAz_slow.dat,15.7968
results2411/20241111S181141.498712E181642.942609_scanAz_slow.dat,23.2564
results2411/20241111S181643.906230E182145.350163_scanAz_slow.dat,30.8706
results2411/20241111S182146.307427E182647.750391_scanAz_slow.dat,38.0863
results2411/20241111S182648.714019E183150.154803_scanAz_slow.dat,45.1296
results2411/20241111S183151.117437E183652.562471_scanAz_slow.dat,51.8648
results2411/20241111S183653.520662E184154.963175_scanAz_slow.dat,58.6925
results2411/20241111S184155.926105E184657.370256_scanAz_slow.dat,65.8825
results2411/20241111S184658.329265E185159.771537_scanAz_slow.dat,73.2964
results2411/20241111S185200.728802E185636.253410_scanAz_slow.dat,79.9865
read results2411/20241111_190135_scanAz_slow.txt,0.0085
results2411/20241111S190136.415779E190637.991914_scanAz_slow.dat,7.0782
results2411/20241111S190638.947973E191140.395325_scanAz_slow.dat,14.8410
results2411/20241111S191141.351729E191642.796681_scanAz_slow.dat,22.1682
results2411/20241111S191643.756021E192145.204626_scanAz_slow.dat,29.0731
results2411/20241111S192146.161575E192647.608664_scanAz_slow.dat,36.1673
results2411/20241111S192648.565582E193150.008363_scanAz_slow.dat,43.2726
results2411/20241111S193150.967518E193652.414540_scanAz_slow.dat,50.5076
results2411/20241111S193653.372048E194154.815109_scanAz_slow.dat,58.4935
results2411/20241111S194155.777925E194657.223338_scanAz_slow.dat,65.6453
results2411/20241111S194658.180226E195159.672418_scanAz_slow.dat,73.5062
results2411/20241111S195200.632132E195636.155340_scanAz_slow.dat,80.7979
read results2411/20241111_210135_scanAz_slow.txt,0.0082
results2411/20241111S210136.247629E210637.795598_scanAz_slow.dat,6.8822
results2411/20241111S210638.755786E211140.199913_scanAz_slow.dat,14.3241
results2411/20241111S211141.156363E211642.599198_scanAz_slow.dat,21.3346
results2411/20241111S211643.561360E212145.002589_scanAz_slow.dat,28.1566
results2411/20241111S212145.964364E212647.410633_scanAz_slow.dat,35.1655
results2411/20241111S212648.366321E213149.810600_scanAz_slow.dat,42.3430
results2411/20241111S213150.772703E213652.218443_scanAz_slow.dat,49.4367
results2411/20241111S213653.174700E214154.617328_scanAz_slow.dat,56.8056
results2411/20241111S214155.578802E214657.024859_scanAz_slow.dat,64.5652
results2411/20241111S214657.986266E215159.430356_scanAz_slow.dat,72.4121
results2411/20241111S215200.386399E215635.908811_scanAz_slow.dat,80.2936
read results2411/20241111_220135_scanAz_slow.txt,0.0087
results2411/20241111S220136.061738E220637.600822_scanAz_slow.dat,7.4296
results2411/20241111S220638.561047E221140.004793_scanAz_slow.dat,14.8176
results2411/20241111S221140.961862E221642.406840_scanAz_slow.dat,21.9553
results2411/20241111S221643.368475E222144.808067_scanAz_slow.dat,29.0389
results2411/20241111S222145.769997E222647.213263_scanAz_slow.dat,37.0662
results2411/20241111S222648.175148E223149.619551_scanAz_slow.dat,44.4969
results2411/20241111S223150.580910E223652.024095_scanAz_slow.dat,52.3601
results2411/20241111S223652.980627E224154.427969_scanAz_slow.dat,59.7516
results2411/20241111S224155.384841E224656.828176_scanAz_slow.dat,66.7490
results2411/20241111S224657.789613E225159.235804_scanAz_slow.dat,73.0374
results2411/20241111S225200.191949E225635.716064_scanAz_slow.dat,79.6968
read results2411/20241112_010134_scanAz_slow.txt,0.0133
results2411/20241112S010135.735463E010637.305359_scanAz_slow.dat,6.6762
results2411/20241112S010638.268397E011139.711813_scanAz_slow.dat,14.4227
results2411/20241112S011140.673962E011642.117809_scanAz_slow.dat,22.4922
results2411/20241112S011643.075391E012144.518974_scanAz_slow.dat,30.4453
results2411/20241112S012145.482215E012646.923786_scanAz_slow.dat,37.5083
results2411/20241112S012647.880673E013149.329766_scanAz_slow.dat,44.3294
results2411/20241112S013150.287324E013651.731939_scanAz_slow.dat,51.0859
results2411/20241112S013652.688811E014154.134937_scanAz_slow.dat,58.0636
results2411/20241112S014155.091831E014656.538885_scanAz_slow.dat,65.7599
results2411/20241112S014657.501558E015158.988286_scanAz_slow.dat,73.3650
results2411/20241112S015159.951049E015635.473284_scanAz_slow.dat,80.4778
read results2411/20241112_020135_scanAz_slow.txt,0.0088
results2411/20241112S020136.529504E020638.074202_scanAz_slow.dat,7.0986
results2411/20241112S020639.035282E021140.476564_scanAz_slow.dat,14.7214
results2411/20241112S021141.438379E021642.881778_scanAz_slow.dat,22.7921
results2411/20241112S021643.838699E022145.282600_scanAz_slow.dat,30.1417
results2411/20241112S022146.245852E022647.690280_scanAz_slow.dat,37.8351
results2411/20241112S022648.651097E023150.092902_scanAz_slow.dat,46.3049
results2411/20241112S023151.049817E023652.493641_scanAz_slow.dat,53.2641
results2411/20241112S023653.456669E024154.897518_scanAz_slow.dat,60.5313
results2411/20241112S024155.860907E024657.304414_scanAz_slow.dat,68.5110
results2411/20241112S024658.261358E025159.704672_scanAz_slow.dat,76.9518
results2411/20241112S025200.668136E025636.187889_scanAz_slow.dat,83.9818
read results2411/20241112_030135_scanAz_slow.txt,0.0082
results2411/20241112S030136.333593E030637.875657_scanAz_slow.dat,7.2197
results2411/20241112S030638.836881E031140.283004_scanAz_slow.dat,14.6798
results2411/20241112S031141.239064E031642.687469_scanAz_slow.dat,21.8716
results2411/20241112S031643.645819E032145.089592_scanAz_slow.dat,29.4778
results2411/20241112S032146.046323E032647.494902_scanAz_slow.dat,37.3160
results2411/20241112S032648.452150E033149.899283_scanAz_slow.dat,44.0766
results2411/20241112S033150.856780E033652.301751_scanAz_slow.dat,51.5078
results2411/20241112S033653.258679E034154.701656_scanAz_slow.dat,57.3557
results2411/20241112S034155.664398E034657.110565_scanAz_slow.dat,64.8417
results2411/20241112S034658.067532E035159.513767_scanAz_slow.dat,72.4063
results2411/20241112S035200.470728E035635.993439_scanAz_slow.dat,79.9510
read results2411/20241112_050135_scanAz_slow.txt,0.0089
results2411/20241112S050136.183638E050637.726483_scanAz_slow.dat,8.0624
results2411/20241112S050638.687024E051140.133002_scanAz_slow.dat,15.0953
results2411/20241112S051141.094306E051642.536720_scanAz_slow.dat,22.2649
results2411/20241112S051643.498194E052144.943974_scanAz_slow.dat,29.7497
results2411/20241112S052145.901220E052647.345182_scanAz_slow.dat,37.1438
results2411/20241112S052648.307540E053149.746704_scanAz_slow.dat,44.4065
results2411/20241112S053150.709478E053652.151007_scanAz_slow.dat,51.9179
results2411/20241112S053653.113484E054154.557547_scanAz_slow.dat,59.3672
results2411/20241112S054155.519499E054656.960535_scanAz_slow.dat,65.9902
results2411/20241112S054657.923241E055159.365760_scanAz_slow.dat,73.2686
results2411/20241112S055200.327579E055635.847205_scanAz_slow.dat,80.1642
read results2411/20241112_060134_scanAz_slow.txt,0.0082
results2411/20241112S060136.012913E060637.581784_scanAz_slow.dat,7.9294
results2411/20241112S060638.541993E061139.985565_scanAz_slow.dat,14.8842
results2411/20241112S061140.946319E061642.390096_scanAz_slow.dat,22.3672
results2411/20241112S061643.351873E062144.798381_scanAz_slow.dat,29.9598
results2411/20241112S062145.754122E062647.198991_scanAz_slow.dat,37.5479
results2411/20241112S062648.161300E063149.601839_scanAz_slow.dat,45.3605
results2411/20241112S063150.564035E063652.004241_scanAz_slow.dat,53.1576
results2411/20241112S063652.966626E064154.409243_scanAz_slow.dat,60.6971
results2411/20241112S064155.373307E064656.812713_scanAz_slow.dat,68.0657
results2411/20241112S064657.775729E065159.219875_scanAz_slow.dat,75.4184
results2411/20241112S065200.181396E065635.700502_scanAz_slow.dat,83.1461
read results2411/20241112_070134_scanAz_slow.txt,0.0088
results2411/20241112S070135.796079E070637.342326_scanAz_slow.dat,7.6310
results2411/20241112S070638.302527E071139.745481_scanAz_slow.dat,14.7201
results2411/20241112S071140.706512E071642.152112_scanAz_slow.dat,21.4166
results2411/20241112S071643.108701E072144.552136_scanAz_slow.dat,28.8181
results2411/20241112S072145.514317E072646.960458_scanAz_slow.dat,36.4114
results2411/20241112S072647.916491E073149.359994_scanAz_slow.dat,44.8475
results2411/20241112S073150.322411E073651.767604_scanAz_slow.dat,52.4696
results2411/20241112S073652.724167E074154.167077_scanAz_slow.dat,59.2178
results2411/20241112S074155.130116E074656.575023_scanAz_slow.dat,66.4316
results2411/20241112S074657.531379E075158.977257_scanAz_slow.dat,73.7720
results2411/20241112S075159.939434E075635.459999_scanAz_slow.dat,81.3892
read results2411/20241112_090134_scanAz_slow.txt,0.0061
results2411/20241112S090135.649659E090637.194200_scanAz_slow.dat,7.3422
results2411/20241112S090638.156338E091139.599430_scanAz_slow.dat,15.0983
results2411/20241112S091140.556357E091642.003085_scanAz_slow.dat,22.6616
results2411/20241112S091642.962732E092144.406030_scanAz_slow.dat,30.0769
results2411/20241112S092145.368679E092646.810146_scanAz_slow.dat,37.4218
results2411/20241112S092647.767098E093149.214767_scanAz_slow.dat,45.0895
results2411/20241112S093150.172268E093651.616767_scanAz_slow.dat,51.9314
results2411/20241112S093652.579539E094154.022677_scanAz_slow.dat,58.7828
results2411/20241112S094154.980185E094656.425263_scanAz_slow.dat,65.6673
results2411/20241112S094657.388293E095158.827218_scanAz_slow.dat,72.7816
results2411/20241112S095159.791150E095635.310973_scanAz_slow.dat,80.2396
read results2411/20241112_100135_scanAz_slow.txt,0.0082
results2411/20241112S100136.463924E100638.006427_scanAz_slow.dat,7.6974
results2411/20241112S100638.967926E101140.415824_scanAz_slow.dat,14.7819
results2411/20241112S101141.372216E101642.819202_scanAz_slow.dat,22.1963
results2411/20241112S101643.777037E102145.221634_scanAz_slow.dat,29.8482
results2411/20241112S102146.178519E102647.623044_scanAz_slow.dat,37.4212
results2411/20241112S102648.585988E103150.029252_scanAz_slow.dat,45.3974
results2411/20241112S103150.986191E103652.431388_scanAz_slow.dat,52.9776
results2411/20241112S103653.394288E104154.833523_scanAz_slow.dat,60.5305
results2411/20241112S104155.797832E104657.242466_scanAz_slow.dat,68.1903
results2411/20241112S104658.200292E105159.642842_scanAz_slow.dat,75.2242
results2411/20241112S105200.606005E105636.125326_scanAz_slow.dat,82.8368
read results2411/20241112_110135_scanAz_slow.txt,0.0085
results2411/20241112S110136.284788E110637.860330_scanAz_slow.dat,7.2862
results2411/20241112S110638.821865E111140.269082_scanAz_slow.dat,15.3068
results2411/20241112S111141.225418E111642.671983_scanAz_slow.dat,22.6501
results2411/20241112S111643.630458E112145.072449_scanAz_slow.dat,30.3890
results2411/20241112S112146.036697E112647.476254_scanAz_slow.dat,38.2737
results2411/20241112S112648.438888E113149.879382_scanAz_slow.dat,45.4206
results2411/20241112S113150.839000E113652.287134_scanAz_slow.dat,52.0648
results2411/20241112S113653.244402E114154.690291_scanAz_slow.dat,59.4332
results2411/20241112S114155.648185E114657.092141_scanAz_slow.dat,67.0642
results2411/20241112S114658.052686E115159.494760_scanAz_slow.dat,74.3152
results2411/20241112S115200.454740E115635.980360_scanAz_slow.dat,82.0920
read results2411/20241112_130135_scanAz_slow.txt,0.0076
results2411/20241112S130136.092508E130637.665405_scanAz_slow.dat,6.9160
results2411/20241112S130638.626585E131140.069359_scanAz_slow.dat,14.0527
results2411/20241112S131141.030351E131642.474806_scanAz_slow.dat,21.8022
results2411/20241112S131643.431719E132144.874329_scanAz_slow.dat,29.0972
results2411/20241112S132145.836103E132647.279357_scanAz_slow.dat,36.5304
results2411/20241112S132648.241434E133149.682351_scanAz_slow.dat,44.0404
results2411/20241112S133150.644236E133652.090302_scanAz_slow.dat,51.4113
results2411/20241112S133653.047374E134154.492901_scanAz_slow.dat,58.7803
results2411/20241112S134155.454435E134656.898135_scanAz_slow.dat,66.4597
results2411/20241112S134657.853881E135159.296972_scanAz_slow.dat,74.2556
results2411/20241112S135200.259809E135635.781819_scanAz_slow.dat,82.3238
read results2411/20241112_140134_scanAz_slow.txt,0.0091
results2411/20241112S140135.901872E140637.470932_scanAz_slow.dat,7.0353
results2411/20241112S140638.432513E141139.873703_scanAz_slow.dat,14.0802
results2411/20241112S141140.834500E141642.276405_scanAz_slow.dat,21.3419
results2411/20241112S141643.240072E142144.683773_scanAz_slow.dat,28.8002
results2411/20241112S142145.639550E142647.084013_scanAz_slow.dat,36.5221
results2411/20241112S142648.047657E143149.491816_scanAz_slow.dat,43.6034
results2411/20241112S143150.448201E143651.891071_scanAz_slow.dat,51.0855
results2411/20241112S143652.852926E144154.294826_scanAz_slow.dat,58.3392
results2411/20241112S144155.256640E144656.703606_scanAz_slow.dat,66.5243
results2411/20241112S144657.661427E145159.107210_scanAz_slow.dat,73.4943
results2411/20241112S145200.063332E145635.587640_scanAz_slow.dat,81.3936
read results2411/20241112_150134_scanAz_slow.txt,0.0087
results2411/20241112S150135.687686E150637.229865_scanAz_slow.dat,7.4165
results2411/20241112S150638.190764E151139.629898_scanAz_slow.dat,13.3370
results2411/20241112S151140.589662E151642.038405_scanAz_slow.dat,20.3684
results2411/20241112S151642.994484E152144.442559_scanAz_slow.dat,28.0513
results2411/20241112S152145.398247E152646.843220_scanAz_slow.dat,35.4242
results2411/20241112S152647.805623E153149.247539_scanAz_slow.dat,42.0158
results2411/20241112S153150.209660E153651.653219_scanAz_slow.dat,49.2459
results2411/20241112S153652.609524E154154.057587_scanAz_slow.dat,56.9896
results2411/20241112S154155.013565E154656.460484_scanAz_slow.dat,64.8364
results2411/20241112S154657.422270E155158.865952_scanAz_slow.dat,71.9337
results2411/20241112S155159.822705E155635.346770_scanAz_slow.dat,78.6686
read results2411/20241112_170135_scanAz_slow.txt,0.0081
results2411/20241112S170136.496095E170638.041059_scanAz_slow.dat,7.9407
results2411/20241112S170639.004663E171140.444653_scanAz_slow.dat,15.3293
results2411/20241112S171141.409007E171642.852791_scanAz_slow.dat,22.7094
results2411/20241112S171643.811174E172145.252813_scanAz_slow.dat,30.5606
results2411/20241112S172146.212215E172647.658463_scanAz_slow.dat,38.1380
results2411/20241112S172648.621149E173150.060176_scanAz_slow.dat,45.7710
results2411/20241112S173151.024074E173652.468238_scanAz_slow.dat,52.7426
results2411/20241112S173653.426346E174154.869896_scanAz_slow.dat,60.3817
results2411/20241112S174155.832595E174657.273865_scanAz_slow.dat,68.1774
results2411/20241112S174658.230823E175159.679171_scanAz_slow.dat,76.0809
results2411/20241112S175200.636407E175636.159547_scanAz_slow.dat,83.1197
read results2411/20241112_180135_scanAz_slow.txt,0.0087
results2411/20241112S180136.302324E180637.897831_scanAz_slow.dat,7.2232
results2411/20241112S180638.854202E181140.302102_scanAz_slow.dat,15.1701
results2411/20241112S181141.258484E181642.705438_scanAz_slow.dat,22.5067
results2411/20241112S181643.662605E182145.105900_scanAz_slow.dat,29.6177
results2411/20241112S182146.068553E182647.514133_scanAz_slow.dat,37.3679
results2411/20241112S182648.471030E183149.918114_scanAz_slow.dat,44.7293
results2411/20241112S183150.875030E183652.321549_scanAz_slow.dat,51.7538
results2411/20241112S183653.278411E184154.724996_scanAz_slow.dat,57.5196
results2411/20241112S184155.682443E184657.129247_scanAz_slow.dat,64.7677
results2411/20241112S184658.086201E185159.531844_scanAz_slow.dat,72.2471
results2411/20241112S185200.488761E185636.012097_scanAz_slow.dat,78.9078
read results2411/20241112_190135_scanAz_slow.txt,0.0064
results2411/20241112S190136.120017E190637.651152_scanAz_slow.dat,6.8882
results2411/20241112S190638.612893E191140.059719_scanAz_slow.dat,13.5231
results2411/20241112S191141.017283E191642.458441_scanAz_slow.dat,20.6187
results2411/20241112S191643.422423E192144.864764_scanAz_slow.dat,28.0810
results2411/20241112S192145.821674E192647.269376_scanAz_slow.dat,35.5848
results2411/20241112S192648.226288E193149.671672_scanAz_slow.dat,42.8912
results2411/20241112S193150.634326E193652.075438_scanAz_slow.dat,50.3121
results2411/20241112S193653.038401E194154.477360_scanAz_slow.dat,57.6493
results2411/20241112S194155.436444E194656.881807_scanAz_slow.dat,65.6135
results2411/20241112S194657.844859E195159.288757_scanAz_slow.dat,73.2569
results2411/20241112S195200.248493E195635.769092_scanAz_slow.dat,80.8299
read results2411/20241112_210134_scanAz_slow.txt,0.0084
results2411/20241112S210135.872171E210637.407794_scanAz_slow.dat,7.1264
results2411/20241112S210638.368317E211139.810937_scanAz_slow.dat,14.4803
results2411/20241112S211140.771934E211642.216223_scanAz_slow.dat,22.8778
results2411/20241112S211643.177682E212144.618046_scanAz_slow.dat,30.0046
results2411/20241112S212145.579803E212647.023560_scanAz_slow.dat,36.7644
results2411/20241112S212647.984948E213149.428630_scanAz_slow.dat,44.2757
results2411/20241112S213150.385511E213651.832456_scanAz_slow.dat,52.2497
results2411/20241112S213652.789364E214154.234037_scanAz_slow.dat,59.3808
results2411/20241112S214155.195638E214656.640002_scanAz_slow.dat,66.4748
results2411/20241112S214657.596357E215159.042822_scanAz_slow.dat,73.6636
results2411/20241112S215159.999223E215635.525626_scanAz_slow.dat,80.3345
read results2411/20241112_220134_scanAz_slow.txt,0.0081
results2411/20241112S220135.679409E220637.214954_scanAz_slow.dat,6.9255
results2411/20241112S220638.175170E221139.614654_scanAz_slow.dat,14.6124
results2411/20241112S221140.576021E221642.021051_scanAz_slow.dat,21.4416
results2411/20241112S221642.983206E222144.422777_scanAz_slow.dat,28.5856
results2411/20241112S222145.386779E222646.826224_scanAz_slow.dat,35.8066
results2411/20241112S222647.788380E223149.235174_scanAz_slow.dat,43.5402
results2411/20241112S223150.191803E223651.637797_scanAz_slow.dat,51.3205
results2411/20241112S223652.594209E224154.040695_scanAz_slow.dat,58.7786
results2411/20241112S224155.002199E224656.444639_scanAz_slow.dat,66.6053
results2411/20241112S224657.406162E225158.851316_scanAz_slow.dat,74.1018
results2411/20241112S225159.809284E225635.330542_scanAz_slow.dat,81.5916
read results2411/20241113_010135_scanAz_slow.txt,0.0090
results2411/20241113S010136.335606E010637.879501_scanAz_slow.dat,7.3402
results2411/20241113S010638.840529E011140.282922_scanAz_slow.dat,14.6678
results2411/20241113S011141.244728E011642.686487_scanAz_slow.dat,21.0859
results2411/20241113S011643.649158E012145.094502_scanAz_slow.dat,29.0484
results2411/20241113S012146.052012E012647.495891_scanAz_slow.dat,36.5893
results2411/20241113S012648.454517E013149.901758_scanAz_slow.dat,43.7057
results2411/20241113S013150.858686E013652.303879_scanAz_slow.dat,51.7319
results2411/20241113S013653.261092E014154.707986_scanAz_slow.dat,59.6307
results2411/20241113S014155.665217E014657.110648_scanAz_slow.dat,67.3142
results2411/20241113S014658.069047E015159.514197_scanAz_slow.dat,75.0365
results2411/20241113S015200.477208E015635.997858_scanAz_slow.dat,82.1976
read results2411/20241113_020135_scanAz_slow.txt,0.0082
results2411/20241113S020136.144715E020637.687013_scanAz_slow.dat,7.3318
results2411/20241113S020638.649035E021140.089692_scanAz_slow.dat,14.7440
results2411/20241113S021141.052230E021642.497023_scanAz_slow.dat,22.0273
results2411/20241113S021643.453967E022144.900840_scanAz_slow.dat,28.8824
results2411/20241113S022145.857730E022647.304499_scanAz_slow.dat,36.9800
results2411/20241113S022648.261700E023149.709635_scanAz_slow.dat,43.5549
results2411/20241113S023150.668092E023652.110042_scanAz_slow.dat,51.5123
results2411/20241113S023653.073591E024154.513671_scanAz_slow.dat,58.7124
results2411/20241113S024155.476381E024656.919876_scanAz_slow.dat,66.4525
results2411/20241113S024657.877107E025159.325125_scanAz_slow.dat,73.7598
results2411/20241113S025200.282904E025635.805425_scanAz_slow.dat,80.9633
read results2411/20241113_030134_scanAz_slow.txt,0.0087
results2411/20241113S030135.958126E030637.494559_scanAz_slow.dat,7.7118
results2411/20241113S030638.456309E031139.900893_scanAz_slow.dat,14.8591
results2411/20241113S031140.858988E031642.304592_scanAz_slow.dat,22.5032
results2411/20241113S031643.262086E032144.709419_scanAz_slow.dat,29.2894
results2411/20241113S032145.668933E032647.111933_scanAz_slow.dat,36.0146
results2411/20241113S032648.068875E033149.516549_scanAz_slow.dat,43.4115
results2411/20241113S033150.475639E033651.918113_scanAz_slow.dat,50.9566
results2411/20241113S033652.875697E034154.325446_scanAz_slow.dat,59.1864
results2411/20241113S034155.282994E034656.726314_scanAz_slow.dat,66.6570
results2411/20241113S034657.688996E035159.128621_scanAz_slow.dat,73.7790
results2411/20241113S035200.092217E035635.613291_scanAz_slow.dat,80.8524
read results2411/20241113_050134_scanAz_slow.txt,0.0082
results2411/20241113S050135.775119E050637.350584_scanAz_slow.dat,7.7967
results2411/20241113S050638.306335E051139.750772_scanAz_slow.dat,15.0318
results2411/20241113S051140.712648E051642.158362_scanAz_slow.dat,22.2323
results2411/20241113S051643.114606E052144.560866_scanAz_slow.dat,30.1574
results2411/20241113S052145.522644E052646.965434_scanAz_slow.dat,36.8317
results2411/20241113S052647.927210E053149.367198_scanAz_slow.dat,44.4516
results2411/20241113S053150.329346E053651.772850_scanAz_slow.dat,51.8493
results2411/20241113S053652.734370E054154.177282_scanAz_slow.dat,59.6622
results2411/20241113S054155.138769E054656.581299_scanAz_slow.dat,66.3593
results2411/20241113S054657.537681E055158.986225_scanAz_slow.dat,73.6602
results2411/20241113S055159.942559E055635.466397_scanAz_slow.dat,80.9073
read results2411/20241113_060135_scanAz_slow.txt,0.0091
results2411/20241113S060136.570127E060638.115932_scanAz_slow.dat,7.2729
results2411/20241113S060639.077045E061140.519302_scanAz_slow.dat,15.0198
results2411/20241113S061141.481163E061642.924234_scanAz_slow.dat,23.0746
results2411/20241113S061643.886007E062145.329830_scanAz_slow.dat,30.0304
results2411/20241113S062146.285536E062647.732443_scanAz_slow.dat,37.1757
results2411/20241113S062648.693881E063150.137263_scanAz_slow.dat,44.7345
results2411/20241113S063151.093882E063652.541390_scanAz_slow.dat,51.5743
results2411/20241113S063653.498105E064154.943791_scanAz_slow.dat,58.3394
results2411/20241113S064155.905514E064657.349648_scanAz_slow.dat,65.9852
results2411/20241113S064658.306632E065159.751525_scanAz_slow.dat,73.0713
results2411/20241113S065200.713097E065636.232167_scanAz_slow.dat,80.6783
read results2411/20241113_070135_scanAz_slow.txt,0.0110
results2411/20241113S070136.376028E070637.925179_scanAz_slow.dat,6.9755
results2411/20241113S070638.885109E071140.328374_scanAz_slow.dat,13.9707
results2411/20241113S071141.283853E071642.727746_scanAz_slow.dat,21.8852
results2411/20241113S071643.691382E072145.134063_scanAz_slow.dat,29.7642
results2411/20241113S072146.096698E072647.535533_scanAz_slow.dat,37.7811
results2411/20241113S072648.499238E073149.944928_scanAz_slow.dat,45.4740
results2411/20241113S073150.901828E073652.347691_scanAz_slow.dat,53.0855
results2411/20241113S073653.303426E074154.750938_scanAz_slow.dat,60.2236
results2411/20241113S074155.707573E074657.155105_scanAz_slow.dat,67.8584
results2411/20241113S074658.112653E075159.558005_scanAz_slow.dat,75.2545
results2411/20241113S075200.520185E075636.039965_scanAz_slow.dat,82.4197
read results2411/20241113_090135_scanAz_slow.txt,0.0082
results2411/20241113S090136.229493E090637.777200_scanAz_slow.dat,7.1595
results2411/20241113S090638.738746E091140.182842_scanAz_slow.dat,14.8593
results2411/20241113S091141.139152E091642.585509_scanAz_slow.dat,22.3068
results2411/20241113S091643.542416E092144.988393_scanAz_slow.dat,29.7666
results2411/20241113S092145.951118E092647.393167_scanAz_slow.dat,37.5365
results2411/20241113S092648.355875E093149.796010_scanAz_slow.dat,44.8179
results2411/20241113S093150.758727E093652.203720_scanAz_slow.dat,51.8485
results2411/20241113S093653.160912E094154.603858_scanAz_slow.dat,59.0847
results2411/20241113S094155.567812E094657.010716_scanAz_slow.dat,67.1257
results2411/20241113S094657.971895E095159.414241_scanAz_slow.dat,75.2087
results2411/20241113S095200.372984E095635.896404_scanAz_slow.dat,82.2117
read results2411/20241113_100135_scanAz_slow.txt,0.0084
results2411/20241113S100136.087027E100637.630977_scanAz_slow.dat,7.4616
results2411/20241113S100638.593535E101140.038486_scanAz_slow.dat,13.8394
results2411/20241113S101140.994526E101642.443538_scanAz_slow.dat,21.8183
results2411/20241113S101643.402824E102144.847115_scanAz_slow.dat,29.0069
results2411/20241113S102145.804744E102647.247396_scanAz_slow.dat,35.8537
results2411/20241113S102648.210720E103149.651720_scanAz_slow.dat,43.4179
results2411/20241113S103150.615393E103652.056638_scanAz_slow.dat,50.6933
results2411/20241113S103653.014936E104154.462837_scanAz_slow.dat,57.5983
results2411/20241113S104155.422331E104656.864690_scanAz_slow.dat,64.9455
results2411/20241113S104657.827951E105159.271328_scanAz_slow.dat,72.6209
results2411/20241113S105200.229877E105635.749840_scanAz_slow.dat,80.5296
read results2411/20241113_110134_scanAz_slow.txt,0.0082
results2411/20241113S110135.901854E110637.438708_scanAz_slow.dat,6.6911
results2411/20241113S110638.400437E111139.844768_scanAz_slow.dat,13.4065
results2411/20241113S111140.802091E111642.246873_scanAz_slow.dat,20.5116
results2411/20241113S111643.211654E112144.655369_scanAz_slow.dat,27.7784
results2411/20241113S112145.613509E112647.059818_scanAz_slow.dat,35.5994
results2411/20241113S112648.017995E113149.458553_scanAz_slow.dat,43.3676
results2411/20241113S113150.422462E113651.866706_scanAz_slow.dat,50.9663
results2411/20241113S113652.823913E114154.269231_scanAz_slow.dat,58.0398
results2411/20241113S114155.226449E114656.670924_scanAz_slow.dat,65.3041
results2411/20241113S114657.634873E115159.078563_scanAz_slow.dat,72.0845
results2411/20241113S115200.035578E115635.558444_scanAz_slow.dat,79.4829
read results2411/20241113_130134_scanAz_slow.txt,0.0086
results2411/20241113S130135.703331E130637.246414_scanAz_slow.dat,6.8683
results2411/20241113S130638.207187E131139.655162_scanAz_slow.dat,14.4057
results2411/20241113S131140.610626E131642.054154_scanAz_slow.dat,22.1416
results2411/20241113S131643.016503E132144.459644_scanAz_slow.dat,29.1696
results2411/20241113S132145.421841E132646.861761_scanAz_slow.dat,36.3231
results2411/20241113S132647.823214E133149.265901_scanAz_slow.dat,43.7895
results2411/20241113S133150.228312E133651.670993_scanAz_slow.dat,51.3336
results2411/20241113S133652.633986E134154.075473_scanAz_slow.dat,58.6448
results2411/20241113S134155.037843E134656.477696_scanAz_slow.dat,66.2156
results2411/20241113S134657.439226E135158.886272_scanAz_slow.dat,73.5049
results2411/20241113S135159.843287E135635.364845_scanAz_slow.dat,81.3390
read results2411/20241113_140135_scanAz_slow.txt,0.0087
results2411/20241113S140136.516650E140638.064116_scanAz_slow.dat,7.3911
results2411/20241113S140639.024139E141140.468113_scanAz_slow.dat,14.9310
results2411/20241113S141141.429843E141642.867928_scanAz_slow.dat,22.8974
results2411/20241113S141643.831324E142145.273360_scanAz_slow.dat,30.8970
results2411/20241113S142146.236064E142647.681249_scanAz_slow.dat,38.7439
results2411/20241113S142648.638233E143150.084470_scanAz_slow.dat,46.0699
results2411/20241113S143151.040534E143652.489000_scanAz_slow.dat,53.3337
results2411/20241113S143653.446264E144154.890868_scanAz_slow.dat,61.0210
results2411/20241113S144155.852358E144657.292201_scanAz_slow.dat,68.6076
results2411/20241113S144658.255879E145159.697085_scanAz_slow.dat,76.2380
results2411/20241113S145200.658962E145636.179955_scanAz_slow.dat,83.6734
read results2411/20241113_150135_scanAz_slow.txt,0.0086
results2411/20241113S150136.338626E150637.869836_scanAz_slow.dat,7.0184
results2411/20241113S150638.830035E151140.271055_scanAz_slow.dat,15.1794
results2411/20241113S151141.232051E151642.675369_scanAz_slow.dat,22.8327
results2411/20241113S151643.637173E152145.079355_scanAz_slow.dat,29.1672
results2411/20241113S152146.041759E152647.486201_scanAz_slow.dat,36.0142
results2411/20241113S152648.447515E153149.886647_scanAz_slow.dat,43.7014
results2411/20241113S153150.849669E153652.296052_scanAz_slow.dat,51.1823
results2411/20241113S153653.252085E154154.699331_scanAz_slow.dat,58.6551
results2411/20241113S154155.657067E154657.100272_scanAz_slow.dat,66.5000
results2411/20241113S154658.063284E155159.507540_scanAz_slow.dat,74.1800
results2411/20241113S155200.464413E155635.987735_scanAz_slow.dat,81.6121
read results2411/20241113_170135_scanAz_slow.txt,0.0093
results2411/20241113S170136.176600E170637.724690_scanAz_slow.dat,7.9186
results2411/20241113S170638.680396E171140.126723_scanAz_slow.dat,14.9744
results2411/20241113S171141.088874E171642.530796_scanAz_slow.dat,22.8902
results2411/20241113S171643.487968E172144.934594_scanAz_slow.dat,30.2770
results2411/20241113S172145.891536E172647.340423_scanAz_slow.dat,38.2330
results2411/20241113S172648.298052E173149.744679_scanAz_slow.dat,45.8147
results2411/20241113S173150.703499E173652.147622_scanAz_slow.dat,53.4676
results2411/20241113S173653.107799E174154.550514_scanAz_slow.dat,60.9625
results2411/20241113S174155.507491E174656.952665_scanAz_slow.dat,68.8050
results2411/20241113S174657.915923E175159.357397_scanAz_slow.dat,76.2849
results2411/20241113S175200.314950E175635.839798_scanAz_slow.dat,83.4718
read results2411/20241113_180134_scanAz_slow.txt,0.0099
results2411/20241113S180136.001046E180637.576544_scanAz_slow.dat,7.5623
results2411/20241113S180638.535210E181139.979523_scanAz_slow.dat,15.4958
results2411/20241113S181140.943036E181642.382942_scanAz_slow.dat,22.9928
results2411/20241113S181643.345628E182144.789180_scanAz_slow.dat,31.1674
results2411/20241113S182145.746939E182647.193636_scanAz_slow.dat,39.0602
results2411/20241113S182648.152109E183149.595005_scanAz_slow.dat,47.1752
results2411/20241113S183150.558294E183652.003041_scanAz_slow.dat,55.0059
results2411/20241113S183652.960278E184154.407107_scanAz_slow.dat,61.8075
results2411/20241113S184155.363979E184656.811462_scanAz_slow.dat,69.8333
results2411/20241113S184657.769586E185159.211443_scanAz_slow.dat,77.7035
results2411/20241113S185200.174758E185635.696836_scanAz_slow.dat,85.2036
read results2411/20241113_190134_scanAz_slow.txt,0.0095
results2411/20241113S190135.789891E190637.334450_scanAz_slow.dat,6.7163
results2411/20241113S190638.296237E191139.742827_scanAz_slow.dat,13.8185
results2411/20241113S191140.699777E191642.145417_scanAz_slow.dat,20.9913
results2411/20241113S191643.102681E192144.549972_scanAz_slow.dat,28.0869
results2411/20241113S192145.507149E192646.953373_scanAz_slow.dat,35.2706
results2411/20241113S192647.910366E193149.354230_scanAz_slow.dat,42.4084
results2411/20241113S193150.318372E193651.758263_scanAz_slow.dat,50.5062
results2411/20241113S193652.722165E194154.166806_scanAz_slow.dat,57.7346
results2411/20241113S194155.125232E194656.567820_scanAz_slow.dat,64.9833
results2411/20241113S194657.526837E195158.974867_scanAz_slow.dat,72.7315
results2411/20241113S195159.933565E195635.452873_scanAz_slow.dat,80.4556
read results2411/20241113_210134_scanAz_slow.txt,0.0094
results2411/20241113S210135.691455E210637.238774_scanAz_slow.dat,7.6147
results2411/20241113S210638.199009E211139.640854_scanAz_slow.dat,15.2994
results2411/20241113S211140.602734E211642.044132_scanAz_slow.dat,23.6424
results2411/20241113S211643.006826E212144.448450_scanAz_slow.dat,30.8697
results2411/20241113S212145.410194E212646.855010_scanAz_slow.dat,37.6906
results2411/20241113S212647.810627E213149.259596_scanAz_slow.dat,45.1764
results2411/20241113S213150.215645E213651.662053_scanAz_slow.dat,52.5611
results2411/20241113S213652.623581E214154.067101_scanAz_slow.dat,59.2197
results2411/20241113S214155.023140E214656.469258_scanAz_slow.dat,65.6982
results2411/20241113S214657.431695E215158.875068_scanAz_slow.dat,72.7409
results2411/20241113S215159.830757E215635.355561_scanAz_slow.dat,80.4695
read results2411/20241113_220135_scanAz_slow.txt,0.0095
results2411/20241113S220136.521042E220638.053060_scanAz_slow.dat,7.7251
results2411/20241113S220639.013255E221140.456295_scanAz_slow.dat,15.4829
results2411/20241113S221141.416936E221642.862217_scanAz_slow.dat,22.9665
results2411/20241113S221643.819106E222145.268190_scanAz_slow.dat,30.9257
results2411/20241113S222146.225113E222647.669894_scanAz_slow.dat,37.9111
results2411/20241113S222648.633177E223150.072730_scanAz_slow.dat,45.1892
results2411/20241113S223151.035066E223652.481051_scanAz_slow.dat,52.4646
results2411/20241113S223653.437016E224154.882778_scanAz_slow.dat,59.8819
results2411/20241113S224155.844644E224657.289785_scanAz_slow.dat,67.4685
results2411/20241113S224658.246756E225159.694206_scanAz_slow.dat,75.3894
results2411/20241113S225200.650374E225636.174223_scanAz_slow.dat,83.1550
read results2411/20241114_010135_scanAz_slow.txt,0.0187
results2411/20241114S010136.174709E010637.714437_scanAz_slow.dat,7.6548
results2411/20241114S010638.675715E011140.117091_scanAz_slow.dat,15.1401
results2411/20241114S011141.079291E011642.519955_scanAz_slow.dat,22.0789
results2411/20241114S011643.483817E012144.926857_scanAz_slow.dat,29.0588
results2411/20241114S012145.889467E012647.332027_scanAz_slow.dat,36.9875
results2411/20241114S012648.288930E013149.735872_scanAz_slow.dat,44.7597
results2411/20241114S013150.694598E013652.135425_scanAz_slow.dat,53.1197
results2411/20241114S013653.099631E014154.541141_scanAz_slow.dat,60.6954
results2411/20241114S014155.503862E014656.946190_scanAz_slow.dat,68.5864
results2411/20241114S014657.903410E015159.351790_scanAz_slow.dat,76.0346
results2411/20241114S015200.308662E015635.832520_scanAz_slow.dat,83.8550
read results2411/20241114_020134_scanAz_slow.txt,0.0143
results2411/20241114S020135.984385E020637.519866_scanAz_slow.dat,7.2926
results2411/20241114S020638.482288E021139.925326_scanAz_slow.dat,14.5629
results2411/20241114S021140.887470E021642.329654_scanAz_slow.dat,21.9947
results2411/20241114S021643.286925E022144.732333_scanAz_slow.dat,29.2340
results2411/20241114S022145.695305E022647.133612_scanAz_slow.dat,37.2846
results2411/20241114S022648.098058E023149.537760_scanAz_slow.dat,44.0557
results2411/20241114S023150.502195E023651.945630_scanAz_slow.dat,50.7435
results2411/20241114S023652.903056E024154.349654_scanAz_slow.dat,58.1855
results2411/20241114S024155.306668E024656.753878_scanAz_slow.dat,65.9521
results2411/20241114S024657.711737E025159.153057_scanAz_slow.dat,73.4102
results2411/20241114S025200.116385E025635.637642_scanAz_slow.dat,81.8191
read results2411/20241114_030134_scanAz_slow.txt,0.0150
results2411/20241114S030135.781904E030637.328316_scanAz_slow.dat,7.8093
results2411/20241114S030638.284309E031139.730398_scanAz_slow.dat,15.2907
results2411/20241114S031140.692773E031642.136043_scanAz_slow.dat,22.3810
results2411/20241114S031643.092834E032144.542238_scanAz_slow.dat,30.4166
results2411/20241114S032145.499765E032646.940909_scanAz_slow.dat,37.5494
results2411/20241114S032647.903918E033149.347661_scanAz_slow.dat,45.3405
results2411/20241114S033150.310293E033651.751910_scanAz_slow.dat,52.4747
results2411/20241114S033652.708758E034154.156412_scanAz_slow.dat,59.2179
results2411/20241114S034155.114264E034656.558490_scanAz_slow.dat,65.8601
results2411/20241114S034657.521234E035158.961078_scanAz_slow.dat,73.0483
results2411/20241114S035159.924363E035635.445959_scanAz_slow.dat,81.1246
read results2411/20241114_050134_scanAz_slow.txt,0.0103
results2411/20241114S050135.634895E050637.179790_scanAz_slow.dat,6.6611
results2411/20241114S050638.141147E051139.584171_scanAz_slow.dat,14.9891
results2411/20241114S051140.545436E051641.991492_scanAz_slow.dat,22.7745
results2411/20241114S051642.947767E052144.393770_scanAz_slow.dat,30.6705
results2411/20241114S052145.355598E052646.797721_scanAz_slow.dat,37.6415
results2411/20241114S052647.753951E053149.202647_scanAz_slow.dat,45.4060
results2411/20241114S053150.159000E053651.604511_scanAz_slow.dat,52.5380
results2411/20241114S053652.566506E054154.007379_scanAz_slow.dat,60.1813
results2411/20241114S054154.969700E054656.412438_scanAz_slow.dat,67.7713
results2411/20241114S054657.374482E055158.817558_scanAz_slow.dat,74.7147
results2411/20241114S055159.779131E055635.298061_scanAz_slow.dat,82.3218
read results2411/20241114_060135_scanAz_slow.txt,0.0085
results2411/20241114S060136.417517E060637.996279_scanAz_slow.dat,7.3842
results2411/20241114S060638.956148E061140.397974_scanAz_slow.dat,14.6252
results2411/20241114S061141.360485E061642.805403_scanAz_slow.dat,22.1133
results2411/20241114S061643.767135E062145.210652_scanAz_slow.dat,29.5005
results2411/20241114S062146.166913E062647.614568_scanAz_slow.dat,36.9902
results2411/20241114S062648.570408E063150.014669_scanAz_slow.dat,44.1661
results2411/20241114S063150.976783E063652.422590_scanAz_slow.dat,51.6113
results2411/20241114S063653.380994E064154.823489_scanAz_slow.dat,58.9654
results2411/20241114S064155.784937E064657.225346_scanAz_slow.dat,66.2336
results2411/20241114S064658.187695E065159.632500_scanAz_slow.dat,74.4164
results2411/20241114S065200.594277E065636.113666_scanAz_slow.dat,82.0832
read results2411/20241114_070135_scanAz_slow.txt,0.0086
results2411/20241114S070136.256811E070637.849625_scanAz_slow.dat,7.3733
results2411/20241114S070638.810695E071140.253598_scanAz_slow.dat,14.5150
results2411/20241114S071141.214599E071642.658300_scanAz_slow.dat,21.4987
results2411/20241114S071643.621008E072145.064102_scanAz_slow.dat,28.7822
results2411/20241114S072146.020727E072647.464271_scanAz_slow.dat,35.5941
results2411/20241114S072648.426210E073149.869878_scanAz_slow.dat,43.2903
results2411/20241114S073150.831692E073652.272883_scanAz_slow.dat,50.4547
results2411/20241114S073653.234743E074154.677480_scanAz_slow.dat,57.9335
results2411/20241114S074155.640229E074657.083481_scanAz_slow.dat,65.3314
results2411/20241114S074658.041241E075159.486422_scanAz_slow.dat,72.8672
results2411/20241114S075200.444043E075635.969168_scanAz_slow.dat,80.4498
read results2411/20241114_090135_scanAz_slow.txt,0.0062
results2411/20241114S090136.080633E090637.656362_scanAz_slow.dat,7.7555
results2411/20241114S090638.617747E091140.056334_scanAz_slow.dat,15.4907
results2411/20241114S091141.018733E091642.461798_scanAz_slow.dat,22.2344
results2411/20241114S091643.425043E092144.866843_scanAz_slow.dat,29.8438
results2411/20241114S092145.824142E092647.272684_scanAz_slow.dat,37.6973
results2411/20241114S092648.230512E093149.674356_scanAz_slow.dat,44.6175
results2411/20241114S093150.631330E093652.075804_scanAz_slow.dat,52.0482
results2411/20241114S093653.039085E094154.484376_scanAz_slow.dat,59.3320
results2411/20241114S094155.441610E094656.888440_scanAz_slow.dat,66.3191
results2411/20241114S094657.847814E095159.288162_scanAz_slow.dat,72.8428
results2411/20241114S095200.251529E095635.770386_scanAz_slow.dat,78.9905
read results2411/20241114_100134_scanAz_slow.txt,0.0061
results2411/20241114S100135.874314E100637.411506_scanAz_slow.dat,7.0387
results2411/20241114S100638.372642E101139.819627_scanAz_slow.dat,14.6877
results2411/20241114S101140.776800E101642.222159_scanAz_slow.dat,22.2876
results2411/20241114S101643.179095E102144.626801_scanAz_slow.dat,29.5218
results2411/20241114S102145.584909E102647.029547_scanAz_slow.dat,37.0677
results2411/20241114S102647.986410E103149.434008_scanAz_slow.dat,44.2200
results2411/20241114S103150.390942E103651.834113_scanAz_slow.dat,52.0063
results2411/20241114S103652.797441E104154.241502_scanAz_slow.dat,59.3867
results2411/20241114S104155.198422E104656.642542_scanAz_slow.dat,66.4487
results2411/20241114S104657.606135E105159.046883_scanAz_slow.dat,73.2704
results2411/20241114S105200.010530E105635.529643_scanAz_slow.dat,79.5074
read results2411/20241114_110134_scanAz_slow.txt,0.0088
results2411/20241114S110135.679394E110637.217125_scanAz_slow.dat,8.0428
results2411/20241114S110638.179140E111139.623633_scanAz_slow.dat,15.4845
results2411/20241114S111140.585438E111642.027645_scanAz_slow.dat,22.7521
results2411/20241114S111642.990272E112144.431800_scanAz_slow.dat,30.3765
results2411/20241114S112145.394403E112646.832524_scanAz_slow.dat,37.8478
results2411/20241114S112647.795581E113149.239528_scanAz_slow.dat,45.7552
results2411/20241114S113150.197603E113651.643409_scanAz_slow.dat,53.5964
results2411/20241114S113652.600618E114154.047656_scanAz_slow.dat,60.7556
results2411/20241114S114155.004554E114656.451645_scanAz_slow.dat,68.5795
results2411/20241114S114657.408487E115158.852427_scanAz_slow.dat,76.0409
results2411/20241114S115159.815726E115635.336352_scanAz_slow.dat,83.6464
read results2411/20241114_130135_scanAz_slow.txt,0.0090
results2411/20241114S130136.488525E130638.032187_scanAz_slow.dat,7.1880
results2411/20241114S130638.992419E131140.438454_scanAz_slow.dat,14.3531
results2411/20241114S131141.399538E131642.841028_scanAz_slow.dat,22.1105
results2411/20241114S131643.802869E132145.245000_scanAz_slow.dat,29.6596
results2411/20241114S132146.206837E132647.647854_scanAz_slow.dat,37.4077
results2411/20241114S132648.609593E133150.051213_scanAz_slow.dat,45.0236
results2411/20241114S133151.012993E133652.454432_scanAz_slow.dat,52.6948
results2411/20241114S133653.416841E134154.863859_scanAz_slow.dat,60.0541
results2411/20241114S134155.820244E134657.267519_scanAz_slow.dat,67.1708
results2411/20241114S134658.223946E135159.670616_scanAz_slow.dat,74.8914
results2411/20241114S135200.626434E135636.149950_scanAz_slow.dat,82.3046
read results2411/20241114_140135_scanAz_slow.txt,0.0091
results2411/20241114S140136.296033E140637.842620_scanAz_slow.dat,7.2339
results2411/20241114S140638.802903E141140.243910_scanAz_slow.dat,15.2973
results2411/20241114S141141.204604E141642.649338_scanAz_slow.dat,21.9870
results2411/20241114S141643.605540E142145.054335_scanAz_slow.dat,28.6442
results2411/20241114S142146.010517E142647.455925_scanAz_slow.dat,36.5060
results2411/20241114S142648.418473E143149.858839_scanAz_slow.dat,43.9390
results2411/20241114S143150.822444E143652.265603_scanAz_slow.dat,52.2410
results2411/20241114S143653.224613E144154.667656_scanAz_slow.dat,59.6439
results2411/20241114S144155.629934E144657.072545_scanAz_slow.dat,66.7075
results2411/20241114S144658.034538E145159.475891_scanAz_slow.dat,74.0380
results2411/20241114S145200.438028E145635.958197_scanAz_slow.dat,81.9938
read results2411/20241114_150135_scanAz_slow.txt,0.0082
results2411/20241114S150136.103492E150637.644347_scanAz_slow.dat,7.9806
results2411/20241114S150638.604829E151140.051616_scanAz_slow.dat,15.9245
results2411/20241114S151141.012243E151642.455701_scanAz_slow.dat,23.2630
results2411/20241114S151643.417216E152144.861003_scanAz_slow.dat,31.2872
results2411/20241114S152145.816974E152647.265114_scanAz_slow.dat,39.0976
results2411/20241114S152648.222287E153149.664773_scanAz_slow.dat,46.2725
results2411/20241114S153150.626309E153652.073234_scanAz_slow.dat,53.6633
results2411/20241114S153653.029264E154154.476534_scanAz_slow.dat,61.1002
results2411/20241114S154155.433214E154656.876839_scanAz_slow.dat,68.2887
results2411/20241114S154657.838871E155159.283457_scanAz_slow.dat,75.5949
results2411/20241114S155200.239213E155635.762932_scanAz_slow.dat,83.1462
read results2411/20241114_170134_scanAz_slow.txt,0.0087
results2411/20241114S170135.926018E170637.497402_scanAz_slow.dat,7.0764
results2411/20241114S170638.458929E171139.905575_scanAz_slow.dat,14.0113
results2411/20241114S171140.863158E171642.307405_scanAz_slow.dat,21.4772
results2411/20241114S171643.270323E172144.712285_scanAz_slow.dat,29.0395
results2411/20241114S172145.669188E172647.113179_scanAz_slow.dat,36.4716
results2411/20241114S172648.076199E173149.519599_scanAz_slow.dat,44.0573
results2411/20241114S173150.477055E173651.922653_scanAz_slow.dat,51.7899
results2411/20241114S173652.880407E174154.323688_scanAz_slow.dat,59.0441
results2411/20241114S174155.287704E174656.733231_scanAz_slow.dat,65.6906
results2411/20241114S174657.692003E175159.135795_scanAz_slow.dat,73.0345
results2411/20241114S175200.092746E175635.615714_scanAz_slow.dat,79.8414
read results2411/20241114_180134_scanAz_slow.txt,0.0084
results2411/20241114S180135.683602E180637.261081_scanAz_slow.dat,7.6478
results2411/20241114S180638.216809E181139.663603_scanAz_slow.dat,14.9721
results2411/20241114S181140.619616E181642.064707_scanAz_slow.dat,21.9491
results2411/20241114S181643.028273E182144.468496_scanAz_slow.dat,28.8682
results2411/20241114S182145.431797E182646.873047_scanAz_slow.dat,36.2300
results2411/20241114S182647.836379E183149.274725_scanAz_slow.dat,43.5703
results2411/20241114S183150.238915E183651.679714_scanAz_slow.dat,50.8387
results2411/20241114S183652.642668E184154.088210_scanAz_slow.dat,58.8426
results2411/20241114S184155.045394E184656.488831_scanAz_slow.dat,66.5546
results2411/20241114S184657.451923E185158.891991_scanAz_slow.dat,74.2659
results2411/20241114S185159.854945E185635.375209_scanAz_slow.dat,81.9152
read results2411/20241114_190135_scanAz_slow.txt,0.0097
results2411/20241114S190136.489704E190638.074358_scanAz_slow.dat,7.7243
results2411/20241114S190639.035595E191140.477820_scanAz_slow.dat,14.6653
results2411/20241114S191141.434552E191642.880114_scanAz_slow.dat,22.0312
results2411/20241114S191643.843051E192145.284536_scanAz_slow.dat,29.0413
results2411/20241114S192146.247235E192647.688085_scanAz_slow.dat,37.0814
results2411/20241114S192648.651091E193150.091416_scanAz_slow.dat,43.8547
results2411/20241114S193151.055388E193652.498328_scanAz_slow.dat,50.6341
results2411/20241114S193653.455212E194154.900077_scanAz_slow.dat,57.6517
results2411/20241114S194155.863147E194657.305899_scanAz_slow.dat,64.9817
results2411/20241114S194658.262731E195159.710046_scanAz_slow.dat,72.4028
results2411/20241114S195200.666995E195636.190259_scanAz_slow.dat,79.9753
read results2411/20241114_210135_scanAz_slow.txt,0.0082
results2411/20241114S210136.334043E210637.877245_scanAz_slow.dat,8.0193
results2411/20241114S210638.838654E211140.280648_scanAz_slow.dat,15.3278
results2411/20241114S211141.241318E211642.685083_scanAz_slow.dat,23.2653
results2411/20241114S211643.648414E212145.092619_scanAz_slow.dat,30.5629
results2411/20241114S212146.054031E212647.494483_scanAz_slow.dat,37.9892
results2411/20241114S212648.457066E213149.896184_scanAz_slow.dat,45.9104
results2411/20241114S213150.857748E213652.300243_scanAz_slow.dat,53.5438
results2411/20241114S213653.262040E214154.709880_scanAz_slow.dat,60.9152
results2411/20241114S214155.665917E214657.113746_scanAz_slow.dat,68.4655
results2411/20241114S214658.071025E215159.512331_scanAz_slow.dat,76.0467
results2411/20241114S215200.474840E215635.995878_scanAz_slow.dat,82.9419
read results2411/20241114_220135_scanAz_slow.txt,0.0084
results2411/20241114S220136.145510E220637.683709_scanAz_slow.dat,7.3352
results2411/20241114S220638.644599E221140.091080_scanAz_slow.dat,14.8047
results2411/20241114S221141.052225E221642.497011_scanAz_slow.dat,21.7455
results2411/20241114S221643.453633E222144.901059_scanAz_slow.dat,29.2801
results2411/20241114S222145.857976E222647.304629_scanAz_slow.dat,37.6337
results2411/20241114S222648.260627E223149.707139_scanAz_slow.dat,44.3283
results2411/20241114S223150.669227E223652.112378_scanAz_slow.dat,51.7204
results2411/20241114S223653.068623E224154.516254_scanAz_slow.dat,58.8968
results2411/20241114S224155.472570E224656.918584_scanAz_slow.dat,66.8926
results2411/20241114S224657.876260E225159.320488_scanAz_slow.dat,73.7363
results2411/20241114S225200.283534E225635.803883_scanAz_slow.dat,80.8963
read results2411/20241115_010134_scanAz_slow.txt,0.0082
results2411/20241115S010135.851060E010637.394539_scanAz_slow.dat,8.2327
results2411/20241115S010638.356334E011139.798657_scanAz_slow.dat,15.8219
results2411/20241115S011140.760575E011642.204961_scanAz_slow.dat,23.7913
results2411/20241115S011643.162483E012144.607672_scanAz_slow.dat,31.4332
results2411/20241115S012145.564504E012647.010956_scanAz_slow.dat,38.2951
results2411/20241115S012647.974262E013149.415552_scanAz_slow.dat,45.8979
results2411/20241115S013150.372482E013651.816357_scanAz_slow.dat,52.8075
results2411/20241115S013652.779741E014154.221619_scanAz_slow.dat,60.4079
results2411/20241115S014155.184372E014656.628232_scanAz_slow.dat,67.6016
results2411/20241115S014657.587567E015159.028708_scanAz_slow.dat,74.2657
results2411/20241115S015159.991505E015635.513561_scanAz_slow.dat,81.4280
read results2411/20241115_020134_scanAz_slow.txt,0.0082
results2411/20241115S020135.655413E020637.201173_scanAz_slow.dat,6.6069
results2411/20241115S020638.163831E021139.607698_scanAz_slow.dat,13.7087
results2411/20241115S021140.564313E021642.011849_scanAz_slow.dat,21.1410
results2411/20241115S021642.968717E022144.416024_scanAz_slow.dat,28.7453
results2411/20241115S022145.373235E022646.818908_scanAz_slow.dat,36.7159
results2411/20241115S022647.776055E023149.219437_scanAz_slow.dat,44.3153
results2411/20241115S023150.183366E023651.628012_scanAz_slow.dat,51.9710
results2411/20241115S023652.586463E024154.028760_scanAz_slow.dat,59.4585
results2411/20241115S024154.988068E024656.432462_scanAz_slow.dat,66.4628
results2411/20241115S024657.396062E025158.836304_scanAz_slow.dat,73.5423
results2411/20241115S025159.799979E025635.321912_scanAz_slow.dat,80.5126
read results2411/20241115_030135_scanAz_slow.txt,0.0082
results2411/20241115S030136.473609E030638.020063_scanAz_slow.dat,7.5303
results2411/20241115S030638.976950E031140.422735_scanAz_slow.dat,15.3148
results2411/20241115S031141.386096E031642.828357_scanAz_slow.dat,22.9051
results2411/20241115S031643.785214E032145.233924_scanAz_slow.dat,30.1708
results2411/20241115S032146.190809E032647.635228_scanAz_slow.dat,37.0122
results2411/20241115S032648.599104E033150.042616_scanAz_slow.dat,44.4265
results2411/20241115S033150.999849E033652.446986_scanAz_slow.dat,52.3006
results2411/20241115S033653.406309E034154.848415_scanAz_slow.dat,60.1778
results2411/20241115S034155.811517E034657.255087_scanAz_slow.dat,67.3010
results2411/20241115S034658.212943E035159.657571_scanAz_slow.dat,74.7056
results2411/20241115S035200.614546E035636.138093_scanAz_slow.dat,81.9136
read results2411/20241115_050135_scanAz_slow.txt,0.0082
results2411/20241115S050136.327865E050637.871679_scanAz_slow.dat,7.4098
results2411/20241115S050638.832166E051140.274271_scanAz_slow.dat,14.4236
results2411/20241115S051141.236472E051642.679524_scanAz_slow.dat,21.3712
results2411/20241115S051643.642335E052145.086385_scanAz_slow.dat,29.4133
results2411/20241115S052146.042436E052647.485571_scanAz_slow.dat,37.2082
results2411/20241115S052648.447421E053149.893814_scanAz_slow.dat,45.0929
results2411/20241115S053150.849441E053652.298831_scanAz_slow.dat,51.9148
results2411/20241115S053653.256088E054154.700527_scanAz_slow.dat,59.2751
results2411/20241115S054155.662088E054657.103470_scanAz_slow.dat,66.7362
results2411/20241115S054658.065171E055159.504720_scanAz_slow.dat,74.5210
results2411/20241115S055200.466835E055635.990216_scanAz_slow.dat,81.7258
read results2411/20241115_060135_scanAz_slow.txt,0.0087
results2411/20241115S060136.144940E060637.680796_scanAz_slow.dat,7.5353
results2411/20241115S060638.641269E061140.084207_scanAz_slow.dat,14.4781
results2411/20241115S061141.039799E061642.485588_scanAz_slow.dat,21.8172
results2411/20241115S061643.448070E062144.888187_scanAz_slow.dat,29.2348
results2411/20241115S062145.850316E062647.294063_scanAz_slow.dat,36.3595
results2411/20241115S062648.255790E063149.700460_scanAz_slow.dat,43.4865
results2411/20241115S063150.657085E063652.103775_scanAz_slow.dat,50.3719
results2411/20241115S063653.059822E064154.503184_scanAz_slow.dat,57.9315
results2411/20241115S064155.465584E064656.912696_scanAz_slow.dat,65.6755
results2411/20241115S064657.869595E065159.315181_scanAz_slow.dat,73.0727
results2411/20241115S065200.270941E065635.795301_scanAz_slow.dat,80.9792
read results2411/20241115_070134_scanAz_slow.txt,0.0085
results2411/20241115S070135.963423E070637.535048_scanAz_slow.dat,7.6572
results2411/20241115S070638.495291E071139.934445_scanAz_slow.dat,14.7806
results2411/20241115S071140.896934E071642.337779_scanAz_slow.dat,22.8500
results2411/20241115S071643.299608E072144.742952_scanAz_slow.dat,30.3161
results2411/20241115S072145.706319E072647.145587_scanAz_slow.dat,37.4355
results2411/20241115S072648.107976E073149.553677_scanAz_slow.dat,45.2679
results2411/20241115S073150.509670E073651.953741_scanAz_slow.dat,53.0389
results2411/20241115S073652.915149E074154.357405_scanAz_slow.dat,60.6885
results2411/20241115S074155.319791E074656.766791_scanAz_slow.dat,67.9988
results2411/20241115S074657.723212E075159.166024_scanAz_slow.dat,75.2855
results2411/20241115S075200.128192E075635.649461_scanAz_slow.dat,82.6245
read results2411/20241115_090134_scanAz_slow.txt,0.0082
results2411/20241115S090135.792253E090637.339403_scanAz_slow.dat,6.6014
results2411/20241115S090638.300843E091139.743804_scanAz_slow.dat,13.8316
results2411/20241115S091140.705254E091642.147399_scanAz_slow.dat,20.1946
results2411/20241115S091643.104307E092144.550801_scanAz_slow.dat,28.0750
results2411/20241115S092145.513561E092646.952317_scanAz_slow.dat,35.1741
results2411/20241115S092647.915675E093149.358109_scanAz_slow.dat,42.2428
results2411/20241115S093150.321046E093651.760352_scanAz_slow.dat,49.7477
results2411/20241115S093652.724895E094154.164859_scanAz_slow.dat,57.4452
results2411/20241115S094155.128463E094656.572591_scanAz_slow.dat,64.7652
results2411/20241115S094657.531347E095158.975373_scanAz_slow.dat,72.2392
results2411/20241115S095159.938011E095635.456941_scanAz_slow.dat,79.7462
read results2411/20241115_100134_scanAz_slow.txt,0.0093
results2411/20241115S100135.619197E100637.193781_scanAz_slow.dat,7.4089
results2411/20241115S100638.155929E101139.600129_scanAz_slow.dat,14.5561
results2411/20241115S101140.558240E101642.001279_scanAz_slow.dat,21.7044
results2411/20241115S101642.963994E102144.405307_scanAz_slow.dat,29.2439
results2411/20241115S102145.363814E102646.810692_scanAz_slow.dat,36.5874
results2411/20241115S102647.768490E103149.217330_scanAz_slow.dat,43.5508
results2411/20241115S103150.174318E103651.620802_scanAz_slow.dat,50.8151
results2411/20241115S103652.578903E104154.022323_scanAz_slow.dat,57.8763
results2411/20241115S104154.979448E104656.424374_scanAz_slow.dat,65.6094
results2411/20241115S104657.387024E105158.828819_scanAz_slow.dat,73.4922
results2411/20241115S105159.792432E105635.311240_scanAz_slow.dat,80.6218
read results2411/20241115_110135_scanAz_slow.txt,0.0082
results2411/20241115S110136.414918E110637.963928_scanAz_slow.dat,7.9774
results2411/20241115S110638.921431E111140.368328_scanAz_slow.dat,15.7048
results2411/20241115S111141.324977E111642.769580_scanAz_slow.dat,22.9227
results2411/20241115S111643.727093E112145.175671_scanAz_slow.dat,29.9991
results2411/20241115S112146.132585E112647.580461_scanAz_slow.dat,37.8536
results2411/20241115S112648.537750E113149.981974_scanAz_slow.dat,45.1621
results2411/20241115S113150.944677E113652.385887_scanAz_slow.dat,52.6257
results2411/20241115S113653.348599E114154.791456_scanAz_slow.dat,60.1078
results2411/20241115S114155.749828E114657.196191_scanAz_slow.dat,68.0387
results2411/20241115S114658.154304E115159.598898_scanAz_slow.dat,75.5990
results2411/20241115S115200.555825E115636.080987_scanAz_slow.dat,82.9687
read results2411/20241115_130135_scanAz_slow.txt,0.0087
results2411/20241115S130136.270300E130637.815233_scanAz_slow.dat,8.0394
results2411/20241115S130638.775814E131140.218737_scanAz_slow.dat,15.0378
results2411/20241115S131141.180862E131642.626110_scanAz_slow.dat,22.4561
results2411/20241115S131643.581777E132145.027656_scanAz_slow.dat,29.3897
results2411/20241115S132145.990270E132647.434150_scanAz_slow.dat,37.0692
results2411/20241115S132648.390141E133149.834658_scanAz_slow.dat,44.5572
results2411/20241115S133150.797979E133652.242253_scanAz_slow.dat,51.4048
results2411/20241115S133653.197935E134154.645817_scanAz_slow.dat,58.9438
results2411/20241115S134155.602703E134657.049127_scanAz_slow.dat,66.6274
results2411/20241115S134658.010621E135159.453749_scanAz_slow.dat,74.5249
results2411/20241115S135200.410238E135635.934995_scanAz_slow.dat,82.0865
read results2411/20241115_140135_scanAz_slow.txt,0.0087
results2411/20241115S140136.103697E140637.673565_scanAz_slow.dat,6.4662
results2411/20241115S140638.634012E141140.078030_scanAz_slow.dat,13.5880
results2411/20241115S141141.033547E141642.479086_scanAz_slow.dat,21.2755
results2411/20241115S141643.441506E142144.885869_scanAz_slow.dat,29.1147
results2411/20241115S142145.842485E142647.290259_scanAz_slow.dat,36.1760
results2411/20241115S142648.245893E143149.693741_scanAz_slow.dat,43.3749
results2411/20241115S143150.649722E143652.098711_scanAz_slow.dat,50.4575
results2411/20241115S143653.054635E144154.500107_scanAz_slow.dat,57.5534
results2411/20241115S144155.462830E144656.907608_scanAz_slow.dat,65.3838
results2411/20241115S144657.865422E145159.306728_scanAz_slow.dat,72.4475
results2411/20241115S145200.269259E145635.791848_scanAz_slow.dat,80.0000
read results2411/20241115_150134_scanAz_slow.txt,0.0086
results2411/20241115S150135.934687E150637.483039_scanAz_slow.dat,7.4892
results2411/20241115S150638.442942E151139.881039_scanAz_slow.dat,15.2446
results2411/20241115S151140.841664E151642.290647_scanAz_slow.dat,22.9209
results2411/20241115S151643.247333E152144.692963_scanAz_slow.dat,30.1106
results2411/20241115S152145.654526E152647.097638_scanAz_slow.dat,37.3080
results2411/20241115S152648.053971E153149.499678_scanAz_slow.dat,46.0158
results2411/20241115S153150.461136E153651.902044_scanAz_slow.dat,53.2315
results2411/20241115S153652.865044E154154.308144_scanAz_slow.dat,60.5311
results2411/20241115S154155.270109E154656.712956_scanAz_slow.dat,68.4107
results2411/20241115S154657.668607E155159.113604_scanAz_slow.dat,75.6986
results2411/20241115S155200.076740E155635.597187_scanAz_slow.dat,83.4074
read results2411/20241115_170134_scanAz_slow.txt,0.0081
results2411/20241115S170135.796389E170637.335212_scanAz_slow.dat,6.7918
results2411/20241115S170638.291531E171139.734096_scanAz_slow.dat,13.8613
results2411/20241115S171140.695980E171642.142167_scanAz_slow.dat,21.2685
results2411/20241115S171643.099728E172144.544775_scanAz_slow.dat,28.8989
results2411/20241115S172145.507500E172646.947103_scanAz_slow.dat,35.4378
results2411/20241115S172647.910063E173149.352812_scanAz_slow.dat,42.5250
results2411/20241115S173150.315504E173651.758042_scanAz_slow.dat,50.1608
results2411/20241115S173652.715416E174154.160262_scanAz_slow.dat,57.0976
results2411/20241115S174155.122941E174656.564557_scanAz_slow.dat,64.7713
results2411/20241115S174657.521518E175158.967551_scanAz_slow.dat,72.3673
results2411/20241115S175159.930265E175635.448688_scanAz_slow.dat,80.0024
read results2411/20241115_180134_scanAz_slow.txt,0.0087
results2411/20241115S180135.612779E180637.185929_scanAz_slow.dat,7.2783
results2411/20241115S180638.147443E181139.588557_scanAz_slow.dat,14.6506
results2411/20241115S181140.552740E181641.992346_scanAz_slow.dat,22.6112
results2411/20241115S181642.955418E182144.397245_scanAz_slow.dat,30.4681
results2411/20241115S182145.360262E182646.800724_scanAz_slow.dat,37.2825
results2411/20241115S182647.764366E183149.206460_scanAz_slow.dat,45.3440
results2411/20241115S183150.163978E183651.607942_scanAz_slow.dat,52.5899
results2411/20241115S183652.572103E184154.015517_scanAz_slow.dat,59.7379
results2411/20241115S184154.972387E184656.418794_scanAz_slow.dat,67.3109
results2411/20241115S184657.375754E185158.824754_scanAz_slow.dat,75.0480
results2411/20241115S185159.782038E185635.303057_scanAz_slow.dat,82.3370
read results2411/20241115_190135_scanAz_slow.txt,0.0099
results2411/20241115S190136.408005E190637.951853_scanAz_slow.dat,7.1115
results2411/20241115S190638.913578E191140.355419_scanAz_slow.dat,14.3833
results2411/20241115S191141.317802E191642.760434_scanAz_slow.dat,21.5494
results2411/20241115S191643.723802E192145.168369_scanAz_slow.dat,28.0692
results2411/20241115S192146.126488E192647.571207_scanAz_slow.dat,35.4964
results2411/20241115S192648.528441E193149.975955_scanAz_slow.dat,43.1449
results2411/20241115S193150.933124E193652.379670_scanAz_slow.dat,50.2111
results2411/20241115S193653.338336E194154.780400_scanAz_slow.dat,57.9125
results2411/20241115S194155.738867E194657.186477_scanAz_slow.dat,65.4733
results2411/20241115S194658.143419E195159.588075_scanAz_slow.dat,71.0899
results2411/20241115S195200.551387E195636.070961_scanAz_slow.dat,77.4745
read results2411/20241115_210135_scanAz_slow.txt,0.0082
results2411/20241115S210136.262273E210637.806365_scanAz_slow.dat,7.3512
results2411/20241115S210638.767154E211140.209626_scanAz_slow.dat,14.1949
results2411/20241115S211141.170967E211642.615641_scanAz_slow.dat,21.5749
results2411/20241115S211643.577955E212145.018454_scanAz_slow.dat,29.3066
results2411/20241115S212145.980246E212647.424875_scanAz_slow.dat,37.0523
results2411/20241115S212648.386323E213149.830193_scanAz_slow.dat,44.3560
results2411/20241115S213150.786792E213652.232069_scanAz_slow.dat,51.9314
results2411/20241115S213653.193478E214154.638149_scanAz_slow.dat,59.8454
results2411/20241115S214155.594827E214657.037170_scanAz_slow.dat,67.1868
results2411/20241115S214657.998646E215159.445481_scanAz_slow.dat,73.9049
results2411/20241115S215200.401269E215635.925133_scanAz_slow.dat,80.9939
read results2411/20241115_220135_scanAz_slow.txt,0.0085
results2411/20241115S220136.072361E220637.614494_scanAz_slow.dat,7.6949
results2411/20241115S220638.575342E221140.016708_scanAz_slow.dat,14.9739
results2411/20241115S221140.977413E221642.424370_scanAz_slow.dat,22.4515
results2411/20241115S221643.380343E222144.829341_scanAz_slow.dat,29.2399
results2411/20241115S222145.785332E222647.231206_scanAz_slow.dat,36.2661
results2411/20241115S222648.193503E223149.632040_scanAz_slow.dat,42.8877
results2411/20241115S223150.594470E223652.039396_scanAz_slow.dat,49.7850
results2411/20241115S223653.001127E224154.444605_scanAz_slow.dat,56.1557
results2411/20241115S224155.400892E224656.843741_scanAz_slow.dat,62.4290
results2411/20241115S224657.806472E225159.248049_scanAz_slow.dat,69.5104
results2411/20241115S225200.212681E225635.732690_scanAz_slow.dat,76.3727
read results2411/20241116_010134_scanAz_slow.txt,0.0084
results2411/20241116S010135.731086E010637.276059_scanAz_slow.dat,7.4223
results2411/20241116S010638.237532E011139.683447_scanAz_slow.dat,14.2689
results2411/20241116S011140.640987E011642.085610_scanAz_slow.dat,21.3748
results2411/20241116S011643.042793E012144.491802_scanAz_slow.dat,28.2273
results2411/20241116S012145.449337E012646.893196_scanAz_slow.dat,35.7040
results2411/20241116S012647.855913E013149.299218_scanAz_slow.dat,42.6291
results2411/20241116S013150.256482E013651.701350_scanAz_slow.dat,49.8412
results2411/20241116S013652.660082E014154.103787_scanAz_slow.dat,56.7438
results2411/20241116S014155.066476E014656.510392_scanAz_slow.dat,64.4272
results2411/20241116S014657.467823E015158.912478_scanAz_slow.dat,71.4780
results2411/20241116S015159.875179E015635.394286_scanAz_slow.dat,78.5254
read results2411/20241116_020135_scanAz_slow.txt,0.0088
results2411/20241116S020136.545230E020638.093724_scanAz_slow.dat,7.0061
results2411/20241116S020639.050404E021140.493439_scanAz_slow.dat,14.7409
results2411/20241116S021141.456873E021642.897686_scanAz_slow.dat,22.4342
results2411/20241116S021643.861583E022145.302839_scanAz_slow.dat,28.9577
results2411/20241116S022146.266146E022647.709487_scanAz_slow.dat,36.9648
results2411/20241116S022648.667610E023150.114029_scanAz_slow.dat,44.4102
results2411/20241116S023151.072212E023652.514073_scanAz_slow.dat,51.5552
results2411/20241116S023653.477355E024154.919387_scanAz_slow.dat,59.3767
results2411/20241116S024155.882315E024657.324517_scanAz_slow.dat,66.7765
results2411/20241116S024658.282646E025159.728903_scanAz_slow.dat,74.0623
results2411/20241116S025200.685800E025636.210007_scanAz_slow.dat,81.8318
read results2411/20241116_030135_scanAz_slow.txt,0.0085
results2411/20241116S030136.401704E030637.948330_scanAz_slow.dat,7.8402
results2411/20241116S030638.909799E031140.351044_scanAz_slow.dat,15.7254
results2411/20241116S031141.308337E031642.753962_scanAz_slow.dat,23.9958
results2411/20241116S031643.716653E032145.161245_scanAz_slow.dat,31.5056
results2411/20241116S032146.118156E032647.562606_scanAz_slow.dat,39.0682
results2411/20241116S032648.525930E033149.966059_scanAz_slow.dat,46.1794
results2411/20241116S033150.928819E033652.370030_scanAz_slow.dat,53.9344
results2411/20241116S033653.332725E034154.773283_scanAz_slow.dat,61.1349
results2411/20241116S034155.736653E034657.179088_scanAz_slow.dat,68.9566
results2411/20241116S034658.137214E035159.583372_scanAz_slow.dat,76.5636
results2411/20241116S035200.540330E035636.063357_scanAz_slow.dat,83.0591
read results2411/20241116_050135_scanAz_slow.txt,0.0086
results2411/20241116S050136.253997E050637.803975_scanAz_slow.dat,7.5746
results2411/20241116S050638.758687E051140.205018_scanAz_slow.dat,15.7418
results2411/20241116S051141.166947E051642.609508_scanAz_slow.dat,22.9406
results2411/20241116S051643.571682E052145.015055_scanAz_slow.dat,29.3364
results2411/20241116S052145.976614E052647.415031_scanAz_slow.dat,37.4076
results2411/20241116S052648.376553E053149.821908_scanAz_slow.dat,44.7268
results2411/20241116S053150.784054E053652.227141_scanAz_slow.dat,52.3109
results2411/20241116S053653.188844E054154.632781_scanAz_slow.dat,59.5767
results2411/20241116S054155.589209E054657.036224_scanAz_slow.dat,66.3552
results2411/20241116S054657.997977E055159.441553_scanAz_slow.dat,73.7624
results2411/20241116S055200.397657E055635.922477_scanAz_slow.dat,81.2464
read results2411/20241116_060135_scanAz_slow.txt,0.0083
results2411/20241116S060136.086896E060637.660243_scanAz_slow.dat,7.5299
results2411/20241116S060638.621645E061140.063528_scanAz_slow.dat,14.3997
results2411/20241116S061141.025927E061642.464971_scanAz_slow.dat,21.4545
results2411/20241116S061643.426791E062144.874642_scanAz_slow.dat,28.4183
results2411/20241116S062145.830701E062647.273647_scanAz_slow.dat,35.9096
results2411/20241116S062648.235581E063149.676741_scanAz_slow.dat,43.2832
results2411/20241116S063150.638535E063652.085791_scanAz_slow.dat,50.6101
results2411/20241116S063653.041454E064154.485967_scanAz_slow.dat,57.9106
results2411/20241116S064155.448444E064656.891319_scanAz_slow.dat,64.9036
results2411/20241116S064657.853106E065159.293026_scanAz_slow.dat,71.6724
results2411/20241116S065200.255136E065635.776134_scanAz_slow.dat,79.5991
read results2411/20241116_070134_scanAz_slow.txt,0.0081
results2411/20241116S070135.920300E070637.463789_scanAz_slow.dat,7.4897
results2411/20241116S070638.424896E071139.867224_scanAz_slow.dat,15.3344
results2411/20241116S071140.828298E071642.275416_scanAz_slow.dat,23.1140
results2411/20241116S071643.231622E072144.679215_scanAz_slow.dat,30.8336
results2411/20241116S072145.635346E072647.084308_scanAz_slow.dat,38.3386
results2411/20241116S072648.041265E073149.483182_scanAz_slow.dat,45.3950
results2411/20241116S073150.445881E073651.886255_scanAz_slow.dat,51.9527
results2411/20241116S073652.848999E074154.293018_scanAz_slow.dat,59.1060
results2411/20241116S074155.254646E074656.694189_scanAz_slow.dat,66.1947
results2411/20241116S074657.656893E075159.099531_scanAz_slow.dat,74.0178
results2411/20241116S075200.061606E075635.581667_scanAz_slow.dat,81.3636
read results2411/20241116_090134_scanAz_slow.txt,0.0086
results2411/20241116S090135.742405E090637.317150_scanAz_slow.dat,7.3794
results2411/20241116S090638.278911E091139.725093_scanAz_slow.dat,14.3947
results2411/20241116S091140.682800E091642.124973_scanAz_slow.dat,22.0029
results2411/20241116S091643.088266E092144.531389_scanAz_slow.dat,29.3128
results2411/20241116S092145.488592E092646.932176_scanAz_slow.dat,36.9830
results2411/20241116S092647.896133E093149.340595_scanAz_slow.dat,44.9131
results2411/20241116S093150.297640E093651.742107_scanAz_slow.dat,51.8579
results2411/20241116S093652.705125E094154.146500_scanAz_slow.dat,59.3122
results2411/20241116S094155.109047E094656.549704_scanAz_slow.dat,66.8169
results2411/20241116S094657.513150E095158.952427_scanAz_slow.dat,74.0680
results2411/20241116S095159.916749E095635.435891_scanAz_slow.dat,81.8024
read results2411/20241116_100135_scanAz_slow.txt,0.0094
results2411/20241116S100136.566268E100638.134747_scanAz_slow.dat,7.8157
results2411/20241116S100639.096529E101140.536923_scanAz_slow.dat,15.2865
results2411/20241116S101141.500527E101642.941253_scanAz_slow.dat,22.8913
results2411/20241116S101643.904859E102145.348265_scanAz_slow.dat,30.5962
results2411/20241116S102146.305229E102647.752384_scanAz_slow.dat,37.3033
results2411/20241116S102648.709295E103150.155484_scanAz_slow.dat,44.3059
results2411/20241116S103151.113272E103652.561152_scanAz_slow.dat,51.5352
results2411/20241116S103653.519597E104154.961826_scanAz_slow.dat,58.9850
results2411/20241116S104155.925456E104657.368521_scanAz_slow.dat,66.7625
results2411/20241116S104658.325502E105159.771458_scanAz_slow.dat,74.5277
results2411/20241116S105200.729251E105636.253877_scanAz_slow.dat,81.8599
read results2411/20241116_110135_scanAz_slow.txt,0.0091
results2411/20241116S110136.348125E110637.896250_scanAz_slow.dat,7.4273
results2411/20241116S110638.853162E111140.300437_scanAz_slow.dat,15.1833
results2411/20241116S111141.256465E111642.702210_scanAz_slow.dat,22.7605
results2411/20241116S111643.664853E112145.107405_scanAz_slow.dat,31.0773
results2411/20241116S112146.064240E112647.512742_scanAz_slow.dat,38.8566
results2411/20241116S112648.469937E113149.917958_scanAz_slow.dat,45.8364
results2411/20241116S113150.876386E113652.316951_scanAz_slow.dat,53.6932
results2411/20241116S113653.280858E114154.724416_scanAz_slow.dat,61.4000
results2411/20241116S114155.681356E114657.124691_scanAz_slow.dat,68.7740
results2411/20241116S114658.084070E115159.528540_scanAz_slow.dat,76.7838
results2411/20241116S115200.491860E115636.014079_scanAz_slow.dat,84.5790
read results2411/20241116_130135_scanAz_slow.txt,0.0092
results2411/20241116S130136.212887E130637.749841_scanAz_slow.dat,7.7718
results2411/20241116S130638.709810E131140.155222_scanAz_slow.dat,14.8741
results2411/20241116S131141.115902E131642.556993_scanAz_slow.dat,22.4749
results2411/20241116S131643.518772E132144.958700_scanAz_slow.dat,30.0416
results2411/20241116S132145.921404E132647.366821_scanAz_slow.dat,37.2930
results2411/20241116S132648.322526E133149.767729_scanAz_slow.dat,44.7835
results2411/20241116S133150.731113E133652.173118_scanAz_slow.dat,52.1851
results2411/20241116S133653.134602E134154.574557_scanAz_slow.dat,59.4007
results2411/20241116S134155.536369E134656.981238_scanAz_slow.dat,67.2343
results2411/20241116S134657.938804E135159.386999_scanAz_slow.dat,74.6800
results2411/20241116S135200.344211E135635.865456_scanAz_slow.dat,81.6716
read results2411/20241116_140134_scanAz_slow.txt,0.0132
results2411/20241116S140136.012704E140637.556890_scanAz_slow.dat,7.3137
results2411/20241116S140638.517747E141139.960622_scanAz_slow.dat,15.0806
results2411/20241116S141140.921666E141642.364974_scanAz_slow.dat,22.6660
results2411/20241116S141643.326698E142144.765984_scanAz_slow.dat,30.5847
results2411/20241116S142145.728339E142647.175462_scanAz_slow.dat,38.9608
results2411/20241116S142648.131092E143149.575905_scanAz_slow.dat,46.9859
results2411/20241116S143150.538166E143651.982482_scanAz_slow.dat,54.3228
results2411/20241116S143652.940127E144154.385076_scanAz_slow.dat,61.3499
results2411/20241116S144155.342603E144656.787686_scanAz_slow.dat,67.6422
results2411/20241116S144657.750069E145159.193958_scanAz_slow.dat,74.6886
results2411/20241116S145200.150348E145635.674603_scanAz_slow.dat,81.9649
read results2411/20241116_150134_scanAz_slow.txt,0.0137
results2411/20241116S150135.817975E150637.361329_scanAz_slow.dat,7.3367
results2411/20241116S150638.322452E151139.769757_scanAz_slow.dat,15.2098
results2411/20241116S151140.724722E151642.172526_scanAz_slow.dat,22.2366
results2411/20241116S151643.134057E152144.573429_scanAz_slow.dat,29.7986
results2411/20241116S152145.535908E152646.977125_scanAz_slow.dat,36.9081
results2411/20241116S152647.939558E153149.382813_scanAz_slow.dat,44.4200
results2411/20241116S153150.340102E153651.784953_scanAz_slow.dat,52.0990
results2411/20241116S153652.747003E154154.188639_scanAz_slow.dat,59.8249
results2411/20241116S154155.151113E154656.593072_scanAz_slow.dat,68.0787
results2411/20241116S154657.555793E155158.998084_scanAz_slow.dat,76.2434
results2411/20241116S155159.960595E155635.481101_scanAz_slow.dat,83.8784
read results2411/20241116_170134_scanAz_slow.txt,0.0169
results2411/20241116S170135.642584E170637.219463_scanAz_slow.dat,8.4236
results2411/20241116S170638.174794E171139.621263_scanAz_slow.dat,15.8003
results2411/20241116S171140.583676E171642.027998_scanAz_slow.dat,23.5022
results2411/20241116S171642.986108E172144.431767_scanAz_slow.dat,30.8123
results2411/20241116S172145.389631E172646.835677_scanAz_slow.dat,38.2353
results2411/20241116S172647.796389E173149.237599_scanAz_slow.dat,46.5605
results2411/20241116S173150.200257E173651.644790_scanAz_slow.dat,54.5055
results2411/20241116S173652.603073E174154.048321_scanAz_slow.dat,61.2291
results2411/20241116S174155.007215E174656.450681_scanAz_slow.dat,68.7768
results2411/20241116S174657.408982E175158.854880_scanAz_slow.dat,77.0735
results2411/20241116S175159.811645E175635.334606_scanAz_slow.dat,84.6027
read results2411/20241116_180135_scanAz_slow.txt,0.0082
results2411/20241116S180136.440070E180637.986925_scanAz_slow.dat,7.6086
results2411/20241116S180638.942697E181140.387031_scanAz_slow.dat,15.3487
results2411/20241116S181141.349868E181642.790729_scanAz_slow.dat,23.0721
results2411/20241116S181643.754649E182145.199290_scanAz_slow.dat,30.4420
results2411/20241116S182146.156779E182647.601169_scanAz_slow.dat,37.8401
results2411/20241116S182648.558366E183150.007452_scanAz_slow.dat,45.8609
results2411/20241116S183150.965248E183652.409629_scanAz_slow.dat,53.0574
results2411/20241116S183653.367055E184154.812487_scanAz_slow.dat,60.3601
results2411/20241116S184155.775528E184657.218720_scanAz_slow.dat,67.4013
results2411/20241116S184658.178314E185159.622269_scanAz_slow.dat,74.4348
results2411/20241116S185200.579846E185636.102365_scanAz_slow.dat,81.7580
read results2411/20241116_190135_scanAz_slow.txt,0.0088
results2411/20241116S190136.246698E190637.789712_scanAz_slow.dat,7.1740
results2411/20241116S190638.751749E191140.198072_scanAz_slow.dat,15.1909
results2411/20241116S191141.156889E191642.600414_scanAz_slow.dat,22.7179
results2411/20241116S191643.557332E192145.006314_scanAz_slow.dat,30.2786
results2411/20241116S192145.964160E192647.408806_scanAz_slow.dat,37.7900
results2411/20241116S192648.365716E193149.813805_scanAz_slow.dat,44.5693
results2411/20241116S193150.771390E193652.217304_scanAz_slow.dat,51.8004
results2411/20241116S193653.178133E194154.620512_scanAz_slow.dat,59.3543
results2411/20241116S194155.577393E194657.022380_scanAz_slow.dat,66.4274
results2411/20241116S194657.985589E195159.425455_scanAz_slow.dat,73.7360
results2411/20241116S195200.389426E195635.909282_scanAz_slow.dat,81.1035
read results2411/20241116_210135_scanAz_slow.txt,0.0088
results2411/20241116S210136.098403E210637.647049_scanAz_slow.dat,7.0420
results2411/20241116S210638.607586E211140.050314_scanAz_slow.dat,13.3482
results2411/20241116S211141.011424E211642.452835_scanAz_slow.dat,19.9967
results2411/20241116S211643.414267E212144.856510_scanAz_slow.dat,26.9572
results2411/20241116S212145.819576E212647.260294_scanAz_slow.dat,33.9483
results2411/20241116S212648.222048E213149.666565_scanAz_slow.dat,41.1876
results2411/20241116S213150.622815E213652.065810_scanAz_slow.dat,48.1501
results2411/20241116S213653.027573E214154.474622_scanAz_slow.dat,55.0583
results2411/20241116S214155.432249E214656.877201_scanAz_slow.dat,62.5588
results2411/20241116S214657.834993E215159.282006_scanAz_slow.dat,70.4857
results2411/20241116S215200.238059E215635.761960_scanAz_slow.dat,78.3632
read results2411/20241116_220134_scanAz_slow.txt,0.0083
results2411/20241116S220135.930486E220637.501660_scanAz_slow.dat,7.2082
results2411/20241116S220638.456965E221139.901475_scanAz_slow.dat,14.5457
results2411/20241116S221140.863073E221642.305667_scanAz_slow.dat,22.4163
results2411/20241116S221643.267725E222144.709756_scanAz_slow.dat,29.9217
results2411/20241116S222145.671676E222647.117912_scanAz_slow.dat,37.2853
results2411/20241116S222648.073669E223149.518825_scanAz_slow.dat,44.5486
results2411/20241116S223150.481166E223651.921236_scanAz_slow.dat,52.1536
results2411/20241116S223652.883327E224154.327102_scanAz_slow.dat,58.9600
results2411/20241116S224155.289238E224656.733495_scanAz_slow.dat,67.2723
results2411/20241116S224657.690908E225159.133461_scanAz_slow.dat,75.4943
results2411/20241116S225200.095299E225635.616866_scanAz_slow.dat,83.6465
read results2411/20241117_010134_scanAz_slow.txt,0.0068
results2411/20241117S010135.634098E010637.210980_scanAz_slow.dat,6.6673
results2411/20241117S010638.166927E011139.612527_scanAz_slow.dat,14.1737
results2411/20241117S011140.574670E011642.015937_scanAz_slow.dat,21.6097
results2411/20241117S011642.979216E012144.423027_scanAz_slow.dat,28.4449
results2411/20241117S012145.380525E012646.826716_scanAz_slow.dat,35.4165
results2411/20241117S012647.784538E013149.231086_scanAz_slow.dat,42.6297
results2411/20241117S013150.189207E013651.631133_scanAz_slow.dat,50.3483
results2411/20241117S013652.594756E014154.039148_scanAz_slow.dat,57.8210
results2411/20241117S014154.997567E014656.439703_scanAz_slow.dat,65.2676
results2411/20241117S014657.402649E015158.842062_scanAz_slow.dat,73.0203
results2411/20241117S015159.806388E015635.327100_scanAz_slow.dat,80.4379
read results2411/20241117_020135_scanAz_slow.txt,0.0080
results2411/20241117S020136.429410E020637.976186_scanAz_slow.dat,7.0394
results2411/20241117S020638.937838E021140.381614_scanAz_slow.dat,13.4297
results2411/20241117S021141.339230E021642.783910_scanAz_slow.dat,19.0118
results2411/20241117S021643.746886E022145.187734_scanAz_slow.dat,26.0153
results2411/20241117S022146.145436E022647.591955_scanAz_slow.dat,33.4104
results2411/20241117S022648.549465E023149.998407_scanAz_slow.dat,40.7708
results2411/20241117S023150.956194E023652.399547_scanAz_slow.dat,47.5460
results2411/20241117S023653.362208E024154.801917_scanAz_slow.dat,55.3348
results2411/20241117S024155.765607E024657.205370_scanAz_slow.dat,62.4396
results2411/20241117S024658.168417E025159.609336_scanAz_slow.dat,69.8632
results2411/20241117S025200.572649E025636.094258_scanAz_slow.dat,77.8341
read results2411/20241117_030135_scanAz_slow.txt,0.0092
results2411/20241117S030136.284398E030637.831446_scanAz_slow.dat,7.1863
results2411/20241117S030638.792897E031140.234295_scanAz_slow.dat,14.4684
results2411/20241117S031141.197622E031642.638320_scanAz_slow.dat,22.0975
results2411/20241117S031643.601269E032145.041446_scanAz_slow.dat,29.9873
results2411/20241117S032146.005143E032647.448702_scanAz_slow.dat,37.7207
results2411/20241117S032648.405934E033149.850405_scanAz_slow.dat,44.5931
results2411/20241117S033150.813416E033652.256081_scanAz_slow.dat,51.7204
results2411/20241117S033653.213273E034154.657802_scanAz_slow.dat,59.3597
results2411/20241117S034155.620524E034657.060368_scanAz_slow.dat,66.2556
results2411/20241117S034658.024750E035159.466317_scanAz_slow.dat,73.8177
results2411/20241117S035200.429009E035635.948302_scanAz_slow.dat,81.3663
read results2411/20241117_050135_scanAz_slow.txt,0.0085
results2411/20241117S050136.138332E050637.684658_scanAz_slow.dat,6.8030
results2411/20241117S050638.644640E051140.085090_scanAz_slow.dat,13.6709
results2411/20241117S051141.047579E051642.489096_scanAz_slow.dat,20.8985
results2411/20241117S051643.451144E052144.897273_scanAz_slow.dat,28.3116
results2411/20241117S052145.858748E052647.300870_scanAz_slow.dat,36.5966
results2411/20241117S052648.262123E053149.705986_scanAz_slow.dat,43.5966
results2411/20241117S053150.662762E053652.108572_scanAz_slow.dat,51.7553
results2411/20241117S053653.070046E054154.513230_scanAz_slow.dat,59.5661
results2411/20241117S054155.469761E054656.914393_scanAz_slow.dat,67.0094
results2411/20241117S054657.876657E055159.318227_scanAz_slow.dat,74.4962
results2411/20241117S055200.280497E055635.799777_scanAz_slow.dat,82.0750
read results2411/20241117_060134_scanAz_slow.txt,0.0107
results2411/20241117S060135.943940E060637.487996_scanAz_slow.dat,7.1767
results2411/20241117S060638.448210E061139.895773_scanAz_slow.dat,15.2044
results2411/20241117S061140.856436E061642.300191_scanAz_slow.dat,22.4920
results2411/20241117S061643.257017E062144.701778_scanAz_slow.dat,29.9401
results2411/20241117S062145.663853E062647.102959_scanAz_slow.dat,37.4743
results2411/20241117S062648.065308E063149.507778_scanAz_slow.dat,45.1802
results2411/20241117S063150.470014E063651.913972_scanAz_slow.dat,52.7584
results2411/20241117S063652.876104E064154.316637_scanAz_slow.dat,59.7888
results2411/20241117S064155.278741E064656.720766_scanAz_slow.dat,67.3355
results2411/20241117S064657.682509E065159.125185_scanAz_slow.dat,74.9051
results2411/20241117S065200.086906E065635.605965_scanAz_slow.dat,82.0641
read results2411/20241117_070134_scanAz_slow.txt,0.0081
results2411/20241117S070135.758261E070637.298242_scanAz_slow.dat,7.1203
results2411/20241117S070638.253296E071139.699187_scanAz_slow.dat,13.6845
results2411/20241117S071140.661151E071642.105383_scanAz_slow.dat,20.4202
results2411/20241117S071643.061065E072144.509001_scanAz_slow.dat,28.0942
results2411/20241117S072145.470573E072646.911036_scanAz_slow.dat,36.1543
results2411/20241117S072647.873452E073149.315821_scanAz_slow.dat,43.7843
results2411/20241117S073150.274486E073651.719679_scanAz_slow.dat,51.2820
results2411/20241117S073652.681061E074154.121540_scanAz_slow.dat,58.8613
results2411/20241117S074155.084243E074656.525438_scanAz_slow.dat,66.6531
results2411/20241117S074657.488381E075158.931787_scanAz_slow.dat,74.1047
results2411/20241117S075159.893313E075635.412426_scanAz_slow.dat,81.7397
read results2411/20241117_090134_scanAz_slow.txt,0.0061
results2411/20241117S090135.578196E090637.147963_scanAz_slow.dat,7.8970
results2411/20241117S090638.109978E091139.550199_scanAz_slow.dat,15.6752
results2411/20241117S091140.512271E091641.957279_scanAz_slow.dat,23.1883
results2411/20241117S091642.914514E092144.360141_scanAz_slow.dat,31.2138
results2411/20241117S092145.322979E092646.765107_scanAz_slow.dat,39.3254
results2411/20241117S092647.721995E093149.169636_scanAz_slow.dat,46.2020
results2411/20241117S093150.126918E093651.569839_scanAz_slow.dat,53.9905
results2411/20241117S093652.533503E094153.978138_scanAz_slow.dat,61.2151
results2411/20241117S094154.935044E094656.378197_scanAz_slow.dat,68.6949
results2411/20241117S094657.341742E095158.784024_scanAz_slow.dat,76.1735
results2411/20241117S095159.746767E095635.265177_scanAz_slow.dat,84.0351
read results2411/20241117_100135_scanAz_slow.txt,0.0084
results2411/20241117S100136.380409E100637.913402_scanAz_slow.dat,8.0500
results2411/20241117S100638.875181E101140.320750_scanAz_slow.dat,15.8894
results2411/20241117S101141.277386E101642.719918_scanAz_slow.dat,23.6692
results2411/20241117S101643.683231E102145.124962_scanAz_slow.dat,29.8101
results2411/20241117S102146.087674E102647.531912_scanAz_slow.dat,37.0836
results2411/20241117S102648.491491E103149.936936_scanAz_slow.dat,44.8485
results2411/20241117S103150.895445E103652.336031_scanAz_slow.dat,52.7485
results2411/20241117S103653.299068E104154.740240_scanAz_slow.dat,59.8037
results2411/20241117S104155.703228E104657.143822_scanAz_slow.dat,66.9527
results2411/20241117S104658.106796E105159.552156_scanAz_slow.dat,74.5596
results2411/20241117S105200.510576E105636.032859_scanAz_slow.dat,81.8069
read results2411/20241117_110135_scanAz_slow.txt,0.0088
results2411/20241117S110136.188421E110637.723822_scanAz_slow.dat,7.6830
results2411/20241117S110638.679590E111140.123913_scanAz_slow.dat,15.7990
results2411/20241117S111141.086957E111642.578477_scanAz_slow.dat,24.0113
results2411/20241117S111643.536061E112144.979401_scanAz_slow.dat,31.3813
results2411/20241117S112145.942336E112647.385859_scanAz_slow.dat,38.2874
results2411/20241117S112648.343997E113149.787210_scanAz_slow.dat,45.3190
results2411/20241117S113150.750835E113652.192919_scanAz_slow.dat,53.6549
results2411/20241117S113653.151614E114154.595463_scanAz_slow.dat,60.8318
results2411/20241117S114155.559984E114656.998987_scanAz_slow.dat,67.5596
results2411/20241117S114657.962909E115159.404026_scanAz_slow.dat,75.3135
results2411/20241117S115200.365226E115635.886853_scanAz_slow.dat,83.0026
read results2411/20241117_130134_scanAz_slow.txt,0.0083
results2411/20241117S130136.040715E130637.576136_scanAz_slow.dat,7.1686
results2411/20241117S130638.536240E131139.977266_scanAz_slow.dat,14.2818
results2411/20241117S131140.938895E131642.384341_scanAz_slow.dat,21.8308
results2411/20241117S131643.345816E132144.788396_scanAz_slow.dat,28.6004
results2411/20241117S132145.749814E132647.188985_scanAz_slow.dat,36.3112
results2411/20241117S132648.150766E133149.596492_scanAz_slow.dat,43.4010
results2411/20241117S133150.557975E133652.000205_scanAz_slow.dat,50.5679
results2411/20241117S133652.962184E134154.402099_scanAz_slow.dat,58.1782
results2411/20241117S134155.364129E134656.807836_scanAz_slow.dat,65.9998
results2411/20241117S134657.764904E135159.209936_scanAz_slow.dat,73.2450
results2411/20241117S135200.172301E135635.692191_scanAz_slow.dat,80.5372
read results2411/20241117_140134_scanAz_slow.txt,0.0083
results2411/20241117S140135.846131E140637.383199_scanAz_slow.dat,7.8935
results2411/20241117S140638.344074E141139.788299_scanAz_slow.dat,15.5214
results2411/20241117S141140.745688E141642.192947_scanAz_slow.dat,22.6911
results2411/20241117S141643.151083E142144.595615_scanAz_slow.dat,30.4810
results2411/20241117S142145.551966E142647.000056_scanAz_slow.dat,38.2587
results2411/20241117S142647.957271E143149.403820_scanAz_slow.dat,45.9015
results2411/20241117S143150.359860E143651.805976_scanAz_slow.dat,53.8956
results2411/20241117S143652.768010E144154.211998_scanAz_slow.dat,61.3969
results2411/20241117S144155.169540E144656.612118_scanAz_slow.dat,69.1515
results2411/20241117S144657.575718E145159.015324_scanAz_slow.dat,77.0283
results2411/20241117S145159.977442E145635.498820_scanAz_slow.dat,84.4027
read results2411/20241117_150134_scanAz_slow.txt,0.0083
results2411/20241117S150135.652758E150637.189844_scanAz_slow.dat,7.8346
results2411/20241117S150638.150664E151139.594858_scanAz_slow.dat,15.2493
results2411/20241117S151140.555619E151641.998152_scanAz_slow.dat,22.4159
results2411/20241117S151642.956086E152144.401650_scanAz_slow.dat,30.0304
results2411/20241117S152145.363549E152646.802806_scanAz_slow.dat,37.3087
results2411/20241117S152647.766755E153149.209208_scanAz_slow.dat,44.8122
results2411/20241117S153150.171945E153651.611106_scanAz_slow.dat,52.2006
results2411/20241117S153652.573239E154154.019777_scanAz_slow.dat,59.1248
results2411/20241117S154154.976651E154656.424202_scanAz_slow.dat,66.1826
results2411/20241117S154657.380561E155158.827955_scanAz_slow.dat,73.8190
results2411/20241117S155159.784089E155635.306452_scanAz_slow.dat,81.5381
read results2411/20241117_170135_scanAz_slow.txt,0.0086
results2411/20241117S170136.508119E170638.054898_scanAz_slow.dat,7.2257
results2411/20241117S170639.016041E171140.459142_scanAz_slow.dat,14.7775
results2411/20241117S171141.420778E171642.859635_scanAz_slow.dat,22.3203
results2411/20241117S171643.823004E172145.266903_scanAz_slow.dat,30.5458
results2411/20241117S172146.223729E172647.672222_scanAz_slow.dat,38.2325
results2411/20241117S172648.632542E173150.076185_scanAz_slow.dat,45.4510
results2411/20241117S173151.034642E173652.479227_scanAz_slow.dat,52.9040
results2411/20241117S173653.437938E174154.879382_scanAz_slow.dat,60.2793
results2411/20241117S174155.842703E174657.283679_scanAz_slow.dat,68.1318
results2411/20241117S174658.246957E175159.687202_scanAz_slow.dat,75.0723
results2411/20241117S175200.650496E175636.172877_scanAz_slow.dat,82.1590
read results2411/20241117_180135_scanAz_slow.txt,0.0087
results2411/20241117S180136.323636E180637.861911_scanAz_slow.dat,7.7143
results2411/20241117S180638.823782E181140.263959_scanAz_slow.dat,15.2682
results2411/20241117S181141.226119E181642.669589_scanAz_slow.dat,23.2612
results2411/20241117S181643.627204E182145.074122_scanAz_slow.dat,30.4915
results2411/20241117S182146.031035E182647.478129_scanAz_slow.dat,37.7780
results2411/20241117S182648.435693E183149.883478_scanAz_slow.dat,44.5770
results2411/20241117S183150.840962E183652.286090_scanAz_slow.dat,51.6636
results2411/20241117S183653.243947E184154.688316_scanAz_slow.dat,59.1676
results2411/20241117S184155.651235E184657.092954_scanAz_slow.dat,66.1706
results2411/20241117S184658.055695E185159.496460_scanAz_slow.dat,72.9992
results2411/20241117S185200.459196E185635.979127_scanAz_slow.dat,80.1029
read results2411/20241117_190135_scanAz_slow.txt,0.0211
results2411/20241117S190136.142908E190637.715783_scanAz_slow.dat,7.8924
results2411/20241117S190638.677282E191140.118057_scanAz_slow.dat,15.3019
results2411/20241117S191141.082302E191642.525941_scanAz_slow.dat,22.8257
results2411/20241117S191643.482839E192144.926206_scanAz_slow.dat,30.3215
results2411/20241117S192145.890716E192647.331475_scanAz_slow.dat,37.4346
results2411/20241117S192648.295420E193149.735390_scanAz_slow.dat,44.7136
results2411/20241117S193150.699242E193652.143078_scanAz_slow.dat,51.8082
results2411/20241117S193653.098285E194154.545035_scanAz_slow.dat,59.8903
results2411/20241117S194155.502014E194656.950589_scanAz_slow.dat,67.4351
results2411/20241117S194657.908382E195159.349866_scanAz_slow.dat,75.2529
results2411/20241117S195200.313573E195635.835407_scanAz_slow.dat,82.3199
read results2411/20241117_210134_scanAz_slow.txt,0.0081
results2411/20241117S210135.977522E210637.524920_scanAz_slow.dat,7.3961
results2411/20241117S210638.485431E211139.927831_scanAz_slow.dat,15.1461
results2411/20241117S211140.888495E211642.330072_scanAz_slow.dat,23.1266
results2411/20241117S211643.292851E212144.738266_scanAz_slow.dat,30.0321
results2411/20241117S212145.695185E212647.137139_scanAz_slow.dat,37.7038
results2411/20241117S212648.099927E213149.542789_scanAz_slow.dat,45.3180
results2411/20241117S213150.504884E213651.945881_scanAz_slow.dat,52.7162
results2411/20241117S213652.907650E214154.353410_scanAz_slow.dat,60.2960
results2411/20241117S214155.310032E214656.757491_scanAz_slow.dat,67.2129
results2411/20241117S214657.712903E215159.159048_scanAz_slow.dat,74.7676
results2411/20241117S215200.120829E215635.640120_scanAz_slow.dat,81.9456
read results2411/20241117_220134_scanAz_slow.txt,0.0086
results2411/20241117S220135.791468E220637.332873_scanAz_slow.dat,6.8784
results2411/20241117S220638.292795E221139.731448_scanAz_slow.dat,14.4916
results2411/20241117S221140.693293E221642.136622_scanAz_slow.dat,21.5535
results2411/20241117S221643.099015E222144.539956_scanAz_slow.dat,28.8857
results2411/20241117S222145.502431E222646.946192_scanAz_slow.dat,36.3983
results2411/20241117S222647.908026E223149.348164_scanAz_slow.dat,44.6197
results2411/20241117S223150.311156E223651.756034_scanAz_slow.dat,52.2332
results2411/20241117S223652.712648E224154.157395_scanAz_slow.dat,59.5812
results2411/20241117S224155.119326E224656.562690_scanAz_slow.dat,66.9319
results2411/20241117S224657.524265E225158.964181_scanAz_slow.dat,73.9319
results2411/20241117S225159.926379E225635.447831_scanAz_slow.dat,81.6381
read results2411/20241118_010135_scanAz_slow.txt,0.0084
results2411/20241118S010136.458241E010637.996878_scanAz_slow.dat,6.7195
results2411/20241118S010638.958135E011140.403935_scanAz_slow.dat,14.1821
results2411/20241118S011141.362086E011642.805348_scanAz_slow.dat,22.0096
results2411/20241118S011643.762610E012145.210166_scanAz_slow.dat,29.4478
results2411/20241118S012146.167756E012647.611033_scanAz_slow.dat,37.0583
results2411/20241118S012648.574340E013150.014417_scanAz_slow.dat,44.5136
results2411/20241118S013150.979195E013652.421415_scanAz_slow.dat,52.4467
results2411/20241118S013653.378370E014154.821598_scanAz_slow.dat,60.0381
results2411/20241118S014155.785209E014657.227012_scanAz_slow.dat,67.0640
results2411/20241118S014658.190377E015159.633503_scanAz_slow.dat,73.3005
results2411/20241118S015200.590305E015636.113493_scanAz_slow.dat,80.9706
read results2411/20241118_020135_scanAz_slow.txt,0.0083
results2411/20241118S020136.259873E020637.806564_scanAz_slow.dat,7.6269
results2411/20241118S020638.762543E021140.209409_scanAz_slow.dat,15.0326
results2411/20241118S021141.166138E021642.611834_scanAz_slow.dat,22.4614
results2411/20241118S021643.575690E022145.018756_scanAz_slow.dat,29.7614
results2411/20241118S022145.976009E022647.423553_scanAz_slow.dat,36.9887
results2411/20241118S022648.380752E023149.824676_scanAz_slow.dat,44.0309
results2411/20241118S023150.783149E023652.228882_scanAz_slow.dat,51.7290
results2411/20241118S023653.186728E024154.632473_scanAz_slow.dat,60.0119
results2411/20241118S024155.596102E024657.035383_scanAz_slow.dat,67.4745
results2411/20241118S024657.998432E025159.440648_scanAz_slow.dat,74.1953
results2411/20241118S025200.404310E025635.924466_scanAz_slow.dat,81.3116
read results2411/20241118_030135_scanAz_slow.txt,0.0062
results2411/20241118S030136.077956E030637.613419_scanAz_slow.dat,7.2781
results2411/20241118S030638.574568E031140.017314_scanAz_slow.dat,14.8959
results2411/20241118S031140.979201E031642.418612_scanAz_slow.dat,22.1569
results2411/20241118S031643.381985E032144.825504_scanAz_slow.dat,29.2250
results2411/20241118S032145.782431E032647.230129_scanAz_slow.dat,36.8306
results2411/20241118S032648.187065E033149.630658_scanAz_slow.dat,43.6252
results2411/20241118S033150.594014E033652.038004_scanAz_slow.dat,51.1945
results2411/20241118S033652.994978E034154.442009_scanAz_slow.dat,58.6772
results2411/20241118S034155.398912E034656.844125_scanAz_slow.dat,66.4746
results2411/20241118S034657.802155E035159.247407_scanAz_slow.dat,73.8568
results2411/20241118S035200.210719E035635.730560_scanAz_slow.dat,81.1579
read results2411/20241118_050134_scanAz_slow.txt,0.0087
results2411/20241118S050135.896635E050637.470360_scanAz_slow.dat,7.9366
results2411/20241118S050638.430488E051139.872920_scanAz_slow.dat,16.1839
results2411/20241118S051140.835107E051642.275556_scanAz_slow.dat,23.4385
results2411/20241118S051643.237317E052144.681350_scanAz_slow.dat,30.3937
results2411/20241118S052145.643551E052647.084670_scanAz_slow.dat,38.0099
results2411/20241118S052648.046766E053149.489717_scanAz_slow.dat,44.5753
results2411/20241118S053150.451878E053651.894487_scanAz_slow.dat,51.0049
results2411/20241118S053652.851118E054154.298842_scanAz_slow.dat,58.4343
results2411/20241118S054155.255219E054656.700374_scanAz_slow.dat,66.0369
results2411/20241118S054657.663080E055159.107788_scanAz_slow.dat,73.9127
results2411/20241118S055200.064863E055635.588064_scanAz_slow.dat,81.5219
read results2411/20241118_060134_scanAz_slow.txt,0.0088
results2411/20241118S060135.685492E060637.231872_scanAz_slow.dat,7.3704
results2411/20241118S060638.188354E061139.633571_scanAz_slow.dat,15.2597
results2411/20241118S061140.595840E061642.037097_scanAz_slow.dat,23.3134
results2411/20241118S061642.998927E062144.444584_scanAz_slow.dat,30.6666
results2411/20241118S062145.400603E062646.849180_scanAz_slow.dat,38.5283
results2411/20241118S062647.805164E063149.253041_scanAz_slow.dat,46.3716
results2411/20241118S063150.209035E063651.657002_scanAz_slow.dat,53.7555
results2411/20241118S063652.612754E064154.058073_scanAz_slow.dat,61.7926
results2411/20241118S064155.020925E064656.462007_scanAz_slow.dat,68.8447
results2411/20241118S064657.424430E065158.865272_scanAz_slow.dat,76.3526
results2411/20241118S065159.827691E065635.348936_scanAz_slow.dat,84.5316
read results2411/20241118_070135_scanAz_slow.txt,0.0077
results2411/20241118S070136.502818E070638.045685_scanAz_slow.dat,7.8137
results2411/20241118S070639.011433E071140.452872_scanAz_slow.dat,15.5546
results2411/20241118S071141.413934E071642.854647_scanAz_slow.dat,22.7143
results2411/20241118S071643.816694E072145.260049_scanAz_slow.dat,29.5877
results2411/20241118S072146.222163E072647.666769_scanAz_slow.dat,36.8051
results2411/20241118S072648.622417E073150.069128_scanAz_slow.dat,44.1181
results2411/20241118S073151.030891E073652.475611_scanAz_slow.dat,51.2358
results2411/20241118S073653.432443E074154.875769_scanAz_slow.dat,58.5187
results2411/20241118S074155.839129E074657.280839_scanAz_slow.dat,65.9521
results2411/20241118S074658.243169E075159.687409_scanAz_slow.dat,73.2007
results2411/20241118S075200.643787E075636.168502_scanAz_slow.dat,80.1559
read results2411/20241118_090135_scanAz_slow.txt,0.0084
results2411/20241118S090136.360949E090637.908697_scanAz_slow.dat,7.0353
results2411/20241118S090638.869940E091140.313328_scanAz_slow.dat,14.5401
results2411/20241118S091141.270205E091642.718058_scanAz_slow.dat,21.3736
results2411/20241118S091643.676243E092145.121092_scanAz_slow.dat,29.3475
results2411/20241118S092146.077988E092647.525007_scanAz_slow.dat,36.3312
results2411/20241118S092648.481910E093149.926835_scanAz_slow.dat,43.6125
results2411/20241118S093150.889829E093652.332466_scanAz_slow.dat,51.6029
results2411/20241118S093653.289395E094154.733888_scanAz_slow.dat,59.2978
results2411/20241118S094155.697507E094657.141256_scanAz_slow.dat,67.5873
results2411/20241118S094658.099750E095159.545843_scanAz_slow.dat,75.2291
results2411/20241118S095200.503114E095636.024868_scanAz_slow.dat,82.3429
read results2411/20241118_100135_scanAz_slow.txt,0.0083
results2411/20241118S100136.169947E100637.716709_scanAz_slow.dat,7.9036
results2411/20241118S100638.672189E101140.117521_scanAz_slow.dat,14.9793
results2411/20241118S101141.079975E101642.519224_scanAz_slow.dat,21.7457
results2411/20241118S101643.481034E102144.926001_scanAz_slow.dat,29.6493
results2411/20241118S102145.883618E102647.331860_scanAz_slow.dat,37.5552
results2411/20241118S102648.289059E103149.732442_scanAz_slow.dat,44.3532
results2411/20241118S103150.696089E103652.136423_scanAz_slow.dat,51.2033
results2411/20241118S103653.100632E104154.540154_scanAz_slow.dat,58.9781
results2411/20241118S104155.504038E104656.947690_scanAz_slow.dat,67.1639
results2411/20241118S104657.904835E105159.351844_scanAz_slow.dat,74.6735
results2411/20241118S105200.311173E105635.831274_scanAz_slow.dat,82.2701
read results2411/20241118_110134_scanAz_slow.txt,0.0087
results2411/20241118S110135.986029E110637.522330_scanAz_slow.dat,7.6976
results2411/20241118S110638.483593E111139.925392_scanAz_slow.dat,15.2605
results2411/20241118S111140.887576E111642.328428_scanAz_slow.dat,22.9427
results2411/20241118S111643.291406E112144.734308_scanAz_slow.dat,30.7927
results2411/20241118S112145.692504E112647.135612_scanAz_slow.dat,37.8636
results2411/20241118S112648.098320E113149.537777_scanAz_slow.dat,45.0083
results2411/20241118S113150.500483E113651.944929_scanAz_slow.dat,52.7202
results2411/20241118S113652.901814E114154.349231_scanAz_slow.dat,60.1936
results2411/20241118S114155.306149E114656.753670_scanAz_slow.dat,68.0880
results2411/20241118S114657.713314E115159.155987_scanAz_slow.dat,75.6078
results2411/20241118S115200.112940E115635.637057_scanAz_slow.dat,83.1371
read results2411/20241118_130134_scanAz_slow.txt,0.0084
results2411/20241118S130135.828588E130637.372513_scanAz_slow.dat,7.2942
results2411/20241118S130638.334667E131139.775891_scanAz_slow.dat,14.5563
results2411/20241118S131140.737327E131642.183130_scanAz_slow.dat,22.0551
results2411/20241118S131643.138799E132144.581465_scanAz_slow.dat,29.9736
results2411/20241118S132145.543946E132646.986819_scanAz_slow.dat,36.9531
results2411/20241118S132647.949838E133149.394365_scanAz_slow.dat,44.4304
results2411/20241118S133150.351131E133651.796630_scanAz_slow.dat,51.9673
results2411/20241118S133652.758045E134154.199834_scanAz_slow.dat,59.2881
results2411/20241118S134155.161529E134656.602875_scanAz_slow.dat,66.0949
results2411/20241118S134657.566145E135159.005768_scanAz_slow.dat,74.0966
results2411/20241118S135159.968481E135635.489209_scanAz_slow.dat,81.2147
read results2411/20241118_140134_scanAz_slow.txt,0.0081
results2411/20241118S140135.645966E140637.182102_scanAz_slow.dat,6.6070
results2411/20241118S140638.137093E141139.581282_scanAz_slow.dat,13.7939
results2411/20241118S141140.542896E141641.985222_scanAz_slow.dat,21.9378
results2411/20241118S141642.948244E142144.391806_scanAz_slow.dat,29.8030
results2411/20241118S142145.353827E142646.797925_scanAz_slow.dat,37.1174
results2411/20241118S142647.754271E143149.202658_scanAz_slow.dat,44.3919
results2411/20241118S143150.159313E143651.606200_scanAz_slow.dat,51.8880
results2411/20241118S143652.563384E144154.011145_scanAz_slow.dat,59.1934
results2411/20241118S144154.968416E144656.414698_scanAz_slow.dat,66.5117
results2411/20241118S144657.371428E145158.816304_scanAz_slow.dat,74.0361
results2411/20241118S145159.778515E145635.299646_scanAz_slow.dat,81.6909
read results2411/20241118_150135_scanAz_slow.txt,0.0089
results2411/20241118S150136.450134E150637.995177_scanAz_slow.dat,7.3487
results2411/20241118S150638.955433E151140.399815_scanAz_slow.dat,14.9130
results2411/20241118S151141.361076E151642.802787_scanAz_slow.dat,22.2148
results2411/20241118S151643.765201E152145.209595_scanAz_slow.dat,29.9745
results2411/20241118S152146.171718E152647.612416_scanAz_slow.dat,37.5748
results2411/20241118S152648.574220E153150.019953_scanAz_slow.dat,44.8713
results2411/20241118S153150.978500E153652.418196_scanAz_slow.dat,52.0536
results2411/20241118S153653.379982E154154.827879_scanAz_slow.dat,59.7163
results2411/20241118S154155.784663E154657.227072_scanAz_slow.dat,67.0102
results2411/20241118S154658.189496E155159.634835_scanAz_slow.dat,74.0585
results2411/20241118S155200.596399E155636.114399_scanAz_slow.dat,81.6195
read results2411/20241118_170135_scanAz_slow.txt,0.0086
results2411/20241118S170136.330668E170637.897460_scanAz_slow.dat,8.0916
results2411/20241118S170638.860986E171140.303471_scanAz_slow.dat,15.3818
results2411/20241118S171141.266050E171642.708476_scanAz_slow.dat,22.5231
results2411/20241118S171643.671597E172145.115501_scanAz_slow.dat,29.9576
results2411/20241118S172146.073205E172647.516227_scanAz_slow.dat,38.2279
results2411/20241118S172648.479046E173149.919589_scanAz_slow.dat,45.6849
results2411/20241118S173150.882711E173652.323898_scanAz_slow.dat,53.2211
results2411/20241118S173653.286844E174154.729287_scanAz_slow.dat,60.6038
results2411/20241118S174155.686209E174657.130534_scanAz_slow.dat,67.6038
results2411/20241118S174658.094812E175159.538924_scanAz_slow.dat,75.3281
results2411/20241118S175200.496510E175636.017053_scanAz_slow.dat,82.9564
read results2411/20241118_180135_scanAz_slow.txt,0.0090
results2411/20241118S180136.210982E180637.754040_scanAz_slow.dat,7.4310
results2411/20241118S180638.715618E181140.162147_scanAz_slow.dat,15.1331
results2411/20241118S181141.118807E181642.566492_scanAz_slow.dat,22.8867
results2411/20241118S181643.524416E182144.970145_scanAz_slow.dat,30.5713
results2411/20241118S182145.928284E182647.374074_scanAz_slow.dat,37.1348
results2411/20241118S182648.331593E183149.776727_scanAz_slow.dat,44.3781
results2411/20241118S183150.733686E183652.180098_scanAz_slow.dat,52.1141
results2411/20241118S183653.137330E184154.586363_scanAz_slow.dat,59.4340
results2411/20241118S184155.545419E184656.984754_scanAz_slow.dat,67.0492
results2411/20241118S184657.948658E185159.392092_scanAz_slow.dat,74.6666
results2411/20241118S185200.349002E185635.873628_scanAz_slow.dat,82.0766
read results2411/20241118_190134_scanAz_slow.txt,0.0085
results2411/20241118S190136.027942E190637.562732_scanAz_slow.dat,7.3384
results2411/20241118S190638.524245E191139.964865_scanAz_slow.dat,15.2661
results2411/20241118S191140.926677E191642.371079_scanAz_slow.dat,23.4508
results2411/20241118S191643.334143E192144.775458_scanAz_slow.dat,30.2701
results2411/20241118S192145.738078E192647.180002_scanAz_slow.dat,37.5544
results2411/20241118S192648.136874E193149.582720_scanAz_slow.dat,44.8074
results2411/20241118S193150.545454E193651.987542_scanAz_slow.dat,52.4975
results2411/20241118S193652.944448E194154.391562_scanAz_slow.dat,60.3650
results2411/20241118S194155.348491E194656.792413_scanAz_slow.dat,68.0079
results2411/20241118S194657.755460E195159.201169_scanAz_slow.dat,75.4078
results2411/20241118S195200.158772E195635.680588_scanAz_slow.dat,82.7057
read results2411/20241118_210134_scanAz_slow.txt,0.0087
results2411/20241118S210135.799390E210637.368799_scanAz_slow.dat,6.9717
results2411/20241118S210638.328948E211139.771776_scanAz_slow.dat,13.7663
results2411/20241118S211140.734222E211642.179872_scanAz_slow.dat,21.1562
results2411/20241118S211643.136427E212144.583161_scanAz_slow.dat,28.0152
results2411/20241118S212145.540061E212646.987396_scanAz_slow.dat,35.2625
results2411/20241118S212647.943740E213149.392167_scanAz_slow.dat,42.6501
results2411/20241118S213150.349446E213651.794219_scanAz_slow.dat,49.2285
results2411/20241118S213652.755623E214154.199788_scanAz_slow.dat,54.6074
results2411/20241118S214155.156709E214656.604390_scanAz_slow.dat,62.1685
results2411/20241118S214657.561662E215159.004564_scanAz_slow.dat,68.9065
results2411/20241118S215159.967437E215635.486762_scanAz_slow.dat,76.3492
read results2411/20241118_220135_scanAz_slow.txt,0.0090
results2411/20241118S220136.592690E220638.138720_scanAz_slow.dat,6.7599
results2411/20241118S220639.099643E221140.542117_scanAz_slow.dat,14.0870
results2411/20241118S221141.499035E221642.948168_scanAz_slow.dat,21.5213
results2411/20241118S221643.905404E222145.349275_scanAz_slow.dat,29.0890
results2411/20241118S222146.312030E222647.755961_scanAz_slow.dat,36.9889
results2411/20241118S222648.711999E223150.155732_scanAz_slow.dat,44.5379
results2411/20241118S223151.118580E223652.563198_scanAz_slow.dat,51.6794
results2411/20241118S223653.518851E224154.966305_scanAz_slow.dat,59.4973
results2411/20241118S224155.923320E224657.369055_scanAz_slow.dat,67.6260
results2411/20241118S224658.331542E225159.773212_scanAz_slow.dat,75.2204
results2411/20241118S225200.735697E225636.255536_scanAz_slow.dat,82.3250
read results2411/20241119_010135_scanAz_slow.txt,0.0089
results2411/20241119S010136.348902E010637.892685_scanAz_slow.dat,7.3182
results2411/20241119S010638.854747E011140.295746_scanAz_slow.dat,14.7131
results2411/20241119S011141.258476E011642.701396_scanAz_slow.dat,22.6987
results2411/20241119S011643.664089E012145.107886_scanAz_slow.dat,30.8314
results2411/20241119S012146.065063E012647.511124_scanAz_slow.dat,38.9488
results2411/20241119S012648.468364E013149.912907_scanAz_slow.dat,46.6209
results2411/20241119S013150.875869E013652.318325_scanAz_slow.dat,54.4933
results2411/20241119S013653.275345E014154.720424_scanAz_slow.dat,62.2148
results2411/20241119S014155.683757E014657.127320_scanAz_slow.dat,69.2852
results2411/20241119S014658.085747E015159.531621_scanAz_slow.dat,77.1153
results2411/20241119S015200.489721E015636.010567_scanAz_slow.dat,85.1965
read results2411/20241119_020135_scanAz_slow.txt,0.0101
results2411/20241119S020136.155879E020637.701303_scanAz_slow.dat,7.6852
results2411/20241119S020638.663642E021140.102237_scanAz_slow.dat,14.4237
results2411/20241119S021141.066763E021642.508368_scanAz_slow.dat,22.1225
results2411/20241119S021643.471101E022144.914273_scanAz_slow.dat,29.5910
results2411/20241119S022145.871804E022647.316283_scanAz_slow.dat,37.7362
results2411/20241119S022648.279338E023149.718144_scanAz_slow.dat,45.0579
results2411/20241119S023150.682385E023652.123144_scanAz_slow.dat,52.5829
results2411/20241119S023653.087006E024154.527812_scanAz_slow.dat,59.6123
results2411/20241119S024155.491647E024656.933749_scanAz_slow.dat,66.8026
results2411/20241119S024657.890951E025159.334804_scanAz_slow.dat,74.1430
results2411/20241119S025200.295509E025635.820455_scanAz_slow.dat,80.7575
read results2411/20241119_030134_scanAz_slow.txt,0.0093
results2411/20241119S030135.984187E030637.558286_scanAz_slow.dat,8.0088
results2411/20241119S030638.519743E031139.963675_scanAz_slow.dat,15.3924
results2411/20241119S031140.920366E031642.365729_scanAz_slow.dat,23.0390
results2411/20241119S031643.328557E032144.772765_scanAz_slow.dat,30.7716
results2411/20241119S032145.730651E032647.174145_scanAz_slow.dat,38.8597
results2411/20241119S032648.137142E033149.577457_scanAz_slow.dat,46.8146
results2411/20241119S033150.540757E033651.982359_scanAz_slow.dat,54.3280
results2411/20241119S033652.945022E034154.388429_scanAz_slow.dat,62.3245
results2411/20241119S034155.345403E034656.793017_scanAz_slow.dat,70.1148
results2411/20241119S034657.752340E035159.196927_scanAz_slow.dat,78.2179
results2411/20241119S035200.154189E035635.675839_scanAz_slow.dat,84.8746
read results2411/20241119_050134_scanAz_slow.txt,0.0104
results2411/20241119S050135.791784E050637.365738_scanAz_slow.dat,7.8580
results2411/20241119S050638.326002E051139.771017_scanAz_slow.dat,15.1693
results2411/20241119S051140.732622E051642.171723_scanAz_slow.dat,22.7788
results2411/20241119S051643.133750E052144.577389_scanAz_slow.dat,30.2662
results2411/20241119S052145.539487E052646.984010_scanAz_slow.dat,37.4522
results2411/20241119S052647.940507E053149.388161_scanAz_slow.dat,45.4660
results2411/20241119S053150.345459E053651.791642_scanAz_slow.dat,53.4643
results2411/20241119S053652.748027E054154.193940_scanAz_slow.dat,61.2422
results2411/20241119S054155.156394E054656.597089_scanAz_slow.dat,69.5333
results2411/20241119S054657.558843E055159.004458_scanAz_slow.dat,77.0528
results2411/20241119S055159.961556E055635.483185_scanAz_slow.dat,84.0585
read results2411/20241119_060135_scanAz_slow.txt,0.0091
results2411/20241119S060136.586935E060638.135750_scanAz_slow.dat,7.1065
results2411/20241119S060639.091157E061140.539727_scanAz_slow.dat,13.3700
results2411/20241119S061141.495573E061642.943167_scanAz_slow.dat,20.8632
results2411/20241119S061643.900119E062145.347629_scanAz_slow.dat,28.5480
results2411/20241119S062146.303874E062647.752191_scanAz_slow.dat,36.1283
results2411/20241119S062648.708445E063150.155508_scanAz_slow.dat,43.6986
results2411/20241119S063151.111523E063652.560152_scanAz_slow.dat,51.2283
results2411/20241119S063653.517337E064154.962890_scanAz_slow.dat,58.3087
results2411/20241119S064155.918889E064657.366107_scanAz_slow.dat,66.3453
results2411/20241119S064658.328164E065159.767600_scanAz_slow.dat,73.5167
results2411/20241119S065200.729979E065636.250681_scanAz_slow.dat,80.7605
read results2411/20241119_070135_scanAz_slow.txt,0.0092
results2411/20241119S070136.416028E070637.989896_scanAz_slow.dat,7.5030
results2411/20241119S070638.950100E071140.390541_scanAz_slow.dat,14.9804
results2411/20241119S071141.351231E071642.795471_scanAz_slow.dat,22.3689
results2411/20241119S071643.757493E072145.199832_scanAz_slow.dat,30.1652
results2411/20241119S072146.162513E072647.602454_scanAz_slow.dat,37.9288
results2411/20241119S072648.563876E073150.009006_scanAz_slow.dat,45.5273
results2411/20241119S073150.971147E073652.412512_scanAz_slow.dat,53.0893
results2411/20241119S073653.374421E074154.818436_scanAz_slow.dat,60.9749
results2411/20241119S074155.774430E074657.218449_scanAz_slow.dat,68.7954
results2411/20241119S074658.180844E075159.621999_scanAz_slow.dat,76.3747
results2411/20241119S075200.583626E075636.107231_scanAz_slow.dat,84.0155
read results2411/20241119_090135_scanAz_slow.txt,0.0196
results2411/20241119S090136.249887E090637.792521_scanAz_slow.dat,7.5361
results2411/20241119S090638.754296E091140.196636_scanAz_slow.dat,14.9612
results2411/20241119S091141.158782E091642.602517_scanAz_slow.dat,22.4474
results2411/20241119S091643.559448E092145.006102_scanAz_slow.dat,29.7375
results2411/20241119S092145.963103E092647.412007_scanAz_slow.dat,37.5620
results2411/20241119S092648.370835E093149.815747_scanAz_slow.dat,45.5588
results2411/20241119S093150.774456E093652.215712_scanAz_slow.dat,52.9331
results2411/20241119S093653.178928E094154.622212_scanAz_slow.dat,60.0811
results2411/20241119S094155.579750E094657.023586_scanAz_slow.dat,67.6021
results2411/20241119S094657.987119E095159.430826_scanAz_slow.dat,75.2174
results2411/20241119S095200.390202E095635.911092_scanAz_slow.dat,82.9247
read results2411/20241119_100135_scanAz_slow.txt,0.0135
results2411/20241119S100136.066889E100637.603401_scanAz_slow.dat,6.9017
results2411/20241119S100638.559738E101140.004008_scanAz_slow.dat,14.1504
results2411/20241119S101140.966767E101642.411872_scanAz_slow.dat,21.1562
results2411/20241119S101643.369360E102144.814516_scanAz_slow.dat,28.8196
results2411/20241119S102145.771458E102647.218620_scanAz_slow.dat,36.5556
results2411/20241119S102648.175518E103149.618124_scanAz_slow.dat,43.7023
results2411/20241119S103150.581678E103652.023571_scanAz_slow.dat,51.6320
results2411/20241119S103652.986503E104154.427129_scanAz_slow.dat,58.6652
results2411/20241119S104155.390465E104656.833235_scanAz_slow.dat,66.4256
results2411/20241119S104657.790141E105159.237316_scanAz_slow.dat,74.3860
results2411/20241119S105200.194234E105635.719219_scanAz_slow.dat,81.3043
read results2411/20241119_110134_scanAz_slow.txt,0.0082
results2411/20241119S110135.872631E110637.407207_scanAz_slow.dat,7.3692
results2411/20241119S110638.369924E111139.810286_scanAz_slow.dat,15.1127
results2411/20241119S111140.772745E111642.219167_scanAz_slow.dat,22.9024
results2411/20241119S111643.176435E112144.622195_scanAz_slow.dat,29.9574
results2411/20241119S112145.579119E112647.026279_scanAz_slow.dat,37.7218
results2411/20241119S112647.986191E113149.430042_scanAz_slow.dat,44.5826
results2411/20241119S113150.388786E113651.834782_scanAz_slow.dat,52.1804
results2411/20241119S113652.794652E114154.237838_scanAz_slow.dat,59.6644
results2411/20241119S114155.194780E114656.638341_scanAz_slow.dat,66.6617
results2411/20241119S114657.597046E115159.045833_scanAz_slow.dat,74.1442
results2411/20241119S115200.006156E115635.524858_scanAz_slow.dat,81.7525
read results2411/20241119_130134_scanAz_slow.txt,0.0088
results2411/20241119S130135.690487E130637.263795_scanAz_slow.dat,7.6044
results2411/20241119S130638.223718E131139.665019_scanAz_slow.dat,15.2512
results2411/20241119S131140.626081E131642.071408_scanAz_slow.dat,22.1515
results2411/20241119S131643.027986E132144.471724_scanAz_slow.dat,29.3657
results2411/20241119S132145.433485E132646.876321_scanAz_slow.dat,36.7544
results2411/20241119S132647.838329E133149.283535_scanAz_slow.dat,43.6783
results2411/20241119S133150.240451E133651.688474_scanAz_slow.dat,50.8547
results2411/20241119S133652.645115E134154.086602_scanAz_slow.dat,57.7648
results2411/20241119S134155.049123E134656.491655_scanAz_slow.dat,65.6271
results2411/20241119S134657.452110E135158.895807_scanAz_slow.dat,72.8826
results2411/20241119S135159.858553E135635.377886_scanAz_slow.dat,80.5615
read results2411/20241119_140135_scanAz_slow.txt,0.0089
results2411/20241119S140136.482966E140638.026346_scanAz_slow.dat,7.7288
results2411/20241119S140638.986553E141140.430270_scanAz_slow.dat,15.7176
results2411/20241119S141141.391366E141642.837397_scanAz_slow.dat,23.5065
results2411/20241119S141643.798867E142145.239612_scanAz_slow.dat,31.5357
results2411/20241119S142146.202309E142647.642059_scanAz_slow.dat,38.5866
results2411/20241119S142648.605078E143150.051144_scanAz_slow.dat,45.6929
results2411/20241119S143151.007537E143652.449790_scanAz_slow.dat,52.5194
results2411/20241119S143653.412731E144154.856005_scanAz_slow.dat,59.5839
results2411/20241119S144155.817970E144657.260885_scanAz_slow.dat,67.5525
results2411/20241119S144658.217538E145159.662973_scanAz_slow.dat,75.1384
results2411/20241119S145200.624943E145636.144622_scanAz_slow.dat,82.9245
read results2411/20241119_150135_scanAz_slow.txt,0.0087
results2411/20241119S150136.338997E150637.884445_scanAz_slow.dat,6.6445
results2411/20241119S150638.844930E151140.289436_scanAz_slow.dat,14.3519
results2411/20241119S151141.250198E151642.690745_scanAz_slow.dat,21.8705
results2411/20241119S151643.652812E152145.096076_scanAz_slow.dat,28.8889
results2411/20241119S152146.058089E152647.498365_scanAz_slow.dat,36.3714
results2411/20241119S152648.460193E153149.902146_scanAz_slow.dat,43.9448
results2411/20241119S153150.864705E153652.308623_scanAz_slow.dat,51.4237
results2411/20241119S153653.270058E154154.709340_scanAz_slow.dat,59.4120
results2411/20241119S154155.671804E154657.113347_scanAz_slow.dat,66.8316
results2411/20241119S154658.075220E155159.521459_scanAz_slow.dat,74.5202
results2411/20241119S155200.477221E155636.000769_scanAz_slow.dat,81.1049
read results2411/20241119_170135_scanAz_slow.txt,0.0081
results2411/20241119S170136.192161E170637.738331_scanAz_slow.dat,7.4886
results2411/20241119S170638.699616E171140.142015_scanAz_slow.dat,14.0693
results2411/20241119S171141.098879E171642.546584_scanAz_slow.dat,21.7448
results2411/20241119S171643.503551E172144.947211_scanAz_slow.dat,29.4501
results2411/20241119S172145.910535E172647.354201_scanAz_slow.dat,36.7989
results2411/20241119S172648.311122E173149.760260_scanAz_slow.dat,44.0686
results2411/20241119S173150.719074E173652.159605_scanAz_slow.dat,51.8017
results2411/20241119S173653.124043E174154.562649_scanAz_slow.dat,59.1668
results2411/20241119S174155.526896E174656.972250_scanAz_slow.dat,66.4432
results2411/20241119S174657.930980E175159.372747_scanAz_slow.dat,74.5012
results2411/20241119S175200.335473E175635.854668_scanAz_slow.dat,81.9289
read results2411/20241119_180134_scanAz_slow.txt,0.0092
results2411/20241119S180135.999869E180637.544335_scanAz_slow.dat,7.8041
results2411/20241119S180638.506093E181139.948722_scanAz_slow.dat,14.7247
results2411/20241119S181140.911181E181642.355183_scanAz_slow.dat,21.7087
results2411/20241119S181643.312741E182144.758153_scanAz_slow.dat,28.7518
results2411/20241119S182145.715100E182647.162331_scanAz_slow.dat,35.8257
results2411/20241119S182648.120418E183149.564485_scanAz_slow.dat,42.8731
results2411/20241119S183150.527105E183651.967583_scanAz_slow.dat,50.1430
results2411/20241119S183652.930504E184154.372208_scanAz_slow.dat,58.5231
results2411/20241119S184155.335347E184656.775979_scanAz_slow.dat,65.5225
results2411/20241119S184657.734134E185159.179590_scanAz_slow.dat,72.3483
results2411/20241119S185200.143209E185635.661018_scanAz_slow.dat,79.9157
read results2411/20241119_190134_scanAz_slow.txt,0.0086
results2411/20241119S190135.807287E190637.353237_scanAz_slow.dat,7.6177
results2411/20241119S190638.314509E191139.757984_scanAz_slow.dat,15.1560
results2411/20241119S191140.714091E191642.159467_scanAz_slow.dat,20.7635
results2411/20241119S191643.122387E192144.565242_scanAz_slow.dat,28.0004
results2411/20241119S192145.524063E192646.965241_scanAz_slow.dat,35.3518
results2411/20241119S192647.929176E193149.369642_scanAz_slow.dat,42.7326
results2411/20241119S193150.333310E193651.774852_scanAz_slow.dat,50.4532
results2411/20241119S193652.738161E194154.181409_scanAz_slow.dat,57.4335
results2411/20241119S194155.138242E194656.585369_scanAz_slow.dat,65.1276
results2411/20241119S194657.544141E195158.986562_scanAz_slow.dat,73.0747
results2411/20241119S195159.949597E195635.469527_scanAz_slow.dat,79.9348
read results2411/20241119_210134_scanAz_slow.txt,0.0083
results2411/20241119S210135.658635E210637.206994_scanAz_slow.dat,7.1333
results2411/20241119S210638.167564E211139.608088_scanAz_slow.dat,13.9945
results2411/20241119S211140.570574E211642.014648_scanAz_slow.dat,21.1935
results2411/20241119S211642.970626E212144.415351_scanAz_slow.dat,28.6603
results2411/20241119S212145.377431E212646.823380_scanAz_slow.dat,35.8822
results2411/20241119S212647.779668E213149.222758_scanAz_slow.dat,43.3860
results2411/20241119S213150.186015E213651.629966_scanAz_slow.dat,51.3364
results2411/20241119S213652.587083E214154.034261_scanAz_slow.dat,59.3825
results2411/20241119S214154.990496E214656.438392_scanAz_slow.dat,67.1257
results2411/20241119S214657.395044E215158.841725_scanAz_slow.dat,74.5465
results2411/20241119S215159.797472E215635.322414_scanAz_slow.dat,82.0105
read results2411/20241119_220135_scanAz_slow.txt,0.0086
results2411/20241119S220136.494317E220638.070073_scanAz_slow.dat,7.8329
results2411/20241119S220639.025218E221140.469741_scanAz_slow.dat,15.3033
results2411/20241119S221141.432512E221642.874057_scanAz_slow.dat,23.2748
results2411/20241119S221643.836037E222145.280448_scanAz_slow.dat,30.3665
results2411/20241119S222146.236696E222647.682201_scanAz_slow.dat,37.8090
results2411/20241119S222648.643705E223150.086052_scanAz_slow.dat,44.3479
results2411/20241119S223151.044934E223652.488542_scanAz_slow.dat,51.5123
results2411/20241119S223653.450700E224154.891821_scanAz_slow.dat,58.3240
results2411/20241119S224155.853714E224657.295846_scanAz_slow.dat,65.2960
results2411/20241119S224658.260039E225159.700043_scanAz_slow.dat,71.9799
results2411/20241119S225200.663036E225636.182649_scanAz_slow.dat,79.1833
read results2411/20241120_010135_scanAz_slow.txt,0.0088
results2411/20241120S010136.186047E010637.726417_scanAz_slow.dat,7.8295
results2411/20241120S010638.688281E011140.132308_scanAz_slow.dat,14.9230
results2411/20241120S011141.088358E011642.535452_scanAz_slow.dat,22.3925
results2411/20241120S011643.492356E012144.939497_scanAz_slow.dat,29.3981
results2411/20241120S012145.896371E012647.342492_scanAz_slow.dat,36.7601
results2411/20241120S012648.305131E013149.748737_scanAz_slow.dat,44.1304
results2411/20241120S013150.706885E013652.153592_scanAz_slow.dat,51.6049
results2411/20241120S013653.111112E014154.555767_scanAz_slow.dat,59.1230
results2411/20241120S014155.513032E014656.957487_scanAz_slow.dat,66.5950
results2411/20241120S014657.920567E015159.360491_scanAz_slow.dat,74.3669
results2411/20241120S015200.323898E015635.315735_scanAz_slow.dat,81.4301
read results2411/20241120_020134_scanAz_slow.txt,0.0130
results2411/20241120S020135.988752E020637.535196_scanAz_slow.dat,7.0168
results2411/20241120S020638.496387E021139.937175_scanAz_slow.dat,14.5791
results2411/20241120S021140.899605E021642.344884_scanAz_slow.dat,21.9453
results2411/20241120S021643.303641E022144.939958_scanAz_slow.dat,28.9531
results2411/20241120S022145.897161E022647.343220_scanAz_slow.dat,36.0214
results2411/20241120S022648.300062E023149.744354_scanAz_slow.dat,43.7942
results2411/20241120S023150.707729E023652.147958_scanAz_slow.dat,51.6941
results2411/20241120S023653.112131E024154.556384_scanAz_slow.dat,59.5030
results2411/20241120S024155.515799E024656.958385_scanAz_slow.dat,67.6311
results2411/20241120S024657.916508E025159.364253_scanAz_slow.dat,75.3336
results2411/20241120S025200.323905E025635.844270_scanAz_slow.dat,82.9101
read results2411/20241120_030134_scanAz_slow.txt,0.0082
results2411/20241120S030135.816134E030637.387230_scanAz_slow.dat,7.3448
results2411/20241120S030638.348808E031139.794960_scanAz_slow.dat,14.7760
results2411/20241120S031140.751964E031642.199752_scanAz_slow.dat,22.2645
results2411/20241120S031643.156968E032144.599200_scanAz_slow.dat,29.3220
results2411/20241120S032145.563425E032647.003674_scanAz_slow.dat,36.1998
results2411/20241120S032647.967217E033149.408674_scanAz_slow.dat,43.6114
results2411/20241120S033150.368568E033651.815130_scanAz_slow.dat,51.1766
results2411/20241120S033652.772387E034154.218393_scanAz_slow.dat,58.7297
results2411/20241120S034155.175446E034656.618872_scanAz_slow.dat,66.3725
results2411/20241120S034657.581542E035159.022294_scanAz_slow.dat,73.8458
results2411/20241120S035159.982259E035635.506650_scanAz_slow.dat,80.9890
read results2411/20241120_050134_scanAz_slow.txt,0.0085
results2411/20241120S050135.622651E050637.192919_scanAz_slow.dat,8.1216
results2411/20241120S050638.153123E051139.596963_scanAz_slow.dat,14.9581
results2411/20241120S051140.558284E051642.003559_scanAz_slow.dat,22.2074
results2411/20241120S051642.959694E052144.405221_scanAz_slow.dat,29.4826
results2411/20241120S052145.366953E052646.811181_scanAz_slow.dat,37.1375
results2411/20241120S052647.766840E053149.210788_scanAz_slow.dat,44.2319
results2411/20241120S053150.173227E053651.614549_scanAz_slow.dat,51.6377
results2411/20241120S053652.576595E054154.021781_scanAz_slow.dat,58.4492
results2411/20241120S054154.983579E054656.427001_scanAz_slow.dat,64.9822
results2411/20241120S054657.385142E055158.828792_scanAz_slow.dat,72.6972
results2411/20241120S055159.790588E055635.310948_scanAz_slow.dat,79.7078
read results2411/20241120_060135_scanAz_slow.txt,0.0086
results2411/20241120S060136.413842E060637.958412_scanAz_slow.dat,7.4528
results2411/20241120S060638.919587E061140.364843_scanAz_slow.dat,14.9380
results2411/20241120S061141.326139E061642.771178_scanAz_slow.dat,23.1036
results2411/20241120S061643.726921E062145.173836_scanAz_slow.dat,31.0406
results2411/20241120S062146.129936E062647.579373_scanAz_slow.dat,38.6586
results2411/20241120S062648.536311E063149.978674_scanAz_slow.dat,46.2559
results2411/20241120S063150.940846E063652.384796_scanAz_slow.dat,53.4909
results2411/20241120S063653.343353E064154.786166_scanAz_slow.dat,61.2364
results2411/20241120S064155.748700E064657.195135_scanAz_slow.dat,68.7656
results2411/20241120S064658.152143E065159.599433_scanAz_slow.dat,76.0874
results2411/20241120S065200.556129E065636.077938_scanAz_slow.dat,83.4445
read results2411/20241120_070135_scanAz_slow.txt,0.0091
results2411/20241120S070136.235887E070637.769774_scanAz_slow.dat,7.3515
results2411/20241120S070638.729812E071140.171886_scanAz_slow.dat,15.3696
results2411/20241120S071141.133108E071642.578530_scanAz_slow.dat,22.9811
results2411/20241120S071643.534351E072144.982764_scanAz_slow.dat,30.5204
results2411/20241120S072145.940116E072647.382445_scanAz_slow.dat,37.8157
results2411/20241120S072648.344851E073149.787188_scanAz_slow.dat,45.4288
results2411/20241120S073150.749258E073652.194448_scanAz_slow.dat,52.8277
results2411/20241120S073653.152031E074154.599163_scanAz_slow.dat,60.6396
results2411/20241120S074155.555178E074656.998781_scanAz_slow.dat,68.5277
results2411/20241120S074657.960301E075159.403019_scanAz_slow.dat,76.2829
results2411/20241120S075200.365304E075635.886009_scanAz_slow.dat,83.8720
read results2411/20241120_090135_scanAz_slow.txt,0.0086
results2411/20241120S090136.079109E090637.621721_scanAz_slow.dat,7.2589
results2411/20241120S090638.583125E091140.028134_scanAz_slow.dat,14.6629
results2411/20241120S091140.985607E091642.431808_scanAz_slow.dat,22.5315
results2411/20241120S091643.394539E092144.838233_scanAz_slow.dat,30.2929
results2411/20241120S092145.797742E092647.237800_scanAz_slow.dat,37.6885
results2411/20241120S092648.202525E093149.643552_scanAz_slow.dat,44.4642
results2411/20241120S093150.606341E093652.046884_scanAz_slow.dat,51.2309
results2411/20241120S093653.010217E094154.451045_scanAz_slow.dat,58.5886
results2411/20241120S094155.414369E094656.853835_scanAz_slow.dat,65.6031
results2411/20241120S094657.818036E095159.262125_scanAz_slow.dat,73.5250
results2411/20241120S095200.219965E095635.742618_scanAz_slow.dat,80.6951
read results2411/20241120_100134_scanAz_slow.txt,0.0086
results2411/20241120S100135.885731E100637.433245_scanAz_slow.dat,7.1377
results2411/20241120S100638.394539E101139.838028_scanAz_slow.dat,14.4048
results2411/20241120S101140.794335E101642.239699_scanAz_slow.dat,22.0293
results2411/20241120S101643.202357E102144.645767_scanAz_slow.dat,29.0844
results2411/20241120S102145.603350E102647.046475_scanAz_slow.dat,36.2942
results2411/20241120S102648.010367E103149.453718_scanAz_slow.dat,43.7055
results2411/20241120S103150.410978E103651.856903_scanAz_slow.dat,50.8425
results2411/20241120S103652.813803E104154.261746_scanAz_slow.dat,58.6827
results2411/20241120S104155.221735E104656.666355_scanAz_slow.dat,65.7495
results2411/20241120S104657.625353E105159.069849_scanAz_slow.dat,73.0525
results2411/20241120S105200.027050E105635.548674_scanAz_slow.dat,81.4006
read results2411/20241120_110134_scanAz_slow.txt,0.0081
results2411/20241120S110135.692208E110637.237066_scanAz_slow.dat,7.9742
results2411/20241120S110638.199075E111139.642491_scanAz_slow.dat,15.7949
results2411/20241120S111140.604564E111642.047131_scanAz_slow.dat,23.3621
results2411/20241120S111643.004377E112144.452096_scanAz_slow.dat,31.0261
results2411/20241120S112145.410262E112646.854660_scanAz_slow.dat,38.5306
results2411/20241120S112647.817672E113149.257510_scanAz_slow.dat,46.7238
results2411/20241120S113150.220502E113651.664453_scanAz_slow.dat,53.9821
results2411/20241120S113652.623810E114154.065425_scanAz_slow.dat,61.5274
results2411/20241120S114155.028432E114656.470871_scanAz_slow.dat,68.6280
results2411/20241120S114657.427810E115158.877423_scanAz_slow.dat,75.9522
results2411/20241120S115159.835625E115635.355194_scanAz_slow.dat,83.9888
read results2411/20241120_130135_scanAz_slow.txt,0.0088
results2411/20241120S130136.506462E130638.053074_scanAz_slow.dat,7.8404
results2411/20241120S130639.013015E131140.458098_scanAz_slow.dat,14.6670
results2411/20241120S131141.419035E131642.860055_scanAz_slow.dat,22.0636
results2411/20241120S131643.823169E132145.263753_scanAz_slow.dat,29.4391
results2411/20241120S132146.225555E132647.666826_scanAz_slow.dat,36.4696
results2411/20241120S132648.630211E133150.075939_scanAz_slow.dat,44.3412
results2411/20241120S133151.031758E133652.476840_scanAz_slow.dat,51.8195
results2411/20241120S133653.438365E134154.883067_scanAz_slow.dat,58.9982
results2411/20241120S134155.839545E134657.286090_scanAz_slow.dat,65.5434
results2411/20241120S134658.243668E135159.691149_scanAz_slow.dat,72.8851
results2411/20241120S135200.646948E135636.171585_scanAz_slow.dat,78.6779
read results2411/20241120_140135_scanAz_slow.txt,0.0061
results2411/20241120S140136.343732E140637.912204_scanAz_slow.dat,7.0491
results2411/20241120S140638.872101E141140.313626_scanAz_slow.dat,13.9652
results2411/20241120S141141.275909E141642.714763_scanAz_slow.dat,21.3688
results2411/20241120S141643.676309E142145.122913_scanAz_slow.dat,28.5608
results2411/20241120S142146.084293E142647.524729_scanAz_slow.dat,35.5060
results2411/20241120S142648.487334E143149.926994_scanAz_slow.dat,43.3269
results2411/20241120S143150.888496E143652.335224_scanAz_slow.dat,50.8652
results2411/20241120S143653.291241E144154.736701_scanAz_slow.dat,58.4361
results2411/20241120S144155.698496E144657.139979_scanAz_slow.dat,66.6451
results2411/20241120S144658.101455E145159.547319_scanAz_slow.dat,73.7808
results2411/20241120S145200.504511E145636.027561_scanAz_slow.dat,81.2608
read results2411/20241120_150135_scanAz_slow.txt,0.0083
results2411/20241120S150136.124147E150637.670974_scanAz_slow.dat,6.3440
results2411/20241120S150638.630872E151140.072827_scanAz_slow.dat,12.7747
results2411/20241120S151141.033466E151642.478890_scanAz_slow.dat,19.4699
results2411/20241120S151643.440337E152144.883382_scanAz_slow.dat,26.7375
results2411/20241120S152145.839403E152647.285445_scanAz_slow.dat,33.6189
results2411/20241120S152648.247123E153149.691138_scanAz_slow.dat,41.1142
results2411/20241120S153150.647460E153652.091291_scanAz_slow.dat,48.1040
results2411/20241120S153653.054190E154154.498820_scanAz_slow.dat,55.5206
results2411/20241120S154155.455488E154656.903395_scanAz_slow.dat,62.6311
results2411/20241120S154657.860729E155159.306535_scanAz_slow.dat,69.8656
results2411/20241120S155200.267920E155635.788535_scanAz_slow.dat,77.2617
read results2411/20241120_170134_scanAz_slow.txt,0.0087
results2411/20241120S170135.903336E170637.478746_scanAz_slow.dat,7.5431
results2411/20241120S170638.435665E171139.879333_scanAz_slow.dat,15.2347
results2411/20241120S171140.841813E171642.284332_scanAz_slow.dat,23.0958
results2411/20241120S171643.242570E172144.687715_scanAz_slow.dat,30.2856
results2411/20241120S172145.645608E172647.094445_scanAz_slow.dat,37.9536
results2411/20241120S172648.053042E173149.495892_scanAz_slow.dat,45.6681
results2411/20241120S173150.453659E173651.897585_scanAz_slow.dat,52.9963
results2411/20241120S173652.861297E174154.305792_scanAz_slow.dat,60.3839
results2411/20241120S174155.262742E174656.706939_scanAz_slow.dat,67.6080
results2411/20241120S174657.670480E175159.114345_scanAz_slow.dat,75.2810
results2411/20241120S175200.071347E175635.594954_scanAz_slow.dat,82.7657
read results2411/20241120_180134_scanAz_slow.txt,0.0088
results2411/20241120S180135.690291E180637.235590_scanAz_slow.dat,7.0860
results2411/20241120S180638.193026E181139.640300_scanAz_slow.dat,14.2425
results2411/20241120S181140.602133E181642.044702_scanAz_slow.dat,21.4670
results2411/20241120S181643.002612E182144.450478_scanAz_slow.dat,28.3831
results2411/20241120S182145.408907E182646.852669_scanAz_slow.dat,34.9033
results2411/20241120S182647.809684E183149.255862_scanAz_slow.dat,42.3596
results2411/20241120S183150.212796E183651.661312_scanAz_slow.dat,50.1324
results2411/20241120S183652.618918E184154.066075_scanAz_slow.dat,58.2432
results2411/20241120S184155.025445E184656.465728_scanAz_slow.dat,66.1246
results2411/20241120S184657.429394E185158.874624_scanAz_slow.dat,74.0951
results2411/20241120S185159.829477E185635.354719_scanAz_slow.dat,82.4235
read results2411/20241120_190135_scanAz_slow.txt,0.0082
results2411/20241120S190136.506797E190638.051159_scanAz_slow.dat,7.8204
results2411/20241120S190639.012944E191140.457283_scanAz_slow.dat,15.9471
results2411/20241120S191141.414906E191642.858384_scanAz_slow.dat,23.4268
results2411/20241120S191643.822008E192145.261140_scanAz_slow.dat,31.1717
results2411/20241120S192146.224773E192647.669245_scanAz_slow.dat,38.3475
results2411/20241120S192648.626082E193150.069510_scanAz_slow.dat,45.8563
results2411/20241120S193151.033445E193652.472896_scanAz_slow.dat,53.2028
results2411/20241120S193653.436866E194154.877478_scanAz_slow.dat,61.2347
results2411/20241120S194155.841335E194657.282297_scanAz_slow.dat,68.2957
results2411/20241120S194658.245621E195159.689891_scanAz_slow.dat,74.8230
results2411/20241120S195200.647567E195636.169713_scanAz_slow.dat,82.0070
read results2411/20241120_210135_scanAz_slow.txt,0.0065
results2411/20241120S210136.313293E210637.862008_scanAz_slow.dat,7.1532
results2411/20241120S210638.822247E211140.262003_scanAz_slow.dat,14.9071
results2411/20241120S211141.224263E211642.667217_scanAz_slow.dat,22.0530
results2411/20241120S211643.629275E212145.071527_scanAz_slow.dat,28.6191
results2411/20241120S212146.033304E212647.473306_scanAz_slow.dat,35.7617
results2411/20241120S212648.434810E213149.881764_scanAz_slow.dat,43.0050
results2411/20241120S213150.838849E213652.285295_scanAz_slow.dat,50.9981
results2411/20241120S213653.241397E214154.689610_scanAz_slow.dat,57.8358
results2411/20241120S214155.645956E214657.093299_scanAz_slow.dat,65.4579
results2411/20241120S214658.050498E215159.493440_scanAz_slow.dat,72.2516
results2411/20241120S215200.456475E215635.978934_scanAz_slow.dat,79.5527
read results2411/20241120_220135_scanAz_slow.txt,0.0081
results2411/20241120S220136.122270E220637.665325_scanAz_slow.dat,7.5679
results2411/20241120S220638.626413E221140.070735_scanAz_slow.dat,14.7071
results2411/20241120S221141.031770E221642.474720_scanAz_slow.dat,23.1138
results2411/20241120S221643.437465E222144.877632_scanAz_slow.dat,30.7471
results2411/20241120S222145.839402E222647.281375_scanAz_slow.dat,37.6891
results2411/20241120S222648.243478E223149.686947_scanAz_slow.dat,44.3116
results2411/20241120S223150.649384E223652.089541_scanAz_slow.dat,52.1002
results2411/20241120S223653.052011E224154.496659_scanAz_slow.dat,59.5277
results2411/20241120S224155.453020E224656.900797_scanAz_slow.dat,66.2920
results2411/20241120S224657.862571E225159.304907_scanAz_slow.dat,73.2199
results2411/20241120S225200.266759E225635.787360_scanAz_slow.dat,79.7024
read results2411/20241121_010134_scanAz_slow.txt,0.0089
results2411/20241121S010135.804009E010637.335893_scanAz_slow.dat,6.8812
results2411/20241121S010638.292067E011139.737087_scanAz_slow.dat,14.1783
results2411/20241121S011140.699167E011642.140396_scanAz_slow.dat,21.7279
results2411/20241121S011643.103623E012144.543896_scanAz_slow.dat,29.4064
results2411/20241121S012145.507063E012646.949671_scanAz_slow.dat,37.1208
results2411/20241121S012647.906779E013149.353169_scanAz_slow.dat,44.0836
results2411/20241121S013150.310103E013651.757436_scanAz_slow.dat,52.2109
results2411/20241121S013652.715224E014154.160704_scanAz_slow.dat,60.2121
results2411/20241121S014155.117598E014656.564874_scanAz_slow.dat,67.2119
results2411/20241121S014657.522970E015158.970043_scanAz_slow.dat,74.6757
results2411/20241121S015159.927652E015635.449267_scanAz_slow.dat,82.3006
read results2411/20241121_020134_scanAz_slow.txt,0.0089
results2411/20241121S020135.594018E020637.136911_scanAz_slow.dat,7.2503
results2411/20241121S020638.098163E021139.544868_scanAz_slow.dat,14.8234
results2411/20241121S021140.502045E021641.949821_scanAz_slow.dat,22.1928
results2411/20241121S021642.908557E022144.348722_scanAz_slow.dat,29.6653
results2411/20241121S022145.313324E022646.753962_scanAz_slow.dat,36.2124
results2411/20241121S022647.717882E023149.161339_scanAz_slow.dat,43.3331
results2411/20241121S023150.120616E023651.565846_scanAz_slow.dat,51.0149
results2411/20241121S023652.524906E024153.969677_scanAz_slow.dat,59.1384
results2411/20241121S024154.927608E024656.368882_scanAz_slow.dat,66.0768
results2411/20241121S024657.333114E025158.778661_scanAz_slow.dat,72.1330
results2411/20241121S025159.736626E025635.259084_scanAz_slow.dat,79.0663
read results2411/20241121_030135_scanAz_slow.txt,0.0088
results2411/20241121S030136.410583E030637.958197_scanAz_slow.dat,8.0789
results2411/20241121S030638.914464E031140.359609_scanAz_slow.dat,15.6788
results2411/20241121S031141.321913E031642.765795_scanAz_slow.dat,23.4029
results2411/20241121S031643.724515E032145.170109_scanAz_slow.dat,30.9564
results2411/20241121S032146.127956E032647.572758_scanAz_slow.dat,38.5882
results2411/20241121S032648.529700E033149.978620_scanAz_slow.dat,45.1955
results2411/20241121S033150.936118E033652.383408_scanAz_slow.dat,52.5607
results2411/20241121S033653.341809E034154.787765_scanAz_slow.dat,60.2712
results2411/20241121S034155.745950E034657.189761_scanAz_slow.dat,68.3880
results2411/20241121S034658.149165E035159.593974_scanAz_slow.dat,75.8435
results2411/20241121S035200.550935E035635.931633_scanAz_slow.dat,83.7532
read results2411/20241121_050135_scanAz_slow.txt,0.0085
results2411/20241121S050136.242156E050637.861958_scanAz_slow.dat,7.0282
results2411/20241121S050638.822795E051140.266448_scanAz_slow.dat,14.8360
results2411/20241121S051141.227749E051642.669673_scanAz_slow.dat,21.9110
results2411/20241121S051643.628656E052145.076395_scanAz_slow.dat,29.1520
results2411/20241121S052146.032978E052647.475656_scanAz_slow.dat,37.2715
results2411/20241121S052648.438211E053149.881340_scanAz_slow.dat,44.6370
results2411/20241121S053150.843813E053652.285805_scanAz_slow.dat,51.8256
results2411/20241121S053653.248608E054154.690484_scanAz_slow.dat,59.3455
results2411/20241121S054155.652980E054657.093350_scanAz_slow.dat,67.4106
results2411/20241121S054658.054958E055159.498062_scanAz_slow.dat,75.5114
results2411/20241121S055200.460115E055635.981230_scanAz_slow.dat,83.0231
read results2411/20241121_060134_scanAz_slow.txt,0.0092
results2411/20241121S060136.027675E060637.571402_scanAz_slow.dat,7.8952
results2411/20241121S060638.531584E061139.979290_scanAz_slow.dat,15.1279
results2411/20241121S061140.935183E061642.383598_scanAz_slow.dat,22.9505
results2411/20241121S061643.339520E062144.782459_scanAz_slow.dat,30.7786
results2411/20241121S062145.744217E062647.190514_scanAz_slow.dat,37.5380
results2411/20241121S062648.151981E063149.590728_scanAz_slow.dat,44.2295
results2411/20241121S063150.552871E063651.997001_scanAz_slow.dat,51.5138
results2411/20241121S063652.958799E064154.402822_scanAz_slow.dat,58.9602
results2411/20241121S064155.358954E064656.805658_scanAz_slow.dat,65.8497
results2411/20241121S064657.765314E065159.208377_scanAz_slow.dat,73.2547
results2411/20241121S065200.171481E065635.692482_scanAz_slow.dat,80.5062
read results2411/20241121_070134_scanAz_slow.txt,0.0086
results2411/20241121S070135.839609E070637.379532_scanAz_slow.dat,7.3949
results2411/20241121S070638.340032E071139.783519_scanAz_slow.dat,15.0331
results2411/20241121S071140.745090E071642.190507_scanAz_slow.dat,22.2915
results2411/20241121S071643.146613E072144.594301_scanAz_slow.dat,29.6233
results2411/20241121S072145.550330E072646.996778_scanAz_slow.dat,36.9879
results2411/20241121S072647.959179E073149.401850_scanAz_slow.dat,43.7486
results2411/20241121S073150.363424E073651.802218_scanAz_slow.dat,51.1252
results2411/20241121S073652.765202E074154.211224_scanAz_slow.dat,58.4732
results2411/20241121S074155.167126E074656.610415_scanAz_slow.dat,65.4250
results2411/20241121S074657.573286E075159.014833_scanAz_slow.dat,73.2301
results2411/20241121S075159.978415E075635.499034_scanAz_slow.dat,80.7277
read results2411/20241121_090134_scanAz_slow.txt,0.0083
results2411/20241121S090135.691368E090637.237840_scanAz_slow.dat,6.7378
results2411/20241121S090638.194153E091139.637791_scanAz_slow.dat,13.9333
results2411/20241121S091140.600590E091642.046700_scanAz_slow.dat,21.4856
results2411/20241121S091643.004497E092144.449039_scanAz_slow.dat,28.8211
results2411/20241121S092145.406275E092646.853026_scanAz_slow.dat,36.3936
results2411/20241121S092647.809901E093149.254828_scanAz_slow.dat,44.3752
results2411/20241121S093150.217859E093651.661474_scanAz_slow.dat,51.8024
results2411/20241121S093652.618449E094154.065339_scanAz_slow.dat,59.2151
results2411/20241121S094155.022223E094656.464976_scanAz_slow.dat,67.1852
results2411/20241121S094657.428321E095158.872006_scanAz_slow.dat,74.4890
results2411/20241121S095159.829295E095635.354194_scanAz_slow.dat,82.4551
read results2411/20241121_100135_scanAz_slow.txt,0.0082
results2411/20241121S100136.506012E100638.052896_scanAz_slow.dat,7.7648
results2411/20241121S100639.010064E101140.455281_scanAz_slow.dat,15.7041
results2411/20241121S101141.417074E101642.858989_scanAz_slow.dat,23.4136
results2411/20241121S101643.822306E102145.264944_scanAz_slow.dat,31.5633
results2411/20241121S102146.222459E102647.669731_scanAz_slow.dat,38.9600
results2411/20241121S102648.628187E103150.068459_scanAz_slow.dat,46.1681
results2411/20241121S103151.031559E103652.477734_scanAz_slow.dat,53.4879
results2411/20241121S103653.436772E104154.882131_scanAz_slow.dat,60.7974
results2411/20241121S104155.840649E104657.280304_scanAz_slow.dat,68.2178
results2411/20241121S104658.244212E105159.686220_scanAz_slow.dat,75.3659
results2411/20241121S105200.649547E105636.169198_scanAz_slow.dat,82.7502
read results2411/20241121_110135_scanAz_slow.txt,0.0084
results2411/20241121S110136.315548E110637.855516_scanAz_slow.dat,6.8797
results2411/20241121S110638.817420E111140.263322_scanAz_slow.dat,14.3433
results2411/20241121S111141.219642E111642.668194_scanAz_slow.dat,21.5195
results2411/20241121S111643.625170E112145.071933_scanAz_slow.dat,28.8275
results2411/20241121S112146.029009E112647.477405_scanAz_slow.dat,35.8778
results2411/20241121S112648.436649E113149.880467_scanAz_slow.dat,42.4915
results2411/20241121S113150.837552E113652.285561_scanAz_slow.dat,49.9666
results2411/20241121S113653.242919E114154.686235_scanAz_slow.dat,57.5255
results2411/20241121S114155.649471E114657.090166_scanAz_slow.dat,65.6269
results2411/20241121S114658.048662E115159.494900_scanAz_slow.dat,73.3859
results2411/20241121S115200.452139E115635.975989_scanAz_slow.dat,80.6103
read results2411/20241121_130135_scanAz_slow.txt,0.0086
results2411/20241121S130136.168659E130637.714714_scanAz_slow.dat,7.2231
results2411/20241121S130638.674908E131140.116205_scanAz_slow.dat,15.2602
results2411/20241121S131141.076912E131642.522942_scanAz_slow.dat,22.8369
results2411/20241121S131643.484737E132144.928455_scanAz_slow.dat,29.4997
results2411/20241121S132145.884785E132647.333617_scanAz_slow.dat,35.8535
results2411/20241121S132648.289875E133149.733391_scanAz_slow.dat,43.1928
results2411/20241121S133150.695899E133652.137130_scanAz_slow.dat,51.1169
results2411/20241121S133653.098988E134154.541728_scanAz_slow.dat,59.1098
results2411/20241121S134155.503875E134656.944474_scanAz_slow.dat,66.7340
results2411/20241121S134657.906828E135159.352466_scanAz_slow.dat,74.8057
results2411/20241121S135200.308815E135635.833899_scanAz_slow.dat,82.5804
read results2411/20241121_140134_scanAz_slow.txt,0.0090
results2411/20241121S140135.976662E140637.521874_scanAz_slow.dat,7.6045
results2411/20241121S140638.483250E141139.925234_scanAz_slow.dat,14.7609
results2411/20241121S141140.887987E141642.331789_scanAz_slow.dat,22.0408
results2411/20241121S141643.287521E142144.736159_scanAz_slow.dat,29.3294
results2411/20241121S142145.692456E142647.136545_scanAz_slow.dat,37.6706
results2411/20241121S142648.099291E143149.545263_scanAz_slow.dat,44.3929
results2411/20241121S143150.502219E143651.944383_scanAz_slow.dat,51.6595
results2411/20241121S143652.906472E144154.352356_scanAz_slow.dat,59.8674
results2411/20241121S144155.310165E144656.754588_scanAz_slow.dat,67.3013
results2411/20241121S144657.716388E145159.160072_scanAz_slow.dat,75.0897
results2411/20241121S145200.116157E145635.641454_scanAz_slow.dat,81.8677
read results2411/20241121_150134_scanAz_slow.txt,0.0093
results2411/20241121S150135.801719E150637.377243_scanAz_slow.dat,7.5473
results2411/20241121S150638.338668E151139.780555_scanAz_slow.dat,14.8413
results2411/20241121S151140.743345E151642.188810_scanAz_slow.dat,22.3489
results2411/20241121S151643.144843E152144.589419_scanAz_slow.dat,30.3025
results2411/20241121S152145.551509E152646.994659_scanAz_slow.dat,38.4434
results2411/20241121S152647.956444E153149.397714_scanAz_slow.dat,46.5790
results2411/20241121S153150.359871E153651.800349_scanAz_slow.dat,54.1014
results2411/20241121S153652.761798E154154.206558_scanAz_slow.dat,61.3998
results2411/20241121S154155.164502E154656.609457_scanAz_slow.dat,68.4634
results2411/20241121S154657.571233E155159.011610_scanAz_slow.dat,76.0454
results2411/20241121S155159.974096E155635.496735_scanAz_slow.dat,83.6577
read results2411/20241121_170134_scanAz_slow.txt,0.0082
results2411/20241121S170135.591376E170637.136005_scanAz_slow.dat,7.6712
results2411/20241121S170638.098163E171139.539550_scanAz_slow.dat,15.0924
results2411/20241121S171140.503751E171641.943072_scanAz_slow.dat,21.7023
results2411/20241121S171642.906355E172144.347773_scanAz_slow.dat,28.7264
results2411/20241121S172145.311082E172646.751140_scanAz_slow.dat,36.3052
results2411/20241121S172647.715107E173149.155406_scanAz_slow.dat,43.6811
results2411/20241121S173150.119405E173651.559613_scanAz_slow.dat,51.3128
results2411/20241121S173652.523788E174153.967239_scanAz_slow.dat,58.9658
results2411/20241121S174154.925691E174656.368441_scanAz_slow.dat,66.4891
results2411/20241121S174657.331714E175158.775711_scanAz_slow.dat,73.8673
results2411/20241121S175159.732892E175635.255823_scanAz_slow.dat,81.2650
read results2411/20241121_180135_scanAz_slow.txt,0.0090
results2411/20241121S180136.407178E180637.999626_scanAz_slow.dat,7.7417
results2411/20241121S180638.960845E181140.407212_scanAz_slow.dat,15.4760
results2411/20241121S181141.363827E181642.809679_scanAz_slow.dat,22.9592
results2411/20241121S181643.767858E182145.214526_scanAz_slow.dat,30.6411
results2411/20241121S182146.172094E182647.619042_scanAz_slow.dat,38.0478
results2411/20241121S182648.575923E183150.019877_scanAz_slow.dat,45.5604
results2411/20241121S183150.982898E183652.427182_scanAz_slow.dat,53.1137
results2411/20241121S183653.384458E184154.828898_scanAz_slow.dat,60.2724
results2411/20241121S184155.791905E184657.236348_scanAz_slow.dat,68.4668
results2411/20241121S184658.194791E185159.636552_scanAz_slow.dat,75.5044
results2411/20241121S185200.600542E185636.121354_scanAz_slow.dat,83.3739
read results2411/20241121_190135_scanAz_slow.txt,0.0098
results2411/20241121S190136.216455E190637.759504_scanAz_slow.dat,8.3057
results2411/20241121S190638.722140E191140.167806_scanAz_slow.dat,15.7573
results2411/20241121S191141.125678E191642.572338_scanAz_slow.dat,23.8037
results2411/20241121S191643.531374E192144.975327_scanAz_slow.dat,31.2134
results2411/20241121S192145.933086E192647.374767_scanAz_slow.dat,39.0607
results2411/20241121S192648.339291E193149.783550_scanAz_slow.dat,47.1884
results2411/20241121S193150.741102E193652.187512_scanAz_slow.dat,54.5104
results2411/20241121S193653.144431E194154.591681_scanAz_slow.dat,62.1586
results2411/20241121S194155.549817E194656.994924_scanAz_slow.dat,69.9793
results2411/20241121S194657.952810E195159.397095_scanAz_slow.dat,77.8653
results2411/20241121S195200.360007E195635.879184_scanAz_slow.dat,85.8292
read results2411/20241121_210134_scanAz_slow.txt,0.0123
results2411/20241121S210136.070651E210637.619510_scanAz_slow.dat,8.2289
results2411/20241121S210638.574741E211140.022001_scanAz_slow.dat,15.7535
results2411/20241121S211140.983294E211642.426494_scanAz_slow.dat,23.0961
results2411/20241121S211643.382146E212144.829597_scanAz_slow.dat,30.4030
results2411/20241121S212145.791658E212647.233024_scanAz_slow.dat,37.6629
results2411/20241121S212648.195686E213149.639091_scanAz_slow.dat,45.4111
results2411/20241121S213150.596314E213652.043691_scanAz_slow.dat,52.8774
results2411/20241121S213653.000968E214154.445440_scanAz_slow.dat,60.1024
results2411/20241121S214155.407227E214656.851977_scanAz_slow.dat,68.1560
results2411/20241121S214657.808670E215159.256006_scanAz_slow.dat,74.9970
results2411/20241121S215200.212698E215635.735582_scanAz_slow.dat,82.3831
read results2411/20241121_220134_scanAz_slow.txt,0.0192
results2411/20241121S220135.903194E220637.474008_scanAz_slow.dat,7.3273
results2411/20241121S220638.433741E221139.877161_scanAz_slow.dat,15.0694
results2411/20241121S221140.840379E221642.280513_scanAz_slow.dat,22.3956
results2411/20241121S221643.243380E222144.687672_scanAz_slow.dat,29.8727
results2411/20241121S222145.644261E222647.091738_scanAz_slow.dat,37.6890
results2411/20241121S222648.047499E223149.495582_scanAz_slow.dat,45.5603
results2411/20241121S223150.453116E223651.896195_scanAz_slow.dat,52.2865
results2411/20241121S223652.858640E224154.301978_scanAz_slow.dat,59.8705
results2411/20241121S224155.263530E224656.705590_scanAz_slow.dat,67.4035
results2411/20241121S224657.667735E225159.109712_scanAz_slow.dat,74.3820
results2411/20241121S225200.071326E225635.592473_scanAz_slow.dat,80.5062
read results2411/20241122_010135_scanAz_slow.txt,0.0090
results2411/20241122S010136.570258E010638.143606_scanAz_slow.dat,7.5717
results2411/20241122S010639.105589E011140.548461_scanAz_slow.dat,14.9440
results2411/20241122S011141.510611E011642.950981_scanAz_slow.dat,22.0580
results2411/20241122S011643.913972E012145.355912_scanAz_slow.dat,29.0951
results2411/20241122S012146.318880E012647.762091_scanAz_slow.dat,36.6862
results2411/20241122S012648.721474E013150.161358_scanAz_slow.dat,44.2347
results2411/20241122S013151.124082E013652.566788_scanAz_slow.dat,51.4147
results2411/20241122S013653.530084E014154.970385_scanAz_slow.dat,58.8622
results2411/20241122S014155.934346E014657.378572_scanAz_slow.dat,66.0613
results2411/20241122S014658.337916E015159.782632_scanAz_slow.dat,72.2501
results2411/20241122S015200.739904E015636.262736_scanAz_slow.dat,79.2913
read results2411/20241122_020135_scanAz_slow.txt,0.0081
results2411/20241122S020136.378131E020637.949058_scanAz_slow.dat,6.9985
results2411/20241122S020638.910825E021140.357338_scanAz_slow.dat,14.3496
results2411/20241122S021141.313665E021642.760175_scanAz_slow.dat,22.5090
results2411/20241122S021643.717147E022145.165678_scanAz_slow.dat,29.8725
results2411/20241122S022146.122893E022647.569297_scanAz_slow.dat,36.5181
results2411/20241122S022648.526314E023149.971435_scanAz_slow.dat,42.9201
results2411/20241122S023150.934381E023652.377553_scanAz_slow.dat,48.8442
results2411/20241122S023653.335679E024154.779238_scanAz_slow.dat,56.2040
results2411/20241122S024155.742051E024657.182583_scanAz_slow.dat,63.4857
results2411/20241122S024658.141064E025159.585289_scanAz_slow.dat,70.7247
results2411/20241122S025200.549252E025636.069803_scanAz_slow.dat,77.7844
read results2411/20241122_030135_scanAz_slow.txt,0.0080
results2411/20241122S030136.163960E030637.713462_scanAz_slow.dat,7.7561
results2411/20241122S030638.668963E031140.112651_scanAz_slow.dat,15.5606
results2411/20241122S031141.076364E031642.516518_scanAz_slow.dat,22.9275
results2411/20241122S031643.480715E032144.924016_scanAz_slow.dat,30.1901
results2411/20241122S032145.880965E032647.327194_scanAz_slow.dat,38.1359
results2411/20241122S032648.284436E033149.732868_scanAz_slow.dat,45.2860
results2411/20241122S033150.690124E033652.134770_scanAz_slow.dat,53.0990
results2411/20241122S033653.092656E034154.536588_scanAz_slow.dat,60.9061
results2411/20241122S034155.500700E034656.944619_scanAz_slow.dat,68.2923
results2411/20241122S034657.901854E035159.346586_scanAz_slow.dat,75.5832
results2411/20241122S035200.309612E035635.827868_scanAz_slow.dat,82.5960
read results2411/20241122_050134_scanAz_slow.txt,0.0132
results2411/20241122S050135.973639E050637.516488_scanAz_slow.dat,7.0000
results2411/20241122S050638.476712E051139.922739_scanAz_slow.dat,14.6146
results2411/20241122S051140.884440E051642.325256_scanAz_slow.dat,21.9083
results2411/20241122S051643.287057E052144.733070_scanAz_slow.dat,29.4355
results2411/20241122S052145.689968E052647.134020_scanAz_slow.dat,36.6755
results2411/20241122S052648.095811E053149.541066_scanAz_slow.dat,44.7211
results2411/20241122S053150.497175E053651.940337_scanAz_slow.dat,51.9974
results2411/20241122S053652.901794E054154.344646_scanAz_slow.dat,59.0415
results2411/20241122S054155.306523E054656.752736_scanAz_slow.dat,67.0250
results2411/20241122S054657.708787E055159.156697_scanAz_slow.dat,75.0336
results2411/20241122S055200.112745E055635.636129_scanAz_slow.dat,82.5061
read results2411/20241122_060134_scanAz_slow.txt,0.0084
results2411/20241122S060135.801522E060637.377088_scanAz_slow.dat,7.4264
results2411/20241122S060638.331883E061139.779384_scanAz_slow.dat,14.4851
results2411/20241122S061140.740377E061642.180732_scanAz_slow.dat,22.2813
results2411/20241122S061643.142893E062144.585228_scanAz_slow.dat,30.1370
results2411/20241122S062145.546761E062646.988733_scanAz_slow.dat,37.3425
results2411/20241122S062647.952304E063149.393279_scanAz_slow.dat,44.5110
results2411/20241122S063150.355350E063651.797102_scanAz_slow.dat,51.7029
results2411/20241122S063652.758775E064154.205077_scanAz_slow.dat,59.3460
results2411/20241122S064155.166403E064656.605862_scanAz_slow.dat,66.6817
results2411/20241122S064657.568373E065159.012767_scanAz_slow.dat,73.9303
results2411/20241122S065159.970984E065635.493351_scanAz_slow.dat,80.7184
read results2411/20241122_070135_scanAz_slow.txt,0.0086
results2411/20241122S070136.599165E070638.144782_scanAz_slow.dat,6.7738
results2411/20241122S070639.104728E071140.550448_scanAz_slow.dat,14.4956
results2411/20241122S071141.511459E071642.955615_scanAz_slow.dat,22.4564
results2411/20241122S071643.913428E072145.353830_scanAz_slow.dat,29.7975
results2411/20241122S072146.315655E072647.762837_scanAz_slow.dat,37.7190
results2411/20241122S072648.718472E073150.165747_scanAz_slow.dat,45.1801
results2411/20241122S073151.122102E073652.566329_scanAz_slow.dat,52.2333
results2411/20241122S073653.529126E074154.969877_scanAz_slow.dat,59.2909
results2411/20241122S074155.932332E074657.372216_scanAz_slow.dat,67.0032
results2411/20241122S074658.335640E075159.780166_scanAz_slow.dat,73.9563
results2411/20241122S075200.736951E075636.260738_scanAz_slow.dat,81.4993
read results2411/20241122_090135_scanAz_slow.txt,0.0083
results2411/20241122S090136.448097E090637.994406_scanAz_slow.dat,7.8095
results2411/20241122S090638.956816E091140.400813_scanAz_slow.dat,14.5461
results2411/20241122S091141.358374E091642.804499_scanAz_slow.dat,22.0264
results2411/20241122S091643.761423E092145.207121_scanAz_slow.dat,29.8304
results2411/20241122S092146.164357E092647.612917_scanAz_slow.dat,37.3652
results2411/20241122S092648.572564E093150.013452_scanAz_slow.dat,45.0103
results2411/20241122S093150.977141E093652.420376_scanAz_slow.dat,52.1757
results2411/20241122S093653.378783E094154.823673_scanAz_slow.dat,59.3821
results2411/20241122S094155.780520E094657.223539_scanAz_slow.dat,67.0955
results2411/20241122S094658.189209E095159.633109_scanAz_slow.dat,74.7000
results2411/20241122S095200.592437E095636.112025_scanAz_slow.dat,82.6363
read results2411/20241122_100135_scanAz_slow.txt,0.0092
results2411/20241122S100136.257146E100637.802829_scanAz_slow.dat,7.5337
results2411/20241122S100638.764088E101140.205795_scanAz_slow.dat,14.3697
results2411/20241122S101141.167918E101642.608248_scanAz_slow.dat,21.2992
results2411/20241122S101643.567341E102145.016013_scanAz_slow.dat,28.5741
results2411/20241122S102145.973333E102647.417659_scanAz_slow.dat,35.7199
results2411/20241122S102648.375559E103149.819516_scanAz_slow.dat,43.0368
results2411/20241122S103150.783120E103652.226473_scanAz_slow.dat,50.8251
results2411/20241122S103653.183721E104154.628403_scanAz_slow.dat,57.9407
results2411/20241122S104155.591725E104657.033908_scanAz_slow.dat,65.3883
results2411/20241122S104657.991126E105159.435205_scanAz_slow.dat,72.8533
results2411/20241122S105200.398508E105635.918845_scanAz_slow.dat,80.3717
read results2411/20241122_110135_scanAz_slow.txt,0.0088
results2411/20241122S110136.075020E110637.608236_scanAz_slow.dat,7.6519
results2411/20241122S110638.570236E111140.014811_scanAz_slow.dat,14.9579
results2411/20241122S111140.971577E111642.418143_scanAz_slow.dat,22.8633
results2411/20241122S111643.376849E112144.819777_scanAz_slow.dat,29.6263
results2411/20241122S112145.783641E112647.224122_scanAz_slow.dat,36.8157
results2411/20241122S112648.187476E113149.629338_scanAz_slow.dat,44.5389
results2411/20241122S113150.592365E113652.032206_scanAz_slow.dat,52.1196
results2411/20241122S113652.995215E114154.435591_scanAz_slow.dat,59.4500
results2411/20241122S114155.399766E114656.842560_scanAz_slow.dat,66.5256
results2411/20241122S114657.799510E115159.242737_scanAz_slow.dat,73.9469
results2411/20241122S115200.206680E115635.728203_scanAz_slow.dat,80.9072
read results2411/20241122_130134_scanAz_slow.txt,0.0128
results2411/20241122S130135.918115E130637.465421_scanAz_slow.dat,7.8894
results2411/20241122S130638.425615E131139.869060_scanAz_slow.dat,15.4188
results2411/20241122S131140.829734E131642.270902_scanAz_slow.dat,22.9077
results2411/20241122S131643.233289E132144.678729_scanAz_slow.dat,29.9744
results2411/20241122S132145.636277E132647.080246_scanAz_slow.dat,37.2723
results2411/20241122S132648.042016E133149.485826_scanAz_slow.dat,44.8683
results2411/20241122S133150.442123E133651.887147_scanAz_slow.dat,52.9902
results2411/20241122S133652.849546E134154.292808_scanAz_slow.dat,60.3572
results2411/20241122S134155.254343E134656.696309_scanAz_slow.dat,67.5429
results2411/20241122S134657.654160E135159.101097_scanAz_slow.dat,74.5892
results2411/20241122S135200.056951E135635.582686_scanAz_slow.dat,80.8773
read results2411/20241122_140134_scanAz_slow.txt,0.0138
results2411/20241122S140135.725987E140637.272701_scanAz_slow.dat,7.6450
results2411/20241122S140638.233171E141139.677357_scanAz_slow.dat,14.5685
results2411/20241122S141140.632532E141642.077380_scanAz_slow.dat,21.7370
results2411/20241122S141643.039832E142144.482786_scanAz_slow.dat,29.2126
results2411/20241122S142145.444259E142646.889194_scanAz_slow.dat,37.1164
results2411/20241122S142647.844844E143149.293539_scanAz_slow.dat,44.6338
results2411/20241122S143150.251107E143651.697288_scanAz_slow.dat,51.0443
results2411/20241122S143652.654571E144154.095843_scanAz_slow.dat,58.3858
results2411/20241122S144155.058848E144656.502465_scanAz_slow.dat,64.9895
results2411/20241122S144657.464462E145158.906937_scanAz_slow.dat,71.9140
results2411/20241122S145159.868778E145635.389267_scanAz_slow.dat,78.4122
read results2411/20241122_150135_scanAz_slow.txt,0.0084
results2411/20241122S150136.541101E150638.084009_scanAz_slow.dat,8.0432
results2411/20241122S150639.045082E151140.490012_scanAz_slow.dat,15.0718
results2411/20241122S151141.451059E151642.892529_scanAz_slow.dat,22.4622
results2411/20241122S151643.854997E152145.295752_scanAz_slow.dat,29.9945
results2411/20241122S152146.258116E152647.702880_scanAz_slow.dat,37.6808
results2411/20241122S152648.658597E153150.106502_scanAz_slow.dat,45.3237
results2411/20241122S153151.063135E153652.509827_scanAz_slow.dat,53.0770
results2411/20241122S153653.467233E154154.914478_scanAz_slow.dat,60.1217
results2411/20241122S154155.871523E154657.314095_scanAz_slow.dat,67.6079
results2411/20241122S154658.276172E155159.722993_scanAz_slow.dat,74.9308
results2411/20241122S155200.679217E155636.203246_scanAz_slow.dat,82.2681
read results2411/20241122_170135_scanAz_slow.txt,0.0088
results2411/20241122S170136.414094E170637.986518_scanAz_slow.dat,7.3440
results2411/20241122S170638.948232E171140.391602_scanAz_slow.dat,14.7319
results2411/20241122S171141.349143E171642.791798_scanAz_slow.dat,22.2914
results2411/20241122S171643.755082E172145.199603_scanAz_slow.dat,28.9988
results2411/20241122S172146.158898E172647.603526_scanAz_slow.dat,35.2539
results2411/20241122S172648.560439E173150.006519_scanAz_slow.dat,42.0274
results2411/20241122S173150.963998E173652.407232_scanAz_slow.dat,49.8781
results2411/20241122S173653.370565E174154.816216_scanAz_slow.dat,57.3253
results2411/20241122S174155.775293E174657.215280_scanAz_slow.dat,65.5536
results2411/20241122S174658.178248E175159.622397_scanAz_slow.dat,73.1468
results2411/20241122S175200.579488E175636.103980_scanAz_slow.dat,80.4912
read results2411/20241122_180135_scanAz_slow.txt,0.0089
results2411/20241122S180136.202332E180637.746244_scanAz_slow.dat,7.3938
results2411/20241122S180638.702857E181140.148680_scanAz_slow.dat,14.5527
results2411/20241122S181141.110803E181642.552103_scanAz_slow.dat,21.9684
results2411/20241122S181643.514721E182144.954040_scanAz_slow.dat,29.6580
results2411/20241122S182145.917036E182647.360012_scanAz_slow.dat,36.4544
results2411/20241122S182648.322795E183149.765737_scanAz_slow.dat,43.4878
results2411/20241122S183150.725050E183652.170059_scanAz_slow.dat,50.8083
results2411/20241122S183653.127921E184154.573922_scanAz_slow.dat,58.0016
results2411/20241122S184155.530867E184656.973515_scanAz_slow.dat,64.9053
results2411/20241122S184657.938275E185159.381866_scanAz_slow.dat,72.1008
results2411/20241122S185200.339236E185635.863298_scanAz_slow.dat,80.0624
read results2411/20241122_190134_scanAz_slow.txt,0.0088
results2411/20241122S190136.005051E190637.553637_scanAz_slow.dat,7.1612
results2411/20241122S190638.509100E191139.953545_scanAz_slow.dat,14.6985
results2411/20241122S191140.916610E191642.359765_scanAz_slow.dat,22.3645
results2411/20241122S191643.317638E192144.764921_scanAz_slow.dat,29.7763
results2411/20241122S192145.721896E192647.168135_scanAz_slow.dat,36.9580
results2411/20241122S192648.131141E193149.569810_scanAz_slow.dat,44.9977
results2411/20241122S193150.533970E193651.975211_scanAz_slow.dat,52.1988
results2411/20241122S193652.933331E194154.379218_scanAz_slow.dat,59.5061
results2411/20241122S194155.342273E194656.784219_scanAz_slow.dat,67.2850
results2411/20241122S194657.742605E195159.189793_scanAz_slow.dat,74.7269
results2411/20241122S195200.147060E195635.670370_scanAz_slow.dat,81.3533
read results2411/20241122_210134_scanAz_slow.txt,0.0089
results2411/20241122S210135.861532E210637.406203_scanAz_slow.dat,6.7667
results2411/20241122S210638.366666E211139.809333_scanAz_slow.dat,13.7370
results2411/20241122S211140.772190E211642.216873_scanAz_slow.dat,21.6330
results2411/20241122S211643.172943E212144.616174_scanAz_slow.dat,28.9156
results2411/20241122S212145.577978E212647.025112_scanAz_slow.dat,36.4971
results2411/20241122S212647.980704E213149.424117_scanAz_slow.dat,44.2623
results2411/20241122S213150.387505E213651.829478_scanAz_slow.dat,52.3729
results2411/20241122S213652.792806E214154.236764_scanAz_slow.dat,59.7999
results2411/20241122S214155.192806E214656.640295_scanAz_slow.dat,67.3754
results2411/20241122S214657.598501E215159.044030_scanAz_slow.dat,74.5010
results2411/20241122S215159.999790E215635.524106_scanAz_slow.dat,82.0651
read results2411/20241122_220134_scanAz_slow.txt,0.0086
results2411/20241122S220135.671455E220637.215559_scanAz_slow.dat,7.2062
results2411/20241122S220638.176305E221139.617152_scanAz_slow.dat,14.6741
results2411/20241122S221140.578210E221642.020059_scanAz_slow.dat,22.5129
results2411/20241122S221642.982156E222144.423604_scanAz_slow.dat,29.6622
results2411/20241122S222145.385965E222646.829570_scanAz_slow.dat,37.2087
results2411/20241122S222647.791654E223149.233569_scanAz_slow.dat,45.1285
results2411/20241122S223150.196042E223651.640888_scanAz_slow.dat,52.3720
results2411/20241122S223652.596645E224154.043847_scanAz_slow.dat,59.7154
results2411/20241122S224154.999572E224656.445994_scanAz_slow.dat,66.8159
results2411/20241122S224657.404485E225158.849250_scanAz_slow.dat,73.6554
results2411/20241122S225159.811806E225635.331797_scanAz_slow.dat,80.7047
read results2411/20241123_010135_scanAz_slow.txt,0.0089
results2411/20241123S010136.337940E010637.882159_scanAz_slow.dat,7.6661
results2411/20241123S010638.843441E011140.287422_scanAz_slow.dat,14.7928
results2411/20241123S011141.249842E011642.694209_scanAz_slow.dat,21.3081
results2411/20241123S011643.651484E012145.096773_scanAz_slow.dat,28.4221
results2411/20241123S012146.053981E012647.499795_scanAz_slow.dat,35.1274
results2411/20241123S012648.456756E013149.901261_scanAz_slow.dat,43.0029
results2411/20241123S013150.863983E013652.309279_scanAz_slow.dat,50.2941
results2411/20241123S013653.267434E014154.710354_scanAz_slow.dat,57.2233
results2411/20241123S014155.673381E014657.115146_scanAz_slow.dat,64.5213
results2411/20241123S014658.072124E015159.517885_scanAz_slow.dat,72.0897
results2411/20241123S015200.480694E015636.001585_scanAz_slow.dat,79.0857
read results2411/20241123_020135_scanAz_slow.txt,0.0087
results2411/20241123S020136.145844E020637.689041_scanAz_slow.dat,7.4586
results2411/20241123S020638.651723E021140.094571_scanAz_slow.dat,14.3986
results2411/20241123S021141.056960E021642.501665_scanAz_slow.dat,22.0187
results2411/20241123S021643.458949E022144.904430_scanAz_slow.dat,28.6670
results2411/20241123S022145.861311E022647.310230_scanAz_slow.dat,34.8890
results2411/20241123S022648.268845E023149.713352_scanAz_slow.dat,41.2277
results2411/20241123S023150.670537E023652.116502_scanAz_slow.dat,48.4029
results2411/20241123S023653.073463E024154.518201_scanAz_slow.dat,55.7241
results2411/20241123S024155.481878E024656.922192_scanAz_slow.dat,63.0069
results2411/20241123S024657.885790E025159.327586_scanAz_slow.dat,70.5206
results2411/20241123S025200.290610E025635.808673_scanAz_slow.dat,77.5082
read results2411/20241123_030134_scanAz_slow.txt,0.0083
results2411/20241123S030135.974925E030637.547806_scanAz_slow.dat,7.3597
results2411/20241123S030638.509719E031139.949670_scanAz_slow.dat,14.6688
results2411/20241123S031140.912398E031642.354498_scanAz_slow.dat,22.8459
results2411/20241123S031643.318122E032144.759959_scanAz_slow.dat,30.5704
results2411/20241123S032145.717525E032647.162198_scanAz_slow.dat,38.3773
results2411/20241123S032648.126412E033149.569188_scanAz_slow.dat,45.0958
results2411/20241123S033150.526459E033651.973679_scanAz_slow.dat,52.7640
results2411/20241123S033652.930886E034154.374203_scanAz_slow.dat,60.8129
results2411/20241123S034155.337132E034656.780104_scanAz_slow.dat,68.2625
results2411/20241123S034657.738238E035159.182012_scanAz_slow.dat,75.8255
results2411/20241123S035200.144738E035635.666936_scanAz_slow.dat,82.9694
read results2411/20241123_050134_scanAz_slow.txt,0.0065
results2411/20241123S050135.761313E050637.306652_scanAz_slow.dat,7.2137
results2411/20241123S050638.267515E051139.708646_scanAz_slow.dat,14.2422
results2411/20241123S051140.669962E051642.115097_scanAz_slow.dat,21.5171
results2411/20241123S051643.077175E052144.518332_scanAz_slow.dat,29.0826
results2411/20241123S052145.481017E052646.922287_scanAz_slow.dat,37.2124
results2411/20241123S052647.885015E053149.325138_scanAz_slow.dat,45.3562
results2411/20241123S053150.287600E053651.732050_scanAz_slow.dat,53.4521
results2411/20241123S053652.693465E054154.136953_scanAz_slow.dat,60.7362
results2411/20241123S054155.093244E054656.540389_scanAz_slow.dat,68.4819
results2411/20241123S054657.496105E055158.941911_scanAz_slow.dat,75.3005
results2411/20241123S055159.903857E055635.425197_scanAz_slow.dat,82.0493
read results2411/20241123_060135_scanAz_slow.txt,0.0063
results2411/20241123S060136.577023E060638.124385_scanAz_slow.dat,6.8935
results2411/20241123S060639.084846E061140.526921_scanAz_slow.dat,13.9874
results2411/20241123S061141.488492E061642.928761_scanAz_slow.dat,20.2686
results2411/20241123S061643.891558E062145.334725_scanAz_slow.dat,27.7351
results2411/20241123S062146.296504E062648.744126_scanAz_slow.dat,34.5081
results2411/20241123S062649.707186E063151.149626_scanAz_slow.dat,41.4357
results2411/20241123S063152.112728E063653.553173_scanAz_slow.dat,48.8414
results2411/20241123S063654.515854E064155.958754_scanAz_slow.dat,55.8259
results2411/20241123S064156.916031E064658.363086_scanAz_slow.dat,62.7281
results2411/20241123S064659.324929E065200.768642_scanAz_slow.dat,70.3683
results2411/20241123S065201.724904E065636.289579_scanAz_slow.dat,77.7406
read results2411/20241123_070135_scanAz_slow.txt,0.0089
results2411/20241123S070136.392985E070637.926887_scanAz_slow.dat,7.5100
results2411/20241123S070638.887427E071140.332156_scanAz_slow.dat,15.6791
results2411/20241123S071141.294436E071642.737610_scanAz_slow.dat,22.2761
results2411/20241123S071643.699490E072145.143245_scanAz_slow.dat,29.9753
results2411/20241123S072146.099541E072647.542420_scanAz_slow.dat,37.5772
results2411/20241123S072648.504476E073149.946576_scanAz_slow.dat,44.8841
results2411/20241123S073150.908984E073652.350533_scanAz_slow.dat,52.2434
results2411/20241123S073653.312604E074154.759407_scanAz_slow.dat,59.3549
results2411/20241123S074155.715422E074657.159119_scanAz_slow.dat,67.4888
results2411/20241123S074658.121160E075159.566699_scanAz_slow.dat,75.5127
results2411/20241123S075200.522805E075636.046225_scanAz_slow.dat,82.6352
read results2411/20241123_090135_scanAz_slow.txt,0.0088
results2411/20241123S090136.202843E090637.735873_scanAz_slow.dat,8.2536
results2411/20241123S090638.697123E091140.140278_scanAz_slow.dat,15.7882
results2411/20241123S091141.096345E091642.541817_scanAz_slow.dat,23.9889
results2411/20241123S091643.504865E092144.946859_scanAz_slow.dat,32.1452
results2411/20241123S092145.909550E092647.352324_scanAz_slow.dat,39.8131
results2411/20241123S092648.310200E093149.756488_scanAz_slow.dat,46.3836
results2411/20241123S093150.714623E093652.156411_scanAz_slow.dat,54.2954
results2411/20241123S093653.120292E094154.563793_scanAz_slow.dat,62.2069
results2411/20241123S094155.520676E094656.969108_scanAz_slow.dat,69.9500
results2411/20241123S094657.926317E095159.372721_scanAz_slow.dat,77.4206
results2411/20241123S095200.331120E095635.851543_scanAz_slow.dat,85.1019
read results2411/20241123_100134_scanAz_slow.txt,0.0062
results2411/20241123S100136.005091E100637.544884_scanAz_slow.dat,7.0101
results2411/20241123S100638.500861E101139.945212_scanAz_slow.dat,14.6085
results2411/20241123S101140.907072E101642.347124_scanAz_slow.dat,21.5552
results2411/20241123S101643.311954E102144.755467_scanAz_slow.dat,28.9059
results2411/20241123S102145.712374E102647.160286_scanAz_slow.dat,36.6426
results2411/20241123S102648.118083E103149.563213_scanAz_slow.dat,43.9534
results2411/20241123S103150.520155E103651.965396_scanAz_slow.dat,52.0131
results2411/20241123S103652.923640E104154.370016_scanAz_slow.dat,59.3271
results2411/20241123S104155.326912E104656.771485_scanAz_slow.dat,66.5261
results2411/20241123S104657.735998E105159.180127_scanAz_slow.dat,74.0418
results2411/20241123S105200.137380E105635.659021_scanAz_slow.dat,80.8197
read results2411/20241123_110134_scanAz_slow.txt,0.0091
results2411/20241123S110135.764395E110637.301502_scanAz_slow.dat,6.8571
results2411/20241123S110638.263444E111139.703794_scanAz_slow.dat,14.3719
results2411/20241123S111140.666214E111642.106975_scanAz_slow.dat,22.1539
results2411/20241123S111643.070301E112144.514954_scanAz_slow.dat,29.9376
results2411/20241123S112145.472158E112646.919724_scanAz_slow.dat,37.3833
results2411/20241123S112647.877524E113149.323970_scanAz_slow.dat,44.4595
results2411/20241123S113150.282087E113651.726703_scanAz_slow.dat,52.4277
results2411/20241123S113652.683654E114154.129923_scanAz_slow.dat,59.7041
results2411/20241123S114155.091446E114656.533405_scanAz_slow.dat,67.5627
results2411/20241123S114657.490257E115158.937991_scanAz_slow.dat,75.0052
results2411/20241123S115159.895607E115635.419112_scanAz_slow.dat,83.0203
read results2411/20241123_130134_scanAz_slow.txt,0.0088
results2411/20241123S130135.611182E130637.156587_scanAz_slow.dat,7.4625
results2411/20241123S130638.116767E131139.557924_scanAz_slow.dat,14.7896
results2411/20241123S131140.518931E131641.962478_scanAz_slow.dat,22.3654
results2411/20241123S131642.924638E132144.368751_scanAz_slow.dat,28.8590
results2411/20241123S132145.330519E132646.772577_scanAz_slow.dat,35.8984
results2411/20241123S132647.734451E133149.177520_scanAz_slow.dat,43.5585
results2411/20241123S133150.139061E133651.580932_scanAz_slow.dat,50.3585
results2411/20241123S133652.542826E134153.983529_scanAz_slow.dat,57.1392
results2411/20241123S134154.945870E134656.386418_scanAz_slow.dat,64.2003
results2411/20241123S134657.348867E135158.792553_scanAz_slow.dat,71.9726
results2411/20241123S135159.754924E135635.275215_scanAz_slow.dat,79.0931
read results2411/20241123_140135_scanAz_slow.txt,0.0081
results2411/20241123S140136.427161E140637.972847_scanAz_slow.dat,6.9738
results2411/20241123S140638.933370E141140.375959_scanAz_slow.dat,13.4871
results2411/20241123S141141.338058E141642.784200_scanAz_slow.dat,20.7533
results2411/20241123S141643.741388E142145.188723_scanAz_slow.dat,27.8305
results2411/20241123S142146.145808E142647.592500_scanAz_slow.dat,34.7124
results2411/20241123S142648.549589E143149.991086_scanAz_slow.dat,42.6301
results2411/20241123S143150.953738E143652.396440_scanAz_slow.dat,49.9227
results2411/20241123S143653.358401E144154.803695_scanAz_slow.dat,57.4529
results2411/20241123S144155.760438E144657.208234_scanAz_slow.dat,65.2889
results2411/20241123S144658.165060E145159.608129_scanAz_slow.dat,73.3147
results2411/20241123S145200.570945E145636.091797_scanAz_slow.dat,80.3916
read results2411/20241123_150135_scanAz_slow.txt,0.0091
results2411/20241123S150136.235526E150637.779184_scanAz_slow.dat,7.0714
results2411/20241123S150638.742043E151140.186201_scanAz_slow.dat,14.5325
results2411/20241123S151141.141413E151642.586195_scanAz_slow.dat,21.8678
results2411/20241123S151643.547712E152144.991840_scanAz_slow.dat,29.4297
results2411/20241123S152145.953968E152647.396247_scanAz_slow.dat,36.5889
results2411/20241123S152648.353204E153149.798135_scanAz_slow.dat,44.4551
results2411/20241123S153150.760889E153652.204507_scanAz_slow.dat,50.8328
results2411/20241123S153653.161166E154154.608572_scanAz_slow.dat,58.5957
results2411/20241123S154155.564653E154657.013888_scanAz_slow.dat,65.2237
results2411/20241123S154657.969877E155159.417760_scanAz_slow.dat,72.1032
results2411/20241123S155200.373814E155635.897320_scanAz_slow.dat,79.3759
read results2411/20241123_170134_scanAz_slow.txt,0.0085
results2411/20241123S170136.056381E170637.631151_scanAz_slow.dat,7.5746
results2411/20241123S170638.592900E171140.033106_scanAz_slow.dat,14.9123
results2411/20241123S171140.995511E171642.438154_scanAz_slow.dat,22.2165
results2411/20241123S171643.402015E172144.845547_scanAz_slow.dat,30.0252
results2411/20241123S172145.802474E172647.249960_scanAz_slow.dat,36.9788
results2411/20241123S172648.208081E173149.653963_scanAz_slow.dat,44.3781
results2411/20241123S173150.612085E173652.058643_scanAz_slow.dat,51.7329
results2411/20241123S173653.017349E174154.459394_scanAz_slow.dat,59.2953
results2411/20241123S174155.421994E174656.863093_scanAz_slow.dat,66.7456
results2411/20241123S174657.826065E175159.267550_scanAz_slow.dat,73.8619
results2411/20241123S175200.224451E175635.748169_scanAz_slow.dat,80.9508
read results2411/20241123_180134_scanAz_slow.txt,0.0087
results2411/20241123S180135.846484E180637.392564_scanAz_slow.dat,6.3891
results2411/20241123S180638.348384E181139.792620_scanAz_slow.dat,12.3581
results2411/20241123S181140.755380E181642.200372_scanAz_slow.dat,17.9012
results2411/20241123S181643.158576E182144.601413_scanAz_slow.dat,24.2750
results2411/20241123S182145.564373E182647.008620_scanAz_slow.dat,31.4824
results2411/20241123S182647.966692E183149.410103_scanAz_slow.dat,38.9291
results2411/20241123S183150.372811E183651.814567_scanAz_slow.dat,47.1410
results2411/20241123S183652.771549E184154.214945_scanAz_slow.dat,54.5744
results2411/20241123S184155.178272E184656.624101_scanAz_slow.dat,62.3575
results2411/20241123S184657.581276E185159.024089_scanAz_slow.dat,69.9056
results2411/20241123S185159.987742E185635.508075_scanAz_slow.dat,77.4128
read results2411/20241123_190134_scanAz_slow.txt,0.0085
results2411/20241123S190135.659803E190637.195936_scanAz_slow.dat,6.6967
results2411/20241123S190638.157945E191139.602167_scanAz_slow.dat,14.4433
results2411/20241123S191140.564275E191642.006643_scanAz_slow.dat,22.3231
results2411/20241123S191642.964184E192144.412237_scanAz_slow.dat,29.9078
results2411/20241123S192145.369945E192646.810776_scanAz_slow.dat,36.9874
results2411/20241123S192647.773802E193149.217478_scanAz_slow.dat,44.3441
results2411/20241123S193150.174437E193651.619990_scanAz_slow.dat,50.9168
results2411/20241123S193652.582661E194154.025517_scanAz_slow.dat,58.0139
results2411/20241123S194154.983372E194656.429967_scanAz_slow.dat,65.6447
results2411/20241123S194657.387186E195158.830253_scanAz_slow.dat,72.6525
results2411/20241123S195159.793253E195635.314079_scanAz_slow.dat,80.3957
read results2411/20241123_210135_scanAz_slow.txt,0.0085
results2411/20241123S210136.466540E210638.009502_scanAz_slow.dat,7.4086
results2411/20241123S210638.971545E211140.413812_scanAz_slow.dat,14.7053
results2411/20241123S211141.374806E211642.819326_scanAz_slow.dat,22.3415
results2411/20241123S211643.780738E212145.224765_scanAz_slow.dat,29.4782
results2411/20241123S212146.181615E212647.627277_scanAz_slow.dat,36.7063
results2411/20241123S212648.583190E213150.030582_scanAz_slow.dat,43.8771
results2411/20241123S213150.992314E213652.433162_scanAz_slow.dat,51.1087
results2411/20241123S213653.395193E214154.839154_scanAz_slow.dat,58.8835
results2411/20241123S214155.795833E214657.239612_scanAz_slow.dat,66.5545
results2411/20241123S214658.201068E215159.647717_scanAz_slow.dat,74.0720
results2411/20241123S215200.604376E215636.127442_scanAz_slow.dat,81.0419
read results2411/20241123_220135_scanAz_slow.txt,0.0081
results2411/20241123S220136.272440E220637.815849_scanAz_slow.dat,7.4356
results2411/20241123S220638.775757E221140.220444_scanAz_slow.dat,14.8656
results2411/20241123S221141.181427E221642.622985_scanAz_slow.dat,22.5986
results2411/20241123S221643.584757E222145.028437_scanAz_slow.dat,30.2954
results2411/20241123S222145.990558E222647.432382_scanAz_slow.dat,37.0552
results2411/20241123S222648.394279E223149.838316_scanAz_slow.dat,44.9561
results2411/20241123S223150.794023E223652.242456_scanAz_slow.dat,52.0116
results2411/20241123S223653.198943E224154.645312_scanAz_slow.dat,59.0080
results2411/20241123S224155.606710E224657.049912_scanAz_slow.dat,66.4321
results2411/20241123S224658.007082E225159.450483_scanAz_slow.dat,74.0632
results2411/20241123S225200.413130E225635.932949_scanAz_slow.dat,82.0144
read results2411/20241124_010134_scanAz_slow.txt,0.0084
results2411/20241124S010135.955837E010637.522587_scanAz_slow.dat,7.5929
results2411/20241124S010638.483829E011139.926947_scanAz_slow.dat,14.9810
results2411/20241124S011140.889357E011642.329723_scanAz_slow.dat,24.4561
results2411/20241124S011643.292722E012144.735926_scanAz_slow.dat,32.4141
results2411/20241124S012145.698669E012647.138078_scanAz_slow.dat,39.7530
results2411/20241124S012648.101015E013149.543127_scanAz_slow.dat,47.1552
results2411/20241124S013150.506094E013651.944697_scanAz_slow.dat,55.1157
results2411/20241124S013652.908903E014154.353802_scanAz_slow.dat,62.7088
results2411/20241124S014155.310678E014656.754795_scanAz_slow.dat,70.2694
results2411/20241124S014657.717406E015159.160175_scanAz_slow.dat,77.6130
results2411/20241124S015200.118380E015635.641170_scanAz_slow.dat,85.1059
read results2411/20241124_020134_scanAz_slow.txt,0.0118
results2411/20241124S020135.785959E020637.330013_scanAz_slow.dat,6.7919
results2411/20241124S020638.291691E021139.732256_scanAz_slow.dat,14.1009
results2411/20241124S021140.693754E021642.139312_scanAz_slow.dat,21.8144
results2411/20241124S021643.096594E022144.539172_scanAz_slow.dat,28.9369
results2411/20241124S022145.503200E022646.943046_scanAz_slow.dat,36.2956
results2411/20241124S022647.906732E023149.347150_scanAz_slow.dat,43.3416
results2411/20241124S023150.310648E023651.752479_scanAz_slow.dat,50.7099
results2411/20241124S023652.715171E024154.154544_scanAz_slow.dat,57.7482
results2411/20241124S024155.117852E024656.563061_scanAz_slow.dat,65.2337
results2411/20241124S024657.520571E025158.963062_scanAz_slow.dat,72.1242
results2411/20241124S025159.926977E025635.446052_scanAz_slow.dat,79.0465
read results2411/20241124_030135_scanAz_slow.txt,0.0070
results2411/20241124S030136.598708E030638.144825_scanAz_slow.dat,7.4958
results2411/20241124S030639.105913E031140.545079_scanAz_slow.dat,14.5744
results2411/20241124S031141.509248E031642.951599_scanAz_slow.dat,22.7589
results2411/20241124S031643.909022E032145.357790_scanAz_slow.dat,30.2666
results2411/20241124S032146.316717E032647.757447_scanAz_slow.dat,37.8782
results2411/20241124S032648.720969E033150.160777_scanAz_slow.dat,45.3458
results2411/20241124S033151.124948E033652.567005_scanAz_slow.dat,52.4670
results2411/20241124S033653.524189E034154.970427_scanAz_slow.dat,60.1435
results2411/20241124S034155.928231E034657.373532_scanAz_slow.dat,67.1673
results2411/20241124S034658.336597E035159.777629_scanAz_slow.dat,74.4964
results2411/20241124S035200.735457E035636.258486_scanAz_slow.dat,81.6475
read results2411/20241124_050135_scanAz_slow.txt,0.0107
results2411/20241124S050136.447917E050637.993469_scanAz_slow.dat,7.5942
results2411/20241124S050638.953922E051140.394780_scanAz_slow.dat,15.3889
results2411/20241124S051141.359364E051642.802797_scanAz_slow.dat,23.0810
results2411/20241124S051643.759361E052145.202837_scanAz_slow.dat,31.1129
results2411/20241124S052146.164591E052647.610152_scanAz_slow.dat,38.5626
results2411/20241124S052648.571659E053150.015376_scanAz_slow.dat,46.2830
results2411/20241124S053150.971676E053652.418812_scanAz_slow.dat,54.0717
results2411/20241124S053653.374701E054154.819422_scanAz_slow.dat,61.4594
results2411/20241124S054155.781734E054657.222896_scanAz_slow.dat,68.5207
results2411/20241124S054658.184935E055159.629453_scanAz_slow.dat,75.9017
results2411/20241124S055200.585165E055636.109853_scanAz_slow.dat,82.8266
read results2411/20241124_060135_scanAz_slow.txt,0.0125
results2411/20241124S060136.263355E060637.801637_scanAz_slow.dat,7.3687
results2411/20241124S060638.761671E061140.203598_scanAz_slow.dat,15.0633
results2411/20241124S061141.161664E061642.606375_scanAz_slow.dat,22.4376
results2411/20241124S061643.568731E062145.012353_scanAz_slow.dat,29.4845
results2411/20241124S062145.968770E062647.413303_scanAz_slow.dat,37.1431
results2411/20241124S062648.375570E063149.817884_scanAz_slow.dat,44.6110
results2411/20241124S063150.780590E063652.220713_scanAz_slow.dat,52.5020
results2411/20241124S063653.182519E064154.627362_scanAz_slow.dat,60.4360
results2411/20241124S064155.583057E064657.029193_scanAz_slow.dat,68.3264
results2411/20241124S064657.991212E065159.432334_scanAz_slow.dat,75.9134
results2411/20241124S065200.395327E065635.914715_scanAz_slow.dat,83.3726
read results2411/20241124_070135_scanAz_slow.txt,0.0100
results2411/20241124S070136.082744E070637.651071_scanAz_slow.dat,7.4025
results2411/20241124S070638.611288E071140.054035_scanAz_slow.dat,15.0934
results2411/20241124S071141.014806E071642.462545_scanAz_slow.dat,22.6180
results2411/20241124S071643.418258E072144.863103_scanAz_slow.dat,30.5666
results2411/20241124S072145.824906E072647.265473_scanAz_slow.dat,37.3832
results2411/20241124S072648.229388E073149.669149_scanAz_slow.dat,45.1428
results2411/20241124S073150.631615E073652.073332_scanAz_slow.dat,52.6704
results2411/20241124S073653.037234E074154.481142_scanAz_slow.dat,59.8119
results2411/20241124S074155.437513E074656.880925_scanAz_slow.dat,66.7416
results2411/20241124S074657.844358E075159.287322_scanAz_slow.dat,74.0391
results2411/20241124S075200.249445E075635.769083_scanAz_slow.dat,81.2980
read results2411/20241124_090134_scanAz_slow.txt,0.0089
results2411/20241124S090135.864065E090637.409910_scanAz_slow.dat,7.3447
results2411/20241124S090638.371122E091139.814831_scanAz_slow.dat,14.1682
results2411/20241124S091140.771581E091642.216835_scanAz_slow.dat,20.1188
results2411/20241124S091643.174625E092144.620529_scanAz_slow.dat,26.7727
results2411/20241124S092145.577366E092647.024638_scanAz_slow.dat,34.4885
results2411/20241124S092647.981534E093149.429624_scanAz_slow.dat,42.4728
results2411/20241124S093150.388272E093651.834485_scanAz_slow.dat,49.5550
results2411/20241124S093652.792296E094154.236396_scanAz_slow.dat,56.8371
results2411/20241124S094155.194766E094656.640384_scanAz_slow.dat,64.9096
results2411/20241124S094657.598022E095159.042718_scanAz_slow.dat,72.7789
results2411/20241124S095200.005264E095635.525850_scanAz_slow.dat,80.5400
read results2411/20241124_100134_scanAz_slow.txt,0.0088
results2411/20241124S100135.678870E100637.216036_scanAz_slow.dat,7.7160
results2411/20241124S100638.172006E101139.620400_scanAz_slow.dat,15.7099
results2411/20241124S101140.576976E101642.021580_scanAz_slow.dat,23.5920
results2411/20241124S101642.984299E102144.426105_scanAz_slow.dat,31.4056
results2411/20241124S102145.383363E102646.828049_scanAz_slow.dat,38.9167
results2411/20241124S102647.791359E103149.232846_scanAz_slow.dat,46.8044
results2411/20241124S103150.191194E103651.635219_scanAz_slow.dat,54.6505
results2411/20241124S103652.599127E104154.041720_scanAz_slow.dat,62.2919
results2411/20241124S104154.998616E104656.444866_scanAz_slow.dat,70.1668
results2411/20241124S104657.401752E105158.851556_scanAz_slow.dat,77.5084
results2411/20241124S105159.808799E105635.329355_scanAz_slow.dat,85.1499
read results2411/20241124_110135_scanAz_slow.txt,0.0168
results2411/20241124S110136.489503E110638.027861_scanAz_slow.dat,7.2062
results2411/20241124S110638.989332E111140.430405_scanAz_slow.dat,14.3185
results2411/20241124S111141.393682E111642.835646_scanAz_slow.dat,21.3567
results2411/20241124S111643.793691E112145.241591_scanAz_slow.dat,28.3711
results2411/20241124S112146.199387E112647.644552_scanAz_slow.dat,35.5957
results2411/20241124S112648.601727E113150.050340_scanAz_slow.dat,42.1812
results2411/20241124S113151.009577E113652.451708_scanAz_slow.dat,49.7637
results2411/20241124S113653.408593E114154.854571_scanAz_slow.dat,57.0156
results2411/20241124S114155.818094E114657.259399_scanAz_slow.dat,64.2730
results2411/20241124S114658.216560E115159.664664_scanAz_slow.dat,71.6589
results2411/20241124S115200.621904E115636.144536_scanAz_slow.dat,78.9606
read results2411/20241124_130135_scanAz_slow.txt,0.0152
results2411/20241124S130136.346152E130637.882064_scanAz_slow.dat,7.9912
results2411/20241124S130638.842530E131140.283988_scanAz_slow.dat,16.0223
results2411/20241124S131141.244780E131642.690100_scanAz_slow.dat,24.0214
results2411/20241124S131643.646102E132145.089273_scanAz_slow.dat,31.3800
results2411/20241124S132146.051097E132647.497082_scanAz_slow.dat,38.5803
results2411/20241124S132648.454521E133149.900608_scanAz_slow.dat,46.0510
results2411/20241124S133150.862020E133652.303854_scanAz_slow.dat,54.2635
results2411/20241124S133653.266023E134154.707639_scanAz_slow.dat,61.5609
results2411/20241124S134155.669027E134657.111899_scanAz_slow.dat,69.3332
results2411/20241124S134658.068799E135159.515907_scanAz_slow.dat,77.1685
results2411/20241124S135200.477467E135635.996782_scanAz_slow.dat,85.0400
read results2411/20241124_140135_scanAz_slow.txt,0.0178
results2411/20241124S140136.142581E140637.686324_scanAz_slow.dat,7.6115
results2411/20241124S140638.647748E141140.087828_scanAz_slow.dat,15.1019
results2411/20241124S141141.050506E141642.492739_scanAz_slow.dat,21.8550
results2411/20241124S141643.455316E142144.896098_scanAz_slow.dat,28.7696
results2411/20241124S142145.859303E142647.303750_scanAz_slow.dat,36.3523
results2411/20241124S142648.259832E143149.706366_scanAz_slow.dat,44.2318
results2411/20241124S143150.668605E143652.108473_scanAz_slow.dat,51.9794
results2411/20241124S143653.071093E144154.514196_scanAz_slow.dat,59.5973
results2411/20241124S144155.476455E144656.920582_scanAz_slow.dat,65.9457
results2411/20241124S144657.877791E145159.324345_scanAz_slow.dat,73.8367
results2411/20241124S145200.281717E145635.803663_scanAz_slow.dat,81.0852
read results2411/20241124_150134_scanAz_slow.txt,0.0078
results2411/20241124S150135.962565E150637.494474_scanAz_slow.dat,7.6737
results2411/20241124S150638.454402E151139.897835_scanAz_slow.dat,14.5639
results2411/20241124S151140.858474E151642.303633_scanAz_slow.dat,22.0800
results2411/20241124S151643.260220E152144.706058_scanAz_slow.dat,29.7470
results2411/20241124S152145.667549E152647.107869_scanAz_slow.dat,37.2968
results2411/20241124S152648.069914E153149.511083_scanAz_slow.dat,45.1430
results2411/20241124S153150.473775E153651.918817_scanAz_slow.dat,53.4340
results2411/20241124S153652.874811E154154.320025_scanAz_slow.dat,60.9774
results2411/20241124S154155.282137E154656.724716_scanAz_slow.dat,68.2883
results2411/20241124S154657.686232E155159.128192_scanAz_slow.dat,76.0928
results2411/20241124S155200.090021E155635.609686_scanAz_slow.dat,82.8011
read results2411/20241124_170134_scanAz_slow.txt,0.0080
results2411/20241124S170135.777044E170637.348836_scanAz_slow.dat,7.4191
results2411/20241124S170638.310009E171139.752059_scanAz_slow.dat,15.3739
results2411/20241124S171140.713923E171642.156971_scanAz_slow.dat,22.6573
results2411/20241124S171643.114576E172144.559215_scanAz_slow.dat,30.1026
results2411/20241124S172145.522215E172646.960610_scanAz_slow.dat,36.8086
results2411/20241124S172647.923923E173149.366297_scanAz_slow.dat,43.6593
results2411/20241124S173150.329269E173651.770521_scanAz_slow.dat,50.4180
results2411/20241124S173652.728324E174154.174248_scanAz_slow.dat,58.0405
results2411/20241124S174155.138144E174656.580611_scanAz_slow.dat,65.5256
results2411/20241124S174657.538709E175158.985107_scanAz_slow.dat,72.6468
results2411/20241124S175159.943013E175635.465648_scanAz_slow.dat,79.6486
read results2411/20241124_180135_scanAz_slow.txt,0.0090
results2411/20241124S180136.568921E180638.116540_scanAz_slow.dat,7.1283
results2411/20241124S180639.073090E181140.519656_scanAz_slow.dat,14.9582
results2411/20241124S181141.475885E181642.924906_scanAz_slow.dat,22.2147
results2411/20241124S181643.883690E182145.324062_scanAz_slow.dat,29.8811
results2411/20241124S182146.287921E182647.728352_scanAz_slow.dat,37.2938
results2411/20241124S182648.691882E183150.134037_scanAz_slow.dat,45.1715
results2411/20241124S183151.091585E183652.536675_scanAz_slow.dat,52.0008
results2411/20241124S183653.500614E184154.944015_scanAz_slow.dat,59.0031
results2411/20241124S184155.901836E184657.345512_scanAz_slow.dat,66.4831
results2411/20241124S184658.308518E185159.751173_scanAz_slow.dat,73.8085
results2411/20241124S185200.708387E185636.231787_scanAz_slow.dat,80.9372
read results2411/20241124_190135_scanAz_slow.txt,0.0086
results2411/20241124S190136.379732E190637.922060_scanAz_slow.dat,7.9091
results2411/20241124S190638.883212E191140.328160_scanAz_slow.dat,15.6451
results2411/20241124S191141.284782E191642.730664_scanAz_slow.dat,22.7340
results2411/20241124S191643.687871E192145.134109_scanAz_slow.dat,30.1401
results2411/20241124S192146.090986E192647.536717_scanAz_slow.dat,37.3489
results2411/20241124S192648.499994E193149.944451_scanAz_slow.dat,45.1347
results2411/20241124S193150.902810E193652.345687_scanAz_slow.dat,52.6676
results2411/20241124S193653.302933E194154.751094_scanAz_slow.dat,60.3620
results2411/20241124S194155.708390E194657.152439_scanAz_slow.dat,67.7088
results2411/20241124S194658.116225E195159.558073_scanAz_slow.dat,75.4978
results2411/20241124S195200.515020E195636.039457_scanAz_slow.dat,82.6473
read results2411/20241124_210135_scanAz_slow.txt,0.0084
results2411/20241124S210136.229207E210637.776734_scanAz_slow.dat,6.9155
results2411/20241124S210638.732636E211140.176054_scanAz_slow.dat,14.0177
results2411/20241124S211141.141319E211642.581417_scanAz_slow.dat,21.2684
results2411/20241124S211643.542922E212144.984772_scanAz_slow.dat,28.6891
results2411/20241124S212145.947734E212647.388691_scanAz_slow.dat,36.3517
results2411/20241124S212648.350834E213149.795883_scanAz_slow.dat,43.7536
results2411/20241124S213150.752207E213652.198990_scanAz_slow.dat,51.2890
results2411/20241124S213653.160502E214154.602065_scanAz_slow.dat,58.4393
results2411/20241124S214155.564240E214657.008081_scanAz_slow.dat,65.4722
results2411/20241124S214657.965627E215159.411422_scanAz_slow.dat,72.6645
results2411/20241124S215200.373177E215635.893886_scanAz_slow.dat,80.1743
read results2411/20241124_220134_scanAz_slow.txt,0.0082
results2411/20241124S220136.048010E220637.581915_scanAz_slow.dat,8.4739
results2411/20241124S220638.543739E221139.983642_scanAz_slow.dat,15.7800
results2411/20241124S221140.944604E221642.387879_scanAz_slow.dat,23.1838
results2411/20241124S221643.351194E222144.796220_scanAz_slow.dat,30.5013
results2411/20241124S222145.755871E222647.198712_scanAz_slow.dat,37.6511
results2411/20241124S222648.154660E223149.600762_scanAz_slow.dat,45.2928
results2411/20241124S223150.562878E223652.005010_scanAz_slow.dat,53.4794
results2411/20241124S223652.966749E224154.411308_scanAz_slow.dat,60.4203
results2411/20241124S224155.366909E224656.811626_scanAz_slow.dat,68.0103
results2411/20241124S224657.774026E225159.217727_scanAz_slow.dat,76.0860
results2411/20241124S225200.174098E225635.696921_scanAz_slow.dat,82.9022
read results2411/20241125_010134_scanAz_slow.txt,0.0098
results2411/20241125S010135.718334E010637.286033_scanAz_slow.dat,6.9613
results2411/20241125S010638.249991E011139.694502_scanAz_slow.dat,14.4308
results2411/20241125S011140.651144E011642.095906_scanAz_slow.dat,21.8746
results2411/20241125S011643.058887E012144.500654_scanAz_slow.dat,30.1494
results2411/20241125S012145.463361E012646.902436_scanAz_slow.dat,37.5897
results2411/20241125S012647.865708E013149.305833_scanAz_slow.dat,44.8037
results2411/20241125S013150.268916E013651.709743_scanAz_slow.dat,52.1623
results2411/20241125S013652.673074E014154.116691_scanAz_slow.dat,60.2174
results2411/20241125S014155.075710E014656.521425_scanAz_slow.dat,67.9874
results2411/20241125S014657.478924E015158.922381_scanAz_slow.dat,75.1979
results2411/20241125S015159.885046E015635.406160_scanAz_slow.dat,82.9215
read results2411/20241125_020135_scanAz_slow.txt,0.0088
results2411/20241125S020136.461402E020638.009317_scanAz_slow.dat,7.4508
results2411/20241125S020638.966014E021140.410225_scanAz_slow.dat,14.4489
results2411/20241125S021141.372361E021642.813660_scanAz_slow.dat,21.5264
results2411/20241125S021643.776387E022145.220863_scanAz_slow.dat,29.3250
results2411/20241125S022146.178688E022647.626631_scanAz_slow.dat,35.9675
results2411/20241125S022648.584162E023150.030207_scanAz_slow.dat,43.0859
results2411/20241125S023150.987500E023652.432091_scanAz_slow.dat,50.3183
results2411/20241125S023653.389023E024154.836656_scanAz_slow.dat,57.1984
results2411/20241125S024155.793917E024657.238210_scanAz_slow.dat,64.3846
results2411/20241125S024658.201547E025159.643738_scanAz_slow.dat,72.6550
results2411/20241125S025200.600684E025636.126285_scanAz_slow.dat,79.7949
read results2411/20241125_030135_scanAz_slow.txt,0.0089
results2411/20241125S030136.269210E030637.814980_scanAz_slow.dat,7.7236
results2411/20241125S030638.776201E031140.217671_scanAz_slow.dat,15.4415
results2411/20241125S031141.180105E031642.625085_scanAz_slow.dat,23.0936
results2411/20241125S031643.583629E032145.027388_scanAz_slow.dat,30.5117
results2411/20241125S032145.984237E032647.428076_scanAz_slow.dat,37.7964
results2411/20241125S032648.390770E033149.833445_scanAz_slow.dat,45.0331
results2411/20241125S033150.796397E033652.237210_scanAz_slow.dat,52.3640
results2411/20241125S033653.200810E034154.639636_scanAz_slow.dat,60.0519
results2411/20241125S034155.602522E034657.042638_scanAz_slow.dat,68.3258
results2411/20241125S034658.006529E035159.450006_scanAz_slow.dat,76.3538
results2411/20241125S035200.412710E035635.932228_scanAz_slow.dat,83.8881
read results2411/20241125_050135_scanAz_slow.txt,0.0088
results2411/20241125S050136.121693E050637.667089_scanAz_slow.dat,7.4959
results2411/20241125S050638.627364E051140.071828_scanAz_slow.dat,15.2971
results2411/20241125S051141.033660E051642.474456_scanAz_slow.dat,21.8003
results2411/20241125S051643.436506E052144.880902_scanAz_slow.dat,29.7331
results2411/20241125S052145.842379E052647.282598_scanAz_slow.dat,37.7551
results2411/20241125S052648.242889E053149.688027_scanAz_slow.dat,45.2833
results2411/20241125S053150.650073E053652.092562_scanAz_slow.dat,52.8656
results2411/20241125S053653.054158E054154.494868_scanAz_slow.dat,59.9773
results2411/20241125S054155.456738E054656.901894_scanAz_slow.dat,67.6309
results2411/20241125S054657.858725E055159.300776_scanAz_slow.dat,75.4929
results2411/20241125S055200.262630E055635.785499_scanAz_slow.dat,82.8509
read results2411/20241125_060134_scanAz_slow.txt,0.0086
results2411/20241125S060135.950978E060637.524306_scanAz_slow.dat,7.6341
results2411/20241125S060638.484814E061139.928035_scanAz_slow.dat,15.0144
results2411/20241125S061140.888729E061642.329281_scanAz_slow.dat,22.9868
results2411/20241125S061643.292227E062144.736756_scanAz_slow.dat,30.2110
results2411/20241125S062145.693659E062647.136433_scanAz_slow.dat,37.6759
results2411/20241125S062648.099762E063149.540025_scanAz_slow.dat,45.6303
results2411/20241125S063150.502258E063651.947700_scanAz_slow.dat,52.5957
results2411/20241125S063652.903735E064154.351721_scanAz_slow.dat,60.3646
results2411/20241125S064155.307437E064656.752406_scanAz_slow.dat,67.7357
results2411/20241125S064657.714838E065159.156902_scanAz_slow.dat,75.3026
results2411/20241125S065200.118695E065635.639217_scanAz_slow.dat,83.1903
read results2411/20241125_070134_scanAz_slow.txt,0.0086
results2411/20241125S070135.739113E070637.283715_scanAz_slow.dat,7.2466
results2411/20241125S070638.244222E071139.683878_scanAz_slow.dat,14.5923
results2411/20241125S071140.647016E071642.091488_scanAz_slow.dat,22.6806
results2411/20241125S071643.047587E072144.495403_scanAz_slow.dat,30.2188
results2411/20241125S072145.450984E072646.898341_scanAz_slow.dat,37.7042
results2411/20241125S072647.859806E073149.300411_scanAz_slow.dat,45.0909
results2411/20241125S073150.263144E073651.707325_scanAz_slow.dat,51.9297
results2411/20241125S073652.663484E074154.110238_scanAz_slow.dat,59.5399
results2411/20241125S074155.072119E074656.510814_scanAz_slow.dat,66.5505
results2411/20241125S074657.473877E075158.918856_scanAz_slow.dat,74.0480
results2411/20241125S075159.875128E075635.398282_scanAz_slow.dat,81.7725
read results2411/20241125_090134_scanAz_slow.txt,0.0082
results2411/20241125S090135.591074E090637.135144_scanAz_slow.dat,7.0483
results2411/20241125S090638.096668E091139.539928_scanAz_slow.dat,14.5512
results2411/20241125S091140.502051E091641.943920_scanAz_slow.dat,21.9882
results2411/20241125S091642.906559E092144.347964_scanAz_slow.dat,29.4173
results2411/20241125S092145.310679E092646.753774_scanAz_slow.dat,36.8821
results2411/20241125S092647.711274E093149.153126_scanAz_slow.dat,44.5225
results2411/20241125S093150.116255E093651.562520_scanAz_slow.dat,52.6988
results2411/20241125S093652.520104E094153.963636_scanAz_slow.dat,59.6888
results2411/20241125S094154.926340E094656.365082_scanAz_slow.dat,66.8289
results2411/20241125S094657.328159E095158.768755_scanAz_slow.dat,74.5335
results2411/20241125S095159.732649E095635.252746_scanAz_slow.dat,81.2735
read results2411/20241125_100135_scanAz_slow.txt,0.0083
results2411/20241125S100136.453535E100638.001082_scanAz_slow.dat,7.0650
results2411/20241125S100638.957054E101140.403174_scanAz_slow.dat,14.4584
results2411/20241125S101141.365026E101642.806589_scanAz_slow.dat,21.3327
results2411/20241125S101643.763933E102145.208698_scanAz_slow.dat,28.5835
results2411/20241125S102146.172406E102647.612754_scanAz_slow.dat,35.2339
results2411/20241125S102648.576149E103150.019910_scanAz_slow.dat,42.6236
results2411/20241125S103150.977923E103652.420417_scanAz_slow.dat,50.0108
results2411/20241125S103653.384162E104154.825791_scanAz_slow.dat,57.5198
results2411/20241125S104155.783984E104657.226993_scanAz_slow.dat,65.5331
results2411/20241125S104658.190305E105159.635742_scanAz_slow.dat,73.2507
results2411/20241125S105200.594786E105636.116787_scanAz_slow.dat,80.0874
read results2411/20241125_110135_scanAz_slow.txt,0.0091
results2411/20241125S110136.258583E110637.807224_scanAz_slow.dat,7.9689
results2411/20241125S110638.763207E111140.208573_scanAz_slow.dat,16.2448
results2411/20241125S111141.171362E111642.612882_scanAz_slow.dat,23.1907
results2411/20241125S111643.571045E112145.014473_scanAz_slow.dat,30.5948
results2411/20241125S112145.978388E112647.419607_scanAz_slow.dat,37.9418
results2411/20241125S112648.383077E113149.827107_scanAz_slow.dat,44.7651
results2411/20241125S113150.786752E113652.230516_scanAz_slow.dat,51.8298
results2411/20241125S113653.187450E114154.634573_scanAz_slow.dat,59.1299
results2411/20241125S114155.591476E114657.038667_scanAz_slow.dat,65.8979
results2411/20241125S114657.996497E115159.440381_scanAz_slow.dat,72.7244
results2411/20241125S115200.403066E115635.921954_scanAz_slow.dat,79.5861
read results2411/20241125_130135_scanAz_slow.txt,0.0079
results2411/20241125S130136.085988E130637.659846_scanAz_slow.dat,7.3289
results2411/20241125S130638.619771E131140.064045_scanAz_slow.dat,15.1705
results2411/20241125S131141.024886E131642.469316_scanAz_slow.dat,23.3810
results2411/20241125S131643.425311E132144.872318_scanAz_slow.dat,30.7769
results2411/20241125S132145.833875E132647.277151_scanAz_slow.dat,38.0233
results2411/20241125S132648.233181E133149.677635_scanAz_slow.dat,45.0435
results2411/20241125S133150.639834E133652.085042_scanAz_slow.dat,53.1603
results2411/20241125S133653.041066E134154.485129_scanAz_slow.dat,60.3213
results2411/20241125S134155.447657E134656.891753_scanAz_slow.dat,67.9234
results2411/20241125S134657.853220E135159.293491_scanAz_slow.dat,75.2487
results2411/20241125S135200.255715E135635.777789_scanAz_slow.dat,82.4878
read results2411/20241125_140134_scanAz_slow.txt,0.0089
results2411/20241125S140135.836802E140637.370128_scanAz_slow.dat,7.7570
results2411/20241125S140638.330935E141139.777472_scanAz_slow.dat,15.1513
results2411/20241125S141140.733352E141642.176311_scanAz_slow.dat,22.7406
results2411/20241125S141643.137748E142144.580101_scanAz_slow.dat,31.0820
results2411/20241125S142145.541814E142646.985165_scanAz_slow.dat,38.6375
results2411/20241125S142647.946979E143149.392471_scanAz_slow.dat,45.9063
results2411/20241125S143150.348564E143651.796658_scanAz_slow.dat,53.3860
results2411/20241125S143652.752912E144155.208634_scanAz_slow.dat,61.0733
results2411/20241125S144156.165967E144657.608822_scanAz_slow.dat,68.3758
results2411/20241125S144658.570302E145200.015491_scanAz_slow.dat,76.2739
results2411/20241125S145200.976907E145635.538197_scanAz_slow.dat,83.2319
read results2411/20241125_150134_scanAz_slow.txt,0.0233
results2411/20241125S150135.631899E150637.178007_scanAz_slow.dat,6.7045
results2411/20241125S150638.138501E151139.584008_scanAz_slow.dat,14.3721
results2411/20241125S151140.544979E151641.984429_scanAz_slow.dat,22.5541
results2411/20241125S151642.946806E152144.392793_scanAz_slow.dat,30.2131
results2411/20241125S152145.350925E152646.795894_scanAz_slow.dat,37.0751
results2411/20241125S152647.751579E153149.200276_scanAz_slow.dat,45.0696
results2411/20241125S153150.156321E153651.603011_scanAz_slow.dat,52.6685
results2411/20241125S153652.564762E154154.004129_scanAz_slow.dat,60.0581
results2411/20241125S154154.966139E154656.411685_scanAz_slow.dat,67.6511
results2411/20241125S154657.368219E155158.813828_scanAz_slow.dat,74.9810
results2411/20241125S155159.776254E155635.294769_scanAz_slow.dat,82.2121
read results2411/20241125_170135_scanAz_slow.txt,0.0089
results2411/20241125S170136.495341E170638.041820_scanAz_slow.dat,7.6163
results2411/20241125S170639.003389E171140.447019_scanAz_slow.dat,15.2657
results2411/20241125S171141.404344E171642.849589_scanAz_slow.dat,23.3655
results2411/20241125S171643.812270E172145.250812_scanAz_slow.dat,30.9369
results2411/20241125S172146.214784E172647.656872_scanAz_slow.dat,38.3289
results2411/20241125S172648.619942E173150.060522_scanAz_slow.dat,45.3670
results2411/20241125S173151.023601E173652.466932_scanAz_slow.dat,52.2285
results2411/20241125S173653.425080E174154.870702_scanAz_slow.dat,59.8109
results2411/20241125S174155.827655E174657.274533_scanAz_slow.dat,66.7648
results2411/20241125S174658.233244E175159.675606_scanAz_slow.dat,74.1541
results2411/20241125S175200.639544E175636.159415_scanAz_slow.dat,81.5988
read results2411/20241125_180135_scanAz_slow.txt,0.0087
results2411/20241125S180136.317610E180637.896196_scanAz_slow.dat,7.4518
results2411/20241125S180638.854076E181140.302320_scanAz_slow.dat,14.4959
results2411/20241125S181141.259313E181642.702165_scanAz_slow.dat,21.4011
results2411/20241125S181643.662222E182145.110874_scanAz_slow.dat,28.9299
results2411/20241125S182146.068590E182647.511825_scanAz_slow.dat,35.2685
results2411/20241125S182648.475003E183149.917786_scanAz_slow.dat,42.4911
results2411/20241125S183150.875443E183652.319175_scanAz_slow.dat,49.7578
results2411/20241125S183653.282956E184154.722091_scanAz_slow.dat,57.0124
results2411/20241125S184155.685871E184657.125623_scanAz_slow.dat,64.2116
results2411/20241125S184658.088446E185159.530200_scanAz_slow.dat,71.9465
results2411/20241125S185200.494379E185636.014910_scanAz_slow.dat,79.6744
read results2411/20241125_190135_scanAz_slow.txt,0.0084
results2411/20241125S190136.110488E190637.653188_scanAz_slow.dat,7.5596
results2411/20241125S190638.614961E191140.057539_scanAz_slow.dat,15.1380
results2411/20241125S191141.020855E191642.462744_scanAz_slow.dat,21.2469
results2411/20241125S191643.425478E192144.865735_scanAz_slow.dat,27.9522
results2411/20241125S192145.829632E192647.271668_scanAz_slow.dat,34.7769
results2411/20241125S192648.234290E193149.677296_scanAz_slow.dat,42.5110
results2411/20241125S193150.636083E193652.080371_scanAz_slow.dat,48.9629
results2411/20241125S193653.039749E194154.481520_scanAz_slow.dat,56.3434
results2411/20241125S194155.444563E194656.887587_scanAz_slow.dat,63.5666
results2411/20241125S194657.844467E195159.291575_scanAz_slow.dat,70.8198
results2411/20241125S195200.248443E195635.773291_scanAz_slow.dat,78.7580
read results2411/20241125_210134_scanAz_slow.txt,0.0086
results2411/20241125S210135.971909E210637.511008_scanAz_slow.dat,7.1297
results2411/20241125S210638.471215E211139.915403_scanAz_slow.dat,14.2633
results2411/20241125S211140.876720E211642.319995_scanAz_slow.dat,21.8440
results2411/20241125S211643.278467E212144.719095_scanAz_slow.dat,28.4401
results2411/20241125S212145.681198E212647.125185_scanAz_slow.dat,34.8356
results2411/20241125S212648.086683E213149.527362_scanAz_slow.dat,42.0233
results2411/20241125S213150.490136E213651.934226_scanAz_slow.dat,49.3042
results2411/20241125S213652.895723E214154.337134_scanAz_slow.dat,56.9008
results2411/20241125S214155.298653E214656.744193_scanAz_slow.dat,63.8483
results2411/20241125S214657.701955E215159.147830_scanAz_slow.dat,71.0092
results2411/20241125S215200.105707E215635.627968_scanAz_slow.dat,78.7477
read results2411/20241125_220134_scanAz_slow.txt,0.0089
results2411/20241125S220135.791513E220637.363139_scanAz_slow.dat,7.6081
results2411/20241125S220638.323430E221139.769669_scanAz_slow.dat,13.9585
results2411/20241125S221140.730998E221642.171122_scanAz_slow.dat,22.0092
results2411/20241125S221643.133162E222144.577902_scanAz_slow.dat,29.6123
results2411/20241125S222145.539723E222646.983542_scanAz_slow.dat,37.0746
results2411/20241125S222647.939796E223149.386014_scanAz_slow.dat,44.2003
results2411/20241125S223150.342044E223651.791991_scanAz_slow.dat,51.3323
results2411/20241125S223652.747948E224154.190957_scanAz_slow.dat,58.9579
results2411/20241125S224155.152800E224656.595959_scanAz_slow.dat,66.5400
results2411/20241125S224657.558526E225159.002194_scanAz_slow.dat,74.6568
results2411/20241125S225159.963730E225635.483425_scanAz_slow.dat,82.5287
read results2411/20241126_010135_scanAz_slow.txt,0.0094
results2411/20241126S010136.487740E010638.035632_scanAz_slow.dat,7.2419
results2411/20241126S010638.995711E011140.439771_scanAz_slow.dat,15.1032
results2411/20241126S011141.396147E011642.843598_scanAz_slow.dat,22.5246
results2411/20241126S011643.803881E012145.247797_scanAz_slow.dat,29.7589
results2411/20241126S012146.206882E012647.651966_scanAz_slow.dat,36.6719
results2411/20241126S012648.610056E013150.053421_scanAz_slow.dat,43.8520
results2411/20241126S013151.010926E013652.458102_scanAz_slow.dat,50.7106
results2411/20241126S013653.415424E014154.863272_scanAz_slow.dat,58.2487
results2411/20241126S014155.820172E014657.267770_scanAz_slow.dat,65.6998
results2411/20241126S014658.227758E015159.669303_scanAz_slow.dat,73.4765
results2411/20241126S015200.632591E015636.153197_scanAz_slow.dat,80.0634
read results2411/20241126_020135_scanAz_slow.txt,0.0088
results2411/20241126S020136.297659E020637.843074_scanAz_slow.dat,7.8725
results2411/20241126S020638.799204E021140.248017_scanAz_slow.dat,15.4039
results2411/20241126S021141.205553E021642.650865_scanAz_slow.dat,22.2508
results2411/20241126S021643.607763E022145.056033_scanAz_slow.dat,29.8500
results2411/20241126S022146.013510E022647.457698_scanAz_slow.dat,37.0397
results2411/20241126S022648.414897E023149.862799_scanAz_slow.dat,44.4045
results2411/20241126S023150.819775E023652.266376_scanAz_slow.dat,52.3202
results2411/20241126S023653.223287E024154.667196_scanAz_slow.dat,59.2815
results2411/20241126S024155.630828E024657.074808_scanAz_slow.dat,66.7660
results2411/20241126S024658.032293E025159.476857_scanAz_slow.dat,73.9126
results2411/20241126S025200.440137E025635.960147_scanAz_slow.dat,80.8870
read results2411/20241126_030135_scanAz_slow.txt,0.0085
results2411/20241126S030136.124576E030637.699638_scanAz_slow.dat,8.2135
results2411/20241126S030638.655973E031140.102864_scanAz_slow.dat,16.1797
results2411/20241126S031141.059227E031642.507287_scanAz_slow.dat,23.2047
results2411/20241126S031643.465381E032144.912229_scanAz_slow.dat,30.7353
results2411/20241126S032145.870346E032647.313721_scanAz_slow.dat,38.5828
results2411/20241126S032648.270918E033149.716425_scanAz_slow.dat,45.6358
results2411/20241126S033150.674895E033652.121526_scanAz_slow.dat,52.8944
results2411/20241126S033653.079437E034154.525313_scanAz_slow.dat,60.2540
results2411/20241126S034155.482247E034656.928139_scanAz_slow.dat,67.4777
results2411/20241126S034657.891466E035159.329929_scanAz_slow.dat,74.3222
results2411/20241126S035200.294474E035635.815867_scanAz_slow.dat,81.8944
read results2411/20241126_050134_scanAz_slow.txt,0.0083
results2411/20241126S050135.931434E050637.505592_scanAz_slow.dat,7.2671
results2411/20241126S050638.465469E051139.910237_scanAz_slow.dat,14.4160
results2411/20241126S051140.865715E051642.312967_scanAz_slow.dat,22.1790
results2411/20241126S051643.268747E052144.715542_scanAz_slow.dat,29.8061
results2411/20241126S052145.676913E052647.120384_scanAz_slow.dat,37.5391
results2411/20241126S052648.076084E053149.525944_scanAz_slow.dat,45.1863
results2411/20241126S053150.482304E053651.929211_scanAz_slow.dat,51.9250
results2411/20241126S053652.888050E054154.328598_scanAz_slow.dat,59.5842
results2411/20241126S054155.290811E054656.737722_scanAz_slow.dat,67.0167
results2411/20241126S054657.694709E055159.141606_scanAz_slow.dat,74.1821
results2411/20241126S055200.098253E055635.619713_scanAz_slow.dat,81.9277
read results2411/20241126_060134_scanAz_slow.txt,0.0086
results2411/20241126S060135.721536E060637.260663_scanAz_slow.dat,7.3998
results2411/20241126S060638.222059E061139.665743_scanAz_slow.dat,15.4989
results2411/20241126S061140.627713E061642.072411_scanAz_slow.dat,22.5982
results2411/20241126S061643.028976E062144.472653_scanAz_slow.dat,30.2401
results2411/20241126S062145.435247E062646.877617_scanAz_slow.dat,37.4779
results2411/20241126S062647.839418E063149.280596_scanAz_slow.dat,45.1940
results2411/20241126S063150.244626E063651.684014_scanAz_slow.dat,52.4239
results2411/20241126S063652.647059E064154.092867_scanAz_slow.dat,59.4963
results2411/20241126S064155.049514E064656.495699_scanAz_slow.dat,67.0071
results2411/20241126S064657.453158E065158.896627_scanAz_slow.dat,74.0981
results2411/20241126S065159.858507E065635.379479_scanAz_slow.dat,81.4743
read results2411/20241126_070135_scanAz_slow.txt,0.0081
results2411/20241126S070136.531427E070638.077318_scanAz_slow.dat,7.3732
results2411/20241126S070639.039619E071140.483484_scanAz_slow.dat,14.7593
results2411/20241126S071141.444207E071642.885517_scanAz_slow.dat,22.2631
results2411/20241126S071643.847314E072145.290363_scanAz_slow.dat,29.1832
results2411/20241126S072146.252195E072647.695828_scanAz_slow.dat,37.1714
results2411/20241126S072648.657356E073150.096644_scanAz_slow.dat,44.3029
results2411/20241126S073151.059033E073652.504730_scanAz_slow.dat,52.2112
results2411/20241126S073653.461371E074154.906293_scanAz_slow.dat,59.7616
results2411/20241126S074155.868167E074657.310202_scanAz_slow.dat,66.8688
results2411/20241126S074658.272480E075159.713527_scanAz_slow.dat,74.3748
results2411/20241126S075200.676631E075636.197162_scanAz_slow.dat,81.9432
read results2411/20241126_090135_scanAz_slow.txt,0.0084
results2411/20241126S090136.385740E090637.933137_scanAz_slow.dat,7.4934
results2411/20241126S090638.894891E091140.339486_scanAz_slow.dat,14.7773
results2411/20241126S091141.296069E091642.741073_scanAz_slow.dat,21.8164
results2411/20241126S091643.703726E092145.146291_scanAz_slow.dat,29.5389
results2411/20241126S092146.103227E092647.550560_scanAz_slow.dat,37.2176
results2411/20241126S092648.508357E093149.950114_scanAz_slow.dat,45.0133
results2411/20241126S093150.913132E093652.357593_scanAz_slow.dat,52.9053
results2411/20241126S093653.314852E094154.760564_scanAz_slow.dat,60.6235
results2411/20241126S094155.723209E094657.162156_scanAz_slow.dat,68.1166
results2411/20241126S094658.127221E095159.568729_scanAz_slow.dat,75.4993
results2411/20241126S095200.531590E095636.051290_scanAz_slow.dat,82.8124
read results2411/20241126_100135_scanAz_slow.txt,0.0083
results2411/20241126S100136.194381E100637.737701_scanAz_slow.dat,7.5810
results2411/20241126S100638.699503E101140.146434_scanAz_slow.dat,15.9398
results2411/20241126S101141.102974E101642.547627_scanAz_slow.dat,23.7572
results2411/20241126S101643.505627E102144.952090_scanAz_slow.dat,31.2121
results2411/20241126S102145.909077E102647.354096_scanAz_slow.dat,38.7528
results2411/20241126S102648.317802E103149.759221_scanAz_slow.dat,45.9412
results2411/20241126S103150.722364E103652.165132_scanAz_slow.dat,52.8487
results2411/20241126S103653.122480E104154.568983_scanAz_slow.dat,59.8974
results2411/20241126S104155.526465E104656.973142_scanAz_slow.dat,66.5330
results2411/20241126S104657.931579E105159.377288_scanAz_slow.dat,73.5128
results2411/20241126S105200.334531E105635.857665_scanAz_slow.dat,81.3718
read results2411/20241126_110134_scanAz_slow.txt,0.0062
results2411/20241126S110136.020157E110637.593328_scanAz_slow.dat,7.8511
results2411/20241126S110638.555095E111139.996928_scanAz_slow.dat,14.9849
results2411/20241126S111140.960819E111642.401286_scanAz_slow.dat,21.8537
results2411/20241126S111643.365816E112144.809778_scanAz_slow.dat,29.3536
results2411/20241126S112145.766728E112647.209979_scanAz_slow.dat,36.9959
results2411/20241126S112648.172956E113149.614864_scanAz_slow.dat,44.5949
results2411/20241126S113150.572669E113652.016345_scanAz_slow.dat,51.7484
results2411/20241126S113652.979052E114154.423770_scanAz_slow.dat,58.6794
results2411/20241126S114155.380800E114656.825526_scanAz_slow.dat,66.3982
results2411/20241126S114657.789455E115159.232753_scanAz_slow.dat,73.5211
results2411/20241126S115200.190076E115635.714553_scanAz_slow.dat,80.7245
read results2411/20241126_130134_scanAz_slow.txt,0.0096
results2411/20241126S130135.854836E130637.403405_scanAz_slow.dat,6.8364
results2411/20241126S130638.363518E131139.802982_scanAz_slow.dat,13.8946
results2411/20241126S131140.763766E131642.209712_scanAz_slow.dat,21.2602
results2411/20241126S131643.171220E132144.615234_scanAz_slow.dat,28.6406
results2411/20241126S132145.572833E132647.015445_scanAz_slow.dat,34.9158
results2411/20241126S132647.977221E133149.420800_scanAz_slow.dat,42.5894
results2411/20241126S133150.382329E133651.824410_scanAz_slow.dat,50.2951
results2411/20241126S133652.786155E134154.230822_scanAz_slow.dat,58.2990
results2411/20241126S134155.186858E134656.632364_scanAz_slow.dat,65.0762
results2411/20241126S134657.593923E135159.034868_scanAz_slow.dat,72.4476
results2411/20241126S135159.996687E135635.517552_scanAz_slow.dat,79.8735
read results2411/20241126_140134_scanAz_slow.txt,0.0080
results2411/20241126S140135.635558E140637.209849_scanAz_slow.dat,7.2583
results2411/20241126S140638.165235E141139.611754_scanAz_slow.dat,14.4344
results2411/20241126S141140.573963E141642.018222_scanAz_slow.dat,22.0886
results2411/20241126S141642.974225E142144.416589_scanAz_slow.dat,29.1182
results2411/20241126S142145.381599E142646.825066_scanAz_slow.dat,36.3619
results2411/20241126S142647.780721E143149.227868_scanAz_slow.dat,43.8914
results2411/20241126S143150.189590E143651.629904_scanAz_slow.dat,51.8003
results2411/20241126S143652.592565E144154.037802_scanAz_slow.dat,59.1498
results2411/20241126S144154.993592E144656.441385_scanAz_slow.dat,66.7558
results2411/20241126S144657.397316E145158.845890_scanAz_slow.dat,74.5275
results2411/20241126S145159.802658E145635.324568_scanAz_slow.dat,81.7524
read results2411/20241126_150135_scanAz_slow.txt,0.0079
results2411/20241126S150136.432199E150637.974236_scanAz_slow.dat,7.0927
results2411/20241126S150638.935032E151140.381087_scanAz_slow.dat,14.5320
results2411/20241126S151141.336607E151642.781334_scanAz_slow.dat,22.0423
results2411/20241126S151643.743749E152145.185233_scanAz_slow.dat,29.3350
results2411/20241126S152146.147314E152647.592325_scanAz_slow.dat,37.1547
results2411/20241126S152648.548924E153149.996013_scanAz_slow.dat,44.4561
results2411/20241126S153150.952052E153652.396219_scanAz_slow.dat,52.0281
results2411/20241126S153653.358868E154154.802152_scanAz_slow.dat,59.2062
results2411/20241126S154155.764042E154657.205580_scanAz_slow.dat,66.7204
results2411/20241126S154658.168000E155159.608574_scanAz_slow.dat,74.6056
results2411/20241126S155200.571636E155636.091050_scanAz_slow.dat,81.2041
read results2411/20241126_170135_scanAz_slow.txt,0.0090
results2411/20241126S170136.282137E170637.827945_scanAz_slow.dat,7.1974
results2411/20241126S170638.789697E171140.234163_scanAz_slow.dat,14.1493
results2411/20241126S171141.195989E171642.637767_scanAz_slow.dat,21.5223
results2411/20241126S171643.595836E172145.041699_scanAz_slow.dat,29.0954
results2411/20241126S172145.998592E172647.443012_scanAz_slow.dat,36.5022
results2411/20241126S172648.406613E173149.847063_scanAz_slow.dat,44.1058
results2411/20241126S173150.806800E173652.251832_scanAz_slow.dat,51.8521
results2411/20241126S173653.214580E174154.655837_scanAz_slow.dat,59.8281
results2411/20241126S174155.618886E174657.058672_scanAz_slow.dat,67.5446
results2411/20241126S174658.023176E175159.465621_scanAz_slow.dat,75.3232
results2411/20241126S175200.422564E175635.945625_scanAz_slow.dat,83.4171
read results2411/20241126_180135_scanAz_slow.txt,0.0083
results2411/20241126S180136.091277E180637.634225_scanAz_slow.dat,6.3652
results2411/20241126S180638.595982E181140.037869_scanAz_slow.dat,12.4896
results2411/20241126S181141.000894E181642.440982_scanAz_slow.dat,19.2135
results2411/20241126S181643.404424E182144.850844_scanAz_slow.dat,26.7919
results2411/20241126S182145.808517E182647.253477_scanAz_slow.dat,34.5112
results2411/20241126S182648.210518E183149.654247_scanAz_slow.dat,41.8680
results2411/20241126S183150.618291E183652.062360_scanAz_slow.dat,49.9242
results2411/20241126S183653.019833E184154.464126_scanAz_slow.dat,58.1299
results2411/20241126S184155.421508E184656.869314_scanAz_slow.dat,65.6957
results2411/20241126S184657.826531E185159.271007_scanAz_slow.dat,73.6835
results2411/20241126S185200.234670E185635.754397_scanAz_slow.dat,80.9647
read results2411/20241126_190134_scanAz_slow.txt,0.0095
results2411/20241126S190135.913437E190637.489879_scanAz_slow.dat,7.1370
results2411/20241126S190638.451356E191139.892960_scanAz_slow.dat,14.7880
results2411/20241126S191140.854797E191642.301572_scanAz_slow.dat,22.4734
results2411/20241126S191643.258495E192144.702417_scanAz_slow.dat,29.9741
results2411/20241126S192145.665706E192647.107216_scanAz_slow.dat,37.1019
results2411/20241126S192648.065298E193149.510587_scanAz_slow.dat,44.5352
results2411/20241126S193150.469130E193651.915802_scanAz_slow.dat,51.0034
results2411/20241126S193652.873652E194154.320385_scanAz_slow.dat,58.4879
results2411/20241126S194155.277657E194656.724832_scanAz_slow.dat,65.7455
results2411/20241126S194657.683211E195159.126905_scanAz_slow.dat,73.8017
results2411/20241126S195200.090255E195635.609597_scanAz_slow.dat,81.1226
read results2411/20241126_210134_scanAz_slow.txt,0.0092
results2411/20241126S210135.708917E210637.252198_scanAz_slow.dat,7.2872
results2411/20241126S210638.206937E211139.657131_scanAz_slow.dat,14.9768
results2411/20241126S211140.612630E211642.057642_scanAz_slow.dat,22.5905
results2411/20241126S211643.019720E212144.460738_scanAz_slow.dat,30.0718
results2411/20241126S212145.422486E212646.868412_scanAz_slow.dat,37.5080
results2411/20241126S212647.824376E213150.279684_scanAz_slow.dat,45.0224
results2411/20241126S213151.241173E213652.683467_scanAz_slow.dat,52.0622
results2411/20241126S213653.639422E214155.084956_scanAz_slow.dat,59.8923
results2411/20241126S214156.047750E214657.490312_scanAz_slow.dat,67.4793
results2411/20241126S214658.447863E215159.892673_scanAz_slow.dat,75.2742
results2411/20241126S215200.855669E215635.414877_scanAz_slow.dat,82.2238
read results2411/20241126_220135_scanAz_slow.txt,0.0093
results2411/20241126S220136.518500E220638.065656_scanAz_slow.dat,7.5039
results2411/20241126S220639.026514E221140.468872_scanAz_slow.dat,14.8904
results2411/20241126S221141.429541E221642.876221_scanAz_slow.dat,22.4520
results2411/20241126S221643.833138E222145.274648_scanAz_slow.dat,30.3084
results2411/20241126S222146.237101E222647.684111_scanAz_slow.dat,37.4288
results2411/20241126S222648.640451E223150.083046_scanAz_slow.dat,44.4796
results2411/20241126S223151.045177E223652.486789_scanAz_slow.dat,52.6280
results2411/20241126S223653.449806E224154.890414_scanAz_slow.dat,59.0849
results2411/20241126S224155.852925E224657.295800_scanAz_slow.dat,66.3134
results2411/20241126S224658.257916E225159.701787_scanAz_slow.dat,73.6669
results2411/20241126S225200.663425E225636.182786_scanAz_slow.dat,80.9385
read results2411/20241127_010135_scanAz_slow.txt,0.0171
results2411/20241127S010136.180930E010637.727812_scanAz_slow.dat,7.7005
results2411/20241127S010638.688935E011140.128984_scanAz_slow.dat,14.7895
results2411/20241127S011141.091432E011642.534784_scanAz_slow.dat,21.8545
results2411/20241127S011643.492014E012144.939547_scanAz_slow.dat,28.8222
results2411/20241127S012145.896426E012647.345033_scanAz_slow.dat,36.6652
results2411/20241127S012648.302234E013149.745055_scanAz_slow.dat,44.0719
results2411/20241127S013150.707776E013652.150805_scanAz_slow.dat,51.7461
results2411/20241127S013653.113547E014154.557659_scanAz_slow.dat,59.0483
results2411/20241127S014155.515558E014656.959702_scanAz_slow.dat,66.3974
results2411/20241127S014657.917758E015159.365611_scanAz_slow.dat,73.3300
results2411/20241127S015200.323122E015635.845529_scanAz_slow.dat,81.2322
read results2411/20241127_020134_scanAz_slow.txt,0.0147
results2411/20241127S020135.990078E020637.532012_scanAz_slow.dat,8.0211
results2411/20241127S020638.493757E021139.940129_scanAz_slow.dat,14.9200
results2411/20241127S021140.897104E021642.342503_scanAz_slow.dat,22.8836
results2411/20241127S021643.300024E022144.744052_scanAz_slow.dat,30.6124
results2411/20241127S022145.707989E022647.147498_scanAz_slow.dat,37.9069
results2411/20241127S022648.111683E023149.552198_scanAz_slow.dat,45.4150
results2411/20241127S023150.516104E023651.956117_scanAz_slow.dat,53.6939
results2411/20241127S023652.920037E024154.360150_scanAz_slow.dat,61.3726
results2411/20241127S024155.322871E024656.764239_scanAz_slow.dat,69.5879
results2411/20241127S024657.727877E025159.169500_scanAz_slow.dat,77.0065
results2411/20241127S025200.132965E025635.651462_scanAz_slow.dat,84.7607
read results2411/20241127_030134_scanAz_slow.txt,0.0136
results2411/20241127S030135.805889E030637.344706_scanAz_slow.dat,7.8519
results2411/20241127S030638.299892E031139.745554_scanAz_slow.dat,15.8504
results2411/20241127S031140.708072E031642.152189_scanAz_slow.dat,23.2997
results2411/20241127S031643.109349E032144.555709_scanAz_slow.dat,30.3604
results2411/20241127S032145.514160E032646.956348_scanAz_slow.dat,37.7026
results2411/20241127S032647.920578E033149.361839_scanAz_slow.dat,44.4088
results2411/20241127S033150.325147E033651.764516_scanAz_slow.dat,51.4460
results2411/20241127S033652.728110E034154.170038_scanAz_slow.dat,59.0390
results2411/20241127S034155.127623E034656.571549_scanAz_slow.dat,66.1395
results2411/20241127S034657.535164E035158.975814_scanAz_slow.dat,73.3564
results2411/20241127S035159.939790E035635.460507_scanAz_slow.dat,81.0125
read results2411/20241127_050134_scanAz_slow.txt,0.0079
results2411/20241127S050135.651702E050637.195059_scanAz_slow.dat,7.0742
results2411/20241127S050638.155189E051139.599714_scanAz_slow.dat,14.2098
results2411/20241127S051140.561239E051642.005983_scanAz_slow.dat,22.0643
results2411/20241127S051642.962658E052144.411587_scanAz_slow.dat,29.2304
results2411/20241127S052145.367528E052646.815578_scanAz_slow.dat,36.9207
results2411/20241127S052647.771242E053149.219439_scanAz_slow.dat,44.3909
results2411/20241127S053150.175464E053651.623224_scanAz_slow.dat,52.0872
results2411/20241127S053652.579600E054154.024911_scanAz_slow.dat,59.2902
results2411/20241127S054154.986855E054656.427338_scanAz_slow.dat,66.9983
results2411/20241127S054657.389959E055158.836352_scanAz_slow.dat,74.0172
results2411/20241127S055159.793100E055635.316490_scanAz_slow.dat,81.6156
read results2411/20241127_060135_scanAz_slow.txt,0.0061
results2411/20241127S060136.468231E060638.010401_scanAz_slow.dat,7.5049
results2411/20241127S060638.970637E061140.414562_scanAz_slow.dat,14.9293
results2411/20241127S061141.375960E061642.821180_scanAz_slow.dat,22.1901
results2411/20241127S061643.783741E062145.226087_scanAz_slow.dat,29.9215
results2411/20241127S062146.182913E062647.628350_scanAz_slow.dat,37.6553
results2411/20241127S062648.589942E063150.033988_scanAz_slow.dat,45.3947
results2411/20241127S063150.995967E063652.434754_scanAz_slow.dat,52.7104
results2411/20241127S063653.397280E064154.844189_scanAz_slow.dat,59.5548
results2411/20241127S064155.800427E064657.245157_scanAz_slow.dat,66.8114
results2411/20241127S064658.206878E065159.649652_scanAz_slow.dat,75.0113
results2411/20241127S065200.606072E065636.131477_scanAz_slow.dat,82.7114
read results2411/20241127_070135_scanAz_slow.txt,0.0084
results2411/20241127S070136.275609E070637.823804_scanAz_slow.dat,6.1146
results2411/20241127S070638.779770E071140.226030_scanAz_slow.dat,14.1402
results2411/20241127S071141.186662E071642.629839_scanAz_slow.dat,22.2939
results2411/20241127S071643.591638E072145.032032_scanAz_slow.dat,30.0180
results2411/20241127S072145.994275E072647.434584_scanAz_slow.dat,37.6948
results2411/20241127S072648.397060E073149.838279_scanAz_slow.dat,45.5159
results2411/20241127S073150.801671E073652.243037_scanAz_slow.dat,53.2719
results2411/20241127S073653.206745E074154.646948_scanAz_slow.dat,60.9509
results2411/20241127S074155.610295E074657.053272_scanAz_slow.dat,68.2730
results2411/20241127S074658.015435E075159.460677_scanAz_slow.dat,76.1175
results2411/20241127S075200.419590E075635.939835_scanAz_slow.dat,83.5725
read results2411/20241127_090135_scanAz_slow.txt,0.0095
results2411/20241127S090136.131234E090637.674846_scanAz_slow.dat,6.4268
results2411/20241127S090638.636872E091140.084321_scanAz_slow.dat,13.9865
results2411/20241127S091141.040648E091642.482962_scanAz_slow.dat,21.5130
results2411/20241127S091643.446607E092144.888858_scanAz_slow.dat,29.0456
results2411/20241127S092145.851607E092647.293724_scanAz_slow.dat,37.0665
results2411/20241127S092648.250665E093149.694406_scanAz_slow.dat,44.6221
results2411/20241127S093150.657759E093652.098383_scanAz_slow.dat,51.0971
results2411/20241127S093653.061637E094154.507832_scanAz_slow.dat,58.7866
results2411/20241127S094155.465040E094656.908585_scanAz_slow.dat,66.2388
results2411/20241127S094657.870954E095159.313313_scanAz_slow.dat,73.0294
results2411/20241127S095200.270305E095635.794819_scanAz_slow.dat,79.7779
read results2411/20241127_100134_scanAz_slow.txt,0.0090
results2411/20241127S100135.957361E100637.530355_scanAz_slow.dat,7.1842
results2411/20241127S100638.492128E101139.935833_scanAz_slow.dat,14.5367
results2411/20241127S101140.897664E101642.339524_scanAz_slow.dat,22.1161
results2411/20241127S101643.302807E102144.742812_scanAz_slow.dat,29.5113
results2411/20241127S102145.706690E102647.148391_scanAz_slow.dat,36.3498
results2411/20241127S102648.105270E103149.552725_scanAz_slow.dat,43.3790
results2411/20241127S103150.509574E103651.956395_scanAz_slow.dat,50.7433
results2411/20241127S103652.913356E104154.357536_scanAz_slow.dat,58.2394
results2411/20241127S104155.321739E104656.761453_scanAz_slow.dat,66.3129
results2411/20241127S104657.725127E105159.167225_scanAz_slow.dat,73.8181
results2411/20241127S105200.129899E105635.649179_scanAz_slow.dat,81.2061
read results2411/20241127_110134_scanAz_slow.txt,0.0082
results2411/20241127S110135.744175E110637.289529_scanAz_slow.dat,7.2677
results2411/20241127S110638.250783E111139.691555_scanAz_slow.dat,14.3975
results2411/20241127S111140.654845E111642.099080_scanAz_slow.dat,22.2761
results2411/20241127S111643.056004E112144.501278_scanAz_slow.dat,29.9349
results2411/20241127S112145.464614E112646.904749_scanAz_slow.dat,37.6320
results2411/20241127S112647.868384E113149.310956_scanAz_slow.dat,45.6274
results2411/20241127S113150.267904E113651.711780_scanAz_slow.dat,53.2087
results2411/20241127S113652.675974E114154.120139_scanAz_slow.dat,60.9417
results2411/20241127S114155.077376E114656.523102_scanAz_slow.dat,68.3989
results2411/20241127S114657.480308E115158.928136_scanAz_slow.dat,75.9514
results2411/20241127S115159.886601E115635.407601_scanAz_slow.dat,83.5959
read results2411/20241127_130135_scanAz_slow.txt,0.0081
results2411/20241127S130136.608586E130638.157227_scanAz_slow.dat,7.2459
results2411/20241127S130639.112877E131140.557440_scanAz_slow.dat,14.7617
results2411/20241127S131141.519460E131642.961264_scanAz_slow.dat,22.5278
results2411/20241127S131643.923618E132145.368962_scanAz_slow.dat,29.7216
results2411/20241127S132146.325312E132647.772275_scanAz_slow.dat,37.1570
results2411/20241127S132648.728613E133150.173641_scanAz_slow.dat,44.0197
results2411/20241127S133151.136401E133652.580166_scanAz_slow.dat,51.3752
results2411/20241127S133653.536165E134154.985040_scanAz_slow.dat,58.0619
results2411/20241127S134155.940821E134657.385515_scanAz_slow.dat,65.7614
results2411/20241127S134658.347049E135159.792305_scanAz_slow.dat,73.1806
results2411/20241127S135200.749979E135636.271490_scanAz_slow.dat,81.0212
read results2411/20241127_140135_scanAz_slow.txt,0.0065
results2411/20241127S140136.419397E140637.963777_scanAz_slow.dat,6.7122
results2411/20241127S140638.922644E141140.366260_scanAz_slow.dat,14.2826
results2411/20241127S141141.327313E141642.771523_scanAz_slow.dat,21.8329
results2411/20241127S141643.728062E142145.174733_scanAz_slow.dat,29.3663
results2411/20241127S142146.136251E142647.578530_scanAz_slow.dat,36.8576
results2411/20241127S142648.540283E143149.979651_scanAz_slow.dat,44.1281
results2411/20241127S143150.943308E143652.384757_scanAz_slow.dat,51.5701
results2411/20241127S143653.347767E144154.790368_scanAz_slow.dat,58.6904
results2411/20241127S144155.747059E144657.195386_scanAz_slow.dat,65.8030
results2411/20241127S144658.152910E145159.595981_scanAz_slow.dat,73.3271
results2411/20241127S145200.558344E145636.078687_scanAz_slow.dat,79.7942
read results2411/20241127_150135_scanAz_slow.txt,0.0089
results2411/20241127S150136.223514E150637.767074_scanAz_slow.dat,7.8248
results2411/20241127S150638.726986E151140.172150_scanAz_slow.dat,15.2314
results2411/20241127S151141.134379E151642.575817_scanAz_slow.dat,22.5579
results2411/20241127S151643.537862E152144.983552_scanAz_slow.dat,30.3158
results2411/20241127S152145.940462E152647.384331_scanAz_slow.dat,38.0387
results2411/20241127S152648.345734E153149.790247_scanAz_slow.dat,45.7248
results2411/20241127S153150.751744E153652.194755_scanAz_slow.dat,53.2490
results2411/20241127S153653.152330E154154.597778_scanAz_slow.dat,61.0539
results2411/20241127S154155.559405E154657.000212_scanAz_slow.dat,68.5139
results2411/20241127S154657.961904E155159.402106_scanAz_slow.dat,75.7872
results2411/20241127S155200.364828E155635.885706_scanAz_slow.dat,83.7419
read results2411/20241127_170134_scanAz_slow.txt,0.0086
results2411/20241127S170136.030050E170637.577399_scanAz_slow.dat,7.0898
results2411/20241127S170638.538577E171139.977115_scanAz_slow.dat,14.4432
results2411/20241127S171140.939866E171642.381470_scanAz_slow.dat,21.9548
results2411/20241127S171643.344750E172144.785242_scanAz_slow.dat,29.5643
results2411/20241127S172145.749753E172647.190848_scanAz_slow.dat,37.1906
results2411/20241127S172648.154194E173149.598365_scanAz_slow.dat,44.1813
results2411/20241127S173150.556179E173651.999474_scanAz_slow.dat,50.5839
results2411/20241127S173652.962198E174154.403210_scanAz_slow.dat,56.6498
results2411/20241127S174155.361304E174656.807464_scanAz_slow.dat,64.3864
results2411/20241127S174657.770109E175159.214136_scanAz_slow.dat,71.8385
results2411/20241127S175200.171449E175635.694041_scanAz_slow.dat,79.4671
read results2411/20241127_180134_scanAz_slow.txt,0.0093
results2411/20241127S180135.850613E180637.382441_scanAz_slow.dat,7.0456
results2411/20241127S180638.345557E181139.785152_scanAz_slow.dat,14.3972
results2411/20241127S181140.747389E181642.192477_scanAz_slow.dat,21.7581
results2411/20241127S181643.150081E182144.596475_scanAz_slow.dat,29.1975
results2411/20241127S182145.554364E182647.000475_scanAz_slow.dat,36.4931
results2411/20241127S182647.958039E183149.403472_scanAz_slow.dat,44.0478
results2411/20241127S183150.360274E183651.807235_scanAz_slow.dat,51.5981
results2411/20241127S183652.766042E184154.211800_scanAz_slow.dat,58.4287
results2411/20241127S184155.169090E184656.614195_scanAz_slow.dat,65.0391
results2411/20241127S184657.572095E185159.019062_scanAz_slow.dat,73.2271
results2411/20241127S185159.976453E185635.498895_scanAz_slow.dat,81.2350
read results2411/20241127_190134_scanAz_slow.txt,0.0088
results2411/20241127S190135.619749E190637.189663_scanAz_slow.dat,7.2548
results2411/20241127S190638.151458E191139.590850_scanAz_slow.dat,14.9363
results2411/20241127S191140.553025E191641.999618_scanAz_slow.dat,22.0154
results2411/20241127S191642.956792E192144.402198_scanAz_slow.dat,29.8471
results2411/20241127S192145.359183E192646.807593_scanAz_slow.dat,37.0725
results2411/20241127S192647.766044E193149.207954_scanAz_slow.dat,44.2093
results2411/20241127S193150.172187E193651.614715_scanAz_slow.dat,52.0054
results2411/20241127S193652.571672E194154.016824_scanAz_slow.dat,59.7741
results2411/20241127S194154.979617E194656.423364_scanAz_slow.dat,67.4425
results2411/20241127S194657.381146E195158.828369_scanAz_slow.dat,75.0418
results2411/20241127S195159.786847E195635.308545_scanAz_slow.dat,82.5679
read results2411/20241127_210135_scanAz_slow.txt,0.0088
results2411/20241127S210136.420360E210637.957437_scanAz_slow.dat,7.4390
results2411/20241127S210638.917758E211140.360820_scanAz_slow.dat,14.5482
results2411/20241127S211141.321809E211642.765418_scanAz_slow.dat,22.0617
results2411/20241127S211643.726922E212145.169829_scanAz_slow.dat,29.7000
results2411/20241127S212146.127636E212647.574835_scanAz_slow.dat,37.3155
results2411/20241127S212648.531482E213149.976069_scanAz_slow.dat,44.4733
results2411/20241127S213150.937840E213652.382678_scanAz_slow.dat,51.4709
results2411/20241127S213653.338379E214154.785464_scanAz_slow.dat,58.2251
results2411/20241127S214155.747117E214657.190776_scanAz_slow.dat,65.5049
results2411/20241127S214658.147002E215159.593122_scanAz_slow.dat,72.4553
results2411/20241127S215200.554846E215636.073271_scanAz_slow.dat,79.5457
read results2411/20241127_220135_scanAz_slow.txt,0.0086
results2411/20241127S220136.219157E220637.761178_scanAz_slow.dat,7.7558
results2411/20241127S220638.721414E221140.165214_scanAz_slow.dat,14.8420
results2411/20241127S221141.127100E221642.574639_scanAz_slow.dat,22.7430
results2411/20241127S221643.530590E222144.977456_scanAz_slow.dat,29.8950
results2411/20241127S222145.933739E222647.378534_scanAz_slow.dat,37.3279
results2411/20241127S222648.341243E223149.783608_scanAz_slow.dat,45.3040
results2411/20241127S223150.745396E223652.189432_scanAz_slow.dat,52.8428
results2411/20241127S223653.146877E224154.590374_scanAz_slow.dat,61.0476
results2411/20241127S224155.552993E224656.994083_scanAz_slow.dat,68.2904
results2411/20241127S224657.955885E225159.399968_scanAz_slow.dat,75.6729
results2411/20241127S225200.361566E225635.881491_scanAz_slow.dat,83.0334
read results2411/20241128_010134_scanAz_slow.txt,0.0084
results2411/20241128S010135.889924E010637.427215_scanAz_slow.dat,7.6674
results2411/20241128S010638.384267E011139.833201_scanAz_slow.dat,15.0806
results2411/20241128S011140.791375E011642.236507_scanAz_slow.dat,22.5124
results2411/20241128S011643.194943E012144.638142_scanAz_slow.dat,29.6350
results2411/20241128S012145.600868E012647.043190_scanAz_slow.dat,37.0807
results2411/20241128S012648.001018E013149.447768_scanAz_slow.dat,44.6401
results2411/20241128S013150.406217E013651.851331_scanAz_slow.dat,52.2179
results2411/20241128S013652.808543E014154.254328_scanAz_slow.dat,59.2899
results2411/20241128S014155.217025E014656.658995_scanAz_slow.dat,66.5848
results2411/20241128S014657.616480E015159.063399_scanAz_slow.dat,73.6740
results2411/20241128S015200.021529E015635.544965_scanAz_slow.dat,81.2486
read results2411/20241128_020134_scanAz_slow.txt,0.0085
results2411/20241128S020135.687551E020637.232272_scanAz_slow.dat,7.4460
results2411/20241128S020638.193992E021139.636482_scanAz_slow.dat,14.8656
results2411/20241128S021140.600083E021642.044457_scanAz_slow.dat,22.0480
results2411/20241128S021643.002260E022144.448377_scanAz_slow.dat,29.6976
results2411/20241128S022145.405613E022646.847877_scanAz_slow.dat,36.4794
results2411/20241128S022647.812388E023149.254210_scanAz_slow.dat,44.0880
results2411/20241128S023150.211746E023651.660874_scanAz_slow.dat,51.2696
results2411/20241128S023652.620669E024154.063225_scanAz_slow.dat,58.8566
results2411/20241128S024155.022980E024656.463817_scanAz_slow.dat,66.3356
results2411/20241128S024657.428412E025158.868713_scanAz_slow.dat,73.1797
results2411/20241128S025159.832497E025635.352382_scanAz_slow.dat,80.6726
read results2411/20241128_030135_scanAz_slow.txt,0.0084
results2411/20241128S030136.504456E030638.050513_scanAz_slow.dat,6.8371
results2411/20241128S030639.011989E031140.451505_scanAz_slow.dat,13.7715
results2411/20241128S031141.415671E031642.859556_scanAz_slow.dat,20.6229
results2411/20241128S031643.818848E032145.261587_scanAz_slow.dat,27.9255
results2411/20241128S032146.224552E032647.665190_scanAz_slow.dat,35.1009
results2411/20241128S032648.628492E033150.066762_scanAz_slow.dat,42.7762
results2411/20241128S033151.031409E033652.473678_scanAz_slow.dat,50.1771
results2411/20241128S033653.430556E034154.879156_scanAz_slow.dat,56.9215
results2411/20241128S034155.836410E034657.282599_scanAz_slow.dat,64.8173
results2411/20241128S034658.240084E035159.686934_scanAz_slow.dat,71.9616
results2411/20241128S035200.644130E035636.166440_scanAz_slow.dat,79.5007
read results2411/20241128_050135_scanAz_slow.txt,0.0085
results2411/20241128S050136.360420E050637.904594_scanAz_slow.dat,7.7460
results2411/20241128S050638.865768E051140.306308_scanAz_slow.dat,15.6797
results2411/20241128S051141.267915E051642.715098_scanAz_slow.dat,22.8180
results2411/20241128S051643.672316E052145.117101_scanAz_slow.dat,29.9574
results2411/20241128S052146.078627E052647.520557_scanAz_slow.dat,37.2129
results2411/20241128S052648.482068E053149.924469_scanAz_slow.dat,44.4132
results2411/20241128S053150.886018E053652.328463_scanAz_slow.dat,51.1749
results2411/20241128S053653.290233E054154.730859_scanAz_slow.dat,58.8043
results2411/20241128S054155.692974E054657.138691_scanAz_slow.dat,66.0092
results2411/20241128S054658.094754E055159.538854_scanAz_slow.dat,73.3969
results2411/20241128S055200.500766E055636.021889_scanAz_slow.dat,81.1871
read results2411/20241128_060135_scanAz_slow.txt,0.0091
results2411/20241128S060136.164110E060637.712394_scanAz_slow.dat,7.3866
results2411/20241128S060638.672943E061140.116277_scanAz_slow.dat,14.9355
results2411/20241128S061141.071852E061642.518250_scanAz_slow.dat,23.1608
results2411/20241128S061643.480119E062144.923006_scanAz_slow.dat,30.2046
results2411/20241128S062145.884414E062647.325034_scanAz_slow.dat,37.6907
results2411/20241128S062648.286937E063149.727348_scanAz_slow.dat,45.0066
results2411/20241128S063150.689320E063652.136540_scanAz_slow.dat,51.8850
results2411/20241128S063653.093575E064154.539080_scanAz_slow.dat,59.9799
results2411/20241128S064155.495010E064656.943655_scanAz_slow.dat,67.0305
results2411/20241128S064657.900912E065159.342539_scanAz_slow.dat,74.0442
results2411/20241128S065200.304391E065635.827245_scanAz_slow.dat,80.6684
read results2411/20241128_070134_scanAz_slow.txt,0.0080
results2411/20241128S070135.970530E070637.515488_scanAz_slow.dat,8.3657
results2411/20241128S070638.475678E071139.917626_scanAz_slow.dat,16.0635
results2411/20241128S071140.880409E071642.326912_scanAz_slow.dat,23.2660
results2411/20241128S071643.284680E072144.730529_scanAz_slow.dat,30.4253
results2411/20241128S072145.688095E072647.130014_scanAz_slow.dat,37.9452
results2411/20241128S072648.093106E073149.538698_scanAz_slow.dat,45.5071
results2411/20241128S073150.495890E073651.941690_scanAz_slow.dat,52.8163
results2411/20241128S073652.903190E074154.343970_scanAz_slow.dat,60.1298
results2411/20241128S074155.305742E074656.747802_scanAz_slow.dat,67.6737
results2411/20241128S074657.710238E075159.150360_scanAz_slow.dat,74.9444
results2411/20241128S075200.113082E075635.634254_scanAz_slow.dat,82.4203
read results2411/20241128_090134_scanAz_slow.txt,0.0085
results2411/20241128S090135.801135E090637.372142_scanAz_slow.dat,7.6339
results2411/20241128S090638.334944E091139.778414_scanAz_slow.dat,14.5995
results2411/20241128S091140.735082E091642.184180_scanAz_slow.dat,21.7470
results2411/20241128S091643.142028E092144.587802_scanAz_slow.dat,28.6856
results2411/20241128S092145.545070E092646.988580_scanAz_slow.dat,36.7695
results2411/20241128S092647.952243E093149.392101_scanAz_slow.dat,43.7896
results2411/20241128S093150.355746E093651.795665_scanAz_slow.dat,50.4046
results2411/20241128S093652.759213E094154.199490_scanAz_slow.dat,58.8959
results2411/20241128S094155.163789E094656.605219_scanAz_slow.dat,66.1251
results2411/20241128S094657.563656E095159.009059_scanAz_slow.dat,73.9326
results2411/20241128S095159.972093E095635.491724_scanAz_slow.dat,81.0435
read results2411/20241128_100135_scanAz_slow.txt,0.0084
results2411/20241128S100136.596046E100638.140867_scanAz_slow.dat,7.8174
results2411/20241128S100639.102627E101140.542450_scanAz_slow.dat,15.1294
results2411/20241128S101141.504295E101642.946757_scanAz_slow.dat,22.3786
results2411/20241128S101643.910989E102145.352555_scanAz_slow.dat,29.9580
results2411/20241128S102146.316173E102647.759191_scanAz_slow.dat,36.7686
results2411/20241128S102648.716640E103150.159322_scanAz_slow.dat,44.6698
results2411/20241128S103151.123218E103652.564341_scanAz_slow.dat,52.2351
results2411/20241128S103653.527956E104154.969503_scanAz_slow.dat,59.8106
results2411/20241128S104155.926702E104657.373293_scanAz_slow.dat,68.1677
results2411/20241128S104658.333656E105159.779630_scanAz_slow.dat,76.0162
results2411/20241128S105200.736847E105636.257462_scanAz_slow.dat,83.1968
read results2411/20241128_110135_scanAz_slow.txt,0.0084
results2411/20241128S110136.451244E110637.995828_scanAz_slow.dat,8.0678
results2411/20241128S110638.958099E111140.397904_scanAz_slow.dat,15.4274
results2411/20241128S111141.362107E111642.805619_scanAz_slow.dat,22.9259
results2411/20241128S111643.762563E112145.210548_scanAz_slow.dat,29.8406
results2411/20241128S112146.169307E112647.614488_scanAz_slow.dat,37.2108
results2411/20241128S112648.573228E113150.014194_scanAz_slow.dat,44.5893
results2411/20241128S113150.978063E113652.418088_scanAz_slow.dat,51.3939
results2411/20241128S113653.377386E114154.825116_scanAz_slow.dat,59.4117
results2411/20241128S114155.782019E114657.226238_scanAz_slow.dat,66.3232
results2411/20241128S114658.189491E115159.632291_scanAz_slow.dat,73.4189
results2411/20241128S115200.589236E115636.114111_scanAz_slow.dat,80.6848
read results2411/20241128_130135_scanAz_slow.txt,0.0089
results2411/20241128S130136.258017E130637.801550_scanAz_slow.dat,7.3376
results2411/20241128S130638.762396E131140.209941_scanAz_slow.dat,14.8025
results2411/20241128S131141.165136E131642.614296_scanAz_slow.dat,22.7136
results2411/20241128S131643.571564E132145.018253_scanAz_slow.dat,30.1353
results2411/20241128S132145.975203E132647.421782_scanAz_slow.dat,37.2976
results2411/20241128S132648.378394E133149.824528_scanAz_slow.dat,44.8041
results2411/20241128S133150.781725E133652.225465_scanAz_slow.dat,52.5991
results2411/20241128S133653.189416E134154.633403_scanAz_slow.dat,60.1904
results2411/20241128S134155.595207E134657.034748_scanAz_slow.dat,67.4203
results2411/20241128S134657.998705E135159.442366_scanAz_slow.dat,75.3950
results2411/20241128S135200.402981E135635.922477_scanAz_slow.dat,82.6014
read results2411/20241128_140135_scanAz_slow.txt,0.0090
results2411/20241128S140136.067360E140637.659875_scanAz_slow.dat,7.7318
results2411/20241128S140638.617288E141140.061625_scanAz_slow.dat,14.9324
results2411/20241128S141141.022617E141642.466070_scanAz_slow.dat,22.0726
results2411/20241128S141643.427852E142144.871333_scanAz_slow.dat,28.9879
results2411/20241128S142145.829468E142647.275734_scanAz_slow.dat,36.5725
results2411/20241128S142648.232308E143149.678025_scanAz_slow.dat,43.5931
results2411/20241128S143150.640104E143652.081691_scanAz_slow.dat,51.0252
results2411/20241128S143653.044796E144154.487351_scanAz_slow.dat,58.2077
results2411/20241128S144155.449175E144656.891017_scanAz_slow.dat,65.7532
results2411/20241128S144657.847641E145159.293454_scanAz_slow.dat,73.4137
results2411/20241128S145200.251370E145635.775559_scanAz_slow.dat,80.7559
read results2411/20241128_150134_scanAz_slow.txt,0.0084
results2411/20241128S150135.878342E150637.416786_scanAz_slow.dat,7.3272
results2411/20241128S150638.378160E151139.821039_scanAz_slow.dat,14.7539
results2411/20241128S151140.782348E151642.228148_scanAz_slow.dat,22.0835
results2411/20241128S151643.184728E152144.627064_scanAz_slow.dat,29.3260
results2411/20241128S152145.589772E152647.035847_scanAz_slow.dat,36.2332
results2411/20241128S152647.991776E153149.439986_scanAz_slow.dat,43.8316
results2411/20241128S153150.395972E153651.843221_scanAz_slow.dat,50.8915
results2411/20241128S153652.799211E154154.243774_scanAz_slow.dat,58.4091
results2411/20241128S154155.207174E154656.651436_scanAz_slow.dat,65.9657
results2411/20241128S154657.607767E155159.053323_scanAz_slow.dat,73.1218
results2411/20241128S155200.015691E155635.534257_scanAz_slow.dat,79.8334
read results2411/20241128_170134_scanAz_slow.txt,0.0085
results2411/20241128S170135.698147E170637.274342_scanAz_slow.dat,6.7064
results2411/20241128S170638.235632E171139.679145_scanAz_slow.dat,14.3695
results2411/20241128S171140.636975E171642.083340_scanAz_slow.dat,21.3671
results2411/20241128S171643.040185E172144.486134_scanAz_slow.dat,28.8311
results2411/20241128S172145.443029E172646.887234_scanAz_slow.dat,36.7334
results2411/20241128S172647.850858E173149.290557_scanAz_slow.dat,44.1721
results2411/20241128S173150.254095E173651.697969_scanAz_slow.dat,51.0573
results2411/20241128S173652.654891E174154.100865_scanAz_slow.dat,58.5975
results2411/20241128S174155.063652E174656.507169_scanAz_slow.dat,65.8164
results2411/20241128S174657.465969E175158.907543_scanAz_slow.dat,73.2699
results2411/20241128S175159.870871E175635.390608_scanAz_slow.dat,80.7782
read results2411/20241128_180135_scanAz_slow.txt,0.0077
results2411/20241128S180136.494833E180638.042055_scanAz_slow.dat,7.4714
results2411/20241128S180639.003356E181140.446915_scanAz_slow.dat,14.4037
results2411/20241128S181141.404740E181642.850760_scanAz_slow.dat,21.7658
results2411/20241128S181643.807939E182145.251337_scanAz_slow.dat,29.6795
results2411/20241128S182146.214562E182647.654211_scanAz_slow.dat,37.7702
results2411/20241128S182648.617183E183150.059479_scanAz_slow.dat,45.4928
results2411/20241128S183151.022458E183652.463335_scanAz_slow.dat,53.5813
results2411/20241128S183653.427828E184154.866801_scanAz_slow.dat,61.2957
results2411/20241128S184155.830640E184657.272871_scanAz_slow.dat,68.4433
results2411/20241128S184658.235683E185159.677864_scanAz_slow.dat,75.2567
results2411/20241128S185200.634894E185636.159006_scanAz_slow.dat,82.9538
read results2411/20241128_190135_scanAz_slow.txt,0.0080
results2411/20241128S190136.302562E190637.847814_scanAz_slow.dat,6.9775
results2411/20241128S190638.809558E191140.254315_scanAz_slow.dat,14.4437
results2411/20241128S191141.210963E191642.655975_scanAz_slow.dat,22.1411
results2411/20241128S191643.614639E192145.059811_scanAz_slow.dat,30.1421
results2411/20241128S192146.022750E192647.463944_scanAz_slow.dat,37.8575
results2411/20241128S192648.426649E193149.869911_scanAz_slow.dat,44.8718
results2411/20241128S193150.827103E193652.270355_scanAz_slow.dat,52.3970
results2411/20241128S193653.233931E194154.676955_scanAz_slow.dat,60.2085
results2411/20241128S194155.634156E194657.079953_scanAz_slow.dat,67.5008
results2411/20241128S194658.042901E195159.482202_scanAz_slow.dat,74.4765
results2411/20241128S195200.445580E195635.965824_scanAz_slow.dat,81.7107
read results2411/20241128_210135_scanAz_slow.txt,0.0085
results2411/20241128S210136.132939E210637.704670_scanAz_slow.dat,7.1720
results2411/20241128S210638.664545E211140.106436_scanAz_slow.dat,14.5958
results2411/20241128S211141.064837E211642.513422_scanAz_slow.dat,21.8614
results2411/20241128S211643.469137E212144.913221_scanAz_slow.dat,29.4443
results2411/20241128S212145.875879E212647.320415_scanAz_slow.dat,36.9795
results2411/20241128S212648.281891E213149.721724_scanAz_slow.dat,44.5516
results2411/20241128S213150.684187E213652.129447_scanAz_slow.dat,51.5245
results2411/20241128S213653.086065E214154.534296_scanAz_slow.dat,58.9810
results2411/20241128S214155.489992E214656.936881_scanAz_slow.dat,65.8235
results2411/20241128S214657.898937E215159.338943_scanAz_slow.dat,73.6738
results2411/20241128S215200.301168E215635.821350_scanAz_slow.dat,81.0483
read results2411/20241128_220134_scanAz_slow.txt,0.0078
results2411/20241128S220135.869866E220637.414743_scanAz_slow.dat,7.6712
results2411/20241128S220638.374805E221139.819053_scanAz_slow.dat,14.8237
results2411/20241128S221140.780800E221642.221400_scanAz_slow.dat,22.3733
results2411/20241128S221643.183085E222144.626917_scanAz_slow.dat,30.5280
results2411/20241128S222145.588788E222647.029309_scanAz_slow.dat,38.0092
results2411/20241128S222647.991908E223149.437697_scanAz_slow.dat,45.4737
results2411/20241128S223150.394091E223651.836696_scanAz_slow.dat,51.8681
results2411/20241128S223652.798429E224154.244890_scanAz_slow.dat,59.9278
results2411/20241128S224155.200706E224656.648278_scanAz_slow.dat,67.2103
results2411/20241128S224657.605909E225159.050066_scanAz_slow.dat,74.3839
results2411/20241128S225200.013373E225635.532322_scanAz_slow.dat,81.8372
read results2411/20241129_010135_scanAz_slow.txt,0.0067
results2411/20241129S010136.538736E010638.083791_scanAz_slow.dat,6.9223
results2411/20241129S010639.045278E011140.488871_scanAz_slow.dat,14.0360
results2411/20241129S011141.445829E011642.890731_scanAz_slow.dat,21.4580
results2411/20241129S011643.853754E012145.294239_scanAz_slow.dat,29.3436
results2411/20241129S012146.257826E012647.701870_scanAz_slow.dat,36.5293
results2411/20241129S012648.658816E013150.106350_scanAz_slow.dat,44.4287
results2411/20241129S013151.064840E013652.510852_scanAz_slow.dat,51.7690
results2411/20241129S013653.468998E014154.916402_scanAz_slow.dat,59.2518
results2411/20241129S014155.873616E014657.319736_scanAz_slow.dat,66.3843
results2411/20241129S014658.277230E015159.720552_scanAz_slow.dat,73.4603
results2411/20241129S015200.683631E015636.202798_scanAz_slow.dat,80.8282
read results2411/20241129_020135_scanAz_slow.txt,0.0088
results2411/20241129S020136.347449E020637.890767_scanAz_slow.dat,6.7789
results2411/20241129S020638.852760E021140.294543_scanAz_slow.dat,14.7243
results2411/20241129S021141.257120E021642.699916_scanAz_slow.dat,22.7962
results2411/20241129S021643.663692E022145.104206_scanAz_slow.dat,30.1675
results2411/20241129S022146.067168E022647.507765_scanAz_slow.dat,37.2017
results2411/20241129S022648.471025E023149.912098_scanAz_slow.dat,44.4828
results2411/20241129S023150.875757E023652.316301_scanAz_slow.dat,52.0675
results2411/20241129S023653.279915E024154.718315_scanAz_slow.dat,59.6729
results2411/20241129S024155.682236E024657.127391_scanAz_slow.dat,66.9007
results2411/20241129S024658.086682E025159.531733_scanAz_slow.dat,73.9460
results2411/20241129S025200.489288E025636.010687_scanAz_slow.dat,81.2814
read results2411/20241129_030135_scanAz_slow.txt,0.0079
results2411/20241129S030136.155863E030637.699804_scanAz_slow.dat,7.2525
results2411/20241129S030638.661956E031140.103874_scanAz_slow.dat,15.1413
results2411/20241129S031141.066898E031642.511796_scanAz_slow.dat,22.4655
results2411/20241129S031643.469086E032144.914152_scanAz_slow.dat,29.2889
results2411/20241129S032145.871432E032647.318063_scanAz_slow.dat,36.7003
results2411/20241129S032648.275241E033149.720168_scanAz_slow.dat,43.6711
results2411/20241129S033150.683835E033652.124456_scanAz_slow.dat,51.4896
results2411/20241129S033653.087815E034154.532005_scanAz_slow.dat,59.6682
results2411/20241129S034155.489009E034656.930682_scanAz_slow.dat,67.1884
results2411/20241129S034657.895522E035159.340420_scanAz_slow.dat,74.1374
results2411/20241129S035200.298291E035635.820225_scanAz_slow.dat,81.3784
read results2411/20241129_050134_scanAz_slow.txt,0.0083
results2411/20241129S050135.979515E050637.553689_scanAz_slow.dat,7.2893
results2411/20241129S050638.514520E051139.959718_scanAz_slow.dat,15.0936
results2411/20241129S051140.916759E051642.363578_scanAz_slow.dat,22.5226
results2411/20241129S051643.319299E052144.763187_scanAz_slow.dat,29.6766
results2411/20241129S052145.724950E052647.171358_scanAz_slow.dat,37.2424
results2411/20241129S052648.127382E053149.575370_scanAz_slow.dat,44.4247
results2411/20241129S053150.536764E053651.979578_scanAz_slow.dat,51.2807
results2411/20241129S053652.935244E054154.477947_scanAz_slow.dat,58.6396
results2411/20241129S054155.436228E054656.879130_scanAz_slow.dat,66.2697
results2411/20241129S054657.841397E055159.283664_scanAz_slow.dat,73.0058
results2411/20241129S055200.245505E055635.766897_scanAz_slow.dat,80.5440
read results2411/20241129_060134_scanAz_slow.txt,0.0083
results2411/20241129S060135.788049E060637.362339_scanAz_slow.dat,7.3461
results2411/20241129S060638.322797E061139.762755_scanAz_slow.dat,15.0277
results2411/20241129S061140.726524E061642.166952_scanAz_slow.dat,22.7633
results2411/20241129S061643.130024E062144.576324_scanAz_slow.dat,30.1142
results2411/20241129S062145.536139E062646.979976_scanAz_slow.dat,37.5477
results2411/20241129S062647.935978E063149.384399_scanAz_slow.dat,45.3032
results2411/20241129S063150.342004E063651.787911_scanAz_slow.dat,52.0711
results2411/20241129S063652.744845E064154.189619_scanAz_slow.dat,59.1901
results2411/20241129S064155.152028E064656.593099_scanAz_slow.dat,67.0386
results2411/20241129S064657.556204E065158.996058_scanAz_slow.dat,74.1433
results2411/20241129S065159.958819E065635.478869_scanAz_slow.dat,80.9307
read results2411/20241129_070135_scanAz_slow.txt,0.0090
results2411/20241129S070136.584417E070638.129015_scanAz_slow.dat,6.9694
results2411/20241129S070639.089796E071140.531879_scanAz_slow.dat,14.3770
results2411/20241129S071141.492918E071642.938445_scanAz_slow.dat,21.0929
results2411/20241129S071643.895089E072145.343789_scanAz_slow.dat,28.3010
results2411/20241129S072146.300687E072647.743593_scanAz_slow.dat,36.1793
results2411/20241129S072648.706438E073150.152016_scanAz_slow.dat,44.0897
results2411/20241129S073151.108063E073652.555751_scanAz_slow.dat,51.1864
results2411/20241129S073653.512988E074154.959647_scanAz_slow.dat,58.2581
results2411/20241129S074155.921104E074657.362802_scanAz_slow.dat,65.4138
results2411/20241129S074658.324705E075159.767825_scanAz_slow.dat,73.4406
results2411/20241129S075200.723673E075636.248877_scanAz_slow.dat,80.5041
read results2411/20241129_090135_scanAz_slow.txt,0.0096
results2411/20241129S090136.439453E090637.984343_scanAz_slow.dat,7.2127
results2411/20241129S090638.945580E091140.390868_scanAz_slow.dat,13.9641
results2411/20241129S091141.347174E091642.790658_scanAz_slow.dat,20.3721
results2411/20241129S091643.754599E092145.196576_scanAz_slow.dat,27.3812
results2411/20241129S092146.159642E092647.600624_scanAz_slow.dat,34.6662
results2411/20241129S092648.557984E093150.004627_scanAz_slow.dat,41.6323
results2411/20241129S093150.961867E093652.406417_scanAz_slow.dat,49.4162
results2411/20241129S093653.369772E094154.810694_scanAz_slow.dat,56.7639
results2411/20241129S094155.774305E094657.215874_scanAz_slow.dat,64.3236
results2411/20241129S094658.178832E095159.622113_scanAz_slow.dat,71.9977
results2411/20241129S095200.579610E095636.103219_scanAz_slow.dat,79.9025
read results2411/20241129_100135_scanAz_slow.txt,0.0091
results2411/20241129S100136.294294E100637.837611_scanAz_slow.dat,7.6738
results2411/20241129S100638.799913E101140.242910_scanAz_slow.dat,15.1244
results2411/20241129S101141.205372E101642.647075_scanAz_slow.dat,23.0152
results2411/20241129S101643.606452E102145.052694_scanAz_slow.dat,30.0587
results2411/20241129S102146.009658E102647.453736_scanAz_slow.dat,37.8689
results2411/20241129S102648.417372E103149.858663_scanAz_slow.dat,45.7014
results2411/20241129S103150.822018E103652.266545_scanAz_slow.dat,52.8293
results2411/20241129S103653.224082E104154.664899_scanAz_slow.dat,60.5634
results2411/20241129S104155.629589E104657.071102_scanAz_slow.dat,68.1798
results2411/20241129S104658.034286E105159.474928_scanAz_slow.dat,76.1435
results2411/20241129S105200.438105E105635.957689_scanAz_slow.dat,83.6101
read results2411/20241129_110135_scanAz_slow.txt,0.0118
results2411/20241129S110136.101918E110637.649187_scanAz_slow.dat,6.9753
results2411/20241129S110638.604961E111140.049825_scanAz_slow.dat,14.0782
results2411/20241129S111141.013775E111642.458017_scanAz_slow.dat,20.8400
results2411/20241129S111643.414996E112144.856739_scanAz_slow.dat,28.5881
results2411/20241129S112145.819745E112647.264908_scanAz_slow.dat,36.2268
results2411/20241129S112648.222194E113149.665752_scanAz_slow.dat,43.6573
results2411/20241129S113150.630292E113652.070996_scanAz_slow.dat,51.6221
results2411/20241129S113653.033999E114154.475545_scanAz_slow.dat,58.4231
results2411/20241129S114155.438540E114656.880046_scanAz_slow.dat,65.2285
results2411/20241129S114657.837516E115159.282287_scanAz_slow.dat,72.9797
results2411/20241129S115200.246204E115635.766650_scanAz_slow.dat,80.5448
read results2411/20241129_130134_scanAz_slow.txt,0.0090
results2411/20241129S130135.868521E130637.405010_scanAz_slow.dat,7.5729
results2411/20241129S130638.364909E131139.812135_scanAz_slow.dat,14.9621
results2411/20241129S131140.767718E131642.214372_scanAz_slow.dat,22.2573
results2411/20241129S131643.175874E132144.618972_scanAz_slow.dat,30.0481
results2411/20241129S132145.580692E132647.023736_scanAz_slow.dat,37.3167
results2411/20241129S132647.979779E133149.426642_scanAz_slow.dat,44.7536
results2411/20241129S133150.388433E133651.830870_scanAz_slow.dat,52.1918
results2411/20241129S133652.792311E134154.235573_scanAz_slow.dat,59.0950
results2411/20241129S134155.194913E134656.641066_scanAz_slow.dat,65.5057
results2411/20241129S134657.599222E135159.043027_scanAz_slow.dat,72.8417
results2411/20241129S135200.004542E135635.524608_scanAz_slow.dat,80.0872
read results2411/20241129_140134_scanAz_slow.txt,0.0096
results2411/20241129S140135.668216E140637.215274_scanAz_slow.dat,7.0540
results2411/20241129S140638.175783E141139.616032_scanAz_slow.dat,14.2764
results2411/20241129S141140.578253E141642.023611_scanAz_slow.dat,21.2623
results2411/20241129S141642.979326E142144.423828_scanAz_slow.dat,28.4343
results2411/20241129S142145.385708E142646.831863_scanAz_slow.dat,35.2944
results2411/20241129S142647.787836E143149.236868_scanAz_slow.dat,42.1804
results2411/20241129S143150.193528E143651.639789_scanAz_slow.dat,49.1712
results2411/20241129S143652.596056E144154.040268_scanAz_slow.dat,56.5086
results2411/20241129S144155.002455E144656.448086_scanAz_slow.dat,63.9982
results2411/20241129S144657.406260E145158.848874_scanAz_slow.dat,70.8485
results2411/20241129S145159.811361E145635.331082_scanAz_slow.dat,77.8254
read results2411/20241129_150135_scanAz_slow.txt,0.0157
results2411/20241129S150136.483286E150638.026626_scanAz_slow.dat,6.5286
results2411/20241129S150638.987508E151140.434792_scanAz_slow.dat,13.7902
results2411/20241129S151141.390621E151642.836862_scanAz_slow.dat,21.1253
results2411/20241129S151643.798974E152145.243605_scanAz_slow.dat,28.0124
results2411/20241129S152146.199199E152647.642641_scanAz_slow.dat,33.9850
results2411/20241129S152648.604706E153150.050479_scanAz_slow.dat,40.7230
results2411/20241129S153151.006838E153652.450835_scanAz_slow.dat,47.6243
results2411/20241129S153653.413822E154154.859407_scanAz_slow.dat,54.3797
results2411/20241129S154155.815455E154657.258835_scanAz_slow.dat,61.7393
results2411/20241129S154658.221595E155159.666961_scanAz_slow.dat,69.1197
results2411/20241129S155200.622618E155636.146277_scanAz_slow.dat,76.2725
read results2411/20241129_170135_scanAz_slow.txt,0.0198
results2411/20241129S170136.338508E170637.884658_scanAz_slow.dat,7.4607
results2411/20241129S170638.846200E171140.289419_scanAz_slow.dat,14.5371
results2411/20241129S171141.251236E171642.690771_scanAz_slow.dat,21.8949
results2411/20241129S171643.654106E172145.096564_scanAz_slow.dat,30.2604
results2411/20241129S172146.054323E172647.501939_scanAz_slow.dat,37.2305
results2411/20241129S172648.459218E173149.902738_scanAz_slow.dat,44.1641
results2411/20241129S173150.865987E173652.306862_scanAz_slow.dat,51.0728
results2411/20241129S173653.269869E174154.713093_scanAz_slow.dat,58.2835
results2411/20241129S174155.670075E174657.114616_scanAz_slow.dat,64.6604
results2411/20241129S174658.077970E175159.519477_scanAz_slow.dat,71.8590
results2411/20241129S175200.482451E175636.002850_scanAz_slow.dat,79.4656
read results2411/20241129_180135_scanAz_slow.txt,0.0169
results2411/20241129S180136.151646E180637.692937_scanAz_slow.dat,6.8299
results2411/20241129S180638.654106E181140.096895_scanAz_slow.dat,13.1339
results2411/20241129S181141.058811E181642.498301_scanAz_slow.dat,20.2979
results2411/20241129S181643.461470E182144.904762_scanAz_slow.dat,27.5496
results2411/20241129S182145.861855E182647.310516_scanAz_slow.dat,34.5357
results2411/20241129S182648.268762E183149.709738_scanAz_slow.dat,41.7463
results2411/20241129S183150.672906E183652.114769_scanAz_slow.dat,48.4220
results2411/20241129S183653.078516E184154.517346_scanAz_slow.dat,55.6584
results2411/20241129S184155.481035E184656.922122_scanAz_slow.dat,62.6969
results2411/20241129S184657.884783E185159.330565_scanAz_slow.dat,69.8449
results2411/20241129S185200.288474E185635.809351_scanAz_slow.dat,76.6752
read results2411/20241129_190134_scanAz_slow.txt,0.0063
results2411/20241129S190135.965192E190637.497343_scanAz_slow.dat,6.3140
results2411/20241129S190638.461590E191139.905644_scanAz_slow.dat,13.0084
results2411/20241129S191140.863225E191642.308755_scanAz_slow.dat,20.0838
results2411/20241129S191643.266294E192144.712747_scanAz_slow.dat,27.7332
results2411/20241129S192145.672112E192647.115008_scanAz_slow.dat,34.1475
results2411/20241129S192648.078045E193149.518370_scanAz_slow.dat,40.7342
results2411/20241129S193150.482035E193651.925496_scanAz_slow.dat,47.5099
results2411/20241129S193652.884293E194154.325170_scanAz_slow.dat,54.2751
results2411/20241129S194155.289341E194656.735044_scanAz_slow.dat,61.7398
results2411/20241129S194657.693117E195159.138685_scanAz_slow.dat,68.6372
results2411/20241129S195200.098029E195635.618220_scanAz_slow.dat,75.7387
read results2411/20241129_210134_scanAz_slow.txt,0.0082
results2411/20241129S210135.809132E210637.352633_scanAz_slow.dat,7.1725
results2411/20241129S210638.312825E211139.758636_scanAz_slow.dat,14.7136
results2411/20241129S211140.720250E211642.165063_scanAz_slow.dat,21.4149
results2411/20241129S211643.122263E212144.568176_scanAz_slow.dat,27.6911
results2411/20241129S212145.525129E212646.968565_scanAz_slow.dat,35.1018
results2411/20241129S212647.931928E213149.373290_scanAz_slow.dat,42.7396
results2411/20241129S213150.336007E213651.777385_scanAz_slow.dat,50.7306
results2411/20241129S213652.735975E214154.184882_scanAz_slow.dat,57.0972
results2411/20241129S214155.142015E214656.584280_scanAz_slow.dat,63.5502
results2411/20241129S214657.547614E215158.991285_scanAz_slow.dat,70.6480
results2411/20241129S215159.952870E215635.471560_scanAz_slow.dat,78.0365
read results2411/20241129_220134_scanAz_slow.txt,0.0088
results2411/20241129S220135.615505E220637.162908_scanAz_slow.dat,6.9853
results2411/20241129S220638.123119E221139.567513_scanAz_slow.dat,13.8503
results2411/20241129S221140.523344E221641.966970_scanAz_slow.dat,21.4607
results2411/20241129S221642.930124E222144.371808_scanAz_slow.dat,28.4985
results2411/20241129S222145.333609E222646.779454_scanAz_slow.dat,35.5075
results2411/20241129S222647.735681E223149.182078_scanAz_slow.dat,43.0112
results2411/20241129S223150.143504E223651.586647_scanAz_slow.dat,50.3645
results2411/20241129S223652.542654E224153.986559_scanAz_slow.dat,57.5591
results2411/20241129S224154.948438E224656.393785_scanAz_slow.dat,64.9217
results2411/20241129S224657.351065E225158.798686_scanAz_slow.dat,72.7400
results2411/20241129S225159.754706E225635.276858_scanAz_slow.dat,79.8648
read results2411/20241130_010135_scanAz_slow.txt,0.0087
results2411/20241130S010136.284978E010637.880576_scanAz_slow.dat,6.8940
results2411/20241130S010638.836561E011140.279388_scanAz_slow.dat,13.4358
results2411/20241130S011141.242035E011642.688095_scanAz_slow.dat,20.5093
results2411/20241130S011643.645310E012145.090812_scanAz_slow.dat,28.0385
results2411/20241130S012146.047828E012647.492878_scanAz_slow.dat,35.0707
results2411/20241130S012648.456221E013149.897573_scanAz_slow.dat,42.2182
results2411/20241130S013150.856286E013652.301917_scanAz_slow.dat,49.4229
results2411/20241130S013653.264563E014154.703720_scanAz_slow.dat,57.2729
results2411/20241130S014155.667596E014657.110276_scanAz_slow.dat,64.6669
results2411/20241130S014658.073336E015159.515043_scanAz_slow.dat,71.5773
results2411/20241130S015200.472002E015635.996419_scanAz_slow.dat,78.8744
read results2411/20241130_020135_scanAz_slow.txt,0.0091
results2411/20241130S020136.100757E020637.640740_scanAz_slow.dat,6.2451
results2411/20241130S020638.599156E021140.040444_scanAz_slow.dat,13.3604
results2411/20241130S021141.003788E021642.447801_scanAz_slow.dat,20.4271
results2411/20241130S021643.406903E022144.851552_scanAz_slow.dat,27.7364
results2411/20241130S022145.810233E022647.255456_scanAz_slow.dat,34.7777
results2411/20241130S022648.213805E023149.660170_scanAz_slow.dat,42.0231
results2411/20241130S023150.619554E023652.063561_scanAz_slow.dat,49.4124
results2411/20241130S023653.020741E024154.465079_scanAz_slow.dat,56.8934
results2411/20241130S024155.428327E024656.871981_scanAz_slow.dat,64.4475
results2411/20241130S024657.831614E025159.275909_scanAz_slow.dat,71.8706
results2411/20241130S025200.235586E025635.756830_scanAz_slow.dat,79.5080
read results2411/20241130_030134_scanAz_slow.txt,0.0062
results2411/20241130S030135.899442E030637.445650_scanAz_slow.dat,6.7353
results2411/20241130S030638.407058E031139.851401_scanAz_slow.dat,13.8733
results2411/20241130S031140.807709E031642.254343_scanAz_slow.dat,20.5325
results2411/20241130S031643.211548E032144.658854_scanAz_slow.dat,27.1304
results2411/20241130S032145.615779E032647.061027_scanAz_slow.dat,33.8658
results2411/20241130S032648.024039E033149.466607_scanAz_slow.dat,40.8855
results2411/20241130S033150.423551E033651.868647_scanAz_slow.dat,49.0572
results2411/20241130S033652.826795E034154.272887_scanAz_slow.dat,55.7869
results2411/20241130S034155.230991E034656.677272_scanAz_slow.dat,62.7257
results2411/20241130S034657.634235E035159.078637_scanAz_slow.dat,69.5577
results2411/20241130S035200.038452E035635.561801_scanAz_slow.dat,76.6867
read results2411/20241130_050134_scanAz_slow.txt,0.0084
results2411/20241130S050135.756428E050637.301597_scanAz_slow.dat,7.1495
results2411/20241130S050638.262216E051139.702496_scanAz_slow.dat,13.9916
results2411/20241130S051140.663218E051642.110713_scanAz_slow.dat,21.2571
results2411/20241130S051643.067015E052144.514197_scanAz_slow.dat,28.5425
results2411/20241130S052145.469906E052646.914040_scanAz_slow.dat,35.3354
results2411/20241130S052647.875834E053149.318092_scanAz_slow.dat,42.5414
results2411/20241130S053150.279849E053651.724712_scanAz_slow.dat,48.8752
results2411/20241130S053652.686148E054154.127822_scanAz_slow.dat,56.7049
results2411/20241130S054155.089442E054656.530831_scanAz_slow.dat,63.6047
results2411/20241130S054657.492981E055158.935880_scanAz_slow.dat,70.4343
results2411/20241130S055159.898566E055635.417320_scanAz_slow.dat,77.4348
read results2411/20241130_060135_scanAz_slow.txt,0.0080
results2411/20241130S060136.569562E060638.118230_scanAz_slow.dat,7.5676
results2411/20241130S060639.072984E061140.517743_scanAz_slow.dat,14.1108
results2411/20241130S061141.479354E061642.921442_scanAz_slow.dat,20.9754
results2411/20241130S061643.883230E062145.327795_scanAz_slow.dat,28.1180
results2411/20241130S062146.289515E062647.733960_scanAz_slow.dat,34.5720
results2411/20241130S062648.690352E063150.138028_scanAz_slow.dat,40.9738
results2411/20241130S063151.094274E063652.537211_scanAz_slow.dat,48.0754
results2411/20241130S063653.499108E064154.943619_scanAz_slow.dat,54.9929
results2411/20241130S064155.905377E064657.346843_scanAz_slow.dat,62.1182
results2411/20241130S064658.310041E065159.750999_scanAz_slow.dat,69.7930
results2411/20241130S065200.713600E065636.233215_scanAz_slow.dat,77.0690
read results2411/20241130_070135_scanAz_slow.txt,0.0085
results2411/20241130S070136.378369E070637.923905_scanAz_slow.dat,7.2986
results2411/20241130S070638.884142E071140.329420_scanAz_slow.dat,13.6123
results2411/20241130S071141.285307E071642.730578_scanAz_slow.dat,19.8297
results2411/20241130S071643.692997E072145.137888_scanAz_slow.dat,26.7235
results2411/20241130S072146.094584E072647.537696_scanAz_slow.dat,33.4933
results2411/20241130S072648.500107E073149.942380_scanAz_slow.dat,39.9235
results2411/20241130S073150.904779E073652.347040_scanAz_slow.dat,46.7711
results2411/20241130S073653.308804E074154.752743_scanAz_slow.dat,53.9039
results2411/20241130S074155.709382E074657.156136_scanAz_slow.dat,60.9995
results2411/20241130S074658.113963E075159.557466_scanAz_slow.dat,67.8375
results2411/20241130S075200.519635E075636.041072_scanAz_slow.dat,74.5538
read results2411/20241130_090135_scanAz_slow.txt,0.0082
results2411/20241130S090136.231711E090637.778263_scanAz_slow.dat,6.5041
results2411/20241130S090638.739752E091140.180741_scanAz_slow.dat,13.7707
results2411/20241130S091141.142896E091642.583952_scanAz_slow.dat,21.0055
results2411/20241130S091643.547338E092144.988536_scanAz_slow.dat,28.0153
results2411/20241130S092145.951597E092647.394306_scanAz_slow.dat,35.4246
results2411/20241130S092648.352845E093149.795646_scanAz_slow.dat,42.8681
results2411/20241130S093150.758641E093652.199568_scanAz_slow.dat,49.7580
results2411/20241130S093653.163090E094154.607378_scanAz_slow.dat,56.7003
results2411/20241130S094155.564677E094657.011623_scanAz_slow.dat,63.6030
results2411/20241130S094657.969465E095159.415914_scanAz_slow.dat,70.9051
results2411/20241130S095200.374392E095635.894730_scanAz_slow.dat,77.9288
read results2411/20241130_100134_scanAz_slow.txt,0.0087
results2411/20241130S100136.049674E100637.587344_scanAz_slow.dat,6.3841
results2411/20241130S100638.543353E101139.991596_scanAz_slow.dat,13.7241
results2411/20241130S101140.949034E101642.393785_scanAz_slow.dat,20.5840
results2411/20241130S101643.351643E102144.799602_scanAz_slow.dat,27.5798
results2411/20241130S102145.757704E102647.202854_scanAz_slow.dat,35.0426
results2411/20241130S102648.159800E103149.603321_scanAz_slow.dat,41.8428
results2411/20241130S103150.568693E103652.007694_scanAz_slow.dat,48.8880
results2411/20241130S103652.972733E104154.413606_scanAz_slow.dat,56.6048
results2411/20241130S104155.371169E104656.819768_scanAz_slow.dat,64.1400
results2411/20241130S104657.776977E105159.220178_scanAz_slow.dat,71.5183
results2411/20241130S105200.183771E105635.704303_scanAz_slow.dat,78.9646
read results2411/20241130_110134_scanAz_slow.txt,0.0078
results2411/20241130S110135.855672E110637.395736_scanAz_slow.dat,7.1925
results2411/20241130S110638.351965E111139.796101_scanAz_slow.dat,14.0242
results2411/20241130S111140.759105E111642.200163_scanAz_slow.dat,20.4303
results2411/20241130S111643.163517E112144.606652_scanAz_slow.dat,26.7063
results2411/20241130S112145.563924E112647.009775_scanAz_slow.dat,33.2764
results2411/20241130S112647.967662E113149.411147_scanAz_slow.dat,40.8174
results2411/20241130S113150.375462E113651.818219_scanAz_slow.dat,48.2962
results2411/20241130S113652.775776E114154.220323_scanAz_slow.dat,55.2430
results2411/20241130S114155.183364E114656.628087_scanAz_slow.dat,61.6493
results2411/20241130S114657.584956E115159.029578_scanAz_slow.dat,68.7752
results2411/20241130S115159.992263E115635.512485_scanAz_slow.dat,75.1647
read results2411/20241130_130134_scanAz_slow.txt,0.0083
results2411/20241130S130135.705257E130637.247616_scanAz_slow.dat,6.6270
results2411/20241130S130638.208090E131139.653721_scanAz_slow.dat,13.9805
results2411/20241130S131140.614497E131642.059331_scanAz_slow.dat,20.9376
results2411/20241130S131643.016815E132144.461656_scanAz_slow.dat,28.5426
results2411/20241130S132145.423127E132646.867337_scanAz_slow.dat,36.1402
results2411/20241130S132647.823979E133149.268077_scanAz_slow.dat,43.3651
results2411/20241130S133150.229875E133651.675243_scanAz_slow.dat,50.4597
results2411/20241130S133652.632139E134154.077579_scanAz_slow.dat,56.9058
results2411/20241130S134155.039467E134656.481127_scanAz_slow.dat,64.0727
results2411/20241130S134657.438161E135158.887066_scanAz_slow.dat,71.2524
results2411/20241130S135159.844362E135635.365655_scanAz_slow.dat,78.0237
read results2411/20241130_140135_scanAz_slow.txt,0.0084
results2411/20241130S140136.519988E140638.062534_scanAz_slow.dat,6.6768
results2411/20241130S140639.022668E141140.466016_scanAz_slow.dat,13.8401
results2411/20241130S141141.427945E141642.875005_scanAz_slow.dat,20.9343
results2411/20241130S141643.831666E142145.274871_scanAz_slow.dat,28.1988
results2411/20241130S142146.237347E142647.680280_scanAz_slow.dat,34.6656
results2411/20241130S142648.642338E143150.082870_scanAz_slow.dat,41.2906
results2411/20241130S143151.046142E143652.491591_scanAz_slow.dat,47.7696
results2411/20241130S143653.447837E144154.892569_scanAz_slow.dat,54.1992
results2411/20241130S144155.854372E144657.294853_scanAz_slow.dat,60.9876
results2411/20241130S144658.257578E145159.699755_scanAz_slow.dat,67.5938
results2411/20241130S145200.662575E145636.183662_scanAz_slow.dat,73.8817
read results2411/20241130_150135_scanAz_slow.txt,0.0068
results2411/20241130S150136.348688E150637.918446_scanAz_slow.dat,6.7074
results2411/20241130S150638.878324E151140.326043_scanAz_slow.dat,13.2664
results2411/20241130S151141.283356E151642.727527_scanAz_slow.dat,20.5762
results2411/20241130S151643.689278E152145.133473_scanAz_slow.dat,28.2897
results2411/20241130S152146.095344E152647.538081_scanAz_slow.dat,35.5620
results2411/20241130S152648.494649E153149.938490_scanAz_slow.dat,42.7216
results2411/20241130S153150.900553E153652.346075_scanAz_slow.dat,49.4898
results2411/20241130S153653.307572E154154.750464_scanAz_slow.dat,56.2882
results2411/20241130S154155.706197E154657.154306_scanAz_slow.dat,63.4417
results2411/20241130S154658.110739E155159.557165_scanAz_slow.dat,69.8899
results2411/20241130S155200.518723E155636.037745_scanAz_slow.dat,77.1521
read results2411/20241130_170135_scanAz_slow.txt,0.0092
results2411/20241130S170136.152834E170637.728562_scanAz_slow.dat,6.6192
results2411/20241130S170638.690080E171140.132504_scanAz_slow.dat,13.8928
results2411/20241130S171141.088593E171642.537806_scanAz_slow.dat,20.7585
results2411/20241130S171643.496048E172144.938823_scanAz_slow.dat,27.7203
results2411/20241130S172145.896397E172647.345019_scanAz_slow.dat,34.3794
results2411/20241130S172648.303093E173149.745350_scanAz_slow.dat,40.4884
results2411/20241130S173150.709268E173652.154218_scanAz_slow.dat,46.1041
results2411/20241130S173653.112363E174154.557866_scanAz_slow.dat,53.6694
results2411/20241130S174155.515766E174656.960873_scanAz_slow.dat,61.2715
results2411/20241130S174657.918677E175159.363435_scanAz_slow.dat,68.7923
results2411/20241130S175200.320728E175635.845800_scanAz_slow.dat,75.5128
read results2411/20241130_180134_scanAz_slow.txt,0.0085
results2411/20241130S180135.941133E180637.487726_scanAz_slow.dat,7.0237
results2411/20241130S180638.449520E181139.890201_scanAz_slow.dat,12.9728
results2411/20241130S181140.852059E181642.296843_scanAz_slow.dat,20.3125
results2411/20241130S181643.256818E182144.700426_scanAz_slow.dat,26.9712
results2411/20241130S182145.657311E182647.105138_scanAz_slow.dat,33.7182
results2411/20241130S182648.062368E183149.509156_scanAz_slow.dat,40.2935
results2411/20241130S183150.467640E183651.909582_scanAz_slow.dat,46.8254
results2411/20241130S183652.874013E184154.314888_scanAz_slow.dat,54.0346
results2411/20241130S184155.272490E184656.718337_scanAz_slow.dat,60.9183
results2411/20241130S184657.681349E185159.120592_scanAz_slow.dat,67.6931
results2411/20241130S185200.083637E185635.606224_scanAz_slow.dat,74.8795
read results2411/20241130_190134_scanAz_slow.txt,0.0083
results2411/20241130S190135.752966E190637.344792_scanAz_slow.dat,7.2639
results2411/20241130S190638.300555E191139.748124_scanAz_slow.dat,14.1869
results2411/20241130S191140.709958E191642.150222_scanAz_slow.dat,20.6852
results2411/20241130S191643.114126E192144.553441_scanAz_slow.dat,27.1663
results2411/20241130S192145.516088E192646.958849_scanAz_slow.dat,34.5999
results2411/20241130S192647.917018E193149.364996_scanAz_slow.dat,41.8323
results2411/20241130S193150.322282E193651.769384_scanAz_slow.dat,48.2492
results2411/20241130S193652.726324E194154.171920_scanAz_slow.dat,55.5571
results2411/20241130S194155.129129E194656.576607_scanAz_slow.dat,62.6110
results2411/20241130S194657.534762E195158.980362_scanAz_slow.dat,70.2487
results2411/20241130S195159.937610E195635.460038_scanAz_slow.dat,77.4224
read results2411/20241130_210134_scanAz_slow.txt,0.0087
results2411/20241130S210135.565773E210637.104430_scanAz_slow.dat,7.4528
results2411/20241130S210638.059594E211139.507523_scanAz_slow.dat,15.4073
results2411/20241130S211140.468826E211641.910198_scanAz_slow.dat,22.3279
results2411/20241130S211642.872005E212144.311480_scanAz_slow.dat,29.4417
results2411/20241130S212145.273194E212646.718460_scanAz_slow.dat,35.8694
results2411/20241130S212647.679951E213149.124211_scanAz_slow.dat,42.6313
results2411/20241130S213150.080267E213651.527551_scanAz_slow.dat,49.1584
results2411/20241130S213652.483579E214153.929118_scanAz_slow.dat,55.6928
results2411/20241130S214154.891336E214656.332257_scanAz_slow.dat,62.3776
results2411/20241130S214657.294104E215158.737155_scanAz_slow.dat,68.7372
results2411/20241130S215159.699600E215635.218487_scanAz_slow.dat,75.2443
read results2411/20241130_220135_scanAz_slow.txt,0.0083
results2411/20241130S220136.372183E220637.916762_scanAz_slow.dat,7.4196
results2411/20241130S220638.877709E221140.322900_scanAz_slow.dat,13.9053
results2411/20241130S221141.279870E221642.726788_scanAz_slow.dat,20.7760
results2411/20241130S221643.684454E222145.129864_scanAz_slow.dat,27.5466
results2411/20241130S222146.091731E222647.530625_scanAz_slow.dat,34.3016
results2411/20241130S222648.492752E223149.939210_scanAz_slow.dat,41.6678
results2411/20241130S223150.895783E223652.342441_scanAz_slow.dat,49.5088
results2411/20241130S223653.299339E224154.744054_scanAz_slow.dat,56.1612
results2411/20241130S224155.706429E224657.146496_scanAz_slow.dat,64.0131
results2411/20241130S224658.108857E225159.554400_scanAz_slow.dat,71.4249
results2411/20241130S225200.511475E225636.034654_scanAz_slow.dat,77.9171

Total time taken: 213460.2882 seconds
